name,LOC,CBO,LCOM,NOM,RFC,WMC,ACS,Ownership,numOfChanges,numberOfFIChanges,ENH,NF,BugFixing,REF,structuralWorkloadSum,semanticWorkloadSum,numberOfDeveloper,pastFaults,MAF,isBuggy
components/jetspeed-capability/src/test/java/org/apache/jetspeed/capabilities/TestCapability.java,330.0,7.0,64.0,17.0,131.0,54.0,0.0,taylor@13f79535-47bb-0310-9956-ffa450edef68,0,0.0,0.0,0.0,0.0,0.0,0.0,0.0,0,2,0.0,false
components/jetspeed-cm/src/main/java/org/apache/jetspeed/cache/impl/EhCacheDistributedImpl.java,123.0,14.0,201.0,22.0,45.0,60.0,0.0,woonsan@13f79535-47bb-0310-9956-ffa450edef68,0,0.0,0.0,0.0,0.0,0.0,0.0,0.0,0,0,0.0,false
components/jetspeed-cm/src/main/java/org/apache/jetspeed/cache/impl/EhPortletWindowCache.java,36.0,11.0,21.0,7.0,7.0,10.0,1.0,taylor@13f79535-47bb-0310-9956-ffa450edef68,1,0.029411764705882353,40.0,0.0,0.0,0.0,331.89473684210526,1168.8729564376824,1,0,0.5753641449035618,false
components/jetspeed-cm/src/main/java/org/apache/jetspeed/cache/impl/JetspeedCacheKeyGenerator.java,33.0,4.0,7.0,6.0,3.0,11.0,0.0,ate@13f79535-47bb-0310-9956-ffa450edef68,0,0.0,0.0,0.0,0.0,0.0,0.0,0.0,0,0,0.0,false
components/jetspeed-cm/src/main/java/org/apache/jetspeed/components/JetspeedBeanDefinitionFilter.java,170.0,15.0,30.0,13.0,42.0,38.0,0.0,ate@13f79535-47bb-0310-9956-ffa450edef68,0,0.0,0.0,0.0,0.0,0.0,0.0,0.0,0,0,0.0,false
components/jetspeed-cm/src/main/java/org/apache/jetspeed/components/SpringComponentManager.java,150.0,12.0,10.0,13.0,27.0,31.0,0.0,ate@13f79535-47bb-0310-9956-ffa450edef68,0,0.0,0.0,0.0,0.0,0.0,0.0,0.0,0,2,0.0,true
components/jetspeed-cm/src/main/java/org/apache/jetspeed/components/factorybeans/NullReferenceFactoryBean.java,18.0,1.0,6.0,4.0,0.0,8.0,0.0,ate@13f79535-47bb-0310-9956-ffa450edef68,0,0.0,0.0,0.0,0.0,0.0,0.0,0.0,0,1,0.0,false
components/jetspeed-cm/src/main/java/org/apache/jetspeed/components/test/AbstractSpringTestCase.java,40.0,5.0,19.0,7.0,8.0,15.0,0.0,ate@13f79535-47bb-0310-9956-ffa450edef68,0,0.0,0.0,0.0,0.0,0.0,0.0,0.0,0,3,0.0,false
components/jetspeed-cm/src/main/java/org/apache/jetspeed/components/util/CommonsLogToolsLogger.java,64.0,2.0,0.0,19.0,30.0,25.0,0.0,ate@13f79535-47bb-0310-9956-ffa450edef68,0,0.0,0.0,0.0,0.0,0.0,0.0,0.0,0,0,0.0,false
components/jetspeed-cm/src/main/java/org/apache/jetspeed/components/util/CommonsToolsLogger.java,58.0,2.0,0.0,17.0,18.0,21.0,0.0,ate@13f79535-47bb-0310-9956-ffa450edef68,0,0.0,0.0,0.0,0.0,0.0,0.0,0.0,0,0,0.0,false
components/jetspeed-cm/src/main/java/org/apache/jetspeed/components/util/ConfigurationProperties.java,49.0,7.0,0.0,4.0,9.0,7.0,0.0,ate@13f79535-47bb-0310-9956-ffa450edef68,0,0.0,0.0,0.0,0.0,0.0,0.0,0.0,0,1,0.0,false
components/jetspeed-db-tools/src/main/java/org/apache/jetspeed/tools/db/serializer/JetspeedSerializerApplicationImpl.java,169.0,17.0,1.0,7.0,38.0,26.0,17.0,ate@13f79535-47bb-0310-9956-ffa450edef68,1,0.029411764705882353,9.0,9.0,0.0,9.0,331.89473684210526,1168.8729564376824,1,1,0.5753641449035618,false
components/jetspeed-db-tools/src/main/java/org/apache/jetspeed/tools/page/serializer/JetspeedPageSerializerApplicationImpl.java,121.0,15.0,0.0,4.0,19.0,18.0,0.0,taylor@13f79535-47bb-0310-9956-ffa450edef68,0,0.0,0.0,0.0,0.0,0.0,0.0,0.0,0,0,0.0,false
components/jetspeed-db-tools/src/test/java/org/apache/jetspeed/tools/db/serializer/TestJetspeedSerializerApplication.java,11.0,3.0,0.0,1.0,3.0,2.0,0.0,ate@13f79535-47bb-0310-9956-ffa450edef68,0,0.0,0.0,0.0,0.0,0.0,0.0,0.0,0,0,0.0,false
components/jetspeed-db-tools/src/test/java/org/apache/jetspeed/tools/page/serializer/TestJetspeedPageSerializerApplication.java,17.0,7.0,0.0,1.0,6.0,2.0,0.0,ate@13f79535-47bb-0310-9956-ffa450edef68,0,0.0,0.0,0.0,0.0,0.0,0.0,0.0,0,0,0.0,false
components/jetspeed-deploy-tools/src/main/java/org/apache/jetspeed/tools/deploy/JetspeedDeploy.java,219.0,17.0,28.0,8.0,46.0,34.0,1.0,ate@13f79535-47bb-0310-9956-ffa450edef68,1,0.029411764705882353,11.0,0.0,0.0,0.0,190.0,443.80283205634373,1,0,0.9808292530117262,false
components/jetspeed-deploy-tools/src/main/java/org/apache/jetspeed/tools/deploy/JetspeedDeployFactory.java,33.0,0.0,3.0,3.0,0.0,8.0,0.0,ate@13f79535-47bb-0310-9956-ffa450edef68,0,0.0,0.0,0.0,0.0,0.0,0.0,0.0,0,0,0.0,false
components/jetspeed-file-cache/src/test/java/org/apache/jetspeed/cache/file/TestFileCache.java,118.0,10.0,35.0,10.0,49.0,24.0,0.0,ate@13f79535-47bb-0310-9956-ffa450edef68,0,0.0,0.0,0.0,0.0,0.0,0.0,0.0,0,1,0.0,false
components/jetspeed-layout-portlets/src/main/java/org/apache/jetspeed/portlets/layout/LayoutPortlet.java,529.0,36.0,106.0,21.0,132.0,77.0,0.0,ate@13f79535-47bb-0310-9956-ffa450edef68,0,0.0,0.0,0.0,0.0,0.0,0.0,0.0,0,0,0.0,false
components/jetspeed-layout-portlets/src/main/java/org/apache/jetspeed/portlets/layout/MultiColumnPortlet.java,748.0,31.0,20.0,8.0,124.0,40.0,0.0,ate@13f79535-47bb-0310-9956-ffa450edef68,0,0.0,0.0,0.0,0.0,0.0,0.0,0.0,0,0,0.0,false
components/jetspeed-layout-portlets/src/test/java/org/apache/jetspeed/portlets/layout/TestColumnLayout.java,350.0,5.0,0.0,12.0,131.0,28.0,0.0,taylor@13f79535-47bb-0310-9956-ffa450edef68,0,0.0,0.0,0.0,0.0,0.0,0.0,0.0,0,0,0.0,false
components/jetspeed-page-manager/src/main/java/org/apache/jetspeed/om/folder/impl/FolderImpl.java,572.0,35.0,1275.0,54.0,111.0,176.0,1.0,rwatler@13f79535-47bb-0310-9956-ffa450edef68,1,0.029411764705882353,10.0,0.0,0.0,0.0,331.89473684210526,1168.8729564376824,1,0,0.5753641449035618,false
components/jetspeed-page-manager/src/main/java/org/apache/jetspeed/om/page/ContentFragmentImpl.java,336.0,13.0,0.0,62.0,65.0,111.0,0.0,taylor@13f79535-47bb-0310-9956-ffa450edef68,0,0.0,0.0,0.0,0.0,0.0,0.0,0.0,0,0,0.0,false
components/jetspeed-page-manager/src/main/java/org/apache/jetspeed/page/PageSerializerImpl.java,197.0,8.0,40.0,12.0,37.0,37.0,0.0,rwatler@13f79535-47bb-0310-9956-ffa450edef68,0,0.0,0.0,0.0,0.0,0.0,0.0,0.0,0,0,0.0,false
components/jetspeed-page-manager/src/main/java/org/apache/jetspeed/page/document/psml/CastorFileSystemDocumentHandler.java,449.0,50.0,648.0,40.0,146.0,114.0,0.0,rwatler@13f79535-47bb-0310-9956-ffa450edef68,0,0.0,0.0,0.0,0.0,0.0,0.0,0.0,0,0,0.0,false
components/jetspeed-page-manager/src/main/java/org/apache/jetspeed/page/impl/DatabasePageManager.java,949.0,72.0,889.0,74.0,283.0,235.0,17.0,rwatler@13f79535-47bb-0310-9956-ffa450edef68,1,0.029411764705882353,4.0,4.0,0.0,4.0,331.89473684210526,1168.8729564376824,1,1,0.5753641449035618,false
components/jetspeed-page-manager/src/test/java/org/apache/jetspeed/page/DirectoryXMLTransform.java,125.0,20.0,13.0,6.0,33.0,25.0,0.0,rwatler@13f79535-47bb-0310-9956-ffa450edef68,0,0.0,0.0,0.0,0.0,0.0,0.0,0.0,0,0,0.0,false
components/jetspeed-portal/src/main/java/org/apache/jetspeed/aggregator/impl/AsyncPageAggregatorImpl.java,127.0,19.0,0.0,4.0,48.0,17.0,0.0,ate@13f79535-47bb-0310-9956-ffa450edef68,0,0.0,0.0,0.0,0.0,0.0,0.0,0.0,0,0,0.0,false
components/jetspeed-portal/src/main/java/org/apache/jetspeed/aggregator/impl/BaseAggregatorImpl.java,23.0,4.0,0.0,1.0,11.0,4.0,0.0,ate@13f79535-47bb-0310-9956-ffa450edef68,0,0.0,0.0,0.0,0.0,0.0,0.0,0.0,0,0,0.0,false
components/jetspeed-portal/src/main/java/org/apache/jetspeed/aggregator/impl/PageAggregatorImpl.java,84.0,15.0,0.0,4.0,33.0,16.0,0.0,taylor@13f79535-47bb-0310-9956-ffa450edef68,0,0.0,0.0,0.0,0.0,0.0,0.0,0.0,0,0,0.0,false
components/jetspeed-portal/src/main/java/org/apache/jetspeed/aggregator/impl/PortletAggregatorImpl.java,40.0,11.0,0.0,2.0,14.0,5.0,0.0,woonsan@13f79535-47bb-0310-9956-ffa450edef68,0,0.0,0.0,0.0,0.0,0.0,0.0,0.0,0,0,0.0,true
components/jetspeed-portal/src/main/java/org/apache/jetspeed/aggregator/impl/PortletContentImpl.java,84.0,5.0,109.0,19.0,14.0,31.0,0.0,woonsan@13f79535-47bb-0310-9956-ffa450edef68,0,0.0,0.0,0.0,0.0,0.0,0.0,0.0,0,0,0.0,false
components/jetspeed-portal/src/main/java/org/apache/jetspeed/capabilities/impl/CapabilityCustomizerValveImpl.java,35.0,11.0,4.0,4.0,8.0,10.0,0.0,ate@13f79535-47bb-0310-9956-ffa450edef68,0,0.0,0.0,0.0,0.0,0.0,0.0,0.0,0,0,0.0,false
components/jetspeed-portal/src/main/java/org/apache/jetspeed/container/ContainerValve.java,52.0,9.0,1.0,2.0,19.0,9.0,0.0,taylor@13f79535-47bb-0310-9956-ffa450edef68,0,0.0,0.0,0.0,0.0,0.0,0.0,0.0,0,0,0.0,false
components/jetspeed-portal/src/main/java/org/apache/jetspeed/container/window/impl/PortletWindowAccessorImpl.java,194.0,24.0,118.0,21.0,70.0,59.0,0.0,ate@13f79535-47bb-0310-9956-ffa450edef68,0,0.0,0.0,0.0,0.0,0.0,0.0,0.0,0,0,0.0,false
components/jetspeed-portal/src/main/java/org/apache/jetspeed/decoration/AbstractDecoratorActionsFactory.java,132.0,15.0,37.0,11.0,39.0,28.0,0.0,taylor@13f79535-47bb-0310-9956-ffa450edef68,0,0.0,0.0,0.0,0.0,0.0,0.0,0.0,0,0,0.0,false
components/jetspeed-portal/src/main/java/org/apache/jetspeed/decoration/DecorationValve.java,420.0,33.0,212.0,25.0,136.0,71.0,0.0,ate@13f79535-47bb-0310-9956-ffa450edef68,0,0.0,0.0,0.0,0.0,0.0,0.0,0.0,0,0,0.0,false
components/jetspeed-portal/src/main/java/org/apache/jetspeed/deployment/impl/DeployPortletAppEventListener.java,169.0,17.0,19.0,10.0,54.0,37.0,1.0,ate@13f79535-47bb-0310-9956-ffa450edef68,1,0.029411764705882353,20.0,0.0,20.0,0.0,190.0,443.80283205634373,1,0,0.9808292530117262,false
components/jetspeed-portal/src/main/java/org/apache/jetspeed/engine/JetspeedServlet.java,232.0,38.0,14.0,8.0,59.0,27.0,1.0,ate@13f79535-47bb-0310-9956-ffa450edef68,1,0.029411764705882353,6.0,0.0,6.0,0.0,190.0,443.80283205634373,1,2,0.9808292530117262,false
components/jetspeed-portal/src/main/java/org/apache/jetspeed/engine/servlet/ServletHelper.java,64.0,5.0,3.0,3.0,12.0,16.0,0.0,ate@13f79535-47bb-0310-9956-ffa450edef68,0,0.0,0.0,0.0,0.0,0.0,0.0,0.0,0,1,0.0,false
components/jetspeed-portal/src/main/java/org/apache/jetspeed/engine/servlet/ServletRequestImpl.java,468.0,35.0,407.0,39.0,117.0,115.0,0.0,ate@13f79535-47bb-0310-9956-ffa450edef68,0,0.0,0.0,0.0,0.0,0.0,0.0,0.0,0,0,0.0,false
components/jetspeed-portal/src/main/java/org/apache/jetspeed/healthcheck/validators/DataSourcesValidationBean.java,33.0,1.0,0.0,3.0,0.0,7.0,8.0,ate@13f79535-47bb-0310-9956-ffa450edef68,1,0.029411764705882353,100.0,100.0,0.0,0.0,190.0,443.80283205634373,1,0,0.9808292530117262,false
components/jetspeed-portal/src/main/java/org/apache/jetspeed/healthcheck/validators/DatasourceAvailableHealthCheckValidator.java,129.0,10.0,2.0,5.0,22.0,17.0,8.0,ate@13f79535-47bb-0310-9956-ffa450edef68,1,0.029411764705882353,50.0,50.0,0.0,0.0,190.0,443.80283205634373,1,0,0.9808292530117262,false
components/jetspeed-portal/src/main/java/org/apache/jetspeed/healthcheck/validators/HealthCheckValidator.java,23.0,1.0,3.0,3.0,0.0,8.0,8.0,ate@13f79535-47bb-0310-9956-ffa450edef68,1,0.029411764705882353,100.0,100.0,0.0,0.0,190.0,443.80283205634373,1,0,0.9808292530117262,false
components/jetspeed-portal/src/main/java/org/apache/jetspeed/healthcheck/validators/HealthCheckValidatorResult.java,59.0,0.0,0.0,6.0,0.0,12.0,8.0,ate@13f79535-47bb-0310-9956-ffa450edef68,1,0.029411764705882353,100.0,100.0,0.0,0.0,190.0,443.80283205634373,1,0,0.9808292530117262,false
components/jetspeed-portal/src/main/java/org/apache/jetspeed/healthcheck/validators/PortletApplicationAvailableHeathCheckValidator.java,90.0,7.0,0.0,4.0,13.0,13.0,8.0,taylor@13f79535-47bb-0310-9956-ffa450edef68,1,0.029411764705882353,25.0,25.0,0.0,0.0,190.0,443.80283205634373,1,0,0.9808292530117262,false
components/jetspeed-portal/src/main/java/org/apache/jetspeed/layout/impl/BasePortletAction.java,100.0,12.0,82.0,17.0,19.0,42.0,0.0,ate@13f79535-47bb-0310-9956-ffa450edef68,0,0.0,0.0,0.0,0.0,0.0,0.0,0.0,0,0,0.0,false
components/jetspeed-portal/src/main/java/org/apache/jetspeed/layout/impl/BaseUserAction.java,125.0,12.0,73.0,15.0,22.0,41.0,0.0,ate@13f79535-47bb-0310-9956-ffa450edef68,0,0.0,0.0,0.0,0.0,0.0,0.0,0.0,0,0,0.0,false
components/jetspeed-portal/src/main/java/org/apache/jetspeed/layout/impl/ExportJetspeedSchema.java,115.0,12.0,3.0,6.0,29.0,21.0,0.0,ate@13f79535-47bb-0310-9956-ffa450edef68,0,0.0,0.0,0.0,0.0,0.0,0.0,0.0,0,2,0.0,false
components/jetspeed-portal/src/main/java/org/apache/jetspeed/layout/impl/GetPageAction.java,152.0,24.0,0.0,4.0,45.0,21.0,0.0,ate@13f79535-47bb-0310-9956-ffa450edef68,0,0.0,0.0,0.0,0.0,0.0,0.0,0.0,0,0,0.0,false
components/jetspeed-portal/src/main/java/org/apache/jetspeed/layout/impl/GetUserInformationAction.java,55.0,18.0,1.0,2.0,18.0,10.0,0.0,ate@13f79535-47bb-0310-9956-ffa450edef68,0,0.0,0.0,0.0,0.0,0.0,0.0,0.0,0,0,0.0,false
components/jetspeed-portal/src/main/java/org/apache/jetspeed/layout/impl/MovePortletAction.java,344.0,18.0,26.0,13.0,70.0,49.0,0.0,rwatler@13f79535-47bb-0310-9956-ffa450edef68,0,0.0,0.0,0.0,0.0,0.0,0.0,0.0,0,0,0.0,false
components/jetspeed-portal/src/main/java/org/apache/jetspeed/layout/impl/PortletPlacementContextImpl.java,549.0,16.0,355.0,34.0,132.0,127.0,1.0,taylor@13f79535-47bb-0310-9956-ffa450edef68,1,0.029411764705882353,11.0,0.0,0.0,0.0,331.89473684210526,1168.8729564376824,1,0,0.5753641449035618,false
components/jetspeed-portal/src/main/java/org/apache/jetspeed/pipeline/valve/HealthCheckValve.java,114.0,13.0,0.0,2.0,19.0,9.0,8.0,ate@13f79535-47bb-0310-9956-ffa450edef68,1,0.029411764705882353,50.0,50.0,0.0,0.0,190.0,443.80283205634373,1,0,0.9808292530117262,false
components/jetspeed-portal/src/main/java/org/apache/jetspeed/pipeline/valve/impl/CleanupValveImpl.java,71.0,13.0,4.0,5.0,25.0,13.0,1.0,taylor@13f79535-47bb-0310-9956-ffa450edef68,1,0.029411764705882353,25.0,25.0,25.0,0.0,331.89473684210526,1168.8729564376824,1,0,0.5753641449035618,false
components/jetspeed-portal/src/main/java/org/apache/jetspeed/security/impl/shibboleth/ShibbolethConfiguration.java,20.0,3.0,0.0,4.0,1.0,7.0,3.0,taylor@13f79535-47bb-0310-9956-ffa450edef68,1,0.029411764705882353,100.0,0.0,0.0,0.0,331.89473684210526,1168.8729564376824,1,0,0.5753641449035618,false
components/jetspeed-portal/src/main/java/org/apache/jetspeed/security/impl/shibboleth/ShibbolethPortalFilter.java,106.0,26.0,6.0,4.0,25.0,12.0,3.0,taylor@13f79535-47bb-0310-9956-ffa450edef68,1,0.029411764705882353,10.0,0.0,0.0,0.0,331.89473684210526,1168.8729564376824,1,0,0.5753641449035618,false
components/jetspeed-portal/src/main/java/org/apache/jetspeed/tools/pamanager/PortletApplicationManager.java,721.0,32.0,250.0,28.0,148.0,88.0,0.0,ate@13f79535-47bb-0310-9956-ffa450edef68,0,0.0,0.0,0.0,0.0,0.0,0.0,0.0,0,1,0.0,false
components/jetspeed-portal/src/main/java/org/apache/jetspeed/tools/pamanager/VersionedPortletApplicationManager.java,73.0,18.0,15.0,6.0,19.0,14.0,0.0,taylor@13f79535-47bb-0310-9956-ffa450edef68,0,0.0,0.0,0.0,0.0,0.0,0.0,0.0,0,0,0.0,false
components/jetspeed-portal/src/test/java/org/apache/jetspeed/testhelpers/SpringEngineHelper.java,33.0,14.0,2.0,4.0,10.0,7.0,0.0,ate@13f79535-47bb-0310-9956-ffa450edef68,0,0.0,0.0,0.0,0.0,0.0,0.0,0.0,0,1,0.0,false
components/jetspeed-portal/src/test/java/org/apache/jetspeed/userinfo/TestUserInfoManager.java,144.0,20.0,47.0,11.0,36.0,27.0,0.0,ate@13f79535-47bb-0310-9956-ffa450edef68,0,0.0,0.0,0.0,0.0,0.0,0.0,0.0,0,2,0.0,false
components/jetspeed-prefs/src/main/java/org/apache/jetspeed/prefs/impl/NodeImplProxy.java,94.0,3.0,282.0,25.0,41.0,42.0,2.0,taylor@13f79535-47bb-0310-9956-ffa450edef68,1,0.029411764705882353,33.0,0.0,0.0,0.0,331.89473684210526,1168.8729564376824,1,0,0.5753641449035618,false
components/jetspeed-prefs/src/main/java/org/apache/jetspeed/prefs/impl/PreferencesImpl.java,192.0,15.0,0.0,12.0,65.0,44.0,1.0,taylor@13f79535-47bb-0310-9956-ffa450edef68,2,0.058823529411764705,50.0,0.0,0.0,0.0,521.8947368421052,1612.6757884940262,2,1,0.07400501264480375,false
components/jetspeed-profiler/src/main/java/org/apache/jetspeed/profiler/rules/impl/RuleCriterionImpl.java,77.0,1.0,59.0,15.0,9.0,24.0,0.0,ate@13f79535-47bb-0310-9956-ffa450edef68,0,0.0,0.0,0.0,0.0,0.0,0.0,0.0,0,1,0.0,false
components/jetspeed-profiler/src/main/java/org/apache/jetspeed/serializer/JetspeedProfilerSerializer.java,258.0,26.0,36.0,12.0,126.0,52.0,0.0,ate@13f79535-47bb-0310-9956-ffa450edef68,0,0.0,0.0,0.0,0.0,0.0,0.0,0.0,0,0,0.0,false
components/jetspeed-rdbms/src/main/java/org/apache/jetspeed/components/jndi/DebuggingDataSourceJndiObjectFactoryBean.java,413.0,20.0,44.0,12.0,38.0,37.0,0.0,taylor@13f79535-47bb-0310-9956-ffa450edef68,0,0.0,0.0,0.0,0.0,0.0,0.0,0.0,0,0,0.0,false
components/jetspeed-rdbms/src/main/java/org/apache/jetspeed/components/util/DatasourceEnabledSpringTestCase.java,29.0,2.0,4.0,4.0,2.0,8.0,0.0,ate@13f79535-47bb-0310-9956-ffa450edef68,0,0.0,0.0,0.0,0.0,0.0,0.0,0.0,0,2,0.0,false
components/jetspeed-registry/src/main/java/org/apache/jetspeed/components/portletentity/PersistenceBrokerPortletEntityAccess.java,251.0,26.0,232.0,24.0,77.0,64.0,0.0,ate@13f79535-47bb-0310-9956-ffa450edef68,0,0.0,0.0,0.0,0.0,0.0,0.0,0.0,0,0,0.0,false
components/jetspeed-registry/src/main/java/org/apache/jetspeed/components/portletentity/PortletEntityImpl.java,407.0,42.0,422.0,33.0,103.0,93.0,2.0,ate@13f79535-47bb-0310-9956-ffa450edef68,1,0.029411764705882353,11.0,0.0,11.0,0.0,331.89473684210526,1168.8729564376824,1,1,0.5753641449035618,false
components/jetspeed-registry/src/main/java/org/apache/jetspeed/components/util/RegistrySupportedTestCase.java,24.0,7.0,3.0,3.0,4.0,6.0,0.0,ate@13f79535-47bb-0310-9956-ffa450edef68,0,0.0,0.0,0.0,0.0,0.0,0.0,0.0,0,2,0.0,false
components/jetspeed-registry/src/main/java/org/apache/jetspeed/serializer/JetspeedRegistrySerializer.java,292.0,27.0,69.0,14.0,138.0,67.0,0.0,ate@13f79535-47bb-0310-9956-ffa450edef68,0,0.0,0.0,0.0,0.0,0.0,0.0,0.0,0,2,0.0,false
components/jetspeed-registry/src/test/java/org/apache/jetspeed/components/portletentity/ContentFragmentTestImpl.java,362.0,9.0,958.0,64.0,31.0,107.0,0.0,rwatler@13f79535-47bb-0310-9956-ffa450edef68,0,0.0,0.0,0.0,0.0,0.0,0.0,0.0,0,0,0.0,false
components/jetspeed-registry/src/test/java/org/apache/jetspeed/components/portletentity/TestPortletEntityDAO.java,161.0,23.0,1.0,7.0,71.0,19.0,2.0,taylor@13f79535-47bb-0310-9956-ffa450edef68,1,0.029411764705882353,12.0,0.0,12.0,0.0,331.89473684210526,1168.8729564376824,1,1,0.5753641449035618,false
components/jetspeed-security/src/main/java/org/apache/jetspeed/serializer/JetspeedSecuritySerializer.java,560.0,41.0,166.0,20.0,201.0,85.0,0.0,ate@13f79535-47bb-0310-9956-ffa450edef68,0,0.0,0.0,0.0,0.0,0.0,0.0,0.0,0,1,0.0,false
components/jetspeed-security/src/test/java/org/apache/jetspeed/security/spi/ldap/AbstractLdapTest.java,120.0,26.0,3.0,3.0,8.0,7.0,0.0,ate@13f79535-47bb-0310-9956-ffa450edef68,0,0.0,0.0,0.0,0.0,0.0,0.0,0.0,0,2,0.0,false
components/jetspeed-serializer/src/main/java/org/apache/jetspeed/serializer/JetspeedSerializerImpl.java,229.0,52.0,66.0,16.0,67.0,52.0,0.0,ate@13f79535-47bb-0310-9956-ffa450edef68,0,0.0,0.0,0.0,0.0,0.0,0.0,0.0,0,3,0.0,false
components/jetspeed-sso/src/main/java/org/apache/jetspeed/sso/impl/PersistenceBrokerSSOProvider.java,759.0,43.0,698.0,40.0,309.0,159.0,0.0,taylor@13f79535-47bb-0310-9956-ffa450edef68,0,0.0,0.0,0.0,0.0,0.0,0.0,0.0,0,0,0.0,false
jetspeed-api/src/main/java/org/apache/jetspeed/aggregator/PortletContent.java,57.0,2.0,55.0,11.0,0.0,21.0,0.0,woonsan@13f79535-47bb-0310-9956-ffa450edef68,0,0.0,0.0,0.0,0.0,0.0,0.0,0.0,0,0,0.0,false
jetspeed-api/src/main/java/org/apache/jetspeed/aggregator/WorkerMonitor.java,40.0,1.0,21.0,7.0,0.0,11.0,0.0,ate@13f79535-47bb-0310-9956-ffa450edef68,0,0.0,0.0,0.0,0.0,0.0,0.0,0.0,0,0,0.0,false
jetspeed-api/src/main/java/org/apache/jetspeed/components/portletentity/PortletEntityAccessComponent.java,83.0,9.0,120.0,16.0,0.0,29.0,0.0,taylor@13f79535-47bb-0310-9956-ffa450edef68,0,0.0,0.0,0.0,0.0,0.0,0.0,0.0,0,0,0.0,false
jetspeed-api/src/main/java/org/apache/jetspeed/container/window/PortletWindowAccessor.java,50.0,5.0,21.0,7.0,0.0,15.0,0.0,ate@13f79535-47bb-0310-9956-ffa450edef68,0,0.0,0.0,0.0,0.0,0.0,0.0,0.0,0,0,0.0,false
jetspeed-api/src/main/java/org/apache/jetspeed/engine/JetspeedEngineConstants.java,70.0,0.0,0.0,0.0,0.0,0.0,0.0,ate@13f79535-47bb-0310-9956-ffa450edef68,0,0.0,0.0,0.0,0.0,0.0,0.0,0.0,0,1,0.0,false
jetspeed-api/src/main/java/org/apache/jetspeed/om/page/ContentFragment.java,54.0,3.0,45.0,10.0,0.0,21.0,0.0,rwatler@13f79535-47bb-0310-9956-ffa450edef68,0,0.0,0.0,0.0,0.0,0.0,0.0,0.0,0,0,0.0,false
jetspeed-api/src/main/java/org/apache/jetspeed/page/JetspeedPageSerializerApplication.java,8.0,4.0,1.0,2.0,0.0,4.0,0.0,ate@13f79535-47bb-0310-9956-ffa450edef68,0,0.0,0.0,0.0,0.0,0.0,0.0,0.0,0,0,0.0,false
jetspeed-api/src/main/java/org/apache/jetspeed/page/PageSerializer.java,19.0,3.0,6.0,4.0,0.0,8.0,0.0,ate@13f79535-47bb-0310-9956-ffa450edef68,0,0.0,0.0,0.0,0.0,0.0,0.0,0.0,0,0,0.0,false
jetspeed-api/src/main/java/org/apache/jetspeed/serializer/JetspeedSerializer.java,76.0,2.0,28.0,8.0,0.0,20.0,17.0,ate@13f79535-47bb-0310-9956-ffa450edef68,1,0.029411764705882353,11.0,11.0,0.0,11.0,331.89473684210526,1168.8729564376824,1,3,0.5753641449035618,false
jetspeed-api/src/main/java/org/apache/jetspeed/serializer/JetspeedSerializerApplication.java,7.0,2.0,1.0,2.0,0.0,4.0,0.0,ate@13f79535-47bb-0310-9956-ffa450edef68,0,0.0,0.0,0.0,0.0,0.0,0.0,0.0,0,1,0.0,false
jetspeed-api/src/main/java/org/apache/jetspeed/serializer/SerializerException.java,86.0,2.0,6.0,4.0,0.0,4.0,0.0,ate@13f79535-47bb-0310-9956-ffa450edef68,0,0.0,0.0,0.0,0.0,0.0,0.0,0.0,0,1,0.0,false
jetspeed-api/src/main/java/org/apache/jetspeed/tools/ToolsLogger.java,86.0,0.0,120.0,16.0,0.0,28.0,0.0,ate@13f79535-47bb-0310-9956-ffa450edef68,0,0.0,0.0,0.0,0.0,0.0,0.0,0.0,0,0,0.0,false
jetspeed-api/src/main/java/org/apache/jetspeed/tools/deploy/DeployFactory.java,24.0,0.0,1.0,2.0,0.0,7.0,0.0,ate@13f79535-47bb-0310-9956-ffa450edef68,0,0.0,0.0,0.0,0.0,0.0,0.0,0.0,0,0,0.0,false
jetspeed-commons/src/main/java/org/apache/jetspeed/portlet/PortletObjectProxy.java,186.0,30.0,17.0,10.0,44.0,35.0,0.0,ate@13f79535-47bb-0310-9956-ffa450edef68,0,0.0,0.0,0.0,0.0,0.0,0.0,0.0,0,0,0.0,false
maven/jetspeed-db-maven-plugin/src/main/java/org/apache/jetspeed/maven/plugins/InitMojo.java,74.0,12.0,0.0,1.0,8.0,5.0,0.0,ate@13f79535-47bb-0310-9956-ffa450edef68,0,0.0,0.0,0.0,0.0,0.0,0.0,0.0,0,0,0.0,false
maven/jetspeed-deploy-maven-plugin/src/main/java/org/apache/jetspeed/maven/plugins/DeployMojo.java,422.0,26.0,45.0,10.0,92.0,42.0,1.0,ate@13f79535-47bb-0310-9956-ffa450edef68,1,0.029411764705882353,5.0,0.0,5.0,5.0,190.0,443.80283205634373,1,1,0.9808292530117262,false
maven/jetspeed-maven-utils/src/main/java/org/apache/jetspeed/maven/utils/MavenToolsLogger.java,57.0,2.0,0.0,17.0,16.0,21.0,0.0,ate@13f79535-47bb-0310-9956-ffa450edef68,0,0.0,0.0,0.0,0.0,0.0,0.0,0.0,0,0,0.0,false
maven/jetspeed-maven-utils/src/main/java/org/apache/jetspeed/maven/utils/PageSerializer.java,57.0,8.0,0.0,2.0,14.0,11.0,0.0,ate@13f79535-47bb-0310-9956-ffa450edef68,0,0.0,0.0,0.0,0.0,0.0,0.0,0.0,0,0,0.0,false
maven/jetspeed-maven-utils/src/main/java/org/apache/jetspeed/maven/utils/Serializer.java,57.0,9.0,0.0,2.0,14.0,13.0,0.0,ate@13f79535-47bb-0310-9956-ffa450edef68,0,0.0,0.0,0.0,0.0,0.0,0.0,0.0,0,1,0.0,false
maven/jetspeed-maven-utils/src/main/java/org/apache/jetspeed/maven/utils/UnpackResources.java,334.0,12.0,3.0,3.0,25.0,12.0,0.0,ate@13f79535-47bb-0310-9956-ffa450edef68,0,0.0,0.0,0.0,0.0,0.0,0.0,0.0,0,1,0.0,false
