name,LOC,CBO,LCOM,NOM,RFC,WMC,ACS,Ownership,numOfChanges,numberOfFIChanges,ENH,NF,BugFixing,REF,structuralWorkloadSum,semanticWorkloadSum,numberOfDeveloper,pastFaults,MAF,isBuggy
components/jetspeed-capability/src/main/java/org/apache/jetspeed/serializer/JetspeedCapabilitiesSerializer.java,357.0,19.0,0.0,13.0,171.0,69.0,505.0,ate@13f79535-47bb-0310-9956-ffa450edef68,1,0.002008032128514056,20.0,20.0,0.0,20.0,6287.861575178998,305419.8347107438,1,0,2.6968769005040847,false
components/jetspeed-cm/src/main/java/org/apache/jetspeed/cache/impl/EhCacheDistributedImpl.java,165.0,17.0,289.0,26.0,56.0,74.0,10.0,woonsan@13f79535-47bb-0310-9956-ffa450edef68,1,0.002008032128514056,14.0,0.0,14.0,0.0,396.3478260869565,1053.323608073686,1,0,1.1213405397456657,false
components/jetspeed-cm/src/main/java/org/apache/jetspeed/cache/impl/EhCacheImpl.java,97.0,12.0,195.0,27.0,40.0,56.0,13.0,rwatler@13f79535-47bb-0310-9956-ffa450edef68,2,0.004016064257028112,29.0,14.0,29.0,14.0,625.5978260869565,1451.1791867988177,2,0,2.1118412741789574,false
components/jetspeed-cm/src/main/java/org/apache/jetspeed/components/ContextRefreshableBeanInitializer.java,24.0,5.0,0.0,2.0,2.0,5.0,505.0,ate@13f79535-47bb-0310-9956-ffa450edef68,1,0.002008032128514056,50.0,50.0,0.0,50.0,6287.861575178998,305419.8347107438,1,0,2.6968769005040847,false
components/jetspeed-cm/src/main/java/org/apache/jetspeed/components/LifecycleAwareStaticClassInitializer.java,35.0,4.0,5.0,6.0,4.0,10.0,505.0,ate@13f79535-47bb-0310-9956-ffa450edef68,1,0.002008032128514056,100.0,100.0,0.0,100.0,6287.861575178998,305419.8347107438,1,0,2.6968769005040847,false
components/jetspeed-cm/src/main/java/org/apache/jetspeed/components/SpringComponentManager.java,152.0,12.0,10.0,13.0,29.0,31.0,1.0,ate@13f79535-47bb-0310-9956-ffa450edef68,1,0.002008032128514056,10.0,0.0,0.0,0.0,318.8,1045.5200222394408,1,2,0.9051174312760298,true
components/jetspeed-cm/src/main/java/org/apache/jetspeed/components/test/AbstractFilteredSpringTestCase.java,85.0,12.0,28.0,8.0,20.0,25.0,505.0,taylor@13f79535-47bb-0310-9956-ffa450edef68,1,0.002008032128514056,50.0,50.0,0.0,50.0,6287.861575178998,305419.8347107438,1,0,2.6968769005040847,false
components/jetspeed-cm/src/main/java/org/apache/jetspeed/components/test/AbstractSpringTestCase.java,51.0,5.0,26.0,8.0,8.0,18.0,505.0,ate@13f79535-47bb-0310-9956-ffa450edef68,1,0.002008032128514056,12.0,12.0,0.0,12.0,6287.861575178998,305419.8347107438,1,3,2.6968769005040847,false
components/jetspeed-db-tools/src/main/java/org/apache/jetspeed/tools/db/serializer/JetspeedSerializerApplicationImpl.java,170.0,17.0,1.0,7.0,39.0,26.0,1.0,ate@13f79535-47bb-0310-9956-ffa450edef68,1,0.002008032128514056,18.0,0.0,0.0,0.0,396.3478260869565,1053.323608073686,1,1,1.1213405397456657,false
components/jetspeed-deploy-tools/src/main/java/org/apache/jetspeed/tools/deploy/JetspeedDeploy.java,223.0,19.0,28.0,8.0,48.0,35.0,2.0,ate@13f79535-47bb-0310-9956-ffa450edef68,1,0.002008032128514056,22.0,0.0,0.0,0.0,318.8,1045.5200222394408,1,0,0.9051174312760298,false
components/jetspeed-file-cache/src/main/java/org/apache/jetspeed/cache/file/FileCache.java,221.0,9.0,0.0,20.0,28.0,43.0,13.0,rwatler@13f79535-47bb-0310-9956-ffa450edef68,2,0.004016064257028112,33.0,17.0,33.0,17.0,625.5978260869565,1451.1791867988177,2,0,2.1118412741789574,false
components/jetspeed-file-cache/src/main/java/org/apache/jetspeed/cache/file/FileCacheEntryImpl.java,80.0,3.0,21.0,10.0,3.0,17.0,10.0,woonsan@13f79535-47bb-0310-9956-ffa450edef68,1,0.002008032128514056,50.0,0.0,50.0,0.0,396.3478260869565,1053.323608073686,1,0,1.1213405397456657,false
components/jetspeed-file-cache/src/test/java/org/apache/jetspeed/cache/file/TestFileCache.java,124.0,15.0,31.0,10.0,50.0,24.0,10.0,ate@13f79535-47bb-0310-9956-ffa450edef68,1,0.002008032128514056,17.0,0.0,17.0,0.0,396.3478260869565,1053.323608073686,1,1,1.1213405397456657,false
components/jetspeed-layout-portlets/src/main/java/org/apache/jetspeed/portlets/layout/MultiColumnPortlet.java,749.0,31.0,20.0,8.0,124.0,40.0,2.0,ate@13f79535-47bb-0310-9956-ffa450edef68,2,0.004016064257028112,25.0,0.0,12.0,12.0,715.1478260869565,2098.8436303131266,2,0,0.32008180495090255,false
components/jetspeed-page-manager/src/main/java/org/apache/jetspeed/om/folder/impl/FolderImpl.java,575.0,36.0,1327.0,55.0,112.0,177.0,505.0,rwatler@13f79535-47bb-0310-9956-ffa450edef68,1,0.002008032128514056,10.0,10.0,0.0,10.0,6287.861575178998,305419.8347107438,1,0,2.6968769005040847,false
components/jetspeed-page-manager/src/main/java/org/apache/jetspeed/om/folder/psml/FolderImpl.java,540.0,36.0,987.0,58.0,113.0,148.0,505.0,rwatler@13f79535-47bb-0310-9956-ffa450edef68,1,0.002008032128514056,8.0,8.0,0.0,8.0,6287.861575178998,305419.8347107438,1,0,2.6968769005040847,false
components/jetspeed-page-manager/src/main/java/org/apache/jetspeed/om/page/impl/BaseElementImpl.java,275.0,19.0,383.0,30.0,47.0,75.0,505.0,rwatler@13f79535-47bb-0310-9956-ffa450edef68,1,0.002008032128514056,10.0,10.0,0.0,10.0,6287.861575178998,305419.8347107438,1,0,2.6968769005040847,false
components/jetspeed-page-manager/src/main/java/org/apache/jetspeed/om/page/impl/FragmentImpl.java,583.0,11.0,1373.0,55.0,107.0,152.0,505.0,rwatler@13f79535-47bb-0310-9956-ffa450edef68,1,0.002008032128514056,12.0,12.0,0.0,12.0,6287.861575178998,305419.8347107438,1,0,2.6968769005040847,false
components/jetspeed-page-manager/src/main/java/org/apache/jetspeed/om/page/psml/AbstractBaseElement.java,399.0,26.0,486.0,33.0,45.0,86.0,505.0,rwatler@13f79535-47bb-0310-9956-ffa450edef68,1,0.002008032128514056,12.0,12.0,0.0,12.0,6287.861575178998,305419.8347107438,1,0,2.6968769005040847,false
components/jetspeed-page-manager/src/main/java/org/apache/jetspeed/om/page/psml/FragmentImpl.java,441.0,12.0,1193.0,55.0,92.0,135.0,505.0,rwatler@13f79535-47bb-0310-9956-ffa450edef68,1,0.002008032128514056,14.0,14.0,0.0,14.0,6287.861575178998,305419.8347107438,1,0,2.6968769005040847,false
components/jetspeed-page-manager/src/main/java/org/apache/jetspeed/page/AbstractPageManager.java,887.0,27.0,589.0,54.0,308.0,193.0,17.0,rwatler@13f79535-47bb-0310-9956-ffa450edef68,1,0.002008032128514056,5.0,5.0,5.0,5.0,229.25,397.8555787251316,1,0,4.48863636973214,false
components/jetspeed-page-manager/src/main/java/org/apache/jetspeed/page/PageManagerSecurityUtils.java,109.0,15.0,1.0,2.0,21.0,15.0,505.0,rwatler@13f79535-47bb-0310-9956-ffa450edef68,1,0.002008032128514056,17.0,17.0,0.0,17.0,6287.861575178998,305419.8347107438,1,0,2.6968769005040847,false
components/jetspeed-page-manager/src/main/java/org/apache/jetspeed/page/PageManagerUtils.java,211.0,14.0,10.0,5.0,83.0,27.0,505.0,rwatler@13f79535-47bb-0310-9956-ffa450edef68,1,0.002008032128514056,14.0,14.0,0.0,14.0,6287.861575178998,305419.8347107438,1,0,2.6968769005040847,false
components/jetspeed-page-manager/src/main/java/org/apache/jetspeed/page/impl/DatabasePageManager.java,952.0,72.0,963.0,75.0,284.0,237.0,17.0,rwatler@13f79535-47bb-0310-9956-ffa450edef68,1,0.002008032128514056,4.0,4.0,4.0,4.0,229.25,397.8555787251316,1,1,4.48863636973214,false
components/jetspeed-page-manager/src/main/java/org/apache/jetspeed/serializer/JetspeedUserTemplateSerializer.java,89.0,20.0,0.0,6.0,33.0,19.0,505.0,taylor@13f79535-47bb-0310-9956-ffa450edef68,1,0.002008032128514056,25.0,25.0,0.0,25.0,6287.861575178998,305419.8347107438,1,0,2.6968769005040847,false
components/jetspeed-page-manager/src/test/java/org/apache/jetspeed/page/PageManagerTestShared.java,581.0,60.0,0.0,0.0,0.0,0.0,174.0,rwatler@13f79535-47bb-0310-9956-ffa450edef68,3,0.006024096385542169,19.0,12.0,12.0,12.0,6913.4594012659545,306871.0138975426,3,2,1.6703389813258536,false
components/jetspeed-page-manager/src/test/java/org/apache/jetspeed/page/TestCreateUserHomePagesFromRoles.java,58.0,8.0,8.0,5.0,12.0,10.0,261.0,rwatler@13f79535-47bb-0310-9956-ffa450edef68,2,0.004016064257028112,33.0,33.0,17.0,33.0,6517.111575178998,305817.6902894689,2,1,2.899609454558167,false
components/jetspeed-portal-site/src/main/java/org/apache/jetspeed/portalsite/impl/PortalSiteSessionContextImpl.java,683.0,31.0,323.0,31.0,121.0,108.0,505.0,rwatler@13f79535-47bb-0310-9956-ffa450edef68,1,0.002008032128514056,4.0,4.0,0.0,4.0,6287.861575178998,305419.8347107438,1,0,2.6968769005040847,false
components/jetspeed-portal/src/main/java/org/apache/jetspeed/administration/PortalAdministrationImpl.java,273.0,38.0,69.0,15.0,75.0,51.0,505.0,null,1,0.002008032128514056,5.0,5.0,0.0,5.0,6287.861575178998,305419.8347107438,1,0,2.6968769005040847,true
components/jetspeed-portal/src/main/java/org/apache/jetspeed/decoration/DecorationFactoryImpl.java,398.0,29.0,425.0,35.0,103.0,87.0,1.0,taylor@13f79535-47bb-0310-9956-ffa450edef68,1,0.002008032128514056,10.0,0.0,10.0,0.0,318.8,1045.5200222394408,1,0,0.9051174312760298,false
components/jetspeed-portal/src/main/java/org/apache/jetspeed/deployment/impl/DeployPortletAppEventListener.java,169.0,17.0,19.0,10.0,51.0,37.0,1.0,ate@13f79535-47bb-0310-9956-ffa450edef68,1,0.002008032128514056,20.0,0.0,20.0,0.0,318.8,1045.5200222394408,1,1,0.9051174312760298,false
components/jetspeed-portal/src/main/java/org/apache/jetspeed/engine/JetspeedServlet.java,233.0,38.0,14.0,8.0,60.0,27.0,505.0,ate@13f79535-47bb-0310-9956-ffa450edef68,1,0.002008032128514056,6.0,6.0,0.0,6.0,6287.861575178998,305419.8347107438,1,3,2.6968769005040847,false
components/jetspeed-portal/src/main/java/org/apache/jetspeed/layout/impl/ExportJetspeedSchema.java,108.0,14.0,0.0,5.0,25.0,18.0,3.0,ate@13f79535-47bb-0310-9956-ffa450edef68,1,0.002008032128514056,17.0,0.0,17.0,0.0,396.3478260869565,1053.323608073686,1,2,1.1213405397456657,false
components/jetspeed-portal/src/main/java/org/apache/jetspeed/layout/impl/GetUserInformationAction.java,50.0,15.0,1.0,2.0,16.0,10.0,505.0,ate@13f79535-47bb-0310-9956-ffa450edef68,1,0.002008032128514056,20.0,20.0,0.0,20.0,6287.861575178998,305419.8347107438,1,0,2.6968769005040847,false
components/jetspeed-portal/src/main/java/org/apache/jetspeed/layout/impl/GetUserListAction.java,147.0,21.0,0.0,5.0,31.0,17.0,505.0,taylor@13f79535-47bb-0310-9956-ffa450edef68,1,0.002008032128514056,17.0,17.0,0.0,17.0,6287.861575178998,305419.8347107438,1,0,2.6968769005040847,false
components/jetspeed-portal/src/main/java/org/apache/jetspeed/layout/impl/PortletActionSecurityPathMergeBehavior.java,33.0,13.0,3.0,3.0,10.0,6.0,505.0,rwatler@13f79535-47bb-0310-9956-ffa450edef68,1,0.002008032128514056,17.0,17.0,0.0,17.0,6287.861575178998,305419.8347107438,1,0,2.6968769005040847,false
components/jetspeed-portal/src/main/java/org/apache/jetspeed/layout/impl/SecurityPermissionAction.java,132.0,18.0,0.0,6.0,30.0,27.0,505.0,ate@13f79535-47bb-0310-9956-ffa450edef68,1,0.002008032128514056,20.0,20.0,0.0,20.0,6287.861575178998,305419.8347107438,1,0,2.6968769005040847,false
components/jetspeed-portal/src/main/java/org/apache/jetspeed/localization/impl/LocalizationValveImpl.java,92.0,21.0,4.0,4.0,36.0,12.0,505.0,ate@13f79535-47bb-0310-9956-ffa450edef68,1,0.002008032128514056,14.0,14.0,0.0,14.0,6287.861575178998,305419.8347107438,1,0,2.6968769005040847,false
components/jetspeed-portal/src/main/java/org/apache/jetspeed/login/filter/PortalFilter.java,80.0,28.0,4.0,4.0,23.0,12.0,505.0,ate@13f79535-47bb-0310-9956-ffa450edef68,1,0.002008032128514056,12.0,12.0,0.0,12.0,6287.861575178998,305419.8347107438,1,0,2.6968769005040847,false
components/jetspeed-portal/src/main/java/org/apache/jetspeed/login/filter/PortalRequestWrapper.java,32.0,6.0,0.0,5.0,2.0,12.0,505.0,ate@13f79535-47bb-0310-9956-ffa450edef68,1,0.002008032128514056,25.0,25.0,0.0,25.0,6287.861575178998,305419.8347107438,1,0,2.6968769005040847,false
components/jetspeed-portal/src/main/java/org/apache/jetspeed/profiler/impl/ProfilerValveImpl.java,186.0,26.0,9.0,7.0,45.0,19.0,505.0,rwatler@13f79535-47bb-0310-9956-ffa450edef68,1,0.002008032128514056,6.0,6.0,0.0,6.0,6287.861575178998,305419.8347107438,1,0,2.6968769005040847,false
components/jetspeed-portal/src/main/java/org/apache/jetspeed/request/JetspeedRequestContext.java,411.0,38.0,1056.0,52.0,69.0,100.0,505.0,ate@13f79535-47bb-0310-9956-ffa450edef68,1,0.002008032128514056,4.0,4.0,0.0,4.0,6287.861575178998,305419.8347107438,1,0,2.6968769005040847,true
components/jetspeed-portal/src/main/java/org/apache/jetspeed/security/impl/Jetspeed1CredentialPasswordEncoder.java,29.0,6.0,4.0,4.0,8.0,7.0,505.0,ate@13f79535-47bb-0310-9956-ffa450edef68,1,0.002008032128514056,50.0,50.0,0.0,50.0,6287.861575178998,305419.8347107438,1,0,2.6968769005040847,false
components/jetspeed-portal/src/main/java/org/apache/jetspeed/security/impl/LoginValidationValveImpl.java,96.0,17.0,0.0,6.0,26.0,18.0,505.0,taylor@13f79535-47bb-0310-9956-ffa450edef68,1,0.002008032128514056,25.0,25.0,0.0,25.0,6287.861575178998,305419.8347107438,1,0,2.6968769005040847,false
components/jetspeed-portal/src/main/java/org/apache/jetspeed/security/impl/PasswordCredentialValveImpl.java,88.0,14.0,0.0,4.0,20.0,15.0,505.0,taylor@13f79535-47bb-0310-9956-ffa450edef68,1,0.002008032128514056,25.0,25.0,0.0,25.0,6287.861575178998,305419.8347107438,1,0,2.6968769005040847,false
components/jetspeed-portal/src/main/java/org/apache/jetspeed/security/impl/SecurityAccessControllerImpl.java,41.0,9.0,0.0,3.0,7.0,8.0,505.0,taylor@13f79535-47bb-0310-9956-ffa450edef68,1,0.002008032128514056,33.0,33.0,0.0,33.0,6287.861575178998,305419.8347107438,1,0,2.6968769005040847,false
components/jetspeed-portal/src/main/java/org/apache/jetspeed/security/impl/SecurityValveImpl.java,93.0,15.0,0.0,8.0,25.0,21.0,505.0,ate@13f79535-47bb-0310-9956-ffa450edef68,1,0.002008032128514056,25.0,25.0,0.0,25.0,6287.861575178998,305419.8347107438,1,0,2.6968769005040847,false
components/jetspeed-portal/src/main/java/org/apache/jetspeed/security/impl/ntlm/NtlmSecurityValve.java,93.0,14.0,0.0,6.0,18.0,19.0,505.0,ate@13f79535-47bb-0310-9956-ffa450edef68,1,0.002008032128514056,50.0,50.0,0.0,50.0,6287.861575178998,305419.8347107438,1,0,2.6968769005040847,false
components/jetspeed-portal/src/main/java/org/apache/jetspeed/security/impl/shibboleth/ShibbolethPortalFilter.java,105.0,22.0,6.0,4.0,23.0,12.0,127.0,taylor@13f79535-47bb-0310-9956-ffa450edef68,2,0.004016064257028112,40.0,10.0,10.0,10.0,6287.861575178998,305419.8347107438,2,0,1.918780201546441,false
components/jetspeed-portal/src/main/java/org/apache/jetspeed/tools/pamanager/PortletApplicationManager.java,721.0,31.0,250.0,28.0,149.0,88.0,505.0,ate@13f79535-47bb-0310-9956-ffa450edef68,1,0.002008032128514056,5.0,5.0,0.0,5.0,6287.861575178998,305419.8347107438,1,1,2.6968769005040847,false
components/jetspeed-portal/src/main/java/org/apache/jetspeed/tools/pamanager/servletcontainer/TomcatManager.java,178.0,15.0,70.0,16.0,52.0,46.0,505.0,ate@13f79535-47bb-0310-9956-ffa450edef68,1,0.002008032128514056,17.0,17.0,0.0,17.0,6287.861575178998,305419.8347107438,1,0,2.6968769005040847,false
components/jetspeed-portal/src/main/java/org/apache/jetspeed/userinfo/impl/UserInfoManagerImpl.java,135.0,20.0,0.0,6.0,32.0,21.0,505.0,ate@13f79535-47bb-0310-9956-ffa450edef68,1,0.002008032128514056,12.0,12.0,0.0,12.0,6287.861575178998,305419.8347107438,1,0,2.6968769005040847,false
components/jetspeed-portal/src/main/java/org/apache/jetspeed/userinfo/impl/UserManagerUserAttributeSourceImpl.java,45.0,15.0,0.0,2.0,9.0,7.0,505.0,ate@13f79535-47bb-0310-9956-ffa450edef68,1,0.002008032128514056,17.0,17.0,0.0,17.0,6287.861575178998,305419.8347107438,1,0,2.6968769005040847,false
components/jetspeed-portal/src/main/java/org/apache/jetspeed/util/descriptor/PortletPreferenceRule.java,60.0,8.0,0.0,3.0,10.0,7.0,505.0,taylor@13f79535-47bb-0310-9956-ffa450edef68,1,0.002008032128514056,33.0,33.0,0.0,33.0,6287.861575178998,305419.8347107438,1,0,2.6968769005040847,false
components/jetspeed-portal/src/test/java/org/apache/jetspeed/AbstractRequestContextTestCase.java,18.0,4.0,1.0,2.0,4.0,4.0,505.0,taylor@13f79535-47bb-0310-9956-ffa450edef68,1,0.002008032128514056,14.0,14.0,0.0,14.0,6287.861575178998,305419.8347107438,1,0,2.6968769005040847,false
components/jetspeed-portal/src/test/java/org/apache/jetspeed/administration/TestPortalAdministrationImpl.java,31.0,9.0,15.0,6.0,10.0,11.0,505.0,ate@13f79535-47bb-0310-9956-ffa450edef68,1,0.002008032128514056,12.0,12.0,0.0,12.0,6287.861575178998,305419.8347107438,1,0,2.6968769005040847,true
components/jetspeed-portal/src/test/java/org/apache/jetspeed/aggregator/TestAggregator.java,168.0,36.0,25.0,10.0,69.0,33.0,505.0,taylor@13f79535-47bb-0310-9956-ffa450edef68,1,0.002008032128514056,14.0,14.0,0.0,14.0,6287.861575178998,305419.8347107438,1,1,2.6968769005040847,false
components/jetspeed-portal/src/test/java/org/apache/jetspeed/engine/TestSpringEngine.java,13.0,20.0,1.0,2.0,0.0,4.0,505.0,ate@13f79535-47bb-0310-9956-ffa450edef68,1,0.002008032128514056,17.0,17.0,0.0,17.0,6287.861575178998,305419.8347107438,1,0,2.6968769005040847,false
components/jetspeed-portal/src/test/java/org/apache/jetspeed/layout/TestConstraintsAction.java,210.0,34.0,2.0,12.0,71.0,30.0,505.0,taylor@13f79535-47bb-0310-9956-ffa450edef68,1,0.002008032128514056,14.0,14.0,0.0,14.0,6287.861575178998,305419.8347107438,1,1,2.6968769005040847,false
components/jetspeed-portal/src/test/java/org/apache/jetspeed/tools/pamanager/TestJetspeedPortletDescriptor.java,68.0,12.0,3.0,3.0,21.0,6.0,505.0,taylor@13f79535-47bb-0310-9956-ffa450edef68,1,0.002008032128514056,25.0,25.0,0.0,25.0,6287.861575178998,305419.8347107438,1,1,2.6968769005040847,false
components/jetspeed-portal/src/test/java/org/apache/jetspeed/userinfo/TestUserInfoManager.java,126.0,20.0,35.0,10.0,37.0,25.0,505.0,ate@13f79535-47bb-0310-9956-ffa450edef68,1,0.002008032128514056,10.0,10.0,0.0,10.0,6287.861575178998,305419.8347107438,1,2,2.6968769005040847,false
components/jetspeed-portlet-factory/src/main/java/org/apache/jetspeed/factory/JetspeedPortletFactory.java,220.0,19.0,26.0,13.0,51.0,33.0,1.0,woonsan@13f79535-47bb-0310-9956-ffa450edef68,1,0.002008032128514056,7.0,0.0,0.0,0.0,6287.861575178998,305419.8347107438,1,0,2.6968769005040847,true
components/jetspeed-profiler/src/main/java/org/apache/jetspeed/profiler/impl/JetspeedProfilerImpl.java,389.0,29.0,330.0,32.0,132.0,102.0,505.0,rwatler@13f79535-47bb-0310-9956-ffa450edef68,1,0.002008032128514056,12.0,12.0,0.0,12.0,6287.861575178998,305419.8347107438,1,0,2.6968769005040847,false
components/jetspeed-profiler/src/main/java/org/apache/jetspeed/profiler/rules/impl/GroupCriterionResolver.java,24.0,7.0,1.0,2.0,3.0,5.0,505.0,taylor@13f79535-47bb-0310-9956-ffa450edef68,1,0.002008032128514056,33.0,33.0,0.0,33.0,6287.861575178998,305419.8347107438,1,0,2.6968769005040847,false
components/jetspeed-profiler/src/main/java/org/apache/jetspeed/profiler/rules/impl/RoleComboCriterionResolver.java,24.0,7.0,1.0,2.0,3.0,5.0,505.0,ate@13f79535-47bb-0310-9956-ffa450edef68,1,0.002008032128514056,20.0,20.0,0.0,20.0,6287.861575178998,305419.8347107438,1,0,2.6968769005040847,false
components/jetspeed-profiler/src/main/java/org/apache/jetspeed/profiler/rules/impl/RoleCriterionResolver.java,24.0,7.0,1.0,2.0,3.0,5.0,505.0,taylor@13f79535-47bb-0310-9956-ffa450edef68,1,0.002008032128514056,33.0,33.0,0.0,33.0,6287.861575178998,305419.8347107438,1,0,2.6968769005040847,false
components/jetspeed-profiler/src/main/java/org/apache/jetspeed/profiler/rules/impl/StandardResolver.java,59.0,7.0,10.0,5.0,19.0,16.0,505.0,taylor@13f79535-47bb-0310-9956-ffa450edef68,1,0.002008032128514056,33.0,33.0,0.0,33.0,6287.861575178998,305419.8347107438,1,0,2.6968769005040847,false
components/jetspeed-profiler/src/main/java/org/apache/jetspeed/profiler/rules/impl/UserCriterionResolver.java,28.0,9.0,1.0,2.0,4.0,5.0,505.0,ate@13f79535-47bb-0310-9956-ffa450edef68,1,0.002008032128514056,33.0,33.0,0.0,33.0,6287.861575178998,305419.8347107438,1,0,2.6968769005040847,false
components/jetspeed-profiler/src/main/java/org/apache/jetspeed/serializer/JetspeedProfilerSerializer.java,229.0,20.0,25.0,11.0,110.0,48.0,505.0,ate@13f79535-47bb-0310-9956-ffa450edef68,1,0.002008032128514056,11.0,11.0,0.0,11.0,6287.861575178998,305419.8347107438,1,0,2.6968769005040847,false
components/jetspeed-profiler/src/test/java/org/apache/jetspeed/profiler/TestProfiler.java,506.0,26.0,154.0,24.0,184.0,75.0,505.0,taylor@13f79535-47bb-0310-9956-ffa450edef68,1,0.002008032128514056,8.0,8.0,0.0,8.0,6287.861575178998,305419.8347107438,1,1,2.6968769005040847,false
components/jetspeed-rdbms/src/main/java/org/apache/jetspeed/components/rdbms/ojb/ConcreteClassConvertingRowReader.java,35.0,6.0,0.0,2.0,9.0,9.0,505.0,ate@13f79535-47bb-0310-9956-ffa450edef68,1,0.002008032128514056,100.0,100.0,0.0,100.0,6287.861575178998,305419.8347107438,1,0,2.6968769005040847,false
components/jetspeed-rdbms/src/main/java/org/apache/jetspeed/components/util/DatasourceEnabledSpringTestCase.java,32.0,2.0,8.0,5.0,2.0,10.0,505.0,ate@13f79535-47bb-0310-9956-ffa450edef68,1,0.002008032128514056,20.0,20.0,0.0,20.0,6287.861575178998,305419.8347107438,1,2,2.6968769005040847,false
components/jetspeed-rdbms/src/main/java/org/apache/jetspeed/components/util/TransactionCacheEnabledSpringTestCase.java,8.0,0.0,0.0,1.0,0.0,2.0,505.0,ate@13f79535-47bb-0310-9956-ffa450edef68,1,0.002008032128514056,100.0,100.0,0.0,100.0,6287.861575178998,305419.8347107438,1,0,2.6968769005040847,false
components/jetspeed-registry/src/main/java/org/apache/jetspeed/components/portletentity/PersistenceBrokerPortletEntityAccess.java,199.0,20.0,149.0,19.0,70.0,52.0,505.0,ate@13f79535-47bb-0310-9956-ffa450edef68,1,0.002008032128514056,11.0,11.0,0.0,11.0,6287.861575178998,305419.8347107438,1,0,2.6968769005040847,false
components/jetspeed-registry/src/main/java/org/apache/jetspeed/components/portletentity/PortletEntityImpl.java,365.0,37.0,504.0,36.0,81.0,80.0,255.0,ate@13f79535-47bb-0310-9956-ffa450edef68,2,0.004016064257028112,22.0,22.0,11.0,22.0,6684.2094012659545,306473.1583188175,2,2,1.2159615395649297,false
components/jetspeed-registry/src/main/java/org/apache/jetspeed/components/portletpreferences/PersistenceBrokerPortletPreferencesProvider.java,219.0,21.0,112.0,17.0,88.0,39.0,170.0,taylor@13f79535-47bb-0310-9956-ffa450edef68,3,0.006024096385542169,75.0,75.0,25.0,50.0,7003.009401265954,307518.6783410569,3,0,0.47583266850715056,false
components/jetspeed-registry/src/main/java/org/apache/jetspeed/components/portletregistry/PersistenceBrokerPortletRegistry.java,211.0,24.0,366.0,28.0,80.0,70.0,505.0,taylor@13f79535-47bb-0310-9956-ffa450edef68,1,0.002008032128514056,7.0,7.0,0.0,7.0,6287.861575178998,305419.8347107438,1,0,2.6968769005040847,false
components/jetspeed-registry/src/main/java/org/apache/jetspeed/components/util/RegistrySupportedTestCase.java,24.0,5.0,3.0,3.0,4.0,6.0,505.0,ate@13f79535-47bb-0310-9956-ffa450edef68,1,0.002008032128514056,17.0,17.0,0.0,17.0,6287.861575178998,305419.8347107438,1,2,2.6968769005040847,false
components/jetspeed-registry/src/main/java/org/apache/jetspeed/om/portlet/impl/FragmentPortletDefinition.java,186.0,26.0,0.0,59.0,58.0,92.0,505.0,taylor@13f79535-47bb-0310-9956-ffa450edef68,1,0.002008032128514056,33.0,33.0,0.0,33.0,6287.861575178998,305419.8347107438,1,0,2.6968769005040847,false
components/jetspeed-registry/src/main/java/org/apache/jetspeed/om/portlet/impl/PortletDefinitionImpl.java,604.0,57.0,2827.0,79.0,99.0,164.0,505.0,taylor@13f79535-47bb-0310-9956-ffa450edef68,1,0.002008032128514056,5.0,5.0,0.0,5.0,6287.861575178998,305419.8347107438,1,0,2.6968769005040847,false
components/jetspeed-registry/src/main/java/org/apache/jetspeed/om/preference/impl/PreferenceImpl.java,46.0,1.0,11.0,10.0,2.0,18.0,505.0,taylor@13f79535-47bb-0310-9956-ffa450edef68,1,0.002008032128514056,50.0,50.0,0.0,50.0,6287.861575178998,305419.8347107438,1,0,2.6968769005040847,false
components/jetspeed-registry/src/main/java/org/apache/jetspeed/om/preference/impl/PreferenceSetImpl.java,149.0,16.0,4.0,13.0,16.0,23.0,505.0,taylor@13f79535-47bb-0310-9956-ffa450edef68,1,0.002008032128514056,50.0,50.0,0.0,50.0,6287.861575178998,305419.8347107438,1,0,2.6968769005040847,false
components/jetspeed-registry/src/main/java/org/apache/jetspeed/om/preference/impl/PreferenceValueImpl.java,73.0,4.0,192.0,21.0,0.0,40.0,505.0,taylor@13f79535-47bb-0310-9956-ffa450edef68,1,0.002008032128514056,50.0,50.0,0.0,50.0,6287.861575178998,305419.8347107438,1,0,2.6968769005040847,false
components/jetspeed-registry/src/main/java/org/apache/jetspeed/serializer/JetspeedRegistrySerializer.java,248.0,27.0,38.0,12.0,118.0,56.0,255.0,ate@13f79535-47bb-0310-9956-ffa450edef68,2,0.004016064257028112,13.0,13.0,7.0,13.0,6684.2094012659545,306473.1583188175,2,2,1.2159615395649297,false
components/jetspeed-registry/src/test/java/org/apache/jetspeed/components/portletentity/TestPortletEntityDAO.java,162.0,24.0,8.0,8.0,67.0,21.0,505.0,taylor@13f79535-47bb-0310-9956-ffa450edef68,1,0.002008032128514056,12.0,12.0,0.0,12.0,6287.861575178998,305419.8347107438,1,2,2.6968769005040847,false
components/jetspeed-registry/src/test/java/org/apache/jetspeed/components/portletpreferences/TestPortletPreferencesProvider.java,23.0,3.0,6.0,4.0,6.0,8.0,505.0,taylor@13f79535-47bb-0310-9956-ffa450edef68,1,0.002008032128514056,25.0,25.0,0.0,25.0,6287.861575178998,305419.8347107438,1,0,2.6968769005040847,false
components/jetspeed-registry/src/test/java/org/apache/jetspeed/components/portletregistry/AbstractRegistryTest.java,110.0,13.0,13.0,6.0,46.0,16.0,505.0,taylor@13f79535-47bb-0310-9956-ffa450edef68,1,0.002008032128514056,17.0,17.0,0.0,17.0,6287.861575178998,305419.8347107438,1,1,2.6968769005040847,false
components/jetspeed-registry/src/test/java/org/apache/jetspeed/components/portletregistry/TestPortletRegistryDAO.java,189.0,29.0,25.0,10.0,99.0,28.0,505.0,taylor@13f79535-47bb-0310-9956-ffa450edef68,1,0.002008032128514056,8.0,8.0,0.0,8.0,6287.861575178998,305419.8347107438,1,1,2.6968769005040847,false
components/jetspeed-registry/src/test/java/org/apache/jetspeed/components/portletregistry/TestRegistryCache.java,98.0,25.0,1.0,7.0,53.0,17.0,505.0,ate@13f79535-47bb-0310-9956-ffa450edef68,1,0.002008032128514056,12.0,12.0,0.0,12.0,6287.861575178998,305419.8347107438,1,1,2.6968769005040847,false
components/jetspeed-registry/src/test/java/org/apache/jetspeed/components/portletregistry/direct/TestRegistryDirectAll.java,88.0,24.0,6.0,4.0,47.0,10.0,505.0,taylor@13f79535-47bb-0310-9956-ffa450edef68,1,0.002008032128514056,14.0,14.0,0.0,14.0,6287.861575178998,305419.8347107438,1,1,2.6968769005040847,false
components/jetspeed-registry/src/test/java/org/apache/jetspeed/components/portletregistry/direct/TestRegistryDirectPart1a.java,82.0,24.0,6.0,4.0,42.0,10.0,505.0,ate@13f79535-47bb-0310-9956-ffa450edef68,1,0.002008032128514056,20.0,20.0,0.0,20.0,6287.861575178998,305419.8347107438,1,1,2.6968769005040847,false
components/jetspeed-registry/src/test/java/org/apache/jetspeed/engine/MockJetspeedEngine.java,42.0,8.0,76.0,13.0,0.0,25.0,505.0,taylor@13f79535-47bb-0310-9956-ffa450edef68,1,0.002008032128514056,50.0,50.0,0.0,50.0,6287.861575178998,305419.8347107438,1,0,2.6968769005040847,false
components/jetspeed-security/src/main/java/org/apache/jetspeed/security/impl/BaseAuthenticationProvider.java,75.0,8.0,0.0,6.0,7.0,11.0,505.0,ate@13f79535-47bb-0310-9956-ffa450edef68,1,0.002008032128514056,33.0,33.0,0.0,33.0,6287.861575178998,305419.8347107438,1,0,2.6968769005040847,false
components/jetspeed-security/src/main/java/org/apache/jetspeed/security/impl/BaseJetspeedPrincipalManager.java,248.0,19.0,49.0,27.0,103.0,73.0,505.0,null,1,0.002008032128514056,10.0,10.0,0.0,10.0,6287.861575178998,305419.8347107438,1,0,2.6968769005040847,false
components/jetspeed-security/src/main/java/org/apache/jetspeed/security/impl/DefaultAuthenticationProvider.java,18.0,5.0,0.0,3.0,2.0,5.0,505.0,ate@13f79535-47bb-0310-9956-ffa450edef68,1,0.002008032128514056,50.0,50.0,0.0,50.0,6287.861575178998,305419.8347107438,1,0,2.6968769005040847,false
components/jetspeed-security/src/main/java/org/apache/jetspeed/security/impl/DefaultLoginModule.java,214.0,20.0,0.0,10.0,37.0,30.0,505.0,ate@13f79535-47bb-0310-9956-ffa450edef68,1,0.002008032128514056,33.0,33.0,0.0,33.0,6287.861575178998,305419.8347107438,1,0,2.6968769005040847,false
components/jetspeed-security/src/main/java/org/apache/jetspeed/security/impl/GroupImpl.java,13.0,1.0,1.0,2.0,0.0,2.0,505.0,ate@13f79535-47bb-0310-9956-ffa450edef68,1,0.002008032128514056,50.0,50.0,0.0,50.0,6287.861575178998,305419.8347107438,1,0,2.6968769005040847,false
components/jetspeed-security/src/main/java/org/apache/jetspeed/security/impl/GroupManagerImpl.java,152.0,13.0,233.0,23.0,29.0,57.0,505.0,ate@13f79535-47bb-0310-9956-ffa450edef68,1,0.002008032128514056,25.0,25.0,0.0,25.0,6287.861575178998,305419.8347107438,1,0,2.6968769005040847,false
components/jetspeed-security/src/main/java/org/apache/jetspeed/security/impl/JetspeedPrincipalAssociationTypeImpl.java,47.0,2.0,20.0,9.0,2.0,17.0,505.0,ate@13f79535-47bb-0310-9956-ffa450edef68,1,0.002008032128514056,100.0,100.0,0.0,100.0,6287.861575178998,305419.8347107438,1,0,2.6968769005040847,false
components/jetspeed-security/src/main/java/org/apache/jetspeed/security/impl/JetspeedPrincipalManagerProviderImpl.java,43.0,8.0,0.0,6.0,10.0,13.0,505.0,ate@13f79535-47bb-0310-9956-ffa450edef68,1,0.002008032128514056,100.0,100.0,0.0,100.0,6287.861575178998,305419.8347107438,1,0,2.6968769005040847,false
components/jetspeed-security/src/main/java/org/apache/jetspeed/security/impl/JetspeedPrincipalTypeImpl.java,28.0,3.0,0.0,5.0,3.0,12.0,505.0,ate@13f79535-47bb-0310-9956-ffa450edef68,1,0.002008032128514056,100.0,100.0,0.0,100.0,6287.861575178998,305419.8347107438,1,0,2.6968769005040847,false
components/jetspeed-security/src/main/java/org/apache/jetspeed/security/impl/LdapAuthenticationProvider.java,128.0,19.0,52.0,13.0,46.0,41.0,258.0,ate@13f79535-47bb-0310-9956-ffa450edef68,1,0.002008032128514056,22.0,11.0,11.0,11.0,6287.861575178998,305419.8347107438,1,0,2.6968769005040847,false
components/jetspeed-security/src/main/java/org/apache/jetspeed/security/impl/LoginModuleProxyImpl.java,55.0,3.0,0.0,5.0,0.0,8.0,505.0,ate@13f79535-47bb-0310-9956-ffa450edef68,1,0.002008032128514056,50.0,50.0,0.0,50.0,6287.861575178998,305419.8347107438,1,0,2.6968769005040847,false
components/jetspeed-security/src/main/java/org/apache/jetspeed/security/impl/PermissionManagerImpl.java,135.0,16.0,59.0,22.0,59.0,54.0,505.0,ate@13f79535-47bb-0310-9956-ffa450edef68,1,0.002008032128514056,33.0,33.0,0.0,33.0,6287.861575178998,305419.8347107438,1,0,2.6968769005040847,false
components/jetspeed-security/src/main/java/org/apache/jetspeed/security/impl/PersistentJetspeedPrincipal.java,101.0,11.0,333.0,27.0,12.0,56.0,505.0,rwatler@13f79535-47bb-0310-9956-ffa450edef68,1,0.002008032128514056,50.0,50.0,0.0,50.0,6287.861575178998,305419.8347107438,1,0,2.6968769005040847,false
components/jetspeed-security/src/main/java/org/apache/jetspeed/security/impl/RdbmsPolicy.java,110.0,14.0,13.0,7.0,34.0,22.0,505.0,ate@13f79535-47bb-0310-9956-ffa450edef68,1,0.002008032128514056,33.0,33.0,0.0,33.0,6287.861575178998,305419.8347107438,1,0,2.6968769005040847,false
components/jetspeed-security/src/main/java/org/apache/jetspeed/security/impl/RoleImpl.java,13.0,1.0,1.0,2.0,0.0,2.0,505.0,ate@13f79535-47bb-0310-9956-ffa450edef68,1,0.002008032128514056,50.0,50.0,0.0,50.0,6287.861575178998,305419.8347107438,1,0,2.6968769005040847,false
components/jetspeed-security/src/main/java/org/apache/jetspeed/security/impl/RoleManagerImpl.java,192.0,15.0,291.0,26.0,39.0,66.0,505.0,ate@13f79535-47bb-0310-9956-ffa450edef68,1,0.002008032128514056,25.0,25.0,0.0,25.0,6287.861575178998,305419.8347107438,1,0,2.6968769005040847,false
components/jetspeed-security/src/main/java/org/apache/jetspeed/security/impl/SecurityAttributeImpl.java,40.0,1.0,0.0,10.0,8.0,18.0,505.0,ate@13f79535-47bb-0310-9956-ffa450edef68,1,0.002008032128514056,100.0,100.0,0.0,100.0,6287.861575178998,305419.8347107438,1,0,2.6968769005040847,false
components/jetspeed-security/src/main/java/org/apache/jetspeed/security/impl/SecurityAttributeTypeImpl.java,53.0,1.0,0.0,9.0,0.0,15.0,505.0,ate@13f79535-47bb-0310-9956-ffa450edef68,1,0.002008032128514056,100.0,100.0,0.0,100.0,6287.861575178998,305419.8347107438,1,0,2.6968769005040847,false
components/jetspeed-security/src/main/java/org/apache/jetspeed/security/impl/SecurityAttributeTypesImpl.java,47.0,7.0,3.0,6.0,9.0,14.0,505.0,ate@13f79535-47bb-0310-9956-ffa450edef68,1,0.002008032128514056,100.0,100.0,0.0,100.0,6287.861575178998,305419.8347107438,1,0,2.6968769005040847,false
components/jetspeed-security/src/main/java/org/apache/jetspeed/security/impl/SecurityAttributeValue.java,23.0,1.0,6.0,5.0,0.0,7.0,505.0,ate@13f79535-47bb-0310-9956-ffa450edef68,1,0.002008032128514056,100.0,100.0,0.0,100.0,6287.861575178998,305419.8347107438,1,0,2.6968769005040847,false
components/jetspeed-security/src/main/java/org/apache/jetspeed/security/impl/SecurityAttributesImpl.java,138.0,14.0,31.0,18.0,66.0,51.0,505.0,ate@13f79535-47bb-0310-9956-ffa450edef68,1,0.002008032128514056,100.0,100.0,0.0,100.0,6287.861575178998,305419.8347107438,1,0,2.6968769005040847,false
components/jetspeed-security/src/main/java/org/apache/jetspeed/security/impl/TransientGroup.java,9.0,2.0,0.0,1.0,0.0,1.0,505.0,ate@13f79535-47bb-0310-9956-ffa450edef68,1,0.002008032128514056,100.0,100.0,0.0,100.0,6287.861575178998,305419.8347107438,1,0,2.6968769005040847,false
components/jetspeed-security/src/main/java/org/apache/jetspeed/security/impl/TransientJetspeedPrincipal.java,87.0,8.0,237.0,23.0,11.0,45.0,505.0,rwatler@13f79535-47bb-0310-9956-ffa450edef68,1,0.002008032128514056,33.0,33.0,0.0,33.0,6287.861575178998,305419.8347107438,1,0,2.6968769005040847,false
components/jetspeed-security/src/main/java/org/apache/jetspeed/security/impl/TransientRole.java,9.0,2.0,0.0,1.0,0.0,1.0,505.0,ate@13f79535-47bb-0310-9956-ffa450edef68,1,0.002008032128514056,100.0,100.0,0.0,100.0,6287.861575178998,305419.8347107438,1,0,2.6968769005040847,false
components/jetspeed-security/src/main/java/org/apache/jetspeed/security/impl/TransientUser.java,9.0,2.0,0.0,1.0,0.0,1.0,505.0,ate@13f79535-47bb-0310-9956-ffa450edef68,1,0.002008032128514056,100.0,100.0,0.0,100.0,6287.861575178998,305419.8347107438,1,0,2.6968769005040847,false
components/jetspeed-security/src/main/java/org/apache/jetspeed/security/impl/UserCredentialImpl.java,66.0,3.0,56.0,13.0,12.0,26.0,169.0,ate@13f79535-47bb-0310-9956-ffa450edef68,2,0.004016064257028112,100.0,33.0,0.0,67.0,6473.290146607569,305733.9102708636,2,0,1.9252076961732172,false
components/jetspeed-security/src/main/java/org/apache/jetspeed/security/impl/UserImpl.java,13.0,1.0,1.0,2.0,0.0,2.0,505.0,ate@13f79535-47bb-0310-9956-ffa450edef68,1,0.002008032128514056,50.0,50.0,0.0,50.0,6287.861575178998,305419.8347107438,1,0,2.6968769005040847,false
components/jetspeed-security/src/main/java/org/apache/jetspeed/security/impl/UserManagerImpl.java,147.0,28.0,327.0,27.0,35.0,71.0,253.0,ate@13f79535-47bb-0310-9956-ffa450edef68,2,0.004016064257028112,25.0,12.0,12.0,12.0,6684.2094012659545,306473.1583188175,2,0,1.2159615395649297,false
components/jetspeed-security/src/main/java/org/apache/jetspeed/security/impl/ext/JBossLoginModule.java,65.0,16.0,6.0,4.0,6.0,6.0,505.0,ate@13f79535-47bb-0310-9956-ffa450edef68,1,0.002008032128514056,50.0,50.0,0.0,50.0,6287.861575178998,305419.8347107438,1,0,2.6968769005040847,false
components/jetspeed-security/src/main/java/org/apache/jetspeed/security/mapping/EntityFactory.java,8.0,3.0,1.0,2.0,0.0,2.0,255.0,ate@13f79535-47bb-0310-9956-ffa450edef68,2,0.004016064257028112,29.0,29.0,14.0,29.0,6606.661575178998,306465.3547329832,2,0,1.107849985330112,false
components/jetspeed-security/src/main/java/org/apache/jetspeed/security/mapping/SecurityEntityManager.java,20.0,3.0,91.0,14.0,0.0,20.0,259.0,ate@13f79535-47bb-0310-9956-ffa450edef68,2,0.004016064257028112,29.0,29.0,14.0,29.0,6473.290146607569,305733.9102708636,2,0,1.800997165890057,false
components/jetspeed-security/src/main/java/org/apache/jetspeed/security/mapping/SecurityEntityRelationType.java,9.0,0.0,3.0,3.0,0.0,3.0,505.0,ate@13f79535-47bb-0310-9956-ffa450edef68,1,0.002008032128514056,33.0,33.0,0.0,33.0,6287.861575178998,305419.8347107438,1,0,2.6968769005040847,false
components/jetspeed-security/src/main/java/org/apache/jetspeed/security/mapping/impl/SecurityEntityRelationTypeImpl.java,49.0,1.0,3.0,6.0,6.0,13.0,505.0,ate@13f79535-47bb-0310-9956-ffa450edef68,1,0.002008032128514056,20.0,20.0,0.0,20.0,6287.861575178998,305419.8347107438,1,0,2.6968769005040847,false
components/jetspeed-security/src/main/java/org/apache/jetspeed/security/mapping/ldap/EntityFactoryImpl.java,101.0,23.0,0.0,5.0,37.0,23.0,259.0,ate@13f79535-47bb-0310-9956-ffa450edef68,2,0.004016064257028112,18.0,18.0,9.0,18.0,6473.290146607569,305733.9102708636,2,0,1.800997165890057,false
components/jetspeed-security/src/main/java/org/apache/jetspeed/security/mapping/ldap/dao/DefaultEntityContextMapper.java,13.0,3.0,0.0,2.0,1.0,3.0,505.0,ate@13f79535-47bb-0310-9956-ffa450edef68,1,0.002008032128514056,20.0,20.0,0.0,20.0,6287.861575178998,305419.8347107438,1,0,2.6968769005040847,false
components/jetspeed-security/src/main/java/org/apache/jetspeed/security/mapping/ldap/dao/DefaultLDAPEntityManager.java,133.0,10.0,16.0,17.0,53.0,49.0,174.0,ate@13f79535-47bb-0310-9956-ffa450edef68,3,0.006024096385542169,30.0,30.0,20.0,30.0,6792.090146607569,306779.43029310304,3,0,0.8658564193905689,false
components/jetspeed-security/src/main/java/org/apache/jetspeed/security/mapping/ldap/dao/EntityDAO.java,41.0,5.0,55.0,11.0,0.0,25.0,505.0,ate@13f79535-47bb-0310-9956-ffa450edef68,1,0.002008032128514056,17.0,17.0,0.0,17.0,6287.861575178998,305419.8347107438,1,0,2.6968769005040847,false
components/jetspeed-security/src/main/java/org/apache/jetspeed/security/mapping/ldap/dao/EntityFilterFactory.java,7.0,2.0,0.0,1.0,0.0,1.0,505.0,ate@13f79535-47bb-0310-9956-ffa450edef68,1,0.002008032128514056,33.0,33.0,0.0,33.0,6287.861575178998,305419.8347107438,1,0,2.6968769005040847,false
components/jetspeed-security/src/main/java/org/apache/jetspeed/security/mapping/ldap/dao/EntityRelationDAO.java,11.0,4.0,10.0,5.0,0.0,7.0,505.0,ate@13f79535-47bb-0310-9956-ffa450edef68,1,0.002008032128514056,20.0,20.0,0.0,20.0,6287.861575178998,305419.8347107438,1,0,2.6968769005040847,false
components/jetspeed-security/src/main/java/org/apache/jetspeed/security/mapping/ldap/dao/LDAPEntityDAOConfiguration.java,69.0,4.0,106.0,17.0,7.0,30.0,505.0,ate@13f79535-47bb-0310-9956-ffa450edef68,1,0.002008032128514056,17.0,17.0,0.0,17.0,6287.861575178998,305419.8347107438,1,0,2.6968769005040847,false
components/jetspeed-security/src/main/java/org/apache/jetspeed/security/mapping/ldap/dao/SearchUtil.java,30.0,5.0,3.0,3.0,5.0,9.0,505.0,ate@13f79535-47bb-0310-9956-ffa450edef68,1,0.002008032128514056,33.0,33.0,0.0,33.0,6287.861575178998,305419.8347107438,1,0,2.6968769005040847,false
components/jetspeed-security/src/main/java/org/apache/jetspeed/security/mapping/ldap/dao/impl/AbstractRelationDAO.java,13.0,2.0,0.0,2.0,0.0,3.0,255.0,ate@13f79535-47bb-0310-9956-ffa450edef68,2,0.004016064257028112,40.0,40.0,20.0,40.0,6606.661575178998,306465.3547329832,2,0,1.107849985330112,false
components/jetspeed-security/src/main/java/org/apache/jetspeed/security/mapping/ldap/dao/impl/AttributeBasedRelationDAO.java,147.0,11.0,18.0,12.0,52.0,37.0,132.0,ate@13f79535-47bb-0310-9956-ffa450edef68,3,0.006024096385542169,40.0,30.0,20.0,20.0,6792.090146607569,306779.43029310304,3,0,1.1078499853301118,false
components/jetspeed-security/src/main/java/org/apache/jetspeed/security/mapping/ldap/dao/impl/SpringLDAPEntityDAO.java,341.0,29.0,108.0,25.0,138.0,77.0,259.0,ate@13f79535-47bb-0310-9956-ffa450edef68,2,0.004016064257028112,15.0,15.0,8.0,15.0,6473.290146607569,305733.9102708636,2,0,1.800997165890057,false
components/jetspeed-security/src/main/java/org/apache/jetspeed/security/mapping/ldap/filter/SimpleFilter.java,17.0,1.0,0.0,3.0,1.0,5.0,505.0,ate@13f79535-47bb-0310-9956-ffa450edef68,1,0.002008032128514056,33.0,33.0,0.0,33.0,6287.861575178998,305419.8347107438,1,0,2.6968769005040847,false
components/jetspeed-security/src/main/java/org/apache/jetspeed/security/mapping/ldap/util/DnUtils.java,18.0,1.0,1.0,2.0,4.0,5.0,13.0,ate@13f79535-47bb-0310-9956-ffa450edef68,1,0.002008032128514056,33.0,33.0,33.0,33.0,185.42857142857144,314.0755601198135,1,0,2.2914117923959205,false
components/jetspeed-security/src/main/java/org/apache/jetspeed/security/mapping/model/Attribute.java,13.0,1.0,21.0,7.0,0.0,7.0,505.0,ate@13f79535-47bb-0310-9956-ffa450edef68,1,0.002008032128514056,50.0,50.0,0.0,50.0,6287.861575178998,305419.8347107438,1,0,2.6968769005040847,false
components/jetspeed-security/src/main/java/org/apache/jetspeed/security/mapping/model/AttributeDef.java,13.0,0.0,21.0,7.0,0.0,7.0,505.0,ate@13f79535-47bb-0310-9956-ffa450edef68,1,0.002008032128514056,25.0,25.0,0.0,25.0,6287.861575178998,305419.8347107438,1,0,2.6968769005040847,false
components/jetspeed-security/src/main/java/org/apache/jetspeed/security/mapping/model/Entity.java,24.0,3.0,45.0,10.0,0.0,12.0,505.0,ate@13f79535-47bb-0310-9956-ffa450edef68,1,0.002008032128514056,17.0,17.0,0.0,17.0,6287.861575178998,305419.8347107438,1,0,2.6968769005040847,false
components/jetspeed-security/src/main/java/org/apache/jetspeed/security/mapping/model/EntityDAO.java,12.0,1.0,15.0,6.0,0.0,6.0,505.0,ate@13f79535-47bb-0310-9956-ffa450edef68,1,0.002008032128514056,33.0,33.0,0.0,33.0,6287.861575178998,305419.8347107438,1,0,2.6968769005040847,false
components/jetspeed-security/src/main/java/org/apache/jetspeed/security/mapping/model/EntityRelationDAO.java,8.0,1.0,1.0,2.0,0.0,2.0,505.0,ate@13f79535-47bb-0310-9956-ffa450edef68,1,0.002008032128514056,33.0,33.0,0.0,33.0,6287.861575178998,305419.8347107438,1,0,2.6968769005040847,false
components/jetspeed-security/src/main/java/org/apache/jetspeed/security/mapping/model/impl/AttributeDefImpl.java,100.0,1.0,137.0,22.0,6.0,36.0,505.0,ate@13f79535-47bb-0310-9956-ffa450edef68,1,0.002008032128514056,25.0,25.0,0.0,25.0,6287.861575178998,305419.8347107438,1,0,2.6968769005040847,false
components/jetspeed-security/src/main/java/org/apache/jetspeed/security/mapping/model/impl/AttributeImpl.java,85.0,5.0,0.0,11.0,21.0,25.0,505.0,ate@13f79535-47bb-0310-9956-ffa450edef68,1,0.002008032128514056,25.0,25.0,0.0,25.0,6287.861575178998,305419.8347107438,1,0,2.6968769005040847,false
components/jetspeed-security/src/main/java/org/apache/jetspeed/security/mapping/model/impl/DefaultEntityRelationSearch.java,50.0,8.0,9.0,7.0,12.0,19.0,505.0,ate@13f79535-47bb-0310-9956-ffa450edef68,1,0.002008032128514056,33.0,33.0,0.0,33.0,6287.861575178998,305419.8347107438,1,0,2.6968769005040847,false
components/jetspeed-security/src/main/java/org/apache/jetspeed/security/mapping/model/impl/EntityImpl.java,148.0,9.0,33.0,18.0,35.0,44.0,174.0,ate@13f79535-47bb-0310-9956-ffa450edef68,3,0.006024096385542169,38.0,38.0,25.0,38.0,6792.090146607569,306779.43029310304,3,0,0.8658564193905689,false
components/jetspeed-security/src/main/java/org/apache/jetspeed/security/spi/AlgorithmUpgradeCredentialPasswordEncoder.java,10.0,3.0,3.0,3.0,0.0,5.0,505.0,ate@13f79535-47bb-0310-9956-ffa450edef68,1,0.002008032128514056,50.0,50.0,0.0,50.0,6287.861575178998,305419.8347107438,1,0,2.6968769005040847,false
components/jetspeed-security/src/main/java/org/apache/jetspeed/security/spi/JetspeedPermissionAccessManager.java,11.0,4.0,15.0,6.0,0.0,6.0,505.0,ate@13f79535-47bb-0310-9956-ffa450edef68,1,0.002008032128514056,100.0,100.0,0.0,100.0,6287.861575178998,305419.8347107438,1,0,2.6968769005040847,false
components/jetspeed-security/src/main/java/org/apache/jetspeed/security/spi/JetspeedPermissionStorageManager.java,12.0,3.0,21.0,7.0,0.0,14.0,505.0,ate@13f79535-47bb-0310-9956-ffa450edef68,1,0.002008032128514056,100.0,100.0,0.0,100.0,6287.861575178998,305419.8347107438,1,0,2.6968769005040847,false
components/jetspeed-security/src/main/java/org/apache/jetspeed/security/spi/JetspeedPrincipalAccessManager.java,19.0,3.0,91.0,14.0,0.0,14.0,505.0,taylor@13f79535-47bb-0310-9956-ffa450edef68,1,0.002008032128514056,50.0,50.0,0.0,50.0,6287.861575178998,305419.8347107438,1,0,2.6968769005040847,false
components/jetspeed-security/src/main/java/org/apache/jetspeed/security/spi/JetspeedPrincipalAssociationHandler.java,18.0,4.0,21.0,7.0,0.0,13.0,505.0,ate@13f79535-47bb-0310-9956-ffa450edef68,1,0.002008032128514056,50.0,50.0,0.0,50.0,6287.861575178998,305419.8347107438,1,0,2.6968769005040847,false
components/jetspeed-security/src/main/java/org/apache/jetspeed/security/spi/JetspeedPrincipalAssociationStorageManager.java,7.0,2.0,1.0,2.0,0.0,4.0,505.0,ate@13f79535-47bb-0310-9956-ffa450edef68,1,0.002008032128514056,100.0,100.0,0.0,100.0,6287.861575178998,305419.8347107438,1,0,2.6968769005040847,false
components/jetspeed-security/src/main/java/org/apache/jetspeed/security/spi/JetspeedPrincipalManagerSPI.java,6.0,1.0,0.0,1.0,0.0,1.0,505.0,ate@13f79535-47bb-0310-9956-ffa450edef68,1,0.002008032128514056,100.0,100.0,0.0,100.0,6287.861575178998,305419.8347107438,1,0,2.6968769005040847,false
components/jetspeed-security/src/main/java/org/apache/jetspeed/security/spi/JetspeedPrincipalStorageManager.java,9.0,4.0,6.0,4.0,0.0,7.0,505.0,ate@13f79535-47bb-0310-9956-ffa450edef68,1,0.002008032128514056,100.0,100.0,0.0,100.0,6287.861575178998,305419.8347107438,1,0,2.6968769005040847,false
components/jetspeed-security/src/main/java/org/apache/jetspeed/security/spi/JetspeedSecuritySynchronizer.java,9.0,0.0,3.0,3.0,0.0,3.0,505.0,ate@13f79535-47bb-0310-9956-ffa450edef68,1,0.002008032128514056,25.0,25.0,0.0,25.0,6287.861575178998,305419.8347107438,1,0,2.6968769005040847,false
components/jetspeed-security/src/main/java/org/apache/jetspeed/security/spi/PasswordCredentialInterceptor.java,39.0,4.0,6.0,4.0,0.0,15.0,505.0,ate@13f79535-47bb-0310-9956-ffa450edef68,1,0.002008032128514056,50.0,50.0,0.0,50.0,6287.861575178998,305419.8347107438,1,0,2.6968769005040847,false
components/jetspeed-security/src/main/java/org/apache/jetspeed/security/spi/PersistentJetspeedPermission.java,7.0,1.0,1.0,2.0,0.0,2.0,505.0,ate@13f79535-47bb-0310-9956-ffa450edef68,1,0.002008032128514056,100.0,100.0,0.0,100.0,6287.861575178998,305419.8347107438,1,0,2.6968769005040847,false
components/jetspeed-security/src/main/java/org/apache/jetspeed/security/spi/UserPasswordCredentialAccessManager.java,13.0,3.0,3.0,3.0,0.0,5.0,505.0,ate@13f79535-47bb-0310-9956-ffa450edef68,1,0.002008032128514056,50.0,50.0,0.0,50.0,6287.861575178998,305419.8347107438,1,0,2.6968769005040847,false
components/jetspeed-security/src/main/java/org/apache/jetspeed/security/spi/UserPasswordCredentialManager.java,6.0,2.0,0.0,1.0,0.0,2.0,505.0,ate@13f79535-47bb-0310-9956-ffa450edef68,1,0.002008032128514056,100.0,100.0,0.0,100.0,6287.861575178998,305419.8347107438,1,0,2.6968769005040847,false
components/jetspeed-security/src/main/java/org/apache/jetspeed/security/spi/UserPasswordCredentialPolicyManager.java,10.0,4.0,10.0,5.0,0.0,8.0,505.0,ate@13f79535-47bb-0310-9956-ffa450edef68,1,0.002008032128514056,33.0,33.0,0.0,33.0,6287.861575178998,305419.8347107438,1,0,2.6968769005040847,false
components/jetspeed-security/src/main/java/org/apache/jetspeed/security/spi/UserPasswordCredentialStorageManager.java,7.0,3.0,1.0,2.0,0.0,4.0,253.0,taylor@13f79535-47bb-0310-9956-ffa450edef68,2,0.004016064257028112,50.0,25.0,0.0,25.0,6606.661575178998,306465.3547329832,2,0,1.107849985330112,false
components/jetspeed-security/src/main/java/org/apache/jetspeed/security/spi/UserSubjectPrincipalsProvider.java,7.0,1.0,1.0,2.0,0.0,2.0,505.0,ate@13f79535-47bb-0310-9956-ffa450edef68,1,0.002008032128514056,100.0,100.0,0.0,100.0,6287.861575178998,305419.8347107438,1,0,2.6968769005040847,false
components/jetspeed-security/src/main/java/org/apache/jetspeed/security/spi/UserSubjectPrincipalsResolver.java,8.0,6.0,3.0,3.0,0.0,3.0,505.0,ate@13f79535-47bb-0310-9956-ffa450edef68,1,0.002008032128514056,100.0,100.0,0.0,100.0,6287.861575178998,305419.8347107438,1,0,2.6968769005040847,false
components/jetspeed-security/src/main/java/org/apache/jetspeed/security/spi/impl/AbstractPasswordCredentialInterceptorImpl.java,17.0,5.0,6.0,4.0,0.0,12.0,505.0,ate@13f79535-47bb-0310-9956-ffa450edef68,1,0.002008032128514056,100.0,100.0,0.0,100.0,6287.861575178998,305419.8347107438,1,0,2.6968769005040847,false
components/jetspeed-security/src/main/java/org/apache/jetspeed/security/spi/impl/AlgorithmUpgradePBEPasswordService.java,47.0,10.0,6.0,5.0,21.0,17.0,505.0,taylor@13f79535-47bb-0310-9956-ffa450edef68,1,0.002008032128514056,33.0,33.0,0.0,33.0,6287.861575178998,305419.8347107438,1,0,2.6968769005040847,false
components/jetspeed-security/src/main/java/org/apache/jetspeed/security/spi/impl/BaseJetspeedPermission.java,79.0,8.0,0.0,9.0,11.0,16.0,505.0,ate@13f79535-47bb-0310-9956-ffa450edef68,1,0.002008032128514056,100.0,100.0,0.0,100.0,6287.861575178998,305419.8347107438,1,0,2.6968769005040847,false
components/jetspeed-security/src/main/java/org/apache/jetspeed/security/spi/impl/BaseJetspeedPrincipalAssociationHandler.java,77.0,8.0,0.0,9.0,43.0,29.0,505.0,ate@13f79535-47bb-0310-9956-ffa450edef68,1,0.002008032128514056,100.0,100.0,0.0,100.0,6287.861575178998,305419.8347107438,1,0,2.6968769005040847,false
components/jetspeed-security/src/main/java/org/apache/jetspeed/security/spi/impl/BelongsToPrincipalAssociationHandler.java,11.0,4.0,1.0,2.0,2.0,2.0,505.0,ate@13f79535-47bb-0310-9956-ffa450edef68,1,0.002008032128514056,50.0,50.0,0.0,50.0,6287.861575178998,305419.8347107438,1,0,2.6968769005040847,false
components/jetspeed-security/src/main/java/org/apache/jetspeed/security/spi/impl/DefaultCredentialPasswordValidator.java,30.0,4.0,0.0,3.0,4.0,6.0,505.0,ate@13f79535-47bb-0310-9956-ffa450edef68,1,0.002008032128514056,50.0,50.0,0.0,50.0,6287.861575178998,305419.8347107438,1,0,2.6968769005040847,false
components/jetspeed-security/src/main/java/org/apache/jetspeed/security/spi/impl/DefaultJetspeedSecuritySynchronizer.java,355.0,25.0,48.0,17.0,125.0,51.0,505.0,ate@13f79535-47bb-0310-9956-ffa450edef68,1,0.002008032128514056,9.0,9.0,0.0,9.0,6287.861575178998,305419.8347107438,1,0,2.6968769005040847,false
components/jetspeed-security/src/main/java/org/apache/jetspeed/security/spi/impl/EncodePasswordOnFirstLoadInterceptor.java,23.0,7.0,0.0,1.0,8.0,5.0,505.0,ate@13f79535-47bb-0310-9956-ffa450edef68,1,0.002008032128514056,50.0,50.0,0.0,50.0,6287.861575178998,305419.8347107438,1,0,2.6968769005040847,false
components/jetspeed-security/src/main/java/org/apache/jetspeed/security/spi/impl/FolderPermission.java,135.0,3.0,16.0,8.0,16.0,26.0,505.0,ate@13f79535-47bb-0310-9956-ffa450edef68,1,0.002008032128514056,100.0,100.0,0.0,100.0,6287.861575178998,305419.8347107438,1,0,2.6968769005040847,false
components/jetspeed-security/src/main/java/org/apache/jetspeed/security/spi/impl/FragmentPermission.java,64.0,3.0,10.0,5.0,9.0,11.0,505.0,ate@13f79535-47bb-0310-9956-ffa450edef68,1,0.002008032128514056,100.0,100.0,0.0,100.0,6287.861575178998,305419.8347107438,1,0,2.6968769005040847,false
components/jetspeed-security/src/main/java/org/apache/jetspeed/security/spi/impl/IsAPrincipalAssociationHandler.java,11.0,4.0,1.0,2.0,2.0,2.0,505.0,ate@13f79535-47bb-0310-9956-ffa450edef68,1,0.002008032128514056,100.0,100.0,0.0,100.0,6287.861575178998,305419.8347107438,1,0,2.6968769005040847,false
components/jetspeed-security/src/main/java/org/apache/jetspeed/security/spi/impl/IsChildOfPrincipalAssociationHandler.java,11.0,4.0,1.0,2.0,2.0,2.0,505.0,ate@13f79535-47bb-0310-9956-ffa450edef68,1,0.002008032128514056,100.0,100.0,0.0,100.0,6287.861575178998,305419.8347107438,1,0,2.6968769005040847,false
components/jetspeed-security/src/main/java/org/apache/jetspeed/security/spi/impl/IsMemberOfPrincipalAssociationHandler.java,11.0,4.0,1.0,2.0,2.0,2.0,505.0,ate@13f79535-47bb-0310-9956-ffa450edef68,1,0.002008032128514056,100.0,100.0,0.0,100.0,6287.861575178998,305419.8347107438,1,0,2.6968769005040847,false
components/jetspeed-security/src/main/java/org/apache/jetspeed/security/spi/impl/IsPartOfPrincipalAssociationHandler.java,11.0,4.0,1.0,2.0,2.0,2.0,505.0,ate@13f79535-47bb-0310-9956-ffa450edef68,1,0.002008032128514056,100.0,100.0,0.0,100.0,6287.861575178998,305419.8347107438,1,0,2.6968769005040847,false
components/jetspeed-security/src/main/java/org/apache/jetspeed/security/spi/impl/JetspeedPermissionFactory.java,15.0,1.0,8.0,5.0,0.0,6.0,505.0,ate@13f79535-47bb-0310-9956-ffa450edef68,1,0.002008032128514056,100.0,100.0,0.0,100.0,6287.861575178998,305419.8347107438,1,0,2.6968769005040847,false
components/jetspeed-security/src/main/java/org/apache/jetspeed/security/spi/impl/JetspeedPrincipalAssociation.java,16.0,2.0,1.0,2.0,1.0,2.0,505.0,ate@13f79535-47bb-0310-9956-ffa450edef68,1,0.002008032128514056,100.0,100.0,0.0,100.0,6287.861575178998,305419.8347107438,1,0,2.6968769005040847,false
components/jetspeed-security/src/main/java/org/apache/jetspeed/security/spi/impl/JetspeedPrincipalLdapAssociationStorageManager.java,37.0,8.0,0.0,3.0,14.0,7.0,505.0,ate@13f79535-47bb-0310-9956-ffa450edef68,1,0.002008032128514056,20.0,20.0,0.0,20.0,6287.861575178998,305419.8347107438,1,0,2.6968769005040847,false
components/jetspeed-security/src/main/java/org/apache/jetspeed/security/spi/impl/JetspeedPrincipalLdapStorageManager.java,36.0,7.0,0.0,5.0,21.0,12.0,505.0,ate@13f79535-47bb-0310-9956-ffa450edef68,1,0.002008032128514056,50.0,50.0,0.0,50.0,6287.861575178998,305419.8347107438,1,0,2.6968769005040847,false
components/jetspeed-security/src/main/java/org/apache/jetspeed/security/spi/impl/JetspeedPrincipalPermission.java,14.0,3.0,1.0,2.0,1.0,2.0,505.0,ate@13f79535-47bb-0310-9956-ffa450edef68,1,0.002008032128514056,100.0,100.0,0.0,100.0,6287.861575178998,305419.8347107438,1,0,2.6968769005040847,false
components/jetspeed-security/src/main/java/org/apache/jetspeed/security/spi/impl/JetspeedSecurityPersistenceManager.java,543.0,34.0,861.0,42.0,301.0,136.0,253.0,null,2,0.004016064257028112,13.0,7.0,0.0,7.0,6606.661575178998,306465.3547329832,2,0,1.107849985330112,false
components/jetspeed-security/src/main/java/org/apache/jetspeed/security/spi/impl/MaxPasswordAuthenticationFailuresInterceptor.java,42.0,2.0,4.0,4.0,6.0,12.0,505.0,ate@13f79535-47bb-0310-9956-ffa450edef68,1,0.002008032128514056,50.0,50.0,0.0,50.0,6287.861575178998,305419.8347107438,1,0,2.6968769005040847,false
components/jetspeed-security/src/main/java/org/apache/jetspeed/security/spi/impl/MessageDigestCredentialPasswordEncoder.java,40.0,5.0,5.0,6.0,7.0,14.0,505.0,ate@13f79535-47bb-0310-9956-ffa450edef68,1,0.002008032128514056,50.0,50.0,0.0,50.0,6287.861575178998,305419.8347107438,1,0,2.6968769005040847,false
components/jetspeed-security/src/main/java/org/apache/jetspeed/security/spi/impl/OnStartupSecuritySynchronizationBean.java,43.0,7.0,0.0,2.0,8.0,6.0,505.0,ate@13f79535-47bb-0310-9956-ffa450edef68,1,0.002008032128514056,25.0,25.0,0.0,25.0,6287.861575178998,305419.8347107438,1,0,2.6968769005040847,false
components/jetspeed-security/src/main/java/org/apache/jetspeed/security/spi/impl/PBEPasswordService.java,15.0,5.0,0.0,1.0,0.0,2.0,505.0,ate@13f79535-47bb-0310-9956-ffa450edef68,1,0.002008032128514056,50.0,50.0,0.0,50.0,6287.861575178998,305419.8347107438,1,0,2.6968769005040847,false
components/jetspeed-security/src/main/java/org/apache/jetspeed/security/spi/impl/PagePermission.java,51.0,3.0,10.0,5.0,4.0,10.0,505.0,ate@13f79535-47bb-0310-9956-ffa450edef68,1,0.002008032128514056,100.0,100.0,0.0,100.0,6287.861575178998,305419.8347107438,1,0,2.6968769005040847,false
components/jetspeed-security/src/main/java/org/apache/jetspeed/security/spi/impl/PasswordCredentialImpl.java,283.0,8.0,1012.0,48.0,21.0,97.0,254.0,ate@13f79535-47bb-0310-9956-ffa450edef68,2,0.004016064257028112,67.0,33.0,0.0,33.0,6473.290146607569,305733.9102708636,2,0,1.800997165890057,false
components/jetspeed-security/src/main/java/org/apache/jetspeed/security/spi/impl/PasswordCredentialInterceptorsProxy.java,43.0,6.0,0.0,5.0,6.0,21.0,505.0,ate@13f79535-47bb-0310-9956-ffa450edef68,1,0.002008032128514056,100.0,100.0,0.0,100.0,6287.861575178998,305419.8347107438,1,0,2.6968769005040847,false
components/jetspeed-security/src/main/java/org/apache/jetspeed/security/spi/impl/PasswordExpirationInterceptor.java,59.0,5.0,9.0,6.0,14.0,20.0,505.0,ate@13f79535-47bb-0310-9956-ffa450edef68,1,0.002008032128514056,50.0,50.0,0.0,50.0,6287.861575178998,305419.8347107438,1,0,2.6968769005040847,false
components/jetspeed-security/src/main/java/org/apache/jetspeed/security/spi/impl/PasswordHistoryInterceptor.java,22.0,3.0,3.0,3.0,2.0,7.0,505.0,ate@13f79535-47bb-0310-9956-ffa450edef68,1,0.002008032128514056,50.0,50.0,0.0,50.0,6287.861575178998,305419.8347107438,1,0,2.6968769005040847,false
components/jetspeed-security/src/main/java/org/apache/jetspeed/security/spi/impl/PersistentJetspeedPermissionImpl.java,31.0,1.0,15.0,7.0,0.0,11.0,505.0,rwatler@13f79535-47bb-0310-9956-ffa450edef68,1,0.002008032128514056,50.0,50.0,0.0,50.0,6287.861575178998,305419.8347107438,1,0,2.6968769005040847,false
components/jetspeed-security/src/main/java/org/apache/jetspeed/security/spi/impl/PortletPermission.java,60.0,3.0,10.0,5.0,7.0,11.0,505.0,ate@13f79535-47bb-0310-9956-ffa450edef68,1,0.002008032128514056,100.0,100.0,0.0,100.0,6287.861575178998,305419.8347107438,1,0,2.6968769005040847,false
components/jetspeed-security/src/main/java/org/apache/jetspeed/security/spi/impl/SimpleCredentialPasswordValidator.java,40.0,2.0,0.0,2.0,2.0,6.0,505.0,ate@13f79535-47bb-0310-9956-ffa450edef68,1,0.002008032128514056,50.0,50.0,0.0,50.0,6287.861575178998,305419.8347107438,1,0,2.6968769005040847,false
components/jetspeed-security/src/main/java/org/apache/jetspeed/security/spi/impl/SynchronizationStateAccess.java,18.0,0.0,0.0,2.0,4.0,6.0,505.0,ate@13f79535-47bb-0310-9956-ffa450edef68,1,0.002008032128514056,100.0,100.0,0.0,100.0,6287.861575178998,305419.8347107438,1,0,2.6968769005040847,false
components/jetspeed-security/src/main/java/org/apache/jetspeed/security/spi/impl/UserPasswordCredentialManagerImpl.java,72.0,8.0,0.0,5.0,18.0,17.0,505.0,taylor@13f79535-47bb-0310-9956-ffa450edef68,1,0.002008032128514056,33.0,33.0,0.0,33.0,6287.861575178998,305419.8347107438,1,0,2.6968769005040847,true
components/jetspeed-security/src/main/java/org/apache/jetspeed/security/spi/impl/UserPasswordCredentialPolicyManagerImpl.java,132.0,11.0,0.0,7.0,38.0,26.0,253.0,ate@13f79535-47bb-0310-9956-ffa450edef68,2,0.004016064257028112,50.0,25.0,25.0,25.0,6606.661575178998,306465.3547329832,2,0,1.107849985330112,false
components/jetspeed-security/src/main/java/org/apache/jetspeed/security/spi/impl/UserSubjectPrincipalsResolverImpl.java,118.0,13.0,2.0,9.0,49.0,28.0,505.0,ate@13f79535-47bb-0310-9956-ffa450edef68,1,0.002008032128514056,100.0,100.0,0.0,100.0,6287.861575178998,305419.8347107438,1,0,2.6968769005040847,false
components/jetspeed-security/src/main/java/org/apache/jetspeed/security/spi/impl/ValidatePasswordOnLoadInterceptor.java,25.0,7.0,0.0,1.0,5.0,7.0,505.0,ate@13f79535-47bb-0310-9956-ffa450edef68,1,0.002008032128514056,33.0,33.0,0.0,33.0,6287.861575178998,305419.8347107438,1,0,2.6968769005040847,false
components/jetspeed-security/src/main/java/org/apache/jetspeed/security/spi/impl/ldap/LdapContextProxy.java,89.0,11.0,12.0,8.0,14.0,23.0,505.0,ate@13f79535-47bb-0310-9956-ffa450edef68,1,0.002008032128514056,20.0,20.0,0.0,20.0,6287.861575178998,305419.8347107438,1,0,2.6968769005040847,false
components/jetspeed-security/src/main/java/org/apache/jetspeed/security/util/ojb/JetspeedPrincipalConcreteClassRowReader.java,69.0,8.0,0.0,5.0,20.0,22.0,505.0,ate@13f79535-47bb-0310-9956-ffa450edef68,1,0.002008032128514056,100.0,100.0,0.0,100.0,6287.861575178998,305419.8347107438,1,0,2.6968769005040847,false
components/jetspeed-security/src/main/java/org/apache/jetspeed/serializer/JetspeedSecuritySerializer.java,709.0,42.0,205.0,23.0,254.0,92.0,256.0,ate@13f79535-47bb-0310-9956-ffa450edef68,2,0.004016064257028112,12.0,6.0,6.0,6.0,6684.2094012659545,306473.1583188175,2,1,1.2159615395649297,false
components/jetspeed-security/src/test/java/org/apache/jetspeed/security/AbstractSecurityTestcase.java,101.0,16.0,20.0,8.0,27.0,22.0,505.0,taylor@13f79535-47bb-0310-9956-ffa450edef68,1,0.002008032128514056,14.0,14.0,0.0,14.0,6287.861575178998,305419.8347107438,1,0,2.6968769005040847,false
components/jetspeed-security/src/test/java/org/apache/jetspeed/security/TestGroupManager.java,225.0,4.0,45.0,10.0,57.0,29.0,505.0,taylor@13f79535-47bb-0310-9956-ffa450edef68,1,0.002008032128514056,17.0,17.0,0.0,17.0,6287.861575178998,305419.8347107438,1,0,2.6968769005040847,false
components/jetspeed-security/src/test/java/org/apache/jetspeed/security/TestLoginModule.java,46.0,7.0,4.0,5.0,16.0,11.0,505.0,ate@13f79535-47bb-0310-9956-ffa450edef68,1,0.002008032128514056,33.0,33.0,0.0,33.0,6287.861575178998,305419.8347107438,1,0,2.6968769005040847,false
components/jetspeed-security/src/test/java/org/apache/jetspeed/security/TestPermissionManager.java,296.0,15.0,91.0,14.0,126.0,39.0,505.0,ate@13f79535-47bb-0310-9956-ffa450edef68,1,0.002008032128514056,33.0,33.0,0.0,33.0,6287.861575178998,305419.8347107438,1,0,2.6968769005040847,false
components/jetspeed-security/src/test/java/org/apache/jetspeed/security/TestRdbmsPolicy.java,98.0,10.0,22.0,8.0,37.0,21.0,505.0,taylor@13f79535-47bb-0310-9956-ffa450edef68,1,0.002008032128514056,25.0,25.0,0.0,25.0,6287.861575178998,305419.8347107438,1,1,2.6968769005040847,false
components/jetspeed-security/src/test/java/org/apache/jetspeed/security/TestRdbmsPolicyFolder.java,172.0,10.0,79.0,14.0,38.0,32.0,505.0,rwatler@13f79535-47bb-0310-9956-ffa450edef68,1,0.002008032128514056,33.0,33.0,0.0,33.0,6287.861575178998,305419.8347107438,1,0,2.6968769005040847,false
components/jetspeed-security/src/test/java/org/apache/jetspeed/security/TestRoleManager.java,207.0,3.0,36.0,9.0,51.0,24.0,505.0,taylor@13f79535-47bb-0310-9956-ffa450edef68,1,0.002008032128514056,17.0,17.0,0.0,17.0,6287.861575178998,305419.8347107438,1,0,2.6968769005040847,false
components/jetspeed-security/src/test/java/org/apache/jetspeed/security/TestSubjectHelper.java,19.0,6.0,1.0,2.0,8.0,4.0,505.0,ate@13f79535-47bb-0310-9956-ffa450edef68,1,0.002008032128514056,100.0,100.0,0.0,100.0,6287.861575178998,305419.8347107438,1,0,2.6968769005040847,false
components/jetspeed-security/src/test/java/org/apache/jetspeed/security/TestUserManager.java,142.0,10.0,10.0,5.0,33.0,17.0,505.0,ate@13f79535-47bb-0310-9956-ffa450edef68,1,0.002008032128514056,14.0,14.0,0.0,14.0,6287.861575178998,305419.8347107438,1,1,2.6968769005040847,false
components/jetspeed-security/src/test/java/org/apache/jetspeed/security/mapping/ldap/AbstractLDAPTest.java,72.0,15.0,19.0,7.0,22.0,19.0,259.0,ate@13f79535-47bb-0310-9956-ffa450edef68,2,0.004016064257028112,33.0,33.0,17.0,33.0,6473.290146607569,305733.9102708636,2,0,1.800997165890057,false
components/jetspeed-security/src/test/java/org/apache/jetspeed/security/mapping/ldap/BasicTestCases.java,73.0,10.0,2.0,8.0,36.0,17.0,505.0,ate@13f79535-47bb-0310-9956-ffa450edef68,1,0.002008032128514056,25.0,25.0,0.0,25.0,6287.861575178998,305419.8347107438,1,0,2.6968769005040847,false
components/jetspeed-security/src/test/java/org/apache/jetspeed/security/mapping/ldap/setup1/AbstractSetup1LDAPTest.java,62.0,18.0,3.0,3.0,18.0,7.0,259.0,ate@13f79535-47bb-0310-9956-ffa450edef68,2,0.004016064257028112,50.0,50.0,25.0,50.0,6473.290146607569,305733.9102708636,2,0,1.800997165890057,false
components/jetspeed-security/src/test/java/org/apache/jetspeed/security/mapping/ldap/setup1/UserTests.java,116.0,5.0,45.0,10.0,46.0,21.0,341.0,ate@13f79535-47bb-0310-9956-ffa450edef68,1,0.002008032128514056,33.0,33.0,0.0,33.0,6287.861575178998,305419.8347107438,1,0,2.6968769005040847,false
components/jetspeed-security/src/test/java/org/apache/jetspeed/security/mapping/ldap/setup2/AbstractSetup2LDAPTest.java,80.0,19.0,3.0,3.0,18.0,7.0,259.0,ate@13f79535-47bb-0310-9956-ffa450edef68,2,0.004016064257028112,40.0,40.0,20.0,40.0,6473.290146607569,305733.9102708636,2,0,1.800997165890057,false
components/jetspeed-security/src/test/java/org/apache/jetspeed/security/mapping/ldap/setup2/UserTests.java,68.0,6.0,21.0,7.0,31.0,15.0,341.0,ate@13f79535-47bb-0310-9956-ffa450edef68,2,0.004016064257028112,67.0,67.0,33.0,67.0,6473.290146607569,305733.9102708636,2,0,1.800997165890057,false
components/jetspeed-security/src/test/java/org/apache/jetspeed/security/mapping/stubs/StubEntityDAO.java,43.0,7.0,61.0,14.0,9.0,20.0,505.0,ate@13f79535-47bb-0310-9956-ffa450edef68,1,0.002008032128514056,14.0,14.0,0.0,14.0,6287.861575178998,305419.8347107438,1,0,2.6968769005040847,false
components/jetspeed-security/src/test/java/org/apache/jetspeed/security/mapping/stubs/StubEntityFactory.java,22.0,6.0,0.0,2.0,7.0,6.0,505.0,ate@13f79535-47bb-0310-9956-ffa450edef68,1,0.002008032128514056,50.0,50.0,0.0,50.0,6287.861575178998,305419.8347107438,1,0,2.6968769005040847,false
components/jetspeed-security/src/test/java/org/apache/jetspeed/security/mapping/stubs/StubEntityRelationDAO.java,39.0,8.0,22.0,8.0,7.0,12.0,505.0,ate@13f79535-47bb-0310-9956-ffa450edef68,1,0.002008032128514056,20.0,20.0,0.0,20.0,6287.861575178998,305419.8347107438,1,0,2.6968769005040847,false
components/jetspeed-security/src/test/java/org/apache/jetspeed/security/spi/TestCredentialPasswordEncoder.java,23.0,4.0,6.0,4.0,9.0,8.0,505.0,ate@13f79535-47bb-0310-9956-ffa450edef68,1,0.002008032128514056,50.0,50.0,0.0,50.0,6287.861575178998,305419.8347107438,1,0,2.6968769005040847,false
components/jetspeed-security/src/test/java/org/apache/jetspeed/security/spi/TestDefaultJetspeedSynchronizer.java,63.0,18.0,1.0,2.0,8.0,5.0,505.0,taylor@13f79535-47bb-0310-9956-ffa450edef68,1,0.002008032128514056,33.0,33.0,0.0,33.0,6287.861575178998,305419.8347107438,1,0,2.6968769005040847,false
components/jetspeed-security/src/test/java/org/apache/jetspeed/security/spi/TestPasswordExpirationAndMaxAuthenticationFailuresInterceptor.java,30.0,7.0,21.0,7.0,6.0,14.0,505.0,ate@13f79535-47bb-0310-9956-ffa450edef68,1,0.002008032128514056,50.0,50.0,0.0,50.0,6287.861575178998,305419.8347107438,1,0,2.6968769005040847,false
components/jetspeed-security/src/test/java/org/apache/jetspeed/security/spi/TestPasswordHistoryInterceptor.java,25.0,6.0,10.0,5.0,5.0,10.0,505.0,ate@13f79535-47bb-0310-9956-ffa450edef68,1,0.002008032128514056,50.0,50.0,0.0,50.0,6287.861575178998,305419.8347107438,1,0,2.6968769005040847,false
components/jetspeed-security/src/test/java/org/apache/jetspeed/security/stubs/StubGroupManager.java,8.0,1.0,0.0,1.0,0.0,2.0,505.0,taylor@13f79535-47bb-0310-9956-ffa450edef68,1,0.002008032128514056,50.0,50.0,0.0,50.0,6287.861575178998,305419.8347107438,1,0,2.6968769005040847,false
components/jetspeed-security/src/test/java/org/apache/jetspeed/security/stubs/StubJetspeedPrincipal.java,46.0,6.0,91.0,14.0,0.0,29.0,505.0,ate@13f79535-47bb-0310-9956-ffa450edef68,1,0.002008032128514056,50.0,50.0,0.0,50.0,6287.861575178998,305419.8347107438,1,0,2.6968769005040847,false
components/jetspeed-security/src/test/java/org/apache/jetspeed/security/stubs/StubJetspeedPrincipalManager.java,106.0,10.0,313.0,26.0,16.0,55.0,505.0,ate@13f79535-47bb-0310-9956-ffa450edef68,1,0.002008032128514056,50.0,50.0,0.0,50.0,6287.861575178998,305419.8347107438,1,0,2.6968769005040847,false
components/jetspeed-security/src/test/java/org/apache/jetspeed/security/stubs/StubUserManager.java,13.0,3.0,1.0,2.0,2.0,4.0,505.0,taylor@13f79535-47bb-0310-9956-ffa450edef68,1,0.002008032128514056,50.0,50.0,0.0,50.0,6287.861575178998,305419.8347107438,1,0,2.6968769005040847,false
components/jetspeed-serializer/src/main/java/org/apache/jetspeed/serializer/AbstractJetspeedComponentSerializer.java,45.0,6.0,28.0,8.0,12.0,21.0,505.0,rwatler@13f79535-47bb-0310-9956-ffa450edef68,1,0.002008032128514056,25.0,25.0,0.0,25.0,6287.861575178998,305419.8347107438,1,0,2.6968769005040847,false
components/jetspeed-serializer/src/main/java/org/apache/jetspeed/serializer/JetspeedSerializerImpl.java,236.0,57.0,72.0,16.0,71.0,53.0,256.0,ate@13f79535-47bb-0310-9956-ffa450edef68,2,0.004016064257028112,15.0,8.0,8.0,8.0,6684.2094012659545,306473.1583188175,2,3,1.2159615395649297,false
components/jetspeed-serializer/src/main/java/org/apache/jetspeed/serializer/objects/JSApplications.java,7.0,1.0,0.0,0.0,0.0,0.0,505.0,ate@13f79535-47bb-0310-9956-ffa450edef68,1,0.002008032128514056,50.0,50.0,0.0,50.0,6287.861575178998,305419.8347107438,1,0,2.6968769005040847,false
components/jetspeed-serializer/src/main/java/org/apache/jetspeed/serializer/objects/JSCapabilities.java,8.0,1.0,0.0,0.0,0.0,0.0,505.0,ate@13f79535-47bb-0310-9956-ffa450edef68,1,0.002008032128514056,33.0,33.0,0.0,33.0,6287.861575178998,305419.8347107438,1,0,2.6968769005040847,false
components/jetspeed-serializer/src/main/java/org/apache/jetspeed/serializer/objects/JSClients.java,8.0,1.0,0.0,0.0,0.0,0.0,505.0,ate@13f79535-47bb-0310-9956-ffa450edef68,1,0.002008032128514056,33.0,33.0,0.0,33.0,6287.861575178998,305419.8347107438,1,0,2.6968769005040847,false
components/jetspeed-serializer/src/main/java/org/apache/jetspeed/serializer/objects/JSEntityPreference.java,61.0,3.0,3.0,7.0,11.0,16.0,505.0,ate@13f79535-47bb-0310-9956-ffa450edef68,1,0.002008032128514056,33.0,33.0,0.0,33.0,6287.861575178998,305419.8347107438,1,0,2.6968769005040847,false
components/jetspeed-serializer/src/main/java/org/apache/jetspeed/serializer/objects/JSGroups.java,8.0,1.0,0.0,0.0,0.0,0.0,505.0,ate@13f79535-47bb-0310-9956-ffa450edef68,1,0.002008032128514056,33.0,33.0,0.0,33.0,6287.861575178998,305419.8347107438,1,0,2.6968769005040847,false
components/jetspeed-serializer/src/main/java/org/apache/jetspeed/serializer/objects/JSMediaTypes.java,8.0,1.0,0.0,0.0,0.0,0.0,505.0,ate@13f79535-47bb-0310-9956-ffa450edef68,1,0.002008032128514056,33.0,33.0,0.0,33.0,6287.861575178998,305419.8347107438,1,0,2.6968769005040847,false
components/jetspeed-serializer/src/main/java/org/apache/jetspeed/serializer/objects/JSMimeTypes.java,8.0,1.0,0.0,0.0,0.0,0.0,505.0,ate@13f79535-47bb-0310-9956-ffa450edef68,1,0.002008032128514056,33.0,33.0,0.0,33.0,6287.861575178998,305419.8347107438,1,0,2.6968769005040847,false
components/jetspeed-serializer/src/main/java/org/apache/jetspeed/serializer/objects/JSNVPElement.java,50.0,3.0,2.0,9.0,5.0,16.0,505.0,rwatler@13f79535-47bb-0310-9956-ffa450edef68,1,0.002008032128514056,17.0,17.0,0.0,17.0,6287.861575178998,305419.8347107438,1,0,2.6968769005040847,false
components/jetspeed-serializer/src/main/java/org/apache/jetspeed/serializer/objects/JSNVPElements.java,51.0,4.0,14.0,8.0,9.0,16.0,505.0,ate@13f79535-47bb-0310-9956-ffa450edef68,1,0.002008032128514056,25.0,25.0,0.0,25.0,6287.861575178998,305419.8347107438,1,0,2.6968769005040847,false
components/jetspeed-serializer/src/main/java/org/apache/jetspeed/serializer/objects/JSNameValuePairs.java,67.0,9.0,0.0,7.0,22.0,16.0,505.0,ate@13f79535-47bb-0310-9956-ffa450edef68,1,0.002008032128514056,33.0,33.0,0.0,33.0,6287.861575178998,305419.8347107438,1,0,2.6968769005040847,false
components/jetspeed-serializer/src/main/java/org/apache/jetspeed/serializer/objects/JSPermission.java,182.0,5.0,224.0,24.0,22.0,47.0,256.0,ate@13f79535-47bb-0310-9956-ffa450edef68,2,0.004016064257028112,40.0,20.0,20.0,20.0,6684.2094012659545,306473.1583188175,2,0,1.2159615395649297,false
components/jetspeed-serializer/src/main/java/org/apache/jetspeed/serializer/objects/JSPermissions.java,8.0,1.0,0.0,0.0,0.0,0.0,505.0,ate@13f79535-47bb-0310-9956-ffa450edef68,1,0.002008032128514056,33.0,33.0,0.0,33.0,6287.861575178998,305419.8347107438,1,0,2.6968769005040847,false
components/jetspeed-serializer/src/main/java/org/apache/jetspeed/serializer/objects/JSPrincipal.java,236.0,11.0,599.0,38.0,39.0,70.0,256.0,woonsan@13f79535-47bb-0310-9956-ffa450edef68,2,0.004016064257028112,33.0,17.0,17.0,17.0,6684.2094012659545,306473.1583188175,2,0,1.2159615395649297,false
components/jetspeed-serializer/src/main/java/org/apache/jetspeed/serializer/objects/JSPrincipalAssociation.java,70.0,2.0,56.0,12.0,15.0,20.0,7.0,woonsan@13f79535-47bb-0310-9956-ffa450edef68,1,0.002008032128514056,100.0,0.0,100.0,0.0,396.3478260869565,1053.323608073686,1,0,1.1213405397456657,false
components/jetspeed-serializer/src/main/java/org/apache/jetspeed/serializer/objects/JSPrincipalAssociations.java,3.0,1.0,0.0,0.0,0.0,0.0,7.0,woonsan@13f79535-47bb-0310-9956-ffa450edef68,1,0.002008032128514056,100.0,0.0,100.0,0.0,396.3478260869565,1053.323608073686,1,0,1.1213405397456657,false
components/jetspeed-serializer/src/main/java/org/apache/jetspeed/serializer/objects/JSPrincipalRules.java,7.0,1.0,0.0,0.0,0.0,0.0,505.0,ate@13f79535-47bb-0310-9956-ffa450edef68,1,0.002008032128514056,33.0,33.0,0.0,33.0,6287.861575178998,305419.8347107438,1,0,2.6968769005040847,false
components/jetspeed-serializer/src/main/java/org/apache/jetspeed/serializer/objects/JSPrincipals.java,52.0,4.0,9.0,6.0,10.0,12.0,505.0,ate@13f79535-47bb-0310-9956-ffa450edef68,1,0.002008032128514056,50.0,50.0,0.0,50.0,6287.861575178998,305419.8347107438,1,0,2.6968769005040847,false
components/jetspeed-serializer/src/main/java/org/apache/jetspeed/serializer/objects/JSProfilingRules.java,8.0,1.0,0.0,0.0,0.0,0.0,505.0,ate@13f79535-47bb-0310-9956-ffa450edef68,1,0.002008032128514056,33.0,33.0,0.0,33.0,6287.861575178998,305419.8347107438,1,0,2.6968769005040847,false
components/jetspeed-serializer/src/main/java/org/apache/jetspeed/serializer/objects/JSRoles.java,8.0,1.0,0.0,0.0,0.0,0.0,505.0,ate@13f79535-47bb-0310-9956-ffa450edef68,1,0.002008032128514056,33.0,33.0,0.0,33.0,6287.861575178998,305419.8347107438,1,0,2.6968769005040847,false
components/jetspeed-serializer/src/main/java/org/apache/jetspeed/serializer/objects/JSSecurityAttributes.java,47.0,3.0,9.0,6.0,13.0,12.0,505.0,ate@13f79535-47bb-0310-9956-ffa450edef68,1,0.002008032128514056,50.0,50.0,0.0,50.0,6287.861575178998,305419.8347107438,1,0,2.6968769005040847,false
components/jetspeed-serializer/src/main/java/org/apache/jetspeed/serializer/objects/JSSnapshot.java,430.0,5.0,992.0,49.0,38.0,88.0,256.0,woonsan@13f79535-47bb-0310-9956-ffa450edef68,2,0.004016064257028112,29.0,14.0,14.0,14.0,6684.2094012659545,306473.1583188175,2,0,1.2159615395649297,false
components/jetspeed-serializer/src/main/java/org/apache/jetspeed/serializer/objects/JSUser.java,328.0,12.0,1220.0,53.0,72.0,113.0,505.0,taylor@13f79535-47bb-0310-9956-ffa450edef68,1,0.002008032128514056,25.0,25.0,0.0,25.0,6287.861575178998,305419.8347107438,1,0,2.6968769005040847,false
components/jetspeed-serializer/src/main/java/org/apache/jetspeed/serializer/objects/JSUserAttributes.java,5.0,0.0,0.0,1.0,0.0,1.0,505.0,ate@13f79535-47bb-0310-9956-ffa450edef68,1,0.002008032128514056,33.0,33.0,0.0,33.0,6287.861575178998,305419.8347107438,1,0,2.6968769005040847,false
components/jetspeed-serializer/src/main/java/org/apache/jetspeed/serializer/objects/JSUsers.java,7.0,1.0,0.0,0.0,0.0,0.0,505.0,taylor@13f79535-47bb-0310-9956-ffa450edef68,1,0.002008032128514056,25.0,25.0,0.0,25.0,6287.861575178998,305419.8347107438,1,0,2.6968769005040847,false
components/jetspeed-serializer/src/test/java/org/apache/jetspeed/serializer/TestSerializer.java,9.0,1.0,1.0,2.0,2.0,4.0,505.0,taylor@13f79535-47bb-0310-9956-ffa450edef68,1,0.002008032128514056,33.0,33.0,0.0,33.0,6287.861575178998,305419.8347107438,1,0,2.6968769005040847,false
components/jetspeed-serializer/src/test/java/org/apache/jetspeed/serializer/TestSnapshot.java,15.0,6.0,3.0,3.0,2.0,6.0,505.0,taylor@13f79535-47bb-0310-9956-ffa450edef68,1,0.002008032128514056,25.0,25.0,0.0,25.0,6287.861575178998,305419.8347107438,1,0,2.6968769005040847,false
components/jetspeed-sso/src/main/java/org/apache/jetspeed/sso/impl/PersistenceBrokerSSOProvider.java,757.0,43.0,698.0,40.0,307.0,159.0,505.0,taylor@13f79535-47bb-0310-9956-ffa450edef68,1,0.002008032128514056,25.0,25.0,0.0,25.0,6287.861575178998,305419.8347107438,1,0,2.6968769005040847,false
components/jetspeed-statistics/src/test/java/org/apache/jetspeed/audit/TestAuditActivity.java,257.0,12.0,61.0,14.0,91.0,41.0,505.0,taylor@13f79535-47bb-0310-9956-ffa450edef68,1,0.002008032128514056,25.0,25.0,0.0,25.0,6287.861575178998,305419.8347107438,1,1,2.6968769005040847,false
components/jetspeed-statistics/src/test/java/org/apache/jetspeed/statistics/TestStatistics.java,216.0,22.0,80.0,16.0,92.0,42.0,505.0,taylor@13f79535-47bb-0310-9956-ffa450edef68,1,0.002008032128514056,14.0,14.0,0.0,14.0,6287.861575178998,305419.8347107438,1,1,2.6968769005040847,false
jetspeed-api/src/main/java/org/apache/jetspeed/CommonPortletServices.java,38.0,0.0,0.0,0.0,0.0,0.0,505.0,taylor@13f79535-47bb-0310-9956-ffa450edef68,1,0.002008032128514056,11.0,11.0,0.0,11.0,6287.861575178998,305419.8347107438,1,1,2.6968769005040847,false
jetspeed-api/src/main/java/org/apache/jetspeed/aggregator/FailedToRenderFragmentException.java,31.0,1.0,6.0,4.0,0.0,4.0,505.0,taylor@13f79535-47bb-0310-9956-ffa450edef68,1,0.002008032128514056,33.0,33.0,0.0,33.0,6287.861575178998,305419.8347107438,1,0,2.6968769005040847,false
jetspeed-api/src/main/java/org/apache/jetspeed/aggregator/PortletContent.java,57.0,2.0,55.0,11.0,0.0,21.0,505.0,woonsan@13f79535-47bb-0310-9956-ffa450edef68,1,0.002008032128514056,8.0,8.0,0.0,8.0,6287.861575178998,305419.8347107438,1,0,2.6968769005040847,false
jetspeed-api/src/main/java/org/apache/jetspeed/aggregator/UnrenderedContentException.java,34.0,1.0,6.0,4.0,0.0,4.0,505.0,taylor@13f79535-47bb-0310-9956-ffa450edef68,1,0.002008032128514056,33.0,33.0,0.0,33.0,6287.861575178998,305419.8347107438,1,0,2.6968769005040847,false
jetspeed-api/src/main/java/org/apache/jetspeed/cache/JetspeedCache.java,85.0,2.0,120.0,16.0,0.0,37.0,10.0,taylor@13f79535-47bb-0310-9956-ffa450edef68,1,0.002008032128514056,20.0,0.0,20.0,0.0,396.3478260869565,1053.323608073686,1,0,1.1213405397456657,false
jetspeed-api/src/main/java/org/apache/jetspeed/components/RefreshableBean.java,7.0,0.0,0.0,1.0,0.0,1.0,505.0,ate@13f79535-47bb-0310-9956-ffa450edef68,1,0.002008032128514056,100.0,100.0,0.0,100.0,6287.861575178998,305419.8347107438,1,0,2.6968769005040847,false
jetspeed-api/src/main/java/org/apache/jetspeed/components/portletentity/PortletEntityAccessComponent.java,82.0,7.0,105.0,15.0,0.0,27.0,505.0,taylor@13f79535-47bb-0310-9956-ffa450edef68,1,0.002008032128514056,14.0,14.0,0.0,14.0,6287.861575178998,305419.8347107438,1,0,2.6968769005040847,false
jetspeed-api/src/main/java/org/apache/jetspeed/components/portletpreferences/PortletPreferencesProvider.java,10.0,4.0,28.0,8.0,0.0,9.0,255.0,taylor@13f79535-47bb-0310-9956-ffa450edef68,2,0.004016064257028112,14.0,14.0,7.0,14.0,6684.2094012659545,306473.1583188175,2,0,1.2159615395649297,false
jetspeed-api/src/main/java/org/apache/jetspeed/components/portletregistry/FailedToStorePortletDefinitionException.java,40.0,1.0,15.0,6.0,3.0,6.0,505.0,taylor@13f79535-47bb-0310-9956-ffa450edef68,1,0.002008032128514056,33.0,33.0,0.0,33.0,6287.861575178998,305419.8347107438,1,0,2.6968769005040847,false
jetspeed-api/src/main/java/org/apache/jetspeed/engine/JetspeedEngineConstants.java,65.0,0.0,0.0,0.0,0.0,0.0,505.0,ate@13f79535-47bb-0310-9956-ffa450edef68,1,0.002008032128514056,25.0,25.0,0.0,25.0,6287.861575178998,305419.8347107438,1,1,2.6968769005040847,false
jetspeed-api/src/main/java/org/apache/jetspeed/i18n/KeyedMessage.java,345.0,9.0,217.0,26.0,46.0,100.0,505.0,ate@13f79535-47bb-0310-9956-ffa450edef68,1,0.002008032128514056,50.0,50.0,0.0,50.0,6287.861575178998,305419.8347107438,1,0,2.6968769005040847,false
jetspeed-api/src/main/java/org/apache/jetspeed/mockobjects/MockHttpServletRequest.java,164.0,12.0,1431.0,54.0,0.0,108.0,0.0,taylor@13f79535-47bb-0310-9956-ffa450edef68,0,0.0,0.0,0.0,0.0,0.0,0.0,0.0,0,1,0.0,false
jetspeed-api/src/main/java/org/apache/jetspeed/om/common/portlet/MutablePortletApplication.java,99.0,9.0,153.0,18.0,0.0,23.0,505.0,taylor@13f79535-47bb-0310-9956-ffa450edef68,1,0.002008032128514056,33.0,33.0,0.0,33.0,6287.861575178998,305419.8347107438,1,0,2.6968769005040847,false
jetspeed-api/src/main/java/org/apache/jetspeed/om/common/portlet/MutablePortletEntity.java,15.0,3.0,6.0,4.0,0.0,4.0,505.0,taylor@13f79535-47bb-0310-9956-ffa450edef68,1,0.002008032128514056,33.0,33.0,0.0,33.0,6287.861575178998,305419.8347107438,1,0,2.6968769005040847,false
jetspeed-api/src/main/java/org/apache/jetspeed/om/common/portlet/PortletDefinitionComposite.java,113.0,21.0,666.0,37.0,0.0,60.0,505.0,taylor@13f79535-47bb-0310-9956-ffa450edef68,1,0.002008032128514056,33.0,33.0,0.0,33.0,6287.861575178998,305419.8347107438,1,0,2.6968769005040847,false
jetspeed-api/src/main/java/org/apache/jetspeed/om/common/preference/PreferenceComposite.java,21.0,7.0,10.0,5.0,0.0,6.0,505.0,taylor@13f79535-47bb-0310-9956-ffa450edef68,1,0.002008032128514056,33.0,33.0,0.0,33.0,6287.861575178998,305419.8347107438,1,0,2.6968769005040847,false
jetspeed-api/src/main/java/org/apache/jetspeed/om/folder/Folder.java,187.0,10.0,325.0,26.0,0.0,72.0,0.0,taylor@13f79535-47bb-0310-9956-ffa450edef68,0,0.0,0.0,0.0,0.0,0.0,0.0,0.0,0,0,0.0,false
jetspeed-api/src/main/java/org/apache/jetspeed/page/PageManager.java,427.0,25.0,2278.0,68.0,0.0,183.0,17.0,rwatler@13f79535-47bb-0310-9956-ffa450edef68,1,0.002008032128514056,7.0,7.0,7.0,7.0,229.25,397.8555787251316,1,0,4.48863636973214,false
jetspeed-api/src/main/java/org/apache/jetspeed/security/AuthenticatedUser.java,9.0,1.0,6.0,4.0,0.0,4.0,505.0,ate@13f79535-47bb-0310-9956-ffa450edef68,1,0.002008032128514056,100.0,100.0,0.0,100.0,6287.861575178998,305419.8347107438,1,0,2.6968769005040847,false
jetspeed-api/src/main/java/org/apache/jetspeed/security/AuthenticationProvider.java,23.0,0.0,3.0,3.0,0.0,7.0,505.0,ate@13f79535-47bb-0310-9956-ffa450edef68,1,0.002008032128514056,33.0,33.0,0.0,33.0,6287.861575178998,305419.8347107438,1,0,2.6968769005040847,false
jetspeed-api/src/main/java/org/apache/jetspeed/security/Credential.java,2.0,1.0,0.0,0.0,0.0,0.0,505.0,ate@13f79535-47bb-0310-9956-ffa450edef68,1,0.002008032128514056,100.0,100.0,0.0,100.0,6287.861575178998,305419.8347107438,1,0,2.6968769005040847,false
jetspeed-api/src/main/java/org/apache/jetspeed/security/CredentialPasswordEncoder.java,8.0,0.0,0.0,1.0,0.0,2.0,505.0,ate@13f79535-47bb-0310-9956-ffa450edef68,1,0.002008032128514056,33.0,33.0,0.0,33.0,6287.861575178998,305419.8347107438,1,0,2.6968769005040847,false
jetspeed-api/src/main/java/org/apache/jetspeed/security/CredentialPasswordValidator.java,8.0,0.0,0.0,1.0,0.0,2.0,505.0,ate@13f79535-47bb-0310-9956-ffa450edef68,1,0.002008032128514056,50.0,50.0,0.0,50.0,6287.861575178998,305419.8347107438,1,0,2.6968769005040847,false
jetspeed-api/src/main/java/org/apache/jetspeed/security/Group.java,6.0,0.0,0.0,0.0,0.0,0.0,505.0,ate@13f79535-47bb-0310-9956-ffa450edef68,1,0.002008032128514056,50.0,50.0,0.0,50.0,6287.861575178998,305419.8347107438,1,0,2.6968769005040847,false
jetspeed-api/src/main/java/org/apache/jetspeed/security/GroupManager.java,124.0,1.0,171.0,19.0,0.0,60.0,505.0,taylor@13f79535-47bb-0310-9956-ffa450edef68,1,0.002008032128514056,33.0,33.0,0.0,33.0,6287.861575178998,305419.8347107438,1,0,2.6968769005040847,false
jetspeed-api/src/main/java/org/apache/jetspeed/security/JetspeedPermission.java,8.0,1.0,3.0,3.0,0.0,3.0,505.0,taylor@13f79535-47bb-0310-9956-ffa450edef68,1,0.002008032128514056,50.0,50.0,0.0,50.0,6287.861575178998,305419.8347107438,1,0,2.6968769005040847,false
jetspeed-api/src/main/java/org/apache/jetspeed/security/JetspeedPrincipal.java,22.0,3.0,91.0,14.0,0.0,18.0,505.0,ate@13f79535-47bb-0310-9956-ffa450edef68,1,0.002008032128514056,50.0,50.0,0.0,50.0,6287.861575178998,305419.8347107438,1,0,2.6968769005040847,false
jetspeed-api/src/main/java/org/apache/jetspeed/security/JetspeedPrincipalAssociationReference.java,22.0,0.0,0.0,2.0,4.0,6.0,505.0,ate@13f79535-47bb-0310-9956-ffa450edef68,1,0.002008032128514056,100.0,100.0,0.0,100.0,6287.861575178998,305419.8347107438,1,0,2.6968769005040847,false
jetspeed-api/src/main/java/org/apache/jetspeed/security/JetspeedPrincipalAssociationType.java,52.0,0.0,28.0,8.0,0.0,16.0,255.0,taylor@13f79535-47bb-0310-9956-ffa450edef68,2,0.004016064257028112,50.0,25.0,0.0,25.0,6606.661575178998,306465.3547329832,2,0,1.107849985330112,false
jetspeed-api/src/main/java/org/apache/jetspeed/security/JetspeedPrincipalManager.java,64.0,2.0,210.0,21.0,0.0,45.0,505.0,taylor@13f79535-47bb-0310-9956-ffa450edef68,1,0.002008032128514056,17.0,17.0,0.0,17.0,6287.861575178998,305419.8347107438,1,0,2.6968769005040847,false
jetspeed-api/src/main/java/org/apache/jetspeed/security/JetspeedPrincipalManagerProvider.java,9.0,1.0,6.0,4.0,0.0,4.0,505.0,ate@13f79535-47bb-0310-9956-ffa450edef68,1,0.002008032128514056,100.0,100.0,0.0,100.0,6287.861575178998,305419.8347107438,1,0,2.6968769005040847,false
jetspeed-api/src/main/java/org/apache/jetspeed/security/JetspeedPrincipalPermission.java,7.0,0.0,1.0,2.0,0.0,2.0,505.0,ate@13f79535-47bb-0310-9956-ffa450edef68,1,0.002008032128514056,100.0,100.0,0.0,100.0,6287.861575178998,305419.8347107438,1,0,2.6968769005040847,false
jetspeed-api/src/main/java/org/apache/jetspeed/security/JetspeedPrincipalType.java,26.0,0.0,6.0,4.0,0.0,6.0,255.0,vkumar@13f79535-47bb-0310-9956-ffa450edef68,2,0.004016064257028112,40.0,20.0,0.0,20.0,6606.661575178998,306465.3547329832,2,0,1.107849985330112,false
jetspeed-api/src/main/java/org/apache/jetspeed/security/LoginModuleProxy.java,25.0,0.0,3.0,3.0,0.0,9.0,505.0,ate@13f79535-47bb-0310-9956-ffa450edef68,1,0.002008032128514056,33.0,33.0,0.0,33.0,6287.861575178998,305419.8347107438,1,0,2.6968769005040847,false
jetspeed-api/src/main/java/org/apache/jetspeed/security/PasswordCredential.java,53.0,2.0,210.0,21.0,0.0,27.0,505.0,ate@13f79535-47bb-0310-9956-ffa450edef68,1,0.002008032128514056,50.0,50.0,0.0,50.0,6287.861575178998,305419.8347107438,1,0,2.6968769005040847,false
jetspeed-api/src/main/java/org/apache/jetspeed/security/PermissionFactory.java,12.0,0.0,3.0,3.0,0.0,3.0,505.0,ate@13f79535-47bb-0310-9956-ffa450edef68,1,0.002008032128514056,100.0,100.0,0.0,100.0,6287.861575178998,305419.8347107438,1,0,2.6968769005040847,false
jetspeed-api/src/main/java/org/apache/jetspeed/security/PermissionManager.java,21.0,3.0,120.0,16.0,0.0,24.0,505.0,ate@13f79535-47bb-0310-9956-ffa450edef68,1,0.002008032128514056,50.0,50.0,0.0,50.0,6287.861575178998,305419.8347107438,1,0,2.6968769005040847,false
jetspeed-api/src/main/java/org/apache/jetspeed/security/PrincipalTypeManager.java,7.0,0.0,1.0,2.0,0.0,2.0,255.0,taylor@13f79535-47bb-0310-9956-ffa450edef68,2,0.004016064257028112,50.0,25.0,0.0,25.0,6606.661575178998,306465.3547329832,2,0,1.107849985330112,false
jetspeed-api/src/main/java/org/apache/jetspeed/security/Role.java,6.0,0.0,0.0,0.0,0.0,0.0,505.0,ate@13f79535-47bb-0310-9956-ffa450edef68,1,0.002008032128514056,50.0,50.0,0.0,50.0,6287.861575178998,305419.8347107438,1,0,2.6968769005040847,false
jetspeed-api/src/main/java/org/apache/jetspeed/security/RoleManager.java,146.0,1.0,231.0,22.0,0.0,70.0,505.0,taylor@13f79535-47bb-0310-9956-ffa450edef68,1,0.002008032128514056,33.0,33.0,0.0,33.0,6287.861575178998,305419.8347107438,1,0,2.6968769005040847,false
jetspeed-api/src/main/java/org/apache/jetspeed/security/SecurityAttribute.java,7.0,0.0,1.0,2.0,0.0,3.0,505.0,ate@13f79535-47bb-0310-9956-ffa450edef68,1,0.002008032128514056,100.0,100.0,0.0,100.0,6287.861575178998,305419.8347107438,1,0,2.6968769005040847,false
jetspeed-api/src/main/java/org/apache/jetspeed/security/SecurityAttributeType.java,22.0,0.0,15.0,6.0,0.0,6.0,255.0,taylor@13f79535-47bb-0310-9956-ffa450edef68,2,0.004016064257028112,50.0,25.0,0.0,25.0,6606.661575178998,306465.3547329832,2,0,1.107849985330112,false
jetspeed-api/src/main/java/org/apache/jetspeed/security/SecurityAttributeTypes.java,9.0,1.0,6.0,4.0,0.0,4.0,255.0,taylor@13f79535-47bb-0310-9956-ffa450edef68,2,0.004016064257028112,50.0,25.0,0.0,25.0,6606.661575178998,306465.3547329832,2,0,1.107849985330112,false
jetspeed-api/src/main/java/org/apache/jetspeed/security/SecurityAttributes.java,29.0,2.0,105.0,15.0,0.0,22.0,505.0,ate@13f79535-47bb-0310-9956-ffa450edef68,1,0.002008032128514056,100.0,100.0,0.0,100.0,6287.861575178998,305419.8347107438,1,0,2.6968769005040847,false
jetspeed-api/src/main/java/org/apache/jetspeed/security/SecurityException.java,173.0,2.0,6.0,4.0,0.0,4.0,174.0,ate@13f79535-47bb-0310-9956-ffa450edef68,2,0.004016064257028112,43.0,29.0,29.0,29.0,6606.661575178998,306465.3547329832,2,0,1.4631095757999204,false
jetspeed-api/src/main/java/org/apache/jetspeed/security/User.java,11.0,1.0,0.0,0.0,0.0,0.0,505.0,ate@13f79535-47bb-0310-9956-ffa450edef68,1,0.002008032128514056,50.0,50.0,0.0,50.0,6287.861575178998,305419.8347107438,1,0,2.6968769005040847,false
jetspeed-api/src/main/java/org/apache/jetspeed/security/UserCredential.java,53.0,2.0,66.0,12.0,0.0,29.0,254.0,ate@13f79535-47bb-0310-9956-ffa450edef68,2,0.004016064257028112,100.0,50.0,0.0,50.0,6473.290146607569,305733.9102708636,2,0,1.800997165890057,false
jetspeed-api/src/main/java/org/apache/jetspeed/security/UserManager.java,108.0,2.0,171.0,19.0,0.0,62.0,505.0,taylor@13f79535-47bb-0310-9956-ffa450edef68,1,0.002008032128514056,25.0,25.0,0.0,25.0,6287.861575178998,305419.8347107438,1,0,2.6968769005040847,false
jetspeed-api/src/main/java/org/apache/jetspeed/security/UserSubjectPrincipal.java,10.0,3.0,3.0,3.0,0.0,3.0,505.0,ate@13f79535-47bb-0310-9956-ffa450edef68,1,0.002008032128514056,50.0,50.0,0.0,50.0,6287.861575178998,305419.8347107438,1,0,2.6968769005040847,false
jetspeed-api/src/main/java/org/apache/jetspeed/serializer/JetspeedSerializer.java,77.0,2.0,28.0,8.0,0.0,20.0,0.0,ate@13f79535-47bb-0310-9956-ffa450edef68,0,0.0,0.0,0.0,0.0,0.0,0.0,0.0,0,3,0.0,false
jetspeed-api/src/main/java/org/apache/jetspeed/sso/SSOPrincipal.java,105.0,3.0,210.0,21.0,0.0,52.0,505.0,taylor@13f79535-47bb-0310-9956-ffa450edef68,1,0.002008032128514056,33.0,33.0,0.0,33.0,6287.861575178998,305419.8347107438,1,0,2.6968769005040847,false
jetspeed-api/src/main/java/org/apache/jetspeed/userinfo/UserAttributeSource.java,9.0,5.0,0.0,1.0,0.0,2.0,505.0,taylor@13f79535-47bb-0310-9956-ffa450edef68,1,0.002008032128514056,25.0,25.0,0.0,25.0,6287.861575178998,305419.8347107438,1,0,2.6968769005040847,false
jetspeed-api/src/main/java/org/apache/jetspeed/userinfo/UserInfoManager.java,13.0,3.0,0.0,1.0,0.0,3.0,505.0,taylor@13f79535-47bb-0310-9956-ffa450edef68,1,0.002008032128514056,20.0,20.0,0.0,20.0,6287.861575178998,305419.8347107438,1,0,2.6968769005040847,false
jetspeed-commons/src/main/java/org/apache/jetspeed/security/AuthenticatedUserImpl.java,30.0,2.0,0.0,6.0,2.0,10.0,505.0,ate@13f79535-47bb-0310-9956-ffa450edef68,1,0.002008032128514056,100.0,100.0,0.0,100.0,6287.861575178998,305419.8347107438,1,0,2.6968769005040847,false
jetspeed-commons/src/main/java/org/apache/jetspeed/security/JetspeedSubjectFactory.java,22.0,5.0,1.0,2.0,8.0,5.0,505.0,ate@13f79535-47bb-0310-9956-ffa450edef68,1,0.002008032128514056,100.0,100.0,0.0,100.0,6287.861575178998,305419.8347107438,1,0,2.6968769005040847,false
jetspeed-commons/src/main/java/org/apache/jetspeed/security/PrincipalsSet.java,59.0,7.0,0.0,14.0,13.0,27.0,505.0,ate@13f79535-47bb-0310-9956-ffa450edef68,1,0.002008032128514056,50.0,50.0,0.0,50.0,6287.861575178998,305419.8347107438,1,0,2.6968769005040847,false
jetspeed-commons/src/main/java/org/apache/jetspeed/security/SubjectHelper.java,121.0,6.0,15.0,6.0,28.0,34.0,505.0,taylor@13f79535-47bb-0310-9956-ffa450edef68,1,0.002008032128514056,50.0,50.0,0.0,50.0,6287.861575178998,305419.8347107438,1,0,2.6968769005040847,false
jetspeed-commons/src/main/java/org/apache/jetspeed/security/UserSubjectPrincipalImpl.java,23.0,1.0,2.0,5.0,1.0,8.0,505.0,ate@13f79535-47bb-0310-9956-ffa450edef68,1,0.002008032128514056,100.0,100.0,0.0,100.0,6287.861575178998,305419.8347107438,1,0,2.6968769005040847,false
maven/jetspeed-archetype/src/main/resources/archetype-resources/__rootArtifactId__-pa/src/main/java/MyPortlet.java,34.0,8.0,0.0,4.0,6.0,10.0,22.0,rwatler@13f79535-47bb-0310-9956-ffa450edef68,1,0.002008032128514056,50.0,0.0,0.0,0.0,185.42857142857144,314.0755601198135,1,0,2.2914117923959205,false
maven/jetspeed-deploy-maven-plugin/src/main/java/org/apache/jetspeed/maven/plugins/DeployMojo.java,425.0,26.0,45.0,10.0,92.0,42.0,1.0,ate@13f79535-47bb-0310-9956-ffa450edef68,1,0.002008032128514056,5.0,0.0,0.0,0.0,6287.861575178998,305419.8347107438,1,2,2.6968769005040847,false
maven/jetspeed-mvn-maven-plugin/src/main/java/org/apache/jetspeed/maven/plugins/CompositeMap.java,108.0,6.0,71.0,14.0,8.0,31.0,0.0,ate@13f79535-47bb-0310-9956-ffa450edef68,0,0.0,0.0,0.0,0.0,0.0,0.0,0.0,0,0,0.0,false
maven/jetspeed-mvn-maven-plugin/src/main/java/org/apache/jetspeed/maven/plugins/MvnMojo.java,398.0,33.0,10.0,8.0,112.0,41.0,0.0,ate@13f79535-47bb-0310-9956-ffa450edef68,0,0.0,0.0,0.0,0.0,0.0,0.0,0.0,0,0,0.0,false
