name,LOC,CBO,LCOM,NOM,RFC,WMC,ACS,Ownership,numOfChanges,numberOfFIChanges,ENH,NF,BugFixing,REF,structuralWorkloadSum,semanticWorkloadSum,numberOfDeveloper,pastFaults,MAF,isBuggy
components/jetspeed-cm/src/test/java/org/apache/jetspeed/cache/TestContentCache.java,222.0,19.0,1.0,2.0,40.0,4.0,0.0,woonsan@13f79535-47bb-0310-9956-ffa450edef68,0,0.0,0.0,0.0,0.0,0.0,0.0,0.0,0,3,0.0,false
components/jetspeed-layout-portlets/src/main/java/org/apache/jetspeed/portlets/layout/LayoutPortlet.java,495.0,33.0,107.0,18.0,120.0,73.0,0.0,ate@13f79535-47bb-0310-9956-ffa450edef68,0,0.0,0.0,0.0,0.0,0.0,0.0,0.0,0,3,0.0,false
components/jetspeed-locator/src/main/java/org/apache/jetspeed/profiler/impl/JetspeedProfileLocator.java,119.0,9.0,56.0,16.0,40.0,43.0,48.0,taylor@13f79535-47bb-0310-9956-ffa450edef68,1,0.0044444444444444444,33.0,33.0,0.0,33.0,1925.8000000000002,41720.5234697323,1,0,1.0929465511324323,false
components/jetspeed-page-layout/src/main/java/org/apache/jetspeed/layout/impl/PageLayoutComponentImpl.java,1284.0,40.0,204.0,45.0,467.0,175.0,11.0,rwatler@13f79535-47bb-0310-9956-ffa450edef68,3,0.013333333333333334,43.0,14.0,5.0,10.0,2802.9536643026004,48440.72227091117,3,0,0.4482333768695306,true
components/jetspeed-page-layout/src/main/java/org/apache/jetspeed/layout/impl/PageLayoutComponentUtils.java,47.0,6.0,0.0,0.0,0.0,0.0,6.0,rwatler@13f79535-47bb-0310-9956-ffa450edef68,1,0.0044444444444444444,50.0,50.0,0.0,0.0,1925.8000000000002,41720.5234697323,1,0,1.0929465511324323,false
components/jetspeed-page-layout/src/main/java/org/apache/jetspeed/om/page/impl/ContentFragmentImpl.java,958.0,22.0,4904.0,104.0,197.0,225.0,12.0,rwatler@13f79535-47bb-0310-9956-ffa450edef68,1,0.0044444444444444444,53.0,33.0,13.0,13.0,1925.8000000000002,41720.5234697323,1,0,1.0929465511324323,false
components/jetspeed-page-layout/src/main/java/org/apache/jetspeed/om/page/impl/ContentFragmentPropertyImpl.java,48.0,1.0,12.0,9.0,0.0,17.0,36.0,rwatler@13f79535-47bb-0310-9956-ffa450edef68,1,0.0044444444444444444,100.0,100.0,0.0,100.0,1925.8000000000002,41720.5234697323,1,0,1.0929465511324323,false
components/jetspeed-page-layout/src/main/java/org/apache/jetspeed/om/page/impl/ContentPageImpl.java,405.0,11.0,1082.0,57.0,60.0,127.0,48.0,rwatler@13f79535-47bb-0310-9956-ffa450edef68,1,0.0044444444444444444,17.0,17.0,0.0,17.0,1925.8000000000002,41720.5234697323,1,0,1.0929465511324323,false
components/jetspeed-page-manager/src/main/java/org/apache/jetspeed/om/folder/impl/FolderImpl.java,759.0,40.0,2008.0,68.0,158.0,235.0,36.0,rwatler@13f79535-47bb-0310-9956-ffa450edef68,1,0.0044444444444444444,10.0,10.0,0.0,10.0,1925.8000000000002,41720.5234697323,1,2,1.0929465511324323,false
components/jetspeed-page-manager/src/main/java/org/apache/jetspeed/om/page/BaseFragmentPropertyImpl.java,179.0,13.0,6.0,4.0,35.0,21.0,20.0,rwatler@13f79535-47bb-0310-9956-ffa450edef68,1,0.0044444444444444444,40.0,20.0,0.0,20.0,1925.8000000000002,41720.5234697323,1,0,1.0929465511324323,false
components/jetspeed-page-manager/src/main/java/org/apache/jetspeed/om/page/impl/BaseElementImpl.java,300.0,21.0,474.0,33.0,50.0,82.0,36.0,rwatler@13f79535-47bb-0310-9956-ffa450edef68,1,0.0044444444444444444,10.0,10.0,0.0,10.0,1925.8000000000002,41720.5234697323,1,0,1.0929465511324323,false
components/jetspeed-page-manager/src/main/java/org/apache/jetspeed/om/page/impl/BaseFragmentElementImpl.java,572.0,13.0,2295.0,71.0,97.0,149.0,18.0,rwatler@13f79535-47bb-0310-9956-ffa450edef68,1,0.0044444444444444444,44.0,44.0,11.0,22.0,1925.8000000000002,41720.5234697323,1,0,1.0929465511324323,false
components/jetspeed-page-manager/src/main/java/org/apache/jetspeed/om/page/impl/BaseFragmentsElementImpl.java,128.0,9.0,30.0,9.0,32.0,33.0,10.0,rwatler@13f79535-47bb-0310-9956-ffa450edef68,1,0.0044444444444444444,50.0,12.0,0.0,25.0,1925.8000000000002,41720.5234697323,1,0,1.0929465511324323,false
components/jetspeed-page-manager/src/main/java/org/apache/jetspeed/om/page/impl/DynamicPageImpl.java,18.0,1.0,1.0,3.0,0.0,5.0,30.0,rwatler@13f79535-47bb-0310-9956-ffa450edef68,1,0.0044444444444444444,67.0,67.0,0.0,33.0,1925.8000000000002,41720.5234697323,1,0,1.0929465511324323,false
components/jetspeed-page-manager/src/main/java/org/apache/jetspeed/om/page/impl/FragmentPropertyImpl.java,93.0,3.0,27.0,14.0,7.0,30.0,21.0,rwatler@13f79535-47bb-0310-9956-ffa450edef68,1,0.0044444444444444444,100.0,100.0,0.0,50.0,1925.8000000000002,41720.5234697323,1,0,1.0929465511324323,false
components/jetspeed-page-manager/src/main/java/org/apache/jetspeed/om/page/impl/FragmentPropertyList.java,124.0,5.0,2.0,12.0,36.0,34.0,24.0,rwatler@13f79535-47bb-0310-9956-ffa450edef68,1,0.0044444444444444444,80.0,80.0,0.0,60.0,1925.8000000000002,41720.5234697323,1,0,1.0929465511324323,false
components/jetspeed-page-manager/src/main/java/org/apache/jetspeed/om/page/psml/AbstractBaseFragmentElement.java,574.0,9.0,2223.0,70.0,79.0,129.0,13.0,rwatler@13f79535-47bb-0310-9956-ffa450edef68,1,0.0044444444444444444,50.0,38.0,12.0,12.0,1925.8000000000002,41720.5234697323,1,0,1.0929465511324323,false
components/jetspeed-page-manager/src/main/java/org/apache/jetspeed/om/page/psml/DynamicPageImpl.java,17.0,1.0,1.0,3.0,0.0,5.0,30.0,rwatler@13f79535-47bb-0310-9956-ffa450edef68,1,0.0044444444444444444,67.0,67.0,0.0,33.0,1925.8000000000002,41720.5234697323,1,0,1.0929465511324323,false
components/jetspeed-page-manager/src/main/java/org/apache/jetspeed/om/page/psml/PropertiesList.java,40.0,2.0,0.0,6.0,7.0,12.0,5.0,rwatler@13f79535-47bb-0310-9956-ffa450edef68,1,0.0044444444444444444,50.0,0.0,0.0,0.0,1925.8000000000002,41720.5234697323,1,0,1.0929465511324323,false
components/jetspeed-page-manager/src/main/java/org/apache/jetspeed/om/page/psml/PropertyImpl.java,68.0,2.0,69.0,14.0,2.0,24.0,36.0,rwatler@13f79535-47bb-0310-9956-ffa450edef68,1,0.0044444444444444444,50.0,50.0,0.0,50.0,1925.8000000000002,41720.5234697323,1,0,1.0929465511324323,false
components/jetspeed-page-manager/src/main/java/org/apache/jetspeed/page/AbstractPageManager.java,1153.0,37.0,1922.0,81.0,401.0,280.0,20.0,rwatler@13f79535-47bb-0310-9956-ffa450edef68,1,0.0044444444444444444,26.0,21.0,0.0,11.0,1925.8000000000002,41720.5234697323,1,1,1.0929465511324323,false
components/jetspeed-page-manager/src/main/java/org/apache/jetspeed/page/DelegatingPageManager.java,111.0,19.0,780.0,40.0,0.0,100.0,8.0,rwatler@13f79535-47bb-0310-9956-ffa450edef68,1,0.0044444444444444444,11.0,11.0,11.0,0.0,1925.8000000000002,41720.5234697323,1,2,1.0929465511324323,false
components/jetspeed-page-manager/src/main/java/org/apache/jetspeed/page/impl/DatabasePageManager.java,1539.0,98.0,3199.0,123.0,451.0,383.0,17.0,rwatler@13f79535-47bb-0310-9956-ffa450edef68,1,0.0044444444444444444,24.0,20.0,4.0,12.0,1925.8000000000002,41720.5234697323,1,4,1.0929465511324323,false
components/jetspeed-page-manager/src/main/java/org/apache/jetspeed/page/impl/DatabasePageManagerCache.java,479.0,20.0,810.0,45.0,148.0,103.0,30.0,rwatler@13f79535-47bb-0310-9956-ffa450edef68,1,0.0044444444444444444,18.0,18.0,0.0,18.0,1925.8000000000002,41720.5234697323,1,0,1.0929465511324323,false
components/jetspeed-page-manager/src/main/java/org/apache/jetspeed/page/impl/TransactionedOperation.java,29.0,0.0,0.0,5.0,0.0,7.0,27.0,rwatler@13f79535-47bb-0310-9956-ffa450edef68,1,0.0044444444444444444,50.0,50.0,0.0,50.0,1925.8000000000002,41720.5234697323,1,1,1.0929465511324323,false
components/jetspeed-page-manager/src/main/java/org/apache/jetspeed/page/psml/CastorXmlPageManager.java,720.0,63.0,1070.0,49.0,209.0,160.0,22.0,rwatler@13f79535-47bb-0310-9956-ffa450edef68,1,0.0044444444444444444,17.0,17.0,8.0,8.0,1925.8000000000002,41720.5234697323,1,2,1.0929465511324323,false
components/jetspeed-page-manager/src/main/java/org/apache/jetspeed/util/interceptors/PageManagerInterceptor.java,63.0,6.0,0.0,2.0,13.0,11.0,36.0,rwatler@13f79535-47bb-0310-9956-ffa450edef68,1,0.0044444444444444444,20.0,20.0,0.0,20.0,1925.8000000000002,41720.5234697323,1,1,1.0929465511324323,false
components/jetspeed-page-manager/src/test/java/org/apache/jetspeed/page/PageManagerTestShared.java,631.0,70.0,0.0,0.0,0.0,0.0,30.0,rwatler@13f79535-47bb-0310-9956-ffa450edef68,1,0.0044444444444444444,12.0,12.0,0.0,12.0,1925.8000000000002,41720.5234697323,1,4,1.0929465511324323,false
components/jetspeed-page-manager/src/test/java/org/apache/jetspeed/page/TestCastorXmlPageManager.java,1351.0,40.0,0.0,36.0,460.0,107.0,21.0,rwatler@13f79535-47bb-0310-9956-ffa450edef68,1,0.0044444444444444444,29.0,24.0,6.0,12.0,1925.8000000000002,41720.5234697323,1,3,1.0929465511324323,false
components/jetspeed-page-manager/src/test/java/org/apache/jetspeed/page/TestDatabasePageManager.java,1116.0,38.0,43.0,11.0,286.0,41.0,22.0,rwatler@13f79535-47bb-0310-9956-ffa450edef68,1,0.0044444444444444444,26.0,26.0,5.0,11.0,1925.8000000000002,41720.5234697323,1,3,1.0929465511324323,false
components/jetspeed-page-manager/src/test/java/org/apache/jetspeed/page/cache/DatabasePageManagerServer.java,210.0,20.0,45.0,14.0,33.0,36.0,27.0,rwatler@13f79535-47bb-0310-9956-ffa450edef68,1,0.0044444444444444444,25.0,25.0,0.0,25.0,1925.8000000000002,41720.5234697323,1,0,1.0929465511324323,false
components/jetspeed-page-manager/src/test/java/org/apache/jetspeed/page/cache/TestDatabasePageManagerCache.java,561.0,19.0,10.0,5.0,35.0,16.0,18.0,rwatler@13f79535-47bb-0310-9956-ffa450edef68,1,0.0044444444444444444,27.0,27.0,0.0,18.0,1925.8000000000002,41720.5234697323,1,2,1.0929465511324323,false
components/jetspeed-portal-site/src/main/java/org/apache/jetspeed/portalsite/impl/AbstractPatternMapping.java,25.0,2.0,0.0,2.0,2.0,4.0,48.0,rwatler@13f79535-47bb-0310-9956-ffa450edef68,1,0.0044444444444444444,50.0,50.0,0.0,50.0,1925.8000000000002,41720.5234697323,1,0,1.0929465511324323,false
components/jetspeed-portal-site/src/main/java/org/apache/jetspeed/portalsite/impl/ContentTypeMapping.java,38.0,1.0,0.0,2.0,8.0,5.0,48.0,rwatler@13f79535-47bb-0310-9956-ffa450edef68,1,0.0044444444444444444,50.0,50.0,0.0,50.0,1925.8000000000002,41720.5234697323,1,0,1.0929465511324323,false
components/jetspeed-portal-site/src/main/java/org/apache/jetspeed/portalsite/impl/MenuImpl.java,644.0,26.0,178.0,24.0,107.0,88.0,21.0,rwatler@13f79535-47bb-0310-9956-ffa450edef68,1,0.0044444444444444444,33.0,25.0,0.0,8.0,1925.8000000000002,41720.5234697323,1,0,1.0929465511324323,false
components/jetspeed-portal-site/src/main/java/org/apache/jetspeed/portalsite/impl/MenuOptionImpl.java,131.0,9.0,34.0,9.0,16.0,29.0,27.0,rwatler@13f79535-47bb-0310-9956-ffa450edef68,1,0.0044444444444444444,60.0,40.0,0.0,20.0,1925.8000000000002,41720.5234697323,1,0,1.0929465511324323,false
components/jetspeed-portal-site/src/main/java/org/apache/jetspeed/portalsite/impl/PortalSiteContentTypeMapperImpl.java,126.0,4.0,36.0,13.0,10.0,31.0,16.0,rwatler@13f79535-47bb-0310-9956-ffa450edef68,1,0.0044444444444444444,67.0,33.0,0.0,17.0,1925.8000000000002,41720.5234697323,1,0,1.0929465511324323,false
components/jetspeed-portal-site/src/main/java/org/apache/jetspeed/portalsite/impl/PortalSiteImpl.java,45.0,4.0,0.0,4.0,0.0,7.0,48.0,rwatler@13f79535-47bb-0310-9956-ffa450edef68,1,0.0044444444444444444,50.0,50.0,0.0,50.0,1925.8000000000002,41720.5234697323,1,0,1.0929465511324323,false
components/jetspeed-portal-site/src/main/java/org/apache/jetspeed/portalsite/impl/PortalSiteRequestContextImpl.java,576.0,23.0,181.0,27.0,94.0,122.0,20.0,rwatler@13f79535-47bb-0310-9956-ffa450edef68,1,0.0044444444444444444,45.0,27.0,0.0,18.0,1925.8000000000002,41720.5234697323,1,0,1.0929465511324323,false
components/jetspeed-portal-site/src/main/java/org/apache/jetspeed/portalsite/impl/PortalSiteSessionContextImpl.java,915.0,36.0,456.0,36.0,158.0,131.0,13.0,rwatler@13f79535-47bb-0310-9956-ffa450edef68,1,0.0044444444444444444,39.0,22.0,0.0,17.0,1925.8000000000002,41720.5234697323,1,3,1.0929465511324323,false
components/jetspeed-portal-site/src/main/java/org/apache/jetspeed/portalsite/impl/RequestPathMapping.java,60.0,2.0,0.0,4.0,6.0,12.0,48.0,rwatler@13f79535-47bb-0310-9956-ffa450edef68,1,0.0044444444444444444,50.0,50.0,0.0,50.0,1925.8000000000002,41720.5234697323,1,0,1.0929465511324323,false
components/jetspeed-portal-site/src/main/java/org/apache/jetspeed/portalsite/view/SiteView.java,860.0,30.0,258.0,28.0,127.0,103.0,18.0,rwatler@13f79535-47bb-0310-9956-ffa450edef68,1,0.0044444444444444444,50.0,40.0,0.0,10.0,1925.8000000000002,41720.5234697323,1,3,1.0929465511324323,false
components/jetspeed-portal-site/src/test/java/org/apache/jetspeed/portalsite/TestPortalSite.java,1335.0,26.0,76.0,16.0,158.0,46.0,12.0,rwatler@13f79535-47bb-0310-9956-ffa450edef68,1,0.0044444444444444444,42.0,27.0,0.0,8.0,1925.8000000000002,41720.5234697323,1,3,1.0929465511324323,false
components/jetspeed-portal/src/main/java/org/apache/jetspeed/administration/AdminUtil.java,55.0,4.0,1.0,2.0,10.0,7.0,55.0,taylor@13f79535-47bb-0310-9956-ffa450edef68,1,0.0044444444444444444,25.0,0.0,0.0,25.0,325.1111111111111,1679.7730393243012,1,1,1.2786636969275254,false
components/jetspeed-portal/src/main/java/org/apache/jetspeed/aggregator/impl/PageAggregatorImpl.java,50.0,11.0,3.0,3.0,16.0,10.0,0.0,taylor@13f79535-47bb-0310-9956-ffa450edef68,0,0.0,0.0,0.0,0.0,0.0,0.0,0.0,0,5,0.0,false
components/jetspeed-portal/src/main/java/org/apache/jetspeed/aggregator/impl/PortletAggregatorImpl.java,109.0,23.0,9.0,6.0,48.0,19.0,0.0,woonsan@13f79535-47bb-0310-9956-ffa450edef68,0,0.0,0.0,0.0,0.0,0.0,0.0,0.0,0,3,0.0,true
components/jetspeed-portal/src/main/java/org/apache/jetspeed/aggregator/impl/PortletContentImpl.java,139.0,13.0,167.0,23.0,18.0,44.0,0.0,woonsan@13f79535-47bb-0310-9956-ffa450edef68,0,0.0,0.0,0.0,0.0,0.0,0.0,0.0,0,2,0.0,false
components/jetspeed-portal/src/main/java/org/apache/jetspeed/aggregator/impl/PortletRendererImpl.java,263.0,29.0,187.0,23.0,91.0,65.0,3.0,ate@13f79535-47bb-0310-9956-ffa450edef68,1,0.0044444444444444444,7.0,7.0,7.0,0.0,552.0425531914893,5040.425761854563,1,4,1.2584609896100056,false
components/jetspeed-portal/src/main/java/org/apache/jetspeed/aggregator/impl/PortletTrackingManagerImpl.java,81.0,13.0,66.0,13.0,16.0,23.0,3.0,taylor@13f79535-47bb-0310-9956-ffa450edef68,1,0.0044444444444444444,17.0,17.0,17.0,0.0,552.0425531914893,5040.425761854563,1,1,1.2584609896100056,false
components/jetspeed-portal/src/main/java/org/apache/jetspeed/container/url/impl/AbstractPortalURL.java,208.0,12.0,394.0,32.0,56.0,68.0,48.0,taylor@13f79535-47bb-0310-9956-ffa450edef68,1,0.0044444444444444444,17.0,17.0,0.0,17.0,1925.8000000000002,41720.5234697323,1,0,1.0929465511324323,false
components/jetspeed-portal/src/main/java/org/apache/jetspeed/container/url/impl/PathInfoEncodingPortalURL.java,72.0,5.0,21.0,7.0,18.0,14.0,48.0,taylor@13f79535-47bb-0310-9956-ffa450edef68,1,0.0044444444444444444,33.0,33.0,0.0,33.0,1925.8000000000002,41720.5234697323,1,0,1.0929465511324323,false
components/jetspeed-portal/src/main/java/org/apache/jetspeed/container/url/impl/PortalURLValveImpl.java,83.0,11.0,9.0,6.0,17.0,15.0,0.0,woonsan@13f79535-47bb-0310-9956-ffa450edef68,0,0.0,0.0,0.0,0.0,0.0,0.0,0.0,0,1,0.0,false
components/jetspeed-portal/src/main/java/org/apache/jetspeed/decoration/DecorationValve.java,435.0,31.0,247.0,27.0,141.0,74.0,11.0,ate@13f79535-47bb-0310-9956-ffa450edef68,1,0.0044444444444444444,9.0,0.0,9.0,0.0,552.0425531914893,5040.425761854563,1,2,1.2584609896100056,false
components/jetspeed-portal/src/main/java/org/apache/jetspeed/decoration/PageTheme.java,108.0,13.0,19.0,11.0,33.0,25.0,0.0,taylor@13f79535-47bb-0310-9956-ffa450edef68,0,0.0,0.0,0.0,0.0,0.0,0.0,0.0,0,1,0.0,false
components/jetspeed-portal/src/main/java/org/apache/jetspeed/engine/JetspeedServlet.java,265.0,41.0,25.0,10.0,79.0,33.0,0.0,ate@13f79535-47bb-0310-9956-ffa450edef68,0,0.0,0.0,0.0,0.0,0.0,0.0,0.0,0,7,0.0,false
components/jetspeed-portal/src/main/java/org/apache/jetspeed/layout/impl/GetPageAction.java,132.0,27.0,0.0,4.0,37.0,20.0,0.0,ate@13f79535-47bb-0310-9956-ffa450edef68,0,0.0,0.0,0.0,0.0,0.0,0.0,0.0,0,1,0.0,false
components/jetspeed-portal/src/main/java/org/apache/jetspeed/layout/impl/MovePortletAction.java,328.0,18.0,26.0,13.0,64.0,48.0,36.0,rwatler@13f79535-47bb-0310-9956-ffa450edef68,1,0.0044444444444444444,17.0,17.0,0.0,17.0,1925.8000000000002,41720.5234697323,1,0,1.0929465511324323,false
components/jetspeed-portal/src/main/java/org/apache/jetspeed/layout/impl/PortletPlacementContextImpl.java,462.0,14.0,353.0,34.0,115.0,120.0,19.0,taylor@13f79535-47bb-0310-9956-ffa450edef68,2,0.008888888888888889,22.0,11.0,0.0,11.0,2250.9111111111115,43400.29650905661,2,0,0.49265794347003367,false
components/jetspeed-portal/src/main/java/org/apache/jetspeed/layout/impl/UpdatePageAction.java,282.0,17.0,21.0,7.0,72.0,29.0,48.0,rwatler@13f79535-47bb-0310-9956-ffa450edef68,1,0.0044444444444444444,11.0,11.0,0.0,11.0,1925.8000000000002,41720.5234697323,1,1,1.0929465511324323,false
components/jetspeed-portal/src/main/java/org/apache/jetspeed/logger/impl/DefaultJetspeedLogger.java,78.0,2.0,0.0,25.0,24.0,40.0,7.0,woonsan@13f79535-47bb-0310-9956-ffa450edef68,1,0.0044444444444444444,50.0,0.0,50.0,0.0,552.0425531914893,5040.425761854563,1,0,1.2584609896100056,false
components/jetspeed-portal/src/main/java/org/apache/jetspeed/logger/impl/DefaultJetspeedLoggerFactory.java,8.0,3.0,1.0,2.0,2.0,4.0,7.0,woonsan@13f79535-47bb-0310-9956-ffa450edef68,1,0.0044444444444444444,100.0,0.0,100.0,0.0,552.0425531914893,5040.425761854563,1,0,1.2584609896100056,false
components/jetspeed-portal/src/main/java/org/apache/jetspeed/openid/OpenIDRelayingPartyServlet.java,588.0,64.0,8.0,8.0,145.0,38.0,4.0,rwatler@13f79535-47bb-0310-9956-ffa450edef68,1,0.0044444444444444444,83.0,33.0,0.0,17.0,1925.8000000000002,41720.5234697323,1,0,1.0929465511324323,false
components/jetspeed-portal/src/main/java/org/apache/jetspeed/openid/filter/OpenIDPortalFilter.java,32.0,16.0,1.0,3.0,9.0,7.0,7.0,rwatler@13f79535-47bb-0310-9956-ffa450edef68,1,0.0044444444444444444,100.0,0.0,0.0,0.0,1925.8000000000002,41720.5234697323,1,0,1.0929465511324323,false
components/jetspeed-portal/src/main/java/org/apache/jetspeed/openid/step2/GoogleHostMetaFetcher.java,10.0,4.0,1.0,2.0,0.0,4.0,5.0,rwatler@13f79535-47bb-0310-9956-ffa450edef68,1,0.0044444444444444444,100.0,100.0,0.0,0.0,1925.8000000000002,41720.5234697323,1,0,1.0929465511324323,false
components/jetspeed-portal/src/main/java/org/apache/jetspeed/pipeline/JetspeedPipeline.java,142.0,7.0,32.0,12.0,16.0,34.0,3.0,rwatler@13f79535-47bb-0310-9956-ffa450edef68,1,0.0044444444444444444,50.0,0.0,50.0,50.0,1925.8000000000002,41720.5234697323,1,0,1.0929465511324323,false
components/jetspeed-portal/src/main/java/org/apache/jetspeed/pipeline/valve/impl/CleanupValveImpl.java,83.0,14.0,2.0,5.0,26.0,14.0,36.0,taylor@13f79535-47bb-0310-9956-ffa450edef68,1,0.0044444444444444444,25.0,25.0,0.0,25.0,1925.8000000000002,41720.5234697323,1,1,1.0929465511324323,false
components/jetspeed-portal/src/main/java/org/apache/jetspeed/pipeline/valve/impl/ServletDelegatingValve.java,76.0,10.0,0.0,5.0,7.0,14.0,0.0,woonsan@13f79535-47bb-0310-9956-ffa450edef68,0,0.0,0.0,0.0,0.0,0.0,0.0,0.0,0,0,0.0,false
components/jetspeed-portal/src/main/java/org/apache/jetspeed/profiler/impl/CreateUserTemplatePagesValveImpl.java,101.0,12.0,1.0,6.0,11.0,14.0,55.0,taylor@13f79535-47bb-0310-9956-ffa450edef68,1,0.0044444444444444444,17.0,0.0,0.0,17.0,325.1111111111111,1679.7730393243012,1,0,1.2786636969275254,false
components/jetspeed-portal/src/main/java/org/apache/jetspeed/profiler/impl/ProfilerValveImpl.java,210.0,28.0,3.0,6.0,49.0,17.0,15.0,rwatler@13f79535-47bb-0310-9956-ffa450edef68,1,0.0044444444444444444,29.0,18.0,0.0,12.0,1925.8000000000002,41720.5234697323,1,4,1.0929465511324323,false
components/jetspeed-portal/src/main/java/org/apache/jetspeed/profiler/impl/RefreshUserHomepageValveImpl.java,115.0,20.0,4.0,5.0,26.0,17.0,55.0,taylor@13f79535-47bb-0310-9956-ffa450edef68,1,0.0044444444444444444,20.0,0.0,0.0,20.0,325.1111111111111,1679.7730393243012,1,1,1.2786636969275254,false
components/jetspeed-portal/src/main/java/org/apache/jetspeed/request/JetspeedRequestContext.java,527.0,45.0,1391.0,59.0,117.0,128.0,30.0,ate@13f79535-47bb-0310-9956-ffa450edef68,1,0.0044444444444444444,9.0,9.0,0.0,9.0,1925.8000000000002,41720.5234697323,1,6,1.0929465511324323,true
components/jetspeed-portal/src/main/java/org/apache/jetspeed/services/beans/BeanCollection.java,23.0,2.0,6.0,5.0,0.0,7.0,0.0,woonsan@13f79535-47bb-0310-9956-ffa450edef68,0,0.0,0.0,0.0,0.0,0.0,0.0,0.0,0,0,0.0,false
components/jetspeed-portal/src/main/java/org/apache/jetspeed/services/beans/ContainerRuntimeOptionBean.java,27.0,7.0,0.0,6.0,2.0,8.0,0.0,woonsan@13f79535-47bb-0310-9956-ffa450edef68,0,0.0,0.0,0.0,0.0,0.0,0.0,0.0,0,1,0.0,false
components/jetspeed-portal/src/main/java/org/apache/jetspeed/services/beans/ContentFragmentBean.java,90.0,9.0,132.0,20.0,11.0,32.0,36.0,rwatler@13f79535-47bb-0310-9956-ffa450edef68,1,0.0044444444444444444,33.0,33.0,0.0,33.0,1925.8000000000002,41720.5234697323,1,0,1.0929465511324323,false
components/jetspeed-portal/src/main/java/org/apache/jetspeed/services/beans/ContentPageBean.java,78.0,5.0,101.0,18.0,8.0,27.0,0.0,woonsan@13f79535-47bb-0310-9956-ffa450edef68,0,0.0,0.0,0.0,0.0,0.0,0.0,0.0,0,0,0.0,false
components/jetspeed-portal/src/main/java/org/apache/jetspeed/services/beans/DecorationBean.java,62.0,10.0,51.0,14.0,9.0,21.0,0.0,taylor@13f79535-47bb-0310-9956-ffa450edef68,0,0.0,0.0,0.0,0.0,0.0,0.0,0.0,0,0,0.0,false
components/jetspeed-portal/src/main/java/org/apache/jetspeed/services/beans/DecoratorActionBean.java,67.0,3.0,78.0,16.0,7.0,23.0,0.0,taylor@13f79535-47bb-0310-9956-ffa450edef68,0,0.0,0.0,0.0,0.0,0.0,0.0,0.0,0,0,0.0,false
components/jetspeed-portal/src/main/java/org/apache/jetspeed/services/beans/DescriptionBean.java,38.0,4.0,10.0,8.0,4.0,12.0,0.0,woonsan@13f79535-47bb-0310-9956-ffa450edef68,0,0.0,0.0,0.0,0.0,0.0,0.0,0.0,0,1,0.0,false
components/jetspeed-portal/src/main/java/org/apache/jetspeed/services/beans/DisplayNameBean.java,38.0,4.0,10.0,8.0,4.0,12.0,0.0,woonsan@13f79535-47bb-0310-9956-ffa450edef68,0,0.0,0.0,0.0,0.0,0.0,0.0,0.0,0,1,0.0,false
components/jetspeed-portal/src/main/java/org/apache/jetspeed/services/beans/GenericMetadataBean.java,23.0,10.0,0.0,4.0,2.0,6.0,1.0,woonsan@13f79535-47bb-0310-9956-ffa450edef68,1,0.0044444444444444444,50.0,0.0,50.0,0.0,552.0425531914893,5040.425761854563,1,1,1.2584609896100056,false
components/jetspeed-portal/src/main/java/org/apache/jetspeed/services/beans/LocalizedFieldBean.java,38.0,4.0,10.0,8.0,4.0,12.0,0.0,woonsan@13f79535-47bb-0310-9956-ffa450edef68,0,0.0,0.0,0.0,0.0,0.0,0.0,0.0,0,1,0.0,false
components/jetspeed-portal/src/main/java/org/apache/jetspeed/services/beans/PortletApplicationBean.java,111.0,11.0,182.0,24.0,12.0,36.0,0.0,woonsan@13f79535-47bb-0310-9956-ffa450edef68,0,0.0,0.0,0.0,0.0,0.0,0.0,0.0,0,1,0.0,false
components/jetspeed-portal/src/main/java/org/apache/jetspeed/services/beans/PortletApplicationBeanCollection.java,17.0,5.0,1.0,3.0,0.0,4.0,0.0,woonsan@13f79535-47bb-0310-9956-ffa450edef68,0,0.0,0.0,0.0,0.0,0.0,0.0,0.0,0,0,0.0,false
components/jetspeed-portal/src/main/java/org/apache/jetspeed/services/beans/PortletDefinitionBean.java,133.0,14.0,253.0,26.0,16.0,40.0,0.0,woonsan@13f79535-47bb-0310-9956-ffa450edef68,0,0.0,0.0,0.0,0.0,0.0,0.0,0.0,0,1,0.0,false
components/jetspeed-portal/src/main/java/org/apache/jetspeed/services/beans/PortletDefinitionBeanCollection.java,17.0,5.0,1.0,3.0,0.0,4.0,0.0,woonsan@13f79535-47bb-0310-9956-ffa450edef68,0,0.0,0.0,0.0,0.0,0.0,0.0,0.0,0,0,0.0,false
components/jetspeed-portal/src/main/java/org/apache/jetspeed/services/rest/JaxrsServiceValve.java,62.0,7.0,0.0,4.0,12.0,11.0,0.0,woonsan@13f79535-47bb-0310-9956-ffa450edef68,0,0.0,0.0,0.0,0.0,0.0,0.0,0.0,0,0,0.0,false
components/jetspeed-portal/src/main/java/org/apache/jetspeed/services/rest/PageLayoutService.java,455.0,42.0,49.0,14.0,79.0,64.0,4.0,taylor@13f79535-47bb-0310-9956-ffa450edef68,2,0.008888888888888889,75.0,25.0,19.0,12.0,877.1536643026004,6720.1988011788635,2,0,0.6354152928602059,false
components/jetspeed-portal/src/main/java/org/apache/jetspeed/services/rest/PortletRegistryService.java,167.0,33.0,0.0,5.0,51.0,22.0,1.0,woonsan@13f79535-47bb-0310-9956-ffa450edef68,1,0.0044444444444444444,9.0,0.0,9.0,0.0,552.0425531914893,5040.425761854563,1,2,1.2584609896100056,false
components/jetspeed-portal/src/main/java/org/apache/jetspeed/services/rest/util/PaginationUtils.java,32.0,4.0,3.0,3.0,5.0,10.0,0.0,woonsan@13f79535-47bb-0310-9956-ffa450edef68,0,0.0,0.0,0.0,0.0,0.0,0.0,0.0,0,1,0.0,false
components/jetspeed-portal/src/main/java/org/apache/jetspeed/services/rest/util/SearchEngineUtils.java,42.0,3.0,6.0,4.0,8.0,11.0,0.0,woonsan@13f79535-47bb-0310-9956-ffa450edef68,0,0.0,0.0,0.0,0.0,0.0,0.0,0.0,0,1,0.0,false
components/jetspeed-portal/src/main/java/org/apache/jetspeed/spaces/BaseSpaceImpl.java,45.0,3.0,0.0,14.0,14.0,22.0,55.0,taylor@13f79535-47bb-0310-9956-ffa450edef68,1,0.0044444444444444444,50.0,0.0,0.0,50.0,325.1111111111111,1679.7730393243012,1,0,1.2786636969275254,false
components/jetspeed-portal/src/main/java/org/apache/jetspeed/spaces/EnvironmentImpl.java,14.0,2.0,1.0,2.0,0.0,3.0,55.0,taylor@13f79535-47bb-0310-9956-ffa450edef68,1,0.0044444444444444444,50.0,0.0,0.0,50.0,325.1111111111111,1679.7730393243012,1,0,1.2786636969275254,false
components/jetspeed-portal/src/main/java/org/apache/jetspeed/spaces/SpaceImpl.java,81.0,6.0,210.0,21.0,19.0,34.0,29.0,taylor@13f79535-47bb-0310-9956-ffa450edef68,1,0.0044444444444444444,67.0,0.0,0.0,33.0,325.1111111111111,1679.7730393243012,1,0,1.2786636969275254,false
components/jetspeed-portal/src/main/java/org/apache/jetspeed/spaces/SpacesServiceImpl.java,330.0,18.0,0.0,27.0,120.0,95.0,11.0,taylor@13f79535-47bb-0310-9956-ffa450edef68,2,0.008888888888888889,55.0,18.0,18.0,27.0,877.1536643026004,6720.1988011788635,2,0,0.8247353701749676,false
components/jetspeed-portal/src/main/java/org/apache/jetspeed/ui/Jetui.java,190.0,23.0,145.0,18.0,75.0,53.0,4.0,taylor@13f79535-47bb-0310-9956-ffa450edef68,3,0.013333333333333334,38.0,17.0,8.0,4.0,1327.5240346729709,7900.305836268215,3,4,0.5367607087099326,false
components/jetspeed-portal/src/main/java/org/apache/jetspeed/ui/JetuiAggregatorImpl.java,39.0,10.0,1.0,3.0,12.0,7.0,4.0,taylor@13f79535-47bb-0310-9956-ffa450edef68,1,0.0044444444444444444,50.0,0.0,0.0,0.0,325.1111111111111,1679.7730393243012,1,0,1.2786636969275254,false
components/jetspeed-portal/src/main/java/org/apache/jetspeed/ui/Toolbar.java,44.0,2.0,27.0,10.0,1.0,15.0,7.0,taylor@13f79535-47bb-0310-9956-ffa450edef68,1,0.0044444444444444444,100.0,100.0,0.0,100.0,325.1111111111111,1679.7730393243012,1,0,1.2786636969275254,false
components/jetspeed-portal/src/main/java/org/apache/jetspeed/userinfo/impl/AbstractUserInfoManagerImpl.java,61.0,11.0,3.0,3.0,15.0,11.0,8.0,ate@13f79535-47bb-0310-9956-ffa450edef68,1,0.0044444444444444444,14.0,0.0,14.0,0.0,450.3703703703704,1180.1070350893513,1,1,2.280112237141987,false
components/jetspeed-portal/src/main/java/org/apache/jetspeed/userinfo/impl/MultiSourceUserInfoManagerImpl.java,46.0,11.0,1.0,3.0,6.0,7.0,8.0,ate@13f79535-47bb-0310-9956-ffa450edef68,1,0.0044444444444444444,14.0,0.0,14.0,0.0,450.3703703703704,1180.1070350893513,1,1,2.280112237141987,false
components/jetspeed-portal/src/main/java/org/apache/jetspeed/userinfo/impl/UserInfoManagerImpl.java,114.0,19.0,9.0,7.0,24.0,21.0,8.0,ate@13f79535-47bb-0310-9956-ffa450edef68,1,0.0044444444444444444,12.0,0.0,12.0,0.0,450.3703703703704,1180.1070350893513,1,1,2.280112237141987,false
components/jetspeed-portal/src/main/java/org/apache/jetspeed/util/HttpUtils.java,44.0,6.0,3.0,3.0,8.0,10.0,0.0,woonsan@13f79535-47bb-0310-9956-ffa450edef68,0,0.0,0.0,0.0,0.0,0.0,0.0,0.0,0,0,0.0,false
components/jetspeed-portal/src/main/java/org/apache/jetspeed/velocity/JetspeedPowerToolImpl.java,531.0,43.0,889.0,46.0,200.0,156.0,3.0,woonsan@13f79535-47bb-0310-9956-ffa450edef68,2,0.008888888888888889,8.0,4.0,8.0,0.0,1002.4129235618598,6220.532796943914,2,7,1.076139432816051,true
components/jetspeed-portal/src/test/java/org/apache/jetspeed/PortletFactoryMock.java,47.0,15.0,120.0,16.0,0.0,32.0,7.0,woonsan@13f79535-47bb-0310-9956-ffa450edef68,1,0.0044444444444444444,33.0,17.0,17.0,0.0,552.0425531914893,5040.425761854563,1,1,1.2584609896100056,false
components/jetspeed-portal/src/test/java/org/apache/jetspeed/layout/TestConstraintsAction.java,174.0,31.0,2.0,12.0,74.0,30.0,8.0,taylor@13f79535-47bb-0310-9956-ffa450edef68,1,0.0044444444444444444,14.0,0.0,0.0,0.0,325.1111111111111,1679.7730393243012,1,2,1.2786636969275254,false
components/jetspeed-portal/src/test/java/org/apache/jetspeed/pipeline/TestPipeline.java,55.0,6.0,0.0,3.0,11.0,7.0,3.0,rwatler@13f79535-47bb-0310-9956-ffa450edef68,1,0.0044444444444444444,33.0,0.0,33.0,33.0,1925.8000000000002,41720.5234697323,1,1,1.0929465511324323,false
components/jetspeed-portal/src/test/java/org/apache/jetspeed/services/rest/TestPageLayoutService.java,169.0,42.0,35.0,10.0,58.0,22.0,4.0,taylor@13f79535-47bb-0310-9956-ffa450edef68,3,0.013333333333333334,83.0,0.0,17.0,17.0,2802.9536643026004,48440.72227091117,3,0,0.14541612915984015,false
components/jetspeed-portal/src/test/java/org/apache/jetspeed/testhelpers/AbstractTestPrincipal.java,40.0,7.0,37.0,10.0,2.0,20.0,8.0,taylor@13f79535-47bb-0310-9956-ffa450edef68,1,0.0044444444444444444,100.0,0.0,0.0,0.0,325.1111111111111,1679.7730393243012,1,0,1.2786636969275254,false
components/jetspeed-portal/src/test/java/org/apache/jetspeed/userinfo/TestUserInfoManager.java,143.0,23.0,29.0,10.0,42.0,26.0,8.0,ate@13f79535-47bb-0310-9956-ffa450edef68,1,0.0044444444444444444,10.0,0.0,10.0,0.0,450.3703703703704,1180.1070350893513,1,4,2.280112237141987,false
components/jetspeed-portal/src/test/java/org/apache/jetspeed/util/TestHttpUtils.java,48.0,2.0,3.0,3.0,12.0,6.0,0.0,woonsan@13f79535-47bb-0310-9956-ffa450edef68,0,0.0,0.0,0.0,0.0,0.0,0.0,0.0,0,0,0.0,false
components/jetspeed-portlet-factory/src/main/java/org/apache/jetspeed/factory/JetspeedPortletFactory.java,460.0,35.0,122.0,24.0,108.0,74.0,5.0,woonsan@13f79535-47bb-0310-9956-ffa450edef68,1,0.0044444444444444444,21.0,7.0,14.0,0.0,552.0425531914893,5040.425761854563,1,1,1.2584609896100056,true
components/jetspeed-portlet-factory/src/main/java/org/apache/jetspeed/factory/JetspeedPortletInstance.java,96.0,23.0,0.0,16.0,19.0,36.0,11.0,woonsan@13f79535-47bb-0310-9956-ffa450edef68,1,0.0044444444444444444,17.0,0.0,17.0,0.0,552.0425531914893,5040.425761854563,1,0,1.2584609896100056,false
components/jetspeed-portlet-factory/src/main/java/org/apache/jetspeed/factory/JetspeedPortletProxyInstance.java,22.0,2.0,0.0,4.0,2.0,6.0,11.0,woonsan@13f79535-47bb-0310-9956-ffa450edef68,1,0.0044444444444444444,20.0,0.0,20.0,0.0,552.0425531914893,5040.425761854563,1,1,1.2584609896100056,false
components/jetspeed-profiler/src/main/java/org/apache/jetspeed/profiler/impl/JetspeedProfilerImpl.java,590.0,36.0,470.0,37.0,162.0,121.0,48.0,rwatler@13f79535-47bb-0310-9956-ffa450edef68,1,0.0044444444444444444,12.0,12.0,0.0,12.0,1925.8000000000002,41720.5234697323,1,2,1.0929465511324323,false
components/jetspeed-profiler/src/main/java/org/apache/jetspeed/profiler/rules/impl/PathSessionResolver.java,31.0,4.0,3.0,3.0,8.0,8.0,48.0,rwatler@13f79535-47bb-0310-9956-ffa450edef68,1,0.0044444444444444444,33.0,33.0,0.0,33.0,1925.8000000000002,41720.5234697323,1,0,1.0929465511324323,false
components/jetspeed-security/src/main/java/org/apache/jetspeed/security/impl/BaseAuthenticationProvider.java,75.0,6.0,0.0,6.0,7.0,11.0,6.0,ate@13f79535-47bb-0310-9956-ffa450edef68,1,0.0044444444444444444,33.0,33.0,33.0,33.0,450.3703703703704,1180.1070350893513,1,0,2.280112237141987,false
components/jetspeed-security/src/main/java/org/apache/jetspeed/security/impl/LdapAuthenticationProvider.java,93.0,22.0,0.0,3.0,32.0,14.0,6.0,ate@13f79535-47bb-0310-9956-ffa450edef68,1,0.0044444444444444444,11.0,11.0,11.0,11.0,450.3703703703704,1180.1070350893513,1,4,2.280112237141987,false
components/jetspeed-security/src/main/java/org/apache/jetspeed/security/spi/impl/DefaultJetspeedSecuritySynchronizer.java,357.0,25.0,19.0,14.0,103.0,40.0,6.0,ate@13f79535-47bb-0310-9956-ffa450edef68,1,0.0044444444444444444,9.0,9.0,9.0,9.0,450.3703703703704,1180.1070350893513,1,2,2.280112237141987,false
jetspeed-api/src/main/java/org/apache/jetspeed/JetspeedActions.java,150.0,8.0,0.0,9.0,16.0,31.0,1.0,taylor@13f79535-47bb-0310-9956-ffa450edef68,1,0.0044444444444444444,17.0,17.0,0.0,0.0,325.1111111111111,1679.7730393243012,1,0,1.2786636969275254,false
jetspeed-api/src/main/java/org/apache/jetspeed/PortalReservedParameters.java,86.0,0.0,0.0,0.0,0.0,0.0,5.0,woonsan@13f79535-47bb-0310-9956-ffa450edef68,2,0.008888888888888889,16.0,16.0,5.0,0.0,2477.8425531914895,46760.94923158686,2,3,0.511603862330144,false
jetspeed-api/src/main/java/org/apache/jetspeed/administration/PortalConfigurationConstants.java,91.0,0.0,0.0,0.0,0.0,0.0,0.0,taylor@13f79535-47bb-0310-9956-ffa450edef68,0,0.0,0.0,0.0,0.0,0.0,0.0,0.0,0,2,0.0,false
jetspeed-api/src/main/java/org/apache/jetspeed/aggregator/PortletContent.java,90.0,7.0,153.0,18.0,0.0,36.0,0.0,woonsan@13f79535-47bb-0310-9956-ffa450edef68,0,0.0,0.0,0.0,0.0,0.0,0.0,0.0,0,1,0.0,false
jetspeed-api/src/main/java/org/apache/jetspeed/container/url/PortalURL.java,192.0,6.0,231.0,23.0,0.0,68.0,0.0,taylor@13f79535-47bb-0310-9956-ffa450edef68,0,0.0,0.0,0.0,0.0,0.0,0.0,0.0,0,2,0.0,false
jetspeed-api/src/main/java/org/apache/jetspeed/factory/PortletFactory.java,30.0,13.0,91.0,14.0,0.0,20.0,7.0,woonsan@13f79535-47bb-0310-9956-ffa450edef68,1,0.0044444444444444444,29.0,14.0,14.0,0.0,552.0425531914893,5040.425761854563,1,1,1.2584609896100056,false
jetspeed-api/src/main/java/org/apache/jetspeed/factory/PortletInstance.java,32.0,7.0,6.0,4.0,0.0,11.0,11.0,woonsan@13f79535-47bb-0310-9956-ffa450edef68,1,0.0044444444444444444,17.0,0.0,17.0,0.0,552.0425531914893,5040.425761854563,1,0,1.2584609896100056,false
jetspeed-api/src/main/java/org/apache/jetspeed/layout/JetspeedPowerTool.java,160.0,15.0,666.0,37.0,0.0,90.0,6.0,woonsan@13f79535-47bb-0310-9956-ffa450edef68,1,0.0044444444444444444,8.0,8.0,8.0,0.0,450.3703703703704,1180.1070350893513,1,3,2.280112237141987,false
jetspeed-api/src/main/java/org/apache/jetspeed/layout/PageLayoutComponent.java,263.0,5.0,496.0,32.0,0.0,46.0,16.0,rwatler@13f79535-47bb-0310-9956-ffa450edef68,1,0.0044444444444444444,50.0,33.0,0.0,17.0,1925.8000000000002,41720.5234697323,1,0,1.0929465511324323,false
jetspeed-api/src/main/java/org/apache/jetspeed/layout/PortletPlacementContext.java,114.0,2.0,105.0,15.0,0.0,54.0,3.0,taylor@13f79535-47bb-0310-9956-ffa450edef68,1,0.0044444444444444444,25.0,0.0,0.0,0.0,325.1111111111111,1679.7730393243012,1,1,1.2786636969275254,false
jetspeed-api/src/main/java/org/apache/jetspeed/om/page/BaseFragmentElement.java,365.0,1.0,1225.0,50.0,0.0,133.0,21.0,rwatler@13f79535-47bb-0310-9956-ffa450edef68,1,0.0044444444444444444,50.0,50.0,0.0,25.0,1925.8000000000002,41720.5234697323,1,0,1.0929465511324323,false
jetspeed-api/src/main/java/org/apache/jetspeed/om/page/ContentFragment.java,378.0,5.0,1326.0,52.0,0.0,136.0,12.0,rwatler@13f79535-47bb-0310-9956-ffa450edef68,1,0.0044444444444444444,33.0,25.0,0.0,8.0,1925.8000000000002,41720.5234697323,1,0,1.0929465511324323,false
jetspeed-api/src/main/java/org/apache/jetspeed/om/page/ContentPage.java,221.0,5.0,741.0,39.0,0.0,81.0,48.0,rwatler@13f79535-47bb-0310-9956-ffa450edef68,1,0.0044444444444444444,14.0,14.0,0.0,14.0,1925.8000000000002,41720.5234697323,1,0,1.0929465511324323,false
jetspeed-api/src/main/java/org/apache/jetspeed/om/page/DynamicPage.java,19.0,1.0,1.0,2.0,0.0,4.0,30.0,rwatler@13f79535-47bb-0310-9956-ffa450edef68,1,0.0044444444444444444,50.0,50.0,0.0,25.0,1925.8000000000002,41720.5234697323,1,0,1.0929465511324323,false
jetspeed-api/src/main/java/org/apache/jetspeed/om/page/FragmentProperty.java,67.0,0.0,28.0,8.0,0.0,12.0,21.0,rwatler@13f79535-47bb-0310-9956-ffa450edef68,1,0.0044444444444444444,100.0,100.0,0.0,50.0,1925.8000000000002,41720.5234697323,1,0,1.0929465511324323,false
jetspeed-api/src/main/java/org/apache/jetspeed/openid/OpenIDConstants.java,29.0,0.0,0.0,0.0,0.0,0.0,7.0,rwatler@13f79535-47bb-0310-9956-ffa450edef68,1,0.0044444444444444444,100.0,0.0,0.0,0.0,1925.8000000000002,41720.5234697323,1,0,1.0929465511324323,false
jetspeed-api/src/main/java/org/apache/jetspeed/openid/OpenIDRegistrationConfiguration.java,166.0,6.0,117.0,19.0,12.0,33.0,7.0,rwatler@13f79535-47bb-0310-9956-ffa450edef68,1,0.0044444444444444444,100.0,0.0,0.0,0.0,1925.8000000000002,41720.5234697323,1,0,1.0929465511324323,false
jetspeed-api/src/main/java/org/apache/jetspeed/page/PageManager.java,702.0,32.0,5671.0,107.0,0.0,293.0,22.0,rwatler@13f79535-47bb-0310-9956-ffa450edef68,1,0.0044444444444444444,14.0,14.0,7.0,7.0,1925.8000000000002,41720.5234697323,1,2,1.0929465511324323,false
jetspeed-api/src/main/java/org/apache/jetspeed/pipeline/Pipeline.java,40.0,3.0,21.0,7.0,0.0,15.0,3.0,taylor@13f79535-47bb-0310-9956-ffa450edef68,1,0.0044444444444444444,33.0,0.0,33.0,33.0,1925.8000000000002,41720.5234697323,1,0,1.0929465511324323,false
jetspeed-api/src/main/java/org/apache/jetspeed/portalsite/PortalSite.java,22.0,1.0,3.0,3.0,0.0,6.0,48.0,rwatler@13f79535-47bb-0310-9956-ffa450edef68,1,0.0044444444444444444,50.0,50.0,0.0,50.0,1925.8000000000002,41720.5234697323,1,0,1.0929465511324323,false
jetspeed-api/src/main/java/org/apache/jetspeed/portalsite/PortalSiteContentTypeMapper.java,50.0,0.0,15.0,6.0,0.0,14.0,20.0,rwatler@13f79535-47bb-0310-9956-ffa450edef68,1,0.0044444444444444444,75.0,50.0,0.0,25.0,1925.8000000000002,41720.5234697323,1,0,1.0929465511324323,false
jetspeed-api/src/main/java/org/apache/jetspeed/portalsite/PortalSiteRequestContext.java,135.0,7.0,171.0,19.0,0.0,74.0,20.0,rwatler@13f79535-47bb-0310-9956-ffa450edef68,1,0.0044444444444444444,56.0,33.0,0.0,22.0,1925.8000000000002,41720.5234697323,1,0,1.0929465511324323,false
jetspeed-api/src/main/java/org/apache/jetspeed/portalsite/PortalSiteSessionContext.java,52.0,3.0,21.0,7.0,0.0,21.0,29.0,rwatler@13f79535-47bb-0310-9956-ffa450edef68,1,0.0044444444444444444,43.0,29.0,0.0,29.0,1925.8000000000002,41720.5234697323,1,0,1.0929465511324323,false
jetspeed-api/src/main/java/org/apache/jetspeed/profiler/ProfileLocator.java,99.0,3.0,105.0,15.0,0.0,33.0,48.0,taylor@13f79535-47bb-0310-9956-ffa450edef68,1,0.0044444444444444444,25.0,25.0,0.0,25.0,1925.8000000000002,41720.5234697323,1,0,1.0929465511324323,false
jetspeed-api/src/main/java/org/apache/jetspeed/spaces/Environment.java,72.0,1.0,66.0,12.0,0.0,23.0,55.0,taylor@13f79535-47bb-0310-9956-ffa450edef68,1,0.0044444444444444444,50.0,0.0,0.0,50.0,325.1111111111111,1679.7730393243012,1,0,1.2786636969275254,false
jetspeed-api/src/main/java/org/apache/jetspeed/spaces/Space.java,166.0,2.0,465.0,31.0,0.0,53.0,29.0,taylor@13f79535-47bb-0310-9956-ffa450edef68,1,0.0044444444444444444,50.0,0.0,0.0,25.0,325.1111111111111,1679.7730393243012,1,0,1.2786636969275254,false
jetspeed-api/src/main/java/org/apache/jetspeed/spaces/Spaces.java,130.0,4.0,171.0,19.0,0.0,58.0,21.0,taylor@13f79535-47bb-0310-9956-ffa450edef68,1,0.0044444444444444444,43.0,29.0,14.0,29.0,325.1111111111111,1679.7730393243012,1,0,1.2786636969275254,false
jetspeed-api/src/main/java/org/apache/jetspeed/spaces/SpacesException.java,30.0,1.0,6.0,4.0,0.0,4.0,55.0,taylor@13f79535-47bb-0310-9956-ffa450edef68,1,0.0044444444444444444,100.0,0.0,0.0,100.0,325.1111111111111,1679.7730393243012,1,0,1.2786636969275254,false
jetspeed-commons/src/main/java/org/apache/jetspeed/container/JetspeedContainerServlet.java,273.0,33.0,0.0,7.0,83.0,30.0,3.0,ate@13f79535-47bb-0310-9956-ffa450edef68,1,0.0044444444444444444,19.0,0.0,12.0,0.0,552.0425531914893,5040.425761854563,1,5,1.2584609896100056,false
jetspeed-commons/src/main/java/org/apache/jetspeed/logger/JetspeedLogger.java,30.0,0.0,276.0,24.0,0.0,36.0,7.0,woonsan@13f79535-47bb-0310-9956-ffa450edef68,1,0.0044444444444444444,100.0,0.0,100.0,0.0,552.0425531914893,5040.425761854563,1,0,1.2584609896100056,false
jetspeed-commons/src/main/java/org/apache/jetspeed/logger/JetspeedLoggerFactory.java,18.0,0.0,1.0,2.0,0.0,6.0,7.0,woonsan@13f79535-47bb-0310-9956-ffa450edef68,1,0.0044444444444444444,100.0,0.0,100.0,0.0,552.0425531914893,5040.425761854563,1,0,1.2584609896100056,false
jetspeed-commons/src/main/java/org/apache/jetspeed/portlet/PortletObjectProxy.java,204.0,32.0,2.0,8.0,46.0,36.0,11.0,ate@13f79535-47bb-0310-9956-ffa450edef68,1,0.0044444444444444444,8.0,0.0,8.0,0.0,552.0425531914893,5040.425761854563,1,2,1.2584609896100056,false
jetspeed-commons/src/main/java/org/apache/jetspeed/portlets/layout/ColumnLayout.java,503.0,15.0,264.0,29.0,97.0,121.0,6.0,taylor@13f79535-47bb-0310-9956-ffa450edef68,1,0.0044444444444444444,29.0,14.0,0.0,0.0,325.1111111111111,1679.7730393243012,1,1,1.2786636969275254,false
jetspeed-commons/src/main/java/org/apache/jetspeed/portlets/layout/NameValueProperty.java,34.0,2.0,4.0,4.0,7.0,10.0,0.0,taylor@13f79535-47bb-0310-9956-ffa450edef68,0,0.0,0.0,0.0,0.0,0.0,0.0,0.0,0,1,0.0,false
jetspeed-commons/src/main/java/org/apache/jetspeed/security/JSSubject.java,90.0,3.0,0.0,6.0,15.0,27.0,1.0,rwatler@13f79535-47bb-0310-9956-ffa450edef68,1,0.0044444444444444444,25.0,25.0,0.0,0.0,1925.8000000000002,41720.5234697323,1,1,1.0929465511324323,false
jetspeed-commons/src/main/java/org/apache/jetspeed/util/GenericPortletUtils.java,65.0,8.0,3.0,3.0,11.0,11.0,11.0,woonsan@13f79535-47bb-0310-9956-ffa450edef68,1,0.0044444444444444444,100.0,0.0,100.0,0.0,552.0425531914893,5040.425761854563,1,0,1.2584609896100056,false
jetspeed-commons/src/main/java/org/apache/jetspeed/util/JetspeedLoggerUtil.java,237.0,6.0,11.0,6.0,22.0,21.0,4.0,woonsan@13f79535-47bb-0310-9956-ffa450edef68,1,0.0044444444444444444,40.0,0.0,40.0,0.0,552.0425531914893,5040.425761854563,1,0,1.2584609896100056,false
jetspeed-commons/src/test/java/org/apache/jetspeed/util/TestGenericPortletUtils.java,42.0,7.0,0.0,2.0,5.0,2.0,11.0,woonsan@13f79535-47bb-0310-9956-ffa450edef68,1,0.0044444444444444444,100.0,0.0,100.0,0.0,552.0425531914893,5040.425761854563,1,0,1.2584609896100056,false
maven/jetspeed-deploy-maven-plugin/src/main/java/org/apache/jetspeed/maven/plugins/DeployMojo.java,565.0,30.0,53.0,11.0,107.0,48.0,1.0,ate@13f79535-47bb-0310-9956-ffa450edef68,2,0.008888888888888889,11.0,5.0,5.0,0.0,775.4814814814815,2859.8800744136524,2,2,1.0862407864748107,false
maven/jetspeed-fileutils-maven-plugin/src/main/java/org/apache/jetspeed/maven/fileutils/FileUtilsMojo.java,58.0,7.0,0.0,4.0,8.0,13.0,5.0,taylor@13f79535-47bb-0310-9956-ffa450edef68,2,0.008888888888888889,67.0,0.0,0.0,0.0,2376.1703703703706,42900.63050482165,2,0,0.9933822135772644,false
