name,LOC,CBO,LCOM,NOM,RFC,WMC,ACS,Ownership,numOfChanges,numberOfFIChanges,ENH,NF,BugFixing,REF,structuralWorkloadSum,semanticWorkloadSum,numberOfDeveloper,pastFaults,MAF,isBuggy
components/jetspeed-capability/src/main/java/org/apache/jetspeed/capabilities/impl/JetspeedCapabilities.java,479.0,23.0,478.0,40.0,153.0,130.0,0.0,rwatler@13f79535-47bb-0310-9956-ffa450edef68,0,0.0,0.0,0.0,0.0,0.0,0.0,0.0,0,0,0.0,false
components/jetspeed-capability/src/test/java/org/apache/jetspeed/capabilities/TestCapability.java,318.0,7.0,33.0,15.0,127.0,51.0,4.0,taylor@13f79535-47bb-0310-9956-ffa450edef68,1,0.0038314176245210726,25.0,0.0,0.0,0.0,555.6,2254.1922270238983,1,2,1.4586150226995167,false
components/jetspeed-cm/src/main/java/org/apache/jetspeed/cache/impl/EhCacheDistributedImpl.java,181.0,17.0,277.0,26.0,57.0,76.0,0.0,woonsan@13f79535-47bb-0310-9956-ffa450edef68,0,0.0,0.0,0.0,0.0,0.0,0.0,0.0,0,1,0.0,false
components/jetspeed-cm/src/main/java/org/apache/jetspeed/cache/impl/EhCacheImpl.java,114.0,14.0,196.0,28.0,48.0,61.0,0.0,rwatler@13f79535-47bb-0310-9956-ffa450edef68,0,0.0,0.0,0.0,0.0,0.0,0.0,0.0,0,2,0.0,false
components/jetspeed-cm/src/main/java/org/apache/jetspeed/cache/impl/EhDecorationContentCacheImpl.java,206.0,18.0,262.0,24.0,69.0,55.0,0.0,rwatler@13f79535-47bb-0310-9956-ffa450edef68,0,0.0,0.0,0.0,0.0,0.0,0.0,0.0,0,0,0.0,false
components/jetspeed-cm/src/main/java/org/apache/jetspeed/cache/impl/EhPortletContentCacheImpl.java,205.0,16.0,262.0,24.0,68.0,56.0,0.0,rwatler@13f79535-47bb-0310-9956-ffa450edef68,0,0.0,0.0,0.0,0.0,0.0,0.0,0.0,0,0,0.0,false
components/jetspeed-deploy-tools/src/main/java/org/apache/jetspeed/tools/deploy/JetspeedDeploy.java,262.0,24.0,28.0,8.0,57.0,37.0,0.0,ate@13f79535-47bb-0310-9956-ffa450edef68,0,0.0,0.0,0.0,0.0,0.0,0.0,0.0,0,1,0.0,false
components/jetspeed-page-layout/src/main/java/org/apache/jetspeed/layout/impl/PageLayoutComponentImpl.java,1816.0,44.0,232.0,56.0,661.0,226.0,41.0,rwatler@13f79535-47bb-0310-9956-ffa450edef68,1,0.0038314176245210726,5.0,0.0,0.0,0.0,1764.2142857142856,41106.97743154901,1,1,1.3940765015619456,true
components/jetspeed-page-layout/src/main/java/org/apache/jetspeed/om/page/impl/ContentFragmentImpl.java,1032.0,23.0,5995.0,115.0,205.0,251.0,41.0,rwatler@13f79535-47bb-0310-9956-ffa450edef68,1,0.0038314176245210726,7.0,0.0,0.0,0.0,1764.2142857142856,41106.97743154901,1,2,1.3940765015619456,false
components/jetspeed-page-layout/src/main/java/org/apache/jetspeed/om/page/impl/ContentPageImpl.java,497.0,11.0,1661.0,71.0,77.0,158.0,41.0,rwatler@13f79535-47bb-0310-9956-ffa450edef68,1,0.0038314176245210726,17.0,0.0,0.0,0.0,1764.2142857142856,41106.97743154901,1,0,1.3940765015619456,false
components/jetspeed-page-layout/src/main/java/org/apache/jetspeed/om/page/impl/ContentSecurityConstraint.java,63.0,2.0,0.0,9.0,0.0,21.0,0.0,taylor@13f79535-47bb-0310-9956-ffa450edef68,0,0.0,0.0,0.0,0.0,0.0,0.0,0.0,0,0,0.0,false
components/jetspeed-page-layout/src/main/java/org/apache/jetspeed/om/page/impl/ContentSecurityConstraints.java,54.0,2.0,0.0,8.0,1.0,19.0,0.0,rwatler@13f79535-47bb-0310-9956-ffa450edef68,0,0.0,0.0,0.0,0.0,0.0,0.0,0.0,0,0,0.0,false
components/jetspeed-page-layout/src/test/java/org/apache/jetspeed/layout/TestPageLayout.java,513.0,29.0,15.0,10.0,95.0,31.0,41.0,woonsan@13f79535-47bb-0310-9956-ffa450edef68,1,0.0038314176245210726,25.0,0.0,0.0,0.0,1764.2142857142856,41106.97743154901,1,0,1.3940765015619456,false
components/jetspeed-page-manager/src/main/java/org/apache/jetspeed/om/page/impl/BaseFragmentsElementImpl.java,133.0,10.0,39.0,10.0,33.0,35.0,0.0,rwatler@13f79535-47bb-0310-9956-ffa450edef68,0,0.0,0.0,0.0,0.0,0.0,0.0,0.0,0,0,0.0,false
components/jetspeed-page-manager/src/main/java/org/apache/jetspeed/om/page/impl/BasePageElementImpl.java,87.0,9.0,72.0,13.0,8.0,29.0,0.0,rwatler@13f79535-47bb-0310-9956-ffa450edef68,0,0.0,0.0,0.0,0.0,0.0,0.0,0.0,0,0,0.0,false
components/jetspeed-page-manager/src/main/java/org/apache/jetspeed/om/page/impl/DynamicPageImpl.java,25.0,1.0,6.0,5.0,0.0,8.0,0.0,rwatler@13f79535-47bb-0310-9956-ffa450edef68,0,0.0,0.0,0.0,0.0,0.0,0.0,0.0,0,0,0.0,false
components/jetspeed-page-manager/src/main/java/org/apache/jetspeed/om/page/impl/FragmentList.java,34.0,1.0,0.0,6.0,14.0,14.0,2.0,rwatler@13f79535-47bb-0310-9956-ffa450edef68,1,0.0038314176245210726,25.0,25.0,0.0,0.0,1764.2142857142856,41106.97743154901,1,0,1.3940765015619456,false
components/jetspeed-page-manager/src/main/java/org/apache/jetspeed/om/page/impl/FragmentPropertyList.java,133.0,5.0,0.0,13.0,37.0,36.0,0.0,rwatler@13f79535-47bb-0310-9956-ffa450edef68,0,0.0,0.0,0.0,0.0,0.0,0.0,0.0,0,0,0.0,false
components/jetspeed-page-manager/src/main/java/org/apache/jetspeed/om/page/psml/DynamicPageImpl.java,24.0,1.0,6.0,5.0,0.0,8.0,0.0,rwatler@13f79535-47bb-0310-9956-ffa450edef68,0,0.0,0.0,0.0,0.0,0.0,0.0,0.0,0,0,0.0,false
components/jetspeed-page-manager/src/main/java/org/apache/jetspeed/om/page/psml/FragmentList.java,34.0,1.0,0.0,6.0,14.0,14.0,2.0,rwatler@13f79535-47bb-0310-9956-ffa450edef68,1,0.0038314176245210726,25.0,25.0,0.0,0.0,1764.2142857142856,41106.97743154901,1,0,1.3940765015619456,false
components/jetspeed-page-manager/src/main/java/org/apache/jetspeed/page/AbstractPageManager.java,1154.0,37.0,1922.0,81.0,403.0,280.0,6.0,rwatler@13f79535-47bb-0310-9956-ffa450edef68,1,0.0038314176245210726,11.0,0.0,0.0,0.0,1764.2142857142856,41106.97743154901,1,1,1.3940765015619456,false
components/jetspeed-page-manager/src/main/java/org/apache/jetspeed/page/document/psml/AbstractNode.java,309.0,12.0,356.0,29.0,47.0,72.0,0.0,rwatler@13f79535-47bb-0310-9956-ffa450edef68,0,0.0,0.0,0.0,0.0,0.0,0.0,0.0,0,1,0.0,false
components/jetspeed-page-manager/src/main/java/org/apache/jetspeed/page/impl/DatabasePageManager.java,1723.0,101.0,3697.0,127.0,486.0,398.0,12.0,rwatler@13f79535-47bb-0310-9956-ffa450edef68,1,0.0038314176245210726,4.0,0.0,0.0,0.0,1764.2142857142856,41106.97743154901,1,5,1.3940765015619456,false
components/jetspeed-page-manager/src/main/java/org/apache/jetspeed/page/impl/DatabasePageManagerCache.java,593.0,23.0,1269.0,55.0,171.0,128.0,1.0,rwatler@13f79535-47bb-0310-9956-ffa450edef68,1,0.0038314176245210726,6.0,0.0,0.0,0.0,555.6,2254.1922270238983,1,0,1.4586150226995167,false
components/jetspeed-page-manager/src/main/java/org/apache/jetspeed/page/impl/DatabasePageManagerCacheObject.java,66.0,3.0,14.0,8.0,3.0,18.0,0.0,taylor@13f79535-47bb-0310-9956-ffa450edef68,0,0.0,0.0,0.0,0.0,0.0,0.0,0.0,0,0,0.0,false
components/jetspeed-page-manager/src/main/java/org/apache/jetspeed/page/impl/DatabasePageManagerCachedFragmentPropertyList.java,36.0,1.0,4.0,5.0,0.0,8.0,0.0,rwatler@13f79535-47bb-0310-9956-ffa450edef68,0,0.0,0.0,0.0,0.0,0.0,0.0,0.0,0,0,0.0,false
components/jetspeed-page-manager/src/main/java/org/apache/jetspeed/page/impl/DatabasePageManagerFragmentKeyCacheObject.java,41.0,2.0,4.0,5.0,3.0,14.0,0.0,rwatler@13f79535-47bb-0310-9956-ffa450edef68,0,0.0,0.0,0.0,0.0,0.0,0.0,0.0,0,0,0.0,false
components/jetspeed-page-manager/src/main/java/org/apache/jetspeed/page/impl/DatabasePageManagerPrincipalKeyCacheObject.java,41.0,2.0,4.0,5.0,3.0,14.0,0.0,rwatler@13f79535-47bb-0310-9956-ffa450edef68,0,0.0,0.0,0.0,0.0,0.0,0.0,0.0,0,0,0.0,false
components/jetspeed-page-manager/src/main/java/org/apache/jetspeed/page/impl/TransactionedOperation.java,58.0,0.0,12.0,9.0,0.0,15.0,0.0,rwatler@13f79535-47bb-0310-9956-ffa450edef68,0,0.0,0.0,0.0,0.0,0.0,0.0,0.0,0,1,0.0,false
components/jetspeed-page-manager/src/test/java/org/apache/jetspeed/page/TestCastorXmlPageManager.java,1355.0,40.0,0.0,36.0,465.0,107.0,0.0,rwatler@13f79535-47bb-0310-9956-ffa450edef68,0,0.0,0.0,0.0,0.0,0.0,0.0,0.0,0,4,0.0,false
components/jetspeed-page-manager/src/test/java/org/apache/jetspeed/page/TestDatabasePageManager.java,1120.0,38.0,43.0,11.0,290.0,41.0,0.0,rwatler@13f79535-47bb-0310-9956-ffa450edef68,0,0.0,0.0,0.0,0.0,0.0,0.0,0.0,0,4,0.0,false
components/jetspeed-page-manager/src/test/java/org/apache/jetspeed/page/cache/DatabasePageManagerServer.java,211.0,20.0,45.0,14.0,34.0,36.0,1.0,rwatler@13f79535-47bb-0310-9956-ffa450edef68,1,0.0038314176245210726,12.0,0.0,0.0,12.0,1764.2142857142856,41106.97743154901,1,0,1.3940765015619456,false
components/jetspeed-page-manager/src/test/java/org/apache/jetspeed/page/cache/TestDatabasePageManagerCache.java,677.0,20.0,15.0,6.0,38.0,19.0,0.0,rwatler@13f79535-47bb-0310-9956-ffa450edef68,0,0.0,0.0,0.0,0.0,0.0,0.0,0.0,0,2,0.0,false
components/jetspeed-portal-site/src/main/java/org/apache/jetspeed/om/folder/proxy/FolderProxy.java,886.0,34.0,525.0,35.0,166.0,139.0,10.0,rwatler@13f79535-47bb-0310-9956-ffa450edef68,1,0.0038314176245210726,17.0,0.0,0.0,0.0,1764.2142857142856,41106.97743154901,1,2,1.3940765015619456,false
components/jetspeed-portal-site/src/main/java/org/apache/jetspeed/om/page/proxy/DynamicPageProxy.java,93.0,9.0,0.0,5.0,23.0,14.0,14.0,rwatler@13f79535-47bb-0310-9956-ffa450edef68,1,0.0038314176245210726,25.0,0.0,0.0,0.0,1764.2142857142856,41106.97743154901,1,0,1.3940765015619456,false
components/jetspeed-portal-site/src/main/java/org/apache/jetspeed/om/page/proxy/FragmentDefinitionProxy.java,78.0,8.0,0.0,4.0,15.0,12.0,0.0,rwatler@13f79535-47bb-0310-9956-ffa450edef68,0,0.0,0.0,0.0,0.0,0.0,0.0,0.0,0,0,0.0,false
components/jetspeed-portal-site/src/main/java/org/apache/jetspeed/om/page/proxy/LinkProxy.java,75.0,8.0,0.0,4.0,15.0,12.0,0.0,rwatler@13f79535-47bb-0310-9956-ffa450edef68,0,0.0,0.0,0.0,0.0,0.0,0.0,0.0,0,1,0.0,false
components/jetspeed-portal-site/src/main/java/org/apache/jetspeed/om/page/proxy/PageProxy.java,93.0,9.0,0.0,5.0,23.0,14.0,14.0,rwatler@13f79535-47bb-0310-9956-ffa450edef68,1,0.0038314176245210726,14.0,0.0,0.0,0.0,1764.2142857142856,41106.97743154901,1,2,1.3940765015619456,false
components/jetspeed-portal-site/src/main/java/org/apache/jetspeed/om/page/proxy/PageTemplateProxy.java,92.0,9.0,0.0,5.0,21.0,14.0,14.0,rwatler@13f79535-47bb-0310-9956-ffa450edef68,1,0.0038314176245210726,25.0,0.0,0.0,0.0,1764.2142857142856,41106.97743154901,1,0,1.3940765015619456,false
components/jetspeed-portal-site/src/main/java/org/apache/jetspeed/page/document/proxy/NodeProxy.java,228.0,14.0,63.0,15.0,25.0,40.0,14.0,rwatler@13f79535-47bb-0310-9956-ffa450edef68,1,0.0038314176245210726,11.0,0.0,0.0,0.0,1764.2142857142856,41106.97743154901,1,1,1.3940765015619456,false
components/jetspeed-portal-site/src/main/java/org/apache/jetspeed/portalsite/impl/MenuElementImpl.java,225.0,10.0,80.0,20.0,22.0,59.0,0.0,taylor@13f79535-47bb-0310-9956-ffa450edef68,0,0.0,0.0,0.0,0.0,0.0,0.0,0.0,0,0,0.0,false
components/jetspeed-portal-site/src/main/java/org/apache/jetspeed/portalsite/impl/MenuImpl.java,659.0,26.0,184.0,25.0,107.0,89.0,27.0,rwatler@13f79535-47bb-0310-9956-ffa450edef68,1,0.0038314176245210726,17.0,0.0,0.0,0.0,1764.2142857142856,41106.97743154901,1,0,1.3940765015619456,false
components/jetspeed-portal-site/src/main/java/org/apache/jetspeed/portalsite/impl/MenuOptionImpl.java,134.0,11.0,34.0,9.0,17.0,29.0,41.0,rwatler@13f79535-47bb-0310-9956-ffa450edef68,1,0.0038314176245210726,20.0,0.0,0.0,0.0,1764.2142857142856,41106.97743154901,1,0,1.3940765015619456,false
components/jetspeed-portal-site/src/main/java/org/apache/jetspeed/portalsite/impl/MenuSeparatorImpl.java,88.0,5.0,0.0,8.0,8.0,27.0,0.0,taylor@13f79535-47bb-0310-9956-ffa450edef68,0,0.0,0.0,0.0,0.0,0.0,0.0,0.0,0,0,0.0,false
components/jetspeed-portal-site/src/main/java/org/apache/jetspeed/portalsite/impl/PortalSiteContentTypeMapperImpl.java,134.0,7.0,36.0,13.0,10.0,33.0,26.0,rwatler@13f79535-47bb-0310-9956-ffa450edef68,2,0.007662835249042145,33.0,17.0,0.0,0.0,2839.5621118012423,60264.642904995766,2,0,0.5304660275167038,false
components/jetspeed-portal-site/src/main/java/org/apache/jetspeed/portalsite/impl/PortalSiteRequestContextImpl.java,691.0,25.0,201.0,34.0,102.0,146.0,27.0,rwatler@13f79535-47bb-0310-9956-ffa450edef68,1,0.0038314176245210726,18.0,0.0,0.0,0.0,1764.2142857142856,41106.97743154901,1,0,1.3940765015619456,false
components/jetspeed-portal-site/src/main/java/org/apache/jetspeed/portalsite/impl/PortalSiteSessionContextImpl.java,1134.0,34.0,877.0,47.0,183.0,174.0,27.0,rwatler@13f79535-47bb-0310-9956-ffa450edef68,1,0.0038314176245210726,9.0,0.0,0.0,0.0,1764.2142857142856,41106.97743154901,1,3,1.3940765015619456,false
components/jetspeed-portal-site/src/main/java/org/apache/jetspeed/portalsite/menu/StandardBackMenuDefinition.java,81.0,6.0,28.0,8.0,6.0,24.0,0.0,rwatler@13f79535-47bb-0310-9956-ffa450edef68,0,0.0,0.0,0.0,0.0,0.0,0.0,0.0,0,0,0.0,false
components/jetspeed-portal-site/src/main/java/org/apache/jetspeed/portalsite/menu/StandardBreadcrumbsMenuDefinition.java,41.0,1.0,10.0,5.0,0.0,12.0,0.0,rwatler@13f79535-47bb-0310-9956-ffa450edef68,0,0.0,0.0,0.0,0.0,0.0,0.0,0.0,0,0,0.0,false
components/jetspeed-portal-site/src/main/java/org/apache/jetspeed/portalsite/menu/StandardNavigationsMenuDefinition.java,141.0,12.0,91.0,14.0,8.0,44.0,0.0,rwatler@13f79535-47bb-0310-9956-ffa450edef68,0,0.0,0.0,0.0,0.0,0.0,0.0,0.0,0,0,0.0,false
components/jetspeed-portal-site/src/main/java/org/apache/jetspeed/portalsite/menu/StandardPagesMenuDefinition.java,41.0,3.0,10.0,5.0,0.0,13.0,0.0,rwatler@13f79535-47bb-0310-9956-ffa450edef68,0,0.0,0.0,0.0,0.0,0.0,0.0,0.0,0,0,0.0,false
components/jetspeed-portal-site/src/main/java/org/apache/jetspeed/portalsite/view/AbstractSiteView.java,631.0,21.0,321.0,26.0,70.0,90.0,27.0,rwatler@13f79535-47bb-0310-9956-ffa450edef68,1,0.0038314176245210726,29.0,0.0,0.0,0.0,1764.2142857142856,41106.97743154901,1,0,1.3940765015619456,false
components/jetspeed-portal-site/src/main/java/org/apache/jetspeed/portalsite/view/PhysicalSiteView.java,175.0,14.0,89.0,14.0,13.0,35.0,10.0,rwatler@13f79535-47bb-0310-9956-ffa450edef68,1,0.0038314176245210726,33.0,0.0,0.0,0.0,1764.2142857142856,41106.97743154901,1,0,1.3940765015619456,false
components/jetspeed-portal-site/src/main/java/org/apache/jetspeed/portalsite/view/SearchPathsSiteView.java,586.0,25.0,229.0,26.0,96.0,79.0,0.0,rwatler@13f79535-47bb-0310-9956-ffa450edef68,0,0.0,0.0,0.0,0.0,0.0,0.0,0.0,0,0,0.0,false
components/jetspeed-portal-site/src/main/java/org/apache/jetspeed/portalsite/view/SearchPathsSiteViewProxy.java,68.0,2.0,6.0,5.0,6.0,15.0,0.0,rwatler@13f79535-47bb-0310-9956-ffa450edef68,0,0.0,0.0,0.0,0.0,0.0,0.0,0.0,0,0,0.0,false
components/jetspeed-portal-site/src/main/java/org/apache/jetspeed/portalsite/view/SiteViewMenuDefinitionLocator.java,96.0,2.0,2.0,9.0,7.0,17.0,14.0,rwatler@13f79535-47bb-0310-9956-ffa450edef68,1,0.0038314176245210726,33.0,0.0,0.0,0.0,1764.2142857142856,41106.97743154901,1,0,1.3940765015619456,false
components/jetspeed-portal-site/src/main/java/org/apache/jetspeed/portalsite/view/SiteViewSearchPath.java,139.0,1.0,8.0,12.0,14.0,27.0,0.0,rwatler@13f79535-47bb-0310-9956-ffa450edef68,0,0.0,0.0,0.0,0.0,0.0,0.0,0.0,0,0,0.0,false
components/jetspeed-portal-site/src/main/java/org/apache/jetspeed/portalsite/view/SiteViewUtils.java,88.0,6.0,6.0,4.0,22.0,19.0,14.0,rwatler@13f79535-47bb-0310-9956-ffa450edef68,1,0.0038314176245210726,20.0,0.0,0.0,0.0,1764.2142857142856,41106.97743154901,1,0,1.3940765015619456,false
components/jetspeed-portal-site/src/test/java/org/apache/jetspeed/portalsite/TestPortalSite.java,2126.0,28.0,80.0,17.0,196.0,49.0,15.0,rwatler@13f79535-47bb-0310-9956-ffa450edef68,1,0.0038314176245210726,15.0,4.0,0.0,0.0,1764.2142857142856,41106.97743154901,1,3,1.3940765015619456,false
components/jetspeed-portal/src/main/java/org/apache/jetspeed/administration/AdminUtil.java,35.0,1.0,0.0,1.0,4.0,4.0,5.0,taylor@13f79535-47bb-0310-9956-ffa450edef68,1,0.0038314176245210726,25.0,25.0,25.0,0.0,1075.3478260869565,19157.665473446756,1,1,1.0531499145913523,false
components/jetspeed-portal/src/main/java/org/apache/jetspeed/administration/PortalAdministrationImpl.java,412.0,46.0,217.0,26.0,116.0,98.0,2.0,null,4,0.01532567049808429,29.0,14.0,14.0,0.0,3651.606556245686,63306.17433182035,4,1,0.16800740726934382,true
components/jetspeed-portal/src/main/java/org/apache/jetspeed/administration/SimplePasswordGeneratorImpl.java,79.0,4.0,16.0,8.0,17.0,20.0,3.0,taylor@13f79535-47bb-0310-9956-ffa450edef68,1,0.0038314176245210726,67.0,67.0,33.0,33.0,1075.3478260869565,19157.665473446756,1,0,1.0531499145913523,true
components/jetspeed-portal/src/main/java/org/apache/jetspeed/container/session/PortalSessionsManagerImpl.java,169.0,9.0,0.0,12.0,60.0,34.0,0.0,ate@13f79535-47bb-0310-9956-ffa450edef68,0,0.0,0.0,0.0,0.0,0.0,0.0,0.0,0,1,0.0,false
components/jetspeed-portal/src/main/java/org/apache/jetspeed/container/state/impl/PortletWindowSessionNavigationalStates.java,317.0,12.0,39.0,11.0,83.0,37.0,1.0,ate@13f79535-47bb-0310-9956-ffa450edef68,1,0.0038314176245210726,8.0,0.0,8.0,0.0,1075.3478260869565,19157.665473446756,1,4,1.0531499145913523,false
components/jetspeed-portal/src/main/java/org/apache/jetspeed/engine/servlet/StaticResourceCachingFilter.java,33.0,9.0,4.0,4.0,4.0,7.0,1.0,taylor@13f79535-47bb-0310-9956-ffa450edef68,1,0.0038314176245210726,33.0,0.0,0.0,0.0,555.6,2254.1922270238983,1,1,1.4586150226995167,false
components/jetspeed-portal/src/main/java/org/apache/jetspeed/layout/impl/GetPageAction.java,132.0,27.0,0.0,4.0,38.0,20.0,41.0,ate@13f79535-47bb-0310-9956-ffa450edef68,1,0.0038314176245210726,10.0,0.0,0.0,0.0,1764.2142857142856,41106.97743154901,1,1,1.3940765015619456,false
components/jetspeed-portal/src/main/java/org/apache/jetspeed/layout/impl/PortletActionSecurityPathBehavior.java,56.0,10.0,5.0,7.0,16.0,17.0,0.0,rwatler@13f79535-47bb-0310-9956-ffa450edef68,0,0.0,0.0,0.0,0.0,0.0,0.0,0.0,0,1,0.0,false
components/jetspeed-portal/src/main/java/org/apache/jetspeed/layout/impl/UpdatePageAction.java,282.0,17.0,21.0,7.0,73.0,29.0,41.0,rwatler@13f79535-47bb-0310-9956-ffa450edef68,1,0.0038314176245210726,11.0,0.0,0.0,0.0,1764.2142857142856,41106.97743154901,1,1,1.3940765015619456,false
components/jetspeed-portal/src/main/java/org/apache/jetspeed/login/LoginProxyServlet.java,81.0,15.0,8.0,5.0,33.0,14.0,0.0,taylor@13f79535-47bb-0310-9956-ffa450edef68,0,0.0,0.0,0.0,0.0,0.0,0.0,0.0,0,1,0.0,false
components/jetspeed-portal/src/main/java/org/apache/jetspeed/login/LogoutServlet.java,26.0,7.0,0.0,2.0,8.0,5.0,2.0,taylor@13f79535-47bb-0310-9956-ffa450edef68,1,0.0038314176245210726,50.0,0.0,0.0,0.0,555.6,2254.1922270238983,1,0,1.4586150226995167,false
components/jetspeed-portal/src/main/java/org/apache/jetspeed/openid/OpenIDRelayingPartyServlet.java,604.0,65.0,8.0,8.0,147.0,38.0,0.0,rwatler@13f79535-47bb-0310-9956-ffa450edef68,0,0.0,0.0,0.0,0.0,0.0,0.0,0.0,0,0,0.0,false
components/jetspeed-portal/src/main/java/org/apache/jetspeed/pipeline/valve/PageProfilerValve.java,28.0,1.0,0.0,0.0,0.0,0.0,2.0,woonsan@13f79535-47bb-0310-9956-ffa450edef68,1,0.0038314176245210726,33.0,0.0,0.0,0.0,256.44444444444446,787.3391998006946,1,0,1.7687699510033563,false
components/jetspeed-portal/src/main/java/org/apache/jetspeed/pipeline/valve/impl/AbstractPageValveImpl.java,173.0,29.0,6.0,5.0,42.0,19.0,21.0,rwatler@13f79535-47bb-0310-9956-ffa450edef68,2,0.007662835249042145,50.0,0.0,0.0,0.0,2839.5621118012423,60264.642904995766,2,0,0.5304660275167038,false
components/jetspeed-portal/src/main/java/org/apache/jetspeed/pipeline/valve/impl/PageProfilerValveImpl.java,22.0,6.0,1.0,3.0,2.0,7.0,0.0,taylor@13f79535-47bb-0310-9956-ffa450edef68,0,0.0,0.0,0.0,0.0,0.0,0.0,0.0,0,0,0.0,false
components/jetspeed-portal/src/main/java/org/apache/jetspeed/pipeline/valve/impl/PageValveImpl.java,53.0,9.0,10.0,5.0,9.0,8.0,41.0,taylor@13f79535-47bb-0310-9956-ffa450edef68,1,0.0038314176245210726,25.0,0.0,0.0,0.0,1764.2142857142856,41106.97743154901,1,0,1.3940765015619456,false
components/jetspeed-portal/src/main/java/org/apache/jetspeed/profiler/impl/ProfilerValveImpl.java,82.0,14.0,0.0,5.0,15.0,9.0,41.0,rwatler@13f79535-47bb-0310-9956-ffa450edef68,1,0.0038314176245210726,6.0,0.0,0.0,0.0,1764.2142857142856,41106.97743154901,1,4,1.3940765015619456,false
components/jetspeed-portal/src/main/java/org/apache/jetspeed/request/JetspeedRequestContext.java,528.0,45.0,1391.0,59.0,119.0,128.0,41.0,ate@13f79535-47bb-0310-9956-ffa450edef68,1,0.0038314176245210726,4.0,0.0,0.0,0.0,1764.2142857142856,41106.97743154901,1,6,1.3940765015619456,true
components/jetspeed-portal/src/main/java/org/apache/jetspeed/security/impl/cas/CASPortalFilter.java,72.0,26.0,4.0,4.0,20.0,12.0,2.0,taylor@13f79535-47bb-0310-9956-ffa450edef68,1,0.0038314176245210726,50.0,0.0,0.0,0.0,555.6,2254.1922270238983,1,0,1.4586150226995167,false
components/jetspeed-portal/src/main/java/org/apache/jetspeed/services/beans/BaseConcretePageElementBean.java,28.0,3.0,3.0,6.0,1.0,8.0,0.0,woonsan@13f79535-47bb-0310-9956-ffa450edef68,0,0.0,0.0,0.0,0.0,0.0,0.0,0.0,0,0,0.0,false
components/jetspeed-portal/src/main/java/org/apache/jetspeed/services/beans/BaseElementBean.java,36.0,2.0,10.0,8.0,3.0,11.0,0.0,woonsan@13f79535-47bb-0310-9956-ffa450edef68,0,0.0,0.0,0.0,0.0,0.0,0.0,0.0,0,0,0.0,false
components/jetspeed-portal/src/main/java/org/apache/jetspeed/services/beans/BaseFragmentsElementBean.java,12.0,2.0,1.0,2.0,0.0,2.0,0.0,woonsan@13f79535-47bb-0310-9956-ffa450edef68,0,0.0,0.0,0.0,0.0,0.0,0.0,0.0,0,0,0.0,false
components/jetspeed-portal/src/main/java/org/apache/jetspeed/services/beans/BasePageElementBean.java,36.0,3.0,10.0,8.0,2.0,11.0,0.0,woonsan@13f79535-47bb-0310-9956-ffa450edef68,0,0.0,0.0,0.0,0.0,0.0,0.0,0.0,0,0,0.0,false
components/jetspeed-portal/src/main/java/org/apache/jetspeed/services/beans/DocumentBean.java,28.0,2.0,3.0,6.0,2.0,8.0,0.0,woonsan@13f79535-47bb-0310-9956-ffa450edef68,0,0.0,0.0,0.0,0.0,0.0,0.0,0.0,0,0,0.0,false
components/jetspeed-portal/src/main/java/org/apache/jetspeed/services/beans/FolderBean.java,103.0,9.0,171.0,22.0,8.0,35.0,0.0,woonsan@13f79535-47bb-0310-9956-ffa450edef68,0,0.0,0.0,0.0,0.0,0.0,0.0,0.0,0,0,0.0,false
components/jetspeed-portal/src/main/java/org/apache/jetspeed/services/beans/GenericMetadataBean.java,26.0,10.0,0.0,4.0,2.0,7.0,0.0,woonsan@13f79535-47bb-0310-9956-ffa450edef68,0,0.0,0.0,0.0,0.0,0.0,0.0,0.0,0,2,0.0,false
components/jetspeed-portal/src/main/java/org/apache/jetspeed/services/beans/LinkBean.java,36.0,2.0,10.0,8.0,3.0,11.0,0.0,woonsan@13f79535-47bb-0310-9956-ffa450edef68,0,0.0,0.0,0.0,0.0,0.0,0.0,0.0,0,0,0.0,false
components/jetspeed-portal/src/main/java/org/apache/jetspeed/services/beans/NodeBean.java,63.0,4.0,51.0,14.0,6.0,21.0,0.0,woonsan@13f79535-47bb-0310-9956-ffa450edef68,0,0.0,0.0,0.0,0.0,0.0,0.0,0.0,0,0,0.0,false
components/jetspeed-portal/src/main/java/org/apache/jetspeed/services/beans/PageBean.java,12.0,2.0,1.0,2.0,0.0,2.0,0.0,woonsan@13f79535-47bb-0310-9956-ffa450edef68,0,0.0,0.0,0.0,0.0,0.0,0.0,0.0,0,0,0.0,false
components/jetspeed-portal/src/main/java/org/apache/jetspeed/services/beans/PageSecurityBean.java,37.0,8.0,3.0,6.0,3.0,10.0,0.0,woonsan@13f79535-47bb-0310-9956-ffa450edef68,0,0.0,0.0,0.0,0.0,0.0,0.0,0.0,0,0,0.0,false
components/jetspeed-portal/src/main/java/org/apache/jetspeed/services/beans/PortletDefinitionBean.java,167.0,18.0,406.0,32.0,22.0,50.0,2.0,woonsan@13f79535-47bb-0310-9956-ffa450edef68,1,0.0038314176245210726,20.0,0.0,0.0,0.0,256.44444444444446,787.3391998006946,1,1,1.7687699510033563,false
components/jetspeed-portal/src/main/java/org/apache/jetspeed/services/beans/SecuredResourceBean.java,34.0,4.0,14.0,8.0,2.0,11.0,0.0,woonsan@13f79535-47bb-0310-9956-ffa450edef68,0,0.0,0.0,0.0,0.0,0.0,0.0,0.0,0,0,0.0,false
components/jetspeed-portal/src/main/java/org/apache/jetspeed/services/beans/SecurityConstraintBean.java,55.0,8.0,21.0,10.0,4.0,15.0,0.0,woonsan@13f79535-47bb-0310-9956-ffa450edef68,0,0.0,0.0,0.0,0.0,0.0,0.0,0.0,0,0,0.0,false
components/jetspeed-portal/src/main/java/org/apache/jetspeed/services/beans/SecurityConstraintsBean.java,52.0,9.0,21.0,10.0,5.0,16.0,0.0,woonsan@13f79535-47bb-0310-9956-ffa450edef68,0,0.0,0.0,0.0,0.0,0.0,0.0,0.0,0,0,0.0,false
components/jetspeed-portal/src/main/java/org/apache/jetspeed/services/beans/SecurityConstraintsDefBean.java,33.0,9.0,0.0,6.0,3.0,10.0,0.0,woonsan@13f79535-47bb-0310-9956-ffa450edef68,0,0.0,0.0,0.0,0.0,0.0,0.0,0.0,0,0,0.0,false
components/jetspeed-portal/src/main/java/org/apache/jetspeed/services/rest/PageLayoutService.java,455.0,42.0,49.0,14.0,79.0,64.0,41.0,taylor@13f79535-47bb-0310-9956-ffa450edef68,1,0.0038314176245210726,6.0,0.0,0.0,0.0,1764.2142857142856,41106.97743154901,1,3,1.3940765015619456,false
components/jetspeed-portal/src/main/java/org/apache/jetspeed/services/rest/PageManagementService.java,295.0,42.0,6.0,9.0,71.0,40.0,1.0,woonsan@13f79535-47bb-0310-9956-ffa450edef68,1,0.0038314176245210726,11.0,0.0,0.0,0.0,256.44444444444446,787.3391998006946,1,1,1.7687699510033563,false
components/jetspeed-portal/src/main/java/org/apache/jetspeed/services/rest/util/PathSegmentUtils.java,44.0,2.0,3.0,3.0,4.0,8.0,0.0,taylor@13f79535-47bb-0310-9956-ffa450edef68,0,0.0,0.0,0.0,0.0,0.0,0.0,0.0,0,0,0.0,false
components/jetspeed-portal/src/main/java/org/apache/jetspeed/spaces/BaseSpaceImpl.java,59.0,3.0,0.0,18.0,18.0,28.0,4.0,taylor@13f79535-47bb-0310-9956-ffa450edef68,1,0.0038314176245210726,50.0,50.0,50.0,0.0,256.44444444444446,787.3391998006946,1,0,1.7687699510033563,false
components/jetspeed-portal/src/main/java/org/apache/jetspeed/spaces/SpacesServiceImpl.java,356.0,18.0,0.0,28.0,133.0,98.0,15.0,taylor@13f79535-47bb-0310-9956-ffa450edef68,1,0.0038314176245210726,27.0,18.0,9.0,0.0,256.44444444444446,787.3391998006946,1,2,1.7687699510033563,false
components/jetspeed-portal/src/main/java/org/apache/jetspeed/ui/Jetui.java,211.0,27.0,161.0,19.0,81.0,57.0,41.0,taylor@13f79535-47bb-0310-9956-ffa450edef68,1,0.0038314176245210726,4.0,0.0,0.0,0.0,1764.2142857142856,41106.97743154901,1,6,1.3940765015619456,false
components/jetspeed-portal/src/main/java/org/apache/jetspeed/userinfo/impl/AbstractUserInfoManagerImpl.java,60.0,11.0,1.0,2.0,15.0,10.0,0.0,ate@13f79535-47bb-0310-9956-ffa450edef68,0,0.0,0.0,0.0,0.0,0.0,0.0,0.0,0,2,0.0,false
components/jetspeed-portal/src/main/java/org/apache/jetspeed/userinfo/impl/MultiSourceUserInfoManagerImpl.java,37.0,11.0,0.0,2.0,6.0,6.0,0.0,ate@13f79535-47bb-0310-9956-ffa450edef68,0,0.0,0.0,0.0,0.0,0.0,0.0,0.0,0,2,0.0,false
components/jetspeed-portal/src/main/java/org/apache/jetspeed/userinfo/impl/SubjectUserAttributeSourceImpl.java,33.0,12.0,0.0,1.0,8.0,4.0,0.0,ate@13f79535-47bb-0310-9956-ffa450edef68,0,0.0,0.0,0.0,0.0,0.0,0.0,0.0,0,1,0.0,false
components/jetspeed-portal/src/main/java/org/apache/jetspeed/userinfo/impl/UserInfoManagerImpl.java,65.0,15.0,11.0,7.0,17.0,12.0,0.0,ate@13f79535-47bb-0310-9956-ffa450edef68,0,0.0,0.0,0.0,0.0,0.0,0.0,0.0,0,2,0.0,false
components/jetspeed-portal/src/test/java/org/apache/jetspeed/PortletFactoryMock.java,51.0,15.0,153.0,18.0,0.0,36.0,0.0,woonsan@13f79535-47bb-0310-9956-ffa450edef68,0,0.0,0.0,0.0,0.0,0.0,0.0,0.0,0,2,0.0,false
components/jetspeed-portal/src/test/java/org/apache/jetspeed/administration/TestPortalAdministrationImpl.java,31.0,9.0,15.0,6.0,10.0,11.0,4.0,ate@13f79535-47bb-0310-9956-ffa450edef68,1,0.0038314176245210726,12.0,12.0,0.0,0.0,256.44444444444446,787.3391998006946,1,1,1.7687699510033563,true
components/jetspeed-portal/src/test/java/org/apache/jetspeed/services/rest/TestPageLayoutService.java,170.0,41.0,35.0,10.0,58.0,22.0,0.0,taylor@13f79535-47bb-0310-9956-ffa450edef68,0,0.0,0.0,0.0,0.0,0.0,0.0,0.0,0,1,0.0,false
components/jetspeed-portal/src/test/java/org/apache/jetspeed/userinfo/TestUserInfoManager.java,143.0,23.0,29.0,10.0,42.0,26.0,0.0,ate@13f79535-47bb-0310-9956-ffa450edef68,0,0.0,0.0,0.0,0.0,0.0,0.0,0.0,0,5,0.0,false
components/jetspeed-portlet-factory/src/main/java/org/apache/jetspeed/factory/InlinePortletResourceBundle.java,39.0,2.0,1.0,6.0,3.0,12.0,0.0,woonsan@13f79535-47bb-0310-9956-ffa450edef68,0,0.0,0.0,0.0,0.0,0.0,0.0,0.0,0,1,0.0,false
components/jetspeed-portlet-factory/src/main/java/org/apache/jetspeed/factory/JetspeedPortletFactory.java,521.0,38.0,137.0,26.0,124.0,85.0,0.0,woonsan@13f79535-47bb-0310-9956-ffa450edef68,0,0.0,0.0,0.0,0.0,0.0,0.0,0.0,0,3,0.0,true
components/jetspeed-profiler/src/main/java/org/apache/jetspeed/profiler/rules/impl/HostnameCriterionResolver.java,55.0,6.0,6.0,5.0,5.0,11.0,0.0,woonsan@13f79535-47bb-0310-9956-ffa450edef68,0,0.0,0.0,0.0,0.0,0.0,0.0,0.0,0,0,0.0,true
components/jetspeed-profiler/src/test/java/org/apache/jetspeed/profiler/TestProfiler.java,544.0,32.0,156.0,25.0,203.0,78.0,0.0,taylor@13f79535-47bb-0310-9956-ffa450edef68,0,0.0,0.0,0.0,0.0,0.0,0.0,0.0,0,1,0.0,false
components/jetspeed-rdbms/src/main/java/org/apache/jetspeed/components/datasource/DBCPDatasourceComponent.java,127.0,16.0,0.0,4.0,25.0,17.0,8.0,taylor@13f79535-47bb-0310-9956-ffa450edef68,1,0.0038314176245210726,14.0,0.0,0.0,0.0,555.6,2254.1922270238983,1,0,1.4586150226995167,false
components/jetspeed-rdbms/src/main/java/org/apache/jetspeed/components/jndi/JetspeedTestJNDIComponent.java,30.0,2.0,0.0,4.0,4.0,8.0,8.0,taylor@13f79535-47bb-0310-9956-ffa450edef68,1,0.0038314176245210726,33.0,0.0,0.0,0.0,555.6,2254.1922270238983,1,1,1.4586150226995167,false
components/jetspeed-rdbms/src/main/java/org/apache/jetspeed/components/rdbms/ojb/DatabasePlatformConfigurator.java,93.0,12.0,0.0,3.0,27.0,13.0,8.0,taylor@13f79535-47bb-0310-9956-ffa450edef68,1,0.0038314176245210726,25.0,0.0,0.0,0.0,555.6,2254.1922270238983,1,1,1.4586150226995167,false
components/jetspeed-rdbms/src/main/java/org/apache/jetspeed/components/util/DatasourceTestCase.java,35.0,4.0,4.0,4.0,3.0,6.0,8.0,taylor@13f79535-47bb-0310-9956-ffa450edef68,1,0.0038314176245210726,33.0,0.0,0.0,0.0,555.6,2254.1922270238983,1,1,1.4586150226995167,false
components/jetspeed-rdbms/src/test/java/org/apache/jetspeed/components/TestRDBMS.java,34.0,8.0,3.0,3.0,12.0,8.0,8.0,taylor@13f79535-47bb-0310-9956-ffa450edef68,1,0.0038314176245210726,50.0,0.0,0.0,0.0,555.6,2254.1922270238983,1,0,1.4586150226995167,false
components/jetspeed-registry/src/main/java/org/apache/jetspeed/components/portletregistry/PersistenceBrokerPortletRegistry.java,277.0,29.0,238.0,24.0,138.0,59.0,0.0,taylor@13f79535-47bb-0310-9956-ffa450edef68,0,0.0,0.0,0.0,0.0,0.0,0.0,0.0,0,3,0.0,false
components/jetspeed-registry/src/main/java/org/apache/jetspeed/om/window/impl/PortletWindowImpl.java,186.0,23.0,426.0,33.0,25.0,71.0,0.0,woonsan@13f79535-47bb-0310-9956-ffa450edef68,0,0.0,0.0,0.0,0.0,0.0,0.0,0.0,0,8,0.0,false
components/jetspeed-security/src/main/java/org/apache/jetspeed/security/impl/BaseJetspeedPrincipalManager.java,340.0,24.0,217.0,35.0,116.0,95.0,18.0,null,1,0.0038314176245210726,10.0,0.0,0.0,0.0,555.6,2254.1922270238983,1,3,1.4586150226995167,false
components/jetspeed-security/src/main/java/org/apache/jetspeed/security/impl/DefaultAuthenticationProvider.java,25.0,7.0,0.0,3.0,3.0,6.0,17.0,ate@13f79535-47bb-0310-9956-ffa450edef68,1,0.0038314176245210726,50.0,50.0,0.0,0.0,1075.3478260869565,19157.665473446756,1,0,1.0531499145913523,false
components/jetspeed-security/src/main/java/org/apache/jetspeed/security/impl/LdapAuthenticationProvider.java,81.0,23.0,0.0,3.0,27.0,12.0,14.0,ate@13f79535-47bb-0310-9956-ffa450edef68,1,0.0038314176245210726,22.0,11.0,11.0,11.0,1075.3478260869565,19157.665473446756,1,5,1.0531499145913523,false
components/jetspeed-security/src/main/java/org/apache/jetspeed/security/impl/UserManagerImpl.java,151.0,30.0,354.0,28.0,36.0,74.0,10.0,ate@13f79535-47bb-0310-9956-ffa450edef68,2,0.007662835249042145,25.0,12.0,0.0,0.0,1630.9478260869564,21411.857700470653,2,1,0.5627352880854893,false
components/jetspeed-security/src/main/java/org/apache/jetspeed/security/mapping/EntityFactory.java,12.0,2.0,3.0,3.0,0.0,4.0,22.0,ate@13f79535-47bb-0310-9956-ffa450edef68,1,0.0038314176245210726,57.0,0.0,29.0,57.0,1075.3478260869565,19157.665473446756,1,1,1.0531499145913523,false
components/jetspeed-security/src/main/java/org/apache/jetspeed/security/mapping/SecurityEntityManager.java,21.0,5.0,105.0,15.0,0.0,25.0,21.0,ate@13f79535-47bb-0310-9956-ffa450edef68,1,0.0038314176245210726,57.0,0.0,29.0,43.0,1075.3478260869565,19157.665473446756,1,1,1.0531499145913523,false
components/jetspeed-security/src/main/java/org/apache/jetspeed/security/mapping/impl/SecurityEntityRelationTypeImpl.java,38.0,1.0,5.0,7.0,4.0,14.0,21.0,ate@13f79535-47bb-0310-9956-ffa450edef68,1,0.0038314176245210726,60.0,0.0,20.0,60.0,1075.3478260869565,19157.665473446756,1,0,1.0531499145913523,false
components/jetspeed-security/src/main/java/org/apache/jetspeed/security/mapping/ldap/EntityFactoryImpl.java,103.0,20.0,0.0,6.0,44.0,21.0,20.0,ate@13f79535-47bb-0310-9956-ffa450edef68,1,0.0038314176245210726,55.0,0.0,36.0,45.0,1075.3478260869565,19157.665473446756,1,1,1.0531499145913523,false
components/jetspeed-security/src/main/java/org/apache/jetspeed/security/mapping/ldap/dao/CollectingBindingsCallbackHandler.java,11.0,3.0,0.0,1.0,0.0,4.0,17.0,ate@13f79535-47bb-0310-9956-ffa450edef68,1,0.0038314176245210726,100.0,0.0,50.0,50.0,1075.3478260869565,19157.665473446756,1,0,1.0531499145913523,false
components/jetspeed-security/src/main/java/org/apache/jetspeed/security/mapping/ldap/dao/DefaultEntityContextMapper.java,17.0,4.0,0.0,3.0,1.0,5.0,22.0,ate@13f79535-47bb-0310-9956-ffa450edef68,1,0.0038314176245210726,80.0,0.0,40.0,60.0,1075.3478260869565,19157.665473446756,1,0,1.0531499145913523,false
components/jetspeed-security/src/main/java/org/apache/jetspeed/security/mapping/ldap/dao/DefaultLDAPEntityManager.java,129.0,12.0,36.0,17.0,54.0,51.0,16.0,ate@13f79535-47bb-0310-9956-ffa450edef68,1,0.0038314176245210726,60.0,0.0,30.0,50.0,1075.3478260869565,19157.665473446756,1,2,1.0531499145913523,false
components/jetspeed-security/src/main/java/org/apache/jetspeed/security/mapping/ldap/dao/EntityContextMapper.java,6.0,3.0,0.0,1.0,0.0,1.0,17.0,ate@13f79535-47bb-0310-9956-ffa450edef68,1,0.0038314176245210726,100.0,0.0,50.0,50.0,1075.3478260869565,19157.665473446756,1,0,1.0531499145913523,false
components/jetspeed-security/src/main/java/org/apache/jetspeed/security/mapping/ldap/dao/EntityDAO.java,72.0,5.0,136.0,17.0,0.0,48.0,22.0,ate@13f79535-47bb-0310-9956-ffa450edef68,1,0.0038314176245210726,67.0,0.0,33.0,50.0,1075.3478260869565,19157.665473446756,1,1,1.0531499145913523,false
components/jetspeed-security/src/main/java/org/apache/jetspeed/security/mapping/ldap/dao/EntityRelationDAO.java,11.0,4.0,10.0,5.0,0.0,9.0,22.0,ate@13f79535-47bb-0310-9956-ffa450edef68,1,0.0038314176245210726,80.0,0.0,40.0,60.0,1075.3478260869565,19157.665473446756,1,0,1.0531499145913523,false
components/jetspeed-security/src/main/java/org/apache/jetspeed/security/mapping/ldap/dao/LDAPEntityDAOConfiguration.java,105.0,7.0,148.0,20.0,22.0,41.0,22.0,ate@13f79535-47bb-0310-9956-ffa450edef68,1,0.0038314176245210726,83.0,0.0,50.0,67.0,1075.3478260869565,19157.665473446756,1,0,1.0531499145913523,false
components/jetspeed-security/src/main/java/org/apache/jetspeed/security/mapping/ldap/dao/impl/AbstractRelationDAO.java,13.0,2.0,0.0,2.0,0.0,3.0,18.0,ate@13f79535-47bb-0310-9956-ffa450edef68,1,0.0038314176245210726,40.0,0.0,0.0,40.0,1075.3478260869565,19157.665473446756,1,1,1.0531499145913523,false
components/jetspeed-security/src/main/java/org/apache/jetspeed/security/mapping/ldap/dao/impl/AttributeBasedRelationDAO.java,80.0,9.0,0.0,9.0,24.0,27.0,15.0,ate@13f79535-47bb-0310-9956-ffa450edef68,1,0.0038314176245210726,60.0,10.0,40.0,40.0,1075.3478260869565,19157.665473446756,1,2,1.0531499145913523,false
components/jetspeed-security/src/main/java/org/apache/jetspeed/security/mapping/ldap/dao/impl/SpringLDAPEntityDAO.java,450.0,37.0,138.0,33.0,266.0,120.0,15.0,ate@13f79535-47bb-0310-9956-ffa450edef68,1,0.0038314176245210726,69.0,0.0,38.0,54.0,1075.3478260869565,19157.665473446756,1,2,1.0531499145913523,false
components/jetspeed-security/src/main/java/org/apache/jetspeed/security/mapping/ldap/filter/SimpleFilter.java,20.0,1.0,0.0,4.0,1.0,7.0,26.0,ate@13f79535-47bb-0310-9956-ffa450edef68,1,0.0038314176245210726,33.0,0.0,0.0,33.0,1075.3478260869565,19157.665473446756,1,0,1.0531499145913523,false
components/jetspeed-security/src/main/java/org/apache/jetspeed/security/mapping/model/Attribute.java,13.0,1.0,21.0,7.0,0.0,7.0,26.0,ate@13f79535-47bb-0310-9956-ffa450edef68,1,0.0038314176245210726,50.0,0.0,0.0,50.0,1075.3478260869565,19157.665473446756,1,0,1.0531499145913523,false
components/jetspeed-security/src/main/java/org/apache/jetspeed/security/mapping/model/AttributeDef.java,17.0,0.0,55.0,11.0,0.0,11.0,26.0,ate@13f79535-47bb-0310-9956-ffa450edef68,1,0.0038314176245210726,75.0,0.0,50.0,75.0,1075.3478260869565,19157.665473446756,1,0,1.0531499145913523,false
components/jetspeed-security/src/main/java/org/apache/jetspeed/security/mapping/model/Entity.java,29.0,3.0,105.0,15.0,0.0,17.0,15.0,ate@13f79535-47bb-0310-9956-ffa450edef68,1,0.0038314176245210726,83.0,17.0,50.0,67.0,1075.3478260869565,19157.665473446756,1,0,1.0531499145913523,false
components/jetspeed-security/src/main/java/org/apache/jetspeed/security/mapping/model/SecurityEntityRelationType.java,9.0,0.0,3.0,3.0,0.0,3.0,15.0,ate@13f79535-47bb-0310-9956-ffa450edef68,1,0.0038314176245210726,50.0,0.0,0.0,50.0,1075.3478260869565,19157.665473446756,1,0,1.0531499145913523,false
components/jetspeed-security/src/main/java/org/apache/jetspeed/security/mapping/model/impl/AttributeDefImpl.java,136.0,1.0,276.0,28.0,12.0,49.0,26.0,ate@13f79535-47bb-0310-9956-ffa450edef68,1,0.0038314176245210726,75.0,0.0,50.0,75.0,1075.3478260869565,19157.665473446756,1,0,1.0531499145913523,false
components/jetspeed-security/src/main/java/org/apache/jetspeed/security/mapping/model/impl/AttributeImpl.java,113.0,7.0,0.0,11.0,23.0,27.0,26.0,ate@13f79535-47bb-0310-9956-ffa450edef68,1,0.0038314176245210726,25.0,0.0,0.0,25.0,1075.3478260869565,19157.665473446756,1,1,1.0531499145913523,false
components/jetspeed-security/src/main/java/org/apache/jetspeed/security/mapping/model/impl/EntityImpl.java,185.0,9.0,60.0,20.0,33.0,46.0,15.0,ate@13f79535-47bb-0310-9956-ffa450edef68,1,0.0038314176245210726,62.0,12.0,38.0,50.0,1075.3478260869565,19157.665473446756,1,2,1.0531499145913523,false
components/jetspeed-security/src/main/java/org/apache/jetspeed/security/spi/JetspeedPrincipalAccessManager.java,34.0,5.0,120.0,16.0,0.0,20.0,18.0,taylor@13f79535-47bb-0310-9956-ffa450edef68,1,0.0038314176245210726,50.0,0.0,0.0,0.0,555.6,2254.1922270238983,1,0,1.4586150226995167,false
components/jetspeed-security/src/main/java/org/apache/jetspeed/security/spi/JetspeedPrincipalLookupManager.java,11.0,2.0,0.0,1.0,0.0,3.0,18.0,taylor@13f79535-47bb-0310-9956-ffa450edef68,1,0.0038314176245210726,100.0,0.0,0.0,0.0,555.6,2254.1922270238983,1,0,1.4586150226995167,false
components/jetspeed-security/src/main/java/org/apache/jetspeed/security/spi/JetspeedSecuritySynchronizer.java,21.0,1.0,3.0,3.0,0.0,8.0,19.0,ate@13f79535-47bb-0310-9956-ffa450edef68,1,0.0038314176245210726,50.0,0.0,50.0,50.0,1075.3478260869565,19157.665473446756,1,1,1.0531499145913523,false
components/jetspeed-security/src/main/java/org/apache/jetspeed/security/spi/UserPasswordCredentialPolicyManager.java,12.0,5.0,21.0,7.0,0.0,12.0,17.0,ate@13f79535-47bb-0310-9956-ffa450edef68,1,0.0038314176245210726,33.0,33.0,0.0,0.0,1075.3478260869565,19157.665473446756,1,0,1.0531499145913523,false
components/jetspeed-security/src/main/java/org/apache/jetspeed/security/spi/impl/DefaultJetspeedSecuritySynchronizer.java,357.0,25.0,19.0,14.0,103.0,46.0,14.0,ate@13f79535-47bb-0310-9956-ffa450edef68,1,0.0038314176245210726,45.0,0.0,36.0,36.0,1075.3478260869565,19157.665473446756,1,3,1.0531499145913523,false
components/jetspeed-security/src/main/java/org/apache/jetspeed/security/spi/impl/JetspeedPrincipalLdapAssociationStorageManager.java,33.0,5.0,0.0,3.0,12.0,7.0,20.0,ate@13f79535-47bb-0310-9956-ffa450edef68,1,0.0038314176245210726,60.0,0.0,40.0,60.0,1075.3478260869565,19157.665473446756,1,0,1.0531499145913523,false
components/jetspeed-security/src/main/java/org/apache/jetspeed/security/spi/impl/JetspeedPrincipalLookupManagerAbstract.java,198.0,20.0,6.0,4.0,41.0,21.0,9.0,taylor@13f79535-47bb-0310-9956-ffa450edef68,1,0.0038314176245210726,67.0,0.0,0.0,0.0,555.6,2254.1922270238983,1,0,1.4586150226995167,true
components/jetspeed-security/src/main/java/org/apache/jetspeed/security/spi/impl/JetspeedPrincipalLookupManagerDefault.java,27.0,4.0,1.0,2.0,5.0,7.0,18.0,taylor@13f79535-47bb-0310-9956-ffa450edef68,1,0.0038314176245210726,100.0,0.0,0.0,0.0,555.6,2254.1922270238983,1,0,1.4586150226995167,false
components/jetspeed-security/src/main/java/org/apache/jetspeed/security/spi/impl/JetspeedPrincipalLookupManagerFactory.java,51.0,8.0,0.0,2.0,13.0,8.0,18.0,taylor@13f79535-47bb-0310-9956-ffa450edef68,1,0.0038314176245210726,100.0,0.0,0.0,0.0,555.6,2254.1922270238983,1,0,1.4586150226995167,false
components/jetspeed-security/src/main/java/org/apache/jetspeed/security/spi/impl/JetspeedPrincipalLookupManagerMySql.java,20.0,4.0,1.0,2.0,2.0,6.0,18.0,taylor@13f79535-47bb-0310-9956-ffa450edef68,1,0.0038314176245210726,100.0,0.0,0.0,0.0,555.6,2254.1922270238983,1,0,1.4586150226995167,false
components/jetspeed-security/src/main/java/org/apache/jetspeed/security/spi/impl/JetspeedSecurityPersistenceManager.java,760.0,49.0,2344.0,69.0,399.0,206.0,17.0,null,2,0.007662835249042145,13.0,7.0,0.0,0.0,1630.9478260869564,21411.857700470653,2,5,0.5627352880854893,false
components/jetspeed-security/src/main/java/org/apache/jetspeed/security/spi/impl/LdapCredentialPasswordEncoder.java,110.0,8.0,11.0,6.0,22.0,23.0,17.0,ate@13f79535-47bb-0310-9956-ffa450edef68,1,0.0038314176245210726,100.0,100.0,0.0,0.0,1075.3478260869565,19157.665473446756,1,0,1.0531499145913523,false
components/jetspeed-security/src/main/java/org/apache/jetspeed/security/spi/impl/LdapUserPasswordCredentialManagerImpl.java,235.0,29.0,32.0,12.0,83.0,44.0,10.0,ate@13f79535-47bb-0310-9956-ffa450edef68,1,0.0038314176245210726,100.0,67.0,67.0,33.0,1075.3478260869565,19157.665473446756,1,0,1.0531499145913523,false
components/jetspeed-security/src/main/java/org/apache/jetspeed/security/spi/impl/PasswordCredentialImpl.java,290.0,8.0,1004.0,48.0,21.0,97.0,17.0,ate@13f79535-47bb-0310-9956-ffa450edef68,1,0.0038314176245210726,33.0,33.0,0.0,0.0,1075.3478260869565,19157.665473446756,1,0,1.0531499145913523,false
components/jetspeed-security/src/main/java/org/apache/jetspeed/security/spi/impl/UserPasswordCredentialManagerImpl.java,74.0,8.0,0.0,5.0,19.0,17.0,17.0,taylor@13f79535-47bb-0310-9956-ffa450edef68,1,0.0038314176245210726,33.0,33.0,0.0,0.0,1075.3478260869565,19157.665473446756,1,0,1.0531499145913523,true
components/jetspeed-security/src/main/java/org/apache/jetspeed/security/spi/impl/UserPasswordCredentialPolicyManagerImpl.java,137.0,11.0,2.0,9.0,39.0,31.0,17.0,ate@13f79535-47bb-0310-9956-ffa450edef68,1,0.0038314176245210726,25.0,25.0,0.0,0.0,1075.3478260869565,19157.665473446756,1,1,1.0531499145913523,false
components/jetspeed-security/src/main/java/org/apache/jetspeed/security/util/UnixCrypt.java,240.0,0.0,45.0,10.0,11.0,30.0,17.0,ate@13f79535-47bb-0310-9956-ffa450edef68,1,0.0038314176245210726,100.0,100.0,0.0,0.0,1075.3478260869565,19157.665473446756,1,0,1.0531499145913523,false
components/jetspeed-security/src/main/java/org/apache/jetspeed/serializer/JetspeedSecuritySerializer.java,668.0,52.0,128.0,20.0,291.0,94.0,1.0,ate@13f79535-47bb-0310-9956-ffa450edef68,2,0.007662835249042145,19.0,6.0,6.0,0.0,2839.5621118012423,60264.642904995766,2,6,0.530277941953404,false
components/jetspeed-security/src/test/java/org/apache/jetspeed/security/AbstractLDAPSecurityTestCase.java,81.0,8.0,46.0,12.0,20.0,34.0,9.0,ate@13f79535-47bb-0310-9956-ffa450edef68,1,0.0038314176245210726,100.0,100.0,0.0,50.0,1075.3478260869565,19157.665473446756,1,0,1.0531499145913523,false
components/jetspeed-security/src/test/java/org/apache/jetspeed/security/EmbeddedApacheDSTestService.java,78.0,10.0,1.0,7.0,33.0,20.0,2.0,ate@13f79535-47bb-0310-9956-ffa450edef68,1,0.0038314176245210726,100.0,100.0,0.0,100.0,1075.3478260869565,19157.665473446756,1,0,1.0531499145913523,false
components/jetspeed-security/src/test/java/org/apache/jetspeed/security/LocalTestUserManagerPerformance.java,197.0,5.0,6.0,4.0,51.0,13.0,8.0,taylor@13f79535-47bb-0310-9956-ffa450edef68,1,0.0038314176245210726,100.0,0.0,0.0,0.0,555.6,2254.1922270238983,1,0,1.4586150226995167,false
components/jetspeed-security/src/test/java/org/apache/jetspeed/security/TestGroupManager.java,225.0,3.0,45.0,10.0,58.0,29.0,9.0,taylor@13f79535-47bb-0310-9956-ffa450edef68,1,0.0038314176245210726,17.0,17.0,17.0,17.0,1075.3478260869565,19157.665473446756,1,2,1.0531499145913523,false
components/jetspeed-security/src/test/java/org/apache/jetspeed/security/TestHierarchicalGroups.java,143.0,3.0,1.0,2.0,26.0,9.0,17.0,rwatler@13f79535-47bb-0310-9956-ffa450edef68,1,0.0038314176245210726,50.0,50.0,0.0,0.0,1075.3478260869565,19157.665473446756,1,0,1.0531499145913523,false
components/jetspeed-security/src/test/java/org/apache/jetspeed/security/TestLoginModule.java,44.0,6.0,4.0,5.0,19.0,11.0,17.0,ate@13f79535-47bb-0310-9956-ffa450edef68,1,0.0038314176245210726,33.0,33.0,0.0,0.0,1075.3478260869565,19157.665473446756,1,0,1.0531499145913523,false
components/jetspeed-security/src/test/java/org/apache/jetspeed/security/TestRoleManager.java,207.0,2.0,36.0,9.0,52.0,24.0,9.0,taylor@13f79535-47bb-0310-9956-ffa450edef68,1,0.0038314176245210726,17.0,17.0,17.0,17.0,1075.3478260869565,19157.665473446756,1,2,1.0531499145913523,false
components/jetspeed-security/src/test/java/org/apache/jetspeed/security/TestUserManager.java,142.0,9.0,10.0,5.0,34.0,17.0,9.0,ate@13f79535-47bb-0310-9956-ffa450edef68,1,0.0038314176245210726,43.0,29.0,14.0,29.0,1075.3478260869565,19157.665473446756,1,1,1.0531499145913523,false
components/jetspeed-security/src/test/java/org/apache/jetspeed/security/TestUserManagerExtLookupManager.java,135.0,6.0,6.0,4.0,36.0,14.0,18.0,taylor@13f79535-47bb-0310-9956-ffa450edef68,1,0.0038314176245210726,100.0,0.0,0.0,0.0,555.6,2254.1922270238983,1,0,1.4586150226995167,false
components/jetspeed-security/src/test/java/org/apache/jetspeed/security/mapping/ldap/AbstractLDAPTest.java,66.0,10.0,35.0,11.0,22.0,26.0,14.0,ate@13f79535-47bb-0310-9956-ffa450edef68,1,0.0038314176245210726,50.0,17.0,33.0,33.0,1075.3478260869565,19157.665473446756,1,1,1.0531499145913523,false
components/jetspeed-security/src/test/java/org/apache/jetspeed/security/mapping/ldap/BasicTestCases.java,73.0,11.0,2.0,8.0,37.0,17.0,18.0,ate@13f79535-47bb-0310-9956-ffa450edef68,1,0.0038314176245210726,75.0,0.0,75.0,50.0,1075.3478260869565,19157.665473446756,1,0,1.0531499145913523,false
components/jetspeed-security/src/test/java/org/apache/jetspeed/security/mapping/ldap/setup1/AbstractSetup1LDAPTest.java,60.0,15.0,3.0,3.0,18.0,7.0,26.0,ate@13f79535-47bb-0310-9956-ffa450edef68,1,0.0038314176245210726,50.0,0.0,50.0,50.0,1075.3478260869565,19157.665473446756,1,1,1.0531499145913523,false
components/jetspeed-security/src/test/java/org/apache/jetspeed/security/mapping/ldap/setup1/TestLDAP1.java,112.0,7.0,45.0,10.0,42.0,21.0,28.0,ate@13f79535-47bb-0310-9956-ffa450edef68,1,0.0038314176245210726,100.0,0.0,100.0,100.0,1075.3478260869565,19157.665473446756,1,0,1.0531499145913523,false
components/jetspeed-security/src/test/java/org/apache/jetspeed/security/mapping/ldap/setup2/AbstractSetup2LDAPTest.java,74.0,15.0,3.0,3.0,18.0,7.0,26.0,ate@13f79535-47bb-0310-9956-ffa450edef68,1,0.0038314176245210726,40.0,0.0,40.0,40.0,1075.3478260869565,19157.665473446756,1,1,1.0531499145913523,false
components/jetspeed-security/src/test/java/org/apache/jetspeed/security/mapping/ldap/setup2/TestLDAP2.java,70.0,5.0,28.0,8.0,29.0,17.0,28.0,ate@13f79535-47bb-0310-9956-ffa450edef68,1,0.0038314176245210726,100.0,0.0,100.0,100.0,1075.3478260869565,19157.665473446756,1,0,1.0531499145913523,false
components/jetspeed-security/src/test/java/org/apache/jetspeed/security/mapping/stubs/StubEntityDAO.java,62.0,8.0,180.0,21.0,9.0,33.0,21.0,ate@13f79535-47bb-0310-9956-ffa450edef68,1,0.0038314176245210726,57.0,0.0,43.0,43.0,1075.3478260869565,19157.665473446756,1,1,1.0531499145913523,false
components/jetspeed-security/src/test/java/org/apache/jetspeed/security/mapping/stubs/StubEntityFactory.java,22.0,5.0,0.0,2.0,6.0,6.0,24.0,ate@13f79535-47bb-0310-9956-ffa450edef68,1,0.0038314176245210726,50.0,0.0,50.0,50.0,1075.3478260869565,19157.665473446756,1,0,1.0531499145913523,false
components/jetspeed-security/src/test/java/org/apache/jetspeed/security/mapping/stubs/StubEntityRelationDAO.java,43.0,9.0,39.0,10.0,7.0,16.0,19.0,ate@13f79535-47bb-0310-9956-ffa450edef68,1,0.0038314176245210726,60.0,0.0,40.0,40.0,1075.3478260869565,19157.665473446756,1,0,1.0531499145913523,false
components/jetspeed-security/src/test/java/org/apache/jetspeed/security/spi/TestDefaultJetspeedSynchronizer.java,61.0,16.0,1.0,2.0,5.0,5.0,28.0,taylor@13f79535-47bb-0310-9956-ffa450edef68,1,0.0038314176245210726,33.0,0.0,33.0,33.0,1075.3478260869565,19157.665473446756,1,0,1.0531499145913523,false
components/jetspeed-security/src/test/java/org/apache/jetspeed/security/stubs/StubGroupManager.java,11.0,3.0,1.0,2.0,0.0,4.0,18.0,taylor@13f79535-47bb-0310-9956-ffa450edef68,1,0.0038314176245210726,50.0,0.0,0.0,0.0,555.6,2254.1922270238983,1,0,1.4586150226995167,false
components/jetspeed-security/src/test/java/org/apache/jetspeed/security/stubs/StubUserManager.java,16.0,5.0,3.0,3.0,2.0,6.0,18.0,taylor@13f79535-47bb-0310-9956-ffa450edef68,1,0.0038314176245210726,50.0,0.0,0.0,0.0,555.6,2254.1922270238983,1,0,1.4586150226995167,false
components/jetspeed-statistics/src/main/java/org/apache/jetspeed/statistics/impl/BatchedStatistics.java,131.0,9.0,52.0,13.0,35.0,31.0,1.0,rwatler@13f79535-47bb-0310-9956-ffa450edef68,1,0.0038314176245210726,25.0,0.0,0.0,25.0,1764.2142857142856,41106.97743154901,1,1,1.3940765015619456,false
jetspeed-api/src/main/java/org/apache/jetspeed/JetspeedActions.java,150.0,8.0,0.0,9.0,16.0,31.0,3.0,taylor@13f79535-47bb-0310-9956-ffa450edef68,2,0.007662835249042145,33.0,0.0,0.0,0.0,812.0444444444445,3041.531426824593,2,0,0.9205453062914911,false
jetspeed-api/src/main/java/org/apache/jetspeed/PortalReservedParameters.java,103.0,0.0,0.0,0.0,0.0,0.0,2.0,woonsan@13f79535-47bb-0310-9956-ffa450edef68,1,0.0038314176245210726,11.0,0.0,0.0,0.0,256.44444444444446,787.3391998006946,1,4,1.7687699510033563,false
jetspeed-api/src/main/java/org/apache/jetspeed/administration/PasswordGenerator.java,6.0,0.0,0.0,1.0,0.0,1.0,3.0,taylor@13f79535-47bb-0310-9956-ffa450edef68,1,0.0038314176245210726,67.0,67.0,33.0,33.0,1075.3478260869565,19157.665473446756,1,0,1.0531499145913523,false
jetspeed-api/src/main/java/org/apache/jetspeed/administration/PortalAdministration.java,110.0,7.0,120.0,16.0,0.0,44.0,2.0,ate@13f79535-47bb-0310-9956-ffa450edef68,1,0.0038314176245210726,12.0,12.0,0.0,0.0,1764.2142857142856,41106.97743154901,1,1,1.3940765015619456,false
jetspeed-api/src/main/java/org/apache/jetspeed/container/session/PortletApplicationSessionMonitor.java,14.0,4.0,15.0,6.0,0.0,6.0,0.0,ate@13f79535-47bb-0310-9956-ffa450edef68,0,0.0,0.0,0.0,0.0,0.0,0.0,0.0,0,1,0.0,false
jetspeed-api/src/main/java/org/apache/jetspeed/factory/PortletFactory.java,44.0,13.0,120.0,16.0,0.0,28.0,0.0,woonsan@13f79535-47bb-0310-9956-ffa450edef68,0,0.0,0.0,0.0,0.0,0.0,0.0,0.0,0,2,0.0,false
jetspeed-api/src/main/java/org/apache/jetspeed/layout/PageLayoutComponent.java,329.0,6.0,780.0,40.0,0.0,60.0,41.0,rwatler@13f79535-47bb-0310-9956-ffa450edef68,1,0.0038314176245210726,8.0,0.0,0.0,0.0,1764.2142857142856,41106.97743154901,1,0,1.3940765015619456,false
jetspeed-api/src/main/java/org/apache/jetspeed/mockobjects/MockHttpServletRequest.java,172.0,12.0,1483.0,55.0,0.0,110.0,0.0,taylor@13f79535-47bb-0310-9956-ffa450edef68,0,0.0,0.0,0.0,0.0,0.0,0.0,0.0,0,1,0.0,false
jetspeed-api/src/main/java/org/apache/jetspeed/om/page/ContentFragment.java,426.0,7.0,1770.0,60.0,0.0,153.0,41.0,rwatler@13f79535-47bb-0310-9956-ffa450edef68,1,0.0038314176245210726,8.0,0.0,0.0,0.0,1764.2142857142856,41106.97743154901,1,0,1.3940765015619456,false
jetspeed-api/src/main/java/org/apache/jetspeed/om/page/ContentPage.java,293.0,5.0,1225.0,50.0,0.0,103.0,41.0,rwatler@13f79535-47bb-0310-9956-ffa450edef68,1,0.0038314176245210726,14.0,0.0,0.0,0.0,1764.2142857142856,41106.97743154901,1,0,1.3940765015619456,false
jetspeed-api/src/main/java/org/apache/jetspeed/om/page/DynamicPage.java,29.0,1.0,6.0,4.0,0.0,9.0,41.0,rwatler@13f79535-47bb-0310-9956-ffa450edef68,1,0.0038314176245210726,25.0,0.0,0.0,0.0,1764.2142857142856,41106.97743154901,1,0,1.3940765015619456,false
jetspeed-api/src/main/java/org/apache/jetspeed/om/page/FragmentDefinition.java,13.0,0.0,0.0,1.0,0.0,2.0,41.0,rwatler@13f79535-47bb-0310-9956-ffa450edef68,1,0.0038314176245210726,50.0,0.0,0.0,0.0,1764.2142857142856,41106.97743154901,1,0,1.3940765015619456,false
jetspeed-api/src/main/java/org/apache/jetspeed/portalsite/MenuElement.java,76.0,4.0,55.0,11.0,0.0,32.0,0.0,taylor@13f79535-47bb-0310-9956-ffa450edef68,0,0.0,0.0,0.0,0.0,0.0,0.0,0.0,0,0,0.0,false
jetspeed-api/src/main/java/org/apache/jetspeed/portalsite/PortalSiteContentTypeMapper.java,51.0,0.0,15.0,6.0,0.0,14.0,41.0,rwatler@13f79535-47bb-0310-9956-ffa450edef68,1,0.0038314176245210726,25.0,0.0,0.0,0.0,1764.2142857142856,41106.97743154901,1,0,1.3940765015619456,false
jetspeed-api/src/main/java/org/apache/jetspeed/portalsite/PortalSiteRequestContext.java,152.0,7.0,231.0,22.0,0.0,82.0,41.0,rwatler@13f79535-47bb-0310-9956-ffa450edef68,1,0.0038314176245210726,11.0,0.0,0.0,0.0,1764.2142857142856,41106.97743154901,1,0,1.3940765015619456,false
jetspeed-api/src/main/java/org/apache/jetspeed/portalsite/PortalSiteSessionContext.java,95.0,3.0,55.0,11.0,0.0,35.0,41.0,rwatler@13f79535-47bb-0310-9956-ffa450edef68,1,0.0038314176245210726,14.0,0.0,0.0,0.0,1764.2142857142856,41106.97743154901,1,0,1.3940765015619456,false
jetspeed-api/src/main/java/org/apache/jetspeed/security/JetspeedPrincipalManager.java,72.0,3.0,276.0,24.0,0.0,50.0,18.0,taylor@13f79535-47bb-0310-9956-ffa450edef68,1,0.0038314176245210726,17.0,0.0,0.0,0.0,555.6,2254.1922270238983,1,1,1.4586150226995167,false
jetspeed-api/src/main/java/org/apache/jetspeed/security/JetspeedPrincipalQueryContext.java,101.0,3.0,42.0,12.0,14.0,25.0,18.0,taylor@13f79535-47bb-0310-9956-ffa450edef68,1,0.0038314176245210726,100.0,0.0,0.0,0.0,555.6,2254.1922270238983,1,0,1.4586150226995167,false
jetspeed-api/src/main/java/org/apache/jetspeed/security/JetspeedPrincipalResultList.java,38.0,1.0,0.0,5.0,1.0,7.0,18.0,taylor@13f79535-47bb-0310-9956-ffa450edef68,1,0.0038314176245210726,50.0,0.0,0.0,0.0,555.6,2254.1922270238983,1,0,1.4586150226995167,false
jetspeed-api/src/main/java/org/apache/jetspeed/security/SecurityException.java,186.0,2.0,6.0,4.0,0.0,4.0,28.0,ate@13f79535-47bb-0310-9956-ffa450edef68,1,0.0038314176245210726,14.0,0.0,14.0,14.0,1075.3478260869565,19157.665473446756,1,2,1.0531499145913523,false
jetspeed-api/src/main/java/org/apache/jetspeed/security/UserManager.java,115.0,3.0,190.0,20.0,0.0,67.0,18.0,taylor@13f79535-47bb-0310-9956-ffa450edef68,1,0.0038314176245210726,25.0,0.0,0.0,0.0,555.6,2254.1922270238983,1,0,1.4586150226995167,false
jetspeed-api/src/main/java/org/apache/jetspeed/security/UserResultList.java,16.0,1.0,1.0,2.0,2.0,3.0,18.0,taylor@13f79535-47bb-0310-9956-ffa450edef68,1,0.0038314176245210726,100.0,0.0,0.0,0.0,555.6,2254.1922270238983,1,0,1.4586150226995167,false
jetspeed-api/src/main/java/org/apache/jetspeed/spaces/Space.java,187.0,2.0,595.0,35.0,0.0,61.0,4.0,taylor@13f79535-47bb-0310-9956-ffa450edef68,1,0.0038314176245210726,25.0,25.0,25.0,0.0,256.44444444444446,787.3391998006946,1,0,1.7687699510033563,false
jetspeed-api/src/main/java/org/apache/jetspeed/spaces/Spaces.java,140.0,4.0,190.0,20.0,0.0,60.0,5.0,taylor@13f79535-47bb-0310-9956-ffa450edef68,1,0.0038314176245210726,29.0,29.0,14.0,0.0,256.44444444444446,787.3391998006946,1,1,1.7687699510033563,false
jetspeed-commons/src/main/java/org/apache/jetspeed/container/session/PortletApplicationSessionMonitorImpl.java,85.0,7.0,26.0,13.0,14.0,28.0,0.0,ate@13f79535-47bb-0310-9956-ffa450edef68,0,0.0,0.0,0.0,0.0,0.0,0.0,0.0,0,1,0.0,false
jetspeed-commons/src/main/java/org/apache/jetspeed/util/JetspeedLoggerUtil.java,237.0,6.0,11.0,6.0,22.0,21.0,7.0,woonsan@13f79535-47bb-0310-9956-ffa450edef68,1,0.0038314176245210726,20.0,20.0,0.0,0.0,256.44444444444446,787.3391998006946,1,2,1.7687699510033563,false
jetspeed-commons/src/main/java/org/apache/jetspeed/util/ReloadablePropertyResourceBundle.java,102.0,12.0,0.0,6.0,18.0,15.0,0.0,woonsan@13f79535-47bb-0310-9956-ffa450edef68,0,0.0,0.0,0.0,0.0,0.0,0.0,0.0,0,1,0.0,false
jetspeed-commons/src/test/java/org/apache/jetspeed/util/TestReloadablePropertyResourceBundle.java,25.0,5.0,0.0,3.0,12.0,5.0,0.0,woonsan@13f79535-47bb-0310-9956-ffa450edef68,0,0.0,0.0,0.0,0.0,0.0,0.0,0.0,0,0,0.0,false
maven/jetspeed-deploy-maven-plugin/src/main/java/org/apache/jetspeed/maven/plugins/DeployMojo.java,573.0,30.0,53.0,11.0,108.0,48.0,0.0,ate@13f79535-47bb-0310-9956-ffa450edef68,0,0.0,0.0,0.0,0.0,0.0,0.0,0.0,0,3,0.0,false
maven/jetspeed-fileutils-maven-plugin/src/main/java/org/apache/jetspeed/maven/fileutils/FileUtilsMojo.java,128.0,11.0,0.0,8.0,23.0,27.0,0.0,taylor@13f79535-47bb-0310-9956-ffa450edef68,0,0.0,0.0,0.0,0.0,0.0,0.0,0.0,0,0,0.0,false
maven/jetspeed-mvn-maven-plugin/src/main/java/org/apache/jetspeed/maven/plugins/MvnMojo.java,469.0,35.0,18.0,9.0,127.0,47.0,1.0,ate@13f79535-47bb-0310-9956-ffa450edef68,1,0.0038314176245210726,14.0,0.0,0.0,0.0,1075.3478260869565,19157.665473446756,1,0,1.0531499145913523,false
openid-step2/common/src/main/java/com/google/step2/discovery/DefaultHostMetaFetcher.java,12.0,3.0,1.0,2.0,0.0,4.0,46.0,rwatler@13f79535-47bb-0310-9956-ffa450edef68,1,0.0038314176245210726,100.0,0.0,0.0,100.0,1764.2142857142856,41106.97743154901,1,0,1.3940765015619456,false
openid-step2/common/src/main/java/com/google/step2/discovery/Discovery2.java,185.0,14.0,60.0,12.0,31.0,58.0,46.0,rwatler@13f79535-47bb-0310-9956-ffa450edef68,1,0.0038314176245210726,100.0,0.0,0.0,100.0,1764.2142857142856,41106.97743154901,1,0,1.3940765015619456,false
openid-step2/common/src/main/java/com/google/step2/discovery/HostMeta.java,70.0,8.0,9.0,7.0,13.0,18.0,46.0,rwatler@13f79535-47bb-0310-9956-ffa450edef68,1,0.0038314176245210726,100.0,0.0,0.0,100.0,1764.2142857142856,41106.97743154901,1,0,1.3940765015619456,false
openid-step2/common/src/main/java/com/google/step2/discovery/HostMetaException.java,16.0,0.0,6.0,4.0,0.0,4.0,46.0,rwatler@13f79535-47bb-0310-9956-ffa450edef68,1,0.0038314176245210726,100.0,0.0,0.0,100.0,1764.2142857142856,41106.97743154901,1,0,1.3940765015619456,false
openid-step2/common/src/main/java/com/google/step2/discovery/HostMetaFetcher.java,12.0,0.0,0.0,1.0,0.0,5.0,46.0,rwatler@13f79535-47bb-0310-9956-ffa450edef68,1,0.0038314176245210726,100.0,0.0,0.0,100.0,1764.2142857142856,41106.97743154901,1,0,1.3940765015619456,false
openid-step2/common/src/main/java/com/google/step2/discovery/IdpIdentifier.java,12.0,1.0,0.0,2.0,0.0,5.0,46.0,rwatler@13f79535-47bb-0310-9956-ffa450edef68,1,0.0038314176245210726,100.0,0.0,0.0,100.0,1764.2142857142856,41106.97743154901,1,0,1.3940765015619456,false
openid-step2/common/src/main/java/com/google/step2/discovery/LegacyXrdsResolver.java,324.0,33.0,130.0,17.0,76.0,72.0,46.0,rwatler@13f79535-47bb-0310-9956-ffa450edef68,1,0.0038314176245210726,100.0,0.0,0.0,100.0,1764.2142857142856,41106.97743154901,1,0,1.3940765015619456,false
openid-step2/common/src/main/java/com/google/step2/discovery/Link.java,24.0,1.0,1.0,3.0,3.0,8.0,46.0,rwatler@13f79535-47bb-0310-9956-ffa450edef68,1,0.0038314176245210726,100.0,0.0,0.0,100.0,1764.2142857142856,41106.97743154901,1,0,1.3940765015619456,false
openid-step2/common/src/main/java/com/google/step2/discovery/LinkBase.java,77.0,0.0,10.0,8.0,16.0,21.0,46.0,rwatler@13f79535-47bb-0310-9956-ffa450edef68,1,0.0038314176245210726,100.0,0.0,0.0,100.0,1764.2142857142856,41106.97743154901,1,0,1.3940765015619456,false
openid-step2/common/src/main/java/com/google/step2/discovery/LinkPattern.java,17.0,0.0,3.0,3.0,2.0,7.0,46.0,rwatler@13f79535-47bb-0310-9956-ffa450edef68,1,0.0038314176245210726,100.0,0.0,0.0,100.0,1764.2142857142856,41106.97743154901,1,0,1.3940765015619456,false
openid-step2/common/src/main/java/com/google/step2/discovery/LinkSyntaxException.java,17.0,0.0,6.0,4.0,0.0,4.0,46.0,rwatler@13f79535-47bb-0310-9956-ffa450edef68,1,0.0038314176245210726,100.0,0.0,0.0,100.0,1764.2142857142856,41106.97743154901,1,0,1.3940765015619456,false
openid-step2/common/src/main/java/com/google/step2/discovery/LinkValue.java,215.0,5.0,0.0,8.0,6.0,18.0,46.0,rwatler@13f79535-47bb-0310-9956-ffa450edef68,1,0.0038314176245210726,100.0,0.0,0.0,100.0,1764.2142857142856,41106.97743154901,1,0,1.3940765015619456,false
openid-step2/common/src/main/java/com/google/step2/discovery/ParallelHostMetaFetcher.java,63.0,9.0,0.0,2.0,5.0,9.0,46.0,rwatler@13f79535-47bb-0310-9956-ffa450edef68,1,0.0038314176245210726,100.0,0.0,0.0,100.0,1764.2142857142856,41106.97743154901,1,0,1.3940765015619456,false
openid-step2/common/src/main/java/com/google/step2/discovery/RelType.java,36.0,1.0,0.0,6.0,7.0,12.0,46.0,rwatler@13f79535-47bb-0310-9956-ffa450edef68,1,0.0038314176245210726,100.0,0.0,0.0,100.0,1764.2142857142856,41106.97743154901,1,0,1.3940765015619456,false
openid-step2/common/src/main/java/com/google/step2/discovery/RelTypes.java,41.0,4.0,0.0,8.0,8.0,17.0,46.0,rwatler@13f79535-47bb-0310-9956-ffa450edef68,1,0.0038314176245210726,100.0,0.0,0.0,100.0,1764.2142857142856,41106.97743154901,1,0,1.3940765015619456,false
openid-step2/common/src/main/java/com/google/step2/discovery/SecureDiscoveryInformation.java,50.0,4.0,15.0,7.0,13.0,21.0,46.0,rwatler@13f79535-47bb-0310-9956-ffa450edef68,1,0.0038314176245210726,100.0,0.0,0.0,100.0,1764.2142857142856,41106.97743154901,1,0,1.3940765015619456,false
openid-step2/common/src/main/java/com/google/step2/discovery/SecureUrlIdentifier.java,11.0,3.0,1.0,2.0,1.0,6.0,46.0,rwatler@13f79535-47bb-0310-9956-ffa450edef68,1,0.0038314176245210726,100.0,0.0,0.0,100.0,1764.2142857142856,41106.97743154901,1,0,1.3940765015619456,false
openid-step2/common/src/main/java/com/google/step2/discovery/UriTemplate.java,24.0,4.0,0.0,2.0,7.0,5.0,46.0,rwatler@13f79535-47bb-0310-9956-ffa450edef68,1,0.0038314176245210726,100.0,0.0,0.0,100.0,1764.2142857142856,41106.97743154901,1,0,1.3940765015619456,false
openid-step2/common/src/main/java/com/google/step2/discovery/UrlHostMetaFetcher.java,40.0,9.0,1.0,3.0,6.0,10.0,46.0,rwatler@13f79535-47bb-0310-9956-ffa450edef68,1,0.0038314176245210726,100.0,0.0,0.0,100.0,1764.2142857142856,41106.97743154901,1,0,1.3940765015619456,false
openid-step2/common/src/main/java/com/google/step2/discovery/XrdDiscoveryResolver.java,33.0,4.0,6.0,4.0,0.0,19.0,46.0,rwatler@13f79535-47bb-0310-9956-ffa450edef68,1,0.0038314176245210726,100.0,0.0,0.0,100.0,1764.2142857142856,41106.97743154901,1,0,1.3940765015619456,false
openid-step2/common/src/main/java/com/google/step2/discovery/XrdLocationSelector.java,86.0,9.0,6.0,4.0,19.0,15.0,46.0,rwatler@13f79535-47bb-0310-9956-ffa450edef68,1,0.0038314176245210726,100.0,0.0,0.0,100.0,1764.2142857142856,41106.97743154901,1,0,1.3940765015619456,false
openid-step2/common/src/main/java/com/google/step2/http/DefaultHttpFetcher.java,70.0,12.0,0.0,2.0,6.0,7.0,46.0,rwatler@13f79535-47bb-0310-9956-ffa450edef68,1,0.0038314176245210726,100.0,0.0,0.0,100.0,1764.2142857142856,41106.97743154901,1,0,1.3940765015619456,false
openid-step2/common/src/main/java/com/google/step2/http/FetchException.java,23.0,0.0,10.0,5.0,2.0,5.0,46.0,rwatler@13f79535-47bb-0310-9956-ffa450edef68,1,0.0038314176245210726,100.0,0.0,0.0,100.0,1764.2142857142856,41106.97743154901,1,0,1.3940765015619456,false
openid-step2/common/src/main/java/com/google/step2/http/FetchRequest.java,57.0,1.0,0.0,8.0,3.0,17.0,46.0,rwatler@13f79535-47bb-0310-9956-ffa450edef68,1,0.0038314176245210726,100.0,0.0,0.0,100.0,1764.2142857142856,41106.97743154901,1,0,1.3940765015619456,false
openid-step2/common/src/main/java/com/google/step2/http/FetchResponse.java,21.0,1.0,6.0,4.0,0.0,7.0,46.0,rwatler@13f79535-47bb-0310-9956-ffa450edef68,1,0.0038314176245210726,100.0,0.0,0.0,100.0,1764.2142857142856,41106.97743154901,1,0,1.3940765015619456,false
openid-step2/common/src/main/java/com/google/step2/http/HttpFetcher.java,10.0,0.0,0.0,1.0,0.0,4.0,46.0,rwatler@13f79535-47bb-0310-9956-ffa450edef68,1,0.0038314176245210726,100.0,0.0,0.0,100.0,1764.2142857142856,41106.97743154901,1,0,1.3940765015619456,false
openid-step2/common/src/main/java/com/google/step2/util/EncodingUtil.java,25.0,4.0,8.0,5.0,12.0,11.0,46.0,rwatler@13f79535-47bb-0310-9956-ffa450edef68,1,0.0038314176245210726,100.0,0.0,0.0,100.0,1764.2142857142856,41106.97743154901,1,0,1.3940765015619456,false
openid-step2/common/src/main/java/com/google/step2/util/ExpiringLruCache.java,46.0,2.0,0.0,4.0,4.0,7.0,46.0,rwatler@13f79535-47bb-0310-9956-ffa450edef68,1,0.0038314176245210726,100.0,0.0,0.0,100.0,1764.2142857142856,41106.97743154901,1,0,1.3940765015619456,false
openid-step2/common/src/main/java/com/google/step2/util/TimeSource.java,11.0,1.0,1.0,2.0,2.0,4.0,46.0,rwatler@13f79535-47bb-0310-9956-ffa450edef68,1,0.0038314176245210726,100.0,0.0,0.0,100.0,1764.2142857142856,41106.97743154901,1,0,1.3940765015619456,false
openid-step2/common/src/main/java/com/google/step2/util/XmlUtil.java,29.0,9.0,3.0,3.0,8.0,10.0,46.0,rwatler@13f79535-47bb-0310-9956-ffa450edef68,1,0.0038314176245210726,100.0,0.0,0.0,100.0,1764.2142857142856,41106.97743154901,1,0,1.3940765015619456,false
openid-step2/common/src/main/java/com/google/step2/xmlsimplesign/CachedCertPathValidator.java,53.0,16.0,0.0,6.0,14.0,16.0,46.0,rwatler@13f79535-47bb-0310-9956-ffa450edef68,1,0.0038314176245210726,100.0,0.0,0.0,100.0,1764.2142857142856,41106.97743154901,1,0,1.3940765015619456,false
openid-step2/common/src/main/java/com/google/step2/xmlsimplesign/CertUtil.java,19.0,9.0,3.0,3.0,6.0,11.0,46.0,rwatler@13f79535-47bb-0310-9956-ffa450edef68,1,0.0038314176245210726,100.0,0.0,0.0,100.0,1764.2142857142856,41106.97743154901,1,0,1.3940765015619456,false
openid-step2/common/src/main/java/com/google/step2/xmlsimplesign/CertValidator.java,12.0,1.0,0.0,1.0,0.0,4.0,46.0,rwatler@13f79535-47bb-0310-9956-ffa450edef68,1,0.0038314176245210726,100.0,0.0,0.0,100.0,1764.2142857142856,41106.97743154901,1,0,1.3940765015619456,false
openid-step2/common/src/main/java/com/google/step2/xmlsimplesign/CertValidatorException.java,14.0,0.0,3.0,3.0,0.0,3.0,46.0,rwatler@13f79535-47bb-0310-9956-ffa450edef68,1,0.0038314176245210726,100.0,0.0,0.0,100.0,1764.2142857142856,41106.97743154901,1,0,1.3940765015619456,false
openid-step2/common/src/main/java/com/google/step2/xmlsimplesign/CnConstraintCertValidator.java,27.0,3.0,3.0,3.0,8.0,11.0,46.0,rwatler@13f79535-47bb-0310-9956-ffa450edef68,1,0.0038314176245210726,100.0,0.0,0.0,100.0,1764.2142857142856,41106.97743154901,1,0,1.3940765015619456,false
openid-step2/common/src/main/java/com/google/step2/xmlsimplesign/Constants.java,21.0,1.0,0.0,0.0,0.0,0.0,46.0,rwatler@13f79535-47bb-0310-9956-ffa450edef68,1,0.0038314176245210726,100.0,0.0,0.0,100.0,1764.2142857142856,41106.97743154901,1,0,1.3940765015619456,false
openid-step2/common/src/main/java/com/google/step2/xmlsimplesign/DefaultCertValidator.java,8.0,0.0,0.0,1.0,0.0,2.0,46.0,rwatler@13f79535-47bb-0310-9956-ffa450edef68,1,0.0038314176245210726,100.0,0.0,0.0,100.0,1764.2142857142856,41106.97743154901,1,0,1.3940765015619456,false
openid-step2/common/src/main/java/com/google/step2/xmlsimplesign/DefaultTrustRootsProvider.java,25.0,9.0,0.0,2.0,5.0,6.0,46.0,rwatler@13f79535-47bb-0310-9956-ffa450edef68,1,0.0038314176245210726,100.0,0.0,0.0,100.0,1764.2142857142856,41106.97743154901,1,0,1.3940765015619456,false
openid-step2/common/src/main/java/com/google/step2/xmlsimplesign/TrustRootsProvider.java,9.0,2.0,0.0,1.0,0.0,2.0,46.0,rwatler@13f79535-47bb-0310-9956-ffa450edef68,1,0.0038314176245210726,100.0,0.0,0.0,100.0,1764.2142857142856,41106.97743154901,1,0,1.3940765015619456,false
openid-step2/common/src/main/java/com/google/step2/xmlsimplesign/VerificationResult.java,12.0,2.0,0.0,2.0,0.0,5.0,46.0,rwatler@13f79535-47bb-0310-9956-ffa450edef68,1,0.0038314176245210726,100.0,0.0,0.0,100.0,1764.2142857142856,41106.97743154901,1,0,1.3940765015619456,false
openid-step2/common/src/main/java/com/google/step2/xmlsimplesign/Verifier.java,144.0,18.0,51.0,11.0,43.0,41.0,46.0,rwatler@13f79535-47bb-0310-9956-ffa450edef68,1,0.0038314176245210726,100.0,0.0,0.0,100.0,1764.2142857142856,41106.97743154901,1,0,1.3940765015619456,false
openid-step2/common/src/main/java/com/google/step2/xmlsimplesign/XmlSimpleSignException.java,14.0,2.0,6.0,4.0,1.0,4.0,46.0,rwatler@13f79535-47bb-0310-9956-ffa450edef68,1,0.0038314176245210726,100.0,0.0,0.0,100.0,1764.2142857142856,41106.97743154901,1,0,1.3940765015619456,false
openid-step2/common/src/main/java/org/doomdark/uuid/UUIDGenerator.java,15.0,1.0,1.0,2.0,1.0,5.0,46.0,rwatler@13f79535-47bb-0310-9956-ffa450edef68,1,0.0038314176245210726,100.0,0.0,0.0,100.0,1764.2142857142856,41106.97743154901,1,0,1.3940765015619456,false
