name,LOC,CBO,LCOM,NOM,RFC,WMC,ACS,Ownership,numOfChanges,numberOfFIChanges,ENH,NF,BugFixing,REF,structuralWorkloadSum,semanticWorkloadSum,numberOfDeveloper,pastFaults,MAF,isBuggy
components/jetspeed-capability/src/main/java/org/apache/jetspeed/tools/migration/JetspeedCapabilitiesMigration.java,154.0,5.0,3.0,3.0,12.0,9.0,0.0,rwatler@13f79535-47bb-0310-9956-ffa450edef68,0,0.0,0.0,0.0,0.0,0.0,0.0,0.0,0,0,0.0,false
components/jetspeed-cm/src/main/java/org/apache/jetspeed/cache/impl/EhCacheConfigResource.java,267.0,14.0,101.0,19.0,16.0,34.0,0.0,rwatler@13f79535-47bb-0310-9956-ffa450edef68,0,0.0,0.0,0.0,0.0,0.0,0.0,0.0,0,0,0.0,false
components/jetspeed-cm/src/main/java/org/apache/jetspeed/cache/impl/EhCacheImpl.java,117.0,14.0,196.0,29.0,51.0,63.0,0.0,rwatler@13f79535-47bb-0310-9956-ffa450edef68,0,0.0,0.0,0.0,0.0,0.0,0.0,0.0,0,2,0.0,false
components/jetspeed-db-tools/src/main/java/org/apache/jetspeed/tools/migration/JetspeedMigrationApplication.java,330.0,11.0,16.0,8.0,33.0,34.0,0.0,rwatler@13f79535-47bb-0310-9956-ffa450edef68,0,0.0,0.0,0.0,0.0,0.0,0.0,0.0,0,0,0.0,false
components/jetspeed-page-layout/src/main/java/org/apache/jetspeed/layout/impl/PageLayoutComponentImpl.java,1819.0,44.0,232.0,56.0,661.0,226.0,5.0,rwatler@13f79535-47bb-0310-9956-ffa450edef68,1,0.034482758620689655,5.0,5.0,5.0,5.0,151.33333333333331,131.58550845491422,1,1,1.1786549963416462,true
components/jetspeed-page-layout/src/main/java/org/apache/jetspeed/om/page/impl/ContentFragmentImpl.java,1037.0,23.0,5995.0,115.0,205.0,251.0,5.0,rwatler@13f79535-47bb-0310-9956-ffa450edef68,1,0.034482758620689655,7.0,7.0,7.0,7.0,151.33333333333331,131.58550845491422,1,2,1.1786549963416462,false
components/jetspeed-page-layout/src/main/java/org/apache/jetspeed/om/page/impl/ContentFragmentPreferenceImpl.java,42.0,3.0,7.0,7.0,0.0,14.0,5.0,woonsan@13f79535-47bb-0310-9956-ffa450edef68,1,0.034482758620689655,33.0,33.0,33.0,33.0,151.33333333333331,131.58550845491422,1,0,1.1786549963416462,false
components/jetspeed-page-manager/src/main/java/org/apache/jetspeed/om/page/impl/BaseElementImpl.java,311.0,21.0,539.0,35.0,50.0,85.0,0.0,rwatler@13f79535-47bb-0310-9956-ffa450edef68,0,0.0,0.0,0.0,0.0,0.0,0.0,0.0,0,1,0.0,false
components/jetspeed-page-manager/src/main/java/org/apache/jetspeed/om/page/psml/AbstractBaseElement.java,409.0,27.0,519.0,34.0,45.0,89.0,0.0,rwatler@13f79535-47bb-0310-9956-ffa450edef68,0,0.0,0.0,0.0,0.0,0.0,0.0,0.0,0,0,0.0,false
components/jetspeed-page-manager/src/main/java/org/apache/jetspeed/page/PageSerializerImpl.java,303.0,12.0,79.0,15.0,56.0,46.0,0.0,rwatler@13f79535-47bb-0310-9956-ffa450edef68,0,0.0,0.0,0.0,0.0,0.0,0.0,0.0,0,1,0.0,false
components/jetspeed-page-manager/src/main/java/org/apache/jetspeed/page/document/impl/NodeImpl.java,324.0,13.0,150.0,24.0,65.0,71.0,0.0,rwatler@13f79535-47bb-0310-9956-ffa450edef68,0,0.0,0.0,0.0,0.0,0.0,0.0,0.0,0,1,0.0,false
components/jetspeed-page-manager/src/main/java/org/apache/jetspeed/page/impl/DatabasePageManager.java,1758.0,105.0,4335.0,134.0,495.0,409.0,0.0,rwatler@13f79535-47bb-0310-9956-ffa450edef68,0,0.0,0.0,0.0,0.0,0.0,0.0,0.0,0,6,0.0,false
components/jetspeed-page-manager/src/main/java/org/apache/jetspeed/page/impl/DatabasePageManagerCache.java,629.0,23.0,1312.0,56.0,178.0,135.0,0.0,rwatler@13f79535-47bb-0310-9956-ffa450edef68,0,0.0,0.0,0.0,0.0,0.0,0.0,0.0,0,2,0.0,false
components/jetspeed-page-manager/src/main/java/org/apache/jetspeed/tools/migration/JetspeedDBPageManagerMigration.java,851.0,6.0,3.0,3.0,21.0,16.0,0.0,rwatler@13f79535-47bb-0310-9956-ffa450edef68,0,0.0,0.0,0.0,0.0,0.0,0.0,0.0,0,0,0.0,false
components/jetspeed-portal-site/src/main/java/org/apache/jetspeed/om/folder/proxy/FolderProxy.java,888.0,35.0,543.0,35.0,178.0,139.0,0.0,rwatler@13f79535-47bb-0310-9956-ffa450edef68,0,0.0,0.0,0.0,0.0,0.0,0.0,0.0,0,2,0.0,false
components/jetspeed-portal-site/src/main/java/org/apache/jetspeed/om/folder/proxy/FolderWeakReference.java,42.0,5.0,0.0,2.0,4.0,8.0,0.0,rwatler@13f79535-47bb-0310-9956-ffa450edef68,0,0.0,0.0,0.0,0.0,0.0,0.0,0.0,0,0,0.0,false
components/jetspeed-portal-site/src/main/java/org/apache/jetspeed/om/page/proxy/DynamicPageProxy.java,94.0,9.0,0.0,5.0,27.0,14.0,0.0,rwatler@13f79535-47bb-0310-9956-ffa450edef68,0,0.0,0.0,0.0,0.0,0.0,0.0,0.0,0,0,0.0,false
components/jetspeed-portal-site/src/main/java/org/apache/jetspeed/om/page/proxy/DynamicPageWeakReference.java,42.0,5.0,0.0,2.0,4.0,8.0,0.0,rwatler@13f79535-47bb-0310-9956-ffa450edef68,0,0.0,0.0,0.0,0.0,0.0,0.0,0.0,0,0,0.0,false
components/jetspeed-portal-site/src/main/java/org/apache/jetspeed/om/page/proxy/FragmentDefinitionProxy.java,78.0,8.0,0.0,4.0,18.0,12.0,0.0,rwatler@13f79535-47bb-0310-9956-ffa450edef68,0,0.0,0.0,0.0,0.0,0.0,0.0,0.0,0,0,0.0,false
components/jetspeed-portal-site/src/main/java/org/apache/jetspeed/om/page/proxy/FragmentDefinitionWeakReference.java,42.0,5.0,0.0,2.0,4.0,8.0,0.0,rwatler@13f79535-47bb-0310-9956-ffa450edef68,0,0.0,0.0,0.0,0.0,0.0,0.0,0.0,0,0,0.0,false
components/jetspeed-portal-site/src/main/java/org/apache/jetspeed/om/page/proxy/LinkProxy.java,75.0,8.0,0.0,4.0,18.0,12.0,0.0,rwatler@13f79535-47bb-0310-9956-ffa450edef68,0,0.0,0.0,0.0,0.0,0.0,0.0,0.0,0,1,0.0,false
components/jetspeed-portal-site/src/main/java/org/apache/jetspeed/om/page/proxy/LinkWeakReference.java,42.0,5.0,0.0,2.0,4.0,8.0,0.0,rwatler@13f79535-47bb-0310-9956-ffa450edef68,0,0.0,0.0,0.0,0.0,0.0,0.0,0.0,0,0,0.0,false
components/jetspeed-portal-site/src/main/java/org/apache/jetspeed/om/page/proxy/PageProxy.java,94.0,9.0,0.0,5.0,27.0,14.0,0.0,rwatler@13f79535-47bb-0310-9956-ffa450edef68,0,0.0,0.0,0.0,0.0,0.0,0.0,0.0,0,2,0.0,false
components/jetspeed-portal-site/src/main/java/org/apache/jetspeed/om/page/proxy/PageTemplateProxy.java,93.0,9.0,0.0,5.0,25.0,14.0,0.0,rwatler@13f79535-47bb-0310-9956-ffa450edef68,0,0.0,0.0,0.0,0.0,0.0,0.0,0.0,0,0,0.0,false
components/jetspeed-portal-site/src/main/java/org/apache/jetspeed/om/page/proxy/PageTemplateWeakReference.java,42.0,5.0,0.0,2.0,4.0,8.0,0.0,rwatler@13f79535-47bb-0310-9956-ffa450edef68,0,0.0,0.0,0.0,0.0,0.0,0.0,0.0,0,0,0.0,false
components/jetspeed-portal-site/src/main/java/org/apache/jetspeed/om/page/proxy/PageWeakReference.java,42.0,5.0,0.0,2.0,4.0,8.0,0.0,rwatler@13f79535-47bb-0310-9956-ffa450edef68,0,0.0,0.0,0.0,0.0,0.0,0.0,0.0,0,0,0.0,false
components/jetspeed-portal-site/src/main/java/org/apache/jetspeed/portalsite/impl/PortalSiteSessionContextImpl.java,1134.0,33.0,877.0,47.0,183.0,174.0,0.0,rwatler@13f79535-47bb-0310-9956-ffa450edef68,0,0.0,0.0,0.0,0.0,0.0,0.0,0.0,0,3,0.0,false
components/jetspeed-portal/src/main/java/org/apache/jetspeed/administration/PortalAdministrationImpl.java,443.0,46.0,213.0,26.0,136.0,103.0,0.0,null,0,0.0,0.0,0.0,0.0,0.0,0.0,0.0,0,4,0.0,true
components/jetspeed-portal/src/main/java/org/apache/jetspeed/container/impl/PortletRequestContextImpl.java,206.0,25.0,119.0,22.0,60.0,55.0,2.0,ate@13f79535-47bb-0310-9956-ffa450edef68,1,0.034482758620689655,11.0,0.0,0.0,0.0,189.60000000000002,141.65138637508323,1,3,0.6190392084062235,true
components/jetspeed-portal/src/main/java/org/apache/jetspeed/container/invoker/ConcurrentContainerRequestResponseUnwrapper.java,105.0,11.0,31.0,11.0,16.0,27.0,0.0,woonsan@13f79535-47bb-0310-9956-ffa450edef68,0,0.0,0.0,0.0,0.0,0.0,0.0,0.0,0,1,0.0,false
components/jetspeed-portal/src/main/java/org/apache/jetspeed/container/invoker/ConcurrentRequestMethodInterceptor.java,103.0,7.0,16.0,9.0,24.0,22.0,0.0,woonsan@13f79535-47bb-0310-9956-ffa450edef68,0,0.0,0.0,0.0,0.0,0.0,0.0,0.0,0,1,0.0,false
components/jetspeed-portal/src/main/java/org/apache/jetspeed/layout/impl/GetUserListAction.java,147.0,21.0,0.0,5.0,30.0,17.0,0.0,taylor@13f79535-47bb-0310-9956-ffa450edef68,0,0.0,0.0,0.0,0.0,0.0,0.0,0.0,0,0,0.0,false
components/jetspeed-portal/src/main/java/org/apache/jetspeed/tools/pamanager/PortletApplicationManager.java,792.0,26.0,362.0,33.0,133.0,98.0,0.0,ate@13f79535-47bb-0310-9956-ffa450edef68,0,0.0,0.0,0.0,0.0,0.0,0.0,0.0,0,5,0.0,false
components/jetspeed-portal/src/main/java/org/apache/jetspeed/tools/pamanager/VersionedPortletApplicationManager.java,87.0,17.0,15.0,6.0,23.0,14.0,0.0,taylor@13f79535-47bb-0310-9956-ffa450edef68,0,0.0,0.0,0.0,0.0,0.0,0.0,0.0,0,2,0.0,false
components/jetspeed-portal/src/main/java/org/apache/jetspeed/util/ThreadLocalHashMap.java,91.0,5.0,118.0,16.0,32.0,34.0,0.0,woonsan@13f79535-47bb-0310-9956-ffa450edef68,0,0.0,0.0,0.0,0.0,0.0,0.0,0.0,0,1,0.0,false
components/jetspeed-portal/src/main/java/org/apache/jetspeed/velocity/JetspeedPowerToolImpl.java,534.0,44.0,889.0,46.0,200.0,155.0,1.0,woonsan@13f79535-47bb-0310-9956-ffa450edef68,1,0.034482758620689655,4.0,4.0,4.0,0.0,151.33333333333331,131.58550845491422,1,9,1.1786549963416462,true
components/jetspeed-portal/src/test/java/org/apache/jetspeed/container/invoker/TestConcurrentContainerRequestResponseUnwrapper.java,80.0,2.0,0.0,2.0,9.0,6.0,0.0,woonsan@13f79535-47bb-0310-9956-ffa450edef68,0,0.0,0.0,0.0,0.0,0.0,0.0,0.0,0,1,0.0,false
components/jetspeed-profiler/src/main/java/org/apache/jetspeed/profiler/rules/impl/HostnameCriterionResolver.java,55.0,7.0,6.0,5.0,5.0,11.0,1.0,woonsan@13f79535-47bb-0310-9956-ffa450edef68,1,0.034482758620689655,33.0,0.0,0.0,0.0,151.33333333333331,131.58550845491422,1,0,1.1786549963416462,true
components/jetspeed-profiler/src/main/java/org/apache/jetspeed/tools/migration/JetspeedProfilerMigration.java,96.0,5.0,3.0,3.0,13.0,9.0,0.0,rwatler@13f79535-47bb-0310-9956-ffa450edef68,0,0.0,0.0,0.0,0.0,0.0,0.0,0.0,0,0,0.0,false
components/jetspeed-rdbms/src/main/java/org/apache/jetspeed/components/datasource/DBCPDatasourceComponent.java,129.0,16.0,0.0,4.0,25.0,17.0,0.0,taylor@13f79535-47bb-0310-9956-ffa450edef68,0,0.0,0.0,0.0,0.0,0.0,0.0,0.0,0,0,0.0,false
components/jetspeed-registry/src/main/java/org/apache/jetspeed/components/portletpreferences/PortletPreferencesServiceImpl.java,622.0,31.0,206.0,33.0,302.0,102.0,5.0,taylor@13f79535-47bb-0310-9956-ffa450edef68,1,0.034482758620689655,5.0,5.0,5.0,5.0,151.33333333333331,131.58550845491422,1,6,1.1786549963416462,false
components/jetspeed-registry/src/main/java/org/apache/jetspeed/components/portletregistry/RegistryApplicationCache.java,90.0,10.0,25.0,11.0,26.0,21.0,3.0,taylor@13f79535-47bb-0310-9956-ffa450edef68,1,0.034482758620689655,33.0,0.0,33.0,0.0,151.33333333333331,131.58550845491422,1,0,1.1786549963416462,false
components/jetspeed-registry/src/main/java/org/apache/jetspeed/components/portletregistry/RegistryPortletCache.java,90.0,10.0,25.0,11.0,26.0,21.0,3.0,taylor@13f79535-47bb-0310-9956-ffa450edef68,1,0.034482758620689655,25.0,0.0,25.0,0.0,151.33333333333331,131.58550845491422,1,0,1.1786549963416462,false
components/jetspeed-registry/src/main/java/org/apache/jetspeed/om/portlet/impl/PortletDefinitionImpl.java,468.0,32.0,2333.0,70.0,116.0,194.0,5.0,taylor@13f79535-47bb-0310-9956-ffa450edef68,1,0.034482758620689655,5.0,5.0,5.0,5.0,151.33333333333331,131.58550845491422,1,6,1.1786549963416462,false
components/jetspeed-registry/src/main/java/org/apache/jetspeed/tools/migration/JetspeedRegistryMigration.java,1204.0,10.0,3.0,3.0,30.0,16.0,0.0,rwatler@13f79535-47bb-0310-9956-ffa450edef68,0,0.0,0.0,0.0,0.0,0.0,0.0,0.0,0,0,0.0,false
components/jetspeed-registry/src/test/java/org/apache/jetspeed/components/portletregistry/TestRegistryCache.java,103.0,18.0,0.0,8.0,64.0,18.0,3.0,ate@13f79535-47bb-0310-9956-ffa450edef68,1,0.034482758620689655,12.0,0.0,12.0,0.0,151.33333333333331,131.58550845491422,1,1,1.1786549963416462,false
components/jetspeed-security/src/main/java/org/apache/jetspeed/security/spi/impl/JetspeedPrincipalLookupManagerAbstract.java,215.0,20.0,6.0,4.0,40.0,20.0,0.0,taylor@13f79535-47bb-0310-9956-ffa450edef68,0,0.0,0.0,0.0,0.0,0.0,0.0,0.0,0,0,0.0,true
components/jetspeed-security/src/main/java/org/apache/jetspeed/tools/migration/JetspeedSecurityMigration.java,581.0,9.0,6.0,4.0,36.0,19.0,0.0,rwatler@13f79535-47bb-0310-9956-ffa450edef68,0,0.0,0.0,0.0,0.0,0.0,0.0,0.0,0,0,0.0,false
components/jetspeed-sso/src/main/java/org/apache/jetspeed/tools/migration/JetspeedSSOSecurityMigration.java,107.0,5.0,3.0,3.0,15.0,15.0,0.0,rwatler@13f79535-47bb-0310-9956-ffa450edef68,0,0.0,0.0,0.0,0.0,0.0,0.0,0.0,0,0,0.0,false
components/jetspeed-statistics/src/main/java/org/apache/jetspeed/statistics/impl/PortalStatisticsImpl.java,509.0,29.0,63.0,18.0,132.0,61.0,0.0,ate@13f79535-47bb-0310-9956-ffa450edef68,0,0.0,0.0,0.0,0.0,0.0,0.0,0.0,0,1,0.0,true
components/jetspeed-statistics/src/main/java/org/apache/jetspeed/statistics/impl/UserStatsImpl.java,50.0,3.0,8.0,9.0,5.0,19.0,0.0,woonsan@13f79535-47bb-0310-9956-ffa450edef68,0,0.0,0.0,0.0,0.0,0.0,0.0,0.0,0,0,0.0,false
components/jetspeed-statistics/src/main/java/org/apache/jetspeed/tools/migration/JetspeedStatisticsMigration.java,124.0,5.0,3.0,3.0,15.0,11.0,0.0,rwatler@13f79535-47bb-0310-9956-ffa450edef68,0,0.0,0.0,0.0,0.0,0.0,0.0,0.0,0,0,0.0,false
jetspeed-api/src/main/java/org/apache/jetspeed/cache/JetspeedCache.java,95.0,2.0,153.0,18.0,0.0,41.0,0.0,taylor@13f79535-47bb-0310-9956-ffa450edef68,0,0.0,0.0,0.0,0.0,0.0,0.0,0.0,0,1,0.0,false
jetspeed-api/src/main/java/org/apache/jetspeed/om/page/BaseElement.java,37.0,1.0,15.0,6.0,0.0,12.0,0.0,rwatler@13f79535-47bb-0310-9956-ffa450edef68,0,0.0,0.0,0.0,0.0,0.0,0.0,0.0,0,0,0.0,false
jetspeed-api/src/main/java/org/apache/jetspeed/statistics/UserStats.java,16.0,3.0,28.0,8.0,0.0,9.0,0.0,woonsan@13f79535-47bb-0310-9956-ffa450edef68,0,0.0,0.0,0.0,0.0,0.0,0.0,0.0,0,0,0.0,false
jetspeed-api/src/main/java/org/apache/jetspeed/tools/migration/JetspeedMigration.java,202.0,7.0,3.0,3.0,0.0,8.0,0.0,rwatler@13f79535-47bb-0310-9956-ffa450edef68,0,0.0,0.0,0.0,0.0,0.0,0.0,0.0,0,0,0.0,false
jetspeed-api/src/main/java/org/apache/jetspeed/tools/migration/JetspeedMigrationListener.java,17.0,2.0,1.0,2.0,0.0,6.0,0.0,rwatler@13f79535-47bb-0310-9956-ffa450edef68,0,0.0,0.0,0.0,0.0,0.0,0.0,0.0,0,0,0.0,false
