name,LOC,CBO,LCOM,NOM,RFC,WMC,ACS,Ownership,numOfChanges,numberOfFIChanges,ENH,NF,BugFixing,REF,structuralWorkloadSum,semanticWorkloadSum,numberOfDeveloper,pastFaults,MAF,isBuggy
components/jetspeed-page-layout/src/main/java/org/apache/jetspeed/layout/impl/PageLayoutComponentImpl.java,1819.0,44.0,232.0,56.0,661.0,226.0,0.0,rwatler@13f79535-47bb-0310-9956-ffa450edef68,0,0.0,0.0,0.0,0.0,0.0,0.0,0.0,0,3,0.0,true
components/jetspeed-page-layout/src/test/java/org/apache/jetspeed/layout/AbstractTestPageLayout.java,501.0,27.0,0.0,7.0,102.0,26.0,0.0,taylor@13f79535-47bb-0310-9956-ffa450edef68,0,0.0,0.0,0.0,0.0,0.0,0.0,0.0,0,0,0.0,false
components/jetspeed-page-layout/src/test/java/org/apache/jetspeed/layout/TestPageLayout.java,31.0,2.0,6.0,4.0,2.0,7.0,0.0,woonsan@13f79535-47bb-0310-9956-ffa450edef68,0,0.0,0.0,0.0,0.0,0.0,0.0,0.0,0,1,0.0,false
components/jetspeed-security/src/main/java/org/apache/jetspeed/security/impl/UserManagerImpl.java,164.0,30.0,411.0,30.0,48.0,82.0,0.0,ate@13f79535-47bb-0310-9956-ffa450edef68,0,0.0,0.0,0.0,0.0,0.0,0.0,0.0,0,1,0.0,false
jetspeed-api/src/main/java/org/apache/jetspeed/page/FragmentPropertyManagement.java,9.0,1.0,3.0,3.0,0.0,3.0,0.0,taylor@13f79535-47bb-0310-9956-ffa450edef68,0,0.0,0.0,0.0,0.0,0.0,0.0,0.0,0,1,0.0,false
