name,LOC,CBO,LCOM,NOM,RFC,WMC,ACS,Ownership,numOfChanges,numberOfFIChanges,ENH,NF,BugFixing,REF,structuralWorkloadSum,semanticWorkloadSum,numberOfDeveloper,pastFaults,MAF,isBuggy
components/jetspeed-capability/src/main/java/org/apache/jetspeed/capabilities/impl/CapabilityMapImpl.java,151.0,10.0,102.0,17.0,40.0,46.0,106.0,taylor@13f79535-47bb-0310-9956-ffa450edef68,1,0.009433962264150943,25.0,0.0,0.0,25.0,1461.4095238095238,15368.589728756178,1,0,0.0,false
components/jetspeed-capability/src/main/java/org/apache/jetspeed/capabilities/impl/ClientImpl.java,194.0,6.0,165.0,22.0,2.0,39.0,106.0,taylor@13f79535-47bb-0310-9956-ffa450edef68,1,0.009433962264150943,33.0,0.0,0.0,33.0,1461.4095238095238,15368.589728756178,1,0,0.0,false
components/jetspeed-capability/src/main/java/org/apache/jetspeed/capabilities/impl/JetspeedCapabilities.java,491.0,23.0,478.0,40.0,153.0,131.0,106.0,rwatler@13f79535-47bb-0310-9956-ffa450edef68,1,0.009433962264150943,17.0,0.0,0.0,17.0,1461.4095238095238,15368.589728756178,1,1,0.0,false
components/jetspeed-capability/src/main/java/org/apache/jetspeed/capabilities/impl/MediaTypeImpl.java,159.0,6.0,109.0,19.0,9.0,31.0,106.0,taylor@13f79535-47bb-0310-9956-ffa450edef68,1,0.009433962264150943,33.0,0.0,0.0,33.0,1461.4095238095238,15368.589728756178,1,0,0.0,false
components/jetspeed-capability/src/test/java/org/apache/jetspeed/capabilities/TestCapability.java,318.0,7.0,33.0,15.0,127.0,51.0,106.0,taylor@13f79535-47bb-0310-9956-ffa450edef68,1,0.009433962264150943,12.0,0.0,0.0,12.0,1461.4095238095238,15368.589728756178,1,2,0.0,false
components/jetspeed-cm/src/main/java/org/apache/jetspeed/cache/impl/EhCacheElementImpl.java,39.0,3.0,0.0,12.0,8.0,18.0,0.0,taylor@13f79535-47bb-0310-9956-ffa450edef68,0,0.0,0.0,0.0,0.0,0.0,0.0,0.0,0,0,0.0,false
components/jetspeed-cm/src/main/java/org/apache/jetspeed/components/SpringComponentManager.java,202.0,12.0,14.0,17.0,38.0,43.0,106.0,ate@13f79535-47bb-0310-9956-ffa450edef68,1,0.009433962264150943,10.0,0.0,0.0,10.0,1461.4095238095238,15368.589728756178,1,3,0.0,true
components/jetspeed-cm/src/test/java/org/apache/jetspeed/cache/general/TestCachingInterceptors.java,43.0,2.0,3.0,3.0,5.0,6.0,106.0,taylor@13f79535-47bb-0310-9956-ffa450edef68,1,0.009433962264150943,25.0,0.0,0.0,25.0,1461.4095238095238,15368.589728756178,1,2,0.0,false
components/jetspeed-db-tools/src/main/java/org/apache/jetspeed/tools/db/serializer/JetspeedSerializerApplicationImpl.java,178.0,20.0,1.0,7.0,41.0,26.0,106.0,ate@13f79535-47bb-0310-9956-ffa450edef68,1,0.009433962264150943,9.0,0.0,0.0,9.0,1461.4095238095238,15368.589728756178,1,1,0.0,false
components/jetspeed-db-tools/src/main/java/org/apache/jetspeed/tools/page/serializer/JetspeedPageSerializerApplicationImpl.java,121.0,15.0,0.0,4.0,19.0,18.0,106.0,taylor@13f79535-47bb-0310-9956-ffa450edef68,1,0.009433962264150943,25.0,0.0,0.0,25.0,1461.4095238095238,15368.589728756178,1,1,0.0,false
components/jetspeed-file-cache/src/main/java/org/apache/jetspeed/cache/file/FileCache.java,248.0,11.0,0.0,21.0,31.0,44.0,106.0,rwatler@13f79535-47bb-0310-9956-ffa450edef68,1,0.009433962264150943,17.0,0.0,0.0,17.0,1461.4095238095238,15368.589728756178,1,2,0.0,false
components/jetspeed-locator/src/main/java/org/apache/jetspeed/profiler/impl/JetspeedProfileLocator.java,119.0,5.0,56.0,16.0,40.0,43.0,0.0,taylor@13f79535-47bb-0310-9956-ffa450edef68,0,0.0,0.0,0.0,0.0,0.0,0.0,0.0,0,1,0.0,false
components/jetspeed-locator/src/main/java/org/apache/jetspeed/profiler/impl/ProfileFallbackIterator.java,49.0,4.0,4.0,5.0,9.0,12.0,0.0,taylor@13f79535-47bb-0310-9956-ffa450edef68,0,0.0,0.0,0.0,0.0,0.0,0.0,0.0,0,1,0.0,false
components/jetspeed-locator/src/main/java/org/apache/jetspeed/profiler/impl/ProfileLocatorPropertyImpl.java,89.0,3.0,16.0,12.0,3.0,20.0,0.0,taylor@13f79535-47bb-0310-9956-ffa450edef68,0,0.0,0.0,0.0,0.0,0.0,0.0,0.0,0,0,0.0,false
components/jetspeed-page-layout/src/test/java/org/apache/jetspeed/layout/AbstractTestPageLayout.java,501.0,27.0,0.0,7.0,102.0,26.0,106.0,taylor@13f79535-47bb-0310-9956-ffa450edef68,1,0.009433962264150943,25.0,0.0,0.0,25.0,1461.4095238095238,15368.589728756178,1,0,0.0,false
components/jetspeed-page-manager/src/main/java/org/apache/jetspeed/om/page/impl/BaseElementImpl.java,311.0,21.0,539.0,35.0,50.0,85.0,106.0,rwatler@13f79535-47bb-0310-9956-ffa450edef68,1,0.009433962264150943,10.0,0.0,0.0,10.0,1461.4095238095238,15368.589728756178,1,1,0.0,false
components/jetspeed-page-manager/src/test/java/org/apache/jetspeed/page/TestDatabasePageManager.java,1120.0,38.0,43.0,11.0,290.0,41.0,106.0,rwatler@13f79535-47bb-0310-9956-ffa450edef68,1,0.009433962264150943,5.0,0.0,0.0,5.0,1461.4095238095238,15368.589728756178,1,4,0.0,false
components/jetspeed-page-manager/src/test/java/org/apache/jetspeed/page/cache/DatabasePageManagerServer.java,210.0,20.0,45.0,14.0,33.0,36.0,106.0,rwatler@13f79535-47bb-0310-9956-ffa450edef68,1,0.009433962264150943,12.0,0.0,0.0,12.0,1461.4095238095238,15368.589728756178,1,0,0.0,false
components/jetspeed-portal-site/src/main/java/org/apache/jetspeed/portalsite/impl/PortalSiteSessionContextImpl.java,1134.0,33.0,877.0,47.0,183.0,174.0,0.0,rwatler@13f79535-47bb-0310-9956-ffa450edef68,0,0.0,0.0,0.0,0.0,0.0,0.0,0.0,0,4,0.0,false
components/jetspeed-portal-site/src/main/java/org/apache/jetspeed/portalsite/view/SearchPathsSiteView.java,586.0,25.0,229.0,26.0,96.0,79.0,0.0,rwatler@13f79535-47bb-0310-9956-ffa450edef68,0,0.0,0.0,0.0,0.0,0.0,0.0,0.0,0,1,0.0,false
components/jetspeed-portal-site/src/test/java/org/apache/jetspeed/portalsite/TestPortalSite.java,2126.0,28.0,80.0,17.0,196.0,49.0,106.0,rwatler@13f79535-47bb-0310-9956-ffa450edef68,1,0.009433962264150943,4.0,0.0,0.0,4.0,1461.4095238095238,15368.589728756178,1,3,0.0,false
components/jetspeed-portal/src/main/java/org/apache/jetspeed/administration/PortalAdministrationImpl.java,447.0,43.0,252.0,28.0,134.0,105.0,0.0,null,0,0.0,0.0,0.0,0.0,0.0,0.0,0.0,0,6,0.0,true
components/jetspeed-portal/src/main/java/org/apache/jetspeed/administration/PortalConfigurationImpl.java,59.0,3.0,0.0,17.0,16.0,32.0,0.0,taylor@13f79535-47bb-0310-9956-ffa450edef68,0,0.0,0.0,0.0,0.0,0.0,0.0,0.0,0,0,0.0,false
components/jetspeed-portal/src/main/java/org/apache/jetspeed/aggregator/impl/PortletRendererImpl.java,275.0,30.0,210.0,24.0,99.0,69.0,0.0,ate@13f79535-47bb-0310-9956-ffa450edef68,0,0.0,0.0,0.0,0.0,0.0,0.0,0.0,0,5,0.0,false
components/jetspeed-portal/src/main/java/org/apache/jetspeed/aggregator/impl/PortletTrackingManagerImpl.java,181.0,15.0,42.0,16.0,63.0,42.0,0.0,taylor@13f79535-47bb-0310-9956-ffa450edef68,0,0.0,0.0,0.0,0.0,0.0,0.0,0.0,0,2,0.0,false
components/jetspeed-portal/src/main/java/org/apache/jetspeed/ajax/AjaxRequestServiceImpl.java,125.0,19.0,0.0,7.0,31.0,20.0,106.0,taylor@13f79535-47bb-0310-9956-ffa450edef68,1,0.009433962264150943,33.0,0.0,0.0,33.0,1461.4095238095238,15368.589728756178,1,0,0.0,false
components/jetspeed-portal/src/main/java/org/apache/jetspeed/deployment/simpleregistry/SimpleRegistry.java,29.0,1.0,6.0,4.0,0.0,9.0,106.0,taylor@13f79535-47bb-0310-9956-ffa450edef68,1,0.009433962264150943,50.0,0.0,0.0,50.0,1461.4095238095238,15368.589728756178,1,0,0.0,false
components/jetspeed-portal/src/main/java/org/apache/jetspeed/engine/JetspeedEngine.java,154.0,22.0,10.0,12.0,44.0,31.0,106.0,taylor@13f79535-47bb-0310-9956-ffa450edef68,1,0.009433962264150943,17.0,0.0,0.0,17.0,1461.4095238095238,15368.589728756178,1,1,0.0,false
components/jetspeed-portal/src/main/java/org/apache/jetspeed/engine/JetspeedServlet.java,266.0,41.0,25.0,10.0,79.0,33.0,106.0,ate@13f79535-47bb-0310-9956-ffa450edef68,1,0.009433962264150943,6.0,0.0,0.0,6.0,1461.4095238095238,15368.589728756178,1,7,0.0,false
components/jetspeed-portal/src/main/java/org/apache/jetspeed/layout/impl/AddPortletAction.java,143.0,14.0,7.0,7.0,31.0,28.0,106.0,taylor@13f79535-47bb-0310-9956-ffa450edef68,1,0.009433962264150943,25.0,0.0,0.0,25.0,1461.4095238095238,15368.589728756178,1,0,0.0,false
components/jetspeed-portal/src/main/java/org/apache/jetspeed/layout/impl/BasePortletAction.java,100.0,12.0,82.0,17.0,19.0,42.0,106.0,ate@13f79535-47bb-0310-9956-ffa450edef68,1,0.009433962264150943,17.0,0.0,0.0,17.0,1461.4095238095238,15368.589728756178,1,1,0.0,false
components/jetspeed-portal/src/main/java/org/apache/jetspeed/layout/impl/BaseSiteUpdateAction.java,190.0,16.0,105.0,15.0,77.0,59.0,106.0,taylor@13f79535-47bb-0310-9956-ffa450edef68,1,0.009433962264150943,20.0,0.0,0.0,20.0,1461.4095238095238,15368.589728756178,1,1,0.0,false
components/jetspeed-portal/src/main/java/org/apache/jetspeed/layout/impl/BaseUserAction.java,125.0,12.0,73.0,15.0,22.0,41.0,106.0,ate@13f79535-47bb-0310-9956-ffa450edef68,1,0.009433962264150943,20.0,0.0,0.0,20.0,1461.4095238095238,15368.589728756178,1,0,0.0,false
components/jetspeed-portal/src/main/java/org/apache/jetspeed/layout/impl/ChangePortletAction.java,162.0,20.0,11.0,7.0,41.0,24.0,106.0,ate@13f79535-47bb-0310-9956-ffa450edef68,1,0.009433962264150943,12.0,0.0,0.0,12.0,1461.4095238095238,15368.589728756178,1,3,0.0,false
components/jetspeed-portal/src/main/java/org/apache/jetspeed/layout/impl/GetFolderAction.java,40.0,10.0,3.0,3.0,7.0,11.0,106.0,taylor@13f79535-47bb-0310-9956-ffa450edef68,1,0.009433962264150943,25.0,0.0,0.0,25.0,1461.4095238095238,15368.589728756178,1,1,0.0,false
components/jetspeed-portal/src/main/java/org/apache/jetspeed/layout/impl/GetFolderListAction.java,52.0,11.0,1.0,2.0,12.0,8.0,106.0,taylor@13f79535-47bb-0310-9956-ffa450edef68,1,0.009433962264150943,25.0,0.0,0.0,25.0,1461.4095238095238,15368.589728756178,1,1,0.0,false
components/jetspeed-portal/src/main/java/org/apache/jetspeed/layout/impl/GetFoldersListAction.java,40.0,10.0,1.0,2.0,9.0,6.0,106.0,taylor@13f79535-47bb-0310-9956-ffa450edef68,1,0.009433962264150943,33.0,0.0,0.0,33.0,1461.4095238095238,15368.589728756178,1,0,0.0,false
components/jetspeed-portal/src/main/java/org/apache/jetspeed/layout/impl/GetLinkAction.java,41.0,10.0,3.0,3.0,8.0,11.0,106.0,taylor@13f79535-47bb-0310-9956-ffa450edef68,1,0.009433962264150943,25.0,0.0,0.0,25.0,1461.4095238095238,15368.589728756178,1,1,0.0,false
components/jetspeed-portal/src/main/java/org/apache/jetspeed/layout/impl/GetMenuAction.java,56.0,13.0,1.0,2.0,7.0,7.0,106.0,taylor@13f79535-47bb-0310-9956-ffa450edef68,1,0.009433962264150943,33.0,0.0,0.0,33.0,1461.4095238095238,15368.589728756178,1,0,0.0,false
components/jetspeed-portal/src/main/java/org/apache/jetspeed/layout/impl/GetMenusAction.java,87.0,16.0,3.0,3.0,19.0,14.0,106.0,taylor@13f79535-47bb-0310-9956-ffa450edef68,1,0.009433962264150943,33.0,0.0,0.0,33.0,1461.4095238095238,15368.589728756178,1,0,0.0,false
components/jetspeed-portal/src/main/java/org/apache/jetspeed/layout/impl/GetPagesAction.java,59.0,16.0,6.0,4.0,14.0,13.0,106.0,taylor@13f79535-47bb-0310-9956-ffa450edef68,1,0.009433962264150943,25.0,0.0,0.0,25.0,1461.4095238095238,15368.589728756178,1,1,0.0,false
components/jetspeed-portal/src/main/java/org/apache/jetspeed/layout/impl/GetPortletActionsAction.java,58.0,14.0,4.0,5.0,14.0,18.0,106.0,ate@13f79535-47bb-0310-9956-ffa450edef68,1,0.009433962264150943,20.0,0.0,0.0,20.0,1461.4095238095238,15368.589728756178,1,1,0.0,false
components/jetspeed-portal/src/main/java/org/apache/jetspeed/layout/impl/GetPortletsAction.java,120.0,24.0,9.0,6.0,34.0,19.0,106.0,taylor@13f79535-47bb-0310-9956-ffa450edef68,1,0.009433962264150943,12.0,0.0,0.0,12.0,1461.4095238095238,15368.589728756178,1,3,0.0,false
components/jetspeed-portal/src/main/java/org/apache/jetspeed/layout/impl/GetThemesAction.java,41.0,9.0,0.0,2.0,10.0,7.0,106.0,taylor@13f79535-47bb-0310-9956-ffa450edef68,1,0.009433962264150943,25.0,0.0,0.0,25.0,1461.4095238095238,15368.589728756178,1,1,0.0,false
components/jetspeed-portal/src/main/java/org/apache/jetspeed/layout/impl/GetUserInformationAction.java,50.0,15.0,1.0,2.0,16.0,10.0,106.0,ate@13f79535-47bb-0310-9956-ffa450edef68,1,0.009433962264150943,20.0,0.0,0.0,20.0,1461.4095238095238,15368.589728756178,1,0,0.0,false
components/jetspeed-portal/src/main/java/org/apache/jetspeed/layout/impl/GetUserListAction.java,147.0,21.0,0.0,5.0,30.0,17.0,106.0,taylor@13f79535-47bb-0310-9956-ffa450edef68,1,0.009433962264150943,17.0,0.0,0.0,17.0,1461.4095238095238,15368.589728756178,1,0,0.0,false
components/jetspeed-portal/src/main/java/org/apache/jetspeed/layout/impl/MovePortletAction.java,326.0,17.0,26.0,13.0,61.0,48.0,106.0,rwatler@13f79535-47bb-0310-9956-ffa450edef68,1,0.009433962264150943,17.0,0.0,0.0,17.0,1461.4095238095238,15368.589728756178,1,0,0.0,false
components/jetspeed-portal/src/main/java/org/apache/jetspeed/layout/impl/MultipleAction.java,138.0,23.0,0.0,5.0,28.0,18.0,106.0,taylor@13f79535-47bb-0310-9956-ffa450edef68,1,0.009433962264150943,33.0,0.0,0.0,33.0,1461.4095238095238,15368.589728756178,1,1,0.0,false
components/jetspeed-portal/src/main/java/org/apache/jetspeed/layout/impl/RemovePortletAction.java,104.0,15.0,3.0,6.0,20.0,18.0,106.0,taylor@13f79535-47bb-0310-9956-ffa450edef68,1,0.009433962264150943,25.0,0.0,0.0,25.0,1461.4095238095238,15368.589728756178,1,0,0.0,false
components/jetspeed-portal/src/main/java/org/apache/jetspeed/layout/impl/SecurityConstraintsAction.java,223.0,22.0,43.0,10.0,83.0,39.0,106.0,taylor@13f79535-47bb-0310-9956-ffa450edef68,1,0.009433962264150943,20.0,0.0,0.0,20.0,1461.4095238095238,15368.589728756178,1,1,0.0,false
components/jetspeed-portal/src/main/java/org/apache/jetspeed/layout/impl/SecurityPermissionAction.java,132.0,18.0,0.0,6.0,30.0,27.0,106.0,ate@13f79535-47bb-0310-9956-ffa450edef68,1,0.009433962264150943,20.0,0.0,0.0,20.0,1461.4095238095238,15368.589728756178,1,1,0.0,false
components/jetspeed-portal/src/main/java/org/apache/jetspeed/layout/impl/UpdateFolderAction.java,134.0,13.0,3.0,3.0,37.0,14.0,106.0,taylor@13f79535-47bb-0310-9956-ffa450edef68,1,0.009433962264150943,25.0,0.0,0.0,25.0,1461.4095238095238,15368.589728756178,1,0,0.0,false
components/jetspeed-portal/src/main/java/org/apache/jetspeed/layout/impl/UpdateLinkAction.java,129.0,13.0,3.0,3.0,37.0,14.0,106.0,taylor@13f79535-47bb-0310-9956-ffa450edef68,1,0.009433962264150943,33.0,0.0,0.0,33.0,1461.4095238095238,15368.589728756178,1,0,0.0,false
components/jetspeed-portal/src/main/java/org/apache/jetspeed/layout/impl/UpdatePageAction.java,282.0,17.0,21.0,7.0,73.0,29.0,106.0,rwatler@13f79535-47bb-0310-9956-ffa450edef68,1,0.009433962264150943,11.0,0.0,0.0,11.0,1461.4095238095238,15368.589728756178,1,1,0.0,false
components/jetspeed-portal/src/main/java/org/apache/jetspeed/localization/impl/LocalizationValveImpl.java,96.0,20.0,4.0,4.0,34.0,12.0,106.0,ate@13f79535-47bb-0310-9956-ffa450edef68,1,0.009433962264150943,14.0,0.0,0.0,14.0,1461.4095238095238,15368.589728756178,1,0,0.0,false
components/jetspeed-portal/src/main/java/org/apache/jetspeed/login/LoginErrorServlet.java,26.0,8.0,1.0,2.0,13.0,6.0,106.0,taylor@13f79535-47bb-0310-9956-ffa450edef68,1,0.009433962264150943,50.0,0.0,0.0,50.0,1461.4095238095238,15368.589728756178,1,0,0.0,false
components/jetspeed-portal/src/main/java/org/apache/jetspeed/login/LoginProxyServlet.java,81.0,15.0,8.0,5.0,33.0,14.0,106.0,taylor@13f79535-47bb-0310-9956-ffa450edef68,1,0.009433962264150943,25.0,0.0,0.0,25.0,1461.4095238095238,15368.589728756178,1,1,0.0,false
components/jetspeed-portal/src/main/java/org/apache/jetspeed/login/LoginRedirectorServlet.java,29.0,11.0,1.0,2.0,14.0,6.0,106.0,taylor@13f79535-47bb-0310-9956-ffa450edef68,1,0.009433962264150943,33.0,0.0,0.0,33.0,1461.4095238095238,15368.589728756178,1,1,0.0,false
components/jetspeed-portal/src/main/java/org/apache/jetspeed/login/LoginServlet.java,57.0,16.0,1.0,2.0,21.0,8.0,106.0,taylor@13f79535-47bb-0310-9956-ffa450edef68,1,0.009433962264150943,17.0,0.0,0.0,17.0,1461.4095238095238,15368.589728756178,1,1,0.0,false
components/jetspeed-portal/src/main/java/org/apache/jetspeed/login/filter/PortalFilter.java,87.0,27.0,4.0,4.0,27.0,12.0,106.0,ate@13f79535-47bb-0310-9956-ffa450edef68,1,0.009433962264150943,12.0,0.0,0.0,12.0,1461.4095238095238,15368.589728756178,1,3,0.0,false
components/jetspeed-portal/src/main/java/org/apache/jetspeed/manager/ManagerServlet.java,288.0,22.0,1.0,11.0,84.0,39.0,106.0,taylor@13f79535-47bb-0310-9956-ffa450edef68,1,0.009433962264150943,25.0,0.0,0.0,25.0,1461.4095238095238,15368.589728756178,1,0,0.0,false
components/jetspeed-portal/src/main/java/org/apache/jetspeed/openid/OpenIDRelayingPartyServlet.java,604.0,64.0,8.0,8.0,147.0,38.0,106.0,rwatler@13f79535-47bb-0310-9956-ffa450edef68,1,0.009433962264150943,17.0,0.0,0.0,17.0,1461.4095238095238,15368.589728756178,1,0,0.0,false
components/jetspeed-portal/src/main/java/org/apache/jetspeed/pipeline/JetspeedPipelineMapper.java,65.0,4.0,2.0,5.0,14.0,16.0,106.0,taylor@13f79535-47bb-0310-9956-ffa450edef68,1,0.009433962264150943,50.0,0.0,0.0,50.0,1461.4095238095238,15368.589728756178,1,0,0.0,false
components/jetspeed-portal/src/main/java/org/apache/jetspeed/profiler/impl/CreatePageValveImpl.java,20.0,8.0,0.0,2.0,2.0,4.0,0.0,taylor@13f79535-47bb-0310-9956-ffa450edef68,0,0.0,0.0,0.0,0.0,0.0,0.0,0.0,0,2,0.0,false
components/jetspeed-portal/src/main/java/org/apache/jetspeed/profiler/impl/CreateUserTemplatePagesValveImpl.java,101.0,11.0,1.0,6.0,11.0,14.0,0.0,taylor@13f79535-47bb-0310-9956-ffa450edef68,0,0.0,0.0,0.0,0.0,0.0,0.0,0.0,0,1,0.0,false
components/jetspeed-portal/src/main/java/org/apache/jetspeed/profiler/impl/ProfilerValveImpl.java,82.0,14.0,0.0,5.0,15.0,9.0,0.0,rwatler@13f79535-47bb-0310-9956-ffa450edef68,0,0.0,0.0,0.0,0.0,0.0,0.0,0.0,0,5,0.0,false
components/jetspeed-portal/src/main/java/org/apache/jetspeed/request/JetspeedRequestContext.java,528.0,45.0,1391.0,59.0,119.0,128.0,106.0,ate@13f79535-47bb-0310-9956-ffa450edef68,1,0.009433962264150943,4.0,0.0,0.0,4.0,1461.4095238095238,15368.589728756178,1,6,0.0,true
components/jetspeed-portal/src/main/java/org/apache/jetspeed/security/impl/LoginValidationValveImpl.java,96.0,17.0,0.0,6.0,26.0,18.0,106.0,taylor@13f79535-47bb-0310-9956-ffa450edef68,1,0.009433962264150943,25.0,0.0,0.0,25.0,1461.4095238095238,15368.589728756178,1,0,0.0,false
components/jetspeed-portal/src/main/java/org/apache/jetspeed/security/impl/cas/CASPortalFilter.java,72.0,26.0,4.0,4.0,20.0,12.0,106.0,taylor@13f79535-47bb-0310-9956-ffa450edef68,1,0.009433962264150943,50.0,0.0,0.0,50.0,1461.4095238095238,15368.589728756178,1,0,0.0,false
components/jetspeed-portal/src/main/java/org/apache/jetspeed/security/impl/shibboleth/ShibbolethPortalFilter.java,112.0,26.0,6.0,4.0,27.0,12.0,106.0,taylor@13f79535-47bb-0310-9956-ffa450edef68,1,0.009433962264150943,10.0,0.0,0.0,10.0,1461.4095238095238,15368.589728756178,1,3,0.0,false
components/jetspeed-portal/src/main/java/org/apache/jetspeed/velocity/JetspeedPowerToolImpl.java,534.0,44.0,889.0,46.0,200.0,155.0,106.0,woonsan@13f79535-47bb-0310-9956-ffa450edef68,1,0.009433962264150943,4.0,0.0,0.0,4.0,1461.4095238095238,15368.589728756178,1,10,0.0,true
components/jetspeed-portal/src/main/java/org/apache/jetspeed/velocity/JetspeedVelocityViewServlet.java,457.0,45.0,23.0,10.0,89.0,46.0,106.0,ate@13f79535-47bb-0310-9956-ffa450edef68,1,0.009433962264150943,17.0,0.0,0.0,17.0,1461.4095238095238,15368.589728756178,1,1,0.0,false
components/jetspeed-portal/src/test/java/org/apache/jetspeed/AbstractRequestContextTestCase.java,30.0,5.0,3.0,3.0,5.0,6.0,106.0,taylor@13f79535-47bb-0310-9956-ffa450edef68,1,0.009433962264150943,14.0,0.0,0.0,14.0,1461.4095238095238,15368.589728756178,1,1,0.0,false
components/jetspeed-portal/src/test/java/org/apache/jetspeed/administration/TestPortalAdministrationImpl.java,164.0,12.0,26.0,8.0,43.0,21.0,0.0,ate@13f79535-47bb-0310-9956-ffa450edef68,0,0.0,0.0,0.0,0.0,0.0,0.0,0.0,0,3,0.0,true
components/jetspeed-portal/src/test/java/org/apache/jetspeed/aggregator/TestAggregator.java,169.0,35.0,25.0,10.0,71.0,33.0,106.0,taylor@13f79535-47bb-0310-9956-ffa450edef68,1,0.009433962264150943,14.0,0.0,0.0,14.0,1461.4095238095238,15368.589728756178,1,1,0.0,false
components/jetspeed-portal/src/test/java/org/apache/jetspeed/cluster/TestCluster.java,56.0,3.0,4.0,4.0,7.0,9.0,106.0,taylor@13f79535-47bb-0310-9956-ffa450edef68,1,0.009433962264150943,20.0,0.0,0.0,20.0,1461.4095238095238,15368.589728756178,1,2,0.0,false
components/jetspeed-portal/src/test/java/org/apache/jetspeed/container/state/TestNavigationalState.java,123.0,25.0,29.0,10.0,51.0,18.0,106.0,taylor@13f79535-47bb-0310-9956-ffa450edef68,1,0.009433962264150943,14.0,0.0,0.0,14.0,1461.4095238095238,15368.589728756178,1,4,0.0,false
components/jetspeed-portal/src/test/java/org/apache/jetspeed/engine/AbstractEngineTest.java,45.0,4.0,7.0,6.0,13.0,12.0,106.0,ate@13f79535-47bb-0310-9956-ffa450edef68,1,0.009433962264150943,20.0,0.0,0.0,20.0,1461.4095238095238,15368.589728756178,1,1,0.0,false
components/jetspeed-portal/src/test/java/org/apache/jetspeed/layout/TestConstraintsAction.java,174.0,31.0,2.0,12.0,74.0,30.0,106.0,taylor@13f79535-47bb-0310-9956-ffa450edef68,1,0.009433962264150943,14.0,0.0,0.0,14.0,1461.4095238095238,15368.589728756178,1,2,0.0,false
components/jetspeed-portal/src/test/java/org/apache/jetspeed/layout/TestLayout.java,201.0,10.0,34.0,12.0,38.0,24.0,106.0,ate@13f79535-47bb-0310-9956-ffa450edef68,1,0.009433962264150943,20.0,0.0,0.0,20.0,1461.4095238095238,15368.589728756178,1,1,0.0,false
components/jetspeed-portal/src/test/java/org/apache/jetspeed/services/rest/TestPageLayoutService.java,170.0,41.0,35.0,10.0,58.0,22.0,106.0,taylor@13f79535-47bb-0310-9956-ffa450edef68,1,0.009433962264150943,17.0,0.0,0.0,17.0,1461.4095238095238,15368.589728756178,1,1,0.0,false
components/jetspeed-portal/src/test/java/org/apache/jetspeed/tools/pamanager/PortletApplicationManagerServer.java,160.0,17.0,10.0,9.0,35.0,26.0,106.0,rwatler@13f79535-47bb-0310-9956-ffa450edef68,1,0.009433962264150943,20.0,0.0,0.0,20.0,1461.4095238095238,15368.589728756178,1,1,0.0,false
components/jetspeed-portal/src/test/java/org/apache/jetspeed/tools/pamanager/TestPortletApplicationManager.java,323.0,26.0,20.0,8.0,52.0,26.0,106.0,rwatler@13f79535-47bb-0310-9956-ffa450edef68,1,0.009433962264150943,20.0,0.0,0.0,20.0,1461.4095238095238,15368.589728756178,1,1,0.0,false
components/jetspeed-portal/src/test/java/org/apache/jetspeed/userinfo/TestUserInfoManager.java,143.0,23.0,29.0,10.0,42.0,26.0,106.0,ate@13f79535-47bb-0310-9956-ffa450edef68,1,0.009433962264150943,10.0,0.0,0.0,10.0,1461.4095238095238,15368.589728756178,1,5,0.0,false
components/jetspeed-profiler/src/main/java/org/apache/jetspeed/profiler/impl/JetspeedProfilerImpl.java,577.0,30.0,470.0,37.0,144.0,119.0,0.0,rwatler@13f79535-47bb-0310-9956-ffa450edef68,0,0.0,0.0,0.0,0.0,0.0,0.0,0.0,0,3,0.0,false
components/jetspeed-profiler/src/main/java/org/apache/jetspeed/profiler/rules/impl/ProfileResolversImpl.java,20.0,4.0,0.0,3.0,1.0,5.0,0.0,taylor@13f79535-47bb-0310-9956-ffa450edef68,0,0.0,0.0,0.0,0.0,0.0,0.0,0.0,0,2,0.0,false
components/jetspeed-profiler/src/main/java/org/apache/jetspeed/profiler/rules/impl/RoleFallbackProfilingRule.java,85.0,12.0,3.0,3.0,27.0,8.0,0.0,taylor@13f79535-47bb-0310-9956-ffa450edef68,0,0.0,0.0,0.0,0.0,0.0,0.0,0.0,0,1,0.0,false
components/jetspeed-profiler/src/main/java/org/apache/jetspeed/profiler/rules/impl/StandardProfilingRule.java,62.0,10.0,3.0,3.0,25.0,6.0,0.0,taylor@13f79535-47bb-0310-9956-ffa450edef68,0,0.0,0.0,0.0,0.0,0.0,0.0,0.0,0,1,0.0,false
components/jetspeed-profiler/src/main/java/org/apache/jetspeed/serializer/JetspeedProfilerSerializer.java,240.0,23.0,32.0,12.0,114.0,52.0,0.0,ate@13f79535-47bb-0310-9956-ffa450edef68,0,0.0,0.0,0.0,0.0,0.0,0.0,0.0,0,3,0.0,false
components/jetspeed-profiler/src/test/java/org/apache/jetspeed/profiler/TestProfiler.java,536.0,32.0,156.0,25.0,191.0,78.0,106.0,taylor@13f79535-47bb-0310-9956-ffa450edef68,1,0.009433962264150943,8.0,0.0,0.0,8.0,1461.4095238095238,15368.589728756178,1,2,0.0,false
components/jetspeed-rdbms/src/main/java/org/apache/jetspeed/components/rdbms/ojb/ConnectionRepositoryEntry.java,319.0,25.0,161.0,22.0,45.0,53.0,0.0,taylor@13f79535-47bb-0310-9956-ffa450edef68,0,0.0,0.0,0.0,0.0,0.0,0.0,0.0,0,1,0.0,false
components/jetspeed-registry/src/test/java/org/apache/jetspeed/components/portletentity/TestPortletEntityDAO.java,95.0,16.0,8.0,8.0,50.0,19.0,106.0,taylor@13f79535-47bb-0310-9956-ffa450edef68,1,0.009433962264150943,12.0,0.0,0.0,12.0,1461.4095238095238,15368.589728756178,1,2,0.0,false
components/jetspeed-registry/src/test/java/org/apache/jetspeed/components/portletpreferences/TestPortletPreferencesProvider.java,24.0,4.0,6.0,4.0,5.0,8.0,106.0,taylor@13f79535-47bb-0310-9956-ffa450edef68,1,0.009433962264150943,25.0,0.0,0.0,25.0,1461.4095238095238,15368.589728756178,1,1,0.0,false
components/jetspeed-registry/src/test/java/org/apache/jetspeed/components/portletregistry/AbstractRegistryTest.java,94.0,11.0,13.0,6.0,42.0,15.0,106.0,taylor@13f79535-47bb-0310-9956-ffa450edef68,1,0.009433962264150943,17.0,0.0,0.0,17.0,1461.4095238095238,15368.589728756178,1,1,0.0,false
components/jetspeed-registry/src/test/java/org/apache/jetspeed/components/portletregistry/TestPortletRegistryDAO.java,594.0,37.0,90.0,16.0,208.0,50.0,106.0,taylor@13f79535-47bb-0310-9956-ffa450edef68,1,0.009433962264150943,8.0,0.0,0.0,8.0,1461.4095238095238,15368.589728756178,1,4,0.0,false
components/jetspeed-registry/src/test/java/org/apache/jetspeed/components/portletregistry/TestRegistryCache.java,103.0,18.0,0.0,8.0,64.0,18.0,106.0,ate@13f79535-47bb-0310-9956-ffa450edef68,1,0.009433962264150943,12.0,0.0,0.0,12.0,1461.4095238095238,15368.589728756178,1,3,0.0,false
components/jetspeed-security/src/main/java/org/apache/jetspeed/security/impl/BaseJetspeedPrincipalManager.java,340.0,24.0,217.0,35.0,116.0,95.0,106.0,null,1,0.009433962264150943,10.0,0.0,0.0,10.0,1461.4095238095238,15368.589728756178,1,3,0.0,false
components/jetspeed-security/src/test/java/org/apache/jetspeed/security/AbstractSecurityTestcase.java,118.0,11.0,20.0,8.0,31.0,23.0,106.0,taylor@13f79535-47bb-0310-9956-ffa450edef68,1,0.009433962264150943,14.0,0.0,0.0,14.0,1461.4095238095238,15368.589728756178,1,0,0.0,false
components/jetspeed-security/src/test/java/org/apache/jetspeed/security/TestRdbmsPolicy.java,98.0,10.0,22.0,8.0,37.0,21.0,106.0,taylor@13f79535-47bb-0310-9956-ffa450edef68,1,0.009433962264150943,25.0,0.0,0.0,25.0,1461.4095238095238,15368.589728756178,1,1,0.0,false
components/jetspeed-serializer/src/test/java/org/apache/jetspeed/serializer/TestSerializer.java,9.0,1.0,1.0,2.0,2.0,4.0,106.0,taylor@13f79535-47bb-0310-9956-ffa450edef68,1,0.009433962264150943,33.0,0.0,0.0,33.0,1461.4095238095238,15368.589728756178,1,0,0.0,false
components/jetspeed-sso/src/test/java/org/apache/jetspeed/sso/AbstractSecurityTestCase.java,121.0,20.0,20.0,8.0,31.0,23.0,106.0,taylor@13f79535-47bb-0310-9956-ffa450edef68,1,0.009433962264150943,33.0,0.0,0.0,33.0,1461.4095238095238,15368.589728756178,1,0,0.0,false
components/jetspeed-sso/src/test/java/org/apache/jetspeed/sso/TestSSOComponent.java,55.0,5.0,10.0,5.0,6.0,12.0,106.0,taylor@13f79535-47bb-0310-9956-ffa450edef68,1,0.009433962264150943,25.0,0.0,0.0,25.0,1461.4095238095238,15368.589728756178,1,1,0.0,false
components/jetspeed-sso/src/test/java/org/apache/jetspeed/sso/TestSSOManager.java,331.0,15.0,34.0,25.0,143.0,61.0,106.0,taylor@13f79535-47bb-0310-9956-ffa450edef68,1,0.009433962264150943,33.0,0.0,0.0,33.0,1461.4095238095238,15368.589728756178,1,0,0.0,false
components/jetspeed-statistics/src/test/java/org/apache/jetspeed/audit/TestAuditActivity.java,257.0,12.0,61.0,14.0,91.0,41.0,106.0,taylor@13f79535-47bb-0310-9956-ffa450edef68,1,0.009433962264150943,25.0,0.0,0.0,25.0,1461.4095238095238,15368.589728756178,1,1,0.0,false
components/jetspeed-statistics/src/test/java/org/apache/jetspeed/statistics/TestStatistics.java,210.0,22.0,80.0,16.0,92.0,42.0,106.0,taylor@13f79535-47bb-0310-9956-ffa450edef68,1,0.009433962264150943,14.0,0.0,0.0,14.0,1461.4095238095238,15368.589728756178,1,2,0.0,false
jetspeed-api/src/main/java/org/apache/jetspeed/administration/AdministrationEmailException.java,25.0,2.0,15.0,6.0,0.0,6.0,0.0,taylor@13f79535-47bb-0310-9956-ffa450edef68,0,0.0,0.0,0.0,0.0,0.0,0.0,0.0,0,1,0.0,false
jetspeed-api/src/main/java/org/apache/jetspeed/administration/PasswordGenerator.java,11.0,0.0,0.0,1.0,0.0,2.0,0.0,taylor@13f79535-47bb-0310-9956-ffa450edef68,0,0.0,0.0,0.0,0.0,0.0,0.0,0.0,0,1,0.0,false
jetspeed-api/src/main/java/org/apache/jetspeed/administration/PortalAdministration.java,143.0,7.0,120.0,16.0,0.0,54.0,0.0,ate@13f79535-47bb-0310-9956-ffa450edef68,0,0.0,0.0,0.0,0.0,0.0,0.0,0.0,0,2,0.0,false
jetspeed-api/src/main/java/org/apache/jetspeed/administration/PortalAuthenticationConfiguration.java,38.0,0.0,15.0,6.0,0.0,16.0,0.0,taylor@13f79535-47bb-0310-9956-ffa450edef68,0,0.0,0.0,0.0,0.0,0.0,0.0,0.0,0,0,0.0,false
jetspeed-api/src/main/java/org/apache/jetspeed/administration/PortalConfiguration.java,109.0,2.0,120.0,16.0,0.0,41.0,0.0,taylor@13f79535-47bb-0310-9956-ffa450edef68,0,0.0,0.0,0.0,0.0,0.0,0.0,0.0,0,0,0.0,false
jetspeed-api/src/main/java/org/apache/jetspeed/administration/PortalConfigurationConstants.java,97.0,0.0,0.0,0.0,0.0,0.0,0.0,taylor@13f79535-47bb-0310-9956-ffa450edef68,0,0.0,0.0,0.0,0.0,0.0,0.0,0.0,0,2,0.0,false
jetspeed-api/src/main/java/org/apache/jetspeed/administration/RegistrationException.java,25.0,2.0,15.0,6.0,0.0,6.0,0.0,taylor@13f79535-47bb-0310-9956-ffa450edef68,0,0.0,0.0,0.0,0.0,0.0,0.0,0.0,0,1,0.0,false
jetspeed-api/src/main/java/org/apache/jetspeed/aggregator/Aggregator.java,12.0,3.0,0.0,1.0,0.0,2.0,0.0,taylor@13f79535-47bb-0310-9956-ffa450edef68,0,0.0,0.0,0.0,0.0,0.0,0.0,0.0,0,0,0.0,false
jetspeed-api/src/main/java/org/apache/jetspeed/aggregator/FailedToRenderFragmentException.java,31.0,1.0,6.0,4.0,0.0,4.0,0.0,taylor@13f79535-47bb-0310-9956-ffa450edef68,0,0.0,0.0,0.0,0.0,0.0,0.0,0.0,0,0,0.0,false
jetspeed-api/src/main/java/org/apache/jetspeed/aggregator/PageAggregator.java,15.0,4.0,0.0,1.0,0.0,3.0,0.0,taylor@13f79535-47bb-0310-9956-ffa450edef68,0,0.0,0.0,0.0,0.0,0.0,0.0,0.0,0,0,0.0,false
jetspeed-api/src/main/java/org/apache/jetspeed/aggregator/PortletAccessDeniedException.java,31.0,1.0,6.0,4.0,0.0,4.0,0.0,taylor@13f79535-47bb-0310-9956-ffa450edef68,0,0.0,0.0,0.0,0.0,0.0,0.0,0.0,0,1,0.0,false
jetspeed-api/src/main/java/org/apache/jetspeed/aggregator/PortletAggregator.java,7.0,0.0,0.0,0.0,0.0,0.0,0.0,taylor@13f79535-47bb-0310-9956-ffa450edef68,0,0.0,0.0,0.0,0.0,0.0,0.0,0.0,0,0,0.0,false
jetspeed-api/src/main/java/org/apache/jetspeed/aggregator/PortletContent.java,96.0,7.0,153.0,18.0,0.0,37.0,0.0,woonsan@13f79535-47bb-0310-9956-ffa450edef68,0,0.0,0.0,0.0,0.0,0.0,0.0,0.0,0,1,0.0,false
jetspeed-api/src/main/java/org/apache/jetspeed/aggregator/PortletRenderer.java,59.0,6.0,28.0,8.0,0.0,22.0,0.0,taylor@13f79535-47bb-0310-9956-ffa450edef68,0,0.0,0.0,0.0,0.0,0.0,0.0,0.0,0,3,0.0,false
jetspeed-api/src/main/java/org/apache/jetspeed/aggregator/PortletTrackingInfo.java,17.0,1.0,0.0,3.0,0.0,5.0,0.0,taylor@13f79535-47bb-0310-9956-ffa450edef68,0,0.0,0.0,0.0,0.0,0.0,0.0,0.0,0,0,0.0,false
jetspeed-api/src/main/java/org/apache/jetspeed/aggregator/PortletTrackingManager.java,77.0,2.0,78.0,13.0,0.0,33.0,0.0,taylor@13f79535-47bb-0310-9956-ffa450edef68,0,0.0,0.0,0.0,0.0,0.0,0.0,0.0,0,0,0.0,false
jetspeed-api/src/main/java/org/apache/jetspeed/aggregator/RenderingJob.java,93.0,7.0,120.0,16.0,0.0,35.0,0.0,taylor@13f79535-47bb-0310-9956-ffa450edef68,0,0.0,0.0,0.0,0.0,0.0,0.0,0.0,0,3,0.0,true
jetspeed-api/src/main/java/org/apache/jetspeed/aggregator/UnknownPortletDefinitionException.java,32.0,1.0,6.0,4.0,0.0,4.0,0.0,taylor@13f79535-47bb-0310-9956-ffa450edef68,0,0.0,0.0,0.0,0.0,0.0,0.0,0.0,0,0,0.0,false
jetspeed-api/src/main/java/org/apache/jetspeed/aggregator/UnrenderedContentException.java,35.0,1.0,6.0,4.0,0.0,4.0,0.0,taylor@13f79535-47bb-0310-9956-ffa450edef68,0,0.0,0.0,0.0,0.0,0.0,0.0,0.0,0,0,0.0,false
jetspeed-api/src/main/java/org/apache/jetspeed/aggregator/Worker.java,47.0,1.0,28.0,8.0,0.0,13.0,0.0,taylor@13f79535-47bb-0310-9956-ffa450edef68,0,0.0,0.0,0.0,0.0,0.0,0.0,0.0,0,2,0.0,true
jetspeed-api/src/main/java/org/apache/jetspeed/aggregator/WorkerMonitor.java,40.0,1.0,21.0,7.0,0.0,11.0,0.0,ate@13f79535-47bb-0310-9956-ffa450edef68,0,0.0,0.0,0.0,0.0,0.0,0.0,0.0,0,2,0.0,false
jetspeed-api/src/main/java/org/apache/jetspeed/ajax/AJAXException.java,20.0,2.0,15.0,6.0,0.0,6.0,106.0,taylor@13f79535-47bb-0310-9956-ffa450edef68,1,0.009433962264150943,33.0,0.0,0.0,33.0,1461.4095238095238,15368.589728756178,1,1,0.0,false
jetspeed-api/src/main/java/org/apache/jetspeed/ajax/AJAXRequest.java,13.0,4.0,15.0,6.0,0.0,6.0,106.0,taylor@13f79535-47bb-0310-9956-ffa450edef68,1,0.009433962264150943,33.0,0.0,0.0,33.0,1461.4095238095238,15368.589728756178,1,1,0.0,false
jetspeed-api/src/main/java/org/apache/jetspeed/ajax/AJAXResponse.java,8.0,0.0,0.0,1.0,0.0,2.0,106.0,taylor@13f79535-47bb-0310-9956-ffa450edef68,1,0.009433962264150943,33.0,0.0,0.0,33.0,1461.4095238095238,15368.589728756178,1,1,0.0,false
jetspeed-api/src/main/java/org/apache/jetspeed/ajax/AJAXService.java,8.0,0.0,0.0,1.0,0.0,2.0,106.0,taylor@13f79535-47bb-0310-9956-ffa450edef68,1,0.009433962264150943,33.0,0.0,0.0,33.0,1461.4095238095238,15368.589728756178,1,1,0.0,false
jetspeed-api/src/main/java/org/apache/jetspeed/ajax/AjaxAction.java,28.0,2.0,3.0,3.0,0.0,9.0,106.0,taylor@13f79535-47bb-0310-9956-ffa450edef68,1,0.009433962264150943,33.0,0.0,0.0,33.0,1461.4095238095238,15368.589728756178,1,1,0.0,false
jetspeed-api/src/main/java/org/apache/jetspeed/ajax/AjaxBuilder.java,28.0,2.0,6.0,4.0,0.0,10.0,106.0,taylor@13f79535-47bb-0310-9956-ffa450edef68,1,0.009433962264150943,33.0,0.0,0.0,33.0,1461.4095238095238,15368.589728756178,1,1,0.0,false
jetspeed-api/src/main/java/org/apache/jetspeed/ajax/AjaxRequestService.java,17.0,2.0,1.0,2.0,0.0,4.0,106.0,taylor@13f79535-47bb-0310-9956-ffa450edef68,1,0.009433962264150943,33.0,0.0,0.0,33.0,1461.4095238095238,15368.589728756178,1,1,0.0,false
jetspeed-api/src/main/java/org/apache/jetspeed/audit/AuditActivity.java,128.0,1.0,45.0,10.0,0.0,23.0,106.0,taylor@13f79535-47bb-0310-9956-ffa450edef68,1,0.009433962264150943,33.0,0.0,0.0,33.0,1461.4095238095238,15368.589728756178,1,0,0.0,false
jetspeed-api/src/main/java/org/apache/jetspeed/cache/JetspeedCache.java,95.0,2.0,153.0,18.0,0.0,41.0,106.0,taylor@13f79535-47bb-0310-9956-ffa450edef68,1,0.009433962264150943,20.0,0.0,0.0,20.0,1461.4095238095238,15368.589728756178,1,1,0.0,false
jetspeed-api/src/main/java/org/apache/jetspeed/capabilities/Capabilities.java,144.0,2.0,300.0,25.0,0.0,70.0,106.0,taylor@13f79535-47bb-0310-9956-ffa450edef68,1,0.009433962264150943,50.0,0.0,0.0,50.0,1461.4095238095238,15368.589728756178,1,0,0.0,false
jetspeed-api/src/main/java/org/apache/jetspeed/capabilities/CapabilityMap.java,89.0,1.0,136.0,17.0,0.0,37.0,106.0,taylor@13f79535-47bb-0310-9956-ffa450edef68,1,0.009433962264150943,50.0,0.0,0.0,50.0,1461.4095238095238,15368.589728756178,1,0,0.0,false
jetspeed-api/src/main/java/org/apache/jetspeed/capabilities/Client.java,94.0,1.0,190.0,20.0,0.0,28.0,106.0,taylor@13f79535-47bb-0310-9956-ffa450edef68,1,0.009433962264150943,50.0,0.0,0.0,50.0,1461.4095238095238,15368.589728756178,1,0,0.0,false
jetspeed-api/src/main/java/org/apache/jetspeed/capabilities/MediaType.java,91.0,1.0,136.0,17.0,0.0,24.0,106.0,taylor@13f79535-47bb-0310-9956-ffa450edef68,1,0.009433962264150943,50.0,0.0,0.0,50.0,1461.4095238095238,15368.589728756178,1,0,0.0,false
jetspeed-api/src/main/java/org/apache/jetspeed/cluster/NodeManager.java,36.0,0.0,6.0,4.0,0.0,8.0,106.0,taylor@13f79535-47bb-0310-9956-ffa450edef68,1,0.009433962264150943,25.0,0.0,0.0,25.0,1461.4095238095238,15368.589728756178,1,1,0.0,false
jetspeed-api/src/main/java/org/apache/jetspeed/components/ComponentManagement.java,55.0,0.0,21.0,7.0,0.0,19.0,106.0,taylor@13f79535-47bb-0310-9956-ffa450edef68,1,0.009433962264150943,20.0,0.0,0.0,20.0,1461.4095238095238,15368.589728756178,1,2,0.0,false
jetspeed-api/src/main/java/org/apache/jetspeed/components/ContainerManagement.java,31.0,1.0,10.0,5.0,0.0,8.0,106.0,taylor@13f79535-47bb-0310-9956-ffa450edef68,1,0.009433962264150943,33.0,0.0,0.0,33.0,1461.4095238095238,15368.589728756178,1,1,0.0,false
jetspeed-api/src/main/java/org/apache/jetspeed/components/portletpreferences/PortletPreferencesProvider.java,117.0,9.0,171.0,19.0,0.0,42.0,106.0,taylor@13f79535-47bb-0310-9956-ffa450edef68,1,0.009433962264150943,7.0,0.0,0.0,7.0,1461.4095238095238,15368.589728756178,1,3,0.0,false
jetspeed-api/src/main/java/org/apache/jetspeed/components/portletregistry/PortletRegistry.java,108.0,3.0,190.0,20.0,0.0,47.0,106.0,taylor@13f79535-47bb-0310-9956-ffa450edef68,1,0.009433962264150943,14.0,0.0,0.0,14.0,1461.4095238095238,15368.589728756178,1,1,0.0,false
jetspeed-api/src/main/java/org/apache/jetspeed/om/page/ContentFragment.java,426.0,7.0,1770.0,60.0,0.0,153.0,106.0,rwatler@13f79535-47bb-0310-9956-ffa450edef68,1,0.009433962264150943,8.0,0.0,0.0,8.0,1461.4095238095238,15368.589728756178,1,0,0.0,false
jetspeed-api/src/main/java/org/apache/jetspeed/pipeline/valve/Valve.java,13.0,2.0,1.0,2.0,0.0,5.0,0.0,taylor@13f79535-47bb-0310-9956-ffa450edef68,0,0.0,0.0,0.0,0.0,0.0,0.0,0.0,0,1,0.0,false
jetspeed-api/src/main/java/org/apache/jetspeed/profiler/ProfileLocator.java,99.0,2.0,105.0,15.0,0.0,33.0,0.0,taylor@13f79535-47bb-0310-9956-ffa450edef68,0,0.0,0.0,0.0,0.0,0.0,0.0,0.0,0,1,0.0,false
jetspeed-api/src/main/java/org/apache/jetspeed/profiler/ProfileLocatorProperty.java,63.0,0.0,45.0,10.0,0.0,18.0,0.0,taylor@13f79535-47bb-0310-9956-ffa450edef68,0,0.0,0.0,0.0,0.0,0.0,0.0,0.0,0,0,0.0,false
jetspeed-api/src/main/java/org/apache/jetspeed/profiler/Profiler.java,125.0,7.0,210.0,21.0,0.0,65.0,0.0,taylor@13f79535-47bb-0310-9956-ffa450edef68,0,0.0,0.0,0.0,0.0,0.0,0.0,0.0,0,1,0.0,false
jetspeed-api/src/main/java/org/apache/jetspeed/profiler/rules/PrincipalRule.java,37.0,1.0,15.0,6.0,0.0,17.0,0.0,taylor@13f79535-47bb-0310-9956-ffa450edef68,0,0.0,0.0,0.0,0.0,0.0,0.0,0.0,0,0,0.0,false
jetspeed-api/src/main/java/org/apache/jetspeed/profiler/rules/ProfileResolvers.java,18.0,1.0,1.0,2.0,0.0,6.0,0.0,taylor@13f79535-47bb-0310-9956-ffa450edef68,0,0.0,0.0,0.0,0.0,0.0,0.0,0.0,0,2,0.0,false
jetspeed-api/src/main/java/org/apache/jetspeed/profiler/rules/ProfilingRule.java,101.0,5.0,55.0,11.0,0.0,28.0,0.0,taylor@13f79535-47bb-0310-9956-ffa450edef68,0,0.0,0.0,0.0,0.0,0.0,0.0,0.0,0,0,0.0,false
jetspeed-api/src/main/java/org/apache/jetspeed/profiler/rules/RuleCriterion.java,70.0,1.0,66.0,12.0,0.0,33.0,0.0,taylor@13f79535-47bb-0310-9956-ffa450edef68,0,0.0,0.0,0.0,0.0,0.0,0.0,0.0,0,1,0.0,false
jetspeed-commons/src/main/java/org/apache/jetspeed/Jetspeed.java,57.0,6.0,0.0,9.0,8.0,25.0,106.0,taylor@13f79535-47bb-0310-9956-ffa450edef68,1,0.009433962264150943,50.0,0.0,0.0,50.0,1461.4095238095238,15368.589728756178,1,0,0.0,false
jetspeed-commons/src/main/java/org/apache/jetspeed/portlet/PortletObjectProxy.java,204.0,32.0,2.0,8.0,46.0,36.0,106.0,ate@13f79535-47bb-0310-9956-ffa450edef68,1,0.009433962264150943,8.0,0.0,0.0,8.0,1461.4095238095238,15368.589728756178,1,3,0.0,false
