name,LOC,CBO,LCOM,NOM,RFC,WMC,ACS,Ownership,numOfChanges,numberOfFIChanges,ENH,NF,BugFixing,REF,structuralWorkloadSum,semanticWorkloadSum,numberOfDeveloper,pastFaults,MAF,isBuggy
components/jetspeed-header-resource/src/main/java/org/apache/jetspeed/headerresource/impl/HeaderResourceFactoryImpl.java,17.0,7.0,3.0,3.0,1.0,6.0,17.0,taylor@13f79535-47bb-0310-9956-ffa450edef68,1,0.005747126436781609,50.0,0.0,0.0,0.0,447.48571428571427,1956.9801849973292,1,0,1.791759469228055,false
components/jetspeed-header-resource/src/main/java/org/apache/jetspeed/headerresource/impl/HeaderResourceImpl.java,910.0,16.0,1847.0,66.0,175.0,183.0,17.0,ate@13f79535-47bb-0310-9956-ffa450edef68,1,0.005747126436781609,20.0,0.0,0.0,0.0,447.48571428571427,1956.9801849973292,1,0,1.791759469228055,false
components/jetspeed-page-layout/src/main/java/org/apache/jetspeed/layout/impl/PageLayoutComponentImpl.java,1817.0,44.0,232.0,56.0,661.0,226.0,23.0,rwatler@13f79535-47bb-0310-9956-ffa450edef68,2,0.011494252873563218,10.0,0.0,0.0,0.0,2234.9455683003125,27971.30694543324,2,3,0.29389333245105953,true
components/jetspeed-page-layout/src/main/java/org/apache/jetspeed/om/page/impl/ContentFragmentImpl.java,1037.0,23.0,5995.0,115.0,205.0,251.0,30.0,rwatler@13f79535-47bb-0310-9956-ffa450edef68,1,0.005747126436781609,7.0,0.0,0.0,0.0,1787.4598540145985,26014.32676043591,1,3,0.1823215567939546,false
components/jetspeed-page-layout/src/main/java/org/apache/jetspeed/om/page/impl/ContentFragmentPreferenceImpl.java,42.0,3.0,7.0,7.0,0.0,14.0,30.0,woonsan@13f79535-47bb-0310-9956-ffa450edef68,1,0.005747126436781609,33.0,0.0,0.0,0.0,1787.4598540145985,26014.32676043591,1,1,0.1823215567939546,false
components/jetspeed-page-layout/src/main/java/org/apache/jetspeed/om/page/impl/ContentPageImpl.java,497.0,12.0,1661.0,71.0,77.0,158.0,30.0,rwatler@13f79535-47bb-0310-9956-ffa450edef68,1,0.005747126436781609,17.0,0.0,0.0,0.0,1787.4598540145985,26014.32676043591,1,0,0.1823215567939546,false
components/jetspeed-page-layout/src/main/java/org/apache/jetspeed/om/page/impl/ContentSecurityConstraint.java,63.0,2.0,0.0,9.0,0.0,21.0,17.0,taylor@13f79535-47bb-0310-9956-ffa450edef68,1,0.005747126436781609,50.0,0.0,0.0,0.0,447.48571428571427,1956.9801849973292,1,0,1.791759469228055,false
components/jetspeed-page-layout/src/test/java/org/apache/jetspeed/layout/AbstractTestPageLayout.java,501.0,27.0,0.0,7.0,102.0,26.0,17.0,taylor@13f79535-47bb-0310-9956-ffa450edef68,1,0.005747126436781609,25.0,0.0,0.0,0.0,447.48571428571427,1956.9801849973292,1,0,1.791759469228055,false
components/jetspeed-page-manager/src/main/java/org/apache/jetspeed/om/folder/impl/BaseMenuDefinitionImpl.java,115.0,4.0,256.0,25.0,7.0,44.0,48.0,rwatler@13f79535-47bb-0310-9956-ffa450edef68,1,0.005747126436781609,67.0,33.0,0.0,33.0,1787.4598540145985,26014.32676043591,1,0,0.1823215567939546,false
components/jetspeed-page-manager/src/main/java/org/apache/jetspeed/om/folder/impl/BaseMenuDefinitionMetadata.java,67.0,6.0,36.0,9.0,12.0,23.0,86.0,taylor@13f79535-47bb-0310-9956-ffa450edef68,1,0.005747126436781609,33.0,0.0,0.0,0.0,1787.4598540145985,26014.32676043591,1,0,0.1823215567939546,false
components/jetspeed-page-manager/src/main/java/org/apache/jetspeed/om/folder/impl/FolderImpl.java,757.0,43.0,2008.0,68.0,157.0,235.0,62.0,rwatler@13f79535-47bb-0310-9956-ffa450edef68,1,0.005747126436781609,20.0,0.0,0.0,0.0,1787.4598540145985,26014.32676043591,1,2,0.1823215567939546,false
components/jetspeed-page-manager/src/main/java/org/apache/jetspeed/om/folder/impl/FolderMenuDefinitionElement.java,9.0,1.0,1.0,2.0,0.0,2.0,86.0,rwatler@13f79535-47bb-0310-9956-ffa450edef68,1,0.005747126436781609,50.0,0.0,0.0,0.0,1787.4598540145985,26014.32676043591,1,0,0.1823215567939546,false
components/jetspeed-page-manager/src/main/java/org/apache/jetspeed/om/folder/impl/FolderMenuDefinitionElementList.java,61.0,2.0,0.0,7.0,18.0,19.0,86.0,rwatler@13f79535-47bb-0310-9956-ffa450edef68,1,0.005747126436781609,50.0,0.0,0.0,0.0,1787.4598540145985,26014.32676043591,1,0,0.1823215567939546,false
components/jetspeed-page-manager/src/main/java/org/apache/jetspeed/om/folder/impl/FolderMenuDefinitionImpl.java,19.0,6.0,1.0,2.0,1.0,5.0,48.0,rwatler@13f79535-47bb-0310-9956-ffa450edef68,1,0.005747126436781609,67.0,33.0,0.0,33.0,1787.4598540145985,26014.32676043591,1,0,0.1823215567939546,false
components/jetspeed-page-manager/src/main/java/org/apache/jetspeed/om/folder/impl/FolderMenuDefinitionList.java,81.0,5.0,0.0,8.0,46.0,20.0,86.0,rwatler@13f79535-47bb-0310-9956-ffa450edef68,1,0.005747126436781609,50.0,0.0,0.0,0.0,1787.4598540145985,26014.32676043591,1,0,0.1823215567939546,false
components/jetspeed-page-manager/src/main/java/org/apache/jetspeed/om/folder/impl/FolderMenuSeparatorDefinitionImpl.java,12.0,4.0,0.0,1.0,1.0,2.0,86.0,rwatler@13f79535-47bb-0310-9956-ffa450edef68,1,0.005747126436781609,50.0,0.0,0.0,0.0,1787.4598540145985,26014.32676043591,1,0,0.1823215567939546,false
components/jetspeed-page-manager/src/main/java/org/apache/jetspeed/om/folder/impl/FolderOrderList.java,92.0,4.0,0.0,8.0,35.0,23.0,86.0,rwatler@13f79535-47bb-0310-9956-ffa450edef68,1,0.005747126436781609,50.0,0.0,0.0,0.0,1787.4598540145985,26014.32676043591,1,0,0.1823215567939546,false
components/jetspeed-page-manager/src/main/java/org/apache/jetspeed/om/folder/psml/FolderImpl.java,654.0,40.0,1749.0,70.0,140.0,191.0,62.0,rwatler@13f79535-47bb-0310-9956-ffa450edef68,1,0.005747126436781609,17.0,0.0,0.0,0.0,1787.4598540145985,26014.32676043591,1,3,0.1823215567939546,false
components/jetspeed-page-manager/src/main/java/org/apache/jetspeed/om/folder/psml/FolderMetaDataImpl.java,143.0,8.0,86.0,17.0,15.0,34.0,62.0,rwatler@13f79535-47bb-0310-9956-ffa450edef68,1,0.005747126436781609,50.0,0.0,0.0,0.0,1787.4598540145985,26014.32676043591,1,0,0.1823215567939546,false
components/jetspeed-page-manager/src/main/java/org/apache/jetspeed/om/folder/psml/MenuDefinitionImpl.java,284.0,6.0,282.0,28.0,25.0,72.0,45.0,rwatler@13f79535-47bb-0310-9956-ffa450edef68,1,0.005747126436781609,50.0,17.0,0.0,17.0,1787.4598540145985,26014.32676043591,1,0,0.1823215567939546,false
components/jetspeed-page-manager/src/main/java/org/apache/jetspeed/om/folder/psml/MenuElementImpl.java,108.0,2.0,0.0,13.0,0.0,24.0,86.0,rwatler@13f79535-47bb-0310-9956-ffa450edef68,1,0.005747126436781609,33.0,0.0,0.0,0.0,1787.4598540145985,26014.32676043591,1,0,0.1823215567939546,false
components/jetspeed-page-manager/src/main/java/org/apache/jetspeed/om/folder/psml/MenuMetadataImpl.java,119.0,5.0,66.0,12.0,16.0,26.0,86.0,taylor@13f79535-47bb-0310-9956-ffa450edef68,1,0.005747126436781609,33.0,0.0,0.0,0.0,1787.4598540145985,26014.32676043591,1,0,0.1823215567939546,false
components/jetspeed-page-manager/src/main/java/org/apache/jetspeed/om/page/BaseFragmentPropertyImpl.java,179.0,12.0,6.0,4.0,35.0,21.0,48.0,rwatler@13f79535-47bb-0310-9956-ffa450edef68,1,0.005747126436781609,60.0,0.0,0.0,0.0,1787.4598540145985,26014.32676043591,1,0,0.1823215567939546,false
components/jetspeed-page-manager/src/main/java/org/apache/jetspeed/om/page/SecurityConstraintImpl.java,248.0,6.0,171.0,23.0,32.0,64.0,48.0,rwatler@13f79535-47bb-0310-9956-ffa450edef68,1,0.005747126436781609,75.0,0.0,0.0,0.0,1787.4598540145985,26014.32676043591,1,0,0.1823215567939546,false
components/jetspeed-page-manager/src/main/java/org/apache/jetspeed/om/page/SecurityConstraintsRefExpression.java,97.0,3.0,1.0,3.0,13.0,13.0,62.0,rwatler@13f79535-47bb-0310-9956-ffa450edef68,1,0.005747126436781609,67.0,0.0,0.0,0.0,1787.4598540145985,26014.32676043591,1,0,0.1823215567939546,false
components/jetspeed-page-manager/src/main/java/org/apache/jetspeed/om/page/SecurityConstraintsRefParser.java,192.0,7.0,1.0,3.0,27.0,23.0,48.0,rwatler@13f79535-47bb-0310-9956-ffa450edef68,1,0.005747126436781609,75.0,0.0,0.0,0.0,1787.4598540145985,26014.32676043591,1,0,0.1823215567939546,false
components/jetspeed-page-manager/src/main/java/org/apache/jetspeed/om/page/impl/BaseElementImpl.java,311.0,21.0,539.0,35.0,50.0,85.0,62.0,rwatler@13f79535-47bb-0310-9956-ffa450edef68,1,0.005747126436781609,20.0,0.0,0.0,0.0,1787.4598540145985,26014.32676043591,1,1,0.1823215567939546,false
components/jetspeed-page-manager/src/main/java/org/apache/jetspeed/om/page/impl/BaseFragmentElementImpl.java,568.0,14.0,2295.0,71.0,101.0,149.0,58.0,rwatler@13f79535-47bb-0310-9956-ffa450edef68,1,0.005747126436781609,22.0,0.0,0.0,0.0,1787.4598540145985,26014.32676043591,1,2,0.1823215567939546,false
components/jetspeed-page-manager/src/main/java/org/apache/jetspeed/om/page/impl/BaseFragmentsElementImpl.java,133.0,11.0,39.0,10.0,33.0,35.0,58.0,rwatler@13f79535-47bb-0310-9956-ffa450edef68,1,0.005747126436781609,25.0,0.0,0.0,0.0,1787.4598540145985,26014.32676043591,1,0,0.1823215567939546,false
components/jetspeed-page-manager/src/main/java/org/apache/jetspeed/om/page/impl/BasePageElementImpl.java,87.0,9.0,72.0,13.0,8.0,29.0,58.0,rwatler@13f79535-47bb-0310-9956-ffa450edef68,1,0.005747126436781609,50.0,0.0,0.0,0.0,1787.4598540145985,26014.32676043591,1,0,0.1823215567939546,false
components/jetspeed-page-manager/src/main/java/org/apache/jetspeed/om/page/impl/FilteredFragmentList.java,56.0,4.0,0.0,6.0,18.0,17.0,62.0,rwatler@13f79535-47bb-0310-9956-ffa450edef68,1,0.005747126436781609,50.0,0.0,0.0,0.0,1787.4598540145985,26014.32676043591,1,0,0.1823215567939546,false
components/jetspeed-page-manager/src/main/java/org/apache/jetspeed/om/page/impl/FragmentImpl.java,203.0,9.0,17.0,14.0,52.0,57.0,51.0,rwatler@13f79535-47bb-0310-9956-ffa450edef68,1,0.005747126436781609,38.0,0.0,0.0,0.0,1787.4598540145985,26014.32676043591,1,0,0.1823215567939546,false
components/jetspeed-page-manager/src/main/java/org/apache/jetspeed/om/page/impl/FragmentList.java,34.0,2.0,0.0,6.0,14.0,12.0,86.0,rwatler@13f79535-47bb-0310-9956-ffa450edef68,1,0.005747126436781609,25.0,0.0,0.0,0.0,1787.4598540145985,26014.32676043591,1,0,0.1823215567939546,false
components/jetspeed-page-manager/src/main/java/org/apache/jetspeed/om/page/impl/FragmentPreferenceImpl.java,64.0,3.0,18.0,9.0,7.0,21.0,58.0,rwatler@13f79535-47bb-0310-9956-ffa450edef68,1,0.005747126436781609,40.0,0.0,0.0,0.0,1787.4598540145985,26014.32676043591,1,0,0.1823215567939546,false
components/jetspeed-page-manager/src/main/java/org/apache/jetspeed/om/page/impl/FragmentPreferenceList.java,72.0,5.0,0.0,8.0,27.0,20.0,86.0,rwatler@13f79535-47bb-0310-9956-ffa450edef68,1,0.005747126436781609,33.0,0.0,0.0,0.0,1787.4598540145985,26014.32676043591,1,0,0.1823215567939546,false
components/jetspeed-page-manager/src/main/java/org/apache/jetspeed/om/page/impl/FragmentPreferenceValueList.java,63.0,1.0,0.0,7.0,22.0,19.0,86.0,rwatler@13f79535-47bb-0310-9956-ffa450edef68,1,0.005747126436781609,50.0,0.0,0.0,0.0,1787.4598540145985,26014.32676043591,1,0,0.1823215567939546,false
components/jetspeed-page-manager/src/main/java/org/apache/jetspeed/om/page/impl/FragmentPropertyListImpl.java,113.0,8.0,0.0,13.0,39.0,36.0,62.0,taylor@13f79535-47bb-0310-9956-ffa450edef68,1,0.005747126436781609,67.0,0.0,0.0,0.0,1787.4598540145985,26014.32676043591,1,1,0.1823215567939546,false
components/jetspeed-page-manager/src/main/java/org/apache/jetspeed/om/page/impl/LinkImpl.java,43.0,5.0,39.0,10.0,3.0,17.0,86.0,rwatler@13f79535-47bb-0310-9956-ffa450edef68,1,0.005747126436781609,50.0,0.0,0.0,0.0,1787.4598540145985,26014.32676043591,1,0,0.1823215567939546,false
components/jetspeed-page-manager/src/main/java/org/apache/jetspeed/om/page/impl/PageMenuDefinitionElement.java,9.0,1.0,1.0,2.0,0.0,2.0,86.0,rwatler@13f79535-47bb-0310-9956-ffa450edef68,1,0.005747126436781609,50.0,0.0,0.0,0.0,1787.4598540145985,26014.32676043591,1,0,0.1823215567939546,false
components/jetspeed-page-manager/src/main/java/org/apache/jetspeed/om/page/impl/PageMenuDefinitionElementList.java,61.0,2.0,0.0,7.0,18.0,19.0,86.0,rwatler@13f79535-47bb-0310-9956-ffa450edef68,1,0.005747126436781609,50.0,0.0,0.0,0.0,1787.4598540145985,26014.32676043591,1,0,0.1823215567939546,false
components/jetspeed-page-manager/src/main/java/org/apache/jetspeed/om/page/impl/PageMenuDefinitionImpl.java,19.0,7.0,1.0,2.0,1.0,5.0,48.0,rwatler@13f79535-47bb-0310-9956-ffa450edef68,1,0.005747126436781609,67.0,33.0,0.0,33.0,1787.4598540145985,26014.32676043591,1,0,0.1823215567939546,false
components/jetspeed-page-manager/src/main/java/org/apache/jetspeed/om/page/impl/PageMenuDefinitionList.java,81.0,5.0,0.0,8.0,46.0,20.0,43.0,rwatler@13f79535-47bb-0310-9956-ffa450edef68,1,0.005747126436781609,50.0,0.0,25.0,0.0,1787.4598540145985,26014.32676043591,1,0,0.1823215567939546,false
components/jetspeed-page-manager/src/main/java/org/apache/jetspeed/om/page/impl/PageMenuSeparatorDefinitionImpl.java,12.0,5.0,0.0,1.0,1.0,2.0,86.0,rwatler@13f79535-47bb-0310-9956-ffa450edef68,1,0.005747126436781609,50.0,0.0,0.0,0.0,1787.4598540145985,26014.32676043591,1,0,0.1823215567939546,false
components/jetspeed-page-manager/src/main/java/org/apache/jetspeed/om/page/impl/PageSecurityConstraintsDefList.java,74.0,5.0,0.0,8.0,28.0,20.0,86.0,rwatler@13f79535-47bb-0310-9956-ffa450edef68,1,0.005747126436781609,50.0,0.0,0.0,0.0,1787.4598540145985,26014.32676043591,1,0,0.1823215567939546,false
components/jetspeed-page-manager/src/main/java/org/apache/jetspeed/om/page/impl/PageSecurityConstraintsRefList.java,89.0,4.0,0.0,8.0,32.0,23.0,86.0,rwatler@13f79535-47bb-0310-9956-ffa450edef68,1,0.005747126436781609,50.0,0.0,0.0,0.0,1787.4598540145985,26014.32676043591,1,0,0.1823215567939546,false
components/jetspeed-page-manager/src/main/java/org/apache/jetspeed/om/page/impl/PageSecurityImpl.java,98.0,9.0,60.0,12.0,18.0,31.0,51.0,rwatler@13f79535-47bb-0310-9956-ffa450edef68,1,0.005747126436781609,75.0,0.0,0.0,0.0,1787.4598540145985,26014.32676043591,1,0,0.1823215567939546,false
components/jetspeed-page-manager/src/main/java/org/apache/jetspeed/om/page/impl/SecurityConstraintDefList.java,61.0,2.0,0.0,7.0,18.0,19.0,86.0,rwatler@13f79535-47bb-0310-9956-ffa450edef68,1,0.005747126436781609,50.0,0.0,0.0,0.0,1787.4598540145985,26014.32676043591,1,0,0.1823215567939546,false
components/jetspeed-page-manager/src/main/java/org/apache/jetspeed/om/page/impl/SecurityConstraintList.java,70.0,3.0,0.0,7.0,25.0,21.0,86.0,rwatler@13f79535-47bb-0310-9956-ffa450edef68,1,0.005747126436781609,50.0,0.0,0.0,0.0,1787.4598540145985,26014.32676043591,1,0,0.1823215567939546,false
components/jetspeed-page-manager/src/main/java/org/apache/jetspeed/om/page/impl/SecurityConstraintsDefImpl.java,57.0,4.0,7.0,7.0,7.0,18.0,58.0,rwatler@13f79535-47bb-0310-9956-ffa450edef68,1,0.005747126436781609,67.0,0.0,0.0,0.0,1787.4598540145985,26014.32676043591,1,0,0.1823215567939546,false
components/jetspeed-page-manager/src/main/java/org/apache/jetspeed/om/page/impl/SecurityConstraintsImpl.java,238.0,12.0,76.0,16.0,38.0,51.0,48.0,rwatler@13f79535-47bb-0310-9956-ffa450edef68,1,0.005747126436781609,38.0,0.0,0.0,0.0,1787.4598540145985,26014.32676043591,1,0,0.1823215567939546,false
components/jetspeed-page-manager/src/main/java/org/apache/jetspeed/om/page/impl/SecurityConstraintsRefList.java,105.0,4.0,0.0,8.0,37.0,25.0,86.0,rwatler@13f79535-47bb-0310-9956-ffa450edef68,1,0.005747126436781609,50.0,0.0,0.0,0.0,1787.4598540145985,26014.32676043591,1,0,0.1823215567939546,false
components/jetspeed-page-manager/src/main/java/org/apache/jetspeed/om/page/psml/AbstractBaseElement.java,409.0,27.0,519.0,34.0,45.0,89.0,62.0,rwatler@13f79535-47bb-0310-9956-ffa450edef68,1,0.005747126436781609,25.0,0.0,0.0,0.0,1787.4598540145985,26014.32676043591,1,0,0.1823215567939546,false
components/jetspeed-page-manager/src/main/java/org/apache/jetspeed/om/page/psml/AbstractBaseFragmentElement.java,574.0,10.0,2223.0,70.0,79.0,129.0,45.0,rwatler@13f79535-47bb-0310-9956-ffa450edef68,1,0.005747126436781609,38.0,0.0,0.0,0.0,1787.4598540145985,26014.32676043591,1,1,0.1823215567939546,false
components/jetspeed-page-manager/src/main/java/org/apache/jetspeed/om/page/psml/AbstractBaseFragmentsElement.java,217.0,11.0,73.0,15.0,58.0,47.0,51.0,rwatler@13f79535-47bb-0310-9956-ffa450edef68,1,0.005747126436781609,50.0,0.0,0.0,0.0,1787.4598540145985,26014.32676043591,1,0,0.1823215567939546,false
components/jetspeed-page-manager/src/main/java/org/apache/jetspeed/om/page/psml/AbstractBasePageElement.java,106.0,14.0,63.0,15.0,12.0,34.0,51.0,rwatler@13f79535-47bb-0310-9956-ffa450edef68,1,0.005747126436781609,75.0,0.0,0.0,0.0,1787.4598540145985,26014.32676043591,1,0,0.1823215567939546,false
components/jetspeed-page-manager/src/main/java/org/apache/jetspeed/om/page/psml/DefaultsImpl.java,65.0,3.0,24.0,8.0,6.0,12.0,86.0,rwatler@13f79535-47bb-0310-9956-ffa450edef68,1,0.005747126436781609,50.0,0.0,0.0,0.0,1787.4598540145985,26014.32676043591,1,0,0.1823215567939546,false
components/jetspeed-page-manager/src/main/java/org/apache/jetspeed/om/page/psml/FilteredFragmentList.java,56.0,4.0,0.0,6.0,18.0,17.0,62.0,rwatler@13f79535-47bb-0310-9956-ffa450edef68,1,0.005747126436781609,50.0,0.0,0.0,0.0,1787.4598540145985,26014.32676043591,1,0,0.1823215567939546,false
components/jetspeed-page-manager/src/main/java/org/apache/jetspeed/om/page/psml/FragmentImpl.java,228.0,12.0,109.0,18.0,57.0,58.0,51.0,rwatler@13f79535-47bb-0310-9956-ffa450edef68,1,0.005747126436781609,43.0,0.0,0.0,0.0,1787.4598540145985,26014.32676043591,1,0,0.1823215567939546,false
components/jetspeed-page-manager/src/main/java/org/apache/jetspeed/om/page/psml/FragmentList.java,34.0,2.0,0.0,6.0,14.0,12.0,86.0,rwatler@13f79535-47bb-0310-9956-ffa450edef68,1,0.005747126436781609,25.0,0.0,0.0,0.0,1787.4598540145985,26014.32676043591,1,0,0.1823215567939546,false
components/jetspeed-page-manager/src/main/java/org/apache/jetspeed/om/page/psml/FragmentPreferenceImpl.java,30.0,3.0,9.0,6.0,0.0,10.0,58.0,taylor@13f79535-47bb-0310-9956-ffa450edef68,1,0.005747126436781609,33.0,0.0,0.0,0.0,1787.4598540145985,26014.32676043591,1,1,0.1823215567939546,false
components/jetspeed-page-manager/src/main/java/org/apache/jetspeed/om/page/psml/PageSecurityImpl.java,79.0,6.0,13.0,7.0,7.0,15.0,51.0,rwatler@13f79535-47bb-0310-9956-ffa450edef68,1,0.005747126436781609,75.0,0.0,0.0,0.0,1787.4598540145985,26014.32676043591,1,0,0.1823215567939546,false
components/jetspeed-page-manager/src/main/java/org/apache/jetspeed/om/page/psml/PropertiesList.java,38.0,3.0,0.0,6.0,7.0,12.0,86.0,rwatler@13f79535-47bb-0310-9956-ffa450edef68,1,0.005747126436781609,50.0,0.0,0.0,0.0,1787.4598540145985,26014.32676043591,1,0,0.1823215567939546,false
components/jetspeed-page-manager/src/main/java/org/apache/jetspeed/om/page/psml/SecurityConstraintsDefImpl.java,41.0,4.0,2.0,4.0,0.0,6.0,58.0,rwatler@13f79535-47bb-0310-9956-ffa450edef68,1,0.005747126436781609,40.0,0.0,0.0,0.0,1787.4598540145985,26014.32676043591,1,0,0.1823215567939546,false
components/jetspeed-page-manager/src/main/java/org/apache/jetspeed/om/page/psml/SecurityConstraintsImpl.java,210.0,12.0,0.0,10.0,25.0,35.0,48.0,rwatler@13f79535-47bb-0310-9956-ffa450edef68,1,0.005747126436781609,33.0,0.0,0.0,0.0,1787.4598540145985,26014.32676043591,1,0,0.1823215567939546,false
components/jetspeed-page-manager/src/main/java/org/apache/jetspeed/page/AbstractPageManager.java,1185.0,37.0,2160.0,84.0,407.0,287.0,45.0,rwatler@13f79535-47bb-0310-9956-ffa450edef68,1,0.005747126436781609,16.0,0.0,0.0,5.0,1787.4598540145985,26014.32676043591,1,2,0.1823215567939546,false
components/jetspeed-page-manager/src/main/java/org/apache/jetspeed/page/DelegatingPageManager.java,121.0,20.0,818.0,41.0,1.0,103.0,49.0,rwatler@13f79535-47bb-0310-9956-ffa450edef68,1,0.005747126436781609,22.0,0.0,0.0,11.0,1787.4598540145985,26014.32676043591,1,3,0.1823215567939546,false
components/jetspeed-page-manager/src/main/java/org/apache/jetspeed/page/PageManagerSecurityUtils.java,109.0,16.0,1.0,2.0,21.0,15.0,48.0,rwatler@13f79535-47bb-0310-9956-ffa450edef68,1,0.005747126436781609,50.0,0.0,0.0,0.0,1787.4598540145985,26014.32676043591,1,1,0.1823215567939546,false
components/jetspeed-page-manager/src/main/java/org/apache/jetspeed/page/document/impl/NodeImpl.java,324.0,14.0,150.0,24.0,65.0,71.0,86.0,rwatler@13f79535-47bb-0310-9956-ffa450edef68,1,0.005747126436781609,17.0,0.0,0.0,0.0,1787.4598540145985,26014.32676043591,1,1,0.1823215567939546,false
components/jetspeed-page-manager/src/main/java/org/apache/jetspeed/page/document/impl/NodeSetImpl.java,123.0,9.0,0.0,15.0,40.0,40.0,45.0,rwatler@13f79535-47bb-0310-9956-ffa450edef68,1,0.005747126436781609,67.0,0.0,0.0,0.0,1787.4598540145985,26014.32676043591,1,0,0.1823215567939546,false
components/jetspeed-page-manager/src/main/java/org/apache/jetspeed/page/document/psml/AbstractNode.java,309.0,13.0,356.0,29.0,47.0,72.0,86.0,rwatler@13f79535-47bb-0310-9956-ffa450edef68,1,0.005747126436781609,17.0,0.0,0.0,0.0,1787.4598540145985,26014.32676043591,1,1,0.1823215567939546,false
components/jetspeed-page-manager/src/main/java/org/apache/jetspeed/page/document/psml/CastorFileSystemDocumentHandler.java,470.0,51.0,674.0,41.0,150.0,119.0,53.0,rwatler@13f79535-47bb-0310-9956-ffa450edef68,2,0.011494252873563218,14.0,7.0,0.0,0.0,2234.9455683003125,27971.30694543324,2,2,0.29389333245105953,false
components/jetspeed-page-manager/src/main/java/org/apache/jetspeed/page/document/psml/DocumentHandlerFactoryImpl.java,113.0,9.0,29.0,10.0,21.0,28.0,62.0,rwatler@13f79535-47bb-0310-9956-ffa450edef68,1,0.005747126436781609,50.0,0.0,0.0,0.0,1787.4598540145985,26014.32676043591,1,1,0.1823215567939546,false
components/jetspeed-page-manager/src/main/java/org/apache/jetspeed/page/document/psml/FileSystemFolderHandler.java,457.0,29.0,97.0,19.0,114.0,77.0,62.0,rwatler@13f79535-47bb-0310-9956-ffa450edef68,1,0.005747126436781609,29.0,0.0,0.0,0.0,1787.4598540145985,26014.32676043591,1,1,0.1823215567939546,false
components/jetspeed-page-manager/src/main/java/org/apache/jetspeed/page/document/psml/NodeOrderComparator.java,62.0,2.0,0.0,2.0,5.0,5.0,86.0,rwatler@13f79535-47bb-0310-9956-ffa450edef68,1,0.005747126436781609,50.0,0.0,0.0,0.0,1787.4598540145985,26014.32676043591,1,1,0.1823215567939546,false
components/jetspeed-page-manager/src/main/java/org/apache/jetspeed/page/document/psml/NodeSetImpl.java,200.0,8.0,0.0,15.0,55.0,40.0,45.0,rwatler@13f79535-47bb-0310-9956-ffa450edef68,1,0.005747126436781609,67.0,0.0,0.0,0.0,1787.4598540145985,26014.32676043591,1,0,0.1823215567939546,false
components/jetspeed-page-manager/src/main/java/org/apache/jetspeed/page/impl/DatabasePageManager.java,1778.0,105.0,4469.0,135.0,495.0,412.0,48.0,rwatler@13f79535-47bb-0310-9956-ffa450edef68,1,0.005747126436781609,12.0,0.0,0.0,0.0,1787.4598540145985,26014.32676043591,1,6,0.1823215567939546,false
components/jetspeed-page-manager/src/main/java/org/apache/jetspeed/page/impl/DatabasePageManagerCache.java,629.0,23.0,1312.0,56.0,178.0,135.0,48.0,rwatler@13f79535-47bb-0310-9956-ffa450edef68,1,0.005747126436781609,18.0,0.0,0.0,0.0,1787.4598540145985,26014.32676043591,1,2,0.1823215567939546,false
components/jetspeed-page-manager/src/main/java/org/apache/jetspeed/page/impl/DatabasePageManagerCachedFragmentPropertyList.java,36.0,2.0,4.0,5.0,0.0,8.0,86.0,rwatler@13f79535-47bb-0310-9956-ffa450edef68,1,0.005747126436781609,50.0,0.0,0.0,0.0,1787.4598540145985,26014.32676043591,1,0,0.1823215567939546,false
components/jetspeed-page-manager/src/main/java/org/apache/jetspeed/page/impl/DatabasePageManagerUtils.java,17.0,5.0,1.0,2.0,2.0,4.0,86.0,rwatler@13f79535-47bb-0310-9956-ffa450edef68,1,0.005747126436781609,20.0,0.0,0.0,0.0,1787.4598540145985,26014.32676043591,1,1,0.1823215567939546,false
components/jetspeed-page-manager/src/main/java/org/apache/jetspeed/page/psml/CastorXmlPageManager.java,747.0,66.0,1317.0,54.0,213.0,173.0,62.0,rwatler@13f79535-47bb-0310-9956-ffa450edef68,1,0.005747126436781609,17.0,0.0,0.0,0.0,1787.4598540145985,26014.32676043591,1,4,0.1823215567939546,false
components/jetspeed-page-manager/src/main/java/org/apache/jetspeed/util/ojb/ACLFieldConversion.java,58.0,6.0,0.0,2.0,14.0,11.0,48.0,rwatler@13f79535-47bb-0310-9956-ffa450edef68,1,0.005747126436781609,75.0,0.0,0.0,0.0,1787.4598540145985,26014.32676043591,1,0,0.1823215567939546,false
components/jetspeed-page-manager/src/test/java/org/apache/jetspeed/page/DirectoryXMLTransform.java,125.0,20.0,13.0,6.0,33.0,25.0,86.0,rwatler@13f79535-47bb-0310-9956-ffa450edef68,1,0.005747126436781609,33.0,0.0,0.0,0.0,1787.4598540145985,26014.32676043591,1,0,0.1823215567939546,false
components/jetspeed-page-manager/src/test/java/org/apache/jetspeed/page/PageManagerTestShared.java,983.0,70.0,0.0,0.0,0.0,0.0,62.0,rwatler@13f79535-47bb-0310-9956-ffa450edef68,1,0.005747126436781609,12.0,0.0,0.0,0.0,1787.4598540145985,26014.32676043591,1,4,0.1823215567939546,false
components/jetspeed-page-manager/src/test/java/org/apache/jetspeed/page/TestCastorXmlPageManager.java,1355.0,43.0,0.0,36.0,465.0,107.0,48.0,rwatler@13f79535-47bb-0310-9956-ffa450edef68,1,0.005747126436781609,18.0,0.0,0.0,0.0,1787.4598540145985,26014.32676043591,1,4,0.1823215567939546,false
components/jetspeed-page-manager/src/test/java/org/apache/jetspeed/page/TestCreateUserHomePagesFromRoles.java,61.0,9.0,9.0,6.0,11.0,12.0,86.0,rwatler@13f79535-47bb-0310-9956-ffa450edef68,1,0.005747126436781609,17.0,0.0,0.0,0.0,1787.4598540145985,26014.32676043591,1,3,0.1823215567939546,false
components/jetspeed-page-manager/src/test/java/org/apache/jetspeed/page/TestDatabasePageManager.java,1120.0,40.0,43.0,11.0,290.0,41.0,48.0,rwatler@13f79535-47bb-0310-9956-ffa450edef68,1,0.005747126436781609,16.0,0.0,0.0,0.0,1787.4598540145985,26014.32676043591,1,4,0.1823215567939546,false
components/jetspeed-page-manager/src/test/java/org/apache/jetspeed/page/TestSecureDatabasePageManager.java,26.0,3.0,10.0,5.0,7.0,10.0,20.0,rwatler@13f79535-47bb-0310-9956-ffa450edef68,1,0.005747126436781609,14.0,0.0,0.0,0.0,1787.4598540145985,26014.32676043591,1,1,0.1823215567939546,false
components/jetspeed-page-manager/src/test/java/org/apache/jetspeed/page/TestTransactions.java,44.0,6.0,6.0,4.0,14.0,10.0,53.0,rwatler@13f79535-47bb-0310-9956-ffa450edef68,1,0.005747126436781609,33.0,0.0,0.0,0.0,1787.4598540145985,26014.32676043591,1,2,0.1823215567939546,false
components/jetspeed-page-manager/src/test/java/org/apache/jetspeed/page/cache/DatabasePageManagerServer.java,211.0,22.0,45.0,14.0,33.0,36.0,86.0,rwatler@13f79535-47bb-0310-9956-ffa450edef68,1,0.005747126436781609,12.0,0.0,0.0,0.0,1787.4598540145985,26014.32676043591,1,0,0.1823215567939546,false
components/jetspeed-page-manager/src/test/java/org/apache/jetspeed/page/document/psml/TestCastorFileSystemDocumentHandler.java,77.0,16.0,8.0,8.0,23.0,19.0,86.0,rwatler@13f79535-47bb-0310-9956-ffa450edef68,1,0.005747126436781609,14.0,0.0,0.0,0.0,1787.4598540145985,26014.32676043591,1,4,0.1823215567939546,false
components/jetspeed-portal-site/src/main/java/org/apache/jetspeed/om/folder/impl/StandardMenuDefinitionImpl.java,205.0,5.0,351.0,27.0,6.0,82.0,11.0,taylor@13f79535-47bb-0310-9956-ffa450edef68,1,0.005747126436781609,33.0,33.0,0.0,33.0,1787.4598540145985,26014.32676043591,1,0,0.1823215567939546,false
components/jetspeed-portal-site/src/main/java/org/apache/jetspeed/om/folder/proxy/FolderProxy.java,888.0,35.0,543.0,35.0,178.0,139.0,15.0,rwatler@13f79535-47bb-0310-9956-ffa450edef68,1,0.005747126436781609,25.0,0.0,0.0,0.0,1787.4598540145985,26014.32676043591,1,2,0.1823215567939546,false
components/jetspeed-portal-site/src/main/java/org/apache/jetspeed/page/document/proxy/NodeProxy.java,228.0,15.0,63.0,15.0,25.0,40.0,15.0,rwatler@13f79535-47bb-0310-9956-ffa450edef68,1,0.005747126436781609,33.0,0.0,0.0,0.0,1787.4598540145985,26014.32676043591,1,1,0.1823215567939546,false
components/jetspeed-portal-site/src/main/java/org/apache/jetspeed/page/document/proxy/NodeSetImpl.java,131.0,6.0,0.0,10.0,37.0,30.0,45.0,rwatler@13f79535-47bb-0310-9956-ffa450edef68,1,0.005747126436781609,67.0,0.0,0.0,0.0,1787.4598540145985,26014.32676043591,1,0,0.1823215567939546,false
components/jetspeed-portal-site/src/main/java/org/apache/jetspeed/portalsite/impl/MenuImpl.java,658.0,26.0,184.0,25.0,106.0,89.0,35.0,rwatler@13f79535-47bb-0310-9956-ffa450edef68,1,0.005747126436781609,33.0,0.0,0.0,0.0,1787.4598540145985,26014.32676043591,1,0,0.1823215567939546,false
components/jetspeed-portal-site/src/main/java/org/apache/jetspeed/portalsite/impl/PortalSiteRequestContextImpl.java,689.0,27.0,201.0,34.0,99.0,146.0,12.0,rwatler@13f79535-47bb-0310-9956-ffa450edef68,1,0.005747126436781609,18.0,0.0,0.0,0.0,1787.4598540145985,26014.32676043591,1,0,0.1823215567939546,false
components/jetspeed-portal-site/src/main/java/org/apache/jetspeed/portalsite/impl/PortalSiteSessionContextImpl.java,1134.0,33.0,877.0,47.0,183.0,174.0,12.0,rwatler@13f79535-47bb-0310-9956-ffa450edef68,1,0.005747126436781609,9.0,0.0,0.0,0.0,1787.4598540145985,26014.32676043591,1,4,0.1823215567939546,false
components/jetspeed-portal-site/src/main/java/org/apache/jetspeed/portalsite/menu/StandardNavigationsMenuDefinition.java,141.0,13.0,91.0,14.0,8.0,44.0,15.0,rwatler@13f79535-47bb-0310-9956-ffa450edef68,1,0.005747126436781609,33.0,0.0,0.0,0.0,1787.4598540145985,26014.32676043591,1,0,0.1823215567939546,false
components/jetspeed-portal-site/src/main/java/org/apache/jetspeed/portalsite/view/AbstractSiteView.java,631.0,21.0,321.0,26.0,70.0,90.0,12.0,rwatler@13f79535-47bb-0310-9956-ffa450edef68,1,0.005747126436781609,29.0,0.0,0.0,0.0,1787.4598540145985,26014.32676043591,1,0,0.1823215567939546,false
components/jetspeed-portal-site/src/main/java/org/apache/jetspeed/portalsite/view/PhysicalSiteView.java,175.0,14.0,89.0,14.0,13.0,35.0,17.0,rwatler@13f79535-47bb-0310-9956-ffa450edef68,1,0.005747126436781609,33.0,0.0,0.0,0.0,1787.4598540145985,26014.32676043591,1,0,0.1823215567939546,false
components/jetspeed-portal-site/src/main/java/org/apache/jetspeed/portalsite/view/SearchPathsSiteView.java,586.0,25.0,229.0,26.0,96.0,79.0,15.0,rwatler@13f79535-47bb-0310-9956-ffa450edef68,1,0.005747126436781609,43.0,0.0,0.0,0.0,1787.4598540145985,26014.32676043591,1,1,0.1823215567939546,false
components/jetspeed-portal-site/src/main/java/org/apache/jetspeed/portalsite/view/SearchPathsSiteViewProxy.java,68.0,2.0,6.0,5.0,6.0,15.0,15.0,rwatler@13f79535-47bb-0310-9956-ffa450edef68,1,0.005747126436781609,50.0,0.0,0.0,0.0,1787.4598540145985,26014.32676043591,1,0,0.1823215567939546,false
components/jetspeed-portal-site/src/main/java/org/apache/jetspeed/portalsite/view/SiteViewUtils.java,88.0,6.0,6.0,4.0,22.0,19.0,15.0,rwatler@13f79535-47bb-0310-9956-ffa450edef68,1,0.005747126436781609,60.0,0.0,0.0,0.0,1787.4598540145985,26014.32676043591,1,0,0.1823215567939546,false
components/jetspeed-portal-site/src/test/java/org/apache/jetspeed/portalsite/TestPortalSite.java,2126.0,29.0,80.0,17.0,196.0,49.0,14.0,rwatler@13f79535-47bb-0310-9956-ffa450edef68,1,0.005747126436781609,15.0,0.0,0.0,4.0,1787.4598540145985,26014.32676043591,1,3,0.1823215567939546,false
components/jetspeed-portal/src/main/java/org/apache/jetspeed/administration/PortalAdministrationImpl.java,449.0,42.0,246.0,28.0,135.0,105.0,20.0,null,1,0.005747126436781609,5.0,5.0,0.0,0.0,447.48571428571427,1956.9801849973292,1,6,1.791759469228055,true
components/jetspeed-portal/src/main/java/org/apache/jetspeed/decoration/AbstractDecoratorActionsFactory.java,138.0,17.0,37.0,11.0,39.0,28.0,20.0,taylor@13f79535-47bb-0310-9956-ffa450edef68,1,0.005747126436781609,17.0,17.0,0.0,0.0,447.48571428571427,1956.9801849973292,1,0,1.791759469228055,false
components/jetspeed-portal/src/main/java/org/apache/jetspeed/decoration/DecorationFactoryImpl.java,414.0,29.0,486.0,37.0,104.0,91.0,20.0,taylor@13f79535-47bb-0310-9956-ffa450edef68,1,0.005747126436781609,10.0,10.0,0.0,0.0,447.48571428571427,1956.9801849973292,1,4,1.791759469228055,false
components/jetspeed-portal/src/main/java/org/apache/jetspeed/decoration/DecorationValve.java,437.0,32.0,256.0,28.0,142.0,75.0,20.0,ate@13f79535-47bb-0310-9956-ffa450edef68,1,0.005747126436781609,9.0,9.0,0.0,0.0,447.48571428571427,1956.9801849973292,1,3,1.791759469228055,false
components/jetspeed-portal/src/main/java/org/apache/jetspeed/decoration/DecoratorActionImpl.java,118.0,4.0,126.0,24.0,5.0,41.0,20.0,taylor@13f79535-47bb-0310-9956-ffa450edef68,1,0.005747126436781609,100.0,100.0,0.0,0.0,447.48571428571427,1956.9801849973292,1,0,1.791759469228055,false
components/jetspeed-portal/src/main/java/org/apache/jetspeed/decoration/PageTheme.java,108.0,13.0,19.0,11.0,33.0,25.0,20.0,taylor@13f79535-47bb-0310-9956-ffa450edef68,1,0.005747126436781609,20.0,20.0,0.0,0.0,447.48571428571427,1956.9801849973292,1,1,1.791759469228055,false
components/jetspeed-portal/src/main/java/org/apache/jetspeed/services/beans/DecorationBean.java,62.0,9.0,51.0,14.0,9.0,21.0,20.0,taylor@13f79535-47bb-0310-9956-ffa450edef68,1,0.005747126436781609,50.0,50.0,0.0,0.0,447.48571428571427,1956.9801849973292,1,0,1.791759469228055,false
components/jetspeed-portal/src/main/java/org/apache/jetspeed/services/beans/DecoratorActionBean.java,67.0,3.0,78.0,16.0,7.0,23.0,20.0,taylor@13f79535-47bb-0310-9956-ffa450edef68,1,0.005747126436781609,50.0,50.0,0.0,0.0,447.48571428571427,1956.9801849973292,1,0,1.791759469228055,false
components/jetspeed-portal/src/main/java/org/apache/jetspeed/velocity/JetspeedPowerToolImpl.java,534.0,44.0,889.0,46.0,200.0,155.0,17.0,woonsan@13f79535-47bb-0310-9956-ffa450edef68,1,0.005747126436781609,4.0,0.0,0.0,0.0,447.48571428571427,1956.9801849973292,1,10,1.791759469228055,true
components/jetspeed-rdbms/src/main/java/org/apache/jetspeed/util/ojb/CollectionUtils.java,168.0,10.0,6.0,4.0,0.0,8.0,86.0,rwatler@13f79535-47bb-0310-9956-ffa450edef68,1,0.005747126436781609,50.0,0.0,0.0,0.0,1787.4598540145985,26014.32676043591,1,0,0.1823215567939546,false
components/jetspeed-registry/src/main/java/org/apache/jetspeed/components/portletentity/PersistenceBrokerPortletEntityAccess.java,183.0,11.0,131.0,18.0,63.0,49.0,20.0,ate@13f79535-47bb-0310-9956-ffa450edef68,1,0.005747126436781609,11.0,11.0,0.0,0.0,447.48571428571427,1956.9801849973292,1,1,1.791759469228055,false
components/jetspeed-registry/src/main/java/org/apache/jetspeed/components/portletpreferences/PortletPreferencesServiceImpl.java,631.0,32.0,182.0,33.0,302.0,102.0,30.0,taylor@13f79535-47bb-0310-9956-ffa450edef68,1,0.005747126436781609,5.0,0.0,0.0,0.0,1787.4598540145985,26014.32676043591,1,7,0.1823215567939546,false
jetspeed-api/src/main/java/org/apache/jetspeed/cache/JetspeedContentCache.java,18.0,1.0,1.0,2.0,0.0,4.0,20.0,taylor@13f79535-47bb-0310-9956-ffa450edef68,1,0.005747126436781609,50.0,50.0,0.0,0.0,447.48571428571427,1956.9801849973292,1,0,1.791759469228055,false
jetspeed-api/src/main/java/org/apache/jetspeed/cluster/NodeInformation.java,42.0,1.0,28.0,8.0,0.0,18.0,20.0,taylor@13f79535-47bb-0310-9956-ffa450edef68,1,0.005747126436781609,25.0,25.0,0.0,0.0,447.48571428571427,1956.9801849973292,1,1,1.791759469228055,false
jetspeed-api/src/main/java/org/apache/jetspeed/components/portletentity/PortletEntityAccessComponent.java,82.0,4.0,91.0,14.0,0.0,26.0,20.0,taylor@13f79535-47bb-0310-9956-ffa450edef68,1,0.005747126436781609,14.0,14.0,0.0,0.0,447.48571428571427,1956.9801849973292,1,0,1.791759469228055,false
jetspeed-api/src/main/java/org/apache/jetspeed/container/url/PortalURL.java,187.0,6.0,231.0,23.0,0.0,67.0,20.0,taylor@13f79535-47bb-0310-9956-ffa450edef68,1,0.005747126436781609,14.0,14.0,0.0,0.0,447.48571428571427,1956.9801849973292,1,2,1.791759469228055,false
jetspeed-api/src/main/java/org/apache/jetspeed/decoration/Decoration.java,134.0,3.0,210.0,21.0,0.0,43.0,20.0,taylor@13f79535-47bb-0310-9956-ffa450edef68,1,0.005747126436781609,33.0,33.0,0.0,0.0,447.48571428571427,1956.9801849973292,1,1,1.791759469228055,false
jetspeed-api/src/main/java/org/apache/jetspeed/decoration/DecorationFactory.java,128.0,5.0,171.0,19.0,0.0,42.0,20.0,taylor@13f79535-47bb-0310-9956-ffa450edef68,1,0.005747126436781609,25.0,25.0,0.0,0.0,447.48571428571427,1956.9801849973292,1,1,1.791759469228055,false
jetspeed-api/src/main/java/org/apache/jetspeed/decoration/DecoratorAction.java,18.0,0.0,120.0,16.0,0.0,16.0,20.0,taylor@13f79535-47bb-0310-9956-ffa450edef68,1,0.005747126436781609,100.0,100.0,0.0,0.0,447.48571428571427,1956.9801849973292,1,0,1.791759469228055,false
jetspeed-api/src/main/java/org/apache/jetspeed/decoration/Theme.java,35.0,5.0,21.0,7.0,0.0,14.0,20.0,taylor@13f79535-47bb-0310-9956-ffa450edef68,1,0.005747126436781609,33.0,33.0,0.0,0.0,447.48571428571427,1956.9801849973292,1,0,1.791759469228055,false
jetspeed-api/src/main/java/org/apache/jetspeed/events/PortletEventQueue.java,17.0,2.0,1.0,2.0,0.0,3.0,17.0,taylor@13f79535-47bb-0310-9956-ffa450edef68,1,0.005747126436781609,33.0,0.0,0.0,0.0,447.48571428571427,1956.9801849973292,1,0,1.791759469228055,false
jetspeed-api/src/main/java/org/apache/jetspeed/headerresource/HeaderResource.java,257.0,2.0,630.0,36.0,0.0,83.0,17.0,taylor@13f79535-47bb-0310-9956-ffa450edef68,1,0.005747126436781609,33.0,0.0,0.0,0.0,447.48571428571427,1956.9801849973292,1,0,1.791759469228055,false
jetspeed-api/src/main/java/org/apache/jetspeed/headerresource/HeaderResourceFactory.java,25.0,4.0,3.0,3.0,0.0,6.0,17.0,taylor@13f79535-47bb-0310-9956-ffa450edef68,1,0.005747126436781609,50.0,0.0,0.0,0.0,447.48571428571427,1956.9801849973292,1,0,1.791759469228055,false
jetspeed-api/src/main/java/org/apache/jetspeed/layout/JetspeedPowerTool.java,234.0,15.0,666.0,37.0,0.0,108.0,17.0,woonsan@13f79535-47bb-0310-9956-ffa450edef68,1,0.005747126436781609,8.0,0.0,0.0,0.0,447.48571428571427,1956.9801849973292,1,4,1.791759469228055,false
jetspeed-api/src/main/java/org/apache/jetspeed/layout/PageLayoutComponent.java,329.0,7.0,780.0,40.0,0.0,60.0,23.0,rwatler@13f79535-47bb-0310-9956-ffa450edef68,2,0.011494252873563218,17.0,0.0,0.0,0.0,2234.9455683003125,27971.30694543324,2,0,0.29389333245105953,false
jetspeed-api/src/main/java/org/apache/jetspeed/locator/TemplateDescriptor.java,27.0,0.0,6.0,4.0,0.0,6.0,17.0,taylor@13f79535-47bb-0310-9956-ffa450edef68,1,0.005747126436781609,50.0,0.0,0.0,0.0,447.48571428571427,1956.9801849973292,1,0,1.791759469228055,false
jetspeed-api/src/main/java/org/apache/jetspeed/locator/TemplateLocator.java,36.0,2.0,10.0,5.0,0.0,15.0,17.0,taylor@13f79535-47bb-0310-9956-ffa450edef68,1,0.005747126436781609,33.0,0.0,0.0,0.0,447.48571428571427,1956.9801849973292,1,0,1.791759469228055,false
jetspeed-api/src/main/java/org/apache/jetspeed/om/common/SecurityConstraint.java,48.0,1.0,28.0,8.0,0.0,12.0,17.0,taylor@13f79535-47bb-0310-9956-ffa450edef68,1,0.005747126436781609,50.0,0.0,0.0,0.0,447.48571428571427,1956.9801849973292,1,0,1.791759469228055,false
jetspeed-api/src/main/java/org/apache/jetspeed/om/common/SecurityConstraints.java,42.0,1.0,21.0,7.0,0.0,17.0,17.0,taylor@13f79535-47bb-0310-9956-ffa450edef68,1,0.005747126436781609,50.0,0.0,0.0,0.0,447.48571428571427,1956.9801849973292,1,0,1.791759469228055,false
jetspeed-api/src/main/java/org/apache/jetspeed/om/folder/Folder.java,234.0,14.0,496.0,32.0,0.0,96.0,17.0,taylor@13f79535-47bb-0310-9956-ffa450edef68,1,0.005747126436781609,12.0,0.0,0.0,0.0,447.48571428571427,1956.9801849973292,1,2,1.791759469228055,false
jetspeed-api/src/main/java/org/apache/jetspeed/om/folder/MenuDefinition.java,138.0,3.0,300.0,25.0,0.0,66.0,14.0,taylor@13f79535-47bb-0310-9956-ffa450edef68,2,0.011494252873563218,40.0,20.0,0.0,20.0,2234.9455683003125,27971.30694543324,2,0,0.29389333245105953,false
jetspeed-api/src/main/java/org/apache/jetspeed/om/folder/MenuDefinitionElement.java,7.0,1.0,0.0,0.0,0.0,0.0,11.0,rwatler@13f79535-47bb-0310-9956-ffa450edef68,1,0.005747126436781609,100.0,100.0,0.0,100.0,1787.4598540145985,26014.32676043591,1,0,0.1823215567939546,false
jetspeed-api/src/main/java/org/apache/jetspeed/om/folder/MenuExcludeDefinition.java,17.0,0.0,1.0,2.0,0.0,3.0,11.0,rwatler@13f79535-47bb-0310-9956-ffa450edef68,1,0.005747126436781609,33.0,33.0,0.0,33.0,1787.4598540145985,26014.32676043591,1,0,0.1823215567939546,false
jetspeed-api/src/main/java/org/apache/jetspeed/om/folder/MenuIncludeDefinition.java,27.0,0.0,6.0,4.0,0.0,8.0,11.0,rwatler@13f79535-47bb-0310-9956-ffa450edef68,1,0.005747126436781609,33.0,33.0,0.0,33.0,1787.4598540145985,26014.32676043591,1,0,0.1823215567939546,false
jetspeed-api/src/main/java/org/apache/jetspeed/om/folder/MenuOptionsDefinition.java,81.0,0.0,91.0,14.0,0.0,29.0,11.0,rwatler@13f79535-47bb-0310-9956-ffa450edef68,1,0.005747126436781609,33.0,33.0,0.0,33.0,1787.4598540145985,26014.32676043591,1,0,0.1823215567939546,false
jetspeed-api/src/main/java/org/apache/jetspeed/om/folder/MenuSeparatorDefinition.java,54.0,2.0,36.0,9.0,0.0,26.0,11.0,taylor@13f79535-47bb-0310-9956-ffa450edef68,1,0.005747126436781609,25.0,25.0,0.0,25.0,1787.4598540145985,26014.32676043591,1,0,0.1823215567939546,false
jetspeed-api/src/main/java/org/apache/jetspeed/om/page/BaseFragmentElement.java,365.0,2.0,1225.0,50.0,0.0,133.0,30.0,rwatler@13f79535-47bb-0310-9956-ffa450edef68,1,0.005747126436781609,25.0,0.0,0.0,0.0,1787.4598540145985,26014.32676043591,1,0,0.1823215567939546,false
jetspeed-api/src/main/java/org/apache/jetspeed/om/page/BaseFragmentsElement.java,41.0,1.0,15.0,6.0,0.0,21.0,30.0,rwatler@13f79535-47bb-0310-9956-ffa450edef68,1,0.005747126436781609,33.0,0.0,0.0,0.0,1787.4598540145985,26014.32676043591,1,0,0.1823215567939546,false
jetspeed-api/src/main/java/org/apache/jetspeed/om/page/BasePageElement.java,64.0,6.0,55.0,11.0,0.0,30.0,30.0,rwatler@13f79535-47bb-0310-9956-ffa450edef68,1,0.005747126436781609,50.0,0.0,0.0,0.0,1787.4598540145985,26014.32676043591,1,0,0.1823215567939546,false
jetspeed-api/src/main/java/org/apache/jetspeed/om/page/ContentFragment.java,426.0,8.0,1770.0,60.0,0.0,153.0,30.0,rwatler@13f79535-47bb-0310-9956-ffa450edef68,1,0.005747126436781609,8.0,0.0,0.0,0.0,1787.4598540145985,26014.32676043591,1,0,0.1823215567939546,false
jetspeed-api/src/main/java/org/apache/jetspeed/om/page/ContentPage.java,293.0,5.0,1225.0,50.0,0.0,103.0,30.0,rwatler@13f79535-47bb-0310-9956-ffa450edef68,1,0.005747126436781609,14.0,0.0,0.0,0.0,1787.4598540145985,26014.32676043591,1,0,0.1823215567939546,false
jetspeed-api/src/main/java/org/apache/jetspeed/om/page/Fragment.java,50.0,2.0,21.0,7.0,0.0,14.0,30.0,rwatler@13f79535-47bb-0310-9956-ffa450edef68,1,0.005747126436781609,25.0,0.0,0.0,0.0,1787.4598540145985,26014.32676043591,1,0,0.1823215567939546,false
jetspeed-api/src/main/java/org/apache/jetspeed/om/page/PageSecurity.java,39.0,1.0,15.0,6.0,0.0,11.0,30.0,rwatler@13f79535-47bb-0310-9956-ffa450edef68,1,0.005747126436781609,50.0,0.0,0.0,0.0,1787.4598540145985,26014.32676043591,1,0,0.1823215567939546,false
jetspeed-api/src/main/java/org/apache/jetspeed/om/page/SecurityConstraintsDef.java,27.0,2.0,6.0,4.0,0.0,8.0,30.0,rwatler@13f79535-47bb-0310-9956-ffa450edef68,1,0.005747126436781609,50.0,0.0,0.0,0.0,1787.4598540145985,26014.32676043591,1,0,0.1823215567939546,false
jetspeed-api/src/main/java/org/apache/jetspeed/om/preference/FragmentPreference.java,36.0,1.0,15.0,6.0,0.0,9.0,30.0,rwatler@13f79535-47bb-0310-9956-ffa450edef68,1,0.005747126436781609,50.0,0.0,0.0,0.0,1787.4598540145985,26014.32676043591,1,0,0.1823215567939546,false
jetspeed-api/src/main/java/org/apache/jetspeed/page/FragmentPropertyList.java,32.0,3.0,45.0,10.0,0.0,14.0,86.0,taylor@13f79535-47bb-0310-9956-ffa450edef68,1,0.005747126436781609,50.0,0.0,0.0,0.0,1787.4598540145985,26014.32676043591,1,1,0.1823215567939546,false
jetspeed-api/src/main/java/org/apache/jetspeed/page/PageManager.java,712.0,33.0,5886.0,109.0,0.0,297.0,86.0,rwatler@13f79535-47bb-0310-9956-ffa450edef68,1,0.005747126436781609,7.0,0.0,0.0,0.0,1787.4598540145985,26014.32676043591,1,4,0.1823215567939546,false
jetspeed-api/src/main/java/org/apache/jetspeed/portalsite/Menu.java,43.0,1.0,21.0,7.0,0.0,18.0,86.0,rwatler@13f79535-47bb-0310-9956-ffa450edef68,1,0.005747126436781609,50.0,0.0,0.0,0.0,1787.4598540145985,26014.32676043591,1,0,0.1823215567939546,false
jetspeed-api/src/main/java/org/apache/jetspeed/portalsite/PortalSiteRequestContext.java,152.0,9.0,231.0,22.0,0.0,82.0,15.0,rwatler@13f79535-47bb-0310-9956-ffa450edef68,1,0.005747126436781609,11.0,0.0,0.0,0.0,1787.4598540145985,26014.32676043591,1,0,0.1823215567939546,false
jetspeed-api/src/main/java/org/apache/jetspeed/portalsite/PortalSiteSessionContext.java,95.0,4.0,55.0,11.0,0.0,35.0,15.0,rwatler@13f79535-47bb-0310-9956-ffa450edef68,1,0.005747126436781609,14.0,0.0,0.0,0.0,1787.4598540145985,26014.32676043591,1,0,0.1823215567939546,false
