name,LOC,CBO,LCOM,NOM,RFC,WMC,ACS,Ownership,numOfChanges,numberOfFIChanges,ENH,NF,BugFixing,REF,structuralWorkloadSum,semanticWorkloadSum,numberOfDeveloper,pastFaults,MAF,isBuggy
components/jetspeed-cm/src/main/java/org/apache/jetspeed/components/test/AbstractJexlSpringTestCase.java,325.0,14.0,36.0,9.0,24.0,31.0,0.0,rwatler@13f79535-47bb-0310-9956-ffa450edef68,0,0.0,0.0,0.0,0.0,0.0,0.0,0.0,0,0,0.0,false
components/jetspeed-cm/src/main/java/org/apache/jetspeed/components/test/AbstractJexlSpringTestServer.java,156.0,13.0,56.0,12.0,27.0,32.0,0.0,rwatler@13f79535-47bb-0310-9956-ffa450edef68,0,0.0,0.0,0.0,0.0,0.0,0.0,0.0,0,0,0.0,false
components/jetspeed-cm/src/main/java/org/apache/jetspeed/components/test/AbstractSpringTestCase.java,66.0,6.0,43.0,10.0,10.0,25.0,0.0,ate@13f79535-47bb-0310-9956-ffa450edef68,0,0.0,0.0,0.0,0.0,0.0,0.0,0.0,0,3,0.0,false
components/jetspeed-cm/src/main/java/org/apache/jetspeed/mocks/BaseMockServletContext.java,21.0,4.0,9.0,6.0,3.0,9.0,9.0,taylor@13f79535-47bb-0310-9956-ffa450edef68,1,0.025,33.0,0.0,0.0,0.0,457.6,2511.9257693169475,1,0,0.08701137698962981,false
components/jetspeed-page-manager/src/main/java/org/apache/jetspeed/om/page/impl/SecurityConstraintsImpl.java,239.0,11.0,76.0,16.0,33.0,50.0,2.0,rwatler@13f79535-47bb-0310-9956-ffa450edef68,1,0.025,12.0,0.0,12.0,0.0,115.5,177.4604654161926,1,0,2.4849066497880004,false
components/jetspeed-page-manager/src/main/java/org/apache/jetspeed/om/page/psml/SecurityConstraintsImpl.java,212.0,11.0,0.0,10.0,20.0,34.0,2.0,rwatler@13f79535-47bb-0310-9956-ffa450edef68,1,0.025,11.0,0.0,11.0,0.0,115.5,177.4604654161926,1,0,2.4849066497880004,false
components/jetspeed-portal/src/main/java/org/apache/jetspeed/aggregator/FileServerValve.java,39.0,5.0,1.0,3.0,6.0,7.0,1.0,taylor@13f79535-47bb-0310-9956-ffa450edef68,1,0.025,33.0,0.0,33.0,0.0,457.6,2511.9257693169475,1,1,0.08701137698962981,false
components/jetspeed-portal/src/main/java/org/apache/jetspeed/container/url/impl/PathInfoEncodingPortalURL.java,72.0,5.0,21.0,7.0,19.0,14.0,2.0,taylor@13f79535-47bb-0310-9956-ffa450edef68,1,0.025,33.0,0.0,0.0,0.0,457.6,2511.9257693169475,1,0,0.08701137698962981,false
components/jetspeed-portal/src/main/java/org/apache/jetspeed/container/url/impl/QueryStringEncodingPortalURL.java,45.0,4.0,15.0,6.0,15.0,10.0,2.0,taylor@13f79535-47bb-0310-9956-ffa450edef68,1,0.025,50.0,0.0,0.0,0.0,457.6,2511.9257693169475,1,0,0.08701137698962981,false
components/jetspeed-portal/src/main/java/org/apache/jetspeed/pipeline/valve/RequestFilterValve.java,7.0,0.0,0.0,0.0,0.0,0.0,7.0,rwatler@13f79535-47bb-0310-9956-ffa450edef68,1,0.025,100.0,100.0,0.0,0.0,115.5,177.4604654161926,1,0,2.4849066497880004,false
components/jetspeed-portal/src/main/java/org/apache/jetspeed/pipeline/valve/impl/AbstractFilterValveImpl.java,76.0,3.0,1.0,6.0,4.0,14.0,7.0,rwatler@13f79535-47bb-0310-9956-ffa450edef68,1,0.025,100.0,100.0,0.0,0.0,115.5,177.4604654161926,1,0,2.4849066497880004,false
components/jetspeed-portal/src/main/java/org/apache/jetspeed/pipeline/valve/impl/RequestFilterValveImpl.java,44.0,8.0,0.0,3.0,12.0,9.0,7.0,rwatler@13f79535-47bb-0310-9956-ffa450edef68,1,0.025,100.0,100.0,0.0,0.0,115.5,177.4604654161926,1,0,2.4849066497880004,false
components/jetspeed-portal/src/main/java/org/apache/jetspeed/pipeline/valve/impl/SimpleSecurityValveImpl.java,235.0,15.0,34.0,13.0,30.0,35.0,7.0,rwatler@13f79535-47bb-0310-9956-ffa450edef68,1,0.025,100.0,100.0,0.0,0.0,115.5,177.4604654161926,1,0,2.4849066497880004,false
components/jetspeed-portal/src/test/java/org/apache/jetspeed/container/state/MockRequestContext.java,153.0,24.0,1425.0,54.0,6.0,88.0,7.0,woonsan@13f79535-47bb-0310-9956-ffa450edef68,1,0.025,12.0,12.0,0.0,0.0,115.5,177.4604654161926,1,5,2.4849066497880004,false
components/jetspeed-portal/src/test/java/org/apache/jetspeed/pipeline/valve/TestRequestFilterValve.java,76.0,9.0,1.0,2.0,14.0,5.0,7.0,rwatler@13f79535-47bb-0310-9956-ffa450edef68,1,0.025,100.0,100.0,0.0,0.0,115.5,177.4604654161926,1,0,2.4849066497880004,false
components/jetspeed-portal/src/test/java/org/apache/jetspeed/pipeline/valve/TestSimpleSecurityValve.java,119.0,12.0,1.0,2.0,26.0,7.0,7.0,rwatler@13f79535-47bb-0310-9956-ffa450edef68,1,0.025,100.0,100.0,0.0,0.0,115.5,177.4604654161926,1,0,2.4849066497880004,false
components/jetspeed-portal/src/test/java/org/apache/jetspeed/tools/pamanager/PortletApplicationManagerServer.java,98.0,11.0,27.0,10.0,19.0,24.0,0.0,rwatler@13f79535-47bb-0310-9956-ffa450edef68,0,0.0,0.0,0.0,0.0,0.0,0.0,0.0,0,1,0.0,false
components/jetspeed-portal/src/test/java/org/apache/jetspeed/tools/pamanager/TestPortletApplicationManager.java,174.0,16.0,30.0,9.0,35.0,26.0,0.0,rwatler@13f79535-47bb-0310-9956-ffa450edef68,0,0.0,0.0,0.0,0.0,0.0,0.0,0.0,0,1,0.0,false
components/jetspeed-rdbms/src/main/java/org/apache/jetspeed/components/datasource/DBCPDatasourceComponent.java,143.0,16.0,0.0,4.0,27.0,19.0,1.0,taylor@13f79535-47bb-0310-9956-ffa450edef68,1,0.025,14.0,0.0,0.0,0.0,457.6,2511.9257693169475,1,0,0.08701137698962981,false
components/jetspeed-registry/src/main/java/org/apache/jetspeed/components/portletpreferences/PortletPreferencesServiceImpl.java,638.0,32.0,187.0,34.0,306.0,103.0,7.0,taylor@13f79535-47bb-0310-9956-ffa450edef68,1,0.025,5.0,0.0,0.0,0.0,457.6,2511.9257693169475,1,7,0.08701137698962981,false
components/jetspeed-security/src/main/java/org/apache/jetspeed/security/impl/UserManagerImpl.java,175.0,31.0,425.0,31.0,49.0,83.0,7.0,ate@13f79535-47bb-0310-9956-ffa450edef68,1,0.025,12.0,0.0,0.0,0.0,457.6,2511.9257693169475,1,1,0.08701137698962981,false
components/jetspeed-security/src/main/java/org/apache/jetspeed/security/spi/impl/UserPasswordCredentialManagerImpl.java,74.0,8.0,0.0,5.0,19.0,17.0,1.0,taylor@13f79535-47bb-0310-9956-ffa450edef68,1,0.025,33.0,33.0,33.0,0.0,457.6,2511.9257693169475,1,0,0.08701137698962981,true
components/jetspeed-security/src/test/java/org/apache/jetspeed/security/AbstractSecurityTestcase.java,119.0,11.0,20.0,8.0,33.0,23.0,7.0,taylor@13f79535-47bb-0310-9956-ffa450edef68,1,0.025,14.0,0.0,0.0,0.0,457.6,2511.9257693169475,1,1,0.08701137698962981,false
components/jetspeed-security/src/test/java/org/apache/jetspeed/security/stubs/StubPortletPreferences.java,59.0,14.0,276.0,24.0,0.0,40.0,7.0,taylor@13f79535-47bb-0310-9956-ffa450edef68,1,0.025,100.0,0.0,0.0,0.0,457.6,2511.9257693169475,1,0,0.08701137698962981,false
components/jetspeed-sso/src/test/java/org/apache/jetspeed/sso/StubPortletPreferences.java,59.0,14.0,276.0,24.0,0.0,40.0,7.0,taylor@13f79535-47bb-0310-9956-ffa450edef68,1,0.025,100.0,0.0,0.0,0.0,457.6,2511.9257693169475,1,0,0.08701137698962981,false
jetspeed-api/src/main/java/org/apache/jetspeed/components/portletpreferences/PortletPreferencesProvider.java,123.0,9.0,190.0,20.0,0.0,44.0,1.0,taylor@13f79535-47bb-0310-9956-ffa450edef68,1,0.025,7.0,0.0,0.0,0.0,457.6,2511.9257693169475,1,3,0.08701137698962981,false
jetspeed-api/src/main/java/org/apache/jetspeed/mockobjects/MockHttpServletRequest.java,206.0,21.0,2209.0,67.0,0.0,139.0,9.0,taylor@13f79535-47bb-0310-9956-ffa450edef68,1,0.025,25.0,0.0,0.0,0.0,457.6,2511.9257693169475,1,1,0.08701137698962981,false
