name,LOC,CBO,LCOM,NOM,RFC,WMC,ACS,Ownership,numOfChanges,numberOfFIChanges,ENH,NF,BugFixing,REF,structuralWorkloadSum,semanticWorkloadSum,numberOfDeveloper,pastFaults,MAF,isBuggy
sandbox/plan-parser/src/main/java/org/apache/drill/plan/ParsePlan.java,58.0,14.0,6.0,4.0,18.0,13.0,14.0,sphillips@maprtech.com,1,0.0,0.0,0.0,0.0,0.0,252.53333333333333,1880.0217314859601,1,0,0.24512245803298496,false
sandbox/plan-parser/src/main/java/org/apache/drill/plan/PhysicalInterpreter.java,32.0,16.0,1.0,3.0,20.0,8.0,14.0,tdunning@apache.org,1,0.0,0.0,0.0,0.0,0.0,252.53333333333333,1880.0217314859601,1,0,0.24512245803298496,false
sandbox/plan-parser/src/main/java/org/apache/drill/plan/ast/Arg.java,90.0,1.0,21.0,7.0,6.0,14.0,15.0,sphillips@maprtech.com,1,0.0,0.0,0.0,0.0,0.0,252.53333333333333,1880.0217314859601,1,0,0.24512245803298496,false
sandbox/plan-parser/src/main/java/org/apache/drill/plan/ast/LogicalPlanParseException.java,8.0,0.0,0.0,1.0,0.0,1.0,12.0,sphillips@maprtech.com,1,0.0,0.0,0.0,0.0,0.0,252.53333333333333,1880.0217314859601,1,0,0.24512245803298496,false
sandbox/plan-parser/src/main/java/org/apache/drill/plan/ast/Op.java,24.0,1.0,0.0,4.0,0.0,8.0,12.0,sphillips@maprtech.com,1,0.0,0.0,0.0,0.0,0.0,252.53333333333333,1880.0217314859601,1,0,0.24512245803298496,false
sandbox/plan-parser/src/main/java/org/apache/drill/plan/ast/Plan.java,33.0,5.0,0.0,4.0,7.0,10.0,15.0,sphillips@maprtech.com,1,0.0,0.0,0.0,0.0,0.0,252.53333333333333,1880.0217314859601,1,0,0.24512245803298496,false
sandbox/plan-parser/src/main/java/org/apache/drill/plan/physical/operators/ArithmeticOp.java,108.0,4.0,13.0,6.0,18.0,14.0,14.0,tdunning@apache.org,1,0.0,0.0,0.0,0.0,0.0,252.53333333333333,1880.0217314859601,1,0,0.24512245803298496,false
sandbox/plan-parser/src/main/java/org/apache/drill/plan/physical/operators/Bind.java,22.0,4.0,4.0,4.0,14.0,5.0,14.0,tdunning@apache.org,1,0.0,0.0,0.0,0.0,0.0,252.53333333333333,1880.0217314859601,1,0,0.24512245803298496,false
sandbox/plan-parser/src/main/java/org/apache/drill/plan/physical/operators/ConstantOp.java,14.0,2.0,1.0,3.0,0.0,4.0,13.0,sphillips@maprtech.com,1,0.0,0.0,0.0,0.0,0.0,252.53333333333333,1880.0217314859601,1,0,0.24512245803298496,false
sandbox/plan-parser/src/main/java/org/apache/drill/plan/physical/operators/DataListener.java,6.0,0.0,0.0,1.0,0.0,2.0,16.0,sphillips@maprtech.com,1,0.0,0.0,0.0,0.0,0.0,252.53333333333333,1880.0217314859601,1,0,0.24512245803298496,false
sandbox/plan-parser/src/main/java/org/apache/drill/plan/physical/operators/EvalOperator.java,9.0,0.0,1.0,2.0,0.0,3.0,16.0,sphillips@maprtech.com,1,0.0,0.0,0.0,0.0,0.0,252.53333333333333,1880.0217314859601,1,0,0.24512245803298496,false
sandbox/plan-parser/src/main/java/org/apache/drill/plan/physical/operators/Filter.java,46.0,4.0,4.0,5.0,20.0,14.0,47.0,sphillips@maprtech.com,1,0.0,0.0,0.0,0.0,0.0,252.53333333333333,1880.0217314859601,1,0,0.24512245803298496,false
sandbox/plan-parser/src/main/java/org/apache/drill/plan/physical/operators/InvalidData.java,11.0,0.0,1.0,2.0,1.0,3.0,16.0,sphillips@maprtech.com,1,0.0,0.0,0.0,0.0,0.0,252.53333333333333,1880.0217314859601,1,0,0.24512245803298496,false
sandbox/plan-parser/src/main/java/org/apache/drill/plan/physical/operators/Operator.java,53.0,9.0,32.0,9.0,14.0,23.0,12.0,tdunning@apache.org,1,0.0,0.0,0.0,0.0,0.0,252.53333333333333,1880.0217314859601,1,0,0.24512245803298496,false
sandbox/plan-parser/src/main/java/org/apache/drill/plan/physical/operators/ScanJson.java,68.0,16.0,9.0,7.0,15.0,16.0,10.0,tdunning@apache.org,1,0.0,0.0,0.0,0.0,0.0,252.53333333333333,1880.0217314859601,1,0,0.24512245803298496,false
sandbox/plan-parser/src/main/java/org/apache/drill/plan/physical/operators/Schema.java,6.0,0.0,0.0,1.0,0.0,1.0,16.0,sphillips@maprtech.com,1,0.0,0.0,0.0,0.0,0.0,252.53333333333333,1880.0217314859601,1,0,0.24512245803298496,false
sandbox/plan-parser/src/main/java/org/apache/drill/plan/physical/operators/SchemaListener.java,6.0,0.0,0.0,1.0,0.0,2.0,16.0,sphillips@maprtech.com,1,0.0,0.0,0.0,0.0,0.0,252.53333333333333,1880.0217314859601,1,0,0.24512245803298496,false
sandbox/plan-parser/src/test/java/org/apache/drill/plan/ParsePlanTest.java,68.0,16.0,21.0,7.0,47.0,22.0,10.0,tdunning@apache.org,1,0.0,0.0,0.0,33.0,0.0,252.53333333333333,1880.0217314859601,1,0,0.24512245803298496,false
sandbox/plan-parser/src/test/java/org/apache/drill/plan/physical/operators/ScanJsonTest.java,6.0,4.0,0.0,1.0,4.0,2.0,16.0,sphillips@maprtech.com,1,0.0,0.0,0.0,0.0,0.0,252.53333333333333,1880.0217314859601,1,0,0.24512245803298496,false
