name,LOC,CBO,LCOM,NOM,RFC,WMC,ACS,Ownership,numOfChanges,numberOfFIChanges,ENH,NF,BugFixing,REF,structuralWorkloadSum,semanticWorkloadSum,numberOfDeveloper,pastFaults,MAF,isBuggy
sandbox/plan-parser/src/main/java/org/apache/drill/plan/ParsePlan.java,77.0,14.0,6.0,4.0,18.0,14.0,158.0,sphillips@maprtech.com,0,0.0,0.0,0.0,0.0,0.0,0.0,0.0,0,0,0.0,false
sandbox/plan-parser/src/main/java/org/apache/drill/plan/PhysicalInterpreter.java,92.0,18.0,8.0,5.0,26.0,16.0,0.0,tdunning@apache.org,0,0.0,0.0,0.0,0.0,0.0,0.0,0.0,0,0,0.0,false
sandbox/plan-parser/src/main/java/org/apache/drill/plan/json/Consumer.java,16.0,4.0,10.0,5.0,0.0,10.0,0.0,sphillips@maprtech.com,0,0.0,0.0,0.0,0.0,0.0,0.0,0.0,0,0,0.0,false
sandbox/plan-parser/src/main/java/org/apache/drill/plan/json/Explode.java,23.0,5.0,0.0,2.0,11.0,6.0,0.0,sphillips@maprtech.com,0,0.0,0.0,0.0,0.0,0.0,0.0,0.0,0,0,0.0,false
sandbox/plan-parser/src/main/java/org/apache/drill/plan/json/Expression.java,46.0,10.0,0.0,2.0,13.0,10.0,0.0,sphillips@maprtech.com,0,0.0,0.0,0.0,0.0,0.0,0.0,0.0,0,0,0.0,false
sandbox/plan-parser/src/main/java/org/apache/drill/plan/json/Filter.java,15.0,7.0,0.0,3.0,2.0,7.0,176.0,sphillips@maprtech.com,0,0.0,0.0,0.0,0.0,0.0,0.0,0.0,0,0,0.0,false
sandbox/plan-parser/src/main/java/org/apache/drill/plan/json/GroupBy.java,31.0,6.0,0.0,6.0,8.0,11.0,0.0,sphillips@maprtech.com,0,0.0,0.0,0.0,0.0,0.0,0.0,0.0,0,0,0.0,false
sandbox/plan-parser/src/main/java/org/apache/drill/plan/json/MapTuple.java,28.0,4.0,1.0,2.0,6.0,4.0,0.0,sphillips@maprtech.com,0,0.0,0.0,0.0,0.0,0.0,0.0,0.0,0,0,0.0,false
sandbox/plan-parser/src/main/java/org/apache/drill/plan/json/ScalarAggregate.java,45.0,5.0,0.0,3.0,7.0,8.0,0.0,sphillips@maprtech.com,0,0.0,0.0,0.0,0.0,0.0,0.0,0.0,0,0,0.0,false
sandbox/plan-parser/src/main/java/org/apache/drill/plan/json/Scan.java,58.0,11.0,16.0,8.0,9.0,24.0,130.0,sphillips@maprtech.com,0,0.0,0.0,0.0,0.0,0.0,0.0,0.0,0,0,0.0,false
sandbox/plan-parser/src/main/java/org/apache/drill/plan/json/Sequence.java,41.0,7.0,0.0,7.0,14.0,17.0,131.0,sphillips@maprtech.com,0,0.0,0.0,0.0,0.0,0.0,0.0,0.0,0,0,0.0,false
sandbox/plan-parser/src/main/java/org/apache/drill/plan/json/SetValue.java,28.0,12.0,0.0,3.0,8.0,8.0,0.0,sphillips@maprtech.com,0,0.0,0.0,0.0,0.0,0.0,0.0,0.0,0,0,0.0,false
sandbox/plan-parser/src/main/java/org/apache/drill/plan/json/SingleObjectCatcher.java,17.0,1.0,0.0,2.0,0.0,6.0,0.0,sphillips@maprtech.com,0,0.0,0.0,0.0,0.0,0.0,0.0,0.0,0,0,0.0,false
sandbox/plan-parser/src/main/java/org/apache/drill/plan/json/Tuple.java,5.0,1.0,0.0,0.0,0.0,0.0,0.0,sphillips@maprtech.com,0,0.0,0.0,0.0,0.0,0.0,0.0,0.0,0,0,0.0,false
sandbox/plan-parser/src/main/java/org/apache/drill/plan/json/Utils.java,24.0,4.0,0.0,1.0,6.0,6.0,0.0,sphillips@maprtech.com,0,0.0,0.0,0.0,0.0,0.0,0.0,0.0,0,0,0.0,false
sandbox/plan-parser/src/main/java/org/apache/drill/plan/physical/operators/ArithmeticOp.java,106.0,4.0,13.0,6.0,11.0,14.0,0.0,tdunning@apache.org,0,0.0,0.0,0.0,0.0,0.0,0.0,0.0,0,0,0.0,false
sandbox/plan-parser/src/main/java/org/apache/drill/plan/physical/operators/BatchListener.java,6.0,0.0,0.0,1.0,0.0,1.0,0.0,sphillips@maprtech.com,0,0.0,0.0,0.0,0.0,0.0,0.0,0.0,0,0,0.0,false
sandbox/plan-parser/src/main/java/org/apache/drill/plan/physical/operators/Bind.java,20.0,2.0,4.0,4.0,8.0,5.0,0.0,tdunning@apache.org,0,0.0,0.0,0.0,0.0,0.0,0.0,0.0,0,0,0.0,false
sandbox/plan-parser/src/main/java/org/apache/drill/plan/physical/operators/EvalOperator.java,15.0,2.0,6.0,4.0,0.0,5.0,0.0,sphillips@maprtech.com,0,0.0,0.0,0.0,0.0,0.0,0.0,0.0,0,0,0.0,false
sandbox/plan-parser/src/main/java/org/apache/drill/plan/physical/operators/Explode.java,31.0,4.0,6.0,5.0,12.0,8.0,0.0,sphillips@maprtech.com,0,0.0,0.0,0.0,0.0,0.0,0.0,0.0,0,0,0.0,false
sandbox/plan-parser/src/main/java/org/apache/drill/plan/physical/operators/Implode.java,38.0,5.0,13.0,7.0,12.0,10.0,0.0,sphillips@maprtech.com,0,0.0,0.0,0.0,0.0,0.0,0.0,0.0,0,0,0.0,false
sandbox/plan-parser/src/main/java/org/apache/drill/plan/physical/operators/JsonSchema.java,66.0,6.0,21.0,7.0,16.0,24.0,0.0,sphillips@maprtech.com,0,0.0,0.0,0.0,0.0,0.0,0.0,0.0,0,0,0.0,false
sandbox/plan-parser/src/main/java/org/apache/drill/plan/physical/operators/Operator.java,78.0,9.0,99.0,15.0,24.0,33.0,0.0,tdunning@apache.org,0,0.0,0.0,0.0,0.0,0.0,0.0,0.0,0,0,0.0,false
sandbox/plan-parser/src/main/java/org/apache/drill/plan/physical/operators/ScanJson.java,51.0,14.0,9.0,7.0,20.0,17.0,141.0,tdunning@apache.org,0,0.0,0.0,0.0,0.0,0.0,0.0,0.0,0,0,0.0,false
sandbox/plan-parser/src/main/java/org/apache/drill/plan/physical/operators/Schema.java,10.0,0.0,10.0,5.0,0.0,5.0,0.0,sphillips@maprtech.com,0,0.0,0.0,0.0,0.0,0.0,0.0,0.0,0,0,0.0,false
sandbox/plan-parser/src/test/java/org/apache/drill/plan/ParsePlanTest.java,68.0,15.0,21.0,7.0,47.0,22.0,0.0,tdunning@apache.org,0,0.0,0.0,0.0,0.0,0.0,0.0,0.0,0,2,0.0,false
sandbox/plan-parser/src/test/java/org/apache/drill/plan/PhysicalInterpreterTest.java,13.0,2.0,3.0,3.0,4.0,6.0,0.0,sphillips@maprtech.com,0,0.0,0.0,0.0,0.0,0.0,0.0,0.0,0,0,0.0,false
sandbox/plan-parser/src/test/java/org/apache/drill/plan/json/ExplodeTest.java,14.0,9.0,1.0,2.0,9.0,3.0,0.0,sphillips@maprtech.com,0,0.0,0.0,0.0,0.0,0.0,0.0,0.0,0,0,0.0,false
sandbox/plan-parser/src/test/java/org/apache/drill/plan/json/FilterTest.java,10.0,7.0,0.0,1.0,5.0,2.0,0.0,sphillips@maprtech.com,0,0.0,0.0,0.0,0.0,0.0,0.0,0.0,0,0,0.0,false
sandbox/plan-parser/src/test/java/org/apache/drill/plan/json/ScanTest.java,13.0,5.0,0.0,1.0,3.0,2.0,0.0,sphillips@maprtech.com,0,0.0,0.0,0.0,0.0,0.0,0.0,0.0,0,0,0.0,false
sandbox/plan-parser/src/test/java/org/apache/drill/plan/json/TestUtils.java,18.0,9.0,1.0,2.0,11.0,6.0,2.0,sphillips@maprtech.com,0,0.0,0.0,0.0,0.0,0.0,0.0,0.0,0,0,0.0,false
sandbox/plan-parser/src/test/java/org/apache/drill/plan/json/TupleCollector.java,12.0,3.0,0.0,2.0,1.0,4.0,0.0,sphillips@maprtech.com,0,0.0,0.0,0.0,0.0,0.0,0.0,0.0,0,0,0.0,false
sandbox/prototype/common/src/main/java/com/google/protobuf/WireFormatProxy.java,7.0,0.0,1.0,2.0,1.0,3.0,158.0,jacques@apache.org,1,0.0,0.0,0.0,0.0,0.0,1758.2585034013605,29558.65603156872,1,0,1.0986122886681098,false
sandbox/prototype/common/src/main/java/org/apache/drill/common/config/CommonConstants.java,8.0,0.0,0.0,0.0,0.0,0.0,93.0,jacques@apache.org,2,0.0032310177705977385,67.0,67.0,33.0,33.0,4600.307007786429,114041.98633317077,2,0,0.4054651081081645,false
sandbox/prototype/common/src/main/java/org/apache/drill/common/config/ConfigProvider.java,3.0,1.0,0.0,1.0,0.0,1.0,105.0,jacques@apache.org,1,0.0016155088852988692,50.0,50.0,50.0,0.0,1127.5483870967741,19360.69473656215,1,0,1.0986122886681098,false
sandbox/prototype/common/src/main/java/org/apache/drill/common/config/DrillConfig.java,39.0,15.0,6.0,5.0,16.0,12.0,87.0,jacques@apache.org,3,0.004846526655896607,38.0,50.0,25.0,12.0,4728.8524623318835,114203.64889250143,3,0,0.4534121201834611,false
sandbox/prototype/common/src/main/java/org/apache/drill/common/config/NestedConfig.java,127.0,10.0,0.0,41.0,37.0,80.0,59.0,davidralves@gmail.com,2,0.0032310177705977385,67.0,67.0,67.0,0.0,1256.0938416422287,19522.357295892798,2,0,0.9547712524422193,false
sandbox/prototype/common/src/main/java/org/apache/drill/common/exceptions/DrillError.java,18.0,0.0,10.0,5.0,0.0,5.0,158.0,jacques@apache.org,1,0.0,0.0,0.0,0.0,0.0,1758.2585034013605,29558.65603156872,1,0,1.0986122886681098,false
sandbox/prototype/common/src/main/java/org/apache/drill/common/exceptions/DrillException.java,18.0,0.0,10.0,5.0,0.0,5.0,158.0,jacques@apache.org,1,0.0,0.0,0.0,0.0,0.0,1758.2585034013605,29558.65603156872,1,0,1.0986122886681098,false
sandbox/prototype/common/src/main/java/org/apache/drill/common/exceptions/DrillRuntimeException.java,18.0,0.0,10.0,5.0,0.0,5.0,158.0,jacques@apache.org,1,0.0,0.0,0.0,0.0,0.0,1758.2585034013605,29558.65603156872,1,0,1.0986122886681098,false
sandbox/prototype/common/src/main/java/org/apache/drill/common/exceptions/ExpressionParsingException.java,18.0,0.0,10.0,5.0,0.0,5.0,131.0,jacques@apache.org,2,0.0016155088852988692,33.0,33.0,33.0,0.0,2885.8068904981346,48919.35076813087,2,0,0.4054651081081645,false
sandbox/prototype/common/src/main/java/org/apache/drill/common/exceptions/LogicalOperatorValidationException.java,18.0,0.0,10.0,5.0,0.0,5.0,105.0,jacques@apache.org,1,0.0016155088852988692,50.0,50.0,50.0,0.0,1127.5483870967741,19360.69473656215,1,0,1.0986122886681098,false
sandbox/prototype/common/src/main/java/org/apache/drill/common/exceptions/LogicalPlanParsingException.java,39.0,4.0,19.0,7.0,7.0,10.0,105.0,jacques@apache.org,1,0.0016155088852988692,50.0,50.0,50.0,0.0,1127.5483870967741,19360.69473656215,1,0,1.0986122886681098,false
sandbox/prototype/common/src/main/java/org/apache/drill/common/expression/Arg.java,31.0,2.0,0.0,5.0,5.0,9.0,158.0,jacques@apache.org,2,0.0,0.0,0.0,0.0,0.0,2087.430917194464,31424.519458971376,2,0,1.0986122886681098,false
sandbox/prototype/common/src/main/java/org/apache/drill/common/expression/ArgumentValidator.java,7.0,1.0,1.0,2.0,0.0,2.0,158.0,jacques@apache.org,2,0.0,0.0,0.0,0.0,0.0,2087.430917194464,31424.519458971376,2,0,1.0986122886681098,false
sandbox/prototype/common/src/main/java/org/apache/drill/common/expression/ArgumentValidators.java,105.0,7.0,0.0,0.0,0.0,0.0,131.0,jacques@apache.org,3,0.0016155088852988692,17.0,17.0,17.0,0.0,3214.979304291238,50785.214195533525,3,0,0.4054651081081645,false
sandbox/prototype/common/src/main/java/org/apache/drill/common/expression/BasicArgumentValidator.java,27.0,2.0,0.0,5.0,4.0,10.0,158.0,jacques@apache.org,2,0.0,0.0,0.0,0.0,0.0,2087.430917194464,31424.519458971376,2,0,1.0986122886681098,false
sandbox/prototype/common/src/main/java/org/apache/drill/common/expression/CallProvider.java,3.0,0.0,0.0,1.0,0.0,1.0,158.0,jacques@apache.org,1,0.0,0.0,0.0,0.0,0.0,1758.2585034013605,29558.65603156872,1,0,1.0986122886681098,false
sandbox/prototype/common/src/main/java/org/apache/drill/common/expression/ErrorCollector.java,16.0,2.0,21.0,7.0,0.0,7.0,158.0,jacques@apache.org,2,0.0,0.0,0.0,0.0,0.0,2087.430917194464,31424.519458971376,2,0,1.0986122886681098,false
sandbox/prototype/common/src/main/java/org/apache/drill/common/expression/ExpressionFunction.java,44.0,7.0,0.0,1.0,4.0,7.0,158.0,jacquesnadeau@gmail.com,1,0.0,0.0,0.0,0.0,0.0,1758.2585034013605,29558.65603156872,1,0,1.0986122886681098,false
sandbox/prototype/common/src/main/java/org/apache/drill/common/expression/ExpressionValidationError.java,2.0,0.0,0.0,0.0,0.0,0.0,158.0,jacquesnadeau@gmail.com,2,0.0,0.0,0.0,0.0,0.0,2087.430917194464,31424.519458971376,2,0,1.0986122886681098,false
sandbox/prototype/common/src/main/java/org/apache/drill/common/expression/ExpressionValidationException.java,14.0,0.0,6.0,4.0,0.0,4.0,158.0,jacques@apache.org,1,0.0,0.0,0.0,0.0,0.0,1758.2585034013605,29558.65603156872,1,0,1.0986122886681098,false
sandbox/prototype/common/src/main/java/org/apache/drill/common/expression/FieldReference.java,21.0,13.0,0.0,1.0,0.0,1.0,158.0,jacques@apache.org,2,0.0,0.0,0.0,0.0,0.0,2087.430917194464,31424.519458971376,2,0,1.0986122886681098,false
sandbox/prototype/common/src/main/java/org/apache/drill/common/expression/FunctionBase.java,34.0,6.0,0.0,5.0,10.0,11.0,158.0,jacques@apache.org,1,0.0,0.0,0.0,0.0,0.0,1758.2585034013605,29558.65603156872,1,0,1.0986122886681098,false
sandbox/prototype/common/src/main/java/org/apache/drill/common/expression/FunctionCall.java,53.0,5.0,0.0,6.0,10.0,14.0,158.0,jacques@apache.org,2,0.0,0.0,0.0,0.0,0.0,2087.430917194464,31424.519458971376,2,0,1.0986122886681098,false
sandbox/prototype/common/src/main/java/org/apache/drill/common/expression/FunctionDefinition.java,52.0,4.0,2.0,13.0,5.0,24.0,131.0,jacques@apache.org,3,0.0016155088852988692,17.0,17.0,17.0,0.0,3214.979304291238,50785.214195533525,3,0,0.4054651081081645,false
sandbox/prototype/common/src/main/java/org/apache/drill/common/expression/FunctionInstance.java,9.0,1.0,0.0,1.0,0.0,1.0,158.0,jacques@apache.org,1,0.0,0.0,0.0,0.0,0.0,1758.2585034013605,29558.65603156872,1,0,1.0986122886681098,false
sandbox/prototype/common/src/main/java/org/apache/drill/common/expression/FunctionName.java,0.0,0.0,0.0,0.0,0.0,0.0,0.0,jacques@apache.org,0,0.0,0.0,0.0,0.0,0.0,0.0,0.0,0,0,0.0,false
sandbox/prototype/common/src/main/java/org/apache/drill/common/expression/FunctionRegistry.java,47.0,11.0,0.0,4.0,18.0,18.0,131.0,jacques@apache.org,2,0.0016155088852988692,17.0,17.0,17.0,0.0,2885.8068904981346,48919.35076813087,2,0,0.4054651081081645,false
sandbox/prototype/common/src/main/java/org/apache/drill/common/expression/IfExpression.java,53.0,8.0,4.0,5.0,7.0,13.0,158.0,jacques@apache.org,2,0.0,0.0,0.0,0.0,0.0,2087.430917194464,31424.519458971376,2,0,1.0986122886681098,false
sandbox/prototype/common/src/main/java/org/apache/drill/common/expression/LogicalExpression.java,39.0,21.0,6.0,4.0,0.0,4.0,131.0,jacques@apache.org,3,0.0016155088852988692,11.0,11.0,11.0,0.0,3214.979304291238,50785.214195533525,3,0,0.4054651081081645,false
sandbox/prototype/common/src/main/java/org/apache/drill/common/expression/LogicalExpressionBase.java,15.0,4.0,6.0,4.0,3.0,7.0,158.0,jacques@apache.org,2,0.0,0.0,0.0,0.0,0.0,2087.430917194464,31424.519458971376,2,0,1.0986122886681098,false
sandbox/prototype/common/src/main/java/org/apache/drill/common/expression/OutputTypeDeterminer.java,19.0,2.0,0.0,1.0,0.0,1.0,158.0,jacques@apache.org,1,0.0,0.0,0.0,0.0,0.0,1758.2585034013605,29558.65603156872,1,0,1.0986122886681098,false
sandbox/prototype/common/src/main/java/org/apache/drill/common/expression/PathSegment.java,72.0,1.0,28.0,9.0,0.0,14.0,158.0,jacques@apache.org,1,0.0,0.0,0.0,0.0,0.0,1758.2585034013605,29558.65603156872,1,0,1.0986122886681098,false
sandbox/prototype/common/src/main/java/org/apache/drill/common/expression/SchemaPath.java,55.0,4.0,3.0,6.0,9.0,14.0,158.0,jacques@apache.org,2,0.0,0.0,0.0,0.0,0.0,2087.430917194464,31424.519458971376,2,0,1.0986122886681098,false
sandbox/prototype/common/src/main/java/org/apache/drill/common/expression/ValidationError.java,2.0,0.0,0.0,0.0,0.0,0.0,131.0,jacques@apache.org,1,0.0,0.0,0.0,0.0,0.0,1758.2585034013605,29558.65603156872,1,0,1.0986122886681098,false
sandbox/prototype/common/src/main/java/org/apache/drill/common/expression/ValueExpressions.java,102.0,1.0,1.0,3.0,6.0,11.0,158.0,jacques@apache.org,2,0.0,0.0,0.0,0.0,0.0,2087.430917194464,31424.519458971376,2,0,1.0986122886681098,false
sandbox/prototype/common/src/main/java/org/apache/drill/common/expression/aggregate/BasicAggregates.java,2.0,0.0,0.0,0.0,0.0,0.0,0.0,jacques@apache.org,0,0.0,0.0,0.0,0.0,0.0,0.0,0.0,0,0,0.0,false
sandbox/prototype/common/src/main/java/org/apache/drill/common/expression/fn/AggregationFunctions.java,6.0,4.0,0.0,1.0,1.0,2.0,158.0,jacques@apache.org,1,0.0,0.0,0.0,0.0,0.0,1758.2585034013605,29558.65603156872,1,0,1.0986122886681098,false
sandbox/prototype/common/src/main/java/org/apache/drill/common/expression/fn/BooleanFunctions.java,6.0,8.0,0.0,1.0,1.0,3.0,158.0,jacques@apache.org,1,0.0,0.0,0.0,0.0,0.0,1758.2585034013605,29558.65603156872,1,0,1.0986122886681098,false
sandbox/prototype/common/src/main/java/org/apache/drill/common/expression/fn/MathFunctions.java,5.0,4.0,0.0,1.0,1.0,2.0,158.0,jacques@apache.org,1,0.0,0.0,0.0,0.0,0.0,1758.2585034013605,29558.65603156872,1,0,1.0986122886681098,false
sandbox/prototype/common/src/main/java/org/apache/drill/common/expression/fn/StringFunctions.java,5.0,6.0,0.0,1.0,1.0,2.0,158.0,jacques@apache.org,1,0.0,0.0,0.0,0.0,0.0,1758.2585034013605,29558.65603156872,1,0,1.0986122886681098,false
sandbox/prototype/common/src/main/java/org/apache/drill/common/expression/fn/TypeFunctions.java,5.0,4.0,0.0,1.0,1.0,2.0,158.0,jacques@apache.org,1,0.0,0.0,0.0,0.0,0.0,1758.2585034013605,29558.65603156872,1,0,1.0986122886681098,false
sandbox/prototype/common/src/main/java/org/apache/drill/common/expression/fn/UnaryFunctions.java,5.0,6.0,0.0,1.0,1.0,2.0,158.0,jacques@apache.org,1,0.0,0.0,0.0,0.0,0.0,1758.2585034013605,29558.65603156872,1,0,1.0986122886681098,false
sandbox/prototype/common/src/main/java/org/apache/drill/common/expression/types/AtomType.java,29.0,0.0,15.0,7.0,0.0,13.0,158.0,jacques@apache.org,2,0.0,0.0,0.0,0.0,0.0,2087.430917194464,31424.519458971376,2,0,1.0986122886681098,false
sandbox/prototype/common/src/main/java/org/apache/drill/common/expression/types/DataType.java,24.0,0.0,15.0,6.0,0.0,6.0,142.0,jacques@apache.org,2,0.0016155088852988692,14.0,14.0,0.0,14.0,5231.017124091015,124239.94762817735,2,0,0.5362771440493015,false
sandbox/prototype/common/src/main/java/org/apache/drill/common/expression/types/DataTypeFactory.java,4.0,0.0,1.0,2.0,0.0,2.0,158.0,jacques@apache.org,1,0.0,0.0,0.0,0.0,0.0,1758.2585034013605,29558.65603156872,1,0,1.0986122886681098,false
sandbox/prototype/common/src/main/java/org/apache/drill/common/expression/types/LateBindType.java,20.0,0.0,15.0,6.0,0.0,12.0,119.0,jacques@apache.org,2,0.0016155088852988692,33.0,33.0,0.0,33.0,5231.017124091015,124239.94762817735,2,0,0.4054651081081645,false
sandbox/prototype/common/src/main/java/org/apache/drill/common/expression/visitors/AggregateChecker.java,43.0,9.0,36.0,9.0,7.0,24.0,158.0,jacques@apache.org,1,0.0,0.0,0.0,0.0,0.0,1758.2585034013605,29558.65603156872,1,0,1.0986122886681098,false
sandbox/prototype/common/src/main/java/org/apache/drill/common/expression/visitors/ConstantChecker.java,35.0,9.0,36.0,9.0,3.0,21.0,158.0,jacques@apache.org,1,0.0,0.0,0.0,0.0,0.0,1758.2585034013605,29558.65603156872,1,0,1.0986122886681098,false
sandbox/prototype/common/src/main/java/org/apache/drill/common/expression/visitors/ExprVisitor.java,9.0,7.0,21.0,7.0,0.0,8.0,158.0,jacques@apache.org,1,0.0,0.0,0.0,0.0,0.0,1758.2585034013605,29558.65603156872,1,0,1.0986122886681098,false
sandbox/prototype/common/src/main/java/org/apache/drill/common/expression/visitors/OpVisitor.java,5.0,1.0,3.0,3.0,0.0,3.0,119.0,jacques@apache.org,2,0.0016155088852988692,20.0,20.0,0.0,20.0,5231.017124091015,124239.94762817735,2,0,0.4054651081081645,false
sandbox/prototype/common/src/main/java/org/apache/drill/common/logical/JSONOptions.java,56.0,22.0,0.0,4.0,9.0,12.0,106.0,jacques@apache.org,3,0.0032310177705977385,67.0,67.0,33.0,33.0,6358.5655111877895,143600.6423647395,3,0,0.0,false
sandbox/prototype/common/src/main/java/org/apache/drill/common/logical/LogicalPlan.java,74.0,25.0,41.0,11.0,24.0,33.0,91.0,jacques@apache.org,4,0.004846526655896607,25.0,17.0,8.0,8.0,6588.881300661474,144293.50016112567,4,0,-0.08494951839769849,false
sandbox/prototype/common/src/main/java/org/apache/drill/common/logical/OperatorGraph.java,75.0,14.0,4.0,5.0,12.0,16.0,119.0,jacques@apache.org,2,0.0016155088852988692,25.0,25.0,0.0,25.0,5231.017124091015,124239.94762817735,2,0,0.4054651081081645,false
sandbox/prototype/common/src/main/java/org/apache/drill/common/logical/PlanProperties.java,9.0,0.0,0.0,0.0,0.0,0.0,110.0,benjamin.becker@gmail.com,2,0.0032310177705977385,33.0,33.0,17.0,17.0,4600.307007786429,114041.98633317077,2,0,0.4054651081081645,false
sandbox/prototype/common/src/main/java/org/apache/drill/common/logical/StorageEngineConfig.java,3.0,1.0,0.0,1.0,0.0,1.0,93.0,jacques@apache.org,2,0.0032310177705977385,50.0,50.0,25.0,25.0,4600.307007786429,114041.98633317077,2,0,0.4054651081081645,false
sandbox/prototype/common/src/main/java/org/apache/drill/common/logical/StorageEngineConfigBase.java,16.0,5.0,1.0,3.0,3.0,5.0,93.0,jacques@apache.org,2,0.0032310177705977385,50.0,50.0,25.0,25.0,4600.307007786429,114041.98633317077,2,0,0.4054651081081645,false
sandbox/prototype/common/src/main/java/org/apache/drill/common/logical/UnexpectedOperatorType.java,8.0,1.0,1.0,2.0,3.0,2.0,81.0,jacques@apache.org,1,0.0016155088852988692,25.0,25.0,0.0,25.0,3472.758620689655,94681.29159660863,1,0,1.0986122886681098,false
sandbox/prototype/common/src/main/java/org/apache/drill/common/logical/ValidationError.java,17.0,0.0,10.0,5.0,0.0,5.0,131.0,jacquesnadeau@gmail.com,1,0.0016155088852988692,20.0,20.0,20.0,0.0,1127.5483870967741,19360.69473656215,1,0,1.0986122886681098,false
sandbox/prototype/common/src/main/java/org/apache/drill/common/logical/data/CollapsingAggregate.java,25.0,4.0,2.0,5.0,0.0,9.0,105.0,jacques@apache.org,1,0.0016155088852988692,33.0,33.0,33.0,0.0,1127.5483870967741,19360.69473656215,1,0,1.0986122886681098,false
sandbox/prototype/common/src/main/java/org/apache/drill/common/logical/data/Filter.java,9.0,4.0,0.0,2.0,0.0,3.0,176.0,jacquesnadeau@gmail.com,0,0.0,0.0,0.0,0.0,0.0,0.0,0.0,0,0,0.0,false
sandbox/prototype/common/src/main/java/org/apache/drill/common/logical/data/Flatten.java,19.0,5.0,0.0,4.0,0.0,7.0,13.0,jacquesnadeau@gmail.com,1,0.0016155088852988692,0.0,17.0,0.0,17.0,135.06666666666666,277.3488042853254,1,0,2.1972245773362196,false
sandbox/prototype/common/src/main/java/org/apache/drill/common/logical/data/Join.java,41.0,5.0,5.0,7.0,7.0,16.0,56.0,jacquesnadeau@gmail.com,2,0.0016155088852988692,12.0,12.0,12.0,0.0,1456.7208008898776,21226.558163964804,2,0,0.9547712524422193,false
sandbox/prototype/common/src/main/java/org/apache/drill/common/logical/data/JoinCondition.java,20.0,3.0,0.0,4.0,0.0,7.0,105.0,jacques@apache.org,1,0.0016155088852988692,33.0,33.0,33.0,0.0,1127.5483870967741,19360.69473656215,1,0,1.0986122886681098,false
sandbox/prototype/common/src/main/java/org/apache/drill/common/logical/data/Limit.java,15.0,3.0,0.0,3.0,0.0,5.0,0.0,jacques@apache.org,0,0.0,0.0,0.0,0.0,0.0,0.0,0.0,0,0,0.0,false
sandbox/prototype/common/src/main/java/org/apache/drill/common/logical/data/LogicalOperator.java,5.0,8.0,3.0,3.0,0.0,3.0,71.0,jacquesnadeau@gmail.com,5,0.0032310177705977385,20.0,20.0,10.0,10.0,6822.804591647559,145743.85459642747,5,0,-0.07138070829874676,false
sandbox/prototype/common/src/main/java/org/apache/drill/common/logical/data/LogicalOperatorBase.java,39.0,12.0,24.0,9.0,10.0,18.0,114.0,jacquesnadeau@gmail.com,3,0.0032310177705977385,22.0,22.0,11.0,11.0,6358.5655111877895,143600.6423647395,3,0,0.0,false
sandbox/prototype/common/src/main/java/org/apache/drill/common/logical/data/NamedExpression.java,15.0,5.0,0.0,3.0,0.0,5.0,0.0,jacques@apache.org,0,0.0,0.0,0.0,0.0,0.0,0.0,0.0,0,0,0.0,false
sandbox/prototype/common/src/main/java/org/apache/drill/common/logical/data/Order.java,38.0,6.0,2.0,4.0,0.0,6.0,114.0,jacquesnadeau@gmail.com,3,0.0032310177705977385,25.0,25.0,12.0,12.0,6358.5655111877895,143600.6423647395,3,0,0.0,false
sandbox/prototype/common/src/main/java/org/apache/drill/common/logical/data/Project.java,15.0,5.0,0.0,2.0,7.0,6.0,146.0,jacquesnadeau@gmail.com,2,0.0016155088852988692,10.0,10.0,10.0,0.0,2885.8068904981346,48919.35076813087,2,0,0.4054651081081645,false
sandbox/prototype/common/src/main/java/org/apache/drill/common/logical/data/RunningAggregate.java,15.0,4.0,0.0,3.0,0.0,5.0,105.0,jacques@apache.org,1,0.0016155088852988692,33.0,33.0,33.0,0.0,1127.5483870967741,19360.69473656215,1,0,1.0986122886681098,false
sandbox/prototype/common/src/main/java/org/apache/drill/common/logical/data/Scan.java,20.0,5.0,0.0,4.0,0.0,7.0,130.0,jacques@apache.org,3,0.0032310177705977385,20.0,20.0,10.0,10.0,6358.5655111877895,143600.6423647395,3,0,0.0,false
sandbox/prototype/common/src/main/java/org/apache/drill/common/logical/data/Segment.java,15.0,5.0,0.0,3.0,0.0,5.0,105.0,jacques@apache.org,1,0.0016155088852988692,33.0,33.0,33.0,0.0,1127.5483870967741,19360.69473656215,1,0,1.0986122886681098,false
sandbox/prototype/common/src/main/java/org/apache/drill/common/logical/data/Sequence.java,80.0,19.0,3.0,3.0,1.0,5.0,131.0,jacquesnadeau@gmail.com,2,0.0016155088852988692,14.0,14.0,14.0,0.0,2885.8068904981346,48919.35076813087,2,0,0.4054651081081645,false
sandbox/prototype/common/src/main/java/org/apache/drill/common/logical/data/SingleInputOperator.java,14.0,2.0,0.0,2.0,3.0,6.0,6.0,jacquesnadeau@gmail.com,1,0.0,0.0,0.0,0.0,0.0,329.1724137931035,1865.863427402657,1,0,2.1972245773362196,false
sandbox/prototype/common/src/main/java/org/apache/drill/common/logical/data/SinkOperator.java,8.0,0.0,0.0,1.0,2.0,2.0,105.0,jacques@apache.org,1,0.0016155088852988692,25.0,25.0,25.0,0.0,1127.5483870967741,19360.69473656215,1,0,1.0986122886681098,false
sandbox/prototype/common/src/main/java/org/apache/drill/common/logical/data/SourceOperator.java,5.0,0.0,0.0,0.0,0.0,0.0,0.0,jacques@apache.org,0,0.0,0.0,0.0,0.0,0.0,0.0,0.0,0,0,0.0,false
sandbox/prototype/common/src/main/java/org/apache/drill/common/logical/data/Store.java,30.0,6.0,4.0,5.0,4.0,12.0,120.0,jacques@apache.org,2,0.0032310177705977385,50.0,50.0,25.0,25.0,4600.307007786429,114041.98633317077,2,0,0.4054651081081645,false
sandbox/prototype/common/src/main/java/org/apache/drill/common/logical/data/Transform.java,10.0,3.0,0.0,2.0,0.0,5.0,0.0,jacquesnadeau@gmail.com,0,0.0,0.0,0.0,0.0,0.0,0.0,0.0,0,0,0.0,false
sandbox/prototype/common/src/main/java/org/apache/drill/common/logical/data/Union.java,20.0,3.0,0.0,4.0,1.0,7.0,0.0,jacquesnadeau@gmail.com,0,0.0,0.0,0.0,0.0,0.0,0.0,0.0,0,0,0.0,false
sandbox/prototype/common/src/main/java/org/apache/drill/common/logical/data/WindowFrame.java,40.0,4.0,2.0,5.0,0.0,9.0,55.0,null,2,0.0016155088852988692,20.0,20.0,20.0,0.0,1456.7208008898776,21226.558163964804,2,0,0.9547712524422193,false
sandbox/prototype/common/src/main/java/org/apache/drill/common/logical/graph/AdjacencyList.java,64.0,10.0,0.0,10.0,21.0,24.0,106.0,jacques@apache.org,2,0.0016155088852988692,25.0,25.0,0.0,25.0,5231.017124091015,124239.94762817735,2,0,0.4054651081081645,false
sandbox/prototype/common/src/main/java/org/apache/drill/common/logical/graph/Edge.java,15.0,0.0,0.0,3.0,0.0,5.0,81.0,jacques@apache.org,1,0.0016155088852988692,33.0,33.0,0.0,33.0,3472.758620689655,94681.29159660863,1,0,1.0986122886681098,false
sandbox/prototype/common/src/main/java/org/apache/drill/common/logical/graph/GraphAlgos.java,94.0,6.0,0.0,1.0,6.0,4.0,106.0,jacques@apache.org,2,0.0016155088852988692,25.0,25.0,0.0,25.0,5231.017124091015,124239.94762817735,2,0,0.4054651081081645,false
sandbox/prototype/common/src/main/java/org/apache/drill/common/logical/graph/Node.java,22.0,0.0,0.0,5.0,1.0,11.0,119.0,jacques@apache.org,2,0.0016155088852988692,25.0,25.0,0.0,25.0,5231.017124091015,124239.94762817735,2,0,0.4054651081081645,false
sandbox/prototype/common/src/main/java/org/apache/drill/common/util/AbstractDynamicBean.java,37.0,13.0,0.0,4.0,13.0,13.0,105.0,jacques@apache.org,1,0.0016155088852988692,50.0,50.0,50.0,0.0,1127.5483870967741,19360.69473656215,1,0,1.0986122886681098,false
sandbox/prototype/common/src/main/java/org/apache/drill/common/util/FileUtils.java,11.0,6.0,1.0,2.0,5.0,8.0,105.0,jacques@apache.org,1,0.0016155088852988692,50.0,50.0,50.0,0.0,1127.5483870967741,19360.69473656215,1,0,1.0986122886681098,false
sandbox/prototype/common/src/main/java/org/apache/drill/common/util/PathScanner.java,70.0,19.0,21.0,7.0,29.0,27.0,105.0,jacques@apache.org,1,0.0016155088852988692,50.0,50.0,50.0,0.0,1127.5483870967741,19360.69473656215,1,0,1.0986122886681098,false
sandbox/prototype/common/src/test/java/org/apache/drill/ExpressionTest.java,5.0,2.0,0.0,1.0,1.0,1.0,81.0,jacques@apache.org,1,0.0016155088852988692,50.0,50.0,0.0,50.0,3472.758620689655,94681.29159660863,1,0,1.0986122886681098,false
sandbox/prototype/common/src/test/java/org/apache/drill/common/expression/parser/TreeTest.java,16.0,12.0,0.0,1.0,8.0,6.0,0.0,jacques@apache.org,0,0.0,0.0,0.0,0.0,0.0,0.0,0.0,0,0,0.0,false
sandbox/prototype/common/src/test/java/org/apache/drill/storage/CheckStorageConfig.java,10.0,11.0,1.0,2.0,7.0,3.0,105.0,jacques@apache.org,1,0.0016155088852988692,50.0,50.0,50.0,0.0,1127.5483870967741,19360.69473656215,1,0,1.0986122886681098,false
sandbox/prototype/common/src/test/java/org/apache/drill/storage/MockStorageEngineConfig.java,10.0,4.0,0.0,2.0,0.0,3.0,93.0,jacques@apache.org,2,0.0032310177705977385,50.0,50.0,25.0,25.0,4600.307007786429,114041.98633317077,2,0,0.4054651081081645,false
sandbox/prototype/common/src/test/java/org/apache/drill/storage/Simple.java,8.0,3.0,0.0,1.0,5.0,2.0,105.0,jacques@apache.org,1,0.0016155088852988692,33.0,33.0,33.0,0.0,1127.5483870967741,19360.69473656215,1,0,1.0986122886681098,false
sandbox/prototype/contrib/synth-log/src/main/java/org/apache/drill/synth/LogGenerator.java,36.0,5.0,4.0,5.0,7.0,12.0,15.0,jacques@apache.org,1,0.0,0.0,0.0,0.0,0.0,56.0,184.90153572262173,1,0,2.1972245773362196,false
sandbox/prototype/contrib/synth-log/src/main/java/org/apache/drill/synth/LogLine.java,27.0,3.0,1.0,3.0,6.0,5.0,15.0,jacques@apache.org,1,0.0,0.0,0.0,0.0,0.0,56.0,184.90153572262173,1,0,2.1972245773362196,false
sandbox/prototype/contrib/synth-log/src/main/java/org/apache/drill/synth/LongTail.java,30.0,4.0,3.0,6.0,8.0,11.0,15.0,jacques@apache.org,1,0.0,0.0,0.0,0.0,0.0,56.0,184.90153572262173,1,0,2.1972245773362196,false
sandbox/prototype/contrib/synth-log/src/main/java/org/apache/drill/synth/Main.java,37.0,5.0,0.0,1.0,13.0,6.0,10.0,jacques@apache.org,1,0.0016155088852988692,0.0,33.0,0.0,33.0,56.0,184.90153572262173,1,0,2.1972245773362196,false
sandbox/prototype/contrib/synth-log/src/main/java/org/apache/drill/synth/TermGenerator.java,26.0,1.0,0.0,3.0,10.0,7.0,15.0,jacques@apache.org,1,0.0,0.0,0.0,0.0,0.0,56.0,184.90153572262173,1,0,2.1972245773362196,false
sandbox/prototype/contrib/synth-log/src/main/java/org/apache/drill/synth/User.java,35.0,5.0,1.0,6.0,6.0,13.0,15.0,jacques@apache.org,1,0.0,0.0,0.0,0.0,0.0,56.0,184.90153572262173,1,0,2.1972245773362196,false
sandbox/prototype/contrib/synth-log/src/main/java/org/apache/drill/synth/WordGenerator.java,77.0,18.0,0.0,6.0,28.0,23.0,10.0,jacques@apache.org,1,0.0016155088852988692,0.0,33.0,0.0,33.0,56.0,184.90153572262173,1,0,2.1972245773362196,false
sandbox/prototype/contrib/synth-log/src/test/java/org/apache/drill/synth/LogGeneratorTest.java,11.0,1.0,0.0,1.0,2.0,2.0,15.0,jacques@apache.org,1,0.0,0.0,0.0,0.0,0.0,56.0,184.90153572262173,1,0,2.1972245773362196,false
sandbox/prototype/contrib/synth-log/src/test/java/org/apache/drill/synth/TermGeneratorTest.java,48.0,8.0,4.0,4.0,31.0,11.0,15.0,jacques@apache.org,1,0.0,0.0,0.0,0.0,0.0,56.0,184.90153572262173,1,0,2.1972245773362196,false
sandbox/prototype/contrib/synth-log/src/test/java/org/apache/drill/synth/WordGeneratorTest.java,12.0,3.0,0.0,1.0,4.0,2.0,15.0,jacques@apache.org,1,0.0,0.0,0.0,0.0,0.0,56.0,184.90153572262173,1,0,2.1972245773362196,false
sandbox/prototype/exec/ref/src/main/java/org/apache/drill/exec/ref/BasicStatusHandle.java,13.0,2.0,1.0,3.0,3.0,4.0,158.0,jacques@apache.org,1,0.0,0.0,0.0,0.0,0.0,1758.2585034013605,29558.65603156872,1,0,1.0986122886681098,false
sandbox/prototype/exec/ref/src/main/java/org/apache/drill/exec/ref/ExecRefConstants.java,6.0,0.0,0.0,0.0,0.0,0.0,105.0,jacques@apache.org,1,0.0016155088852988692,50.0,50.0,50.0,0.0,1127.5483870967741,19360.69473656215,1,0,1.0986122886681098,false
sandbox/prototype/exec/ref/src/main/java/org/apache/drill/exec/ref/IteratorRegistry.java,33.0,8.0,0.0,5.0,11.0,11.0,131.0,jacques@apache.org,2,0.0016155088852988692,33.0,33.0,33.0,0.0,2885.8068904981346,48919.35076813087,2,0,0.4054651081081645,false
sandbox/prototype/exec/ref/src/main/java/org/apache/drill/exec/ref/ROPConverter.java,97.0,21.0,0.0,5.0,29.0,24.0,95.0,jacques@apache.org,3,0.0032310177705977385,33.0,17.0,17.0,0.0,3116.122679971819,49612.20856451706,3,0,0.2703100720721099,false
sandbox/prototype/exec/ref/src/main/java/org/apache/drill/exec/ref/RecordIterator.java,31.0,2.0,3.0,3.0,0.0,3.0,158.0,jacques@apache.org,1,0.0,0.0,0.0,0.0,0.0,1758.2585034013605,29558.65603156872,1,0,1.0986122886681098,false
sandbox/prototype/exec/ref/src/main/java/org/apache/drill/exec/ref/RecordPointer.java,9.0,5.0,21.0,7.0,0.0,8.0,85.0,jacques@apache.org,2,0.0016155088852988692,0.0,25.0,0.0,25.0,1893.325170068027,29836.004835854044,2,0,0.9547712524422193,false
sandbox/prototype/exec/ref/src/main/java/org/apache/drill/exec/ref/ReferenceInterpreter.java,47.0,14.0,2.0,5.0,13.0,13.0,72.0,null,4,0.0032310177705977385,40.0,20.0,20.0,0.0,3118.122679971819,Infinity,4,0,0.4643566259363563,false
sandbox/prototype/exec/ref/src/main/java/org/apache/drill/exec/ref/ReferenceTransform.java,7.0,1.0,1.0,2.0,0.0,3.0,158.0,jacques@apache.org,1,0.0,0.0,0.0,0.0,0.0,1758.2585034013605,29558.65603156872,1,0,1.0986122886681098,false
sandbox/prototype/exec/ref/src/main/java/org/apache/drill/exec/ref/RunOutcome.java,23.0,0.0,0.0,3.0,0.0,4.0,158.0,jacques@apache.org,1,0.0,0.0,0.0,0.0,0.0,1758.2585034013605,29558.65603156872,1,0,1.0986122886681098,false
sandbox/prototype/exec/ref/src/main/java/org/apache/drill/exec/ref/UnbackedRecord.java,59.0,9.0,0.0,12.0,22.0,26.0,46.0,tnachen@gmail.com,3,0.0016155088852988692,0.0,20.0,0.0,20.0,2222.497583861131,31701.8682632567,3,0,0.8828507343292744,false
sandbox/prototype/exec/ref/src/main/java/org/apache/drill/exec/ref/eval/BaseBasicEvaluator.java,13.0,2.0,0.0,2.0,0.0,3.0,158.0,jacques@apache.org,1,0.0,0.0,0.0,0.0,0.0,1758.2585034013605,29558.65603156872,1,0,1.0986122886681098,false
sandbox/prototype/exec/ref/src/main/java/org/apache/drill/exec/ref/eval/BasicEvaluatorFactory.java,45.0,13.0,15.0,6.0,6.0,11.0,158.0,jacques@apache.org,1,0.0,0.0,0.0,0.0,0.0,1758.2585034013605,29558.65603156872,1,0,1.0986122886681098,false
sandbox/prototype/exec/ref/src/main/java/org/apache/drill/exec/ref/eval/BoundarySubscriber.java,3.0,0.0,0.0,1.0,0.0,1.0,158.0,jacques@apache.org,1,0.0,0.0,0.0,0.0,0.0,1758.2585034013605,29558.65603156872,1,0,1.0986122886681098,false
sandbox/prototype/exec/ref/src/main/java/org/apache/drill/exec/ref/eval/EvaluatorFactory.java,27.0,7.0,6.0,4.0,0.0,8.0,158.0,jacques@apache.org,1,0.0,0.0,0.0,0.0,0.0,1758.2585034013605,29558.65603156872,1,0,1.0986122886681098,false
sandbox/prototype/exec/ref/src/main/java/org/apache/drill/exec/ref/eval/EvaluatorTypes.java,30.0,1.0,0.0,0.0,0.0,0.0,158.0,jacques@apache.org,1,0.0,0.0,0.0,0.0,0.0,1758.2585034013605,29558.65603156872,1,0,1.0986122886681098,false
sandbox/prototype/exec/ref/src/main/java/org/apache/drill/exec/ref/eval/FieldEvaluator.java,15.0,4.0,1.0,3.0,1.0,5.0,158.0,jacques@apache.org,1,0.0,0.0,0.0,0.0,0.0,1758.2585034013605,29558.65603156872,1,0,1.0986122886681098,false
sandbox/prototype/exec/ref/src/main/java/org/apache/drill/exec/ref/eval/IfEvaluator.java,41.0,7.0,0.0,3.0,6.0,13.0,158.0,jacques@apache.org,1,0.0,0.0,0.0,0.0,0.0,1758.2585034013605,29558.65603156872,1,0,1.0986122886681098,false
sandbox/prototype/exec/ref/src/main/java/org/apache/drill/exec/ref/eval/SimpleEvaluationVisitor.java,67.0,30.0,31.0,10.0,18.0,26.0,158.0,jacques@apache.org,1,0.0,0.0,0.0,0.0,0.0,1758.2585034013605,29558.65603156872,1,0,1.0986122886681098,false
sandbox/prototype/exec/ref/src/main/java/org/apache/drill/exec/ref/eval/fn/ComparisonEvaluators.java,71.0,7.0,0.0,1.0,1.0,3.0,83.0,jacques@apache.org,2,0.0,0.0,0.0,0.0,0.0,2087.430917194464,31424.519458971376,2,0,0.9547712524422193,false
sandbox/prototype/exec/ref/src/main/java/org/apache/drill/exec/ref/eval/fn/FunctionArguments.java,48.0,5.0,2.0,8.0,13.0,24.0,158.0,jacques@apache.org,1,0.0,0.0,0.0,0.0,0.0,1758.2585034013605,29558.65603156872,1,0,1.0986122886681098,false
sandbox/prototype/exec/ref/src/main/java/org/apache/drill/exec/ref/eval/fn/FunctionEvaluator.java,0.0,0.0,0.0,0.0,0.0,0.0,158.0,jacques@apache.org,1,0.0,0.0,0.0,0.0,0.0,1758.2585034013605,29558.65603156872,1,0,1.0986122886681098,false
sandbox/prototype/exec/ref/src/main/java/org/apache/drill/exec/ref/eval/fn/FunctionEvaluatorRegistry.java,58.0,16.0,1.0,2.0,5.0,9.0,158.0,jacques@apache.org,1,0.0,0.0,0.0,0.0,0.0,1758.2585034013605,29558.65603156872,1,0,1.0986122886681098,false
sandbox/prototype/exec/ref/src/main/java/org/apache/drill/exec/ref/eval/fn/MathEvaluators.java,60.0,8.0,0.0,0.0,0.0,0.0,158.0,jacques@apache.org,1,0.0,0.0,0.0,0.0,0.0,1758.2585034013605,29558.65603156872,1,0,1.0986122886681098,false
sandbox/prototype/exec/ref/src/main/java/org/apache/drill/exec/ref/eval/fn/StringEvaluators.java,16.0,7.0,0.0,0.0,0.0,0.0,158.0,jacques@apache.org,1,0.0,0.0,0.0,0.0,0.0,1758.2585034013605,29558.65603156872,1,0,1.0986122886681098,false
sandbox/prototype/exec/ref/src/main/java/org/apache/drill/exec/ref/eval/fn/agg/AggregatingWrapperEvaluator.java,21.0,4.0,0.0,4.0,3.0,7.0,158.0,jacques@apache.org,1,0.0,0.0,0.0,0.0,0.0,1758.2585034013605,29558.65603156872,1,0,1.0986122886681098,false
sandbox/prototype/exec/ref/src/main/java/org/apache/drill/exec/ref/eval/fn/agg/CountAggregator.java,32.0,7.0,0.0,4.0,4.0,9.0,158.0,jacques@apache.org,1,0.0,0.0,0.0,0.0,0.0,1758.2585034013605,29558.65603156872,1,0,1.0986122886681098,false
sandbox/prototype/exec/ref/src/main/java/org/apache/drill/exec/ref/eval/fn/agg/SumAggregator.java,64.0,8.0,0.0,5.0,8.0,15.0,158.0,jacques@apache.org,1,0.0,0.0,0.0,0.0,0.0,1758.2585034013605,29558.65603156872,1,0,1.0986122886681098,false
sandbox/prototype/exec/ref/src/main/java/org/apache/drill/exec/ref/exceptions/MajorException.java,18.0,1.0,10.0,5.0,0.0,5.0,158.0,jacques@apache.org,1,0.0,0.0,0.0,0.0,0.0,1758.2585034013605,29558.65603156872,1,0,1.0986122886681098,false
sandbox/prototype/exec/ref/src/main/java/org/apache/drill/exec/ref/exceptions/RecordException.java,18.0,2.0,0.0,4.0,0.0,5.0,158.0,jacques@apache.org,1,0.0,0.0,0.0,0.0,0.0,1758.2585034013605,29558.65603156872,1,0,1.0986122886681098,false
sandbox/prototype/exec/ref/src/main/java/org/apache/drill/exec/ref/exceptions/SetupException.java,18.0,1.0,10.0,5.0,0.0,5.0,149.0,jacques@apache.org,1,0.0,0.0,0.0,0.0,0.0,1758.2585034013605,29558.65603156872,1,0,1.0986122886681098,false
sandbox/prototype/exec/ref/src/main/java/org/apache/drill/exec/ref/rops/AbstractBlockingOperator.java,40.0,4.0,13.0,6.0,4.0,9.0,131.0,jacques@apache.org,2,0.0016155088852988692,33.0,33.0,33.0,0.0,2885.8068904981346,48919.35076813087,2,0,0.4054651081081645,false
sandbox/prototype/exec/ref/src/main/java/org/apache/drill/exec/ref/rops/BaseSinkROP.java,71.0,10.0,19.0,7.0,10.0,21.0,95.0,jacques@apache.org,3,0.0032310177705977385,50.0,25.0,25.0,0.0,3116.122679971819,49612.20856451706,3,0,0.2703100720721099,false
sandbox/prototype/exec/ref/src/main/java/org/apache/drill/exec/ref/rops/BoundaryListener.java,4.0,1.0,1.0,2.0,0.0,2.0,158.0,jacques@apache.org,1,0.0,0.0,0.0,0.0,0.0,1758.2585034013605,29558.65603156872,1,0,1.0986122886681098,false
sandbox/prototype/exec/ref/src/main/java/org/apache/drill/exec/ref/rops/CollapsingAggregateROP.java,165.0,12.0,15.0,7.0,9.0,15.0,105.0,jacques@apache.org,1,0.0016155088852988692,25.0,25.0,25.0,0.0,1127.5483870967741,19360.69473656215,1,0,1.0986122886681098,false
sandbox/prototype/exec/ref/src/main/java/org/apache/drill/exec/ref/rops/DataWriter.java,25.0,1.0,190.0,20.0,0.0,40.0,131.0,jacques@apache.org,2,0.0016155088852988692,33.0,33.0,33.0,0.0,2885.8068904981346,48919.35076813087,2,0,0.4054651081081645,false
sandbox/prototype/exec/ref/src/main/java/org/apache/drill/exec/ref/rops/FilterROP.java,36.0,5.0,4.0,4.0,2.0,5.0,158.0,jacques@apache.org,1,0.0,0.0,0.0,0.0,0.0,1758.2585034013605,29558.65603156872,1,0,1.0986122886681098,false
sandbox/prototype/exec/ref/src/main/java/org/apache/drill/exec/ref/rops/FlattenROP.java,77.0,14.0,4.0,4.0,2.0,5.0,13.0,jacques@apache.org,1,0.0016155088852988692,0.0,33.0,0.0,33.0,135.06666666666666,277.3488042853254,1,0,2.1972245773362196,false
sandbox/prototype/exec/ref/src/main/java/org/apache/drill/exec/ref/rops/JoinROP.java,210.0,17.0,10.0,5.0,6.0,10.0,8.0,jacques@apache.org,1,0.0,0.0,0.0,0.0,0.0,329.1724137931035,1865.863427402657,1,0,2.1972245773362196,false
sandbox/prototype/exec/ref/src/main/java/org/apache/drill/exec/ref/rops/LimitROP.java,40.0,4.0,4.0,4.0,2.0,5.0,3.0,jacques@apache.org,1,0.0,0.0,0.0,0.0,0.0,135.06666666666666,277.3488042853254,1,0,2.1972245773362196,false
sandbox/prototype/exec/ref/src/main/java/org/apache/drill/exec/ref/rops/OrderROP.java,125.0,15.0,0.0,4.0,11.0,9.0,114.0,jacques@apache.org,3,0.0032310177705977385,50.0,50.0,25.0,25.0,6358.5655111877895,143600.6423647395,3,0,0.0,false
sandbox/prototype/exec/ref/src/main/java/org/apache/drill/exec/ref/rops/ProjectROP.java,51.0,8.0,4.0,4.0,6.0,7.0,158.0,jacques@apache.org,1,0.0,0.0,0.0,0.0,0.0,1758.2585034013605,29558.65603156872,1,0,1.0986122886681098,false
sandbox/prototype/exec/ref/src/main/java/org/apache/drill/exec/ref/rops/ProxySimpleRecord.java,31.0,5.0,0.0,9.0,7.0,13.0,85.0,jacques@apache.org,2,0.0016155088852988692,0.0,33.0,0.0,33.0,1893.325170068027,29836.004835854044,2,0,0.9547712524422193,false
sandbox/prototype/exec/ref/src/main/java/org/apache/drill/exec/ref/rops/ROP.java,5.0,3.0,3.0,3.0,0.0,4.0,90.0,jacques@apache.org,2,0.0016155088852988692,33.0,0.0,0.0,0.0,1988.5742928750446,30251.513827954914,2,0,0.8109302162163289,false
sandbox/prototype/exec/ref/src/main/java/org/apache/drill/exec/ref/rops/ROPBase.java,25.0,4.0,19.0,7.0,4.0,16.0,90.0,jacques@apache.org,2,0.0016155088852988692,33.0,0.0,0.0,0.0,1988.5742928750446,30251.513827954914,2,0,0.8109302162163289,false
sandbox/prototype/exec/ref/src/main/java/org/apache/drill/exec/ref/rops/ReferenceOperator.java,4.0,1.0,1.0,2.0,0.0,2.0,158.0,jacques@apache.org,1,0.0,0.0,0.0,0.0,0.0,1758.2585034013605,29558.65603156872,1,0,1.0986122886681098,false
sandbox/prototype/exec/ref/src/main/java/org/apache/drill/exec/ref/rops/ReferenceOperatorBase.java,11.0,1.0,3.0,3.0,1.0,6.0,158.0,jacques@apache.org,1,0.0,0.0,0.0,0.0,0.0,1758.2585034013605,29558.65603156872,1,0,1.0986122886681098,false
sandbox/prototype/exec/ref/src/main/java/org/apache/drill/exec/ref/rops/ScanROP.java,28.0,9.0,0.0,4.0,5.0,9.0,105.0,jacques@apache.org,1,0.0016155088852988692,50.0,50.0,50.0,0.0,1127.5483870967741,19360.69473656215,1,0,1.0986122886681098,false
sandbox/prototype/exec/ref/src/main/java/org/apache/drill/exec/ref/rops/SegmentROP.java,53.0,12.0,4.0,4.0,8.0,6.0,105.0,jacques@apache.org,1,0.0016155088852988692,50.0,50.0,50.0,0.0,1127.5483870967741,19360.69473656215,1,0,1.0986122886681098,false
sandbox/prototype/exec/ref/src/main/java/org/apache/drill/exec/ref/rops/SingleInputROPBase.java,15.0,6.0,3.0,3.0,10.0,7.0,158.0,jacques@apache.org,1,0.0,0.0,0.0,0.0,0.0,1758.2585034013605,29558.65603156872,1,0,1.0986122886681098,false
sandbox/prototype/exec/ref/src/main/java/org/apache/drill/exec/ref/rops/SinkROP.java,7.0,1.0,0.0,1.0,0.0,1.0,158.0,jacques@apache.org,1,0.0,0.0,0.0,0.0,0.0,1758.2585034013605,29558.65603156872,1,0,1.0986122886681098,false
sandbox/prototype/exec/ref/src/main/java/org/apache/drill/exec/ref/rops/StoreROP.java,25.0,6.0,0.0,4.0,5.0,9.0,105.0,jacques@apache.org,1,0.0016155088852988692,50.0,50.0,50.0,0.0,1127.5483870967741,19360.69473656215,1,0,1.0986122886681098,false
sandbox/prototype/exec/ref/src/main/java/org/apache/drill/exec/ref/rops/TransformROP.java,46.0,6.0,4.0,4.0,2.0,8.0,158.0,jacques@apache.org,1,0.0,0.0,0.0,0.0,0.0,1758.2585034013605,29558.65603156872,1,0,1.0986122886681098,false
sandbox/prototype/exec/ref/src/main/java/org/apache/drill/exec/ref/rops/UnionROP.java,33.0,7.0,6.0,4.0,4.0,5.0,158.0,jacques@apache.org,1,0.0,0.0,0.0,0.0,0.0,1758.2585034013605,29558.65603156872,1,0,1.0986122886681098,false
sandbox/prototype/exec/ref/src/main/java/org/apache/drill/exec/ref/rops/WindowingROP.java,28.0,7.0,3.0,3.0,0.0,5.0,82.0,tnachen@gmail.com,2,0.0,0.0,0.0,0.0,0.0,2087.430917194464,31424.519458971376,2,0,0.9547712524422193,false
sandbox/prototype/exec/ref/src/main/java/org/apache/drill/exec/ref/rse/ClasspathRSE.java,39.0,15.0,2.0,4.0,8.0,13.0,86.0,jacques@apache.org,2,0.0032310177705977385,50.0,50.0,25.0,25.0,4600.307007786429,114041.98633317077,2,0,0.4054651081081645,false
sandbox/prototype/exec/ref/src/main/java/org/apache/drill/exec/ref/rse/ConsoleRSE.java,25.0,8.0,3.0,3.0,2.0,5.0,86.0,jacques@apache.org,2,0.0032310177705977385,50.0,50.0,25.0,25.0,4600.307007786429,114041.98633317077,2,0,0.4054651081081645,false
sandbox/prototype/exec/ref/src/main/java/org/apache/drill/exec/ref/rse/FileSystemRSE.java,74.0,21.0,9.0,6.0,14.0,21.0,86.0,jacques@apache.org,2,0.0032310177705977385,50.0,50.0,25.0,25.0,4600.307007786429,114041.98633317077,2,0,0.4054651081081645,false
sandbox/prototype/exec/ref/src/main/java/org/apache/drill/exec/ref/rse/JSONDataWriter.java,68.0,6.0,0.0,22.0,20.0,44.0,105.0,jacques@apache.org,1,0.0016155088852988692,50.0,50.0,50.0,0.0,1127.5483870967741,19360.69473656215,1,0,1.0986122886681098,false
sandbox/prototype/exec/ref/src/main/java/org/apache/drill/exec/ref/rse/JSONRecordReader.java,113.0,25.0,8.0,5.0,34.0,16.0,88.0,jacques@apache.org,1,0.0016155088852988692,50.0,50.0,50.0,0.0,1127.5483870967741,19360.69473656215,1,0,1.0986122886681098,false
sandbox/prototype/exec/ref/src/main/java/org/apache/drill/exec/ref/rse/OutputStreamWriter.java,41.0,7.0,0.0,5.0,6.0,17.0,88.0,jacques@apache.org,1,0.0016155088852988692,50.0,50.0,50.0,0.0,1127.5483870967741,19360.69473656215,1,0,1.0986122886681098,false
sandbox/prototype/exec/ref/src/main/java/org/apache/drill/exec/ref/rse/QueueRSE.java,47.0,15.0,2.0,4.0,5.0,9.0,86.0,jacques@apache.org,2,0.0032310177705977385,40.0,40.0,20.0,20.0,4600.307007786429,114041.98633317077,2,0,0.4054651081081645,false
sandbox/prototype/exec/ref/src/main/java/org/apache/drill/exec/ref/rse/RSEBase.java,26.0,10.0,21.0,7.0,17.0,20.0,88.0,jacques@apache.org,1,0.0016155088852988692,50.0,50.0,50.0,0.0,1127.5483870967741,19360.69473656215,1,0,1.0986122886681098,false
sandbox/prototype/exec/ref/src/main/java/org/apache/drill/exec/ref/rse/RSERegistry.java,43.0,13.0,0.0,3.0,14.0,10.0,88.0,jacques@apache.org,1,0.0016155088852988692,50.0,50.0,50.0,0.0,1127.5483870967741,19360.69473656215,1,0,1.0986122886681098,false
sandbox/prototype/exec/ref/src/main/java/org/apache/drill/exec/ref/rse/RecordReader.java,5.0,1.0,3.0,3.0,0.0,3.0,101.0,jacques@apache.org,1,0.0016155088852988692,50.0,50.0,50.0,0.0,1127.5483870967741,19360.69473656215,1,0,1.0986122886681098,false
sandbox/prototype/exec/ref/src/main/java/org/apache/drill/exec/ref/rse/RecordRecorder.java,6.0,3.0,3.0,3.0,0.0,6.0,101.0,jacques@apache.org,1,0.0016155088852988692,50.0,50.0,50.0,0.0,1127.5483870967741,19360.69473656215,1,0,1.0986122886681098,false
sandbox/prototype/exec/ref/src/main/java/org/apache/drill/exec/ref/rse/ReferenceStorageEngine.java,15.0,5.0,10.0,5.0,0.0,8.0,88.0,jacques@apache.org,1,0.0016155088852988692,50.0,50.0,50.0,0.0,1127.5483870967741,19360.69473656215,1,0,1.0986122886681098,false
sandbox/prototype/exec/ref/src/main/java/org/apache/drill/exec/ref/util/BatchBreaker.java,21.0,1.0,0.0,1.0,0.0,1.0,158.0,jacques@apache.org,1,0.0,0.0,0.0,0.0,0.0,1758.2585034013605,29558.65603156872,1,0,1.0986122886681098,false
sandbox/prototype/exec/ref/src/main/java/org/apache/drill/exec/ref/util/ByteRange.java,10.0,3.0,10.0,5.0,0.0,6.0,158.0,jacques@apache.org,1,0.0,0.0,0.0,0.0,0.0,1758.2585034013605,29558.65603156872,1,0,1.0986122886681098,false
sandbox/prototype/exec/ref/src/main/java/org/apache/drill/exec/ref/values/BaseArrayValue.java,37.0,2.0,36.0,9.0,16.0,16.0,85.0,jacques@apache.org,2,0.0016155088852988692,0.0,20.0,0.0,20.0,1893.325170068027,29836.004835854044,2,0,0.9547712524422193,false
sandbox/prototype/exec/ref/src/main/java/org/apache/drill/exec/ref/values/BaseDataValue.java,42.0,2.0,55.0,11.0,16.0,29.0,92.0,jacques@apache.org,3,0.0032310177705977385,25.0,50.0,25.0,25.0,3020.8735571648012,49196.6995724162,3,0,0.36620409622270333,false
sandbox/prototype/exec/ref/src/main/java/org/apache/drill/exec/ref/values/BaseMapValue.java,59.0,5.0,45.0,10.0,31.0,31.0,85.0,jacques@apache.org,2,0.0016155088852988692,0.0,20.0,0.0,20.0,1893.325170068027,29836.004835854044,2,0,0.9547712524422193,false
sandbox/prototype/exec/ref/src/main/java/org/apache/drill/exec/ref/values/BooleanValue.java,3.0,0.0,0.0,1.0,0.0,1.0,158.0,jacques@apache.org,1,0.0,0.0,0.0,0.0,0.0,1758.2585034013605,29558.65603156872,1,0,1.0986122886681098,false
sandbox/prototype/exec/ref/src/main/java/org/apache/drill/exec/ref/values/BytesValue.java,5.0,0.0,3.0,3.0,0.0,3.0,158.0,jacques@apache.org,1,0.0,0.0,0.0,0.0,0.0,1758.2585034013605,29558.65603156872,1,0,1.0986122886681098,false
sandbox/prototype/exec/ref/src/main/java/org/apache/drill/exec/ref/values/ComparableValue.java,14.0,0.0,1.0,2.0,0.0,6.0,158.0,jacques@apache.org,1,0.0,0.0,0.0,0.0,0.0,1758.2585034013605,29558.65603156872,1,0,1.0986122886681098,false
sandbox/prototype/exec/ref/src/main/java/org/apache/drill/exec/ref/values/ContainerValue.java,4.0,0.0,1.0,2.0,0.0,2.0,158.0,jacques@apache.org,1,0.0,0.0,0.0,0.0,0.0,1758.2585034013605,29558.65603156872,1,0,1.0986122886681098,false
sandbox/prototype/exec/ref/src/main/java/org/apache/drill/exec/ref/values/DataValue.java,16.0,4.0,78.0,13.0,0.0,14.0,85.0,jacques@apache.org,2,0.0016155088852988692,0.0,25.0,0.0,25.0,1893.325170068027,29836.004835854044,2,0,0.9547712524422193,false
sandbox/prototype/exec/ref/src/main/java/org/apache/drill/exec/ref/values/DataValueSet.java,42.0,2.0,0.0,8.0,7.0,14.0,105.0,jacques@apache.org,1,0.0016155088852988692,50.0,50.0,50.0,0.0,1127.5483870967741,19360.69473656215,1,0,1.0986122886681098,false
sandbox/prototype/exec/ref/src/main/java/org/apache/drill/exec/ref/values/NumericValue.java,109.0,8.0,93.0,15.0,43.0,43.0,131.0,jacques@apache.org,2,0.0016155088852988692,25.0,25.0,25.0,0.0,2885.8068904981346,48919.35076813087,2,0,0.4054651081081645,false
sandbox/prototype/exec/ref/src/main/java/org/apache/drill/exec/ref/values/ScalarValues.java,318.0,10.0,0.0,1.0,0.0,1.0,92.0,jacques@apache.org,3,0.0032310177705977385,14.0,29.0,14.0,14.0,3020.8735571648012,49196.6995724162,3,0,0.36620409622270333,false
sandbox/prototype/exec/ref/src/main/java/org/apache/drill/exec/ref/values/SimpleArrayValue.java,88.0,5.0,47.0,14.0,22.0,34.0,85.0,jacques@apache.org,2,0.0016155088852988692,0.0,25.0,0.0,25.0,1893.325170068027,29836.004835854044,2,0,0.9547712524422193,false
sandbox/prototype/exec/ref/src/main/java/org/apache/drill/exec/ref/values/SimpleMapValue.java,55.0,8.0,3.0,10.0,29.0,26.0,85.0,jacques@apache.org,2,0.0016155088852988692,0.0,20.0,0.0,20.0,1893.325170068027,29836.004835854044,2,0,0.9547712524422193,false
sandbox/prototype/exec/ref/src/main/java/org/apache/drill/exec/ref/values/StringValue.java,3.0,0.0,0.0,1.0,0.0,1.0,158.0,jacques@apache.org,1,0.0,0.0,0.0,0.0,0.0,1758.2585034013605,29558.65603156872,1,0,1.0986122886681098,false
sandbox/prototype/exec/ref/src/main/java/org/apache/drill/exec/ref/values/ValueReader.java,38.0,2.0,10.0,5.0,28.0,26.0,158.0,jacques@apache.org,1,0.0,0.0,0.0,0.0,0.0,1758.2585034013605,29558.65603156872,1,0,1.0986122886681098,false
sandbox/prototype/exec/ref/src/main/java/org/apache/drill/exec/ref/values/ValueUtils.java,50.0,4.0,1.0,2.0,13.0,12.0,158.0,jacques@apache.org,1,0.0,0.0,0.0,0.0,0.0,1758.2585034013605,29558.65603156872,1,0,1.0986122886681098,false
sandbox/prototype/exec/ref/src/test/java/org/apache/drill/exec/ref/RunSimplePlan.java,13.0,10.0,0.0,1.0,10.0,2.0,93.0,jacques@apache.org,2,0.0032310177705977385,50.0,50.0,25.0,25.0,4600.307007786429,114041.98633317077,2,0,0.4054651081081645,false
sandbox/prototype/exec/ref/src/test/java/org/apache/drill/exec/ref/TestUtils.java,15.0,6.0,1.0,2.0,4.0,6.0,2.0,jacques@apache.org,1,0.0,0.0,0.0,0.0,0.0,135.06666666666666,277.3488042853254,1,0,2.1972245773362196,false
sandbox/prototype/exec/ref/src/test/java/org/apache/drill/exec/ref/rops/LimitROPTest.java,36.0,8.0,0.0,5.0,25.0,10.0,2.0,jacques@apache.org,1,0.0,0.0,0.0,0.0,0.0,135.06666666666666,277.3488042853254,1,0,2.1972245773362196,false
sandbox/prototype/sqlparser/src/main/java/org/apache/drill/jdbc/DrillDriverVersion.java,11.0,1.0,0.0,1.0,0.0,1.0,22.0,jacques@apache.org,1,0.0016155088852988692,33.0,0.0,0.0,0.0,230.3157894736842,692.8577963861919,1,0,1.9095425048844386,false
sandbox/prototype/sqlparser/src/main/java/org/apache/drill/jdbc/DrillTable.java,39.0,22.0,5.0,6.0,11.0,10.0,63.0,jacques@apache.org,2,0.0032310177705977385,25.0,12.0,12.0,0.0,1357.8641765704583,20053.552532948343,2,0,0.8109302162163289,false
sandbox/prototype/sqlparser/src/main/java/org/apache/drill/jdbc/Driver.java,42.0,12.0,3.0,3.0,0.0,6.0,69.0,jacques@apache.org,3,0.004846526655896607,43.0,29.0,14.0,14.0,4830.622797260114,114734.84412955696,3,0,0.2703100720721099,false
sandbox/prototype/sqlparser/src/main/java/org/apache/drill/optiq/DrillImplementor.java,66.0,7.0,0.0,4.0,12.0,5.0,69.0,jacques@apache.org,3,0.004846526655896607,30.0,20.0,10.0,10.0,4830.622797260114,114734.84412955696,3,0,0.2703100720721099,false
sandbox/prototype/sqlparser/src/main/java/org/apache/drill/optiq/DrillOptiq.java,13.0,2.0,0.0,1.0,1.0,1.0,22.0,jacques@apache.org,1,0.0016155088852988692,20.0,0.0,0.0,0.0,230.3157894736842,692.8577963861919,1,0,1.9095425048844386,false
sandbox/prototype/sqlparser/src/main/java/org/apache/drill/optiq/DrillRel.java,6.0,1.0,0.0,1.0,0.0,1.0,22.0,jacques@apache.org,1,0.0016155088852988692,33.0,0.0,0.0,0.0,230.3157894736842,692.8577963861919,1,0,1.9095425048844386,false
sandbox/prototype/sqlparser/src/main/java/org/apache/drill/optiq/DrillScan.java,24.0,8.0,3.0,3.0,6.0,3.0,69.0,jacques@apache.org,3,0.004846526655896607,38.0,25.0,12.0,12.0,4830.622797260114,114734.84412955696,3,0,0.2703100720721099,false
sandbox/prototype/sqlparser/src/main/java/org/apache/drill/optiq/EnumerableDrill.java,148.0,33.0,58.0,13.0,39.0,53.0,43.0,jacques@apache.org,2,0.0032310177705977385,25.0,12.0,12.0,0.0,1357.8641765704583,20053.552532948343,2,0,1.0027182645175161,false
sandbox/prototype/sqlparser/src/main/java/org/apache/drill/optiq/EnumerableDrillRel.java,33.0,15.0,10.0,5.0,12.0,11.0,22.0,jacques@apache.org,1,0.0016155088852988692,14.0,0.0,0.0,0.0,230.3157894736842,692.8577963861919,1,0,1.9095425048844386,false
sandbox/prototype/sqlparser/src/main/java/org/apache/drill/optiq/EnumerableDrillRule.java,19.0,4.0,3.0,3.0,5.0,6.0,22.0,jacques@apache.org,1,0.0016155088852988692,20.0,0.0,0.0,0.0,230.3157894736842,692.8577963861919,1,0,1.9095425048844386,false
sandbox/prototype/sqlparser/src/test/java/org/apache/drill/jdbc/test/JdbcTest.java,55.0,2.0,10.0,5.0,22.0,17.0,12.0,jacques@apache.org,1,0.0016155088852988692,9.0,0.0,0.0,0.0,230.3157894736842,692.8577963861919,1,0,1.9095425048844386,false
sandbox/query-parser/src/main/java/org/apache/drill/parsers/DrqlParser.java,66.0,1.0,0.0,1.0,0.0,1.0,0.0,sphillips@maprtech.com,0,0.0,0.0,0.0,0.0,0.0,0.0,0.0,0,0,0.0,false
sandbox/query-parser/src/main/java/org/apache/drill/parsers/impl/drqlantlr/AntlrParser.java,612.0,17.0,231.0,22.0,126.0,66.0,0.0,sphillips@maprtech.com,0,0.0,0.0,0.0,0.0,0.0,0.0,0.0,0,0,0.0,false
sandbox/query-parser/src/main/java/org/apache/drill/parsers/impl/drqlantlr/AstNode.java,13.0,2.0,1.0,2.0,0.0,3.0,0.0,sphillips@maprtech.com,0,0.0,0.0,0.0,0.0,0.0,0.0,0.0,0,0,0.0,false
sandbox/query-parser/src/main/java/org/apache/drill/parsers/impl/drqlantlr/SemanticModel.java,160.0,5.0,35.0,10.0,4.0,23.0,0.0,sphillips@maprtech.com,0,0.0,0.0,0.0,0.0,0.0,0.0,0.0,0,0,0.0,false
sandbox/query-parser/src/test/java/org/apache/drill/parsers/DrqlParserAstTest.java,40.0,12.0,6.0,4.0,28.0,10.0,0.0,sphillips@maprtech.com,0,0.0,0.0,0.0,0.0,0.0,0.0,0.0,0,0,0.0,false
sandbox/query-parser/src/test/java/org/apache/drill/parsers/DrqlParserTest.java,301.0,15.0,136.0,17.0,201.0,29.0,0.0,sphillips@maprtech.com,0,0.0,0.0,0.0,0.0,0.0,0.0,0.0,0,0,0.0,false
