name,LOC,CBO,LCOM,NOM,RFC,WMC,ACS,Ownership,numOfChanges,numberOfFIChanges,ENH,NF,BugFixing,REF,structuralWorkloadSum,semanticWorkloadSum,numberOfDeveloper,pastFaults,MAF,isBuggy
sandbox/prototype/common/src/main/java/org/apache/drill/common/JSONOptions.java,54.0,19.0,0.0,6.0,12.0,17.0,892.0,jacques@apache.org,2,0.0,0.0,0.0,0.0,20.0,27531.477053951196,2148076.336821861,2,1,1.526410620269059,false
sandbox/prototype/common/src/main/java/org/apache/drill/common/defs/OrderDef.java,21.0,6.0,2.0,5.0,2.0,9.0,1245.0,jacques@apache.org,1,3.8955979742890534E-4,33.0,0.0,0.0,33.0,26686.143720617863,2143793.060959792,1,0,1.0116009116784799,false
sandbox/prototype/common/src/main/java/org/apache/drill/common/expression/Arg.java,48.0,7.0,0.0,7.0,13.0,14.0,1030.0,jacques@apache.org,1,3.8955979742890534E-4,17.0,17.0,17.0,33.0,26686.143720617863,2143793.060959792,1,0,1.0116009116784799,false
sandbox/prototype/common/src/main/java/org/apache/drill/common/expression/ExpressionStringBuilder.java,74.0,7.0,21.0,7.0,20.0,27.0,1078.0,benjamin.becker@gmail.com,2,0.0,0.0,0.0,33.0,33.0,27668.979541513385,2146771.9840367152,2,0,0.7856083498069514,false
sandbox/prototype/common/src/main/java/org/apache/drill/common/expression/ExpressionValidator.java,45.0,9.0,28.0,8.0,10.0,28.0,1436.0,jacques@apache.org,1,0.0,0.0,0.0,0.0,33.0,26686.143720617863,2143793.060959792,1,0,1.0116009116784799,false
sandbox/prototype/common/src/main/java/org/apache/drill/common/expression/FieldReference.java,37.0,14.0,4.0,4.0,0.0,7.0,885.0,jacques@apache.org,1,3.8955979742890534E-4,22.0,0.0,11.0,11.0,26686.143720617863,2143793.060959792,1,0,1.0116009116784799,false
sandbox/prototype/common/src/main/java/org/apache/drill/common/expression/FunctionCall.java,34.0,6.0,0.0,7.0,8.0,15.0,1096.0,jacques@apache.org,1,0.0,17.0,17.0,17.0,17.0,26686.143720617863,2143793.060959792,1,0,1.0116009116784799,false
sandbox/prototype/common/src/main/java/org/apache/drill/common/expression/FunctionRegistry.java,48.0,11.0,0.0,4.0,18.0,18.0,1436.0,jacques@apache.org,1,0.0,0.0,0.0,0.0,17.0,26686.143720617863,2143793.060959792,1,2,1.0116009116784799,false
sandbox/prototype/common/src/main/java/org/apache/drill/common/expression/IfExpression.java,68.0,14.0,5.0,6.0,7.0,16.0,1090.0,jacques@apache.org,1,3.8955979742890534E-4,14.0,0.0,0.0,14.0,26686.143720617863,2143793.060959792,1,0,1.0116009116784799,false
sandbox/prototype/common/src/main/java/org/apache/drill/common/expression/LogicalExpression.java,39.0,21.0,3.0,3.0,0.0,4.0,1090.0,jacques@apache.org,1,3.8955979742890534E-4,11.0,0.0,0.0,11.0,26686.143720617863,2143793.060959792,1,1,1.0116009116784799,false
sandbox/prototype/common/src/main/java/org/apache/drill/common/expression/OutputTypeDeterminer.java,31.0,5.0,0.0,1.0,0.0,1.0,746.0,jacques@apache.org,2,7.791195948578107E-4,17.0,33.0,17.0,33.0,27668.979541513385,2146771.9840367152,2,0,0.6865231558426115,false
sandbox/prototype/common/src/main/java/org/apache/drill/common/expression/PathSegment.java,100.0,1.0,37.0,10.0,0.0,15.0,885.0,jacques@apache.org,1,3.8955979742890534E-4,40.0,20.0,0.0,20.0,26686.143720617863,2143793.060959792,1,0,1.0116009116784799,false
sandbox/prototype/common/src/main/java/org/apache/drill/common/expression/SchemaPath.java,91.0,11.0,18.0,12.0,20.0,29.0,744.0,jacques@apache.org,1,3.8955979742890534E-4,25.0,0.0,0.0,12.0,26686.143720617863,2143793.060959792,1,0,0.8343770272964588,false
sandbox/prototype/common/src/main/java/org/apache/drill/common/expression/ValueExpressions.java,115.0,7.0,1.0,3.0,6.0,11.0,1090.0,jacques@apache.org,1,3.8955979742890534E-4,12.0,0.0,0.0,12.0,26686.143720617863,2143793.060959792,1,0,1.0116009116784799,false
sandbox/prototype/common/src/main/java/org/apache/drill/common/expression/fn/AggregationFunctions.java,6.0,4.0,0.0,1.0,1.0,2.0,1103.0,jacques@apache.org,1,3.8955979742890534E-4,0.0,33.0,0.0,67.0,26686.143720617863,2143793.060959792,1,0,1.0116009116784799,false
sandbox/prototype/common/src/main/java/org/apache/drill/common/expression/fn/BooleanFunctions.java,6.0,8.0,0.0,1.0,1.0,3.0,1102.0,jacques@apache.org,1,3.8955979742890534E-4,17.0,0.0,0.0,17.0,26686.143720617863,2143793.060959792,1,0,1.0116009116784799,false
sandbox/prototype/common/src/main/java/org/apache/drill/common/expression/fn/StringFunctions.java,5.0,6.0,0.0,1.0,1.0,2.0,1436.0,jacques@apache.org,1,0.0,0.0,0.0,0.0,20.0,26686.143720617863,2143793.060959792,1,0,1.0116009116784799,false
sandbox/prototype/common/src/main/java/org/apache/drill/common/expression/fn/TypeFunctions.java,5.0,4.0,0.0,1.0,1.0,2.0,1436.0,jacques@apache.org,1,0.0,0.0,0.0,0.0,33.0,26686.143720617863,2143793.060959792,1,0,1.0116009116784799,false
sandbox/prototype/common/src/main/java/org/apache/drill/common/expression/fn/UnaryFunctions.java,5.0,6.0,0.0,1.0,1.0,2.0,1436.0,jacques@apache.org,1,0.0,0.0,0.0,0.0,25.0,26686.143720617863,2143793.060959792,1,0,1.0116009116784799,false
sandbox/prototype/common/src/main/java/org/apache/drill/common/expression/visitors/AggregateChecker.java,46.0,9.0,45.0,10.0,7.0,27.0,1090.0,jacques@apache.org,1,3.8955979742890534E-4,25.0,0.0,0.0,25.0,26686.143720617863,2143793.060959792,1,0,1.0116009116784799,false
sandbox/prototype/common/src/main/java/org/apache/drill/common/expression/visitors/ConstantChecker.java,39.0,9.0,45.0,10.0,3.0,25.0,1090.0,jacques@apache.org,1,3.8955979742890534E-4,25.0,0.0,0.0,25.0,26686.143720617863,2143793.060959792,1,0,1.0116009116784799,false
sandbox/prototype/common/src/main/java/org/apache/drill/common/logical/LogicalPlan.java,53.0,19.0,22.0,9.0,10.0,24.0,750.0,jacques@apache.org,2,0.0,0.0,0.0,8.0,8.0,27531.477053951196,2148076.336821861,2,1,1.1803913361506835,false
sandbox/prototype/common/src/main/java/org/apache/drill/common/logical/StorageEngineConfig.java,3.0,1.0,0.0,1.0,0.0,1.0,1111.0,jacques@apache.org,2,0.0,0.0,0.0,0.0,25.0,27531.477053951196,2148076.336821861,2,1,1.526410620269059,false
sandbox/prototype/common/src/main/java/org/apache/drill/common/logical/StorageEngineConfigBase.java,10.0,5.0,1.0,2.0,3.0,3.0,1111.0,jacques@apache.org,2,0.0,0.0,0.0,0.0,25.0,27531.477053951196,2148076.336821861,2,1,1.526410620269059,false
sandbox/prototype/common/src/main/java/org/apache/drill/common/logical/data/Join.java,47.0,8.0,20.0,9.0,11.0,22.0,1082.0,jacquesnadeau@gmail.com,1,3.8955979742890534E-4,12.0,12.0,0.0,12.0,26686.143720617863,2143793.060959792,1,1,1.0116009116784799,false
sandbox/prototype/common/src/main/java/org/apache/drill/common/logical/data/JoinCondition.java,23.0,3.0,0.0,5.0,0.0,9.0,1082.0,jacques@apache.org,1,3.8955979742890534E-4,33.0,33.0,0.0,33.0,26686.143720617863,2143793.060959792,1,1,1.0116009116784799,false
sandbox/prototype/common/src/main/java/org/apache/drill/common/logical/data/LogicalOperatorBase.java,31.0,12.0,22.0,8.0,8.0,15.0,865.0,jacquesnadeau@gmail.com,2,0.0,0.0,0.0,11.0,11.0,26841.143720617863,2143877.560959792,2,1,1.637982395926164,false
sandbox/prototype/common/src/main/java/org/apache/drill/common/logical/data/Project.java,21.0,8.0,4.0,4.0,10.0,11.0,884.0,jacquesnadeau@gmail.com,2,3.8955979742890534E-4,20.0,0.0,10.0,10.0,26841.143720617863,2143877.560959792,2,1,1.1090300994634863,false
sandbox/prototype/common/src/main/java/org/apache/drill/common/types/Types.java,145.0,4.0,66.0,12.0,30.0,41.0,737.0,jacques@apache.org,2,3.8955979742890534E-4,29.0,14.0,29.0,29.0,27424.143720617863,2145950.2276264587,2,0,0.8343770272964588,false
sandbox/prototype/common/src/test/java/org/apache/drill/common/expression/parser/TreeTest.java,17.0,14.0,0.0,1.0,10.0,6.0,1102.0,jacques@apache.org,1,3.8955979742890534E-4,33.0,0.0,0.0,33.0,26686.143720617863,2143793.060959792,1,0,1.0116009116784799,false
sandbox/prototype/exec/bufferl/src/main/java/io/netty/buffer/PoolArenaL.java,281.0,3.0,114.0,17.0,18.0,40.0,1089.0,jacques@apache.org,1,0.0,0.0,0.0,33.0,33.0,26686.143720617863,2143793.060959792,1,1,1.0116009116784799,false
sandbox/prototype/exec/bufferl/src/main/java/io/netty/buffer/PoolChunkL.java,220.0,0.0,126.0,21.0,26.0,53.0,1436.0,jacques@apache.org,1,0.0,0.0,0.0,0.0,50.0,26686.143720617863,2143793.060959792,1,1,1.0116009116784799,false
sandbox/prototype/exec/bufferl/src/main/java/io/netty/buffer/PoolChunkListL.java,86.0,1.0,0.0,6.0,9.0,19.0,1436.0,jacques@apache.org,1,0.0,0.0,0.0,0.0,50.0,26686.143720617863,2143793.060959792,1,1,1.0116009116784799,false
sandbox/prototype/exec/bufferl/src/main/java/io/netty/buffer/PoolSubpageL.java,94.0,0.0,19.0,10.0,3.0,22.0,1436.0,jacques@apache.org,1,0.0,0.0,0.0,0.0,50.0,26686.143720617863,2143793.060959792,1,1,1.0116009116784799,false
sandbox/prototype/exec/bufferl/src/main/java/io/netty/buffer/PoolThreadCacheL.java,8.0,1.0,0.0,1.0,0.0,1.0,1436.0,jacques@apache.org,1,0.0,0.0,0.0,0.0,50.0,26686.143720617863,2143793.060959792,1,1,1.0116009116784799,false
sandbox/prototype/exec/bufferl/src/main/java/io/netty/buffer/PooledByteBufAllocatorL.java,195.0,9.0,47.0,11.0,13.0,39.0,1436.0,jacques@apache.org,1,0.0,0.0,0.0,0.0,50.0,26686.143720617863,2143793.060959792,1,1,1.0116009116784799,false
sandbox/prototype/exec/bufferl/src/main/java/io/netty/buffer/PooledByteBufL.java,101.0,8.0,53.0,14.0,13.0,27.0,1089.0,jacques@apache.org,1,0.0,0.0,0.0,33.0,33.0,26686.143720617863,2143793.060959792,1,1,1.0116009116784799,false
sandbox/prototype/exec/bufferl/src/main/java/io/netty/buffer/PooledHeapBufferL.java,180.0,9.0,593.0,35.0,85.0,75.0,1089.0,jacques@apache.org,1,0.0,0.0,0.0,50.0,50.0,26686.143720617863,2143793.060959792,1,0,1.0116009116784799,false
sandbox/prototype/exec/bufferl/src/main/java/io/netty/buffer/PooledUnsafeDirectByteBufL.java,236.0,11.0,689.0,39.0,114.0,106.0,1089.0,jacques@apache.org,1,0.0,0.0,0.0,33.0,33.0,26686.143720617863,2143793.060959792,1,1,1.0116009116784799,false
sandbox/prototype/exec/java-exec/src/main/codegen/templates/CastFunctions.java,10.0,7.0,1.0,2.0,0.0,2.0,1080.0,jacques@apache.org,1,3.8955979742890534E-4,50.0,50.0,0.0,50.0,26686.143720617863,2143793.060959792,1,0,1.0116009116784799,false
sandbox/prototype/exec/java-exec/src/main/codegen/templates/ComparisonFunctions.java,2.0,6.0,0.0,0.0,0.0,0.0,742.0,jacques@apache.org,1,3.8955979742890534E-4,67.0,33.0,33.0,33.0,26686.143720617863,2143793.060959792,1,0,1.0116009116784799,false
sandbox/prototype/exec/java-exec/src/main/codegen/templates/FixedValueVectors.java,168.0,0.0,78.0,13.0,3.0,17.0,571.0,jacques@apache.org,1,3.8955979742890534E-4,50.0,0.0,0.0,100.0,26686.143720617863,2143793.060959792,1,0,1.0116009116784799,false
sandbox/prototype/exec/java-exec/src/main/codegen/templates/NullableValueVectors.java,225.0,2.0,145.0,22.0,41.0,35.0,359.0,wo.bian.shi.mo0@gmail.com,3,7.791195948578107E-4,50.0,0.0,25.0,50.0,27581.477053951196,2148100.836821861,3,0,1.4089097129576251,false
sandbox/prototype/exec/java-exec/src/main/codegen/templates/RepeatedValueVectors.java,228.0,0.0,101.0,22.0,44.0,35.0,313.0,jacques@apache.org,2,7.791195948578107E-4,67.0,0.0,0.0,67.0,27531.477053951196,2148076.336821861,2,0,1.1803913361506835,false
sandbox/prototype/exec/java-exec/src/main/codegen/templates/TypeHelper.java,12.0,0.0,6.0,4.0,0.0,4.0,882.0,jacques@apache.org,1,3.8955979742890534E-4,50.0,0.0,0.0,100.0,26686.143720617863,2143793.060959792,1,0,1.0116009116784799,false
sandbox/prototype/exec/java-exec/src/main/codegen/templates/ValueHolders.java,38.0,0.0,0.0,1.0,0.0,1.0,882.0,jacques@apache.org,1,3.8955979742890534E-4,50.0,0.0,0.0,100.0,26686.143720617863,2143793.060959792,1,0,1.0116009116784799,false
sandbox/prototype/exec/java-exec/src/main/codegen/templates/VariableLengthVectors.java,195.0,0.0,141.0,19.0,27.0,33.0,306.0,jacques@apache.org,3,3.8955979742890534E-4,20.0,0.0,40.0,40.0,27718.979541513385,2146796.4840367152,3,0,0.9146331219556529,false
sandbox/prototype/exec/java-exec/src/main/java/org/apache/drill/exec/ExecConstants.java,18.0,0.0,0.0,0.0,0.0,0.0,499.0,jacques@apache.org,3,3.8955979742890534E-4,17.0,0.0,0.0,17.0,27581.477053951196,2148100.836821861,3,0,1.8290280525024545,false
sandbox/prototype/exec/java-exec/src/main/java/org/apache/drill/exec/client/DrillClient.java,179.0,27.0,20.0,12.0,38.0,31.0,565.0,jacques@apache.org,2,7.791195948578107E-4,17.0,0.0,8.0,8.0,26736.143720617863,2143817.560959792,2,3,1.2823168946034726,false
sandbox/prototype/exec/java-exec/src/main/java/org/apache/drill/exec/client/QuerySubmitter.java,93.0,26.0,1.0,2.0,16.0,8.0,397.0,sphillips@maprtech.com,2,0.0,0.0,0.0,20.0,20.0,38713.17519761544,5148715.156704473,2,0,0.7606221873649652,false
sandbox/prototype/exec/java-exec/src/main/java/org/apache/drill/exec/compile/ClassTransformer.java,172.0,31.0,6.0,4.0,32.0,20.0,883.0,jacques@apache.org,1,3.8955979742890534E-4,0.0,17.0,0.0,33.0,26686.143720617863,2143793.060959792,1,0,1.0116009116784799,false
sandbox/prototype/exec/java-exec/src/main/java/org/apache/drill/exec/compile/JaninoClassCompiler.java,43.0,11.0,0.0,4.0,10.0,12.0,1083.0,benjamin.becker@gmail.com,2,3.8955979742890534E-4,25.0,25.0,25.0,25.0,27668.979541513385,2146771.9840367152,2,0,0.7856083498069514,false
sandbox/prototype/exec/java-exec/src/main/java/org/apache/drill/exec/compile/TemplateClassDefinition.java,31.0,1.0,0.0,5.0,3.0,14.0,892.0,jacques@apache.org,1,3.8955979742890534E-4,17.0,17.0,0.0,33.0,26686.143720617863,2143793.060959792,1,0,1.0116009116784799,false
sandbox/prototype/exec/java-exec/src/main/java/org/apache/drill/exec/compile/sig/CodeGeneratorArgument.java,15.0,0.0,0.0,3.0,0.0,5.0,1090.0,jacques@apache.org,1,3.8955979742890534E-4,50.0,0.0,0.0,50.0,26686.143720617863,2143793.060959792,1,0,1.0116009116784799,false
sandbox/prototype/exec/java-exec/src/main/java/org/apache/drill/exec/compile/sig/CodeGeneratorMethod.java,38.0,7.0,5.0,6.0,11.0,16.0,1090.0,jacques@apache.org,1,3.8955979742890534E-4,50.0,0.0,0.0,50.0,26686.143720617863,2143793.060959792,1,0,1.0116009116784799,false
sandbox/prototype/exec/java-exec/src/main/java/org/apache/drill/exec/compile/sig/CodeGeneratorSignature.java,2.0,0.0,0.0,0.0,0.0,0.0,1090.0,jacques@apache.org,1,3.8955979742890534E-4,50.0,0.0,0.0,50.0,26686.143720617863,2143793.060959792,1,0,1.0116009116784799,false
sandbox/prototype/exec/java-exec/src/main/java/org/apache/drill/exec/compile/sig/ConstantExpressionIdentifier.java,70.0,14.0,55.0,11.0,18.0,30.0,1090.0,jacques@apache.org,1,3.8955979742890534E-4,50.0,0.0,0.0,50.0,26686.143720617863,2143793.060959792,1,0,1.0116009116784799,false
sandbox/prototype/exec/java-exec/src/main/java/org/apache/drill/exec/compile/sig/GeneratorMapping.java,41.0,2.0,0.0,5.0,3.0,11.0,748.0,benjamin.becker@gmail.com,2,7.791195948578107E-4,50.0,50.0,25.0,50.0,27668.979541513385,2146771.9840367152,2,0,0.68284307640388,false
sandbox/prototype/exec/java-exec/src/main/java/org/apache/drill/exec/compile/sig/MappingSet.java,53.0,5.0,58.0,13.0,3.0,18.0,892.0,jacques@apache.org,1,3.8955979742890534E-4,33.0,33.0,0.0,67.0,26686.143720617863,2143793.060959792,1,0,1.0116009116784799,false
sandbox/prototype/exec/java-exec/src/main/java/org/apache/drill/exec/compile/sig/Signature.java,0.0,0.0,0.0,0.0,0.0,0.0,1090.0,jacques@apache.org,1,3.8955979742890534E-4,50.0,0.0,0.0,50.0,26686.143720617863,2143793.060959792,1,0,1.0116009116784799,false
sandbox/prototype/exec/java-exec/src/main/java/org/apache/drill/exec/compile/sig/SignatureHolder.java,40.0,10.0,0.0,6.0,16.0,17.0,892.0,jacques@apache.org,1,3.8955979742890534E-4,33.0,33.0,0.0,67.0,26686.143720617863,2143793.060959792,1,0,1.0116009116784799,false
sandbox/prototype/exec/java-exec/src/main/java/org/apache/drill/exec/compile/sig/VVReadBatch.java,0.0,0.0,0.0,0.0,0.0,0.0,1090.0,jacques@apache.org,1,3.8955979742890534E-4,50.0,0.0,0.0,50.0,26686.143720617863,2143793.060959792,1,0,1.0116009116784799,false
sandbox/prototype/exec/java-exec/src/main/java/org/apache/drill/exec/compile/sig/VVWriteBatch.java,0.0,0.0,0.0,0.0,0.0,0.0,1090.0,jacques@apache.org,1,3.8955979742890534E-4,50.0,0.0,0.0,50.0,26686.143720617863,2143793.060959792,1,0,1.0116009116784799,false
sandbox/prototype/exec/java-exec/src/main/java/org/apache/drill/exec/coord/ZKClusterCoordinator.java,105.0,22.0,11.0,11.0,47.0,33.0,1102.0,jacques@apache.org,1,3.8955979742890534E-4,17.0,0.0,0.0,17.0,26686.143720617863,2143793.060959792,1,1,1.0116009116784799,false
sandbox/prototype/exec/java-exec/src/main/java/org/apache/drill/exec/exception/OptimizerException.java,8.0,1.0,1.0,2.0,0.0,2.0,1111.0,jacques@apache.org,2,0.0,0.0,0.0,0.0,33.0,27531.477053951196,2148076.336821861,2,0,1.526410620269059,false
sandbox/prototype/exec/java-exec/src/main/java/org/apache/drill/exec/expr/CodeGenerator.java,237.0,32.0,237.0,26.0,89.0,63.0,575.0,jacques@apache.org,2,7.791195948578107E-4,29.0,21.0,14.0,21.0,27668.979541513385,2146771.9840367152,2,1,0.7167579090416474,false
sandbox/prototype/exec/java-exec/src/main/java/org/apache/drill/exec/expr/DirectExpression.java,31.0,2.0,0.0,5.0,4.0,10.0,1103.0,jacques@apache.org,1,3.8955979742890534E-4,0.0,50.0,0.0,100.0,26686.143720617863,2143793.060959792,1,0,1.0116009116784799,false
sandbox/prototype/exec/java-exec/src/main/java/org/apache/drill/exec/expr/DrillAggFunc.java,6.0,1.0,6.0,4.0,0.0,4.0,1103.0,jacques@apache.org,1,3.8955979742890534E-4,0.0,50.0,0.0,100.0,26686.143720617863,2143793.060959792,1,0,1.0116009116784799,false
sandbox/prototype/exec/java-exec/src/main/java/org/apache/drill/exec/expr/DrillFunc.java,2.0,0.0,0.0,0.0,0.0,0.0,1103.0,jacques@apache.org,1,3.8955979742890534E-4,0.0,33.0,0.0,67.0,26686.143720617863,2143793.060959792,1,0,1.0116009116784799,false
sandbox/prototype/exec/java-exec/src/main/java/org/apache/drill/exec/expr/DrillSimpleFunc.java,4.0,1.0,1.0,2.0,0.0,2.0,1103.0,jacques@apache.org,1,3.8955979742890534E-4,0.0,50.0,0.0,100.0,26686.143720617863,2143793.060959792,1,0,1.0116009116784799,false
sandbox/prototype/exec/java-exec/src/main/java/org/apache/drill/exec/expr/EvaluationVisitor.java,290.0,30.0,1.0,2.0,2.0,3.0,468.0,jacques@apache.org,1,3.8955979742890534E-4,31.0,25.0,12.0,19.0,26686.143720617863,2143793.060959792,1,2,0.7516194050941474,false
sandbox/prototype/exec/java-exec/src/main/java/org/apache/drill/exec/expr/ExpressionTreeMaterializer.java,65.0,13.0,1.0,2.0,1.0,3.0,654.0,jacques@apache.org,1,3.8955979742890534E-4,33.0,33.0,17.0,33.0,26686.143720617863,2143793.060959792,1,0,1.0116009116784799,false
sandbox/prototype/exec/java-exec/src/main/java/org/apache/drill/exec/expr/HoldingContainerExpression.java,22.0,7.0,9.0,6.0,3.0,12.0,1090.0,jacques@apache.org,1,3.8955979742890534E-4,50.0,0.0,0.0,50.0,26686.143720617863,2143793.060959792,1,0,1.0116009116784799,false
sandbox/prototype/exec/java-exec/src/main/java/org/apache/drill/exec/expr/ValueVectorReadExpression.java,32.0,7.0,18.0,8.0,4.0,16.0,756.0,jacques@apache.org,1,3.8955979742890534E-4,33.0,33.0,17.0,33.0,26686.143720617863,2143793.060959792,1,0,1.0116009116784799,false
sandbox/prototype/exec/java-exec/src/main/java/org/apache/drill/exec/expr/ValueVectorWriteExpression.java,35.0,8.0,18.0,9.0,2.0,17.0,756.0,jacques@apache.org,1,3.8955979742890534E-4,33.0,33.0,17.0,33.0,26686.143720617863,2143793.060959792,1,0,1.0116009116784799,false
sandbox/prototype/exec/java-exec/src/main/java/org/apache/drill/exec/expr/annotations/FunctionTemplate.java,0.0,0.0,0.0,0.0,0.0,0.0,1080.0,jacques@apache.org,1,3.8955979742890534E-4,33.0,33.0,33.0,67.0,26686.143720617863,2143793.060959792,1,0,1.0116009116784799,false
sandbox/prototype/exec/java-exec/src/main/java/org/apache/drill/exec/expr/annotations/MethodMap.java,0.0,0.0,0.0,0.0,0.0,0.0,1090.0,jacques@apache.org,1,3.8955979742890534E-4,50.0,0.0,0.0,50.0,26686.143720617863,2143793.060959792,1,0,1.0116009116784799,false
sandbox/prototype/exec/java-exec/src/main/java/org/apache/drill/exec/expr/fn/DrillAggFuncHolder.java,42.0,12.0,2.0,5.0,17.0,9.0,892.0,jacques@apache.org,1,3.8955979742890534E-4,33.0,33.0,0.0,67.0,26686.143720617863,2143793.060959792,1,0,1.0116009116784799,false
sandbox/prototype/exec/java-exec/src/main/java/org/apache/drill/exec/expr/fn/DrillFuncHolder.java,115.0,20.0,46.0,12.0,27.0,27.0,892.0,jacques@apache.org,1,3.8955979742890534E-4,33.0,33.0,0.0,67.0,26686.143720617863,2143793.060959792,1,0,1.0116009116784799,false
sandbox/prototype/exec/java-exec/src/main/java/org/apache/drill/exec/expr/fn/DrillSimpleFuncHolder.java,64.0,18.0,8.0,5.0,28.0,13.0,886.0,jacques@apache.org,1,3.8955979742890534E-4,33.0,33.0,33.0,67.0,26686.143720617863,2143793.060959792,1,0,1.0116009116784799,false
sandbox/prototype/exec/java-exec/src/main/java/org/apache/drill/exec/expr/fn/FunctionBody.java,6.0,0.0,0.0,0.0,0.0,0.0,1090.0,jacques@apache.org,1,3.8955979742890534E-4,50.0,0.0,0.0,50.0,26686.143720617863,2143793.060959792,1,0,1.0116009116784799,false
sandbox/prototype/exec/java-exec/src/main/java/org/apache/drill/exec/expr/fn/FunctionConverter.java,152.0,27.0,16.0,9.0,52.0,33.0,639.0,jacques@apache.org,1,3.8955979742890534E-4,22.0,22.0,0.0,22.0,26686.143720617863,2143793.060959792,1,0,1.0116009116784799,false
sandbox/prototype/exec/java-exec/src/main/java/org/apache/drill/exec/expr/fn/FunctionImplementationRegistry.java,48.0,11.0,0.0,2.0,19.0,10.0,886.0,jacques@apache.org,1,3.8955979742890534E-4,20.0,20.0,20.0,40.0,26686.143720617863,2143793.060959792,1,1,1.0116009116784799,false
sandbox/prototype/exec/java-exec/src/main/java/org/apache/drill/exec/expr/fn/MethodGrabbingVisitor.java,34.0,8.0,0.0,2.0,3.0,3.0,1080.0,jacques@apache.org,1,3.8955979742890534E-4,17.0,17.0,17.0,33.0,26686.143720617863,2143793.060959792,1,0,1.0116009116784799,false
sandbox/prototype/exec/java-exec/src/main/java/org/apache/drill/exec/expr/fn/ModifiedUnparseVisitor.java,772.0,25.0,0.0,94.0,262.0,193.0,1080.0,jacques@apache.org,1,3.8955979742890534E-4,33.0,33.0,33.0,67.0,26686.143720617863,2143793.060959792,1,0,1.0116009116784799,false
sandbox/prototype/exec/java-exec/src/main/java/org/apache/drill/exec/expr/fn/agg/impl/CountFunctions.java,35.0,9.0,0.0,0.0,0.0,0.0,893.0,jacques@apache.org,1,3.8955979742890534E-4,33.0,33.0,0.0,100.0,26686.143720617863,2143793.060959792,1,0,1.0116009116784799,false
sandbox/prototype/exec/java-exec/src/main/java/org/apache/drill/exec/expr/fn/agg/impl/SumFunctions.java,35.0,9.0,0.0,0.0,0.0,0.0,893.0,jacques@apache.org,1,3.8955979742890534E-4,33.0,33.0,0.0,100.0,26686.143720617863,2143793.060959792,1,0,1.0116009116784799,false
sandbox/prototype/exec/java-exec/src/main/java/org/apache/drill/exec/expr/fn/impl/Alternator.java,42.0,13.0,0.0,0.0,0.0,0.0,756.0,jacques@apache.org,1,3.8955979742890534E-4,33.0,33.0,17.0,50.0,26686.143720617863,2143793.060959792,1,0,1.0116009116784799,false
sandbox/prototype/exec/java-exec/src/main/java/org/apache/drill/exec/expr/fn/impl/BitFunctions.java,22.0,8.0,0.0,0.0,0.0,0.0,864.0,jacques@apache.org,1,3.8955979742890534E-4,33.0,33.0,0.0,33.0,26686.143720617863,2143793.060959792,1,0,1.0116009116784799,false
sandbox/prototype/exec/java-exec/src/main/java/org/apache/drill/exec/expr/fn/impl/ByteSubstring.java,29.0,14.0,1.0,2.0,0.0,4.0,745.0,benjamin.becker@gmail.com,1,3.8955979742890534E-4,25.0,25.0,0.0,75.0,26686.143720617863,2143793.060959792,1,0,0.68284307640388,false
sandbox/prototype/exec/java-exec/src/main/java/org/apache/drill/exec/expr/fn/impl/CharSubstring.java,72.0,14.0,1.0,2.0,1.0,7.0,745.0,benjamin.becker@gmail.com,1,3.8955979742890534E-4,50.0,50.0,0.0,75.0,26686.143720617863,2143793.060959792,1,0,0.68284307640388,false
sandbox/prototype/exec/java-exec/src/main/java/org/apache/drill/exec/expr/fn/impl/ComparatorFunctions.java,9.0,18.0,0.0,0.0,0.0,0.0,519.0,jacques@apache.org,1,3.8955979742890534E-4,57.0,43.0,14.0,43.0,26686.143720617863,2143793.060959792,1,0,1.0116009116784799,false
sandbox/prototype/exec/java-exec/src/main/java/org/apache/drill/exec/expr/fn/impl/ComparisonFunctions.java,3.0,12.0,0.0,0.0,0.0,0.0,742.0,jacques@apache.org,1,3.8955979742890534E-4,43.0,29.0,0.0,43.0,26686.143720617863,2143793.060959792,1,0,1.0116009116784799,false
sandbox/prototype/exec/java-exec/src/main/java/org/apache/drill/exec/expr/fn/impl/ComparisonFunctionsNullable.java,185.0,8.0,0.0,1.0,0.0,1.0,893.0,jacques@apache.org,1,3.8955979742890534E-4,20.0,20.0,0.0,60.0,26686.143720617863,2143793.060959792,1,1,1.0116009116784799,false
sandbox/prototype/exec/java-exec/src/main/java/org/apache/drill/exec/expr/fn/impl/Hash.java,14.0,12.0,1.0,2.0,3.0,2.0,31.0,benjamin.becker@gmail.com,2,7.791195948578107E-4,33.0,50.0,33.0,33.0,27668.979541513385,2146771.9840367152,2,0,0.7856083498069514,false
sandbox/prototype/exec/java-exec/src/main/java/org/apache/drill/exec/expr/fn/impl/IsNotNull.java,14.0,11.0,1.0,2.0,0.0,2.0,893.0,benjamin.becker@gmail.com,1,3.8955979742890534E-4,20.0,20.0,0.0,60.0,26686.143720617863,2143793.060959792,1,0,1.0116009116784799,false
sandbox/prototype/exec/java-exec/src/main/java/org/apache/drill/exec/expr/fn/impl/IsNull.java,14.0,11.0,1.0,2.0,0.0,2.0,893.0,benjamin.becker@gmail.com,1,3.8955979742890534E-4,20.0,20.0,0.0,60.0,26686.143720617863,2143793.060959792,1,0,1.0116009116784799,false
sandbox/prototype/exec/java-exec/src/main/java/org/apache/drill/exec/expr/fn/impl/MathFunctions.java,34.0,9.0,0.0,1.0,0.0,1.0,976.0,jacques@apache.org,1,3.8955979742890534E-4,14.0,14.0,0.0,43.0,26686.143720617863,2143793.060959792,1,0,1.0116009116784799,false
sandbox/prototype/exec/java-exec/src/main/java/org/apache/drill/exec/expr/fn/impl/SimpleRepeatedFunctions.java,43.0,17.0,0.0,1.0,0.0,1.0,744.0,jacques@apache.org,1,3.8955979742890534E-4,25.0,50.0,0.0,75.0,26686.143720617863,2143793.060959792,1,0,1.0116009116784799,false
sandbox/prototype/exec/java-exec/src/main/java/org/apache/drill/exec/expr/fn/impl/VarHelpers.java,138.0,4.0,15.0,6.0,6.0,36.0,748.0,jacques@apache.org,1,3.8955979742890534E-4,50.0,0.0,0.0,50.0,26686.143720617863,2143793.060959792,1,0,1.0116009116784799,false
sandbox/prototype/exec/java-exec/src/main/java/org/apache/drill/exec/memory/BufferAllocator.java,37.0,4.0,28.0,8.0,0.0,12.0,1436.0,jacques@apache.org,1,0.0,0.0,0.0,0.0,25.0,26686.143720617863,2143793.060959792,1,0,1.0116009116784799,false
sandbox/prototype/exec/java-exec/src/main/java/org/apache/drill/exec/memory/DirectBufferAllocator.java,23.0,3.0,19.0,7.0,1.0,12.0,1436.0,jacques@apache.org,1,0.0,0.0,0.0,0.0,25.0,26686.143720617863,2143793.060959792,1,1,1.0116009116784799,false
sandbox/prototype/exec/java-exec/src/main/java/org/apache/drill/exec/ops/FragmentContext.java,85.0,18.0,63.0,15.0,16.0,30.0,639.0,jacques@apache.org,2,7.791195948578107E-4,25.0,17.0,17.0,8.0,27668.979541513385,2146771.9840367152,2,0,0.68284307640388,false
sandbox/prototype/exec/java-exec/src/main/java/org/apache/drill/exec/ops/QueryContext.java,34.0,11.0,0.0,9.0,7.0,18.0,908.0,jacques@apache.org,2,3.8955979742890534E-4,17.0,0.0,0.0,17.0,27531.477053951196,2148076.336821861,2,0,1.1803913361506835,false
sandbox/prototype/exec/java-exec/src/main/java/org/apache/drill/exec/opt/BasicOptimizer.java,116.0,42.0,2.0,4.0,6.0,7.0,314.0,jacques@apache.org,4,3.8955979742890534E-4,14.0,14.0,14.0,7.0,40541.3443518443,5155977.355643465,4,1,0.39588539175216764,false
sandbox/prototype/exec/java-exec/src/main/java/org/apache/drill/exec/opt/Optimizer.java,14.0,6.0,6.0,4.0,2.0,7.0,1102.0,jacques@apache.org,1,3.8955979742890534E-4,33.0,0.0,0.0,33.0,26686.143720617863,2143793.060959792,1,0,1.0116009116784799,false
sandbox/prototype/exec/java-exec/src/main/java/org/apache/drill/exec/physical/ReadEntryFromHDFS.java,21.0,3.0,6.0,5.0,0.0,9.0,1111.0,jacques@apache.org,2,0.0,0.0,0.0,0.0,50.0,27531.477053951196,2148076.336821861,2,0,1.526410620269059,false
sandbox/prototype/exec/java-exec/src/main/java/org/apache/drill/exec/physical/ReadEntryWithPath.java,18.0,1.0,8.0,5.0,4.0,10.0,908.0,jacques@apache.org,2,3.8955979742890534E-4,33.0,0.0,0.0,33.0,27531.477053951196,2148076.336821861,2,0,1.1803913361506835,false
sandbox/prototype/exec/java-exec/src/main/java/org/apache/drill/exec/physical/base/AbstractBase.java,15.0,3.0,1.0,2.0,6.0,6.0,1103.0,jacques@apache.org,1,3.8955979742890534E-4,0.0,33.0,0.0,67.0,26686.143720617863,2143793.060959792,1,0,1.0116009116784799,false
sandbox/prototype/exec/java-exec/src/main/java/org/apache/drill/exec/physical/base/AbstractGroupScan.java,12.0,3.0,3.0,3.0,2.0,7.0,1111.0,jacques@apache.org,2,0.0,0.0,0.0,0.0,50.0,27531.477053951196,2148076.336821861,2,0,1.526410620269059,false
sandbox/prototype/exec/java-exec/src/main/java/org/apache/drill/exec/physical/base/AbstractMultiple.java,23.0,2.0,0.0,4.0,3.0,9.0,1080.0,jacques@apache.org,2,0.0,0.0,0.0,50.0,50.0,26841.143720617863,2143877.560959792,2,0,1.637982395926164,false
sandbox/prototype/exec/java-exec/src/main/java/org/apache/drill/exec/physical/base/AbstractPhysicalVisitor.java,69.0,13.0,210.0,21.0,23.0,64.0,425.0,benjamin.becker@gmail.com,4,7.791195948578107E-4,29.0,29.0,29.0,29.0,28669.312874846717,2151139.759898784,4,0,0.8358711599353841,false
sandbox/prototype/exec/java-exec/src/main/java/org/apache/drill/exec/physical/base/Exchange.java,44.0,7.0,45.0,10.0,0.0,23.0,1436.0,jacques@apache.org,1,0.0,0.0,0.0,0.0,33.0,26686.143720617863,2143793.060959792,1,0,1.0116009116784799,false
sandbox/prototype/exec/java-exec/src/main/java/org/apache/drill/exec/physical/base/GroupScan.java,8.0,4.0,3.0,3.0,0.0,5.0,761.0,benjamin.becker@gmail.com,3,7.791195948578107E-4,50.0,25.0,25.0,25.0,28514.312874846717,2151055.259898784,3,0,0.8094358947580327,false
sandbox/prototype/exec/java-exec/src/main/java/org/apache/drill/exec/physical/base/Leaf.java,5.0,0.0,0.0,0.0,0.0,0.0,1111.0,jacques@apache.org,2,0.0,0.0,0.0,0.0,33.0,27531.477053951196,2148076.336821861,2,0,1.526410620269059,false
sandbox/prototype/exec/java-exec/src/main/java/org/apache/drill/exec/physical/base/PhysicalOperator.java,29.0,11.0,10.0,5.0,0.0,13.0,908.0,jacques@apache.org,2,3.8955979742890534E-4,25.0,0.0,0.0,25.0,27531.477053951196,2148076.336821861,2,0,1.1803913361506835,false
sandbox/prototype/exec/java-exec/src/main/java/org/apache/drill/exec/physical/base/PhysicalVisitor.java,29.0,13.0,190.0,20.0,0.0,40.0,425.0,benjamin.becker@gmail.com,4,7.791195948578107E-4,29.0,29.0,29.0,29.0,28669.312874846717,2151139.759898784,4,0,0.8358711599353841,false
sandbox/prototype/exec/java-exec/src/main/java/org/apache/drill/exec/physical/base/Scan.java,2.0,1.0,0.0,0.0,0.0,0.0,1066.0,jacques@apache.org,2,0.0,0.0,0.0,0.0,33.0,27531.477053951196,2148076.336821861,2,0,1.526410620269059,false
sandbox/prototype/exec/java-exec/src/main/java/org/apache/drill/exec/physical/base/Sender.java,15.0,3.0,1.0,2.0,0.0,4.0,1096.0,jacques@apache.org,1,0.0,33.0,33.0,33.0,33.0,26686.143720617863,2143793.060959792,1,0,1.0116009116784799,false
sandbox/prototype/exec/java-exec/src/main/java/org/apache/drill/exec/physical/base/SubScan.java,5.0,1.0,0.0,0.0,0.0,0.0,893.0,benjamin.becker@gmail.com,3,3.8955979742890534E-4,33.0,33.0,33.0,33.0,28514.312874846717,2151055.259898784,3,0,1.029729628236331,false
sandbox/prototype/exec/java-exec/src/main/java/org/apache/drill/exec/physical/config/HashPartitionSender.java,22.0,9.0,0.0,5.0,1.0,10.0,1081.0,benjamin.becker@gmail.com,2,3.8955979742890534E-4,33.0,33.0,33.0,33.0,27668.979541513385,2146771.9840367152,2,0,0.7856083498069514,false
sandbox/prototype/exec/java-exec/src/main/java/org/apache/drill/exec/physical/config/HashToRandomExchange.java,31.0,11.0,18.0,8.0,0.0,13.0,1436.0,jacques@apache.org,1,0.0,0.0,0.0,0.0,33.0,26686.143720617863,2143793.060959792,1,0,1.0116009116784799,false
sandbox/prototype/exec/java-exec/src/main/java/org/apache/drill/exec/physical/config/MergeJoinPOP.java,53.0,16.0,11.0,11.0,11.0,26.0,558.0,benjamin.becker@gmail.com,2,7.791195948578107E-4,67.0,33.0,17.0,17.0,27668.979541513385,2146771.9840367152,2,0,0.7856083498069514,false
sandbox/prototype/exec/java-exec/src/main/java/org/apache/drill/exec/physical/config/Project.java,23.0,10.0,9.0,6.0,4.0,12.0,884.0,jacques@apache.org,1,3.8955979742890534E-4,0.0,33.0,0.0,67.0,26686.143720617863,2143793.060959792,1,0,1.0116009116784799,false
sandbox/prototype/exec/java-exec/src/main/java/org/apache/drill/exec/physical/config/RandomReceiver.java,23.0,12.0,13.0,6.0,1.0,12.0,1081.0,benjamin.becker@gmail.com,2,3.8955979742890534E-4,25.0,25.0,25.0,25.0,27668.979541513385,2146771.9840367152,2,0,0.7856083498069514,false
sandbox/prototype/exec/java-exec/src/main/java/org/apache/drill/exec/physical/config/StreamingAggregate.java,30.0,9.0,7.0,7.0,5.0,14.0,1103.0,jacques@apache.org,1,3.8955979742890534E-4,0.0,50.0,0.0,100.0,26686.143720617863,2143793.060959792,1,0,1.0116009116784799,false
sandbox/prototype/exec/java-exec/src/main/java/org/apache/drill/exec/physical/config/Union.java,20.0,6.0,6.0,4.0,5.0,9.0,1233.0,jacques@apache.org,2,0.0,0.0,0.0,50.0,50.0,26841.143720617863,2143877.560959792,2,0,1.637982395926164,false
sandbox/prototype/exec/java-exec/src/main/java/org/apache/drill/exec/physical/config/UnionExchange.java,30.0,12.0,24.0,8.0,3.0,15.0,1436.0,jacques@apache.org,1,0.0,0.0,0.0,0.0,33.0,26686.143720617863,2143793.060959792,1,0,1.0116009116784799,false
sandbox/prototype/exec/java-exec/src/main/java/org/apache/drill/exec/physical/impl/ImplCreator.java,96.0,37.0,100.0,16.0,30.0,51.0,320.0,jacques@apache.org,4,7.791195948578107E-4,29.0,43.0,43.0,14.0,28669.312874846717,2151139.759898784,4,0,0.49876767337518557,false
sandbox/prototype/exec/java-exec/src/main/java/org/apache/drill/exec/physical/impl/OutputMutator.java,6.0,3.0,6.0,4.0,0.0,7.0,1111.0,jacques@apache.org,2,0.0,0.0,0.0,0.0,14.0,27531.477053951196,2148076.336821861,2,1,1.526410620269059,false
sandbox/prototype/exec/java-exec/src/main/java/org/apache/drill/exec/physical/impl/RootExec.java,15.0,0.0,1.0,2.0,0.0,4.0,1096.0,jacques@apache.org,1,0.0,33.0,33.0,33.0,33.0,26686.143720617863,2143793.060959792,1,0,1.0116009116784799,false
sandbox/prototype/exec/java-exec/src/main/java/org/apache/drill/exec/physical/impl/ScanBatch.java,105.0,20.0,58.0,13.0,15.0,29.0,473.0,jacques@apache.org,2,3.8955979742890534E-4,14.0,14.0,21.0,14.0,27531.477053951196,2148076.336821861,2,1,0.9636919991956834,false
sandbox/prototype/exec/java-exec/src/main/java/org/apache/drill/exec/physical/impl/ScreenCreator.java,74.0,17.0,0.0,1.0,5.0,2.0,740.0,jacques@apache.org,2,0.0,12.0,12.0,38.0,12.0,26841.143720617863,2143877.560959792,2,1,1.1090300994634863,false
sandbox/prototype/exec/java-exec/src/main/java/org/apache/drill/exec/physical/impl/SingleSenderCreator.java,59.0,13.0,0.0,1.0,0.0,2.0,760.0,jacques@apache.org,2,0.0,12.0,12.0,25.0,12.0,27531.477053951196,2148076.336821861,2,2,1.0532442116349339,false
sandbox/prototype/exec/java-exec/src/main/java/org/apache/drill/exec/physical/impl/WireRecordBatch.java,63.0,16.0,12.0,12.0,16.0,25.0,644.0,jacques@apache.org,1,0.0,9.0,9.0,18.0,9.0,26686.143720617863,2143793.060959792,1,1,1.0116009116784799,false
sandbox/prototype/exec/java-exec/src/main/java/org/apache/drill/exec/physical/impl/aggregate/AggBatch.java,218.0,35.0,22.0,12.0,103.0,48.0,639.0,jacques@apache.org,1,3.8955979742890534E-4,33.0,33.0,0.0,100.0,26686.143720617863,2143793.060959792,1,0,1.0116009116784799,false
sandbox/prototype/exec/java-exec/src/main/java/org/apache/drill/exec/physical/impl/aggregate/AggBatchCreator.java,7.0,7.0,0.0,1.0,4.0,3.0,1103.0,jacques@apache.org,1,3.8955979742890534E-4,0.0,50.0,0.0,100.0,26686.143720617863,2143793.060959792,1,0,1.0116009116784799,false
sandbox/prototype/exec/java-exec/src/main/java/org/apache/drill/exec/physical/impl/aggregate/AggTemplate.java,228.0,9.0,161.0,22.0,36.0,49.0,885.0,benjamin.becker@gmail.com,2,3.8955979742890534E-4,0.0,33.0,0.0,67.0,27668.979541513385,2146771.9840367152,2,0,0.6865231558426115,false
sandbox/prototype/exec/java-exec/src/main/java/org/apache/drill/exec/physical/impl/aggregate/Aggregator.java,8.0,7.0,10.0,5.0,0.0,6.0,1103.0,jacques@apache.org,1,3.8955979742890534E-4,0.0,50.0,0.0,100.0,26686.143720617863,2143793.060959792,1,0,1.0116009116784799,false
sandbox/prototype/exec/java-exec/src/main/java/org/apache/drill/exec/physical/impl/aggregate/BatchIterator.java,4.0,1.0,0.0,1.0,0.0,1.0,1103.0,jacques@apache.org,1,3.8955979742890534E-4,0.0,50.0,0.0,100.0,26686.143720617863,2143793.060959792,1,0,1.0116009116784799,false
sandbox/prototype/exec/java-exec/src/main/java/org/apache/drill/exec/physical/impl/aggregate/InternalBatch.java,44.0,7.0,0.0,7.0,10.0,15.0,884.0,jacques@apache.org,1,3.8955979742890534E-4,33.0,33.0,33.0,67.0,26686.143720617863,2143793.060959792,1,0,1.0116009116784799,false
sandbox/prototype/exec/java-exec/src/main/java/org/apache/drill/exec/physical/impl/filter/FilterRecordBatch.java,53.0,19.0,1.0,6.0,26.0,15.0,638.0,jacques@apache.org,1,0.0,20.0,20.0,20.0,20.0,26686.143720617863,2143793.060959792,1,0,1.0116009116784799,false
sandbox/prototype/exec/java-exec/src/main/java/org/apache/drill/exec/physical/impl/filter/FilterSignature.java,4.0,4.0,1.0,2.0,0.0,2.0,1090.0,jacques@apache.org,1,3.8955979742890534E-4,50.0,0.0,0.0,50.0,26686.143720617863,2143793.060959792,1,0,1.0116009116784799,false
sandbox/prototype/exec/java-exec/src/main/java/org/apache/drill/exec/physical/impl/filter/FilterTemplate.java,64.0,7.0,11.0,7.0,15.0,18.0,648.0,jacques@apache.org,1,3.8955979742890534E-4,20.0,10.0,10.0,20.0,26686.143720617863,2143793.060959792,1,2,1.0116009116784799,false
sandbox/prototype/exec/java-exec/src/main/java/org/apache/drill/exec/physical/impl/filter/Filterer.java,6.0,5.0,1.0,2.0,0.0,3.0,745.0,jacques@apache.org,1,3.8955979742890534E-4,25.0,25.0,0.0,50.0,26686.143720617863,2143793.060959792,1,0,1.0116009116784799,false
sandbox/prototype/exec/java-exec/src/main/java/org/apache/drill/exec/physical/impl/filter/ReturnValueExpression.java,30.0,7.0,14.0,8.0,2.0,16.0,891.0,jacques@apache.org,1,3.8955979742890534E-4,50.0,0.0,0.0,25.0,26686.143720617863,2143793.060959792,1,0,1.0116009116784799,false
sandbox/prototype/exec/java-exec/src/main/java/org/apache/drill/exec/physical/impl/join/JoinStatus.java,141.0,4.0,127.0,23.0,12.0,49.0,724.0,benjamin.becker@gmail.com,2,3.8955979742890534E-4,50.0,25.0,50.0,25.0,27668.979541513385,2146771.9840367152,2,0,1.1499976950922968,false
sandbox/prototype/exec/java-exec/src/main/java/org/apache/drill/exec/physical/impl/join/JoinTemplate.java,91.0,6.0,21.0,7.0,25.0,23.0,548.0,benjamin.becker@gmail.com,2,3.8955979742890534E-4,33.0,17.0,33.0,17.0,27668.979541513385,2146771.9840367152,2,0,0.9979595683015561,false
sandbox/prototype/exec/java-exec/src/main/java/org/apache/drill/exec/physical/impl/join/JoinWorker.java,8.0,4.0,1.0,2.0,0.0,3.0,868.0,benjamin.becker@gmail.com,2,3.8955979742890534E-4,67.0,33.0,33.0,33.0,27668.979541513385,2146771.9840367152,2,0,0.9979595683015561,false
sandbox/prototype/exec/java-exec/src/main/java/org/apache/drill/exec/physical/impl/join/MergeJoinBatch.java,170.0,35.0,0.0,8.0,67.0,25.0,378.0,benjamin.becker@gmail.com,2,7.791195948578107E-4,50.0,10.0,40.0,20.0,27668.979541513385,2146771.9840367152,2,0,0.7856083498069514,false
sandbox/prototype/exec/java-exec/src/main/java/org/apache/drill/exec/physical/impl/join/MergeJoinBatchBuilder.java,81.0,9.0,0.0,4.0,29.0,14.0,868.0,benjamin.becker@gmail.com,2,3.8955979742890534E-4,67.0,33.0,33.0,33.0,27668.979541513385,2146771.9840367152,2,0,0.9979595683015561,false
sandbox/prototype/exec/java-exec/src/main/java/org/apache/drill/exec/physical/impl/join/MergeJoinCreator.java,12.0,8.0,0.0,1.0,5.0,5.0,871.0,benjamin.becker@gmail.com,2,7.791195948578107E-4,67.0,67.0,33.0,33.0,27668.979541513385,2146771.9840367152,2,0,0.6865231558426115,false
sandbox/prototype/exec/java-exec/src/main/java/org/apache/drill/exec/physical/impl/materialize/RecordMaterializer.java,3.0,0.0,0.0,1.0,0.0,1.0,1096.0,jacques@apache.org,1,0.0,33.0,33.0,33.0,33.0,26686.143720617863,2143793.060959792,1,0,1.0116009116784799,false
sandbox/prototype/exec/java-exec/src/main/java/org/apache/drill/exec/physical/impl/materialize/VectorRecordMaterializer.java,13.0,7.0,0.0,2.0,10.0,3.0,1436.0,jacques@apache.org,1,0.0,0.0,0.0,0.0,25.0,26686.143720617863,2143793.060959792,1,1,1.0116009116784799,false
sandbox/prototype/exec/java-exec/src/main/java/org/apache/drill/exec/physical/impl/partitionsender/OutgoingRecordBatch.java,140.0,25.0,69.0,18.0,38.0,36.0,270.0,benjamin.becker@gmail.com,2,7.791195948578107E-4,45.0,27.0,45.0,36.0,27668.979541513385,2146771.9840367152,2,0,0.8322148935891849,false
sandbox/prototype/exec/java-exec/src/main/java/org/apache/drill/exec/physical/impl/partitionsender/PartitionSenderCreator.java,4.0,7.0,0.0,1.0,0.0,2.0,1081.0,benjamin.becker@gmail.com,2,3.8955979742890534E-4,50.0,50.0,50.0,50.0,27668.979541513385,2146771.9840367152,2,0,0.7856083498069514,false
sandbox/prototype/exec/java-exec/src/main/java/org/apache/drill/exec/physical/impl/partitionsender/PartitionSenderRootExec.java,154.0,25.0,0.0,6.0,70.0,28.0,301.0,benjamin.becker@gmail.com,2,7.791195948578107E-4,44.0,11.0,33.0,22.0,27668.979541513385,2146771.9840367152,2,0,0.9979595683015561,false
sandbox/prototype/exec/java-exec/src/main/java/org/apache/drill/exec/physical/impl/partitionsender/Partitioner.java,5.0,4.0,1.0,2.0,0.0,3.0,746.0,benjamin.becker@gmail.com,2,7.791195948578107E-4,50.0,50.0,25.0,50.0,27668.979541513385,2146771.9840367152,2,0,0.68284307640388,false
sandbox/prototype/exec/java-exec/src/main/java/org/apache/drill/exec/physical/impl/partitionsender/PartitionerInnerSignature.java,4.0,5.0,1.0,2.0,0.0,3.0,26.0,jacques@apache.org,1,3.8955979742890534E-4,100.0,50.0,50.0,50.0,26686.143720617863,2143793.060959792,1,0,1.0116009116784799,false
sandbox/prototype/exec/java-exec/src/main/java/org/apache/drill/exec/physical/impl/partitionsender/PartitionerTemplate.java,15.0,4.0,10.0,5.0,3.0,9.0,739.0,benjamin.becker@gmail.com,2,7.791195948578107E-4,25.0,50.0,25.0,50.0,27668.979541513385,2146771.9840367152,2,0,0.7856083498069514,false
sandbox/prototype/exec/java-exec/src/main/java/org/apache/drill/exec/physical/impl/project/ProjectRecordBatch.java,74.0,28.0,8.0,5.0,50.0,17.0,575.0,jacques@apache.org,1,3.8955979742890534E-4,27.0,18.0,18.0,27.0,26686.143720617863,2143793.060959792,1,0,1.0116009116784799,false
sandbox/prototype/exec/java-exec/src/main/java/org/apache/drill/exec/physical/impl/project/Projector.java,5.0,6.0,1.0,2.0,0.0,3.0,892.0,jacques@apache.org,1,3.8955979742890534E-4,14.0,14.0,0.0,29.0,26686.143720617863,2143793.060959792,1,0,1.0116009116784799,false
sandbox/prototype/exec/java-exec/src/main/java/org/apache/drill/exec/physical/impl/project/ProjectorTemplate.java,47.0,10.0,8.0,5.0,9.0,13.0,1103.0,jacques@apache.org,1,3.8955979742890534E-4,0.0,10.0,0.0,20.0,26686.143720617863,2143793.060959792,1,3,1.0116009116784799,false
sandbox/prototype/exec/java-exec/src/main/java/org/apache/drill/exec/physical/impl/sort/RecordBatchData.java,28.0,8.0,0.0,4.0,11.0,10.0,652.0,jacques@apache.org,1,3.8955979742890534E-4,33.0,67.0,33.0,67.0,26686.143720617863,2143793.060959792,1,0,1.0116009116784799,false
sandbox/prototype/exec/java-exec/src/main/java/org/apache/drill/exec/physical/impl/sort/SortBatch.java,115.0,27.0,21.0,10.0,40.0,29.0,395.0,jacques@apache.org,2,3.8955979742890534E-4,50.0,33.0,17.0,33.0,27668.979541513385,2146771.9840367152,2,0,0.7167579090416474,false
sandbox/prototype/exec/java-exec/src/main/java/org/apache/drill/exec/physical/impl/sort/SortBatchCreator.java,7.0,7.0,0.0,1.0,4.0,3.0,1096.0,jacques@apache.org,1,0.0,50.0,50.0,50.0,50.0,26686.143720617863,2143793.060959792,1,0,1.0116009116784799,false
sandbox/prototype/exec/java-exec/src/main/java/org/apache/drill/exec/physical/impl/sort/SortRecordBatchBuilder.java,93.0,15.0,2.0,5.0,27.0,17.0,744.0,jacques@apache.org,1,0.0,50.0,50.0,50.0,50.0,26686.143720617863,2143793.060959792,1,0,1.0116009116784799,false
sandbox/prototype/exec/java-exec/src/main/java/org/apache/drill/exec/physical/impl/sort/SortTemplate.java,24.0,8.0,3.0,6.0,8.0,8.0,577.0,jacques@apache.org,1,3.8955979742890534E-4,50.0,50.0,25.0,50.0,26686.143720617863,2143793.060959792,1,0,1.0116009116784799,false
sandbox/prototype/exec/java-exec/src/main/java/org/apache/drill/exec/physical/impl/sort/Sorter.java,5.0,6.0,1.0,2.0,0.0,3.0,654.0,jacques@apache.org,1,3.8955979742890534E-4,50.0,50.0,25.0,50.0,26686.143720617863,2143793.060959792,1,0,1.0116009116784799,false
sandbox/prototype/exec/java-exec/src/main/java/org/apache/drill/exec/physical/impl/svremover/Copier.java,6.0,5.0,1.0,2.0,0.0,3.0,756.0,jacques@apache.org,1,3.8955979742890534E-4,40.0,40.0,20.0,40.0,26686.143720617863,2143793.060959792,1,0,1.0116009116784799,false
sandbox/prototype/exec/java-exec/src/main/java/org/apache/drill/exec/physical/impl/svremover/CopierTemplate2.java,25.0,6.0,6.0,5.0,7.0,8.0,764.0,jacques@apache.org,1,3.8955979742890534E-4,50.0,50.0,25.0,50.0,26686.143720617863,2143793.060959792,1,0,1.0116009116784799,false
sandbox/prototype/exec/java-exec/src/main/java/org/apache/drill/exec/physical/impl/svremover/CopierTemplate4.java,26.0,7.0,6.0,5.0,7.0,8.0,897.0,jacques@apache.org,1,3.8955979742890534E-4,33.0,67.0,33.0,67.0,26686.143720617863,2143793.060959792,1,0,1.0116009116784799,false
sandbox/prototype/exec/java-exec/src/main/java/org/apache/drill/exec/physical/impl/svremover/RemovingRecordBatch.java,130.0,26.0,23.0,10.0,60.0,34.0,573.0,jacques@apache.org,1,3.8955979742890534E-4,38.0,25.0,12.0,38.0,26686.143720617863,2143793.060959792,1,1,1.0116009116784799,false
sandbox/prototype/exec/java-exec/src/main/java/org/apache/drill/exec/physical/impl/svremover/SVRemoverCreator.java,7.0,7.0,0.0,1.0,4.0,3.0,1096.0,jacques@apache.org,1,0.0,33.0,33.0,33.0,33.0,26686.143720617863,2143793.060959792,1,0,1.0116009116784799,false
sandbox/prototype/exec/java-exec/src/main/java/org/apache/drill/exec/physical/impl/union/UnionBatchCreator.java,7.0,7.0,0.0,1.0,2.0,3.0,1080.0,jacques@apache.org,2,0.0,0.0,0.0,50.0,50.0,26841.143720617863,2143877.560959792,2,0,1.637982395926164,false
sandbox/prototype/exec/java-exec/src/main/java/org/apache/drill/exec/physical/impl/union/UnionRecordBatch.java,94.0,9.0,8.0,9.0,31.0,24.0,1080.0,jacques@apache.org,2,0.0,0.0,0.0,50.0,50.0,26841.143720617863,2143877.560959792,2,0,1.637982395926164,false
sandbox/prototype/exec/java-exec/src/main/java/org/apache/drill/exec/planner/PhysicalPlanReader.java,41.0,19.0,0.0,6.0,18.0,17.0,1111.0,jacques@apache.org,2,0.0,0.0,0.0,0.0,20.0,27531.477053951196,2148076.336821861,2,0,1.526410620269059,false
sandbox/prototype/exec/java-exec/src/main/java/org/apache/drill/exec/planner/fragment/MakeFragmentsVisitor.java,38.0,5.0,15.0,6.0,9.0,19.0,1111.0,jacques@apache.org,2,0.0,0.0,0.0,0.0,33.0,27531.477053951196,2148076.336821861,2,0,1.526410620269059,false
sandbox/prototype/exec/java-exec/src/main/java/org/apache/drill/exec/planner/fragment/Materializer.java,55.0,7.0,10.0,5.0,17.0,22.0,1111.0,jacques@apache.org,2,0.0,0.0,0.0,0.0,25.0,27531.477053951196,2148076.336821861,2,0,1.526410620269059,false
sandbox/prototype/exec/java-exec/src/main/java/org/apache/drill/exec/planner/fragment/SimpleParallelizer.java,74.0,17.0,3.0,3.0,41.0,19.0,750.0,jacques@apache.org,2,0.0,0.0,0.0,0.0,20.0,27531.477053951196,2148076.336821861,2,1,1.526410620269059,false
sandbox/prototype/exec/java-exec/src/main/java/org/apache/drill/exec/planner/fragment/StatsCollector.java,57.0,5.0,3.0,3.0,7.0,5.0,892.0,jacques@apache.org,2,0.0,0.0,0.0,0.0,25.0,27531.477053951196,2148076.336821861,2,0,1.526410620269059,false
sandbox/prototype/exec/java-exec/src/main/java/org/apache/drill/exec/planner/fragment/Wrapper.java,108.0,16.0,13.0,11.0,31.0,23.0,638.0,jacques@apache.org,3,3.8955979742890534E-4,20.0,0.0,20.0,20.0,39558.50853094878,5152998.432566542,3,0,0.7317483974292449,false
sandbox/prototype/exec/java-exec/src/main/java/org/apache/drill/exec/record/AbstractRecordBatch.java,46.0,6.0,54.0,13.0,8.0,22.0,557.0,benjamin.becker@gmail.com,2,3.8955979742890534E-4,50.0,25.0,50.0,25.0,27668.979541513385,2146771.9840367152,2,0,0.68284307640388,false
sandbox/prototype/exec/java-exec/src/main/java/org/apache/drill/exec/record/AbstractSingleRecordBatch.java,41.0,3.0,4.0,5.0,8.0,12.0,563.0,jacques@apache.org,1,3.8955979742890534E-4,67.0,33.0,33.0,33.0,26686.143720617863,2143793.060959792,1,0,1.0116009116784799,false
sandbox/prototype/exec/java-exec/src/main/java/org/apache/drill/exec/record/BatchSchema.java,50.0,2.0,0.0,8.0,4.0,16.0,1436.0,jacques@apache.org,1,0.0,0.0,0.0,0.0,14.0,26686.143720617863,2143793.060959792,1,0,1.0116009116784799,false
sandbox/prototype/exec/java-exec/src/main/java/org/apache/drill/exec/record/DeadBuf.java,442.0,11.0,0.0,146.0,0.0,299.0,1436.0,jacques@apache.org,1,0.0,0.0,0.0,0.0,25.0,26686.143720617863,2143793.060959792,1,1,1.0116009116784799,false
sandbox/prototype/exec/java-exec/src/main/java/org/apache/drill/exec/record/FragmentWritableBatch.java,16.0,4.0,0.0,3.0,12.0,5.0,898.0,jacques@apache.org,2,0.0,0.0,0.0,25.0,25.0,27531.477053951196,2148076.336821861,2,0,1.1803913361506835,false
sandbox/prototype/exec/java-exec/src/main/java/org/apache/drill/exec/record/HyperVectorWrapper.java,42.0,2.0,7.0,10.0,4.0,20.0,644.0,benjamin.becker@gmail.com,2,3.8955979742890534E-4,25.0,50.0,25.0,50.0,27668.979541513385,2146771.9840367152,2,0,0.68284307640388,false
sandbox/prototype/exec/java-exec/src/main/java/org/apache/drill/exec/record/MaterializedField.java,121.0,10.0,0.0,17.0,57.0,48.0,893.0,jacques@apache.org,1,3.8955979742890534E-4,8.0,8.0,0.0,25.0,26686.143720617863,2143793.060959792,1,1,1.0116009116784799,false
sandbox/prototype/exec/java-exec/src/main/java/org/apache/drill/exec/record/NullExpression.java,17.0,8.0,6.0,4.0,2.0,9.0,1090.0,jacques@apache.org,1,3.8955979742890534E-4,25.0,0.0,0.0,25.0,26686.143720617863,2143793.060959792,1,0,1.0116009116784799,false
sandbox/prototype/exec/java-exec/src/main/java/org/apache/drill/exec/record/RawFragmentBatch.java,23.0,2.0,0.0,5.0,2.0,10.0,1089.0,jacques@apache.org,1,0.0,0.0,0.0,20.0,20.0,26686.143720617863,2143793.060959792,1,1,1.0116009116784799,false
sandbox/prototype/exec/java-exec/src/main/java/org/apache/drill/exec/record/RecordBatch.java,52.0,5.0,45.0,10.0,0.0,22.0,744.0,jacques@apache.org,1,0.0,9.0,9.0,9.0,9.0,26686.143720617863,2143793.060959792,1,1,1.0116009116784799,false
sandbox/prototype/exec/java-exec/src/main/java/org/apache/drill/exec/record/RecordBatchLoader.java,82.0,13.0,0.0,8.0,27.0,19.0,466.0,jacques@apache.org,3,3.8955979742890534E-4,20.0,7.0,13.0,13.0,28514.312874846717,2151055.259898784,3,2,0.7024081858099991,false
sandbox/prototype/exec/java-exec/src/main/java/org/apache/drill/exec/record/SimpleVectorWrapper.java,33.0,1.0,0.0,9.0,6.0,16.0,749.0,jacques@apache.org,1,3.8955979742890534E-4,33.0,67.0,33.0,67.0,26686.143720617863,2143793.060959792,1,0,1.0116009116784799,false
sandbox/prototype/exec/java-exec/src/main/java/org/apache/drill/exec/record/TransferPair.java,5.0,1.0,3.0,3.0,0.0,3.0,1103.0,jacques@apache.org,1,3.8955979742890534E-4,0.0,33.0,0.0,67.0,26686.143720617863,2143793.060959792,1,0,1.0116009116784799,false
sandbox/prototype/exec/java-exec/src/main/java/org/apache/drill/exec/record/TypedFieldId.java,38.0,1.0,0.0,7.0,2.0,14.0,1096.0,jacques@apache.org,1,0.0,50.0,50.0,50.0,50.0,26686.143720617863,2143793.060959792,1,0,1.0116009116784799,false
sandbox/prototype/exec/java-exec/src/main/java/org/apache/drill/exec/record/VectorContainer.java,86.0,8.0,17.0,14.0,35.0,33.0,387.0,jacques@apache.org,2,3.8955979742890534E-4,33.0,33.0,50.0,33.0,27668.979541513385,2146771.9840367152,2,0,0.7167579090416474,false
sandbox/prototype/exec/java-exec/src/main/java/org/apache/drill/exec/record/VectorWrapper.java,9.0,1.0,21.0,7.0,0.0,7.0,749.0,jacques@apache.org,1,3.8955979742890534E-4,33.0,67.0,33.0,67.0,26686.143720617863,2143793.060959792,1,0,1.0116009116784799,false
sandbox/prototype/exec/java-exec/src/main/java/org/apache/drill/exec/record/WritableBatch.java,51.0,8.0,5.0,7.0,22.0,18.0,574.0,jacques@apache.org,2,0.0,8.0,8.0,15.0,8.0,27531.477053951196,2148076.336821861,2,2,1.0532442116349339,false
sandbox/prototype/exec/java-exec/src/main/java/org/apache/drill/exec/record/selection/SelectionVector2.java,46.0,5.0,2.0,9.0,8.0,14.0,886.0,jacques@apache.org,1,3.8955979742890534E-4,17.0,0.0,0.0,17.0,26686.143720617863,2143793.060959792,1,1,1.0116009116784799,false
sandbox/prototype/exec/java-exec/src/main/java/org/apache/drill/exec/record/selection/SelectionVector4.java,59.0,2.0,0.0,9.0,8.0,20.0,565.0,jacques@apache.org,2,3.8955979742890534E-4,20.0,40.0,20.0,40.0,27668.979541513385,2146771.9840367152,2,0,0.68284307640388,false
sandbox/prototype/exec/java-exec/src/main/java/org/apache/drill/exec/record/selection/SelectionVector4Builder.java,15.0,5.0,0.0,1.0,3.0,4.0,1096.0,jacques@apache.org,1,0.0,50.0,50.0,50.0,50.0,26686.143720617863,2143793.060959792,1,0,1.0116009116784799,false
sandbox/prototype/exec/java-exec/src/main/java/org/apache/drill/exec/rpc/AbstractHandshakeHandler.java,22.0,6.0,1.0,3.0,10.0,7.0,1089.0,jacques@apache.org,1,0.0,0.0,0.0,20.0,20.0,26686.143720617863,2143793.060959792,1,1,1.0116009116784799,false
sandbox/prototype/exec/java-exec/src/main/java/org/apache/drill/exec/rpc/BaseRpcOutcomeListener.java,7.0,1.0,1.0,2.0,0.0,2.0,1436.0,jacques@apache.org,1,0.0,0.0,0.0,0.0,33.0,26686.143720617863,2143793.060959792,1,1,1.0116009116784799,false
sandbox/prototype/exec/java-exec/src/main/java/org/apache/drill/exec/rpc/BasicClient.java,109.0,16.0,6.0,12.0,27.0,22.0,1079.0,jacques@apache.org,2,3.8955979742890534E-4,14.0,0.0,0.0,14.0,26736.143720617863,2143817.560959792,2,2,1.9845559862061366,false
sandbox/prototype/exec/java-exec/src/main/java/org/apache/drill/exec/rpc/BasicServer.java,55.0,17.0,7.0,6.0,28.0,16.0,1436.0,jacques@apache.org,1,0.0,0.0,0.0,0.0,14.0,26686.143720617863,2143793.060959792,1,2,1.0116009116784799,false
sandbox/prototype/exec/java-exec/src/main/java/org/apache/drill/exec/rpc/CoordinationQueue.java,93.0,5.0,3.0,6.0,12.0,20.0,872.0,jacques@apache.org,2,3.8955979742890534E-4,12.0,0.0,12.0,12.0,26736.143720617863,2143817.560959792,2,2,1.4858215801087349,false
sandbox/prototype/exec/java-exec/src/main/java/org/apache/drill/exec/rpc/DrillRpcFuture.java,4.0,2.0,0.0,1.0,0.0,1.0,1436.0,jacques@apache.org,1,0.0,0.0,0.0,0.0,17.0,26686.143720617863,2143793.060959792,1,2,1.0116009116784799,false
sandbox/prototype/exec/java-exec/src/main/java/org/apache/drill/exec/rpc/DrillRpcFutureImpl.java,37.0,3.0,15.0,7.0,6.0,12.0,1089.0,jacques@apache.org,1,0.0,0.0,0.0,20.0,20.0,26686.143720617863,2143793.060959792,1,1,1.0116009116784799,false
sandbox/prototype/exec/java-exec/src/main/java/org/apache/drill/exec/rpc/PositiveAtomicInteger.java,13.0,1.0,0.0,1.0,1.0,4.0,1436.0,jacques@apache.org,1,0.0,0.0,0.0,0.0,33.0,26686.143720617863,2143793.060959792,1,1,1.0116009116784799,false
sandbox/prototype/exec/java-exec/src/main/java/org/apache/drill/exec/rpc/RemoteConnection.java,31.0,2.0,3.0,6.0,3.0,10.0,1089.0,jacques@apache.org,1,0.0,0.0,0.0,33.0,33.0,26686.143720617863,2143793.060959792,1,0,1.0116009116784799,false
sandbox/prototype/exec/java-exec/src/main/java/org/apache/drill/exec/rpc/RpcBus.java,53.0,17.0,45.0,10.0,7.0,20.0,1089.0,jacques@apache.org,1,0.0,0.0,0.0,12.0,12.0,26686.143720617863,2143793.060959792,1,3,1.0116009116784799,false
sandbox/prototype/exec/java-exec/src/main/java/org/apache/drill/exec/rpc/RpcCheckedFuture.java,15.0,3.0,6.0,4.0,1.0,6.0,1436.0,jacques@apache.org,1,0.0,0.0,0.0,0.0,33.0,26686.143720617863,2143793.060959792,1,1,1.0116009116784799,false
sandbox/prototype/exec/java-exec/src/main/java/org/apache/drill/exec/rpc/RpcConstants.java,7.0,0.0,0.0,1.0,0.0,1.0,1436.0,jacques@apache.org,1,0.0,0.0,0.0,0.0,33.0,26686.143720617863,2143793.060959792,1,1,1.0116009116784799,false
sandbox/prototype/exec/java-exec/src/main/java/org/apache/drill/exec/rpc/RpcDecoder.java,87.0,9.0,2.0,4.0,24.0,17.0,1436.0,jacques@apache.org,1,0.0,0.0,0.0,0.0,25.0,26686.143720617863,2143793.060959792,1,1,1.0116009116784799,false
sandbox/prototype/exec/java-exec/src/main/java/org/apache/drill/exec/rpc/RpcEncoder.java,85.0,12.0,4.0,4.0,23.0,14.0,1111.0,jacques@apache.org,2,0.0,0.0,0.0,0.0,20.0,27531.477053951196,2148076.336821861,2,1,1.526410620269059,false
sandbox/prototype/exec/java-exec/src/main/java/org/apache/drill/exec/rpc/RpcExceptionHandler.java,14.0,2.0,6.0,4.0,6.0,9.0,1079.0,jacques@apache.org,2,3.8955979742890534E-4,25.0,0.0,25.0,25.0,38713.17519761544,5148715.156704473,2,0,0.47434354313395544,false
sandbox/prototype/exec/java-exec/src/main/java/org/apache/drill/exec/rpc/RpcOutcome.java,6.0,1.0,3.0,3.0,0.0,3.0,1436.0,jacques@apache.org,1,0.0,0.0,0.0,0.0,33.0,26686.143720617863,2143793.060959792,1,1,1.0116009116784799,false
sandbox/prototype/exec/java-exec/src/main/java/org/apache/drill/exec/rpc/RpcOutcomeListener.java,4.0,1.0,1.0,2.0,0.0,2.0,1436.0,jacques@apache.org,1,0.0,0.0,0.0,0.0,25.0,26686.143720617863,2143793.060959792,1,1,1.0116009116784799,false
sandbox/prototype/exec/java-exec/src/main/java/org/apache/drill/exec/rpc/ZeroCopyProtobufLengthDecoder.java,43.0,6.0,0.0,1.0,16.0,6.0,1436.0,jacques@apache.org,1,0.0,0.0,0.0,0.0,20.0,26686.143720617863,2143793.060959792,1,1,1.0116009116784799,false
sandbox/prototype/exec/java-exec/src/main/java/org/apache/drill/exec/rpc/bit/FutureBitCommand.java,30.0,7.0,11.0,6.0,6.0,9.0,1436.0,jacques@apache.org,1,0.0,0.0,0.0,0.0,33.0,26686.143720617863,2143793.060959792,1,1,1.0116009116784799,false
sandbox/prototype/exec/java-exec/src/main/java/org/apache/drill/exec/rpc/bit/ListeningBitCommand.java,25.0,4.0,8.0,5.0,5.0,7.0,1436.0,jacques@apache.org,1,0.0,0.0,0.0,0.0,33.0,26686.143720617863,2143793.060959792,1,1,1.0116009116784799,false
sandbox/prototype/exec/java-exec/src/main/java/org/apache/drill/exec/rpc/user/QueryResultBatch.java,25.0,2.0,0.0,6.0,2.0,12.0,1089.0,jacques@apache.org,1,0.0,0.0,0.0,20.0,20.0,26686.143720617863,2143793.060959792,1,1,1.0116009116784799,false
sandbox/prototype/exec/java-exec/src/main/java/org/apache/drill/exec/rpc/user/QueryResultHandler.java,116.0,12.0,1.0,3.0,15.0,10.0,878.0,jacques@apache.org,2,3.8955979742890534E-4,40.0,20.0,40.0,20.0,38713.17519761544,5148715.156704473,2,1,0.479013284727281,false
sandbox/prototype/exec/java-exec/src/main/java/org/apache/drill/exec/rpc/user/UserClient.java,47.0,16.0,19.0,7.0,18.0,20.0,1436.0,jacques@apache.org,1,0.0,0.0,0.0,0.0,17.0,26686.143720617863,2143793.060959792,1,1,1.0116009116784799,false
sandbox/prototype/exec/java-exec/src/main/java/org/apache/drill/exec/schema/DiffSchema.java,28.0,2.0,0.0,6.0,4.0,10.0,865.0,jacques@apache.org,2,3.8955979742890534E-4,0.0,40.0,20.0,20.0,27424.143720617863,2145950.2276264587,2,0,1.4020501040150997,false
sandbox/prototype/exec/java-exec/src/main/java/org/apache/drill/exec/schema/Field.java,66.0,7.0,69.0,15.0,16.0,29.0,740.0,jacques@apache.org,2,3.8955979742890534E-4,14.0,0.0,14.0,14.0,27424.143720617863,2145950.2276264587,2,0,0.8343770272964588,false
sandbox/prototype/exec/java-exec/src/main/java/org/apache/drill/exec/schema/json/jackson/JacksonHelper.java,69.0,6.0,1.0,2.0,5.0,10.0,865.0,jacques@apache.org,2,0.0,0.0,0.0,14.0,14.0,27424.143720617863,2145950.2276264587,2,0,1.4020501040150997,false
sandbox/prototype/exec/java-exec/src/main/java/org/apache/drill/exec/server/DrillbitContext.java,53.0,18.0,23.0,11.0,9.0,22.0,908.0,jacques@apache.org,2,3.8955979742890534E-4,12.0,0.0,0.0,12.0,27531.477053951196,2148076.336821861,2,1,1.1803913361506835,false
sandbox/prototype/exec/java-exec/src/main/java/org/apache/drill/exec/service/ServiceEngine.java,25.0,17.0,0.0,4.0,14.0,8.0,891.0,jacques@apache.org,2,0.0,0.0,0.0,0.0,17.0,27531.477053951196,2148076.336821861,2,1,1.526410620269059,false
sandbox/prototype/exec/java-exec/src/main/java/org/apache/drill/exec/store/AbstractStorageEngine.java,32.0,11.0,45.0,10.0,1.0,19.0,898.0,jacques@apache.org,2,0.0,0.0,0.0,20.0,20.0,27531.477053951196,2148076.336821861,2,0,1.1803913361506835,false
sandbox/prototype/exec/java-exec/src/main/java/org/apache/drill/exec/store/AffinityCalculator.java,107.0,12.0,0.0,5.0,49.0,15.0,637.0,jacques@apache.org,3,3.8955979742890534E-4,25.0,0.0,50.0,25.0,39558.50853094878,5152998.432566542,3,0,0.7317483974292449,false
sandbox/prototype/exec/java-exec/src/main/java/org/apache/drill/exec/store/ClassPathFileSystem.java,58.0,12.0,46.0,13.0,9.0,33.0,1082.0,jacques@apache.org,1,3.8955979742890534E-4,50.0,50.0,0.0,50.0,26686.143720617863,2143793.060959792,1,0,1.0116009116784799,false
sandbox/prototype/exec/java-exec/src/main/java/org/apache/drill/exec/store/DistributedStorageEngine.java,3.0,0.0,0.0,1.0,0.0,1.0,1102.0,jacques@apache.org,1,3.8955979742890534E-4,50.0,0.0,0.0,50.0,26686.143720617863,2143793.060959792,1,0,1.0116009116784799,false
sandbox/prototype/exec/java-exec/src/main/java/org/apache/drill/exec/store/ResourceInputStream.java,57.0,5.0,28.0,8.0,5.0,25.0,1082.0,jacques@apache.org,1,3.8955979742890534E-4,50.0,50.0,0.0,50.0,26686.143720617863,2143793.060959792,1,0,1.0116009116784799,false
sandbox/prototype/exec/java-exec/src/main/java/org/apache/drill/exec/store/SchemaProvider.java,4.0,0.0,0.0,1.0,0.0,1.0,1102.0,jacques@apache.org,1,3.8955979742890534E-4,50.0,0.0,0.0,50.0,26686.143720617863,2143793.060959792,1,0,1.0116009116784799,false
sandbox/prototype/exec/java-exec/src/main/java/org/apache/drill/exec/store/SchemaProviderRegistry.java,43.0,10.0,0.0,3.0,15.0,10.0,1102.0,jacques@apache.org,1,3.8955979742890534E-4,50.0,0.0,0.0,50.0,26686.143720617863,2143793.060959792,1,0,1.0116009116784799,false
sandbox/prototype/exec/java-exec/src/main/java/org/apache/drill/exec/store/StorageEngine.java,58.0,11.0,45.0,10.0,0.0,27.0,908.0,jacques@apache.org,2,3.8955979742890534E-4,17.0,0.0,0.0,17.0,27531.477053951196,2148076.336821861,2,0,1.1803913361506835,false
sandbox/prototype/exec/java-exec/src/main/java/org/apache/drill/exec/store/StorageEngineRegistry.java,43.0,12.0,0.0,3.0,16.0,10.0,764.0,jacques@apache.org,2,3.8955979742890534E-4,17.0,0.0,17.0,17.0,27531.477053951196,2148076.336821861,2,0,1.0532442116349339,false
sandbox/prototype/exec/java-exec/src/main/java/org/apache/drill/exec/store/VectorHolder.java,59.0,1.0,0.0,11.0,10.0,20.0,458.0,jacques@apache.org,3,7.791195948578107E-4,9.0,27.0,27.0,9.0,28269.477053951196,2150233.5034885276,3,1,1.2812858694358946,false
sandbox/prototype/exec/java-exec/src/main/java/org/apache/drill/exec/store/json/JSONGroupScan.java,76.0,20.0,4.0,9.0,10.0,21.0,639.0,jacques@apache.org,2,3.8955979742890534E-4,40.0,20.0,20.0,20.0,27424.143720617863,2145950.2276264587,2,0,0.8192874963297219,false
sandbox/prototype/exec/java-exec/src/main/java/org/apache/drill/exec/store/json/JSONRecordReader.java,346.0,51.0,215.0,26.0,86.0,75.0,556.0,jacques@apache.org,2,3.8955979742890534E-4,50.0,17.0,17.0,33.0,27424.143720617863,2145950.2276264587,2,0,0.8177805429700333,false
sandbox/prototype/exec/java-exec/src/main/java/org/apache/drill/exec/store/json/JSONScanBatchCreator.java,11.0,9.0,0.0,1.0,10.0,4.0,561.0,jacques@apache.org,2,3.8955979742890534E-4,50.0,25.0,25.0,25.0,27424.143720617863,2145950.2276264587,2,0,0.8343770272964588,false
sandbox/prototype/exec/java-exec/src/main/java/org/apache/drill/exec/store/json/JSONStorageEngine.java,35.0,12.0,4.0,5.0,8.0,12.0,739.0,jacques@apache.org,2,3.8955979742890534E-4,50.0,25.0,0.0,25.0,27424.143720617863,2145950.2276264587,2,0,0.8343770272964588,false
sandbox/prototype/exec/java-exec/src/main/java/org/apache/drill/exec/store/json/JSONStorageEngineConfig.java,19.0,4.0,0.0,4.0,3.0,8.0,1079.0,jacques@apache.org,2,0.0,0.0,0.0,0.0,50.0,27424.143720617863,2145950.2276264587,2,0,1.088676251592109,false
sandbox/prototype/exec/java-exec/src/main/java/org/apache/drill/exec/store/json/JSONSubScan.java,50.0,18.0,35.0,11.0,7.0,23.0,741.0,jacques@apache.org,2,3.8955979742890534E-4,50.0,25.0,25.0,25.0,27424.143720617863,2145950.2276264587,2,0,0.8343770272964588,false
sandbox/prototype/exec/java-exec/src/main/java/org/apache/drill/exec/store/json/JsonSchemaProvider.java,29.0,8.0,1.0,2.0,6.0,8.0,885.0,jacques@apache.org,1,3.8955979742890534E-4,67.0,33.0,0.0,33.0,26686.143720617863,2143793.060959792,1,0,1.0116009116784799,false
sandbox/prototype/exec/java-exec/src/main/java/org/apache/drill/exec/store/mock/MockGroupScanPOP.java,128.0,22.0,17.0,10.0,11.0,21.0,650.0,jacques@apache.org,1,3.8955979742890534E-4,67.0,33.0,33.0,67.0,26686.143720617863,2143793.060959792,1,0,1.0116009116784799,false
sandbox/prototype/exec/java-exec/src/main/java/org/apache/drill/exec/store/mock/MockRecordReader.java,61.0,14.0,5.0,6.0,19.0,18.0,518.0,jacques@apache.org,1,3.8955979742890534E-4,50.0,50.0,25.0,75.0,26686.143720617863,2143793.060959792,1,0,1.0116009116784799,false
sandbox/prototype/exec/java-exec/src/main/java/org/apache/drill/exec/store/mock/MockScanBatchCreator.java,12.0,10.0,0.0,1.0,6.0,4.0,750.0,jacques@apache.org,1,3.8955979742890534E-4,50.0,50.0,50.0,50.0,26686.143720617863,2143793.060959792,1,0,1.0116009116784799,false
sandbox/prototype/exec/java-exec/src/main/java/org/apache/drill/exec/store/mock/MockStorageEngine.java,14.0,10.0,3.0,3.0,2.0,6.0,583.0,jacques@apache.org,1,3.8955979742890534E-4,50.0,25.0,50.0,25.0,26686.143720617863,2143793.060959792,1,0,1.0116009116784799,false
sandbox/prototype/exec/java-exec/src/main/java/org/apache/drill/exec/store/mock/MockStorageEngineConfig.java,20.0,4.0,0.0,4.0,3.0,8.0,761.0,jacques@apache.org,1,3.8955979742890534E-4,50.0,0.0,0.0,50.0,26686.143720617863,2143793.060959792,1,0,1.0116009116784799,false
sandbox/prototype/exec/java-exec/src/main/java/org/apache/drill/exec/store/mock/MockStorePOP.java,23.0,11.0,21.0,7.0,4.0,13.0,874.0,jacques@apache.org,1,3.8955979742890534E-4,50.0,50.0,50.0,50.0,26686.143720617863,2143793.060959792,1,0,1.0116009116784799,false
sandbox/prototype/exec/java-exec/src/main/java/org/apache/drill/exec/store/mock/MockSubScanPOP.java,45.0,15.0,26.0,9.0,7.0,19.0,650.0,jacques@apache.org,1,3.8955979742890534E-4,67.0,33.0,33.0,67.0,26686.143720617863,2143793.060959792,1,0,1.0116009116784799,false
sandbox/prototype/exec/java-exec/src/main/java/org/apache/drill/exec/store/parquet/BitReader.java,41.0,4.0,1.0,2.0,11.0,5.0,890.0,jacques@apache.org,2,3.8955979742890534E-4,33.0,0.0,0.0,33.0,27531.477053951196,2148076.336821861,2,0,1.9856959289176999,false
sandbox/prototype/exec/java-exec/src/main/java/org/apache/drill/exec/store/parquet/ColumnReader.java,57.0,8.0,1.0,3.0,12.0,11.0,643.0,jacques@apache.org,2,7.791195948578107E-4,60.0,20.0,20.0,20.0,27531.477053951196,2148076.336821861,2,0,1.7881375116498526,false
sandbox/prototype/exec/java-exec/src/main/java/org/apache/drill/exec/store/parquet/FixedByteAlignedReader.java,13.0,4.0,1.0,2.0,4.0,2.0,1111.0,jacques@apache.org,2,0.0,0.0,0.0,0.0,50.0,27531.477053951196,2148076.336821861,2,0,1.526410620269059,false
sandbox/prototype/exec/java-exec/src/main/java/org/apache/drill/exec/store/parquet/NullableBitReader.java,18.0,7.0,1.0,2.0,8.0,4.0,1082.0,jacques@apache.org,2,3.8955979742890534E-4,50.0,0.0,0.0,50.0,27531.477053951196,2148076.336821861,2,0,1.526410620269059,false
sandbox/prototype/exec/java-exec/src/main/java/org/apache/drill/exec/store/parquet/NullableColumnReader.java,81.0,6.0,3.0,3.0,14.0,9.0,1082.0,jacques@apache.org,2,3.8955979742890534E-4,50.0,0.0,0.0,50.0,27531.477053951196,2148076.336821861,2,0,1.526410620269059,false
sandbox/prototype/exec/java-exec/src/main/java/org/apache/drill/exec/store/parquet/NullableFixedByteAlignedReader.java,13.0,5.0,1.0,2.0,2.0,2.0,1082.0,jacques@apache.org,2,3.8955979742890534E-4,50.0,0.0,0.0,50.0,27531.477053951196,2148076.336821861,2,0,1.526410620269059,false
sandbox/prototype/exec/java-exec/src/main/java/org/apache/drill/exec/store/parquet/PageReadStatus.java,54.0,10.0,0.0,2.0,23.0,7.0,563.0,jacques@apache.org,2,7.791195948578107E-4,60.0,20.0,20.0,20.0,27531.477053951196,2148076.336821861,2,0,1.7881375116498526,false
sandbox/prototype/exec/java-exec/src/main/java/org/apache/drill/exec/store/parquet/ParquetGroupScan.java,230.0,43.0,62.0,17.0,84.0,41.0,273.0,jacques@apache.org,3,0.001168679392286716,55.0,18.0,36.0,9.0,39558.50853094878,5152998.432566542,3,0,0.5280335861978747,false
sandbox/prototype/exec/java-exec/src/main/java/org/apache/drill/exec/store/parquet/ParquetRecordReader.java,370.0,29.0,107.0,19.0,65.0,67.0,390.0,jacques@apache.org,3,0.001168679392286716,56.0,11.0,33.0,22.0,39558.50853094878,5152998.432566542,3,0,0.9146593773543518,false
sandbox/prototype/exec/java-exec/src/main/java/org/apache/drill/exec/store/parquet/ParquetRowGroupScan.java,67.0,11.0,31.0,11.0,5.0,25.0,652.0,jacques@apache.org,2,7.791195948578107E-4,40.0,20.0,20.0,20.0,27531.477053951196,2148076.336821861,2,0,1.3049547559896433,false
sandbox/prototype/exec/java-exec/src/main/java/org/apache/drill/exec/store/parquet/ParquetScanBatchCreator.java,16.0,14.0,0.0,1.0,13.0,5.0,511.0,jacques@apache.org,3,0.001168679392286716,57.0,29.0,43.0,14.0,39558.50853094878,5152998.432566542,3,0,0.7907020463706511,false
sandbox/prototype/exec/java-exec/src/main/java/org/apache/drill/exec/store/parquet/ParquetSchemaProvider.java,30.0,9.0,0.0,2.0,8.0,8.0,634.0,jacques@apache.org,2,7.791195948578107E-4,50.0,50.0,0.0,25.0,38713.17519761544,5148715.156704473,2,0,0.527210673067382,false
sandbox/prototype/exec/java-exec/src/main/java/org/apache/drill/exec/store/parquet/ParquetStorageEngine.java,51.0,29.0,33.0,11.0,4.0,23.0,513.0,jacques@apache.org,3,0.001168679392286716,57.0,14.0,14.0,14.0,39558.50853094878,5152998.432566542,3,0,0.7907020463706511,false
sandbox/prototype/exec/java-exec/src/main/java/org/apache/drill/exec/store/parquet/ParquetStorageEngineConfig.java,26.0,6.0,1.0,6.0,5.0,11.0,908.0,jacques@apache.org,2,3.8955979742890534E-4,33.0,0.0,0.0,33.0,27531.477053951196,2148076.336821861,2,0,1.1803913361506835,false
sandbox/prototype/exec/java-exec/src/main/java/org/apache/drill/exec/store/parquet/VarLenBinaryReader.java,131.0,9.0,0.0,2.0,18.0,9.0,744.0,jacques@apache.org,2,3.8955979742890534E-4,33.0,0.0,0.0,33.0,27531.477053951196,2148076.336821861,2,0,1.9856959289176999,false
sandbox/prototype/exec/java-exec/src/main/java/org/apache/drill/exec/vector/AllocationHelper.java,23.0,0.0,1.0,2.0,2.0,5.0,866.0,jacques@apache.org,1,3.8955979742890534E-4,25.0,25.0,25.0,50.0,26686.143720617863,2143793.060959792,1,0,0.8885684236993834,false
sandbox/prototype/exec/java-exec/src/main/java/org/apache/drill/exec/vector/BaseDataValueVector.java,31.0,5.0,3.0,6.0,5.0,10.0,567.0,jacques@apache.org,3,3.8955979742890534E-4,25.0,12.0,25.0,12.0,28269.477053951196,2150233.5034885276,3,1,1.2311352632021855,false
sandbox/prototype/exec/java-exec/src/main/java/org/apache/drill/exec/vector/BaseValueVector.java,28.0,4.0,8.0,5.0,3.0,7.0,886.0,jacques@apache.org,2,7.791195948578107E-4,14.0,14.0,0.0,29.0,27531.477053951196,2148076.336821861,2,0,1.1803913361506835,false
sandbox/prototype/exec/java-exec/src/main/java/org/apache/drill/exec/vector/BitVector.java,153.0,8.0,89.0,14.0,27.0,25.0,639.0,jacques@apache.org,2,7.791195948578107E-4,14.0,14.0,0.0,21.0,27531.477053951196,2148076.336821861,2,2,0.994381243800502,false
sandbox/prototype/exec/java-exec/src/main/java/org/apache/drill/exec/vector/FixedWidthVector.java,15.0,1.0,3.0,3.0,0.0,5.0,1080.0,jacques@apache.org,1,0.0,0.0,20.0,0.0,20.0,26686.143720617863,2143793.060959792,1,0,1.088676251592109,false
sandbox/prototype/exec/java-exec/src/main/java/org/apache/drill/exec/vector/NullableVectorDefinitionSetter.java,3.0,0.0,0.0,1.0,0.0,1.0,1082.0,jacques@apache.org,2,3.8955979742890534E-4,50.0,0.0,0.0,50.0,27531.477053951196,2148076.336821861,2,0,1.526410620269059,false
sandbox/prototype/exec/java-exec/src/main/java/org/apache/drill/exec/vector/RepeatedMutator.java,3.0,0.0,0.0,1.0,0.0,1.0,722.0,jacques@apache.org,2,0.0,0.0,25.0,25.0,25.0,27424.143720617863,2145950.2276264587,2,0,1.6045995477700334,false
sandbox/prototype/exec/java-exec/src/main/java/org/apache/drill/exec/vector/SerializableVector.java,2.0,0.0,0.0,0.0,0.0,0.0,1096.0,jacques@apache.org,1,0.0,50.0,50.0,50.0,50.0,26686.143720617863,2143793.060959792,1,0,1.0116009116784799,false
sandbox/prototype/exec/java-exec/src/main/java/org/apache/drill/exec/vector/ValueHolderHelper.java,12.0,3.0,0.0,1.0,3.0,2.0,892.0,jacques@apache.org,1,3.8955979742890534E-4,67.0,0.0,0.0,67.0,26686.143720617863,2143793.060959792,1,0,1.0116009116784799,false
sandbox/prototype/exec/java-exec/src/main/java/org/apache/drill/exec/vector/ValueVector.java,74.0,6.0,66.0,12.0,0.0,23.0,897.0,jacques@apache.org,1,3.8955979742890534E-4,11.0,22.0,11.0,22.0,26686.143720617863,2143793.060959792,1,0,1.0116009116784799,false
sandbox/prototype/exec/java-exec/src/main/java/org/apache/drill/exec/vector/VariableWidthVector.java,22.0,1.0,6.0,4.0,0.0,7.0,1436.0,jacques@apache.org,1,0.0,0.0,0.0,0.0,25.0,26686.143720617863,2143793.060959792,1,0,1.0116009116784799,false
sandbox/prototype/exec/java-exec/src/main/java/org/apache/drill/exec/vector/allocator/FixedVectorAllocator.java,13.0,1.0,0.0,3.0,1.0,4.0,885.0,benjamin.becker@gmail.com,2,3.8955979742890534E-4,0.0,33.0,0.0,67.0,27668.979541513385,2146771.9840367152,2,0,0.6865231558426115,false
sandbox/prototype/exec/java-exec/src/main/java/org/apache/drill/exec/vector/allocator/VariableEstimatedVector.java,12.0,1.0,0.0,2.0,1.0,2.0,885.0,benjamin.becker@gmail.com,2,3.8955979742890534E-4,0.0,33.0,0.0,67.0,27668.979541513385,2146771.9840367152,2,0,0.6865231558426115,false
sandbox/prototype/exec/java-exec/src/main/java/org/apache/drill/exec/vector/allocator/VariableVectorAllocator.java,12.0,1.0,0.0,2.0,2.0,2.0,885.0,benjamin.becker@gmail.com,2,3.8955979742890534E-4,0.0,33.0,0.0,67.0,27668.979541513385,2146771.9840367152,2,0,0.6865231558426115,false
sandbox/prototype/exec/java-exec/src/main/java/org/apache/drill/exec/vector/allocator/VectorAllocator.java,25.0,3.0,3.0,3.0,0.0,12.0,1103.0,jacques@apache.org,1,3.8955979742890534E-4,0.0,50.0,0.0,100.0,26686.143720617863,2143793.060959792,1,0,1.0116009116784799,false
sandbox/prototype/exec/java-exec/src/main/java/org/apache/drill/exec/work/AbstractFragmentRunnerListener.java,63.0,5.0,37.0,10.0,31.0,13.0,903.0,jacques@apache.org,2,0.0,20.0,20.0,20.0,20.0,27531.477053951196,2148076.336821861,2,1,1.1803913361506835,false
sandbox/prototype/exec/java-exec/src/main/java/org/apache/drill/exec/work/FragmentRunnerListener.java,4.0,2.0,1.0,2.0,0.0,2.0,1102.0,jacques@apache.org,1,3.8955979742890534E-4,33.0,0.0,0.0,33.0,26686.143720617863,2143793.060959792,1,0,1.0116009116784799,false
sandbox/prototype/exec/java-exec/src/main/java/org/apache/drill/exec/work/RemoteFragmentRunnerListener.java,15.0,4.0,0.0,2.0,2.0,2.0,642.0,jacques@apache.org,3,3.8955979742890534E-4,20.0,0.0,40.0,20.0,28514.312874846717,2151055.259898784,3,0,0.7313749755808219,false
sandbox/prototype/exec/java-exec/src/main/java/org/apache/drill/exec/work/WorkManager.java,83.0,26.0,7.0,6.0,1.0,10.0,744.0,jacques@apache.org,1,3.8955979742890534E-4,20.0,0.0,20.0,20.0,26686.143720617863,2143793.060959792,1,0,1.0116009116784799,false
sandbox/prototype/exec/java-exec/src/main/java/org/apache/drill/exec/work/batch/AbstractFragmentCollector.java,54.0,8.0,13.0,7.0,14.0,15.0,1089.0,jacques@apache.org,1,0.0,0.0,0.0,20.0,20.0,26686.143720617863,2143793.060959792,1,1,1.0116009116784799,false
sandbox/prototype/exec/java-exec/src/main/java/org/apache/drill/exec/work/batch/BitComHandlerImpl.java,108.0,32.0,0.0,6.0,43.0,24.0,742.0,jacques@apache.org,3,3.8955979742890534E-4,14.0,0.0,29.0,14.0,39558.50853094878,5152998.432566542,3,0,0.6538034914215347,false
sandbox/prototype/exec/java-exec/src/main/java/org/apache/drill/exec/work/batch/UnlimitedRawBatchBuffer.java,25.0,6.0,2.0,4.0,3.0,8.0,1089.0,jacques@apache.org,1,0.0,0.0,0.0,50.0,50.0,26686.143720617863,2143793.060959792,1,0,1.0116009116784799,false
sandbox/prototype/exec/java-exec/src/main/java/org/apache/drill/exec/work/foreman/ErrorHelper.java,27.0,4.0,0.0,1.0,14.0,5.0,878.0,jacques@apache.org,2,3.8955979742890534E-4,50.0,25.0,50.0,25.0,38713.17519761544,5148715.156704473,2,0,0.479013284727281,false
sandbox/prototype/exec/java-exec/src/main/java/org/apache/drill/exec/work/foreman/Foreman.java,169.0,35.0,80.0,17.0,72.0,49.0,572.0,jacques@apache.org,4,0.001168679392286716,30.0,10.0,20.0,10.0,40541.3443518443,5155977.355643465,4,1,0.41182239941010246,false
sandbox/prototype/exec/java-exec/src/main/java/org/apache/drill/exec/work/foreman/RunningFragmentManager.java,153.0,30.0,21.0,10.0,49.0,22.0,734.0,jacques@apache.org,3,7.791195948578107E-4,33.0,22.0,33.0,11.0,39696.011018510966,5151694.079781396,3,2,0.2834023561904808,false
sandbox/prototype/exec/java-exec/src/main/java/org/apache/drill/exec/work/fragment/RemoteFragmentHandler.java,59.0,20.0,0.0,6.0,14.0,21.0,1111.0,jacques@apache.org,2,0.0,0.0,0.0,0.0,20.0,27531.477053951196,2148076.336821861,2,0,1.526410620269059,false
sandbox/prototype/exec/java-exec/src/main/java/parquet/hadoop/CodecFactoryExposer.java,12.0,4.0,0.0,3.0,2.0,6.0,909.0,jacques@apache.org,2,3.8955979742890534E-4,0.0,33.0,0.0,67.0,27531.477053951196,2148076.336821861,2,0,1.1803913361506835,false
sandbox/prototype/exec/java-exec/src/test/java/org/apache/drill/exec/compile/TestClassTransformation.java,18.0,3.0,3.0,3.0,10.0,10.0,892.0,jacques@apache.org,1,3.8955979742890534E-4,17.0,17.0,0.0,33.0,26686.143720617863,2143793.060959792,1,0,1.0116009116784799,false
sandbox/prototype/exec/java-exec/src/test/java/org/apache/drill/exec/expr/EscapeTest1.java,145.0,2.0,45.0,10.0,17.0,28.0,1096.0,jacques@apache.org,1,0.0,50.0,50.0,50.0,50.0,26686.143720617863,2143793.060959792,1,0,1.0116009116784799,false
sandbox/prototype/exec/java-exec/src/test/java/org/apache/drill/exec/expr/ExpressionTest.java,56.0,29.0,15.0,6.0,26.0,18.0,1096.0,jacques@apache.org,1,0.0,12.0,12.0,12.0,12.0,26686.143720617863,2143793.060959792,1,0,1.0116009116784799,false
sandbox/prototype/exec/java-exec/src/test/java/org/apache/drill/exec/fn/impl/TestRepeatedFunction.java,54.0,26.0,1.0,2.0,20.0,9.0,1078.0,jacques@apache.org,1,3.8955979742890534E-4,0.0,50.0,0.0,50.0,26686.143720617863,2143793.060959792,1,0,1.0116009116784799,false
sandbox/prototype/exec/java-exec/src/test/java/org/apache/drill/exec/memory/TestEndianess.java,11.0,4.0,0.0,1.0,4.0,1.0,1436.0,jacques@apache.org,1,0.0,0.0,0.0,0.0,50.0,26686.143720617863,2143793.060959792,1,1,1.0116009116784799,false
sandbox/prototype/exec/java-exec/src/test/java/org/apache/drill/exec/physical/impl/SimpleRootExec.java,38.0,12.0,0.0,8.0,14.0,18.0,749.0,jacques@apache.org,1,3.8955979742890534E-4,14.0,29.0,14.0,29.0,26686.143720617863,2143793.060959792,1,0,1.0116009116784799,false
sandbox/prototype/exec/java-exec/src/test/java/org/apache/drill/exec/physical/impl/TestComparisonFunctions.java,83.0,20.0,28.0,8.0,26.0,19.0,1087.0,jacques@apache.org,2,0.0,0.0,0.0,0.0,40.0,38713.17519761544,5148715.156704473,2,0,0.47434354313395544,false
sandbox/prototype/exec/java-exec/src/test/java/org/apache/drill/exec/physical/impl/TestDistributedFragmentRun.java,56.0,16.0,6.0,4.0,40.0,12.0,1111.0,jacques@apache.org,2,0.0,0.0,0.0,0.0,20.0,27531.477053951196,2148076.336821861,2,2,1.526410620269059,false
sandbox/prototype/exec/java-exec/src/test/java/org/apache/drill/exec/physical/impl/TestHashToRandomExchange.java,17.0,13.0,0.0,1.0,10.0,4.0,737.0,benjamin.becker@gmail.com,2,7.791195948578107E-4,67.0,33.0,33.0,33.0,27668.979541513385,2146771.9840367152,2,0,0.6865231558426115,false
sandbox/prototype/exec/java-exec/src/test/java/org/apache/drill/exec/physical/impl/TestOptiqPlans.java,201.0,42.0,53.0,11.0,157.0,35.0,748.0,jacques@apache.org,1,3.8955979742890534E-4,50.0,0.0,0.0,50.0,26686.143720617863,2143793.060959792,1,0,1.0116009116784799,false
sandbox/prototype/exec/java-exec/src/test/java/org/apache/drill/exec/physical/impl/TestSimpleFragmentRun.java,106.0,23.0,0.0,2.0,55.0,11.0,448.0,jacques@apache.org,3,0.0,7.0,13.0,27.0,7.0,27579.143720617863,2146034.7276264587,3,2,1.1373908454846122,false
sandbox/prototype/exec/java-exec/src/test/java/org/apache/drill/exec/physical/impl/TestSimpleFunctions.java,158.0,27.0,0.0,6.0,95.0,25.0,625.0,benjamin.becker@gmail.com,1,3.8955979742890534E-4,29.0,14.0,0.0,29.0,26686.143720617863,2143793.060959792,1,1,0.8991747870953235,false
sandbox/prototype/exec/java-exec/src/test/java/org/apache/drill/exec/physical/impl/agg/TestAgg.java,64.0,26.0,6.0,4.0,34.0,15.0,1103.0,jacques@apache.org,1,3.8955979742890534E-4,0.0,50.0,0.0,100.0,26686.143720617863,2143793.060959792,1,0,1.0116009116784799,false
sandbox/prototype/exec/java-exec/src/test/java/org/apache/drill/exec/physical/impl/filter/TestSimpleFilter.java,30.0,23.0,1.0,2.0,17.0,6.0,866.0,jacques@apache.org,2,0.0,0.0,0.0,14.0,14.0,26841.143720617863,2143877.560959792,2,1,1.637982395926164,false
sandbox/prototype/exec/java-exec/src/test/java/org/apache/drill/exec/physical/impl/join/TestMergeJoin.java,175.0,28.0,0.0,5.0,109.0,22.0,725.0,benjamin.becker@gmail.com,2,7.791195948578107E-4,50.0,25.0,50.0,25.0,27668.979541513385,2146771.9840367152,2,0,0.7856083498069514,false
sandbox/prototype/exec/java-exec/src/test/java/org/apache/drill/exec/physical/impl/project/TestSimpleProjection.java,40.0,27.0,1.0,2.0,21.0,7.0,1436.0,jacques@apache.org,1,0.0,0.0,0.0,0.0,17.0,26686.143720617863,2143793.060959792,1,1,1.0116009116784799,false
sandbox/prototype/exec/java-exec/src/test/java/org/apache/drill/exec/physical/impl/sort/TestSimpleSort.java,11.0,26.0,3.0,3.0,1.0,6.0,1096.0,jacques@apache.org,1,0.0,50.0,50.0,50.0,50.0,26686.143720617863,2143793.060959792,1,0,1.0116009116784799,false
sandbox/prototype/exec/java-exec/src/test/java/org/apache/drill/exec/physical/impl/svremover/TestSVRemover.java,34.0,25.0,1.0,2.0,19.0,7.0,1436.0,jacques@apache.org,1,0.0,0.0,0.0,0.0,25.0,26686.143720617863,2143793.060959792,1,1,1.0116009116784799,false
sandbox/prototype/exec/java-exec/src/test/java/org/apache/drill/exec/physical/impl/union/TestSimpleUnion.java,33.0,23.0,1.0,2.0,18.0,6.0,1080.0,jacques@apache.org,2,0.0,0.0,0.0,50.0,50.0,26841.143720617863,2143877.560959792,2,0,1.637982395926164,false
sandbox/prototype/exec/java-exec/src/test/java/org/apache/drill/exec/record/ExpressionTreeMaterializerTest.java,117.0,28.0,20.0,17.0,55.0,30.0,887.0,jacques@apache.org,1,3.8955979742890534E-4,25.0,12.0,12.0,12.0,26686.143720617863,2143793.060959792,1,0,1.0116009116784799,false
sandbox/prototype/exec/java-exec/src/test/java/org/apache/drill/exec/record/vector/TestLoad.java,75.0,16.0,0.0,1.0,28.0,5.0,867.0,wo.bian.shi.mo0@gmail.com,2,0.0,0.0,0.0,50.0,50.0,26736.143720617863,2143817.560959792,2,0,1.9845559862061366,false
sandbox/prototype/exec/java-exec/src/test/java/org/apache/drill/exec/record/vector/TestValueVector.java,59.0,15.0,8.0,5.0,26.0,5.0,1090.0,jacques@apache.org,1,3.8955979742890534E-4,14.0,0.0,0.0,29.0,26686.143720617863,2143793.060959792,1,1,1.0116009116784799,false
sandbox/prototype/exec/java-exec/src/test/java/org/apache/drill/exec/store/ByteArrayUtil.java,88.0,0.0,136.0,17.0,19.0,51.0,1111.0,jacques@apache.org,2,0.0,0.0,0.0,0.0,50.0,27531.477053951196,2148076.336821861,2,0,1.526410620269059,false
sandbox/prototype/exec/java-exec/src/test/java/org/apache/drill/exec/store/JSONRecordReaderTest.java,243.0,28.0,35.0,11.0,129.0,32.0,503.0,jacques@apache.org,3,3.8955979742890534E-4,6.0,6.0,12.0,6.0,28269.477053951196,2150233.5034885276,3,2,1.0126797102161884,false
sandbox/prototype/exec/java-exec/src/test/java/org/apache/drill/exec/store/ParquetRecordReaderTest.java,369.0,38.0,96.0,16.0,65.0,43.0,531.0,jacques@apache.org,2,3.8955979742890534E-4,25.0,0.0,25.0,25.0,27531.477053951196,2148076.336821861,2,0,1.526410620269059,false
sandbox/prototype/exec/java-exec/src/test/java/org/apache/drill/exec/store/TestAffinityCalculator.java,109.0,23.0,7.0,6.0,27.0,16.0,889.0,jacques@apache.org,3,0.0,0.0,0.0,33.0,33.0,39558.50853094878,5152998.432566542,3,0,0.8222197571210006,false
sandbox/prototype/exec/java-exec/src/test/java/org/apache/drill/exec/store/TestParquetPhysicalPlan.java,70.0,21.0,1.0,3.0,37.0,10.0,497.0,sphillips@maprtech.com,4,3.8955979742890534E-4,14.0,0.0,29.0,14.0,40541.3443518443,5155977.355643465,4,0,0.5146220420918537,false
sandbox/prototype/exec/java-exec/src/test/java/org/apache/drill/exec/store/parquet/ParquetRecordReaderTest.java,173.0,43.0,33.0,15.0,80.0,38.0,531.0,jacques@apache.org,2,7.791195948578107E-4,71.0,14.0,57.0,14.0,38713.17519761544,5148715.156704473,2,0,0.5024112156734629,false
sandbox/prototype/exec/java-exec/src/test/java/org/apache/drill/exec/store/parquet/TestFileGenerator.java,140.0,14.0,1.0,2.0,26.0,8.0,744.0,jacques@apache.org,1,3.8955979742890534E-4,50.0,0.0,25.0,25.0,26686.143720617863,2143793.060959792,1,0,1.0116009116784799,false
sandbox/prototype/exec/ref/src/main/java/org/apache/drill/exec/ref/ROPConverter.java,97.0,21.0,0.0,5.0,30.0,24.0,892.0,jacques@apache.org,2,3.8955979742890534E-4,17.0,0.0,17.0,17.0,27531.477053951196,2148076.336821861,2,1,1.1803913361506835,false
sandbox/prototype/exec/ref/src/main/java/org/apache/drill/exec/ref/rops/CollapsingAggregateROP.java,170.0,12.0,15.0,7.0,9.0,15.0,1436.0,jacques@apache.org,1,0.0,0.0,0.0,0.0,25.0,26686.143720617863,2143793.060959792,1,1,1.0116009116784799,false
sandbox/prototype/exec/ref/src/main/java/org/apache/drill/exec/ref/rse/ClasspathRSE.java,39.0,15.0,0.0,4.0,8.0,13.0,1111.0,jacques@apache.org,2,0.0,0.0,0.0,0.0,25.0,27531.477053951196,2148076.336821861,2,1,1.526410620269059,false
sandbox/prototype/exec/ref/src/main/java/org/apache/drill/exec/ref/rse/ConsoleRSE.java,27.0,6.0,1.0,3.0,2.0,5.0,1111.0,jacques@apache.org,2,0.0,0.0,0.0,0.0,25.0,27531.477053951196,2148076.336821861,2,1,1.526410620269059,false
sandbox/prototype/exec/ref/src/main/java/org/apache/drill/exec/ref/rse/FileSystemRSE.java,83.0,21.0,3.0,6.0,14.0,21.0,1111.0,jacques@apache.org,2,0.0,0.0,0.0,0.0,25.0,27531.477053951196,2148076.336821861,2,1,1.526410620269059,false
sandbox/prototype/exec/ref/src/main/java/org/apache/drill/exec/ref/rse/QueueRSE.java,72.0,14.0,2.0,4.0,5.0,9.0,1111.0,jacques@apache.org,2,0.0,0.0,0.0,0.0,20.0,27531.477053951196,2148076.336821861,2,1,1.526410620269059,false
sandbox/prototype/exec/ref/src/main/java/org/apache/drill/exec/ref/values/BaseArrayValue.java,48.0,4.0,34.0,9.0,21.0,17.0,1079.0,jacques@apache.org,2,0.0,0.0,0.0,0.0,40.0,38713.17519761544,5148715.156704473,2,0,0.47434354313395544,false
sandbox/prototype/exec/ref/src/main/java/org/apache/drill/exec/ref/values/BaseMapValue.java,59.0,7.0,45.0,10.0,35.0,31.0,1079.0,jacques@apache.org,2,0.0,0.0,0.0,0.0,40.0,38713.17519761544,5148715.156704473,2,0,0.47434354313395544,false
sandbox/prototype/exec/ref/src/main/java/org/apache/drill/exec/ref/values/ScalarValues.java,326.0,13.0,0.0,1.0,0.0,1.0,1079.0,jacques@apache.org,2,0.0,0.0,0.0,0.0,29.0,38713.17519761544,5148715.156704473,2,1,0.47434354313395544,false
sandbox/prototype/exec/ref/src/main/java/org/apache/drill/exec/ref/values/SimpleMapValue.java,70.0,9.0,10.0,12.0,37.0,33.0,1079.0,jacques@apache.org,2,0.0,0.0,0.0,0.0,40.0,38713.17519761544,5148715.156704473,2,0,0.47434354313395544,false
sandbox/prototype/exec/ref/src/main/java/org/apache/drill/exec/ref/values/ValueReader.java,38.0,4.0,10.0,5.0,31.0,27.0,1436.0,jacques@apache.org,1,0.0,0.0,0.0,0.0,25.0,26686.143720617863,2143793.060959792,1,0,1.0116009116784799,false
sandbox/prototype/exec/ref/src/main/java/org/apache/drill/exec/ref/values/ValueUtils.java,50.0,6.0,1.0,2.0,14.0,12.0,1079.0,jacques@apache.org,2,0.0,0.0,0.0,0.0,50.0,38713.17519761544,5148715.156704473,2,0,0.47434354313395544,false
sandbox/prototype/exec/ref/src/test/java/org/apache/drill/exec/ref/rops/ConstantROPTest.java,50.0,18.0,1.0,2.0,24.0,10.0,1079.0,jacques@apache.org,2,3.8955979742890534E-4,25.0,0.0,25.0,25.0,38713.17519761544,5148715.156704473,2,1,0.47434354313395544,false
sandbox/prototype/sqlparser/src/main/java/org/apache/drill/jdbc/DrillDriverVersion.java,11.0,1.0,0.0,1.0,0.0,1.0,1084.0,jacques@apache.org,1,0.0,0.0,0.0,0.0,33.0,26686.143720617863,2143793.060959792,1,0,1.0116009116784799,false
sandbox/prototype/sqlparser/src/main/java/org/apache/drill/jdbc/DrillHandler.java,94.0,26.0,0.0,4.0,24.0,14.0,446.0,jacques@apache.org,2,7.791195948578107E-4,62.0,25.0,38.0,12.0,38713.17519761544,5148715.156704473,2,0,0.4669550325320633,false
sandbox/prototype/sqlparser/src/main/java/org/apache/drill/jdbc/DrillTable.java,73.0,31.0,42.0,13.0,12.0,25.0,743.0,jacques@apache.org,1,3.8955979742890534E-4,25.0,0.0,12.0,12.0,26686.143720617863,2143793.060959792,1,2,1.0116009116784799,false
sandbox/prototype/sqlparser/src/main/java/org/apache/drill/jdbc/Driver.java,31.0,7.0,13.0,6.0,1.0,12.0,885.0,jacques@apache.org,1,3.8955979742890534E-4,29.0,14.0,0.0,14.0,26686.143720617863,2143793.060959792,1,1,1.0116009116784799,false
sandbox/prototype/sqlparser/src/main/java/org/apache/drill/jdbc/RefDriver.java,31.0,7.0,13.0,6.0,1.0,12.0,1082.0,jacques@apache.org,1,3.8955979742890534E-4,50.0,50.0,0.0,50.0,26686.143720617863,2143793.060959792,1,0,1.0116009116784799,false
sandbox/prototype/sqlparser/src/main/java/org/apache/drill/jdbc/StorageEngines.java,30.0,10.0,4.0,5.0,15.0,12.0,1102.0,jacques@apache.org,1,3.8955979742890534E-4,50.0,0.0,0.0,50.0,26686.143720617863,2143793.060959792,1,0,1.0116009116784799,false
sandbox/prototype/sqlparser/src/main/java/org/apache/drill/optiq/DrillAggregateRel.java,72.0,12.0,6.0,4.0,26.0,15.0,1436.0,jacques@apache.org,1,0.0,0.0,0.0,0.0,50.0,26686.143720617863,2143793.060959792,1,0,1.0116009116784799,false
sandbox/prototype/sqlparser/src/main/java/org/apache/drill/optiq/DrillAggregateRule.java,22.0,6.0,1.0,2.0,12.0,4.0,1436.0,jacques@apache.org,1,0.0,0.0,0.0,0.0,50.0,26686.143720617863,2143793.060959792,1,0,1.0116009116784799,false
sandbox/prototype/sqlparser/src/main/java/org/apache/drill/optiq/DrillFilterRel.java,21.0,6.0,6.0,4.0,11.0,7.0,1436.0,jacques@apache.org,1,0.0,0.0,0.0,0.0,50.0,26686.143720617863,2143793.060959792,1,0,1.0116009116784799,false
sandbox/prototype/sqlparser/src/main/java/org/apache/drill/optiq/DrillFilterRule.java,16.0,3.0,1.0,2.0,9.0,3.0,1436.0,jacques@apache.org,1,0.0,0.0,0.0,0.0,50.0,26686.143720617863,2143793.060959792,1,0,1.0116009116784799,false
sandbox/prototype/sqlparser/src/main/java/org/apache/drill/optiq/DrillImplementor.java,90.0,14.0,0.0,6.0,26.0,16.0,559.0,jacques@apache.org,1,3.8955979742890534E-4,30.0,10.0,20.0,10.0,26686.143720617863,2143793.060959792,1,1,1.0116009116784799,false
sandbox/prototype/sqlparser/src/main/java/org/apache/drill/optiq/DrillJoinRel.java,69.0,16.0,36.0,9.0,13.0,22.0,741.0,jacques@apache.org,1,3.8955979742890534E-4,60.0,20.0,20.0,20.0,26686.143720617863,2143793.060959792,1,0,1.0116009116784799,false
sandbox/prototype/sqlparser/src/main/java/org/apache/drill/optiq/DrillJoinRule.java,24.0,6.0,1.0,2.0,12.0,4.0,1436.0,jacques@apache.org,1,0.0,0.0,0.0,0.0,50.0,26686.143720617863,2143793.060959792,1,0,1.0116009116784799,false
sandbox/prototype/sqlparser/src/main/java/org/apache/drill/optiq/DrillOptiq.java,105.0,19.0,1.0,2.0,4.0,4.0,742.0,jacques@apache.org,1,3.8955979742890534E-4,20.0,0.0,0.0,20.0,26686.143720617863,2143793.060959792,1,0,1.0116009116784799,false
sandbox/prototype/sqlparser/src/main/java/org/apache/drill/optiq/DrillPrepareImpl.java,19.0,5.0,0.0,2.0,4.0,4.0,738.0,jacques@apache.org,1,3.8955979742890534E-4,50.0,25.0,0.0,25.0,26686.143720617863,2143793.060959792,1,0,1.0116009116784799,false
sandbox/prototype/sqlparser/src/main/java/org/apache/drill/optiq/DrillProjectRel.java,36.0,8.0,15.0,6.0,14.0,11.0,885.0,jacques@apache.org,1,3.8955979742890534E-4,50.0,0.0,25.0,25.0,26686.143720617863,2143793.060959792,1,0,1.0116009116784799,false
sandbox/prototype/sqlparser/src/main/java/org/apache/drill/optiq/DrillProjectRule.java,16.0,6.0,1.0,2.0,10.0,3.0,1436.0,jacques@apache.org,1,0.0,0.0,0.0,0.0,50.0,26686.143720617863,2143793.060959792,1,0,1.0116009116784799,false
sandbox/prototype/sqlparser/src/main/java/org/apache/drill/optiq/DrillRel.java,10.0,2.0,0.0,1.0,0.0,1.0,1436.0,jacques@apache.org,1,0.0,0.0,0.0,0.0,33.0,26686.143720617863,2143793.060959792,1,0,1.0116009116784799,false
sandbox/prototype/sqlparser/src/main/java/org/apache/drill/optiq/DrillScan.java,25.0,8.0,1.0,3.0,8.0,4.0,908.0,jacques@apache.org,2,3.8955979742890534E-4,12.0,0.0,0.0,12.0,27531.477053951196,2148076.336821861,2,1,1.1803913361506835,false
sandbox/prototype/sqlparser/src/main/java/org/apache/drill/optiq/DrillSortRel.java,48.0,10.0,6.0,4.0,15.0,12.0,1082.0,jacques@apache.org,1,0.0,0.0,0.0,0.0,50.0,26686.143720617863,2143793.060959792,1,0,1.0116009116784799,false
sandbox/prototype/sqlparser/src/main/java/org/apache/drill/optiq/DrillSortRule.java,17.0,3.0,1.0,2.0,9.0,3.0,622.0,jacques@apache.org,2,3.8955979742890534E-4,33.0,0.0,33.0,33.0,26712.143720617863,2143797.560959792,2,0,2.3311295764861093,false
sandbox/prototype/sqlparser/src/main/java/org/apache/drill/optiq/DrillUnionRel.java,32.0,8.0,6.0,4.0,8.0,8.0,1078.0,jacques@apache.org,2,3.8955979742890534E-4,33.0,0.0,33.0,33.0,26712.143720617863,2143797.560959792,2,0,2.3311295764861093,false
sandbox/prototype/sqlparser/src/main/java/org/apache/drill/optiq/DrillUnionRule.java,19.0,5.0,1.0,2.0,9.0,3.0,1436.0,jacques@apache.org,1,0.0,0.0,0.0,0.0,50.0,26686.143720617863,2143793.060959792,1,0,1.0116009116784799,false
sandbox/prototype/sqlparser/src/main/java/org/apache/drill/optiq/DrillValuesRel.java,15.0,6.0,6.0,4.0,1.0,6.0,1436.0,jacques@apache.org,1,0.0,0.0,0.0,0.0,50.0,26686.143720617863,2143793.060959792,1,0,1.0116009116784799,false
sandbox/prototype/sqlparser/src/main/java/org/apache/drill/optiq/DrillValuesRule.java,14.0,2.0,1.0,2.0,8.0,3.0,1436.0,jacques@apache.org,1,0.0,0.0,0.0,0.0,50.0,26686.143720617863,2143793.060959792,1,0,1.0116009116784799,false
sandbox/prototype/sqlparser/src/main/java/org/apache/drill/optiq/EnumerableDrill.java,185.0,34.0,31.0,10.0,34.0,37.0,745.0,jacques@apache.org,1,3.8955979742890534E-4,12.0,0.0,0.0,12.0,26686.143720617863,2143793.060959792,1,2,1.0116009116784799,false
sandbox/prototype/sqlparser/src/main/java/org/apache/drill/optiq/EnumerableDrillFullEngine.java,41.0,13.0,0.0,3.0,5.0,8.0,742.0,jacques@apache.org,1,3.8955979742890534E-4,33.0,0.0,17.0,17.0,26686.143720617863,2143793.060959792,1,1,1.0116009116784799,false
sandbox/prototype/sqlparser/src/main/java/org/apache/drill/optiq/EnumerableDrillRel.java,47.0,27.0,7.0,6.0,21.0,11.0,742.0,jacques@apache.org,1,3.8955979742890534E-4,29.0,0.0,14.0,14.0,26686.143720617863,2143793.060959792,1,1,1.0116009116784799,false
sandbox/prototype/sqlparser/src/main/java/org/apache/drill/optiq/EnumerableDrillRule.java,18.0,5.0,4.0,4.0,0.0,6.0,1102.0,jacques@apache.org,1,3.8955979742890534E-4,20.0,0.0,0.0,20.0,26686.143720617863,2143793.060959792,1,1,1.0116009116784799,false
sandbox/prototype/sqlparser/src/main/java/org/apache/drill/sql/client/full/BatchListener.java,36.0,6.0,0.0,4.0,11.0,13.0,869.0,jacques@apache.org,2,0.0,25.0,25.0,50.0,25.0,38713.17519761544,5148715.156704473,2,1,0.479013284727281,false
sandbox/prototype/sqlparser/src/main/java/org/apache/drill/sql/client/full/BatchLoaderMap.java,141.0,25.0,87.0,18.0,40.0,51.0,751.0,jacques@apache.org,1,3.8955979742890534E-4,40.0,20.0,20.0,20.0,26686.143720617863,2143793.060959792,1,1,1.0116009116784799,false
sandbox/prototype/sqlparser/src/main/java/org/apache/drill/sql/client/full/DrillFullImpl.java,33.0,7.0,0.0,2.0,1.0,3.0,887.0,jacques@apache.org,1,3.8955979742890534E-4,25.0,0.0,0.0,25.0,26686.143720617863,2143793.060959792,1,1,1.0116009116784799,false
sandbox/prototype/sqlparser/src/main/java/org/apache/drill/sql/client/full/DrillMutableSchema.java,36.0,9.0,55.0,11.0,0.0,22.0,1102.0,jacques@apache.org,1,3.8955979742890534E-4,50.0,0.0,0.0,50.0,26686.143720617863,2143793.060959792,1,0,1.0116009116784799,false
sandbox/prototype/sqlparser/src/main/java/org/apache/drill/sql/client/full/FileSystemSchema.java,76.0,17.0,34.0,12.0,7.0,25.0,885.0,jacques@apache.org,1,3.8955979742890534E-4,67.0,0.0,33.0,33.0,26686.143720617863,2143793.060959792,1,0,1.0116009116784799,false
sandbox/prototype/sqlparser/src/main/java/org/apache/drill/sql/client/full/JsonHelper.java,24.0,6.0,0.0,2.0,9.0,6.0,887.0,jacques@apache.org,1,3.8955979742890534E-4,33.0,0.0,0.0,33.0,26686.143720617863,2143793.060959792,1,0,1.0116009116784799,false
sandbox/prototype/sqlparser/src/main/java/org/apache/drill/sql/client/full/ResultEnumerator.java,37.0,6.0,6.0,5.0,4.0,11.0,887.0,jacques@apache.org,1,3.8955979742890534E-4,20.0,0.0,0.0,20.0,26686.143720617863,2143793.060959792,1,1,1.0116009116784799,false
sandbox/prototype/sqlparser/src/main/java/org/apache/drill/sql/client/ref/DrillRefImpl.java,192.0,30.0,26.0,9.0,31.0,34.0,743.0,jacques@apache.org,1,3.8955979742890534E-4,40.0,0.0,20.0,20.0,26686.143720617863,2143793.060959792,1,1,1.0116009116784799,false
sandbox/prototype/sqlparser/src/test/java/org/apache/drill/jdbc/test/FullEngineTest.java,11.0,6.0,1.0,2.0,6.0,4.0,458.0,jacques@apache.org,1,3.8955979742890534E-4,62.0,50.0,38.0,12.0,26686.143720617863,2143793.060959792,1,0,1.0116009116784799,false
sandbox/prototype/sqlparser/src/test/java/org/apache/drill/jdbc/test/JdbcAssert.java,229.0,15.0,15.0,6.0,26.0,23.0,558.0,jacques@apache.org,1,3.8955979742890534E-4,57.0,29.0,29.0,14.0,26686.143720617863,2143793.060959792,1,1,1.0116009116784799,false
sandbox/prototype/sqlparser/src/test/java/org/apache/drill/jdbc/test/JdbcTest.java,187.0,11.0,0.0,38.0,126.0,115.0,375.0,jacques@apache.org,2,7.791195948578107E-4,36.0,18.0,27.0,9.0,26712.143720617863,2143797.560959792,2,1,1.2319316512680334,false
