name,LOC,CBO,LCOM,NOM,RFC,WMC,ACS,Ownership,numOfChanges,numberOfFIChanges,ENH,NF,BugFixing,REF,structuralWorkloadSum,semanticWorkloadSum,numberOfDeveloper,pastFaults,MAF,isBuggy
common/src/main/java/org/apache/drill/common/exceptions/ExecutionSetupException.java,24.0,1.0,15.0,6.0,1.0,8.0,56.0,jacques@apache.org,1,0.0013280212483399733,17.0,0.0,0.0,0.0,1323.6045197740114,51815.525829594284,1,0,2.2030554976470125,true
common/src/main/java/org/apache/drill/common/expression/SchemaPath.java,207.0,25.0,118.0,25.0,50.0,65.0,0.0,jacques@apache.org,0,0.0,0.0,0.0,0.0,0.0,0.0,0.0,0,8,0.0,true
common/src/main/java/org/apache/drill/common/types/Types.java,362.0,7.0,253.0,23.0,52.0,72.0,22.0,null,0,0.0,0.0,4.0,4.0,4.0,0.0,0.0,0,4,2.8449093838194073,true
common/src/test/java/org/apache/drill/test/DrillTest.java,101.0,17.0,4.0,4.0,9.0,12.0,0.0,aditya@maprtech.com,0,0.0,0.0,0.0,0.0,0.0,0.0,0.0,0,1,0.0,true
contrib/storage-hbase/src/main/java/org/apache/drill/exec/store/hbase/CompareFunctionsProcessor.java,143.0,20.0,21.0,11.0,35.0,35.0,0.0,adi@apache.org,0,0.0,0.0,0.0,0.0,0.0,0.0,0.0,0,1,0.0,true
contrib/storage-hbase/src/main/java/org/apache/drill/exec/store/hbase/HBaseFilterBuilder.java,207.0,17.0,2.0,8.0,44.0,34.0,11.0,aditya@maprtech.com,1,0.0013280212483399733,12.0,0.0,0.0,0.0,694.7804878048781,5826.264864888115,1,3,2.5084371471981943,true
contrib/storage-hbase/src/main/java/org/apache/drill/exec/store/hbase/HBaseGroupScan.java,190.0,44.0,232.0,29.0,73.0,67.0,2.0,aditya@maprtech.com,1,0.0,0.0,0.0,5.0,0.0,240.73684210526318,748.6650164297791,1,11,2.9502698994772336,true
contrib/storage-hbase/src/main/java/org/apache/drill/exec/store/hbase/HBaseRegexParser.java,107.0,4.0,26.0,9.0,22.0,26.0,0.0,aditya@maprtech.com,0,0.0,0.0,0.0,0.0,0.0,0.0,0.0,0,0,0.0,true
contrib/storage-hbase/src/main/java/org/apache/drill/exec/store/hbase/TableStatsCalculator.java,120.0,19.0,5.0,6.0,39.0,19.0,6.0,aditya@maprtech.com,2,0.0013280212483399733,17.0,0.0,17.0,0.0,935.5173299101414,6574.929881317894,2,3,2.036206342777769,true
contrib/storage-hbase/src/main/java/org/apache/drill/exec/store/hbase/config/HBasePStore.java,158.0,18.0,38.0,12.0,37.0,41.0,20.0,jacques@apache.org,2,0.0013280212483399733,20.0,20.0,0.0,20.0,2018.3850075788896,57641.7906944824,2,0,1.668335212535927,true
contrib/storage-hbase/src/main/java/org/apache/drill/exec/store/hbase/config/HBasePStoreProvider.java,95.0,23.0,0.0,5.0,27.0,20.0,27.0,aditya@maprtech.com,1,0.0013280212483399733,33.0,0.0,0.0,17.0,694.7804878048781,5826.264864888115,1,2,1.6625991418626578,true
contrib/storage-hbase/src/test/java/org/apache/drill/hbase/BaseHBaseTest.java,44.0,15.0,28.0,8.0,27.0,22.0,0.0,aditya@maprtech.com,1,0.0,0.0,0.0,0.0,0.0,1413.8987341772151,55283.36145880558,1,3,0.0,true
contrib/storage-hbase/src/test/java/org/apache/drill/hbase/HBaseTestsSuite.java,91.0,13.0,5.0,10.0,21.0,26.0,7.0,aditya@maprtech.com,1,0.0013280212483399733,7.0,7.0,0.0,0.0,694.7804878048781,5826.264864888115,1,5,2.5084371471981943,true
contrib/storage-hbase/src/test/java/org/apache/drill/hbase/TestHBaseFilterPushDown.java,38.0,1.0,36.0,9.0,18.0,27.0,0.0,aditya@maprtech.com,0,0.0,0.0,0.0,0.0,0.0,0.0,0.0,0,4,0.0,true
contrib/storage-hbase/src/test/java/org/apache/drill/hbase/TestHBaseRegexParser.java,30.0,8.0,0.0,1.0,10.0,3.0,0.0,aditya@maprtech.com,0,0.0,0.0,0.0,0.0,0.0,0.0,0.0,0,0,0.0,true
contrib/storage-hbase/src/test/java/org/apache/drill/hbase/TestHBaseTableProvider.java,45.0,9.0,0.0,3.0,14.0,8.0,43.0,aditya@maprtech.com,0,0.0,20.0,0.0,0.0,20.0,0.0,0.0,0,1,2.2030554976470125,false
contrib/storage-hbase/src/test/java/org/apache/drill/hbase/TestTableGenerator.java,143.0,7.0,0.0,3.0,40.0,15.0,4.0,aditya@maprtech.com,1,0.0013280212483399733,0.0,12.0,0.0,0.0,694.7804878048781,5826.264864888115,1,3,2.5084371471981943,true
contrib/storage-hive/core/src/main/codegen/templates/ObjectInspectors.java,20.0,21.0,3.0,3.0,3.0,5.0,0.0,venki.korukanti@gmail.com,0,0.0,0.0,0.0,0.0,0.0,0.0,0.0,0,1,0.0,true
contrib/storage-hive/core/src/main/java/org/apache/drill/exec/expr/fn/HiveFuncHolder.java,157.0,26.0,18.0,13.0,75.0,39.0,0.0,venki.korukanti@gmail.com,0,0.0,0.0,0.0,0.0,0.0,0.0,0.0,0,1,0.0,true
contrib/storage-hive/core/src/main/java/org/apache/drill/exec/expr/fn/HiveFunctionRegistry.java,116.0,19.0,7.0,7.0,42.0,25.0,0.0,venki.korukanti@gmail.com,0,0.0,0.0,0.0,0.0,0.0,0.0,0.0,0,0,0.0,true
contrib/storage-hive/core/src/main/java/org/apache/drill/exec/expr/fn/impl/hive/AbstractDrillPrimitiveObjectInspector.java,11.0,2.0,3.0,3.0,0.0,5.0,0.0,venki.korukanti@gmail.com,0,0.0,0.0,0.0,0.0,0.0,0.0,0.0,0,0,0.0,true
contrib/storage-hive/core/src/main/java/org/apache/drill/exec/planner/sql/HivePartitionDescriptor.java,21.0,5.0,0.0,4.0,3.0,8.0,0.0,mehantr@gmail.com,1,0.0013280212483399733,0.0,0.0,0.0,0.0,188.0,625.0716453868889,1,0,0.0,false
contrib/storage-hive/core/src/main/java/org/apache/drill/exec/planner/sql/logical/HivePushPartitionFilterIntoScan.java,73.0,21.0,21.0,7.0,25.0,18.0,0.0,venki.korukanti@gmail.com,0,0.0,0.0,0.0,0.0,0.0,0.0,0.0,0,0,0.0,false
contrib/storage-hive/core/src/main/java/org/apache/drill/exec/store/hive/HiveFieldConverter.java,182.0,45.0,1.0,2.0,8.0,8.0,65.0,venki.korukanti@gmail.com,1,0.0,0.0,0.0,0.0,0.0,1013.448275862069,16503.690046877957,1,0,3.068052935133617,true
contrib/storage-hive/core/src/main/java/org/apache/drill/exec/store/hive/HiveReadEntry.java,41.0,13.0,0.0,7.0,10.0,17.0,0.0,venki.korukanti@gmail.com,0,0.0,0.0,0.0,0.0,0.0,0.0,0.0,0,0,0.0,true
contrib/storage-hive/core/src/main/java/org/apache/drill/exec/store/hive/HiveRecordReader.java,515.0,70.0,65.0,15.0,142.0,64.0,39.0,venki.korukanti@gmail.com,2,0.0013280212483399733,6.0,0.0,0.0,6.0,1611.7513061650993,27190.978560487256,2,2,1.8051886129794892,true
contrib/storage-hive/core/src/main/java/org/apache/drill/exec/store/hive/HiveScan.java,219.0,41.0,10.0,17.0,70.0,53.0,7.0,venki.korukanti@gmail.com,2,0.0,0.0,0.0,7.0,0.0,1718.3273056057865,57402.179996511,2,1,2.8449093838194073,true
contrib/storage-hive/core/src/main/java/org/apache/drill/exec/store/hive/HiveStoragePlugin.java,42.0,17.0,13.0,7.0,5.0,16.0,2.0,venki.korukanti@gmail.com,1,0.0,0.0,0.0,11.0,0.0,1413.8987341772151,55283.36145880558,1,0,2.8449093838194073,false
contrib/storage-hive/core/src/main/java/org/apache/drill/exec/store/hive/HiveTable.java,226.0,13.0,0.0,4.0,20.0,10.0,0.0,venki.korukanti@gmail.com,0,0.0,0.0,0.0,0.0,0.0,0.0,0.0,0,0,0.0,true
contrib/storage-hive/core/src/main/java/org/apache/drill/exec/store/hive/schema/DrillHiveTable.java,109.0,20.0,13.0,6.0,42.0,20.0,0.0,venki.korukanti@gmail.com,0,0.0,0.0,0.0,0.0,0.0,0.0,0.0,0,0,0.0,true
contrib/storage-hive/core/src/test/java/org/apache/drill/exec/TestHivePartitionPruning.java,13.0,5.0,10.0,5.0,3.0,11.0,7.0,venki.korukanti@gmail.com,1,0.0,0.0,0.0,33.0,0.0,1413.8987341772151,55283.36145880558,1,0,2.8449093838194073,true
contrib/storage-hive/core/src/test/java/org/apache/drill/exec/TestHiveProjectPushDown.java,40.0,5.0,28.0,8.0,13.0,18.0,7.0,venki.korukanti@gmail.com,1,0.0,0.0,0.0,14.0,0.0,1413.8987341772151,55283.36145880558,1,0,2.8449093838194073,true
contrib/storage-hive/core/src/test/java/org/apache/drill/exec/fn/hive/TestHiveUDFs.java,85.0,16.0,1.0,2.0,41.0,8.0,4.0,aditya@maprtech.com,1,0.0013280212483399733,0.0,20.0,0.0,0.0,64.0,15.55798473363728,1,0,5.147494476813453,true
contrib/storage-hive/core/src/test/java/org/apache/drill/exec/store/hive/HiveTestDataGenerator.java,133.0,15.0,41.0,10.0,48.0,37.0,7.0,venki.korukanti@gmail.com,1,0.0013280212483399733,0.0,0.0,8.0,0.0,1413.8987341772151,55283.36145880558,1,0,2.8449093838194073,true
contrib/storage-mongo/src/main/java/org/apache/drill/exec/store/mongo/MongoGroupScan.java,320.0,54.0,165.0,27.0,116.0,69.0,56.0,kam.iitkgp@gmail.com,1,0.0013280212483399733,20.0,0.0,0.0,0.0,1323.6045197740114,51815.525829594284,1,0,2.2030554976470125,true
contrib/storage-mongo/src/main/java/org/apache/drill/exec/store/mongo/MongoRecordReader.java,174.0,42.0,33.0,11.0,86.0,46.0,34.0,null,5,0.0,8.0,0.0,0.0,0.0,2325.4052054995955,31090.46289182846,5,0,1.3927756881411044,true
contrib/storage-mongo/src/main/java/org/apache/drill/exec/store/mongo/config/MongoPStore.java,111.0,16.0,2.0,8.0,30.0,29.0,30.0,jacques@apache.org,1,0.0,33.0,0.0,0.0,33.0,1323.6045197740114,51815.525829594284,1,0,2.2030554976470125,true
contrib/storage-mongo/src/main/java/org/apache/drill/exec/store/mongo/config/MongoPStoreProvider.java,37.0,17.0,0.0,4.0,12.0,9.0,43.0,jacques@apache.org,0,0.0,33.0,0.0,0.0,33.0,0.0,0.0,0,1,2.2030554976470125,true
exec/java-exec/src/main/codegen/templates/AbstractFieldWriter.java,91.0,0.0,54.0,12.0,16.0,22.0,30.0,jacques@apache.org,0,0.0,33.0,0.0,0.0,0.0,0.0,0.0,0,0,2.2030554976470125,true
exec/java-exec/src/main/codegen/templates/BaseWriter.java,67.0,0.0,10.0,5.0,0.0,5.0,0.0,altekrusejason@gmail.com,0,0.0,0.0,0.0,0.0,0.0,0.0,0.0,0,2,0.0,true
exec/java-exec/src/main/codegen/templates/CastFunctionsSrcVarLen.java,10.0,9.0,1.0,2.0,0.0,2.0,0.0,jacques@apache.org,1,0.0013280212483399733,0.0,0.0,0.0,0.0,1294.0359281437125,21817.545677034177,1,1,0.0,true
exec/java-exec/src/main/codegen/templates/CastFunctionsSrcVarLenTargetVarLen.java,11.0,11.0,1.0,2.0,0.0,2.0,0.0,altekrusejason@gmail.com,1,0.0013280212483399733,0.0,0.0,0.0,0.0,1294.0359281437125,21817.545677034177,1,2,0.0,true
exec/java-exec/src/main/codegen/templates/CastVarCharDate.java,10.0,15.0,1.0,2.0,0.0,2.0,8.0,mehantr@gmail.com,3,0.00398406374501992,10.0,10.0,0.0,0.0,3215.9434782207545,84320.36002023777,3,0,1.3726898942361867,true
exec/java-exec/src/main/codegen/templates/ComparisonFunctions.java,2.0,10.0,0.0,0.0,0.0,0.0,11.0,jacques@apache.org,2,0.0026560424966799467,10.0,0.0,0.0,0.0,2617.6404479177236,73633.07150662846,2,1,2.2030554976470125,true
exec/java-exec/src/main/codegen/templates/ComplexReaders.java,79.0,6.0,75.0,14.0,11.0,18.0,34.0,jacques@apache.org,2,0.0,0.0,0.0,0.0,0.0,1611.7513061650993,27190.978560487256,2,0,1.8051886129794892,true
exec/java-exec/src/main/codegen/templates/ComplexWriters.java,107.0,6.0,59.0,14.0,16.0,24.0,47.0,hgunes@maprtech.com,1,0.0,10.0,0.0,0.0,0.0,1013.448275862069,16503.690046877957,1,2,1.942407035830369,true
exec/java-exec/src/main/codegen/templates/DateIntervalFunctionTemplates/DateIntervalArithmeticFunctions.java,91.0,26.0,6.0,4.0,0.0,4.0,1.0,mehantr@gmail.com,2,0.0013280212483399733,0.0,0.0,12.0,0.0,1892.3389584467427,32504.834190643476,2,2,1.9286186519452522,false
exec/java-exec/src/main/codegen/templates/ListWriters.java,105.0,0.0,97.0,15.0,19.0,24.0,0.0,null,0,0.0,0.0,0.0,0.0,0.0,0.0,0.0,0,3,0.0,true
exec/java-exec/src/main/codegen/templates/MapWriters.java,95.0,6.0,64.0,13.0,29.0,25.0,33.0,hgunes@maprtech.com,2,0.0,0.0,0.0,0.0,0.0,1891.776634071024,28795.332758477787,2,2,1.942407035830369,true
exec/java-exec/src/main/codegen/templates/NullableValueVectors.java,363.0,3.0,466.0,37.0,55.0,64.0,47.0,null,2,0.0013280212483399733,3.0,0.0,0.0,0.0,2427.347010039284,71787.05150568354,2,12,1.942407035830369,true
exec/java-exec/src/main/codegen/templates/NumericFunctionsTemplates.java,6.0,26.0,0.0,0.0,0.0,0.0,4.0,altekrusejason@gmail.com,2,0.0013280212483399733,0.0,0.0,0.0,0.0,1316.0359281437125,21822.019298472802,2,0,5.147494476813453,false
exec/java-exec/src/main/codegen/templates/ParquetOutputRecordWriter.java,36.0,28.0,6.0,4.0,0.0,5.0,2.0,null,1,0.0,0.0,0.0,9.0,0.0,301.5348837209302,4396.384301152629,1,3,2.257122718917288,true
exec/java-exec/src/main/codegen/templates/RepeatedValueVectors.java,380.0,5.0,138.0,28.0,52.0,46.0,25.0,null,3,0.0013280212483399733,3.0,0.0,0.0,0.0,3025.6500403423142,82474.34001929284,3,13,1.2423656633278657,true
exec/java-exec/src/main/codegen/templates/TypeHelper.java,53.0,7.0,190.0,20.0,4.0,25.0,65.0,null,1,0.0,0.0,0.0,0.0,0.0,1013.448275862069,16503.690046877957,1,5,3.068052935133617,true
exec/java-exec/src/main/codegen/templates/VarCharAggrFunctions1.java,12.0,11.0,0.0,0.0,0.0,0.0,11.0,mehantr@gmail.com,2,0.0026560424966799467,12.0,0.0,0.0,0.0,2617.6404479177236,73633.07150662846,2,0,2.2030554976470125,true
exec/java-exec/src/main/codegen/templates/VariableLengthVectors.java,316.0,3.0,273.0,27.0,34.0,51.0,23.0,null,4,0.0013280212483399733,0.0,0.0,0.0,0.0,3330.078611770886,84593.15855699824,4,12,2.051727339109349,true
exec/java-exec/src/main/java/com/fasterxml/jackson/core/JsonStreamContextExposer.java,9.0,0.0,0.0,1.0,0.0,2.0,30.0,jacques@apache.org,0,0.0,100.0,0.0,0.0,0.0,0.0,0.0,0,0,2.2030554976470125,true
exec/java-exec/src/main/java/com/fasterxml/jackson/core/json/JsonReadContextExposer.java,15.0,0.0,3.0,3.0,1.0,5.0,30.0,jacques@apache.org,0,0.0,100.0,0.0,0.0,0.0,0.0,0.0,0,0,2.2030554976470125,true
exec/java-exec/src/main/java/io/netty/buffer/DrillBuf.java,471.0,14.0,2784.0,96.0,142.0,230.0,11.0,jacques@apache.org,1,0.0013280212483399733,9.0,0.0,0.0,0.0,1323.6045197740114,51815.525829594284,1,2,2.2030554976470125,true
exec/java-exec/src/main/java/org/apache/drill/exec/ExecConstants.java,127.0,8.0,0.0,0.0,0.0,0.0,5.0,null,7,0.005312084993359893,2.0,3.0,2.0,0.0,2431.016241230034,31804.66196037232,7,9,1.2661017072841418,true
exec/java-exec/src/main/java/org/apache/drill/exec/client/DrillClient.java,260.0,39.0,88.0,20.0,64.0,54.0,0.0,null,1,0.0013280212483399733,0.0,0.0,0.0,0.0,438.30769230769226,2228.5714285714284,1,11,0.0,true
exec/java-exec/src/main/java/org/apache/drill/exec/compile/ClassTransformer.java,175.0,15.0,3.0,3.0,25.0,12.0,0.0,jacques@apache.org,0,0.0,0.0,0.0,0.0,0.0,0.0,0.0,0,2,0.0,true
exec/java-exec/src/main/java/org/apache/drill/exec/compile/CodeCompiler.java,42.0,11.0,1.0,3.0,7.0,10.0,3.0,jacques@apache.org,1,0.0,0.0,0.0,0.0,0.0,70.0,161.47066150191543,1,1,4.048882188145344,false
exec/java-exec/src/main/java/org/apache/drill/exec/compile/MergeAdapter.java,173.0,26.0,0.0,9.0,28.0,32.0,0.0,jacques@apache.org,0,0.0,0.0,0.0,0.0,0.0,0.0,0.0,0,2,0.0,true
exec/java-exec/src/main/java/org/apache/drill/exec/coord/ClusterCoordinator.java,51.0,6.0,24.0,9.0,6.0,15.0,0.0,jacques@apache.org,0,0.0,0.0,0.0,0.0,0.0,0.0,0.0,0,1,0.0,true
exec/java-exec/src/main/java/org/apache/drill/exec/coord/zk/ZKClusterCoordinator.java,148.0,31.0,22.0,13.0,67.0,39.0,56.0,jacques@apache.org,1,0.0013280212483399733,11.0,0.0,0.0,0.0,1323.6045197740114,51815.525829594284,1,2,2.2030554976470125,true
exec/java-exec/src/main/java/org/apache/drill/exec/dotdrill/DotDrillUtil.java,31.0,6.0,3.0,3.0,11.0,12.0,16.0,venki.korukanti@gmail.com,1,0.0013280212483399733,25.0,25.0,0.0,25.0,1413.8987341772151,55283.36145880558,1,0,2.1041071133572995,false
exec/java-exec/src/main/java/org/apache/drill/exec/exception/FragmentSetupException.java,18.0,1.0,10.0,5.0,0.0,5.0,56.0,jacques@apache.org,1,0.0013280212483399733,33.0,0.0,0.0,0.0,1323.6045197740114,51815.525829594284,1,0,2.2030554976470125,true
exec/java-exec/src/main/java/org/apache/drill/exec/exception/OptimizerException.java,8.0,1.0,1.0,2.0,0.0,2.0,56.0,jacques@apache.org,1,0.0013280212483399733,33.0,0.0,0.0,0.0,1323.6045197740114,51815.525829594284,1,0,2.2030554976470125,true
exec/java-exec/src/main/java/org/apache/drill/exec/expr/CodeGenerator.java,102.0,8.0,1.0,14.0,21.0,34.0,0.0,jacques@apache.org,0,0.0,0.0,0.0,0.0,0.0,0.0,0.0,0,1,0.0,true
exec/java-exec/src/main/java/org/apache/drill/exec/expr/EvaluationVisitor.java,750.0,51.0,1.0,2.0,5.0,5.0,65.0,null,1,0.0,0.0,0.0,0.0,0.0,1013.448275862069,16503.690046877957,1,8,3.068052935133617,true
exec/java-exec/src/main/java/org/apache/drill/exec/expr/ExpressionTreeMaterializer.java,328.0,55.0,10.0,5.0,27.0,15.0,6.0,null,2,0.0026560424966799467,2.0,2.0,2.0,0.0,881.2727272727273,12648.264449550019,2,8,1.565764667673716,true
exec/java-exec/src/main/java/org/apache/drill/exec/expr/fn/DrillFunctionRegistry.java,51.0,15.0,0.0,3.0,25.0,11.0,5.0,null,2,0.0013280212483399733,0.0,11.0,11.0,0.0,1476.6313885119857,22978.931225209126,2,0,1.3726898942361867,true
exec/java-exec/src/main/java/org/apache/drill/exec/expr/fn/impl/AggregateErrorFunctions.java,34.0,9.0,0.0,0.0,0.0,0.0,0.0,altekrusejason@gmail.com,1,0.0013280212483399733,0.0,0.0,0.0,0.0,1294.0359281437125,21817.545677034177,1,1,0.0,false
exec/java-exec/src/main/java/org/apache/drill/exec/expr/fn/impl/BitFunctions.java,52.0,9.0,0.0,0.0,0.0,0.0,4.0,null,2,0.0026560424966799467,0.0,18.0,0.0,0.0,1892.3389584467427,32504.834190643476,2,1,1.9286186519452522,true
exec/java-exec/src/main/java/org/apache/drill/exec/expr/fn/impl/ByteFunctionHelpers.java,163.0,5.0,49.0,11.0,22.0,41.0,11.0,jacques@apache.org,1,0.0013280212483399733,17.0,0.0,0.0,0.0,1323.6045197740114,51815.525829594284,1,1,2.2030554976470125,true
exec/java-exec/src/main/java/org/apache/drill/exec/expr/fn/impl/DateTypeFunctions.java,324.0,18.0,0.0,0.0,0.0,0.0,4.0,mehantr@gmail.com,2,0.0026560424966799467,0.0,8.0,0.0,0.0,1358.0359281437125,21833.103661767815,2,0,5.147494476813453,true
exec/java-exec/src/main/java/org/apache/drill/exec/expr/fn/impl/HashFunctions.java,386.0,38.0,0.0,0.0,0.0,0.0,3.0,null,2,0.0026560424966799467,0.0,6.0,0.0,0.0,1892.3389584467427,32504.834190643476,2,1,1.9286186519452522,true
exec/java-exec/src/main/java/org/apache/drill/exec/expr/fn/impl/Mappify.java,12.0,9.0,0.0,0.0,0.0,0.0,2.0,altekrusejason@gmail.com,2,0.0013280212483399733,0.0,0.0,33.0,0.0,2617.6404479177236,73633.07150662846,2,0,2.2030554976470125,true
exec/java-exec/src/main/java/org/apache/drill/exec/expr/fn/impl/MappifyUtility.java,34.0,13.0,0.0,1.0,18.0,5.0,2.0,mehantr@gmail.com,3,0.0013280212483399733,20.0,0.0,40.0,0.0,2360.215242384734,64731.385771775014,3,0,1.9944439201337962,true
exec/java-exec/src/main/java/org/apache/drill/exec/expr/fn/impl/SimpleRepeatedFunctions.java,181.0,22.0,0.0,1.0,0.0,1.0,11.0,null,2,0.0026560424966799467,12.0,0.0,0.0,0.0,2617.6404479177236,73633.07150662846,2,0,2.2030554976470125,true
exec/java-exec/src/main/java/org/apache/drill/exec/expr/fn/impl/StringFunctionHelpers.java,163.0,5.0,30.0,9.0,18.0,33.0,11.0,jacques@apache.org,1,0.0013280212483399733,14.0,0.0,0.0,0.0,1323.6045197740114,51815.525829594284,1,2,2.2030554976470125,true
exec/java-exec/src/main/java/org/apache/drill/exec/expr/fn/impl/StringFunctions.java,744.0,18.0,0.0,1.0,0.0,1.0,1.0,null,2,0.0026560424966799467,0.0,5.0,0.0,0.0,1988.8164159485905,27643.810541922292,2,2,2.5084371471981943,true
exec/java-exec/src/main/java/org/apache/drill/exec/expr/fn/impl/XXHash.java,127.0,4.0,16.0,8.0,17.0,21.0,11.0,jacques@apache.org,1,0.0013280212483399733,33.0,0.0,0.0,0.0,1323.6045197740114,51815.525829594284,1,0,2.2030554976470125,true
exec/java-exec/src/main/java/org/apache/drill/exec/expr/fn/impl/conv/DoubleBEConvertFrom.java,11.0,9.0,1.0,2.0,5.0,2.0,0.0,altekrusejason@gmail.com,1,0.0013280212483399733,0.0,0.0,0.0,0.0,1294.0359281437125,21817.545677034177,1,0,0.0,true
exec/java-exec/src/main/java/org/apache/drill/exec/expr/fn/impl/conv/DoubleBEConvertTo.java,15.0,11.0,0.0,2.0,5.0,2.0,0.0,altekrusejason@gmail.com,1,0.0013280212483399733,0.0,0.0,0.0,0.0,1294.0359281437125,21817.545677034177,1,0,0.0,true
exec/java-exec/src/main/java/org/apache/drill/exec/expr/fn/impl/conv/DummyFlatten.java,10.0,8.0,1.0,2.0,0.0,2.0,0.0,altekrusejason@gmail.com,1,0.0013280212483399733,0.0,0.0,0.0,0.0,1294.0359281437125,21817.545677034177,1,0,0.0,false
exec/java-exec/src/main/java/org/apache/drill/exec/expr/fn/impl/conv/FloatBEConvertFrom.java,11.0,9.0,1.0,2.0,5.0,2.0,0.0,altekrusejason@gmail.com,1,0.0013280212483399733,0.0,0.0,0.0,0.0,1294.0359281437125,21817.545677034177,1,0,0.0,true
exec/java-exec/src/main/java/org/apache/drill/exec/expr/fn/impl/conv/FloatBEConvertTo.java,15.0,11.0,0.0,2.0,5.0,2.0,0.0,altekrusejason@gmail.com,1,0.0013280212483399733,0.0,0.0,0.0,0.0,1294.0359281437125,21817.545677034177,1,0,0.0,true
exec/java-exec/src/main/java/org/apache/drill/exec/expr/fn/impl/conv/JsonConvertFrom.java,43.0,13.0,0.0,1.0,0.0,1.0,30.0,altekrusejason@gmail.com,2,0.0013280212483399733,8.0,0.0,0.0,0.0,1423.2359281437125,21993.857272679434,2,2,2.2030554976470125,true
exec/java-exec/src/main/java/org/apache/drill/exec/expr/fn/impl/conv/JsonConvertTo.java,27.0,11.0,0.0,1.0,0.0,1.0,0.0,altekrusejason@gmail.com,1,0.0013280212483399733,0.0,0.0,0.0,0.0,1294.0359281437125,21817.545677034177,1,1,0.0,false
exec/java-exec/src/main/java/org/apache/drill/exec/memory/Accountor.java,329.0,16.0,0.0,16.0,87.0,59.0,9.0,jacques@apache.org,2,0.0026560424966799467,0.0,5.0,0.0,0.0,2737.5032539512267,107098.88728839986,2,8,2.8449093838194073,true
exec/java-exec/src/main/java/org/apache/drill/exec/memory/AtomicRemainder.java,143.0,1.0,0.0,8.0,18.0,26.0,0.0,jacques@apache.org,0,0.0,0.0,0.0,0.0,0.0,0.0,0.0,0,5,0.0,true
exec/java-exec/src/main/java/org/apache/drill/exec/ops/FragmentContext.java,233.0,31.0,445.0,35.0,65.0,86.0,27.0,null,3,0.0026560424966799467,4.0,0.0,2.0,2.0,3631.0887237797924,90136.76155350643,3,12,1.8548738085144012,true
exec/java-exec/src/main/java/org/apache/drill/exec/ops/FragmentStats.java,28.0,6.0,0.0,4.0,9.0,7.0,15.0,jacques@apache.org,1,0.0013280212483399733,12.0,0.0,0.0,12.0,1323.6045197740114,51815.525829594284,1,2,2.2030554976470125,false
exec/java-exec/src/main/java/org/apache/drill/exec/ops/QueryContext.java,86.0,19.0,33.0,19.0,21.0,39.0,0.0,null,1,0.0013280212483399733,0.0,0.0,0.0,0.0,1294.0359281437125,21817.545677034177,1,8,0.0,true
exec/java-exec/src/main/java/org/apache/drill/exec/opt/BasicOptimizer.java,135.0,45.0,11.0,6.0,15.0,10.0,56.0,null,2,0.0026560424966799467,5.0,0.0,0.0,0.0,1628.033091202583,53934.3443672997,2,4,2.2030554976470125,true
exec/java-exec/src/main/java/org/apache/drill/exec/physical/PhysicalOperatorSetupException.java,18.0,1.0,10.0,5.0,0.0,5.0,56.0,jacques@apache.org,1,0.0013280212483399733,100.0,0.0,0.0,0.0,1323.6045197740114,51815.525829594284,1,0,2.2030554976470125,true
exec/java-exec/src/main/java/org/apache/drill/exec/physical/base/AbstractExchange.java,33.0,3.0,36.0,9.0,3.0,18.0,31.0,jacques@apache.org,3,0.0013280212483399733,14.0,0.0,14.0,0.0,3039.038137672157,111495.27158955249,3,0,1.536941927722205,true
exec/java-exec/src/main/java/org/apache/drill/exec/physical/base/AbstractPhysicalVisitor.java,105.0,24.0,528.0,33.0,35.0,100.0,0.0,null,1,0.0,0.0,0.0,0.0,0.0,598.3030303030304,10687.2885136093,1,3,0.0,true
exec/java-exec/src/main/java/org/apache/drill/exec/physical/base/Exchange.java,40.0,4.0,21.0,7.0,0.0,19.0,31.0,jacques@apache.org,3,0.0013280212483399733,14.0,0.0,14.0,0.0,3039.038137672157,111495.27158955249,3,1,1.536941927722205,true
exec/java-exec/src/main/java/org/apache/drill/exec/physical/base/GroupScan.java,31.0,8.0,36.0,9.0,0.0,15.0,29.0,null,2,0.0013280212483399733,5.0,0.0,0.0,0.0,2201.9328779829666,64107.168541194114,2,6,1.509908317087067,true
exec/java-exec/src/main/java/org/apache/drill/exec/physical/base/PhysicalVisitor.java,41.0,24.0,496.0,32.0,0.0,64.0,0.0,null,1,0.0,0.0,0.0,0.0,0.0,598.3030303030304,10687.2885136093,1,3,0.0,false
exec/java-exec/src/main/java/org/apache/drill/exec/physical/base/Store.java,29.0,4.0,6.0,4.0,0.0,16.0,56.0,jacques@apache.org,1,0.0013280212483399733,25.0,0.0,0.0,0.0,1323.6045197740114,51815.525829594284,1,0,2.2030554976470125,true
exec/java-exec/src/main/java/org/apache/drill/exec/physical/config/BroadcastExchange.java,25.0,11.0,17.0,7.0,0.0,14.0,56.0,jacques@apache.org,2,0.0013280212483399733,14.0,0.0,0.0,0.0,2737.5032539512267,107098.88728839986,2,1,2.2030554976470125,true
exec/java-exec/src/main/java/org/apache/drill/exec/physical/config/FlattenPOP.java,23.0,12.0,9.0,6.0,2.0,12.0,0.0,altekrusejason@gmail.com,0,0.0,0.0,0.0,0.0,0.0,0.0,0.0,0,0,0.0,false
exec/java-exec/src/main/java/org/apache/drill/exec/physical/config/Screen.java,42.0,14.0,3.0,10.0,9.0,23.0,56.0,jacques@apache.org,2,0.0013280212483399733,12.0,0.0,0.0,0.0,2737.5032539512267,107098.88728839986,2,0,2.2030554976470125,true
exec/java-exec/src/main/java/org/apache/drill/exec/physical/config/SingleMergeExchange.java,37.0,11.0,20.0,9.0,3.0,17.0,31.0,null,3,0.0013280212483399733,11.0,0.0,11.0,0.0,3039.038137672157,111495.27158955249,3,2,1.536941927722205,true
exec/java-exec/src/main/java/org/apache/drill/exec/physical/config/UnionExchange.java,32.0,9.0,24.0,8.0,3.0,15.0,31.0,jacques@apache.org,3,0.0013280212483399733,10.0,0.0,10.0,0.0,3039.038137672157,111495.27158955249,3,1,1.536941927722205,true
exec/java-exec/src/main/java/org/apache/drill/exec/physical/impl/BatchCreator.java,4.0,6.0,0.0,1.0,0.0,2.0,56.0,jacques@apache.org,1,0.0013280212483399733,17.0,0.0,0.0,0.0,1323.6045197740114,51815.525829594284,1,1,2.2030554976470125,true
exec/java-exec/src/main/java/org/apache/drill/exec/physical/impl/MergingReceiverCreator.java,5.0,9.0,0.0,1.0,0.0,2.0,56.0,benjamin.becker@gmail.com,1,0.0013280212483399733,25.0,0.0,0.0,0.0,1323.6045197740114,51815.525829594284,1,0,2.2030554976470125,true
exec/java-exec/src/main/java/org/apache/drill/exec/physical/impl/OutputMutator.java,24.0,5.0,6.0,4.0,0.0,10.0,12.0,jacques@apache.org,1,0.0,0.0,0.0,14.0,0.0,1323.6045197740114,51815.525829594284,1,1,2.2030554976470125,true
exec/java-exec/src/main/java/org/apache/drill/exec/physical/impl/RootExec.java,20.0,2.0,3.0,3.0,0.0,6.0,45.0,sphillips@maprtech.com,1,0.0,0.0,0.0,0.0,0.0,1013.448275862069,16503.690046877957,1,0,3.068052935133617,true
exec/java-exec/src/main/java/org/apache/drill/exec/physical/impl/ScanBatch.java,246.0,35.0,99.0,19.0,58.0,51.0,22.0,null,5,0.00398406374501992,5.0,5.0,5.0,5.0,5324.060375827129,141720.48491176576,5,8,0.9560641798549483,true
exec/java-exec/src/main/java/org/apache/drill/exec/physical/impl/ScreenCreator.java,118.0,23.0,21.0,7.0,39.0,16.0,23.0,null,3,0.0013280212483399733,0.0,0.0,0.0,0.0,1484.422634836428,18928.368144541142,3,9,2.132151846682821,true
exec/java-exec/src/main/java/org/apache/drill/exec/physical/impl/SingleSenderCreator.java,107.0,19.0,15.0,6.0,27.0,13.0,23.0,sphillips@maprtech.com,3,0.0013280212483399733,0.0,0.0,4.0,0.0,3750.9515298132956,123602.57733527782,3,3,3.068052935133617,true
exec/java-exec/src/main/java/org/apache/drill/exec/physical/impl/TopN/PriorityQueueTemplate.java,135.0,14.0,33.0,15.0,39.0,38.0,0.0,jacques@apache.org,0,0.0,0.0,0.0,0.0,0.0,0.0,0.0,0,2,0.0,true
exec/java-exec/src/main/java/org/apache/drill/exec/physical/impl/TopN/TopNBatch.java,263.0,47.0,25.0,11.0,65.0,39.0,26.0,sphillips@maprtech.com,1,0.0013280212483399733,4.0,0.0,4.0,0.0,1013.448275862069,16503.690046877957,1,4,3.068052935133617,true
exec/java-exec/src/main/java/org/apache/drill/exec/physical/impl/WriterRecordBatch.java,108.0,21.0,10.0,9.0,39.0,27.0,45.0,sphillips@maprtech.com,1,0.0,0.0,0.0,0.0,0.0,1013.448275862069,16503.690046877957,1,2,3.068052935133617,true
exec/java-exec/src/main/java/org/apache/drill/exec/physical/impl/aggregate/HashAggBatch.java,211.0,34.0,0.0,10.0,76.0,42.0,29.0,null,3,0.0026560424966799467,4.0,4.0,4.0,4.0,3025.6500403423142,82474.34001929284,3,6,1.6876877056680557,true
exec/java-exec/src/main/java/org/apache/drill/exec/physical/impl/aggregate/HashAggTemplate.java,43.0,34.0,0.0,1.0,1.0,2.0,16.0,null,4,0.00398406374501992,7.0,7.0,7.0,7.0,3327.1849240632446,86870.72432044547,4,7,1.1490439387419458,true
exec/java-exec/src/main/java/org/apache/drill/exec/physical/impl/aggregate/StreamingAggBatch.java,265.0,33.0,15.0,14.0,112.0,57.0,55.0,null,1,0.0,0.0,0.0,0.0,0.0,1013.448275862069,16503.690046877957,1,5,3.068052935133617,true
exec/java-exec/src/main/java/org/apache/drill/exec/physical/impl/aggregate/StreamingAggTemplate.java,323.0,7.0,161.0,22.0,36.0,49.0,65.0,null,2,0.0013280212483399733,0.0,0.0,0.0,0.0,2337.05279563608,68319.21587647224,2,5,3.068052935133617,true
exec/java-exec/src/main/java/org/apache/drill/exec/physical/impl/broadcastsender/BroadcastSenderRootExec.java,106.0,23.0,0.0,5.0,32.0,13.0,45.0,null,3,0.0013280212483399733,0.0,0.0,0.0,0.0,3750.9515298132956,123602.57733527782,3,6,3.068052935133617,true
exec/java-exec/src/main/java/org/apache/drill/exec/physical/impl/common/ChainedHashTable.java,175.0,36.0,9.0,7.0,65.0,30.0,18.0,null,3,0.0026560424966799467,11.0,11.0,5.0,5.0,2728.8818937602146,76183.43580683616,3,5,1.5995032601352577,true
exec/java-exec/src/main/java/org/apache/drill/exec/physical/impl/common/HashTable.java,33.0,5.0,45.0,10.0,0.0,10.0,25.0,null,2,0.0013280212483399733,7.0,0.0,7.0,7.0,2427.347010039284,71787.05150568354,2,3,2.2827763992959977,true
exec/java-exec/src/main/java/org/apache/drill/exec/physical/impl/common/HashTableTemplate.java,416.0,18.0,133.0,23.0,62.0,53.0,25.0,null,2,0.0013280212483399733,5.0,0.0,5.0,5.0,2427.347010039284,71787.05150568354,2,8,2.2827763992959977,true
exec/java-exec/src/main/java/org/apache/drill/exec/physical/impl/filter/FilterRecordBatch.java,112.0,23.0,17.0,10.0,48.0,34.0,45.0,null,1,0.0,0.0,0.0,0.0,0.0,1013.448275862069,16503.690046877957,1,2,3.068052935133617,true
exec/java-exec/src/main/java/org/apache/drill/exec/physical/impl/filter/FilterTemplate4.java,30.0,6.0,6.0,5.0,9.0,9.0,3.0,benjamin.becker@gmail.com,1,0.0,0.0,0.0,20.0,0.0,301.5348837209302,4396.384301152629,1,0,2.257122718917288,false
exec/java-exec/src/main/java/org/apache/drill/exec/physical/impl/flatten/FlattenBatchCreator.java,7.0,8.0,0.0,1.0,4.0,3.0,0.0,altekrusejason@gmail.com,0,0.0,0.0,0.0,0.0,0.0,0.0,0.0,0,0,0.0,true
exec/java-exec/src/main/java/org/apache/drill/exec/physical/impl/flatten/FlattenRecordBatch.java,237.0,41.0,55.0,15.0,97.0,54.0,20.0,altekrusejason@gmail.com,4,0.0013280212483399733,8.0,0.0,8.0,0.0,3034.9872343088114,49184.83583316668,4,2,1.7551711809044326,true
exec/java-exec/src/main/java/org/apache/drill/exec/physical/impl/flatten/FlattenTemplate.java,74.0,12.0,18.0,8.0,9.0,18.0,0.0,altekrusejason@gmail.com,0,0.0,0.0,0.0,0.0,0.0,0.0,0.0,0,1,0.0,false
exec/java-exec/src/main/java/org/apache/drill/exec/physical/impl/flatten/Flattener.java,8.0,7.0,10.0,5.0,0.0,6.0,0.0,altekrusejason@gmail.com,0,0.0,0.0,0.0,0.0,0.0,0.0,0.0,0,1,0.0,false
exec/java-exec/src/main/java/org/apache/drill/exec/physical/impl/join/HashJoinBatch.java,265.0,41.0,20.0,12.0,81.0,44.0,21.0,null,4,0.00398406374501992,7.0,5.0,2.0,2.0,3607.21025196917,88475.078518436,4,11,1.4038756154912677,true
exec/java-exec/src/main/java/org/apache/drill/exec/physical/impl/join/HashJoinProbeTemplate.java,158.0,13.0,5.0,7.0,23.0,25.0,65.0,mehantr@gmail.com,1,0.0,0.0,0.0,0.0,0.0,1013.448275862069,16503.690046877957,1,9,3.068052935133617,true
exec/java-exec/src/main/java/org/apache/drill/exec/physical/impl/join/JoinStatus.java,211.0,7.0,263.0,31.0,25.0,69.0,45.0,null,2,0.0013280212483399733,0.0,0.0,0.0,0.0,2337.05279563608,68319.21587647224,2,3,3.068052935133617,true
exec/java-exec/src/main/java/org/apache/drill/exec/physical/impl/join/MergeJoinBatch.java,316.0,44.0,0.0,14.0,139.0,50.0,28.0,null,3,0.00398406374501992,7.0,2.0,2.0,2.0,1913.2861898860297,31587.362861639886,3,14,1.7277094960194437,true
exec/java-exec/src/main/java/org/apache/drill/exec/physical/impl/limit/LimitRecordBatch.java,137.0,12.0,0.0,9.0,35.0,34.0,45.0,null,1,0.0,0.0,0.0,0.0,0.0,1013.448275862069,16503.690046877957,1,4,3.068052935133617,true
exec/java-exec/src/main/java/org/apache/drill/exec/physical/impl/mergereceiver/MergingRecordBatch.java,480.0,58.0,124.0,24.0,121.0,78.0,55.0,null,2,0.0,0.0,0.0,0.0,0.0,2427.347010039284,71787.05150568354,2,9,3.068052935133617,true
exec/java-exec/src/main/java/org/apache/drill/exec/physical/impl/orderedpartitioner/OrderedPartitionRecordBatch.java,347.0,56.0,0.0,11.0,139.0,52.0,0.0,null,0,0.0,0.0,0.0,0.0,0.0,0.0,0.0,0,6,0.0,true
exec/java-exec/src/main/java/org/apache/drill/exec/physical/impl/partitionsender/PartitionSenderRootExec.java,213.0,31.0,3.0,10.0,81.0,36.0,45.0,null,3,0.0026560424966799467,0.0,0.0,0.0,0.0,3750.9515298132956,123602.57733527782,3,6,3.068052935133617,true
exec/java-exec/src/main/java/org/apache/drill/exec/physical/impl/partitionsender/PartitionerTemplate.java,279.0,34.0,6.0,9.0,41.0,27.0,55.0,sphillips@maprtech.com,3,0.0026560424966799467,0.0,0.0,0.0,0.0,3750.9515298132956,123602.57733527782,3,3,3.068052935133617,true
exec/java-exec/src/main/java/org/apache/drill/exec/physical/impl/partitionsender/StatusHandler.java,28.0,7.0,0.0,5.0,5.0,8.0,0.0,sphillips@maprtech.com,0,0.0,0.0,0.0,0.0,0.0,0.0,0.0,0,2,0.0,true
exec/java-exec/src/main/java/org/apache/drill/exec/physical/impl/producer/ProducerConsumerBatch.java,163.0,20.0,5.0,7.0,41.0,26.0,45.0,sphillips@maprtech.com,1,0.0,0.0,0.0,0.0,0.0,1013.448275862069,16503.690046877957,1,4,3.068052935133617,true
exec/java-exec/src/main/java/org/apache/drill/exec/physical/impl/project/ProjectRecordBatch.java,239.0,53.0,137.0,19.0,51.0,63.0,18.0,null,3,0.0013280212483399733,0.0,2.0,2.0,2.0,2174.746331040721,30756.30869441851,3,14,1.8068084208838335,true
exec/java-exec/src/main/java/org/apache/drill/exec/physical/impl/sort/RecordBatchData.java,56.0,10.0,0.0,7.0,24.0,17.0,0.0,sphillips@maprtech.com,0,0.0,0.0,0.0,0.0,0.0,0.0,0.0,0,1,0.0,true
exec/java-exec/src/main/java/org/apache/drill/exec/physical/impl/svremover/RemovingRecordBatch.java,135.0,23.0,40.0,12.0,51.0,39.0,45.0,null,1,0.0,0.0,0.0,0.0,0.0,1013.448275862069,16503.690046877957,1,4,3.068052935133617,true
exec/java-exec/src/main/java/org/apache/drill/exec/physical/impl/trace/TraceRecordBatch.java,86.0,19.0,3.0,7.0,32.0,28.0,0.0,sphillips@maprtech.com,0,0.0,0.0,0.0,0.0,0.0,0.0,0.0,0,2,0.0,true
exec/java-exec/src/main/java/org/apache/drill/exec/physical/impl/union/UnionAllRecordBatch.java,103.0,15.0,23.0,11.0,32.0,29.0,23.0,hsuanyi@usc.edu,3,0.0013280212483399733,0.0,0.0,0.0,0.0,1329.0846394984326,18660.772651910433,3,0,2.132151846682821,true
exec/java-exec/src/main/java/org/apache/drill/exec/physical/impl/unorderedreceiver/UnorderedReceiverBatch.java,131.0,29.0,42.0,16.0,56.0,38.0,45.0,null,2,0.0,0.0,0.0,0.0,0.0,2427.347010039284,71787.05150568354,2,0,3.068052935133617,true
exec/java-exec/src/main/java/org/apache/drill/exec/physical/impl/validate/IteratorValidatorBatchIterator.java,83.0,13.0,0.0,15.0,30.0,34.0,45.0,jacques@apache.org,1,0.0,0.0,0.0,0.0,0.0,1013.448275862069,16503.690046877957,1,5,3.068052935133617,true
exec/java-exec/src/main/java/org/apache/drill/exec/physical/impl/window/StreamingWindowFrameRecordBatch.java,128.0,32.0,43.0,11.0,61.0,40.0,37.0,adeneche@gmail.com,2,0.0013280212483399733,0.0,0.0,14.0,0.0,1317.8768472906404,18622.508584583375,2,0,2.893636887212101,true
exec/java-exec/src/main/java/org/apache/drill/exec/physical/impl/xsort/ExternalSortBatch.java,476.0,53.0,130.0,21.0,168.0,89.0,22.0,null,3,0.00398406374501992,5.0,0.0,2.0,2.0,2935.3558259391107,79006.50439008154,3,6,2.051727339109349,true
exec/java-exec/src/main/java/org/apache/drill/exec/physical/impl/xsort/PriorityQueueCopierTemplate.java,105.0,9.0,38.0,13.0,24.0,29.0,20.0,null,4,0.00398406374501992,15.0,0.0,8.0,8.0,2968.0224926057776,79202.6110591733,4,2,1.3372380687540917,true
exec/java-exec/src/main/java/org/apache/drill/exec/planner/FileSystemPartitionDescriptor.java,19.0,0.0,2.0,4.0,4.0,7.0,0.0,mehantr@gmail.com,1,0.0013280212483399733,0.0,0.0,0.0,0.0,188.0,625.0716453868889,1,0,0.0,false
exec/java-exec/src/main/java/org/apache/drill/exec/planner/PartitionDescriptor.java,5.0,0.0,3.0,3.0,0.0,3.0,0.0,mehantr@gmail.com,1,0.0013280212483399733,0.0,0.0,0.0,0.0,188.0,625.0716453868889,1,0,0.0,false
exec/java-exec/src/main/java/org/apache/drill/exec/planner/common/DrillUnionRelBase.java,23.0,7.0,3.0,3.0,4.0,10.0,11.0,asinha@maprtech.com,1,0.0013280212483399733,0.0,14.0,14.0,0.0,301.5348837209302,4396.384301152629,1,0,2.257122718917288,true
exec/java-exec/src/main/java/org/apache/drill/exec/planner/fragment/Fragment.java,119.0,6.0,0.0,11.0,6.0,24.0,56.0,jacques@apache.org,2,0.0013280212483399733,14.0,0.0,0.0,0.0,2737.5032539512267,107098.88728839986,2,0,2.2030554976470125,true
exec/java-exec/src/main/java/org/apache/drill/exec/planner/fragment/MakeFragmentsVisitor.java,40.0,5.0,15.0,6.0,9.0,19.0,56.0,jacques@apache.org,2,0.0013280212483399733,17.0,0.0,0.0,0.0,2737.5032539512267,107098.88728839986,2,0,2.2030554976470125,true
exec/java-exec/src/main/java/org/apache/drill/exec/planner/fragment/Materializer.java,69.0,12.0,10.0,5.0,29.0,22.0,56.0,jacques@apache.org,2,0.0013280212483399733,12.0,0.0,0.0,0.0,2737.5032539512267,107098.88728839986,2,1,2.2030554976470125,true
exec/java-exec/src/main/java/org/apache/drill/exec/planner/fragment/SimpleParallelizer.java,98.0,24.0,4.0,5.0,53.0,20.0,29.0,null,3,0.0026560424966799467,8.0,0.0,0.0,4.0,3039.038137672157,111495.27158955249,3,2,1.536941927722205,true
exec/java-exec/src/main/java/org/apache/drill/exec/planner/fragment/StatsCollector.java,63.0,11.0,3.0,3.0,7.0,5.0,6.0,null,2,0.0,0.0,0.0,10.0,0.0,1715.4336178981453,59679.745759958205,2,1,2.257122718917288,true
exec/java-exec/src/main/java/org/apache/drill/exec/planner/fragment/Wrapper.java,127.0,20.0,53.0,15.0,37.0,29.0,56.0,sphillips@maprtech.com,2,0.0013280212483399733,10.0,0.0,0.0,0.0,2737.5032539512267,107098.88728839986,2,1,2.2030554976470125,true
exec/java-exec/src/main/java/org/apache/drill/exec/planner/logical/DirPathBuilder.java,153.0,23.0,65.0,14.0,47.0,36.0,56.0,asinha@maprtech.com,1,0.0013280212483399733,14.0,0.0,0.0,0.0,1323.6045197740114,51815.525829594284,1,1,2.2030554976470125,true
exec/java-exec/src/main/java/org/apache/drill/exec/planner/logical/DrillConditions.java,12.0,3.0,0.0,1.0,4.0,3.0,0.0,hgunes@maprtech.com,0,0.0,0.0,0.0,0.0,0.0,0.0,0.0,0,1,0.0,false
exec/java-exec/src/main/java/org/apache/drill/exec/planner/logical/DrillOptiq.java,199.0,36.0,3.0,3.0,5.0,6.0,56.0,null,1,0.0013280212483399733,2.0,0.0,0.0,0.0,1323.6045197740114,51815.525829594284,1,9,2.2030554976470125,true
exec/java-exec/src/main/java/org/apache/drill/exec/planner/logical/DrillPushFilterPastProjectRule.java,47.0,17.0,10.0,5.0,31.0,18.0,4.0,asinha@maprtech.com,1,0.0013280212483399733,0.0,50.0,0.0,0.0,301.5348837209302,4396.384301152629,1,0,2.257122718917288,true
exec/java-exec/src/main/java/org/apache/drill/exec/planner/logical/DrillPushPartitionFilterIntoScan.java,70.0,15.0,21.0,7.0,30.0,18.0,0.0,asinha@maprtech.com,0,0.0,0.0,0.0,0.0,0.0,0.0,0.0,0,2,0.0,false
exec/java-exec/src/main/java/org/apache/drill/exec/planner/logical/DrillPushProjectPastFilterRule.java,6.0,3.0,0.0,1.0,0.0,1.0,0.0,hgunes@maprtech.com,0,0.0,0.0,0.0,0.0,0.0,0.0,0.0,0,2,0.0,true
exec/java-exec/src/main/java/org/apache/drill/exec/planner/logical/DrillPushProjectPastJoinRule.java,6.0,3.0,0.0,1.0,0.0,1.0,0.0,hgunes@maprtech.com,0,0.0,0.0,0.0,0.0,0.0,0.0,0.0,0,1,0.0,false
exec/java-exec/src/main/java/org/apache/drill/exec/planner/logical/DrillRuleSets.java,64.0,36.0,6.0,4.0,13.0,11.0,4.0,null,4,0.005312084993359893,0.0,2.0,0.0,0.0,2117.5679749235132,58955.800313839216,4,12,2.257122718917288,true
exec/java-exec/src/main/java/org/apache/drill/exec/planner/logical/DrillUnionRel.java,33.0,12.0,10.0,5.0,8.0,13.0,11.0,jacques@apache.org,1,0.0013280212483399733,0.0,14.0,14.0,0.0,301.5348837209302,4396.384301152629,1,1,2.257122718917288,true
exec/java-exec/src/main/java/org/apache/drill/exec/planner/logical/DrillUnionRule.java,25.0,12.0,1.0,2.0,11.0,4.0,11.0,jni@maprtech.com,1,0.0013280212483399733,0.0,11.0,11.0,0.0,301.5348837209302,4396.384301152629,1,1,2.257122718917288,true
exec/java-exec/src/main/java/org/apache/drill/exec/planner/logical/PartitionPruningUtil.java,38.0,3.0,1.0,2.0,12.0,8.0,0.0,mehantr@gmail.com,0,0.0,0.0,0.0,0.0,0.0,0.0,0.0,0,0,0.0,false
exec/java-exec/src/main/java/org/apache/drill/exec/planner/physical/ConvertCountToDirectScan.java,65.0,23.0,6.0,4.0,42.0,11.0,0.0,jacques@apache.org,0,0.0,0.0,0.0,0.0,0.0,0.0,0.0,0,2,0.0,true
exec/java-exec/src/main/java/org/apache/drill/exec/planner/physical/FlattenPrel.java,28.0,18.0,9.0,7.0,11.0,14.0,0.0,jacques@apache.org,0,0.0,0.0,0.0,0.0,0.0,0.0,0.0,0,2,0.0,true
exec/java-exec/src/main/java/org/apache/drill/exec/planner/physical/PlannerSettings.java,91.0,10.0,0.0,21.0,25.0,42.0,9.0,null,4,0.0026560424966799467,0.0,0.0,3.0,0.0,3166.2400960564896,108472.62395021654,4,5,2.257122718917288,true
exec/java-exec/src/main/java/org/apache/drill/exec/planner/physical/ProjectPrel.java,30.0,15.0,28.0,8.0,8.0,17.0,0.0,jacques@apache.org,0,0.0,0.0,0.0,0.0,0.0,0.0,0.0,0,4,0.0,true
exec/java-exec/src/main/java/org/apache/drill/exec/planner/physical/UnionAllPrel.java,39.0,16.0,15.0,6.0,19.0,18.0,11.0,jacques@apache.org,1,0.0013280212483399733,0.0,25.0,25.0,0.0,301.5348837209302,4396.384301152629,1,0,2.257122718917288,true
exec/java-exec/src/main/java/org/apache/drill/exec/planner/physical/UnionAllPrule.java,29.0,11.0,3.0,3.0,18.0,6.0,11.0,asinha@maprtech.com,1,0.0013280212483399733,0.0,17.0,17.0,0.0,301.5348837209302,4396.384301152629,1,0,2.257122718917288,true
exec/java-exec/src/main/java/org/apache/drill/exec/planner/physical/UnionDistinctPrel.java,39.0,16.0,15.0,6.0,19.0,18.0,11.0,jacques@apache.org,1,0.0013280212483399733,0.0,25.0,25.0,0.0,301.5348837209302,4396.384301152629,1,0,2.257122718917288,true
exec/java-exec/src/main/java/org/apache/drill/exec/planner/physical/UnionDistinctPrule.java,29.0,11.0,3.0,3.0,19.0,7.0,11.0,asinha@maprtech.com,1,0.0013280212483399733,0.0,25.0,25.0,0.0,301.5348837209302,4396.384301152629,1,0,2.257122718917288,true
exec/java-exec/src/main/java/org/apache/drill/exec/planner/physical/UnionPrel.java,14.0,8.0,6.0,4.0,3.0,9.0,11.0,asinha@maprtech.com,1,0.0013280212483399733,0.0,20.0,20.0,0.0,301.5348837209302,4396.384301152629,1,0,2.257122718917288,true
exec/java-exec/src/main/java/org/apache/drill/exec/planner/physical/visitor/BasePrelVisitor.java,23.0,7.0,21.0,7.0,9.0,21.0,0.0,altekrusejason@gmail.com,0,0.0,0.0,0.0,0.0,0.0,0.0,0.0,0,1,0.0,true
exec/java-exec/src/main/java/org/apache/drill/exec/planner/physical/visitor/PrelVisitor.java,10.0,7.0,21.0,7.0,0.0,14.0,0.0,altekrusejason@gmail.com,0,0.0,0.0,0.0,0.0,0.0,0.0,0.0,0,1,0.0,true
exec/java-exec/src/main/java/org/apache/drill/exec/planner/physical/visitor/RewriteProjectToFlatten.java,53.0,28.0,1.0,3.0,21.0,10.0,4.0,altekrusejason@gmail.com,1,0.0,0.0,0.0,25.0,0.0,301.5348837209302,4396.384301152629,1,1,2.257122718917288,true
exec/java-exec/src/main/java/org/apache/drill/exec/planner/physical/visitor/RexVisitorComplexExprSplitter.java,56.0,19.0,49.0,11.0,8.0,23.0,0.0,altekrusejason@gmail.com,0,0.0,0.0,0.0,0.0,0.0,0.0,0.0,0,1,0.0,false
exec/java-exec/src/main/java/org/apache/drill/exec/planner/physical/visitor/SplitUpComplexExpressions.java,67.0,34.0,1.0,3.0,22.0,11.0,3.0,null,2,0.0,0.0,0.0,25.0,0.0,899.8379140239606,15083.672814761929,2,2,1.399723504871325,true
exec/java-exec/src/main/java/org/apache/drill/exec/planner/sql/DrillSqlOperator.java,30.0,14.0,0.0,5.0,12.0,13.0,3.0,null,1,0.0,0.0,0.0,10.0,0.0,878.3283582089553,12291.642711599829,1,2,2.2030554976470125,true
exec/java-exec/src/main/java/org/apache/drill/exec/planner/sql/DrillSqlWorker.java,69.0,39.0,0.0,4.0,32.0,14.0,22.0,null,2,0.0013280212483399733,2.0,0.0,5.0,0.0,1511.6045197740114,52440.59747498117,2,9,1.5845637364422913,true
exec/java-exec/src/main/java/org/apache/drill/exec/planner/sql/QueryInputException.java,18.0,1.0,10.0,5.0,0.0,5.0,56.0,jacques@apache.org,1,0.0013280212483399733,100.0,0.0,0.0,0.0,1323.6045197740114,51815.525829594284,1,0,2.2030554976470125,true
exec/java-exec/src/main/java/org/apache/drill/exec/planner/sql/handlers/AbstractSqlHandler.java,54.0,10.0,15.0,6.0,13.0,24.0,56.0,venki.korukanti@gmail.com,1,0.0013280212483399733,12.0,0.0,0.0,0.0,1323.6045197740114,51815.525829594284,1,1,2.2030554976470125,true
exec/java-exec/src/main/java/org/apache/drill/exec/planner/sql/handlers/CreateTableHandler.java,58.0,25.0,3.0,3.0,34.0,12.0,56.0,venki.korukanti@gmail.com,1,0.0013280212483399733,8.0,0.0,0.0,0.0,1323.6045197740114,51815.525829594284,1,0,2.2030554976470125,true
exec/java-exec/src/main/java/org/apache/drill/exec/planner/sql/handlers/DefaultSqlHandler.java,138.0,49.0,23.0,14.0,80.0,42.0,15.0,null,6,0.00398406374501992,2.0,0.0,4.0,2.0,3867.173248175689,116323.7310796284,6,6,1.2497502646042178,true
exec/java-exec/src/main/java/org/apache/drill/exec/planner/sql/handlers/DescribeTableHandler.java,40.0,21.0,1.0,2.0,19.0,9.0,35.0,venki.korukanti@gmail.com,2,0.0013280212483399733,11.0,0.0,0.0,0.0,2737.5032539512267,107098.88728839986,2,1,1.8308352601732647,true
exec/java-exec/src/main/java/org/apache/drill/exec/planner/sql/handlers/ExplainHandler.java,65.0,21.0,1.0,3.0,13.0,11.0,32.0,null,2,0.0013280212483399733,7.0,0.0,0.0,0.0,1606.5742167437083,53776.501765535,2,4,1.7831801702711019,true
exec/java-exec/src/main/java/org/apache/drill/exec/planner/sql/handlers/SetOptionHandler.java,32.0,11.0,0.0,2.0,9.0,9.0,56.0,null,1,0.0013280212483399733,10.0,0.0,0.0,0.0,1323.6045197740114,51815.525829594284,1,1,2.2030554976470125,true
exec/java-exec/src/main/java/org/apache/drill/exec/planner/sql/handlers/ShowSchemasHandler.java,22.0,13.0,1.0,2.0,5.0,6.0,35.0,venki.korukanti@gmail.com,2,0.0013280212483399733,14.0,0.0,0.0,0.0,2737.5032539512267,107098.88728839986,2,0,1.8308352601732647,true
exec/java-exec/src/main/java/org/apache/drill/exec/planner/sql/handlers/ShowTablesHandler.java,47.0,18.0,1.0,2.0,15.0,8.0,35.0,venki.korukanti@gmail.com,2,0.0013280212483399733,11.0,0.0,0.0,0.0,2737.5032539512267,107098.88728839986,2,1,1.8308352601732647,true
exec/java-exec/src/main/java/org/apache/drill/exec/planner/sql/handlers/UseSchemaHandler.java,19.0,9.0,0.0,2.0,7.0,7.0,56.0,venki.korukanti@gmail.com,1,0.0013280212483399733,14.0,0.0,0.0,0.0,1323.6045197740114,51815.525829594284,1,1,2.2030554976470125,true
exec/java-exec/src/main/java/org/apache/drill/exec/planner/sql/handlers/ViewHandler.java,98.0,20.0,0.0,1.0,0.0,1.0,56.0,venki.korukanti@gmail.com,1,0.0013280212483399733,6.0,0.0,0.0,0.0,1323.6045197740114,51815.525829594284,1,2,2.2030554976470125,true
exec/java-exec/src/main/java/org/apache/drill/exec/planner/sql/parser/impl/DrillParserWithCompoundIdConverter.java,27.0,7.0,10.0,5.0,5.0,13.0,9.0,null,1,0.0,0.0,0.0,20.0,0.0,188.0,625.0716453868889,1,2,2.257122718917288,true
exec/java-exec/src/main/java/org/apache/drill/exec/planner/types/RelDataTypeDrillImpl.java,61.0,9.0,24.0,12.0,14.0,25.0,11.0,aditya@maprtech.com,1,0.0013280212483399733,0.0,14.0,14.0,0.0,301.5348837209302,4396.384301152629,1,2,2.257122718917288,true
exec/java-exec/src/main/java/org/apache/drill/exec/record/AbstractRecordBatch.java,129.0,11.0,150.0,21.0,23.0,49.0,45.0,jacques@apache.org,1,0.0,0.0,0.0,0.0,0.0,1013.448275862069,16503.690046877957,1,4,3.068052935133617,true
exec/java-exec/src/main/java/org/apache/drill/exec/record/AbstractSingleRecordBatch.java,24.0,6.0,15.0,7.0,3.0,10.0,45.0,sphillips@maprtech.com,1,0.0,0.0,0.0,0.0,0.0,1013.448275862069,16503.690046877957,1,2,3.068052935133617,true
exec/java-exec/src/main/java/org/apache/drill/exec/record/ExpandableHyperContainer.java,51.0,1.0,3.0,3.0,14.0,10.0,0.0,sphillips@maprtech.com,1,0.0,0.0,0.0,0.0,0.0,598.3030303030304,10687.2885136093,1,0,0.0,true
exec/java-exec/src/main/java/org/apache/drill/exec/record/FragmentWritableBatch.java,46.0,8.0,20.0,8.0,25.0,17.0,0.0,jacques@apache.org,2,0.0026560424966799467,0.0,0.0,0.0,0.0,2737.5032539512267,107098.88728839986,2,1,0.0,true
exec/java-exec/src/main/java/org/apache/drill/exec/record/MaterializedField.java,195.0,13.0,31.0,27.0,49.0,64.0,7.0,jacques@apache.org,4,0.0013280212483399733,0.0,0.0,6.0,0.0,3648.498278826849,119586.63666909144,4,4,1.230939749547204,true
exec/java-exec/src/main/java/org/apache/drill/exec/record/RecordBatch.java,55.0,5.0,66.0,12.0,0.0,24.0,45.0,sphillips@maprtech.com,1,0.0,0.0,0.0,0.0,0.0,1013.448275862069,16503.690046877957,1,4,3.068052935133617,true
exec/java-exec/src/main/java/org/apache/drill/exec/record/RecordBatchLoader.java,99.0,14.0,0.0,10.0,43.0,23.0,1.0,null,1,0.0013280212483399733,5.0,0.0,0.0,0.0,878.3283582089553,12291.642711599829,1,5,2.2030554976470125,true
exec/java-exec/src/main/java/org/apache/drill/exec/record/VectorContainer.java,219.0,17.0,208.0,32.0,85.0,84.0,15.0,jacques@apache.org,3,0.0026560424966799467,3.0,0.0,7.0,3.0,2484.9025749526636,66068.14447713483,3,5,1.509908317087067,true
exec/java-exec/src/main/java/org/apache/drill/exec/resolver/ExactFunctionResolver.java,12.0,3.0,0.0,1.0,1.0,4.0,3.0,mehantr@gmail.com,1,0.0013280212483399733,0.0,100.0,0.0,0.0,598.3030303030304,10687.2885136093,1,0,1.9286186519452522,false
exec/java-exec/src/main/java/org/apache/drill/exec/resolver/FunctionResolverFactory.java,8.0,1.0,1.0,2.0,0.0,4.0,3.0,aditya@maprtech.com,1,0.0013280212483399733,0.0,20.0,0.0,0.0,598.3030303030304,10687.2885136093,1,0,1.9286186519452522,true
exec/java-exec/src/main/java/org/apache/drill/exec/resolver/TypeCastRules.java,754.0,12.0,9.0,6.0,25.0,16.0,1.0,mehantr@gmail.com,3,0.0013280212483399733,0.0,0.0,4.0,0.0,1759.6010854816827,24939.907161149848,3,5,1.3726898942361867,true
exec/java-exec/src/main/java/org/apache/drill/exec/rpc/BaseRpcOutcomeListener.java,7.0,2.0,1.0,2.0,0.0,2.0,0.0,jacques@apache.org,0,0.0,0.0,0.0,0.0,0.0,0.0,0.0,0,1,0.0,true
exec/java-exec/src/main/java/org/apache/drill/exec/rpc/CoordinationQueue.java,94.0,5.0,3.0,6.0,12.0,20.0,0.0,jacques@apache.org,0,0.0,0.0,0.0,0.0,0.0,0.0,0.0,0,2,0.0,true
exec/java-exec/src/main/java/org/apache/drill/exec/rpc/OutboundRpcMessage.java,51.0,7.0,0.0,6.0,16.0,16.0,0.0,jacques@apache.org,0,0.0,0.0,0.0,0.0,0.0,0.0,0.0,0,2,0.0,true
exec/java-exec/src/main/java/org/apache/drill/exec/rpc/RemoteRpcException.java,14.0,2.0,1.0,3.0,1.0,5.0,0.0,jacques@apache.org,0,0.0,0.0,0.0,0.0,0.0,0.0,0.0,0,1,0.0,false
exec/java-exec/src/main/java/org/apache/drill/exec/rpc/RpcBus.java,72.0,20.0,66.0,12.0,10.0,23.0,0.0,jacques@apache.org,1,0.0013280212483399733,0.0,0.0,0.0,0.0,1323.6045197740114,51815.525829594284,1,3,0.0,true
exec/java-exec/src/main/java/org/apache/drill/exec/rpc/RpcEncoder.java,96.0,11.0,4.0,4.0,24.0,14.0,0.0,jacques@apache.org,0,0.0,0.0,0.0,0.0,0.0,0.0,0.0,0,1,0.0,true
exec/java-exec/src/main/java/org/apache/drill/exec/rpc/RpcException.java,43.0,4.0,36.0,9.0,5.0,20.0,0.0,jacques@apache.org,0,0.0,0.0,0.0,0.0,0.0,0.0,0.0,0,2,0.0,true
exec/java-exec/src/main/java/org/apache/drill/exec/rpc/UserRpcException.java,21.0,1.0,0.0,4.0,0.0,7.0,0.0,jacques@apache.org,0,0.0,0.0,0.0,0.0,0.0,0.0,0.0,0,1,0.0,false
exec/java-exec/src/main/java/org/apache/drill/exec/rpc/control/ControlRpcConfig.java,6.0,12.0,0.0,0.0,0.0,0.0,43.0,jacques@apache.org,0,0.0,12.0,0.0,0.0,12.0,0.0,0.0,0,2,2.2030554976470125,true
exec/java-exec/src/main/java/org/apache/drill/exec/rpc/control/ControlTunnel.java,99.0,15.0,0.0,8.0,10.0,13.0,43.0,jacques@apache.org,0,0.0,12.0,0.0,0.0,12.0,0.0,0.0,0,2,2.2030554976470125,true
exec/java-exec/src/main/java/org/apache/drill/exec/rpc/control/WorkEventBus.java,61.0,16.0,0.0,9.0,26.0,27.0,30.0,jacques@apache.org,2,0.0013280212483399733,6.0,0.0,0.0,0.0,2201.9328779829666,64107.168541194114,2,3,1.509908317087067,true
exec/java-exec/src/main/java/org/apache/drill/exec/rpc/data/DataResponseHandlerImpl.java,29.0,13.0,0.0,3.0,11.0,9.0,10.0,jacques@apache.org,2,0.0013280212483399733,0.0,0.0,14.0,0.0,2337.05279563608,68319.21587647224,2,1,3.068052935133617,true
exec/java-exec/src/main/java/org/apache/drill/exec/rpc/data/DataRpcConfig.java,7.0,8.0,0.0,0.0,0.0,0.0,43.0,jacques@apache.org,1,0.0013280212483399733,14.0,0.0,0.0,14.0,1323.6045197740114,51815.525829594284,1,1,2.2030554976470125,true
exec/java-exec/src/main/java/org/apache/drill/exec/rpc/data/DataServer.java,61.0,25.0,37.0,10.0,19.0,27.0,5.0,jacques@apache.org,2,0.0013280212483399733,0.0,0.0,6.0,0.0,2337.05279563608,68319.21587647224,2,3,1.942407035830369,true
exec/java-exec/src/main/java/org/apache/drill/exec/rpc/user/UserRpcConfig.java,5.0,8.0,0.0,0.0,0.0,0.0,0.0,jacques@apache.org,0,0.0,0.0,0.0,0.0,0.0,0.0,0.0,0,0,0.0,true
exec/java-exec/src/main/java/org/apache/drill/exec/rpc/user/UserServer.java,83.0,24.0,13.0,7.0,21.0,26.0,56.0,null,1,0.0013280212483399733,5.0,0.0,0.0,0.0,1323.6045197740114,51815.525829594284,1,5,2.2030554976470125,true
exec/java-exec/src/main/java/org/apache/drill/exec/server/Drillbit.java,138.0,25.0,8.0,9.0,48.0,29.0,21.0,jacques@apache.org,2,0.0013280212483399733,3.0,0.0,0.0,3.0,1761.9122120817037,54044.09725816571,2,4,2.2030554976470125,true
exec/java-exec/src/main/java/org/apache/drill/exec/server/DrillbitContext.java,90.0,19.0,119.0,19.0,9.0,37.0,12.0,jacques@apache.org,2,0.0013280212483399733,5.0,0.0,0.0,0.0,587.3982683982683,4079.7944736461363,2,4,2.7495992040150825,true
exec/java-exec/src/main/java/org/apache/drill/exec/server/RemoteServiceSet.java,20.0,6.0,4.0,5.0,1.0,10.0,0.0,jacques@apache.org,0,0.0,0.0,0.0,0.0,0.0,0.0,0.0,0,2,0.0,true
exec/java-exec/src/main/java/org/apache/drill/exec/server/options/FallbackOptionManager.java,53.0,6.0,24.0,12.0,17.0,23.0,25.0,skatkam@maprtech.com,1,0.0,14.0,0.0,14.0,14.0,1323.6045197740114,51815.525829594284,1,0,2.2030554976470125,true
exec/java-exec/src/main/java/org/apache/drill/exec/server/options/FragmentOptionManager.java,16.0,3.0,3.0,3.0,4.0,6.0,43.0,skatkam@maprtech.com,0,0.0,33.0,0.0,0.0,33.0,0.0,0.0,0,0,2.2030554976470125,false
exec/java-exec/src/main/java/org/apache/drill/exec/server/options/InMemoryOptionManager.java,24.0,1.0,0.0,5.0,4.0,10.0,25.0,jacques@apache.org,1,0.0,50.0,0.0,50.0,50.0,1323.6045197740114,51815.525829594284,1,0,2.2030554976470125,false
exec/java-exec/src/main/java/org/apache/drill/exec/server/options/OptionList.java,5.0,1.0,0.0,1.0,1.0,1.0,8.0,altekrusejason@gmail.com,1,0.0,0.0,0.0,50.0,0.0,1323.6045197740114,51815.525829594284,1,0,2.2030554976470125,true
exec/java-exec/src/main/java/org/apache/drill/exec/server/options/OptionValue.java,141.0,4.0,0.0,11.0,10.0,24.0,0.0,null,0,0.0,0.0,0.0,0.0,0.0,0.0,0.0,0,0,0.0,true
exec/java-exec/src/main/java/org/apache/drill/exec/server/options/QueryOptionManager.java,14.0,2.0,3.0,3.0,2.0,5.0,25.0,jacques@apache.org,1,0.0,20.0,0.0,20.0,20.0,1323.6045197740114,51815.525829594284,1,0,2.2030554976470125,false
exec/java-exec/src/main/java/org/apache/drill/exec/server/options/SessionOptionManager.java,9.0,1.0,1.0,2.0,0.0,3.0,43.0,skatkam@maprtech.com,0,0.0,14.0,0.0,0.0,14.0,0.0,0.0,0,1,2.2030554976470125,true
exec/java-exec/src/main/java/org/apache/drill/exec/server/options/SystemOptionManager.java,98.0,16.0,29.0,10.0,19.0,21.0,17.0,null,8,0.006640106241699867,4.0,2.0,2.0,2.0,4896.286640316827,129232.42006638588,8,8,1.1831632278083595,true
exec/java-exec/src/main/java/org/apache/drill/exec/server/options/TypeValidators.java,130.0,6.0,0.0,1.0,10.0,7.0,8.0,null,2,0.0013280212483399733,0.0,8.0,8.0,0.0,1201.4482758620688,17128.761692264845,2,2,1.9694406464655074,true
exec/java-exec/src/main/java/org/apache/drill/exec/server/rest/DrillRestServer.java,31.0,14.0,1.0,2.0,20.0,2.0,14.0,skatkam@maprtech.com,2,0.0013280212483399733,20.0,0.0,0.0,30.0,2201.9328779829666,64107.168541194114,2,1,1.5665413293521997,true
exec/java-exec/src/main/java/org/apache/drill/exec/server/rest/ProfileResources.java,146.0,29.0,5.0,7.0,57.0,26.0,18.0,jacques@apache.org,1,0.0013280212483399733,22.0,0.0,0.0,22.0,1323.6045197740114,51815.525829594284,1,1,2.2030554976470125,true
exec/java-exec/src/main/java/org/apache/drill/exec/server/rest/QueryResources.java,61.0,17.0,6.0,4.0,16.0,16.0,2.0,skatkam@maprtech.com,2,0.0,0.0,0.0,22.0,11.0,1161.2980551786522,14252.618647540548,2,1,1.7487225648082232,true
exec/java-exec/src/main/java/org/apache/drill/exec/server/rest/QueryWrapper.java,128.0,26.0,0.0,6.0,8.0,16.0,2.0,null,1,0.0,0.0,0.0,17.0,0.0,878.3283582089553,12291.642711599829,1,1,1.7831801702711019,true
exec/java-exec/src/main/java/org/apache/drill/exec/store/ClassPathFileSystem.java,72.0,12.0,59.0,14.0,16.0,37.0,1.0,jacques@apache.org,0,0.0,0.0,0.0,0.0,0.0,0.0,0.0,0,1,2.7495992040150825,true
exec/java-exec/src/main/java/org/apache/drill/exec/store/StoragePluginRegistry.java,239.0,44.0,10.0,13.0,77.0,55.0,43.0,null,0,0.0,4.0,0.0,0.0,4.0,0.0,0.0,0,4,2.2030554976470125,true
exec/java-exec/src/main/java/org/apache/drill/exec/store/dfs/FileSelection.java,121.0,11.0,6.0,13.0,39.0,43.0,19.0,null,2,0.0013280212483399733,9.0,9.0,9.0,9.0,2108.679221982093,61109.626323693694,2,1,1.9835260849488554,true
exec/java-exec/src/main/java/org/apache/drill/exec/store/dfs/FileSystemPlugin.java,88.0,25.0,2.0,8.0,33.0,29.0,31.0,null,1,0.0013280212483399733,4.0,4.0,0.0,4.0,1413.8987341772151,55283.36145880558,1,5,2.8449093838194073,true
exec/java-exec/src/main/java/org/apache/drill/exec/store/dfs/WorkspaceConfig.java,36.0,2.0,0.0,5.0,1.0,11.0,0.0,venki.korukanti@gmail.com,0,0.0,0.0,0.0,0.0,0.0,0.0,0.0,0,1,0.0,true
exec/java-exec/src/main/java/org/apache/drill/exec/store/dfs/WorkspaceSchemaFactory.java,194.0,34.0,2.0,5.0,24.0,15.0,37.0,null,2,0.0026560424966799467,7.0,3.0,0.0,7.0,2707.9346623209276,77100.90713583975,2,4,1.8308352601732647,true
exec/java-exec/src/main/java/org/apache/drill/exec/store/dfs/easy/EasyFormatPlugin.java,139.0,32.0,181.0,22.0,31.0,54.0,31.0,null,1,0.0013280212483399733,4.0,4.0,0.0,4.0,1413.8987341772151,55283.36145880558,1,6,2.8449093838194073,true
exec/java-exec/src/main/java/org/apache/drill/exec/store/dfs/easy/EasyGroupScan.java,121.0,29.0,132.0,25.0,36.0,63.0,31.0,null,1,0.0013280212483399733,4.0,4.0,0.0,4.0,1413.8987341772151,55283.36145880558,1,7,2.8449093838194073,true
exec/java-exec/src/main/java/org/apache/drill/exec/store/direct/DirectGroupScan.java,29.0,13.0,34.0,9.0,2.0,18.0,56.0,jacques@apache.org,2,0.0013280212483399733,9.0,0.0,0.0,0.0,2737.5032539512267,107098.88728839986,2,3,2.2030554976470125,true
exec/java-exec/src/main/java/org/apache/drill/exec/store/easy/json/JSONFormatPlugin.java,51.0,23.0,21.0,7.0,13.0,16.0,21.0,jacques@apache.org,3,0.00398406374501992,18.0,6.0,0.0,6.0,2713.9346623209276,77105.2948535995,3,2,1.5323457997604994,true
exec/java-exec/src/main/java/org/apache/drill/exec/store/easy/json/JSONRecordReader.java,94.0,28.0,11.0,7.0,23.0,25.0,18.0,null,5,0.0026560424966799467,12.0,4.0,0.0,4.0,4019.8915919584542,91687.67998079026,5,5,1.1376880796133195,true
exec/java-exec/src/main/java/org/apache/drill/exec/store/easy/json/RewindableUtf8Reader.java,100.0,11.0,0.0,7.0,12.0,17.0,30.0,jacques@apache.org,0,0.0,50.0,0.0,0.0,0.0,0.0,0.0,0,0,2.2030554976470125,true
exec/java-exec/src/main/java/org/apache/drill/exec/store/ischema/InfoSchemaBatchCreator.java,7.0,8.0,0.0,1.0,6.0,3.0,15.0,venki.korukanti@gmail.com,1,0.0,0.0,0.0,0.0,0.0,1413.8987341772151,55283.36145880558,1,1,2.8449093838194073,true
exec/java-exec/src/main/java/org/apache/drill/exec/store/ischema/InfoSchemaConstants.java,28.0,0.0,0.0,0.0,0.0,0.0,15.0,venki.korukanti@gmail.com,1,0.0,0.0,0.0,0.0,0.0,1413.8987341772151,55283.36145880558,1,0,2.8449093838194073,true
exec/java-exec/src/main/java/org/apache/drill/exec/store/ischema/InfoSchemaFilter.java,131.0,10.0,3.0,6.0,12.0,20.0,15.0,venki.korukanti@gmail.com,1,0.0,0.0,0.0,0.0,0.0,1413.8987341772151,55283.36145880558,1,0,2.8449093838194073,false
exec/java-exec/src/main/java/org/apache/drill/exec/store/ischema/InfoSchemaFilterBuilder.java,97.0,15.0,32.0,9.0,20.0,32.0,15.0,venki.korukanti@gmail.com,1,0.0,0.0,0.0,0.0,0.0,1413.8987341772151,55283.36145880558,1,0,2.8449093838194073,true
exec/java-exec/src/main/java/org/apache/drill/exec/store/ischema/InfoSchemaGroupScan.java,61.0,18.0,51.0,15.0,5.0,31.0,35.0,jacques@apache.org,2,0.0013280212483399733,7.0,0.0,0.0,0.0,2737.5032539512267,107098.88728839986,2,4,1.8308352601732647,true
exec/java-exec/src/main/java/org/apache/drill/exec/store/ischema/InfoSchemaPushFilterIntoRecordGenerator.java,57.0,14.0,15.0,6.0,23.0,12.0,15.0,venki.korukanti@gmail.com,1,0.0,0.0,0.0,0.0,0.0,1413.8987341772151,55283.36145880558,1,0,2.8449093838194073,false
exec/java-exec/src/main/java/org/apache/drill/exec/store/ischema/InfoSchemaStoragePlugin.java,48.0,18.0,11.0,6.0,5.0,11.0,15.0,null,1,0.0,0.0,0.0,0.0,0.0,1413.8987341772151,55283.36145880558,1,2,2.8449093838194073,true
exec/java-exec/src/main/java/org/apache/drill/exec/store/ischema/InfoSchemaSubScan.java,18.0,4.0,2.0,4.0,0.0,7.0,15.0,venki.korukanti@gmail.com,1,0.0,0.0,0.0,0.0,0.0,1413.8987341772151,55283.36145880558,1,0,2.8449093838194073,false
exec/java-exec/src/main/java/org/apache/drill/exec/store/ischema/InfoSchemaTable.java,103.0,9.0,4.0,4.0,6.0,9.0,15.0,venki.korukanti@gmail.com,1,0.0,0.0,0.0,0.0,0.0,1413.8987341772151,55283.36145880558,1,0,2.8449093838194073,true
exec/java-exec/src/main/java/org/apache/drill/exec/store/ischema/RecordGenerator.java,117.0,16.0,30.0,9.0,21.0,23.0,15.0,venki.korukanti@gmail.com,1,0.0,0.0,0.0,0.0,0.0,1413.8987341772151,55283.36145880558,1,1,2.8449093838194073,true
exec/java-exec/src/main/java/org/apache/drill/exec/store/ischema/SelectedTable.java,0.0,0.0,0.0,0.0,0.0,0.0,15.0,venki.korukanti@gmail.com,1,0.0,0.0,0.0,0.0,0.0,1413.8987341772151,55283.36145880558,1,0,2.8449093838194073,true
exec/java-exec/src/main/java/org/apache/drill/exec/store/parquet/ParquetGroupScan.java,246.0,50.0,130.0,25.0,86.0,70.0,43.0,null,2,0.0026560424966799467,6.0,3.0,0.0,3.0,2737.5032539512267,107098.88728839986,2,10,1.8308352601732647,true
exec/java-exec/src/main/java/org/apache/drill/exec/store/parquet/ParquetScanBatchCreator.java,98.0,29.0,1.0,2.0,48.0,12.0,16.0,null,2,0.0013280212483399733,4.0,4.0,0.0,4.0,2292.2270923861706,67575.0041704054,2,8,1.8308352601732647,true
exec/java-exec/src/main/java/org/apache/drill/exec/store/parquet/columnreaders/ColumnReaderFactory.java,136.0,26.0,3.0,3.0,14.0,18.0,2.0,altekrusejason@gmail.com,1,0.0,0.0,0.0,14.0,0.0,1323.6045197740114,51815.525829594284,1,3,2.2030554976470125,true
exec/java-exec/src/main/java/org/apache/drill/exec/store/parquet/columnreaders/NullableVarLengthValuesColumn.java,73.0,7.0,22.0,9.0,14.0,18.0,0.0,altekrusejason@gmail.com,0,0.0,0.0,0.0,0.0,0.0,0.0,0.0,0,4,0.0,true
exec/java-exec/src/main/java/org/apache/drill/exec/store/parquet/columnreaders/ParquetRecordReader.java,203.0,38.0,144.0,20.0,28.0,54.0,2.0,null,1,0.0,0.0,0.0,0.0,0.0,1294.0359281437125,21817.545677034177,1,5,2.8449093838194073,true
exec/java-exec/src/main/java/org/apache/drill/exec/store/parquet/columnreaders/ParquetToDrillTypeConverter.java,188.0,8.0,1.0,2.0,16.0,9.0,2.0,altekrusejason@gmail.com,1,0.0,0.0,0.0,12.0,0.0,1323.6045197740114,51815.525829594284,1,2,2.2030554976470125,true
exec/java-exec/src/main/java/org/apache/drill/exec/store/parquet2/DrillParquetGroupConverter.java,356.0,53.0,0.0,6.0,47.0,18.0,2.0,null,1,0.0,0.0,0.0,0.0,0.0,32.666666666666664,196.10666909175484,1,0,2.5825451193519164,true
exec/java-exec/src/main/java/org/apache/drill/exec/store/parquet2/DrillParquetReader.java,229.0,50.0,16.0,9.0,79.0,38.0,8.0,null,4,0.0026560424966799467,8.0,4.0,12.0,4.0,3754.0496048496634,93800.70385180946,4,3,1.5885468564972178,true
exec/java-exec/src/main/java/org/apache/drill/exec/store/parquet2/DrillParquetRecordMaterializer.java,20.0,8.0,2.0,5.0,3.0,8.0,3.0,jacques@apache.org,1,0.0,0.0,0.0,0.0,0.0,32.666666666666664,196.10666909175484,1,0,2.5825451193519164,true
exec/java-exec/src/main/java/org/apache/drill/exec/store/sys/DrillbitIterator.java,32.0,3.0,0.0,4.0,11.0,7.0,0.0,altekrusejason@gmail.com,0,0.0,0.0,0.0,0.0,0.0,0.0,0.0,0,1,0.0,true
exec/java-exec/src/main/java/org/apache/drill/exec/store/sys/EStore.java,6.0,0.0,0.0,0.0,0.0,0.0,43.0,jacques@apache.org,0,0.0,50.0,0.0,0.0,50.0,0.0,0.0,0,1,2.2030554976470125,true
exec/java-exec/src/main/java/org/apache/drill/exec/store/sys/EStoreProvider.java,6.0,1.0,0.0,1.0,0.0,2.0,30.0,jacques@apache.org,1,0.0,33.0,0.0,0.0,33.0,1323.6045197740114,51815.525829594284,1,1,2.2030554976470125,true
exec/java-exec/src/main/java/org/apache/drill/exec/store/sys/PStore.java,10.0,1.0,6.0,4.0,0.0,4.0,30.0,jacques@apache.org,1,0.0,25.0,0.0,0.0,25.0,1323.6045197740114,51815.525829594284,1,0,2.2030554976470125,true
exec/java-exec/src/main/java/org/apache/drill/exec/store/sys/PStoreConfig.java,73.0,8.0,13.0,7.0,1.0,13.0,30.0,jacques@apache.org,1,0.0,33.0,0.0,0.0,33.0,1323.6045197740114,51815.525829594284,1,0,2.2030554976470125,true
exec/java-exec/src/main/java/org/apache/drill/exec/store/sys/PStoreProvider.java,4.0,2.0,1.0,2.0,0.0,4.0,30.0,jacques@apache.org,1,0.0,25.0,0.0,0.0,25.0,1323.6045197740114,51815.525829594284,1,1,2.2030554976470125,true
exec/java-exec/src/main/java/org/apache/drill/exec/store/sys/SystemTable.java,0.0,0.0,0.0,0.0,0.0,0.0,0.0,skatkam@maprtech.com,0,0.0,0.0,0.0,0.0,0.0,0.0,0.0,0,1,0.0,true
exec/java-exec/src/main/java/org/apache/drill/exec/store/sys/SystemTablePlugin.java,57.0,20.0,4.0,5.0,9.0,12.0,8.0,null,1,0.0,0.0,0.0,9.0,0.0,1323.6045197740114,51815.525829594284,1,1,2.2030554976470125,true
exec/java-exec/src/main/java/org/apache/drill/exec/store/sys/SystemTableScan.java,51.0,19.0,79.0,15.0,3.0,32.0,56.0,jacques@apache.org,2,0.0013280212483399733,10.0,0.0,0.0,0.0,2737.5032539512267,107098.88728839986,2,2,2.2030554976470125,true
exec/java-exec/src/main/java/org/apache/drill/exec/store/sys/VersionIterator.java,41.0,5.0,1.0,3.0,0.0,10.0,1.0,jacques@apache.org,1,0.0,0.0,0.0,50.0,0.0,694.7804878048781,5826.264864888115,1,1,2.5084371471981943,false
exec/java-exec/src/main/java/org/apache/drill/exec/store/sys/local/FilePStore.java,147.0,22.0,0.0,10.0,54.0,39.0,23.0,jacques@apache.org,3,0.0013280212483399733,40.0,20.0,0.0,40.0,3432.283741756105,112925.15215328799,3,0,1.4001436107379888,true
exec/java-exec/src/main/java/org/apache/drill/exec/store/sys/local/LocalEStoreProvider.java,17.0,8.0,0.0,1.0,5.0,5.0,30.0,jacques@apache.org,1,0.0,33.0,0.0,0.0,33.0,1323.6045197740114,51815.525829594284,1,1,2.2030554976470125,true
exec/java-exec/src/main/java/org/apache/drill/exec/store/sys/local/LocalPStoreProvider.java,49.0,12.0,11.0,6.0,8.0,15.0,37.0,jacques@apache.org,1,0.0013280212483399733,29.0,14.0,0.0,29.0,1413.8987341772151,55283.36145880558,1,2,1.8308352601732647,true
exec/java-exec/src/main/java/org/apache/drill/exec/store/sys/local/MapEStore.java,23.0,5.0,0.0,5.0,6.0,8.0,30.0,jacques@apache.org,1,0.0,33.0,0.0,0.0,33.0,1323.6045197740114,51815.525829594284,1,1,2.2030554976470125,true
exec/java-exec/src/main/java/org/apache/drill/exec/store/sys/local/NoWriteLocalPStore.java,24.0,5.0,0.0,6.0,6.0,9.0,30.0,jacques@apache.org,1,0.0,20.0,0.0,0.0,20.0,1323.6045197740114,51815.525829594284,1,0,2.2030554976470125,true
exec/java-exec/src/main/java/org/apache/drill/exec/store/sys/zk/ZkAbstractStore.java,141.0,16.0,0.0,8.0,35.0,39.0,30.0,jacques@apache.org,1,0.0,33.0,0.0,0.0,33.0,1323.6045197740114,51815.525829594284,1,1,2.2030554976470125,true
exec/java-exec/src/main/java/org/apache/drill/exec/store/sys/zk/ZkEStore.java,27.0,5.0,3.0,3.0,11.0,13.0,0.0,jni@maprtech.com,0,0.0,0.0,0.0,0.0,0.0,0.0,0.0,0,1,0.0,true
exec/java-exec/src/main/java/org/apache/drill/exec/store/sys/zk/ZkEStoreProvider.java,10.0,7.0,0.0,2.0,2.0,4.0,30.0,jacques@apache.org,1,0.0,33.0,0.0,0.0,33.0,1323.6045197740114,51815.525829594284,1,1,2.2030554976470125,true
exec/java-exec/src/main/java/org/apache/drill/exec/store/sys/zk/ZkPStore.java,17.0,13.0,1.0,2.0,6.0,7.0,37.0,aditya@maprtech.com,1,0.0013280212483399733,40.0,20.0,0.0,40.0,1413.8987341772151,55283.36145880558,1,1,1.8308352601732647,true
exec/java-exec/src/main/java/org/apache/drill/exec/store/sys/zk/ZkPStoreProvider.java,50.0,16.0,4.0,5.0,11.0,14.0,30.0,jacques@apache.org,2,0.0013280212483399733,33.0,17.0,0.0,33.0,2737.5032539512267,107098.88728839986,2,1,1.780492624742998,true
exec/java-exec/src/main/java/org/apache/drill/exec/util/AssertionUtil.java,14.0,0.0,0.0,1.0,0.0,2.0,11.0,jacques@apache.org,1,0.0013280212483399733,25.0,0.0,0.0,0.0,1323.6045197740114,51815.525829594284,1,1,2.2030554976470125,true
exec/java-exec/src/main/java/org/apache/drill/exec/util/CallBack.java,3.0,0.0,0.0,1.0,0.0,1.0,0.0,mehantr@gmail.com,0,0.0,0.0,0.0,0.0,0.0,0.0,0.0,0,0,0.0,false
exec/java-exec/src/main/java/org/apache/drill/exec/util/JsonStringArrayList.java,29.0,6.0,1.0,2.0,3.0,8.0,6.0,null,1,0.0,0.0,0.0,20.0,0.0,1294.0359281437125,21817.545677034177,1,1,2.8449093838194073,true
exec/java-exec/src/main/java/org/apache/drill/exec/util/JsonStringHashMap.java,45.0,6.0,1.0,2.0,5.0,9.0,6.0,null,1,0.0,0.0,0.0,17.0,0.0,1294.0359281437125,21817.545677034177,1,1,2.8449093838194073,true
exec/java-exec/src/main/java/org/apache/drill/exec/util/VectorUtil.java,132.0,8.0,13.0,6.0,54.0,19.0,8.0,null,1,0.0,0.0,0.0,6.0,0.0,694.7804878048781,5826.264864888115,1,3,2.5084371471981943,true
exec/java-exec/src/main/java/org/apache/drill/exec/vector/BitVector.java,250.0,11.0,219.0,22.0,33.0,41.0,35.0,null,2,0.0013280212483399733,0.0,0.0,3.0,0.0,2427.347010039284,71787.05150568354,2,10,2.2633339789165667,true
exec/java-exec/src/main/java/org/apache/drill/exec/vector/RepeatedFixedWidthVector.java,28.0,1.0,3.0,3.0,0.0,5.0,65.0,altekrusejason@gmail.com,1,0.0,0.0,0.0,0.0,0.0,1013.448275862069,16503.690046877957,1,1,3.068052935133617,true
exec/java-exec/src/main/java/org/apache/drill/exec/vector/RepeatedVariableWidthVector.java,23.0,1.0,3.0,3.0,0.0,6.0,0.0,altekrusejason@gmail.com,0,0.0,0.0,0.0,0.0,0.0,0.0,0.0,0,2,0.0,false
exec/java-exec/src/main/java/org/apache/drill/exec/vector/RepeatedVector.java,3.0,1.0,0.0,1.0,0.0,1.0,0.0,altekrusejason@gmail.com,1,0.0013280212483399733,0.0,0.0,0.0,0.0,1413.8987341772151,55283.36145880558,1,0,0.0,true
exec/java-exec/src/main/java/org/apache/drill/exec/vector/SchemaChangeCallBack.java,11.0,1.0,0.0,2.0,0.0,3.0,0.0,mehantr@gmail.com,0,0.0,0.0,0.0,0.0,0.0,0.0,0.0,0,0,0.0,false
exec/java-exec/src/main/java/org/apache/drill/exec/vector/VectorValidator.java,52.0,3.0,0.0,1.0,12.0,5.0,0.0,jacques@apache.org,0,0.0,0.0,0.0,0.0,0.0,0.0,0.0,0,0,0.0,false
exec/java-exec/src/main/java/org/apache/drill/exec/vector/complex/AbstractContainerVector.java,109.0,7.0,36.0,9.0,32.0,23.0,8.0,null,2,0.0013280212483399733,8.0,0.0,17.0,17.0,1476.6313885119857,22978.931225209126,2,2,1.3835834322176925,true
exec/java-exec/src/main/java/org/apache/drill/exec/vector/complex/MapUtility.java,209.0,7.0,0.0,1.0,30.0,7.0,4.0,mehantr@gmail.com,1,0.0013280212483399733,33.0,0.0,0.0,0.0,598.3030303030304,10687.2885136093,1,0,1.9286186519452522,false
exec/java-exec/src/main/java/org/apache/drill/exec/vector/complex/MapVector.java,315.0,30.0,217.0,30.0,89.0,84.0,12.0,null,6,0.00398406374501992,10.0,0.0,10.0,7.0,5230.680993361649,116779.6350770186,6,6,0.9248187291653589,true
exec/java-exec/src/main/java/org/apache/drill/exec/vector/complex/RepeatedListVector.java,305.0,29.0,82.0,28.0,55.0,66.0,19.0,null,4,0.00398406374501992,4.0,9.0,4.0,9.0,3903.9783985512695,94765.98273089266,4,3,1.370897076770747,true
exec/java-exec/src/main/java/org/apache/drill/exec/vector/complex/RepeatedMapVector.java,463.0,32.0,179.0,30.0,86.0,79.0,14.0,null,5,0.0026560424966799467,3.0,3.0,9.0,9.0,5198.014326694983,116583.52840792685,5,10,1.0236699219742615,true
exec/java-exec/src/main/java/org/apache/drill/exec/vector/complex/fn/DrillBufInputStream.java,24.0,4.0,0.0,5.0,3.0,11.0,30.0,jacques@apache.org,0,0.0,100.0,0.0,0.0,0.0,0.0,0.0,0,0,2.2030554976470125,true
exec/java-exec/src/main/java/org/apache/drill/exec/vector/complex/fn/FieldSelection.java,111.0,8.0,8.0,9.0,28.0,31.0,30.0,jacques@apache.org,0,0.0,100.0,0.0,0.0,0.0,0.0,0.0,0,0,2.2030554976470125,true
exec/java-exec/src/main/java/org/apache/drill/exec/vector/complex/fn/JsonReader.java,233.0,32.0,99.0,22.0,73.0,74.0,13.0,null,3,0.0013280212483399733,10.0,0.0,0.0,0.0,2301.5642863526673,34285.49998427926,3,5,1.3183945043697012,true
exec/java-exec/src/main/java/org/apache/drill/exec/vector/complex/fn/SeekableBAIS.java,25.0,4.0,10.0,5.0,0.0,11.0,30.0,jacques@apache.org,0,0.0,100.0,0.0,0.0,0.0,0.0,0.0,0,0,2.2030554976470125,true
exec/java-exec/src/main/java/org/apache/drill/exec/vector/complex/impl/AbstractBaseWriter.java,39.0,2.0,17.0,10.0,4.0,17.0,0.0,altekrusejason@gmail.com,0,0.0,0.0,0.0,0.0,0.0,0.0,0.0,0,0,0.0,false
exec/java-exec/src/main/java/org/apache/drill/exec/vector/complex/impl/ComplexWriterImpl.java,132.0,10.0,0.0,14.0,24.0,35.0,18.0,jacques@apache.org,1,0.0013280212483399733,11.0,0.0,11.0,11.0,878.3283582089553,12291.642711599829,1,2,2.2030554976470125,true
exec/java-exec/src/main/java/org/apache/drill/exec/vector/complex/impl/RepeatedListReaderImpl.java,80.0,9.0,0.0,10.0,20.0,28.0,29.0,null,3,0.0013280212483399733,9.0,0.0,9.0,9.0,2490.0796643740546,39482.62127208708,3,1,1.3012967395738508,true
exec/java-exec/src/main/java/org/apache/drill/exec/vector/complex/impl/RepeatedMapReaderImpl.java,104.0,8.0,0.0,16.0,31.0,43.0,29.0,null,3,0.0013280212483399733,8.0,0.0,8.0,8.0,2490.0796643740546,39482.62127208708,3,1,1.3012967395738508,true
exec/java-exec/src/main/java/org/apache/drill/exec/vector/complex/impl/SingleMapReaderImpl.java,57.0,7.0,0.0,10.0,25.0,23.0,29.0,null,3,0.0013280212483399733,12.0,0.0,12.0,12.0,2490.0796643740546,39482.62127208708,3,0,1.3012967395738508,true
exec/java-exec/src/main/java/org/apache/drill/exec/vector/complex/impl/VectorContainerWriter.java,65.0,7.0,16.0,13.0,11.0,20.0,12.0,hgunes@maprtech.com,1,0.0013280212483399733,11.0,0.0,11.0,11.0,878.3283582089553,12291.642711599829,1,2,2.2030554976470125,true
exec/java-exec/src/main/java/org/apache/drill/exec/work/ErrorHelper.java,151.0,9.0,39.0,10.0,80.0,31.0,56.0,jacques@apache.org,1,0.0013280212483399733,11.0,0.0,0.0,0.0,1323.6045197740114,51815.525829594284,1,5,2.2030554976470125,true
exec/java-exec/src/main/java/org/apache/drill/exec/work/WorkManager.java,156.0,35.0,44.0,12.0,16.0,28.0,24.0,jacques@apache.org,2,0.0013280212483399733,4.0,0.0,0.0,0.0,2337.05279563608,68319.21587647224,2,6,1.942407035830369,true
exec/java-exec/src/main/java/org/apache/drill/exec/work/batch/ControlHandlerImpl.java,110.0,30.0,0.0,5.0,43.0,22.0,43.0,null,0,0.0,6.0,0.0,0.0,6.0,0.0,0.0,0,3,2.2030554976470125,true
exec/java-exec/src/main/java/org/apache/drill/exec/work/batch/ControlMessageHandler.java,5.0,8.0,3.0,3.0,0.0,5.0,0.0,skatkam@maprtech.com,0,0.0,0.0,0.0,0.0,0.0,0.0,0.0,0,2,0.0,true
exec/java-exec/src/main/java/org/apache/drill/exec/work/batch/IncomingBuffers.java,73.0,12.0,5.0,6.0,18.0,16.0,10.0,jacques@apache.org,1,0.0,0.0,0.0,8.0,0.0,1013.448275862069,16503.690046877957,1,3,3.068052935133617,true
exec/java-exec/src/main/java/org/apache/drill/exec/work/batch/UnlimitedRawBatchBuffer.java,141.0,8.0,0.0,7.0,47.0,27.0,15.0,sphillips@maprtech.com,3,0.0013280212483399733,0.0,0.0,12.0,0.0,2407.05279563608,68480.68653797415,3,5,2.8653203810795347,true
exec/java-exec/src/main/java/org/apache/drill/exec/work/foreman/DrillbitStatusListener.java,16.0,2.0,1.0,2.0,0.0,3.0,0.0,cwestin@yahoo.com,0,0.0,0.0,0.0,0.0,0.0,0.0,0.0,0,1,0.0,true
exec/java-exec/src/main/java/org/apache/drill/exec/work/foreman/Foreman.java,389.0,59.0,282.0,32.0,148.0,101.0,15.0,null,7,0.0026560424966799467,4.0,0.0,6.0,3.0,5795.034734801488,144145.16300942894,7,14,0.8654864802435316,true
exec/java-exec/src/main/java/org/apache/drill/exec/work/foreman/ForemanException.java,26.0,2.0,15.0,6.0,1.0,8.0,56.0,jacques@apache.org,1,0.0013280212483399733,100.0,0.0,0.0,0.0,1323.6045197740114,51815.525829594284,1,0,2.2030554976470125,true
exec/java-exec/src/main/java/org/apache/drill/exec/work/foreman/ForemanSetupException.java,18.0,0.0,10.0,5.0,0.0,5.0,56.0,jacques@apache.org,1,0.0013280212483399733,100.0,0.0,0.0,0.0,1323.6045197740114,51815.525829594284,1,0,2.2030554976470125,true
exec/java-exec/src/main/java/org/apache/drill/exec/work/foreman/FragmentData.java,35.0,5.0,0.0,8.0,10.0,14.0,0.0,jacques@apache.org,0,0.0,0.0,0.0,0.0,0.0,0.0,0.0,0,1,0.0,true
exec/java-exec/src/main/java/org/apache/drill/exec/work/foreman/QueryManager.java,90.0,17.0,5.0,11.0,29.0,22.0,30.0,null,2,0.0013280212483399733,4.0,0.0,0.0,0.0,2201.9328779829666,64107.168541194114,2,5,1.509908317087067,true
exec/java-exec/src/main/java/org/apache/drill/exec/work/foreman/QueryStatus.java,169.0,18.0,46.0,13.0,52.0,31.0,49.0,jacques@apache.org,1,0.0013280212483399733,17.0,0.0,0.0,8.0,1323.6045197740114,51815.525829594284,1,1,2.2030554976470125,true
exec/java-exec/src/main/java/org/apache/drill/exec/work/fragment/AbstractStatusReporter.java,71.0,7.0,53.0,11.0,36.0,16.0,9.0,jacques@apache.org,1,0.0013280212483399733,18.0,0.0,0.0,9.0,1323.6045197740114,51815.525829594284,1,4,2.2030554976470125,true
exec/java-exec/src/main/java/org/apache/drill/exec/work/fragment/FragmentExecutor.java,135.0,18.0,0.0,12.0,56.0,34.0,20.0,null,5,0.0026560424966799467,4.0,0.0,2.0,2.0,5067.587580329943,138122.7914754491,5,11,1.2687022756498552,true
exec/java-exec/src/main/java/org/apache/drill/exec/work/fragment/FragmentManager.java,27.0,6.0,28.0,8.0,0.0,13.0,10.0,jacques@apache.org,1,0.0,0.0,0.0,14.0,0.0,1013.448275862069,16503.690046877957,1,2,3.068052935133617,true
exec/java-exec/src/main/java/org/apache/drill/exec/work/fragment/NonRootFragmentManager.java,69.0,15.0,14.0,9.0,15.0,23.0,33.0,jacques@apache.org,2,0.0013280212483399733,6.0,0.0,6.0,0.0,2337.05279563608,68319.21587647224,2,2,1.942407035830369,true
exec/java-exec/src/main/java/org/apache/drill/exec/work/fragment/RootFragmentManager.java,40.0,9.0,16.0,9.0,5.0,17.0,10.0,jacques@apache.org,1,0.0,0.0,0.0,11.0,0.0,1013.448275862069,16503.690046877957,1,2,3.068052935133617,true
exec/java-exec/src/main/java/org/apache/drill/exec/work/user/UserWorker.java,28.0,9.0,0.0,4.0,14.0,10.0,49.0,jacques@apache.org,1,0.0013280212483399733,18.0,0.0,0.0,9.0,1323.6045197740114,51815.525829594284,1,2,2.2030554976470125,true
exec/java-exec/src/test/java/org/apache/drill/BaseTestQuery.java,234.0,36.0,419.0,31.0,81.0,90.0,11.0,null,4,0.0,0.0,2.0,7.0,2.0,4310.61209996506,125216.79486488781,4,7,1.4001436107379888,true
exec/java-exec/src/test/java/org/apache/drill/DrillTestWrapper.java,410.0,25.0,138.0,20.0,151.0,82.0,22.0,altekrusejason@gmail.com,1,0.0013280212483399733,0.0,20.0,20.0,20.0,1294.0359281437125,21817.545677034177,1,0,2.8449093838194073,true
exec/java-exec/src/test/java/org/apache/drill/PlanTestBase.java,159.0,13.0,66.0,12.0,66.0,47.0,3.0,null,3,0.0,0.0,0.0,0.0,0.0,3402.715150125806,82927.17200072788,3,1,2.5084371471981943,true
exec/java-exec/src/test/java/org/apache/drill/PlanningBase.java,79.0,30.0,3.0,3.0,33.0,11.0,0.0,null,0,0.0,0.0,0.0,0.0,0.0,0.0,0.0,0,4,0.0,true
exec/java-exec/src/test/java/org/apache/drill/TestAggNullable.java,34.0,3.0,1.0,3.0,10.0,9.0,7.0,asinha@maprtech.com,1,0.0013280212483399733,0.0,50.0,0.0,0.0,301.5348837209302,4396.384301152629,1,0,2.257122718917288,false
exec/java-exec/src/test/java/org/apache/drill/TestAltSortQueries.java,18.0,1.0,10.0,5.0,11.0,10.0,22.0,aditya@maprtech.com,0,0.0,0.0,14.0,14.0,14.0,0.0,0.0,0,4,2.8449093838194073,true
exec/java-exec/src/test/java/org/apache/drill/TestBugFixes.java,39.0,3.0,36.0,9.0,11.0,19.0,0.0,null,0,0.0,0.0,0.0,0.0,0.0,0.0,0.0,0,3,0.0,true
exec/java-exec/src/test/java/org/apache/drill/TestBuilder.java,318.0,19.0,149.0,31.0,27.0,100.0,9.0,altekrusejason@gmail.com,3,0.0,0.0,14.0,57.0,14.0,3312.420935722602,79459.33637151658,3,0,1.4659532140400628,true
exec/java-exec/src/test/java/org/apache/drill/TestExampleQueries.java,258.0,4.0,1431.0,54.0,85.0,132.0,3.0,null,7,0.00398406374501992,0.0,8.0,12.0,1.0,4509.2102289225695,93655.81111713829,7,23,0.9179393437988839,true
exec/java-exec/src/test/java/org/apache/drill/TestFrameworkTest.java,159.0,13.0,151.0,18.0,161.0,69.0,6.0,altekrusejason@gmail.com,1,0.0,0.0,0.0,20.0,0.0,1294.0359281437125,21817.545677034177,1,0,2.8449093838194073,false
exec/java-exec/src/test/java/org/apache/drill/TestInList.java,8.0,3.0,0.0,1.0,3.0,3.0,2.0,asinha@maprtech.com,1,0.0,0.0,0.0,50.0,0.0,301.5348837209302,4396.384301152629,1,0,2.257122718917288,false
exec/java-exec/src/test/java/org/apache/drill/TestJoinNullable.java,66.0,3.0,0.0,8.0,30.0,24.0,7.0,asinha@maprtech.com,1,0.0013280212483399733,0.0,50.0,0.0,0.0,301.5348837209302,4396.384301152629,1,0,2.257122718917288,false
exec/java-exec/src/test/java/org/apache/drill/TestPartitionFilter.java,77.0,2.0,0.0,15.0,30.0,45.0,0.0,asinha@maprtech.com,0,0.0,0.0,0.0,0.0,0.0,0.0,0.0,0,0,0.0,true
exec/java-exec/src/test/java/org/apache/drill/TestProjectPushDown.java,149.0,2.0,97.0,18.0,24.0,47.0,4.0,null,1,0.0013280212483399733,0.0,8.0,0.0,0.0,301.5348837209302,4396.384301152629,1,5,2.257122718917288,true
exec/java-exec/src/test/java/org/apache/drill/TestStarQueries.java,96.0,2.0,276.0,24.0,26.0,50.0,3.0,hsuanyi@usc.edu,4,0.00398406374501992,0.0,25.0,42.0,8.0,1423.5444530989207,17793.31376713243,4,0,1.253136844448121,true
exec/java-exec/src/test/java/org/apache/drill/TestTextJoin.java,13.0,2.0,0.0,2.0,4.0,6.0,0.0,asinha@maprtech.com,0,0.0,0.0,0.0,0.0,0.0,0.0,0.0,0,1,0.0,false
exec/java-exec/src/test/java/org/apache/drill/TestTpchDistributedStreaming.java,76.0,2.0,276.0,24.0,25.0,48.0,8.0,sphillips@maprtech.com,1,0.0013280212483399733,50.0,0.0,50.0,0.0,1013.448275862069,16503.690046877957,1,0,3.068052935133617,true
exec/java-exec/src/test/java/org/apache/drill/TestUnionAll.java,36.0,2.0,45.0,10.0,11.0,21.0,11.0,hsuanyi@usc.edu,2,0.0026560424966799467,0.0,6.0,6.0,0.0,584.5045806906271,6357.3602370933495,2,0,2.257122718917288,true
exec/java-exec/src/test/java/org/apache/drill/exec/HyperVectorValueIterator.java,63.0,4.0,0.0,8.0,10.0,19.0,22.0,altekrusejason@gmail.com,1,0.0013280212483399733,0.0,50.0,50.0,50.0,1294.0359281437125,21817.545677034177,1,0,2.8449093838194073,false
exec/java-exec/src/test/java/org/apache/drill/exec/compile/TestClassTransformation.java,76.0,15.0,3.0,6.0,43.0,18.0,0.0,jacques@apache.org,1,0.0,0.0,0.0,0.0,0.0,1413.8987341772151,55283.36145880558,1,3,0.0,true
exec/java-exec/src/test/java/org/apache/drill/exec/compile/TestLargeFileCompilation.java,82.0,7.0,0.0,6.0,6.0,12.0,1.0,aditya@maprtech.com,1,0.0,0.0,0.0,20.0,0.0,1323.6045197740114,51815.525829594284,1,3,2.2030554976470125,true
exec/java-exec/src/test/java/org/apache/drill/exec/expr/fn/impl/TestSimpleRepeatedFunctions.java,6.0,2.0,1.0,2.0,0.0,4.0,3.0,cwestin@yahoo.com,1,0.0,0.0,0.0,50.0,0.0,878.3283582089553,12291.642711599829,1,0,2.2030554976470125,false
exec/java-exec/src/test/java/org/apache/drill/exec/fn/impl/TestAggregateFunction.java,33.0,16.0,3.0,3.0,24.0,7.0,0.0,jacques@apache.org,0,0.0,0.0,0.0,0.0,0.0,0.0,0.0,0,1,0.0,true
exec/java-exec/src/test/java/org/apache/drill/exec/fn/impl/TestAggregateFunctions.java,8.0,2.0,1.0,2.0,14.0,4.0,3.0,mehantr@gmail.com,3,0.0026560424966799467,13.0,20.0,20.0,7.0,899.8379140239606,15083.672814761929,3,0,1.1969909508172423,true
exec/java-exec/src/test/java/org/apache/drill/exec/fn/impl/TestByteComparisonFunctions.java,73.0,10.0,0.0,12.0,24.0,15.0,11.0,jacques@apache.org,1,0.0013280212483399733,33.0,0.0,0.0,0.0,1323.6045197740114,51815.525829594284,1,0,2.2030554976470125,true
exec/java-exec/src/test/java/org/apache/drill/exec/fn/impl/TestCastFunctions.java,5.0,3.0,0.0,1.0,7.0,2.0,25.0,asinha@maprtech.com,1,0.0013280212483399733,0.0,50.0,0.0,0.0,598.3030303030304,10687.2885136093,1,0,1.9286186519452522,true
exec/java-exec/src/test/java/org/apache/drill/exec/fn/impl/TestDateFunctions.java,47.0,16.0,21.0,7.0,29.0,16.0,0.0,jacques@apache.org,0,0.0,0.0,0.0,0.0,0.0,0.0,0.0,0,1,0.0,false
exec/java-exec/src/test/java/org/apache/drill/exec/fn/impl/TestMultiInputAdd.java,22.0,18.0,0.0,1.0,21.0,3.0,0.0,null,0,0.0,0.0,0.0,0.0,0.0,0.0,0.0,0,0,0.0,false
exec/java-exec/src/test/java/org/apache/drill/exec/fn/impl/TestNewAggregateFunctions.java,28.0,16.0,1.0,2.0,24.0,5.0,0.0,yash.sharma@snapdeal.com,0,0.0,0.0,0.0,0.0,0.0,0.0,0.0,0,0,0.0,false
exec/java-exec/src/test/java/org/apache/drill/exec/fn/impl/TestNewDateFunctions.java,27.0,5.0,0.0,2.0,20.0,6.0,4.0,mehantr@gmail.com,1,0.0013280212483399733,0.0,33.0,0.0,0.0,64.0,15.55798473363728,1,0,5.147494476813453,false
exec/java-exec/src/test/java/org/apache/drill/exec/fn/impl/TestNewMathFunctions.java,82.0,26.0,15.0,6.0,43.0,19.0,4.0,yash.sharma@snapdeal.com,1,0.0,0.0,0.0,0.0,0.0,22.0,4.473621438624157,1,2,5.147494476813453,true
exec/java-exec/src/test/java/org/apache/drill/exec/memory/TestAllocators.java,106.0,26.0,0.0,1.0,25.0,5.0,0.0,pchandra@maprtech.com,0,0.0,0.0,0.0,0.0,0.0,0.0,0.0,0,2,0.0,true
exec/java-exec/src/test/java/org/apache/drill/exec/nested/TestFastComplexSchema.java,22.0,2.0,6.0,4.0,4.0,8.0,45.0,sphillips@maprtech.com,1,0.0,0.0,0.0,0.0,0.0,1013.448275862069,16503.690046877957,1,0,3.068052935133617,true
exec/java-exec/src/test/java/org/apache/drill/exec/physical/impl/SimpleRootExec.java,55.0,14.0,0.0,11.0,16.0,24.0,45.0,jacques@apache.org,1,0.0,0.0,0.0,0.0,0.0,1013.448275862069,16503.690046877957,1,5,3.068052935133617,true
exec/java-exec/src/test/java/org/apache/drill/exec/physical/impl/TestCastVarCharToBigInt.java,23.0,15.0,0.0,1.0,22.0,3.0,0.0,jacques@apache.org,0,0.0,0.0,0.0,0.0,0.0,0.0,0.0,0,3,0.0,true
exec/java-exec/src/test/java/org/apache/drill/exec/physical/impl/TestConvertFunctions.java,281.0,24.0,1532.0,56.0,106.0,171.0,0.0,aditya@maprtech.com,0,0.0,0.0,0.0,0.0,0.0,0.0,0.0,0,2,0.0,true
exec/java-exec/src/test/java/org/apache/drill/exec/physical/impl/TestDecimal.java,146.0,17.0,15.0,6.0,149.0,18.0,45.0,null,1,0.0,0.0,0.0,0.0,0.0,1013.448275862069,16503.690046877957,1,4,3.068052935133617,true
exec/java-exec/src/test/java/org/apache/drill/exec/physical/impl/TestImplicitCastFunctions.java,108.0,22.0,10.0,5.0,26.0,15.0,0.0,jacques@apache.org,0,0.0,0.0,0.0,0.0,0.0,0.0,0.0,0,2,0.0,true
exec/java-exec/src/test/java/org/apache/drill/exec/physical/impl/TestOptiqPlans.java,208.0,44.0,43.0,10.0,169.0,33.0,0.0,jacques@apache.org,0,0.0,0.0,0.0,0.0,0.0,0.0,0.0,0,4,0.0,true
exec/java-exec/src/test/java/org/apache/drill/exec/physical/impl/TestSimpleFragmentRun.java,110.0,19.0,0.0,2.0,57.0,10.0,45.0,jacques@apache.org,1,0.0,0.0,0.0,0.0,0.0,1013.448275862069,16503.690046877957,1,2,3.068052935133617,true
exec/java-exec/src/test/java/org/apache/drill/exec/physical/impl/TestStringFunctions.java,137.0,23.0,190.0,20.0,42.0,47.0,0.0,aditya@maprtech.com,0,0.0,0.0,0.0,0.0,0.0,0.0,0.0,0,3,0.0,true
exec/java-exec/src/test/java/org/apache/drill/exec/physical/impl/TopN/TestSimpleTopN.java,41.0,17.0,0.0,1.0,27.0,4.0,0.0,jacques@apache.org,0,0.0,0.0,0.0,0.0,0.0,0.0,0.0,0,1,0.0,true
exec/java-exec/src/test/java/org/apache/drill/exec/physical/impl/flatten/TestFlatten.java,87.0,4.0,154.0,21.0,23.0,54.0,10.0,altekrusejason@gmail.com,2,0.0013280212483399733,14.0,0.0,7.0,0.0,1423.2359281437125,21993.857272679434,2,3,2.1221107676575004,true
exec/java-exec/src/test/java/org/apache/drill/exec/physical/impl/join/TestHashJoin.java,146.0,39.0,36.0,9.0,115.0,28.0,0.0,null,0,0.0,0.0,0.0,0.0,0.0,0.0,0.0,0,7,0.0,true
exec/java-exec/src/test/java/org/apache/drill/exec/physical/impl/join/TestMergeJoin.java,309.0,36.0,16.0,9.0,188.0,40.0,45.0,null,1,0.0,0.0,0.0,0.0,0.0,1013.448275862069,16503.690046877957,1,7,3.068052935133617,true
exec/java-exec/src/test/java/org/apache/drill/exec/physical/impl/orderedpartitioner/TestOrderedPartitionExchange.java,72.0,24.0,0.0,1.0,30.0,5.0,0.0,jacques@apache.org,0,0.0,0.0,0.0,0.0,0.0,0.0,0.0,0,4,0.0,false
exec/java-exec/src/test/java/org/apache/drill/exec/physical/impl/sort/TestSimpleSort.java,8.0,29.0,1.0,2.0,0.0,4.0,0.0,jacques@apache.org,0,0.0,0.0,0.0,0.0,0.0,0.0,0.0,0,2,0.0,true
exec/java-exec/src/test/java/org/apache/drill/exec/physical/impl/window/TestWindowFrame.java,99.0,20.0,3.0,3.0,81.0,13.0,37.0,adeneche@gmail.com,2,0.0013280212483399733,0.0,0.0,17.0,0.0,1317.8768472906404,18622.508584583375,2,0,2.893636887212101,true
exec/java-exec/src/test/java/org/apache/drill/exec/physical/impl/writer/TestParquetWriter.java,175.0,29.0,701.0,38.0,64.0,82.0,8.0,null,4,0.0026560424966799467,0.0,5.0,8.0,5.0,2849.7559298319748,43466.28504149455,4,10,1.3937943732169964,true
exec/java-exec/src/test/java/org/apache/drill/exec/pop/PopUnitTestBase.java,20.0,15.0,3.0,3.0,10.0,8.0,56.0,jacques@apache.org,2,0.0013280212483399733,10.0,0.0,0.0,0.0,2737.5032539512267,107098.88728839986,2,3,2.2030554976470125,true
exec/java-exec/src/test/java/org/apache/drill/exec/pop/TestFragmenter.java,24.0,10.0,1.0,2.0,23.0,4.0,56.0,jacques@apache.org,1,0.0013280212483399733,25.0,0.0,0.0,0.0,1323.6045197740114,51815.525829594284,1,0,2.2030554976470125,true
exec/java-exec/src/test/java/org/apache/drill/exec/record/vector/TestDateTypes.java,137.0,16.0,15.0,6.0,134.0,18.0,45.0,jacques@apache.org,1,0.0,0.0,0.0,0.0,0.0,1013.448275862069,16503.690046877957,1,3,3.068052935133617,true
exec/java-exec/src/test/java/org/apache/drill/exec/server/TestBitRpc.java,90.0,42.0,1.0,2.0,28.0,6.0,0.0,jacques@apache.org,1,0.0013280212483399733,0.0,0.0,0.0,0.0,1323.6045197740114,51815.525829594284,1,4,0.0,true
exec/java-exec/src/test/java/org/apache/drill/exec/sql/TestSqlBracketlessSyntax.java,12.0,13.0,0.0,1.0,12.0,3.0,9.0,jacques@apache.org,1,0.0,0.0,0.0,20.0,0.0,188.0,625.0716453868889,1,1,2.257122718917288,true
exec/java-exec/src/test/java/org/apache/drill/exec/sql/TestWindowFunctions.java,5.0,3.0,0.0,1.0,1.0,2.0,45.0,tnachen@gmail.com,2,0.0013280212483399733,0.0,0.0,0.0,0.0,1317.8768472906404,18622.508584583375,2,0,3.068052935133617,true
exec/java-exec/src/test/java/org/apache/drill/exec/store/TestOutputMutator.java,43.0,13.0,24.0,9.0,13.0,19.0,12.0,jacques@apache.org,1,0.0,0.0,0.0,14.0,0.0,1323.6045197740114,51815.525829594284,1,1,2.2030554976470125,true
exec/java-exec/src/test/java/org/apache/drill/exec/store/ischema/TestInfoSchemaFilterPushDown.java,49.0,2.0,45.0,10.0,9.0,20.0,15.0,venki.korukanti@gmail.com,1,0.0,0.0,0.0,0.0,0.0,1413.8987341772151,55283.36145880558,1,0,2.8449093838194073,false
exec/java-exec/src/test/java/org/apache/drill/exec/store/json/TestJsonRecordReader.java,23.0,2.0,10.0,5.0,5.0,11.0,18.0,jacques@apache.org,3,0.0,14.0,0.0,0.0,0.0,1311.9569296375269,14586.7728449505,3,0,1.509908317087067,true
exec/java-exec/src/test/java/org/apache/drill/exec/store/parquet/ParquetRecordReaderTest.java,382.0,58.0,752.0,48.0,176.0,111.0,12.0,altekrusejason@gmail.com,2,0.0,0.0,0.0,3.0,0.0,2737.5032539512267,107098.88728839986,2,12,2.2030554976470125,true
exec/java-exec/src/test/java/org/apache/drill/exec/store/parquet/TestParquetComplex.java,59.0,2.0,22.0,13.0,91.0,34.0,9.0,hgunes@maprtech.com,2,0.0026560424966799467,50.0,0.0,100.0,25.0,1891.776634071024,28795.332758477787,2,0,2.289468431143158,true
exec/java-exec/src/test/java/org/apache/drill/exec/store/sys/PStoreTestUtil.java,30.0,8.0,0.0,1.0,17.0,4.0,43.0,jacques@apache.org,0,0.0,50.0,0.0,0.0,50.0,0.0,0.0,0,0,2.2030554976470125,false
exec/java-exec/src/test/java/org/apache/drill/exec/store/sys/TestPStoreProviders.java,19.0,9.0,0.0,2.0,13.0,6.0,43.0,jacques@apache.org,0,0.0,50.0,0.0,0.0,50.0,0.0,0.0,0,0,2.2030554976470125,false
exec/java-exec/src/test/java/org/apache/drill/exec/store/sys/TestSystemTable.java,8.0,3.0,0.0,1.0,7.0,2.0,8.0,skatkam@maprtech.com,1,0.0,0.0,0.0,33.0,0.0,1323.6045197740114,51815.525829594284,1,0,2.2030554976470125,true
exec/java-exec/src/test/java/org/apache/drill/exec/vector/complex/fn/TestJsonReaderWithSparseFiles.java,57.0,9.0,6.0,4.0,13.0,12.0,21.0,hgunes@maprtech.com,2,0.0013280212483399733,20.0,0.0,20.0,20.0,1891.776634071024,28795.332758477787,2,0,1.8548738085144012,true
exec/java-exec/src/test/java/org/apache/drill/exec/vector/complex/writer/TestComplexTypeReader.java,102.0,2.0,465.0,31.0,31.0,62.0,3.0,mehantr@gmail.com,1,0.0013280212483399733,9.0,0.0,9.0,0.0,598.3030303030304,10687.2885136093,1,4,1.9286186519452522,true
exec/java-exec/src/test/java/org/apache/drill/exec/vector/complex/writer/TestJsonReader.java,162.0,26.0,136.0,17.0,85.0,37.0,22.0,null,3,0.0013280212483399733,9.0,0.0,5.0,0.0,3631.0887237797924,90136.76155350643,3,4,1.5400475577218444,true
exec/java-exec/src/test/java/org/apache/drill/exec/vector/complex/writer/TestRepeated.java,12.0,18.0,1.0,3.0,1.0,5.0,18.0,jacques@apache.org,1,0.0013280212483399733,17.0,0.0,17.0,17.0,878.3283582089553,12291.642711599829,1,0,2.2030554976470125,false
exec/jdbc/src/main/java/org/apache/drill/jdbc/DrillColumnMetaDataList.java,130.0,14.0,0.0,15.0,29.0,31.0,0.0,jacques@apache.org,0,0.0,0.0,0.0,0.0,0.0,0.0,0.0,0,0,0.0,false
exec/jdbc/src/main/java/org/apache/drill/jdbc/DrillConnectionImpl.java,113.0,17.0,48.0,12.0,17.0,35.0,4.0,dbarclay@maprtech.com,2,0.0013280212483399733,0.0,0.0,0.0,0.0,1316.6360505166476,14520.214140171258,2,1,2.2030554976470125,true
exec/jdbc/src/main/java/org/apache/drill/jdbc/DrillCursor.java,90.0,11.0,3.0,7.0,15.0,19.0,0.0,dbarclay@maprtech.com,1,0.0013280212483399733,0.0,0.0,0.0,0.0,438.30769230769226,2228.5714285714284,1,1,0.0,true
exec/jdbc/src/main/java/org/apache/drill/jdbc/DrillResultSet.java,132.0,21.0,2.0,5.0,16.0,13.0,0.0,dbarclay@maprtech.com,1,0.0013280212483399733,0.0,0.0,0.0,0.0,438.30769230769226,2228.5714285714284,1,1,0.0,true
exec/jdbc/src/test/java/org/apache/drill/jdbc/DrillColumnMetaDataListTest.java,124.0,20.0,0.0,15.0,47.0,39.0,0.0,mburgess@pentaho.com,0,0.0,0.0,0.0,0.0,0.0,0.0,0.0,0,0,0.0,false
exec/jdbc/src/test/java/org/apache/drill/jdbc/test/JdbcAssert.java,269.0,23.0,28.0,8.0,35.0,30.0,15.0,null,1,0.0,0.0,0.0,0.0,0.0,878.3283582089553,12291.642711599829,1,1,2.2030554976470125,true
exec/jdbc/src/test/java/org/apache/drill/jdbc/test/JdbcTestQueryBase.java,44.0,14.0,0.0,1.0,15.0,5.0,15.0,null,1,0.0,0.0,0.0,0.0,0.0,878.3283582089553,12291.642711599829,1,2,2.2030554976470125,true
exec/jdbc/src/test/java/org/apache/drill/jdbc/test/TestJdbcQuery.java,131.0,8.0,378.0,28.0,104.0,88.0,0.0,venki.korukanti@gmail.com,1,0.0013280212483399733,0.0,0.0,0.0,0.0,438.30769230769226,2228.5714285714284,1,10,0.0,true
exec/jdbc/src/test/java/org/apache/drill/jdbc/test/TestMetadataDDL.java,190.0,10.0,595.0,35.0,152.0,119.0,15.0,venki.korukanti@gmail.com,3,0.0026560424966799467,0.0,0.0,0.0,0.0,2730.534784693863,69803.57559897684,3,10,2.2030554976470125,true
protocol/src/main/java/org/apache/drill/exec/proto/BitControl.java,131.0,0.0,27.0,10.0,10.0,21.0,43.0,jacques@apache.org,0,0.0,6.0,0.0,0.0,6.0,0.0,0.0,0,3,2.2030554976470125,true
protocol/src/main/java/org/apache/drill/exec/proto/GeneralRPCProtos.java,65.0,0.0,27.0,10.0,10.0,21.0,0.0,jacques@apache.org,0,0.0,0.0,0.0,0.0,0.0,0.0,0.0,0,1,0.0,true
protocol/src/main/java/org/apache/drill/exec/proto/SchemaBitControl.java,744.0,0.0,0.0,0.0,0.0,0.0,0.0,jacques@apache.org,0,0.0,0.0,0.0,0.0,0.0,0.0,0.0,0,1,0.0,false
protocol/src/main/java/org/apache/drill/exec/proto/SchemaGeneralRPCProtos.java,288.0,0.0,0.0,0.0,0.0,0.0,0.0,jacques@apache.org,0,0.0,0.0,0.0,0.0,0.0,0.0,0.0,0,1,0.0,false
protocol/src/main/java/org/apache/drill/exec/proto/SchemaUserBitShared.java,2047.0,0.0,0.0,0.0,0.0,0.0,26.0,jacques@apache.org,1,0.0013280212483399733,10.0,10.0,0.0,10.0,1413.8987341772151,55283.36145880558,1,2,1.8308352601732647,true
protocol/src/main/java/org/apache/drill/exec/proto/UserBitShared.java,461.0,0.0,426.0,37.0,40.0,81.0,26.0,null,2,0.0013280212483399733,3.0,3.0,0.0,3.0,2012.2017644802454,65970.64997241487,2,5,1.8308352601732647,true
protocol/src/main/java/org/apache/drill/exec/proto/beans/DrillPBError.java,155.0,11.0,275.0,27.0,17.0,61.0,0.0,venki.korukanti@gmail.com,0,0.0,0.0,0.0,0.0,0.0,0.0,0.0,0,1,0.0,true
protocol/src/main/java/org/apache/drill/exec/proto/beans/ExceptionWrapper.java,125.0,11.0,197.0,23.0,15.0,53.0,0.0,jacques@apache.org,0,0.0,0.0,0.0,0.0,0.0,0.0,0.0,0,1,0.0,false
protocol/src/main/java/org/apache/drill/exec/proto/beans/InitializeFragments.java,80.0,11.0,118.0,17.0,13.0,41.0,0.0,jacques@apache.org,0,0.0,0.0,0.0,0.0,0.0,0.0,0.0,0,1,0.0,false
protocol/src/main/java/org/apache/drill/exec/proto/beans/QueryInfo.java,135.0,9.0,242.0,25.0,19.0,59.0,43.0,jacques@apache.org,0,0.0,50.0,0.0,0.0,50.0,0.0,0.0,0,0,2.2030554976470125,false
protocol/src/main/java/org/apache/drill/exec/proto/beans/StackTraceElementWrapper.java,135.0,9.0,242.0,25.0,14.0,55.0,0.0,jacques@apache.org,0,0.0,0.0,0.0,0.0,0.0,0.0,0.0,0,1,0.0,false
