name,LOC,CBO,LCOM,NOM,RFC,WMC,ACS,Ownership,numOfChanges,numberOfFIChanges,ENH,NF,BugFixing,REF,structuralWorkloadSum,semanticWorkloadSum,numberOfDeveloper,pastFaults,MAF,isBuggy
openjpa-jdbc-5/src/main/java/org/apache/openjpa/jdbc/meta/XMLMappingRepository.java,41.0,5.0,19.0,7.0,13.0,15.0,16.0,wisneskid@13f79535-47bb-0310-9956-ffa450edef68,1,5.543237250554324E-4,100.0,0.0,25.0,50.0,850.0,7649.409641562793,1,0,1.6703986122237875,false
openjpa-jdbc-5/src/main/java/org/apache/openjpa/meta/XMLClassMetaData.java,145.0,15.0,123.0,19.0,30.0,40.0,13.0,wisneskid@13f79535-47bb-0310-9956-ffa450edef68,1,5.543237250554324E-4,100.0,0.0,20.0,60.0,850.0,7649.409641562793,1,0,1.6703986122237875,false
openjpa-jdbc/src/main/java/org/apache/openjpa/jdbc/ant/MappingToolTask.java,130.0,13.0,0.0,17.0,15.0,26.0,506.0,mikedd@13f79535-47bb-0310-9956-ffa450edef68,3,0.0016629711751662971,25.0,0.0,8.0,8.0,19458.15804647687,4621147.695346928,3,0,2.125016665177847,false
openjpa-jdbc/src/main/java/org/apache/openjpa/jdbc/ant/SchemaToolTask.java,82.0,9.0,0.0,12.0,8.0,18.0,1332.0,mikedd@13f79535-47bb-0310-9956-ffa450edef68,1,5.543237250554324E-4,20.0,0.0,0.0,20.0,16191.222907488987,4572622.998021701,1,0,5.225746673713201,false
openjpa-jdbc/src/main/java/org/apache/openjpa/jdbc/conf/JDBCConfigurationImpl.java,556.0,32.0,3152.0,84.0,189.0,167.0,448.0,null,3,0.0016629711751662971,9.0,0.0,0.0,3.0,21701.835243849408,4733150.991578496,3,0,1.8127602441052817,false
openjpa-jdbc/src/main/java/org/apache/openjpa/jdbc/kernel/AbstractJDBCSeq.java,168.0,13.0,79.0,14.0,33.0,41.0,1332.0,mikedd@13f79535-47bb-0310-9956-ffa450edef68,1,5.543237250554324E-4,11.0,0.0,0.0,11.0,16191.222907488987,4572622.998021701,1,0,5.225746673713201,false
openjpa-jdbc/src/main/java/org/apache/openjpa/jdbc/kernel/PreparedStatementManagerImpl.java,72.0,15.0,0.0,5.0,23.0,13.0,334.0,null,3,0.0016629711751662971,17.0,0.0,0.0,4.0,18711.28848125948,4605067.317057636,3,0,1.9776602226933002,false
openjpa-jdbc/src/main/java/org/apache/openjpa/jdbc/kernel/SQLStoreQuery.java,202.0,28.0,26.0,8.0,20.0,22.0,1332.0,null,1,5.543237250554324E-4,4.0,0.0,0.0,4.0,16191.222907488987,4572622.998021701,1,0,5.225746673713201,false
openjpa-jdbc/src/main/java/org/apache/openjpa/jdbc/kernel/TableJDBCSeq.java,424.0,29.0,358.0,33.0,135.0,104.0,667.0,null,2,0.0011086474501108647,7.0,0.0,0.0,4.0,17861.28848125948,4597417.907416073,2,0,3.213070828345626,false
openjpa-jdbc/src/main/java/org/apache/openjpa/jdbc/kernel/exps/ConstGetObjectId.java,59.0,3.0,16.0,9.0,14.0,19.0,698.0,pcl@13f79535-47bb-0310-9956-ffa450edef68,2,0.0011086474501108647,100.0,50.0,0.0,50.0,20031.769670078917,4708356.082184125,2,0,2.3805669465511707,false
openjpa-jdbc/src/main/java/org/apache/openjpa/jdbc/kernel/exps/ConstPath.java,130.0,14.0,88.0,16.0,34.0,33.0,306.0,wisneskid@13f79535-47bb-0310-9956-ffa450edef68,4,0.0022172949002217295,71.0,14.0,14.0,29.0,22478.63923529631,4739735.279756543,4,0,0.9371562242691844,false
openjpa-jdbc/src/main/java/org/apache/openjpa/jdbc/kernel/exps/EndsWithExpression.java,133.0,10.0,0.0,5.0,17.0,9.0,675.0,wisneskid@13f79535-47bb-0310-9956-ffa450edef68,2,0.0011086474501108647,75.0,0.0,0.0,50.0,17041.222907488987,4580272.407663264,2,0,2.2190004644254455,false
openjpa-jdbc/src/main/java/org/apache/openjpa/jdbc/kernel/exps/FilterValue.java,66.0,6.0,105.0,15.0,0.0,36.0,456.0,wisneskid@13f79535-47bb-0310-9956-ffa450edef68,2,0.0011086474501108647,75.0,0.0,0.0,50.0,17041.222907488987,4580272.407663264,2,0,2.2190004644254455,false
openjpa-jdbc/src/main/java/org/apache/openjpa/jdbc/kernel/exps/FilterValueImpl.java,62.0,7.0,0.0,16.0,19.0,32.0,456.0,wisneskid@13f79535-47bb-0310-9956-ffa450edef68,2,0.0011086474501108647,75.0,0.0,0.0,50.0,17041.222907488987,4580272.407663264,2,0,2.2190004644254455,false
openjpa-jdbc/src/main/java/org/apache/openjpa/jdbc/kernel/exps/JDBCExpressionFactory.java,248.0,16.0,2121.0,67.0,20.0,147.0,1332.0,null,1,5.543237250554324E-4,4.0,0.0,0.0,4.0,16191.222907488987,4572622.998021701,1,0,5.225746673713201,false
openjpa-jdbc/src/main/java/org/apache/openjpa/jdbc/kernel/exps/Lit.java,57.0,4.0,13.0,10.0,7.0,19.0,891.0,faywang@13f79535-47bb-0310-9956-ffa450edef68,2,0.0011086474501108647,29.0,0.0,0.0,14.0,17156.745295548688,4586298.075363196,2,0,3.146305132033365,false
openjpa-jdbc/src/main/java/org/apache/openjpa/jdbc/kernel/exps/PCPath.java,513.0,23.0,682.0,48.0,145.0,146.0,456.0,fancy@13f79535-47bb-0310-9956-ffa450edef68,2,0.0011086474501108647,7.0,0.0,0.0,5.0,17041.222907488987,4580272.407663264,2,0,2.2190004644254455,true
openjpa-jdbc/src/main/java/org/apache/openjpa/jdbc/kernel/exps/Param.java,72.0,9.0,54.0,12.0,19.0,25.0,552.0,fancy@13f79535-47bb-0310-9956-ffa450edef68,3,0.0016629711751662971,29.0,7.0,0.0,7.0,20997.292058138617,4722031.15952562,3,0,1.3408461757112533,false
openjpa-jdbc/src/main/java/org/apache/openjpa/jdbc/kernel/exps/SelectConstructor.java,192.0,12.0,13.0,6.0,48.0,25.0,1332.0,faywang@13f79535-47bb-0310-9956-ffa450edef68,1,5.543237250554324E-4,9.0,0.0,0.0,9.0,16191.222907488987,4572622.998021701,1,0,5.225746673713201,true
openjpa-jdbc/src/main/java/org/apache/openjpa/jdbc/kernel/exps/StartsWithExpression.java,187.0,11.0,0.0,5.0,17.0,9.0,675.0,wisneskid@13f79535-47bb-0310-9956-ffa450edef68,2,0.0011086474501108647,50.0,0.0,0.0,33.0,17041.222907488987,4580272.407663264,2,0,2.2190004644254455,false
openjpa-jdbc/src/main/java/org/apache/openjpa/jdbc/kernel/exps/StringLength.java,29.0,3.0,4.0,4.0,7.0,6.0,891.0,fancy@13f79535-47bb-0310-9956-ffa450edef68,2,0.0011086474501108647,67.0,0.0,0.0,33.0,17156.745295548688,4586298.075363196,2,0,3.146305132033365,false
openjpa-jdbc/src/main/java/org/apache/openjpa/jdbc/kernel/exps/ToLowerCase.java,21.0,3.0,1.0,2.0,7.0,2.0,891.0,fancy@13f79535-47bb-0310-9956-ffa450edef68,2,0.0011086474501108647,50.0,0.0,0.0,25.0,17156.745295548688,4586298.075363196,2,0,3.146305132033365,false
openjpa-jdbc/src/main/java/org/apache/openjpa/jdbc/kernel/exps/ToUpperCase.java,21.0,3.0,1.0,2.0,7.0,2.0,891.0,fancy@13f79535-47bb-0310-9956-ffa450edef68,2,0.0011086474501108647,50.0,0.0,0.0,25.0,17156.745295548688,4586298.075363196,2,0,3.146305132033365,false
openjpa-jdbc/src/main/java/org/apache/openjpa/jdbc/kernel/exps/Trim.java,119.0,11.0,88.0,16.0,32.0,25.0,891.0,fancy@13f79535-47bb-0310-9956-ffa450edef68,2,0.0011086474501108647,50.0,0.0,0.0,25.0,17156.745295548688,4586298.075363196,2,0,3.146305132033365,false
openjpa-jdbc/src/main/java/org/apache/openjpa/jdbc/kernel/exps/UnaryOp.java,86.0,8.0,130.0,20.0,25.0,32.0,671.0,fancy@13f79535-47bb-0310-9956-ffa450edef68,2,0.0011086474501108647,22.0,0.0,0.0,11.0,17156.745295548688,4586298.075363196,2,0,3.146305132033365,true
openjpa-jdbc/src/main/java/org/apache/openjpa/jdbc/meta/ClassMapping.java,607.0,36.0,2982.0,80.0,204.0,223.0,280.0,null,4,0.0022172949002217295,28.0,6.0,6.0,6.0,21847.292058138617,4729680.569167183,4,0,1.0560976458185234,false
openjpa-jdbc/src/main/java/org/apache/openjpa/jdbc/meta/Discriminator.java,280.0,18.0,911.0,46.0,73.0,104.0,674.0,joes@13f79535-47bb-0310-9956-ffa450edef68,2,0.0011086474501108647,67.0,0.0,0.0,33.0,17861.28848125948,4597417.907416073,2,0,3.213070828345626,false
openjpa-jdbc/src/main/java/org/apache/openjpa/jdbc/meta/DiscriminatorMappingInfo.java,82.0,10.0,0.0,8.0,44.0,25.0,362.0,mprudhom@13f79535-47bb-0310-9956-ffa450edef68,3,0.0016629711751662971,67.0,17.0,33.0,17.0,19458.15804647687,4621147.695346928,3,0,1.8426136554762313,false
openjpa-jdbc/src/main/java/org/apache/openjpa/jdbc/meta/FieldMapping.java,690.0,25.0,5157.0,118.0,255.0,270.0,450.0,null,3,0.0016629711751662971,9.0,3.0,3.0,3.0,20997.292058138617,4722031.15952562,3,0,1.7682497798971077,true
openjpa-jdbc/src/main/java/org/apache/openjpa/jdbc/meta/MappingDefaultsImpl.java,482.0,19.0,2948.0,80.0,85.0,197.0,674.0,null,2,0.0011086474501108647,14.0,0.0,0.0,7.0,17861.28848125948,4597417.907416073,2,0,3.213070828345626,false
openjpa-jdbc/src/main/java/org/apache/openjpa/jdbc/meta/MappingRepository.java,748.0,63.0,2108.0,69.0,281.0,237.0,381.0,null,4,0.0022172949002217295,11.0,3.0,3.0,3.0,20423.68043453657,4634822.772688423,4,0,1.644716842132932,true
openjpa-jdbc/src/main/java/org/apache/openjpa/jdbc/meta/ReverseMappingTool.java,1440.0,78.0,4162.0,96.0,460.0,311.0,312.0,null,4,0.0022172949002217295,26.0,0.0,5.0,5.0,20423.68043453657,4634822.772688423,4,0,1.4643200911374818,false
openjpa-jdbc/src/main/java/org/apache/openjpa/jdbc/meta/strats/InValueDiscriminatorStrategy.java,73.0,16.0,36.0,9.0,46.0,29.0,1332.0,mikedd@13f79535-47bb-0310-9956-ffa450edef68,1,5.543237250554324E-4,20.0,0.0,0.0,20.0,16191.222907488987,4572622.998021701,1,0,5.225746673713201,false
openjpa-jdbc/src/main/java/org/apache/openjpa/jdbc/meta/strats/UntypedPCValueHandler.java,57.0,13.0,21.0,7.0,22.0,20.0,698.0,null,2,0.0011086474501108647,33.0,17.0,0.0,17.0,20031.769670078917,4708356.082184125,2,0,2.3805669465511707,false
openjpa-jdbc/src/main/java/org/apache/openjpa/jdbc/schema/Column.java,556.0,12.0,1197.0,51.0,87.0,139.0,445.0,null,2,0.0011086474501108647,15.0,10.0,0.0,5.0,17041.222907488987,4580272.407663264,2,0,2.2190004644254455,false
openjpa-jdbc/src/main/java/org/apache/openjpa/jdbc/schema/LocalConstraint.java,111.0,5.0,66.0,13.0,23.0,36.0,1332.0,mikedd@13f79535-47bb-0310-9956-ffa450edef68,1,5.543237250554324E-4,14.0,0.0,0.0,14.0,16191.222907488987,4572622.998021701,1,0,5.225746673713201,false
openjpa-jdbc/src/main/java/org/apache/openjpa/jdbc/schema/SchemaGroup.java,281.0,4.0,339.0,27.0,76.0,76.0,1332.0,null,1,5.543237250554324E-4,10.0,0.0,0.0,10.0,16191.222907488987,4572622.998021701,1,0,5.225746673713201,false
openjpa-jdbc/src/main/java/org/apache/openjpa/jdbc/schema/SchemaTool.java,955.0,29.0,1491.0,62.0,280.0,213.0,1332.0,null,1,5.543237250554324E-4,4.0,0.0,0.0,4.0,16191.222907488987,4572622.998021701,1,0,5.225746673713201,true
openjpa-jdbc/src/main/java/org/apache/openjpa/jdbc/schema/Table.java,507.0,9.0,1032.0,48.0,174.0,162.0,1332.0,null,1,5.543237250554324E-4,5.0,0.0,0.0,5.0,16191.222907488987,4572622.998021701,1,0,5.225746673713201,false
openjpa-jdbc/src/main/java/org/apache/openjpa/jdbc/sql/AbstractDB2Dictionary.java,62.0,1.0,3.0,3.0,4.0,6.0,671.0,curtisr7@13f79535-47bb-0310-9956-ffa450edef68,2,0.0011086474501108647,14.0,0.0,0.0,7.0,17156.745295548688,4586298.075363196,2,0,3.146305132033365,false
openjpa-jdbc/src/main/java/org/apache/openjpa/jdbc/sql/DB2Dictionary.java,347.0,15.0,263.0,26.0,86.0,100.0,147.0,null,5,0.002771618625277162,12.0,4.0,5.0,1.0,23444.16162335601,4753410.357098038,5,0,0.6744155530296563,true
openjpa-jdbc/src/main/java/org/apache/openjpa/jdbc/sql/DBDictionary.java,2577.0,85.0,15043.0,175.0,783.0,702.0,185.0,null,5,0.002771618625277162,5.0,1.0,1.0,1.0,23444.16162335601,4753410.357098038,5,0,0.7562845761698005,true
openjpa-jdbc/src/main/java/org/apache/openjpa/jdbc/sql/DBDictionaryFactory.java,143.0,15.0,21.0,7.0,162.0,31.0,304.0,null,4,0.0022172949002217295,23.0,0.0,5.0,5.0,20308.15804647687,4628797.104988491,4,0,1.270157776986967,true
openjpa-jdbc/src/main/java/org/apache/openjpa/jdbc/sql/LogicalUnion.java,633.0,19.0,54.0,29.0,33.0,70.0,1332.0,null,1,5.543237250554324E-4,5.0,0.0,0.0,5.0,16191.222907488987,4572622.998021701,1,0,5.225746673713201,false
openjpa-jdbc/src/main/java/org/apache/openjpa/jdbc/sql/OracleDictionary.java,664.0,31.0,807.0,42.0,242.0,195.0,340.0,null,2,0.0011086474501108647,7.0,2.0,0.0,2.0,17041.222907488987,4580272.407663264,2,0,1.9969004829773322,true
openjpa-jdbc/src/main/java/org/apache/openjpa/jdbc/sql/PostgresDictionary.java,207.0,16.0,105.0,15.0,24.0,50.0,666.0,null,2,0.0011086474501108647,5.0,0.0,0.0,2.0,20031.769670078917,4708356.082184125,2,0,2.3805669465511707,true
openjpa-jdbc/src/main/java/org/apache/openjpa/jdbc/sql/ResultSetResult.java,327.0,24.0,0.0,48.0,114.0,145.0,667.0,null,2,0.0011086474501108647,15.0,0.0,0.0,8.0,20031.769670078917,4708356.082184125,2,0,2.3805669465511707,false
openjpa-jdbc/src/main/java/org/apache/openjpa/jdbc/sql/SQLBuffer.java,433.0,16.0,821.0,46.0,100.0,132.0,671.0,null,2,0.0011086474501108647,6.0,0.0,0.0,3.0,17156.745295548688,4586298.075363196,2,0,3.146305132033365,true
openjpa-jdbc/src/main/java/org/apache/openjpa/jdbc/sql/Select.java,443.0,10.0,4371.0,94.0,0.0,170.0,1332.0,null,1,5.543237250554324E-4,5.0,0.0,0.0,5.0,16191.222907488987,4572622.998021701,1,0,5.225746673713201,false
openjpa-jdbc/src/main/java/org/apache/openjpa/jdbc/sql/SelectImpl.java,1911.0,42.0,13551.0,174.0,409.0,485.0,206.0,null,5,0.002771618625277162,10.0,1.0,3.0,3.0,23444.16162335601,4753410.357098038,5,0,0.6870718280641812,true
openjpa-kernel-5/src/main/java/org/apache/openjpa/enhance/PCClassFileTransformer.java,123.0,13.0,9.0,6.0,36.0,26.0,698.0,pcl@13f79535-47bb-0310-9956-ffa450edef68,2,0.0011086474501108647,67.0,33.0,0.0,33.0,20031.769670078917,4708356.082184125,2,0,2.3805669465511707,false
openjpa-kernel-5/src/main/java/org/apache/openjpa/enhance/PCEnhancerAgent.java,27.0,9.0,1.0,2.0,14.0,5.0,323.0,pcl@13f79535-47bb-0310-9956-ffa450edef68,5,0.002771618625277162,56.0,11.0,11.0,11.0,24264.2271971265,4770555.856850847,5,0,0.999707366269964,false
openjpa-kernel/src/main/java/org/apache/openjpa/conf/OpenJPAConfiguration.java,910.0,29.0,17391.0,187.0,0.0,290.0,341.0,null,2,0.0011086474501108647,9.0,2.0,0.0,2.0,20031.769670078917,4708356.082184125,2,0,1.4353627091912655,true
openjpa-kernel/src/main/java/org/apache/openjpa/conf/OpenJPAConfigurationImpl.java,995.0,34.0,18133.0,195.0,322.0,331.0,228.0,null,3,0.0016629711751662971,8.0,3.0,1.0,3.0,20168.436336745584,4708502.781385134,3,0,1.1644883582530745,false
openjpa-kernel/src/main/java/org/apache/openjpa/conf/OpenJPAVersion.java,96.0,6.0,6.0,4.0,14.0,7.0,506.0,null,3,0.0016629711751662971,38.0,0.0,12.0,12.0,19458.15804647687,4621147.695346928,3,0,2.125016665177847,false
openjpa-kernel/src/main/java/org/apache/openjpa/conf/QueryCompilationCacheValue.java,20.0,8.0,1.0,2.0,4.0,5.0,444.0,pcl@13f79535-47bb-0310-9956-ffa450edef68,3,0.0016629711751662971,30.0,0.0,10.0,10.0,21628.63923529631,4732085.87011498,3,0,1.5700140773148772,false
openjpa-kernel/src/main/java/org/apache/openjpa/datacache/DataCachePCDataImpl.java,82.0,10.0,188.0,20.0,7.0,36.0,1332.0,pcl@13f79535-47bb-0310-9956-ffa450edef68,1,5.543237250554324E-4,11.0,0.0,0.0,11.0,16191.222907488987,4572622.998021701,1,0,5.225746673713201,false
openjpa-kernel/src/main/java/org/apache/openjpa/datacache/DataCacheScheduler.java,154.0,14.0,14.0,9.0,31.0,21.0,667.0,null,2,0.0011086474501108647,22.0,0.0,0.0,11.0,20031.769670078917,4708356.082184125,2,0,2.3805669465511707,false
openjpa-kernel/src/main/java/org/apache/openjpa/datacache/DataCacheStoreManager.java,444.0,24.0,88.0,20.0,176.0,70.0,368.0,null,3,0.0016629711751662971,11.0,9.0,3.0,6.0,20881.769670078917,4716005.491825688,3,0,1.145156340898845,true
openjpa-kernel/src/main/java/org/apache/openjpa/datacache/QueryCacheStoreQuery.java,415.0,26.0,0.0,25.0,42.0,56.0,731.0,null,2,0.0011086474501108647,7.0,4.0,0.0,7.0,20031.769670078917,4708356.082184125,2,0,2.3805669465511707,false
openjpa-kernel/src/main/java/org/apache/openjpa/datacache/QueryKey.java,250.0,27.0,89.0,18.0,92.0,69.0,676.0,null,2,0.0011086474501108647,18.0,0.0,0.0,9.0,20031.769670078917,4708356.082184125,2,0,2.3805669465511707,true
openjpa-kernel/src/main/java/org/apache/openjpa/ee/AutomaticManagedRuntime.java,149.0,7.0,7.0,6.0,16.0,16.0,361.0,mikedd@13f79535-47bb-0310-9956-ffa450edef68,4,0.0022172949002217295,44.0,11.0,11.0,11.0,20423.68043453657,4634822.772688423,4,0,1.644716842132932,false
openjpa-kernel/src/main/java/org/apache/openjpa/ee/InvocationManagedRuntime.java,44.0,5.0,20.0,8.0,11.0,16.0,671.0,curtisr7@13f79535-47bb-0310-9956-ffa450edef68,2,0.0011086474501108647,50.0,0.0,0.0,25.0,17861.28848125948,4597417.907416073,2,0,3.213070828345626,false
openjpa-kernel/src/main/java/org/apache/openjpa/ee/JNDIManagedRuntime.java,42.0,3.0,4.0,5.0,5.0,12.0,671.0,joes@13f79535-47bb-0310-9956-ffa450edef68,2,0.0011086474501108647,100.0,0.0,0.0,50.0,17861.28848125948,4597417.907416073,2,0,3.213070828345626,false
openjpa-kernel/src/main/java/org/apache/openjpa/ee/ManagedRuntime.java,20.0,1.0,3.0,3.0,0.0,11.0,671.0,joes@13f79535-47bb-0310-9956-ffa450edef68,2,0.0011086474501108647,67.0,0.0,0.0,33.0,17861.28848125948,4597417.907416073,2,0,3.213070828345626,false
openjpa-kernel/src/main/java/org/apache/openjpa/ee/RegistryManagedRuntime.java,82.0,13.0,4.0,5.0,5.0,12.0,7.0,mikedd@13f79535-47bb-0310-9956-ffa450edef68,2,0.0011086474501108647,40.0,20.0,0.0,0.0,2635.5879618301933,38469.98673586658,2,0,1.826776467225736,false
openjpa-kernel/src/main/java/org/apache/openjpa/ee/SunOneManagedRuntime.java,23.0,2.0,4.0,4.0,6.0,11.0,671.0,joes@13f79535-47bb-0310-9956-ffa450edef68,2,0.0011086474501108647,100.0,0.0,0.0,50.0,17861.28848125948,4597417.907416073,2,0,3.213070828345626,false
openjpa-kernel/src/main/java/org/apache/openjpa/ee/WASManagedRuntime.java,224.0,24.0,19.0,7.0,21.0,19.0,358.0,mikedd@13f79535-47bb-0310-9956-ffa450edef68,3,0.0016629711751662971,67.0,0.0,0.0,17.0,21701.835243849408,4733150.991578496,3,0,1.7904809647646116,false
openjpa-kernel/src/main/java/org/apache/openjpa/ee/WLSManagedRuntime.java,35.0,3.0,4.0,4.0,14.0,13.0,671.0,joes@13f79535-47bb-0310-9956-ffa450edef68,2,0.0011086474501108647,100.0,0.0,0.0,50.0,17861.28848125948,4597417.907416073,2,0,3.213070828345626,false
openjpa-kernel/src/main/java/org/apache/openjpa/enhance/ApplicationIdTool.java,894.0,43.0,745.0,47.0,363.0,201.0,387.0,null,4,0.0022172949002217295,27.0,0.0,7.0,7.0,20423.68043453657,4634822.772688423,4,0,1.644716842132932,false
openjpa-kernel/src/main/java/org/apache/openjpa/enhance/DynamicStorageGenerator.java,374.0,17.0,247.0,23.0,163.0,77.0,387.0,mikedd@13f79535-47bb-0310-9956-ffa450edef68,4,0.0022172949002217295,67.0,0.0,17.0,17.0,20423.68043453657,4634822.772688423,4,0,1.644716842132932,false
openjpa-kernel/src/main/java/org/apache/openjpa/enhance/PCEnhancer.java,2362.0,75.0,1576.0,96.0,1188.0,412.0,136.0,null,6,0.0033259423503325942,18.0,2.0,3.0,2.0,24400.893863793168,4770702.556051856,6,0,0.48655262865446036,true
openjpa-kernel/src/main/java/org/apache/openjpa/enhance/PCRegistry.java,164.0,9.0,90.0,16.0,35.0,49.0,667.0,null,2,0.0011086474501108647,18.0,0.0,0.0,9.0,17156.745295548688,4586298.075363196,2,0,3.146305132033365,false
openjpa-kernel/src/main/java/org/apache/openjpa/enhance/Reflection.java,483.0,11.0,934.0,44.0,134.0,169.0,323.0,null,5,0.002771618625277162,31.0,6.0,6.0,6.0,24264.2271971265,4770555.856850847,5,0,0.999707366269964,true
openjpa-kernel/src/main/java/org/apache/openjpa/event/BeanLifecycleCallbacks.java,46.0,9.0,3.0,6.0,16.0,17.0,387.0,null,4,0.0022172949002217295,67.0,0.0,17.0,17.0,20423.68043453657,4634822.772688423,4,0,1.644716842132932,true
openjpa-kernel/src/main/java/org/apache/openjpa/event/BrokerFactoryEvent.java,21.0,2.0,1.0,3.0,1.0,5.0,70.0,pcl@13f79535-47bb-0310-9956-ffa450edef68,1,5.543237250554324E-4,67.0,33.0,0.0,33.0,3840.5467625899278,135733.0841624238,1,0,0.9216815805090316,false
openjpa-kernel/src/main/java/org/apache/openjpa/event/BrokerFactoryEventManager.java,20.0,4.0,0.0,2.0,4.0,3.0,70.0,pcl@13f79535-47bb-0310-9956-ffa450edef68,1,5.543237250554324E-4,67.0,33.0,0.0,33.0,3840.5467625899278,135733.0841624238,1,0,0.9216815805090316,false
openjpa-kernel/src/main/java/org/apache/openjpa/event/BrokerFactoryListener.java,10.0,0.0,0.0,1.0,0.0,1.0,48.0,pcl@13f79535-47bb-0310-9956-ffa450edef68,1,5.543237250554324E-4,75.0,50.0,0.0,25.0,3840.5467625899278,135733.0841624238,1,0,0.9216815805090316,false
openjpa-kernel/src/main/java/org/apache/openjpa/event/JMSRemoteCommitProvider.java,162.0,22.0,28.0,13.0,62.0,46.0,1332.0,pcl@13f79535-47bb-0310-9956-ffa450edef68,1,5.543237250554324E-4,25.0,0.0,0.0,25.0,16191.222907488987,4572622.998021701,1,0,5.225746673713201,false
openjpa-kernel/src/main/java/org/apache/openjpa/event/MethodLifecycleCallbacks.java,87.0,10.0,3.0,11.0,23.0,32.0,387.0,null,4,0.0022172949002217295,80.0,0.0,20.0,20.0,20423.68043453657,4634822.772688423,4,0,1.644716842132932,true
openjpa-kernel/src/main/java/org/apache/openjpa/event/RemoteCommitEventManager.java,156.0,13.0,105.0,18.0,40.0,41.0,367.0,pcl@13f79535-47bb-0310-9956-ffa450edef68,2,0.0011086474501108647,67.0,33.0,33.0,33.0,20031.769670078917,4708356.082184125,2,0,1.4353627091912655,false
openjpa-kernel/src/main/java/org/apache/openjpa/event/TCPRemoteCommitProvider.java,608.0,33.0,54.0,16.0,69.0,47.0,681.0,mikedd@13f79535-47bb-0310-9956-ffa450edef68,2,0.0011086474501108647,40.0,0.0,0.0,20.0,17156.745295548688,4586298.075363196,2,0,3.146305132033365,false
openjpa-kernel/src/main/java/org/apache/openjpa/kernel/AbstractBrokerFactory.java,448.0,33.0,418.0,37.0,190.0,114.0,216.0,null,3,0.0016629711751662971,10.0,4.0,1.0,1.0,21701.835243849408,4733150.991578496,3,0,1.0565646351653528,true
openjpa-kernel/src/main/java/org/apache/openjpa/kernel/AttachManager.java,217.0,20.0,69.0,18.0,59.0,63.0,698.0,null,2,0.0011086474501108647,20.0,10.0,0.0,10.0,20031.769670078917,4708356.082184125,2,0,2.3805669465511707,false
openjpa-kernel/src/main/java/org/apache/openjpa/kernel/Broker.java,456.0,12.0,4950.0,100.0,0.0,166.0,731.0,ppoddar@13f79535-47bb-0310-9956-ffa450edef68,2,0.0011086474501108647,18.0,9.0,0.0,18.0,20031.769670078917,4708356.082184125,2,0,2.3805669465511707,false
openjpa-kernel/src/main/java/org/apache/openjpa/kernel/BrokerImpl.java,3502.0,73.0,21930.0,233.0,1079.0,802.0,246.0,null,5,0.002771618625277162,7.0,3.0,2.0,2.0,24148.7048090668,4764530.189150915,5,0,0.5401137197008412,true
openjpa-kernel/src/main/java/org/apache/openjpa/kernel/DelegatingBroker.java,1330.0,15.0,0.0,168.0,324.0,588.0,731.0,ppoddar@13f79535-47bb-0310-9956-ffa450edef68,2,0.0011086474501108647,11.0,5.0,0.0,11.0,20031.769670078917,4708356.082184125,2,0,2.3805669465511707,false
openjpa-kernel/src/main/java/org/apache/openjpa/kernel/DelegatingFetchConfiguration.java,431.0,6.0,0.0,52.0,96.0,192.0,731.0,null,2,0.0011086474501108647,13.0,7.0,0.0,13.0,20031.769670078917,4708356.082184125,2,0,2.3805669465511707,false
openjpa-kernel/src/main/java/org/apache/openjpa/kernel/DetachedStateAttachStrategy.java,94.0,9.0,3.0,3.0,43.0,15.0,698.0,pcl@13f79535-47bb-0310-9956-ffa450edef68,2,0.0011086474501108647,33.0,17.0,0.0,17.0,20031.769670078917,4708356.082184125,2,0,2.3805669465511707,false
openjpa-kernel/src/main/java/org/apache/openjpa/kernel/DetachedStateManager.java,657.0,17.0,6918.0,121.0,154.0,252.0,698.0,null,2,0.0011086474501108647,12.0,6.0,0.0,6.0,20031.769670078917,4708356.082184125,2,0,2.3805669465511707,false
openjpa-kernel/src/main/java/org/apache/openjpa/kernel/DetachedValueStateManager.java,407.0,13.0,6863.0,118.0,39.0,234.0,698.0,null,2,0.0011086474501108647,17.0,8.0,0.0,8.0,20031.769670078917,4708356.082184125,2,0,2.3805669465511707,false
openjpa-kernel/src/main/java/org/apache/openjpa/kernel/ExpressionStoreQuery.java,434.0,34.0,164.0,20.0,17.0,52.0,667.0,ppoddar@13f79535-47bb-0310-9956-ffa450edef68,2,0.0011086474501108647,10.0,0.0,0.0,5.0,20031.769670078917,4708356.082184125,2,0,2.3805669465511707,false
openjpa-kernel/src/main/java/org/apache/openjpa/kernel/FetchConfiguration.java,222.0,6.0,990.0,45.0,0.0,81.0,731.0,null,2,0.0011086474501108647,11.0,6.0,0.0,11.0,20031.769670078917,4708356.082184125,2,0,2.3805669465511707,false
openjpa-kernel/src/main/java/org/apache/openjpa/kernel/FetchConfigurationImpl.java,479.0,28.0,14.0,64.0,159.0,189.0,731.0,ppoddar@13f79535-47bb-0310-9956-ffa450edef68,2,0.0011086474501108647,5.0,3.0,0.0,5.0,20031.769670078917,4708356.082184125,2,0,2.3805669465511707,false
openjpa-kernel/src/main/java/org/apache/openjpa/kernel/LocalManagedRuntime.java,124.0,13.0,90.0,17.0,18.0,41.0,671.0,joes@13f79535-47bb-0310-9956-ffa450edef68,2,0.0011086474501108647,100.0,0.0,0.0,50.0,17861.28848125948,4597417.907416073,2,0,3.213070828345626,false
openjpa-kernel/src/main/java/org/apache/openjpa/kernel/ObjectIdStateManager.java,511.0,17.0,9553.0,139.0,96.0,267.0,396.0,null,4,0.0022172949002217295,31.0,8.0,8.0,8.0,23298.7048090668,4756880.779509352,4,0,1.261847749391835,false
openjpa-kernel/src/main/java/org/apache/openjpa/kernel/QueryImpl.java,1505.0,44.0,3538.0,104.0,474.0,316.0,383.0,ppoddar@13f79535-47bb-0310-9956-ffa450edef68,4,0.0022172949002217295,10.0,2.0,2.0,2.0,23298.7048090668,4756880.779509352,4,0,1.261847749391835,false
openjpa-kernel/src/main/java/org/apache/openjpa/kernel/SaveFieldManager.java,116.0,8.0,0.0,7.0,37.0,23.0,466.0,pcl@13f79535-47bb-0310-9956-ffa450edef68,2,0.0011086474501108647,43.0,14.0,14.0,14.0,20031.769670078917,4708356.082184125,2,0,1.7198557766156082,false
openjpa-kernel/src/main/java/org/apache/openjpa/kernel/SingleFieldManager.java,571.0,22.0,265.0,35.0,211.0,126.0,666.0,null,2,0.0011086474501108647,8.0,0.0,0.0,8.0,16191.222907488987,4572622.998021701,2,0,4.532599493153255,true
openjpa-kernel/src/main/java/org/apache/openjpa/kernel/StateManagerImpl.java,2083.0,30.0,10081.0,207.0,969.0,607.0,352.0,null,3,0.0016629711751662971,5.0,2.0,1.0,1.0,20997.292058138617,4722031.15952562,3,0,1.3408461757112533,true
openjpa-kernel/src/main/java/org/apache/openjpa/kernel/StoreContext.java,264.0,5.0,1485.0,55.0,0.0,90.0,487.0,null,2,0.0011086474501108647,20.0,7.0,7.0,20.0,20031.769670078917,4708356.082184125,2,0,1.7198557766156082,false
openjpa-kernel/src/main/java/org/apache/openjpa/kernel/StoreManager.java,177.0,7.0,435.0,30.0,0.0,87.0,698.0,ppoddar@13f79535-47bb-0310-9956-ffa450edef68,2,0.0011086474501108647,33.0,17.0,0.0,17.0,20031.769670078917,4708356.082184125,2,0,2.3805669465511707,false
openjpa-kernel/src/main/java/org/apache/openjpa/kernel/VersionAttachStrategy.java,200.0,13.0,36.0,9.0,90.0,45.0,698.0,pcl@13f79535-47bb-0310-9956-ffa450edef68,2,0.0011086474501108647,15.0,8.0,0.0,8.0,20031.769670078917,4708356.082184125,2,0,2.3805669465511707,false
openjpa-kernel/src/main/java/org/apache/openjpa/kernel/exps/AbstractExpressionBuilder.java,342.0,18.0,271.0,26.0,100.0,89.0,456.0,null,2,0.0011086474501108647,16.0,0.0,0.0,11.0,17041.222907488987,4580272.407663264,2,0,2.2190004644254455,true
openjpa-kernel/src/main/java/org/apache/openjpa/kernel/exps/CandidatePath.java,111.0,12.0,24.0,12.0,25.0,30.0,358.0,null,3,0.0016629711751662971,40.0,10.0,0.0,20.0,20881.769670078917,4716005.491825688,3,0,1.332335598827534,false
openjpa-kernel/src/main/java/org/apache/openjpa/kernel/exps/Expression.java,10.0,0.0,0.0,1.0,0.0,1.0,1332.0,pcl@13f79535-47bb-0310-9956-ffa450edef68,1,5.543237250554324E-4,50.0,0.0,0.0,50.0,16191.222907488987,4572622.998021701,1,0,5.225746673713201,false
openjpa-kernel/src/main/java/org/apache/openjpa/kernel/exps/Path.java,32.0,2.0,10.0,5.0,0.0,8.0,456.0,wisneskid@13f79535-47bb-0310-9956-ffa450edef68,2,0.0011086474501108647,50.0,0.0,0.0,33.0,17041.222907488987,4580272.407663264,2,0,2.2190004644254455,true
openjpa-kernel/src/main/java/org/apache/openjpa/kernel/exps/QueryExpressions.java,76.0,8.0,1.0,2.0,3.0,5.0,1332.0,ppoddar@13f79535-47bb-0310-9956-ffa450edef68,1,5.543237250554324E-4,5.0,0.0,0.0,5.0,16191.222907488987,4572622.998021701,1,0,5.225746673713201,true
openjpa-kernel/src/main/java/org/apache/openjpa/kernel/exps/Value.java,38.0,1.0,28.0,8.0,0.0,14.0,895.0,fancy@13f79535-47bb-0310-9956-ffa450edef68,2,0.0011086474501108647,33.0,0.0,0.0,17.0,17041.222907488987,4580272.407663264,2,0,2.754925462408549,false
openjpa-kernel/src/main/java/org/apache/openjpa/kernel/jpql/JPQLExpressionBuilder.java,1009.0,34.0,2248.0,68.0,350.0,237.0,481.0,null,3,0.0016629711751662971,4.0,0.0,0.0,1.0,18711.28848125948,4605067.317057636,3,0,2.0623325880102,false
openjpa-kernel/src/main/java/org/apache/openjpa/kernel/jpql/JPQLParser.java,34.0,9.0,8.0,5.0,8.0,15.0,1332.0,null,1,5.543237250554324E-4,20.0,0.0,0.0,20.0,16191.222907488987,4572622.998021701,1,0,5.225746673713201,false
openjpa-kernel/src/main/java/org/apache/openjpa/meta/AbstractCFMetaDataFactory.java,569.0,36.0,548.0,36.0,177.0,108.0,312.0,null,4,0.0022172949002217295,21.0,0.0,4.0,4.0,20423.68043453657,4634822.772688423,4,0,1.4643200911374818,false
openjpa-kernel/src/main/java/org/apache/openjpa/meta/ClassMetaData.java,1585.0,43.0,6780.0,133.0,476.0,430.0,267.0,null,5,0.002771618625277162,10.0,2.0,2.0,2.0,23435.371475733467,4757027.478710361,5,0,0.9049706821608972,true
openjpa-kernel/src/main/java/org/apache/openjpa/meta/DelegatingMetaDataFactory.java,72.0,5.0,0.0,18.0,16.0,28.0,672.0,curtisr7@13f79535-47bb-0310-9956-ffa450edef68,2,0.0011086474501108647,29.0,0.0,0.0,29.0,17041.222907488987,4580272.407663264,2,0,2.754925462408549,false
openjpa-kernel/src/main/java/org/apache/openjpa/meta/FetchGroup.java,229.0,11.0,0.0,19.0,59.0,62.0,931.0,mikedd@13f79535-47bb-0310-9956-ffa450edef68,1,5.543237250554324E-4,12.0,0.0,0.0,12.0,16191.222907488987,4572622.998021701,1,0,5.225746673713201,false
openjpa-kernel/src/main/java/org/apache/openjpa/meta/FieldMetaData.java,1353.0,44.0,7481.0,139.0,310.0,388.0,201.0,null,5,0.002771618625277162,16.0,4.0,4.0,2.0,24264.2271971265,4770555.856850847,5,0,0.5992674114938308,true
openjpa-kernel/src/main/java/org/apache/openjpa/meta/InMemoryRelatedFieldOrder.java,37.0,3.0,0.0,5.0,5.0,10.0,698.0,pcl@13f79535-47bb-0310-9956-ffa450edef68,2,0.0011086474501108647,100.0,50.0,0.0,50.0,20031.769670078917,4708356.082184125,2,0,2.3805669465511707,false
openjpa-kernel/src/main/java/org/apache/openjpa/meta/InMemoryValueOrder.java,55.0,4.0,9.0,6.0,8.0,14.0,698.0,pcl@13f79535-47bb-0310-9956-ffa450edef68,2,0.0011086474501108647,100.0,50.0,0.0,50.0,20031.769670078917,4708356.082184125,2,0,2.3805669465511707,false
openjpa-kernel/src/main/java/org/apache/openjpa/meta/InterfaceImplGenerator.java,137.0,20.0,13.0,7.0,75.0,27.0,387.0,mikedd@13f79535-47bb-0310-9956-ffa450edef68,4,0.0022172949002217295,57.0,0.0,14.0,14.0,20423.68043453657,4634822.772688423,4,0,1.644716842132932,false
openjpa-kernel/src/main/java/org/apache/openjpa/meta/JavaTypes.java,276.0,21.0,58.0,12.0,56.0,42.0,1332.0,null,1,5.543237250554324E-4,6.0,0.0,0.0,6.0,16191.222907488987,4572622.998021701,1,0,5.225746673713201,true
openjpa-kernel/src/main/java/org/apache/openjpa/meta/MetaDataFactory.java,77.0,5.0,105.0,15.0,0.0,31.0,672.0,ppoddar@13f79535-47bb-0310-9956-ffa450edef68,2,0.0011086474501108647,25.0,0.0,0.0,25.0,17041.222907488987,4580272.407663264,2,0,2.754925462408549,false
openjpa-kernel/src/main/java/org/apache/openjpa/meta/MetaDataModes.java,13.0,0.0,0.0,0.0,0.0,0.0,672.0,mprudhom@13f79535-47bb-0310-9956-ffa450edef68,2,0.0011086474501108647,67.0,0.0,0.0,33.0,17788.09247270638,4596352.785952557,2,0,2.8489515781600185,false
openjpa-kernel/src/main/java/org/apache/openjpa/meta/MetaDataRepository.java,1195.0,30.0,3642.0,96.0,350.0,335.0,206.0,null,5,0.002771618625277162,14.0,2.0,2.0,5.0,24148.7048090668,4764530.189150915,5,0,0.5715055941141036,true
openjpa-kernel/src/main/java/org/apache/openjpa/meta/NoneMetaDataFactory.java,76.0,6.0,325.0,26.0,0.0,43.0,672.0,null,2,0.0011086474501108647,12.0,0.0,0.0,12.0,17041.222907488987,4580272.407663264,2,0,2.754925462408549,false
openjpa-kernel/src/main/java/org/apache/openjpa/meta/XMLFieldMetaData.java,66.0,1.0,110.0,17.0,3.0,29.0,6.0,wisneskid@13f79535-47bb-0310-9956-ffa450edef68,1,5.543237250554324E-4,100.0,0.0,0.0,100.0,850.0,7649.409641562793,1,0,1.6703986122237875,false
openjpa-kernel/src/main/java/org/apache/openjpa/meta/XMLMapping.java,81.0,1.0,105.0,15.0,0.0,21.0,17.0,wisneskid@13f79535-47bb-0310-9956-ffa450edef68,1,5.543237250554324E-4,100.0,0.0,33.0,33.0,850.0,7649.409641562793,1,0,1.6703986122237875,false
openjpa-kernel/src/main/java/org/apache/openjpa/util/AbstractChangeTracker.java,154.0,6.0,143.0,22.0,18.0,49.0,676.0,struberg@13f79535-47bb-0310-9956-ffa450edef68,2,0.0011086474501108647,67.0,0.0,0.0,33.0,20031.769670078917,4708356.082184125,2,0,2.3805669465511707,false
openjpa-kernel/src/main/java/org/apache/openjpa/util/ApplicationIds.java,352.0,19.0,36.0,9.0,123.0,48.0,308.0,null,5,0.002771618625277162,22.0,4.0,4.0,4.0,24264.2271971265,4770555.856850847,5,0,0.999707366269964,false
openjpa-kernel/src/main/java/org/apache/openjpa/util/ClassResolverImpl.java,21.0,3.0,0.0,1.0,5.0,4.0,387.0,mikedd@13f79535-47bb-0310-9956-ffa450edef68,4,0.0022172949002217295,67.0,0.0,17.0,17.0,20423.68043453657,4634822.772688423,4,0,1.644716842132932,false
openjpa-kernel/src/main/java/org/apache/openjpa/util/Exceptions.java,132.0,11.0,45.0,10.0,37.0,43.0,301.0,null,4,0.0022172949002217295,45.0,9.0,9.0,9.0,23298.7048090668,4756880.779509352,4,0,0.9706709643010645,false
openjpa-kernel/src/main/java/org/apache/openjpa/util/ImplHelper.java,137.0,23.0,45.0,10.0,44.0,37.0,284.0,pcl@13f79535-47bb-0310-9956-ffa450edef68,3,0.0016629711751662971,29.0,12.0,6.0,6.0,20997.292058138617,4722031.15952562,3,0,1.1385193341095086,false
openjpa-kernel/src/main/java/org/apache/openjpa/util/MultiLoaderClassResolver.java,18.0,1.0,0.0,4.0,2.0,7.0,681.0,kwsutter@13f79535-47bb-0310-9956-ffa450edef68,2,0.0011086474501108647,67.0,0.0,0.0,33.0,17156.745295548688,4586298.075363196,2,0,3.146305132033365,false
openjpa-kernel/src/main/java/org/apache/openjpa/util/OpenJPAId.java,86.0,3.0,30.0,13.0,13.0,28.0,667.0,curtisr7@13f79535-47bb-0310-9956-ffa450edef68,2,0.0011086474501108647,17.0,0.0,0.0,8.0,17041.222907488987,4580272.407663264,2,0,2.754925462408549,false
openjpa-kernel/src/main/java/org/apache/openjpa/util/ProxyManagerImpl.java,1170.0,44.0,1865.0,63.0,519.0,226.0,272.0,null,5,0.002771618625277162,25.0,4.0,4.0,4.0,24264.2271971265,4770555.856850847,5,0,0.7671909199634857,true
openjpa-kernel/src/main/java/org/apache/openjpa/util/Serialization.java,115.0,16.0,3.0,3.0,5.0,11.0,387.0,null,4,0.0022172949002217295,50.0,0.0,12.0,12.0,20423.68043453657,4634822.772688423,4,0,1.644716842132932,false
openjpa-kernel/src/test/java/org/apache/openjpa/util/TestProxyManager.java,662.0,29.0,364.0,60.0,216.0,94.0,666.0,curtisr7@13f79535-47bb-0310-9956-ffa450edef68,2,0.0011086474501108647,29.0,14.0,0.0,14.0,17788.09247270638,4596352.785952557,2,0,2.8489515781600185,true
openjpa-lib/src/main/java/org/apache/openjpa/lib/ant/AbstractTask.java,109.0,17.0,79.0,14.0,33.0,35.0,387.0,null,4,0.0022172949002217295,40.0,0.0,10.0,10.0,20423.68043453657,4634822.772688423,4,0,1.644716842132932,false
openjpa-lib/src/main/java/org/apache/openjpa/lib/conf/BooleanValue.java,38.0,0.0,15.0,7.0,8.0,13.0,1332.0,ppoddar@13f79535-47bb-0310-9956-ffa450edef68,1,5.543237250554324E-4,17.0,0.0,0.0,17.0,16191.222907488987,4572622.998021701,1,0,5.225746673713201,false
openjpa-lib/src/main/java/org/apache/openjpa/lib/conf/Configuration.java,129.0,8.0,253.0,23.0,0.0,39.0,452.0,ppoddar@13f79535-47bb-0310-9956-ffa450edef68,3,0.0016629711751662971,25.0,8.0,0.0,8.0,20168.436336745584,4708502.781385134,3,0,2.0438093042919303,false
openjpa-lib/src/main/java/org/apache/openjpa/lib/conf/ConfigurationImpl.java,603.0,46.0,1618.0,61.0,222.0,181.0,311.0,ppoddar@13f79535-47bb-0310-9956-ffa450edef68,5,0.002771618625277162,14.0,3.0,3.0,3.0,20560.34710120324,4634969.4718894325,5,0,1.4713383550997352,false
openjpa-lib/src/main/java/org/apache/openjpa/lib/conf/Configurations.java,377.0,24.0,201.0,22.0,122.0,94.0,387.0,null,4,0.0022172949002217295,13.0,0.0,3.0,3.0,20423.68043453657,4634822.772688423,4,0,1.644716842132932,false
openjpa-lib/src/main/java/org/apache/openjpa/lib/conf/DoubleValue.java,38.0,1.0,15.0,7.0,7.0,15.0,1332.0,ppoddar@13f79535-47bb-0310-9956-ffa450edef68,1,5.543237250554324E-4,17.0,0.0,0.0,17.0,16191.222907488987,4572622.998021701,1,0,5.225746673713201,false
openjpa-lib/src/main/java/org/apache/openjpa/lib/conf/FileValue.java,36.0,4.0,15.0,7.0,6.0,11.0,506.0,mikedd@13f79535-47bb-0310-9956-ffa450edef68,3,0.0016629711751662971,38.0,0.0,12.0,12.0,19458.15804647687,4621147.695346928,3,0,2.125016665177847,false
openjpa-lib/src/main/java/org/apache/openjpa/lib/conf/IntValue.java,38.0,1.0,15.0,7.0,7.0,15.0,1332.0,ppoddar@13f79535-47bb-0310-9956-ffa450edef68,1,5.543237250554324E-4,17.0,0.0,0.0,17.0,16191.222907488987,4572622.998021701,1,0,5.225746673713201,false
openjpa-lib/src/main/java/org/apache/openjpa/lib/conf/ObjectValue.java,80.0,6.0,64.0,12.0,16.0,25.0,506.0,mikedd@13f79535-47bb-0310-9956-ffa450edef68,3,0.0016629711751662971,25.0,0.0,8.0,8.0,19458.15804647687,4621147.695346928,3,0,2.125016665177847,false
openjpa-lib/src/main/java/org/apache/openjpa/lib/conf/PluginListValue.java,145.0,4.0,16.0,12.0,31.0,35.0,1332.0,ppoddar@13f79535-47bb-0310-9956-ffa450edef68,1,5.543237250554324E-4,17.0,0.0,0.0,17.0,16191.222907488987,4572622.998021701,1,0,5.225746673713201,false
openjpa-lib/src/main/java/org/apache/openjpa/lib/conf/PluginValue.java,91.0,2.0,11.0,14.0,24.0,28.0,1332.0,null,1,5.543237250554324E-4,11.0,0.0,0.0,11.0,16191.222907488987,4572622.998021701,1,0,5.225746673713201,false
openjpa-lib/src/main/java/org/apache/openjpa/lib/conf/ProductDerivations.java,258.0,13.0,56.0,16.0,47.0,64.0,304.0,null,4,0.0022172949002217295,19.0,4.0,12.0,4.0,19594.82471314354,4621294.394547937,4,0,1.9139329419606068,false
openjpa-lib/src/main/java/org/apache/openjpa/lib/conf/StringListValue.java,73.0,6.0,30.0,9.0,19.0,21.0,1332.0,ppoddar@13f79535-47bb-0310-9956-ffa450edef68,1,5.543237250554324E-4,17.0,0.0,0.0,17.0,16191.222907488987,4572622.998021701,1,0,5.225746673713201,false
openjpa-lib/src/main/java/org/apache/openjpa/lib/conf/StringValue.java,36.0,1.0,19.0,7.0,5.0,11.0,1332.0,ppoddar@13f79535-47bb-0310-9956-ffa450edef68,1,5.543237250554324E-4,17.0,0.0,0.0,17.0,16191.222907488987,4572622.998021701,1,0,5.225746673713201,false
openjpa-lib/src/main/java/org/apache/openjpa/lib/conf/Value.java,262.0,5.0,471.0,35.0,29.0,86.0,895.0,ppoddar@13f79535-47bb-0310-9956-ffa450edef68,1,5.543237250554324E-4,9.0,0.0,0.0,9.0,16191.222907488987,4572622.998021701,1,0,5.225746673713201,false
openjpa-lib/src/main/java/org/apache/openjpa/lib/graph/DepthFirstAnalysis.java,231.0,12.0,39.0,11.0,54.0,40.0,9.0,mikedd@13f79535-47bb-0310-9956-ffa450edef68,3,0.0016629711751662971,43.0,0.0,0.0,0.0,4936.735817316296,149526.16298523507,3,0,1.0358415874517015,false
openjpa-lib/src/main/java/org/apache/openjpa/lib/graph/Edge.java,160.0,1.0,134.0,20.0,4.0,42.0,9.0,mikedd@13f79535-47bb-0310-9956-ffa450edef68,3,0.0016629711751662971,43.0,0.0,0.0,0.0,4936.735817316296,149526.16298523507,3,0,1.0358415874517015,false
openjpa-lib/src/main/java/org/apache/openjpa/lib/graph/Graph.java,137.0,7.0,0.0,12.0,50.0,38.0,7.0,mikedd@13f79535-47bb-0310-9956-ffa450edef68,2,0.0011086474501108647,40.0,0.0,0.0,0.0,4806.06915064963,149408.16150391928,2,0,0.9942725854312805,false
openjpa-lib/src/main/java/org/apache/openjpa/lib/jdbc/DelegatingConnection.java,361.0,15.0,631.0,59.0,117.0,195.0,1332.0,null,1,5.543237250554324E-4,9.0,0.0,0.0,9.0,16191.222907488987,4572622.998021701,1,0,5.225746673713201,false
openjpa-lib/src/main/java/org/apache/openjpa/lib/jdbc/DelegatingResultSet.java,461.0,19.0,0.0,146.0,137.0,375.0,1332.0,null,1,5.543237250554324E-4,11.0,0.0,0.0,11.0,16191.222907488987,4572622.998021701,1,0,5.225746673713201,false
openjpa-lib/src/main/java/org/apache/openjpa/lib/log/Log4JLogFactory.java,66.0,3.0,0.0,1.0,1.0,2.0,1332.0,clr@13f79535-47bb-0310-9956-ffa450edef68,1,5.543237250554324E-4,33.0,0.0,0.0,33.0,16191.222907488987,4572622.998021701,1,0,5.225746673713201,false
openjpa-lib/src/main/java/org/apache/openjpa/lib/meta/ClassAnnotationMetaDataFilter.java,131.0,2.0,15.0,7.0,25.0,25.0,1332.0,struberg@13f79535-47bb-0310-9956-ffa450edef68,1,5.543237250554324E-4,25.0,0.0,0.0,25.0,16191.222907488987,4572622.998021701,1,0,5.225746673713201,false
openjpa-lib/src/main/java/org/apache/openjpa/lib/meta/ClassMetaDataIterator.java,111.0,15.0,7.0,7.0,39.0,27.0,387.0,mikedd@13f79535-47bb-0310-9956-ffa450edef68,4,0.0022172949002217295,40.0,0.0,10.0,10.0,20423.68043453657,4634822.772688423,4,0,1.644716842132932,false
openjpa-lib/src/main/java/org/apache/openjpa/lib/meta/ClasspathMetaDataIterator.java,35.0,7.0,3.0,3.0,10.0,12.0,387.0,mikedd@13f79535-47bb-0310-9956-ffa450edef68,4,0.0022172949002217295,57.0,0.0,14.0,14.0,20423.68043453657,4634822.772688423,4,0,1.644716842132932,false
openjpa-lib/src/main/java/org/apache/openjpa/lib/meta/FileMetaDataIterator.java,111.0,15.0,10.0,8.0,19.0,28.0,387.0,mikedd@13f79535-47bb-0310-9956-ffa450edef68,4,0.0022172949002217295,50.0,0.0,12.0,12.0,20423.68043453657,4634822.772688423,4,0,1.644716842132932,false
openjpa-lib/src/main/java/org/apache/openjpa/lib/meta/ResourceMetaDataIterator.java,60.0,13.0,1.0,7.0,24.0,24.0,387.0,mikedd@13f79535-47bb-0310-9956-ffa450edef68,4,0.0022172949002217295,44.0,0.0,11.0,11.0,20423.68043453657,4634822.772688423,4,0,1.644716842132932,false
openjpa-lib/src/main/java/org/apache/openjpa/lib/meta/XMLMetaDataParser.java,445.0,32.0,1647.0,63.0,91.0,167.0,387.0,null,4,0.0022172949002217295,22.0,0.0,6.0,6.0,20423.68043453657,4634822.772688423,4,0,1.644716842132932,false
openjpa-lib/src/main/java/org/apache/openjpa/lib/util/J2DoPrivHelper.java,376.0,12.0,1653.0,58.0,54.0,167.0,70.0,null,4,0.0022172949002217295,14.0,4.0,4.0,0.0,8073.004289637513,197932.85882914616,4,0,0.5687005688318898,true
openjpa-lib/src/main/java/org/apache/openjpa/lib/util/MultiClassLoader.java,184.0,9.0,0.0,19.0,54.0,58.0,506.0,null,3,0.0016629711751662971,33.0,0.0,11.0,11.0,19458.15804647687,4621147.695346928,3,0,2.125016665177847,true
openjpa-lib/src/main/java/org/apache/openjpa/lib/util/UUIDGenerator.java,116.0,5.0,13.0,6.0,10.0,18.0,477.0,mikedd@13f79535-47bb-0310-9956-ffa450edef68,3,0.0016629711751662971,33.0,0.0,22.0,11.0,21628.63923529631,4732085.87011498,3,0,1.5700140773148772,true
openjpa-lib/src/main/java/org/apache/openjpa/lib/util/concurrent/ConcurrentReferenceHashMap.java,726.0,12.0,454.0,49.0,106.0,147.0,698.0,pcl@13f79535-47bb-0310-9956-ffa450edef68,2,0.0011086474501108647,100.0,50.0,0.0,50.0,20031.769670078917,4708356.082184125,2,0,2.3805669465511707,false
openjpa-lib/src/test/java/org/apache/openjpa/lib/conf/TestValue.java,25.0,1.0,0.0,1.0,4.0,1.0,679.0,ppoddar@13f79535-47bb-0310-9956-ffa450edef68,2,0.0011086474501108647,33.0,17.0,17.0,17.0,17788.09247270638,4596352.785952557,2,0,2.8489515781600185,false
openjpa-lib/src/test/java/org/apache/openjpa/lib/conf/test/TestConfigurationImpl.java,244.0,7.0,10.0,12.0,85.0,22.0,1332.0,curtisr7@13f79535-47bb-0310-9956-ffa450edef68,1,5.543237250554324E-4,25.0,0.0,0.0,25.0,16191.222907488987,4572622.998021701,1,0,5.225746673713201,false
openjpa-lib/src/test/java/org/apache/openjpa/lib/graph/TestDepthFirstAnalysis.java,115.0,4.0,0.0,8.0,46.0,15.0,9.0,mikedd@13f79535-47bb-0310-9956-ffa450edef68,3,0.0016629711751662971,60.0,0.0,0.0,0.0,4936.735817316296,149526.16298523507,3,0,1.0358415874517015,false
openjpa-lib/src/test/java/org/apache/openjpa/lib/util/TestUUIDGenerator.java,14.0,3.0,1.0,2.0,6.0,4.0,667.0,mikedd@13f79535-47bb-0310-9956-ffa450edef68,2,0.0011086474501108647,40.0,0.0,20.0,20.0,20031.769670078917,4708356.082184125,2,0,2.3805669465511707,false
openjpa-persistence-jdbc/src/main/java/org/apache/openjpa/persistence/jdbc/AnnotationPersistenceMappingParser.java,963.0,63.0,1010.0,53.0,478.0,199.0,155.0,null,6,0.0033259423503325942,17.0,4.0,0.0,6.0,25114.2271971265,4778205.26649241,6,0,0.4754173811009521,true
openjpa-persistence-jdbc/src/main/java/org/apache/openjpa/persistence/jdbc/ClassCriteria.java,0.0,0.0,0.0,0.0,0.0,0.0,731.0,pcl@13f79535-47bb-0310-9956-ffa450edef68,2,0.0011086474501108647,100.0,50.0,0.0,100.0,20031.769670078917,4708356.082184125,2,0,2.3805669465511707,false
openjpa-persistence-jdbc/src/main/java/org/apache/openjpa/persistence/jdbc/Columns.java,0.0,0.0,0.0,0.0,0.0,0.0,731.0,pcl@13f79535-47bb-0310-9956-ffa450edef68,2,0.0011086474501108647,100.0,50.0,0.0,100.0,20031.769670078917,4708356.082184125,2,0,2.3805669465511707,false
openjpa-persistence-jdbc/src/main/java/org/apache/openjpa/persistence/jdbc/ContainerTable.java,0.0,0.0,0.0,0.0,0.0,0.0,731.0,pcl@13f79535-47bb-0310-9956-ffa450edef68,2,0.0011086474501108647,100.0,50.0,0.0,100.0,20031.769670078917,4708356.082184125,2,0,2.3805669465511707,false
openjpa-persistence-jdbc/src/main/java/org/apache/openjpa/persistence/jdbc/DataStoreIdColumn.java,0.0,0.0,0.0,0.0,0.0,0.0,731.0,pcl@13f79535-47bb-0310-9956-ffa450edef68,2,0.0011086474501108647,100.0,50.0,0.0,100.0,20031.769670078917,4708356.082184125,2,0,2.3805669465511707,false
openjpa-persistence-jdbc/src/main/java/org/apache/openjpa/persistence/jdbc/DiscriminatorStrategy.java,0.0,0.0,0.0,0.0,0.0,0.0,931.0,pcl@13f79535-47bb-0310-9956-ffa450edef68,2,0.0011086474501108647,100.0,50.0,0.0,100.0,20031.769670078917,4708356.082184125,2,0,2.3805669465511707,false
openjpa-persistence-jdbc/src/main/java/org/apache/openjpa/persistence/jdbc/EagerFetchMode.java,0.0,0.0,0.0,0.0,0.0,0.0,494.0,pcl@13f79535-47bb-0310-9956-ffa450edef68,2,0.0011086474501108647,100.0,33.0,0.0,100.0,20031.769670078917,4708356.082184125,2,0,1.7198557766156082,false
openjpa-persistence-jdbc/src/main/java/org/apache/openjpa/persistence/jdbc/EagerFetchType.java,0.0,0.0,0.0,0.0,0.0,0.0,494.0,pcl@13f79535-47bb-0310-9956-ffa450edef68,2,0.0011086474501108647,100.0,33.0,0.0,100.0,20031.769670078917,4708356.082184125,2,0,1.7198557766156082,false
openjpa-persistence-jdbc/src/main/java/org/apache/openjpa/persistence/jdbc/ElementClassCriteria.java,0.0,0.0,0.0,0.0,0.0,0.0,731.0,pcl@13f79535-47bb-0310-9956-ffa450edef68,2,0.0011086474501108647,100.0,50.0,0.0,100.0,20031.769670078917,4708356.082184125,2,0,2.3805669465511707,false
openjpa-persistence-jdbc/src/main/java/org/apache/openjpa/persistence/jdbc/ElementForeignKey.java,0.0,0.0,0.0,0.0,0.0,0.0,731.0,pcl@13f79535-47bb-0310-9956-ffa450edef68,2,0.0011086474501108647,100.0,50.0,0.0,100.0,20031.769670078917,4708356.082184125,2,0,2.3805669465511707,false
openjpa-persistence-jdbc/src/main/java/org/apache/openjpa/persistence/jdbc/ElementIndex.java,0.0,0.0,0.0,0.0,0.0,0.0,731.0,pcl@13f79535-47bb-0310-9956-ffa450edef68,2,0.0011086474501108647,100.0,50.0,0.0,100.0,20031.769670078917,4708356.082184125,2,0,2.3805669465511707,false
openjpa-persistence-jdbc/src/main/java/org/apache/openjpa/persistence/jdbc/ElementJoinColumn.java,0.0,0.0,0.0,0.0,0.0,0.0,731.0,pcl@13f79535-47bb-0310-9956-ffa450edef68,2,0.0011086474501108647,100.0,50.0,0.0,100.0,20031.769670078917,4708356.082184125,2,0,2.3805669465511707,false
openjpa-persistence-jdbc/src/main/java/org/apache/openjpa/persistence/jdbc/ElementJoinColumns.java,0.0,0.0,0.0,0.0,0.0,0.0,731.0,pcl@13f79535-47bb-0310-9956-ffa450edef68,2,0.0011086474501108647,100.0,50.0,0.0,100.0,20031.769670078917,4708356.082184125,2,0,2.3805669465511707,false
openjpa-persistence-jdbc/src/main/java/org/apache/openjpa/persistence/jdbc/ElementNonpolymorphic.java,0.0,0.0,0.0,0.0,0.0,0.0,731.0,pcl@13f79535-47bb-0310-9956-ffa450edef68,2,0.0011086474501108647,100.0,50.0,0.0,100.0,20031.769670078917,4708356.082184125,2,0,2.3805669465511707,false
openjpa-persistence-jdbc/src/main/java/org/apache/openjpa/persistence/jdbc/EmbeddedMapping.java,0.0,0.0,0.0,0.0,0.0,0.0,731.0,pcl@13f79535-47bb-0310-9956-ffa450edef68,2,0.0011086474501108647,100.0,50.0,0.0,100.0,20031.769670078917,4708356.082184125,2,0,2.3805669465511707,false
openjpa-persistence-jdbc/src/main/java/org/apache/openjpa/persistence/jdbc/ForeignKey.java,0.0,0.0,0.0,0.0,0.0,0.0,701.0,pcl@13f79535-47bb-0310-9956-ffa450edef68,2,0.0011086474501108647,67.0,33.0,0.0,67.0,20031.769670078917,4708356.082184125,2,0,2.3805669465511707,false
openjpa-persistence-jdbc/src/main/java/org/apache/openjpa/persistence/jdbc/ForeignKeyAction.java,0.0,0.0,0.0,0.0,0.0,0.0,494.0,pcl@13f79535-47bb-0310-9956-ffa450edef68,2,0.0011086474501108647,100.0,33.0,0.0,100.0,20031.769670078917,4708356.082184125,2,0,1.7198557766156082,false
openjpa-persistence-jdbc/src/main/java/org/apache/openjpa/persistence/jdbc/Index.java,0.0,0.0,0.0,0.0,0.0,0.0,931.0,pcl@13f79535-47bb-0310-9956-ffa450edef68,2,0.0011086474501108647,100.0,50.0,0.0,100.0,20031.769670078917,4708356.082184125,2,0,2.3805669465511707,false
openjpa-persistence-jdbc/src/main/java/org/apache/openjpa/persistence/jdbc/IsolationLevel.java,0.0,0.0,0.0,0.0,0.0,0.0,731.0,pcl@13f79535-47bb-0310-9956-ffa450edef68,2,0.0011086474501108647,67.0,33.0,0.0,67.0,20031.769670078917,4708356.082184125,2,0,2.3805669465511707,false
openjpa-persistence-jdbc/src/main/java/org/apache/openjpa/persistence/jdbc/JDBCFetchPlan.java,79.0,4.0,91.0,14.0,0.0,18.0,216.0,pcl@13f79535-47bb-0310-9956-ffa450edef68,2,0.0011086474501108647,58.0,25.0,8.0,50.0,20031.769670078917,4708356.082184125,2,0,1.1264317041069325,false
openjpa-persistence-jdbc/src/main/java/org/apache/openjpa/persistence/jdbc/JDBCFetchPlanImpl.java,67.0,6.0,0.0,16.0,16.0,31.0,301.0,pcl@13f79535-47bb-0310-9956-ffa450edef68,2,0.0011086474501108647,42.0,17.0,0.0,33.0,20031.769670078917,4708356.082184125,2,0,1.2820921756116777,false
openjpa-persistence-jdbc/src/main/java/org/apache/openjpa/persistence/jdbc/MappingOverride.java,0.0,0.0,0.0,0.0,0.0,0.0,731.0,pcl@13f79535-47bb-0310-9956-ffa450edef68,2,0.0011086474501108647,100.0,50.0,0.0,100.0,20031.769670078917,4708356.082184125,2,0,2.3805669465511707,false
openjpa-persistence-jdbc/src/main/java/org/apache/openjpa/persistence/jdbc/MappingOverrides.java,0.0,0.0,0.0,0.0,0.0,0.0,731.0,pcl@13f79535-47bb-0310-9956-ffa450edef68,2,0.0011086474501108647,100.0,50.0,0.0,100.0,20031.769670078917,4708356.082184125,2,0,2.3805669465511707,false
openjpa-persistence-jdbc/src/main/java/org/apache/openjpa/persistence/jdbc/MappingTag.java,0.0,0.0,0.0,0.0,0.0,0.0,676.0,faywang@13f79535-47bb-0310-9956-ffa450edef68,2,0.0011086474501108647,17.0,0.0,0.0,17.0,20031.769670078917,4708356.082184125,2,0,2.3805669465511707,false
openjpa-persistence-jdbc/src/main/java/org/apache/openjpa/persistence/jdbc/Nonpolymorphic.java,0.0,0.0,0.0,0.0,0.0,0.0,731.0,pcl@13f79535-47bb-0310-9956-ffa450edef68,2,0.0011086474501108647,100.0,50.0,0.0,100.0,20031.769670078917,4708356.082184125,2,0,2.3805669465511707,false
openjpa-persistence-jdbc/src/main/java/org/apache/openjpa/persistence/jdbc/NonpolymorphicType.java,0.0,0.0,0.0,0.0,0.0,0.0,494.0,pcl@13f79535-47bb-0310-9956-ffa450edef68,2,0.0011086474501108647,75.0,25.0,0.0,75.0,20031.769670078917,4708356.082184125,2,0,1.7198557766156082,false
openjpa-persistence-jdbc/src/main/java/org/apache/openjpa/persistence/jdbc/OrderColumn.java,0.0,0.0,0.0,0.0,0.0,0.0,731.0,pcl@13f79535-47bb-0310-9956-ffa450edef68,2,0.0011086474501108647,100.0,50.0,0.0,100.0,20031.769670078917,4708356.082184125,2,0,2.3805669465511707,false
openjpa-persistence-jdbc/src/main/java/org/apache/openjpa/persistence/jdbc/PersistenceMappingDefaults.java,80.0,20.0,39.0,10.0,47.0,36.0,676.0,mikedd@13f79535-47bb-0310-9956-ffa450edef68,2,0.0011086474501108647,12.0,0.0,0.0,12.0,20031.769670078917,4708356.082184125,2,0,2.3805669465511707,false
openjpa-persistence-jdbc/src/main/java/org/apache/openjpa/persistence/jdbc/PersistenceMappingFactory.java,27.0,8.0,6.0,4.0,12.0,11.0,455.0,mprudhom@13f79535-47bb-0310-9956-ffa450edef68,3,0.0016629711751662971,75.0,0.0,0.0,50.0,21628.63923529631,4732085.87011498,3,0,1.5700140773148772,false
openjpa-persistence-jdbc/src/main/java/org/apache/openjpa/persistence/jdbc/Strategy.java,0.0,0.0,0.0,0.0,0.0,0.0,931.0,pcl@13f79535-47bb-0310-9956-ffa450edef68,2,0.0011086474501108647,100.0,50.0,0.0,100.0,20031.769670078917,4708356.082184125,2,0,2.3805669465511707,false
openjpa-persistence-jdbc/src/main/java/org/apache/openjpa/persistence/jdbc/SubclassFetchMode.java,0.0,0.0,0.0,0.0,0.0,0.0,494.0,pcl@13f79535-47bb-0310-9956-ffa450edef68,2,0.0011086474501108647,100.0,33.0,0.0,100.0,20031.769670078917,4708356.082184125,2,0,1.7198557766156082,false
openjpa-persistence-jdbc/src/main/java/org/apache/openjpa/persistence/jdbc/Unique.java,0.0,0.0,0.0,0.0,0.0,0.0,931.0,pcl@13f79535-47bb-0310-9956-ffa450edef68,2,0.0011086474501108647,100.0,50.0,0.0,100.0,20031.769670078917,4708356.082184125,2,0,2.3805669465511707,false
openjpa-persistence-jdbc/src/main/java/org/apache/openjpa/persistence/jdbc/VersionColumn.java,0.0,0.0,0.0,0.0,0.0,0.0,731.0,pcl@13f79535-47bb-0310-9956-ffa450edef68,2,0.0011086474501108647,67.0,33.0,0.0,67.0,20031.769670078917,4708356.082184125,2,0,2.3805669465511707,false
openjpa-persistence-jdbc/src/main/java/org/apache/openjpa/persistence/jdbc/VersionColumns.java,0.0,0.0,0.0,0.0,0.0,0.0,731.0,pcl@13f79535-47bb-0310-9956-ffa450edef68,2,0.0011086474501108647,100.0,50.0,0.0,100.0,20031.769670078917,4708356.082184125,2,0,2.3805669465511707,false
openjpa-persistence-jdbc/src/main/java/org/apache/openjpa/persistence/jdbc/VersionStrategy.java,0.0,0.0,0.0,0.0,0.0,0.0,701.0,pcl@13f79535-47bb-0310-9956-ffa450edef68,2,0.0011086474501108647,100.0,50.0,0.0,100.0,20031.769670078917,4708356.082184125,2,0,2.3805669465511707,false
openjpa-persistence-jdbc/src/main/java/org/apache/openjpa/persistence/jdbc/XJoinColumn.java,0.0,0.0,0.0,0.0,0.0,0.0,731.0,pcl@13f79535-47bb-0310-9956-ffa450edef68,2,0.0011086474501108647,100.0,50.0,0.0,100.0,20031.769670078917,4708356.082184125,2,0,2.3805669465511707,false
openjpa-persistence-jdbc/src/main/java/org/apache/openjpa/persistence/jdbc/XJoinColumns.java,0.0,0.0,0.0,0.0,0.0,0.0,731.0,pcl@13f79535-47bb-0310-9956-ffa450edef68,2,0.0011086474501108647,100.0,50.0,0.0,100.0,20031.769670078917,4708356.082184125,2,0,2.3805669465511707,false
openjpa-persistence-jdbc/src/main/java/org/apache/openjpa/persistence/jdbc/XMLPersistenceMappingParser.java,660.0,37.0,739.0,43.0,229.0,155.0,362.0,null,3,0.0016629711751662971,10.0,0.0,2.0,2.0,19458.15804647687,4621147.695346928,3,0,2.0246732805690355,true
openjpa-persistence-jdbc/src/main/java/org/apache/openjpa/persistence/jdbc/XSecondaryTable.java,0.0,0.0,0.0,0.0,0.0,0.0,731.0,pcl@13f79535-47bb-0310-9956-ffa450edef68,2,0.0011086474501108647,100.0,50.0,0.0,100.0,20031.769670078917,4708356.082184125,2,0,2.3805669465511707,false
openjpa-persistence-jdbc/src/main/java/org/apache/openjpa/persistence/jdbc/XSecondaryTables.java,0.0,0.0,0.0,0.0,0.0,0.0,731.0,pcl@13f79535-47bb-0310-9956-ffa450edef68,2,0.0011086474501108647,100.0,50.0,0.0,100.0,20031.769670078917,4708356.082184125,2,0,2.3805669465511707,false
openjpa-persistence-jdbc/src/main/java/org/apache/openjpa/persistence/jdbc/XTable.java,0.0,0.0,0.0,0.0,0.0,0.0,731.0,pcl@13f79535-47bb-0310-9956-ffa450edef68,2,0.0011086474501108647,100.0,50.0,0.0,100.0,20031.769670078917,4708356.082184125,2,0,2.3805669465511707,false
openjpa-persistence-jdbc/src/test/java/org/apache/openjpa/conf/TestAutoDetachProperty.java,35.0,5.0,8.0,8.0,17.0,13.0,731.0,pcl@13f79535-47bb-0310-9956-ffa450edef68,2,0.0011086474501108647,50.0,25.0,0.0,50.0,20031.769670078917,4708356.082184125,2,0,2.3805669465511707,false
openjpa-persistence-jdbc/src/test/java/org/apache/openjpa/jdbc/meta/TestMappingToolAutoDelete.java,26.0,12.0,0.0,3.0,20.0,4.0,731.0,pcl@13f79535-47bb-0310-9956-ffa450edef68,2,0.0011086474501108647,100.0,50.0,0.0,100.0,20031.769670078917,4708356.082184125,2,0,2.3805669465511707,false
openjpa-persistence-jdbc/src/test/java/org/apache/openjpa/kernel/TestBrokerFactoryEventManager.java,16.0,6.0,0.0,1.0,8.0,1.0,70.0,pcl@13f79535-47bb-0310-9956-ffa450edef68,1,5.543237250554324E-4,67.0,33.0,0.0,33.0,3840.5467625899278,135733.0841624238,1,0,0.9216815805090316,false
openjpa-persistence-jdbc/src/test/java/org/apache/openjpa/kernel/TestBrokerFactoryListenerRegistry.java,39.0,8.0,0.0,5.0,10.0,11.0,68.0,struberg@13f79535-47bb-0310-9956-ffa450edef68,1,5.543237250554324E-4,50.0,50.0,25.0,25.0,3840.5467625899278,135733.0841624238,1,0,0.9216815805090316,false
openjpa-persistence-jdbc/src/test/java/org/apache/openjpa/kernel/TestQueryCompilationCache.java,17.0,11.0,0.0,1.0,18.0,1.0,731.0,pcl@13f79535-47bb-0310-9956-ffa450edef68,2,0.0011086474501108647,100.0,50.0,0.0,100.0,20031.769670078917,4708356.082184125,2,0,2.3805669465511707,false
openjpa-persistence-jdbc/src/test/java/org/apache/openjpa/persistence/datacache/TestArrayFieldsInDataCache.java,45.0,9.0,0.0,3.0,50.0,3.0,731.0,pcl@13f79535-47bb-0310-9956-ffa450edef68,2,0.0011086474501108647,100.0,50.0,0.0,100.0,20031.769670078917,4708356.082184125,2,0,2.3805669465511707,false
openjpa-persistence-jdbc/src/test/java/org/apache/openjpa/persistence/datacache/TestBulkUpdatesAndVersionColumn.java,49.0,9.0,15.0,6.0,30.0,8.0,71.0,pcl@13f79535-47bb-0310-9956-ffa450edef68,1,5.543237250554324E-4,50.0,25.0,25.0,25.0,3840.5467625899278,135733.0841624238,1,0,0.9216815805090316,false
openjpa-persistence-jdbc/src/test/java/org/apache/openjpa/persistence/datacache/TestDataCacheOptimisticLockRecovery.java,89.0,11.0,0.0,5.0,51.0,11.0,488.0,pcl@13f79535-47bb-0310-9956-ffa450edef68,2,0.0011086474501108647,75.0,50.0,25.0,50.0,20031.769670078917,4708356.082184125,2,0,1.7198557766156082,false
openjpa-persistence-jdbc/src/test/java/org/apache/openjpa/persistence/detachment/TestDetachmentOneMany.java,74.0,5.0,15.0,6.0,55.0,8.0,731.0,pcl@13f79535-47bb-0310-9956-ffa450edef68,2,0.0011086474501108647,100.0,50.0,0.0,100.0,20031.769670078917,4708356.082184125,2,0,2.3805669465511707,false
openjpa-persistence-jdbc/src/test/java/org/apache/openjpa/persistence/fields/TestPersistentMapTableConfiguration.java,26.0,5.0,3.0,3.0,21.0,4.0,66.0,pcl@13f79535-47bb-0310-9956-ffa450edef68,1,5.543237250554324E-4,67.0,33.0,0.0,33.0,3840.5467625899278,135733.0841624238,1,0,0.9216815805090316,false
openjpa-persistence-jdbc/src/test/java/org/apache/openjpa/persistence/inheritance/TestSharedMappedSuperclassIdValue.java,50.0,3.0,6.0,4.0,28.0,4.0,671.0,kwsutter@13f79535-47bb-0310-9956-ffa450edef68,2,0.0011086474501108647,67.0,33.0,0.0,33.0,17156.745295548688,4586298.075363196,2,0,3.146305132033365,false
openjpa-persistence-jdbc/src/test/java/org/apache/openjpa/persistence/jdbc/TestIsolationLevelOverride.java,80.0,11.0,10.0,5.0,26.0,11.0,520.0,null,3,0.0016629711751662971,60.0,20.0,20.0,40.0,21628.63923529631,4732085.87011498,3,0,1.5700140773148772,false
openjpa-persistence-jdbc/src/test/java/org/apache/openjpa/persistence/jdbc/TestOptimizeForClause.java,55.0,11.0,10.0,5.0,21.0,11.0,731.0,fancy@13f79535-47bb-0310-9956-ffa450edef68,2,0.0011086474501108647,29.0,14.0,0.0,29.0,20031.769670078917,4708356.082184125,2,0,2.3805669465511707,false
openjpa-persistence-jdbc/src/test/java/org/apache/openjpa/persistence/jdbc/TestSelectForUpdateOverride.java,38.0,11.0,1.0,2.0,18.0,6.0,520.0,null,3,0.0016629711751662971,60.0,20.0,20.0,40.0,21628.63923529631,4732085.87011498,3,0,1.5700140773148772,false
openjpa-persistence-jdbc/src/test/java/org/apache/openjpa/persistence/relations/BidiChild.java,27.0,6.0,15.0,7.0,0.0,11.0,1332.0,kwsutter@13f79535-47bb-0310-9956-ffa450edef68,1,5.543237250554324E-4,50.0,0.0,0.0,50.0,16191.222907488987,4572622.998021701,1,0,5.225746673713201,false
openjpa-persistence-jdbc/src/test/java/org/apache/openjpa/persistence/relations/BidiParent.java,24.0,9.0,11.0,6.0,0.0,10.0,1332.0,kwsutter@13f79535-47bb-0310-9956-ffa450edef68,1,5.543237250554324E-4,50.0,0.0,0.0,50.0,16191.222907488987,4572622.998021701,1,0,5.225746673713201,false
openjpa-persistence-jdbc/src/test/java/org/apache/openjpa/persistence/simple/AllFieldTypes.java,93.0,5.0,299.0,26.0,0.0,39.0,669.0,struberg@13f79535-47bb-0310-9956-ffa450edef68,2,0.0011086474501108647,50.0,25.0,0.0,25.0,17156.745295548688,4586298.075363196,2,0,3.146305132033365,false
openjpa-persistence-jdbc/src/test/java/org/apache/openjpa/persistence/simple/TestEntityManagerClear.java,28.0,3.0,3.0,3.0,13.0,3.0,667.0,awhite@13f79535-47bb-0310-9956-ffa450edef68,2,0.0011086474501108647,50.0,25.0,25.0,25.0,17156.745295548688,4586298.075363196,2,0,3.146305132033365,false
openjpa-persistence-jdbc/src/test/java/org/apache/openjpa/persistence/simple/TestTableNamesDefaultToEntityNames.java,9.0,3.0,1.0,2.0,5.0,2.0,731.0,pcl@13f79535-47bb-0310-9956-ffa450edef68,2,0.0011086474501108647,100.0,50.0,0.0,100.0,20031.769670078917,4708356.082184125,2,0,2.3805669465511707,false
openjpa-persistence-jdbc/src/test/java/org/apache/openjpa/persistence/test/PersistenceTestCase.java,95.0,15.0,15.0,6.0,45.0,24.0,488.0,ppoddar@13f79535-47bb-0310-9956-ffa450edef68,2,0.0011086474501108647,8.0,3.0,0.0,5.0,20031.769670078917,4708356.082184125,2,0,1.7198557766156082,false
openjpa-persistence-jdbc/src/test/java/org/apache/openjpa/persistence/test/SQLListenerTestCase.java,40.0,6.0,1.0,3.0,5.0,8.0,1332.0,null,1,5.543237250554324E-4,7.0,0.0,0.0,7.0,16191.222907488987,4572622.998021701,1,0,5.225746673713201,false
openjpa-persistence-jdbc/src/test/java/org/apache/openjpa/persistence/test/SingleEMFTestCase.java,22.0,5.0,0.0,2.0,3.0,5.0,366.0,null,2,0.0011086474501108647,12.0,6.0,3.0,9.0,20031.769670078917,4708356.082184125,2,0,1.4353627091912655,false
openjpa-persistence-jdbc/src/test/java/org/apache/openjpa/persistence/test/SingleEMTestCase.java,111.0,5.0,6.0,13.0,30.0,35.0,444.0,dwoods@13f79535-47bb-0310-9956-ffa450edef68,3,0.0016629711751662971,30.0,10.0,0.0,20.0,20997.292058138617,4722031.15952562,3,0,1.7682497798971077,false
openjpa-persistence-jdbc/src/test/java/org/apache/openjpa/persistence/xml/SimpleXmlEntity.java,11.0,0.0,0.0,2.0,0.0,3.0,668.0,pcl@13f79535-47bb-0310-9956-ffa450edef68,2,0.0011086474501108647,100.0,0.0,0.0,50.0,20031.769670078917,4708356.082184125,2,0,2.3805669465511707,false
openjpa-persistence-jdbc/src/test/java/org/apache/openjpa/persistence/xml/TestSimpleXmlEntity.java,27.0,2.0,10.0,5.0,11.0,11.0,668.0,pcl@13f79535-47bb-0310-9956-ffa450edef68,2,0.0011086474501108647,33.0,0.0,0.0,17.0,20031.769670078917,4708356.082184125,2,0,2.3805669465511707,false
openjpa-persistence-jdbc/src/test/java/org/apache/openjpa/persistence/xml/TestXmlOverrideEntity.java,28.0,3.0,1.0,2.0,12.0,3.0,1332.0,null,1,5.543237250554324E-4,14.0,0.0,0.0,14.0,16191.222907488987,4572622.998021701,1,0,5.225746673713201,false
openjpa-persistence-jdbc/src/test/java/org/apache/openjpa/persistence/xml/XmlOverrideEntity.java,23.0,4.0,9.0,6.0,0.0,9.0,1332.0,joes@13f79535-47bb-0310-9956-ffa450edef68,1,5.543237250554324E-4,50.0,0.0,0.0,50.0,16191.222907488987,4572622.998021701,1,0,5.225746673713201,false
openjpa-persistence-jdbc/src/test/java/org/apache/openjpa/persistence/xmlmapping/query/TestXMLCustomerOrder.java,166.0,17.0,36.0,9.0,69.0,20.0,24.0,null,2,0.0011086474501108647,44.0,6.0,19.0,12.0,4690.546762589927,143382.49380398658,2,0,0.6666117796455633,false
openjpa-persistence/src/main/java/org/apache/openjpa/persistence/AnnotationBuilder.java,99.0,7.0,102.0,16.0,31.0,41.0,71.0,mikedd@13f79535-47bb-0310-9956-ffa450edef68,2,0.0011086474501108647,40.0,20.0,0.0,20.0,5437.416327807319,159462.87209327958,2,0,0.6969190315579342,false
openjpa-persistence/src/main/java/org/apache/openjpa/persistence/AnnotationPersistenceMetaDataParser.java,1046.0,92.0,1264.0,61.0,436.0,219.0,268.0,null,4,0.0022172949002217295,8.0,1.0,1.0,1.0,23298.7048090668,4756880.779509352,4,0,0.8302019422834941,true
openjpa-persistence/src/main/java/org/apache/openjpa/persistence/AnnotationPersistenceMetaDataSerializer.java,999.0,43.0,2428.0,72.0,281.0,219.0,22.0,null,2,0.0011086474501108647,12.0,0.0,0.0,0.0,2562.391953277093,37404.86527235127,2,0,1.4626572170401282,true
openjpa-persistence/src/main/java/org/apache/openjpa/persistence/DataCache.java,0.0,0.0,0.0,0.0,0.0,0.0,700.0,pcl@13f79535-47bb-0310-9956-ffa450edef68,2,0.0011086474501108647,100.0,50.0,0.0,100.0,20031.769670078917,4708356.082184125,2,0,2.3805669465511707,false
openjpa-persistence/src/main/java/org/apache/openjpa/persistence/DataStoreId.java,0.0,0.0,0.0,0.0,0.0,0.0,731.0,pcl@13f79535-47bb-0310-9956-ffa450edef68,2,0.0011086474501108647,100.0,50.0,0.0,100.0,20031.769670078917,4708356.082184125,2,0,2.3805669465511707,false
openjpa-persistence/src/main/java/org/apache/openjpa/persistence/Dependent.java,0.0,0.0,0.0,0.0,0.0,0.0,731.0,pcl@13f79535-47bb-0310-9956-ffa450edef68,2,0.0011086474501108647,100.0,50.0,0.0,100.0,20031.769670078917,4708356.082184125,2,0,2.3805669465511707,false
openjpa-persistence/src/main/java/org/apache/openjpa/persistence/DetachedState.java,0.0,0.0,0.0,0.0,0.0,0.0,731.0,pcl@13f79535-47bb-0310-9956-ffa450edef68,2,0.0011086474501108647,100.0,50.0,0.0,100.0,20031.769670078917,4708356.082184125,2,0,2.3805669465511707,false
openjpa-persistence/src/main/java/org/apache/openjpa/persistence/ElementDependent.java,0.0,0.0,0.0,0.0,0.0,0.0,731.0,pcl@13f79535-47bb-0310-9956-ffa450edef68,2,0.0011086474501108647,100.0,50.0,0.0,100.0,20031.769670078917,4708356.082184125,2,0,2.3805669465511707,false
openjpa-persistence/src/main/java/org/apache/openjpa/persistence/ElementType.java,0.0,0.0,0.0,0.0,0.0,0.0,731.0,pcl@13f79535-47bb-0310-9956-ffa450edef68,2,0.0011086474501108647,100.0,50.0,0.0,100.0,20031.769670078917,4708356.082184125,2,0,2.3805669465511707,false
openjpa-persistence/src/main/java/org/apache/openjpa/persistence/EntityManagerFactoryImpl.java,208.0,25.0,0.0,23.0,73.0,56.0,489.0,null,2,0.0011086474501108647,8.0,6.0,3.0,6.0,20031.769670078917,4708356.082184125,2,0,1.7198557766156082,false
openjpa-persistence/src/main/java/org/apache/openjpa/persistence/EntityManagerImpl.java,796.0,35.0,0.0,179.0,380.0,344.0,376.0,ppoddar@13f79535-47bb-0310-9956-ffa450edef68,2,0.0011086474501108647,4.0,1.0,0.0,3.0,20031.769670078917,4708356.082184125,2,0,1.4353627091912655,false
openjpa-persistence/src/main/java/org/apache/openjpa/persistence/Extent.java,44.0,1.0,36.0,9.0,0.0,10.0,931.0,pcl@13f79535-47bb-0310-9956-ffa450edef68,2,0.0011086474501108647,67.0,33.0,0.0,67.0,20031.769670078917,4708356.082184125,2,0,2.3805669465511707,false
openjpa-persistence/src/main/java/org/apache/openjpa/persistence/ExtentImpl.java,67.0,3.0,0.0,13.0,21.0,25.0,931.0,null,2,0.0011086474501108647,40.0,20.0,0.0,40.0,20031.769670078917,4708356.082184125,2,0,2.3805669465511707,false
openjpa-persistence/src/main/java/org/apache/openjpa/persistence/ExternalValues.java,0.0,0.0,0.0,0.0,0.0,0.0,731.0,pcl@13f79535-47bb-0310-9956-ffa450edef68,2,0.0011086474501108647,100.0,50.0,0.0,100.0,20031.769670078917,4708356.082184125,2,0,2.3805669465511707,false
openjpa-persistence/src/main/java/org/apache/openjpa/persistence/Externalizer.java,0.0,0.0,0.0,0.0,0.0,0.0,731.0,pcl@13f79535-47bb-0310-9956-ffa450edef68,2,0.0011086474501108647,100.0,50.0,0.0,100.0,20031.769670078917,4708356.082184125,2,0,2.3805669465511707,false
openjpa-persistence/src/main/java/org/apache/openjpa/persistence/Factory.java,0.0,0.0,0.0,0.0,0.0,0.0,731.0,pcl@13f79535-47bb-0310-9956-ffa450edef68,2,0.0011086474501108647,100.0,50.0,0.0,100.0,20031.769670078917,4708356.082184125,2,0,2.3805669465511707,false
openjpa-persistence/src/main/java/org/apache/openjpa/persistence/FetchAttribute.java,0.0,0.0,0.0,0.0,0.0,0.0,731.0,pcl@13f79535-47bb-0310-9956-ffa450edef68,2,0.0011086474501108647,100.0,50.0,0.0,100.0,20031.769670078917,4708356.082184125,2,0,2.3805669465511707,false
openjpa-persistence/src/main/java/org/apache/openjpa/persistence/FetchGroup.java,0.0,0.0,0.0,0.0,0.0,0.0,931.0,pcl@13f79535-47bb-0310-9956-ffa450edef68,2,0.0011086474501108647,100.0,50.0,0.0,100.0,20031.769670078917,4708356.082184125,2,0,2.3805669465511707,false
openjpa-persistence/src/main/java/org/apache/openjpa/persistence/FetchGroups.java,0.0,0.0,0.0,0.0,0.0,0.0,731.0,pcl@13f79535-47bb-0310-9956-ffa450edef68,2,0.0011086474501108647,100.0,50.0,0.0,100.0,20031.769670078917,4708356.082184125,2,0,2.3805669465511707,false
openjpa-persistence/src/main/java/org/apache/openjpa/persistence/FetchPlan.java,177.0,4.0,703.0,38.0,0.0,58.0,731.0,ppoddar@13f79535-47bb-0310-9956-ffa450edef68,2,0.0011086474501108647,17.0,8.0,0.0,17.0,20031.769670078917,4708356.082184125,2,0,2.3805669465511707,false
openjpa-persistence/src/main/java/org/apache/openjpa/persistence/FetchPlanImpl.java,173.0,7.0,76.0,44.0,63.0,90.0,731.0,ppoddar@13f79535-47bb-0310-9956-ffa450edef68,2,0.0011086474501108647,14.0,7.0,0.0,14.0,20031.769670078917,4708356.082184125,2,0,2.3805669465511707,false
openjpa-persistence/src/main/java/org/apache/openjpa/persistence/Generator.java,30.0,1.0,10.0,5.0,0.0,7.0,494.0,pcl@13f79535-47bb-0310-9956-ffa450edef68,2,0.0011086474501108647,60.0,20.0,0.0,60.0,20031.769670078917,4708356.082184125,2,0,1.7198557766156082,false
openjpa-persistence/src/main/java/org/apache/openjpa/persistence/GeneratorImpl.java,44.0,4.0,0.0,8.0,6.0,15.0,731.0,struberg@13f79535-47bb-0310-9956-ffa450edef68,2,0.0011086474501108647,50.0,25.0,0.0,50.0,20031.769670078917,4708356.082184125,2,0,2.3805669465511707,false
openjpa-persistence/src/main/java/org/apache/openjpa/persistence/InverseLogical.java,0.0,0.0,0.0,0.0,0.0,0.0,731.0,pcl@13f79535-47bb-0310-9956-ffa450edef68,2,0.0011086474501108647,100.0,50.0,0.0,100.0,20031.769670078917,4708356.082184125,2,0,2.3805669465511707,false
openjpa-persistence/src/main/java/org/apache/openjpa/persistence/KeyDependent.java,0.0,0.0,0.0,0.0,0.0,0.0,731.0,pcl@13f79535-47bb-0310-9956-ffa450edef68,2,0.0011086474501108647,100.0,50.0,0.0,100.0,20031.769670078917,4708356.082184125,2,0,2.3805669465511707,false
openjpa-persistence/src/main/java/org/apache/openjpa/persistence/KeyType.java,0.0,0.0,0.0,0.0,0.0,0.0,731.0,pcl@13f79535-47bb-0310-9956-ffa450edef68,2,0.0011086474501108647,100.0,50.0,0.0,100.0,20031.769670078917,4708356.082184125,2,0,2.3805669465511707,false
openjpa-persistence/src/main/java/org/apache/openjpa/persistence/LRS.java,0.0,0.0,0.0,0.0,0.0,0.0,731.0,pcl@13f79535-47bb-0310-9956-ffa450edef68,2,0.0011086474501108647,100.0,50.0,0.0,100.0,20031.769670078917,4708356.082184125,2,0,2.3805669465511707,false
openjpa-persistence/src/main/java/org/apache/openjpa/persistence/LoadFetchGroup.java,0.0,0.0,0.0,0.0,0.0,0.0,731.0,pcl@13f79535-47bb-0310-9956-ffa450edef68,2,0.0011086474501108647,100.0,50.0,0.0,100.0,20031.769670078917,4708356.082184125,2,0,2.3805669465511707,false
openjpa-persistence/src/main/java/org/apache/openjpa/persistence/MetaDataTag.java,0.0,0.0,0.0,0.0,0.0,0.0,676.0,null,2,0.0011086474501108647,18.0,0.0,0.0,18.0,20031.769670078917,4708356.082184125,2,0,2.3805669465511707,false
openjpa-persistence/src/main/java/org/apache/openjpa/persistence/OpenJPAEntityManager.java,604.0,14.0,9591.0,139.0,0.0,214.0,261.0,pcl@13f79535-47bb-0310-9956-ffa450edef68,2,0.0011086474501108647,35.0,18.0,0.0,24.0,20031.769670078917,4708356.082184125,2,0,1.1884645538434218,false
openjpa-persistence/src/main/java/org/apache/openjpa/persistence/OpenJPAEntityManagerFactory.java,61.0,7.0,78.0,13.0,0.0,24.0,489.0,pcl@13f79535-47bb-0310-9956-ffa450edef68,2,0.0011086474501108647,38.0,25.0,12.0,25.0,20031.769670078917,4708356.082184125,2,0,1.7198557766156082,false
openjpa-persistence/src/main/java/org/apache/openjpa/persistence/OpenJPAPersistence.java,291.0,31.0,266.0,24.0,67.0,100.0,309.0,pcl@13f79535-47bb-0310-9956-ffa450edef68,2,0.0011086474501108647,56.0,22.0,0.0,22.0,20031.769670078917,4708356.082184125,2,0,1.2820921756116777,false
openjpa-persistence/src/main/java/org/apache/openjpa/persistence/OpenJPAQuery.java,131.0,12.0,703.0,38.0,0.0,50.0,494.0,ppoddar@13f79535-47bb-0310-9956-ffa450edef68,2,0.0011086474501108647,23.0,8.0,0.0,23.0,20031.769670078917,4708356.082184125,2,0,1.7198557766156082,false
openjpa-persistence/src/main/java/org/apache/openjpa/persistence/PersistenceExceptions.java,157.0,7.0,64.0,12.0,49.0,47.0,731.0,ppoddar@13f79535-47bb-0310-9956-ffa450edef68,2,0.0011086474501108647,12.0,6.0,0.0,12.0,20031.769670078917,4708356.082184125,2,0,2.3805669465511707,false
openjpa-persistence/src/main/java/org/apache/openjpa/persistence/PersistenceMetaDataDefaults.java,177.0,38.0,64.0,12.0,43.0,37.0,221.0,null,4,0.0022172949002217295,17.0,0.0,5.0,5.0,23298.7048090668,4756880.779509352,4,0,0.754488512095195,true
openjpa-persistence/src/main/java/org/apache/openjpa/persistence/PersistenceMetaDataFactory.java,271.0,39.0,565.0,35.0,93.0,95.0,261.0,null,5,0.002771618625277162,24.0,0.0,4.0,12.0,24148.7048090668,4764530.189150915,5,0,0.7928592406248294,false
openjpa-persistence/src/main/java/org/apache/openjpa/persistence/PersistenceProductDerivation.java,315.0,29.0,126.0,17.0,87.0,63.0,310.0,null,5,0.002771618625277162,8.0,0.0,2.0,2.0,20560.34710120324,4634969.4718894325,5,0,1.4713383550997352,false
openjpa-persistence/src/main/java/org/apache/openjpa/persistence/PersistenceProviderImpl.java,70.0,21.0,3.0,3.0,16.0,14.0,297.0,null,2,0.0011086474501108647,10.0,2.0,2.0,6.0,20031.769670078917,4708356.082184125,2,0,1.2820921756116777,true
openjpa-persistence/src/main/java/org/apache/openjpa/persistence/PersistenceStrategy.java,0.0,0.0,0.0,0.0,0.0,0.0,676.0,faywang@13f79535-47bb-0310-9956-ffa450edef68,2,0.0011086474501108647,33.0,0.0,0.0,33.0,20031.769670078917,4708356.082184125,2,0,2.3805669465511707,false
openjpa-persistence/src/main/java/org/apache/openjpa/persistence/PersistenceUnitInfoImpl.java,289.0,25.0,687.0,39.0,64.0,88.0,314.0,null,5,0.002771618625277162,16.0,0.0,3.0,6.0,24264.2271971265,4770555.856850847,5,0,0.999707366269964,false
openjpa-persistence/src/main/java/org/apache/openjpa/persistence/Persistent.java,0.0,0.0,0.0,0.0,0.0,0.0,731.0,pcl@13f79535-47bb-0310-9956-ffa450edef68,2,0.0011086474501108647,100.0,50.0,0.0,100.0,20031.769670078917,4708356.082184125,2,0,2.3805669465511707,false
openjpa-persistence/src/main/java/org/apache/openjpa/persistence/PersistentCollection.java,0.0,0.0,0.0,0.0,0.0,0.0,731.0,pcl@13f79535-47bb-0310-9956-ffa450edef68,2,0.0011086474501108647,100.0,50.0,0.0,100.0,20031.769670078917,4708356.082184125,2,0,2.3805669465511707,false
openjpa-persistence/src/main/java/org/apache/openjpa/persistence/PersistentMap.java,0.0,0.0,0.0,0.0,0.0,0.0,731.0,pcl@13f79535-47bb-0310-9956-ffa450edef68,2,0.0011086474501108647,100.0,50.0,0.0,100.0,20031.769670078917,4708356.082184125,2,0,2.3805669465511707,false
openjpa-persistence/src/main/java/org/apache/openjpa/persistence/QueryImpl.java,368.0,24.0,0.0,50.0,169.0,137.0,383.0,ppoddar@13f79535-47bb-0310-9956-ffa450edef68,2,0.0011086474501108647,5.0,1.0,0.0,3.0,20031.769670078917,4708356.082184125,2,0,1.4353627091912655,false
openjpa-persistence/src/main/java/org/apache/openjpa/persistence/QueryResultCache.java,32.0,2.0,15.0,6.0,0.0,7.0,731.0,pcl@13f79535-47bb-0310-9956-ffa450edef68,2,0.0011086474501108647,67.0,33.0,0.0,67.0,20031.769670078917,4708356.082184125,2,0,2.3805669465511707,false
openjpa-persistence/src/main/java/org/apache/openjpa/persistence/QueryResultCacheImpl.java,49.0,6.0,0.0,10.0,20.0,20.0,731.0,jrbauer@13f79535-47bb-0310-9956-ffa450edef68,2,0.0011086474501108647,33.0,17.0,0.0,33.0,20031.769670078917,4708356.082184125,2,0,2.3805669465511707,false
openjpa-persistence/src/main/java/org/apache/openjpa/persistence/ReadOnly.java,0.0,0.0,0.0,0.0,0.0,0.0,731.0,pcl@13f79535-47bb-0310-9956-ffa450edef68,2,0.0011086474501108647,100.0,50.0,0.0,100.0,20031.769670078917,4708356.082184125,2,0,2.3805669465511707,false
openjpa-persistence/src/main/java/org/apache/openjpa/persistence/StoreCache.java,65.0,2.0,91.0,14.0,0.0,26.0,731.0,pcl@13f79535-47bb-0310-9956-ffa450edef68,2,0.0011086474501108647,40.0,20.0,0.0,40.0,20031.769670078917,4708356.082184125,2,0,2.3805669465511707,false
openjpa-persistence/src/main/java/org/apache/openjpa/persistence/StoreCacheImpl.java,81.0,7.0,0.0,18.0,51.0,39.0,731.0,null,2,0.0011086474501108647,22.0,11.0,0.0,22.0,20031.769670078917,4708356.082184125,2,0,2.3805669465511707,false
openjpa-persistence/src/main/java/org/apache/openjpa/persistence/Type.java,0.0,0.0,0.0,0.0,0.0,0.0,731.0,pcl@13f79535-47bb-0310-9956-ffa450edef68,2,0.0011086474501108647,100.0,50.0,0.0,100.0,20031.769670078917,4708356.082184125,2,0,2.3805669465511707,false
openjpa-persistence/src/main/java/org/apache/openjpa/persistence/UpdateAction.java,0.0,0.0,0.0,0.0,0.0,0.0,731.0,pcl@13f79535-47bb-0310-9956-ffa450edef68,2,0.0011086474501108647,100.0,50.0,0.0,100.0,20031.769670078917,4708356.082184125,2,0,2.3805669465511707,false
openjpa-persistence/src/main/java/org/apache/openjpa/persistence/XMLPersistenceMetaDataParser.java,1187.0,49.0,4021.0,94.0,418.0,308.0,309.0,null,4,0.0022172949002217295,7.0,0.0,1.0,1.0,23298.7048090668,4756880.779509352,4,0,0.9706709643010645,false
