name,LOC,CBO,LCOM,NOM,RFC,WMC,ACS,Ownership,numOfChanges,numberOfFIChanges,ENH,NF,BugFixing,REF,structuralWorkloadSum,semanticWorkloadSum,numberOfDeveloper,pastFaults,MAF,isBuggy
openjpa-jdbc/src/main/java/org/apache/openjpa/jdbc/ant/MappingToolTask.java,130.0,13.0,0.0,17.0,16.0,26.0,1.0,mikedd@13f79535-47bb-0310-9956-ffa450edef68,1,0.0024875621890547263,17.0,0.0,0.0,0.0,559.3333333333334,4372.516973199579,1,1,2.043073897508961,false
openjpa-jdbc/src/main/java/org/apache/openjpa/jdbc/ant/SchemaToolTask.java,82.0,9.0,0.0,12.0,9.0,18.0,1.0,mikedd@13f79535-47bb-0310-9956-ffa450edef68,1,0.0024875621890547263,20.0,0.0,0.0,0.0,559.3333333333334,4372.516973199579,1,0,2.043073897508961,false
openjpa-jdbc/src/main/java/org/apache/openjpa/jdbc/conf/JDBCConfigurationImpl.java,522.0,32.0,3152.0,84.0,155.0,167.0,10.0,null,2,0.004975124378109453,6.0,3.0,0.0,3.0,790.859335038363,3462.6057282193015,2,0,1.750315639325171,false
openjpa-jdbc/src/main/java/org/apache/openjpa/jdbc/kernel/AbstractJDBCSeq.java,169.0,13.0,79.0,14.0,36.0,41.0,1.0,mikedd@13f79535-47bb-0310-9956-ffa450edef68,1,0.0024875621890547263,11.0,0.0,0.0,0.0,3390.1935483870966,90685.61537618471,1,0,0.7055697005585025,false
openjpa-jdbc/src/main/java/org/apache/openjpa/jdbc/kernel/PreparedStatementManagerImpl.java,73.0,17.0,0.0,5.0,26.0,13.0,42.0,null,1,0.0024875621890547263,4.0,0.0,0.0,0.0,436.1714285714286,2066.1841181960613,1,0,2.6897010624340134,false
openjpa-jdbc/src/main/java/org/apache/openjpa/jdbc/kernel/SQLStoreQuery.java,210.0,28.0,26.0,8.0,20.0,22.0,1.0,null,1,0.0024875621890547263,4.0,0.0,0.0,0.0,75.33333333333334,60.27674920369158,1,0,3.295836866004329,false
openjpa-jdbc/src/main/java/org/apache/openjpa/jdbc/kernel/TableJDBCSeq.java,452.0,31.0,391.0,34.0,150.0,108.0,11.0,null,2,0.004975124378109453,15.0,0.0,0.0,0.0,3949.52688172043,95058.1323493843,2,0,1.1463627036525381,false
openjpa-jdbc/src/main/java/org/apache/openjpa/jdbc/kernel/exps/ConstGetObjectId.java,59.0,3.0,16.0,9.0,19.0,19.0,0.0,pcl@13f79535-47bb-0310-9956-ffa450edef68,0,0.0,0.0,0.0,0.0,0.0,0.0,0.0,0,0,0.0,false
openjpa-jdbc/src/main/java/org/apache/openjpa/jdbc/kernel/exps/ConstPath.java,130.0,14.0,88.0,16.0,39.0,33.0,0.0,wisneskid@13f79535-47bb-0310-9956-ffa450edef68,0,0.0,0.0,0.0,0.0,0.0,0.0,0.0,0,1,0.0,false
openjpa-jdbc/src/main/java/org/apache/openjpa/jdbc/kernel/exps/EndsWithExpression.java,133.0,10.0,0.0,5.0,17.0,9.0,0.0,wisneskid@13f79535-47bb-0310-9956-ffa450edef68,0,0.0,0.0,0.0,0.0,0.0,0.0,0.0,0,0,0.0,false
openjpa-jdbc/src/main/java/org/apache/openjpa/jdbc/kernel/exps/FilterValue.java,66.0,6.0,105.0,15.0,0.0,36.0,0.0,wisneskid@13f79535-47bb-0310-9956-ffa450edef68,0,0.0,0.0,0.0,0.0,0.0,0.0,0.0,0,0,0.0,false
openjpa-jdbc/src/main/java/org/apache/openjpa/jdbc/kernel/exps/FilterValueImpl.java,62.0,7.0,0.0,16.0,19.0,32.0,0.0,wisneskid@13f79535-47bb-0310-9956-ffa450edef68,0,0.0,0.0,0.0,0.0,0.0,0.0,0.0,0,0,0.0,false
openjpa-jdbc/src/main/java/org/apache/openjpa/jdbc/kernel/exps/JDBCExpressionFactory.java,248.0,17.0,2121.0,67.0,20.0,147.0,27.0,null,1,0.0024875621890547263,4.0,0.0,0.0,0.0,3390.1935483870966,90685.61537618471,1,0,0.7055697005585025,false
openjpa-jdbc/src/main/java/org/apache/openjpa/jdbc/kernel/exps/Lit.java,57.0,4.0,13.0,10.0,7.0,19.0,0.0,faywang@13f79535-47bb-0310-9956-ffa450edef68,0,0.0,0.0,0.0,0.0,0.0,0.0,0.0,0,0,0.0,false
openjpa-jdbc/src/main/java/org/apache/openjpa/jdbc/kernel/exps/PCPath.java,511.0,24.0,682.0,48.0,145.0,146.0,27.0,fancy@13f79535-47bb-0310-9956-ffa450edef68,1,0.0024875621890547263,2.0,0.0,0.0,0.0,3390.1935483870966,90685.61537618471,1,0,0.7055697005585025,true
openjpa-jdbc/src/main/java/org/apache/openjpa/jdbc/kernel/exps/Param.java,72.0,8.0,54.0,12.0,22.0,25.0,0.0,fancy@13f79535-47bb-0310-9956-ffa450edef68,0,0.0,0.0,0.0,0.0,0.0,0.0,0.0,0,0,0.0,false
openjpa-jdbc/src/main/java/org/apache/openjpa/jdbc/kernel/exps/SelectConstructor.java,192.0,13.0,13.0,6.0,48.0,25.0,27.0,faywang@13f79535-47bb-0310-9956-ffa450edef68,1,0.0024875621890547263,9.0,0.0,0.0,0.0,3390.1935483870966,90685.61537618471,1,0,0.7055697005585025,true
openjpa-jdbc/src/main/java/org/apache/openjpa/jdbc/kernel/exps/StartsWithExpression.java,187.0,11.0,0.0,5.0,17.0,9.0,0.0,wisneskid@13f79535-47bb-0310-9956-ffa450edef68,0,0.0,0.0,0.0,0.0,0.0,0.0,0.0,0,0,0.0,false
openjpa-jdbc/src/main/java/org/apache/openjpa/jdbc/kernel/exps/StringLength.java,30.0,3.0,4.0,4.0,8.0,6.0,0.0,fancy@13f79535-47bb-0310-9956-ffa450edef68,0,0.0,0.0,0.0,0.0,0.0,0.0,0.0,0,0,0.0,false
openjpa-jdbc/src/main/java/org/apache/openjpa/jdbc/kernel/exps/ToLowerCase.java,22.0,3.0,1.0,2.0,8.0,2.0,0.0,fancy@13f79535-47bb-0310-9956-ffa450edef68,0,0.0,0.0,0.0,0.0,0.0,0.0,0.0,0,0,0.0,false
openjpa-jdbc/src/main/java/org/apache/openjpa/jdbc/kernel/exps/ToUpperCase.java,22.0,3.0,1.0,2.0,8.0,2.0,0.0,fancy@13f79535-47bb-0310-9956-ffa450edef68,0,0.0,0.0,0.0,0.0,0.0,0.0,0.0,0,0,0.0,false
openjpa-jdbc/src/main/java/org/apache/openjpa/jdbc/kernel/exps/Trim.java,120.0,11.0,88.0,16.0,33.0,25.0,0.0,fancy@13f79535-47bb-0310-9956-ffa450edef68,0,0.0,0.0,0.0,0.0,0.0,0.0,0.0,0,0,0.0,false
openjpa-jdbc/src/main/java/org/apache/openjpa/jdbc/kernel/exps/UnaryOp.java,87.0,8.0,130.0,20.0,26.0,32.0,0.0,fancy@13f79535-47bb-0310-9956-ffa450edef68,0,0.0,0.0,0.0,0.0,0.0,0.0,0.0,0,0,0.0,true
openjpa-jdbc/src/main/java/org/apache/openjpa/jdbc/meta/ClassMapping.java,620.0,37.0,2982.0,80.0,213.0,225.0,0.0,null,0,0.0,0.0,0.0,0.0,0.0,0.0,0.0,0,1,0.0,false
openjpa-jdbc/src/main/java/org/apache/openjpa/jdbc/meta/Discriminator.java,293.0,19.0,988.0,48.0,76.0,109.0,0.0,joes@13f79535-47bb-0310-9956-ffa450edef68,0,0.0,0.0,0.0,0.0,0.0,0.0,0.0,0,0,0.0,false
openjpa-jdbc/src/main/java/org/apache/openjpa/jdbc/meta/DiscriminatorMappingInfo.java,81.0,12.0,0.0,8.0,41.0,23.0,0.0,mprudhom@13f79535-47bb-0310-9956-ffa450edef68,0,0.0,0.0,0.0,0.0,0.0,0.0,0.0,0,2,0.0,false
openjpa-jdbc/src/main/java/org/apache/openjpa/jdbc/meta/FieldMapping.java,690.0,25.0,5157.0,118.0,255.0,271.0,3.0,null,1,0.0024875621890547263,3.0,0.0,0.0,0.0,559.3333333333334,4372.516973199579,1,1,2.043073897508961,true
openjpa-jdbc/src/main/java/org/apache/openjpa/jdbc/meta/MappingDefaultsImpl.java,497.0,19.0,2948.0,80.0,88.0,199.0,6.0,null,1,0.0024875621890547263,7.0,7.0,7.0,0.0,3390.1935483870966,90685.61537618471,1,0,0.7055697005585025,false
openjpa-jdbc/src/main/java/org/apache/openjpa/jdbc/meta/MappingRepository.java,751.0,64.0,2108.0,69.0,281.0,237.0,30.0,null,1,0.0024875621890547263,5.0,3.0,3.0,0.0,3390.1935483870966,90685.61537618471,1,1,0.7055697005585025,true
openjpa-jdbc/src/main/java/org/apache/openjpa/jdbc/meta/ReverseMappingTool.java,1440.0,78.0,4162.0,96.0,460.0,311.0,23.0,null,1,0.0024875621890547263,5.0,0.0,0.0,0.0,3390.1935483870966,90685.61537618471,1,1,0.7055697005585025,false
openjpa-jdbc/src/main/java/org/apache/openjpa/jdbc/meta/strats/InValueDiscriminatorStrategy.java,73.0,16.0,36.0,9.0,47.0,29.0,2.0,mikedd@13f79535-47bb-0310-9956-ffa450edef68,1,0.0024875621890547263,20.0,0.0,0.0,0.0,559.3333333333334,4372.516973199579,1,0,2.043073897508961,false
openjpa-jdbc/src/main/java/org/apache/openjpa/jdbc/meta/strats/LobFieldStrategy.java,127.0,14.0,60.0,12.0,85.0,37.0,17.0,pcl@13f79535-47bb-0310-9956-ffa450edef68,1,0.0024875621890547263,17.0,0.0,0.0,0.0,3390.1935483870966,90685.61537618471,1,0,0.7055697005585025,false
openjpa-jdbc/src/main/java/org/apache/openjpa/jdbc/meta/strats/UntypedPCValueHandler.java,57.0,14.0,21.0,7.0,25.0,20.0,0.0,null,0,0.0,0.0,0.0,0.0,0.0,0.0,0.0,0,0,0.0,false
openjpa-jdbc/src/main/java/org/apache/openjpa/jdbc/schema/Column.java,562.0,12.0,1244.0,52.0,87.0,141.0,15.0,null,1,0.0024875621890547263,5.0,0.0,0.0,0.0,559.3333333333334,4372.516973199579,1,0,2.043073897508961,false
openjpa-jdbc/src/main/java/org/apache/openjpa/jdbc/schema/LocalConstraint.java,111.0,5.0,66.0,13.0,22.0,36.0,11.0,mikedd@13f79535-47bb-0310-9956-ffa450edef68,1,0.0024875621890547263,29.0,0.0,0.0,0.0,559.3333333333334,4372.516973199579,1,0,2.043073897508961,false
openjpa-jdbc/src/main/java/org/apache/openjpa/jdbc/schema/SchemaGroup.java,324.0,4.0,394.0,29.0,88.0,88.0,15.0,null,1,0.0024875621890547263,10.0,0.0,0.0,0.0,559.3333333333334,4372.516973199579,1,0,2.043073897508961,false
openjpa-jdbc/src/main/java/org/apache/openjpa/jdbc/schema/SchemaTool.java,955.0,29.0,1491.0,62.0,281.0,213.0,19.0,null,2,0.004975124378109453,8.0,0.0,0.0,0.0,3949.52688172043,95058.1323493843,2,0,0.6811746184737865,true
openjpa-jdbc/src/main/java/org/apache/openjpa/jdbc/schema/Table.java,507.0,9.0,1032.0,48.0,174.0,162.0,15.0,null,1,0.0024875621890547263,5.0,0.0,0.0,0.0,559.3333333333334,4372.516973199579,1,0,2.043073897508961,false
openjpa-jdbc/src/main/java/org/apache/openjpa/jdbc/sql/AbstractDB2Dictionary.java,62.0,1.0,3.0,3.0,4.0,6.0,0.0,curtisr7@13f79535-47bb-0310-9956-ffa450edef68,0,0.0,0.0,0.0,0.0,0.0,0.0,0.0,0,0,0.0,false
openjpa-jdbc/src/main/java/org/apache/openjpa/jdbc/sql/DB2Dictionary.java,465.0,19.0,432.0,32.0,120.0,116.0,2.0,null,4,0.009950248756218905,11.0,0.0,2.0,1.0,4522.154332700822,97844.05345940786,4,4,1.4310442687890734,true
openjpa-jdbc/src/main/java/org/apache/openjpa/jdbc/sql/DBDictionary.java,2744.0,85.0,17548.0,189.0,826.0,745.0,3.0,null,4,0.009950248756218905,10.0,0.0,3.0,1.0,4522.154332700822,97844.05345940786,4,2,0.3624325431399471,true
openjpa-jdbc/src/main/java/org/apache/openjpa/jdbc/sql/DBDictionaryFactory.java,137.0,16.0,15.0,6.0,161.0,27.0,0.0,null,0,0.0,0.0,0.0,0.0,0.0,0.0,0.0,0,1,0.0,true
openjpa-jdbc/src/main/java/org/apache/openjpa/jdbc/sql/LogicalUnion.java,636.0,19.0,54.0,29.0,33.0,70.0,5.0,null,1,0.0024875621890547263,5.0,0.0,0.0,0.0,3390.1935483870966,90685.61537618471,1,0,0.7055697005585025,false
openjpa-jdbc/src/main/java/org/apache/openjpa/jdbc/sql/OracleDictionary.java,670.0,31.0,892.0,44.0,244.0,199.0,9.0,null,2,0.004975124378109453,4.0,0.0,2.0,0.0,3826.3649769585254,92751.79949438077,2,0,1.0044882009363127,true
openjpa-jdbc/src/main/java/org/apache/openjpa/jdbc/sql/PostgresDictionary.java,214.0,17.0,136.0,17.0,25.0,55.0,2.0,null,2,0.004975124378109453,10.0,0.0,2.0,0.0,3426.1935483870966,90712.03398122411,2,0,0.7908013473011508,true
openjpa-jdbc/src/main/java/org/apache/openjpa/jdbc/sql/ResultSetResult.java,327.0,24.0,0.0,48.0,116.0,145.0,0.0,null,0,0.0,0.0,0.0,0.0,0.0,0.0,0.0,0,0,0.0,false
openjpa-jdbc/src/main/java/org/apache/openjpa/jdbc/sql/SQLBuffer.java,453.0,17.0,854.0,48.0,105.0,136.0,2.0,null,1,0.0024875621890547263,3.0,0.0,0.0,0.0,497.2941176470588,2725.6443608198733,1,0,1.9965538818740682,true
openjpa-jdbc/src/main/java/org/apache/openjpa/jdbc/sql/Select.java,448.0,10.0,4465.0,95.0,0.0,171.0,5.0,null,1,0.0024875621890547263,5.0,0.0,0.0,0.0,3390.1935483870966,90685.61537618471,1,0,0.7055697005585025,false
openjpa-jdbc/src/main/java/org/apache/openjpa/jdbc/sql/SelectImpl.java,1917.0,42.0,13996.0,176.0,414.0,483.0,3.0,null,1,0.0024875621890547263,3.0,0.0,1.0,0.0,3390.1935483870966,90685.61537618471,1,2,0.7055697005585025,true
openjpa-kernel-5/src/main/java/org/apache/openjpa/enhance/ClassRedefiner.java,84.0,18.0,3.0,3.0,19.0,17.0,2.0,pcl@13f79535-47bb-0310-9956-ffa450edef68,1,0.0024875621890547263,33.0,0.0,0.0,0.0,3390.1935483870966,90685.61537618471,1,0,0.7055697005585025,false
openjpa-kernel-5/src/main/java/org/apache/openjpa/enhance/InstrumentationFactory.java,52.0,6.0,6.0,5.0,17.0,14.0,0.0,pcl@13f79535-47bb-0310-9956-ffa450edef68,0,0.0,0.0,0.0,0.0,0.0,0.0,0.0,0,0,0.0,false
openjpa-kernel-5/src/main/java/org/apache/openjpa/enhance/ManagedClassSubclasser.java,130.0,24.0,34.0,9.0,70.0,33.0,17.0,pcl@13f79535-47bb-0310-9956-ffa450edef68,2,0.004975124378109453,25.0,0.0,0.0,0.0,3826.3649769585254,92751.79949438077,2,0,0.7304326528888601,false
openjpa-kernel-5/src/main/java/org/apache/openjpa/enhance/PCClassFileTransformer.java,123.0,13.0,9.0,6.0,36.0,26.0,0.0,pcl@13f79535-47bb-0310-9956-ffa450edef68,0,0.0,0.0,0.0,0.0,0.0,0.0,0.0,0,0,0.0,false
openjpa-kernel-5/src/main/java/org/apache/openjpa/enhance/PCEnhancerAgent.java,45.0,9.0,3.0,3.0,20.0,8.0,20.0,pcl@13f79535-47bb-0310-9956-ffa450edef68,3,0.007462686567164179,33.0,11.0,0.0,11.0,4119.930194349829,93488.7608617802,3,1,0.9966018849614509,false
openjpa-kernel/src/main/java/org/apache/openjpa/conf/CacheMarshaller.java,39.0,2.0,10.0,5.0,0.0,12.0,27.0,pcl@13f79535-47bb-0310-9956-ffa450edef68,1,0.0024875621890547263,25.0,0.0,0.0,0.0,3390.1935483870966,90685.61537618471,1,0,0.7055697005585025,false
openjpa-kernel/src/main/java/org/apache/openjpa/conf/CacheMarshallerImpl.java,147.0,16.0,52.0,16.0,48.0,41.0,14.0,pcl@13f79535-47bb-0310-9956-ffa450edef68,1,0.0024875621890547263,25.0,0.0,0.0,0.0,3390.1935483870966,90685.61537618471,1,0,0.7055697005585025,false
openjpa-kernel/src/main/java/org/apache/openjpa/conf/CacheMarshallersValue.java,69.0,7.0,9.0,7.0,18.0,20.0,27.0,ppoddar@13f79535-47bb-0310-9956-ffa450edef68,1,0.0024875621890547263,20.0,0.0,0.0,0.0,3390.1935483870966,90685.61537618471,1,0,0.7055697005585025,false
openjpa-kernel/src/main/java/org/apache/openjpa/conf/MetaDataCacheMaintenance.java,96.0,14.0,0.0,9.0,56.0,21.0,14.0,pcl@13f79535-47bb-0310-9956-ffa450edef68,1,0.0024875621890547263,22.0,0.0,0.0,0.0,3390.1935483870966,90685.61537618471,1,0,0.7055697005585025,false
openjpa-kernel/src/main/java/org/apache/openjpa/conf/MetaDataRepositoryValue.java,25.0,5.0,1.0,2.0,9.0,5.0,27.0,curtisr7@13f79535-47bb-0310-9956-ffa450edef68,1,0.0024875621890547263,17.0,0.0,0.0,0.0,3390.1935483870966,90685.61537618471,1,0,0.7055697005585025,false
openjpa-kernel/src/main/java/org/apache/openjpa/conf/NoOpCacheMarshaller.java,20.0,0.0,8.0,5.0,0.0,7.0,27.0,pcl@13f79535-47bb-0310-9956-ffa450edef68,1,0.0024875621890547263,50.0,0.0,0.0,0.0,3390.1935483870966,90685.61537618471,1,0,0.7055697005585025,false
openjpa-kernel/src/main/java/org/apache/openjpa/conf/OpenJPAConfiguration.java,951.0,29.0,18915.0,195.0,0.0,306.0,18.0,null,4,0.009950248756218905,9.0,0.0,0.0,2.0,4433.698310291858,97159.63091467413,4,0,0.8428314097050496,true
openjpa-kernel/src/main/java/org/apache/openjpa/conf/OpenJPAConfigurationImpl.java,953.0,35.0,19675.0,203.0,255.0,344.0,18.0,null,4,0.009950248756218905,7.0,1.0,0.0,3.0,4679.2635276831625,97861.27783497979,4,1,0.4746781835811067,false
openjpa-kernel/src/main/java/org/apache/openjpa/conf/OpenJPAVersion.java,94.0,6.0,6.0,4.0,14.0,7.0,2.0,null,1,0.0024875621890547263,12.0,0.0,0.0,0.0,3390.1935483870966,90685.61537618471,1,1,0.7055697005585025,false
openjpa-kernel/src/main/java/org/apache/openjpa/conf/OpenJPAVersionAndConfigurationTypeValidationPolicy.java,23.0,3.0,4.0,5.0,3.0,10.0,27.0,pcl@13f79535-47bb-0310-9956-ffa450edef68,1,0.0024875621890547263,50.0,0.0,0.0,0.0,3390.1935483870966,90685.61537618471,1,0,0.7055697005585025,false
openjpa-kernel/src/main/java/org/apache/openjpa/conf/QueryCompilationCacheValue.java,29.0,9.0,1.0,2.0,7.0,6.0,27.0,pcl@13f79535-47bb-0310-9956-ffa450edef68,1,0.0024875621890547263,10.0,0.0,0.0,0.0,3390.1935483870966,90685.61537618471,1,1,0.7055697005585025,false
openjpa-kernel/src/main/java/org/apache/openjpa/datacache/DataCachePCDataImpl.java,82.0,10.0,188.0,20.0,8.0,36.0,17.0,pcl@13f79535-47bb-0310-9956-ffa450edef68,1,0.0024875621890547263,11.0,0.0,0.0,0.0,3390.1935483870966,90685.61537618471,1,0,0.7055697005585025,false
openjpa-kernel/src/main/java/org/apache/openjpa/datacache/DataCacheScheduler.java,153.0,16.0,14.0,9.0,32.0,21.0,5.0,null,1,0.0024875621890547263,22.0,0.0,0.0,0.0,497.2941176470588,2725.6443608198733,1,0,1.9965538818740682,false
openjpa-kernel/src/main/java/org/apache/openjpa/datacache/DataCacheStoreManager.java,445.0,24.0,88.0,20.0,177.0,70.0,42.0,null,1,0.0024875621890547263,3.0,0.0,0.0,0.0,436.1714285714286,2066.1841181960613,1,1,2.6897010624340134,true
openjpa-kernel/src/main/java/org/apache/openjpa/datacache/QueryCacheStoreQuery.java,415.0,26.0,0.0,25.0,42.0,56.0,42.0,null,1,0.0024875621890547263,4.0,0.0,0.0,0.0,436.1714285714286,2066.1841181960613,1,0,2.6897010624340134,false
openjpa-kernel/src/main/java/org/apache/openjpa/datacache/QueryKey.java,250.0,27.0,89.0,18.0,92.0,69.0,0.0,null,0,0.0,0.0,0.0,0.0,0.0,0.0,0.0,0,0,0.0,true
openjpa-kernel/src/main/java/org/apache/openjpa/ee/AbstractManagedRuntime.java,9.0,1.0,0.0,1.0,2.0,3.0,0.0,struberg@13f79535-47bb-0310-9956-ffa450edef68,0,0.0,0.0,0.0,0.0,0.0,0.0,0.0,0,0,0.0,false
openjpa-kernel/src/main/java/org/apache/openjpa/ee/AutomaticManagedRuntime.java,154.0,8.0,7.0,7.0,18.0,20.0,0.0,mikedd@13f79535-47bb-0310-9956-ffa450edef68,0,0.0,0.0,0.0,0.0,0.0,0.0,0.0,0,1,0.0,false
openjpa-kernel/src/main/java/org/apache/openjpa/ee/InvocationManagedRuntime.java,44.0,5.0,20.0,8.0,11.0,16.0,0.0,curtisr7@13f79535-47bb-0310-9956-ffa450edef68,0,0.0,0.0,0.0,0.0,0.0,0.0,0.0,0,0,0.0,false
openjpa-kernel/src/main/java/org/apache/openjpa/ee/JNDIManagedRuntime.java,42.0,3.0,4.0,5.0,5.0,12.0,0.0,joes@13f79535-47bb-0310-9956-ffa450edef68,0,0.0,0.0,0.0,0.0,0.0,0.0,0.0,0,0,0.0,false
openjpa-kernel/src/main/java/org/apache/openjpa/ee/ManagedRuntime.java,25.0,2.0,6.0,4.0,0.0,14.0,0.0,joes@13f79535-47bb-0310-9956-ffa450edef68,0,0.0,0.0,0.0,0.0,0.0,0.0,0.0,0,0,0.0,false
openjpa-kernel/src/main/java/org/apache/openjpa/ee/RegistryManagedRuntime.java,88.0,13.0,7.0,6.0,6.0,15.0,0.0,mikedd@13f79535-47bb-0310-9956-ffa450edef68,0,0.0,0.0,0.0,0.0,0.0,0.0,0.0,0,0,0.0,false
openjpa-kernel/src/main/java/org/apache/openjpa/ee/SunOneManagedRuntime.java,23.0,2.0,4.0,4.0,6.0,11.0,0.0,joes@13f79535-47bb-0310-9956-ffa450edef68,0,0.0,0.0,0.0,0.0,0.0,0.0,0.0,0,0,0.0,false
openjpa-kernel/src/main/java/org/apache/openjpa/ee/WASManagedRuntime.java,224.0,24.0,19.0,7.0,21.0,19.0,0.0,mikedd@13f79535-47bb-0310-9956-ffa450edef68,0,0.0,0.0,0.0,0.0,0.0,0.0,0.0,0,0,0.0,false
openjpa-kernel/src/main/java/org/apache/openjpa/ee/WLSManagedRuntime.java,35.0,3.0,4.0,4.0,14.0,13.0,0.0,joes@13f79535-47bb-0310-9956-ffa450edef68,0,0.0,0.0,0.0,0.0,0.0,0.0,0.0,0,0,0.0,false
openjpa-kernel/src/main/java/org/apache/openjpa/enhance/ApplicationIdTool.java,894.0,43.0,745.0,47.0,365.0,201.0,23.0,null,1,0.0024875621890547263,7.0,0.0,0.0,0.0,3390.1935483870966,90685.61537618471,1,1,0.7055697005585025,false
openjpa-kernel/src/main/java/org/apache/openjpa/enhance/AttributeTranslator.java,7.0,0.0,0.0,1.0,0.0,1.0,0.0,pcl@13f79535-47bb-0310-9956-ffa450edef68,0,0.0,0.0,0.0,0.0,0.0,0.0,0.0,0,0,0.0,false
openjpa-kernel/src/main/java/org/apache/openjpa/enhance/DynamicPCHelper.java,9.0,0.0,0.0,1.0,0.0,2.0,8.0,pcl@13f79535-47bb-0310-9956-ffa450edef68,1,0.0024875621890547263,50.0,0.0,0.0,0.0,3390.1935483870966,90685.61537618471,1,0,0.7055697005585025,false
openjpa-kernel/src/main/java/org/apache/openjpa/enhance/DynamicPersistenceCapable.java,6.0,0.0,0.0,0.0,0.0,0.0,0.0,pcl@13f79535-47bb-0310-9956-ffa450edef68,0,0.0,0.0,0.0,0.0,0.0,0.0,0.0,0,0,0.0,false
openjpa-kernel/src/main/java/org/apache/openjpa/enhance/DynamicStorageGenerator.java,374.0,17.0,247.0,23.0,163.0,77.0,0.0,mikedd@13f79535-47bb-0310-9956-ffa450edef68,0,0.0,0.0,0.0,0.0,0.0,0.0,0.0,0,1,0.0,false
openjpa-kernel/src/main/java/org/apache/openjpa/enhance/ManagedInstanceProvider.java,7.0,0.0,0.0,1.0,0.0,1.0,0.0,pcl@13f79535-47bb-0310-9956-ffa450edef68,0,0.0,0.0,0.0,0.0,0.0,0.0,0.0,0,0,0.0,false
openjpa-kernel/src/main/java/org/apache/openjpa/enhance/PCEnhancer.java,2749.0,78.0,3171.0,118.0,1441.0,495.0,18.0,null,3,0.007462686567164179,9.0,0.0,2.0,0.0,4323.659094605584,95477.44385520065,3,2,0.38385906260888736,true
openjpa-kernel/src/main/java/org/apache/openjpa/enhance/PCRegistry.java,178.0,9.0,96.0,17.0,41.0,52.0,41.0,null,1,0.0024875621890547263,9.0,0.0,9.0,0.0,3390.1935483870966,90685.61537618471,1,0,0.7055697005585025,false
openjpa-kernel/src/main/java/org/apache/openjpa/enhance/PCSubclassValidator.java,117.0,16.0,0.0,11.0,80.0,33.0,0.0,mikedd@13f79535-47bb-0310-9956-ffa450edef68,0,0.0,0.0,0.0,0.0,0.0,0.0,0.0,0,0,0.0,false
openjpa-kernel/src/main/java/org/apache/openjpa/enhance/RedefinitionHelper.java,111.0,3.0,66.0,12.0,34.0,36.0,8.0,pcl@13f79535-47bb-0310-9956-ffa450edef68,1,0.0024875621890547263,33.0,0.0,0.0,0.0,3390.1935483870966,90685.61537618471,1,0,0.7055697005585025,false
openjpa-kernel/src/main/java/org/apache/openjpa/enhance/ReflectingPersistenceCapable.java,225.0,10.0,188.0,33.0,94.0,91.0,34.0,ppoddar@13f79535-47bb-0310-9956-ffa450edef68,1,0.0024875621890547263,18.0,0.0,9.0,0.0,3390.1935483870966,90685.61537618471,1,0,0.7055697005585025,false
openjpa-kernel/src/main/java/org/apache/openjpa/enhance/Reflection.java,546.0,11.0,1366.0,53.0,144.0,187.0,0.0,null,0,0.0,0.0,0.0,0.0,0.0,0.0,0.0,0,1,0.0,true
openjpa-kernel/src/main/java/org/apache/openjpa/enhance/RuntimeUnenhancedClasssesModes.java,9.0,0.0,0.0,0.0,0.0,0.0,42.0,mprudhom@13f79535-47bb-0310-9956-ffa450edef68,1,0.0024875621890547263,33.0,0.0,0.0,0.0,436.1714285714286,2066.1841181960613,1,0,2.6897010624340134,false
openjpa-kernel/src/main/java/org/apache/openjpa/event/BeanLifecycleCallbacks.java,46.0,9.0,3.0,6.0,17.0,17.0,0.0,null,0,0.0,0.0,0.0,0.0,0.0,0.0,0.0,0,1,0.0,true
openjpa-kernel/src/main/java/org/apache/openjpa/event/BrokerFactoryEvent.java,24.0,2.0,1.0,3.0,1.0,5.0,0.0,pcl@13f79535-47bb-0310-9956-ffa450edef68,0,0.0,0.0,0.0,0.0,0.0,0.0,0.0,0,0,0.0,false
openjpa-kernel/src/main/java/org/apache/openjpa/event/BrokerFactoryEventManager.java,20.0,4.0,0.0,2.0,4.0,3.0,0.0,pcl@13f79535-47bb-0310-9956-ffa450edef68,0,0.0,0.0,0.0,0.0,0.0,0.0,0.0,0,0,0.0,false
openjpa-kernel/src/main/java/org/apache/openjpa/event/BrokerFactoryListener.java,10.0,0.0,0.0,1.0,0.0,1.0,0.0,pcl@13f79535-47bb-0310-9956-ffa450edef68,0,0.0,0.0,0.0,0.0,0.0,0.0,0.0,0,0,0.0,false
openjpa-kernel/src/main/java/org/apache/openjpa/event/JMSRemoteCommitProvider.java,162.0,22.0,28.0,13.0,62.0,46.0,1.0,pcl@13f79535-47bb-0310-9956-ffa450edef68,1,0.0024875621890547263,25.0,0.0,0.0,0.0,293.5652173913043,736.9613673994279,1,0,2.890371757896165,false
openjpa-kernel/src/main/java/org/apache/openjpa/event/MethodLifecycleCallbacks.java,87.0,10.0,3.0,11.0,24.0,32.0,0.0,null,0,0.0,0.0,0.0,0.0,0.0,0.0,0.0,0,1,0.0,true
openjpa-kernel/src/main/java/org/apache/openjpa/event/RemoteCommitEventManager.java,156.0,13.0,105.0,18.0,40.0,41.0,0.0,pcl@13f79535-47bb-0310-9956-ffa450edef68,0,0.0,0.0,0.0,0.0,0.0,0.0,0.0,0,2,0.0,false
openjpa-kernel/src/main/java/org/apache/openjpa/event/TCPRemoteCommitProvider.java,627.0,36.0,54.0,16.0,71.0,48.0,0.0,mikedd@13f79535-47bb-0310-9956-ffa450edef68,0,0.0,0.0,0.0,0.0,0.0,0.0,0.0,0,0,0.0,false
openjpa-kernel/src/main/java/org/apache/openjpa/kernel/AbstractBrokerFactory.java,485.0,39.0,455.0,38.0,200.0,118.0,16.0,null,3,0.007462686567164179,6.0,3.0,1.0,1.0,4243.092099111735,95795.09371678373,3,1,1.0926260076250307,true
openjpa-kernel/src/main/java/org/apache/openjpa/kernel/AttachManager.java,217.0,21.0,69.0,18.0,66.0,63.0,0.0,null,0,0.0,0.0,0.0,0.0,0.0,0.0,0.0,0,0,0.0,false
openjpa-kernel/src/main/java/org/apache/openjpa/kernel/Broker.java,456.0,10.0,4950.0,100.0,0.0,166.0,0.0,ppoddar@13f79535-47bb-0310-9956-ffa450edef68,0,0.0,0.0,0.0,0.0,0.0,0.0,0.0,0,0,0.0,false
openjpa-kernel/src/main/java/org/apache/openjpa/kernel/BrokerImpl.java,3449.0,63.0,20819.0,230.0,1111.0,793.0,11.0,null,3,0.007462686567164179,4.0,1.0,2.0,0.0,3935.487666034155,93446.57418409835,3,2,0.6817421556074212,true
openjpa-kernel/src/main/java/org/apache/openjpa/kernel/DelegatingBroker.java,1303.0,10.0,0.0,164.0,318.0,573.0,0.0,ppoddar@13f79535-47bb-0310-9956-ffa450edef68,0,0.0,0.0,0.0,0.0,0.0,0.0,0.0,0,0,0.0,false
openjpa-kernel/src/main/java/org/apache/openjpa/kernel/DelegatingFetchConfiguration.java,439.0,7.0,0.0,53.0,98.0,196.0,18.0,null,2,0.004975124378109453,20.0,0.0,7.0,7.0,933.4655462184874,4791.828479015934,2,0,1.5910887737659039,false
openjpa-kernel/src/main/java/org/apache/openjpa/kernel/DetachedStateAttachStrategy.java,94.0,10.0,3.0,3.0,51.0,15.0,41.0,pcl@13f79535-47bb-0310-9956-ffa450edef68,1,0.0024875621890547263,17.0,0.0,17.0,0.0,3390.1935483870966,90685.61537618471,1,0,0.7055697005585025,false
openjpa-kernel/src/main/java/org/apache/openjpa/kernel/DetachedStateManager.java,657.0,18.0,6918.0,121.0,156.0,252.0,22.0,null,2,0.004975124378109453,12.0,0.0,6.0,0.0,3949.52688172043,95058.1323493843,2,0,0.6811746184737865,false
openjpa-kernel/src/main/java/org/apache/openjpa/kernel/DetachedValueStateManager.java,407.0,14.0,6863.0,118.0,43.0,234.0,41.0,null,1,0.0024875621890547263,8.0,0.0,8.0,0.0,3390.1935483870966,90685.61537618471,1,0,0.7055697005585025,false
openjpa-kernel/src/main/java/org/apache/openjpa/kernel/ExpressionStoreQuery.java,434.0,35.0,164.0,20.0,17.0,52.0,27.0,ppoddar@13f79535-47bb-0310-9956-ffa450edef68,1,0.0024875621890547263,5.0,0.0,0.0,0.0,3390.1935483870966,90685.61537618471,1,0,0.7055697005585025,false
openjpa-kernel/src/main/java/org/apache/openjpa/kernel/FetchConfiguration.java,229.0,7.0,1035.0,46.0,0.0,85.0,13.0,null,3,0.007462686567164179,28.0,0.0,6.0,6.0,4323.659094605584,95477.44385520065,3,0,0.5638694774736868,false
openjpa-kernel/src/main/java/org/apache/openjpa/kernel/FetchConfigurationImpl.java,530.0,29.0,276.0,68.0,184.0,205.0,10.0,ppoddar@13f79535-47bb-0310-9956-ffa450edef68,4,0.009950248756218905,19.0,0.0,5.0,3.0,4617.224311996888,96214.40522260008,4,0,0.6303148261519946,false
openjpa-kernel/src/main/java/org/apache/openjpa/kernel/LocalManagedRuntime.java,124.0,14.0,90.0,17.0,18.0,41.0,0.0,joes@13f79535-47bb-0310-9956-ffa450edef68,0,0.0,0.0,0.0,0.0,0.0,0.0,0.0,0,0,0.0,false
openjpa-kernel/src/main/java/org/apache/openjpa/kernel/ObjectIdStateManager.java,511.0,18.0,9549.0,139.0,99.0,267.0,41.0,null,1,0.0024875621890547263,8.0,0.0,8.0,0.0,3390.1935483870966,90685.61537618471,1,1,0.7055697005585025,false
openjpa-kernel/src/main/java/org/apache/openjpa/kernel/QueryImpl.java,1505.0,45.0,3538.0,104.0,476.0,316.0,14.0,ppoddar@13f79535-47bb-0310-9956-ffa450edef68,1,0.0024875621890547263,5.0,0.0,0.0,0.0,3390.1935483870966,90685.61537618471,1,1,0.7055697005585025,false
openjpa-kernel/src/main/java/org/apache/openjpa/kernel/SaveFieldManager.java,129.0,9.0,0.0,8.0,43.0,27.0,41.0,pcl@13f79535-47bb-0310-9956-ffa450edef68,1,0.0024875621890547263,14.0,0.0,14.0,0.0,3390.1935483870966,90685.61537618471,1,1,0.7055697005585025,false
openjpa-kernel/src/main/java/org/apache/openjpa/kernel/SingleFieldManager.java,574.0,22.0,265.0,35.0,213.0,126.0,16.0,null,2,0.004975124378109453,12.0,4.0,12.0,0.0,3826.3649769585254,92751.79949438077,2,0,0.7304326528888601,true
openjpa-kernel/src/main/java/org/apache/openjpa/kernel/StateManagerImpl.java,2137.0,33.0,10731.0,211.0,1001.0,629.0,15.0,null,3,0.007462686567164179,8.0,1.0,3.0,1.0,4323.659094605584,95477.44385520065,3,1,0.40216977008977417,true
openjpa-kernel/src/main/java/org/apache/openjpa/kernel/StoreContext.java,264.0,5.0,1485.0,55.0,0.0,90.0,0.0,null,0,0.0,0.0,0.0,0.0,0.0,0.0,0.0,0,1,0.0,false
openjpa-kernel/src/main/java/org/apache/openjpa/kernel/StoreManager.java,177.0,7.0,435.0,30.0,0.0,87.0,0.0,ppoddar@13f79535-47bb-0310-9956-ffa450edef68,0,0.0,0.0,0.0,0.0,0.0,0.0,0.0,0,0,0.0,false
openjpa-kernel/src/main/java/org/apache/openjpa/kernel/VersionAttachStrategy.java,200.0,14.0,36.0,9.0,99.0,45.0,0.0,pcl@13f79535-47bb-0310-9956-ffa450edef68,0,0.0,0.0,0.0,0.0,0.0,0.0,0.0,0,0,0.0,false
openjpa-kernel/src/main/java/org/apache/openjpa/kernel/exps/AbstractExpressionBuilder.java,342.0,18.0,271.0,26.0,100.0,89.0,0.0,null,0,0.0,0.0,0.0,0.0,0.0,0.0,0.0,0,0,0.0,true
openjpa-kernel/src/main/java/org/apache/openjpa/kernel/exps/CandidatePath.java,111.0,12.0,24.0,12.0,28.0,30.0,0.0,null,0,0.0,0.0,0.0,0.0,0.0,0.0,0.0,0,0,0.0,false
openjpa-kernel/src/main/java/org/apache/openjpa/kernel/exps/Expression.java,10.0,1.0,0.0,1.0,0.0,1.0,27.0,pcl@13f79535-47bb-0310-9956-ffa450edef68,1,0.0024875621890547263,50.0,0.0,0.0,0.0,3390.1935483870966,90685.61537618471,1,0,0.7055697005585025,false
openjpa-kernel/src/main/java/org/apache/openjpa/kernel/exps/Path.java,32.0,2.0,10.0,5.0,0.0,8.0,0.0,wisneskid@13f79535-47bb-0310-9956-ffa450edef68,0,0.0,0.0,0.0,0.0,0.0,0.0,0.0,0,0,0.0,true
openjpa-kernel/src/main/java/org/apache/openjpa/kernel/exps/QueryExpressions.java,76.0,9.0,1.0,2.0,3.0,5.0,15.0,ppoddar@13f79535-47bb-0310-9956-ffa450edef68,1,0.0024875621890547263,10.0,0.0,0.0,0.0,3390.1935483870966,90685.61537618471,1,0,0.7055697005585025,true
openjpa-kernel/src/main/java/org/apache/openjpa/kernel/exps/Value.java,38.0,2.0,28.0,8.0,0.0,14.0,12.0,fancy@13f79535-47bb-0310-9956-ffa450edef68,1,0.0024875621890547263,17.0,0.0,0.0,0.0,3390.1935483870966,90685.61537618471,1,0,0.7055697005585025,false
openjpa-kernel/src/main/java/org/apache/openjpa/kernel/jpql/JPQLExpressionBuilder.java,1013.0,32.0,2248.0,68.0,352.0,237.0,12.0,null,1,0.0024875621890547263,4.0,0.0,1.0,0.0,3390.1935483870966,90685.61537618471,1,0,0.7055697005585025,false
openjpa-kernel/src/main/java/org/apache/openjpa/kernel/jpql/JPQLParser.java,34.0,9.0,8.0,5.0,8.0,15.0,1.0,null,1,0.0024875621890547263,20.0,0.0,0.0,0.0,3390.1935483870966,90685.61537618471,1,0,0.7055697005585025,false
openjpa-kernel/src/main/java/org/apache/openjpa/meta/AbstractCFMetaDataFactory.java,581.0,37.0,548.0,36.0,179.0,108.0,6.0,null,1,0.0024875621890547263,4.0,0.0,0.0,0.0,559.3333333333334,4372.516973199579,1,1,2.043073897508961,false
openjpa-kernel/src/main/java/org/apache/openjpa/meta/ClassMetaData.java,1599.0,44.0,7045.0,135.0,483.0,433.0,0.0,null,0,0.0,0.0,0.0,0.0,0.0,0.0,0.0,0,1,0.0,true
openjpa-kernel/src/main/java/org/apache/openjpa/meta/DelegatingMetaDataFactory.java,75.0,5.0,0.0,19.0,17.0,29.0,0.0,curtisr7@13f79535-47bb-0310-9956-ffa450edef68,0,0.0,0.0,0.0,0.0,0.0,0.0,0.0,0,0,0.0,false
openjpa-kernel/src/main/java/org/apache/openjpa/meta/FetchGroup.java,251.0,14.0,20.0,21.0,63.0,68.0,2.0,mikedd@13f79535-47bb-0310-9956-ffa450edef68,1,0.0024875621890547263,25.0,12.0,12.0,0.0,293.5652173913043,736.9613673994279,1,0,2.890371757896165,false
openjpa-kernel/src/main/java/org/apache/openjpa/meta/FieldMetaData.java,1416.0,45.0,8587.0,147.0,324.0,408.0,18.0,null,4,0.009950248756218905,10.0,0.0,0.0,0.0,4882.992427938918,99849.96082840023,4,2,0.29591460837668726,true
openjpa-kernel/src/main/java/org/apache/openjpa/meta/InMemoryRelatedFieldOrder.java,39.0,5.0,0.0,5.0,7.0,10.0,0.0,pcl@13f79535-47bb-0310-9956-ffa450edef68,0,0.0,0.0,0.0,0.0,0.0,0.0,0.0,0,0,0.0,false
openjpa-kernel/src/main/java/org/apache/openjpa/meta/InMemoryValueOrder.java,57.0,6.0,9.0,6.0,10.0,14.0,0.0,pcl@13f79535-47bb-0310-9956-ffa450edef68,0,0.0,0.0,0.0,0.0,0.0,0.0,0.0,0,0,0.0,false
openjpa-kernel/src/main/java/org/apache/openjpa/meta/InterfaceImplGenerator.java,137.0,20.0,13.0,7.0,76.0,27.0,0.0,mikedd@13f79535-47bb-0310-9956-ffa450edef68,0,0.0,0.0,0.0,0.0,0.0,0.0,0.0,0,1,0.0,false
openjpa-kernel/src/main/java/org/apache/openjpa/meta/JavaTypes.java,280.0,23.0,58.0,12.0,56.0,42.0,17.0,null,1,0.0024875621890547263,6.0,0.0,0.0,0.0,3390.1935483870966,90685.61537618471,1,0,0.7055697005585025,true
openjpa-kernel/src/main/java/org/apache/openjpa/meta/MetaDataFactory.java,81.0,5.0,120.0,16.0,0.0,33.0,0.0,ppoddar@13f79535-47bb-0310-9956-ffa450edef68,0,0.0,0.0,0.0,0.0,0.0,0.0,0.0,0,0,0.0,false
openjpa-kernel/src/main/java/org/apache/openjpa/meta/MetaDataModes.java,14.0,0.0,0.0,0.0,0.0,0.0,2.0,mprudhom@13f79535-47bb-0310-9956-ffa450edef68,1,0.0024875621890547263,33.0,0.0,0.0,0.0,3390.1935483870966,90685.61537618471,1,0,0.7055697005585025,false
openjpa-kernel/src/main/java/org/apache/openjpa/meta/MetaDataRepository.java,1273.0,34.0,4352.0,104.0,372.0,360.0,16.0,null,1,0.0024875621890547263,3.0,0.0,2.0,0.0,3390.1935483870966,90685.61537618471,1,1,0.7055697005585025,true
openjpa-kernel/src/main/java/org/apache/openjpa/meta/NoneMetaDataFactory.java,78.0,6.0,351.0,27.0,0.0,44.0,0.0,null,0,0.0,0.0,0.0,0.0,0.0,0.0,0.0,0,0,0.0,false
openjpa-kernel/src/main/java/org/apache/openjpa/meta/XMLClassMetaData.java,77.0,2.0,139.0,19.0,3.0,30.0,0.0,wisneskid@13f79535-47bb-0310-9956-ffa450edef68,0,0.0,0.0,0.0,0.0,0.0,0.0,0.0,0,0,0.0,true
openjpa-kernel/src/main/java/org/apache/openjpa/meta/XMLFieldMetaData.java,74.0,1.0,160.0,20.0,4.0,32.0,0.0,wisneskid@13f79535-47bb-0310-9956-ffa450edef68,0,0.0,0.0,0.0,0.0,0.0,0.0,0.0,0,0,0.0,false
openjpa-kernel/src/main/java/org/apache/openjpa/meta/XMLMetaData.java,83.0,1.0,136.0,17.0,0.0,23.0,0.0,wisneskid@13f79535-47bb-0310-9956-ffa450edef68,0,0.0,0.0,0.0,0.0,0.0,0.0,0.0,0,1,0.0,true
openjpa-kernel/src/main/java/org/apache/openjpa/util/AbstractChangeTracker.java,154.0,6.0,143.0,22.0,18.0,49.0,0.0,struberg@13f79535-47bb-0310-9956-ffa450edef68,0,0.0,0.0,0.0,0.0,0.0,0.0,0.0,0,0,0.0,false
openjpa-kernel/src/main/java/org/apache/openjpa/util/ApplicationIds.java,357.0,20.0,36.0,9.0,126.0,49.0,42.0,null,1,0.0024875621890547263,4.0,0.0,0.0,0.0,436.1714285714286,2066.1841181960613,1,1,2.6897010624340134,false
openjpa-kernel/src/main/java/org/apache/openjpa/util/ClassResolverImpl.java,21.0,3.0,0.0,1.0,6.0,4.0,0.0,mikedd@13f79535-47bb-0310-9956-ffa450edef68,0,0.0,0.0,0.0,0.0,0.0,0.0,0.0,0,1,0.0,false
openjpa-kernel/src/main/java/org/apache/openjpa/util/Exceptions.java,134.0,11.0,45.0,10.0,39.0,42.0,0.0,null,0,0.0,0.0,0.0,0.0,0.0,0.0,0.0,0,1,0.0,false
openjpa-kernel/src/main/java/org/apache/openjpa/util/GeneratedClasses.java,49.0,7.0,3.0,3.0,12.0,13.0,0.0,mikedd@13f79535-47bb-0310-9956-ffa450edef68,0,0.0,0.0,0.0,0.0,0.0,0.0,0.0,0,0,0.0,false
openjpa-kernel/src/main/java/org/apache/openjpa/util/ImplHelper.java,176.0,28.0,91.0,14.0,55.0,57.0,41.0,pcl@13f79535-47bb-0310-9956-ffa450edef68,2,0.004975124378109453,12.0,0.0,6.0,0.0,3826.3649769585254,92751.79949438077,2,1,1.0044882009363127,false
openjpa-kernel/src/main/java/org/apache/openjpa/util/MultiLoaderClassResolver.java,18.0,3.0,0.0,4.0,2.0,7.0,0.0,kwsutter@13f79535-47bb-0310-9956-ffa450edef68,0,0.0,0.0,0.0,0.0,0.0,0.0,0.0,0,0,0.0,false
openjpa-kernel/src/main/java/org/apache/openjpa/util/OpenJPAId.java,93.0,3.0,27.0,14.0,13.0,29.0,0.0,curtisr7@13f79535-47bb-0310-9956-ffa450edef68,0,0.0,0.0,0.0,0.0,0.0,0.0,0.0,0,0,0.0,false
openjpa-kernel/src/main/java/org/apache/openjpa/util/ProxyManagerImpl.java,1177.0,44.0,1865.0,63.0,529.0,223.0,3.0,null,2,0.004975124378109453,12.0,4.0,4.0,0.0,1056.627450980392,7098.161334019453,2,1,1.375546385457553,true
openjpa-kernel/src/main/java/org/apache/openjpa/util/Serialization.java,127.0,17.0,3.0,3.0,5.0,11.0,0.0,null,0,0.0,0.0,0.0,0.0,0.0,0.0,0.0,0,1,0.0,false
openjpa-kernel/src/test/java/org/apache/openjpa/meta/TestMemberProvider.java,22.0,7.0,3.0,3.0,15.0,7.0,27.0,pcl@13f79535-47bb-0310-9956-ffa450edef68,1,0.0024875621890547263,50.0,0.0,0.0,0.0,3390.1935483870966,90685.61537618471,1,0,0.7055697005585025,false
openjpa-kernel/src/test/java/org/apache/openjpa/util/TestProxyManager.java,712.0,30.0,556.0,68.0,248.0,102.0,2.0,curtisr7@13f79535-47bb-0310-9956-ffa450edef68,1,0.0024875621890547263,14.0,14.0,14.0,0.0,497.2941176470588,2725.6443608198733,1,0,1.9965538818740682,true
openjpa-lib-5/src/main/java/org/apache/openjpa/lib/util/J2DoPriv5Helper.java,42.0,2.0,15.0,6.0,6.0,15.0,10.0,pcl@13f79535-47bb-0310-9956-ffa450edef68,1,0.0024875621890547263,50.0,0.0,0.0,0.0,3390.1935483870966,90685.61537618471,1,0,0.7055697005585025,false
openjpa-lib/src/main/java/org/apache/openjpa/lib/ant/AbstractTask.java,109.0,17.0,79.0,14.0,34.0,35.0,0.0,null,0,0.0,0.0,0.0,0.0,0.0,0.0,0.0,0,1,0.0,false
openjpa-lib/src/main/java/org/apache/openjpa/lib/conf/BooleanValue.java,39.0,0.0,15.0,7.0,9.0,13.0,19.0,ppoddar@13f79535-47bb-0310-9956-ffa450edef68,1,0.0024875621890547263,17.0,17.0,0.0,17.0,293.5652173913043,736.9613673994279,1,0,2.890371757896165,false
openjpa-lib/src/main/java/org/apache/openjpa/lib/conf/Configuration.java,132.0,8.0,253.0,23.0,0.0,39.0,19.0,ppoddar@13f79535-47bb-0310-9956-ffa450edef68,1,0.0024875621890547263,8.0,8.0,0.0,8.0,293.5652173913043,736.9613673994279,1,0,2.890371757896165,false
openjpa-lib/src/main/java/org/apache/openjpa/lib/conf/ConfigurationImpl.java,608.0,47.0,1548.0,60.0,226.0,180.0,21.0,ppoddar@13f79535-47bb-0310-9956-ffa450edef68,2,0.004975124378109453,8.0,5.0,3.0,3.0,3683.758765778401,91422.57674358414,2,1,1.5255902371554648,false
openjpa-lib/src/main/java/org/apache/openjpa/lib/conf/Configurations.java,382.0,24.0,201.0,22.0,124.0,95.0,12.0,null,2,0.004975124378109453,7.0,0.0,0.0,0.0,3887.487666034155,93411.25973700458,2,1,0.6579146106563402,false
openjpa-lib/src/main/java/org/apache/openjpa/lib/conf/DoubleValue.java,39.0,1.0,15.0,7.0,8.0,15.0,19.0,ppoddar@13f79535-47bb-0310-9956-ffa450edef68,1,0.0024875621890547263,17.0,17.0,0.0,17.0,293.5652173913043,736.9613673994279,1,0,2.890371757896165,false
openjpa-lib/src/main/java/org/apache/openjpa/lib/conf/FileValue.java,37.0,4.0,15.0,7.0,7.0,11.0,19.0,mikedd@13f79535-47bb-0310-9956-ffa450edef68,1,0.0024875621890547263,12.0,12.0,0.0,12.0,293.5652173913043,736.9613673994279,1,1,2.890371757896165,false
openjpa-lib/src/main/java/org/apache/openjpa/lib/conf/IntValue.java,39.0,1.0,15.0,7.0,8.0,15.0,19.0,ppoddar@13f79535-47bb-0310-9956-ffa450edef68,1,0.0024875621890547263,17.0,17.0,0.0,17.0,293.5652173913043,736.9613673994279,1,0,2.890371757896165,false
openjpa-lib/src/main/java/org/apache/openjpa/lib/conf/ObjectValue.java,81.0,6.0,64.0,12.0,17.0,25.0,19.0,mikedd@13f79535-47bb-0310-9956-ffa450edef68,1,0.0024875621890547263,8.0,8.0,0.0,8.0,293.5652173913043,736.9613673994279,1,1,2.890371757896165,false
openjpa-lib/src/main/java/org/apache/openjpa/lib/conf/PluginListValue.java,145.0,4.0,16.0,12.0,31.0,35.0,3.0,ppoddar@13f79535-47bb-0310-9956-ffa450edef68,1,0.0024875621890547263,17.0,17.0,0.0,0.0,293.5652173913043,736.9613673994279,1,0,2.890371757896165,false
openjpa-lib/src/main/java/org/apache/openjpa/lib/conf/PluginValue.java,93.0,2.0,11.0,14.0,26.0,28.0,19.0,null,1,0.0024875621890547263,11.0,11.0,0.0,11.0,293.5652173913043,736.9613673994279,1,0,2.890371757896165,false
openjpa-lib/src/main/java/org/apache/openjpa/lib/conf/ProductDerivations.java,261.0,13.0,56.0,16.0,48.0,65.0,23.0,null,1,0.0024875621890547263,4.0,0.0,0.0,0.0,3390.1935483870966,90685.61537618471,1,3,0.7055697005585025,false
openjpa-lib/src/main/java/org/apache/openjpa/lib/conf/StringListValue.java,74.0,6.0,30.0,9.0,20.0,21.0,19.0,ppoddar@13f79535-47bb-0310-9956-ffa450edef68,1,0.0024875621890547263,17.0,17.0,0.0,17.0,293.5652173913043,736.9613673994279,1,0,2.890371757896165,false
openjpa-lib/src/main/java/org/apache/openjpa/lib/conf/StringValue.java,37.0,1.0,19.0,7.0,6.0,11.0,19.0,ppoddar@13f79535-47bb-0310-9956-ffa450edef68,1,0.0024875621890547263,17.0,17.0,0.0,17.0,293.5652173913043,736.9613673994279,1,0,2.890371757896165,false
openjpa-lib/src/main/java/org/apache/openjpa/lib/conf/Value.java,314.0,5.0,626.0,40.0,47.0,110.0,12.0,ppoddar@13f79535-47bb-0310-9956-ffa450edef68,2,0.004975124378109453,27.0,18.0,9.0,18.0,3683.758765778401,91422.57674358414,2,0,1.5255902371554648,false
openjpa-lib/src/main/java/org/apache/openjpa/lib/graph/DepthFirstAnalysis.java,231.0,12.0,39.0,11.0,56.0,40.0,0.0,mikedd@13f79535-47bb-0310-9956-ffa450edef68,0,0.0,0.0,0.0,0.0,0.0,0.0,0.0,0,0,0.0,false
openjpa-lib/src/main/java/org/apache/openjpa/lib/graph/Edge.java,160.0,1.0,134.0,20.0,7.0,42.0,0.0,mikedd@13f79535-47bb-0310-9956-ffa450edef68,0,0.0,0.0,0.0,0.0,0.0,0.0,0.0,0,0,0.0,false
openjpa-lib/src/main/java/org/apache/openjpa/lib/graph/Graph.java,140.0,7.0,0.0,12.0,50.0,38.0,0.0,mikedd@13f79535-47bb-0310-9956-ffa450edef68,0,0.0,0.0,0.0,0.0,0.0,0.0,0.0,0,0,0.0,false
openjpa-lib/src/main/java/org/apache/openjpa/lib/jdbc/DelegatingConnection.java,361.0,16.0,631.0,59.0,117.0,195.0,1.0,null,1,0.0024875621890547263,9.0,0.0,0.0,0.0,4.0,48.326190391995944,1,0,4.394449154672439,false
openjpa-lib/src/main/java/org/apache/openjpa/lib/jdbc/DelegatingResultSet.java,461.0,19.0,0.0,146.0,139.0,375.0,17.0,null,1,0.0024875621890547263,11.0,0.0,0.0,0.0,3390.1935483870966,90685.61537618471,1,0,0.7055697005585025,false
openjpa-lib/src/main/java/org/apache/openjpa/lib/log/Log4JLogFactory.java,66.0,3.0,0.0,1.0,1.0,2.0,1.0,clr@13f79535-47bb-0310-9956-ffa450edef68,1,0.0024875621890547263,33.0,0.0,33.0,0.0,36.0,26.418605039411272,1,0,3.295836866004329,false
openjpa-lib/src/main/java/org/apache/openjpa/lib/meta/ClassAnnotationMetaDataFilter.java,139.0,4.0,24.0,9.0,27.0,29.0,2.0,struberg@13f79535-47bb-0310-9956-ffa450edef68,1,0.0024875621890547263,25.0,0.0,0.0,0.0,497.2941176470588,2725.6443608198733,1,0,1.9965538818740682,false
openjpa-lib/src/main/java/org/apache/openjpa/lib/meta/ClassMetaDataIterator.java,111.0,15.0,7.0,7.0,40.0,27.0,0.0,mikedd@13f79535-47bb-0310-9956-ffa450edef68,0,0.0,0.0,0.0,0.0,0.0,0.0,0.0,0,1,0.0,false
openjpa-lib/src/main/java/org/apache/openjpa/lib/meta/ClasspathMetaDataIterator.java,43.0,8.0,3.0,3.0,12.0,13.0,0.0,mikedd@13f79535-47bb-0310-9956-ffa450edef68,0,0.0,0.0,0.0,0.0,0.0,0.0,0.0,0,1,0.0,false
openjpa-lib/src/main/java/org/apache/openjpa/lib/meta/FileMetaDataIterator.java,117.0,16.0,10.0,8.0,22.0,30.0,6.0,mikedd@13f79535-47bb-0310-9956-ffa450edef68,1,0.0024875621890547263,12.0,0.0,0.0,0.0,559.3333333333334,4372.516973199579,1,1,2.043073897508961,false
openjpa-lib/src/main/java/org/apache/openjpa/lib/meta/ResourceMetaDataIterator.java,60.0,13.0,1.0,7.0,25.0,24.0,0.0,mikedd@13f79535-47bb-0310-9956-ffa450edef68,0,0.0,0.0,0.0,0.0,0.0,0.0,0.0,0,1,0.0,false
openjpa-lib/src/main/java/org/apache/openjpa/lib/meta/XMLMetaDataParser.java,445.0,32.0,1647.0,63.0,93.0,167.0,0.0,null,0,0.0,0.0,0.0,0.0,0.0,0.0,0.0,0,1,0.0,false
openjpa-lib/src/main/java/org/apache/openjpa/lib/util/J2DoPrivHelper.java,646.0,22.0,5151.0,102.0,84.0,296.0,6.0,null,3,0.007462686567164179,14.0,0.0,0.0,0.0,4446.820999367489,97783.77671020417,3,1,0.6457170696139822,true
openjpa-lib/src/main/java/org/apache/openjpa/lib/util/MultiClassLoader.java,185.0,9.0,0.0,19.0,54.0,58.0,1.0,null,1,0.0024875621890547263,11.0,0.0,0.0,0.0,4.0,48.326190391995944,1,1,4.394449154672439,true
openjpa-lib/src/main/java/org/apache/openjpa/lib/util/UUIDGenerator.java,117.0,5.0,13.0,6.0,10.0,18.0,1.0,mikedd@13f79535-47bb-0310-9956-ffa450edef68,1,0.0024875621890547263,11.0,0.0,0.0,0.0,497.2941176470588,2725.6443608198733,1,2,1.9965538818740682,true
openjpa-lib/src/main/java/org/apache/openjpa/lib/util/concurrent/ConcurrentReferenceHashMap.java,737.0,12.0,503.0,50.0,107.0,149.0,0.0,pcl@13f79535-47bb-0310-9956-ffa450edef68,0,0.0,0.0,0.0,0.0,0.0,0.0,0.0,0,0,0.0,false
openjpa-lib/src/test/java/org/apache/openjpa/lib/conf/TestValue.java,25.0,1.0,0.0,1.0,4.0,1.0,0.0,ppoddar@13f79535-47bb-0310-9956-ffa450edef68,0,0.0,0.0,0.0,0.0,0.0,0.0,0.0,0,1,0.0,false
openjpa-lib/src/test/java/org/apache/openjpa/lib/conf/test/TestConfigurationImpl.java,239.0,7.0,10.0,12.0,85.0,22.0,19.0,curtisr7@13f79535-47bb-0310-9956-ffa450edef68,1,0.0024875621890547263,25.0,25.0,0.0,25.0,293.5652173913043,736.9613673994279,1,0,2.890371757896165,false
openjpa-lib/src/test/java/org/apache/openjpa/lib/graph/TestDepthFirstAnalysis.java,115.0,4.0,0.0,8.0,49.0,15.0,0.0,mikedd@13f79535-47bb-0310-9956-ffa450edef68,0,0.0,0.0,0.0,0.0,0.0,0.0,0.0,0,0,0.0,false
openjpa-lib/src/test/java/org/apache/openjpa/lib/util/TestUUIDGenerator.java,22.0,3.0,3.0,3.0,8.0,6.0,0.0,mikedd@13f79535-47bb-0310-9956-ffa450edef68,0,0.0,0.0,0.0,0.0,0.0,0.0,0.0,0,1,0.0,false
openjpa-persistence-jdbc/src/main/java/org/apache/openjpa/persistence/jdbc/AnnotationPersistenceMappingParser.java,974.0,67.0,1010.0,53.0,491.0,200.0,15.0,null,2,0.004975124378109453,7.0,2.0,2.0,0.0,3887.487666034155,93411.25973700458,2,0,0.46598060126858565,true
openjpa-persistence-jdbc/src/main/java/org/apache/openjpa/persistence/jdbc/ClassCriteria.java,0.0,0.0,0.0,0.0,0.0,0.0,0.0,pcl@13f79535-47bb-0310-9956-ffa450edef68,0,0.0,0.0,0.0,0.0,0.0,0.0,0.0,0,0,0.0,false
openjpa-persistence-jdbc/src/main/java/org/apache/openjpa/persistence/jdbc/Columns.java,0.0,0.0,0.0,0.0,0.0,0.0,0.0,pcl@13f79535-47bb-0310-9956-ffa450edef68,0,0.0,0.0,0.0,0.0,0.0,0.0,0.0,0,0,0.0,false
openjpa-persistence-jdbc/src/main/java/org/apache/openjpa/persistence/jdbc/ContainerTable.java,0.0,0.0,0.0,0.0,0.0,0.0,0.0,pcl@13f79535-47bb-0310-9956-ffa450edef68,0,0.0,0.0,0.0,0.0,0.0,0.0,0.0,0,0,0.0,false
openjpa-persistence-jdbc/src/main/java/org/apache/openjpa/persistence/jdbc/DataStoreIdColumn.java,0.0,0.0,0.0,0.0,0.0,0.0,0.0,pcl@13f79535-47bb-0310-9956-ffa450edef68,0,0.0,0.0,0.0,0.0,0.0,0.0,0.0,0,0,0.0,false
openjpa-persistence-jdbc/src/main/java/org/apache/openjpa/persistence/jdbc/DiscriminatorStrategy.java,0.0,0.0,0.0,0.0,0.0,0.0,0.0,pcl@13f79535-47bb-0310-9956-ffa450edef68,0,0.0,0.0,0.0,0.0,0.0,0.0,0.0,0,0,0.0,false
openjpa-persistence-jdbc/src/main/java/org/apache/openjpa/persistence/jdbc/EagerFetchMode.java,0.0,0.0,0.0,0.0,0.0,0.0,0.0,pcl@13f79535-47bb-0310-9956-ffa450edef68,0,0.0,0.0,0.0,0.0,0.0,0.0,0.0,0,0,0.0,false
openjpa-persistence-jdbc/src/main/java/org/apache/openjpa/persistence/jdbc/ElementClassCriteria.java,0.0,0.0,0.0,0.0,0.0,0.0,0.0,pcl@13f79535-47bb-0310-9956-ffa450edef68,0,0.0,0.0,0.0,0.0,0.0,0.0,0.0,0,0,0.0,false
openjpa-persistence-jdbc/src/main/java/org/apache/openjpa/persistence/jdbc/ElementForeignKey.java,0.0,0.0,0.0,0.0,0.0,0.0,0.0,pcl@13f79535-47bb-0310-9956-ffa450edef68,0,0.0,0.0,0.0,0.0,0.0,0.0,0.0,0,0,0.0,false
openjpa-persistence-jdbc/src/main/java/org/apache/openjpa/persistence/jdbc/ElementIndex.java,0.0,0.0,0.0,0.0,0.0,0.0,0.0,pcl@13f79535-47bb-0310-9956-ffa450edef68,0,0.0,0.0,0.0,0.0,0.0,0.0,0.0,0,0,0.0,false
openjpa-persistence-jdbc/src/main/java/org/apache/openjpa/persistence/jdbc/ElementJoinColumn.java,0.0,0.0,0.0,0.0,0.0,0.0,0.0,pcl@13f79535-47bb-0310-9956-ffa450edef68,0,0.0,0.0,0.0,0.0,0.0,0.0,0.0,0,0,0.0,false
openjpa-persistence-jdbc/src/main/java/org/apache/openjpa/persistence/jdbc/ElementJoinColumns.java,0.0,0.0,0.0,0.0,0.0,0.0,0.0,pcl@13f79535-47bb-0310-9956-ffa450edef68,0,0.0,0.0,0.0,0.0,0.0,0.0,0.0,0,0,0.0,false
openjpa-persistence-jdbc/src/main/java/org/apache/openjpa/persistence/jdbc/ElementNonpolymorphic.java,0.0,0.0,0.0,0.0,0.0,0.0,0.0,pcl@13f79535-47bb-0310-9956-ffa450edef68,0,0.0,0.0,0.0,0.0,0.0,0.0,0.0,0,0,0.0,false
openjpa-persistence-jdbc/src/main/java/org/apache/openjpa/persistence/jdbc/EmbeddedMapping.java,0.0,0.0,0.0,0.0,0.0,0.0,0.0,pcl@13f79535-47bb-0310-9956-ffa450edef68,0,0.0,0.0,0.0,0.0,0.0,0.0,0.0,0,0,0.0,false
openjpa-persistence-jdbc/src/main/java/org/apache/openjpa/persistence/jdbc/FetchDirection.java,0.0,0.0,0.0,0.0,0.0,0.0,0.0,pcl@13f79535-47bb-0310-9956-ffa450edef68,0,0.0,0.0,0.0,0.0,0.0,0.0,0.0,0,0,0.0,false
openjpa-persistence-jdbc/src/main/java/org/apache/openjpa/persistence/jdbc/FetchMode.java,0.0,0.0,0.0,0.0,0.0,0.0,0.0,pcl@13f79535-47bb-0310-9956-ffa450edef68,0,0.0,0.0,0.0,0.0,0.0,0.0,0.0,0,0,0.0,false
openjpa-persistence-jdbc/src/main/java/org/apache/openjpa/persistence/jdbc/ForeignKey.java,0.0,0.0,0.0,0.0,0.0,0.0,0.0,pcl@13f79535-47bb-0310-9956-ffa450edef68,0,0.0,0.0,0.0,0.0,0.0,0.0,0.0,0,0,0.0,false
openjpa-persistence-jdbc/src/main/java/org/apache/openjpa/persistence/jdbc/ForeignKeyAction.java,0.0,0.0,0.0,0.0,0.0,0.0,0.0,pcl@13f79535-47bb-0310-9956-ffa450edef68,0,0.0,0.0,0.0,0.0,0.0,0.0,0.0,0,0,0.0,false
openjpa-persistence-jdbc/src/main/java/org/apache/openjpa/persistence/jdbc/Index.java,0.0,0.0,0.0,0.0,0.0,0.0,0.0,pcl@13f79535-47bb-0310-9956-ffa450edef68,0,0.0,0.0,0.0,0.0,0.0,0.0,0.0,0,0,0.0,false
openjpa-persistence-jdbc/src/main/java/org/apache/openjpa/persistence/jdbc/IsolationLevel.java,0.0,0.0,0.0,0.0,0.0,0.0,0.0,pcl@13f79535-47bb-0310-9956-ffa450edef68,0,0.0,0.0,0.0,0.0,0.0,0.0,0.0,0,0,0.0,false
openjpa-persistence-jdbc/src/main/java/org/apache/openjpa/persistence/jdbc/JDBCFetchPlan.java,94.0,3.0,820.0,41.0,0.0,45.0,28.0,pcl@13f79535-47bb-0310-9956-ffa450edef68,2,0.004975124378109453,17.0,0.0,0.0,0.0,3826.3649769585254,92751.79949438077,2,1,1.0044882009363127,false
openjpa-persistence-jdbc/src/main/java/org/apache/openjpa/persistence/jdbc/JDBCFetchPlanImpl.java,149.0,8.0,693.0,43.0,28.0,85.0,28.0,pcl@13f79535-47bb-0310-9956-ffa450edef68,2,0.004975124378109453,17.0,0.0,0.0,0.0,3826.3649769585254,92751.79949438077,2,0,1.0044882009363127,false
openjpa-persistence-jdbc/src/main/java/org/apache/openjpa/persistence/jdbc/JoinSyntax.java,0.0,0.0,0.0,0.0,0.0,0.0,0.0,pcl@13f79535-47bb-0310-9956-ffa450edef68,0,0.0,0.0,0.0,0.0,0.0,0.0,0.0,0,0,0.0,false
openjpa-persistence-jdbc/src/main/java/org/apache/openjpa/persistence/jdbc/LRSSizeAlgorithm.java,0.0,0.0,0.0,0.0,0.0,0.0,0.0,pcl@13f79535-47bb-0310-9956-ffa450edef68,0,0.0,0.0,0.0,0.0,0.0,0.0,0.0,0,0,0.0,false
openjpa-persistence-jdbc/src/main/java/org/apache/openjpa/persistence/jdbc/MappingOverride.java,0.0,0.0,0.0,0.0,0.0,0.0,0.0,pcl@13f79535-47bb-0310-9956-ffa450edef68,0,0.0,0.0,0.0,0.0,0.0,0.0,0.0,0,0,0.0,false
openjpa-persistence-jdbc/src/main/java/org/apache/openjpa/persistence/jdbc/MappingOverrides.java,0.0,0.0,0.0,0.0,0.0,0.0,0.0,pcl@13f79535-47bb-0310-9956-ffa450edef68,0,0.0,0.0,0.0,0.0,0.0,0.0,0.0,0,0,0.0,false
openjpa-persistence-jdbc/src/main/java/org/apache/openjpa/persistence/jdbc/MappingTag.java,0.0,0.0,0.0,0.0,0.0,0.0,43.0,faywang@13f79535-47bb-0310-9956-ffa450edef68,1,0.0024875621890547263,8.0,8.0,8.0,0.0,3390.1935483870966,90685.61537618471,1,0,0.7055697005585025,false
openjpa-persistence-jdbc/src/main/java/org/apache/openjpa/persistence/jdbc/Nonpolymorphic.java,0.0,0.0,0.0,0.0,0.0,0.0,0.0,pcl@13f79535-47bb-0310-9956-ffa450edef68,0,0.0,0.0,0.0,0.0,0.0,0.0,0.0,0,0,0.0,false
openjpa-persistence-jdbc/src/main/java/org/apache/openjpa/persistence/jdbc/NonpolymorphicType.java,0.0,0.0,0.0,0.0,0.0,0.0,0.0,pcl@13f79535-47bb-0310-9956-ffa450edef68,0,0.0,0.0,0.0,0.0,0.0,0.0,0.0,0,0,0.0,false
openjpa-persistence-jdbc/src/main/java/org/apache/openjpa/persistence/jdbc/OrderColumn.java,0.0,0.0,0.0,0.0,0.0,0.0,0.0,pcl@13f79535-47bb-0310-9956-ffa450edef68,0,0.0,0.0,0.0,0.0,0.0,0.0,0.0,0,0,0.0,false
openjpa-persistence-jdbc/src/main/java/org/apache/openjpa/persistence/jdbc/PersistenceMappingDefaults.java,81.0,20.0,39.0,10.0,47.0,36.0,6.0,mikedd@13f79535-47bb-0310-9956-ffa450edef68,1,0.0024875621890547263,6.0,6.0,6.0,0.0,3390.1935483870966,90685.61537618471,1,0,0.7055697005585025,false
openjpa-persistence-jdbc/src/main/java/org/apache/openjpa/persistence/jdbc/PersistenceMappingFactory.java,28.0,8.0,6.0,4.0,12.0,11.0,0.0,mprudhom@13f79535-47bb-0310-9956-ffa450edef68,0,0.0,0.0,0.0,0.0,0.0,0.0,0.0,0,0,0.0,false
openjpa-persistence-jdbc/src/main/java/org/apache/openjpa/persistence/jdbc/ResultSetType.java,0.0,0.0,0.0,0.0,0.0,0.0,0.0,pcl@13f79535-47bb-0310-9956-ffa450edef68,0,0.0,0.0,0.0,0.0,0.0,0.0,0.0,0,0,0.0,false
openjpa-persistence-jdbc/src/main/java/org/apache/openjpa/persistence/jdbc/Strategy.java,0.0,0.0,0.0,0.0,0.0,0.0,0.0,pcl@13f79535-47bb-0310-9956-ffa450edef68,0,0.0,0.0,0.0,0.0,0.0,0.0,0.0,0,0,0.0,false
openjpa-persistence-jdbc/src/main/java/org/apache/openjpa/persistence/jdbc/SubclassFetchMode.java,0.0,0.0,0.0,0.0,0.0,0.0,0.0,pcl@13f79535-47bb-0310-9956-ffa450edef68,0,0.0,0.0,0.0,0.0,0.0,0.0,0.0,0,0,0.0,false
openjpa-persistence-jdbc/src/main/java/org/apache/openjpa/persistence/jdbc/Unique.java,0.0,0.0,0.0,0.0,0.0,0.0,0.0,pcl@13f79535-47bb-0310-9956-ffa450edef68,0,0.0,0.0,0.0,0.0,0.0,0.0,0.0,0,0,0.0,false
openjpa-persistence-jdbc/src/main/java/org/apache/openjpa/persistence/jdbc/VersionColumn.java,0.0,0.0,0.0,0.0,0.0,0.0,0.0,pcl@13f79535-47bb-0310-9956-ffa450edef68,0,0.0,0.0,0.0,0.0,0.0,0.0,0.0,0,0,0.0,false
openjpa-persistence-jdbc/src/main/java/org/apache/openjpa/persistence/jdbc/VersionColumns.java,0.0,0.0,0.0,0.0,0.0,0.0,0.0,pcl@13f79535-47bb-0310-9956-ffa450edef68,0,0.0,0.0,0.0,0.0,0.0,0.0,0.0,0,0,0.0,false
openjpa-persistence-jdbc/src/main/java/org/apache/openjpa/persistence/jdbc/VersionStrategy.java,0.0,0.0,0.0,0.0,0.0,0.0,0.0,pcl@13f79535-47bb-0310-9956-ffa450edef68,0,0.0,0.0,0.0,0.0,0.0,0.0,0.0,0,0,0.0,false
openjpa-persistence-jdbc/src/main/java/org/apache/openjpa/persistence/jdbc/XJoinColumn.java,0.0,0.0,0.0,0.0,0.0,0.0,0.0,pcl@13f79535-47bb-0310-9956-ffa450edef68,0,0.0,0.0,0.0,0.0,0.0,0.0,0.0,0,0,0.0,false
openjpa-persistence-jdbc/src/main/java/org/apache/openjpa/persistence/jdbc/XJoinColumns.java,0.0,0.0,0.0,0.0,0.0,0.0,0.0,pcl@13f79535-47bb-0310-9956-ffa450edef68,0,0.0,0.0,0.0,0.0,0.0,0.0,0.0,0,0,0.0,false
openjpa-persistence-jdbc/src/main/java/org/apache/openjpa/persistence/jdbc/XMLPersistenceMappingParser.java,675.0,38.0,768.0,44.0,240.0,159.0,6.0,null,1,0.0024875621890547263,2.0,0.0,0.0,0.0,559.3333333333334,4372.516973199579,1,1,2.043073897508961,true
openjpa-persistence-jdbc/src/main/java/org/apache/openjpa/persistence/jdbc/XSecondaryTable.java,0.0,0.0,0.0,0.0,0.0,0.0,0.0,pcl@13f79535-47bb-0310-9956-ffa450edef68,0,0.0,0.0,0.0,0.0,0.0,0.0,0.0,0,0,0.0,false
openjpa-persistence-jdbc/src/main/java/org/apache/openjpa/persistence/jdbc/XSecondaryTables.java,0.0,0.0,0.0,0.0,0.0,0.0,0.0,pcl@13f79535-47bb-0310-9956-ffa450edef68,0,0.0,0.0,0.0,0.0,0.0,0.0,0.0,0,0,0.0,false
openjpa-persistence-jdbc/src/main/java/org/apache/openjpa/persistence/jdbc/XTable.java,0.0,0.0,0.0,0.0,0.0,0.0,0.0,pcl@13f79535-47bb-0310-9956-ffa450edef68,0,0.0,0.0,0.0,0.0,0.0,0.0,0.0,0,0,0.0,false
openjpa-persistence-jdbc/src/test/java/org/apache/openjpa/conf/TestAutoDetachProperty.java,35.0,4.0,8.0,8.0,20.0,13.0,2.0,pcl@13f79535-47bb-0310-9956-ffa450edef68,1,0.0024875621890547263,25.0,0.0,0.0,0.0,3390.1935483870966,90685.61537618471,1,0,0.7055697005585025,false
openjpa-persistence-jdbc/src/test/java/org/apache/openjpa/conf/TestCacheMarshaller.java,29.0,2.0,0.0,5.0,23.0,5.0,14.0,pcl@13f79535-47bb-0310-9956-ffa450edef68,1,0.0024875621890547263,50.0,0.0,0.0,25.0,3390.1935483870966,90685.61537618471,1,0,0.7055697005585025,false
openjpa-persistence-jdbc/src/test/java/org/apache/openjpa/conf/TestCacheMarshallerEndToEnd.java,40.0,12.0,6.0,4.0,29.0,8.0,14.0,pcl@13f79535-47bb-0310-9956-ffa450edef68,1,0.0024875621890547263,29.0,0.0,0.0,14.0,3390.1935483870966,90685.61537618471,1,0,0.7055697005585025,false
openjpa-persistence-jdbc/src/test/java/org/apache/openjpa/conf/TestDynamicConfiguration.java,64.0,4.0,15.0,6.0,34.0,8.0,19.0,ppoddar@13f79535-47bb-0310-9956-ffa450edef68,1,0.0024875621890547263,10.0,10.0,0.0,10.0,293.5652173913043,736.9613673994279,1,0,2.890371757896165,false
openjpa-persistence-jdbc/src/test/java/org/apache/openjpa/enhance/AbstractUnenhancedClassTest.java,369.0,16.0,1081.0,47.0,265.0,81.0,22.0,pcl@13f79535-47bb-0310-9956-ffa450edef68,1,0.0024875621890547263,12.0,0.0,6.0,0.0,3390.1935483870966,90685.61537618471,1,1,0.7055697005585025,false
openjpa-persistence-jdbc/src/test/java/org/apache/openjpa/enhance/TestDataCachingAndUnenhancedPropertyAccess.java,21.0,4.0,3.0,3.0,14.0,4.0,42.0,mikedd@13f79535-47bb-0310-9956-ffa450edef68,1,0.0024875621890547263,17.0,0.0,0.0,0.0,436.1714285714286,2066.1841181960613,1,0,2.6897010624340134,false
openjpa-persistence-jdbc/src/test/java/org/apache/openjpa/enhance/TestEnhancementConfiguration.java,13.0,3.0,0.0,1.0,10.0,2.0,42.0,pcl@13f79535-47bb-0310-9956-ffa450edef68,1,0.0024875621890547263,14.0,0.0,0.0,0.0,436.1714285714286,2066.1841181960613,1,0,2.6897010624340134,false
openjpa-persistence-jdbc/src/test/java/org/apache/openjpa/enhance/TestPCEnhancerFindField.java,14.0,5.0,0.0,2.0,7.0,5.0,2.0,pcl@13f79535-47bb-0310-9956-ffa450edef68,1,0.0024875621890547263,50.0,0.0,0.0,0.0,3390.1935483870966,90685.61537618471,1,0,0.7055697005585025,false
openjpa-persistence-jdbc/src/test/java/org/apache/openjpa/enhance/TestRelationToUnlistedClass.java,14.0,1.0,1.0,2.0,7.0,3.0,21.0,mikedd@13f79535-47bb-0310-9956-ffa450edef68,2,0.004975124378109453,40.0,20.0,20.0,0.0,3826.3649769585254,92751.79949438077,2,0,1.0044882009363127,false
openjpa-persistence-jdbc/src/test/java/org/apache/openjpa/enhance/TestUnenhancedCompoundPK.java,35.0,1.0,15.0,6.0,13.0,7.0,0.0,pcl@13f79535-47bb-0310-9956-ffa450edef68,0,0.0,0.0,0.0,0.0,0.0,0.0,0.0,0,0,0.0,false
openjpa-persistence-jdbc/src/test/java/org/apache/openjpa/enhance/TestUnenhancedCompoundPKSubclass.java,25.0,1.0,6.0,4.0,11.0,5.0,0.0,pcl@13f79535-47bb-0310-9956-ffa450edef68,0,0.0,0.0,0.0,0.0,0.0,0.0,0.0,0,0,0.0,false
openjpa-persistence-jdbc/src/test/java/org/apache/openjpa/enhance/TestUnenhancedFieldAccess.java,17.0,0.0,10.0,5.0,0.0,10.0,0.0,pcl@13f79535-47bb-0310-9956-ffa450edef68,0,0.0,0.0,0.0,0.0,0.0,0.0,0.0,0,0,0.0,false
openjpa-persistence-jdbc/src/test/java/org/apache/openjpa/enhance/TestUnenhancedFieldAccessPrimitiveWrapper.java,17.0,0.0,10.0,5.0,0.0,10.0,0.0,pcl@13f79535-47bb-0310-9956-ffa450edef68,0,0.0,0.0,0.0,0.0,0.0,0.0,0.0,0,0,0.0,false
openjpa-persistence-jdbc/src/test/java/org/apache/openjpa/enhance/TestUnenhancedPropertyAccess.java,17.0,0.0,10.0,5.0,0.0,10.0,0.0,pcl@13f79535-47bb-0310-9956-ffa450edef68,0,0.0,0.0,0.0,0.0,0.0,0.0,0.0,0,0,0.0,false
openjpa-persistence-jdbc/src/test/java/org/apache/openjpa/enhance/UnenhancedCompoundPKFieldAccess.java,42.0,4.0,1.0,2.0,0.0,2.0,0.0,pcl@13f79535-47bb-0310-9956-ffa450edef68,0,0.0,0.0,0.0,0.0,0.0,0.0,0.0,0,0,0.0,false
openjpa-persistence-jdbc/src/test/java/org/apache/openjpa/enhance/UnenhancedCompoundPKFieldAccessSubclass.java,7.0,2.0,1.0,2.0,0.0,2.0,0.0,pcl@13f79535-47bb-0310-9956-ffa450edef68,0,0.0,0.0,0.0,0.0,0.0,0.0,0.0,0,0,0.0,false
openjpa-persistence-jdbc/src/test/java/org/apache/openjpa/enhance/UnenhancedCompoundPKFieldAccessSuperclass.java,42.0,3.0,1.0,2.0,0.0,2.0,0.0,pcl@13f79535-47bb-0310-9956-ffa450edef68,0,0.0,0.0,0.0,0.0,0.0,0.0,0.0,0,0,0.0,false
openjpa-persistence-jdbc/src/test/java/org/apache/openjpa/enhance/UnenhancedCompoundPKPropertyAccess.java,66.0,4.0,3.0,6.0,0.0,8.0,0.0,pcl@13f79535-47bb-0310-9956-ffa450edef68,0,0.0,0.0,0.0,0.0,0.0,0.0,0.0,0,0,0.0,false
openjpa-persistence-jdbc/src/test/java/org/apache/openjpa/enhance/UnenhancedFieldAccess.java,30.0,11.0,13.0,7.0,2.0,15.0,0.0,struberg@13f79535-47bb-0310-9956-ffa450edef68,0,0.0,0.0,0.0,0.0,0.0,0.0,0.0,0,0,0.0,false
openjpa-persistence-jdbc/src/test/java/org/apache/openjpa/enhance/UnenhancedFieldAccessPrimitiveWrapper.java,30.0,10.0,13.0,7.0,2.0,15.0,0.0,pcl@13f79535-47bb-0310-9956-ffa450edef68,0,0.0,0.0,0.0,0.0,0.0,0.0,0.0,0,0,0.0,false
openjpa-persistence-jdbc/src/test/java/org/apache/openjpa/enhance/UnenhancedFieldAccessPrimitiveWrapperSubclass.java,21.0,3.0,6.0,5.0,3.0,9.0,0.0,pcl@13f79535-47bb-0310-9956-ffa450edef68,0,0.0,0.0,0.0,0.0,0.0,0.0,0.0,0,0,0.0,false
openjpa-persistence-jdbc/src/test/java/org/apache/openjpa/enhance/UnenhancedFieldAccessSubclass.java,21.0,3.0,6.0,5.0,3.0,9.0,0.0,pcl@13f79535-47bb-0310-9956-ffa450edef68,0,0.0,0.0,0.0,0.0,0.0,0.0,0.0,0,0,0.0,false
openjpa-persistence-jdbc/src/test/java/org/apache/openjpa/enhance/UnenhancedIdentityIdPropertyAccess.java,18.0,6.0,6.0,5.0,0.0,7.0,42.0,mprudhom@13f79535-47bb-0310-9956-ffa450edef68,1,0.0024875621890547263,33.0,0.0,0.0,0.0,436.1714285714286,2066.1841181960613,1,0,2.6897010624340134,false
openjpa-persistence-jdbc/src/test/java/org/apache/openjpa/enhance/UnenhancedPropertyAccess.java,42.0,10.0,47.0,11.0,4.0,20.0,0.0,pcl@13f79535-47bb-0310-9956-ffa450edef68,0,0.0,0.0,0.0,0.0,0.0,0.0,0.0,0,0,0.0,false
openjpa-persistence-jdbc/src/test/java/org/apache/openjpa/enhance/UnenhancedPropertyAccessSubclass.java,21.0,5.0,6.0,5.0,3.0,9.0,0.0,struberg@13f79535-47bb-0310-9956-ffa450edef68,0,0.0,0.0,0.0,0.0,0.0,0.0,0.0,0,0,0.0,false
openjpa-persistence-jdbc/src/test/java/org/apache/openjpa/enhance/UnenhancedSubtype.java,6.0,0.0,6.0,4.0,0.0,4.0,0.0,pcl@13f79535-47bb-0310-9956-ffa450edef68,0,0.0,0.0,0.0,0.0,0.0,0.0,0.0,0,0,0.0,false
openjpa-persistence-jdbc/src/test/java/org/apache/openjpa/enhance/UnenhancedType.java,10.0,0.0,10.0,5.0,0.0,6.0,0.0,pcl@13f79535-47bb-0310-9956-ffa450edef68,0,0.0,0.0,0.0,0.0,0.0,0.0,0.0,0,0,0.0,false
openjpa-persistence-jdbc/src/test/java/org/apache/openjpa/enhance/UnenhancedUnlistedClass.java,3.0,2.0,0.0,0.0,0.0,0.0,42.0,mprudhom@13f79535-47bb-0310-9956-ffa450edef68,1,0.0024875621890547263,50.0,0.0,0.0,0.0,436.1714285714286,2066.1841181960613,1,0,2.6897010624340134,false
openjpa-persistence-jdbc/src/test/java/org/apache/openjpa/enhance/UnenhancedUnlistedReferer.java,4.0,3.0,0.0,0.0,0.0,0.0,42.0,mprudhom@13f79535-47bb-0310-9956-ffa450edef68,1,0.0024875621890547263,50.0,0.0,0.0,0.0,436.1714285714286,2066.1841181960613,1,0,2.6897010624340134,false
openjpa-persistence-jdbc/src/test/java/org/apache/openjpa/event/TestLifecycleListener.java,25.0,4.0,3.0,3.0,18.0,7.0,0.0,struberg@13f79535-47bb-0310-9956-ffa450edef68,0,0.0,0.0,0.0,0.0,0.0,0.0,0.0,0,0,0.0,false
openjpa-persistence-jdbc/src/test/java/org/apache/openjpa/event/TestSJVMRemoteCommitProvider.java,32.0,8.0,0.0,2.0,13.0,2.0,0.0,pcl@13f79535-47bb-0310-9956-ffa450edef68,0,0.0,0.0,0.0,0.0,0.0,0.0,0.0,0,0,0.0,false
openjpa-persistence-jdbc/src/test/java/org/apache/openjpa/jdbc/meta/TestMappingToolAutoDelete.java,26.0,12.0,0.0,3.0,20.0,4.0,0.0,pcl@13f79535-47bb-0310-9956-ffa450edef68,0,0.0,0.0,0.0,0.0,0.0,0.0,0.0,0,0,0.0,false
openjpa-persistence-jdbc/src/test/java/org/apache/openjpa/jdbc/meta/TestMappingToolTemporal.java,16.0,6.0,1.0,2.0,12.0,3.0,0.0,mikedd@13f79535-47bb-0310-9956-ffa450edef68,0,0.0,0.0,0.0,0.0,0.0,0.0,0.0,0,1,0.0,false
openjpa-persistence-jdbc/src/test/java/org/apache/openjpa/jdbc/meta/strats/AbstractLobTest.java,178.0,14.0,190.0,20.0,156.0,51.0,17.0,null,1,0.0024875621890547263,8.0,0.0,0.0,0.0,3390.1935483870966,90685.61537618471,1,0,0.7055697005585025,false
openjpa-persistence-jdbc/src/test/java/org/apache/openjpa/jdbc/meta/strats/InputStreamLobEntity.java,21.0,4.0,2.0,4.0,0.0,6.0,17.0,pcl@13f79535-47bb-0310-9956-ffa450edef68,1,0.0024875621890547263,50.0,0.0,0.0,0.0,3390.1935483870966,90685.61537618471,1,0,0.7055697005585025,false
openjpa-persistence-jdbc/src/test/java/org/apache/openjpa/jdbc/meta/strats/InputStreamLobTest.java,47.0,3.0,15.0,6.0,9.0,16.0,17.0,pcl@13f79535-47bb-0310-9956-ffa450edef68,1,0.0024875621890547263,33.0,0.0,0.0,0.0,3390.1935483870966,90685.61537618471,1,0,0.7055697005585025,false
openjpa-persistence-jdbc/src/test/java/org/apache/openjpa/jdbc/meta/strats/InputStreamWrapper.java,32.0,3.0,3.0,6.0,8.0,15.0,17.0,pcl@13f79535-47bb-0310-9956-ffa450edef68,1,0.0024875621890547263,50.0,0.0,0.0,0.0,3390.1935483870966,90685.61537618471,1,0,0.7055697005585025,false
openjpa-persistence-jdbc/src/test/java/org/apache/openjpa/jdbc/meta/strats/LobEntity.java,11.0,0.0,6.0,4.0,0.0,4.0,17.0,pcl@13f79535-47bb-0310-9956-ffa450edef68,1,0.0024875621890547263,50.0,0.0,0.0,0.0,3390.1935483870966,90685.61537618471,1,0,0.7055697005585025,false
openjpa-persistence-jdbc/src/test/java/org/apache/openjpa/jdbc/meta/strats/ReaderLobEntity.java,21.0,4.0,2.0,4.0,0.0,6.0,17.0,pcl@13f79535-47bb-0310-9956-ffa450edef68,1,0.0024875621890547263,33.0,0.0,0.0,0.0,3390.1935483870966,90685.61537618471,1,0,0.7055697005585025,false
openjpa-persistence-jdbc/src/test/java/org/apache/openjpa/jdbc/meta/strats/ReaderLobTest.java,47.0,3.0,15.0,6.0,9.0,16.0,17.0,pcl@13f79535-47bb-0310-9956-ffa450edef68,1,0.0024875621890547263,33.0,0.0,0.0,0.0,3390.1935483870966,90685.61537618471,1,0,0.7055697005585025,false
openjpa-persistence-jdbc/src/test/java/org/apache/openjpa/jdbc/meta/strats/ReaderWrapper.java,23.0,3.0,0.0,3.0,7.0,8.0,17.0,pcl@13f79535-47bb-0310-9956-ffa450edef68,1,0.0024875621890547263,50.0,0.0,0.0,0.0,3390.1935483870966,90685.61537618471,1,0,0.7055697005585025,false
openjpa-persistence-jdbc/src/test/java/org/apache/openjpa/kernel/TestBrokerFactoryEventManager.java,16.0,6.0,0.0,1.0,8.0,1.0,0.0,pcl@13f79535-47bb-0310-9956-ffa450edef68,0,0.0,0.0,0.0,0.0,0.0,0.0,0.0,0,0,0.0,false
openjpa-persistence-jdbc/src/test/java/org/apache/openjpa/kernel/TestBrokerFactoryListenerRegistry.java,39.0,9.0,0.0,5.0,10.0,11.0,0.0,struberg@13f79535-47bb-0310-9956-ffa450edef68,0,0.0,0.0,0.0,0.0,0.0,0.0,0.0,0,1,0.0,false
openjpa-persistence-jdbc/src/test/java/org/apache/openjpa/kernel/TestQueryCompilationCache.java,17.0,11.0,0.0,1.0,18.0,1.0,0.0,pcl@13f79535-47bb-0310-9956-ffa450edef68,0,0.0,0.0,0.0,0.0,0.0,0.0,0.0,0,0,0.0,false
openjpa-persistence-jdbc/src/test/java/org/apache/openjpa/persistence/datacache/IdentityIdClass.java,4.0,4.0,0.0,0.0,0.0,0.0,42.0,mprudhom@13f79535-47bb-0310-9956-ffa450edef68,1,0.0024875621890547263,50.0,0.0,0.0,0.0,436.1714285714286,2066.1841181960613,1,0,2.6897010624340134,false
openjpa-persistence-jdbc/src/test/java/org/apache/openjpa/persistence/datacache/TestArrayFieldsInDataCache.java,47.0,10.0,0.0,3.0,50.0,3.0,0.0,pcl@13f79535-47bb-0310-9956-ffa450edef68,0,0.0,0.0,0.0,0.0,0.0,0.0,0.0,0,0,0.0,false
openjpa-persistence-jdbc/src/test/java/org/apache/openjpa/persistence/datacache/TestAutoIncrementAndDataCaching.java,21.0,3.0,3.0,3.0,14.0,4.0,42.0,mprudhom@13f79535-47bb-0310-9956-ffa450edef68,1,0.0024875621890547263,25.0,0.0,0.0,0.0,436.1714285714286,2066.1841181960613,1,0,2.6897010624340134,false
openjpa-persistence-jdbc/src/test/java/org/apache/openjpa/persistence/datacache/TestBulkUpdatesAndVersionColumn.java,49.0,9.0,15.0,6.0,30.0,8.0,2.0,pcl@13f79535-47bb-0310-9956-ffa450edef68,1,0.0024875621890547263,25.0,0.0,0.0,25.0,559.3333333333334,4372.516973199579,1,1,2.043073897508961,false
openjpa-persistence-jdbc/src/test/java/org/apache/openjpa/persistence/datacache/TestDataCacheOptimisticLockRecovery.java,90.0,13.0,0.0,5.0,51.0,11.0,0.0,pcl@13f79535-47bb-0310-9956-ffa450edef68,0,0.0,0.0,0.0,0.0,0.0,0.0,0.0,0,1,0.0,false
openjpa-persistence-jdbc/src/test/java/org/apache/openjpa/persistence/detachment/TestDetachmentOneMany.java,74.0,5.0,15.0,6.0,55.0,8.0,0.0,pcl@13f79535-47bb-0310-9956-ffa450edef68,0,0.0,0.0,0.0,0.0,0.0,0.0,0.0,0,0,0.0,false
openjpa-persistence-jdbc/src/test/java/org/apache/openjpa/persistence/discriminator/CharAbstractEntity.java,13.0,8.0,1.0,3.0,0.0,5.0,0.0,mikedd@13f79535-47bb-0310-9956-ffa450edef68,0,0.0,0.0,0.0,0.0,0.0,0.0,0.0,0,0,0.0,false
openjpa-persistence-jdbc/src/test/java/org/apache/openjpa/persistence/discriminator/CharLeafEntity.java,9.0,1.0,0.0,2.0,0.0,3.0,0.0,mikedd@13f79535-47bb-0310-9956-ffa450edef68,0,0.0,0.0,0.0,0.0,0.0,0.0,0.0,0,0,0.0,false
openjpa-persistence-jdbc/src/test/java/org/apache/openjpa/persistence/discriminator/CharRootEntity.java,2.0,2.0,0.0,0.0,0.0,0.0,0.0,mikedd@13f79535-47bb-0310-9956-ffa450edef68,0,0.0,0.0,0.0,0.0,0.0,0.0,0.0,0,0,0.0,false
openjpa-persistence-jdbc/src/test/java/org/apache/openjpa/persistence/discriminator/IntegerAbstractEntity.java,13.0,8.0,1.0,3.0,0.0,5.0,0.0,mikedd@13f79535-47bb-0310-9956-ffa450edef68,0,0.0,0.0,0.0,0.0,0.0,0.0,0.0,0,0,0.0,false
openjpa-persistence-jdbc/src/test/java/org/apache/openjpa/persistence/discriminator/IntegerLeafEntity.java,9.0,1.0,0.0,2.0,0.0,3.0,0.0,mikedd@13f79535-47bb-0310-9956-ffa450edef68,0,0.0,0.0,0.0,0.0,0.0,0.0,0.0,0,0,0.0,false
openjpa-persistence-jdbc/src/test/java/org/apache/openjpa/persistence/discriminator/IntegerRootEntity.java,2.0,2.0,0.0,0.0,0.0,0.0,0.0,mikedd@13f79535-47bb-0310-9956-ffa450edef68,0,0.0,0.0,0.0,0.0,0.0,0.0,0.0,0,0,0.0,false
openjpa-persistence-jdbc/src/test/java/org/apache/openjpa/persistence/discriminator/StringAbstractEntity.java,13.0,8.0,1.0,3.0,0.0,5.0,0.0,mikedd@13f79535-47bb-0310-9956-ffa450edef68,0,0.0,0.0,0.0,0.0,0.0,0.0,0.0,0,0,0.0,false
openjpa-persistence-jdbc/src/test/java/org/apache/openjpa/persistence/discriminator/StringLeafEntity.java,9.0,1.0,0.0,2.0,0.0,3.0,0.0,mikedd@13f79535-47bb-0310-9956-ffa450edef68,0,0.0,0.0,0.0,0.0,0.0,0.0,0.0,0,0,0.0,false
openjpa-persistence-jdbc/src/test/java/org/apache/openjpa/persistence/discriminator/StringRootEntity.java,2.0,2.0,0.0,0.0,0.0,0.0,0.0,mikedd@13f79535-47bb-0310-9956-ffa450edef68,0,0.0,0.0,0.0,0.0,0.0,0.0,0.0,0,0,0.0,false
openjpa-persistence-jdbc/src/test/java/org/apache/openjpa/persistence/discriminator/TestDiscriminatorTypes.java,83.0,5.0,6.0,4.0,49.0,4.0,3.0,pcl@13f79535-47bb-0310-9956-ffa450edef68,2,0.004975124378109453,38.0,0.0,0.0,0.0,3949.52688172043,95058.1323493843,2,0,0.9607249968973286,false
openjpa-persistence-jdbc/src/test/java/org/apache/openjpa/persistence/fetchgroups/FGAddress.java,55.0,3.0,42.0,13.0,5.0,19.0,9.0,kwsutter@13f79535-47bb-0310-9956-ffa450edef68,1,0.0024875621890547263,33.0,0.0,33.0,0.0,497.2941176470588,2725.6443608198733,1,0,1.9965538818740682,false
openjpa-persistence-jdbc/src/test/java/org/apache/openjpa/persistence/fetchgroups/FGDepartment.java,25.0,2.0,3.0,7.0,0.0,10.0,9.0,kwsutter@13f79535-47bb-0310-9956-ffa450edef68,1,0.0024875621890547263,50.0,0.0,50.0,0.0,497.2941176470588,2725.6443608198733,1,0,1.9965538818740682,false
openjpa-persistence-jdbc/src/test/java/org/apache/openjpa/persistence/fetchgroups/FGEmployee.java,73.0,15.0,117.0,19.0,2.0,28.0,9.0,kwsutter@13f79535-47bb-0310-9956-ffa450edef68,1,0.0024875621890547263,33.0,0.0,33.0,0.0,497.2941176470588,2725.6443608198733,1,0,1.9965538818740682,false
openjpa-persistence-jdbc/src/test/java/org/apache/openjpa/persistence/fetchgroups/FGManager.java,23.0,10.0,0.0,5.0,1.0,7.0,9.0,kwsutter@13f79535-47bb-0310-9956-ffa450edef68,1,0.0024875621890547263,33.0,0.0,33.0,0.0,497.2941176470588,2725.6443608198733,1,0,1.9965538818740682,false
openjpa-persistence-jdbc/src/test/java/org/apache/openjpa/persistence/fetchgroups/TestFetchGroup.java,231.0,10.0,78.0,13.0,118.0,27.0,7.0,kwsutter@13f79535-47bb-0310-9956-ffa450edef68,1,0.0024875621890547263,100.0,0.0,50.0,50.0,497.2941176470588,2725.6443608198733,1,0,1.9965538818740682,false
openjpa-persistence-jdbc/src/test/java/org/apache/openjpa/persistence/fields/EnumFieldType.java,16.0,4.0,0.0,4.0,0.0,5.0,0.0,struberg@13f79535-47bb-0310-9956-ffa450edef68,0,0.0,0.0,0.0,0.0,0.0,0.0,0.0,0,0,0.0,false
openjpa-persistence-jdbc/src/test/java/org/apache/openjpa/persistence/fields/TestEnumQueryConstructor.java,17.0,5.0,1.0,2.0,12.0,2.0,0.0,struberg@13f79535-47bb-0310-9956-ffa450edef68,0,0.0,0.0,0.0,0.0,0.0,0.0,0.0,0,0,0.0,false
openjpa-persistence-jdbc/src/test/java/org/apache/openjpa/persistence/fields/TestPersistentMapTableConfiguration.java,26.0,4.0,3.0,3.0,21.0,4.0,43.0,pcl@13f79535-47bb-0310-9956-ffa450edef68,1,0.0024875621890547263,33.0,33.0,33.0,0.0,3390.1935483870966,90685.61537618471,1,0,0.7055697005585025,false
openjpa-persistence-jdbc/src/test/java/org/apache/openjpa/persistence/generationtype/Dog1.java,40.0,2.0,29.0,10.0,0.0,14.0,11.0,fancy@13f79535-47bb-0310-9956-ffa450edef68,1,0.0024875621890547263,67.0,0.0,0.0,0.0,559.3333333333334,4372.516973199579,1,0,2.043073897508961,false
openjpa-persistence-jdbc/src/test/java/org/apache/openjpa/persistence/generationtype/Dog2.java,40.0,2.0,29.0,10.0,0.0,14.0,11.0,fancy@13f79535-47bb-0310-9956-ffa450edef68,1,0.0024875621890547263,67.0,0.0,0.0,0.0,559.3333333333334,4372.516973199579,1,0,2.043073897508961,false
openjpa-persistence-jdbc/src/test/java/org/apache/openjpa/persistence/generationtype/DogId.java,0.0,0.0,0.0,0.0,0.0,0.0,7.0,pcl@13f79535-47bb-0310-9956-ffa450edef68,2,0.004975124378109453,100.0,33.0,0.0,33.0,3949.52688172043,95058.1323493843,2,0,0.9607249968973286,false
openjpa-persistence-jdbc/src/test/java/org/apache/openjpa/persistence/generationtype/DogTable.java,39.0,2.0,33.0,10.0,0.0,14.0,11.0,fancy@13f79535-47bb-0310-9956-ffa450edef68,1,0.0024875621890547263,67.0,0.0,0.0,0.0,559.3333333333334,4372.516973199579,1,0,2.043073897508961,false
openjpa-persistence-jdbc/src/test/java/org/apache/openjpa/persistence/generationtype/DogTable2.java,39.0,2.0,33.0,10.0,0.0,14.0,11.0,fancy@13f79535-47bb-0310-9956-ffa450edef68,1,0.0024875621890547263,67.0,0.0,0.0,0.0,559.3333333333334,4372.516973199579,1,0,2.043073897508961,false
openjpa-persistence-jdbc/src/test/java/org/apache/openjpa/persistence/generationtype/GeneratedValues.java,24.0,3.0,3.0,6.0,0.0,8.0,0.0,mikedd@13f79535-47bb-0310-9956-ffa450edef68,0,0.0,0.0,0.0,0.0,0.0,0.0,0.0,0,0,0.0,false
openjpa-persistence-jdbc/src/test/java/org/apache/openjpa/persistence/generationtype/TestGeneratedValues.java,59.0,3.0,10.0,5.0,30.0,11.0,0.0,mikedd@13f79535-47bb-0310-9956-ffa450edef68,0,0.0,0.0,0.0,0.0,0.0,0.0,0.0,0,0,0.0,false
openjpa-persistence-jdbc/src/test/java/org/apache/openjpa/persistence/generationtype/TestMultipleSchemaNames.java,162.0,5.0,3.0,3.0,52.0,6.0,11.0,null,1,0.0024875621890547263,10.0,0.0,0.0,0.0,559.3333333333334,4372.516973199579,1,0,2.043073897508961,false
openjpa-persistence-jdbc/src/test/java/org/apache/openjpa/persistence/inheritance/NoGenEntityL3.java,9.0,1.0,0.0,2.0,0.0,3.0,0.0,kwsutter@13f79535-47bb-0310-9956-ffa450edef68,0,0.0,0.0,0.0,0.0,0.0,0.0,0.0,0,0,0.0,false
openjpa-persistence-jdbc/src/test/java/org/apache/openjpa/persistence/inheritance/NoGenEntityL3Sibling.java,9.0,1.0,0.0,2.0,0.0,3.0,0.0,kwsutter@13f79535-47bb-0310-9956-ffa450edef68,0,0.0,0.0,0.0,0.0,0.0,0.0,0.0,0,0,0.0,false
openjpa-persistence-jdbc/src/test/java/org/apache/openjpa/persistence/inheritance/NoGenMappedSuperclassBase.java,9.0,2.0,0.0,2.0,0.0,3.0,0.0,kwsutter@13f79535-47bb-0310-9956-ffa450edef68,0,0.0,0.0,0.0,0.0,0.0,0.0,0.0,0,0,0.0,false
openjpa-persistence-jdbc/src/test/java/org/apache/openjpa/persistence/inheritance/NoGenMappedSuperclassL2.java,9.0,1.0,0.0,2.0,0.0,3.0,0.0,kwsutter@13f79535-47bb-0310-9956-ffa450edef68,0,0.0,0.0,0.0,0.0,0.0,0.0,0.0,0,0,0.0,false
openjpa-persistence-jdbc/src/test/java/org/apache/openjpa/persistence/inheritance/TestSharedMappedSuperclassIdValue.java,50.0,3.0,6.0,4.0,28.0,4.0,0.0,kwsutter@13f79535-47bb-0310-9956-ffa450edef68,0,0.0,0.0,0.0,0.0,0.0,0.0,0.0,0,0,0.0,false
openjpa-persistence-jdbc/src/test/java/org/apache/openjpa/persistence/jdbc/TestIsolationLevelOverride.java,82.0,10.0,10.0,5.0,25.0,11.0,6.0,null,1,0.0024875621890547263,20.0,0.0,20.0,0.0,75.33333333333334,60.27674920369158,1,1,3.295836866004329,false
openjpa-persistence-jdbc/src/test/java/org/apache/openjpa/persistence/jdbc/TestJDBCEnumToKernelConstantMappings.java,59.0,5.0,15.0,6.0,27.0,7.0,0.0,pcl@13f79535-47bb-0310-9956-ffa450edef68,0,0.0,0.0,0.0,0.0,0.0,0.0,0.0,0,0,0.0,false
openjpa-persistence-jdbc/src/test/java/org/apache/openjpa/persistence/jdbc/TestOptimizeForClause.java,55.0,12.0,10.0,5.0,21.0,11.0,6.0,fancy@13f79535-47bb-0310-9956-ffa450edef68,1,0.0024875621890547263,14.0,0.0,14.0,0.0,75.33333333333334,60.27674920369158,1,0,3.295836866004329,false
openjpa-persistence-jdbc/src/test/java/org/apache/openjpa/persistence/jdbc/TestSelectForUpdateOverride.java,39.0,9.0,1.0,2.0,18.0,6.0,3.0,null,2,0.004975124378109453,40.0,0.0,20.0,20.0,572.6274509803922,2785.921110023565,2,1,1.9530481933792534,false
openjpa-persistence-jdbc/src/test/java/org/apache/openjpa/persistence/query/NamedQueryEntity.java,9.0,4.0,1.0,2.0,0.0,2.0,27.0,pcl@13f79535-47bb-0310-9956-ffa450edef68,1,0.0024875621890547263,50.0,0.0,0.0,0.0,3390.1935483870966,90685.61537618471,1,0,0.7055697005585025,false
openjpa-persistence-jdbc/src/test/java/org/apache/openjpa/persistence/query/TestQueryPagination.java,44.0,3.0,28.0,8.0,21.0,10.0,1.0,pcl@13f79535-47bb-0310-9956-ffa450edef68,1,0.0024875621890547263,20.0,0.0,0.0,0.0,3390.1935483870966,90685.61537618471,1,0,0.7055697005585025,false
openjpa-persistence-jdbc/src/test/java/org/apache/openjpa/persistence/relations/BidiChild.java,27.0,7.0,15.0,7.0,0.0,11.0,3.0,kwsutter@13f79535-47bb-0310-9956-ffa450edef68,1,0.0024875621890547263,50.0,0.0,0.0,0.0,497.2941176470588,2725.6443608198733,1,0,1.9965538818740682,false
openjpa-persistence-jdbc/src/test/java/org/apache/openjpa/persistence/relations/BidiParent.java,24.0,10.0,11.0,6.0,0.0,10.0,3.0,kwsutter@13f79535-47bb-0310-9956-ffa450edef68,1,0.0024875621890547263,50.0,0.0,0.0,0.0,497.2941176470588,2725.6443608198733,1,0,1.9965538818740682,false
openjpa-persistence-jdbc/src/test/java/org/apache/openjpa/persistence/simple/AllFieldTypes.java,236.0,10.0,2051.0,66.0,0.0,99.0,0.0,struberg@13f79535-47bb-0310-9956-ffa450edef68,0,0.0,0.0,0.0,0.0,0.0,0.0,0.0,0,0,0.0,false
openjpa-persistence-jdbc/src/test/java/org/apache/openjpa/persistence/simple/TemporalFieldTypes.java,58.0,5.0,104.0,16.0,0.0,24.0,5.0,mprudhom@13f79535-47bb-0310-9956-ffa450edef68,1,0.0024875621890547263,50.0,50.0,50.0,0.0,436.1714285714286,2066.1841181960613,1,0,2.6897010624340134,false
openjpa-persistence-jdbc/src/test/java/org/apache/openjpa/persistence/simple/TestBasicAnnotation.java,46.0,6.0,3.0,3.0,38.0,3.0,0.0,kwsutter@13f79535-47bb-0310-9956-ffa450edef68,0,0.0,0.0,0.0,0.0,0.0,0.0,0.0,0,0,0.0,false
openjpa-persistence-jdbc/src/test/java/org/apache/openjpa/persistence/simple/TestEntityManagerClear.java,43.0,2.0,6.0,4.0,21.0,4.0,0.0,awhite@13f79535-47bb-0310-9956-ffa450edef68,0,0.0,0.0,0.0,0.0,0.0,0.0,0.0,0,1,0.0,false
openjpa-persistence-jdbc/src/test/java/org/apache/openjpa/persistence/simple/TestEntityManagerFactory.java,6.0,3.0,0.0,1.0,2.0,1.0,5.0,mikedd@13f79535-47bb-0310-9956-ffa450edef68,1,0.0024875621890547263,100.0,0.0,0.0,0.0,559.3333333333334,4372.516973199579,1,0,2.043073897508961,false
openjpa-persistence-jdbc/src/test/java/org/apache/openjpa/persistence/simple/TestEntityManagerMerge.java,32.0,2.0,3.0,3.0,10.0,3.0,0.0,mikedd@13f79535-47bb-0310-9956-ffa450edef68,0,0.0,0.0,0.0,0.0,0.0,0.0,0.0,0,1,0.0,false
openjpa-persistence-jdbc/src/test/java/org/apache/openjpa/persistence/simple/TestTableNamesDefaultToEntityNames.java,9.0,3.0,1.0,2.0,5.0,2.0,0.0,pcl@13f79535-47bb-0310-9956-ffa450edef68,0,0.0,0.0,0.0,0.0,0.0,0.0,0.0,0,0,0.0,false
openjpa-persistence-jdbc/src/test/java/org/apache/openjpa/persistence/test/PersistenceTestCase.java,98.0,15.0,21.0,7.0,45.0,26.0,25.0,ppoddar@13f79535-47bb-0310-9956-ffa450edef68,2,0.004975124378109453,11.0,3.0,0.0,0.0,3826.3649769585254,92751.79949438077,2,0,0.639267396408572,false
openjpa-persistence-jdbc/src/test/java/org/apache/openjpa/persistence/test/SQLListenerTestCase.java,50.0,6.0,0.0,4.0,7.0,12.0,3.0,null,2,0.004975124378109453,14.0,7.0,14.0,0.0,368.89855072463763,797.2381166031195,2,0,2.399957131390302,false
openjpa-persistence-jdbc/src/test/java/org/apache/openjpa/persistence/test/SingleEMFTestCase.java,32.0,2.0,0.0,4.0,9.0,11.0,16.0,null,3,0.007462686567164179,9.0,0.0,0.0,0.0,4385.698310291858,97124.31646758036,3,1,0.7141692648323827,false
openjpa-persistence-jdbc/src/test/java/org/apache/openjpa/persistence/test/SingleEMTestCase.java,111.0,5.0,6.0,13.0,30.0,36.0,23.0,dwoods@13f79535-47bb-0310-9956-ffa450edef68,1,0.0024875621890547263,20.0,10.0,10.0,0.0,436.1714285714286,2066.1841181960613,1,0,2.6897010624340134,false
openjpa-persistence-jdbc/src/test/java/org/apache/openjpa/persistence/xml/SimpleXmlEntity.java,14.0,0.0,1.0,3.0,0.0,5.0,0.0,pcl@13f79535-47bb-0310-9956-ffa450edef68,0,0.0,0.0,0.0,0.0,0.0,0.0,0.0,0,0,0.0,false
openjpa-persistence-jdbc/src/test/java/org/apache/openjpa/persistence/xml/TestSimpleXmlEntity.java,43.0,2.0,15.0,6.0,26.0,13.0,4.0,pcl@13f79535-47bb-0310-9956-ffa450edef68,1,0.0024875621890547263,33.0,0.0,17.0,0.0,3390.1935483870966,90685.61537618471,1,0,0.7055697005585025,false
openjpa-persistence-jdbc/src/test/java/org/apache/openjpa/persistence/xml/TestXmlOverrideEntity.java,38.0,6.0,3.0,3.0,20.0,4.0,5.0,null,2,0.004975124378109453,29.0,0.0,0.0,0.0,3949.52688172043,95058.1323493843,2,0,0.6811746184737865,false
openjpa-persistence-jdbc/src/test/java/org/apache/openjpa/persistence/xml/XmlOverrideEntity.java,30.0,6.0,20.0,8.0,0.0,12.0,6.0,joes@13f79535-47bb-0310-9956-ffa450edef68,1,0.0024875621890547263,50.0,0.0,0.0,0.0,559.3333333333334,4372.516973199579,1,0,2.043073897508961,false
openjpa-persistence-jdbc/src/test/java/org/apache/openjpa/persistence/xmlmapping/query/TestXMLCustomerOrder.java,171.0,20.0,34.0,9.0,71.0,22.0,0.0,null,0,0.0,0.0,0.0,0.0,0.0,0.0,0.0,0,3,0.0,false
openjpa-persistence/src/main/java/org/apache/openjpa/persistence/AnnotationBuilder.java,138.0,7.0,102.0,16.0,31.0,41.0,0.0,mikedd@13f79535-47bb-0310-9956-ffa450edef68,0,0.0,0.0,0.0,0.0,0.0,0.0,0.0,0,0,0.0,false
openjpa-persistence/src/main/java/org/apache/openjpa/persistence/AnnotationPersistenceMetaDataParser.java,1070.0,93.0,1325.0,62.0,450.0,222.0,4.0,null,3,0.007462686567164179,6.0,1.0,3.0,0.0,4181.052883425459,94148.22110440402,3,1,1.3243772319909781,true
openjpa-persistence/src/main/java/org/apache/openjpa/persistence/AnnotationPersistenceMetaDataSerializer.java,1004.0,46.0,2428.0,72.0,283.0,220.0,0.0,null,0,0.0,0.0,0.0,0.0,0.0,0.0,0.0,0,0,0.0,true
openjpa-persistence/src/main/java/org/apache/openjpa/persistence/AnnotationPersistenceXMLMetaDataParser.java,183.0,16.0,13.0,11.0,48.0,35.0,8.0,null,2,0.004975124378109453,12.0,0.0,0.0,0.0,3887.487666034155,93411.25973700458,2,0,0.6579146106563402,false
openjpa-persistence/src/main/java/org/apache/openjpa/persistence/AutoClearType.java,0.0,0.0,0.0,0.0,0.0,0.0,0.0,pcl@13f79535-47bb-0310-9956-ffa450edef68,0,0.0,0.0,0.0,0.0,0.0,0.0,0.0,0,0,0.0,false
openjpa-persistence/src/main/java/org/apache/openjpa/persistence/AutoDetachType.java,0.0,0.0,0.0,0.0,0.0,0.0,0.0,mikedd@13f79535-47bb-0310-9956-ffa450edef68,0,0.0,0.0,0.0,0.0,0.0,0.0,0.0,0,0,0.0,false
openjpa-persistence/src/main/java/org/apache/openjpa/persistence/CallbackMode.java,0.0,0.0,0.0,0.0,0.0,0.0,0.0,pcl@13f79535-47bb-0310-9956-ffa450edef68,0,0.0,0.0,0.0,0.0,0.0,0.0,0.0,0,0,0.0,false
openjpa-persistence/src/main/java/org/apache/openjpa/persistence/ConnectionRetainMode.java,0.0,0.0,0.0,0.0,0.0,0.0,0.0,pcl@13f79535-47bb-0310-9956-ffa450edef68,0,0.0,0.0,0.0,0.0,0.0,0.0,0.0,0,0,0.0,false
openjpa-persistence/src/main/java/org/apache/openjpa/persistence/DataCache.java,0.0,0.0,0.0,0.0,0.0,0.0,0.0,pcl@13f79535-47bb-0310-9956-ffa450edef68,0,0.0,0.0,0.0,0.0,0.0,0.0,0.0,0,0,0.0,false
openjpa-persistence/src/main/java/org/apache/openjpa/persistence/DataStoreId.java,0.0,0.0,0.0,0.0,0.0,0.0,0.0,pcl@13f79535-47bb-0310-9956-ffa450edef68,0,0.0,0.0,0.0,0.0,0.0,0.0,0.0,0,0,0.0,false
openjpa-persistence/src/main/java/org/apache/openjpa/persistence/Dependent.java,0.0,0.0,0.0,0.0,0.0,0.0,0.0,pcl@13f79535-47bb-0310-9956-ffa450edef68,0,0.0,0.0,0.0,0.0,0.0,0.0,0.0,0,0,0.0,false
openjpa-persistence/src/main/java/org/apache/openjpa/persistence/DetachStateType.java,0.0,0.0,0.0,0.0,0.0,0.0,0.0,pcl@13f79535-47bb-0310-9956-ffa450edef68,0,0.0,0.0,0.0,0.0,0.0,0.0,0.0,0,0,0.0,false
openjpa-persistence/src/main/java/org/apache/openjpa/persistence/DetachedState.java,0.0,0.0,0.0,0.0,0.0,0.0,0.0,pcl@13f79535-47bb-0310-9956-ffa450edef68,0,0.0,0.0,0.0,0.0,0.0,0.0,0.0,0,0,0.0,false
openjpa-persistence/src/main/java/org/apache/openjpa/persistence/ElementDependent.java,0.0,0.0,0.0,0.0,0.0,0.0,0.0,pcl@13f79535-47bb-0310-9956-ffa450edef68,0,0.0,0.0,0.0,0.0,0.0,0.0,0.0,0,0,0.0,false
openjpa-persistence/src/main/java/org/apache/openjpa/persistence/ElementType.java,0.0,0.0,0.0,0.0,0.0,0.0,0.0,pcl@13f79535-47bb-0310-9956-ffa450edef68,0,0.0,0.0,0.0,0.0,0.0,0.0,0.0,0,0,0.0,false
openjpa-persistence/src/main/java/org/apache/openjpa/persistence/EntityManagerFactoryImpl.java,207.0,26.0,0.0,23.0,73.0,56.0,0.0,null,0,0.0,0.0,0.0,0.0,0.0,0.0,0.0,0,1,0.0,false
openjpa-persistence/src/main/java/org/apache/openjpa/persistence/EntityManagerImpl.java,796.0,31.0,0.0,178.0,402.0,336.0,21.0,ppoddar@13f79535-47bb-0310-9956-ffa450edef68,1,0.0024875621890547263,3.0,0.0,1.0,0.0,3390.1935483870966,90685.61537618471,1,0,0.7055697005585025,false
openjpa-persistence/src/main/java/org/apache/openjpa/persistence/Extent.java,40.0,1.0,28.0,8.0,0.0,9.0,14.0,pcl@13f79535-47bb-0310-9956-ffa450edef68,1,0.0024875621890547263,33.0,0.0,0.0,0.0,3390.1935483870966,90685.61537618471,1,0,0.7055697005585025,false
openjpa-persistence/src/main/java/org/apache/openjpa/persistence/ExtentImpl.java,70.0,3.0,0.0,13.0,21.0,25.0,0.0,null,0,0.0,0.0,0.0,0.0,0.0,0.0,0.0,0,0,0.0,false
openjpa-persistence/src/main/java/org/apache/openjpa/persistence/ExternalValues.java,0.0,0.0,0.0,0.0,0.0,0.0,0.0,pcl@13f79535-47bb-0310-9956-ffa450edef68,0,0.0,0.0,0.0,0.0,0.0,0.0,0.0,0,0,0.0,false
openjpa-persistence/src/main/java/org/apache/openjpa/persistence/Externalizer.java,0.0,0.0,0.0,0.0,0.0,0.0,0.0,pcl@13f79535-47bb-0310-9956-ffa450edef68,0,0.0,0.0,0.0,0.0,0.0,0.0,0.0,0,0,0.0,false
openjpa-persistence/src/main/java/org/apache/openjpa/persistence/Factory.java,0.0,0.0,0.0,0.0,0.0,0.0,0.0,pcl@13f79535-47bb-0310-9956-ffa450edef68,0,0.0,0.0,0.0,0.0,0.0,0.0,0.0,0,0,0.0,false
openjpa-persistence/src/main/java/org/apache/openjpa/persistence/FetchAttribute.java,0.0,0.0,0.0,0.0,0.0,0.0,0.0,pcl@13f79535-47bb-0310-9956-ffa450edef68,0,0.0,0.0,0.0,0.0,0.0,0.0,0.0,0,0,0.0,false
openjpa-persistence/src/main/java/org/apache/openjpa/persistence/FetchGroup.java,0.0,0.0,0.0,0.0,0.0,0.0,2.0,pcl@13f79535-47bb-0310-9956-ffa450edef68,0,0.0,0.0,0.0,0.0,0.0,0.0,0.0,0,0,0.0,false
openjpa-persistence/src/main/java/org/apache/openjpa/persistence/FetchGroups.java,0.0,0.0,0.0,0.0,0.0,0.0,0.0,pcl@13f79535-47bb-0310-9956-ffa450edef68,0,0.0,0.0,0.0,0.0,0.0,0.0,0.0,0,0,0.0,false
openjpa-persistence/src/main/java/org/apache/openjpa/persistence/FetchPlan.java,175.0,4.0,666.0,37.0,0.0,57.0,28.0,ppoddar@13f79535-47bb-0310-9956-ffa450edef68,2,0.004975124378109453,17.0,0.0,0.0,0.0,3826.3649769585254,92751.79949438077,2,0,1.0044882009363127,false
openjpa-persistence/src/main/java/org/apache/openjpa/persistence/FetchPlanImpl.java,173.0,7.0,76.0,44.0,63.0,90.0,28.0,ppoddar@13f79535-47bb-0310-9956-ffa450edef68,2,0.004975124378109453,14.0,0.0,0.0,0.0,3826.3649769585254,92751.79949438077,2,0,1.0044882009363127,false
openjpa-persistence/src/main/java/org/apache/openjpa/persistence/Generator.java,26.0,0.0,6.0,4.0,0.0,6.0,24.0,pcl@13f79535-47bb-0310-9956-ffa450edef68,1,0.0024875621890547263,20.0,0.0,0.0,0.0,3390.1935483870966,90685.61537618471,1,0,0.7055697005585025,false
openjpa-persistence/src/main/java/org/apache/openjpa/persistence/GeneratorImpl.java,47.0,4.0,0.0,8.0,6.0,15.0,0.0,struberg@13f79535-47bb-0310-9956-ffa450edef68,0,0.0,0.0,0.0,0.0,0.0,0.0,0.0,0,0,0.0,false
openjpa-persistence/src/main/java/org/apache/openjpa/persistence/InverseLogical.java,0.0,0.0,0.0,0.0,0.0,0.0,0.0,pcl@13f79535-47bb-0310-9956-ffa450edef68,0,0.0,0.0,0.0,0.0,0.0,0.0,0.0,0,0,0.0,false
openjpa-persistence/src/main/java/org/apache/openjpa/persistence/JPAFacadeHelper.java,182.0,21.0,60.0,12.0,49.0,53.0,0.0,null,0,0.0,0.0,0.0,0.0,0.0,0.0,0.0,0,0,0.0,true
openjpa-persistence/src/main/java/org/apache/openjpa/persistence/KeyDependent.java,0.0,0.0,0.0,0.0,0.0,0.0,0.0,pcl@13f79535-47bb-0310-9956-ffa450edef68,0,0.0,0.0,0.0,0.0,0.0,0.0,0.0,0,0,0.0,false
openjpa-persistence/src/main/java/org/apache/openjpa/persistence/KeyType.java,0.0,0.0,0.0,0.0,0.0,0.0,0.0,pcl@13f79535-47bb-0310-9956-ffa450edef68,0,0.0,0.0,0.0,0.0,0.0,0.0,0.0,0,0,0.0,false
openjpa-persistence/src/main/java/org/apache/openjpa/persistence/LRS.java,0.0,0.0,0.0,0.0,0.0,0.0,0.0,pcl@13f79535-47bb-0310-9956-ffa450edef68,0,0.0,0.0,0.0,0.0,0.0,0.0,0.0,0,0,0.0,false
openjpa-persistence/src/main/java/org/apache/openjpa/persistence/LoadFetchGroup.java,0.0,0.0,0.0,0.0,0.0,0.0,0.0,pcl@13f79535-47bb-0310-9956-ffa450edef68,0,0.0,0.0,0.0,0.0,0.0,0.0,0.0,0,0,0.0,false
openjpa-persistence/src/main/java/org/apache/openjpa/persistence/MetaDataTag.java,0.0,0.0,0.0,0.0,0.0,0.0,0.0,null,0,0.0,0.0,0.0,0.0,0.0,0.0,0.0,0,0,0.0,false
openjpa-persistence/src/main/java/org/apache/openjpa/persistence/OpenJPAEntityManager.java,531.0,5.0,7750.0,125.0,0.0,180.0,14.0,pcl@13f79535-47bb-0310-9956-ffa450edef68,1,0.0024875621890547263,6.0,0.0,0.0,0.0,3390.1935483870966,90685.61537618471,1,0,0.7055697005585025,false
openjpa-persistence/src/main/java/org/apache/openjpa/persistence/OpenJPAEntityManagerFactory.java,37.0,4.0,28.0,8.0,0.0,11.0,14.0,pcl@13f79535-47bb-0310-9956-ffa450edef68,1,0.0024875621890547263,12.0,0.0,0.0,0.0,3390.1935483870966,90685.61537618471,1,1,0.7055697005585025,false
openjpa-persistence/src/main/java/org/apache/openjpa/persistence/OpenJPAEntityManagerFactorySPI.java,28.0,2.0,21.0,7.0,0.0,15.0,0.0,pcl@13f79535-47bb-0310-9956-ffa450edef68,0,0.0,0.0,0.0,0.0,0.0,0.0,0.0,0,0,0.0,false
openjpa-persistence/src/main/java/org/apache/openjpa/persistence/OpenJPAEntityManagerSPI.java,50.0,3.0,66.0,12.0,0.0,27.0,14.0,pcl@13f79535-47bb-0310-9956-ffa450edef68,1,0.0024875621890547263,17.0,0.0,0.0,0.0,3390.1935483870966,90685.61537618471,1,0,0.7055697005585025,false
openjpa-persistence/src/main/java/org/apache/openjpa/persistence/OpenJPAEntityTransaction.java,30.0,1.0,6.0,4.0,0.0,9.0,0.0,pcl@13f79535-47bb-0310-9956-ffa450edef68,0,0.0,0.0,0.0,0.0,0.0,0.0,0.0,0,0,0.0,false
openjpa-persistence/src/main/java/org/apache/openjpa/persistence/OpenJPAPersistence.java,109.0,14.0,55.0,11.0,21.0,42.0,14.0,pcl@13f79535-47bb-0310-9956-ffa450edef68,1,0.0024875621890547263,11.0,0.0,0.0,0.0,3390.1935483870966,90685.61537618471,1,0,0.7055697005585025,false
openjpa-persistence/src/main/java/org/apache/openjpa/persistence/OpenJPAQuery.java,119.0,8.0,561.0,34.0,0.0,44.0,14.0,ppoddar@13f79535-47bb-0310-9956-ffa450edef68,1,0.0024875621890547263,8.0,0.0,0.0,0.0,3390.1935483870966,90685.61537618471,1,0,0.7055697005585025,false
openjpa-persistence/src/main/java/org/apache/openjpa/persistence/OpenJPAQuerySPI.java,18.0,2.0,6.0,4.0,0.0,6.0,0.0,pcl@13f79535-47bb-0310-9956-ffa450edef68,0,0.0,0.0,0.0,0.0,0.0,0.0,0.0,0,0,0.0,false
openjpa-persistence/src/main/java/org/apache/openjpa/persistence/PersistenceExceptions.java,157.0,7.0,64.0,12.0,49.0,47.0,41.0,ppoddar@13f79535-47bb-0310-9956-ffa450edef68,1,0.0024875621890547263,6.0,0.0,6.0,0.0,3390.1935483870966,90685.61537618471,1,0,0.7055697005585025,false
openjpa-persistence/src/main/java/org/apache/openjpa/persistence/PersistenceMetaDataDefaults.java,190.0,40.0,87.0,14.0,60.0,45.0,8.0,null,2,0.004975124378109453,5.0,0.0,0.0,0.0,3887.487666034155,93411.25973700458,2,2,0.6579146106563402,true
openjpa-persistence/src/main/java/org/apache/openjpa/persistence/PersistenceMetaDataFactory.java,303.0,39.0,709.0,39.0,104.0,103.0,5.0,null,2,0.004975124378109453,16.0,0.0,0.0,4.0,3887.487666034155,93411.25973700458,2,1,0.6579146106563402,false
openjpa-persistence/src/main/java/org/apache/openjpa/persistence/PersistenceProductDerivation.java,320.0,30.0,126.0,17.0,88.0,63.0,14.0,null,2,0.004975124378109453,3.0,0.0,0.0,0.0,3949.52688172043,95058.1323493843,2,1,0.6811746184737865,false
openjpa-persistence/src/main/java/org/apache/openjpa/persistence/PersistenceProviderImpl.java,87.0,22.0,3.0,3.0,21.0,15.0,30.0,null,2,0.004975124378109453,4.0,2.0,2.0,2.0,3683.758765778401,91422.57674358414,2,1,1.1048235486673885,true
openjpa-persistence/src/main/java/org/apache/openjpa/persistence/PersistenceStrategy.java,0.0,0.0,0.0,0.0,0.0,0.0,0.0,faywang@13f79535-47bb-0310-9956-ffa450edef68,0,0.0,0.0,0.0,0.0,0.0,0.0,0.0,0,0,0.0,false
openjpa-persistence/src/main/java/org/apache/openjpa/persistence/PersistenceUnitInfoImpl.java,292.0,25.0,687.0,39.0,66.0,88.0,3.0,null,2,0.004975124378109453,6.0,0.0,3.0,0.0,3949.52688172043,95058.1323493843,2,1,0.6811746184737865,false
openjpa-persistence/src/main/java/org/apache/openjpa/persistence/Persistent.java,0.0,0.0,0.0,0.0,0.0,0.0,0.0,pcl@13f79535-47bb-0310-9956-ffa450edef68,0,0.0,0.0,0.0,0.0,0.0,0.0,0.0,0,0,0.0,false
openjpa-persistence/src/main/java/org/apache/openjpa/persistence/PersistentCollection.java,0.0,0.0,0.0,0.0,0.0,0.0,0.0,pcl@13f79535-47bb-0310-9956-ffa450edef68,0,0.0,0.0,0.0,0.0,0.0,0.0,0.0,0,0,0.0,false
openjpa-persistence/src/main/java/org/apache/openjpa/persistence/PersistentMap.java,0.0,0.0,0.0,0.0,0.0,0.0,0.0,pcl@13f79535-47bb-0310-9956-ffa450edef68,0,0.0,0.0,0.0,0.0,0.0,0.0,0.0,0,0,0.0,false
openjpa-persistence/src/main/java/org/apache/openjpa/persistence/QueryImpl.java,371.0,26.0,0.0,50.0,172.0,139.0,14.0,ppoddar@13f79535-47bb-0310-9956-ffa450edef68,1,0.0024875621890547263,1.0,0.0,0.0,0.0,3390.1935483870966,90685.61537618471,1,0,0.7055697005585025,false
openjpa-persistence/src/main/java/org/apache/openjpa/persistence/QueryOperationType.java,0.0,0.0,0.0,0.0,0.0,0.0,0.0,pcl@13f79535-47bb-0310-9956-ffa450edef68,0,0.0,0.0,0.0,0.0,0.0,0.0,0.0,0,0,0.0,false
openjpa-persistence/src/main/java/org/apache/openjpa/persistence/QueryResultCache.java,28.0,2.0,10.0,5.0,0.0,6.0,14.0,pcl@13f79535-47bb-0310-9956-ffa450edef68,1,0.0024875621890547263,33.0,0.0,0.0,0.0,3390.1935483870966,90685.61537618471,1,0,0.7055697005585025,false
openjpa-persistence/src/main/java/org/apache/openjpa/persistence/QueryResultCacheImpl.java,52.0,6.0,0.0,10.0,20.0,20.0,0.0,jrbauer@13f79535-47bb-0310-9956-ffa450edef68,0,0.0,0.0,0.0,0.0,0.0,0.0,0.0,0,0,0.0,false
openjpa-persistence/src/main/java/org/apache/openjpa/persistence/ReadOnly.java,0.0,0.0,0.0,0.0,0.0,0.0,0.0,pcl@13f79535-47bb-0310-9956-ffa450edef68,0,0.0,0.0,0.0,0.0,0.0,0.0,0.0,0,0,0.0,false
openjpa-persistence/src/main/java/org/apache/openjpa/persistence/RestoreStateType.java,0.0,0.0,0.0,0.0,0.0,0.0,0.0,pcl@13f79535-47bb-0310-9956-ffa450edef68,0,0.0,0.0,0.0,0.0,0.0,0.0,0.0,0,0,0.0,false
openjpa-persistence/src/main/java/org/apache/openjpa/persistence/StoreCache.java,61.0,2.0,78.0,13.0,0.0,25.0,14.0,pcl@13f79535-47bb-0310-9956-ffa450edef68,1,0.0024875621890547263,20.0,0.0,0.0,0.0,3390.1935483870966,90685.61537618471,1,0,0.7055697005585025,false
openjpa-persistence/src/main/java/org/apache/openjpa/persistence/StoreCacheImpl.java,84.0,7.0,0.0,18.0,51.0,39.0,0.0,null,0,0.0,0.0,0.0,0.0,0.0,0.0,0.0,0,0,0.0,false
openjpa-persistence/src/main/java/org/apache/openjpa/persistence/Type.java,0.0,0.0,0.0,0.0,0.0,0.0,0.0,pcl@13f79535-47bb-0310-9956-ffa450edef68,0,0.0,0.0,0.0,0.0,0.0,0.0,0.0,0,0,0.0,false
openjpa-persistence/src/main/java/org/apache/openjpa/persistence/UpdateAction.java,0.0,0.0,0.0,0.0,0.0,0.0,0.0,pcl@13f79535-47bb-0310-9956-ffa450edef68,0,0.0,0.0,0.0,0.0,0.0,0.0,0.0,0,0,0.0,false
openjpa-persistence/src/main/java/org/apache/openjpa/persistence/XMLPersistenceMetaDataParser.java,1182.0,47.0,4021.0,94.0,418.0,307.0,0.0,null,0,0.0,0.0,0.0,0.0,0.0,0.0,0.0,0,1,0.0,false
openjpa-persistence/src/test/java/org/apache/openjpa/persistence/TestEnumToKernelConstantMappings.java,94.0,9.0,28.0,8.0,45.0,9.0,0.0,pcl@13f79535-47bb-0310-9956-ffa450edef68,0,0.0,0.0,0.0,0.0,0.0,0.0,0.0,0,0,0.0,false
