name,LOC,CBO,LCOM,NOM,RFC,WMC,ACS,Ownership,numOfChanges,numberOfFIChanges,ENH,NF,BugFixing,REF,structuralWorkloadSum,semanticWorkloadSum,numberOfDeveloper,pastFaults,MAF,isBuggy
openjpa-jdbc/src/main/java/org/apache/openjpa/jdbc/ant/MappingToolTask.java,130.0,13.0,0.0,17.0,16.0,26.0,1.0,mikedd@13f79535-47bb-0310-9956-ffa450edef68,2,0.0021645021645021645,17.0,0.0,8.0,0.0,264.0,638.2555369097805,2,1,1.9417721944033834,false
openjpa-jdbc/src/main/java/org/apache/openjpa/jdbc/conf/JDBCConfigurationImpl.java,522.0,33.0,3152.0,84.0,155.0,167.0,5.0,null,2,0.0021645021645021645,9.0,3.0,0.0,0.0,5437.633249370277,925507.5700800824,2,0,1.1961849656743997,false
openjpa-jdbc/src/main/java/org/apache/openjpa/jdbc/kernel/AbstractJDBCSavepointManager.java,81.0,12.0,24.0,9.0,2.0,14.0,0.0,pcl@13f79535-47bb-0310-9956-ffa450edef68,0,0.0,0.0,0.0,0.0,0.0,0.0,0.0,0,1,0.0,false
openjpa-jdbc/src/main/java/org/apache/openjpa/jdbc/kernel/AbstractUpdateManager.java,231.0,22.0,130.0,17.0,77.0,58.0,19.0,null,1,0.0010822510822510823,8.0,0.0,0.0,0.0,138.2,816.9435605966909,1,0,3.2809112157876537,false
openjpa-jdbc/src/main/java/org/apache/openjpa/jdbc/kernel/BatchingConstraintUpdateManager.java,10.0,13.0,0.0,1.0,1.0,2.0,10.0,fancy@13f79535-47bb-0310-9956-ffa450edef68,1,0.0010822510822510823,17.0,0.0,0.0,0.0,179.2,587.5356519343035,1,0,2.325399770760217,false
openjpa-jdbc/src/main/java/org/apache/openjpa/jdbc/kernel/BatchingPreparedStatementManagerImpl.java,191.0,25.0,0.0,6.0,68.0,31.0,10.0,fancy@13f79535-47bb-0310-9956-ffa450edef68,1,0.0010822510822510823,5.0,0.0,0.0,0.0,179.2,587.5356519343035,1,0,2.325399770760217,false
openjpa-jdbc/src/main/java/org/apache/openjpa/jdbc/kernel/ClassTableJDBCSeq.java,158.0,17.0,79.0,14.0,56.0,42.0,0.0,curtisr7@13f79535-47bb-0310-9956-ffa450edef68,0,0.0,0.0,0.0,0.0,0.0,0.0,0.0,0,0,0.0,false
openjpa-jdbc/src/main/java/org/apache/openjpa/jdbc/kernel/JDBCBrokerFactory.java,98.0,17.0,28.0,8.0,30.0,27.0,11.0,null,2,0.0021645021645021645,14.0,0.0,0.0,0.0,5396.633249370277,925736.9779887447,2,0,1.3709573575274834,false
openjpa-jdbc/src/main/java/org/apache/openjpa/jdbc/kernel/JDBCStoreManager.java,866.0,55.0,1902.0,69.0,307.0,238.0,5.0,null,2,0.0021645021645021645,6.0,0.0,0.0,0.0,835.096551724138,5760.959324169841,2,1,1.5114976368432702,false
openjpa-jdbc/src/main/java/org/apache/openjpa/jdbc/kernel/JDBCStoreQuery.java,364.0,45.0,316.0,28.0,114.0,103.0,10.0,null,2,0.0021645021645021645,7.0,0.0,0.0,0.0,835.096551724138,5760.959324169841,2,1,1.783045079010658,false
openjpa-jdbc/src/main/java/org/apache/openjpa/jdbc/kernel/NativeJDBCSeq.java,240.0,25.0,208.0,25.0,66.0,63.0,0.0,null,0,0.0,0.0,0.0,0.0,0.0,0.0,0.0,0,0,0.0,false
openjpa-jdbc/src/main/java/org/apache/openjpa/jdbc/kernel/PessimisticLockManager.java,128.0,14.0,36.0,12.0,53.0,38.0,19.0,null,1,0.0010822510822510823,7.0,0.0,0.0,0.0,138.2,816.9435605966909,1,0,3.2809112157876537,false
openjpa-jdbc/src/main/java/org/apache/openjpa/jdbc/kernel/PreparedStatementManagerImpl.java,85.0,16.0,7.0,7.0,28.0,21.0,19.0,null,1,0.0010822510822510823,4.0,0.0,0.0,0.0,138.2,816.9435605966909,1,0,3.2809112157876537,false
openjpa-jdbc/src/main/java/org/apache/openjpa/jdbc/kernel/SQLStoreQuery.java,248.0,29.0,26.0,8.0,20.0,22.0,7.0,null,2,0.0021645021645021645,13.0,0.0,4.0,0.0,317.4,1404.4792125309943,2,0,2.325893232483695,false
openjpa-jdbc/src/main/java/org/apache/openjpa/jdbc/kernel/TableJDBCSeq.java,479.0,31.0,571.0,39.0,156.0,129.0,10.0,null,2,0.0021645021645021645,7.0,0.0,4.0,4.0,242.2,967.0013620699311,2,0,2.150029666550758,false
openjpa-jdbc/src/main/java/org/apache/openjpa/jdbc/kernel/ValueTableJDBCSeq.java,112.0,14.0,30.0,9.0,38.0,28.0,0.0,null,0,0.0,0.0,0.0,0.0,0.0,0.0,0.0,0,0,0.0,false
openjpa-jdbc/src/main/java/org/apache/openjpa/jdbc/kernel/exps/PCPath.java,511.0,24.0,682.0,48.0,145.0,146.0,19.0,fancy@13f79535-47bb-0310-9956-ffa450edef68,1,0.0010822510822510823,2.0,0.0,0.0,0.0,138.2,816.9435605966909,1,0,3.2809112157876537,true
openjpa-jdbc/src/main/java/org/apache/openjpa/jdbc/kernel/exps/Param.java,72.0,8.0,54.0,12.0,22.0,25.0,19.0,fancy@13f79535-47bb-0310-9956-ffa450edef68,1,0.0010822510822510823,7.0,0.0,0.0,0.0,138.2,816.9435605966909,1,0,3.2809112157876537,false
openjpa-jdbc/src/main/java/org/apache/openjpa/jdbc/meta/FieldMapping.java,693.0,25.0,5157.0,118.0,257.0,271.0,0.0,null,0,0.0,0.0,0.0,0.0,0.0,0.0,0.0,0,1,0.0,true
openjpa-jdbc/src/main/java/org/apache/openjpa/jdbc/meta/MappingDefaultsImpl.java,521.0,19.0,3181.0,83.0,93.0,207.0,1.0,null,1,0.0010822510822510823,7.0,0.0,7.0,7.0,5258.433249370277,924920.0344281481,1,1,0.8472978603872037,false
openjpa-jdbc/src/main/java/org/apache/openjpa/jdbc/meta/MappingInfo.java,1151.0,25.0,793.0,54.0,335.0,215.0,11.0,null,2,0.0021645021645021645,9.0,4.0,4.0,0.0,5343.233249370277,924970.7543131235,2,0,1.202721239216877,false
openjpa-jdbc/src/main/java/org/apache/openjpa/jdbc/meta/MappingRepository.java,760.0,70.0,2108.0,69.0,287.0,238.0,4.0,null,1,0.0010822510822510823,3.0,0.0,0.0,0.0,109.33333333333333,102.52906382321014,1,2,3.2809112157876537,true
openjpa-jdbc/src/main/java/org/apache/openjpa/jdbc/meta/MappingTool.java,687.0,49.0,1043.0,51.0,202.0,154.0,1.0,null,1,0.0010822510822510823,5.0,0.0,0.0,0.0,5258.433249370277,924920.0344281481,1,1,0.8472978603872037,false
openjpa-jdbc/src/main/java/org/apache/openjpa/jdbc/meta/ReverseMappingTool.java,1446.0,78.0,4258.0,97.0,463.0,315.0,0.0,null,0,0.0,0.0,0.0,0.0,0.0,0.0,0.0,0,1,0.0,false
openjpa-jdbc/src/main/java/org/apache/openjpa/jdbc/meta/strats/ElementEmbedValueHandler.java,93.0,8.0,18.0,8.0,32.0,25.0,0.0,null,0,0.0,0.0,0.0,0.0,0.0,0.0,0.0,0,1,0.0,false
openjpa-jdbc/src/main/java/org/apache/openjpa/jdbc/meta/strats/EmbedFieldStrategy.java,985.0,46.0,297.0,26.0,186.0,99.0,5.0,null,1,0.0010822510822510823,11.0,0.0,11.0,0.0,696.896551724138,4944.01576357315,1,1,1.6714733033535532,false
openjpa-jdbc/src/main/java/org/apache/openjpa/jdbc/meta/strats/HandlerCollectionTableFieldStrategy.java,138.0,10.0,113.0,19.0,91.0,53.0,0.0,null,0,0.0,0.0,0.0,0.0,0.0,0.0,0.0,0,1,0.0,false
openjpa-jdbc/src/main/java/org/apache/openjpa/jdbc/meta/strats/HandlerHandlerMapTableFieldStrategy.java,137.0,9.0,16.0,16.0,80.0,43.0,0.0,faywang@13f79535-47bb-0310-9956-ffa450edef68,0,0.0,0.0,0.0,0.0,0.0,0.0,0.0,0,1,0.0,false
openjpa-jdbc/src/main/java/org/apache/openjpa/jdbc/meta/strats/HandlerRelationMapTableFieldStrategy.java,184.0,10.0,79.0,18.0,130.0,52.0,0.0,faywang@13f79535-47bb-0310-9956-ffa450edef68,0,0.0,0.0,0.0,0.0,0.0,0.0,0.0,0,1,0.0,true
openjpa-jdbc/src/main/java/org/apache/openjpa/jdbc/meta/strats/RelationHandlerMapTableFieldStrategy.java,169.0,10.0,79.0,18.0,127.0,51.0,0.0,pcl@13f79535-47bb-0310-9956-ffa450edef68,0,0.0,0.0,0.0,0.0,0.0,0.0,0.0,0,1,0.0,false
openjpa-jdbc/src/main/java/org/apache/openjpa/jdbc/meta/strats/RelationRelationMapTableFieldStrategy.java,230.0,10.0,204.0,21.0,159.0,61.0,0.0,faywang@13f79535-47bb-0310-9956-ffa450edef68,0,0.0,0.0,0.0,0.0,0.0,0.0,0.0,0,1,0.0,false
openjpa-jdbc/src/main/java/org/apache/openjpa/jdbc/schema/DataSourceFactory.java,164.0,28.0,10.0,5.0,75.0,26.0,0.0,ppoddar@13f79535-47bb-0310-9956-ffa450edef68,0,0.0,0.0,0.0,0.0,0.0,0.0,0.0,0,1,0.0,false
openjpa-jdbc/src/main/java/org/apache/openjpa/jdbc/schema/SchemaGenerator.java,584.0,20.0,237.0,30.0,217.0,117.0,0.0,jrbauer@13f79535-47bb-0310-9956-ffa450edef68,0,0.0,0.0,0.0,0.0,0.0,0.0,0.0,0,0,0.0,false
openjpa-jdbc/src/main/java/org/apache/openjpa/jdbc/schema/SchemaTool.java,961.0,29.0,1553.0,63.0,284.0,217.0,0.0,null,0,0.0,0.0,0.0,0.0,0.0,0.0,0.0,0,0,0.0,true
openjpa-jdbc/src/main/java/org/apache/openjpa/jdbc/schema/TableSchemaFactory.java,329.0,24.0,137.0,23.0,111.0,64.0,0.0,null,0,0.0,0.0,0.0,0.0,0.0,0.0,0.0,0,0,0.0,false
openjpa-jdbc/src/main/java/org/apache/openjpa/jdbc/sql/AbstractDB2Dictionary.java,78.0,1.0,0.0,3.0,8.0,8.0,14.0,curtisr7@13f79535-47bb-0310-9956-ffa450edef68,1,0.0010822510822510823,7.0,0.0,0.0,0.0,5258.433249370277,924920.0344281481,1,0,0.8472978603872037,false
openjpa-jdbc/src/main/java/org/apache/openjpa/jdbc/sql/AbstractSQLServerDictionary.java,86.0,9.0,21.0,7.0,17.0,20.0,14.0,null,1,0.0010822510822510823,10.0,0.0,0.0,0.0,5258.433249370277,924920.0344281481,1,1,0.8472978603872037,false
openjpa-jdbc/src/main/java/org/apache/openjpa/jdbc/sql/AccessDictionary.java,38.0,4.0,1.0,2.0,3.0,8.0,14.0,null,1,0.0010822510822510823,20.0,0.0,0.0,0.0,5258.433249370277,924920.0344281481,1,0,0.8472978603872037,false
openjpa-jdbc/src/main/java/org/apache/openjpa/jdbc/sql/DB2Dictionary.java,490.0,23.0,493.0,34.0,130.0,123.0,4.0,null,2,0.0021645021645021645,4.0,0.0,0.0,0.0,317.4,1404.4792125309943,2,6,2.00738941747455,true
openjpa-jdbc/src/main/java/org/apache/openjpa/jdbc/sql/DBDictionary.java,2910.0,88.0,20662.0,205.0,854.0,805.0,6.0,null,6,0.006493506493506494,8.0,1.0,1.0,0.0,6391.529801094415,931327.4681407531,6,6,0.35940816500904393,true
openjpa-jdbc/src/main/java/org/apache/openjpa/jdbc/sql/DerbyDictionary.java,52.0,7.0,3.0,3.0,7.0,11.0,12.0,null,2,0.0021645021645021645,8.0,8.0,0.0,0.0,5955.3298010944145,929864.0501917212,2,0,0.5662384013104332,false
openjpa-jdbc/src/main/java/org/apache/openjpa/jdbc/sql/H2Dictionary.java,120.0,15.0,78.0,13.0,26.0,36.0,8.0,null,1,0.0010822510822510823,18.0,9.0,0.0,0.0,5258.433249370277,924920.0344281481,1,1,0.8472978603872037,false
openjpa-jdbc/src/main/java/org/apache/openjpa/jdbc/sql/HSQLDictionary.java,178.0,17.0,153.0,18.0,41.0,61.0,2.0,null,1,0.0010822510822510823,7.0,0.0,0.0,0.0,5258.433249370277,924920.0344281481,1,2,0.8472978603872037,true
openjpa-jdbc/src/main/java/org/apache/openjpa/jdbc/sql/InformixDictionary.java,135.0,15.0,60.0,12.0,28.0,45.0,1.0,null,1,0.0010822510822510823,4.0,0.0,0.0,0.0,138.2,816.9435605966909,1,0,3.2809112157876537,false
openjpa-jdbc/src/main/java/org/apache/openjpa/jdbc/sql/MySQLDictionary.java,105.0,11.0,45.0,10.0,22.0,35.0,2.0,null,1,0.0010822510822510823,3.0,0.0,0.0,0.0,179.2,587.5356519343035,1,1,2.325399770760217,true
openjpa-jdbc/src/main/java/org/apache/openjpa/jdbc/sql/OracleDictionary.java,658.0,32.0,849.0,43.0,242.0,197.0,7.0,null,3,0.003246753246753247,7.0,0.0,0.0,0.0,5437.633249370277,925507.5700800824,3,1,1.5573908616924304,true
openjpa-jdbc/src/main/java/org/apache/openjpa/jdbc/sql/PostgresDictionary.java,215.0,17.0,136.0,17.0,25.0,55.0,0.0,null,0,0.0,0.0,0.0,0.0,0.0,0.0,0.0,0,1,0.0,true
openjpa-jdbc/src/main/java/org/apache/openjpa/jdbc/sql/ResultSetResult.java,336.0,24.0,0.0,49.0,116.0,146.0,19.0,null,1,0.0010822510822510823,8.0,0.0,0.0,0.0,138.2,816.9435605966909,1,0,3.2809112157876537,false
openjpa-jdbc/src/main/java/org/apache/openjpa/jdbc/sql/RowImpl.java,593.0,27.0,4957.0,103.0,164.0,264.0,19.0,null,1,0.0010822510822510823,7.0,0.0,0.0,0.0,138.2,816.9435605966909,1,0,3.2809112157876537,false
openjpa-jdbc/src/main/java/org/apache/openjpa/jdbc/sql/SQLBuffer.java,459.0,17.0,927.0,50.0,105.0,139.0,19.0,null,1,0.0010822510822510823,3.0,0.0,0.0,0.0,138.2,816.9435605966909,1,0,3.2809112157876537,true
openjpa-jdbc/src/main/java/org/apache/openjpa/jdbc/sql/SQLExceptions.java,77.0,11.0,36.0,9.0,23.0,31.0,4.0,allee8285@13f79535-47bb-0310-9956-ffa450edef68,1,0.0010822510822510823,8.0,0.0,8.0,0.0,696.896551724138,4944.01576357315,1,0,1.6714733033535532,false
openjpa-jdbc/src/main/java/org/apache/openjpa/jdbc/sql/SQLServerDictionary.java,134.0,9.0,45.0,10.0,47.0,34.0,0.0,null,0,0.0,0.0,0.0,0.0,0.0,0.0,0.0,0,0,0.0,false
openjpa-jdbc/src/main/java/org/apache/openjpa/jdbc/sql/SelectImpl.java,1949.0,42.0,14848.0,181.0,421.0,507.0,19.0,null,1,0.0010822510822510823,1.0,0.0,0.0,0.0,138.2,816.9435605966909,1,3,3.2809112157876537,true
openjpa-kernel-5/src/main/java/org/apache/openjpa/enhance/ManagedClassSubclasser.java,146.0,26.0,43.0,10.0,80.0,36.0,0.0,pcl@13f79535-47bb-0310-9956-ffa450edef68,0,0.0,0.0,0.0,0.0,0.0,0.0,0.0,0,0,0.0,false
openjpa-kernel/src/main/java/org/apache/openjpa/conf/Compatibility.java,135.0,0.0,104.0,16.0,1.0,37.0,10.0,null,1,0.0010822510822510823,3.0,0.0,0.0,0.0,5258.433249370277,924920.0344281481,1,0,0.8472978603872037,true
openjpa-kernel/src/main/java/org/apache/openjpa/conf/MetaDataCacheMaintenance.java,111.0,13.0,0.0,10.0,59.0,24.0,1.0,pcl@13f79535-47bb-0310-9956-ffa450edef68,1,0.0010822510822510823,22.0,0.0,0.0,11.0,5258.433249370277,924920.0344281481,1,0,0.8472978603872037,false
openjpa-kernel/src/main/java/org/apache/openjpa/conf/OpenJPAConfigurationImpl.java,958.0,35.0,19675.0,203.0,255.0,345.0,1.0,null,1,0.0010822510822510823,1.0,0.0,1.0,0.0,696.896551724138,4944.01576357315,1,1,1.6714733033535532,false
openjpa-kernel/src/main/java/org/apache/openjpa/enhance/ApplicationIdTool.java,900.0,43.0,792.0,48.0,368.0,205.0,0.0,null,0,0.0,0.0,0.0,0.0,0.0,0.0,0.0,0,1,0.0,false
openjpa-kernel/src/main/java/org/apache/openjpa/enhance/PCEnhancer.java,2803.0,79.0,3633.0,123.0,1460.0,514.0,20.0,null,1,0.0010822510822510823,3.0,2.0,0.0,0.0,5258.433249370277,924920.0344281481,1,3,0.8472978603872037,true
openjpa-kernel/src/main/java/org/apache/openjpa/enhance/PCRegistry.java,186.0,10.0,113.0,18.0,43.0,55.0,30.0,null,1,0.0010822510822510823,9.0,0.0,0.0,0.0,5258.433249370277,924920.0344281481,1,1,0.8472978603872037,false
openjpa-kernel/src/main/java/org/apache/openjpa/enhance/RedefinitionHelper.java,138.0,9.0,105.0,15.0,48.0,47.0,0.0,pcl@13f79535-47bb-0310-9956-ffa450edef68,0,0.0,0.0,0.0,0.0,0.0,0.0,0.0,0,0,0.0,false
openjpa-kernel/src/main/java/org/apache/openjpa/enhance/ReflectingPersistenceCapable.java,238.0,16.0,284.0,37.0,100.0,101.0,0.0,ppoddar@13f79535-47bb-0310-9956-ffa450edef68,0,0.0,0.0,0.0,0.0,0.0,0.0,0.0,0,1,0.0,false
openjpa-kernel/src/main/java/org/apache/openjpa/event/LifecycleEventManager.java,406.0,10.0,143.0,19.0,82.0,81.0,11.0,pcl@13f79535-47bb-0310-9956-ffa450edef68,1,0.0010822510822510823,15.0,0.0,8.0,0.0,5258.433249370277,924920.0344281481,1,2,0.8472978603872037,false
openjpa-kernel/src/main/java/org/apache/openjpa/kernel/AbstractBrokerFactory.java,509.0,39.0,572.0,41.0,208.0,128.0,1.0,null,4,0.004329004329004329,15.0,4.0,1.0,0.0,6093.3298010944145,930022.3268447198,4,2,0.47223767546128603,true
openjpa-kernel/src/main/java/org/apache/openjpa/kernel/AttachStrategy.java,320.0,16.0,85.0,14.0,139.0,62.0,0.0,null,0,0.0,0.0,0.0,0.0,0.0,0.0,0.0,0,1,0.0,false
openjpa-kernel/src/main/java/org/apache/openjpa/kernel/Broker.java,457.0,10.0,4950.0,100.0,0.0,167.0,30.0,ppoddar@13f79535-47bb-0310-9956-ffa450edef68,1,0.0010822510822510823,9.0,0.0,0.0,0.0,5258.433249370277,924920.0344281481,1,0,0.8472978603872037,false
openjpa-kernel/src/main/java/org/apache/openjpa/kernel/BrokerImpl.java,3357.0,66.0,22411.0,238.0,1131.0,814.0,12.0,null,4,0.004329004329004329,6.0,1.0,0.0,0.0,6178.3298010944145,930731.7136372934,4,4,0.4973328550175431,true
openjpa-kernel/src/main/java/org/apache/openjpa/kernel/DelegatingFetchConfiguration.java,431.0,6.0,0.0,52.0,96.0,192.0,0.0,null,0,0.0,0.0,0.0,0.0,0.0,0.0,0.0,0,1,0.0,false
openjpa-kernel/src/main/java/org/apache/openjpa/kernel/DetachManager.java,540.0,28.0,71.0,14.0,125.0,66.0,0.0,null,0,0.0,0.0,0.0,0.0,0.0,0.0,0.0,0,0,0.0,false
openjpa-kernel/src/main/java/org/apache/openjpa/kernel/DetachedStateAttachStrategy.java,94.0,10.0,3.0,3.0,51.0,15.0,0.0,pcl@13f79535-47bb-0310-9956-ffa450edef68,0,0.0,0.0,0.0,0.0,0.0,0.0,0.0,0,1,0.0,false
openjpa-kernel/src/main/java/org/apache/openjpa/kernel/DetachedStateManager.java,657.0,18.0,6918.0,121.0,157.0,253.0,0.0,null,0,0.0,0.0,0.0,0.0,0.0,0.0,0.0,0,1,0.0,false
openjpa-kernel/src/main/java/org/apache/openjpa/kernel/DetachedValueStateManager.java,407.0,14.0,6863.0,118.0,43.0,234.0,0.0,null,0,0.0,0.0,0.0,0.0,0.0,0.0,0.0,0,1,0.0,false
openjpa-kernel/src/main/java/org/apache/openjpa/kernel/ExpressionStoreQuery.java,438.0,35.0,184.0,21.0,17.0,54.0,6.0,ppoddar@13f79535-47bb-0310-9956-ffa450edef68,2,0.0021645021645021645,10.0,0.0,0.0,0.0,5955.3298010944145,929864.0501917212,2,0,0.5662384013104332,false
openjpa-kernel/src/main/java/org/apache/openjpa/kernel/FetchConfiguration.java,222.0,6.0,990.0,45.0,0.0,81.0,0.0,null,0,0.0,0.0,0.0,0.0,0.0,0.0,0.0,0,1,0.0,false
openjpa-kernel/src/main/java/org/apache/openjpa/kernel/FetchConfigurationImpl.java,481.0,28.0,14.0,64.0,162.0,189.0,0.0,ppoddar@13f79535-47bb-0310-9956-ffa450edef68,0,0.0,0.0,0.0,0.0,0.0,0.0,0.0,0,2,0.0,false
openjpa-kernel/src/main/java/org/apache/openjpa/kernel/ManagedCache.java,167.0,14.0,0.0,11.0,50.0,38.0,0.0,pcl@13f79535-47bb-0310-9956-ffa450edef68,0,0.0,0.0,0.0,0.0,0.0,0.0,0.0,0,1,0.0,false
openjpa-kernel/src/main/java/org/apache/openjpa/kernel/ObjectIdStateManager.java,511.0,18.0,9549.0,139.0,101.0,267.0,0.0,null,0,0.0,0.0,0.0,0.0,0.0,0.0,0.0,0,2,0.0,false
openjpa-kernel/src/main/java/org/apache/openjpa/kernel/OpenJPASavepoint.java,77.0,5.0,6.0,8.0,12.0,21.0,0.0,pcl@13f79535-47bb-0310-9956-ffa450edef68,0,0.0,0.0,0.0,0.0,0.0,0.0,0.0,0,1,0.0,false
openjpa-kernel/src/main/java/org/apache/openjpa/kernel/OpenJPAStateManager.java,306.0,8.0,2278.0,68.0,0.0,117.0,0.0,struberg@13f79535-47bb-0310-9956-ffa450edef68,0,0.0,0.0,0.0,0.0,0.0,0.0,0.0,0,1,0.0,true
openjpa-kernel/src/main/java/org/apache/openjpa/kernel/QueryImpl.java,1503.0,45.0,3584.0,104.0,474.0,320.0,0.0,ppoddar@13f79535-47bb-0310-9956-ffa450edef68,0,0.0,0.0,0.0,0.0,0.0,0.0,0.0,0,1,0.0,false
openjpa-kernel/src/main/java/org/apache/openjpa/kernel/SaveFieldManager.java,137.0,12.0,0.0,10.0,50.0,31.0,0.0,pcl@13f79535-47bb-0310-9956-ffa450edef68,0,0.0,0.0,0.0,0.0,0.0,0.0,0.0,0,2,0.0,false
openjpa-kernel/src/main/java/org/apache/openjpa/kernel/SavepointFieldManager.java,155.0,14.0,37.0,15.0,46.0,41.0,0.0,struberg@13f79535-47bb-0310-9956-ffa450edef68,0,0.0,0.0,0.0,0.0,0.0,0.0,0.0,0,1,0.0,false
openjpa-kernel/src/main/java/org/apache/openjpa/kernel/SingleFieldManager.java,571.0,23.0,265.0,35.0,215.0,126.0,0.0,null,0,0.0,0.0,0.0,0.0,0.0,0.0,0.0,0,3,0.0,true
openjpa-kernel/src/main/java/org/apache/openjpa/kernel/StateManagerImpl.java,2168.0,46.0,10995.0,215.0,1019.0,642.0,15.0,null,2,0.0021645021645021645,5.0,0.0,0.0,0.0,5396.633249370277,925736.9779887447,2,4,1.3709573575274834,true
openjpa-kernel/src/main/java/org/apache/openjpa/kernel/StoreContext.java,264.0,5.0,1485.0,55.0,0.0,90.0,10.0,null,1,0.0010822510822510823,7.0,0.0,0.0,0.0,5258.433249370277,924920.0344281481,1,1,0.8472978603872037,false
openjpa-kernel/src/main/java/org/apache/openjpa/kernel/VersionAttachStrategy.java,215.0,14.0,45.0,10.0,107.0,49.0,5.0,pcl@13f79535-47bb-0310-9956-ffa450edef68,2,0.0021645021645021645,23.0,0.0,0.0,0.0,5437.633249370277,925507.5700800824,2,0,0.7034843288833952,false
openjpa-kernel/src/main/java/org/apache/openjpa/kernel/exps/ExpressionFactory.java,287.0,1.0,2080.0,65.0,0.0,84.0,14.0,fancy@13f79535-47bb-0310-9956-ffa450edef68,1,0.0010822510822510823,7.0,0.0,0.0,0.0,5258.433249370277,924920.0344281481,1,0,0.8472978603872037,false
openjpa-kernel/src/main/java/org/apache/openjpa/kernel/exps/QueryExpressions.java,76.0,9.0,1.0,2.0,3.0,5.0,0.0,ppoddar@13f79535-47bb-0310-9956-ffa450edef68,0,0.0,0.0,0.0,0.0,0.0,0.0,0.0,0,0,0.0,true
openjpa-kernel/src/main/java/org/apache/openjpa/kernel/exps/Resolver.java,28.0,2.0,10.0,5.0,0.0,11.0,10.0,struberg@13f79535-47bb-0310-9956-ffa450edef68,1,0.0010822510822510823,33.0,0.0,0.0,0.0,5258.433249370277,924920.0344281481,1,0,0.8472978603872037,false
openjpa-kernel/src/main/java/org/apache/openjpa/kernel/jpql/JPQLExpressionBuilder.java,1059.0,37.0,2314.0,69.0,371.0,244.0,6.0,null,2,0.0021645021645021645,6.0,0.0,0.0,0.0,5955.3298010944145,929864.0501917212,2,1,0.5117305254422857,false
openjpa-kernel/src/main/java/org/apache/openjpa/kernel/jpql/ParseException.java,95.0,4.0,10.0,5.0,9.0,19.0,10.0,pcl@13f79535-47bb-0310-9956-ffa450edef68,1,0.0010822510822510823,25.0,0.0,0.0,0.0,5258.433249370277,924920.0344281481,1,0,0.8472978603872037,false
openjpa-kernel/src/main/java/org/apache/openjpa/meta/AbstractMetaDataDefaults.java,227.0,15.0,380.0,29.0,61.0,86.0,11.0,null,1,0.0010822510822510823,29.0,0.0,7.0,0.0,5258.433249370277,924920.0344281481,1,1,0.8472978603872037,false
openjpa-kernel/src/main/java/org/apache/openjpa/meta/ClassMetaData.java,1607.0,46.0,7045.0,135.0,487.0,433.0,14.0,null,1,0.0010822510822510823,5.0,2.0,0.0,0.0,5258.433249370277,924920.0344281481,1,1,0.8472978603872037,true
openjpa-kernel/src/main/java/org/apache/openjpa/meta/FieldMetaData.java,1424.0,46.0,8587.0,147.0,327.0,409.0,0.0,null,0,0.0,0.0,0.0,0.0,0.0,0.0,0.0,0,2,0.0,true
openjpa-kernel/src/main/java/org/apache/openjpa/meta/InterfaceImplGenerator.java,147.0,20.0,24.0,9.0,81.0,35.0,30.0,mikedd@13f79535-47bb-0310-9956-ffa450edef68,1,0.0010822510822510823,14.0,0.0,0.0,0.0,5258.433249370277,924920.0344281481,1,1,0.8472978603872037,false
openjpa-kernel/src/main/java/org/apache/openjpa/meta/MetaDataRepository.java,1274.0,34.0,4350.0,104.0,376.0,360.0,66.0,null,1,0.0010822510822510823,3.0,2.0,0.0,0.0,5258.433249370277,924920.0344281481,1,2,0.8472978603872037,true
openjpa-kernel/src/main/java/org/apache/openjpa/meta/MetaDataTool.java,222.0,18.0,84.0,17.0,72.0,54.0,0.0,curtisr7@13f79535-47bb-0310-9956-ffa450edef68,0,0.0,0.0,0.0,0.0,0.0,0.0,0.0,0,0,0.0,false
openjpa-kernel/src/main/java/org/apache/openjpa/util/ApplicationIds.java,366.0,22.0,36.0,9.0,125.0,49.0,20.0,null,1,0.0010822510822510823,9.0,4.0,0.0,0.0,5258.433249370277,924920.0344281481,1,1,0.8472978603872037,false
openjpa-kernel/src/main/java/org/apache/openjpa/util/BigDecimalId.java,36.0,1.0,0.0,8.0,3.0,16.0,8.0,clr@13f79535-47bb-0310-9956-ffa450edef68,2,0.0021645021645021645,50.0,25.0,25.0,0.0,5312.8332493702765,924947.4834670649,2,0,1.6263701694104786,false
openjpa-kernel/src/main/java/org/apache/openjpa/util/BigIntegerId.java,36.0,1.0,0.0,8.0,3.0,16.0,8.0,clr@13f79535-47bb-0310-9956-ffa450edef68,2,0.0021645021645021645,50.0,25.0,25.0,0.0,5312.8332493702765,924947.4834670649,2,0,1.6263701694104786,false
openjpa-kernel/src/main/java/org/apache/openjpa/util/GeneralException.java,26.0,1.0,21.0,7.0,0.0,8.0,0.0,pcl@13f79535-47bb-0310-9956-ffa450edef68,0,0.0,0.0,0.0,0.0,0.0,0.0,0.0,0,1,0.0,false
openjpa-kernel/src/main/java/org/apache/openjpa/util/ImplHelper.java,179.0,28.0,103.0,15.0,57.0,58.0,11.0,pcl@13f79535-47bb-0310-9956-ffa450edef68,1,0.0010822510822510823,6.0,0.0,0.0,0.0,5258.433249370277,924920.0344281481,1,2,0.8472978603872037,false
openjpa-kernel/src/main/java/org/apache/openjpa/util/ObjectExistsException.java,15.0,1.0,3.0,3.0,0.0,4.0,4.0,joes@13f79535-47bb-0310-9956-ffa450edef68,1,0.0010822510822510823,50.0,0.0,50.0,0.0,696.896551724138,4944.01576357315,1,0,1.6714733033535532,false
openjpa-kernel/src/main/java/org/apache/openjpa/util/ProxyCalendar.java,10.0,0.0,0.0,1.0,0.0,1.0,0.0,mprudhom@13f79535-47bb-0310-9956-ffa450edef68,0,0.0,0.0,0.0,0.0,0.0,0.0,0.0,0,1,0.0,false
openjpa-kernel/src/main/java/org/apache/openjpa/util/ProxyCollections.java,347.0,5.0,1203.0,51.0,123.0,123.0,1.0,null,1,0.0010822510822510823,12.0,12.0,0.0,0.0,5258.433249370277,924920.0344281481,1,1,0.8472978603872037,false
openjpa-kernel/src/test/java/org/apache/openjpa/enhance/TestPCSubclassNameConversion.java,7.0,1.0,0.0,1.0,6.0,1.0,0.0,pcl@13f79535-47bb-0310-9956-ffa450edef68,0,0.0,0.0,0.0,0.0,0.0,0.0,0.0,0,1,0.0,false
openjpa-lib/src/main/java/org/apache/openjpa/lib/conf/AbstractProductDerivation.java,44.0,3.0,78.0,13.0,0.0,35.0,0.0,ppoddar@13f79535-47bb-0310-9956-ffa450edef68,0,0.0,0.0,0.0,0.0,0.0,0.0,0.0,0,0,0.0,false
openjpa-lib/src/main/java/org/apache/openjpa/lib/conf/ConfigurationImpl.java,614.0,47.0,1548.0,60.0,227.0,180.0,5.0,ppoddar@13f79535-47bb-0310-9956-ffa450edef68,1,0.0010822510822510823,3.0,3.0,0.0,0.0,5258.433249370277,924920.0344281481,1,2,0.8472978603872037,false
openjpa-lib/src/main/java/org/apache/openjpa/lib/conf/Configurations.java,419.0,26.0,246.0,24.0,139.0,107.0,1.0,null,1,0.0010822510822510823,3.0,0.0,0.0,0.0,5258.433249370277,924920.0344281481,1,1,0.8472978603872037,false
openjpa-lib/src/main/java/org/apache/openjpa/lib/conf/ProductDerivation.java,75.0,3.0,91.0,14.0,0.0,47.0,21.0,mikedd@13f79535-47bb-0310-9956-ffa450edef68,0,0.0,0.0,0.0,0.0,0.0,0.0,0.0,0,0,0.0,false
openjpa-lib/src/main/java/org/apache/openjpa/lib/conf/ProductDerivations.java,312.0,16.0,73.0,18.0,67.0,75.0,1.0,null,1,0.0010822510822510823,4.0,4.0,4.0,0.0,84.8,50.71988497547704,1,3,2.9444389791664407,false
openjpa-lib/src/main/java/org/apache/openjpa/lib/jdbc/DataSourceLogs.java,93.0,4.0,38.0,13.0,18.0,23.0,0.0,struberg@13f79535-47bb-0310-9956-ffa450edef68,0,0.0,0.0,0.0,0.0,0.0,0.0,0.0,0,0,0.0,false
openjpa-lib/src/main/java/org/apache/openjpa/lib/jdbc/LoggingConnectionDecorator.java,956.0,27.0,77.0,14.0,4.0,35.0,1.0,null,1,0.0010822510822510823,5.0,0.0,0.0,0.0,5258.433249370277,924920.0344281481,1,0,0.8472978603872037,false
openjpa-lib/src/main/java/org/apache/openjpa/lib/meta/ZipFileMetaDataIterator.java,95.0,13.0,0.0,9.0,21.0,37.0,0.0,mikedd@13f79535-47bb-0310-9956-ffa450edef68,0,0.0,0.0,0.0,0.0,0.0,0.0,0.0,0,1,0.0,false
openjpa-lib/src/main/java/org/apache/openjpa/lib/rop/AbstractResultList.java,47.0,4.0,76.0,13.0,15.0,27.0,0.0,null,0,0.0,0.0,0.0,0.0,0.0,0.0,0.0,0,0,0.0,false
openjpa-lib/src/main/java/org/apache/openjpa/lib/util/ReferenceHashSet.java,83.0,6.0,0.0,17.0,17.0,35.0,0.0,struberg@13f79535-47bb-0310-9956-ffa450edef68,0,0.0,0.0,0.0,0.0,0.0,0.0,0.0,0,1,0.0,false
openjpa-lib/src/main/java/org/apache/openjpa/lib/util/Services.java,124.0,14.0,45.0,10.0,41.0,39.0,1.0,mikedd@13f79535-47bb-0310-9956-ffa450edef68,2,0.0021645021645021645,18.0,0.0,0.0,0.0,5437.633249370277,925507.5700800824,2,1,0.8932016350137651,false
openjpa-lib/src/main/java/org/apache/openjpa/lib/util/concurrent/AbstractConcurrentEventManager.java,86.0,7.0,7.0,11.0,14.0,28.0,0.0,pcl@13f79535-47bb-0310-9956-ffa450edef68,0,0.0,0.0,0.0,0.0,0.0,0.0,0.0,0,2,0.0,false
openjpa-persistence-jdbc/src/main/java/org/apache/openjpa/persistence/jdbc/AnnotationPersistenceMappingParser.java,1176.0,67.0,1453.0,63.0,590.0,241.0,0.0,null,0,0.0,0.0,0.0,0.0,0.0,0.0,0.0,0,1,0.0,true
openjpa-persistence-jdbc/src/main/java/org/apache/openjpa/persistence/jdbc/ElementColumn.java,0.0,0.0,0.0,0.0,0.0,0.0,0.0,pcl@13f79535-47bb-0310-9956-ffa450edef68,0,0.0,0.0,0.0,0.0,0.0,0.0,0.0,0,1,0.0,false
openjpa-persistence-jdbc/src/main/java/org/apache/openjpa/persistence/jdbc/ElementColumns.java,0.0,0.0,0.0,0.0,0.0,0.0,0.0,pcl@13f79535-47bb-0310-9956-ffa450edef68,0,0.0,0.0,0.0,0.0,0.0,0.0,0.0,0,1,0.0,false
openjpa-persistence-jdbc/src/main/java/org/apache/openjpa/persistence/jdbc/ElementEmbeddedMapping.java,0.0,0.0,0.0,0.0,0.0,0.0,0.0,pcl@13f79535-47bb-0310-9956-ffa450edef68,0,0.0,0.0,0.0,0.0,0.0,0.0,0.0,0,1,0.0,false
openjpa-persistence-jdbc/src/main/java/org/apache/openjpa/persistence/jdbc/ElementStrategy.java,0.0,0.0,0.0,0.0,0.0,0.0,0.0,pcl@13f79535-47bb-0310-9956-ffa450edef68,0,0.0,0.0,0.0,0.0,0.0,0.0,0.0,0,1,0.0,false
openjpa-persistence-jdbc/src/main/java/org/apache/openjpa/persistence/jdbc/JDBCFetchPlan.java,158.0,6.0,1128.0,48.0,0.0,52.0,0.0,pcl@13f79535-47bb-0310-9956-ffa450edef68,0,0.0,0.0,0.0,0.0,0.0,0.0,0.0,0,1,0.0,false
openjpa-persistence-jdbc/src/main/java/org/apache/openjpa/persistence/jdbc/JDBCFetchPlanImpl.java,176.0,8.0,763.0,50.0,35.0,99.0,0.0,pcl@13f79535-47bb-0310-9956-ffa450edef68,0,0.0,0.0,0.0,0.0,0.0,0.0,0.0,0,0,0.0,false
openjpa-persistence-jdbc/src/main/java/org/apache/openjpa/persistence/jdbc/KeyClassCriteria.java,0.0,0.0,0.0,0.0,0.0,0.0,0.0,pcl@13f79535-47bb-0310-9956-ffa450edef68,0,0.0,0.0,0.0,0.0,0.0,0.0,0.0,0,1,0.0,false
openjpa-persistence-jdbc/src/main/java/org/apache/openjpa/persistence/jdbc/KeyColumn.java,0.0,0.0,0.0,0.0,0.0,0.0,0.0,pcl@13f79535-47bb-0310-9956-ffa450edef68,0,0.0,0.0,0.0,0.0,0.0,0.0,0.0,0,1,0.0,false
openjpa-persistence-jdbc/src/main/java/org/apache/openjpa/persistence/jdbc/KeyColumns.java,0.0,0.0,0.0,0.0,0.0,0.0,0.0,pcl@13f79535-47bb-0310-9956-ffa450edef68,0,0.0,0.0,0.0,0.0,0.0,0.0,0.0,0,1,0.0,false
openjpa-persistence-jdbc/src/main/java/org/apache/openjpa/persistence/jdbc/KeyEmbeddedMapping.java,0.0,0.0,0.0,0.0,0.0,0.0,0.0,pcl@13f79535-47bb-0310-9956-ffa450edef68,0,0.0,0.0,0.0,0.0,0.0,0.0,0.0,0,1,0.0,false
openjpa-persistence-jdbc/src/main/java/org/apache/openjpa/persistence/jdbc/KeyForeignKey.java,0.0,0.0,0.0,0.0,0.0,0.0,0.0,pcl@13f79535-47bb-0310-9956-ffa450edef68,0,0.0,0.0,0.0,0.0,0.0,0.0,0.0,0,1,0.0,false
openjpa-persistence-jdbc/src/main/java/org/apache/openjpa/persistence/jdbc/KeyIndex.java,0.0,0.0,0.0,0.0,0.0,0.0,0.0,pcl@13f79535-47bb-0310-9956-ffa450edef68,0,0.0,0.0,0.0,0.0,0.0,0.0,0.0,0,1,0.0,false
openjpa-persistence-jdbc/src/main/java/org/apache/openjpa/persistence/jdbc/KeyJoinColumn.java,0.0,0.0,0.0,0.0,0.0,0.0,0.0,pcl@13f79535-47bb-0310-9956-ffa450edef68,0,0.0,0.0,0.0,0.0,0.0,0.0,0.0,0,1,0.0,false
openjpa-persistence-jdbc/src/main/java/org/apache/openjpa/persistence/jdbc/KeyJoinColumns.java,0.0,0.0,0.0,0.0,0.0,0.0,0.0,pcl@13f79535-47bb-0310-9956-ffa450edef68,0,0.0,0.0,0.0,0.0,0.0,0.0,0.0,0,1,0.0,false
openjpa-persistence-jdbc/src/main/java/org/apache/openjpa/persistence/jdbc/KeyNonpolymorphic.java,0.0,0.0,0.0,0.0,0.0,0.0,0.0,pcl@13f79535-47bb-0310-9956-ffa450edef68,0,0.0,0.0,0.0,0.0,0.0,0.0,0.0,0,1,0.0,false
openjpa-persistence-jdbc/src/main/java/org/apache/openjpa/persistence/jdbc/KeyStrategy.java,0.0,0.0,0.0,0.0,0.0,0.0,0.0,pcl@13f79535-47bb-0310-9956-ffa450edef68,0,0.0,0.0,0.0,0.0,0.0,0.0,0.0,0,1,0.0,false
openjpa-persistence-jdbc/src/main/java/org/apache/openjpa/persistence/jdbc/MappingTag.java,0.0,0.0,0.0,0.0,0.0,0.0,0.0,faywang@13f79535-47bb-0310-9956-ffa450edef68,0,0.0,0.0,0.0,0.0,0.0,0.0,0.0,0,1,0.0,false
openjpa-persistence-jdbc/src/main/java/org/apache/openjpa/persistence/jdbc/PersistenceMappingDefaults.java,88.0,20.0,39.0,10.0,53.0,36.0,1.0,mikedd@13f79535-47bb-0310-9956-ffa450edef68,1,0.0010822510822510823,12.0,0.0,0.0,0.0,179.2,587.5356519343035,1,1,2.325399770760217,false
openjpa-persistence-jdbc/src/main/java/org/apache/openjpa/persistence/jdbc/XEmbeddedMapping.java,0.0,0.0,0.0,0.0,0.0,0.0,0.0,pcl@13f79535-47bb-0310-9956-ffa450edef68,0,0.0,0.0,0.0,0.0,0.0,0.0,0.0,0,1,0.0,false
openjpa-persistence-jdbc/src/main/java/org/apache/openjpa/persistence/jdbc/XMappingOverride.java,0.0,0.0,0.0,0.0,0.0,0.0,0.0,pcl@13f79535-47bb-0310-9956-ffa450edef68,0,0.0,0.0,0.0,0.0,0.0,0.0,0.0,0,1,0.0,false
openjpa-persistence-jdbc/src/main/java/org/apache/openjpa/persistence/jdbc/XMappingOverrides.java,0.0,0.0,0.0,0.0,0.0,0.0,0.0,pcl@13f79535-47bb-0310-9956-ffa450edef68,0,0.0,0.0,0.0,0.0,0.0,0.0,0.0,0,1,0.0,false
openjpa-persistence-jdbc/src/test/java/org/apache/openjpa/conf/TestCacheMarshallerEndToEnd.java,79.0,13.0,1.0,2.0,23.0,6.0,2.0,pcl@13f79535-47bb-0310-9956-ffa450edef68,1,0.0010822510822510823,14.0,0.0,0.0,14.0,5258.433249370277,924920.0344281481,1,0,0.8472978603872037,false
openjpa-persistence-jdbc/src/test/java/org/apache/openjpa/enhance/AbstractUnenhancedClassTest.java,370.0,16.0,1081.0,47.0,268.0,81.0,0.0,pcl@13f79535-47bb-0310-9956-ffa450edef68,0,0.0,0.0,0.0,0.0,0.0,0.0,0.0,0,2,0.0,false
openjpa-persistence-jdbc/src/test/java/org/apache/openjpa/enhance/TestEnhancementWithMultiplePUs.java,65.0,15.0,15.0,6.0,65.0,12.0,0.0,mikedd@13f79535-47bb-0310-9956-ffa450edef68,0,0.0,0.0,0.0,0.0,0.0,0.0,0.0,0,0,0.0,true
openjpa-persistence-jdbc/src/test/java/org/apache/openjpa/enhance/TestRelationToUnlistedClass.java,14.0,1.0,1.0,2.0,7.0,4.0,0.0,mikedd@13f79535-47bb-0310-9956-ffa450edef68,0,0.0,0.0,0.0,0.0,0.0,0.0,0.0,0,1,0.0,false
openjpa-persistence-jdbc/src/test/java/org/apache/openjpa/enhance/TestUnenhancedOneToMany.java,63.0,3.0,1.0,2.0,22.0,3.0,0.0,pcl@13f79535-47bb-0310-9956-ffa450edef68,0,0.0,0.0,0.0,0.0,0.0,0.0,0.0,0,0,0.0,false
openjpa-persistence-jdbc/src/test/java/org/apache/openjpa/enhance/UnenhancedBootstrapInstance.java,3.0,2.0,0.0,0.0,0.0,0.0,0.0,pcl@13f79535-47bb-0310-9956-ffa450edef68,0,0.0,0.0,0.0,0.0,0.0,0.0,0.0,0,0,0.0,false
openjpa-persistence-jdbc/src/test/java/org/apache/openjpa/enhance/UnenhancedBootstrapInstance2.java,3.0,2.0,0.0,0.0,0.0,0.0,0.0,pcl@13f79535-47bb-0310-9956-ffa450edef68,0,0.0,0.0,0.0,0.0,0.0,0.0,0.0,0,0,0.0,false
openjpa-persistence-jdbc/src/test/java/org/apache/openjpa/enhance/UnenhancedMany.java,31.0,4.0,14.0,8.0,2.0,15.0,0.0,pcl@13f79535-47bb-0310-9956-ffa450edef68,0,0.0,0.0,0.0,0.0,0.0,0.0,0.0,0,0,0.0,false
openjpa-persistence-jdbc/src/test/java/org/apache/openjpa/enhance/UnenhancedOne.java,28.0,6.0,9.0,7.0,2.0,14.0,0.0,pcl@13f79535-47bb-0310-9956-ffa450edef68,0,0.0,0.0,0.0,0.0,0.0,0.0,0.0,0,0,0.0,false
openjpa-persistence-jdbc/src/test/java/org/apache/openjpa/jdbc/meta/TestCalendarField.java,16.0,8.0,1.0,2.0,9.0,4.0,0.0,curtisr7@13f79535-47bb-0310-9956-ffa450edef68,0,0.0,0.0,0.0,0.0,0.0,0.0,0.0,0,1,0.0,false
openjpa-persistence-jdbc/src/test/java/org/apache/openjpa/kernel/AbstractBrokerSerializationTest.java,314.0,20.0,193.0,23.0,175.0,48.0,0.0,mikedd@13f79535-47bb-0310-9956-ffa450edef68,0,0.0,0.0,0.0,0.0,0.0,0.0,0.0,0,1,0.0,false
openjpa-persistence-jdbc/src/test/java/org/apache/openjpa/kernel/AbstractUnenhancedRelationBrokerSerializationTest.java,21.0,4.0,0.0,1.0,14.0,3.0,0.0,pcl@13f79535-47bb-0310-9956-ffa450edef68,0,0.0,0.0,0.0,0.0,0.0,0.0,0.0,0,1,0.0,false
openjpa-persistence-jdbc/src/test/java/org/apache/openjpa/kernel/TestDynamicClassRegistration.java,25.0,11.0,0.0,3.0,22.0,6.0,0.0,mikedd@13f79535-47bb-0310-9956-ffa450edef68,0,0.0,0.0,0.0,0.0,0.0,0.0,0.0,0,0,0.0,false
openjpa-persistence-jdbc/src/test/java/org/apache/openjpa/kernel/TestEnhancedInstanceBrokerSerialization.java,21.0,2.0,10.0,5.0,6.0,10.0,0.0,pcl@13f79535-47bb-0310-9956-ffa450edef68,0,0.0,0.0,0.0,0.0,0.0,0.0,0.0,0,1,0.0,false
openjpa-persistence-jdbc/src/test/java/org/apache/openjpa/kernel/TestEntityManagerFactoryPool.java,18.0,5.0,3.0,3.0,9.0,3.0,0.0,pcl@13f79535-47bb-0310-9956-ffa450edef68,0,0.0,0.0,0.0,0.0,0.0,0.0,0.0,0,1,0.0,false
openjpa-persistence-jdbc/src/test/java/org/apache/openjpa/kernel/TestInstanceGraphBrokerSerialization.java,22.0,1.0,10.0,5.0,6.0,11.0,0.0,pcl@13f79535-47bb-0310-9956-ffa450edef68,0,0.0,0.0,0.0,0.0,0.0,0.0,0.0,0,1,0.0,false
openjpa-persistence-jdbc/src/test/java/org/apache/openjpa/kernel/TestUnenhancedFieldAccessInstanceBrokerSerialization.java,16.0,1.0,6.0,4.0,3.0,9.0,0.0,pcl@13f79535-47bb-0310-9956-ffa450edef68,0,0.0,0.0,0.0,0.0,0.0,0.0,0.0,0,1,0.0,false
openjpa-persistence-jdbc/src/test/java/org/apache/openjpa/kernel/TestUnenhancedFieldAccessWithRelationInstanceBrokerSerialization.java,25.0,2.0,15.0,6.0,6.0,13.0,0.0,pcl@13f79535-47bb-0310-9956-ffa450edef68,0,0.0,0.0,0.0,0.0,0.0,0.0,0.0,0,1,0.0,false
openjpa-persistence-jdbc/src/test/java/org/apache/openjpa/kernel/TestUnenhancedPropertyAccessInstanceBrokerSerialization.java,16.0,1.0,6.0,4.0,3.0,9.0,0.0,pcl@13f79535-47bb-0310-9956-ffa450edef68,0,0.0,0.0,0.0,0.0,0.0,0.0,0.0,0,1,0.0,false
openjpa-persistence-jdbc/src/test/java/org/apache/openjpa/kernel/TestUnenhancedPropertyAccessWithRelationInstanceBrokerSerialization.java,25.0,2.0,15.0,6.0,6.0,13.0,0.0,pcl@13f79535-47bb-0310-9956-ffa450edef68,0,0.0,0.0,0.0,0.0,0.0,0.0,0.0,0,1,0.0,false
openjpa-persistence-jdbc/src/test/java/org/apache/openjpa/lib/conf/TestAnchorParsing.java,28.0,3.0,6.0,4.0,14.0,6.0,0.0,pcl@13f79535-47bb-0310-9956-ffa450edef68,0,0.0,0.0,0.0,0.0,0.0,0.0,0.0,0,0,0.0,false
openjpa-persistence-jdbc/src/test/java/org/apache/openjpa/persistence/detachment/Record.java,16.0,4.0,2.0,4.0,0.0,6.0,0.0,pcl@13f79535-47bb-0310-9956-ffa450edef68,0,0.0,0.0,0.0,0.0,0.0,0.0,0.0,0,0,0.0,false
openjpa-persistence-jdbc/src/test/java/org/apache/openjpa/persistence/detachment/TestDetachment.java,54.0,2.0,1.0,7.0,29.0,10.0,0.0,pcl@13f79535-47bb-0310-9956-ffa450edef68,0,0.0,0.0,0.0,0.0,0.0,0.0,0.0,0,0,0.0,false
openjpa-persistence-jdbc/src/test/java/org/apache/openjpa/persistence/exception/PObject.java,21.0,4.0,4.0,4.0,0.0,7.0,16.0,ppoddar@13f79535-47bb-0310-9956-ffa450edef68,1,0.0010822510822510823,20.0,20.0,20.0,0.0,696.896551724138,4944.01576357315,1,0,1.6714733033535532,false
openjpa-persistence-jdbc/src/test/java/org/apache/openjpa/persistence/exception/TestException.java,68.0,4.0,10.0,5.0,29.0,13.0,2.0,ppoddar@13f79535-47bb-0310-9956-ffa450edef68,1,0.0010822510822510823,8.0,8.0,8.0,0.0,696.896551724138,4944.01576357315,1,0,1.6714733033535532,false
openjpa-persistence-jdbc/src/test/java/org/apache/openjpa/persistence/external/EntityA.java,23.0,7.0,11.0,6.0,0.0,9.0,0.0,allee8285@13f79535-47bb-0310-9956-ffa450edef68,0,0.0,0.0,0.0,0.0,0.0,0.0,0.0,0,0,0.0,false
openjpa-persistence-jdbc/src/test/java/org/apache/openjpa/persistence/external/TestExternalValues.java,30.0,4.0,1.0,2.0,15.0,5.0,695.0,allee8285@13f79535-47bb-0310-9956-ffa450edef68,0,0.0,0.0,0.0,0.0,0.0,0.0,0.0,0,0,0.0,true
openjpa-persistence-jdbc/src/test/java/org/apache/openjpa/persistence/fields/TestEnumsInJPQL.java,66.0,2.0,36.0,9.0,64.0,10.0,0.0,pcl@13f79535-47bb-0310-9956-ffa450edef68,0,0.0,0.0,0.0,0.0,0.0,0.0,0.0,0,0,0.0,false
openjpa-persistence-jdbc/src/test/java/org/apache/openjpa/persistence/generationtype/CustomSeq.java,16.0,3.0,8.0,5.0,0.0,9.0,5.0,pcl@13f79535-47bb-0310-9956-ffa450edef68,1,0.0010822510822510823,50.0,50.0,0.0,0.0,5258.433249370277,924920.0344281481,1,0,0.8472978603872037,false
openjpa-persistence-jdbc/src/test/java/org/apache/openjpa/persistence/generationtype/GeneratedValues.java,28.0,5.0,9.0,7.0,0.0,10.0,5.0,mikedd@13f79535-47bb-0310-9956-ffa450edef68,1,0.0010822510822510823,20.0,20.0,0.0,0.0,5258.433249370277,924920.0344281481,1,0,0.8472978603872037,false
openjpa-persistence-jdbc/src/test/java/org/apache/openjpa/persistence/generationtype/TestGeneratedValues.java,67.0,3.0,15.0,6.0,37.0,12.0,5.0,mikedd@13f79535-47bb-0310-9956-ffa450edef68,1,0.0010822510822510823,11.0,11.0,0.0,0.0,5258.433249370277,924920.0344281481,1,0,0.8472978603872037,false
openjpa-persistence-jdbc/src/test/java/org/apache/openjpa/persistence/hugariannotation/HungarianNotationFieldDuplicates.java,7.0,1.0,0.0,0.0,0.0,0.0,0.0,pcl@13f79535-47bb-0310-9956-ffa450edef68,0,0.0,0.0,0.0,0.0,0.0,0.0,0.0,0,1,0.0,false
openjpa-persistence-jdbc/src/test/java/org/apache/openjpa/persistence/hugariannotation/HungarianNotationFields.java,13.0,4.0,0.0,0.0,0.0,0.0,0.0,pcl@13f79535-47bb-0310-9956-ffa450edef68,0,0.0,0.0,0.0,0.0,0.0,0.0,0.0,0,1,0.0,false
openjpa-persistence-jdbc/src/test/java/org/apache/openjpa/persistence/hugariannotation/OtherClass.java,6.0,2.0,0.0,0.0,0.0,0.0,0.0,pcl@13f79535-47bb-0310-9956-ffa450edef68,0,0.0,0.0,0.0,0.0,0.0,0.0,0.0,0,1,0.0,false
openjpa-persistence-jdbc/src/test/java/org/apache/openjpa/persistence/hugariannotation/TestHungarianNotationRemoval.java,21.0,4.0,3.0,3.0,14.0,5.0,0.0,pcl@13f79535-47bb-0310-9956-ffa450edef68,0,0.0,0.0,0.0,0.0,0.0,0.0,0.0,0,1,0.0,false
openjpa-persistence-jdbc/src/test/java/org/apache/openjpa/persistence/identity/SQLBigDecimalIdEntity.java,19.0,3.0,2.0,4.0,0.0,6.0,8.0,curtisr7@13f79535-47bb-0310-9956-ffa450edef68,2,0.0021645021645021645,50.0,25.0,25.0,0.0,5312.8332493702765,924947.4834670649,2,0,1.6263701694104786,false
openjpa-persistence-jdbc/src/test/java/org/apache/openjpa/persistence/identity/SQLBigIntegerIdEntity.java,19.0,3.0,2.0,4.0,0.0,6.0,8.0,clr@13f79535-47bb-0310-9956-ffa450edef68,2,0.0021645021645021645,67.0,33.0,33.0,0.0,5312.8332493702765,924947.4834670649,2,0,1.6263701694104786,false
openjpa-persistence-jdbc/src/test/java/org/apache/openjpa/persistence/identity/TestSQLBigDecimalId.java,28.0,4.0,3.0,3.0,16.0,3.0,8.0,curtisr7@13f79535-47bb-0310-9956-ffa450edef68,2,0.0021645021645021645,15.0,8.0,8.0,0.0,5312.8332493702765,924947.4834670649,2,0,1.6263701694104786,false
openjpa-persistence-jdbc/src/test/java/org/apache/openjpa/persistence/identity/TestSQLBigIntegerId.java,28.0,5.0,3.0,3.0,17.0,3.0,8.0,clr@13f79535-47bb-0310-9956-ffa450edef68,2,0.0021645021645021645,50.0,25.0,25.0,0.0,5312.8332493702765,924947.4834670649,2,0,1.6263701694104786,false
openjpa-persistence-jdbc/src/test/java/org/apache/openjpa/persistence/jdbc/annotations/AnnoTest1.java,156.0,3.0,900.0,44.0,0.0,67.0,695.0,curtisr7@13f79535-47bb-0310-9956-ffa450edef68,0,0.0,0.0,0.0,0.0,0.0,0.0,0.0,0,0,0.0,false
openjpa-persistence-jdbc/src/test/java/org/apache/openjpa/persistence/jdbc/annotations/AnnoTest2.java,83.0,2.0,73.0,14.0,0.0,21.0,695.0,pcl@13f79535-47bb-0310-9956-ffa450edef68,0,0.0,0.0,0.0,0.0,0.0,0.0,0.0,0,0,0.0,false
openjpa-persistence-jdbc/src/test/java/org/apache/openjpa/persistence/jdbc/annotations/AnnoTest3.java,24.0,1.0,17.0,7.0,0.0,9.0,695.0,pcl@13f79535-47bb-0310-9956-ffa450edef68,0,0.0,0.0,0.0,0.0,0.0,0.0,0.0,0,0,0.0,false
openjpa-persistence-jdbc/src/test/java/org/apache/openjpa/persistence/jdbc/annotations/EmbedOwner.java,20.0,1.0,6.0,5.0,0.0,8.0,695.0,curtisr7@13f79535-47bb-0310-9956-ffa450edef68,0,0.0,0.0,0.0,0.0,0.0,0.0,0.0,0,0,0.0,false
openjpa-persistence-jdbc/src/test/java/org/apache/openjpa/persistence/jdbc/annotations/EmbedValue.java,31.0,1.0,20.0,8.0,0.0,12.0,362.0,pcl@13f79535-47bb-0310-9956-ffa450edef68,1,0.0010822510822510823,33.0,0.0,0.0,0.0,5258.433249370277,924920.0344281481,1,0,0.8472978603872037,false
openjpa-persistence-jdbc/src/test/java/org/apache/openjpa/persistence/jdbc/annotations/EmbedValue2.java,19.0,1.0,2.0,4.0,0.0,6.0,695.0,pcl@13f79535-47bb-0310-9956-ffa450edef68,0,0.0,0.0,0.0,0.0,0.0,0.0,0.0,0,0,0.0,false
openjpa-persistence-jdbc/src/test/java/org/apache/openjpa/persistence/jdbc/annotations/EmbeddableSuper.java,32.0,1.0,28.0,9.0,0.0,13.0,695.0,pcl@13f79535-47bb-0310-9956-ffa450edef68,0,0.0,0.0,0.0,0.0,0.0,0.0,0.0,0,0,0.0,false
openjpa-persistence-jdbc/src/test/java/org/apache/openjpa/persistence/jdbc/annotations/EmbeddableSuperSub.java,18.0,1.0,6.0,5.0,0.0,7.0,695.0,pcl@13f79535-47bb-0310-9956-ffa450edef68,0,0.0,0.0,0.0,0.0,0.0,0.0,0.0,0,0,0.0,false
openjpa-persistence-jdbc/src/test/java/org/apache/openjpa/persistence/jdbc/annotations/EmbeddedIdClass.java,35.0,1.0,0.0,9.0,0.0,17.0,695.0,pcl@13f79535-47bb-0310-9956-ffa450edef68,0,0.0,0.0,0.0,0.0,0.0,0.0,0.0,0,0,0.0,false
openjpa-persistence-jdbc/src/test/java/org/apache/openjpa/persistence/jdbc/annotations/EmbeddedIdEntity.java,27.0,1.0,15.0,7.0,0.0,11.0,695.0,pcl@13f79535-47bb-0310-9956-ffa450edef68,0,0.0,0.0,0.0,0.0,0.0,0.0,0.0,0,0,0.0,false
openjpa-persistence-jdbc/src/test/java/org/apache/openjpa/persistence/jdbc/annotations/ExtensionsEntity.java,22.0,5.0,2.0,4.0,0.0,6.0,0.0,pcl@13f79535-47bb-0310-9956-ffa450edef68,0,0.0,0.0,0.0,0.0,0.0,0.0,0.0,0,0,0.0,false
openjpa-persistence-jdbc/src/test/java/org/apache/openjpa/persistence/jdbc/annotations/Flat1.java,25.0,1.0,13.0,7.0,0.0,10.0,695.0,pcl@13f79535-47bb-0310-9956-ffa450edef68,0,0.0,0.0,0.0,0.0,0.0,0.0,0.0,0,0,0.0,false
openjpa-persistence-jdbc/src/test/java/org/apache/openjpa/persistence/jdbc/annotations/Flat2.java,14.0,1.0,4.0,4.0,0.0,5.0,695.0,pcl@13f79535-47bb-0310-9956-ffa450edef68,0,0.0,0.0,0.0,0.0,0.0,0.0,0.0,0,0,0.0,false
openjpa-persistence-jdbc/src/test/java/org/apache/openjpa/persistence/jdbc/annotations/Generator.java,51.0,2.0,11.0,6.0,0.0,10.0,695.0,pcl@13f79535-47bb-0310-9956-ffa450edef68,0,0.0,0.0,0.0,0.0,0.0,0.0,0.0,0,0,0.0,false
openjpa-persistence-jdbc/src/test/java/org/apache/openjpa/persistence/jdbc/annotations/NonstandardMappingEntity.java,36.0,7.0,32.0,9.0,0.0,16.0,0.0,pcl@13f79535-47bb-0310-9956-ffa450edef68,0,0.0,0.0,0.0,0.0,0.0,0.0,0.0,0,1,0.0,false
openjpa-persistence-jdbc/src/test/java/org/apache/openjpa/persistence/jdbc/annotations/NonstandardMappingMappedSuper.java,13.0,4.0,1.0,3.0,0.0,5.0,0.0,pcl@13f79535-47bb-0310-9956-ffa450edef68,0,0.0,0.0,0.0,0.0,0.0,0.0,0.0,0,1,0.0,false
openjpa-persistence-jdbc/src/test/java/org/apache/openjpa/persistence/jdbc/annotations/PointHandler.java,42.0,8.0,6.0,4.0,4.0,11.0,0.0,pcl@13f79535-47bb-0310-9956-ffa450edef68,0,0.0,0.0,0.0,0.0,0.0,0.0,0.0,0,1,0.0,false
openjpa-persistence-jdbc/src/test/java/org/apache/openjpa/persistence/jdbc/annotations/PropertyAccess1.java,31.0,1.0,18.0,8.0,0.0,11.0,695.0,pcl@13f79535-47bb-0310-9956-ffa450edef68,0,0.0,0.0,0.0,0.0,0.0,0.0,0.0,0,0,0.0,false
openjpa-persistence-jdbc/src/test/java/org/apache/openjpa/persistence/jdbc/annotations/TablePerClass1.java,20.0,1.0,6.0,5.0,0.0,8.0,695.0,pcl@13f79535-47bb-0310-9956-ffa450edef68,0,0.0,0.0,0.0,0.0,0.0,0.0,0.0,0,0,0.0,false
openjpa-persistence-jdbc/src/test/java/org/apache/openjpa/persistence/jdbc/annotations/TablePerClass2.java,9.0,1.0,0.0,2.0,0.0,3.0,695.0,pcl@13f79535-47bb-0310-9956-ffa450edef68,0,0.0,0.0,0.0,0.0,0.0,0.0,0.0,0,0,0.0,false
openjpa-persistence-jdbc/src/test/java/org/apache/openjpa/persistence/jdbc/annotations/TestDiscriminator.java,17.0,8.0,1.0,2.0,9.0,3.0,0.0,pcl@13f79535-47bb-0310-9956-ffa450edef68,0,0.0,0.0,0.0,0.0,0.0,0.0,0.0,0,1,0.0,false
openjpa-persistence-jdbc/src/test/java/org/apache/openjpa/persistence/jdbc/annotations/TestEJBEmbedded.java,83.0,13.0,8.0,5.0,56.0,7.0,380.0,null,1,0.0010822510822510823,12.0,0.0,0.0,0.0,5258.433249370277,924920.0344281481,1,0,0.8472978603872037,false
openjpa-persistence-jdbc/src/test/java/org/apache/openjpa/persistence/jdbc/annotations/TestEmbeddableSuperclass.java,75.0,14.0,21.0,7.0,63.0,9.0,399.0,ppoddar@13f79535-47bb-0310-9956-ffa450edef68,0,0.0,0.0,0.0,0.0,0.0,0.0,0.0,0,0,0.0,false
openjpa-persistence-jdbc/src/test/java/org/apache/openjpa/persistence/jdbc/annotations/TestEmbeddedId.java,177.0,4.0,1.0,7.0,93.0,9.0,399.0,pcl@13f79535-47bb-0310-9956-ffa450edef68,0,0.0,0.0,0.0,0.0,0.0,0.0,0.0,0,0,0.0,false
openjpa-persistence-jdbc/src/test/java/org/apache/openjpa/persistence/jdbc/annotations/TestEnumerated.java,55.0,6.0,3.0,3.0,25.0,3.0,399.0,ppoddar@13f79535-47bb-0310-9956-ffa450edef68,0,0.0,0.0,0.0,0.0,0.0,0.0,0.0,0,0,0.0,false
openjpa-persistence-jdbc/src/test/java/org/apache/openjpa/persistence/jdbc/annotations/TestExtensionAnnotations.java,73.0,9.0,0.0,12.0,56.0,12.0,0.0,mikedd@13f79535-47bb-0310-9956-ffa450edef68,0,0.0,0.0,0.0,0.0,0.0,0.0,0.0,0,0,0.0,false
openjpa-persistence-jdbc/src/test/java/org/apache/openjpa/persistence/jdbc/annotations/TestFlatInheritance.java,30.0,2.0,1.0,2.0,14.0,2.0,399.0,pcl@13f79535-47bb-0310-9956-ffa450edef68,0,0.0,0.0,0.0,0.0,0.0,0.0,0.0,0,0,0.0,false
openjpa-persistence-jdbc/src/test/java/org/apache/openjpa/persistence/jdbc/annotations/TestGenerators.java,55.0,5.0,15.0,6.0,41.0,10.0,399.0,mikedd@13f79535-47bb-0310-9956-ffa450edef68,0,0.0,0.0,0.0,0.0,0.0,0.0,0.0,0,0,0.0,false
openjpa-persistence-jdbc/src/test/java/org/apache/openjpa/persistence/jdbc/annotations/TestJoinedInheritance.java,34.0,2.0,1.0,2.0,21.0,2.0,399.0,pcl@13f79535-47bb-0310-9956-ffa450edef68,0,0.0,0.0,0.0,0.0,0.0,0.0,0.0,0,0,0.0,false
openjpa-persistence-jdbc/src/test/java/org/apache/openjpa/persistence/jdbc/annotations/TestManyToMany.java,78.0,3.0,3.0,3.0,32.0,9.0,399.0,pcl@13f79535-47bb-0310-9956-ffa450edef68,0,0.0,0.0,0.0,0.0,0.0,0.0,0.0,0,0,0.0,false
openjpa-persistence-jdbc/src/test/java/org/apache/openjpa/persistence/jdbc/annotations/TestMapKey.java,66.0,9.0,10.0,5.0,58.0,5.0,399.0,null,0,0.0,0.0,0.0,0.0,0.0,0.0,0.0,0,0,0.0,false
openjpa-persistence-jdbc/src/test/java/org/apache/openjpa/persistence/jdbc/annotations/TestMixedAccess.java,22.0,3.0,1.0,2.0,10.0,10.0,6.0,mikedd@13f79535-47bb-0310-9956-ffa450edef68,1,0.0010822510822510823,17.0,0.0,17.0,0.0,5258.433249370277,924920.0344281481,1,0,0.8472978603872037,false
openjpa-persistence-jdbc/src/test/java/org/apache/openjpa/persistence/jdbc/annotations/TestNonstandardMappingAnnotations.java,195.0,13.0,0.0,15.0,156.0,16.0,0.0,faywang@13f79535-47bb-0310-9956-ffa450edef68,0,0.0,0.0,0.0,0.0,0.0,0.0,0.0,0,1,0.0,false
openjpa-persistence-jdbc/src/test/java/org/apache/openjpa/persistence/jdbc/annotations/TestOneToMany.java,70.0,3.0,3.0,3.0,33.0,9.0,399.0,pcl@13f79535-47bb-0310-9956-ffa450edef68,0,0.0,0.0,0.0,0.0,0.0,0.0,0.0,0,0,0.0,false
openjpa-persistence-jdbc/src/test/java/org/apache/openjpa/persistence/jdbc/annotations/TestOneToOne.java,98.0,2.0,15.0,6.0,65.0,6.0,399.0,pcl@13f79535-47bb-0310-9956-ffa450edef68,0,0.0,0.0,0.0,0.0,0.0,0.0,0.0,0,0,0.0,false
openjpa-persistence-jdbc/src/test/java/org/apache/openjpa/persistence/jdbc/annotations/TestPropertyAccess.java,48.0,3.0,10.0,5.0,31.0,5.0,399.0,pcl@13f79535-47bb-0310-9956-ffa450edef68,0,0.0,0.0,0.0,0.0,0.0,0.0,0.0,0,0,0.0,false
openjpa-persistence-jdbc/src/test/java/org/apache/openjpa/persistence/jdbc/annotations/TestSerializedLobs.java,86.0,11.0,6.0,4.0,45.0,10.0,399.0,pcl@13f79535-47bb-0310-9956-ffa450edef68,0,0.0,0.0,0.0,0.0,0.0,0.0,0.0,0,0,0.0,false
openjpa-persistence-jdbc/src/test/java/org/apache/openjpa/persistence/jdbc/annotations/TestTablePerClassInheritance.java,55.0,6.0,3.0,3.0,32.0,3.0,399.0,curtisr7@13f79535-47bb-0310-9956-ffa450edef68,0,0.0,0.0,0.0,0.0,0.0,0.0,0.0,0,0,0.0,false
openjpa-persistence-jdbc/src/test/java/org/apache/openjpa/persistence/jdbc/annotations/TestVersion.java,134.0,5.0,21.0,7.0,74.0,10.0,200.0,curtisr7@13f79535-47bb-0310-9956-ffa450edef68,1,0.0010822510822510823,12.0,0.0,0.0,0.0,104.0,150.05780147324026,1,0,2.4054424784337534,false
openjpa-persistence-jdbc/src/test/java/org/apache/openjpa/persistence/jdbc/annotations/UnenhancedInappropriateTransient.java,6.0,4.0,0.0,1.0,0.0,2.0,6.0,pcl@13f79535-47bb-0310-9956-ffa450edef68,1,0.0010822510822510823,33.0,0.0,33.0,0.0,5258.433249370277,924920.0344281481,1,0,0.8472978603872037,false
openjpa-persistence-jdbc/src/test/java/org/apache/openjpa/persistence/jdbc/annotations/UnenhancedMixedAccess.java,9.0,3.0,1.0,2.0,0.0,4.0,6.0,pcl@13f79535-47bb-0310-9956-ffa450edef68,1,0.0010822510822510823,50.0,0.0,50.0,0.0,5258.433249370277,924920.0344281481,1,0,0.8472978603872037,false
openjpa-persistence-jdbc/src/test/java/org/apache/openjpa/persistence/jdbc/query/TestJDBCGrouping.java,4.0,2.0,0.0,1.0,0.0,1.0,14.0,pcl@13f79535-47bb-0310-9956-ffa450edef68,1,0.0010822510822510823,33.0,0.0,0.0,0.0,5258.433249370277,924920.0344281481,1,0,0.8472978603872037,false
openjpa-persistence-jdbc/src/test/java/org/apache/openjpa/persistence/lifecycle/TestMergeAndPersistWithManagedRelation.java,40.0,4.0,0.0,3.0,29.0,3.0,0.0,pcl@13f79535-47bb-0310-9956-ffa450edef68,0,0.0,0.0,0.0,0.0,0.0,0.0,0.0,0,0,0.0,false
openjpa-persistence-jdbc/src/test/java/org/apache/openjpa/persistence/lifecycle/TestPessimisticPNonTransToPDirty.java,26.0,7.0,1.0,2.0,18.0,2.0,0.0,pcl@13f79535-47bb-0310-9956-ffa450edef68,0,0.0,0.0,0.0,0.0,0.0,0.0,0.0,0,0,0.0,false
openjpa-persistence-jdbc/src/test/java/org/apache/openjpa/persistence/managedinterface/ManagedIface.java,17.0,9.0,105.0,15.0,0.0,16.0,19.0,pcl@13f79535-47bb-0310-9956-ffa450edef68,1,0.0010822510822510823,67.0,33.0,0.0,0.0,5258.433249370277,924920.0344281481,1,0,0.8472978603872037,false
openjpa-persistence-jdbc/src/test/java/org/apache/openjpa/persistence/managedinterface/ManagedInterfaceEmbed.java,4.0,3.0,1.0,2.0,0.0,2.0,244.0,struberg@13f79535-47bb-0310-9956-ffa450edef68,1,0.0010822510822510823,50.0,25.0,0.0,0.0,5258.433249370277,924920.0344281481,1,0,0.8472978603872037,false
openjpa-persistence-jdbc/src/test/java/org/apache/openjpa/persistence/managedinterface/ManagedInterfaceOwner.java,24.0,5.0,9.0,6.0,0.0,11.0,244.0,pcl@13f79535-47bb-0310-9956-ffa450edef68,1,0.0010822510822510823,67.0,33.0,0.0,0.0,5258.433249370277,924920.0344281481,1,0,0.8472978603872037,false
openjpa-persistence-jdbc/src/test/java/org/apache/openjpa/persistence/managedinterface/ManagedInterfaceSup.java,6.0,4.0,6.0,4.0,0.0,4.0,244.0,pcl@13f79535-47bb-0310-9956-ffa450edef68,1,0.0010822510822510823,67.0,33.0,0.0,0.0,5258.433249370277,924920.0344281481,1,0,0.8472978603872037,false
openjpa-persistence-jdbc/src/test/java/org/apache/openjpa/persistence/managedinterface/MixedInterface.java,6.0,4.0,6.0,4.0,0.0,4.0,244.0,pcl@13f79535-47bb-0310-9956-ffa450edef68,1,0.0010822510822510823,67.0,33.0,0.0,0.0,5258.433249370277,924920.0344281481,1,0,0.8472978603872037,false
openjpa-persistence-jdbc/src/test/java/org/apache/openjpa/persistence/managedinterface/MixedInterfaceImpl.java,16.0,3.0,2.0,4.0,0.0,6.0,244.0,pcl@13f79535-47bb-0310-9956-ffa450edef68,1,0.0010822510822510823,67.0,33.0,0.0,0.0,5258.433249370277,924920.0344281481,1,0,0.8472978603872037,false
openjpa-persistence-jdbc/src/test/java/org/apache/openjpa/persistence/managedinterface/NonMappedInterface.java,4.0,0.0,1.0,2.0,0.0,2.0,244.0,pcl@13f79535-47bb-0310-9956-ffa450edef68,1,0.0010822510822510823,67.0,33.0,0.0,0.0,5258.433249370277,924920.0344281481,1,0,0.8472978603872037,false
openjpa-persistence-jdbc/src/test/java/org/apache/openjpa/persistence/managedinterface/NonMappedInterfaceImpl.java,9.0,1.0,0.0,2.0,0.0,3.0,244.0,pcl@13f79535-47bb-0310-9956-ffa450edef68,1,0.0010822510822510823,67.0,33.0,0.0,0.0,5258.433249370277,924920.0344281481,1,0,0.8472978603872037,false
openjpa-persistence-jdbc/src/test/java/org/apache/openjpa/persistence/managedinterface/SimpleManagedInterface.java,6.0,3.0,6.0,4.0,0.0,4.0,30.0,pcl@13f79535-47bb-0310-9956-ffa450edef68,1,0.0010822510822510823,50.0,0.0,0.0,0.0,5258.433249370277,924920.0344281481,1,0,0.8472978603872037,false
openjpa-persistence-jdbc/src/test/java/org/apache/openjpa/persistence/managedinterface/TestManagedInterfaces.java,376.0,14.0,105.0,15.0,186.0,29.0,189.0,null,1,0.0010822510822510823,25.0,12.0,0.0,0.0,5258.433249370277,924920.0344281481,1,0,0.8472978603872037,false
openjpa-persistence-jdbc/src/test/java/org/apache/openjpa/persistence/managedinterface/TestSimpleManagedInterface.java,46.0,8.0,10.0,5.0,35.0,5.0,30.0,mikedd@13f79535-47bb-0310-9956-ffa450edef68,1,0.0010822510822510823,20.0,0.0,0.0,0.0,5258.433249370277,924920.0344281481,1,0,0.8472978603872037,false
openjpa-persistence-jdbc/src/test/java/org/apache/openjpa/persistence/query/GroupingTestCase.java,202.0,6.0,136.0,17.0,131.0,20.0,6.0,pcl@13f79535-47bb-0310-9956-ffa450edef68,1,0.0010822510822510823,44.0,11.0,0.0,0.0,5258.433249370277,924920.0344281481,1,0,0.8472978603872037,false
openjpa-persistence-jdbc/src/test/java/org/apache/openjpa/persistence/query/ManyOneEntity.java,21.0,9.0,6.0,5.0,0.0,8.0,0.0,pcl@13f79535-47bb-0310-9956-ffa450edef68,0,0.0,0.0,0.0,0.0,0.0,0.0,0.0,0,1,0.0,false
openjpa-persistence-jdbc/src/test/java/org/apache/openjpa/persistence/query/SimpleEntity.java,30.0,12.0,14.0,8.0,0.0,11.0,0.0,null,0,0.0,0.0,0.0,0.0,0.0,0.0,0.0,0,1,0.0,false
openjpa-persistence-jdbc/src/test/java/org/apache/openjpa/persistence/query/TestQueryPagination.java,59.0,7.0,36.0,9.0,31.0,14.0,14.0,pcl@13f79535-47bb-0310-9956-ffa450edef68,1,0.0010822510822510823,20.0,0.0,0.0,0.0,5258.433249370277,924920.0344281481,1,0,0.8472978603872037,false
openjpa-persistence-jdbc/src/test/java/org/apache/openjpa/persistence/query/TestSubstring.java,24.0,2.0,6.0,4.0,15.0,4.0,12.0,pcl@13f79535-47bb-0310-9956-ffa450edef68,1,0.0010822510822510823,50.0,0.0,0.0,0.0,5258.433249370277,924920.0344281481,1,0,0.8472978603872037,false
openjpa-persistence-jdbc/src/test/java/org/apache/openjpa/persistence/relations/HandlerCollectionInstance.java,7.0,5.0,0.0,1.0,0.0,2.0,0.0,pcl@13f79535-47bb-0310-9956-ffa450edef68,0,0.0,0.0,0.0,0.0,0.0,0.0,0.0,0,1,0.0,false
openjpa-persistence-jdbc/src/test/java/org/apache/openjpa/persistence/relations/HandlerToHandlerMapInstance.java,7.0,7.0,0.0,1.0,0.0,2.0,0.0,fancy@13f79535-47bb-0310-9956-ffa450edef68,0,0.0,0.0,0.0,0.0,0.0,0.0,0.0,0,1,0.0,false
openjpa-persistence-jdbc/src/test/java/org/apache/openjpa/persistence/relations/HandlerToRelationMapInstance.java,7.0,8.0,0.0,1.0,0.0,2.0,0.0,fancy@13f79535-47bb-0310-9956-ffa450edef68,0,0.0,0.0,0.0,0.0,0.0,0.0,0.0,0,1,0.0,false
openjpa-persistence-jdbc/src/test/java/org/apache/openjpa/persistence/relations/RelationToHandlerMapInstance.java,7.0,7.0,0.0,1.0,0.0,2.0,0.0,pcl@13f79535-47bb-0310-9956-ffa450edef68,0,0.0,0.0,0.0,0.0,0.0,0.0,0.0,0,1,0.0,false
openjpa-persistence-jdbc/src/test/java/org/apache/openjpa/persistence/relations/RelationToRelationMapInstance.java,7.0,7.0,0.0,1.0,0.0,2.0,0.0,pcl@13f79535-47bb-0310-9956-ffa450edef68,0,0.0,0.0,0.0,0.0,0.0,0.0,0.0,0,1,0.0,false
openjpa-persistence-jdbc/src/test/java/org/apache/openjpa/persistence/relations/SimpleEmbeddable.java,8.0,1.0,1.0,2.0,0.0,2.0,0.0,pcl@13f79535-47bb-0310-9956-ffa450edef68,0,0.0,0.0,0.0,0.0,0.0,0.0,0.0,0,1,0.0,false
openjpa-persistence-jdbc/src/test/java/org/apache/openjpa/persistence/relations/TestHandlerCollections.java,15.0,4.0,1.0,2.0,13.0,2.0,0.0,pcl@13f79535-47bb-0310-9956-ffa450edef68,0,0.0,0.0,0.0,0.0,0.0,0.0,0.0,0,1,0.0,false
openjpa-persistence-jdbc/src/test/java/org/apache/openjpa/persistence/relations/TestHandlerToHandlerMaps.java,17.0,6.0,1.0,2.0,15.0,2.0,0.0,struberg@13f79535-47bb-0310-9956-ffa450edef68,0,0.0,0.0,0.0,0.0,0.0,0.0,0.0,0,1,0.0,false
openjpa-persistence-jdbc/src/test/java/org/apache/openjpa/persistence/relations/TestHandlerToRelationMaps.java,15.0,5.0,1.0,2.0,13.0,2.0,0.0,pcl@13f79535-47bb-0310-9956-ffa450edef68,0,0.0,0.0,0.0,0.0,0.0,0.0,0.0,0,1,0.0,false
openjpa-persistence-jdbc/src/test/java/org/apache/openjpa/persistence/relations/TestRelationToHandlerMaps.java,16.0,6.0,1.0,2.0,13.0,4.0,0.0,pcl@13f79535-47bb-0310-9956-ffa450edef68,0,0.0,0.0,0.0,0.0,0.0,0.0,0.0,0,1,0.0,false
openjpa-persistence-jdbc/src/test/java/org/apache/openjpa/persistence/relations/TestRelationToRelationMaps.java,17.0,5.0,1.0,2.0,13.0,2.0,0.0,pcl@13f79535-47bb-0310-9956-ffa450edef68,0,0.0,0.0,0.0,0.0,0.0,0.0,0.0,0,1,0.0,false
openjpa-persistence-jdbc/src/test/java/org/apache/openjpa/persistence/simple/AllFieldTypes.java,250.0,14.0,2317.0,70.0,0.0,105.0,14.0,struberg@13f79535-47bb-0310-9956-ffa450edef68,1,0.0010822510822510823,25.0,0.0,0.0,0.0,5258.433249370277,924920.0344281481,1,0,0.8472978603872037,false
openjpa-persistence-jdbc/src/test/java/org/apache/openjpa/persistence/simple/Item.java,30.0,7.0,20.0,8.0,0.0,12.0,0.0,mikedd@13f79535-47bb-0310-9956-ffa450edef68,0,0.0,0.0,0.0,0.0,0.0,0.0,0.0,0,0,0.0,false
openjpa-persistence-jdbc/src/test/java/org/apache/openjpa/persistence/simple/Person.java,23.0,4.0,9.0,6.0,0.0,11.0,10.0,pcl@13f79535-47bb-0310-9956-ffa450edef68,2,0.0021645021645021645,67.0,0.0,0.0,0.0,5437.633249370277,925507.5700800824,2,0,0.8932016350137651,false
openjpa-persistence-jdbc/src/test/java/org/apache/openjpa/persistence/simple/TemporalFieldTypes.java,65.0,6.0,135.0,18.0,0.0,27.0,0.0,mprudhom@13f79535-47bb-0310-9956-ffa450edef68,0,0.0,0.0,0.0,0.0,0.0,0.0,0.0,0,1,0.0,false
openjpa-persistence-jdbc/src/test/java/org/apache/openjpa/persistence/simple/TestEntityManagerMerge.java,57.0,3.0,6.0,4.0,24.0,5.0,4.0,mikedd@13f79535-47bb-0310-9956-ffa450edef68,1,0.0010822510822510823,20.0,0.0,0.0,0.0,179.2,587.5356519343035,1,1,2.325399770760217,false
openjpa-persistence-jdbc/src/test/java/org/apache/openjpa/persistence/simple/TestJoin.java,11.0,4.0,1.0,2.0,5.0,2.0,0.0,mikedd@13f79535-47bb-0310-9956-ffa450edef68,0,0.0,0.0,0.0,0.0,0.0,0.0,0.0,0,0,0.0,false
openjpa-persistence-jdbc/src/test/java/org/apache/openjpa/persistence/test/PersistenceTestCase.java,129.0,16.0,53.0,11.0,50.0,38.0,11.0,ppoddar@13f79535-47bb-0310-9956-ffa450edef68,2,0.0021645021645021645,8.0,0.0,3.0,3.0,5362.433249370277,925070.0922296213,2,0,0.7301652314412408,false
openjpa-persistence-jdbc/src/test/java/org/apache/openjpa/persistence/test/SQLListenerTestCase.java,69.0,6.0,7.0,6.0,7.0,16.0,0.0,null,0,0.0,0.0,0.0,0.0,0.0,0.0,0.0,0,2,0.0,false
openjpa-persistence-jdbc/src/test/java/org/apache/openjpa/persistence/test/SingleEMTestCase.java,118.0,5.0,1.0,14.0,32.0,37.0,0.0,dwoods@13f79535-47bb-0310-9956-ffa450edef68,0,0.0,0.0,0.0,0.0,0.0,0.0,0.0,0,1,0.0,false
openjpa-persistence-jdbc/src/test/java/org/apache/openjpa/persistence/xml/TestPersistenceUnitWithoutXSD.java,10.0,4.0,1.0,2.0,5.0,2.0,2.0,mikedd@13f79535-47bb-0310-9956-ffa450edef68,1,0.0010822510822510823,20.0,0.0,0.0,0.0,5258.433249370277,924920.0344281481,1,0,0.8472978603872037,false
openjpa-persistence-jdbc/src/test/java/org/apache/openjpa/persistence/xml/TestSimpleXmlEntity.java,46.0,2.0,21.0,7.0,26.0,15.0,0.0,pcl@13f79535-47bb-0310-9956-ffa450edef68,0,0.0,0.0,0.0,0.0,0.0,0.0,0.0,0,1,0.0,false
openjpa-persistence-jdbc/src/test/java/org/apache/openjpa/persistence/xml/TestXmlOverrideEntity.java,53.0,11.0,15.0,6.0,35.0,11.0,0.0,null,0,0.0,0.0,0.0,0.0,0.0,0.0,0.0,0,0,0.0,false
openjpa-persistence/src/main/java/org/apache/openjpa/persistence/AnnotationPersistenceMetaDataParser.java,1078.0,93.0,1387.0,63.0,452.0,225.0,30.0,null,1,0.0010822510822510823,1.0,0.0,0.0,0.0,5258.433249370277,924920.0344281481,1,3,0.8472978603872037,true
openjpa-persistence/src/main/java/org/apache/openjpa/persistence/EntityManagerImpl.java,964.0,43.0,0.0,194.0,437.0,363.0,2.0,ppoddar@13f79535-47bb-0310-9956-ffa450edef68,1,0.0010822510822510823,1.0,0.0,0.0,0.0,5258.433249370277,924920.0344281481,1,1,0.8472978603872037,false
openjpa-persistence/src/main/java/org/apache/openjpa/persistence/Extent.java,44.0,1.0,36.0,9.0,0.0,10.0,0.0,pcl@13f79535-47bb-0310-9956-ffa450edef68,0,0.0,0.0,0.0,0.0,0.0,0.0,0.0,0,0,0.0,false
openjpa-persistence/src/main/java/org/apache/openjpa/persistence/FetchPlan.java,187.0,4.0,780.0,40.0,0.0,60.0,0.0,ppoddar@13f79535-47bb-0310-9956-ffa450edef68,0,0.0,0.0,0.0,0.0,0.0,0.0,0.0,0,0,0.0,false
openjpa-persistence/src/main/java/org/apache/openjpa/persistence/FetchPlanImpl.java,179.0,7.0,165.0,46.0,65.0,94.0,0.0,ppoddar@13f79535-47bb-0310-9956-ffa450edef68,0,0.0,0.0,0.0,0.0,0.0,0.0,0.0,0,0,0.0,false
openjpa-persistence/src/main/java/org/apache/openjpa/persistence/Generator.java,30.0,0.0,10.0,5.0,0.0,7.0,695.0,pcl@13f79535-47bb-0310-9956-ffa450edef68,0,0.0,0.0,0.0,0.0,0.0,0.0,0.0,0,0,0.0,false
openjpa-persistence/src/main/java/org/apache/openjpa/persistence/JPAFacadeHelper.java,186.0,25.0,60.0,12.0,49.0,53.0,5.0,null,1,0.0010822510822510823,15.0,8.0,8.0,0.0,5258.433249370277,924920.0344281481,1,0,0.8472978603872037,true
openjpa-persistence/src/main/java/org/apache/openjpa/persistence/ManagedInterface.java,0.0,0.0,0.0,0.0,0.0,0.0,362.0,pcl@13f79535-47bb-0310-9956-ffa450edef68,1,0.0010822510822510823,100.0,0.0,0.0,0.0,5258.433249370277,924920.0344281481,1,0,0.8472978603872037,false
openjpa-persistence/src/main/java/org/apache/openjpa/persistence/MetaDataTag.java,0.0,0.0,0.0,0.0,0.0,0.0,30.0,null,1,0.0010822510822510823,9.0,0.0,0.0,0.0,5258.433249370277,924920.0344281481,1,0,0.8472978603872037,false
openjpa-persistence/src/main/java/org/apache/openjpa/persistence/OpenJPAEntityManager.java,726.0,12.0,11476.0,152.0,0.0,213.0,16.0,pcl@13f79535-47bb-0310-9956-ffa450edef68,1,0.0010822510822510823,12.0,0.0,0.0,0.0,5258.433249370277,924920.0344281481,1,0,0.8472978603872037,false
openjpa-persistence/src/main/java/org/apache/openjpa/persistence/OpenJPAEntityManagerFactory.java,69.0,4.0,78.0,13.0,0.0,18.0,0.0,pcl@13f79535-47bb-0310-9956-ffa450edef68,0,0.0,0.0,0.0,0.0,0.0,0.0,0.0,0,1,0.0,false
openjpa-persistence/src/main/java/org/apache/openjpa/persistence/OpenJPAEntityManagerSPI.java,52.0,3.0,66.0,12.0,0.0,27.0,0.0,pcl@13f79535-47bb-0310-9956-ffa450edef68,0,0.0,0.0,0.0,0.0,0.0,0.0,0.0,0,0,0.0,false
openjpa-persistence/src/main/java/org/apache/openjpa/persistence/OpenJPAPersistence.java,189.0,15.0,253.0,23.0,33.0,66.0,0.0,pcl@13f79535-47bb-0310-9956-ffa450edef68,0,0.0,0.0,0.0,0.0,0.0,0.0,0.0,0,0,0.0,false
openjpa-persistence/src/main/java/org/apache/openjpa/persistence/OpenJPAQuery.java,159.0,10.0,703.0,38.0,0.0,48.0,0.0,ppoddar@13f79535-47bb-0310-9956-ffa450edef68,0,0.0,0.0,0.0,0.0,0.0,0.0,0.0,0,0,0.0,false
openjpa-persistence/src/main/java/org/apache/openjpa/persistence/PersistenceExceptions.java,158.0,7.0,64.0,12.0,49.0,47.0,4.0,ppoddar@13f79535-47bb-0310-9956-ffa450edef68,1,0.0010822510822510823,6.0,0.0,6.0,0.0,696.896551724138,4944.01576357315,1,1,1.6714733033535532,false
openjpa-persistence/src/main/java/org/apache/openjpa/persistence/PersistenceMetaDataDefaults.java,197.0,42.0,116.0,16.0,71.0,49.0,18.0,null,1,0.0010822510822510823,5.0,0.0,2.0,0.0,5258.433249370277,924920.0344281481,1,2,0.8472978603872037,true
openjpa-persistence/src/main/java/org/apache/openjpa/persistence/PersistenceProductDerivation.java,360.0,30.0,217.0,22.0,101.0,82.0,1.0,null,1,0.0010822510822510823,3.0,0.0,2.0,0.0,84.8,50.71988497547704,1,1,2.9444389791664407,false
openjpa-persistence/src/main/java/org/apache/openjpa/persistence/PersistenceProviderImpl.java,98.0,22.0,4.0,4.0,29.0,21.0,6.0,null,2,0.0021645021645021645,8.0,0.0,0.0,0.0,247.5333333333333,919.472624419901,2,2,2.5877640352277083,true
openjpa-persistence/src/main/java/org/apache/openjpa/persistence/PersistenceUnitInfoImpl.java,300.0,27.0,726.0,40.0,69.0,89.0,0.0,null,0,0.0,0.0,0.0,0.0,0.0,0.0,0.0,0,2,0.0,false
openjpa-persistence/src/main/java/org/apache/openjpa/persistence/QueryImpl.java,371.0,27.0,0.0,50.0,171.0,139.0,0.0,ppoddar@13f79535-47bb-0310-9956-ffa450edef68,0,0.0,0.0,0.0,0.0,0.0,0.0,0.0,0,0,0.0,false
openjpa-persistence/src/main/java/org/apache/openjpa/persistence/QueryResultCache.java,32.0,2.0,15.0,6.0,0.0,7.0,0.0,pcl@13f79535-47bb-0310-9956-ffa450edef68,0,0.0,0.0,0.0,0.0,0.0,0.0,0.0,0,0,0.0,false
openjpa-persistence/src/main/java/org/apache/openjpa/persistence/StoreCache.java,65.0,2.0,91.0,14.0,0.0,26.0,0.0,pcl@13f79535-47bb-0310-9956-ffa450edef68,0,0.0,0.0,0.0,0.0,0.0,0.0,0.0,0,0,0.0,false
openjpa-xmlstore/src/main/java/org/apache/openjpa/xmlstore/ObjectData.java,217.0,19.0,24.0,16.0,74.0,57.0,1.0,mikedd@13f79535-47bb-0310-9956-ffa450edef68,1,0.0010822510822510823,17.0,0.0,0.0,0.0,104.0,150.05780147324026,1,0,2.4054424784337534,false
