name,LOC,CBO,LCOM,NOM,RFC,WMC,ACS,Ownership,numOfChanges,numberOfFIChanges,ENH,NF,BugFixing,REF,structuralWorkloadSum,semanticWorkloadSum,numberOfDeveloper,pastFaults,MAF,isBuggy
openjpa-jdbc/src/main/java/org/apache/openjpa/jdbc/conf/JDBCConfiguration.java,321.0,17.0,2556.0,72.0,0.0,129.0,0.0,ppoddar@13f79535-47bb-0310-9956-ffa450edef68,0,0.0,0.0,0.0,0.0,0.0,0.0,0.0,0,0,0.0,false
openjpa-jdbc/src/main/java/org/apache/openjpa/jdbc/conf/JDBCConfigurationImpl.java,538.0,36.0,3482.0,88.0,157.0,174.0,0.0,null,0,0.0,0.0,0.0,0.0,0.0,0.0,0.0,0,0,0.0,false
openjpa-jdbc/src/main/java/org/apache/openjpa/jdbc/conf/QuerySQLCacheValue.java,31.0,7.0,3.0,3.0,9.0,9.0,0.0,mikedd@13f79535-47bb-0310-9956-ffa450edef68,0,0.0,0.0,0.0,0.0,0.0,0.0,0.0,0,0,0.0,false
openjpa-jdbc/src/main/java/org/apache/openjpa/jdbc/kernel/AbstractJDBCSeq.java,139.0,13.0,79.0,14.0,23.0,41.0,1.0,mikedd@13f79535-47bb-0310-9956-ffa450edef68,1,0.002564102564102564,33.0,0.0,0.0,22.0,597.3207547169811,4943.902833595575,1,0,2.034989779109002,false
openjpa-jdbc/src/main/java/org/apache/openjpa/jdbc/kernel/AbstractUpdateManager.java,227.0,22.0,130.0,17.0,76.0,57.0,2.0,null,1,0.002564102564102564,8.0,0.0,8.0,0.0,66.0,42.17871014049472,1,1,2.867898902044106,false
openjpa-jdbc/src/main/java/org/apache/openjpa/jdbc/kernel/BatchingConstraintUpdateManager.java,24.0,6.0,1.0,2.0,4.0,5.0,2.0,fancy@13f79535-47bb-0310-9956-ffa450edef68,1,0.002564102564102564,50.0,0.0,50.0,0.0,719.875,7193.685953378,1,0,2.034989779109002,false
openjpa-jdbc/src/main/java/org/apache/openjpa/jdbc/kernel/BatchingOperationOrderUpdateManager.java,24.0,6.0,1.0,2.0,4.0,5.0,2.0,fancy@13f79535-47bb-0310-9956-ffa450edef68,1,0.002564102564102564,60.0,0.0,60.0,0.0,719.875,7193.685953378,1,0,2.034989779109002,false
openjpa-jdbc/src/main/java/org/apache/openjpa/jdbc/kernel/BatchingPreparedStatementManagerImpl.java,192.0,17.0,77.0,15.0,64.0,51.0,3.0,fancy@13f79535-47bb-0310-9956-ffa450edef68,2,0.005128205128205128,15.0,0.0,5.0,5.0,785.875,7235.864663518494,2,5,1.6761119851258908,false
openjpa-jdbc/src/main/java/org/apache/openjpa/jdbc/kernel/JDBCStoreManager.java,1025.0,61.0,2358.0,76.0,330.0,256.0,5.0,null,1,0.002564102564102564,1.0,0.0,0.0,0.0,719.875,7193.685953378,1,1,2.034989779109002,false
openjpa-jdbc/src/main/java/org/apache/openjpa/jdbc/kernel/JDBCStoreQuery.java,577.0,53.0,884.0,44.0,202.0,160.0,6.0,null,2,0.005128205128205128,14.0,10.0,0.0,0.0,3110.234788359788,64161.18792781109,2,1,1.154848376656418,false
openjpa-jdbc/src/main/java/org/apache/openjpa/jdbc/kernel/MappedQueryResultObjectProvider.java,254.0,28.0,0.0,10.0,14.0,27.0,12.0,hthomann@13f79535-47bb-0310-9956-ffa450edef68,1,0.002564102564102564,33.0,0.0,0.0,0.0,670.3333333333334,5629.820926827256,1,0,1.9924301646902063,false
openjpa-jdbc/src/main/java/org/apache/openjpa/jdbc/kernel/ProjectionResultObjectProvider.java,40.0,6.0,1.0,3.0,4.0,6.0,2.0,joes@13f79535-47bb-0310-9956-ffa450edef68,1,0.002564102564102564,50.0,50.0,0.0,0.0,2390.359788359788,56967.501974433086,1,0,0.7637647477738987,false
openjpa-jdbc/src/main/java/org/apache/openjpa/jdbc/kernel/TableJDBCSeq.java,576.0,34.0,626.0,41.0,164.0,136.0,10.0,null,2,0.005128205128205128,7.0,0.0,0.0,0.0,3110.234788359788,64161.18792781109,2,2,0.706230082881505,false
openjpa-jdbc/src/main/java/org/apache/openjpa/jdbc/kernel/exps/Abs.java,22.0,3.0,6.0,4.0,2.0,8.0,6.0,fancy@13f79535-47bb-0310-9956-ffa450edef68,1,0.002564102564102564,50.0,50.0,0.0,0.0,719.875,7193.685953378,1,0,2.034989779109002,false
openjpa-jdbc/src/main/java/org/apache/openjpa/jdbc/kernel/exps/AbstractVal.java,44.0,3.0,55.0,11.0,11.0,16.0,11.0,fancy@13f79535-47bb-0310-9956-ffa450edef68,1,0.002564102564102564,12.0,12.0,0.0,0.0,719.875,7193.685953378,1,0,2.034989779109002,false
openjpa-jdbc/src/main/java/org/apache/openjpa/jdbc/kernel/exps/All.java,12.0,0.0,1.0,2.0,0.0,3.0,0.0,fancy@13f79535-47bb-0310-9956-ffa450edef68,0,0.0,0.0,0.0,0.0,0.0,0.0,0.0,0,1,0.0,false
openjpa-jdbc/src/main/java/org/apache/openjpa/jdbc/kernel/exps/Any.java,12.0,0.0,1.0,2.0,0.0,3.0,0.0,fancy@13f79535-47bb-0310-9956-ffa450edef68,0,0.0,0.0,0.0,0.0,0.0,0.0,0.0,0,1,0.0,false
openjpa-jdbc/src/main/java/org/apache/openjpa/jdbc/kernel/exps/Args.java,114.0,8.0,251.0,26.0,9.0,47.0,11.0,fancy@13f79535-47bb-0310-9956-ffa450edef68,1,0.002564102564102564,25.0,25.0,0.0,0.0,719.875,7193.685953378,1,0,2.034989779109002,false
openjpa-jdbc/src/main/java/org/apache/openjpa/jdbc/kernel/exps/Concat.java,96.0,10.0,115.0,19.0,28.0,29.0,11.0,fancy@13f79535-47bb-0310-9956-ffa450edef68,1,0.002564102564102564,33.0,33.0,0.0,0.0,719.875,7193.685953378,1,0,2.034989779109002,false
openjpa-jdbc/src/main/java/org/apache/openjpa/jdbc/kernel/exps/Distinct.java,15.0,2.0,3.0,3.0,1.0,5.0,0.0,fancy@13f79535-47bb-0310-9956-ffa450edef68,0,0.0,0.0,0.0,0.0,0.0,0.0,0.0,0,2,0.0,false
openjpa-jdbc/src/main/java/org/apache/openjpa/jdbc/kernel/exps/IndexOf.java,94.0,8.0,113.0,19.0,22.0,32.0,11.0,fancy@13f79535-47bb-0310-9956-ffa450edef68,1,0.002564102564102564,33.0,33.0,0.0,0.0,719.875,7193.685953378,1,0,2.034989779109002,false
openjpa-jdbc/src/main/java/org/apache/openjpa/jdbc/kernel/exps/Math.java,97.0,8.0,112.0,20.0,23.0,32.0,6.0,fancy@13f79535-47bb-0310-9956-ffa450edef68,1,0.002564102564102564,50.0,50.0,0.0,0.0,719.875,7193.685953378,1,0,2.034989779109002,false
openjpa-jdbc/src/main/java/org/apache/openjpa/jdbc/kernel/exps/Null.java,19.0,2.0,10.0,5.0,1.0,7.0,6.0,joes@13f79535-47bb-0310-9956-ffa450edef68,1,0.002564102564102564,50.0,0.0,50.0,0.0,2390.359788359788,56967.501974433086,1,0,0.7637647477738987,false
openjpa-jdbc/src/main/java/org/apache/openjpa/jdbc/kernel/exps/Sqrt.java,21.0,0.0,6.0,4.0,0.0,7.0,6.0,fancy@13f79535-47bb-0310-9956-ffa450edef68,1,0.002564102564102564,50.0,50.0,0.0,0.0,719.875,7193.685953378,1,0,2.034989779109002,false
openjpa-jdbc/src/main/java/org/apache/openjpa/jdbc/kernel/exps/StringLength.java,33.0,3.0,8.0,5.0,8.0,8.0,11.0,fancy@13f79535-47bb-0310-9956-ffa450edef68,1,0.002564102564102564,33.0,33.0,0.0,0.0,719.875,7193.685953378,1,0,2.034989779109002,false
openjpa-jdbc/src/main/java/org/apache/openjpa/jdbc/kernel/exps/Substring.java,91.0,8.0,115.0,19.0,22.0,31.0,11.0,fancy@13f79535-47bb-0310-9956-ffa450edef68,1,0.002564102564102564,25.0,25.0,0.0,0.0,719.875,7193.685953378,1,0,2.034989779109002,false
openjpa-jdbc/src/main/java/org/apache/openjpa/jdbc/kernel/exps/ToLowerCase.java,25.0,3.0,3.0,3.0,8.0,4.0,11.0,fancy@13f79535-47bb-0310-9956-ffa450edef68,1,0.002564102564102564,25.0,25.0,0.0,0.0,719.875,7193.685953378,1,0,2.034989779109002,false
openjpa-jdbc/src/main/java/org/apache/openjpa/jdbc/kernel/exps/ToUpperCase.java,25.0,3.0,3.0,3.0,8.0,4.0,11.0,fancy@13f79535-47bb-0310-9956-ffa450edef68,1,0.002564102564102564,25.0,25.0,0.0,0.0,719.875,7193.685953378,1,0,2.034989779109002,false
openjpa-jdbc/src/main/java/org/apache/openjpa/jdbc/kernel/exps/Trim.java,132.0,11.0,130.0,20.0,33.0,33.0,11.0,fancy@13f79535-47bb-0310-9956-ffa450edef68,1,0.002564102564102564,25.0,25.0,0.0,0.0,719.875,7193.685953378,1,0,2.034989779109002,false
openjpa-jdbc/src/main/java/org/apache/openjpa/jdbc/kernel/exps/UnaryOp.java,92.0,8.0,134.0,21.0,26.0,34.0,6.0,fancy@13f79535-47bb-0310-9956-ffa450edef68,1,0.002564102564102564,11.0,11.0,0.0,0.0,719.875,7193.685953378,1,1,2.034989779109002,true
openjpa-jdbc/src/main/java/org/apache/openjpa/jdbc/kernel/exps/Val.java,94.0,5.0,120.0,16.0,0.0,22.0,8.0,fancy@13f79535-47bb-0310-9956-ffa450edef68,1,0.002564102564102564,22.0,22.0,0.0,0.0,719.875,7193.685953378,1,0,2.034989779109002,false
openjpa-jdbc/src/main/java/org/apache/openjpa/jdbc/meta/ClassMappingInfo.java,300.0,22.0,504.0,36.0,103.0,97.0,15.0,null,1,0.002564102564102564,18.0,0.0,0.0,0.0,2390.359788359788,56967.501974433086,1,1,0.7637647477738987,false
openjpa-jdbc/src/main/java/org/apache/openjpa/jdbc/meta/FieldMapping.java,711.0,25.0,5384.0,120.0,263.0,276.0,7.0,null,1,0.002564102564102564,12.0,0.0,0.0,0.0,2390.359788359788,56967.501974433086,1,1,0.7637647477738987,true
openjpa-jdbc/src/main/java/org/apache/openjpa/jdbc/meta/FieldMappingInfo.java,242.0,17.0,254.0,28.0,108.0,77.0,9.0,null,1,0.002564102564102564,18.0,0.0,0.0,0.0,2390.359788359788,56967.501974433086,1,0,0.7637647477738987,false
openjpa-jdbc/src/main/java/org/apache/openjpa/jdbc/meta/MappingInfo.java,1156.0,25.0,793.0,54.0,340.0,215.0,12.0,null,1,0.002564102564102564,17.0,4.0,0.0,0.0,2390.359788359788,56967.501974433086,1,1,0.7637647477738987,false
openjpa-jdbc/src/main/java/org/apache/openjpa/jdbc/meta/SequenceMapping.java,109.0,12.0,73.0,15.0,2.0,32.0,17.0,jrbauer@13f79535-47bb-0310-9956-ffa450edef68,1,0.002564102564102564,12.0,0.0,0.0,0.0,2390.359788359788,56967.501974433086,1,0,0.7637647477738987,false
openjpa-jdbc/src/main/java/org/apache/openjpa/jdbc/meta/Version.java,247.0,17.0,733.0,42.0,79.0,98.0,5.0,ppoddar@13f79535-47bb-0310-9956-ffa450edef68,1,0.002564102564102564,20.0,0.0,0.0,0.0,2390.359788359788,56967.501974433086,1,1,0.7637647477738987,true
openjpa-jdbc/src/main/java/org/apache/openjpa/jdbc/meta/VersionStrategy.java,38.0,8.0,21.0,7.0,0.0,18.0,5.0,ppoddar@13f79535-47bb-0310-9956-ffa450edef68,1,0.002564102564102564,17.0,0.0,0.0,0.0,2390.359788359788,56967.501974433086,1,1,0.7637647477738987,true
openjpa-jdbc/src/main/java/org/apache/openjpa/jdbc/meta/strats/AbstractVersionStrategy.java,30.0,11.0,21.0,7.0,0.0,14.0,3.0,pcl@13f79535-47bb-0310-9956-ffa450edef68,2,0.005128205128205128,40.0,0.0,0.0,0.0,3060.6931216931216,62597.32290126034,2,1,0.6849502756721072,true
openjpa-jdbc/src/main/java/org/apache/openjpa/jdbc/meta/strats/ColumnVersionStrategy.java,138.0,18.0,55.0,11.0,75.0,44.0,6.0,ppoddar@13f79535-47bb-0310-9956-ffa450edef68,1,0.002564102564102564,21.0,7.0,7.0,0.0,2390.359788359788,56967.501974433086,1,0,0.7637647477738987,true
openjpa-jdbc/src/main/java/org/apache/openjpa/jdbc/meta/strats/EmbedFieldStrategy.java,989.0,46.0,297.0,26.0,189.0,100.0,0.0,null,0,0.0,0.0,0.0,0.0,0.0,0.0,0.0,0,2,0.0,false
openjpa-jdbc/src/main/java/org/apache/openjpa/jdbc/meta/strats/HandlerFieldStrategy.java,206.0,23.0,72.0,28.0,112.0,98.0,6.0,null,1,0.002564102564102564,10.0,0.0,0.0,0.0,2390.359788359788,56967.501974433086,1,0,0.7637647477738987,false
openjpa-jdbc/src/main/java/org/apache/openjpa/jdbc/meta/strats/LobFieldStrategy.java,141.0,16.0,59.0,14.0,94.0,42.0,8.0,pcl@13f79535-47bb-0310-9956-ffa450edef68,1,0.002564102564102564,33.0,0.0,0.0,0.0,670.3333333333334,5629.820926827256,1,0,1.9924301646902063,false
openjpa-jdbc/src/main/java/org/apache/openjpa/jdbc/meta/strats/MaxEmbeddedLobFieldStrategy.java,151.0,18.0,253.0,23.0,88.0,57.0,5.0,jrbauer@13f79535-47bb-0310-9956-ffa450edef68,1,0.002564102564102564,17.0,0.0,0.0,0.0,670.3333333333334,5629.820926827256,1,0,1.9924301646902063,false
openjpa-jdbc/src/main/java/org/apache/openjpa/jdbc/meta/strats/RelationFieldStrategy.java,540.0,44.0,806.0,41.0,372.0,160.0,6.0,faywang@13f79535-47bb-0310-9956-ffa450edef68,2,0.005128205128205128,14.0,0.0,5.0,2.0,3110.234788359788,64161.18792781109,2,0,0.550992256590787,false
openjpa-jdbc/src/main/java/org/apache/openjpa/jdbc/meta/strats/RelationToManyInverseKeyFieldStrategy.java,189.0,28.0,98.0,16.0,159.0,60.0,8.0,faywang@13f79535-47bb-0310-9956-ffa450edef68,1,0.002564102564102564,14.0,0.0,14.0,0.0,2390.359788359788,56967.501974433086,1,0,0.7637647477738987,false
openjpa-jdbc/src/main/java/org/apache/openjpa/jdbc/meta/strats/StoreCollectionFieldStrategy.java,347.0,30.0,325.0,26.0,180.0,83.0,5.0,null,2,0.005128205128205128,10.0,0.0,3.0,0.0,3110.234788359788,64161.18792781109,2,0,0.9747339337024883,false
openjpa-jdbc/src/main/java/org/apache/openjpa/jdbc/schema/DataSourceFactory.java,168.0,27.0,13.0,6.0,85.0,28.0,4.0,ppoddar@13f79535-47bb-0310-9956-ffa450edef68,2,0.005128205128205128,17.0,0.0,13.0,4.0,3110.234788359788,64161.18792781109,2,1,0.5192358609888663,false
openjpa-jdbc/src/main/java/org/apache/openjpa/jdbc/schema/SchemaGenerator.java,587.0,20.0,237.0,30.0,218.0,117.0,2.0,jrbauer@13f79535-47bb-0310-9956-ffa450edef68,1,0.002564102564102564,12.0,0.0,0.0,0.0,597.3207547169811,4943.902833595575,1,0,2.034989779109002,false
openjpa-jdbc/src/main/java/org/apache/openjpa/jdbc/schema/SchemaTool.java,961.0,29.0,1553.0,63.0,285.0,217.0,0.0,null,0,0.0,0.0,0.0,0.0,0.0,0.0,0.0,0,3,0.0,true
openjpa-jdbc/src/main/java/org/apache/openjpa/jdbc/schema/SimpleDriverDataSource.java,117.0,15.0,213.0,23.0,13.0,45.0,3.0,ppoddar@13f79535-47bb-0310-9956-ffa450edef68,1,0.002564102564102564,20.0,0.0,20.0,0.0,2390.359788359788,56967.501974433086,1,1,0.7637647477738987,false
openjpa-jdbc/src/main/java/org/apache/openjpa/jdbc/schema/Table.java,527.0,9.0,1246.0,53.0,180.0,175.0,17.0,null,1,0.002564102564102564,5.0,0.0,0.0,0.0,2390.359788359788,56967.501974433086,1,0,0.7637647477738987,false
openjpa-jdbc/src/main/java/org/apache/openjpa/jdbc/schema/Unique.java,71.0,1.0,25.0,10.0,16.0,23.0,10.0,ppoddar@13f79535-47bb-0310-9956-ffa450edef68,1,0.002564102564102564,25.0,0.0,0.0,0.0,2390.359788359788,56967.501974433086,1,0,0.7637647477738987,true
openjpa-jdbc/src/main/java/org/apache/openjpa/jdbc/sql/AbstractResult.java,499.0,31.0,6993.0,119.0,215.0,348.0,9.0,ppoddar@13f79535-47bb-0310-9956-ffa450edef68,2,0.005128205128205128,25.0,0.0,0.0,0.0,1390.2083333333335,12823.506880205256,2,0,1.3842890726745907,false
openjpa-jdbc/src/main/java/org/apache/openjpa/jdbc/sql/DB2Dictionary.java,503.0,23.0,493.0,34.0,130.0,119.0,1.0,null,2,0.005128205128205128,6.0,2.0,2.0,0.0,3110.234788359788,64161.18792781109,2,7,1.2803423493037935,true
openjpa-jdbc/src/main/java/org/apache/openjpa/jdbc/sql/DBDictionary.java,3090.0,95.0,23166.0,217.0,900.0,853.0,4.0,null,4,0.010256410256410256,8.0,1.0,2.0,1.0,4377.888876410102,74734.91168823393,4,8,0.24263034340527767,true
openjpa-jdbc/src/main/java/org/apache/openjpa/jdbc/sql/DerbyDictionary.java,41.0,7.0,1.0,2.0,6.0,7.0,6.0,null,1,0.002564102564102564,8.0,4.0,4.0,0.0,2390.359788359788,56967.501974433086,1,0,0.7637647477738987,false
openjpa-jdbc/src/main/java/org/apache/openjpa/jdbc/sql/InformixDictionary.java,150.0,18.0,77.0,14.0,40.0,51.0,3.0,null,2,0.005128205128205128,11.0,0.0,0.0,0.0,1317.1957547169811,12137.588786973574,2,2,1.3984756108141894,false
openjpa-jdbc/src/main/java/org/apache/openjpa/jdbc/sql/LogicalUnion.java,657.0,19.0,113.0,31.0,35.0,76.0,0.0,null,0,0.0,0.0,0.0,0.0,0.0,0.0,0.0,0,0,0.0,false
openjpa-jdbc/src/main/java/org/apache/openjpa/jdbc/sql/MergedResult.java,318.0,22.0,0.0,81.0,78.0,233.0,8.0,allee8285@13f79535-47bb-0310-9956-ffa450edef68,2,0.005128205128205128,50.0,0.0,0.0,0.0,1390.2083333333335,12823.506880205256,2,0,1.320562791339659,false
openjpa-jdbc/src/main/java/org/apache/openjpa/jdbc/sql/MySQLDictionary.java,150.0,13.0,64.0,12.0,32.0,47.0,2.0,null,1,0.002564102564102564,3.0,0.0,0.0,0.0,670.3333333333334,5629.820926827256,1,1,1.9924301646902063,true
openjpa-jdbc/src/main/java/org/apache/openjpa/jdbc/sql/OracleDictionary.java,669.0,33.0,880.0,44.0,253.0,204.0,4.0,null,2,0.005128205128205128,5.0,0.0,2.0,4.0,1390.2083333333335,12823.506880205256,2,1,1.3842890726745907,true
openjpa-jdbc/src/main/java/org/apache/openjpa/jdbc/sql/PostgresDictionary.java,362.0,26.0,251.0,23.0,77.0,80.0,12.0,null,1,0.002564102564102564,2.0,0.0,0.0,0.0,670.3333333333334,5629.820926827256,1,1,1.9924301646902063,true
openjpa-jdbc/src/main/java/org/apache/openjpa/jdbc/sql/PrimaryRow.java,271.0,11.0,390.0,32.0,61.0,94.0,10.0,null,2,0.005128205128205128,18.0,9.0,9.0,9.0,3110.234788359788,64161.18792781109,2,0,0.706230082881505,true
openjpa-jdbc/src/main/java/org/apache/openjpa/jdbc/sql/Result.java,325.0,22.0,3081.0,79.0,0.0,169.0,8.0,null,2,0.005128205128205128,40.0,0.0,0.0,0.0,1390.2083333333335,12823.506880205256,2,0,1.320562791339659,false
openjpa-jdbc/src/main/java/org/apache/openjpa/jdbc/sql/ResultSetResult.java,342.0,24.0,0.0,51.0,119.0,152.0,12.0,null,1,0.002564102564102564,8.0,0.0,0.0,0.0,670.3333333333334,5629.820926827256,1,0,1.9924301646902063,false
openjpa-jdbc/src/main/java/org/apache/openjpa/jdbc/sql/RowImpl.java,596.0,27.0,4957.0,103.0,165.0,264.0,1.0,null,1,0.002564102564102564,7.0,0.0,0.0,0.0,2390.359788359788,56967.501974433086,1,0,0.7637647477738987,false
openjpa-jdbc/src/main/java/org/apache/openjpa/jdbc/sql/SQLBuffer.java,478.0,17.0,1080.0,53.0,108.0,148.0,9.0,null,1,0.002564102564102564,3.0,0.0,3.0,0.0,2390.359788359788,56967.501974433086,1,0,0.7637647477738987,true
openjpa-jdbc/src/main/java/org/apache/openjpa/jdbc/sql/SQLErrorCodeReader.java,100.0,19.0,1.0,3.0,43.0,15.0,4.0,mikedd@13f79535-47bb-0310-9956-ffa450edef68,2,0.005128205128205128,43.0,29.0,14.0,0.0,3060.6931216931216,62597.32290126034,2,0,0.5368057184511883,false
openjpa-jdbc/src/main/java/org/apache/openjpa/jdbc/sql/SQLExceptions.java,65.0,11.0,28.0,8.0,20.0,27.0,10.0,allee8285@13f79535-47bb-0310-9956-ffa450edef68,1,0.002564102564102564,8.0,8.0,8.0,0.0,2390.359788359788,56967.501974433086,1,1,0.7637647477738987,false
openjpa-jdbc/src/main/java/org/apache/openjpa/jdbc/sql/Select.java,460.0,10.0,4753.0,98.0,0.0,175.0,0.0,null,0,0.0,0.0,0.0,0.0,0.0,0.0,0.0,0,0,0.0,false
openjpa-jdbc/src/main/java/org/apache/openjpa/jdbc/sql/SelectExecutor.java,87.0,5.0,190.0,20.0,0.0,35.0,0.0,ppoddar@13f79535-47bb-0310-9956-ffa450edef68,0,0.0,0.0,0.0,0.0,0.0,0.0,0.0,0,0,0.0,false
openjpa-jdbc/src/main/java/org/apache/openjpa/jdbc/sql/SelectImpl.java,2047.0,42.0,17375.0,195.0,466.0,548.0,3.0,null,1,0.002564102564102564,4.0,0.0,4.0,0.0,719.875,7193.685953378,1,3,2.034989779109002,true
openjpa-jdbc/src/main/java/org/apache/openjpa/jdbc/sql/SybaseDictionary.java,131.0,16.0,43.0,10.0,33.0,29.0,3.0,mikedd@13f79535-47bb-0310-9956-ffa450edef68,2,0.005128205128205128,7.0,0.0,0.0,0.0,1267.6540880503144,10573.723760422832,2,0,1.320562791339659,false
openjpa-jdbc/src/test/java/org/apache/openjpa/jdbc/kernel/TestUpdateManagerFlushException.java,549.0,31.0,0.0,2.0,7.0,4.0,2.0,ppoddar@13f79535-47bb-0310-9956-ffa450edef68,1,0.002564102564102564,20.0,0.0,20.0,0.0,66.0,42.17871014049472,1,0,2.867898902044106,false
openjpa-kernel/src/main/java/org/apache/openjpa/conf/BrokerValue.java,34.0,5.0,4.0,4.0,11.0,11.0,4.0,curtisr7@13f79535-47bb-0310-9956-ffa450edef68,1,0.002564102564102564,25.0,0.0,0.0,0.0,670.3333333333334,5629.820926827256,1,0,1.9924301646902063,false
openjpa-kernel/src/main/java/org/apache/openjpa/conf/CacheMarshallerImpl.java,154.0,18.0,50.0,16.0,52.0,41.0,2.0,pcl@13f79535-47bb-0310-9956-ffa450edef68,1,0.002564102564102564,25.0,0.0,0.0,0.0,670.3333333333334,5629.820926827256,1,0,1.9924301646902063,false
openjpa-kernel/src/main/java/org/apache/openjpa/conf/Compatibility.java,169.0,0.0,170.0,20.0,1.0,49.0,1.0,null,1,0.002564102564102564,3.0,0.0,0.0,0.0,670.3333333333334,5629.820926827256,1,0,1.9924301646902063,true
openjpa-kernel/src/main/java/org/apache/openjpa/conf/MetaDataCacheMaintenance.java,115.0,15.0,0.0,10.0,59.0,25.0,3.0,pcl@13f79535-47bb-0310-9956-ffa450edef68,1,0.002564102564102564,11.0,0.0,0.0,0.0,670.3333333333334,5629.820926827256,1,0,1.9924301646902063,false
openjpa-kernel/src/main/java/org/apache/openjpa/conf/OpenJPAConfiguration.java,966.0,30.0,19503.0,198.0,0.0,312.0,2.0,null,1,0.002564102564102564,4.0,0.0,0.0,0.0,2390.359788359788,56967.501974433086,1,0,0.7637647477738987,true
openjpa-kernel/src/main/java/org/apache/openjpa/conf/OpenJPAConfigurationImpl.java,974.0,35.0,20275.0,206.0,262.0,350.0,3.0,null,2,0.005128205128205128,6.0,0.0,0.0,0.0,3060.6931216931216,62597.32290126034,2,2,0.6849502756721072,false
openjpa-kernel/src/main/java/org/apache/openjpa/datacache/DataCacheStoreManager.java,456.0,24.0,88.0,20.0,183.0,70.0,4.0,null,1,0.002564102564102564,3.0,0.0,0.0,0.0,2390.359788359788,56967.501974433086,1,2,0.7637647477738987,true
openjpa-kernel/src/main/java/org/apache/openjpa/datacache/QueryCacheStoreQuery.java,424.0,27.0,0.0,26.0,43.0,58.0,3.0,null,2,0.005128205128205128,7.0,4.0,0.0,0.0,785.875,7235.864663518494,2,1,1.7582971600166086,false
openjpa-kernel/src/main/java/org/apache/openjpa/ee/AbstractManagedRuntime.java,50.0,7.0,1.0,2.0,11.0,8.0,0.0,struberg@13f79535-47bb-0310-9956-ffa450edef68,0,0.0,0.0,0.0,0.0,0.0,0.0,0.0,0,0,0.0,false
openjpa-kernel/src/main/java/org/apache/openjpa/ee/AutomaticManagedRuntime.java,190.0,10.0,6.0,8.0,23.0,23.0,0.0,mikedd@13f79535-47bb-0310-9956-ffa450edef68,0,0.0,0.0,0.0,0.0,0.0,0.0,0.0,0,1,0.0,false
openjpa-kernel/src/main/java/org/apache/openjpa/ee/ManagedRuntime.java,31.0,3.0,10.0,5.0,0.0,18.0,0.0,joes@13f79535-47bb-0310-9956-ffa450edef68,0,0.0,0.0,0.0,0.0,0.0,0.0,0.0,0,0,0.0,false
openjpa-kernel/src/main/java/org/apache/openjpa/ee/RegistryManagedRuntime.java,95.0,14.0,13.0,7.0,8.0,17.0,1.0,mikedd@13f79535-47bb-0310-9956-ffa450edef68,1,0.002564102564102564,20.0,0.0,20.0,0.0,597.3207547169811,4943.902833595575,1,0,2.034989779109002,false
openjpa-kernel/src/main/java/org/apache/openjpa/ee/WASRegistryManagedRuntime.java,35.0,5.0,0.0,1.0,4.0,3.0,0.0,mikedd@13f79535-47bb-0310-9956-ffa450edef68,0,0.0,0.0,0.0,0.0,0.0,0.0,0.0,0,1,0.0,false
openjpa-kernel/src/main/java/org/apache/openjpa/enhance/PCClassFileTransformer.java,129.0,13.0,9.0,7.0,37.0,31.0,1.0,null,1,0.002564102564102564,9.0,0.0,0.0,0.0,670.3333333333334,5629.820926827256,1,0,1.9924301646902063,false
openjpa-kernel/src/main/java/org/apache/openjpa/enhance/PCEnhancer.java,2834.0,79.0,3633.0,123.0,1467.0,515.0,8.0,null,2,0.005128205128205128,3.0,0.0,0.0,0.0,3060.6931216931216,62597.32290126034,2,4,0.6849502756721072,true
openjpa-kernel/src/main/java/org/apache/openjpa/enhance/RuntimeUnenhancedClassesModes.java,9.0,0.0,0.0,0.0,0.0,0.0,2.0,pcl@13f79535-47bb-0310-9956-ffa450edef68,1,0.002564102564102564,33.0,0.0,0.0,0.0,670.3333333333334,5629.820926827256,1,0,1.9924301646902063,false
openjpa-kernel/src/main/java/org/apache/openjpa/kernel/AbstractBrokerFactory.java,514.0,41.0,655.0,43.0,207.0,128.0,4.0,null,1,0.002564102564102564,1.0,0.0,0.0,0.0,670.3333333333334,5629.820926827256,1,3,1.9924301646902063,true
openjpa-kernel/src/main/java/org/apache/openjpa/kernel/AbstractPCData.java,284.0,16.0,89.0,14.0,94.0,53.0,4.0,null,1,0.002564102564102564,17.0,0.0,17.0,17.0,2390.359788359788,56967.501974433086,1,1,0.7637647477738987,false
openjpa-kernel/src/main/java/org/apache/openjpa/kernel/AbstractStoreQuery.java,117.0,7.0,151.0,18.0,0.0,33.0,6.0,ppoddar@13f79535-47bb-0310-9956-ffa450edef68,1,0.002564102564102564,9.0,9.0,0.0,0.0,719.875,7193.685953378,1,0,2.034989779109002,false
openjpa-kernel/src/main/java/org/apache/openjpa/kernel/AttachStrategy.java,320.0,16.0,85.0,14.0,140.0,62.0,6.0,null,1,0.002564102564102564,15.0,0.0,0.0,0.0,670.3333333333334,5629.820926827256,1,1,1.9924301646902063,false
openjpa-kernel/src/main/java/org/apache/openjpa/kernel/BrokerImpl.java,3382.0,66.0,22692.0,240.0,1141.0,821.0,6.0,null,3,0.007692307692307693,5.0,1.0,1.0,1.0,3658.0138764101025,67541.22573485592,3,4,0.45455575282129823,true
openjpa-kernel/src/main/java/org/apache/openjpa/kernel/DelegatingBroker.java,1319.0,10.0,0.0,166.0,322.0,580.0,7.0,ppoddar@13f79535-47bb-0310-9956-ffa450edef68,1,0.002564102564102564,5.0,0.0,0.0,0.0,670.3333333333334,5629.820926827256,1,0,1.9924301646902063,false
openjpa-kernel/src/main/java/org/apache/openjpa/kernel/DetachManager.java,549.0,28.0,71.0,14.0,130.0,69.0,0.0,null,0,0.0,0.0,0.0,0.0,0.0,0.0,0.0,0,0,0.0,false
openjpa-kernel/src/main/java/org/apache/openjpa/kernel/DetachedStateManager.java,658.0,18.0,6918.0,121.0,157.0,253.0,0.0,null,0,0.0,0.0,0.0,0.0,0.0,0.0,0.0,0,1,0.0,false
openjpa-kernel/src/main/java/org/apache/openjpa/kernel/FetchConfigurationImpl.java,499.0,28.0,0.0,66.0,168.0,197.0,2.0,ppoddar@13f79535-47bb-0310-9956-ffa450edef68,1,0.002564102564102564,3.0,0.0,0.0,0.0,2390.359788359788,56967.501974433086,1,2,0.7637647477738987,false
openjpa-kernel/src/main/java/org/apache/openjpa/kernel/ManagedCache.java,167.0,14.0,0.0,11.0,50.0,38.0,2.0,pcl@13f79535-47bb-0310-9956-ffa450edef68,1,0.002564102564102564,25.0,0.0,0.0,0.0,670.3333333333334,5629.820926827256,1,1,1.9924301646902063,false
openjpa-kernel/src/main/java/org/apache/openjpa/kernel/QueryImpl.java,1510.0,46.0,3584.0,104.0,475.0,321.0,4.0,ppoddar@13f79535-47bb-0310-9956-ffa450edef68,2,0.005128205128205128,7.0,2.0,2.0,0.0,3110.234788359788,64161.18792781109,2,2,0.550992256590787,false
openjpa-kernel/src/main/java/org/apache/openjpa/kernel/StateManagerImpl.java,2180.0,46.0,10991.0,215.0,1028.0,642.0,2.0,null,3,0.007692307692307693,9.0,2.0,1.0,1.0,2488.359788359788,57027.608579402375,3,4,0.853738743410952,true
openjpa-kernel/src/main/java/org/apache/openjpa/kernel/StoreContext.java,276.0,5.0,1596.0,57.0,0.0,96.0,7.0,null,1,0.002564102564102564,7.0,0.0,0.0,0.0,670.3333333333334,5629.820926827256,1,1,1.9924301646902063,false
openjpa-kernel/src/main/java/org/apache/openjpa/kernel/StoreQuery.java,184.0,10.0,153.0,18.0,0.0,35.0,6.0,ppoddar@13f79535-47bb-0310-9956-ffa450edef68,1,0.002564102564102564,9.0,9.0,0.0,0.0,719.875,7193.685953378,1,0,2.034989779109002,false
openjpa-kernel/src/main/java/org/apache/openjpa/kernel/UUIDHexSeq.java,32.0,2.0,19.0,7.0,1.0,10.0,16.0,joes@13f79535-47bb-0310-9956-ffa450edef68,1,0.002564102564102564,50.0,0.0,0.0,0.0,597.3207547169811,4943.902833595575,1,0,2.034989779109002,false
openjpa-kernel/src/main/java/org/apache/openjpa/kernel/UUIDStringSeq.java,32.0,2.0,19.0,7.0,1.0,10.0,16.0,joes@13f79535-47bb-0310-9956-ffa450edef68,1,0.002564102564102564,50.0,0.0,0.0,0.0,597.3207547169811,4943.902833595575,1,0,2.034989779109002,false
openjpa-kernel/src/main/java/org/apache/openjpa/kernel/UUIDType4HexSeq.java,32.0,2.0,19.0,7.0,1.0,10.0,16.0,mikedd@13f79535-47bb-0310-9956-ffa450edef68,1,0.002564102564102564,50.0,0.0,0.0,0.0,597.3207547169811,4943.902833595575,1,0,2.034989779109002,false
openjpa-kernel/src/main/java/org/apache/openjpa/kernel/UUIDType4StringSeq.java,32.0,2.0,19.0,7.0,1.0,10.0,16.0,mikedd@13f79535-47bb-0310-9956-ffa450edef68,1,0.002564102564102564,33.0,0.0,0.0,0.0,597.3207547169811,4943.902833595575,1,0,2.034989779109002,false
openjpa-kernel/src/main/java/org/apache/openjpa/kernel/VersionAttachStrategy.java,228.0,16.0,55.0,11.0,110.0,53.0,5.0,pcl@13f79535-47bb-0310-9956-ffa450edef68,1,0.002564102564102564,15.0,0.0,0.0,0.0,670.3333333333334,5629.820926827256,1,0,1.9924301646902063,false
openjpa-kernel/src/main/java/org/apache/openjpa/kernel/exps/QueryExpressions.java,77.0,9.0,1.0,2.0,3.0,5.0,0.0,ppoddar@13f79535-47bb-0310-9956-ffa450edef68,0,0.0,0.0,0.0,0.0,0.0,0.0,0.0,0,0,0.0,true
openjpa-kernel/src/main/java/org/apache/openjpa/kernel/jpql/JPQLExpressionBuilder.java,1068.0,37.0,2314.0,69.0,373.0,244.0,6.0,null,1,0.002564102564102564,3.0,0.0,1.0,0.0,2390.359788359788,56967.501974433086,1,3,0.7637647477738987,false
openjpa-kernel/src/main/java/org/apache/openjpa/meta/ClassMetaData.java,1624.0,48.0,7310.0,137.0,495.0,440.0,3.0,null,2,0.005128205128205128,7.0,0.0,3.0,0.0,3060.6931216931216,62597.32290126034,2,1,0.5085959573841672,true
openjpa-kernel/src/main/java/org/apache/openjpa/meta/FieldMetaData.java,1444.0,46.0,8880.0,149.0,331.0,413.0,2.0,null,1,0.002564102564102564,2.0,0.0,0.0,0.0,2390.359788359788,56967.501974433086,1,2,0.7637647477738987,true
openjpa-kernel/src/main/java/org/apache/openjpa/meta/InheritanceComparator.java,51.0,2.0,4.0,5.0,8.0,13.0,0.0,pcl@13f79535-47bb-0310-9956-ffa450edef68,0,0.0,0.0,0.0,0.0,0.0,0.0,0.0,0,0,0.0,false
openjpa-kernel/src/main/java/org/apache/openjpa/meta/InheritanceOrderedMetaDataList.java,35.0,4.0,0.0,7.0,13.0,15.0,0.0,curtisr7@13f79535-47bb-0310-9956-ffa450edef68,0,0.0,0.0,0.0,0.0,0.0,0.0,0.0,0,0,0.0,false
openjpa-kernel/src/main/java/org/apache/openjpa/meta/MetaDataRepository.java,1276.0,33.0,4350.0,104.0,376.0,360.0,8.0,null,1,0.002564102564102564,2.0,2.0,0.0,0.0,2390.359788359788,56967.501974433086,1,2,0.7637647477738987,true
openjpa-kernel/src/main/java/org/apache/openjpa/meta/ValueStrategies.java,97.0,6.0,0.0,3.0,14.0,14.0,16.0,joes@13f79535-47bb-0310-9956-ffa450edef68,1,0.002564102564102564,25.0,0.0,0.0,0.0,597.3207547169811,4943.902833595575,1,0,2.034989779109002,false
openjpa-kernel/src/main/java/org/apache/openjpa/util/ApplicationIds.java,376.0,22.0,45.0,10.0,130.0,54.0,10.0,null,2,0.005128205128205128,9.0,0.0,4.0,0.0,2538.359788359788,57194.58669299172,2,1,1.7246710465120252,false
openjpa-kernel/src/main/java/org/apache/openjpa/util/CacheMap.java,482.0,16.0,568.0,41.0,92.0,86.0,1.0,null,2,0.005128205128205128,25.0,0.0,0.0,0.0,706.3333333333334,5632.758786458744,2,0,2.1951627187442884,false
openjpa-kernel/src/main/java/org/apache/openjpa/util/Exceptions.java,134.0,11.0,45.0,10.0,39.0,42.0,1.0,null,1,0.002564102564102564,9.0,0.0,0.0,0.0,670.3333333333334,5629.820926827256,1,1,1.9924301646902063,false
openjpa-kernel/src/main/java/org/apache/openjpa/util/ImplHelper.java,183.0,28.0,103.0,15.0,57.0,58.0,16.0,pcl@13f79535-47bb-0310-9956-ffa450edef68,1,0.002564102564102564,6.0,0.0,0.0,0.0,597.3207547169811,4943.902833595575,1,2,2.034989779109002,false
openjpa-kernel/src/main/java/org/apache/openjpa/util/StoreException.java,30.0,1.0,15.0,6.0,2.0,7.0,4.0,allee8285@13f79535-47bb-0310-9956-ffa450edef68,1,0.002564102564102564,17.0,0.0,17.0,0.0,2390.359788359788,56967.501974433086,1,0,0.7637647477738987,false
openjpa-kernel/src/test/java/org/apache/openjpa/ee/TestWASManagedRuntime.java,21.0,2.0,0.0,1.0,6.0,6.0,0.0,mprudhom@13f79535-47bb-0310-9956-ffa450edef68,0,0.0,0.0,0.0,0.0,0.0,0.0,0.0,0,0,0.0,false
openjpa-lib/src/main/java/org/apache/openjpa/lib/conf/ConfigurationImpl.java,614.0,47.0,1548.0,60.0,227.0,180.0,3.0,ppoddar@13f79535-47bb-0310-9956-ffa450edef68,1,0.002564102564102564,3.0,0.0,3.0,0.0,2390.359788359788,56967.501974433086,1,2,0.7637647477738987,false
openjpa-lib/src/main/java/org/apache/openjpa/lib/conf/Configurations.java,434.0,26.0,270.0,25.0,143.0,112.0,3.0,null,1,0.002564102564102564,3.0,0.0,0.0,0.0,2390.359788359788,56967.501974433086,1,2,0.7637647477738987,false
openjpa-lib/src/main/java/org/apache/openjpa/lib/conf/Value.java,328.0,8.0,699.0,42.0,51.0,123.0,3.0,ppoddar@13f79535-47bb-0310-9956-ffa450edef68,1,0.002564102564102564,9.0,0.0,9.0,0.0,2390.359788359788,56967.501974433086,1,1,0.7637647477738987,false
openjpa-lib/src/main/java/org/apache/openjpa/lib/log/LogFactoryImpl.java,237.0,20.0,125.0,18.0,39.0,45.0,0.0,mikedd@13f79535-47bb-0310-9956-ffa450edef68,0,0.0,0.0,0.0,0.0,0.0,0.0,0.0,0,2,0.0,false
openjpa-lib/src/main/java/org/apache/openjpa/lib/util/J2DoPrivHelper.java,646.0,22.0,5151.0,102.0,84.0,296.0,0.0,null,0,0.0,0.0,0.0,0.0,0.0,0.0,0.0,0,2,0.0,true
openjpa-lib/src/main/java/org/apache/openjpa/lib/util/UUIDGenerator.java,141.0,6.0,33.0,10.0,23.0,32.0,16.0,mikedd@13f79535-47bb-0310-9956-ffa450edef68,1,0.002564102564102564,11.0,0.0,0.0,0.0,597.3207547169811,4943.902833595575,1,2,2.034989779109002,true
openjpa-lib/src/main/java/org/apache/openjpa/lib/util/concurrent/ConcurrentHashMap.java,646.0,14.0,384.0,41.0,65.0,134.0,2.0,pcl@13f79535-47bb-0310-9956-ffa450edef68,1,0.002564102564102564,33.0,0.0,0.0,0.0,36.0,2.9378596314879206,1,0,3.784189633918261,false
openjpa-lib/src/main/java/org/apache/openjpa/lib/util/concurrent/NullSafeConcurrentHashMap.java,261.0,11.0,464.0,32.0,67.0,76.0,3.0,pcl@13f79535-47bb-0310-9956-ffa450edef68,1,0.002564102564102564,33.0,0.0,0.0,0.0,670.3333333333334,5629.820926827256,1,0,1.9924301646902063,true
openjpa-lib/src/main/java/org/apache/openjpa/lib/util/concurrent/SizedConcurrentHashMap.java,66.0,9.0,0.0,11.0,16.0,26.0,3.0,pcl@13f79535-47bb-0310-9956-ffa450edef68,1,0.002564102564102564,33.0,0.0,0.0,0.0,670.3333333333334,5629.820926827256,1,0,1.9924301646902063,true
openjpa-lib/src/test/java/org/apache/openjpa/lib/util/TestUUIDGenerator.java,37.0,3.0,15.0,6.0,17.0,12.0,16.0,mikedd@13f79535-47bb-0310-9956-ffa450edef68,1,0.002564102564102564,20.0,0.0,0.0,0.0,597.3207547169811,4943.902833595575,1,1,2.034989779109002,false
openjpa-lib/src/test/java/org/apache/openjpa/lib/util/concurrent/TestConcurrentMap.java,87.0,10.0,8.0,8.0,39.0,20.0,4.0,pcl@13f79535-47bb-0310-9956-ffa450edef68,1,0.002564102564102564,20.0,0.0,0.0,0.0,670.3333333333334,5629.820926827256,1,0,1.9924301646902063,true
openjpa-lib/src/test/java/org/apache/openjpa/lib/util/concurrent/TestNullSafeConcurrentHashMap.java,95.0,7.0,36.0,9.0,42.0,18.0,4.0,curtisr7@13f79535-47bb-0310-9956-ffa450edef68,1,0.002564102564102564,25.0,0.0,0.0,0.0,670.3333333333334,5629.820926827256,1,0,1.9924301646902063,true
openjpa-persistence-jdbc/src/main/java/org/apache/openjpa/persistence/jdbc/AnnotationPersistenceMappingParser.java,1193.0,69.0,1516.0,64.0,598.0,246.0,13.0,null,1,0.002564102564102564,7.0,2.0,0.0,0.0,2390.359788359788,56967.501974433086,1,1,0.7637647477738987,true
openjpa-persistence-jdbc/src/main/java/org/apache/openjpa/persistence/jdbc/AnnotationPersistenceMappingSerializer.java,453.0,58.0,501.0,34.0,168.0,118.0,17.0,jrbauer@13f79535-47bb-0310-9956-ffa450edef68,1,0.002564102564102564,17.0,0.0,0.0,0.0,2390.359788359788,56967.501974433086,1,0,0.7637647477738987,false
openjpa-persistence-jdbc/src/main/java/org/apache/openjpa/persistence/jdbc/XMLPersistenceMappingParser.java,700.0,41.0,820.0,45.0,252.0,160.0,15.0,null,1,0.002564102564102564,5.0,0.0,0.0,0.0,2390.359788359788,56967.501974433086,1,1,0.7637647477738987,true
openjpa-persistence-jdbc/src/main/java/org/apache/openjpa/persistence/jdbc/XMLPersistenceMappingSerializer.java,418.0,37.0,405.0,31.0,167.0,119.0,17.0,jrbauer@13f79535-47bb-0310-9956-ffa450edef68,1,0.002564102564102564,9.0,0.0,0.0,0.0,2390.359788359788,56967.501974433086,1,0,0.7637647477738987,false
openjpa-persistence-jdbc/src/test/java/org/apache/openjpa/conf/TestBadJdbcUrl.java,112.0,9.0,20.0,8.0,29.0,24.0,3.0,mikedd@13f79535-47bb-0310-9956-ffa450edef68,1,0.002564102564102564,14.0,0.0,14.0,0.0,2390.359788359788,56967.501974433086,1,0,0.7637647477738987,false
openjpa-persistence-jdbc/src/test/java/org/apache/openjpa/conf/TestDynamicConfiguration.java,82.0,7.0,28.0,8.0,45.0,11.0,1.0,ppoddar@13f79535-47bb-0310-9956-ffa450edef68,1,0.002564102564102564,20.0,0.0,0.0,0.0,2390.359788359788,56967.501974433086,1,0,0.7637647477738987,false
openjpa-persistence-jdbc/src/test/java/org/apache/openjpa/enhance/TestSimpleUnenhancedQuery.java,17.0,2.0,1.0,2.0,11.0,3.0,3.0,struberg@13f79535-47bb-0310-9956-ffa450edef68,1,0.002564102564102564,25.0,0.0,25.0,25.0,2390.359788359788,56967.501974433086,1,0,0.7637647477738987,false
openjpa-persistence-jdbc/src/test/java/org/apache/openjpa/enhance/UnenhancedPObject.java,2.0,1.0,0.0,0.0,0.0,0.0,3.0,mikedd@13f79535-47bb-0310-9956-ffa450edef68,1,0.002564102564102564,50.0,0.0,50.0,50.0,2390.359788359788,56967.501974433086,1,0,0.7637647477738987,false
openjpa-persistence-jdbc/src/test/java/org/apache/openjpa/jdbc/kernel/EntityF.java,16.0,2.0,2.0,4.0,0.0,6.0,5.0,fancy@13f79535-47bb-0310-9956-ffa450edef68,1,0.002564102564102564,50.0,0.0,50.0,50.0,719.875,7193.685953378,1,0,2.034989779109002,false
openjpa-persistence-jdbc/src/test/java/org/apache/openjpa/jdbc/kernel/EntityG.java,16.0,6.0,2.0,4.0,0.0,6.0,5.0,fancy@13f79535-47bb-0310-9956-ffa450edef68,1,0.002564102564102564,50.0,0.0,50.0,50.0,719.875,7193.685953378,1,0,2.034989779109002,false
openjpa-persistence-jdbc/src/test/java/org/apache/openjpa/jdbc/kernel/TestNoForeignKeyViolation.java,152.0,4.0,1.0,7.0,65.0,13.0,5.0,null,1,0.002564102564102564,20.0,0.0,20.0,20.0,719.875,7193.685953378,1,0,2.034989779109002,false
openjpa-persistence-jdbc/src/test/java/org/apache/openjpa/jdbc/meta/strats/AbstractLobTest.java,211.0,15.0,231.0,22.0,183.0,58.0,8.0,null,1,0.002564102564102564,17.0,0.0,0.0,0.0,670.3333333333334,5629.820926827256,1,0,1.9924301646902063,false
openjpa-persistence-jdbc/src/test/java/org/apache/openjpa/jdbc/meta/strats/ReaderLobEntity.java,21.0,4.0,2.0,4.0,0.0,6.0,5.0,pcl@13f79535-47bb-0310-9956-ffa450edef68,1,0.002564102564102564,33.0,0.0,0.0,0.0,670.3333333333334,5629.820926827256,1,0,1.9924301646902063,false
openjpa-persistence-jdbc/src/test/java/org/apache/openjpa/kernel/TestQuerySQLCache.java,224.0,14.0,28.0,8.0,128.0,14.0,0.0,allee8285@13f79535-47bb-0310-9956-ffa450edef68,0,0.0,0.0,0.0,0.0,0.0,0.0,0.0,0,0,0.0,false
openjpa-persistence-jdbc/src/test/java/org/apache/openjpa/meta/TestMetaDataInheritanceComparator.java,42.0,3.0,10.0,5.0,16.0,7.0,0.0,pcl@13f79535-47bb-0310-9956-ffa450edef68,0,0.0,0.0,0.0,0.0,0.0,0.0,0.0,0,0,0.0,false
openjpa-persistence-jdbc/src/test/java/org/apache/openjpa/persistence/cache/common/apps/BidirectionalOne2OneOwned.java,37.0,1.0,14.0,8.0,2.0,13.0,0.0,mikedd@13f79535-47bb-0310-9956-ffa450edef68,0,0.0,0.0,0.0,0.0,0.0,0.0,0.0,0,0,0.0,false
openjpa-persistence-jdbc/src/test/java/org/apache/openjpa/persistence/cache/common/apps/BidirectionalOne2OneOwner.java,35.0,1.0,14.0,8.0,2.0,13.0,0.0,mikedd@13f79535-47bb-0310-9956-ffa450edef68,0,0.0,0.0,0.0,0.0,0.0,0.0,0.0,0,0,0.0,false
openjpa-persistence-jdbc/src/test/java/org/apache/openjpa/persistence/cache/common/apps/UnidirectionalOne2OneOwned.java,30.0,1.0,3.0,6.0,2.0,10.0,0.0,mikedd@13f79535-47bb-0310-9956-ffa450edef68,0,0.0,0.0,0.0,0.0,0.0,0.0,0.0,0,0,0.0,false
openjpa-persistence-jdbc/src/test/java/org/apache/openjpa/persistence/cache/common/apps/UnidirectionalOne2OneOwner.java,37.0,1.0,14.0,8.0,2.0,13.0,0.0,mikedd@13f79535-47bb-0310-9956-ffa450edef68,0,0.0,0.0,0.0,0.0,0.0,0.0,0.0,0,0,0.0,false
openjpa-persistence-jdbc/src/test/java/org/apache/openjpa/persistence/datacache/TestDataCacheBehavesIdentical.java,283.0,12.0,0.0,28.0,90.0,69.0,4.0,ppoddar@13f79535-47bb-0310-9956-ffa450edef68,1,0.002564102564102564,21.0,11.0,11.0,5.0,2390.359788359788,56967.501974433086,1,0,0.7637647477738987,false
openjpa-persistence-jdbc/src/test/java/org/apache/openjpa/persistence/datacache/TestEmbeddedCollection.java,62.0,8.0,0.0,5.0,47.0,11.0,4.0,mikedd@13f79535-47bb-0310-9956-ffa450edef68,1,0.002564102564102564,25.0,0.0,25.0,25.0,2390.359788359788,56967.501974433086,1,0,0.7637647477738987,false
openjpa-persistence-jdbc/src/test/java/org/apache/openjpa/persistence/datacache/TestM2MInDataCache.java,50.0,5.0,1.0,2.0,16.0,4.0,0.0,pcl@13f79535-47bb-0310-9956-ffa450edef68,0,0.0,0.0,0.0,0.0,0.0,0.0,0.0,0,0,0.0,false
openjpa-persistence-jdbc/src/test/java/org/apache/openjpa/persistence/datacache/common/apps/EmbeddedEntity.java,13.0,3.0,0.0,2.0,0.0,3.0,4.0,mikedd@13f79535-47bb-0310-9956-ffa450edef68,1,0.002564102564102564,50.0,0.0,50.0,50.0,2390.359788359788,56967.501974433086,1,0,0.7637647477738987,false
openjpa-persistence-jdbc/src/test/java/org/apache/openjpa/persistence/datacache/common/apps/EmbeddingOwnerEntity.java,24.0,8.0,0.0,5.0,3.0,10.0,4.0,mikedd@13f79535-47bb-0310-9956-ffa450edef68,1,0.002564102564102564,50.0,0.0,50.0,50.0,2390.359788359788,56967.501974433086,1,0,0.7637647477738987,false
openjpa-persistence-jdbc/src/test/java/org/apache/openjpa/persistence/datacache/common/apps/M2MEntityE.java,30.0,2.0,4.0,8.0,1.0,12.0,0.0,pcl@13f79535-47bb-0310-9956-ffa450edef68,0,0.0,0.0,0.0,0.0,0.0,0.0,0.0,0,0,0.0,false
openjpa-persistence-jdbc/src/test/java/org/apache/openjpa/persistence/datacache/common/apps/M2MEntityF.java,22.0,2.0,0.0,6.0,1.0,9.0,0.0,pcl@13f79535-47bb-0310-9956-ffa450edef68,0,0.0,0.0,0.0,0.0,0.0,0.0,0.0,0,0,0.0,false
openjpa-persistence-jdbc/src/test/java/org/apache/openjpa/persistence/datacache/common/apps/PObject.java,21.0,4.0,4.0,4.0,0.0,7.0,7.0,mikedd@13f79535-47bb-0310-9956-ffa450edef68,1,0.002564102564102564,33.0,33.0,33.0,0.0,2390.359788359788,56967.501974433086,1,0,0.7637647477738987,false
openjpa-persistence-jdbc/src/test/java/org/apache/openjpa/persistence/detachment/TestAttachConstructedCopy.java,36.0,3.0,3.0,3.0,16.0,3.0,5.0,pcl@13f79535-47bb-0310-9956-ffa450edef68,1,0.002564102564102564,100.0,0.0,0.0,0.0,670.3333333333334,5629.820926827256,1,0,1.9924301646902063,false
openjpa-persistence-jdbc/src/test/java/org/apache/openjpa/persistence/detachment/TestNoCascadeOneToManyMerge.java,76.0,4.0,4.0,5.0,41.0,7.0,7.0,pcl@13f79535-47bb-0310-9956-ffa450edef68,1,0.002564102564102564,50.0,0.0,0.0,0.0,670.3333333333334,5629.820926827256,1,0,1.9924301646902063,false
openjpa-persistence-jdbc/src/test/java/org/apache/openjpa/persistence/detachment/TestNoCascadeOneToOneMerge.java,92.0,4.0,3.0,6.0,48.0,6.0,7.0,pcl@13f79535-47bb-0310-9956-ffa450edef68,1,0.002564102564102564,33.0,0.0,0.0,0.0,670.3333333333334,5629.820926827256,1,0,1.9924301646902063,false
openjpa-persistence-jdbc/src/test/java/org/apache/openjpa/persistence/detachment/model/SimpleA.java,28.0,3.0,15.0,7.0,2.0,11.0,7.0,pcl@13f79535-47bb-0310-9956-ffa450edef68,1,0.002564102564102564,100.0,0.0,0.0,0.0,670.3333333333334,5629.820926827256,1,0,1.9924301646902063,false
openjpa-persistence-jdbc/src/test/java/org/apache/openjpa/persistence/detachment/model/SimpleB.java,28.0,3.0,15.0,7.0,2.0,11.0,7.0,pcl@13f79535-47bb-0310-9956-ffa450edef68,1,0.002564102564102564,50.0,0.0,0.0,0.0,670.3333333333334,5629.820926827256,1,0,1.9924301646902063,false
openjpa-persistence-jdbc/src/test/java/org/apache/openjpa/persistence/detachment/model/SimpleC.java,20.0,1.0,6.0,5.0,0.0,8.0,7.0,pcl@13f79535-47bb-0310-9956-ffa450edef68,1,0.002564102564102564,50.0,0.0,0.0,0.0,670.3333333333334,5629.820926827256,1,0,1.9924301646902063,false
openjpa-persistence-jdbc/src/test/java/org/apache/openjpa/persistence/detachment/model/SimpleRef.java,13.0,3.0,1.0,3.0,0.0,5.0,7.0,struberg@13f79535-47bb-0310-9956-ffa450edef68,1,0.002564102564102564,50.0,0.0,0.0,0.0,670.3333333333334,5629.820926827256,1,0,1.9924301646902063,false
openjpa-persistence-jdbc/src/test/java/org/apache/openjpa/persistence/enhance/identity/Book.java,54.0,11.0,37.0,10.0,7.0,19.0,7.0,faywang@13f79535-47bb-0310-9956-ffa450edef68,1,0.002564102564102564,67.0,33.0,0.0,0.0,2390.359788359788,56967.501974433086,1,0,0.7637647477738987,false
openjpa-persistence-jdbc/src/test/java/org/apache/openjpa/persistence/enhance/identity/BookId.java,40.0,1.0,17.0,7.0,7.0,13.0,11.0,ppoddar@13f79535-47bb-0310-9956-ffa450edef68,1,0.002564102564102564,100.0,0.0,0.0,0.0,2390.359788359788,56967.501974433086,1,0,0.7637647477738987,false
openjpa-persistence-jdbc/src/test/java/org/apache/openjpa/persistence/enhance/identity/Library.java,50.0,9.0,22.0,9.0,8.0,18.0,11.0,ppoddar@13f79535-47bb-0310-9956-ffa450edef68,1,0.002564102564102564,100.0,0.0,0.0,0.0,2390.359788359788,56967.501974433086,1,0,0.7637647477738987,false
openjpa-persistence-jdbc/src/test/java/org/apache/openjpa/persistence/enhance/identity/Page.java,21.0,10.0,2.0,4.0,0.0,6.0,7.0,struberg@13f79535-47bb-0310-9956-ffa450edef68,1,0.002564102564102564,50.0,25.0,0.0,0.0,2390.359788359788,56967.501974433086,1,0,0.7637647477738987,false
openjpa-persistence-jdbc/src/test/java/org/apache/openjpa/persistence/enhance/identity/PageId.java,37.0,1.0,3.0,6.0,5.0,11.0,11.0,ppoddar@13f79535-47bb-0310-9956-ffa450edef68,1,0.002564102564102564,100.0,0.0,0.0,0.0,2390.359788359788,56967.501974433086,1,0,0.7637647477738987,false
openjpa-persistence-jdbc/src/test/java/org/apache/openjpa/persistence/enhance/identity/TestMultipleLevelDerivedIdentity.java,120.0,3.0,13.0,11.0,79.0,18.0,7.0,ppoddar@13f79535-47bb-0310-9956-ffa450edef68,1,0.002564102564102564,40.0,20.0,0.0,0.0,2390.359788359788,56967.501974433086,1,0,0.7637647477738987,false
openjpa-persistence-jdbc/src/test/java/org/apache/openjpa/persistence/exception/PObject.java,24.0,4.0,6.0,5.0,0.0,8.0,7.0,ppoddar@13f79535-47bb-0310-9956-ffa450edef68,1,0.002564102564102564,20.0,20.0,20.0,0.0,2390.359788359788,56967.501974433086,1,1,0.7637647477738987,false
openjpa-persistence-jdbc/src/test/java/org/apache/openjpa/persistence/exception/TestException.java,133.0,11.0,22.0,8.0,60.0,23.0,6.0,ppoddar@13f79535-47bb-0310-9956-ffa450edef68,2,0.005128205128205128,31.0,23.0,23.0,8.0,2538.359788359788,57194.58669299172,2,1,1.0284563428041262,false
openjpa-persistence-jdbc/src/test/java/org/apache/openjpa/persistence/fetchgroups/TestFetchGroupStacks.java,41.0,5.0,3.0,3.0,17.0,5.0,7.0,struberg@13f79535-47bb-0310-9956-ffa450edef68,1,0.002564102564102564,50.0,0.0,0.0,0.0,670.3333333333334,5629.820926827256,1,0,1.9924301646902063,false
openjpa-persistence-jdbc/src/test/java/org/apache/openjpa/persistence/generationtype/DogTable3.java,39.0,2.0,33.0,10.0,0.0,14.0,4.0,fancy@13f79535-47bb-0310-9956-ffa450edef68,1,0.002564102564102564,33.0,0.0,0.0,0.0,719.875,7193.685953378,1,0,2.034989779109002,false
openjpa-persistence-jdbc/src/test/java/org/apache/openjpa/persistence/generationtype/DogTable4.java,39.0,2.0,33.0,10.0,0.0,14.0,4.0,fancy@13f79535-47bb-0310-9956-ffa450edef68,1,0.002564102564102564,33.0,0.0,0.0,0.0,719.875,7193.685953378,1,0,2.034989779109002,false
openjpa-persistence-jdbc/src/test/java/org/apache/openjpa/persistence/generationtype/GeneratedValues.java,60.0,5.0,69.0,15.0,0.0,22.0,16.0,mikedd@13f79535-47bb-0310-9956-ffa450edef68,1,0.002564102564102564,20.0,0.0,0.0,0.0,597.3207547169811,4943.902833595575,1,0,2.034989779109002,false
openjpa-persistence-jdbc/src/test/java/org/apache/openjpa/persistence/generationtype/TestGeneratedValues.java,119.0,4.0,36.0,9.0,65.0,21.0,16.0,mikedd@13f79535-47bb-0310-9956-ffa450edef68,1,0.002564102564102564,11.0,0.0,0.0,0.0,597.3207547169811,4943.902833595575,1,1,2.034989779109002,false
openjpa-persistence-jdbc/src/test/java/org/apache/openjpa/persistence/generationtype/TestMultipleSchemaNames.java,231.0,5.0,3.0,3.0,53.0,6.0,4.0,null,1,0.002564102564102564,5.0,0.0,0.0,0.0,719.875,7193.685953378,1,0,2.034989779109002,false
openjpa-persistence-jdbc/src/test/java/org/apache/openjpa/persistence/inheritance/polymorphic/BaseEntity.java,15.0,4.0,1.0,2.0,0.0,4.0,8.0,mikedd@13f79535-47bb-0310-9956-ffa450edef68,1,0.002564102564102564,50.0,0.0,50.0,0.0,2390.359788359788,56967.501974433086,1,0,0.7637647477738987,false
openjpa-persistence-jdbc/src/test/java/org/apache/openjpa/persistence/inheritance/polymorphic/EnglishParagraph.java,14.0,1.0,0.0,2.0,0.0,3.0,8.0,mikedd@13f79535-47bb-0310-9956-ffa450edef68,1,0.002564102564102564,50.0,0.0,50.0,0.0,2390.359788359788,56967.501974433086,1,0,0.7637647477738987,false
openjpa-persistence-jdbc/src/test/java/org/apache/openjpa/persistence/inheritance/polymorphic/FrenchParagraph.java,14.0,1.0,0.0,2.0,0.0,3.0,8.0,mikedd@13f79535-47bb-0310-9956-ffa450edef68,1,0.002564102564102564,50.0,0.0,50.0,0.0,2390.359788359788,56967.501974433086,1,0,0.7637647477738987,false
openjpa-persistence-jdbc/src/test/java/org/apache/openjpa/persistence/inheritance/polymorphic/GermanParagraph.java,14.0,1.0,0.0,2.0,0.0,3.0,8.0,mikedd@13f79535-47bb-0310-9956-ffa450edef68,1,0.002564102564102564,50.0,0.0,50.0,0.0,2390.359788359788,56967.501974433086,1,0,0.7637647477738987,false
openjpa-persistence-jdbc/src/test/java/org/apache/openjpa/persistence/inheritance/polymorphic/TestTablePerClassInheritanceWithAbstractRoot.java,72.0,3.0,10.0,5.0,28.0,9.0,8.0,mikedd@13f79535-47bb-0310-9956-ffa450edef68,1,0.002564102564102564,17.0,0.0,17.0,0.0,2390.359788359788,56967.501974433086,1,0,0.7637647477738987,false
openjpa-persistence-jdbc/src/test/java/org/apache/openjpa/persistence/inheritance/polymorphic/Translatable.java,15.0,8.0,0.0,2.0,2.0,5.0,8.0,mikedd@13f79535-47bb-0310-9956-ffa450edef68,1,0.002564102564102564,50.0,0.0,50.0,0.0,2390.359788359788,56967.501974433086,1,0,0.7637647477738987,false
openjpa-persistence-jdbc/src/test/java/org/apache/openjpa/persistence/inheritance/polymorphic/Translation.java,9.0,4.0,0.0,2.0,0.0,3.0,8.0,mikedd@13f79535-47bb-0310-9956-ffa450edef68,1,0.002564102564102564,50.0,0.0,50.0,0.0,2390.359788359788,56967.501974433086,1,0,0.7637647477738987,false
openjpa-persistence-jdbc/src/test/java/org/apache/openjpa/persistence/jdbc/SQLSniffer.java,31.0,4.0,1.0,2.0,5.0,8.0,13.0,mikedd@13f79535-47bb-0310-9956-ffa450edef68,1,0.002564102564102564,33.0,0.0,0.0,0.0,2390.359788359788,56967.501974433086,1,0,0.7637647477738987,false
openjpa-persistence-jdbc/src/test/java/org/apache/openjpa/persistence/jdbc/annotations/ExtensionsEntity.java,25.0,5.0,2.0,4.0,0.0,6.0,16.0,pcl@13f79535-47bb-0310-9956-ffa450edef68,1,0.002564102564102564,33.0,0.0,0.0,0.0,597.3207547169811,4943.902833595575,1,0,2.034989779109002,false
openjpa-persistence-jdbc/src/test/java/org/apache/openjpa/persistence/jdbc/annotations/TestExtensionAnnotations.java,76.0,9.0,0.0,12.0,56.0,12.0,16.0,mikedd@13f79535-47bb-0310-9956-ffa450edef68,1,0.002564102564102564,14.0,0.0,0.0,0.0,597.3207547169811,4943.902833595575,1,0,2.034989779109002,false
openjpa-persistence-jdbc/src/test/java/org/apache/openjpa/persistence/jdbc/common/apps/UnidirectionalOneToOneOwned.java,22.0,4.0,4.0,4.0,0.0,7.0,3.0,mikedd@13f79535-47bb-0310-9956-ffa450edef68,1,0.002564102564102564,33.0,0.0,0.0,0.0,2390.359788359788,56967.501974433086,1,0,0.7637647477738987,false
openjpa-persistence-jdbc/src/test/java/org/apache/openjpa/persistence/jdbc/common/apps/UnidirectionalOneToOneOwner.java,29.0,6.0,11.0,6.0,0.0,10.0,3.0,mikedd@13f79535-47bb-0310-9956-ffa450edef68,1,0.002564102564102564,33.0,0.0,0.0,0.0,2390.359788359788,56967.501974433086,1,0,0.7637647477738987,false
openjpa-persistence-jdbc/src/test/java/org/apache/openjpa/persistence/jdbc/mapping/PrecisionTestEntity.java,100.0,6.0,350.0,28.0,0.0,42.0,0.0,mikedd@13f79535-47bb-0310-9956-ffa450edef68,0,0.0,0.0,0.0,0.0,0.0,0.0,0.0,0,0,0.0,false
openjpa-persistence-jdbc/src/test/java/org/apache/openjpa/persistence/jdbc/mapping/TestPrecisionMapping.java,41.0,5.0,21.0,7.0,20.0,9.0,0.0,mikedd@13f79535-47bb-0310-9956-ffa450edef68,0,0.0,0.0,0.0,0.0,0.0,0.0,0.0,0,0,0.0,false
openjpa-persistence-jdbc/src/test/java/org/apache/openjpa/persistence/jdbc/query/TestNativeQueryParameterBinding.java,48.0,5.0,10.0,5.0,18.0,14.0,3.0,mikedd@13f79535-47bb-0310-9956-ffa450edef68,1,0.002564102564102564,17.0,0.0,17.0,0.0,2390.359788359788,56967.501974433086,1,0,0.7637647477738987,false
openjpa-persistence-jdbc/src/test/java/org/apache/openjpa/persistence/jdbc/query/TestUpdateSingleValuedAssociation.java,83.0,6.0,30.0,9.0,49.0,18.0,6.0,curtisr7@13f79535-47bb-0310-9956-ffa450edef68,1,0.002564102564102564,25.0,0.0,25.0,0.0,2390.359788359788,56967.501974433086,1,0,0.7637647477738987,false
openjpa-persistence-jdbc/src/test/java/org/apache/openjpa/persistence/jdbc/query/domain/Applicant.java,17.0,1.0,1.0,3.0,0.0,5.0,6.0,mikedd@13f79535-47bb-0310-9956-ffa450edef68,1,0.002564102564102564,50.0,0.0,50.0,0.0,2390.359788359788,56967.501974433086,1,0,0.7637647477738987,false
openjpa-persistence-jdbc/src/test/java/org/apache/openjpa/persistence/jdbc/query/domain/Application.java,17.0,3.0,1.0,3.0,0.0,5.0,6.0,mikedd@13f79535-47bb-0310-9956-ffa450edef68,1,0.002564102564102564,50.0,0.0,50.0,0.0,2390.359788359788,56967.501974433086,1,0,0.7637647477738987,false
openjpa-persistence-jdbc/src/test/java/org/apache/openjpa/persistence/jdbc/unique/TestUniqueConstraint.java,31.0,5.0,3.0,3.0,11.0,6.0,12.0,mikedd@13f79535-47bb-0310-9956-ffa450edef68,1,0.002564102564102564,33.0,17.0,17.0,17.0,2390.359788359788,56967.501974433086,1,0,0.7637647477738987,false
openjpa-persistence-jdbc/src/test/java/org/apache/openjpa/persistence/jdbc/unique/TestUniqueConstraintWithXMLDescriptor.java,35.0,5.0,6.0,4.0,13.0,8.0,12.0,mikedd@13f79535-47bb-0310-9956-ffa450edef68,1,0.002564102564102564,50.0,25.0,25.0,25.0,2390.359788359788,56967.501974433086,1,0,0.7637647477738987,false
openjpa-persistence-jdbc/src/test/java/org/apache/openjpa/persistence/jdbc/unique/UniqueA.java,18.0,10.0,0.0,0.0,0.0,0.0,10.0,mikedd@13f79535-47bb-0310-9956-ffa450edef68,1,0.002564102564102564,43.0,0.0,0.0,0.0,2390.359788359788,56967.501974433086,1,0,0.7637647477738987,false
openjpa-persistence-jdbc/src/test/java/org/apache/openjpa/persistence/jdbc/unique/UniqueB.java,5.0,1.0,0.0,0.0,0.0,0.0,17.0,mikedd@13f79535-47bb-0310-9956-ffa450edef68,1,0.002564102564102564,20.0,0.0,0.0,0.0,2390.359788359788,56967.501974433086,1,0,0.7637647477738987,false
openjpa-persistence-jdbc/src/test/java/org/apache/openjpa/persistence/jpql/expressions/TestEJBQLCondExpression.java,189.0,4.0,136.0,17.0,123.0,20.0,0.0,pcl@13f79535-47bb-0310-9956-ffa450edef68,0,0.0,0.0,0.0,0.0,0.0,0.0,0.0,0,0,0.0,true
openjpa-persistence-jdbc/src/test/java/org/apache/openjpa/persistence/kernel/TestMultipleInsertDeleteSameId.java,23.0,3.0,1.0,2.0,14.0,2.0,2.0,pcl@13f79535-47bb-0310-9956-ffa450edef68,1,0.002564102564102564,50.0,0.0,0.0,0.0,670.3333333333334,5629.820926827256,1,0,1.9924301646902063,false
openjpa-persistence-jdbc/src/test/java/org/apache/openjpa/persistence/meta/TestExternalValues.java,127.0,8.0,45.0,10.0,85.0,15.0,0.0,pcl@13f79535-47bb-0310-9956-ffa450edef68,0,0.0,0.0,0.0,0.0,0.0,0.0,0.0,0,0,0.0,false
openjpa-persistence-jdbc/src/test/java/org/apache/openjpa/persistence/meta/common/apps/ExternalValues.java,72.0,5.0,170.0,20.0,0.0,30.0,0.0,pcl@13f79535-47bb-0310-9956-ffa450edef68,0,0.0,0.0,0.0,0.0,0.0,0.0,0.0,0,0,0.0,false
openjpa-persistence-jdbc/src/test/java/org/apache/openjpa/persistence/query/Customer.java,67.0,4.0,25.0,11.0,0.0,16.0,6.0,fancy@13f79535-47bb-0310-9956-ffa450edef68,1,0.002564102564102564,25.0,0.0,25.0,0.0,719.875,7193.685953378,1,0,2.034989779109002,false
openjpa-persistence-jdbc/src/test/java/org/apache/openjpa/persistence/query/Order.java,46.0,3.0,30.0,12.0,3.0,19.0,6.0,fancy@13f79535-47bb-0310-9956-ffa450edef68,1,0.002564102564102564,25.0,0.0,25.0,0.0,719.875,7193.685953378,1,0,2.034989779109002,false
openjpa-persistence-jdbc/src/test/java/org/apache/openjpa/persistence/query/OrderItem.java,38.0,1.0,25.0,10.0,0.0,14.0,5.0,fancy@13f79535-47bb-0310-9956-ffa450edef68,1,0.002564102564102564,50.0,0.0,50.0,0.0,719.875,7193.685953378,1,0,2.034989779109002,false
openjpa-persistence-jdbc/src/test/java/org/apache/openjpa/persistence/query/TestProjectionQueryWithIdenticalResult.java,63.0,5.0,3.0,6.0,27.0,11.0,3.0,mikedd@13f79535-47bb-0310-9956-ffa450edef68,1,0.002564102564102564,33.0,0.0,0.0,0.0,2390.359788359788,56967.501974433086,1,0,0.7637647477738987,false
openjpa-persistence-jdbc/src/test/java/org/apache/openjpa/persistence/query/TestSubquery.java,25.0,3.0,1.0,2.0,11.0,3.0,3.0,fancy@13f79535-47bb-0310-9956-ffa450edef68,1,0.002564102564102564,18.0,0.0,18.0,0.0,719.875,7193.685953378,1,0,2.034989779109002,false
openjpa-persistence-jdbc/src/test/java/org/apache/openjpa/persistence/simple/Item.java,31.0,8.0,20.0,8.0,0.0,12.0,0.0,mikedd@13f79535-47bb-0310-9956-ffa450edef68,0,0.0,0.0,0.0,0.0,0.0,0.0,0.0,0,0,0.0,false
openjpa-persistence-jdbc/src/test/java/org/apache/openjpa/persistence/simple/TestFlushBeforeDetach.java,82.0,9.0,0.0,8.0,62.0,12.0,0.0,mikedd@13f79535-47bb-0310-9956-ffa450edef68,0,0.0,0.0,0.0,0.0,0.0,0.0,0.0,0,0,0.0,false
openjpa-persistence-jdbc/src/test/java/org/apache/openjpa/persistence/test/PersistenceTestCase.java,144.0,16.0,64.0,12.0,54.0,41.0,10.0,ppoddar@13f79535-47bb-0310-9956-ffa450edef68,4,0.010256410256410256,16.0,3.0,8.0,3.0,3153.902765298991,62242.67489505404,4,1,0.7507469770067985,false
openjpa-persistence-jdbc/src/test/java/org/apache/openjpa/persistence/test/SingleEMFTestCase.java,63.0,2.0,1.0,7.0,21.0,21.0,8.0,null,1,0.002564102564102564,9.0,3.0,3.0,3.0,2390.359788359788,56967.501974433086,1,1,0.7637647477738987,false
openjpa-persistence/src/main/java/org/apache/openjpa/persistence/AnnotationPersistenceMetaDataParser.java,1080.0,93.0,1387.0,63.0,453.0,223.0,13.0,null,2,0.005128205128205128,4.0,3.0,0.0,0.0,2987.680543076769,61911.40480802866,2,3,0.550992256590787,true
openjpa-persistence/src/main/java/org/apache/openjpa/persistence/EntityManagerImpl.java,990.0,47.0,0.0,196.0,448.0,366.0,4.0,ppoddar@13f79535-47bb-0310-9956-ffa450edef68,2,0.005128205128205128,3.0,0.0,1.0,0.0,818.3333333333334,5856.905645385887,2,1,2.0490631769553387,false
openjpa-persistence/src/main/java/org/apache/openjpa/persistence/Generator.java,32.0,0.0,10.0,5.0,0.0,7.0,16.0,pcl@13f79535-47bb-0310-9956-ffa450edef68,1,0.002564102564102564,20.0,0.0,0.0,0.0,597.3207547169811,4943.902833595575,1,0,2.034989779109002,false
openjpa-persistence/src/main/java/org/apache/openjpa/persistence/OpenJPAEntityManager.java,737.0,12.0,11781.0,154.0,0.0,217.0,7.0,pcl@13f79535-47bb-0310-9956-ffa450edef68,1,0.002564102564102564,6.0,0.0,0.0,0.0,670.3333333333334,5629.820926827256,1,0,1.9924301646902063,false
openjpa-persistence/src/main/java/org/apache/openjpa/persistence/PersistenceExceptions.java,178.0,11.0,76.0,13.0,55.0,55.0,4.0,ppoddar@13f79535-47bb-0310-9956-ffa450edef68,2,0.005128205128205128,18.0,6.0,18.0,0.0,2422.359788359788,56985.42986926188,2,2,1.3651079350471882,false
openjpa-persistence/src/main/java/org/apache/openjpa/persistence/QueryImpl.java,390.0,28.0,0.0,52.0,177.0,144.0,4.0,ppoddar@13f79535-47bb-0310-9956-ffa450edef68,2,0.005128205128205128,8.0,0.0,4.0,1.0,2538.359788359788,57194.58669299172,2,0,0.8645546986736181,false
