name,LOC,CBO,LCOM,NOM,RFC,WMC,ACS,Ownership,numOfChanges,numberOfFIChanges,ENH,NF,BugFixing,REF,structuralWorkloadSum,semanticWorkloadSum,numberOfDeveloper,pastFaults,MAF,isBuggy
openjpa-jdbc/src/main/java/org/apache/openjpa/jdbc/kernel/AbstractJDBCSeq.java,147.0,14.0,79.0,14.0,23.0,41.0,0.0,mikedd@13f79535-47bb-0310-9956-ffa450edef68,0,0.0,0.0,0.0,0.0,0.0,0.0,0.0,0,0,0.0,false
openjpa-jdbc/src/main/java/org/apache/openjpa/jdbc/kernel/ConstraintUpdateManager.java,313.0,26.0,151.0,18.0,118.0,69.0,2.0,mikedd@13f79535-47bb-0310-9956-ffa450edef68,1,0.0035971223021582736,10.0,0.0,0.0,0.0,402.8888888888889,2767.2080471488116,1,0,2.1633230256605382,false
openjpa-jdbc/src/main/java/org/apache/openjpa/jdbc/kernel/JDBCStoreManager.java,1056.0,61.0,2511.0,78.0,344.0,265.0,3.0,null,2,0.007194244604316547,9.0,1.0,4.0,1.0,840.4750957854407,3968.4548790843137,2,1,1.5817476207576977,false
openjpa-jdbc/src/main/java/org/apache/openjpa/jdbc/kernel/JDBCStoreQuery.java,578.0,54.0,884.0,44.0,203.0,160.0,0.0,null,0,0.0,0.0,0.0,0.0,0.0,0.0,0.0,0,1,0.0,false
openjpa-jdbc/src/main/java/org/apache/openjpa/jdbc/kernel/NativeJDBCSeq.java,240.0,25.0,208.0,25.0,65.0,63.0,0.0,null,0,0.0,0.0,0.0,0.0,0.0,0.0,0.0,0,2,0.0,false
openjpa-jdbc/src/main/java/org/apache/openjpa/jdbc/kernel/PreparedStatementManagerImpl.java,138.0,19.0,57.0,14.0,45.0,51.0,2.0,null,2,0.007194244604316547,17.0,4.0,4.0,0.0,565.3639846743296,1386.045098904838,2,0,2.039892986694775,false
openjpa-jdbc/src/main/java/org/apache/openjpa/jdbc/kernel/SQLStoreQuery.java,259.0,31.0,34.0,9.0,23.0,26.0,1.0,null,1,0.0035971223021582736,4.0,0.0,0.0,0.0,122.5,96.21757698148195,1,1,3.079613757534693,false
openjpa-jdbc/src/main/java/org/apache/openjpa/jdbc/kernel/TableJDBCSeq.java,576.0,34.0,626.0,41.0,164.0,136.0,3.0,null,1,0.0035971223021582736,4.0,0.0,0.0,0.0,122.5,96.21757698148195,1,2,3.079613757534693,false
openjpa-jdbc/src/main/java/org/apache/openjpa/jdbc/kernel/exps/PCPath.java,516.0,24.0,682.0,48.0,147.0,146.0,0.0,fancy@13f79535-47bb-0310-9956-ffa450edef68,0,0.0,0.0,0.0,0.0,0.0,0.0,0.0,0,1,0.0,true
openjpa-jdbc/src/main/java/org/apache/openjpa/jdbc/meta/ClassMapping.java,704.0,39.0,3392.0,85.0,237.0,245.0,0.0,null,0,0.0,0.0,0.0,0.0,0.0,0.0,0.0,0,3,0.0,false
openjpa-jdbc/src/main/java/org/apache/openjpa/jdbc/meta/ClassMappingInfo.java,300.0,23.0,504.0,36.0,103.0,97.0,8.0,null,2,0.007194244604316547,18.0,9.0,0.0,0.0,840.4750957854407,3968.4548790843137,2,1,1.5817476207576977,false
openjpa-jdbc/src/main/java/org/apache/openjpa/jdbc/meta/FieldMapping.java,774.0,26.0,5625.0,122.0,284.0,288.0,0.0,null,0,0.0,0.0,0.0,0.0,0.0,0.0,0.0,0,1,0.0,true
openjpa-jdbc/src/main/java/org/apache/openjpa/jdbc/meta/FieldMappingInfo.java,251.0,17.0,254.0,28.0,112.0,79.0,0.0,null,0,0.0,0.0,0.0,0.0,0.0,0.0,0.0,0,0,0.0,false
openjpa-jdbc/src/main/java/org/apache/openjpa/jdbc/meta/MappingInfo.java,1199.0,25.0,993.0,58.0,353.0,227.0,10.0,null,1,0.0035971223021582736,4.0,4.0,0.0,0.0,655.5454545454545,3954.1408479481306,1,1,1.4701758451005928,false
openjpa-jdbc/src/main/java/org/apache/openjpa/jdbc/meta/MappingRepository.java,815.0,74.0,2318.0,72.0,319.0,254.0,73.0,null,1,0.0035971223021582736,3.0,0.0,0.0,3.0,1467.5333333333333,24884.552203046493,1,2,1.2878542883066382,true
openjpa-jdbc/src/main/java/org/apache/openjpa/jdbc/meta/VersionMappingInfo.java,86.0,16.0,15.0,6.0,57.0,26.0,6.0,null,2,0.007194244604316547,29.0,14.0,0.0,0.0,1058.4343434343434,6721.348895096942,2,1,1.1236022548206201,false
openjpa-jdbc/src/main/java/org/apache/openjpa/jdbc/meta/strats/ColumnVersionStrategy.java,205.0,21.0,118.0,16.0,105.0,63.0,6.0,ppoddar@13f79535-47bb-0310-9956-ffa450edef68,1,0.0035971223021582736,14.0,7.0,0.0,0.0,655.5454545454545,3954.1408479481306,1,1,1.4701758451005928,true
openjpa-jdbc/src/main/java/org/apache/openjpa/jdbc/meta/strats/HandlerFieldStrategy.java,212.0,24.0,72.0,28.0,118.0,98.0,8.0,null,1,0.0035971223021582736,10.0,0.0,0.0,0.0,1467.5333333333333,24884.552203046493,1,0,1.2878542883066382,false
openjpa-jdbc/src/main/java/org/apache/openjpa/jdbc/meta/strats/HandlerStrategies.java,158.0,18.0,55.0,11.0,56.0,51.0,0.0,joes@13f79535-47bb-0310-9956-ffa450edef68,0,0.0,0.0,0.0,0.0,0.0,0.0,0.0,0,0,0.0,false
openjpa-jdbc/src/main/java/org/apache/openjpa/jdbc/meta/strats/MultiColumnVersionStrategy.java,66.0,5.0,16.0,8.0,20.0,22.0,2.0,mikedd@13f79535-47bb-0310-9956-ffa450edef68,1,0.0035971223021582736,17.0,0.0,0.0,0.0,655.5454545454545,3954.1408479481306,1,0,1.4701758451005928,false
openjpa-jdbc/src/main/java/org/apache/openjpa/jdbc/meta/strats/NumberVersionStrategy.java,36.0,6.0,9.0,6.0,7.0,15.0,0.0,ppoddar@13f79535-47bb-0310-9956-ffa450edef68,0,0.0,0.0,0.0,0.0,0.0,0.0,0.0,0,2,0.0,true
openjpa-jdbc/src/main/java/org/apache/openjpa/jdbc/meta/strats/PrimitiveFieldStrategy.java,238.0,22.0,321.0,26.0,149.0,79.0,0.0,joes@13f79535-47bb-0310-9956-ffa450edef68,0,0.0,0.0,0.0,0.0,0.0,0.0,0.0,0,0,0.0,false
openjpa-jdbc/src/main/java/org/apache/openjpa/jdbc/meta/strats/RelationCollectionTableFieldStrategy.java,47.0,17.0,78.0,13.0,7.0,31.0,0.0,struberg@13f79535-47bb-0310-9956-ffa450edef68,0,0.0,0.0,0.0,0.0,0.0,0.0,0.0,0,0,0.0,false
openjpa-jdbc/src/main/java/org/apache/openjpa/jdbc/meta/strats/RelationFieldStrategy.java,552.0,46.0,806.0,41.0,379.0,162.0,0.0,faywang@13f79535-47bb-0310-9956-ffa450edef68,0,0.0,0.0,0.0,0.0,0.0,0.0,0.0,0,2,0.0,false
openjpa-jdbc/src/main/java/org/apache/openjpa/jdbc/meta/strats/StoreCollectionFieldStrategy.java,394.0,33.0,406.0,29.0,211.0,93.0,3.0,null,2,0.007194244604316547,10.0,7.0,0.0,0.0,1058.4343434343434,6721.348895096942,2,1,1.2957597971790769,false
openjpa-jdbc/src/main/java/org/apache/openjpa/jdbc/meta/strats/TimestampVersionStrategy.java,23.0,7.0,6.0,4.0,3.0,9.0,0.0,ppoddar@13f79535-47bb-0310-9956-ffa450edef68,0,0.0,0.0,0.0,0.0,0.0,0.0,0.0,0,2,0.0,false
openjpa-jdbc/src/main/java/org/apache/openjpa/jdbc/schema/Column.java,588.0,12.0,1502.0,57.0,90.0,152.0,0.0,null,0,0.0,0.0,0.0,0.0,0.0,0.0,0.0,0,0,0.0,false
openjpa-jdbc/src/main/java/org/apache/openjpa/jdbc/sql/AbstractResult.java,515.0,31.0,7463.0,123.0,215.0,354.0,0.0,ppoddar@13f79535-47bb-0310-9956-ffa450edef68,0,0.0,0.0,0.0,0.0,0.0,0.0,0.0,0,0,0.0,false
openjpa-jdbc/src/main/java/org/apache/openjpa/jdbc/sql/DB2Dictionary.java,506.0,23.0,493.0,34.0,130.0,119.0,0.0,null,0,0.0,0.0,0.0,0.0,0.0,0.0,0.0,0,9,0.0,true
openjpa-jdbc/src/main/java/org/apache/openjpa/jdbc/sql/DBDictionary.java,3105.0,96.0,23341.0,218.0,909.0,857.0,2.0,null,2,0.007194244604316547,3.0,0.0,1.0,0.0,840.4750957854407,3968.4548790843137,2,11,1.7683455445273875,true
openjpa-jdbc/src/main/java/org/apache/openjpa/jdbc/sql/DerbyDictionary.java,41.0,7.0,1.0,2.0,6.0,7.0,0.0,null,0,0.0,0.0,0.0,0.0,0.0,0.0,0.0,0,1,0.0,false
openjpa-jdbc/src/main/java/org/apache/openjpa/jdbc/sql/MergedResult.java,330.0,22.0,0.0,85.0,82.0,239.0,0.0,allee8285@13f79535-47bb-0310-9956-ffa450edef68,0,0.0,0.0,0.0,0.0,0.0,0.0,0.0,0,0,0.0,false
openjpa-jdbc/src/main/java/org/apache/openjpa/jdbc/sql/PrimaryRow.java,285.0,11.0,455.0,34.0,67.0,102.0,0.0,null,0,0.0,0.0,0.0,0.0,0.0,0.0,0.0,0,1,0.0,true
openjpa-jdbc/src/main/java/org/apache/openjpa/jdbc/sql/Result.java,341.0,22.0,3403.0,83.0,0.0,173.0,0.0,null,0,0.0,0.0,0.0,0.0,0.0,0.0,0.0,0,0,0.0,false
openjpa-jdbc/src/main/java/org/apache/openjpa/jdbc/sql/SQLBuffer.java,503.0,18.0,1129.0,54.0,111.0,151.0,0.0,null,0,0.0,0.0,0.0,0.0,0.0,0.0,0.0,0,1,0.0,true
openjpa-jdbc/src/main/java/org/apache/openjpa/jdbc/sql/SQLErrorCodeReader.java,100.0,19.0,1.0,3.0,43.0,15.0,0.0,mikedd@13f79535-47bb-0310-9956-ffa450edef68,0,0.0,0.0,0.0,0.0,0.0,0.0,0.0,0,1,0.0,false
openjpa-jdbc/src/main/java/org/apache/openjpa/jdbc/sql/SelectImpl.java,2049.0,42.0,17359.0,195.0,467.0,547.0,4.0,null,1,0.0035971223021582736,3.0,0.0,3.0,0.0,402.8888888888889,2767.2080471488116,1,6,2.1633230256605382,true
openjpa-kernel/src/main/java/org/apache/openjpa/conf/OpenJPAConfiguration.java,976.0,30.0,19900.0,200.0,0.0,315.0,6.0,null,1,0.0035971223021582736,2.0,0.0,0.0,0.0,655.5454545454545,3954.1408479481306,1,0,1.4701758451005928,true
openjpa-kernel/src/main/java/org/apache/openjpa/conf/OpenJPAConfigurationImpl.java,986.0,35.0,20682.0,208.0,267.0,354.0,6.0,null,1,0.0035971223021582736,1.0,0.0,0.0,0.0,655.5454545454545,3954.1408479481306,1,2,1.4701758451005928,false
openjpa-kernel/src/main/java/org/apache/openjpa/datacache/AbstractDataCache.java,291.0,15.0,807.0,46.0,140.0,112.0,0.0,null,0,0.0,0.0,0.0,0.0,0.0,0.0,0.0,0,0,0.0,false
openjpa-kernel/src/main/java/org/apache/openjpa/datacache/CacheStatistics.java,157.0,4.0,105.0,15.0,0.0,21.0,1.0,curtisr7@13f79535-47bb-0310-9956-ffa450edef68,1,0.0035971223021582736,10.0,0.0,10.0,0.0,655.5454545454545,3954.1408479481306,1,0,1.4701758451005928,false
openjpa-kernel/src/main/java/org/apache/openjpa/datacache/DataCache.java,138.0,5.0,325.0,26.0,0.0,58.0,0.0,ppoddar@13f79535-47bb-0310-9956-ffa450edef68,0,0.0,0.0,0.0,0.0,0.0,0.0,0.0,0,0,0.0,false
openjpa-kernel/src/main/java/org/apache/openjpa/datacache/DelegatingDataCache.java,278.0,6.0,0.0,33.0,57.0,143.0,0.0,ppoddar@13f79535-47bb-0310-9956-ffa450edef68,0,0.0,0.0,0.0,0.0,0.0,0.0,0.0,0,0,0.0,false
openjpa-kernel/src/main/java/org/apache/openjpa/enhance/PCEnhancer.java,2834.0,80.0,3633.0,123.0,1465.0,515.0,37.0,null,2,0.007194244604316547,3.0,0.0,0.0,2.0,1674.2,25583.13631085244,2,4,0.9012593441898972,true
openjpa-kernel/src/main/java/org/apache/openjpa/enhance/PCEnhancerAgent.java,51.0,11.0,3.0,3.0,24.0,9.0,73.0,mikedd@13f79535-47bb-0310-9956-ffa450edef68,1,0.0035971223021582736,12.0,0.0,0.0,12.0,1467.5333333333333,24884.552203046493,1,0,1.2878542883066382,true
openjpa-kernel/src/main/java/org/apache/openjpa/enhance/Reflection.java,580.0,11.0,1455.0,55.0,155.0,197.0,73.0,null,1,0.0035971223021582736,6.0,0.0,0.0,6.0,1467.5333333333333,24884.552203046493,1,1,1.2878542883066382,true
openjpa-kernel/src/main/java/org/apache/openjpa/kernel/AbstractBrokerFactory.java,518.0,41.0,655.0,43.0,216.0,129.0,6.0,null,1,0.0035971223021582736,1.0,0.0,0.0,0.0,655.5454545454545,3954.1408479481306,1,3,1.4701758451005928,true
openjpa-kernel/src/main/java/org/apache/openjpa/kernel/BrokerImpl.java,3382.0,66.0,22692.0,240.0,1141.0,821.0,14.0,null,4,0.014388489208633094,6.0,1.0,2.0,2.0,2414.5454545454545,29639.497786859032,4,5,0.7289137162681412,true
openjpa-kernel/src/main/java/org/apache/openjpa/kernel/DetachManager.java,549.0,28.0,71.0,14.0,133.0,69.0,4.0,null,1,0.0035971223021582736,7.0,0.0,0.0,0.0,84.8,102.2206280584643,1,0,3.367295829986474,false
openjpa-kernel/src/main/java/org/apache/openjpa/kernel/DetachedStateManager.java,659.0,18.0,6918.0,121.0,160.0,253.0,4.0,null,1,0.0035971223021582736,6.0,0.0,0.0,0.0,84.8,102.2206280584643,1,1,3.367295829986474,false
openjpa-kernel/src/main/java/org/apache/openjpa/kernel/FetchConfigurationImpl.java,499.0,28.0,0.0,66.0,170.0,197.0,1.0,ppoddar@13f79535-47bb-0310-9956-ffa450edef68,1,0.0035971223021582736,5.0,5.0,3.0,0.0,655.5454545454545,3954.1408479481306,1,2,1.4701758451005928,false
openjpa-kernel/src/main/java/org/apache/openjpa/kernel/QueryImpl.java,1512.0,46.0,3558.0,104.0,476.0,321.0,37.0,ppoddar@13f79535-47bb-0310-9956-ffa450edef68,1,0.0035971223021582736,2.0,0.0,0.0,2.0,1467.5333333333333,24884.552203046493,1,3,1.2878542883066382,false
openjpa-kernel/src/main/java/org/apache/openjpa/kernel/SingleFieldManager.java,574.0,23.0,265.0,35.0,216.0,126.0,4.0,null,3,0.01079136690647482,12.0,0.0,0.0,4.0,653.1666666666667,3048.2238910996293,3,3,1.6755712249085315,true
openjpa-kernel/src/main/java/org/apache/openjpa/kernel/StateManagerImpl.java,2180.0,46.0,10991.0,215.0,1027.0,642.0,2.0,null,4,0.014388489208633094,5.0,2.0,1.0,0.0,512.2777777777777,1015.5894422519698,4,5,1.7452292376093637,true
openjpa-kernel/src/main/java/org/apache/openjpa/kernel/exps/AbstractExpressionBuilder.java,346.0,20.0,271.0,26.0,105.0,89.0,0.0,null,0,0.0,0.0,0.0,0.0,0.0,0.0,0.0,0,1,0.0,true
openjpa-kernel/src/main/java/org/apache/openjpa/kernel/jpql/JPQLExpressionBuilder.java,1068.0,37.0,2314.0,69.0,373.0,244.0,0.0,null,0,0.0,0.0,0.0,0.0,0.0,0.0,0.0,0,4,0.0,false
openjpa-kernel/src/main/java/org/apache/openjpa/meta/ClassMetaData.java,1657.0,49.0,8003.0,142.0,504.0,450.0,16.0,null,2,0.007194244604316547,3.0,3.0,2.0,0.0,1093.1316614420061,5155.387679883633,2,3,1.235174030477725,true
openjpa-kernel/src/main/java/org/apache/openjpa/meta/FieldMetaData.java,1450.0,46.0,9019.0,150.0,334.0,416.0,37.0,null,2,0.007194244604316547,4.0,2.0,2.0,2.0,2123.078787878788,28838.693050994625,2,2,0.6858678861436701,true
openjpa-kernel/src/main/java/org/apache/openjpa/meta/MetaDataRepository.java,1301.0,33.0,4503.0,106.0,382.0,369.0,39.0,null,2,0.007194244604316547,3.0,0.0,0.0,2.0,2123.078787878788,28838.693050994625,2,2,0.6858678861436701,true
openjpa-kernel/src/main/java/org/apache/openjpa/meta/SequenceMetaData.java,255.0,16.0,410.0,32.0,30.0,72.0,44.0,null,2,0.007194244604316547,14.0,7.0,0.0,7.0,1905.119540229885,26085.799034981996,2,2,1.1440132520807476,false
openjpa-kernel/src/main/java/org/apache/openjpa/util/ApplicationIds.java,376.0,22.0,45.0,10.0,130.0,54.0,0.0,null,0,0.0,0.0,0.0,0.0,0.0,0.0,0.0,0,2,0.0,false
openjpa-kernel/src/main/java/org/apache/openjpa/util/OpenJPAId.java,92.0,3.0,29.0,14.0,14.0,29.0,0.0,curtisr7@13f79535-47bb-0310-9956-ffa450edef68,0,0.0,0.0,0.0,0.0,0.0,0.0,0.0,0,1,0.0,false
openjpa-kernel/src/main/java/org/apache/openjpa/util/ProxyCollections.java,346.0,5.0,1203.0,51.0,121.0,121.0,0.0,null,0,0.0,0.0,0.0,0.0,0.0,0.0,0.0,0,1,0.0,false
openjpa-lib/src/main/java/org/apache/openjpa/lib/jdbc/DelegatingCallableStatement.java,534.0,21.0,4982.0,164.0,105.0,384.0,36.0,null,1,0.0035971223021582736,10.0,0.0,0.0,10.0,1467.5333333333333,24884.552203046493,1,0,1.2878542883066382,false
openjpa-lib/src/main/java/org/apache/openjpa/lib/jdbc/DelegatingPreparedStatement.java,296.0,20.0,0.0,85.0,79.0,203.0,19.0,null,2,0.007194244604316547,17.0,0.0,0.0,8.0,1905.119540229885,26085.799034981996,2,0,1.1440132520807476,false
openjpa-lib/src/main/java/org/apache/openjpa/lib/jdbc/LoggingConnectionDecorator.java,1484.0,28.0,77.0,14.0,4.0,35.0,18.0,null,2,0.007194244604316547,10.0,0.0,0.0,5.0,1552.3333333333333,24986.772831104958,2,0,1.6344278785866106,false
openjpa-lib/src/main/java/org/apache/openjpa/lib/log/LogFactoryImpl.java,237.0,20.0,125.0,18.0,39.0,45.0,37.0,mikedd@13f79535-47bb-0310-9956-ffa450edef68,2,0.007194244604316547,25.0,0.0,0.0,17.0,1674.2,25583.13631085244,2,2,0.8557082776406282,false
openjpa-lib/src/main/java/org/apache/openjpa/lib/util/TemporaryClassLoader.java,55.0,5.0,10.0,5.0,18.0,16.0,1.0,struberg@13f79535-47bb-0310-9956-ffa450edef68,1,0.0035971223021582736,14.0,14.0,0.0,0.0,122.5,96.21757698148195,1,0,3.079613757534693,false
openjpa-persistence-jdbc/src/main/java/org/apache/openjpa/persistence/jdbc/AnnotationPersistenceMappingParser.java,1208.0,70.0,1538.0,65.0,623.0,252.0,30.0,null,2,0.007194244604316547,6.0,2.0,0.0,2.0,2123.078787878788,28838.693050994625,2,1,0.7121139722764769,true
openjpa-persistence-jdbc/src/main/java/org/apache/openjpa/persistence/jdbc/ForeignKey.java,0.0,0.0,0.0,0.0,0.0,0.0,0.0,pcl@13f79535-47bb-0310-9956-ffa450edef68,0,0.0,0.0,0.0,0.0,0.0,0.0,0.0,0,0,0.0,false
openjpa-persistence-jdbc/src/main/java/org/apache/openjpa/persistence/jdbc/PersistenceMappingDefaults.java,96.0,20.0,39.0,10.0,53.0,37.0,0.0,mikedd@13f79535-47bb-0310-9956-ffa450edef68,0,0.0,0.0,0.0,0.0,0.0,0.0,0.0,0,2,0.0,false
openjpa-persistence-jdbc/src/main/java/org/apache/openjpa/persistence/jdbc/VersionColumn.java,0.0,0.0,0.0,0.0,0.0,0.0,10.0,pcl@13f79535-47bb-0310-9956-ffa450edef68,1,0.0035971223021582736,33.0,33.0,0.0,0.0,655.5454545454545,3954.1408479481306,1,0,1.4701758451005928,false
openjpa-persistence-jdbc/src/test/java/org/apache/openjpa/kernel/TestQuerySQLCache.java,292.0,18.0,36.0,9.0,157.0,17.0,3.0,allee8285@13f79535-47bb-0310-9956-ffa450edef68,2,0.007194244604316547,50.0,0.0,50.0,0.0,609.5555555555555,3465.7921549547586,2,0,1.3389937128668472,false
openjpa-persistence-jdbc/src/test/java/org/apache/openjpa/persistence/annotations/xml/DerivedA.java,6.0,2.0,0.0,0.0,0.0,0.0,0.0,mikedd@13f79535-47bb-0310-9956-ffa450edef68,0,0.0,0.0,0.0,0.0,0.0,0.0,0.0,0,0,0.0,false
openjpa-persistence-jdbc/src/test/java/org/apache/openjpa/persistence/annotations/xml/DerivedB.java,7.0,4.0,0.0,0.0,0.0,0.0,0.0,struberg@13f79535-47bb-0310-9956-ffa450edef68,0,0.0,0.0,0.0,0.0,0.0,0.0,0.0,0,0,0.0,false
openjpa-persistence-jdbc/src/test/java/org/apache/openjpa/persistence/annotations/xml/EntityA.java,17.0,7.0,1.0,3.0,0.0,5.0,0.0,mikedd@13f79535-47bb-0310-9956-ffa450edef68,0,0.0,0.0,0.0,0.0,0.0,0.0,0.0,0,0,0.0,false
openjpa-persistence-jdbc/src/test/java/org/apache/openjpa/persistence/annotations/xml/EntityB.java,17.0,8.0,1.0,3.0,0.0,5.0,0.0,mikedd@13f79535-47bb-0310-9956-ffa450edef68,0,0.0,0.0,0.0,0.0,0.0,0.0,0.0,0,0,0.0,false
openjpa-persistence-jdbc/src/test/java/org/apache/openjpa/persistence/annotations/xml/TestMetaDataComplete.java,54.0,11.0,24.0,9.0,24.0,13.0,0.0,dwoods@13f79535-47bb-0310-9956-ffa450edef68,0,0.0,0.0,0.0,0.0,0.0,0.0,0.0,0,0,0.0,false
openjpa-persistence-jdbc/src/test/java/org/apache/openjpa/persistence/callbacks/Message.java,55.0,7.0,77.0,14.0,1.0,22.0,4.0,allee8285@13f79535-47bb-0310-9956-ffa450edef68,1,0.0035971223021582736,50.0,0.0,25.0,0.0,206.66666666666666,698.5841078059472,1,0,1.900958761193047,false
openjpa-persistence-jdbc/src/test/java/org/apache/openjpa/persistence/callbacks/MessageListenerImpl.java,49.0,8.0,6.0,9.0,3.0,12.0,6.0,allee8285@13f79535-47bb-0310-9956-ffa450edef68,1,0.0035971223021582736,50.0,0.0,50.0,0.0,206.66666666666666,698.5841078059472,1,0,1.900958761193047,false
openjpa-persistence-jdbc/src/test/java/org/apache/openjpa/persistence/callbacks/TestMessageListeners.java,79.0,3.0,10.0,5.0,44.0,10.0,3.0,allee8285@13f79535-47bb-0310-9956-ffa450edef68,1,0.0035971223021582736,67.0,33.0,17.0,0.0,206.66666666666666,698.5841078059472,1,0,1.900958761193047,false
openjpa-persistence-jdbc/src/test/java/org/apache/openjpa/persistence/datacache/stats/TestStatistics.java,59.0,10.0,0.0,5.0,42.0,6.0,0.0,mikedd@13f79535-47bb-0310-9956-ffa450edef68,0,0.0,0.0,0.0,0.0,0.0,0.0,0.0,0,0,0.0,false
openjpa-persistence-jdbc/src/test/java/org/apache/openjpa/persistence/embed/TestEmbedded.java,66.0,4.0,10.0,5.0,45.0,8.0,2.0,ppoddar@13f79535-47bb-0310-9956-ffa450edef68,1,0.0035971223021582736,17.0,0.0,0.0,0.0,127.77777777777779,184.79826696933566,1,1,3.079613757534693,false
openjpa-persistence-jdbc/src/test/java/org/apache/openjpa/persistence/enhance/identity/Book.java,54.0,11.0,37.0,10.0,7.0,19.0,0.0,faywang@13f79535-47bb-0310-9956-ffa450edef68,0,0.0,0.0,0.0,0.0,0.0,0.0,0.0,0,0,0.0,false
openjpa-persistence-jdbc/src/test/java/org/apache/openjpa/persistence/enhance/identity/Page.java,21.0,10.0,2.0,4.0,0.0,6.0,0.0,struberg@13f79535-47bb-0310-9956-ffa450edef68,0,0.0,0.0,0.0,0.0,0.0,0.0,0.0,0,0,0.0,false
openjpa-persistence-jdbc/src/test/java/org/apache/openjpa/persistence/enhance/identity/TestMultipleLevelDerivedIdentity.java,148.0,3.0,14.0,13.0,102.0,20.0,0.0,ppoddar@13f79535-47bb-0310-9956-ffa450edef68,0,0.0,0.0,0.0,0.0,0.0,0.0,0.0,0,0,0.0,false
openjpa-persistence-jdbc/src/test/java/org/apache/openjpa/persistence/exception/TestException.java,158.0,13.0,39.0,10.0,67.0,29.0,0.0,ppoddar@13f79535-47bb-0310-9956-ffa450edef68,0,0.0,0.0,0.0,0.0,0.0,0.0,0.0,0,4,0.0,false
openjpa-persistence-jdbc/src/test/java/org/apache/openjpa/persistence/inheritance/TestDefaultInheritanceStrategy.java,333.0,34.0,91.0,14.0,167.0,34.0,0.0,mikedd@13f79535-47bb-0310-9956-ffa450edef68,0,0.0,0.0,0.0,0.0,0.0,0.0,0.0,0,0,0.0,false
openjpa-persistence-jdbc/src/test/java/org/apache/openjpa/persistence/inheritance/TestIdentityWithSingleTableStrategy.java,40.0,5.0,0.0,4.0,21.0,4.0,0.0,mikedd@13f79535-47bb-0310-9956-ffa450edef68,0,0.0,0.0,0.0,0.0,0.0,0.0,0.0,0,1,0.0,false
openjpa-persistence-jdbc/src/test/java/org/apache/openjpa/persistence/inheritance/abstractjoinedappid/RelationOwner.java,16.0,3.0,2.0,4.0,0.0,6.0,0.0,awhite@13f79535-47bb-0310-9956-ffa450edef68,0,0.0,0.0,0.0,0.0,0.0,0.0,0.0,0,1,0.0,false
openjpa-persistence-jdbc/src/test/java/org/apache/openjpa/persistence/inheritance/abstractjoinedappid/SubID.java,2.0,0.0,0.0,0.0,0.0,0.0,0.0,awhite@13f79535-47bb-0310-9956-ffa450edef68,0,0.0,0.0,0.0,0.0,0.0,0.0,0.0,0,1,0.0,false
openjpa-persistence-jdbc/src/test/java/org/apache/openjpa/persistence/inheritance/abstractjoinedappid/Subclass.java,9.0,1.0,0.0,2.0,0.0,3.0,0.0,awhite@13f79535-47bb-0310-9956-ffa450edef68,0,0.0,0.0,0.0,0.0,0.0,0.0,0.0,0,1,0.0,false
openjpa-persistence-jdbc/src/test/java/org/apache/openjpa/persistence/inheritance/abstractjoinedappid/SuperID.java,23.0,1.0,0.0,4.0,2.0,9.0,0.0,awhite@13f79535-47bb-0310-9956-ffa450edef68,0,0.0,0.0,0.0,0.0,0.0,0.0,0.0,0,1,0.0,false
openjpa-persistence-jdbc/src/test/java/org/apache/openjpa/persistence/inheritance/abstractjoinedappid/Superclass.java,16.0,1.0,2.0,4.0,0.0,6.0,0.0,awhite@13f79535-47bb-0310-9956-ffa450edef68,0,0.0,0.0,0.0,0.0,0.0,0.0,0.0,0,1,0.0,false
openjpa-persistence-jdbc/src/test/java/org/apache/openjpa/persistence/inheritance/abstractjoinedappid/TestAbstractJoinedAppId.java,36.0,5.0,3.0,3.0,26.0,3.0,0.0,awhite@13f79535-47bb-0310-9956-ffa450edef68,0,0.0,0.0,0.0,0.0,0.0,0.0,0.0,0,1,0.0,false
openjpa-persistence-jdbc/src/test/java/org/apache/openjpa/persistence/inheritance/entity/AbstractClass.java,21.0,3.0,9.0,7.0,0.0,10.0,0.0,mikedd@13f79535-47bb-0310-9956-ffa450edef68,0,0.0,0.0,0.0,0.0,0.0,0.0,0.0,0,0,0.0,false
openjpa-persistence-jdbc/src/test/java/org/apache/openjpa/persistence/inheritance/entity/Admin.java,6.0,5.0,0.0,1.0,1.0,2.0,0.0,mikedd@13f79535-47bb-0310-9956-ffa450edef68,0,0.0,0.0,0.0,0.0,0.0,0.0,0.0,0,1,0.0,false
openjpa-persistence-jdbc/src/test/java/org/apache/openjpa/persistence/inheritance/entity/BaseClass.java,26.0,4.0,3.0,7.0,0.0,11.0,0.0,mikedd@13f79535-47bb-0310-9956-ffa450edef68,0,0.0,0.0,0.0,0.0,0.0,0.0,0.0,0,0,0.0,false
openjpa-persistence-jdbc/src/test/java/org/apache/openjpa/persistence/inheritance/entity/BaseClass2.java,26.0,4.0,3.0,7.0,0.0,11.0,0.0,mikedd@13f79535-47bb-0310-9956-ffa450edef68,0,0.0,0.0,0.0,0.0,0.0,0.0,0.0,0,0,0.0,false
openjpa-persistence-jdbc/src/test/java/org/apache/openjpa/persistence/inheritance/entity/BaseClass3.java,26.0,5.0,3.0,7.0,0.0,11.0,0.0,mikedd@13f79535-47bb-0310-9956-ffa450edef68,0,0.0,0.0,0.0,0.0,0.0,0.0,0.0,0,0,0.0,false
openjpa-persistence-jdbc/src/test/java/org/apache/openjpa/persistence/inheritance/entity/BaseClass4.java,26.0,4.0,3.0,7.0,0.0,11.0,0.0,mikedd@13f79535-47bb-0310-9956-ffa450edef68,0,0.0,0.0,0.0,0.0,0.0,0.0,0.0,0,0,0.0,false
openjpa-persistence-jdbc/src/test/java/org/apache/openjpa/persistence/inheritance/entity/BaseClass5.java,33.0,5.0,16.0,9.0,0.0,14.0,0.0,mikedd@13f79535-47bb-0310-9956-ffa450edef68,0,0.0,0.0,0.0,0.0,0.0,0.0,0.0,0,0,0.0,false
openjpa-persistence-jdbc/src/test/java/org/apache/openjpa/persistence/inheritance/entity/BaseClass6.java,19.0,3.0,0.0,5.0,0.0,8.0,0.0,mikedd@13f79535-47bb-0310-9956-ffa450edef68,0,0.0,0.0,0.0,0.0,0.0,0.0,0.0,0,0,0.0,false
openjpa-persistence-jdbc/src/test/java/org/apache/openjpa/persistence/inheritance/entity/ComputerUser.java,6.0,6.0,0.0,1.0,0.0,2.0,0.0,mikedd@13f79535-47bb-0310-9956-ffa450edef68,0,0.0,0.0,0.0,0.0,0.0,0.0,0.0,0,1,0.0,false
openjpa-persistence-jdbc/src/test/java/org/apache/openjpa/persistence/inheritance/entity/ImplClassA.java,26.0,4.0,7.0,7.0,0.0,11.0,0.0,mikedd@13f79535-47bb-0310-9956-ffa450edef68,0,0.0,0.0,0.0,0.0,0.0,0.0,0.0,0,0,0.0,false
openjpa-persistence-jdbc/src/test/java/org/apache/openjpa/persistence/inheritance/entity/ManagedIface.java,6.0,4.0,6.0,4.0,0.0,4.0,0.0,mikedd@13f79535-47bb-0310-9956-ffa450edef68,0,0.0,0.0,0.0,0.0,0.0,0.0,0.0,0,0,0.0,false
openjpa-persistence-jdbc/src/test/java/org/apache/openjpa/persistence/inheritance/entity/ManagedIface2.java,6.0,4.0,6.0,4.0,0.0,4.0,0.0,mikedd@13f79535-47bb-0310-9956-ffa450edef68,0,0.0,0.0,0.0,0.0,0.0,0.0,0.0,0,0,0.0,false
openjpa-persistence-jdbc/src/test/java/org/apache/openjpa/persistence/inheritance/entity/MappedSuper.java,19.0,3.0,0.0,5.0,0.0,8.0,0.0,mikedd@13f79535-47bb-0310-9956-ffa450edef68,0,0.0,0.0,0.0,0.0,0.0,0.0,0.0,0,0,0.0,false
openjpa-persistence-jdbc/src/test/java/org/apache/openjpa/persistence/inheritance/entity/MidClass.java,12.0,2.0,0.0,3.0,0.0,5.0,0.0,mikedd@13f79535-47bb-0310-9956-ffa450edef68,0,0.0,0.0,0.0,0.0,0.0,0.0,0.0,0,0,0.0,false
openjpa-persistence-jdbc/src/test/java/org/apache/openjpa/persistence/inheritance/entity/MidClass2.java,12.0,2.0,0.0,3.0,0.0,5.0,0.0,mikedd@13f79535-47bb-0310-9956-ffa450edef68,0,0.0,0.0,0.0,0.0,0.0,0.0,0.0,0,0,0.0,false
openjpa-persistence-jdbc/src/test/java/org/apache/openjpa/persistence/inheritance/entity/MidClass3.java,12.0,0.0,0.0,3.0,0.0,5.0,0.0,mikedd@13f79535-47bb-0310-9956-ffa450edef68,0,0.0,0.0,0.0,0.0,0.0,0.0,0.0,0,0,0.0,false
openjpa-persistence-jdbc/src/test/java/org/apache/openjpa/persistence/inheritance/entity/RegularUser.java,9.0,5.0,0.0,2.0,0.0,3.0,0.0,struberg@13f79535-47bb-0310-9956-ffa450edef68,0,0.0,0.0,0.0,0.0,0.0,0.0,0.0,0,1,0.0,false
openjpa-persistence-jdbc/src/test/java/org/apache/openjpa/persistence/inheritance/entity/SubclassA.java,12.0,2.0,0.0,3.0,0.0,5.0,0.0,mikedd@13f79535-47bb-0310-9956-ffa450edef68,0,0.0,0.0,0.0,0.0,0.0,0.0,0.0,0,0,0.0,false
openjpa-persistence-jdbc/src/test/java/org/apache/openjpa/persistence/inheritance/entity/SubclassB.java,12.0,2.0,0.0,3.0,0.0,5.0,0.0,mikedd@13f79535-47bb-0310-9956-ffa450edef68,0,0.0,0.0,0.0,0.0,0.0,0.0,0.0,0,0,0.0,false
openjpa-persistence-jdbc/src/test/java/org/apache/openjpa/persistence/inheritance/entity/SubclassC.java,12.0,2.0,0.0,3.0,0.0,5.0,0.0,mikedd@13f79535-47bb-0310-9956-ffa450edef68,0,0.0,0.0,0.0,0.0,0.0,0.0,0.0,0,0,0.0,false
openjpa-persistence-jdbc/src/test/java/org/apache/openjpa/persistence/inheritance/entity/SubclassD.java,12.0,2.0,0.0,3.0,0.0,5.0,0.0,mikedd@13f79535-47bb-0310-9956-ffa450edef68,0,0.0,0.0,0.0,0.0,0.0,0.0,0.0,0,0,0.0,false
openjpa-persistence-jdbc/src/test/java/org/apache/openjpa/persistence/inheritance/entity/SubclassE.java,12.0,2.0,0.0,3.0,0.0,5.0,0.0,mikedd@13f79535-47bb-0310-9956-ffa450edef68,0,0.0,0.0,0.0,0.0,0.0,0.0,0.0,0,0,0.0,false
openjpa-persistence-jdbc/src/test/java/org/apache/openjpa/persistence/inheritance/entity/SubclassF.java,19.0,2.0,0.0,5.0,0.0,8.0,0.0,mikedd@13f79535-47bb-0310-9956-ffa450edef68,0,0.0,0.0,0.0,0.0,0.0,0.0,0.0,0,0,0.0,false
openjpa-persistence-jdbc/src/test/java/org/apache/openjpa/persistence/inheritance/entity/SubclassG.java,19.0,3.0,0.0,5.0,0.0,8.0,0.0,mikedd@13f79535-47bb-0310-9956-ffa450edef68,0,0.0,0.0,0.0,0.0,0.0,0.0,0.0,0,0,0.0,false
openjpa-persistence-jdbc/src/test/java/org/apache/openjpa/persistence/inheritance/entity/SubclassH.java,26.0,3.0,7.0,7.0,0.0,11.0,0.0,mikedd@13f79535-47bb-0310-9956-ffa450edef68,0,0.0,0.0,0.0,0.0,0.0,0.0,0.0,0,0,0.0,false
openjpa-persistence-jdbc/src/test/java/org/apache/openjpa/persistence/inheritance/entity/SubclassI.java,19.0,3.0,0.0,5.0,0.0,8.0,0.0,mikedd@13f79535-47bb-0310-9956-ffa450edef68,0,0.0,0.0,0.0,0.0,0.0,0.0,0.0,0,0,0.0,false
openjpa-persistence-jdbc/src/test/java/org/apache/openjpa/persistence/inheritance/entity/SubclassJ.java,19.0,3.0,0.0,5.0,0.0,8.0,0.0,mikedd@13f79535-47bb-0310-9956-ffa450edef68,0,0.0,0.0,0.0,0.0,0.0,0.0,0.0,0,0,0.0,false
openjpa-persistence-jdbc/src/test/java/org/apache/openjpa/persistence/inheritance/entity/SubclassK.java,12.0,2.0,0.0,3.0,0.0,5.0,0.0,mikedd@13f79535-47bb-0310-9956-ffa450edef68,0,0.0,0.0,0.0,0.0,0.0,0.0,0.0,0,0,0.0,false
openjpa-persistence-jdbc/src/test/java/org/apache/openjpa/persistence/jdbc/annotations/MultiColumnSecondaryVersionPC.java,31.0,11.0,15.0,7.0,0.0,11.0,10.0,mikedd@13f79535-47bb-0310-9956-ffa450edef68,1,0.0035971223021582736,33.0,33.0,0.0,0.0,655.5454545454545,3954.1408479481306,1,0,1.4701758451005928,false
openjpa-persistence-jdbc/src/test/java/org/apache/openjpa/persistence/jdbc/annotations/MultiColumnVersionPC.java,17.0,7.0,1.0,3.0,0.0,5.0,10.0,mikedd@13f79535-47bb-0310-9956-ffa450edef68,1,0.0035971223021582736,25.0,25.0,0.0,0.0,655.5454545454545,3954.1408479481306,1,0,1.4701758451005928,false
openjpa-persistence-jdbc/src/test/java/org/apache/openjpa/persistence/jdbc/annotations/TestMultiColumnVersion.java,137.0,5.0,45.0,10.0,77.0,13.0,10.0,mikedd@13f79535-47bb-0310-9956-ffa450edef68,1,0.0035971223021582736,20.0,20.0,0.0,0.0,655.5454545454545,3954.1408479481306,1,0,1.4701758451005928,false
openjpa-persistence-jdbc/src/test/java/org/apache/openjpa/persistence/jdbc/mapping/bidi/Address.java,34.0,7.0,20.0,8.0,0.0,12.0,18.0,struberg@13f79535-47bb-0310-9956-ffa450edef68,0,0.0,0.0,0.0,0.0,0.0,0.0,0.0,0,0,0.0,false
openjpa-persistence-jdbc/src/test/java/org/apache/openjpa/persistence/jdbc/mapping/bidi/Child.java,55.0,6.0,56.0,12.0,3.0,20.0,0.0,mikedd@13f79535-47bb-0310-9956-ffa450edef68,0,0.0,0.0,0.0,0.0,0.0,0.0,0.0,0,0,0.0,false
openjpa-persistence-jdbc/src/test/java/org/apache/openjpa/persistence/jdbc/mapping/bidi/IParent.java,8.0,1.0,15.0,6.0,0.0,6.0,0.0,mikedd@13f79535-47bb-0310-9956-ffa450edef68,0,0.0,0.0,0.0,0.0,0.0,0.0,0.0,0,0,0.0,false
openjpa-persistence-jdbc/src/test/java/org/apache/openjpa/persistence/jdbc/mapping/bidi/ParentWithAppIdentity.java,45.0,17.0,8.0,8.0,6.0,17.0,0.0,struberg@13f79535-47bb-0310-9956-ffa450edef68,0,0.0,0.0,0.0,0.0,0.0,0.0,0.0,0,0,0.0,false
openjpa-persistence-jdbc/src/test/java/org/apache/openjpa/persistence/jdbc/mapping/bidi/ParentWithAutoIdentity.java,43.0,17.0,12.0,8.0,5.0,18.0,0.0,struberg@13f79535-47bb-0310-9956-ffa450edef68,0,0.0,0.0,0.0,0.0,0.0,0.0,0.0,0,0,0.0,false
openjpa-persistence-jdbc/src/test/java/org/apache/openjpa/persistence/jdbc/mapping/bidi/ParentWithSequenceIdentity.java,43.0,17.0,12.0,8.0,5.0,18.0,0.0,struberg@13f79535-47bb-0310-9956-ffa450edef68,0,0.0,0.0,0.0,0.0,0.0,0.0,0.0,0,0,0.0,false
openjpa-persistence-jdbc/src/test/java/org/apache/openjpa/persistence/jdbc/mapping/bidi/Person.java,32.0,12.0,9.0,6.0,2.0,10.0,0.0,mikedd@13f79535-47bb-0310-9956-ffa450edef68,0,0.0,0.0,0.0,0.0,0.0,0.0,0.0,0,0,0.0,false
openjpa-persistence-jdbc/src/test/java/org/apache/openjpa/persistence/jdbc/mapping/bidi/TestBiDirectionalJoinTable.java,110.0,6.0,0.0,10.0,82.0,11.0,0.0,mikedd@13f79535-47bb-0310-9956-ffa450edef68,0,0.0,0.0,0.0,0.0,0.0,0.0,0.0,0,0,0.0,false
openjpa-persistence-jdbc/src/test/java/org/apache/openjpa/persistence/jdbc/mapping/bidi/TestOneSidedParentChildWithImplicitForeignKey.java,104.0,6.0,0.0,8.0,56.0,17.0,0.0,mikedd@13f79535-47bb-0310-9956-ffa450edef68,0,0.0,0.0,0.0,0.0,0.0,0.0,0.0,0,0,0.0,false
openjpa-persistence-jdbc/src/test/java/org/apache/openjpa/persistence/jdbc/oracle/PObject.java,17.0,4.0,1.0,3.0,0.0,5.0,0.0,mikedd@13f79535-47bb-0310-9956-ffa450edef68,0,0.0,0.0,0.0,0.0,0.0,0.0,0.0,0,0,0.0,false
openjpa-persistence-jdbc/src/test/java/org/apache/openjpa/persistence/jdbc/oracle/PObjectNative.java,17.0,4.0,1.0,3.0,0.0,5.0,0.0,mikedd@13f79535-47bb-0310-9956-ffa450edef68,0,0.0,0.0,0.0,0.0,0.0,0.0,0.0,0,0,0.0,false
openjpa-persistence-jdbc/src/test/java/org/apache/openjpa/persistence/jdbc/oracle/TestAutoIncrement.java,48.0,2.0,4.0,5.0,25.0,21.0,0.0,mikedd@13f79535-47bb-0310-9956-ffa450edef68,0,0.0,0.0,0.0,0.0,0.0,0.0,0.0,0,0,0.0,false
openjpa-persistence-jdbc/src/test/java/org/apache/openjpa/persistence/jdbc/query/TestGroupByQuery.java,33.0,7.0,3.0,3.0,12.0,7.0,0.0,mikedd@13f79535-47bb-0310-9956-ffa450edef68,0,0.0,0.0,0.0,0.0,0.0,0.0,0.0,0,0,0.0,false
openjpa-persistence-jdbc/src/test/java/org/apache/openjpa/persistence/jdbc/query/TestMultipleEntityProjection.java,108.0,11.0,11.0,6.0,42.0,15.0,3.0,fancy@13f79535-47bb-0310-9956-ffa450edef68,1,0.0035971223021582736,14.0,0.0,0.0,0.0,402.8888888888889,2767.2080471488116,1,0,2.1633230256605382,false
openjpa-persistence-jdbc/src/test/java/org/apache/openjpa/persistence/jdbc/query/TestOrderByQuery.java,73.0,7.0,28.0,8.0,37.0,17.0,0.0,mikedd@13f79535-47bb-0310-9956-ffa450edef68,0,0.0,0.0,0.0,0.0,0.0,0.0,0.0,0,0,0.0,false
openjpa-persistence-jdbc/src/test/java/org/apache/openjpa/persistence/jdbc/query/TestQueryParameterBinding.java,198.0,5.0,0.0,25.0,92.0,29.0,0.0,mikedd@13f79535-47bb-0310-9956-ffa450edef68,0,0.0,0.0,0.0,0.0,0.0,0.0,0.0,0,0,0.0,false
openjpa-persistence-jdbc/src/test/java/org/apache/openjpa/persistence/jdbc/query/TestTemporalTypeQueryParameterBinding.java,131.0,10.0,0.0,8.0,61.0,16.0,0.0,mikedd@13f79535-47bb-0310-9956-ffa450edef68,0,0.0,0.0,0.0,0.0,0.0,0.0,0.0,0,0,0.0,false
openjpa-persistence-jdbc/src/test/java/org/apache/openjpa/persistence/jdbc/query/cache/Department.java,30.0,9.0,9.0,6.0,4.0,11.0,0.0,mikedd@13f79535-47bb-0310-9956-ffa450edef68,0,0.0,0.0,0.0,0.0,0.0,0.0,0.0,0,1,0.0,false
openjpa-persistence-jdbc/src/test/java/org/apache/openjpa/persistence/jdbc/query/cache/DepartmentId.java,30.0,1.0,0.0,4.0,2.0,8.0,0.0,mikedd@13f79535-47bb-0310-9956-ffa450edef68,0,0.0,0.0,0.0,0.0,0.0,0.0,0.0,0,1,0.0,false
openjpa-persistence-jdbc/src/test/java/org/apache/openjpa/persistence/jdbc/query/cache/Employee.java,16.0,8.0,2.0,4.0,0.0,6.0,0.0,mikedd@13f79535-47bb-0310-9956-ffa450edef68,0,0.0,0.0,0.0,0.0,0.0,0.0,0.0,0,1,0.0,false
openjpa-persistence-jdbc/src/test/java/org/apache/openjpa/persistence/jdbc/query/cache/EmployeeId.java,25.0,1.0,0.0,4.0,2.0,8.0,0.0,mikedd@13f79535-47bb-0310-9956-ffa450edef68,0,0.0,0.0,0.0,0.0,0.0,0.0,0.0,0,1,0.0,false
openjpa-persistence-jdbc/src/test/java/org/apache/openjpa/persistence/jdbc/query/cache/FullTimeEmployee.java,9.0,3.0,0.0,2.0,0.0,3.0,0.0,mikedd@13f79535-47bb-0310-9956-ffa450edef68,0,0.0,0.0,0.0,0.0,0.0,0.0,0.0,0,1,0.0,false
openjpa-persistence-jdbc/src/test/java/org/apache/openjpa/persistence/jdbc/query/cache/PartTimeEmployee.java,9.0,3.0,0.0,2.0,0.0,3.0,0.0,mikedd@13f79535-47bb-0310-9956-ffa450edef68,0,0.0,0.0,0.0,0.0,0.0,0.0,0.0,0,1,0.0,false
openjpa-persistence-jdbc/src/test/java/org/apache/openjpa/persistence/jdbc/query/cache/TestNonPrimaryKeyQueryParameters.java,78.0,5.0,0.0,7.0,53.0,10.0,0.0,mikedd@13f79535-47bb-0310-9956-ffa450edef68,0,0.0,0.0,0.0,0.0,0.0,0.0,0.0,0,1,0.0,false
openjpa-persistence-jdbc/src/test/java/org/apache/openjpa/persistence/jdbc/query/domain/Binder.java,14.0,5.0,1.0,2.0,0.0,2.0,0.0,mikedd@13f79535-47bb-0310-9956-ffa450edef68,0,0.0,0.0,0.0,0.0,0.0,0.0,0.0,0,0,0.0,false
openjpa-persistence-jdbc/src/test/java/org/apache/openjpa/persistence/jdbc/query/domain/Chess.java,9.0,1.0,0.0,2.0,0.0,3.0,0.0,mikedd@13f79535-47bb-0310-9956-ffa450edef68,0,0.0,0.0,0.0,0.0,0.0,0.0,0.0,0,0,0.0,false
openjpa-persistence-jdbc/src/test/java/org/apache/openjpa/persistence/jdbc/query/domain/Customer.java,22.0,7.0,6.0,5.0,2.0,9.0,0.0,mikedd@13f79535-47bb-0310-9956-ffa450edef68,0,0.0,0.0,0.0,0.0,0.0,0.0,0.0,0,1,0.0,false
openjpa-persistence-jdbc/src/test/java/org/apache/openjpa/persistence/jdbc/query/domain/Game.java,17.0,5.0,1.0,3.0,0.0,5.0,0.0,mikedd@13f79535-47bb-0310-9956-ffa450edef68,0,0.0,0.0,0.0,0.0,0.0,0.0,0.0,0,0,0.0,false
openjpa-persistence-jdbc/src/test/java/org/apache/openjpa/persistence/jdbc/query/domain/IndoorGame.java,9.0,1.0,0.0,2.0,0.0,3.0,0.0,mikedd@13f79535-47bb-0310-9956-ffa450edef68,0,0.0,0.0,0.0,0.0,0.0,0.0,0.0,0,0,0.0,false
openjpa-persistence-jdbc/src/test/java/org/apache/openjpa/persistence/jdbc/query/domain/Magazine.java,38.0,3.0,28.0,9.0,0.0,14.0,3.0,fancy@13f79535-47bb-0310-9956-ffa450edef68,1,0.0035971223021582736,25.0,0.0,0.0,0.0,402.8888888888889,2767.2080471488116,1,0,2.1633230256605382,false
openjpa-persistence-jdbc/src/test/java/org/apache/openjpa/persistence/jdbc/query/domain/Order.java,20.0,5.0,6.0,5.0,0.0,8.0,0.0,mikedd@13f79535-47bb-0310-9956-ffa450edef68,0,0.0,0.0,0.0,0.0,0.0,0.0,0.0,0,1,0.0,false
openjpa-persistence-jdbc/src/test/java/org/apache/openjpa/persistence/jdbc/query/domain/Publisher.java,17.0,1.0,1.0,3.0,0.0,5.0,4.0,mikedd@13f79535-47bb-0310-9956-ffa450edef68,0,0.0,0.0,0.0,0.0,0.0,0.0,0.0,0,0,0.0,false
openjpa-persistence-jdbc/src/test/java/org/apache/openjpa/persistence/jdbc/query/domain/Scrabble.java,9.0,1.0,0.0,2.0,0.0,3.0,0.0,mikedd@13f79535-47bb-0310-9956-ffa450edef68,0,0.0,0.0,0.0,0.0,0.0,0.0,0.0,0,0,0.0,false
openjpa-persistence-jdbc/src/test/java/org/apache/openjpa/persistence/jdbc/query/domain/TimeKeeper.java,27.0,7.0,15.0,7.0,0.0,11.0,0.0,mikedd@13f79535-47bb-0310-9956-ffa450edef68,0,0.0,0.0,0.0,0.0,0.0,0.0,0.0,0,0,0.0,false
openjpa-persistence-jdbc/src/test/java/org/apache/openjpa/persistence/jdbc/unique/TestUniqueConstraint.java,26.0,5.0,3.0,3.0,11.0,5.0,5.0,mikedd@13f79535-47bb-0310-9956-ffa450edef68,1,0.0035971223021582736,33.0,17.0,0.0,0.0,655.5454545454545,3954.1408479481306,1,1,1.4701758451005928,false
openjpa-persistence-jdbc/src/test/java/org/apache/openjpa/persistence/jdbc/unique/TestUniqueConstraintWithXMLDescriptor.java,30.0,5.0,6.0,4.0,13.0,7.0,6.0,mikedd@13f79535-47bb-0310-9956-ffa450edef68,1,0.0035971223021582736,25.0,0.0,0.0,0.0,655.5454545454545,3954.1408479481306,1,1,1.4701758451005928,false
openjpa-persistence-jdbc/src/test/java/org/apache/openjpa/persistence/jdbc/update/Child.java,29.0,5.0,11.0,6.0,0.0,10.0,0.0,mikedd@13f79535-47bb-0310-9956-ffa450edef68,0,0.0,0.0,0.0,0.0,0.0,0.0,0.0,0,1,0.0,false
openjpa-persistence-jdbc/src/test/java/org/apache/openjpa/persistence/jdbc/update/Parent.java,45.0,7.0,3.0,7.0,5.0,15.0,0.0,mikedd@13f79535-47bb-0310-9956-ffa450edef68,0,0.0,0.0,0.0,0.0,0.0,0.0,0.0,0,1,0.0,false
openjpa-persistence-jdbc/src/test/java/org/apache/openjpa/persistence/jdbc/update/TestParentChild.java,121.0,6.0,39.0,11.0,55.0,31.0,2.0,allee8285@13f79535-47bb-0310-9956-ffa450edef68,1,0.0035971223021582736,33.0,17.0,17.0,17.0,206.66666666666666,698.5841078059472,1,1,1.900958761193047,false
openjpa-persistence-jdbc/src/test/java/org/apache/openjpa/persistence/jpql/clauses/TestEJBClauses.java,112.0,8.0,55.0,11.0,76.0,12.0,0.0,pcl@13f79535-47bb-0310-9956-ffa450edef68,0,0.0,0.0,0.0,0.0,0.0,0.0,0.0,0,0,0.0,false
openjpa-persistence-jdbc/src/test/java/org/apache/openjpa/persistence/kernel/TestDynamicFetchPlan.java,107.0,6.0,0.0,8.0,87.0,8.0,0.0,mikedd@13f79535-47bb-0310-9956-ffa450edef68,0,0.0,0.0,0.0,0.0,0.0,0.0,0.0,0,0,0.0,false
openjpa-persistence-jdbc/src/test/java/org/apache/openjpa/persistence/kernel/common/apps/FetchA.java,13.0,4.0,0.0,2.0,0.0,3.0,0.0,mikedd@13f79535-47bb-0310-9956-ffa450edef68,0,0.0,0.0,0.0,0.0,0.0,0.0,0.0,0,0,0.0,false
openjpa-persistence-jdbc/src/test/java/org/apache/openjpa/persistence/kernel/common/apps/FetchB.java,6.0,3.0,0.0,0.0,0.0,0.0,0.0,mikedd@13f79535-47bb-0310-9956-ffa450edef68,0,0.0,0.0,0.0,0.0,0.0,0.0,0.0,0,0,0.0,false
openjpa-persistence-jdbc/src/test/java/org/apache/openjpa/persistence/kernel/common/apps/FetchBase.java,17.0,3.0,1.0,3.0,0.0,5.0,0.0,mikedd@13f79535-47bb-0310-9956-ffa450edef68,0,0.0,0.0,0.0,0.0,0.0,0.0,0.0,0,0,0.0,false
openjpa-persistence-jdbc/src/test/java/org/apache/openjpa/persistence/managedinterface/TestManagedInterfaces.java,368.0,14.0,105.0,15.0,184.0,28.0,0.0,null,0,0.0,0.0,0.0,0.0,0.0,0.0,0.0,0,0,0.0,false
openjpa-persistence-jdbc/src/test/java/org/apache/openjpa/persistence/models/library/Book.java,74.0,2.0,38.0,13.0,7.0,31.0,0.0,dezzio@13f79535-47bb-0310-9956-ffa450edef68,0,0.0,0.0,0.0,0.0,0.0,0.0,0.0,0,0,0.0,false
openjpa-persistence-jdbc/src/test/java/org/apache/openjpa/persistence/models/library/Borrower.java,55.0,2.0,29.0,11.0,6.0,25.0,0.0,dezzio@13f79535-47bb-0310-9956-ffa450edef68,0,0.0,0.0,0.0,0.0,0.0,0.0,0.0,0,0,0.0,false
openjpa-persistence-jdbc/src/test/java/org/apache/openjpa/persistence/models/library/Subject.java,45.0,2.0,12.0,9.0,4.0,21.0,0.0,dezzio@13f79535-47bb-0310-9956-ffa450edef68,0,0.0,0.0,0.0,0.0,0.0,0.0,0.0,0,0,0.0,false
openjpa-persistence-jdbc/src/test/java/org/apache/openjpa/persistence/models/library/Volunteer.java,41.0,1.0,14.0,8.0,3.0,19.0,0.0,dezzio@13f79535-47bb-0310-9956-ffa450edef68,0,0.0,0.0,0.0,0.0,0.0,0.0,0.0,0,0,0.0,false
openjpa-persistence-jdbc/src/test/java/org/apache/openjpa/persistence/nullity/BlobValue.java,9.0,1.0,0.0,0.0,0.0,0.0,8.0,mikedd@13f79535-47bb-0310-9956-ffa450edef68,1,0.0035971223021582736,33.0,0.0,0.0,0.0,1467.5333333333333,24884.552203046493,1,0,1.2878542883066382,false
openjpa-persistence-jdbc/src/test/java/org/apache/openjpa/persistence/nullity/NullValues.java,80.0,6.0,137.0,18.0,8.0,27.0,8.0,mikedd@13f79535-47bb-0310-9956-ffa450edef68,1,0.0035971223021582736,17.0,0.0,0.0,0.0,1467.5333333333333,24884.552203046493,1,0,1.2878542883066382,true
openjpa-persistence-jdbc/src/test/java/org/apache/openjpa/persistence/nullity/TestBasicFieldNullity.java,107.0,5.0,0.0,16.0,45.0,22.0,8.0,mikedd@13f79535-47bb-0310-9956-ffa450edef68,1,0.0035971223021582736,11.0,0.0,0.0,0.0,1467.5333333333333,24884.552203046493,1,0,1.2878542883066382,true
openjpa-persistence-jdbc/src/test/java/org/apache/openjpa/persistence/proxy/TestProxyCollection.java,121.0,4.0,91.0,14.0,49.0,34.0,0.0,mikedd@13f79535-47bb-0310-9956-ffa450edef68,0,0.0,0.0,0.0,0.0,0.0,0.0,0.0,0,0,0.0,false
openjpa-persistence-jdbc/src/test/java/org/apache/openjpa/persistence/proxy/TreeNode.java,136.0,17.0,97.0,19.0,38.0,46.0,0.0,mikedd@13f79535-47bb-0310-9956-ffa450edef68,0,0.0,0.0,0.0,0.0,0.0,0.0,0.0,0,0,0.0,false
openjpa-persistence-jdbc/src/test/java/org/apache/openjpa/persistence/query/Magazine.java,34.0,10.0,24.0,9.0,0.0,14.0,3.0,fancy@13f79535-47bb-0310-9956-ffa450edef68,1,0.0035971223021582736,100.0,0.0,100.0,0.0,402.8888888888889,2767.2080471488116,1,0,2.1633230256605382,false
openjpa-persistence-jdbc/src/test/java/org/apache/openjpa/persistence/query/Publisher.java,27.0,9.0,11.0,7.0,0.0,11.0,4.0,fancy@13f79535-47bb-0310-9956-ffa450edef68,1,0.0035971223021582736,100.0,0.0,50.0,0.0,402.8888888888889,2767.2080471488116,1,0,2.1633230256605382,false
openjpa-persistence-jdbc/src/test/java/org/apache/openjpa/persistence/query/SimpleEntity.java,30.0,14.0,14.0,8.0,0.0,11.0,0.0,null,0,0.0,0.0,0.0,0.0,0.0,0.0,0.0,0,1,0.0,false
openjpa-persistence-jdbc/src/test/java/org/apache/openjpa/persistence/query/SimpleEntity2.java,30.0,8.0,14.0,8.0,0.0,11.0,0.0,allee8285@13f79535-47bb-0310-9956-ffa450edef68,0,0.0,0.0,0.0,0.0,0.0,0.0,0.0,0,0,0.0,false
openjpa-persistence-jdbc/src/test/java/org/apache/openjpa/persistence/query/TestDupNamedQuery.java,59.0,5.0,6.0,4.0,25.0,7.0,0.0,allee8285@13f79535-47bb-0310-9956-ffa450edef68,0,0.0,0.0,0.0,0.0,0.0,0.0,0.0,0,0,0.0,false
openjpa-persistence-jdbc/src/test/java/org/apache/openjpa/persistence/query/TestNewEntityAsQueryParameter.java,74.0,6.0,14.0,8.0,31.0,11.0,0.0,mikedd@13f79535-47bb-0310-9956-ffa450edef68,0,0.0,0.0,0.0,0.0,0.0,0.0,0.0,0,0,0.0,false
openjpa-persistence-jdbc/src/test/java/org/apache/openjpa/persistence/query/TestSubquery.java,25.0,3.0,1.0,2.0,11.0,3.0,4.0,fancy@13f79535-47bb-0310-9956-ffa450edef68,1,0.0035971223021582736,6.0,0.0,6.0,0.0,402.8888888888889,2767.2080471488116,1,3,2.1633230256605382,false
openjpa-persistence-jdbc/src/test/java/org/apache/openjpa/persistence/query/common/apps/Osoba.java,36.0,6.0,22.0,9.0,1.0,14.0,0.0,mikedd@13f79535-47bb-0310-9956-ffa450edef68,0,0.0,0.0,0.0,0.0,0.0,0.0,0.0,0,0,0.0,false
openjpa-persistence-jdbc/src/test/java/org/apache/openjpa/persistence/query/common/apps/Projekt.java,24.0,5.0,7.0,6.0,1.0,9.0,0.0,mikedd@13f79535-47bb-0310-9956-ffa450edef68,0,0.0,0.0,0.0,0.0,0.0,0.0,0.0,0,0,0.0,false
openjpa-persistence-jdbc/src/test/java/org/apache/openjpa/persistence/recursive/Node.java,23.0,8.0,9.0,6.0,0.0,9.0,0.0,struberg@13f79535-47bb-0310-9956-ffa450edef68,0,0.0,0.0,0.0,0.0,0.0,0.0,0.0,0,0,0.0,false
openjpa-persistence-jdbc/src/test/java/org/apache/openjpa/persistence/recursive/TestRecursiveRelationships.java,47.0,2.0,1.0,2.0,16.0,3.0,3.0,allee8285@13f79535-47bb-0310-9956-ffa450edef68,1,0.0035971223021582736,50.0,0.0,50.0,0.0,206.66666666666666,698.5841078059472,1,0,1.900958761193047,false
openjpa-persistence-jdbc/src/test/java/org/apache/openjpa/persistence/relations/C.java,50.0,9.0,15.0,7.0,0.0,10.0,0.0,fancy@13f79535-47bb-0310-9956-ffa450edef68,0,0.0,0.0,0.0,0.0,0.0,0.0,0.0,0,1,0.0,false
openjpa-persistence-jdbc/src/test/java/org/apache/openjpa/persistence/relations/CM.java,54.0,11.0,18.0,8.0,2.0,11.0,0.0,fancy@13f79535-47bb-0310-9956-ffa450edef68,0,0.0,0.0,0.0,0.0,0.0,0.0,0.0,0,1,0.0,false
openjpa-persistence-jdbc/src/test/java/org/apache/openjpa/persistence/relations/ChainEntityA.java,29.0,10.0,15.0,7.0,1.0,12.0,4.0,kwsutter@13f79535-47bb-0310-9956-ffa450edef68,1,0.0035971223021582736,100.0,0.0,0.0,0.0,122.5,96.21757698148195,1,0,3.079613757534693,false
openjpa-persistence-jdbc/src/test/java/org/apache/openjpa/persistence/relations/ChainEntityB.java,27.0,10.0,9.0,6.0,2.0,11.0,4.0,kwsutter@13f79535-47bb-0310-9956-ffa450edef68,1,0.0035971223021582736,50.0,0.0,0.0,0.0,122.5,96.21757698148195,1,0,3.079613757534693,false
openjpa-persistence-jdbc/src/test/java/org/apache/openjpa/persistence/relations/ChainEntityC.java,22.0,8.0,6.0,5.0,0.0,7.0,4.0,kwsutter@13f79535-47bb-0310-9956-ffa450edef68,1,0.0035971223021582736,100.0,0.0,0.0,0.0,122.5,96.21757698148195,1,0,3.079613757534693,false
openjpa-persistence-jdbc/src/test/java/org/apache/openjpa/persistence/relations/Customer.java,67.0,4.0,25.0,11.0,0.0,16.0,0.0,fancy@13f79535-47bb-0310-9956-ffa450edef68,0,0.0,0.0,0.0,0.0,0.0,0.0,0.0,0,0,0.0,false
openjpa-persistence-jdbc/src/test/java/org/apache/openjpa/persistence/relations/D.java,57.0,6.0,28.0,9.0,0.0,13.0,0.0,fancy@13f79535-47bb-0310-9956-ffa450edef68,0,0.0,0.0,0.0,0.0,0.0,0.0,0.0,0,1,0.0,false
openjpa-persistence-jdbc/src/test/java/org/apache/openjpa/persistence/relations/E.java,32.0,7.0,28.0,9.0,0.0,13.0,0.0,fancy@13f79535-47bb-0310-9956-ffa450edef68,0,0.0,0.0,0.0,0.0,0.0,0.0,0.0,0,1,0.0,false
openjpa-persistence-jdbc/src/test/java/org/apache/openjpa/persistence/relations/EntityA1InverseEager.java,16.0,6.0,0.0,4.0,0.0,5.0,0.0,fancy@13f79535-47bb-0310-9956-ffa450edef68,0,0.0,0.0,0.0,0.0,0.0,0.0,0.0,0,0,0.0,false
openjpa-persistence-jdbc/src/test/java/org/apache/openjpa/persistence/relations/EntityA2InverseEager.java,16.0,6.0,0.0,4.0,0.0,5.0,0.0,fancy@13f79535-47bb-0310-9956-ffa450edef68,0,0.0,0.0,0.0,0.0,0.0,0.0,0.0,0,0,0.0,false
openjpa-persistence-jdbc/src/test/java/org/apache/openjpa/persistence/relations/EntityAInverseEager.java,26.0,11.0,13.0,7.0,1.0,11.0,0.0,struberg@13f79535-47bb-0310-9956-ffa450edef68,0,0.0,0.0,0.0,0.0,0.0,0.0,0.0,0,0,0.0,false
openjpa-persistence-jdbc/src/test/java/org/apache/openjpa/persistence/relations/EntityBInverseEager.java,25.0,7.0,13.0,7.0,0.0,10.0,0.0,struberg@13f79535-47bb-0310-9956-ffa450edef68,0,0.0,0.0,0.0,0.0,0.0,0.0,0.0,0,0,0.0,false
openjpa-persistence-jdbc/src/test/java/org/apache/openjpa/persistence/relations/EntityCInverseEager.java,41.0,5.0,35.0,11.0,0.0,16.0,0.0,fancy@13f79535-47bb-0310-9956-ffa450edef68,0,0.0,0.0,0.0,0.0,0.0,0.0,0.0,0,0,0.0,false
openjpa-persistence-jdbc/src/test/java/org/apache/openjpa/persistence/relations/EntityDInverseEager.java,49.0,6.0,52.0,13.0,0.0,19.0,0.0,struberg@13f79535-47bb-0310-9956-ffa450edef68,0,0.0,0.0,0.0,0.0,0.0,0.0,0.0,0,0,0.0,false
openjpa-persistence-jdbc/src/test/java/org/apache/openjpa/persistence/relations/Order.java,39.0,8.0,11.0,10.0,3.0,16.0,0.0,struberg@13f79535-47bb-0310-9956-ffa450edef68,0,0.0,0.0,0.0,0.0,0.0,0.0,0.0,0,0,0.0,false
openjpa-persistence-jdbc/src/test/java/org/apache/openjpa/persistence/relations/TblChild.java,38.0,13.0,27.0,10.0,4.0,14.0,5.0,fancy@13f79535-47bb-0310-9956-ffa450edef68,1,0.0035971223021582736,100.0,0.0,100.0,0.0,402.8888888888889,2767.2080471488116,1,0,2.1633230256605382,false
openjpa-persistence-jdbc/src/test/java/org/apache/openjpa/persistence/relations/TblGrandChild.java,23.0,10.0,9.0,6.0,0.0,9.0,5.0,fancy@13f79535-47bb-0310-9956-ffa450edef68,1,0.0035971223021582736,100.0,0.0,100.0,0.0,402.8888888888889,2767.2080471488116,1,0,2.1633230256605382,false
openjpa-persistence-jdbc/src/test/java/org/apache/openjpa/persistence/relations/TblParent.java,19.0,8.0,2.0,5.0,1.0,7.0,5.0,fancy@13f79535-47bb-0310-9956-ffa450edef68,1,0.0035971223021582736,100.0,0.0,100.0,0.0,402.8888888888889,2767.2080471488116,1,0,2.1633230256605382,false
openjpa-persistence-jdbc/src/test/java/org/apache/openjpa/persistence/relations/TestChainEntities.java,61.0,2.0,8.0,5.0,29.0,8.0,4.0,fancy@13f79535-47bb-0310-9956-ffa450edef68,1,0.0035971223021582736,25.0,0.0,0.0,0.0,122.5,96.21757698148195,1,0,3.079613757534693,false
openjpa-persistence-jdbc/src/test/java/org/apache/openjpa/persistence/relations/TestInverseEagerSQL.java,179.0,12.0,15.0,6.0,67.0,11.0,3.0,fancy@13f79535-47bb-0310-9956-ffa450edef68,1,0.0035971223021582736,22.0,0.0,0.0,0.0,402.8888888888889,2767.2080471488116,1,0,2.1633230256605382,false
openjpa-persistence-jdbc/src/test/java/org/apache/openjpa/persistence/relations/TestRelationFieldAsPrimaryKeyAndForeignKey.java,137.0,4.0,10.0,5.0,65.0,12.0,0.0,fancy@13f79535-47bb-0310-9956-ffa450edef68,0,0.0,0.0,0.0,0.0,0.0,0.0,0.0,0,1,0.0,false
openjpa-persistence-jdbc/src/test/java/org/apache/openjpa/persistence/relations/VC.java,50.0,12.0,15.0,7.0,0.0,10.0,0.0,fancy@13f79535-47bb-0310-9956-ffa450edef68,0,0.0,0.0,0.0,0.0,0.0,0.0,0.0,0,1,0.0,false
openjpa-persistence-jdbc/src/test/java/org/apache/openjpa/persistence/relations/VCS.java,61.0,12.0,33.0,10.0,2.0,14.0,0.0,fancy@13f79535-47bb-0310-9956-ffa450edef68,0,0.0,0.0,0.0,0.0,0.0,0.0,0.0,0,1,0.0,false
openjpa-persistence-jdbc/src/test/java/org/apache/openjpa/persistence/simple/TestEntityManagerClear.java,119.0,3.0,28.0,8.0,74.0,10.0,4.0,awhite@13f79535-47bb-0310-9956-ffa450edef68,1,0.0035971223021582736,25.0,0.0,0.0,0.0,84.8,102.2206280584643,1,1,3.367295829986474,false
openjpa-persistence-jdbc/src/test/java/org/apache/openjpa/persistence/spring/LibService.java,11.0,1.0,10.0,5.0,0.0,6.0,0.0,dezzio@13f79535-47bb-0310-9956-ffa450edef68,0,0.0,0.0,0.0,0.0,0.0,0.0,0.0,0,0,0.0,false
openjpa-persistence-jdbc/src/test/java/org/apache/openjpa/persistence/spring/LibServiceImpl.java,99.0,2.0,26.0,8.0,40.0,28.0,0.0,dezzio@13f79535-47bb-0310-9956-ffa450edef68,0,0.0,0.0,0.0,0.0,0.0,0.0,0.0,0,0,0.0,false
openjpa-persistence-jdbc/src/test/java/org/apache/openjpa/persistence/spring/LibTestingService.java,96.0,2.0,0.0,6.0,23.0,13.0,0.0,dezzio@13f79535-47bb-0310-9956-ffa450edef68,0,0.0,0.0,0.0,0.0,0.0,0.0,0.0,0,0,0.0,false
openjpa-persistence-jdbc/src/test/java/org/apache/openjpa/persistence/spring/TestLibService.java,110.0,5.0,0.0,7.0,42.0,20.0,3.0,null,1,0.0035971223021582736,12.0,0.0,12.0,0.0,206.66666666666666,698.5841078059472,1,0,1.900958761193047,false
openjpa-persistence-jdbc/src/test/java/org/apache/openjpa/persistence/spring/TransactionalEntityManagerFactory.java,3.0,1.0,0.0,1.0,0.0,1.0,0.0,dezzio@13f79535-47bb-0310-9956-ffa450edef68,0,0.0,0.0,0.0,0.0,0.0,0.0,0.0,0,0,0.0,false
openjpa-persistence-jdbc/src/test/java/org/apache/openjpa/persistence/test/CombinationGenerator.java,52.0,3.0,0.0,4.0,10.0,12.0,2.0,allee8285@13f79535-47bb-0310-9956-ffa450edef68,1,0.0035971223021582736,25.0,25.0,0.0,25.0,206.66666666666666,698.5841078059472,1,1,1.900958761193047,false
openjpa-persistence-jdbc/src/test/java/org/apache/openjpa/persistence/test/CombinatorialPersistenceTestCase.java,59.0,3.0,10.0,5.0,24.0,15.0,0.0,mikedd@13f79535-47bb-0310-9956-ffa450edef68,0,0.0,0.0,0.0,0.0,0.0,0.0,0.0,0,1,0.0,false
openjpa-persistence-jdbc/src/test/java/org/apache/openjpa/persistence/test/CombinatorialTestHelper.java,125.0,5.0,30.0,12.0,25.0,34.0,0.0,mikedd@13f79535-47bb-0310-9956-ffa450edef68,0,0.0,0.0,0.0,0.0,0.0,0.0,0.0,0,1,0.0,false
openjpa-persistence-jdbc/src/test/java/org/apache/openjpa/persistence/test/PersistenceTestCase.java,241.0,22.0,188.0,20.0,88.0,74.0,3.0,ppoddar@13f79535-47bb-0310-9956-ffa450edef68,1,0.0035971223021582736,5.0,3.0,0.0,3.0,655.5454545454545,3954.1408479481306,1,4,1.4701758451005928,false
openjpa-persistence-jdbc/src/test/java/org/apache/openjpa/persistence/test/SQLListenerTestCase.java,74.0,7.0,13.0,7.0,12.0,19.0,0.0,null,0,0.0,0.0,0.0,0.0,0.0,0.0,0.0,0,3,0.0,false
openjpa-persistence-jdbc/src/test/java/org/apache/openjpa/persistence/test/SingleEMFTestCase.java,77.0,4.0,6.0,9.0,28.0,25.0,0.0,null,0,0.0,0.0,0.0,0.0,0.0,0.0,0.0,0,2,0.0,false
openjpa-persistence/src/main/java/org/apache/openjpa/persistence/AnnotationPersistenceMetaDataParser.java,1090.0,93.0,1375.0,63.0,456.0,225.0,32.0,null,2,0.007194244604316547,4.0,1.0,1.0,1.0,2123.078787878788,28838.693050994625,2,3,0.7121139722764769,true
openjpa-persistence/src/main/java/org/apache/openjpa/persistence/EntityManagerImpl.java,997.0,47.0,0.0,196.0,451.0,369.0,0.0,ppoddar@13f79535-47bb-0310-9956-ffa450edef68,0,0.0,0.0,0.0,0.0,0.0,0.0,0.0,0,2,0.0,false
openjpa-persistence/src/main/java/org/apache/openjpa/persistence/MetaDataTag.java,0.0,0.0,0.0,0.0,0.0,0.0,18.0,null,1,0.0035971223021582736,9.0,9.0,9.0,0.0,655.5454545454545,3954.1408479481306,1,0,1.4701758451005928,false
openjpa-persistence/src/main/java/org/apache/openjpa/persistence/PersistenceExceptions.java,178.0,11.0,76.0,13.0,55.0,55.0,0.0,ppoddar@13f79535-47bb-0310-9956-ffa450edef68,0,0.0,0.0,0.0,0.0,0.0,0.0,0.0,0,5,0.0,false
openjpa-persistence/src/main/java/org/apache/openjpa/persistence/QueryImpl.java,480.0,32.0,0.0,55.0,189.0,154.0,37.0,ppoddar@13f79535-47bb-0310-9956-ffa450edef68,1,0.0035971223021582736,1.0,0.0,1.0,0.0,655.5454545454545,3954.1408479481306,1,3,1.4701758451005928,false
openjpa-persistence/src/main/java/org/apache/openjpa/persistence/Replicated.java,0.0,0.0,0.0,0.0,0.0,0.0,18.0,mikedd@13f79535-47bb-0310-9956-ffa450edef68,1,0.0035971223021582736,33.0,33.0,33.0,0.0,655.5454545454545,3954.1408479481306,1,0,1.4701758451005928,false
openjpa-persistence/src/main/java/org/apache/openjpa/persistence/StoreCache.java,70.0,3.0,105.0,15.0,0.0,27.0,0.0,pcl@13f79535-47bb-0310-9956-ffa450edef68,0,0.0,0.0,0.0,0.0,0.0,0.0,0.0,0,0,0.0,false
openjpa-persistence/src/main/java/org/apache/openjpa/persistence/StoreCacheImpl.java,87.0,8.0,0.0,19.0,52.0,41.0,0.0,null,0,0.0,0.0,0.0,0.0,0.0,0.0,0.0,0,0,0.0,false
openjpa-persistence/src/main/java/org/apache/openjpa/persistence/XMLPersistenceMetaDataParser.java,1205.0,47.0,4210.0,96.0,428.0,312.0,44.0,null,2,0.007194244604316547,3.0,1.0,0.0,1.0,1905.119540229885,26085.799034981996,2,1,1.1440132520807476,false
openjpa-slice/src/main/java/org/apache/openjpa/slice/DistributedBrokerImpl.java,45.0,4.0,3.0,3.0,8.0,11.0,18.0,ppoddar@13f79535-47bb-0310-9956-ffa450edef68,1,0.0035971223021582736,6.0,6.0,6.0,0.0,655.5454545454545,3954.1408479481306,1,0,1.4701758451005928,true
openjpa-slice/src/main/java/org/apache/openjpa/slice/DistributedConfiguration.java,32.0,2.0,15.0,6.0,0.0,13.0,18.0,ppoddar@13f79535-47bb-0310-9956-ffa450edef68,1,0.0035971223021582736,10.0,10.0,10.0,0.0,655.5454545454545,3954.1408479481306,1,0,1.4701758451005928,true
openjpa-slice/src/main/java/org/apache/openjpa/slice/DistributionPolicy.java,24.0,2.0,0.0,1.0,0.0,3.0,10.0,mikedd@13f79535-47bb-0310-9956-ffa450edef68,1,0.0035971223021582736,29.0,14.0,14.0,0.0,655.5454545454545,3954.1408479481306,1,0,1.4701758451005928,false
openjpa-slice/src/main/java/org/apache/openjpa/slice/ProductDerivation.java,40.0,6.0,6.0,4.0,5.0,8.0,18.0,ppoddar@13f79535-47bb-0310-9956-ffa450edef68,1,0.0035971223021582736,10.0,10.0,10.0,0.0,655.5454545454545,3954.1408479481306,1,1,1.4701758451005928,false
openjpa-slice/src/main/java/org/apache/openjpa/slice/ReplicationPolicy.java,23.0,1.0,0.0,1.0,0.0,3.0,18.0,mikedd@13f79535-47bb-0310-9956-ffa450edef68,1,0.0035971223021582736,20.0,20.0,20.0,0.0,655.5454545454545,3954.1408479481306,1,0,1.4701758451005928,false
openjpa-slice/src/main/java/org/apache/openjpa/slice/SliceImplHelper.java,42.0,6.0,3.0,3.0,18.0,12.0,18.0,ppoddar@13f79535-47bb-0310-9956-ffa450edef68,1,0.0035971223021582736,12.0,12.0,12.0,0.0,655.5454545454545,3954.1408479481306,1,0,1.4701758451005928,false
openjpa-slice/src/main/java/org/apache/openjpa/slice/SlicePersistence.java,27.0,4.0,0.0,1.0,4.0,5.0,18.0,mikedd@13f79535-47bb-0310-9956-ffa450edef68,1,0.0035971223021582736,17.0,17.0,17.0,0.0,655.5454545454545,3954.1408479481306,1,0,1.4701758451005928,false
openjpa-slice/src/main/java/org/apache/openjpa/slice/jdbc/DistributedJDBCConfigurationImpl.java,333.0,32.0,304.0,29.0,133.0,92.0,9.0,ppoddar@13f79535-47bb-0310-9956-ffa450edef68,1,0.0035971223021582736,7.0,4.0,4.0,0.0,655.5454545454545,3954.1408479481306,1,1,1.4701758451005928,true
openjpa-slice/src/main/java/org/apache/openjpa/slice/jdbc/DistributedStoreManager.java,295.0,45.0,352.0,36.0,102.0,106.0,9.0,ppoddar@13f79535-47bb-0310-9956-ffa450edef68,2,0.007194244604316547,14.0,7.0,14.0,0.0,2123.078787878788,28838.693050994625,2,0,0.6858678861436701,false
openjpa-slice/src/main/java/org/apache/openjpa/slice/jdbc/DistributedStoreQuery.java,191.0,21.0,7.0,6.0,9.0,11.0,18.0,ppoddar@13f79535-47bb-0310-9956-ffa450edef68,1,0.0035971223021582736,4.0,4.0,4.0,0.0,655.5454545454545,3954.1408479481306,1,1,1.4701758451005928,true
openjpa-slice/src/test/java/org/apache/openjpa/slice/Address.java,48.0,1.0,56.0,13.0,2.0,20.0,18.0,mikedd@13f79535-47bb-0310-9956-ffa450edef68,1,0.0035971223021582736,33.0,33.0,33.0,0.0,655.5454545454545,3954.1408479481306,1,0,1.4701758451005928,false
openjpa-slice/src/test/java/org/apache/openjpa/slice/Country.java,20.0,3.0,2.0,4.0,0.0,6.0,18.0,mikedd@13f79535-47bb-0310-9956-ffa450edef68,1,0.0035971223021582736,25.0,25.0,25.0,0.0,655.5454545454545,3954.1408479481306,1,0,1.4701758451005928,false
openjpa-slice/src/test/java/org/apache/openjpa/slice/TestBasic.java,184.0,3.0,66.0,12.0,107.0,25.0,18.0,ppoddar@13f79535-47bb-0310-9956-ffa450edef68,1,0.0035971223021582736,6.0,6.0,6.0,0.0,655.5454545454545,3954.1408479481306,1,0,1.4701758451005928,true
