name,LOC,CBO,LCOM,NOM,RFC,WMC,ACS,Ownership,numOfChanges,numberOfFIChanges,ENH,NF,BugFixing,REF,structuralWorkloadSum,semanticWorkloadSum,numberOfDeveloper,pastFaults,MAF,isBuggy
openjpa-integration/daytrader/src/test/java/org/apache/openjpa/integration/daytrader/AccountDataBean.java,137.0,23.0,426.0,33.0,47.0,56.0,13.0,curtisr7@13f79535-47bb-0310-9956-ffa450edef68,1,0.002008032128514056,50.0,0.0,0.0,0.0,1371.050505050505,25951.232988537067,1,0,0.8416798680829803,false
openjpa-integration/daytrader/src/test/java/org/apache/openjpa/integration/daytrader/AccountProfileDataBean.java,86.0,10.0,183.0,22.0,25.0,38.0,13.0,dwoods@13f79535-47bb-0310-9956-ffa450edef68,1,0.002008032128514056,100.0,0.0,0.0,0.0,1371.050505050505,25951.232988537067,1,0,0.8416798680829803,false
openjpa-integration/daytrader/src/test/java/org/apache/openjpa/integration/daytrader/HoldingDataBean.java,95.0,20.0,177.0,23.0,27.0,40.0,13.0,dwoods@13f79535-47bb-0310-9956-ffa450edef68,1,0.002008032128514056,100.0,0.0,0.0,0.0,1371.050505050505,25951.232988537067,1,0,0.8416798680829803,false
openjpa-integration/daytrader/src/test/java/org/apache/openjpa/integration/daytrader/MarketSummaryDataBean.java,161.0,9.0,152.0,20.0,43.0,38.0,13.0,dwoods@13f79535-47bb-0310-9956-ffa450edef68,1,0.002008032128514056,100.0,0.0,0.0,0.0,1371.050505050505,25951.232988537067,1,0,0.8416798680829803,false
openjpa-integration/daytrader/src/test/java/org/apache/openjpa/integration/daytrader/OrderDataBean.java,167.0,20.0,571.0,39.0,56.0,69.0,13.0,dwoods@13f79535-47bb-0310-9956-ffa450edef68,1,0.002008032128514056,50.0,0.0,0.0,0.0,1371.050505050505,25951.232988537067,1,0,0.8416798680829803,false
openjpa-integration/daytrader/src/test/java/org/apache/openjpa/integration/daytrader/QuoteDataBean.java,98.0,12.0,236.0,25.0,30.0,42.0,13.0,dwoods@13f79535-47bb-0310-9956-ffa450edef68,1,0.002008032128514056,100.0,0.0,0.0,0.0,1371.050505050505,25951.232988537067,1,0,0.8416798680829803,false
openjpa-integration/daytrader/src/test/java/org/apache/openjpa/integration/daytrader/TestDaytrader.java,296.0,15.0,36.0,13.0,159.0,55.0,13.0,curtisr7@13f79535-47bb-0310-9956-ffa450edef68,1,0.002008032128514056,25.0,0.0,0.0,0.0,1371.050505050505,25951.232988537067,1,0,0.8416798680829803,false
openjpa-integration/daytrader/src/test/java/org/apache/openjpa/integration/daytrader/TradeBuildDB.java,69.0,12.0,0.0,3.0,23.0,12.0,13.0,struberg@13f79535-47bb-0310-9956-ffa450edef68,1,0.002008032128514056,33.0,0.0,0.0,0.0,1371.050505050505,25951.232988537067,1,0,0.8416798680829803,false
openjpa-integration/daytrader/src/test/java/org/apache/openjpa/integration/daytrader/TradeConfig.java,610.0,4.0,2031.0,66.0,51.0,135.0,13.0,dwoods@13f79535-47bb-0310-9956-ffa450edef68,1,0.002008032128514056,50.0,0.0,0.0,0.0,1371.050505050505,25951.232988537067,1,0,0.8416798680829803,false
openjpa-integration/daytrader/src/test/java/org/apache/openjpa/integration/daytrader/TradeJPADirect.java,592.0,23.0,0.0,33.0,308.0,127.0,13.0,curtisr7@13f79535-47bb-0310-9956-ffa450edef68,1,0.002008032128514056,33.0,0.0,0.0,0.0,1371.050505050505,25951.232988537067,1,0,0.8416798680829803,false
openjpa-integration/validation/src/test/java/org/apache/openjpa/integration/persistence/provider/DummyPersistenceProviderResolver.java,7.0,3.0,1.0,2.0,0.0,3.0,0.0,dwoods@13f79535-47bb-0310-9956-ffa450edef68,0,0.0,0.0,0.0,0.0,0.0,0.0,0.0,0,0,0.0,false
openjpa-integration/validation/src/test/java/org/apache/openjpa/integration/persistence/provider/DummyProvider1.java,11.0,5.0,3.0,3.0,0.0,6.0,0.0,dwoods@13f79535-47bb-0310-9956-ffa450edef68,0,0.0,0.0,0.0,0.0,0.0,0.0,0.0,0,0,0.0,false
openjpa-integration/validation/src/test/java/org/apache/openjpa/integration/persistence/provider/DummyProvider2.java,11.0,5.0,3.0,3.0,0.0,6.0,0.0,dwoods@13f79535-47bb-0310-9956-ffa450edef68,0,0.0,0.0,0.0,0.0,0.0,0.0,0.0,0,0,0.0,false
openjpa-integration/validation/src/test/java/org/apache/openjpa/integration/persistence/provider/TestPersistenceProviderResolver.java,137.0,20.0,23.0,11.0,62.0,24.0,0.0,dwoods@13f79535-47bb-0310-9956-ffa450edef68,0,0.0,0.0,0.0,0.0,0.0,0.0,0.0,0,0,0.0,false
openjpa-integration/validation/src/test/java/org/apache/openjpa/integration/validation/Book.java,59.0,8.0,33.0,10.0,0.0,14.0,28.0,struberg@13f79535-47bb-0310-9956-ffa450edef68,0,0.0,0.0,0.0,0.0,0.0,0.0,0.0,0,0,0.0,false
openjpa-integration/validation/src/test/java/org/apache/openjpa/integration/validation/Publisher.java,30.0,3.0,6.0,5.0,0.0,7.0,0.0,dwoods@13f79535-47bb-0310-9956-ffa450edef68,0,0.0,0.0,0.0,0.0,0.0,0.0,0.0,0,0,0.0,false
openjpa-integration/validation/src/test/java/org/apache/openjpa/integration/validation/TestTraversableResolver.java,177.0,17.0,0.0,10.0,82.0,28.0,2.0,dwoods@13f79535-47bb-0310-9956-ffa450edef68,1,0.002008032128514056,33.0,33.0,0.0,0.0,1371.050505050505,25951.232988537067,1,1,0.8416798680829803,false
openjpa-jdbc/src/main/java/org/apache/openjpa/jdbc/conf/JDBCConfiguration.java,325.0,18.0,2556.0,72.0,0.0,134.0,5.0,ppoddar@13f79535-47bb-0310-9956-ffa450edef68,1,0.002008032128514056,12.0,12.0,0.0,0.0,101.6,232.59173142398762,1,0,3.9262076404201025,false
openjpa-jdbc/src/main/java/org/apache/openjpa/jdbc/conf/JDBCConfigurationImpl.java,571.0,36.0,3395.0,87.0,172.0,177.0,1.0,null,1,0.002008032128514056,6.0,6.0,0.0,0.0,101.6,232.59173142398762,1,1,3.9262076404201025,false
openjpa-jdbc/src/main/java/org/apache/openjpa/jdbc/kernel/BatchingPreparedStatementManagerImpl.java,209.0,18.0,75.0,15.0,67.0,51.0,3.0,fancy@13f79535-47bb-0310-9956-ffa450edef68,3,0.006024096385542169,20.0,0.0,20.0,0.0,2804.3618452566907,49403.25978968647,3,6,1.1536879703998995,false
openjpa-jdbc/src/main/java/org/apache/openjpa/jdbc/kernel/FinderCacheImpl.java,255.0,19.0,270.0,29.0,85.0,86.0,0.0,ppoddar@13f79535-47bb-0310-9956-ffa450edef68,0,0.0,0.0,0.0,0.0,0.0,0.0,0.0,0,1,0.0,false
openjpa-jdbc/src/main/java/org/apache/openjpa/jdbc/kernel/FinderQueryImpl.java,109.0,21.0,15.0,10.0,31.0,31.0,56.0,null,1,0.002008032128514056,18.0,0.0,0.0,18.0,1331.7113402061857,23219.435069725416,1,0,3.164067588373206,false
openjpa-jdbc/src/main/java/org/apache/openjpa/jdbc/kernel/JDBCStoreManager.java,1076.0,67.0,2692.0,81.0,418.0,285.0,7.0,null,3,0.006024096385542169,7.0,3.0,0.0,0.0,3748.744866217746,109157.90457041819,3,10,1.5067475711834892,false
openjpa-jdbc/src/main/java/org/apache/openjpa/jdbc/kernel/JDBCStoreQuery.java,662.0,54.0,1149.0,50.0,234.0,182.0,56.0,null,1,0.002008032128514056,7.0,0.0,0.0,7.0,1331.7113402061857,23219.435069725416,1,5,3.164067588373206,false
openjpa-jdbc/src/main/java/org/apache/openjpa/jdbc/kernel/NativeJDBCSeq.java,268.0,26.0,266.0,28.0,76.0,72.0,56.0,null,1,0.002008032128514056,10.0,0.0,0.0,10.0,1331.7113402061857,23219.435069725416,1,2,3.164067588373206,false
openjpa-jdbc/src/main/java/org/apache/openjpa/jdbc/kernel/PessimisticLockManager.java,126.0,20.0,36.0,12.0,54.0,36.0,13.0,null,1,0.002008032128514056,20.0,0.0,20.0,0.0,2315.433526011561,85705.87776926879,1,2,1.2769979393408257,false
openjpa-jdbc/src/main/java/org/apache/openjpa/jdbc/kernel/PreparedQueryCacheImpl.java,294.0,20.0,213.0,26.0,86.0,74.0,2.0,ppoddar@13f79535-47bb-0310-9956-ffa450edef68,1,0.002008032128514056,9.0,0.0,0.0,0.0,2315.433526011561,85705.87776926879,1,1,1.2769979393408257,false
openjpa-jdbc/src/main/java/org/apache/openjpa/jdbc/kernel/PreparedQueryImpl.java,294.0,30.0,236.0,25.0,81.0,80.0,2.0,ppoddar@13f79535-47bb-0310-9956-ffa450edef68,2,0.004016064257028112,12.0,0.0,3.0,0.0,2648.7668593448943,86864.24824047236,2,1,1.4951163227282844,false
openjpa-jdbc/src/main/java/org/apache/openjpa/jdbc/kernel/PreparedStatementManagerImpl.java,186.0,27.0,121.0,19.0,72.0,75.0,0.0,null,0,0.0,0.0,0.0,0.0,0.0,0.0,0.0,0,3,0.0,false
openjpa-jdbc/src/main/java/org/apache/openjpa/jdbc/kernel/SQLProjectionResultObjectProvider.java,68.0,10.0,1.0,10.0,15.0,30.0,56.0,joes@13f79535-47bb-0310-9956-ffa450edef68,1,0.002008032128514056,67.0,0.0,0.0,67.0,1331.7113402061857,23219.435069725416,1,0,3.164067588373206,false
openjpa-jdbc/src/main/java/org/apache/openjpa/jdbc/kernel/SQLStoreQuery.java,251.0,28.0,26.0,8.0,14.0,21.0,56.0,null,1,0.002008032128514056,9.0,0.0,0.0,9.0,1331.7113402061857,23219.435069725416,1,2,3.164067588373206,false
openjpa-jdbc/src/main/java/org/apache/openjpa/jdbc/kernel/TableJDBCSeq.java,632.0,37.0,863.0,47.0,184.0,157.0,56.0,null,1,0.002008032128514056,7.0,0.0,0.0,7.0,1331.7113402061857,23219.435069725416,1,3,3.164067588373206,false
openjpa-jdbc/src/main/java/org/apache/openjpa/jdbc/kernel/exps/ContainsExpression.java,28.0,2.0,3.0,3.0,7.0,8.0,56.0,fancy@13f79535-47bb-0310-9956-ffa450edef68,1,0.002008032128514056,50.0,0.0,0.0,50.0,1331.7113402061857,23219.435069725416,1,0,3.164067588373206,false
openjpa-jdbc/src/main/java/org/apache/openjpa/jdbc/kernel/exps/Count.java,54.0,3.0,9.0,7.0,15.0,19.0,56.0,joes@13f79535-47bb-0310-9956-ffa450edef68,0,0.0,0.0,0.0,0.0,0.0,0.0,0.0,0,0,0.0,false
openjpa-jdbc/src/main/java/org/apache/openjpa/jdbc/kernel/exps/Distinct.java,27.0,2.0,6.0,4.0,7.0,8.0,0.0,fancy@13f79535-47bb-0310-9956-ffa450edef68,0,0.0,0.0,0.0,0.0,0.0,0.0,0.0,0,2,0.0,false
openjpa-jdbc/src/main/java/org/apache/openjpa/jdbc/kernel/exps/GetObjectId.java,88.0,15.0,2.0,17.0,32.0,30.0,56.0,joes@13f79535-47bb-0310-9956-ffa450edef68,1,0.002008032128514056,67.0,0.0,0.0,67.0,1331.7113402061857,23219.435069725416,1,0,3.164067588373206,false
openjpa-jdbc/src/main/java/org/apache/openjpa/jdbc/kernel/exps/JDBCExpressionFactory.java,338.0,19.0,3313.0,83.0,35.0,190.0,2.0,null,1,0.002008032128514056,4.0,0.0,4.0,0.0,333.33333333333337,1158.3704712035628,1,1,3.0995290672356344,false
openjpa-jdbc/src/main/java/org/apache/openjpa/jdbc/kernel/exps/PCPath.java,730.0,36.0,1654.0,65.0,232.0,206.0,4.0,fancy@13f79535-47bb-0310-9956-ffa450edef68,1,0.002008032128514056,2.0,0.0,0.0,0.0,101.6,232.59173142398762,1,4,3.9262076404201025,true
openjpa-jdbc/src/main/java/org/apache/openjpa/jdbc/kernel/exps/SelectConstructor.java,246.0,19.0,15.0,7.0,68.0,31.0,0.0,faywang@13f79535-47bb-0310-9956-ffa450edef68,0,0.0,0.0,0.0,0.0,0.0,0.0,0.0,0,2,0.0,true
openjpa-jdbc/src/main/java/org/apache/openjpa/jdbc/kernel/exps/StartsWithExpression.java,193.0,10.0,0.0,5.0,17.0,9.0,56.0,wisneskid@13f79535-47bb-0310-9956-ffa450edef68,1,0.002008032128514056,33.0,0.0,0.0,33.0,1331.7113402061857,23219.435069725416,1,0,3.164067588373206,false
openjpa-jdbc/src/main/java/org/apache/openjpa/jdbc/kernel/exps/UnaryOp.java,100.0,8.0,151.0,22.0,31.0,38.0,0.0,fancy@13f79535-47bb-0310-9956-ffa450edef68,0,0.0,0.0,0.0,0.0,0.0,0.0,0.0,0,1,0.0,true
openjpa-jdbc/src/main/java/org/apache/openjpa/jdbc/meta/JavaSQLTypes.java,122.0,5.0,3.0,3.0,0.0,11.0,56.0,mikedd@13f79535-47bb-0310-9956-ffa450edef68,1,0.002008032128514056,40.0,0.0,0.0,40.0,1331.7113402061857,23219.435069725416,1,0,3.164067588373206,false
openjpa-jdbc/src/main/java/org/apache/openjpa/jdbc/meta/ReverseMappingTool.java,1445.0,77.0,4258.0,97.0,463.0,315.0,1.0,null,1,0.002008032128514056,5.0,0.0,5.0,0.0,1371.050505050505,25951.232988537067,1,2,0.8416798680829803,false
openjpa-jdbc/src/main/java/org/apache/openjpa/jdbc/meta/RuntimeStrategyInstaller.java,60.0,5.0,15.0,6.0,31.0,17.0,4.0,faywang@13f79535-47bb-0310-9956-ffa450edef68,1,0.002008032128514056,40.0,0.0,40.0,0.0,333.33333333333337,1158.3704712035628,1,0,3.0995290672356344,false
openjpa-jdbc/src/main/java/org/apache/openjpa/jdbc/meta/Version.java,247.0,17.0,733.0,42.0,79.0,98.0,7.0,ppoddar@13f79535-47bb-0310-9956-ffa450edef68,1,0.002008032128514056,20.0,0.0,0.0,0.0,2315.433526011561,85705.87776926879,1,1,1.2769979393408257,true
openjpa-jdbc/src/main/java/org/apache/openjpa/jdbc/meta/VersionStrategy.java,38.0,8.0,21.0,7.0,0.0,18.0,7.0,ppoddar@13f79535-47bb-0310-9956-ffa450edef68,1,0.002008032128514056,17.0,0.0,0.0,0.0,2315.433526011561,85705.87776926879,1,1,1.2769979393408257,true
openjpa-jdbc/src/main/java/org/apache/openjpa/jdbc/meta/strats/EnumValueHandler.java,61.0,11.0,1.0,7.0,24.0,21.0,0.0,null,0,0.0,0.0,0.0,0.0,0.0,0.0,0.0,0,1,0.0,false
openjpa-jdbc/src/main/java/org/apache/openjpa/jdbc/meta/strats/IdentityJoinable.java,37.0,10.0,19.0,7.0,10.0,15.0,56.0,joes@13f79535-47bb-0310-9956-ffa450edef68,1,0.002008032128514056,67.0,0.0,0.0,67.0,1331.7113402061857,23219.435069725416,1,0,3.164067588373206,false
openjpa-jdbc/src/main/java/org/apache/openjpa/jdbc/meta/strats/InValueDiscriminatorStrategy.java,85.0,18.0,45.0,10.0,56.0,34.0,5.0,mikedd@13f79535-47bb-0310-9956-ffa450edef68,1,0.002008032128514056,20.0,0.0,0.0,0.0,1331.7113402061857,23219.435069725416,1,1,3.164067588373206,false
openjpa-jdbc/src/main/java/org/apache/openjpa/jdbc/meta/strats/MultiColumnVersionStrategy.java,66.0,4.0,16.0,8.0,19.0,22.0,56.0,mikedd@13f79535-47bb-0310-9956-ffa450edef68,1,0.002008032128514056,33.0,0.0,0.0,33.0,1331.7113402061857,23219.435069725416,1,0,3.164067588373206,false
openjpa-jdbc/src/main/java/org/apache/openjpa/jdbc/meta/strats/NumberVersionStrategy.java,36.0,5.0,9.0,6.0,5.0,15.0,40.0,ppoddar@13f79535-47bb-0310-9956-ffa450edef68,2,0.004016064257028112,33.0,0.0,0.0,22.0,3647.1448662177463,108925.3128389942,2,2,1.898530203734266,true
openjpa-jdbc/src/main/java/org/apache/openjpa/jdbc/meta/strats/RelationFieldStrategy.java,631.0,50.0,978.0,45.0,448.0,187.0,56.0,faywang@13f79535-47bb-0310-9956-ffa450edef68,1,0.002008032128514056,5.0,0.0,0.0,5.0,1331.7113402061857,23219.435069725416,1,4,3.164067588373206,false
openjpa-jdbc/src/main/java/org/apache/openjpa/jdbc/schema/Column.java,672.0,13.0,2601.0,74.0,125.0,197.0,56.0,null,1,0.002008032128514056,10.0,0.0,0.0,10.0,1331.7113402061857,23219.435069725416,1,0,3.164067588373206,false
openjpa-jdbc/src/main/java/org/apache/openjpa/jdbc/schema/TableSchemaFactory.java,333.0,27.0,137.0,23.0,124.0,67.0,56.0,null,1,0.002008032128514056,22.0,0.0,0.0,22.0,1331.7113402061857,23219.435069725416,1,1,3.164067588373206,false
openjpa-jdbc/src/main/java/org/apache/openjpa/jdbc/schema/XMLSchemaParser.java,398.0,16.0,387.0,34.0,156.0,79.0,56.0,mikedd@13f79535-47bb-0310-9956-ffa450edef68,1,0.002008032128514056,22.0,0.0,0.0,22.0,1331.7113402061857,23219.435069725416,1,0,3.164067588373206,false
openjpa-jdbc/src/main/java/org/apache/openjpa/jdbc/sql/DB2Dictionary.java,635.0,33.0,831.0,43.0,173.0,150.0,5.0,null,3,0.006024096385542169,7.0,0.0,5.0,0.0,2732.3668593448942,86920.15111701062,3,14,1.2923837686742026,true
openjpa-jdbc/src/main/java/org/apache/openjpa/jdbc/sql/DBDictionary.java,3673.0,106.0,43062.0,296.0,1079.0,1102.0,24.0,null,3,0.006024096385542169,4.0,0.0,1.0,1.0,3980.4781995510803,110083.68331019777,3,22,1.1983720789600687,true
openjpa-jdbc/src/main/java/org/apache/openjpa/jdbc/sql/DerbyDictionary.java,53.0,7.0,3.0,3.0,7.0,11.0,8.0,null,1,0.002008032128514056,8.0,0.0,8.0,0.0,2315.433526011561,85705.87776926879,1,2,1.2769979393408257,false
openjpa-jdbc/src/main/java/org/apache/openjpa/jdbc/sql/FirebirdDictionary.java,284.0,22.0,145.0,19.0,65.0,65.0,6.0,mtylenda@13f79535-47bb-0310-9956-ffa450edef68,1,0.002008032128514056,12.0,0.0,12.0,0.0,2315.433526011561,85705.87776926879,1,0,1.2769979393408257,false
openjpa-jdbc/src/main/java/org/apache/openjpa/jdbc/sql/H2Dictionary.java,127.0,14.0,120.0,16.0,39.0,48.0,0.0,null,0,0.0,0.0,0.0,0.0,0.0,0.0,0.0,0,1,0.0,false
openjpa-jdbc/src/main/java/org/apache/openjpa/jdbc/sql/InformixDictionary.java,202.0,22.0,151.0,19.0,65.0,69.0,7.0,null,2,0.004016064257028112,15.0,0.0,11.0,0.0,2648.7668593448943,86864.24824047236,2,2,1.4951163227282844,false
openjpa-jdbc/src/main/java/org/apache/openjpa/jdbc/sql/LogicalUnion.java,670.0,21.0,35.0,31.0,35.0,76.0,5.0,null,1,0.002008032128514056,5.0,5.0,0.0,0.0,101.6,232.59173142398762,1,1,3.9262076404201025,false
openjpa-jdbc/src/main/java/org/apache/openjpa/jdbc/sql/MySQLDictionary.java,256.0,21.0,208.0,21.0,71.0,80.0,2.0,null,4,0.008032128514056224,26.0,3.0,17.0,0.0,3724.4840310620657,111667.74099676525,4,3,0.6456352673807695,true
openjpa-jdbc/src/main/java/org/apache/openjpa/jdbc/sql/OracleDictionary.java,738.0,40.0,1300.0,53.0,309.0,240.0,28.0,null,2,0.004016064257028112,9.0,0.0,5.0,4.0,3647.1448662177463,108925.3128389942,2,5,1.3588141319445213,true
openjpa-jdbc/src/main/java/org/apache/openjpa/jdbc/sql/ResultSetResult.java,348.0,24.0,0.0,51.0,119.0,151.0,56.0,null,1,0.002008032128514056,15.0,0.0,0.0,15.0,1331.7113402061857,23219.435069725416,1,1,3.164067588373206,false
openjpa-jdbc/src/main/java/org/apache/openjpa/jdbc/sql/RowImpl.java,605.0,26.0,5162.0,105.0,167.0,267.0,56.0,null,1,0.002008032128514056,13.0,0.0,0.0,13.0,1331.7113402061857,23219.435069725416,1,1,3.164067588373206,false
openjpa-jdbc/src/main/java/org/apache/openjpa/jdbc/sql/SQLBuffer.java,505.0,18.0,1000.0,53.0,115.0,149.0,39.0,null,2,0.004016064257028112,9.0,0.0,0.0,6.0,3647.1448662177463,108925.3128389942,2,3,1.898530203734266,true
openjpa-jdbc/src/main/java/org/apache/openjpa/jdbc/sql/SQLExceptions.java,99.0,9.0,78.0,13.0,30.0,43.0,12.0,allee8285@13f79535-47bb-0310-9956-ffa450edef68,1,0.002008032128514056,8.0,0.0,8.0,0.0,2315.433526011561,85705.87776926879,1,4,1.2769979393408257,false
openjpa-jdbc/src/main/java/org/apache/openjpa/jdbc/sql/SQLServerDictionary.java,179.0,18.0,105.0,15.0,62.0,53.0,8.0,null,1,0.002008032128514056,10.0,0.0,10.0,0.0,2315.433526011561,85705.87776926879,1,0,1.2769979393408257,false
openjpa-jdbc/src/main/java/org/apache/openjpa/jdbc/sql/Select.java,479.0,12.0,5151.0,102.0,0.0,181.0,5.0,null,1,0.002008032128514056,5.0,5.0,0.0,0.0,101.6,232.59173142398762,1,1,3.9262076404201025,false
openjpa-jdbc/src/main/java/org/apache/openjpa/jdbc/sql/SelectImpl.java,2153.0,42.0,18823.0,203.0,454.0,556.0,39.0,null,2,0.004016064257028112,4.0,1.0,0.0,3.0,1433.3113402061856,23452.026801149404,2,12,2.781600104094025,true
openjpa-kernel/src/main/java/org/apache/openjpa/conf/CallbackOptions.java,45.0,1.0,9.0,6.0,0.0,15.0,7.0,faywang@13f79535-47bb-0310-9956-ffa450edef68,1,0.002008032128514056,50.0,0.0,0.0,0.0,333.33333333333337,1158.3704712035628,1,0,3.0995290672356344,false
openjpa-kernel/src/main/java/org/apache/openjpa/conf/DetachOptions.java,120.0,1.0,48.0,12.0,3.0,23.0,9.0,curtisr7@13f79535-47bb-0310-9956-ffa450edef68,1,0.002008032128514056,25.0,25.0,0.0,0.0,663.0980392156863,4841.72441176149,1,0,2.406381886675689,false
openjpa-kernel/src/main/java/org/apache/openjpa/conf/OpenJPAConfiguration.java,1180.0,36.0,28441.0,239.0,0.0,379.0,0.0,null,0,0.0,0.0,0.0,0.0,0.0,0.0,0.0,0,1,0.0,true
openjpa-kernel/src/main/java/org/apache/openjpa/conf/OpenJPAConfigurationImpl.java,1210.0,51.0,29924.0,249.0,322.0,434.0,2.0,null,1,0.002008032128514056,3.0,0.0,0.0,1.0,663.0980392156863,4841.72441176149,1,4,2.406381886675689,false
openjpa-kernel/src/main/java/org/apache/openjpa/conf/OpenJPAVersion.java,95.0,7.0,6.0,4.0,15.0,7.0,0.0,null,0,0.0,0.0,0.0,0.0,0.0,0.0,0.0,0,1,0.0,false
openjpa-kernel/src/main/java/org/apache/openjpa/datacache/AbstractDataCache.java,357.0,23.0,1270.0,57.0,153.0,133.0,10.0,null,1,0.002008032128514056,5.0,0.0,0.0,5.0,663.0980392156863,4841.72441176149,1,0,2.406381886675689,false
openjpa-kernel/src/main/java/org/apache/openjpa/datacache/CacheDistributionPolicy.java,14.0,2.0,0.0,1.0,0.0,3.0,0.0,ppoddar@13f79535-47bb-0310-9956-ffa450edef68,0,0.0,0.0,0.0,0.0,0.0,0.0,0.0,0,0,0.0,false
openjpa-kernel/src/main/java/org/apache/openjpa/datacache/CacheStatistics.java,171.0,4.0,120.0,16.0,0.0,22.0,0.0,curtisr7@13f79535-47bb-0310-9956-ffa450edef68,0,0.0,0.0,0.0,0.0,0.0,0.0,0.0,0,1,0.0,false
openjpa-kernel/src/main/java/org/apache/openjpa/datacache/ClearableScheduler.java,176.0,18.0,14.0,9.0,28.0,21.0,10.0,curtisr7@13f79535-47bb-0310-9956-ffa450edef68,1,0.002008032128514056,100.0,0.0,0.0,100.0,663.0980392156863,4841.72441176149,1,0,2.406381886675689,false
openjpa-kernel/src/main/java/org/apache/openjpa/datacache/DataCache.java,158.0,7.0,406.0,29.0,0.0,67.0,10.0,ppoddar@13f79535-47bb-0310-9956-ffa450edef68,1,0.002008032128514056,12.0,0.0,0.0,12.0,663.0980392156863,4841.72441176149,1,0,2.406381886675689,false
openjpa-kernel/src/main/java/org/apache/openjpa/datacache/DataCacheManager.java,53.0,4.0,45.0,10.0,0.0,19.0,10.0,curtisr7@13f79535-47bb-0310-9956-ffa450edef68,1,0.002008032128514056,12.0,0.0,0.0,12.0,663.0980392156863,4841.72441176149,1,0,2.406381886675689,false
openjpa-kernel/src/main/java/org/apache/openjpa/datacache/DataCacheManagerImpl.java,119.0,10.0,65.0,14.0,29.0,39.0,13.0,curtisr7@13f79535-47bb-0310-9956-ffa450edef68,2,0.004016064257028112,11.0,0.0,0.0,6.0,1994.809379421872,28061.159481486906,2,0,2.092077556964502,true
openjpa-kernel/src/main/java/org/apache/openjpa/datacache/DataCacheStoreManager.java,479.0,27.0,69.0,22.0,173.0,79.0,10.0,null,2,0.004016064257028112,9.0,0.0,3.0,0.0,3647.1448662177463,108925.3128389942,2,3,1.2695069873901395,true
openjpa-kernel/src/main/java/org/apache/openjpa/datacache/DefaultCacheDistributionPolicy.java,15.0,3.0,6.0,4.0,2.0,5.0,0.0,ppoddar@13f79535-47bb-0310-9956-ffa450edef68,0,0.0,0.0,0.0,0.0,0.0,0.0,0.0,0,0,0.0,false
openjpa-kernel/src/main/java/org/apache/openjpa/datacache/QueryCacheStoreQuery.java,461.0,31.0,0.0,26.0,52.0,58.0,43.0,null,1,0.002008032128514056,11.0,0.0,0.0,7.0,1331.7113402061857,23219.435069725416,1,3,3.164067588373206,false
openjpa-kernel/src/main/java/org/apache/openjpa/datacache/TypeBasedCacheDistributionPolicy.java,53.0,8.0,3.0,6.0,15.0,16.0,0.0,ppoddar@13f79535-47bb-0310-9956-ffa450edef68,0,0.0,0.0,0.0,0.0,0.0,0.0,0.0,0,0,0.0,false
openjpa-kernel/src/main/java/org/apache/openjpa/ee/AutomaticManagedRuntime.java,190.0,10.0,6.0,8.0,23.0,23.0,1.0,mikedd@13f79535-47bb-0310-9956-ffa450edef68,1,0.002008032128514056,11.0,0.0,0.0,0.0,1371.050505050505,25951.232988537067,1,1,0.8416798680829803,false
openjpa-kernel/src/main/java/org/apache/openjpa/enhance/InstrumentationFactory.java,210.0,21.0,31.0,11.0,66.0,37.0,1.0,mikedd@13f79535-47bb-0310-9956-ffa450edef68,1,0.002008032128514056,8.0,0.0,0.0,0.0,220.0,936.7505070850557,1,0,3.6748932121391964,false
openjpa-kernel/src/main/java/org/apache/openjpa/enhance/ManagedClassSubclasser.java,169.0,28.0,43.0,10.0,90.0,36.0,2.0,ppoddar@13f79535-47bb-0310-9956-ffa450edef68,2,0.004016064257028112,10.0,0.0,5.0,0.0,2978.531565227247,90547.60218103028,2,3,1.1485427324483122,false
openjpa-kernel/src/main/java/org/apache/openjpa/enhance/PCEnhancer.java,2955.0,83.0,4332.0,128.0,1516.0,539.0,56.0,null,1,0.002008032128514056,3.0,0.0,0.0,3.0,1331.7113402061857,23219.435069725416,1,9,3.164067588373206,true
openjpa-kernel/src/main/java/org/apache/openjpa/event/LifecycleEventManager.java,440.0,12.0,162.0,20.0,88.0,86.0,0.0,pcl@13f79535-47bb-0310-9956-ffa450edef68,0,0.0,0.0,0.0,0.0,0.0,0.0,0.0,0,3,0.0,false
openjpa-kernel/src/main/java/org/apache/openjpa/kernel/AbstractBrokerFactory.java,529.0,43.0,703.0,46.0,214.0,137.0,9.0,null,1,0.002008032128514056,3.0,0.0,0.0,0.0,1331.7113402061857,23219.435069725416,1,6,3.164067588373206,true
openjpa-kernel/src/main/java/org/apache/openjpa/kernel/AttachManager.java,237.0,23.0,73.0,19.0,79.0,68.0,1.0,null,1,0.002008032128514056,10.0,0.0,0.0,0.0,663.0980392156863,4841.72441176149,1,0,2.406381886675689,false
openjpa-kernel/src/main/java/org/apache/openjpa/kernel/BrokerFactory.java,88.0,5.0,136.0,17.0,0.0,34.0,9.0,null,1,0.002008032128514056,25.0,0.0,0.0,0.0,1331.7113402061857,23219.435069725416,1,0,3.164067588373206,false
openjpa-kernel/src/main/java/org/apache/openjpa/kernel/BrokerImpl.java,3604.0,74.0,26667.0,258.0,1192.0,863.0,6.0,null,3,0.006024096385542169,8.0,3.0,2.0,1.0,2328.142712755205,29219.52995269047,3,10,1.7990718330980617,true
openjpa-kernel/src/main/java/org/apache/openjpa/kernel/DelegatingBroker.java,1382.0,14.0,0.0,178.0,342.0,608.0,13.0,ppoddar@13f79535-47bb-0310-9956-ffa450edef68,2,0.004016064257028112,16.0,0.0,5.0,0.0,3647.1448662177463,108925.3128389942,2,1,1.898530203734266,false
openjpa-kernel/src/main/java/org/apache/openjpa/kernel/DelegatingBrokerFactory.java,183.0,5.0,0.0,24.0,39.0,75.0,9.0,null,1,0.002008032128514056,22.0,0.0,0.0,0.0,1331.7113402061857,23219.435069725416,1,0,3.164067588373206,false
openjpa-kernel/src/main/java/org/apache/openjpa/kernel/DetachManager.java,579.0,30.0,71.0,14.0,136.0,70.0,3.0,null,1,0.002008032128514056,29.0,14.0,0.0,21.0,1371.050505050505,25951.232988537067,1,1,0.8416798680829803,false
openjpa-kernel/src/main/java/org/apache/openjpa/kernel/DetachManagerLite.java,65.0,6.0,6.0,4.0,25.0,9.0,1.0,curtisr7@13f79535-47bb-0310-9956-ffa450edef68,2,0.004016064257028112,57.0,0.0,29.0,14.0,2034.1485442661915,30792.957400298557,2,0,1.4528712374087036,false
openjpa-kernel/src/main/java/org/apache/openjpa/kernel/DetachedValueStateManager.java,407.0,13.0,6863.0,118.0,42.0,234.0,56.0,null,1,0.002008032128514056,17.0,0.0,0.0,17.0,1331.7113402061857,23219.435069725416,1,1,3.164067588373206,false
openjpa-kernel/src/main/java/org/apache/openjpa/kernel/FetchConfigurationImpl.java,708.0,29.0,0.0,89.0,226.0,272.0,4.0,ppoddar@13f79535-47bb-0310-9956-ffa450edef68,1,0.002008032128514056,8.0,0.0,3.0,0.0,2315.433526011561,85705.87776926879,1,4,1.2769979393408257,false
openjpa-kernel/src/main/java/org/apache/openjpa/kernel/Filters.java,748.0,23.0,451.0,35.0,138.0,152.0,43.0,ppoddar@13f79535-47bb-0310-9956-ffa450edef68,2,0.004016064257028112,18.0,0.0,6.0,12.0,3647.1448662177463,108925.3128389942,2,2,1.898530203734266,false
openjpa-kernel/src/main/java/org/apache/openjpa/kernel/ObjectIdStateManager.java,512.0,18.0,9549.0,139.0,102.0,268.0,56.0,null,1,0.002008032128514056,15.0,0.0,0.0,15.0,1331.7113402061857,23219.435069725416,1,2,3.164067588373206,false
openjpa-kernel/src/main/java/org/apache/openjpa/kernel/QueryImpl.java,1571.0,48.0,3816.0,108.0,488.0,333.0,13.0,ppoddar@13f79535-47bb-0310-9956-ffa450edef68,2,0.004016064257028112,7.0,0.0,0.0,5.0,3647.1448662177463,108925.3128389942,2,6,1.898530203734266,false
openjpa-kernel/src/main/java/org/apache/openjpa/kernel/QueryStatistics.java,184.0,6.0,105.0,15.0,0.0,21.0,1.0,ppoddar@13f79535-47bb-0310-9956-ffa450edef68,1,0.002008032128514056,36.0,0.0,9.0,9.0,2315.433526011561,85705.87776926879,1,1,1.2769979393408257,true
openjpa-kernel/src/main/java/org/apache/openjpa/kernel/StateManagerImpl.java,2275.0,49.0,12835.0,226.0,1063.0,675.0,29.0,null,2,0.004016064257028112,5.0,1.0,0.0,2.0,1994.809379421872,28061.159481486906,2,13,2.092077556964502,true
openjpa-kernel/src/main/java/org/apache/openjpa/kernel/StoreContext.java,302.0,5.0,1953.0,63.0,0.0,106.0,14.0,null,1,0.002008032128514056,13.0,0.0,0.0,0.0,1331.7113402061857,23219.435069725416,1,1,3.164067588373206,false
openjpa-kernel/src/main/java/org/apache/openjpa/kernel/TimeSeededSeq.java,27.0,1.0,13.0,7.0,0.0,10.0,56.0,joes@13f79535-47bb-0310-9956-ffa450edef68,1,0.002008032128514056,67.0,0.0,0.0,67.0,1331.7113402061857,23219.435069725416,1,0,3.164067588373206,false
openjpa-kernel/src/main/java/org/apache/openjpa/kernel/VersionLockManager.java,83.0,0.0,43.0,11.0,17.0,33.0,56.0,allee8285@13f79535-47bb-0310-9956-ffa450edef68,1,0.002008032128514056,33.0,0.0,0.0,33.0,1331.7113402061857,23219.435069725416,1,0,3.164067588373206,false
openjpa-kernel/src/main/java/org/apache/openjpa/kernel/exps/Abs.java,26.0,3.0,3.0,3.0,8.0,7.0,56.0,curtisr7@13f79535-47bb-0310-9956-ffa450edef68,1,0.002008032128514056,50.0,0.0,0.0,50.0,1331.7113402061857,23219.435069725416,1,0,3.164067588373206,false
openjpa-kernel/src/main/java/org/apache/openjpa/kernel/exps/AbstractExpressionBuilder.java,383.0,19.0,440.0,32.0,112.0,100.0,5.0,null,2,0.004016064257028112,11.0,0.0,5.0,0.0,2978.531565227247,90547.60218103028,2,2,1.1485427324483122,true
openjpa-kernel/src/main/java/org/apache/openjpa/kernel/exps/Avg.java,29.0,3.0,3.0,3.0,7.0,7.0,56.0,joes@13f79535-47bb-0310-9956-ffa450edef68,1,0.002008032128514056,67.0,0.0,0.0,67.0,1331.7113402061857,23219.435069725416,1,0,3.164067588373206,false
openjpa-kernel/src/main/java/org/apache/openjpa/kernel/exps/Count.java,20.0,2.0,3.0,3.0,3.0,7.0,56.0,joes@13f79535-47bb-0310-9956-ffa450edef68,1,0.002008032128514056,67.0,0.0,0.0,67.0,1331.7113402061857,23219.435069725416,1,0,3.164067588373206,false
openjpa-kernel/src/main/java/org/apache/openjpa/kernel/exps/IndexOf.java,37.0,1.0,4.0,5.0,7.0,9.0,56.0,joes@13f79535-47bb-0310-9956-ffa450edef68,1,0.002008032128514056,50.0,0.0,0.0,50.0,1331.7113402061857,23219.435069725416,1,0,3.164067588373206,false
openjpa-kernel/src/main/java/org/apache/openjpa/kernel/exps/QueryExpressions.java,137.0,14.0,13.0,6.0,5.0,13.0,3.0,ppoddar@13f79535-47bb-0310-9956-ffa450edef68,1,0.002008032128514056,5.0,0.0,0.0,0.0,2315.433526011561,85705.87776926879,1,1,1.2769979393408257,true
openjpa-kernel/src/main/java/org/apache/openjpa/kernel/exps/Size.java,17.0,2.0,3.0,3.0,1.0,6.0,56.0,joes@13f79535-47bb-0310-9956-ffa450edef68,1,0.002008032128514056,67.0,0.0,0.0,67.0,1331.7113402061857,23219.435069725416,1,0,3.164067588373206,false
openjpa-kernel/src/main/java/org/apache/openjpa/kernel/exps/StringLength.java,31.0,1.0,2.0,5.0,6.0,10.0,56.0,joes@13f79535-47bb-0310-9956-ffa450edef68,1,0.002008032128514056,67.0,0.0,0.0,67.0,1331.7113402061857,23219.435069725416,1,0,3.164067588373206,false
openjpa-kernel/src/main/java/org/apache/openjpa/kernel/exps/Sum.java,28.0,3.0,3.0,3.0,8.0,8.0,56.0,joes@13f79535-47bb-0310-9956-ffa450edef68,1,0.002008032128514056,67.0,0.0,0.0,67.0,1331.7113402061857,23219.435069725416,1,0,3.164067588373206,false
openjpa-kernel/src/main/java/org/apache/openjpa/kernel/exps/Type.java,27.0,3.0,4.0,5.0,5.0,7.0,57.0,struberg@13f79535-47bb-0310-9956-ffa450edef68,1,0.002008032128514056,33.0,0.0,0.0,33.0,1331.7113402061857,23219.435069725416,1,0,3.164067588373206,false
openjpa-kernel/src/main/java/org/apache/openjpa/kernel/jpql/JPQLExpressionBuilder.java,1476.0,48.0,4413.0,95.0,571.0,347.0,56.0,null,1,0.002008032128514056,3.0,0.0,0.0,3.0,1331.7113402061857,23219.435069725416,1,10,3.164067588373206,false
openjpa-kernel/src/main/java/org/apache/openjpa/meta/AbstractCFMetaDataFactory.java,619.0,39.0,548.0,36.0,184.0,108.0,0.0,null,0,0.0,0.0,0.0,0.0,0.0,0.0,0.0,0,2,0.0,false
openjpa-kernel/src/main/java/org/apache/openjpa/meta/ClassMetaData.java,1891.0,53.0,10811.0,162.0,544.0,516.0,8.0,null,2,0.004016064257028112,7.0,2.0,0.0,3.0,2978.531565227247,90547.60218103028,2,7,1.5617007552231648,true
openjpa-kernel/src/main/java/org/apache/openjpa/meta/FetchGroup.java,251.0,13.0,20.0,21.0,62.0,68.0,56.0,mikedd@13f79535-47bb-0310-9956-ffa450edef68,1,0.002008032128514056,25.0,0.0,0.0,25.0,1331.7113402061857,23219.435069725416,1,1,3.164067588373206,false
openjpa-kernel/src/main/java/org/apache/openjpa/meta/JavaTypes.java,282.0,22.0,58.0,12.0,56.0,42.0,28.0,null,2,0.004016064257028112,25.0,0.0,6.0,19.0,2702.761845256691,49170.66805826248,2,0,1.3097265476681477,true
openjpa-kernel/src/main/java/org/apache/openjpa/meta/MetaDataRepository.java,1894.0,36.0,6956.0,140.0,461.0,513.0,4.0,null,1,0.002008032128514056,3.0,0.0,0.0,0.0,663.0980392156863,4841.72441176149,1,5,2.406381886675689,true
openjpa-kernel/src/main/java/org/apache/openjpa/meta/ValueStrategies.java,97.0,5.0,0.0,3.0,13.0,14.0,56.0,joes@13f79535-47bb-0310-9956-ffa450edef68,1,0.002008032128514056,50.0,0.0,0.0,50.0,1331.7113402061857,23219.435069725416,1,0,3.164067588373206,false
openjpa-kernel/src/main/java/org/apache/openjpa/util/ApplicationIds.java,441.0,22.0,66.0,12.0,146.0,65.0,56.0,null,1,0.002008032128514056,9.0,0.0,0.0,9.0,1331.7113402061857,23219.435069725416,1,2,3.164067588373206,false
openjpa-kernel/src/main/java/org/apache/openjpa/util/Exceptions.java,153.0,11.0,66.0,12.0,46.0,50.0,3.0,null,1,0.002008032128514056,18.0,0.0,9.0,0.0,2315.433526011561,85705.87776926879,1,2,1.2769979393408257,false
openjpa-kernel/src/main/java/org/apache/openjpa/util/Id.java,94.0,4.0,8.0,12.0,16.0,26.0,56.0,mikedd@13f79535-47bb-0310-9956-ffa450edef68,1,0.002008032128514056,18.0,0.0,0.0,18.0,1331.7113402061857,23219.435069725416,1,1,3.164067588373206,false
openjpa-kernel/src/main/java/org/apache/openjpa/util/IntId.java,36.0,0.0,0.0,9.0,3.0,14.0,56.0,joes@13f79535-47bb-0310-9956-ffa450edef68,1,0.002008032128514056,67.0,0.0,0.0,67.0,1331.7113402061857,23219.435069725416,1,0,3.164067588373206,false
openjpa-kernel/src/main/java/org/apache/openjpa/util/LockException.java,58.0,4.0,0.0,11.0,11.0,21.0,14.0,allee8285@13f79535-47bb-0310-9956-ffa450edef68,1,0.002008032128514056,40.0,0.0,40.0,0.0,2315.433526011561,85705.87776926879,1,0,1.2769979393408257,false
openjpa-kernel/src/main/java/org/apache/openjpa/util/LongId.java,33.0,0.0,0.0,8.0,2.0,12.0,56.0,joes@13f79535-47bb-0310-9956-ffa450edef68,1,0.002008032128514056,50.0,0.0,0.0,50.0,1331.7113402061857,23219.435069725416,1,0,3.164067588373206,false
openjpa-kernel/src/main/java/org/apache/openjpa/util/OpenJPAException.java,136.0,7.0,181.0,22.0,15.0,41.0,17.0,joes@13f79535-47bb-0310-9956-ffa450edef68,1,0.002008032128514056,50.0,0.0,50.0,0.0,2315.433526011561,85705.87776926879,1,0,1.2769979393408257,false
openjpa-kernel/src/main/java/org/apache/openjpa/util/Proxies.java,61.0,5.0,10.0,5.0,21.0,19.0,3.0,dwoods@13f79535-47bb-0310-9956-ffa450edef68,1,0.002008032128514056,55.0,27.0,9.0,27.0,1371.050505050505,25951.232988537067,1,1,0.8416798680829803,false
openjpa-kernel/src/main/java/org/apache/openjpa/util/StoreException.java,31.0,1.0,15.0,6.0,2.0,7.0,17.0,allee8285@13f79535-47bb-0310-9956-ffa450edef68,1,0.002008032128514056,17.0,0.0,17.0,0.0,2315.433526011561,85705.87776926879,1,2,1.2769979393408257,false
openjpa-lib/src/main/java/org/apache/openjpa/lib/conf/ConfigurationImpl.java,667.0,49.0,1770.0,64.0,230.0,194.0,0.0,ppoddar@13f79535-47bb-0310-9956-ffa450edef68,0,0.0,0.0,0.0,0.0,0.0,0.0,0.0,0,5,0.0,false
openjpa-lib/src/main/java/org/apache/openjpa/lib/jdbc/DelegatingConnection.java,387.0,17.0,873.0,63.0,131.0,207.0,56.0,null,1,0.002008032128514056,18.0,0.0,0.0,18.0,1331.7113402061857,23219.435069725416,1,0,3.164067588373206,false
openjpa-lib/src/main/java/org/apache/openjpa/lib/jdbc/LoggingConnectionDecorator.java,1563.0,30.0,139.0,18.0,11.0,44.0,6.0,null,2,0.004016064257028112,10.0,0.0,10.0,0.0,2702.761845256691,49170.66805826248,2,0,1.3097265476681477,false
openjpa-lib/src/main/java/org/apache/openjpa/lib/jdbc/ReportingSQLException.java,61.0,2.0,16.0,8.0,7.0,18.0,3.0,null,1,0.002008032128514056,20.0,0.0,20.0,0.0,1371.050505050505,25951.232988537067,1,0,0.8416798680829803,false
openjpa-lib/src/main/java/org/apache/openjpa/lib/rop/RandomAccessResultList.java,153.0,6.0,33.0,14.0,37.0,43.0,56.0,struberg@13f79535-47bb-0310-9956-ffa450edef68,1,0.002008032128514056,50.0,0.0,0.0,50.0,1331.7113402061857,23219.435069725416,1,0,3.164067588373206,false
openjpa-lib/src/main/java/org/apache/openjpa/lib/util/Clearable.java,6.0,0.0,0.0,1.0,0.0,1.0,10.0,curtisr7@13f79535-47bb-0310-9956-ffa450edef68,1,0.002008032128514056,100.0,0.0,0.0,100.0,663.0980392156863,4841.72441176149,1,0,2.406381886675689,false
openjpa-lib/src/main/java/org/apache/openjpa/lib/util/Localizer.java,186.0,12.0,91.0,15.0,25.0,38.0,0.0,mikedd@13f79535-47bb-0310-9956-ffa450edef68,0,0.0,0.0,0.0,0.0,0.0,0.0,0.0,0,3,0.0,false
openjpa-lib/src/main/java/org/apache/openjpa/lib/util/TemporaryClassLoader.java,62.0,5.0,10.0,5.0,18.0,16.0,1.0,struberg@13f79535-47bb-0310-9956-ffa450edef68,1,0.002008032128514056,14.0,14.0,0.0,0.0,1371.050505050505,25951.232988537067,1,0,0.8416798680829803,false
openjpa-lib/src/main/java/org/apache/openjpa/lib/xml/Location.java,40.0,3.0,8.0,8.0,10.0,15.0,56.0,struberg@13f79535-47bb-0310-9956-ffa450edef68,1,0.002008032128514056,50.0,0.0,0.0,50.0,1331.7113402061857,23219.435069725416,1,0,3.164067588373206,false
openjpa-persistence-jdbc/src/main/java/org/apache/openjpa/persistence/jdbc/XMLPersistenceMappingParser.java,1072.0,50.0,1917.0,66.0,444.0,238.0,56.0,null,1,0.002008032128514056,5.0,0.0,0.0,5.0,1331.7113402061857,23219.435069725416,1,2,3.164067588373206,true
openjpa-persistence-jdbc/src/test/java/org/apache/openjpa/conf/TestCacheMarshallerEndToEnd.java,79.0,11.0,1.0,2.0,23.0,6.0,0.0,pcl@13f79535-47bb-0310-9956-ffa450edef68,0,0.0,0.0,0.0,0.0,0.0,0.0,0.0,0,1,0.0,false
openjpa-persistence-jdbc/src/test/java/org/apache/openjpa/lib/conf/TestEquivalentConfiguration.java,249.0,15.0,6.0,20.0,102.0,55.0,0.0,ppoddar@13f79535-47bb-0310-9956-ffa450edef68,0,0.0,0.0,0.0,0.0,0.0,0.0,0.0,0,1,0.0,false
openjpa-persistence-jdbc/src/test/java/org/apache/openjpa/persistence/TestUnwrap.java,64.0,7.0,6.0,4.0,26.0,10.0,2.0,ppoddar@13f79535-47bb-0310-9956-ffa450edef68,1,0.002008032128514056,14.0,0.0,14.0,0.0,2315.433526011561,85705.87776926879,1,0,1.2769979393408257,false
openjpa-persistence-jdbc/src/test/java/org/apache/openjpa/persistence/batch/exception/Ent1.java,44.0,2.0,0.0,9.0,3.0,16.0,9.0,mikedd@13f79535-47bb-0310-9956-ffa450edef68,1,0.002008032128514056,100.0,0.0,100.0,0.0,1331.7113402061857,23219.435069725416,1,0,3.164067588373206,false
openjpa-persistence-jdbc/src/test/java/org/apache/openjpa/persistence/batch/exception/TestBatchLimitException.java,208.0,4.0,13.0,11.0,73.0,39.0,5.0,mikedd@13f79535-47bb-0310-9956-ffa450edef68,2,0.004016064257028112,50.0,0.0,50.0,0.0,2702.761845256691,49170.66805826248,2,0,1.3097265476681477,false
openjpa-persistence-jdbc/src/test/java/org/apache/openjpa/persistence/cache/jpa/AbstractCacheTestCase.java,47.0,16.0,9.0,6.0,30.0,16.0,0.0,mikedd@13f79535-47bb-0310-9956-ffa450edef68,0,0.0,0.0,0.0,0.0,0.0,0.0,0.0,0,0,0.0,false
openjpa-persistence-jdbc/src/test/java/org/apache/openjpa/persistence/cache/jpa/TestCacheModeAll.java,41.0,5.0,16.0,8.0,6.0,16.0,0.0,mikedd@13f79535-47bb-0310-9956-ffa450edef68,0,0.0,0.0,0.0,0.0,0.0,0.0,0.0,0,0,0.0,false
openjpa-persistence-jdbc/src/test/java/org/apache/openjpa/persistence/cache/jpa/TestCacheModeDisableSelective.java,41.0,11.0,16.0,8.0,6.0,16.0,0.0,mikedd@13f79535-47bb-0310-9956-ffa450edef68,0,0.0,0.0,0.0,0.0,0.0,0.0,0.0,0,0,0.0,false
openjpa-persistence-jdbc/src/test/java/org/apache/openjpa/persistence/cache/jpa/TestCacheModeEmpty.java,41.0,5.0,16.0,8.0,6.0,16.0,0.0,mikedd@13f79535-47bb-0310-9956-ffa450edef68,0,0.0,0.0,0.0,0.0,0.0,0.0,0.0,0,1,0.0,false
openjpa-persistence-jdbc/src/test/java/org/apache/openjpa/persistence/cache/jpa/TestCacheModeEnableSelective.java,41.0,11.0,16.0,8.0,6.0,16.0,0.0,mikedd@13f79535-47bb-0310-9956-ffa450edef68,0,0.0,0.0,0.0,0.0,0.0,0.0,0.0,0,0,0.0,false
openjpa-persistence-jdbc/src/test/java/org/apache/openjpa/persistence/cache/jpa/TestCacheModeInvalid.java,25.0,4.0,6.0,4.0,7.0,7.0,0.0,curtisr7@13f79535-47bb-0310-9956-ffa450edef68,0,0.0,0.0,0.0,0.0,0.0,0.0,0.0,0,0,0.0,false
openjpa-persistence-jdbc/src/test/java/org/apache/openjpa/persistence/cache/jpa/TestCacheModeNone.java,44.0,5.0,24.0,9.0,6.0,18.0,0.0,mikedd@13f79535-47bb-0310-9956-ffa450edef68,0,0.0,0.0,0.0,0.0,0.0,0.0,0.0,0,0,0.0,false
openjpa-persistence-jdbc/src/test/java/org/apache/openjpa/persistence/cache/jpa/TestCacheModeUnspecified.java,41.0,5.0,16.0,8.0,6.0,16.0,0.0,mikedd@13f79535-47bb-0310-9956-ffa450edef68,0,0.0,0.0,0.0,0.0,0.0,0.0,0.0,0,1,0.0,false
openjpa-persistence-jdbc/src/test/java/org/apache/openjpa/persistence/cache/jpa/TestPropertyCacheModeAll.java,43.0,7.0,16.0,8.0,7.0,16.0,0.0,mikedd@13f79535-47bb-0310-9956-ffa450edef68,0,0.0,0.0,0.0,0.0,0.0,0.0,0.0,0,0,0.0,false
openjpa-persistence-jdbc/src/test/java/org/apache/openjpa/persistence/cache/jpa/TestPropertyCacheModeDisableSelective.java,43.0,13.0,16.0,8.0,7.0,16.0,0.0,mikedd@13f79535-47bb-0310-9956-ffa450edef68,0,0.0,0.0,0.0,0.0,0.0,0.0,0.0,0,0,0.0,false
openjpa-persistence-jdbc/src/test/java/org/apache/openjpa/persistence/cache/jpa/TestPropertyCacheModeEnableSelective.java,43.0,13.0,16.0,8.0,7.0,16.0,0.0,mikedd@13f79535-47bb-0310-9956-ffa450edef68,0,0.0,0.0,0.0,0.0,0.0,0.0,0.0,0,0,0.0,false
openjpa-persistence-jdbc/src/test/java/org/apache/openjpa/persistence/cache/jpa/TestPropertyCacheModeInvalid.java,26.0,4.0,6.0,4.0,6.0,7.0,0.0,jrbauer@13f79535-47bb-0310-9956-ffa450edef68,0,0.0,0.0,0.0,0.0,0.0,0.0,0.0,0,0,0.0,false
openjpa-persistence-jdbc/src/test/java/org/apache/openjpa/persistence/cache/jpa/TestPropertyCacheModeNone.java,46.0,7.0,24.0,9.0,7.0,18.0,0.0,mikedd@13f79535-47bb-0310-9956-ffa450edef68,0,0.0,0.0,0.0,0.0,0.0,0.0,0.0,0,0,0.0,false
openjpa-persistence-jdbc/src/test/java/org/apache/openjpa/persistence/cache/jpa/TestPropertyCacheModeUnspecified.java,43.0,7.0,16.0,8.0,7.0,16.0,0.0,curtisr7@13f79535-47bb-0310-9956-ffa450edef68,0,0.0,0.0,0.0,0.0,0.0,0.0,0.0,0,0,0.0,false
openjpa-persistence-jdbc/src/test/java/org/apache/openjpa/persistence/callbacks/DuplicateListenerEntity.java,16.0,4.0,2.0,4.0,0.0,6.0,7.0,faywang@13f79535-47bb-0310-9956-ffa450edef68,1,0.002008032128514056,100.0,0.0,0.0,0.0,333.33333333333337,1158.3704712035628,1,0,3.0995290672356344,false
openjpa-persistence-jdbc/src/test/java/org/apache/openjpa/persistence/callbacks/TestEntityListeners.java,89.0,2.0,15.0,7.0,26.0,12.0,7.0,pcl@13f79535-47bb-0310-9956-ffa450edef68,1,0.002008032128514056,33.0,0.0,0.0,0.0,333.33333333333337,1158.3704712035628,1,1,3.0995290672356344,false
openjpa-persistence-jdbc/src/test/java/org/apache/openjpa/persistence/conf/Person.java,30.0,5.0,18.0,8.0,1.0,11.0,12.0,mikedd@13f79535-47bb-0310-9956-ffa450edef68,1,0.002008032128514056,67.0,33.0,0.0,0.0,1331.7113402061857,23219.435069725416,1,0,3.164067588373206,false
openjpa-persistence-jdbc/src/test/java/org/apache/openjpa/persistence/conf/TestSwitchConnection.java,66.0,7.0,11.0,6.0,27.0,9.0,8.0,mikedd@13f79535-47bb-0310-9956-ffa450edef68,1,0.002008032128514056,25.0,12.0,0.0,0.0,1331.7113402061857,23219.435069725416,1,0,3.164067588373206,false
openjpa-persistence-jdbc/src/test/java/org/apache/openjpa/persistence/criteria/TestDistinctCriteria.java,75.0,8.0,10.0,5.0,31.0,8.0,0.0,ppoddar@13f79535-47bb-0310-9956-ffa450edef68,0,0.0,0.0,0.0,0.0,0.0,0.0,0.0,0,0,0.0,false
openjpa-persistence-jdbc/src/test/java/org/apache/openjpa/persistence/criteria/TestJPQLSubquery.java,886.0,15.0,1770.0,60.0,686.0,61.0,4.0,ppoddar@13f79535-47bb-0310-9956-ffa450edef68,1,0.002008032128514056,6.0,0.0,0.0,0.0,101.6,232.59173142398762,1,3,3.9262076404201025,false
openjpa-persistence-jdbc/src/test/java/org/apache/openjpa/persistence/criteria/TestTypesafeCriteria.java,1082.0,28.0,5553.0,106.0,933.0,130.0,2.0,ppoddar@13f79535-47bb-0310-9956-ffa450edef68,2,0.004016064257028112,3.0,0.0,0.0,0.0,1472.650505050505,26183.824719961056,2,5,1.6907965736915962,false
openjpa-persistence-jdbc/src/test/java/org/apache/openjpa/persistence/datacache/TestBulkJPQLAndDataCache.java,64.0,7.0,0.0,4.0,52.0,5.0,0.0,struberg@13f79535-47bb-0310-9956-ffa450edef68,0,0.0,0.0,0.0,0.0,0.0,0.0,0.0,0,0,0.0,false
openjpa-persistence-jdbc/src/test/java/org/apache/openjpa/persistence/datacache/TestCacheExclusions.java,157.0,10.0,0.0,14.0,78.0,24.0,0.0,ppoddar@13f79535-47bb-0310-9956-ffa450edef68,0,0.0,0.0,0.0,0.0,0.0,0.0,0.0,0,1,0.0,false
openjpa-persistence-jdbc/src/test/java/org/apache/openjpa/persistence/datacache/TestClearableScheduler.java,79.0,11.0,10.0,5.0,23.0,12.0,5.0,curtisr7@13f79535-47bb-0310-9956-ffa450edef68,1,0.002008032128514056,50.0,0.0,17.0,17.0,663.0980392156863,4841.72441176149,1,0,2.406381886675689,false
openjpa-persistence-jdbc/src/test/java/org/apache/openjpa/persistence/datacache/TestJPACache.java,217.0,4.0,253.0,23.0,92.0,40.0,5.0,mikedd@13f79535-47bb-0310-9956-ffa450edef68,2,0.004016064257028112,40.0,0.0,0.0,0.0,1994.809379421872,28061.159481486906,2,1,2.092077556964502,false
openjpa-persistence-jdbc/src/test/java/org/apache/openjpa/persistence/datacache/TestPartitionedDataCache.java,83.0,9.0,10.0,5.0,30.0,6.0,0.0,curtisr7@13f79535-47bb-0310-9956-ffa450edef68,0,0.0,0.0,0.0,0.0,0.0,0.0,0.0,0,0,0.0,false
openjpa-persistence-jdbc/src/test/java/org/apache/openjpa/persistence/datacache/TestStatistics.java,91.0,7.0,21.0,10.0,46.0,18.0,0.0,curtisr7@13f79535-47bb-0310-9956-ffa450edef68,0,0.0,0.0,0.0,0.0,0.0,0.0,0.0,0,0,0.0,false
openjpa-persistence-jdbc/src/test/java/org/apache/openjpa/persistence/delimited/identifiers/noschema/EntityE.java,31.0,7.0,2.0,5.0,0.0,7.0,0.0,jrbauer@13f79535-47bb-0310-9956-ffa450edef68,0,0.0,0.0,0.0,0.0,0.0,0.0,0.0,0,3,0.0,false
openjpa-persistence-jdbc/src/test/java/org/apache/openjpa/persistence/delimited/identifiers/noschema/EntityF.java,121.0,16.0,174.0,21.0,4.0,29.0,0.0,jrbauer@13f79535-47bb-0310-9956-ffa450edef68,0,0.0,0.0,0.0,0.0,0.0,0.0,0.0,0,3,0.0,false
openjpa-persistence-jdbc/src/test/java/org/apache/openjpa/persistence/derivedid/EBigDecimalID.java,22.0,4.0,3.0,6.0,0.0,8.0,0.0,fancy@13f79535-47bb-0310-9956-ffa450edef68,0,0.0,0.0,0.0,0.0,0.0,0.0,0.0,0,0,0.0,false
openjpa-persistence-jdbc/src/test/java/org/apache/openjpa/persistence/derivedid/EBigIntegerID.java,22.0,3.0,3.0,6.0,0.0,8.0,0.0,fancy@13f79535-47bb-0310-9956-ffa450edef68,0,0.0,0.0,0.0,0.0,0.0,0.0,0.0,0,0,0.0,false
openjpa-persistence-jdbc/src/test/java/org/apache/openjpa/persistence/derivedid/EDBigDecimalID.java,22.0,3.0,3.0,6.0,1.0,8.0,0.0,fancy@13f79535-47bb-0310-9956-ffa450edef68,0,0.0,0.0,0.0,0.0,0.0,0.0,0.0,0,0,0.0,false
openjpa-persistence-jdbc/src/test/java/org/apache/openjpa/persistence/derivedid/EDBigIntegerID.java,22.0,3.0,3.0,6.0,1.0,8.0,0.0,fancy@13f79535-47bb-0310-9956-ffa450edef68,0,0.0,0.0,0.0,0.0,0.0,0.0,0.0,0,0,0.0,false
openjpa-persistence-jdbc/src/test/java/org/apache/openjpa/persistence/derivedid/EDDateID.java,22.0,3.0,3.0,6.0,1.0,8.0,0.0,fancy@13f79535-47bb-0310-9956-ffa450edef68,0,0.0,0.0,0.0,0.0,0.0,0.0,0.0,0,0,0.0,false
openjpa-persistence-jdbc/src/test/java/org/apache/openjpa/persistence/derivedid/EDSQLDateID.java,22.0,3.0,3.0,6.0,1.0,8.0,0.0,fancy@13f79535-47bb-0310-9956-ffa450edef68,0,0.0,0.0,0.0,0.0,0.0,0.0,0.0,0,0,0.0,false
openjpa-persistence-jdbc/src/test/java/org/apache/openjpa/persistence/derivedid/EDateID.java,22.0,3.0,3.0,6.0,0.0,8.0,0.0,fancy@13f79535-47bb-0310-9956-ffa450edef68,0,0.0,0.0,0.0,0.0,0.0,0.0,0.0,0,0,0.0,false
openjpa-persistence-jdbc/src/test/java/org/apache/openjpa/persistence/derivedid/ESQLDateID.java,22.0,3.0,3.0,6.0,0.0,8.0,0.0,fancy@13f79535-47bb-0310-9956-ffa450edef68,0,0.0,0.0,0.0,0.0,0.0,0.0,0.0,0,0,0.0,false
openjpa-persistence-jdbc/src/test/java/org/apache/openjpa/persistence/derivedid/TestDerivedIdentity.java,71.0,7.0,3.0,3.0,21.0,8.0,0.0,fancy@13f79535-47bb-0310-9956-ffa450edef68,0,0.0,0.0,0.0,0.0,0.0,0.0,0.0,0,1,0.0,false
openjpa-persistence-jdbc/src/test/java/org/apache/openjpa/persistence/detach/Entity20.java,48.0,10.0,36.0,12.0,2.0,17.0,4.0,dwoods@13f79535-47bb-0310-9956-ffa450edef68,1,0.002008032128514056,100.0,0.0,0.0,0.0,1371.050505050505,25951.232988537067,1,0,0.8416798680829803,false
openjpa-persistence-jdbc/src/test/java/org/apache/openjpa/persistence/detach/TestDetachNoProxy.java,185.0,10.0,0.0,9.0,97.0,24.0,4.0,dwoods@13f79535-47bb-0310-9956-ffa450edef68,1,0.002008032128514056,86.0,43.0,14.0,43.0,1371.050505050505,25951.232988537067,1,0,0.8416798680829803,false
openjpa-persistence-jdbc/src/test/java/org/apache/openjpa/persistence/detachment/TestDetach.java,137.0,12.0,0.0,11.0,94.0,19.0,9.0,jrbauer@13f79535-47bb-0310-9956-ffa450edef68,1,0.002008032128514056,12.0,12.0,0.0,0.0,663.0980392156863,4841.72441176149,1,2,2.406381886675689,false
openjpa-persistence-jdbc/src/test/java/org/apache/openjpa/persistence/detachment/TestDetachLite.java,23.0,5.0,1.0,2.0,13.0,4.0,9.0,curtisr7@13f79535-47bb-0310-9956-ffa450edef68,1,0.002008032128514056,25.0,25.0,0.0,0.0,663.0980392156863,4841.72441176149,1,0,2.406381886675689,false
openjpa-persistence-jdbc/src/test/java/org/apache/openjpa/persistence/detachment/TestDetachNoStateField.java,53.0,5.0,10.0,5.0,25.0,11.0,0.0,curtisr7@13f79535-47bb-0310-9956-ffa450edef68,0,0.0,0.0,0.0,0.0,0.0,0.0,0.0,0,3,0.0,false
openjpa-persistence-jdbc/src/test/java/org/apache/openjpa/persistence/detachment/model/DMCustomer.java,34.0,8.0,28.0,9.0,0.0,13.0,9.0,curtisr7@13f79535-47bb-0310-9956-ffa450edef68,1,0.002008032128514056,20.0,20.0,0.0,0.0,663.0980392156863,4841.72441176149,1,1,2.406381886675689,false
openjpa-persistence-jdbc/src/test/java/org/apache/openjpa/persistence/detachment/model/DMCustomerInventory.java,34.0,6.0,28.0,9.0,0.0,13.0,9.0,curtisr7@13f79535-47bb-0310-9956-ffa450edef68,1,0.002008032128514056,25.0,25.0,0.0,0.0,663.0980392156863,4841.72441176149,1,0,2.406381886675689,false
openjpa-persistence-jdbc/src/test/java/org/apache/openjpa/persistence/detachment/model/DMItem.java,25.0,3.0,9.0,6.0,0.0,9.0,9.0,curtisr7@13f79535-47bb-0310-9956-ffa450edef68,1,0.002008032128514056,33.0,33.0,0.0,0.0,663.0980392156863,4841.72441176149,1,0,2.406381886675689,false
openjpa-persistence-jdbc/src/test/java/org/apache/openjpa/persistence/discriminator/fetch/Employee.java,9.0,5.0,0.0,2.0,0.0,3.0,5.0,mikedd@13f79535-47bb-0310-9956-ffa450edef68,1,0.002008032128514056,100.0,0.0,0.0,0.0,1331.7113402061857,23219.435069725416,1,0,3.164067588373206,false
openjpa-persistence-jdbc/src/test/java/org/apache/openjpa/persistence/discriminator/fetch/Manager.java,9.0,6.0,0.0,2.0,0.0,3.0,5.0,mikedd@13f79535-47bb-0310-9956-ffa450edef68,1,0.002008032128514056,100.0,0.0,0.0,0.0,1331.7113402061857,23219.435069725416,1,0,3.164067588373206,false
openjpa-persistence-jdbc/src/test/java/org/apache/openjpa/persistence/discriminator/fetch/Person.java,9.0,6.0,0.0,2.0,0.0,3.0,12.0,mikedd@13f79535-47bb-0310-9956-ffa450edef68,1,0.002008032128514056,100.0,0.0,0.0,0.0,1331.7113402061857,23219.435069725416,1,0,3.164067588373206,false
openjpa-persistence-jdbc/src/test/java/org/apache/openjpa/persistence/discriminator/fetch/TestLazyFetch.java,65.0,6.0,0.0,4.0,42.0,8.0,5.0,mikedd@13f79535-47bb-0310-9956-ffa450edef68,1,0.002008032128514056,50.0,0.0,0.0,0.0,1331.7113402061857,23219.435069725416,1,0,3.164067588373206,false
openjpa-persistence-jdbc/src/test/java/org/apache/openjpa/persistence/embed/EntityA_Embed.java,30.0,8.0,20.0,8.0,0.0,12.0,0.0,faywang@13f79535-47bb-0310-9956-ffa450edef68,0,0.0,0.0,0.0,0.0,0.0,0.0,0.0,0,0,0.0,false
openjpa-persistence-jdbc/src/test/java/org/apache/openjpa/persistence/embed/TestEmbeddable.java,2100.0,29.0,12981.0,167.0,1130.0,283.0,2.0,faywang@13f79535-47bb-0310-9956-ffa450edef68,1,0.002008032128514056,2.0,0.0,2.0,0.0,333.33333333333337,1158.3704712035628,1,9,3.0995290672356344,true
openjpa-persistence-jdbc/src/test/java/org/apache/openjpa/persistence/embed/attrOverrides/TestAssocOverridesXML.java,78.0,12.0,6.0,4.0,29.0,14.0,0.0,faywang@13f79535-47bb-0310-9956-ffa450edef68,0,0.0,0.0,0.0,0.0,0.0,0.0,0.0,0,2,0.0,false
openjpa-persistence-jdbc/src/test/java/org/apache/openjpa/persistence/embed/attrOverrides/XMLAssocOverEmbedB.java,23.0,0.0,9.0,6.0,0.0,9.0,0.0,faywang@13f79535-47bb-0310-9956-ffa450edef68,0,0.0,0.0,0.0,0.0,0.0,0.0,0.0,0,1,0.0,false
openjpa-persistence-jdbc/src/test/java/org/apache/openjpa/persistence/embed/attrOverrides/XMLAssocOverEntityA.java,23.0,2.0,9.0,6.0,0.0,9.0,0.0,faywang@13f79535-47bb-0310-9956-ffa450edef68,0,0.0,0.0,0.0,0.0,0.0,0.0,0.0,0,1,0.0,false
openjpa-persistence-jdbc/src/test/java/org/apache/openjpa/persistence/enhance/identity/TestMappedById.java,703.0,12.0,1847.0,63.0,379.0,120.0,0.0,faywang@13f79535-47bb-0310-9956-ffa450edef68,0,0.0,0.0,0.0,0.0,0.0,0.0,0.0,0,7,0.0,false
openjpa-persistence-jdbc/src/test/java/org/apache/openjpa/persistence/generationtype/TestMultipleSchemaNames.java,304.0,16.0,10.0,5.0,83.0,14.0,0.0,null,0,0.0,0.0,0.0,0.0,0.0,0.0,0.0,0,2,0.0,false
openjpa-persistence-jdbc/src/test/java/org/apache/openjpa/persistence/identity/TypeEntity.java,8.0,3.0,0.0,0.0,0.0,0.0,0.0,ppoddar@13f79535-47bb-0310-9956-ffa450edef68,0,0.0,0.0,0.0,0.0,0.0,0.0,0.0,0,0,0.0,false
openjpa-persistence-jdbc/src/test/java/org/apache/openjpa/persistence/inheritance/TestJoinTableStrategy.java,43.0,7.0,3.0,3.0,19.0,3.0,6.0,mikedd@13f79535-47bb-0310-9956-ffa450edef68,1,0.002008032128514056,33.0,0.0,0.0,0.0,1331.7113402061857,23219.435069725416,1,1,3.164067588373206,false
openjpa-persistence-jdbc/src/test/java/org/apache/openjpa/persistence/inheritance/entity/Department.java,40.0,7.0,16.0,9.0,0.0,13.0,6.0,mikedd@13f79535-47bb-0310-9956-ffa450edef68,1,0.002008032128514056,50.0,0.0,0.0,0.0,1331.7113402061857,23219.435069725416,1,1,3.164067588373206,false
openjpa-persistence-jdbc/src/test/java/org/apache/openjpa/persistence/inheritance/entity/Employee.java,60.0,9.0,36.0,13.0,0.0,20.0,5.0,mikedd@13f79535-47bb-0310-9956-ffa450edef68,1,0.002008032128514056,50.0,0.0,0.0,0.0,1331.7113402061857,23219.435069725416,1,1,3.164067588373206,false
openjpa-persistence-jdbc/src/test/java/org/apache/openjpa/persistence/inheritance/entity/FTEmployee.java,14.0,2.0,0.0,2.0,0.0,3.0,6.0,mikedd@13f79535-47bb-0310-9956-ffa450edef68,1,0.002008032128514056,50.0,0.0,0.0,0.0,1331.7113402061857,23219.435069725416,1,1,3.164067588373206,false
openjpa-persistence-jdbc/src/test/java/org/apache/openjpa/persistence/inheritance/entity/Manager.java,15.0,4.0,1.0,2.0,0.0,4.0,5.0,mikedd@13f79535-47bb-0310-9956-ffa450edef68,1,0.002008032128514056,50.0,0.0,0.0,0.0,1331.7113402061857,23219.435069725416,1,1,3.164067588373206,false
openjpa-persistence-jdbc/src/test/java/org/apache/openjpa/persistence/inheritance/entity/PTEmployee.java,17.0,1.0,1.0,3.0,0.0,4.0,6.0,mikedd@13f79535-47bb-0310-9956-ffa450edef68,1,0.002008032128514056,50.0,0.0,0.0,0.0,1331.7113402061857,23219.435069725416,1,1,3.164067588373206,false
openjpa-persistence-jdbc/src/test/java/org/apache/openjpa/persistence/inheritance/jointable/Contractor.java,28.0,11.0,17.0,7.0,3.0,12.0,0.0,fancy@13f79535-47bb-0310-9956-ffa450edef68,0,0.0,0.0,0.0,0.0,0.0,0.0,0.0,0,0,0.0,false
openjpa-persistence-jdbc/src/test/java/org/apache/openjpa/persistence/inheritance/jointable/Department.java,35.0,12.0,37.0,10.0,1.0,14.0,6.0,fancy@13f79535-47bb-0310-9956-ffa450edef68,0,0.0,0.0,0.0,0.0,0.0,0.0,0.0,0,0,0.0,false
openjpa-persistence-jdbc/src/test/java/org/apache/openjpa/persistence/inheritance/jointable/Employee.java,12.0,5.0,1.0,3.0,0.0,4.0,5.0,fancy@13f79535-47bb-0310-9956-ffa450edef68,0,0.0,0.0,0.0,0.0,0.0,0.0,0.0,0,0,0.0,false
openjpa-persistence-jdbc/src/test/java/org/apache/openjpa/persistence/inheritance/jointable/Person.java,18.0,9.0,6.0,5.0,0.0,7.0,12.0,fancy@13f79535-47bb-0310-9956-ffa450edef68,0,0.0,0.0,0.0,0.0,0.0,0.0,0.0,0,0,0.0,false
openjpa-persistence-jdbc/src/test/java/org/apache/openjpa/persistence/inheritance/jointable/TestInheritanceTypeJoinedQuery.java,109.0,4.0,3.0,3.0,21.0,5.0,0.0,fancy@13f79535-47bb-0310-9956-ffa450edef68,0,0.0,0.0,0.0,0.0,0.0,0.0,0.0,0,0,0.0,false
openjpa-persistence-jdbc/src/test/java/org/apache/openjpa/persistence/jdbc/annotations/EmbedValue3.java,26.0,4.0,9.0,6.0,0.0,9.0,4.0,faywang@13f79535-47bb-0310-9956-ffa450edef68,1,0.002008032128514056,100.0,0.0,100.0,0.0,333.33333333333337,1158.3704712035628,1,0,3.0995290672356344,false
openjpa-persistence-jdbc/src/test/java/org/apache/openjpa/persistence/jdbc/annotations/NonstandardMappingEntity3.java,23.0,10.0,9.0,6.0,0.0,9.0,4.0,struberg@13f79535-47bb-0310-9956-ffa450edef68,1,0.002008032128514056,50.0,0.0,50.0,0.0,333.33333333333337,1158.3704712035628,1,0,3.0995290672356344,false
openjpa-persistence-jdbc/src/test/java/org/apache/openjpa/persistence/jdbc/annotations/NonstandardMappingEntity4.java,16.0,3.0,2.0,4.0,0.0,6.0,3.0,mikedd@13f79535-47bb-0310-9956-ffa450edef68,2,0.004016064257028112,100.0,0.0,50.0,0.0,1665.044673539519,24377.805540928977,2,0,2.4386511472444745,false
openjpa-persistence-jdbc/src/test/java/org/apache/openjpa/persistence/jdbc/annotations/NonstandardMappingMappedSuper4.java,9.0,5.0,0.0,2.0,0.0,3.0,3.0,struberg@13f79535-47bb-0310-9956-ffa450edef68,2,0.004016064257028112,67.0,0.0,33.0,0.0,1665.044673539519,24377.805540928977,2,0,2.4386511472444745,false
openjpa-persistence-jdbc/src/test/java/org/apache/openjpa/persistence/jdbc/annotations/PointHandler.java,42.0,7.0,6.0,4.0,3.0,11.0,56.0,pcl@13f79535-47bb-0310-9956-ffa450edef68,1,0.002008032128514056,40.0,0.0,0.0,40.0,1331.7113402061857,23219.435069725416,1,1,3.164067588373206,false
openjpa-persistence-jdbc/src/test/java/org/apache/openjpa/persistence/jdbc/annotations/TestNonstandardMappingAnnotations.java,251.0,14.0,2.0,17.0,200.0,19.0,3.0,faywang@13f79535-47bb-0310-9956-ffa450edef68,1,0.002008032128514056,38.0,0.0,25.0,0.0,333.33333333333337,1158.3704712035628,1,2,3.0995290672356344,false
openjpa-persistence-jdbc/src/test/java/org/apache/openjpa/persistence/jdbc/maps/spec_10_1_26_ex0/TestSpec10_1_26.java,286.0,14.0,356.0,28.0,152.0,55.0,2.0,fancy@13f79535-47bb-0310-9956-ffa450edef68,3,0.006024096385542169,43.0,0.0,0.0,0.0,405.20000000000005,1225.2451150473173,3,0,2.6993134114501833,false
openjpa-persistence-jdbc/src/test/java/org/apache/openjpa/persistence/jdbc/query/TestNativeQueryProcedures.java,285.0,12.0,0.0,6.0,104.0,29.0,0.0,kwsutter@13f79535-47bb-0310-9956-ffa450edef68,0,0.0,0.0,0.0,0.0,0.0,0.0,0.0,0,1,0.0,false
openjpa-persistence-jdbc/src/test/java/org/apache/openjpa/persistence/jdbc/query/TestTemporalTypeQueryParameterBinding.java,194.0,11.0,0.0,11.0,72.0,22.0,0.0,mikedd@13f79535-47bb-0310-9956-ffa450edef68,0,0.0,0.0,0.0,0.0,0.0,0.0,0.0,0,2,0.0,false
openjpa-persistence-jdbc/src/test/java/org/apache/openjpa/persistence/jdbc/query/cache/TestQueryDefaultEviction.java,24.0,2.0,3.0,3.0,8.0,8.0,0.0,kwsutter@13f79535-47bb-0310-9956-ffa450edef68,0,0.0,0.0,0.0,0.0,0.0,0.0,0.0,0,0,0.0,false
openjpa-persistence-jdbc/src/test/java/org/apache/openjpa/persistence/jdbc/query/cache/TestQueryTimestampEviction.java,43.0,6.0,10.0,5.0,21.0,14.0,0.0,null,0,0.0,0.0,0.0,0.0,0.0,0.0,0.0,0,2,0.0,false
openjpa-persistence-jdbc/src/test/java/org/apache/openjpa/persistence/jdbc/query/domain/TimeEntity.java,69.0,6.0,145.0,19.0,0.0,28.0,0.0,faywang@13f79535-47bb-0310-9956-ffa450edef68,0,0.0,0.0,0.0,0.0,0.0,0.0,0.0,0,1,0.0,false
openjpa-persistence-jdbc/src/test/java/org/apache/openjpa/persistence/jdbc/sqlcache/Book.java,34.0,7.0,14.0,8.0,3.0,12.0,28.0,ppoddar@13f79535-47bb-0310-9956-ffa450edef68,1,0.002008032128514056,20.0,0.0,0.0,0.0,2315.433526011561,85705.87776926879,1,2,1.2769979393408257,false
openjpa-persistence-jdbc/src/test/java/org/apache/openjpa/persistence/jdbc/sqlcache/OrderJPA.java,34.0,2.0,20.0,8.0,0.0,12.0,4.0,ppoddar@13f79535-47bb-0310-9956-ffa450edef68,1,0.002008032128514056,100.0,0.0,0.0,0.0,2315.433526011561,85705.87776926879,1,0,1.2769979393408257,false
openjpa-persistence-jdbc/src/test/java/org/apache/openjpa/persistence/jdbc/sqlcache/TestExternalizedParameter.java,55.0,10.0,3.0,6.0,32.0,13.0,3.0,ppoddar@13f79535-47bb-0310-9956-ffa450edef68,1,0.002008032128514056,100.0,0.0,0.0,0.0,2315.433526011561,85705.87776926879,1,0,1.2769979393408257,false
openjpa-persistence-jdbc/src/test/java/org/apache/openjpa/persistence/jdbc/sqlcache/TestPreparedQueryCache.java,829.0,27.0,786.0,65.0,361.0,108.0,2.0,ppoddar@13f79535-47bb-0310-9956-ffa450edef68,2,0.004016064257028112,17.0,0.0,3.0,0.0,2648.7668593448943,86864.24824047236,2,3,1.247994147010949,false
openjpa-persistence-jdbc/src/test/java/org/apache/openjpa/persistence/jdbc/update/NumericVersionedEntity.java,21.0,9.0,4.0,4.0,0.0,7.0,7.0,struberg@13f79535-47bb-0310-9956-ffa450edef68,1,0.002008032128514056,50.0,0.0,0.0,0.0,2315.433526011561,85705.87776926879,1,0,1.2769979393408257,false
openjpa-persistence-jdbc/src/test/java/org/apache/openjpa/persistence/jdbc/update/TestTimestampVersion.java,49.0,3.0,3.0,3.0,26.0,4.0,3.0,null,3,0.006024096385542169,50.0,0.0,33.0,0.0,3770.0840310620656,111713.01363434413,3,0,0.8718390630716855,false
openjpa-persistence-jdbc/src/test/java/org/apache/openjpa/persistence/jdbc/update/TimestampedEntity.java,21.0,6.0,4.0,4.0,0.0,7.0,4.0,curtisr7@13f79535-47bb-0310-9956-ffa450edef68,2,0.004016064257028112,50.0,0.0,25.0,0.0,2535.433526011561,86642.62827635385,2,0,1.7827983951800657,false
openjpa-persistence-jdbc/src/test/java/org/apache/openjpa/persistence/jpql/entities/IColumnEntity.java,6.0,1.0,6.0,4.0,0.0,4.0,0.0,dwoods@13f79535-47bb-0310-9956-ffa450edef68,0,0.0,0.0,0.0,0.0,0.0,0.0,0.0,0,0,0.0,false
openjpa-persistence-jdbc/src/test/java/org/apache/openjpa/persistence/jpql/entities/INameEntity.java,7.0,0.0,10.0,5.0,0.0,5.0,0.0,dwoods@13f79535-47bb-0310-9956-ffa450edef68,0,0.0,0.0,0.0,0.0,0.0,0.0,0.0,0,0,0.0,false
openjpa-persistence-jdbc/src/test/java/org/apache/openjpa/persistence/jpql/entities/IOrderedElements.java,10.0,1.0,28.0,8.0,0.0,8.0,0.0,dwoods@13f79535-47bb-0310-9956-ffa450edef68,0,0.0,0.0,0.0,0.0,0.0,0.0,0.0,0,0,0.0,false
openjpa-persistence-jdbc/src/test/java/org/apache/openjpa/persistence/jpql/entities/IOrderedEntity.java,10.0,1.0,28.0,8.0,0.0,8.0,0.0,dwoods@13f79535-47bb-0310-9956-ffa450edef68,0,0.0,0.0,0.0,0.0,0.0,0.0,0.0,0,0,0.0,false
openjpa-persistence-jdbc/src/test/java/org/apache/openjpa/persistence/jpql/entities/OrderedElementEntity.java,38.0,6.0,0.0,8.0,3.0,15.0,0.0,dwoods@13f79535-47bb-0310-9956-ffa450edef68,0,0.0,0.0,0.0,0.0,0.0,0.0,0.0,0,0,0.0,false
openjpa-persistence-jdbc/src/test/java/org/apache/openjpa/persistence/jpql/entities/OrderedManyToManyEntity.java,38.0,6.0,0.0,8.0,3.0,15.0,0.0,dwoods@13f79535-47bb-0310-9956-ffa450edef68,0,0.0,0.0,0.0,0.0,0.0,0.0,0.0,0,0,0.0,false
openjpa-persistence-jdbc/src/test/java/org/apache/openjpa/persistence/jpql/entities/OrderedNameEntity.java,45.0,6.0,21.0,11.0,3.0,18.0,0.0,dwoods@13f79535-47bb-0310-9956-ffa450edef68,0,0.0,0.0,0.0,0.0,0.0,0.0,0.0,0,0,0.0,false
openjpa-persistence-jdbc/src/test/java/org/apache/openjpa/persistence/jpql/entities/OrderedOneToManyEntity.java,38.0,6.0,0.0,8.0,3.0,15.0,0.0,dwoods@13f79535-47bb-0310-9956-ffa450edef68,0,0.0,0.0,0.0,0.0,0.0,0.0,0.0,0,0,0.0,false
openjpa-persistence-jdbc/src/test/java/org/apache/openjpa/persistence/jpql/entities/UnorderedNameEntity.java,25.0,2.0,0.0,7.0,1.0,10.0,0.0,dwoods@13f79535-47bb-0310-9956-ffa450edef68,0,0.0,0.0,0.0,0.0,0.0,0.0,0.0,0,0,0.0,false
openjpa-persistence-jdbc/src/test/java/org/apache/openjpa/persistence/jpql/entities/XMLOrderedElementEntity.java,38.0,2.0,0.0,8.0,3.0,15.0,0.0,dwoods@13f79535-47bb-0310-9956-ffa450edef68,0,0.0,0.0,0.0,0.0,0.0,0.0,0.0,0,0,0.0,false
openjpa-persistence-jdbc/src/test/java/org/apache/openjpa/persistence/jpql/entities/XMLOrderedManyToManyEntity.java,38.0,2.0,0.0,8.0,3.0,15.0,0.0,dwoods@13f79535-47bb-0310-9956-ffa450edef68,0,0.0,0.0,0.0,0.0,0.0,0.0,0.0,0,0,0.0,false
openjpa-persistence-jdbc/src/test/java/org/apache/openjpa/persistence/jpql/entities/XMLOrderedNameEntity.java,45.0,4.0,21.0,11.0,3.0,18.0,0.0,dwoods@13f79535-47bb-0310-9956-ffa450edef68,0,0.0,0.0,0.0,0.0,0.0,0.0,0.0,0,0,0.0,false
openjpa-persistence-jdbc/src/test/java/org/apache/openjpa/persistence/jpql/entities/XMLOrderedOneToManyEntity.java,38.0,2.0,0.0,8.0,3.0,15.0,0.0,dwoods@13f79535-47bb-0310-9956-ffa450edef68,0,0.0,0.0,0.0,0.0,0.0,0.0,0.0,0,0,0.0,false
openjpa-persistence-jdbc/src/test/java/org/apache/openjpa/persistence/jpql/entities/XMLUnorderedNameEntity.java,25.0,0.0,0.0,7.0,1.0,10.0,0.0,dwoods@13f79535-47bb-0310-9956-ffa450edef68,0,0.0,0.0,0.0,0.0,0.0,0.0,0.0,0,0,0.0,false
openjpa-persistence-jdbc/src/test/java/org/apache/openjpa/persistence/jpql/expressions/TestIndex.java,421.0,24.0,21.0,23.0,198.0,69.0,0.0,dwoods@13f79535-47bb-0310-9956-ffa450edef68,0,0.0,0.0,0.0,0.0,0.0,0.0,0.0,0,0,0.0,false
openjpa-persistence-jdbc/src/test/java/org/apache/openjpa/persistence/jpql/expressions/TestJPQLScalarExpressions.java,164.0,4.0,30.0,9.0,71.0,13.0,0.0,fancy@13f79535-47bb-0310-9956-ffa450edef68,0,0.0,0.0,0.0,0.0,0.0,0.0,0.0,0,5,0.0,false
openjpa-persistence-jdbc/src/test/java/org/apache/openjpa/persistence/meta/TestClassMetaData.java,235.0,15.0,9.0,14.0,74.0,18.0,3.0,curtisr7@13f79535-47bb-0310-9956-ffa450edef68,1,0.002008032128514056,20.0,0.0,0.0,0.0,663.0980392156863,4841.72441176149,1,0,2.406381886675689,false
openjpa-persistence-jdbc/src/test/java/org/apache/openjpa/persistence/proxy/TestDetachMerge.java,572.0,35.0,595.0,35.0,234.0,134.0,17.0,dwoods@13f79535-47bb-0310-9956-ffa450edef68,1,0.002008032128514056,60.0,60.0,40.0,20.0,1371.050505050505,25951.232988537067,1,0,0.8416798680829803,false
openjpa-persistence-jdbc/src/test/java/org/apache/openjpa/persistence/proxy/TestProxyCollection.java,127.0,4.0,105.0,15.0,50.0,35.0,4.0,mikedd@13f79535-47bb-0310-9956-ffa450edef68,1,0.002008032128514056,29.0,14.0,0.0,14.0,1371.050505050505,25951.232988537067,1,1,0.8416798680829803,false
openjpa-persistence-jdbc/src/test/java/org/apache/openjpa/persistence/proxy/entities/Address.java,45.0,3.0,54.0,12.0,0.0,18.0,18.0,dwoods@13f79535-47bb-0310-9956-ffa450edef68,1,0.002008032128514056,100.0,50.0,50.0,0.0,1371.050505050505,25951.232988537067,1,0,0.8416798680829803,false
openjpa-persistence-jdbc/src/test/java/org/apache/openjpa/persistence/proxy/entities/Annuity.java,61.0,17.0,91.0,15.0,2.0,26.0,36.0,curtisr7@13f79535-47bb-0310-9956-ffa450edef68,1,0.002008032128514056,50.0,50.0,50.0,0.0,1371.050505050505,25951.232988537067,1,0,0.8416798680829803,false
openjpa-persistence-jdbc/src/test/java/org/apache/openjpa/persistence/proxy/entities/AnnuityHolder.java,10.0,7.0,0.0,2.0,0.0,3.0,36.0,dwoods@13f79535-47bb-0310-9956-ffa450edef68,1,0.002008032128514056,100.0,100.0,100.0,0.0,1371.050505050505,25951.232988537067,1,0,0.8416798680829803,false
openjpa-persistence-jdbc/src/test/java/org/apache/openjpa/persistence/proxy/entities/AnnuityHolderCategory.java,0.0,0.0,0.0,0.0,0.0,0.0,36.0,dwoods@13f79535-47bb-0310-9956-ffa450edef68,1,0.002008032128514056,100.0,100.0,100.0,0.0,1371.050505050505,25951.232988537067,1,0,0.8416798680829803,false
openjpa-persistence-jdbc/src/test/java/org/apache/openjpa/persistence/proxy/entities/AnnuityPersistebleObject.java,34.0,6.0,28.0,9.0,1.0,13.0,36.0,dwoods@13f79535-47bb-0310-9956-ffa450edef68,1,0.002008032128514056,100.0,100.0,100.0,0.0,1371.050505050505,25951.232988537067,1,0,0.8416798680829803,false
openjpa-persistence-jdbc/src/test/java/org/apache/openjpa/persistence/proxy/entities/AnnuityType.java,0.0,0.0,0.0,0.0,0.0,0.0,36.0,dwoods@13f79535-47bb-0310-9956-ffa450edef68,1,0.002008032128514056,100.0,100.0,100.0,0.0,1371.050505050505,25951.232988537067,1,0,0.8416798680829803,false
openjpa-persistence-jdbc/src/test/java/org/apache/openjpa/persistence/proxy/entities/Configrable.java,4.0,1.0,1.0,2.0,0.0,2.0,36.0,dwoods@13f79535-47bb-0310-9956-ffa450edef68,1,0.002008032128514056,100.0,100.0,100.0,0.0,1371.050505050505,25951.232988537067,1,0,0.8416798680829803,false
openjpa-persistence-jdbc/src/test/java/org/apache/openjpa/persistence/proxy/entities/Contact.java,45.0,8.0,37.0,10.0,2.0,18.0,19.0,dwoods@13f79535-47bb-0310-9956-ffa450edef68,1,0.002008032128514056,100.0,50.0,50.0,0.0,1371.050505050505,25951.232988537067,1,0,0.8416798680829803,false
openjpa-persistence-jdbc/src/test/java/org/apache/openjpa/persistence/proxy/entities/ContactType.java,0.0,0.0,0.0,0.0,0.0,0.0,36.0,dwoods@13f79535-47bb-0310-9956-ffa450edef68,1,0.002008032128514056,100.0,100.0,100.0,0.0,1371.050505050505,25951.232988537067,1,0,0.8416798680829803,false
openjpa-persistence-jdbc/src/test/java/org/apache/openjpa/persistence/proxy/entities/EquityAnnuity.java,21.0,4.0,2.0,4.0,1.0,8.0,36.0,curtisr7@13f79535-47bb-0310-9956-ffa450edef68,1,0.002008032128514056,50.0,50.0,50.0,0.0,1371.050505050505,25951.232988537067,1,0,0.8416798680829803,false
openjpa-persistence-jdbc/src/test/java/org/apache/openjpa/persistence/proxy/entities/FixedAnnuity.java,14.0,4.0,0.0,2.0,1.0,5.0,36.0,dwoods@13f79535-47bb-0310-9956-ffa450edef68,1,0.002008032128514056,100.0,100.0,100.0,0.0,1371.050505050505,25951.232988537067,1,0,0.8416798680829803,false
openjpa-persistence-jdbc/src/test/java/org/apache/openjpa/persistence/proxy/entities/IAddress.java,14.0,1.0,66.0,12.0,0.0,12.0,36.0,dwoods@13f79535-47bb-0310-9956-ffa450edef68,1,0.002008032128514056,100.0,100.0,100.0,0.0,1371.050505050505,25951.232988537067,1,0,0.8416798680829803,false
openjpa-persistence-jdbc/src/test/java/org/apache/openjpa/persistence/proxy/entities/IAnnuity.java,16.0,1.0,91.0,14.0,0.0,14.0,36.0,curtisr7@13f79535-47bb-0310-9956-ffa450edef68,1,0.002008032128514056,50.0,50.0,50.0,0.0,1371.050505050505,25951.232988537067,1,0,0.8416798680829803,false
openjpa-persistence-jdbc/src/test/java/org/apache/openjpa/persistence/proxy/entities/IAnnuityHolder.java,4.0,0.0,1.0,2.0,0.0,2.0,36.0,dwoods@13f79535-47bb-0310-9956-ffa450edef68,1,0.002008032128514056,100.0,100.0,100.0,0.0,1371.050505050505,25951.232988537067,1,0,0.8416798680829803,false
openjpa-persistence-jdbc/src/test/java/org/apache/openjpa/persistence/proxy/entities/IAnnuityObject.java,4.0,1.0,1.0,2.0,0.0,2.0,36.0,dwoods@13f79535-47bb-0310-9956-ffa450edef68,1,0.002008032128514056,100.0,100.0,100.0,0.0,1371.050505050505,25951.232988537067,1,0,0.8416798680829803,false
openjpa-persistence-jdbc/src/test/java/org/apache/openjpa/persistence/proxy/entities/IContact.java,10.0,0.0,28.0,8.0,0.0,8.0,36.0,dwoods@13f79535-47bb-0310-9956-ffa450edef68,1,0.002008032128514056,100.0,100.0,100.0,0.0,1371.050505050505,25951.232988537067,1,0,0.8416798680829803,false
openjpa-persistence-jdbc/src/test/java/org/apache/openjpa/persistence/proxy/entities/IEquityAnnuity.java,6.0,0.0,6.0,4.0,0.0,4.0,36.0,dwoods@13f79535-47bb-0310-9956-ffa450edef68,1,0.002008032128514056,100.0,100.0,100.0,0.0,1371.050505050505,25951.232988537067,1,0,0.8416798680829803,false
openjpa-persistence-jdbc/src/test/java/org/apache/openjpa/persistence/proxy/entities/IFixedAnnuity.java,4.0,0.0,1.0,2.0,0.0,2.0,36.0,dwoods@13f79535-47bb-0310-9956-ffa450edef68,1,0.002008032128514056,100.0,100.0,100.0,0.0,1371.050505050505,25951.232988537067,1,0,0.8416798680829803,false
openjpa-persistence-jdbc/src/test/java/org/apache/openjpa/persistence/proxy/entities/IPayor.java,4.0,0.0,1.0,2.0,0.0,2.0,36.0,dwoods@13f79535-47bb-0310-9956-ffa450edef68,1,0.002008032128514056,100.0,100.0,100.0,0.0,1371.050505050505,25951.232988537067,1,0,0.8416798680829803,false
openjpa-persistence-jdbc/src/test/java/org/apache/openjpa/persistence/proxy/entities/IPayout.java,10.0,2.0,28.0,8.0,0.0,8.0,36.0,dwoods@13f79535-47bb-0310-9956-ffa450edef68,1,0.002008032128514056,100.0,100.0,100.0,0.0,1371.050505050505,25951.232988537067,1,0,0.8416798680829803,false
openjpa-persistence-jdbc/src/test/java/org/apache/openjpa/persistence/proxy/entities/IPersisteble.java,2.0,0.0,0.0,0.0,0.0,0.0,36.0,dwoods@13f79535-47bb-0310-9956-ffa450edef68,1,0.002008032128514056,100.0,100.0,100.0,0.0,1371.050505050505,25951.232988537067,1,0,0.8416798680829803,false
openjpa-persistence-jdbc/src/test/java/org/apache/openjpa/persistence/proxy/entities/IPerson.java,16.0,1.0,91.0,14.0,0.0,14.0,36.0,dwoods@13f79535-47bb-0310-9956-ffa450edef68,1,0.002008032128514056,100.0,100.0,100.0,0.0,1371.050505050505,25951.232988537067,1,0,0.8416798680829803,false
openjpa-persistence-jdbc/src/test/java/org/apache/openjpa/persistence/proxy/entities/IRider.java,8.0,1.0,15.0,6.0,0.0,6.0,36.0,dwoods@13f79535-47bb-0310-9956-ffa450edef68,1,0.002008032128514056,100.0,100.0,100.0,0.0,1371.050505050505,25951.232988537067,1,0,0.8416798680829803,false
openjpa-persistence-jdbc/src/test/java/org/apache/openjpa/persistence/proxy/entities/Identifiable.java,4.0,1.0,1.0,2.0,0.0,2.0,36.0,dwoods@13f79535-47bb-0310-9956-ffa450edef68,1,0.002008032128514056,100.0,100.0,100.0,0.0,1371.050505050505,25951.232988537067,1,0,0.8416798680829803,false
openjpa-persistence-jdbc/src/test/java/org/apache/openjpa/persistence/proxy/entities/JPAPersisteble.java,2.0,0.0,0.0,0.0,0.0,0.0,36.0,dwoods@13f79535-47bb-0310-9956-ffa450edef68,1,0.002008032128514056,100.0,100.0,100.0,0.0,1371.050505050505,25951.232988537067,1,0,0.8416798680829803,false
openjpa-persistence-jdbc/src/test/java/org/apache/openjpa/persistence/proxy/entities/Parameterizable.java,8.0,2.0,15.0,6.0,0.0,6.0,36.0,dwoods@13f79535-47bb-0310-9956-ffa450edef68,1,0.002008032128514056,100.0,100.0,100.0,0.0,1371.050505050505,25951.232988537067,1,0,0.8416798680829803,false
openjpa-persistence-jdbc/src/test/java/org/apache/openjpa/persistence/proxy/entities/Payor.java,10.0,3.0,0.0,2.0,0.0,3.0,36.0,dwoods@13f79535-47bb-0310-9956-ffa450edef68,1,0.002008032128514056,100.0,100.0,100.0,0.0,1371.050505050505,25951.232988537067,1,0,0.8416798680829803,false
openjpa-persistence-jdbc/src/test/java/org/apache/openjpa/persistence/proxy/entities/Payout.java,35.0,9.0,20.0,8.0,1.0,14.0,36.0,dwoods@13f79535-47bb-0310-9956-ffa450edef68,1,0.002008032128514056,100.0,100.0,100.0,0.0,1371.050505050505,25951.232988537067,1,0,0.8416798680829803,false
openjpa-persistence-jdbc/src/test/java/org/apache/openjpa/persistence/proxy/entities/Person.java,52.0,12.0,77.0,14.0,0.0,21.0,12.0,dwoods@13f79535-47bb-0310-9956-ffa450edef68,1,0.002008032128514056,100.0,50.0,50.0,0.0,1371.050505050505,25951.232988537067,1,0,0.8416798680829803,false
openjpa-persistence-jdbc/src/test/java/org/apache/openjpa/persistence/proxy/entities/Rider.java,24.0,6.0,9.0,6.0,0.0,9.0,19.0,dwoods@13f79535-47bb-0310-9956-ffa450edef68,1,0.002008032128514056,100.0,50.0,50.0,0.0,1371.050505050505,25951.232988537067,1,0,0.8416798680829803,false
openjpa-persistence-jdbc/src/test/java/org/apache/openjpa/persistence/proxy/entities/RiderType.java,0.0,0.0,0.0,0.0,0.0,0.0,36.0,dwoods@13f79535-47bb-0310-9956-ffa450edef68,1,0.002008032128514056,100.0,100.0,100.0,0.0,1371.050505050505,25951.232988537067,1,0,0.8416798680829803,false
openjpa-persistence-jdbc/src/test/java/org/apache/openjpa/persistence/proxy/entities/StringParameterizable.java,24.0,2.0,0.0,6.0,5.0,9.0,36.0,dwoods@13f79535-47bb-0310-9956-ffa450edef68,1,0.002008032128514056,100.0,100.0,100.0,0.0,1371.050505050505,25951.232988537067,1,0,0.8416798680829803,false
openjpa-persistence-jdbc/src/test/java/org/apache/openjpa/persistence/query/TestJDBCEscapeDate.java,42.0,7.0,1.0,2.0,19.0,3.0,1.0,faywang@13f79535-47bb-0310-9956-ffa450edef68,2,0.004016064257028112,33.0,0.0,22.0,0.0,1591.050505050505,26887.983495622124,2,0,1.149570147806906,false
openjpa-persistence-jdbc/src/test/java/org/apache/openjpa/persistence/query/TestQueryResultClassAPI.java,42.0,10.0,3.0,3.0,21.0,7.0,0.0,struberg@13f79535-47bb-0310-9956-ffa450edef68,0,0.0,0.0,0.0,0.0,0.0,0.0,0.0,0,0,0.0,false
openjpa-persistence-jdbc/src/test/java/org/apache/openjpa/persistence/query/TestTimeoutException.java,121.0,14.0,9.0,7.0,66.0,17.0,5.0,ppoddar@13f79535-47bb-0310-9956-ffa450edef68,2,0.004016064257028112,67.0,0.0,50.0,8.0,3686.4840310620657,111657.11075780586,2,0,0.3661917231519577,false
openjpa-persistence-jdbc/src/test/java/org/apache/openjpa/persistence/relations/TestIncompleteRelationship.java,30.0,5.0,1.0,2.0,13.0,3.0,0.0,mikedd@13f79535-47bb-0310-9956-ffa450edef68,0,0.0,0.0,0.0,0.0,0.0,0.0,0.0,0,0,0.0,false
openjpa-persistence-jdbc/src/test/java/org/apache/openjpa/persistence/relations/entity/IncompleteRelationshipChildEntity.java,98.0,5.0,0.0,8.0,4.0,18.0,0.0,mikedd@13f79535-47bb-0310-9956-ffa450edef68,0,0.0,0.0,0.0,0.0,0.0,0.0,0.0,0,0,0.0,false
openjpa-persistence-jdbc/src/test/java/org/apache/openjpa/persistence/relations/entity/IncompleteRelationshipParentEntity.java,105.0,11.0,13.0,10.0,4.0,21.0,0.0,mikedd@13f79535-47bb-0310-9956-ffa450edef68,0,0.0,0.0,0.0,0.0,0.0,0.0,0.0,0,0,0.0,false
openjpa-persistence-jdbc/src/test/java/org/apache/openjpa/persistence/relations/entity/IncompleteRelationshipSubclass.java,14.0,1.0,3.0,3.0,0.0,3.0,0.0,mikedd@13f79535-47bb-0310-9956-ffa450edef68,0,0.0,0.0,0.0,0.0,0.0,0.0,0.0,0,0,0.0,false
openjpa-persistence-jdbc/src/test/java/org/apache/openjpa/persistence/simple/TestRefresh.java,162.0,7.0,45.0,10.0,100.0,21.0,2.0,null,2,0.004016064257028112,40.0,0.0,20.0,20.0,303.6,992.6533836233297,2,1,3.0406375494074425,false
openjpa-persistence-jdbc/src/test/java/org/apache/openjpa/persistence/test/AbstractPersistenceTestCase.java,490.0,25.0,589.0,35.0,128.0,132.0,0.0,dwoods@13f79535-47bb-0310-9956-ffa450edef68,0,0.0,0.0,0.0,0.0,0.0,0.0,0.0,0,1,0.0,false
openjpa-persistence-jdbc/src/test/java/org/apache/openjpa/persistence/test/JPAEntityClassEnum.java,4.0,0.0,1.0,2.0,0.0,2.0,0.0,dwoods@13f79535-47bb-0310-9956-ffa450edef68,0,0.0,0.0,0.0,0.0,0.0,0.0,0.0,0,0,0.0,false
openjpa-persistence-jdbc/src/test/java/org/apache/openjpa/persistence/util/OneToEntity.java,23.0,7.0,9.0,6.0,0.0,9.0,0.0,jrbauer@13f79535-47bb-0310-9956-ffa450edef68,0,0.0,0.0,0.0,0.0,0.0,0.0,0.0,0,0,0.0,false
openjpa-persistence-jdbc/src/test/java/org/apache/openjpa/persistence/util/TestPersistenceUnitUtil.java,291.0,18.0,153.0,18.0,155.0,35.0,0.0,jrbauer@13f79535-47bb-0310-9956-ffa450edef68,0,0.0,0.0,0.0,0.0,0.0,0.0,0.0,0,1,0.0,false
openjpa-persistence-jdbc/src/test/java/org/apache/openjpa/persistence/util/ToManyEager.java,21.0,3.0,11.0,6.0,1.0,8.0,0.0,jrbauer@13f79535-47bb-0310-9956-ffa450edef68,0,0.0,0.0,0.0,0.0,0.0,0.0,0.0,0,0,0.0,false
openjpa-persistence-jdbc/src/test/java/org/apache/openjpa/persistence/util/ToManyLazy.java,21.0,3.0,11.0,6.0,1.0,8.0,0.0,jrbauer@13f79535-47bb-0310-9956-ffa450edef68,0,0.0,0.0,0.0,0.0,0.0,0.0,0.0,0,0,0.0,false
openjpa-persistence-jdbc/src/test/java/org/apache/openjpa/persistence/xml/TestSimpleXmlEntity.java,53.0,2.0,28.0,8.0,25.0,17.0,0.0,pcl@13f79535-47bb-0310-9956-ffa450edef68,0,0.0,0.0,0.0,0.0,0.0,0.0,0.0,0,1,0.0,false
openjpa-persistence-jdbc/src/test/java/org/apache/openjpa/persistence/xmlmapping/query/TestXMLCustomerOrder.java,234.0,18.0,115.0,19.0,145.0,36.0,0.0,null,0,0.0,0.0,0.0,0.0,0.0,0.0,0.0,0,4,0.0,false
openjpa-persistence-locking/src/test/java/org/apache/openjpa/persistence/lockmgr/TestMixedLockManagerRefreshException.java,33.0,2.0,6.0,4.0,5.0,6.0,3.0,allee8285@13f79535-47bb-0310-9956-ffa450edef68,1,0.002008032128514056,25.0,0.0,25.0,25.0,220.0,936.7505070850557,1,0,3.6748932121391964,false
openjpa-persistence-locking/src/test/java/org/apache/openjpa/persistence/lockmgr/TestPessimisticLocks.java,252.0,15.0,21.0,7.0,116.0,25.0,7.0,null,2,0.004016064257028112,31.0,0.0,23.0,0.0,2648.7668593448943,86864.24824047236,2,1,1.1702955766957197,false
openjpa-persistence/src/main/java/org/apache/openjpa/persistence/AnnotationPersistenceMetaDataParser.java,1238.0,100.0,2031.0,74.0,534.0,255.0,19.0,null,5,0.010040160642570281,10.0,3.0,0.0,4.0,4863.576238766766,115862.15822904432,5,6,0.999083482259407,true
openjpa-persistence/src/main/java/org/apache/openjpa/persistence/AnnotationPersistenceMetaDataSerializer.java,1022.0,46.0,2428.0,72.0,286.0,220.0,1.0,null,1,0.002008032128514056,6.0,0.0,0.0,0.0,1371.050505050505,25951.232988537067,1,0,0.8416798680829803,true
openjpa-persistence/src/main/java/org/apache/openjpa/persistence/EntityManagerFactoryImpl.java,224.0,26.0,76.0,32.0,72.0,77.0,9.0,null,1,0.002008032128514056,6.0,0.0,0.0,0.0,1331.7113402061857,23219.435069725416,1,2,3.164067588373206,false
openjpa-persistence/src/main/java/org/apache/openjpa/persistence/EntityManagerImpl.java,1306.0,67.0,0.0,225.0,617.0,447.0,3.0,ppoddar@13f79535-47bb-0310-9956-ffa450edef68,6,0.012048192771084338,12.0,1.0,4.0,3.0,4660.842905433433,114812.28614507204,6,5,1.0848609321961091,false
openjpa-persistence/src/main/java/org/apache/openjpa/persistence/JPAProperties.java,132.0,9.0,43.0,10.0,30.0,33.0,1.0,ppoddar@13f79535-47bb-0310-9956-ffa450edef68,2,0.004016064257028112,25.0,0.0,0.0,12.0,2362.433526011561,85758.4732799618,2,0,2.18826350328823,false
openjpa-persistence/src/main/java/org/apache/openjpa/persistence/LockTimeoutException.java,57.0,9.0,48.0,13.0,11.0,22.0,14.0,ppoddar@13f79535-47bb-0310-9956-ffa450edef68,1,0.002008032128514056,40.0,0.0,40.0,0.0,2315.433526011561,85705.87776926879,1,0,1.2769979393408257,false
openjpa-persistence/src/main/java/org/apache/openjpa/persistence/OpenJPAPersistenceUtil.java,196.0,14.0,66.0,12.0,54.0,48.0,0.0,null,0,0.0,0.0,0.0,0.0,0.0,0.0,0.0,0,3,0.0,false
openjpa-persistence/src/main/java/org/apache/openjpa/persistence/PersistenceExceptions.java,213.0,15.0,89.0,14.0,59.0,58.0,13.0,ppoddar@13f79535-47bb-0310-9956-ffa450edef68,1,0.002008032128514056,18.0,0.0,18.0,0.0,2315.433526011561,85705.87776926879,1,7,1.2769979393408257,false
openjpa-persistence/src/main/java/org/apache/openjpa/persistence/PersistenceMetaDataFactory.java,355.0,43.0,906.0,44.0,123.0,120.0,5.0,null,2,0.004016064257028112,8.0,0.0,0.0,0.0,2034.1485442661915,30792.957400298557,2,1,0.9308836968193893,false
openjpa-persistence/src/main/java/org/apache/openjpa/persistence/PersistenceProviderImpl.java,200.0,33.0,79.0,14.0,78.0,47.0,4.0,null,2,0.004016064257028112,4.0,0.0,0.0,4.0,2034.1485442661915,30792.957400298557,2,9,0.9308836968193893,true
openjpa-persistence/src/main/java/org/apache/openjpa/persistence/PessimisticLockException.java,57.0,9.0,48.0,13.0,11.0,22.0,14.0,ppoddar@13f79535-47bb-0310-9956-ffa450edef68,1,0.002008032128514056,40.0,0.0,40.0,0.0,2315.433526011561,85705.87776926879,1,0,1.2769979393408257,false
openjpa-persistence/src/main/java/org/apache/openjpa/persistence/QueryImpl.java,783.0,46.0,1574.0,88.0,302.0,270.0,13.0,ppoddar@13f79535-47bb-0310-9956-ffa450edef68,3,0.006024096385542169,12.0,1.0,4.0,1.0,3062.131565227247,90603.50505756855,3,7,0.9982659508020297,false
openjpa-persistence/src/main/java/org/apache/openjpa/persistence/QueryTimeoutException.java,61.0,10.0,59.0,14.0,11.0,23.0,14.0,ppoddar@13f79535-47bb-0310-9956-ffa450edef68,1,0.002008032128514056,33.0,0.0,33.0,0.0,2315.433526011561,85705.87776926879,1,0,1.2769979393408257,false
openjpa-persistence/src/main/java/org/apache/openjpa/persistence/RollbackException.java,56.0,8.0,69.0,14.0,9.0,24.0,9.0,struberg@13f79535-47bb-0310-9956-ffa450edef68,1,0.002008032128514056,33.0,0.0,33.0,0.0,1331.7113402061857,23219.435069725416,1,0,3.164067588373206,false
openjpa-persistence/src/main/java/org/apache/openjpa/persistence/XMLPersistenceMetaDataParser.java,1497.0,53.0,6616.0,120.0,570.0,390.0,19.0,null,5,0.010040160642570281,10.0,3.0,0.0,3.0,4863.576238766766,115862.15822904432,5,2,1.191933835380862,false
openjpa-persistence/src/main/java/org/apache/openjpa/persistence/criteria/CriteriaQueryImpl.java,500.0,33.0,1584.0,61.0,136.0,174.0,3.0,ppoddar@13f79535-47bb-0310-9956-ffa450edef68,1,0.002008032128514056,4.0,2.0,0.0,0.0,2315.433526011561,85705.87776926879,1,2,1.2769979393408257,true
openjpa-persistence/src/main/java/org/apache/openjpa/persistence/meta/Members.java,224.0,13.0,0.0,0.0,0.0,0.0,1.0,ppoddar@13f79535-47bb-0310-9956-ffa450edef68,2,0.004016064257028112,15.0,0.0,8.0,0.0,2648.7668593448943,86864.24824047236,2,0,1.4951163227282844,false
openjpa-persistence/src/main/java/org/apache/openjpa/persistence/meta/MetamodelImpl.java,288.0,36.0,190.0,24.0,78.0,84.0,0.0,ppoddar@13f79535-47bb-0310-9956-ffa450edef68,0,0.0,0.0,0.0,0.0,0.0,0.0,0.0,0,1,0.0,true
openjpa-persistence/src/main/java/org/apache/openjpa/persistence/osgi/BundleDelegatingClassLoader.java,19.0,4.0,0.0,4.0,3.0,9.0,7.0,curtisr7@13f79535-47bb-0310-9956-ffa450edef68,1,0.002008032128514056,33.0,0.0,0.0,33.0,1371.050505050505,25951.232988537067,1,0,0.8416798680829803,false
openjpa-persistence/src/main/java/org/apache/openjpa/persistence/osgi/BundleUtils.java,33.0,0.0,1.0,2.0,5.0,10.0,7.0,curtisr7@13f79535-47bb-0310-9956-ffa450edef68,1,0.002008032128514056,33.0,0.0,0.0,33.0,1371.050505050505,25951.232988537067,1,0,0.8416798680829803,false
openjpa-persistence/src/main/java/org/apache/openjpa/persistence/osgi/PersistenceActivator.java,33.0,7.0,0.0,3.0,4.0,8.0,7.0,mikedd@13f79535-47bb-0310-9956-ffa450edef68,1,0.002008032128514056,33.0,0.0,0.0,33.0,1371.050505050505,25951.232988537067,1,0,0.8416798680829803,false
openjpa-xmlstore/src/main/java/org/apache/openjpa/xmlstore/ObjectData.java,217.0,18.0,24.0,16.0,73.0,57.0,56.0,mikedd@13f79535-47bb-0310-9956-ffa450edef68,1,0.002008032128514056,33.0,0.0,0.0,33.0,1331.7113402061857,23219.435069725416,1,0,3.164067588373206,false
openjpa-xmlstore/src/main/java/org/apache/openjpa/xmlstore/XMLStoreManager.java,125.0,16.0,0.0,13.0,51.0,34.0,43.0,joes@13f79535-47bb-0310-9956-ffa450edef68,1,0.002008032128514056,75.0,0.0,0.0,50.0,1331.7113402061857,23219.435069725416,1,0,3.164067588373206,false
