name,LOC,CBO,LCOM,NOM,RFC,WMC,ACS,Ownership,numOfChanges,numberOfFIChanges,ENH,NF,BugFixing,REF,structuralWorkloadSum,semanticWorkloadSum,numberOfDeveloper,pastFaults,MAF,isBuggy
openjpa-examples/jest/src/main/java/demo/Actor.java,50.0,10.0,41.0,11.0,1.0,19.0,9.0,ppoddar@13f79535-47bb-0310-9956-ffa450edef68,1,0.00625,100.0,0.0,0.0,0.0,488.2790697674419,5138.5239921729635,1,0,1.7303905228517629,false
openjpa-examples/jest/src/main/java/demo/DataLoader.java,65.0,2.0,10.0,5.0,15.0,16.0,12.0,ppoddar@13f79535-47bb-0310-9956-ffa450edef68,1,0.00625,100.0,0.0,0.0,0.0,488.2790697674419,5138.5239921729635,1,0,1.7303905228517629,false
openjpa-examples/jest/src/main/java/demo/Movie.java,33.0,9.0,13.0,7.0,1.0,12.0,9.0,ppoddar@13f79535-47bb-0310-9956-ffa450edef68,1,0.00625,100.0,0.0,0.0,0.0,488.2790697674419,5138.5239921729635,1,0,1.7303905228517629,false
openjpa-examples/jest/src/main/java/demo/SimpleApp.java,38.0,19.0,1.0,3.0,13.0,8.0,10.0,ppoddar@13f79535-47bb-0310-9956-ffa450edef68,1,0.00625,100.0,0.0,0.0,0.0,488.2790697674419,5138.5239921729635,1,0,1.7303905228517629,false
openjpa-integration/daytrader/src/test/java/org/apache/openjpa/integration/daytrader/OrderDataBean.java,167.0,21.0,571.0,39.0,56.0,69.0,0.0,dwoods@13f79535-47bb-0310-9956-ffa450edef68,0,0.0,0.0,0.0,0.0,0.0,0.0,0.0,0,0,0.0,false
openjpa-integration/daytrader/src/test/java/org/apache/openjpa/integration/daytrader/TestDaytrader.java,46.0,18.0,0.0,3.0,14.0,7.0,0.0,curtisr7@13f79535-47bb-0310-9956-ffa450edef68,0,0.0,0.0,0.0,0.0,0.0,0.0,0.0,0,0,0.0,false
openjpa-integration/daytrader/src/test/java/org/apache/openjpa/integration/daytrader/TradeAction.java,280.0,7.0,78.0,13.0,51.0,59.0,0.0,curtisr7@13f79535-47bb-0310-9956-ffa450edef68,0,0.0,0.0,0.0,0.0,0.0,0.0,0.0,0,0,0.0,false
openjpa-integration/daytrader/src/test/java/org/apache/openjpa/integration/daytrader/TradeBuildDB.java,67.0,12.0,0.0,4.0,20.0,13.0,0.0,struberg@13f79535-47bb-0310-9956-ffa450edef68,0,0.0,0.0,0.0,0.0,0.0,0.0,0.0,0,0,0.0,false
openjpa-integration/daytrader/src/test/java/org/apache/openjpa/integration/daytrader/TradeConfig.java,610.0,4.0,2031.0,66.0,51.0,135.0,0.0,dwoods@13f79535-47bb-0310-9956-ffa450edef68,0,0.0,0.0,0.0,0.0,0.0,0.0,0.0,0,0,0.0,false
openjpa-integration/daytrader/src/test/java/org/apache/openjpa/integration/daytrader/TradeJPADirect.java,584.0,22.0,0.0,33.0,315.0,131.0,0.0,curtisr7@13f79535-47bb-0310-9956-ffa450edef68,0,0.0,0.0,0.0,0.0,0.0,0.0,0.0,0,0,0.0,false
openjpa-integration/daytrader/src/test/java/org/apache/openjpa/integration/daytrader/TradeScenario.java,170.0,3.0,0.0,5.0,51.0,23.0,0.0,struberg@13f79535-47bb-0310-9956-ffa450edef68,0,0.0,0.0,0.0,0.0,0.0,0.0,0.0,0,0,0.0,false
openjpa-integration/jmx/src/test/java/org/apache/openjpa/integration/jmx/TestJMXPlatformMBeans.java,249.0,24.0,3.0,3.0,95.0,9.0,0.0,curtisr7@13f79535-47bb-0310-9956-ffa450edef68,0,0.0,0.0,0.0,0.0,0.0,0.0,0.0,0,2,0.0,false
openjpa-integration/validation/src/test/java/org/apache/openjpa/integration/validation/TestConstraints.java,863.0,10.0,0.0,32.0,463.0,91.0,0.0,dwoods@13f79535-47bb-0310-9956-ffa450edef68,0,0.0,0.0,0.0,0.0,0.0,0.0,0.0,0,6,0.0,false
openjpa-integration/validation/src/test/java/org/apache/openjpa/integration/validation/TestMappedSuper.java,47.0,8.0,1.0,2.0,23.0,10.0,0.0,mikedd@13f79535-47bb-0310-9956-ffa450edef68,0,0.0,0.0,0.0,0.0,0.0,0.0,0.0,0,3,0.0,false
openjpa-integration/validation/src/test/java/org/apache/openjpa/integration/validation/TestValidationGroups.java,450.0,11.0,153.0,18.0,135.0,60.0,0.0,jrbauer@13f79535-47bb-0310-9956-ffa450edef68,0,0.0,0.0,0.0,0.0,0.0,0.0,0.0,0,2,0.0,false
openjpa-jdbc/src/main/java/org/apache/openjpa/jdbc/conf/JDBCConfigurationImpl.java,618.0,38.0,3393.0,87.0,190.0,182.0,0.0,null,0,0.0,0.0,0.0,0.0,0.0,0.0,0.0,0,1,0.0,false
openjpa-jdbc/src/main/java/org/apache/openjpa/jdbc/kernel/JDBCFetchConfigurationImpl.java,261.0,26.0,0.0,34.0,101.0,112.0,0.0,curtisr7@13f79535-47bb-0310-9956-ffa450edef68,0,0.0,0.0,0.0,0.0,0.0,0.0,0.0,0,1,0.0,false
openjpa-jdbc/src/main/java/org/apache/openjpa/jdbc/kernel/JDBCStoreManager.java,1240.0,69.0,2807.0,83.0,422.0,289.0,0.0,null,0,0.0,0.0,0.0,0.0,0.0,0.0,0.0,0,11,0.0,false
openjpa-jdbc/src/main/java/org/apache/openjpa/jdbc/kernel/JDBCStoreQuery.java,700.0,57.0,1183.0,51.0,251.0,187.0,0.0,null,0,0.0,0.0,0.0,0.0,0.0,0.0,0.0,0,7,0.0,false
openjpa-jdbc/src/main/java/org/apache/openjpa/jdbc/kernel/PessimisticLockManager.java,140.0,23.0,36.0,13.0,66.0,39.0,0.0,null,0,0.0,0.0,0.0,0.0,0.0,0.0,0.0,0,5,0.0,false
openjpa-jdbc/src/main/java/org/apache/openjpa/jdbc/kernel/PreparedQueryCacheImpl.java,330.0,21.0,238.0,28.0,90.0,79.0,0.0,ppoddar@13f79535-47bb-0310-9956-ffa450edef68,0,0.0,0.0,0.0,0.0,0.0,0.0,0.0,0,1,0.0,false
openjpa-jdbc/src/main/java/org/apache/openjpa/jdbc/kernel/PreparedQueryImpl.java,295.0,33.0,236.0,25.0,90.0,80.0,1.0,ppoddar@13f79535-47bb-0310-9956-ffa450edef68,1,0.00625,3.0,0.0,0.0,0.0,488.2790697674419,5138.5239921729635,1,2,1.7303905228517629,false
openjpa-jdbc/src/main/java/org/apache/openjpa/jdbc/kernel/PreparedSQLStoreQuery.java,101.0,22.0,4.0,4.0,1.0,9.0,0.0,ppoddar@13f79535-47bb-0310-9956-ffa450edef68,0,0.0,0.0,0.0,0.0,0.0,0.0,0.0,0,1,0.0,false
openjpa-jdbc/src/main/java/org/apache/openjpa/jdbc/kernel/exps/Param.java,94.0,10.0,73.0,14.0,29.0,32.0,2.0,fancy@13f79535-47bb-0310-9956-ffa450edef68,1,0.00625,7.0,0.0,0.0,7.0,488.2790697674419,5138.5239921729635,1,2,1.7303905228517629,false
openjpa-jdbc/src/main/java/org/apache/openjpa/jdbc/meta/ClassMappingInfo.java,383.0,24.0,1236.0,53.0,143.0,146.0,0.0,null,0,0.0,0.0,0.0,0.0,0.0,0.0,0.0,0,1,0.0,false
openjpa-jdbc/src/main/java/org/apache/openjpa/jdbc/meta/DiscriminatorMappingInfo.java,80.0,10.0,0.0,8.0,41.0,23.0,0.0,mprudhom@13f79535-47bb-0310-9956-ffa450edef68,0,0.0,0.0,0.0,0.0,0.0,0.0,0.0,0,2,0.0,false
openjpa-jdbc/src/main/java/org/apache/openjpa/jdbc/meta/JavaSQLTypes.java,122.0,5.0,3.0,3.0,0.0,11.0,0.0,mikedd@13f79535-47bb-0310-9956-ffa450edef68,0,0.0,0.0,0.0,0.0,0.0,0.0,0.0,0,0,0.0,false
openjpa-jdbc/src/main/java/org/apache/openjpa/jdbc/meta/MappingDefaultsImpl.java,611.0,23.0,5031.0,103.0,151.0,270.0,0.0,null,0,0.0,0.0,0.0,0.0,0.0,0.0,0.0,0,3,0.0,false
openjpa-jdbc/src/main/java/org/apache/openjpa/jdbc/meta/MappingInfo.java,1246.0,28.0,1096.0,60.0,391.0,235.0,0.0,null,0,0.0,0.0,0.0,0.0,0.0,0.0,0.0,0,5,0.0,false
openjpa-jdbc/src/main/java/org/apache/openjpa/jdbc/meta/MappingRepository.java,1025.0,74.0,3226.0,84.0,391.0,317.0,0.0,null,0,0.0,0.0,0.0,0.0,0.0,0.0,0.0,0,4,0.0,true
openjpa-jdbc/src/main/java/org/apache/openjpa/jdbc/meta/QueryResultMapping.java,458.0,19.0,238.0,24.0,6.0,48.0,0.0,null,0,0.0,0.0,0.0,0.0,0.0,0.0,0.0,0,2,0.0,false
openjpa-jdbc/src/main/java/org/apache/openjpa/jdbc/meta/strats/ContainerFieldStrategy.java,71.0,9.0,55.0,11.0,32.0,20.0,0.0,fancy@13f79535-47bb-0310-9956-ffa450edef68,0,0.0,0.0,0.0,0.0,0.0,0.0,0.0,0,0,0.0,false
openjpa-jdbc/src/main/java/org/apache/openjpa/jdbc/meta/strats/EmbedValueHandler.java,197.0,21.0,45.0,10.0,73.0,38.0,0.0,faywang@13f79535-47bb-0310-9956-ffa450edef68,0,0.0,0.0,0.0,0.0,0.0,0.0,0.0,0,4,0.0,false
openjpa-jdbc/src/main/java/org/apache/openjpa/jdbc/meta/strats/EnumValueHandler.java,61.0,11.0,1.0,7.0,25.0,21.0,0.0,null,0,0.0,0.0,0.0,0.0,0.0,0.0,0.0,0,1,0.0,false
openjpa-jdbc/src/main/java/org/apache/openjpa/jdbc/meta/strats/HandlerFieldStrategy.java,227.0,25.0,72.0,28.0,126.0,98.0,0.0,null,0,0.0,0.0,0.0,0.0,0.0,0.0,0.0,0,1,0.0,false
openjpa-jdbc/src/main/java/org/apache/openjpa/jdbc/meta/strats/MapTableFieldStrategy.java,181.0,27.0,229.0,22.0,93.0,67.0,0.0,faywang@13f79535-47bb-0310-9956-ffa450edef68,0,0.0,0.0,0.0,0.0,0.0,0.0,0.0,0,0,0.0,false
openjpa-jdbc/src/main/java/org/apache/openjpa/jdbc/meta/strats/MaxEmbeddedBlobFieldStrategy.java,59.0,11.0,9.0,7.0,29.0,22.0,0.0,null,0,0.0,0.0,0.0,0.0,0.0,0.0,0.0,0,2,0.0,false
openjpa-jdbc/src/main/java/org/apache/openjpa/jdbc/meta/strats/MaxEmbeddedByteArrayFieldStrategy.java,42.0,14.0,22.0,8.0,22.0,23.0,0.0,null,0,0.0,0.0,0.0,0.0,0.0,0.0,0.0,0,2,0.0,false
openjpa-jdbc/src/main/java/org/apache/openjpa/jdbc/meta/strats/MaxEmbeddedCharArrayFieldStrategy.java,51.0,18.0,16.0,8.0,27.0,26.0,0.0,struberg@13f79535-47bb-0310-9956-ffa450edef68,0,0.0,0.0,0.0,0.0,0.0,0.0,0.0,0,1,0.0,false
openjpa-jdbc/src/main/java/org/apache/openjpa/jdbc/meta/strats/MaxEmbeddedClobFieldStrategy.java,41.0,10.0,15.0,7.0,20.0,19.0,0.0,null,0,0.0,0.0,0.0,0.0,0.0,0.0,0.0,0,2,0.0,false
openjpa-jdbc/src/main/java/org/apache/openjpa/jdbc/meta/strats/MaxEmbeddedLobFieldStrategy.java,151.0,19.0,231.0,22.0,83.0,57.0,0.0,jrbauer@13f79535-47bb-0310-9956-ffa450edef68,0,0.0,0.0,0.0,0.0,0.0,0.0,0.0,0,1,0.0,false
openjpa-jdbc/src/main/java/org/apache/openjpa/jdbc/meta/strats/PrimitiveWrapperArrays.java,54.0,1.0,6.0,4.0,8.0,16.0,0.0,curtisr7@13f79535-47bb-0310-9956-ffa450edef68,0,0.0,0.0,0.0,0.0,0.0,0.0,0.0,0,0,0.0,false
openjpa-jdbc/src/main/java/org/apache/openjpa/jdbc/meta/strats/StoreCollectionFieldStrategy.java,356.0,30.0,406.0,29.0,198.0,97.0,0.0,null,0,0.0,0.0,0.0,0.0,0.0,0.0,0.0,0,1,0.0,false
openjpa-jdbc/src/main/java/org/apache/openjpa/jdbc/schema/Column.java,732.0,15.0,3201.0,82.0,136.0,218.0,0.0,null,0,0.0,0.0,0.0,0.0,0.0,0.0,0.0,0,0,0.0,false
openjpa-jdbc/src/main/java/org/apache/openjpa/jdbc/schema/DBCPDriverDataSource.java,218.0,11.0,108.0,16.0,61.0,65.0,0.0,dwoods@13f79535-47bb-0310-9956-ffa450edef68,0,0.0,0.0,0.0,0.0,0.0,0.0,0.0,0,3,0.0,false
openjpa-jdbc/src/main/java/org/apache/openjpa/jdbc/schema/DynamicSchemaFactory.java,131.0,8.0,76.0,13.0,14.0,29.0,0.0,null,0,0.0,0.0,0.0,0.0,0.0,0.0,0.0,0,1,0.0,false
openjpa-jdbc/src/main/java/org/apache/openjpa/jdbc/schema/SchemaGenerator.java,675.0,23.0,651.0,42.0,265.0,160.0,4.0,jrbauer@13f79535-47bb-0310-9956-ffa450edef68,1,0.00625,6.0,0.0,6.0,0.0,421.7647058823529,2504.903171355728,1,1,1.7303905228517629,false
openjpa-jdbc/src/main/java/org/apache/openjpa/jdbc/schema/SchemaTool.java,987.0,34.0,1612.0,65.0,299.0,225.0,0.0,null,0,0.0,0.0,0.0,0.0,0.0,0.0,0.0,0,4,0.0,true
openjpa-jdbc/src/main/java/org/apache/openjpa/jdbc/schema/Table.java,695.0,15.0,3280.0,84.0,241.0,265.0,0.0,null,0,0.0,0.0,0.0,0.0,0.0,0.0,0.0,0,2,0.0,false
openjpa-jdbc/src/main/java/org/apache/openjpa/jdbc/sql/AbstractSQLServerDictionary.java,87.0,10.0,21.0,7.0,20.0,21.0,0.0,null,0,0.0,0.0,0.0,0.0,0.0,0.0,0.0,0,1,0.0,false
openjpa-jdbc/src/main/java/org/apache/openjpa/jdbc/sql/DB2Dictionary.java,697.0,36.0,1080.0,49.0,190.0,170.0,2.0,null,3,0.01875,6.0,1.0,0.0,0.0,481.53246753246754,1225.6292000112996,3,18,0.7821472401331679,true
openjpa-jdbc/src/main/java/org/apache/openjpa/jdbc/sql/DBDictionary.java,3722.0,105.0,45458.0,304.0,1091.0,1125.0,5.0,null,2,0.0125,1.0,0.0,1.0,0.0,461.1932773109244,2568.6876077535944,2,24,1.2054794606024237,true
openjpa-jdbc/src/main/java/org/apache/openjpa/jdbc/sql/DBDictionaryFactory.java,174.0,16.0,21.0,7.0,171.0,34.0,0.0,null,0,0.0,0.0,0.0,0.0,0.0,0.0,0.0,0,1,0.0,true
openjpa-jdbc/src/main/java/org/apache/openjpa/jdbc/sql/HSQLDictionary.java,223.0,18.0,241.0,23.0,62.0,81.0,3.0,null,1,0.00625,7.0,7.0,7.0,0.0,39.42857142857143,63.78443639786661,1,2,2.0668627594729756,true
openjpa-jdbc/src/main/java/org/apache/openjpa/jdbc/sql/LogicalUnion.java,690.0,21.0,35.0,31.0,35.0,76.0,0.0,null,0,0.0,0.0,0.0,0.0,0.0,0.0,0.0,0,2,0.0,false
openjpa-jdbc/src/main/java/org/apache/openjpa/jdbc/sql/MaxDBDictionary.java,5.0,0.0,0.0,0.0,0.0,0.0,0.0,mtylenda@13f79535-47bb-0310-9956-ffa450edef68,0,0.0,0.0,0.0,0.0,0.0,0.0,0.0,0,1,0.0,false
openjpa-jdbc/src/main/java/org/apache/openjpa/jdbc/sql/MySQLDictionary.java,271.0,23.0,229.0,22.0,78.0,86.0,0.0,null,0,0.0,0.0,0.0,0.0,0.0,0.0,0.0,0,9,0.0,true
openjpa-jdbc/src/main/java/org/apache/openjpa/jdbc/sql/OracleDictionary.java,818.0,41.0,1625.0,59.0,325.0,266.0,3.0,null,2,0.0125,4.0,0.0,0.0,0.0,347.24675324675326,1061.9641664202052,2,10,0.9794868987308952,true
openjpa-jdbc/src/main/java/org/apache/openjpa/jdbc/sql/RowManagerImpl.java,203.0,10.0,83.0,15.0,27.0,55.0,0.0,mikedd@13f79535-47bb-0310-9956-ffa450edef68,0,0.0,0.0,0.0,0.0,0.0,0.0,0.0,0,2,0.0,false
openjpa-jdbc/src/main/java/org/apache/openjpa/jdbc/sql/SQLBuffer.java,512.0,19.0,1000.0,53.0,120.0,149.0,1.0,null,1,0.00625,3.0,0.0,0.0,3.0,307.8181818181818,998.1797300223385,1,3,1.2784053991087057,true
openjpa-jdbc/src/main/java/org/apache/openjpa/jdbc/sql/SQLServerDictionary.java,184.0,21.0,105.0,15.0,62.0,53.0,1.0,null,1,0.00625,5.0,0.0,0.0,0.0,201.86666666666667,433.55163318203944,1,2,2.9831534913471307,false
openjpa-jdbc/src/main/java/org/apache/openjpa/jdbc/sql/Select.java,504.0,12.0,5886.0,109.0,0.0,194.0,0.0,null,0,0.0,0.0,0.0,0.0,0.0,0.0,0.0,0,2,0.0,false
openjpa-jdbc/src/main/java/org/apache/openjpa/jdbc/sql/SelectImpl.java,2210.0,43.0,20427.0,211.0,455.0,569.0,1.0,null,1,0.00625,1.0,0.0,0.0,0.0,421.7647058823529,2504.903171355728,1,14,1.7303905228517629,true
openjpa-jdbc/src/main/java/org/apache/openjpa/jdbc/sql/SolidDBDictionary.java,340.0,26.0,227.0,22.0,110.0,82.0,0.0,faywang@13f79535-47bb-0310-9956-ffa450edef68,0,0.0,0.0,0.0,0.0,0.0,0.0,0.0,0,1,0.0,false
openjpa-jdbc/src/main/java/org/apache/openjpa/jdbc/sql/SybaseDictionary.java,238.0,22.0,130.0,17.0,67.0,61.0,0.0,mikedd@13f79535-47bb-0310-9956-ffa450edef68,0,0.0,0.0,0.0,0.0,0.0,0.0,0.0,0,3,0.0,false
openjpa-jest/src/main/java/org/apache/openjpa/persistence/jest/AbstractCommand.java,245.0,23.0,227.0,26.0,82.0,77.0,31.0,ppoddar@13f79535-47bb-0310-9956-ffa450edef68,1,0.00625,100.0,50.0,0.0,50.0,488.2790697674419,5138.5239921729635,1,0,1.7303905228517629,false
openjpa-jest/src/main/java/org/apache/openjpa/persistence/jest/Closure.java,60.0,11.0,13.0,6.0,23.0,17.0,43.0,ppoddar@13f79535-47bb-0310-9956-ffa450edef68,1,0.00625,100.0,100.0,0.0,0.0,488.2790697674419,5138.5239921729635,1,0,1.7303905228517629,false
openjpa-jest/src/main/java/org/apache/openjpa/persistence/jest/Constants.java,72.0,0.0,0.0,0.0,0.0,0.0,31.0,ppoddar@13f79535-47bb-0310-9956-ffa450edef68,1,0.00625,100.0,50.0,0.0,50.0,488.2790697674419,5138.5239921729635,1,0,1.7303905228517629,false
openjpa-jest/src/main/java/org/apache/openjpa/persistence/jest/DomainCommand.java,25.0,4.0,10.0,5.0,12.0,11.0,31.0,ppoddar@13f79535-47bb-0310-9956-ffa450edef68,1,0.00625,100.0,50.0,0.0,50.0,488.2790697674419,5138.5239921729635,1,0,1.7303905228517629,false
openjpa-jest/src/main/java/org/apache/openjpa/persistence/jest/ExceptionFormatter.java,27.0,4.0,0.0,1.0,9.0,2.0,43.0,ppoddar@13f79535-47bb-0310-9956-ffa450edef68,1,0.00625,100.0,100.0,0.0,0.0,488.2790697674419,5138.5239921729635,1,0,1.7303905228517629,false
openjpa-jest/src/main/java/org/apache/openjpa/persistence/jest/FindCommand.java,54.0,12.0,10.0,5.0,27.0,14.0,31.0,ppoddar@13f79535-47bb-0310-9956-ffa450edef68,1,0.00625,100.0,50.0,0.0,50.0,488.2790697674419,5138.5239921729635,1,0,1.7303905228517629,false
openjpa-jest/src/main/java/org/apache/openjpa/persistence/jest/IOR.java,16.0,2.0,0.0,1.0,4.0,3.0,43.0,struberg@13f79535-47bb-0310-9956-ffa450edef68,1,0.00625,50.0,50.0,0.0,0.0,488.2790697674419,5138.5239921729635,1,0,1.7303905228517629,false
openjpa-jest/src/main/java/org/apache/openjpa/persistence/jest/JESTCommand.java,58.0,5.0,36.0,9.0,0.0,21.0,31.0,ppoddar@13f79535-47bb-0310-9956-ffa450edef68,1,0.00625,100.0,50.0,0.0,50.0,488.2790697674419,5138.5239921729635,1,0,1.7303905228517629,false
openjpa-jest/src/main/java/org/apache/openjpa/persistence/jest/JESTContext.java,218.0,16.0,27.0,14.0,65.0,42.0,31.0,ppoddar@13f79535-47bb-0310-9956-ffa450edef68,1,0.00625,40.0,20.0,0.0,20.0,488.2790697674419,5138.5239921729635,1,0,1.7303905228517629,false
openjpa-jest/src/main/java/org/apache/openjpa/persistence/jest/JESTServlet.java,96.0,13.0,6.0,8.0,31.0,25.0,23.0,curtisr7@13f79535-47bb-0310-9956-ffa450edef68,1,0.00625,60.0,40.0,0.0,20.0,488.2790697674419,5138.5239921729635,1,0,1.7303905228517629,false
openjpa-jest/src/main/java/org/apache/openjpa/persistence/jest/JPAServletContext.java,40.0,5.0,21.0,7.0,0.0,11.0,31.0,struberg@13f79535-47bb-0310-9956-ffa450edef68,1,0.00625,67.0,33.0,0.0,33.0,488.2790697674419,5138.5239921729635,1,0,1.7303905228517629,false
openjpa-jest/src/main/java/org/apache/openjpa/persistence/jest/JSON.java,27.0,0.0,0.0,1.0,0.0,2.0,43.0,ppoddar@13f79535-47bb-0310-9956-ffa450edef68,1,0.00625,100.0,100.0,0.0,0.0,488.2790697674419,5138.5239921729635,1,0,1.7303905228517629,false
openjpa-jest/src/main/java/org/apache/openjpa/persistence/jest/JSONObject.java,164.0,6.0,58.0,12.0,29.0,26.0,31.0,curtisr7@13f79535-47bb-0310-9956-ffa450edef68,1,0.00625,50.0,25.0,0.0,25.0,488.2790697674419,5138.5239921729635,1,0,1.7303905228517629,false
openjpa-jest/src/main/java/org/apache/openjpa/persistence/jest/JSONObjectFormatter.java,212.0,23.0,55.0,11.0,46.0,39.0,31.0,struberg@13f79535-47bb-0310-9956-ffa450edef68,1,0.00625,50.0,25.0,0.0,25.0,488.2790697674419,5138.5239921729635,1,0,1.7303905228517629,false
openjpa-jest/src/main/java/org/apache/openjpa/persistence/jest/MetamodelHelper.java,115.0,13.0,45.0,10.0,27.0,29.0,31.0,struberg@13f79535-47bb-0310-9956-ffa450edef68,1,0.00625,67.0,33.0,0.0,33.0,488.2790697674419,5138.5239921729635,1,0,1.7303905228517629,false
openjpa-jest/src/main/java/org/apache/openjpa/persistence/jest/ObjectFormatter.java,43.0,7.0,10.0,5.0,0.0,12.0,31.0,ppoddar@13f79535-47bb-0310-9956-ffa450edef68,1,0.00625,100.0,50.0,0.0,50.0,488.2790697674419,5138.5239921729635,1,0,1.7303905228517629,false
openjpa-jest/src/main/java/org/apache/openjpa/persistence/jest/ProcessingException.java,56.0,7.0,0.0,6.0,14.0,9.0,31.0,ppoddar@13f79535-47bb-0310-9956-ffa450edef68,1,0.00625,100.0,50.0,0.0,50.0,488.2790697674419,5138.5239921729635,1,0,1.7303905228517629,false
openjpa-jest/src/main/java/org/apache/openjpa/persistence/jest/PropertiesCommand.java,34.0,7.0,10.0,5.0,19.0,11.0,31.0,ppoddar@13f79535-47bb-0310-9956-ffa450edef68,1,0.00625,100.0,50.0,0.0,50.0,488.2790697674419,5138.5239921729635,1,0,1.7303905228517629,false
openjpa-jest/src/main/java/org/apache/openjpa/persistence/jest/PropertiesFormatter.java,18.0,4.0,0.0,1.0,11.0,3.0,43.0,ppoddar@13f79535-47bb-0310-9956-ffa450edef68,1,0.00625,100.0,100.0,0.0,0.0,488.2790697674419,5138.5239921729635,1,0,1.7303905228517629,false
openjpa-jest/src/main/java/org/apache/openjpa/persistence/jest/PrototypeFactory.java,74.0,6.0,9.0,6.0,15.0,23.0,43.0,ppoddar@13f79535-47bb-0310-9956-ffa450edef68,1,0.00625,100.0,100.0,0.0,0.0,488.2790697674419,5138.5239921729635,1,0,1.7303905228517629,false
openjpa-jest/src/main/java/org/apache/openjpa/persistence/jest/QueryCommand.java,50.0,10.0,10.0,5.0,30.0,13.0,31.0,ppoddar@13f79535-47bb-0310-9956-ffa450edef68,1,0.00625,100.0,50.0,0.0,50.0,488.2790697674419,5138.5239921729635,1,0,1.7303905228517629,false
openjpa-jest/src/main/java/org/apache/openjpa/persistence/jest/TokenReplacedStream.java,129.0,4.0,6.0,4.0,16.0,17.0,43.0,struberg@13f79535-47bb-0310-9956-ffa450edef68,1,0.00625,25.0,25.0,0.0,0.0,488.2790697674419,5138.5239921729635,1,0,1.7303905228517629,false
openjpa-jest/src/main/java/org/apache/openjpa/persistence/jest/XMLFormatter.java,382.0,66.0,229.0,22.0,104.0,70.0,31.0,curtisr7@13f79535-47bb-0310-9956-ffa450edef68,1,0.00625,50.0,25.0,0.0,25.0,488.2790697674419,5138.5239921729635,1,0,1.7303905228517629,false
openjpa-jest/src/test/java/demo/Actor.java,50.0,10.0,41.0,11.0,1.0,19.0,9.0,ppoddar@13f79535-47bb-0310-9956-ffa450edef68,1,0.00625,100.0,100.0,0.0,0.0,488.2790697674419,5138.5239921729635,1,0,1.7303905228517629,false
openjpa-jest/src/test/java/demo/DataLoader.java,65.0,2.0,10.0,5.0,15.0,16.0,12.0,ppoddar@13f79535-47bb-0310-9956-ffa450edef68,1,0.00625,100.0,100.0,0.0,0.0,488.2790697674419,5138.5239921729635,1,0,1.7303905228517629,false
openjpa-jest/src/test/java/demo/Movie.java,33.0,9.0,13.0,7.0,1.0,12.0,9.0,ppoddar@13f79535-47bb-0310-9956-ffa450edef68,1,0.00625,100.0,100.0,0.0,0.0,488.2790697674419,5138.5239921729635,1,0,1.7303905228517629,false
openjpa-jest/src/test/java/org/apache/openjpa/persistence/jest/TestJEST.java,95.0,18.0,12.0,8.0,43.0,24.0,9.0,struberg@13f79535-47bb-0310-9956-ffa450edef68,1,0.00625,50.0,50.0,0.0,0.0,488.2790697674419,5138.5239921729635,1,0,1.7303905228517629,false
openjpa-kernel/src/main/java/org/apache/openjpa/abstractstore/AbstractStoreManager.java,217.0,24.0,600.0,36.0,36.0,89.0,0.0,mikedd@13f79535-47bb-0310-9956-ffa450edef68,0,0.0,0.0,0.0,0.0,0.0,0.0,0.0,0,0,0.0,false
openjpa-kernel/src/main/java/org/apache/openjpa/datacache/AbstractDataCache.java,352.0,25.0,1486.0,60.0,138.0,137.0,9.0,null,1,0.00625,5.0,0.0,0.0,0.0,421.7647058823529,2504.903171355728,1,0,1.7303905228517629,false
openjpa-kernel/src/main/java/org/apache/openjpa/datacache/CacheStatistics.java,105.0,6.0,276.0,24.0,0.0,36.0,0.0,curtisr7@13f79535-47bb-0310-9956-ffa450edef68,0,0.0,0.0,0.0,0.0,0.0,0.0,0.0,0,1,0.0,false
openjpa-kernel/src/main/java/org/apache/openjpa/datacache/CacheStatisticsImpl.java,159.0,6.0,324.0,33.0,36.0,67.0,0.0,curtisr7@13f79535-47bb-0310-9956-ffa450edef68,0,0.0,0.0,0.0,0.0,0.0,0.0,0.0,0,0,0.0,false
openjpa-kernel/src/main/java/org/apache/openjpa/datacache/CacheStatisticsSPI.java,24.0,0.0,6.0,4.0,0.0,5.0,0.0,curtisr7@13f79535-47bb-0310-9956-ffa450edef68,0,0.0,0.0,0.0,0.0,0.0,0.0,0.0,0,0,0.0,false
openjpa-kernel/src/main/java/org/apache/openjpa/datacache/DataCache.java,162.0,7.0,435.0,30.0,0.0,68.0,9.0,ppoddar@13f79535-47bb-0310-9956-ffa450edef68,1,0.00625,12.0,0.0,0.0,0.0,421.7647058823529,2504.903171355728,1,0,1.7303905228517629,false
openjpa-kernel/src/main/java/org/apache/openjpa/datacache/DataCacheManager.java,65.0,4.0,78.0,13.0,0.0,22.0,0.0,curtisr7@13f79535-47bb-0310-9956-ffa450edef68,0,0.0,0.0,0.0,0.0,0.0,0.0,0.0,0,0,0.0,false
openjpa-kernel/src/main/java/org/apache/openjpa/datacache/DataCacheManagerImpl.java,136.0,12.0,90.0,17.0,40.0,44.0,0.0,curtisr7@13f79535-47bb-0310-9956-ffa450edef68,0,0.0,0.0,0.0,0.0,0.0,0.0,0.0,0,0,0.0,true
openjpa-kernel/src/main/java/org/apache/openjpa/datacache/DataCacheStoreManager.java,588.0,23.0,73.0,23.0,213.0,86.0,6.0,null,2,0.0125,6.0,0.0,0.0,0.0,556.0504201680671,2668.5682049468223,2,7,1.5520530508823964,true
openjpa-kernel/src/main/java/org/apache/openjpa/datacache/DelegatingDataCache.java,314.0,7.0,0.0,37.0,65.0,163.0,9.0,ppoddar@13f79535-47bb-0310-9956-ffa450edef68,1,0.00625,17.0,0.0,0.0,0.0,421.7647058823529,2504.903171355728,1,0,1.7303905228517629,false
openjpa-kernel/src/main/java/org/apache/openjpa/datacache/QueryCacheStoreQuery.java,466.0,32.0,0.0,27.0,48.0,60.0,6.0,null,2,0.0125,7.0,0.0,4.0,0.0,508.7647058823529,2612.3545511729963,2,4,2.010198416819474,false
openjpa-kernel/src/main/java/org/apache/openjpa/datacache/QueryKey.java,263.0,27.0,97.0,19.0,92.0,71.0,0.0,null,0,0.0,0.0,0.0,0.0,0.0,0.0,0.0,0,0,0.0,true
openjpa-kernel/src/main/java/org/apache/openjpa/enhance/PCClassFileTransformer.java,135.0,13.0,9.0,7.0,37.0,31.0,0.0,null,0,0.0,0.0,0.0,0.0,0.0,0.0,0.0,0,0,0.0,false
openjpa-kernel/src/main/java/org/apache/openjpa/enhance/PCEnhancer.java,2996.0,87.0,4500.0,129.0,1516.0,543.0,6.0,null,2,0.0125,3.0,0.0,0.0,0.0,729.5828877005347,3503.0829013780663,2,11,0.811250780420289,true
openjpa-kernel/src/main/java/org/apache/openjpa/instrumentation/AbstractDataCacheInstrument.java,148.0,13.0,251.0,30.0,43.0,73.0,0.0,curtisr7@13f79535-47bb-0310-9956-ffa450edef68,0,0.0,0.0,0.0,0.0,0.0,0.0,0.0,0,1,0.0,false
openjpa-kernel/src/main/java/org/apache/openjpa/instrumentation/AbstractQueryCacheInstrument.java,153.0,9.0,150.0,24.0,40.0,62.0,0.0,jrbauer@13f79535-47bb-0310-9956-ffa450edef68,0,0.0,0.0,0.0,0.0,0.0,0.0,0.0,0,0,0.0,false
openjpa-kernel/src/main/java/org/apache/openjpa/instrumentation/DataCacheInstrument.java,93.0,4.0,231.0,22.0,0.0,32.0,0.0,curtisr7@13f79535-47bb-0310-9956-ffa450edef68,0,0.0,0.0,0.0,0.0,0.0,0.0,0.0,0,0,0.0,false
openjpa-kernel/src/main/java/org/apache/openjpa/instrumentation/jmx/DataCacheJMXInstrument.java,55.0,10.0,13.0,6.0,26.0,15.0,0.0,curtisr7@13f79535-47bb-0310-9956-ffa450edef68,0,0.0,0.0,0.0,0.0,0.0,0.0,0.0,0,1,0.0,false
openjpa-kernel/src/main/java/org/apache/openjpa/instrumentation/jmx/DataCacheJMXInstrumentMBean.java,5.0,1.0,0.0,0.0,0.0,0.0,0.0,curtisr7@13f79535-47bb-0310-9956-ffa450edef68,0,0.0,0.0,0.0,0.0,0.0,0.0,0.0,0,1,0.0,false
openjpa-kernel/src/main/java/org/apache/openjpa/instrumentation/jmx/JMXProvider.java,125.0,11.0,28.0,8.0,32.0,33.0,0.0,struberg@13f79535-47bb-0310-9956-ffa450edef68,0,0.0,0.0,0.0,0.0,0.0,0.0,0.0,0,1,0.0,true
openjpa-kernel/src/main/java/org/apache/openjpa/kernel/AbstractStoreQuery.java,154.0,12.0,169.0,19.0,0.0,35.0,6.0,ppoddar@13f79535-47bb-0310-9956-ffa450edef68,2,0.0125,18.0,0.0,9.0,0.0,508.7647058823529,2612.3545511729963,2,1,2.010198416819474,false
openjpa-kernel/src/main/java/org/apache/openjpa/kernel/AttachStrategy.java,362.0,16.0,100.0,16.0,154.0,73.0,0.0,null,0,0.0,0.0,0.0,0.0,0.0,0.0,0.0,0,2,0.0,false
openjpa-kernel/src/main/java/org/apache/openjpa/kernel/BrokerImpl.java,3715.0,76.0,28133.0,263.0,1218.0,877.0,7.0,null,1,0.00625,2.0,0.0,0.0,0.0,201.86666666666667,433.55163318203944,1,13,2.9831534913471307,true
openjpa-kernel/src/main/java/org/apache/openjpa/kernel/DetachedValueStateManager.java,410.0,13.0,6863.0,118.0,45.0,235.0,0.0,null,0,0.0,0.0,0.0,0.0,0.0,0.0,0.0,0,1,0.0,false
openjpa-kernel/src/main/java/org/apache/openjpa/kernel/ExpressionStoreQuery.java,529.0,40.0,199.0,22.0,17.0,56.0,6.0,ppoddar@13f79535-47bb-0310-9956-ffa450edef68,2,0.0125,10.0,0.0,5.0,0.0,508.7647058823529,2612.3545511729963,2,1,2.010198416819474,false
openjpa-kernel/src/main/java/org/apache/openjpa/kernel/Filters.java,751.0,23.0,451.0,35.0,142.0,152.0,0.0,ppoddar@13f79535-47bb-0310-9956-ffa450edef68,0,0.0,0.0,0.0,0.0,0.0,0.0,0.0,0,3,0.0,false
openjpa-kernel/src/main/java/org/apache/openjpa/kernel/LockManager.java,50.0,2.0,36.0,9.0,0.0,20.0,4.0,allee8285@13f79535-47bb-0310-9956-ffa450edef68,1,0.00625,33.0,0.0,0.0,0.0,201.86666666666667,433.55163318203944,1,0,2.9831534913471307,false
openjpa-kernel/src/main/java/org/apache/openjpa/kernel/ManagedCache.java,167.0,12.0,0.0,11.0,44.0,38.0,0.0,pcl@13f79535-47bb-0310-9956-ffa450edef68,0,0.0,0.0,0.0,0.0,0.0,0.0,0.0,0,1,0.0,false
openjpa-kernel/src/main/java/org/apache/openjpa/kernel/NoneLockManager.java,18.0,0.0,6.0,4.0,3.0,5.0,4.0,allee8285@13f79535-47bb-0310-9956-ffa450edef68,1,0.00625,33.0,0.0,0.0,0.0,201.86666666666667,433.55163318203944,1,0,2.9831534913471307,false
openjpa-kernel/src/main/java/org/apache/openjpa/kernel/ObjectIdStateManager.java,512.0,18.0,9549.0,139.0,107.0,268.0,0.0,null,0,0.0,0.0,0.0,0.0,0.0,0.0,0.0,0,2,0.0,false
openjpa-kernel/src/main/java/org/apache/openjpa/kernel/QueryHints.java,44.0,0.0,0.0,0.0,0.0,0.0,0.0,ppoddar@13f79535-47bb-0310-9956-ffa450edef68,0,0.0,0.0,0.0,0.0,0.0,0.0,0.0,0,0,0.0,false
openjpa-kernel/src/main/java/org/apache/openjpa/kernel/QueryImpl.java,1573.0,49.0,3816.0,108.0,486.0,333.0,10.0,ppoddar@13f79535-47bb-0310-9956-ffa450edef68,0,0.0,0.0,0.0,0.0,0.0,0.0,0.0,0,6,0.0,false
openjpa-kernel/src/main/java/org/apache/openjpa/kernel/SingleFieldManager.java,607.0,25.0,284.0,37.0,234.0,130.0,0.0,null,0,0.0,0.0,0.0,0.0,0.0,0.0,0.0,0,8,0.0,true
openjpa-kernel/src/main/java/org/apache/openjpa/kernel/StateManagerImpl.java,2283.0,49.0,12835.0,226.0,1071.0,675.0,5.0,null,1,0.00625,1.0,0.0,1.0,0.0,87.0,107.4513798172684,1,13,3.676300671907076,true
openjpa-kernel/src/main/java/org/apache/openjpa/kernel/StoreQuery.java,206.0,13.0,171.0,19.0,0.0,37.0,4.0,ppoddar@13f79535-47bb-0310-9956-ffa450edef68,1,0.00625,9.0,0.0,9.0,0.0,87.0,107.4513798172684,1,1,3.676300671907076,false
openjpa-kernel/src/main/java/org/apache/openjpa/kernel/VersionAttachStrategy.java,245.0,18.0,55.0,11.0,117.0,55.0,7.0,pcl@13f79535-47bb-0310-9956-ffa450edef68,1,0.00625,8.0,0.0,0.0,0.0,421.7647058823529,2504.903171355728,1,1,1.7303905228517629,false
openjpa-kernel/src/main/java/org/apache/openjpa/kernel/VersionLockManager.java,93.0,0.0,52.0,12.0,18.0,34.0,4.0,allee8285@13f79535-47bb-0310-9956-ffa450edef68,1,0.00625,17.0,0.0,0.0,0.0,201.86666666666667,433.55163318203944,1,0,2.9831534913471307,false
openjpa-kernel/src/main/java/org/apache/openjpa/kernel/exps/Abs.java,26.0,3.0,3.0,3.0,9.0,7.0,0.0,curtisr7@13f79535-47bb-0310-9956-ffa450edef68,0,0.0,0.0,0.0,0.0,0.0,0.0,0.0,0,0,0.0,false
openjpa-kernel/src/main/java/org/apache/openjpa/kernel/exps/QueryExpressions.java,138.0,14.0,13.0,6.0,5.0,13.0,0.0,ppoddar@13f79535-47bb-0310-9956-ffa450edef68,0,0.0,0.0,0.0,0.0,0.0,0.0,0.0,0,1,0.0,true
openjpa-kernel/src/main/java/org/apache/openjpa/kernel/exps/Sqrt.java,18.0,0.0,3.0,3.0,3.0,5.0,0.0,curtisr7@13f79535-47bb-0310-9956-ffa450edef68,0,0.0,0.0,0.0,0.0,0.0,0.0,0.0,0,0,0.0,false
openjpa-kernel/src/main/java/org/apache/openjpa/kernel/jpql/JPQLExpressionBuilder.java,1518.0,48.0,4797.0,99.0,593.0,361.0,0.0,null,0,0.0,0.0,0.0,0.0,0.0,0.0,0.0,0,12,0.0,false
openjpa-kernel/src/main/java/org/apache/openjpa/meta/ClassMetaData.java,1896.0,51.0,10650.0,161.0,544.0,516.0,2.0,null,1,0.00625,2.0,0.0,0.0,0.0,488.2790697674419,5138.5239921729635,1,7,1.7303905228517629,true
openjpa-kernel/src/main/java/org/apache/openjpa/meta/FetchGroup.java,260.0,12.0,20.0,21.0,48.0,69.0,2.0,mikedd@13f79535-47bb-0310-9956-ffa450edef68,1,0.00625,12.0,0.0,0.0,0.0,488.2790697674419,5138.5239921729635,1,1,1.7303905228517629,false
openjpa-kernel/src/main/java/org/apache/openjpa/meta/JavaTypes.java,306.0,22.0,66.0,13.0,57.0,46.0,7.0,null,1,0.00625,6.0,0.0,0.0,0.0,421.7647058823529,2504.903171355728,1,1,1.7303905228517629,true
openjpa-kernel/src/main/java/org/apache/openjpa/meta/MetaDataRepository.java,1795.0,38.0,7166.0,141.0,451.0,514.0,1.0,null,1,0.00625,2.0,0.0,0.0,0.0,421.7647058823529,2504.903171355728,1,5,1.7303905228517629,true
openjpa-kernel/src/main/java/org/apache/openjpa/util/ApplicationIds.java,445.0,22.0,66.0,12.0,151.0,65.0,0.0,null,0,0.0,0.0,0.0,0.0,0.0,0.0,0.0,0,2,0.0,false
openjpa-kernel/src/main/java/org/apache/openjpa/util/CacheMap.java,497.0,16.0,651.0,43.0,94.0,91.0,0.0,null,0,0.0,0.0,0.0,0.0,0.0,0.0,0.0,0,0,0.0,false
openjpa-kernel/src/main/java/org/apache/openjpa/util/DoubleId.java,36.0,0.0,0.0,9.0,5.0,14.0,0.0,curtisr7@13f79535-47bb-0310-9956-ffa450edef68,0,0.0,0.0,0.0,0.0,0.0,0.0,0.0,0,0,0.0,false
openjpa-kernel/src/main/java/org/apache/openjpa/util/FloatId.java,36.0,0.0,0.0,9.0,5.0,14.0,0.0,curtisr7@13f79535-47bb-0310-9956-ffa450edef68,0,0.0,0.0,0.0,0.0,0.0,0.0,0.0,0,0,0.0,false
openjpa-kernel/src/main/java/org/apache/openjpa/util/Proxies.java,83.0,7.0,10.0,5.0,27.0,19.0,1.0,dwoods@13f79535-47bb-0310-9956-ffa450edef68,1,0.00625,9.0,0.0,9.0,0.0,421.7647058823529,2504.903171355728,1,2,1.7303905228517629,false
openjpa-kernel/src/test/java/org/apache/openjpa/meta/TestJavaTypes.java,38.0,1.0,0.0,1.0,8.0,1.0,7.0,curtisr7@13f79535-47bb-0310-9956-ffa450edef68,1,0.00625,100.0,0.0,0.0,0.0,421.7647058823529,2504.903171355728,1,0,1.7303905228517629,false
openjpa-lib/src/main/java/org/apache/openjpa/lib/identifier/IdentifierUtilImpl.java,450.0,5.0,1509.0,67.0,176.0,201.0,0.0,curtisr7@13f79535-47bb-0310-9956-ffa450edef68,0,0.0,0.0,0.0,0.0,0.0,0.0,0.0,0,1,0.0,false
openjpa-lib/src/main/java/org/apache/openjpa/lib/jdbc/ConfiguringConnectionDecorator.java,108.0,8.0,3.0,7.0,2.0,16.0,0.0,ppoddar@13f79535-47bb-0310-9956-ffa450edef68,0,0.0,0.0,0.0,0.0,0.0,0.0,0.0,0,0,0.0,false
openjpa-lib/src/main/java/org/apache/openjpa/lib/jdbc/DelegatingPreparedStatement.java,382.0,27.0,0.0,109.0,117.0,265.0,0.0,null,0,0.0,0.0,0.0,0.0,0.0,0.0,0.0,0,0,0.0,false
openjpa-lib/src/main/java/org/apache/openjpa/lib/jdbc/LoggingConnectionDecorator.java,1903.0,32.0,174.0,20.0,11.0,49.0,0.0,null,0,0.0,0.0,0.0,0.0,0.0,0.0,0.0,0,3,0.0,false
openjpa-lib/src/main/java/org/apache/openjpa/lib/log/LogFactoryImpl.java,237.0,20.0,125.0,18.0,40.0,45.0,0.0,mikedd@13f79535-47bb-0310-9956-ffa450edef68,0,0.0,0.0,0.0,0.0,0.0,0.0,0.0,0,2,0.0,false
openjpa-lib/src/main/java/org/apache/openjpa/lib/log/MultiLogFactory.java,115.0,4.0,1.0,7.0,9.0,11.0,0.0,mikedd@13f79535-47bb-0310-9956-ffa450edef68,0,0.0,0.0,0.0,0.0,0.0,0.0,0.0,0,0,0.0,false
openjpa-lib/src/main/java/org/apache/openjpa/lib/meta/XMLMetaDataSerializer.java,236.0,29.0,190.0,24.0,64.0,74.0,0.0,mikedd@13f79535-47bb-0310-9956-ffa450edef68,0,0.0,0.0,0.0,0.0,0.0,0.0,0.0,0,2,0.0,false
openjpa-lib/src/main/java/org/apache/openjpa/lib/util/J2DoPrivHelper.java,763.0,36.0,7140.0,120.0,116.0,347.0,0.0,null,0,0.0,0.0,0.0,0.0,0.0,0.0,0.0,0,3,0.0,true
openjpa-lib/src/main/java/org/apache/openjpa/lib/util/Options.java,363.0,16.0,274.0,24.0,100.0,106.0,1.0,null,1,0.00625,20.0,20.0,20.0,0.0,488.2790697674419,5138.5239921729635,1,1,1.7303905228517629,false
openjpa-persistence-jdbc/src/main/java/org/apache/openjpa/persistence/jdbc/XMLPersistenceMappingParser.java,1076.0,50.0,1917.0,66.0,446.0,238.0,0.0,null,0,0.0,0.0,0.0,0.0,0.0,0.0,0.0,0,2,0.0,true
openjpa-persistence-jdbc/src/test/java/org/apache/openjpa/instrumentation/TestInstrumentationProvider.java,140.0,8.0,19.0,7.0,83.0,17.0,0.0,curtisr7@13f79535-47bb-0310-9956-ffa450edef68,0,0.0,0.0,0.0,0.0,0.0,0.0,0.0,0,1,0.0,false
openjpa-persistence-jdbc/src/test/java/org/apache/openjpa/jdbc/kernel/EntityA.java,26.0,10.0,15.0,7.0,0.0,10.0,0.0,allee8285@13f79535-47bb-0310-9956-ffa450edef68,0,0.0,0.0,0.0,0.0,0.0,0.0,0.0,0,1,0.0,false
openjpa-persistence-jdbc/src/test/java/org/apache/openjpa/jdbc/kernel/EntityB.java,26.0,10.0,15.0,7.0,0.0,10.0,0.0,null,0,0.0,0.0,0.0,0.0,0.0,0.0,0.0,0,1,0.0,false
openjpa-persistence-jdbc/src/test/java/org/apache/openjpa/jdbc/kernel/EntityC.java,26.0,11.0,15.0,7.0,0.0,10.0,0.0,null,0,0.0,0.0,0.0,0.0,0.0,0.0,0.0,0,1,0.0,false
openjpa-persistence-jdbc/src/test/java/org/apache/openjpa/jdbc/kernel/EntityD.java,33.0,9.0,28.0,9.0,0.0,13.0,0.0,allee8285@13f79535-47bb-0310-9956-ffa450edef68,0,0.0,0.0,0.0,0.0,0.0,0.0,0.0,0,1,0.0,false
openjpa-persistence-jdbc/src/test/java/org/apache/openjpa/jdbc/oracle/TestOracleXmlColumn.java,74.0,11.0,0.0,4.0,38.0,15.0,1.0,struberg@13f79535-47bb-0310-9956-ffa450edef68,1,0.00625,25.0,0.0,0.0,25.0,307.8181818181818,998.1797300223385,1,0,1.2784053991087057,false
openjpa-persistence-jdbc/src/test/java/org/apache/openjpa/jdbc/oracle/XmlColEntity.java,23.0,6.0,9.0,6.0,0.0,9.0,0.0,mikedd@13f79535-47bb-0310-9956-ffa450edef68,0,0.0,0.0,0.0,0.0,0.0,0.0,0.0,0,0,0.0,false
openjpa-persistence-jdbc/src/test/java/org/apache/openjpa/persistence/annotations/xml/TestMetaDataComplete.java,65.0,11.0,14.0,9.0,25.0,15.0,0.0,dwoods@13f79535-47bb-0310-9956-ffa450edef68,0,0.0,0.0,0.0,0.0,0.0,0.0,0.0,0,1,0.0,false
openjpa-persistence-jdbc/src/test/java/org/apache/openjpa/persistence/blob/BlobEntity.java,30.0,4.0,20.0,8.0,0.0,12.0,0.0,mikedd@13f79535-47bb-0310-9956-ffa450edef68,0,0.0,0.0,0.0,0.0,0.0,0.0,0.0,0,0,0.0,false
openjpa-persistence-jdbc/src/test/java/org/apache/openjpa/persistence/blob/TestBlobs.java,87.0,6.0,1.0,7.0,48.0,7.0,0.0,mikedd@13f79535-47bb-0310-9956-ffa450edef68,0,0.0,0.0,0.0,0.0,0.0,0.0,0.0,0,0,0.0,false
openjpa-persistence-jdbc/src/test/java/org/apache/openjpa/persistence/blob/mysql/BlobColumnEntity.java,48.0,4.0,54.0,12.0,0.0,18.0,0.0,mikedd@13f79535-47bb-0310-9956-ffa450edef68,0,0.0,0.0,0.0,0.0,0.0,0.0,0.0,0,0,0.0,false
openjpa-persistence-jdbc/src/test/java/org/apache/openjpa/persistence/blob/mysql/TestBlobColumnType.java,57.0,8.0,0.0,8.0,35.0,19.0,0.0,struberg@13f79535-47bb-0310-9956-ffa450edef68,0,0.0,0.0,0.0,0.0,0.0,0.0,0.0,0,0,0.0,false
openjpa-persistence-jdbc/src/test/java/org/apache/openjpa/persistence/cache/jpa/TestCacheModeDisableSelectiveInheritance.java,26.0,4.0,3.0,3.0,10.0,6.0,0.0,curtisr7@13f79535-47bb-0310-9956-ffa450edef68,0,0.0,0.0,0.0,0.0,0.0,0.0,0.0,0,1,0.0,true
openjpa-persistence-jdbc/src/test/java/org/apache/openjpa/persistence/cache/jpa/TestMultiEMFCacheModes.java,110.0,9.0,10.0,5.0,61.0,11.0,2.0,mikedd@13f79535-47bb-0310-9956-ffa450edef68,2,0.0125,100.0,0.0,0.0,0.0,442.1038961038961,1161.844763613433,2,0,1.3260604890108678,false
openjpa-persistence-jdbc/src/test/java/org/apache/openjpa/persistence/cache/jpa/model/ChildUncacheable.java,3.0,3.0,0.0,0.0,0.0,0.0,0.0,curtisr7@13f79535-47bb-0310-9956-ffa450edef68,0,0.0,0.0,0.0,0.0,0.0,0.0,0.0,0,1,0.0,true
openjpa-persistence-jdbc/src/test/java/org/apache/openjpa/persistence/cache/jpa/model/ParentUnspecifiedEntity.java,23.0,4.0,9.0,6.0,0.0,9.0,0.0,curtisr7@13f79535-47bb-0310-9956-ffa450edef68,0,0.0,0.0,0.0,0.0,0.0,0.0,0.0,0,1,0.0,true
openjpa-persistence-jdbc/src/test/java/org/apache/openjpa/persistence/criteria/EmbeddableDomainTestCase.java,61.0,37.0,17.0,11.0,11.0,21.0,0.0,mikedd@13f79535-47bb-0310-9956-ffa450edef68,0,0.0,0.0,0.0,0.0,0.0,0.0,0.0,0,0,0.0,false
openjpa-persistence-jdbc/src/test/java/org/apache/openjpa/persistence/criteria/JoinDomainTestCase.java,60.0,3.0,17.0,11.0,11.0,21.0,0.0,mikedd@13f79535-47bb-0310-9956-ffa450edef68,0,0.0,0.0,0.0,0.0,0.0,0.0,0.0,0,0,0.0,false
openjpa-persistence-jdbc/src/test/java/org/apache/openjpa/persistence/criteria/TestCriteria.java,335.0,16.0,0.0,38.0,305.0,51.0,0.0,ppoddar@13f79535-47bb-0310-9956-ffa450edef68,0,0.0,0.0,0.0,0.0,0.0,0.0,0.0,0,1,0.0,false
openjpa-persistence-jdbc/src/test/java/org/apache/openjpa/persistence/criteria/TestTypesafeCriteria.java,1094.0,29.0,5553.0,106.0,948.0,139.0,0.0,ppoddar@13f79535-47bb-0310-9956-ffa450edef68,0,0.0,0.0,0.0,0.0,0.0,0.0,0.0,0,5,0.0,false
openjpa-persistence-jdbc/src/test/java/org/apache/openjpa/persistence/criteria/results/TestTypedResults.java,156.0,18.0,3.0,6.0,76.0,21.0,0.0,mikedd@13f79535-47bb-0310-9956-ffa450edef68,0,0.0,0.0,0.0,0.0,0.0,0.0,0.0,0,1,0.0,false
openjpa-persistence-jdbc/src/test/java/org/apache/openjpa/persistence/datacache/CacheLoadTest.java,93.0,14.0,6.0,9.0,52.0,24.0,0.0,pcl@13f79535-47bb-0310-9956-ffa450edef68,0,0.0,0.0,0.0,0.0,0.0,0.0,0.0,0,0,0.0,false
openjpa-persistence-jdbc/src/test/java/org/apache/openjpa/persistence/datacache/CacheTest.java,1032.0,53.0,186.0,56.0,439.0,130.0,1.0,dwoods@13f79535-47bb-0310-9956-ffa450edef68,1,0.00625,7.0,0.0,0.0,0.0,307.8181818181818,998.1797300223385,1,6,1.2784053991087057,false
openjpa-persistence-jdbc/src/test/java/org/apache/openjpa/persistence/datacache/CachedEntityStatistics.java,58.0,11.0,92.0,16.0,4.0,25.0,0.0,curtisr7@13f79535-47bb-0310-9956-ffa450edef68,0,0.0,0.0,0.0,0.0,0.0,0.0,0.0,0,1,0.0,false
openjpa-persistence-jdbc/src/test/java/org/apache/openjpa/persistence/datacache/TestBulkUpdatesDataCacheEviction.java,101.0,5.0,13.0,6.0,81.0,11.0,9.0,curtisr7@13f79535-47bb-0310-9956-ffa450edef68,1,0.00625,50.0,0.0,0.0,0.0,421.7647058823529,2504.903171355728,1,0,1.7303905228517629,false
openjpa-persistence-jdbc/src/test/java/org/apache/openjpa/persistence/datacache/TestDataCacheBehavesIdentical.java,294.0,12.0,0.0,29.0,91.0,72.0,0.0,ppoddar@13f79535-47bb-0310-9956-ffa450edef68,0,0.0,0.0,0.0,0.0,0.0,0.0,0.0,0,5,0.0,false
openjpa-persistence-jdbc/src/test/java/org/apache/openjpa/persistence/datacache/TestDataCacheStoreManager.java,33.0,8.0,0.0,4.0,18.0,5.0,0.0,curtisr7@13f79535-47bb-0310-9956-ffa450edef68,0,0.0,0.0,0.0,0.0,0.0,0.0,0.0,0,1,0.0,false
openjpa-persistence-jdbc/src/test/java/org/apache/openjpa/persistence/datacache/TestEntitiesAsKeys.java,47.0,5.0,0.0,5.0,26.0,10.0,0.0,mikedd@13f79535-47bb-0310-9956-ffa450edef68,0,0.0,0.0,0.0,0.0,0.0,0.0,0.0,0,1,0.0,false
openjpa-persistence-jdbc/src/test/java/org/apache/openjpa/persistence/datacache/TestJPQL2Queries.java,70.0,13.0,16.0,8.0,34.0,11.0,0.0,pcl@13f79535-47bb-0310-9956-ffa450edef68,0,0.0,0.0,0.0,0.0,0.0,0.0,0.0,0,0,0.0,false
openjpa-persistence-jdbc/src/test/java/org/apache/openjpa/persistence/datacache/TestJPQL2ResultsAndResultClasses.java,284.0,16.0,0.0,29.0,186.0,38.0,0.0,mikedd@13f79535-47bb-0310-9956-ffa450edef68,0,0.0,0.0,0.0,0.0,0.0,0.0,0.0,0,1,0.0,false
openjpa-persistence-jdbc/src/test/java/org/apache/openjpa/persistence/datacache/TestJPQLRelationProjections.java,122.0,16.0,0.0,10.0,84.0,17.0,0.0,mikedd@13f79535-47bb-0310-9956-ffa450edef68,0,0.0,0.0,0.0,0.0,0.0,0.0,0.0,0,1,0.0,false
openjpa-persistence-jdbc/src/test/java/org/apache/openjpa/persistence/datacache/TestMutableParameters.java,49.0,14.0,0.0,4.0,27.0,8.0,0.0,mikedd@13f79535-47bb-0310-9956-ffa450edef68,0,0.0,0.0,0.0,0.0,0.0,0.0,0.0,0,1,0.0,false
openjpa-persistence-jdbc/src/test/java/org/apache/openjpa/persistence/datacache/TestResultShapes.java,173.0,15.0,79.0,14.0,76.0,32.0,0.0,mikedd@13f79535-47bb-0310-9956-ffa450edef68,0,0.0,0.0,0.0,0.0,0.0,0.0,0.0,0,1,0.0,false
openjpa-persistence-jdbc/src/test/java/org/apache/openjpa/persistence/datacache/TestStatistics.java,218.0,7.0,0.0,14.0,92.0,24.0,0.0,curtisr7@13f79535-47bb-0310-9956-ffa450edef68,0,0.0,0.0,0.0,0.0,0.0,0.0,0.0,0,1,0.0,false
openjpa-persistence-jdbc/src/test/java/org/apache/openjpa/persistence/detach/IntVersionEntity.java,35.0,7.0,31.0,10.0,1.0,14.0,7.0,curtisr7@13f79535-47bb-0310-9956-ffa450edef68,1,0.00625,50.0,0.0,0.0,0.0,421.7647058823529,2504.903171355728,1,0,1.7303905228517629,false
openjpa-persistence-jdbc/src/test/java/org/apache/openjpa/persistence/detach/IntegerVersionEntity.java,23.0,3.0,7.0,6.0,0.0,9.0,7.0,curtisr7@13f79535-47bb-0310-9956-ffa450edef68,1,0.00625,100.0,0.0,0.0,0.0,421.7647058823529,2504.903171355728,1,0,1.7303905228517629,false
openjpa-persistence-jdbc/src/test/java/org/apache/openjpa/persistence/detach/TestMergeNoStateManager.java,61.0,3.0,0.0,2.0,21.0,6.0,7.0,curtisr7@13f79535-47bb-0310-9956-ffa450edef68,1,0.00625,33.0,0.0,0.0,0.0,421.7647058823529,2504.903171355728,1,0,1.7303905228517629,false
openjpa-persistence-jdbc/src/test/java/org/apache/openjpa/persistence/dynamicschema/TestDynamicSchemas.java,92.0,7.0,91.0,14.0,50.0,18.0,3.0,null,1,0.00625,12.0,0.0,0.0,0.0,39.42857142857143,63.78443639786661,1,0,2.0668627594729756,true
openjpa-persistence-jdbc/src/test/java/org/apache/openjpa/persistence/embed/AttributeXml.java,18.0,0.0,6.0,5.0,0.0,7.0,0.0,faywang@13f79535-47bb-0310-9956-ffa450edef68,0,0.0,0.0,0.0,0.0,0.0,0.0,0.0,0,0,0.0,false
openjpa-persistence-jdbc/src/test/java/org/apache/openjpa/persistence/embed/Department2.java,19.0,3.0,6.0,5.0,3.0,7.0,0.0,allee8285@13f79535-47bb-0310-9956-ffa450edef68,0,0.0,0.0,0.0,0.0,0.0,0.0,0.0,0,0,0.0,false
openjpa-persistence-jdbc/src/test/java/org/apache/openjpa/persistence/embed/Embed_Single_Coll.java,26.0,7.0,0.0,4.0,3.0,9.0,0.0,struberg@13f79535-47bb-0310-9956-ffa450edef68,0,0.0,0.0,0.0,0.0,0.0,0.0,0.0,0,0,0.0,false
openjpa-persistence-jdbc/src/test/java/org/apache/openjpa/persistence/embed/EntityA_Embed_Single_Coll.java,16.0,4.0,2.0,4.0,0.0,6.0,0.0,dwoods@13f79535-47bb-0310-9956-ffa450edef68,0,0.0,0.0,0.0,0.0,0.0,0.0,0.0,0,0,0.0,false
openjpa-persistence-jdbc/src/test/java/org/apache/openjpa/persistence/embed/FeatureIdXml.java,36.0,1.0,24.0,9.0,8.0,16.0,0.0,faywang@13f79535-47bb-0310-9956-ffa450edef68,0,0.0,0.0,0.0,0.0,0.0,0.0,0.0,0,0,0.0,false
openjpa-persistence-jdbc/src/test/java/org/apache/openjpa/persistence/embed/FeatureXml.java,18.0,1.0,6.0,5.0,0.0,7.0,0.0,faywang@13f79535-47bb-0310-9956-ffa450edef68,0,0.0,0.0,0.0,0.0,0.0,0.0,0.0,0,0,0.0,false
openjpa-persistence-jdbc/src/test/java/org/apache/openjpa/persistence/embed/TestEmbeddable.java,2160.0,29.0,13541.0,171.0,1174.0,289.0,0.0,faywang@13f79535-47bb-0310-9956-ffa450edef68,0,0.0,0.0,0.0,0.0,0.0,0.0,0.0,0,10,0.0,true
openjpa-persistence-jdbc/src/test/java/org/apache/openjpa/persistence/embed/TestEmbeddableXml.java,623.0,10.0,1730.0,60.0,357.0,95.0,0.0,mikedd@13f79535-47bb-0310-9956-ffa450edef68,0,0.0,0.0,0.0,0.0,0.0,0.0,0.0,0,1,0.0,false
openjpa-persistence-jdbc/src/test/java/org/apache/openjpa/persistence/embed/attrOverrides/TestAssocOverridesXML.java,79.0,12.0,6.0,4.0,29.0,14.0,0.0,faywang@13f79535-47bb-0310-9956-ffa450edef68,0,0.0,0.0,0.0,0.0,0.0,0.0,0.0,0,2,0.0,false
openjpa-persistence-jdbc/src/test/java/org/apache/openjpa/persistence/enhance/identity/Dependent5a.java,13.0,2.0,0.0,2.0,1.0,2.0,0.0,faywang@13f79535-47bb-0310-9956-ffa450edef68,0,0.0,0.0,0.0,0.0,0.0,0.0,0.0,0,1,0.0,false
openjpa-persistence-jdbc/src/test/java/org/apache/openjpa/persistence/enhance/identity/TestDerivedIdentity.java,17.0,4.0,1.0,2.0,5.0,4.0,0.0,faywang@13f79535-47bb-0310-9956-ffa450edef68,0,0.0,0.0,0.0,0.0,0.0,0.0,0.0,0,1,0.0,false
openjpa-persistence-jdbc/src/test/java/org/apache/openjpa/persistence/event/RemoteEventBase.java,131.0,16.0,4.0,4.0,36.0,11.0,0.0,pcl@13f79535-47bb-0310-9956-ffa450edef68,0,0.0,0.0,0.0,0.0,0.0,0.0,0.0,0,0,0.0,false
openjpa-persistence-jdbc/src/test/java/org/apache/openjpa/persistence/event/TestBeforeCommit.java,121.0,13.0,69.0,14.0,45.0,26.0,0.0,mikedd@13f79535-47bb-0310-9956-ffa450edef68,0,0.0,0.0,0.0,0.0,0.0,0.0,0.0,0,1,0.0,true
openjpa-persistence-jdbc/src/test/java/org/apache/openjpa/persistence/event/TestEvents.java,147.0,11.0,0.0,8.0,56.0,11.0,0.0,pcl@13f79535-47bb-0310-9956-ffa450edef68,0,0.0,0.0,0.0,0.0,0.0,0.0,0.0,0,0,0.0,false
openjpa-persistence-jdbc/src/test/java/org/apache/openjpa/persistence/event/TestFakeRemoteEvents.java,121.0,16.0,10.0,5.0,35.0,13.0,0.0,pcl@13f79535-47bb-0310-9956-ffa450edef68,0,0.0,0.0,0.0,0.0,0.0,0.0,0.0,0,0,0.0,false
openjpa-persistence-jdbc/src/test/java/org/apache/openjpa/persistence/event/TestLifecycleEventManager.java,144.0,13.0,3.0,3.0,28.0,6.0,0.0,curtisr7@13f79535-47bb-0310-9956-ffa450edef68,0,0.0,0.0,0.0,0.0,0.0,0.0,0.0,0,0,0.0,false
openjpa-persistence-jdbc/src/test/java/org/apache/openjpa/persistence/event/TestLocalRemoteEvents.java,11.0,3.0,3.0,3.0,2.0,3.0,0.0,pcl@13f79535-47bb-0310-9956-ffa450edef68,0,0.0,0.0,0.0,0.0,0.0,0.0,0.0,0,0,0.0,false
openjpa-persistence-jdbc/src/test/java/org/apache/openjpa/persistence/event/TestOrphanedKeyAction.java,78.0,12.0,3.0,6.0,50.0,11.0,0.0,pcl@13f79535-47bb-0310-9956-ffa450edef68,0,0.0,0.0,0.0,0.0,0.0,0.0,0.0,0,0,0.0,false
openjpa-persistence-jdbc/src/test/java/org/apache/openjpa/persistence/event/TestTCPRemoteClassChanges.java,147.0,15.0,28.0,8.0,31.0,19.0,0.0,pcl@13f79535-47bb-0310-9956-ffa450edef68,0,0.0,0.0,0.0,0.0,0.0,0.0,0.0,0,0,0.0,false
openjpa-persistence-jdbc/src/test/java/org/apache/openjpa/persistence/event/TestTCPRemoteEvents.java,11.0,3.0,3.0,3.0,2.0,3.0,0.0,pcl@13f79535-47bb-0310-9956-ffa450edef68,0,0.0,0.0,0.0,0.0,0.0,0.0,0.0,0,0,0.0,false
openjpa-persistence-jdbc/src/test/java/org/apache/openjpa/persistence/event/TestTCPRemoteEventsDuration.java,140.0,14.0,15.0,6.0,32.0,16.0,0.0,pcl@13f79535-47bb-0310-9956-ffa450edef68,0,0.0,0.0,0.0,0.0,0.0,0.0,0.0,0,0,0.0,false
openjpa-persistence-jdbc/src/test/java/org/apache/openjpa/persistence/event/TestTCPRemoteRecovery.java,155.0,14.0,26.0,8.0,36.0,22.0,0.0,pcl@13f79535-47bb-0310-9956-ffa450edef68,0,0.0,0.0,0.0,0.0,0.0,0.0,0.0,0,0,0.0,false
openjpa-persistence-jdbc/src/test/java/org/apache/openjpa/persistence/event/TestTCPRemoteRecoveryTransmitAdds.java,159.0,14.0,26.0,8.0,37.0,22.0,0.0,pcl@13f79535-47bb-0310-9956-ffa450edef68,0,0.0,0.0,0.0,0.0,0.0,0.0,0.0,0,0,0.0,false
openjpa-persistence-jdbc/src/test/java/org/apache/openjpa/persistence/exception/TestParameterLogging.java,113.0,11.0,61.0,15.0,47.0,28.0,0.0,curtisr7@13f79535-47bb-0310-9956-ffa450edef68,0,0.0,0.0,0.0,0.0,0.0,0.0,0.0,0,1,0.0,false
openjpa-persistence-jdbc/src/test/java/org/apache/openjpa/persistence/external/EntityA.java,30.0,7.0,22.0,8.0,0.0,12.0,0.0,allee8285@13f79535-47bb-0310-9956-ffa450edef68,0,0.0,0.0,0.0,0.0,0.0,0.0,0.0,0,0,0.0,false
openjpa-persistence-jdbc/src/test/java/org/apache/openjpa/persistence/external/TestExternalValues.java,46.0,5.0,3.0,3.0,30.0,6.0,0.0,allee8285@13f79535-47bb-0310-9956-ffa450edef68,0,0.0,0.0,0.0,0.0,0.0,0.0,0.0,0,0,0.0,true
openjpa-persistence-jdbc/src/test/java/org/apache/openjpa/persistence/generationtype/TestMultipleSchemaNames.java,305.0,19.0,10.0,5.0,84.0,14.0,0.0,null,0,0.0,0.0,0.0,0.0,0.0,0.0,0.0,0,2,0.0,false
openjpa-persistence-jdbc/src/test/java/org/apache/openjpa/persistence/identity/TestStringId.java,67.0,3.0,0.0,6.0,46.0,11.0,0.0,mikedd@13f79535-47bb-0310-9956-ffa450edef68,0,0.0,0.0,0.0,0.0,0.0,0.0,0.0,0,0,0.0,false
openjpa-persistence-jdbc/src/test/java/org/apache/openjpa/persistence/inheritance/TestIdentityWithSingleTableStrategy.java,38.0,5.0,0.0,3.0,21.0,3.0,0.0,mikedd@13f79535-47bb-0310-9956-ffa450edef68,0,0.0,0.0,0.0,0.0,0.0,0.0,0.0,0,2,0.0,false
openjpa-persistence-jdbc/src/test/java/org/apache/openjpa/persistence/inheritance/datacache/TestInheritanceWithDataCache.java,33.0,7.0,1.0,2.0,15.0,4.0,0.0,curtisr7@13f79535-47bb-0310-9956-ffa450edef68,0,0.0,0.0,0.0,0.0,0.0,0.0,0.0,0,1,0.0,false
openjpa-persistence-jdbc/src/test/java/org/apache/openjpa/persistence/jdbc/annotations/EmbedOwner.java,27.0,14.0,15.0,7.0,0.0,11.0,0.0,curtisr7@13f79535-47bb-0310-9956-ffa450edef68,0,0.0,0.0,0.0,0.0,0.0,0.0,0.0,0,2,0.0,false
openjpa-persistence-jdbc/src/test/java/org/apache/openjpa/persistence/jdbc/annotations/TestEJBEmbedded.java,116.0,16.0,19.0,7.0,63.0,10.0,0.0,null,0,0.0,0.0,0.0,0.0,0.0,0.0,0.0,0,2,0.0,false
openjpa-persistence-jdbc/src/test/java/org/apache/openjpa/persistence/jdbc/kernel/BaseJDBCTest.java,100.0,10.0,66.0,12.0,34.0,28.0,4.0,pcl@13f79535-47bb-0310-9956-ffa450edef68,1,0.00625,20.0,0.0,20.0,0.0,421.7647058823529,2504.903171355728,1,1,1.7303905228517629,false
openjpa-persistence-jdbc/src/test/java/org/apache/openjpa/persistence/jdbc/kernel/TestByteArrayAppId.java,252.0,13.0,129.0,19.0,126.0,37.0,0.0,mikedd@13f79535-47bb-0310-9956-ffa450edef68,0,0.0,0.0,0.0,0.0,0.0,0.0,0.0,0,1,0.0,false
openjpa-persistence-jdbc/src/test/java/org/apache/openjpa/persistence/jdbc/maps/spec_10_1_27_ex0/Division.java,30.0,4.0,0.0,7.0,4.0,14.0,0.0,fancy@13f79535-47bb-0310-9956-ffa450edef68,0,0.0,0.0,0.0,0.0,0.0,0.0,0.0,0,0,0.0,false
openjpa-persistence-jdbc/src/test/java/org/apache/openjpa/persistence/jdbc/maps/spec_10_1_27_ex0/TestSpec10_1_27.java,266.0,10.0,274.0,25.0,116.0,46.0,0.0,mikedd@13f79535-47bb-0310-9956-ffa450edef68,0,0.0,0.0,0.0,0.0,0.0,0.0,0.0,0,0,0.0,false
openjpa-persistence-jdbc/src/test/java/org/apache/openjpa/persistence/jdbc/maps/spec_10_1_27_ex0/VicePresident.java,30.0,1.0,7.0,7.0,3.0,13.0,0.0,fancy@13f79535-47bb-0310-9956-ffa450edef68,0,0.0,0.0,0.0,0.0,0.0,0.0,0.0,0,1,0.0,false
openjpa-persistence-jdbc/src/test/java/org/apache/openjpa/persistence/jdbc/maps/spec_10_1_27_ex4/Division.java,27.0,4.0,0.0,6.0,3.0,12.0,0.0,fancy@13f79535-47bb-0310-9956-ffa450edef68,0,0.0,0.0,0.0,0.0,0.0,0.0,0.0,0,0,0.0,false
openjpa-persistence-jdbc/src/test/java/org/apache/openjpa/persistence/jdbc/maps/spec_10_1_27_ex4/TestSpec10_1_27_Ex4.java,204.0,11.0,188.0,20.0,94.0,38.0,0.0,fancy@13f79535-47bb-0310-9956-ffa450edef68,0,0.0,0.0,0.0,0.0,0.0,0.0,0.0,0,0,0.0,false
openjpa-persistence-jdbc/src/test/java/org/apache/openjpa/persistence/jdbc/maps/spec_10_1_27_ex4/VicePresident.java,23.0,1.0,9.0,6.0,0.0,9.0,0.0,fancy@13f79535-47bb-0310-9956-ffa450edef68,0,0.0,0.0,0.0,0.0,0.0,0.0,0.0,0,0,0.0,false
openjpa-persistence-jdbc/src/test/java/org/apache/openjpa/persistence/jdbc/query/cache/AbstractQueryCacheTest.java,159.0,9.0,41.0,10.0,61.0,25.0,0.0,faywang@13f79535-47bb-0310-9956-ffa450edef68,0,0.0,0.0,0.0,0.0,0.0,0.0,0.0,0,2,0.0,false
openjpa-persistence-jdbc/src/test/java/org/apache/openjpa/persistence/jdbc/schema/TestClassSequenceFactory.java,108.0,19.0,19.0,7.0,35.0,21.0,0.0,null,0,0.0,0.0,0.0,0.0,0.0,0.0,0.0,0,1,0.0,false
openjpa-persistence-jdbc/src/test/java/org/apache/openjpa/persistence/jdbc/schema/TestSchemaGenerator.java,28.0,22.0,3.0,3.0,10.0,6.0,4.0,mikedd@13f79535-47bb-0310-9956-ffa450edef68,1,0.00625,20.0,0.0,20.0,0.0,421.7647058823529,2504.903171355728,1,1,1.7303905228517629,false
openjpa-persistence-jdbc/src/test/java/org/apache/openjpa/persistence/jdbc/sqlcache/TestFinderCache.java,78.0,8.0,9.0,6.0,35.0,12.0,0.0,mikedd@13f79535-47bb-0310-9956-ffa450edef68,0,0.0,0.0,0.0,0.0,0.0,0.0,0.0,0,2,0.0,false
openjpa-persistence-jdbc/src/test/java/org/apache/openjpa/persistence/jdbc/sqlcache/TestInExpressionParamaterBinding.java,106.0,10.0,7.0,11.0,57.0,21.0,2.0,struberg@13f79535-47bb-0310-9956-ffa450edef68,1,0.00625,33.0,0.0,0.0,33.0,488.2790697674419,5138.5239921729635,1,0,1.7303905228517629,false
openjpa-persistence-jdbc/src/test/java/org/apache/openjpa/persistence/jdbc/sqlcache/TestMultithreadedReparametrization.java,88.0,8.0,0.0,2.0,20.0,6.0,0.0,kwsutter@13f79535-47bb-0310-9956-ffa450edef68,0,0.0,0.0,0.0,0.0,0.0,0.0,0.0,0,0,0.0,false
openjpa-persistence-jdbc/src/test/java/org/apache/openjpa/persistence/jdbc/sqlcache/TestPreparedQueryCache.java,946.0,27.0,772.0,68.0,400.0,114.0,1.0,ppoddar@13f79535-47bb-0310-9956-ffa450edef68,1,0.00625,3.0,0.0,0.0,3.0,488.2790697674419,5138.5239921729635,1,4,1.7303905228517629,false
openjpa-persistence-jdbc/src/test/java/org/apache/openjpa/persistence/kernel/TestIndirectRecursion.java,123.0,13.0,43.0,11.0,52.0,28.0,0.0,mikedd@13f79535-47bb-0310-9956-ffa450edef68,0,0.0,0.0,0.0,0.0,0.0,0.0,0.0,0,0,0.0,false
openjpa-persistence-jdbc/src/test/java/org/apache/openjpa/persistence/kernel/TestPessimisticLocking.java,160.0,12.0,28.0,9.0,30.0,27.0,0.0,null,0,0.0,0.0,0.0,0.0,0.0,0.0,0.0,0,1,0.0,false
openjpa-persistence-jdbc/src/test/java/org/apache/openjpa/persistence/kernel/common/apps/State.java,33.0,14.0,15.0,7.0,2.0,13.0,0.0,allee8285@13f79535-47bb-0310-9956-ffa450edef68,0,0.0,0.0,0.0,0.0,0.0,0.0,0.0,0,0,0.0,false
openjpa-persistence-jdbc/src/test/java/org/apache/openjpa/persistence/kernel/common/apps/Transition.java,31.0,10.0,15.0,7.0,0.0,11.0,0.0,allee8285@13f79535-47bb-0310-9956-ffa450edef68,0,0.0,0.0,0.0,0.0,0.0,0.0,0.0,0,0,0.0,false
openjpa-persistence-jdbc/src/test/java/org/apache/openjpa/persistence/log/TestConnectionRetainModeWarning.java,58.0,9.0,8.0,12.0,33.0,20.0,3.0,mikedd@13f79535-47bb-0310-9956-ffa450edef68,1,0.00625,100.0,100.0,0.0,0.0,307.8181818181818,998.1797300223385,1,0,1.2784053991087057,false
openjpa-persistence-jdbc/src/test/java/org/apache/openjpa/persistence/meta/TestMetaDataRepository.java,45.0,12.0,4.0,4.0,24.0,5.0,0.0,curtisr7@13f79535-47bb-0310-9956-ffa450edef68,0,0.0,0.0,0.0,0.0,0.0,0.0,0.0,0,2,0.0,false
openjpa-persistence-jdbc/src/test/java/org/apache/openjpa/persistence/models/company/CompanyModelTest.java,163.0,6.0,32.0,12.0,55.0,34.0,0.0,struberg@13f79535-47bb-0310-9956-ffa450edef68,0,0.0,0.0,0.0,0.0,0.0,0.0,0.0,0,0,0.0,false
openjpa-persistence-jdbc/src/test/java/org/apache/openjpa/persistence/nullity/TestReadOnlyNullity.java,41.0,4.0,0.0,3.0,15.0,9.0,0.0,mikedd@13f79535-47bb-0310-9956-ffa450edef68,0,0.0,0.0,0.0,0.0,0.0,0.0,0.0,0,0,0.0,false
openjpa-persistence-jdbc/src/test/java/org/apache/openjpa/persistence/proxy/TestEntitySerialize.java,44.0,18.0,6.0,4.0,22.0,7.0,4.0,curtisr7@13f79535-47bb-0310-9956-ffa450edef68,1,0.00625,50.0,0.0,50.0,0.0,421.7647058823529,2504.903171355728,1,0,1.7303905228517629,false
openjpa-persistence-jdbc/src/test/java/org/apache/openjpa/persistence/proxy/entities/Annuity.java,82.0,22.0,190.0,21.0,2.0,35.0,4.0,curtisr7@13f79535-47bb-0310-9956-ffa450edef68,1,0.00625,50.0,0.0,50.0,0.0,421.7647058823529,2504.903171355728,1,1,1.7303905228517629,false
openjpa-persistence-jdbc/src/test/java/org/apache/openjpa/persistence/proxy/entities/EquityAnnuity.java,28.0,5.0,2.0,4.0,3.0,11.0,4.0,curtisr7@13f79535-47bb-0310-9956-ffa450edef68,1,0.00625,50.0,0.0,50.0,0.0,421.7647058823529,2504.903171355728,1,1,1.7303905228517629,false
openjpa-persistence-jdbc/src/test/java/org/apache/openjpa/persistence/proxy/entities/IAnnuity.java,22.0,2.0,190.0,20.0,0.0,20.0,4.0,curtisr7@13f79535-47bb-0310-9956-ffa450edef68,1,0.00625,50.0,0.0,50.0,0.0,421.7647058823529,2504.903171355728,1,1,1.7303905228517629,false
openjpa-persistence-jdbc/src/test/java/org/apache/openjpa/persistence/puconf/TestPersistenceUnitConfig.java,76.0,3.0,13.0,6.0,16.0,17.0,4.0,jgrassel@13f79535-47bb-0310-9956-ffa450edef68,1,0.00625,100.0,0.0,0.0,0.0,34.0,13.919241426750107,1,0,4.3694478524670215,false
openjpa-persistence-jdbc/src/test/java/org/apache/openjpa/persistence/query/TestQueryParameters.java,227.0,17.0,0.0,24.0,139.0,31.0,0.0,ppoddar@13f79535-47bb-0310-9956-ffa450edef68,0,0.0,0.0,0.0,0.0,0.0,0.0,0.0,0,1,0.0,false
openjpa-persistence-jdbc/src/test/java/org/apache/openjpa/persistence/query/TestQueryTimeout.java,754.0,29.0,49.0,22.0,292.0,112.0,0.0,jrbauer@13f79535-47bb-0310-9956-ffa450edef68,0,0.0,0.0,0.0,0.0,0.0,0.0,0.0,0,1,0.0,false
openjpa-persistence-jdbc/src/test/java/org/apache/openjpa/persistence/query/results/TestJPQLMultiSelectTypedResults.java,97.0,16.0,13.0,6.0,46.0,17.0,0.0,fancy@13f79535-47bb-0310-9956-ffa450edef68,0,0.0,0.0,0.0,0.0,0.0,0.0,0.0,0,0,0.0,false
openjpa-persistence-jdbc/src/test/java/org/apache/openjpa/persistence/relations/TestRelationFieldAsPrimaryKeyAndForeignKey.java,138.0,4.0,10.0,5.0,65.0,12.0,0.0,fancy@13f79535-47bb-0310-9956-ffa450edef68,0,0.0,0.0,0.0,0.0,0.0,0.0,0.0,0,2,0.0,false
openjpa-persistence-jdbc/src/test/java/org/apache/openjpa/persistence/test/AbstractCachedEMFTestCase.java,79.0,9.0,0.0,2.0,7.0,7.0,0.0,dwoods@13f79535-47bb-0310-9956-ffa450edef68,0,0.0,0.0,0.0,0.0,0.0,0.0,0.0,0,1,0.0,false
openjpa-persistence-jdbc/src/test/java/org/apache/openjpa/persistence/test/AbstractPersistenceTestCase.java,535.0,26.0,660.0,37.0,135.0,141.0,10.0,dwoods@13f79535-47bb-0310-9956-ffa450edef68,1,0.00625,6.0,0.0,0.0,0.0,201.86666666666667,433.55163318203944,1,3,2.9831534913471307,false
openjpa-persistence-jdbc/src/test/java/org/apache/openjpa/persistence/xs/AccountingHierarchy.java,64.0,11.0,71.0,15.0,6.0,24.0,4.0,curtisr7@13f79535-47bb-0310-9956-ffa450edef68,2,0.0125,100.0,50.0,50.0,0.0,508.7647058823529,2612.3545511729963,2,0,2.010198416819474,false
openjpa-persistence-jdbc/src/test/java/org/apache/openjpa/persistence/xs/AccountingHierarchyRate.java,61.0,10.0,42.0,12.0,6.0,20.0,4.0,curtisr7@13f79535-47bb-0310-9956-ffa450edef68,2,0.0125,100.0,50.0,50.0,0.0,508.7647058823529,2612.3545511729963,2,0,2.010198416819474,false
openjpa-persistence-jdbc/src/test/java/org/apache/openjpa/persistence/xs/AccountingHierarchyRateOpenJPAKey.java,78.0,1.0,0.0,10.0,6.0,19.0,4.0,curtisr7@13f79535-47bb-0310-9956-ffa450edef68,2,0.0125,100.0,50.0,50.0,0.0,508.7647058823529,2612.3545511729963,2,0,2.010198416819474,false
openjpa-persistence-jdbc/src/test/java/org/apache/openjpa/persistence/xs/TestMergeComplexKey.java,61.0,4.0,3.0,3.0,32.0,12.0,4.0,curtisr7@13f79535-47bb-0310-9956-ffa450edef68,2,0.0125,100.0,50.0,50.0,0.0,508.7647058823529,2612.3545511729963,2,0,2.010198416819474,false
openjpa-persistence-locking/src/test/java/org/apache/openjpa/persistence/lockmgr/Person.java,45.0,9.0,5.0,11.0,12.0,18.0,0.0,faywang@13f79535-47bb-0310-9956-ffa450edef68,0,0.0,0.0,0.0,0.0,0.0,0.0,0.0,0,1,0.0,false
openjpa-persistence-locking/src/test/java/org/apache/openjpa/persistence/lockmgr/PhoneNumber.java,16.0,5.0,4.0,4.0,0.0,5.0,0.0,faywang@13f79535-47bb-0310-9956-ffa450edef68,0,0.0,0.0,0.0,0.0,0.0,0.0,0.0,0,0,0.0,false
openjpa-persistence-locking/src/test/java/org/apache/openjpa/persistence/lockmgr/TestLocking.java,63.0,8.0,3.0,3.0,27.0,5.0,0.0,faywang@13f79535-47bb-0310-9956-ffa450edef68,0,0.0,0.0,0.0,0.0,0.0,0.0,0.0,0,0,0.0,false
openjpa-persistence-locking/src/test/java/org/apache/openjpa/persistence/lockmgr/TestPessimisticLocks.java,388.0,24.0,15.0,10.0,160.0,40.0,7.0,null,2,0.0125,15.0,8.0,8.0,0.0,336.15238095238095,597.216666773134,2,5,2.1784345351300805,false
openjpa-persistence/src/main/java/org/apache/openjpa/persistence/AnnotationPersistenceMetaDataParser.java,1257.0,147.0,2043.0,75.0,544.0,260.0,1.0,null,1,0.00625,1.0,0.0,0.0,0.0,488.2790697674419,5138.5239921729635,1,6,1.7303905228517629,true
openjpa-persistence/src/main/java/org/apache/openjpa/persistence/AnnotationPersistenceMetaDataSerializer.java,1025.0,67.0,2428.0,72.0,287.0,220.0,0.0,null,0,0.0,0.0,0.0,0.0,0.0,0.0,0.0,0,0,0.0,true
openjpa-persistence/src/main/java/org/apache/openjpa/persistence/EntityManagerFactoryImpl.java,256.0,29.0,106.0,33.0,87.0,83.0,0.0,null,0,0.0,0.0,0.0,0.0,0.0,0.0,0.0,0,3,0.0,false
openjpa-persistence/src/main/java/org/apache/openjpa/persistence/EntityManagerImpl.java,1323.0,69.0,0.0,226.0,623.0,452.0,6.0,ppoddar@13f79535-47bb-0310-9956-ffa450edef68,2,0.0125,2.0,0.0,0.0,0.0,336.15238095238095,597.216666773134,2,9,2.1784345351300805,false
openjpa-persistence/src/main/java/org/apache/openjpa/persistence/ExtentImpl.java,71.0,3.0,0.0,13.0,22.0,25.0,5.0,null,1,0.00625,20.0,0.0,0.0,0.0,488.2790697674419,5138.5239921729635,1,0,1.7303905228517629,false
openjpa-persistence/src/main/java/org/apache/openjpa/persistence/FetchPlanImpl.java,308.0,14.0,202.0,64.0,101.0,140.0,0.0,ppoddar@13f79535-47bb-0310-9956-ffa450edef68,0,0.0,0.0,0.0,0.0,0.0,0.0,0.0,0,0,0.0,false
openjpa-persistence/src/main/java/org/apache/openjpa/persistence/GeneratorImpl.java,48.0,4.0,0.0,8.0,7.0,15.0,0.0,struberg@13f79535-47bb-0310-9956-ffa450edef68,0,0.0,0.0,0.0,0.0,0.0,0.0,0.0,0,0,0.0,false
openjpa-persistence/src/main/java/org/apache/openjpa/persistence/HintHandler.java,114.0,18.0,5.0,6.0,38.0,19.0,0.0,ppoddar@13f79535-47bb-0310-9956-ffa450edef68,0,0.0,0.0,0.0,0.0,0.0,0.0,0.0,0,0,0.0,false
openjpa-persistence/src/main/java/org/apache/openjpa/persistence/OpenJPAQuery.java,176.0,13.0,820.0,41.0,0.0,52.0,0.0,ppoddar@13f79535-47bb-0310-9956-ffa450edef68,0,0.0,0.0,0.0,0.0,0.0,0.0,0.0,0,1,0.0,false
openjpa-persistence/src/main/java/org/apache/openjpa/persistence/PersistenceProductDerivation.java,631.0,43.0,360.0,28.0,144.0,100.0,4.0,null,1,0.00625,2.0,0.0,0.0,0.0,34.0,13.919241426750107,1,7,4.3694478524670215,false
openjpa-persistence/src/main/java/org/apache/openjpa/persistence/PersistenceProviderImpl.java,198.0,34.0,66.0,13.0,74.0,45.0,2.0,null,2,0.0125,4.0,2.0,0.0,0.0,729.5828877005347,3503.0829013780663,2,9,0.811250780420289,true
openjpa-persistence/src/main/java/org/apache/openjpa/persistence/PersistenceUnitInfoImpl.java,371.0,29.0,1165.0,50.0,82.0,111.0,4.0,null,1,0.00625,3.0,0.0,0.0,0.0,34.0,13.919241426750107,1,3,4.3694478524670215,false
openjpa-persistence/src/main/java/org/apache/openjpa/persistence/QueryImpl.java,823.0,48.0,1749.0,90.0,311.0,278.0,10.0,ppoddar@13f79535-47bb-0310-9956-ffa450edef68,1,0.00625,1.0,0.0,0.0,0.0,201.86666666666667,433.55163318203944,1,10,2.9831534913471307,false
openjpa-persistence/src/main/java/org/apache/openjpa/persistence/QueryResultCacheImpl.java,53.0,6.0,0.0,10.0,21.0,20.0,0.0,jrbauer@13f79535-47bb-0310-9956-ffa450edef68,0,0.0,0.0,0.0,0.0,0.0,0.0,0.0,0,0,0.0,false
openjpa-persistence/src/main/java/org/apache/openjpa/persistence/StoreCacheImpl.java,93.0,8.0,0.0,20.0,55.0,43.0,0.0,null,0,0.0,0.0,0.0,0.0,0.0,0.0,0.0,0,0,0.0,false
openjpa-persistence/src/main/java/org/apache/openjpa/persistence/criteria/CriteriaQueryImpl.java,504.0,33.0,1645.0,62.0,138.0,178.0,0.0,ppoddar@13f79535-47bb-0310-9956-ffa450edef68,0,0.0,0.0,0.0,0.0,0.0,0.0,0.0,0,2,0.0,true
openjpa-persistence/src/main/java/org/apache/openjpa/persistence/criteria/Expressions.java,1337.0,19.0,36.0,9.0,18.0,31.0,0.0,ppoddar@13f79535-47bb-0310-9956-ffa450edef68,0,0.0,0.0,0.0,0.0,0.0,0.0,0.0,0,1,0.0,true
openjpa-persistence/src/main/java/org/apache/openjpa/persistence/meta/SourceAnnotationHandler.java,491.0,38.0,825.0,42.0,168.0,147.0,0.0,ppoddar@13f79535-47bb-0310-9956-ffa450edef68,0,0.0,0.0,0.0,0.0,0.0,0.0,0.0,0,0,0.0,false
openjpa-slice/src/test/java/org/apache/openjpa/slice/TestQueryMultiThreaded.java,288.0,16.0,174.0,25.0,164.0,65.0,0.0,ppoddar@13f79535-47bb-0310-9956-ffa450edef68,0,0.0,0.0,0.0,0.0,0.0,0.0,0.0,0,3,0.0,true
