name,LOC,CBO,LCOM,NOM,RFC,WMC,ACS,Ownership,numOfChanges,numberOfFIChanges,ENH,NF,BugFixing,REF,structuralWorkloadSum,semanticWorkloadSum,numberOfDeveloper,pastFaults,MAF,isBuggy
openjpa-examples/image-gallery/src/main/java/org/apache/openjpa/example/gallery/constraint/ImageValidator.java,38.0,6.0,0.0,2.0,8.0,5.0,1.0,allee8285@13f79535-47bb-0310-9956-ffa450edef68,1,0.0078125,33.0,0.0,0.0,0.0,32.0,24.493098908615742,1,0,3.624340932976365,false
openjpa-examples/image-gallery/src/test/java/org/apache/openjpa/example/gallery/TestJPAValidation.java,81.0,8.0,3.0,3.0,32.0,8.0,0.0,jrbauer@13f79535-47bb-0310-9956-ffa450edef68,0,0.0,0.0,0.0,0.0,0.0,0.0,0.0,0,0,0.0,false
openjpa-examples/openbooks/src/main/java/jpa/tools/swing/QueryDecorator.java,7.0,1.0,0.0,1.0,0.0,1.0,0.0,kwsutter@13f79535-47bb-0310-9956-ffa450edef68,0,0.0,0.0,0.0,0.0,0.0,0.0,0.0,0,1,0.0,false
openjpa-examples/openbooks/src/main/java/openbook/domain/Author.java,29.0,7.0,11.0,6.0,1.0,11.0,0.0,kwsutter@13f79535-47bb-0310-9956-ffa450edef68,0,0.0,0.0,0.0,0.0,0.0,0.0,0.0,0,1,0.0,false
openjpa-examples/openbooks/src/main/java/openbook/domain/Book.java,77.0,10.0,42.0,12.0,5.0,26.0,0.0,kwsutter@13f79535-47bb-0310-9956-ffa450edef68,0,0.0,0.0,0.0,0.0,0.0,0.0,0.0,0,1,0.0,false
openjpa-examples/openbooks/src/main/java/openbook/domain/Customer.java,40.0,5.0,28.0,9.0,0.0,16.0,0.0,kwsutter@13f79535-47bb-0310-9956-ffa450edef68,0,0.0,0.0,0.0,0.0,0.0,0.0,0.0,0,1,0.0,false
openjpa-examples/openbooks/src/main/java/openbook/domain/Inventory.java,69.0,6.0,22.0,9.0,1.0,22.0,0.0,kwsutter@13f79535-47bb-0310-9956-ffa450edef68,0,0.0,0.0,0.0,0.0,0.0,0.0,0.0,0,1,0.0,false
openjpa-examples/openbooks/src/main/java/openbook/domain/LineItem.java,79.0,8.0,7.0,6.0,0.0,15.0,0.0,kwsutter@13f79535-47bb-0310-9956-ffa450edef68,0,0.0,0.0,0.0,0.0,0.0,0.0,0.0,0,1,0.0,false
openjpa-examples/openbooks/src/main/java/openbook/domain/PurchaseOrder.java,117.0,15.0,34.0,12.0,13.0,31.0,0.0,kwsutter@13f79535-47bb-0310-9956-ffa450edef68,0,0.0,0.0,0.0,0.0,0.0,0.0,0.0,0,1,0.0,false
openjpa-examples/openbooks/src/main/java/openbook/domain/ShoppingCart.java,83.0,3.0,0.0,9.0,13.0,23.0,0.0,kwsutter@13f79535-47bb-0310-9956-ffa450edef68,0,0.0,0.0,0.0,0.0,0.0,0.0,0.0,0,1,0.0,false
openjpa-examples/openbooks/src/main/java/openbook/server/DataLoader.java,18.0,2.0,0.0,1.0,4.0,2.0,0.0,kwsutter@13f79535-47bb-0310-9956-ffa450edef68,0,0.0,0.0,0.0,0.0,0.0,0.0,0.0,0,1,0.0,false
openjpa-examples/openbooks/src/main/java/openbook/server/OpenBookService.java,104.0,8.0,120.0,16.0,0.0,38.0,0.0,kwsutter@13f79535-47bb-0310-9956-ffa450edef68,0,0.0,0.0,0.0,0.0,0.0,0.0,0.0,0,1,0.0,false
openjpa-examples/openbooks/src/main/java/openbook/server/OpenBookServiceImpl.java,275.0,32.0,171.0,19.0,139.0,56.0,0.0,kwsutter@13f79535-47bb-0310-9956-ffa450edef68,0,0.0,0.0,0.0,0.0,0.0,0.0,0.0,0,1,0.0,false
openjpa-examples/openbooks/src/main/java/openbook/server/PersistenceService.java,138.0,5.0,8.0,12.0,36.0,29.0,0.0,kwsutter@13f79535-47bb-0310-9956-ffa450edef68,0,0.0,0.0,0.0,0.0,0.0,0.0,0.0,0,1,0.0,false
openjpa-examples/openbooks/src/main/java/openbook/server/QueryDecorator.java,7.0,1.0,0.0,1.0,0.0,1.0,0.0,kwsutter@13f79535-47bb-0310-9956-ffa450edef68,0,0.0,0.0,0.0,0.0,0.0,0.0,0.0,0,1,0.0,false
openjpa-examples/openbooks/src/main/java/openbook/server/ServiceFactory.java,23.0,5.0,1.0,2.0,4.0,5.0,0.0,kwsutter@13f79535-47bb-0310-9956-ffa450edef68,0,0.0,0.0,0.0,0.0,0.0,0.0,0.0,0,1,0.0,false
openjpa-integration/validation/src/test/java/org/apache/openjpa/integration/validation/TestEagerInit.java,16.0,5.0,0.0,3.0,4.0,5.0,2.0,curtisr7@13f79535-47bb-0310-9956-ffa450edef68,1,0.0078125,100.0,0.0,0.0,0.0,361.4074074074074,1256.815289323245,1,0,1.7525387560747736,false
openjpa-integration/validation/src/test/java/org/apache/openjpa/integration/validation/TestMerge.java,150.0,8.0,1.0,7.0,59.0,18.0,2.0,struberg@13f79535-47bb-0310-9956-ffa450edef68,2,0.015625,67.0,33.0,0.0,0.0,1219.1286449399659,5542.1603184974565,2,0,1.0836387504841336,false
openjpa-integration/validation/src/test/java/org/apache/openjpa/integration/validation/TestValidationGroups.java,606.0,11.0,231.0,22.0,187.0,76.0,3.0,jrbauer@13f79535-47bb-0310-9956-ffa450edef68,1,0.0078125,12.0,12.0,12.0,0.0,237.09090909090912,1166.1813076951255,1,2,2.371577964480997,false
openjpa-jdbc/src/main/java/org/apache/openjpa/jdbc/kernel/BatchingPreparedStatementManagerImpl.java,215.0,16.0,75.0,15.0,69.0,51.0,1.0,fancy@13f79535-47bb-0310-9956-ffa450edef68,1,0.0078125,10.0,0.0,0.0,5.0,982.0377358490566,4375.979010802331,1,10,1.181993897607161,false
openjpa-jdbc/src/main/java/org/apache/openjpa/jdbc/kernel/NativeJDBCSeq.java,262.0,25.0,187.0,26.0,74.0,68.0,0.0,null,0,0.0,0.0,0.0,0.0,0.0,0.0,0.0,0,2,0.0,false
openjpa-jdbc/src/main/java/org/apache/openjpa/jdbc/kernel/PreparedStatementManagerImpl.java,186.0,27.0,121.0,19.0,72.0,75.0,2.0,null,1,0.0078125,4.0,0.0,0.0,4.0,982.0377358490566,4375.979010802331,1,3,1.181993897607161,false
openjpa-jdbc/src/main/java/org/apache/openjpa/jdbc/meta/FieldMapping.java,919.0,34.0,8167.0,142.0,359.0,340.0,0.0,null,0,0.0,0.0,0.0,0.0,0.0,0.0,0.0,0,2,0.0,true
openjpa-jdbc/src/main/java/org/apache/openjpa/jdbc/meta/strats/ColumnVersionStrategy.java,216.0,26.0,118.0,16.0,113.0,64.0,5.0,ppoddar@13f79535-47bb-0310-9956-ffa450edef68,1,0.0078125,7.0,0.0,0.0,0.0,361.4074074074074,1256.815289323245,1,1,1.7525387560747736,true
openjpa-jdbc/src/main/java/org/apache/openjpa/jdbc/schema/SchemaGenerator.java,677.0,23.0,651.0,42.0,266.0,160.0,1.0,jrbauer@13f79535-47bb-0310-9956-ffa450edef68,1,0.0078125,6.0,0.0,0.0,0.0,982.0377358490566,4375.979010802331,1,2,1.181993897607161,false
openjpa-jdbc/src/main/java/org/apache/openjpa/jdbc/sql/DB2Dictionary.java,746.0,36.0,1190.0,52.0,196.0,179.0,2.0,null,3,0.0234375,4.0,0.0,1.0,1.0,1463.1594289707498,5796.129141567653,3,18,0.7822486629266052,true
openjpa-jdbc/src/main/java/org/apache/openjpa/jdbc/sql/DBDictionary.java,3725.0,105.0,45458.0,304.0,1092.0,1126.0,2.0,null,1,0.0078125,2.0,0.0,0.0,1.0,982.0377358490566,4375.979010802331,1,25,1.181993897607161,true
openjpa-jdbc/src/main/java/org/apache/openjpa/jdbc/sql/FirebirdDictionary.java,283.0,22.0,145.0,19.0,66.0,65.0,0.0,mtylenda@13f79535-47bb-0310-9956-ffa450edef68,0,0.0,0.0,0.0,0.0,0.0,0.0,0.0,0,1,0.0,false
openjpa-jdbc/src/main/java/org/apache/openjpa/jdbc/sql/InformixDictionary.java,241.0,23.0,205.0,22.0,75.0,84.0,0.0,null,0,0.0,0.0,0.0,0.0,0.0,0.0,0.0,0,6,0.0,false
openjpa-jdbc/src/main/java/org/apache/openjpa/jdbc/sql/OracleDictionary.java,819.0,40.0,1567.0,58.0,325.0,263.0,0.0,null,0,0.0,0.0,0.0,0.0,0.0,0.0,0.0,0,10,0.0,true
openjpa-jdbc/src/main/java/org/apache/openjpa/jdbc/sql/PostgresDictionary.java,694.0,40.0,800.0,41.0,179.0,161.0,1.0,null,1,0.0078125,7.0,0.0,0.0,0.0,982.0377358490566,4375.979010802331,1,3,1.181993897607161,true
openjpa-jdbc/src/main/java/org/apache/openjpa/jdbc/sql/SQLBuffer.java,416.0,19.0,288.0,37.0,95.0,117.0,0.0,null,0,0.0,0.0,0.0,0.0,0.0,0.0,0.0,0,3,0.0,true
openjpa-jdbc/src/main/java/org/apache/openjpa/jdbc/sql/SQLServerDictionary.java,185.0,17.0,105.0,15.0,62.0,53.0,1.0,null,1,0.0078125,10.0,0.0,5.0,0.0,119.71428571428571,163.3348414420781,1,2,2.70805020110221,false
openjpa-jdbc/src/main/java/org/apache/openjpa/jdbc/sql/SelectImpl.java,2208.0,43.0,20427.0,211.0,454.0,569.0,3.0,null,1,0.0078125,1.0,0.0,1.0,0.0,361.4074074074074,1256.815289323245,1,14,1.7525387560747736,true
openjpa-jdbc/src/test/java/org/apache/openjpa/jdbc/sql/TestDB2Dictionary.java,127.0,9.0,0.0,5.0,80.0,15.0,2.0,mikedd@13f79535-47bb-0310-9956-ffa450edef68,1,0.0078125,67.0,33.0,0.0,33.0,982.0377358490566,4375.979010802331,1,0,1.181993897607161,false
openjpa-kernel/src/main/java/org/apache/openjpa/conf/OpenJPAConfigurationImpl.java,1256.0,55.0,31644.0,256.0,336.0,449.0,2.0,null,1,0.0078125,1.0,0.0,0.0,0.0,361.4074074074074,1256.815289323245,1,4,1.7525387560747736,false
openjpa-kernel/src/main/java/org/apache/openjpa/ee/OSGiManagedRuntime.java,83.0,9.0,4.0,5.0,8.0,15.0,0.0,mikedd@13f79535-47bb-0310-9956-ffa450edef68,0,0.0,0.0,0.0,0.0,0.0,0.0,0.0,0,0,0.0,false
openjpa-kernel/src/main/java/org/apache/openjpa/enhance/PCEnhancer.java,3047.0,87.0,4525.0,131.0,1546.0,551.0,0.0,null,0,0.0,0.0,0.0,0.0,0.0,0.0,0.0,0,11,0.0,true
openjpa-kernel/src/main/java/org/apache/openjpa/kernel/AttachStrategy.java,370.0,16.0,100.0,16.0,155.0,73.0,7.0,null,1,0.0078125,15.0,8.0,0.0,0.0,237.09090909090912,1166.1813076951255,1,2,2.371577964480997,false
openjpa-kernel/src/main/java/org/apache/openjpa/kernel/BrokerImpl.java,3726.0,76.0,28660.0,265.0,1220.0,882.0,5.0,null,3,0.0234375,4.0,2.0,2.0,1.0,718.2126022126022,2586.331438460448,3,13,1.2612154506948265,true
openjpa-kernel/src/main/java/org/apache/openjpa/kernel/DelegatingBroker.java,1399.0,15.0,0.0,182.0,347.0,617.0,0.0,ppoddar@13f79535-47bb-0310-9956-ffa450edef68,0,0.0,0.0,0.0,0.0,0.0,0.0,0.0,0,2,0.0,false
openjpa-kernel/src/main/java/org/apache/openjpa/kernel/DelegatingExtent.java,140.0,3.0,0.0,18.0,28.0,55.0,0.0,struberg@13f79535-47bb-0310-9956-ffa450edef68,0,0.0,0.0,0.0,0.0,0.0,0.0,0.0,0,0,0.0,false
openjpa-kernel/src/main/java/org/apache/openjpa/kernel/DelegatingQuery.java,615.0,8.0,0.0,78.0,146.0,275.0,1.0,ppoddar@13f79535-47bb-0310-9956-ffa450edef68,1,0.0078125,11.0,0.0,11.0,0.0,982.0377358490566,4375.979010802331,1,0,1.181993897607161,false
openjpa-kernel/src/main/java/org/apache/openjpa/kernel/DetachedStateManager.java,681.0,19.0,7037.0,122.0,166.0,256.0,10.0,null,1,0.0078125,6.0,0.0,0.0,0.0,237.09090909090912,1166.1813076951255,1,3,2.371577964480997,false
openjpa-kernel/src/main/java/org/apache/openjpa/kernel/Extent.java,51.0,3.0,55.0,11.0,0.0,14.0,0.0,joes@13f79535-47bb-0310-9956-ffa450edef68,0,0.0,0.0,0.0,0.0,0.0,0.0,0.0,0,0,0.0,false
openjpa-kernel/src/main/java/org/apache/openjpa/kernel/ExtentImpl.java,232.0,17.0,28.0,12.0,37.0,35.0,0.0,ppoddar@13f79535-47bb-0310-9956-ffa450edef68,0,0.0,0.0,0.0,0.0,0.0,0.0,0.0,0,0,0.0,false
openjpa-kernel/src/main/java/org/apache/openjpa/kernel/StateManagerImpl.java,2284.0,49.0,12791.0,226.0,1071.0,675.0,5.0,null,1,0.0078125,1.0,0.0,0.0,0.0,361.4074074074074,1256.815289323245,1,14,1.7525387560747736,true
openjpa-kernel/src/main/java/org/apache/openjpa/kernel/StoreContext.java,326.0,7.0,2211.0,67.0,0.0,117.0,0.0,null,0,0.0,0.0,0.0,0.0,0.0,0.0,0.0,0,1,0.0,false
openjpa-kernel/src/main/java/org/apache/openjpa/kernel/exps/InMemoryExpressionFactory.java,509.0,19.0,4089.0,91.0,64.0,215.0,0.0,fancy@13f79535-47bb-0310-9956-ffa450edef68,0,0.0,0.0,0.0,0.0,0.0,0.0,0.0,0,1,0.0,false
openjpa-kernel/src/main/java/org/apache/openjpa/meta/FieldMetaData.java,1657.0,46.0,11778.0,169.0,369.0,467.0,3.0,null,1,0.0078125,2.0,0.0,2.0,0.0,361.4074074074074,1256.815289323245,1,4,1.7525387560747736,true
openjpa-kernel/src/main/java/org/apache/openjpa/validation/ValidatingLifecycleEventManager.java,65.0,6.0,14.0,9.0,9.0,22.0,4.0,kwsutter@13f79535-47bb-0310-9956-ffa450edef68,2,0.015625,22.0,11.0,22.0,11.0,356.80519480519484,1329.5161491372037,2,1,1.8466669022316582,true
openjpa-kernel/src/test/java/org/apache/openjpa/ee/TestOSGiManagedRuntime.java,285.0,27.0,233.0,23.0,38.0,57.0,0.0,mikedd@13f79535-47bb-0310-9956-ffa450edef68,0,0.0,0.0,0.0,0.0,0.0,0.0,0.0,0,0,0.0,false
openjpa-lib/src/main/java/org/apache/openjpa/lib/util/Options.java,363.0,15.0,274.0,24.0,100.0,106.0,0.0,null,0,0.0,0.0,0.0,0.0,0.0,0.0,0.0,0,3,0.0,false
openjpa-persistence-jdbc/src/main/java/org/apache/openjpa/persistence/jdbc/XMLPersistenceMappingParser.java,1083.0,50.0,1917.0,66.0,446.0,238.0,7.0,null,1,0.0078125,2.0,0.0,0.0,0.0,982.0377358490566,4375.979010802331,1,2,1.181993897607161,true
openjpa-persistence-jdbc/src/test/java/org/apache/openjpa/enhance/EnhancedSubClass.java,13.0,2.0,0.0,2.0,0.0,3.0,0.0,mikedd@13f79535-47bb-0310-9956-ffa450edef68,0,0.0,0.0,0.0,0.0,0.0,0.0,0.0,0,0,0.0,false
openjpa-persistence-jdbc/src/test/java/org/apache/openjpa/enhance/EnhancedSuperClass.java,20.0,4.0,2.0,4.0,0.0,6.0,0.0,mikedd@13f79535-47bb-0310-9956-ffa450edef68,0,0.0,0.0,0.0,0.0,0.0,0.0,0.0,0,0,0.0,false
openjpa-persistence-jdbc/src/test/java/org/apache/openjpa/jdbc/oracle/TestOracleXmlColumn.java,74.0,11.0,0.0,4.0,38.0,15.0,0.0,struberg@13f79535-47bb-0310-9956-ffa450edef68,0,0.0,0.0,0.0,0.0,0.0,0.0,0.0,0,0,0.0,false
openjpa-persistence-jdbc/src/test/java/org/apache/openjpa/persistence/arrays/TestAnnoExceptionEntity.java,65.0,4.0,6.0,4.0,49.0,4.0,7.0,mikedd@13f79535-47bb-0310-9956-ffa450edef68,1,0.0078125,100.0,0.0,0.0,0.0,982.0377358490566,4375.979010802331,1,0,1.181993897607161,false
openjpa-persistence-jdbc/src/test/java/org/apache/openjpa/persistence/arrays/TestXMLExceptionEntity.java,65.0,4.0,6.0,4.0,49.0,5.0,7.0,mikedd@13f79535-47bb-0310-9956-ffa450edef68,1,0.0078125,100.0,0.0,0.0,0.0,982.0377358490566,4375.979010802331,1,0,1.181993897607161,false
openjpa-persistence-jdbc/src/test/java/org/apache/openjpa/persistence/arrays/model/AnnoExceptionEntity.java,33.0,8.0,20.0,8.0,0.0,12.0,7.0,mikedd@13f79535-47bb-0310-9956-ffa450edef68,1,0.0078125,100.0,0.0,0.0,0.0,982.0377358490566,4375.979010802331,1,0,1.181993897607161,false
openjpa-persistence-jdbc/src/test/java/org/apache/openjpa/persistence/arrays/model/XMLExceptionEntity.java,33.0,1.0,20.0,8.0,0.0,12.0,7.0,mikedd@13f79535-47bb-0310-9956-ffa450edef68,1,0.0078125,100.0,0.0,0.0,0.0,982.0377358490566,4375.979010802331,1,0,1.181993897607161,false
openjpa-persistence-jdbc/src/test/java/org/apache/openjpa/persistence/datacache/CacheTest.java,1032.0,53.0,186.0,56.0,439.0,130.0,0.0,dwoods@13f79535-47bb-0310-9956-ffa450edef68,0,0.0,0.0,0.0,0.0,0.0,0.0,0.0,0,6,0.0,false
openjpa-persistence-jdbc/src/test/java/org/apache/openjpa/persistence/delimited/identifiers/EntityH.java,104.0,15.0,141.0,19.0,3.0,26.0,0.0,mikedd@13f79535-47bb-0310-9956-ffa450edef68,0,0.0,0.0,0.0,0.0,0.0,0.0,0.0,0,1,0.0,false
openjpa-persistence-jdbc/src/test/java/org/apache/openjpa/persistence/generationtype/TestNativeSeqGenerator.java,57.0,4.0,0.0,4.0,31.0,8.0,1.0,allee8285@13f79535-47bb-0310-9956-ffa450edef68,1,0.0078125,25.0,25.0,0.0,0.0,0.0,0.0,1,1,1.4842747694800944,false
openjpa-persistence-jdbc/src/test/java/org/apache/openjpa/persistence/jdbc/annotations/AnnoTest1.java,156.0,3.0,900.0,44.0,0.0,67.0,5.0,curtisr7@13f79535-47bb-0310-9956-ffa450edef68,1,0.0078125,33.0,0.0,0.0,0.0,361.4074074074074,1256.815289323245,1,0,1.7525387560747736,false
openjpa-persistence-jdbc/src/test/java/org/apache/openjpa/persistence/jdbc/annotations/TestVersion.java,169.0,5.0,28.0,8.0,93.0,12.0,5.0,curtisr7@13f79535-47bb-0310-9956-ffa450edef68,1,0.0078125,12.0,0.0,0.0,0.0,361.4074074074074,1256.815289323245,1,1,1.7525387560747736,false
openjpa-persistence-jdbc/src/test/java/org/apache/openjpa/persistence/jdbc/update/BaseTimestampedEntity.java,17.0,5.0,4.0,4.0,0.0,7.0,0.0,curtisr7@13f79535-47bb-0310-9956-ffa450edef68,0,0.0,0.0,0.0,0.0,0.0,0.0,0.0,0,1,0.0,false
openjpa-persistence-jdbc/src/test/java/org/apache/openjpa/persistence/jdbc/update/TestTimestampVersion.java,57.0,9.0,6.0,4.0,32.0,5.0,0.0,null,0,0.0,0.0,0.0,0.0,0.0,0.0,0.0,0,4,0.0,false
openjpa-persistence-jdbc/src/test/java/org/apache/openjpa/persistence/jdbc/update/TimestampedEntity.java,6.0,2.0,0.0,0.0,0.0,0.0,0.0,curtisr7@13f79535-47bb-0310-9956-ffa450edef68,0,0.0,0.0,0.0,0.0,0.0,0.0,0.0,0,2,0.0,false
openjpa-persistence-jdbc/src/test/java/org/apache/openjpa/persistence/jdbc/version/TestVersionColumn.java,71.0,8.0,6.0,4.0,60.0,7.0,5.0,curtisr7@13f79535-47bb-0310-9956-ffa450edef68,1,0.0078125,33.0,0.0,0.0,0.0,361.4074074074074,1256.815289323245,1,0,1.7525387560747736,false
openjpa-persistence-jdbc/src/test/java/org/apache/openjpa/persistence/jdbc/version/model/IntVersion.java,16.0,5.0,2.0,4.0,0.0,6.0,0.0,mikedd@13f79535-47bb-0310-9956-ffa450edef68,0,0.0,0.0,0.0,0.0,0.0,0.0,0.0,0,0,0.0,false
openjpa-persistence-jdbc/src/test/java/org/apache/openjpa/persistence/jdbc/version/model/ShortVersion.java,16.0,5.0,2.0,4.0,0.0,6.0,0.0,mikedd@13f79535-47bb-0310-9956-ffa450edef68,0,0.0,0.0,0.0,0.0,0.0,0.0,0.0,0,0,0.0,false
openjpa-persistence-jdbc/src/test/java/org/apache/openjpa/persistence/jdbc/version/model/TimestampVersion.java,16.0,6.0,2.0,4.0,0.0,6.0,0.0,mikedd@13f79535-47bb-0310-9956-ffa450edef68,0,0.0,0.0,0.0,0.0,0.0,0.0,0.0,0,0,0.0,false
openjpa-persistence-jdbc/src/test/java/org/apache/openjpa/persistence/jpql/TestOneToManySubQuery.java,14.0,5.0,1.0,2.0,6.0,3.0,3.0,curtisr7@13f79535-47bb-0310-9956-ffa450edef68,1,0.0078125,100.0,0.0,100.0,0.0,361.4074074074074,1256.815289323245,1,0,1.7525387560747736,false
openjpa-persistence-jdbc/src/test/java/org/apache/openjpa/persistence/merge/TestMergeDetachStateField.java,137.0,11.0,10.0,5.0,65.0,11.0,10.0,jrbauer@13f79535-47bb-0310-9956-ffa450edef68,1,0.0078125,100.0,0.0,0.0,0.0,237.09090909090912,1166.1813076951255,1,0,2.371577964480997,false
openjpa-persistence-jdbc/src/test/java/org/apache/openjpa/persistence/merge/model/Car.java,17.0,8.0,2.0,4.0,0.0,6.0,10.0,jrbauer@13f79535-47bb-0310-9956-ffa450edef68,1,0.0078125,100.0,0.0,0.0,0.0,237.09090909090912,1166.1813076951255,1,0,2.371577964480997,false
openjpa-persistence-jdbc/src/test/java/org/apache/openjpa/persistence/merge/model/Label.java,21.0,13.0,6.0,5.0,1.0,7.0,10.0,jrbauer@13f79535-47bb-0310-9956-ffa450edef68,1,0.0078125,100.0,0.0,0.0,0.0,237.09090909090912,1166.1813076951255,1,0,2.371577964480997,false
openjpa-persistence-jdbc/src/test/java/org/apache/openjpa/persistence/merge/model/Label2.java,21.0,12.0,6.0,5.0,1.0,7.0,10.0,jrbauer@13f79535-47bb-0310-9956-ffa450edef68,1,0.0078125,100.0,0.0,0.0,0.0,237.09090909090912,1166.1813076951255,1,0,2.371577964480997,false
openjpa-persistence-jdbc/src/test/java/org/apache/openjpa/persistence/merge/model/Make.java,18.0,10.0,2.0,4.0,0.0,6.0,10.0,jrbauer@13f79535-47bb-0310-9956-ffa450edef68,1,0.0078125,100.0,0.0,0.0,0.0,237.09090909090912,1166.1813076951255,1,0,2.371577964480997,false
openjpa-persistence-jdbc/src/test/java/org/apache/openjpa/persistence/merge/model/Model.java,24.0,11.0,9.0,6.0,0.0,9.0,10.0,jrbauer@13f79535-47bb-0310-9956-ffa450edef68,1,0.0078125,100.0,0.0,0.0,0.0,237.09090909090912,1166.1813076951255,1,0,2.371577964480997,false
openjpa-persistence-jdbc/src/test/java/org/apache/openjpa/persistence/merge/model/ShipPackage.java,17.0,10.0,2.0,4.0,0.0,6.0,10.0,jrbauer@13f79535-47bb-0310-9956-ffa450edef68,1,0.0078125,100.0,0.0,0.0,0.0,237.09090909090912,1166.1813076951255,1,0,2.371577964480997,false
openjpa-persistence-jdbc/src/test/java/org/apache/openjpa/persistence/merge/model/ShipPackage2.java,17.0,11.0,2.0,4.0,0.0,6.0,10.0,jrbauer@13f79535-47bb-0310-9956-ffa450edef68,1,0.0078125,100.0,0.0,0.0,0.0,237.09090909090912,1166.1813076951255,1,0,2.371577964480997,false
openjpa-persistence-jdbc/src/test/java/org/apache/openjpa/persistence/meta/TestFactoryMethod.java,91.0,10.0,0.0,9.0,36.0,23.0,3.0,curtisr7@13f79535-47bb-0310-9956-ffa450edef68,1,0.0078125,33.0,0.0,33.0,0.0,361.4074074074074,1256.815289323245,1,0,1.7525387560747736,false
openjpa-persistence-jdbc/src/test/java/org/apache/openjpa/persistence/meta/common/apps/MetaTest7.java,111.0,6.0,14.0,12.0,0.0,18.0,3.0,curtisr7@13f79535-47bb-0310-9956-ffa450edef68,1,0.0078125,100.0,0.0,100.0,0.0,361.4074074074074,1256.815289323245,1,0,1.7525387560747736,false
openjpa-persistence-jdbc/src/test/java/org/apache/openjpa/persistence/test/AbstractPersistenceTestCase.java,542.0,26.0,660.0,37.0,138.0,142.0,0.0,dwoods@13f79535-47bb-0310-9956-ffa450edef68,0,0.0,0.0,0.0,0.0,0.0,0.0,0.0,0,3,0.0,false
openjpa-persistence-jdbc/src/test/java/org/apache/openjpa/persistence/test/SQLListenerTestCase.java,185.0,9.0,49.0,15.0,31.0,42.0,0.0,null,0,0.0,0.0,0.0,0.0,0.0,0.0,0.0,0,6,0.0,false
openjpa-persistence-jdbc/src/test/java/org/apache/openjpa/persistence/util/EagerEntity.java,45.0,9.0,54.0,12.0,0.0,18.0,3.0,curtisr7@13f79535-47bb-0310-9956-ffa450edef68,1,0.0078125,33.0,0.0,33.0,0.0,361.4074074074074,1256.815289323245,1,0,1.7525387560747736,false
openjpa-persistence-locking/src/test/java/org/apache/openjpa/persistence/lockmgr/LockEmployee.java,43.0,10.0,9.0,10.0,12.0,17.0,0.0,curtisr7@13f79535-47bb-0310-9956-ffa450edef68,0,0.0,0.0,0.0,0.0,0.0,0.0,0.0,0,2,0.0,false
openjpa-persistence-locking/src/test/java/org/apache/openjpa/persistence/lockmgr/SequencedActionsTest.java,837.0,20.0,112.0,16.0,149.0,56.0,0.0,allee8285@13f79535-47bb-0310-9956-ffa450edef68,0,0.0,0.0,0.0,0.0,0.0,0.0,0.0,0,1,0.0,false
openjpa-persistence-locking/src/test/java/org/apache/openjpa/persistence/lockmgr/TestMixedLockManagerDeadlock.java,50.0,6.0,4.0,5.0,20.0,9.0,2.0,allee8285@13f79535-47bb-0310-9956-ffa450edef68,1,0.0078125,20.0,0.0,0.0,0.0,119.71428571428571,163.3348414420781,1,1,2.70805020110221,false
openjpa-persistence-locking/src/test/java/org/apache/openjpa/persistence/lockmgr/TestNamedQueryLockMode.java,82.0,11.0,24.0,9.0,58.0,12.0,0.0,curtisr7@13f79535-47bb-0310-9956-ffa450edef68,0,0.0,0.0,0.0,0.0,0.0,0.0,0.0,0,1,0.0,false
openjpa-persistence-locking/src/test/java/org/apache/openjpa/persistence/lockmgr/TestOptimisticNamedQueryLockMode.java,75.0,8.0,16.0,8.0,53.0,9.0,0.0,allee8285@13f79535-47bb-0310-9956-ffa450edef68,0,0.0,0.0,0.0,0.0,0.0,0.0,0.0,0,1,0.0,false
openjpa-persistence-locking/src/test/java/org/apache/openjpa/persistence/lockmgr/TestPessimisticLocks.java,397.0,25.0,27.0,10.0,160.0,38.0,0.0,null,0,0.0,0.0,0.0,0.0,0.0,0.0,0.0,0,6,0.0,false
openjpa-persistence/src/main/java/org/apache/openjpa/persistence/EntityManagerImpl.java,1326.0,69.0,0.0,227.0,624.0,454.0,0.0,ppoddar@13f79535-47bb-0310-9956-ffa450edef68,0,0.0,0.0,0.0,0.0,0.0,0.0,0.0,0,9,0.0,false
openjpa-persistence/src/main/java/org/apache/openjpa/persistence/ExtentImpl.java,71.0,3.0,0.0,13.0,22.0,25.0,0.0,null,0,0.0,0.0,0.0,0.0,0.0,0.0,0.0,0,0,0.0,false
openjpa-persistence/src/main/java/org/apache/openjpa/persistence/OpenJPAEntityManager.java,758.0,15.0,12246.0,157.0,0.0,226.0,0.0,pcl@13f79535-47bb-0310-9956-ffa450edef68,0,0.0,0.0,0.0,0.0,0.0,0.0,0.0,0,0,0.0,false
openjpa-persistence/src/main/java/org/apache/openjpa/persistence/QueryImpl.java,853.0,48.0,1812.0,92.0,319.0,285.0,0.0,ppoddar@13f79535-47bb-0310-9956-ffa450edef68,0,0.0,0.0,0.0,0.0,0.0,0.0,0.0,0,10,0.0,false
openjpa-persistence/src/main/java/org/apache/openjpa/persistence/meta/AnnotationProcessor6.java,213.0,28.0,24.0,13.0,78.0,48.0,1.0,ppoddar@13f79535-47bb-0310-9956-ffa450edef68,1,0.0078125,3.0,0.0,0.0,0.0,120.0,157.9349540027045,1,3,2.70805020110221,false
openjpa-persistence/src/main/java/org/apache/openjpa/persistence/osgi/PersistenceActivator.java,35.0,8.0,0.0,3.0,6.0,8.0,0.0,mikedd@13f79535-47bb-0310-9956-ffa450edef68,0,0.0,0.0,0.0,0.0,0.0,0.0,0.0,0,0,0.0,false
openjpa-tools/openjpa-maven-plugin/src/it/default_settings/src/main/java/org/apache/openjpa/tools/maven/testentity/TestEntity.java,25.0,2.0,0.0,7.0,0.0,10.0,53.0,struberg@13f79535-47bb-0310-9956-ffa450edef68,1,0.0078125,50.0,50.0,0.0,0.0,982.0377358490566,4375.979010802331,1,0,1.181993897607161,false
openjpa-tools/openjpa-maven-plugin/src/it/default_settings/src/test/java/org/apache/openjpa/tools/maven/test/ItDefaultSettingsTest.java,83.0,12.0,4.0,4.0,22.0,15.0,53.0,struberg@13f79535-47bb-0310-9956-ffa450edef68,1,0.0078125,50.0,50.0,0.0,0.0,982.0377358490566,4375.979010802331,1,0,1.181993897607161,false
openjpa-tools/openjpa-maven-plugin/src/it/dependingArtifact/prjA/src/main/java/org/apache/openjpa/tools/maven/test/it/dependingartifact/MyEntityInterface.java,10.0,0.0,0.0,2.0,0.0,2.0,53.0,mikedd@13f79535-47bb-0310-9956-ffa450edef68,1,0.0078125,100.0,100.0,0.0,0.0,982.0377358490566,4375.979010802331,1,0,1.181993897607161,false
openjpa-tools/openjpa-maven-plugin/src/it/dependingArtifact/prjB/src/main/java/org/apache/openjpa/tools/maven/test/it/dependingartifact/entities/MyEntityImpl.java,19.0,4.0,2.0,4.0,0.0,6.0,53.0,mikedd@13f79535-47bb-0310-9956-ffa450edef68,1,0.0078125,100.0,100.0,0.0,0.0,982.0377358490566,4375.979010802331,1,0,1.181993897607161,false
openjpa-tools/openjpa-maven-plugin/src/it/modifyDatabase/src/main/java/org/apache/openjpa/tools/maven/testentity/TestEntity.java,19.0,2.0,0.0,5.0,0.0,8.0,53.0,mikedd@13f79535-47bb-0310-9956-ffa450edef68,1,0.0078125,100.0,100.0,0.0,0.0,982.0377358490566,4375.979010802331,1,0,1.181993897607161,false
openjpa-tools/openjpa-maven-plugin/src/it/modifyDatabase/src/test/java/org/apache/openjpa/tools/maven/test/ModifyDatabaseTest.java,23.0,12.0,0.0,1.0,10.0,3.0,53.0,mikedd@13f79535-47bb-0310-9956-ffa450edef68,1,0.0078125,100.0,100.0,0.0,0.0,982.0377358490566,4375.979010802331,1,0,1.181993897607161,false
openjpa-tools/openjpa-maven-plugin/src/it/nonDefaultPersistenceXml/src/main/java/org/apache/openjpa/tools/maven/testentity/TestEntity.java,25.0,2.0,0.0,7.0,0.0,10.0,53.0,mikedd@13f79535-47bb-0310-9956-ffa450edef68,1,0.0078125,100.0,100.0,0.0,0.0,982.0377358490566,4375.979010802331,1,0,1.181993897607161,false
openjpa-tools/openjpa-maven-plugin/src/it/nonDefaultPersistenceXml/src/test/java/org/apache/openjpa/tools/maven/test/ItNonDefaultXmlTest.java,64.0,9.0,1.0,3.0,14.0,12.0,53.0,mikedd@13f79535-47bb-0310-9956-ffa450edef68,1,0.0078125,100.0,100.0,0.0,0.0,982.0377358490566,4375.979010802331,1,0,1.181993897607161,false
openjpa-tools/openjpa-maven-plugin/src/it/testDependencies/prjA/src/main/java/org/apache/openjpa/tools/maven/test/it/dependingartifact/MyEntityInterface.java,13.0,0.0,0.0,2.0,0.0,2.0,53.0,mikedd@13f79535-47bb-0310-9956-ffa450edef68,1,0.0078125,100.0,100.0,0.0,0.0,982.0377358490566,4375.979010802331,1,0,1.181993897607161,false
openjpa-tools/openjpa-maven-plugin/src/it/testDependencies/prjB/src/test/java/org/apache/openjpa/tools/maven/test/it/dependingartifact/entities/MyEntityImpl.java,19.0,4.0,2.0,4.0,0.0,6.0,53.0,mikedd@13f79535-47bb-0310-9956-ffa450edef68,1,0.0078125,100.0,100.0,0.0,0.0,982.0377358490566,4375.979010802331,1,0,1.181993897607161,false
openjpa-tools/openjpa-maven-plugin/src/main/java/org/apache/openjpa/tools/maven/AbstractOpenJpaEnhancerMojo.java,76.0,7.0,1.0,3.0,14.0,10.0,29.0,struberg@13f79535-47bb-0310-9956-ffa450edef68,1,0.0078125,67.0,33.0,0.0,33.0,982.0377358490566,4375.979010802331,1,0,1.181993897607161,true
openjpa-tools/openjpa-maven-plugin/src/main/java/org/apache/openjpa/tools/maven/AbstractOpenJpaMappingToolMojo.java,102.0,16.0,10.0,5.0,31.0,21.0,29.0,struberg@13f79535-47bb-0310-9956-ffa450edef68,1,0.0078125,67.0,33.0,0.0,33.0,982.0377358490566,4375.979010802331,1,0,1.181993897607161,false
openjpa-tools/openjpa-maven-plugin/src/main/java/org/apache/openjpa/tools/maven/AbstractOpenJpaMojo.java,192.0,13.0,36.0,9.0,26.0,32.0,29.0,struberg@13f79535-47bb-0310-9956-ffa450edef68,1,0.0078125,50.0,25.0,0.0,25.0,982.0377358490566,4375.979010802331,1,0,1.181993897607161,true
openjpa-tools/openjpa-maven-plugin/src/main/java/org/apache/openjpa/tools/maven/OpenJpaEnhancerMojo.java,10.0,0.0,0.0,0.0,0.0,0.0,53.0,mikedd@13f79535-47bb-0310-9956-ffa450edef68,1,0.0078125,100.0,100.0,0.0,0.0,982.0377358490566,4375.979010802331,1,0,1.181993897607161,false
openjpa-tools/openjpa-maven-plugin/src/main/java/org/apache/openjpa/tools/maven/OpenJpaSchemaMojo.java,40.0,2.0,0.0,1.0,3.0,3.0,53.0,struberg@13f79535-47bb-0310-9956-ffa450edef68,1,0.0078125,33.0,33.0,0.0,0.0,982.0377358490566,4375.979010802331,1,0,1.181993897607161,true
openjpa-tools/openjpa-maven-plugin/src/main/java/org/apache/openjpa/tools/maven/OpenJpaSqlMojo.java,49.0,2.0,0.0,1.0,4.0,4.0,53.0,struberg@13f79535-47bb-0310-9956-ffa450edef68,1,0.0078125,33.0,33.0,0.0,0.0,982.0377358490566,4375.979010802331,1,0,1.181993897607161,true
openjpa-tools/openjpa-maven-plugin/src/main/java/org/apache/openjpa/tools/maven/OpenJpaTestEnhancerMojo.java,49.0,2.0,3.0,3.0,0.0,7.0,29.0,mikedd@13f79535-47bb-0310-9956-ffa450edef68,1,0.0078125,100.0,50.0,0.0,50.0,982.0377358490566,4375.979010802331,1,0,1.181993897607161,false
openjpa-tools/openjpa-maven-plugin/src/test/java/org/apache/openjpa/tools/maven/OpenJpaEnhancerMojoTest.java,18.0,4.0,1.0,2.0,6.0,4.0,29.0,mikedd@13f79535-47bb-0310-9956-ffa450edef68,1,0.0078125,100.0,50.0,0.0,50.0,982.0377358490566,4375.979010802331,1,0,1.181993897607161,false
openjpa-tools/openjpa-maven-plugin/src/test/java/org/apache/openjpa/tools/maven/testentity/Person.java,29.0,1.0,14.0,8.0,0.0,11.0,53.0,mikedd@13f79535-47bb-0310-9956-ffa450edef68,1,0.0078125,100.0,100.0,0.0,0.0,982.0377358490566,4375.979010802331,1,0,1.181993897607161,false
openjpa-tools/openjpa-maven-plugin/src/test/java/org/apache/openjpa/tools/maven/testentity/TestEntity.java,25.0,2.0,0.0,7.0,0.0,10.0,53.0,mikedd@13f79535-47bb-0310-9956-ffa450edef68,1,0.0078125,100.0,100.0,0.0,0.0,982.0377358490566,4375.979010802331,1,0,1.181993897607161,false
