name,LOC,CBO,LCOM,NOM,RFC,WMC,ACS,Ownership,numOfChanges,numberOfFIChanges,ENH,NF,BugFixing,REF,structuralWorkloadSum,semanticWorkloadSum,numberOfDeveloper,pastFaults,MAF,isBuggy
openjpa-jdbc/src/main/java/org/apache/openjpa/jdbc/ant/MappingToolTask.java,155.0,13.0,0.0,20.0,16.0,29.0,4.0,mikedd@13f79535-47bb-0310-9956-ffa450edef68,1,0.004761904761904762,8.0,0.0,0.0,0.0,832.6349206349206,7112.974835168706,1,2,1.0352426747355203,false
openjpa-jdbc/src/main/java/org/apache/openjpa/jdbc/conf/JDBCConfiguration.java,336.0,18.0,2701.0,74.0,0.0,139.0,25.0,ppoddar@13f79535-47bb-0310-9956-ffa450edef68,2,0.009523809523809525,38.0,12.0,12.0,0.0,1788.2920634920633,16842.07426413425,2,0,0.7562741071956571,false
openjpa-jdbc/src/main/java/org/apache/openjpa/jdbc/conf/JDBCConfigurationImpl.java,628.0,40.0,3562.0,89.0,192.0,185.0,14.0,null,2,0.009523809523809525,14.0,6.0,3.0,3.0,1788.2920634920633,16842.07426413425,2,1,0.7912857286322035,false
openjpa-jdbc/src/main/java/org/apache/openjpa/jdbc/kernel/InstanceResultObjectProvider.java,29.0,6.0,0.0,2.0,6.0,7.0,0.0,curtisr7@13f79535-47bb-0310-9956-ffa450edef68,0,0.0,0.0,0.0,0.0,0.0,0.0,0.0,0,0,0.0,false
openjpa-jdbc/src/main/java/org/apache/openjpa/jdbc/kernel/JDBCStoreManager.java,1225.0,65.0,2831.0,83.0,422.0,289.0,14.0,null,4,0.01904761904761905,12.0,1.0,6.0,1.0,2305.90231990232,19034.511991329062,4,11,0.555372341567248,false
openjpa-jdbc/src/main/java/org/apache/openjpa/jdbc/kernel/JDBCStoreQuery.java,700.0,57.0,1183.0,51.0,251.0,187.0,24.0,null,2,0.009523809523809525,7.0,0.0,3.0,0.0,1788.2920634920633,16842.07426413425,2,7,0.8784138953079995,false
openjpa-jdbc/src/main/java/org/apache/openjpa/jdbc/kernel/NativeJDBCSeq.java,290.0,25.0,183.0,27.0,82.0,74.0,0.0,null,0,0.0,0.0,0.0,0.0,0.0,0.0,0.0,0,2,0.0,false
openjpa-jdbc/src/main/java/org/apache/openjpa/jdbc/kernel/PreparedQueryImpl.java,295.0,34.0,236.0,25.0,91.0,80.0,25.0,ppoddar@13f79535-47bb-0310-9956-ffa450edef68,2,0.009523809523809525,6.0,3.0,3.0,3.0,1788.2920634920633,16842.07426413425,2,2,0.8784138953079995,false
openjpa-jdbc/src/main/java/org/apache/openjpa/jdbc/meta/ClassMapping.java,747.0,41.0,3650.0,88.0,254.0,257.0,32.0,null,2,0.009523809523809525,11.0,6.0,6.0,0.0,1788.2920634920633,16842.07426413425,2,5,0.8784138953079995,false
openjpa-jdbc/src/main/java/org/apache/openjpa/jdbc/meta/FieldMapping.java,919.0,34.0,8167.0,142.0,359.0,340.0,32.0,null,2,0.009523809523809525,6.0,3.0,3.0,0.0,1788.2920634920633,16842.07426413425,2,2,0.8784138953079995,true
openjpa-jdbc/src/main/java/org/apache/openjpa/jdbc/meta/FieldMappingInfo.java,288.0,17.0,437.0,34.0,143.0,99.0,32.0,null,2,0.009523809523809525,18.0,9.0,9.0,0.0,1788.2920634920633,16842.07426413425,2,0,0.8784138953079995,false
openjpa-jdbc/src/main/java/org/apache/openjpa/jdbc/meta/MappingRepository.java,1028.0,74.0,3226.0,84.0,391.0,317.0,32.0,null,2,0.009523809523809525,5.0,3.0,3.0,0.0,1788.2920634920633,16842.07426413425,2,4,0.8784138953079995,true
openjpa-jdbc/src/main/java/org/apache/openjpa/jdbc/meta/MappingTool.java,697.0,52.0,1043.0,51.0,204.0,154.0,4.0,null,1,0.004761904761904762,5.0,0.0,0.0,0.0,832.6349206349206,7112.974835168706,1,2,1.0352426747355203,false
openjpa-jdbc/src/main/java/org/apache/openjpa/jdbc/meta/strats/HandlerFieldStrategy.java,245.0,27.0,72.0,28.0,130.0,98.0,19.0,null,2,0.009523809523809525,30.0,0.0,10.0,0.0,1788.2920634920633,16842.07426413425,2,1,0.7562741071956571,false
openjpa-jdbc/src/main/java/org/apache/openjpa/jdbc/meta/strats/HandlerRelationMapTableFieldStrategy.java,292.0,12.0,131.0,23.0,186.0,73.0,32.0,faywang@13f79535-47bb-0310-9956-ffa450edef68,2,0.009523809523809525,11.0,6.0,6.0,0.0,1788.2920634920633,16842.07426413425,2,1,0.8784138953079995,true
openjpa-jdbc/src/main/java/org/apache/openjpa/jdbc/meta/strats/MapTableFieldStrategy.java,181.0,27.0,229.0,22.0,93.0,67.0,32.0,faywang@13f79535-47bb-0310-9956-ffa450edef68,2,0.009523809523809525,14.0,7.0,7.0,0.0,1788.2920634920633,16842.07426413425,2,0,0.8784138953079995,false
openjpa-jdbc/src/main/java/org/apache/openjpa/jdbc/meta/strats/RelationFieldStrategy.java,671.0,51.0,978.0,45.0,455.0,187.0,25.0,faywang@13f79535-47bb-0310-9956-ffa450edef68,2,0.009523809523809525,7.0,2.0,2.0,0.0,1788.2920634920633,16842.07426413425,2,4,0.7562741071956571,false
openjpa-jdbc/src/main/java/org/apache/openjpa/jdbc/meta/strats/RelationRelationMapTableFieldStrategy.java,369.0,12.0,270.0,24.0,222.0,79.0,32.0,faywang@13f79535-47bb-0310-9956-ffa450edef68,2,0.009523809523809525,15.0,8.0,8.0,0.0,1788.2920634920633,16842.07426413425,2,1,0.8784138953079995,false
openjpa-jdbc/src/main/java/org/apache/openjpa/jdbc/meta/strats/RelationToManyTableFieldStrategy.java,156.0,26.0,91.0,14.0,126.0,44.0,32.0,jrbauer@13f79535-47bb-0310-9956-ffa450edef68,2,0.009523809523809525,25.0,12.0,12.0,0.0,1788.2920634920633,16842.07426413425,2,0,0.8784138953079995,false
openjpa-jdbc/src/main/java/org/apache/openjpa/jdbc/meta/strats/StoreCollectionFieldStrategy.java,387.0,31.0,435.0,30.0,210.0,102.0,16.0,null,2,0.009523809523809525,21.0,3.0,3.0,0.0,1788.2920634920633,16842.07426413425,2,1,0.7634542662466905,false
openjpa-jdbc/src/main/java/org/apache/openjpa/jdbc/schema/AutoDriverDataSource.java,13.0,3.0,0.0,1.0,6.0,5.0,24.0,kwsutter@13f79535-47bb-0310-9956-ffa450edef68,1,0.004761904761904762,33.0,0.0,0.0,0.0,955.6571428571428,9729.099428965545,1,1,2.1078794770003695,false
openjpa-jdbc/src/main/java/org/apache/openjpa/jdbc/schema/DBCPDriverDataSource.java,206.0,10.0,93.0,15.0,60.0,63.0,15.0,dwoods@13f79535-47bb-0310-9956-ffa450edef68,2,0.009523809523809525,22.0,11.0,0.0,0.0,1090.990476190476,9864.665296990204,2,3,1.1294598672066178,false
openjpa-jdbc/src/main/java/org/apache/openjpa/jdbc/schema/DataSourceFactory.java,169.0,27.0,13.0,6.0,87.0,28.0,24.0,ppoddar@13f79535-47bb-0310-9956-ffa450edef68,1,0.004761904761904762,4.0,0.0,0.0,0.0,955.6571428571428,9729.099428965545,1,5,2.1078794770003695,false
openjpa-jdbc/src/main/java/org/apache/openjpa/jdbc/schema/SchemaTool.java,991.0,34.0,1675.0,66.0,299.0,226.0,4.0,null,1,0.004761904761904762,4.0,0.0,0.0,0.0,832.6349206349206,7112.974835168706,1,4,1.0352426747355203,true
openjpa-jdbc/src/main/java/org/apache/openjpa/jdbc/schema/SimpleDriverDataSource.java,133.0,16.0,334.0,28.0,16.0,59.0,14.0,ppoddar@13f79535-47bb-0310-9956-ffa450edef68,2,0.009523809523809525,20.0,13.0,0.0,0.0,1090.990476190476,9864.665296990204,2,4,1.2811836892163522,false
openjpa-jdbc/src/main/java/org/apache/openjpa/jdbc/sql/AbstractResult.java,525.0,33.0,7463.0,123.0,212.0,355.0,15.0,ppoddar@13f79535-47bb-0310-9956-ffa450edef68,2,0.009523809523809525,33.0,0.0,8.0,0.0,1788.2920634920633,16842.07426413425,2,0,0.7410667306829244,false
openjpa-jdbc/src/main/java/org/apache/openjpa/jdbc/sql/BindParameter.java,58.0,2.0,3.0,6.0,3.0,17.0,7.0,ppoddar@13f79535-47bb-0310-9956-ffa450edef68,2,0.009523809523809525,100.0,30.0,30.0,20.0,1788.2920634920633,16842.07426413425,2,0,0.8174233815705569,false
openjpa-jdbc/src/main/java/org/apache/openjpa/jdbc/sql/DB2Dictionary.java,765.0,37.0,1190.0,52.0,196.0,180.0,1.0,null,1,0.004761904761904762,1.0,0.0,0.0,0.0,955.6571428571428,9729.099428965545,1,20,2.1078794770003695,true
openjpa-jdbc/src/main/java/org/apache/openjpa/jdbc/sql/DBDictionary.java,3778.0,110.0,46914.0,309.0,1103.0,1144.0,14.0,null,3,0.014285714285714285,3.0,2.0,1.0,1.0,1923.6253968253966,16977.64013215891,3,25,0.509795616414763,true
openjpa-jdbc/src/main/java/org/apache/openjpa/jdbc/sql/DBDictionaryFactory.java,174.0,16.0,21.0,7.0,171.0,34.0,1.0,null,1,0.004761904761904762,5.0,0.0,0.0,0.0,832.6349206349206,7112.974835168706,1,1,1.0352426747355203,true
openjpa-jdbc/src/main/java/org/apache/openjpa/jdbc/sql/JoinSet.java,272.0,7.0,101.0,26.0,82.0,95.0,15.0,ppoddar@13f79535-47bb-0310-9956-ffa450edef68,2,0.009523809523809525,67.0,0.0,17.0,0.0,1788.2920634920633,16842.07426413425,2,0,0.7410667306829244,false
openjpa-jdbc/src/main/java/org/apache/openjpa/jdbc/sql/Joins.java,65.0,4.0,91.0,14.0,0.0,21.0,26.0,null,2,0.009523809523809525,40.0,0.0,20.0,0.0,1788.2920634920633,16842.07426413425,2,0,0.8784138953079995,false
openjpa-jdbc/src/main/java/org/apache/openjpa/jdbc/sql/LogicalUnion.java,687.0,21.0,24.0,32.0,36.0,80.0,18.0,null,2,0.009523809523809525,21.0,5.0,5.0,5.0,1788.2920634920633,16842.07426413425,2,2,0.7410667306829244,false
openjpa-jdbc/src/main/java/org/apache/openjpa/jdbc/sql/SQLBuffer.java,420.0,18.0,269.0,38.0,109.0,127.0,12.0,null,2,0.009523809523809525,15.0,6.0,3.0,6.0,1788.2920634920633,16842.07426413425,2,3,0.7493676116503023,true
openjpa-jdbc/src/main/java/org/apache/openjpa/jdbc/sql/Select.java,484.0,12.0,5253.0,103.0,0.0,190.0,13.0,null,2,0.009523809523809525,29.0,5.0,5.0,5.0,1788.2920634920633,16842.07426413425,2,2,0.7634542662466905,false
openjpa-jdbc/src/main/java/org/apache/openjpa/jdbc/sql/SelectExecutor.java,95.0,5.0,210.0,21.0,0.0,38.0,28.0,ppoddar@13f79535-47bb-0310-9956-ffa450edef68,2,0.009523809523809525,40.0,0.0,20.0,0.0,1788.2920634920633,16842.07426413425,2,0,0.8784138953079995,false
openjpa-jdbc/src/main/java/org/apache/openjpa/jdbc/sql/SelectImpl.java,2337.0,42.0,20082.0,209.0,515.0,575.0,9.0,null,2,0.009523809523809525,14.0,3.0,1.0,1.0,1788.2920634920633,16842.07426413425,2,15,0.8174233815705569,true
openjpa-kernel/src/main/java/org/apache/openjpa/conf/Compatibility.java,428.0,0.0,1377.0,54.0,1.0,136.0,0.0,null,0,0.0,0.0,0.0,0.0,0.0,0.0,0.0,0,3,0.0,true
openjpa-kernel/src/main/java/org/apache/openjpa/conf/OpenJPAConfiguration.java,1237.0,38.0,30876.0,249.0,0.0,395.0,13.0,null,1,0.004761904761904762,2.0,2.0,0.0,0.0,424.53333333333336,1549.9738194778924,1,2,2.7269186854065928,true
openjpa-kernel/src/main/java/org/apache/openjpa/conf/OpenJPAConfigurationImpl.java,1292.0,57.0,33425.0,263.0,346.0,461.0,13.0,null,1,0.004761904761904762,1.0,1.0,0.0,0.0,424.53333333333336,1549.9738194778924,1,5,2.7269186854065928,false
openjpa-kernel/src/main/java/org/apache/openjpa/datacache/QueryKey.java,259.0,27.0,97.0,19.0,89.0,71.0,11.0,null,1,0.004761904761904762,9.0,0.0,0.0,0.0,832.6349206349206,7112.974835168706,1,0,1.0352426747355203,true
openjpa-kernel/src/main/java/org/apache/openjpa/ee/WASManagedRuntime.java,224.0,25.0,21.0,7.0,18.0,19.0,0.0,mikedd@13f79535-47bb-0310-9956-ffa450edef68,0,0.0,0.0,0.0,0.0,0.0,0.0,0.0,0,0,0.0,false
openjpa-kernel/src/main/java/org/apache/openjpa/enhance/AsmAdaptor.java,90.0,10.0,4.0,5.0,24.0,18.0,2.0,curtisr7@13f79535-47bb-0310-9956-ffa450edef68,1,0.004761904761904762,14.0,0.0,0.0,0.0,955.6571428571428,9729.099428965545,1,0,2.1078794770003695,false
openjpa-kernel/src/main/java/org/apache/openjpa/enhance/ManagedClassSubclasser.java,169.0,27.0,43.0,10.0,90.0,36.0,0.0,ppoddar@13f79535-47bb-0310-9956-ffa450edef68,0,0.0,0.0,0.0,0.0,0.0,0.0,0.0,0,4,0.0,false
openjpa-kernel/src/main/java/org/apache/openjpa/enhance/PCClassFileTransformer.java,135.0,13.0,9.0,7.0,37.0,31.0,2.0,null,1,0.004761904761904762,9.0,0.0,0.0,0.0,955.6571428571428,9729.099428965545,1,0,2.1078794770003695,false
openjpa-kernel/src/main/java/org/apache/openjpa/enhance/PCEnhancer.java,3051.0,86.0,4525.0,131.0,1548.0,552.0,5.0,null,2,0.009523809523809525,5.0,3.0,0.0,0.0,1257.168253968254,8662.948654646598,2,11,1.526512513554756,true
openjpa-kernel/src/main/java/org/apache/openjpa/event/BeanLifecycleCallbacks.java,46.0,9.0,3.0,6.0,17.0,17.0,11.0,null,1,0.004761904761904762,17.0,0.0,0.0,0.0,832.6349206349206,7112.974835168706,1,1,1.0352426747355203,true
openjpa-kernel/src/main/java/org/apache/openjpa/kernel/AbstractBrokerFactory.java,560.0,48.0,683.0,47.0,235.0,139.0,0.0,null,0,0.0,0.0,0.0,0.0,0.0,0.0,0.0,0,7,0.0,true
openjpa-kernel/src/main/java/org/apache/openjpa/kernel/BrokerImpl.java,3795.0,77.0,30172.0,272.0,1235.0,903.0,2.0,null,1,0.004761904761904762,2.0,1.0,1.0,0.0,106.0,162.0851293360958,1,16,2.7269186854065928,true
openjpa-kernel/src/main/java/org/apache/openjpa/kernel/DelegatingBroker.java,1405.0,15.0,0.0,184.0,349.0,620.0,0.0,ppoddar@13f79535-47bb-0310-9956-ffa450edef68,0,0.0,0.0,0.0,0.0,0.0,0.0,0.0,0,3,0.0,false
openjpa-kernel/src/main/java/org/apache/openjpa/kernel/DelegatingQuery.java,623.0,8.0,0.0,78.0,150.0,275.0,28.0,ppoddar@13f79535-47bb-0310-9956-ffa450edef68,2,0.009523809523809525,22.0,0.0,11.0,0.0,1788.2920634920633,16842.07426413425,2,1,0.8784138953079995,false
openjpa-kernel/src/main/java/org/apache/openjpa/kernel/DetachedStateManager.java,692.0,21.0,7037.0,122.0,170.0,256.0,0.0,null,0,0.0,0.0,0.0,0.0,0.0,0.0,0.0,0,4,0.0,false
openjpa-kernel/src/main/java/org/apache/openjpa/kernel/ExpressionStoreQuery.java,529.0,40.0,199.0,22.0,17.0,56.0,0.0,ppoddar@13f79535-47bb-0310-9956-ffa450edef68,0,0.0,0.0,0.0,0.0,0.0,0.0,0.0,0,3,0.0,false
openjpa-kernel/src/main/java/org/apache/openjpa/kernel/FetchConfigurationImpl.java,699.0,29.0,0.0,88.0,226.0,269.0,3.0,ppoddar@13f79535-47bb-0310-9956-ffa450edef68,1,0.004761904761904762,3.0,0.0,0.0,0.0,832.6349206349206,7112.974835168706,1,5,1.0352426747355203,false
openjpa-kernel/src/main/java/org/apache/openjpa/kernel/ResultPacker.java,258.0,22.0,31.0,11.0,50.0,48.0,11.0,ppoddar@13f79535-47bb-0310-9956-ffa450edef68,1,0.004761904761904762,9.0,0.0,0.0,0.0,832.6349206349206,7112.974835168706,1,1,1.0352426747355203,true
openjpa-kernel/src/main/java/org/apache/openjpa/kernel/ResultShapePacker.java,33.0,2.0,1.0,3.0,4.0,7.0,0.0,curtisr7@13f79535-47bb-0310-9956-ffa450edef68,0,0.0,0.0,0.0,0.0,0.0,0.0,0.0,0,0,0.0,false
openjpa-kernel/src/main/java/org/apache/openjpa/kernel/SingleFieldManager.java,625.0,28.0,284.0,37.0,245.0,133.0,4.0,null,1,0.004761904761904762,4.0,0.0,4.0,0.0,106.0,162.0851293360958,1,9,2.7269186854065928,true
openjpa-kernel/src/main/java/org/apache/openjpa/kernel/StateManagerImpl.java,2295.0,49.0,13015.0,227.0,1073.0,678.0,1.0,null,2,0.009523809523809525,2.0,0.0,1.0,0.0,110.0,171.421956348968,2,15,2.6601529890943314,true
openjpa-kernel/src/main/java/org/apache/openjpa/kernel/StoreContext.java,337.0,7.0,2346.0,69.0,0.0,123.0,0.0,null,0,0.0,0.0,0.0,0.0,0.0,0.0,0.0,0,2,0.0,false
openjpa-kernel/src/main/java/org/apache/openjpa/kernel/exps/CandidatePath.java,122.0,12.0,78.0,16.0,28.0,36.0,0.0,null,0,0.0,0.0,0.0,0.0,0.0,0.0,0.0,0,0,0.0,false
openjpa-kernel/src/main/java/org/apache/openjpa/kernel/exps/Exp.java,50.0,2.0,10.0,5.0,4.0,15.0,0.0,curtisr7@13f79535-47bb-0310-9956-ffa450edef68,0,0.0,0.0,0.0,0.0,0.0,0.0,0.0,0,0,0.0,false
openjpa-kernel/src/main/java/org/apache/openjpa/kernel/exps/InMemoryExpressionFactory.java,509.0,19.0,4089.0,91.0,64.0,215.0,0.0,fancy@13f79535-47bb-0310-9956-ffa450edef68,0,0.0,0.0,0.0,0.0,0.0,0.0,0.0,0,1,0.0,false
openjpa-kernel/src/main/java/org/apache/openjpa/meta/AbstractCFMetaDataFactory.java,677.0,40.0,584.0,37.0,195.0,114.0,1.0,null,1,0.004761904761904762,4.0,4.0,0.0,0.0,34.0,17.93337308403731,1,2,3.979681653901961,false
openjpa-kernel/src/main/java/org/apache/openjpa/meta/FieldMetaData.java,1676.0,46.0,12286.0,172.0,373.0,474.0,2.0,null,1,0.004761904761904762,4.0,0.0,0.0,0.0,832.6349206349206,7112.974835168706,1,5,1.0352426747355203,true
openjpa-kernel/src/main/java/org/apache/openjpa/meta/InheritanceComparator.java,51.0,2.0,4.0,5.0,8.0,13.0,32.0,pcl@13f79535-47bb-0310-9956-ffa450edef68,2,0.009523809523809525,25.0,12.0,12.0,0.0,1788.2920634920633,16842.07426413425,2,0,0.8784138953079995,false
openjpa-kernel/src/main/java/org/apache/openjpa/meta/InterfaceImplGenerator.java,147.0,20.0,24.0,9.0,81.0,35.0,11.0,mikedd@13f79535-47bb-0310-9956-ffa450edef68,1,0.004761904761904762,14.0,0.0,0.0,0.0,832.6349206349206,7112.974835168706,1,1,1.0352426747355203,false
openjpa-kernel/src/main/java/org/apache/openjpa/meta/JavaTypes.java,326.0,22.0,93.0,15.0,62.0,51.0,11.0,null,1,0.004761904761904762,6.0,0.0,0.0,0.0,832.6349206349206,7112.974835168706,1,1,1.0352426747355203,true
openjpa-kernel/src/main/java/org/apache/openjpa/meta/MetaDataInheritanceComparator.java,27.0,0.0,1.0,2.0,6.0,8.0,32.0,struberg@13f79535-47bb-0310-9956-ffa450edef68,2,0.009523809523809525,50.0,25.0,25.0,0.0,1788.2920634920633,16842.07426413425,2,0,0.8784138953079995,false
openjpa-kernel/src/main/java/org/apache/openjpa/meta/MetaDataRepository.java,1797.0,38.0,7150.0,141.0,453.0,515.0,32.0,null,2,0.009523809523809525,3.0,2.0,2.0,0.0,1788.2920634920633,16842.07426413425,2,5,0.8784138953079995,true
openjpa-kernel/src/main/java/org/apache/openjpa/meta/QueryMetaData.java,227.0,11.0,607.0,38.0,19.0,77.0,0.0,null,0,0.0,0.0,0.0,0.0,0.0,0.0,0.0,0,0,0.0,false
openjpa-kernel/src/main/java/org/apache/openjpa/util/ApplicationIds.java,445.0,22.0,66.0,12.0,151.0,65.0,12.0,null,2,0.009523809523809525,9.0,4.0,0.0,0.0,1257.168253968254,8662.948654646598,2,2,1.1879334995111113,false
openjpa-kernel/src/main/java/org/apache/openjpa/util/ImplHelper.java,184.0,28.0,103.0,15.0,58.0,58.0,28.0,pcl@13f79535-47bb-0310-9956-ffa450edef68,2,0.009523809523809525,12.0,0.0,6.0,0.0,1788.2920634920633,16842.07426413425,2,2,0.8784138953079995,false
openjpa-kernel/src/main/java/org/apache/openjpa/util/ProxyManagerImpl.java,1173.0,46.0,1865.0,63.0,530.0,223.0,0.0,null,0,0.0,0.0,0.0,0.0,0.0,0.0,0.0,0,3,0.0,true
openjpa-lib/src/main/java/org/apache/openjpa/lib/conf/ImmutableBooleanValue.java,19.0,0.0,1.0,2.0,2.0,5.0,22.0,kwsutter@13f79535-47bb-0310-9956-ffa450edef68,2,0.009523809523809525,100.0,33.0,33.0,0.0,1788.2920634920633,16842.07426413425,2,0,0.7562741071956571,false
openjpa-lib/src/main/java/org/apache/openjpa/lib/identifier/IdentifierUtilImpl.java,450.0,5.0,1509.0,67.0,176.0,202.0,3.0,curtisr7@13f79535-47bb-0310-9956-ffa450edef68,1,0.004761904761904762,11.0,0.0,0.0,0.0,832.6349206349206,7112.974835168706,1,1,1.0352426747355203,false
openjpa-lib/src/main/java/org/apache/openjpa/lib/jdbc/ConfiguringConnectionDecorator.java,98.0,4.0,3.0,7.0,1.0,16.0,24.0,ppoddar@13f79535-47bb-0310-9956-ffa450edef68,1,0.004761904761904762,14.0,0.0,0.0,0.0,955.6571428571428,9729.099428965545,1,0,2.1078794770003695,false
openjpa-lib/src/main/java/org/apache/openjpa/lib/jdbc/DecoratingDataSource.java,58.0,7.0,6.0,9.0,8.0,21.0,24.0,null,1,0.004761904761904762,12.0,0.0,0.0,0.0,955.6571428571428,9729.099428965545,1,0,2.1078794770003695,false
openjpa-lib/src/main/java/org/apache/openjpa/lib/jdbc/DelegatingCallableStatement.java,718.0,24.0,0.0,223.0,226.0,555.0,18.0,null,1,0.004761904761904762,20.0,10.0,0.0,0.0,955.6571428571428,9729.099428965545,1,0,2.1078794770003695,false
openjpa-lib/src/main/java/org/apache/openjpa/lib/jdbc/DelegatingConnection.java,328.0,20.0,221.0,74.0,75.0,227.0,18.0,null,1,0.004761904761904762,18.0,9.0,0.0,0.0,955.6571428571428,9729.099428965545,1,0,2.1078794770003695,false
openjpa-lib/src/main/java/org/apache/openjpa/lib/jdbc/DelegatingDataSource.java,92.0,8.0,59.0,18.0,26.0,50.0,18.0,kwsutter@13f79535-47bb-0310-9956-ffa450edef68,1,0.004761904761904762,29.0,14.0,0.0,0.0,955.6571428571428,9729.099428965545,1,0,2.1078794770003695,false
openjpa-lib/src/main/java/org/apache/openjpa/lib/jdbc/DelegatingDatabaseMetaData.java,566.0,5.0,0.0,182.0,184.0,553.0,18.0,null,1,0.004761904761904762,20.0,10.0,0.0,0.0,955.6571428571428,9729.099428965545,1,1,2.1078794770003695,false
openjpa-lib/src/main/java/org/apache/openjpa/lib/jdbc/DelegatingPreparedStatement.java,375.0,23.0,0.0,110.0,115.0,269.0,18.0,null,1,0.004761904761904762,17.0,8.0,0.0,0.0,955.6571428571428,9729.099428965545,1,0,2.1078794770003695,false
openjpa-lib/src/main/java/org/apache/openjpa/lib/jdbc/DelegatingResultSet.java,618.0,22.0,0.0,198.0,200.0,498.0,18.0,null,1,0.004761904761904762,22.0,11.0,0.0,0.0,955.6571428571428,9729.099428965545,1,0,2.1078794770003695,false
openjpa-lib/src/main/java/org/apache/openjpa/lib/jdbc/DelegatingStatement.java,198.0,6.0,0.0,54.0,58.0,149.0,18.0,null,1,0.004761904761904762,25.0,12.0,0.0,0.0,955.6571428571428,9729.099428965545,1,0,2.1078794770003695,false
openjpa-lib/src/main/java/org/apache/openjpa/lib/jdbc/JDBCEventConnectionDecorator.java,355.0,6.0,3.0,3.0,16.0,10.0,24.0,null,1,0.004761904761904762,9.0,0.0,0.0,0.0,955.6571428571428,9729.099428965545,1,1,2.1078794770003695,false
openjpa-lib/src/main/java/org/apache/openjpa/lib/jdbc/LoggingConnectionDecorator.java,1880.0,32.0,174.0,20.0,10.0,49.0,12.0,null,1,0.004761904761904762,10.0,0.0,0.0,0.0,955.6571428571428,9729.099428965545,1,3,2.1078794770003695,false
openjpa-lib/src/main/java/org/apache/openjpa/lib/meta/CFMetaDataParser.java,243.0,7.0,243.0,26.0,63.0,81.0,0.0,mikedd@13f79535-47bb-0310-9956-ffa450edef68,0,0.0,0.0,0.0,0.0,0.0,0.0,0.0,0,1,0.0,false
openjpa-lib/src/main/java/org/apache/openjpa/lib/meta/JarFileURLMetaDataIterator.java,132.0,14.0,0.0,8.0,31.0,40.0,0.0,jgrassel@13f79535-47bb-0310-9956-ffa450edef68,0,0.0,0.0,0.0,0.0,0.0,0.0,0.0,0,0,0.0,false
openjpa-lib/src/main/java/org/apache/openjpa/lib/meta/XMLMetaDataParser.java,510.0,31.0,1964.0,68.0,104.0,175.0,0.0,null,0,0.0,0.0,0.0,0.0,0.0,0.0,0.0,0,2,0.0,false
openjpa-lib/src/main/java/org/apache/openjpa/lib/util/FlexibleThreadLocal.java,38.0,2.0,1.0,3.0,10.0,10.0,10.0,ppoddar@13f79535-47bb-0310-9956-ffa450edef68,2,0.009523809523809525,100.0,20.0,20.0,20.0,1788.2920634920633,16842.07426413425,2,0,0.7493676116503023,false
openjpa-lib/src/main/java/org/apache/openjpa/lib/util/J2DoPrivHelper.java,775.0,39.0,7381.0,122.0,118.0,354.0,0.0,null,0,0.0,0.0,0.0,0.0,0.0,0.0,0.0,0,3,0.0,true
openjpa-lib/src/main/java/org/apache/openjpa/lib/util/MultiClassLoader.java,185.0,9.0,0.0,19.0,54.0,58.0,11.0,null,1,0.004761904761904762,11.0,0.0,0.0,0.0,832.6349206349206,7112.974835168706,1,1,1.0352426747355203,true
openjpa-lib/src/main/java/org/apache/openjpa/lib/util/Options.java,363.0,15.0,274.0,24.0,100.0,106.0,11.0,null,1,0.004761904761904762,10.0,0.0,0.0,0.0,832.6349206349206,7112.974835168706,1,3,1.0352426747355203,false
openjpa-lib/src/main/java/org/apache/openjpa/lib/util/ThreadGate.java,28.0,2.0,0.0,2.0,3.0,5.0,23.0,kwsutter@13f79535-47bb-0310-9956-ffa450edef68,2,0.009523809523809525,100.0,50.0,50.0,0.0,1788.2920634920633,16842.07426413425,2,0,0.8784138953079995,false
openjpa-lib/src/test/java/org/apache/openjpa/lib/util/TestGate.java,109.0,9.0,0.0,2.0,22.0,7.0,15.0,kwsutter@13f79535-47bb-0310-9956-ffa450edef68,2,0.009523809523809525,100.0,25.0,50.0,0.0,1788.2920634920633,16842.07426413425,2,0,0.7410667306829244,false
openjpa-persistence-jdbc/src/main/java/org/apache/openjpa/persistence/jdbc/AnnotationPersistenceMappingParser.java,1533.0,79.0,2768.0,85.0,884.0,331.0,0.0,null,0,0.0,0.0,0.0,0.0,0.0,0.0,0.0,0,2,0.0,true
openjpa-persistence-jdbc/src/main/java/org/apache/openjpa/persistence/jdbc/MappingTag.java,0.0,0.0,0.0,0.0,0.0,0.0,0.0,faywang@13f79535-47bb-0310-9956-ffa450edef68,0,0.0,0.0,0.0,0.0,0.0,0.0,0.0,0,1,0.0,false
openjpa-persistence-jdbc/src/main/java/org/apache/openjpa/persistence/jdbc/XMLPersistenceMappingParser.java,1304.0,50.0,3306.0,85.0,547.0,302.0,1.0,null,1,0.004761904761904762,8.0,0.0,2.0,2.0,135.33333333333334,135.5658680246594,1,2,1.5373346185327565,true
openjpa-persistence-jdbc/src/test/java/org/apache/openjpa/enhance/TestClassHierarchyEnhancement.java,26.0,6.0,3.0,3.0,7.0,8.0,1.0,struberg@13f79535-47bb-0310-9956-ffa450edef68,1,0.004761904761904762,100.0,50.0,50.0,0.0,100.0,37.16280890167084,1,0,2.5933872927820705,false
openjpa-persistence-jdbc/src/test/java/org/apache/openjpa/jdbc/meta/TestCalendarField.java,28.0,8.0,3.0,3.0,16.0,7.0,0.0,curtisr7@13f79535-47bb-0310-9956-ffa450edef68,0,0.0,0.0,0.0,0.0,0.0,0.0,0.0,0,1,0.0,false
openjpa-persistence-jdbc/src/test/java/org/apache/openjpa/persistence/callbacks/EntityListenerPostLoadTest.java,49.0,2.0,3.0,3.0,18.0,7.0,0.0,struberg@13f79535-47bb-0310-9956-ffa450edef68,0,0.0,0.0,0.0,0.0,0.0,0.0,0.0,0,1,0.0,false
openjpa-persistence-jdbc/src/test/java/org/apache/openjpa/persistence/callbacks/PostLoadListenerEntity.java,23.0,4.0,9.0,6.0,0.0,9.0,0.0,struberg@13f79535-47bb-0310-9956-ffa450edef68,0,0.0,0.0,0.0,0.0,0.0,0.0,0.0,0,1,0.0,false
openjpa-persistence-jdbc/src/test/java/org/apache/openjpa/persistence/callbacks/PostLoadListenerImpl.java,10.0,1.0,0.0,1.0,1.0,1.0,0.0,struberg@13f79535-47bb-0310-9956-ffa450edef68,0,0.0,0.0,0.0,0.0,0.0,0.0,0.0,0,1,0.0,false
openjpa-persistence-jdbc/src/test/java/org/apache/openjpa/persistence/cascade/TestCascadePersist.java,36.0,3.0,3.0,3.0,17.0,5.0,0.0,curtisr7@13f79535-47bb-0310-9956-ffa450edef68,0,0.0,0.0,0.0,0.0,0.0,0.0,0.0,0,1,0.0,false
openjpa-persistence-jdbc/src/test/java/org/apache/openjpa/persistence/common/utils/BufferedLogFactory.java,55.0,2.0,39.0,11.0,10.0,18.0,11.0,pcl@13f79535-47bb-0310-9956-ffa450edef68,1,0.004761904761904762,33.0,0.0,0.0,0.0,832.6349206349206,7112.974835168706,1,0,1.0352426747355203,false
openjpa-persistence-jdbc/src/test/java/org/apache/openjpa/persistence/conf/TestOpenJPAConfiguration.java,140.0,16.0,21.0,7.0,59.0,20.0,0.0,mikedd@13f79535-47bb-0310-9956-ffa450edef68,0,0.0,0.0,0.0,0.0,0.0,0.0,0.0,0,1,0.0,false
openjpa-persistence-jdbc/src/test/java/org/apache/openjpa/persistence/criteria/BlogUser_.java,8.0,2.0,0.0,0.0,0.0,0.0,0.0,struberg@13f79535-47bb-0310-9956-ffa450edef68,0,0.0,0.0,0.0,0.0,0.0,0.0,0.0,0,1,0.0,false
openjpa-persistence-jdbc/src/test/java/org/apache/openjpa/persistence/criteria/TestByteArray.java,108.0,7.0,0.0,10.0,104.0,10.0,0.0,kwsutter@13f79535-47bb-0310-9956-ffa450edef68,0,0.0,0.0,0.0,0.0,0.0,0.0,0.0,0,1,0.0,false
openjpa-persistence-jdbc/src/test/java/org/apache/openjpa/persistence/detach/TestMergeNoStateManager.java,61.0,3.0,0.0,2.0,21.0,6.0,0.0,curtisr7@13f79535-47bb-0310-9956-ffa450edef68,0,0.0,0.0,0.0,0.0,0.0,0.0,0.0,0,0,0.0,false
openjpa-persistence-jdbc/src/test/java/org/apache/openjpa/persistence/enhance/EntityWithEnum.java,15.0,3.0,0.0,2.0,0.0,3.0,2.0,struberg@13f79535-47bb-0310-9956-ffa450edef68,1,0.004761904761904762,100.0,0.0,0.0,0.0,100.0,37.16280890167084,1,0,2.5933872927820705,false
openjpa-persistence-jdbc/src/test/java/org/apache/openjpa/persistence/enhance/TestEmbeddedEnumSqlGeneration.java,15.0,9.0,3.0,3.0,5.0,4.0,1.0,struberg@13f79535-47bb-0310-9956-ffa450edef68,1,0.004761904761904762,100.0,0.0,50.0,0.0,100.0,37.16280890167084,1,0,2.5933872927820705,false
openjpa-persistence-jdbc/src/test/java/org/apache/openjpa/persistence/fetchgroups/TestFetchGroupStacksXML.java,8.0,0.0,1.0,2.0,0.0,3.0,0.0,dianner@13f79535-47bb-0310-9956-ffa450edef68,0,0.0,0.0,0.0,0.0,0.0,0.0,0.0,0,0,0.0,false
openjpa-persistence-jdbc/src/test/java/org/apache/openjpa/persistence/jdbc/annotations/TestMultiColumnVersionXML.java,8.0,0.0,1.0,2.0,0.0,3.0,0.0,dianner@13f79535-47bb-0310-9956-ffa450edef68,0,0.0,0.0,0.0,0.0,0.0,0.0,0.0,0,0,0.0,false
openjpa-persistence-jdbc/src/test/java/org/apache/openjpa/persistence/jdbc/annotations/TestVersion.java,169.0,5.0,28.0,8.0,93.0,12.0,0.0,curtisr7@13f79535-47bb-0310-9956-ffa450edef68,0,0.0,0.0,0.0,0.0,0.0,0.0,0.0,0,1,0.0,false
openjpa-persistence-jdbc/src/test/java/org/apache/openjpa/persistence/jdbc/query/TestUpdateSingleValuedAssociationXML.java,8.0,0.0,1.0,2.0,0.0,5.0,0.0,dianner@13f79535-47bb-0310-9956-ffa450edef68,0,0.0,0.0,0.0,0.0,0.0,0.0,0.0,0,0,0.0,false
openjpa-persistence-jdbc/src/test/java/org/apache/openjpa/persistence/jdbc/xml/TestNonstandardMappingXML.java,8.0,1.0,1.0,2.0,0.0,3.0,0.0,dianner@13f79535-47bb-0310-9956-ffa450edef68,0,0.0,0.0,0.0,0.0,0.0,0.0,0.0,0,0,0.0,false
openjpa-persistence-jdbc/src/test/java/org/apache/openjpa/persistence/kernel/common/apps/RuntimeTest4.java,22.0,6.0,7.0,6.0,0.0,8.0,0.0,mikedd@13f79535-47bb-0310-9956-ffa450edef68,0,0.0,0.0,0.0,0.0,0.0,0.0,0.0,0,1,0.0,false
openjpa-persistence-jdbc/src/test/java/org/apache/openjpa/persistence/kernel/common/apps/RuntimeTest5.java,22.0,2.0,7.0,6.0,0.0,8.0,0.0,mikedd@13f79535-47bb-0310-9956-ffa450edef68,0,0.0,0.0,0.0,0.0,0.0,0.0,0.0,0,1,0.0,false
openjpa-persistence-jdbc/src/test/java/org/apache/openjpa/persistence/query/TestQueryConvertPositionalParameters.java,88.0,6.0,0.0,7.0,39.0,9.0,0.0,curtisr7@13f79535-47bb-0310-9956-ffa450edef68,0,0.0,0.0,0.0,0.0,0.0,0.0,0.0,0,0,0.0,false
openjpa-persistence-jdbc/src/test/java/org/apache/openjpa/persistence/query/TestSimple.java,56.0,4.0,3.0,3.0,14.0,4.0,2.0,curtisr7@13f79535-47bb-0310-9956-ffa450edef68,1,0.004761904761904762,33.0,33.0,0.0,0.0,106.0,162.0851293360958,1,0,2.7269186854065928,false
openjpa-persistence-jdbc/src/test/java/org/apache/openjpa/persistence/relations/LRSEntity.java,20.0,8.0,4.0,4.0,0.0,8.0,0.0,curtisr7@13f79535-47bb-0310-9956-ffa450edef68,0,0.0,0.0,0.0,0.0,0.0,0.0,0.0,0,0,0.0,false
openjpa-persistence-jdbc/src/test/java/org/apache/openjpa/persistence/relations/TestLRS.java,88.0,8.0,8.0,8.0,66.0,10.0,4.0,jrbauer@13f79535-47bb-0310-9956-ffa450edef68,1,0.004761904761904762,20.0,0.0,20.0,0.0,106.0,162.0851293360958,1,0,2.7269186854065928,false
openjpa-persistence-jdbc/src/test/java/org/apache/openjpa/persistence/relations/entity/LrsEntityA.java,42.0,16.0,3.0,10.0,0.0,14.0,3.0,curtisr7@13f79535-47bb-0310-9956-ffa450edef68,1,0.004761904761904762,67.0,0.0,33.0,0.0,106.0,162.0851293360958,1,0,2.7269186854065928,false
openjpa-persistence-jdbc/src/test/java/org/apache/openjpa/persistence/relations/entity/LrsEntityB.java,35.0,11.0,0.0,8.0,4.0,13.0,3.0,curtisr7@13f79535-47bb-0310-9956-ffa450edef68,1,0.004761904761904762,67.0,0.0,33.0,0.0,106.0,162.0851293360958,1,0,2.7269186854065928,false
openjpa-persistence/src/main/java/org/apache/openjpa/persistence/AbstractQuery.java,461.0,19.0,800.0,44.0,154.0,141.0,0.0,curtisr7@13f79535-47bb-0310-9956-ffa450edef68,0,0.0,0.0,0.0,0.0,0.0,0.0,0.0,0,0,0.0,false
openjpa-persistence/src/main/java/org/apache/openjpa/persistence/AnnotationPersistenceMetaDataParser.java,1343.0,147.0,2271.0,78.0,564.0,266.0,2.0,null,1,0.004761904761904762,1.0,0.0,0.0,0.0,955.6571428571428,9729.099428965545,1,6,2.1078794770003695,true
openjpa-persistence/src/main/java/org/apache/openjpa/persistence/AnnotationPersistenceMetaDataSerializer.java,1023.0,67.0,2428.0,72.0,287.0,220.0,32.0,null,2,0.009523809523809525,12.0,6.0,6.0,0.0,1788.2920634920633,16842.07426413425,2,0,0.8784138953079995,true
openjpa-persistence/src/main/java/org/apache/openjpa/persistence/EntityManagerImpl.java,1358.0,70.0,0.0,228.0,635.0,457.0,1.0,ppoddar@13f79535-47bb-0310-9956-ffa450edef68,1,0.004761904761904762,1.0,0.0,0.0,0.0,955.6571428571428,9729.099428965545,1,10,2.1078794770003695,false
openjpa-persistence/src/main/java/org/apache/openjpa/persistence/MetaDataTag.java,0.0,0.0,0.0,0.0,0.0,0.0,0.0,null,0,0.0,0.0,0.0,0.0,0.0,0.0,0.0,0,1,0.0,false
openjpa-persistence/src/main/java/org/apache/openjpa/persistence/OpenJPAQuery.java,176.0,13.0,820.0,41.0,0.0,52.0,28.0,ppoddar@13f79535-47bb-0310-9956-ffa450edef68,2,0.009523809523809525,15.0,0.0,8.0,0.0,1788.2920634920633,16842.07426413425,2,1,0.8784138953079995,false
openjpa-persistence/src/main/java/org/apache/openjpa/persistence/ParameterImpl.java,64.0,1.0,0.0,8.0,8.0,17.0,0.0,ppoddar@13f79535-47bb-0310-9956-ffa450edef68,0,0.0,0.0,0.0,0.0,0.0,0.0,0.0,0,0,0.0,false
openjpa-persistence/src/main/java/org/apache/openjpa/persistence/PersistenceMetaDataDefaults.java,595.0,54.0,649.0,39.0,196.0,129.0,2.0,null,1,0.004761904761904762,2.0,0.0,0.0,0.0,0.0,0.0,1,6,3.979681653901961,true
openjpa-persistence/src/main/java/org/apache/openjpa/persistence/PersistenceProductDerivation.java,628.0,43.0,360.0,28.0,144.0,100.0,1.0,null,1,0.004761904761904762,3.0,0.0,0.0,0.0,832.6349206349206,7112.974835168706,1,7,1.0352426747355203,false
openjpa-persistence/src/main/java/org/apache/openjpa/persistence/QueryImpl.java,449.0,50.0,70.0,56.0,178.0,157.0,28.0,ppoddar@13f79535-47bb-0310-9956-ffa450edef68,2,0.009523809523809525,3.0,0.0,1.0,0.0,1788.2920634920633,16842.07426413425,2,10,0.8784138953079995,false
openjpa-persistence/src/main/java/org/apache/openjpa/persistence/XMLPersistenceMetaDataParser.java,2039.0,59.0,13195.0,167.0,761.0,538.0,6.0,null,2,0.009523809523809525,3.0,0.0,1.0,0.0,1380.1904761904761,11279.073248443437,2,3,1.7242519006435355,false
openjpa-persistence/src/main/java/org/apache/openjpa/persistence/criteria/CriteriaQueryImpl.java,504.0,33.0,1645.0,62.0,139.0,178.0,2.0,ppoddar@13f79535-47bb-0310-9956-ffa450edef68,1,0.004761904761904762,2.0,0.0,0.0,0.0,832.6349206349206,7112.974835168706,1,2,1.0352426747355203,true
openjpa-persistence/src/main/java/org/apache/openjpa/persistence/criteria/RootImpl.java,67.0,10.0,0.0,7.0,32.0,17.0,2.0,ppoddar@13f79535-47bb-0310-9956-ffa450edef68,1,0.004761904761904762,8.0,0.0,0.0,0.0,832.6349206349206,7112.974835168706,1,0,1.0352426747355203,false
openjpa-persistence/src/main/java/org/apache/openjpa/persistence/meta/Members.java,227.0,13.0,0.0,0.0,0.0,0.0,11.0,ppoddar@13f79535-47bb-0310-9956-ffa450edef68,1,0.004761904761904762,8.0,0.0,0.0,0.0,832.6349206349206,7112.974835168706,1,1,1.0352426747355203,false
openjpa-persistence/src/main/java/org/apache/openjpa/persistence/meta/MetamodelImpl.java,281.0,36.0,182.0,24.0,75.0,83.0,0.0,ppoddar@13f79535-47bb-0310-9956-ffa450edef68,0,0.0,0.0,0.0,0.0,0.0,0.0,0.0,0,2,0.0,true
openjpa-slice/src/main/java/org/apache/openjpa/slice/SliceThread.java,57.0,3.0,0.0,7.0,5.0,16.0,24.0,ppoddar@13f79535-47bb-0310-9956-ffa450edef68,2,0.009523809523809525,40.0,0.0,20.0,0.0,1788.2920634920633,16842.07426413425,2,1,0.8784138953079995,true
openjpa-slice/src/main/java/org/apache/openjpa/slice/jdbc/DistributedConnection.java,223.0,19.0,852.0,56.0,44.0,158.0,18.0,ppoddar@13f79535-47bb-0310-9956-ffa450edef68,1,0.004761904761904762,22.0,11.0,0.0,0.0,955.6571428571428,9729.099428965545,1,0,2.1078794770003695,false
openjpa-slice/src/main/java/org/apache/openjpa/slice/jdbc/DistributedDataSource.java,54.0,11.0,18.0,12.0,17.0,34.0,24.0,mikedd@13f79535-47bb-0310-9956-ffa450edef68,1,0.004761904761904762,14.0,0.0,0.0,0.0,955.6571428571428,9729.099428965545,1,0,2.1078794770003695,false
openjpa-slice/src/main/java/org/apache/openjpa/slice/jdbc/DistributedJDBCConfigurationImpl.java,476.0,39.0,829.0,46.0,177.0,132.0,24.0,ppoddar@13f79535-47bb-0310-9956-ffa450edef68,1,0.004761904761904762,4.0,0.0,0.0,0.0,955.6571428571428,9729.099428965545,1,3,2.1078794770003695,true
openjpa-slice/src/main/java/org/apache/openjpa/slice/jdbc/DistributedJDBCStoreManager.java,379.0,43.0,423.0,39.0,117.0,121.0,24.0,ppoddar@13f79535-47bb-0310-9956-ffa450edef68,1,0.004761904761904762,8.0,0.0,0.0,0.0,955.6571428571428,9729.099428965545,1,1,2.1078794770003695,true
openjpa-slice/src/main/java/org/apache/openjpa/slice/jdbc/DistributedPreparedStatement.java,186.0,20.0,1653.0,58.0,37.0,154.0,18.0,ppoddar@13f79535-47bb-0310-9956-ffa450edef68,1,0.004761904761904762,25.0,12.0,0.0,0.0,955.6571428571428,9729.099428965545,1,0,2.1078794770003695,false
openjpa-slice/src/main/java/org/apache/openjpa/slice/jdbc/DistributedResultSet.java,635.0,22.0,12262.0,192.0,96.0,479.0,18.0,ppoddar@13f79535-47bb-0310-9956-ffa450edef68,1,0.004761904761904762,25.0,12.0,0.0,0.0,955.6571428571428,9729.099428965545,1,0,2.1078794770003695,false
openjpa-slice/src/main/java/org/apache/openjpa/slice/jdbc/DistributedStatement.java,9.0,1.0,0.0,1.0,0.0,1.0,24.0,ppoddar@13f79535-47bb-0310-9956-ffa450edef68,1,0.004761904761904762,20.0,0.0,0.0,0.0,955.6571428571428,9729.099428965545,1,0,2.1078794770003695,false
openjpa-slice/src/main/java/org/apache/openjpa/slice/jdbc/DistributedTemplate.java,192.0,8.0,1010.0,48.0,48.0,152.0,18.0,ppoddar@13f79535-47bb-0310-9956-ffa450edef68,1,0.004761904761904762,25.0,12.0,0.0,0.0,955.6571428571428,9729.099428965545,1,0,2.1078794770003695,false
openjpa-slice/src/test/java/org/apache/openjpa/slice/TestBasic.java,293.0,8.0,153.0,18.0,182.0,37.0,24.0,ppoddar@13f79535-47bb-0310-9956-ffa450edef68,2,0.009523809523809525,12.0,0.0,6.0,0.0,1788.2920634920633,16842.07426413425,2,3,0.8784138953079995,true
openjpa-tools/openjpa-maven-plugin/src/it/default_settings/src/main/java/org/apache/openjpa/tools/maven/testentity/TestEntity.java,35.0,4.0,12.0,9.0,0.0,13.0,5.0,struberg@13f79535-47bb-0310-9956-ffa450edef68,1,0.004761904761904762,50.0,50.0,50.0,0.0,100.0,37.16280890167084,1,0,2.5933872927820705,false
openjpa-tools/openjpa-maven-plugin/src/it/default_settings/src/test/java/org/apache/openjpa/tools/maven/test/ItDefaultSettingsTest.java,83.0,12.0,4.0,4.0,22.0,15.0,5.0,struberg@13f79535-47bb-0310-9956-ffa450edef68,1,0.004761904761904762,50.0,50.0,50.0,0.0,100.0,37.16280890167084,1,0,2.5933872927820705,false
openjpa-tools/openjpa-maven-plugin/src/main/java/org/apache/openjpa/tools/maven/AbstractOpenJpaMappingToolMojo.java,105.0,17.0,10.0,5.0,35.0,22.0,5.0,struberg@13f79535-47bb-0310-9956-ffa450edef68,1,0.004761904761904762,33.0,33.0,33.0,0.0,100.0,37.16280890167084,1,0,2.5933872927820705,false
