name,LOC,CBO,LCOM,NOM,RFC,WMC,ACS,Ownership,numOfChanges,numberOfFIChanges,ENH,NF,BugFixing,REF,structuralWorkloadSum,semanticWorkloadSum,numberOfDeveloper,pastFaults,MAF,isBuggy
openjpa-examples/openbooks/src/main/java/openbook/domain/Range.java,99.0,0.0,0.0,10.0,10.0,27.0,0.0,kwsutter@13f79535-47bb-0310-9956-ffa450edef68,0,0.0,0.0,0.0,0.0,0.0,0.0,0.0,0,0,0.0,false
openjpa-jdbc/src/main/java/org/apache/openjpa/jdbc/kernel/AbstractUpdateManager.java,289.0,28.0,147.0,18.0,90.0,65.0,0.0,null,0,0.0,0.0,0.0,0.0,0.0,0.0,0.0,0,3,0.0,false
openjpa-jdbc/src/main/java/org/apache/openjpa/jdbc/kernel/JDBCStoreManager.java,1243.0,65.0,2890.0,84.0,429.0,295.0,0.0,null,0,0.0,0.0,0.0,0.0,0.0,0.0,0.0,0,16,0.0,false
openjpa-jdbc/src/main/java/org/apache/openjpa/jdbc/kernel/MappedQueryResultObjectProvider.java,263.0,29.0,0.0,10.0,14.0,27.0,0.0,hthomann@13f79535-47bb-0310-9956-ffa450edef68,0,0.0,0.0,0.0,0.0,0.0,0.0,0.0,0,0,0.0,false
openjpa-jdbc/src/main/java/org/apache/openjpa/jdbc/kernel/NativeJDBCSeq.java,300.0,25.0,177.0,27.0,86.0,74.0,3.0,null,1,0.014285714285714285,5.0,0.0,0.0,0.0,207.14285714285717,508.05452995228706,1,2,1.3268709406490897,false
openjpa-jdbc/src/main/java/org/apache/openjpa/jdbc/kernel/PreparedQueryImpl.java,295.0,33.0,236.0,25.0,90.0,80.0,0.0,ppoddar@13f79535-47bb-0310-9956-ffa450edef68,0,0.0,0.0,0.0,0.0,0.0,0.0,0.0,0,4,0.0,false
openjpa-jdbc/src/main/java/org/apache/openjpa/jdbc/meta/FieldMapping.java,925.0,34.0,8374.0,144.0,362.0,345.0,0.0,null,0,0.0,0.0,0.0,0.0,0.0,0.0,0.0,0,5,0.0,true
openjpa-jdbc/src/main/java/org/apache/openjpa/jdbc/meta/MappingDefaultsImpl.java,611.0,22.0,5031.0,103.0,151.0,270.0,0.0,null,0,0.0,0.0,0.0,0.0,0.0,0.0,0.0,0,4,0.0,false
openjpa-jdbc/src/main/java/org/apache/openjpa/jdbc/meta/MappingRepository.java,1025.0,74.0,3226.0,84.0,391.0,317.0,4.0,null,1,0.014285714285714285,3.0,0.0,0.0,0.0,370.83333333333337,1577.9218395420844,1,5,1.1192315758708455,true
openjpa-jdbc/src/main/java/org/apache/openjpa/jdbc/meta/ValueMapping.java,180.0,12.0,666.0,37.0,0.0,75.0,0.0,dianner@13f79535-47bb-0310-9956-ffa450edef68,0,0.0,0.0,0.0,0.0,0.0,0.0,0.0,0,1,0.0,false
openjpa-jdbc/src/main/java/org/apache/openjpa/jdbc/meta/ValueMappingImpl.java,373.0,20.0,880.0,49.0,133.0,136.0,0.0,faywang@13f79535-47bb-0310-9956-ffa450edef68,0,0.0,0.0,0.0,0.0,0.0,0.0,0.0,0,1,0.0,false
openjpa-jdbc/src/main/java/org/apache/openjpa/jdbc/meta/strats/HandlerCollectionTableFieldStrategy.java,171.0,10.0,132.0,20.0,106.0,58.0,0.0,null,0,0.0,0.0,0.0,0.0,0.0,0.0,0.0,0,2,0.0,false
openjpa-jdbc/src/main/java/org/apache/openjpa/jdbc/meta/strats/RelationFieldStrategy.java,631.0,50.0,978.0,45.0,447.0,187.0,0.0,faywang@13f79535-47bb-0310-9956-ffa450edef68,0,0.0,0.0,0.0,0.0,0.0,0.0,0.0,0,5,0.0,false
openjpa-jdbc/src/main/java/org/apache/openjpa/jdbc/sql/DBDictionary.java,3809.0,108.0,47179.0,310.0,1112.0,1152.0,2.0,null,2,0.02857142857142857,1.0,0.0,0.0,0.0,207.14285714285717,508.05452995228706,2,27,1.916198438819913,true
openjpa-jdbc/src/main/java/org/apache/openjpa/jdbc/sql/ResultSetResult.java,349.0,24.0,0.0,51.0,121.0,151.0,0.0,null,0,0.0,0.0,0.0,0.0,0.0,0.0,0.0,0,1,0.0,false
openjpa-jdbc/src/main/java/org/apache/openjpa/jdbc/sql/SQLBuffer.java,440.0,19.0,287.0,38.0,98.0,121.0,4.0,null,1,0.014285714285714285,3.0,0.0,3.0,0.0,370.83333333333337,1577.9218395420844,1,4,1.1192315758708455,true
openjpa-kernel/src/main/java/org/apache/openjpa/datacache/AbstractQueryCache.java,429.0,27.0,577.0,38.0,91.0,91.0,0.0,null,0,0.0,0.0,0.0,0.0,0.0,0.0,0.0,0,1,0.0,true
openjpa-kernel/src/main/java/org/apache/openjpa/kernel/AbstractBrokerFactory.java,567.0,48.0,683.0,47.0,232.0,141.0,0.0,null,0,0.0,0.0,0.0,0.0,0.0,0.0,0.0,0,8,0.0,true
openjpa-kernel/src/main/java/org/apache/openjpa/kernel/AuditManager.java,252.0,20.0,74.0,17.0,34.0,39.0,1.0,ppoddar@13f79535-47bb-0310-9956-ffa450edef68,1,0.014285714285714285,29.0,14.0,0.0,0.0,168.28571428571428,310.9406395459356,1,0,1.4069136483226263,true
openjpa-kernel/src/main/java/org/apache/openjpa/kernel/Audited.java,54.0,3.0,0.0,5.0,12.0,14.0,1.0,mikedd@13f79535-47bb-0310-9956-ffa450edef68,1,0.014285714285714285,50.0,0.0,0.0,0.0,168.28571428571428,310.9406395459356,1,0,1.4069136483226263,false
openjpa-kernel/src/main/java/org/apache/openjpa/kernel/StateManagerImpl.java,2345.0,49.0,13409.0,231.0,1093.0,696.0,1.0,null,1,0.014285714285714285,1.0,0.0,0.0,0.0,207.14285714285717,508.05452995228706,1,16,1.3268709406490897,true
openjpa-kernel/src/main/java/org/apache/openjpa/meta/AbstractCFMetaDataFactory.java,701.0,43.0,615.0,38.0,206.0,119.0,2.0,null,1,0.014285714285714285,4.0,4.0,0.0,0.0,370.83333333333337,1577.9218395420844,1,2,1.1192315758708455,false
openjpa-kernel/src/main/java/org/apache/openjpa/meta/ClassMetaData.java,1953.0,51.0,11288.0,165.0,559.0,531.0,0.0,null,0,0.0,0.0,0.0,0.0,0.0,0.0,0.0,0,8,0.0,true
openjpa-kernel/src/main/java/org/apache/openjpa/meta/JavaTypes.java,333.0,22.0,108.0,16.0,64.0,54.0,0.0,null,0,0.0,0.0,0.0,0.0,0.0,0.0,0.0,0,1,0.0,true
openjpa-kernel/src/main/java/org/apache/openjpa/meta/LifecycleMetaData.java,171.0,6.0,28.0,13.0,13.0,42.0,5.0,kwsutter@13f79535-47bb-0310-9956-ffa450edef68,1,0.014285714285714285,33.0,0.0,0.0,0.0,34.0,20.348194148869194,1,0,3.1986731175506815,false
openjpa-kernel/src/main/java/org/apache/openjpa/meta/MetaDataRepository.java,1807.0,39.0,7289.0,142.0,457.0,516.0,1.0,null,1,0.014285714285714285,2.0,0.0,0.0,0.0,168.28571428571428,310.9406395459356,1,6,1.4069136483226263,true
openjpa-kernel/src/main/java/org/apache/openjpa/util/DelayedHashSetProxy.java,255.0,10.0,555.0,43.0,54.0,117.0,0.0,jrbauer@13f79535-47bb-0310-9956-ffa450edef68,0,0.0,0.0,0.0,0.0,0.0,0.0,0.0,0,1,0.0,false
openjpa-kernel/src/main/java/org/apache/openjpa/util/DelayedLinkedHashSetProxy.java,255.0,11.0,555.0,43.0,54.0,117.0,0.0,struberg@13f79535-47bb-0310-9956-ffa450edef68,0,0.0,0.0,0.0,0.0,0.0,0.0,0.0,0,1,0.0,false
openjpa-kernel/src/main/java/org/apache/openjpa/util/DelayedLinkedListProxy.java,510.0,12.0,64.0,72.0,137.0,229.0,0.0,jrbauer@13f79535-47bb-0310-9956-ffa450edef68,0,0.0,0.0,0.0,0.0,0.0,0.0,0.0,0,1,0.0,false
openjpa-kernel/src/main/java/org/apache/openjpa/util/DelayedPriorityQueueProxy.java,304.0,11.0,628.0,49.0,66.0,136.0,0.0,jrbauer@13f79535-47bb-0310-9956-ffa450edef68,0,0.0,0.0,0.0,0.0,0.0,0.0,0.0,0,1,0.0,false
openjpa-kernel/src/main/java/org/apache/openjpa/util/DelayedTreeSetProxy.java,355.0,12.0,479.0,59.0,86.0,180.0,0.0,jrbauer@13f79535-47bb-0310-9956-ffa450edef68,0,0.0,0.0,0.0,0.0,0.0,0.0,0.0,0,1,0.0,false
openjpa-kernel/src/main/java/org/apache/openjpa/util/DelayedVectorProxy.java,484.0,13.0,373.0,71.0,126.0,221.0,0.0,jrbauer@13f79535-47bb-0310-9956-ffa450edef68,0,0.0,0.0,0.0,0.0,0.0,0.0,0.0,0,1,0.0,false
openjpa-kernel/src/main/java/org/apache/openjpa/util/ProxyManagerImpl.java,1226.0,46.0,2117.0,67.0,540.0,234.0,4.0,null,1,0.014285714285714285,4.0,4.0,0.0,0.0,370.83333333333337,1577.9218395420844,1,4,1.1192315758708455,true
openjpa-kernel/src/test/java/org/apache/openjpa/util/TestProxyManager.java,732.0,32.0,523.0,70.0,262.0,108.0,4.0,curtisr7@13f79535-47bb-0310-9956-ffa450edef68,1,0.014285714285714285,14.0,14.0,0.0,0.0,370.83333333333337,1577.9218395420844,1,2,1.1192315758708455,true
openjpa-kernel/src/test/java/org/apache/openjpa/util/custom/CustomProxyDefaultScopeList.java,12.0,4.0,1.0,3.0,2.0,6.0,4.0,curtisr7@13f79535-47bb-0310-9956-ffa450edef68,1,0.014285714285714285,100.0,100.0,0.0,0.0,370.83333333333337,1577.9218395420844,1,0,1.1192315758708455,true
openjpa-kernel/src/test/java/org/apache/openjpa/util/custom/CustomProxyDefaultScopeType.java,17.0,0.0,4.0,5.0,0.0,7.0,4.0,curtisr7@13f79535-47bb-0310-9956-ffa450edef68,1,0.014285714285714285,100.0,100.0,0.0,0.0,370.83333333333337,1577.9218395420844,1,0,1.1192315758708455,true
openjpa-lib/src/main/java/org/apache/openjpa/lib/identifier/IdentifierUtilImpl.java,450.0,5.0,1509.0,67.0,176.0,202.0,0.0,curtisr7@13f79535-47bb-0310-9956-ffa450edef68,0,0.0,0.0,0.0,0.0,0.0,0.0,0.0,0,2,0.0,false
openjpa-lib/src/main/java/org/apache/openjpa/lib/jdbc/LoggingConnectionDecorator.java,1871.0,29.0,139.0,18.0,10.0,44.0,0.0,null,0,0.0,0.0,0.0,0.0,0.0,0.0,0.0,0,3,0.0,false
openjpa-lib/src/main/java/org/apache/openjpa/lib/util/J2DoPrivHelper.java,787.0,40.0,7626.0,124.0,120.0,359.0,0.0,null,0,0.0,0.0,0.0,0.0,0.0,0.0,0.0,0,3,0.0,true
openjpa-persistence-jdbc/src/test/java/org/apache/openjpa/audit/AuditedEntry.java,38.0,17.0,7.0,6.0,5.0,13.0,5.0,ppoddar@13f79535-47bb-0310-9956-ffa450edef68,1,0.014285714285714285,100.0,100.0,0.0,0.0,168.28571428571428,310.9406395459356,1,0,1.4069136483226263,false
openjpa-persistence-jdbc/src/test/java/org/apache/openjpa/audit/InplaceAuditor.java,32.0,4.0,21.0,7.0,2.0,10.0,5.0,ppoddar@13f79535-47bb-0310-9956-ffa450edef68,1,0.014285714285714285,100.0,100.0,0.0,0.0,168.28571428571428,310.9406395459356,1,0,1.4069136483226263,false
openjpa-persistence-jdbc/src/test/java/org/apache/openjpa/audit/TestAudit.java,88.0,6.0,0.0,9.0,70.0,15.0,3.0,curtisr7@13f79535-47bb-0310-9956-ffa450edef68,2,0.02857142857142857,100.0,67.0,33.0,0.0,539.1190476190477,1888.8624790880199,2,0,0.6745054558772199,true
openjpa-persistence-jdbc/src/test/java/org/apache/openjpa/audit/X.java,41.0,3.0,12.0,8.0,1.0,15.0,3.0,struberg@13f79535-47bb-0310-9956-ffa450edef68,1,0.014285714285714285,75.0,50.0,0.0,0.0,168.28571428571428,310.9406395459356,1,0,1.4069136483226263,true
openjpa-persistence-jdbc/src/test/java/org/apache/openjpa/conf/TestBadAutoDetachProperty.java,70.0,6.0,3.0,3.0,26.0,11.0,0.0,struberg@13f79535-47bb-0310-9956-ffa450edef68,0,0.0,0.0,0.0,0.0,0.0,0.0,0.0,0,1,0.0,false
openjpa-persistence-jdbc/src/test/java/org/apache/openjpa/conf/TestBadJdbcUrl.java,110.0,8.0,20.0,8.0,28.0,24.0,0.0,mikedd@13f79535-47bb-0310-9956-ffa450edef68,0,0.0,0.0,0.0,0.0,0.0,0.0,0.0,0,2,0.0,false
openjpa-persistence-jdbc/src/test/java/org/apache/openjpa/conf/TestDynamicConfiguration.java,90.0,6.0,28.0,8.0,47.0,11.0,0.0,ppoddar@13f79535-47bb-0310-9956-ffa450edef68,0,0.0,0.0,0.0,0.0,0.0,0.0,0.0,0,1,0.0,false
openjpa-persistence-jdbc/src/test/java/org/apache/openjpa/conf/TestQueryProperties.java,137.0,8.0,0.0,3.0,35.0,4.0,0.0,dwoods@13f79535-47bb-0310-9956-ffa450edef68,0,0.0,0.0,0.0,0.0,0.0,0.0,0.0,0,1,0.0,false
openjpa-persistence-jdbc/src/test/java/org/apache/openjpa/enhance/TestDataCachingAndUnenhancedPropertyAccess.java,27.0,4.0,3.0,3.0,18.0,8.0,0.0,mikedd@13f79535-47bb-0310-9956-ffa450edef68,0,0.0,0.0,0.0,0.0,0.0,0.0,0.0,0,0,0.0,false
openjpa-persistence-jdbc/src/test/java/org/apache/openjpa/enhance/TestSimpleUnenhancedQuery.java,17.0,2.0,1.0,2.0,11.0,3.0,0.0,struberg@13f79535-47bb-0310-9956-ffa450edef68,0,0.0,0.0,0.0,0.0,0.0,0.0,0.0,0,1,0.0,false
openjpa-persistence-jdbc/src/test/java/org/apache/openjpa/enhance/UnenhancedFieldAccess.java,30.0,10.0,13.0,7.0,2.0,15.0,0.0,struberg@13f79535-47bb-0310-9956-ffa450edef68,0,0.0,0.0,0.0,0.0,0.0,0.0,0.0,0,0,0.0,false
openjpa-persistence-jdbc/src/test/java/org/apache/openjpa/enhance/UnenhancedIdentityIdPropertyAccess.java,18.0,4.0,6.0,5.0,0.0,7.0,0.0,mprudhom@13f79535-47bb-0310-9956-ffa450edef68,0,0.0,0.0,0.0,0.0,0.0,0.0,0.0,0,0,0.0,false
openjpa-persistence-jdbc/src/test/java/org/apache/openjpa/enhance/UnenhancedPropertyAccessSubclass.java,21.0,4.0,6.0,5.0,3.0,9.0,0.0,struberg@13f79535-47bb-0310-9956-ffa450edef68,0,0.0,0.0,0.0,0.0,0.0,0.0,0.0,0,0,0.0,false
openjpa-persistence-jdbc/src/test/java/org/apache/openjpa/event/TestLifecycleListener.java,25.0,3.0,3.0,3.0,18.0,7.0,0.0,struberg@13f79535-47bb-0310-9956-ffa450edef68,0,0.0,0.0,0.0,0.0,0.0,0.0,0.0,0,0,0.0,false
openjpa-persistence-jdbc/src/test/java/org/apache/openjpa/event/TestSJVMRemoteCommitProvider.java,39.0,8.0,0.0,3.0,15.0,4.0,0.0,pcl@13f79535-47bb-0310-9956-ffa450edef68,0,0.0,0.0,0.0,0.0,0.0,0.0,0.0,0,1,0.0,false
openjpa-persistence-jdbc/src/test/java/org/apache/openjpa/jdbc/kernel/A.java,32.0,5.0,28.0,9.0,0.0,13.0,0.0,struberg@13f79535-47bb-0310-9956-ffa450edef68,0,0.0,0.0,0.0,0.0,0.0,0.0,0.0,0,0,0.0,false
openjpa-persistence-jdbc/src/test/java/org/apache/openjpa/jdbc/meta/strats/AbstractLobTest.java,207.0,17.0,253.0,23.0,191.0,37.0,0.0,null,0,0.0,0.0,0.0,0.0,0.0,0.0,0.0,0,1,0.0,false
openjpa-persistence-jdbc/src/test/java/org/apache/openjpa/kernel/TestBrokerFactoryListenerRegistry.java,39.0,8.0,0.0,5.0,10.0,11.0,0.0,struberg@13f79535-47bb-0310-9956-ffa450edef68,0,0.0,0.0,0.0,0.0,0.0,0.0,0.0,0,1,0.0,false
openjpa-persistence-jdbc/src/test/java/org/apache/openjpa/lib/conf/TestEquivalentConfiguration.java,254.0,8.0,0.0,20.0,104.0,56.0,0.0,ppoddar@13f79535-47bb-0310-9956-ffa450edef68,0,0.0,0.0,0.0,0.0,0.0,0.0,0.0,0,1,0.0,false
openjpa-persistence-jdbc/src/test/java/org/apache/openjpa/meta/TestMetaDataInheritanceComparator.java,41.0,2.0,15.0,6.0,14.0,8.0,0.0,pcl@13f79535-47bb-0310-9956-ffa450edef68,0,0.0,0.0,0.0,0.0,0.0,0.0,0.0,0,1,0.0,false
openjpa-persistence-jdbc/src/test/java/org/apache/openjpa/persistence/TestXMLPersistenceMetaDataParser.java,124.0,6.0,15.0,6.0,43.0,10.0,0.0,struberg@13f79535-47bb-0310-9956-ffa450edef68,0,0.0,0.0,0.0,0.0,0.0,0.0,0.0,0,0,0.0,false
openjpa-persistence-jdbc/src/test/java/org/apache/openjpa/persistence/access/FieldAccessPropStratsEntity.java,65.0,15.0,135.0,18.0,0.0,27.0,0.0,struberg@13f79535-47bb-0310-9956-ffa450edef68,0,0.0,0.0,0.0,0.0,0.0,0.0,0.0,0,0,0.0,false
openjpa-persistence-jdbc/src/test/java/org/apache/openjpa/persistence/access/FieldSub2.java,18.0,6.0,0.0,3.0,3.0,6.0,0.0,struberg@13f79535-47bb-0310-9956-ffa450edef68,0,0.0,0.0,0.0,0.0,0.0,0.0,0.0,0,1,0.0,false
openjpa-persistence-jdbc/src/test/java/org/apache/openjpa/persistence/access/FieldSub3.java,18.0,8.0,0.0,3.0,3.0,6.0,0.0,struberg@13f79535-47bb-0310-9956-ffa450edef68,0,0.0,0.0,0.0,0.0,0.0,0.0,0.0,0,1,0.0,false
openjpa-persistence-jdbc/src/test/java/org/apache/openjpa/persistence/access/PropAccessFieldStratsEntity.java,65.0,15.0,135.0,18.0,0.0,27.0,0.0,struberg@13f79535-47bb-0310-9956-ffa450edef68,0,0.0,0.0,0.0,0.0,0.0,0.0,0.0,0,0,0.0,false
openjpa-persistence-jdbc/src/test/java/org/apache/openjpa/persistence/access/PropertySub3.java,18.0,8.0,0.0,3.0,3.0,6.0,0.0,struberg@13f79535-47bb-0310-9956-ffa450edef68,0,0.0,0.0,0.0,0.0,0.0,0.0,0.0,0,1,0.0,false
openjpa-persistence-jdbc/src/test/java/org/apache/openjpa/persistence/access/TestExplicitAccess.java,770.0,13.0,210.0,21.0,387.0,56.0,0.0,jrbauer@13f79535-47bb-0310-9956-ffa450edef68,0,0.0,0.0,0.0,0.0,0.0,0.0,0.0,0,2,0.0,false
openjpa-persistence-jdbc/src/test/java/org/apache/openjpa/persistence/annotations/TestAdvAnnot.java,54.0,5.0,10.0,5.0,31.0,7.0,0.0,pcl@13f79535-47bb-0310-9956-ffa450edef68,0,0.0,0.0,0.0,0.0,0.0,0.0,0.0,0,1,0.0,false
openjpa-persistence-jdbc/src/test/java/org/apache/openjpa/persistence/annotations/TestAnnotationBasics.java,12.0,3.0,1.0,2.0,6.0,2.0,0.0,pcl@13f79535-47bb-0310-9956-ffa450edef68,0,0.0,0.0,0.0,0.0,0.0,0.0,0.0,0,1,0.0,false
openjpa-persistence-jdbc/src/test/java/org/apache/openjpa/persistence/annotations/TestDDCallbackMethods.java,154.0,4.0,45.0,10.0,116.0,19.0,0.0,pcl@13f79535-47bb-0310-9956-ffa450edef68,0,0.0,0.0,0.0,0.0,0.0,0.0,0.0,0,1,0.0,false
openjpa-persistence-jdbc/src/test/java/org/apache/openjpa/persistence/annotations/TestEJBEmbedded.java,63.0,3.0,6.0,4.0,36.0,4.0,0.0,pcl@13f79535-47bb-0310-9956-ffa450edef68,0,0.0,0.0,0.0,0.0,0.0,0.0,0.0,0,1,0.0,false
openjpa-persistence-jdbc/src/test/java/org/apache/openjpa/persistence/annotations/TestEmbeddableSuperclass.java,34.0,1.0,3.0,3.0,15.0,3.0,0.0,pcl@13f79535-47bb-0310-9956-ffa450edef68,0,0.0,0.0,0.0,0.0,0.0,0.0,0.0,0,1,0.0,false
openjpa-persistence-jdbc/src/test/java/org/apache/openjpa/persistence/annotations/TestEmbeddedId.java,183.0,3.0,8.0,8.0,88.0,10.0,0.0,pcl@13f79535-47bb-0310-9956-ffa450edef68,0,0.0,0.0,0.0,0.0,0.0,0.0,0.0,0,1,0.0,false
openjpa-persistence-jdbc/src/test/java/org/apache/openjpa/persistence/annotations/TestEntityListenerAnnot.java,135.0,3.0,36.0,9.0,97.0,9.0,0.0,pcl@13f79535-47bb-0310-9956-ffa450edef68,0,0.0,0.0,0.0,0.0,0.0,0.0,0.0,0,1,0.0,false
openjpa-persistence-jdbc/src/test/java/org/apache/openjpa/persistence/annotations/TestEntityOrderBy.java,54.0,3.0,3.0,3.0,17.0,3.0,0.0,pcl@13f79535-47bb-0310-9956-ffa450edef68,0,0.0,0.0,0.0,0.0,0.0,0.0,0.0,0,1,0.0,false
openjpa-persistence-jdbc/src/test/java/org/apache/openjpa/persistence/annotations/TestEnumerated.java,50.0,2.0,3.0,3.0,18.0,3.0,0.0,pcl@13f79535-47bb-0310-9956-ffa450edef68,0,0.0,0.0,0.0,0.0,0.0,0.0,0.0,0,1,0.0,false
openjpa-persistence-jdbc/src/test/java/org/apache/openjpa/persistence/annotations/TestFlatInheritance.java,33.0,1.0,3.0,3.0,13.0,3.0,0.0,pcl@13f79535-47bb-0310-9956-ffa450edef68,0,0.0,0.0,0.0,0.0,0.0,0.0,0.0,0,1,0.0,false
openjpa-persistence-jdbc/src/test/java/org/apache/openjpa/persistence/annotations/TestGenerators.java,59.0,2.0,28.0,8.0,35.0,11.0,0.0,pcl@13f79535-47bb-0310-9956-ffa450edef68,0,0.0,0.0,0.0,0.0,0.0,0.0,0.0,0,1,0.0,false
openjpa-persistence-jdbc/src/test/java/org/apache/openjpa/persistence/annotations/TestJoinedInheritance.java,41.0,1.0,3.0,3.0,20.0,3.0,0.0,pcl@13f79535-47bb-0310-9956-ffa450edef68,0,0.0,0.0,0.0,0.0,0.0,0.0,0.0,0,1,0.0,false
openjpa-persistence-jdbc/src/test/java/org/apache/openjpa/persistence/annotations/TestManyToMany.java,84.0,2.0,6.0,4.0,30.0,10.0,0.0,pcl@13f79535-47bb-0310-9956-ffa450edef68,0,0.0,0.0,0.0,0.0,0.0,0.0,0.0,0,1,0.0,false
openjpa-persistence-jdbc/src/test/java/org/apache/openjpa/persistence/annotations/TestMapKey.java,53.0,2.0,3.0,3.0,19.0,3.0,0.0,pcl@13f79535-47bb-0310-9956-ffa450edef68,0,0.0,0.0,0.0,0.0,0.0,0.0,0.0,0,1,0.0,false
openjpa-persistence-jdbc/src/test/java/org/apache/openjpa/persistence/annotations/TestOneToMany.java,74.0,2.0,6.0,4.0,33.0,10.0,0.0,pcl@13f79535-47bb-0310-9956-ffa450edef68,0,0.0,0.0,0.0,0.0,0.0,0.0,0.0,0,1,0.0,false
openjpa-persistence-jdbc/src/test/java/org/apache/openjpa/persistence/annotations/TestOneToOne.java,102.0,1.0,21.0,7.0,65.0,7.0,0.0,pcl@13f79535-47bb-0310-9956-ffa450edef68,0,0.0,0.0,0.0,0.0,0.0,0.0,0.0,0,1,0.0,false
openjpa-persistence-jdbc/src/test/java/org/apache/openjpa/persistence/annotations/TestPropertyAccess.java,51.0,2.0,15.0,6.0,29.0,6.0,0.0,pcl@13f79535-47bb-0310-9956-ffa450edef68,0,0.0,0.0,0.0,0.0,0.0,0.0,0.0,0,1,0.0,false
openjpa-persistence-jdbc/src/test/java/org/apache/openjpa/persistence/annotations/TestSerializedLobs.java,65.0,3.0,10.0,5.0,41.0,8.0,0.0,pcl@13f79535-47bb-0310-9956-ffa450edef68,0,0.0,0.0,0.0,0.0,0.0,0.0,0.0,0,1,0.0,false
openjpa-persistence-jdbc/src/test/java/org/apache/openjpa/persistence/annotations/TestTablePerClassInheritance.java,42.0,1.0,1.0,2.0,15.0,2.0,0.0,pcl@13f79535-47bb-0310-9956-ffa450edef68,0,0.0,0.0,0.0,0.0,0.0,0.0,0.0,0,1,0.0,false
openjpa-persistence-jdbc/src/test/java/org/apache/openjpa/persistence/annotations/common/apps/annotApp/annotype/ContractEmployee.java,28.0,1.0,9.0,7.0,4.0,10.0,0.0,struberg@13f79535-47bb-0310-9956-ffa450edef68,0,0.0,0.0,0.0,0.0,0.0,0.0,0.0,0,1,0.0,false
openjpa-persistence-jdbc/src/test/java/org/apache/openjpa/persistence/annotations/common/apps/annotApp/annotype/TxRollbackEntity.java,25.0,9.0,15.0,6.0,7.0,7.0,0.0,mikedd@13f79535-47bb-0310-9956-ffa450edef68,0,0.0,0.0,0.0,0.0,0.0,0.0,0.0,0,1,0.0,false
openjpa-persistence-jdbc/src/test/java/org/apache/openjpa/persistence/annotations/common/apps/annotApp/ddtype/ContractEmployee.java,28.0,1.0,9.0,7.0,4.0,10.0,0.0,struberg@13f79535-47bb-0310-9956-ffa450edef68,0,0.0,0.0,0.0,0.0,0.0,0.0,0.0,0,1,0.0,false
openjpa-persistence-jdbc/src/test/java/org/apache/openjpa/persistence/annotations/common/apps/annotApp/ddtype/DefaultCallbackListener.java,32.0,0.0,28.0,8.0,21.0,8.0,0.0,struberg@13f79535-47bb-0310-9956-ffa450edef68,0,0.0,0.0,0.0,0.0,0.0,0.0,0.0,0,1,0.0,false
openjpa-persistence-jdbc/src/test/java/org/apache/openjpa/persistence/annotations/common/apps/annotApp/ddtype/LifeCycleDDEntity2.java,38.0,8.0,29.0,10.0,9.0,18.0,0.0,struberg@13f79535-47bb-0310-9956-ffa450edef68,0,0.0,0.0,0.0,0.0,0.0,0.0,0.0,0,1,0.0,false
openjpa-persistence-jdbc/src/test/java/org/apache/openjpa/persistence/annotations/common/apps/annotApp/ddtype/TxRollbackEntity.java,22.0,9.0,10.0,5.0,7.0,6.0,0.0,struberg@13f79535-47bb-0310-9956-ffa450edef68,0,0.0,0.0,0.0,0.0,0.0,0.0,0.0,0,1,0.0,false
openjpa-persistence-jdbc/src/test/java/org/apache/openjpa/persistence/annotations/xml/DerivedB.java,7.0,3.0,0.0,0.0,0.0,0.0,0.0,struberg@13f79535-47bb-0310-9956-ffa450edef68,0,0.0,0.0,0.0,0.0,0.0,0.0,0.0,0,0,0.0,false
openjpa-persistence-jdbc/src/test/java/org/apache/openjpa/persistence/blob/mysql/TestBlobColumnType.java,57.0,7.0,0.0,8.0,35.0,19.0,0.0,struberg@13f79535-47bb-0310-9956-ffa450edef68,0,0.0,0.0,0.0,0.0,0.0,0.0,0.0,0,0,0.0,false
openjpa-persistence-jdbc/src/test/java/org/apache/openjpa/persistence/cache/jpa/AbstractCacheModeTestCase.java,268.0,16.0,465.0,31.0,142.0,60.0,0.0,mikedd@13f79535-47bb-0310-9956-ffa450edef68,0,0.0,0.0,0.0,0.0,0.0,0.0,0.0,0,1,0.0,false
openjpa-persistence-jdbc/src/test/java/org/apache/openjpa/persistence/callbacks/EntityListenerMappedSuperClass.java,2.0,2.0,0.0,0.0,0.0,0.0,5.0,kwsutter@13f79535-47bb-0310-9956-ffa450edef68,1,0.014285714285714285,100.0,0.0,0.0,0.0,34.0,20.348194148869194,1,0,3.1986731175506815,false
openjpa-persistence-jdbc/src/test/java/org/apache/openjpa/persistence/callbacks/GlobalListenerEntity.java,16.0,3.0,2.0,4.0,0.0,6.0,0.0,struberg@13f79535-47bb-0310-9956-ffa450edef68,0,0.0,0.0,0.0,0.0,0.0,0.0,0.0,0,1,0.0,false
openjpa-persistence-jdbc/src/test/java/org/apache/openjpa/persistence/callbacks/ListenerImpl.java,34.0,7.0,36.0,9.0,0.0,9.0,0.0,struberg@13f79535-47bb-0310-9956-ffa450edef68,0,0.0,0.0,0.0,0.0,0.0,0.0,0.0,0,2,0.0,true
openjpa-persistence-jdbc/src/test/java/org/apache/openjpa/persistence/callbacks/MSCListenerEntity.java,16.0,3.0,2.0,4.0,0.0,6.0,5.0,kwsutter@13f79535-47bb-0310-9956-ffa450edef68,1,0.014285714285714285,100.0,0.0,0.0,0.0,34.0,20.348194148869194,1,0,3.1986731175506815,false
openjpa-persistence-jdbc/src/test/java/org/apache/openjpa/persistence/callbacks/TestMSCEntityListeners.java,67.0,2.0,8.0,5.0,20.0,10.0,5.0,kwsutter@13f79535-47bb-0310-9956-ffa450edef68,1,0.014285714285714285,100.0,0.0,0.0,0.0,34.0,20.348194148869194,1,0,3.1986731175506815,false
openjpa-persistence-jdbc/src/test/java/org/apache/openjpa/persistence/cascade/CascadePersistEntity.java,28.0,5.0,18.0,8.0,0.0,11.0,0.0,curtisr7@13f79535-47bb-0310-9956-ffa450edef68,0,0.0,0.0,0.0,0.0,0.0,0.0,0.0,0,1,0.0,false
openjpa-persistence-jdbc/src/test/java/org/apache/openjpa/persistence/common/apps/EmbeddedOwnerPC.java,65.0,8.0,35.0,10.0,0.0,15.0,0.0,struberg@13f79535-47bb-0310-9956-ffa450edef68,0,0.0,0.0,0.0,0.0,0.0,0.0,0.0,0,1,0.0,false
openjpa-persistence-jdbc/src/test/java/org/apache/openjpa/persistence/common/apps/Entity2.java,36.0,5.0,2.0,8.0,0.0,12.0,0.0,struberg@13f79535-47bb-0310-9956-ffa450edef68,0,0.0,0.0,0.0,0.0,0.0,0.0,0.0,0,1,0.0,false
openjpa-persistence-jdbc/src/test/java/org/apache/openjpa/persistence/common/apps/RuntimeTest1.java,56.0,12.0,55.0,14.0,0.0,20.0,0.0,struberg@13f79535-47bb-0310-9956-ffa450edef68,0,0.0,0.0,0.0,0.0,0.0,0.0,0.0,0,1,0.0,false
openjpa-persistence-jdbc/src/test/java/org/apache/openjpa/persistence/common/apps/RuntimeTest2.java,23.0,2.0,4.0,5.0,0.0,7.0,0.0,struberg@13f79535-47bb-0310-9956-ffa450edef68,0,0.0,0.0,0.0,0.0,0.0,0.0,0.0,0,1,0.0,false
openjpa-persistence-jdbc/src/test/java/org/apache/openjpa/persistence/compat/Bi_1ToM_Map_JT.java,34.0,3.0,3.0,7.0,6.0,14.0,0.0,struberg@13f79535-47bb-0310-9956-ffa450edef68,0,0.0,0.0,0.0,0.0,0.0,0.0,0.0,0,0,0.0,false
openjpa-persistence-jdbc/src/test/java/org/apache/openjpa/persistence/compat/EntityC_U1M_Map_RelKey_FK.java,26.0,1.0,0.0,6.0,2.0,12.0,0.0,struberg@13f79535-47bb-0310-9956-ffa450edef68,0,0.0,0.0,0.0,0.0,0.0,0.0,0.0,0,0,0.0,false
openjpa-persistence-jdbc/src/test/java/org/apache/openjpa/persistence/compat/TestContainerSpecCompatibilityOptions.java,646.0,15.0,233.0,23.0,284.0,46.0,0.0,struberg@13f79535-47bb-0310-9956-ffa450edef68,0,0.0,0.0,0.0,0.0,0.0,0.0,0.0,0,1,0.0,false
openjpa-persistence-jdbc/src/test/java/org/apache/openjpa/persistence/compat/TestEmbeddableSuperclass.java,16.0,5.0,1.0,2.0,9.0,2.0,0.0,ppoddar@13f79535-47bb-0310-9956-ffa450edef68,0,0.0,0.0,0.0,0.0,0.0,0.0,0.0,0,0,0.0,false
openjpa-persistence-jdbc/src/test/java/org/apache/openjpa/persistence/compat/TestNonPrimaryKeyQueryParameters.java,85.0,6.0,2.0,4.0,37.0,13.0,0.0,struberg@13f79535-47bb-0310-9956-ffa450edef68,0,0.0,0.0,0.0,0.0,0.0,0.0,0.0,0,0,0.0,false
openjpa-persistence-jdbc/src/test/java/org/apache/openjpa/persistence/compat/Uni_1ToM_Map_FK.java,34.0,3.0,3.0,7.0,6.0,14.0,0.0,struberg@13f79535-47bb-0310-9956-ffa450edef68,0,0.0,0.0,0.0,0.0,0.0,0.0,0.0,0,0,0.0,false
openjpa-persistence-jdbc/src/test/java/org/apache/openjpa/persistence/compat/Uni_1ToM_Map_RelKey_FK.java,43.0,3.0,10.0,8.0,9.0,18.0,0.0,struberg@13f79535-47bb-0310-9956-ffa450edef68,0,0.0,0.0,0.0,0.0,0.0,0.0,0.0,0,0,0.0,false
openjpa-persistence-jdbc/src/test/java/org/apache/openjpa/persistence/conf/TestOverrideNonJtaDataSource.java,163.0,12.0,60.0,13.0,74.0,28.0,0.0,mikedd@13f79535-47bb-0310-9956-ffa450edef68,0,0.0,0.0,0.0,0.0,0.0,0.0,0.0,0,2,0.0,false
openjpa-persistence-jdbc/src/test/java/org/apache/openjpa/persistence/criteria/A.java,5.0,4.0,0.0,0.0,0.0,0.0,0.0,struberg@13f79535-47bb-0310-9956-ffa450edef68,0,0.0,0.0,0.0,0.0,0.0,0.0,0.0,0,0,0.0,false
openjpa-persistence-jdbc/src/test/java/org/apache/openjpa/persistence/criteria/AbstractCriteriaTestCase.java,285.0,23.0,270.0,25.0,98.0,72.0,0.0,ppoddar@13f79535-47bb-0310-9956-ffa450edef68,0,0.0,0.0,0.0,0.0,0.0,0.0,0.0,0,2,0.0,false
openjpa-persistence-jdbc/src/test/java/org/apache/openjpa/persistence/criteria/BlogUser_.java,8.0,1.0,0.0,0.0,0.0,0.0,0.0,struberg@13f79535-47bb-0310-9956-ffa450edef68,0,0.0,0.0,0.0,0.0,0.0,0.0,0.0,0,1,0.0,false
openjpa-persistence-jdbc/src/test/java/org/apache/openjpa/persistence/criteria/CriteriaTest.java,62.0,4.0,17.0,11.0,11.0,21.0,4.0,ppoddar@13f79535-47bb-0310-9956-ffa450edef68,1,0.014285714285714285,4.0,4.0,0.0,0.0,168.28571428571428,310.9406395459356,1,3,1.4069136483226263,false
openjpa-persistence-jdbc/src/test/java/org/apache/openjpa/persistence/criteria/EntityWithIdClass.java,18.0,3.0,0.0,3.0,0.0,5.0,3.0,allee8285@13f79535-47bb-0310-9956-ffa450edef68,2,0.02857142857142857,100.0,50.0,50.0,0.0,375.42857142857144,818.9951694982226,2,0,0.6737451139259126,false
openjpa-persistence-jdbc/src/test/java/org/apache/openjpa/persistence/criteria/IdTestClass.java,27.0,0.0,0.0,2.0,3.0,6.0,3.0,allee8285@13f79535-47bb-0310-9956-ffa450edef68,1,0.014285714285714285,100.0,0.0,100.0,0.0,207.14285714285717,508.05452995228706,1,0,1.3268709406490897,false
openjpa-persistence-jdbc/src/test/java/org/apache/openjpa/persistence/criteria/TestEdit.java,220.0,11.0,190.0,20.0,135.0,23.0,0.0,ppoddar@13f79535-47bb-0310-9956-ffa450edef68,0,0.0,0.0,0.0,0.0,0.0,0.0,0.0,0,0,0.0,false
openjpa-persistence-jdbc/src/test/java/org/apache/openjpa/persistence/criteria/TestSubqueries.java,321.0,10.0,325.0,26.0,280.0,27.0,0.0,faywang@13f79535-47bb-0310-9956-ffa450edef68,0,0.0,0.0,0.0,0.0,0.0,0.0,0.0,0,1,0.0,false
openjpa-persistence-jdbc/src/test/java/org/apache/openjpa/persistence/criteria/TestTypeSafeCondExpression.java,467.0,9.0,1653.0,58.0,478.0,60.0,0.0,ppoddar@13f79535-47bb-0310-9956-ffa450edef68,0,0.0,0.0,0.0,0.0,0.0,0.0,0.0,0,2,0.0,false
openjpa-persistence-jdbc/src/test/java/org/apache/openjpa/persistence/criteria/TestTypesafeCriteria.java,1101.0,29.0,5659.0,107.0,952.0,140.0,4.0,ppoddar@13f79535-47bb-0310-9956-ffa450edef68,1,0.014285714285714285,2.0,2.0,0.0,0.0,168.28571428571428,310.9406395459356,1,5,1.4069136483226263,false
openjpa-persistence-jdbc/src/test/java/org/apache/openjpa/persistence/criteria/results/ShipRate.java,9.0,2.0,0.0,1.0,0.0,1.0,0.0,hthomann@13f79535-47bb-0310-9956-ffa450edef68,0,0.0,0.0,0.0,0.0,0.0,0.0,0.0,0,0,0.0,false
openjpa-persistence-jdbc/src/test/java/org/apache/openjpa/persistence/datacache/TestBulkJPQLAndDataCache.java,64.0,6.0,0.0,4.0,52.0,5.0,0.0,struberg@13f79535-47bb-0310-9956-ffa450edef68,0,0.0,0.0,0.0,0.0,0.0,0.0,0.0,0,0,0.0,false
openjpa-persistence-jdbc/src/test/java/org/apache/openjpa/persistence/datacache/TestCacheExclusions.java,157.0,9.0,0.0,14.0,78.0,24.0,0.0,ppoddar@13f79535-47bb-0310-9956-ffa450edef68,0,0.0,0.0,0.0,0.0,0.0,0.0,0.0,0,1,0.0,false
openjpa-persistence-jdbc/src/test/java/org/apache/openjpa/persistence/delimited/identifiers/noschema/TestNoSchemaManualDelimId.java,69.0,4.0,0.0,9.0,37.0,14.0,0.0,jrbauer@13f79535-47bb-0310-9956-ffa450edef68,0,0.0,0.0,0.0,0.0,0.0,0.0,0.0,0,4,0.0,false
openjpa-persistence-jdbc/src/test/java/org/apache/openjpa/persistence/delimited/identifiers/noschema/TestNoSchemaManualDelimIdSeqGen.java,48.0,5.0,0.0,4.0,19.0,12.0,0.0,jrbauer@13f79535-47bb-0310-9956-ffa450edef68,0,0.0,0.0,0.0,0.0,0.0,0.0,0.0,0,3,0.0,false
openjpa-persistence-jdbc/src/test/java/org/apache/openjpa/persistence/delimited/identifiers/noschema/TestNoSchemaManualDelimitedJoinAnnotations.java,95.0,7.0,0.0,9.0,43.0,15.0,0.0,jrbauer@13f79535-47bb-0310-9956-ffa450edef68,0,0.0,0.0,0.0,0.0,0.0,0.0,0.0,0,3,0.0,false
openjpa-persistence-jdbc/src/test/java/org/apache/openjpa/persistence/delimited/identifiers/xml/Car2.java,46.0,0.0,18.0,8.0,0.0,11.0,0.0,struberg@13f79535-47bb-0310-9956-ffa450edef68,0,0.0,0.0,0.0,0.0,0.0,0.0,0.0,0,0,0.0,false
openjpa-persistence-jdbc/src/test/java/org/apache/openjpa/persistence/delimited/identifiers/xml/Chevrolet2.java,7.0,0.0,1.0,2.0,0.0,2.0,0.0,struberg@13f79535-47bb-0310-9956-ffa450edef68,0,0.0,0.0,0.0,0.0,0.0,0.0,0.0,0,0,0.0,false
openjpa-persistence-jdbc/src/test/java/org/apache/openjpa/persistence/delimited/identifiers/xml/Pontiac2.java,7.0,0.0,1.0,2.0,0.0,2.0,0.0,struberg@13f79535-47bb-0310-9956-ffa450edef68,0,0.0,0.0,0.0,0.0,0.0,0.0,0.0,0,0,0.0,false
openjpa-persistence-jdbc/src/test/java/org/apache/openjpa/persistence/delimited/identifiers/xml/TestXmlDelimIdResultSets.java,76.0,4.0,2.0,8.0,28.0,19.0,0.0,struberg@13f79535-47bb-0310-9956-ffa450edef68,0,0.0,0.0,0.0,0.0,0.0,0.0,0.0,0,0,0.0,false
openjpa-persistence-jdbc/src/test/java/org/apache/openjpa/persistence/delimited/identifiers/xml/TestXmlDelimInheritance.java,65.0,4.0,0.0,9.0,28.0,17.0,0.0,struberg@13f79535-47bb-0310-9956-ffa450edef68,0,0.0,0.0,0.0,0.0,0.0,0.0,0.0,0,0,0.0,false
openjpa-persistence-jdbc/src/test/java/org/apache/openjpa/persistence/delimited/identifiers/xml/TestXmlDelimitedJoinAnnotation.java,94.0,4.0,0.0,10.0,41.0,18.0,0.0,struberg@13f79535-47bb-0310-9956-ffa450edef68,0,0.0,0.0,0.0,0.0,0.0,0.0,0.0,0,1,0.0,false
openjpa-persistence-jdbc/src/test/java/org/apache/openjpa/persistence/detach/TestMergeNoStateManager.java,61.0,2.0,0.0,2.0,21.0,6.0,0.0,curtisr7@13f79535-47bb-0310-9956-ffa450edef68,0,0.0,0.0,0.0,0.0,0.0,0.0,0.0,0,0,0.0,false
openjpa-persistence-jdbc/src/test/java/org/apache/openjpa/persistence/detachment/TestGetReferenceAndImplicitDetachment.java,44.0,5.0,10.0,5.0,37.0,6.0,0.0,struberg@13f79535-47bb-0310-9956-ffa450edef68,0,0.0,0.0,0.0,0.0,0.0,0.0,0.0,0,0,0.0,false
openjpa-persistence-jdbc/src/test/java/org/apache/openjpa/persistence/detachment/model/SimpleRef.java,13.0,1.0,1.0,3.0,0.0,5.0,0.0,struberg@13f79535-47bb-0310-9956-ffa450edef68,0,0.0,0.0,0.0,0.0,0.0,0.0,0.0,0,0,0.0,false
openjpa-persistence-jdbc/src/test/java/org/apache/openjpa/persistence/discriminator/TestDiscriminatorTypes.java,104.0,6.0,10.0,5.0,61.0,6.0,0.0,pcl@13f79535-47bb-0310-9956-ffa450edef68,0,0.0,0.0,0.0,0.0,0.0,0.0,0.0,0,0,0.0,false
openjpa-persistence-jdbc/src/test/java/org/apache/openjpa/persistence/distinctjoin/Course.java,67.0,17.0,102.0,16.0,1.0,25.0,0.0,struberg@13f79535-47bb-0310-9956-ffa450edef68,0,0.0,0.0,0.0,0.0,0.0,0.0,0.0,0,0,0.0,false
openjpa-persistence-jdbc/src/test/java/org/apache/openjpa/persistence/distinctjoin/Lecturer.java,24.0,7.0,6.0,5.0,0.0,8.0,0.0,struberg@13f79535-47bb-0310-9956-ffa450edef68,0,0.0,0.0,0.0,0.0,0.0,0.0,0.0,0,0,0.0,false
openjpa-persistence-jdbc/src/test/java/org/apache/openjpa/persistence/distinctjoin/LocalizedText.java,22.0,2.0,6.0,5.0,1.0,9.0,0.0,struberg@13f79535-47bb-0310-9956-ffa450edef68,0,0.0,0.0,0.0,0.0,0.0,0.0,0.0,0,0,0.0,false
openjpa-persistence-jdbc/src/test/java/org/apache/openjpa/persistence/distinctjoin/TestDistinctJoin.java,144.0,11.0,0.0,5.0,40.0,13.0,0.0,struberg@13f79535-47bb-0310-9956-ffa450edef68,0,0.0,0.0,0.0,0.0,0.0,0.0,0.0,0,0,0.0,false
openjpa-persistence-jdbc/src/test/java/org/apache/openjpa/persistence/embed/Embed_Single_Coll.java,26.0,4.0,0.0,4.0,3.0,9.0,0.0,struberg@13f79535-47bb-0310-9956-ffa450edef68,0,0.0,0.0,0.0,0.0,0.0,0.0,0.0,0,0,0.0,false
openjpa-persistence-jdbc/src/test/java/org/apache/openjpa/persistence/embed/EntityA_Embed_Complex.java,89.0,22.0,248.0,24.0,6.0,36.0,0.0,struberg@13f79535-47bb-0310-9956-ffa450edef68,0,0.0,0.0,0.0,0.0,0.0,0.0,0.0,0,0,0.0,false
openjpa-persistence-jdbc/src/test/java/org/apache/openjpa/persistence/embed/Item5.java,22.0,8.0,1.0,6.0,3.0,9.0,0.0,struberg@13f79535-47bb-0310-9956-ffa450edef68,0,0.0,0.0,0.0,0.0,0.0,0.0,0.0,0,0,0.0,false
openjpa-persistence-jdbc/src/test/java/org/apache/openjpa/persistence/embed/TestEmbedded.java,104.0,4.0,15.0,6.0,66.0,10.0,0.0,ppoddar@13f79535-47bb-0310-9956-ffa450edef68,0,0.0,0.0,0.0,0.0,0.0,0.0,0.0,0,2,0.0,false
openjpa-persistence-jdbc/src/test/java/org/apache/openjpa/persistence/embed/attrOverrides/TestAttrOverridesXml.java,128.0,14.0,53.0,11.0,79.0,23.0,0.0,null,0,0.0,0.0,0.0,0.0,0.0,0.0,0.0,0,0,0.0,false
openjpa-persistence-jdbc/src/test/java/org/apache/openjpa/persistence/enhance/identity/Line1.java,21.0,11.0,2.0,4.0,0.0,6.0,0.0,struberg@13f79535-47bb-0310-9956-ffa450edef68,0,0.0,0.0,0.0,0.0,0.0,0.0,0.0,0,0,0.0,false
openjpa-persistence-jdbc/src/test/java/org/apache/openjpa/persistence/enhance/identity/LineId1.java,43.0,5.0,6.0,8.0,5.0,13.0,0.0,struberg@13f79535-47bb-0310-9956-ffa450edef68,0,0.0,0.0,0.0,0.0,0.0,0.0,0.0,0,0,0.0,false
openjpa-persistence-jdbc/src/test/java/org/apache/openjpa/persistence/enhance/identity/Page.java,21.0,9.0,2.0,4.0,0.0,6.0,0.0,struberg@13f79535-47bb-0310-9956-ffa450edef68,0,0.0,0.0,0.0,0.0,0.0,0.0,0.0,0,1,0.0,false
openjpa-persistence-jdbc/src/test/java/org/apache/openjpa/persistence/exception/PObject.java,24.0,4.0,6.0,5.0,0.0,8.0,0.0,ppoddar@13f79535-47bb-0310-9956-ffa450edef68,0,0.0,0.0,0.0,0.0,0.0,0.0,0.0,0,2,0.0,false
openjpa-persistence-jdbc/src/test/java/org/apache/openjpa/persistence/fetchgroups/TestFetchGroupStacks.java,41.0,4.0,3.0,3.0,17.0,5.0,0.0,struberg@13f79535-47bb-0310-9956-ffa450edef68,0,0.0,0.0,0.0,0.0,0.0,0.0,0.0,0,0,0.0,false
openjpa-persistence-jdbc/src/test/java/org/apache/openjpa/persistence/fields/EnumFieldType.java,20.0,6.0,4.0,5.0,0.0,7.0,0.0,struberg@13f79535-47bb-0310-9956-ffa450edef68,0,0.0,0.0,0.0,0.0,0.0,0.0,0.0,0,0,0.0,false
openjpa-persistence-jdbc/src/test/java/org/apache/openjpa/persistence/fields/TestEnumQueryConstructor.java,17.0,3.0,1.0,2.0,12.0,2.0,0.0,struberg@13f79535-47bb-0310-9956-ffa450edef68,0,0.0,0.0,0.0,0.0,0.0,0.0,0.0,0,0,0.0,false
openjpa-persistence-jdbc/src/test/java/org/apache/openjpa/persistence/foreign/keys/ContainsMultSimpleEntity.java,24.0,5.0,9.0,6.0,0.0,9.0,0.0,dianner@13f79535-47bb-0310-9956-ffa450edef68,0,0.0,0.0,0.0,0.0,0.0,0.0,0.0,0,1,0.0,false
openjpa-persistence-jdbc/src/test/java/org/apache/openjpa/persistence/foreign/keys/SimpleEntity.java,17.0,4.0,2.0,4.0,0.0,6.0,0.0,dianner@13f79535-47bb-0310-9956-ffa450edef68,0,0.0,0.0,0.0,0.0,0.0,0.0,0.0,0,1,0.0,false
openjpa-persistence-jdbc/src/test/java/org/apache/openjpa/persistence/foreign/keys/TestMultForeignKeys.java,59.0,4.0,3.0,3.0,30.0,3.0,0.0,dianner@13f79535-47bb-0310-9956-ffa450edef68,0,0.0,0.0,0.0,0.0,0.0,0.0,0.0,0,1,0.0,false
openjpa-persistence-jdbc/src/test/java/org/apache/openjpa/persistence/foreign/keys/TopLevel.java,17.0,5.0,2.0,4.0,0.0,6.0,0.0,dianner@13f79535-47bb-0310-9956-ffa450edef68,0,0.0,0.0,0.0,0.0,0.0,0.0,0.0,0,1,0.0,false
openjpa-persistence-jdbc/src/test/java/org/apache/openjpa/persistence/identity/TestCompundIdWithNull.java,67.0,7.0,6.0,4.0,34.0,11.0,0.0,struberg@13f79535-47bb-0310-9956-ffa450edef68,0,0.0,0.0,0.0,0.0,0.0,0.0,0.0,0,0,0.0,false
openjpa-persistence-jdbc/src/test/java/org/apache/openjpa/persistence/identity/TestFloatingPointIds.java,42.0,3.0,6.0,4.0,26.0,4.0,0.0,struberg@13f79535-47bb-0310-9956-ffa450edef68,0,0.0,0.0,0.0,0.0,0.0,0.0,0.0,0,0,0.0,false
openjpa-persistence-jdbc/src/test/java/org/apache/openjpa/persistence/identity/TestSQLBigDecimalId.java,42.0,5.0,6.0,4.0,27.0,4.0,0.0,curtisr7@13f79535-47bb-0310-9956-ffa450edef68,0,0.0,0.0,0.0,0.0,0.0,0.0,0.0,0,3,0.0,false
openjpa-persistence-jdbc/src/test/java/org/apache/openjpa/persistence/inheritance/TestFindAbstractClass.java,38.0,4.0,6.0,4.0,23.0,4.0,0.0,struberg@13f79535-47bb-0310-9956-ffa450edef68,0,0.0,0.0,0.0,0.0,0.0,0.0,0.0,0,0,0.0,false
openjpa-persistence-jdbc/src/test/java/org/apache/openjpa/persistence/inheritance/entity/RegularUser.java,9.0,4.0,0.0,2.0,0.0,3.0,0.0,struberg@13f79535-47bb-0310-9956-ffa450edef68,0,0.0,0.0,0.0,0.0,0.0,0.0,0.0,0,1,0.0,false
openjpa-persistence-jdbc/src/test/java/org/apache/openjpa/persistence/jdbc/TestTimestampPKDeletion.java,23.0,6.0,1.0,2.0,10.0,3.0,0.0,hthomann@13f79535-47bb-0310-9956-ffa450edef68,0,0.0,0.0,0.0,0.0,0.0,0.0,0.0,0,1,0.0,false
openjpa-persistence-jdbc/src/test/java/org/apache/openjpa/persistence/jdbc/annotations/NonstandardMappingEntity3.java,23.0,9.0,9.0,6.0,0.0,9.0,0.0,struberg@13f79535-47bb-0310-9956-ffa450edef68,0,0.0,0.0,0.0,0.0,0.0,0.0,0.0,0,1,0.0,false
openjpa-persistence-jdbc/src/test/java/org/apache/openjpa/persistence/jdbc/annotations/NonstandardMappingMappedSuper4.java,9.0,4.0,0.0,2.0,0.0,3.0,0.0,struberg@13f79535-47bb-0310-9956-ffa450edef68,0,0.0,0.0,0.0,0.0,0.0,0.0,0.0,0,1,0.0,false
openjpa-persistence-jdbc/src/test/java/org/apache/openjpa/persistence/jdbc/annotations/TestDiscriminator.java,17.0,5.0,1.0,2.0,9.0,3.0,0.0,pcl@13f79535-47bb-0310-9956-ffa450edef68,0,0.0,0.0,0.0,0.0,0.0,0.0,0.0,0,1,0.0,false
openjpa-persistence-jdbc/src/test/java/org/apache/openjpa/persistence/jdbc/annotations/TestEmbeddableSuperclass.java,75.0,14.0,21.0,7.0,65.0,9.0,0.0,ppoddar@13f79535-47bb-0310-9956-ffa450edef68,0,0.0,0.0,0.0,0.0,0.0,0.0,0.0,0,0,0.0,false
openjpa-persistence-jdbc/src/test/java/org/apache/openjpa/persistence/jdbc/annotations/TestMapKey.java,66.0,8.0,10.0,5.0,58.0,5.0,0.0,null,0,0.0,0.0,0.0,0.0,0.0,0.0,0.0,0,0,0.0,false
openjpa-persistence-jdbc/src/test/java/org/apache/openjpa/persistence/jdbc/annotations/TestMixedAccess.java,30.0,2.0,1.0,2.0,12.0,10.0,0.0,mikedd@13f79535-47bb-0310-9956-ffa450edef68,0,0.0,0.0,0.0,0.0,0.0,0.0,0.0,0,2,0.0,false
openjpa-persistence-jdbc/src/test/java/org/apache/openjpa/persistence/jdbc/common/apps/AttachA.java,63.0,3.0,110.0,16.0,2.0,23.0,0.0,struberg@13f79535-47bb-0310-9956-ffa450edef68,0,0.0,0.0,0.0,0.0,0.0,0.0,0.0,0,0,0.0,false
openjpa-persistence-jdbc/src/test/java/org/apache/openjpa/persistence/jdbc/common/apps/AttachB.java,37.0,2.0,35.0,10.0,0.0,15.0,0.0,struberg@13f79535-47bb-0310-9956-ffa450edef68,0,0.0,0.0,0.0,0.0,0.0,0.0,0.0,0,0,0.0,false
openjpa-persistence-jdbc/src/test/java/org/apache/openjpa/persistence/jdbc/common/apps/AttachC.java,30.0,2.0,20.0,8.0,0.0,12.0,0.0,struberg@13f79535-47bb-0310-9956-ffa450edef68,0,0.0,0.0,0.0,0.0,0.0,0.0,0.0,0,0,0.0,false
openjpa-persistence-jdbc/src/test/java/org/apache/openjpa/persistence/jdbc/common/apps/AttachD.java,69.0,3.0,153.0,19.0,0.0,29.0,0.0,struberg@13f79535-47bb-0310-9956-ffa450edef68,0,0.0,0.0,0.0,0.0,0.0,0.0,0.0,0,0,0.0,false
openjpa-persistence-jdbc/src/test/java/org/apache/openjpa/persistence/jdbc/common/apps/AttachE.java,45.0,4.0,54.0,12.0,0.0,18.0,0.0,struberg@13f79535-47bb-0310-9956-ffa450edef68,0,0.0,0.0,0.0,0.0,0.0,0.0,0.0,0,0,0.0,false
openjpa-persistence-jdbc/src/test/java/org/apache/openjpa/persistence/jdbc/common/apps/AttachF.java,78.0,3.0,104.0,16.0,0.0,24.0,0.0,struberg@13f79535-47bb-0310-9956-ffa450edef68,0,0.0,0.0,0.0,0.0,0.0,0.0,0.0,0,0,0.0,false
openjpa-persistence-jdbc/src/test/java/org/apache/openjpa/persistence/jdbc/common/apps/AutoIncrementOpOrderPC.java,39.0,3.0,39.0,10.0,0.0,17.0,0.0,struberg@13f79535-47bb-0310-9956-ffa450edef68,0,0.0,0.0,0.0,0.0,0.0,0.0,0.0,0,0,0.0,false
openjpa-persistence-jdbc/src/test/java/org/apache/openjpa/persistence/jdbc/common/apps/AutoIncrementOpOrderPCSub.java,9.0,2.0,0.0,2.0,0.0,3.0,0.0,struberg@13f79535-47bb-0310-9956-ffa450edef68,0,0.0,0.0,0.0,0.0,0.0,0.0,0.0,0,0,0.0,false
openjpa-persistence-jdbc/src/test/java/org/apache/openjpa/persistence/jdbc/common/apps/AutoIncrementPC2.java,18.0,1.0,4.0,4.0,0.0,5.0,0.0,struberg@13f79535-47bb-0310-9956-ffa450edef68,0,0.0,0.0,0.0,0.0,0.0,0.0,0.0,0,0,0.0,false
openjpa-persistence-jdbc/src/test/java/org/apache/openjpa/persistence/jdbc/common/apps/Base.java,14.0,1.0,0.0,3.0,0.0,6.0,0.0,struberg@13f79535-47bb-0310-9956-ffa450edef68,0,0.0,0.0,0.0,0.0,0.0,0.0,0.0,0,0,0.0,false
openjpa-persistence-jdbc/src/test/java/org/apache/openjpa/persistence/jdbc/common/apps/CircularFKPC.java,21.0,2.0,6.0,5.0,0.0,7.0,0.0,struberg@13f79535-47bb-0310-9956-ffa450edef68,0,0.0,0.0,0.0,0.0,0.0,0.0,0.0,0,0,0.0,false
openjpa-persistence-jdbc/src/test/java/org/apache/openjpa/persistence/jdbc/common/apps/CircularFKPC2.java,21.0,2.0,6.0,5.0,0.0,7.0,0.0,struberg@13f79535-47bb-0310-9956-ffa450edef68,0,0.0,0.0,0.0,0.0,0.0,0.0,0.0,0,0,0.0,false
openjpa-persistence-jdbc/src/test/java/org/apache/openjpa/persistence/jdbc/common/apps/ComplexEmbeddedPC.java,27.0,2.0,9.0,6.0,0.0,9.0,0.0,struberg@13f79535-47bb-0310-9956-ffa450edef68,0,0.0,0.0,0.0,0.0,0.0,0.0,0.0,0,0,0.0,false
openjpa-persistence-jdbc/src/test/java/org/apache/openjpa/persistence/jdbc/common/apps/DataStoreTripsPC.java,25.0,1.0,7.0,6.0,0.0,8.0,0.0,struberg@13f79535-47bb-0310-9956-ffa450edef68,0,0.0,0.0,0.0,0.0,0.0,0.0,0.0,0,0,0.0,false
openjpa-persistence-jdbc/src/test/java/org/apache/openjpa/persistence/jdbc/common/apps/EmbeddedOwnerPC.java,41.0,1.0,35.0,10.0,0.0,15.0,0.0,struberg@13f79535-47bb-0310-9956-ffa450edef68,0,0.0,0.0,0.0,0.0,0.0,0.0,0.0,0,0,0.0,false
openjpa-persistence-jdbc/src/test/java/org/apache/openjpa/persistence/jdbc/common/apps/EmbeddedPC.java,20.0,1.0,2.0,4.0,0.0,6.0,0.0,struberg@13f79535-47bb-0310-9956-ffa450edef68,0,0.0,0.0,0.0,0.0,0.0,0.0,0.0,0,0,0.0,false
openjpa-persistence-jdbc/src/test/java/org/apache/openjpa/persistence/jdbc/common/apps/EntityWithFailedExternalizer.java,65.0,4.0,21.0,10.0,0.0,15.0,0.0,hthomann@13f79535-47bb-0310-9956-ffa450edef68,0,0.0,0.0,0.0,0.0,0.0,0.0,0.0,0,0,0.0,false
openjpa-persistence-jdbc/src/test/java/org/apache/openjpa/persistence/jdbc/common/apps/HorizAppA.java,10.0,0.0,28.0,8.0,0.0,8.0,0.0,struberg@13f79535-47bb-0310-9956-ffa450edef68,0,0.0,0.0,0.0,0.0,0.0,0.0,0.0,0,0,0.0,false
openjpa-persistence-jdbc/src/test/java/org/apache/openjpa/persistence/jdbc/common/apps/HorizAppB.java,6.0,0.0,6.0,4.0,0.0,4.0,0.0,struberg@13f79535-47bb-0310-9956-ffa450edef68,0,0.0,0.0,0.0,0.0,0.0,0.0,0.0,0,0,0.0,false
openjpa-persistence-jdbc/src/test/java/org/apache/openjpa/persistence/jdbc/common/apps/HorizAppC.java,6.0,0.0,6.0,4.0,0.0,4.0,0.0,struberg@13f79535-47bb-0310-9956-ffa450edef68,0,0.0,0.0,0.0,0.0,0.0,0.0,0.0,0,0,0.0,false
openjpa-persistence-jdbc/src/test/java/org/apache/openjpa/persistence/jdbc/common/apps/HorizAppD.java,6.0,0.0,6.0,4.0,0.0,4.0,0.0,struberg@13f79535-47bb-0310-9956-ffa450edef68,0,0.0,0.0,0.0,0.0,0.0,0.0,0.0,0,0,0.0,false
openjpa-persistence-jdbc/src/test/java/org/apache/openjpa/persistence/jdbc/common/apps/HorizAppMultiA.java,57.0,3.0,35.0,10.0,0.0,15.0,0.0,struberg@13f79535-47bb-0310-9956-ffa450edef68,0,0.0,0.0,0.0,0.0,0.0,0.0,0.0,0,0,0.0,false
openjpa-persistence-jdbc/src/test/java/org/apache/openjpa/persistence/jdbc/common/apps/HorizAppMultiB.java,24.0,1.0,2.0,4.0,0.0,6.0,0.0,struberg@13f79535-47bb-0310-9956-ffa450edef68,0,0.0,0.0,0.0,0.0,0.0,0.0,0.0,0,0,0.0,false
openjpa-persistence-jdbc/src/test/java/org/apache/openjpa/persistence/jdbc/common/apps/HorizAppMultiC.java,24.0,1.0,2.0,4.0,0.0,6.0,0.0,struberg@13f79535-47bb-0310-9956-ffa450edef68,0,0.0,0.0,0.0,0.0,0.0,0.0,0.0,0,0,0.0,false
openjpa-persistence-jdbc/src/test/java/org/apache/openjpa/persistence/jdbc/common/apps/HorizAppMultiD.java,24.0,1.0,2.0,4.0,0.0,6.0,0.0,struberg@13f79535-47bb-0310-9956-ffa450edef68,0,0.0,0.0,0.0,0.0,0.0,0.0,0.0,0,0,0.0,false
openjpa-persistence-jdbc/src/test/java/org/apache/openjpa/persistence/jdbc/common/apps/HorizAppSingleA.java,57.0,3.0,35.0,10.0,0.0,15.0,0.0,struberg@13f79535-47bb-0310-9956-ffa450edef68,0,0.0,0.0,0.0,0.0,0.0,0.0,0.0,0,0,0.0,false
openjpa-persistence-jdbc/src/test/java/org/apache/openjpa/persistence/jdbc/common/apps/HorizAppSingleB.java,16.0,1.0,2.0,4.0,0.0,6.0,0.0,struberg@13f79535-47bb-0310-9956-ffa450edef68,0,0.0,0.0,0.0,0.0,0.0,0.0,0.0,0,0,0.0,false
openjpa-persistence-jdbc/src/test/java/org/apache/openjpa/persistence/jdbc/common/apps/HorizAppSingleC.java,16.0,1.0,2.0,4.0,0.0,6.0,0.0,struberg@13f79535-47bb-0310-9956-ffa450edef68,0,0.0,0.0,0.0,0.0,0.0,0.0,0.0,0,0,0.0,false
openjpa-persistence-jdbc/src/test/java/org/apache/openjpa/persistence/jdbc/common/apps/HorizAppSingleD.java,16.0,1.0,2.0,4.0,0.0,6.0,0.0,struberg@13f79535-47bb-0310-9956-ffa450edef68,0,0.0,0.0,0.0,0.0,0.0,0.0,0.0,0,0,0.0,false
openjpa-persistence-jdbc/src/test/java/org/apache/openjpa/persistence/jdbc/common/apps/HorizB.java,16.0,1.0,2.0,4.0,0.0,6.0,0.0,struberg@13f79535-47bb-0310-9956-ffa450edef68,0,0.0,0.0,0.0,0.0,0.0,0.0,0.0,0,0,0.0,false
openjpa-persistence-jdbc/src/test/java/org/apache/openjpa/persistence/jdbc/common/apps/HorizC.java,16.0,1.0,2.0,4.0,0.0,6.0,0.0,struberg@13f79535-47bb-0310-9956-ffa450edef68,0,0.0,0.0,0.0,0.0,0.0,0.0,0.0,0,0,0.0,false
openjpa-persistence-jdbc/src/test/java/org/apache/openjpa/persistence/jdbc/common/apps/HorizD.java,16.0,1.0,2.0,4.0,0.0,6.0,0.0,struberg@13f79535-47bb-0310-9956-ffa450edef68,0,0.0,0.0,0.0,0.0,0.0,0.0,0.0,0,0,0.0,false
openjpa-persistence-jdbc/src/test/java/org/apache/openjpa/persistence/jdbc/common/apps/HorizE.java,16.0,1.0,2.0,4.0,0.0,6.0,0.0,struberg@13f79535-47bb-0310-9956-ffa450edef68,0,0.0,0.0,0.0,0.0,0.0,0.0,0.0,0,0,0.0,false
openjpa-persistence-jdbc/src/test/java/org/apache/openjpa/persistence/jdbc/common/apps/HorizF.java,16.0,1.0,2.0,4.0,0.0,6.0,0.0,struberg@13f79535-47bb-0310-9956-ffa450edef68,0,0.0,0.0,0.0,0.0,0.0,0.0,0.0,0,0,0.0,false
openjpa-persistence-jdbc/src/test/java/org/apache/openjpa/persistence/jdbc/common/apps/HorizG.java,16.0,1.0,2.0,4.0,0.0,6.0,0.0,struberg@13f79535-47bb-0310-9956-ffa450edef68,0,0.0,0.0,0.0,0.0,0.0,0.0,0.0,0,0,0.0,false
openjpa-persistence-jdbc/src/test/java/org/apache/openjpa/persistence/jdbc/common/apps/HorizH.java,16.0,1.0,2.0,4.0,0.0,6.0,0.0,struberg@13f79535-47bb-0310-9956-ffa450edef68,0,0.0,0.0,0.0,0.0,0.0,0.0,0.0,0,0,0.0,false
openjpa-persistence-jdbc/src/test/java/org/apache/openjpa/persistence/jdbc/common/apps/HorizI.java,16.0,1.0,2.0,4.0,0.0,6.0,0.0,struberg@13f79535-47bb-0310-9956-ffa450edef68,0,0.0,0.0,0.0,0.0,0.0,0.0,0.0,0,0,0.0,false
openjpa-persistence-jdbc/src/test/java/org/apache/openjpa/persistence/jdbc/common/apps/HorizJ.java,16.0,1.0,2.0,4.0,0.0,6.0,0.0,struberg@13f79535-47bb-0310-9956-ffa450edef68,0,0.0,0.0,0.0,0.0,0.0,0.0,0.0,0,0,0.0,false
openjpa-persistence-jdbc/src/test/java/org/apache/openjpa/persistence/jdbc/common/apps/HorizK.java,16.0,1.0,2.0,4.0,0.0,6.0,0.0,struberg@13f79535-47bb-0310-9956-ffa450edef68,0,0.0,0.0,0.0,0.0,0.0,0.0,0.0,0,0,0.0,false
openjpa-persistence-jdbc/src/test/java/org/apache/openjpa/persistence/jdbc/common/apps/HorizL.java,16.0,1.0,2.0,4.0,0.0,6.0,0.0,struberg@13f79535-47bb-0310-9956-ffa450edef68,0,0.0,0.0,0.0,0.0,0.0,0.0,0.0,0,0,0.0,false
openjpa-persistence-jdbc/src/test/java/org/apache/openjpa/persistence/jdbc/common/apps/HorizM.java,16.0,1.0,2.0,4.0,0.0,6.0,0.0,struberg@13f79535-47bb-0310-9956-ffa450edef68,0,0.0,0.0,0.0,0.0,0.0,0.0,0.0,0,0,0.0,false
openjpa-persistence-jdbc/src/test/java/org/apache/openjpa/persistence/jdbc/common/apps/HorizN.java,16.0,1.0,2.0,4.0,0.0,6.0,0.0,struberg@13f79535-47bb-0310-9956-ffa450edef68,0,0.0,0.0,0.0,0.0,0.0,0.0,0.0,0,0,0.0,false
openjpa-persistence-jdbc/src/test/java/org/apache/openjpa/persistence/jdbc/common/apps/HorizO.java,16.0,1.0,2.0,4.0,0.0,6.0,0.0,struberg@13f79535-47bb-0310-9956-ffa450edef68,0,0.0,0.0,0.0,0.0,0.0,0.0,0.0,0,0,0.0,false
openjpa-persistence-jdbc/src/test/java/org/apache/openjpa/persistence/jdbc/common/apps/InvertA.java,32.0,2.0,18.0,8.0,0.0,11.0,0.0,struberg@13f79535-47bb-0310-9956-ffa450edef68,0,0.0,0.0,0.0,0.0,0.0,0.0,0.0,0,0,0.0,false
openjpa-persistence-jdbc/src/test/java/org/apache/openjpa/persistence/jdbc/common/apps/InvertB.java,32.0,2.0,18.0,8.0,0.0,11.0,0.0,struberg@13f79535-47bb-0310-9956-ffa450edef68,0,0.0,0.0,0.0,0.0,0.0,0.0,0.0,0,0,0.0,false
openjpa-persistence-jdbc/src/test/java/org/apache/openjpa/persistence/jdbc/common/apps/JoinSubclassBase.java,14.0,1.0,0.0,3.0,0.0,6.0,0.0,struberg@13f79535-47bb-0310-9956-ffa450edef68,0,0.0,0.0,0.0,0.0,0.0,0.0,0.0,0,0,0.0,false
openjpa-persistence-jdbc/src/test/java/org/apache/openjpa/persistence/jdbc/common/apps/MappingTest2ID.java,43.0,2.0,0.0,5.0,3.0,10.0,0.0,struberg@13f79535-47bb-0310-9956-ffa450edef68,0,0.0,0.0,0.0,0.0,0.0,0.0,0.0,0,0,0.0,false
openjpa-persistence-jdbc/src/test/java/org/apache/openjpa/persistence/jdbc/common/apps/OpOrder.java,10.0,1.0,28.0,8.0,0.0,8.0,0.0,struberg@13f79535-47bb-0310-9956-ffa450edef68,0,0.0,0.0,0.0,0.0,0.0,0.0,0.0,0,0,0.0,false
openjpa-persistence-jdbc/src/test/java/org/apache/openjpa/persistence/jdbc/common/apps/OpOrderPC.java,39.0,3.0,39.0,10.0,0.0,17.0,0.0,struberg@13f79535-47bb-0310-9956-ffa450edef68,0,0.0,0.0,0.0,0.0,0.0,0.0,0.0,0,0,0.0,false
openjpa-persistence-jdbc/src/test/java/org/apache/openjpa/persistence/jdbc/common/apps/OpOrderPCSub.java,9.0,2.0,0.0,2.0,0.0,3.0,0.0,struberg@13f79535-47bb-0310-9956-ffa450edef68,0,0.0,0.0,0.0,0.0,0.0,0.0,0.0,0,0,0.0,false
openjpa-persistence-jdbc/src/test/java/org/apache/openjpa/persistence/jdbc/common/apps/PagingAppIdPC.java,35.0,2.0,28.0,9.0,0.0,13.0,0.0,struberg@13f79535-47bb-0310-9956-ffa450edef68,0,0.0,0.0,0.0,0.0,0.0,0.0,0.0,0,0,0.0,false
openjpa-persistence-jdbc/src/test/java/org/apache/openjpa/persistence/jdbc/common/apps/PagingHelperPC.java,14.0,1.0,1.0,3.0,0.0,4.0,0.0,struberg@13f79535-47bb-0310-9956-ffa450edef68,0,0.0,0.0,0.0,0.0,0.0,0.0,0.0,0,0,0.0,false
openjpa-persistence-jdbc/src/test/java/org/apache/openjpa/persistence/jdbc/common/apps/PagingPC.java,31.0,2.0,18.0,8.0,0.0,12.0,0.0,struberg@13f79535-47bb-0310-9956-ffa450edef68,0,0.0,0.0,0.0,0.0,0.0,0.0,0.0,0,0,0.0,false
openjpa-persistence-jdbc/src/test/java/org/apache/openjpa/persistence/jdbc/common/apps/PostAttachCallback.java,11.0,0.0,0.0,1.0,0.0,1.0,0.0,struberg@13f79535-47bb-0310-9956-ffa450edef68,0,0.0,0.0,0.0,0.0,0.0,0.0,0.0,0,0,0.0,false
openjpa-persistence-jdbc/src/test/java/org/apache/openjpa/persistence/jdbc/common/apps/PostDetachCallback.java,11.0,0.0,0.0,1.0,0.0,2.0,0.0,struberg@13f79535-47bb-0310-9956-ffa450edef68,0,0.0,0.0,0.0,0.0,0.0,0.0,0.0,0,0,0.0,false
openjpa-persistence-jdbc/src/test/java/org/apache/openjpa/persistence/jdbc/common/apps/PreAttachCallback.java,10.0,0.0,0.0,1.0,0.0,2.0,0.0,struberg@13f79535-47bb-0310-9956-ffa450edef68,0,0.0,0.0,0.0,0.0,0.0,0.0,0.0,0,0,0.0,false
openjpa-persistence-jdbc/src/test/java/org/apache/openjpa/persistence/jdbc/common/apps/PreDetachCallback.java,10.0,0.0,0.0,1.0,0.0,2.0,0.0,struberg@13f79535-47bb-0310-9956-ffa450edef68,0,0.0,0.0,0.0,0.0,0.0,0.0,0.0,0,0,0.0,false
openjpa-persistence-jdbc/src/test/java/org/apache/openjpa/persistence/jdbc/common/apps/RawSQL.java,22.0,2.0,0.0,5.0,0.0,8.0,0.0,struberg@13f79535-47bb-0310-9956-ffa450edef68,0,0.0,0.0,0.0,0.0,0.0,0.0,0.0,0,0,0.0,false
openjpa-persistence-jdbc/src/test/java/org/apache/openjpa/persistence/jdbc/common/apps/RecursivelyEmbeddedPC.java,13.0,1.0,0.0,2.0,0.0,3.0,0.0,struberg@13f79535-47bb-0310-9956-ffa450edef68,0,0.0,0.0,0.0,0.0,0.0,0.0,0.0,0,0,0.0,false
openjpa-persistence-jdbc/src/test/java/org/apache/openjpa/persistence/jdbc/common/apps/RuntimeTest1.java,56.0,12.0,55.0,14.0,0.0,20.0,0.0,struberg@13f79535-47bb-0310-9956-ffa450edef68,0,0.0,0.0,0.0,0.0,0.0,0.0,0.0,0,1,0.0,false
openjpa-persistence-jdbc/src/test/java/org/apache/openjpa/persistence/jdbc/common/apps/RuntimeTest2.java,18.0,1.0,4.0,4.0,0.0,5.0,0.0,struberg@13f79535-47bb-0310-9956-ffa450edef68,0,0.0,0.0,0.0,0.0,0.0,0.0,0.0,0,0,0.0,false
openjpa-persistence-jdbc/src/test/java/org/apache/openjpa/persistence/jdbc/common/apps/RuntimeTest3.java,18.0,1.0,4.0,4.0,0.0,5.0,0.0,struberg@13f79535-47bb-0310-9956-ffa450edef68,0,0.0,0.0,0.0,0.0,0.0,0.0,0.0,0,0,0.0,false
openjpa-persistence-jdbc/src/test/java/org/apache/openjpa/persistence/jdbc/common/apps/TransactionalClassPC.java,13.0,2.0,0.0,2.0,0.0,3.0,0.0,struberg@13f79535-47bb-0310-9956-ffa450edef68,0,0.0,0.0,0.0,0.0,0.0,0.0,0.0,0,0,0.0,false
openjpa-persistence-jdbc/src/test/java/org/apache/openjpa/persistence/jdbc/common/apps/mappingApp/Entity2.java,36.0,5.0,2.0,8.0,0.0,12.0,0.0,struberg@13f79535-47bb-0310-9956-ffa450edef68,0,0.0,0.0,0.0,0.0,0.0,0.0,0.0,0,1,0.0,false
openjpa-persistence-jdbc/src/test/java/org/apache/openjpa/persistence/jdbc/kernel/JDBCTestCase.java,23.0,5.0,15.0,6.0,12.0,10.0,0.0,null,0,0.0,0.0,0.0,0.0,0.0,0.0,0.0,0,0,0.0,false
openjpa-persistence-jdbc/src/test/java/org/apache/openjpa/persistence/jdbc/kernel/TestBatchFlushWithMetadataException.java,33.0,6.0,3.0,3.0,15.0,7.0,0.0,hthomann@13f79535-47bb-0310-9956-ffa450edef68,0,0.0,0.0,0.0,0.0,0.0,0.0,0.0,0,0,0.0,false
openjpa-persistence-jdbc/src/test/java/org/apache/openjpa/persistence/jdbc/kernel/TestCircularFK.java,95.0,2.0,3.0,6.0,35.0,7.0,0.0,struberg@13f79535-47bb-0310-9956-ffa450edef68,0,0.0,0.0,0.0,0.0,0.0,0.0,0.0,0,0,0.0,false
openjpa-persistence-jdbc/src/test/java/org/apache/openjpa/persistence/jdbc/kernel/TestDataStoreTrips.java,83.0,13.0,4.0,5.0,31.0,8.0,0.0,mikedd@13f79535-47bb-0310-9956-ffa450edef68,0,0.0,0.0,0.0,0.0,0.0,0.0,0.0,0,1,0.0,false
openjpa-persistence-jdbc/src/test/java/org/apache/openjpa/persistence/jdbc/kernel/TestEJBAutoIncrement.java,173.0,4.0,5.0,6.0,54.0,6.0,0.0,struberg@13f79535-47bb-0310-9956-ffa450edef68,0,0.0,0.0,0.0,0.0,0.0,0.0,0.0,0,0,0.0,false
openjpa-persistence-jdbc/src/test/java/org/apache/openjpa/persistence/jdbc/kernel/TestEfficientAttach.java,41.0,8.0,6.0,4.0,14.0,5.0,0.0,mikedd@13f79535-47bb-0310-9956-ffa450edef68,0,0.0,0.0,0.0,0.0,0.0,0.0,0.0,0,1,0.0,false
openjpa-persistence-jdbc/src/test/java/org/apache/openjpa/persistence/jdbc/kernel/TestEmbeddedPessimisticLocking.java,155.0,10.0,2.0,9.0,100.0,12.0,0.0,struberg@13f79535-47bb-0310-9956-ffa450edef68,0,0.0,0.0,0.0,0.0,0.0,0.0,0.0,0,1,0.0,false
openjpa-persistence-jdbc/src/test/java/org/apache/openjpa/persistence/jdbc/kernel/TestIncrementalJDBCFlushes.java,44.0,11.0,8.0,5.0,29.0,11.0,0.0,mikedd@13f79535-47bb-0310-9956-ffa450edef68,0,0.0,0.0,0.0,0.0,0.0,0.0,0.0,0,1,0.0,false
openjpa-persistence-jdbc/src/test/java/org/apache/openjpa/persistence/jdbc/kernel/TestOperationOrderUpdateManager.java,187.0,5.0,171.0,19.0,121.0,27.0,0.0,struberg@13f79535-47bb-0310-9956-ffa450edef68,0,0.0,0.0,0.0,0.0,0.0,0.0,0.0,0,1,0.0,false
openjpa-persistence-jdbc/src/test/java/org/apache/openjpa/persistence/jdbc/kernel/TestPagingResultObjectProvider.java,357.0,13.0,188.0,20.0,241.0,44.0,0.0,struberg@13f79535-47bb-0310-9956-ffa450edef68,0,0.0,0.0,0.0,0.0,0.0,0.0,0.0,0,1,0.0,false
openjpa-persistence-jdbc/src/test/java/org/apache/openjpa/persistence/jdbc/kernel/TestRawSQL.java,99.0,17.0,37.0,14.0,45.0,27.0,0.0,struberg@13f79535-47bb-0310-9956-ffa450edef68,0,0.0,0.0,0.0,0.0,0.0,0.0,0.0,0,0,0.0,false
openjpa-persistence-jdbc/src/test/java/org/apache/openjpa/persistence/jdbc/kernel/TestSQLListenerTestCase.java,60.0,2.0,16.0,8.0,14.0,19.0,0.0,struberg@13f79535-47bb-0310-9956-ffa450edef68,0,0.0,0.0,0.0,0.0,0.0,0.0,0.0,0,0,0.0,false
openjpa-persistence-jdbc/src/test/java/org/apache/openjpa/persistence/jdbc/kernel/TestUnknownSubclass.java,43.0,8.0,6.0,4.0,19.0,7.0,0.0,struberg@13f79535-47bb-0310-9956-ffa450edef68,0,0.0,0.0,0.0,0.0,0.0,0.0,0.0,0,1,0.0,false
openjpa-persistence-jdbc/src/test/java/org/apache/openjpa/persistence/jdbc/mapping/TestCompositeIdTraversalInSQLMapping.java,147.0,5.0,36.0,9.0,75.0,13.0,0.0,struberg@13f79535-47bb-0310-9956-ffa450edef68,0,0.0,0.0,0.0,0.0,0.0,0.0,0.0,0,1,0.0,false
openjpa-persistence-jdbc/src/test/java/org/apache/openjpa/persistence/jdbc/mapping/bidi/Address.java,34.0,5.0,20.0,8.0,0.0,12.0,0.0,struberg@13f79535-47bb-0310-9956-ffa450edef68,0,0.0,0.0,0.0,0.0,0.0,0.0,0.0,0,0,0.0,false
openjpa-persistence-jdbc/src/test/java/org/apache/openjpa/persistence/jdbc/mapping/bidi/ParentWithAppIdentity.java,45.0,9.0,8.0,8.0,6.0,17.0,0.0,struberg@13f79535-47bb-0310-9956-ffa450edef68,0,0.0,0.0,0.0,0.0,0.0,0.0,0.0,0,1,0.0,false
openjpa-persistence-jdbc/src/test/java/org/apache/openjpa/persistence/jdbc/mapping/bidi/ParentWithAutoIdentity.java,43.0,13.0,12.0,8.0,5.0,18.0,0.0,struberg@13f79535-47bb-0310-9956-ffa450edef68,0,0.0,0.0,0.0,0.0,0.0,0.0,0.0,0,1,0.0,false
openjpa-persistence-jdbc/src/test/java/org/apache/openjpa/persistence/jdbc/mapping/bidi/ParentWithSequenceIdentity.java,43.0,13.0,12.0,8.0,5.0,18.0,0.0,struberg@13f79535-47bb-0310-9956-ffa450edef68,0,0.0,0.0,0.0,0.0,0.0,0.0,0.0,0,1,0.0,false
openjpa-persistence-jdbc/src/test/java/org/apache/openjpa/persistence/jdbc/mapping/bidi/Person.java,32.0,9.0,9.0,6.0,2.0,10.0,0.0,mikedd@13f79535-47bb-0310-9956-ffa450edef68,0,0.0,0.0,0.0,0.0,0.0,0.0,0.0,0,1,0.0,false
openjpa-persistence-jdbc/src/test/java/org/apache/openjpa/persistence/jdbc/mapping/bidi/TestBiDirectionalJoinTable.java,108.0,4.0,0.0,9.0,82.0,10.0,0.0,mikedd@13f79535-47bb-0310-9956-ffa450edef68,0,0.0,0.0,0.0,0.0,0.0,0.0,0.0,0,1,0.0,false
openjpa-persistence-jdbc/src/test/java/org/apache/openjpa/persistence/jdbc/maps/m2mmapex3/TestMany2ManyMapEx3.java,205.0,11.0,130.0,17.0,88.0,45.0,0.0,fancy@13f79535-47bb-0310-9956-ffa450edef68,0,0.0,0.0,0.0,0.0,0.0,0.0,0.0,0,0,0.0,false
openjpa-persistence-jdbc/src/test/java/org/apache/openjpa/persistence/jdbc/meta/TestDFG.java,45.0,5.0,0.0,4.0,28.0,4.0,0.0,struberg@13f79535-47bb-0310-9956-ffa450edef68,0,0.0,0.0,0.0,0.0,0.0,0.0,0.0,0,1,0.0,false
openjpa-persistence-jdbc/src/test/java/org/apache/openjpa/persistence/jdbc/meta/TestEJBByteArray.java,76.0,2.0,4.0,5.0,35.0,8.0,0.0,struberg@13f79535-47bb-0310-9956-ffa450edef68,0,0.0,0.0,0.0,0.0,0.0,0.0,0.0,0,1,0.0,false
openjpa-persistence-jdbc/src/test/java/org/apache/openjpa/persistence/jdbc/meta/TestEJBColumnIOMappings.java,107.0,2.0,10.0,5.0,39.0,5.0,0.0,struberg@13f79535-47bb-0310-9956-ffa450edef68,0,0.0,0.0,0.0,0.0,0.0,0.0,0.0,0,1,0.0,false
openjpa-persistence-jdbc/src/test/java/org/apache/openjpa/persistence/jdbc/meta/TestEJBConstantJoinOnSameRefTable.java,58.0,4.0,0.0,5.0,42.0,7.0,0.0,struberg@13f79535-47bb-0310-9956-ffa450edef68,0,0.0,0.0,0.0,0.0,0.0,0.0,0.0,0,1,0.0,false
openjpa-persistence-jdbc/src/test/java/org/apache/openjpa/persistence/jdbc/meta/TestEJBCustomMapping.java,42.0,2.0,0.0,4.0,27.0,4.0,0.0,struberg@13f79535-47bb-0310-9956-ffa450edef68,0,0.0,0.0,0.0,0.0,0.0,0.0,0.0,0,1,0.0,false
openjpa-persistence-jdbc/src/test/java/org/apache/openjpa/persistence/jdbc/meta/TestEJBDateVersion.java,66.0,2.0,1.0,3.0,19.0,6.0,0.0,mikedd@13f79535-47bb-0310-9956-ffa450edef68,0,0.0,0.0,0.0,0.0,0.0,0.0,0.0,0,1,0.0,false
openjpa-persistence-jdbc/src/test/java/org/apache/openjpa/persistence/jdbc/meta/TestEJBEager.java,102.0,2.0,0.0,4.0,44.0,4.0,0.0,struberg@13f79535-47bb-0310-9956-ffa450edef68,0,0.0,0.0,0.0,0.0,0.0,0.0,0.0,0,1,0.0,false
openjpa-persistence-jdbc/src/test/java/org/apache/openjpa/persistence/jdbc/meta/TestEJBInverseOneToOne.java,37.0,4.0,6.0,4.0,16.0,5.0,0.0,struberg@13f79535-47bb-0310-9956-ffa450edef68,0,0.0,0.0,0.0,0.0,0.0,0.0,0.0,0,1,0.0,false
openjpa-persistence-jdbc/src/test/java/org/apache/openjpa/persistence/jdbc/meta/TestEJBOuterJoinValues.java,55.0,2.0,0.0,5.0,37.0,5.0,0.0,struberg@13f79535-47bb-0310-9956-ffa450edef68,0,0.0,0.0,0.0,0.0,0.0,0.0,0.0,0,1,0.0,false
openjpa-persistence-jdbc/src/test/java/org/apache/openjpa/persistence/jdbc/meta/TestEagerDistinct.java,136.0,6.0,91.0,14.0,71.0,29.0,0.0,pcl@13f79535-47bb-0310-9956-ffa450edef68,0,0.0,0.0,0.0,0.0,0.0,0.0,0.0,0,1,0.0,false
openjpa-persistence-jdbc/src/test/java/org/apache/openjpa/persistence/jdbc/meta/TestEagerOuterToManyJoins.java,674.0,8.0,1081.0,47.0,371.0,75.0,0.0,struberg@13f79535-47bb-0310-9956-ffa450edef68,0,0.0,0.0,0.0,0.0,0.0,0.0,0.0,0,1,0.0,false
openjpa-persistence-jdbc/src/test/java/org/apache/openjpa/persistence/jdbc/meta/TestIntermediate.java,72.0,7.0,9.0,6.0,28.0,7.0,0.0,struberg@13f79535-47bb-0310-9956-ffa450edef68,0,0.0,0.0,0.0,0.0,0.0,0.0,0.0,0,1,0.0,false
openjpa-persistence-jdbc/src/test/java/org/apache/openjpa/persistence/jdbc/meta/TestIrregularJoins.java,261.0,4.0,517.0,34.0,163.0,35.0,0.0,struberg@13f79535-47bb-0310-9956-ffa450edef68,0,0.0,0.0,0.0,0.0,0.0,0.0,0.0,0,1,0.0,false
openjpa-persistence-jdbc/src/test/java/org/apache/openjpa/persistence/jdbc/meta/TestJDBCType.java,43.0,15.0,1.0,2.0,21.0,6.0,0.0,mikedd@13f79535-47bb-0310-9956-ffa450edef68,0,0.0,0.0,0.0,0.0,0.0,0.0,0.0,0,1,0.0,false
openjpa-persistence-jdbc/src/test/java/org/apache/openjpa/persistence/jdbc/meta/TestJoinToBaseClass.java,54.0,9.0,6.0,4.0,26.0,5.0,0.0,mikedd@13f79535-47bb-0310-9956-ffa450edef68,0,0.0,0.0,0.0,0.0,0.0,0.0,0.0,0,1,0.0,false
openjpa-persistence-jdbc/src/test/java/org/apache/openjpa/persistence/jdbc/meta/TestLRSProxies.java,403.0,4.0,134.0,29.0,198.0,46.0,0.0,struberg@13f79535-47bb-0310-9956-ffa450edef68,0,0.0,0.0,0.0,0.0,0.0,0.0,0.0,0,1,0.0,false
openjpa-persistence-jdbc/src/test/java/org/apache/openjpa/persistence/jdbc/meta/TestLocators.java,149.0,9.0,66.0,12.0,66.0,22.0,0.0,mikedd@13f79535-47bb-0310-9956-ffa450edef68,0,0.0,0.0,0.0,0.0,0.0,0.0,0.0,0,1,0.0,false
openjpa-persistence-jdbc/src/test/java/org/apache/openjpa/persistence/jdbc/meta/TestMappedByKeyMaps.java,168.0,10.0,55.0,11.0,87.0,13.0,0.0,mikedd@13f79535-47bb-0310-9956-ffa450edef68,0,0.0,0.0,0.0,0.0,0.0,0.0,0.0,0,1,0.0,false
openjpa-persistence-jdbc/src/test/java/org/apache/openjpa/persistence/jdbc/meta/TestMetaDataValueIndicator.java,56.0,8.0,13.0,7.0,26.0,11.0,0.0,mikedd@13f79535-47bb-0310-9956-ffa450edef68,0,0.0,0.0,0.0,0.0,0.0,0.0,0.0,0,1,0.0,false
openjpa-persistence-jdbc/src/test/java/org/apache/openjpa/persistence/jdbc/meta/TestMultiDFG.java,37.0,5.0,4.0,4.0,21.0,4.0,0.0,struberg@13f79535-47bb-0310-9956-ffa450edef68,0,0.0,0.0,0.0,0.0,0.0,0.0,0.0,0,1,0.0,false
openjpa-persistence-jdbc/src/test/java/org/apache/openjpa/persistence/jdbc/meta/TestMultiTableMappings.java,80.0,6.0,66.0,12.0,39.0,15.0,0.0,struberg@13f79535-47bb-0310-9956-ffa450edef68,0,0.0,0.0,0.0,0.0,0.0,0.0,0.0,0,1,0.0,false
openjpa-persistence-jdbc/src/test/java/org/apache/openjpa/persistence/jdbc/meta/TestMultiTableSelfCollection.java,123.0,3.0,4.0,4.0,20.0,4.0,0.0,struberg@13f79535-47bb-0310-9956-ffa450edef68,0,0.0,0.0,0.0,0.0,0.0,0.0,0.0,0,1,0.0,false
openjpa-persistence-jdbc/src/test/java/org/apache/openjpa/persistence/jdbc/meta/TestNoClassColumn.java,17.0,4.0,3.0,3.0,4.0,3.0,0.0,struberg@13f79535-47bb-0310-9956-ffa450edef68,0,0.0,0.0,0.0,0.0,0.0,0.0,0.0,0,1,0.0,false
openjpa-persistence-jdbc/src/test/java/org/apache/openjpa/persistence/jdbc/meta/TestRawField.java,28.0,2.0,3.0,3.0,11.0,3.0,0.0,struberg@13f79535-47bb-0310-9956-ffa450edef68,0,0.0,0.0,0.0,0.0,0.0,0.0,0.0,0,1,0.0,false
openjpa-persistence-jdbc/src/test/java/org/apache/openjpa/persistence/jdbc/meta/TestStateImage.java,157.0,4.0,24.0,9.0,69.0,16.0,0.0,struberg@13f79535-47bb-0310-9956-ffa450edef68,0,0.0,0.0,0.0,0.0,0.0,0.0,0.0,0,1,0.0,false
openjpa-persistence-jdbc/src/test/java/org/apache/openjpa/persistence/jdbc/meta/horizontal/TestLockGroupsWithHorizontalBaseType.java,36.0,3.0,6.0,4.0,13.0,5.0,0.0,struberg@13f79535-47bb-0310-9956-ffa450edef68,0,0.0,0.0,0.0,0.0,0.0,0.0,0.0,0,0,0.0,false
openjpa-persistence-jdbc/src/test/java/org/apache/openjpa/persistence/jdbc/meta/horizontal/TestQueryAgainstEntireMappedHierarchy.java,36.0,2.0,3.0,3.0,19.0,3.0,0.0,struberg@13f79535-47bb-0310-9956-ffa450edef68,0,0.0,0.0,0.0,0.0,0.0,0.0,0.0,0,1,0.0,false
openjpa-persistence-jdbc/src/test/java/org/apache/openjpa/persistence/jdbc/meta/tableperclass/TestUnionPlaceholderTypes.java,59.0,4.0,3.0,3.0,35.0,6.0,0.0,struberg@13f79535-47bb-0310-9956-ffa450edef68,0,0.0,0.0,0.0,0.0,0.0,0.0,0.0,0,1,0.0,false
openjpa-persistence-jdbc/src/test/java/org/apache/openjpa/persistence/jdbc/meta/vertical/TestJoinSubclasses.java,132.0,7.0,0.0,8.0,80.0,18.0,0.0,struberg@13f79535-47bb-0310-9956-ffa450edef68,0,0.0,0.0,0.0,0.0,0.0,0.0,0.0,0,1,0.0,false
openjpa-persistence-jdbc/src/test/java/org/apache/openjpa/persistence/jdbc/meta/vertical/TestSubclassJoinExtent.java,191.0,6.0,0.0,13.0,133.0,28.0,0.0,struberg@13f79535-47bb-0310-9956-ffa450edef68,0,0.0,0.0,0.0,0.0,0.0,0.0,0.0,0,1,0.0,false
openjpa-persistence-jdbc/src/test/java/org/apache/openjpa/persistence/jdbc/meta/vertical/TestSubclassJoinGetObjectById.java,130.0,5.0,8.0,8.0,69.0,16.0,0.0,struberg@13f79535-47bb-0310-9956-ffa450edef68,0,0.0,0.0,0.0,0.0,0.0,0.0,0.0,0,1,0.0,false
openjpa-persistence-jdbc/src/test/java/org/apache/openjpa/persistence/jdbc/meta/vertical/TestSubclassJoinRelations.java,307.0,6.0,0.0,20.0,228.0,39.0,0.0,struberg@13f79535-47bb-0310-9956-ffa450edef68,0,0.0,0.0,0.0,0.0,0.0,0.0,0.0,0,1,0.0,false
openjpa-persistence-jdbc/src/test/java/org/apache/openjpa/persistence/jdbc/oracle/TestAutoIncrement.java,60.0,7.0,6.0,4.0,33.0,9.0,0.0,mikedd@13f79535-47bb-0310-9956-ffa450edef68,0,0.0,0.0,0.0,0.0,0.0,0.0,0.0,0,1,0.0,false
openjpa-persistence-jdbc/src/test/java/org/apache/openjpa/persistence/jdbc/order/BiOrderEntity.java,37.0,3.0,22.0,9.0,4.0,15.0,0.0,struberg@13f79535-47bb-0310-9956-ffa450edef68,0,0.0,0.0,0.0,0.0,0.0,0.0,0.0,0,1,0.0,false
openjpa-persistence-jdbc/src/test/java/org/apache/openjpa/persistence/jdbc/order/BiOrderMappedByEntity.java,42.0,6.0,6.0,8.0,4.0,16.0,0.0,struberg@13f79535-47bb-0310-9956-ffa450edef68,0,0.0,0.0,0.0,0.0,0.0,0.0,0.0,0,1,0.0,false
openjpa-persistence-jdbc/src/test/java/org/apache/openjpa/persistence/jdbc/order/Car.java,51.0,6.0,56.0,13.0,5.0,21.0,0.0,struberg@13f79535-47bb-0310-9956-ffa450edef68,0,0.0,0.0,0.0,0.0,0.0,0.0,0.0,0,0,0.0,false
openjpa-persistence-jdbc/src/test/java/org/apache/openjpa/persistence/jdbc/order/Game.java,39.0,9.0,37.0,10.0,2.0,16.0,0.0,struberg@13f79535-47bb-0310-9956-ffa450edef68,0,0.0,0.0,0.0,0.0,0.0,0.0,0.0,0,0,0.0,false
openjpa-persistence-jdbc/src/test/java/org/apache/openjpa/persistence/jdbc/order/Owner.java,30.0,12.0,20.0,8.0,0.0,12.0,0.0,struberg@13f79535-47bb-0310-9956-ffa450edef68,0,0.0,0.0,0.0,0.0,0.0,0.0,0.0,0,0,0.0,false
openjpa-persistence-jdbc/src/test/java/org/apache/openjpa/persistence/jdbc/order/TestOrderColumnXML.java,203.0,26.0,55.0,11.0,95.0,33.0,0.0,jrbauer@13f79535-47bb-0310-9956-ffa450edef68,0,0.0,0.0,0.0,0.0,0.0,0.0,0.0,0,3,0.0,false
openjpa-persistence-jdbc/src/test/java/org/apache/openjpa/persistence/jdbc/query/JDBCTestCase.java,23.0,7.0,15.0,6.0,12.0,10.0,0.0,null,0,0.0,0.0,0.0,0.0,0.0,0.0,0.0,0,0,0.0,false
openjpa-persistence-jdbc/src/test/java/org/apache/openjpa/persistence/jdbc/query/TestEJBQLSelectNPlusOne.java,19.0,3.0,3.0,3.0,14.0,4.0,0.0,struberg@13f79535-47bb-0310-9956-ffa450edef68,0,0.0,0.0,0.0,0.0,0.0,0.0,0.0,0,1,0.0,false
openjpa-persistence-jdbc/src/test/java/org/apache/openjpa/persistence/jdbc/query/TestNamedSQLQueries.java,39.0,4.0,10.0,5.0,20.0,9.0,0.0,struberg@13f79535-47bb-0310-9956-ffa450edef68,0,0.0,0.0,0.0,0.0,0.0,0.0,0.0,0,1,0.0,false
openjpa-persistence-jdbc/src/test/java/org/apache/openjpa/persistence/jdbc/query/TestSQLQueries.java,288.0,15.0,0.0,18.0,216.0,26.0,0.0,mikedd@13f79535-47bb-0310-9956-ffa450edef68,0,0.0,0.0,0.0,0.0,0.0,0.0,0.0,0,1,0.0,false
openjpa-persistence-jdbc/src/test/java/org/apache/openjpa/persistence/jdbc/query/TestStringFunctions.java,65.0,4.0,49.0,11.0,24.0,13.0,0.0,struberg@13f79535-47bb-0310-9956-ffa450edef68,0,0.0,0.0,0.0,0.0,0.0,0.0,0.0,0,1,0.0,false
openjpa-persistence-jdbc/src/test/java/org/apache/openjpa/persistence/jdbc/query/cache/TestQueryTimestampEviction.java,65.0,10.0,13.0,6.0,36.0,17.0,0.0,null,0,0.0,0.0,0.0,0.0,0.0,0.0,0.0,0,3,0.0,false
openjpa-persistence-jdbc/src/test/java/org/apache/openjpa/persistence/jdbc/schema/TestClassDBSequenceFactory.java,124.0,10.0,55.0,11.0,34.0,22.0,0.0,mikedd@13f79535-47bb-0310-9956-ffa450edef68,0,0.0,0.0,0.0,0.0,0.0,0.0,0.0,0,1,0.0,false
openjpa-persistence-jdbc/src/test/java/org/apache/openjpa/persistence/jdbc/schema/TestDBSequenceFactory.java,49.0,7.0,6.0,4.0,9.0,6.0,0.0,mikedd@13f79535-47bb-0310-9956-ffa450edef68,0,0.0,0.0,0.0,0.0,0.0,0.0,0.0,0,1,0.0,false
openjpa-persistence-jdbc/src/test/java/org/apache/openjpa/persistence/jdbc/schema/TestDynamicSchemaFactory.java,36.0,11.0,9.0,6.0,21.0,7.0,0.0,mikedd@13f79535-47bb-0310-9956-ffa450edef68,0,0.0,0.0,0.0,0.0,0.0,0.0,0.0,0,1,0.0,false
openjpa-persistence-jdbc/src/test/java/org/apache/openjpa/persistence/jdbc/schema/TestJDBCListener.java,29.0,6.0,3.0,3.0,11.0,3.0,0.0,struberg@13f79535-47bb-0310-9956-ffa450edef68,0,0.0,0.0,0.0,0.0,0.0,0.0,0.0,0,1,0.0,false
openjpa-persistence-jdbc/src/test/java/org/apache/openjpa/persistence/jdbc/schema/TestLazySchemaFactory.java,43.0,5.0,8.0,5.0,18.0,10.0,0.0,mikedd@13f79535-47bb-0310-9956-ffa450edef68,0,0.0,0.0,0.0,0.0,0.0,0.0,0.0,0,1,0.0,false
openjpa-persistence-jdbc/src/test/java/org/apache/openjpa/persistence/jdbc/schema/TestPerClassSequenceFactory.java,36.0,9.0,3.0,3.0,6.0,4.0,0.0,mikedd@13f79535-47bb-0310-9956-ffa450edef68,0,0.0,0.0,0.0,0.0,0.0,0.0,0.0,0,1,0.0,false
openjpa-persistence-jdbc/src/test/java/org/apache/openjpa/persistence/jdbc/schema/TestSchema.java,243.0,7.0,3.0,10.0,90.0,12.0,0.0,struberg@13f79535-47bb-0310-9956-ffa450edef68,0,0.0,0.0,0.0,0.0,0.0,0.0,0.0,0,1,0.0,false
openjpa-persistence-jdbc/src/test/java/org/apache/openjpa/persistence/jdbc/schema/TestSchemaClone.java,16.0,1.0,6.0,4.0,2.0,6.0,0.0,struberg@13f79535-47bb-0310-9956-ffa450edef68,0,0.0,0.0,0.0,0.0,0.0,0.0,0.0,0,0,0.0,false
openjpa-persistence-jdbc/src/test/java/org/apache/openjpa/persistence/jdbc/schema/TestSchemaGenerator.java,28.0,6.0,3.0,3.0,10.0,6.0,0.0,mikedd@13f79535-47bb-0310-9956-ffa450edef68,0,0.0,0.0,0.0,0.0,0.0,0.0,0.0,0,2,0.0,false
openjpa-persistence-jdbc/src/test/java/org/apache/openjpa/persistence/jdbc/schema/TestSequenceGeneratorEnsureCapacityCall.java,33.0,9.0,10.0,5.0,18.0,7.0,0.0,mikedd@13f79535-47bb-0310-9956-ffa450edef68,0,0.0,0.0,0.0,0.0,0.0,0.0,0.0,0,1,0.0,false
openjpa-persistence-jdbc/src/test/java/org/apache/openjpa/persistence/jdbc/schema/TestXMLSchemaParser.java,155.0,13.0,22.0,12.0,57.0,19.0,0.0,struberg@13f79535-47bb-0310-9956-ffa450edef68,0,0.0,0.0,0.0,0.0,0.0,0.0,0.0,0,1,0.0,false
openjpa-persistence-jdbc/src/test/java/org/apache/openjpa/persistence/jdbc/schema/TestXMLSchemaSerializer.java,23.0,9.0,6.0,4.0,6.0,6.0,0.0,struberg@13f79535-47bb-0310-9956-ffa450edef68,0,0.0,0.0,0.0,0.0,0.0,0.0,0.0,0,0,0.0,false
openjpa-persistence-jdbc/src/test/java/org/apache/openjpa/persistence/jdbc/sqlcache/CD.java,31.0,3.0,18.0,8.0,2.0,11.0,0.0,ppoddar@13f79535-47bb-0310-9956-ffa450edef68,0,0.0,0.0,0.0,0.0,0.0,0.0,0.0,0,3,0.0,false
openjpa-persistence-jdbc/src/test/java/org/apache/openjpa/persistence/jdbc/sqlcache/CombinedPKEmbeddedEntity.java,42.0,3.0,0.0,8.0,1.0,14.0,4.0,curtisr7@13f79535-47bb-0310-9956-ffa450edef68,1,0.014285714285714285,100.0,0.0,100.0,0.0,370.83333333333337,1577.9218395420844,1,0,1.1192315758708455,false
openjpa-persistence-jdbc/src/test/java/org/apache/openjpa/persistence/jdbc/sqlcache/CombinedPKListEntity.java,37.0,6.0,35.0,10.0,0.0,15.0,4.0,curtisr7@13f79535-47bb-0310-9956-ffa450edef68,1,0.014285714285714285,100.0,0.0,100.0,0.0,370.83333333333337,1577.9218395420844,1,0,1.1192315758708455,false
openjpa-persistence-jdbc/src/test/java/org/apache/openjpa/persistence/jdbc/sqlcache/CombinedPKTestEntity.java,37.0,2.0,12.0,8.0,3.0,15.0,4.0,curtisr7@13f79535-47bb-0310-9956-ffa450edef68,1,0.014285714285714285,100.0,0.0,100.0,0.0,370.83333333333337,1577.9218395420844,1,0,1.1192315758708455,false
openjpa-persistence-jdbc/src/test/java/org/apache/openjpa/persistence/jdbc/sqlcache/Merchandise.java,9.0,5.0,0.0,2.0,0.0,3.0,0.0,ppoddar@13f79535-47bb-0310-9956-ffa450edef68,0,0.0,0.0,0.0,0.0,0.0,0.0,0.0,0,2,0.0,false
openjpa-persistence-jdbc/src/test/java/org/apache/openjpa/persistence/jdbc/sqlcache/TestInExpressionParamaterBinding.java,106.0,9.0,7.0,11.0,57.0,21.0,0.0,struberg@13f79535-47bb-0310-9956-ffa450edef68,0,0.0,0.0,0.0,0.0,0.0,0.0,0.0,0,0,0.0,false
openjpa-persistence-jdbc/src/test/java/org/apache/openjpa/persistence/jdbc/sqlcache/TestPreparedQueryCache.java,964.0,27.0,768.0,69.0,414.0,117.0,0.0,ppoddar@13f79535-47bb-0310-9956-ffa450edef68,0,0.0,0.0,0.0,0.0,0.0,0.0,0.0,0,5,0.0,false
openjpa-persistence-jdbc/src/test/java/org/apache/openjpa/persistence/jdbc/strategy/Address.java,18.0,1.0,6.0,5.0,0.0,7.0,0.0,struberg@13f79535-47bb-0310-9956-ffa450edef68,0,0.0,0.0,0.0,0.0,0.0,0.0,0.0,0,1,0.0,false
openjpa-persistence-jdbc/src/test/java/org/apache/openjpa/persistence/jdbc/strategy/Person.java,32.0,2.0,24.0,9.0,0.0,13.0,0.0,struberg@13f79535-47bb-0310-9956-ffa450edef68,0,0.0,0.0,0.0,0.0,0.0,0.0,0.0,0,1,0.0,false
openjpa-persistence-jdbc/src/test/java/org/apache/openjpa/persistence/jdbc/strategy/TestStrategyAnnotaion.java,18.0,5.0,1.0,2.0,14.0,2.0,0.0,dwoods@13f79535-47bb-0310-9956-ffa450edef68,0,0.0,0.0,0.0,0.0,0.0,0.0,0.0,0,1,0.0,false
openjpa-persistence-jdbc/src/test/java/org/apache/openjpa/persistence/jdbc/unique/TestNamedUniqueConstraint.java,54.0,11.0,9.0,6.0,24.0,16.0,0.0,struberg@13f79535-47bb-0310-9956-ffa450edef68,0,0.0,0.0,0.0,0.0,0.0,0.0,0.0,0,1,0.0,false
openjpa-persistence-jdbc/src/test/java/org/apache/openjpa/persistence/jdbc/unique/TestNamedUniqueConstraintWithXMLDescriptor.java,39.0,9.0,13.0,6.0,16.0,14.0,0.0,struberg@13f79535-47bb-0310-9956-ffa450edef68,0,0.0,0.0,0.0,0.0,0.0,0.0,0.0,0,1,0.0,false
openjpa-persistence-jdbc/src/test/java/org/apache/openjpa/persistence/jdbc/update/NumericVersionedEntity.java,21.0,4.0,4.0,4.0,0.0,7.0,0.0,struberg@13f79535-47bb-0310-9956-ffa450edef68,0,0.0,0.0,0.0,0.0,0.0,0.0,0.0,0,0,0.0,false
openjpa-persistence-jdbc/src/test/java/org/apache/openjpa/persistence/jdbc/update/TestTimestampVersion.java,57.0,6.0,6.0,4.0,32.0,5.0,0.0,null,0,0.0,0.0,0.0,0.0,0.0,0.0,0.0,0,4,0.0,false
openjpa-persistence-jdbc/src/test/java/org/apache/openjpa/persistence/jdbc/version/TestVersionColumn.java,71.0,7.0,6.0,4.0,60.0,7.0,0.0,curtisr7@13f79535-47bb-0310-9956-ffa450edef68,0,0.0,0.0,0.0,0.0,0.0,0.0,0.0,0,0,0.0,false
openjpa-persistence-jdbc/src/test/java/org/apache/openjpa/persistence/jpql/clauses/TestEJBPolymorphicQuery.java,42.0,5.0,6.0,4.0,22.0,5.0,0.0,struberg@13f79535-47bb-0310-9956-ffa450edef68,0,0.0,0.0,0.0,0.0,0.0,0.0,0.0,0,1,0.0,false
openjpa-persistence-jdbc/src/test/java/org/apache/openjpa/persistence/jpql/functions/TestSetParameter.java,104.0,7.0,16.0,9.0,65.0,18.0,0.0,mikedd@13f79535-47bb-0310-9956-ffa450edef68,0,0.0,0.0,0.0,0.0,0.0,0.0,0.0,0,2,0.0,false
openjpa-persistence-jdbc/src/test/java/org/apache/openjpa/persistence/kernel/BaseKernelTest.java,64.0,6.0,21.0,7.0,26.0,17.0,0.0,pcl@13f79535-47bb-0310-9956-ffa450edef68,0,0.0,0.0,0.0,0.0,0.0,0.0,0.0,0,1,0.0,false
openjpa-persistence-jdbc/src/test/java/org/apache/openjpa/persistence/kernel/TestArrayValues2.java,275.0,8.0,231.0,22.0,128.0,75.0,0.0,struberg@13f79535-47bb-0310-9956-ffa450edef68,0,0.0,0.0,0.0,0.0,0.0,0.0,0.0,0,0,0.0,false
openjpa-persistence-jdbc/src/test/java/org/apache/openjpa/persistence/managedinterface/ManagedInterfaceEmbed.java,4.0,2.0,1.0,2.0,0.0,2.0,0.0,struberg@13f79535-47bb-0310-9956-ffa450edef68,0,0.0,0.0,0.0,0.0,0.0,0.0,0.0,0,0,0.0,false
openjpa-persistence-jdbc/src/test/java/org/apache/openjpa/persistence/managedinterface/TestManagedInterfaces.java,368.0,14.0,105.0,15.0,184.0,28.0,0.0,null,0,0.0,0.0,0.0,0.0,0.0,0.0,0.0,0,1,0.0,false
openjpa-persistence-jdbc/src/test/java/org/apache/openjpa/persistence/merge/GrandChild.java,34.0,9.0,1.0,6.0,3.0,12.0,0.0,dianner@13f79535-47bb-0310-9956-ffa450edef68,0,0.0,0.0,0.0,0.0,0.0,0.0,0.0,0,0,0.0,false
openjpa-persistence-jdbc/src/test/java/org/apache/openjpa/persistence/merge/GrandChildPK.java,39.0,1.0,0.0,6.0,3.0,12.0,0.0,dianner@13f79535-47bb-0310-9956-ffa450edef68,0,0.0,0.0,0.0,0.0,0.0,0.0,0.0,0,0,0.0,false
openjpa-persistence-jdbc/src/test/java/org/apache/openjpa/persistence/merge/Parent.java,53.0,11.0,4.0,9.0,3.0,16.0,2.0,dianner@13f79535-47bb-0310-9956-ffa450edef68,0,0.0,0.0,0.0,0.0,0.0,0.0,0.0,0,0,0.0,false
openjpa-persistence-jdbc/src/test/java/org/apache/openjpa/persistence/merge/TestMergeNew.java,96.0,4.0,6.0,4.0,62.0,5.0,0.0,dianner@13f79535-47bb-0310-9956-ffa450edef68,0,0.0,0.0,0.0,0.0,0.0,0.0,0.0,0,0,0.0,false
openjpa-persistence-jdbc/src/test/java/org/apache/openjpa/persistence/meta/ArrayMember.java,4.0,2.0,0.0,0.0,0.0,0.0,0.0,struberg@13f79535-47bb-0310-9956-ffa450edef68,0,0.0,0.0,0.0,0.0,0.0,0.0,0.0,0,0,0.0,false
openjpa-persistence-jdbc/src/test/java/org/apache/openjpa/persistence/meta/ImplicitFieldAccessSubclass.java,20.0,4.0,2.0,4.0,0.0,6.0,0.0,mikedd@13f79535-47bb-0310-9956-ffa450edef68,0,0.0,0.0,0.0,0.0,0.0,0.0,0.0,0,1,0.0,false
openjpa-persistence-jdbc/src/test/java/org/apache/openjpa/persistence/meta/TestMetaDataRepository.java,53.0,13.0,4.0,5.0,29.0,6.0,0.0,curtisr7@13f79535-47bb-0310-9956-ffa450edef68,0,0.0,0.0,0.0,0.0,0.0,0.0,0.0,0,2,0.0,false
openjpa-persistence-jdbc/src/test/java/org/apache/openjpa/persistence/models/company/CompanyModelTest.java,163.0,4.0,32.0,12.0,55.0,34.0,0.0,struberg@13f79535-47bb-0310-9956-ffa450edef68,0,0.0,0.0,0.0,0.0,0.0,0.0,0.0,0,0,0.0,false
openjpa-persistence-jdbc/src/test/java/org/apache/openjpa/persistence/proxy/TestDetachMerge.java,519.0,34.0,496.0,32.0,209.0,121.0,0.0,dwoods@13f79535-47bb-0310-9956-ffa450edef68,0,0.0,0.0,0.0,0.0,0.0,0.0,0.0,0,2,0.0,false
openjpa-persistence-jdbc/src/test/java/org/apache/openjpa/persistence/proxy/TestEntitySerialize.java,44.0,16.0,6.0,4.0,22.0,7.0,0.0,curtisr7@13f79535-47bb-0310-9956-ffa450edef68,0,0.0,0.0,0.0,0.0,0.0,0.0,0.0,0,1,0.0,false
openjpa-persistence-jdbc/src/test/java/org/apache/openjpa/persistence/proxy/TreeNode.java,136.0,15.0,97.0,19.0,38.0,46.0,0.0,mikedd@13f79535-47bb-0310-9956-ffa450edef68,0,0.0,0.0,0.0,0.0,0.0,0.0,0.0,0,1,0.0,false
openjpa-persistence-jdbc/src/test/java/org/apache/openjpa/persistence/proxy/delayed/DelayedProxyCollectionsTestCase.java,566.0,16.0,664.0,37.0,323.0,63.0,0.0,struberg@13f79535-47bb-0310-9956-ffa450edef68,0,0.0,0.0,0.0,0.0,0.0,0.0,0.0,0,1,0.0,false
openjpa-persistence-jdbc/src/test/java/org/apache/openjpa/persistence/proxy/delayed/IDepartment.java,14.0,1.0,66.0,12.0,0.0,14.0,0.0,struberg@13f79535-47bb-0310-9956-ffa450edef68,0,0.0,0.0,0.0,0.0,0.0,0.0,0.0,0,1,0.0,false
openjpa-persistence-jdbc/src/test/java/org/apache/openjpa/persistence/proxy/delayed/alist/Department.java,45.0,20.0,54.0,12.0,0.0,20.0,0.0,struberg@13f79535-47bb-0310-9956-ffa450edef68,0,0.0,0.0,0.0,0.0,0.0,0.0,0.0,0,1,0.0,false
openjpa-persistence-jdbc/src/test/java/org/apache/openjpa/persistence/proxy/delayed/alist/TestDelayedArrayListProxyDetachLite.java,40.0,6.0,1.0,2.0,28.0,2.0,0.0,struberg@13f79535-47bb-0310-9956-ffa450edef68,0,0.0,0.0,0.0,0.0,0.0,0.0,0.0,0,1,0.0,false
openjpa-persistence-jdbc/src/test/java/org/apache/openjpa/persistence/proxy/delayed/lhset/TestDelayedLinkedHashSetProxy.java,69.0,16.0,134.0,17.0,10.0,35.0,0.0,struberg@13f79535-47bb-0310-9956-ffa450edef68,0,0.0,0.0,0.0,0.0,0.0,0.0,0.0,0,1,0.0,false
openjpa-persistence-jdbc/src/test/java/org/apache/openjpa/persistence/proxy/delayed/llist/TestDelayedLinkedListProxy.java,63.0,16.0,134.0,17.0,8.0,33.0,0.0,struberg@13f79535-47bb-0310-9956-ffa450edef68,0,0.0,0.0,0.0,0.0,0.0,0.0,0.0,0,1,0.0,false
openjpa-persistence-jdbc/src/test/java/org/apache/openjpa/persistence/query/Account.java,37.0,5.0,28.0,9.0,0.0,14.0,0.0,struberg@13f79535-47bb-0310-9956-ffa450edef68,0,0.0,0.0,0.0,0.0,0.0,0.0,0.0,0,1,0.0,false
openjpa-persistence-jdbc/src/test/java/org/apache/openjpa/persistence/query/BaseQueryTest.java,77.0,9.0,21.0,7.0,29.0,19.0,0.0,pcl@13f79535-47bb-0310-9956-ffa450edef68,0,0.0,0.0,0.0,0.0,0.0,0.0,0.0,0,1,0.0,false
openjpa-persistence-jdbc/src/test/java/org/apache/openjpa/persistence/query/GroupingTestCase.java,209.0,9.0,136.0,17.0,135.0,24.0,0.0,pcl@13f79535-47bb-0310-9956-ffa450edef68,0,0.0,0.0,0.0,0.0,0.0,0.0,0.0,0,0,0.0,false
openjpa-persistence-jdbc/src/test/java/org/apache/openjpa/persistence/query/TestComplexQueries.java,81.0,10.0,136.0,17.0,28.0,18.0,0.0,pcl@13f79535-47bb-0310-9956-ffa450edef68,0,0.0,0.0,0.0,0.0,0.0,0.0,0.0,0,1,0.0,false
openjpa-persistence-jdbc/src/test/java/org/apache/openjpa/persistence/query/TestDoubleQuotedStringLiteralInJPQL.java,29.0,4.0,1.0,2.0,13.0,2.0,0.0,struberg@13f79535-47bb-0310-9956-ffa450edef68,0,0.0,0.0,0.0,0.0,0.0,0.0,0.0,0,0,0.0,false
openjpa-persistence-jdbc/src/test/java/org/apache/openjpa/persistence/query/TestJDBCEscapeDate.java,61.0,13.0,1.0,2.0,21.0,5.0,0.0,faywang@13f79535-47bb-0310-9956-ffa450edef68,0,0.0,0.0,0.0,0.0,0.0,0.0,0.0,0,3,0.0,false
openjpa-persistence-jdbc/src/test/java/org/apache/openjpa/persistence/query/TestJPQLWithoutIdentificationVariable.java,13.0,1.0,1.0,2.0,6.0,5.0,0.0,struberg@13f79535-47bb-0310-9956-ffa450edef68,0,0.0,0.0,0.0,0.0,0.0,0.0,0.0,0,1,0.0,false
openjpa-persistence-jdbc/src/test/java/org/apache/openjpa/persistence/query/TestMethodQLQuery.java,60.0,12.0,36.0,9.0,26.0,14.0,0.0,struberg@13f79535-47bb-0310-9956-ffa450edef68,0,0.0,0.0,0.0,0.0,0.0,0.0,0.0,0,0,0.0,false
openjpa-persistence-jdbc/src/test/java/org/apache/openjpa/persistence/query/TestQueryPagination.java,59.0,6.0,36.0,9.0,31.0,14.0,0.0,pcl@13f79535-47bb-0310-9956-ffa450edef68,0,0.0,0.0,0.0,0.0,0.0,0.0,0.0,0,0,0.0,false
openjpa-persistence-jdbc/src/test/java/org/apache/openjpa/persistence/query/TestQueryResultClassAPI.java,42.0,9.0,3.0,3.0,21.0,7.0,0.0,struberg@13f79535-47bb-0310-9956-ffa450edef68,0,0.0,0.0,0.0,0.0,0.0,0.0,0.0,0,0,0.0,false
openjpa-persistence-jdbc/src/test/java/org/apache/openjpa/persistence/query/TestQueryTimeout.java,754.0,27.0,49.0,22.0,292.0,112.0,0.0,jrbauer@13f79535-47bb-0310-9956-ffa450edef68,0,0.0,0.0,0.0,0.0,0.0,0.0,0.0,0,1,0.0,false
openjpa-persistence-jdbc/src/test/java/org/apache/openjpa/persistence/query/TestSubquery.java,69.0,9.0,10.0,5.0,34.0,11.0,0.0,fancy@13f79535-47bb-0310-9956-ffa450edef68,0,0.0,0.0,0.0,0.0,0.0,0.0,0.0,0,7,0.0,false
openjpa-persistence-jdbc/src/test/java/org/apache/openjpa/persistence/query/TestTimeoutException.java,167.0,16.0,16.0,8.0,98.0,25.0,0.0,ppoddar@13f79535-47bb-0310-9956-ffa450edef68,0,0.0,0.0,0.0,0.0,0.0,0.0,0.0,0,8,0.0,false
openjpa-persistence-jdbc/src/test/java/org/apache/openjpa/persistence/query/results/TestResultSetMapping.java,27.0,7.0,1.0,2.0,12.0,4.0,0.0,hthomann@13f79535-47bb-0310-9956-ffa450edef68,0,0.0,0.0,0.0,0.0,0.0,0.0,0.0,0,0,0.0,false
openjpa-persistence-jdbc/src/test/java/org/apache/openjpa/persistence/querycache/TestQueryCache.java,75.0,7.0,0.0,11.0,63.0,15.0,0.0,curtisr7@13f79535-47bb-0310-9956-ffa450edef68,0,0.0,0.0,0.0,0.0,0.0,0.0,0.0,0,0,0.0,false
openjpa-persistence-jdbc/src/test/java/org/apache/openjpa/persistence/recursive/Node.java,23.0,7.0,9.0,6.0,0.0,9.0,0.0,struberg@13f79535-47bb-0310-9956-ffa450edef68,0,0.0,0.0,0.0,0.0,0.0,0.0,0.0,0,0,0.0,false
openjpa-persistence-jdbc/src/test/java/org/apache/openjpa/persistence/relations/Child.java,31.0,10.0,20.0,8.0,0.0,12.0,0.0,allee8285@13f79535-47bb-0310-9956-ffa450edef68,0,0.0,0.0,0.0,0.0,0.0,0.0,0.0,0,0,0.0,false
openjpa-persistence-jdbc/src/test/java/org/apache/openjpa/persistence/relations/EntityAInverseEager.java,26.0,10.0,13.0,7.0,1.0,11.0,0.0,struberg@13f79535-47bb-0310-9956-ffa450edef68,0,0.0,0.0,0.0,0.0,0.0,0.0,0.0,0,1,0.0,false
openjpa-persistence-jdbc/src/test/java/org/apache/openjpa/persistence/relations/EntityBInverseEager.java,25.0,6.0,13.0,7.0,0.0,10.0,0.0,struberg@13f79535-47bb-0310-9956-ffa450edef68,0,0.0,0.0,0.0,0.0,0.0,0.0,0.0,0,0,0.0,false
openjpa-persistence-jdbc/src/test/java/org/apache/openjpa/persistence/relations/EntityDInverseEager.java,49.0,5.0,52.0,13.0,0.0,19.0,0.0,struberg@13f79535-47bb-0310-9956-ffa450edef68,0,0.0,0.0,0.0,0.0,0.0,0.0,0.0,0,0,0.0,false
openjpa-persistence-jdbc/src/test/java/org/apache/openjpa/persistence/relations/GrandChild.java,17.0,8.0,2.0,4.0,0.0,6.0,0.0,allee8285@13f79535-47bb-0310-9956-ffa450edef68,0,0.0,0.0,0.0,0.0,0.0,0.0,0.0,0,0,0.0,false
openjpa-persistence-jdbc/src/test/java/org/apache/openjpa/persistence/relations/InheritanceHierarchyConcrete.java,9.0,8.0,0.0,2.0,0.0,3.0,0.0,struberg@13f79535-47bb-0310-9956-ffa450edef68,0,0.0,0.0,0.0,0.0,0.0,0.0,0.0,0,1,0.0,false
openjpa-persistence-jdbc/src/test/java/org/apache/openjpa/persistence/relations/Order.java,39.0,7.0,11.0,10.0,3.0,16.0,0.0,struberg@13f79535-47bb-0310-9956-ffa450edef68,0,0.0,0.0,0.0,0.0,0.0,0.0,0.0,0,1,0.0,false
openjpa-persistence-jdbc/src/test/java/org/apache/openjpa/persistence/relations/Parent.java,17.0,8.0,2.0,4.0,0.0,6.0,2.0,allee8285@13f79535-47bb-0310-9956-ffa450edef68,0,0.0,0.0,0.0,0.0,0.0,0.0,0.0,0,0,0.0,false
openjpa-persistence-jdbc/src/test/java/org/apache/openjpa/persistence/relations/TestHandlerToHandlerMaps.java,17.0,5.0,1.0,2.0,15.0,2.0,0.0,struberg@13f79535-47bb-0310-9956-ffa450edef68,0,0.0,0.0,0.0,0.0,0.0,0.0,0.0,0,1,0.0,false
openjpa-persistence-jdbc/src/test/java/org/apache/openjpa/persistence/relations/TestJoinedInheritanceHierarchy.java,26.0,4.0,1.0,2.0,17.0,3.0,0.0,struberg@13f79535-47bb-0310-9956-ffa450edef68,0,0.0,0.0,0.0,0.0,0.0,0.0,0.0,0,0,0.0,false
openjpa-persistence-jdbc/src/test/java/org/apache/openjpa/persistence/relations/TestJoinedInheritanceHierarchyWithCache.java,33.0,7.0,1.0,2.0,17.0,3.0,0.0,struberg@13f79535-47bb-0310-9956-ffa450edef68,0,0.0,0.0,0.0,0.0,0.0,0.0,0.0,0,1,0.0,false
openjpa-persistence-jdbc/src/test/java/org/apache/openjpa/persistence/relations/TestRelationOrphanRemoval.java,33.0,3.0,1.0,2.0,17.0,2.0,0.0,allee8285@13f79535-47bb-0310-9956-ffa450edef68,0,0.0,0.0,0.0,0.0,0.0,0.0,0.0,0,0,0.0,false
openjpa-persistence-jdbc/src/test/java/org/apache/openjpa/persistence/relations/entity/LrsEntityA.java,42.0,14.0,3.0,10.0,0.0,14.0,0.0,curtisr7@13f79535-47bb-0310-9956-ffa450edef68,0,0.0,0.0,0.0,0.0,0.0,0.0,0.0,0,1,0.0,false
openjpa-persistence-jdbc/src/test/java/org/apache/openjpa/persistence/relations/entity/LrsEntityB.java,35.0,8.0,0.0,8.0,4.0,13.0,0.0,curtisr7@13f79535-47bb-0310-9956-ffa450edef68,0,0.0,0.0,0.0,0.0,0.0,0.0,0.0,0,1,0.0,false
openjpa-persistence-jdbc/src/test/java/org/apache/openjpa/persistence/results/cls/ResultClsAnnotation.java,18.0,9.0,6.0,5.0,0.0,7.0,0.0,dianner@13f79535-47bb-0310-9956-ffa450edef68,0,0.0,0.0,0.0,0.0,0.0,0.0,0.0,0,1,0.0,false
openjpa-persistence-jdbc/src/test/java/org/apache/openjpa/persistence/results/cls/ResultClsXml.java,18.0,0.0,6.0,5.0,0.0,7.0,0.0,dianner@13f79535-47bb-0310-9956-ffa450edef68,0,0.0,0.0,0.0,0.0,0.0,0.0,0.0,0,1,0.0,false
openjpa-persistence-jdbc/src/test/java/org/apache/openjpa/persistence/results/cls/TestResultClsAnnotation.java,55.0,6.0,6.0,4.0,30.0,10.0,0.0,dianner@13f79535-47bb-0310-9956-ffa450edef68,0,0.0,0.0,0.0,0.0,0.0,0.0,0.0,0,1,0.0,false
openjpa-persistence-jdbc/src/test/java/org/apache/openjpa/persistence/results/cls/TestResultClsXml.java,58.0,6.0,10.0,5.0,30.0,12.0,0.0,dianner@13f79535-47bb-0310-9956-ffa450edef68,0,0.0,0.0,0.0,0.0,0.0,0.0,0.0,0,1,0.0,false
openjpa-persistence-jdbc/src/test/java/org/apache/openjpa/persistence/sequence/TestDropAddSequence.java,46.0,5.0,6.0,4.0,10.0,13.0,0.0,struberg@13f79535-47bb-0310-9956-ffa450edef68,0,0.0,0.0,0.0,0.0,0.0,0.0,0.0,0,0,0.0,false
openjpa-persistence-jdbc/src/test/java/org/apache/openjpa/persistence/simple/AllFieldTypes.java,250.0,13.0,2317.0,70.0,0.0,105.0,0.0,struberg@13f79535-47bb-0310-9956-ffa450edef68,0,0.0,0.0,0.0,0.0,0.0,0.0,0.0,0,0,0.0,false
openjpa-persistence-jdbc/src/test/java/org/apache/openjpa/persistence/simple/EntityWithTimestampPK.java,23.0,4.0,3.0,6.0,1.0,8.0,0.0,hthomann@13f79535-47bb-0310-9956-ffa450edef68,0,0.0,0.0,0.0,0.0,0.0,0.0,0.0,0,1,0.0,false
openjpa-persistence-jdbc/src/test/java/org/apache/openjpa/persistence/simple/TestEntityManagerMethodsThrowAfterClose.java,166.0,4.0,180.0,21.0,43.0,59.0,0.0,struberg@13f79535-47bb-0310-9956-ffa450edef68,0,0.0,0.0,0.0,0.0,0.0,0.0,0.0,0,0,0.0,false
openjpa-persistence-jdbc/src/test/java/org/apache/openjpa/persistence/simple/TestPropertiesMethods.java,184.0,13.0,54.0,24.0,94.0,35.0,0.0,jrbauer@13f79535-47bb-0310-9956-ffa450edef68,0,0.0,0.0,0.0,0.0,0.0,0.0,0.0,0,0,0.0,false
openjpa-persistence-jdbc/src/test/java/org/apache/openjpa/persistence/simple/TestSubclassOfAbstractSuperclass.java,18.0,3.0,3.0,3.0,8.0,3.0,0.0,struberg@13f79535-47bb-0310-9956-ffa450edef68,0,0.0,0.0,0.0,0.0,0.0,0.0,0.0,0,0,0.0,true
openjpa-persistence-jdbc/src/test/java/org/apache/openjpa/persistence/test/AbstractCachedEMFTestCase.java,79.0,7.0,0.0,2.0,7.0,7.0,0.0,dwoods@13f79535-47bb-0310-9956-ffa450edef68,0,0.0,0.0,0.0,0.0,0.0,0.0,0.0,0,1,0.0,false
openjpa-persistence-jdbc/src/test/java/org/apache/openjpa/persistence/test/DatabasePlatform.java,0.0,0.0,0.0,0.0,0.0,0.0,0.0,struberg@13f79535-47bb-0310-9956-ffa450edef68,0,0.0,0.0,0.0,0.0,0.0,0.0,0.0,0,1,0.0,false
openjpa-persistence-jdbc/src/test/java/org/apache/openjpa/persistence/test/PersistenceTestCase.java,399.0,24.0,372.0,28.0,121.0,111.0,0.0,ppoddar@13f79535-47bb-0310-9956-ffa450edef68,0,0.0,0.0,0.0,0.0,0.0,0.0,0.0,0,9,0.0,false
openjpa-persistence-jdbc/src/test/java/org/apache/openjpa/persistence/test/SQLListenerTestCase.java,185.0,4.0,49.0,15.0,31.0,42.0,0.0,null,0,0.0,0.0,0.0,0.0,0.0,0.0,0.0,0,6,0.0,false
openjpa-persistence-jdbc/src/test/java/org/apache/openjpa/persistence/test/SingleEMFTestCase.java,133.0,7.0,0.0,16.0,56.0,45.0,0.0,null,0,0.0,0.0,0.0,0.0,0.0,0.0,0.0,0,7,0.0,false
openjpa-persistence-jdbc/src/test/java/org/apache/openjpa/persistence/util/EagerEmbed.java,16.0,4.0,2.0,4.0,0.0,6.0,0.0,struberg@13f79535-47bb-0310-9956-ffa450edef68,0,0.0,0.0,0.0,0.0,0.0,0.0,0.0,0,0,0.0,false
openjpa-persistence-jdbc/src/test/java/org/apache/openjpa/persistence/util/TestPersistenceUnitUtil.java,291.0,11.0,153.0,18.0,155.0,35.0,0.0,jrbauer@13f79535-47bb-0310-9956-ffa450edef68,0,0.0,0.0,0.0,0.0,0.0,0.0,0.0,0,1,0.0,false
openjpa-persistence-jdbc/src/test/java/org/apache/openjpa/persistence/util/TestPersistenceUtil.java,121.0,7.0,78.0,13.0,82.0,24.0,0.0,struberg@13f79535-47bb-0310-9956-ffa450edef68,0,0.0,0.0,0.0,0.0,0.0,0.0,0.0,0,1,0.0,false
openjpa-persistence-jdbc/src/test/java/org/apache/openjpa/persistence/util/TestProviderUtil.java,179.0,12.0,153.0,18.0,96.0,39.0,0.0,struberg@13f79535-47bb-0310-9956-ffa450edef68,0,0.0,0.0,0.0,0.0,0.0,0.0,0.0,0,0,0.0,false
openjpa-persistence-jdbc/src/test/java/org/apache/openjpa/persistence/validation/TestValidationFactory.java,74.0,9.0,10.0,5.0,40.0,6.0,0.0,dwoods@13f79535-47bb-0310-9956-ffa450edef68,0,0.0,0.0,0.0,0.0,0.0,0.0,0.0,0,2,0.0,false
openjpa-persistence-jdbc/src/test/java/org/apache/openjpa/persistence/xml/TestPersistenceUnitWithoutXSD.java,10.0,4.0,1.0,2.0,5.0,2.0,0.0,mikedd@13f79535-47bb-0310-9956-ffa450edef68,0,0.0,0.0,0.0,0.0,0.0,0.0,0.0,0,2,0.0,false
openjpa-persistence-jdbc/src/test/java/org/apache/openjpa/persistence/xml/XmlOverrideToOneEntity.java,21.0,8.0,6.0,5.0,0.0,8.0,0.0,curtisr7@13f79535-47bb-0310-9956-ffa450edef68,0,0.0,0.0,0.0,0.0,0.0,0.0,0.0,0,1,0.0,false
openjpa-persistence-jdbc/src/test/java/org/apache/openjpa/persistence/xmlmapping/xmlbindings/myaddress/CANAddress.java,40.0,5.0,0.0,5.0,2.0,8.0,0.0,wisneskid@13f79535-47bb-0310-9956-ffa450edef68,0,0.0,0.0,0.0,0.0,0.0,0.0,0.0,0,2,0.0,false
openjpa-persistence-jdbc/src/test/java/org/apache/openjpa/persistence/xmlmapping/xmlbindings/myaddress/GBRAddress.java,40.0,5.0,0.0,5.0,2.0,8.0,0.0,wisneskid@13f79535-47bb-0310-9956-ffa450edef68,0,0.0,0.0,0.0,0.0,0.0,0.0,0.0,0,2,0.0,false
openjpa-persistence-jdbc/src/test/java/org/apache/openjpa/persistence/xmlmapping/xmlbindings/myaddress/USAAddress.java,38.0,5.0,0.0,5.0,2.0,8.0,0.0,wisneskid@13f79535-47bb-0310-9956-ffa450edef68,0,0.0,0.0,0.0,0.0,0.0,0.0,0.0,0,2,0.0,false
openjpa-persistence/src/main/java/org/apache/openjpa/persistence/AnnotationPersistenceMetaDataParser.java,1357.0,147.0,2271.0,78.0,564.0,266.0,0.0,null,0,0.0,0.0,0.0,0.0,0.0,0.0,0.0,0,7,0.0,true
openjpa-persistence/src/main/java/org/apache/openjpa/persistence/EntityManagerImpl.java,1362.0,70.0,0.0,228.0,638.0,458.0,1.0,ppoddar@13f79535-47bb-0310-9956-ffa450edef68,2,0.02857142857142857,3.0,0.0,1.0,0.0,298.7857142857143,533.4181366603909,2,10,1.1366035762505167,false
openjpa-persistence/src/main/java/org/apache/openjpa/persistence/PersistenceProductDerivation.java,629.0,43.0,360.0,28.0,144.0,100.0,0.0,null,0,0.0,0.0,0.0,0.0,0.0,0.0,0.0,0,7,0.0,false
openjpa-persistence/src/main/java/org/apache/openjpa/persistence/util/SourceCode.java,836.0,4.0,133.0,18.0,49.0,55.0,0.0,ppoddar@13f79535-47bb-0310-9956-ffa450edef68,0,0.0,0.0,0.0,0.0,0.0,0.0,0.0,0,5,0.0,true
openjpa-slice/src/main/java/org/apache/openjpa/slice/jdbc/DistributedConnection.java,225.0,19.0,852.0,56.0,44.0,158.0,1.0,ppoddar@13f79535-47bb-0310-9956-ffa450edef68,1,0.014285714285714285,11.0,0.0,0.0,0.0,168.28571428571428,310.9406395459356,1,0,1.4069136483226263,false
openjpa-tools/openjpa-fetch-statistics/src/main/java/org/apache/openjpa/enhance/stats/FetchStatisticsAuxEnhancer.java,61.0,11.0,10.0,5.0,31.0,17.0,14.0,curtisr7@13f79535-47bb-0310-9956-ffa450edef68,1,0.014285714285714285,100.0,0.0,0.0,0.0,370.83333333333337,1577.9218395420844,1,0,1.1192315758708455,false
openjpa-tools/openjpa-fetch-statistics/src/main/java/org/apache/openjpa/enhance/stats/FetchStatsCollector.java,92.0,12.0,20.0,9.0,24.0,18.0,14.0,curtisr7@13f79535-47bb-0310-9956-ffa450edef68,1,0.014285714285714285,100.0,0.0,0.0,0.0,370.83333333333337,1577.9218395420844,1,0,1.1192315758708455,false
openjpa-tools/openjpa-fetch-statistics/src/test/java/org/apache/openjpa/enhance/stats/AEntity.java,28.0,3.0,4.0,5.0,2.0,9.0,14.0,curtisr7@13f79535-47bb-0310-9956-ffa450edef68,1,0.014285714285714285,100.0,0.0,0.0,0.0,370.83333333333337,1577.9218395420844,1,0,1.1192315758708455,false
openjpa-tools/openjpa-fetch-statistics/src/test/java/org/apache/openjpa/enhance/stats/BEntity.java,39.0,7.0,25.0,10.0,3.0,14.0,14.0,curtisr7@13f79535-47bb-0310-9956-ffa450edef68,1,0.014285714285714285,100.0,0.0,0.0,0.0,370.83333333333337,1577.9218395420844,1,0,1.1192315758708455,false
openjpa-tools/openjpa-fetch-statistics/src/test/java/org/apache/openjpa/enhance/stats/ChildEntity.java,29.0,2.0,11.0,7.0,3.0,10.0,14.0,curtisr7@13f79535-47bb-0310-9956-ffa450edef68,1,0.014285714285714285,100.0,0.0,0.0,0.0,370.83333333333337,1577.9218395420844,1,0,1.1192315758708455,false
openjpa-tools/openjpa-fetch-statistics/src/test/java/org/apache/openjpa/enhance/stats/EEntity.java,14.0,1.0,0.0,3.0,0.0,5.0,14.0,curtisr7@13f79535-47bb-0310-9956-ffa450edef68,1,0.014285714285714285,100.0,0.0,0.0,0.0,370.83333333333337,1577.9218395420844,1,0,1.1192315758708455,false
openjpa-tools/openjpa-fetch-statistics/src/test/java/org/apache/openjpa/enhance/stats/TestFetchStatistics.java,91.0,10.0,55.0,11.0,46.0,14.0,14.0,curtisr7@13f79535-47bb-0310-9956-ffa450edef68,1,0.014285714285714285,50.0,0.0,0.0,0.0,370.83333333333337,1577.9218395420844,1,0,1.1192315758708455,false
