name,LOC,CBO,LCOM,NOM,RFC,WMC,ACS,Ownership,numOfChanges,numberOfFIChanges,ENH,NF,BugFixing,REF,structuralWorkloadSum,semanticWorkloadSum,numberOfDeveloper,pastFaults,MAF,isBuggy
openjpa-integration/daytrader/src/test/java/org/apache/openjpa/integration/daytrader/AccountDataBean.java,137.0,23.0,426.0,33.0,47.0,56.0,1.0,curtisr7@13f79535-47bb-0310-9956-ffa450edef68,1,0.011627906976744186,50.0,0.0,0.0,0.0,542.0444444444445,2319.3465634262598,1,0,0.5930637220029626,false
openjpa-integration/daytrader/src/test/java/org/apache/openjpa/integration/daytrader/TestDaytrader.java,64.0,8.0,0.0,4.0,23.0,12.0,4.0,curtisr7@13f79535-47bb-0310-9956-ffa450edef68,1,0.011627906976744186,25.0,25.0,0.0,25.0,542.0444444444445,2319.3465634262598,1,0,0.5930637220029626,false
openjpa-integration/daytrader/src/test/java/org/apache/openjpa/integration/daytrader/TradeAction.java,280.0,7.0,78.0,13.0,51.0,59.0,4.0,curtisr7@13f79535-47bb-0310-9956-ffa450edef68,1,0.011627906976744186,50.0,50.0,0.0,50.0,542.0444444444445,2319.3465634262598,1,0,0.5930637220029626,false
openjpa-integration/daytrader/src/test/java/org/apache/openjpa/integration/daytrader/TradeJPADirect.java,587.0,22.0,0.0,35.0,319.0,137.0,4.0,curtisr7@13f79535-47bb-0310-9956-ffa450edef68,1,0.011627906976744186,33.0,33.0,0.0,33.0,542.0444444444445,2319.3465634262598,1,0,0.5930637220029626,false
openjpa-jdbc/src/main/java/org/apache/openjpa/jdbc/kernel/JDBCStoreManager.java,1277.0,63.0,3059.0,86.0,435.0,301.0,3.0,null,1,0.011627906976744186,1.0,0.0,0.0,0.0,542.0444444444445,2319.3465634262598,1,16,0.5930637220029626,false
openjpa-jdbc/src/main/java/org/apache/openjpa/jdbc/kernel/PreparedStatementManagerImpl.java,186.0,28.0,121.0,19.0,72.0,75.0,0.0,null,0,0.0,0.0,0.0,0.0,0.0,0.0,0.0,0,3,0.0,false
openjpa-jdbc/src/main/java/org/apache/openjpa/jdbc/kernel/TableJDBCSeq.java,642.0,37.0,863.0,47.0,184.0,157.0,3.0,null,1,0.011627906976744186,4.0,0.0,4.0,0.0,542.0444444444445,2319.3465634262598,1,3,0.5930637220029626,false
openjpa-jdbc/src/main/java/org/apache/openjpa/jdbc/kernel/exps/Args.java,133.0,11.0,286.0,28.0,17.0,52.0,0.0,fancy@13f79535-47bb-0310-9956-ffa450edef68,0,0.0,0.0,0.0,0.0,0.0,0.0,0.0,0,0,0.0,false
openjpa-jdbc/src/main/java/org/apache/openjpa/jdbc/kernel/exps/DatastoreFunction.java,27.0,3.0,1.0,3.0,7.0,6.0,0.0,fancy@13f79535-47bb-0310-9956-ffa450edef68,0,0.0,0.0,0.0,0.0,0.0,0.0,0.0,0,0,0.0,false
openjpa-jdbc/src/main/java/org/apache/openjpa/jdbc/kernel/exps/UnaryOp.java,100.0,8.0,151.0,22.0,32.0,38.0,0.0,fancy@13f79535-47bb-0310-9956-ffa450edef68,0,0.0,0.0,0.0,0.0,0.0,0.0,0.0,0,1,0.0,true
openjpa-jdbc/src/main/java/org/apache/openjpa/jdbc/meta/MappingInfo.java,1246.0,28.0,1096.0,60.0,391.0,235.0,0.0,null,0,0.0,0.0,0.0,0.0,0.0,0.0,0.0,0,5,0.0,false
openjpa-jdbc/src/main/java/org/apache/openjpa/jdbc/meta/MappingRepository.java,1034.0,73.0,3226.0,84.0,394.0,317.0,4.0,null,1,0.011627906976744186,3.0,0.0,3.0,0.0,52.0,35.048356024977636,1,5,2.9444389791664407,true
openjpa-jdbc/src/main/java/org/apache/openjpa/jdbc/schema/SchemaTool.java,991.0,32.0,1675.0,66.0,299.0,221.0,1.0,null,1,0.011627906976744186,4.0,0.0,0.0,0.0,52.0,35.048356024977636,1,4,2.9444389791664407,true
openjpa-jdbc/src/main/java/org/apache/openjpa/jdbc/sql/DB2Dictionary.java,778.0,37.0,1226.0,53.0,199.0,183.0,2.0,null,1,0.011627906976744186,1.0,0.0,0.0,0.0,212.76923076923077,335.3601222068183,1,20,2.0281482472922856,true
openjpa-jest/src/main/java/org/apache/openjpa/persistence/jest/TokenReplacedStream.java,133.0,7.0,10.0,5.0,17.0,19.0,0.0,struberg@13f79535-47bb-0310-9956-ffa450edef68,0,0.0,0.0,0.0,0.0,0.0,0.0,0.0,0,0,0.0,false
openjpa-kernel/src/main/java/org/apache/openjpa/audit/Auditable.java,0.0,0.0,0.0,0.0,0.0,0.0,0.0,mikedd@13f79535-47bb-0310-9956-ffa450edef68,0,0.0,0.0,0.0,0.0,0.0,0.0,0.0,0,0,0.0,false
openjpa-kernel/src/main/java/org/apache/openjpa/audit/Auditor.java,19.0,5.0,1.0,2.0,0.0,3.0,0.0,mikedd@13f79535-47bb-0310-9956-ffa450edef68,0,0.0,0.0,0.0,0.0,0.0,0.0,0.0,0,0,0.0,false
openjpa-kernel/src/main/java/org/apache/openjpa/datacache/AbstractDataCache.java,356.0,25.0,1366.0,60.0,154.0,141.0,23.0,null,1,0.011627906976744186,5.0,0.0,0.0,0.0,542.0444444444445,2319.3465634262598,1,0,0.5930637220029626,false
openjpa-kernel/src/main/java/org/apache/openjpa/datacache/DataCacheStoreManager.java,595.0,23.0,91.0,23.0,214.0,87.0,10.0,null,1,0.011627906976744186,9.0,0.0,0.0,0.0,542.0444444444445,2319.3465634262598,1,7,0.5930637220029626,true
openjpa-kernel/src/main/java/org/apache/openjpa/datacache/QueryKey.java,259.0,27.0,97.0,19.0,90.0,71.0,0.0,null,0,0.0,0.0,0.0,0.0,0.0,0.0,0.0,0,1,0.0,true
openjpa-kernel/src/main/java/org/apache/openjpa/enhance/AsmAdaptor.java,107.0,12.0,9.0,6.0,30.0,21.0,2.0,curtisr7@13f79535-47bb-0310-9956-ffa450edef68,1,0.011627906976744186,14.0,0.0,14.0,0.0,542.0444444444445,2319.3465634262598,1,0,0.5930637220029626,false
openjpa-kernel/src/main/java/org/apache/openjpa/kernel/AbstractBrokerFactory.java,570.0,49.0,675.0,47.0,232.0,141.0,3.0,null,1,0.011627906976744186,1.0,0.0,1.0,0.0,542.0444444444445,2319.3465634262598,1,8,0.5930637220029626,true
openjpa-kernel/src/main/java/org/apache/openjpa/kernel/AuditManager.java,262.0,20.0,121.0,18.0,37.0,46.0,0.0,ppoddar@13f79535-47bb-0310-9956-ffa450edef68,0,0.0,0.0,0.0,0.0,0.0,0.0,0.0,0,0,0.0,true
openjpa-kernel/src/main/java/org/apache/openjpa/kernel/Audited.java,81.0,5.0,0.0,7.0,17.0,23.0,0.0,mikedd@13f79535-47bb-0310-9956-ffa450edef68,0,0.0,0.0,0.0,0.0,0.0,0.0,0.0,0,0,0.0,false
openjpa-kernel/src/main/java/org/apache/openjpa/kernel/BrokerImpl.java,3799.0,78.0,30166.0,272.0,1237.0,904.0,1.0,null,1,0.011627906976744186,1.0,0.0,0.0,0.0,542.0444444444445,2319.3465634262598,1,17,0.5930637220029626,true
openjpa-kernel/src/main/java/org/apache/openjpa/kernel/ResultPacker.java,258.0,22.0,31.0,11.0,50.0,48.0,2.0,ppoddar@13f79535-47bb-0310-9956-ffa450edef68,1,0.011627906976744186,9.0,0.0,9.0,0.0,542.0444444444445,2319.3465634262598,1,1,0.5930637220029626,true
openjpa-kernel/src/main/java/org/apache/openjpa/meta/SequenceMetaData.java,302.0,16.0,718.0,41.0,31.0,87.0,0.0,null,0,0.0,0.0,0.0,0.0,0.0,0.0,0.0,0,2,0.0,false
openjpa-lib/src/main/java/org/apache/openjpa/lib/conf/ConfigurationImpl.java,674.0,49.0,1770.0,64.0,235.0,194.0,4.0,ppoddar@13f79535-47bb-0310-9956-ffa450edef68,2,0.023255813953488372,5.0,3.0,0.0,0.0,300.3247863247864,499.81475975435234,2,5,1.2438402883353628,false
openjpa-lib/src/main/java/org/apache/openjpa/lib/conf/Configurations.java,460.0,26.0,348.0,28.0,146.0,120.0,4.0,null,2,0.023255813953488372,7.0,3.0,0.0,0.0,300.3247863247864,499.81475975435234,2,3,1.2438402883353628,false
openjpa-lib/src/main/java/org/apache/openjpa/lib/jdbc/DelegatingPreparedStatement.java,378.0,23.0,0.0,111.0,116.0,270.0,3.0,null,1,0.011627906976744186,8.0,0.0,0.0,0.0,542.0444444444445,2319.3465634262598,1,0,0.5930637220029626,false
openjpa-lib/src/main/java/org/apache/openjpa/lib/jdbc/DelegatingStatement.java,201.0,6.0,0.0,55.0,59.0,150.0,3.0,null,1,0.011627906976744186,12.0,0.0,0.0,0.0,542.0444444444445,2319.3465634262598,1,0,0.5930637220029626,false
openjpa-lib/src/main/java/org/apache/openjpa/lib/util/FormatPreservingProperties.java,403.0,21.0,316.0,28.0,64.0,80.0,0.0,allee8285@13f79535-47bb-0310-9956-ffa450edef68,0,0.0,0.0,0.0,0.0,0.0,0.0,0.0,0,0,0.0,false
openjpa-persistence-jdbc/src/test/java/org/apache/openjpa/audit/TestAudit.java,129.0,8.0,0.0,12.0,92.0,22.0,0.0,curtisr7@13f79535-47bb-0310-9956-ffa450edef68,0,0.0,0.0,0.0,0.0,0.0,0.0,0.0,0,1,0.0,true
openjpa-persistence-jdbc/src/test/java/org/apache/openjpa/audit/X.java,45.0,4.0,12.0,9.0,2.0,16.0,0.0,struberg@13f79535-47bb-0310-9956-ffa450edef68,0,0.0,0.0,0.0,0.0,0.0,0.0,0.0,0,0,0.0,true
openjpa-persistence-jdbc/src/test/java/org/apache/openjpa/conf/TestGetProperty.java,37.0,4.0,1.0,3.0,8.0,7.0,0.0,allee8285@13f79535-47bb-0310-9956-ffa450edef68,0,0.0,0.0,0.0,0.0,0.0,0.0,0.0,0,0,0.0,false
openjpa-persistence-jdbc/src/test/java/org/apache/openjpa/meta/PChild.java,5.0,5.0,0.0,0.0,0.0,0.0,0.0,curtisr7@13f79535-47bb-0310-9956-ffa450edef68,0,0.0,0.0,0.0,0.0,0.0,0.0,0.0,0,0,0.0,true
openjpa-persistence-jdbc/src/test/java/org/apache/openjpa/meta/PChildBi.java,6.0,6.0,0.0,0.0,0.0,0.0,4.0,allee8285@13f79535-47bb-0310-9956-ffa450edef68,1,0.011627906976744186,100.0,0.0,100.0,0.0,52.0,35.048356024977636,1,0,2.9444389791664407,false
openjpa-persistence-jdbc/src/test/java/org/apache/openjpa/meta/Parent.java,7.0,8.0,0.0,0.0,0.0,0.0,4.0,curtisr7@13f79535-47bb-0310-9956-ffa450edef68,1,0.011627906976744186,33.0,0.0,33.0,0.0,52.0,35.048356024977636,1,0,2.9444389791664407,true
openjpa-persistence-jdbc/src/test/java/org/apache/openjpa/meta/TestSecondaryTable.java,19.0,2.0,1.0,2.0,8.0,4.0,4.0,curtisr7@13f79535-47bb-0310-9956-ffa450edef68,1,0.011627906976744186,33.0,0.0,33.0,0.0,52.0,35.048356024977636,1,0,2.9444389791664407,true
openjpa-persistence-jdbc/src/test/java/org/apache/openjpa/persistence/Issue428Entity.java,14.0,2.0,0.0,4.0,0.0,5.0,0.0,allee8285@13f79535-47bb-0310-9956-ffa450edef68,0,0.0,0.0,0.0,0.0,0.0,0.0,0.0,0,0,0.0,false
openjpa-persistence-jdbc/src/test/java/org/apache/openjpa/persistence/TestOpenjpaIdNotRecognizedMessage.java,11.0,1.0,1.0,2.0,2.0,2.0,0.0,allee8285@13f79535-47bb-0310-9956-ffa450edef68,0,0.0,0.0,0.0,0.0,0.0,0.0,0.0,0,0,0.0,false
openjpa-persistence-jdbc/src/test/java/org/apache/openjpa/persistence/cache/jpa/AbstractCacheModeTestCase.java,274.0,16.0,465.0,31.0,145.0,63.0,23.0,mikedd@13f79535-47bb-0310-9956-ffa450edef68,1,0.011627906976744186,9.0,0.0,0.0,0.0,542.0444444444445,2319.3465634262598,1,1,0.5930637220029626,false
openjpa-persistence-jdbc/src/test/java/org/apache/openjpa/persistence/cache/jpa/AbstractCacheTestCase.java,56.0,16.0,13.0,7.0,32.0,19.0,23.0,mikedd@13f79535-47bb-0310-9956-ffa450edef68,1,0.011627906976744186,14.0,0.0,0.0,0.0,542.0444444444445,2319.3465634262598,1,0,0.5930637220029626,false
openjpa-persistence-jdbc/src/test/java/org/apache/openjpa/persistence/cache/jpa/DataCacheTestExtension.java,3.0,1.0,0.0,0.0,0.0,0.0,23.0,curtisr7@13f79535-47bb-0310-9956-ffa450edef68,1,0.011627906976744186,100.0,0.0,0.0,0.0,542.0444444444445,2319.3465634262598,1,0,0.5930637220029626,false
openjpa-persistence-jdbc/src/test/java/org/apache/openjpa/persistence/cache/jpa/TestCacheModeAll.java,44.0,7.0,16.0,8.0,12.0,16.0,23.0,mikedd@13f79535-47bb-0310-9956-ffa450edef68,1,0.011627906976744186,14.0,0.0,0.0,0.0,542.0444444444445,2319.3465634262598,1,0,0.5930637220029626,false
openjpa-persistence-jdbc/src/test/java/org/apache/openjpa/persistence/cache/jpa/TestCacheModeAllDataCacheCustomized.java,18.0,4.0,0.0,1.0,9.0,3.0,23.0,curtisr7@13f79535-47bb-0310-9956-ffa450edef68,1,0.011627906976744186,100.0,0.0,0.0,0.0,542.0444444444445,2319.3465634262598,1,0,0.5930637220029626,false
openjpa-persistence-jdbc/src/test/java/org/apache/openjpa/persistence/cache/jpa/TestCacheModeAllDataCacheTrue.java,18.0,4.0,0.0,1.0,9.0,3.0,23.0,curtisr7@13f79535-47bb-0310-9956-ffa450edef68,1,0.011627906976744186,100.0,0.0,0.0,0.0,542.0444444444445,2319.3465634262598,1,0,0.5930637220029626,false
openjpa-persistence-jdbc/src/test/java/org/apache/openjpa/persistence/cache/jpa/TestCacheModeDisableSelective.java,41.0,12.0,16.0,8.0,10.0,16.0,23.0,mikedd@13f79535-47bb-0310-9956-ffa450edef68,1,0.011627906976744186,14.0,0.0,0.0,0.0,542.0444444444445,2319.3465634262598,1,0,0.5930637220029626,false
openjpa-persistence-jdbc/src/test/java/org/apache/openjpa/persistence/cache/jpa/TestCacheModeEmpty.java,44.0,6.0,24.0,9.0,10.0,18.0,23.0,mikedd@13f79535-47bb-0310-9956-ffa450edef68,1,0.011627906976744186,14.0,0.0,0.0,0.0,542.0444444444445,2319.3465634262598,1,1,0.5930637220029626,false
openjpa-persistence-jdbc/src/test/java/org/apache/openjpa/persistence/cache/jpa/TestCacheModeEnableSelectedDataCacheTrue.java,15.0,3.0,0.0,1.0,7.0,3.0,23.0,curtisr7@13f79535-47bb-0310-9956-ffa450edef68,1,0.011627906976744186,100.0,0.0,0.0,0.0,542.0444444444445,2319.3465634262598,1,0,0.5930637220029626,false
openjpa-persistence-jdbc/src/test/java/org/apache/openjpa/persistence/cache/jpa/TestCacheModeEnableSelective.java,41.0,12.0,16.0,8.0,10.0,16.0,23.0,mikedd@13f79535-47bb-0310-9956-ffa450edef68,1,0.011627906976744186,17.0,0.0,0.0,0.0,542.0444444444445,2319.3465634262598,1,0,0.5930637220029626,false
openjpa-persistence-jdbc/src/test/java/org/apache/openjpa/persistence/cache/jpa/TestCacheModeInvalid.java,24.0,4.0,6.0,4.0,7.0,7.0,23.0,curtisr7@13f79535-47bb-0310-9956-ffa450edef68,1,0.011627906976744186,17.0,0.0,0.0,0.0,542.0444444444445,2319.3465634262598,1,0,0.5930637220029626,false
openjpa-persistence-jdbc/src/test/java/org/apache/openjpa/persistence/cache/jpa/TestCacheModeNone.java,44.0,6.0,24.0,9.0,10.0,18.0,23.0,mikedd@13f79535-47bb-0310-9956-ffa450edef68,1,0.011627906976744186,14.0,0.0,0.0,0.0,542.0444444444445,2319.3465634262598,1,0,0.5930637220029626,false
openjpa-persistence-jdbc/src/test/java/org/apache/openjpa/persistence/cache/jpa/TestCacheModeNoneDataCacheCustomized.java,15.0,3.0,0.0,1.0,7.0,3.0,23.0,curtisr7@13f79535-47bb-0310-9956-ffa450edef68,1,0.011627906976744186,100.0,0.0,0.0,0.0,542.0444444444445,2319.3465634262598,1,0,0.5930637220029626,false
openjpa-persistence-jdbc/src/test/java/org/apache/openjpa/persistence/cache/jpa/TestCacheModeNoneDataCacheTrue.java,15.0,3.0,0.0,1.0,7.0,3.0,23.0,curtisr7@13f79535-47bb-0310-9956-ffa450edef68,1,0.011627906976744186,100.0,0.0,0.0,0.0,542.0444444444445,2319.3465634262598,1,0,0.5930637220029626,false
openjpa-persistence-jdbc/src/test/java/org/apache/openjpa/persistence/cache/jpa/TestCacheModeUnspecified.java,44.0,6.0,24.0,9.0,10.0,18.0,23.0,mikedd@13f79535-47bb-0310-9956-ffa450edef68,1,0.011627906976744186,14.0,0.0,0.0,0.0,542.0444444444445,2319.3465634262598,1,1,0.5930637220029626,false
openjpa-persistence-jdbc/src/test/java/org/apache/openjpa/persistence/cache/jpa/TestCacheModeUnspecifiedDataCacheTrue.java,43.0,8.0,16.0,8.0,8.0,16.0,23.0,curtisr7@13f79535-47bb-0310-9956-ffa450edef68,1,0.011627906976744186,100.0,0.0,0.0,0.0,542.0444444444445,2319.3465634262598,1,0,0.5930637220029626,false
openjpa-persistence-jdbc/src/test/java/org/apache/openjpa/persistence/cache/jpa/TestPropertyCacheModeUnspecified.java,45.0,8.0,24.0,9.0,8.0,18.0,23.0,curtisr7@13f79535-47bb-0310-9956-ffa450edef68,1,0.011627906976744186,25.0,0.0,0.0,0.0,542.0444444444445,2319.3465634262598,1,0,0.5930637220029626,false
openjpa-persistence-jdbc/src/test/java/org/apache/openjpa/persistence/criteria/TestRemoteQueryCacheCriteriaQuery.java,28.0,7.0,0.0,2.0,15.0,3.0,0.0,curtisr7@13f79535-47bb-0310-9956-ffa450edef68,0,0.0,0.0,0.0,0.0,0.0,0.0,0.0,0,1,0.0,true
openjpa-persistence-jdbc/src/test/java/org/apache/openjpa/persistence/datacache/SerializingConcurrentQueryCache.java,28.0,7.0,3.0,3.0,6.0,8.0,0.0,curtisr7@13f79535-47bb-0310-9956-ffa450edef68,0,0.0,0.0,0.0,0.0,0.0,0.0,0.0,0,1,0.0,true
openjpa-persistence-jdbc/src/test/java/org/apache/openjpa/persistence/datacache/TestDataCacheStoreLazyFk.java,34.0,5.0,1.0,2.0,22.0,4.0,3.0,curtisr7@13f79535-47bb-0310-9956-ffa450edef68,1,0.011627906976744186,33.0,0.0,0.0,0.0,542.0444444444445,2319.3465634262598,1,0,0.5930637220029626,false
openjpa-persistence-jdbc/src/test/java/org/apache/openjpa/persistence/datacache/TestStatistics.java,221.0,7.0,0.0,14.0,92.0,24.0,3.0,curtisr7@13f79535-47bb-0310-9956-ffa450edef68,1,0.011627906976744186,10.0,0.0,0.0,0.0,542.0444444444445,2319.3465634262598,1,1,0.5930637220029626,false
openjpa-persistence-jdbc/src/test/java/org/apache/openjpa/persistence/entitymanager/TestEntityManagerConfiguration.java,39.0,6.0,15.0,6.0,19.0,7.0,0.0,jgrassel@13f79535-47bb-0310-9956-ffa450edef68,0,0.0,0.0,0.0,0.0,0.0,0.0,0.0,0,0,0.0,false
openjpa-persistence-jdbc/src/test/java/org/apache/openjpa/persistence/generationtype/Dog.java,50.0,5.0,0.0,7.0,3.0,14.0,3.0,curtisr7@13f79535-47bb-0310-9956-ffa450edef68,1,0.011627906976744186,50.0,0.0,50.0,0.0,542.0444444444445,2319.3465634262598,1,0,0.5930637220029626,false
openjpa-persistence-jdbc/src/test/java/org/apache/openjpa/persistence/generationtype/TestTableGeneratorMultithreadedInitialization.java,62.0,3.0,1.0,2.0,14.0,4.0,2.0,curtisr7@13f79535-47bb-0310-9956-ffa450edef68,1,0.011627906976744186,100.0,0.0,100.0,0.0,542.0444444444445,2319.3465634262598,1,0,0.5930637220029626,true
openjpa-persistence-jdbc/src/test/java/org/apache/openjpa/persistence/jdbc/mapping/TestNativeQueries.java,82.0,8.0,0.0,14.0,55.0,17.0,2.0,curtisr7@13f79535-47bb-0310-9956-ffa450edef68,1,0.011627906976744186,25.0,0.0,25.0,0.0,542.0444444444445,2319.3465634262598,1,0,0.5930637220029626,true
openjpa-persistence-jdbc/src/test/java/org/apache/openjpa/persistence/querycache/QCEntity.java,30.0,5.0,10.0,8.0,0.0,11.0,0.0,jgrassel@13f79535-47bb-0310-9956-ffa450edef68,0,0.0,0.0,0.0,0.0,0.0,0.0,0.0,0,1,0.0,false
openjpa-persistence-jdbc/src/test/java/org/apache/openjpa/persistence/querycache/TestQuerySQLCache.java,146.0,5.0,0.0,5.0,53.0,9.0,0.0,jgrassel@13f79535-47bb-0310-9956-ffa450edef68,0,0.0,0.0,0.0,0.0,0.0,0.0,0.0,0,1,0.0,false
openjpa-persistence/src/main/java/org/apache/openjpa/persistence/EntityManagerImpl.java,1367.0,70.0,0.0,228.0,640.0,459.0,0.0,ppoddar@13f79535-47bb-0310-9956-ffa450edef68,0,0.0,0.0,0.0,0.0,0.0,0.0,0.0,0,11,0.0,false
openjpa-persistence/src/main/java/org/apache/openjpa/persistence/PersistenceProductDerivation.java,640.0,43.0,360.0,28.0,144.0,100.0,14.0,null,2,0.023255813953488372,3.0,0.0,0.0,0.0,754.8136752136752,2654.706685633078,2,7,0.6174588040876788,false
openjpa-persistence/src/main/java/org/apache/openjpa/persistence/QueryImpl.java,455.0,50.0,70.0,56.0,179.0,157.0,0.0,ppoddar@13f79535-47bb-0310-9956-ffa450edef68,0,0.0,0.0,0.0,0.0,0.0,0.0,0.0,0,12,0.0,false
