name,LOC,CBO,LCOM,NOM,RFC,WMC,ACS,Ownership,numOfChanges,numberOfFIChanges,ENH,NF,BugFixing,REF,structuralWorkloadSum,semanticWorkloadSum,numberOfDeveloper,pastFaults,MAF,isBuggy
openjpa-examples/image-gallery/src/test/java/org/apache/openjpa/example/gallery/ImageType.java,0.0,0.0,0.0,0.0,0.0,0.0,23.0,allee8285@13f79535-47bb-0310-9956-ffa450edef68,1,0.014925373134328358,100.0,0.0,0.0,100.0,477.0,5493.447521599546,1,0,1.0608719606852628,false
openjpa-examples/image-gallery/src/test/java/org/apache/openjpa/example/gallery/constraint/ImageConstraint.java,0.0,0.0,0.0,0.0,0.0,0.0,23.0,allee8285@13f79535-47bb-0310-9956-ffa450edef68,1,0.014925373134328358,100.0,0.0,0.0,100.0,477.0,5493.447521599546,1,0,1.0608719606852628,false
openjpa-examples/image-gallery/src/test/java/org/apache/openjpa/example/gallery/constraint/ImageContent.java,0.0,0.0,0.0,0.0,0.0,0.0,23.0,allee8285@13f79535-47bb-0310-9956-ffa450edef68,1,0.014925373134328358,100.0,0.0,0.0,100.0,477.0,5493.447521599546,1,0,1.0608719606852628,false
openjpa-examples/image-gallery/src/test/java/org/apache/openjpa/example/gallery/constraint/ImageContentValidator.java,33.0,5.0,0.0,2.0,4.0,5.0,23.0,allee8285@13f79535-47bb-0310-9956-ffa450edef68,1,0.014925373134328358,100.0,0.0,0.0,100.0,477.0,5493.447521599546,1,0,1.0608719606852628,false
openjpa-examples/image-gallery/src/test/java/org/apache/openjpa/example/gallery/constraint/ImageGroup.java,5.0,0.0,0.0,0.0,0.0,0.0,23.0,allee8285@13f79535-47bb-0310-9956-ffa450edef68,1,0.014925373134328358,100.0,0.0,0.0,100.0,477.0,5493.447521599546,1,0,1.0608719606852628,false
openjpa-examples/image-gallery/src/test/java/org/apache/openjpa/example/gallery/constraint/ImageValidator.java,38.0,6.0,0.0,2.0,8.0,5.0,23.0,allee8285@13f79535-47bb-0310-9956-ffa450edef68,1,0.014925373134328358,100.0,0.0,0.0,100.0,477.0,5493.447521599546,1,0,1.0608719606852628,false
openjpa-examples/image-gallery/src/test/java/org/apache/openjpa/example/gallery/constraint/SequencedImageGroup.java,5.0,2.0,0.0,0.0,0.0,0.0,23.0,allee8285@13f79535-47bb-0310-9956-ffa450edef68,1,0.014925373134328358,100.0,0.0,0.0,100.0,477.0,5493.447521599546,1,0,1.0608719606852628,false
openjpa-examples/image-gallery/src/test/java/org/apache/openjpa/example/gallery/model/Album.java,33.0,7.0,20.0,8.0,0.0,12.0,23.0,allee8285@13f79535-47bb-0310-9956-ffa450edef68,1,0.014925373134328358,100.0,0.0,0.0,100.0,477.0,5493.447521599546,1,0,1.0608719606852628,false
openjpa-examples/image-gallery/src/test/java/org/apache/openjpa/example/gallery/model/Creator.java,40.0,8.0,35.0,10.0,0.0,15.0,23.0,allee8285@13f79535-47bb-0310-9956-ffa450edef68,1,0.014925373134328358,100.0,0.0,0.0,100.0,477.0,5493.447521599546,1,0,1.0608719606852628,false
openjpa-examples/image-gallery/src/test/java/org/apache/openjpa/example/gallery/model/Image.java,47.0,12.0,54.0,12.0,0.0,19.0,23.0,allee8285@13f79535-47bb-0310-9956-ffa450edef68,1,0.014925373134328358,100.0,0.0,0.0,100.0,477.0,5493.447521599546,1,0,1.0608719606852628,false
openjpa-examples/image-gallery/src/test/java/org/apache/openjpa/example/gallery/model/Location.java,40.0,5.0,35.0,10.0,0.0,15.0,23.0,allee8285@13f79535-47bb-0310-9956-ffa450edef68,1,0.014925373134328358,100.0,0.0,0.0,100.0,477.0,5493.447521599546,1,0,1.0608719606852628,false
openjpa-jdbc/src/main/java/org/apache/openjpa/jdbc/kernel/JDBCStoreQuery.java,700.0,57.0,1183.0,51.0,252.0,187.0,9.0,null,1,0.014925373134328358,3.0,0.0,0.0,0.0,397.84,1578.2739553347853,1,8,1.1786549963416462,false
openjpa-jdbc/src/main/java/org/apache/openjpa/jdbc/meta/MappingInfo.java,1257.0,28.0,1096.0,60.0,396.0,235.0,0.0,null,0,0.0,0.0,0.0,0.0,0.0,0.0,0.0,0,5,0.0,false
openjpa-jdbc/src/main/java/org/apache/openjpa/jdbc/meta/strats/HandlerRelationMapTableFieldStrategy.java,292.0,12.0,131.0,23.0,186.0,73.0,0.0,faywang@13f79535-47bb-0310-9956-ffa450edef68,0,0.0,0.0,0.0,0.0,0.0,0.0,0.0,0,3,0.0,true
openjpa-jdbc/src/main/java/org/apache/openjpa/jdbc/meta/strats/RelationFieldStrategy.java,639.0,51.0,978.0,45.0,452.0,187.0,2.0,faywang@13f79535-47bb-0310-9956-ffa450edef68,1,0.014925373134328358,2.0,0.0,0.0,0.0,397.84,1578.2739553347853,1,5,1.1786549963416462,false
openjpa-jdbc/src/main/java/org/apache/openjpa/jdbc/sql/DB2Dictionary.java,810.0,37.0,1381.0,54.0,224.0,189.0,0.0,null,0,0.0,0.0,0.0,0.0,0.0,0.0,0.0,0,20,0.0,true
openjpa-jdbc/src/main/java/org/apache/openjpa/jdbc/sql/DBDictionary.java,3866.0,108.0,51253.0,323.0,1128.0,1178.0,0.0,null,0,0.0,0.0,0.0,0.0,0.0,0.0,0.0,0,27,0.0,true
openjpa-jdbc/src/main/java/org/apache/openjpa/jdbc/sql/DerbyDictionary.java,81.0,9.0,10.0,5.0,12.0,19.0,0.0,null,0,0.0,0.0,0.0,0.0,0.0,0.0,0.0,0,5,0.0,false
openjpa-jdbc/src/main/java/org/apache/openjpa/jdbc/sql/OracleDictionary.java,851.0,40.0,1668.0,60.0,335.0,266.0,0.0,null,0,0.0,0.0,0.0,0.0,0.0,0.0,0.0,0,10,0.0,true
openjpa-jdbc/src/main/java/org/apache/openjpa/jdbc/sql/PrimaryRow.java,308.0,11.0,475.0,35.0,74.0,107.0,1.0,null,1,0.014925373134328358,9.0,9.0,0.0,0.0,397.84,1578.2739553347853,1,1,1.1786549963416462,true
openjpa-jdbc/src/main/java/org/apache/openjpa/jdbc/sql/RowImpl.java,608.0,26.0,5162.0,105.0,167.0,267.0,2.0,null,1,0.014925373134328358,7.0,0.0,0.0,0.0,397.84,1578.2739553347853,1,1,1.1786549963416462,false
openjpa-jdbc/src/main/java/org/apache/openjpa/jdbc/sql/SelectImpl.java,2230.0,43.0,20638.0,212.0,459.0,572.0,0.0,null,0,0.0,0.0,0.0,0.0,0.0,0.0,0.0,0,16,0.0,true
openjpa-jdbc/src/test/java/org/apache/openjpa/jdbc/sql/TestDB2Dictionary.java,127.0,9.0,0.0,5.0,81.0,15.0,0.0,mikedd@13f79535-47bb-0310-9956-ffa450edef68,0,0.0,0.0,0.0,0.0,0.0,0.0,0.0,0,0,0.0,false
openjpa-kernel/src/main/java/org/apache/openjpa/datacache/DataCacheStoreManager.java,588.0,23.0,91.0,23.0,212.0,86.0,0.0,null,0,0.0,0.0,0.0,0.0,0.0,0.0,0.0,0,7,0.0,true
openjpa-kernel/src/main/java/org/apache/openjpa/enhance/PCEnhancer.java,3238.0,88.0,5176.0,136.0,1588.0,575.0,0.0,null,0,0.0,0.0,0.0,0.0,0.0,0.0,0.0,0,11,0.0,true
openjpa-kernel/src/main/java/org/apache/openjpa/kernel/AbstractBrokerFactory.java,573.0,49.0,647.0,47.0,234.0,141.0,0.0,null,0,0.0,0.0,0.0,0.0,0.0,0.0,0.0,0,9,0.0,true
openjpa-kernel/src/main/java/org/apache/openjpa/kernel/BrokerImpl.java,3824.0,78.0,30793.0,275.0,1239.0,909.0,5.0,null,2,0.029850746268656716,2.0,0.0,1.0,0.0,397.84,1583.2245932636629,2,19,1.178654996341646,true
openjpa-kernel/src/main/java/org/apache/openjpa/kernel/DetachManagerLite.java,73.0,7.0,2.0,4.0,27.0,10.0,0.0,curtisr7@13f79535-47bb-0310-9956-ffa450edef68,0,0.0,0.0,0.0,0.0,0.0,0.0,0.0,0,2,0.0,false
openjpa-kernel/src/main/java/org/apache/openjpa/kernel/SingleFieldManager.java,624.0,28.0,284.0,37.0,245.0,133.0,0.0,null,0,0.0,0.0,0.0,0.0,0.0,0.0,0.0,0,11,0.0,true
openjpa-kernel/src/main/java/org/apache/openjpa/kernel/StateManagerImpl.java,2388.0,49.0,14496.0,237.0,1113.0,710.0,1.0,null,2,0.029850746268656716,2.0,1.0,0.0,0.0,397.84,1583.2245932636629,2,16,1.178654996341646,true
openjpa-kernel/src/main/java/org/apache/openjpa/kernel/jpql/JPQLExpressionBuilder.java,1543.0,47.0,4882.0,100.0,596.0,366.0,0.0,null,0,0.0,0.0,0.0,0.0,0.0,0.0,0.0,0,13,0.0,false
openjpa-kernel/src/main/java/org/apache/openjpa/meta/MetaDataRepository.java,1824.0,39.0,7289.0,142.0,458.0,512.0,0.0,null,0,0.0,0.0,0.0,0.0,0.0,0.0,0.0,0,6,0.0,true
openjpa-lib/src/main/java/org/apache/openjpa/lib/conf/PluginValue.java,115.0,4.0,6.0,16.0,39.0,35.0,1.0,null,1,0.014925373134328358,11.0,0.0,0.0,0.0,0.0,0.0,1,0,3.258096538021482,false
openjpa-lib/src/main/java/org/apache/openjpa/lib/meta/XMLMetaDataParser.java,510.0,31.0,1964.0,68.0,104.0,175.0,9.0,null,1,0.014925373134328358,6.0,0.0,0.0,0.0,477.0,5493.447521599546,1,2,1.0608719606852628,false
openjpa-persistence-jdbc/src/main/java/org/apache/openjpa/persistence/jdbc/AnnotationPersistenceMappingParser.java,1551.0,79.0,2853.0,86.0,889.0,334.0,0.0,null,0,0.0,0.0,0.0,0.0,0.0,0.0,0.0,0,2,0.0,true
openjpa-persistence-jdbc/src/main/java/org/apache/openjpa/persistence/jdbc/XMLPersistenceMappingParser.java,1321.0,50.0,3391.0,86.0,552.0,305.0,0.0,null,0,0.0,0.0,0.0,0.0,0.0,0.0,0.0,0,3,0.0,true
openjpa-persistence-jdbc/src/test/java/org/apache/openjpa/persistence/TestOpenJPA2330.java,20.0,6.0,1.0,2.0,9.0,2.0,0.0,curtisr7@13f79535-47bb-0310-9956-ffa450edef68,0,0.0,0.0,0.0,0.0,0.0,0.0,0.0,0,1,0.0,true
openjpa-persistence-jdbc/src/test/java/org/apache/openjpa/persistence/common/apps/Part.java,20.0,9.0,6.0,5.0,0.0,8.0,7.0,struberg@13f79535-47bb-0310-9956-ffa450edef68,1,0.014925373134328358,50.0,0.0,0.0,0.0,397.84,1578.2739553347853,1,0,1.1786549963416462,false
openjpa-persistence-jdbc/src/test/java/org/apache/openjpa/persistence/common/apps/PartPK.java,45.0,3.0,7.0,7.0,3.0,13.0,4.0,hthomann@13f79535-47bb-0310-9956-ffa450edef68,2,0.029850746268656716,100.0,50.0,0.0,0.0,407.84,1582.3911557475442,2,0,1.5252285866216186,false
openjpa-persistence-jdbc/src/test/java/org/apache/openjpa/persistence/common/apps/Shirt.java,19.0,9.0,2.0,4.0,0.0,6.0,7.0,ppoddar@13f79535-47bb-0310-9956-ffa450edef68,1,0.014925373134328358,100.0,0.0,0.0,0.0,397.84,1578.2739553347853,1,0,1.1786549963416462,false
openjpa-persistence-jdbc/src/test/java/org/apache/openjpa/persistence/common/apps/Textile.java,16.0,9.0,2.0,4.0,0.0,6.0,7.0,ppoddar@13f79535-47bb-0310-9956-ffa450edef68,1,0.014925373134328358,100.0,0.0,0.0,0.0,397.84,1578.2739553347853,1,0,1.1786549963416462,false
openjpa-persistence-jdbc/src/test/java/org/apache/openjpa/persistence/common/apps/TextilePK.java,38.0,5.0,0.0,5.0,3.0,10.0,7.0,ppoddar@13f79535-47bb-0310-9956-ffa450edef68,1,0.014925373134328358,100.0,0.0,0.0,0.0,397.84,1578.2739553347853,1,0,1.1786549963416462,false
openjpa-persistence-jdbc/src/test/java/org/apache/openjpa/persistence/common/apps/Trousers.java,9.0,4.0,0.0,2.0,0.0,3.0,7.0,ppoddar@13f79535-47bb-0310-9956-ffa450edef68,1,0.014925373134328358,100.0,0.0,0.0,0.0,397.84,1578.2739553347853,1,0,1.1786549963416462,false
openjpa-persistence-jdbc/src/test/java/org/apache/openjpa/persistence/datacache/TestStatistics.java,218.0,7.0,0.0,14.0,92.0,24.0,0.0,curtisr7@13f79535-47bb-0310-9956-ffa450edef68,0,0.0,0.0,0.0,0.0,0.0,0.0,0.0,0,1,0.0,false
openjpa-persistence-jdbc/src/test/java/org/apache/openjpa/persistence/entity/EntityA.java,23.0,11.0,9.0,6.0,0.0,9.0,0.0,curtisr7@13f79535-47bb-0310-9956-ffa450edef68,0,0.0,0.0,0.0,0.0,0.0,0.0,0.0,0,1,0.0,true
openjpa-persistence-jdbc/src/test/java/org/apache/openjpa/persistence/entity/EntityB.java,31.0,11.0,20.0,8.0,0.0,13.0,0.0,curtisr7@13f79535-47bb-0310-9956-ffa450edef68,0,0.0,0.0,0.0,0.0,0.0,0.0,0.0,0,1,0.0,true
openjpa-persistence-jdbc/src/test/java/org/apache/openjpa/persistence/entity/EntityC.java,13.0,7.0,1.0,3.0,0.0,4.0,0.0,curtisr7@13f79535-47bb-0310-9956-ffa450edef68,0,0.0,0.0,0.0,0.0,0.0,0.0,0.0,0,1,0.0,true
openjpa-persistence-jdbc/src/test/java/org/apache/openjpa/persistence/inheritance/jointable/onetomany/TestMapsIdWithAutoGeneratedKey.java,40.0,10.0,1.0,2.0,20.0,4.0,4.0,hthomann@13f79535-47bb-0310-9956-ffa450edef68,2,0.029850746268656716,100.0,50.0,0.0,0.0,407.84,1582.3911557475442,2,0,1.5252285866216186,false
openjpa-persistence-jdbc/src/test/java/org/apache/openjpa/persistence/jdbc/meta/TestLocators.java,149.0,9.0,66.0,12.0,66.0,22.0,0.0,mikedd@13f79535-47bb-0310-9956-ffa450edef68,0,0.0,0.0,0.0,0.0,0.0,0.0,0.0,0,1,0.0,false
openjpa-persistence-jdbc/src/test/java/org/apache/openjpa/persistence/jdbc/meta/TestRangeQuery.java,50.0,9.0,10.0,5.0,29.0,8.0,0.0,struberg@13f79535-47bb-0310-9956-ffa450edef68,0,0.0,0.0,0.0,0.0,0.0,0.0,0.0,0,1,0.0,false
openjpa-persistence-jdbc/src/test/java/org/apache/openjpa/persistence/jdbc/strategy/MappedEntity.java,19.0,4.0,1.0,3.0,0.0,5.0,0.0,curtisr7@13f79535-47bb-0310-9956-ffa450edef68,0,0.0,0.0,0.0,0.0,0.0,0.0,0.0,0,1,0.0,true
openjpa-persistence-jdbc/src/test/java/org/apache/openjpa/persistence/jdbc/strategy/MapperEntity.java,15.0,10.0,0.0,2.0,4.0,4.0,0.0,curtisr7@13f79535-47bb-0310-9956-ffa450edef68,0,0.0,0.0,0.0,0.0,0.0,0.0,0.0,0,1,0.0,true
openjpa-persistence-jdbc/src/test/java/org/apache/openjpa/persistence/jdbc/strategy/TestHandlerStrategy.java,24.0,3.0,1.0,2.0,10.0,4.0,0.0,curtisr7@13f79535-47bb-0310-9956-ffa450edef68,0,0.0,0.0,0.0,0.0,0.0,0.0,0.0,0,1,0.0,true
openjpa-persistence-jdbc/src/test/java/org/apache/openjpa/persistence/relations/TestInverseManager.java,15.0,5.0,1.0,2.0,9.0,2.0,0.0,curtisr7@13f79535-47bb-0310-9956-ffa450edef68,0,0.0,0.0,0.0,0.0,0.0,0.0,0.0,0,1,0.0,false
openjpa-persistence/src/main/java/org/apache/openjpa/persistence/AnnotationPersistenceMetaDataParser.java,1363.0,147.0,2267.0,78.0,566.0,266.0,3.0,null,1,0.014925373134328358,1.0,1.0,0.0,0.0,397.84,1578.2739553347853,1,7,1.1786549963416462,true
openjpa-persistence/src/main/java/org/apache/openjpa/persistence/OpenJPAPersistenceUtil.java,199.0,14.0,66.0,12.0,55.0,48.0,2.0,null,2,0.029850746268656716,15.0,8.0,0.0,0.0,874.8399999999999,7071.721476934332,2,4,0.4266162979535092,false
openjpa-persistence/src/main/java/org/apache/openjpa/persistence/QueryImpl.java,460.0,50.0,70.0,56.0,179.0,157.0,9.0,ppoddar@13f79535-47bb-0310-9956-ffa450edef68,1,0.014925373134328358,1.0,0.0,0.0,0.0,397.84,1578.2739553347853,1,12,1.1786549963416462,false
openjpa-persistence/src/main/java/org/apache/openjpa/persistence/XMLPersistenceMetaDataParser.java,2044.0,60.0,13175.0,167.0,767.0,538.0,3.0,null,1,0.014925373134328358,1.0,1.0,0.0,0.0,397.84,1578.2739553347853,1,4,1.1786549963416462,false
openjpa-persistence/src/main/java/org/apache/openjpa/persistence/criteria/CriteriaQueryImpl.java,502.0,34.0,1719.0,63.0,146.0,181.0,3.0,ppoddar@13f79535-47bb-0310-9956-ffa450edef68,1,0.014925373134328358,2.0,0.0,2.0,0.0,477.0,5493.447521599546,1,2,1.0608719606852628,true
openjpa-persistence/src/main/java/org/apache/openjpa/persistence/criteria/PathImpl.java,234.0,18.0,120.0,24.0,73.0,69.0,0.0,ppoddar@13f79535-47bb-0310-9956-ffa450edef68,0,0.0,0.0,0.0,0.0,0.0,0.0,0.0,0,1,0.0,false
openjpa-persistence/src/main/java/org/apache/openjpa/persistence/meta/AnnotationProcessor6.java,220.0,32.0,24.0,13.0,83.0,50.0,1.0,ppoddar@13f79535-47bb-0310-9956-ffa450edef68,1,0.014925373134328358,3.0,0.0,0.0,0.0,477.0,5493.447521599546,1,3,1.0608719606852628,false
openjpa-slice/src/main/java/org/apache/openjpa/slice/DistributedBrokerImpl.java,107.0,12.0,70.0,13.0,22.0,29.0,9.0,ppoddar@13f79535-47bb-0310-9956-ffa450edef68,1,0.014925373134328358,6.0,0.0,0.0,0.0,397.84,1578.2739553347853,1,2,1.1786549963416462,true
openjpa-slice/src/main/java/org/apache/openjpa/slice/jdbc/DistributedJDBCConfigurationImpl.java,476.0,39.0,829.0,46.0,177.0,132.0,0.0,ppoddar@13f79535-47bb-0310-9956-ffa450edef68,0,0.0,0.0,0.0,0.0,0.0,0.0,0.0,0,3,0.0,true
openjpa-slice/src/main/java/org/apache/openjpa/slice/jdbc/DistributedJDBCStoreManager.java,389.0,43.0,440.0,41.0,119.0,125.0,9.0,ppoddar@13f79535-47bb-0310-9956-ffa450edef68,1,0.014925373134328358,8.0,0.0,0.0,0.0,397.84,1578.2739553347853,1,1,1.1786549963416462,true
openjpa-slice/src/main/java/org/apache/openjpa/slice/jdbc/DistributedStoreQuery.java,199.0,30.0,2.0,5.0,10.0,9.0,9.0,ppoddar@13f79535-47bb-0310-9956-ffa450edef68,1,0.014925373134328358,4.0,0.0,0.0,0.0,397.84,1578.2739553347853,1,4,1.1786549963416462,true
openjpa-slice/src/test/java/org/apache/openjpa/slice/TestBulkDelete.java,55.0,9.0,6.0,4.0,24.0,10.0,9.0,struberg@13f79535-47bb-0310-9956-ffa450edef68,1,0.014925373134328358,50.0,0.0,0.0,0.0,397.84,1578.2739553347853,1,0,1.1786549963416462,false
openjpa-slice/src/test/java/org/apache/openjpa/slice/policy/UniformDistributionPolicy.java,14.0,3.0,0.0,1.0,3.0,4.0,9.0,ppoddar@13f79535-47bb-0310-9956-ffa450edef68,1,0.014925373134328358,100.0,0.0,0.0,0.0,397.84,1578.2739553347853,1,0,1.1786549963416462,false
