name,LOC,CBO,LCOM,NOM,RFC,WMC,ACS,Ownership,numOfChanges,numberOfFIChanges,ENH,NF,BugFixing,REF,structuralWorkloadSum,semanticWorkloadSum,numberOfDeveloper,pastFaults,MAF,isBuggy
openjpa-examples/openbooks/src/main/java/jpa/tools/swing/EntityTypeView.java,45.0,10.0,1.0,3.0,16.0,8.0,0.0,struberg@13f79535-47bb-0310-9956-ffa450edef68,0,0.0,0.0,0.0,0.0,0.0,0.0,0.0,0,0,0.0,false
openjpa-examples/openbooks/src/main/java/jpa/tools/swing/InstanceView.java,7.0,2.0,0.0,1.0,2.0,1.0,0.0,struberg@13f79535-47bb-0310-9956-ffa450edef68,0,0.0,0.0,0.0,0.0,0.0,0.0,0.0,0,0,0.0,false
openjpa-examples/openbooks/src/main/java/jpa/tools/swing/MetamodelHelper.java,214.0,17.0,120.0,16.0,49.0,54.0,0.0,struberg@13f79535-47bb-0310-9956-ffa450edef68,0,0.0,0.0,0.0,0.0,0.0,0.0,0.0,0,0,0.0,false
openjpa-examples/openbooks/src/main/java/jpa/tools/swing/MetamodelView.java,86.0,15.0,8.0,5.0,28.0,16.0,0.0,struberg@13f79535-47bb-0310-9956-ffa450edef68,0,0.0,0.0,0.0,0.0,0.0,0.0,0.0,0,0,0.0,false
openjpa-examples/openbooks/src/main/java/jpa/tools/swing/PowerPointViewer.java,166.0,18.0,78.0,16.0,50.0,41.0,0.0,struberg@13f79535-47bb-0310-9956-ffa450edef68,0,0.0,0.0,0.0,0.0,0.0,0.0,0.0,0,0,0.0,false
openjpa-examples/openbooks/src/main/java/jpa/tools/swing/ScrollingTextPane.java,38.0,11.0,1.0,3.0,19.0,9.0,0.0,struberg@13f79535-47bb-0310-9956-ffa450edef68,0,0.0,0.0,0.0,0.0,0.0,0.0,0.0,0,0,0.0,false
openjpa-examples/openbooks/src/main/java/jpa/tools/swing/SourceCodeViewer.java,73.0,14.0,0.0,5.0,25.0,13.0,0.0,ppoddar@13f79535-47bb-0310-9956-ffa450edef68,0,0.0,0.0,0.0,0.0,0.0,0.0,0.0,0,0,0.0,false
openjpa-examples/openbooks/src/main/java/openbook/client/BuyBookPage.java,296.0,35.0,0.0,1.0,5.0,3.0,0.0,ppoddar@13f79535-47bb-0310-9956-ffa450edef68,0,0.0,0.0,0.0,0.0,0.0,0.0,0.0,0,1,0.0,false
openjpa-examples/openbooks/src/main/java/openbook/client/Images.java,62.0,6.0,6.0,4.0,11.0,12.0,0.0,ppoddar@13f79535-47bb-0310-9956-ffa450edef68,0,0.0,0.0,0.0,0.0,0.0,0.0,0.0,0,0,0.0,false
openjpa-examples/openbooks/src/main/java/openbook/client/SourceCodeBrowser.java,86.0,5.0,14.0,9.0,26.0,25.0,0.0,struberg@13f79535-47bb-0310-9956-ffa450edef68,0,0.0,0.0,0.0,0.0,0.0,0.0,0.0,0,0,0.0,false
openjpa-examples/openbooks/src/main/java/openbook/tools/parser/JavaLexer.java,2801.0,1.0,6549.0,115.0,267.0,323.0,0.0,struberg@13f79535-47bb-0310-9956-ffa450edef68,0,0.0,0.0,0.0,0.0,0.0,0.0,0.0,0,1,0.0,false
openjpa-integration/daytrader/src/test/java/org/apache/openjpa/integration/daytrader/TradeBuildDB.java,67.0,6.0,0.0,4.0,20.0,13.0,0.0,struberg@13f79535-47bb-0310-9956-ffa450edef68,0,0.0,0.0,0.0,0.0,0.0,0.0,0.0,0,0,0.0,false
openjpa-integration/validation/src/test/java/org/apache/openjpa/integration/validation/Book.java,59.0,7.0,33.0,10.0,0.0,14.0,0.0,struberg@13f79535-47bb-0310-9956-ffa450edef68,0,0.0,0.0,0.0,0.0,0.0,0.0,0.0,0,0,0.0,false
openjpa-integration/validation/src/test/java/org/apache/openjpa/integration/validation/ICustomer.java,6.0,0.0,6.0,4.0,0.0,4.0,0.0,struberg@13f79535-47bb-0310-9956-ffa450edef68,0,0.0,0.0,0.0,0.0,0.0,0.0,0.0,0,0,0.0,false
openjpa-integration/validation/src/test/java/org/apache/openjpa/integration/validation/TestValidatingLEM.java,160.0,13.0,15.0,6.0,84.0,21.0,0.0,dwoods@13f79535-47bb-0310-9956-ffa450edef68,0,0.0,0.0,0.0,0.0,0.0,0.0,0.0,0,2,0.0,false
openjpa-jdbc/src/main/java/org/apache/openjpa/jdbc/conf/JDBCConfigurationImpl.java,622.0,37.0,3393.0,87.0,190.0,182.0,0.0,null,0,0.0,0.0,0.0,0.0,0.0,0.0,0.0,0,2,0.0,false
openjpa-jdbc/src/main/java/org/apache/openjpa/jdbc/conf/JDBCProductDerivation.java,39.0,12.0,6.0,4.0,4.0,9.0,0.0,ppoddar@13f79535-47bb-0310-9956-ffa450edef68,0,0.0,0.0,0.0,0.0,0.0,0.0,0.0,0,0,0.0,false
openjpa-jdbc/src/main/java/org/apache/openjpa/jdbc/identifier/Normalizer.java,244.0,4.0,0.0,22.0,36.0,72.0,0.0,struberg@13f79535-47bb-0310-9956-ffa450edef68,0,0.0,0.0,0.0,0.0,0.0,0.0,0.0,0,0,0.0,false
openjpa-jdbc/src/main/java/org/apache/openjpa/jdbc/kernel/AbstractJDBCSeq.java,148.0,11.0,79.0,14.0,23.0,41.0,0.0,mikedd@13f79535-47bb-0310-9956-ffa450edef68,0,0.0,0.0,0.0,0.0,0.0,0.0,0.0,0,0,0.0,false
openjpa-jdbc/src/main/java/org/apache/openjpa/jdbc/kernel/AbstractUpdateManager.java,289.0,27.0,147.0,18.0,90.0,65.0,0.0,null,0,0.0,0.0,0.0,0.0,0.0,0.0,0.0,0,3,0.0,false
openjpa-jdbc/src/main/java/org/apache/openjpa/jdbc/kernel/MixedLockManager.java,63.0,14.0,10.0,5.0,23.0,15.0,0.0,allee8285@13f79535-47bb-0310-9956-ffa450edef68,0,0.0,0.0,0.0,0.0,0.0,0.0,0.0,0,3,0.0,false
openjpa-jdbc/src/main/java/org/apache/openjpa/jdbc/kernel/NativeJDBCSeq.java,314.0,25.0,177.0,27.0,86.0,75.0,4.0,null,1,0.021739130434782608,5.0,0.0,0.0,0.0,4.0,9.431921488911094,1,2,2.1972245773362196,false
openjpa-jdbc/src/main/java/org/apache/openjpa/jdbc/kernel/PessimisticLockManager.java,138.0,23.0,36.0,13.0,66.0,39.0,0.0,null,0,0.0,0.0,0.0,0.0,0.0,0.0,0.0,0,5,0.0,false
openjpa-jdbc/src/main/java/org/apache/openjpa/jdbc/kernel/exps/CurrentDate.java,51.0,8.0,0.0,6.0,10.0,16.0,0.0,struberg@13f79535-47bb-0310-9956-ffa450edef68,0,0.0,0.0,0.0,0.0,0.0,0.0,0.0,0,0,0.0,false
openjpa-jdbc/src/main/java/org/apache/openjpa/jdbc/kernel/exps/InExpression.java,139.0,13.0,0.0,11.0,43.0,32.0,0.0,struberg@13f79535-47bb-0310-9956-ffa450edef68,0,0.0,0.0,0.0,0.0,0.0,0.0,0.0,0,1,0.0,false
openjpa-jdbc/src/main/java/org/apache/openjpa/jdbc/meta/ReverseMappingTool.java,1486.0,77.0,4751.0,102.0,473.0,328.0,0.0,null,0,0.0,0.0,0.0,0.0,0.0,0.0,0.0,0,4,0.0,false
openjpa-jdbc/src/main/java/org/apache/openjpa/jdbc/meta/strats/ClassNameDiscriminatorStrategy.java,72.0,14.0,15.0,6.0,35.0,20.0,0.0,null,0,0.0,0.0,0.0,0.0,0.0,0.0,0.0,0,0,0.0,false
openjpa-jdbc/src/main/java/org/apache/openjpa/jdbc/meta/strats/ColumnVersionStrategy.java,219.0,27.0,134.0,17.0,114.0,67.0,0.0,ppoddar@13f79535-47bb-0310-9956-ffa450edef68,0,0.0,0.0,0.0,0.0,0.0,0.0,0.0,0,2,0.0,true
openjpa-jdbc/src/main/java/org/apache/openjpa/jdbc/meta/strats/NumberVersionStrategy.java,43.0,4.0,9.0,6.0,9.0,18.0,0.0,ppoddar@13f79535-47bb-0310-9956-ffa450edef68,0,0.0,0.0,0.0,0.0,0.0,0.0,0.0,0,2,0.0,true
openjpa-jdbc/src/main/java/org/apache/openjpa/jdbc/meta/strats/RelationCollectionInverseKeyFieldStrategy.java,38.0,15.0,45.0,10.0,3.0,22.0,0.0,struberg@13f79535-47bb-0310-9956-ffa450edef68,0,0.0,0.0,0.0,0.0,0.0,0.0,0.0,0,0,0.0,false
openjpa-jdbc/src/main/java/org/apache/openjpa/jdbc/meta/strats/RelationCollectionTableFieldStrategy.java,47.0,16.0,78.0,13.0,7.0,31.0,0.0,struberg@13f79535-47bb-0310-9956-ffa450edef68,0,0.0,0.0,0.0,0.0,0.0,0.0,0.0,0,0,0.0,false
openjpa-jdbc/src/main/java/org/apache/openjpa/jdbc/meta/strats/RelationFieldStrategy.java,639.0,49.0,978.0,45.0,452.0,187.0,0.0,faywang@13f79535-47bb-0310-9956-ffa450edef68,0,0.0,0.0,0.0,0.0,0.0,0.0,0.0,0,5,0.0,false
openjpa-jdbc/src/main/java/org/apache/openjpa/jdbc/meta/strats/RelationMapInverseKeyFieldStrategy.java,97.0,20.0,231.0,22.0,54.0,55.0,0.0,struberg@13f79535-47bb-0310-9956-ffa450edef68,0,0.0,0.0,0.0,0.0,0.0,0.0,0.0,0,0,0.0,false
openjpa-jdbc/src/main/java/org/apache/openjpa/jdbc/meta/strats/StateComparisonVersionStrategy.java,171.0,18.0,36.0,9.0,64.0,35.0,0.0,struberg@13f79535-47bb-0310-9956-ffa450edef68,0,0.0,0.0,0.0,0.0,0.0,0.0,0.0,0,0,0.0,false
openjpa-jdbc/src/main/java/org/apache/openjpa/jdbc/meta/strats/TimestampVersionStrategy.java,23.0,5.0,6.0,4.0,4.0,9.0,0.0,ppoddar@13f79535-47bb-0310-9956-ffa450edef68,0,0.0,0.0,0.0,0.0,0.0,0.0,0.0,0,3,0.0,false
openjpa-jdbc/src/main/java/org/apache/openjpa/jdbc/schema/DynamicSchemaFactory.java,131.0,7.0,76.0,13.0,14.0,29.0,0.0,null,0,0.0,0.0,0.0,0.0,0.0,0.0,0.0,0,1,0.0,false
openjpa-jdbc/src/main/java/org/apache/openjpa/jdbc/schema/ForeignKey.java,651.0,13.0,1719.0,62.0,156.0,207.0,0.0,null,0,0.0,0.0,0.0,0.0,0.0,0.0,0.0,0,1,0.0,false
openjpa-jdbc/src/main/java/org/apache/openjpa/jdbc/schema/LazySchemaFactory.java,121.0,9.0,133.0,18.0,25.0,38.0,0.0,struberg@13f79535-47bb-0310-9956-ffa450edef68,0,0.0,0.0,0.0,0.0,0.0,0.0,0.0,0,0,0.0,false
openjpa-jdbc/src/main/java/org/apache/openjpa/jdbc/schema/SchemaGenerator.java,677.0,23.0,651.0,42.0,266.0,160.0,1.0,jrbauer@13f79535-47bb-0310-9956-ffa450edef68,1,0.021739130434782608,6.0,0.0,0.0,0.0,406.42857142857144,2376.5308680324824,1,2,0.6931471805599453,false
openjpa-jdbc/src/main/java/org/apache/openjpa/jdbc/schema/Sequence.java,185.0,4.0,488.0,33.0,26.0,72.0,0.0,struberg@13f79535-47bb-0310-9956-ffa450edef68,0,0.0,0.0,0.0,0.0,0.0,0.0,0.0,0,0,0.0,false
openjpa-jdbc/src/main/java/org/apache/openjpa/jdbc/schema/Table.java,700.0,12.0,3280.0,84.0,241.0,266.0,0.0,null,0,0.0,0.0,0.0,0.0,0.0,0.0,0.0,0,2,0.0,false
openjpa-jdbc/src/main/java/org/apache/openjpa/jdbc/schema/TableSchemaFactory.java,335.0,25.0,137.0,23.0,124.0,67.0,0.0,null,0,0.0,0.0,0.0,0.0,0.0,0.0,0.0,0,1,0.0,false
openjpa-jdbc/src/main/java/org/apache/openjpa/jdbc/sql/AccessDictionary.java,41.0,3.0,1.0,2.0,5.0,8.0,0.0,null,0,0.0,0.0,0.0,0.0,0.0,0.0,0.0,0,0,0.0,false
openjpa-jdbc/src/main/java/org/apache/openjpa/jdbc/sql/DB2Dictionary.java,810.0,37.0,1381.0,54.0,225.0,189.0,1.0,null,1,0.021739130434782608,1.0,1.0,0.0,0.0,4.0,9.431921488911094,1,21,2.1972245773362196,true
openjpa-jdbc/src/main/java/org/apache/openjpa/jdbc/sql/DBDictionary.java,3924.0,107.0,52549.0,327.0,1135.0,1194.0,3.0,null,2,0.043478260869565216,1.0,1.0,0.0,0.0,137.6,256.0325316784092,2,30,1.1575038064963015,true
openjpa-jdbc/src/main/java/org/apache/openjpa/jdbc/sql/DerbyDictionary.java,99.0,6.0,15.0,6.0,15.0,22.0,0.0,null,0,0.0,0.0,0.0,0.0,0.0,0.0,0.0,0,5,0.0,false
openjpa-jdbc/src/main/java/org/apache/openjpa/jdbc/sql/MariaDBDictionary.java,266.0,23.0,276.0,24.0,73.0,86.0,0.0,struberg@13f79535-47bb-0310-9956-ffa450edef68,0,0.0,0.0,0.0,0.0,0.0,0.0,0.0,0,0,0.0,false
openjpa-jdbc/src/main/java/org/apache/openjpa/jdbc/sql/SQLExceptions.java,99.0,7.0,78.0,13.0,30.0,43.0,0.0,allee8285@13f79535-47bb-0310-9956-ffa450edef68,0,0.0,0.0,0.0,0.0,0.0,0.0,0.0,0,5,0.0,false
openjpa-jdbc/src/main/java/org/apache/openjpa/jdbc/sql/SybaseDictionary.java,251.0,22.0,147.0,18.0,70.0,64.0,0.0,mikedd@13f79535-47bb-0310-9956-ffa450edef68,0,0.0,0.0,0.0,0.0,0.0,0.0,0.0,0,3,0.0,false
openjpa-jest/src/test/java/org/apache/openjpa/persistence/jest/TestJEST.java,95.0,16.0,12.0,8.0,43.0,24.0,0.0,struberg@13f79535-47bb-0310-9956-ffa450edef68,0,0.0,0.0,0.0,0.0,0.0,0.0,0.0,0,0,0.0,false
openjpa-kernel/src/main/java/org/apache/openjpa/abstractstore/AbstractStoreBrokerFactory.java,61.0,13.0,9.0,6.0,24.0,18.0,0.0,null,0,0.0,0.0,0.0,0.0,0.0,0.0,0.0,0,2,0.0,false
openjpa-kernel/src/main/java/org/apache/openjpa/abstractstore/AbstractStoreManager.java,217.0,23.0,600.0,36.0,36.0,89.0,0.0,mikedd@13f79535-47bb-0310-9956-ffa450edef68,0,0.0,0.0,0.0,0.0,0.0,0.0,0.0,0,0,0.0,false
openjpa-kernel/src/main/java/org/apache/openjpa/conf/BrokerFactoryValue.java,40.0,8.0,0.0,3.0,7.0,5.0,0.0,struberg@13f79535-47bb-0310-9956-ffa450edef68,0,0.0,0.0,0.0,0.0,0.0,0.0,0.0,0,0,0.0,false
openjpa-kernel/src/main/java/org/apache/openjpa/conf/Specification.java,97.0,3.0,37.0,14.0,12.0,42.0,0.0,struberg@13f79535-47bb-0310-9956-ffa450edef68,0,0.0,0.0,0.0,0.0,0.0,0.0,0.0,0,0,0.0,false
openjpa-kernel/src/main/java/org/apache/openjpa/datacache/AbstractDataCache.java,356.0,23.0,1366.0,60.0,154.0,141.0,0.0,null,0,0.0,0.0,0.0,0.0,0.0,0.0,0.0,0,0,0.0,false
openjpa-kernel/src/main/java/org/apache/openjpa/datacache/CacheStatistics.java,105.0,4.0,276.0,24.0,0.0,36.0,0.0,curtisr7@13f79535-47bb-0310-9956-ffa450edef68,0,0.0,0.0,0.0,0.0,0.0,0.0,0.0,0,1,0.0,false
openjpa-kernel/src/main/java/org/apache/openjpa/datacache/ConcurrentDataCache.java,104.0,3.0,18.0,21.0,24.0,35.0,0.0,null,0,0.0,0.0,0.0,0.0,0.0,0.0,0.0,0,1,0.0,false
openjpa-kernel/src/main/java/org/apache/openjpa/datacache/DataCacheManagerImpl.java,137.0,13.0,86.0,17.0,40.0,44.0,1.0,curtisr7@13f79535-47bb-0310-9956-ffa450edef68,1,0.021739130434782608,6.0,0.0,0.0,0.0,406.42857142857144,2376.5308680324824,1,0,0.6931471805599453,true
openjpa-kernel/src/main/java/org/apache/openjpa/datacache/DataCacheStoreManager.java,595.0,23.0,91.0,23.0,215.0,87.0,7.0,null,1,0.021739130434782608,3.0,0.0,0.0,0.0,406.42857142857144,2376.5308680324824,1,7,0.6931471805599453,true
openjpa-kernel/src/main/java/org/apache/openjpa/datacache/QueryCacheStoreQuery.java,466.0,30.0,0.0,27.0,48.0,60.0,0.0,null,0,0.0,0.0,0.0,0.0,0.0,0.0,0.0,0,5,0.0,false
openjpa-kernel/src/main/java/org/apache/openjpa/ee/AbstractManagedRuntime.java,50.0,6.0,1.0,2.0,11.0,8.0,0.0,struberg@13f79535-47bb-0310-9956-ffa450edef68,0,0.0,0.0,0.0,0.0,0.0,0.0,0.0,0,0,0.0,false
openjpa-kernel/src/main/java/org/apache/openjpa/enhance/ApplicationIdTool.java,896.0,43.0,792.0,48.0,369.0,206.0,0.0,null,0,0.0,0.0,0.0,0.0,0.0,0.0,0.0,0,3,0.0,false
openjpa-kernel/src/main/java/org/apache/openjpa/enhance/CodeGenerator.java,403.0,17.0,385.0,31.0,125.0,92.0,8.0,curtisr7@13f79535-47bb-0310-9956-ffa450edef68,1,0.021739130434782608,14.0,0.0,14.0,0.0,406.42857142857144,2376.5308680324824,1,0,0.6931471805599453,true
openjpa-kernel/src/main/java/org/apache/openjpa/enhance/InstrumentationFactory.java,245.0,22.0,21.0,11.0,79.0,39.0,0.0,mikedd@13f79535-47bb-0310-9956-ffa450edef68,0,0.0,0.0,0.0,0.0,0.0,0.0,0.0,0,1,0.0,false
openjpa-kernel/src/main/java/org/apache/openjpa/enhance/PCEnhancer.java,3243.0,88.0,5164.0,136.0,1592.0,575.0,8.0,null,1,0.021739130434782608,2.0,0.0,2.0,0.0,406.42857142857144,2376.5308680324824,1,12,0.6931471805599453,true
openjpa-kernel/src/main/java/org/apache/openjpa/enhance/PCRegistry.java,189.0,8.0,113.0,18.0,34.0,56.0,0.0,null,0,0.0,0.0,0.0,0.0,0.0,0.0,0.0,0,2,0.0,false
openjpa-kernel/src/main/java/org/apache/openjpa/enhance/PCSubclassValidator.java,124.0,18.0,0.0,12.0,87.0,36.0,0.0,mikedd@13f79535-47bb-0310-9956-ffa450edef68,0,0.0,0.0,0.0,0.0,0.0,0.0,0.0,0,1,0.0,false
openjpa-kernel/src/main/java/org/apache/openjpa/enhance/Reflection.java,754.0,19.0,1557.0,67.0,232.0,244.0,8.0,null,1,0.021739130434782608,6.0,0.0,6.0,0.0,406.42857142857144,2376.5308680324824,1,2,0.6931471805599453,true
openjpa-kernel/src/main/java/org/apache/openjpa/instrumentation/AbstractDataCacheInstrument.java,148.0,8.0,251.0,30.0,43.0,73.0,0.0,curtisr7@13f79535-47bb-0310-9956-ffa450edef68,0,0.0,0.0,0.0,0.0,0.0,0.0,0.0,0,1,0.0,false
openjpa-kernel/src/main/java/org/apache/openjpa/instrumentation/DataCacheInstrument.java,93.0,2.0,231.0,22.0,0.0,32.0,0.0,curtisr7@13f79535-47bb-0310-9956-ffa450edef68,0,0.0,0.0,0.0,0.0,0.0,0.0,0.0,0,0,0.0,false
openjpa-kernel/src/main/java/org/apache/openjpa/kernel/AbstractBrokerFactory.java,572.0,47.0,647.0,47.0,233.0,141.0,0.0,null,0,0.0,0.0,0.0,0.0,0.0,0.0,0.0,0,10,0.0,true
openjpa-kernel/src/main/java/org/apache/openjpa/kernel/BrokerImpl.java,3825.0,77.0,30793.0,275.0,1240.0,909.0,0.0,null,0,0.0,0.0,0.0,0.0,0.0,0.0,0.0,0,21,0.0,true
openjpa-kernel/src/main/java/org/apache/openjpa/kernel/DelegatingBrokerFactory.java,191.0,4.0,0.0,25.0,41.0,78.0,0.0,null,0,0.0,0.0,0.0,0.0,0.0,0.0,0.0,0,0,0.0,false
openjpa-kernel/src/main/java/org/apache/openjpa/kernel/DetachedStateManager.java,701.0,19.0,7406.0,125.0,170.0,262.0,0.0,null,0,0.0,0.0,0.0,0.0,0.0,0.0,0.0,0,4,0.0,false
openjpa-kernel/src/main/java/org/apache/openjpa/kernel/DetachedValueStateManager.java,419.0,12.0,7220.0,121.0,45.0,241.0,0.0,null,0,0.0,0.0,0.0,0.0,0.0,0.0,0.0,0,1,0.0,false
openjpa-kernel/src/main/java/org/apache/openjpa/kernel/MethodStoreQuery.java,185.0,21.0,19.0,7.0,9.0,17.0,0.0,ppoddar@13f79535-47bb-0310-9956-ffa450edef68,0,0.0,0.0,0.0,0.0,0.0,0.0,0.0,0,1,0.0,false
openjpa-kernel/src/main/java/org/apache/openjpa/kernel/OpenJPAStateManager.java,327.0,7.0,2556.0,72.0,0.0,125.0,0.0,struberg@13f79535-47bb-0310-9956-ffa450edef68,0,0.0,0.0,0.0,0.0,0.0,0.0,0.0,0,1,0.0,true
openjpa-kernel/src/main/java/org/apache/openjpa/kernel/PCDataImpl.java,241.0,4.0,461.0,34.0,98.0,90.0,0.0,null,0,0.0,0.0,0.0,0.0,0.0,0.0,0.0,0,1,0.0,false
openjpa-kernel/src/main/java/org/apache/openjpa/kernel/PreparedQueryCache.java,116.0,3.0,136.0,17.0,0.0,38.0,0.0,ppoddar@13f79535-47bb-0310-9956-ffa450edef68,0,0.0,0.0,0.0,0.0,0.0,0.0,0.0,0,1,0.0,false
openjpa-kernel/src/main/java/org/apache/openjpa/kernel/StateManagerImpl.java,2388.0,48.0,14496.0,237.0,1113.0,710.0,0.0,null,0,0.0,0.0,0.0,0.0,0.0,0.0,0.0,0,16,0.0,true
openjpa-kernel/src/main/java/org/apache/openjpa/kernel/exps/Type.java,27.0,1.0,4.0,5.0,5.0,7.0,0.0,struberg@13f79535-47bb-0310-9956-ffa450edef68,0,0.0,0.0,0.0,0.0,0.0,0.0,0.0,0,0,0.0,false
openjpa-kernel/src/main/java/org/apache/openjpa/meta/AbstractMetaDataDefaults.java,242.0,12.0,604.0,36.0,68.0,99.0,0.0,null,0,0.0,0.0,0.0,0.0,0.0,0.0,0.0,0,3,0.0,false
openjpa-kernel/src/main/java/org/apache/openjpa/meta/ClassMetaData.java,1974.0,51.0,11613.0,167.0,561.0,534.0,1.0,null,1,0.021739130434782608,2.0,0.0,2.0,0.0,406.42857142857144,2376.5308680324824,1,8,0.6931471805599453,true
openjpa-kernel/src/main/java/org/apache/openjpa/meta/FieldMetaData.java,1733.0,47.0,13136.0,177.0,389.0,487.0,8.0,null,1,0.021739130434782608,2.0,0.0,2.0,0.0,406.42857142857144,2376.5308680324824,1,5,0.6931471805599453,true
openjpa-kernel/src/main/java/org/apache/openjpa/meta/ProxySetupStateManager.java,173.0,8.0,1007.0,47.0,37.0,96.0,0.0,null,0,0.0,0.0,0.0,0.0,0.0,0.0,0.0,0,1,0.0,false
openjpa-kernel/src/main/java/org/apache/openjpa/meta/QueryMetaData.java,227.0,10.0,607.0,38.0,19.0,77.0,0.0,null,0,0.0,0.0,0.0,0.0,0.0,0.0,0.0,0,0,0.0,false
openjpa-kernel/src/main/java/org/apache/openjpa/util/DelayedLinkedHashSetProxy.java,255.0,10.0,555.0,43.0,54.0,117.0,0.0,struberg@13f79535-47bb-0310-9956-ffa450edef68,0,0.0,0.0,0.0,0.0,0.0,0.0,0.0,0,1,0.0,false
openjpa-kernel/src/main/java/org/apache/openjpa/util/GeneratedClasses.java,49.0,4.0,3.0,3.0,12.0,13.0,0.0,mikedd@13f79535-47bb-0310-9956-ffa450edef68,0,0.0,0.0,0.0,0.0,0.0,0.0,0.0,0,0,0.0,false
openjpa-kernel/src/test/java/org/apache/openjpa/util/TestProxyManager.java,732.0,31.0,523.0,70.0,262.0,108.0,8.0,curtisr7@13f79535-47bb-0310-9956-ffa450edef68,1,0.021739130434782608,14.0,0.0,0.0,14.0,406.42857142857144,2376.5308680324824,1,2,0.6931471805599453,true
openjpa-lib/src/main/java/org/apache/openjpa/lib/conf/Configurations.java,495.0,26.0,454.0,32.0,157.0,132.0,0.0,null,0,0.0,0.0,0.0,0.0,0.0,0.0,0.0,0,3,0.0,false
openjpa-lib/src/main/java/org/apache/openjpa/lib/conf/ProductDerivations.java,333.0,18.0,73.0,19.0,70.0,80.0,0.0,null,0,0.0,0.0,0.0,0.0,0.0,0.0,0.0,0,5,0.0,false
openjpa-lib/src/main/java/org/apache/openjpa/lib/identifier/IdentifierRule.java,132.0,4.0,297.0,26.0,13.0,45.0,0.0,struberg@13f79535-47bb-0310-9956-ffa450edef68,0,0.0,0.0,0.0,0.0,0.0,0.0,0.0,0,0,0.0,false
openjpa-lib/src/main/java/org/apache/openjpa/lib/rop/AbstractResultList.java,51.0,3.0,87.0,14.0,15.0,28.0,0.0,null,0,0.0,0.0,0.0,0.0,0.0,0.0,0.0,0,1,0.0,false
openjpa-lib/src/main/java/org/apache/openjpa/lib/util/Files.java,197.0,20.0,55.0,11.0,65.0,57.0,0.0,struberg@13f79535-47bb-0310-9956-ffa450edef68,0,0.0,0.0,0.0,0.0,0.0,0.0,0.0,0,1,0.0,false
openjpa-lib/src/main/java/org/apache/openjpa/lib/util/StringDistance.java,98.0,2.0,28.0,8.0,16.0,27.0,0.0,struberg@13f79535-47bb-0310-9956-ffa450edef68,0,0.0,0.0,0.0,0.0,0.0,0.0,0.0,0,0,0.0,false
openjpa-lib/src/main/java/org/apache/openjpa/lib/util/TemporaryClassLoader.java,62.0,4.0,10.0,5.0,18.0,16.0,0.0,struberg@13f79535-47bb-0310-9956-ffa450edef68,0,0.0,0.0,0.0,0.0,0.0,0.0,0.0,0,0,0.0,false
openjpa-lib/src/main/java/org/apache/openjpa/lib/util/concurrent/NullSafeConcurrentHashMap.java,261.0,10.0,464.0,32.0,67.0,76.0,8.0,pcl@13f79535-47bb-0310-9956-ffa450edef68,1,0.021739130434782608,17.0,0.0,0.0,17.0,406.42857142857144,2376.5308680324824,1,0,0.6931471805599453,true
openjpa-lib/src/main/java/org/apache/openjpa/lib/util/concurrent/SizedConcurrentHashMap.java,66.0,6.0,0.0,11.0,16.0,26.0,8.0,pcl@13f79535-47bb-0310-9956-ffa450edef68,1,0.021739130434782608,17.0,0.0,0.0,17.0,406.42857142857144,2376.5308680324824,1,0,0.6931471805599453,true
openjpa-lib/src/test/java/org/apache/openjpa/lib/test/AbstractTestCase.java,682.0,46.0,1824.0,61.0,208.0,195.0,0.0,pcl@13f79535-47bb-0310-9956-ffa450edef68,0,0.0,0.0,0.0,0.0,0.0,0.0,0.0,0,0,0.0,false
openjpa-lib/src/test/java/org/apache/openjpa/lib/util/TestUUIDGenerator.java,65.0,6.0,36.0,9.0,33.0,25.0,0.0,mikedd@13f79535-47bb-0310-9956-ffa450edef68,0,0.0,0.0,0.0,0.0,0.0,0.0,0.0,0,1,0.0,false
openjpa-lib/src/test/java/org/apache/openjpa/lib/util/concurrent/TestConcurrentMap.java,87.0,9.0,8.0,8.0,39.0,20.0,8.0,pcl@13f79535-47bb-0310-9956-ffa450edef68,1,0.021739130434782608,20.0,0.0,0.0,20.0,406.42857142857144,2376.5308680324824,1,0,0.6931471805599453,true
openjpa-persistence-jdbc/src/test/java/org/apache/openjpa/audit/TestBeginEventOnTransactionListener.java,43.0,9.0,6.0,4.0,13.0,7.0,0.0,struberg@13f79535-47bb-0310-9956-ffa450edef68,0,0.0,0.0,0.0,0.0,0.0,0.0,0.0,0,1,0.0,true
openjpa-persistence-jdbc/src/test/java/org/apache/openjpa/audit/X.java,45.0,3.0,12.0,9.0,2.0,16.0,0.0,struberg@13f79535-47bb-0310-9956-ffa450edef68,0,0.0,0.0,0.0,0.0,0.0,0.0,0.0,0,0,0.0,true
openjpa-persistence-jdbc/src/test/java/org/apache/openjpa/jdbc/meta/strats/AbstractLobTest.java,207.0,17.0,253.0,23.0,191.0,37.0,0.0,null,0,0.0,0.0,0.0,0.0,0.0,0.0,0.0,0,1,0.0,false
openjpa-persistence-jdbc/src/test/java/org/apache/openjpa/openjpa2018/OpenJPA2018Test.java,101.0,9.0,15.0,6.0,72.0,9.0,0.0,struberg@13f79535-47bb-0310-9956-ffa450edef68,0,0.0,0.0,0.0,0.0,0.0,0.0,0.0,0,1,0.0,false
openjpa-persistence-jdbc/src/test/java/org/apache/openjpa/openjpa2018/User2018.java,3.0,3.0,0.0,0.0,0.0,0.0,0.0,struberg@13f79535-47bb-0310-9956-ffa450edef68,0,0.0,0.0,0.0,0.0,0.0,0.0,0.0,0,0,0.0,false
openjpa-persistence-jdbc/src/test/java/org/apache/openjpa/persistence/access/PropertyAccessCapitalization.java,137.0,3.0,496.0,33.0,17.0,51.0,8.0,curtisr7@13f79535-47bb-0310-9956-ffa450edef68,1,0.021739130434782608,100.0,0.0,100.0,0.0,406.42857142857144,2376.5308680324824,1,0,0.6931471805599453,true
openjpa-persistence-jdbc/src/test/java/org/apache/openjpa/persistence/access/PropertyAccessCapitalizationOldBehavior.java,137.0,5.0,496.0,33.0,17.0,51.0,8.0,curtisr7@13f79535-47bb-0310-9956-ffa450edef68,1,0.021739130434782608,100.0,0.0,100.0,0.0,406.42857142857144,2376.5308680324824,1,0,0.6931471805599453,true
openjpa-persistence-jdbc/src/test/java/org/apache/openjpa/persistence/access/TestPropertyAccessCapitalization.java,59.0,3.0,3.0,3.0,53.0,3.0,8.0,curtisr7@13f79535-47bb-0310-9956-ffa450edef68,1,0.021739130434782608,100.0,0.0,100.0,0.0,406.42857142857144,2376.5308680324824,1,0,0.6931471805599453,true
openjpa-persistence-jdbc/src/test/java/org/apache/openjpa/persistence/common/apps/Part.java,20.0,7.0,6.0,5.0,0.0,8.0,0.0,struberg@13f79535-47bb-0310-9956-ffa450edef68,0,0.0,0.0,0.0,0.0,0.0,0.0,0.0,0,0,0.0,false
openjpa-persistence-jdbc/src/test/java/org/apache/openjpa/persistence/criteria/TestTypesafeCriteria.java,1100.0,29.0,5659.0,107.0,952.0,140.0,0.0,ppoddar@13f79535-47bb-0310-9956-ffa450edef68,0,0.0,0.0,0.0,0.0,0.0,0.0,0.0,0,6,0.0,false
openjpa-persistence-jdbc/src/test/java/org/apache/openjpa/persistence/datacache/TestDataCacheStoreLazyFk.java,34.0,5.0,1.0,2.0,22.0,4.0,7.0,curtisr7@13f79535-47bb-0310-9956-ffa450edef68,1,0.021739130434782608,33.0,0.0,0.0,0.0,406.42857142857144,2376.5308680324824,1,0,0.6931471805599453,false
openjpa-persistence-jdbc/src/test/java/org/apache/openjpa/persistence/datacache/TestJPAEmbeddableDataCache.java,53.0,6.0,3.0,3.0,31.0,6.0,7.0,curtisr7@13f79535-47bb-0310-9956-ffa450edef68,1,0.021739130434782608,33.0,0.0,0.0,0.0,406.42857142857144,2376.5308680324824,1,0,0.6931471805599453,false
openjpa-persistence-jdbc/src/test/java/org/apache/openjpa/persistence/datacache/TestStatistics.java,221.0,7.0,0.0,14.0,92.0,24.0,7.0,curtisr7@13f79535-47bb-0310-9956-ffa450edef68,1,0.021739130434782608,10.0,0.0,0.0,0.0,406.42857142857144,2376.5308680324824,1,1,0.6931471805599453,false
openjpa-persistence-jdbc/src/test/java/org/apache/openjpa/persistence/datacache/entities/ContactInfo.java,28.0,3.0,24.0,8.0,0.0,12.0,7.0,curtisr7@13f79535-47bb-0310-9956-ffa450edef68,1,0.021739130434782608,33.0,0.0,0.0,0.0,406.42857142857144,2376.5308680324824,1,0,0.6931471805599453,false
openjpa-persistence-jdbc/src/test/java/org/apache/openjpa/persistence/datacache/entities/Person.java,35.0,8.0,41.0,10.0,0.0,15.0,7.0,curtisr7@13f79535-47bb-0310-9956-ffa450edef68,1,0.021739130434782608,33.0,0.0,0.0,0.0,406.42857142857144,2376.5308680324824,1,0,0.6931471805599453,false
openjpa-persistence-jdbc/src/test/java/org/apache/openjpa/persistence/datacache/entities/Phone.java,30.0,8.0,22.0,8.0,0.0,12.0,7.0,curtisr7@13f79535-47bb-0310-9956-ffa450edef68,1,0.021739130434782608,33.0,0.0,0.0,0.0,406.42857142857144,2376.5308680324824,1,0,0.6931471805599453,false
openjpa-persistence-jdbc/src/test/java/org/apache/openjpa/persistence/enhance/TestEmbeddableEntityWithIDAnnotation.java,18.0,4.0,1.0,2.0,11.0,2.0,0.0,curtisr7@13f79535-47bb-0310-9956-ffa450edef68,0,0.0,0.0,0.0,0.0,0.0,0.0,0.0,0,0,0.0,false
openjpa-persistence-jdbc/src/test/java/org/apache/openjpa/persistence/enhance/common/apps/EmbeddableEntityWithIDAnnotation.java,39.0,6.0,16.0,8.0,6.0,14.0,0.0,curtisr7@13f79535-47bb-0310-9956-ffa450edef68,0,0.0,0.0,0.0,0.0,0.0,0.0,0.0,0,0,0.0,false
openjpa-persistence-jdbc/src/test/java/org/apache/openjpa/persistence/enhance/common/apps/IDOwningClassTestEntity.java,4.0,2.0,0.0,0.0,0.0,0.0,0.0,curtisr7@13f79535-47bb-0310-9956-ffa450edef68,0,0.0,0.0,0.0,0.0,0.0,0.0,0.0,0,0,0.0,false
openjpa-persistence-jdbc/src/test/java/org/apache/openjpa/persistence/inheritance/mappedsuperclass/DerivedEntityFromMappedSuperWithoutId.java,27.0,3.0,9.0,6.0,0.0,9.0,0.0,struberg@13f79535-47bb-0310-9956-ffa450edef68,0,0.0,0.0,0.0,0.0,0.0,0.0,0.0,0,0,0.0,true
openjpa-persistence-jdbc/src/test/java/org/apache/openjpa/persistence/jdbc/common/apps/mappingApp/SQLMapOrder.java,37.0,2.0,18.0,9.0,1.0,13.0,0.0,struberg@13f79535-47bb-0310-9956-ffa450edef68,0,0.0,0.0,0.0,0.0,0.0,0.0,0.0,0,0,0.0,false
openjpa-persistence-jdbc/src/test/java/org/apache/openjpa/persistence/jdbc/common/apps/mappingApp/SQLMapPerson.java,35.0,2.0,10.0,9.0,1.0,12.0,0.0,struberg@13f79535-47bb-0310-9956-ffa450edef68,0,0.0,0.0,0.0,0.0,0.0,0.0,0.0,0,0,0.0,false
openjpa-persistence-jdbc/src/test/java/org/apache/openjpa/persistence/jdbc/kernel/TestEmbeddedPessimisticLocking.java,155.0,9.0,2.0,9.0,100.0,12.0,0.0,struberg@13f79535-47bb-0310-9956-ffa450edef68,0,0.0,0.0,0.0,0.0,0.0,0.0,0.0,0,1,0.0,false
openjpa-persistence-jdbc/src/test/java/org/apache/openjpa/persistence/jdbc/kernel/TestPagingResultObjectProvider.java,357.0,12.0,188.0,20.0,241.0,44.0,0.0,struberg@13f79535-47bb-0310-9956-ffa450edef68,0,0.0,0.0,0.0,0.0,0.0,0.0,0.0,0,1,0.0,false
openjpa-persistence-jdbc/src/test/java/org/apache/openjpa/persistence/jdbc/meta/TestEagerOuterToManyJoins.java,674.0,7.0,1081.0,47.0,371.0,75.0,0.0,struberg@13f79535-47bb-0310-9956-ffa450edef68,0,0.0,0.0,0.0,0.0,0.0,0.0,0.0,0,1,0.0,false
openjpa-persistence-jdbc/src/test/java/org/apache/openjpa/persistence/jdbc/meta/TestIrregularJoins.java,261.0,3.0,517.0,34.0,163.0,35.0,0.0,struberg@13f79535-47bb-0310-9956-ffa450edef68,0,0.0,0.0,0.0,0.0,0.0,0.0,0.0,0,1,0.0,false
openjpa-persistence-jdbc/src/test/java/org/apache/openjpa/persistence/jdbc/meta/TestRangeQuery.java,50.0,8.0,10.0,5.0,29.0,8.0,0.0,struberg@13f79535-47bb-0310-9956-ffa450edef68,0,0.0,0.0,0.0,0.0,0.0,0.0,0.0,0,1,0.0,false
openjpa-persistence-jdbc/src/test/java/org/apache/openjpa/persistence/jdbc/meta/TestUseSchemaElement.java,82.0,10.0,3.0,3.0,25.0,11.0,0.0,struberg@13f79535-47bb-0310-9956-ffa450edef68,0,0.0,0.0,0.0,0.0,0.0,0.0,0.0,0,2,0.0,true
openjpa-persistence-jdbc/src/test/java/org/apache/openjpa/persistence/jpql/version/type/LongVersionEntity.java,13.0,2.0,1.0,3.0,0.0,5.0,0.0,struberg@13f79535-47bb-0310-9956-ffa450edef68,0,0.0,0.0,0.0,0.0,0.0,0.0,0.0,0,0,0.0,true
openjpa-persistence-jdbc/src/test/java/org/apache/openjpa/persistence/meta/TestMetaDataRepository.java,53.0,11.0,4.0,5.0,29.0,6.0,0.0,curtisr7@13f79535-47bb-0310-9956-ffa450edef68,0,0.0,0.0,0.0,0.0,0.0,0.0,0.0,0,2,0.0,false
openjpa-persistence-jdbc/src/test/java/org/apache/openjpa/persistence/temporal/TestTemporalTimestamp.java,90.0,10.0,0.0,6.0,80.0,12.0,3.0,hthomann@13f79535-47bb-0310-9956-ffa450edef68,1,0.021739130434782608,50.0,50.0,0.0,0.0,133.6,246.60061018949813,1,0,1.5040773967762742,false
openjpa-persistence/src/main/java/org/apache/openjpa/persistence/AbstractQuery.java,464.0,20.0,800.0,44.0,157.0,142.0,0.0,curtisr7@13f79535-47bb-0310-9956-ffa450edef68,0,0.0,0.0,0.0,0.0,0.0,0.0,0.0,0,0,0.0,false
openjpa-persistence/src/main/java/org/apache/openjpa/persistence/AnnotationPersistenceXMLMetaDataParser.java,171.0,15.0,25.0,11.0,46.0,35.0,0.0,null,0,0.0,0.0,0.0,0.0,0.0,0.0,0.0,0,0,0.0,false
openjpa-persistence/src/main/java/org/apache/openjpa/persistence/EntityManagerFactoryImpl.java,256.0,28.0,106.0,33.0,87.0,83.0,0.0,null,0,0.0,0.0,0.0,0.0,0.0,0.0,0.0,0,3,0.0,false
openjpa-persistence/src/main/java/org/apache/openjpa/persistence/EntityManagerImpl.java,1371.0,70.0,0.0,228.0,640.0,460.0,1.0,ppoddar@13f79535-47bb-0310-9956-ffa450edef68,1,0.021739130434782608,1.0,0.0,0.0,0.0,406.42857142857144,2376.5308680324824,1,11,0.6931471805599453,false
openjpa-persistence/src/main/java/org/apache/openjpa/persistence/JPAFacadeHelper.java,212.0,26.0,56.0,12.0,54.0,55.0,0.0,null,0,0.0,0.0,0.0,0.0,0.0,0.0,0.0,0,2,0.0,true
openjpa-persistence/src/main/java/org/apache/openjpa/persistence/JPAProperties.java,132.0,7.0,43.0,10.0,30.0,33.0,0.0,ppoddar@13f79535-47bb-0310-9956-ffa450edef68,0,0.0,0.0,0.0,0.0,0.0,0.0,0.0,0,0,0.0,false
openjpa-persistence/src/main/java/org/apache/openjpa/persistence/MetaDataParsers.java,45.0,9.0,1.0,2.0,12.0,11.0,0.0,ppoddar@13f79535-47bb-0310-9956-ffa450edef68,0,0.0,0.0,0.0,0.0,0.0,0.0,0.0,0,2,0.0,false
openjpa-persistence/src/main/java/org/apache/openjpa/persistence/PersistenceExceptions.java,213.0,14.0,89.0,14.0,59.0,58.0,0.0,ppoddar@13f79535-47bb-0310-9956-ffa450edef68,0,0.0,0.0,0.0,0.0,0.0,0.0,0.0,0,10,0.0,false
openjpa-persistence/src/main/java/org/apache/openjpa/persistence/PersistenceMetaDataDefaults.java,602.0,54.0,649.0,39.0,199.0,129.0,5.0,null,1,0.021739130434782608,5.0,0.0,2.0,0.0,406.42857142857144,2376.5308680324824,1,6,0.6931471805599453,true
openjpa-persistence/src/main/java/org/apache/openjpa/persistence/PersistenceMetaDataFactory.java,357.0,43.0,906.0,44.0,124.0,120.0,2.0,null,1,0.021739130434782608,4.0,0.0,0.0,0.0,406.42857142857144,2376.5308680324824,1,2,0.6931471805599453,false
openjpa-persistence/src/main/java/org/apache/openjpa/persistence/QueryImpl.java,460.0,39.0,70.0,56.0,179.0,157.0,0.0,ppoddar@13f79535-47bb-0310-9956-ffa450edef68,0,0.0,0.0,0.0,0.0,0.0,0.0,0.0,0,12,0.0,false
openjpa-persistence/src/main/java/org/apache/openjpa/persistence/criteria/BindableParameter.java,4.0,0.0,1.0,2.0,0.0,2.0,0.0,struberg@13f79535-47bb-0310-9956-ffa450edef68,0,0.0,0.0,0.0,0.0,0.0,0.0,0.0,0,0,0.0,false
openjpa-persistence/src/main/java/org/apache/openjpa/persistence/criteria/CriteriaBuilderImpl.java,514.0,29.0,11145.0,150.0,50.0,316.0,0.0,ppoddar@13f79535-47bb-0310-9956-ffa450edef68,0,0.0,0.0,0.0,0.0,0.0,0.0,0.0,0,0,0.0,false
openjpa-persistence/src/main/java/org/apache/openjpa/persistence/criteria/CriteriaQueryImpl.java,502.0,33.0,1719.0,63.0,146.0,181.0,0.0,ppoddar@13f79535-47bb-0310-9956-ffa450edef68,0,0.0,0.0,0.0,0.0,0.0,0.0,0.0,0,3,0.0,true
openjpa-persistence/src/main/java/org/apache/openjpa/persistence/criteria/Expressions.java,1360.0,21.0,36.0,9.0,18.0,31.0,0.0,ppoddar@13f79535-47bb-0310-9956-ffa450edef68,0,0.0,0.0,0.0,0.0,0.0,0.0,0.0,0,1,0.0,true
openjpa-persistence/src/main/java/org/apache/openjpa/persistence/criteria/Joins.java,513.0,29.0,3.0,3.0,9.0,11.0,0.0,ppoddar@13f79535-47bb-0310-9956-ffa450edef68,0,0.0,0.0,0.0,0.0,0.0,0.0,0.0,0,1,0.0,true
openjpa-persistence/src/main/java/org/apache/openjpa/persistence/criteria/OpenJPACriteriaBuilder.java,55.0,6.0,36.0,9.0,0.0,17.0,0.0,ppoddar@13f79535-47bb-0310-9956-ffa450edef68,0,0.0,0.0,0.0,0.0,0.0,0.0,0.0,0,0,0.0,false
openjpa-persistence/src/main/java/org/apache/openjpa/persistence/criteria/OpenJPACriteriaQuery.java,18.0,1.0,1.0,2.0,0.0,4.0,0.0,struberg@13f79535-47bb-0310-9956-ffa450edef68,0,0.0,0.0,0.0,0.0,0.0,0.0,0.0,0,0,0.0,false
openjpa-persistence/src/main/java/org/apache/openjpa/persistence/criteria/ParameterExpressionImpl.java,62.0,5.0,21.0,10.0,12.0,20.0,0.0,ppoddar@13f79535-47bb-0310-9956-ffa450edef68,0,0.0,0.0,0.0,0.0,0.0,0.0,0.0,0,0,0.0,false
openjpa-persistence/src/main/java/org/apache/openjpa/persistence/criteria/PathImpl.java,234.0,17.0,120.0,24.0,73.0,69.0,0.0,ppoddar@13f79535-47bb-0310-9956-ffa450edef68,0,0.0,0.0,0.0,0.0,0.0,0.0,0.0,0,1,0.0,false
openjpa-persistence/src/main/java/org/apache/openjpa/persistence/criteria/SelectionImpl.java,91.0,4.0,73.0,14.0,18.0,32.0,0.0,ppoddar@13f79535-47bb-0310-9956-ffa450edef68,0,0.0,0.0,0.0,0.0,0.0,0.0,0.0,0,0,0.0,false
openjpa-persistence/src/main/java/org/apache/openjpa/persistence/criteria/SubqueryImpl.java,246.0,28.0,276.0,41.0,80.0,97.0,0.0,ppoddar@13f79535-47bb-0310-9956-ffa450edef68,0,0.0,0.0,0.0,0.0,0.0,0.0,0.0,0,2,0.0,false
openjpa-persistence/src/main/java/org/apache/openjpa/persistence/meta/SourceAnnotationHandler.java,500.0,38.0,867.0,43.0,170.0,150.0,0.0,ppoddar@13f79535-47bb-0310-9956-ffa450edef68,0,0.0,0.0,0.0,0.0,0.0,0.0,0.0,0,0,0.0,false
openjpa-persistence/src/main/java/org/apache/openjpa/persistence/query/ConstantExpression.java,16.0,0.0,1.0,3.0,2.0,5.0,0.0,struberg@13f79535-47bb-0310-9956-ffa450edef68,0,0.0,0.0,0.0,0.0,0.0,0.0,0.0,0,0,0.0,false
openjpa-persistence/src/main/java/org/apache/openjpa/persistence/query/ExpressionImpl.java,314.0,2.0,5151.0,102.0,0.0,205.0,0.0,ppoddar@13f79535-47bb-0310-9956-ffa450edef68,0,0.0,0.0,0.0,0.0,0.0,0.0,0.0,0,0,0.0,false
openjpa-persistence/src/main/java/org/apache/openjpa/persistence/validation/TraversableResolverImpl.java,19.0,6.0,3.0,3.0,2.0,7.0,0.0,dwoods@13f79535-47bb-0310-9956-ffa450edef68,0,0.0,0.0,0.0,0.0,0.0,0.0,0.0,0,1,0.0,false
openjpa-slice/src/main/java/org/apache/openjpa/slice/DistributedBrokerImpl.java,107.0,9.0,70.0,13.0,22.0,29.0,0.0,ppoddar@13f79535-47bb-0310-9956-ffa450edef68,0,0.0,0.0,0.0,0.0,0.0,0.0,0.0,0,2,0.0,true
openjpa-slice/src/main/java/org/apache/openjpa/slice/SliceImplHelper.java,62.0,4.0,15.0,6.0,18.0,24.0,0.0,ppoddar@13f79535-47bb-0310-9956-ffa450edef68,0,0.0,0.0,0.0,0.0,0.0,0.0,0.0,0,1,0.0,false
openjpa-slice/src/main/java/org/apache/openjpa/slice/jdbc/DistributedSQLStoreQuery.java,199.0,21.0,4.0,5.0,9.0,9.0,0.0,struberg@13f79535-47bb-0310-9956-ffa450edef68,0,0.0,0.0,0.0,0.0,0.0,0.0,0.0,0,0,0.0,false
openjpa-slice/src/main/java/org/apache/openjpa/slice/jdbc/DistributedStoreQuery.java,199.0,23.0,2.0,5.0,10.0,9.0,0.0,ppoddar@13f79535-47bb-0310-9956-ffa450edef68,0,0.0,0.0,0.0,0.0,0.0,0.0,0.0,0,4,0.0,true
openjpa-slice/src/main/java/org/apache/openjpa/slice/jdbc/UniqueResultObjectProvider.java,138.0,8.0,35.0,14.0,40.0,44.0,0.0,ppoddar@13f79535-47bb-0310-9956-ffa450edef68,0,0.0,0.0,0.0,0.0,0.0,0.0,0.0,0,2,0.0,false
openjpa-slice/src/test/java/org/apache/openjpa/slice/TestBulkDelete.java,55.0,4.0,6.0,4.0,24.0,10.0,0.0,struberg@13f79535-47bb-0310-9956-ffa450edef68,0,0.0,0.0,0.0,0.0,0.0,0.0,0.0,0,0,0.0,false
openjpa-slice/src/test/java/org/apache/openjpa/slice/policy/EvenOddDistributionPolicy.java,22.0,2.0,3.0,3.0,5.0,8.0,0.0,ppoddar@13f79535-47bb-0310-9956-ffa450edef68,0,0.0,0.0,0.0,0.0,0.0,0.0,0.0,0,2,0.0,false
openjpa-tools/openjpa-fetch-statistics/src/test/java/org/apache/openjpa/enhance/stats/TestFetchStatistics.java,91.0,6.0,55.0,11.0,46.0,14.0,0.0,curtisr7@13f79535-47bb-0310-9956-ffa450edef68,0,0.0,0.0,0.0,0.0,0.0,0.0,0.0,0,0,0.0,false
