name,LOC,CBO,LCOM,NOM,RFC,WMC,ACS,Ownership,numOfChanges,numberOfFIChanges,ENH,NF,BugFixing,REF,structuralWorkloadSum,semanticWorkloadSum,numberOfDeveloper,pastFaults,MAF,isBuggy
openjpa-jdbc/src/main/java/org/apache/openjpa/jdbc/conf/JDBCConfigurationImpl.java,622.0,37.0,3393.0,87.0,189.0,182.0,1.0,null,1,0.002890173410404624,3.0,0.0,0.0,3.0,4822.518072289156,303557.17430287955,1,2,0.21357410029805904,false
openjpa-jdbc/src/main/java/org/apache/openjpa/jdbc/kernel/FinderQueryImpl.java,112.0,21.0,15.0,10.0,33.0,32.0,6.0,null,1,0.002890173410404624,9.0,0.0,0.0,0.0,132.1818181818182,281.1850946757528,1,0,1.8718021769015913,false
openjpa-jdbc/src/main/java/org/apache/openjpa/jdbc/kernel/PessimisticLockManager.java,138.0,24.0,36.0,13.0,67.0,39.0,3.0,null,1,0.002890173410404624,7.0,0.0,7.0,0.0,132.1818181818182,281.1850946757528,1,5,1.8718021769015913,false
openjpa-jdbc/src/main/java/org/apache/openjpa/jdbc/meta/FieldMapping.java,926.0,34.0,8374.0,144.0,362.0,345.0,0.0,null,0,0.0,0.0,0.0,0.0,0.0,0.0,0.0,0,6,0.0,true
openjpa-jdbc/src/main/java/org/apache/openjpa/jdbc/meta/ValueMappingImpl.java,374.0,20.0,880.0,49.0,133.0,136.0,0.0,faywang@13f79535-47bb-0310-9956-ffa450edef68,0,0.0,0.0,0.0,0.0,0.0,0.0,0.0,0,1,0.0,false
openjpa-jdbc/src/main/java/org/apache/openjpa/jdbc/meta/strats/StoreCollectionFieldStrategy.java,374.0,30.0,378.0,28.0,203.0,95.0,3.0,null,1,0.002890173410404624,3.0,0.0,0.0,3.0,4822.518072289156,303557.17430287955,1,3,0.21357410029805904,false
openjpa-jdbc/src/main/java/org/apache/openjpa/jdbc/sql/BooleanRepresentation.java,18.0,3.0,3.0,3.0,0.0,7.0,7.0,struberg@13f79535-47bb-0310-9956-ffa450edef68,1,0.002890173410404624,100.0,50.0,50.0,0.0,4822.518072289156,303557.17430287955,1,0,0.21357410029805904,false
openjpa-jdbc/src/main/java/org/apache/openjpa/jdbc/sql/BooleanRepresentationFactory.java,94.0,8.0,0.0,1.0,9.0,8.0,5.0,struberg@13f79535-47bb-0310-9956-ffa450edef68,1,0.002890173410404624,100.0,100.0,0.0,0.0,4822.518072289156,303557.17430287955,1,0,0.21357410029805904,false
openjpa-jdbc/src/main/java/org/apache/openjpa/jdbc/sql/DBDictionary.java,3933.0,108.0,53144.0,329.0,1137.0,1200.0,23.0,null,1,0.002890173410404624,3.0,1.0,1.0,1.0,4822.518072289156,303557.17430287955,1,31,0.21357410029805904,true
openjpa-jdbc/src/main/java/org/apache/openjpa/jdbc/sql/DBDictionaryFactory.java,181.0,16.0,21.0,7.0,173.0,35.0,135.0,null,1,0.002890173410404624,9.0,0.0,5.0,5.0,4822.518072289156,303557.17430287955,1,1,0.21357410029805904,true
openjpa-jdbc/src/main/java/org/apache/openjpa/jdbc/sql/InformixDictionary.java,245.0,23.0,205.0,22.0,76.0,84.0,1.0,null,2,0.005780346820809248,7.0,0.0,0.0,0.0,132.1818181818182,281.1850946757528,2,6,1.8718021769015913,false
openjpa-jdbc/src/main/java/org/apache/openjpa/jdbc/sql/PostgresDictionary.java,709.0,42.0,758.0,40.0,187.0,160.0,30.0,null,1,0.002890173410404624,7.0,2.0,2.0,2.0,4822.518072289156,303557.17430287955,1,4,0.21357410029805904,true
openjpa-jdbc/src/main/java/org/apache/openjpa/jdbc/sql/PrimaryRow.java,312.0,11.0,475.0,35.0,75.0,107.0,132.0,null,1,0.002890173410404624,18.0,0.0,0.0,9.0,4822.518072289156,303557.17430287955,1,1,0.21357410029805904,true
openjpa-jdbc/src/main/java/org/apache/openjpa/jdbc/sql/SQLBuffer.java,470.0,20.0,356.0,40.0,107.0,127.0,7.0,null,1,0.002890173410404624,3.0,3.0,0.0,0.0,4822.518072289156,303557.17430287955,1,5,0.21357410029805904,true
openjpa-jdbc/src/test/java/org/apache/openjpa/jdbc/sql/TestBooleanRepresentation.java,86.0,9.0,6.0,4.0,20.0,20.0,7.0,struberg@13f79535-47bb-0310-9956-ffa450edef68,1,0.002890173410404624,100.0,50.0,50.0,0.0,4822.518072289156,303557.17430287955,1,0,0.21357410029805904,false
openjpa-kernel/src/main/java/org/apache/openjpa/kernel/StateManagerImpl.java,2420.0,50.0,14693.0,238.0,1126.0,716.0,2.0,null,2,0.005780346820809248,2.0,0.0,1.0,1.0,4954.699890470974,303838.3593975553,2,17,0.34954095803987995,true
openjpa-kernel/src/main/java/org/apache/openjpa/meta/FieldMetaData.java,1737.0,47.0,13233.0,178.0,390.0,488.0,0.0,null,0,0.0,0.0,0.0,0.0,0.0,0.0,0.0,0,6,0.0,true
openjpa-kernel/src/main/java/org/apache/openjpa/meta/MetaDataDefaults.java,87.0,3.0,153.0,18.0,0.0,28.0,75.0,faywang@13f79535-47bb-0310-9956-ffa450edef68,1,0.002890173410404624,10.0,0.0,0.0,10.0,4822.518072289156,303557.17430287955,1,1,0.21357410029805904,false
openjpa-kernel/src/main/java/org/apache/openjpa/meta/MetaDataRepository.java,1819.0,39.0,7289.0,142.0,457.0,512.0,0.0,null,0,0.0,0.0,0.0,0.0,0.0,0.0,0.0,0,7,0.0,true
openjpa-kernel/src/main/java/org/apache/openjpa/meta/NoneMetaDataFactory.java,111.0,7.0,741.0,39.0,0.0,65.0,262.0,null,1,0.002890173410404624,6.0,0.0,0.0,6.0,4822.518072289156,303557.17430287955,1,1,0.21357410029805904,false
openjpa-kernel/src/main/java/org/apache/openjpa/meta/ValueMetaData.java,197.0,1.0,861.0,42.0,0.0,79.0,0.0,faywang@13f79535-47bb-0310-9956-ffa450edef68,0,0.0,0.0,0.0,0.0,0.0,0.0,0.0,0,0,0.0,false
openjpa-kernel/src/main/java/org/apache/openjpa/meta/ValueMetaDataImpl.java,332.0,3.0,550.0,48.0,108.0,123.0,168.0,null,1,0.002890173410404624,14.0,0.0,0.0,14.0,4822.518072289156,303557.17430287955,1,0,0.21357410029805904,false
openjpa-lib/src/main/java/org/apache/openjpa/lib/identifier/IdentifierRule.java,132.0,3.0,297.0,26.0,13.0,45.0,3.0,struberg@13f79535-47bb-0310-9956-ffa450edef68,1,0.002890173410404624,20.0,0.0,0.0,20.0,4822.518072289156,303557.17430287955,1,1,0.21357410029805904,false
openjpa-lib/src/main/java/org/apache/openjpa/lib/util/MultiClassLoader.java,190.0,9.0,0.0,20.0,55.0,60.0,0.0,null,0,0.0,0.0,0.0,0.0,0.0,0.0,0.0,0,1,0.0,true
openjpa-persistence-jdbc/src/test/java/org/apache/openjpa/persistence/TestOpenJPA2330.java,48.0,7.0,3.0,3.0,23.0,3.0,2.0,curtisr7@13f79535-47bb-0310-9956-ffa450edef68,1,0.002890173410404624,50.0,0.0,0.0,0.0,4822.518072289156,303557.17430287955,1,1,0.21357410029805904,true
openjpa-persistence-jdbc/src/test/java/org/apache/openjpa/persistence/cascade/pudefault/AnEmbeddable.java,14.0,2.0,0.0,4.0,0.0,6.0,0.0,jgrassel@13f79535-47bb-0310-9956-ffa450edef68,0,0.0,0.0,0.0,0.0,0.0,0.0,0.0,0,0,0.0,false
openjpa-persistence-jdbc/src/test/java/org/apache/openjpa/persistence/cascade/pudefault/EmbeddableWithRelationships.java,37.0,7.0,11.0,10.0,0.0,15.0,0.0,jgrassel@13f79535-47bb-0310-9956-ffa450edef68,0,0.0,0.0,0.0,0.0,0.0,0.0,0.0,0,0,0.0,false
openjpa-persistence-jdbc/src/test/java/org/apache/openjpa/persistence/cascade/pudefault/PUDEntityA01.java,51.0,11.0,45.0,14.0,0.0,21.0,0.0,jgrassel@13f79535-47bb-0310-9956-ffa450edef68,0,0.0,0.0,0.0,0.0,0.0,0.0,0.0,0,0,0.0,false
openjpa-persistence-jdbc/src/test/java/org/apache/openjpa/persistence/cascade/pudefault/PUDEntityA02.java,29.0,6.0,4.0,8.0,0.0,12.0,0.0,jgrassel@13f79535-47bb-0310-9956-ffa450edef68,0,0.0,0.0,0.0,0.0,0.0,0.0,0.0,0,0,0.0,false
openjpa-persistence-jdbc/src/test/java/org/apache/openjpa/persistence/cascade/pudefault/PUDEntityAE01.java,58.0,12.0,68.0,16.0,0.0,24.0,0.0,jgrassel@13f79535-47bb-0310-9956-ffa450edef68,0,0.0,0.0,0.0,0.0,0.0,0.0,0.0,0,0,0.0,false
openjpa-persistence-jdbc/src/test/java/org/apache/openjpa/persistence/cascade/pudefault/PUDEntityB.java,21.0,5.0,3.0,6.0,0.0,9.0,0.0,jgrassel@13f79535-47bb-0310-9956-ffa450edef68,0,0.0,0.0,0.0,0.0,0.0,0.0,0.0,0,0,0.0,false
openjpa-persistence-jdbc/src/test/java/org/apache/openjpa/persistence/cascade/pudefault/TestNoPUDefaultCascadePersist.java,213.0,2.0,36.0,9.0,92.0,38.0,0.0,jgrassel@13f79535-47bb-0310-9956-ffa450edef68,0,0.0,0.0,0.0,0.0,0.0,0.0,0.0,0,0,0.0,false
openjpa-persistence-jdbc/src/test/java/org/apache/openjpa/persistence/cascade/pudefault/TestPUDefaultCascadePersist.java,407.0,4.0,0.0,14.0,198.0,34.0,0.0,hthomann@13f79535-47bb-0310-9956-ffa450edef68,0,0.0,0.0,0.0,0.0,0.0,0.0,0.0,0,0,0.0,true
openjpa-persistence-jdbc/src/test/java/org/apache/openjpa/persistence/fetchgroups/TestFetchGroups.java,984.0,7.0,0.0,19.0,377.0,35.0,2.0,hthomann@13f79535-47bb-0310-9956-ffa450edef68,1,0.002890173410404624,50.0,0.0,50.0,0.0,132.1818181818182,281.1850946757528,1,0,1.8718021769015913,false
openjpa-persistence-jdbc/src/test/java/org/apache/openjpa/persistence/jdbc/dbcs/TestDBCS.java,7.0,3.0,1.0,2.0,1.0,2.0,0.0,curtisr7@13f79535-47bb-0310-9956-ffa450edef68,0,0.0,0.0,0.0,0.0,0.0,0.0,0.0,0,1,0.0,false
openjpa-persistence-jdbc/src/test/java/org/apache/openjpa/persistence/jdbc/query/xml/TableNameInXmlEntity.java,11.0,4.0,0.0,2.0,0.0,3.0,0.0,curtisr7@13f79535-47bb-0310-9956-ffa450edef68,0,0.0,0.0,0.0,0.0,0.0,0.0,0.0,0,1,0.0,false
openjpa-persistence-jdbc/src/test/java/org/apache/openjpa/persistence/jdbc/query/xml/TestTableNameInXml.java,36.0,3.0,4.0,5.0,19.0,6.0,0.0,curtisr7@13f79535-47bb-0310-9956-ffa450edef68,0,0.0,0.0,0.0,0.0,0.0,0.0,0.0,0,1,0.0,false
openjpa-persistence-jdbc/src/test/java/org/apache/openjpa/persistence/jdbc/sqlcache/discrim/AbstractExtValue.java,27.0,5.0,0.0,4.0,3.0,9.0,6.0,hthomann@13f79535-47bb-0310-9956-ffa450edef68,1,0.002890173410404624,100.0,0.0,0.0,0.0,132.1818181818182,281.1850946757528,1,0,1.8718021769015913,false
openjpa-persistence-jdbc/src/test/java/org/apache/openjpa/persistence/jdbc/sqlcache/discrim/ComposedPK.java,45.0,2.0,0.0,8.0,3.0,14.0,6.0,hthomann@13f79535-47bb-0310-9956-ffa450edef68,1,0.002890173410404624,100.0,0.0,0.0,0.0,132.1818181818182,281.1850946757528,1,0,1.8718021769015913,false
openjpa-persistence-jdbc/src/test/java/org/apache/openjpa/persistence/jdbc/sqlcache/discrim/ExtValue1.java,3.0,3.0,0.0,0.0,0.0,0.0,6.0,hthomann@13f79535-47bb-0310-9956-ffa450edef68,1,0.002890173410404624,100.0,0.0,0.0,0.0,132.1818181818182,281.1850946757528,1,0,1.8718021769015913,false
openjpa-persistence-jdbc/src/test/java/org/apache/openjpa/persistence/jdbc/sqlcache/discrim/TestFinderCacheWithNulls.java,57.0,6.0,4.0,4.0,29.0,5.0,6.0,hthomann@13f79535-47bb-0310-9956-ffa450edef68,1,0.002890173410404624,100.0,0.0,0.0,0.0,132.1818181818182,281.1850946757528,1,0,1.8718021769015913,false
openjpa-persistence-jdbc/src/test/java/org/apache/openjpa/persistence/jdbc/sqlcache/discrim/UserData.java,39.0,6.0,0.0,6.0,3.0,12.0,6.0,hthomann@13f79535-47bb-0310-9956-ffa450edef68,1,0.002890173410404624,100.0,0.0,0.0,0.0,132.1818181818182,281.1850946757528,1,0,1.8718021769015913,false
openjpa-persistence-jdbc/src/test/java/org/apache/openjpa/persistence/jpql/literals/TestLiteralInSQL.java,19.0,4.0,1.0,2.0,7.0,2.0,0.0,hthomann@13f79535-47bb-0310-9956-ffa450edef68,0,0.0,0.0,0.0,0.0,0.0,0.0,0.0,0,0,0.0,false
openjpa-persistence-jdbc/src/test/java/org/apache/openjpa/persistence/kernel/PessimisticLockEntity.java,16.0,2.0,2.0,4.0,0.0,6.0,3.0,hthomann@13f79535-47bb-0310-9956-ffa450edef68,1,0.002890173410404624,100.0,0.0,100.0,0.0,132.1818181818182,281.1850946757528,1,0,1.8718021769015913,false
openjpa-persistence-jdbc/src/test/java/org/apache/openjpa/persistence/kernel/TestPessimisticLockException.java,104.0,10.0,8.0,5.0,28.0,14.0,3.0,hthomann@13f79535-47bb-0310-9956-ffa450edef68,1,0.002890173410404624,100.0,0.0,100.0,0.0,132.1818181818182,281.1850946757528,1,0,1.8718021769015913,false
openjpa-persistence/src/main/java/org/apache/openjpa/persistence/AnnotationPersistenceMetaDataParser.java,1363.0,147.0,2267.0,78.0,566.0,266.0,262.0,null,1,0.002890173410404624,1.0,0.0,0.0,1.0,4822.518072289156,303557.17430287955,1,7,0.21357410029805904,true
openjpa-persistence/src/main/java/org/apache/openjpa/persistence/PersistenceMetaDataDefaults.java,616.0,53.0,807.0,43.0,199.0,135.0,132.0,null,1,0.002890173410404624,5.0,0.0,0.0,5.0,4822.518072289156,303557.17430287955,1,7,0.21357410029805904,true
openjpa-persistence/src/main/java/org/apache/openjpa/persistence/PersistenceProviderImpl.java,197.0,31.0,66.0,13.0,75.0,45.0,0.0,null,0,0.0,0.0,0.0,0.0,0.0,0.0,0.0,0,9,0.0,true
openjpa-persistence/src/main/java/org/apache/openjpa/persistence/XMLPersistenceMetaDataParser.java,2052.0,61.0,13163.0,167.0,770.0,538.0,168.0,null,1,0.002890173410404624,3.0,0.0,0.0,3.0,4822.518072289156,303557.17430287955,1,4,0.21357410029805904,false
openjpa-persistence/src/main/java/org/apache/openjpa/persistence/criteria/Expressions.java,1360.0,21.0,36.0,9.0,18.0,31.0,1.0,ppoddar@13f79535-47bb-0310-9956-ffa450edef68,1,0.002890173410404624,2.0,0.0,0.0,0.0,4822.518072289156,303557.17430287955,1,1,0.21357410029805904,true
