name,LOC,CBO,LCOM,NOM,RFC,WMC,ACS,Ownership,numOfChanges,numberOfFIChanges,ENH,NF,BugFixing,REF,structuralWorkloadSum,semanticWorkloadSum,numberOfDeveloper,pastFaults,MAF,isBuggy
openjpa-examples/openbooks/src/main/java/jpa/tools/swing/EntityDataModel.java,179.0,13.0,70.0,16.0,34.0,38.0,0.0,struberg@13f79535-47bb-0310-9956-ffa450edef68,0,0.0,0.0,0.0,0.0,0.0,0.0,0.0,0,0,0.0,false
openjpa-examples/openbooks/src/main/java/jpa/tools/swing/EntityTypeView.java,43.0,10.0,1.0,3.0,16.0,8.0,0.0,struberg@13f79535-47bb-0310-9956-ffa450edef68,0,0.0,0.0,0.0,0.0,0.0,0.0,0.0,0,0,0.0,false
openjpa-examples/openbooks/src/main/java/jpa/tools/swing/ErrorDialog.java,164.0,18.0,42.0,12.0,68.0,33.0,0.0,struberg@13f79535-47bb-0310-9956-ffa450edef68,0,0.0,0.0,0.0,0.0,0.0,0.0,0.0,0,1,0.0,false
openjpa-examples/openbooks/src/main/java/jpa/tools/swing/FileScanner.java,28.0,3.0,1.0,3.0,8.0,8.0,0.0,struberg@13f79535-47bb-0310-9956-ffa450edef68,0,0.0,0.0,0.0,0.0,0.0,0.0,0.0,0,1,0.0,false
openjpa-examples/openbooks/src/main/java/jpa/tools/swing/MetamodelHelper.java,209.0,17.0,120.0,16.0,49.0,54.0,0.0,struberg@13f79535-47bb-0310-9956-ffa450edef68,0,0.0,0.0,0.0,0.0,0.0,0.0,0.0,0,0,0.0,false
openjpa-examples/openbooks/src/main/java/jpa/tools/swing/MetamodelView.java,82.0,15.0,8.0,5.0,28.0,16.0,0.0,struberg@13f79535-47bb-0310-9956-ffa450edef68,0,0.0,0.0,0.0,0.0,0.0,0.0,0.0,0,0,0.0,false
openjpa-examples/openbooks/src/main/java/openbook/client/Demo.java,494.0,54.0,160.0,20.0,96.0,60.0,0.0,ppoddar@13f79535-47bb-0310-9956-ffa450edef68,0,0.0,0.0,0.0,0.0,0.0,0.0,0.0,0,0,0.0,false
openjpa-examples/openbooks/src/main/java/openbook/domain/Customer.java,39.0,5.0,28.0,9.0,0.0,16.0,0.0,kwsutter@13f79535-47bb-0310-9956-ffa450edef68,0,0.0,0.0,0.0,0.0,0.0,0.0,0.0,0,1,0.0,false
openjpa-examples/openbooks/src/main/java/openbook/domain/ShoppingCart.java,82.0,3.0,0.0,9.0,13.0,23.0,0.0,kwsutter@13f79535-47bb-0310-9956-ffa450edef68,0,0.0,0.0,0.0,0.0,0.0,0.0,0.0,0,1,0.0,false
openjpa-examples/openbooks/src/main/java/openbook/server/OpenBookService.java,99.0,8.0,120.0,16.0,0.0,33.0,0.0,kwsutter@13f79535-47bb-0310-9956-ffa450edef68,0,0.0,0.0,0.0,0.0,0.0,0.0,0.0,0,1,0.0,false
openjpa-examples/openbooks/src/main/java/openbook/server/OpenBookServiceImpl.java,270.0,32.0,171.0,19.0,139.0,56.0,0.0,kwsutter@13f79535-47bb-0310-9956-ffa450edef68,0,0.0,0.0,0.0,0.0,0.0,0.0,0.0,0,1,0.0,false
openjpa-examples/openbooks/src/main/java/openbook/server/QueryParameterBinder.java,27.0,1.0,0.0,2.0,1.0,7.0,0.0,struberg@13f79535-47bb-0310-9956-ffa450edef68,0,0.0,0.0,0.0,0.0,0.0,0.0,0.0,0,0,0.0,false
openjpa-examples/openbooks/src/main/java/openbook/tools/CommandProcessor.java,246.0,6.0,35.0,11.0,21.0,35.0,0.0,struberg@13f79535-47bb-0310-9956-ffa450edef68,0,0.0,0.0,0.0,0.0,0.0,0.0,0.0,0,1,0.0,false
openjpa-examples/openbooks/src/main/java/openbook/tools/converter/SourceRenderer.java,112.0,11.0,47.0,11.0,34.0,26.0,0.0,struberg@13f79535-47bb-0310-9956-ffa450edef68,0,0.0,0.0,0.0,0.0,0.0,0.0,0.0,0,1,0.0,false
openjpa-examples/openbooks/src/main/java/openbook/util/PropertyHelper.java,217.0,13.0,188.0,20.0,82.0,68.0,0.0,struberg@13f79535-47bb-0310-9956-ffa450edef68,0,0.0,0.0,0.0,0.0,0.0,0.0,0.0,0,0,0.0,false
openjpa-examples/openbooks/src/main/java/openbook/util/Randomizer.java,70.0,6.0,9.0,7.0,19.0,22.0,0.0,struberg@13f79535-47bb-0310-9956-ffa450edef68,0,0.0,0.0,0.0,0.0,0.0,0.0,0.0,0,1,0.0,false
openjpa-examples/opentrader/src/main/java/org/apache/openjpa/trader/service/TradingService.java,97.0,10.0,105.0,15.0,0.0,18.0,0.0,struberg@13f79535-47bb-0310-9956-ffa450edef68,0,0.0,0.0,0.0,0.0,0.0,0.0,0.0,0,0,0.0,false
openjpa-integration/daytrader/src/test/java/org/apache/openjpa/integration/daytrader/TradeScenario.java,169.0,3.0,0.0,5.0,51.0,23.0,0.0,struberg@13f79535-47bb-0310-9956-ffa450edef68,0,0.0,0.0,0.0,0.0,0.0,0.0,0.0,0,0,0.0,false
openjpa-integration/validation/src/test/java/org/apache/openjpa/integration/validation/TestConstraints.java,862.0,10.0,0.0,32.0,463.0,91.0,0.0,dwoods@13f79535-47bb-0310-9956-ffa450edef68,0,0.0,0.0,0.0,0.0,0.0,0.0,0.0,0,6,0.0,false
openjpa-integration/validation/src/test/java/org/apache/openjpa/integration/validation/TestMerge.java,149.0,8.0,1.0,7.0,59.0,18.0,0.0,struberg@13f79535-47bb-0310-9956-ffa450edef68,0,0.0,0.0,0.0,0.0,0.0,0.0,0.0,0,0,0.0,false
openjpa-jdbc/src/main/java/org/apache/openjpa/jdbc/conf/FetchModeValue.java,15.0,2.0,0.0,1.0,2.0,1.0,0.0,struberg@13f79535-47bb-0310-9956-ffa450edef68,0,0.0,0.0,0.0,0.0,0.0,0.0,0.0,0,0,0.0,false
openjpa-jdbc/src/main/java/org/apache/openjpa/jdbc/conf/JDBCSeqValue.java,13.0,7.0,0.0,1.0,3.0,1.0,0.0,struberg@13f79535-47bb-0310-9956-ffa450edef68,0,0.0,0.0,0.0,0.0,0.0,0.0,0.0,0,0,0.0,false
openjpa-jdbc/src/main/java/org/apache/openjpa/jdbc/conf/MappingFactoryValue.java,89.0,9.0,6.0,5.0,19.0,14.0,0.0,null,0,0.0,0.0,0.0,0.0,0.0,0.0,0.0,0,0,0.0,false
openjpa-jdbc/src/main/java/org/apache/openjpa/jdbc/conf/MappingRepositoryValue.java,25.0,7.0,1.0,2.0,6.0,6.0,0.0,mikedd@13f79535-47bb-0310-9956-ffa450edef68,0,0.0,0.0,0.0,0.0,0.0,0.0,0.0,0,1,0.0,false
openjpa-jdbc/src/main/java/org/apache/openjpa/jdbc/identifier/DBIdentifier.java,726.0,4.0,1131.0,74.0,147.0,243.0,0.0,struberg@13f79535-47bb-0310-9956-ffa450edef68,0,0.0,0.0,0.0,0.0,0.0,0.0,0.0,0,0,0.0,false
openjpa-jdbc/src/main/java/org/apache/openjpa/jdbc/identifier/DBIdentifierUtil.java,116.0,6.0,153.0,18.0,0.0,44.0,0.0,struberg@13f79535-47bb-0310-9956-ffa450edef68,0,0.0,0.0,0.0,0.0,0.0,0.0,0.0,0,0,0.0,false
openjpa-jdbc/src/main/java/org/apache/openjpa/jdbc/identifier/Normalizer.java,223.0,4.0,0.0,22.0,36.0,72.0,0.0,struberg@13f79535-47bb-0310-9956-ffa450edef68,0,0.0,0.0,0.0,0.0,0.0,0.0,0.0,0,0,0.0,false
openjpa-jdbc/src/main/java/org/apache/openjpa/jdbc/identifier/QualifiedDBIdentifier.java,273.0,4.0,278.0,25.0,64.0,80.0,0.0,struberg@13f79535-47bb-0310-9956-ffa450edef68,0,0.0,0.0,0.0,0.0,0.0,0.0,0.0,0,0,0.0,false
openjpa-jdbc/src/main/java/org/apache/openjpa/jdbc/kernel/DelegatingJDBCFetchConfiguration.java,271.0,6.0,496.0,32.0,88.0,119.0,0.0,curtisr7@13f79535-47bb-0310-9956-ffa450edef68,0,0.0,0.0,0.0,0.0,0.0,0.0,0.0,0,0,0.0,false
openjpa-jdbc/src/main/java/org/apache/openjpa/jdbc/kernel/InstanceResultObjectProvider.java,28.0,6.0,0.0,2.0,6.0,7.0,0.0,curtisr7@13f79535-47bb-0310-9956-ffa450edef68,0,0.0,0.0,0.0,0.0,0.0,0.0,0.0,0,0,0.0,false
openjpa-jdbc/src/main/java/org/apache/openjpa/jdbc/kernel/JDBCFetchConfigurationImpl.java,268.0,26.0,0.0,36.0,103.0,115.0,0.0,curtisr7@13f79535-47bb-0310-9956-ffa450edef68,0,0.0,0.0,0.0,0.0,0.0,0.0,0.0,0,1,0.0,false
openjpa-jdbc/src/main/java/org/apache/openjpa/jdbc/kernel/JDBCStoreManager.java,1271.0,63.0,3071.0,86.0,429.0,300.0,0.0,null,0,0.0,0.0,0.0,0.0,0.0,0.0,0.0,0,16,0.0,false
openjpa-jdbc/src/main/java/org/apache/openjpa/jdbc/kernel/JDBCStoreQuery.java,699.0,57.0,1183.0,51.0,252.0,187.0,0.0,null,0,0.0,0.0,0.0,0.0,0.0,0.0,0.0,0,8,0.0,false
openjpa-jdbc/src/main/java/org/apache/openjpa/jdbc/kernel/PagingResultObjectProvider.java,266.0,16.0,0.0,16.0,73.0,72.0,0.0,struberg@13f79535-47bb-0310-9956-ffa450edef68,0,0.0,0.0,0.0,0.0,0.0,0.0,0.0,0,0,0.0,false
openjpa-jdbc/src/main/java/org/apache/openjpa/jdbc/kernel/PreparedQueryCacheImpl.java,329.0,21.0,238.0,28.0,90.0,79.0,0.0,ppoddar@13f79535-47bb-0310-9956-ffa450edef68,0,0.0,0.0,0.0,0.0,0.0,0.0,0.0,0,1,0.0,false
openjpa-jdbc/src/main/java/org/apache/openjpa/jdbc/kernel/SQLStoreQuery.java,251.0,28.0,26.0,8.0,15.0,21.0,0.0,null,0,0.0,0.0,0.0,0.0,0.0,0.0,0.0,0,2,0.0,false
openjpa-jdbc/src/main/java/org/apache/openjpa/jdbc/kernel/SelectResultObjectProvider.java,97.0,7.0,5.0,14.0,18.0,40.0,0.0,struberg@13f79535-47bb-0310-9956-ffa450edef68,0,0.0,0.0,0.0,0.0,0.0,0.0,0.0,0,1,0.0,false
openjpa-jdbc/src/main/java/org/apache/openjpa/jdbc/kernel/exps/ExpContext.java,27.0,3.0,1.0,2.0,0.0,2.0,0.0,struberg@13f79535-47bb-0310-9956-ffa450edef68,0,0.0,0.0,0.0,0.0,0.0,0.0,0.0,0,1,0.0,false
openjpa-jdbc/src/main/java/org/apache/openjpa/jdbc/kernel/exps/ExpState.java,16.0,1.0,1.0,2.0,0.0,2.0,0.0,struberg@13f79535-47bb-0310-9956-ffa450edef68,0,0.0,0.0,0.0,0.0,0.0,0.0,0.0,0,0,0.0,false
openjpa-jdbc/src/main/java/org/apache/openjpa/jdbc/kernel/exps/GetColumn.java,29.0,7.0,9.0,6.0,10.0,13.0,0.0,struberg@13f79535-47bb-0310-9956-ffa450edef68,0,0.0,0.0,0.0,0.0,0.0,0.0,0.0,0,0,0.0,false
openjpa-jdbc/src/main/java/org/apache/openjpa/jdbc/kernel/exps/JDBCExpressionFactory.java,382.0,21.0,3561.0,86.0,57.0,202.0,0.0,null,0,0.0,0.0,0.0,0.0,0.0,0.0,0.0,0,4,0.0,false
openjpa-jdbc/src/main/java/org/apache/openjpa/jdbc/kernel/exps/JDBCStringContains.java,14.0,6.0,0.0,1.0,6.0,4.0,0.0,struberg@13f79535-47bb-0310-9956-ffa450edef68,0,0.0,0.0,0.0,0.0,0.0,0.0,0.0,0,0,0.0,false
openjpa-jdbc/src/main/java/org/apache/openjpa/jdbc/kernel/exps/JDBCWildcardMatch.java,17.0,6.0,0.0,1.0,8.0,4.0,0.0,struberg@13f79535-47bb-0310-9956-ffa450edef68,0,0.0,0.0,0.0,0.0,0.0,0.0,0.0,0,0,0.0,false
openjpa-jdbc/src/main/java/org/apache/openjpa/jdbc/kernel/exps/QueryExpressionsState.java,12.0,0.0,0.0,0.0,0.0,0.0,0.0,struberg@13f79535-47bb-0310-9956-ffa450edef68,0,0.0,0.0,0.0,0.0,0.0,0.0,0.0,0,0,0.0,false
openjpa-jdbc/src/main/java/org/apache/openjpa/jdbc/kernel/exps/SQLEmbed.java,26.0,7.0,9.0,6.0,6.0,13.0,0.0,struberg@13f79535-47bb-0310-9956-ffa450edef68,0,0.0,0.0,0.0,0.0,0.0,0.0,0.0,0,0,0.0,false
openjpa-jdbc/src/main/java/org/apache/openjpa/jdbc/kernel/exps/SQLExpression.java,10.0,0.0,0.0,1.0,0.0,2.0,0.0,struberg@13f79535-47bb-0310-9956-ffa450edef68,0,0.0,0.0,0.0,0.0,0.0,0.0,0.0,0,0,0.0,false
openjpa-jdbc/src/main/java/org/apache/openjpa/jdbc/kernel/exps/SQLValue.java,10.0,0.0,0.0,1.0,0.0,2.0,0.0,struberg@13f79535-47bb-0310-9956-ffa450edef68,0,0.0,0.0,0.0,0.0,0.0,0.0,0.0,0,0,0.0,false
openjpa-jdbc/src/main/java/org/apache/openjpa/jdbc/kernel/exps/SelectConstructor.java,254.0,19.0,22.0,8.0,71.0,36.0,0.0,faywang@13f79535-47bb-0310-9956-ffa450edef68,0,0.0,0.0,0.0,0.0,0.0,0.0,0.0,0,2,0.0,true
openjpa-jdbc/src/main/java/org/apache/openjpa/jdbc/kernel/exps/Val.java,112.0,5.0,171.0,19.0,0.0,25.0,0.0,fancy@13f79535-47bb-0310-9956-ffa450edef68,0,0.0,0.0,0.0,0.0,0.0,0.0,0.0,0,0,0.0,false
openjpa-jdbc/src/main/java/org/apache/openjpa/jdbc/meta/MappingStrategyInstaller.java,37.0,1.0,15.0,6.0,13.0,11.0,0.0,struberg@13f79535-47bb-0310-9956-ffa450edef68,0,0.0,0.0,0.0,0.0,0.0,0.0,0.0,0,0,0.0,false
openjpa-jdbc/src/main/java/org/apache/openjpa/jdbc/meta/MetaDataPlusMappingFactory.java,87.0,11.0,0.0,15.0,15.0,28.0,0.0,null,0,0.0,0.0,0.0,0.0,0.0,0.0,0.0,0,0,0.0,false
openjpa-jdbc/src/main/java/org/apache/openjpa/jdbc/meta/NoneMappingDefaults.java,126.0,8.0,741.0,39.0,8.0,85.0,0.0,struberg@13f79535-47bb-0310-9956-ffa450edef68,0,0.0,0.0,0.0,0.0,0.0,0.0,0.0,0,0,0.0,false
openjpa-jdbc/src/main/java/org/apache/openjpa/jdbc/meta/NoneStrategyInstaller.java,30.0,4.0,10.0,5.0,13.0,5.0,0.0,struberg@13f79535-47bb-0310-9956-ffa450edef68,0,0.0,0.0,0.0,0.0,0.0,0.0,0.0,0,0,0.0,false
openjpa-jdbc/src/main/java/org/apache/openjpa/jdbc/meta/RefreshStrategyInstaller.java,81.0,2.0,9.0,7.0,46.0,22.0,0.0,struberg@13f79535-47bb-0310-9956-ffa450edef68,0,0.0,0.0,0.0,0.0,0.0,0.0,0.0,0,0,0.0,false
openjpa-jdbc/src/main/java/org/apache/openjpa/jdbc/meta/ReverseMappingTool.java,1485.0,77.0,4751.0,102.0,473.0,328.0,0.0,null,0,0.0,0.0,0.0,0.0,0.0,0.0,0.0,0,4,0.0,false
openjpa-jdbc/src/main/java/org/apache/openjpa/jdbc/meta/RuntimeStrategyInstaller.java,59.0,5.0,15.0,6.0,31.0,17.0,0.0,faywang@13f79535-47bb-0310-9956-ffa450edef68,0,0.0,0.0,0.0,0.0,0.0,0.0,0.0,0,2,0.0,false
openjpa-jdbc/src/main/java/org/apache/openjpa/jdbc/meta/SequenceMapping.java,189.0,11.0,362.0,29.0,28.0,70.0,0.0,jrbauer@13f79535-47bb-0310-9956-ffa450edef68,0,0.0,0.0,0.0,0.0,0.0,0.0,0.0,0,0,0.0,false
openjpa-jdbc/src/main/java/org/apache/openjpa/jdbc/meta/StrategyInstaller.java,36.0,1.0,15.0,6.0,0.0,8.0,0.0,struberg@13f79535-47bb-0310-9956-ffa450edef68,0,0.0,0.0,0.0,0.0,0.0,0.0,0.0,0,0,0.0,false
openjpa-jdbc/src/main/java/org/apache/openjpa/jdbc/meta/strats/BlobValueHandler.java,27.0,6.0,3.0,3.0,8.0,8.0,0.0,struberg@13f79535-47bb-0310-9956-ffa450edef68,0,0.0,0.0,0.0,0.0,0.0,0.0,0.0,0,0,0.0,false
openjpa-jdbc/src/main/java/org/apache/openjpa/jdbc/meta/strats/ByteArrayValueHandler.java,33.0,7.0,10.0,5.0,10.0,12.0,0.0,struberg@13f79535-47bb-0310-9956-ffa450edef68,0,0.0,0.0,0.0,0.0,0.0,0.0,0.0,0,0,0.0,false
openjpa-jdbc/src/main/java/org/apache/openjpa/jdbc/meta/strats/CharArrayStreamValueHandler.java,44.0,13.0,10.0,5.0,13.0,17.0,0.0,struberg@13f79535-47bb-0310-9956-ffa450edef68,0,0.0,0.0,0.0,0.0,0.0,0.0,0.0,0,0,0.0,false
openjpa-jdbc/src/main/java/org/apache/openjpa/jdbc/meta/strats/CharArrayValueHandler.java,34.0,7.0,10.0,5.0,11.0,13.0,0.0,struberg@13f79535-47bb-0310-9956-ffa450edef68,0,0.0,0.0,0.0,0.0,0.0,0.0,0.0,0,0,0.0,false
openjpa-jdbc/src/main/java/org/apache/openjpa/jdbc/meta/strats/ClobValueHandler.java,27.0,6.0,3.0,3.0,8.0,8.0,0.0,struberg@13f79535-47bb-0310-9956-ffa450edef68,0,0.0,0.0,0.0,0.0,0.0,0.0,0.0,0,0,0.0,false
openjpa-jdbc/src/main/java/org/apache/openjpa/jdbc/meta/strats/ElementEmbedValueHandler.java,99.0,10.0,26.0,9.0,36.0,28.0,0.0,null,0,0.0,0.0,0.0,0.0,0.0,0.0,0.0,0,1,0.0,false
openjpa-jdbc/src/main/java/org/apache/openjpa/jdbc/meta/strats/EmbeddedClassStrategy.java,45.0,8.0,6.0,4.0,38.0,15.0,0.0,struberg@13f79535-47bb-0310-9956-ffa450edef68,0,0.0,0.0,0.0,0.0,0.0,0.0,0.0,0,0,0.0,false
openjpa-jdbc/src/main/java/org/apache/openjpa/jdbc/meta/strats/EnumValueHandler.java,60.0,11.0,1.0,7.0,25.0,21.0,0.0,null,0,0.0,0.0,0.0,0.0,0.0,0.0,0.0,0,1,0.0,false
openjpa-jdbc/src/main/java/org/apache/openjpa/jdbc/meta/strats/ImmutableValueHandler.java,58.0,9.0,10.0,5.0,17.0,15.0,0.0,struberg@13f79535-47bb-0310-9956-ffa450edef68,0,0.0,0.0,0.0,0.0,0.0,0.0,0.0,0,0,0.0,false
openjpa-jdbc/src/main/java/org/apache/openjpa/jdbc/meta/strats/MaxEmbeddedBlobFieldStrategy.java,58.0,11.0,9.0,7.0,29.0,22.0,0.0,null,0,0.0,0.0,0.0,0.0,0.0,0.0,0.0,0,2,0.0,false
openjpa-jdbc/src/main/java/org/apache/openjpa/jdbc/meta/strats/MaxEmbeddedByteArrayFieldStrategy.java,41.0,14.0,22.0,8.0,22.0,23.0,0.0,null,0,0.0,0.0,0.0,0.0,0.0,0.0,0.0,0,2,0.0,false
openjpa-jdbc/src/main/java/org/apache/openjpa/jdbc/meta/strats/MaxEmbeddedCharArrayFieldStrategy.java,50.0,18.0,16.0,8.0,27.0,26.0,0.0,struberg@13f79535-47bb-0310-9956-ffa450edef68,0,0.0,0.0,0.0,0.0,0.0,0.0,0.0,0,1,0.0,false
openjpa-jdbc/src/main/java/org/apache/openjpa/jdbc/meta/strats/MaxEmbeddedClobFieldStrategy.java,40.0,10.0,15.0,7.0,20.0,19.0,0.0,null,0,0.0,0.0,0.0,0.0,0.0,0.0,0.0,0,2,0.0,false
openjpa-jdbc/src/main/java/org/apache/openjpa/jdbc/meta/strats/ObjectIdClassStrategy.java,14.0,5.0,0.0,1.0,10.0,3.0,0.0,struberg@13f79535-47bb-0310-9956-ffa450edef68,0,0.0,0.0,0.0,0.0,0.0,0.0,0.0,0,0,0.0,false
openjpa-jdbc/src/main/java/org/apache/openjpa/jdbc/meta/strats/ObjectIdValueHandler.java,110.0,14.0,43.0,10.0,46.0,36.0,0.0,null,0,0.0,0.0,0.0,0.0,0.0,0.0,0.0,0,0,0.0,false
openjpa-jdbc/src/main/java/org/apache/openjpa/jdbc/meta/strats/SuperclassDiscriminatorStrategy.java,28.0,7.0,10.0,5.0,24.0,13.0,0.0,struberg@13f79535-47bb-0310-9956-ffa450edef68,0,0.0,0.0,0.0,0.0,0.0,0.0,0.0,0,0,0.0,false
openjpa-jdbc/src/main/java/org/apache/openjpa/jdbc/meta/strats/SuperclassVersionStrategy.java,18.0,4.0,6.0,4.0,16.0,8.0,0.0,struberg@13f79535-47bb-0310-9956-ffa450edef68,0,0.0,0.0,0.0,0.0,0.0,0.0,0.0,0,1,0.0,false
openjpa-jdbc/src/main/java/org/apache/openjpa/jdbc/meta/strats/UntypedPCValueHandler.java,64.0,16.0,28.0,8.0,30.0,24.0,0.0,null,0,0.0,0.0,0.0,0.0,0.0,0.0,0.0,0,0,0.0,false
openjpa-jdbc/src/main/java/org/apache/openjpa/jdbc/schema/DataSourceFactory.java,168.0,27.0,13.0,6.0,87.0,28.0,0.0,ppoddar@13f79535-47bb-0310-9956-ffa450edef68,0,0.0,0.0,0.0,0.0,0.0,0.0,0.0,0,5,0.0,false
openjpa-jdbc/src/main/java/org/apache/openjpa/jdbc/schema/SchemaGroup.java,403.0,6.0,1156.0,49.0,120.0,152.0,0.0,null,0,0.0,0.0,0.0,0.0,0.0,0.0,0.0,0,2,0.0,false
openjpa-jdbc/src/main/java/org/apache/openjpa/jdbc/schema/SchemaParser.java,26.0,1.0,10.0,5.0,0.0,7.0,0.0,struberg@13f79535-47bb-0310-9956-ffa450edef68,0,0.0,0.0,0.0,0.0,0.0,0.0,0.0,0,0,0.0,false
openjpa-jdbc/src/main/java/org/apache/openjpa/jdbc/schema/SchemaSerializer.java,41.0,1.0,28.0,8.0,0.0,14.0,0.0,struberg@13f79535-47bb-0310-9956-ffa450edef68,0,0.0,0.0,0.0,0.0,0.0,0.0,0.0,0,0,0.0,false
openjpa-jdbc/src/main/java/org/apache/openjpa/jdbc/schema/Schemas.java,167.0,6.0,10.0,5.0,10.0,23.0,0.0,struberg@13f79535-47bb-0310-9956-ffa450edef68,0,0.0,0.0,0.0,0.0,0.0,0.0,0.0,0,0,0.0,false
openjpa-jdbc/src/main/java/org/apache/openjpa/jdbc/schema/XMLSchemaParser.java,397.0,16.0,387.0,34.0,156.0,79.0,0.0,mikedd@13f79535-47bb-0310-9956-ffa450edef68,0,0.0,0.0,0.0,0.0,0.0,0.0,0.0,0,0,0.0,false
openjpa-jdbc/src/main/java/org/apache/openjpa/jdbc/schema/XMLSchemaSerializer.java,256.0,13.0,313.0,27.0,146.0,85.0,0.0,struberg@13f79535-47bb-0310-9956-ffa450edef68,0,0.0,0.0,0.0,0.0,0.0,0.0,0.0,0,0,0.0,false
openjpa-jdbc/src/main/java/org/apache/openjpa/jdbc/sql/DBDictionary.java,3931.0,108.0,53144.0,329.0,1137.0,1200.0,0.0,null,0,0.0,0.0,0.0,0.0,0.0,0.0,0.0,0,32,0.0,true
openjpa-jdbc/src/main/java/org/apache/openjpa/jdbc/sql/DBDictionaryFactory.java,180.0,16.0,21.0,7.0,173.0,35.0,0.0,null,0,0.0,0.0,0.0,0.0,0.0,0.0,0.0,0,2,0.0,true
openjpa-jdbc/src/main/java/org/apache/openjpa/jdbc/sql/InformixDictionary.java,247.0,23.0,205.0,22.0,76.0,84.0,1.0,null,1,0.022727272727272728,4.0,0.0,0.0,0.0,0.0,0.0,1,6,2.9444389791664407,false
openjpa-jdbc/src/main/java/org/apache/openjpa/jdbc/sql/Joins.java,59.0,4.0,78.0,13.0,0.0,18.0,0.0,null,0,0.0,0.0,0.0,0.0,0.0,0.0,0.0,0,1,0.0,false
openjpa-jdbc/src/main/java/org/apache/openjpa/jdbc/sql/PostgresDictionary.java,707.0,42.0,758.0,40.0,187.0,160.0,0.0,null,0,0.0,0.0,0.0,0.0,0.0,0.0,0.0,0,5,0.0,true
openjpa-jdbc/src/main/java/org/apache/openjpa/jdbc/sql/PrimaryRow.java,311.0,11.0,475.0,35.0,75.0,107.0,0.0,null,0,0.0,0.0,0.0,0.0,0.0,0.0,0.0,0,1,0.0,true
openjpa-jdbc/src/main/java/org/apache/openjpa/jdbc/sql/RowImpl.java,632.0,29.0,5267.0,106.0,180.0,271.0,0.0,null,0,0.0,0.0,0.0,0.0,0.0,0.0,0.0,0,2,0.0,false
openjpa-jdbc/src/main/java/org/apache/openjpa/jdbc/sql/RowManagerImpl.java,202.0,10.0,83.0,15.0,27.0,55.0,0.0,mikedd@13f79535-47bb-0310-9956-ffa450edef68,0,0.0,0.0,0.0,0.0,0.0,0.0,0.0,0,2,0.0,false
openjpa-jdbc/src/main/java/org/apache/openjpa/jdbc/sql/SQLExceptions.java,98.0,7.0,78.0,13.0,30.0,43.0,0.0,allee8285@13f79535-47bb-0310-9956-ffa450edef68,0,0.0,0.0,0.0,0.0,0.0,0.0,0.0,0,5,0.0,false
openjpa-jdbc/src/main/java/org/apache/openjpa/jdbc/sql/SecondaryRow.java,109.0,8.0,47.0,11.0,36.0,38.0,0.0,struberg@13f79535-47bb-0310-9956-ffa450edef68,0,0.0,0.0,0.0,0.0,0.0,0.0,0.0,0,0,0.0,false
openjpa-jdbc/src/main/java/org/apache/openjpa/jdbc/sql/Select.java,503.0,12.0,5886.0,109.0,0.0,193.0,0.0,null,0,0.0,0.0,0.0,0.0,0.0,0.0,0.0,0,3,0.0,false
openjpa-jdbc/src/main/java/org/apache/openjpa/jdbc/sql/SelectImpl.java,2262.0,43.0,20427.0,211.0,455.0,569.0,6.0,null,1,0.022727272727272728,1.0,0.0,0.0,0.0,50.57142857142857,415.6210860190938,1,16,1.55814461804655,true
openjpa-jest/src/main/java/org/apache/openjpa/json/JSONObject.java,162.0,6.0,58.0,12.0,29.0,26.0,0.0,curtisr7@13f79535-47bb-0310-9956-ffa450edef68,0,0.0,0.0,0.0,0.0,0.0,0.0,0.0,0,0,0.0,false
openjpa-jest/src/main/java/org/apache/openjpa/persistence/jest/IOR.java,15.0,2.0,0.0,1.0,4.0,3.0,0.0,struberg@13f79535-47bb-0310-9956-ffa450edef68,0,0.0,0.0,0.0,0.0,0.0,0.0,0.0,0,0,0.0,false
openjpa-jest/src/main/java/org/apache/openjpa/persistence/jest/JESTContext.java,217.0,16.0,27.0,14.0,65.0,42.0,0.0,ppoddar@13f79535-47bb-0310-9956-ffa450edef68,0,0.0,0.0,0.0,0.0,0.0,0.0,0.0,0,0,0.0,false
openjpa-jest/src/main/java/org/apache/openjpa/persistence/jest/JPAServletContext.java,39.0,5.0,21.0,7.0,0.0,10.0,0.0,struberg@13f79535-47bb-0310-9956-ffa450edef68,0,0.0,0.0,0.0,0.0,0.0,0.0,0.0,0,0,0.0,false
openjpa-jest/src/main/java/org/apache/openjpa/persistence/jest/JSONObject.java,162.0,6.0,58.0,12.0,29.0,26.0,0.0,curtisr7@13f79535-47bb-0310-9956-ffa450edef68,0,0.0,0.0,0.0,0.0,0.0,0.0,0.0,0,0,0.0,false
openjpa-jest/src/main/java/org/apache/openjpa/persistence/jest/JSONObjectFormatter.java,211.0,25.0,55.0,11.0,46.0,39.0,0.0,struberg@13f79535-47bb-0310-9956-ffa450edef68,0,0.0,0.0,0.0,0.0,0.0,0.0,0.0,0,0,0.0,false
openjpa-jest/src/main/java/org/apache/openjpa/persistence/jest/MetamodelHelper.java,112.0,13.0,45.0,10.0,27.0,29.0,0.0,struberg@13f79535-47bb-0310-9956-ffa450edef68,0,0.0,0.0,0.0,0.0,0.0,0.0,0.0,0,0,0.0,false
openjpa-jest/src/main/java/org/apache/openjpa/persistence/jest/TokenReplacedStream.java,132.0,7.0,10.0,5.0,17.0,19.0,0.0,struberg@13f79535-47bb-0310-9956-ffa450edef68,0,0.0,0.0,0.0,0.0,0.0,0.0,0.0,0,0,0.0,false
openjpa-jest/src/main/java/org/apache/openjpa/persistence/jest/XMLFormatter.java,381.0,66.0,229.0,22.0,104.0,70.0,0.0,curtisr7@13f79535-47bb-0310-9956-ffa450edef68,0,0.0,0.0,0.0,0.0,0.0,0.0,0.0,0,0,0.0,false
openjpa-kernel/src/main/java/org/apache/openjpa/conf/AutoDetachValue.java,38.0,4.0,6.0,5.0,6.0,11.0,0.0,ppoddar@13f79535-47bb-0310-9956-ffa450edef68,0,0.0,0.0,0.0,0.0,0.0,0.0,0.0,0,1,0.0,false
openjpa-kernel/src/main/java/org/apache/openjpa/conf/BrokerFactoryValue.java,39.0,8.0,0.0,3.0,7.0,5.0,0.0,struberg@13f79535-47bb-0310-9956-ffa450edef68,0,0.0,0.0,0.0,0.0,0.0,0.0,0.0,0,0,0.0,false
openjpa-kernel/src/main/java/org/apache/openjpa/conf/Compatibility.java,482.0,0.0,1829.0,62.0,1.0,159.0,26.0,null,1,0.022727272727272728,3.0,0.0,3.0,0.0,256.70588235294116,2787.4068377203976,1,3,0.3053816495511819,true
openjpa-kernel/src/main/java/org/apache/openjpa/conf/DetachOptions.java,135.0,1.0,67.0,14.0,3.0,27.0,0.0,curtisr7@13f79535-47bb-0310-9956-ffa450edef68,0,0.0,0.0,0.0,0.0,0.0,0.0,0.0,0,0,0.0,false
openjpa-kernel/src/main/java/org/apache/openjpa/conf/OpenJPAConfiguration.java,1251.0,38.0,31626.0,252.0,0.0,401.0,26.0,null,1,0.022727272727272728,2.0,0.0,2.0,0.0,256.70588235294116,2787.4068377203976,1,2,0.3053816495511819,true
openjpa-kernel/src/main/java/org/apache/openjpa/conf/QueryCompilationCacheValue.java,28.0,8.0,1.0,2.0,4.0,6.0,0.0,pcl@13f79535-47bb-0310-9956-ffa450edef68,0,0.0,0.0,0.0,0.0,0.0,0.0,0.0,0,1,0.0,false
openjpa-kernel/src/main/java/org/apache/openjpa/conf/RemoteCommitProviderValue.java,82.0,7.0,30.0,12.0,20.0,20.0,0.0,curtisr7@13f79535-47bb-0310-9956-ffa450edef68,0,0.0,0.0,0.0,0.0,0.0,0.0,0.0,0,0,0.0,false
openjpa-kernel/src/main/java/org/apache/openjpa/conf/SeqValue.java,13.0,3.0,0.0,1.0,3.0,1.0,0.0,curtisr7@13f79535-47bb-0310-9956-ffa450edef68,0,0.0,0.0,0.0,0.0,0.0,0.0,0.0,0,0,0.0,false
openjpa-kernel/src/main/java/org/apache/openjpa/conf/Specification.java,96.0,3.0,37.0,14.0,12.0,42.0,0.0,struberg@13f79535-47bb-0310-9956-ffa450edef68,0,0.0,0.0,0.0,0.0,0.0,0.0,0.0,0,0,0.0,false
openjpa-kernel/src/main/java/org/apache/openjpa/datacache/DataCacheStoreManager.java,593.0,23.0,91.0,23.0,215.0,87.0,26.0,null,1,0.022727272727272728,3.0,0.0,3.0,0.0,256.70588235294116,2787.4068377203976,1,7,0.3053816495511819,true
openjpa-kernel/src/main/java/org/apache/openjpa/datacache/DelegatingDataCache.java,313.0,7.0,0.0,37.0,65.0,163.0,0.0,ppoddar@13f79535-47bb-0310-9956-ffa450edef68,0,0.0,0.0,0.0,0.0,0.0,0.0,0.0,0,0,0.0,false
openjpa-kernel/src/main/java/org/apache/openjpa/datacache/DelegatingQueryCache.java,174.0,3.0,0.0,21.0,34.0,85.0,0.0,struberg@13f79535-47bb-0310-9956-ffa450edef68,0,0.0,0.0,0.0,0.0,0.0,0.0,0.0,0,0,0.0,false
openjpa-kernel/src/main/java/org/apache/openjpa/enhance/CodeGenerator.java,402.0,17.0,385.0,31.0,125.0,92.0,0.0,curtisr7@13f79535-47bb-0310-9956-ffa450edef68,0,0.0,0.0,0.0,0.0,0.0,0.0,0.0,0,1,0.0,true
openjpa-kernel/src/main/java/org/apache/openjpa/enhance/DynamicStorage.java,95.0,0.0,231.0,22.0,0.0,23.0,0.0,struberg@13f79535-47bb-0310-9956-ffa450edef68,0,0.0,0.0,0.0,0.0,0.0,0.0,0.0,0,0,0.0,false
openjpa-kernel/src/main/java/org/apache/openjpa/enhance/DynamicStorageGenerator.java,373.0,17.0,247.0,23.0,163.0,77.0,0.0,mikedd@13f79535-47bb-0310-9956-ffa450edef68,0,0.0,0.0,0.0,0.0,0.0,0.0,0.0,0,1,0.0,false
openjpa-kernel/src/main/java/org/apache/openjpa/enhance/PCClassFileTransformer.java,142.0,16.0,9.0,7.0,40.0,31.0,0.0,null,0,0.0,0.0,0.0,0.0,0.0,0.0,0.0,0,1,0.0,false
openjpa-kernel/src/main/java/org/apache/openjpa/enhance/PCDataGenerator.java,709.0,28.0,587.0,35.0,374.0,105.0,0.0,mikedd@13f79535-47bb-0310-9956-ffa450edef68,0,0.0,0.0,0.0,0.0,0.0,0.0,0.0,0,0,0.0,false
openjpa-kernel/src/main/java/org/apache/openjpa/enhance/PCEnhancer.java,3242.0,88.0,5164.0,136.0,1593.0,575.0,26.0,null,1,0.022727272727272728,2.0,0.0,2.0,0.0,256.70588235294116,2787.4068377203976,1,14,0.3053816495511819,true
openjpa-kernel/src/main/java/org/apache/openjpa/enhance/PCEnhancerAgent.java,84.0,11.0,9.0,6.0,26.0,18.0,26.0,mikedd@13f79535-47bb-0310-9956-ffa450edef68,1,0.022727272727272728,12.0,0.0,12.0,0.0,256.70588235294116,2787.4068377203976,1,0,0.3053816495511819,true
openjpa-kernel/src/main/java/org/apache/openjpa/event/BeanLifecycleCallbacks.java,46.0,9.0,3.0,6.0,17.0,17.0,26.0,null,1,0.022727272727272728,17.0,0.0,17.0,0.0,256.70588235294116,2787.4068377203976,1,1,0.3053816495511819,true
openjpa-kernel/src/main/java/org/apache/openjpa/event/LifecycleEventManager.java,448.0,12.0,180.0,21.0,92.0,90.0,0.0,pcl@13f79535-47bb-0310-9956-ffa450edef68,0,0.0,0.0,0.0,0.0,0.0,0.0,0.0,0,3,0.0,false
openjpa-kernel/src/main/java/org/apache/openjpa/event/MethodLifecycleCallbacks.java,87.0,10.0,3.0,11.0,24.0,32.0,26.0,null,1,0.022727272727272728,20.0,0.0,20.0,0.0,256.70588235294116,2787.4068377203976,1,1,0.3053816495511819,true
openjpa-kernel/src/main/java/org/apache/openjpa/event/TransactionEventManager.java,77.0,1.0,1.0,6.0,10.0,16.0,0.0,struberg@13f79535-47bb-0310-9956-ffa450edef68,0,0.0,0.0,0.0,0.0,0.0,0.0,0.0,0,0,0.0,false
openjpa-kernel/src/main/java/org/apache/openjpa/instrumentation/AbstractQueryCacheInstrument.java,152.0,9.0,150.0,24.0,40.0,62.0,0.0,jrbauer@13f79535-47bb-0310-9956-ffa450edef68,0,0.0,0.0,0.0,0.0,0.0,0.0,0.0,0,0,0.0,false
openjpa-kernel/src/main/java/org/apache/openjpa/instrumentation/InstrumentationManagerImpl.java,63.0,8.0,0.0,6.0,12.0,20.0,26.0,curtisr7@13f79535-47bb-0310-9956-ffa450edef68,1,0.022727272727272728,25.0,0.0,25.0,0.0,256.70588235294116,2787.4068377203976,1,0,0.3053816495511819,true
openjpa-kernel/src/main/java/org/apache/openjpa/instrumentation/PreparedQueryCacheInstrument.java,50.0,2.0,66.0,12.0,0.0,12.0,0.0,struberg@13f79535-47bb-0310-9956-ffa450edef68,0,0.0,0.0,0.0,0.0,0.0,0.0,0.0,0,0,0.0,false
openjpa-kernel/src/main/java/org/apache/openjpa/instrumentation/QueryCacheInstrument.java,66.0,2.0,105.0,15.0,0.0,26.0,0.0,struberg@13f79535-47bb-0310-9956-ffa450edef68,0,0.0,0.0,0.0,0.0,0.0,0.0,0.0,0,0,0.0,false
openjpa-kernel/src/main/java/org/apache/openjpa/instrumentation/jmx/JMXInstrument.java,29.0,2.0,10.0,5.0,0.0,11.0,0.0,struberg@13f79535-47bb-0310-9956-ffa450edef68,0,0.0,0.0,0.0,0.0,0.0,0.0,0.0,0,0,0.0,false
openjpa-kernel/src/main/java/org/apache/openjpa/instrumentation/jmx/JMXProvider.java,123.0,11.0,28.0,8.0,32.0,33.0,26.0,struberg@13f79535-47bb-0310-9956-ffa450edef68,1,0.022727272727272728,17.0,0.0,17.0,0.0,256.70588235294116,2787.4068377203976,1,1,0.3053816495511819,true
openjpa-kernel/src/main/java/org/apache/openjpa/kernel/AbstractPCData.java,283.0,16.0,89.0,14.0,94.0,53.0,0.0,null,0,0.0,0.0,0.0,0.0,0.0,0.0,0.0,0,2,0.0,false
openjpa-kernel/src/main/java/org/apache/openjpa/kernel/AttachStrategy.java,383.0,16.0,116.0,17.0,162.0,77.0,0.0,null,0,0.0,0.0,0.0,0.0,0.0,0.0,0.0,0,2,0.0,false
openjpa-kernel/src/main/java/org/apache/openjpa/kernel/AuditManager.java,258.0,20.0,121.0,18.0,37.0,46.0,26.0,ppoddar@13f79535-47bb-0310-9956-ffa450edef68,1,0.022727272727272728,14.0,0.0,14.0,0.0,256.70588235294116,2787.4068377203976,1,0,0.3053816495511819,true
openjpa-kernel/src/main/java/org/apache/openjpa/kernel/BrokerImpl.java,3823.0,77.0,30793.0,275.0,1240.0,909.0,26.0,null,1,0.022727272727272728,1.0,0.0,1.0,0.0,256.70588235294116,2787.4068377203976,1,21,0.3053816495511819,true
openjpa-kernel/src/main/java/org/apache/openjpa/kernel/DelegatingBroker.java,1404.0,15.0,0.0,184.0,349.0,620.0,0.0,ppoddar@13f79535-47bb-0310-9956-ffa450edef68,0,0.0,0.0,0.0,0.0,0.0,0.0,0.0,0,3,0.0,false
openjpa-kernel/src/main/java/org/apache/openjpa/kernel/DelegatingBrokerFactory.java,190.0,4.0,0.0,25.0,41.0,78.0,0.0,null,0,0.0,0.0,0.0,0.0,0.0,0.0,0.0,0,0,0.0,false
openjpa-kernel/src/main/java/org/apache/openjpa/kernel/DelegatingExtent.java,139.0,3.0,0.0,18.0,28.0,55.0,0.0,struberg@13f79535-47bb-0310-9956-ffa450edef68,0,0.0,0.0,0.0,0.0,0.0,0.0,0.0,0,0,0.0,false
openjpa-kernel/src/main/java/org/apache/openjpa/kernel/DelegatingFetchConfiguration.java,553.0,7.0,0.0,67.0,126.0,249.0,0.0,null,0,0.0,0.0,0.0,0.0,0.0,0.0,0.0,0,1,0.0,false
openjpa-kernel/src/main/java/org/apache/openjpa/kernel/DelegatingQuery.java,614.0,8.0,0.0,78.0,146.0,275.0,0.0,ppoddar@13f79535-47bb-0310-9956-ffa450edef68,0,0.0,0.0,0.0,0.0,0.0,0.0,0.0,0,2,0.0,false
openjpa-kernel/src/main/java/org/apache/openjpa/kernel/DelegatingResultList.java,405.0,7.0,0.0,37.0,65.0,130.0,0.0,ppoddar@13f79535-47bb-0310-9956-ffa450edef68,0,0.0,0.0,0.0,0.0,0.0,0.0,0.0,0,0,0.0,false
openjpa-kernel/src/main/java/org/apache/openjpa/kernel/DelegatingSeq.java,90.0,2.0,8.0,12.0,16.0,32.0,0.0,struberg@13f79535-47bb-0310-9956-ffa450edef68,0,0.0,0.0,0.0,0.0,0.0,0.0,0.0,0,0,0.0,false
openjpa-kernel/src/main/java/org/apache/openjpa/kernel/DetachManager.java,575.0,30.0,71.0,14.0,136.0,70.0,0.0,null,0,0.0,0.0,0.0,0.0,0.0,0.0,0.0,0,1,0.0,false
openjpa-kernel/src/main/java/org/apache/openjpa/kernel/DetachedStateAttachStrategy.java,93.0,10.0,3.0,3.0,51.0,15.0,0.0,pcl@13f79535-47bb-0310-9956-ffa450edef68,0,0.0,0.0,0.0,0.0,0.0,0.0,0.0,0,1,0.0,false
openjpa-kernel/src/main/java/org/apache/openjpa/kernel/DetachedStateManager.java,700.0,19.0,7406.0,125.0,170.0,262.0,0.0,null,0,0.0,0.0,0.0,0.0,0.0,0.0,0.0,0,4,0.0,false
openjpa-kernel/src/main/java/org/apache/openjpa/kernel/ExtentImpl.java,231.0,17.0,28.0,12.0,37.0,35.0,0.0,ppoddar@13f79535-47bb-0310-9956-ffa450edef68,0,0.0,0.0,0.0,0.0,0.0,0.0,0.0,0,0,0.0,false
openjpa-kernel/src/main/java/org/apache/openjpa/kernel/FetchConfigurationImpl.java,769.0,29.0,67.0,94.0,248.0,287.0,0.0,ppoddar@13f79535-47bb-0310-9956-ffa450edef68,0,0.0,0.0,0.0,0.0,0.0,0.0,0.0,0,5,0.0,false
openjpa-kernel/src/main/java/org/apache/openjpa/kernel/Filters.java,753.0,23.0,451.0,35.0,142.0,152.0,0.0,ppoddar@13f79535-47bb-0310-9956-ffa450edef68,0,0.0,0.0,0.0,0.0,0.0,0.0,0.0,0,3,0.0,false
openjpa-kernel/src/main/java/org/apache/openjpa/kernel/FinderQuery.java,27.0,0.0,6.0,4.0,0.0,7.0,0.0,struberg@13f79535-47bb-0310-9956-ffa450edef68,0,0.0,0.0,0.0,0.0,0.0,0.0,0.0,0,0,0.0,false
openjpa-kernel/src/main/java/org/apache/openjpa/kernel/MethodStoreQuery.java,184.0,21.0,19.0,7.0,9.0,17.0,0.0,ppoddar@13f79535-47bb-0310-9956-ffa450edef68,0,0.0,0.0,0.0,0.0,0.0,0.0,0.0,0,1,0.0,false
openjpa-kernel/src/main/java/org/apache/openjpa/kernel/ObjectIdStateManager.java,520.0,18.0,9969.0,142.0,107.0,274.0,0.0,null,0,0.0,0.0,0.0,0.0,0.0,0.0,0.0,0,2,0.0,false
openjpa-kernel/src/main/java/org/apache/openjpa/kernel/OpenJPAStateManager.java,323.0,7.0,2556.0,72.0,0.0,125.0,26.0,struberg@13f79535-47bb-0310-9956-ffa450edef68,1,0.022727272727272728,20.0,0.0,20.0,0.0,256.70588235294116,2787.4068377203976,1,1,0.3053816495511819,true
openjpa-kernel/src/main/java/org/apache/openjpa/kernel/OrderingMergedResultObjectProvider.java,55.0,3.0,1.0,3.0,1.0,6.0,0.0,struberg@13f79535-47bb-0310-9956-ffa450edef68,0,0.0,0.0,0.0,0.0,0.0,0.0,0.0,0,0,0.0,false
openjpa-kernel/src/main/java/org/apache/openjpa/kernel/PCDataImpl.java,240.0,4.0,461.0,34.0,98.0,90.0,0.0,null,0,0.0,0.0,0.0,0.0,0.0,0.0,0.0,0,1,0.0,false
openjpa-kernel/src/main/java/org/apache/openjpa/kernel/PNewProvisionalState.java,57.0,0.0,105.0,15.0,6.0,29.0,26.0,struberg@13f79535-47bb-0310-9956-ffa450edef68,1,0.022727272727272728,25.0,0.0,25.0,0.0,256.70588235294116,2787.4068377203976,1,0,0.3053816495511819,true
openjpa-kernel/src/main/java/org/apache/openjpa/kernel/QueryImpl.java,1571.0,49.0,3816.0,108.0,486.0,333.0,0.0,ppoddar@13f79535-47bb-0310-9956-ffa450edef68,0,0.0,0.0,0.0,0.0,0.0,0.0,0.0,0,6,0.0,false
openjpa-kernel/src/main/java/org/apache/openjpa/kernel/ResultPacker.java,257.0,22.0,31.0,11.0,50.0,48.0,0.0,ppoddar@13f79535-47bb-0310-9956-ffa450edef68,0,0.0,0.0,0.0,0.0,0.0,0.0,0.0,0,2,0.0,true
openjpa-kernel/src/main/java/org/apache/openjpa/kernel/SaveFieldManager.java,135.0,12.0,0.0,10.0,50.0,31.0,3.0,pcl@13f79535-47bb-0310-9956-ffa450edef68,1,0.022727272727272728,14.0,14.0,14.0,0.0,256.70588235294116,2787.4068377203976,1,2,0.3053816495511819,false
openjpa-kernel/src/main/java/org/apache/openjpa/kernel/SavepointFieldManager.java,153.0,14.0,37.0,15.0,46.0,41.0,3.0,struberg@13f79535-47bb-0310-9956-ffa450edef68,1,0.022727272727272728,33.0,33.0,33.0,0.0,256.70588235294116,2787.4068377203976,1,1,0.3053816495511819,false
openjpa-kernel/src/main/java/org/apache/openjpa/kernel/StateManagerImpl.java,2419.0,49.0,14693.0,238.0,1126.0,716.0,26.0,null,1,0.022727272727272728,1.0,0.0,1.0,0.0,256.70588235294116,2787.4068377203976,1,18,0.3053816495511819,true
openjpa-kernel/src/main/java/org/apache/openjpa/kernel/TransferFieldManager.java,89.0,1.0,0.0,21.0,0.0,31.0,3.0,struberg@13f79535-47bb-0310-9956-ffa450edef68,1,0.022727272727272728,50.0,50.0,50.0,0.0,256.70588235294116,2787.4068377203976,1,0,0.3053816495511819,false
openjpa-kernel/src/main/java/org/apache/openjpa/kernel/VersionAttachStrategy.java,255.0,18.0,66.0,12.0,120.0,59.0,0.0,pcl@13f79535-47bb-0310-9956-ffa450edef68,0,0.0,0.0,0.0,0.0,0.0,0.0,0.0,0,1,0.0,false
openjpa-kernel/src/main/java/org/apache/openjpa/kernel/exps/AbstractExpressionBuilder.java,376.0,19.0,440.0,32.0,113.0,99.0,26.0,null,1,0.022727272727272728,5.0,0.0,5.0,0.0,256.70588235294116,2787.4068377203976,1,3,0.3053816495511819,true
openjpa-kernel/src/main/java/org/apache/openjpa/kernel/exps/AbstractExpressionVisitor.java,14.0,0.0,6.0,4.0,0.0,4.0,0.0,struberg@13f79535-47bb-0310-9956-ffa450edef68,0,0.0,0.0,0.0,0.0,0.0,0.0,0.0,0,0,0.0,false
openjpa-kernel/src/main/java/org/apache/openjpa/kernel/exps/Context.java,160.0,7.0,151.0,23.0,15.0,49.0,26.0,struberg@13f79535-47bb-0310-9956-ffa450edef68,1,0.022727272727272728,25.0,0.0,25.0,0.0,256.70588235294116,2787.4068377203976,1,1,0.3053816495511819,true
openjpa-kernel/src/main/java/org/apache/openjpa/kernel/exps/ExpressionFactory.java,353.0,2.0,3240.0,81.0,0.0,105.0,0.0,fancy@13f79535-47bb-0310-9956-ffa450edef68,0,0.0,0.0,0.0,0.0,0.0,0.0,0.0,0,1,0.0,false
openjpa-kernel/src/main/java/org/apache/openjpa/kernel/exps/ExpressionParser.java,26.0,3.0,10.0,5.0,0.0,7.0,0.0,struberg@13f79535-47bb-0310-9956-ffa450edef68,0,0.0,0.0,0.0,0.0,0.0,0.0,0.0,0,0,0.0,false
openjpa-kernel/src/main/java/org/apache/openjpa/kernel/exps/InMemoryExpressionFactory.java,508.0,19.0,4089.0,91.0,64.0,215.0,0.0,fancy@13f79535-47bb-0310-9956-ffa450edef68,0,0.0,0.0,0.0,0.0,0.0,0.0,0.0,0,1,0.0,false
openjpa-kernel/src/main/java/org/apache/openjpa/kernel/exps/Literal.java,29.0,0.0,3.0,3.0,0.0,3.0,0.0,faywang@13f79535-47bb-0310-9956-ffa450edef68,0,0.0,0.0,0.0,0.0,0.0,0.0,0.0,0,0,0.0,false
openjpa-kernel/src/main/java/org/apache/openjpa/kernel/exps/Parameter.java,14.0,0.0,1.0,2.0,0.0,2.0,0.0,struberg@13f79535-47bb-0310-9956-ffa450edef68,0,0.0,0.0,0.0,0.0,0.0,0.0,0.0,0,0,0.0,false
openjpa-kernel/src/main/java/org/apache/openjpa/kernel/exps/Path.java,37.0,2.0,36.0,9.0,0.0,13.0,26.0,wisneskid@13f79535-47bb-0310-9956-ffa450edef68,1,0.022727272727272728,17.0,0.0,17.0,0.0,256.70588235294116,2787.4068377203976,1,0,0.3053816495511819,true
openjpa-kernel/src/main/java/org/apache/openjpa/kernel/exps/QueryExpressions.java,135.0,14.0,13.0,6.0,5.0,13.0,26.0,ppoddar@13f79535-47bb-0310-9956-ffa450edef68,1,0.022727272727272728,5.0,0.0,5.0,0.0,256.70588235294116,2787.4068377203976,1,1,0.3053816495511819,true
openjpa-kernel/src/main/java/org/apache/openjpa/kernel/exps/Resolver.java,27.0,2.0,10.0,5.0,0.0,11.0,0.0,struberg@13f79535-47bb-0310-9956-ffa450edef68,0,0.0,0.0,0.0,0.0,0.0,0.0,0.0,0,0,0.0,false
openjpa-kernel/src/main/java/org/apache/openjpa/kernel/exps/StringContains.java,24.0,1.0,10.0,5.0,2.0,11.0,0.0,struberg@13f79535-47bb-0310-9956-ffa450edef68,0,0.0,0.0,0.0,0.0,0.0,0.0,0.0,0,0,0.0,false
openjpa-kernel/src/main/java/org/apache/openjpa/kernel/exps/Val.java,88.0,6.0,97.0,15.0,13.0,31.0,0.0,fancy@13f79535-47bb-0310-9956-ffa450edef68,0,0.0,0.0,0.0,0.0,0.0,0.0,0.0,0,0,0.0,false
openjpa-kernel/src/main/java/org/apache/openjpa/kernel/exps/WildcardMatch.java,26.0,2.0,10.0,5.0,5.0,12.0,0.0,struberg@13f79535-47bb-0310-9956-ffa450edef68,0,0.0,0.0,0.0,0.0,0.0,0.0,0.0,0,0,0.0,false
openjpa-kernel/src/main/java/org/apache/openjpa/kernel/jpql/JPQLExpressionBuilder.java,1541.0,47.0,4882.0,100.0,596.0,366.0,0.0,null,0,0.0,0.0,0.0,0.0,0.0,0.0,0.0,0,13,0.0,false
openjpa-kernel/src/main/java/org/apache/openjpa/kernel/jpql/JPQLParser.java,38.0,9.0,8.0,5.0,9.0,16.0,0.0,null,0,0.0,0.0,0.0,0.0,0.0,0.0,0.0,0,1,0.0,false
openjpa-kernel/src/main/java/org/apache/openjpa/kernel/jpql/SimpleNode.java,9.0,0.0,0.0,1.0,0.0,1.0,0.0,struberg@13f79535-47bb-0310-9956-ffa450edef68,0,0.0,0.0,0.0,0.0,0.0,0.0,0.0,0,0,0.0,false
openjpa-kernel/src/main/java/org/apache/openjpa/meta/AccessCode.java,134.0,2.0,155.0,22.0,52.0,60.0,26.0,jrbauer@13f79535-47bb-0310-9956-ffa450edef68,1,0.022727272727272728,14.0,0.0,14.0,0.0,256.70588235294116,2787.4068377203976,1,2,0.3053816495511819,true
openjpa-kernel/src/main/java/org/apache/openjpa/meta/ClassMetaData.java,1981.0,51.0,11776.0,168.0,562.0,537.0,0.0,null,0,0.0,0.0,0.0,0.0,0.0,0.0,0.0,0,9,0.0,true
openjpa-kernel/src/main/java/org/apache/openjpa/meta/DelegatingMetaDataFactory.java,86.0,5.0,0.0,23.0,21.0,37.0,0.0,curtisr7@13f79535-47bb-0310-9956-ffa450edef68,0,0.0,0.0,0.0,0.0,0.0,0.0,0.0,0,0,0.0,false
openjpa-kernel/src/main/java/org/apache/openjpa/meta/FieldMetaData.java,1737.0,47.0,13233.0,178.0,390.0,488.0,26.0,null,1,0.022727272727272728,2.0,0.0,2.0,0.0,256.70588235294116,2787.4068377203976,1,6,0.3053816495511819,true
openjpa-kernel/src/main/java/org/apache/openjpa/meta/InheritanceComparator.java,50.0,2.0,4.0,5.0,8.0,13.0,0.0,pcl@13f79535-47bb-0310-9956-ffa450edef68,0,0.0,0.0,0.0,0.0,0.0,0.0,0.0,0,1,0.0,false
openjpa-kernel/src/main/java/org/apache/openjpa/meta/JavaTypes.java,332.0,22.0,108.0,16.0,64.0,54.0,26.0,null,1,0.022727272727272728,6.0,0.0,6.0,0.0,256.70588235294116,2787.4068377203976,1,1,0.3053816495511819,true
openjpa-kernel/src/main/java/org/apache/openjpa/meta/MetaDataDefaults.java,86.0,3.0,153.0,18.0,0.0,27.0,0.0,faywang@13f79535-47bb-0310-9956-ffa450edef68,0,0.0,0.0,0.0,0.0,0.0,0.0,0.0,0,1,0.0,false
openjpa-kernel/src/main/java/org/apache/openjpa/meta/MetaDataInheritanceComparator.java,26.0,0.0,1.0,2.0,6.0,8.0,0.0,struberg@13f79535-47bb-0310-9956-ffa450edef68,0,0.0,0.0,0.0,0.0,0.0,0.0,0.0,0,1,0.0,false
openjpa-kernel/src/main/java/org/apache/openjpa/meta/MetaDataRepository.java,1813.0,39.0,7289.0,142.0,457.0,512.0,26.0,null,1,0.022727272727272728,2.0,0.0,2.0,0.0,256.70588235294116,2787.4068377203976,1,7,0.3053816495511819,true
openjpa-kernel/src/main/java/org/apache/openjpa/meta/NoneMetaDataFactory.java,110.0,7.0,741.0,39.0,0.0,65.0,0.0,null,0,0.0,0.0,0.0,0.0,0.0,0.0,0.0,0,1,0.0,false
openjpa-kernel/src/main/java/org/apache/openjpa/meta/ValueMetaDataImpl.java,330.0,3.0,550.0,48.0,108.0,123.0,0.0,null,0,0.0,0.0,0.0,0.0,0.0,0.0,0.0,0,0,0.0,false
openjpa-kernel/src/main/java/org/apache/openjpa/meta/XMLClassMetaData.java,77.0,2.0,139.0,19.0,3.0,30.0,26.0,wisneskid@13f79535-47bb-0310-9956-ffa450edef68,1,0.022727272727272728,33.0,0.0,33.0,0.0,256.70588235294116,2787.4068377203976,1,0,0.3053816495511819,true
openjpa-kernel/src/main/java/org/apache/openjpa/meta/XMLMetaData.java,82.0,1.0,136.0,17.0,0.0,23.0,26.0,wisneskid@13f79535-47bb-0310-9956-ffa450edef68,1,0.022727272727272728,12.0,0.0,12.0,0.0,256.70588235294116,2787.4068377203976,1,1,0.3053816495511819,true
openjpa-kernel/src/main/java/org/apache/openjpa/util/AbstractChangeTracker.java,153.0,6.0,143.0,22.0,18.0,49.0,0.0,struberg@13f79535-47bb-0310-9956-ffa450edef68,0,0.0,0.0,0.0,0.0,0.0,0.0,0.0,0,0,0.0,false
openjpa-kernel/src/main/java/org/apache/openjpa/util/ApplicationIds.java,450.0,22.0,78.0,13.0,152.0,66.0,0.0,null,0,0.0,0.0,0.0,0.0,0.0,0.0,0.0,0,2,0.0,false
openjpa-kernel/src/main/java/org/apache/openjpa/util/ArrayStateImage.java,57.0,2.0,15.0,6.0,6.0,17.0,0.0,struberg@13f79535-47bb-0310-9956-ffa450edef68,0,0.0,0.0,0.0,0.0,0.0,0.0,0.0,0,0,0.0,false
openjpa-kernel/src/main/java/org/apache/openjpa/util/CollectionChangeTrackerImpl.java,73.0,2.0,12.0,9.0,19.0,21.0,0.0,struberg@13f79535-47bb-0310-9956-ffa450edef68,0,0.0,0.0,0.0,0.0,0.0,0.0,0.0,0,1,0.0,false
openjpa-kernel/src/main/java/org/apache/openjpa/util/DelayedCollectionChangeTrackerImpl.java,30.0,2.0,6.0,4.0,6.0,8.0,0.0,struberg@13f79535-47bb-0310-9956-ffa450edef68,0,0.0,0.0,0.0,0.0,0.0,0.0,0.0,0,0,0.0,false
openjpa-kernel/src/main/java/org/apache/openjpa/util/DelayedProxy.java,41.0,2.0,36.0,9.0,0.0,12.0,0.0,struberg@13f79535-47bb-0310-9956-ffa450edef68,0,0.0,0.0,0.0,0.0,0.0,0.0,0.0,0,1,0.0,false
openjpa-kernel/src/main/java/org/apache/openjpa/util/Exceptions.java,152.0,11.0,66.0,12.0,46.0,50.0,0.0,null,0,0.0,0.0,0.0,0.0,0.0,0.0,0.0,0,3,0.0,false
openjpa-kernel/src/main/java/org/apache/openjpa/util/ImplHelper.java,182.0,28.0,103.0,15.0,57.0,58.0,0.0,pcl@13f79535-47bb-0310-9956-ffa450edef68,0,0.0,0.0,0.0,0.0,0.0,0.0,0.0,0,3,0.0,false
openjpa-kernel/src/main/java/org/apache/openjpa/util/MapChangeTrackerImpl.java,67.0,1.0,4.0,9.0,28.0,26.0,0.0,struberg@13f79535-47bb-0310-9956-ffa450edef68,0,0.0,0.0,0.0,0.0,0.0,0.0,0.0,0,1,0.0,false
openjpa-kernel/src/main/java/org/apache/openjpa/util/OptimisticException.java,26.0,3.0,4.0,5.0,8.0,6.0,0.0,struberg@13f79535-47bb-0310-9956-ffa450edef68,0,0.0,0.0,0.0,0.0,0.0,0.0,0.0,0,0,0.0,false
openjpa-kernel/src/main/java/org/apache/openjpa/util/ProxyCollections.java,471.0,10.0,1581.0,58.0,168.0,145.0,0.0,null,0,0.0,0.0,0.0,0.0,0.0,0.0,0.0,0,1,0.0,false
openjpa-kernel/src/main/java/org/apache/openjpa/util/ProxyManagerImpl.java,1231.0,45.0,2109.0,67.0,541.0,234.0,26.0,null,1,0.022727272727272728,4.0,0.0,4.0,0.0,256.70588235294116,2787.4068377203976,1,5,0.3053816495511819,true
openjpa-kernel/src/main/java/org/apache/openjpa/util/ProxyMaps.java,226.0,7.0,105.0,15.0,42.0,44.0,0.0,faywang@13f79535-47bb-0310-9956-ffa450edef68,0,0.0,0.0,0.0,0.0,0.0,0.0,0.0,0,1,0.0,false
openjpa-kernel/src/main/java/org/apache/openjpa/util/RuntimeExceptionTranslator.java,10.0,1.0,0.0,1.0,0.0,1.0,0.0,struberg@13f79535-47bb-0310-9956-ffa450edef68,0,0.0,0.0,0.0,0.0,0.0,0.0,0.0,0,0,0.0,false
openjpa-kernel/src/main/java/org/apache/openjpa/util/Serialization.java,126.0,17.0,3.0,3.0,5.0,11.0,0.0,null,0,0.0,0.0,0.0,0.0,0.0,0.0,0.0,0,1,0.0,false
openjpa-kernel/src/main/java/org/apache/openjpa/validation/ValidatingLifecycleEventManager.java,80.0,6.0,38.0,12.0,10.0,30.0,26.0,kwsutter@13f79535-47bb-0310-9956-ffa450edef68,1,0.022727272727272728,11.0,0.0,11.0,0.0,256.70588235294116,2787.4068377203976,1,3,0.3053816495511819,true
openjpa-lib/src/main/java/org/apache/openjpa/lib/ant/AbstractTask.java,126.0,20.0,89.0,15.0,44.0,39.0,0.0,null,0,0.0,0.0,0.0,0.0,0.0,0.0,0.0,0,1,0.0,false
openjpa-lib/src/main/java/org/apache/openjpa/lib/conf/ConfigurationImpl.java,690.0,49.0,2024.0,68.0,236.0,200.0,0.0,ppoddar@13f79535-47bb-0310-9956-ffa450edef68,0,0.0,0.0,0.0,0.0,0.0,0.0,0.0,0,5,0.0,false
openjpa-lib/src/main/java/org/apache/openjpa/lib/conf/ConfigurationProvider.java,22.0,1.0,6.0,4.0,0.0,6.0,0.0,ppoddar@13f79535-47bb-0310-9956-ffa450edef68,0,0.0,0.0,0.0,0.0,0.0,0.0,0.0,0,0,0.0,false
openjpa-lib/src/main/java/org/apache/openjpa/lib/conf/Configurations.java,493.0,26.0,454.0,32.0,157.0,132.0,0.0,null,0,0.0,0.0,0.0,0.0,0.0,0.0,0.0,0,3,0.0,false
openjpa-lib/src/main/java/org/apache/openjpa/lib/conf/MapConfigurationProvider.java,41.0,5.0,9.0,7.0,11.0,14.0,0.0,curtisr7@13f79535-47bb-0310-9956-ffa450edef68,0,0.0,0.0,0.0,0.0,0.0,0.0,0.0,0,0,0.0,false
openjpa-lib/src/main/java/org/apache/openjpa/lib/conf/ProductDerivations.java,332.0,18.0,73.0,19.0,70.0,80.0,0.0,null,0,0.0,0.0,0.0,0.0,0.0,0.0,0.0,0,5,0.0,false
openjpa-lib/src/main/java/org/apache/openjpa/lib/graph/BreadthFirstWalk.java,79.0,7.0,0.0,8.0,20.0,20.0,0.0,struberg@13f79535-47bb-0310-9956-ffa450edef68,0,0.0,0.0,0.0,0.0,0.0,0.0,0.0,0,0,0.0,false
openjpa-lib/src/main/java/org/apache/openjpa/lib/graph/DepthFirstAnalysis.java,219.0,11.0,39.0,11.0,42.0,39.0,0.0,mikedd@13f79535-47bb-0310-9956-ffa450edef68,0,0.0,0.0,0.0,0.0,0.0,0.0,0.0,0,0,0.0,false
openjpa-lib/src/main/java/org/apache/openjpa/lib/graph/Edge.java,159.0,1.0,134.0,20.0,7.0,42.0,0.0,mikedd@13f79535-47bb-0310-9956-ffa450edef68,0,0.0,0.0,0.0,0.0,0.0,0.0,0.0,0,0,0.0,false
openjpa-lib/src/main/java/org/apache/openjpa/lib/graph/Graph.java,134.0,6.0,0.0,12.0,36.0,39.0,0.0,mikedd@13f79535-47bb-0310-9956-ffa450edef68,0,0.0,0.0,0.0,0.0,0.0,0.0,0.0,0,0,0.0,false
openjpa-lib/src/main/java/org/apache/openjpa/lib/graph/GraphVisitor.java,19.0,0.0,3.0,3.0,0.0,4.0,0.0,struberg@13f79535-47bb-0310-9956-ffa450edef68,0,0.0,0.0,0.0,0.0,0.0,0.0,0.0,0,0,0.0,false
openjpa-lib/src/main/java/org/apache/openjpa/lib/identifier/IdentifierConfiguration.java,55.0,1.0,66.0,12.0,0.0,23.0,0.0,struberg@13f79535-47bb-0310-9956-ffa450edef68,0,0.0,0.0,0.0,0.0,0.0,0.0,0.0,0,0,0.0,false
openjpa-lib/src/main/java/org/apache/openjpa/lib/identifier/IdentifierUtilImpl.java,446.0,5.0,1561.0,67.0,173.0,202.0,0.0,curtisr7@13f79535-47bb-0310-9956-ffa450edef68,0,0.0,0.0,0.0,0.0,0.0,0.0,0.0,0,2,0.0,false
openjpa-lib/src/main/java/org/apache/openjpa/lib/instrumentation/Instrument.java,69.0,0.0,91.0,14.0,0.0,34.0,0.0,struberg@13f79535-47bb-0310-9956-ffa450edef68,0,0.0,0.0,0.0,0.0,0.0,0.0,0.0,0,0,0.0,false
openjpa-lib/src/main/java/org/apache/openjpa/lib/instrumentation/InstrumentationProvider.java,109.0,2.0,190.0,20.0,0.0,37.0,0.0,struberg@13f79535-47bb-0310-9956-ffa450edef68,0,0.0,0.0,0.0,0.0,0.0,0.0,0.0,0,0,0.0,false
openjpa-lib/src/main/java/org/apache/openjpa/lib/jdbc/ConfiguringConnectionDecorator.java,97.0,4.0,3.0,7.0,1.0,16.0,0.0,ppoddar@13f79535-47bb-0310-9956-ffa450edef68,0,0.0,0.0,0.0,0.0,0.0,0.0,0.0,0,0,0.0,false
openjpa-lib/src/main/java/org/apache/openjpa/lib/jdbc/DataSourceLogs.java,92.0,4.0,38.0,13.0,18.0,23.0,0.0,struberg@13f79535-47bb-0310-9956-ffa450edef68,0,0.0,0.0,0.0,0.0,0.0,0.0,0.0,0,0,0.0,false
openjpa-lib/src/main/java/org/apache/openjpa/lib/jdbc/DecoratingDataSource.java,57.0,7.0,6.0,9.0,8.0,21.0,0.0,null,0,0.0,0.0,0.0,0.0,0.0,0.0,0.0,0,0,0.0,false
openjpa-lib/src/main/java/org/apache/openjpa/lib/jdbc/JDBCEventConnectionDecorator.java,354.0,6.0,3.0,3.0,16.0,10.0,0.0,null,0,0.0,0.0,0.0,0.0,0.0,0.0,0.0,0,1,0.0,false
openjpa-lib/src/main/java/org/apache/openjpa/lib/jdbc/LoggingConnectionDecorator.java,1870.0,29.0,139.0,18.0,10.0,44.0,0.0,null,0,0.0,0.0,0.0,0.0,0.0,0.0,0.0,0,3,0.0,false
openjpa-lib/src/main/java/org/apache/openjpa/lib/jdbc/ReportingSQLException.java,60.0,2.0,16.0,8.0,7.0,18.0,0.0,null,0,0.0,0.0,0.0,0.0,0.0,0.0,0.0,0,1,0.0,false
openjpa-lib/src/main/java/org/apache/openjpa/lib/meta/CFMetaDataParser.java,242.0,7.0,243.0,26.0,63.0,81.0,0.0,mikedd@13f79535-47bb-0310-9956-ffa450edef68,0,0.0,0.0,0.0,0.0,0.0,0.0,0.0,0,1,0.0,false
openjpa-lib/src/main/java/org/apache/openjpa/lib/meta/CFMetaDataSerializer.java,56.0,6.0,4.0,5.0,11.0,18.0,0.0,struberg@13f79535-47bb-0310-9956-ffa450edef68,0,0.0,0.0,0.0,0.0,0.0,0.0,0.0,0,0,0.0,false
openjpa-lib/src/main/java/org/apache/openjpa/lib/meta/ClassAnnotationMetaDataFilter.java,138.0,4.0,24.0,9.0,27.0,29.0,0.0,struberg@13f79535-47bb-0310-9956-ffa450edef68,0,0.0,0.0,0.0,0.0,0.0,0.0,0.0,0,0,0.0,false
openjpa-lib/src/main/java/org/apache/openjpa/lib/meta/ClassArgParser.java,432.0,24.0,162.0,21.0,104.0,106.0,0.0,mikedd@13f79535-47bb-0310-9956-ffa450edef68,0,0.0,0.0,0.0,0.0,0.0,0.0,0.0,0,1,0.0,false
openjpa-lib/src/main/java/org/apache/openjpa/lib/meta/ClassMetaDataIterator.java,110.0,15.0,7.0,7.0,41.0,27.0,0.0,mikedd@13f79535-47bb-0310-9956-ffa450edef68,0,0.0,0.0,0.0,0.0,0.0,0.0,0.0,0,1,0.0,false
openjpa-lib/src/main/java/org/apache/openjpa/lib/meta/ClasspathMetaDataIterator.java,42.0,8.0,3.0,3.0,12.0,13.0,0.0,mikedd@13f79535-47bb-0310-9956-ffa450edef68,0,0.0,0.0,0.0,0.0,0.0,0.0,0.0,0,1,0.0,false
openjpa-lib/src/main/java/org/apache/openjpa/lib/meta/FileMetaDataIterator.java,116.0,17.0,10.0,8.0,22.0,30.0,0.0,mikedd@13f79535-47bb-0310-9956-ffa450edef68,0,0.0,0.0,0.0,0.0,0.0,0.0,0.0,0,1,0.0,false
openjpa-lib/src/main/java/org/apache/openjpa/lib/meta/MetaDataFilter.java,23.0,1.0,0.0,1.0,0.0,2.0,0.0,struberg@13f79535-47bb-0310-9956-ffa450edef68,0,0.0,0.0,0.0,0.0,0.0,0.0,0.0,0,0,0.0,false
openjpa-lib/src/main/java/org/apache/openjpa/lib/meta/MetaDataIteratorChain.java,63.0,6.0,4.0,8.0,10.0,25.0,0.0,struberg@13f79535-47bb-0310-9956-ffa450edef68,0,0.0,0.0,0.0,0.0,0.0,0.0,0.0,0,0,0.0,false
openjpa-lib/src/main/java/org/apache/openjpa/lib/meta/MetaDataParser.java,44.0,5.0,36.0,9.0,0.0,20.0,0.0,null,0,0.0,0.0,0.0,0.0,0.0,0.0,0.0,0,0,0.0,false
openjpa-lib/src/main/java/org/apache/openjpa/lib/meta/MetaDataSerializer.java,31.0,4.0,6.0,4.0,0.0,13.0,0.0,struberg@13f79535-47bb-0310-9956-ffa450edef68,0,0.0,0.0,0.0,0.0,0.0,0.0,0.0,0,0,0.0,false
openjpa-lib/src/main/java/org/apache/openjpa/lib/meta/ResourceMetaDataIterator.java,59.0,13.0,1.0,7.0,25.0,24.0,0.0,mikedd@13f79535-47bb-0310-9956-ffa450edef68,0,0.0,0.0,0.0,0.0,0.0,0.0,0.0,0,1,0.0,false
openjpa-lib/src/main/java/org/apache/openjpa/lib/meta/SuffixMetaDataFilter.java,17.0,0.0,0.0,2.0,2.0,4.0,0.0,struberg@13f79535-47bb-0310-9956-ffa450edef68,0,0.0,0.0,0.0,0.0,0.0,0.0,0.0,0,0,0.0,false
openjpa-lib/src/main/java/org/apache/openjpa/lib/meta/URLMetaDataIterator.java,40.0,8.0,0.0,6.0,9.0,18.0,0.0,mikedd@13f79535-47bb-0310-9956-ffa450edef68,0,0.0,0.0,0.0,0.0,0.0,0.0,0.0,0,1,0.0,false
openjpa-lib/src/main/java/org/apache/openjpa/lib/meta/XMLMetaDataParser.java,509.0,31.0,1964.0,68.0,104.0,175.0,0.0,null,0,0.0,0.0,0.0,0.0,0.0,0.0,0.0,0,2,0.0,false
openjpa-lib/src/main/java/org/apache/openjpa/lib/meta/XMLMetaDataSerializer.java,235.0,29.0,190.0,24.0,64.0,74.0,0.0,mikedd@13f79535-47bb-0310-9956-ffa450edef68,0,0.0,0.0,0.0,0.0,0.0,0.0,0.0,0,2,0.0,false
openjpa-lib/src/main/java/org/apache/openjpa/lib/meta/XMLVersionParser.java,44.0,2.0,4.0,5.0,6.0,11.0,0.0,curtisr7@13f79535-47bb-0310-9956-ffa450edef68,0,0.0,0.0,0.0,0.0,0.0,0.0,0.0,0,0,0.0,false
openjpa-lib/src/main/java/org/apache/openjpa/lib/meta/ZipFileMetaDataIterator.java,94.0,13.0,0.0,9.0,21.0,37.0,0.0,mikedd@13f79535-47bb-0310-9956-ffa450edef68,0,0.0,0.0,0.0,0.0,0.0,0.0,0.0,0,1,0.0,false
openjpa-lib/src/main/java/org/apache/openjpa/lib/meta/ZipStreamMetaDataIterator.java,83.0,8.0,4.0,8.0,11.0,25.0,0.0,struberg@13f79535-47bb-0310-9956-ffa450edef68,0,0.0,0.0,0.0,0.0,0.0,0.0,0.0,0,0,0.0,false
openjpa-lib/src/main/java/org/apache/openjpa/lib/rop/AbstractListIterator.java,16.0,2.0,0.0,3.0,6.0,6.0,0.0,struberg@13f79535-47bb-0310-9956-ffa450edef68,0,0.0,0.0,0.0,0.0,0.0,0.0,0.0,0,0,0.0,false
openjpa-lib/src/main/java/org/apache/openjpa/lib/rop/AbstractNonSequentialResultList.java,120.0,8.0,36.0,13.0,28.0,45.0,0.0,struberg@13f79535-47bb-0310-9956-ffa450edef68,0,0.0,0.0,0.0,0.0,0.0,0.0,0.0,0,0,0.0,false
openjpa-lib/src/main/java/org/apache/openjpa/lib/rop/AbstractResultList.java,50.0,3.0,87.0,14.0,15.0,28.0,0.0,null,0,0.0,0.0,0.0,0.0,0.0,0.0,0.0,0,1,0.0,false
openjpa-lib/src/main/java/org/apache/openjpa/lib/rop/AbstractSequentialResultList.java,62.0,6.0,66.0,12.0,41.0,33.0,0.0,struberg@13f79535-47bb-0310-9956-ffa450edef68,0,0.0,0.0,0.0,0.0,0.0,0.0,0.0,0,0,0.0,false
openjpa-lib/src/main/java/org/apache/openjpa/lib/rop/EagerResultList.java,26.0,1.0,0.0,1.0,7.0,4.0,0.0,struberg@13f79535-47bb-0310-9956-ffa450edef68,0,0.0,0.0,0.0,0.0,0.0,0.0,0.0,0,0,0.0,false
openjpa-lib/src/main/java/org/apache/openjpa/lib/rop/LazyForwardResultList.java,138.0,6.0,4.0,13.0,27.0,38.0,0.0,struberg@13f79535-47bb-0310-9956-ffa450edef68,0,0.0,0.0,0.0,0.0,0.0,0.0,0.0,0,0,0.0,false
openjpa-lib/src/main/java/org/apache/openjpa/lib/rop/ListResultList.java,84.0,4.0,0.0,20.0,24.0,38.0,0.0,struberg@13f79535-47bb-0310-9956-ffa450edef68,0,0.0,0.0,0.0,0.0,0.0,0.0,0.0,0,0,0.0,false
openjpa-lib/src/main/java/org/apache/openjpa/lib/rop/RandomAccessResultList.java,152.0,6.0,33.0,14.0,37.0,43.0,0.0,struberg@13f79535-47bb-0310-9956-ffa450edef68,0,0.0,0.0,0.0,0.0,0.0,0.0,0.0,0,0,0.0,false
openjpa-lib/src/main/java/org/apache/openjpa/lib/rop/RangeResultObjectProvider.java,73.0,2.0,0.0,11.0,16.0,33.0,0.0,struberg@13f79535-47bb-0310-9956-ffa450edef68,0,0.0,0.0,0.0,0.0,0.0,0.0,0.0,0,0,0.0,false
openjpa-lib/src/main/java/org/apache/openjpa/lib/rop/ResultListIterator.java,36.0,3.0,0.0,8.0,10.0,18.0,0.0,struberg@13f79535-47bb-0310-9956-ffa450edef68,0,0.0,0.0,0.0,0.0,0.0,0.0,0.0,0,0,0.0,false
openjpa-lib/src/main/java/org/apache/openjpa/lib/rop/ResultObjectProviderIterator.java,77.0,3.0,3.0,6.0,13.0,17.0,0.0,struberg@13f79535-47bb-0310-9956-ffa450edef68,0,0.0,0.0,0.0,0.0,0.0,0.0,0.0,0,0,0.0,false
openjpa-lib/src/main/java/org/apache/openjpa/lib/rop/SimpleResultList.java,77.0,4.0,0.0,7.0,16.0,25.0,0.0,struberg@13f79535-47bb-0310-9956-ffa450edef68,0,0.0,0.0,0.0,0.0,0.0,0.0,0.0,0,0,0.0,false
openjpa-lib/src/main/java/org/apache/openjpa/lib/rop/SoftRandomAccessResultList.java,12.0,2.0,1.0,2.0,0.0,3.0,0.0,struberg@13f79535-47bb-0310-9956-ffa450edef68,0,0.0,0.0,0.0,0.0,0.0,0.0,0.0,0,0,0.0,false
openjpa-lib/src/main/java/org/apache/openjpa/lib/rop/WindowResultList.java,118.0,4.0,4.0,9.0,21.0,32.0,0.0,struberg@13f79535-47bb-0310-9956-ffa450edef68,0,0.0,0.0,0.0,0.0,0.0,0.0,0.0,0,0,0.0,false
openjpa-lib/src/main/java/org/apache/openjpa/lib/util/Base16Encoder.java,31.0,0.0,1.0,2.0,4.0,9.0,0.0,struberg@13f79535-47bb-0310-9956-ffa450edef68,0,0.0,0.0,0.0,0.0,0.0,0.0,0.0,0,0,0.0,false
openjpa-lib/src/main/java/org/apache/openjpa/lib/util/ConcreteClassGenerator.java,123.0,9.0,36.0,9.0,39.0,32.0,0.0,ppoddar@13f79535-47bb-0310-9956-ffa450edef68,0,0.0,0.0,0.0,0.0,0.0,0.0,0.0,0,0,0.0,false
openjpa-lib/src/main/java/org/apache/openjpa/lib/util/Files.java,196.0,20.0,55.0,11.0,65.0,57.0,0.0,struberg@13f79535-47bb-0310-9956-ffa450edef68,0,0.0,0.0,0.0,0.0,0.0,0.0,0.0,0,1,0.0,false
openjpa-lib/src/main/java/org/apache/openjpa/lib/util/JavaVersions.java,78.0,5.0,0.0,4.0,13.0,19.0,0.0,ppoddar@13f79535-47bb-0310-9956-ffa450edef68,0,0.0,0.0,0.0,0.0,0.0,0.0,0.0,0,1,0.0,false
openjpa-lib/src/main/java/org/apache/openjpa/lib/util/LRUMap.java,50.0,4.0,46.0,12.0,12.0,21.0,0.0,struberg@13f79535-47bb-0310-9956-ffa450edef68,0,0.0,0.0,0.0,0.0,0.0,0.0,0.0,0,0,0.0,false
openjpa-lib/src/main/java/org/apache/openjpa/lib/util/Options.java,362.0,15.0,274.0,24.0,100.0,106.0,0.0,null,0,0.0,0.0,0.0,0.0,0.0,0.0,0.0,0,3,0.0,false
openjpa-lib/src/main/java/org/apache/openjpa/lib/util/ParameterTemplate.java,187.0,14.0,70.0,21.0,35.0,54.0,0.0,mikedd@13f79535-47bb-0310-9956-ffa450edef68,0,0.0,0.0,0.0,0.0,0.0,0.0,0.0,0,1,0.0,false
openjpa-lib/src/main/java/org/apache/openjpa/lib/util/ParseException.java,24.0,1.0,15.0,6.0,2.0,6.0,0.0,struberg@13f79535-47bb-0310-9956-ffa450edef68,0,0.0,0.0,0.0,0.0,0.0,0.0,0.0,0,0,0.0,false
openjpa-lib/src/main/java/org/apache/openjpa/lib/util/ReferenceHashMap.java,129.0,4.0,123.0,18.0,29.0,38.0,0.0,struberg@13f79535-47bb-0310-9956-ffa450edef68,0,0.0,0.0,0.0,0.0,0.0,0.0,0.0,0,0,0.0,false
openjpa-lib/src/main/java/org/apache/openjpa/lib/util/ReferenceHashSet.java,82.0,6.0,0.0,17.0,17.0,35.0,0.0,struberg@13f79535-47bb-0310-9956-ffa450edef68,0,0.0,0.0,0.0,0.0,0.0,0.0,0.0,0,1,0.0,false
openjpa-lib/src/main/java/org/apache/openjpa/lib/util/Services.java,135.0,16.0,45.0,10.0,42.0,39.0,0.0,mikedd@13f79535-47bb-0310-9956-ffa450edef68,0,0.0,0.0,0.0,0.0,0.0,0.0,0.0,0,2,0.0,false
openjpa-lib/src/main/java/org/apache/openjpa/lib/util/SimpleRegex.java,57.0,0.0,0.0,3.0,6.0,18.0,0.0,struberg@13f79535-47bb-0310-9956-ffa450edef68,0,0.0,0.0,0.0,0.0,0.0,0.0,0.0,0,0,0.0,false
openjpa-lib/src/main/java/org/apache/openjpa/lib/util/StringDistance.java,97.0,2.0,28.0,8.0,16.0,27.0,0.0,struberg@13f79535-47bb-0310-9956-ffa450edef68,0,0.0,0.0,0.0,0.0,0.0,0.0,0.0,0,0,0.0,false
openjpa-lib/src/main/java/org/apache/openjpa/lib/util/TemporaryClassLoader.java,61.0,4.0,10.0,5.0,18.0,16.0,0.0,struberg@13f79535-47bb-0310-9956-ffa450edef68,0,0.0,0.0,0.0,0.0,0.0,0.0,0.0,0,0,0.0,false
openjpa-lib/src/main/java/org/apache/openjpa/lib/util/TypedProperties.java,228.0,1.0,435.0,30.0,50.0,86.0,0.0,struberg@13f79535-47bb-0310-9956-ffa450edef68,0,0.0,0.0,0.0,0.0,0.0,0.0,0.0,0,0,0.0,false
openjpa-lib/src/main/java/org/apache/openjpa/lib/util/UUIDGenerator.java,148.0,6.0,35.0,10.0,22.0,33.0,0.0,mikedd@13f79535-47bb-0310-9956-ffa450edef68,0,0.0,0.0,0.0,0.0,0.0,0.0,0.0,0,2,0.0,true
openjpa-lib/src/main/java/org/apache/openjpa/lib/util/concurrent/ConcurrentReferenceHashSet.java,77.0,6.0,0.0,16.0,16.0,33.0,0.0,struberg@13f79535-47bb-0310-9956-ffa450edef68,0,0.0,0.0,0.0,0.0,0.0,0.0,0.0,0,0,0.0,false
openjpa-lib/src/main/java/org/apache/openjpa/lib/xml/Commentable.java,15.0,0.0,1.0,2.0,0.0,3.0,0.0,struberg@13f79535-47bb-0310-9956-ffa450edef68,0,0.0,0.0,0.0,0.0,0.0,0.0,0.0,0,0,0.0,false
openjpa-lib/src/main/java/org/apache/openjpa/lib/xml/DocTypeReader.java,153.0,5.0,10.0,16.0,23.0,54.0,0.0,struberg@13f79535-47bb-0310-9956-ffa450edef68,0,0.0,0.0,0.0,0.0,0.0,0.0,0.0,0,0,0.0,false
openjpa-lib/src/main/java/org/apache/openjpa/lib/xml/Location.java,39.0,3.0,8.0,8.0,10.0,15.0,0.0,struberg@13f79535-47bb-0310-9956-ffa450edef68,0,0.0,0.0,0.0,0.0,0.0,0.0,0.0,0,0,0.0,false
openjpa-lib/src/main/java/org/apache/openjpa/lib/xml/ValidatingErrorHandler.java,15.0,3.0,3.0,3.0,0.0,6.0,0.0,struberg@13f79535-47bb-0310-9956-ffa450edef68,0,0.0,0.0,0.0,0.0,0.0,0.0,0.0,0,0,0.0,false
openjpa-lib/src/main/java/org/apache/openjpa/lib/xml/XMLFactory.java,83.0,9.0,4.0,4.0,9.0,15.0,0.0,struberg@13f79535-47bb-0310-9956-ffa450edef68,0,0.0,0.0,0.0,0.0,0.0,0.0,0.0,0,0,0.0,false
openjpa-lib/src/main/java/org/apache/openjpa/lib/xml/XMLWriter.java,69.0,4.0,8.0,5.0,6.0,15.0,0.0,struberg@13f79535-47bb-0310-9956-ffa450edef68,0,0.0,0.0,0.0,0.0,0.0,0.0,0.0,0,0,0.0,false
openjpa-persistence-jdbc/src/main/java/org/apache/openjpa/persistence/jdbc/AnnotationPersistenceMappingParser.java,1550.0,79.0,2853.0,86.0,889.0,334.0,0.0,null,0,0.0,0.0,0.0,0.0,0.0,0.0,0.0,0,2,0.0,true
openjpa-persistence-jdbc/src/main/java/org/apache/openjpa/persistence/jdbc/AnnotationPersistenceMappingSerializer.java,462.0,58.0,501.0,34.0,174.0,118.0,0.0,jrbauer@13f79535-47bb-0310-9956-ffa450edef68,0,0.0,0.0,0.0,0.0,0.0,0.0,0.0,0,0,0.0,false
openjpa-persistence-jdbc/src/main/java/org/apache/openjpa/persistence/jdbc/JDBCFetchPlanImpl.java,193.0,12.0,826.0,53.0,37.0,104.0,0.0,pcl@13f79535-47bb-0310-9956-ffa450edef68,0,0.0,0.0,0.0,0.0,0.0,0.0,0.0,0,0,0.0,false
openjpa-persistence-jdbc/src/main/java/org/apache/openjpa/persistence/jdbc/JDBCPersistenceProductDerivation.java,62.0,18.0,15.0,6.0,11.0,14.0,0.0,ppoddar@13f79535-47bb-0310-9956-ffa450edef68,0,0.0,0.0,0.0,0.0,0.0,0.0,0.0,0,0,0.0,false
openjpa-persistence-jdbc/src/main/java/org/apache/openjpa/persistence/jdbc/MappingTag.java,0.0,0.0,0.0,0.0,0.0,0.0,0.0,faywang@13f79535-47bb-0310-9956-ffa450edef68,0,0.0,0.0,0.0,0.0,0.0,0.0,0.0,0,1,0.0,false
openjpa-persistence-jdbc/src/main/java/org/apache/openjpa/persistence/jdbc/PersistenceMappingDefaults.java,127.0,24.0,72.0,13.0,75.0,47.0,0.0,mikedd@13f79535-47bb-0310-9956-ffa450edef68,0,0.0,0.0,0.0,0.0,0.0,0.0,0.0,0,3,0.0,false
openjpa-persistence-jdbc/src/main/java/org/apache/openjpa/persistence/jdbc/PersistenceMappingFactory.java,27.0,8.0,6.0,4.0,12.0,11.0,0.0,mprudhom@13f79535-47bb-0310-9956-ffa450edef68,0,0.0,0.0,0.0,0.0,0.0,0.0,0.0,0,0,0.0,false
openjpa-persistence-jdbc/src/main/java/org/apache/openjpa/persistence/jdbc/XMLPersistenceMappingParser.java,1323.0,50.0,3391.0,86.0,556.0,305.0,0.0,null,0,0.0,0.0,0.0,0.0,0.0,0.0,0.0,0,3,0.0,true
openjpa-persistence-jdbc/src/main/java/org/apache/openjpa/persistence/jdbc/XMLPersistenceMappingSerializer.java,460.0,38.0,436.0,32.0,183.0,123.0,0.0,jrbauer@13f79535-47bb-0310-9956-ffa450edef68,0,0.0,0.0,0.0,0.0,0.0,0.0,0.0,0,0,0.0,false
openjpa-persistence-jdbc/src/test/java/org/apache/openjpa/persistence/callbacks/PostPersistEntity.java,34.0,4.0,8.0,5.0,5.0,10.0,0.0,struberg@13f79535-47bb-0310-9956-ffa450edef68,0,0.0,0.0,0.0,0.0,0.0,0.0,0.0,0,0,0.0,false
openjpa-persistence-jdbc/src/test/java/org/apache/openjpa/persistence/cascade/pudefault/TestPUDefaultCascadePersist.java,407.0,2.0,105.0,15.0,196.0,36.0,3.0,hthomann@13f79535-47bb-0310-9956-ffa450edef68,1,0.022727272727272728,67.0,0.0,0.0,0.0,50.57142857142857,415.6210860190938,1,0,1.55814461804655,true
openjpa-persistence-jdbc/src/test/java/org/apache/openjpa/persistence/common/utils/AbstractTestCase.java,776.0,49.0,2681.0,74.0,252.0,230.0,0.0,null,0,0.0,0.0,0.0,0.0,0.0,0.0,0.0,0,1,0.0,false
openjpa-persistence-jdbc/src/test/java/org/apache/openjpa/persistence/criteria/multiselect/DimDay.java,268.0,5.0,2772.0,76.0,0.0,114.0,6.0,hthomann@13f79535-47bb-0310-9956-ffa450edef68,1,0.022727272727272728,100.0,0.0,0.0,0.0,50.57142857142857,415.6210860190938,1,0,1.55814461804655,false
openjpa-persistence-jdbc/src/test/java/org/apache/openjpa/persistence/criteria/multiselect/DimDay_.java,40.0,5.0,0.0,0.0,0.0,0.0,6.0,hthomann@13f79535-47bb-0310-9956-ffa450edef68,1,0.022727272727272728,100.0,0.0,0.0,0.0,50.57142857142857,415.6210860190938,1,0,1.55814461804655,false
openjpa-persistence-jdbc/src/test/java/org/apache/openjpa/persistence/criteria/multiselect/FactWorkAssignment.java,177.0,5.0,1175.0,50.0,0.0,75.0,6.0,hthomann@13f79535-47bb-0310-9956-ffa450edef68,1,0.022727272727272728,100.0,0.0,0.0,0.0,50.57142857142857,415.6210860190938,1,0,1.55814461804655,false
openjpa-persistence-jdbc/src/test/java/org/apache/openjpa/persistence/criteria/multiselect/FactWorkAssignment_.java,27.0,7.0,0.0,0.0,0.0,0.0,6.0,hthomann@13f79535-47bb-0310-9956-ffa450edef68,1,0.022727272727272728,100.0,0.0,0.0,0.0,50.57142857142857,415.6210860190938,1,0,1.55814461804655,false
openjpa-persistence-jdbc/src/test/java/org/apache/openjpa/persistence/criteria/multiselect/TestCriteriaMultiselectAliasing.java,72.0,12.0,4.0,5.0,37.0,12.0,6.0,hthomann@13f79535-47bb-0310-9956-ffa450edef68,1,0.022727272727272728,100.0,0.0,0.0,0.0,50.57142857142857,415.6210860190938,1,0,1.55814461804655,false
openjpa-persistence-jdbc/src/test/java/org/apache/openjpa/persistence/datacache/TestDataCacheBehavesIdentical.java,293.0,12.0,0.0,29.0,91.0,72.0,0.0,ppoddar@13f79535-47bb-0310-9956-ffa450edef68,0,0.0,0.0,0.0,0.0,0.0,0.0,0.0,0,5,0.0,false
openjpa-persistence-jdbc/src/test/java/org/apache/openjpa/persistence/graph/Graph.java,56.0,1.0,21.0,7.0,0.0,16.0,0.0,struberg@13f79535-47bb-0310-9956-ffa450edef68,0,0.0,0.0,0.0,0.0,0.0,0.0,0.0,0,0,0.0,false
openjpa-persistence-jdbc/src/test/java/org/apache/openjpa/persistence/jpql/literals/TestLiteralInSQL.java,24.0,7.0,1.0,2.0,10.0,4.0,1.0,hthomann@13f79535-47bb-0310-9956-ffa450edef68,1,0.022727272727272728,50.0,0.0,0.0,0.0,50.57142857142857,415.6210860190938,1,0,1.55814461804655,false
openjpa-persistence-jdbc/src/test/java/org/apache/openjpa/persistence/kernel/TestFetchPlan.java,308.0,14.0,319.0,26.0,108.0,46.0,0.0,mikedd@13f79535-47bb-0310-9956-ffa450edef68,0,0.0,0.0,0.0,0.0,0.0,0.0,0.0,0,1,0.0,false
openjpa-persistence-jdbc/src/test/java/org/apache/openjpa/persistence/query/TestMethodQLQuery.java,59.0,12.0,36.0,9.0,26.0,14.0,0.0,struberg@13f79535-47bb-0310-9956-ffa450edef68,0,0.0,0.0,0.0,0.0,0.0,0.0,0.0,0,0,0.0,false
openjpa-persistence-jdbc/src/test/java/org/apache/openjpa/persistence/test/AbstractPersistenceTestCase.java,541.0,26.0,660.0,37.0,138.0,142.0,0.0,dwoods@13f79535-47bb-0310-9956-ffa450edef68,0,0.0,0.0,0.0,0.0,0.0,0.0,0.0,0,3,0.0,false
openjpa-persistence-jdbc/src/test/java/org/apache/openjpa/persistence/xmlmapping/xmlbindings/myaddress/Address.java,57.0,7.0,11.0,7.0,6.0,14.0,0.0,wisneskid@13f79535-47bb-0310-9956-ffa450edef68,0,0.0,0.0,0.0,0.0,0.0,0.0,0.0,0,3,0.0,false
openjpa-persistence-jdbc/src/test/java/org/apache/openjpa/persistence/xmlmapping/xmlbindings/myaddress/CANAddress.java,38.0,5.0,0.0,5.0,2.0,8.0,0.0,wisneskid@13f79535-47bb-0310-9956-ffa450edef68,0,0.0,0.0,0.0,0.0,0.0,0.0,0.0,0,2,0.0,false
openjpa-persistence-jdbc/src/test/java/org/apache/openjpa/persistence/xmlmapping/xmlbindings/myaddress/GBRAddress.java,38.0,5.0,0.0,5.0,2.0,8.0,0.0,wisneskid@13f79535-47bb-0310-9956-ffa450edef68,0,0.0,0.0,0.0,0.0,0.0,0.0,0.0,0,2,0.0,false
openjpa-persistence-jdbc/src/test/java/org/apache/openjpa/persistence/xmlmapping/xmlbindings/myaddress/USAAddress.java,37.0,5.0,0.0,5.0,2.0,8.0,0.0,wisneskid@13f79535-47bb-0310-9956-ffa450edef68,0,0.0,0.0,0.0,0.0,0.0,0.0,0.0,0,2,0.0,false
openjpa-persistence/src/main/java/org/apache/openjpa/persistence/AnnotationBuilder.java,137.0,7.0,102.0,16.0,31.0,41.0,0.0,mikedd@13f79535-47bb-0310-9956-ffa450edef68,0,0.0,0.0,0.0,0.0,0.0,0.0,0.0,0,0,0.0,false
openjpa-persistence/src/main/java/org/apache/openjpa/persistence/AnnotationPersistenceMetaDataParser.java,1362.0,147.0,2267.0,78.0,566.0,266.0,0.0,null,0,0.0,0.0,0.0,0.0,0.0,0.0,0.0,0,7,0.0,true
openjpa-persistence/src/main/java/org/apache/openjpa/persistence/AnnotationPersistenceMetaDataSerializer.java,1029.0,67.0,2488.0,73.0,287.0,222.0,0.0,null,0,0.0,0.0,0.0,0.0,0.0,0.0,0.0,0,1,0.0,true
openjpa-persistence/src/main/java/org/apache/openjpa/persistence/AnnotationPersistenceXMLMetaDataParser.java,170.0,15.0,25.0,11.0,46.0,35.0,0.0,null,0,0.0,0.0,0.0,0.0,0.0,0.0,0.0,0,0,0.0,false
openjpa-persistence/src/main/java/org/apache/openjpa/persistence/ArgumentException.java,61.0,9.0,59.0,14.0,12.0,23.0,0.0,struberg@13f79535-47bb-0310-9956-ffa450edef68,0,0.0,0.0,0.0,0.0,0.0,0.0,0.0,0,0,0.0,false
openjpa-persistence/src/main/java/org/apache/openjpa/persistence/EntityExistsException.java,58.0,9.0,46.0,13.0,11.0,22.0,0.0,struberg@13f79535-47bb-0310-9956-ffa450edef68,0,0.0,0.0,0.0,0.0,0.0,0.0,0.0,0,0,0.0,false
openjpa-persistence/src/main/java/org/apache/openjpa/persistence/EntityManagerFactoryImpl.java,258.0,29.0,106.0,33.0,89.0,83.0,0.0,null,0,0.0,0.0,0.0,0.0,0.0,0.0,0.0,0,3,0.0,false
openjpa-persistence/src/main/java/org/apache/openjpa/persistence/EntityManagerFactoryValue.java,29.0,3.0,0.0,2.0,9.0,4.0,0.0,curtisr7@13f79535-47bb-0310-9956-ffa450edef68,0,0.0,0.0,0.0,0.0,0.0,0.0,0.0,0,0,0.0,false
openjpa-persistence/src/main/java/org/apache/openjpa/persistence/EntityManagerImpl.java,1370.0,70.0,0.0,228.0,640.0,460.0,0.0,ppoddar@13f79535-47bb-0310-9956-ffa450edef68,0,0.0,0.0,0.0,0.0,0.0,0.0,0.0,0,11,0.0,false
openjpa-persistence/src/main/java/org/apache/openjpa/persistence/EntityNotFoundException.java,58.0,9.0,46.0,13.0,11.0,22.0,0.0,struberg@13f79535-47bb-0310-9956-ffa450edef68,0,0.0,0.0,0.0,0.0,0.0,0.0,0.0,0,0,0.0,false
openjpa-persistence/src/main/java/org/apache/openjpa/persistence/ExtentImpl.java,70.0,3.0,0.0,13.0,22.0,25.0,0.0,null,0,0.0,0.0,0.0,0.0,0.0,0.0,0.0,0,0,0.0,false
openjpa-persistence/src/main/java/org/apache/openjpa/persistence/FetchPlanImpl.java,307.0,14.0,202.0,64.0,101.0,140.0,0.0,ppoddar@13f79535-47bb-0310-9956-ffa450edef68,0,0.0,0.0,0.0,0.0,0.0,0.0,0.0,0,0,0.0,false
openjpa-persistence/src/main/java/org/apache/openjpa/persistence/GeneratorImpl.java,47.0,4.0,0.0,8.0,7.0,15.0,0.0,struberg@13f79535-47bb-0310-9956-ffa450edef68,0,0.0,0.0,0.0,0.0,0.0,0.0,0.0,0,0,0.0,false
openjpa-persistence/src/main/java/org/apache/openjpa/persistence/HintHandler.java,116.0,16.0,5.0,6.0,38.0,19.0,0.0,ppoddar@13f79535-47bb-0310-9956-ffa450edef68,0,0.0,0.0,0.0,0.0,0.0,0.0,0.0,0,0,0.0,false
openjpa-persistence/src/main/java/org/apache/openjpa/persistence/InvalidStateException.java,61.0,10.0,59.0,14.0,12.0,23.0,0.0,struberg@13f79535-47bb-0310-9956-ffa450edef68,0,0.0,0.0,0.0,0.0,0.0,0.0,0.0,0,0,0.0,false
openjpa-persistence/src/main/java/org/apache/openjpa/persistence/JPAFacadeHelper.java,215.0,30.0,56.0,12.0,67.0,57.0,0.0,null,0,0.0,0.0,0.0,0.0,0.0,0.0,0.0,0,2,0.0,true
openjpa-persistence/src/main/java/org/apache/openjpa/persistence/LockTimeoutException.java,56.0,9.0,48.0,13.0,11.0,22.0,0.0,ppoddar@13f79535-47bb-0310-9956-ffa450edef68,0,0.0,0.0,0.0,0.0,0.0,0.0,0.0,0,2,0.0,false
openjpa-persistence/src/main/java/org/apache/openjpa/persistence/MetaDataTag.java,0.0,0.0,0.0,0.0,0.0,0.0,0.0,null,0,0.0,0.0,0.0,0.0,0.0,0.0,0.0,0,1,0.0,false
openjpa-persistence/src/main/java/org/apache/openjpa/persistence/NoResultException.java,58.0,9.0,46.0,13.0,11.0,22.0,0.0,struberg@13f79535-47bb-0310-9956-ffa450edef68,0,0.0,0.0,0.0,0.0,0.0,0.0,0.0,0,0,0.0,false
openjpa-persistence/src/main/java/org/apache/openjpa/persistence/NonUniqueResultException.java,58.0,9.0,46.0,13.0,11.0,22.0,0.0,struberg@13f79535-47bb-0310-9956-ffa450edef68,0,0.0,0.0,0.0,0.0,0.0,0.0,0.0,0,0,0.0,false
openjpa-persistence/src/main/java/org/apache/openjpa/persistence/OptimisticLockException.java,58.0,9.0,46.0,13.0,11.0,22.0,0.0,struberg@13f79535-47bb-0310-9956-ffa450edef68,0,0.0,0.0,0.0,0.0,0.0,0.0,0.0,0,0,0.0,false
openjpa-persistence/src/main/java/org/apache/openjpa/persistence/PersistenceException.java,58.0,8.0,46.0,13.0,11.0,22.0,0.0,struberg@13f79535-47bb-0310-9956-ffa450edef68,0,0.0,0.0,0.0,0.0,0.0,0.0,0.0,0,0,0.0,false
openjpa-persistence/src/main/java/org/apache/openjpa/persistence/PersistenceExceptions.java,212.0,14.0,89.0,14.0,59.0,58.0,0.0,ppoddar@13f79535-47bb-0310-9956-ffa450edef68,0,0.0,0.0,0.0,0.0,0.0,0.0,0.0,0,10,0.0,false
openjpa-persistence/src/main/java/org/apache/openjpa/persistence/PersistenceMetaDataDefaults.java,615.0,53.0,807.0,43.0,199.0,135.0,0.0,null,0,0.0,0.0,0.0,0.0,0.0,0.0,0.0,0,7,0.0,true
openjpa-persistence/src/main/java/org/apache/openjpa/persistence/PersistenceMetaDataFactory.java,356.0,43.0,906.0,44.0,124.0,120.0,0.0,null,0,0.0,0.0,0.0,0.0,0.0,0.0,0.0,0,2,0.0,false
openjpa-persistence/src/main/java/org/apache/openjpa/persistence/PersistenceProductDerivation.java,653.0,44.0,360.0,28.0,146.0,101.0,0.0,null,0,0.0,0.0,0.0,0.0,0.0,0.0,0.0,0,7,0.0,false
openjpa-persistence/src/main/java/org/apache/openjpa/persistence/PersistenceStrategy.java,0.0,0.0,0.0,0.0,0.0,0.0,0.0,faywang@13f79535-47bb-0310-9956-ffa450edef68,0,0.0,0.0,0.0,0.0,0.0,0.0,0.0,0,0,0.0,false
openjpa-persistence/src/main/java/org/apache/openjpa/persistence/PersistenceUnitInfoImpl.java,387.0,30.0,1165.0,50.0,86.0,111.0,0.0,null,0,0.0,0.0,0.0,0.0,0.0,0.0,0.0,0,3,0.0,false
openjpa-persistence/src/main/java/org/apache/openjpa/persistence/PessimisticLockException.java,56.0,9.0,48.0,13.0,11.0,22.0,0.0,ppoddar@13f79535-47bb-0310-9956-ffa450edef68,0,0.0,0.0,0.0,0.0,0.0,0.0,0.0,0,2,0.0,false
openjpa-persistence/src/main/java/org/apache/openjpa/persistence/QueryImpl.java,459.0,39.0,70.0,56.0,179.0,157.0,0.0,ppoddar@13f79535-47bb-0310-9956-ffa450edef68,0,0.0,0.0,0.0,0.0,0.0,0.0,0.0,0,12,0.0,false
openjpa-persistence/src/main/java/org/apache/openjpa/persistence/QueryResultCacheImpl.java,52.0,6.0,0.0,10.0,21.0,20.0,0.0,jrbauer@13f79535-47bb-0310-9956-ffa450edef68,0,0.0,0.0,0.0,0.0,0.0,0.0,0.0,0,0,0.0,false
openjpa-persistence/src/main/java/org/apache/openjpa/persistence/QueryTimeoutException.java,60.0,10.0,59.0,14.0,11.0,23.0,0.0,ppoddar@13f79535-47bb-0310-9956-ffa450edef68,0,0.0,0.0,0.0,0.0,0.0,0.0,0.0,0,2,0.0,false
openjpa-persistence/src/main/java/org/apache/openjpa/persistence/RollbackException.java,55.0,8.0,69.0,14.0,9.0,24.0,0.0,struberg@13f79535-47bb-0310-9956-ffa450edef68,0,0.0,0.0,0.0,0.0,0.0,0.0,0.0,0,1,0.0,false
openjpa-persistence/src/main/java/org/apache/openjpa/persistence/StoreCacheImpl.java,92.0,8.0,0.0,20.0,55.0,43.0,0.0,null,0,0.0,0.0,0.0,0.0,0.0,0.0,0.0,0,0,0.0,false
openjpa-persistence/src/main/java/org/apache/openjpa/persistence/TransactionRequiredException.java,61.0,10.0,59.0,14.0,12.0,23.0,0.0,struberg@13f79535-47bb-0310-9956-ffa450edef68,0,0.0,0.0,0.0,0.0,0.0,0.0,0.0,0,0,0.0,false
openjpa-persistence/src/main/java/org/apache/openjpa/persistence/XMLPersistenceMetaDataParser.java,2050.0,61.0,13163.0,167.0,770.0,538.0,0.0,null,0,0.0,0.0,0.0,0.0,0.0,0.0,0.0,0,4,0.0,false
openjpa-persistence/src/main/java/org/apache/openjpa/persistence/XMLPersistenceMetaDataSerializer.java,1006.0,37.0,1805.0,63.0,313.0,221.0,0.0,null,0,0.0,0.0,0.0,0.0,0.0,0.0,0.0,0,1,0.0,false
openjpa-persistence/src/main/java/org/apache/openjpa/persistence/validation/ValidatorImpl.java,245.0,20.0,57.0,18.0,73.0,68.0,0.0,dwoods@13f79535-47bb-0310-9956-ffa450edef68,0,0.0,0.0,0.0,0.0,0.0,0.0,0.0,0,3,0.0,false
openjpa-slice/src/main/java/org/apache/openjpa/slice/SliceInfo.java,63.0,5.0,18.0,8.0,9.0,20.0,0.0,mikedd@13f79535-47bb-0310-9956-ffa450edef68,0,0.0,0.0,0.0,0.0,0.0,0.0,0.0,0,0,0.0,false
openjpa-slice/src/test/java/org/apache/openjpa/slice/TestQueryTargetPolicy.java,78.0,3.0,13.0,6.0,30.0,13.0,0.0,struberg@13f79535-47bb-0310-9956-ffa450edef68,0,0.0,0.0,0.0,0.0,0.0,0.0,0.0,0,0,0.0,false
openjpa-tools/openjpa-maven-plugin/src/main/java/org/apache/openjpa/tools/maven/AbstractOpenJpaMojo.java,248.0,14.0,56.0,12.0,49.0,53.0,0.0,struberg@13f79535-47bb-0310-9956-ffa450edef68,0,0.0,0.0,0.0,0.0,0.0,0.0,0.0,0,0,0.0,true
