name,LOC,CBO,LCOM,NOM,RFC,WMC,ACS,Ownership,numOfChanges,numberOfFIChanges,ENH,NF,BugFixing,REF,structuralWorkloadSum,semanticWorkloadSum,numberOfDeveloper,pastFaults,MAF,isBuggy
src/main/java/org/apache/sshd/ClientChannel.java,21.0,5.0,15.0,6.0,0.0,7.0,67.0,gnodet@apache.org,2,0.008733624454148471,67.0,33.0,0.0,17.0,997.9540983606557,23001.332667434566,2,0,0.03383404872599327,false
src/main/java/org/apache/sshd/ClientSession.java,16.0,5.0,10.0,5.0,0.0,8.0,67.0,gnodet@apache.org,2,0.008733624454148471,67.0,33.0,0.0,17.0,997.9540983606557,23001.332667434566,2,0,0.03383404872599327,false
src/main/java/org/apache/sshd/SshClient.java,133.0,48.0,26.0,8.0,33.0,23.0,47.0,gnodet@apache.org,2,0.008733624454148471,60.0,20.0,10.0,10.0,997.9540983606557,23001.332667434566,2,0,0.0010578965294880116,false
src/main/java/org/apache/sshd/SshServer.java,172.0,46.0,197.0,22.0,35.0,48.0,47.0,gnodet@apache.org,2,0.008733624454148471,60.0,20.0,10.0,10.0,997.9540983606557,23001.332667434566,2,0,0.0010578965294880116,false
src/main/java/org/apache/sshd/client/UserAuth.java,11.0,2.0,0.0,1.0,0.0,2.0,93.0,elecharny@apache.org,2,0.008733624454148471,67.0,33.0,0.0,33.0,997.9540983606557,23001.332667434566,2,0,0.3366722766318829,false
src/main/java/org/apache/sshd/client/auth/UserAuthPassword.java,31.0,7.0,0.0,2.0,7.0,8.0,114.0,elecharny@apache.org,2,0.008733624454148471,50.0,25.0,0.0,25.0,997.9540983606557,23001.332667434566,2,0,0.3366722766318829,false
src/main/java/org/apache/sshd/client/channel/AbstractClientChannel.java,196.0,16.0,125.0,19.0,43.0,44.0,86.0,gnodet@apache.org,2,0.008733624454148471,60.0,20.0,0.0,20.0,997.9540983606557,23001.332667434566,2,0,0.1042051129989976,false
src/main/java/org/apache/sshd/client/channel/ChannelSession.java,58.0,8.0,13.0,6.0,17.0,15.0,58.0,gnodet@apache.org,2,0.008733624454148471,60.0,20.0,0.0,20.0,997.9540983606557,23001.332667434566,2,0,0.1042051129989976,false
src/main/java/org/apache/sshd/client/channel/ChannelShell.java,45.0,7.0,0.0,1.0,10.0,2.0,86.0,gnodet@apache.org,2,0.008733624454148471,60.0,20.0,0.0,20.0,997.9540983606557,23001.332667434566,2,0,0.1042051129989976,false
src/main/java/org/apache/sshd/client/future/AuthFuture.java,36.0,2.0,21.0,7.0,0.0,17.0,32.0,gnodet@apache.org,1,0.004366812227074236,33.0,0.0,0.0,0.0,534.7540983606557,13186.916972846688,1,0,0.16251892949777494,false
src/main/java/org/apache/sshd/client/future/ConnectFuture.java,33.0,3.0,21.0,7.0,0.0,17.0,32.0,gnodet@apache.org,1,0.004366812227074236,33.0,0.0,0.0,0.0,534.7540983606557,13186.916972846688,1,0,0.16251892949777494,false
src/main/java/org/apache/sshd/client/future/DefaultAuthFuture.java,36.0,1.0,15.0,6.0,6.0,15.0,32.0,gnodet@apache.org,1,0.004366812227074236,50.0,0.0,0.0,0.0,534.7540983606557,13186.916972846688,1,0,0.16251892949777494,false
src/main/java/org/apache/sshd/client/future/DefaultConnectFuture.java,52.0,3.0,15.0,6.0,6.0,18.0,32.0,gnodet@apache.org,1,0.004366812227074236,33.0,0.0,0.0,0.0,534.7540983606557,13186.916972846688,1,0,0.16251892949777494,false
src/main/java/org/apache/sshd/client/future/DefaultOpenFuture.java,31.0,1.0,10.0,5.0,4.0,11.0,32.0,gnodet@apache.org,1,0.004366812227074236,50.0,0.0,0.0,0.0,534.7540983606557,13186.916972846688,1,0,0.16251892949777494,false
src/main/java/org/apache/sshd/client/future/OpenFuture.java,32.0,2.0,15.0,6.0,0.0,16.0,32.0,gnodet@apache.org,1,0.004366812227074236,33.0,0.0,0.0,0.0,534.7540983606557,13186.916972846688,1,0,0.16251892949777494,false
src/main/java/org/apache/sshd/client/kex/AbstractDHGClient.java,81.0,16.0,1.0,6.0,25.0,14.0,114.0,gnodet@apache.org,2,0.008733624454148471,40.0,20.0,0.0,20.0,997.9540983606557,23001.332667434566,2,0,0.3366722766318829,false
src/main/java/org/apache/sshd/client/kex/DHG1.java,19.0,4.0,0.0,1.0,2.0,1.0,114.0,elecharny@apache.org,2,0.008733624454148471,50.0,25.0,0.0,25.0,997.9540983606557,23001.332667434566,2,0,0.3366722766318829,false
src/main/java/org/apache/sshd/client/kex/DHG14.java,19.0,4.0,0.0,1.0,2.0,1.0,114.0,elecharny@apache.org,2,0.008733624454148471,50.0,25.0,0.0,25.0,997.9540983606557,23001.332667434566,2,0,0.3366722766318829,false
src/main/java/org/apache/sshd/client/session/ClientSessionImpl.java,296.0,19.0,100.0,16.0,72.0,56.0,67.0,gnodet@apache.org,2,0.008733624454148471,57.0,14.0,0.0,14.0,997.9540983606557,23001.332667434566,2,0,0.03383404872599327,false
src/main/java/org/apache/sshd/common/AbstractFactoryManager.java,86.0,5.0,153.0,19.0,7.0,29.0,114.0,gnodet@apache.org,2,0.008733624454148471,40.0,20.0,0.0,20.0,997.9540983606557,23001.332667434566,2,0,0.3366722766318829,false
src/main/java/org/apache/sshd/common/AbstractSessionIoHandler.java,27.0,4.0,10.0,5.0,8.0,12.0,67.0,gnodet@apache.org,2,0.008733624454148471,67.0,17.0,0.0,17.0,997.9540983606557,23001.332667434566,2,0,0.03383404872599327,false
src/main/java/org/apache/sshd/common/Channel.java,16.0,4.0,36.0,9.0,0.0,16.0,86.0,gnodet@apache.org,2,0.008733624454148471,60.0,20.0,0.0,20.0,997.9540983606557,23001.332667434566,2,0,0.1042051129989976,false
src/main/java/org/apache/sshd/common/Cipher.java,36.0,0.0,6.0,4.0,0.0,11.0,86.0,elecharny@apache.org,2,0.008733624454148471,75.0,25.0,0.0,25.0,997.9540983606557,23001.332667434566,2,0,0.1042051129989976,false
src/main/java/org/apache/sshd/common/Compression.java,14.0,2.0,6.0,4.0,0.0,6.0,114.0,elecharny@apache.org,2,0.008733624454148471,50.0,25.0,0.0,25.0,997.9540983606557,23001.332667434566,2,0,0.3366722766318829,false
src/main/java/org/apache/sshd/common/Digest.java,11.0,0.0,6.0,4.0,0.0,7.0,114.0,elecharny@apache.org,2,0.008733624454148471,50.0,25.0,0.0,25.0,997.9540983606557,23001.332667434566,2,0,0.3366722766318829,false
src/main/java/org/apache/sshd/common/FactoryManager.java,20.0,2.0,36.0,9.0,0.0,9.0,114.0,elecharny@apache.org,2,0.008733624454148471,50.0,25.0,0.0,25.0,997.9540983606557,23001.332667434566,2,0,0.3366722766318829,false
src/main/java/org/apache/sshd/common/KeyExchange.java,39.0,2.0,10.0,5.0,0.0,13.0,114.0,elecharny@apache.org,2,0.008733624454148471,50.0,25.0,0.0,25.0,997.9540983606557,23001.332667434566,2,0,0.3366722766318829,false
src/main/java/org/apache/sshd/common/KeyPairProvider.java,26.0,1.0,1.0,2.0,0.0,5.0,114.0,elecharny@apache.org,2,0.008733624454148471,67.0,33.0,0.0,33.0,997.9540983606557,23001.332667434566,2,0,0.3366722766318829,false
src/main/java/org/apache/sshd/common/Mac.java,12.0,0.0,10.0,5.0,0.0,7.0,114.0,elecharny@apache.org,2,0.008733624454148471,67.0,33.0,0.0,33.0,997.9540983606557,23001.332667434566,2,0,0.3366722766318829,false
src/main/java/org/apache/sshd/common/NamedFactory.java,85.0,1.0,1.0,2.0,0.0,4.0,114.0,elecharny@apache.org,2,0.008733624454148471,50.0,25.0,0.0,25.0,997.9540983606557,23001.332667434566,2,0,0.3366722766318829,false
src/main/java/org/apache/sshd/common/Random.java,14.0,0.0,0.0,1.0,0.0,1.0,114.0,elecharny@apache.org,2,0.008733624454148471,50.0,25.0,0.0,25.0,997.9540983606557,23001.332667434566,2,0,0.3366722766318829,false
src/main/java/org/apache/sshd/common/RuntimeSshException.java,22.0,0.0,6.0,4.0,1.0,5.0,32.0,gnodet@apache.org,1,0.004366812227074236,33.0,0.0,0.0,0.0,534.7540983606557,13186.916972846688,1,0,0.16251892949777494,false
src/main/java/org/apache/sshd/common/Signature.java,35.0,2.0,6.0,4.0,0.0,13.0,86.0,elecharny@apache.org,2,0.008733624454148471,75.0,25.0,0.0,25.0,997.9540983606557,23001.332667434566,2,0,0.1042051129989976,false
src/main/java/org/apache/sshd/common/SshConstants.java,60.0,0.0,0.0,3.0,0.0,5.0,114.0,elecharny@apache.org,2,0.008733624454148471,50.0,25.0,0.0,25.0,997.9540983606557,23001.332667434566,2,0,0.3366722766318829,false
src/main/java/org/apache/sshd/common/SshException.java,39.0,1.0,16.0,9.0,1.0,11.0,114.0,elecharny@apache.org,2,0.008733624454148471,67.0,33.0,0.0,33.0,997.9540983606557,23001.332667434566,2,0,0.3366722766318829,false
src/main/java/org/apache/sshd/common/channel/AbstractChannel.java,131.0,11.0,18.0,17.0,48.0,40.0,86.0,gnodet@apache.org,2,0.008733624454148471,60.0,20.0,0.0,20.0,997.9540983606557,23001.332667434566,2,0,0.1042051129989976,false
src/main/java/org/apache/sshd/common/channel/ChannelOutputStream.java,80.0,6.0,0.0,6.0,18.0,16.0,114.0,elecharny@apache.org,2,0.008733624454148471,50.0,25.0,0.0,25.0,997.9540983606557,23001.332667434566,2,0,0.3366722766318829,false
src/main/java/org/apache/sshd/common/channel/ChannelPipedInputStream.java,68.0,4.0,0.0,5.0,14.0,18.0,114.0,elecharny@apache.org,2,0.008733624454148471,50.0,25.0,0.0,25.0,997.9540983606557,23001.332667434566,2,0,0.3366722766318829,false
src/main/java/org/apache/sshd/common/channel/ChannelPipedOutputStream.java,24.0,2.0,0.0,4.0,3.0,7.0,114.0,elecharny@apache.org,2,0.008733624454148471,50.0,25.0,0.0,25.0,997.9540983606557,23001.332667434566,2,0,0.3366722766318829,false
src/main/java/org/apache/sshd/common/channel/Window.java,89.0,3.0,0.0,10.0,16.0,24.0,114.0,elecharny@apache.org,2,0.008733624454148471,50.0,25.0,0.0,25.0,997.9540983606557,23001.332667434566,2,0,0.3366722766318829,false
src/main/java/org/apache/sshd/common/cipher/AES128CBC.java,18.0,2.0,0.0,1.0,0.0,1.0,114.0,elecharny@apache.org,2,0.008733624454148471,50.0,25.0,0.0,25.0,997.9540983606557,23001.332667434566,2,0,0.3366722766318829,false
src/main/java/org/apache/sshd/common/cipher/AES192CBC.java,18.0,2.0,0.0,1.0,0.0,1.0,114.0,elecharny@apache.org,2,0.008733624454148471,50.0,25.0,0.0,25.0,997.9540983606557,23001.332667434566,2,0,0.3366722766318829,false
src/main/java/org/apache/sshd/common/cipher/AES256CBC.java,18.0,2.0,0.0,1.0,0.0,1.0,114.0,elecharny@apache.org,2,0.008733624454148471,50.0,25.0,0.0,25.0,997.9540983606557,23001.332667434566,2,0,0.3366722766318829,false
src/main/java/org/apache/sshd/common/cipher/BaseCipher.java,47.0,4.0,3.0,6.0,5.0,15.0,114.0,elecharny@apache.org,2,0.008733624454148471,50.0,25.0,0.0,25.0,997.9540983606557,23001.332667434566,2,0,0.3366722766318829,false
src/main/java/org/apache/sshd/common/cipher/BlowfishCBC.java,18.0,2.0,0.0,1.0,0.0,1.0,114.0,elecharny@apache.org,2,0.008733624454148471,50.0,25.0,0.0,25.0,997.9540983606557,23001.332667434566,2,0,0.3366722766318829,false
src/main/java/org/apache/sshd/common/cipher/CipherNone.java,25.0,2.0,6.0,4.0,0.0,8.0,114.0,elecharny@apache.org,2,0.008733624454148471,50.0,25.0,0.0,25.0,997.9540983606557,23001.332667434566,2,0,0.3366722766318829,false
src/main/java/org/apache/sshd/common/cipher/TripleDESCBC.java,18.0,2.0,0.0,1.0,0.0,1.0,114.0,elecharny@apache.org,2,0.008733624454148471,50.0,25.0,0.0,25.0,997.9540983606557,23001.332667434566,2,0,0.3366722766318829,false
src/main/java/org/apache/sshd/common/compression/CompressionDelayedZlib.java,18.0,2.0,0.0,1.0,0.0,2.0,114.0,elecharny@apache.org,2,0.008733624454148471,50.0,25.0,0.0,25.0,997.9540983606557,23001.332667434566,2,0,0.3366722766318829,false
src/main/java/org/apache/sshd/common/compression/CompressionNone.java,15.0,2.0,0.0,0.0,0.0,0.0,114.0,elecharny@apache.org,2,0.008733624454148471,50.0,25.0,0.0,25.0,997.9540983606557,23001.332667434566,2,0,0.3366722766318829,false
src/main/java/org/apache/sshd/common/compression/CompressionZlib.java,70.0,8.0,0.0,4.0,13.0,17.0,114.0,gnodet@apache.org,2,0.008733624454148471,40.0,20.0,0.0,20.0,997.9540983606557,23001.332667434566,2,0,0.3366722766318829,false
src/main/java/org/apache/sshd/common/digest/BaseDigest.java,26.0,3.0,0.0,5.0,3.0,10.0,114.0,elecharny@apache.org,2,0.008733624454148471,50.0,25.0,0.0,25.0,997.9540983606557,23001.332667434566,2,0,0.3366722766318829,false
src/main/java/org/apache/sshd/common/digest/MD5.java,18.0,2.0,0.0,1.0,0.0,1.0,114.0,elecharny@apache.org,2,0.008733624454148471,50.0,25.0,0.0,25.0,997.9540983606557,23001.332667434566,2,0,0.3366722766318829,false
src/main/java/org/apache/sshd/common/digest/SHA1.java,18.0,2.0,0.0,1.0,0.0,1.0,114.0,elecharny@apache.org,2,0.008733624454148471,50.0,25.0,0.0,25.0,997.9540983606557,23001.332667434566,2,0,0.3366722766318829,false
src/main/java/org/apache/sshd/common/future/CloseFuture.java,15.0,0.0,1.0,2.0,0.0,5.0,32.0,gnodet@apache.org,1,0.004366812227074236,50.0,0.0,0.0,0.0,534.7540983606557,13186.916972846688,1,0,0.16251892949777494,false
src/main/java/org/apache/sshd/common/future/DefaultCloseFuture.java,24.0,0.0,3.0,3.0,3.0,6.0,32.0,gnodet@apache.org,1,0.004366812227074236,50.0,0.0,0.0,0.0,534.7540983606557,13186.916972846688,1,0,0.16251892949777494,false
src/main/java/org/apache/sshd/common/future/DefaultSshFuture.java,252.0,4.0,91.0,18.0,25.0,56.0,32.0,gnodet@apache.org,1,0.004366812227074236,33.0,0.0,0.0,0.0,534.7540983606557,13186.916972846688,1,0,0.16251892949777494,false
src/main/java/org/apache/sshd/common/future/SshFuture.java,48.0,1.0,36.0,9.0,0.0,32.0,32.0,gnodet@apache.org,1,0.004366812227074236,50.0,0.0,0.0,0.0,534.7540983606557,13186.916972846688,1,0,0.16251892949777494,false
src/main/java/org/apache/sshd/common/future/SshFutureListener.java,12.0,1.0,0.0,1.0,0.0,2.0,32.0,gnodet@apache.org,1,0.004366812227074236,50.0,0.0,0.0,0.0,534.7540983606557,13186.916972846688,1,0,0.16251892949777494,false
src/main/java/org/apache/sshd/common/kex/DH.java,61.0,9.0,4.0,9.0,16.0,16.0,114.0,elecharny@apache.org,2,0.008733624454148471,50.0,25.0,0.0,25.0,997.9540983606557,23001.332667434566,2,0,0.3366722766318829,false
src/main/java/org/apache/sshd/common/kex/DHGroupData.java,10.0,0.0,0.0,0.0,0.0,0.0,114.0,elecharny@apache.org,2,0.008733624454148471,50.0,25.0,0.0,25.0,997.9540983606557,23001.332667434566,2,0,0.3366722766318829,false
src/main/java/org/apache/sshd/common/keyprovider/AbstractKeyPairProvider.java,38.0,6.0,6.0,4.0,9.0,11.0,114.0,elecharny@apache.org,2,0.008733624454148471,67.0,33.0,0.0,33.0,997.9540983606557,23001.332667434566,2,0,0.3366722766318829,false
src/main/java/org/apache/sshd/common/keyprovider/FileKeyPairProvider.java,50.0,10.0,0.0,8.0,6.0,15.0,114.0,elecharny@apache.org,2,0.008733624454148471,50.0,25.0,0.0,25.0,997.9540983606557,23001.332667434566,2,0,0.3366722766318829,false
src/main/java/org/apache/sshd/common/mac/BaseMac.java,50.0,3.0,0.0,6.0,7.0,12.0,114.0,elecharny@apache.org,2,0.008733624454148471,50.0,25.0,0.0,25.0,997.9540983606557,23001.332667434566,2,0,0.3366722766318829,false
src/main/java/org/apache/sshd/common/mac/HMACMD5.java,18.0,2.0,0.0,1.0,0.0,1.0,114.0,elecharny@apache.org,2,0.008733624454148471,50.0,25.0,0.0,25.0,997.9540983606557,23001.332667434566,2,0,0.3366722766318829,false
src/main/java/org/apache/sshd/common/mac/HMACMD596.java,18.0,2.0,0.0,1.0,0.0,1.0,114.0,elecharny@apache.org,2,0.008733624454148471,50.0,25.0,0.0,25.0,997.9540983606557,23001.332667434566,2,0,0.3366722766318829,false
src/main/java/org/apache/sshd/common/mac/HMACSHA1.java,18.0,2.0,0.0,1.0,0.0,1.0,114.0,elecharny@apache.org,2,0.008733624454148471,50.0,25.0,0.0,25.0,997.9540983606557,23001.332667434566,2,0,0.3366722766318829,false
src/main/java/org/apache/sshd/common/mac/HMACSHA196.java,18.0,2.0,0.0,1.0,0.0,1.0,114.0,elecharny@apache.org,2,0.008733624454148471,50.0,25.0,0.0,25.0,997.9540983606557,23001.332667434566,2,0,0.3366722766318829,false
src/main/java/org/apache/sshd/common/random/BouncyCastleRandom.java,24.0,5.0,0.0,2.0,3.0,2.0,114.0,elecharny@apache.org,2,0.008733624454148471,50.0,25.0,0.0,25.0,997.9540983606557,23001.332667434566,2,0,0.3366722766318829,false
src/main/java/org/apache/sshd/common/random/JceRandom.java,34.0,3.0,0.0,2.0,2.0,5.0,114.0,elecharny@apache.org,2,0.008733624454148471,50.0,25.0,0.0,25.0,997.9540983606557,23001.332667434566,2,0,0.3366722766318829,false
src/main/java/org/apache/sshd/common/session/AbstractSession.java,692.0,31.0,546.0,37.0,153.0,136.0,40.0,gnodet@apache.org,2,0.008733624454148471,70.0,20.0,0.0,10.0,997.9540983606557,23001.332667434566,2,0,2.027619790954116E-4,false
src/main/java/org/apache/sshd/common/signature/AbstractSignature.java,37.0,4.0,2.0,4.0,5.0,10.0,114.0,elecharny@apache.org,2,0.008733624454148471,50.0,25.0,0.0,25.0,997.9540983606557,23001.332667434566,2,0,0.3366722766318829,false
src/main/java/org/apache/sshd/common/signature/SignatureDSA.java,55.0,3.0,3.0,3.0,5.0,8.0,114.0,elecharny@apache.org,2,0.008733624454148471,50.0,25.0,0.0,25.0,997.9540983606557,23001.332667434566,2,0,0.3366722766318829,false
src/main/java/org/apache/sshd/common/signature/SignatureRSA.java,25.0,3.0,3.0,3.0,3.0,8.0,114.0,elecharny@apache.org,2,0.008733624454148471,50.0,25.0,0.0,25.0,997.9540983606557,23001.332667434566,2,0,0.3366722766318829,false
src/main/java/org/apache/sshd/common/util/Buffer.java,260.0,13.0,534.0,45.0,70.0,84.0,79.0,gnodet@apache.org,2,0.008733624454148471,60.0,20.0,0.0,20.0,997.9540983606557,23001.332667434566,2,0,0.1042051129989976,false
src/main/java/org/apache/sshd/common/util/BufferUtils.java,40.0,0.0,6.0,4.0,5.0,13.0,114.0,elecharny@apache.org,2,0.008733624454148471,67.0,33.0,0.0,33.0,997.9540983606557,23001.332667434566,2,0,0.3366722766318829,false
src/main/java/org/apache/sshd/common/util/IoUtils.java,18.0,2.0,0.0,1.0,1.0,4.0,114.0,elecharny@apache.org,2,0.008733624454148471,67.0,33.0,0.0,33.0,997.9540983606557,23001.332667434566,2,0,0.3366722766318829,false
src/main/java/org/apache/sshd/common/util/LfToCrLfFilterOutputStream.java,36.0,3.0,3.0,3.0,2.0,7.0,114.0,elecharny@apache.org,2,0.008733624454148471,67.0,33.0,0.0,33.0,997.9540983606557,23001.332667434566,2,0,0.3366722766318829,false
src/main/java/org/apache/sshd/common/util/LoggingFilterOutputStream.java,25.0,4.0,1.0,3.0,5.0,7.0,114.0,elecharny@apache.org,2,0.008733624454148471,67.0,33.0,0.0,33.0,997.9540983606557,23001.332667434566,2,0,0.3366722766318829,false
src/main/java/org/apache/sshd/common/util/NoCloseInputStream.java,12.0,3.0,1.0,2.0,0.0,3.0,114.0,elecharny@apache.org,2,0.008733624454148471,50.0,25.0,0.0,25.0,997.9540983606557,23001.332667434566,2,0,0.3366722766318829,false
src/main/java/org/apache/sshd/common/util/NoCloseOutputStream.java,12.0,3.0,1.0,2.0,0.0,3.0,114.0,elecharny@apache.org,2,0.008733624454148471,50.0,25.0,0.0,25.0,997.9540983606557,23001.332667434566,2,0,0.3366722766318829,false
src/main/java/org/apache/sshd/common/util/SecurityUtils.java,125.0,13.0,50.0,12.0,27.0,48.0,114.0,elecharny@apache.org,2,0.008733624454148471,67.0,33.0,0.0,33.0,997.9540983606557,23001.332667434566,2,0,0.3366722766318829,false
src/main/java/org/apache/sshd/server/CommandFactory.java,63.0,4.0,0.0,1.0,0.0,2.0,76.0,gnodet@apache.org,2,0.008733624454148471,50.0,17.0,0.0,17.0,997.9540983606557,23001.332667434566,2,0,0.1042051129989976,false
src/main/java/org/apache/sshd/server/PasswordAuthenticator.java,14.0,0.0,0.0,1.0,0.0,3.0,114.0,elecharny@apache.org,2,0.008733624454148471,50.0,25.0,0.0,25.0,997.9540983606557,23001.332667434566,2,0,0.3366722766318829,false
src/main/java/org/apache/sshd/server/PublickeyAuthenticator.java,8.0,1.0,0.0,1.0,0.0,1.0,77.0,gnodet@apache.org,2,0.008733624454148471,50.0,17.0,0.0,17.0,997.9540983606557,23001.332667434566,2,0,0.1042051129989976,false
src/main/java/org/apache/sshd/server/ServerChannel.java,10.0,5.0,3.0,3.0,0.0,4.0,114.0,elecharny@apache.org,2,0.008733624454148471,50.0,25.0,0.0,25.0,997.9540983606557,23001.332667434566,2,0,0.3366722766318829,false
src/main/java/org/apache/sshd/server/ServerFactoryManager.java,13.0,3.0,15.0,6.0,0.0,6.0,114.0,elecharny@apache.org,2,0.008733624454148471,50.0,25.0,0.0,25.0,997.9540983606557,23001.332667434566,2,0,0.3366722766318829,false
src/main/java/org/apache/sshd/server/ShellFactory.java,98.0,4.0,0.0,1.0,0.0,3.0,78.0,gnodet@apache.org,2,0.008733624454148471,50.0,17.0,0.0,33.0,997.9540983606557,23001.332667434566,2,0,0.1042051129989976,false
src/main/java/org/apache/sshd/server/UserAuth.java,15.0,2.0,0.0,1.0,0.0,4.0,93.0,elecharny@apache.org,2,0.008733624454148471,75.0,50.0,0.0,25.0,997.9540983606557,23001.332667434566,2,0,0.1042051129989976,false
src/main/java/org/apache/sshd/server/auth/UserAuthNone.java,18.0,4.0,0.0,1.0,0.0,2.0,114.0,elecharny@apache.org,2,0.008733624454148471,50.0,25.0,0.0,25.0,997.9540983606557,23001.332667434566,2,0,0.3366722766318829,false
src/main/java/org/apache/sshd/server/auth/UserAuthPassword.java,36.0,5.0,1.0,2.0,6.0,9.0,114.0,elecharny@apache.org,2,0.008733624454148471,50.0,25.0,0.0,25.0,997.9540983606557,23001.332667434566,2,0,0.3366722766318829,false
src/main/java/org/apache/sshd/server/auth/UserAuthPublicKey.java,68.0,10.0,0.0,1.0,27.0,6.0,77.0,gnodet@apache.org,2,0.008733624454148471,60.0,20.0,0.0,20.0,997.9540983606557,23001.332667434566,2,0,0.1042051129989976,false
src/main/java/org/apache/sshd/server/channel/AbstractServerChannel.java,27.0,6.0,1.0,2.0,8.0,4.0,114.0,elecharny@apache.org,2,0.008733624454148471,67.0,33.0,0.0,33.0,997.9540983606557,23001.332667434566,2,0,0.3366722766318829,false
src/main/java/org/apache/sshd/server/channel/ChannelSession.java,35.0,25.0,0.0,3.0,1.0,5.0,58.0,gnodet@apache.org,2,0.008733624454148471,60.0,10.0,0.0,20.0,997.9540983606557,23001.332667434566,2,0,0.0010578965294880116,false
src/main/java/org/apache/sshd/server/command/ScpCommand.java,273.0,8.0,43.0,14.0,76.0,55.0,114.0,gnodet@apache.org,2,0.008733624454148471,33.0,17.0,0.0,17.0,997.9540983606557,23001.332667434566,2,0,0.3366722766318829,false
src/main/java/org/apache/sshd/server/command/ScpCommandFactory.java,23.0,1.0,1.0,3.0,3.0,6.0,114.0,elecharny@apache.org,2,0.008733624454148471,50.0,25.0,0.0,25.0,997.9540983606557,23001.332667434566,2,0,0.3366722766318829,false
src/main/java/org/apache/sshd/server/command/UnknownCommand.java,19.0,4.0,15.0,6.0,0.0,7.0,114.0,gnodet@apache.org,2,0.008733624454148471,40.0,20.0,0.0,20.0,997.9540983606557,23001.332667434566,2,0,0.3366722766318829,false
src/main/java/org/apache/sshd/server/jaas/JaasPasswordAuthenticator.java,41.0,9.0,0.0,4.0,8.0,15.0,114.0,elecharny@apache.org,2,0.008733624454148471,67.0,33.0,0.0,33.0,997.9540983606557,23001.332667434566,2,0,0.3366722766318829,false
src/main/java/org/apache/sshd/server/kex/AbstractDHGServer.java,94.0,15.0,1.0,6.0,33.0,14.0,114.0,elecharny@apache.org,2,0.008733624454148471,50.0,25.0,0.0,25.0,997.9540983606557,23001.332667434566,2,0,0.3366722766318829,false
src/main/java/org/apache/sshd/server/kex/DHG1.java,19.0,4.0,0.0,1.0,2.0,1.0,114.0,elecharny@apache.org,2,0.008733624454148471,67.0,33.0,0.0,33.0,997.9540983606557,23001.332667434566,2,0,0.3366722766318829,false
src/main/java/org/apache/sshd/server/kex/DHG14.java,19.0,4.0,0.0,1.0,2.0,1.0,114.0,elecharny@apache.org,2,0.008733624454148471,67.0,33.0,0.0,33.0,997.9540983606557,23001.332667434566,2,0,0.3366722766318829,false
src/main/java/org/apache/sshd/server/keyprovider/AbstractGeneratorHostKeyProvider.java,103.0,14.0,36.0,13.0,17.0,29.0,114.0,elecharny@apache.org,2,0.008733624454148471,67.0,33.0,0.0,33.0,997.9540983606557,23001.332667434566,2,0,0.3366722766318829,false
src/main/java/org/apache/sshd/server/keyprovider/PEMGeneratorHostKeyProvider.java,15.0,7.0,1.0,2.0,2.0,5.0,114.0,elecharny@apache.org,2,0.008733624454148471,50.0,25.0,0.0,25.0,997.9540983606557,23001.332667434566,2,0,0.3366722766318829,false
src/main/java/org/apache/sshd/server/keyprovider/SimpleGeneratorHostKeyProvider.java,15.0,5.0,1.0,2.0,2.0,5.0,114.0,elecharny@apache.org,2,0.008733624454148471,50.0,25.0,0.0,25.0,997.9540983606557,23001.332667434566,2,0,0.3366722766318829,false
src/main/java/org/apache/sshd/server/pam/PAMPasswordAuthenticator.java,24.0,5.0,0.0,3.0,3.0,6.0,79.0,gnodet@apache.org,2,0.008733624454148471,60.0,40.0,0.0,20.0,997.9540983606557,23001.332667434566,2,0,0.1042051129989976,false
src/main/java/org/apache/sshd/server/session/ServerSession.java,330.0,20.0,180.0,20.0,95.0,59.0,35.0,gnodet@apache.org,2,0.008733624454148471,73.0,18.0,9.0,9.0,997.9540983606557,23001.332667434566,2,0,0.0025739001648514837,false
src/main/java/org/apache/sshd/server/shell/ProcessShellFactory.java,71.0,7.0,0.0,5.0,0.0,7.0,78.0,gnodet@apache.org,2,0.008733624454148471,60.0,20.0,0.0,40.0,997.9540983606557,23001.332667434566,2,0,0.1042051129989976,false
src/test/java/org/apache/sshd/AbstractSessionTest.java,66.0,7.0,0.0,8.0,22.0,18.0,79.0,gnodet@apache.org,2,0.008733624454148471,50.0,17.0,0.0,17.0,997.9540983606557,23001.332667434566,2,0,0.1042051129989976,false
src/test/java/org/apache/sshd/CipherTest.java,94.0,19.0,116.0,16.0,36.0,33.0,53.0,gnodet@apache.org,2,0.008733624454148471,62.0,12.0,25.0,12.0,997.9540983606557,23001.332667434566,2,0,0.00903671703720832,false
src/test/java/org/apache/sshd/ClientTest.java,151.0,22.0,0.0,9.0,107.0,26.0,67.0,gnodet@apache.org,2,0.008733624454148471,67.0,17.0,0.0,17.0,997.9540983606557,23001.332667434566,2,0,0.03383404872599327,false
src/test/java/org/apache/sshd/CompressionTest.java,89.0,15.0,89.0,14.0,34.0,29.0,114.0,gnodet@apache.org,2,0.008733624454148471,40.0,20.0,0.0,20.0,997.9540983606557,23001.332667434566,2,0,0.3366722766318829,false
src/test/java/org/apache/sshd/RandomTest.java,24.0,4.0,3.0,3.0,6.0,5.0,114.0,elecharny@apache.org,2,0.008733624454148471,50.0,25.0,0.0,25.0,997.9540983606557,23001.332667434566,2,0,0.3366722766318829,false
src/test/java/org/apache/sshd/ServerTest.java,59.0,12.0,0.0,5.0,36.0,12.0,67.0,gnodet@apache.org,2,0.008733624454148471,57.0,14.0,0.0,14.0,997.9540983606557,23001.332667434566,2,0,0.03383404872599327,false
src/test/java/org/apache/sshd/TestSpringConfig.java,58.0,9.0,53.0,11.0,14.0,23.0,114.0,gnodet@apache.org,2,0.008733624454148471,40.0,20.0,0.0,20.0,997.9540983606557,23001.332667434566,2,0,0.3366722766318829,false
src/test/java/org/apache/sshd/util/BogusPasswordAuthenticator.java,10.0,1.0,0.0,1.0,1.0,3.0,114.0,elecharny@apache.org,2,0.008733624454148471,67.0,33.0,0.0,33.0,997.9540983606557,23001.332667434566,2,0,0.3366722766318829,false
src/test/java/org/apache/sshd/util/BogusPublickeyAuthenticator.java,10.0,2.0,0.0,1.0,0.0,2.0,77.0,elecharny@apache.org,2,0.008733624454148471,75.0,25.0,0.0,25.0,997.9540983606557,23001.332667434566,2,0,0.1042051129989976,false
src/test/java/org/apache/sshd/util/Compression.java,88.0,1.0,0.0,4.0,8.0,16.0,114.0,elecharny@apache.org,2,0.008733624454148471,50.0,25.0,0.0,25.0,997.9540983606557,23001.332667434566,2,0,0.3366722766318829,false
src/test/java/org/apache/sshd/util/EchoShellFactory.java,58.0,7.0,0.0,1.0,0.0,2.0,78.0,gnodet@apache.org,2,0.008733624454148471,60.0,20.0,0.0,40.0,997.9540983606557,23001.332667434566,2,0,0.1042051129989976,false
src/test/java/org/apache/sshd/util/TeePipedOutputStream.java,19.0,3.0,0.0,3.0,2.0,5.0,114.0,elecharny@apache.org,2,0.008733624454148471,50.0,25.0,0.0,25.0,997.9540983606557,23001.332667434566,2,0,0.3366722766318829,false
