name,LOC,CBO,LCOM,NOM,RFC,WMC,ACS,Ownership,numOfChanges,numberOfFIChanges,ENH,NF,BugFixing,REF,structuralWorkloadSum,semanticWorkloadSum,numberOfDeveloper,pastFaults,MAF,isBuggy
sshd-core/src/main/java/org/apache/sshd/ClientChannel.java,20.0,4.0,15.0,6.0,0.0,7.0,159.0,gnodet@apache.org,3,0.005905511811023622,25.0,0.0,0.0,8.0,4354.690842048654,152067.7332827271,3,0,1.0520367742663548,false
sshd-core/src/main/java/org/apache/sshd/ClientSession.java,15.0,4.0,10.0,5.0,0.0,8.0,198.0,gnodet@apache.org,2,0.003937007874015748,7.0,0.0,0.0,3.0,3336.268077821012,142705.119421341,2,0,2.4866397537762435,false
sshd-core/src/main/java/org/apache/sshd/SshClient.java,163.0,45.0,37.0,10.0,44.0,25.0,102.0,gnodet@apache.org,3,0.005905511811023622,7.0,0.0,0.0,2.0,4354.690842048654,152067.7332827271,3,0,0.5963593563936842,true
sshd-core/src/main/java/org/apache/sshd/SshServer.java,202.0,47.0,236.0,24.0,46.0,51.0,99.0,gnodet@apache.org,3,0.005905511811023622,6.0,0.0,0.0,1.0,4354.690842048654,152067.7332827271,3,0,0.5963593563936842,true
sshd-core/src/main/java/org/apache/sshd/client/SessionFactory.java,14.0,5.0,0.0,2.0,0.0,4.0,136.0,gnodet@apache.org,1,0.001968503937007874,17.0,0.0,0.0,0.0,2714.140077821012,122023.47490521234,1,0,3.5263605246161616,false
sshd-core/src/main/java/org/apache/sshd/client/UserAuth.java,10.0,2.0,0.0,1.0,0.0,2.0,244.0,gnodet@apache.org,2,0.003937007874015748,40.0,0.0,0.0,20.0,3336.268077821012,142705.119421341,2,0,2.4866397537762435,false
sshd-core/src/main/java/org/apache/sshd/client/auth/UserAuthPassword.java,30.0,7.0,0.0,2.0,7.0,8.0,198.0,gnodet@apache.org,2,0.003937007874015748,13.0,0.0,0.0,7.0,3336.268077821012,142705.119421341,2,0,2.4866397537762435,false
sshd-core/src/main/java/org/apache/sshd/client/channel/AbstractClientChannel.java,195.0,14.0,125.0,19.0,43.0,44.0,198.0,gnodet@apache.org,2,0.003937007874015748,5.0,0.0,0.0,3.0,3336.268077821012,142705.119421341,2,0,2.4866397537762435,false
sshd-core/src/main/java/org/apache/sshd/client/channel/ChannelSession.java,57.0,3.0,13.0,6.0,17.0,15.0,133.0,gnodet@apache.org,2,0.003937007874015748,9.0,0.0,0.0,5.0,3336.268077821012,142705.119421341,2,0,2.4866397537762435,false
sshd-core/src/main/java/org/apache/sshd/client/channel/ChannelShell.java,44.0,2.0,0.0,1.0,10.0,2.0,198.0,gnodet@apache.org,2,0.003937007874015748,12.0,0.0,0.0,6.0,3336.268077821012,142705.119421341,2,0,2.4866397537762435,false
sshd-core/src/main/java/org/apache/sshd/client/future/AuthFuture.java,35.0,1.0,21.0,7.0,0.0,17.0,198.0,lgoldstein@vmware.com,2,0.003937007874015748,50.0,0.0,0.0,25.0,3336.268077821012,142705.119421341,2,0,2.4866397537762435,false
sshd-core/src/main/java/org/apache/sshd/client/future/ConnectFuture.java,32.0,2.0,21.0,7.0,0.0,17.0,198.0,elecharny@apache.org,2,0.003937007874015748,100.0,0.0,0.0,50.0,3336.268077821012,142705.119421341,2,0,2.4866397537762435,false
sshd-core/src/main/java/org/apache/sshd/client/future/DefaultAuthFuture.java,35.0,1.0,15.0,6.0,6.0,15.0,244.0,lgoldstein@vmware.com,2,0.003937007874015748,50.0,0.0,0.0,25.0,3336.268077821012,142705.119421341,2,0,2.4866397537762435,false
sshd-core/src/main/java/org/apache/sshd/client/future/DefaultConnectFuture.java,51.0,3.0,15.0,6.0,6.0,18.0,198.0,lgoldstein@vmware.com,2,0.003937007874015748,67.0,0.0,0.0,33.0,3336.268077821012,142705.119421341,2,0,2.4866397537762435,false
sshd-core/src/main/java/org/apache/sshd/client/future/DefaultOpenFuture.java,30.0,1.0,10.0,5.0,4.0,11.0,244.0,lgoldstein@vmware.com,2,0.003937007874015748,50.0,0.0,0.0,25.0,3336.268077821012,142705.119421341,2,0,2.4866397537762435,false
sshd-core/src/main/java/org/apache/sshd/client/future/OpenFuture.java,31.0,1.0,15.0,6.0,0.0,16.0,198.0,lgoldstein@vmware.com,2,0.003937007874015748,50.0,0.0,0.0,25.0,3336.268077821012,142705.119421341,2,0,2.4866397537762435,false
sshd-core/src/main/java/org/apache/sshd/client/kex/AbstractDHGClient.java,80.0,16.0,1.0,6.0,25.0,14.0,167.0,gnodet@apache.org,2,0.003937007874015748,15.0,0.0,0.0,8.0,3336.268077821012,142705.119421341,2,0,2.4866397537762435,true
sshd-core/src/main/java/org/apache/sshd/client/kex/DHG1.java,21.0,4.0,0.0,1.0,2.0,1.0,169.0,gnodet@apache.org,3,0.005905511811023622,50.0,0.0,17.0,17.0,4354.690842048654,152067.7332827271,3,0,1.0520367742663548,true
sshd-core/src/main/java/org/apache/sshd/client/kex/DHG14.java,21.0,4.0,0.0,1.0,2.0,1.0,169.0,gnodet@apache.org,3,0.005905511811023622,50.0,0.0,17.0,17.0,4354.690842048654,152067.7332827271,3,0,1.0520367742663548,true
sshd-core/src/main/java/org/apache/sshd/client/session/ClientSessionImpl.java,295.0,19.0,100.0,16.0,72.0,56.0,140.0,gnodet@apache.org,3,0.005905511811023622,5.0,0.0,0.0,2.0,4354.690842048654,152067.7332827271,3,0,1.0520367742663548,false
sshd-core/src/main/java/org/apache/sshd/common/AbstractFactoryManager.java,87.0,7.0,153.0,19.0,9.0,29.0,167.0,gnodet@apache.org,2,0.003937007874015748,7.0,0.0,0.0,4.0,3336.268077821012,142705.119421341,2,0,2.4866397537762435,false
sshd-core/src/main/java/org/apache/sshd/common/AbstractSessionIoHandler.java,26.0,4.0,10.0,5.0,8.0,12.0,198.0,lgoldstein@vmware.com,2,0.003937007874015748,50.0,0.0,0.0,25.0,3336.268077821012,142705.119421341,2,0,2.4866397537762435,false
sshd-core/src/main/java/org/apache/sshd/common/Channel.java,15.0,3.0,36.0,9.0,0.0,16.0,198.0,gnodet@apache.org,2,0.003937007874015748,18.0,0.0,0.0,9.0,3336.268077821012,142705.119421341,2,0,2.4866397537762435,false
sshd-core/src/main/java/org/apache/sshd/common/Cipher.java,35.0,0.0,6.0,4.0,0.0,11.0,244.0,elecharny@apache.org,2,0.003937007874015748,67.0,0.0,0.0,33.0,3336.268077821012,142705.119421341,2,0,2.4866397537762435,false
sshd-core/src/main/java/org/apache/sshd/common/Compression.java,36.0,2.0,6.0,4.0,0.0,11.0,192.0,lgoldstein@vmware.com,2,0.003937007874015748,67.0,0.0,0.0,33.0,3336.268077821012,142705.119421341,2,0,2.4866397537762435,false
sshd-core/src/main/java/org/apache/sshd/common/Digest.java,10.0,0.0,6.0,4.0,0.0,7.0,186.0,elecharny@apache.org,2,0.003937007874015748,100.0,0.0,0.0,50.0,3336.268077821012,142705.119421341,2,0,2.4866397537762435,false
sshd-core/src/main/java/org/apache/sshd/common/FactoryManager.java,67.0,2.0,36.0,9.0,0.0,25.0,186.0,gnodet@apache.org,2,0.003937007874015748,8.0,0.0,0.0,4.0,3336.268077821012,142705.119421341,2,0,2.4866397537762435,false
sshd-core/src/main/java/org/apache/sshd/common/KeyExchange.java,38.0,2.0,10.0,5.0,0.0,13.0,198.0,gnodet@apache.org,2,0.003937007874015748,40.0,0.0,0.0,20.0,3336.268077821012,142705.119421341,2,0,2.4866397537762435,false
sshd-core/src/main/java/org/apache/sshd/common/KeyPairProvider.java,25.0,1.0,1.0,2.0,0.0,5.0,244.0,lgoldstein@vmware.com,2,0.003937007874015748,25.0,0.0,0.0,12.0,3336.268077821012,142705.119421341,2,0,2.4866397537762435,true
sshd-core/src/main/java/org/apache/sshd/common/Mac.java,11.0,0.0,10.0,5.0,0.0,7.0,244.0,elecharny@apache.org,2,0.003937007874015748,67.0,0.0,0.0,33.0,3336.268077821012,142705.119421341,2,0,2.4866397537762435,false
sshd-core/src/main/java/org/apache/sshd/common/NamedFactory.java,84.0,1.0,1.0,2.0,0.0,4.0,193.0,gnodet@apache.org,2,0.003937007874015748,17.0,0.0,0.0,8.0,3336.268077821012,142705.119421341,2,0,2.4866397537762435,false
sshd-core/src/main/java/org/apache/sshd/common/Random.java,13.0,0.0,0.0,1.0,0.0,1.0,186.0,elecharny@apache.org,2,0.003937007874015748,67.0,0.0,0.0,33.0,3336.268077821012,142705.119421341,2,0,2.4866397537762435,true
sshd-core/src/main/java/org/apache/sshd/common/RuntimeSshException.java,21.0,0.0,6.0,4.0,1.0,5.0,186.0,lgoldstein@vmware.com,2,0.003937007874015748,67.0,0.0,0.0,33.0,3336.268077821012,142705.119421341,2,0,2.4866397537762435,false
sshd-core/src/main/java/org/apache/sshd/common/Signature.java,34.0,2.0,6.0,4.0,0.0,13.0,244.0,elecharny@apache.org,2,0.003937007874015748,100.0,0.0,0.0,50.0,3336.268077821012,142705.119421341,2,0,2.4866397537762435,false
sshd-core/src/main/java/org/apache/sshd/common/SshConstants.java,62.0,0.0,0.0,3.0,0.0,5.0,186.0,gnodet@apache.org,2,0.003937007874015748,20.0,0.0,0.0,10.0,3336.268077821012,142705.119421341,2,0,2.4866397537762435,false
sshd-core/src/main/java/org/apache/sshd/common/SshException.java,38.0,1.0,16.0,9.0,1.0,11.0,244.0,elecharny@apache.org,2,0.003937007874015748,67.0,0.0,0.0,33.0,3336.268077821012,142705.119421341,2,0,2.4866397537762435,false
sshd-core/src/main/java/org/apache/sshd/common/channel/AbstractChannel.java,130.0,11.0,18.0,17.0,48.0,40.0,198.0,gnodet@apache.org,2,0.003937007874015748,6.0,0.0,0.0,3.0,3336.268077821012,142705.119421341,2,0,2.4866397537762435,true
sshd-core/src/main/java/org/apache/sshd/common/channel/ChannelOutputStream.java,79.0,6.0,0.0,6.0,18.0,16.0,198.0,gnodet@apache.org,2,0.003937007874015748,11.0,0.0,0.0,5.0,3336.268077821012,142705.119421341,2,0,2.4866397537762435,false
sshd-core/src/main/java/org/apache/sshd/common/channel/ChannelPipedInputStream.java,67.0,4.0,0.0,5.0,14.0,18.0,198.0,gnodet@apache.org,2,0.003937007874015748,15.0,0.0,0.0,8.0,3336.268077821012,142705.119421341,2,0,2.4866397537762435,false
sshd-core/src/main/java/org/apache/sshd/common/channel/ChannelPipedOutputStream.java,23.0,2.0,0.0,4.0,3.0,7.0,198.0,lgoldstein@vmware.com,2,0.003937007874015748,50.0,0.0,0.0,25.0,3336.268077821012,142705.119421341,2,0,2.4866397537762435,false
sshd-core/src/main/java/org/apache/sshd/common/channel/Window.java,88.0,3.0,0.0,10.0,16.0,24.0,193.0,gnodet@apache.org,2,0.003937007874015748,18.0,0.0,0.0,9.0,3336.268077821012,142705.119421341,2,0,2.4866397537762435,false
sshd-core/src/main/java/org/apache/sshd/common/cipher/AES128CBC.java,20.0,2.0,0.0,1.0,0.0,1.0,193.0,elecharny@apache.org,2,0.003937007874015748,50.0,0.0,0.0,25.0,3336.268077821012,142705.119421341,2,0,2.4866397537762435,false
sshd-core/src/main/java/org/apache/sshd/common/cipher/AES192CBC.java,20.0,2.0,0.0,1.0,0.0,1.0,193.0,gnodet@apache.org,2,0.003937007874015748,40.0,0.0,0.0,20.0,3336.268077821012,142705.119421341,2,0,2.4866397537762435,false
sshd-core/src/main/java/org/apache/sshd/common/cipher/AES256CBC.java,20.0,2.0,0.0,1.0,0.0,1.0,193.0,gnodet@apache.org,2,0.003937007874015748,40.0,0.0,0.0,20.0,3336.268077821012,142705.119421341,2,0,2.4866397537762435,false
sshd-core/src/main/java/org/apache/sshd/common/cipher/BaseCipher.java,46.0,4.0,3.0,6.0,5.0,15.0,193.0,gnodet@apache.org,2,0.003937007874015748,33.0,0.0,0.0,17.0,3336.268077821012,142705.119421341,2,0,2.4866397537762435,true
sshd-core/src/main/java/org/apache/sshd/common/cipher/BlowfishCBC.java,20.0,2.0,0.0,1.0,0.0,1.0,193.0,gnodet@apache.org,2,0.003937007874015748,40.0,0.0,0.0,20.0,3336.268077821012,142705.119421341,2,0,2.4866397537762435,false
sshd-core/src/main/java/org/apache/sshd/common/cipher/CipherNone.java,27.0,2.0,6.0,4.0,0.0,8.0,193.0,gnodet@apache.org,2,0.003937007874015748,40.0,0.0,0.0,20.0,3336.268077821012,142705.119421341,2,0,2.4866397537762435,false
sshd-core/src/main/java/org/apache/sshd/common/cipher/TripleDESCBC.java,20.0,2.0,0.0,1.0,0.0,1.0,193.0,gnodet@apache.org,2,0.003937007874015748,40.0,0.0,0.0,20.0,3336.268077821012,142705.119421341,2,0,2.4866397537762435,false
sshd-core/src/main/java/org/apache/sshd/common/compression/CompressionDelayedZlib.java,26.0,2.0,1.0,2.0,0.0,3.0,193.0,lgoldstein@vmware.com,2,0.003937007874015748,50.0,0.0,0.0,25.0,3336.268077821012,142705.119421341,2,0,2.4866397537762435,false
sshd-core/src/main/java/org/apache/sshd/common/compression/CompressionNone.java,17.0,2.0,0.0,0.0,0.0,0.0,193.0,lgoldstein@vmware.com,2,0.003937007874015748,67.0,0.0,0.0,33.0,3336.268077821012,142705.119421341,2,0,2.4866397537762435,false
sshd-core/src/main/java/org/apache/sshd/common/compression/CompressionZlib.java,77.0,8.0,4.0,5.0,13.0,18.0,167.0,lgoldstein@vmware.com,2,0.003937007874015748,33.0,0.0,0.0,17.0,3336.268077821012,142705.119421341,2,0,2.4866397537762435,false
sshd-core/src/main/java/org/apache/sshd/common/digest/BaseDigest.java,30.0,3.0,0.0,5.0,3.0,11.0,193.0,lgoldstein@vmware.com,2,0.003937007874015748,67.0,0.0,0.0,33.0,3336.268077821012,142705.119421341,2,0,2.4866397537762435,false
sshd-core/src/main/java/org/apache/sshd/common/digest/MD5.java,23.0,2.0,0.0,1.0,0.0,1.0,193.0,elecharny@apache.org,2,0.003937007874015748,67.0,0.0,0.0,33.0,3336.268077821012,142705.119421341,2,0,2.4866397537762435,false
sshd-core/src/main/java/org/apache/sshd/common/digest/SHA1.java,23.0,2.0,0.0,1.0,0.0,1.0,193.0,elecharny@apache.org,2,0.003937007874015748,67.0,0.0,0.0,33.0,3336.268077821012,142705.119421341,2,0,2.4866397537762435,false
sshd-core/src/main/java/org/apache/sshd/common/future/CloseFuture.java,14.0,0.0,1.0,2.0,0.0,5.0,244.0,elecharny@apache.org,2,0.003937007874015748,100.0,0.0,0.0,50.0,3336.268077821012,142705.119421341,2,0,2.4866397537762435,false
sshd-core/src/main/java/org/apache/sshd/common/future/DefaultCloseFuture.java,23.0,0.0,3.0,3.0,3.0,6.0,244.0,lgoldstein@vmware.com,2,0.003937007874015748,67.0,0.0,0.0,33.0,3336.268077821012,142705.119421341,2,0,2.4866397537762435,false
sshd-core/src/main/java/org/apache/sshd/common/future/DefaultSshFuture.java,251.0,4.0,91.0,18.0,25.0,56.0,198.0,gnodet@apache.org,2,0.003937007874015748,20.0,0.0,0.0,10.0,3336.268077821012,142705.119421341,2,0,2.4866397537762435,false
sshd-core/src/main/java/org/apache/sshd/common/future/SshFuture.java,47.0,1.0,36.0,9.0,0.0,32.0,244.0,elecharny@apache.org,2,0.003937007874015748,100.0,0.0,0.0,50.0,3336.268077821012,142705.119421341,2,0,2.4866397537762435,false
sshd-core/src/main/java/org/apache/sshd/common/future/SshFutureListener.java,11.0,1.0,0.0,1.0,0.0,2.0,244.0,elecharny@apache.org,2,0.003937007874015748,100.0,0.0,0.0,50.0,3336.268077821012,142705.119421341,2,0,2.4866397537762435,false
sshd-core/src/main/java/org/apache/sshd/common/kex/DH.java,60.0,9.0,4.0,9.0,16.0,16.0,193.0,gnodet@apache.org,2,0.003937007874015748,33.0,0.0,0.0,17.0,3336.268077821012,142705.119421341,2,0,2.4866397537762435,true
sshd-core/src/main/java/org/apache/sshd/common/kex/DHGroupData.java,9.0,0.0,0.0,0.0,0.0,0.0,156.0,elecharny@apache.org,3,0.005905511811023622,100.0,0.0,33.0,33.0,4354.690842048654,152067.7332827271,3,0,1.0520367742663548,false
sshd-core/src/main/java/org/apache/sshd/common/keyprovider/AbstractKeyPairProvider.java,37.0,6.0,6.0,4.0,9.0,11.0,244.0,lgoldstein@vmware.com,2,0.003937007874015748,22.0,0.0,0.0,11.0,3336.268077821012,142705.119421341,2,0,2.4866397537762435,true
sshd-core/src/main/java/org/apache/sshd/common/keyprovider/FileKeyPairProvider.java,54.0,10.0,0.0,8.0,7.0,15.0,183.0,gnodet@apache.org,2,0.003937007874015748,22.0,0.0,0.0,11.0,3336.268077821012,142705.119421341,2,0,2.4866397537762435,false
sshd-core/src/main/java/org/apache/sshd/common/mac/BaseMac.java,49.0,3.0,0.0,6.0,7.0,12.0,193.0,gnodet@apache.org,2,0.003937007874015748,40.0,0.0,0.0,20.0,3336.268077821012,142705.119421341,2,0,2.4866397537762435,false
sshd-core/src/main/java/org/apache/sshd/common/mac/HMACMD5.java,20.0,2.0,0.0,1.0,0.0,1.0,193.0,elecharny@apache.org,2,0.003937007874015748,67.0,0.0,0.0,33.0,3336.268077821012,142705.119421341,2,0,2.4866397537762435,false
sshd-core/src/main/java/org/apache/sshd/common/mac/HMACMD596.java,20.0,2.0,0.0,1.0,0.0,1.0,193.0,elecharny@apache.org,2,0.003937007874015748,50.0,0.0,0.0,25.0,3336.268077821012,142705.119421341,2,0,2.4866397537762435,false
sshd-core/src/main/java/org/apache/sshd/common/mac/HMACSHA1.java,20.0,2.0,0.0,1.0,0.0,1.0,193.0,elecharny@apache.org,2,0.003937007874015748,50.0,0.0,0.0,25.0,3336.268077821012,142705.119421341,2,0,2.4866397537762435,false
sshd-core/src/main/java/org/apache/sshd/common/mac/HMACSHA196.java,20.0,2.0,0.0,1.0,0.0,1.0,193.0,elecharny@apache.org,2,0.003937007874015748,50.0,0.0,0.0,25.0,3336.268077821012,142705.119421341,2,0,2.4866397537762435,false
sshd-core/src/main/java/org/apache/sshd/common/random/BouncyCastleRandom.java,26.0,5.0,0.0,2.0,3.0,2.0,193.0,lgoldstein@vmware.com,2,0.003937007874015748,40.0,0.0,0.0,20.0,3336.268077821012,142705.119421341,2,0,2.4866397537762435,true
sshd-core/src/main/java/org/apache/sshd/common/random/JceRandom.java,36.0,3.0,0.0,2.0,2.0,5.0,193.0,lgoldstein@vmware.com,2,0.003937007874015748,50.0,0.0,0.0,25.0,3336.268077821012,142705.119421341,2,0,2.4866397537762435,true
sshd-core/src/main/java/org/apache/sshd/common/random/SingletonRandomFactory.java,21.0,2.0,2.0,4.0,3.0,6.0,198.0,lgoldstein@vmware.com,2,0.003937007874015748,50.0,0.0,0.0,25.0,3336.268077821012,142705.119421341,2,0,2.4866397537762435,true
sshd-core/src/main/java/org/apache/sshd/common/session/AbstractSession.java,709.0,28.0,619.0,39.0,155.0,143.0,133.0,gnodet@apache.org,3,0.005905511811023622,5.0,0.0,2.0,2.0,4354.690842048654,152067.7332827271,3,0,1.0520367742663548,false
sshd-core/src/main/java/org/apache/sshd/common/session/AttributeKey.java,7.0,0.0,0.0,0.0,0.0,0.0,244.0,elecharny@apache.org,2,0.003937007874015748,50.0,0.0,0.0,25.0,3336.268077821012,142705.119421341,2,0,2.4866397537762435,false
sshd-core/src/main/java/org/apache/sshd/common/signature/AbstractSignature.java,36.0,4.0,2.0,4.0,5.0,10.0,198.0,lgoldstein@vmware.com,2,0.003937007874015748,67.0,0.0,0.0,33.0,3336.268077821012,142705.119421341,2,0,2.4866397537762435,false
sshd-core/src/main/java/org/apache/sshd/common/signature/SignatureDSA.java,57.0,3.0,3.0,3.0,5.0,8.0,193.0,gnodet@apache.org,2,0.003937007874015748,40.0,0.0,0.0,20.0,3336.268077821012,142705.119421341,2,0,2.4866397537762435,true
sshd-core/src/main/java/org/apache/sshd/common/signature/SignatureRSA.java,27.0,3.0,3.0,3.0,3.0,8.0,193.0,lgoldstein@vmware.com,2,0.003937007874015748,50.0,0.0,0.0,25.0,3336.268077821012,142705.119421341,2,0,2.4866397537762435,false
sshd-core/src/main/java/org/apache/sshd/common/util/Buffer.java,259.0,13.0,534.0,45.0,70.0,84.0,193.0,gnodet@apache.org,2,0.003937007874015748,12.0,0.0,0.0,6.0,3336.268077821012,142705.119421341,2,0,2.4866397537762435,true
sshd-core/src/main/java/org/apache/sshd/common/util/BufferUtils.java,39.0,0.0,6.0,4.0,5.0,13.0,244.0,lgoldstein@vmware.com,2,0.003937007874015748,50.0,0.0,0.0,25.0,3336.268077821012,142705.119421341,2,0,2.4866397537762435,false
sshd-core/src/main/java/org/apache/sshd/common/util/IoUtils.java,17.0,2.0,0.0,1.0,1.0,4.0,244.0,gnodet@apache.org,2,0.003937007874015748,25.0,0.0,0.0,12.0,3336.268077821012,142705.119421341,2,0,2.4866397537762435,false
sshd-core/src/main/java/org/apache/sshd/common/util/LfToCrLfFilterOutputStream.java,35.0,3.0,3.0,3.0,2.0,7.0,244.0,elecharny@apache.org,2,0.003937007874015748,67.0,0.0,0.0,33.0,3336.268077821012,142705.119421341,2,0,2.4866397537762435,false
sshd-core/src/main/java/org/apache/sshd/common/util/LoggingFilterOutputStream.java,24.0,4.0,1.0,3.0,5.0,7.0,244.0,lgoldstein@vmware.com,2,0.003937007874015748,67.0,0.0,0.0,33.0,3336.268077821012,142705.119421341,2,0,2.4866397537762435,false
sshd-core/src/main/java/org/apache/sshd/common/util/NoCloseInputStream.java,11.0,3.0,1.0,2.0,0.0,3.0,198.0,lgoldstein@vmware.com,2,0.003937007874015748,67.0,0.0,0.0,33.0,3336.268077821012,142705.119421341,2,0,2.4866397537762435,false
sshd-core/src/main/java/org/apache/sshd/common/util/NoCloseOutputStream.java,11.0,3.0,1.0,2.0,0.0,3.0,198.0,lgoldstein@vmware.com,2,0.003937007874015748,67.0,0.0,0.0,33.0,3336.268077821012,142705.119421341,2,0,2.4866397537762435,false
sshd-core/src/main/java/org/apache/sshd/common/util/SecurityUtils.java,124.0,13.0,50.0,12.0,27.0,48.0,244.0,lgoldstein@vmware.com,2,0.003937007874015748,29.0,0.0,0.0,14.0,3336.268077821012,142705.119421341,2,0,2.4866397537762435,true
sshd-core/src/main/java/org/apache/sshd/server/CommandFactory.java,62.0,4.0,0.0,1.0,0.0,2.0,167.0,gnodet@apache.org,2,0.003937007874015748,40.0,0.0,0.0,20.0,3336.268077821012,142705.119421341,2,0,2.4866397537762435,false
sshd-core/src/main/java/org/apache/sshd/server/PasswordAuthenticator.java,13.0,0.0,0.0,1.0,0.0,3.0,186.0,gnodet@apache.org,2,0.003937007874015748,33.0,0.0,0.0,17.0,3336.268077821012,142705.119421341,2,0,2.4866397537762435,false
sshd-core/src/main/java/org/apache/sshd/server/PublickeyAuthenticator.java,7.0,2.0,0.0,1.0,0.0,1.0,161.0,gnodet@apache.org,2,0.003937007874015748,40.0,0.0,0.0,20.0,3336.268077821012,142705.119421341,2,0,2.4866397537762435,false
sshd-core/src/main/java/org/apache/sshd/server/ServerChannel.java,9.0,5.0,3.0,3.0,0.0,4.0,198.0,elecharny@apache.org,2,0.003937007874015748,67.0,0.0,0.0,33.0,3336.268077821012,142705.119421341,2,0,2.4866397537762435,false
sshd-core/src/main/java/org/apache/sshd/server/ServerFactoryManager.java,36.0,3.0,15.0,6.0,0.0,16.0,186.0,gnodet@apache.org,2,0.003937007874015748,8.0,0.0,0.0,4.0,3336.268077821012,142705.119421341,2,0,2.4866397537762435,false
sshd-core/src/main/java/org/apache/sshd/server/SessionFactory.java,14.0,5.0,0.0,2.0,0.0,4.0,136.0,gnodet@apache.org,1,0.001968503937007874,50.0,0.0,0.0,0.0,2714.140077821012,122023.47490521234,1,0,3.5263605246161616,false
sshd-core/src/main/java/org/apache/sshd/server/ShellFactory.java,55.0,4.0,0.0,1.0,0.0,3.0,135.0,gnodet@apache.org,3,0.005905511811023622,38.0,12.0,0.0,12.0,4354.690842048654,152067.7332827271,3,0,1.0520367742663548,false
sshd-core/src/main/java/org/apache/sshd/server/UserAuth.java,14.0,2.0,0.0,1.0,0.0,4.0,244.0,gnodet@apache.org,2,0.003937007874015748,25.0,0.0,0.0,12.0,3336.268077821012,142705.119421341,2,0,2.4866397537762435,false
sshd-core/src/main/java/org/apache/sshd/server/auth/UserAuthNone.java,17.0,4.0,0.0,1.0,0.0,2.0,198.0,gnodet@apache.org,2,0.003937007874015748,25.0,0.0,0.0,12.0,3336.268077821012,142705.119421341,2,0,2.4866397537762435,false
sshd-core/src/main/java/org/apache/sshd/server/auth/UserAuthPassword.java,35.0,5.0,1.0,2.0,6.0,9.0,198.0,gnodet@apache.org,2,0.003937007874015748,18.0,0.0,0.0,9.0,3336.268077821012,142705.119421341,2,0,2.4866397537762435,false
sshd-core/src/main/java/org/apache/sshd/server/auth/UserAuthPublicKey.java,67.0,10.0,0.0,1.0,27.0,6.0,198.0,gnodet@apache.org,2,0.003937007874015748,12.0,0.0,0.0,6.0,3336.268077821012,142705.119421341,2,0,2.4866397537762435,false
sshd-core/src/main/java/org/apache/sshd/server/channel/AbstractServerChannel.java,26.0,6.0,1.0,2.0,8.0,4.0,244.0,gnodet@apache.org,2,0.003937007874015748,15.0,0.0,0.0,8.0,3336.268077821012,142705.119421341,2,0,2.4866397537762435,false
sshd-core/src/main/java/org/apache/sshd/server/channel/ChannelSession.java,34.0,23.0,0.0,3.0,1.0,5.0,133.0,gnodet@apache.org,3,0.005905511811023622,6.0,2.0,2.0,2.0,4354.690842048654,152067.7332827271,3,0,0.5963593563936842,false
sshd-core/src/main/java/org/apache/sshd/server/command/ScpCommand.java,288.0,11.0,21.0,14.0,87.0,55.0,122.0,gnodet@apache.org,3,0.005905511811023622,12.0,0.0,4.0,4.0,4354.690842048654,152067.7332827271,3,0,1.0520367742663548,false
sshd-core/src/main/java/org/apache/sshd/server/command/ScpCommandFactory.java,23.0,1.0,1.0,3.0,3.0,6.0,186.0,gnodet@apache.org,2,0.003937007874015748,18.0,0.0,0.0,9.0,3336.268077821012,142705.119421341,2,0,2.4866397537762435,false
sshd-core/src/main/java/org/apache/sshd/server/command/UnknownCommand.java,18.0,4.0,15.0,6.0,0.0,7.0,167.0,gnodet@apache.org,2,0.003937007874015748,33.0,0.0,0.0,17.0,3336.268077821012,142705.119421341,2,0,2.4866397537762435,false
sshd-core/src/main/java/org/apache/sshd/server/jaas/JaasPasswordAuthenticator.java,40.0,9.0,0.0,4.0,8.0,15.0,244.0,lgoldstein@vmware.com,2,0.003937007874015748,29.0,0.0,0.0,14.0,3336.268077821012,142705.119421341,2,0,2.4866397537762435,false
sshd-core/src/main/java/org/apache/sshd/server/kex/AbstractDHGServer.java,93.0,15.0,1.0,6.0,33.0,14.0,198.0,gnodet@apache.org,2,0.003937007874015748,20.0,0.0,0.0,10.0,3336.268077821012,142705.119421341,2,0,2.4866397537762435,true
sshd-core/src/main/java/org/apache/sshd/server/kex/DHG1.java,18.0,4.0,0.0,1.0,2.0,1.0,169.0,gnodet@apache.org,3,0.005905511811023622,60.0,0.0,20.0,20.0,4354.690842048654,152067.7332827271,3,0,1.0520367742663548,true
sshd-core/src/main/java/org/apache/sshd/server/kex/DHG14.java,18.0,4.0,0.0,1.0,2.0,1.0,169.0,gnodet@apache.org,3,0.005905511811023622,60.0,0.0,20.0,20.0,4354.690842048654,152067.7332827271,3,0,1.0520367742663548,true
sshd-core/src/main/java/org/apache/sshd/server/keyprovider/AbstractGeneratorHostKeyProvider.java,102.0,14.0,36.0,13.0,17.0,29.0,183.0,gnodet@apache.org,3,0.005905511811023622,30.0,10.0,0.0,10.0,4354.690842048654,152067.7332827271,3,0,1.0520367742663548,true
sshd-core/src/main/java/org/apache/sshd/server/keyprovider/PEMGeneratorHostKeyProvider.java,14.0,7.0,1.0,2.0,2.0,5.0,159.0,gnodet@apache.org,3,0.005905511811023622,38.0,12.0,0.0,12.0,4354.690842048654,152067.7332827271,3,0,1.0520367742663548,false
sshd-core/src/main/java/org/apache/sshd/server/keyprovider/SimpleGeneratorHostKeyProvider.java,14.0,5.0,1.0,2.0,2.0,5.0,159.0,lgoldstein@vmware.com,3,0.005905511811023622,75.0,25.0,0.0,25.0,4354.690842048654,152067.7332827271,3,0,1.0520367742663548,false
sshd-core/src/main/java/org/apache/sshd/server/session/ServerSession.java,349.0,19.0,178.0,20.0,97.0,61.0,167.0,gnodet@apache.org,2,0.003937007874015748,3.0,0.0,0.0,1.0,3336.268077821012,142705.119421341,2,0,2.4866397537762435,false
sshd-core/src/main/java/org/apache/sshd/server/shell/InvertedShell.java,41.0,4.0,21.0,7.0,0.0,15.0,198.0,elecharny@apache.org,2,0.003937007874015748,50.0,0.0,0.0,25.0,3336.268077821012,142705.119421341,2,0,2.4866397537762435,false
sshd-core/src/main/java/org/apache/sshd/server/shell/InvertedShellWrapper.java,82.0,5.0,19.0,10.0,17.0,18.0,159.0,gnodet@apache.org,3,0.005905511811023622,20.0,7.0,0.0,7.0,4354.690842048654,152067.7332827271,3,0,1.0520367742663548,false
sshd-core/src/main/java/org/apache/sshd/server/shell/ProcessShellFactory.java,70.0,7.0,0.0,5.0,0.0,7.0,198.0,gnodet@apache.org,2,0.003937007874015748,22.0,0.0,0.0,11.0,3336.268077821012,142705.119421341,2,0,2.4866397537762435,false
sshd-core/src/test/java/org/apache/sshd/AbstractSessionTest.java,65.0,7.0,0.0,8.0,22.0,18.0,160.0,gnodet@apache.org,2,0.003937007874015748,25.0,0.0,0.0,12.0,3336.268077821012,142705.119421341,2,0,2.4866397537762435,false
sshd-core/src/test/java/org/apache/sshd/CipherTest.java,117.0,24.0,149.0,18.0,47.0,38.0,160.0,gnodet@apache.org,2,0.003937007874015748,17.0,0.0,0.0,8.0,3336.268077821012,142705.119421341,2,0,2.4866397537762435,false
sshd-core/src/test/java/org/apache/sshd/ClientTest.java,150.0,20.0,0.0,9.0,107.0,26.0,198.0,gnodet@apache.org,2,0.003937007874015748,5.0,0.0,0.0,3.0,3336.268077821012,142705.119421341,2,0,2.4866397537762435,false
sshd-core/src/test/java/org/apache/sshd/CompressionTest.java,88.0,16.0,89.0,14.0,34.0,29.0,160.0,gnodet@apache.org,2,0.003937007874015748,17.0,0.0,0.0,8.0,3336.268077821012,142705.119421341,2,0,2.4866397537762435,false
sshd-core/src/test/java/org/apache/sshd/LoadTest.java,71.0,19.0,11.0,6.0,41.0,16.0,168.0,gnodet@apache.org,2,0.003937007874015748,10.0,5.0,0.0,0.0,3732.562842048654,131386.08876659846,2,0,1.116219741813643,false
sshd-core/src/test/java/org/apache/sshd/RandomTest.java,23.0,4.0,3.0,3.0,6.0,5.0,198.0,lgoldstein@vmware.com,2,0.003937007874015748,50.0,0.0,0.0,25.0,3336.268077821012,142705.119421341,2,0,2.4866397537762435,false
sshd-core/src/test/java/org/apache/sshd/ScpTest.java,207.0,19.0,97.0,18.0,107.0,43.0,148.0,gnodet@apache.org,2,0.003937007874015748,6.0,0.0,0.0,3.0,3336.268077821012,142705.119421341,2,0,2.4866397537762435,false
sshd-core/src/test/java/org/apache/sshd/ServerTest.java,78.0,14.0,2.0,8.0,43.0,20.0,133.0,gnodet@apache.org,3,0.005905511811023622,11.0,0.0,0.0,4.0,4354.690842048654,152067.7332827271,3,0,1.0520367742663548,false
sshd-core/src/test/java/org/apache/sshd/TestSpringConfig.java,57.0,9.0,53.0,11.0,14.0,23.0,160.0,elecharny@apache.org,2,0.003937007874015748,50.0,0.0,0.0,25.0,3336.268077821012,142705.119421341,2,0,2.4866397537762435,false
sshd-core/src/test/java/org/apache/sshd/server/jaas/JaasPasswordAuthenticatorTest.java,64.0,17.0,10.0,5.0,10.0,8.0,185.0,gnodet@apache.org,2,0.003937007874015748,33.0,0.0,0.0,17.0,3336.268077821012,142705.119421341,2,0,2.4866397537762435,false
sshd-core/src/test/java/org/apache/sshd/server/keyprovider/PEMGeneratorHostKeyProviderTest.java,42.0,4.0,1.0,2.0,20.0,2.0,185.0,gnodet@apache.org,2,0.003937007874015748,14.0,0.0,0.0,7.0,3336.268077821012,142705.119421341,2,0,2.4866397537762435,true
sshd-core/src/test/java/org/apache/sshd/server/keyprovider/SimpleGeneratorHostKeyProviderTest.java,42.0,4.0,1.0,2.0,20.0,2.0,185.0,lgoldstein@vmware.com,2,0.003937007874015748,20.0,0.0,0.0,10.0,3336.268077821012,142705.119421341,2,0,2.4866397537762435,true
sshd-core/src/test/java/org/apache/sshd/util/BogusPasswordAuthenticator.java,9.0,1.0,0.0,1.0,1.0,3.0,244.0,gnodet@apache.org,2,0.003937007874015748,40.0,0.0,0.0,20.0,3336.268077821012,142705.119421341,2,0,2.4866397537762435,false
sshd-core/src/test/java/org/apache/sshd/util/BogusPublickeyAuthenticator.java,9.0,3.0,0.0,1.0,0.0,2.0,244.0,gnodet@apache.org,2,0.003937007874015748,40.0,0.0,0.0,20.0,3336.268077821012,142705.119421341,2,0,2.4866397537762435,false
sshd-core/src/test/java/org/apache/sshd/util/Compression.java,87.0,2.0,0.0,4.0,8.0,16.0,192.0,elecharny@apache.org,2,0.003937007874015748,67.0,0.0,0.0,33.0,3336.268077821012,142705.119421341,2,0,2.4866397537762435,false
sshd-core/src/test/java/org/apache/sshd/util/EchoShellFactory.java,57.0,7.0,0.0,1.0,0.0,2.0,159.0,gnodet@apache.org,3,0.005905511811023622,43.0,14.0,0.0,14.0,4354.690842048654,152067.7332827271,3,0,1.0520367742663548,false
sshd-core/src/test/java/org/apache/sshd/util/TeePipedOutputStream.java,18.0,3.0,0.0,3.0,2.0,5.0,198.0,elecharny@apache.org,2,0.003937007874015748,67.0,0.0,0.0,33.0,3336.268077821012,142705.119421341,2,0,2.4866397537762435,false
sshd-pam/src/main/java/org/apache/sshd/server/pam/PAMPasswordAuthenticator.java,23.0,5.0,0.0,3.0,3.0,6.0,198.0,gnodet@apache.org,2,0.003937007874015748,40.0,0.0,0.0,20.0,3336.268077821012,142705.119421341,2,0,2.4866397537762435,false
