name,LOC,CBO,LCOM,NOM,RFC,WMC,ACS,Ownership,numOfChanges,numberOfFIChanges,ENH,NF,BugFixing,REF,structuralWorkloadSum,semanticWorkloadSum,numberOfDeveloper,pastFaults,MAF,isBuggy
sshd-core/src/main/java/org/apache/sshd/ClientChannel.java,21.0,4.0,15.0,6.0,0.0,7.0,0.0,gnodet@apache.org,0,0.0,0.0,0.0,0.0,0.0,0.0,0.0,0,0,0.0,false
sshd-core/src/main/java/org/apache/sshd/SshClient.java,177.0,49.0,37.0,10.0,46.0,26.0,0.0,gnodet@apache.org,0,0.0,0.0,0.0,0.0,0.0,0.0,0.0,0,0,0.0,true
sshd-core/src/main/java/org/apache/sshd/SshServer.java,213.0,48.0,279.0,26.0,49.0,54.0,5.0,gnodet@apache.org,1,0.045454545454545456,3.0,1.0,0.0,0.0,121.52380952380952,685.9735978408387,1,0,0.0,true
sshd-core/src/main/java/org/apache/sshd/client/channel/ChannelExec.java,23.0,4.0,0.0,1.0,10.0,3.0,0.0,gnodet@apache.org,0,0.0,0.0,0.0,0.0,0.0,0.0,0.0,0,0,0.0,false
sshd-core/src/main/java/org/apache/sshd/client/kex/DHG1.java,21.0,4.0,0.0,1.0,4.0,1.0,0.0,gnodet@apache.org,0,0.0,0.0,0.0,0.0,0.0,0.0,0.0,0,1,0.0,true
sshd-core/src/main/java/org/apache/sshd/client/kex/DHG14.java,21.0,4.0,0.0,1.0,4.0,1.0,0.0,gnodet@apache.org,0,0.0,0.0,0.0,0.0,0.0,0.0,0.0,0,1,0.0,true
sshd-core/src/main/java/org/apache/sshd/client/session/ClientSessionImpl.java,298.0,20.0,100.0,16.0,72.0,56.0,2.0,gnodet@apache.org,1,0.045454545454545456,2.0,0.0,0.0,0.0,121.52380952380952,685.9735978408387,1,0,0.0,false
sshd-core/src/main/java/org/apache/sshd/common/channel/ChannelOutputStream.java,83.0,6.0,0.0,6.0,18.0,16.0,4.0,gnodet@apache.org,1,0.045454545454545456,5.0,0.0,0.0,0.0,121.52380952380952,685.9735978408387,1,0,0.0,false
sshd-core/src/main/java/org/apache/sshd/common/channel/ChannelPipedInputStream.java,80.0,4.0,0.0,6.0,15.0,20.0,2.0,gnodet@apache.org,1,0.045454545454545456,8.0,0.0,0.0,0.0,121.52380952380952,685.9735978408387,1,0,0.0,false
sshd-core/src/main/java/org/apache/sshd/common/channel/ChannelPipedOutputStream.java,25.0,2.0,0.0,4.0,3.0,7.0,2.0,lgoldstein@vmware.com,1,0.045454545454545456,25.0,0.0,0.0,0.0,121.52380952380952,685.9735978408387,1,0,0.0,false
sshd-core/src/main/java/org/apache/sshd/common/channel/Window.java,100.0,4.0,0.0,11.0,17.0,27.0,4.0,gnodet@apache.org,1,0.045454545454545456,9.0,0.0,0.0,0.0,121.52380952380952,685.9735978408387,1,0,0.0,false
sshd-core/src/main/java/org/apache/sshd/common/channel/WindowClosedException.java,9.0,1.0,0.0,1.0,0.0,1.0,4.0,lgoldstein@vmware.com,1,0.045454545454545456,50.0,0.0,0.0,0.0,121.52380952380952,685.9735978408387,1,0,0.0,false
sshd-core/src/main/java/org/apache/sshd/common/kex/DHGroupData.java,18.0,0.0,3.0,3.0,0.0,6.0,0.0,elecharny@apache.org,0,0.0,0.0,0.0,0.0,0.0,0.0,0.0,0,1,0.0,false
sshd-core/src/main/java/org/apache/sshd/common/session/AbstractSession.java,709.0,28.0,619.0,39.0,155.0,143.0,2.0,gnodet@apache.org,1,0.045454545454545456,3.0,0.0,0.0,2.0,121.52380952380952,685.9735978408387,1,1,0.0,false
sshd-core/src/main/java/org/apache/sshd/common/session/AttributeKey.java,7.0,0.0,0.0,0.0,0.0,0.0,9.0,elecharny@apache.org,1,0.045454545454545456,25.0,0.0,0.0,0.0,121.52380952380952,685.9735978408387,1,0,0.0,false
sshd-core/src/main/java/org/apache/sshd/server/PasswordAuthenticator.java,13.0,1.0,0.0,1.0,0.0,3.0,9.0,gnodet@apache.org,1,0.045454545454545456,17.0,0.0,0.0,0.0,121.52380952380952,685.9735978408387,1,0,0.0,false
sshd-core/src/main/java/org/apache/sshd/server/ShellFactory.java,108.0,5.0,0.0,1.0,0.0,3.0,9.0,gnodet@apache.org,1,0.045454545454545456,12.0,0.0,0.0,0.0,121.52380952380952,685.9735978408387,1,0,0.0,false
sshd-core/src/main/java/org/apache/sshd/server/Signals.java,36.0,0.0,0.0,0.0,0.0,0.0,0.0,gnodet@apache.org,0,0.0,0.0,0.0,0.0,0.0,0.0,0.0,0,0,0.0,false
sshd-core/src/main/java/org/apache/sshd/server/auth/UserAuthPassword.java,35.0,5.0,1.0,2.0,6.0,9.0,9.0,gnodet@apache.org,1,0.045454545454545456,9.0,0.0,0.0,0.0,121.52380952380952,685.9735978408387,1,0,0.0,false
sshd-core/src/main/java/org/apache/sshd/server/channel/ChannelSession.java,110.0,28.0,0.0,3.0,1.0,5.0,3.0,gnodet@apache.org,1,0.045454545454545456,6.0,2.0,0.0,0.0,121.52380952380952,685.9735978408387,1,1,0.0,false
sshd-core/src/main/java/org/apache/sshd/server/command/ScpCommand.java,296.0,11.0,21.0,14.0,87.0,55.0,2.0,gnodet@apache.org,1,0.045454545454545456,4.0,0.0,0.0,0.0,121.52380952380952,685.9735978408387,1,1,0.0,false
sshd-core/src/main/java/org/apache/sshd/server/jaas/JaasPasswordAuthenticator.java,43.0,10.0,4.0,5.0,9.0,17.0,9.0,lgoldstein@vmware.com,1,0.045454545454545456,14.0,0.0,0.0,0.0,121.52380952380952,685.9735978408387,1,0,0.0,false
sshd-core/src/main/java/org/apache/sshd/server/kex/DHG1.java,18.0,4.0,0.0,1.0,4.0,1.0,0.0,gnodet@apache.org,0,0.0,0.0,0.0,0.0,0.0,0.0,0.0,0,1,0.0,true
sshd-core/src/main/java/org/apache/sshd/server/kex/DHG14.java,18.0,4.0,0.0,1.0,4.0,1.0,0.0,gnodet@apache.org,0,0.0,0.0,0.0,0.0,0.0,0.0,0.0,0,1,0.0,true
sshd-core/src/main/java/org/apache/sshd/server/keyprovider/AbstractGeneratorHostKeyProvider.java,116.0,14.0,42.0,17.0,17.0,33.0,0.0,gnodet@apache.org,0,0.0,0.0,0.0,0.0,0.0,0.0,0.0,0,0,0.0,true
sshd-core/src/main/java/org/apache/sshd/server/keyprovider/PEMGeneratorHostKeyProvider.java,25.0,7.0,15.0,6.0,2.0,9.0,0.0,gnodet@apache.org,0,0.0,0.0,0.0,0.0,0.0,0.0,0.0,0,0,0.0,false
sshd-core/src/main/java/org/apache/sshd/server/keyprovider/SimpleGeneratorHostKeyProvider.java,25.0,5.0,15.0,6.0,2.0,9.0,0.0,lgoldstein@vmware.com,0,0.0,0.0,0.0,0.0,0.0,0.0,0.0,0,0,0.0,false
sshd-core/src/main/java/org/apache/sshd/server/session/ServerSession.java,349.0,18.0,178.0,20.0,97.0,61.0,2.0,gnodet@apache.org,1,0.045454545454545456,1.0,0.0,0.0,0.0,121.52380952380952,685.9735978408387,1,0,0.0,false
sshd-core/src/main/java/org/apache/sshd/server/shell/InvertedShellWrapper.java,82.0,6.0,19.0,10.0,18.0,18.0,0.0,gnodet@apache.org,0,0.0,0.0,0.0,0.0,0.0,0.0,0.0,0,0,0.0,false
sshd-core/src/test/java/org/apache/sshd/LoadTest.java,71.0,19.0,11.0,6.0,41.0,16.0,0.0,gnodet@apache.org,0,0.0,0.0,0.0,0.0,0.0,0.0,0.0,0,0,0.0,false
sshd-core/src/test/java/org/apache/sshd/ServerTest.java,78.0,14.0,2.0,8.0,43.0,20.0,0.0,gnodet@apache.org,0,0.0,0.0,0.0,0.0,0.0,0.0,0.0,0,0,0.0,false
sshd-core/src/test/java/org/apache/sshd/util/BogusPasswordAuthenticator.java,9.0,2.0,0.0,1.0,1.0,3.0,9.0,gnodet@apache.org,1,0.045454545454545456,20.0,0.0,0.0,0.0,121.52380952380952,685.9735978408387,1,0,0.0,false
sshd-core/src/test/java/org/apache/sshd/util/EchoShellFactory.java,57.0,7.0,0.0,1.0,0.0,2.0,0.0,gnodet@apache.org,0,0.0,0.0,0.0,0.0,0.0,0.0,0.0,0,0,0.0,false
sshd-pam/src/main/java/org/apache/sshd/server/pam/PAMPasswordAuthenticator.java,23.0,6.0,0.0,3.0,3.0,6.0,9.0,gnodet@apache.org,1,0.045454545454545456,20.0,0.0,0.0,0.0,121.52380952380952,685.9735978408387,1,0,0.0,false
