name,LOC,CBO,LCOM,NOM,RFC,WMC,ACS,Ownership,numOfChanges,numberOfFIChanges,ENH,NF,BugFixing,REF,structuralWorkloadSum,semanticWorkloadSum,numberOfDeveloper,pastFaults,MAF,isBuggy
sshd-core/src/main/java/org/apache/sshd/SshClient.java,177.0,49.0,37.0,10.0,46.0,26.0,10.0,gnodet@apache.org,1,0.008620689655172414,9.0,0.0,0.0,2.0,423.6666666666667,16860.19599108334,1,0,0.29376111852816306,true
sshd-core/src/main/java/org/apache/sshd/SshServer.java,294.0,60.0,677.0,39.0,74.0,79.0,8.0,gnodet@apache.org,2,0.017241379310344827,19.0,3.0,3.0,4.0,563.8,17946.846200469423,2,0,0.007139267902144364,true
sshd-core/src/main/java/org/apache/sshd/client/channel/AbstractClientChannel.java,195.0,14.0,125.0,19.0,43.0,45.0,15.0,gnodet@apache.org,2,0.017241379310344827,13.0,3.0,3.0,3.0,563.8,17946.846200469423,2,0,0.008261642407785041,false
sshd-core/src/main/java/org/apache/sshd/client/channel/ChannelExec.java,23.0,3.0,0.0,1.0,10.0,3.0,20.0,gnodet@apache.org,2,0.017241379310344827,15.0,8.0,0.0,0.0,563.8,17946.846200469423,2,0,0.13787130651274238,false
sshd-core/src/main/java/org/apache/sshd/client/channel/ChannelSession.java,74.0,5.0,19.0,7.0,21.0,21.0,12.0,gnodet@apache.org,2,0.017241379310344827,18.0,5.0,5.0,5.0,563.8,17946.846200469423,2,0,5.465818161709546E-5,false
sshd-core/src/main/java/org/apache/sshd/client/channel/ChannelShell.java,109.0,6.0,23.0,15.0,20.0,27.0,15.0,gnodet@apache.org,2,0.017241379310344827,29.0,6.0,0.0,0.0,563.8,17946.846200469423,2,0,0.05055534635452619,false
sshd-core/src/main/java/org/apache/sshd/client/session/ClientSessionImpl.java,281.0,20.0,71.0,14.0,61.0,52.0,17.0,gnodet@apache.org,2,0.017241379310344827,7.0,2.0,0.0,0.0,563.8,17946.846200469423,2,0,5.465818161709546E-5,false
sshd-core/src/main/java/org/apache/sshd/common/AbstractFactoryManager.java,94.0,7.0,190.0,21.0,9.0,32.0,16.0,gnodet@apache.org,1,0.008620689655172414,11.0,0.0,0.0,4.0,423.6666666666667,16860.19599108334,1,0,0.29376111852816306,false
sshd-core/src/main/java/org/apache/sshd/common/Channel.java,30.0,5.0,105.0,15.0,0.0,25.0,17.0,gnodet@apache.org,1,0.008620689655172414,18.0,0.0,9.0,9.0,423.6666666666667,16860.19599108334,1,0,0.29376111852816306,false
sshd-core/src/main/java/org/apache/sshd/common/Factory.java,12.0,0.0,0.0,1.0,0.0,2.0,25.0,lgoldstein@vmware.com,1,0.008620689655172414,50.0,0.0,0.0,50.0,423.6666666666667,16860.19599108334,1,0,0.29376111852816306,false
sshd-core/src/main/java/org/apache/sshd/common/FactoryManager.java,72.0,2.0,45.0,10.0,0.0,28.0,23.0,gnodet@apache.org,1,0.008620689655172414,8.0,0.0,0.0,4.0,423.6666666666667,16860.19599108334,1,0,0.29376111852816306,false
sshd-core/src/main/java/org/apache/sshd/common/Mac.java,11.0,0.0,10.0,5.0,0.0,7.0,0.0,elecharny@apache.org,0,0.0,0.0,0.0,0.0,0.0,0.0,0.0,0,0,0.0,false
sshd-core/src/main/java/org/apache/sshd/common/NamedFactory.java,79.0,1.0,0.0,1.0,0.0,2.0,25.0,gnodet@apache.org,1,0.008620689655172414,8.0,0.0,0.0,8.0,423.6666666666667,16860.19599108334,1,0,0.29376111852816306,false
sshd-core/src/main/java/org/apache/sshd/common/PtyMode.java,0.0,0.0,0.0,0.0,0.0,0.0,18.0,lgoldstein@vmware.com,1,0.008620689655172414,50.0,0.0,0.0,25.0,423.6666666666667,16860.19599108334,1,0,0.29376111852816306,false
sshd-core/src/main/java/org/apache/sshd/common/Session.java,69.0,3.0,36.0,9.0,0.0,28.0,20.0,gnodet@apache.org,2,0.017241379310344827,10.0,5.0,0.0,0.0,563.8,17946.846200469423,2,0,0.13787130651274238,false
sshd-core/src/main/java/org/apache/sshd/common/channel/AbstractChannel.java,138.0,11.0,29.0,19.0,49.0,43.0,13.0,gnodet@apache.org,2,0.017241379310344827,16.0,3.0,6.0,3.0,563.8,17946.846200469423,2,0,0.008261642407785041,true
sshd-core/src/main/java/org/apache/sshd/common/channel/ChannelOutputStream.java,90.0,6.0,0.0,6.0,22.0,16.0,4.0,gnodet@apache.org,2,0.017241379310344827,37.0,16.0,26.0,5.0,563.8,17946.846200469423,2,0,0.46300205643508374,false
sshd-core/src/main/java/org/apache/sshd/common/channel/ChannelPipedInputStream.java,85.0,4.0,0.0,7.0,16.0,23.0,5.0,gnodet@apache.org,1,0.008620689655172414,8.0,0.0,0.0,0.0,423.6666666666667,16860.19599108334,1,0,0.29376111852816306,false
sshd-core/src/main/java/org/apache/sshd/common/channel/Window.java,119.0,4.0,0.0,12.0,19.0,34.0,2.0,gnodet@apache.org,1,0.008620689655172414,18.0,0.0,18.0,0.0,423.6666666666667,16860.19599108334,1,0,0.29376111852816306,false
sshd-core/src/main/java/org/apache/sshd/common/mac/BaseMac.java,49.0,3.0,0.0,6.0,7.0,12.0,0.0,gnodet@apache.org,0,0.0,0.0,0.0,0.0,0.0,0.0,0.0,0,0,0.0,false
sshd-core/src/main/java/org/apache/sshd/common/session/AbstractSession.java,742.0,30.0,760.0,44.0,169.0,154.0,14.0,gnodet@apache.org,2,0.017241379310344827,5.0,2.0,0.0,2.0,563.8,17946.846200469423,2,1,0.015418529263033331,false
sshd-core/src/main/java/org/apache/sshd/common/util/Buffer.java,262.0,13.0,579.0,46.0,71.0,86.0,22.0,gnodet@apache.org,1,0.008620689655172414,6.0,0.0,0.0,0.0,423.6666666666667,16860.19599108334,1,0,0.29376111852816306,true
sshd-core/src/main/java/org/apache/sshd/common/util/SttySupport.java,182.0,7.0,76.0,13.0,47.0,55.0,11.0,lgoldstein@vmware.com,1,0.008620689655172414,50.0,0.0,0.0,0.0,423.6666666666667,16860.19599108334,1,0,0.29376111852816306,false
sshd-core/src/main/java/org/apache/sshd/server/Command.java,35.0,3.0,15.0,6.0,0.0,8.0,25.0,gnodet@apache.org,1,0.008620689655172414,50.0,0.0,0.0,50.0,423.6666666666667,16860.19599108334,1,0,0.29376111852816306,false
sshd-core/src/main/java/org/apache/sshd/server/CommandFactory.java,12.0,4.0,0.0,1.0,0.0,2.0,15.0,gnodet@apache.org,1,0.008620689655172414,40.0,20.0,0.0,20.0,423.6666666666667,16860.19599108334,1,0,0.29376111852816306,false
sshd-core/src/main/java/org/apache/sshd/server/Environment.java,54.0,3.0,15.0,6.0,0.0,14.0,25.0,gnodet@apache.org,1,0.008620689655172414,33.0,0.0,0.0,33.0,423.6666666666667,16860.19599108334,1,0,0.29376111852816306,false
sshd-core/src/main/java/org/apache/sshd/server/ExitCallback.java,16.0,0.0,1.0,2.0,0.0,4.0,25.0,gnodet@apache.org,1,0.008620689655172414,100.0,0.0,0.0,100.0,423.6666666666667,16860.19599108334,1,0,0.29376111852816306,false
sshd-core/src/main/java/org/apache/sshd/server/PasswordAuthenticator.java,14.0,1.0,0.0,1.0,0.0,3.0,8.0,gnodet@apache.org,1,0.008620689655172414,33.0,0.0,0.0,0.0,423.6666666666667,16860.19599108334,1,0,0.29376111852816306,false
sshd-core/src/main/java/org/apache/sshd/server/PublickeyAuthenticator.java,14.0,2.0,0.0,1.0,0.0,3.0,8.0,gnodet@apache.org,1,0.008620689655172414,40.0,0.0,0.0,0.0,423.6666666666667,16860.19599108334,1,0,0.29376111852816306,false
sshd-core/src/main/java/org/apache/sshd/server/ServerFactoryManager.java,41.0,4.0,21.0,7.0,0.0,20.0,14.0,gnodet@apache.org,2,0.017241379310344827,20.0,4.0,4.0,8.0,563.8,17946.846200469423,2,0,0.05055534635452619,false
sshd-core/src/main/java/org/apache/sshd/server/SessionAware.java,10.0,1.0,0.0,1.0,0.0,1.0,25.0,gnodet@apache.org,1,0.008620689655172414,100.0,0.0,0.0,100.0,423.6666666666667,16860.19599108334,1,0,0.29376111852816306,false
sshd-core/src/main/java/org/apache/sshd/server/Signal.java,0.0,0.0,0.0,0.0,0.0,0.0,14.0,gnodet@apache.org,1,0.008620689655172414,67.0,33.0,0.0,67.0,423.6666666666667,16860.19599108334,1,0,0.29376111852816306,false
sshd-core/src/main/java/org/apache/sshd/server/SignalListener.java,9.0,0.0,0.0,1.0,0.0,1.0,25.0,gnodet@apache.org,1,0.008620689655172414,100.0,0.0,0.0,100.0,423.6666666666667,16860.19599108334,1,0,0.29376111852816306,false
sshd-core/src/main/java/org/apache/sshd/server/TcpIpForwardFilter.java,20.0,2.0,1.0,2.0,0.0,8.0,10.0,spearce@apache.org,1,0.008620689655172414,100.0,50.0,50.0,50.0,140.13333333333333,1086.6502093860827,1,0,1.3682758556172123,false
sshd-core/src/main/java/org/apache/sshd/server/UserAuth.java,15.0,2.0,0.0,1.0,0.0,4.0,9.0,gnodet@apache.org,1,0.008620689655172414,25.0,0.0,0.0,0.0,423.6666666666667,16860.19599108334,1,0,0.29376111852816306,false
sshd-core/src/main/java/org/apache/sshd/server/auth/UserAuthNone.java,17.0,4.0,0.0,1.0,0.0,2.0,9.0,gnodet@apache.org,1,0.008620689655172414,25.0,0.0,0.0,0.0,423.6666666666667,16860.19599108334,1,0,0.29376111852816306,false
sshd-core/src/main/java/org/apache/sshd/server/auth/UserAuthPassword.java,29.0,5.0,1.0,2.0,6.0,8.0,12.0,gnodet@apache.org,1,0.008620689655172414,18.0,0.0,0.0,0.0,423.6666666666667,16860.19599108334,1,0,0.29376111852816306,false
sshd-core/src/main/java/org/apache/sshd/server/auth/UserAuthPublicKey.java,60.0,10.0,0.0,1.0,27.0,5.0,14.0,gnodet@apache.org,2,0.017241379310344827,29.0,6.0,0.0,0.0,563.8,17946.846200469423,2,0,0.008261642407785041,false
sshd-core/src/main/java/org/apache/sshd/server/channel/AbstractServerChannel.java,36.0,6.0,10.0,5.0,10.0,11.0,18.0,gnodet@apache.org,2,0.017241379310344827,23.0,8.0,8.0,8.0,563.8,17946.846200469423,2,0,0.015418529263033331,false
sshd-core/src/main/java/org/apache/sshd/server/channel/ChannelDirectTcpip.java,116.0,25.0,64.0,13.0,49.0,28.0,13.0,spearce@apache.org,2,0.017241379310344827,60.0,30.0,30.0,20.0,563.8,17946.846200469423,2,0,0.37359010829271644,true
sshd-core/src/main/java/org/apache/sshd/server/channel/ChannelSession.java,386.0,29.0,250.0,25.0,130.0,80.0,12.0,gnodet@apache.org,2,0.017241379310344827,21.0,6.0,0.0,6.0,563.8,17946.846200469423,2,1,0.0015219154675444324,false
sshd-core/src/main/java/org/apache/sshd/server/channel/OpenChannelException.java,21.0,1.0,0.0,3.0,0.0,5.0,9.0,spearce@apache.org,1,0.008620689655172414,50.0,0.0,50.0,0.0,140.13333333333333,1086.6502093860827,1,0,1.3682758556172123,false
sshd-core/src/main/java/org/apache/sshd/server/command/ScpCommand.java,306.0,14.0,35.0,15.0,87.0,56.0,10.0,gnodet@apache.org,1,0.008620689655172414,19.0,4.0,0.0,4.0,423.6666666666667,16860.19599108334,1,1,0.29376111852816306,false
sshd-core/src/main/java/org/apache/sshd/server/command/ScpCommandFactory.java,55.0,4.0,8.0,5.0,12.0,17.0,15.0,gnodet@apache.org,1,0.008620689655172414,18.0,9.0,0.0,9.0,423.6666666666667,16860.19599108334,1,0,0.29376111852816306,false
sshd-core/src/main/java/org/apache/sshd/server/command/UnknownCommand.java,20.0,7.0,21.0,7.0,0.0,8.0,25.0,gnodet@apache.org,1,0.008620689655172414,17.0,0.0,0.0,17.0,423.6666666666667,16860.19599108334,1,0,0.29376111852816306,false
sshd-core/src/main/java/org/apache/sshd/server/jaas/JaasPasswordAuthenticator.java,43.0,10.0,4.0,5.0,9.0,17.0,12.0,lgoldstein@vmware.com,1,0.008620689655172414,14.0,0.0,0.0,0.0,423.6666666666667,16860.19599108334,1,0,0.29376111852816306,false
sshd-core/src/main/java/org/apache/sshd/server/session/ServerSession.java,384.0,21.0,192.0,21.0,120.0,68.0,12.0,gnodet@apache.org,2,0.017241379310344827,13.0,1.0,6.0,4.0,563.8,17946.846200469423,2,0,0.015418529263033331,false
sshd-core/src/main/java/org/apache/sshd/server/session/SessionFactory.java,14.0,5.0,0.0,2.0,0.0,4.0,25.0,gnodet@apache.org,1,0.008620689655172414,17.0,0.0,0.0,17.0,423.6666666666667,16860.19599108334,1,0,0.29376111852816306,false
sshd-core/src/main/java/org/apache/sshd/server/session/TcpipForwardSupport.java,158.0,20.0,0.0,9.0,46.0,23.0,12.0,spearce@apache.org,2,0.017241379310344827,50.0,30.0,20.0,10.0,563.8,17946.846200469423,2,0,0.6529704846612145,true
sshd-core/src/main/java/org/apache/sshd/server/shell/InvertedShell.java,41.0,4.0,21.0,7.0,0.0,15.0,25.0,elecharny@apache.org,1,0.008620689655172414,25.0,0.0,0.0,25.0,423.6666666666667,16860.19599108334,1,0,0.29376111852816306,false
sshd-core/src/main/java/org/apache/sshd/server/shell/InvertedShellWrapper.java,82.0,6.0,19.0,10.0,18.0,18.0,25.0,gnodet@apache.org,1,0.008620689655172414,7.0,0.0,0.0,7.0,423.6666666666667,16860.19599108334,1,0,0.29376111852816306,false
sshd-core/src/main/java/org/apache/sshd/server/shell/ProcessShellFactory.java,154.0,12.0,3.0,6.0,1.0,8.0,15.0,gnodet@apache.org,1,0.008620689655172414,22.0,0.0,0.0,11.0,423.6666666666667,16860.19599108334,1,0,0.29376111852816306,false
sshd-core/src/test/java/org/apache/sshd/ClientTest.java,151.0,20.0,0.0,9.0,111.0,26.0,7.0,gnodet@apache.org,1,0.008620689655172414,8.0,0.0,0.0,0.0,423.6666666666667,16860.19599108334,1,0,0.29376111852816306,false
sshd-core/src/test/java/org/apache/sshd/PortForwardingTest.java,200.0,26.0,157.0,19.0,111.0,46.0,10.0,gnodet@apache.org,2,0.017241379310344827,26.0,4.0,9.0,13.0,563.8,17946.846200469423,2,0,0.015418529263033331,false
sshd-core/src/test/java/org/apache/sshd/ScpTest.java,222.0,19.0,115.0,19.0,113.0,50.0,5.0,gnodet@apache.org,1,0.008620689655172414,11.0,6.0,0.0,3.0,423.6666666666667,16860.19599108334,1,1,0.29376111852816306,false
sshd-core/src/test/java/org/apache/sshd/ServerTest.java,87.0,15.0,0.0,8.0,43.0,22.0,3.0,gnodet@apache.org,1,0.008620689655172414,4.0,0.0,0.0,0.0,423.6666666666667,16860.19599108334,1,0,0.29376111852816306,false
sshd-core/src/test/java/org/apache/sshd/common/util/SttySupportTest.java,22.0,6.0,1.0,2.0,10.0,4.0,13.0,lgoldstein@vmware.com,1,0.008620689655172414,25.0,0.0,25.0,25.0,423.6666666666667,16860.19599108334,1,0,0.29376111852816306,false
sshd-core/src/test/java/org/apache/sshd/server/jaas/JaasPasswordAuthenticatorTest.java,64.0,17.0,10.0,5.0,11.0,8.0,12.0,gnodet@apache.org,1,0.008620689655172414,17.0,0.0,0.0,0.0,423.6666666666667,16860.19599108334,1,0,0.29376111852816306,false
sshd-core/src/test/java/org/apache/sshd/util/BogusPasswordAuthenticator.java,9.0,2.0,0.0,1.0,1.0,3.0,12.0,gnodet@apache.org,1,0.008620689655172414,20.0,0.0,0.0,0.0,423.6666666666667,16860.19599108334,1,0,0.29376111852816306,false
sshd-core/src/test/java/org/apache/sshd/util/BogusPublickeyAuthenticator.java,9.0,3.0,0.0,1.0,0.0,2.0,8.0,gnodet@apache.org,1,0.008620689655172414,40.0,0.0,0.0,0.0,423.6666666666667,16860.19599108334,1,0,0.29376111852816306,false
sshd-core/src/test/java/org/apache/sshd/util/BogusTcpIpForwardFilter.java,12.0,3.0,1.0,2.0,0.0,4.0,10.0,spearce@apache.org,1,0.008620689655172414,100.0,50.0,50.0,50.0,140.13333333333333,1086.6502093860827,1,0,1.3682758556172123,false
sshd-core/src/test/java/org/apache/sshd/util/EchoShellFactory.java,57.0,9.0,0.0,1.0,0.0,2.0,25.0,gnodet@apache.org,1,0.008620689655172414,14.0,0.0,0.0,14.0,423.6666666666667,16860.19599108334,1,0,0.29376111852816306,false
sshd-pam/src/main/java/org/apache/sshd/server/pam/PAMPasswordAuthenticator.java,23.0,6.0,0.0,3.0,3.0,6.0,12.0,gnodet@apache.org,1,0.008620689655172414,20.0,0.0,0.0,0.0,423.6666666666667,16860.19599108334,1,0,0.29376111852816306,false
