name,LOC,CBO,LCOM,NOM,RFC,WMC,ACS,Ownership,numOfChanges,numberOfFIChanges,ENH,NF,BugFixing,REF,structuralWorkloadSum,semanticWorkloadSum,numberOfDeveloper,pastFaults,MAF,isBuggy
sshd-core/src/main/java/org/apache/sshd/ClientChannel.java,22.0,4.0,15.0,6.0,0.0,7.0,5.0,gnodet@apache.org,1,0.045454545454545456,8.0,0.0,0.0,0.0,108.85714285714286,831.9658046143477,1,0,0.0,false
sshd-core/src/main/java/org/apache/sshd/ClientSession.java,20.0,8.0,45.0,10.0,0.0,18.0,5.0,gnodet@apache.org,1,0.045454545454545456,3.0,0.0,0.0,0.0,108.85714285714286,831.9658046143477,1,0,0.0,false
sshd-core/src/main/java/org/apache/sshd/SshClient.java,193.0,40.0,37.0,10.0,49.0,26.0,0.0,gnodet@apache.org,0,0.0,0.0,0.0,0.0,0.0,0.0,0.0,0,0,0.0,true
sshd-core/src/main/java/org/apache/sshd/SshServer.java,338.0,66.0,876.0,44.0,81.0,92.0,1.0,gnodet@apache.org,1,0.045454545454545456,1.0,0.0,0.0,0.0,108.85714285714286,831.9658046143477,1,2,0.0,true
sshd-core/src/main/java/org/apache/sshd/agent/AgentClient.java,168.0,15.0,50.0,12.0,64.0,42.0,0.0,gnodet@apache.org,0,0.0,0.0,0.0,0.0,0.0,0.0,0.0,0,0,0.0,false
sshd-core/src/main/java/org/apache/sshd/agent/AgentForwardSupport.java,131.0,13.0,0.0,5.0,25.0,23.0,2.0,gnodet@apache.org,1,0.045454545454545456,33.0,0.0,33.0,0.0,108.85714285714286,831.9658046143477,1,0,0.0,false
sshd-core/src/main/java/org/apache/sshd/agent/AgentLocal.java,97.0,12.0,0.0,8.0,27.0,31.0,0.0,gnodet@apache.org,0,0.0,0.0,0.0,0.0,0.0,0.0,0.0,0,0,0.0,false
sshd-core/src/main/java/org/apache/sshd/agent/AgentServer.java,196.0,11.0,0.0,9.0,23.0,25.0,0.0,gnodet@apache.org,0,0.0,0.0,0.0,0.0,0.0,0.0,0.0,0,0,0.0,false
sshd-core/src/main/java/org/apache/sshd/agent/AprLibrary.java,90.0,5.0,18.0,9.0,17.0,29.0,0.0,spearce@apache.org,0,0.0,0.0,0.0,0.0,0.0,0.0,0.0,0,2,0.0,false
sshd-core/src/main/java/org/apache/sshd/agent/ChannelAgentForwarding.java,97.0,17.0,43.0,11.0,31.0,27.0,0.0,gnodet@apache.org,0,0.0,0.0,0.0,0.0,0.0,0.0,0.0,0,0,0.0,false
sshd-core/src/main/java/org/apache/sshd/agent/SshAgent.java,26.0,4.0,15.0,6.0,0.0,11.0,0.0,lgoldstein@vmware.com,0,0.0,0.0,0.0,0.0,0.0,0.0,0.0,0,0,0.0,false
sshd-core/src/main/java/org/apache/sshd/client/auth/UserAuthAgent.java,73.0,13.0,0.0,4.0,32.0,13.0,0.0,gnodet@apache.org,0,0.0,0.0,0.0,0.0,0.0,0.0,0.0,0,0,0.0,false
sshd-core/src/main/java/org/apache/sshd/client/auth/UserAuthPassword.java,30.0,7.0,0.0,2.0,7.0,8.0,0.0,gnodet@apache.org,0,0.0,0.0,0.0,0.0,0.0,0.0,0.0,0,0,0.0,false
sshd-core/src/main/java/org/apache/sshd/client/auth/UserAuthPublicKey.java,57.0,15.0,0.0,2.0,25.0,10.0,0.0,gnodet@apache.org,0,0.0,0.0,0.0,0.0,0.0,0.0,0.0,0,0,0.0,false
sshd-core/src/main/java/org/apache/sshd/client/channel/AbstractClientChannel.java,196.0,14.0,125.0,19.0,44.0,45.0,0.0,gnodet@apache.org,0,0.0,0.0,0.0,0.0,0.0,0.0,0.0,0,1,0.0,false
sshd-core/src/main/java/org/apache/sshd/client/channel/ChannelExec.java,23.0,2.0,0.0,2.0,6.0,5.0,5.0,gnodet@apache.org,1,0.045454545454545456,8.0,0.0,0.0,0.0,108.85714285714286,831.9658046143477,1,0,0.0,false
sshd-core/src/main/java/org/apache/sshd/client/channel/ChannelSession.java,76.0,5.0,19.0,7.0,21.0,21.0,2.0,gnodet@apache.org,0,0.0,0.0,0.0,0.0,0.0,0.0,0.0,0,1,0.0,false
sshd-core/src/main/java/org/apache/sshd/client/channel/ChannelShell.java,123.0,7.0,48.0,17.0,18.0,31.0,0.0,gnodet@apache.org,0,0.0,0.0,0.0,0.0,0.0,0.0,0.0,0,0,0.0,false
sshd-core/src/main/java/org/apache/sshd/client/channel/ChannelSubsystem.java,23.0,2.0,0.0,2.0,6.0,5.0,5.0,gnodet@apache.org,1,0.045454545454545456,10.0,0.0,0.0,0.0,108.85714285714286,831.9658046143477,1,0,0.0,false
sshd-core/src/main/java/org/apache/sshd/client/kex/AbstractDHGClient.java,80.0,16.0,1.0,6.0,25.0,14.0,0.0,gnodet@apache.org,0,0.0,0.0,0.0,0.0,0.0,0.0,0.0,0,0,0.0,true
sshd-core/src/main/java/org/apache/sshd/client/session/ClientSessionImpl.java,399.0,22.0,215.0,23.0,108.0,84.0,5.0,gnodet@apache.org,1,0.045454545454545456,2.0,0.0,0.0,0.0,108.85714285714286,831.9658046143477,1,0,0.0,false
sshd-core/src/main/java/org/apache/sshd/common/Session.java,70.0,3.0,36.0,9.0,0.0,28.0,0.0,gnodet@apache.org,0,0.0,0.0,0.0,0.0,0.0,0.0,0.0,0,0,0.0,false
sshd-core/src/main/java/org/apache/sshd/common/channel/AbstractChannel.java,139.0,13.0,29.0,19.0,50.0,43.0,0.0,gnodet@apache.org,0,0.0,0.0,0.0,0.0,0.0,0.0,0.0,0,2,0.0,true
sshd-core/src/main/java/org/apache/sshd/common/channel/ChannelOutputStream.java,107.0,7.0,0.0,6.0,27.0,19.0,0.0,gnodet@apache.org,0,0.0,0.0,0.0,0.0,0.0,0.0,0.0,0,5,0.0,false
sshd-core/src/main/java/org/apache/sshd/common/channel/ChannelPipedInputStream.java,85.0,4.0,0.0,7.0,16.0,23.0,1.0,gnodet@apache.org,1,0.045454545454545456,8.0,0.0,0.0,0.0,108.85714285714286,831.9658046143477,1,0,0.0,false
sshd-core/src/main/java/org/apache/sshd/common/channel/Window.java,118.0,4.0,0.0,12.0,18.0,34.0,0.0,gnodet@apache.org,0,0.0,0.0,0.0,0.0,0.0,0.0,0.0,0,2,0.0,false
sshd-core/src/main/java/org/apache/sshd/common/keyprovider/FileKeyPairProvider.java,54.0,10.0,0.0,8.0,7.0,15.0,0.0,gnodet@apache.org,0,0.0,0.0,0.0,0.0,0.0,0.0,0.0,0,0,0.0,false
sshd-core/src/main/java/org/apache/sshd/common/session/AbstractSession.java,765.0,30.0,756.0,44.0,172.0,155.0,1.0,gnodet@apache.org,1,0.045454545454545456,2.0,0.0,0.0,0.0,108.85714285714286,831.9658046143477,1,1,0.0,false
sshd-core/src/main/java/org/apache/sshd/common/util/Buffer.java,370.0,8.0,728.0,53.0,102.0,105.0,3.0,gnodet@apache.org,1,0.045454545454545456,12.0,0.0,0.0,0.0,108.85714285714286,831.9658046143477,1,0,0.0,true
sshd-core/src/main/java/org/apache/sshd/common/util/DirectoryScanner.java,200.0,4.0,34.0,13.0,29.0,42.0,3.0,gnodet@apache.org,1,0.045454545454545456,40.0,0.0,20.0,0.0,108.85714285714286,831.9658046143477,1,0,0.0,false
sshd-core/src/main/java/org/apache/sshd/common/util/OsUtils.java,25.0,0.0,1.0,3.0,0.0,7.0,0.0,spearce@apache.org,0,0.0,0.0,0.0,0.0,0.0,0.0,0.0,0,0,0.0,false
sshd-core/src/main/java/org/apache/sshd/common/util/SelectorUtils.java,390.0,4.0,89.0,14.0,41.0,64.0,2.0,gnodet@apache.org,1,0.045454545454545456,50.0,0.0,25.0,0.0,108.85714285714286,831.9658046143477,1,0,0.0,false
sshd-core/src/main/java/org/apache/sshd/server/ForwardingFilter.java,32.0,3.0,6.0,4.0,0.0,16.0,0.0,spearce@apache.org,0,0.0,0.0,0.0,0.0,0.0,0.0,0.0,0,0,0.0,false
sshd-core/src/main/java/org/apache/sshd/server/ServerFactoryManager.java,41.0,4.0,21.0,7.0,0.0,20.0,0.0,gnodet@apache.org,0,0.0,0.0,0.0,0.0,0.0,0.0,0.0,0,1,0.0,false
sshd-core/src/main/java/org/apache/sshd/server/auth/UserAuthPublicKey.java,60.0,10.0,0.0,1.0,27.0,5.0,0.0,gnodet@apache.org,0,0.0,0.0,0.0,0.0,0.0,0.0,0.0,0,0,0.0,false
sshd-core/src/main/java/org/apache/sshd/server/channel/AbstractServerChannel.java,36.0,6.0,10.0,5.0,10.0,11.0,0.0,gnodet@apache.org,0,0.0,0.0,0.0,0.0,0.0,0.0,0.0,0,1,0.0,false
sshd-core/src/main/java/org/apache/sshd/server/channel/ChannelDirectTcpip.java,116.0,25.0,64.0,13.0,49.0,28.0,0.0,spearce@apache.org,0,0.0,0.0,0.0,0.0,0.0,0.0,0.0,0,3,0.0,true
sshd-core/src/main/java/org/apache/sshd/server/channel/ChannelSession.java,426.0,32.0,250.0,25.0,146.0,82.0,2.0,gnodet@apache.org,1,0.045454545454545456,3.0,0.0,0.0,0.0,108.85714285714286,831.9658046143477,1,1,0.0,false
sshd-core/src/main/java/org/apache/sshd/server/command/ScpCommand.java,384.0,17.0,31.0,15.0,94.0,62.0,4.0,gnodet@apache.org,1,0.045454545454545456,4.0,0.0,0.0,0.0,108.85714285714286,831.9658046143477,1,1,0.0,false
sshd-core/src/main/java/org/apache/sshd/server/command/ScpCommandFactory.java,55.0,4.0,8.0,5.0,12.0,17.0,1.0,gnodet@apache.org,1,0.045454545454545456,9.0,0.0,9.0,0.0,108.85714285714286,831.9658046143477,1,0,0.0,false
sshd-core/src/main/java/org/apache/sshd/server/kex/AbstractDHGServer.java,93.0,15.0,1.0,6.0,33.0,14.0,0.0,gnodet@apache.org,0,0.0,0.0,0.0,0.0,0.0,0.0,0.0,0,0,0.0,true
sshd-core/src/main/java/org/apache/sshd/server/keyprovider/PEMGeneratorHostKeyProvider.java,26.0,7.0,15.0,6.0,3.0,9.0,1.0,gnodet@apache.org,1,0.045454545454545456,25.0,0.0,0.0,0.0,108.85714285714286,831.9658046143477,1,0,0.0,false
sshd-core/src/main/java/org/apache/sshd/server/session/ServerSession.java,412.0,23.0,227.0,23.0,123.0,74.0,1.0,gnodet@apache.org,1,0.045454545454545456,4.0,0.0,0.0,0.0,108.85714285714286,831.9658046143477,1,4,0.0,false
sshd-core/src/main/java/org/apache/sshd/server/session/TcpipForwardSupport.java,158.0,20.0,0.0,9.0,46.0,23.0,0.0,spearce@apache.org,0,0.0,0.0,0.0,0.0,0.0,0.0,0.0,0,2,0.0,true
sshd-core/src/main/java/org/apache/sshd/server/sftp/SftpSubsystem.java,805.0,20.0,151.0,19.0,98.0,46.0,1.0,gnodet@apache.org,1,0.045454545454545456,19.0,0.0,12.0,1.0,108.85714285714286,831.9658046143477,1,0,0.0,false
sshd-core/src/main/java/org/apache/sshd/server/x11/X11ForwardSupport.java,148.0,21.0,2.0,8.0,34.0,23.0,3.0,gnodet@apache.org,1,0.045454545454545456,5.0,0.0,0.0,0.0,108.85714285714286,831.9658046143477,1,0,0.0,false
sshd-core/src/test/java/org/apache/sshd/AgentTest.java,29.0,12.0,0.0,1.0,13.0,3.0,1.0,gnodet@apache.org,1,0.045454545454545456,6.0,0.0,0.0,0.0,108.85714285714286,831.9658046143477,1,0,0.0,true
sshd-core/src/test/java/org/apache/sshd/ClientTest.java,159.0,23.0,0.0,10.0,121.0,28.0,0.0,gnodet@apache.org,0,0.0,0.0,0.0,0.0,0.0,0.0,0.0,0,0,0.0,false
sshd-core/src/test/java/org/apache/sshd/LoadTest.java,81.0,21.0,17.0,7.0,49.0,20.0,0.0,gnodet@apache.org,0,0.0,0.0,0.0,0.0,0.0,0.0,0.0,0,2,0.0,false
sshd-core/src/test/java/org/apache/sshd/PortForwardingTest.java,200.0,26.0,157.0,19.0,111.0,46.0,0.0,gnodet@apache.org,0,0.0,0.0,0.0,0.0,0.0,0.0,0.0,0,2,0.0,false
sshd-core/src/test/java/org/apache/sshd/ScpTest.java,227.0,20.0,132.0,20.0,115.0,52.0,4.0,gnodet@apache.org,1,0.045454545454545456,3.0,0.0,0.0,0.0,108.85714285714286,831.9658046143477,1,1,0.0,false
sshd-core/src/test/java/org/apache/sshd/SftpTest.java,122.0,20.0,91.0,15.0,47.0,38.0,2.0,gnodet@apache.org,1,0.045454545454545456,8.0,0.0,5.0,0.0,108.85714285714286,831.9658046143477,1,0,0.0,false
sshd-core/src/test/java/org/apache/sshd/util/BogusForwardingFilter.java,18.0,3.0,6.0,4.0,0.0,8.0,0.0,spearce@apache.org,0,0.0,0.0,0.0,0.0,0.0,0.0,0.0,0,0,0.0,false
