name,LOC,CBO,LCOM,NOM,RFC,WMC,ACS,Ownership,numOfChanges,numberOfFIChanges,ENH,NF,BugFixing,REF,structuralWorkloadSum,semanticWorkloadSum,numberOfDeveloper,pastFaults,MAF,isBuggy
sshd-core/src/main/java/org/apache/sshd/client/UserAuth.java,11.0,2.0,1.0,2.0,0.0,3.0,0.0,gnodet@apache.org,0,0.0,0.0,0.0,0.0,0.0,0.0,0.0,0,0,0.0,false
sshd-core/src/main/java/org/apache/sshd/client/auth/UserAuthAgent.java,76.0,13.0,0.0,5.0,32.0,15.0,0.0,gnodet@apache.org,0,0.0,0.0,0.0,0.0,0.0,0.0,0.0,0,0,0.0,false
sshd-core/src/main/java/org/apache/sshd/client/auth/UserAuthPassword.java,35.0,7.0,0.0,3.0,7.0,10.0,0.0,gnodet@apache.org,0,0.0,0.0,0.0,0.0,0.0,0.0,0.0,0,0,0.0,false
sshd-core/src/main/java/org/apache/sshd/client/auth/UserAuthPublicKey.java,62.0,15.0,0.0,3.0,25.0,12.0,0.0,gnodet@apache.org,0,0.0,0.0,0.0,0.0,0.0,0.0,0.0,0,0,0.0,false
sshd-core/src/main/java/org/apache/sshd/client/channel/ChannelSession.java,80.0,5.0,19.0,7.0,22.0,23.0,0.0,gnodet@apache.org,0,0.0,0.0,0.0,0.0,0.0,0.0,0.0,0,1,0.0,false
sshd-core/src/main/java/org/apache/sshd/client/session/ClientSessionImpl.java,415.0,28.0,262.0,25.0,114.0,89.0,0.0,gnodet@apache.org,0,0.0,0.0,0.0,0.0,0.0,0.0,0.0,0,0,0.0,false
sshd-core/src/main/java/org/apache/sshd/common/Session.java,75.0,3.0,45.0,10.0,0.0,31.0,0.0,gnodet@apache.org,0,0.0,0.0,0.0,0.0,0.0,0.0,0.0,0,0,0.0,false
sshd-core/src/main/java/org/apache/sshd/common/session/AbstractSession.java,769.0,30.0,800.0,45.0,172.0,157.0,0.0,gnodet@apache.org,0,0.0,0.0,0.0,0.0,0.0,0.0,0.0,0,1,0.0,false
sshd-core/src/main/java/org/apache/sshd/server/FileSystemFactory.java,13.0,2.0,0.0,1.0,0.0,5.0,0.0,gnodet@apache.org,0,0.0,0.0,0.0,0.0,0.0,0.0,0.0,0,0,0.0,false
sshd-core/src/main/java/org/apache/sshd/server/FileSystemView.java,19.0,0.0,1.0,2.0,0.0,6.0,0.0,gnodet@apache.org,0,0.0,0.0,0.0,0.0,0.0,0.0,0.0,0,0,0.0,false
sshd-core/src/main/java/org/apache/sshd/server/SshFile.java,122.0,4.0,231.0,22.0,0.0,65.0,0.0,gnodet@apache.org,0,0.0,0.0,0.0,0.0,0.0,0.0,0.0,0,0,0.0,false
sshd-core/src/main/java/org/apache/sshd/server/channel/ChannelSession.java,432.0,27.0,250.0,25.0,150.0,84.0,0.0,gnodet@apache.org,0,0.0,0.0,0.0,0.0,0.0,0.0,0.0,0,2,0.0,false
sshd-core/src/main/java/org/apache/sshd/server/command/ScpCommand.java,388.0,20.0,40.0,16.0,99.0,63.0,0.0,gnodet@apache.org,0,0.0,0.0,0.0,0.0,0.0,0.0,0.0,0,1,0.0,false
sshd-core/src/main/java/org/apache/sshd/server/filesystem/NativeFileSystemFactory.java,55.0,6.0,0.0,5.0,5.0,17.0,0.0,gnodet@apache.org,0,0.0,0.0,0.0,0.0,0.0,0.0,0.0,0,0,0.0,false
sshd-core/src/main/java/org/apache/sshd/server/filesystem/NativeFileSystemView.java,43.0,5.0,2.0,5.0,8.0,13.0,0.0,gnodet@apache.org,0,0.0,0.0,0.0,0.0,0.0,0.0,0.0,0,0,0.0,false
sshd-core/src/main/java/org/apache/sshd/server/filesystem/NativeSshFile.java,383.0,16.0,0.0,30.0,86.0,96.0,0.0,gnodet@apache.org,0,0.0,0.0,0.0,0.0,0.0,0.0,0.0,0,0,0.0,false
sshd-core/src/main/java/org/apache/sshd/server/jaas/JaasPasswordAuthenticator.java,45.0,12.0,4.0,5.0,10.0,17.0,0.0,lgoldstein@vmware.com,0,0.0,0.0,0.0,0.0,0.0,0.0,0.0,0,1,0.0,false
sshd-core/src/main/java/org/apache/sshd/server/session/ServerSession.java,441.0,23.0,229.0,23.0,136.0,79.0,0.0,gnodet@apache.org,0,0.0,0.0,0.0,0.0,0.0,0.0,0.0,0,6,0.0,false
sshd-core/src/main/java/org/apache/sshd/server/sftp/SftpSubsystem.java,984.0,11.0,240.0,24.0,144.0,64.0,0.0,gnodet@apache.org,0,0.0,0.0,0.0,0.0,0.0,0.0,0.0,0,8,0.0,false
sshd-core/src/test/java/org/apache/sshd/ClientTest.java,232.0,29.0,0.0,12.0,161.0,33.0,0.0,gnodet@apache.org,0,0.0,0.0,0.0,0.0,0.0,0.0,0.0,0,1,0.0,false
