name,LOC,CBO,LCOM,NOM,RFC,WMC,ACS,Ownership,numOfChanges,numberOfFIChanges,ENH,NF,BugFixing,REF,structuralWorkloadSum,semanticWorkloadSum,numberOfDeveloper,pastFaults,MAF,isBuggy
sshd-core/src/main/java/org/apache/sshd/ClientSession.java,21.0,8.0,55.0,11.0,0.0,19.0,1.0,gnodet@apache.org,1,0.041666666666666664,3.0,3.0,3.0,0.0,65.47368421052632,591.4266855589082,1,0,0.2411620568168881,false
sshd-core/src/main/java/org/apache/sshd/SshServer.java,359.0,69.0,1054.0,48.0,84.0,98.0,9.0,gnodet@apache.org,1,0.041666666666666664,1.0,0.0,0.0,0.0,65.47368421052632,591.4266855589082,1,2,0.2411620568168881,true
sshd-core/src/main/java/org/apache/sshd/common/SshConstants.java,62.0,0.0,0.0,3.0,0.0,5.0,9.0,gnodet@apache.org,1,0.041666666666666664,10.0,0.0,0.0,0.0,65.47368421052632,591.4266855589082,1,0,0.2411620568168881,false
sshd-core/src/main/java/org/apache/sshd/common/SshConstants.java.orig,0.0,0.0,0.0,0.0,0.0,0.0,0.0,elecharny@apache.org,1,0.041666666666666664,50.0,0.0,0.0,0.0,65.47368421052632,591.4266855589082,1,0,0.2411620568168881,false
sshd-core/src/main/java/org/apache/sshd/common/util/Buffer.java,389.0,20.0,729.0,54.0,103.0,106.0,2.0,gnodet@apache.org,1,0.041666666666666664,6.0,0.0,0.0,0.0,34.0,23.031028162322407,1,0,1.9459101490553135,true
sshd-core/src/main/java/org/apache/sshd/server/HandshakingUserAuth.java,36.0,3.0,10.0,5.0,0.0,15.0,9.0,gnodet@apache.org,1,0.041666666666666664,17.0,0.0,0.0,0.0,65.47368421052632,591.4266855589082,1,0,0.2411620568168881,false
sshd-core/src/main/java/org/apache/sshd/server/ServerFactoryManager.java,59.0,5.0,36.0,9.0,0.0,25.0,9.0,gnodet@apache.org,1,0.041666666666666664,4.0,0.0,0.0,0.0,65.47368421052632,591.4266855589082,1,1,0.2411620568168881,false
sshd-core/src/main/java/org/apache/sshd/server/auth/gss/CredentialHelper.java,69.0,12.0,0.0,1.0,4.0,4.0,9.0,lgoldstein@vmware.com,1,0.041666666666666664,33.0,0.0,0.0,0.0,65.47368421052632,591.4266855589082,1,0,0.2411620568168881,false
sshd-core/src/main/java/org/apache/sshd/server/auth/gss/GSSAuthenticator.java,62.0,7.0,11.0,6.0,4.0,17.0,9.0,gnodet@apache.org,1,0.041666666666666664,50.0,0.0,0.0,0.0,65.47368421052632,591.4266855589082,1,0,0.2411620568168881,false
sshd-core/src/main/java/org/apache/sshd/server/auth/gss/UserAuthGSS.java,191.0,14.0,12.0,8.0,36.0,36.0,5.0,gnodet@apache.org,2,0.08333333333333333,18.0,0.0,0.0,9.0,99.47368421052632,614.4577137212306,2,0,0.40038892237615553,false
sshd-core/src/main/java/org/apache/sshd/server/session/ServerSession.java,472.0,24.0,252.0,24.0,143.0,82.0,5.0,gnodet@apache.org,2,0.08333333333333333,3.0,0.0,0.0,0.0,65.47368421052632,591.4266855589082,2,6,0.7469625126561282,false
sshd-core/src/main/java/org/apache/sshd/server/sftp/SftpSubsystem.java,987.0,11.0,240.0,24.0,144.0,64.0,1.0,gnodet@apache.org,1,0.041666666666666664,6.0,1.0,4.0,0.0,65.47368421052632,591.4266855589082,1,8,0.2411620568168881,false
sshd-core/src/main/java/org/apache/sshd/server/shell/ProcessShellFactory.java,159.0,12.0,3.0,6.0,1.0,8.0,1.0,gnodet@apache.org,1,0.041666666666666664,11.0,0.0,0.0,0.0,65.47368421052632,591.4266855589082,1,0,0.2411620568168881,false
sshd-core/src/test/java/org/apache/sshd/common/util/BufferTest.java,9.0,4.0,0.0,1.0,4.0,2.0,2.0,lgoldstein@vmware.com,1,0.041666666666666664,20.0,0.0,0.0,0.0,34.0,23.031028162322407,1,0,1.9459101490553135,false
