name,LOC,CBO,LCOM,NOM,RFC,WMC,ACS,Ownership,numOfChanges,numberOfFIChanges,ENH,NF,BugFixing,REF,structuralWorkloadSum,semanticWorkloadSum,numberOfDeveloper,pastFaults,MAF,isBuggy
sshd-core/src/main/java/org/apache/sshd/ClientChannel.java,24.0,4.0,21.0,7.0,0.0,8.0,2.0,gnodet@apache.org,1,0.013888888888888888,8.0,0.0,8.0,0.0,386.0281690140845,13355.84866558307,1,0,0.0,false
sshd-core/src/main/java/org/apache/sshd/SshClient.java,212.0,53.0,68.0,13.0,55.0,34.0,38.0,gnodet@apache.org,1,0.013888888888888888,2.0,0.0,0.0,0.0,386.0281690140845,13355.84866558307,1,0,0.0,true
sshd-core/src/main/java/org/apache/sshd/SshServer.java,405.0,73.0,1395.0,55.0,94.0,109.0,2.0,gnodet@apache.org,1,0.013888888888888888,6.0,1.0,0.0,0.0,386.0281690140845,13355.84866558307,1,2,0.0,true
sshd-core/src/main/java/org/apache/sshd/agent/SshAgent.java,26.0,4.0,15.0,6.0,0.0,11.0,38.0,lgoldstein@vmware.com,1,0.013888888888888888,33.0,0.0,0.0,0.0,386.0281690140845,13355.84866558307,1,0,0.0,false
sshd-core/src/main/java/org/apache/sshd/agent/SshAgentConstants.java,13.0,0.0,0.0,1.0,0.0,1.0,21.0,gnodet@apache.org,1,0.013888888888888888,100.0,0.0,50.0,0.0,386.0281690140845,13355.84866558307,1,0,0.0,false
sshd-core/src/main/java/org/apache/sshd/agent/SshAgentFactory.java,22.0,4.0,3.0,3.0,0.0,10.0,38.0,lgoldstein@vmware.com,1,0.013888888888888888,33.0,0.0,0.0,0.0,386.0281690140845,13355.84866558307,1,0,0.0,false
sshd-core/src/main/java/org/apache/sshd/agent/SshAgentServer.java,4.0,0.0,1.0,2.0,0.0,2.0,38.0,lgoldstein@vmware.com,1,0.013888888888888888,50.0,0.0,0.0,0.0,386.0281690140845,13355.84866558307,1,0,0.0,false
sshd-core/src/main/java/org/apache/sshd/agent/common/AbstractAgentClient.java,96.0,8.0,8.0,5.0,38.0,15.0,38.0,lgoldstein@vmware.com,1,0.013888888888888888,20.0,0.0,0.0,0.0,386.0281690140845,13355.84866558307,1,0,0.0,false
sshd-core/src/main/java/org/apache/sshd/agent/common/AbstractAgentProxy.java,73.0,9.0,36.0,9.0,39.0,25.0,38.0,lgoldstein@vmware.com,1,0.013888888888888888,25.0,0.0,0.0,0.0,386.0281690140845,13355.84866558307,1,0,0.0,false
sshd-core/src/main/java/org/apache/sshd/agent/common/AgentDelegate.java,23.0,5.0,0.0,7.0,5.0,14.0,38.0,lgoldstein@vmware.com,1,0.013888888888888888,33.0,0.0,0.0,0.0,386.0281690140845,13355.84866558307,1,0,0.0,false
sshd-core/src/main/java/org/apache/sshd/agent/common/AgentForwardSupport.java,34.0,6.0,0.0,3.0,5.0,8.0,38.0,lgoldstein@vmware.com,1,0.013888888888888888,14.0,0.0,0.0,0.0,386.0281690140845,13355.84866558307,1,0,0.0,false
sshd-core/src/main/java/org/apache/sshd/agent/local/AgentForwardedChannel.java,61.0,11.0,26.0,8.0,24.0,21.0,38.0,gnodet@apache.org,1,0.013888888888888888,11.0,0.0,0.0,0.0,386.0281690140845,13355.84866558307,1,0,0.0,false
sshd-core/src/main/java/org/apache/sshd/agent/local/AgentImpl.java,97.0,13.0,0.0,8.0,27.0,31.0,38.0,lgoldstein@vmware.com,1,0.013888888888888888,20.0,0.0,0.0,0.0,386.0281690140845,13355.84866558307,1,0,0.0,true
sshd-core/src/main/java/org/apache/sshd/agent/local/AgentServerProxy.java,38.0,8.0,2.0,4.0,8.0,11.0,38.0,lgoldstein@vmware.com,1,0.013888888888888888,25.0,0.0,0.0,0.0,386.0281690140845,13355.84866558307,1,0,0.0,false
sshd-core/src/main/java/org/apache/sshd/agent/local/ChannelAgentForwarding.java,72.0,15.0,34.0,9.0,14.0,16.0,38.0,gnodet@apache.org,1,0.013888888888888888,10.0,0.0,0.0,0.0,386.0281690140845,13355.84866558307,1,0,0.0,false
sshd-core/src/main/java/org/apache/sshd/agent/local/LocalAgentFactory.java,21.0,8.0,3.0,6.0,0.0,12.0,38.0,lgoldstein@vmware.com,1,0.013888888888888888,33.0,0.0,0.0,0.0,386.0281690140845,13355.84866558307,1,0,0.0,false
sshd-core/src/main/java/org/apache/sshd/agent/local/ProxyAgentFactory.java,34.0,10.0,4.0,5.0,12.0,13.0,38.0,lgoldstein@vmware.com,1,0.013888888888888888,17.0,0.0,0.0,0.0,386.0281690140845,13355.84866558307,1,0,0.0,false
sshd-core/src/main/java/org/apache/sshd/agent/unix/AgentClient.java,107.0,11.0,0.0,6.0,32.0,22.0,38.0,lgoldstein@vmware.com,1,0.013888888888888888,33.0,0.0,0.0,0.0,386.0281690140845,13355.84866558307,1,0,0.0,false
sshd-core/src/main/java/org/apache/sshd/agent/unix/AgentForwardedChannel.java,46.0,7.0,3.0,6.0,12.0,17.0,38.0,gnodet@apache.org,1,0.013888888888888888,10.0,0.0,0.0,0.0,386.0281690140845,13355.84866558307,1,0,0.0,false
sshd-core/src/main/java/org/apache/sshd/agent/unix/AgentServer.java,97.0,9.0,1.0,7.0,17.0,17.0,38.0,lgoldstein@vmware.com,1,0.013888888888888888,20.0,0.0,0.0,0.0,386.0281690140845,13355.84866558307,1,0,0.0,false
sshd-core/src/main/java/org/apache/sshd/agent/unix/AgentServerProxy.java,83.0,11.0,2.0,5.0,25.0,23.0,38.0,lgoldstein@vmware.com,1,0.013888888888888888,20.0,0.0,0.0,0.0,386.0281690140845,13355.84866558307,1,0,0.0,false
sshd-core/src/main/java/org/apache/sshd/agent/unix/AprLibrary.java,90.0,5.0,18.0,9.0,17.0,29.0,38.0,gnodet@apache.org,1,0.013888888888888888,100.0,0.0,0.0,0.0,386.0281690140845,13355.84866558307,1,0,0.0,false
sshd-core/src/main/java/org/apache/sshd/agent/unix/ChannelAgentForwarding.java,97.0,18.0,43.0,11.0,31.0,27.0,38.0,gnodet@apache.org,1,0.013888888888888888,10.0,0.0,0.0,0.0,386.0281690140845,13355.84866558307,1,0,0.0,false
sshd-core/src/main/java/org/apache/sshd/agent/unix/UnixAgentFactory.java,16.0,8.0,3.0,3.0,3.0,9.0,38.0,lgoldstein@vmware.com,1,0.013888888888888888,25.0,0.0,0.0,0.0,386.0281690140845,13355.84866558307,1,0,0.0,false
sshd-core/src/main/java/org/apache/sshd/client/auth/UserAuthAgent.java,86.0,12.0,0.0,4.0,29.0,13.0,21.0,gnodet@apache.org,1,0.013888888888888888,18.0,0.0,0.0,9.0,386.0281690140845,13355.84866558307,1,0,0.0,false
sshd-core/src/main/java/org/apache/sshd/client/auth/UserAuthPassword.java,44.0,7.0,0.0,3.0,6.0,9.0,4.0,gnodet@apache.org,1,0.013888888888888888,7.0,0.0,0.0,7.0,386.0281690140845,13355.84866558307,1,0,0.0,false
sshd-core/src/main/java/org/apache/sshd/client/auth/UserAuthPublicKey.java,71.0,12.0,0.0,3.0,24.0,10.0,4.0,gnodet@apache.org,1,0.013888888888888888,5.0,0.0,0.0,5.0,386.0281690140845,13355.84866558307,1,0,0.0,false
sshd-core/src/main/java/org/apache/sshd/client/channel/AbstractClientChannel.java,202.0,13.0,132.0,20.0,45.0,48.0,2.0,gnodet@apache.org,1,0.013888888888888888,5.0,0.0,3.0,0.0,386.0281690140845,13355.84866558307,1,1,0.0,false
sshd-core/src/main/java/org/apache/sshd/client/session/ClientSessionImpl.java,463.0,32.0,262.0,25.0,125.0,95.0,14.0,gnodet@apache.org,1,0.013888888888888888,5.0,0.0,0.0,2.0,386.0281690140845,13355.84866558307,1,0,0.0,false
sshd-core/src/main/java/org/apache/sshd/common/AbstractFactoryManager.java,119.0,8.0,278.0,25.0,17.0,42.0,38.0,gnodet@apache.org,1,0.013888888888888888,4.0,0.0,0.0,0.0,386.0281690140845,13355.84866558307,1,0,0.0,false
sshd-core/src/main/java/org/apache/sshd/common/FactoryManager.java,77.0,3.0,55.0,11.0,0.0,31.0,38.0,gnodet@apache.org,1,0.013888888888888888,4.0,0.0,0.0,0.0,386.0281690140845,13355.84866558307,1,0,0.0,false
sshd-core/src/main/java/org/apache/sshd/common/channel/ChannelPipedInputStream.java,89.0,4.0,0.0,7.0,16.0,25.0,4.0,gnodet@apache.org,1,0.013888888888888888,8.0,0.0,0.0,0.0,386.0281690140845,13355.84866558307,1,0,0.0,false
sshd-core/src/main/java/org/apache/sshd/common/channel/Window.java,118.0,4.0,0.0,12.0,18.0,33.0,1.0,gnodet@apache.org,1,0.013888888888888888,9.0,0.0,0.0,0.0,386.0281690140845,13355.84866558307,1,2,0.0,false
sshd-core/src/main/java/org/apache/sshd/common/util/Buffer.java,389.0,20.0,729.0,54.0,103.0,106.0,38.0,gnodet@apache.org,1,0.013888888888888888,6.0,0.0,0.0,0.0,386.0281690140845,13355.84866558307,1,0,0.0,true
sshd-core/src/main/java/org/apache/sshd/server/ForwardingAcceptorFactory.java,11.0,2.0,0.0,1.0,0.0,3.0,6.0,gnodet@apache.org,1,0.013888888888888888,50.0,50.0,0.0,0.0,386.0281690140845,13355.84866558307,1,0,0.0,false
sshd-core/src/main/java/org/apache/sshd/server/ServerFactoryManager.java,86.0,6.0,66.0,12.0,0.0,33.0,6.0,gnodet@apache.org,1,0.013888888888888888,4.0,4.0,0.0,0.0,386.0281690140845,13355.84866558307,1,1,0.0,false
sshd-core/src/main/java/org/apache/sshd/server/channel/ChannelSession.java,424.0,28.0,230.0,24.0,150.0,81.0,15.0,gnodet@apache.org,1,0.013888888888888888,5.0,0.0,0.0,0.0,386.0281690140845,13355.84866558307,1,2,0.0,false
sshd-core/src/main/java/org/apache/sshd/server/filesystem/NativeSshFile.java,399.0,16.0,0.0,30.0,86.0,98.0,2.0,gnodet@apache.org,1,0.013888888888888888,18.0,0.0,9.0,0.0,386.0281690140845,13355.84866558307,1,0,0.0,false
sshd-core/src/main/java/org/apache/sshd/server/session/DefaultForwardingAcceptorFactory.java,33.0,6.0,1.0,2.0,7.0,6.0,6.0,gnodet@apache.org,1,0.013888888888888888,50.0,50.0,0.0,0.0,386.0281690140845,13355.84866558307,1,0,0.0,false
sshd-core/src/main/java/org/apache/sshd/server/session/ServerSession.java,503.0,25.0,403.0,30.0,166.0,99.0,15.0,gnodet@apache.org,1,0.013888888888888888,4.0,0.0,0.0,0.0,386.0281690140845,13355.84866558307,1,6,0.0,false
sshd-core/src/main/java/org/apache/sshd/server/session/TcpipForwardSupport.java,166.0,22.0,0.0,10.0,55.0,25.0,3.0,spearce@apache.org,1,0.013888888888888888,30.0,10.0,10.0,0.0,386.0281690140845,13355.84866558307,1,2,0.0,true
sshd-core/src/main/java/org/apache/sshd/server/sftp/SftpSubsystem.java,1046.0,12.0,240.0,24.0,146.0,65.0,2.0,gnodet@apache.org,1,0.013888888888888888,3.0,0.0,0.0,0.0,386.0281690140845,13355.84866558307,1,11,0.0,false
sshd-core/src/main/java/org/apache/sshd/server/shell/InvertedShellWrapper.java,106.0,11.0,21.0,14.0,23.0,24.0,2.0,gnodet@apache.org,1,0.013888888888888888,33.0,0.0,0.0,0.0,386.0281690140845,13355.84866558307,1,0,0.0,false
sshd-core/src/main/java/org/apache/sshd/server/x11/X11ForwardSupport.java,150.0,21.0,0.0,8.0,37.0,24.0,4.0,gnodet@apache.org,1,0.013888888888888888,10.0,5.0,5.0,0.0,386.0281690140845,13355.84866558307,1,0,0.0,false
sshd-core/src/test/java/org/apache/sshd/AgentTest.java,107.0,28.0,3.0,3.0,54.0,8.0,38.0,gnodet@apache.org,1,0.013888888888888888,6.0,0.0,0.0,0.0,386.0281690140845,13355.84866558307,1,0,0.0,true
sshd-core/src/test/java/org/apache/sshd/PortForwardingTest.java,348.0,39.0,274.0,25.0,173.0,71.0,2.0,gnodet@apache.org,1,0.013888888888888888,9.0,4.0,0.0,0.0,386.0281690140845,13355.84866558307,1,2,0.0,false
sshd-core/src/test/java/org/apache/sshd/ScpTest.java,262.0,25.0,167.0,23.0,128.0,61.0,2.0,gnodet@apache.org,1,0.013888888888888888,3.0,0.0,0.0,0.0,386.0281690140845,13355.84866558307,1,1,0.0,false
sshd-core/src/test/java/org/apache/sshd/SftpTest.java,151.0,26.0,104.0,17.0,66.0,43.0,2.0,gnodet@apache.org,1,0.013888888888888888,5.0,0.0,0.0,0.0,386.0281690140845,13355.84866558307,1,2,0.0,false
sshd-core/src/test/java/org/apache/sshd/SshServerTest.java,11.0,1.0,0.0,1.0,1.0,2.0,2.0,gnodet@apache.org,1,0.013888888888888888,14.0,0.0,0.0,0.0,386.0281690140845,13355.84866558307,1,0,0.0,false
sshd-core/src/test/java/org/apache/sshd/common/channel/ChannelPipedInputStreamTest.java,26.0,6.0,1.0,2.0,12.0,6.0,5.0,lgoldstein@vmware.com,1,0.013888888888888888,33.0,0.0,0.0,0.0,386.0281690140845,13355.84866558307,1,0,0.0,false
sshd-core/src/test/java/org/apache/sshd/server/shell/InvertedShellWrapperTest.java,25.0,7.0,1.0,2.0,13.0,5.0,6.0,lgoldstein@vmware.com,1,0.013888888888888888,20.0,0.0,0.0,0.0,386.0281690140845,13355.84866558307,1,0,0.0,false
sshd-core/src/test/java/org/apache/sshd/util/BogusChannel.java,15.0,5.0,15.0,6.0,0.0,12.0,4.0,lgoldstein@vmware.com,1,0.013888888888888888,40.0,0.0,20.0,0.0,386.0281690140845,13355.84866558307,1,0,0.0,false
sshd-core/src/test/java/org/apache/sshd/util/BogusEnvironment.java,16.0,7.0,15.0,6.0,2.0,8.0,6.0,lgoldstein@vmware.com,1,0.013888888888888888,33.0,0.0,0.0,0.0,386.0281690140845,13355.84866558307,1,0,0.0,false
sshd-core/src/test/java/org/apache/sshd/util/BogusExitCallback.java,12.0,1.0,0.0,3.0,0.0,4.0,6.0,lgoldstein@vmware.com,1,0.013888888888888888,50.0,0.0,0.0,0.0,386.0281690140845,13355.84866558307,1,0,0.0,false
sshd-core/src/test/java/org/apache/sshd/util/BogusInvertedShell.java,46.0,7.0,35.0,11.0,2.0,20.0,6.0,lgoldstein@vmware.com,1,0.013888888888888888,50.0,0.0,0.0,0.0,386.0281690140845,13355.84866558307,1,0,0.0,false
sshd-core/src/test/java/org/apache/sshd/util/EchoShellFactory.java,71.0,9.0,0.0,1.0,0.0,2.0,38.0,gnodet@apache.org,1,0.013888888888888888,14.0,0.0,0.0,0.0,386.0281690140845,13355.84866558307,1,0,0.0,false
