name,LOC,CBO,LCOM,NOM,RFC,WMC,ACS,Ownership,numOfChanges,numberOfFIChanges,ENH,NF,BugFixing,REF,structuralWorkloadSum,semanticWorkloadSum,numberOfDeveloper,pastFaults,MAF,isBuggy
sshd-core/src/main/java/org/apache/sshd/ClientSession.java,74.0,10.0,120.0,16.0,0.0,35.0,8.0,gnodet@apache.org,1,0.017543859649122806,14.0,3.0,3.0,3.0,204.79999999999998,5586.2901076086855,1,1,0.048790164169432056,false
sshd-core/src/main/java/org/apache/sshd/SshClient.java,247.0,61.0,81.0,14.0,68.0,39.0,11.0,gnodet@apache.org,1,0.017543859649122806,7.0,2.0,0.0,0.0,204.79999999999998,5586.2901076086855,1,0,0.048790164169432056,true
sshd-core/src/main/java/org/apache/sshd/SshServer.java,398.0,76.0,1193.0,51.0,94.0,106.0,12.0,gnodet@apache.org,1,0.017543859649122806,4.0,1.0,0.0,0.0,204.79999999999998,5586.2901076086855,1,2,0.048790164169432056,true
sshd-core/src/main/java/org/apache/sshd/agent/SshAgentConstants.java,13.0,0.0,0.0,1.0,0.0,1.0,0.0,gnodet@apache.org,0,0.0,0.0,0.0,0.0,0.0,0.0,0.0,0,1,0.0,false
sshd-core/src/main/java/org/apache/sshd/client/ClientFactoryManager.java,19.0,1.0,0.0,1.0,0.0,3.0,8.0,gnodet@apache.org,1,0.017543859649122806,22.0,0.0,0.0,0.0,204.79999999999998,5586.2901076086855,1,0,0.048790164169432056,false
sshd-core/src/main/java/org/apache/sshd/client/SshdSocketAddress.java,21.0,2.0,0.0,4.0,0.0,7.0,21.0,gnodet@apache.org,1,0.017543859649122806,50.0,0.0,0.0,0.0,204.79999999999998,5586.2901076086855,1,0,0.048790164169432056,false
sshd-core/src/main/java/org/apache/sshd/client/channel/AbstractClientChannel.java,204.0,13.0,132.0,20.0,47.0,48.0,11.0,gnodet@apache.org,1,0.017543859649122806,5.0,0.0,0.0,0.0,204.79999999999998,5586.2901076086855,1,2,0.048790164169432056,false
sshd-core/src/main/java/org/apache/sshd/client/channel/ChannelDirectTcpip.java,55.0,12.0,6.0,5.0,16.0,15.0,21.0,gnodet@apache.org,1,0.017543859649122806,7.0,0.0,0.0,0.0,204.79999999999998,5586.2901076086855,1,0,0.048790164169432056,false
sshd-core/src/main/java/org/apache/sshd/client/channel/ChannelSession.java,80.0,5.0,19.0,7.0,22.0,23.0,12.0,gnodet@apache.org,1,0.017543859649122806,5.0,5.0,5.0,5.0,204.79999999999998,5586.2901076086855,1,1,0.048790164169432056,false
sshd-core/src/main/java/org/apache/sshd/client/channel/ChannelShell.java,148.0,8.0,94.0,20.0,23.0,35.0,1.0,gnodet@apache.org,1,0.017543859649122806,6.0,0.0,0.0,0.0,204.79999999999998,5586.2901076086855,1,0,0.048790164169432056,false
sshd-core/src/main/java/org/apache/sshd/client/session/ChannelForwardedTcpip.java,117.0,24.0,64.0,13.0,48.0,29.0,21.0,gnodet@apache.org,1,0.017543859649122806,50.0,0.0,0.0,0.0,204.79999999999998,5586.2901076086855,1,0,0.048790164169432056,false
sshd-core/src/main/java/org/apache/sshd/client/session/ClientSessionImpl.java,547.0,35.0,511.0,34.0,166.0,120.0,12.0,gnodet@apache.org,1,0.017543859649122806,5.0,0.0,0.0,0.0,204.79999999999998,5586.2901076086855,1,0,0.048790164169432056,false
sshd-core/src/main/java/org/apache/sshd/client/session/TcpipForwardSupport.java,127.0,22.0,0.0,10.0,45.0,26.0,16.0,gnodet@apache.org,1,0.017543859649122806,67.0,0.0,0.0,0.0,204.79999999999998,5586.2901076086855,1,0,0.048790164169432056,false
sshd-core/src/main/java/org/apache/sshd/common/AbstractFactoryManager.java,138.0,10.0,405.0,30.0,18.0,49.0,15.0,gnodet@apache.org,1,0.017543859649122806,7.0,0.0,0.0,0.0,204.79999999999998,5586.2901076086855,1,0,0.048790164169432056,false
sshd-core/src/main/java/org/apache/sshd/common/FactoryManager.java,87.0,5.0,78.0,13.0,0.0,36.0,15.0,gnodet@apache.org,1,0.017543859649122806,8.0,0.0,0.0,0.0,204.79999999999998,5586.2901076086855,1,0,0.048790164169432056,false
sshd-core/src/main/java/org/apache/sshd/common/ForwardingAcceptorFactory.java,11.0,1.0,0.0,1.0,0.0,3.0,21.0,gnodet@apache.org,1,0.017543859649122806,50.0,0.0,0.0,0.0,204.79999999999998,5586.2901076086855,1,0,0.048790164169432056,false
sshd-core/src/main/java/org/apache/sshd/common/NamedFactory.java,81.0,1.0,0.0,1.0,0.0,2.0,21.0,gnodet@apache.org,1,0.017543859649122806,8.0,0.0,0.0,0.0,204.79999999999998,5586.2901076086855,1,0,0.048790164169432056,false
sshd-core/src/main/java/org/apache/sshd/common/channel/AbstractChannel.java,139.0,11.0,29.0,19.0,49.0,43.0,0.0,gnodet@apache.org,0,0.0,0.0,0.0,0.0,0.0,0.0,0.0,0,2,0.0,true
sshd-core/src/main/java/org/apache/sshd/common/cipher/AES128CTR.java,20.0,2.0,0.0,1.0,0.0,1.0,8.0,gnodet@apache.org,1,0.017543859649122806,33.0,33.0,0.0,0.0,204.79999999999998,5586.2901076086855,1,0,0.048790164169432056,false
sshd-core/src/main/java/org/apache/sshd/common/cipher/AES256CTR.java,20.0,2.0,0.0,1.0,0.0,1.0,15.0,gnodet@apache.org,1,0.017543859649122806,50.0,25.0,25.0,0.0,204.79999999999998,5586.2901076086855,1,0,0.048790164169432056,false
sshd-core/src/main/java/org/apache/sshd/common/cipher/ARCFOUR128.java,33.0,2.0,1.0,2.0,1.0,5.0,8.0,gnodet@apache.org,1,0.017543859649122806,25.0,25.0,0.0,0.0,204.79999999999998,5586.2901076086855,1,0,0.048790164169432056,true
sshd-core/src/main/java/org/apache/sshd/common/cipher/ARCFOUR256.java,33.0,2.0,1.0,2.0,1.0,5.0,8.0,gnodet@apache.org,1,0.017543859649122806,25.0,25.0,0.0,0.0,204.79999999999998,5586.2901076086855,1,0,0.048790164169432056,true
sshd-core/src/main/java/org/apache/sshd/common/cipher/BaseCipher.java,46.0,4.0,3.0,6.0,5.0,15.0,8.0,gnodet@apache.org,1,0.017543859649122806,17.0,17.0,0.0,0.0,204.79999999999998,5586.2901076086855,1,0,0.048790164169432056,true
sshd-core/src/main/java/org/apache/sshd/common/forward/DefaultForwardingAcceptorFactory.java,33.0,7.0,1.0,2.0,7.0,6.0,21.0,gnodet@apache.org,1,0.017543859649122806,33.0,0.0,0.0,0.0,204.79999999999998,5586.2901076086855,1,0,0.048790164169432056,false
sshd-core/src/main/java/org/apache/sshd/common/keyprovider/AbstractKeyPairProvider.java,38.0,8.0,6.0,4.0,9.0,11.0,0.0,lgoldstein@vmware.com,0,0.0,0.0,0.0,0.0,0.0,0.0,0.0,0,1,0.0,true
sshd-core/src/main/java/org/apache/sshd/common/keyprovider/FileKeyPairProvider.java,53.0,8.0,0.0,8.0,7.0,15.0,0.0,gnodet@apache.org,0,0.0,0.0,0.0,0.0,0.0,0.0,0.0,0,1,0.0,false
sshd-core/src/main/java/org/apache/sshd/common/session/AbstractSession.java,831.0,35.0,1027.0,50.0,182.0,174.0,21.0,gnodet@apache.org,1,0.017543859649122806,2.0,0.0,0.0,0.0,204.79999999999998,5586.2901076086855,1,1,0.048790164169432056,false
sshd-core/src/main/java/org/apache/sshd/server/ServerFactoryManager.java,76.0,6.0,45.0,10.0,0.0,28.0,15.0,gnodet@apache.org,1,0.017543859649122806,8.0,0.0,0.0,0.0,204.79999999999998,5586.2901076086855,1,1,0.048790164169432056,false
sshd-core/src/main/java/org/apache/sshd/server/SshFile.java,127.0,4.0,253.0,23.0,0.0,67.0,0.0,gnodet@apache.org,0,0.0,0.0,0.0,0.0,0.0,0.0,0.0,0,0,0.0,false
sshd-core/src/main/java/org/apache/sshd/server/channel/AbstractServerChannel.java,36.0,6.0,10.0,5.0,10.0,11.0,23.0,gnodet@apache.org,1,0.017543859649122806,8.0,0.0,8.0,0.0,204.79999999999998,5586.2901076086855,1,1,0.048790164169432056,false
sshd-core/src/main/java/org/apache/sshd/server/channel/ChannelDirectTcpip.java,118.0,24.0,64.0,13.0,49.0,29.0,21.0,spearce@apache.org,1,0.017543859649122806,20.0,0.0,10.0,0.0,204.79999999999998,5586.2901076086855,1,3,0.048790164169432056,true
sshd-core/src/main/java/org/apache/sshd/server/channel/ChannelSession.java,424.0,28.0,230.0,24.0,150.0,81.0,12.0,gnodet@apache.org,1,0.017543859649122806,2.0,0.0,2.0,0.0,204.79999999999998,5586.2901076086855,1,2,0.048790164169432056,false
sshd-core/src/main/java/org/apache/sshd/server/command/ScpCommand.java,398.0,15.0,40.0,16.0,99.0,63.0,0.0,gnodet@apache.org,0,0.0,0.0,0.0,0.0,0.0,0.0,0.0,0,1,0.0,false
sshd-core/src/main/java/org/apache/sshd/server/filesystem/NativeSshFile.java,405.0,16.0,1.0,31.0,86.0,100.0,0.0,gnodet@apache.org,0,0.0,0.0,0.0,0.0,0.0,0.0,0.0,0,1,0.0,false
sshd-core/src/main/java/org/apache/sshd/server/kex/AbstractDHGServer.java,96.0,16.0,3.0,7.0,34.0,16.0,0.0,gnodet@apache.org,0,0.0,0.0,0.0,0.0,0.0,0.0,0.0,0,0,0.0,true
sshd-core/src/main/java/org/apache/sshd/server/keyprovider/AbstractGeneratorHostKeyProvider.java,115.0,11.0,46.0,17.0,17.0,33.0,23.0,gnodet@apache.org,1,0.017543859649122806,10.0,0.0,10.0,0.0,204.79999999999998,5586.2901076086855,1,1,0.048790164169432056,true
sshd-core/src/main/java/org/apache/sshd/server/session/ServerSession.java,505.0,25.0,403.0,30.0,171.0,99.0,9.0,gnodet@apache.org,1,0.017543859649122806,1.0,0.0,0.0,0.0,204.79999999999998,5586.2901076086855,1,6,0.048790164169432056,false
sshd-core/src/main/java/org/apache/sshd/server/session/TcpipForwardSupport.java,169.0,22.0,0.0,10.0,55.0,26.0,16.0,spearce@apache.org,1,0.017543859649122806,10.0,0.0,0.0,0.0,204.79999999999998,5586.2901076086855,1,3,0.048790164169432056,true
sshd-core/src/main/java/org/apache/sshd/server/sftp/SftpSubsystem.java,1126.0,12.0,346.0,29.0,151.0,79.0,1.0,gnodet@apache.org,1,0.017543859649122806,3.0,0.0,0.0,0.0,204.79999999999998,5586.2901076086855,1,11,0.048790164169432056,false
sshd-core/src/test/java/org/apache/sshd/KeepAliveTest.java,50.0,10.0,0.0,4.0,39.0,10.0,5.0,gnodet@apache.org,1,0.017543859649122806,14.0,0.0,0.0,0.0,204.79999999999998,5586.2901076086855,1,0,0.048790164169432056,false
sshd-core/src/test/java/org/apache/sshd/PortForwardingTest.java,406.0,43.0,346.0,29.0,221.0,83.0,21.0,gnodet@apache.org,1,0.017543859649122806,4.0,0.0,0.0,0.0,204.79999999999998,5586.2901076086855,1,2,0.048790164169432056,false
sshd-core/src/test/java/org/apache/sshd/util/BogusChannel.java,15.0,5.0,15.0,6.0,0.0,12.0,0.0,lgoldstein@vmware.com,0,0.0,0.0,0.0,0.0,0.0,0.0,0.0,0,1,0.0,false
