name,LOC,CBO,LCOM,NOM,RFC,WMC,ACS,Ownership,numOfChanges,numberOfFIChanges,ENH,NF,BugFixing,REF,structuralWorkloadSum,semanticWorkloadSum,numberOfDeveloper,pastFaults,MAF,isBuggy
sshd-core/src/main/java/org/apache/sshd/ClientSession.java,78.0,12.0,136.0,17.0,0.0,37.0,43.0,gnodet@apache.org,1,0.009259259259259259,3.0,0.0,0.0,3.0,1160.8785046728972,16637.098257516678,1,2,0.0,false
sshd-core/src/main/java/org/apache/sshd/SshClient.java,252.0,63.0,81.0,14.0,70.0,39.0,16.0,gnodet@apache.org,1,0.009259259259259259,2.0,0.0,4.0,2.0,1160.8785046728972,16637.098257516678,1,0,0.0,true
sshd-core/src/main/java/org/apache/sshd/SshServer.java,412.0,70.0,1145.0,50.0,98.0,105.0,15.0,gnodet@apache.org,1,0.009259259259259259,3.0,1.0,3.0,1.0,1160.8785046728972,16637.098257516678,1,2,0.0,true
sshd-core/src/main/java/org/apache/sshd/client/ClientFactoryManager.java,24.0,2.0,1.0,2.0,0.0,6.0,43.0,gnodet@apache.org,1,0.009259259259259259,11.0,0.0,0.0,11.0,1160.8785046728972,16637.098257516678,1,0,0.0,false
sshd-core/src/main/java/org/apache/sshd/client/SessionFactory.java,14.0,5.0,0.0,2.0,0.0,4.0,0.0,gnodet@apache.org,0,0.0,0.0,0.0,0.0,0.0,0.0,0.0,0,1,0.0,false
sshd-core/src/main/java/org/apache/sshd/client/auth/UserAuthPublicKey.java,71.0,12.0,0.0,3.0,24.0,10.0,0.0,gnodet@apache.org,0,0.0,0.0,0.0,0.0,0.0,0.0,0.0,0,1,0.0,false
sshd-core/src/main/java/org/apache/sshd/client/channel/AbstractClientChannel.java,209.0,13.0,132.0,20.0,49.0,50.0,0.0,gnodet@apache.org,0,0.0,0.0,0.0,0.0,0.0,0.0,0.0,0,2,0.0,false
sshd-core/src/main/java/org/apache/sshd/client/channel/ChannelDirectTcpip.java,55.0,12.0,6.0,5.0,16.0,15.0,43.0,gnodet@apache.org,1,0.009259259259259259,7.0,0.0,0.0,7.0,1160.8785046728972,16637.098257516678,1,0,0.0,false
sshd-core/src/main/java/org/apache/sshd/client/channel/ChannelExec.java,23.0,2.0,0.0,2.0,6.0,5.0,0.0,gnodet@apache.org,0,0.0,0.0,0.0,0.0,0.0,0.0,0.0,0,1,0.0,false
sshd-core/src/main/java/org/apache/sshd/client/kex/DHG1.java,21.0,4.0,0.0,1.0,4.0,1.0,0.0,gnodet@apache.org,0,0.0,0.0,0.0,0.0,0.0,0.0,0.0,0,2,0.0,true
sshd-core/src/main/java/org/apache/sshd/client/kex/DHG14.java,21.0,4.0,0.0,1.0,4.0,1.0,0.0,gnodet@apache.org,0,0.0,0.0,0.0,0.0,0.0,0.0,0.0,0,2,0.0,true
sshd-core/src/main/java/org/apache/sshd/client/session/ClientSessionImpl.java,515.0,34.0,508.0,33.0,156.0,115.0,17.0,gnodet@apache.org,1,0.009259259259259259,3.0,2.0,0.0,2.0,1160.8785046728972,16637.098257516678,1,0,0.0,false
sshd-core/src/main/java/org/apache/sshd/common/AbstractFactoryManager.java,152.0,9.0,527.0,34.0,18.0,55.0,43.0,gnodet@apache.org,1,0.009259259259259259,4.0,0.0,0.0,4.0,1160.8785046728972,16637.098257516678,1,0,0.0,false
sshd-core/src/main/java/org/apache/sshd/common/Cipher.java,35.0,0.0,6.0,4.0,0.0,11.0,0.0,elecharny@apache.org,0,0.0,0.0,0.0,0.0,0.0,0.0,0.0,0,1,0.0,false
sshd-core/src/main/java/org/apache/sshd/common/FactoryManager.java,97.0,4.0,105.0,15.0,0.0,42.0,43.0,gnodet@apache.org,1,0.009259259259259259,4.0,0.0,0.0,4.0,1160.8785046728972,16637.098257516678,1,0,0.0,false
sshd-core/src/main/java/org/apache/sshd/common/ForwardingFilter.java,32.0,1.0,6.0,4.0,0.0,16.0,43.0,gnodet@apache.org,1,0.009259259259259259,100.0,0.0,0.0,100.0,1160.8785046728972,16637.098257516678,1,0,0.0,false
sshd-core/src/main/java/org/apache/sshd/common/Session.java,106.0,3.0,105.0,15.0,0.0,44.0,24.0,gnodet@apache.org,1,0.009259259259259259,10.0,5.0,0.0,5.0,1160.8785046728972,16637.098257516678,1,0,0.0,false
sshd-core/src/main/java/org/apache/sshd/common/SessionListener.java,22.0,0.0,3.0,3.0,0.0,3.0,5.0,gnodet@apache.org,1,0.009259259259259259,17.0,17.0,0.0,0.0,1160.8785046728972,16637.098257516678,1,0,0.0,false
sshd-core/src/main/java/org/apache/sshd/common/SshdSocketAddress.java,43.0,2.0,0.0,7.0,4.0,16.0,43.0,lgoldstein@vmware.com,1,0.009259259259259259,50.0,0.0,0.0,50.0,1160.8785046728972,16637.098257516678,1,0,0.0,false
sshd-core/src/main/java/org/apache/sshd/common/TcpIpForwarder.java,41.0,0.0,28.0,8.0,0.0,24.0,22.0,gnodet@apache.org,1,0.009259259259259259,50.0,0.0,50.0,50.0,1160.8785046728972,16637.098257516678,1,0,0.0,false
sshd-core/src/main/java/org/apache/sshd/common/TcpipForwarderFactory.java,11.0,0.0,0.0,1.0,0.0,3.0,43.0,gnodet@apache.org,1,0.009259259259259259,50.0,0.0,0.0,50.0,1160.8785046728972,16637.098257516678,1,0,0.0,false
sshd-core/src/main/java/org/apache/sshd/common/cipher/AES192CBC.java,20.0,2.0,0.0,1.0,0.0,1.0,0.0,gnodet@apache.org,0,0.0,0.0,0.0,0.0,0.0,0.0,0.0,0,1,0.0,false
sshd-core/src/main/java/org/apache/sshd/common/cipher/AES256CBC.java,20.0,2.0,0.0,1.0,0.0,1.0,0.0,gnodet@apache.org,0,0.0,0.0,0.0,0.0,0.0,0.0,0.0,0,1,0.0,false
sshd-core/src/main/java/org/apache/sshd/common/cipher/AES256CTR.java,20.0,2.0,0.0,1.0,0.0,1.0,0.0,gnodet@apache.org,0,0.0,0.0,0.0,0.0,0.0,0.0,0.0,0,1,0.0,false
sshd-core/src/main/java/org/apache/sshd/common/cipher/BlowfishCBC.java,20.0,2.0,0.0,1.0,0.0,1.0,0.0,gnodet@apache.org,0,0.0,0.0,0.0,0.0,0.0,0.0,0.0,0,1,0.0,false
sshd-core/src/main/java/org/apache/sshd/common/cipher/TripleDESCBC.java,20.0,2.0,0.0,1.0,0.0,1.0,0.0,gnodet@apache.org,0,0.0,0.0,0.0,0.0,0.0,0.0,0.0,0,1,0.0,false
sshd-core/src/main/java/org/apache/sshd/common/forward/DefaultForwardingAcceptorFactory.java,33.0,7.0,1.0,2.0,7.0,6.0,43.0,gnodet@apache.org,1,0.009259259259259259,33.0,0.0,0.0,33.0,1160.8785046728972,16637.098257516678,1,0,0.0,false
sshd-core/src/main/java/org/apache/sshd/common/forward/DefaultTcpIpForwarder.java,167.0,19.0,0.0,16.0,88.0,51.0,26.0,gnodet@apache.org,1,0.009259259259259259,50.0,0.0,50.0,50.0,1160.8785046728972,16637.098257516678,1,0,0.0,false
sshd-core/src/main/java/org/apache/sshd/common/forward/DefaultTcpipForwarderFactory.java,10.0,3.0,0.0,1.0,0.0,2.0,26.0,gnodet@apache.org,1,0.009259259259259259,20.0,0.0,40.0,20.0,1160.8785046728972,16637.098257516678,1,0,0.0,false
sshd-core/src/main/java/org/apache/sshd/common/forward/TcpIpClientChannel.java,68.0,12.0,1.0,7.0,21.0,17.0,26.0,gnodet@apache.org,1,0.009259259259259259,50.0,0.0,50.0,50.0,1160.8785046728972,16637.098257516678,1,0,0.0,false
sshd-core/src/main/java/org/apache/sshd/common/forward/TcpIpServerChannel.java,132.0,21.0,52.0,13.0,52.0,30.0,26.0,gnodet@apache.org,1,0.009259259259259259,50.0,0.0,50.0,50.0,1160.8785046728972,16637.098257516678,1,0,0.0,false
sshd-core/src/main/java/org/apache/sshd/common/keyprovider/ResourceKeyPairProvider.java,105.0,11.0,0.0,9.0,14.0,16.0,0.0,gnodet@apache.org,0,0.0,0.0,0.0,0.0,0.0,0.0,0.0,0,1,0.0,false
sshd-core/src/main/java/org/apache/sshd/common/mac/BaseMac.java,49.0,3.0,0.0,6.0,7.0,12.0,0.0,gnodet@apache.org,0,0.0,0.0,0.0,0.0,0.0,0.0,0.0,0,1,0.0,false
sshd-core/src/main/java/org/apache/sshd/common/mac/HMACMD596.java,20.0,2.0,0.0,1.0,0.0,1.0,0.0,elecharny@apache.org,0,0.0,0.0,0.0,0.0,0.0,0.0,0.0,0,1,0.0,false
sshd-core/src/main/java/org/apache/sshd/common/mac/HMACSHA1.java,20.0,2.0,0.0,1.0,0.0,1.0,0.0,elecharny@apache.org,0,0.0,0.0,0.0,0.0,0.0,0.0,0.0,0,1,0.0,false
sshd-core/src/main/java/org/apache/sshd/common/mac/HMACSHA196.java,20.0,2.0,0.0,1.0,0.0,1.0,0.0,elecharny@apache.org,0,0.0,0.0,0.0,0.0,0.0,0.0,0.0,0,1,0.0,false
sshd-core/src/main/java/org/apache/sshd/common/session/AbstractSession.java,855.0,38.0,1170.0,53.0,185.0,180.0,19.0,gnodet@apache.org,1,0.009259259259259259,3.0,2.0,2.0,2.0,1160.8785046728972,16637.098257516678,1,1,0.0,false
sshd-core/src/main/java/org/apache/sshd/common/util/DirectoryScanner.java,200.0,4.0,34.0,13.0,29.0,42.0,0.0,gnodet@apache.org,0,0.0,0.0,0.0,0.0,0.0,0.0,0.0,0,2,0.0,false
sshd-core/src/main/java/org/apache/sshd/common/util/SelectorUtils.java,419.0,5.0,103.0,15.0,50.0,71.0,0.0,gnodet@apache.org,0,0.0,0.0,0.0,0.0,0.0,0.0,0.0,0,3,0.0,false
sshd-core/src/main/java/org/apache/sshd/server/ChannelSessionAware.java,10.0,1.0,0.0,1.0,0.0,1.0,4.0,gnodet@apache.org,1,0.009259259259259259,100.0,0.0,0.0,0.0,1160.8785046728972,16637.098257516678,1,0,0.0,false
sshd-core/src/main/java/org/apache/sshd/server/ServerFactoryManager.java,75.0,6.0,36.0,9.0,0.0,25.0,22.0,gnodet@apache.org,1,0.009259259259259259,8.0,0.0,0.0,4.0,1160.8785046728972,16637.098257516678,1,1,0.0,false
sshd-core/src/main/java/org/apache/sshd/server/channel/AbstractServerChannel.java,36.0,6.0,10.0,5.0,10.0,11.0,0.0,gnodet@apache.org,0,0.0,0.0,0.0,0.0,0.0,0.0,0.0,0,2,0.0,false
sshd-core/src/main/java/org/apache/sshd/server/channel/ChannelDataReceiver.java,20.0,5.0,1.0,2.0,0.0,8.0,4.0,lgoldstein@vmware.com,1,0.009259259259259259,33.0,0.0,0.0,0.0,1160.8785046728972,16637.098257516678,1,0,0.0,false
sshd-core/src/main/java/org/apache/sshd/server/channel/ChannelSession.java,431.0,23.0,244.0,25.0,153.0,82.0,23.0,gnodet@apache.org,1,0.009259259259259259,3.0,0.0,0.0,2.0,1160.8785046728972,16637.098257516678,1,3,0.0,false
sshd-core/src/main/java/org/apache/sshd/server/channel/PipeDataReceiver.java,27.0,9.0,0.0,4.0,3.0,10.0,4.0,lgoldstein@vmware.com,1,0.009259259259259259,25.0,0.0,0.0,0.0,1160.8785046728972,16637.098257516678,1,0,0.0,false
sshd-core/src/main/java/org/apache/sshd/server/command/ScpCommand.java,398.0,15.0,40.0,16.0,99.0,63.0,2.0,gnodet@apache.org,1,0.009259259259259259,4.0,0.0,4.0,0.0,1160.8785046728972,16637.098257516678,1,1,0.0,false
sshd-core/src/main/java/org/apache/sshd/server/filesystem/NativeFileSystemView.java,60.0,5.0,20.0,8.0,11.0,20.0,38.0,gnodet@apache.org,1,0.009259259259259259,20.0,20.0,0.0,0.0,1160.8785046728972,16637.098257516678,1,0,0.0,false
sshd-core/src/main/java/org/apache/sshd/server/filesystem/NativeSshFile.java,418.0,17.0,8.0,33.0,89.0,105.0,45.0,gnodet@apache.org,1,0.009259259259259259,18.0,18.0,0.0,9.0,1160.8785046728972,16637.098257516678,1,1,0.0,false
sshd-core/src/main/java/org/apache/sshd/server/keyprovider/AbstractGeneratorHostKeyProvider.java,115.0,11.0,46.0,17.0,17.0,33.0,0.0,gnodet@apache.org,0,0.0,0.0,0.0,0.0,0.0,0.0,0.0,0,2,0.0,true
sshd-core/src/main/java/org/apache/sshd/server/session/ServerSession.java,535.0,23.0,437.0,31.0,182.0,102.0,22.0,gnodet@apache.org,1,0.009259259259259259,6.0,3.0,0.0,1.0,1160.8785046728972,16637.098257516678,1,6,0.0,false
sshd-core/src/main/java/org/apache/sshd/server/sftp/SftpSubsystem.java,1126.0,12.0,346.0,29.0,151.0,79.0,30.0,gnodet@apache.org,1,0.009259259259259259,1.0,0.0,1.0,0.0,1160.8785046728972,16637.098257516678,1,11,0.0,false
sshd-core/src/main/java/org/apache/sshd/server/shell/ProcessShellFactory.java,164.0,12.0,3.0,6.0,1.0,8.0,43.0,gnodet@apache.org,1,0.009259259259259259,11.0,0.0,0.0,11.0,1160.8785046728972,16637.098257516678,1,0,0.0,false
sshd-core/src/test/java/org/apache/sshd/AgentTest.java,101.0,25.0,1.0,2.0,55.0,5.0,43.0,gnodet@apache.org,1,0.009259259259259259,6.0,0.0,0.0,6.0,1160.8785046728972,16637.098257516678,1,0,0.0,true
sshd-core/src/test/java/org/apache/sshd/ClientTest.java,232.0,25.0,0.0,12.0,163.0,33.0,43.0,gnodet@apache.org,1,0.009259259259259259,3.0,0.0,0.0,3.0,1160.8785046728972,16637.098257516678,1,1,0.0,false
sshd-core/src/test/java/org/apache/sshd/CompressionTest.java,88.0,16.0,89.0,14.0,35.0,29.0,43.0,gnodet@apache.org,1,0.009259259259259259,8.0,0.0,0.0,8.0,1160.8785046728972,16637.098257516678,1,0,0.0,false
sshd-core/src/test/java/org/apache/sshd/KeepAliveTest.java,85.0,13.0,0.0,5.0,56.0,12.0,43.0,gnodet@apache.org,1,0.009259259259259259,7.0,0.0,0.0,7.0,1160.8785046728972,16637.098257516678,1,0,0.0,false
sshd-core/src/test/java/org/apache/sshd/LoadTest.java,81.0,21.0,17.0,7.0,50.0,20.0,43.0,gnodet@apache.org,1,0.009259259259259259,5.0,0.0,0.0,5.0,1160.8785046728972,16637.098257516678,1,2,0.0,false
sshd-core/src/test/java/org/apache/sshd/PortForwardingTest.java,412.0,41.0,332.0,29.0,234.0,81.0,43.0,gnodet@apache.org,1,0.009259259259259259,4.0,0.0,0.0,4.0,1160.8785046728972,16637.098257516678,1,2,0.0,false
sshd-core/src/test/java/org/apache/sshd/ScpTest.java,262.0,25.0,167.0,23.0,129.0,61.0,43.0,gnodet@apache.org,1,0.009259259259259259,3.0,0.0,0.0,3.0,1160.8785046728972,16637.098257516678,1,1,0.0,false
sshd-core/src/test/java/org/apache/sshd/ServerTest.java,87.0,15.0,0.0,8.0,45.0,22.0,43.0,gnodet@apache.org,1,0.009259259259259259,4.0,0.0,0.0,4.0,1160.8785046728972,16637.098257516678,1,0,0.0,false
sshd-core/src/test/java/org/apache/sshd/SftpTest.java,151.0,26.0,104.0,17.0,67.0,43.0,47.0,gnodet@apache.org,1,0.009259259259259259,3.0,0.0,0.0,3.0,1160.8785046728972,16637.098257516678,1,2,0.0,false
sshd-core/src/test/java/org/apache/sshd/server/keyprovider/PEMGeneratorHostKeyProviderTest.java,42.0,4.0,1.0,2.0,20.0,2.0,0.0,gnodet@apache.org,0,0.0,0.0,0.0,0.0,0.0,0.0,0.0,0,1,0.0,true
sshd-core/src/test/java/org/apache/sshd/util/BogusForwardingFilter.java,18.0,3.0,6.0,4.0,0.0,8.0,43.0,spearce@apache.org,1,0.009259259259259259,25.0,0.0,0.0,25.0,1160.8785046728972,16637.098257516678,1,0,0.0,false
sshd-core/src/test/java/org/apache/sshd/util/Utils.java,28.0,5.0,6.0,4.0,9.0,10.0,47.0,gnodet@apache.org,1,0.009259259259259259,11.0,0.0,0.0,11.0,1160.8785046728972,16637.098257516678,1,0,0.0,true
sshd-sftp/src/main/java/org/apache/sshd/sftp/Handle.java,8.0,3.0,1.0,2.0,0.0,2.0,45.0,gnodet@apache.org,1,0.009259259259259259,50.0,50.0,0.0,25.0,1160.8785046728972,16637.098257516678,1,0,0.0,false
sshd-sftp/src/main/java/org/apache/sshd/sftp/Reply.java,16.0,1.0,1.0,2.0,0.0,4.0,47.0,gnodet@apache.org,1,0.009259259259259259,50.0,50.0,0.0,50.0,1160.8785046728972,16637.098257516678,1,0,0.0,false
sshd-sftp/src/main/java/org/apache/sshd/sftp/Request.java,21.0,1.0,3.0,3.0,0.0,6.0,47.0,gnodet@apache.org,1,0.009259259259259259,50.0,50.0,0.0,50.0,1160.8785046728972,16637.098257516678,1,0,0.0,false
sshd-sftp/src/main/java/org/apache/sshd/sftp/SftpSession.java,7.0,2.0,10.0,5.0,0.0,5.0,52.0,gnodet@apache.org,1,0.009259259259259259,33.0,33.0,0.0,33.0,1160.8785046728972,16637.098257516678,1,0,0.0,false
sshd-sftp/src/main/java/org/apache/sshd/sftp/Sftplet.java,32.0,2.0,6.0,4.0,0.0,10.0,45.0,gnodet@apache.org,1,0.009259259259259259,67.0,67.0,0.0,33.0,1160.8785046728972,16637.098257516678,1,0,0.0,false
sshd-sftp/src/main/java/org/apache/sshd/sftp/reply/BaseReply.java,24.0,1.0,1.0,3.0,2.0,5.0,52.0,gnodet@apache.org,1,0.009259259259259259,50.0,50.0,0.0,50.0,1160.8785046728972,16637.098257516678,1,0,0.0,false
sshd-sftp/src/main/java/org/apache/sshd/sftp/reply/FileAttributes.java,87.0,2.0,49.0,14.0,9.0,23.0,45.0,gnodet@apache.org,1,0.009259259259259259,40.0,40.0,0.0,20.0,1160.8785046728972,16637.098257516678,1,0,0.0,false
sshd-sftp/src/main/java/org/apache/sshd/sftp/reply/SshFxpAttrsReply.java,35.0,2.0,0.0,4.0,1.0,7.0,45.0,gnodet@apache.org,1,0.009259259259259259,50.0,50.0,0.0,25.0,1160.8785046728972,16637.098257516678,1,0,0.0,false
sshd-sftp/src/main/java/org/apache/sshd/sftp/reply/SshFxpDataReply.java,61.0,1.0,6.0,8.0,1.0,14.0,45.0,gnodet@apache.org,1,0.009259259259259259,67.0,67.0,0.0,33.0,1160.8785046728972,16637.098257516678,1,0,0.0,false
sshd-sftp/src/main/java/org/apache/sshd/sftp/reply/SshFxpHandleReply.java,35.0,2.0,0.0,4.0,4.0,7.0,45.0,gnodet@apache.org,1,0.009259259259259259,67.0,67.0,0.0,33.0,1160.8785046728972,16637.098257516678,1,0,0.0,false
sshd-sftp/src/main/java/org/apache/sshd/sftp/reply/SshFxpNameReply.java,100.0,5.0,13.0,7.0,4.0,12.0,45.0,gnodet@apache.org,1,0.009259259259259259,50.0,50.0,0.0,25.0,1160.8785046728972,16637.098257516678,1,0,0.0,false
sshd-sftp/src/main/java/org/apache/sshd/sftp/reply/SshFxpStatusReply.java,119.0,3.0,3.0,7.0,1.0,16.0,45.0,gnodet@apache.org,1,0.009259259259259259,50.0,50.0,0.0,25.0,1160.8785046728972,16637.098257516678,1,0,0.0,false
sshd-sftp/src/main/java/org/apache/sshd/sftp/reply/SshFxpVersionReply.java,32.0,1.0,6.0,4.0,3.0,7.0,45.0,gnodet@apache.org,1,0.009259259259259259,67.0,67.0,0.0,33.0,1160.8785046728972,16637.098257516678,1,0,0.0,false
sshd-sftp/src/main/java/org/apache/sshd/sftp/request/BaseRequest.java,28.0,1.0,1.0,3.0,2.0,5.0,52.0,gnodet@apache.org,1,0.009259259259259259,50.0,50.0,0.0,50.0,1160.8785046728972,16637.098257516678,1,0,0.0,false
sshd-sftp/src/main/java/org/apache/sshd/sftp/request/SshFxpCloseRequest.java,52.0,2.0,0.0,5.0,3.0,12.0,45.0,gnodet@apache.org,1,0.009259259259259259,67.0,67.0,0.0,33.0,1160.8785046728972,16637.098257516678,1,0,0.0,false
sshd-sftp/src/main/java/org/apache/sshd/sftp/request/SshFxpFsetstatRequest.java,25.0,1.0,3.0,3.0,1.0,5.0,45.0,gnodet@apache.org,1,0.009259259259259259,67.0,67.0,0.0,33.0,1160.8785046728972,16637.098257516678,1,0,0.0,false
sshd-sftp/src/main/java/org/apache/sshd/sftp/request/SshFxpFstatRequest.java,45.0,2.0,0.0,4.0,3.0,10.0,45.0,gnodet@apache.org,1,0.009259259259259259,67.0,67.0,0.0,33.0,1160.8785046728972,16637.098257516678,1,0,0.0,false
sshd-sftp/src/main/java/org/apache/sshd/sftp/request/SshFxpInitRequest.java,25.0,1.0,3.0,3.0,2.0,5.0,45.0,gnodet@apache.org,1,0.009259259259259259,67.0,67.0,0.0,33.0,1160.8785046728972,16637.098257516678,1,0,0.0,false
sshd-sftp/src/main/java/org/apache/sshd/sftp/request/SshFxpLstatRequest.java,41.0,1.0,2.0,5.0,1.0,9.0,45.0,gnodet@apache.org,1,0.009259259259259259,67.0,67.0,0.0,33.0,1160.8785046728972,16637.098257516678,1,0,0.0,false
sshd-sftp/src/main/java/org/apache/sshd/sftp/request/SshFxpMkdirRequest.java,35.0,1.0,0.0,4.0,1.0,7.0,45.0,gnodet@apache.org,1,0.009259259259259259,67.0,67.0,0.0,33.0,1160.8785046728972,16637.098257516678,1,0,0.0,false
sshd-sftp/src/main/java/org/apache/sshd/sftp/request/SshFxpOpenRequest.java,64.0,1.0,0.0,7.0,1.0,12.0,45.0,gnodet@apache.org,1,0.009259259259259259,67.0,67.0,0.0,33.0,1160.8785046728972,16637.098257516678,1,0,0.0,false
sshd-sftp/src/main/java/org/apache/sshd/sftp/request/SshFxpOpendirRequest.java,35.0,1.0,0.0,4.0,1.0,7.0,45.0,gnodet@apache.org,1,0.009259259259259259,67.0,67.0,0.0,33.0,1160.8785046728972,16637.098257516678,1,0,0.0,false
sshd-sftp/src/main/java/org/apache/sshd/sftp/request/SshFxpReadRequest.java,72.0,2.0,3.0,7.0,3.0,16.0,45.0,gnodet@apache.org,1,0.009259259259259259,67.0,67.0,0.0,33.0,1160.8785046728972,16637.098257516678,1,0,0.0,false
sshd-sftp/src/main/java/org/apache/sshd/sftp/request/SshFxpReaddirRequest.java,45.0,2.0,0.0,4.0,3.0,10.0,45.0,gnodet@apache.org,1,0.009259259259259259,67.0,67.0,0.0,33.0,1160.8785046728972,16637.098257516678,1,0,0.0,false
sshd-sftp/src/main/java/org/apache/sshd/sftp/request/SshFxpRealpathRequest.java,35.0,1.0,0.0,4.0,1.0,7.0,45.0,gnodet@apache.org,1,0.009259259259259259,50.0,50.0,0.0,25.0,1160.8785046728972,16637.098257516678,1,0,0.0,false
sshd-sftp/src/main/java/org/apache/sshd/sftp/request/SshFxpRemoveRequest.java,35.0,1.0,0.0,4.0,1.0,7.0,45.0,gnodet@apache.org,1,0.009259259259259259,67.0,67.0,0.0,33.0,1160.8785046728972,16637.098257516678,1,0,0.0,false
sshd-sftp/src/main/java/org/apache/sshd/sftp/request/SshFxpRenameRequest.java,45.0,1.0,0.0,5.0,1.0,9.0,45.0,gnodet@apache.org,1,0.009259259259259259,67.0,67.0,0.0,33.0,1160.8785046728972,16637.098257516678,1,0,0.0,false
sshd-sftp/src/main/java/org/apache/sshd/sftp/request/SshFxpRmdirRequest.java,35.0,1.0,0.0,4.0,1.0,7.0,45.0,gnodet@apache.org,1,0.009259259259259259,67.0,67.0,0.0,33.0,1160.8785046728972,16637.098257516678,1,0,0.0,false
sshd-sftp/src/main/java/org/apache/sshd/sftp/request/SshFxpSetstatRequest.java,25.0,1.0,3.0,3.0,1.0,5.0,45.0,gnodet@apache.org,1,0.009259259259259259,67.0,67.0,0.0,33.0,1160.8785046728972,16637.098257516678,1,0,0.0,false
sshd-sftp/src/main/java/org/apache/sshd/sftp/request/SshFxpStatRequest.java,40.0,1.0,2.0,5.0,1.0,9.0,45.0,gnodet@apache.org,1,0.009259259259259259,67.0,67.0,0.0,33.0,1160.8785046728972,16637.098257516678,1,0,0.0,false
sshd-sftp/src/main/java/org/apache/sshd/sftp/request/SshFxpWriteRequest.java,72.0,3.0,3.0,7.0,5.0,16.0,45.0,gnodet@apache.org,1,0.009259259259259259,67.0,67.0,0.0,33.0,1160.8785046728972,16637.098257516678,1,0,0.0,false
sshd-sftp/src/main/java/org/apache/sshd/sftp/request/UnsupportedRequest.java,28.0,1.0,1.0,3.0,0.0,5.0,45.0,gnodet@apache.org,1,0.009259259259259259,67.0,67.0,0.0,33.0,1160.8785046728972,16637.098257516678,1,0,0.0,false
sshd-sftp/src/main/java/org/apache/sshd/sftp/subsystem/BaseHandle.java,17.0,3.0,0.0,4.0,1.0,7.0,52.0,gnodet@apache.org,1,0.009259259259259259,33.0,33.0,0.0,33.0,1160.8785046728972,16637.098257516678,1,0,0.0,false
sshd-sftp/src/main/java/org/apache/sshd/sftp/subsystem/DefaultSftpletContainer.java,49.0,10.0,0.0,5.0,5.0,12.0,47.0,gnodet@apache.org,1,0.009259259259259259,50.0,50.0,0.0,50.0,1160.8785046728972,16637.098257516678,1,0,0.0,false
sshd-sftp/src/main/java/org/apache/sshd/sftp/subsystem/DirectoryHandle.java,30.0,3.0,7.0,7.0,3.0,11.0,52.0,gnodet@apache.org,1,0.009259259259259259,33.0,33.0,0.0,33.0,1160.8785046728972,16637.098257516678,1,0,0.0,false
sshd-sftp/src/main/java/org/apache/sshd/sftp/subsystem/FileHandle.java,44.0,5.0,4.0,5.0,9.0,14.0,52.0,gnodet@apache.org,1,0.009259259259259259,25.0,25.0,0.0,25.0,1160.8785046728972,16637.098257516678,1,0,0.0,false
sshd-sftp/src/main/java/org/apache/sshd/sftp/subsystem/Serializer.java,430.0,15.0,78.0,16.0,89.0,52.0,52.0,gnodet@apache.org,1,0.009259259259259259,17.0,17.0,0.0,17.0,1160.8785046728972,16637.098257516678,1,0,0.0,false
sshd-sftp/src/main/java/org/apache/sshd/sftp/subsystem/SftpConstants.java,177.0,0.0,1.0,7.0,0.0,10.0,52.0,gnodet@apache.org,1,0.009259259259259259,33.0,33.0,0.0,33.0,1160.8785046728972,16637.098257516678,1,0,0.0,false
sshd-sftp/src/main/java/org/apache/sshd/sftp/subsystem/SftpSubsystem.java,683.0,16.0,748.0,41.0,196.0,142.0,30.0,gnodet@apache.org,1,0.009259259259259259,25.0,25.0,0.0,12.0,1160.8785046728972,16637.098257516678,1,0,0.0,false
sshd-sftp/src/test/java/org/apache/sshd/sftp/SftpTest.java,151.0,21.0,104.0,17.0,67.0,43.0,47.0,gnodet@apache.org,1,0.009259259259259259,14.0,14.0,0.0,14.0,1160.8785046728972,16637.098257516678,1,0,0.0,false
sshd-sftp/src/test/java/org/apache/sshd/sftp/util/BogusPasswordAuthenticator.java,9.0,2.0,0.0,1.0,1.0,3.0,52.0,gnodet@apache.org,1,0.009259259259259259,50.0,50.0,0.0,50.0,1160.8785046728972,16637.098257516678,1,0,0.0,false
sshd-sftp/src/test/java/org/apache/sshd/sftp/util/EchoShellFactory.java,71.0,5.0,0.0,1.0,0.0,2.0,52.0,gnodet@apache.org,1,0.009259259259259259,50.0,50.0,0.0,50.0,1160.8785046728972,16637.098257516678,1,0,0.0,false
sshd-sftp/src/test/java/org/apache/sshd/sftp/util/Utils.java,28.0,5.0,6.0,4.0,9.0,10.0,47.0,gnodet@apache.org,1,0.009259259259259259,50.0,50.0,0.0,50.0,1160.8785046728972,16637.098257516678,1,0,0.0,false
