name,LOC,CBO,LCOM,NOM,RFC,WMC,ACS,Ownership,numOfChanges,numberOfFIChanges,ENH,NF,BugFixing,REF,structuralWorkloadSum,semanticWorkloadSum,numberOfDeveloper,pastFaults,MAF,isBuggy
sshd-core/src/main/java/org/apache/sshd/ClientChannel.java,35.0,5.0,45.0,10.0,0.0,14.0,0.0,gnodet@apache.org,0,0.0,0.0,0.0,0.0,0.0,0.0,0.0,0,2,0.0,false
sshd-core/src/main/java/org/apache/sshd/ClientSession.java,90.0,14.0,190.0,20.0,0.0,42.0,20.0,gnodet@apache.org,1,0.005076142131979695,3.0,0.0,0.0,7.0,1274.591836734694,43171.34609706431,1,3,0.02564243061333767,false
sshd-core/src/main/java/org/apache/sshd/SshClient.java,274.0,77.0,124.0,17.0,81.0,43.0,14.0,gnodet@apache.org,1,0.005076142131979695,11.0,7.0,2.0,4.0,1274.591836734694,43171.34609706431,1,3,0.02564243061333767,true
sshd-core/src/main/java/org/apache/sshd/SshServer.java,397.0,101.0,762.0,41.0,111.0,92.0,18.0,gnodet@apache.org,1,0.005076142131979695,4.0,10.0,0.0,1.0,1274.591836734694,43171.34609706431,1,4,0.06562528135126333,true
sshd-core/src/main/java/org/apache/sshd/agent/SshAgentFactory.java,22.0,6.0,3.0,3.0,0.0,10.0,33.0,lgoldstein@vmware.com,1,0.0,0.0,0.0,0.0,0.0,1274.591836734694,43171.34609706431,1,0,0.02564243061333767,false
sshd-core/src/main/java/org/apache/sshd/agent/common/AgentForwardSupport.java,34.0,7.0,0.0,3.0,6.0,8.0,22.0,lgoldstein@vmware.com,1,0.005076142131979695,0.0,14.0,0.0,0.0,1274.591836734694,43171.34609706431,1,0,0.02564243061333767,false
sshd-core/src/main/java/org/apache/sshd/agent/local/AgentForwardedChannel.java,61.0,11.0,26.0,8.0,24.0,21.0,42.0,gnodet@apache.org,1,0.0,0.0,0.0,11.0,0.0,1274.591836734694,43171.34609706431,1,1,0.02564243061333767,false
sshd-core/src/main/java/org/apache/sshd/agent/local/AgentImpl.java,111.0,16.0,0.0,8.0,34.0,31.0,34.0,lgoldstein@vmware.com,1,0.005076142131979695,20.0,20.0,0.0,0.0,1274.591836734694,43171.34609706431,1,0,0.02564243061333767,true
sshd-core/src/main/java/org/apache/sshd/agent/local/AgentServerProxy.java,38.0,9.0,2.0,4.0,8.0,11.0,33.0,lgoldstein@vmware.com,1,0.0,0.0,0.0,0.0,0.0,1274.591836734694,43171.34609706431,1,0,0.02564243061333767,false
sshd-core/src/main/java/org/apache/sshd/agent/local/ChannelAgentForwarding.java,64.0,15.0,26.0,8.0,9.0,14.0,24.0,gnodet@apache.org,1,0.0,0.0,0.0,10.0,0.0,1274.591836734694,43171.34609706431,1,1,0.02564243061333767,false
sshd-core/src/main/java/org/apache/sshd/agent/local/LocalAgentFactory.java,21.0,10.0,3.0,6.0,0.0,12.0,33.0,lgoldstein@vmware.com,1,0.0,0.0,0.0,0.0,0.0,1274.591836734694,43171.34609706431,1,0,0.02564243061333767,false
sshd-core/src/main/java/org/apache/sshd/agent/local/ProxyAgentFactory.java,35.0,12.0,4.0,5.0,12.0,13.0,33.0,lgoldstein@vmware.com,1,0.0,0.0,0.0,0.0,0.0,1274.591836734694,43171.34609706431,1,0,0.02564243061333767,false
sshd-core/src/main/java/org/apache/sshd/agent/unix/AgentForwardedChannel.java,46.0,7.0,3.0,6.0,12.0,17.0,42.0,gnodet@apache.org,1,0.0,0.0,0.0,10.0,0.0,1274.591836734694,43171.34609706431,1,1,0.02564243061333767,false
sshd-core/src/main/java/org/apache/sshd/agent/unix/AgentServerProxy.java,83.0,12.0,2.0,5.0,25.0,23.0,33.0,lgoldstein@vmware.com,1,0.0,0.0,0.0,0.0,0.0,1274.591836734694,43171.34609706431,1,0,0.02564243061333767,false
sshd-core/src/main/java/org/apache/sshd/agent/unix/ChannelAgentForwarding.java,89.0,18.0,33.0,10.0,26.0,25.0,24.0,gnodet@apache.org,1,0.0,0.0,0.0,10.0,0.0,1274.591836734694,43171.34609706431,1,1,0.02564243061333767,false
sshd-core/src/main/java/org/apache/sshd/agent/unix/UnixAgentFactory.java,17.0,10.0,3.0,3.0,3.0,9.0,33.0,lgoldstein@vmware.com,1,0.0,0.0,0.0,0.0,0.0,1274.591836734694,43171.34609706431,1,0,0.02564243061333767,false
sshd-core/src/main/java/org/apache/sshd/client/ScpClient.java,11.0,1.0,0.0,4.0,0.0,8.0,0.0,lgoldstein@vmware.com,0,0.0,0.0,0.0,0.0,0.0,0.0,0.0,0,1,0.0,false
sshd-core/src/main/java/org/apache/sshd/client/SessionFactory.java,14.0,4.0,0.0,2.0,0.0,4.0,0.0,gnodet@apache.org,0,0.0,0.0,0.0,0.0,0.0,0.0,0.0,0,1,0.0,false
sshd-core/src/main/java/org/apache/sshd/client/SftpClient.java,103.0,4.0,231.0,22.0,0.0,44.0,0.0,gnodet@apache.org,0,0.0,0.0,0.0,0.0,0.0,0.0,0.0,0,1,0.0,false
sshd-core/src/main/java/org/apache/sshd/client/auth/UserAuthAgent.java,84.0,9.0,0.0,3.0,28.0,12.0,30.0,gnodet@apache.org,1,0.005076142131979695,9.0,0.0,9.0,9.0,1274.591836734694,43171.34609706431,1,0,0.02564243061333767,false
sshd-core/src/main/java/org/apache/sshd/client/auth/UserAuthKeyboardInteractive.java,78.0,6.0,0.0,2.0,16.0,9.0,26.0,gnodet@apache.org,1,0.005076142131979695,7.0,7.0,7.0,13.0,1274.591836734694,43171.34609706431,1,1,0.02564243061333767,false
sshd-core/src/main/java/org/apache/sshd/client/auth/UserAuthPassword.java,40.0,7.0,0.0,2.0,6.0,7.0,26.0,gnodet@apache.org,1,0.005076142131979695,7.0,7.0,7.0,7.0,1274.591836734694,43171.34609706431,1,0,0.02564243061333767,false
sshd-core/src/main/java/org/apache/sshd/client/auth/UserAuthPublicKey.java,67.0,12.0,0.0,2.0,23.0,8.0,24.0,gnodet@apache.org,1,0.005076142131979695,5.0,5.0,5.0,5.0,1274.591836734694,43171.34609706431,1,1,0.02564243061333767,false
sshd-core/src/main/java/org/apache/sshd/client/channel/AbstractClientChannel.java,228.0,15.0,171.0,22.0,44.0,57.0,18.0,gnodet@apache.org,1,0.005076142131979695,0.0,5.0,5.0,0.0,1274.591836734694,43171.34609706431,1,5,0.02564243061333767,false
sshd-core/src/main/java/org/apache/sshd/client/channel/ChannelDirectTcpip.java,55.0,12.0,6.0,5.0,16.0,15.0,37.0,gnodet@apache.org,1,0.005076142131979695,0.0,7.0,7.0,0.0,1274.591836734694,43171.34609706431,1,2,0.02564243061333767,false
sshd-core/src/main/java/org/apache/sshd/client/channel/ChannelExec.java,23.0,3.0,0.0,2.0,6.0,5.0,29.0,gnodet@apache.org,1,0.005076142131979695,0.0,8.0,8.0,0.0,1274.591836734694,43171.34609706431,1,3,0.02564243061333767,false
sshd-core/src/main/java/org/apache/sshd/client/channel/ChannelSession.java,83.0,9.0,19.0,7.0,18.0,21.0,23.0,gnodet@apache.org,1,0.005076142131979695,0.0,5.0,5.0,0.0,1274.591836734694,43171.34609706431,1,4,0.02564243061333767,false
sshd-core/src/main/java/org/apache/sshd/client/channel/ChannelShell.java,148.0,9.0,94.0,20.0,23.0,35.0,29.0,gnodet@apache.org,1,0.005076142131979695,0.0,6.0,6.0,0.0,1274.591836734694,43171.34609706431,1,2,0.02564243061333767,false
sshd-core/src/main/java/org/apache/sshd/client/channel/ChannelSubsystem.java,31.0,5.0,4.0,4.0,9.0,7.0,23.0,gnodet@apache.org,1,0.005076142131979695,0.0,10.0,20.0,0.0,1274.591836734694,43171.34609706431,1,2,0.02564243061333767,false
sshd-core/src/main/java/org/apache/sshd/client/kex/AbstractDHGClient.java,95.0,19.0,9.0,7.0,28.0,18.0,22.0,gnodet@apache.org,1,0.005076142131979695,8.0,15.0,23.0,0.0,1274.591836734694,43171.34609706431,1,0,0.02564243061333767,true
sshd-core/src/main/java/org/apache/sshd/client/kex/DHG1.java,23.0,4.0,0.0,1.0,4.0,3.0,34.0,gnodet@apache.org,1,0.005076142131979695,17.0,17.0,0.0,0.0,1274.591836734694,43171.34609706431,1,2,0.02564243061333767,true
sshd-core/src/main/java/org/apache/sshd/client/kex/DHG14.java,23.0,4.0,0.0,1.0,4.0,3.0,34.0,gnodet@apache.org,1,0.005076142131979695,17.0,17.0,0.0,0.0,1274.591836734694,43171.34609706431,1,2,0.02564243061333767,true
sshd-core/src/main/java/org/apache/sshd/client/kex/DHGEX.java,139.0,20.0,9.0,7.0,32.0,19.0,21.0,gnodet@apache.org,1,0.005076142131979695,17.0,33.0,33.0,0.0,1274.591836734694,43171.34609706431,1,0,0.02564243061333767,true
sshd-core/src/main/java/org/apache/sshd/client/kex/DHGEX256.java,23.0,5.0,0.0,1.0,2.0,3.0,14.0,gnodet@apache.org,1,0.005076142131979695,50.0,50.0,0.0,0.0,1274.591836734694,43171.34609706431,1,0,0.02564243061333767,true
sshd-core/src/main/java/org/apache/sshd/client/kex/ECDHP256.java,19.0,5.0,0.0,1.0,1.0,3.0,34.0,gnodet@apache.org,1,0.005076142131979695,50.0,50.0,0.0,0.0,1274.591836734694,43171.34609706431,1,0,0.02564243061333767,true
sshd-core/src/main/java/org/apache/sshd/client/kex/ECDHP384.java,19.0,5.0,0.0,1.0,1.0,3.0,34.0,gnodet@apache.org,1,0.005076142131979695,50.0,50.0,0.0,0.0,1274.591836734694,43171.34609706431,1,0,0.02564243061333767,true
sshd-core/src/main/java/org/apache/sshd/client/kex/ECDHP521.java,19.0,5.0,0.0,1.0,1.0,3.0,34.0,gnodet@apache.org,1,0.005076142131979695,50.0,50.0,0.0,0.0,1274.591836734694,43171.34609706431,1,0,0.02564243061333767,true
sshd-core/src/main/java/org/apache/sshd/client/keyverifier/AcceptAllServerKeyVerifier.java,14.0,7.0,1.0,2.0,3.0,5.0,5.0,lgoldstein@vmware.com,1,0.0,0.0,0.0,0.0,0.0,1274.591836734694,43171.34609706431,1,0,0.02564243061333767,false
sshd-core/src/main/java/org/apache/sshd/client/scp/DefaultScpClient.java,132.0,15.0,49.0,11.0,57.0,38.0,0.0,gnodet@apache.org,0,0.0,0.0,0.0,0.0,0.0,0.0,0.0,0,1,0.0,false
sshd-core/src/main/java/org/apache/sshd/client/session/ClientConnectionService.java,64.0,15.0,21.0,7.0,19.0,17.0,30.0,lgoldstein@vmware.com,1,0.005076142131979695,0.0,29.0,14.0,0.0,1274.591836734694,43171.34609706431,1,0,0.02564243061333767,false
sshd-core/src/main/java/org/apache/sshd/client/session/ClientSessionImpl.java,245.0,36.0,610.0,36.0,77.0,103.0,18.0,gnodet@apache.org,1,0.005076142131979695,3.0,3.0,8.0,3.0,1274.591836734694,43171.34609706431,1,1,0.02564243061333767,false
sshd-core/src/main/java/org/apache/sshd/client/session/ClientUserAuthService.java,143.0,15.0,0.0,8.0,30.0,28.0,28.0,gnodet@apache.org,1,0.005076142131979695,10.0,10.0,10.0,20.0,1274.591836734694,43171.34609706431,1,0,0.02564243061333767,false
sshd-core/src/main/java/org/apache/sshd/client/sftp/DefaultSftpClient.java,671.0,17.0,0.0,52.0,204.0,189.0,4.0,gnodet@apache.org,1,0.0,0.0,0.0,4.0,0.0,1274.591836734694,43171.34609706431,1,1,0.02564243061333767,false
sshd-core/src/main/java/org/apache/sshd/common/AbstractFactoryManager.java,173.0,12.0,740.0,40.0,18.0,64.0,20.0,gnodet@apache.org,1,0.005076142131979695,0.0,7.0,0.0,0.0,1274.591836734694,43171.34609706431,1,0,0.02564243061333767,false
sshd-core/src/main/java/org/apache/sshd/common/AbstractSessionIoHandler.java,26.0,4.0,10.0,5.0,8.0,12.0,0.0,lgoldstein@vmware.com,0,0.0,0.0,0.0,0.0,0.0,0.0,0.0,0,0,0.0,false
sshd-core/src/main/java/org/apache/sshd/common/Channel.java,32.0,6.0,136.0,17.0,0.0,27.0,21.0,gnodet@apache.org,1,0.005076142131979695,0.0,9.0,0.0,0.0,1274.591836734694,43171.34609706431,1,1,0.02564243061333767,false
sshd-core/src/main/java/org/apache/sshd/common/FactoryManager.java,108.0,7.0,153.0,18.0,0.0,47.0,22.0,gnodet@apache.org,1,0.005076142131979695,0.0,4.0,0.0,0.0,1274.591836734694,43171.34609706431,1,0,0.02564243061333767,false
sshd-core/src/main/java/org/apache/sshd/common/KeyPairProvider.java,37.0,1.0,1.0,2.0,0.0,5.0,23.0,lgoldstein@vmware.com,1,0.005076142131979695,25.0,12.0,0.0,12.0,1274.591836734694,43171.34609706431,1,0,0.02564243061333767,true
sshd-core/src/main/java/org/apache/sshd/common/Random.java,17.0,0.0,1.0,2.0,0.0,4.0,14.0,elecharny@apache.org,1,0.005076142131979695,33.0,33.0,0.0,0.0,1274.591836734694,43171.34609706431,1,0,0.02564243061333767,true
sshd-core/src/main/java/org/apache/sshd/common/RequestHandler.java,19.0,2.0,0.0,1.0,0.0,4.0,18.0,lgoldstein@vmware.com,1,0.0,0.0,0.0,0.0,0.0,1274.591836734694,43171.34609706431,1,0,0.02564243061333767,false
sshd-core/src/main/java/org/apache/sshd/common/Service.java,19.0,3.0,6.0,4.0,0.0,5.0,34.0,lgoldstein@vmware.com,1,0.005076142131979695,0.0,20.0,20.0,0.0,1274.591836734694,43171.34609706431,1,0,0.02564243061333767,false
sshd-core/src/main/java/org/apache/sshd/common/ServiceFactory.java,29.0,2.0,1.0,2.0,0.0,4.0,33.0,gnodet@apache.org,1,0.0,0.0,0.0,0.0,0.0,1274.591836734694,43171.34609706431,1,0,0.02564243061333767,false
sshd-core/src/main/java/org/apache/sshd/common/Session.java,93.0,4.0,91.0,14.0,0.0,41.0,25.0,gnodet@apache.org,1,0.005076142131979695,5.0,10.0,10.0,0.0,1274.591836734694,43171.34609706431,1,0,0.02564243061333767,false
sshd-core/src/main/java/org/apache/sshd/common/SessionListener.java,25.0,0.0,3.0,3.0,0.0,3.0,13.0,gnodet@apache.org,1,0.005076142131979695,17.0,0.0,17.0,0.0,1274.591836734694,43171.34609706431,1,0,0.02564243061333767,false
sshd-core/src/main/java/org/apache/sshd/common/SshConstants.java,75.0,0.0,0.0,0.0,0.0,0.0,23.0,gnodet@apache.org,1,0.005076142131979695,20.0,0.0,30.0,20.0,1274.591836734694,43171.34609706431,1,0,0.02564243061333767,false
sshd-core/src/main/java/org/apache/sshd/common/TcpipForwarderFactory.java,11.0,1.0,0.0,1.0,0.0,3.0,33.0,gnodet@apache.org,1,0.0,0.0,0.0,0.0,0.0,1274.591836734694,43171.34609706431,1,0,0.02564243061333767,false
sshd-core/src/main/java/org/apache/sshd/common/channel/AbstractChannel.java,226.0,18.0,79.0,27.0,83.0,69.0,24.0,gnodet@apache.org,1,0.005076142131979695,0.0,9.0,6.0,0.0,1274.591836734694,43171.34609706431,1,3,0.02564243061333767,true
sshd-core/src/main/java/org/apache/sshd/common/channel/ChannelOutputStream.java,118.0,7.0,6.0,8.0,27.0,22.0,21.0,gnodet@apache.org,1,0.0,0.0,0.0,11.0,0.0,1274.591836734694,43171.34609706431,1,6,0.02564243061333767,false
sshd-core/src/main/java/org/apache/sshd/common/channel/ChannelPipedInputStream.java,130.0,9.0,4.0,9.0,27.0,28.0,0.0,gnodet@apache.org,0,0.0,0.0,0.0,0.0,0.0,0.0,0.0,0,1,0.0,false
sshd-core/src/main/java/org/apache/sshd/common/cipher/ECCurves.java,101.0,11.0,21.0,7.0,18.0,23.0,34.0,lgoldstein@vmware.com,1,0.005076142131979695,25.0,25.0,0.0,0.0,1274.591836734694,43171.34609706431,1,0,0.02564243061333767,true
sshd-core/src/main/java/org/apache/sshd/common/digest/SHA256.java,23.0,2.0,0.0,1.0,0.0,1.0,34.0,gnodet@apache.org,1,0.005076142131979695,50.0,50.0,0.0,0.0,1274.591836734694,43171.34609706431,1,0,0.02564243061333767,true
sshd-core/src/main/java/org/apache/sshd/common/digest/SHA384.java,23.0,2.0,0.0,1.0,0.0,1.0,34.0,gnodet@apache.org,1,0.005076142131979695,50.0,50.0,0.0,0.0,1274.591836734694,43171.34609706431,1,0,0.02564243061333767,true
sshd-core/src/main/java/org/apache/sshd/common/digest/SHA512.java,23.0,2.0,0.0,1.0,0.0,1.0,34.0,gnodet@apache.org,1,0.005076142131979695,50.0,50.0,0.0,0.0,1274.591836734694,43171.34609706431,1,0,0.02564243061333767,true
sshd-core/src/main/java/org/apache/sshd/common/file/SshFile.java,138.0,6.0,366.0,28.0,0.0,77.0,0.0,gnodet@apache.org,0,0.0,0.0,0.0,0.0,0.0,0.0,0.0,0,1,0.0,false
sshd-core/src/main/java/org/apache/sshd/common/file/nativefs/NativeFileSystemView.java,87.0,5.0,22.0,9.0,11.0,25.0,3.0,gnodet@apache.org,1,0.0,0.0,0.0,25.0,0.0,1274.591836734694,43171.34609706431,1,1,0.02564243061333767,false
sshd-core/src/main/java/org/apache/sshd/common/file/nativefs/NativeSshFile.java,466.0,19.0,167.0,39.0,104.0,121.0,6.0,gnodet@apache.org,1,0.0,0.0,0.0,9.0,0.0,1274.591836734694,43171.34609706431,1,1,0.02564243061333767,false
sshd-core/src/main/java/org/apache/sshd/common/file/nativefs/NativeSshFileNio.java,162.0,17.0,28.0,8.0,32.0,31.0,0.0,gnodet@apache.org,0,0.0,0.0,0.0,0.0,0.0,0.0,0.0,0,1,0.0,false
sshd-core/src/main/java/org/apache/sshd/common/file/virtualfs/VirtualFileSystemFactory.java,37.0,5.0,10.0,8.0,5.0,15.0,6.0,lgoldstein@vmware.com,1,0.0,0.0,0.0,17.0,0.0,1274.591836734694,43171.34609706431,1,0,0.02564243061333767,false
sshd-core/src/main/java/org/apache/sshd/common/file/virtualfs/VirtualFileSystemView.java,26.0,4.0,0.0,4.0,9.0,8.0,6.0,gnodet@apache.org,1,0.0,0.0,0.0,50.0,0.0,1274.591836734694,43171.34609706431,1,0,0.02564243061333767,false
sshd-core/src/main/java/org/apache/sshd/common/forward/DefaultTcpipForwarder.java,165.0,24.0,12.0,16.0,85.0,51.0,24.0,gnodet@apache.org,1,0.005076142131979695,0.0,14.0,5.0,0.0,1274.591836734694,43171.34609706431,1,3,0.02564243061333767,false
sshd-core/src/main/java/org/apache/sshd/common/forward/DefaultTcpipForwarderFactory.java,10.0,4.0,0.0,1.0,0.0,2.0,33.0,gnodet@apache.org,1,0.0,0.0,0.0,0.0,0.0,1274.591836734694,43171.34609706431,1,2,0.02564243061333767,false
sshd-core/src/main/java/org/apache/sshd/common/forward/TcpipClientChannel.java,69.0,15.0,9.0,7.0,21.0,17.0,26.0,gnodet@apache.org,1,0.005076142131979695,0.0,12.0,6.0,0.0,1274.591836734694,43171.34609706431,1,3,0.02564243061333767,false
sshd-core/src/main/java/org/apache/sshd/common/forward/TcpipServerChannel.java,124.0,21.0,52.0,13.0,54.0,31.0,22.0,gnodet@apache.org,1,0.005076142131979695,0.0,4.0,4.0,0.0,1274.591836734694,43171.34609706431,1,2,0.02564243061333767,false
sshd-core/src/main/java/org/apache/sshd/common/future/DefaultSshFuture.java,218.0,5.0,91.0,18.0,26.0,55.0,1.0,gnodet@apache.org,1,0.0,0.0,0.0,0.0,0.0,1274.591836734694,43171.34609706431,1,0,0.02564243061333767,false
sshd-core/src/main/java/org/apache/sshd/common/io/DefaultIoServiceFactory.java,63.0,5.0,8.0,5.0,23.0,18.0,25.0,gnodet@apache.org,1,0.0,0.0,0.0,0.0,0.0,1274.591836734694,43171.34609706431,1,1,0.02564243061333767,false
sshd-core/src/main/java/org/apache/sshd/common/io/IoAcceptor.java,10.0,4.0,15.0,6.0,0.0,8.0,0.0,gnodet@apache.org,0,0.0,0.0,0.0,0.0,0.0,0.0,0.0,0,0,0.0,false
sshd-core/src/main/java/org/apache/sshd/common/io/IoAcceptorFactory.java,5.0,1.0,0.0,1.0,0.0,1.0,25.0,gnodet@apache.org,1,0.0,0.0,0.0,0.0,0.0,1274.591836734694,43171.34609706431,1,0,0.02564243061333767,false
sshd-core/src/main/java/org/apache/sshd/common/io/IoCloseFuture.java,14.0,1.0,1.0,2.0,0.0,5.0,28.0,gnodet@apache.org,1,0.005076142131979695,0.0,50.0,0.0,0.0,1274.591836734694,43171.34609706431,1,0,0.02564243061333767,false
sshd-core/src/main/java/org/apache/sshd/common/io/IoConnectFuture.java,28.0,1.0,21.0,7.0,0.0,17.0,0.0,gnodet@apache.org,0,0.0,0.0,0.0,0.0,0.0,0.0,0.0,0,0,0.0,false
sshd-core/src/main/java/org/apache/sshd/common/io/IoConnector.java,5.0,2.0,0.0,1.0,0.0,1.0,0.0,lgoldstein@vmware.com,0,0.0,0.0,0.0,0.0,0.0,0.0,0.0,0,0,0.0,false
sshd-core/src/main/java/org/apache/sshd/common/io/IoHandler.java,8.0,1.0,6.0,4.0,0.0,8.0,0.0,gnodet@apache.org,0,0.0,0.0,0.0,0.0,0.0,0.0,0.0,0,0,0.0,false
sshd-core/src/main/java/org/apache/sshd/common/io/IoService.java,10.0,1.0,1.0,2.0,0.0,4.0,12.0,gnodet@apache.org,1,0.005076142131979695,0.0,33.0,0.0,0.0,1274.591836734694,43171.34609706431,1,0,0.02564243061333767,false
sshd-core/src/main/java/org/apache/sshd/common/io/IoServiceFactory.java,6.0,1.0,1.0,2.0,0.0,2.0,25.0,gnodet@apache.org,1,0.0,0.0,0.0,0.0,0.0,1274.591836734694,43171.34609706431,1,0,0.02564243061333767,false
sshd-core/src/main/java/org/apache/sshd/common/io/IoSession.java,40.0,3.0,28.0,8.0,0.0,17.0,28.0,lgoldstein@vmware.com,1,0.005076142131979695,0.0,20.0,0.0,0.0,1274.591836734694,43171.34609706431,1,0,0.02564243061333767,false
sshd-core/src/main/java/org/apache/sshd/common/io/IoWriteFuture.java,18.0,1.0,6.0,4.0,0.0,11.0,0.0,gnodet@apache.org,0,0.0,0.0,0.0,0.0,0.0,0.0,0.0,0,0,0.0,false
sshd-core/src/main/java/org/apache/sshd/common/io/mina/MinaAcceptor.java,65.0,11.0,43.0,10.0,25.0,19.0,25.0,gnodet@apache.org,1,0.0,0.0,0.0,0.0,0.0,1274.591836734694,43171.34609706431,1,0,0.02564243061333767,false
sshd-core/src/main/java/org/apache/sshd/common/io/mina/MinaConnector.java,70.0,10.0,13.0,6.0,21.0,16.0,25.0,lgoldstein@vmware.com,1,0.0,0.0,0.0,0.0,0.0,1274.591836734694,43171.34609706431,1,0,0.02564243061333767,false
sshd-core/src/main/java/org/apache/sshd/common/io/mina/MinaService.java,56.0,10.0,56.0,13.0,22.0,26.0,18.0,gnodet@apache.org,1,0.005076142131979695,0.0,8.0,0.0,0.0,1274.591836734694,43171.34609706431,1,0,0.02564243061333767,false
sshd-core/src/main/java/org/apache/sshd/common/io/mina/MinaServiceFactory.java,10.0,5.0,1.0,2.0,0.0,4.0,25.0,gnodet@apache.org,1,0.0,0.0,0.0,0.0,0.0,1274.591836734694,43171.34609706431,1,0,0.02564243061333767,false
sshd-core/src/main/java/org/apache/sshd/common/io/mina/MinaSession.java,96.0,11.0,0.0,14.0,22.0,29.0,28.0,lgoldstein@vmware.com,1,0.005076142131979695,0.0,14.0,0.0,0.0,1274.591836734694,43171.34609706431,1,0,0.02564243061333767,false
sshd-core/src/main/java/org/apache/sshd/common/io/mina/MinaSupport.java,16.0,3.0,6.0,4.0,8.0,7.0,0.0,lgoldstein@vmware.com,0,0.0,0.0,0.0,0.0,0.0,0.0,0.0,0,0,0.0,false
sshd-core/src/main/java/org/apache/sshd/common/io/nio2/Nio2Acceptor.java,110.0,17.0,8.0,8.0,25.0,17.0,21.0,gnodet@apache.org,1,0.005076142131979695,0.0,15.0,0.0,0.0,1274.591836734694,43171.34609706431,1,0,0.02564243061333767,false
sshd-core/src/main/java/org/apache/sshd/common/io/nio2/Nio2Connector.java,63.0,10.0,6.0,4.0,18.0,7.0,25.0,lgoldstein@vmware.com,1,0.0,0.0,0.0,0.0,0.0,1274.591836734694,43171.34609706431,1,0,0.02564243061333767,false
sshd-core/src/main/java/org/apache/sshd/common/io/nio2/Nio2Service.java,52.0,15.0,0.0,6.0,21.0,15.0,17.0,gnodet@apache.org,1,0.005076142131979695,0.0,27.0,9.0,0.0,1274.591836734694,43171.34609706431,1,0,0.02564243061333767,false
sshd-core/src/main/java/org/apache/sshd/common/io/nio2/Nio2ServiceFactory.java,13.0,6.0,3.0,3.0,0.0,5.0,13.0,gnodet@apache.org,1,0.005076142131979695,0.0,11.0,0.0,0.0,1274.591836734694,43171.34609706431,1,0,0.02564243061333767,false
sshd-core/src/main/java/org/apache/sshd/common/io/nio2/Nio2Session.java,233.0,23.0,112.0,20.0,77.0,54.0,15.0,gnodet@apache.org,1,0.005076142131979695,0.0,15.0,15.0,0.0,1274.591836734694,43171.34609706431,1,0,0.02564243061333767,false
sshd-core/src/main/java/org/apache/sshd/common/kex/AbstractDH.java,28.0,2.0,21.0,7.0,2.0,17.0,34.0,gnodet@apache.org,1,0.005076142131979695,33.0,33.0,0.0,0.0,1274.591836734694,43171.34609706431,1,0,0.02564243061333767,true
sshd-core/src/main/java/org/apache/sshd/common/kex/DH.java,67.0,12.0,28.0,13.0,17.0,24.0,24.0,gnodet@apache.org,1,0.005076142131979695,33.0,33.0,0.0,0.0,1274.591836734694,43171.34609706431,1,0,0.02564243061333767,true
sshd-core/src/main/java/org/apache/sshd/common/kex/ECDH.java,42.0,12.0,0.0,6.0,17.0,14.0,34.0,lgoldstein@vmware.com,1,0.005076142131979695,25.0,25.0,0.0,0.0,1274.591836734694,43171.34609706431,1,0,0.02564243061333767,true
sshd-core/src/main/java/org/apache/sshd/common/keyprovider/AbstractKeyPairProvider.java,50.0,10.0,6.0,4.0,13.0,12.0,23.0,lgoldstein@vmware.com,1,0.005076142131979695,22.0,11.0,0.0,11.0,1274.591836734694,43171.34609706431,1,1,0.02564243061333767,true
sshd-core/src/main/java/org/apache/sshd/common/keyprovider/FileKeyPairProvider.java,64.0,13.0,0.0,8.0,12.0,17.0,6.0,gnodet@apache.org,1,0.005076142131979695,11.0,0.0,0.0,0.0,1274.591836734694,43171.34609706431,1,1,0.02564243061333767,false
sshd-core/src/main/java/org/apache/sshd/common/keyprovider/ResourceKeyPairProvider.java,116.0,16.0,0.0,9.0,19.0,18.0,6.0,gnodet@apache.org,1,0.005076142131979695,12.0,0.0,0.0,0.0,1274.591836734694,43171.34609706431,1,1,0.02564243061333767,false
sshd-core/src/main/java/org/apache/sshd/common/mac/HMACSHA256.java,20.0,2.0,0.0,1.0,0.0,1.0,3.0,gnodet@apache.org,1,0.005076142131979695,67.0,67.0,0.0,0.0,1274.591836734694,43171.34609706431,1,0,0.02564243061333767,false
sshd-core/src/main/java/org/apache/sshd/common/mac/HMACSHA512.java,20.0,2.0,0.0,1.0,0.0,1.0,3.0,gnodet@apache.org,1,0.005076142131979695,67.0,67.0,0.0,0.0,1274.591836734694,43171.34609706431,1,0,0.02564243061333767,false
sshd-core/src/main/java/org/apache/sshd/common/random/BouncyCastleRandom.java,54.0,5.0,0.0,4.0,5.0,11.0,14.0,lgoldstein@vmware.com,1,0.005076142131979695,20.0,20.0,0.0,0.0,1274.591836734694,43171.34609706431,1,0,0.02564243061333767,true
sshd-core/src/main/java/org/apache/sshd/common/random/JceRandom.java,39.0,3.0,0.0,3.0,3.0,7.0,14.0,lgoldstein@vmware.com,1,0.005076142131979695,25.0,25.0,0.0,0.0,1274.591836734694,43171.34609706431,1,0,0.02564243061333767,true
sshd-core/src/main/java/org/apache/sshd/common/random/SingletonRandomFactory.java,24.0,2.0,2.0,5.0,4.0,8.0,14.0,lgoldstein@vmware.com,1,0.005076142131979695,25.0,25.0,0.0,0.0,1274.591836734694,43171.34609706431,1,0,0.02564243061333767,true
sshd-core/src/main/java/org/apache/sshd/common/scp/ScpHelper.java,458.0,15.0,23.0,14.0,113.0,65.0,2.0,gnodet@apache.org,1,0.0,0.0,0.0,6.0,0.0,1274.591836734694,43171.34609706431,1,1,0.02564243061333767,false
sshd-core/src/main/java/org/apache/sshd/common/session/AbstractConnectionService.java,365.0,25.0,211.0,26.0,112.0,77.0,21.0,gnodet@apache.org,1,0.005076142131979695,7.0,27.0,13.0,0.0,1274.591836734694,43171.34609706431,1,0,0.02564243061333767,false
sshd-core/src/main/java/org/apache/sshd/common/session/AbstractSession.java,866.0,35.0,1126.0,52.0,164.0,175.0,12.0,gnodet@apache.org,1,0.005076142131979695,7.0,10.0,10.0,7.0,1274.591836734694,43171.34609706431,1,5,0.011590287416618328,false
sshd-core/src/main/java/org/apache/sshd/common/session/AbstractSessionFactory.java,33.0,5.0,0.0,4.0,5.0,10.0,0.0,lgoldstein@vmware.com,0,0.0,0.0,0.0,0.0,0.0,0.0,0.0,0,1,0.0,false
sshd-core/src/main/java/org/apache/sshd/common/session/ConnectionService.java,26.0,6.0,15.0,6.0,0.0,13.0,23.0,lgoldstein@vmware.com,1,0.005076142131979695,0.0,25.0,0.0,0.0,1274.591836734694,43171.34609706431,1,0,0.02564243061333767,false
sshd-core/src/main/java/org/apache/sshd/common/signature/AbstractSignatureDSA.java,46.0,0.0,3.0,3.0,5.0,8.0,34.0,gnodet@apache.org,1,0.005076142131979695,50.0,50.0,0.0,0.0,1274.591836734694,43171.34609706431,1,0,0.02564243061333767,true
sshd-core/src/main/java/org/apache/sshd/common/signature/SignatureDSA.java,20.0,3.0,0.0,1.0,0.0,1.0,34.0,gnodet@apache.org,1,0.005076142131979695,20.0,20.0,0.0,0.0,1274.591836734694,43171.34609706431,1,0,0.02564243061333767,true
sshd-core/src/main/java/org/apache/sshd/common/signature/SignatureECDSA.java,117.0,8.0,6.0,4.0,10.0,14.0,34.0,lgoldstein@vmware.com,1,0.005076142131979695,20.0,20.0,0.0,0.0,1274.591836734694,43171.34609706431,1,0,0.02564243061333767,true
sshd-core/src/main/java/org/apache/sshd/common/util/Base64.java,336.0,1.0,60.0,12.0,14.0,45.0,1.0,gnodet@apache.org,1,0.0,0.0,0.0,0.0,0.0,1274.591836734694,43171.34609706431,1,0,0.02564243061333767,false
sshd-core/src/main/java/org/apache/sshd/common/util/Buffer.java,434.0,26.0,732.0,53.0,124.0,108.0,38.0,gnodet@apache.org,1,0.005076142131979695,6.0,6.0,6.0,0.0,1274.591836734694,43171.34609706431,1,0,0.02564243061333767,true
sshd-core/src/main/java/org/apache/sshd/common/util/BufferUtils.java,42.0,0.0,10.0,5.0,6.0,15.0,5.0,lgoldstein@vmware.com,1,0.0,0.0,0.0,0.0,0.0,1274.591836734694,43171.34609706431,1,0,0.02564243061333767,false
sshd-core/src/main/java/org/apache/sshd/common/util/KeyUtils.java,27.0,2.0,1.0,2.0,7.0,4.0,18.0,lgoldstein@vmware.com,1,0.005076142131979695,14.0,0.0,0.0,14.0,1274.591836734694,43171.34609706431,1,0,0.02564243061333767,false
sshd-core/src/main/java/org/apache/sshd/common/util/Readable.java,7.0,0.0,1.0,2.0,0.0,2.0,0.0,gnodet@apache.org,0,0.0,0.0,0.0,0.0,0.0,0.0,0.0,0,0,0.0,false
sshd-core/src/main/java/org/apache/sshd/common/util/SecurityUtils.java,143.0,13.0,62.0,13.0,30.0,52.0,21.0,lgoldstein@vmware.com,1,0.005076142131979695,14.0,29.0,0.0,0.0,1274.591836734694,43171.34609706431,1,0,0.02564243061333767,true
sshd-core/src/main/java/org/apache/sshd/server/ServerFactoryManager.java,73.0,5.0,21.0,7.0,0.0,19.0,4.0,gnodet@apache.org,1,0.0,0.0,0.0,0.0,0.0,1274.591836734694,43171.34609706431,1,1,0.02564243061333767,false
sshd-core/src/main/java/org/apache/sshd/server/auth/UserAuthKeyboardInteractive.java,49.0,7.0,1.0,2.0,13.0,9.0,26.0,gnodet@apache.org,1,0.005076142131979695,12.0,12.0,12.0,25.0,1274.591836734694,43171.34609706431,1,0,0.02564243061333767,false
sshd-core/src/main/java/org/apache/sshd/server/auth/UserAuthPublicKey.java,66.0,11.0,0.0,1.0,27.0,5.0,24.0,gnodet@apache.org,1,0.005076142131979695,6.0,6.0,12.0,18.0,1274.591836734694,43171.34609706431,1,0,0.02564243061333767,false
sshd-core/src/main/java/org/apache/sshd/server/auth/gss/UserAuthGSS.java,158.0,13.0,6.0,5.0,28.0,24.0,28.0,gnodet@apache.org,1,0.005076142131979695,0.0,9.0,9.0,9.0,1274.591836734694,43171.34609706431,1,0,0.02564243061333767,false
sshd-core/src/main/java/org/apache/sshd/server/channel/AbstractServerChannel.java,37.0,6.0,10.0,5.0,11.0,11.0,37.0,gnodet@apache.org,1,0.005076142131979695,0.0,8.0,8.0,0.0,1274.591836734694,43171.34609706431,1,3,0.02564243061333767,false
sshd-core/src/main/java/org/apache/sshd/server/channel/ChannelSession.java,423.0,39.0,297.0,27.0,138.0,88.0,23.0,gnodet@apache.org,1,0.005076142131979695,0.0,2.0,3.0,2.0,1274.591836734694,43171.34609706431,1,5,0.02564243061333767,false
sshd-core/src/main/java/org/apache/sshd/server/command/ScpCommand.java,115.0,15.0,24.0,9.0,19.0,21.0,0.0,gnodet@apache.org,0,0.0,0.0,0.0,0.0,0.0,0.0,0.0,0,3,0.0,false
sshd-core/src/main/java/org/apache/sshd/server/command/ScpCommandFactory.java,33.0,4.0,1.0,3.0,2.0,7.0,0.0,gnodet@apache.org,0,0.0,0.0,0.0,0.0,0.0,0.0,0.0,0,2,0.0,false
sshd-core/src/main/java/org/apache/sshd/server/command/UnknownCommand.java,35.0,6.0,15.0,7.0,4.0,9.0,0.0,gnodet@apache.org,0,0.0,0.0,0.0,0.0,0.0,0.0,0.0,0,0,0.0,false
sshd-core/src/main/java/org/apache/sshd/server/global/CancelTcpipForwardHandler.java,20.0,5.0,0.0,1.0,9.0,5.0,26.0,lgoldstein@vmware.com,1,0.005076142131979695,0.0,33.0,17.0,0.0,1274.591836734694,43171.34609706431,1,0,0.02564243061333767,false
sshd-core/src/main/java/org/apache/sshd/server/global/KeepAliveHandler.java,12.0,4.0,0.0,1.0,1.0,4.0,15.0,lgoldstein@vmware.com,1,0.005076142131979695,0.0,25.0,0.0,0.0,1274.591836734694,43171.34609706431,1,0,0.02564243061333767,false
sshd-core/src/main/java/org/apache/sshd/server/global/NoMoreSessionsHandler.java,13.0,4.0,0.0,1.0,2.0,4.0,15.0,lgoldstein@vmware.com,1,0.005076142131979695,0.0,25.0,0.0,0.0,1274.591836734694,43171.34609706431,1,0,0.02564243061333767,false
sshd-core/src/main/java/org/apache/sshd/server/global/TcpipForwardHandler.java,21.0,5.0,0.0,1.0,10.0,5.0,26.0,lgoldstein@vmware.com,1,0.005076142131979695,0.0,33.0,17.0,0.0,1274.591836734694,43171.34609706431,1,0,0.02564243061333767,false
sshd-core/src/main/java/org/apache/sshd/server/kex/AbstractDHGServer.java,95.0,15.0,7.0,7.0,35.0,17.0,28.0,gnodet@apache.org,1,0.005076142131979695,10.0,10.0,20.0,10.0,1274.591836734694,43171.34609706431,1,0,0.02564243061333767,true
sshd-core/src/main/java/org/apache/sshd/server/kex/DHG1.java,20.0,5.0,0.0,1.0,4.0,3.0,34.0,gnodet@apache.org,1,0.005076142131979695,20.0,20.0,0.0,0.0,1274.591836734694,43171.34609706431,1,1,0.02564243061333767,true
sshd-core/src/main/java/org/apache/sshd/server/kex/DHG14.java,20.0,5.0,0.0,1.0,4.0,3.0,34.0,gnodet@apache.org,1,0.005076142131979695,20.0,20.0,0.0,0.0,1274.591836734694,43171.34609706431,1,1,0.02564243061333767,true
sshd-core/src/main/java/org/apache/sshd/server/kex/DHGEX.java,166.0,22.0,8.0,8.0,58.0,24.0,21.0,gnodet@apache.org,1,0.005076142131979695,8.0,17.0,25.0,8.0,1274.591836734694,43171.34609706431,1,0,0.02564243061333767,true
sshd-core/src/main/java/org/apache/sshd/server/kex/DHGEX256.java,20.0,5.0,0.0,1.0,2.0,3.0,14.0,gnodet@apache.org,1,0.005076142131979695,50.0,50.0,0.0,0.0,1274.591836734694,43171.34609706431,1,0,0.02564243061333767,true
sshd-core/src/main/java/org/apache/sshd/server/kex/ECDHP256.java,19.0,5.0,0.0,1.0,1.0,3.0,34.0,gnodet@apache.org,1,0.005076142131979695,50.0,50.0,0.0,0.0,1274.591836734694,43171.34609706431,1,0,0.02564243061333767,true
sshd-core/src/main/java/org/apache/sshd/server/kex/ECDHP384.java,19.0,5.0,0.0,1.0,1.0,3.0,34.0,gnodet@apache.org,1,0.005076142131979695,50.0,50.0,0.0,0.0,1274.591836734694,43171.34609706431,1,0,0.02564243061333767,true
sshd-core/src/main/java/org/apache/sshd/server/kex/ECDHP521.java,19.0,5.0,0.0,1.0,1.0,3.0,34.0,gnodet@apache.org,1,0.005076142131979695,50.0,50.0,0.0,0.0,1274.591836734694,43171.34609706431,1,0,0.02564243061333767,true
sshd-core/src/main/java/org/apache/sshd/server/kex/Moduli.java,53.0,7.0,1.0,2.0,8.0,6.0,14.0,gnodet@apache.org,1,0.005076142131979695,100.0,100.0,0.0,0.0,1274.591836734694,43171.34609706431,1,0,0.02564243061333767,true
sshd-core/src/main/java/org/apache/sshd/server/keyprovider/AbstractGeneratorHostKeyProvider.java,125.0,12.0,75.0,19.0,17.0,37.0,19.0,gnodet@apache.org,1,0.005076142131979695,10.0,10.0,0.0,0.0,1274.591836734694,43171.34609706431,1,2,0.02564243061333767,true
sshd-core/src/main/java/org/apache/sshd/server/keyprovider/PEMGeneratorHostKeyProvider.java,26.0,7.0,15.0,6.0,3.0,9.0,4.0,gnodet@apache.org,1,0.005076142131979695,25.0,0.0,0.0,0.0,1274.591836734694,43171.34609706431,1,0,0.02564243061333767,false
sshd-core/src/main/java/org/apache/sshd/server/session/ServerConnectionService.java,30.0,6.0,3.0,3.0,3.0,9.0,21.0,lgoldstein@vmware.com,1,0.005076142131979695,0.0,25.0,0.0,0.0,1274.591836734694,43171.34609706431,1,0,0.02564243061333767,false
sshd-core/src/main/java/org/apache/sshd/server/session/ServerSession.java,107.0,11.0,99.0,15.0,35.0,39.0,9.0,gnodet@apache.org,1,0.005076142131979695,3.0,3.0,6.0,6.0,1274.591836734694,43171.34609706431,1,8,0.13704871822403408,false
sshd-core/src/main/java/org/apache/sshd/server/session/ServerSessionTimeoutListener.java,28.0,6.0,0.0,4.0,4.0,8.0,6.0,gnodet@apache.org,1,0.005076142131979695,20.0,20.0,20.0,20.0,1274.591836734694,43171.34609706431,1,0,0.6060143427497711,false
sshd-core/src/main/java/org/apache/sshd/server/session/ServerUserAuthService.java,195.0,20.0,3.0,6.0,46.0,20.0,26.0,gnodet@apache.org,1,0.005076142131979695,7.0,14.0,14.0,21.0,1274.591836734694,43171.34609706431,1,0,0.02564243061333767,false
sshd-core/src/main/java/org/apache/sshd/server/session/SessionFactory.java,14.0,4.0,0.0,2.0,0.0,4.0,0.0,gnodet@apache.org,0,0.0,0.0,0.0,0.0,0.0,0.0,0.0,0,0,0.0,false
sshd-core/src/main/java/org/apache/sshd/server/sftp/SftpSubsystem.java,1065.0,30.0,319.0,27.0,149.0,76.0,4.0,gnodet@apache.org,1,0.0,0.0,0.0,1.0,0.0,1274.591836734694,43171.34609706431,1,15,0.02564243061333767,false
sshd-core/src/main/java/org/apache/sshd/server/shell/InvertedShellWrapper.java,114.0,11.0,19.0,15.0,24.0,27.0,3.0,gnodet@apache.org,1,0.0,0.0,0.0,7.0,0.0,1274.591836734694,43171.34609706431,1,0,0.02564243061333767,false
sshd-core/src/main/java/org/apache/sshd/server/x11/X11ForwardSupport.java,147.0,22.0,16.0,8.0,33.0,24.0,28.0,gnodet@apache.org,1,0.005076142131979695,0.0,15.0,5.0,0.0,1274.591836734694,43171.34609706431,1,3,0.02564243061333767,false
sshd-core/src/test/java/org/apache/sshd/AbstractSessionTest.java,73.0,8.0,0.0,8.0,22.0,18.0,22.0,gnodet@apache.org,1,0.005076142131979695,12.0,0.0,12.0,0.0,1274.591836734694,43171.34609706431,1,0,0.02564243061333767,false
sshd-core/src/test/java/org/apache/sshd/AgentTest.java,110.0,27.0,1.0,2.0,58.0,10.0,24.0,gnodet@apache.org,1,0.005076142131979695,6.0,11.0,0.0,0.0,1274.591836734694,43171.34609706431,1,0,0.02564243061333767,true
sshd-core/src/test/java/org/apache/sshd/AuthenticationTest.java,76.0,18.0,0.0,7.0,64.0,18.0,17.0,gnodet@apache.org,1,0.005076142131979695,6.0,6.0,19.0,6.0,1274.591836734694,43171.34609706431,1,0,0.02564243061333767,false
sshd-core/src/test/java/org/apache/sshd/CipherTest.java,103.0,22.0,51.0,11.0,56.0,31.0,14.0,gnodet@apache.org,1,0.005076142131979695,0.0,17.0,8.0,17.0,1274.591836734694,43171.34609706431,1,0,0.02564243061333767,false
sshd-core/src/test/java/org/apache/sshd/ClientTest.java,294.0,36.0,0.0,16.0,205.0,46.0,25.0,gnodet@apache.org,1,0.005076142131979695,3.0,5.0,8.0,5.0,1274.591836734694,43171.34609706431,1,1,0.02564243061333767,false
sshd-core/src/test/java/org/apache/sshd/CompressionTest.java,64.0,19.0,9.0,6.0,33.0,14.0,15.0,gnodet@apache.org,1,0.005076142131979695,8.0,17.0,8.0,33.0,1274.591836734694,43171.34609706431,1,0,0.1835242619626561,false
sshd-core/src/test/java/org/apache/sshd/KeepAliveTest.java,83.0,13.0,0.0,5.0,56.0,12.0,18.0,gnodet@apache.org,1,0.005076142131979695,0.0,7.0,7.0,14.0,1274.591836734694,43171.34609706431,1,0,0.02564243061333767,false
sshd-core/src/test/java/org/apache/sshd/KexTest.java,78.0,24.0,41.0,10.0,43.0,23.0,22.0,gnodet@apache.org,1,0.005076142131979695,17.0,17.0,0.0,0.0,1274.591836734694,43171.34609706431,1,0,0.02564243061333767,true
sshd-core/src/test/java/org/apache/sshd/KeyReExchangeTest.java,77.0,30.0,0.0,4.0,46.0,12.0,13.0,gnodet@apache.org,1,0.005076142131979695,10.0,0.0,20.0,0.0,1274.591836734694,43171.34609706431,1,0,0.02564243061333767,false
sshd-core/src/test/java/org/apache/sshd/LoadTest.java,84.0,26.0,24.0,8.0,52.0,23.0,17.0,gnodet@apache.org,1,0.005076142131979695,0.0,5.0,10.0,10.0,1274.591836734694,43171.34609706431,1,2,0.02564243061333767,false
sshd-core/src/test/java/org/apache/sshd/PortForwardingLoadTest.java,277.0,43.0,58.0,12.0,153.0,44.0,19.0,gnodet@apache.org,1,0.005076142131979695,0.0,10.0,0.0,10.0,1274.591836734694,43171.34609706431,1,0,0.02564243061333767,false
sshd-core/src/test/java/org/apache/sshd/PortForwardingTest.java,231.0,32.0,41.0,15.0,149.0,47.0,16.0,gnodet@apache.org,1,0.005076142131979695,0.0,4.0,0.0,4.0,1274.591836734694,43171.34609706431,1,2,0.02564243061333767,false
sshd-core/src/test/java/org/apache/sshd/ScpTest.java,450.0,31.0,0.0,22.0,253.0,65.0,13.0,gnodet@apache.org,1,0.005076142131979695,3.0,3.0,6.0,6.0,1274.591836734694,43171.34609706431,1,2,0.02564243061333767,false
sshd-core/src/test/java/org/apache/sshd/ServerTest.java,153.0,28.0,12.0,13.0,86.0,30.0,17.0,gnodet@apache.org,1,0.005076142131979695,4.0,0.0,7.0,4.0,1274.591836734694,43171.34609706431,1,1,0.02564243061333767,false
sshd-core/src/test/java/org/apache/sshd/SftpTest.java,166.0,31.0,0.0,10.0,92.0,31.0,14.0,gnodet@apache.org,1,0.005076142131979695,0.0,3.0,5.0,5.0,1274.591836734694,43171.34609706431,1,2,0.02564243061333767,false
sshd-core/src/test/java/org/apache/sshd/SpringConfigTest.java,31.0,11.0,0.0,3.0,14.0,8.0,24.0,lgoldstein@vmware.com,1,0.005076142131979695,0.0,20.0,0.0,20.0,1274.591836734694,43171.34609706431,1,0,0.02564243061333767,false
sshd-core/src/test/java/org/apache/sshd/SshServerTest.java,35.0,8.0,6.0,4.0,20.0,8.0,20.0,gnodet@apache.org,1,0.0,0.0,14.0,0.0,14.0,1274.591836734694,43171.34609706431,1,0,0.6060143427497711,false
sshd-core/src/test/java/org/apache/sshd/WelcomeBannerTest.java,39.0,10.0,6.0,5.0,25.0,12.0,22.0,gnodet@apache.org,1,0.0,0.0,0.0,10.0,10.0,1274.591836734694,43171.34609706431,1,0,0.02564243061333767,false
sshd-core/src/test/java/org/apache/sshd/common/file/nativefs/NativeSshFileTest.java,14.0,2.0,0.0,1.0,2.0,1.0,18.0,gnodet@apache.org,1,0.0,0.0,0.0,20.0,0.0,1274.591836734694,43171.34609706431,1,0,0.02564243061333767,false
sshd-core/src/test/java/org/apache/sshd/common/file/virtualfs/VirtualFileSystemTest.java,53.0,12.0,1.0,2.0,13.0,3.0,15.0,gnodet@apache.org,1,0.005076142131979695,14.0,0.0,43.0,0.0,1274.591836734694,43171.34609706431,1,0,0.02564243061333767,false
sshd-core/src/test/java/org/apache/sshd/common/future/FutureTest.java,21.0,2.0,1.0,2.0,8.0,6.0,24.0,lgoldstein@vmware.com,1,0.005076142131979695,0.0,25.0,0.0,25.0,1274.591836734694,43171.34609706431,1,0,0.02564243061333767,false
sshd-core/src/test/java/org/apache/sshd/server/keyprovider/PEMGeneratorHostKeyProviderTest.java,105.0,7.0,10.0,5.0,53.0,11.0,17.0,gnodet@apache.org,1,0.005076142131979695,14.0,14.0,0.0,0.0,1274.591836734694,43171.34609706431,1,1,0.02564243061333767,true
sshd-core/src/test/java/org/apache/sshd/server/keyprovider/SimpleGeneratorHostKeyProviderTest.java,105.0,7.0,10.0,5.0,53.0,11.0,24.0,lgoldstein@vmware.com,1,0.005076142131979695,10.0,20.0,0.0,0.0,1274.591836734694,43171.34609706431,1,0,0.02564243061333767,true
sshd-core/src/test/java/org/apache/sshd/util/EchoShellFactory.java,73.0,10.0,0.0,1.0,0.0,2.0,0.0,gnodet@apache.org,0,0.0,0.0,0.0,0.0,0.0,0.0,0.0,0,1,0.0,false
sshd-core/src/test/java/org/apache/sshd/util/JSchLogger.java,43.0,3.0,1.0,3.0,9.0,7.0,18.0,lgoldstein@vmware.com,1,0.005076142131979695,0.0,33.0,0.0,33.0,1274.591836734694,43171.34609706431,1,0,0.02564243061333767,false
sshd-core/src/test/java/org/apache/sshd/util/SimpleUserInfo.java,30.0,2.0,22.0,8.0,0.0,14.0,18.0,lgoldstein@vmware.com,1,0.005076142131979695,0.0,50.0,0.0,50.0,1274.591836734694,43171.34609706431,1,0,0.02564243061333767,false
sshd-core/src/test/java/org/apache/sshd/util/Utils.java,41.0,7.0,10.0,5.0,12.0,13.0,21.0,gnodet@apache.org,1,0.005076142131979695,11.0,33.0,0.0,11.0,1274.591836734694,43171.34609706431,1,0,0.02564243061333767,true
sshd-git/src/main/java/org/apache/sshd/git/GitCommand.java,122.0,14.0,26.0,9.0,21.0,22.0,0.0,gnodet@apache.org,0,0.0,0.0,0.0,0.0,0.0,0.0,0.0,0,0,0.0,false
sshd-git/src/main/java/org/apache/sshd/git/GitCommandFactory.java,23.0,3.0,1.0,3.0,4.0,6.0,0.0,gnodet@apache.org,0,0.0,0.0,0.0,0.0,0.0,0.0,0.0,0,0,0.0,false
sshd-git/src/test/java/org/apache/sshd/git/GitServerTest.java,28.0,12.0,3.0,3.0,19.0,10.0,0.0,gnodet@apache.org,0,0.0,0.0,0.0,0.0,0.0,0.0,0.0,0,0,0.0,false
sshd-git/src/test/java/org/apache/sshd/git/util/BogusPasswordAuthenticator.java,9.0,2.0,0.0,1.0,1.0,3.0,0.0,gnodet@apache.org,0,0.0,0.0,0.0,0.0,0.0,0.0,0.0,0,0,0.0,false
sshd-git/src/test/java/org/apache/sshd/git/util/EchoShellFactory.java,71.0,9.0,0.0,1.0,0.0,2.0,0.0,gnodet@apache.org,0,0.0,0.0,0.0,0.0,0.0,0.0,0.0,0,0,0.0,false
sshd-git/src/test/java/org/apache/sshd/git/util/Utils.java,28.0,5.0,6.0,4.0,9.0,10.0,21.0,gnodet@apache.org,0,0.0,0.0,0.0,0.0,0.0,0.0,0.0,0,0,0.0,false
sshd-sftp/src/main/java/org/apache/sshd/sftp/reply/SshFxpStatusReply.java,119.0,3.0,3.0,7.0,1.0,16.0,0.0,gnodet@apache.org,0,0.0,0.0,0.0,0.0,0.0,0.0,0.0,0,0,0.0,false
sshd-sftp/src/test/java/org/apache/sshd/sftp/SftpTest.java,133.0,27.0,9.0,10.0,75.0,30.0,14.0,gnodet@apache.org,1,0.005076142131979695,0.0,14.0,14.0,29.0,1274.591836734694,43171.34609706431,1,2,0.02564243061333767,false
sshd-sftp/src/test/java/org/apache/sshd/sftp/util/JSchLogger.java,43.0,3.0,1.0,3.0,9.0,7.0,18.0,gnodet@apache.org,1,0.005076142131979695,0.0,50.0,0.0,50.0,1274.591836734694,43171.34609706431,1,0,0.02564243061333767,false
sshd-sftp/src/test/java/org/apache/sshd/sftp/util/SimpleUserInfo.java,30.0,2.0,22.0,8.0,0.0,14.0,18.0,gnodet@apache.org,1,0.005076142131979695,0.0,50.0,0.0,50.0,1274.591836734694,43171.34609706431,1,0,0.02564243061333767,false
