name,LOC,CBO,LCOM,NOM,RFC,WMC,ACS,Ownership,numOfChanges,numberOfFIChanges,ENH,NF,BugFixing,REF,structuralWorkloadSum,semanticWorkloadSum,numberOfDeveloper,pastFaults,MAF,isBuggy
sshd-core/src/main/java/org/apache/sshd/ClientSession.java,110.0,15.0,300.0,25.0,0.0,50.0,5.0,gnodet@apache.org,1,0.010526315789473684,10.0,3.0,3.0,0.0,811.1452991452992,22902.326808014957,1,3,0.0,false
sshd-core/src/main/java/org/apache/sshd/SshBuilder.java,235.0,53.0,1.0,2.0,0.0,4.0,2.0,gnodet@apache.org,1,0.010526315789473684,7.0,14.0,14.0,0.0,811.1452991452992,22902.326808014957,1,0,0.0,false
sshd-core/src/main/java/org/apache/sshd/SshClient.java,345.0,55.0,360.0,28.0,112.0,70.0,7.0,gnodet@apache.org,1,0.010526315789473684,9.0,7.0,5.0,2.0,811.1452991452992,22902.326808014957,1,4,0.0,true
sshd-core/src/main/java/org/apache/sshd/SshServer.java,358.0,49.0,971.0,46.0,97.0,101.0,11.0,gnodet@apache.org,1,0.010526315789473684,3.0,4.0,1.0,0.0,811.1452991452992,22902.326808014957,1,5,0.0,true
sshd-core/src/main/java/org/apache/sshd/agent/common/AbstractAgentClient.java,96.0,15.0,8.0,5.0,39.0,15.0,0.0,lgoldstein@vmware.com,0,0.0,0.0,0.0,0.0,0.0,0.0,0.0,0,1,0.0,false
sshd-core/src/main/java/org/apache/sshd/agent/common/AgentForwardSupport.java,40.0,5.0,2.0,5.0,10.0,11.0,36.0,lgoldstein@vmware.com,1,0.0,0.0,0.0,0.0,0.0,811.1452991452992,22902.326808014957,1,1,0.0,false
sshd-core/src/main/java/org/apache/sshd/agent/local/AgentForwardedChannel.java,61.0,10.0,19.0,7.0,23.0,19.0,36.0,gnodet@apache.org,1,0.0,0.0,0.0,0.0,0.0,811.1452991452992,22902.326808014957,1,2,0.0,false
sshd-core/src/main/java/org/apache/sshd/agent/unix/AgentForwardedChannel.java,46.0,6.0,0.0,5.0,11.0,15.0,36.0,gnodet@apache.org,1,0.0,0.0,0.0,0.0,0.0,811.1452991452992,22902.326808014957,1,4,0.0,false
sshd-core/src/main/java/org/apache/sshd/agent/unix/AgentServer.java,97.0,9.0,1.0,7.0,17.0,17.0,0.0,lgoldstein@vmware.com,0,0.0,0.0,0.0,0.0,0.0,0.0,0.0,0,1,0.0,false
sshd-core/src/main/java/org/apache/sshd/agent/unix/AgentServerProxy.java,146.0,13.0,0.0,5.0,38.0,26.0,0.0,lgoldstein@vmware.com,0,0.0,0.0,0.0,0.0,0.0,0.0,0.0,0,0,0.0,false
sshd-core/src/main/java/org/apache/sshd/client/SftpClient.java,117.0,4.0,270.0,24.0,0.0,48.0,2.0,gnodet@apache.org,1,0.010526315789473684,8.0,0.0,8.0,0.0,811.1452991452992,22902.326808014957,1,1,0.0,false
sshd-core/src/main/java/org/apache/sshd/client/SftpException.java,17.0,1.0,0.0,3.0,1.0,5.0,0.0,lgoldstein@vmware.com,0,0.0,0.0,0.0,0.0,0.0,0.0,0.0,0,1,0.0,false
sshd-core/src/main/java/org/apache/sshd/client/auth/UserAuthKeyboardInteractive.java,102.0,16.0,1.0,3.0,23.0,12.0,4.0,gnodet@apache.org,1,0.010526315789473684,7.0,0.0,0.0,0.0,811.1452991452992,22902.326808014957,1,2,0.0,false
sshd-core/src/main/java/org/apache/sshd/client/auth/deprecated/UserAuthAgent.java,84.0,8.0,0.0,3.0,30.0,12.0,0.0,gnodet@apache.org,0,0.0,0.0,0.0,0.0,0.0,0.0,0.0,0,1,0.0,false
sshd-core/src/main/java/org/apache/sshd/client/auth/deprecated/UserAuthPublicKey.java,68.0,12.0,0.0,2.0,25.0,8.0,0.0,gnodet@apache.org,0,0.0,0.0,0.0,0.0,0.0,0.0,0.0,0,1,0.0,false
sshd-core/src/main/java/org/apache/sshd/client/channel/AbstractClientChannel.java,246.0,18.0,239.0,27.0,46.0,67.0,20.0,gnodet@apache.org,1,0.0,0.0,0.0,0.0,0.0,811.1452991452992,22902.326808014957,1,8,0.0,false
sshd-core/src/main/java/org/apache/sshd/client/channel/ChannelDirectTcpip.java,60.0,14.0,2.0,4.0,15.0,14.0,36.0,gnodet@apache.org,1,0.0,0.0,0.0,0.0,0.0,811.1452991452992,22902.326808014957,1,3,0.0,false
sshd-core/src/main/java/org/apache/sshd/client/channel/ChannelSession.java,98.0,9.0,19.0,7.0,21.0,24.0,21.0,gnodet@apache.org,1,0.010526315789473684,5.0,5.0,0.0,0.0,811.1452991452992,22902.326808014957,1,6,0.0,false
sshd-core/src/main/java/org/apache/sshd/client/kex/AbstractDHGClient.java,86.0,15.0,9.0,7.0,27.0,17.0,0.0,gnodet@apache.org,0,0.0,0.0,0.0,0.0,0.0,0.0,0.0,0,4,0.0,true
sshd-core/src/main/java/org/apache/sshd/client/kex/DHGEX.java,130.0,16.0,9.0,7.0,31.0,18.0,0.0,gnodet@apache.org,0,0.0,0.0,0.0,0.0,0.0,0.0,0.0,0,3,0.0,true
sshd-core/src/main/java/org/apache/sshd/client/session/ClientSessionImpl.java,277.0,38.0,786.0,41.0,84.0,113.0,6.0,gnodet@apache.org,1,0.010526315789473684,7.0,2.0,0.0,0.0,811.1452991452992,22902.326808014957,1,7,0.0,false
sshd-core/src/main/java/org/apache/sshd/client/session/ClientUserAuthService.java,81.0,11.0,0.0,7.0,8.0,24.0,36.0,gnodet@apache.org,1,0.0,0.0,0.0,0.0,0.0,811.1452991452992,22902.326808014957,1,2,0.0,false
sshd-core/src/main/java/org/apache/sshd/client/sftp/DefaultSftpClient.java,692.0,18.0,0.0,56.0,209.0,203.0,5.0,gnodet@apache.org,1,0.010526315789473684,9.0,4.0,17.0,0.0,811.1452991452992,22902.326808014957,1,4,0.0,false
sshd-core/src/main/java/org/apache/sshd/common/AbstractFactoryManager.java,181.0,12.0,776.0,41.0,19.0,67.0,24.0,gnodet@apache.org,1,0.010526315789473684,4.0,4.0,0.0,0.0,811.1452991452992,22902.326808014957,1,1,0.0,false
sshd-core/src/main/java/org/apache/sshd/common/SessionListener.java,25.0,0.0,3.0,3.0,0.0,3.0,0.0,gnodet@apache.org,0,0.0,0.0,0.0,0.0,0.0,0.0,0.0,0,1,0.0,false
sshd-core/src/main/java/org/apache/sshd/common/channel/AbstractChannel.java,222.0,18.0,186.0,24.0,56.0,57.0,36.0,gnodet@apache.org,1,0.0,0.0,0.0,0.0,0.0,811.1452991452992,22902.326808014957,1,6,0.0,true
sshd-core/src/main/java/org/apache/sshd/common/channel/ChannelAsyncInputStream.java,124.0,12.0,0.0,7.0,19.0,18.0,36.0,lgoldstein@vmware.com,1,0.0,0.0,0.0,0.0,0.0,811.1452991452992,22902.326808014957,1,0,0.0,false
sshd-core/src/main/java/org/apache/sshd/common/channel/ChannelAsyncOutputStream.java,112.0,13.0,3.0,7.0,33.0,19.0,36.0,lgoldstein@vmware.com,1,0.0,0.0,0.0,0.0,0.0,811.1452991452992,22902.326808014957,1,0,0.0,false
sshd-core/src/main/java/org/apache/sshd/common/cipher/AES192CTR.java,20.0,2.0,0.0,1.0,0.0,1.0,3.0,gnodet@apache.org,1,0.010526315789473684,33.0,33.0,0.0,0.0,811.1452991452992,22902.326808014957,1,0,0.0,false
sshd-core/src/main/java/org/apache/sshd/common/cipher/ARCFOUR128.java,20.0,2.0,0.0,1.0,0.0,1.0,8.0,gnodet@apache.org,1,0.0,0.0,0.0,0.0,0.0,811.1452991452992,22902.326808014957,1,0,0.0,true
sshd-core/src/main/java/org/apache/sshd/common/cipher/ARCFOUR256.java,20.0,2.0,0.0,1.0,0.0,1.0,8.0,gnodet@apache.org,1,0.0,0.0,0.0,0.0,0.0,811.1452991452992,22902.326808014957,1,0,0.0,true
sshd-core/src/main/java/org/apache/sshd/common/cipher/BaseCipher.java,46.0,4.0,3.0,6.0,5.0,15.0,8.0,gnodet@apache.org,1,0.0,0.0,0.0,0.0,0.0,811.1452991452992,22902.326808014957,1,0,0.0,true
sshd-core/src/main/java/org/apache/sshd/common/cipher/BaseRC4Cipher.java,24.0,2.0,1.0,2.0,4.0,5.0,8.0,gnodet@apache.org,1,0.0,0.0,0.0,0.0,0.0,811.1452991452992,22902.326808014957,1,0,0.0,true
sshd-core/src/main/java/org/apache/sshd/common/compression/CompressionZlib.java,53.0,7.0,4.0,5.0,13.0,11.0,0.0,lgoldstein@vmware.com,0,0.0,0.0,0.0,0.0,0.0,0.0,0.0,0,0,0.0,false
sshd-core/src/main/java/org/apache/sshd/common/file/nativefs/NativeSshFile.java,510.0,24.0,69.0,39.0,124.0,128.0,5.0,gnodet@apache.org,1,0.0,0.0,0.0,9.0,0.0,811.1452991452992,22902.326808014957,1,3,0.0,false
sshd-core/src/main/java/org/apache/sshd/common/file/nativefs/NativeSshFileNio.java,249.0,23.0,78.0,13.0,54.0,52.0,3.0,gnodet@apache.org,1,0.010526315789473684,0.0,0.0,22.0,0.0,811.1452991452992,22902.326808014957,1,2,0.0,false
sshd-core/src/main/java/org/apache/sshd/common/forward/DefaultTcpipForwarder.java,171.0,24.0,18.0,17.0,91.0,52.0,15.0,gnodet@apache.org,1,0.010526315789473684,5.0,0.0,0.0,0.0,811.1452991452992,22902.326808014957,1,5,0.0,false
sshd-core/src/main/java/org/apache/sshd/common/forward/TcpipClientChannel.java,65.0,16.0,3.0,6.0,20.0,17.0,36.0,gnodet@apache.org,1,0.0,0.0,0.0,0.0,0.0,811.1452991452992,22902.326808014957,1,4,0.0,false
sshd-core/src/main/java/org/apache/sshd/common/forward/TcpipServerChannel.java,134.0,22.0,65.0,14.0,59.0,34.0,19.0,gnodet@apache.org,1,0.0,0.0,0.0,4.0,0.0,811.1452991452992,22902.326808014957,1,3,0.0,false
sshd-core/src/main/java/org/apache/sshd/common/future/DefaultSshFuture.java,234.0,4.0,109.0,19.0,30.0,59.0,1.0,gnodet@apache.org,1,0.0,0.0,0.0,0.0,0.0,811.1452991452992,22902.326808014957,1,0,0.0,false
sshd-core/src/main/java/org/apache/sshd/common/io/mina/MinaService.java,55.0,16.0,46.0,12.0,25.0,23.0,3.0,gnodet@apache.org,1,0.0,0.0,0.0,8.0,0.0,811.1452991452992,22902.326808014957,1,2,0.0,false
sshd-core/src/main/java/org/apache/sshd/common/io/nio2/Nio2Service.java,34.0,13.0,0.0,5.0,13.0,10.0,21.0,gnodet@apache.org,1,0.0,0.0,0.0,0.0,0.0,811.1452991452992,22902.326808014957,1,2,0.0,false
sshd-core/src/main/java/org/apache/sshd/common/io/nio2/Nio2Session.java,231.0,21.0,147.0,22.0,82.0,61.0,36.0,gnodet@apache.org,1,0.0,0.0,0.0,0.0,0.0,811.1452991452992,22902.326808014957,1,3,0.0,false
sshd-core/src/main/java/org/apache/sshd/common/session/AbstractConnectionService.java,337.0,34.0,225.0,26.0,106.0,73.0,13.0,gnodet@apache.org,1,0.0,0.0,0.0,0.0,0.0,811.1452991452992,22902.326808014957,1,2,0.0,false
sshd-core/src/main/java/org/apache/sshd/common/session/AbstractSession.java,946.0,41.0,1662.0,61.0,202.0,196.0,17.0,gnodet@apache.org,1,0.010526315789473684,2.0,2.0,0.0,0.0,811.1452991452992,22902.326808014957,1,12,0.0,false
sshd-core/src/main/java/org/apache/sshd/common/signature/SignatureECDSA.java,117.0,8.0,6.0,4.0,10.0,14.0,0.0,lgoldstein@vmware.com,0,0.0,0.0,0.0,0.0,0.0,0.0,0.0,0,1,0.0,true
sshd-core/src/main/java/org/apache/sshd/common/util/CloseableUtils.java,293.0,17.0,1.0,2.0,1.0,3.0,36.0,lgoldstein@vmware.com,1,0.0,0.0,0.0,0.0,0.0,811.1452991452992,22902.326808014957,1,1,0.0,false
sshd-core/src/main/java/org/apache/sshd/common/util/KeyUtils.java,54.0,10.0,6.0,4.0,12.0,10.0,0.0,lgoldstein@vmware.com,0,0.0,0.0,0.0,0.0,0.0,0.0,0.0,0,1,0.0,false
sshd-core/src/main/java/org/apache/sshd/server/auth/CachingPublicKeyAuthenticator.java,32.0,8.0,6.0,5.0,6.0,7.0,0.0,lgoldstein@vmware.com,0,0.0,0.0,0.0,0.0,0.0,0.0,0.0,0,0,0.0,false
sshd-core/src/main/java/org/apache/sshd/server/auth/UserAuthPublicKey.java,65.0,7.0,0.0,1.0,25.0,6.0,0.0,gnodet@apache.org,0,0.0,0.0,0.0,0.0,0.0,0.0,0.0,0,3,0.0,false
sshd-core/src/main/java/org/apache/sshd/server/channel/ChannelSession.java,461.0,41.0,260.0,25.0,132.0,83.0,21.0,gnodet@apache.org,1,0.010526315789473684,2.0,2.0,0.0,0.0,811.1452991452992,22902.326808014957,1,8,0.0,false
sshd-core/src/main/java/org/apache/sshd/server/channel/PuttyRequestHandler.java,26.0,5.0,1.0,2.0,8.0,9.0,2.0,lgoldstein@vmware.com,1,0.010526315789473684,33.0,33.0,0.0,0.0,811.1452991452992,22902.326808014957,1,0,0.0,false
sshd-core/src/main/java/org/apache/sshd/server/keyprovider/AbstractGeneratorHostKeyProvider.java,137.0,13.0,108.0,21.0,22.0,43.0,0.0,gnodet@apache.org,0,0.0,0.0,0.0,0.0,0.0,0.0,0.0,0,2,0.0,true
sshd-core/src/main/java/org/apache/sshd/server/session/ServerSession.java,119.0,9.0,112.0,16.0,42.0,43.0,17.0,gnodet@apache.org,1,0.010526315789473684,1.0,1.0,0.0,0.0,811.1452991452992,22902.326808014957,1,12,0.0,false
sshd-core/src/main/java/org/apache/sshd/server/session/ServerSessionTimeoutListener.java,28.0,6.0,0.0,4.0,4.0,8.0,13.0,gnodet@apache.org,1,0.010526315789473684,20.0,20.0,0.0,0.0,811.1452991452992,22902.326808014957,1,1,0.0,false
sshd-core/src/main/java/org/apache/sshd/server/sftp/SftpSubsystem.java,1134.0,30.0,374.0,29.0,155.0,81.0,2.0,gnodet@apache.org,1,0.010526315789473684,0.0,0.0,3.0,0.0,811.1452991452992,22902.326808014957,1,16,0.0,false
sshd-core/src/main/java/org/apache/sshd/server/x11/X11ForwardSupport.java,145.0,17.0,20.0,8.0,37.0,23.0,36.0,gnodet@apache.org,1,0.0,0.0,0.0,0.0,0.0,811.1452991452992,22902.326808014957,1,5,0.0,false
sshd-core/src/test/java/org/apache/sshd/AgentTest.java,114.0,29.0,1.0,2.0,58.0,10.0,14.0,gnodet@apache.org,1,0.0,0.0,0.0,11.0,11.0,811.1452991452992,22902.326808014957,1,0,0.0,true
sshd-core/src/test/java/org/apache/sshd/AuthenticationTest.java,76.0,18.0,0.0,7.0,64.0,18.0,16.0,gnodet@apache.org,1,0.0,0.0,0.0,6.0,12.0,811.1452991452992,22902.326808014957,1,3,0.0,false
sshd-core/src/test/java/org/apache/sshd/CipherTest.java,103.0,23.0,51.0,11.0,56.0,31.0,28.0,gnodet@apache.org,1,0.0,0.0,0.0,8.0,8.0,811.1452991452992,22902.326808014957,1,1,0.0,false
sshd-core/src/test/java/org/apache/sshd/ClientTest.java,566.0,69.0,326.0,44.0,427.0,136.0,14.0,gnodet@apache.org,1,0.010526315789473684,5.0,0.0,5.0,5.0,811.1452991452992,22902.326808014957,1,4,0.0,false
sshd-core/src/test/java/org/apache/sshd/CompressionTest.java,63.0,17.0,9.0,6.0,32.0,14.0,24.0,gnodet@apache.org,1,0.0,0.0,0.0,0.0,8.0,811.1452991452992,22902.326808014957,1,1,0.0,false
sshd-core/src/test/java/org/apache/sshd/EcdsaTest.java,71.0,56.0,3.0,6.0,41.0,21.0,20.0,lgoldstein@vmware.com,1,0.0,0.0,0.0,17.0,17.0,811.1452991452992,22902.326808014957,1,1,0.0,false
sshd-core/src/test/java/org/apache/sshd/KeepAliveTest.java,129.0,14.0,0.0,8.0,103.0,24.0,14.0,gnodet@apache.org,1,0.0,0.0,0.0,14.0,14.0,811.1452991452992,22902.326808014957,1,1,0.0,false
sshd-core/src/test/java/org/apache/sshd/KexTest.java,79.0,25.0,41.0,10.0,44.0,24.0,22.0,gnodet@apache.org,1,0.0,0.0,0.0,33.0,17.0,811.1452991452992,22902.326808014957,1,0,0.0,true
sshd-core/src/test/java/org/apache/sshd/KeyReExchangeTest.java,136.0,23.0,14.0,8.0,83.0,21.0,22.0,gnodet@apache.org,1,0.0,0.0,0.0,20.0,10.0,811.1452991452992,22902.326808014957,1,2,0.0,false
sshd-core/src/test/java/org/apache/sshd/LoadTest.java,89.0,19.0,24.0,8.0,53.0,24.0,22.0,gnodet@apache.org,1,0.0,0.0,0.0,10.0,5.0,811.1452991452992,22902.326808014957,1,4,0.0,false
sshd-core/src/test/java/org/apache/sshd/MacTest.java,110.0,31.0,62.0,12.0,52.0,29.0,28.0,lgoldstein@vmware.com,1,0.0,0.0,0.0,14.0,14.0,811.1452991452992,22902.326808014957,1,0,0.0,false
sshd-core/src/test/java/org/apache/sshd/PortForwardingLoadTest.java,276.0,41.0,58.0,12.0,152.0,44.0,22.0,gnodet@apache.org,1,0.0,0.0,0.0,10.0,20.0,811.1452991452992,22902.326808014957,1,0,0.0,false
sshd-core/src/test/java/org/apache/sshd/PortForwardingTest.java,280.0,31.0,36.0,17.0,189.0,54.0,16.0,gnodet@apache.org,1,0.0,0.0,0.0,9.0,9.0,811.1452991452992,22902.326808014957,1,2,0.0,false
sshd-core/src/test/java/org/apache/sshd/ScpTest.java,484.0,29.0,0.0,23.0,286.0,73.0,22.0,gnodet@apache.org,1,0.0,0.0,0.0,6.0,3.0,811.1452991452992,22902.326808014957,1,4,0.0,false
sshd-core/src/test/java/org/apache/sshd/ServerTest.java,154.0,29.0,12.0,13.0,89.0,31.0,11.0,gnodet@apache.org,1,0.0,0.0,0.0,7.0,4.0,811.1452991452992,22902.326808014957,1,3,0.0,false
sshd-core/src/test/java/org/apache/sshd/SftpTest.java,269.0,35.0,0.0,13.0,162.0,42.0,12.0,gnodet@apache.org,1,0.0,0.0,0.0,13.0,3.0,811.1452991452992,22902.326808014957,1,4,0.0,false
sshd-core/src/test/java/org/apache/sshd/SinglePublicKeyAuthTest.java,92.0,21.0,4.0,8.0,65.0,21.0,16.0,lgoldstein@vmware.com,1,0.0,0.0,0.0,14.0,29.0,811.1452991452992,22902.326808014957,1,0,0.0,false
sshd-core/src/test/java/org/apache/sshd/SshServerTest.java,43.0,10.0,10.0,5.0,27.0,10.0,12.0,gnodet@apache.org,1,0.0,0.0,0.0,0.0,14.0,811.1452991452992,22902.326808014957,1,0,0.0,false
sshd-core/src/test/java/org/apache/sshd/WelcomeBannerTest.java,39.0,10.0,6.0,5.0,25.0,13.0,14.0,gnodet@apache.org,1,0.0,0.0,0.0,20.0,20.0,811.1452991452992,22902.326808014957,1,1,0.0,false
sshd-core/src/test/java/org/apache/sshd/common/cipher/AES192CTRTest.java,12.0,1.0,1.0,2.0,2.0,3.0,3.0,gnodet@apache.org,1,0.010526315789473684,50.0,50.0,0.0,0.0,811.1452991452992,22902.326808014957,1,0,0.0,false
sshd-core/src/test/java/org/apache/sshd/common/cipher/AES256CBCTest.java,12.0,1.0,1.0,2.0,2.0,3.0,8.0,gnodet@apache.org,1,0.0,0.0,0.0,0.0,0.0,811.1452991452992,22902.326808014957,1,0,0.0,true
sshd-core/src/test/java/org/apache/sshd/common/cipher/ARCFOUR128Test.java,11.0,1.0,1.0,2.0,1.0,3.0,8.0,gnodet@apache.org,1,0.0,0.0,0.0,0.0,0.0,811.1452991452992,22902.326808014957,1,0,0.0,true
sshd-core/src/test/java/org/apache/sshd/common/cipher/ARCFOUR256Test.java,12.0,1.0,1.0,2.0,2.0,3.0,8.0,gnodet@apache.org,1,0.0,0.0,0.0,0.0,0.0,811.1452991452992,22902.326808014957,1,0,0.0,true
sshd-core/src/test/java/org/apache/sshd/common/cipher/BaseCipherTest.java,50.0,12.0,6.0,4.0,14.0,13.0,8.0,lgoldstein@vmware.com,1,0.0,0.0,0.0,0.0,0.0,811.1452991452992,22902.326808014957,1,0,0.0,true
sshd-core/src/test/java/org/apache/sshd/common/file/virtualfs/VirtualFileSystemTest.java,51.0,12.0,1.0,2.0,13.0,3.0,36.0,gnodet@apache.org,1,0.0,0.0,0.0,0.0,0.0,811.1452991452992,22902.326808014957,1,3,0.0,false
sshd-core/src/test/java/org/apache/sshd/server/keyprovider/AbstractGeneratorHostKeyProviderTest.java,28.0,9.0,0.0,1.0,5.0,2.0,0.0,pepoirot@atlassian.com,0,0.0,0.0,0.0,0.0,0.0,0.0,0.0,0,1,0.0,false
sshd-core/src/test/java/org/apache/sshd/server/keyprovider/PEMGeneratorHostKeyProviderTest.java,126.0,9.0,10.0,5.0,60.0,15.0,12.0,gnodet@apache.org,1,0.0,0.0,0.0,0.0,7.0,811.1452991452992,22902.326808014957,1,1,0.0,true
sshd-sftp/src/main/java/org/apache/sshd/sftp/subsystem/SftpSubsystem.java,708.0,22.0,767.0,42.0,212.0,150.0,2.0,gnodet@apache.org,0,0.0,0.0,0.0,0.0,0.0,0.0,0.0,0,1,0.0,false
