name,LOC,CBO,LCOM,NOM,RFC,WMC,ACS,Ownership,numOfChanges,numberOfFIChanges,ENH,NF,BugFixing,REF,structuralWorkloadSum,semanticWorkloadSum,numberOfDeveloper,pastFaults,MAF,isBuggy
sshd-core/src/main/java/org/apache/sshd/ClientChannel.java,43.0,8.0,103.0,15.0,0.0,19.0,23.0,gnodet@apache.org,1,0.0,0.0,0.0,0.0,0.0,2310.6430678466077,143669.7874844918,1,2,0.03922071315328127,false
sshd-core/src/main/java/org/apache/sshd/ClientSession.java,123.0,18.0,378.0,28.0,0.0,66.0,82.0,gnodet@apache.org,1,0.0028735632183908046,3.0,0.0,0.0,0.0,2310.6430678466077,143669.7874844918,1,4,0.03922071315328127,false
sshd-core/src/main/java/org/apache/sshd/SshBuilder.java,260.0,44.0,1.0,2.0,0.0,4.0,27.0,gnodet@apache.org,1,0.0028735632183908046,7.0,0.0,0.0,0.0,2310.6430678466077,143669.7874844918,1,2,0.03922071315328127,false
sshd-core/src/main/java/org/apache/sshd/SshClient.java,375.0,54.0,321.0,27.0,119.0,66.0,19.0,gnodet@apache.org,1,0.0028735632183908046,2.0,2.0,2.0,2.0,2310.6430678466077,143669.7874844918,1,7,0.03922071315328127,true
sshd-core/src/main/java/org/apache/sshd/SshServer.java,358.0,47.0,876.0,44.0,97.0,96.0,19.0,gnodet@apache.org,2,0.0028735632183908046,0.0,1.0,0.0,1.0,2354.3573535608934,143805.5545308728,2,6,0.18259345458873355,true
sshd-core/src/main/java/org/apache/sshd/agent/SshAgent.java,25.0,5.0,10.0,5.0,0.0,10.0,23.0,lgoldstein@vmware.com,1,0.0,0.0,0.0,0.0,0.0,2310.6430678466077,143669.7874844918,1,0,0.03922071315328127,false
sshd-core/src/main/java/org/apache/sshd/agent/SshAgentServer.java,6.0,1.0,0.0,1.0,0.0,3.0,23.0,lgoldstein@vmware.com,1,0.0,0.0,0.0,0.0,0.0,2310.6430678466077,143669.7874844918,1,0,0.03922071315328127,false
sshd-core/src/main/java/org/apache/sshd/agent/common/AbstractAgentClient.java,96.0,16.0,8.0,5.0,39.0,15.0,91.0,lgoldstein@vmware.com,1,0.0028735632183908046,20.0,0.0,0.0,0.0,2310.6430678466077,143669.7874844918,1,1,0.03922071315328127,false
sshd-core/src/main/java/org/apache/sshd/agent/common/AbstractAgentProxy.java,73.0,17.0,36.0,9.0,39.0,26.0,61.0,lgoldstein@vmware.com,1,0.0,0.0,0.0,0.0,0.0,2310.6430678466077,143669.7874844918,1,0,0.03922071315328127,false
sshd-core/src/main/java/org/apache/sshd/agent/common/AgentDelegate.java,23.0,5.0,0.0,7.0,5.0,15.0,52.0,lgoldstein@vmware.com,1,0.0028735632183908046,33.0,0.0,0.0,0.0,2310.6430678466077,143669.7874844918,1,0,0.03922071315328127,false
sshd-core/src/main/java/org/apache/sshd/agent/common/AgentForwardSupport.java,45.0,5.0,2.0,5.0,13.0,14.0,52.0,lgoldstein@vmware.com,1,0.0028735632183908046,14.0,0.0,0.0,0.0,2310.6430678466077,143669.7874844918,1,1,0.03922071315328127,false
sshd-core/src/main/java/org/apache/sshd/agent/local/AgentForwardedChannel.java,61.0,11.0,19.0,7.0,23.0,20.0,68.0,gnodet@apache.org,1,0.0,0.0,0.0,0.0,0.0,2310.6430678466077,143669.7874844918,1,2,0.03922071315328127,false
sshd-core/src/main/java/org/apache/sshd/agent/local/AgentImpl.java,111.0,14.0,0.0,8.0,35.0,32.0,52.0,lgoldstein@vmware.com,1,0.0028735632183908046,20.0,0.0,0.0,0.0,2310.6430678466077,143669.7874844918,1,0,0.03922071315328127,true
sshd-core/src/main/java/org/apache/sshd/agent/local/AgentServerProxy.java,38.0,9.0,2.0,4.0,8.0,12.0,31.0,lgoldstein@vmware.com,1,0.0,0.0,0.0,0.0,0.0,2310.6430678466077,143669.7874844918,1,0,0.03922071315328127,false
sshd-core/src/main/java/org/apache/sshd/agent/local/ChannelAgentForwarding.java,68.0,15.0,26.0,8.0,9.0,14.0,68.0,gnodet@apache.org,1,0.0028735632183908046,10.0,0.0,0.0,0.0,2310.6430678466077,143669.7874844918,1,3,0.03922071315328127,false
sshd-core/src/main/java/org/apache/sshd/agent/local/LocalAgentFactory.java,21.0,9.0,3.0,6.0,0.0,12.0,23.0,lgoldstein@vmware.com,1,0.0,0.0,0.0,0.0,0.0,2310.6430678466077,143669.7874844918,1,0,0.03922071315328127,false
sshd-core/src/main/java/org/apache/sshd/agent/local/ProxyAgentFactory.java,35.0,14.0,4.0,5.0,13.0,15.0,42.0,lgoldstein@vmware.com,1,0.0028735632183908046,17.0,0.0,0.0,0.0,2310.6430678466077,143669.7874844918,1,0,0.03922071315328127,false
sshd-core/src/main/java/org/apache/sshd/agent/unix/AgentClient.java,112.0,12.0,0.0,6.0,32.0,23.0,61.0,lgoldstein@vmware.com,1,0.0,0.0,0.0,0.0,0.0,2310.6430678466077,143669.7874844918,1,0,0.03922071315328127,false
sshd-core/src/main/java/org/apache/sshd/agent/unix/AgentServer.java,97.0,11.0,1.0,7.0,17.0,18.0,68.0,lgoldstein@vmware.com,1,0.0028735632183908046,20.0,0.0,0.0,0.0,2310.6430678466077,143669.7874844918,1,1,0.03922071315328127,false
sshd-core/src/main/java/org/apache/sshd/agent/unix/AgentServerProxy.java,146.0,13.0,0.0,5.0,38.0,27.0,31.0,lgoldstein@vmware.com,1,0.0,0.0,0.0,0.0,0.0,2310.6430678466077,143669.7874844918,1,0,0.03922071315328127,false
sshd-core/src/main/java/org/apache/sshd/agent/unix/ChannelAgentForwarding.java,93.0,18.0,33.0,10.0,24.0,25.0,68.0,gnodet@apache.org,1,0.0028735632183908046,10.0,0.0,0.0,0.0,2310.6430678466077,143669.7874844918,1,3,0.03922071315328127,false
sshd-core/src/main/java/org/apache/sshd/agent/unix/UnixAgentFactory.java,19.0,13.0,3.0,3.0,3.0,10.0,23.0,lgoldstein@vmware.com,1,0.0,0.0,0.0,0.0,0.0,2310.6430678466077,143669.7874844918,1,0,0.03922071315328127,false
sshd-core/src/main/java/org/apache/sshd/client/ScpClient.java,23.0,3.0,0.0,16.0,0.0,32.0,7.0,lgoldstein@vmware.com,1,0.0,0.0,0.0,0.0,0.0,2310.6430678466077,143669.7874844918,1,1,0.03922071315328127,false
sshd-core/src/main/java/org/apache/sshd/client/SftpClient.java,165.0,11.0,429.0,30.0,0.0,58.0,25.0,gnodet@apache.org,1,0.0,0.0,0.0,0.0,0.0,2310.6430678466077,143669.7874844918,1,4,0.03922071315328127,false
sshd-core/src/main/java/org/apache/sshd/client/UserAuth.java,9.0,3.0,3.0,3.0,0.0,5.0,100.0,gnodet@apache.org,1,0.0,0.0,0.0,0.0,0.0,2310.6430678466077,143669.7874844918,1,0,0.03922071315328127,false
sshd-core/src/main/java/org/apache/sshd/client/auth/UserAuthKeyboardInteractive.java,108.0,16.0,1.0,3.0,24.0,12.0,60.0,gnodet@apache.org,1,0.0028735632183908046,7.0,0.0,0.0,0.0,2310.6430678466077,143669.7874844918,1,2,0.03922071315328127,false
sshd-core/src/main/java/org/apache/sshd/client/auth/UserAuthPassword.java,61.0,10.0,1.0,3.0,13.0,10.0,64.0,gnodet@apache.org,1,0.0,0.0,0.0,0.0,0.0,2310.6430678466077,143669.7874844918,1,1,0.03922071315328127,false
sshd-core/src/main/java/org/apache/sshd/client/auth/UserAuthPublicKey.java,146.0,21.0,0.0,3.0,33.0,14.0,52.0,gnodet@apache.org,1,0.0028735632183908046,0.0,5.0,0.0,0.0,2310.6430678466077,143669.7874844918,1,2,0.03922071315328127,false
sshd-core/src/main/java/org/apache/sshd/client/channel/AbstractClientChannel.java,248.0,20.0,235.0,27.0,49.0,67.0,44.0,gnodet@apache.org,1,0.0,0.0,0.0,0.0,0.0,2310.6430678466077,143669.7874844918,1,8,0.03922071315328127,false
sshd-core/src/main/java/org/apache/sshd/client/channel/ChannelDirectTcpip.java,60.0,16.0,2.0,4.0,15.0,14.0,91.0,gnodet@apache.org,1,0.0028735632183908046,7.0,0.0,0.0,0.0,2310.6430678466077,143669.7874844918,1,3,0.03922071315328127,false
sshd-core/src/main/java/org/apache/sshd/client/channel/ChannelExec.java,25.0,3.0,0.0,2.0,7.0,5.0,55.0,gnodet@apache.org,1,0.0,0.0,0.0,0.0,0.0,2310.6430678466077,143669.7874844918,1,4,0.03922071315328127,false
sshd-core/src/main/java/org/apache/sshd/client/channel/ChannelShell.java,19.0,3.0,1.0,2.0,7.0,3.0,91.0,gnodet@apache.org,1,0.0028735632183908046,6.0,0.0,0.0,0.0,2310.6430678466077,143669.7874844918,1,3,0.03922071315328127,false
sshd-core/src/main/java/org/apache/sshd/client/channel/ChannelSubsystem.java,31.0,5.0,4.0,4.0,9.0,7.0,91.0,gnodet@apache.org,1,0.0028735632183908046,10.0,0.0,0.0,0.0,2310.6430678466077,143669.7874844918,1,4,0.03922071315328127,false
sshd-core/src/main/java/org/apache/sshd/client/channel/PtyCapableChannelSession.java,142.0,10.0,90.0,20.0,23.0,35.0,91.0,lgoldstein@vmware.com,1,0.0028735632183908046,50.0,0.0,0.0,0.0,2310.6430678466077,143669.7874844918,1,0,0.03922071315328127,false
sshd-core/src/main/java/org/apache/sshd/client/future/AuthFuture.java,50.0,3.0,45.0,10.0,0.0,29.0,10.0,lgoldstein@vmware.com,1,0.0,0.0,0.0,0.0,0.0,2310.6430678466077,143669.7874844918,1,0,0.03922071315328127,false
sshd-core/src/main/java/org/apache/sshd/client/future/DefaultAuthFuture.java,54.0,3.0,36.0,9.0,14.0,25.0,10.0,lgoldstein@vmware.com,1,0.0,0.0,0.0,0.0,0.0,2310.6430678466077,143669.7874844918,1,0,0.03922071315328127,false
sshd-core/src/main/java/org/apache/sshd/client/future/DefaultOpenFuture.java,49.0,3.0,28.0,8.0,10.0,21.0,10.0,lgoldstein@vmware.com,1,0.0,0.0,0.0,0.0,0.0,2310.6430678466077,143669.7874844918,1,0,0.03922071315328127,false
sshd-core/src/main/java/org/apache/sshd/client/future/OpenFuture.java,46.0,3.0,36.0,9.0,0.0,28.0,10.0,lgoldstein@vmware.com,1,0.0,0.0,0.0,0.0,0.0,2310.6430678466077,143669.7874844918,1,0,0.03922071315328127,false
sshd-core/src/main/java/org/apache/sshd/client/kex/AbstractDHClientKeyExchange.java,20.0,4.0,3.0,3.0,0.0,6.0,82.0,lgoldstein@vmware.com,1,0.0028735632183908046,50.0,0.0,0.0,0.0,2310.6430678466077,143669.7874844918,1,0,0.03922071315328127,false
sshd-core/src/main/java/org/apache/sshd/client/kex/DHGClient.java,76.0,11.0,24.0,8.0,33.0,18.0,100.0,lgoldstein@vmware.com,1,0.0,0.0,0.0,0.0,0.0,2310.6430678466077,143669.7874844918,1,0,0.03922071315328127,false
sshd-core/src/main/java/org/apache/sshd/client/kex/DHGEXClient.java,103.0,12.0,22.0,8.0,35.0,18.0,100.0,lgoldstein@vmware.com,1,0.0,0.0,0.0,0.0,0.0,2310.6430678466077,143669.7874844918,1,0,0.03922071315328127,false
sshd-core/src/main/java/org/apache/sshd/client/keyverifier/AcceptAllServerKeyVerifier.java,14.0,7.0,1.0,2.0,3.0,5.0,20.0,lgoldstein@vmware.com,1,0.0028735632183908046,0.0,14.0,0.0,0.0,2310.6430678466077,143669.7874844918,1,0,0.03922071315328127,false
sshd-core/src/main/java/org/apache/sshd/client/keyverifier/RequiredServerKeyVerifier.java,22.0,7.0,0.0,2.0,5.0,6.0,70.0,lgoldstein@vmware.com,1,0.0,0.0,0.0,0.0,0.0,2310.6430678466077,143669.7874844918,1,0,0.03922071315328127,false
sshd-core/src/main/java/org/apache/sshd/client/scp/AbstractScpClient.java,64.0,8.0,91.0,14.0,50.0,32.0,22.0,lgoldstein@vmware.com,1,0.0028735632183908046,50.0,0.0,0.0,0.0,2310.6430678466077,143669.7874844918,1,0,0.03922071315328127,false
sshd-core/src/main/java/org/apache/sshd/client/scp/DefaultScpClient.java,145.0,16.0,25.0,10.0,59.0,23.0,33.0,gnodet@apache.org,2,0.0028735632183908046,20.0,0.0,0.0,0.0,2354.3573535608934,143805.5545308728,2,1,0.2816045247515232,false
sshd-core/src/main/java/org/apache/sshd/client/session/ClientConnectionService.java,60.0,13.0,21.0,7.0,15.0,15.0,91.0,lgoldstein@vmware.com,1,0.0028735632183908046,14.0,0.0,0.0,0.0,2310.6430678466077,143669.7874844918,1,1,0.03922071315328127,false
sshd-core/src/main/java/org/apache/sshd/client/session/ClientSessionImpl.java,303.0,42.0,831.0,42.0,89.0,116.0,55.0,gnodet@apache.org,1,0.0028735632183908046,2.0,2.0,0.0,0.0,2310.6430678466077,143669.7874844918,1,7,0.03922071315328127,false
sshd-core/src/main/java/org/apache/sshd/client/session/ClientUserAuthService.java,148.0,19.0,0.0,8.0,45.0,25.0,91.0,gnodet@apache.org,1,0.0028735632183908046,10.0,0.0,0.0,0.0,2310.6430678466077,143669.7874844918,1,2,0.03922071315328127,false
sshd-core/src/main/java/org/apache/sshd/client/sftp/DefaultSftpClient.java,888.0,91.0,5.0,63.0,245.0,237.0,49.0,gnodet@apache.org,1,0.0,0.0,0.0,0.0,0.0,2310.6430678466077,143669.7874844918,1,11,0.03922071315328127,false
sshd-core/src/main/java/org/apache/sshd/client/sftp/SftpFileChannel.java,269.0,18.0,164.0,25.0,80.0,91.0,29.0,lgoldstein@vmware.com,1,0.0,0.0,0.0,0.0,0.0,2310.6430678466077,143669.7874844918,1,1,0.03922071315328127,false
sshd-core/src/main/java/org/apache/sshd/client/sftp/SftpFileSystem.java,198.0,19.0,14.0,9.0,14.0,23.0,18.0,lgoldstein@vmware.com,1,0.0,0.0,0.0,0.0,0.0,2310.6430678466077,143669.7874844918,1,1,0.03922071315328127,false
sshd-core/src/main/java/org/apache/sshd/client/sftp/SftpFileSystemProvider.java,622.0,62.0,1199.0,51.0,219.0,169.0,39.0,lgoldstein@vmware.com,2,0.0028735632183908046,22.0,0.0,0.0,0.0,2354.3573535608934,143805.5545308728,2,2,0.2816045247515232,false
sshd-core/src/main/java/org/apache/sshd/common/AbstractFactoryManager.java,199.0,17.0,944.0,45.0,19.0,74.0,18.0,gnodet@apache.org,1,0.0028735632183908046,0.0,4.0,0.0,4.0,2310.6430678466077,143669.7874844918,1,1,0.03922071315328127,false
sshd-core/src/main/java/org/apache/sshd/common/Channel.java,32.0,6.0,136.0,17.0,0.0,27.0,91.0,gnodet@apache.org,1,0.0028735632183908046,9.0,0.0,0.0,0.0,2310.6430678466077,143669.7874844918,1,1,0.03922071315328127,false
sshd-core/src/main/java/org/apache/sshd/common/Factory.java,11.0,0.0,0.0,1.0,0.0,2.0,28.0,lgoldstein@vmware.com,1,0.0,0.0,0.0,0.0,0.0,2310.6430678466077,143669.7874844918,1,0,0.03922071315328127,false
sshd-core/src/main/java/org/apache/sshd/common/FactoryManager.java,156.0,8.0,153.0,18.0,0.0,47.0,18.0,gnodet@apache.org,1,0.0028735632183908046,0.0,4.0,0.0,0.0,2310.6430678466077,143669.7874844918,1,1,0.03922071315328127,false
sshd-core/src/main/java/org/apache/sshd/common/FactoryManagerUtils.java,214.0,3.0,741.0,39.0,82.0,110.0,0.0,gnodet@apache.org,0,0.0,0.0,0.0,0.0,0.0,0.0,0.0,0,0,0.0,false
sshd-core/src/main/java/org/apache/sshd/common/KeyExchange.java,42.0,3.0,15.0,6.0,0.0,14.0,100.0,gnodet@apache.org,1,0.0,0.0,0.0,0.0,0.0,2310.6430678466077,143669.7874844918,1,0,0.03922071315328127,false
sshd-core/src/main/java/org/apache/sshd/common/NamedFactory.java,95.0,4.0,0.0,0.0,0.0,0.0,32.0,gnodet@apache.org,1,0.0,0.0,0.0,0.0,0.0,2310.6430678466077,143669.7874844918,1,1,0.03922071315328127,false
sshd-core/src/main/java/org/apache/sshd/common/NamedResource.java,59.0,6.0,3.0,3.0,3.0,9.0,32.0,lgoldstein@vmware.com,1,0.0,0.0,0.0,0.0,0.0,2310.6430678466077,143669.7874844918,1,0,0.03922071315328127,false
sshd-core/src/main/java/org/apache/sshd/common/OptionalFeature.java,6.0,0.0,0.0,1.0,0.0,1.0,0.0,gnodet@apache.org,0,0.0,0.0,0.0,0.0,0.0,0.0,0.0,0,0,0.0,false
sshd-core/src/main/java/org/apache/sshd/common/RequestHandler.java,19.0,2.0,0.0,1.0,0.0,4.0,91.0,lgoldstein@vmware.com,1,0.0028735632183908046,33.0,0.0,0.0,0.0,2310.6430678466077,143669.7874844918,1,0,0.03922071315328127,false
sshd-core/src/main/java/org/apache/sshd/common/Service.java,19.0,3.0,6.0,4.0,0.0,5.0,91.0,lgoldstein@vmware.com,1,0.0028735632183908046,20.0,0.0,0.0,0.0,2310.6430678466077,143669.7874844918,1,1,0.03922071315328127,false
sshd-core/src/main/java/org/apache/sshd/common/ServiceFactory.java,25.0,3.0,0.0,1.0,0.0,2.0,0.0,gnodet@apache.org,0,0.0,0.0,0.0,0.0,0.0,0.0,0.0,0,0,0.0,false
sshd-core/src/main/java/org/apache/sshd/common/Session.java,145.0,6.0,253.0,23.0,0.0,67.0,91.0,gnodet@apache.org,1,0.0028735632183908046,5.0,0.0,0.0,0.0,2310.6430678466077,143669.7874844918,1,3,0.03922071315328127,false
sshd-core/src/main/java/org/apache/sshd/common/SshException.java,39.0,1.0,16.0,9.0,1.0,11.0,0.0,elecharny@apache.org,0,0.0,0.0,0.0,0.0,0.0,0.0,0.0,0,0,0.0,false
sshd-core/src/main/java/org/apache/sshd/common/TcpipForwarder.java,39.0,1.0,36.0,9.0,0.0,26.0,0.0,gnodet@apache.org,0,0.0,0.0,0.0,0.0,0.0,0.0,0.0,0,3,0.0,false
sshd-core/src/main/java/org/apache/sshd/common/Transformer.java,33.0,1.0,3.0,3.0,2.0,11.0,37.0,lgoldstein@vmware.com,1,0.0,0.0,0.0,0.0,0.0,2310.6430678466077,143669.7874844918,1,0,0.03922071315328127,false
sshd-core/src/main/java/org/apache/sshd/common/channel/AbstractChannel.java,229.0,21.0,186.0,24.0,60.0,58.0,47.0,gnodet@apache.org,1,0.0,0.0,0.0,0.0,0.0,2310.6430678466077,143669.7874844918,1,7,0.03922071315328127,true
sshd-core/src/main/java/org/apache/sshd/common/channel/BufferedIoOutputStream.java,52.0,10.0,0.0,7.0,26.0,16.0,59.0,lgoldstein@vmware.com,1,0.0,0.0,0.0,0.0,0.0,2310.6430678466077,143669.7874844918,1,0,0.03922071315328127,false
sshd-core/src/main/java/org/apache/sshd/common/channel/ChannelAsyncInputStream.java,132.0,14.0,0.0,7.0,20.0,18.0,55.0,lgoldstein@vmware.com,1,0.0,0.0,0.0,0.0,0.0,2310.6430678466077,143669.7874844918,1,0,0.03922071315328127,false
sshd-core/src/main/java/org/apache/sshd/common/channel/ChannelAsyncOutputStream.java,112.0,13.0,3.0,7.0,33.0,19.0,59.0,lgoldstein@vmware.com,1,0.0,0.0,0.0,0.0,0.0,2310.6430678466077,143669.7874844918,1,0,0.03922071315328127,false
sshd-core/src/main/java/org/apache/sshd/common/channel/ChannelOutputStream.java,118.0,7.0,6.0,8.0,27.0,22.0,48.0,gnodet@apache.org,1,0.0,0.0,0.0,0.0,0.0,2310.6430678466077,143669.7874844918,1,8,0.03922071315328127,false
sshd-core/src/main/java/org/apache/sshd/common/channel/ChannelPipedInputStream.java,127.0,10.0,6.0,9.0,25.0,28.0,59.0,gnodet@apache.org,1,0.0,0.0,0.0,0.0,0.0,2310.6430678466077,143669.7874844918,1,1,0.03922071315328127,false
sshd-core/src/main/java/org/apache/sshd/common/cipher/BaseCipher.java,49.0,5.0,1.0,7.0,7.0,18.0,37.0,gnodet@apache.org,1,0.0,0.0,0.0,0.0,0.0,2310.6430678466077,143669.7874844918,1,0,0.03922071315328127,true
sshd-core/src/main/java/org/apache/sshd/common/cipher/BuiltinCiphers.java,10.0,16.0,0.0,1.0,0.0,1.0,34.0,lgoldstein@vmware.com,1,0.0028735632183908046,14.0,0.0,0.0,0.0,2310.6430678466077,143669.7874844918,1,0,0.03922071315328127,false
sshd-core/src/main/java/org/apache/sshd/common/cipher/CipherFactory.java,11.0,4.0,0.0,1.0,0.0,3.0,37.0,lgoldstein@vmware.com,1,0.0,0.0,0.0,0.0,0.0,2310.6430678466077,143669.7874844918,1,0,0.03922071315328127,false
sshd-core/src/main/java/org/apache/sshd/common/cipher/CipherNone.java,16.0,1.0,6.0,4.0,0.0,8.0,37.0,gnodet@apache.org,1,0.0,0.0,0.0,0.0,0.0,2310.6430678466077,143669.7874844918,1,0,0.03922071315328127,false
sshd-core/src/main/java/org/apache/sshd/common/cipher/ECCurves.java,97.0,10.0,21.0,7.0,21.0,22.0,68.0,lgoldstein@vmware.com,1,0.0,0.0,0.0,0.0,0.0,2310.6430678466077,143669.7874844918,1,0,0.03922071315328127,true
sshd-core/src/main/java/org/apache/sshd/common/compression/BuiltinCompressions.java,10.0,15.0,0.0,1.0,0.0,1.0,29.0,lgoldstein@vmware.com,1,0.0028735632183908046,33.0,0.0,0.0,0.0,2310.6430678466077,143669.7874844918,1,0,0.03922071315328127,false
sshd-core/src/main/java/org/apache/sshd/common/compression/Compression.java,36.0,2.0,6.0,4.0,0.0,11.0,42.0,lgoldstein@vmware.com,1,0.0,0.0,0.0,0.0,0.0,2310.6430678466077,143669.7874844918,1,0,0.03922071315328127,false
sshd-core/src/main/java/org/apache/sshd/common/compression/CompressionDelayedZlib.java,16.0,0.0,1.0,2.0,0.0,3.0,25.0,lgoldstein@vmware.com,1,0.0,0.0,0.0,0.0,0.0,2310.6430678466077,143669.7874844918,1,0,0.03922071315328127,false
sshd-core/src/main/java/org/apache/sshd/common/compression/CompressionFactory.java,11.0,3.0,0.0,1.0,0.0,3.0,37.0,lgoldstein@vmware.com,1,0.0,0.0,0.0,0.0,0.0,2310.6430678466077,143669.7874844918,1,0,0.03922071315328127,false
sshd-core/src/main/java/org/apache/sshd/common/compression/CompressionZlib.java,42.0,5.0,4.0,5.0,13.0,11.0,50.0,lgoldstein@vmware.com,1,0.0,0.0,0.0,0.0,0.0,2310.6430678466077,143669.7874844918,1,0,0.03922071315328127,false
sshd-core/src/main/java/org/apache/sshd/common/config/AllowTcpForwardingValue.java,0.0,0.0,0.0,0.0,0.0,0.0,37.0,lgoldstein@vmware.com,1,0.0028735632183908046,100.0,0.0,0.0,0.0,2310.6430678466077,143669.7874844918,1,0,0.03922071315328127,false
sshd-core/src/main/java/org/apache/sshd/common/config/CompressionConfigValue.java,0.0,0.0,0.0,0.0,0.0,0.0,37.0,lgoldstein@vmware.com,1,0.0028735632183908046,50.0,0.0,0.0,0.0,2310.6430678466077,143669.7874844918,1,0,0.03922071315328127,false
sshd-core/src/main/java/org/apache/sshd/common/config/FactoriesListParseResult.java,20.0,2.0,3.0,3.0,2.0,6.0,28.0,lgoldstein@vmware.com,1,0.0,0.0,0.0,0.0,0.0,2310.6430678466077,143669.7874844918,1,0,0.03922071315328127,false
sshd-core/src/main/java/org/apache/sshd/common/config/ListParseResult.java,27.0,2.0,2.0,4.0,3.0,8.0,28.0,lgoldstein@vmware.com,1,0.0,0.0,0.0,0.0,0.0,2310.6430678466077,143669.7874844918,1,0,0.03922071315328127,false
sshd-core/src/main/java/org/apache/sshd/common/config/LogLevelValue.java,0.0,0.0,0.0,0.0,0.0,0.0,37.0,lgoldstein@vmware.com,1,0.0028735632183908046,100.0,0.0,0.0,0.0,2310.6430678466077,143669.7874844918,1,0,0.03922071315328127,false
sshd-core/src/main/java/org/apache/sshd/common/config/NamedFactoriesListParseResult.java,12.0,4.0,1.0,2.0,4.0,3.0,28.0,lgoldstein@vmware.com,1,0.0,0.0,0.0,0.0,0.0,2310.6430678466077,143669.7874844918,1,0,0.03922071315328127,false
sshd-core/src/main/java/org/apache/sshd/common/config/NamedResourceListParseResult.java,23.0,3.0,6.0,4.0,6.0,8.0,28.0,lgoldstein@vmware.com,1,0.0,0.0,0.0,0.0,0.0,2310.6430678466077,143669.7874844918,1,0,0.03922071315328127,false
sshd-core/src/main/java/org/apache/sshd/common/config/SshConfigFileReader.java,409.0,42.0,486.0,32.0,123.0,122.0,31.0,lgoldstein@vmware.com,1,0.0028735632183908046,25.0,25.0,0.0,0.0,2310.6430678466077,143669.7874844918,1,0,0.03922071315328127,false
sshd-core/src/main/java/org/apache/sshd/common/config/SyslogFacilityValue.java,0.0,0.0,0.0,0.0,0.0,0.0,37.0,lgoldstein@vmware.com,1,0.0028735632183908046,100.0,0.0,0.0,0.0,2310.6430678466077,143669.7874844918,1,0,0.03922071315328127,false
sshd-core/src/main/java/org/apache/sshd/common/config/TimeValueConfig.java,0.0,0.0,0.0,0.0,0.0,0.0,37.0,lgoldstein@vmware.com,1,0.0028735632183908046,100.0,0.0,0.0,0.0,2310.6430678466077,143669.7874844918,1,0,0.03922071315328127,false
sshd-core/src/main/java/org/apache/sshd/common/digest/BuiltinDigests.java,7.0,6.0,0.0,0.0,0.0,0.0,32.0,lgoldstein@vmware.com,1,0.0028735632183908046,33.0,0.0,0.0,0.0,2310.6430678466077,143669.7874844918,1,0,0.03922071315328127,false
sshd-core/src/main/java/org/apache/sshd/common/file/root/RootedFileSystemProvider.java,197.0,30.0,526.0,33.0,107.0,96.0,19.0,lgoldstein@vmware.com,2,0.0,0.0,0.0,0.0,0.0,2354.3573535608934,143805.5545308728,2,0,0.9555114450274363,false
sshd-core/src/main/java/org/apache/sshd/common/forward/DefaultTcpipForwarder.java,189.0,25.0,14.0,13.0,68.0,45.0,91.0,gnodet@apache.org,1,0.0028735632183908046,5.0,0.0,0.0,0.0,2310.6430678466077,143669.7874844918,1,5,0.03922071315328127,false
sshd-core/src/main/java/org/apache/sshd/common/forward/SocksProxy.java,223.0,14.0,8.0,5.0,11.0,13.0,68.0,lgoldstein@vmware.com,1,0.0028735632183908046,25.0,0.0,0.0,0.0,2310.6430678466077,143669.7874844918,1,0,0.03922071315328127,false
sshd-core/src/main/java/org/apache/sshd/common/forward/TcpipClientChannel.java,65.0,13.0,3.0,6.0,20.0,17.0,91.0,gnodet@apache.org,1,0.0028735632183908046,6.0,0.0,0.0,0.0,2310.6430678466077,143669.7874844918,1,4,0.03922071315328127,false
sshd-core/src/main/java/org/apache/sshd/common/forward/TcpipServerChannel.java,150.0,23.0,65.0,14.0,63.0,34.0,53.0,gnodet@apache.org,1,0.0028735632183908046,4.0,0.0,0.0,0.0,2310.6430678466077,143669.7874844918,1,4,0.03922071315328127,false
sshd-core/src/main/java/org/apache/sshd/common/future/DefaultSshFuture.java,232.0,4.0,123.0,19.0,31.0,60.0,20.0,gnodet@apache.org,1,0.0,0.0,0.0,0.0,0.0,2310.6430678466077,143669.7874844918,1,0,0.03922071315328127,false
sshd-core/src/main/java/org/apache/sshd/common/io/AbstractIoServiceFactory.java,54.0,7.0,5.0,6.0,9.0,17.0,32.0,lgoldstein@vmware.com,1,0.0,0.0,0.0,0.0,0.0,2310.6430678466077,143669.7874844918,1,0,0.03922071315328127,false
sshd-core/src/main/java/org/apache/sshd/common/io/AbstractIoServiceFactoryFactory.java,21.0,1.0,0.0,3.0,0.0,7.0,25.0,lgoldstein@vmware.com,1,0.0,0.0,0.0,0.0,0.0,2310.6430678466077,143669.7874844918,1,0,0.03922071315328127,false
sshd-core/src/main/java/org/apache/sshd/common/io/IoConnector.java,5.0,1.0,0.0,1.0,0.0,1.0,10.0,lgoldstein@vmware.com,1,0.0,0.0,0.0,50.0,0.0,2310.6430678466077,143669.7874844918,1,0,0.03922071315328127,false
sshd-core/src/main/java/org/apache/sshd/common/io/IoInputStream.java,6.0,2.0,0.0,1.0,0.0,2.0,100.0,lgoldstein@vmware.com,1,0.0,0.0,0.0,0.0,0.0,2310.6430678466077,143669.7874844918,1,0,0.03922071315328127,false
sshd-core/src/main/java/org/apache/sshd/common/io/IoOutputStream.java,6.0,2.0,0.0,1.0,0.0,2.0,100.0,lgoldstein@vmware.com,1,0.0,0.0,0.0,0.0,0.0,2310.6430678466077,143669.7874844918,1,0,0.03922071315328127,false
sshd-core/src/main/java/org/apache/sshd/common/io/IoReadFuture.java,20.0,4.0,15.0,6.0,0.0,15.0,55.0,lgoldstein@vmware.com,1,0.0,0.0,0.0,0.0,0.0,2310.6430678466077,143669.7874844918,1,0,0.03922071315328127,false
sshd-core/src/main/java/org/apache/sshd/common/io/IoService.java,9.0,2.0,0.0,1.0,0.0,3.0,0.0,gnodet@apache.org,0,0.0,0.0,0.0,0.0,0.0,0.0,0.0,0,0,0.0,false
sshd-core/src/main/java/org/apache/sshd/common/io/IoSession.java,40.0,4.0,28.0,8.0,0.0,17.0,91.0,lgoldstein@vmware.com,1,0.0028735632183908046,20.0,0.0,0.0,0.0,2310.6430678466077,143669.7874844918,1,0,0.03922071315328127,false
sshd-core/src/main/java/org/apache/sshd/common/io/mina/MinaAcceptor.java,54.0,12.0,41.0,10.0,22.0,17.0,82.0,gnodet@apache.org,1,0.0028735632183908046,20.0,0.0,0.0,0.0,2310.6430678466077,143669.7874844918,1,0,0.03922071315328127,false
sshd-core/src/main/java/org/apache/sshd/common/io/mina/MinaService.java,87.0,17.0,110.0,17.0,31.0,32.0,61.0,gnodet@apache.org,1,0.0028735632183908046,8.0,0.0,0.0,0.0,2310.6430678466077,143669.7874844918,1,3,0.03922071315328127,false
sshd-core/src/main/java/org/apache/sshd/common/io/mina/MinaServiceFactory.java,15.0,11.0,0.0,3.0,6.0,5.0,25.0,gnodet@apache.org,1,0.0,0.0,0.0,0.0,0.0,2310.6430678466077,143669.7874844918,1,1,0.03922071315328127,false
sshd-core/src/main/java/org/apache/sshd/common/io/mina/MinaServiceFactoryFactory.java,17.0,4.0,3.0,3.0,2.0,6.0,25.0,lgoldstein@vmware.com,1,0.0,0.0,0.0,0.0,0.0,2310.6430678466077,143669.7874844918,1,0,0.03922071315328127,false
sshd-core/src/main/java/org/apache/sshd/common/io/mina/MinaSession.java,110.0,14.0,0.0,18.0,33.0,38.0,91.0,lgoldstein@vmware.com,1,0.0028735632183908046,14.0,0.0,0.0,0.0,2310.6430678466077,143669.7874844918,1,1,0.03922071315328127,false
sshd-core/src/main/java/org/apache/sshd/common/io/mina/MinaSupport.java,16.0,3.0,6.0,4.0,8.0,7.0,91.0,lgoldstein@vmware.com,1,0.0028735632183908046,33.0,0.0,0.0,0.0,2310.6430678466077,143669.7874844918,1,0,0.03922071315328127,false
sshd-core/src/main/java/org/apache/sshd/common/io/nio2/Nio2Acceptor.java,109.0,17.0,16.0,9.0,24.0,20.0,25.0,gnodet@apache.org,1,0.0,0.0,0.0,8.0,0.0,2310.6430678466077,143669.7874844918,1,1,0.03922071315328127,false
sshd-core/src/main/java/org/apache/sshd/common/io/nio2/Nio2CompletionHandler.java,24.0,3.0,15.0,6.0,6.0,10.0,10.0,lgoldstein@vmware.com,1,0.0,0.0,0.0,50.0,0.0,2310.6430678466077,143669.7874844918,1,0,0.03922071315328127,false
sshd-core/src/main/java/org/apache/sshd/common/io/nio2/Nio2Connector.java,69.0,11.0,6.0,4.0,21.0,7.0,25.0,lgoldstein@vmware.com,1,0.0,0.0,0.0,14.0,0.0,2310.6430678466077,143669.7874844918,1,0,0.03922071315328127,false
sshd-core/src/main/java/org/apache/sshd/common/io/nio2/Nio2Service.java,58.0,18.0,0.0,6.0,21.0,15.0,25.0,gnodet@apache.org,1,0.0,0.0,0.0,9.0,0.0,2310.6430678466077,143669.7874844918,1,2,0.03922071315328127,false
sshd-core/src/main/java/org/apache/sshd/common/io/nio2/Nio2ServiceFactory.java,43.0,11.0,0.0,4.0,18.0,12.0,32.0,gnodet@apache.org,1,0.0,0.0,0.0,0.0,0.0,2310.6430678466077,143669.7874844918,1,1,0.03922071315328127,false
sshd-core/src/main/java/org/apache/sshd/common/io/nio2/Nio2ServiceFactoryFactory.java,18.0,5.0,3.0,3.0,2.0,6.0,25.0,lgoldstein@vmware.com,1,0.0,0.0,0.0,0.0,0.0,2310.6430678466077,143669.7874844918,1,0,0.03922071315328127,false
sshd-core/src/main/java/org/apache/sshd/common/io/nio2/Nio2Session.java,254.0,23.0,286.0,28.0,92.0,66.0,45.0,gnodet@apache.org,1,0.0,0.0,0.0,8.0,0.0,2310.6430678466077,143669.7874844918,1,3,0.03922071315328127,false
sshd-core/src/main/java/org/apache/sshd/common/kex/AbstractDH.java,30.0,2.0,21.0,7.0,2.0,16.0,0.0,gnodet@apache.org,0,0.0,0.0,0.0,0.0,0.0,0.0,0.0,0,0,0.0,true
sshd-core/src/main/java/org/apache/sshd/common/kex/BuiltinDHFactories.java,16.0,19.0,3.0,3.0,2.0,5.0,34.0,lgoldstein@vmware.com,1,0.0028735632183908046,17.0,0.0,0.0,0.0,2310.6430678466077,143669.7874844918,1,0,0.03922071315328127,false
sshd-core/src/main/java/org/apache/sshd/common/kex/DHFactory.java,7.0,2.0,1.0,2.0,0.0,3.0,37.0,lgoldstein@vmware.com,1,0.0,0.0,0.0,0.0,0.0,2310.6430678466077,143669.7874844918,1,0,0.03922071315328127,false
sshd-core/src/main/java/org/apache/sshd/common/kex/DHG.java,69.0,11.0,16.0,13.0,18.0,24.0,82.0,lgoldstein@vmware.com,1,0.0028735632183908046,50.0,0.0,0.0,0.0,2310.6430678466077,143669.7874844918,1,0,0.03922071315328127,false
sshd-core/src/main/java/org/apache/sshd/common/kex/ECDH.java,46.0,12.0,0.0,7.0,18.0,16.0,4.0,lgoldstein@vmware.com,1,0.0028735632183908046,0.0,25.0,25.0,0.0,2310.6430678466077,143669.7874844918,1,0,0.03922071315328127,true
sshd-core/src/main/java/org/apache/sshd/common/kex/dh/AbstractDHKeyExchange.java,33.0,5.0,10.0,5.0,0.0,9.0,61.0,lgoldstein@vmware.com,1,0.0028735632183908046,33.0,0.0,0.0,0.0,2310.6430678466077,143669.7874844918,1,0,0.03922071315328127,false
sshd-core/src/main/java/org/apache/sshd/common/mac/BaseMac.java,49.0,3.0,0.0,6.0,7.0,12.0,37.0,gnodet@apache.org,1,0.0,0.0,0.0,0.0,0.0,2310.6430678466077,143669.7874844918,1,1,0.03922071315328127,false
sshd-core/src/main/java/org/apache/sshd/common/mac/BuiltinMacs.java,6.0,17.0,0.0,1.0,0.0,1.0,34.0,lgoldstein@vmware.com,1,0.0028735632183908046,20.0,0.0,0.0,0.0,2310.6430678466077,143669.7874844918,1,0,0.03922071315328127,false
sshd-core/src/main/java/org/apache/sshd/common/mac/MacFactory.java,11.0,4.0,0.0,1.0,0.0,3.0,37.0,lgoldstein@vmware.com,1,0.0,0.0,0.0,0.0,0.0,2310.6430678466077,143669.7874844918,1,0,0.03922071315328127,false
sshd-core/src/main/java/org/apache/sshd/common/random/BouncyCastleRandom.java,58.0,5.0,0.0,4.0,5.0,11.0,27.0,lgoldstein@vmware.com,1,0.0,0.0,0.0,0.0,0.0,2310.6430678466077,143669.7874844918,1,0,0.03922071315328127,true
sshd-core/src/main/java/org/apache/sshd/common/random/JceRandom.java,43.0,3.0,0.0,3.0,3.0,7.0,23.0,lgoldstein@vmware.com,1,0.0,0.0,0.0,0.0,0.0,2310.6430678466077,143669.7874844918,1,0,0.03922071315328127,true
sshd-core/src/main/java/org/apache/sshd/common/random/SingletonRandomFactory.java,24.0,2.0,2.0,5.0,4.0,8.0,23.0,lgoldstein@vmware.com,1,0.0,0.0,0.0,0.0,0.0,2310.6430678466077,143669.7874844918,1,0,0.03922071315328127,true
sshd-core/src/main/java/org/apache/sshd/common/scp/ScpHelper.java,646.0,28.0,122.0,20.0,164.0,89.0,18.0,gnodet@apache.org,2,0.0,0.0,0.0,0.0,0.0,2354.3573535608934,143805.5545308728,2,4,0.4756651531478686,false
sshd-core/src/main/java/org/apache/sshd/common/scp/ScpTransferEventListener.java,41.0,4.0,0.0,4.0,0.0,8.0,0.0,gnodet@apache.org,0,0.0,0.0,0.0,0.0,0.0,0.0,0.0,0,0,0.0,false
sshd-core/src/main/java/org/apache/sshd/common/session/AbstractConnectionService.java,339.0,35.0,241.0,27.0,106.0,75.0,91.0,gnodet@apache.org,1,0.0028735632183908046,7.0,0.0,0.0,0.0,2310.6430678466077,143669.7874844918,1,3,0.03922071315328127,false
sshd-core/src/main/java/org/apache/sshd/common/session/AbstractSession.java,1047.0,47.0,2132.0,69.0,232.0,218.0,36.0,gnodet@apache.org,1,0.0,0.0,0.0,0.0,0.0,2310.6430678466077,143669.7874844918,1,12,0.03922071315328127,false
sshd-core/src/main/java/org/apache/sshd/common/session/AbstractSessionFactory.java,36.0,5.0,4.0,5.0,5.0,11.0,20.0,lgoldstein@vmware.com,1,0.0,0.0,0.0,17.0,0.0,2310.6430678466077,143669.7874844918,1,1,0.03922071315328127,false
sshd-core/src/main/java/org/apache/sshd/common/sftp/SftpConstants.java,186.0,0.0,0.0,0.0,0.0,0.0,0.0,gnodet@apache.org,0,0.0,0.0,0.0,0.0,0.0,0.0,0.0,0,1,0.0,false
sshd-core/src/main/java/org/apache/sshd/common/signature/AbstractSignature.java,36.0,4.0,2.0,4.0,5.0,10.0,37.0,lgoldstein@vmware.com,1,0.0,0.0,0.0,0.0,0.0,2310.6430678466077,143669.7874844918,1,0,0.03922071315328127,false
sshd-core/src/main/java/org/apache/sshd/common/signature/BuiltinSignatures.java,10.0,21.0,0.0,1.0,0.0,1.0,31.0,lgoldstein@vmware.com,1,0.0028735632183908046,17.0,17.0,0.0,0.0,2310.6430678466077,143669.7874844918,1,0,0.03922071315328127,false
sshd-core/src/main/java/org/apache/sshd/common/signature/SignatureDSA.java,46.0,0.0,3.0,3.0,5.0,8.0,37.0,gnodet@apache.org,1,0.0,0.0,0.0,0.0,0.0,2310.6430678466077,143669.7874844918,1,0,0.03922071315328127,true
sshd-core/src/main/java/org/apache/sshd/common/signature/SignatureECDSA.java,60.0,4.0,3.0,3.0,9.0,10.0,68.0,lgoldstein@vmware.com,1,0.0,0.0,0.0,0.0,0.0,2310.6430678466077,143669.7874844918,1,1,0.03922071315328127,true
sshd-core/src/main/java/org/apache/sshd/common/signature/SignatureFactory.java,11.0,4.0,0.0,1.0,0.0,3.0,37.0,lgoldstein@vmware.com,1,0.0,0.0,0.0,0.0,0.0,2310.6430678466077,143669.7874844918,1,0,0.03922071315328127,false
sshd-core/src/main/java/org/apache/sshd/common/signature/SignatureRSA.java,16.0,0.0,3.0,3.0,3.0,8.0,37.0,lgoldstein@vmware.com,1,0.0,0.0,0.0,0.0,0.0,2310.6430678466077,143669.7874844918,1,0,0.03922071315328127,false
sshd-core/src/main/java/org/apache/sshd/common/util/CloseableUtils.java,316.0,19.0,3.0,3.0,8.0,11.0,20.0,lgoldstein@vmware.com,1,0.0,0.0,0.0,9.0,0.0,2310.6430678466077,143669.7874844918,1,1,0.03922071315328127,false
sshd-core/src/main/java/org/apache/sshd/common/util/DirectoryScanner.java,199.0,3.0,34.0,13.0,29.0,41.0,23.0,gnodet@apache.org,1,0.0,0.0,0.0,0.0,0.0,2310.6430678466077,143669.7874844918,1,3,0.03922071315328127,false
sshd-core/src/main/java/org/apache/sshd/common/util/GenericUtils.java,190.0,12.0,231.0,22.0,51.0,73.0,34.0,lgoldstein@vmware.com,1,0.0028735632183908046,12.0,25.0,12.0,0.0,2310.6430678466077,143669.7874844918,1,0,0.03922071315328127,false
sshd-core/src/main/java/org/apache/sshd/common/util/IoUtils.java,141.0,16.0,45.0,10.0,34.0,39.0,8.0,gnodet@apache.org,1,0.0,0.0,0.0,0.0,0.0,43.714285714285715,135.76704638098738,1,2,3.258096538021482,false
sshd-core/src/main/java/org/apache/sshd/common/util/KeyUtils.java,54.0,14.0,6.0,4.0,13.0,10.0,45.0,lgoldstein@vmware.com,1,0.0028735632183908046,0.0,29.0,0.0,0.0,2310.6430678466077,143669.7874844918,1,1,0.03922071315328127,false
sshd-core/src/main/java/org/apache/sshd/common/util/ObjectBuilder.java,7.0,0.0,0.0,1.0,0.0,1.0,0.0,gnodet@apache.org,0,0.0,0.0,0.0,0.0,0.0,0.0,0.0,0,0,0.0,false
sshd-core/src/main/java/org/apache/sshd/common/util/OsUtils.java,26.0,0.0,1.0,3.0,0.0,8.0,0.0,spearce@apache.org,0,0.0,0.0,0.0,0.0,0.0,0.0,0.0,0,0,0.0,false
sshd-core/src/main/java/org/apache/sshd/common/util/SelectorUtils.java,458.0,5.0,134.0,17.0,59.0,81.0,82.0,gnodet@apache.org,1,0.0028735632183908046,12.0,0.0,0.0,0.0,2310.6430678466077,143669.7874844918,1,4,0.03922071315328127,false
sshd-core/src/main/java/org/apache/sshd/common/util/ThreadUtils.java,92.0,14.0,34.0,9.0,21.0,26.0,25.0,lgoldstein@vmware.com,1,0.0,0.0,0.0,0.0,0.0,2310.6430678466077,143669.7874844918,1,0,0.03922071315328127,false
sshd-core/src/main/java/org/apache/sshd/common/util/ValidateUtils.java,34.0,2.0,15.0,6.0,15.0,14.0,24.0,lgoldstein@vmware.com,1,0.0028735632183908046,33.0,0.0,0.0,0.0,2310.6430678466077,143669.7874844918,1,0,0.03922071315328127,false
sshd-core/src/main/java/org/apache/sshd/common/util/buffer/Buffer.java,368.0,31.0,1183.0,50.0,127.0,95.0,74.0,lgoldstein@vmware.com,1,0.0028735632183908046,0.0,50.0,0.0,0.0,2310.6430678466077,143669.7874844918,1,0,0.03922071315328127,false
sshd-core/src/main/java/org/apache/sshd/common/util/buffer/BufferException.java,9.0,0.0,0.0,1.0,0.0,1.0,100.0,lgoldstein@vmware.com,1,0.0,0.0,0.0,0.0,0.0,2310.6430678466077,143669.7874844918,1,0,0.03922071315328127,false
sshd-core/src/main/java/org/apache/sshd/common/util/buffer/BufferUtils.java,49.0,0.0,15.0,6.0,6.0,18.0,68.0,lgoldstein@vmware.com,1,0.0028735632183908046,0.0,50.0,50.0,0.0,2310.6430678466077,143669.7874844918,1,0,0.03922071315328127,false
sshd-core/src/main/java/org/apache/sshd/common/util/buffer/ByteArrayBuffer.java,110.0,2.0,0.0,23.0,19.0,36.0,100.0,lgoldstein@vmware.com,1,0.0,0.0,0.0,0.0,0.0,2310.6430678466077,143669.7874844918,1,0,0.03922071315328127,false
sshd-core/src/main/java/org/apache/sshd/common/util/io/LoggingFilterOutputStream.java,24.0,5.0,1.0,3.0,5.0,7.0,58.0,lgoldstein@vmware.com,1,0.0028735632183908046,50.0,0.0,0.0,0.0,2310.6430678466077,143669.7874844918,1,0,0.03922071315328127,false
sshd-core/src/main/java/org/apache/sshd/common/util/io/NoCloseInputStream.java,19.0,3.0,3.0,3.0,0.0,7.0,37.0,lgoldstein@vmware.com,1,0.0028735632183908046,100.0,0.0,0.0,0.0,2310.6430678466077,143669.7874844918,1,0,0.03922071315328127,false
sshd-core/src/main/java/org/apache/sshd/common/util/io/NoCloseOutputStream.java,19.0,3.0,3.0,3.0,0.0,7.0,37.0,lgoldstein@vmware.com,1,0.0028735632183908046,100.0,0.0,0.0,0.0,2310.6430678466077,143669.7874844918,1,0,0.03922071315328127,false
sshd-core/src/main/java/org/apache/sshd/common/util/io/NoCloseReader.java,18.0,3.0,3.0,3.0,0.0,7.0,37.0,lgoldstein@vmware.com,1,0.0028735632183908046,100.0,0.0,0.0,0.0,2310.6430678466077,143669.7874844918,1,0,0.03922071315328127,false
sshd-core/src/main/java/org/apache/sshd/common/util/io/NoCloseWriter.java,18.0,3.0,3.0,3.0,0.0,7.0,37.0,lgoldstein@vmware.com,1,0.0028735632183908046,100.0,0.0,0.0,0.0,2310.6430678466077,143669.7874844918,1,0,0.03922071315328127,false
sshd-core/src/main/java/org/apache/sshd/server/UserAuth.java,32.0,2.0,6.0,4.0,0.0,13.0,100.0,gnodet@apache.org,1,0.0,0.0,0.0,0.0,0.0,2310.6430678466077,143669.7874844918,1,1,0.03922071315328127,false
sshd-core/src/main/java/org/apache/sshd/server/auth/AbstractUserAuth.java,26.0,5.0,11.0,6.0,2.0,13.0,60.0,lgoldstein@vmware.com,1,0.0,0.0,0.0,0.0,0.0,2310.6430678466077,143669.7874844918,1,0,0.03922071315328127,false
sshd-core/src/main/java/org/apache/sshd/server/auth/UserAuthKeyboardInteractive.java,50.0,7.0,1.0,2.0,13.0,9.0,60.0,gnodet@apache.org,1,0.0,0.0,0.0,0.0,0.0,2310.6430678466077,143669.7874844918,1,2,0.03922071315328127,false
sshd-core/src/main/java/org/apache/sshd/server/auth/UserAuthNone.java,21.0,3.0,0.0,1.0,0.0,2.0,61.0,gnodet@apache.org,1,0.0,0.0,0.0,0.0,0.0,2310.6430678466077,143669.7874844918,1,0,0.03922071315328127,false
sshd-core/src/main/java/org/apache/sshd/server/auth/UserAuthPassword.java,36.0,5.0,1.0,2.0,7.0,8.0,64.0,gnodet@apache.org,1,0.0,0.0,0.0,0.0,0.0,2310.6430678466077,143669.7874844918,1,0,0.03922071315328127,false
sshd-core/src/main/java/org/apache/sshd/server/auth/UserAuthPublicKey.java,69.0,8.0,0.0,1.0,26.0,6.0,52.0,gnodet@apache.org,1,0.0,0.0,0.0,0.0,0.0,2310.6430678466077,143669.7874844918,1,3,0.03922071315328127,false
sshd-core/src/main/java/org/apache/sshd/server/auth/gss/UserAuthGSS.java,162.0,14.0,6.0,5.0,29.0,24.0,61.0,gnodet@apache.org,1,0.0,0.0,0.0,0.0,0.0,2310.6430678466077,143669.7874844918,1,2,0.03922071315328127,false
sshd-core/src/main/java/org/apache/sshd/server/channel/AbstractServerChannel.java,37.0,6.0,10.0,5.0,11.0,11.0,70.0,gnodet@apache.org,1,0.0,0.0,0.0,0.0,0.0,2310.6430678466077,143669.7874844918,1,4,0.03922071315328127,false
sshd-core/src/main/java/org/apache/sshd/server/channel/AsyncDataReceiver.java,16.0,5.0,0.0,4.0,2.0,8.0,100.0,lgoldstein@vmware.com,1,0.0,0.0,0.0,0.0,0.0,2310.6430678466077,143669.7874844918,1,0,0.03922071315328127,false
sshd-core/src/main/java/org/apache/sshd/server/channel/ChannelSession.java,481.0,46.0,281.0,26.0,145.0,90.0,50.0,gnodet@apache.org,1,0.0028735632183908046,2.0,0.0,0.0,0.0,2310.6430678466077,143669.7874844918,1,10,0.03922071315328127,false
sshd-core/src/main/java/org/apache/sshd/server/channel/PipeDataReceiver.java,27.0,9.0,0.0,4.0,3.0,10.0,38.0,lgoldstein@vmware.com,1,0.0028735632183908046,25.0,0.0,0.0,0.0,2310.6430678466077,143669.7874844918,1,0,0.03922071315328127,false
sshd-core/src/main/java/org/apache/sshd/server/channel/PuttyRequestHandler.java,26.0,5.0,1.0,2.0,8.0,9.0,70.0,lgoldstein@vmware.com,1,0.0,0.0,0.0,0.0,0.0,2310.6430678466077,143669.7874844918,1,0,0.03922071315328127,false
sshd-core/src/main/java/org/apache/sshd/server/command/ScpCommand.java,178.0,17.0,17.0,10.0,32.0,28.0,32.0,gnodet@apache.org,1,0.0,0.0,0.0,0.0,0.0,2310.6430678466077,143669.7874844918,1,3,0.03922071315328127,false
sshd-core/src/main/java/org/apache/sshd/server/command/ScpCommandFactory.java,162.0,9.0,79.0,15.0,17.0,38.0,25.0,gnodet@apache.org,1,0.0,0.0,0.0,0.0,0.0,2310.6430678466077,143669.7874844918,1,2,0.03922071315328127,false
sshd-core/src/main/java/org/apache/sshd/server/global/CancelTcpipForwardHandler.java,20.0,5.0,0.0,1.0,9.0,5.0,91.0,lgoldstein@vmware.com,1,0.0028735632183908046,17.0,0.0,0.0,0.0,2310.6430678466077,143669.7874844918,1,1,0.03922071315328127,false
sshd-core/src/main/java/org/apache/sshd/server/global/KeepAliveHandler.java,12.0,4.0,0.0,1.0,1.0,4.0,91.0,lgoldstein@vmware.com,1,0.0028735632183908046,25.0,0.0,0.0,0.0,2310.6430678466077,143669.7874844918,1,0,0.03922071315328127,false
sshd-core/src/main/java/org/apache/sshd/server/global/NoMoreSessionsHandler.java,13.0,4.0,0.0,1.0,2.0,4.0,91.0,lgoldstein@vmware.com,1,0.0028735632183908046,25.0,0.0,0.0,0.0,2310.6430678466077,143669.7874844918,1,0,0.03922071315328127,false
sshd-core/src/main/java/org/apache/sshd/server/global/TcpipForwardHandler.java,21.0,5.0,0.0,1.0,10.0,5.0,91.0,lgoldstein@vmware.com,1,0.0028735632183908046,17.0,0.0,0.0,0.0,2310.6430678466077,143669.7874844918,1,1,0.03922071315328127,false
sshd-core/src/main/java/org/apache/sshd/server/kex/AbstractDHServerKeyExchange.java,19.0,4.0,1.0,3.0,2.0,6.0,82.0,lgoldstein@vmware.com,1,0.0028735632183908046,50.0,0.0,0.0,0.0,2310.6430678466077,143669.7874844918,1,0,0.03922071315328127,false
sshd-core/src/main/java/org/apache/sshd/server/kex/DHGEXServer.java,200.0,24.0,21.0,10.0,71.0,31.0,100.0,lgoldstein@vmware.com,1,0.0,0.0,0.0,0.0,0.0,2310.6430678466077,143669.7874844918,1,0,0.03922071315328127,false
sshd-core/src/main/java/org/apache/sshd/server/kex/DHGServer.java,82.0,12.0,0.0,7.0,39.0,15.0,65.0,lgoldstein@vmware.com,1,0.0,0.0,0.0,0.0,0.0,2310.6430678466077,143669.7874844918,1,0,0.03922071315328127,false
sshd-core/src/main/java/org/apache/sshd/server/session/ServerSession.java,142.0,18.0,101.0,15.0,51.0,40.0,41.0,gnodet@apache.org,1,0.0028735632183908046,0.0,1.0,1.0,0.0,2310.6430678466077,143669.7874844918,1,12,0.03922071315328127,false
sshd-core/src/main/java/org/apache/sshd/server/session/ServerUserAuthService.java,195.0,20.0,0.0,5.0,48.0,18.0,55.0,gnodet@apache.org,1,0.0028735632183908046,7.0,0.0,0.0,0.0,2310.6430678466077,143669.7874844918,1,3,0.03922071315328127,false
sshd-core/src/main/java/org/apache/sshd/server/sftp/SftpSubsystem.java,1950.0,74.0,1247.0,74.0,510.0,309.0,34.0,gnodet@apache.org,2,0.0,0.0,0.0,1.0,0.0,2354.3573535608934,143805.5545308728,2,23,0.12513880843167674,false
sshd-core/src/main/java/org/apache/sshd/server/sftp/SftpSubsystemFactory.java,78.0,4.0,39.0,10.0,5.0,20.0,25.0,lgoldstein@vmware.com,1,0.0,0.0,0.0,0.0,0.0,2310.6430678466077,143669.7874844918,1,0,0.03922071315328127,false
sshd-core/src/main/java/org/apache/sshd/server/sftp/UnsupportedAttributePolicy.java,0.0,0.0,0.0,0.0,0.0,0.0,0.0,gnodet@apache.org,0,0.0,0.0,0.0,0.0,0.0,0.0,0.0,0,0,0.0,false
sshd-core/src/main/java/org/apache/sshd/server/shell/ProcessShellFactory.java,166.0,13.0,3.0,6.0,1.0,8.0,70.0,gnodet@apache.org,1,0.0,0.0,0.0,0.0,0.0,2310.6430678466077,143669.7874844918,1,0,0.03922071315328127,false
sshd-core/src/main/java/org/apache/sshd/server/x11/X11ForwardSupport.java,145.0,18.0,20.0,8.0,37.0,24.0,68.0,gnodet@apache.org,1,0.0028735632183908046,5.0,0.0,0.0,0.0,2310.6430678466077,143669.7874844918,1,5,0.03922071315328127,false
sshd-core/src/test/java/org/apache/sshd/AbstractSessionTest.java,73.0,9.0,0.0,8.0,22.0,18.0,84.0,gnodet@apache.org,1,0.0,0.0,0.0,0.0,0.0,2310.6430678466077,143669.7874844918,1,1,0.03922071315328127,false
sshd-core/src/test/java/org/apache/sshd/AgentTest.java,114.0,27.0,1.0,2.0,56.0,10.0,35.0,gnodet@apache.org,1,0.0028735632183908046,0.0,6.0,0.0,0.0,2310.6430678466077,143669.7874844918,1,2,0.03922071315328127,true
sshd-core/src/test/java/org/apache/sshd/AuthenticationTest.java,91.0,27.0,23.0,10.0,80.0,27.0,55.0,gnodet@apache.org,1,0.0028735632183908046,0.0,6.0,0.0,0.0,2310.6430678466077,143669.7874844918,1,4,0.03922071315328127,false
sshd-core/src/test/java/org/apache/sshd/CipherTest.java,108.0,18.0,51.0,11.0,64.0,37.0,69.0,gnodet@apache.org,1,0.0,0.0,0.0,0.0,0.0,2310.6430678466077,143669.7874844918,1,2,0.03922071315328127,false
sshd-core/src/test/java/org/apache/sshd/ClientTest.java,604.0,75.0,320.0,45.0,434.0,139.0,41.0,gnodet@apache.org,1,0.0028735632183908046,3.0,3.0,0.0,0.0,2310.6430678466077,143669.7874844918,1,6,0.03922071315328127,false
sshd-core/src/test/java/org/apache/sshd/EcdsaTest.java,71.0,21.0,3.0,6.0,41.0,21.0,36.0,lgoldstein@vmware.com,1,0.0,0.0,0.0,17.0,0.0,2310.6430678466077,143669.7874844918,1,2,0.03922071315328127,false
sshd-core/src/test/java/org/apache/sshd/LoadTest.java,94.0,21.0,24.0,8.0,52.0,25.0,44.0,gnodet@apache.org,1,0.0,0.0,0.0,0.0,0.0,2310.6430678466077,143669.7874844918,1,6,0.03922071315328127,false
sshd-core/src/test/java/org/apache/sshd/MacTest.java,109.0,21.0,62.0,12.0,51.0,29.0,48.0,lgoldstein@vmware.com,1,0.0,0.0,0.0,0.0,0.0,2310.6430678466077,143669.7874844918,1,1,0.03922071315328127,false
sshd-core/src/test/java/org/apache/sshd/PortForwardingLoadTest.java,279.0,42.0,58.0,12.0,155.0,44.0,39.0,gnodet@apache.org,1,0.0,0.0,0.0,0.0,0.0,2310.6430678466077,143669.7874844918,1,1,0.03922071315328127,false
sshd-core/src/test/java/org/apache/sshd/PortForwardingTest.java,279.0,30.0,36.0,17.0,173.0,52.0,39.0,gnodet@apache.org,1,0.0,0.0,0.0,0.0,0.0,2310.6430678466077,143669.7874844918,1,4,0.03922071315328127,false
sshd-core/src/test/java/org/apache/sshd/ProxyTest.java,84.0,21.0,2.0,5.0,51.0,16.0,39.0,lgoldstein@vmware.com,1,0.0,0.0,0.0,0.0,0.0,2310.6430678466077,143669.7874844918,1,1,0.03922071315328127,false
sshd-core/src/test/java/org/apache/sshd/ScpTest.java,657.0,39.0,42.0,32.0,373.0,98.0,33.0,gnodet@apache.org,1,0.0,0.0,0.0,0.0,0.0,2310.6430678466077,143669.7874844918,1,7,0.03922071315328127,false
sshd-core/src/test/java/org/apache/sshd/ServerMain.java,9.0,0.0,0.0,1.0,1.0,2.0,8.0,gnodet@apache.org,1,0.0,0.0,0.0,0.0,0.0,43.714285714285715,135.76704638098738,1,0,3.258096538021482,false
sshd-core/src/test/java/org/apache/sshd/ServerTest.java,355.0,54.0,278.0,29.0,170.0,66.0,29.0,gnodet@apache.org,1,0.0,0.0,0.0,4.0,0.0,2310.6430678466077,143669.7874844918,1,5,0.03922071315328127,false
sshd-core/src/test/java/org/apache/sshd/SftpFileSystemTest.java,123.0,39.0,2.0,5.0,75.0,20.0,51.0,lgoldstein@vmware.com,1,0.0,0.0,0.0,0.0,0.0,2310.6430678466077,143669.7874844918,1,0,0.03922071315328127,false
sshd-core/src/test/java/org/apache/sshd/SftpTest.java,419.0,40.0,11.0,18.0,228.0,59.0,51.0,gnodet@apache.org,1,0.0,0.0,0.0,0.0,0.0,2310.6430678466077,143669.7874844918,1,13,0.03922071315328127,false
sshd-core/src/test/java/org/apache/sshd/SshBuilderTest.java,73.0,16.0,21.0,7.0,20.0,13.0,48.0,lgoldstein@vmware.com,1,0.0,0.0,0.0,0.0,0.0,2310.6430678466077,143669.7874844918,1,0,0.03922071315328127,false
sshd-core/src/test/java/org/apache/sshd/SshServerMain.java,9.0,0.0,0.0,1.0,1.0,2.0,0.0,gnodet@apache.org,0,0.0,0.0,0.0,0.0,0.0,0.0,0.0,0,0,0.0,false
sshd-core/src/test/java/org/apache/sshd/WindowAdjustTest.java,147.0,25.0,0.0,4.0,27.0,11.0,58.0,lgoldstein@vmware.com,1,0.0028735632183908046,20.0,0.0,0.0,0.0,2310.6430678466077,143669.7874844918,1,1,0.03922071315328127,false
sshd-core/src/test/java/org/apache/sshd/WindowTest.java,198.0,39.0,46.0,13.0,109.0,47.0,54.0,lgoldstein@vmware.com,1,0.0,0.0,0.0,0.0,0.0,2310.6430678466077,143669.7874844918,1,0,0.03922071315328127,false
sshd-core/src/test/java/org/apache/sshd/client/kex/KexTest.java,80.0,24.0,6.0,5.0,46.0,18.0,34.0,lgoldstein@vmware.com,1,0.0028735632183908046,0.0,20.0,20.0,0.0,2310.6430678466077,143669.7874844918,1,0,0.03922071315328127,false
sshd-core/src/test/java/org/apache/sshd/common/cipher/AES192CTRTest.java,12.0,1.0,1.0,2.0,2.0,3.0,0.0,gnodet@apache.org,0,0.0,0.0,0.0,0.0,0.0,0.0,0.0,0,0,0.0,false
sshd-core/src/test/java/org/apache/sshd/common/cipher/AES256CBCTest.java,12.0,1.0,1.0,2.0,2.0,3.0,0.0,gnodet@apache.org,0,0.0,0.0,0.0,0.0,0.0,0.0,0.0,0,0,0.0,true
sshd-core/src/test/java/org/apache/sshd/common/cipher/ARCFOUR128Test.java,11.0,1.0,1.0,2.0,1.0,3.0,0.0,gnodet@apache.org,0,0.0,0.0,0.0,0.0,0.0,0.0,0.0,0,0,0.0,true
sshd-core/src/test/java/org/apache/sshd/common/cipher/ARCFOUR256Test.java,12.0,1.0,1.0,2.0,2.0,3.0,0.0,gnodet@apache.org,0,0.0,0.0,0.0,0.0,0.0,0.0,0.0,0,0,0.0,true
sshd-core/src/test/java/org/apache/sshd/common/cipher/BaseCipherTest.java,50.0,12.0,6.0,4.0,14.0,13.0,45.0,lgoldstein@vmware.com,1,0.0,0.0,0.0,0.0,0.0,2310.6430678466077,143669.7874844918,1,0,0.03922071315328127,true
sshd-core/src/test/java/org/apache/sshd/common/cipher/BuiltinCiphersTest.java,149.0,17.0,66.0,12.0,79.0,30.0,44.0,lgoldstein@vmware.com,1,0.0,0.0,0.0,0.0,0.0,2310.6430678466077,143669.7874844918,1,0,0.03922071315328127,false
sshd-core/src/test/java/org/apache/sshd/common/compression/BuiltinCompressionsTest.java,115.0,16.0,36.0,9.0,59.0,21.0,39.0,lgoldstein@vmware.com,1,0.0,0.0,0.0,0.0,0.0,2310.6430678466077,143669.7874844918,1,0,0.03922071315328127,false
sshd-core/src/test/java/org/apache/sshd/common/compression/CompressionTest.java,67.0,16.0,9.0,6.0,32.0,14.0,31.0,lgoldstein@vmware.com,1,0.0,0.0,0.0,0.0,0.0,2310.6430678466077,143669.7874844918,1,0,0.03922071315328127,false
sshd-core/src/test/java/org/apache/sshd/common/config/SshConfigFileReaderTest.java,180.0,27.0,528.0,33.0,109.0,61.0,42.0,lgoldstein@vmware.com,1,0.0028735632183908046,25.0,0.0,0.0,0.0,2310.6430678466077,143669.7874844918,1,0,0.03922071315328127,false
sshd-core/src/test/java/org/apache/sshd/common/config/TimeValueConfigTest.java,17.0,4.0,1.0,2.0,5.0,3.0,53.0,lgoldstein@vmware.com,1,0.0028735632183908046,50.0,0.0,0.0,0.0,2310.6430678466077,143669.7874844918,1,0,0.03922071315328127,false
sshd-core/src/test/java/org/apache/sshd/common/kex/BuiltinDHFactoriesTest.java,103.0,15.0,28.0,8.0,52.0,19.0,44.0,lgoldstein@vmware.com,1,0.0,0.0,0.0,0.0,0.0,2310.6430678466077,143669.7874844918,1,0,0.03922071315328127,false
sshd-core/src/test/java/org/apache/sshd/common/mac/BuiltinMacsTest.java,112.0,17.0,36.0,9.0,57.0,21.0,44.0,lgoldstein@vmware.com,1,0.0,0.0,0.0,0.0,0.0,2310.6430678466077,143669.7874844918,1,0,0.03922071315328127,false
sshd-core/src/test/java/org/apache/sshd/common/signature/BuiltinSignaturesTest.java,101.0,14.0,28.0,8.0,49.0,17.0,44.0,lgoldstein@vmware.com,1,0.0,0.0,0.0,0.0,0.0,2310.6430678466077,143669.7874844918,1,0,0.03922071315328127,false
sshd-core/src/test/java/org/apache/sshd/common/util/BufferTest.java,9.0,7.0,0.0,1.0,4.0,2.0,84.0,lgoldstein@vmware.com,1,0.0,0.0,0.0,0.0,0.0,2310.6430678466077,143669.7874844918,1,0,0.03922071315328127,false
sshd-core/src/test/java/org/apache/sshd/common/util/EventListenerUtilsTest.java,44.0,6.0,1.0,2.0,11.0,3.0,44.0,lgoldstein@vmware.com,1,0.0028735632183908046,25.0,0.0,0.0,0.0,2310.6430678466077,143669.7874844918,1,0,0.03922071315328127,false
sshd-core/src/test/java/org/apache/sshd/common/util/GenericUtilsTest.java,23.0,6.0,1.0,2.0,17.0,4.0,53.0,lgoldstein@vmware.com,1,0.0028735632183908046,50.0,0.0,0.0,0.0,2310.6430678466077,143669.7874844918,1,0,0.03922071315328127,false
sshd-core/src/test/java/org/apache/sshd/common/util/ThreadUtilsTest.java,34.0,6.0,1.0,2.0,11.0,3.0,47.0,lgoldstein@vmware.com,1,0.0,0.0,0.0,0.0,0.0,2310.6430678466077,143669.7874844918,1,0,0.03922071315328127,false
sshd-core/src/test/java/org/apache/sshd/common/util/ValidateUtilsTest.java,8.0,1.0,0.0,1.0,0.0,1.0,48.0,lgoldstein@vmware.com,1,0.0,0.0,0.0,0.0,0.0,2310.6430678466077,143669.7874844918,1,0,0.03922071315328127,false
sshd-core/src/test/java/org/apache/sshd/deprecated/AbstractUserAuth.java,14.0,3.0,0.0,2.0,0.0,3.0,60.0,lgoldstein@vmware.com,1,0.0,0.0,0.0,0.0,0.0,2310.6430678466077,143669.7874844918,1,0,0.03922071315328127,false
sshd-core/src/test/java/org/apache/sshd/deprecated/ClientUserAuthServiceOld.java,141.0,14.0,0.0,8.0,28.0,27.0,72.0,lgoldstein@vmware.com,1,0.0028735632183908046,20.0,0.0,0.0,0.0,2310.6430678466077,143669.7874844918,1,0,0.03922071315328127,false
sshd-core/src/test/java/org/apache/sshd/deprecated/UserAuth.java,10.0,2.0,0.0,1.0,0.0,2.0,100.0,lgoldstein@vmware.com,1,0.0,0.0,0.0,0.0,0.0,2310.6430678466077,143669.7874844918,1,0,0.03922071315328127,false
sshd-core/src/test/java/org/apache/sshd/deprecated/UserAuthAgent.java,84.0,9.0,0.0,3.0,31.0,12.0,100.0,lgoldstein@vmware.com,1,0.0,0.0,0.0,0.0,0.0,2310.6430678466077,143669.7874844918,1,0,0.03922071315328127,false
sshd-core/src/test/java/org/apache/sshd/deprecated/UserAuthKeyboardInteractive.java,78.0,6.0,0.0,2.0,18.0,9.0,60.0,lgoldstein@vmware.com,1,0.0,0.0,0.0,0.0,0.0,2310.6430678466077,143669.7874844918,1,0,0.03922071315328127,false
sshd-core/src/test/java/org/apache/sshd/deprecated/UserAuthPassword.java,40.0,6.0,0.0,2.0,7.0,7.0,64.0,lgoldstein@vmware.com,1,0.0028735632183908046,20.0,0.0,0.0,0.0,2310.6430678466077,143669.7874844918,1,0,0.03922071315328127,false
sshd-core/src/test/java/org/apache/sshd/deprecated/UserAuthPublicKey.java,68.0,11.0,0.0,2.0,26.0,8.0,52.0,lgoldstein@vmware.com,1,0.0,0.0,0.0,0.0,0.0,2310.6430678466077,143669.7874844918,1,0,0.03922071315328127,false
sshd-core/src/test/java/org/apache/sshd/server/channel/ChannelSessionTest.java,34.0,12.0,4.0,4.0,7.0,7.0,84.0,lgoldstein@vmware.com,1,0.0,0.0,0.0,0.0,0.0,2310.6430678466077,143669.7874844918,1,2,0.03922071315328127,false
sshd-core/src/test/java/org/apache/sshd/server/command/ScpCommandFactoryTest.java,51.0,7.0,15.0,6.0,33.0,11.0,69.0,lgoldstein@vmware.com,1,0.0,0.0,0.0,0.0,0.0,2310.6430678466077,143669.7874844918,1,0,0.03922071315328127,false
sshd-core/src/test/java/org/apache/sshd/server/sftp/SftpSubsystemFactoryTest.java,46.0,5.0,10.0,5.0,24.0,10.0,69.0,lgoldstein@vmware.com,1,0.0,0.0,0.0,0.0,0.0,2310.6430678466077,143669.7874844918,1,0,0.03922071315328127,false
sshd-core/src/test/java/org/apache/sshd/util/AsyncEchoShellFactory.java,83.0,18.0,0.0,1.0,0.0,2.0,84.0,lgoldstein@vmware.com,1,0.0,0.0,0.0,0.0,0.0,2310.6430678466077,143669.7874844918,1,0,0.03922071315328127,false
sshd-core/src/test/java/org/apache/sshd/util/BaseTest.java,62.0,11.0,26.0,8.0,30.0,18.0,37.0,lgoldstein@vmware.com,1,0.0,0.0,0.0,14.0,0.0,2310.6430678466077,143669.7874844918,1,0,0.03922071315328127,false
sshd-core/src/test/java/org/apache/sshd/util/BogusChannel.java,15.0,5.0,15.0,6.0,0.0,12.0,84.0,lgoldstein@vmware.com,1,0.0,0.0,0.0,0.0,0.0,2310.6430678466077,143669.7874844918,1,1,0.03922071315328127,false
sshd-git/src/test/java/org/apache/sshd/git/pack/GitPackCommandTest.java,32.0,16.0,0.0,1.0,31.0,2.0,0.0,gnodet@apache.org,0,0.0,0.0,0.0,0.0,0.0,0.0,0.0,0,0,0.0,false
sshd-git/src/test/java/org/apache/sshd/git/pgm/GitPgmCommandTest.java,43.0,16.0,1.0,2.0,35.0,6.0,0.0,gnodet@apache.org,0,0.0,0.0,0.0,0.0,0.0,0.0,0.0,0,0,0.0,false
