name,LOC,CBO,LCOM,NOM,RFC,WMC,numOfChanges,bccm,structuralWorkloadSum,semanticWorkloadSum,numberOfDeveloper,isBuggy
src/components/org/apache/jmeter/assertions/ResponseAssertion.java,243.0,9.0,157.0,22.0,51.0,42.0,3,0.008130081300813009,2476.2310655545507,66792.26700490745,3,false
src/components/org/apache/jmeter/assertions/SizeAssertion.java,138.0,5.0,13.0,7.0,14.0,24.0,2,0.005420054200542005,1754.9247311827958,52430.137790586654,2,false
src/components/org/apache/jmeter/assertions/gui/DurationAssertionGui.java,101.0,17.0,16.0,8.0,30.0,14.0,1,0.0027100271002710027,1534.258064516129,50908.148845341406,1,false
src/components/org/apache/jmeter/assertions/gui/SizeAssertionGui.java,147.0,22.0,24.0,9.0,37.0,16.0,2,0.005420054200542005,1754.9247311827958,52430.137790586654,2,false
src/components/org/apache/jmeter/control/InterleaveControl.java,254.0,5.0,29.0,10.0,19.0,19.0,2,0.005420054200542005,2355.342176665662,66508.74884534141,2,false
src/components/org/apache/jmeter/control/ModifyController.java,56.0,10.0,8.0,5.0,7.0,10.0,1,0.0027100271002710027,1534.258064516129,50908.148845341406,1,false
src/components/org/apache/jmeter/control/OnceOnlyController.java,74.0,6.0,3.0,3.0,1.0,5.0,2,0.005420054200542005,2355.342176665662,66508.74884534141,2,false
src/components/org/apache/jmeter/control/RandomController.java,18.0,2.0,0.0,3.0,7.0,3.0,1,0.0027100271002710027,1534.258064516129,50908.148845341406,1,false
src/components/org/apache/jmeter/control/gui/InterleaveControlGui.java,80.0,11.0,15.0,7.0,20.0,14.0,1,0.0027100271002710027,1534.258064516129,50908.148845341406,1,false
src/components/org/apache/jmeter/control/gui/ModifyControllerGui.java,81.0,14.0,28.0,8.0,21.0,17.0,1,0.0027100271002710027,1534.258064516129,50908.148845341406,1,false
src/components/org/apache/jmeter/control/gui/OnceOnlyControllerGui.java,63.0,10.0,15.0,6.0,16.0,9.0,1,0.0027100271002710027,1534.258064516129,50908.148845341406,1,false
src/components/org/apache/jmeter/control/gui/RandomControlGui.java,63.0,11.0,4.0,5.0,17.0,11.0,1,0.0027100271002710027,1534.258064516129,50908.148845341406,1,false
src/components/org/apache/jmeter/modifiers/CounterConfig.java,103.0,8.0,65.0,15.0,25.0,23.0,1,0.0027100271002710027,1534.258064516129,50908.148845341406,1,false
src/components/org/apache/jmeter/modifiers/gui/CounterConfigGui.java,58.0,8.0,4.0,5.0,25.0,8.0,1,0.0027100271002710027,1534.258064516129,50908.148845341406,1,false
src/components/org/apache/jmeter/timers/ConstantThroughputTimer.java,102.0,4.0,35.0,10.0,6.0,21.0,3,0.008130081300813009,2476.2310655545507,66792.26700490745,3,false
src/components/org/apache/jmeter/timers/ConstantTimer.java,78.0,7.0,26.0,9.0,6.0,18.0,2,0.005420054200542005,1655.146953405018,51191.66700490745,2,false
src/components/org/apache/jmeter/timers/GaussianRandomTimer.java,16.0,2.0,1.0,2.0,4.0,4.0,1,0.0027100271002710027,120.88888888888889,283.5181595660464,1,false
src/components/org/apache/jmeter/timers/RandomTimer.java,31.0,2.0,1.0,3.0,2.0,4.0,1,0.0027100271002710027,120.88888888888889,283.5181595660464,1,false
src/components/org/apache/jmeter/timers/UniformRandomTimer.java,15.0,2.0,1.0,2.0,4.0,6.0,1,0.0027100271002710027,120.88888888888889,283.5181595660464,1,false
src/components/org/apache/jmeter/timers/gui/ConstantThroughputTimerGui.java,101.0,13.0,16.0,8.0,29.0,14.0,3,0.008130081300813009,2476.2310655545507,66792.26700490745,3,false
src/components/org/apache/jmeter/timers/gui/ConstantTimerGui.java,79.0,12.0,9.0,6.0,20.0,10.0,2,0.005420054200542005,1655.146953405018,51191.66700490745,2,false
src/components/org/apache/jmeter/timers/gui/GaussianRandomTimerGui.java,126.0,18.0,24.0,9.0,33.0,15.0,2,0.005420054200542005,1655.146953405018,51191.66700490745,2,false
src/components/org/apache/jmeter/timers/gui/UniformRandomTimerGui.java,126.0,18.0,24.0,9.0,33.0,22.0,2,0.005420054200542005,1655.146953405018,51191.66700490745,2,false
src/components/org/apache/jmeter/visualizers/AccumListener.java,8.0,0.0,0.0,1.0,0.0,1.0,2,0.005420054200542005,1041.7507788161995,17122.58894524525,2,false
src/components/org/apache/jmeter/visualizers/AssertionVisualizer.java,82.0,17.0,9.0,6.0,34.0,10.0,1,0.0027100271002710027,220.66666666666666,1521.9889452452505,1,true
src/components/org/apache/jmeter/visualizers/GraphAccumListener.java,13.0,1.0,1.0,2.0,0.0,2.0,2,0.005420054200542005,1041.7507788161995,17122.58894524525,2,false
src/components/org/apache/jmeter/visualizers/GraphAccumModel.java,164.0,9.0,9.0,11.0,23.0,20.0,1,0.0027100271002710027,220.66666666666666,1521.9889452452505,1,false
src/components/org/apache/jmeter/visualizers/GraphAccumVisualizer.java,131.0,17.0,0.0,10.0,33.0,14.0,2,0.005420054200542005,1754.9247311827958,52430.137790586654,2,true
src/components/org/apache/jmeter/visualizers/GraphListener.java,12.0,0.0,1.0,2.0,0.0,2.0,2,0.005420054200542005,1041.7507788161995,17122.58894524525,2,false
src/components/org/apache/jmeter/visualizers/GraphModel.java,197.0,7.0,87.0,19.0,22.0,38.0,2,0.005420054200542005,1754.9247311827958,52430.137790586654,2,false
src/components/org/apache/jmeter/visualizers/GraphVisualizer.java,260.0,22.0,0.0,11.0,57.0,17.0,2,0.005420054200542005,1754.9247311827958,52430.137790586654,2,true
src/components/org/apache/jmeter/visualizers/MailerVisualizer.java,309.0,27.0,48.0,16.0,75.0,38.0,2,0.005420054200542005,1754.9247311827958,52430.137790586654,2,true
src/components/org/apache/jmeter/visualizers/RunningSample.java,178.0,4.0,41.0,14.0,15.0,40.0,3,0.008130081300813009,2576.0088433323285,68030.73779058666,3,false
src/components/org/apache/jmeter/visualizers/Sample.java,39.0,1.0,1.0,2.0,0.0,3.0,2,0.005420054200542005,1754.9247311827958,52430.137790586654,2,false
src/components/org/apache/jmeter/visualizers/SplineVisualizer.java,300.0,18.0,73.0,15.0,45.0,27.0,1,0.0027100271002710027,220.66666666666666,1521.9889452452505,1,true
src/components/org/apache/jmeter/visualizers/StatVisualizer.java,236.0,23.0,46.0,12.0,18.0,21.0,3,0.008130081300813009,1162.6396677050884,17406.107104811297,3,true
src/components/org/apache/jmeter/visualizers/StatVisualizerModel.java,170.0,6.0,37.0,14.0,24.0,25.0,3,0.008130081300813009,2576.0088433323285,68030.73779058666,3,false
src/components/org/apache/jmeter/visualizers/TableDataModel.java,125.0,8.0,99.0,15.0,16.0,32.0,2,0.005420054200542005,1041.7507788161995,17122.58894524525,2,false
src/components/org/apache/jmeter/visualizers/TableVisualizer.java,155.0,18.0,0.0,8.0,42.0,11.0,1,0.0027100271002710027,220.66666666666666,1521.9889452452505,1,true
src/components/org/apache/jmeter/visualizers/ViewResultsFullVisualizer.java,293.0,32.0,29.0,15.0,89.0,32.0,3,0.008130081300813009,2576.0088433323285,68030.73779058666,3,true
src/core/org/apache/jmeter/JMeter.java,220.0,38.0,49.0,11.0,56.0,37.0,3,0.008130081300813009,2476.2310655545507,66792.26700490745,3,false
src/core/org/apache/jmeter/NewDriver.java,75.0,10.0,4.0,4.0,11.0,10.0,0,0.0,0.0,0.0,0,false
src/core/org/apache/jmeter/config/Argument.java,89.0,3.0,17.0,10.0,8.0,17.0,2,0.005420054200542005,2355.342176665662,66508.74884534141,2,false
src/core/org/apache/jmeter/config/Arguments.java,141.0,7.0,114.0,16.0,49.0,32.0,2,0.005420054200542005,2355.342176665662,66508.74884534141,2,false
src/core/org/apache/jmeter/config/LoginConfig.java,41.0,1.0,10.0,5.0,4.0,8.0,1,0.0027100271002710027,821.0841121495328,15600.599999999999,1,false
src/core/org/apache/jmeter/config/gui/ArgumentsPanel.java,222.0,28.0,124.0,20.0,73.0,38.0,3,0.008130081300813009,2383.342176665662,66512.8104546173,3,false
src/core/org/apache/jmeter/config/gui/LoginConfigGui.java,60.0,8.0,16.0,8.0,16.0,15.0,2,0.005420054200542005,2355.342176665662,66508.74884534141,2,true
src/core/org/apache/jmeter/control/Controller.java,34.0,6.0,6.0,4.0,0.0,7.0,1,0.0027100271002710027,1534.258064516129,50908.148845341406,1,false
src/core/org/apache/jmeter/control/GenericController.java,226.0,11.0,168.0,21.0,31.0,45.0,2,0.005420054200542005,2355.342176665662,66508.74884534141,2,true
src/core/org/apache/jmeter/control/LoopController.java,125.0,4.0,56.0,12.0,18.0,23.0,2,0.005420054200542005,2355.342176665662,66508.74884534141,2,true
src/core/org/apache/jmeter/control/gui/LogicControllerGui.java,66.0,10.0,21.0,7.0,16.0,10.0,2,0.005420054200542005,2355.342176665662,66508.74884534141,2,true
src/core/org/apache/jmeter/control/gui/LoopControlPanel.java,155.0,17.0,44.0,12.0,44.0,28.0,2,0.005420054200542005,2355.342176665662,66508.74884534141,2,true
src/core/org/apache/jmeter/control/gui/WorkBenchGui.java,95.0,16.0,3.0,10.0,25.0,15.0,2,0.005420054200542005,2355.342176665662,66508.74884534141,2,true
src/core/org/apache/jmeter/engine/ClientJMeterEngine.java,80.0,10.0,4.0,8.0,11.0,14.0,1,0.0027100271002710027,1534.258064516129,50908.148845341406,1,false
src/core/org/apache/jmeter/engine/ConvertListeners.java,53.0,15.0,3.0,3.0,8.0,8.0,1,0.0027100271002710027,1534.258064516129,50908.148845341406,1,false
src/core/org/apache/jmeter/engine/JMeterEngine.java,13.0,1.0,10.0,5.0,0.0,6.0,0,0.0,0.0,0.0,0,false
src/core/org/apache/jmeter/engine/PreCompiler.java,41.0,10.0,4.0,4.0,4.0,6.0,1,0.0027100271002710027,1534.258064516129,50908.148845341406,1,false
src/core/org/apache/jmeter/engine/RemoteJMeterEngine.java,12.0,3.0,10.0,5.0,0.0,10.0,0,0.0,0.0,0.0,0,false
src/core/org/apache/jmeter/engine/RemoteJMeterEngineImpl.java,71.0,6.0,0.0,7.0,11.0,16.0,1,0.0027100271002710027,1534.258064516129,50908.148845341406,1,false
src/core/org/apache/jmeter/engine/StandardJMeterEngine.java,207.0,23.0,95.0,18.0,86.0,49.0,1,0.0027100271002710027,1534.258064516129,50908.148845341406,1,false
src/core/org/apache/jmeter/engine/TreeCloner.java,55.0,7.0,2.0,5.0,4.0,8.0,1,0.0027100271002710027,1534.258064516129,50908.148845341406,1,false
src/core/org/apache/jmeter/functions/CompoundFunction.java,316.0,17.0,80.0,16.0,52.0,45.0,4,0.01084010840108401,2553.897732221217,67010.01118586607,4,false
src/core/org/apache/jmeter/functions/UnknownFunction.java,52.0,6.0,20.0,8.0,9.0,15.0,1,0.0027100271002710027,1534.258064516129,50908.148845341406,1,false
src/core/org/apache/jmeter/functions/ValueReplacer.java,154.0,13.0,26.0,9.0,48.0,33.0,1,0.0027100271002710027,1534.258064516129,50908.148845341406,1,false
src/core/org/apache/jmeter/functions/gui/FunctionHelper.java,113.0,26.0,0.0,5.0,50.0,13.0,0,0.0,0.0,0.0,0,false
src/core/org/apache/jmeter/gui/AbstractJMeterGuiComponent.java,98.0,5.0,35.0,10.0,12.0,16.0,2,0.005420054200542005,2355.342176665662,66508.74884534141,2,true
src/core/org/apache/jmeter/gui/GUIFactory.java,37.0,2.0,2.0,4.0,11.0,9.0,2,0.005420054200542005,2355.342176665662,66508.74884534141,2,false
src/core/org/apache/jmeter/gui/GuiPackage.java,89.0,6.0,55.0,14.0,11.0,28.0,1,0.0027100271002710027,1534.258064516129,50908.148845341406,1,true
src/core/org/apache/jmeter/gui/JMeterComponentModel.java,14.0,1.0,21.0,7.0,0.0,7.0,1,0.0027100271002710027,1534.258064516129,50908.148845341406,1,false
src/core/org/apache/jmeter/gui/JMeterGUIComponent.java,88.0,4.0,45.0,10.0,0.0,21.0,2,0.005420054200542005,2355.342176665662,66508.74884534141,2,false
src/core/org/apache/jmeter/gui/ListDialog.java,161.0,5.0,50.0,13.0,26.0,24.0,1,0.0027100271002710027,1534.258064516129,50908.148845341406,1,false
src/core/org/apache/jmeter/gui/MainFrame.java,269.0,43.0,107.0,26.0,89.0,37.0,2,0.005420054200542005,2355.342176665662,66508.74884534141,2,true
src/core/org/apache/jmeter/gui/NamePanel.java,106.0,13.0,96.0,16.0,29.0,23.0,2,0.005420054200542005,2355.342176665662,66508.74884534141,2,true
src/core/org/apache/jmeter/gui/action/AbstractAction.java,30.0,7.0,3.0,3.0,10.0,6.0,2,0.005420054200542005,1611.9247311827958,51125.89302630003,2,false
src/core/org/apache/jmeter/gui/action/ActionRouter.java,111.0,13.0,3.0,6.0,39.0,22.0,1,0.0027100271002710027,1534.258064516129,50908.148845341406,1,false
src/core/org/apache/jmeter/gui/action/AddParent.java,53.0,9.0,6.0,4.0,15.0,7.0,2,0.005420054200542005,2355.342176665662,66508.74884534141,2,false
src/core/org/apache/jmeter/gui/action/AddToTree.java,42.0,12.0,4.0,4.0,18.0,8.0,2,0.005420054200542005,2355.342176665662,66508.74884534141,2,false
src/core/org/apache/jmeter/gui/action/ChangeLanguage.java,27.0,8.0,1.0,2.0,5.0,3.0,2,0.005420054200542005,2355.342176665662,66508.74884534141,2,false
src/core/org/apache/jmeter/gui/action/CheckDirty.java,115.0,11.0,9.0,6.0,18.0,14.0,0,0.0,0.0,0.0,0,false
src/core/org/apache/jmeter/gui/action/GlobalMouseListener.java,11.0,5.0,0.0,1.0,1.0,1.0,1,0.0027100271002710027,1534.258064516129,50908.148845341406,1,false
src/core/org/apache/jmeter/gui/action/Help.java,67.0,14.0,1.0,3.0,19.0,8.0,2,0.005420054200542005,2355.342176665662,66508.74884534141,2,true
src/core/org/apache/jmeter/gui/action/Load.java,187.0,25.0,15.0,6.0,34.0,20.0,2,0.005420054200542005,2355.342176665662,66508.74884534141,2,false
src/core/org/apache/jmeter/gui/action/New.java,42.0,8.0,3.0,3.0,15.0,7.0,2,0.005420054200542005,2355.342176665662,66508.74884534141,2,true
src/core/org/apache/jmeter/gui/action/RemoteStart.java,76.0,15.0,6.0,4.0,26.0,10.0,1,0.0027100271002710027,1534.258064516129,50908.148845341406,1,false
src/core/org/apache/jmeter/gui/action/Save.java,124.0,17.0,11.0,6.0,28.0,15.0,2,0.005420054200542005,2355.342176665662,66508.74884534141,2,false
src/core/org/apache/jmeter/gui/action/Start.java,58.0,9.0,4.0,4.0,19.0,9.0,1,0.0027100271002710027,1534.258064516129,50908.148845341406,1,false
src/core/org/apache/jmeter/gui/tree/JMeterCellRenderer.java,21.0,3.0,1.0,2.0,5.0,4.0,2,0.005420054200542005,2355.342176665662,66508.74884534141,2,false
src/core/org/apache/jmeter/gui/tree/JMeterTreeModel.java,102.0,15.0,36.0,9.0,37.0,25.0,2,0.005420054200542005,2355.342176665662,66508.74884534141,2,false
src/core/org/apache/jmeter/gui/tree/JMeterTreeNode.java,58.0,10.0,76.0,13.0,25.0,20.0,2,0.005420054200542005,2355.342176665662,66508.74884534141,2,false
src/core/org/apache/jmeter/gui/util/FilePanel.java,85.0,15.0,6.0,9.0,24.0,17.0,0,0.0,0.0,0.0,0,true
src/core/org/apache/jmeter/gui/util/JMeterColor.java,16.0,1.0,1.0,2.0,0.0,2.0,1,0.0027100271002710027,1534.258064516129,50908.148845341406,1,false
src/core/org/apache/jmeter/gui/util/JMeterMenuBar.java,357.0,21.0,104.0,20.0,98.0,46.0,2,0.005420054200542005,2355.342176665662,66508.74884534141,2,false
src/core/org/apache/jmeter/gui/util/MenuFactory.java,333.0,21.0,163.0,19.0,69.0,47.0,2,0.005420054200542005,2355.342176665662,66508.74884534141,2,false
src/core/org/apache/jmeter/gui/util/PowerTableModel.java,210.0,4.0,0.0,22.0,39.0,41.0,0,0.0,0.0,0.0,0,false
src/core/org/apache/jmeter/junit/JMeterTest.java,120.0,18.0,21.0,7.0,56.0,23.0,2,0.005420054200542005,2355.342176665662,66508.74884534141,2,false
src/core/org/apache/jmeter/plugin/JMeterPlugin.java,7.0,0.0,1.0,2.0,0.0,2.0,1,0.0027100271002710027,821.0841121495328,15600.599999999999,1,false
src/core/org/apache/jmeter/plugin/PluginManager.java,33.0,3.0,3.0,3.0,7.0,9.0,3,0.008130081300813009,2476.2310655545507,66792.26700490745,3,false
src/core/org/apache/jmeter/reporters/FileReporter.java,71.0,20.0,0.0,3.0,23.0,11.0,1,0.0027100271002710027,220.66666666666666,1521.9889452452505,1,false
src/core/org/apache/jmeter/reporters/ResultCollector.java,268.0,30.0,395.0,30.0,70.0,67.0,3,0.008130081300813009,1875.8136200716847,52713.6559501527,3,false
src/core/org/apache/jmeter/samplers/RemoteSampleListener.java,24.0,1.0,21.0,7.0,0.0,14.0,0,0.0,0.0,0.0,0,false
src/core/org/apache/jmeter/samplers/RemoteSampleListenerImpl.java,77.0,2.0,13.0,10.0,8.0,20.0,0,0.0,0.0,0.0,0,false
src/core/org/apache/jmeter/samplers/SampleListener.java,20.0,0.0,3.0,3.0,0.0,3.0,0,0.0,0.0,0.0,0,false
src/core/org/apache/jmeter/save/DataSource.java,58.0,4.0,10.0,5.0,0.0,15.0,2,0.005420054200542005,1754.9247311827958,52430.137790586654,2,false
src/core/org/apache/jmeter/save/SaveService.java,303.0,19.0,120.0,17.0,119.0,62.0,3,0.008130081300813009,2576.0088433323285,68030.73779058666,3,false
src/core/org/apache/jmeter/swing/HtmlPane.java,10.0,1.0,0.0,1.0,0.0,1.0,0,0.0,0.0,0.0,0,false
src/core/org/apache/jmeter/testelement/AbstractTestElement.java,251.0,7.0,254.0,24.0,63.0,71.0,2,0.005420054200542005,2355.342176665662,66508.74884534141,2,true
src/core/org/apache/jmeter/threads/JMeterThread.java,145.0,18.0,48.0,13.0,58.0,31.0,2,0.005420054200542005,1611.9247311827958,51125.89302630003,2,false
src/core/org/apache/jmeter/threads/JMeterVariables.java,35.0,2.0,13.0,7.0,5.0,11.0,1,0.0027100271002710027,1534.258064516129,50908.148845341406,1,false
src/core/org/apache/jmeter/threads/ListenerNotifier.java,70.0,8.0,0.0,7.0,15.0,16.0,1,0.0027100271002710027,1534.258064516129,50908.148845341406,1,false
src/core/org/apache/jmeter/threads/TestCompiler.java,438.0,29.0,91.0,19.0,99.0,54.0,2,0.005420054200542005,2355.342176665662,66508.74884534141,2,false
src/core/org/apache/jmeter/threads/ThreadGroup.java,203.0,16.0,130.0,17.0,19.0,27.0,2,0.005420054200542005,1655.146953405018,51191.66700490745,2,false
src/core/org/apache/jmeter/threads/gui/ThreadGroupGui.java,140.0,22.0,27.0,11.0,42.0,17.0,2,0.005420054200542005,2355.342176665662,66508.74884534141,2,true
src/core/org/apache/jmeter/timers/Timer.java,36.0,1.0,10.0,5.0,0.0,9.0,1,0.0027100271002710027,120.88888888888889,283.5181595660464,1,false
src/core/org/apache/jmeter/timers/gui/AbstractTimerGui.java,16.0,5.0,1.0,2.0,2.0,4.0,2,0.005420054200542005,1655.146953405018,51191.66700490745,2,false
src/core/org/apache/jmeter/util/JMeterUtils.java,631.0,29.0,675.0,39.0,141.0,130.0,2,0.005420054200542005,2355.342176665662,66508.74884534141,2,false
src/core/org/apache/jmeter/util/JsseSSLManager.java,282.0,18.0,6.0,5.0,26.0,16.0,0,0.0,0.0,0.0,0,false
src/core/org/apache/jmeter/util/LocaleChangeEvent.java,16.0,1.0,1.0,3.0,0.0,4.0,2,0.005420054200542005,2355.342176665662,66508.74884534141,2,false
src/core/org/apache/jmeter/util/LocaleChangeListener.java,6.0,1.0,0.0,1.0,0.0,1.0,2,0.005420054200542005,2355.342176665662,66508.74884534141,2,false
src/core/org/apache/jmeter/util/SSLManager.java,217.0,12.0,18.0,8.0,31.0,26.0,1,0.0027100271002710027,821.0841121495328,15600.599999999999,1,false
src/core/org/apache/jmeter/util/keystore/DefaultKeyStore.java,45.0,10.0,2.0,5.0,9.0,15.0,2,0.005420054200542005,2355.342176665662,66508.74884534141,2,false
src/core/org/apache/jmeter/visualizers/gui/AbstractVisualizer.java,89.0,18.0,36.0,12.0,23.0,21.0,1,0.0027100271002710027,1534.258064516129,50908.148845341406,1,false
src/functions/org/apache/jmeter/functions/IntSum.java,67.0,8.0,9.0,6.0,6.0,14.0,2,0.005420054200542005,198.55555555555554,501.26234052466873,2,false
src/functions/org/apache/jmeter/functions/RegexFunction.java,247.0,24.0,10.0,9.0,54.0,34.0,2,0.005420054200542005,1611.9247311827958,51125.89302630003,2,false
src/jorphan/org/apache/jorphan/collections/Data.java,453.0,7.0,83.0,35.0,98.0,107.0,1,0.0027100271002710027,821.0841121495328,15600.599999999999,1,false
src/jorphan/org/apache/jorphan/collections/HashTree.java,761.0,13.0,1260.0,64.0,144.0,152.0,0,0.0,0.0,0.0,0,false
src/jorphan/org/apache/jorphan/collections/HashTreeTraverser.java,45.0,0.0,3.0,3.0,0.0,5.0,0,0.0,0.0,0.0,0,false
src/jorphan/org/apache/jorphan/collections/ListedHashTree.java,168.0,2.0,43.0,23.0,40.0,47.0,0,0.0,0.0,0.0,0,false
src/jorphan/org/apache/jorphan/collections/SearchByClass.java,88.0,1.0,15.0,7.0,6.0,14.0,0,0.0,0.0,0.0,0,false
src/jorphan/org/apache/jorphan/collections/SortedHashTree.java,42.0,8.0,28.0,8.0,7.0,14.0,0,0.0,0.0,0.0,0,false
src/jorphan/org/apache/jorphan/gui/ComponentUtil.java,56.0,2.0,3.0,3.0,20.0,7.0,0,0.0,0.0,0.0,0,false
src/jorphan/org/apache/jorphan/gui/JLabeledChoice.java,154.0,9.0,9.0,15.0,31.0,26.0,0,0.0,0.0,0.0,0,false
src/jorphan/org/apache/jorphan/gui/JLabeledField.java,15.0,2.0,10.0,5.0,0.0,5.0,0,0.0,0.0,0.0,0,false
src/jorphan/org/apache/jorphan/gui/JLabeledPasswordField.java,24.0,1.0,3.0,3.0,0.0,3.0,0,0.0,0.0,0.0,0,false
src/jorphan/org/apache/jorphan/gui/JLabeledTextArea.java,127.0,9.0,25.0,14.0,29.0,23.0,0,0.0,0.0,0.0,0,false
src/jorphan/org/apache/jorphan/gui/JLabeledTextField.java,133.0,8.0,30.0,16.0,29.0,24.0,0,0.0,0.0,0.0,0,false
src/jorphan/org/apache/jorphan/gui/layout/VerticalLayout.java,194.0,7.0,19.0,11.0,20.0,25.0,0,0.0,0.0,0.0,0,false
src/jorphan/org/apache/jorphan/io/TextFile.java,61.0,8.0,8.0,5.0,10.0,10.0,0,0.0,0.0,0.0,0,false
src/jorphan/org/apache/jorphan/logging/LoggingManager.java,75.0,13.0,10.0,8.0,23.0,19.0,0,0.0,0.0,0.0,0,false
src/jorphan/org/apache/jorphan/reflect/ClassFinder.java,377.0,17.0,251.0,23.0,110.0,90.0,0,0.0,0.0,0.0,0,false
src/jorphan/org/apache/jorphan/test/AllTests.java,140.0,14.0,8.0,5.0,24.0,19.0,1,0.0027100271002710027,821.0841121495328,15600.599999999999,1,false
src/jorphan/org/apache/jorphan/test/UnitTestManager.java,16.0,0.0,0.0,1.0,0.0,1.0,0,0.0,0.0,0.0,0,false
src/jorphan/org/apache/jorphan/util/JOrphanUtils.java,44.0,2.0,0.0,1.0,7.0,5.0,1,0.0027100271002710027,821.0841121495328,15600.599999999999,1,false
src/protocol/ftp/org/apache/jmeter/protocol/ftp/config/gui/FtpConfigGui.java,80.0,12.0,16.0,8.0,25.0,14.0,1,0.0027100271002710027,1534.258064516129,50908.148845341406,1,true
src/protocol/ftp/org/apache/jmeter/protocol/ftp/control/gui/FtpTestSamplerGui.java,53.0,13.0,4.0,5.0,17.0,7.0,1,0.0027100271002710027,1534.258064516129,50908.148845341406,1,true
src/protocol/http/org/apache/jmeter/protocol/http/config/MultipartUrlConfig.java,92.0,5.0,79.0,15.0,21.0,25.0,1,0.0027100271002710027,821.0841121495328,15600.599999999999,1,false
src/protocol/http/org/apache/jmeter/protocol/http/config/gui/HttpDefaultsGui.java,68.0,14.0,4.0,5.0,19.0,7.0,3,0.008130081300813009,2576.0088433323285,68030.73779058666,3,true
src/protocol/http/org/apache/jmeter/protocol/http/config/gui/MultipartUrlConfigGui.java,150.0,15.0,16.0,9.0,37.0,15.0,1,0.0027100271002710027,220.66666666666666,1521.9889452452505,1,false
src/protocol/http/org/apache/jmeter/protocol/http/config/gui/UrlConfigGui.java,195.0,20.0,19.0,11.0,65.0,21.0,2,0.005420054200542005,1041.7507788161995,17122.58894524525,2,false
src/protocol/http/org/apache/jmeter/protocol/http/control/CookieManager.java,239.0,24.0,145.0,18.0,114.0,52.0,0,0.0,0.0,0.0,0,true
src/protocol/http/org/apache/jmeter/protocol/http/control/gui/HttpTestSampleGui.java,87.0,18.0,5.0,6.0,28.0,14.0,1,0.0027100271002710027,1534.258064516129,50908.148845341406,1,false
src/protocol/http/org/apache/jmeter/protocol/http/control/gui/RecordController.java,10.0,2.0,0.0,1.0,1.0,2.0,2,0.005420054200542005,2355.342176665662,66508.74884534141,2,false
src/protocol/http/org/apache/jmeter/protocol/http/control/gui/SoapSamplerGui.java,65.0,14.0,2.0,5.0,26.0,11.0,1,0.0027100271002710027,1534.258064516129,50908.148845341406,1,true
src/protocol/http/org/apache/jmeter/protocol/http/gui/AuthPanel.java,355.0,34.0,1.0,7.0,61.0,17.0,1,0.0027100271002710027,1534.258064516129,50908.148845341406,1,true
src/protocol/http/org/apache/jmeter/protocol/http/gui/CookiePanel.java,231.0,33.0,35.0,11.0,79.0,24.0,1,0.0027100271002710027,1534.258064516129,50908.148845341406,1,true
src/protocol/http/org/apache/jmeter/protocol/http/gui/HTTPArgumentsPanel.java,55.0,8.0,4.0,4.0,23.0,10.0,1,0.0027100271002710027,1534.258064516129,50908.148845341406,1,false
src/protocol/http/org/apache/jmeter/protocol/http/gui/HeaderPanel.java,448.0,35.0,12.0,9.0,60.0,19.0,1,0.0027100271002710027,1534.258064516129,50908.148845341406,1,true
src/protocol/http/org/apache/jmeter/protocol/http/modifier/ParamModifier.java,85.0,8.0,26.0,8.0,18.0,19.0,0,0.0,0.0,0.0,0,false
src/protocol/http/org/apache/jmeter/protocol/http/modifier/URLRewritingModifier.java,127.0,17.0,11.0,7.0,21.0,19.0,1,0.0027100271002710027,1534.258064516129,50908.148845341406,1,true
src/protocol/http/org/apache/jmeter/protocol/http/modifier/gui/AnchorModifierGui.java,37.0,10.0,6.0,4.0,13.0,10.0,1,0.0027100271002710027,1534.258064516129,50908.148845341406,1,true
src/protocol/http/org/apache/jmeter/protocol/http/modifier/gui/ParamModifierGui.java,229.0,20.0,37.0,10.0,53.0,25.0,1,0.0027100271002710027,1534.258064516129,50908.148845341406,1,true
src/protocol/http/org/apache/jmeter/protocol/http/modifier/gui/URLRewritingModifierGui.java,53.0,12.0,2.0,5.0,20.0,10.0,1,0.0027100271002710027,1534.258064516129,50908.148845341406,1,true
src/protocol/http/org/apache/jmeter/protocol/http/modifier/gui/UserParameterModifierGui.java,60.0,11.0,15.0,7.0,20.0,15.0,1,0.0027100271002710027,1534.258064516129,50908.148845341406,1,true
src/protocol/http/org/apache/jmeter/protocol/http/proxy/HttpRequestHdr.java,249.0,19.0,50.0,13.0,81.0,51.0,1,0.0027100271002710027,821.0841121495328,15600.599999999999,1,false
src/protocol/http/org/apache/jmeter/protocol/http/proxy/ProxyControl.java,294.0,30.0,284.0,25.0,93.0,62.0,3,0.008130081300813009,2383.342176665662,66512.8104546173,3,true
src/protocol/http/org/apache/jmeter/protocol/http/proxy/gui/ProxyControlGui.java,303.0,39.0,247.0,26.0,112.0,46.0,2,0.005420054200542005,2355.342176665662,66508.74884534141,2,true
src/protocol/http/org/apache/jmeter/protocol/http/sampler/HTTPSampler.java,804.0,28.0,1223.0,55.0,232.0,146.0,3,0.008130081300813009,2576.0088433323285,68030.73779058666,3,true
src/protocol/http/org/apache/jmeter/protocol/http/sampler/PostWriter.java,134.0,6.0,16.0,9.0,54.0,34.0,1,0.0027100271002710027,1534.258064516129,50908.148845341406,1,false
src/protocol/http/org/apache/jmeter/protocol/http/sampler/SoapSampler.java,38.0,4.0,4.0,4.0,11.0,10.0,1,0.0027100271002710027,220.66666666666666,1521.9889452452505,1,false
src/protocol/http/org/apache/jmeter/protocol/http/util/HTTPArgument.java,164.0,9.0,106.0,16.0,38.0,34.0,1,0.0027100271002710027,1534.258064516129,50908.148845341406,1,true
src/protocol/java/org/apache/jmeter/protocol/java/config/gui/JavaConfigGui.java,83.0,20.0,16.0,8.0,37.0,15.0,1,0.0027100271002710027,1534.258064516129,50908.148845341406,1,false
src/protocol/java/org/apache/jmeter/protocol/java/control/gui/JavaTestSamplerGui.java,62.0,12.0,4.0,5.0,16.0,8.0,1,0.0027100271002710027,1534.258064516129,50908.148845341406,1,true
src/protocol/java/org/apache/jmeter/protocol/java/sampler/JavaSampler.java,149.0,11.0,79.0,15.0,55.0,34.0,0,0.0,0.0,0.0,0,false
src/protocol/java/org/apache/jmeter/protocol/java/test/SleepTest.java,112.0,8.0,2.0,9.0,51.0,23.0,0,0.0,0.0,0.0,0,false
src/protocol/jdbc/org/apache/jmeter/protocol/jdbc/config/gui/DbConfigGui.java,103.0,14.0,12.0,8.0,29.0,14.0,1,0.0027100271002710027,1534.258064516129,50908.148845341406,1,true
src/protocol/jdbc/org/apache/jmeter/protocol/jdbc/config/gui/PoolConfigGui.java,129.0,16.0,25.0,10.0,39.0,19.0,1,0.0027100271002710027,1534.258064516129,50908.148845341406,1,true
src/protocol/jdbc/org/apache/jmeter/protocol/jdbc/config/gui/SqlConfigGui.java,65.0,12.0,13.0,7.0,21.0,12.0,1,0.0027100271002710027,1534.258064516129,50908.148845341406,1,true
src/protocol/jdbc/org/apache/jmeter/protocol/jdbc/control/gui/JdbcTestSampleGui.java,55.0,13.0,4.0,5.0,16.0,7.0,1,0.0027100271002710027,1534.258064516129,50908.148845341406,1,true
src/protocol/jdbc/org/apache/jmeter/protocol/jdbc/sampler/JDBCSampler.java,173.0,21.0,128.0,17.0,50.0,42.0,1,0.0027100271002710027,821.0841121495328,15600.599999999999,1,false
