name,LOC,CBO,LCOM,NOM,RFC,WMC,numOfChanges,bccm,structuralWorkloadSum,semanticWorkloadSum,numberOfDeveloper,isBuggy
src/components/org/apache/jmeter/assertions/XMLAssertion.java,63.0,5.0,3.0,3.0,9.0,12.0,2,0.00408997955010225,4602.0539028731255,170301.32804023978,2,false
src/components/org/apache/jmeter/assertions/gui/AssertionGui.java,254.0,20.0,29.0,10.0,63.0,27.0,1,0.002044989775051125,3190.198830409357,149381.2992027853,1,false
src/components/org/apache/jmeter/assertions/gui/DurationAssertionGui.java,98.0,14.0,24.0,9.0,26.0,17.0,1,0.002044989775051125,3190.198830409357,149381.2992027853,1,false
src/components/org/apache/jmeter/assertions/gui/XMLAssertionGui.java,52.0,4.0,15.0,6.0,9.0,10.0,2,0.00408997955010225,4602.0539028731255,170301.32804023978,2,false
src/components/org/apache/jmeter/control/InterleaveControl.java,298.0,7.0,67.0,15.0,21.0,36.0,1,0.002044989775051125,3190.198830409357,149381.2992027853,1,false
src/components/org/apache/jmeter/control/ModuleController.java,147.0,10.0,20.0,13.0,48.0,36.0,1,0.002044989775051125,3190.198830409357,149381.2992027853,1,false
src/components/org/apache/jmeter/control/OnceOnlyController.java,117.0,7.0,10.0,5.0,5.0,10.0,1,0.002044989775051125,3190.198830409357,149381.2992027853,1,false
src/components/org/apache/jmeter/control/RandomController.java,26.0,2.0,1.0,3.0,6.0,5.0,1,0.002044989775051125,3190.198830409357,149381.2992027853,1,false
src/components/org/apache/jmeter/control/ThroughputController.java,223.0,11.0,385.0,31.0,56.0,69.0,1,0.002044989775051125,3190.198830409357,149381.2992027853,1,true
src/components/org/apache/jmeter/control/gui/InterleaveControlGui.java,61.0,5.0,9.0,6.0,14.0,13.0,1,0.002044989775051125,3190.198830409357,149381.2992027853,1,false
src/components/org/apache/jmeter/control/gui/ModuleControllerGui.java,139.0,21.0,33.0,11.0,45.0,29.0,2,0.00408997955010225,4602.0539028731255,170301.32804023978,2,true
src/components/org/apache/jmeter/control/gui/RandomControlGui.java,60.0,6.0,9.0,6.0,14.0,13.0,1,0.002044989775051125,3190.198830409357,149381.2992027853,1,false
src/components/org/apache/jmeter/control/gui/ThroughputControllerGui.java,112.0,14.0,10.0,8.0,37.0,24.0,2,0.00408997955010225,4602.0539028731255,170301.32804023978,2,false
src/components/org/apache/jmeter/extractor/RegexExtractor.java,239.0,24.0,121.0,18.0,64.0,47.0,2,0.00408997955010225,4602.0539028731255,170301.32804023978,2,false
src/components/org/apache/jmeter/extractor/gui/RegexExtractorGui.java,98.0,11.0,39.0,10.0,25.0,15.0,2,0.00408997955010225,4602.0539028731255,170301.32804023978,2,false
src/components/org/apache/jmeter/modifiers/CounterConfig.java,89.0,12.0,69.0,14.0,25.0,22.0,2,0.00408997955010225,4602.0539028731255,170301.32804023978,2,false
src/components/org/apache/jmeter/modifiers/UserParameters.java,99.0,13.0,79.0,14.0,28.0,29.0,2,0.00408997955010225,3239.798830409357,149421.6926888971,2,false
src/components/org/apache/jmeter/modifiers/gui/CounterConfigGui.java,63.0,7.0,9.0,6.0,25.0,10.0,2,0.00408997955010225,4602.0539028731255,170301.32804023978,2,false
src/components/org/apache/jmeter/modifiers/gui/UserParametersGui.java,187.0,26.0,20.0,9.0,45.0,18.0,2,0.00408997955010225,4602.0539028731255,170301.32804023978,2,false
src/components/org/apache/jmeter/reporters/MailerModel.java,231.0,20.0,320.0,28.0,54.0,54.0,1,0.002044989775051125,3190.198830409357,149381.2992027853,1,false
src/components/org/apache/jmeter/reporters/MailerResultCollector.java,27.0,5.0,0.0,4.0,7.0,5.0,1,0.002044989775051125,3190.198830409357,149381.2992027853,1,false
src/components/org/apache/jmeter/timers/ConstantTimer.java,70.0,11.0,18.0,8.0,4.0,16.0,1,0.002044989775051125,3190.198830409357,149381.2992027853,1,false
src/components/org/apache/jmeter/visualizers/AssertionVisualizer.java,75.0,12.0,9.0,6.0,27.0,12.0,1,0.002044989775051125,3190.198830409357,149381.2992027853,1,true
src/components/org/apache/jmeter/visualizers/GraphModel.java,197.0,8.0,92.0,20.0,29.0,40.0,2,0.00408997955010225,4602.0539028731255,170301.32804023978,2,false
src/components/org/apache/jmeter/visualizers/GraphVisualizer.java,346.0,22.0,144.0,21.0,97.0,44.0,1,0.002044989775051125,3190.198830409357,149381.2992027853,1,true
src/components/org/apache/jmeter/visualizers/MailerVisualizer.java,218.0,24.0,85.0,14.0,44.0,31.0,2,0.00408997955010225,4602.0539028731255,170301.32804023978,2,true
src/components/org/apache/jmeter/visualizers/TableDataModel.java,125.0,8.0,99.0,15.0,16.0,32.0,2,0.00408997955010225,4602.0539028731255,170301.32804023978,2,false
src/components/org/apache/jmeter/visualizers/TableVisualizer.java,149.0,17.0,0.0,9.0,33.0,12.0,1,0.002044989775051125,3190.198830409357,149381.2992027853,1,true
src/components/org/apache/jmeter/visualizers/ViewResultsFullVisualizer.java,327.0,36.0,71.0,18.0,112.0,46.0,1,0.002044989775051125,3190.198830409357,149381.2992027853,1,true
src/core/org/apache/jmeter/JMeter.java,309.0,46.0,36.0,12.0,81.0,45.0,2,0.00408997955010225,4602.0539028731255,170301.32804023978,2,false
src/core/org/apache/jmeter/NewDriver.java,86.0,10.0,4.0,4.0,11.0,8.0,1,0.002044989775051125,3190.198830409357,149381.2992027853,1,false
src/core/org/apache/jmeter/ProxyAuthenticator.java,34.0,2.0,0.0,2.0,1.0,6.0,1,0.002044989775051125,3190.198830409357,149381.2992027853,1,false
src/core/org/apache/jmeter/assertions/Assertion.java,18.0,1.0,0.0,1.0,0.0,3.0,1,0.002044989775051125,3190.198830409357,149381.2992027853,1,false
src/core/org/apache/jmeter/assertions/AssertionResult.java,71.0,1.0,15.0,7.0,0.0,16.0,1,0.002044989775051125,3190.198830409357,149381.2992027853,1,false
src/core/org/apache/jmeter/assertions/gui/AbstractAssertionGui.java,31.0,5.0,1.0,2.0,2.0,6.0,1,0.002044989775051125,3190.198830409357,149381.2992027853,1,false
src/core/org/apache/jmeter/config/Argument.java,89.0,3.0,8.0,9.0,8.0,14.0,2,0.00408997955010225,4602.0539028731255,170301.32804023978,2,false
src/core/org/apache/jmeter/config/Arguments.java,177.0,8.0,124.0,17.0,58.0,35.0,1,0.002044989775051125,3190.198830409357,149381.2992027853,1,false
src/core/org/apache/jmeter/config/ConfigElement.java,29.0,0.0,3.0,3.0,0.0,7.0,1,0.002044989775051125,3190.198830409357,149381.2992027853,1,false
src/core/org/apache/jmeter/config/ConfigTestElement.java,15.0,3.0,1.0,2.0,1.0,3.0,1,0.002044989775051125,3190.198830409357,149381.2992027853,1,false
src/core/org/apache/jmeter/config/ExtensionsFileFilter.java,91.0,3.0,13.0,7.0,9.0,14.0,1,0.002044989775051125,3190.198830409357,149381.2992027853,1,false
src/core/org/apache/jmeter/config/LoginConfig.java,39.0,2.0,10.0,5.0,4.0,8.0,2,0.00408997955010225,4602.0539028731255,170301.32804023978,2,false
src/core/org/apache/jmeter/config/gui/AbstractConfigGui.java,31.0,5.0,1.0,2.0,2.0,6.0,0,0.0,0.0,0.0,0,false
src/core/org/apache/jmeter/config/gui/ArgumentsPanel.java,307.0,24.0,150.0,24.0,68.0,54.0,2,0.00408997955010225,4602.0539028731255,170301.32804023978,2,false
src/core/org/apache/jmeter/config/gui/LoginConfigGui.java,104.0,10.0,24.0,9.0,22.0,18.0,1,0.002044989775051125,1411.855072463768,20920.028837454483,1,true
src/core/org/apache/jmeter/config/gui/SimpleConfigGui.java,212.0,18.0,43.0,14.0,60.0,33.0,1,0.002044989775051125,1411.855072463768,20920.028837454483,1,false
src/core/org/apache/jmeter/control/Controller.java,35.0,3.0,6.0,4.0,0.0,8.0,1,0.002044989775051125,3190.198830409357,149381.2992027853,1,false
src/core/org/apache/jmeter/control/GenericController.java,213.0,16.0,334.0,28.0,41.0,57.0,1,0.002044989775051125,3190.198830409357,149381.2992027853,1,true
src/core/org/apache/jmeter/control/LoopController.java,118.0,11.0,94.0,16.0,22.0,32.0,1,0.002044989775051125,3190.198830409357,149381.2992027853,1,true
src/core/org/apache/jmeter/control/NextIsNullException.java,2.0,0.0,0.0,0.0,0.0,0.0,1,0.002044989775051125,3190.198830409357,149381.2992027853,1,false
src/core/org/apache/jmeter/control/NoEntryException.java,8.0,0.0,0.0,1.0,0.0,1.0,1,0.002044989775051125,3190.198830409357,149381.2992027853,1,false
src/core/org/apache/jmeter/control/ReplaceableController.java,26.0,2.0,1.0,2.0,0.0,3.0,1,0.002044989775051125,3190.198830409357,149381.2992027853,1,false
src/core/org/apache/jmeter/control/gui/AbstractControllerGui.java,31.0,5.0,1.0,2.0,2.0,6.0,0,0.0,0.0,0.0,0,false
src/core/org/apache/jmeter/control/gui/LogicControllerGui.java,32.0,4.0,10.0,5.0,9.0,9.0,0,0.0,0.0,0.0,0,true
src/core/org/apache/jmeter/control/gui/LoopControlPanel.java,176.0,12.0,33.0,11.0,35.0,31.0,0,0.0,0.0,0.0,0,true
src/core/org/apache/jmeter/control/gui/TestPlanGui.java,118.0,17.0,26.0,9.0,31.0,21.0,2,0.00408997955010225,4602.0539028731255,170301.32804023978,2,true
src/core/org/apache/jmeter/control/gui/WorkBenchGui.java,72.0,9.0,28.0,8.0,15.0,17.0,0,0.0,0.0,0.0,0,true
src/core/org/apache/jmeter/engine/ClientJMeterEngine.java,67.0,9.0,6.0,9.0,14.0,15.0,2,0.00408997955010225,4602.0539028731255,170301.32804023978,2,false
src/core/org/apache/jmeter/engine/ConvertListeners.java,42.0,15.0,3.0,3.0,8.0,8.0,1,0.002044989775051125,3190.198830409357,149381.2992027853,1,false
src/core/org/apache/jmeter/engine/JMeterEngine.java,11.0,1.0,10.0,5.0,0.0,6.0,1,0.002044989775051125,3190.198830409357,149381.2992027853,1,false
src/core/org/apache/jmeter/engine/JMeterEngineException.java,11.0,1.0,1.0,2.0,0.0,2.0,1,0.002044989775051125,3190.198830409357,149381.2992027853,1,false
src/core/org/apache/jmeter/engine/LagDetector.java,54.0,0.0,2.0,5.0,2.0,11.0,1,0.002044989775051125,3190.198830409357,149381.2992027853,1,false
src/core/org/apache/jmeter/engine/PreCompiler.java,35.0,12.0,4.0,4.0,8.0,6.0,1,0.002044989775051125,3190.198830409357,149381.2992027853,1,false
src/core/org/apache/jmeter/engine/RemoteJMeterEngine.java,10.0,3.0,10.0,5.0,0.0,10.0,1,0.002044989775051125,3190.198830409357,149381.2992027853,1,false
src/core/org/apache/jmeter/engine/RemoteJMeterEngineImpl.java,54.0,6.0,0.0,7.0,14.0,16.0,1,0.002044989775051125,3190.198830409357,149381.2992027853,1,false
src/core/org/apache/jmeter/engine/StandardJMeterEngine.java,226.0,24.0,131.0,19.0,93.0,49.0,2,0.00408997955010225,4602.0539028731255,170301.32804023978,2,false
src/core/org/apache/jmeter/engine/TreeCloner.java,82.0,17.0,7.0,6.0,4.0,12.0,1,0.002044989775051125,3190.198830409357,149381.2992027853,1,false
src/core/org/apache/jmeter/engine/event/LoopIterationEvent.java,33.0,1.0,0.0,4.0,0.0,6.0,1,0.002044989775051125,3190.198830409357,149381.2992027853,1,false
src/core/org/apache/jmeter/engine/event/LoopIterationListener.java,8.0,0.0,0.0,1.0,0.0,1.0,0,0.0,0.0,0.0,0,false
src/core/org/apache/jmeter/engine/util/AbstractTransformer.java,19.0,1.0,2.0,4.0,0.0,6.0,0,0.0,0.0,0.0,0,false
src/core/org/apache/jmeter/engine/util/CompoundVariable.java,284.0,23.0,139.0,19.0,59.0,68.0,2,0.00408997955010225,4602.0539028731255,170301.32804023978,2,false
src/core/org/apache/jmeter/engine/util/DisabledComponentRemover.java,21.0,4.0,2.0,4.0,5.0,5.0,1,0.002044989775051125,3190.198830409357,149381.2992027853,1,false
src/core/org/apache/jmeter/engine/util/NoThreadClone.java,8.0,0.0,0.0,0.0,0.0,0.0,1,0.002044989775051125,3190.198830409357,149381.2992027853,1,false
src/core/org/apache/jmeter/engine/util/ReplaceFunctionsWithStrings.java,22.0,6.0,1.0,2.0,11.0,6.0,1,0.002044989775051125,3190.198830409357,149381.2992027853,1,false
src/core/org/apache/jmeter/engine/util/ReplaceStringWithFunctions.java,20.0,4.0,1.0,2.0,9.0,6.0,2,0.00408997955010225,4602.0539028731255,170301.32804023978,2,false
src/core/org/apache/jmeter/engine/util/SimpleVariable.java,34.0,5.0,0.0,6.0,4.0,10.0,1,0.002044989775051125,3190.198830409357,149381.2992027853,1,false
src/core/org/apache/jmeter/engine/util/UndoVariableReplacement.java,22.0,6.0,1.0,2.0,11.0,6.0,1,0.002044989775051125,3190.198830409357,149381.2992027853,1,false
src/core/org/apache/jmeter/engine/util/ValueReplacer.java,107.0,22.0,18.0,9.0,27.0,19.0,1,0.002044989775051125,3190.198830409357,149381.2992027853,1,false
src/core/org/apache/jmeter/engine/util/ValueTransformer.java,24.0,3.0,3.0,3.0,0.0,7.0,1,0.002044989775051125,3190.198830409357,149381.2992027853,1,false
src/core/org/apache/jmeter/exceptions/IllegalUserActionException.java,11.0,0.0,1.0,2.0,0.0,2.0,1,0.002044989775051125,3190.198830409357,149381.2992027853,1,false
src/core/org/apache/jmeter/functions/AbstractFunction.java,57.0,12.0,15.0,6.0,11.0,18.0,1,0.002044989775051125,3190.198830409357,149381.2992027853,1,true
src/core/org/apache/jmeter/functions/Function.java,40.0,4.0,6.0,4.0,0.0,12.0,1,0.002044989775051125,3190.198830409357,149381.2992027853,1,false
src/core/org/apache/jmeter/functions/InvalidVariableException.java,11.0,0.0,1.0,2.0,0.0,2.0,1,0.002044989775051125,3190.198830409357,149381.2992027853,1,false
src/core/org/apache/jmeter/functions/gui/FunctionHelper.java,111.0,26.0,0.0,5.0,50.0,13.0,1,0.002044989775051125,3190.198830409357,149381.2992027853,1,false
src/core/org/apache/jmeter/functions/util/ArgumentDecoder.java,10.0,1.0,0.0,1.0,1.0,2.0,1,0.002044989775051125,3190.198830409357,149381.2992027853,1,false
src/core/org/apache/jmeter/functions/util/ArgumentEncoder.java,10.0,1.0,0.0,1.0,1.0,2.0,1,0.002044989775051125,3190.198830409357,149381.2992027853,1,false
src/core/org/apache/jmeter/gui/AbstractJMeterGuiComponent.java,199.0,16.0,92.0,16.0,31.0,45.0,2,0.00408997955010225,4602.0539028731255,170301.32804023978,2,true
src/core/org/apache/jmeter/gui/GUIFactory.java,81.0,4.0,6.0,5.0,11.0,16.0,1,0.002044989775051125,3190.198830409357,149381.2992027853,1,false
src/core/org/apache/jmeter/gui/GuiPackage.java,339.0,15.0,210.0,25.0,51.0,72.0,2,0.00408997955010225,4602.0539028731255,170301.32804023978,2,true
src/core/org/apache/jmeter/gui/JMeterFileFilter.java,59.0,2.0,0.0,4.0,7.0,15.0,0,0.0,0.0,0.0,0,false
src/core/org/apache/jmeter/gui/JMeterGUIComponent.java,101.0,4.0,66.0,12.0,0.0,30.0,2,0.00408997955010225,4602.0539028731255,170301.32804023978,2,false
src/core/org/apache/jmeter/gui/MainFrame.java,332.0,43.0,127.0,26.0,75.0,50.0,1,0.002044989775051125,1411.855072463768,20920.028837454483,1,true
src/core/org/apache/jmeter/gui/NamePanel.java,121.0,14.0,129.0,18.0,32.0,29.0,0,0.0,0.0,0.0,0,true
src/core/org/apache/jmeter/gui/UnsharedComponent.java,9.0,0.0,0.0,0.0,0.0,0.0,0,0.0,0.0,0.0,0,false
src/core/org/apache/jmeter/gui/action/AbstractAction.java,42.0,10.0,3.0,3.0,12.0,6.0,2,0.00408997955010225,4602.0539028731255,170301.32804023978,2,false
src/core/org/apache/jmeter/gui/action/ActionRouter.java,237.0,15.0,78.0,16.0,81.0,53.0,2,0.00408997955010225,4602.0539028731255,170301.32804023978,2,false
src/core/org/apache/jmeter/gui/action/AddParent.java,53.0,9.0,6.0,4.0,15.0,6.0,2,0.00408997955010225,4602.0539028731255,170301.32804023978,2,false
src/core/org/apache/jmeter/gui/action/AddToTree.java,42.0,12.0,4.0,4.0,18.0,7.0,2,0.00408997955010225,4602.0539028731255,170301.32804023978,2,false
src/core/org/apache/jmeter/gui/action/ChangeLanguage.java,27.0,8.0,1.0,2.0,5.0,3.0,2,0.00408997955010225,4602.0539028731255,170301.32804023978,2,false
src/core/org/apache/jmeter/gui/action/CheckDirty.java,113.0,12.0,15.0,7.0,26.0,17.0,2,0.00408997955010225,4602.0539028731255,170301.32804023978,2,false
src/core/org/apache/jmeter/gui/action/Clear.java,56.0,10.0,3.0,3.0,13.0,8.0,2,0.00408997955010225,4602.0539028731255,170301.32804023978,2,false
src/core/org/apache/jmeter/gui/action/Copy.java,47.0,8.0,13.0,6.0,21.0,11.0,1,0.002044989775051125,3190.198830409357,149381.2992027853,1,false
src/core/org/apache/jmeter/gui/action/CreateFunctionDialog.java,20.0,4.0,1.0,3.0,1.0,4.0,1,0.002044989775051125,3190.198830409357,149381.2992027853,1,false
src/core/org/apache/jmeter/gui/action/ExitCommand.java,47.0,6.0,3.0,3.0,10.0,8.0,2,0.00408997955010225,4602.0539028731255,170301.32804023978,2,true
src/core/org/apache/jmeter/gui/action/Help.java,67.0,13.0,1.0,3.0,19.0,8.0,2,0.00408997955010225,4602.0539028731255,170301.32804023978,2,true
src/core/org/apache/jmeter/gui/action/Load.java,173.0,24.0,13.0,6.0,41.0,22.0,2,0.00408997955010225,4602.0539028731255,170301.32804023978,2,false
src/core/org/apache/jmeter/gui/action/SSLManagerCommand.java,83.0,10.0,3.0,3.0,14.0,7.0,1,0.002044989775051125,3190.198830409357,149381.2992027853,1,false
src/core/org/apache/jmeter/gui/action/Save.java,125.0,18.0,11.0,6.0,30.0,15.0,2,0.00408997955010225,4602.0539028731255,170301.32804023978,2,false
src/core/org/apache/jmeter/gui/tree/JMeterTreeModel.java,154.0,20.0,66.0,12.0,64.0,36.0,2,0.00408997955010225,4602.0539028731255,170301.32804023978,2,false
src/core/org/apache/jmeter/gui/tree/JMeterTreeNode.java,83.0,13.0,97.0,15.0,29.0,29.0,2,0.00408997955010225,4602.0539028731255,170301.32804023978,2,false
src/core/org/apache/jmeter/gui/util/FilePanel.java,91.0,14.0,5.0,10.0,24.0,18.0,2,0.00408997955010225,4602.0539028731255,170301.32804023978,2,true
src/core/org/apache/jmeter/gui/util/JDateField.java,312.0,10.0,0.0,3.0,8.0,7.0,2,0.00408997955010225,4602.0539028731255,170301.32804023978,2,true
src/core/org/apache/jmeter/gui/util/JMeterMenuBar.java,372.0,21.0,104.0,20.0,100.0,46.0,1,0.002044989775051125,3190.198830409357,149381.2992027853,1,false
src/core/org/apache/jmeter/gui/util/MenuFactory.java,329.0,23.0,163.0,19.0,70.0,46.0,1,0.002044989775051125,3190.198830409357,149381.2992027853,1,false
src/core/org/apache/jmeter/gui/util/PowerTableModel.java,213.0,6.0,0.0,22.0,40.0,41.0,2,0.00408997955010225,4602.0539028731255,170301.32804023978,2,false
src/core/org/apache/jmeter/gui/util/TextAreaTableCellEditor.java,211.0,15.0,0.0,13.0,16.0,24.0,1,0.002044989775051125,3190.198830409357,149381.2992027853,1,false
src/core/org/apache/jmeter/junit/JMeterTest.java,124.0,21.0,19.0,7.0,58.0,22.0,1,0.002044989775051125,3190.198830409357,149381.2992027853,1,false
src/core/org/apache/jmeter/junit/JMeterTestCase.java,11.0,4.0,0.0,1.0,0.0,1.0,0,0.0,0.0,0.0,0,false
src/core/org/apache/jmeter/junit/stubs/TestSampler.java,18.0,3.0,6.0,4.0,2.0,6.0,0,0.0,0.0,0.0,0,false
src/core/org/apache/jmeter/plugin/PluginManager.java,30.0,3.0,3.0,3.0,7.0,7.0,1,0.002044989775051125,3190.198830409357,149381.2992027853,1,false
src/core/org/apache/jmeter/reporters/ResultCollector.java,247.0,31.0,421.0,31.0,77.0,71.0,1,0.002044989775051125,3190.198830409357,149381.2992027853,1,false
src/core/org/apache/jmeter/samplers/RemoteListenerWrapper.java,75.0,8.0,0.0,10.0,14.0,17.0,1,0.002044989775051125,3190.198830409357,149381.2992027853,1,false
src/core/org/apache/jmeter/samplers/RemoteSampleListenerImpl.java,79.0,3.0,23.0,11.0,8.0,21.0,1,0.002044989775051125,3190.198830409357,149381.2992027853,1,false
src/core/org/apache/jmeter/samplers/RemoteSampleListenerWrapper.java,41.0,6.0,0.0,5.0,6.0,8.0,1,0.002044989775051125,3190.198830409357,149381.2992027853,1,false
src/core/org/apache/jmeter/samplers/RemoteTestListenerWrapper.java,51.0,7.0,1.0,7.0,8.0,11.0,1,0.002044989775051125,3190.198830409357,149381.2992027853,1,false
src/core/org/apache/jmeter/samplers/gui/AbstractSamplerGui.java,31.0,5.0,1.0,2.0,2.0,6.0,0,0.0,0.0,0.0,0,false
src/core/org/apache/jmeter/save/DataSource.java,58.0,3.0,10.0,5.0,0.0,15.0,1,0.002044989775051125,3190.198830409357,149381.2992027853,1,false
src/core/org/apache/jmeter/save/SaveService.java,633.0,36.0,260.0,25.0,158.0,95.0,2,0.00408997955010225,4602.0539028731255,170301.32804023978,2,false
src/core/org/apache/jmeter/save/TestElementSaver.java,99.0,10.0,9.0,11.0,40.0,23.0,1,0.002044989775051125,3190.198830409357,149381.2992027853,1,false
src/core/org/apache/jmeter/swing/HtmlPane.java,25.0,5.0,1.0,3.0,13.0,7.0,2,0.00408997955010225,4602.0539028731255,170301.32804023978,2,false
src/core/org/apache/jmeter/testelement/AbstractTestElement.java,220.0,16.0,328.0,28.0,91.0,64.0,2,0.00408997955010225,4602.0539028731255,170301.32804023978,2,true
src/core/org/apache/jmeter/testelement/TestListener.java,20.0,1.0,10.0,5.0,0.0,5.0,1,0.002044989775051125,3190.198830409357,149381.2992027853,1,false
src/core/org/apache/jmeter/testelement/TestPlan.java,126.0,14.0,108.0,16.0,22.0,28.0,1,0.002044989775051125,3190.198830409357,149381.2992027853,1,false
src/core/org/apache/jmeter/testelement/property/AbstractProperty.java,278.0,7.0,257.0,26.0,54.0,79.0,2,0.00408997955010225,4602.0539028731255,170301.32804023978,2,false
src/core/org/apache/jmeter/testelement/property/CollectionProperty.java,138.0,5.0,0.0,21.0,36.0,45.0,2,0.00408997955010225,4602.0539028731255,170301.32804023978,2,false
src/core/org/apache/jmeter/testelement/property/DoubleProperty.java,73.0,0.0,0.0,13.0,3.0,22.0,1,0.002044989775051125,3190.198830409357,149381.2992027853,1,false
src/core/org/apache/jmeter/testelement/property/FloatProperty.java,73.0,0.0,0.0,13.0,3.0,22.0,1,0.002044989775051125,3190.198830409357,149381.2992027853,1,false
src/core/org/apache/jmeter/testelement/property/FunctionProperty.java,77.0,3.0,0.0,8.0,12.0,19.0,2,0.00408997955010225,4602.0539028731255,170301.32804023978,2,false
src/core/org/apache/jmeter/testelement/property/IntegerProperty.java,77.0,0.0,0.0,14.0,4.0,23.0,2,0.00408997955010225,4602.0539028731255,170301.32804023978,2,false
src/core/org/apache/jmeter/testelement/property/JMeterProperty.java,73.0,2.0,171.0,19.0,0.0,25.0,0,0.0,0.0,0.0,0,false
src/core/org/apache/jmeter/testelement/property/LongProperty.java,74.0,0.0,0.0,13.0,4.0,22.0,1,0.002044989775051125,3190.198830409357,149381.2992027853,1,false
src/core/org/apache/jmeter/testelement/property/MapProperty.java,113.0,2.0,0.0,17.0,30.0,35.0,2,0.00408997955010225,4602.0539028731255,170301.32804023978,2,false
src/core/org/apache/jmeter/testelement/property/MultiProperty.java,71.0,1.0,36.0,9.0,21.0,20.0,2,0.00408997955010225,4602.0539028731255,170301.32804023978,2,false
src/core/org/apache/jmeter/testelement/property/NumberProperty.java,56.0,0.0,15.0,6.0,3.0,13.0,1,0.002044989775051125,3190.198830409357,149381.2992027853,1,false
src/core/org/apache/jmeter/testelement/property/StringProperty.java,62.0,1.0,0.0,9.0,2.0,14.0,2,0.00408997955010225,4602.0539028731255,170301.32804023978,2,false
src/core/org/apache/jmeter/testelement/property/TestElementProperty.java,70.0,1.0,0.0,15.0,13.0,25.0,2,0.00408997955010225,4602.0539028731255,170301.32804023978,2,false
src/core/org/apache/jmeter/threads/JMeterContext.java,80.0,2.0,50.0,13.0,1.0,19.0,2,0.00408997955010225,4602.0539028731255,170301.32804023978,2,false
src/core/org/apache/jmeter/threads/JMeterContextService.java,31.0,3.0,4.0,4.0,9.0,7.0,2,0.00408997955010225,4602.0539028731255,170301.32804023978,2,false
src/core/org/apache/jmeter/threads/JMeterThread.java,269.0,22.0,210.0,24.0,75.0,54.0,3,0.006134969325153374,4651.653902873126,170341.72152635158,3,false
src/core/org/apache/jmeter/threads/JMeterVariables.java,52.0,3.0,23.0,11.0,14.0,18.0,1,0.002044989775051125,3190.198830409357,149381.2992027853,1,false
src/core/org/apache/jmeter/threads/TestCompiler.java,261.0,29.0,71.0,14.0,46.0,25.0,2,0.00408997955010225,4602.0539028731255,170301.32804023978,2,false
src/core/org/apache/jmeter/threads/ThreadGroup.java,237.0,20.0,241.0,23.0,26.0,34.0,2,0.00408997955010225,4602.0539028731255,170301.32804023978,2,false
src/core/org/apache/jmeter/threads/gui/ThreadGroupGui.java,182.0,25.0,67.0,14.0,55.0,28.0,2,0.00408997955010225,4602.0539028731255,170301.32804023978,2,true
src/core/org/apache/jmeter/timers/gui/AbstractTimerGui.java,31.0,5.0,1.0,2.0,2.0,6.0,0,0.0,0.0,0.0,0,false
src/core/org/apache/jmeter/util/JMeterUtils.java,655.0,32.0,827.0,43.0,143.0,140.0,2,0.00408997955010225,4602.0539028731255,170301.32804023978,2,false
src/core/org/apache/jmeter/util/JsseSSLManager.java,280.0,20.0,6.0,5.0,29.0,17.0,1,0.002044989775051125,3190.198830409357,149381.2992027853,1,false
src/core/org/apache/jmeter/util/NameUpdater.java,24.0,4.0,0.0,1.0,2.0,3.0,2,0.00408997955010225,4602.0539028731255,170301.32804023978,2,false
src/core/org/apache/jmeter/visualizers/Visualizer.java,13.0,1.0,0.0,1.0,0.0,2.0,2,0.00408997955010225,4602.0539028731255,170301.32804023978,2,false
src/core/org/apache/jmeter/visualizers/gui/AbstractVisualizer.java,206.0,19.0,61.0,15.0,25.0,35.0,2,0.00408997955010225,4602.0539028731255,170301.32804023978,2,false
src/functions/org/apache/jmeter/functions/CSVRead.java,193.0,14.0,49.0,15.0,41.0,44.0,1,0.002044989775051125,3190.198830409357,149381.2992027853,1,true
src/functions/org/apache/jmeter/functions/FileDataContainer.java,82.0,4.0,0.0,7.0,8.0,16.0,1,0.002044989775051125,3190.198830409357,149381.2992027853,1,false
src/functions/org/apache/jmeter/functions/IntSum.java,67.0,9.0,13.0,6.0,6.0,16.0,1,0.002044989775051125,3190.198830409357,149381.2992027853,1,false
src/functions/org/apache/jmeter/functions/IterationCounter.java,45.0,9.0,7.0,6.0,8.0,15.0,1,0.002044989775051125,3190.198830409357,149381.2992027853,1,false
src/functions/org/apache/jmeter/functions/JavaScript.java,47.0,12.0,13.0,6.0,9.0,14.0,1,0.002044989775051125,3190.198830409357,149381.2992027853,1,false
src/functions/org/apache/jmeter/functions/MachineName.java,39.0,11.0,13.0,6.0,6.0,14.0,2,0.00408997955010225,4602.0539028731255,170301.32804023978,2,false
src/functions/org/apache/jmeter/functions/Property.java,48.0,8.0,13.0,6.0,5.0,14.0,2,0.00408997955010225,4602.0539028731255,170301.32804023978,2,false
src/functions/org/apache/jmeter/functions/Random.java,71.0,9.0,13.0,6.0,8.0,16.0,2,0.00408997955010225,4602.0539028731255,170301.32804023978,2,false
src/functions/org/apache/jmeter/functions/RegexFunction.java,207.0,23.0,23.0,10.0,50.0,36.0,1,0.002044989775051125,3190.198830409357,149381.2992027853,1,false
src/functions/org/apache/jmeter/functions/StringFromFile.java,93.0,13.0,9.0,7.0,18.0,19.0,2,0.00408997955010225,4602.0539028731255,170301.32804023978,2,false
src/functions/org/apache/jmeter/functions/ThreadNumber.java,18.0,7.0,10.0,5.0,4.0,10.0,1,0.002044989775051125,3190.198830409357,149381.2992027853,1,false
src/jorphan/org/apache/jorphan/collections/Data.java,461.0,9.0,81.0,35.0,100.0,108.0,2,0.00408997955010225,4602.0539028731255,170301.32804023978,2,false
src/jorphan/org/apache/jorphan/collections/HashTree.java,767.0,13.0,1378.0,65.0,150.0,153.0,2,0.00408997955010225,4602.0539028731255,170301.32804023978,2,false
src/jorphan/org/apache/jorphan/collections/ListedHashTree.java,167.0,10.0,71.0,23.0,40.0,47.0,2,0.00408997955010225,4602.0539028731255,170301.32804023978,2,false
src/jorphan/org/apache/jorphan/collections/SearchByClass.java,88.0,5.0,15.0,7.0,6.0,14.0,2,0.00408997955010225,4602.0539028731255,170301.32804023978,2,false
src/jorphan/org/apache/jorphan/collections/SortedHashTree.java,42.0,8.0,28.0,8.0,7.0,14.0,2,0.00408997955010225,4602.0539028731255,170301.32804023978,2,false
src/jorphan/org/apache/jorphan/gui/ComponentUtil.java,56.0,2.0,3.0,3.0,20.0,7.0,2,0.00408997955010225,4602.0539028731255,170301.32804023978,2,false
src/jorphan/org/apache/jorphan/gui/JLabeledField.java,15.0,2.0,10.0,5.0,0.0,5.0,2,0.00408997955010225,4602.0539028731255,170301.32804023978,2,false
src/jorphan/org/apache/jorphan/gui/JLabeledPasswordField.java,24.0,2.0,3.0,3.0,0.0,4.0,1,0.002044989775051125,3190.198830409357,149381.2992027853,1,false
src/jorphan/org/apache/jorphan/gui/JLabeledTextArea.java,125.0,13.0,25.0,14.0,23.0,22.0,2,0.00408997955010225,4602.0539028731255,170301.32804023978,2,false
src/jorphan/org/apache/jorphan/gui/JLabeledTextField.java,127.0,11.0,44.0,16.0,21.0,24.0,1,0.002044989775051125,3190.198830409357,149381.2992027853,1,false
src/jorphan/org/apache/jorphan/io/TextFile.java,61.0,8.0,8.0,5.0,10.0,10.0,2,0.00408997955010225,4602.0539028731255,170301.32804023978,2,false
src/jorphan/org/apache/jorphan/logging/LoggingManager.java,122.0,13.0,93.0,15.0,45.0,31.0,2,0.00408997955010225,4602.0539028731255,170301.32804023978,2,false
src/jorphan/org/apache/jorphan/reflect/ClassFinder.java,377.0,17.0,251.0,23.0,110.0,90.0,2,0.00408997955010225,4602.0539028731255,170301.32804023978,2,false
src/jorphan/org/apache/jorphan/test/AllTests.java,132.0,12.0,10.0,5.0,22.0,18.0,2,0.00408997955010225,4602.0539028731255,170301.32804023978,2,false
src/jorphan/org/apache/jorphan/util/ClassContext.java,29.0,0.0,1.0,3.0,3.0,5.0,2,0.00408997955010225,4602.0539028731255,170301.32804023978,2,false
src/protocol/ftp/org/apache/jmeter/protocol/ftp/config/gui/FtpConfigGui.java,80.0,10.0,24.0,9.0,23.0,16.0,1,0.002044989775051125,3190.198830409357,149381.2992027853,1,true
src/protocol/ftp/org/apache/jmeter/protocol/ftp/control/gui/FtpTestSamplerGui.java,52.0,9.0,9.0,6.0,15.0,10.0,1,0.002044989775051125,3190.198830409357,149381.2992027853,1,true
src/protocol/ftp/org/apache/jmeter/protocol/ftp/sampler/FTPSampler.java,75.0,7.0,32.0,9.0,24.0,17.0,1,0.002044989775051125,3190.198830409357,149381.2992027853,1,false
src/protocol/http/org/apache/jmeter/junit/protocol/http/config/HttpConfigSuite.java,14.0,1.0,0.0,1.0,0.0,2.0,2,0.00408997955010225,4602.0539028731255,170301.32804023978,2,false
src/protocol/http/org/apache/jmeter/junit/protocol/http/parser/HtmlParserTester.java,191.0,7.0,0.0,13.0,147.0,31.0,2,0.00408997955010225,4602.0539028731255,170301.32804023978,2,true
src/protocol/http/org/apache/jmeter/protocol/http/config/MultipartUrlConfig.java,92.0,4.0,79.0,15.0,21.0,25.0,2,0.00408997955010225,4602.0539028731255,170301.32804023978,2,false
src/protocol/http/org/apache/jmeter/protocol/http/config/gui/HttpDefaultsGui.java,73.0,12.0,15.0,7.0,19.0,12.0,1,0.002044989775051125,3190.198830409357,149381.2992027853,1,true
src/protocol/http/org/apache/jmeter/protocol/http/config/gui/MultipartUrlConfigGui.java,149.0,16.0,32.0,13.0,51.0,22.0,2,0.00408997955010225,4602.0539028731255,170301.32804023978,2,false
src/protocol/http/org/apache/jmeter/protocol/http/config/gui/UrlConfigGui.java,221.0,21.0,14.0,12.0,70.0,22.0,2,0.00408997955010225,4602.0539028731255,170301.32804023978,2,false
src/protocol/http/org/apache/jmeter/protocol/http/control/AuthManager.java,255.0,19.0,317.0,26.0,61.0,57.0,1,0.002044989775051125,3190.198830409357,149381.2992027853,1,false
src/protocol/http/org/apache/jmeter/protocol/http/control/Authorization.java,51.0,3.0,60.0,12.0,15.0,19.0,2,0.00408997955010225,4602.0539028731255,170301.32804023978,2,false
src/protocol/http/org/apache/jmeter/protocol/http/control/CookieManager.java,287.0,30.0,360.0,28.0,125.0,64.0,3,0.006134969325153374,4651.653902873126,170341.72152635158,3,true
src/protocol/http/org/apache/jmeter/protocol/http/control/Header.java,48.0,3.0,26.0,8.0,8.0,15.0,2,0.00408997955010225,4602.0539028731255,170301.32804023978,2,false
src/protocol/http/org/apache/jmeter/protocol/http/control/gui/HttpTestSampleGui.java,100.0,13.0,18.0,9.0,27.0,16.0,2,0.00408997955010225,4602.0539028731255,170301.32804023978,2,false
src/protocol/http/org/apache/jmeter/protocol/http/control/gui/SoapSamplerGui.java,64.0,11.0,15.0,7.0,25.0,16.0,2,0.00408997955010225,4602.0539028731255,170301.32804023978,2,true
src/protocol/http/org/apache/jmeter/protocol/http/control/gui/WebServiceSamplerGui.java,85.0,17.0,7.0,6.0,33.0,14.0,2,0.00408997955010225,4602.0539028731255,170301.32804023978,2,false
src/protocol/http/org/apache/jmeter/protocol/http/gui/AuthPanel.java,337.0,29.0,3.0,10.0,60.0,21.0,2,0.00408997955010225,4602.0539028731255,170301.32804023978,2,true
src/protocol/http/org/apache/jmeter/protocol/http/gui/CookiePanel.java,217.0,25.0,26.0,13.0,79.0,27.0,2,0.00408997955010225,3239.798830409357,149421.6926888971,2,true
src/protocol/http/org/apache/jmeter/protocol/http/gui/HTTPArgumentsPanel.java,69.0,10.0,26.0,8.0,33.0,15.0,2,0.00408997955010225,4602.0539028731255,170301.32804023978,2,false
src/protocol/http/org/apache/jmeter/protocol/http/gui/HeaderPanel.java,429.0,29.0,20.0,12.0,57.0,23.0,1,0.002044989775051125,3190.198830409357,149381.2992027853,1,true
src/protocol/http/org/apache/jmeter/protocol/http/modifier/AnchorModifier.java,169.0,30.0,7.0,6.0,71.0,22.0,2,0.00408997955010225,4602.0539028731255,170301.32804023978,2,true
src/protocol/http/org/apache/jmeter/protocol/http/modifier/ParamModifier.java,90.0,11.0,34.0,9.0,22.0,20.0,1,0.002044989775051125,3190.198830409357,149381.2992027853,1,false
src/protocol/http/org/apache/jmeter/protocol/http/modifier/URLRewritingModifier.java,150.0,20.0,28.0,9.0,27.0,18.0,2,0.00408997955010225,4602.0539028731255,170301.32804023978,2,true
src/protocol/http/org/apache/jmeter/protocol/http/modifier/UserParameterModifier.java,87.0,15.0,37.0,10.0,18.0,22.0,2,0.00408997955010225,4602.0539028731255,170301.32804023978,2,false
src/protocol/http/org/apache/jmeter/protocol/http/modifier/UserParameterXMLContentHandler.java,65.0,9.0,58.0,12.0,7.0,25.0,2,0.00408997955010225,4602.0539028731255,170301.32804023978,2,false
src/protocol/http/org/apache/jmeter/protocol/http/modifier/gui/AnchorModifierGui.java,34.0,5.0,10.0,5.0,9.0,11.0,1,0.002044989775051125,3190.198830409357,149381.2992027853,1,true
src/protocol/http/org/apache/jmeter/protocol/http/modifier/gui/ParamModifierGui.java,172.0,15.0,58.0,12.0,51.0,29.0,2,0.00408997955010225,4602.0539028731255,170301.32804023978,2,true
src/protocol/http/org/apache/jmeter/protocol/http/modifier/gui/URLRewritingModifierGui.java,51.0,8.0,9.0,6.0,19.0,12.0,1,0.002044989775051125,3190.198830409357,149381.2992027853,1,true
src/protocol/http/org/apache/jmeter/protocol/http/modifier/gui/UserParameterModifierGui.java,73.0,12.0,30.0,9.0,29.0,18.0,2,0.00408997955010225,4602.0539028731255,170301.32804023978,2,true
src/protocol/http/org/apache/jmeter/protocol/http/parser/FormElement.java,72.0,0.0,28.0,9.0,0.0,14.0,1,0.002044989775051125,3190.198830409357,149381.2992027853,1,false
src/protocol/http/org/apache/jmeter/protocol/http/parser/HtmlForm.java,24.0,2.0,3.0,3.0,0.0,7.0,2,0.00408997955010225,4602.0539028731255,170301.32804023978,2,false
src/protocol/http/org/apache/jmeter/protocol/http/proxy/Daemon.java,167.0,6.0,7.0,7.0,16.0,17.0,0,0.0,0.0,0.0,0,false
src/protocol/http/org/apache/jmeter/protocol/http/proxy/HttpReplyHdr.java,199.0,0.0,208.0,21.0,26.0,65.0,0,0.0,0.0,0.0,0,false
src/protocol/http/org/apache/jmeter/protocol/http/proxy/HttpRequestHdr.java,264.0,20.0,48.0,13.0,83.0,51.0,2,0.00408997955010225,4602.0539028731255,170301.32804023978,2,false
src/protocol/http/org/apache/jmeter/protocol/http/proxy/Proxy.java,120.0,12.0,0.0,6.0,28.0,14.0,1,0.002044989775051125,1411.855072463768,20920.028837454483,1,true
src/protocol/http/org/apache/jmeter/protocol/http/proxy/ProxyControl.java,290.0,32.0,299.0,26.0,99.0,59.0,2,0.00408997955010225,4602.0539028731255,170301.32804023978,2,true
src/protocol/http/org/apache/jmeter/protocol/http/proxy/gui/ProxyControlGui.java,281.0,38.0,288.0,28.0,106.0,52.0,1,0.002044989775051125,3190.198830409357,149381.2992027853,1,true
src/protocol/http/org/apache/jmeter/protocol/http/sampler/HTTPSampler.java,870.0,39.0,1704.0,64.0,262.0,165.0,3,0.006134969325153374,4651.653902873126,170341.72152635158,3,true
src/protocol/http/org/apache/jmeter/protocol/http/sampler/HTTPSamplerFull.java,425.0,20.0,0.0,9.0,91.0,41.0,2,0.00408997955010225,3239.798830409357,149421.6926888971,2,true
src/protocol/http/org/apache/jmeter/protocol/http/sampler/WebServiceSampler.java,141.0,15.0,83.0,14.0,33.0,33.0,2,0.00408997955010225,4602.0539028731255,170301.32804023978,2,false
src/protocol/java/org/apache/jmeter/protocol/java/config/JavaConfig.java,66.0,7.0,21.0,7.0,9.0,13.0,0,0.0,0.0,0.0,0,false
src/protocol/java/org/apache/jmeter/protocol/java/config/gui/JavaConfigGui.java,158.0,22.0,25.0,10.0,58.0,23.0,1,0.002044989775051125,1411.855072463768,20920.028837454483,1,false
src/protocol/java/org/apache/jmeter/protocol/java/control/gui/JavaTestSamplerGui.java,48.0,7.0,9.0,6.0,13.0,11.0,2,0.00408997955010225,4602.0539028731255,170301.32804023978,2,true
src/protocol/java/org/apache/jmeter/protocol/java/sampler/AbstractJavaSamplerClient.java,56.0,3.0,0.0,4.0,6.0,7.0,1,0.002044989775051125,1411.855072463768,20920.028837454483,1,false
src/protocol/java/org/apache/jmeter/protocol/java/sampler/JavaSampler.java,201.0,12.0,69.0,15.0,45.0,34.0,1,0.002044989775051125,3190.198830409357,149381.2992027853,1,false
src/protocol/java/org/apache/jmeter/protocol/java/sampler/JavaSamplerClient.java,93.0,2.0,6.0,4.0,0.0,9.0,0,0.0,0.0,0.0,0,false
src/protocol/java/org/apache/jmeter/protocol/java/sampler/JavaSamplerContext.java,173.0,5.0,0.0,9.0,25.0,36.0,1,0.002044989775051125,1411.855072463768,20920.028837454483,1,false
src/protocol/java/org/apache/jmeter/protocol/java/test/JavaTest.java,302.0,6.0,37.0,10.0,50.0,30.0,2,0.00408997955010225,4602.0539028731255,170301.32804023978,2,false
src/protocol/java/org/apache/jmeter/protocol/java/test/SleepTest.java,170.0,6.0,30.0,9.0,42.0,28.0,0,0.0,0.0,0.0,0,false
src/protocol/jdbc/org/apache/jmeter/protocol/jdbc/config/gui/DbConfigGui.java,92.0,12.0,20.0,9.0,29.0,16.0,1,0.002044989775051125,3190.198830409357,149381.2992027853,1,true
src/protocol/jdbc/org/apache/jmeter/protocol/jdbc/config/gui/PoolConfigGui.java,122.0,14.0,35.0,11.0,36.0,21.0,1,0.002044989775051125,3190.198830409357,149381.2992027853,1,true
src/protocol/jdbc/org/apache/jmeter/protocol/jdbc/config/gui/SqlConfigGui.java,71.0,12.0,28.0,9.0,25.0,16.0,1,0.002044989775051125,3190.198830409357,149381.2992027853,1,true
src/protocol/jdbc/org/apache/jmeter/protocol/jdbc/control/gui/JdbcTestSampleGui.java,60.0,11.0,15.0,7.0,14.0,12.0,1,0.002044989775051125,3190.198830409357,149381.2992027853,1,true
src/protocol/jdbc/org/apache/jmeter/protocol/jdbc/sampler/JDBCSampler.java,170.0,18.0,128.0,17.0,50.0,41.0,1,0.002044989775051125,3190.198830409357,149381.2992027853,1,false
src/protocol/jdbc/org/apache/jmeter/protocol/jdbc/util/DBConnectionManager.java,173.0,10.0,5.0,10.0,49.0,40.0,2,0.00408997955010225,4602.0539028731255,170301.32804023978,2,false
src/protocol/jdbc/org/apache/jmeter/protocol/jdbc/util/DBKey.java,75.0,4.0,107.0,18.0,7.0,32.0,2,0.00408997955010225,4602.0539028731255,170301.32804023978,2,false
src/protocol/jdbc/org/apache/jmeter/protocol/jdbc/util/NoConnectionsAvailableException.java,7.0,1.0,0.0,0.0,0.0,0.0,1,0.002044989775051125,3190.198830409357,149381.2992027853,1,false
src/protocol/ldap/org/apache/jmeter/protocol/ldap/config/LdapConfig.java,80.0,6.0,45.0,10.0,10.0,25.0,2,0.00408997955010225,4602.0539028731255,170301.32804023978,2,false
src/protocol/ldap/org/apache/jmeter/protocol/ldap/config/gui/LdapConfigGui.java,347.0,21.0,0.0,17.0,65.0,44.0,2,0.00408997955010225,4602.0539028731255,170301.32804023978,2,false
src/protocol/ldap/org/apache/jmeter/protocol/ldap/control/gui/LdapTestSamplerGui.java,59.0,9.0,9.0,6.0,15.0,11.0,2,0.00408997955010225,4602.0539028731255,170301.32804023978,2,false
src/protocol/ldap/org/apache/jmeter/protocol/ldap/sampler/LDAPSampler.java,374.0,22.0,344.0,29.0,96.0,89.0,2,0.00408997955010225,4602.0539028731255,170301.32804023978,2,false
src/protocol/ldap/org/apache/jmeter/protocol/ldap/sampler/LdapClient.java,77.0,11.0,0.0,7.0,6.0,18.0,2,0.00408997955010225,4602.0539028731255,170301.32804023978,2,false
