name,LOC,CBO,LCOM,NOM,RFC,WMC,numOfChanges,bccm,structuralWorkloadSum,semanticWorkloadSum,numberOfDeveloper,isBuggy
src/components/org/apache/jmeter/assertions/BeanShellAssertion.java,77.0,9.0,8.0,5.0,29.0,13.0,0,0.0,0.0,0.0,0,false
src/components/org/apache/jmeter/assertions/ResponseAssertion.java,286.0,15.0,236.0,25.0,62.0,49.0,1,0.005917159763313609,980.9690721649484,12979.287199120212,1,false
src/components/org/apache/jmeter/assertions/SizeAssertion.java,125.0,7.0,15.0,7.0,19.0,20.0,1,0.005917159763313609,980.9690721649484,12979.287199120212,1,false
src/components/org/apache/jmeter/assertions/gui/BeanShellAssertionGui.java,81.0,10.0,22.0,9.0,35.0,16.0,0,0.0,0.0,0.0,0,false
src/components/org/apache/jmeter/control/InterleaveControl.java,280.0,6.0,40.0,13.0,18.0,33.0,2,0.011834319526627219,1559.635738831615,17832.116127999834,2,false
src/components/org/apache/jmeter/control/OnceOnlyController.java,105.0,7.0,3.0,3.0,2.0,7.0,1,0.005917159763313609,980.9690721649484,12979.287199120212,1,false
src/components/org/apache/jmeter/control/ThroughputController.java,365.0,14.0,363.0,30.0,53.0,63.0,1,0.005917159763313609,578.6666666666667,4852.82892887962,1,true
src/components/org/apache/jmeter/modifiers/UserParameters.java,107.0,15.0,73.0,14.0,38.0,30.0,0,0.0,0.0,0.0,0,false
src/components/org/apache/jmeter/visualizers/AssertionVisualizer.java,67.0,12.0,9.0,6.0,27.0,12.0,1,0.005917159763313609,980.9690721649484,12979.287199120212,1,true
src/components/org/apache/jmeter/visualizers/GraphModel.java,187.0,8.0,92.0,20.0,28.0,40.0,0,0.0,0.0,0.0,0,false
src/components/org/apache/jmeter/visualizers/StatVisualizerModel.java,164.0,9.0,37.0,14.0,23.0,25.0,1,0.005917159763313609,980.9690721649484,12979.287199120212,1,false
src/components/org/apache/jmeter/visualizers/ViewResultsFullVisualizer.java,345.0,36.0,63.0,18.0,116.0,46.0,2,0.011834319526627219,1559.635738831615,17832.116127999834,2,true
src/core/org/apache/jmeter/JMeter.java,364.0,49.0,63.0,15.0,98.0,54.0,2,0.011834319526627219,1009.6357388316151,12996.026135161765,2,false
src/core/org/apache/jmeter/NewDriver.java,100.0,10.0,4.0,4.0,11.0,8.0,0,0.0,0.0,0.0,0,false
src/core/org/apache/jmeter/config/gui/ArgumentsPanel.java,327.0,22.0,134.0,24.0,73.0,58.0,1,0.005917159763313609,578.6666666666667,4852.82892887962,1,false
src/core/org/apache/jmeter/control/GenericController.java,206.0,14.0,281.0,26.0,39.0,54.0,2,0.011834319526627219,1559.635738831615,17832.116127999834,2,true
src/core/org/apache/jmeter/control/IfController.java,131.0,9.0,17.0,7.0,16.0,18.0,1,0.005917159763313609,980.9690721649484,12979.287199120212,1,false
src/core/org/apache/jmeter/control/LoopController.java,129.0,10.0,65.0,14.0,19.0,31.0,2,0.011834319526627219,1559.635738831615,17832.116127999834,2,true
src/core/org/apache/jmeter/control/gui/TestPlanGui.java,133.0,19.0,31.0,10.0,39.0,23.0,0,0.0,0.0,0.0,0,true
src/core/org/apache/jmeter/engine/PreCompiler.java,34.0,12.0,4.0,4.0,11.0,7.0,1,0.005917159763313609,578.6666666666667,4852.82892887962,1,false
src/core/org/apache/jmeter/engine/RemoteJMeterEngineImpl.java,61.0,6.0,0.0,7.0,21.0,16.0,0,0.0,0.0,0.0,0,false
src/core/org/apache/jmeter/engine/StandardJMeterEngine.java,267.0,25.0,136.0,20.0,111.0,54.0,1,0.005917159763313609,980.9690721649484,12979.287199120212,1,false
src/core/org/apache/jmeter/engine/util/ValueReplacer.java,121.0,21.0,15.0,10.0,29.0,20.0,1,0.005917159763313609,578.6666666666667,4852.82892887962,1,false
src/core/org/apache/jmeter/functions/AbstractFunction.java,61.0,11.0,15.0,6.0,11.0,20.0,2,0.011834319526627219,1559.635738831615,17832.116127999834,2,true
src/core/org/apache/jmeter/gui/OnErrorPanel.java,43.0,7.0,4.0,5.0,11.0,8.0,1,0.005917159763313609,980.9690721649484,12979.287199120212,1,false
src/core/org/apache/jmeter/gui/action/ActionRouter.java,237.0,16.0,88.0,16.0,82.0,53.0,1,0.005917159763313609,578.6666666666667,4852.82892887962,1,false
src/core/org/apache/jmeter/gui/action/Close.java,43.0,6.0,3.0,3.0,16.0,7.0,1,0.005917159763313609,980.9690721649484,12979.287199120212,1,false
src/core/org/apache/jmeter/gui/action/ExitCommand.java,41.0,6.0,3.0,3.0,9.0,7.0,1,0.005917159763313609,578.6666666666667,4852.82892887962,1,true
src/core/org/apache/jmeter/gui/action/Load.java,137.0,19.0,6.0,4.0,32.0,15.0,2,0.011834319526627219,1559.635738831615,17832.116127999834,2,false
src/core/org/apache/jmeter/gui/action/Save.java,115.0,20.0,9.0,6.0,37.0,16.0,1,0.005917159763313609,578.6666666666667,4852.82892887962,1,false
src/core/org/apache/jmeter/gui/tree/JMeterTreeModel.java,130.0,18.0,66.0,12.0,64.0,36.0,0,0.0,0.0,0.0,0,false
src/core/org/apache/jmeter/gui/util/JDateField.java,113.0,10.0,0.0,6.0,22.0,19.0,1,0.005917159763313609,578.6666666666667,4852.82892887962,1,true
src/core/org/apache/jmeter/gui/util/JMeterMenuBar.java,348.0,21.0,104.0,20.0,100.0,46.0,2,0.011834319526627219,1559.635738831615,17832.116127999834,2,false
src/core/org/apache/jmeter/gui/util/MenuFactory.java,229.0,23.0,163.0,19.0,70.0,46.0,1,0.005917159763313609,578.6666666666667,4852.82892887962,1,false
src/core/org/apache/jmeter/junit/JMeterTest.java,184.0,23.0,81.0,14.0,78.0,40.0,2,0.011834319526627219,1559.635738831615,17832.116127999834,2,false
src/core/org/apache/jmeter/junit/JMeterTestCase.java,43.0,5.0,3.0,3.0,2.0,6.0,1,0.005917159763313609,980.9690721649484,12979.287199120212,1,false
src/core/org/apache/jmeter/reporters/ResultAction.java,34.0,8.0,10.0,5.0,8.0,6.0,1,0.005917159763313609,980.9690721649484,12979.287199120212,1,false
src/core/org/apache/jmeter/reporters/ResultCollector.java,247.0,33.0,421.0,31.0,78.0,72.0,2,0.011834319526627219,1559.635738831615,17832.116127999834,2,false
src/core/org/apache/jmeter/reporters/ResultSaver.java,83.0,12.0,39.0,10.0,17.0,19.0,0,0.0,0.0,0.0,0,false
src/core/org/apache/jmeter/reporters/Summariser.java,201.0,15.0,79.0,14.0,43.0,26.0,0,0.0,0.0,0.0,0,false
src/core/org/apache/jmeter/reporters/gui/ResultActionGui.java,50.0,8.0,9.0,6.0,13.0,10.0,1,0.005917159763313609,980.9690721649484,12979.287199120212,1,false
src/core/org/apache/jmeter/reporters/gui/ResultSaverGui.java,60.0,9.0,15.0,7.0,18.0,12.0,1,0.005917159763313609,980.9690721649484,12979.287199120212,1,false
src/core/org/apache/jmeter/reporters/gui/SummariserGui.java,43.0,5.0,15.0,6.0,8.0,10.0,0,0.0,0.0,0.0,0,false
src/core/org/apache/jmeter/resources/PackageTest.java,110.0,11.0,53.0,11.0,30.0,32.0,2,0.011834319526627219,1559.635738831615,17832.116127999834,2,false
src/core/org/apache/jmeter/samplers/SampleResult.java,439.0,16.0,1339.0,54.0,30.0,108.0,2,0.011834319526627219,1559.635738831615,17832.116127999834,2,false
src/core/org/apache/jmeter/save/SaveService.java,665.0,38.0,226.0,24.0,157.0,94.0,2,0.011834319526627219,1559.635738831615,17832.116127999834,2,false
src/core/org/apache/jmeter/testelement/AbstractTestElement.java,232.0,20.0,454.0,33.0,102.0,77.0,0,0.0,0.0,0.0,0,true
src/core/org/apache/jmeter/testelement/OnErrorTestElement.java,32.0,1.0,13.0,6.0,5.0,10.0,1,0.005917159763313609,980.9690721649484,12979.287199120212,1,false
src/core/org/apache/jmeter/testelement/TestElementTraverser.java,30.0,1.0,6.0,4.0,0.0,8.0,0,0.0,0.0,0.0,0,false
src/core/org/apache/jmeter/testelement/TestPlan.java,99.0,13.0,108.0,16.0,20.0,28.0,0,0.0,0.0,0.0,0,false
src/core/org/apache/jmeter/threads/JMeterThread.java,290.0,23.0,314.0,29.0,82.0,60.0,2,0.011834319526627219,1559.635738831615,17832.116127999834,2,false
src/core/org/apache/jmeter/threads/ThreadGroup.java,269.0,20.0,335.0,27.0,32.0,43.0,1,0.005917159763313609,980.9690721649484,12979.287199120212,1,false
src/core/org/apache/jmeter/threads/gui/ThreadGroupGui.java,203.0,29.0,119.0,18.0,71.0,37.0,1,0.005917159763313609,980.9690721649484,12979.287199120212,1,true
src/core/org/apache/jmeter/util/BeanShellServer.java,80.0,5.0,4.0,5.0,14.0,8.0,1,0.005917159763313609,980.9690721649484,12979.287199120212,1,false
src/core/org/apache/jmeter/util/JMeterUtils.java,708.0,33.0,959.0,46.0,150.0,156.0,2,0.011834319526627219,1559.635738831615,17832.116127999834,2,false
src/core/org/apache/jmeter/util/JMeterVersion.java,11.0,0.0,0.0,1.0,0.0,1.0,1,0.005917159763313609,980.9690721649484,12979.287199120212,1,false
src/core/org/apache/jmeter/visualizers/RunningSample.java,257.0,2.0,98.0,21.0,17.0,53.0,0,0.0,0.0,0.0,0,false
src/functions/org/apache/jmeter/functions/CSVRead.java,195.0,14.0,59.0,15.0,54.0,45.0,1,0.005917159763313609,980.9690721649484,12979.287199120212,1,true
src/functions/org/apache/jmeter/functions/FileDataContainer.java,91.0,4.0,0.0,7.0,26.0,18.0,0,0.0,0.0,0.0,0,false
src/functions/org/apache/jmeter/functions/StringFromFile.java,176.0,15.0,0.0,9.0,41.0,30.0,0,0.0,0.0,0.0,0,false
src/htmlparser/org/htmlparser/scanners/ImageScanner.java,71.0,7.0,8.0,5.0,11.0,13.0,1,0.005917159763313609,980.9690721649484,12979.287199120212,1,false
src/jorphan/org/apache/jorphan/gui/JLabeledChoice.java,173.0,15.0,0.0,19.0,38.0,31.0,1,0.005917159763313609,980.9690721649484,12979.287199120212,1,false
src/jorphan/org/apache/jorphan/io/TextFile.java,110.0,13.0,0.0,8.0,12.0,20.0,1,0.005917159763313609,578.6666666666667,4852.82892887962,1,false
src/jorphan/org/apache/jorphan/logging/LoggingManager.java,131.0,13.0,91.0,15.0,45.0,32.0,1,0.005917159763313609,980.9690721649484,12979.287199120212,1,false
src/jorphan/org/apache/jorphan/reflect/ClassFinder.java,319.0,14.0,169.0,19.0,96.0,78.0,1,0.005917159763313609,980.9690721649484,12979.287199120212,1,false
src/jorphan/org/apache/jorphan/test/AllTests.java,169.0,13.0,15.0,6.0,30.0,19.0,2,0.011834319526627219,1559.635738831615,17832.116127999834,2,false
src/jorphan/org/apache/jorphan/util/JOrphanUtils.java,77.0,1.0,4.0,4.0,13.0,12.0,2,0.011834319526627219,1559.635738831615,17832.116127999834,2,false
src/protocol/ftp/org/apache/jmeter/protocol/ftp/sampler/FTPSampler.java,61.0,4.0,32.0,9.0,24.0,17.0,1,0.005917159763313609,980.9690721649484,12979.287199120212,1,false
src/protocol/http/org/apache/jmeter/junit/protocol/http/config/UrlConfigTest.java,41.0,5.0,2.0,4.0,14.0,4.0,1,0.005917159763313609,980.9690721649484,12979.287199120212,1,false
src/protocol/http/org/apache/jmeter/junit/protocol/http/parser/HtmlParserTester.java,196.0,7.0,0.0,13.0,157.0,31.0,2,0.011834319526627219,1559.635738831615,17832.116127999834,2,true
src/protocol/http/org/apache/jmeter/protocol/http/control/CookieManager.java,321.0,28.0,333.0,27.0,128.0,62.0,2,0.011834319526627219,1559.635738831615,17832.116127999834,2,true
src/protocol/http/org/apache/jmeter/protocol/http/control/gui/WebServiceSamplerGui.java,270.0,21.0,2.0,9.0,88.0,32.0,1,0.005917159763313609,28.666666666666668,16.73893604155356,1,false
src/protocol/http/org/apache/jmeter/protocol/http/modifier/AnchorModifier.java,166.0,32.0,3.0,6.0,70.0,22.0,2,0.011834319526627219,1559.635738831615,17832.116127999834,2,true
src/protocol/http/org/apache/jmeter/protocol/http/modifier/ParamMask.java,164.0,3.0,112.0,17.0,33.0,30.0,1,0.005917159763313609,578.6666666666667,4852.82892887962,1,false
src/protocol/http/org/apache/jmeter/protocol/http/modifier/ParamModifier.java,84.0,11.0,34.0,9.0,22.0,19.0,1,0.005917159763313609,578.6666666666667,4852.82892887962,1,false
src/protocol/http/org/apache/jmeter/protocol/http/modifier/URLRewritingModifier.java,178.0,18.0,28.0,9.0,30.0,20.0,1,0.005917159763313609,578.6666666666667,4852.82892887962,1,true
src/protocol/http/org/apache/jmeter/protocol/http/modifier/UserParameterModifier.java,84.0,15.0,37.0,10.0,18.0,20.0,0,0.0,0.0,0.0,0,false
src/protocol/http/org/apache/jmeter/protocol/http/parser/HTMLParseException.java,30.0,0.0,6.0,4.0,0.0,4.0,1,0.005917159763313609,980.9690721649484,12979.287199120212,1,false
src/protocol/http/org/apache/jmeter/protocol/http/parser/HTMLParser.java,237.0,18.0,15.0,6.0,9.0,23.0,2,0.011834319526627219,1559.635738831615,17832.116127999834,2,true
src/protocol/http/org/apache/jmeter/protocol/http/parser/HtmlParserHTMLParser.java,100.0,11.0,4.0,4.0,18.0,14.0,2,0.011834319526627219,1559.635738831615,17832.116127999834,2,true
src/protocol/http/org/apache/jmeter/protocol/http/parser/HtmlParsingUtils.java,247.0,24.0,56.0,13.0,81.0,50.0,2,0.011834319526627219,1559.635738831615,17832.116127999834,2,true
src/protocol/http/org/apache/jmeter/protocol/http/parser/JTidyHTMLParser.java,144.0,13.0,22.0,8.0,27.0,32.0,2,0.011834319526627219,1559.635738831615,17832.116127999834,2,false
src/protocol/http/org/apache/jmeter/protocol/http/parser/RegexpHTMLParser.java,141.0,12.0,8.0,5.0,14.0,17.0,2,0.011834319526627219,1559.635738831615,17832.116127999834,2,false
src/protocol/http/org/apache/jmeter/protocol/http/proxy/HttpRequestHdr.java,266.0,20.0,48.0,13.0,83.0,51.0,1,0.005917159763313609,578.6666666666667,4852.82892887962,1,false
src/protocol/http/org/apache/jmeter/protocol/http/proxy/Proxy.java,129.0,13.0,0.0,6.0,31.0,14.0,0,0.0,0.0,0.0,0,true
src/protocol/http/org/apache/jmeter/protocol/http/proxy/ProxyControl.java,539.0,44.0,815.0,42.0,172.0,103.0,2,0.011834319526627219,1559.635738831615,17832.116127999834,2,true
src/protocol/http/org/apache/jmeter/protocol/http/proxy/gui/ProxyControlGui.java,448.0,44.0,378.0,32.0,174.0,69.0,2,0.011834319526627219,1559.635738831615,17832.116127999834,2,true
src/protocol/http/org/apache/jmeter/protocol/http/sampler/AccessLogSampler.java,284.0,8.0,131.0,19.0,41.0,56.0,0,0.0,0.0,0.0,0,false
src/protocol/http/org/apache/jmeter/protocol/http/sampler/HTTPSampleResult.java,108.0,2.0,95.0,15.0,31.0,26.0,2,0.011834319526627219,1559.635738831615,17832.116127999834,2,false
src/protocol/http/org/apache/jmeter/protocol/http/sampler/HTTPSampler.java,945.0,44.0,1725.0,62.0,284.0,168.0,2,0.011834319526627219,1559.635738831615,17832.116127999834,2,true
src/protocol/http/org/apache/jmeter/protocol/http/sampler/SoapSampler.java,76.0,10.0,24.0,8.0,31.0,24.0,1,0.005917159763313609,28.666666666666668,16.73893604155356,1,false
src/protocol/http/org/apache/jmeter/protocol/http/sampler/WebServiceSampler.java,309.0,20.0,203.0,22.0,67.0,57.0,2,0.011834319526627219,1009.6357388316151,12996.026135161765,2,false
src/protocol/http/org/apache/jmeter/protocol/http/util/DOMPool.java,46.0,2.0,1.0,3.0,2.0,4.0,0,0.0,0.0,0.0,0,false
src/protocol/http/org/apache/jmeter/protocol/http/util/EncoderCache.java,25.0,4.0,0.0,2.0,3.0,6.0,1,0.005917159763313609,980.9690721649484,12979.287199120212,1,true
src/protocol/http/org/apache/jmeter/protocol/http/util/HTTPArgument.java,135.0,11.0,85.0,14.0,39.0,36.0,2,0.011834319526627219,1559.635738831615,17832.116127999834,2,true
src/protocol/http/org/apache/jmeter/protocol/http/util/WSDLException.java,22.0,0.0,3.0,3.0,1.0,3.0,0,0.0,0.0,0.0,0,false
src/protocol/http/org/apache/jmeter/protocol/http/util/accesslog/Filter.java,83.0,0.0,21.0,7.0,0.0,12.0,0,0.0,0.0,0.0,0,false
src/protocol/http/org/apache/jmeter/protocol/http/util/accesslog/Generator.java,124.0,0.0,78.0,13.0,0.0,19.0,0,0.0,0.0,0.0,0,false
src/protocol/http/org/apache/jmeter/protocol/http/util/accesslog/LogFilter.java,489.0,3.0,54.0,16.0,25.0,69.0,1,0.005917159763313609,980.9690721649484,12979.287199120212,1,false
src/protocol/http/org/apache/jmeter/protocol/http/util/accesslog/LogParser.java,66.0,0.0,10.0,5.0,0.0,8.0,0,0.0,0.0,0.0,0,false
src/protocol/http/org/apache/jmeter/protocol/http/util/accesslog/NVPair.java,59.0,0.0,3.0,6.0,0.0,8.0,0,0.0,0.0,0.0,0,false
src/protocol/http/org/apache/jmeter/protocol/http/util/accesslog/StandardGenerator.java,145.0,7.0,78.0,17.0,14.0,24.0,1,0.005917159763313609,980.9690721649484,12979.287199120212,1,false
src/protocol/http/org/apache/jmeter/protocol/http/util/accesslog/TCLogParser.java,449.0,3.0,201.0,22.0,46.0,69.0,1,0.005917159763313609,980.9690721649484,12979.287199120212,1,false
src/protocol/java/org/apache/jmeter/protocol/java/config/gui/JavaConfigGui.java,158.0,22.0,25.0,10.0,59.0,23.0,1,0.005917159763313609,578.6666666666667,4852.82892887962,1,false
src/protocol/java/org/apache/jmeter/protocol/java/control/gui/BSFSamplerGui.java,93.0,11.0,31.0,10.0,40.0,18.0,0,0.0,0.0,0.0,0,false
src/protocol/java/org/apache/jmeter/protocol/java/control/gui/BeanShellSamplerGui.java,81.0,11.0,22.0,9.0,35.0,16.0,0,0.0,0.0,0.0,0,false
src/protocol/java/org/apache/jmeter/protocol/java/sampler/BSFSampler.java,85.0,6.0,47.0,11.0,30.0,20.0,1,0.005917159763313609,980.9690721649484,12979.287199120212,1,false
src/protocol/java/org/apache/jmeter/protocol/java/sampler/BeanShellSampler.java,98.0,9.0,13.0,6.0,30.0,16.0,1,0.005917159763313609,980.9690721649484,12979.287199120212,1,false
src/protocol/java/org/apache/jmeter/protocol/java/sampler/JavaSampler.java,191.0,12.0,61.0,14.0,45.0,31.0,1,0.005917159763313609,980.9690721649484,12979.287199120212,1,false
src/protocol/java/org/apache/jmeter/protocol/java/sampler/JavaSamplerClient.java,95.0,2.0,6.0,4.0,0.0,9.0,1,0.005917159763313609,980.9690721649484,12979.287199120212,1,false
src/protocol/java/org/apache/jmeter/protocol/java/test/JavaTest.java,305.0,6.0,37.0,10.0,51.0,30.0,1,0.005917159763313609,980.9690721649484,12979.287199120212,1,false
src/protocol/java/org/apache/jmeter/protocol/java/test/SleepTest.java,172.0,6.0,30.0,9.0,43.0,28.0,1,0.005917159763313609,980.9690721649484,12979.287199120212,1,false
src/protocol/jdbc/org/apache/jmeter/protocol/jdbc/sampler/JDBCSampler.java,165.0,21.0,112.0,16.0,54.0,38.0,1,0.005917159763313609,980.9690721649484,12979.287199120212,1,false
src/protocol/jdbc/org/apache/jmeter/protocol/jdbc/util/ConnectionObject.java,208.0,5.0,0.0,13.0,21.0,40.0,0,0.0,0.0,0.0,0,false
src/protocol/ldap/org/apache/jmeter/protocol/ldap/sampler/LDAPSampler.java,356.0,21.0,342.0,29.0,103.0,89.0,1,0.005917159763313609,980.9690721649484,12979.287199120212,1,false
src/protocol/ldap/org/apache/jmeter/protocol/ldap/sampler/LdapClient.java,76.0,13.0,0.0,7.0,8.0,20.0,0,0.0,0.0,0.0,0,false
src/protocol/tcp/org/apache/jmeter/protocol/tcp/config/TCPConfig.java,34.0,3.0,28.0,8.0,8.0,13.0,0,0.0,0.0,0.0,0,false
src/protocol/tcp/org/apache/jmeter/protocol/tcp/config/gui/TCPConfigGui.java,115.0,10.0,42.0,12.0,38.0,22.0,0,0.0,0.0,0.0,0,false
src/protocol/tcp/org/apache/jmeter/protocol/tcp/control/gui/TCPSamplerGui.java,45.0,9.0,9.0,6.0,15.0,10.0,0,0.0,0.0,0.0,0,false
src/protocol/tcp/org/apache/jmeter/protocol/tcp/sampler/TCPClient.java,18.0,2.0,6.0,4.0,0.0,8.0,1,0.005917159763313609,980.9690721649484,12979.287199120212,1,false
src/protocol/tcp/org/apache/jmeter/protocol/tcp/sampler/TCPClientImpl.java,47.0,7.0,0.0,5.0,11.0,10.0,1,0.005917159763313609,980.9690721649484,12979.287199120212,1,false
src/protocol/tcp/org/apache/jmeter/protocol/tcp/sampler/TCPSampler.java,207.0,19.0,227.0,27.0,80.0,55.0,1,0.005917159763313609,980.9690721649484,12979.287199120212,1,false
