name,LOC,CBO,LCOM,NOM,RFC,WMC,ACS,Ownership,numOfChanges,numberOfFIChanges,ENH,NF,BugFixing,REF,structuralWorkloadSum,semanticWorkloadSum,numberOfDeveloper,pastFaults,MAF,isBuggy
assembly/openejb-tomcat/src/main/java/org/apache/openejb/tomcat/ContextListener.java,10.0,1.0,28.0,8.0,0.0,10.0,0.0,dblevins@apache.org,0,0.0,0.0,0.0,0.0,0.0,0.0,0.0,0,1,0.0,false
assembly/openejb-tomcat/src/main/java/org/apache/openejb/tomcat/GlobalListenerSupport.java,186.0,15.0,87.0,14.0,48.0,41.0,28.0,dain@apache.org,1,0.0018484288354898336,20.0,0.0,0.0,0.0,3453.8,111667.04949961964,1,1,1.439404186433839,false
assembly/openejb-tomcat/src/main/java/org/apache/openejb/tomcat/OpenEJBContext.java,107.0,9.0,490.0,32.0,90.0,87.0,0.0,dblevins@apache.org,0,0.0,0.0,0.0,0.0,0.0,0.0,0.0,0,1,0.0,false
assembly/openejb-tomcat/src/main/java/org/apache/openejb/tomcat/ServerServlet.java,18.0,11.0,0.0,2.0,13.0,4.0,4.0,dblevins@apache.org,1,0.0018484288354898336,67.0,0.0,0.0,33.0,3453.8,111667.04949961964,1,0,1.439404186433839,false
assembly/openejb-tomcat/src/main/java/org/apache/openejb/tomcat/TomcatLoader.java,36.0,14.0,0.0,2.0,17.0,7.0,11.0,dain@apache.org,1,0.0018484288354898336,47.0,6.0,12.0,0.0,3453.8,111667.04949961964,1,1,1.439404186433839,false
assembly/openejb-tomcat/src/main/java/org/apache/openejb/tomcat/TomcatThreadContextListener.java,56.0,7.0,0.0,4.0,12.0,13.0,2.0,dblevins@apache.org,1,0.0018484288354898336,33.0,0.0,0.0,0.0,3114.728813559322,103911.04278306158,1,1,0.5563882434445562,false
assembly/openejb-tomcat/src/main/java/org/apache/openejb/tomcat/TomcatWarBuilder.java,125.0,23.0,77.0,14.0,45.0,30.0,15.0,dblevins@apache.org,2,0.0036968576709796672,67.0,0.0,0.0,0.0,6568.528813559322,215578.0922826812,2,1,0.30474903437925227,false
assembly/openejb-tomcat/src/main/java/org/apache/openejb/tomcat/installer/InstallerServlet.java,362.0,21.0,53.0,11.0,63.0,41.0,15.0,dain@apache.org,1,0.0018484288354898336,80.0,0.0,20.0,0.0,3453.8,111667.04949961964,1,0,1.439404186433839,false
container/openejb-core/src/main/java/org/apache/openejb/OpenEJB.java,234.0,13.0,9.0,6.0,12.0,13.0,13.0,dblevins@apache.org,2,0.0036968576709796672,10.0,4.0,4.0,4.0,3559.0877879182963,105512.59258976088,2,2,0.6181673372147518,false
container/openejb-core/src/main/java/org/apache/openejb/assembler/classic/Assembler.java,686.0,70.0,374.0,36.0,210.0,112.0,18.0,rmannibucau@apache.org,2,0.0036968576709796672,3.0,1.0,1.0,0.0,6568.528813559322,215578.0922826812,2,17,0.21421272281283765,false
container/openejb-core/src/main/java/org/apache/openejb/assembler/classic/AssemblerTool.java,83.0,12.0,3.0,3.0,15.0,16.0,6.0,dblevins@apache.org,1,0.0018484288354898336,3.0,0.0,3.0,0.0,3114.728813559322,103911.04278306158,1,2,0.5563882434445562,false
container/openejb-core/src/main/java/org/apache/openejb/assembler/classic/CmpJarBuilder.java,130.0,13.0,9.0,7.0,31.0,28.0,0.0,null,0,0.0,0.0,0.0,0.0,0.0,0.0,0.0,0,5,0.0,false
container/openejb-core/src/main/java/org/apache/openejb/assembler/classic/EjbJarInfo.java,13.0,3.0,0.0,0.0,0.0,0.0,10.0,dblevins@apache.org,1,0.0018484288354898336,3.0,3.0,0.0,0.0,3114.728813559322,103911.04278306158,1,1,0.5563882434445562,false
container/openejb-core/src/main/java/org/apache/openejb/assembler/classic/EnterpriseBeanBuilder.java,330.0,22.0,18.0,9.0,74.0,48.0,0.0,dblevins@apache.org,0,0.0,0.0,0.0,0.0,0.0,0.0,0.0,0,10,0.0,false
container/openejb-core/src/main/java/org/apache/openejb/assembler/classic/EnterpriseBeanInfo.java,32.0,2.0,0.0,0.0,0.0,0.0,21.0,dblevins@apache.org,1,0.0018484288354898336,3.0,3.0,3.0,0.0,3114.728813559322,103911.04278306158,1,1,0.5563882434445562,false
container/openejb-core/src/main/java/org/apache/openejb/assembler/classic/FacilitiesInfo.java,9.0,2.0,0.0,0.0,0.0,0.0,9.0,dain@apache.org,1,0.0018484288354898336,8.0,0.0,0.0,0.0,3114.728813559322,103911.04278306158,1,1,0.5563882434445562,false
container/openejb-core/src/main/java/org/apache/openejb/assembler/classic/InterceptorBindingBuilder.java,226.0,18.0,9.0,10.0,67.0,47.0,42.0,dblevins@apache.org,1,0.0018484288354898336,3.0,0.0,0.0,3.0,3114.728813559322,103911.04278306158,1,2,0.5563882434445562,false
container/openejb-core/src/main/java/org/apache/openejb/assembler/classic/JndiBuilder.java,90.0,22.0,6.0,4.0,12.0,8.0,17.0,dblevins@apache.org,1,0.0018484288354898336,9.0,5.0,3.0,1.0,3114.728813559322,103911.04278306158,1,4,0.5563882434445562,false
container/openejb-core/src/main/java/org/apache/openejb/assembler/classic/JndiEncBuilder.java,289.0,36.0,43.0,11.0,37.0,46.0,8.0,null,1,0.0018484288354898336,2.0,0.0,1.0,0.0,3453.8,111667.04949961964,1,13,1.439404186433839,false
container/openejb-core/src/main/java/org/apache/openejb/assembler/classic/LinkResolver.java,52.0,5.0,0.0,4.0,17.0,13.0,0.0,dblevins@apache.org,0,0.0,0.0,0.0,0.0,0.0,0.0,0.0,0,1,0.0,false
container/openejb-core/src/main/java/org/apache/openejb/assembler/classic/MethodTransactionBuilder.java,112.0,9.0,6.0,4.0,23.0,16.0,6.0,dblevins@apache.org,1,0.0018484288354898336,7.0,0.0,7.0,0.0,3114.728813559322,103911.04278306158,1,0,0.5563882434445562,false
container/openejb-core/src/main/java/org/apache/openejb/assembler/classic/PersistenceBuilder.java,93.0,11.0,0.0,3.0,27.0,8.0,4.0,null,1,0.0018484288354898336,3.0,0.0,0.0,0.0,3114.728813559322,103911.04278306158,1,3,0.5563882434445562,false
container/openejb-core/src/main/java/org/apache/openejb/assembler/classic/ProxyInterfaceResolver.java,106.0,3.0,3.0,3.0,13.0,12.0,3.0,tveronezi@apache.org,1,0.0018484288354898336,11.0,0.0,0.0,0.0,3114.728813559322,103911.04278306158,1,0,0.5563882434445562,false
container/openejb-core/src/main/java/org/apache/openejb/assembler/classic/UniqueDefaultLinkResolver.java,11.0,1.0,0.0,1.0,2.0,3.0,0.0,dblevins@apache.org,0,0.0,0.0,0.0,0.0,0.0,0.0,0.0,0,0,0.0,false
container/openejb-core/src/main/java/org/apache/openejb/assembler/classic/cmd/ConfigurationInfo.java,11.0,2.0,0.0,1.0,0.0,2.0,9.0,tveronezi@apache.org,1,0.0018484288354898336,20.0,0.0,0.0,0.0,3114.728813559322,103911.04278306158,1,0,0.5563882434445562,false
container/openejb-core/src/main/java/org/apache/openejb/assembler/classic/cmd/ConfigurationInfoEjb.java,11.0,5.0,0.0,1.0,3.0,4.0,9.0,tveronezi@apache.org,1,0.0018484288354898336,25.0,0.0,0.0,0.0,3114.728813559322,103911.04278306158,1,0,0.5563882434445562,false
container/openejb-core/src/main/java/org/apache/openejb/assembler/classic/cmd/Info2Properties.java,204.0,22.0,53.0,11.0,63.0,29.0,7.0,tveronezi@apache.org,1,0.0018484288354898336,18.0,12.0,0.0,6.0,3114.728813559322,103911.04278306158,1,0,0.5563882434445562,false
container/openejb-core/src/main/java/org/apache/openejb/cli/Bootstrap.java,72.0,4.0,4.0,4.0,33.0,13.0,15.0,null,2,0.0036968576709796672,13.0,0.0,0.0,13.0,3332.574967405476,104188.04261151953,2,0,0.8105494902184923,false
container/openejb-core/src/main/java/org/apache/openejb/cli/MainImpl.java,170.0,25.0,6.0,5.0,62.0,20.0,10.0,dblevins@apache.org,2,0.0036968576709796672,17.0,4.0,4.0,4.0,3332.574967405476,104188.04261151953,2,1,0.4677073124926887,false
container/openejb-core/src/main/java/org/apache/openejb/cli/SystemExitException.java,12.0,0.0,0.0,2.0,0.0,3.0,20.0,tveronezi@apache.org,1,0.0018484288354898336,25.0,0.0,0.0,25.0,3114.728813559322,103911.04278306158,1,0,0.5563882434445562,false
container/openejb-core/src/main/java/org/apache/openejb/client/LocalInitialContextFactory.java,87.0,9.0,4.0,4.0,29.0,17.0,11.0,dblevins@apache.org,1,0.0018484288354898336,5.0,0.0,0.0,5.0,217.84615384615384,276.9998284579417,1,1,2.451005098112319,false
container/openejb-core/src/main/java/org/apache/openejb/config/AnnotationDeployer.java,1159.0,106.0,0.0,2.0,1.0,4.0,15.0,rmannibucau@apache.org,2,0.0036968576709796672,3.0,1.0,1.0,1.0,6568.528813559322,215578.0922826812,2,5,0.22200317608472075,false
container/openejb-core/src/main/java/org/apache/openejb/config/AppModule.java,93.0,7.0,96.0,17.0,7.0,38.0,21.0,null,2,0.0036968576709796672,6.0,2.0,0.0,0.0,6568.528813559322,215578.0922826812,2,2,0.5085513704759319,false
container/openejb-core/src/main/java/org/apache/openejb/config/AppValidator.java,143.0,9.0,37.0,11.0,46.0,32.0,32.0,null,1,0.0018484288354898336,3.0,3.0,0.0,0.0,3114.728813559322,103911.04278306158,1,0,0.5563882434445562,false
container/openejb-core/src/main/java/org/apache/openejb/config/AutoConfig.java,584.0,35.0,157.0,23.0,204.0,95.0,12.0,rmannibucau@apache.org,3,0.005545286506469501,6.0,2.0,2.0,1.0,6605.195480225989,215643.4519116255,3,5,0.31665170502141615,false
container/openejb-core/src/main/java/org/apache/openejb/config/BeanTypes.java,10.0,0.0,0.0,0.0,0.0,0.0,0.0,dblevins@apache.org,0,0.0,0.0,0.0,0.0,0.0,0.0,0.0,0,1,0.0,false
container/openejb-core/src/main/java/org/apache/openejb/config/ClientModule.java,62.0,4.0,38.0,12.0,2.0,22.0,19.0,dblevins@apache.org,1,0.0018484288354898336,8.0,4.0,0.0,0.0,3114.728813559322,103911.04278306158,1,1,0.5563882434445562,false
container/openejb-core/src/main/java/org/apache/openejb/config/CmpJpaConversion.java,411.0,51.0,26.0,8.0,142.0,43.0,28.0,dain@apache.org,1,0.0018484288354898336,2.0,2.0,0.0,0.0,3453.8,111667.04949961964,1,9,1.439404186433839,false
container/openejb-core/src/main/java/org/apache/openejb/config/ConfigUtils.java,121.0,17.0,10.0,5.0,34.0,26.0,42.0,null,1,0.0018484288354898336,4.0,0.0,0.0,4.0,3114.728813559322,103911.04278306158,1,1,0.5563882434445562,false
container/openejb-core/src/main/java/org/apache/openejb/config/ConfigurationFactory.java,470.0,59.0,269.0,26.0,193.0,98.0,15.0,null,4,0.0073937153419593345,8.0,3.0,2.0,3.0,6823.041634072142,215920.45174008346,4,9,0.14867748353404586,false
container/openejb-core/src/main/java/org/apache/openejb/config/DebuggableVmHackery.java,87.0,21.0,1.0,2.0,34.0,8.0,28.0,dblevins@apache.org,1,0.0018484288354898336,10.0,10.0,0.0,0.0,3453.8,111667.04949961964,1,1,1.439404186433839,false
container/openejb-core/src/main/java/org/apache/openejb/config/Deploy.java,199.0,30.0,16.0,9.0,52.0,32.0,20.0,null,2,0.0036968576709796672,17.0,7.0,3.0,3.0,6568.528813559322,215578.0922826812,2,1,0.23258900850422481,false
container/openejb-core/src/main/java/org/apache/openejb/config/DeploymentLoader.java,306.0,28.0,26.0,8.0,86.0,40.0,14.0,rmannibucau@apache.org,2,0.0036968576709796672,2.0,0.0,0.0,0.0,6568.528813559322,215578.0922826812,2,6,0.21421272281283765,true
container/openejb-core/src/main/java/org/apache/openejb/config/DeploymentModule.java,10.0,1.0,10.0,5.0,0.0,5.0,32.0,null,1,0.0018484288354898336,4.0,4.0,0.0,0.0,3114.728813559322,103911.04278306158,1,1,0.5563882434445562,false
container/openejb-core/src/main/java/org/apache/openejb/config/DeploymentsResolver.java,204.0,13.0,4.0,4.0,69.0,25.0,2.0,dblevins@apache.org,2,0.0036968576709796672,8.0,2.0,1.0,2.0,6568.528813559322,215578.0922826812,2,1,0.27241705986890186,false
container/openejb-core/src/main/java/org/apache/openejb/config/EjbJarInfoBuilder.java,433.0,69.0,134.0,17.0,238.0,66.0,21.0,null,1,0.0018484288354898336,5.0,3.0,0.0,1.0,3114.728813559322,103911.04278306158,1,8,0.5563882434445562,false
container/openejb-core/src/main/java/org/apache/openejb/config/EjbModule.java,86.0,5.0,51.0,15.0,5.0,26.0,13.0,dblevins@apache.org,1,0.0018484288354898336,7.0,2.0,0.0,2.0,3114.728813559322,103911.04278306158,1,2,0.5563882434445562,false
container/openejb-core/src/main/java/org/apache/openejb/config/EjbSet.java,62.0,2.0,77.0,15.0,12.0,26.0,26.0,dblevins@apache.org,1,0.0018484288354898336,40.0,40.0,20.0,0.0,3114.728813559322,103911.04278306158,1,1,0.5563882434445562,false
container/openejb-core/src/main/java/org/apache/openejb/config/EnvEntriesPropertiesDeployer.java,61.0,14.0,1.0,3.0,31.0,13.0,7.0,null,2,0.0036968576709796672,26.0,9.0,9.0,0.0,6568.528813559322,215578.0922826812,2,0,0.21421272281283765,false
container/openejb-core/src/main/java/org/apache/openejb/config/GeronimoMappedName.java,58.0,10.0,6.0,4.0,23.0,11.0,0.0,tveronezi@apache.org,0,0.0,0.0,0.0,0.0,0.0,0.0,0.0,0,0,0.0,false
container/openejb-core/src/main/java/org/apache/openejb/config/InitEjbDeployments.java,61.0,11.0,4.0,4.0,32.0,14.0,13.0,dblevins@apache.org,1,0.0018484288354898336,16.0,8.0,0.0,4.0,3114.728813559322,103911.04278306158,1,2,0.5563882434445562,false
container/openejb-core/src/main/java/org/apache/openejb/config/JarExtractor.java,195.0,14.0,10.0,5.0,41.0,31.0,0.0,dain@apache.org,0,0.0,0.0,0.0,0.0,0.0,0.0,0.0,0,1,0.0,false
container/openejb-core/src/main/java/org/apache/openejb/config/JaxbUnmarshaller.java,177.0,23.0,0.0,8.0,51.0,43.0,3.0,rickmcguire@apache.org,1,0.0018484288354898336,25.0,0.0,0.0,0.0,3114.728813559322,103911.04278306158,1,1,0.5563882434445562,false
container/openejb-core/src/main/java/org/apache/openejb/config/JndiEncInfoBuilder.java,395.0,47.0,141.0,18.0,154.0,69.0,20.0,dblevins@apache.org,1,0.0018484288354898336,6.0,1.0,0.0,3.0,3114.728813559322,103911.04278306158,1,2,0.5563882434445562,false
container/openejb-core/src/main/java/org/apache/openejb/config/OpenEjb2Conversion.java,335.0,46.0,15.0,6.0,96.0,22.0,28.0,null,1,0.0018484288354898336,5.0,5.0,0.0,0.0,3453.8,111667.04949961964,1,2,1.439404186433839,false
container/openejb-core/src/main/java/org/apache/openejb/config/OutputGeneratedDescriptors.java,55.0,11.0,1.0,3.0,19.0,9.0,42.0,dblevins@apache.org,1,0.0018484288354898336,4.0,0.0,0.0,4.0,3114.728813559322,103911.04278306158,1,1,0.5563882434445562,false
container/openejb-core/src/main/java/org/apache/openejb/config/ReadDescriptors.java,274.0,23.0,28.0,8.0,95.0,40.0,9.0,rmannibucau@apache.org,2,0.0036968576709796672,3.0,0.0,0.0,0.0,6568.528813559322,215578.0922826812,2,3,0.30474903437925227,false
container/openejb-core/src/main/java/org/apache/openejb/config/ReportValidationResults.java,36.0,3.0,1.0,2.0,17.0,10.0,16.0,dblevins@apache.org,2,0.0036968576709796672,11.0,5.0,5.0,0.0,3122.728813559322,103924.54018936916,2,0,1.961842036715515,false
container/openejb-core/src/main/java/org/apache/openejb/config/ResourceModule.java,20.0,1.0,10.0,5.0,0.0,10.0,21.0,dain@apache.org,2,0.0036968576709796672,50.0,17.0,0.0,0.0,6568.528813559322,215578.0922826812,2,1,0.5085513704759319,false
container/openejb-core/src/main/java/org/apache/openejb/config/Service.java,14.0,1.0,36.0,9.0,0.0,12.0,7.0,dblevins@apache.org,1,0.0018484288354898336,10.0,10.0,0.0,0.0,3114.728813559322,103911.04278306158,1,0,0.5563882434445562,false
container/openejb-core/src/main/java/org/apache/openejb/config/ServiceUtils.java,94.0,16.0,13.0,6.0,23.0,25.0,19.0,dblevins@apache.org,2,0.0036968576709796672,14.0,9.0,0.0,6.0,6568.528813559322,215578.0922826812,2,1,0.23658295363101267,false
container/openejb-core/src/main/java/org/apache/openejb/config/SunConversion.java,615.0,58.0,105.0,15.0,161.0,59.0,28.0,dain@apache.org,1,0.0018484288354898336,4.0,4.0,0.0,0.0,3453.8,111667.04949961964,1,5,1.439404186433839,false
container/openejb-core/src/main/java/org/apache/openejb/config/ValidateModules.java,11.0,1.0,1.0,2.0,1.0,4.0,32.0,rmannibucau@apache.org,1,0.0018484288354898336,10.0,10.0,0.0,0.0,3114.728813559322,103911.04278306158,1,0,0.5563882434445562,false
container/openejb-core/src/main/java/org/apache/openejb/config/ValidationContext.java,65.0,2.0,83.0,15.0,22.0,23.0,32.0,tveronezi@apache.org,1,0.0018484288354898336,12.0,12.0,0.0,0.0,3114.728813559322,103911.04278306158,1,0,0.5563882434445562,false
container/openejb-core/src/main/java/org/apache/openejb/config/ValidationException.java,40.0,1.0,35.0,10.0,3.0,19.0,0.0,tveronezi@apache.org,0,0.0,0.0,0.0,0.0,0.0,0.0,0.0,0,1,0.0,false
container/openejb-core/src/main/java/org/apache/openejb/config/ValidationFailedException.java,45.0,1.0,23.0,10.0,5.0,18.0,26.0,tveronezi@apache.org,1,0.0018484288354898336,33.0,33.0,17.0,0.0,3114.728813559322,103911.04278306158,1,0,0.5563882434445562,false
container/openejb-core/src/main/java/org/apache/openejb/config/ValidationResults.java,13.0,0.0,28.0,8.0,0.0,8.0,26.0,dblevins@apache.org,1,0.0018484288354898336,40.0,40.0,20.0,0.0,3114.728813559322,103911.04278306158,1,0,0.5563882434445562,false
container/openejb-core/src/main/java/org/apache/openejb/config/ValidationRule.java,3.0,0.0,0.0,1.0,0.0,1.0,32.0,tveronezi@apache.org,1,0.0018484288354898336,20.0,20.0,0.0,0.0,3114.728813559322,103911.04278306158,1,0,0.5563882434445562,false
container/openejb-core/src/main/java/org/apache/openejb/config/VmDeploymentManager.java,467.0,48.0,343.0,31.0,64.0,105.0,24.0,null,2,0.0036968576709796672,7.0,4.0,4.0,0.0,6568.528813559322,215578.0922826812,2,1,0.30474903437925227,false
container/openejb-core/src/main/java/org/apache/openejb/config/WebModule.java,20.0,1.0,10.0,5.0,0.0,10.0,18.0,null,2,0.0036968576709796672,4.0,2.0,0.0,0.0,6568.528813559322,215578.0922826812,2,1,0.30474903437925227,false
container/openejb-core/src/main/java/org/apache/openejb/config/rules/CheckAssemblyBindings.java,44.0,11.0,0.0,1.0,18.0,6.0,16.0,tveronezi@apache.org,1,0.0018484288354898336,25.0,8.0,0.0,8.0,3114.728813559322,103911.04278306158,1,0,0.5563882434445562,false
container/openejb-core/src/main/java/org/apache/openejb/config/rules/CheckCallbacks.java,154.0,12.0,15.0,6.0,53.0,32.0,16.0,dblevins@apache.org,1,0.0018484288354898336,9.0,3.0,0.0,0.0,3114.728813559322,103911.04278306158,1,0,0.5563882434445562,false
container/openejb-core/src/main/java/org/apache/openejb/config/rules/CheckClasses.java,134.0,11.0,120.0,16.0,70.0,34.0,15.0,dblevins@apache.org,1,0.0018484288354898336,8.0,3.0,0.0,0.0,3114.728813559322,103911.04278306158,1,2,0.5563882434445562,false
container/openejb-core/src/main/java/org/apache/openejb/config/rules/CheckInjectionTargets.java,39.0,6.0,0.0,1.0,30.0,4.0,16.0,tveronezi@apache.org,1,0.0018484288354898336,38.0,12.0,0.0,0.0,3114.728813559322,103911.04278306158,1,0,0.5563882434445562,false
container/openejb-core/src/main/java/org/apache/openejb/config/rules/CheckMethods.java,183.0,8.0,36.0,9.0,81.0,42.0,15.0,null,1,0.0018484288354898336,13.0,9.0,0.0,0.0,3114.728813559322,103911.04278306158,1,2,0.5563882434445562,false
container/openejb-core/src/main/java/org/apache/openejb/config/rules/CheckPersistenceRefs.java,13.0,3.0,0.0,1.0,6.0,4.0,32.0,dblevins@apache.org,1,0.0018484288354898336,8.0,8.0,0.0,0.0,3114.728813559322,103911.04278306158,1,0,0.5563882434445562,false
container/openejb-core/src/main/java/org/apache/openejb/config/rules/CheckServiceRefs.java,13.0,3.0,0.0,1.0,6.0,4.0,23.0,dblevins@apache.org,1,0.0018484288354898336,67.0,33.0,0.0,0.0,3114.728813559322,103911.04278306158,1,0,0.5563882434445562,false
container/openejb-core/src/main/java/org/apache/openejb/config/rules/ValidationBase.java,76.0,13.0,71.0,14.0,29.0,27.0,16.0,dblevins@apache.org,1,0.0018484288354898336,23.0,8.0,0.0,8.0,3114.728813559322,103911.04278306158,1,0,0.5563882434445562,false
container/openejb-core/src/main/java/org/apache/openejb/config/sys/AbstractService.java,67.0,8.0,28.0,9.0,0.0,16.0,10.0,dblevins@apache.org,1,0.0018484288354898336,19.0,19.0,0.0,0.0,3114.728813559322,103911.04278306158,1,0,0.5563882434445562,false
container/openejb-core/src/main/java/org/apache/openejb/config/sys/ConnectionManager.java,5.0,7.0,0.0,0.0,0.0,0.0,12.0,dblevins@apache.org,1,0.0018484288354898336,25.0,25.0,0.0,0.0,3114.728813559322,103911.04278306158,1,0,0.5563882434445562,false
container/openejb-core/src/main/java/org/apache/openejb/config/sys/Connector.java,5.0,4.0,0.0,0.0,0.0,0.0,29.0,dblevins@apache.org,1,0.0018484288354898336,25.0,25.0,0.0,0.0,3114.728813559322,103911.04278306158,1,0,0.5563882434445562,false
container/openejb-core/src/main/java/org/apache/openejb/config/sys/Container.java,20.0,5.0,1.0,2.0,1.0,3.0,10.0,dblevins@apache.org,1,0.0018484288354898336,30.0,30.0,0.0,0.0,3114.728813559322,103911.04278306158,1,0,0.5563882434445562,false
container/openejb-core/src/main/java/org/apache/openejb/config/sys/Deployments.java,42.0,6.0,9.0,6.0,0.0,9.0,0.0,tveronezi@apache.org,0,0.0,0.0,0.0,0.0,0.0,0.0,0.0,0,0,0.0,false
container/openejb-core/src/main/java/org/apache/openejb/config/sys/JaxbOpenejb.java,233.0,33.0,210.0,21.0,51.0,63.0,0.0,rmannibucau@apache.org,0,0.0,0.0,0.0,0.0,0.0,0.0,0.0,0,0,0.0,false
container/openejb-core/src/main/java/org/apache/openejb/config/sys/JndiProvider.java,5.0,4.0,0.0,0.0,0.0,0.0,12.0,dblevins@apache.org,1,0.0018484288354898336,22.0,22.0,0.0,0.0,3114.728813559322,103911.04278306158,1,0,0.5563882434445562,false
container/openejb-core/src/main/java/org/apache/openejb/config/sys/ListAdapter.java,12.0,5.0,1.0,2.0,3.0,6.0,6.0,tveronezi@apache.org,2,0.0036968576709796672,33.0,33.0,0.0,0.0,6568.528813559322,215578.0922826812,2,0,0.30474903437925227,false
container/openejb-core/src/main/java/org/apache/openejb/config/sys/ObjectFactory.java,82.0,1.0,78.0,13.0,0.0,26.0,20.0,tveronezi@apache.org,0,0.0,0.0,0.0,0.0,0.0,0.0,0.0,0,0,0.0,false
container/openejb-core/src/main/java/org/apache/openejb/config/sys/Openejb.java,115.0,7.0,70.0,13.0,0.0,32.0,0.0,rmannibucau@apache.org,0,0.0,0.0,0.0,0.0,0.0,0.0,0.0,0,0,0.0,false
container/openejb-core/src/main/java/org/apache/openejb/config/sys/PropertiesAdapter.java,16.0,10.0,1.0,2.0,4.0,6.0,8.0,null,1,0.0018484288354898336,7.0,7.0,0.0,0.0,3114.728813559322,103911.04278306158,1,0,0.5563882434445562,false
container/openejb-core/src/main/java/org/apache/openejb/config/sys/ProxyFactory.java,5.0,4.0,0.0,0.0,0.0,0.0,12.0,dblevins@apache.org,1,0.0018484288354898336,25.0,25.0,0.0,0.0,3114.728813559322,103911.04278306158,1,0,0.5563882434445562,false
container/openejb-core/src/main/java/org/apache/openejb/config/sys/Resource.java,20.0,5.0,0.0,2.0,0.0,3.0,12.0,dblevins@apache.org,1,0.0018484288354898336,15.0,15.0,0.0,0.0,3114.728813559322,103911.04278306158,1,0,0.5563882434445562,false
container/openejb-core/src/main/java/org/apache/openejb/config/sys/SecurityService.java,5.0,4.0,0.0,0.0,0.0,0.0,13.0,dblevins@apache.org,1,0.0018484288354898336,25.0,25.0,0.0,0.0,3114.728813559322,103911.04278306158,1,0,0.5563882434445562,false
container/openejb-core/src/main/java/org/apache/openejb/config/sys/ServiceProvider.java,127.0,10.0,106.0,16.0,0.0,28.0,6.0,dblevins@apache.org,2,0.0036968576709796672,22.0,17.0,0.0,6.0,6568.528813559322,215578.0922826812,2,0,0.21480708457306852,false
container/openejb-core/src/main/java/org/apache/openejb/config/sys/ServicesJar.java,15.0,7.0,0.0,1.0,0.0,4.0,0.0,dain@apache.org,0,0.0,0.0,0.0,0.0,0.0,0.0,0.0,0,0,0.0,false
container/openejb-core/src/main/java/org/apache/openejb/config/sys/TransactionManager.java,5.0,4.0,0.0,0.0,0.0,0.0,12.0,dblevins@apache.org,1,0.0018484288354898336,25.0,25.0,0.0,0.0,3114.728813559322,103911.04278306158,1,0,0.5563882434445562,false
container/openejb-core/src/main/java/org/apache/openejb/config/sys/package-info.java,0.0,0.0,0.0,0.0,0.0,0.0,0.0,tveronezi@apache.org,0,0.0,0.0,0.0,0.0,0.0,0.0,0.0,0,0,0.0,false
container/openejb-core/src/main/java/org/apache/openejb/core/BaseContext.java,194.0,20.0,250.0,24.0,37.0,53.0,6.0,null,1,0.0018484288354898336,3.0,3.0,3.0,0.0,3453.8,111667.04949961964,1,3,1.439404186433839,false
container/openejb-core/src/main/java/org/apache/openejb/core/BaseSessionContext.java,222.0,26.0,21.0,7.0,10.0,15.0,0.0,dblevins@apache.org,0,0.0,0.0,0.0,0.0,0.0,0.0,0.0,0,2,0.0,false
container/openejb-core/src/main/java/org/apache/openejb/core/ConnectorReference.java,19.0,4.0,0.0,2.0,3.0,5.0,0.0,null,0,0.0,0.0,0.0,0.0,0.0,0.0,0.0,0,1,0.0,false
container/openejb-core/src/main/java/org/apache/openejb/core/CoreContainerSystem.java,47.0,5.0,19.0,10.0,18.0,17.0,1.0,dblevins@apache.org,1,0.0018484288354898336,7.0,0.0,3.0,3.0,3114.728813559322,103911.04278306158,1,0,0.5563882434445562,false
container/openejb-core/src/main/java/org/apache/openejb/core/CoreContext.java,185.0,18.0,205.0,22.0,60.0,64.0,22.0,dblevins@apache.org,1,0.0018484288354898336,6.0,0.0,0.0,0.0,3453.8,111667.04949961964,1,1,1.439404186433839,false
container/openejb-core/src/main/java/org/apache/openejb/core/CoreDeploymentInfo.java,814.0,46.0,5608.0,109.0,141.0,247.0,42.0,dblevins@apache.org,1,0.0018484288354898336,1.0,0.0,0.0,1.0,3114.728813559322,103911.04278306158,1,10,0.5563882434445562,false
container/openejb-core/src/main/java/org/apache/openejb/core/CoreUserTransaction.java,97.0,9.0,0.0,9.0,30.0,28.0,42.0,null,1,0.0018484288354898336,7.0,0.0,0.0,7.0,3114.728813559322,103911.04278306158,1,0,0.5563882434445562,false
container/openejb-core/src/main/java/org/apache/openejb/core/RestrictedUserTransaction.java,39.0,6.0,0.0,8.0,14.0,17.0,0.0,tveronezi@apache.org,0,0.0,0.0,0.0,0.0,0.0,0.0,0.0,0,0,0.0,false
container/openejb-core/src/main/java/org/apache/openejb/core/SimpleTransactionSynchronizationRegistry.java,103.0,8.0,22.0,9.0,16.0,31.0,0.0,tveronezi@apache.org,0,0.0,0.0,0.0,0.0,0.0,0.0,0.0,0,1,0.0,false
container/openejb-core/src/main/java/org/apache/openejb/core/ThreadContext.java,106.0,5.0,93.0,18.0,20.0,38.0,42.0,dblevins@apache.org,1,0.0018484288354898336,3.0,0.0,0.0,3.0,3114.728813559322,103911.04278306158,1,3,0.5563882434445562,false
container/openejb-core/src/main/java/org/apache/openejb/core/UnauthenticatedPrincipal.java,11.0,1.0,1.0,2.0,0.0,3.0,0.0,tveronezi@apache.org,0,0.0,0.0,0.0,0.0,0.0,0.0,0.0,0,0,0.0,false
container/openejb-core/src/main/java/org/apache/openejb/core/cmp/CmpContainer.java,704.0,48.0,564.0,37.0,256.0,147.0,7.0,dain@apache.org,2,0.0036968576709796672,3.0,1.0,3.0,0.0,6568.528813559322,215578.0922826812,2,12,0.30474903437925227,false
container/openejb-core/src/main/java/org/apache/openejb/core/cmp/cmp2/Cmp2Generator.java,553.0,15.0,0.0,26.0,271.0,66.0,0.0,null,0,0.0,0.0,0.0,0.0,0.0,0.0,0.0,0,4,0.0,false
container/openejb-core/src/main/java/org/apache/openejb/core/cmp/cmp2/Cmp2Util.java,54.0,11.0,10.0,5.0,20.0,19.0,0.0,null,0,0.0,0.0,0.0,0.0,0.0,0.0,0.0,0,2,0.0,false
container/openejb-core/src/main/java/org/apache/openejb/core/cmp/jpa/JpaCmpEngine.java,323.0,35.0,155.0,19.0,90.0,65.0,2.0,dain@apache.org,1,0.0018484288354898336,2.0,0.0,0.0,2.0,8.0,13.497406307575112,1,5,4.7535901911063645,false
container/openejb-core/src/main/java/org/apache/openejb/core/entity/EntityContainer.java,361.0,39.0,137.0,23.0,142.0,80.0,42.0,dblevins@apache.org,1,0.0018484288354898336,2.0,0.0,0.0,2.0,3114.728813559322,103911.04278306158,1,9,0.5563882434445562,false
container/openejb-core/src/main/java/org/apache/openejb/core/entity/EntityContext.java,246.0,18.0,19.0,7.0,9.0,18.0,0.0,null,0,0.0,0.0,0.0,0.0,0.0,0.0,0.0,0,4,0.0,false
container/openejb-core/src/main/java/org/apache/openejb/core/entity/EntityEjbHomeHandler.java,60.0,10.0,10.0,5.0,19.0,16.0,0.0,dblevins@apache.org,0,0.0,0.0,0.0,0.0,0.0,0.0,0.0,0,1,0.0,false
container/openejb-core/src/main/java/org/apache/openejb/core/entity/EntityEjbObjectHandler.java,68.0,8.0,21.0,7.0,9.0,17.0,0.0,dblevins@apache.org,0,0.0,0.0,0.0,0.0,0.0,0.0,0.0,0,2,0.0,false
container/openejb-core/src/main/java/org/apache/openejb/core/entity/EntityInstanceManager.java,372.0,27.0,22.0,12.0,83.0,43.0,42.0,null,1,0.0018484288354898336,3.0,0.0,0.0,3.0,3114.728813559322,103911.04278306158,1,7,0.5563882434445562,false
container/openejb-core/src/main/java/org/apache/openejb/core/interceptor/InterceptorData.java,67.0,5.0,33.0,10.0,8.0,21.0,0.0,dblevins@apache.org,0,0.0,0.0,0.0,0.0,0.0,0.0,0.0,0,0,0.0,false
container/openejb-core/src/main/java/org/apache/openejb/core/ivm/BaseEjbProxyHandler.java,410.0,39.0,326.0,29.0,104.0,90.0,2.0,dblevins@apache.org,2,0.0036968576709796672,11.0,4.0,7.0,0.0,3114.728813559322,103911.04278306158,2,8,1.0433535857412,false
container/openejb-core/src/main/java/org/apache/openejb/core/ivm/EjbHomeProxyHandler.java,229.0,23.0,134.0,17.0,69.0,60.0,22.0,dblevins@apache.org,1,0.0018484288354898336,3.0,0.0,0.0,1.0,3114.728813559322,103911.04278306158,1,6,0.5563882434445562,true
container/openejb-core/src/main/java/org/apache/openejb/core/ivm/EjbObjectProxyHandler.java,157.0,13.0,91.0,14.0,48.0,40.0,20.0,dblevins@apache.org,2,0.0036968576709796672,7.0,0.0,2.0,4.0,3559.0877879182963,105512.59258976088,2,5,1.26869485615557,true
container/openejb-core/src/main/java/org/apache/openejb/core/ivm/naming/IvmContext.java,382.0,33.0,827.0,43.0,101.0,138.0,0.0,null,0,0.0,0.0,0.0,0.0,0.0,0.0,0.0,0,2,0.0,false
container/openejb-core/src/main/java/org/apache/openejb/core/ivm/naming/JndiEncArtifact.java,24.0,2.0,0.0,2.0,7.0,8.0,0.0,dblevins@apache.org,0,0.0,0.0,0.0,0.0,0.0,0.0,0.0,0,2,0.0,false
container/openejb-core/src/main/java/org/apache/openejb/core/ivm/naming/NameNode.java,228.0,0.0,8.0,20.0,35.0,62.0,9.0,null,2,0.0036968576709796672,11.0,5.0,5.0,5.0,3332.574967405476,104188.04261151953,2,2,0.8105494902184923,false
container/openejb-core/src/main/java/org/apache/openejb/core/mdb/EndpointHandler.java,190.0,12.0,0.0,8.0,31.0,41.0,0.0,null,0,0.0,0.0,0.0,0.0,0.0,0.0,0.0,0,3,0.0,false
container/openejb-core/src/main/java/org/apache/openejb/core/mdb/MdbContainer.java,284.0,36.0,102.0,17.0,95.0,61.0,42.0,null,1,0.0018484288354898336,2.0,0.0,0.0,2.0,3114.728813559322,103911.04278306158,1,7,0.5563882434445562,false
container/openejb-core/src/main/java/org/apache/openejb/core/mdb/MdbInstanceFactory.java,208.0,24.0,4.0,8.0,45.0,35.0,22.0,dblevins@apache.org,2,0.0036968576709796672,5.0,0.0,2.0,2.0,3559.0877879182963,105512.59258976088,2,3,1.26869485615557,false
container/openejb-core/src/main/java/org/apache/openejb/core/security/SecurityServiceImpl.java,228.0,34.0,178.0,20.0,58.0,56.0,10.0,dblevins@apache.org,2,0.0036968576709796672,13.0,7.0,0.0,0.0,6568.528813559322,215578.0922826812,2,2,0.21480708457306852,false
container/openejb-core/src/main/java/org/apache/openejb/core/security/jaas/PropertiesLoginModule.java,104.0,19.0,0.0,6.0,33.0,23.0,42.0,tveronezi@apache.org,1,0.0018484288354898336,6.0,0.0,0.0,6.0,3114.728813559322,103911.04278306158,1,0,0.5563882434445562,false
container/openejb-core/src/main/java/org/apache/openejb/core/stateful/SessionSynchronizationCoordinator.java,178.0,19.0,27.0,10.0,74.0,37.0,42.0,dblevins@apache.org,1,0.0018484288354898336,6.0,0.0,0.0,6.0,3114.728813559322,103911.04278306158,1,2,0.5563882434445562,false
container/openejb-core/src/main/java/org/apache/openejb/core/stateful/SessionSynchronizationTxPolicy.java,45.0,8.0,0.0,5.0,15.0,16.0,0.0,dain@apache.org,0,0.0,0.0,0.0,0.0,0.0,0.0,0.0,0,1,0.0,false
container/openejb-core/src/main/java/org/apache/openejb/core/stateful/SimplePassivater.java,73.0,13.0,4.0,5.0,30.0,21.0,42.0,null,1,0.0018484288354898336,6.0,0.0,0.0,6.0,3114.728813559322,103911.04278306158,1,1,0.5563882434445562,false
container/openejb-core/src/main/java/org/apache/openejb/core/stateful/StatefulContainer.java,381.0,40.0,109.0,23.0,131.0,80.0,42.0,dblevins@apache.org,1,0.0018484288354898336,1.0,0.0,0.0,1.0,3114.728813559322,103911.04278306158,1,7,0.5563882434445562,false
container/openejb-core/src/main/java/org/apache/openejb/core/stateful/StatefulContainerManagedTxPolicy.java,36.0,6.0,0.0,6.0,9.0,15.0,0.0,dain@apache.org,0,0.0,0.0,0.0,0.0,0.0,0.0,0.0,0,1,0.0,false
container/openejb-core/src/main/java/org/apache/openejb/core/stateful/StatefulContext.java,111.0,9.0,4.0,4.0,3.0,9.0,0.0,null,0,0.0,0.0,0.0,0.0,0.0,0.0,0.0,0,1,0.0,false
container/openejb-core/src/main/java/org/apache/openejb/core/stateful/StatefulEjbObjectHandler.java,59.0,9.0,10.0,5.0,8.0,12.0,0.0,dblevins@apache.org,0,0.0,0.0,0.0,0.0,0.0,0.0,0.0,0,1,0.0,false
container/openejb-core/src/main/java/org/apache/openejb/core/stateful/StatefulInstanceManager.java,460.0,42.0,198.0,24.0,142.0,98.0,22.0,dblevins@apache.org,2,0.0036968576709796672,5.0,0.0,3.0,3.0,3559.0877879182963,105512.59258976088,2,6,1.26869485615557,false
container/openejb-core/src/main/java/org/apache/openejb/core/stateless/StatelessContainer.java,179.0,29.0,72.0,17.0,69.0,47.0,0.0,dblevins@apache.org,0,0.0,0.0,0.0,0.0,0.0,0.0,0.0,0,6,0.0,false
container/openejb-core/src/main/java/org/apache/openejb/core/stateless/StatelessContext.java,38.0,6.0,4.0,4.0,3.0,9.0,0.0,dblevins@apache.org,0,0.0,0.0,0.0,0.0,0.0,0.0,0.0,0,1,0.0,false
container/openejb-core/src/main/java/org/apache/openejb/core/stateless/StatelessInstanceManager.java,233.0,31.0,25.0,10.0,64.0,31.0,15.0,dblevins@apache.org,3,0.005545286506469501,4.0,1.0,2.0,2.0,3776.9339417644505,105789.59241821883,3,4,0.6930485829070585,false
container/openejb-core/src/main/java/org/apache/openejb/core/timer/DatabaseTimerStore.java,263.0,11.0,60.0,13.0,46.0,39.0,23.0,rmannibucau@apache.org,1,0.0018484288354898336,18.0,0.0,0.0,9.0,3114.728813559322,103911.04278306158,1,0,0.5563882434445562,false
container/openejb-core/src/main/java/org/apache/openejb/core/timer/EjbTimerServiceImpl.java,266.0,22.0,71.0,19.0,94.0,72.0,42.0,rmannibucau@apache.org,1,0.0018484288354898336,1.0,0.0,0.0,1.0,3114.728813559322,103911.04278306158,1,1,0.5563882434445562,false
container/openejb-core/src/main/java/org/apache/openejb/core/timer/MemoryTimerStore.java,143.0,19.0,34.0,9.0,19.0,24.0,42.0,null,1,0.0018484288354898336,7.0,0.0,0.0,7.0,3114.728813559322,103911.04278306158,1,0,0.5563882434445562,false
container/openejb-core/src/main/java/org/apache/openejb/core/timer/TimerData.java,135.0,8.0,107.0,19.0,16.0,41.0,42.0,rmannibucau@apache.org,1,0.0018484288354898336,4.0,0.0,0.0,4.0,3114.728813559322,103911.04278306158,1,0,0.5563882434445562,false
container/openejb-core/src/main/java/org/apache/openejb/core/transaction/TransactionPolicy.java,167.0,14.0,140.0,20.0,50.0,55.0,42.0,dblevins@apache.org,1,0.0018484288354898336,4.0,0.0,0.0,4.0,3114.728813559322,103911.04278306158,1,2,0.5563882434445562,false
container/openejb-core/src/main/java/org/apache/openejb/core/transaction/TxManditory.java,33.0,3.0,10.0,5.0,8.0,14.0,0.0,dblevins@apache.org,0,0.0,0.0,0.0,0.0,0.0,0.0,0.0,0,1,0.0,false
container/openejb-core/src/main/java/org/apache/openejb/core/transaction/TxNever.java,30.0,3.0,10.0,5.0,7.0,14.0,0.0,dblevins@apache.org,0,0.0,0.0,0.0,0.0,0.0,0.0,0.0,0,1,0.0,false
container/openejb-core/src/main/java/org/apache/openejb/core/transaction/TxNotSupported.java,42.0,3.0,10.0,5.0,10.0,15.0,0.0,dblevins@apache.org,0,0.0,0.0,0.0,0.0,0.0,0.0,0.0,0,1,0.0,false
container/openejb-core/src/main/java/org/apache/openejb/core/transaction/TxRequired.java,54.0,3.0,10.0,5.0,15.0,20.0,0.0,dblevins@apache.org,0,0.0,0.0,0.0,0.0,0.0,0.0,0.0,0,1,0.0,false
container/openejb-core/src/main/java/org/apache/openejb/core/transaction/TxRequiresNew.java,49.0,3.0,10.0,5.0,16.0,16.0,0.0,dblevins@apache.org,0,0.0,0.0,0.0,0.0,0.0,0.0,0.0,0,1,0.0,false
container/openejb-core/src/main/java/org/apache/openejb/core/transaction/TxSupports.java,37.0,2.0,10.0,5.0,8.0,15.0,0.0,dblevins@apache.org,0,0.0,0.0,0.0,0.0,0.0,0.0,0.0,0,1,0.0,false
container/openejb-core/src/main/java/org/apache/openejb/mgmt/MEJBBean.java,47.0,20.0,0.0,13.0,14.0,31.0,0.0,tveronezi@apache.org,0,0.0,0.0,0.0,0.0,0.0,0.0,0.0,0,0,0.0,false
container/openejb-core/src/main/java/org/apache/openejb/persistence/JtaEntityManagerRegistry.java,214.0,8.0,10.0,8.0,16.0,27.0,0.0,null,0,0.0,0.0,0.0,0.0,0.0,0.0,0.0,0,1,0.0,false
container/openejb-core/src/main/java/org/apache/openejb/resource/GeronimoConnectionManagerFactory.java,119.0,12.0,234.0,25.0,9.0,46.0,5.0,null,2,0.0036968576709796672,10.0,5.0,0.0,5.0,3490.4666666666667,111732.40912856394,2,1,2.0567764179301835,false
container/openejb-core/src/main/java/org/apache/openejb/resource/SharedLocalConnectionManager.java,156.0,24.0,48.0,12.0,35.0,24.0,74.0,dain@apache.org,1,0.0018484288354898336,12.0,0.0,12.0,0.0,3453.8,111667.04949961964,1,3,1.439404186433839,false
container/openejb-core/src/main/java/org/apache/openejb/resource/jdbc/BasicDataSource.java,40.0,5.0,10.0,5.0,11.0,11.0,8.0,rmannibucau@apache.org,1,0.0018484288354898336,20.0,13.0,7.0,0.0,3453.8,111667.04949961964,1,0,1.439404186433839,false
container/openejb-core/src/main/java/org/apache/openejb/resource/jdbc/BasicDataSourceUtil.java,42.0,4.0,3.0,3.0,12.0,10.0,11.0,null,1,0.0018484288354898336,5.0,5.0,0.0,0.0,3453.8,111667.04949961964,1,0,1.439404186433839,false
container/openejb-core/src/main/java/org/apache/openejb/resource/jdbc/BasicManagedDataSource.java,40.0,5.0,10.0,5.0,11.0,11.0,8.0,rmannibucau@apache.org,1,0.0018484288354898336,18.0,12.0,6.0,0.0,3453.8,111667.04949961964,1,0,1.439404186433839,false
container/openejb-core/src/main/java/org/apache/openejb/resource/jdbc/DataSourcePlugin.java,4.0,0.0,1.0,2.0,0.0,2.0,11.0,dain@apache.org,1,0.0018484288354898336,33.0,33.0,0.0,0.0,3453.8,111667.04949961964,1,0,1.439404186433839,false
container/openejb-core/src/main/java/org/apache/openejb/resource/jdbc/DerbyDataSourcePlugin.java,8.0,4.0,1.0,2.0,5.0,3.0,11.0,dain@apache.org,1,0.0018484288354898336,33.0,33.0,0.0,0.0,3453.8,111667.04949961964,1,0,1.439404186433839,false
container/openejb-core/src/main/java/org/apache/openejb/resource/jdbc/HsqldbDataSourcePlugin.java,24.0,4.0,3.0,3.0,11.0,6.0,11.0,dain@apache.org,1,0.0018484288354898336,33.0,33.0,0.0,0.0,3453.8,111667.04949961964,1,0,1.439404186433839,false
container/openejb-core/src/main/java/org/apache/openejb/resource/jdbc/InstantdbDataSourcePlugin.java,40.0,6.0,1.0,2.0,15.0,6.0,11.0,dblevins@apache.org,1,0.0018484288354898336,17.0,17.0,0.0,0.0,3453.8,111667.04949961964,1,0,1.439404186433839,false
container/openejb-core/src/main/java/org/apache/openejb/resource/jdbc/JdbcLocalTransaction.java,79.0,4.0,0.0,6.0,22.0,24.0,58.0,dblevins@apache.org,2,0.0036968576709796672,40.0,0.0,20.0,20.0,6568.528813559322,215578.0922826812,2,1,0.30474903437925227,false
container/openejb-core/src/main/java/org/apache/openejb/resource/jdbc/JdbcManagedConnection.java,150.0,13.0,74.0,20.0,33.0,50.0,74.0,rickmcguire@apache.org,1,0.0018484288354898336,25.0,0.0,25.0,0.0,3453.8,111667.04949961964,1,1,1.439404186433839,false
container/openejb-core/src/main/java/org/apache/openejb/resource/jdbc/JdbcManagedConnectionFactory.java,132.0,12.0,99.0,23.0,25.0,52.0,58.0,dblevins@apache.org,2,0.0036968576709796672,20.0,0.0,10.0,10.0,6568.528813559322,215578.0922826812,2,2,0.30474903437925227,false
container/openejb-core/src/main/java/org/apache/openejb/resource/jdbc/JdbcUnmanagedConnection.java,85.0,14.0,231.0,23.0,4.0,45.0,74.0,rickmcguire@apache.org,1,0.0018484288354898336,33.0,0.0,33.0,0.0,3453.8,111667.04949961964,1,1,1.439404186433839,false
container/openejb-core/src/main/java/org/apache/openejb/ri/sp/PseudoSecurityService.java,56.0,7.0,71.0,14.0,3.0,29.0,15.0,dblevins@apache.org,2,0.0036968576709796672,11.0,5.0,0.0,0.0,6568.528813559322,215578.0922826812,2,0,0.30474903437925227,false
container/openejb-core/src/main/java/org/apache/openejb/ri/sp/PseudoTransactionService.java,238.0,19.0,21.0,18.0,29.0,47.0,42.0,tveronezi@apache.org,1,0.0018484288354898336,7.0,0.0,0.0,7.0,3114.728813559322,103911.04278306158,1,0,0.5563882434445562,false
container/openejb-core/src/main/java/org/apache/openejb/spi/SecurityService.java,30.0,6.0,45.0,10.0,0.0,13.0,13.0,dblevins@apache.org,2,0.0036968576709796672,11.0,6.0,0.0,0.0,6568.528813559322,215578.0922826812,2,0,0.30474903437925227,false
container/openejb-core/src/main/java/org/apache/openejb/util/Computable.java,3.0,0.0,0.0,1.0,0.0,2.0,9.0,dblevins@apache.org,1,0.0018484288354898336,20.0,20.0,0.0,0.0,3114.728813559322,103911.04278306158,1,0,0.5563882434445562,false
container/openejb-core/src/main/java/org/apache/openejb/util/Connect.java,26.0,5.0,0.0,1.0,4.0,5.0,21.0,tveronezi@apache.org,1,0.0018484288354898336,20.0,20.0,20.0,0.0,3114.728813559322,103911.04278306158,1,0,0.5563882434445562,false
container/openejb-core/src/main/java/org/apache/openejb/util/Debug.java,39.0,9.0,10.0,5.0,21.0,16.0,0.0,dblevins@apache.org,0,0.0,0.0,0.0,0.0,0.0,0.0,0.0,0,1,0.0,false
container/openejb-core/src/main/java/org/apache/openejb/util/DirectoryMonitor.java,181.0,5.0,30.0,12.0,37.0,28.0,42.0,dblevins@apache.org,1,0.0018484288354898336,10.0,0.0,0.0,10.0,3114.728813559322,103911.04278306158,1,0,0.5563882434445562,false
container/openejb-core/src/main/java/org/apache/openejb/util/JarUtils.java,56.0,10.0,4.0,4.0,17.0,14.0,0.0,dblevins@apache.org,0,0.0,0.0,0.0,0.0,0.0,0.0,0.0,0,1,0.0,false
container/openejb-core/src/main/java/org/apache/openejb/util/Join.java,21.0,2.0,1.0,2.0,9.0,8.0,3.0,tveronezi@apache.org,1,0.0018484288354898336,11.0,0.0,0.0,11.0,3114.728813559322,103911.04278306158,1,0,0.5563882434445562,false
container/openejb-core/src/main/java/org/apache/openejb/util/LogCategory.java,40.0,0.0,0.0,3.0,0.0,5.0,14.0,dblevins@apache.org,1,0.0018484288354898336,31.0,8.0,0.0,23.0,3114.728813559322,103911.04278306158,1,0,0.5563882434445562,false
container/openejb-core/src/main/java/org/apache/openejb/util/Logger.java,409.0,18.0,0.0,39.0,121.0,130.0,5.0,null,4,0.0073937153419593345,22.0,6.0,8.0,8.0,7016.887787918296,217188.83931453532,4,3,0.35345398172439557,false
container/openejb-core/src/main/java/org/apache/openejb/util/Memoizer.java,32.0,6.0,0.0,3.0,6.0,10.0,9.0,tveronezi@apache.org,1,0.0018484288354898336,10.0,10.0,0.0,0.0,3114.728813559322,103911.04278306158,1,0,0.5563882434445562,false
container/openejb-core/src/main/java/org/apache/openejb/util/Messages.java,108.0,7.0,8.0,8.0,17.0,26.0,21.0,null,1,0.0018484288354898336,8.0,8.0,8.0,0.0,3114.728813559322,103911.04278306158,1,0,0.5563882434445562,false
container/openejb-core/src/main/java/org/apache/openejb/util/OpenEJBErrorHandler.java,48.0,3.0,0.0,13.0,18.0,35.0,25.0,dblevins@apache.org,1,0.0018484288354898336,18.0,9.0,0.0,9.0,3114.728813559322,103911.04278306158,1,1,0.5563882434445562,false
container/openejb-core/src/main/java/org/apache/openejb/util/OpenEjbVersion.java,50.0,3.0,18.0,8.0,9.0,16.0,11.0,tveronezi@apache.org,1,0.0018484288354898336,12.0,6.0,6.0,0.0,3114.728813559322,103911.04278306158,1,0,0.5563882434445562,false
container/openejb-core/src/main/java/org/apache/openejb/util/SafeToolkit.java,57.0,3.0,3.0,6.0,18.0,21.0,3.0,null,1,0.0018484288354898336,7.0,0.0,0.0,0.0,3114.728813559322,103911.04278306158,1,1,0.5563882434445562,false
container/openejb-core/src/main/java/org/apache/openejb/util/io/FieldDescriptor.java,119.0,3.0,13.0,14.0,36.0,31.0,0.0,dblevins@apache.org,0,0.0,0.0,0.0,0.0,0.0,0.0,0.0,0,1,0.0,false
container/openejb-core/src/main/java/org/apache/openejb/util/io/ObjectOutputStream.java,549.0,12.0,377.0,30.0,85.0,86.0,0.0,dblevins@apache.org,0,0.0,0.0,0.0,0.0,0.0,0.0,0.0,0,1,0.0,false
container/openejb-core/src/main/java/org/apache/openejb/util/proxy/Jdk13ProxyFactory.java,94.0,5.0,55.0,11.0,24.0,37.0,0.0,dblevins@apache.org,0,0.0,0.0,0.0,0.0,0.0,0.0,0.0,0,1,0.0,false
container/openejb-core/src/main/java/org/apache/openejb/util/proxy/Proxy.java,128.0,1.0,313.0,26.0,43.0,82.0,0.0,dblevins@apache.org,0,0.0,0.0,0.0,0.0,0.0,0.0,0.0,0,1,0.0,false
container/openejb-core/src/main/java/org/apache/openejb/util/urlhandler/resource/Handler.java,33.0,2.0,3.0,3.0,14.0,12.0,0.0,tveronezi@apache.org,0,0.0,0.0,0.0,0.0,0.0,0.0,0.0,0,1,0.0,false
container/openejb-core/src/test/java/org/apache/openejb/ApplicationTest.java,11.0,2.0,0.0,1.0,3.0,2.0,4.0,tveronezi@apache.org,1,0.0018484288354898336,25.0,0.0,0.0,25.0,3114.728813559322,103911.04278306158,1,0,0.5563882434445562,false
container/openejb-core/src/test/java/org/apache/openejb/DependenceValidationTest.java,70.0,13.0,6.0,5.0,28.0,15.0,13.0,null,2,0.0036968576709796672,9.0,0.0,0.0,6.0,6568.528813559322,215578.0922826812,2,2,0.5085513704759319,false
container/openejb-core/src/test/java/org/apache/openejb/SomeoneBrokeSurefireAndThisIsADirtyHackForItTest.java,13.0,2.0,0.0,1.0,3.0,2.0,4.0,dblevins@apache.org,1,0.0018484288354898336,22.0,11.0,0.0,11.0,3114.728813559322,103911.04278306158,1,0,0.5563882434445562,false
container/openejb-core/src/test/java/org/apache/openejb/assembler/classic/JdbcConfigTest.java,91.0,11.0,6.0,4.0,32.0,16.0,41.0,dain@apache.org,1,0.0018484288354898336,33.0,0.0,17.0,0.0,3453.8,111667.04949961964,1,2,1.439404186433839,false
container/openejb-core/src/test/java/org/apache/openejb/assembler/classic/MethodTransactionInfoComparatorTest.java,47.0,4.0,1.0,2.0,7.0,5.0,3.0,andygumbrecht@apache.org,1,0.0018484288354898336,50.0,0.0,50.0,0.0,3114.728813559322,103911.04278306158,1,0,0.5563882434445562,false
container/openejb-core/src/test/java/org/apache/openejb/assembler/classic/ProxyInterfaceResolverTest.java,85.0,4.0,3.0,3.0,11.0,6.0,3.0,andygumbrecht@apache.org,1,0.0018484288354898336,50.0,0.0,0.0,0.0,3114.728813559322,103911.04278306158,1,0,0.5563882434445562,false
container/openejb-core/src/test/java/org/apache/openejb/assembler/classic/RedeployTest.java,81.0,17.0,3.0,3.0,31.0,13.0,37.0,dblevins@apache.org,2,0.0036968576709796672,11.0,6.0,11.0,0.0,6568.528813559322,215578.0922826812,2,2,0.30474903437925227,false
container/openejb-core/src/test/java/org/apache/openejb/config/rules/CheckInjectionTargetsTest.java,23.0,7.0,0.0,1.0,10.0,2.0,23.0,null,1,0.0018484288354898336,25.0,12.0,0.0,0.0,3114.728813559322,103911.04278306158,1,0,0.5563882434445562,false
container/openejb-core/src/test/java/org/apache/openejb/core/cmp/jpa/AuthorBean.java,71.0,10.0,88.0,17.0,11.0,28.0,0.0,dblevins@apache.org,0,0.0,0.0,0.0,0.0,0.0,0.0,0.0,0,1,0.0,false
container/openejb-core/src/test/java/org/apache/openejb/core/cmp/jpa/BookBean.java,71.0,10.0,104.0,17.0,11.0,28.0,0.0,dblevins@apache.org,0,0.0,0.0,0.0,0.0,0.0,0.0,0.0,0,1,0.0,false
container/openejb-core/src/test/java/org/apache/openejb/core/cmp/jpa/ComplexId.java,18.0,0.0,0.0,2.0,3.0,5.0,12.0,andygumbrecht@apache.org,1,0.0018484288354898336,50.0,0.0,0.0,0.0,3453.8,111667.04949961964,1,0,1.439404186433839,false
container/openejb-core/src/test/java/org/apache/openejb/core/cmp/jpa/ComplexStandalone.java,26.0,3.0,0.0,7.0,0.0,9.0,12.0,andygumbrecht@apache.org,1,0.0018484288354898336,50.0,0.0,0.0,0.0,3453.8,111667.04949961964,1,0,1.439404186433839,false
container/openejb-core/src/test/java/org/apache/openejb/core/cmp/jpa/ComplexSubclass.java,7.0,1.0,1.0,2.0,0.0,2.0,12.0,andygumbrecht@apache.org,1,0.0018484288354898336,50.0,0.0,0.0,0.0,3453.8,111667.04949961964,1,0,1.439404186433839,false
container/openejb-core/src/test/java/org/apache/openejb/core/cmp/jpa/ComplexSuperclass.java,26.0,3.0,0.0,7.0,0.0,9.0,12.0,andygumbrecht@apache.org,1,0.0018484288354898336,50.0,0.0,0.0,0.0,3453.8,111667.04949961964,1,0,1.439404186433839,false
container/openejb-core/src/test/java/org/apache/openejb/core/cmp/jpa/GeneratedStandalone.java,8.0,3.0,1.0,2.0,0.0,3.0,12.0,dain@apache.org,1,0.0018484288354898336,100.0,0.0,0.0,0.0,3453.8,111667.04949961964,1,0,1.439404186433839,false
container/openejb-core/src/test/java/org/apache/openejb/core/cmp/jpa/GeneratedSubclass.java,2.0,4.0,0.0,0.0,0.0,0.0,12.0,tveronezi@apache.org,1,0.0018484288354898336,50.0,0.0,0.0,0.0,3453.8,111667.04949961964,1,0,1.439404186433839,false
container/openejb-core/src/test/java/org/apache/openejb/core/cmp/jpa/GeneratedSuperclass.java,8.0,3.0,1.0,2.0,0.0,3.0,12.0,dain@apache.org,1,0.0018484288354898336,100.0,0.0,0.0,0.0,3453.8,111667.04949961964,1,0,1.439404186433839,false
container/openejb-core/src/test/java/org/apache/openejb/core/cmp/jpa/JpaTest.java,248.0,39.0,129.0,18.0,85.0,60.0,74.0,dain@apache.org,1,0.0018484288354898336,3.0,0.0,3.0,0.0,3453.8,111667.04949961964,1,2,1.439404186433839,false
container/openejb-core/src/test/java/org/apache/openejb/core/cmp/jpa/JpaTestObject.java,471.0,15.0,145.0,26.0,170.0,66.0,0.0,dain@apache.org,0,0.0,0.0,0.0,0.0,0.0,0.0,0.0,0,1,0.0,false
container/openejb-core/src/test/java/org/apache/openejb/core/cmp/jpa/ManyStandalone.java,18.0,3.0,6.0,5.0,0.0,7.0,12.0,andygumbrecht@apache.org,1,0.0018484288354898336,33.0,0.0,0.0,0.0,3453.8,111667.04949961964,1,0,1.439404186433839,false
container/openejb-core/src/test/java/org/apache/openejb/core/cmp/jpa/OneStandalone.java,18.0,5.0,6.0,5.0,0.0,7.0,12.0,andygumbrecht@apache.org,1,0.0018484288354898336,50.0,0.0,0.0,0.0,3453.8,111667.04949961964,1,0,1.439404186433839,false
container/openejb-core/src/test/java/org/apache/openejb/core/cmp/jpa/Person.java,9.0,2.0,0.0,2.0,0.0,3.0,0.0,andygumbrecht@apache.org,0,0.0,0.0,0.0,0.0,0.0,0.0,0.0,0,0,0.0,false
container/openejb-core/src/test/java/org/apache/openejb/core/cmp/jpa/UnenhancedTest.java,276.0,31.0,455.0,31.0,72.0,80.0,43.0,dain@apache.org,1,0.0018484288354898336,22.0,0.0,11.0,0.0,3453.8,111667.04949961964,1,0,1.439404186433839,false
container/openejb-core/src/test/java/org/apache/openejb/core/cmp/jpa/UnenhancedUnits.java,174.0,7.0,0.0,12.0,63.0,31.0,12.0,andygumbrecht@apache.org,1,0.0018484288354898336,33.0,0.0,0.0,0.0,3453.8,111667.04949961964,1,0,1.439404186433839,false
container/openejb-core/src/test/java/org/apache/openejb/core/ivm/naming/IvmContextTest.java,113.0,4.0,10.0,5.0,39.0,16.0,7.0,dblevins@apache.org,1,0.0018484288354898336,20.0,20.0,20.0,0.0,3114.728813559322,103911.04278306158,1,1,0.5563882434445562,false
container/openejb-core/src/test/java/org/apache/openejb/core/mdb/JmsProxyTest.java,58.0,17.0,0.0,3.0,14.0,8.0,0.0,null,0,0.0,0.0,0.0,0.0,0.0,0.0,0.0,0,4,0.0,false
container/openejb-core/src/test/java/org/apache/openejb/core/mdb/JmsTest.java,105.0,25.0,9.0,6.0,54.0,20.0,0.0,rmannibucau@apache.org,0,0.0,0.0,0.0,0.0,0.0,0.0,0.0,0,4,0.0,false
container/openejb-core/src/test/java/org/apache/openejb/core/mdb/MdbTest.java,131.0,32.0,0.0,5.0,31.0,13.0,0.0,null,0,0.0,0.0,0.0,0.0,0.0,0.0,0.0,0,4,0.0,false
container/openejb-core/src/test/java/org/apache/openejb/core/mdb/SimpleJmsTest.java,58.0,17.0,0.0,3.0,14.0,8.0,0.0,null,0,0.0,0.0,0.0,0.0,0.0,0.0,0.0,0,4,0.0,false
container/openejb-core/src/test/java/org/apache/openejb/core/stateful/Compat3to2Test.java,81.0,28.0,1.0,3.0,28.0,6.0,46.0,dblevins@apache.org,2,0.0036968576709796672,17.0,0.0,8.0,0.0,6568.528813559322,215578.0922826812,2,1,0.30474903437925227,false
container/openejb-core/src/test/java/org/apache/openejb/core/stateful/StatefulContainerTest.java,100.0,35.0,4.0,4.0,35.0,13.0,31.0,dblevins@apache.org,2,0.0036968576709796672,10.0,0.0,3.0,0.0,6568.528813559322,215578.0922826812,2,2,0.21421272281283765,false
container/openejb-core/src/test/java/org/apache/openejb/core/stateful/StatefulSessionBeanTest.java,84.0,23.0,4.0,4.0,29.0,8.0,46.0,null,2,0.0036968576709796672,18.0,0.0,9.0,0.0,6568.528813559322,215578.0922826812,2,1,0.30474903437925227,false
container/openejb-core/src/test/java/org/apache/openejb/core/stateless/CrossClassLoaderProxyTest.java,189.0,28.0,19.0,7.0,65.0,19.0,31.0,dblevins@apache.org,2,0.0036968576709796672,30.0,10.0,10.0,10.0,6568.528813559322,215578.0922826812,2,1,0.21421272281283765,false
container/openejb-core/src/test/java/org/apache/openejb/core/stateless/JaxWsWebServiceInvocationTest.java,165.0,33.0,4.0,4.0,35.0,8.0,74.0,dain@apache.org,1,0.0018484288354898336,14.0,0.0,14.0,0.0,3453.8,111667.04949961964,1,0,1.439404186433839,false
container/openejb-core/src/test/java/org/apache/openejb/core/stateless/StatelessContainerTest.java,86.0,16.0,3.0,3.0,28.0,8.0,31.0,dblevins@apache.org,2,0.0036968576709796672,9.0,3.0,3.0,3.0,6568.528813559322,215578.0922826812,2,2,0.21421272281283765,false
container/openejb-core/src/test/java/org/apache/openejb/resource/GeronimoConnectionManagerTest.java,21.0,11.0,1.0,2.0,12.0,6.0,74.0,dain@apache.org,1,0.0018484288354898336,33.0,0.0,33.0,0.0,3453.8,111667.04949961964,1,0,1.439404186433839,false
container/openejb-core/src/test/java/org/apache/openejb/resource/SharedLocalConnectionManagerTest.java,21.0,11.0,1.0,2.0,10.0,7.0,74.0,dain@apache.org,1,0.0018484288354898336,33.0,0.0,33.0,0.0,3453.8,111667.04949961964,1,0,1.439404186433839,false
container/openejb-core/src/test/java/org/apache/openejb/resource/jdbc/BasicDataSourceUtilTest.java,24.0,2.0,3.0,3.0,10.0,5.0,11.0,andygumbrecht@apache.org,1,0.0018484288354898336,33.0,33.0,0.0,0.0,3453.8,111667.04949961964,1,0,1.439404186433839,false
container/openejb-javaagent/src/main/java/org/apache/openejb/javaagent/Agent.java,45.0,4.0,0.0,4.0,13.0,10.0,8.0,dain@apache.org,2,0.0036968576709796672,18.0,0.0,6.0,0.0,6568.528813559322,215578.0922826812,2,1,0.5085513704759319,false
container/openejb-jee/src/main/java/org/apache/openejb/jee/ApplicationClient.java,154.0,13.0,533.0,34.0,9.0,70.0,51.0,dblevins@apache.org,1,0.0018484288354898336,13.0,7.0,7.0,0.0,3453.8,111667.04949961964,1,1,1.439404186433839,false
container/openejb-jee/src/main/java/org/apache/openejb/jee/EjbJar.java,125.0,14.0,426.0,32.0,21.0,60.0,44.0,dblevins@apache.org,2,0.0036968576709796672,8.0,0.0,4.0,0.0,6568.528813559322,215578.0922826812,2,0,0.30474903437925227,false
container/openejb-jee/src/main/java/org/apache/openejb/jee/EnvEntry.java,76.0,11.0,131.0,18.0,4.0,29.0,28.0,dblevins@apache.org,1,0.0018484288354898336,5.0,5.0,0.0,0.0,3453.8,111667.04949961964,1,0,1.439404186433839,false
container/openejb-jee/src/main/java/org/apache/openejb/jee/MessageDrivenBean.java,213.0,11.0,1084.0,48.0,9.0,92.0,51.0,dblevins@apache.org,1,0.0018484288354898336,10.0,5.0,5.0,0.0,3453.8,111667.04949961964,1,0,1.439404186433839,false
container/openejb-jee/src/main/java/org/apache/openejb/jee/SessionBean.java,303.0,11.0,2115.0,67.0,15.0,130.0,35.0,dblevins@apache.org,2,0.0036968576709796672,7.0,2.0,2.0,0.0,6568.528813559322,215578.0922826812,2,0,0.5085513704759319,false
container/openejb-jee/src/main/java/org/apache/openejb/jee/StringAdapter.java,11.0,1.0,1.0,2.0,0.0,6.0,0.0,andygumbrecht@apache.org,0,0.0,0.0,0.0,0.0,0.0,0.0,0.0,0,0,0.0,false
container/openejb-jee/src/main/java/org/apache/openejb/jee/TimerConsumer.java,7.0,0.0,1.0,2.0,0.0,2.0,0.0,dblevins@apache.org,0,0.0,0.0,0.0,0.0,0.0,0.0,0.0,0,0,0.0,false
container/openejb-jee/src/main/java/org/apache/openejb/jee/oejb2/DepPatternType.java,47.0,4.0,54.0,12.0,0.0,20.0,0.0,andygumbrecht@apache.org,0,0.0,0.0,0.0,0.0,0.0,0.0,0.0,0,0,0.0,false
container/openejb-jee/src/main/java/org/apache/openejb/jee/oejb2/JaxbOpenejbJar2.java,56.0,16.0,21.0,7.0,23.0,22.0,0.0,dblevins@apache.org,0,0.0,0.0,0.0,0.0,0.0,0.0,0.0,0,1,0.0,false
container/openejb-jee/src/main/java/org/apache/openejb/jee/oejb2/NamespaceFilter.java,147.0,9.0,0.0,4.0,9.0,10.0,0.0,dblevins@apache.org,0,0.0,0.0,0.0,0.0,0.0,0.0,0.0,0,1,0.0,false
container/openejb-jee/src/main/java/org/apache/openejb/jee/oejb2/ObjectFactory.java,608.0,4.0,4560.0,96.0,0.0,193.0,20.0,dblevins@apache.org,0,0.0,0.0,0.0,0.0,0.0,0.0,0.0,0,2,0.0,false
container/openejb-jee/src/main/java/org/apache/openejb/jee/oejb2/ReferenceType.java,20.0,4.0,0.0,2.0,0.0,3.0,0.0,andygumbrecht@apache.org,0,0.0,0.0,0.0,0.0,0.0,0.0,0.0,0,0,0.0,false
container/openejb-jee/src/main/java/org/apache/openejb/jee/oejb2/ReferencesType.java,30.0,7.0,1.0,3.0,0.0,7.0,0.0,andygumbrecht@apache.org,0,0.0,0.0,0.0,0.0,0.0,0.0,0.0,0,0,0.0,false
container/openejb-jee/src/main/java/org/apache/openejb/jee/oejb2/SecurityType.java,9.0,5.0,0.0,0.0,0.0,0.0,1.0,djencks@apache.org,1,0.0018484288354898336,17.0,17.0,0.0,0.0,36.666666666666664,65.35962894430413,1,1,4.060443010546419,false
container/openejb-jee/src/main/java/org/apache/openejb/jee/oejb3/JaxbOpenejbJar3.java,55.0,19.0,10.0,5.0,19.0,16.0,0.0,dain@apache.org,0,0.0,0.0,0.0,0.0,0.0,0.0,0.0,0,1,0.0,false
container/openejb-jee/src/main/java/org/apache/openejb/jee/oejb3/OpenejbJar.java,41.0,11.0,15.0,7.0,12.0,16.0,10.0,dblevins@apache.org,1,0.0018484288354898336,9.0,9.0,0.0,0.0,3114.728813559322,103911.04278306158,1,0,0.5563882434445562,false
container/openejb-jee/src/main/java/org/apache/openejb/jee/oejb3/PropertiesAdapter.java,16.0,4.0,1.0,2.0,4.0,6.0,8.0,andygumbrecht@apache.org,1,0.0018484288354898336,25.0,25.0,0.0,0.0,3114.728813559322,103911.04278306158,1,0,0.5563882434445562,false
container/openejb-loader/src/main/java/org/apache/openejb/loader/Embedder.java,107.0,4.0,13.0,7.0,31.0,31.0,0.0,rmannibucau@apache.org,0,0.0,0.0,0.0,0.0,0.0,0.0,0.0,0,1,0.0,false
container/openejb-loader/src/main/java/org/apache/openejb/loader/Loader.java,4.0,6.0,1.0,2.0,0.0,4.0,0.0,dain@apache.org,0,0.0,0.0,0.0,0.0,0.0,0.0,0.0,0,1,0.0,false
container/openejb-loader/src/main/java/org/apache/openejb/loader/LoaderServlet.java,148.0,12.0,8.0,5.0,28.0,16.0,0.0,dain@apache.org,0,0.0,0.0,0.0,0.0,0.0,0.0,0.0,0,1,0.0,false
container/openejb-loader/src/main/java/org/apache/openejb/loader/OpenEJBInstance.java,87.0,4.0,11.0,6.0,26.0,21.0,11.0,dblevins@apache.org,1,0.0018484288354898336,14.0,0.0,0.0,14.0,217.84615384615384,276.9998284579417,1,0,2.451005098112319,false
container/openejb-loader/src/main/java/org/apache/openejb/loader/OpenEJBListener.java,86.0,9.0,13.0,6.0,21.0,17.0,18.0,dain@apache.org,1,0.0018484288354898336,57.0,0.0,14.0,0.0,3453.8,111667.04949961964,1,1,1.439404186433839,false
container/openejb-loader/src/main/java/org/apache/openejb/loader/SystemInstance.java,120.0,3.0,99.0,18.0,16.0,41.0,10.0,rmannibucau@apache.org,1,0.0018484288354898336,2.0,2.0,0.0,0.0,3114.728813559322,103911.04278306158,1,2,0.5563882434445562,false
container/openejb-loader/src/main/java/org/apache/openejb/loader/TomcatClassPath.java,122.0,6.0,74.0,13.0,45.0,46.0,0.0,null,0,0.0,0.0,0.0,0.0,0.0,0.0,0.0,0,1,0.0,false
examples/expanded-env-entries/src/main/java/org/apache/openejb/examples/enventries/Stratocaster.java,13.0,7.0,28.0,8.0,0.0,8.0,9.0,dblevins@apache.org,1,0.0018484288354898336,50.0,0.0,0.0,0.0,3114.728813559322,103911.04278306158,1,0,0.5563882434445562,false
examples/expanded-env-entries/src/main/java/org/apache/openejb/examples/enventries/StratocasterImpl.java,38.0,9.0,28.0,8.0,0.0,16.0,9.0,dblevins@apache.org,1,0.0018484288354898336,50.0,0.0,0.0,0.0,3114.728813559322,103911.04278306158,1,0,0.5563882434445562,false
examples/expanded-env-entries/src/test/java/org/apache/openejb/examples/enventries/StratocasterTest.java,35.0,15.0,0.0,2.0,16.0,4.0,6.0,dblevins@apache.org,2,0.0036968576709796672,83.0,0.0,17.0,17.0,3332.574967405476,104188.04261151953,2,0,0.43490919083992097,false
itests/openejb-itests-beans/src/main/java/org/apache/openejb/test/SuperInterceptedBean.java,37.0,5.0,6.0,4.0,4.0,11.0,74.0,andygumbrecht@apache.org,1,0.0018484288354898336,25.0,0.0,25.0,0.0,3453.8,111667.04949961964,1,0,1.439404186433839,false
itests/openejb-itests-beans/src/main/java/org/apache/openejb/test/beans/DatabaseBean.java,73.0,7.0,22.0,8.0,14.0,16.0,11.0,dblevins@apache.org,1,0.0018484288354898336,20.0,0.0,0.0,20.0,217.84615384615384,276.9998284579417,1,0,2.451005098112319,false
itests/openejb-itests-beans/src/main/java/org/apache/openejb/test/interceptor/ClassInterceptor.java,56.0,6.0,10.0,5.0,10.0,16.0,74.0,andygumbrecht@apache.org,1,0.0018484288354898336,25.0,0.0,25.0,0.0,3453.8,111667.04949961964,1,0,1.439404186433839,false
itests/openejb-itests-beans/src/main/java/org/apache/openejb/test/interceptor/DDInterceptor.java,56.0,1.0,10.0,5.0,10.0,16.0,74.0,andygumbrecht@apache.org,1,0.0018484288354898336,25.0,0.0,25.0,0.0,3453.8,111667.04949961964,1,0,1.439404186433839,false
itests/openejb-itests-beans/src/main/java/org/apache/openejb/test/interceptor/DefaultInterceptor.java,56.0,6.0,10.0,5.0,10.0,16.0,74.0,null,1,0.0018484288354898336,20.0,0.0,20.0,0.0,3453.8,111667.04949961964,1,0,1.439404186433839,false
itests/openejb-itests-beans/src/main/java/org/apache/openejb/test/interceptor/Interceptor.java,60.0,7.0,3.0,3.0,24.0,11.0,51.0,dain@apache.org,1,0.0018484288354898336,17.0,0.0,17.0,0.0,3453.8,111667.04949961964,1,0,1.439404186433839,false
itests/openejb-itests-beans/src/main/java/org/apache/openejb/test/interceptor/MethodInterceptor.java,25.0,3.0,1.0,2.0,4.0,8.0,74.0,andygumbrecht@apache.org,1,0.0018484288354898336,25.0,0.0,25.0,0.0,3453.8,111667.04949961964,1,0,1.439404186433839,false
itests/openejb-itests-beans/src/main/java/org/apache/openejb/test/interceptor/SecondClassInterceptor.java,56.0,6.0,10.0,5.0,10.0,16.0,74.0,andygumbrecht@apache.org,1,0.0018484288354898336,25.0,0.0,25.0,0.0,3453.8,111667.04949961964,1,0,1.439404186433839,false
itests/openejb-itests-beans/src/main/java/org/apache/openejb/test/interceptor/SuperClassInterceptor.java,62.0,8.0,15.0,6.0,10.0,17.0,74.0,andygumbrecht@apache.org,1,0.0018484288354898336,20.0,0.0,20.0,0.0,3453.8,111667.04949961964,1,0,1.439404186433839,false
itests/openejb-itests-beans/src/main/java/org/apache/openejb/test/stateful/BasicStatefulInterceptedBean.java,82.0,16.0,34.0,9.0,16.0,23.0,74.0,andygumbrecht@apache.org,1,0.0018484288354898336,25.0,0.0,25.0,0.0,3453.8,111667.04949961964,1,0,1.439404186433839,false
itests/openejb-itests-beans/src/main/java/org/apache/openejb/test/stateful/BasicStatefulInterceptedLocal.java,10.0,1.0,3.0,3.0,0.0,3.0,0.0,andygumbrecht@apache.org,0,0.0,0.0,0.0,0.0,0.0,0.0,0.0,0,0,0.0,false
itests/openejb-itests-beans/src/main/java/org/apache/openejb/test/stateful/BasicStatefulInterceptedRemote.java,8.0,2.0,3.0,3.0,0.0,3.0,0.0,andygumbrecht@apache.org,0,0.0,0.0,0.0,0.0,0.0,0.0,0.0,0,0,0.0,false
itests/openejb-itests-beans/src/main/java/org/apache/openejb/test/stateless/BasicStatelessInterceptedBean.java,64.0,13.0,19.0,7.0,12.0,17.0,74.0,andygumbrecht@apache.org,1,0.0018484288354898336,25.0,0.0,25.0,0.0,3453.8,111667.04949961964,1,0,1.439404186433839,false
itests/openejb-itests-beans/src/main/java/org/apache/openejb/test/stateless/BasicStatelessInterceptedLocal.java,10.0,1.0,3.0,3.0,0.0,3.0,74.0,null,1,0.0018484288354898336,20.0,0.0,20.0,0.0,3453.8,111667.04949961964,1,0,1.439404186433839,false
itests/openejb-itests-beans/src/main/java/org/apache/openejb/test/stateless/BasicStatelessInterceptedRemote.java,8.0,2.0,3.0,3.0,0.0,3.0,0.0,andygumbrecht@apache.org,0,0.0,0.0,0.0,0.0,0.0,0.0,0.0,0,0,0.0,false
itests/openejb-itests-client/src/main/java/org/apache/openejb/test/IvmTestServer.java,34.0,3.0,8.0,5.0,6.0,8.0,4.0,rmannibucau@apache.org,1,0.0018484288354898336,20.0,10.0,10.0,0.0,217.84615384615384,276.9998284579417,1,0,2.451005098112319,false
itests/openejb-itests-client/src/main/java/org/apache/openejb/test/TestRunner.java,183.0,8.0,55.0,11.0,44.0,22.0,8.0,dblevins@apache.org,1,0.0018484288354898336,9.0,0.0,0.0,0.0,217.84615384615384,276.9998284579417,1,3,2.451005098112319,false
itests/openejb-itests-client/src/main/java/org/apache/openejb/test/TomcatRemoteTestServer.java,58.0,2.0,11.0,6.0,12.0,17.0,8.0,andygumbrecht@apache.org,1,0.0018484288354898336,17.0,0.0,0.0,0.0,3453.8,111667.04949961964,1,1,1.439404186433839,false
itests/openejb-itests-client/src/main/java/org/apache/openejb/test/stateful/StatefulDefaultInterceptorTests.java,14.0,3.0,1.0,2.0,0.0,2.0,0.0,mnour@apache.org,0,0.0,0.0,0.0,0.0,0.0,0.0,0.0,0,0,0.0,false
itests/openejb-itests-client/src/main/java/org/apache/openejb/test/stateful/StatefulInterceptorTests.java,101.0,3.0,0.0,8.0,37.0,13.0,0.0,andygumbrecht@apache.org,0,0.0,0.0,0.0,0.0,0.0,0.0,0.0,0,0,0.0,false
itests/openejb-itests-client/src/main/java/org/apache/openejb/test/stateful/StatefulLocalTestSuite.java,39.0,4.0,1.0,2.0,1.0,3.0,0.0,dblevins@apache.org,0,0.0,0.0,0.0,0.0,0.0,0.0,0.0,0,3,0.0,false
itests/openejb-itests-client/src/main/java/org/apache/openejb/test/stateful/StatefulPojoLocalIntfcTests.java,24.0,0.0,3.0,3.0,8.0,5.0,0.0,andygumbrecht@apache.org,0,0.0,0.0,0.0,0.0,0.0,0.0,0.0,0,1,0.0,false
itests/openejb-itests-client/src/main/java/org/apache/openejb/test/stateless/StatelessDefaultInterceptorTests.java,14.0,3.0,1.0,2.0,0.0,2.0,0.0,mnour@apache.org,0,0.0,0.0,0.0,0.0,0.0,0.0,0.0,0,0,0.0,false
itests/openejb-itests-client/src/main/java/org/apache/openejb/test/stateless/StatelessInterceptorTests.java,85.0,3.0,1.0,7.0,31.0,11.0,74.0,jlaskowski@apache.org,1,0.0018484288354898336,17.0,0.0,17.0,0.0,3453.8,111667.04949961964,1,0,1.439404186433839,false
itests/openejb-itests-client/src/main/java/org/apache/openejb/test/stateless/StatelessLocalTestSuite.java,45.0,1.0,1.0,2.0,1.0,3.0,0.0,dblevins@apache.org,0,0.0,0.0,0.0,0.0,0.0,0.0,0.0,0,2,0.0,false
itests/openejb-itests-interceptor-beans/src/main/java/org/apache/openejb/test/stateful/SecondStatefulInterceptedBean.java,82.0,17.0,34.0,9.0,16.0,23.0,74.0,andygumbrecht@apache.org,1,0.0018484288354898336,25.0,0.0,25.0,0.0,3453.8,111667.04949961964,1,0,1.439404186433839,false
itests/openejb-itests-interceptor-beans/src/main/java/org/apache/openejb/test/stateful/StatefulInterceptedBean.java,82.0,16.0,34.0,9.0,16.0,23.0,74.0,jlaskowski@apache.org,1,0.0018484288354898336,20.0,0.0,20.0,0.0,3453.8,111667.04949961964,1,0,1.439404186433839,false
itests/openejb-itests-interceptor-beans/src/main/java/org/apache/openejb/test/stateful/ThirdStatefulInterceptedBean.java,82.0,17.0,34.0,9.0,16.0,23.0,74.0,andygumbrecht@apache.org,1,0.0018484288354898336,25.0,0.0,25.0,0.0,3453.8,111667.04949961964,1,0,1.439404186433839,false
itests/openejb-itests-interceptor-beans/src/main/java/org/apache/openejb/test/stateless/SecondStatelessInterceptedBean.java,64.0,15.0,19.0,7.0,12.0,17.0,74.0,jlaskowski@apache.org,1,0.0018484288354898336,20.0,0.0,20.0,0.0,3453.8,111667.04949961964,1,0,1.439404186433839,false
itests/openejb-itests-interceptor-beans/src/main/java/org/apache/openejb/test/stateless/StatelessInterceptedBean.java,64.0,14.0,19.0,7.0,12.0,17.0,74.0,jlaskowski@apache.org,1,0.0018484288354898336,20.0,0.0,20.0,0.0,3453.8,111667.04949961964,1,0,1.439404186433839,false
itests/openejb-itests-interceptor-beans/src/main/java/org/apache/openejb/test/stateless/ThirdStatelessInterceptedBean.java,64.0,14.0,19.0,7.0,12.0,17.0,74.0,andygumbrecht@apache.org,1,0.0018484288354898336,25.0,0.0,25.0,0.0,3453.8,111667.04949961964,1,0,1.439404186433839,false
server/openejb-client/src/main/java/org/apache/openejb/client/AuthenticationRequest.java,45.0,3.0,3.0,10.0,6.0,17.0,11.0,dblevins@apache.org,1,0.0018484288354898336,15.0,15.0,8.0,0.0,3114.728813559322,103911.04278306158,1,0,0.5563882434445562,false
server/openejb-client/src/main/java/org/apache/openejb/client/AuthenticationResponse.java,97.0,3.0,6.0,13.0,7.0,28.0,11.0,dblevins@apache.org,1,0.0018484288354898336,25.0,25.0,12.0,0.0,3114.728813559322,103911.04278306158,1,0,0.5563882434445562,false
server/openejb-client/src/main/java/org/apache/openejb/client/Client.java,140.0,10.0,1.0,3.0,19.0,12.0,3.0,dblevins@apache.org,1,0.0018484288354898336,5.0,0.0,3.0,3.0,3114.728813559322,103911.04278306158,1,0,0.5563882434445562,false
server/openejb-client/src/main/java/org/apache/openejb/client/ClientLoginModule.java,106.0,13.0,0.0,6.0,21.0,22.0,1.0,andygumbrecht@apache.org,1,0.0018484288354898336,25.0,25.0,25.0,0.0,3114.728813559322,103911.04278306158,1,0,0.5563882434445562,false
server/openejb-client/src/main/java/org/apache/openejb/client/ClientMetaData.java,22.0,4.0,0.0,6.0,4.0,9.0,10.0,andygumbrecht@apache.org,1,0.0018484288354898336,12.0,12.0,0.0,0.0,3114.728813559322,103911.04278306158,1,0,0.5563882434445562,false
server/openejb-client/src/main/java/org/apache/openejb/client/ClientSecurity.java,136.0,4.0,27.0,11.0,19.0,34.0,13.0,null,1,0.0018484288354898336,10.0,10.0,10.0,0.0,3114.728813559322,103911.04278306158,1,1,0.5563882434445562,false
server/openejb-client/src/main/java/org/apache/openejb/client/DataSourceMetaData.java,43.0,4.0,0.0,8.0,4.0,14.0,10.0,andygumbrecht@apache.org,1,0.0018484288354898336,20.0,20.0,0.0,0.0,3114.728813559322,103911.04278306158,1,1,0.5563882434445562,false
server/openejb-client/src/main/java/org/apache/openejb/client/DefaultedThreadLocal.java,13.0,0.0,0.0,2.0,0.0,3.0,0.0,andygumbrecht@apache.org,0,0.0,0.0,0.0,0.0,0.0,0.0,0.0,0,0,0.0,false
server/openejb-client/src/main/java/org/apache/openejb/client/EJBHomeHandle.java,55.0,5.0,10.0,8.0,22.0,17.0,5.0,dblevins@apache.org,1,0.0018484288354898336,11.0,11.0,0.0,0.0,3114.728813559322,103911.04278306158,1,0,0.5563882434445562,false
server/openejb-client/src/main/java/org/apache/openejb/client/EJBHomeHandler.java,160.0,10.0,91.0,14.0,27.0,40.0,1.0,null,1,0.0018484288354898336,4.0,0.0,4.0,0.0,3114.728813559322,103911.04278306158,1,4,0.5563882434445562,false
server/openejb-client/src/main/java/org/apache/openejb/client/EJBHomeProxyHandle.java,48.0,5.0,0.0,5.0,13.0,9.0,5.0,dblevins@apache.org,1,0.0018484288354898336,10.0,10.0,0.0,0.0,3114.728813559322,103911.04278306158,1,0,0.5563882434445562,false
server/openejb-client/src/main/java/org/apache/openejb/client/EJBInvocationHandler.java,144.0,20.0,78.0,17.0,23.0,44.0,0.0,dblevins@apache.org,0,0.0,0.0,0.0,0.0,0.0,0.0,0.0,0,2,0.0,false
server/openejb-client/src/main/java/org/apache/openejb/client/EJBMetaDataImpl.java,153.0,6.0,54.0,20.0,19.0,48.0,9.0,dblevins@apache.org,1,0.0018484288354898336,12.0,12.0,6.0,0.0,3114.728813559322,103911.04278306158,1,0,0.5563882434445562,false
server/openejb-client/src/main/java/org/apache/openejb/client/EJBObjectHandle.java,57.0,5.0,10.0,8.0,22.0,17.0,5.0,dblevins@apache.org,1,0.0018484288354898336,10.0,10.0,0.0,0.0,3114.728813559322,103911.04278306158,1,0,0.5563882434445562,false
server/openejb-client/src/main/java/org/apache/openejb/client/EJBObjectProxyHandle.java,38.0,5.0,0.0,5.0,9.0,9.0,5.0,dblevins@apache.org,1,0.0018484288354898336,9.0,9.0,0.0,0.0,3114.728813559322,103911.04278306158,1,1,0.5563882434445562,false
server/openejb-client/src/main/java/org/apache/openejb/client/EJBRequest.java,424.0,11.0,28.0,25.0,25.0,47.0,10.0,null,1,0.0018484288354898336,3.0,3.0,0.0,0.0,3114.728813559322,103911.04278306158,1,3,0.5563882434445562,false
server/openejb-client/src/main/java/org/apache/openejb/client/EJBResponse.java,75.0,3.0,0.0,8.0,6.0,18.0,10.0,dblevins@apache.org,1,0.0018484288354898336,6.0,6.0,0.0,0.0,3114.728813559322,103911.04278306158,1,0,0.5563882434445562,false
server/openejb-client/src/main/java/org/apache/openejb/client/InjectionMetaData.java,31.0,6.0,0.0,4.0,12.0,9.0,10.0,andygumbrecht@apache.org,1,0.0018484288354898336,14.0,14.0,0.0,0.0,3114.728813559322,103911.04278306158,1,0,0.5563882434445562,false
server/openejb-client/src/main/java/org/apache/openejb/client/JNDIContext.java,297.0,22.0,876.0,44.0,85.0,116.0,8.0,dblevins@apache.org,1,0.0018484288354898336,4.0,2.0,4.0,2.0,3114.728813559322,103911.04278306158,1,6,0.5563882434445562,false
server/openejb-client/src/main/java/org/apache/openejb/client/JNDIRequest.java,61.0,3.0,4.0,12.0,8.0,21.0,11.0,dblevins@apache.org,1,0.0018484288354898336,14.0,14.0,7.0,0.0,3114.728813559322,103911.04278306158,1,0,0.5563882434445562,false
server/openejb-client/src/main/java/org/apache/openejb/client/JNDIResponse.java,123.0,3.0,0.0,9.0,9.0,20.0,11.0,dblevins@apache.org,1,0.0018484288354898336,12.0,12.0,6.0,0.0,3114.728813559322,103911.04278306158,1,2,0.5563882434445562,false
server/openejb-client/src/main/java/org/apache/openejb/client/ProtocolMetaData.java,45.0,3.0,33.0,10.0,6.0,19.0,3.0,andygumbrecht@apache.org,1,0.0018484288354898336,10.0,0.0,0.0,0.0,3114.728813559322,103911.04278306158,1,0,0.5563882434445562,false
server/openejb-client/src/main/java/org/apache/openejb/client/ServerMetaData.java,22.0,6.0,0.0,6.0,5.0,10.0,10.0,dblevins@apache.org,1,0.0018484288354898336,7.0,7.0,0.0,0.0,3114.728813559322,103911.04278306158,1,0,0.5563882434445562,false
server/openejb-client/src/main/java/org/apache/openejb/client/SocketConnectionFactory.java,69.0,8.0,1.0,2.0,1.0,4.0,3.0,andygumbrecht@apache.org,1,0.0018484288354898336,3.0,0.0,3.0,3.0,3114.728813559322,103911.04278306158,1,0,0.5563882434445562,false
server/openejb-client/src/main/java/org/apache/openejb/client/ThrowableArtifact.java,61.0,5.0,0.0,7.0,9.0,22.0,13.0,andygumbrecht@apache.org,1,0.0018484288354898336,17.0,17.0,17.0,0.0,3114.728813559322,103911.04278306158,1,0,0.5563882434445562,false
server/openejb-client/src/main/java/org/apache/openejb/client/TomcatEjbFactory.java,36.0,9.0,0.0,1.0,14.0,6.0,2.0,dblevins@apache.org,1,0.0018484288354898336,20.0,20.0,0.0,0.0,3114.728813559322,103911.04278306158,1,0,0.5563882434445562,false
server/openejb-client/src/main/java/org/openejb/client/TomcatEjbFactory.java,6.0,0.0,0.0,0.0,0.0,0.0,2.0,dblevins@apache.org,1,0.0018484288354898336,20.0,20.0,0.0,0.0,3114.728813559322,103911.04278306158,1,1,0.5563882434445562,false
server/openejb-client/src/test/java/org/apache/openejb/client/ClientLoginTest.java,34.0,5.0,3.0,3.0,20.0,7.0,0.0,dain@apache.org,0,0.0,0.0,0.0,0.0,0.0,0.0,0.0,0,0,0.0,false
server/openejb-client/src/test/java/org/apache/openejb/client/ClientSecurityTest.java,85.0,4.0,26.0,8.0,56.0,17.0,0.0,andygumbrecht@apache.org,0,0.0,0.0,0.0,0.0,0.0,0.0,0.0,0,0,0.0,false
server/openejb-client/src/test/java/org/apache/openejb/client/LoginTestUtil.java,30.0,2.0,0.0,4.0,9.0,9.0,1.0,andygumbrecht@apache.org,1,0.0018484288354898336,14.0,0.0,0.0,0.0,3114.728813559322,103911.04278306158,1,0,0.5563882434445562,false
server/openejb-ejbd/src/main/java/org/apache/openejb/server/ejbd/AuthRequestHandler.java,41.0,14.0,1.0,2.0,15.0,4.0,12.0,dblevins@apache.org,1,0.0018484288354898336,14.0,7.0,7.0,7.0,3114.728813559322,103911.04278306158,1,1,0.5563882434445562,false
server/openejb-ejbd/src/main/java/org/apache/openejb/server/ejbd/EjbDaemon.java,129.0,19.0,53.0,15.0,30.0,39.0,7.0,null,1,0.0018484288354898336,5.0,0.0,0.0,2.0,3114.728813559322,103911.04278306158,1,2,0.5563882434445562,false
server/openejb-ejbd/src/main/java/org/apache/openejb/server/ejbd/EjbRequestHandler.java,259.0,19.0,122.0,17.0,127.0,47.0,11.0,dblevins@apache.org,1,0.0018484288354898336,5.0,5.0,2.0,0.0,3114.728813559322,103911.04278306158,1,5,0.5563882434445562,false
server/openejb-ejbd/src/main/java/org/apache/openejb/server/ejbd/JndiRequestHandler.java,194.0,25.0,0.0,2.0,44.0,13.0,29.0,dblevins@apache.org,2,0.0036968576709796672,5.0,2.0,3.0,0.0,6568.528813559322,215578.0922826812,2,2,0.21421272281283765,false
server/openejb-ejbd/src/main/java/org/apache/openejb/server/ejbd/ServerSideResolver.java,46.0,14.0,0.0,2.0,33.0,10.0,12.0,andygumbrecht@apache.org,1,0.0018484288354898336,17.0,0.0,0.0,17.0,3114.728813559322,103911.04278306158,1,0,0.5563882434445562,false
server/openejb-ejbd/src/test/java/org/apache/openejb/AuthTest.java,38.0,9.0,0.0,1.0,7.0,3.0,13.0,andygumbrecht@apache.org,1,0.0018484288354898336,25.0,25.0,25.0,0.0,3114.728813559322,103911.04278306158,1,0,0.5563882434445562,false
server/openejb-ejbd/src/test/java/org/apache/openejb/RemoteiTest.java,63.0,13.0,3.0,3.0,8.0,6.0,1.0,dblevins@apache.org,1,0.0018484288354898336,5.0,0.0,5.0,0.0,3114.728813559322,103911.04278306158,1,1,0.5563882434445562,false
server/openejb-hsql/src/main/java/org/apache/openejb/server/hsql/HsqlPrintWriter.java,91.0,3.0,0.0,23.0,39.0,27.0,4.0,andygumbrecht@apache.org,1,0.0018484288354898336,50.0,0.0,0.0,50.0,3114.728813559322,103911.04278306158,1,0,0.5563882434445562,false
server/openejb-hsql/src/main/java/org/apache/openejb/server/hsql/HsqlService.java,111.0,24.0,26.0,9.0,30.0,29.0,23.0,null,3,0.005545286506469501,22.0,6.0,11.0,11.0,6786.374967405476,215855.09211113915,3,2,0.4318296577662204,false
server/openejb-http/src/main/java/org/apache/openejb/server/httpd/HttpServer.java,118.0,11.0,58.0,12.0,31.0,31.0,37.0,dain@apache.org,1,0.0018484288354898336,14.0,0.0,0.0,14.0,3114.728813559322,103911.04278306158,1,0,0.5563882434445562,false
server/openejb-server/src/main/java/org/apache/openejb/server/Main.java,108.0,19.0,15.0,6.0,39.0,18.0,9.0,null,3,0.005545286506469501,21.0,0.0,11.0,11.0,3776.9339417644505,105789.59241821883,3,1,1.395775479542538,false
server/openejb-server/src/main/java/org/apache/openejb/server/Server.java,61.0,9.0,6.0,8.0,15.0,16.0,8.0,dblevins@apache.org,2,0.0036968576709796672,10.0,5.0,0.0,5.0,3332.574967405476,104188.04261151953,2,2,0.8105494902184923,false
server/openejb-server/src/main/java/org/apache/openejb/server/ServiceLogger.java,56.0,4.0,0.0,12.0,22.0,21.0,12.0,dblevins@apache.org,1,0.0018484288354898336,7.0,0.0,0.0,7.0,3114.728813559322,103911.04278306158,1,0,0.5563882434445562,false
server/openejb-server/src/main/java/org/apache/openejb/server/ServiceManager.java,237.0,23.0,30.0,9.0,74.0,37.0,11.0,dblevins@apache.org,1,0.0018484288354898336,5.0,2.0,0.0,4.0,3114.728813559322,103911.04278306158,1,4,0.5563882434445562,false
server/openejb-server/src/main/java/org/apache/openejb/server/ServicePool.java,100.0,12.0,0.0,14.0,28.0,33.0,12.0,null,1,0.0018484288354898336,3.0,0.0,0.0,3.0,3114.728813559322,103911.04278306158,1,0,0.5563882434445562,false
server/openejb-server/src/main/java/org/apache/openejb/server/Start.java,96.0,9.0,15.0,6.0,34.0,20.0,21.0,andygumbrecht@apache.org,1,0.0018484288354898336,12.0,12.0,12.0,0.0,3114.728813559322,103911.04278306158,1,0,0.5563882434445562,false
server/openejb-telnet/src/main/java/org/apache/openejb/server/telnet/TextConsole.java,79.0,7.0,4.0,5.0,13.0,12.0,12.0,dblevins@apache.org,1,0.0018484288354898336,20.0,0.0,0.0,20.0,3114.728813559322,103911.04278306158,1,0,0.5563882434445562,false
server/openejb-webadmin/src/main/java/org/apache/openejb/webadmin/HttpBean.java,13.0,0.0,0.0,1.0,0.0,4.0,87.0,dblevins@apache.org,1,0.0018484288354898336,33.0,0.0,0.0,0.0,3114.728813559322,103911.04278306158,1,0,0.5563882434445562,false
server/openejb-webadmin/src/main/java/org/apache/openejb/webadmin/HttpHome.java,14.0,2.0,0.0,1.0,0.0,5.0,87.0,dblevins@apache.org,1,0.0018484288354898336,33.0,0.0,0.0,0.0,3114.728813559322,103911.04278306158,1,0,0.5563882434445562,false
server/openejb-webadmin/src/main/java/org/apache/openejb/webadmin/HttpObject.java,14.0,0.0,0.0,1.0,0.0,4.0,87.0,dblevins@apache.org,1,0.0018484288354898336,33.0,0.0,0.0,0.0,3114.728813559322,103911.04278306158,1,0,0.5563882434445562,false
server/openejb-webadmin/src/main/java/org/apache/openejb/webadmin/HttpRequest.java,132.0,0.0,28.0,8.0,0.0,22.0,87.0,dblevins@apache.org,1,0.0018484288354898336,33.0,0.0,0.0,0.0,3114.728813559322,103911.04278306158,1,0,0.5563882434445562,false
server/openejb-webadmin/src/main/java/org/apache/openejb/webadmin/HttpResponse.java,68.0,0.0,66.0,12.0,0.0,18.0,87.0,dblevins@apache.org,1,0.0018484288354898336,33.0,0.0,0.0,0.0,3114.728813559322,103911.04278306158,1,0,0.5563882434445562,false
server/openejb-webadmin/src/main/java/org/apache/openejb/webadmin/HttpSession.java,23.0,0.0,6.0,4.0,0.0,9.0,87.0,dblevins@apache.org,1,0.0018484288354898336,33.0,0.0,0.0,0.0,3114.728813559322,103911.04278306158,1,0,0.5563882434445562,false
server/openejb-webadmin/src/main/java/org/apache/openejb/webadmin/WebAdminBean.java,316.0,16.0,213.0,22.0,62.0,68.0,87.0,dblevins@apache.org,1,0.0018484288354898336,25.0,0.0,0.0,0.0,3114.728813559322,103911.04278306158,1,0,0.5563882434445562,false
server/openejb-webadmin/src/main/java/org/apache/openejb/webadmin/clienttools/Constants.java,15.0,0.0,0.0,0.0,0.0,0.0,87.0,dblevins@apache.org,1,0.0018484288354898336,33.0,0.0,0.0,0.0,3114.728813559322,103911.04278306158,1,0,0.5563882434445562,false
server/openejb-webadmin/src/main/java/org/apache/openejb/webadmin/clienttools/InvokeObjectBean.java,543.0,17.0,303.0,31.0,120.0,111.0,87.0,dblevins@apache.org,1,0.0018484288354898336,33.0,0.0,0.0,0.0,3114.728813559322,103911.04278306158,1,0,0.5563882434445562,false
server/openejb-webadmin/src/main/java/org/apache/openejb/webadmin/clienttools/ViewClassBean.java,146.0,10.0,53.0,11.0,35.0,40.0,87.0,dblevins@apache.org,1,0.0018484288354898336,33.0,0.0,0.0,0.0,3114.728813559322,103911.04278306158,1,0,0.5563882434445562,false
server/openejb-webadmin/src/main/java/org/apache/openejb/webadmin/clienttools/ViewEjbBean.java,156.0,28.0,36.0,9.0,42.0,32.0,87.0,dblevins@apache.org,1,0.0018484288354898336,17.0,0.0,0.0,0.0,3114.728813559322,103911.04278306158,1,0,0.5563882434445562,false
server/openejb-webadmin/src/main/java/org/apache/openejb/webadmin/clienttools/ViewJndiBean.java,178.0,17.0,1.0,10.0,38.0,35.0,87.0,dblevins@apache.org,1,0.0018484288354898336,33.0,0.0,0.0,0.0,3114.728813559322,103911.04278306158,1,0,0.5563882434445562,false
server/openejb-webadmin/src/main/java/org/apache/openejb/webadmin/httpd/DefaultHttpBean.java,183.0,17.0,45.0,10.0,40.0,34.0,87.0,dblevins@apache.org,1,0.0018484288354898336,25.0,0.0,0.0,0.0,3114.728813559322,103911.04278306158,1,0,0.5563882434445562,false
server/openejb-webadmin/src/main/java/org/apache/openejb/webadmin/httpd/HttpRequestImpl.java,465.0,23.0,270.0,25.0,112.0,101.0,87.0,dblevins@apache.org,1,0.0018484288354898336,25.0,0.0,0.0,0.0,3114.728813559322,103911.04278306158,1,0,0.5563882434445562,false
server/openejb-webadmin/src/main/java/org/apache/openejb/webadmin/httpd/HttpResponseImpl.java,389.0,19.0,279.0,31.0,63.0,69.0,87.0,dblevins@apache.org,1,0.0018484288354898336,33.0,0.0,0.0,0.0,3114.728813559322,103911.04278306158,1,0,0.5563882434445562,false
server/openejb-webadmin/src/main/java/org/apache/openejb/webadmin/httpd/HttpServer.java,183.0,15.0,41.0,10.0,34.0,33.0,37.0,dblevins@apache.org,1,0.0018484288354898336,50.0,0.0,0.0,25.0,3114.728813559322,103911.04278306158,1,0,0.5563882434445562,false
server/openejb-webadmin/src/main/java/org/apache/openejb/webadmin/httpd/WebSession.java,5.0,2.0,0.0,0.0,0.0,0.0,87.0,dblevins@apache.org,1,0.0018484288354898336,33.0,0.0,0.0,0.0,3114.728813559322,103911.04278306158,1,0,0.5563882434445562,false
server/openejb-webadmin/src/main/java/org/apache/openejb/webadmin/httpd/WebSessionBean.java,33.0,8.0,22.0,9.0,6.0,12.0,87.0,dblevins@apache.org,1,0.0018484288354898336,33.0,0.0,0.0,0.0,3114.728813559322,103911.04278306158,1,0,0.5563882434445562,false
server/openejb-webadmin/src/main/java/org/apache/openejb/webadmin/httpd/WebSessionHome.java,6.0,2.0,0.0,1.0,0.0,2.0,87.0,dblevins@apache.org,1,0.0018484288354898336,33.0,0.0,0.0,0.0,3114.728813559322,103911.04278306158,1,0,0.5563882434445562,false
server/openejb-webadmin/src/main/java/org/apache/openejb/webadmin/main/DeploymentListBean.java,189.0,30.0,53.0,11.0,28.0,37.0,87.0,dblevins@apache.org,1,0.0018484288354898336,11.0,0.0,0.0,0.0,3114.728813559322,103911.04278306158,1,0,0.5563882434445562,false
server/openejb-webadmin/src/main/java/org/apache/openejb/webadmin/main/HomeBean.java,78.0,8.0,21.0,7.0,3.0,21.0,87.0,dblevins@apache.org,1,0.0018484288354898336,33.0,0.0,0.0,0.0,3114.728813559322,103911.04278306158,1,0,0.5563882434445562,false
server/openejb-webadmin/src/main/java/org/apache/openejb/webadmin/main/ListLogsBean.java,242.0,18.0,32.0,9.0,37.0,35.0,87.0,dblevins@apache.org,1,0.0018484288354898336,33.0,0.0,0.0,0.0,3114.728813559322,103911.04278306158,1,0,0.5563882434445562,false
server/openejb-webadmin/src/main/java/org/apache/openejb/webadmin/main/PropertiesBean.java,90.0,13.0,21.0,7.0,14.0,23.0,87.0,dblevins@apache.org,1,0.0018484288354898336,33.0,0.0,0.0,0.0,3114.728813559322,103911.04278306158,1,0,0.5563882434445562,false
server/openejb-webadmin/src/main/java/org/apache/openejb/webadmin/main/ReferenceData.java,46.0,1.0,45.0,11.0,0.0,16.0,87.0,dblevins@apache.org,1,0.0018484288354898336,33.0,0.0,0.0,0.0,3114.728813559322,103911.04278306158,1,0,0.5563882434445562,false
