name,LOC,CBO,LCOM,NOM,RFC,WMC,ACS,Ownership,numOfChanges,numberOfFIChanges,ENH,NF,BugFixing,REF,structuralWorkloadSum,semanticWorkloadSum,numberOfDeveloper,pastFaults,MAF,isBuggy
assembly/openejb-tomcat/openejb-tomcat-catalina/src/main/java/org/apache/openejb/tomcat/catalina/TomcatWebAppBuilder.java,558.0,72.0,355.0,30.0,249.0,95.0,3.0,null,1,0.0022172949002217295,3.0,2.0,2.0,2.0,240.33962264150944,2167.4455120952443,1,4,2.631089159966082,false
assembly/openejb-tomcat/openejb-tomcat-loader/src/main/java/org/apache/openejb/tomcat/loader/TomcatEmbedder.java,74.0,6.0,6.0,4.0,36.0,17.0,0.0,dblevins@apache.org,0,0.0,0.0,0.0,0.0,0.0,0.0,0.0,0,1,0.0,false
container/openejb-core/src/main/java/org/apache/openejb/ClassLoaderUtil.java,167.0,24.0,66.0,13.0,53.0,38.0,0.0,null,0,0.0,0.0,0.0,0.0,0.0,0.0,0.0,0,5,0.0,false
container/openejb-core/src/main/java/org/apache/openejb/OpenEJB.java,229.0,13.0,9.0,6.0,12.0,13.0,137.0,dblevins@apache.org,1,0.0022172949002217295,2.0,0.0,0.0,0.0,5575.588059701493,222407.47435327174,1,5,0.2957142441490452,false
container/openejb-core/src/main/java/org/apache/openejb/assembler/DeployerEjb.java,106.0,21.0,9.0,7.0,31.0,21.0,2.0,rmannibucau@apache.org,1,0.0022172949002217295,2.0,0.0,2.0,2.0,5575.588059701493,222407.47435327174,1,4,0.2957142441490452,false
container/openejb-core/src/main/java/org/apache/openejb/assembler/classic/Assembler.java,853.0,72.0,653.0,46.0,295.0,136.0,10.0,rmannibucau@apache.org,3,0.0066518847006651885,1.0,0.0,0.0,0.0,5829.034213547648,223135.63947061967,3,30,0.36068669286425803,false
container/openejb-core/src/main/java/org/apache/openejb/assembler/classic/AssemblerTool.java,23.0,10.0,0.0,1.0,3.0,4.0,0.0,dblevins@apache.org,0,0.0,0.0,0.0,0.0,0.0,0.0,0.0,0,4,0.0,false
container/openejb-core/src/main/java/org/apache/openejb/assembler/classic/CmpJarBuilder.java,149.0,14.0,12.0,8.0,34.0,34.0,7.0,null,1,0.0022172949002217295,4.0,0.0,0.0,0.0,59.84615384615385,265.6434295671937,1,7,3.036554268074246,false
container/openejb-core/src/main/java/org/apache/openejb/assembler/classic/EnterpriseBeanBuilder.java,283.0,24.0,18.0,9.0,75.0,50.0,80.0,dblevins@apache.org,1,0.0022172949002217295,2.0,0.0,0.0,0.0,5575.588059701493,222407.47435327174,1,11,0.2957142441490452,false
container/openejb-core/src/main/java/org/apache/openejb/assembler/classic/InterceptorBuilder.java,71.0,7.0,1.0,3.0,5.0,7.0,0.0,dblevins@apache.org,0,0.0,0.0,0.0,0.0,0.0,0.0,0.0,0,0,0.0,false
container/openejb-core/src/main/java/org/apache/openejb/assembler/classic/JaccPermissionsBuilder.java,191.0,21.0,10.0,5.0,56.0,25.0,0.0,dblevins@apache.org,0,0.0,0.0,0.0,0.0,0.0,0.0,0.0,0,1,0.0,false
container/openejb-core/src/main/java/org/apache/openejb/assembler/classic/LazyEjbReference.java,63.0,12.0,0.0,3.0,16.0,13.0,0.0,tveronezi@apache.org,0,0.0,0.0,0.0,0.0,0.0,0.0,0.0,0,0,0.0,false
container/openejb-core/src/main/java/org/apache/openejb/assembler/classic/MethodAttributeInfo.java,6.0,2.0,0.0,0.0,0.0,0.0,0.0,tveronezi@apache.org,0,0.0,0.0,0.0,0.0,0.0,0.0,0.0,0,0,0.0,false
container/openejb-core/src/main/java/org/apache/openejb/assembler/classic/MethodInfo.java,9.0,1.0,0.0,0.0,0.0,0.0,0.0,dblevins@apache.org,0,0.0,0.0,0.0,0.0,0.0,0.0,0.0,0,0,0.0,false
container/openejb-core/src/main/java/org/apache/openejb/assembler/classic/MethodInfoUtil.java,352.0,11.0,249.0,23.0,88.0,90.0,24.0,null,1,0.0022172949002217295,5.0,0.0,0.0,0.0,5575.588059701493,222407.47435327174,1,0,0.2957142441490452,false
container/openejb-core/src/main/java/org/apache/openejb/assembler/classic/MethodPermissionInfo.java,6.0,3.0,0.0,0.0,0.0,0.0,0.0,dblevins@apache.org,0,0.0,0.0,0.0,0.0,0.0,0.0,0.0,0,0,0.0,false
container/openejb-core/src/main/java/org/apache/openejb/assembler/classic/MethodTransactionBuilder.java,53.0,12.0,3.0,3.0,17.0,12.0,0.0,dblevins@apache.org,0,0.0,0.0,0.0,0.0,0.0,0.0,0.0,0,2,0.0,false
container/openejb-core/src/main/java/org/apache/openejb/assembler/classic/MethodTransactionInfo.java,4.0,0.0,0.0,0.0,0.0,0.0,0.0,dain@apache.org,0,0.0,0.0,0.0,0.0,0.0,0.0,0.0,0,0,0.0,false
container/openejb-core/src/main/java/org/apache/openejb/assembler/classic/WebAppInfo.java,14.0,4.0,0.0,0.0,0.0,0.0,3.0,rmannibucau@apache.org,1,0.0022172949002217295,5.0,0.0,5.0,0.0,193.6,462.52168778073224,1,0,2.631089159966082,false
container/openejb-core/src/main/java/org/apache/openejb/assembler/classic/cmd/Info2Properties.java,215.0,26.0,53.0,11.0,66.0,29.0,0.0,tveronezi@apache.org,0,0.0,0.0,0.0,0.0,0.0,0.0,0.0,0,2,0.0,false
container/openejb-core/src/main/java/org/apache/openejb/cli/Bootstrap.java,72.0,5.0,4.0,4.0,35.0,13.0,0.0,null,0,0.0,0.0,0.0,0.0,0.0,0.0,0.0,0,2,0.0,false
container/openejb-core/src/main/java/org/apache/openejb/cli/MainImpl.java,175.0,24.0,6.0,5.0,62.0,20.0,0.0,dblevins@apache.org,0,0.0,0.0,0.0,0.0,0.0,0.0,0.0,0,4,0.0,false
container/openejb-core/src/main/java/org/apache/openejb/config/AnnotationDeployer.java,1670.0,124.0,0.0,4.0,10.0,9.0,24.0,rmannibucau@apache.org,2,0.004434589800443459,2.0,1.0,1.0,0.0,5815.927682343003,224574.91986536697,2,12,0.21922291383449855,false
container/openejb-core/src/main/java/org/apache/openejb/config/AppInfoBuilder.java,334.0,51.0,32.0,9.0,154.0,36.0,6.0,rmannibucau@apache.org,2,0.004434589800443459,5.0,1.0,0.0,1.0,5769.188059701493,222869.99604105248,2,1,0.23438218791891335,false
container/openejb-core/src/main/java/org/apache/openejb/config/AppModule.java,140.0,10.0,108.0,20.0,10.0,45.0,15.0,null,1,0.0022172949002217295,2.0,2.0,0.0,0.0,193.6,462.52168778073224,1,3,2.631089159966082,false
container/openejb-core/src/main/java/org/apache/openejb/config/AutoConfig.java,1062.0,53.0,620.0,41.0,317.0,152.0,69.0,rmannibucau@apache.org,1,0.0022172949002217295,1.0,0.0,0.0,0.0,5575.588059701493,222407.47435327174,1,11,0.2957142441490452,false
container/openejb-core/src/main/java/org/apache/openejb/config/CmpJpaConversion.java,422.0,54.0,53.0,11.0,154.0,55.0,6.0,dain@apache.org,2,0.004434589800443459,16.0,2.0,2.0,6.0,5635.434213547647,222673.11778283893,2,9,0.6619660149630133,false
container/openejb-core/src/main/java/org/apache/openejb/config/ConfigUtils.java,134.0,18.0,10.0,5.0,35.0,26.0,15.0,null,1,0.0022172949002217295,4.0,4.0,0.0,0.0,193.6,462.52168778073224,1,1,2.631089159966082,false
container/openejb-core/src/main/java/org/apache/openejb/config/ConfigurationFactory.java,647.0,63.0,542.0,37.0,215.0,128.0,25.0,null,2,0.004434589800443459,3.0,1.0,0.0,0.0,5769.188059701493,222869.99604105248,2,22,0.3646946315115126,false
container/openejb-core/src/main/java/org/apache/openejb/config/Deploy.java,327.0,38.0,61.0,14.0,75.0,52.0,0.0,null,0,0.0,0.0,0.0,0.0,0.0,0.0,0.0,0,5,0.0,false
container/openejb-core/src/main/java/org/apache/openejb/config/DeploymentLoader.java,790.0,51.0,120.0,21.0,336.0,116.0,3.0,rmannibucau@apache.org,2,0.004434589800443459,2.0,0.0,0.0,0.0,5815.927682343003,224574.91986536697,2,13,0.7702545214976183,true
container/openejb-core/src/main/java/org/apache/openejb/config/DeploymentsResolver.java,261.0,14.0,4.0,4.0,72.0,26.0,11.0,dblevins@apache.org,2,0.004434589800443459,3.0,1.0,0.0,0.0,5769.188059701493,222869.99604105248,2,3,0.43765838112657796,false
container/openejb-core/src/main/java/org/apache/openejb/config/EjbJarInfoBuilder.java,453.0,70.0,151.0,18.0,246.0,69.0,80.0,null,1,0.0022172949002217295,2.0,0.0,0.0,0.0,5575.588059701493,222407.47435327174,1,8,0.2957142441490452,false
container/openejb-core/src/main/java/org/apache/openejb/config/EnvEntriesPropertiesDeployer.java,72.0,13.0,4.0,4.0,41.0,15.0,1.0,null,1,0.0022172949002217295,4.0,0.0,0.0,0.0,5575.588059701493,222407.47435327174,1,2,0.2957142441490452,false
container/openejb-core/src/main/java/org/apache/openejb/config/InitEjbDeployments.java,71.0,13.0,8.0,5.0,38.0,17.0,2.0,dblevins@apache.org,1,0.0022172949002217295,4.0,0.0,0.0,4.0,5575.588059701493,222407.47435327174,1,2,0.2957142441490452,false
container/openejb-core/src/main/java/org/apache/openejb/config/JndiEncInfoBuilder.java,294.0,47.0,76.0,13.0,113.0,46.0,1.0,dblevins@apache.org,1,0.0022172949002217295,1.0,0.0,0.0,0.0,5575.588059701493,222407.47435327174,1,2,0.2957142441490452,false
container/openejb-core/src/main/java/org/apache/openejb/config/ReadDescriptors.java,492.0,44.0,210.0,21.0,159.0,96.0,12.0,rmannibucau@apache.org,3,0.0066518847006651885,2.0,2.0,1.0,0.0,6137.158451573772,225850.81747650902,3,4,1.024328638097736,false
container/openejb-core/src/main/java/org/apache/openejb/config/ReportValidationResults.java,70.0,7.0,0.0,2.0,40.0,10.0,0.0,dblevins@apache.org,0,0.0,0.0,0.0,0.0,0.0,0.0,0.0,0,3,0.0,false
container/openejb-core/src/main/java/org/apache/openejb/config/Undeploy.java,130.0,20.0,15.0,7.0,38.0,23.0,0.0,null,0,0.0,0.0,0.0,0.0,0.0,0.0,0.0,0,5,0.0,false
container/openejb-core/src/main/java/org/apache/openejb/config/WsDeployer.java,320.0,32.0,26.0,8.0,154.0,46.0,137.0,null,1,0.0022172949002217295,3.0,0.0,0.0,0.0,5575.588059701493,222407.47435327174,1,1,0.2957142441490452,false
container/openejb-core/src/main/java/org/apache/openejb/config/rules/CheckAssemblyBindings.java,48.0,11.0,0.0,1.0,18.0,6.0,0.0,tveronezi@apache.org,0,0.0,0.0,0.0,0.0,0.0,0.0,0.0,0,0,0.0,false
container/openejb-core/src/main/java/org/apache/openejb/config/rules/CheckCallbacks.java,181.0,14.0,21.0,7.0,66.0,37.0,2.0,dblevins@apache.org,2,0.004434589800443459,6.0,0.0,3.0,3.0,5575.588059701493,222407.47435327174,2,1,1.868866810165728,false
container/openejb-core/src/main/java/org/apache/openejb/config/rules/CheckClasses.java,221.0,19.0,153.0,18.0,102.0,45.0,2.0,dblevins@apache.org,2,0.004434589800443459,11.0,0.0,3.0,3.0,5769.188059701493,222869.99604105248,2,3,0.317222828484496,false
container/openejb-core/src/main/java/org/apache/openejb/config/rules/CheckMethods.java,223.0,8.0,45.0,10.0,95.0,48.0,4.0,null,1,0.0022172949002217295,9.0,4.0,0.0,0.0,5575.588059701493,222407.47435327174,1,2,0.2957142441490452,false
container/openejb-core/src/main/java/org/apache/openejb/config/rules/ValidationBase.java,84.0,15.0,85.0,15.0,30.0,30.0,0.0,dblevins@apache.org,0,0.0,0.0,0.0,0.0,0.0,0.0,0.0,0,0,0.0,false
container/openejb-core/src/main/java/org/apache/openejb/config/sys/JaxbOpenejb.java,322.0,36.0,341.0,27.0,102.0,87.0,31.0,rmannibucau@apache.org,1,0.0022172949002217295,3.0,0.0,0.0,0.0,321.2307692307692,1275.8976111420538,1,1,3.4420193761824103,false
container/openejb-core/src/main/java/org/apache/openejb/config/sys/ServiceProvider.java,127.0,11.0,106.0,16.0,0.0,28.0,31.0,dblevins@apache.org,1,0.0022172949002217295,6.0,0.0,0.0,0.0,321.2307692307692,1275.8976111420538,1,0,3.4420193761824103,false
container/openejb-core/src/main/java/org/apache/openejb/core/CoreDeploymentInfo.java,829.0,46.0,5604.0,109.0,143.0,247.0,43.0,dblevins@apache.org,2,0.004434589800443459,4.0,1.0,0.0,0.0,5769.188059701493,222869.99604105248,2,12,0.317222828484496,false
container/openejb-core/src/main/java/org/apache/openejb/core/Operation.java,0.0,0.0,0.0,0.0,0.0,0.0,0.0,dblevins@apache.org,0,0.0,0.0,0.0,0.0,0.0,0.0,0.0,0,0,0.0,false
container/openejb-core/src/main/java/org/apache/openejb/core/TempClassLoader.java,69.0,8.0,6.0,4.0,18.0,13.0,0.0,rmannibucau@apache.org,0,0.0,0.0,0.0,0.0,0.0,0.0,0.0,0,2,0.0,false
container/openejb-core/src/main/java/org/apache/openejb/core/cmp/CmpContainer.java,678.0,48.0,484.0,36.0,245.0,144.0,3.0,dain@apache.org,1,0.0022172949002217295,1.0,0.0,0.0,0.0,59.84615384615385,265.6434295671937,1,14,3.036554268074246,false
container/openejb-core/src/main/java/org/apache/openejb/core/cmp/CmpEngineFactory.java,9.0,3.0,21.0,7.0,0.0,8.0,0.0,tveronezi@apache.org,0,0.0,0.0,0.0,0.0,0.0,0.0,0.0,0,0,0.0,false
container/openejb-core/src/main/java/org/apache/openejb/core/cmp/cmp2/Cmp1Generator.java,39.0,5.0,0.0,5.0,15.0,8.0,5.0,null,2,0.004434589800443459,18.0,6.0,0.0,0.0,5635.434213547647,222673.11778283893,2,1,0.5728134171626325,false
container/openejb-core/src/main/java/org/apache/openejb/core/cmp/cmp2/Cmp2Generator.java,632.0,16.0,0.0,34.0,321.0,78.0,3.0,null,2,0.004434589800443459,16.0,5.0,0.0,0.0,5635.434213547647,222673.11778283893,2,5,0.9729870755517004,false
container/openejb-core/src/main/java/org/apache/openejb/core/cmp/cmp2/PostCreateGenerator.java,37.0,6.0,0.0,4.0,20.0,9.0,5.0,null,2,0.004434589800443459,25.0,17.0,0.0,0.0,5635.434213547647,222673.11778283893,2,0,1.486426758471033,false
container/openejb-core/src/main/java/org/apache/openejb/core/cmp/jpa/JpaCmpEngineFactory.java,26.0,6.0,3.0,7.0,0.0,12.0,0.0,dain@apache.org,0,0.0,0.0,0.0,0.0,0.0,0.0,0.0,0,0,0.0,false
container/openejb-core/src/main/java/org/apache/openejb/core/entity/EntityContainer.java,361.0,40.0,137.0,23.0,142.0,80.0,0.0,dblevins@apache.org,0,0.0,0.0,0.0,0.0,0.0,0.0,0.0,0,9,0.0,false
container/openejb-core/src/main/java/org/apache/openejb/core/entity/EntityEjbHomeHandler.java,88.0,15.0,15.0,6.0,30.0,23.0,1.0,dblevins@apache.org,1,0.0022172949002217295,4.0,0.0,0.0,4.0,5575.588059701493,222407.47435327174,1,2,0.2957142441490452,false
container/openejb-core/src/main/java/org/apache/openejb/core/entity/EntityInstanceManager.java,373.0,27.0,22.0,12.0,83.0,43.0,0.0,null,0,0.0,0.0,0.0,0.0,0.0,0.0,0.0,0,7,0.0,false
container/openejb-core/src/main/java/org/apache/openejb/core/ivm/BaseEjbProxyHandler.java,399.0,42.0,509.0,35.0,117.0,109.0,3.0,dblevins@apache.org,1,0.0022172949002217295,4.0,0.0,0.0,3.0,5575.588059701493,222407.47435327174,1,13,0.2957142441490452,false
container/openejb-core/src/main/java/org/apache/openejb/core/ivm/EjbHomeProxyHandler.java,229.0,23.0,134.0,17.0,69.0,60.0,69.0,dblevins@apache.org,1,0.0022172949002217295,3.0,0.0,1.0,1.0,5575.588059701493,222407.47435327174,1,9,0.2957142441490452,true
container/openejb-core/src/main/java/org/apache/openejb/core/ivm/IntraVmCopyMonitor.java,69.0,0.0,51.0,19.0,16.0,27.0,1.0,tveronezi@apache.org,1,0.0022172949002217295,8.0,0.0,0.0,8.0,5575.588059701493,222407.47435327174,1,0,0.2957142441490452,false
container/openejb-core/src/main/java/org/apache/openejb/core/mdb/EndpointFactory.java,36.0,11.0,0.0,5.0,6.0,13.0,9.0,null,1,0.0022172949002217295,4.0,0.0,0.0,0.0,5575.588059701493,222407.47435327174,1,3,0.2957142441490452,false
container/openejb-core/src/main/java/org/apache/openejb/core/mdb/MdbContainer.java,295.0,36.0,140.0,20.0,95.0,67.0,9.0,null,1,0.0022172949002217295,2.0,0.0,0.0,0.0,5575.588059701493,222407.47435327174,1,7,0.2957142441490452,false
container/openejb-core/src/main/java/org/apache/openejb/core/security/AbstractSecurityService.java,249.0,33.0,184.0,21.0,67.0,56.0,0.0,rmannibucau@apache.org,0,0.0,0.0,0.0,0.0,0.0,0.0,0.0,0,1,0.0,false
container/openejb-core/src/main/java/org/apache/openejb/core/security/SecurityServiceImpl.java,34.0,9.0,6.0,4.0,12.0,10.0,0.0,dblevins@apache.org,0,0.0,0.0,0.0,0.0,0.0,0.0,0.0,0,3,0.0,false
container/openejb-core/src/main/java/org/apache/openejb/core/security/jaas/PropertiesLoginModule.java,104.0,19.0,0.0,6.0,33.0,23.0,1.0,tveronezi@apache.org,1,0.0022172949002217295,6.0,0.0,6.0,6.0,5575.588059701493,222407.47435327174,1,0,0.2957142441490452,false
container/openejb-core/src/main/java/org/apache/openejb/core/security/jacc/BasicJaccProvider.java,46.0,11.0,13.0,7.0,12.0,18.0,0.0,tveronezi@apache.org,0,0.0,0.0,0.0,0.0,0.0,0.0,0.0,0,0,0.0,false
container/openejb-core/src/main/java/org/apache/openejb/core/security/jacc/BasicPolicyConfiguration.java,112.0,13.0,0.0,18.0,25.0,54.0,0.0,tveronezi@apache.org,0,0.0,0.0,0.0,0.0,0.0,0.0,0.0,0,0,0.0,false
container/openejb-core/src/main/java/org/apache/openejb/core/stateful/StatefulBeanManagedTxPolicy.java,61.0,9.0,10.0,5.0,23.0,21.0,0.0,dain@apache.org,0,0.0,0.0,0.0,0.0,0.0,0.0,0.0,0,2,0.0,false
container/openejb-core/src/main/java/org/apache/openejb/core/stateful/StatefulInstanceManager.java,510.0,43.0,357.0,30.0,152.0,110.0,5.0,dblevins@apache.org,1,0.0022172949002217295,5.0,0.0,3.0,3.0,5575.588059701493,222407.47435327174,1,8,0.2957142441490452,false
container/openejb-core/src/main/java/org/apache/openejb/core/stateless/EjbWsContext.java,26.0,7.0,9.0,6.0,4.0,13.0,137.0,null,0,0.0,0.0,0.0,0.0,0.0,0.0,0.0,0,2,0.0,false
container/openejb-core/src/main/java/org/apache/openejb/core/stateless/StatelessBeanManagedTxPolicy.java,53.0,8.0,15.0,6.0,18.0,22.0,0.0,dain@apache.org,0,0.0,0.0,0.0,0.0,0.0,0.0,0.0,0,2,0.0,false
container/openejb-core/src/main/java/org/apache/openejb/core/stateless/StatelessInstanceManager.java,244.0,32.0,17.0,10.0,72.0,35.0,4.0,dblevins@apache.org,2,0.004434589800443459,2.0,0.0,0.0,0.0,5629.588059701493,222422.0683731041,2,7,1.319560665831673,false
container/openejb-core/src/main/java/org/apache/openejb/core/transaction/TransactionPolicy.java,177.0,11.0,140.0,20.0,54.0,58.0,0.0,dblevins@apache.org,0,0.0,0.0,0.0,0.0,0.0,0.0,0.0,0,10,0.0,false
container/openejb-core/src/main/java/org/apache/openejb/core/transaction/TxMandatory.java,34.0,3.0,10.0,5.0,10.0,14.0,0.0,dblevins@apache.org,0,0.0,0.0,0.0,0.0,0.0,0.0,0.0,0,1,0.0,false
container/openejb-core/src/main/java/org/apache/openejb/core/transaction/TxNever.java,31.0,3.0,10.0,5.0,9.0,14.0,0.0,dblevins@apache.org,0,0.0,0.0,0.0,0.0,0.0,0.0,0.0,0,2,0.0,false
container/openejb-core/src/main/java/org/apache/openejb/core/transaction/TxNotSupported.java,43.0,3.0,10.0,5.0,12.0,15.0,0.0,dblevins@apache.org,0,0.0,0.0,0.0,0.0,0.0,0.0,0.0,0,2,0.0,false
container/openejb-core/src/main/java/org/apache/openejb/core/transaction/TxRequired.java,55.0,3.0,10.0,5.0,17.0,20.0,0.0,dblevins@apache.org,0,0.0,0.0,0.0,0.0,0.0,0.0,0.0,0,3,0.0,false
container/openejb-core/src/main/java/org/apache/openejb/core/transaction/TxRequiresNew.java,50.0,3.0,10.0,5.0,18.0,16.0,0.0,dblevins@apache.org,0,0.0,0.0,0.0,0.0,0.0,0.0,0.0,0,2,0.0,false
container/openejb-core/src/main/java/org/apache/openejb/core/transaction/TxSupports.java,38.0,2.0,10.0,5.0,10.0,15.0,0.0,dblevins@apache.org,0,0.0,0.0,0.0,0.0,0.0,0.0,0.0,0,2,0.0,false
container/openejb-core/src/main/java/org/apache/openejb/core/webservices/ProviderWrapper.java,399.0,38.0,0.0,13.0,48.0,38.0,0.0,null,0,0.0,0.0,0.0,0.0,0.0,0.0,0.0,0,3,0.0,false
container/openejb-core/src/main/java/org/apache/openejb/resource/GeronimoTransactionManagerFactory.java,17.0,8.0,0.0,1.0,4.0,4.0,6.0,dblevins@apache.org,1,0.0022172949002217295,17.0,8.0,0.0,0.0,5575.588059701493,222407.47435327174,1,0,0.2957142441490452,false
container/openejb-core/src/main/java/org/apache/openejb/resource/jdbc/BasicManagedDataSource.java,54.0,5.0,36.0,9.0,14.0,18.0,0.0,rmannibucau@apache.org,0,0.0,0.0,0.0,0.0,0.0,0.0,0.0,0,2,0.0,false
container/openejb-core/src/main/java/org/apache/openejb/resource/jdbc/DataSourceFactory.java,18.0,1.0,0.0,1.0,0.0,4.0,9.0,rmannibucau@apache.org,1,0.0022172949002217295,2.0,0.0,0.0,0.0,5575.588059701493,222407.47435327174,1,1,0.2957142441490452,false
container/openejb-core/src/main/java/org/apache/openejb/resource/jdbc/ManagedDataSourceWithRecovery.java,87.0,16.0,0.0,2.0,1.0,3.0,9.0,rmannibucau@apache.org,1,0.0022172949002217295,20.0,0.0,0.0,0.0,5575.588059701493,222407.47435327174,1,0,0.2957142441490452,false
container/openejb-core/src/main/java/org/apache/openejb/util/JarExtractor.java,200.0,10.0,13.0,6.0,38.0,35.0,0.0,tveronezi@apache.org,0,0.0,0.0,0.0,0.0,0.0,0.0,0.0,0,1,0.0,false
container/openejb-core/src/main/java/org/apache/openejb/util/MakeTxLookup.java,46.0,7.0,1.0,2.0,16.0,6.0,0.0,dblevins@apache.org,0,0.0,0.0,0.0,0.0,0.0,0.0,0.0,0,0,0.0,false
container/openejb-core/src/main/java/org/apache/openejb/util/Strings.java,43.0,0.0,15.0,6.0,22.0,22.0,5.0,tveronezi@apache.org,1,0.0022172949002217295,18.0,0.0,0.0,0.0,5575.588059701493,222407.47435327174,1,0,0.2957142441490452,false
container/openejb-core/src/main/java/org/apache/openejb/util/SuperProperties.java,1010.0,31.0,1378.0,64.0,177.0,208.0,0.0,tveronezi@apache.org,0,0.0,0.0,0.0,0.0,0.0,0.0,0.0,0,2,0.0,false
container/openejb-core/src/main/java/org/apache/openejb/util/URISupport.java,274.0,13.0,105.0,15.0,80.0,68.0,0.0,null,0,0.0,0.0,0.0,0.0,0.0,0.0,0.0,0,2,0.0,false
container/openejb-core/src/main/java/org/apache/openejb/util/UrlCache.java,272.0,20.0,29.0,10.0,67.0,47.0,0.0,null,0,0.0,0.0,0.0,0.0,0.0,0.0,0.0,0,2,0.0,false
container/openejb-core/src/main/java/org/apache/openejb/util/proxy/InvocationHandler.java,3.0,0.0,0.0,1.0,0.0,1.0,8.0,dblevins@apache.org,1,0.0022172949002217295,17.0,0.0,0.0,0.0,5575.588059701493,222407.47435327174,1,0,0.2957142441490452,false
container/openejb-core/src/main/java/org/apache/openejb/util/proxy/Jdk13ProxyFactory.java,50.0,5.0,28.0,8.0,14.0,24.0,8.0,dblevins@apache.org,1,0.0022172949002217295,6.0,0.0,0.0,0.0,5575.588059701493,222407.47435327174,1,1,0.2957142441490452,false
container/openejb-core/src/main/java/org/apache/openejb/util/proxy/ProxyFactory.java,9.0,2.0,21.0,7.0,0.0,13.0,8.0,dblevins@apache.org,1,0.0022172949002217295,10.0,0.0,0.0,0.0,5575.588059701493,222407.47435327174,1,0,0.2957142441490452,false
container/openejb-core/src/main/java/org/apache/openejb/util/proxy/ProxyManager.java,53.0,1.0,28.0,13.0,14.0,32.0,8.0,dblevins@apache.org,1,0.0022172949002217295,8.0,0.0,0.0,0.0,5575.588059701493,222407.47435327174,1,0,0.2957142441490452,false
container/openejb-core/src/test/java/org/apache/openejb/DependenceValidationTest.java,67.0,13.0,6.0,5.0,28.0,15.0,31.0,null,1,0.0022172949002217295,3.0,0.0,0.0,0.0,321.2307692307692,1275.8976111420538,1,2,3.4420193761824103,false
container/openejb-core/src/test/java/org/apache/openejb/assembler/classic/MethodTransactionInfoComparatorTest.java,51.0,4.0,1.0,2.0,7.0,5.0,0.0,andygumbrecht@apache.org,0,0.0,0.0,0.0,0.0,0.0,0.0,0.0,0,2,0.0,false
container/openejb-core/src/test/java/org/apache/openejb/assembler/classic/RedeployTest.java,49.0,19.0,1.0,2.0,21.0,7.0,0.0,dblevins@apache.org,0,0.0,0.0,0.0,0.0,0.0,0.0,0.0,0,5,0.0,false
container/openejb-core/src/test/java/org/apache/openejb/assembler/classic/TransactionAttributesTest.java,116.0,18.0,1.0,3.0,22.0,4.0,0.0,andygumbrecht@apache.org,0,0.0,0.0,0.0,0.0,0.0,0.0,0.0,0,0,0.0,false
container/openejb-core/src/test/java/org/apache/openejb/config/ConfigurationFactoryTest.java,67.0,15.0,21.0,7.0,36.0,14.0,9.0,null,1,0.0022172949002217295,22.0,11.0,11.0,0.0,193.6,462.52168778073224,1,0,2.631089159966082,false
container/openejb-core/src/test/java/org/apache/openejb/config/InheritenceTest.java,522.0,62.0,2556.0,72.0,137.0,144.0,0.0,dblevins@apache.org,0,0.0,0.0,0.0,0.0,0.0,0.0,0.0,0,1,0.0,false
container/openejb-core/src/test/java/org/apache/openejb/config/OpenEjb2ConversionTest.java,76.0,16.0,78.0,13.0,36.0,33.0,31.0,dblevins@apache.org,1,0.0022172949002217295,8.0,0.0,0.0,0.0,321.2307692307692,1275.8976111420538,1,2,3.4420193761824103,false
container/openejb-core/src/test/java/org/apache/openejb/config/SunCmpConversionTest.java,88.0,25.0,66.0,12.0,45.0,33.0,16.0,null,2,0.004434589800443459,23.0,0.0,8.0,0.0,5896.8188289322625,223683.3719644138,2,2,0.7079684531986872,false
container/openejb-core/src/test/java/org/apache/openejb/core/TempClassLoaderTest.java,14.0,1.0,0.0,1.0,6.0,2.0,0.0,andygumbrecht@apache.org,0,0.0,0.0,0.0,0.0,0.0,0.0,0.0,0,1,0.0,false
container/openejb-core/src/test/java/org/apache/openejb/core/cmp/jpa/JpaTest.java,256.0,38.0,147.0,19.0,92.0,61.0,0.0,dain@apache.org,0,0.0,0.0,0.0,0.0,0.0,0.0,0.0,0,5,0.0,false
container/openejb-core/src/test/java/org/apache/openejb/core/cmp/jpa/UnenhancedTest.java,284.0,30.0,486.0,32.0,79.0,81.0,0.0,dain@apache.org,0,0.0,0.0,0.0,0.0,0.0,0.0,0.0,0,3,0.0,false
container/openejb-core/src/test/java/org/apache/openejb/core/stateful/StatefulSecurityPermissionsTest.java,155.0,55.0,0.0,1.0,19.0,3.0,0.0,andygumbrecht@apache.org,0,0.0,0.0,0.0,0.0,0.0,0.0,0.0,0,0,0.0,false
container/openejb-core/src/test/java/org/apache/openejb/core/stateful/StatefulTransactionAttributesTest.java,399.0,35.0,0.0,1.0,24.0,2.0,0.0,andygumbrecht@apache.org,0,0.0,0.0,0.0,0.0,0.0,0.0,0.0,0,0,0.0,false
container/openejb-core/src/test/java/org/apache/openejb/core/stateless/StatelessInterceptorTest.java,241.0,30.0,5.0,6.0,43.0,16.0,0.0,dblevins@apache.org,0,0.0,0.0,0.0,0.0,0.0,0.0,0.0,0,4,0.0,false
container/openejb-core/src/test/java/org/apache/openejb/core/webservices/ProviderWrapperTest.java,41.0,12.0,0.0,1.0,9.0,3.0,0.0,dain@apache.org,0,0.0,0.0,0.0,0.0,0.0,0.0,0.0,0,1,0.0,false
container/openejb-core/src/test/java/org/apache/openejb/deployment/entity/cmp/AbstractCmpTest.java,66.0,25.0,20.0,8.0,41.0,16.0,23.0,dblevins@apache.org,1,0.0022172949002217295,100.0,50.0,0.0,0.0,5575.588059701493,222407.47435327174,1,0,0.2957142441490452,false
container/openejb-core/src/test/java/org/apache/openejb/deployment/entity/cmp/cmr/AbstractCMRTest.java,42.0,9.0,10.0,5.0,11.0,11.0,23.0,dblevins@apache.org,1,0.0022172949002217295,100.0,50.0,0.0,0.0,5575.588059701493,222407.47435327174,1,0,0.2957142441490452,false
container/openejb-core/src/test/java/org/apache/openejb/deployment/entity/cmp/cmr/CompoundPK.java,23.0,1.0,0.0,4.0,2.0,8.0,35.0,andygumbrecht@apache.org,1,0.0022172949002217295,50.0,50.0,0.0,0.0,5575.588059701493,222407.47435327174,1,0,0.2957142441490452,false
container/openejb-core/src/test/java/org/apache/openejb/deployment/entity/cmp/cmr/manytomany/ABean.java,40.0,6.0,136.0,17.0,3.0,22.0,35.0,andygumbrecht@apache.org,1,0.0022172949002217295,33.0,33.0,0.0,0.0,5575.588059701493,222407.47435327174,1,0,0.2957142441490452,false
container/openejb-core/src/test/java/org/apache/openejb/deployment/entity/cmp/cmr/manytomany/ALocal.java,11.0,2.0,15.0,6.0,0.0,6.0,35.0,andygumbrecht@apache.org,1,0.0022172949002217295,33.0,33.0,0.0,0.0,5575.588059701493,222407.47435327174,1,0,0.2957142441490452,false
container/openejb-core/src/test/java/org/apache/openejb/deployment/entity/cmp/cmr/manytomany/ALocalHome.java,9.0,4.0,6.0,4.0,0.0,8.0,35.0,andygumbrecht@apache.org,1,0.0022172949002217295,33.0,33.0,0.0,0.0,5575.588059701493,222407.47435327174,1,0,0.2957142441490452,false
container/openejb-core/src/test/java/org/apache/openejb/deployment/entity/cmp/cmr/manytomany/BBean.java,35.0,5.0,136.0,17.0,1.0,20.0,35.0,andygumbrecht@apache.org,1,0.0022172949002217295,33.0,33.0,0.0,0.0,5575.588059701493,222407.47435327174,1,0,0.2957142441490452,false
container/openejb-core/src/test/java/org/apache/openejb/deployment/entity/cmp/cmr/manytomany/BLocal.java,13.0,2.0,28.0,8.0,0.0,8.0,35.0,andygumbrecht@apache.org,1,0.0022172949002217295,33.0,33.0,0.0,0.0,5575.588059701493,222407.47435327174,1,0,0.2957142441490452,false
container/openejb-core/src/test/java/org/apache/openejb/deployment/entity/cmp/cmr/manytomany/BLocalHome.java,7.0,3.0,1.0,2.0,0.0,4.0,35.0,andygumbrecht@apache.org,1,0.0022172949002217295,50.0,50.0,0.0,0.0,5575.588059701493,222407.47435327174,1,0,0.2957142441490452,false
container/openejb-core/src/test/java/org/apache/openejb/deployment/entity/cmp/cmr/manytomany/ManyToManyCompoundPKTest.java,253.0,10.0,82.0,24.0,125.0,58.0,23.0,dblevins@apache.org,1,0.0022172949002217295,100.0,50.0,0.0,0.0,5575.588059701493,222407.47435327174,1,0,0.2957142441490452,false
container/openejb-core/src/test/java/org/apache/openejb/deployment/entity/cmp/cmr/manytomany/ManyToManyTest.java,252.0,9.0,82.0,24.0,127.0,58.0,23.0,dblevins@apache.org,1,0.0022172949002217295,100.0,50.0,0.0,0.0,5575.588059701493,222407.47435327174,1,0,0.2957142441490452,false
container/openejb-core/src/test/java/org/apache/openejb/deployment/entity/cmp/cmr/onetomany/ABean.java,40.0,6.0,136.0,17.0,3.0,22.0,35.0,andygumbrecht@apache.org,1,0.0022172949002217295,33.0,33.0,0.0,0.0,5575.588059701493,222407.47435327174,1,0,0.2957142441490452,false
container/openejb-core/src/test/java/org/apache/openejb/deployment/entity/cmp/cmr/onetomany/ALocal.java,11.0,2.0,15.0,6.0,0.0,6.0,35.0,andygumbrecht@apache.org,1,0.0022172949002217295,33.0,33.0,0.0,0.0,5575.588059701493,222407.47435327174,1,0,0.2957142441490452,false
container/openejb-core/src/test/java/org/apache/openejb/deployment/entity/cmp/cmr/onetomany/ALocalHome.java,9.0,4.0,6.0,4.0,0.0,8.0,35.0,andygumbrecht@apache.org,1,0.0022172949002217295,33.0,33.0,0.0,0.0,5575.588059701493,222407.47435327174,1,0,0.2957142441490452,false
container/openejb-core/src/test/java/org/apache/openejb/deployment/entity/cmp/cmr/onetomany/BBean.java,44.0,5.0,210.0,21.0,3.0,26.0,35.0,andygumbrecht@apache.org,1,0.0022172949002217295,33.0,33.0,0.0,0.0,5575.588059701493,222407.47435327174,1,0,0.2957142441490452,false
container/openejb-core/src/test/java/org/apache/openejb/deployment/entity/cmp/cmr/onetomany/BLocal.java,15.0,1.0,45.0,10.0,0.0,10.0,35.0,andygumbrecht@apache.org,1,0.0022172949002217295,50.0,50.0,0.0,0.0,5575.588059701493,222407.47435327174,1,0,0.2957142441490452,false
container/openejb-core/src/test/java/org/apache/openejb/deployment/entity/cmp/cmr/onetomany/BLocalHome.java,9.0,4.0,6.0,4.0,0.0,8.0,35.0,andygumbrecht@apache.org,1,0.0022172949002217295,33.0,33.0,0.0,0.0,5575.588059701493,222407.47435327174,1,0,0.2957142441490452,false
container/openejb-core/src/test/java/org/apache/openejb/deployment/entity/cmp/cmr/onetomany/OneToManyCascadeDeleteTest.java,60.0,6.0,19.0,7.0,15.0,15.0,23.0,dblevins@apache.org,1,0.0022172949002217295,100.0,50.0,0.0,0.0,5575.588059701493,222407.47435327174,1,0,0.2957142441490452,false
container/openejb-core/src/test/java/org/apache/openejb/deployment/entity/cmp/cmr/onetomany/OneToManyCompoundPKCascadeDeleteTest.java,60.0,7.0,19.0,7.0,15.0,15.0,23.0,dblevins@apache.org,1,0.0022172949002217295,100.0,50.0,0.0,0.0,5575.588059701493,222407.47435327174,1,0,0.2957142441490452,false
container/openejb-core/src/test/java/org/apache/openejb/deployment/entity/cmp/cmr/onetomany/OneToManyCompoundPKTest.java,257.0,11.0,77.0,26.0,128.0,61.0,23.0,dblevins@apache.org,1,0.0022172949002217295,100.0,50.0,0.0,0.0,5575.588059701493,222407.47435327174,1,0,0.2957142441490452,false
container/openejb-core/src/test/java/org/apache/openejb/deployment/entity/cmp/cmr/onetomany/OneToManyTest.java,254.0,9.0,73.0,26.0,133.0,59.0,23.0,dblevins@apache.org,1,0.0022172949002217295,100.0,50.0,0.0,0.0,5575.588059701493,222407.47435327174,1,0,0.2957142441490452,false
container/openejb-core/src/test/java/org/apache/openejb/deployment/entity/cmp/cmr/onetoone/ABean.java,40.0,5.0,136.0,17.0,3.0,22.0,35.0,andygumbrecht@apache.org,1,0.0022172949002217295,33.0,33.0,0.0,0.0,5575.588059701493,222407.47435327174,1,0,0.2957142441490452,false
container/openejb-core/src/test/java/org/apache/openejb/deployment/entity/cmp/cmr/onetoone/ALocal.java,11.0,1.0,15.0,6.0,0.0,6.0,35.0,andygumbrecht@apache.org,1,0.0022172949002217295,50.0,50.0,0.0,0.0,5575.588059701493,222407.47435327174,1,0,0.2957142441490452,false
container/openejb-core/src/test/java/org/apache/openejb/deployment/entity/cmp/cmr/onetoone/ALocalHome.java,9.0,4.0,6.0,4.0,0.0,8.0,35.0,andygumbrecht@apache.org,1,0.0022172949002217295,33.0,33.0,0.0,0.0,5575.588059701493,222407.47435327174,1,0,0.2957142441490452,false
container/openejb-core/src/test/java/org/apache/openejb/deployment/entity/cmp/cmr/onetoone/BBean.java,44.0,5.0,210.0,21.0,3.0,26.0,35.0,andygumbrecht@apache.org,1,0.0022172949002217295,33.0,33.0,0.0,0.0,5575.588059701493,222407.47435327174,1,0,0.2957142441490452,false
container/openejb-core/src/test/java/org/apache/openejb/deployment/entity/cmp/cmr/onetoone/BLocal.java,15.0,1.0,45.0,10.0,0.0,10.0,35.0,andygumbrecht@apache.org,1,0.0022172949002217295,50.0,50.0,0.0,0.0,5575.588059701493,222407.47435327174,1,0,0.2957142441490452,false
container/openejb-core/src/test/java/org/apache/openejb/deployment/entity/cmp/cmr/onetoone/BLocalHome.java,9.0,4.0,6.0,4.0,0.0,8.0,35.0,andygumbrecht@apache.org,1,0.0022172949002217295,33.0,33.0,0.0,0.0,5575.588059701493,222407.47435327174,1,0,0.2957142441490452,false
container/openejb-core/src/test/java/org/apache/openejb/deployment/entity/cmp/cmr/onetoone/OneToOneCompoundPKTest.java,259.0,8.0,73.0,27.0,134.0,62.0,23.0,dblevins@apache.org,1,0.0022172949002217295,100.0,50.0,0.0,0.0,5575.588059701493,222407.47435327174,1,0,0.2957142441490452,false
container/openejb-core/src/test/java/org/apache/openejb/deployment/entity/cmp/cmr/onetoone/OneToOneTest.java,254.0,6.0,69.0,27.0,138.0,58.0,23.0,dblevins@apache.org,1,0.0022172949002217295,100.0,50.0,0.0,0.0,5575.588059701493,222407.47435327174,1,0,0.2957142441490452,false
container/openejb-core/src/test/java/org/apache/openejb/deployment/entity/cmp/ejbql/ABean.java,43.0,6.0,134.0,17.0,4.0,25.0,35.0,andygumbrecht@apache.org,1,0.0022172949002217295,33.0,33.0,0.0,0.0,5575.588059701493,222407.47435327174,1,0,0.2957142441490452,false
container/openejb-core/src/test/java/org/apache/openejb/deployment/entity/cmp/ejbql/AHome.java,9.0,5.0,6.0,4.0,0.0,8.0,35.0,andygumbrecht@apache.org,1,0.0022172949002217295,33.0,33.0,0.0,0.0,5575.588059701493,222407.47435327174,1,0,0.2957142441490452,false
container/openejb-core/src/test/java/org/apache/openejb/deployment/entity/cmp/ejbql/ALocal.java,9.0,1.0,6.0,4.0,0.0,4.0,35.0,andygumbrecht@apache.org,1,0.0022172949002217295,50.0,50.0,0.0,0.0,5575.588059701493,222407.47435327174,1,0,0.2957142441490452,false
container/openejb-core/src/test/java/org/apache/openejb/deployment/entity/cmp/ejbql/ALocalHome.java,10.0,4.0,10.0,5.0,0.0,10.0,35.0,andygumbrecht@apache.org,1,0.0022172949002217295,33.0,33.0,0.0,0.0,5575.588059701493,222407.47435327174,1,0,0.2957142441490452,false
container/openejb-core/src/test/java/org/apache/openejb/deployment/entity/cmp/ejbql/ARemote.java,9.0,2.0,6.0,4.0,0.0,8.0,35.0,andygumbrecht@apache.org,1,0.0022172949002217295,33.0,33.0,0.0,0.0,5575.588059701493,222407.47435327174,1,0,0.2957142441490452,false
container/openejb-core/src/test/java/org/apache/openejb/deployment/entity/cmp/ejbql/EJBQLTest.java,46.0,6.0,13.0,7.0,17.0,15.0,23.0,dblevins@apache.org,1,0.0022172949002217295,100.0,50.0,0.0,0.0,5575.588059701493,222407.47435327174,1,0,0.2957142441490452,false
container/openejb-core/src/test/java/org/apache/openejb/iTest.java,43.0,10.0,3.0,3.0,10.0,7.0,69.0,null,1,0.0022172949002217295,6.0,0.0,0.0,0.0,5575.588059701493,222407.47435327174,1,5,0.2957142441490452,false
container/openejb-core/src/test/java/org/apache/openejb/util/PropertiesTest.java,255.0,9.0,55.0,11.0,64.0,30.0,0.0,andygumbrecht@apache.org,0,0.0,0.0,0.0,0.0,0.0,0.0,0.0,0,0,0.0,false
container/openejb-core/src/test/java/org/apache/openejb/util/SuperPropertiesTest.java,278.0,5.0,91.0,14.0,96.0,30.0,0.0,dblevins@apache.org,0,0.0,0.0,0.0,0.0,0.0,0.0,0.0,0,2,0.0,false
container/openejb-jee/src/main/java/org/apache/openejb/jee/CmpField.java,31.0,10.0,13.0,7.0,0.0,11.0,6.0,dblevins@apache.org,1,0.0022172949002217295,14.0,0.0,0.0,0.0,5575.588059701493,222407.47435327174,1,0,0.2957142441490452,false
container/openejb-jee/src/main/java/org/apache/openejb/jee/ContainerTransaction.java,48.0,11.0,34.0,12.0,5.0,18.0,24.0,dblevins@apache.org,1,0.0022172949002217295,11.0,0.0,0.0,0.0,5575.588059701493,222407.47435327174,1,1,0.2957142441490452,false
container/openejb-jee/src/main/java/org/apache/openejb/jee/EjbJar.java,131.0,15.0,426.0,32.0,21.0,63.0,31.0,dblevins@apache.org,1,0.0022172949002217295,4.0,0.0,0.0,0.0,321.2307692307692,1275.8976111420538,1,1,3.4420193761824103,false
container/openejb-jee/src/main/java/org/apache/openejb/jee/EntityBean.java,340.0,15.0,2552.0,73.0,25.0,156.0,5.0,dblevins@apache.org,1,0.0022172949002217295,4.0,0.0,0.0,0.0,5575.588059701493,222407.47435327174,1,3,0.2957142441490452,false
container/openejb-jee/src/main/java/org/apache/openejb/jee/JAXBContextFactory.java,49.0,6.0,0.0,5.0,13.0,25.0,11.0,dblevins@apache.org,2,0.004434589800443459,30.0,0.0,20.0,0.0,5896.8188289322625,223683.3719644138,2,0,0.7079684531986872,false
container/openejb-jee/src/main/java/org/apache/openejb/jee/JaxbJavaee.java,68.0,24.0,10.0,5.0,23.0,15.0,31.0,null,1,0.0022172949002217295,4.0,0.0,0.0,0.0,321.2307692307692,1275.8976111420538,1,3,3.4420193761824103,false
container/openejb-jee/src/main/java/org/apache/openejb/jee/Method.java,95.0,9.0,100.0,20.0,11.0,33.0,0.0,dblevins@apache.org,0,0.0,0.0,0.0,0.0,0.0,0.0,0.0,0,1,0.0,false
container/openejb-jee/src/main/java/org/apache/openejb/jee/MethodPermission.java,61.0,11.0,71.0,14.0,6.0,24.0,0.0,dblevins@apache.org,0,0.0,0.0,0.0,0.0,0.0,0.0,0.0,0,0,0.0,false
container/openejb-jee/src/main/java/org/apache/openejb/jee/MethodTransaction.java,32.0,0.0,0.0,8.0,5.0,15.0,24.0,dblevins@apache.org,1,0.0022172949002217295,25.0,0.0,0.0,0.0,5575.588059701493,222407.47435327174,1,2,0.2957142441490452,false
container/openejb-jee/src/main/java/org/apache/openejb/jee/ObjectFactory.java,94.0,6.0,78.0,13.0,0.0,26.0,35.0,dain@apache.org,2,0.004434589800443459,18.0,0.0,0.0,0.0,561.5703918722786,3443.343123237298,2,0,2.3434070875143007,false
container/openejb-jee/src/main/java/org/apache/openejb/jee/jpa/Entity.java,453.0,9.0,1540.0,57.0,6.0,106.0,11.0,dblevins@apache.org,1,0.0022172949002217295,44.0,11.0,11.0,22.0,5575.588059701493,222407.47435327174,1,1,0.2957142441490452,false
container/openejb-jee/src/main/java/org/apache/openejb/jee/jpa/EntityMappings.java,201.0,13.0,262.0,24.0,4.0,59.0,6.0,dblevins@apache.org,1,0.0022172949002217295,33.0,0.0,17.0,0.0,5575.588059701493,222407.47435327174,1,0,0.2957142441490452,false
container/openejb-jee/src/main/java/org/apache/openejb/jee/jpa/JpaJaxbUtil.java,29.0,13.0,3.0,3.0,13.0,9.0,16.0,dblevins@apache.org,2,0.004434589800443459,33.0,0.0,0.0,0.0,5896.8188289322625,223683.3719644138,2,1,1.1757196296057826,false
container/openejb-jee/src/main/java/org/apache/openejb/jee/jpa/MappedSuperclass.java,276.0,6.0,584.0,36.0,5.0,56.0,6.0,dain@apache.org,1,0.0022172949002217295,29.0,0.0,14.0,0.0,5575.588059701493,222407.47435327174,1,1,0.2957142441490452,false
container/openejb-jee/src/main/java/org/apache/openejb/jee/jpa/unit/JaxbPersistenceFactory.java,36.0,15.0,0.0,1.0,11.0,4.0,31.0,dain@apache.org,1,0.0022172949002217295,14.0,0.0,0.0,0.0,321.2307692307692,1275.8976111420538,1,0,3.4420193761824103,false
container/openejb-jee/src/main/java/org/apache/openejb/jee/oejb2/EntityBeanType.java,454.0,12.0,573.0,35.0,0.0,82.0,3.0,dblevins@apache.org,1,0.0022172949002217295,12.0,0.0,12.0,12.0,5575.588059701493,222407.47435327174,1,1,0.2957142441490452,false
container/openejb-jee/src/main/java/org/apache/openejb/jee/oejb2/GeronimoEjbJarType.java,149.0,20.0,202.0,21.0,0.0,54.0,3.0,dblevins@apache.org,1,0.0022172949002217295,8.0,0.0,8.0,8.0,5575.588059701493,222407.47435327174,1,3,0.2957142441490452,false
container/openejb-jee/src/main/java/org/apache/openejb/jee/oejb2/JaxbOpenejbJar2.java,56.0,17.0,21.0,7.0,23.0,22.0,31.0,dblevins@apache.org,1,0.0022172949002217295,11.0,0.0,0.0,0.0,321.2307692307692,1275.8976111420538,1,2,3.4420193761824103,false
container/openejb-jee/src/main/java/org/apache/openejb/jee/oejb2/MessageDrivenBeanType.java,148.0,14.0,163.0,19.0,3.0,48.0,3.0,dblevins@apache.org,1,0.0022172949002217295,12.0,0.0,12.0,12.0,5575.588059701493,222407.47435327174,1,2,0.2957142441490452,false
container/openejb-jee/src/main/java/org/apache/openejb/jee/oejb2/NamespaceFilter.java,152.0,9.0,0.0,4.0,9.0,10.0,1.0,dblevins@apache.org,1,0.0022172949002217295,8.0,0.0,0.0,0.0,5575.588059701493,222407.47435327174,1,2,0.2957142441490452,false
container/openejb-jee/src/main/java/org/apache/openejb/jee/oejb2/ObjectFactory.java,614.0,4.0,4656.0,97.0,0.0,195.0,35.0,dblevins@apache.org,1,0.0022172949002217295,12.0,0.0,0.0,0.0,321.2307692307692,1275.8976111420538,1,3,3.4420193761824103,false
container/openejb-jee/src/main/java/org/apache/openejb/jee/oejb2/SessionBeanType.java,203.0,12.0,311.0,26.0,0.0,60.0,1.0,dblevins@apache.org,1,0.0022172949002217295,12.0,0.0,12.0,12.0,5575.588059701493,222407.47435327174,1,1,0.2957142441490452,false
container/openejb-jee/src/main/java/org/apache/openejb/jee/oejb3/EjbLink.java,22.0,5.0,3.0,6.0,0.0,8.0,0.0,andygumbrecht@apache.org,0,0.0,0.0,0.0,0.0,0.0,0.0,0.0,0,0,0.0,false
container/openejb-jee/src/main/java/org/apache/openejb/jee/oejb3/JaxbOpenejbJar3.java,59.0,22.0,10.0,5.0,19.0,16.0,31.0,dain@apache.org,1,0.0022172949002217295,14.0,0.0,0.0,0.0,321.2307692307692,1275.8976111420538,1,1,3.4420193761824103,false
container/openejb-jee/src/main/java/org/apache/openejb/jee/oejb3/PropertiesAdapter.java,17.0,4.0,1.0,2.0,4.0,7.0,31.0,andygumbrecht@apache.org,1,0.0022172949002217295,25.0,0.0,0.0,0.0,321.2307692307692,1275.8976111420538,1,0,3.4420193761824103,false
container/openejb-jee/src/main/java/org/apache/openejb/jee/sun/JaxbSun.java,46.0,19.0,6.0,4.0,18.0,14.0,31.0,andygumbrecht@apache.org,1,0.0022172949002217295,25.0,0.0,0.0,0.0,321.2307692307692,1275.8976111420538,1,1,3.4420193761824103,false
container/openejb-jee/src/main/java/org/apache/openejb/jee/sun/ObjectFactory.java,136.0,1.0,231.0,22.0,0.0,46.0,35.0,andygumbrecht@apache.org,1,0.0022172949002217295,33.0,0.0,0.0,0.0,321.2307692307692,1275.8976111420538,1,0,3.4420193761824103,false
container/openejb-jee/src/main/java/org/apache/openejb/jee/wls/JaxbWls.java,68.0,25.0,10.0,5.0,23.0,15.0,31.0,andygumbrecht@apache.org,1,0.0022172949002217295,25.0,0.0,0.0,0.0,321.2307692307692,1275.8976111420538,1,1,3.4420193761824103,false
container/openejb-jee/src/test/java/org/apache/openejb/jee/JeeTest.java,102.0,21.0,36.0,9.0,52.0,20.0,21.0,null,3,0.0066518847006651885,15.0,3.0,3.0,0.0,6137.158451573772,225850.81747650902,3,2,0.4417797144858908,false
container/openejb-jee/src/test/java/org/apache/openejb/jee/jpa/PersistenceXmlTest.java,43.0,15.0,1.0,2.0,20.0,8.0,31.0,andygumbrecht@apache.org,1,0.0022172949002217295,17.0,0.0,0.0,0.0,321.2307692307692,1275.8976111420538,1,1,3.4420193761824103,false
container/openejb-jee/src/test/java/org/apache/openejb/jee/oejb2/ConversionTest.java,66.0,10.0,6.0,4.0,40.0,15.0,31.0,null,1,0.0022172949002217295,11.0,0.0,0.0,0.0,321.2307692307692,1275.8976111420538,1,1,3.4420193761824103,false
container/openejb-jee/src/test/java/org/apache/openejb/jee/oejb2/OpenejbJarTest.java,57.0,9.0,36.0,9.0,21.0,23.0,31.0,dblevins@apache.org,1,0.0022172949002217295,12.0,0.0,0.0,0.0,321.2307692307692,1275.8976111420538,1,1,3.4420193761824103,false
container/openejb-jee/src/test/java/org/apache/openejb/jee/oejb3/OpenejbJarTest.java,46.0,16.0,1.0,2.0,21.0,9.0,31.0,andygumbrecht@apache.org,1,0.0022172949002217295,17.0,0.0,0.0,0.0,321.2307692307692,1275.8976111420538,1,2,3.4420193761824103,false
container/openejb-jee/src/test/java/org/apache/openejb/jee/wls/JaxbWlsTest.java,39.0,10.0,6.0,4.0,17.0,12.0,31.0,andygumbrecht@apache.org,1,0.0022172949002217295,17.0,0.0,0.0,0.0,321.2307692307692,1275.8976111420538,1,1,3.4420193761824103,false
container/openejb-loader/src/main/java/org/apache/openejb/loader/JarLocation.java,34.0,4.0,1.0,2.0,14.0,8.0,0.0,dblevins@apache.org,0,0.0,0.0,0.0,0.0,0.0,0.0,0.0,0,1,0.0,false
examples/component-interfaces/src/main/java/org/superbiz/FriendlyPersonEjbHome.java,3.0,3.0,0.0,1.0,0.0,2.0,8.0,andygumbrecht@apache.org,1,0.0022172949002217295,25.0,25.0,0.0,0.0,5575.588059701493,222407.47435327174,1,1,0.2957142441490452,false
examples/component-interfaces/src/main/java/org/superbiz/FriendlyPersonEjbLocalHome.java,3.0,3.0,0.0,1.0,0.0,2.0,8.0,andygumbrecht@apache.org,1,0.0022172949002217295,25.0,25.0,0.0,0.0,5575.588059701493,222407.47435327174,1,1,0.2957142441490452,false
examples/component-interfaces/src/main/java/org/superbiz/FriendlyPersonEjbLocalObject.java,8.0,1.0,15.0,6.0,0.0,6.0,8.0,andygumbrecht@apache.org,1,0.0022172949002217295,33.0,33.0,0.0,0.0,5575.588059701493,222407.47435327174,1,1,0.2957142441490452,false
examples/component-interfaces/src/main/java/org/superbiz/FriendlyPersonEjbObject.java,8.0,2.0,15.0,6.0,0.0,12.0,8.0,andygumbrecht@apache.org,1,0.0022172949002217295,25.0,25.0,0.0,0.0,5575.588059701493,222407.47435327174,1,1,0.2957142441490452,false
examples/component-interfaces/src/main/java/org/superbiz/FriendlyPersonImpl.java,52.0,11.0,14.0,9.0,10.0,14.0,8.0,dblevins@apache.org,1,0.0022172949002217295,25.0,25.0,0.0,0.0,5575.588059701493,222407.47435327174,1,1,0.2957142441490452,false
examples/component-interfaces/src/main/java/org/superbiz/FriendlyPersonLocal.java,8.0,1.0,15.0,6.0,0.0,6.0,8.0,andygumbrecht@apache.org,1,0.0022172949002217295,25.0,25.0,0.0,0.0,5575.588059701493,222407.47435327174,1,1,0.2957142441490452,false
examples/component-interfaces/src/main/java/org/superbiz/FriendlyPersonRemote.java,8.0,1.0,15.0,6.0,0.0,6.0,8.0,andygumbrecht@apache.org,1,0.0022172949002217295,33.0,33.0,0.0,0.0,5575.588059701493,222407.47435327174,1,1,0.2957142441490452,false
examples/component-interfaces/src/test/java/org/superbiz/FriendlyPersonTest.java,90.0,5.0,0.0,5.0,31.0,10.0,8.0,dblevins@apache.org,1,0.0022172949002217295,14.0,14.0,0.0,0.0,5575.588059701493,222407.47435327174,1,1,0.2957142441490452,false
examples/custom-injection/src/main/java/org/superbiz/enventries/Pickup.java,0.0,0.0,0.0,0.0,0.0,0.0,0.0,andygumbrecht@apache.org,0,0.0,0.0,0.0,0.0,0.0,0.0,0.0,0,0,0.0,false
examples/custom-injection/src/main/java/org/superbiz/enventries/PickupEditor.java,12.0,0.0,0.0,1.0,3.0,4.0,0.0,andygumbrecht@apache.org,0,0.0,0.0,0.0,0.0,0.0,0.0,0.0,0,0,0.0,false
examples/custom-injection/src/main/java/org/superbiz/enventries/Stratocaster.java,10.0,7.0,10.0,5.0,0.0,6.0,0.0,andygumbrecht@apache.org,0,0.0,0.0,0.0,0.0,0.0,0.0,0.0,0,0,0.0,false
examples/custom-injection/src/main/java/org/superbiz/enventries/StratocasterImpl.java,30.0,9.0,10.0,5.0,1.0,11.0,0.0,dblevins@apache.org,0,0.0,0.0,0.0,0.0,0.0,0.0,0.0,0,0,0.0,false
examples/custom-injection/src/main/java/org/superbiz/enventries/Style.java,0.0,0.0,0.0,0.0,0.0,0.0,0.0,dblevins@apache.org,0,0.0,0.0,0.0,0.0,0.0,0.0,0.0,0,0,0.0,false
examples/custom-injection/src/test/java/org/superbiz/enventries/StratocasterTest.java,27.0,20.0,0.0,2.0,11.0,5.0,0.0,andygumbrecht@apache.org,0,0.0,0.0,0.0,0.0,0.0,0.0,0.0,0,0,0.0,false
examples/injection-of-connectionfactory/src/main/java/org/superbiz/injection/jms/MessagingBean.java,39.0,11.0,0.0,2.0,15.0,7.0,7.0,dblevins@apache.org,1,0.0022172949002217295,50.0,0.0,0.0,0.0,5575.588059701493,222407.47435327174,1,0,0.2957142441490452,false
examples/injection-of-connectionfactory/src/main/java/org/superbiz/injection/jms/MessagingLocal.java,4.0,1.0,1.0,2.0,0.0,4.0,7.0,dblevins@apache.org,1,0.0022172949002217295,50.0,0.0,0.0,0.0,5575.588059701493,222407.47435327174,1,0,0.2957142441490452,false
examples/injection-of-connectionfactory/src/test/java/org/superbiz/injection/jms/MessagingBeanTest.java,14.0,4.0,0.0,1.0,5.0,2.0,7.0,dblevins@apache.org,1,0.0022172949002217295,33.0,0.0,0.0,0.0,5575.588059701493,222407.47435327174,1,0,0.2957142441490452,false
examples/injection-of-datasource/src/main/java/org/superbiz/injection/MoviesImpl.java,61.0,9.0,0.0,4.0,33.0,10.0,4.0,dblevins@apache.org,1,0.0022172949002217295,33.0,33.0,0.0,0.0,5575.588059701493,222407.47435327174,1,0,0.2957142441490452,false
examples/injection-of-datasource/src/test/java/org/superbiz/injection/MoviesTest.java,20.0,5.0,0.0,1.0,7.0,3.0,6.0,dblevins@apache.org,1,0.0022172949002217295,25.0,25.0,0.0,0.0,5575.588059701493,222407.47435327174,1,0,0.2957142441490452,false
examples/injection-of-ejbs/src/test/java/org/superbiz/injection/EjbDependencyTest.java,17.0,4.0,0.0,2.0,6.0,4.0,1.0,dblevins@apache.org,1,0.0022172949002217295,25.0,0.0,0.0,0.0,5575.588059701493,222407.47435327174,1,1,0.2957142441490452,false
examples/injection-of-entitymanager/src/main/java/org/superbiz/injection/jpa/Movie.java,30.0,1.0,10.0,8.0,0.0,11.0,8.0,dblevins@apache.org,1,0.0022172949002217295,20.0,20.0,0.0,0.0,5575.588059701493,222407.47435327174,1,0,0.2957142441490452,false
examples/injection-of-entitymanager/src/main/java/org/superbiz/injection/jpa/MoviesImpl.java,13.0,6.0,0.0,3.0,4.0,7.0,4.0,dblevins@apache.org,1,0.0022172949002217295,33.0,33.0,0.0,0.0,5575.588059701493,222407.47435327174,1,0,0.2957142441490452,false
examples/injection-of-entitymanager/src/test/java/org/superbiz/injection/jpa/MoviesTest.java,24.0,5.0,0.0,1.0,7.0,3.0,6.0,dblevins@apache.org,1,0.0022172949002217295,25.0,25.0,0.0,0.0,5575.588059701493,222407.47435327174,1,0,0.2957142441490452,false
examples/injection-of-env-entry/src/main/java/org/superbiz/injection/Invoice.java,7.0,1.0,1.0,2.0,0.0,3.0,3.0,dblevins@apache.org,1,0.0022172949002217295,33.0,0.0,0.0,0.0,5575.588059701493,222407.47435327174,1,1,0.2957142441490452,false
examples/injection-of-env-entry/src/main/java/org/superbiz/injection/InvoiceBean.java,31.0,4.0,0.0,3.0,1.0,9.0,3.0,dblevins@apache.org,1,0.0022172949002217295,50.0,0.0,0.0,0.0,5575.588059701493,222407.47435327174,1,1,0.2957142441490452,false
examples/injection-of-env-entry/src/test/java/org/superbiz/injection/InvoiceBeanTest.java,25.0,4.0,0.0,3.0,10.0,7.0,3.0,dblevins@apache.org,1,0.0022172949002217295,33.0,0.0,0.0,0.0,5575.588059701493,222407.47435327174,1,1,0.2957142441490452,false
examples/simple-cmp2/src/main/java/org/superbiz/cmp2/Movie.java,13.0,0.0,28.0,8.0,0.0,8.0,8.0,andygumbrecht@apache.org,1,0.0022172949002217295,50.0,0.0,0.0,0.0,5575.588059701493,222407.47435327174,1,0,0.2957142441490452,false
examples/simple-cmp2/src/main/java/org/superbiz/cmp2/MovieBean.java,18.0,1.0,45.0,10.0,3.0,11.0,8.0,andygumbrecht@apache.org,1,0.0022172949002217295,33.0,0.0,0.0,0.0,5575.588059701493,222407.47435327174,1,0,0.2957142441490452,false
examples/simple-cmp2/src/main/java/org/superbiz/cmp2/Movies.java,9.0,3.0,6.0,4.0,0.0,8.0,11.0,andygumbrecht@apache.org,1,0.0022172949002217295,50.0,0.0,0.0,0.0,5575.588059701493,222407.47435327174,1,0,0.2957142441490452,false
examples/simple-cmp2/src/test/java/org/superbiz/cmp2/MoviesTest.java,27.0,8.0,0.0,1.0,8.0,3.0,6.0,dblevins@apache.org,1,0.0022172949002217295,25.0,0.0,0.0,0.0,5575.588059701493,222407.47435327174,1,0,0.2957142441490452,false
examples/simple-mdb/src/main/java/org/superbiz/mdb/ChatBean.java,39.0,12.0,1.0,2.0,11.0,8.0,8.0,dblevins@apache.org,1,0.0022172949002217295,20.0,0.0,0.0,0.0,5575.588059701493,222407.47435327174,1,0,0.2957142441490452,false
examples/simple-mdb/src/main/java/org/superbiz/mdb/MessagingClientBean.java,40.0,11.0,0.0,2.0,15.0,7.0,8.0,dblevins@apache.org,1,0.0022172949002217295,33.0,0.0,0.0,0.0,5575.588059701493,222407.47435327174,1,0,0.2957142441490452,false
examples/simple-mdb/src/main/java/org/superbiz/mdb/MessagingClientLocal.java,4.0,1.0,1.0,2.0,0.0,4.0,8.0,dblevins@apache.org,1,0.0022172949002217295,50.0,0.0,0.0,0.0,5575.588059701493,222407.47435327174,1,0,0.2957142441490452,false
examples/simple-mdb/src/test/java/org/superbiz/mdb/ChatBeanTest.java,14.0,4.0,0.0,1.0,5.0,2.0,8.0,andygumbrecht@apache.org,1,0.0022172949002217295,25.0,0.0,0.0,0.0,5575.588059701493,222407.47435327174,1,0,0.2957142441490452,false
examples/simple-webservice/src/test/java/org/superbiz/calculator/CalculatorTest.java,20.0,6.0,1.0,2.0,7.0,4.0,1.0,dblevins@apache.org,1,0.0022172949002217295,10.0,0.0,0.0,0.0,193.6,462.52168778073224,1,0,2.631089159966082,true
examples/testing-security/src/main/java/org/superbiz/injection/secure/Movie.java,30.0,1.0,10.0,8.0,0.0,11.0,8.0,andygumbrecht@apache.org,0,0.0,0.0,0.0,0.0,0.0,0.0,0.0,0,0,0.0,false
examples/testing-security/src/main/java/org/superbiz/injection/secure/Movies.java,8.0,2.0,3.0,3.0,0.0,6.0,11.0,dblevins@apache.org,0,0.0,0.0,0.0,0.0,0.0,0.0,0.0,0,0,0.0,false
examples/testing-security/src/main/java/org/superbiz/injection/secure/MoviesImpl.java,13.0,10.0,0.0,3.0,4.0,7.0,4.0,dblevins@apache.org,1,0.0022172949002217295,25.0,25.0,0.0,0.0,5575.588059701493,222407.47435327174,1,0,0.2957142441490452,false
examples/testing-security/src/test/java/org/superbiz/injection/secure/MovieTest.java,95.0,9.0,0.0,6.0,34.0,23.0,1.0,dblevins@apache.org,1,0.0022172949002217295,25.0,12.0,0.0,12.0,5575.588059701493,222407.47435327174,1,0,0.2957142441490452,false
examples/testing-transactions/src/main/java/org/superbiz/injection/tx/MoviesImpl.java,13.0,8.0,0.0,3.0,4.0,7.0,4.0,dblevins@apache.org,1,0.0022172949002217295,25.0,25.0,0.0,0.0,5575.588059701493,222407.47435327174,1,0,0.2957142441490452,false
examples/testing-transactions/src/test/java/org/superbiz/injection/tx/MoviesTest.java,56.0,9.0,4.0,5.0,13.0,14.0,6.0,dblevins@apache.org,1,0.0022172949002217295,17.0,17.0,0.0,0.0,5575.588059701493,222407.47435327174,1,0,0.2957142441490452,false
itests/openejb-itests-beans/src/main/java/org/apache/openejb/test/mdb/BasicMdbBean.java,124.0,12.0,39.0,10.0,19.0,22.0,0.0,null,0,0.0,0.0,0.0,0.0,0.0,0.0,0.0,0,2,0.0,false
itests/openejb-itests-beans/src/main/java/org/apache/openejb/test/object/OperationsPolicy.java,91.0,3.0,1.0,7.0,3.0,21.0,0.0,dain@apache.org,0,0.0,0.0,0.0,0.0,0.0,0.0,0.0,0,0,0.0,false
itests/openejb-itests-beans/src/main/java/org/apache/openejb/test/stateless/BasicStatelessBean.java,164.0,13.0,73.0,14.0,27.0,31.0,0.0,dblevins@apache.org,0,0.0,0.0,0.0,0.0,0.0,0.0,0.0,0,1,0.0,false
itests/openejb-itests-client/src/main/java/org/apache/openejb/test/ActiveMqLocalTestJms.java,10.0,3.0,1.0,2.0,0.0,3.0,2.0,andygumbrecht@apache.org,1,0.0022172949002217295,50.0,0.0,0.0,0.0,5575.588059701493,222407.47435327174,1,0,0.2957142441490452,false
itests/openejb-itests-client/src/main/java/org/apache/openejb/test/ActiveMqTestJms.java,10.0,3.0,1.0,2.0,0.0,3.0,0.0,null,0,0.0,0.0,0.0,0.0,0.0,0.0,0.0,0,1,0.0,false
itests/openejb-itests-client/src/main/java/org/apache/openejb/test/HsqldbTestDatabase.java,133.0,5.0,13.0,10.0,22.0,38.0,0.0,dain@apache.org,0,0.0,0.0,0.0,0.0,0.0,0.0,0.0,0,5,0.0,false
itests/openejb-itests-client/src/main/java/org/apache/openejb/test/TestManager.java,153.0,5.0,26.0,13.0,57.0,43.0,0.0,dblevins@apache.org,0,0.0,0.0,0.0,0.0,0.0,0.0,0.0,0,1,0.0,false
server/openejb-axis/src/main/java/org/apache/openejb/server/axis/assembler/CommonsSchemaInfoBuilder.java,252.0,35.0,60.0,13.0,100.0,48.0,0.0,andygumbrecht@apache.org,0,0.0,0.0,0.0,0.0,0.0,0.0,0.0,0,0,0.0,false
server/openejb-axis2/src/main/java/org/apache/openejb/server/axis2/pojo/PojoWsContext.java,35.0,6.0,30.0,9.0,9.0,16.0,0.0,dblevins@apache.org,0,0.0,0.0,0.0,0.0,0.0,0.0,0.0,0,1,0.0,false
server/openejb-client/src/main/java/javax/xml/ws/EndpointReference.java,12.0,0.0,3.0,3.0,0.0,7.0,0.0,andygumbrecht@apache.org,0,0.0,0.0,0.0,0.0,0.0,0.0,0.0,0,1,0.0,false
server/openejb-client/src/main/java/javax/xml/ws/WebServiceFeature.java,10.0,0.0,1.0,2.0,0.0,3.0,0.0,andygumbrecht@apache.org,0,0.0,0.0,0.0,0.0,0.0,0.0,0.0,0,1,0.0,false
server/openejb-client/src/main/java/javax/xml/ws/wsaddressing/W3CEndpointReference.java,15.0,3.0,3.0,3.0,0.0,6.0,0.0,andygumbrecht@apache.org,0,0.0,0.0,0.0,0.0,0.0,0.0,0.0,0,1,0.0,false
server/openejb-client/src/main/java/org/apache/openejb/client/EJBInvocationHandler.java,157.0,22.0,78.0,17.0,28.0,45.0,137.0,dblevins@apache.org,1,0.0022172949002217295,4.0,0.0,0.0,0.0,5575.588059701493,222407.47435327174,1,5,0.2957142441490452,false
server/openejb-client/src/main/java/org/apache/openejb/client/EJBObjectHandler.java,150.0,7.0,103.0,15.0,29.0,39.0,137.0,null,1,0.0022172949002217295,3.0,0.0,0.0,0.0,5575.588059701493,222407.47435327174,1,3,0.2957142441490452,false
server/openejb-client/src/main/java/org/apache/openejb/client/EJBRequest.java,436.0,11.0,69.0,27.0,27.0,50.0,5.0,null,1,0.0022172949002217295,3.0,0.0,0.0,0.0,193.6,462.52168778073224,1,4,2.631089159966082,false
server/openejb-client/src/main/java/org/apache/openejb/client/JNDIContext.java,411.0,26.0,959.0,46.0,113.0,137.0,69.0,dblevins@apache.org,1,0.0022172949002217295,4.0,0.0,0.0,0.0,5575.588059701493,222407.47435327174,1,11,0.2957142441490452,false
server/openejb-client/src/main/java/org/apache/openejb/client/JaxWsProviderWrapper.java,405.0,38.0,0.0,13.0,48.0,38.0,0.0,andygumbrecht@apache.org,0,0.0,0.0,0.0,0.0,0.0,0.0,0.0,0,1,0.0,false
server/openejb-client/src/main/java/org/apache/openejb/client/SocketConnectionFactory.java,77.0,10.0,1.0,2.0,1.0,4.0,4.0,andygumbrecht@apache.org,1,0.0022172949002217295,9.0,0.0,0.0,0.0,5575.588059701493,222407.47435327174,1,1,0.2957142441490452,false
server/openejb-client/src/test/java/org/apache/openejb/client/JNDIContextTest.java,27.0,3.0,3.0,3.0,2.0,6.0,0.0,andygumbrecht@apache.org,0,0.0,0.0,0.0,0.0,0.0,0.0,0.0,0,0,0.0,false
server/openejb-client/src/test/java/org/apache/openejb/client/JaxWsProviderWrapperTest.java,41.0,12.0,0.0,1.0,9.0,3.0,0.0,andygumbrecht@apache.org,0,0.0,0.0,0.0,0.0,0.0,0.0,0.0,0,1,0.0,false
server/openejb-cxf/src/main/java/org/apache/openejb/server/cxf/CxfEndpoint.java,130.0,25.0,236.0,24.0,39.0,47.0,0.0,rmannibucau@apache.org,0,0.0,0.0,0.0,0.0,0.0,0.0,0.0,0,1,0.0,false
server/openejb-ejbd/src/main/java/org/apache/openejb/server/ejbd/DeploymentIndex.java,51.0,6.0,5.0,7.0,18.0,18.0,5.0,dblevins@apache.org,1,0.0022172949002217295,17.0,0.0,0.0,0.0,193.6,462.52168778073224,1,0,2.631089159966082,false
server/openejb-ejbd/src/main/java/org/apache/openejb/server/ejbd/EjbDaemon.java,129.0,19.0,53.0,15.0,30.0,39.0,0.0,null,0,0.0,0.0,0.0,0.0,0.0,0.0,0.0,0,2,0.0,false
server/openejb-ejbd/src/test/java/org/apache/openejb/RemoteiTest.java,65.0,13.0,3.0,3.0,8.0,6.0,39.0,dblevins@apache.org,3,0.0066518847006651885,20.0,5.0,5.0,0.0,5823.188059701493,222884.59006088483,3,2,1.5568308045059596,false
server/openejb-ejbd/src/test/java/org/apache/openejb/server/ejbd/DeploymentIndexTest.java,19.0,10.0,1.0,3.0,2.0,7.0,3.0,null,1,0.0022172949002217295,9.0,4.0,4.0,0.0,193.6,462.52168778073224,1,0,2.631089159966082,false
server/openejb-http/src/main/java/org/apache/openejb/server/httpd/HttpServerFactory.java,12.0,1.0,0.0,1.0,3.0,3.0,0.0,dblevins@apache.org,0,0.0,0.0,0.0,0.0,0.0,0.0,0.0,0,0,0.0,false
server/openejb-http/src/main/java/org/apache/openejb/server/httpd/JettyHttpEjbServer.java,9.0,1.0,0.0,1.0,0.0,1.0,0.0,andygumbrecht@apache.org,0,0.0,0.0,0.0,0.0,0.0,0.0,0.0,0,0,0.0,false
server/openejb-http/src/main/java/org/apache/openejb/server/httpd/JettyHttpServer.java,80.0,17.0,46.0,12.0,14.0,26.0,0.0,dblevins@apache.org,0,0.0,0.0,0.0,0.0,0.0,0.0,0.0,0,0,0.0,false
server/openejb-http/src/main/java/org/apache/openejb/server/httpd/OpenEJBHttpEjbServer.java,9.0,0.0,0.0,1.0,0.0,1.0,0.0,andygumbrecht@apache.org,0,0.0,0.0,0.0,0.0,0.0,0.0,0.0,0,0,0.0,false
server/openejb-http/src/main/java/org/apache/openejb/server/httpd/OpenEJBHttpServer.java,126.0,11.0,79.0,14.0,35.0,34.0,0.0,rmannibucau@apache.org,0,0.0,0.0,0.0,0.0,0.0,0.0,0.0,0,1,0.0,false
server/openejb-http/src/main/java/org/apache/openejb/server/httpd/ServerServlet.java,16.0,11.0,0.0,2.0,8.0,4.0,3.0,rmannibucau@apache.org,1,0.0022172949002217295,17.0,0.0,17.0,17.0,5575.588059701493,222407.47435327174,1,0,0.2957142441490452,false
server/openejb-server/src/main/java/org/apache/openejb/server/ServiceAccessController.java,84.0,15.0,8.0,12.0,25.0,34.0,0.0,dblevins@apache.org,0,0.0,0.0,0.0,0.0,0.0,0.0,0.0,0,1,0.0,false
server/openejb-server/src/main/java/org/apache/openejb/server/ServiceDaemon.java,181.0,15.0,64.0,16.0,24.0,46.0,2.0,dblevins@apache.org,1,0.0022172949002217295,4.0,0.0,0.0,0.0,5575.588059701493,222407.47435327174,1,1,0.2957142441490452,false
server/openejb-server/src/main/java/org/apache/openejb/server/ServiceManager.java,246.0,27.0,30.0,9.0,78.0,38.0,0.0,dblevins@apache.org,0,0.0,0.0,0.0,0.0,0.0,0.0,0.0,0,4,0.0,false
server/openejb-server/src/main/java/org/apache/openejb/server/ServicePool.java,102.0,13.0,0.0,14.0,29.0,33.0,6.0,null,1,0.0022172949002217295,3.0,0.0,0.0,0.0,5575.588059701493,222407.47435327174,1,0,0.2957142441490452,false
server/openejb-server/src/main/java/org/apache/openejb/server/auth/ExactIPAddressPermission.java,41.0,4.0,0.0,4.0,8.0,11.0,0.0,dblevins@apache.org,0,0.0,0.0,0.0,0.0,0.0,0.0,0.0,0,0,0.0,false
server/openejb-server/src/main/java/org/apache/openejb/server/auth/ExactIPv6AddressPermission.java,41.0,5.0,0.0,4.0,9.0,11.0,0.0,dblevins@apache.org,0,0.0,0.0,0.0,0.0,0.0,0.0,0.0,0,0,0.0,false
server/openejb-server/src/main/java/org/apache/openejb/server/auth/FactorizedIPAddressPermission.java,64.0,5.0,0.0,3.0,10.0,10.0,0.0,dblevins@apache.org,0,0.0,0.0,0.0,0.0,0.0,0.0,0.0,0,0,0.0,false
server/openejb-server/src/main/java/org/apache/openejb/server/auth/IPAddressPermission.java,6.0,2.0,0.0,1.0,0.0,1.0,0.0,dblevins@apache.org,0,0.0,0.0,0.0,0.0,0.0,0.0,0.0,0,0,0.0,false
server/openejb-server/src/main/java/org/apache/openejb/server/auth/IPAddressPermissionEditor.java,12.0,1.0,0.0,2.0,1.0,4.0,0.0,andygumbrecht@apache.org,0,0.0,0.0,0.0,0.0,0.0,0.0,0.0,0,0,0.0,false
server/openejb-server/src/main/java/org/apache/openejb/server/auth/IPAddressPermissionFactory.java,26.0,0.0,0.0,1.0,1.0,5.0,0.0,dblevins@apache.org,0,0.0,0.0,0.0,0.0,0.0,0.0,0.0,0,0,0.0,false
server/openejb-server/src/main/java/org/apache/openejb/server/auth/NetmaskIPAddressPermission.java,60.0,4.0,0.0,3.0,8.0,11.0,0.0,dblevins@apache.org,0,0.0,0.0,0.0,0.0,0.0,0.0,0.0,0,0,0.0,false
server/openejb-server/src/main/java/org/apache/openejb/server/auth/NetmaskIPv6AddressPermission.java,60.0,5.0,0.0,3.0,10.0,12.0,0.0,dblevins@apache.org,0,0.0,0.0,0.0,0.0,0.0,0.0,0.0,0,0,0.0,false
server/openejb-server/src/main/java/org/apache/openejb/server/auth/PermitAllPermission.java,8.0,1.0,0.0,1.0,0.0,2.0,0.0,dblevins@apache.org,0,0.0,0.0,0.0,0.0,0.0,0.0,0.0,0,0,0.0,false
server/openejb-server/src/main/java/org/apache/openejb/server/auth/StartWithIPAddressPermission.java,53.0,4.0,0.0,3.0,10.0,11.0,0.0,dblevins@apache.org,0,0.0,0.0,0.0,0.0,0.0,0.0,0.0,0,0,0.0,false
