name,LOC,CBO,LCOM,NOM,RFC,WMC,ACS,Ownership,numOfChanges,numberOfFIChanges,ENH,NF,BugFixing,REF,structuralWorkloadSum,semanticWorkloadSum,numberOfDeveloper,pastFaults,MAF,isBuggy
api/ejb31-api-experimental/src/main/java/javax/ejb/ConcurrencyManagement.java,0.0,0.0,0.0,0.0,0.0,0.0,6.0,dblevins@apache.org,1,0.0026595744680851063,33.0,33.0,0.0,0.0,3140.9908256880735,106457.28033997549,1,0,0.2876820724517809,false
api/ejb31-api-experimental/src/main/java/javax/ejb/ConcurrencyManagementType.java,0.0,0.0,0.0,0.0,0.0,0.0,6.0,dblevins@apache.org,1,0.0026595744680851063,20.0,20.0,0.0,0.0,3140.9908256880735,106457.28033997549,1,0,0.2876820724517809,false
api/ejb31-api-experimental/src/main/java/javax/ejb/ConcurrentAccessTimeoutException.java,13.0,0.0,3.0,3.0,0.0,3.0,6.0,dblevins@apache.org,1,0.0026595744680851063,25.0,25.0,0.0,0.0,3140.9908256880735,106457.28033997549,1,0,0.2876820724517809,false
api/ejb31-api-experimental/src/main/java/javax/ejb/DependsOn.java,0.0,0.0,0.0,0.0,0.0,0.0,22.0,dblevins@apache.org,1,0.0026595744680851063,50.0,0.0,0.0,0.0,3140.9908256880735,106457.28033997549,1,0,0.2876820724517809,false
api/ejb31-api-experimental/src/main/java/javax/ejb/Lock.java,0.0,0.0,0.0,0.0,0.0,0.0,6.0,dblevins@apache.org,1,0.0026595744680851063,33.0,33.0,0.0,0.0,3140.9908256880735,106457.28033997549,1,0,0.2876820724517809,false
api/ejb31-api-experimental/src/main/java/javax/ejb/LockType.java,0.0,0.0,0.0,0.0,0.0,0.0,6.0,dblevins@apache.org,1,0.0026595744680851063,25.0,25.0,0.0,0.0,3140.9908256880735,106457.28033997549,1,0,0.2876820724517809,false
api/ejb31-api-experimental/src/main/java/javax/ejb/Singleton.java,0.0,0.0,0.0,0.0,0.0,0.0,6.0,dblevins@apache.org,1,0.0026595744680851063,33.0,33.0,0.0,0.0,3140.9908256880735,106457.28033997549,1,0,0.2876820724517809,false
api/ejb31-api-experimental/src/main/java/javax/ejb/Startup.java,0.0,0.0,0.0,0.0,0.0,0.0,22.0,dblevins@apache.org,1,0.0026595744680851063,50.0,0.0,0.0,0.0,3140.9908256880735,106457.28033997549,1,0,0.2876820724517809,false
assembly/openejb-tomcat/openejb-tomcat-catalina/src/main/java/org/apache/openejb/tomcat/catalina/GlobalListenerSupport.java,205.0,15.0,93.0,15.0,52.0,43.0,8.0,jgallimore@apache.org,1,0.0026595744680851063,7.0,7.0,0.0,0.0,178.4,174.67686887943046,1,0,3.242592351485517,false
assembly/openejb-tomcat/openejb-tomcat-catalina/src/main/java/org/apache/openejb/tomcat/catalina/TomcatLoader.java,161.0,31.0,13.0,6.0,59.0,20.0,4.0,dblevins@apache.org,1,0.0026595744680851063,11.0,11.0,6.0,0.0,178.4,174.67686887943046,1,1,3.242592351485517,false
assembly/openejb-tomcat/openejb-tomcat-catalina/src/main/java/org/apache/openejb/tomcat/catalina/TomcatWebAppBuilder.java,632.0,76.0,404.0,32.0,277.0,105.0,50.0,null,2,0.005319148936170213,3.0,0.0,2.0,2.0,3319.3908256880736,106631.95720885492,2,5,1.0719900314087036,false
assembly/openejb-tomcat/openejb-tomcat-common/src/main/java/org/apache/openejb/tomcat/installer/Installer.java,369.0,17.0,379.0,30.0,100.0,85.0,8.0,rmannibucau@apache.org,1,0.0026595744680851063,6.0,6.0,0.0,0.0,178.4,174.67686887943046,1,0,3.242592351485517,false
assembly/openejb-tomcat/openejb-tomcat-common/src/main/java/org/apache/openejb/tomcat/installer/Paths.java,334.0,4.0,424.0,32.0,58.0,79.0,8.0,null,1,0.0026595744680851063,10.0,10.0,0.0,0.0,178.4,174.67686887943046,1,1,3.242592351485517,false
assembly/openejb-tomcat/openejb-tomcat-loader/src/main/java/org/apache/openejb/tomcat/loader/LoaderServlet.java,45.0,7.0,3.0,3.0,19.0,10.0,8.0,dblevins@apache.org,1,0.0026595744680851063,17.0,17.0,0.0,0.0,178.4,174.67686887943046,1,0,3.242592351485517,false
assembly/openejb-tomcat/openejb-tomcat-loader/src/main/java/org/apache/openejb/tomcat/loader/TomcatEmbedder.java,78.0,6.0,6.0,4.0,36.0,17.0,8.0,dblevins@apache.org,1,0.0026595744680851063,11.0,11.0,0.0,0.0,178.4,174.67686887943046,1,1,3.242592351485517,false
assembly/openejb-tomcat/openejb-tomcat-loader/src/main/java/org/apache/openejb/tomcat/loader/TomcatHook.java,59.0,4.0,0.0,1.0,13.0,5.0,8.0,dblevins@apache.org,1,0.0026595744680851063,14.0,14.0,0.0,0.0,178.4,174.67686887943046,1,1,3.242592351485517,false
container/openejb-core/src/main/java/org/apache/openejb/ApplicationException.java,24.0,0.0,10.0,5.0,0.0,5.0,4.0,andygumbrecht@apache.org,1,0.0026595744680851063,14.0,14.0,0.0,0.0,3140.9908256880735,106457.28033997549,1,0,0.2876820724517809,false
container/openejb-core/src/main/java/org/apache/openejb/BeanType.java,0.0,0.0,0.0,0.0,0.0,0.0,0.0,dblevins@apache.org,0,0.0,0.0,0.0,0.0,0.0,0.0,0.0,0,0,0.0,false
container/openejb-core/src/main/java/org/apache/openejb/DeploymentInfo.java,67.0,9.0,1081.0,47.0,0.0,47.0,42.0,dblevins@apache.org,2,0.005319148936170213,5.0,2.0,0.0,2.0,4572.366825688074,189144.7803399755,2,4,0.490414626505863,false
container/openejb-core/src/main/java/org/apache/openejb/InvalidateReferenceException.java,24.0,0.0,10.0,5.0,0.0,5.0,4.0,andygumbrecht@apache.org,1,0.0026595744680851063,14.0,14.0,0.0,0.0,3140.9908256880735,106457.28033997549,1,0,0.2876820724517809,false
container/openejb-core/src/main/java/org/apache/openejb/OpenEJB.java,238.0,14.0,9.0,6.0,15.0,13.0,15.0,dblevins@apache.org,1,0.0026595744680851063,2.0,0.0,0.0,0.0,3140.9908256880735,106457.28033997549,1,5,0.2876820724517809,false
container/openejb-core/src/main/java/org/apache/openejb/OpenEJBException.java,33.0,0.0,15.0,6.0,2.0,10.0,4.0,dblevins@apache.org,1,0.0026595744680851063,11.0,11.0,0.0,0.0,3140.9908256880735,106457.28033997549,1,0,0.2876820724517809,false
container/openejb-core/src/main/java/org/apache/openejb/SystemException.java,21.0,0.0,6.0,4.0,0.0,4.0,4.0,tveronezi@apache.org,1,0.0026595744680851063,14.0,14.0,0.0,0.0,3140.9908256880735,106457.28033997549,1,0,0.2876820724517809,false
container/openejb-core/src/main/java/org/apache/openejb/assembler/classic/Assembler.java,959.0,79.0,938.0,53.0,336.0,158.0,12.0,rmannibucau@apache.org,2,0.005319148936170213,3.0,1.0,0.0,1.0,4572.366825688074,189144.7803399755,2,31,0.31054188743251065,false
container/openejb-core/src/main/java/org/apache/openejb/assembler/classic/AssemblerTool.java,23.0,8.0,0.0,1.0,3.0,4.0,25.0,dblevins@apache.org,1,0.0026595744680851063,3.0,0.0,0.0,0.0,1431.376,82687.5,1,4,2.0794415416798357,false
container/openejb-core/src/main/java/org/apache/openejb/assembler/classic/CmpJarBuilder.java,172.0,14.0,12.0,8.0,34.0,34.0,0.0,null,0,0.0,0.0,0.0,0.0,0.0,0.0,0.0,0,7,0.0,false
container/openejb-core/src/main/java/org/apache/openejb/assembler/classic/EjbJarBuilder.java,32.0,8.0,0.0,2.0,8.0,7.0,22.0,null,1,0.0026595744680851063,2.0,0.0,0.0,0.0,3140.9908256880735,106457.28033997549,1,3,0.2876820724517809,false
container/openejb-core/src/main/java/org/apache/openejb/assembler/classic/EjbJarInfo.java,16.0,5.0,0.0,0.0,0.0,0.0,0.0,dblevins@apache.org,0,0.0,0.0,0.0,0.0,0.0,0.0,0.0,0,1,0.0,false
container/openejb-core/src/main/java/org/apache/openejb/assembler/classic/EjbResolver.java,205.0,7.0,51.0,14.0,38.0,43.0,0.0,dblevins@apache.org,0,0.0,0.0,0.0,0.0,0.0,0.0,0.0,0,0,0.0,false
container/openejb-core/src/main/java/org/apache/openejb/assembler/classic/EnterpriseBeanBuilder.java,291.0,24.0,18.0,9.0,78.0,50.0,22.0,dblevins@apache.org,1,0.0026595744680851063,1.0,0.0,0.0,0.0,3140.9908256880735,106457.28033997549,1,11,0.2876820724517809,false
container/openejb-core/src/main/java/org/apache/openejb/assembler/classic/EnterpriseBeanInfo.java,37.0,2.0,0.0,0.0,0.0,0.0,22.0,dblevins@apache.org,1,0.0026595744680851063,3.0,0.0,0.0,0.0,3140.9908256880735,106457.28033997549,1,3,0.2876820724517809,false
container/openejb-core/src/main/java/org/apache/openejb/assembler/classic/JndiBuilder.java,92.0,25.0,15.0,6.0,17.0,10.0,20.0,dblevins@apache.org,1,0.0026595744680851063,1.0,1.0,0.0,0.0,1431.376,82687.5,1,8,2.0794415416798357,false
container/openejb-core/src/main/java/org/apache/openejb/assembler/classic/JndiEncBuilder.java,407.0,51.0,60.0,13.0,51.0,49.0,10.0,null,1,0.0026595744680851063,1.0,0.0,0.0,0.0,3140.9908256880735,106457.28033997549,1,14,0.2876820724517809,false
container/openejb-core/src/main/java/org/apache/openejb/assembler/classic/LazyEjbReference.java,63.0,12.0,0.0,3.0,16.0,13.0,12.0,tveronezi@apache.org,1,0.0026595744680851063,8.0,0.0,8.0,8.0,1431.376,82687.5,1,0,2.0794415416798357,false
container/openejb-core/src/main/java/org/apache/openejb/assembler/classic/MethodConcurrencyBuilder.java,53.0,11.0,3.0,3.0,17.0,12.0,0.0,tveronezi@apache.org,0,0.0,0.0,0.0,0.0,0.0,0.0,0.0,0,0,0.0,false
container/openejb-core/src/main/java/org/apache/openejb/assembler/classic/MethodConcurrencyInfo.java,4.0,0.0,0.0,0.0,0.0,0.0,0.0,tveronezi@apache.org,0,0.0,0.0,0.0,0.0,0.0,0.0,0.0,0,0,0.0,false
container/openejb-core/src/main/java/org/apache/openejb/assembler/classic/MethodInfoUtil.java,357.0,11.0,272.0,24.0,90.0,92.0,0.0,null,0,0.0,0.0,0.0,0.0,0.0,0.0,0.0,0,0,0.0,false
container/openejb-core/src/main/java/org/apache/openejb/assembler/classic/SingletonBeanInfo.java,5.0,0.0,0.0,1.0,0.0,1.0,0.0,dblevins@apache.org,0,0.0,0.0,0.0,0.0,0.0,0.0,0.0,0,0,0.0,false
container/openejb-core/src/main/java/org/apache/openejb/assembler/classic/SingletonSessionContainerInfo.java,2.0,0.0,0.0,0.0,0.0,0.0,0.0,tveronezi@apache.org,0,0.0,0.0,0.0,0.0,0.0,0.0,0.0,0,0,0.0,false
container/openejb-core/src/main/java/org/apache/openejb/cli/MainImpl.java,175.0,24.0,6.0,5.0,62.0,20.0,99.0,dblevins@apache.org,1,0.0026595744680851063,4.0,0.0,0.0,4.0,3140.9908256880735,106457.28033997549,1,4,0.2876820724517809,false
container/openejb-core/src/main/java/org/apache/openejb/client/LocalInitialContext.java,124.0,16.0,0.0,8.0,43.0,26.0,4.0,dblevins@apache.org,1,0.0026595744680851063,22.0,0.0,0.0,4.0,3140.9908256880735,106457.28033997549,1,0,0.2876820724517809,false
container/openejb-core/src/main/java/org/apache/openejb/client/LocalInitialContextFactory.java,61.0,9.0,7.0,6.0,20.0,21.0,5.0,dblevins@apache.org,1,0.0026595744680851063,14.0,0.0,5.0,5.0,3140.9908256880735,106457.28033997549,1,1,0.2876820724517809,false
container/openejb-core/src/main/java/org/apache/openejb/config/AnnotationDeployer.java,1822.0,136.0,0.0,4.0,10.0,9.0,24.0,rmannibucau@apache.org,2,0.005319148936170213,1.0,0.0,0.0,1.0,3319.3908256880736,106631.95720885492,2,14,0.37826170472034026,false
container/openejb-core/src/main/java/org/apache/openejb/config/AppInfoBuilder.java,392.0,59.0,97.0,15.0,176.0,55.0,8.0,rmannibucau@apache.org,1,0.0026595744680851063,4.0,1.0,1.0,0.0,3140.9908256880735,106457.28033997549,1,1,0.2876820724517809,false
container/openejb-core/src/main/java/org/apache/openejb/config/AppValidator.java,197.0,22.0,102.0,16.0,72.0,48.0,22.0,null,1,0.0026595744680851063,3.0,0.0,0.0,0.0,3140.9908256880735,106457.28033997549,1,1,0.2876820724517809,false
container/openejb-core/src/main/java/org/apache/openejb/config/AutoConfig.java,1080.0,53.0,661.0,42.0,322.0,155.0,12.0,rmannibucau@apache.org,2,0.005319148936170213,1.0,0.0,1.0,0.0,4572.366825688074,189144.7803399755,2,11,0.490414626505863,false
container/openejb-core/src/main/java/org/apache/openejb/config/BeanTypes.java,11.0,0.0,0.0,0.0,0.0,0.0,0.0,dblevins@apache.org,0,0.0,0.0,0.0,0.0,0.0,0.0,0.0,0,1,0.0,false
container/openejb-core/src/main/java/org/apache/openejb/config/CmpJpaConversion.java,617.0,26.0,134.0,17.0,195.0,83.0,2.0,dain@apache.org,1,0.0026595744680851063,10.0,2.0,6.0,2.0,69.0,29.54080428324663,1,10,3.242592351485517,false
container/openejb-core/src/main/java/org/apache/openejb/config/ConfigUtils.java,134.0,18.0,10.0,5.0,35.0,26.0,99.0,null,1,0.0026595744680851063,4.0,0.0,0.0,4.0,3140.9908256880735,106457.28033997549,1,1,0.2876820724517809,false
container/openejb-core/src/main/java/org/apache/openejb/config/ConfigurationFactory.java,755.0,67.0,646.0,40.0,249.0,142.0,9.0,null,2,0.005319148936170213,1.0,0.0,0.0,0.0,4572.366825688074,189144.7803399755,2,23,0.24842106056631963,false
container/openejb-core/src/main/java/org/apache/openejb/config/ConnectorModule.java,71.0,9.0,50.0,13.0,7.0,24.0,15.0,null,1,0.0026595744680851063,5.0,0.0,5.0,0.0,3140.9908256880735,106457.28033997549,1,0,0.2876820724517809,false
container/openejb-core/src/main/java/org/apache/openejb/config/DTDResolver.java,46.0,11.0,1.0,2.0,9.0,10.0,99.0,dblevins@apache.org,1,0.0026595744680851063,20.0,0.0,0.0,20.0,3140.9908256880735,106457.28033997549,1,0,0.2876820724517809,false
container/openejb-core/src/main/java/org/apache/openejb/config/DeploymentLoader.java,863.0,54.0,121.0,22.0,362.0,122.0,50.0,rmannibucau@apache.org,1,0.0026595744680851063,1.0,0.0,0.0,0.0,3140.9908256880735,106457.28033997549,1,14,0.2876820724517809,true
container/openejb-core/src/main/java/org/apache/openejb/config/DeploymentsResolver.java,256.0,14.0,1.0,3.0,61.0,20.0,33.0,dblevins@apache.org,1,0.0026595744680851063,3.0,1.0,1.0,1.0,3140.9908256880735,106457.28033997549,1,3,0.2876820724517809,false
container/openejb-core/src/main/java/org/apache/openejb/config/EjbJarInfoBuilder.java,470.0,74.0,169.0,19.0,259.0,71.0,11.0,null,2,0.005319148936170213,2.0,0.0,1.0,0.0,3172.324159021407,106471.4967650225,2,8,1.3274028432916989,false
container/openejb-core/src/main/java/org/apache/openejb/config/JndiEncInfoBuilder.java,339.0,50.0,89.0,14.0,118.0,52.0,22.0,dblevins@apache.org,1,0.0026595744680851063,1.0,0.0,0.0,0.0,3140.9908256880735,106457.28033997549,1,2,0.2876820724517809,false
container/openejb-core/src/main/java/org/apache/openejb/config/OutputGeneratedDescriptors.java,77.0,15.0,4.0,4.0,29.0,12.0,0.0,dblevins@apache.org,0,0.0,0.0,0.0,0.0,0.0,0.0,0.0,0,1,0.0,false
container/openejb-core/src/main/java/org/apache/openejb/config/PersistenceContextAnnFactory.java,188.0,15.0,0.0,2.0,13.0,10.0,99.0,null,1,0.0026595744680851063,6.0,0.0,0.0,6.0,3140.9908256880735,106457.28033997549,1,0,0.2876820724517809,false
container/openejb-core/src/main/java/org/apache/openejb/config/PersistenceModule.java,39.0,4.0,43.0,11.0,0.0,19.0,0.0,null,0,0.0,0.0,0.0,0.0,0.0,0.0,0.0,0,0,0.0,false
container/openejb-core/src/main/java/org/apache/openejb/config/ReadDescriptors.java,512.0,45.0,231.0,22.0,163.0,100.0,0.0,rmannibucau@apache.org,0,0.0,0.0,0.0,0.0,0.0,0.0,0.0,0,5,0.0,false
container/openejb-core/src/main/java/org/apache/openejb/config/RemoveWebServices.java,64.0,16.0,1.0,2.0,27.0,7.0,0.0,tveronezi@apache.org,0,0.0,0.0,0.0,0.0,0.0,0.0,0.0,0,0,0.0,false
container/openejb-core/src/main/java/org/apache/openejb/config/ServiceUtils.java,188.0,19.0,89.0,15.0,49.0,62.0,15.0,dblevins@apache.org,1,0.0026595744680851063,3.0,0.0,3.0,0.0,3140.9908256880735,106457.28033997549,1,2,0.2876820724517809,false
container/openejb-core/src/main/java/org/apache/openejb/config/SunConversion.java,892.0,73.0,190.0,20.0,295.0,82.0,0.0,dain@apache.org,0,0.0,0.0,0.0,0.0,0.0,0.0,0.0,0,7,0.0,false
container/openejb-core/src/main/java/org/apache/openejb/config/ValidationException.java,43.0,1.0,41.0,11.0,3.0,21.0,0.0,tveronezi@apache.org,0,0.0,0.0,0.0,0.0,0.0,0.0,0.0,0,1,0.0,false
container/openejb-core/src/main/java/org/apache/openejb/config/VmDeploymentManager.java,504.0,50.0,343.0,31.0,64.0,105.0,22.0,null,1,0.0026595744680851063,4.0,0.0,0.0,0.0,3140.9908256880735,106457.28033997549,1,2,0.2876820724517809,false
container/openejb-core/src/main/java/org/apache/openejb/config/WebModule.java,104.0,11.0,133.0,19.0,10.0,36.0,0.0,null,0,0.0,0.0,0.0,0.0,0.0,0.0,0.0,0,2,0.0,false
container/openejb-core/src/main/java/org/apache/openejb/config/WsDeployer.java,321.0,32.0,26.0,8.0,154.0,46.0,1.0,null,2,0.005319148936170213,7.0,0.0,0.0,0.0,4572.366825688074,189144.7803399755,2,1,0.490414626505863,false
container/openejb-core/src/main/java/org/apache/openejb/config/rules/CheckCallbacks.java,215.0,23.0,28.0,8.0,77.0,39.0,99.0,dblevins@apache.org,1,0.0026595744680851063,3.0,0.0,0.0,3.0,3140.9908256880735,106457.28033997549,1,2,0.2876820724517809,false
container/openejb-core/src/main/java/org/apache/openejb/config/rules/CheckClasses.java,226.0,22.0,55.0,11.0,81.0,41.0,51.0,dblevins@apache.org,1,0.0026595744680851063,5.0,3.0,0.0,3.0,3140.9908256880735,106457.28033997549,1,4,0.2876820724517809,false
container/openejb-core/src/main/java/org/apache/openejb/config/rules/CheckDependsOn.java,101.0,15.0,3.0,3.0,21.0,11.0,22.0,tveronezi@apache.org,1,0.0026595744680851063,10.0,0.0,0.0,0.0,3140.9908256880735,106457.28033997549,1,0,0.2876820724517809,false
container/openejb-core/src/main/java/org/apache/openejb/config/rules/CheckMethods.java,269.0,13.0,45.0,10.0,107.0,52.0,4.0,null,1,0.0026595744680851063,4.0,4.0,0.0,0.0,3140.9908256880735,106457.28033997549,1,2,0.2876820724517809,false
container/openejb-core/src/main/java/org/apache/openejb/config/rules/CheckPersistenceRefs.java,43.0,9.0,3.0,3.0,16.0,12.0,0.0,dblevins@apache.org,0,0.0,0.0,0.0,0.0,0.0,0.0,0.0,0,1,0.0,false
container/openejb-core/src/main/java/org/apache/openejb/config/sys/JaxbOpenejb.java,322.0,36.0,341.0,27.0,102.0,87.0,99.0,rmannibucau@apache.org,1,0.0026595744680851063,3.0,0.0,0.0,3.0,3140.9908256880735,106457.28033997549,1,1,0.2876820724517809,false
container/openejb-core/src/main/java/org/apache/openejb/config/sys/ServiceProvider.java,134.0,11.0,127.0,18.0,0.0,30.0,15.0,dblevins@apache.org,1,0.0026595744680851063,6.0,0.0,6.0,0.0,3140.9908256880735,106457.28033997549,1,0,0.2876820724517809,false
container/openejb-core/src/main/java/org/apache/openejb/core/BaseSessionContext.java,227.0,27.0,21.0,7.0,10.0,15.0,62.0,dblevins@apache.org,1,0.0026595744680851063,3.0,3.0,0.0,3.0,1431.376,82687.5,1,2,2.0794415416798357,false
container/openejb-core/src/main/java/org/apache/openejb/core/CoreContainerSystem.java,71.0,6.0,53.0,14.0,27.0,25.0,0.0,dblevins@apache.org,0,0.0,0.0,0.0,0.0,0.0,0.0,0.0,0,1,0.0,false
container/openejb-core/src/main/java/org/apache/openejb/core/CoreDeploymentInfo.java,875.0,48.0,6382.0,116.0,147.0,263.0,42.0,dblevins@apache.org,2,0.005319148936170213,2.0,1.0,0.0,1.0,4572.366825688074,189144.7803399755,2,12,0.490414626505863,false
container/openejb-core/src/main/java/org/apache/openejb/core/TempClassLoader.java,69.0,8.0,6.0,4.0,18.0,14.0,50.0,rmannibucau@apache.org,2,0.005319148936170213,4.0,2.0,2.0,2.0,3319.3908256880736,106631.95720885492,2,2,1.0719900314087036,false
container/openejb-core/src/main/java/org/apache/openejb/core/TransactionSynchronizationRegistryWrapper.java,41.0,3.0,34.0,9.0,18.0,15.0,10.0,tveronezi@apache.org,1,0.0026595744680851063,17.0,0.0,0.0,0.0,3140.9908256880735,106457.28033997549,1,0,0.2876820724517809,false
container/openejb-core/src/main/java/org/apache/openejb/core/cmp/CmpContainer.java,678.0,48.0,484.0,36.0,245.0,144.0,31.0,dain@apache.org,1,0.0026595744680851063,1.0,1.0,0.0,1.0,1431.376,82687.5,1,14,2.0794415416798357,false
container/openejb-core/src/main/java/org/apache/openejb/core/cmp/CmpUtil.java,12.0,0.0,0.0,1.0,2.0,4.0,0.0,dain@apache.org,0,0.0,0.0,0.0,0.0,0.0,0.0,0.0,0,3,0.0,false
container/openejb-core/src/main/java/org/apache/openejb/core/cmp/cmp2/Cmp1Generator.java,54.0,5.0,0.0,5.0,15.0,11.0,99.0,null,1,0.0026595744680851063,6.0,0.0,0.0,6.0,3140.9908256880735,106457.28033997549,1,1,0.2876820724517809,false
container/openejb-core/src/main/java/org/apache/openejb/core/cmp/cmp2/Cmp2Entity.java,9.0,0.0,6.0,4.0,0.0,4.0,0.0,tveronezi@apache.org,0,0.0,0.0,0.0,0.0,0.0,0.0,0.0,0,0,0.0,false
container/openejb-core/src/main/java/org/apache/openejb/core/cmp/cmp2/Cmp2Generator.java,761.0,16.0,0.0,35.0,328.0,93.0,54.0,null,2,0.005319148936170213,5.0,3.0,0.0,3.0,3209.9908256880735,106486.82114425873,2,5,1.0719900314087036,false
container/openejb-core/src/main/java/org/apache/openejb/core/cmp/cmp2/CmpField.java,22.0,2.0,0.0,5.0,1.0,9.0,99.0,null,1,0.0026595744680851063,9.0,0.0,0.0,9.0,3140.9908256880735,106457.28033997549,1,0,0.2876820724517809,false
container/openejb-core/src/main/java/org/apache/openejb/core/cmp/cmp2/CmrField.java,100.0,1.0,3.0,15.0,21.0,38.0,99.0,null,1,0.0026595744680851063,10.0,0.0,0.0,10.0,3140.9908256880735,106457.28033997549,1,2,0.2876820724517809,false
container/openejb-core/src/main/java/org/apache/openejb/core/cmp/cmp2/CmrStyle.java,0.0,0.0,0.0,0.0,0.0,0.0,99.0,null,1,0.0026595744680851063,9.0,0.0,0.0,9.0,3140.9908256880735,106457.28033997549,1,0,0.2876820724517809,false
container/openejb-core/src/main/java/org/apache/openejb/core/cmp/cmp2/EjbSelect.java,149.0,7.0,55.0,11.0,39.0,46.0,0.0,null,0,0.0,0.0,0.0,0.0,0.0,0.0,0.0,0,1,0.0,false
container/openejb-core/src/main/java/org/apache/openejb/core/cmp/cmp2/PostCreateGenerator.java,62.0,6.0,0.0,4.0,20.0,10.0,99.0,null,1,0.0026595744680851063,8.0,0.0,0.0,8.0,3140.9908256880735,106457.28033997549,1,0,0.2876820724517809,false
container/openejb-core/src/main/java/org/apache/openejb/core/cmp/jpa/JpaCmpEngine.java,332.0,34.0,143.0,18.0,79.0,61.0,62.0,dain@apache.org,1,0.0026595744680851063,2.0,2.0,0.0,2.0,1431.376,82687.5,1,5,2.0794415416798357,false
container/openejb-core/src/main/java/org/apache/openejb/core/ivm/BaseEjbProxyHandler.java,414.0,44.0,509.0,35.0,123.0,109.0,6.0,dblevins@apache.org,1,0.0026595744680851063,1.0,0.0,0.0,1.0,3140.9908256880735,106457.28033997549,1,13,0.2876820724517809,false
container/openejb-core/src/main/java/org/apache/openejb/core/ivm/ClientSecurity.java,12.0,0.0,0.0,2.0,0.0,3.0,6.0,andygumbrecht@apache.org,1,0.0026595744680851063,25.0,0.0,0.0,25.0,3140.9908256880735,106457.28033997549,1,0,0.2876820724517809,false
container/openejb-core/src/main/java/org/apache/openejb/core/ivm/EjbHomeProxyHandler.java,231.0,24.0,134.0,17.0,69.0,60.0,0.0,dblevins@apache.org,0,0.0,0.0,0.0,0.0,0.0,0.0,0.0,0,10,0.0,true
container/openejb-core/src/main/java/org/apache/openejb/core/ivm/EjbObjectInputStream.java,38.0,5.0,6.0,4.0,9.0,15.0,0.0,tveronezi@apache.org,0,0.0,0.0,0.0,0.0,0.0,0.0,0.0,0,1,0.0,false
container/openejb-core/src/main/java/org/apache/openejb/core/ivm/IntraVmMetaData.java,67.0,7.0,26.0,12.0,10.0,30.0,0.0,dblevins@apache.org,0,0.0,0.0,0.0,0.0,0.0,0.0,0.0,0,1,0.0,false
container/openejb-core/src/main/java/org/apache/openejb/core/ivm/naming/ContextWrapper.java,96.0,8.0,0.0,30.0,29.0,77.0,6.0,tveronezi@apache.org,1,0.0026595744680851063,20.0,0.0,0.0,20.0,3140.9908256880735,106457.28033997549,1,0,0.2876820724517809,false
container/openejb-core/src/main/java/org/apache/openejb/core/ivm/naming/InitContextFactory.java,50.0,9.0,1.0,2.0,14.0,10.0,6.0,dblevins@apache.org,1,0.0026595744680851063,5.0,0.0,0.0,5.0,3140.9908256880735,106457.28033997549,1,0,0.2876820724517809,false
container/openejb-core/src/main/java/org/apache/openejb/core/mdb/EndpointFactory.java,36.0,11.0,0.0,5.0,7.0,13.0,62.0,null,1,0.0026595744680851063,4.0,4.0,0.0,4.0,1431.376,82687.5,1,3,2.0794415416798357,false
container/openejb-core/src/main/java/org/apache/openejb/core/mdb/MdbContainer.java,295.0,38.0,140.0,20.0,97.0,67.0,31.0,null,1,0.0026595744680851063,2.0,2.0,0.0,2.0,1431.376,82687.5,1,7,2.0794415416798357,false
container/openejb-core/src/main/java/org/apache/openejb/core/mdb/MdbInstanceFactory.java,208.0,24.0,4.0,8.0,45.0,35.0,21.0,dblevins@apache.org,2,0.005319148936170213,7.0,5.0,0.0,2.0,4572.366825688074,189144.7803399755,2,4,0.24842106056631963,false
container/openejb-core/src/main/java/org/apache/openejb/core/singleton/EjbWsContext.java,26.0,7.0,9.0,6.0,4.0,13.0,6.0,tveronezi@apache.org,1,0.0026595744680851063,12.0,0.0,0.0,0.0,3140.9908256880735,106457.28033997549,1,0,0.2876820724517809,false
container/openejb-core/src/main/java/org/apache/openejb/core/singleton/Instance.java,13.0,2.0,0.0,1.0,0.0,1.0,13.0,tveronezi@apache.org,0,0.0,0.0,0.0,0.0,0.0,0.0,0.0,0,0,0.0,false
container/openejb-core/src/main/java/org/apache/openejb/core/singleton/SingletonBeanManagedTxPolicy.java,53.0,8.0,15.0,6.0,18.0,22.0,62.0,dain@apache.org,1,0.0026595744680851063,50.0,50.0,0.0,50.0,1431.376,82687.5,1,0,2.0794415416798357,false
container/openejb-core/src/main/java/org/apache/openejb/core/singleton/SingletonContainer.java,238.0,33.0,146.0,20.0,83.0,58.0,28.0,dblevins@apache.org,2,0.005319148936170213,14.0,5.0,0.0,5.0,4572.366825688074,189144.7803399755,2,0,0.13574744179015202,false
container/openejb-core/src/main/java/org/apache/openejb/core/singleton/SingletonContext.java,38.0,6.0,4.0,4.0,3.0,9.0,62.0,null,1,0.0026595744680851063,9.0,9.0,0.0,9.0,1431.376,82687.5,1,0,2.0794415416798357,false
container/openejb-core/src/main/java/org/apache/openejb/core/singleton/SingletonEjbHomeHandler.java,17.0,7.0,10.0,5.0,1.0,10.0,0.0,tveronezi@apache.org,0,0.0,0.0,0.0,0.0,0.0,0.0,0.0,0,0,0.0,false
container/openejb-core/src/main/java/org/apache/openejb/core/singleton/SingletonEjbObjectHandler.java,30.0,8.0,21.0,7.0,4.0,16.0,0.0,tveronezi@apache.org,0,0.0,0.0,0.0,0.0,0.0,0.0,0.0,0,0,0.0,false
container/openejb-core/src/main/java/org/apache/openejb/core/singleton/SingletonInstanceManager.java,235.0,33.0,28.0,9.0,57.0,29.0,22.0,dblevins@apache.org,2,0.005319148936170213,8.0,3.0,0.0,3.0,4572.366825688074,189144.7803399755,2,0,0.24842106056631963,false
container/openejb-core/src/main/java/org/apache/openejb/core/stateful/StatefulEjbObjectHandler.java,62.0,9.0,10.0,5.0,8.0,12.0,0.0,dblevins@apache.org,0,0.0,0.0,0.0,0.0,0.0,0.0,0.0,0,2,0.0,false
container/openejb-core/src/main/java/org/apache/openejb/core/stateful/StatefulInstanceManager.java,527.0,43.0,357.0,30.0,153.0,110.0,37.0,dblevins@apache.org,1,0.0026595744680851063,5.0,5.0,0.0,3.0,1431.376,82687.5,1,9,2.0794415416798357,false
container/openejb-core/src/main/java/org/apache/openejb/core/stateless/StatelessContainer.java,184.0,31.0,89.0,18.0,70.0,50.0,33.0,dblevins@apache.org,3,0.007978723404255319,5.0,1.0,0.0,3.0,4603.700159021407,189158.99676502252,3,7,0.5623351446188083,false
container/openejb-core/src/main/java/org/apache/openejb/core/stateless/StatelessInstanceManager.java,269.0,33.0,25.0,10.0,71.0,35.0,32.0,dblevins@apache.org,2,0.005319148936170213,2.0,1.0,0.0,1.0,1462.7093333333332,82701.71642504701,2,7,2.223282577905726,false
container/openejb-core/src/main/java/org/apache/openejb/core/transaction/SimpleBootstrapContext.java,21.0,4.0,0.0,5.0,0.0,8.0,3.0,tveronezi@apache.org,1,0.0026595744680851063,11.0,11.0,11.0,0.0,1431.376,82687.5,1,0,2.0794415416798357,false
container/openejb-core/src/main/java/org/apache/openejb/core/transaction/SimpleWorkManager.java,165.0,23.0,26.0,8.0,15.0,30.0,3.0,tveronezi@apache.org,1,0.0026595744680851063,11.0,11.0,11.0,0.0,1431.376,82687.5,1,0,2.0794415416798357,false
container/openejb-core/src/main/java/org/apache/openejb/persistence/PersistenceBootstrap.java,250.0,31.0,0.0,12.0,82.0,32.0,2.0,rmannibucau@apache.org,1,0.0026595744680851063,5.0,0.0,0.0,0.0,3140.9908256880735,106457.28033997549,1,0,0.2876820724517809,false
container/openejb-core/src/main/java/org/apache/openejb/resource/GeronimoTransactionManagerFactory.java,23.0,8.0,0.0,1.0,5.0,4.0,99.0,dblevins@apache.org,1,0.0026595744680851063,8.0,0.0,0.0,8.0,3140.9908256880735,106457.28033997549,1,0,0.2876820724517809,false
container/openejb-core/src/main/java/org/apache/openejb/resource/XAResourceWrapper.java,6.0,1.0,0.0,1.0,0.0,1.0,0.0,tveronezi@apache.org,0,0.0,0.0,0.0,0.0,0.0,0.0,0.0,0,0,0.0,false
container/openejb-core/src/main/java/org/apache/openejb/resource/activemq/ActiveMQResourceAdapter.java,36.0,6.0,0.0,3.0,8.0,8.0,5.0,null,1,0.0026595744680851063,3.0,0.0,3.0,0.0,1431.376,82687.5,1,1,2.0794415416798357,false
container/openejb-core/src/main/java/org/apache/openejb/resource/jdbc/BasicDataSourceUtil.java,42.0,4.0,3.0,3.0,12.0,10.0,99.0,null,1,0.0026595744680851063,5.0,0.0,0.0,5.0,3140.9908256880735,106457.28033997549,1,0,0.2876820724517809,false
container/openejb-core/src/main/java/org/apache/openejb/resource/jdbc/DataSourceFactory.java,19.0,3.0,0.0,1.0,2.0,4.0,0.0,rmannibucau@apache.org,0,0.0,0.0,0.0,0.0,0.0,0.0,0.0,0,1,0.0,false
container/openejb-core/src/main/java/org/apache/openejb/resource/jdbc/InstantdbDataSourcePlugin.java,40.0,6.0,1.0,2.0,15.0,6.0,99.0,dblevins@apache.org,1,0.0026595744680851063,17.0,0.0,0.0,17.0,3140.9908256880735,106457.28033997549,1,0,0.2876820724517809,false
container/openejb-core/src/main/java/org/apache/openejb/resource/jdbc/ManagedDataSourceWithRecovery.java,95.0,11.0,0.0,3.0,1.0,4.0,0.0,rmannibucau@apache.org,0,0.0,0.0,0.0,0.0,0.0,0.0,0.0,0,0,0.0,false
container/openejb-core/src/main/java/org/apache/openejb/spi/Assembler.java,8.0,3.0,15.0,6.0,0.0,8.0,12.0,tveronezi@apache.org,1,0.0026595744680851063,12.0,0.0,0.0,0.0,3140.9908256880735,106457.28033997549,1,0,0.2876820724517809,false
container/openejb-core/src/main/java/org/apache/openejb/util/CircularReferencesException.java,12.0,1.0,0.0,2.0,0.0,3.0,3.0,tveronezi@apache.org,1,0.0026595744680851063,25.0,0.0,0.0,0.0,3140.9908256880735,106457.28033997549,1,0,0.2876820724517809,false
container/openejb-core/src/main/java/org/apache/openejb/util/Debug.java,48.0,9.0,21.0,7.0,24.0,23.0,25.0,dblevins@apache.org,1,0.0026595744680851063,8.0,0.0,0.0,0.0,1431.376,82687.5,1,1,2.0794415416798357,false
container/openejb-core/src/main/java/org/apache/openejb/util/Duration.java,179.0,2.0,25.0,14.0,19.0,34.0,12.0,tveronezi@apache.org,1,0.0026595744680851063,6.0,0.0,6.0,6.0,1431.376,82687.5,1,0,2.0794415416798357,false
container/openejb-core/src/main/java/org/apache/openejb/util/DurationEditor.java,6.0,0.0,0.0,1.0,2.0,1.0,12.0,tveronezi@apache.org,1,0.0026595744680851063,20.0,0.0,20.0,20.0,1431.376,82687.5,1,0,2.0794415416798357,false
container/openejb-core/src/main/java/org/apache/openejb/util/LogCategory.java,44.0,0.0,0.0,3.0,0.0,5.0,0.0,dblevins@apache.org,0,0.0,0.0,0.0,0.0,0.0,0.0,0.0,0,0,0.0,false
container/openejb-core/src/main/java/org/apache/openejb/util/MakeTxLookup.java,111.0,6.0,10.0,5.0,52.0,11.0,34.0,dblevins@apache.org,1,0.0026595744680851063,33.0,0.0,11.0,11.0,3140.9908256880735,106457.28033997549,1,0,0.2876820724517809,false
container/openejb-core/src/main/java/org/apache/openejb/util/OpenEjbVersion.java,50.0,3.0,18.0,8.0,9.0,16.0,99.0,tveronezi@apache.org,1,0.0026595744680851063,6.0,0.0,0.0,6.0,3140.9908256880735,106457.28033997549,1,1,0.2876820724517809,false
container/openejb-core/src/main/java/org/apache/openejb/util/References.java,156.0,10.0,3.0,3.0,23.0,14.0,9.0,tveronezi@apache.org,1,0.0026595744680851063,25.0,0.0,8.0,0.0,3140.9908256880735,106457.28033997549,1,0,0.2876820724517809,false
container/openejb-core/src/main/java/org/apache/openejb/util/Strings.java,53.0,0.0,21.0,7.0,29.0,25.0,0.0,tveronezi@apache.org,0,0.0,0.0,0.0,0.0,0.0,0.0,0.0,0,0,0.0,false
container/openejb-core/src/test/java/org/apache/openejb/DependenceValidationTest.java,67.0,14.0,6.0,5.0,28.0,15.0,50.0,null,1,0.0026595744680851063,6.0,0.0,0.0,3.0,3140.9908256880735,106457.28033997549,1,2,0.2876820724517809,false
container/openejb-core/src/test/java/org/apache/openejb/DependencyVisitor.java,238.0,13.0,1705.0,59.0,52.0,99.0,99.0,dblevins@apache.org,1,0.0026595744680851063,12.0,0.0,0.0,12.0,3140.9908256880735,106457.28033997549,1,0,0.2876820724517809,false
container/openejb-core/src/test/java/org/apache/openejb/RecycleTest.java,13.0,5.0,0.0,1.0,3.0,2.0,10.0,dblevins@apache.org,1,0.0026595744680851063,20.0,0.0,0.0,0.0,3140.9908256880735,106457.28033997549,1,0,0.2876820724517809,false
container/openejb-core/src/test/java/org/apache/openejb/assembler/classic/ConcurrencyAttributesTest.java,116.0,17.0,1.0,3.0,22.0,4.0,0.0,dblevins@apache.org,0,0.0,0.0,0.0,0.0,0.0,0.0,0.0,0,0,0.0,false
container/openejb-core/src/test/java/org/apache/openejb/assembler/classic/EjbRefTest.java,318.0,15.0,268.0,24.0,129.0,53.0,0.0,dblevins@apache.org,0,0.0,0.0,0.0,0.0,0.0,0.0,0.0,0,0,0.0,false
container/openejb-core/src/test/java/org/apache/openejb/config/AutoConfigTest.java,73.0,15.0,1.0,2.0,28.0,6.0,0.0,dblevins@apache.org,0,0.0,0.0,0.0,0.0,0.0,0.0,0.0,0,0,0.0,false
container/openejb-core/src/test/java/org/apache/openejb/config/OpenEjb2ConversionTest.java,79.0,16.0,91.0,14.0,37.0,35.0,9.0,dblevins@apache.org,1,0.0026595744680851063,8.0,8.0,0.0,0.0,69.0,29.54080428324663,1,2,3.242592351485517,false
container/openejb-core/src/test/java/org/apache/openejb/config/SunCmpConversionTest.java,87.0,25.0,66.0,12.0,45.0,33.0,9.0,null,1,0.0026595744680851063,8.0,8.0,0.0,0.0,69.0,29.54080428324663,1,3,3.242592351485517,false
container/openejb-core/src/test/java/org/apache/openejb/config/rules/InvalidInterfacesTest.java,162.0,20.0,60.0,12.0,52.0,28.0,4.0,kmalhi@apache.org,1,0.0026595744680851063,8.0,8.0,0.0,0.0,3140.9908256880735,106457.28033997549,1,0,0.2876820724517809,false
container/openejb-core/src/test/java/org/apache/openejb/core/cmp/jpa/JpaTest.java,256.0,38.0,147.0,19.0,92.0,61.0,50.0,dain@apache.org,1,0.0026595744680851063,7.0,0.0,0.0,3.0,3140.9908256880735,106457.28033997549,1,5,0.2876820724517809,false
container/openejb-core/src/test/java/org/apache/openejb/core/cmp/jpa/JpaTestObject.java,473.0,15.0,145.0,26.0,170.0,66.0,0.0,dain@apache.org,0,0.0,0.0,0.0,0.0,0.0,0.0,0.0,0,1,0.0,false
container/openejb-core/src/test/java/org/apache/openejb/core/mdb/AmqXmlTest.java,5.0,0.0,0.0,1.0,0.0,2.0,5.0,jlmonteiro@apache.org,1,0.0026595744680851063,25.0,0.0,25.0,0.0,1431.376,82687.5,1,0,2.0794415416798357,false
container/openejb-core/src/test/java/org/apache/openejb/core/mdb/CustomMdbContainerTest.java,108.0,43.0,0.0,1.0,27.0,3.0,15.0,djencks@apache.org,1,0.0026595744680851063,11.0,0.0,11.0,0.0,3140.9908256880735,106457.28033997549,1,0,0.2876820724517809,false
container/openejb-core/src/test/java/org/apache/openejb/core/mdb/JmsMdbContainerTest.java,67.0,28.0,1.0,2.0,26.0,5.0,15.0,andygumbrecht@apache.org,1,0.0026595744680851063,17.0,0.0,17.0,0.0,3140.9908256880735,106457.28033997549,1,0,0.2876820724517809,false
container/openejb-core/src/test/java/org/apache/openejb/core/mdb/JmsProxyTest.java,61.0,17.0,0.0,4.0,15.0,10.0,5.0,null,1,0.0026595744680851063,8.0,0.0,8.0,0.0,1431.376,82687.5,1,4,2.0794415416798357,false
container/openejb-core/src/test/java/org/apache/openejb/core/singleton/DependsOnTest.java,103.0,24.0,6.0,4.0,44.0,11.0,13.0,dblevins@apache.org,1,0.0026595744680851063,22.0,0.0,0.0,0.0,3140.9908256880735,106457.28033997549,1,0,0.2876820724517809,false
container/openejb-core/src/test/java/org/apache/openejb/core/singleton/SingletonContainerTest.java,80.0,15.0,3.0,3.0,27.0,8.0,22.0,null,1,0.0026595744680851063,10.0,0.0,0.0,0.0,3140.9908256880735,106457.28033997549,1,0,0.2876820724517809,false
container/openejb-core/src/test/java/org/apache/openejb/core/stateful/StatefulConstructorInjectionTest.java,49.0,14.0,1.0,2.0,14.0,4.0,0.0,andygumbrecht@apache.org,0,0.0,0.0,0.0,0.0,0.0,0.0,0.0,0,0,0.0,false
container/openejb-core/src/test/java/org/apache/openejb/core/stateless/StatelessConstructorInjectionTest.java,52.0,19.0,1.0,2.0,16.0,4.0,0.0,andygumbrecht@apache.org,0,0.0,0.0,0.0,0.0,0.0,0.0,0.0,0,0,0.0,false
container/openejb-core/src/test/java/org/apache/openejb/core/stateless/StatelessInstanceManagerPoolingTest.java,123.0,16.0,15.0,6.0,40.0,13.0,1.0,null,2,0.005319148936170213,17.0,0.0,4.0,0.0,3172.324159021407,106471.4967650225,2,0,1.3274028432916989,false
container/openejb-core/src/test/java/org/apache/openejb/iTest.java,45.0,11.0,3.0,3.0,10.0,7.0,3.0,null,1,0.0026595744680851063,3.0,0.0,0.0,0.0,3140.9908256880735,106457.28033997549,1,5,0.2876820724517809,false
container/openejb-core/src/test/java/org/apache/openejb/test/entity/cmp2/daytrader/ejb/AccountBean.java,27.0,4.0,34.0,9.0,0.0,13.0,0.0,andygumbrecht@apache.org,0,0.0,0.0,0.0,0.0,0.0,0.0,0.0,0,0,0.0,false
container/openejb-core/src/test/java/org/apache/openejb/test/entity/cmp2/daytrader/ejb/AccountProfileBean.java,27.0,4.0,34.0,9.0,0.0,13.0,0.0,andygumbrecht@apache.org,0,0.0,0.0,0.0,0.0,0.0,0.0,0.0,0,0,0.0,false
container/openejb-core/src/test/java/org/apache/openejb/test/entity/cmp2/daytrader/ejb/HoldingBean.java,27.0,4.0,34.0,9.0,0.0,13.0,0.0,andygumbrecht@apache.org,0,0.0,0.0,0.0,0.0,0.0,0.0,0.0,0,0,0.0,false
container/openejb-core/src/test/java/org/apache/openejb/test/entity/cmp2/daytrader/ejb/KeyGenBean.java,27.0,4.0,34.0,9.0,0.0,13.0,0.0,andygumbrecht@apache.org,0,0.0,0.0,0.0,0.0,0.0,0.0,0.0,0,0,0.0,false
container/openejb-core/src/test/java/org/apache/openejb/test/entity/cmp2/daytrader/ejb/OrderBean.java,27.0,4.0,34.0,9.0,0.0,13.0,0.0,andygumbrecht@apache.org,0,0.0,0.0,0.0,0.0,0.0,0.0,0.0,0,0,0.0,false
container/openejb-core/src/test/java/org/apache/openejb/test/entity/cmp2/daytrader/ejb/QuoteBean.java,27.0,4.0,34.0,9.0,0.0,13.0,0.0,andygumbrecht@apache.org,0,0.0,0.0,0.0,0.0,0.0,0.0,0.0,0,0,0.0,false
container/openejb-core/src/test/java/org/apache/openejb/test/entity/cmp2/model/StorageBean.java,72.0,12.0,124.0,17.0,23.0,25.0,0.0,andygumbrecht@apache.org,0,0.0,0.0,0.0,0.0,0.0,0.0,0.0,0,0,0.0,false
container/openejb-core/src/test/java/org/apache/openejb/test/entity/cmp2/petstore/AddressEJB.java,28.0,4.0,76.0,13.0,0.0,17.0,0.0,andygumbrecht@apache.org,0,0.0,0.0,0.0,0.0,0.0,0.0,0.0,0,0,0.0,false
container/openejb-core/src/test/java/org/apache/openejb/util/DurationTest.java,19.0,5.0,0.0,1.0,1.0,2.0,0.0,dblevins@apache.org,0,0.0,0.0,0.0,0.0,0.0,0.0,0.0,0,0,0.0,false
container/openejb-core/src/test/java/org/apache/openejb/util/ReferencesTest.java,144.0,9.0,0.0,10.0,46.0,17.0,2.0,dblevins@apache.org,1,0.0026595744680851063,29.0,0.0,14.0,0.0,3140.9908256880735,106457.28033997549,1,0,0.2876820724517809,false
container/openejb-javaagent/src/main/java/org/apache/openejb/javaagent/Agent.java,183.0,23.0,13.0,10.0,45.0,39.0,1.0,dain@apache.org,1,0.0026595744680851063,12.0,0.0,0.0,0.0,3140.9908256880735,106457.28033997549,1,2,0.2876820724517809,false
container/openejb-jee/src/main/java/org/apache/openejb/jee/ActivationSpec.java,39.0,10.0,22.0,9.0,3.0,14.0,15.0,djencks@apache.org,1,0.0026595744680851063,17.0,0.0,17.0,0.0,3140.9908256880735,106457.28033997549,1,0,0.2876820724517809,false
container/openejb-jee/src/main/java/org/apache/openejb/jee/ApplicationException.java,38.0,8.0,13.0,10.0,1.0,14.0,4.0,dblevins@apache.org,0,0.0,0.0,0.0,0.0,0.0,0.0,0.0,0,2,0.0,false
container/openejb-jee/src/main/java/org/apache/openejb/jee/AssemblyDescriptor.java,110.0,13.0,167.0,19.0,22.0,45.0,4.0,dblevins@apache.org,1,0.0026595744680851063,7.0,7.0,0.0,0.0,3140.9908256880735,106457.28033997549,1,3,0.2876820724517809,false
container/openejb-jee/src/main/java/org/apache/openejb/jee/AttributeBinding.java,7.0,1.0,1.0,2.0,0.0,2.0,0.0,andygumbrecht@apache.org,0,0.0,0.0,0.0,0.0,0.0,0.0,0.0,0,0,0.0,false
container/openejb-jee/src/main/java/org/apache/openejb/jee/ConcurrencyAttribute.java,0.0,0.0,0.0,0.0,0.0,0.0,0.0,dblevins@apache.org,0,0.0,0.0,0.0,0.0,0.0,0.0,0.0,0,0,0.0,false
container/openejb-jee/src/main/java/org/apache/openejb/jee/ConcurrencyType.java,0.0,0.0,0.0,0.0,0.0,0.0,0.0,dblevins@apache.org,0,0.0,0.0,0.0,0.0,0.0,0.0,0.0,0,0,0.0,false
container/openejb-jee/src/main/java/org/apache/openejb/jee/Connector.java,104.0,12.0,264.0,25.0,8.0,45.0,15.0,djencks@apache.org,1,0.0026595744680851063,8.0,0.0,8.0,0.0,3140.9908256880735,106457.28033997549,1,1,0.2876820724517809,false
container/openejb-jee/src/main/java/org/apache/openejb/jee/ContainerConcurrency.java,48.0,11.0,36.0,13.0,5.0,20.0,0.0,djencks@apache.org,0,0.0,0.0,0.0,0.0,0.0,0.0,0.0,0,0,0.0,false
container/openejb-jee/src/main/java/org/apache/openejb/jee/ContainerTransaction.java,51.0,11.0,36.0,13.0,5.0,20.0,0.0,dblevins@apache.org,0,0.0,0.0,0.0,0.0,0.0,0.0,0.0,0,1,0.0,false
container/openejb-jee/src/main/java/org/apache/openejb/jee/DescriptionType.java,20.0,4.0,0.0,2.0,0.0,3.0,0.0,djencks@apache.org,0,0.0,0.0,0.0,0.0,0.0,0.0,0.0,0,0,0.0,false
container/openejb-jee/src/main/java/org/apache/openejb/jee/DisplayNameType.java,20.0,4.0,0.0,2.0,0.0,3.0,0.0,djencks@apache.org,0,0.0,0.0,0.0,0.0,0.0,0.0,0.0,0,0,0.0,false
container/openejb-jee/src/main/java/org/apache/openejb/jee/EnvEntry.java,82.0,11.0,154.0,20.0,6.0,32.0,0.0,dblevins@apache.org,0,0.0,0.0,0.0,0.0,0.0,0.0,0.0,0,1,0.0,false
container/openejb-jee/src/main/java/org/apache/openejb/jee/FacesApplication.java,145.0,11.0,101.0,15.0,0.0,50.0,0.0,rmannibucau@apache.org,0,0.0,0.0,0.0,0.0,0.0,0.0,0.0,0,0,0.0,false
container/openejb-jee/src/main/java/org/apache/openejb/jee/FacesApplicationExtension.java,30.0,12.0,1.0,3.0,0.0,7.0,0.0,andygumbrecht@apache.org,0,0.0,0.0,0.0,0.0,0.0,0.0,0.0,0,0,0.0,false
container/openejb-jee/src/main/java/org/apache/openejb/jee/FacesApplicationResourceBundle.java,80.0,11.0,30.0,9.0,0.0,21.0,0.0,djencks@apache.org,0,0.0,0.0,0.0,0.0,0.0,0.0,0.0,0,0,0.0,false
container/openejb-jee/src/main/java/org/apache/openejb/jee/FacesAttribute.java,120.0,11.0,81.0,14.0,0.0,31.0,0.0,djencks@apache.org,0,0.0,0.0,0.0,0.0,0.0,0.0,0.0,0,0,0.0,false
container/openejb-jee/src/main/java/org/apache/openejb/jee/FacesAttributeExtension.java,30.0,12.0,1.0,3.0,0.0,7.0,0.0,andygumbrecht@apache.org,0,0.0,0.0,0.0,0.0,0.0,0.0,0.0,0,0,0.0,false
container/openejb-jee/src/main/java/org/apache/openejb/jee/FacesComponent.java,120.0,11.0,72.0,13.0,0.0,37.0,0.0,djencks@apache.org,0,0.0,0.0,0.0,0.0,0.0,0.0,0.0,0,0,0.0,false
container/openejb-jee/src/main/java/org/apache/openejb/jee/FacesComponentExtension.java,30.0,12.0,1.0,3.0,0.0,7.0,0.0,andygumbrecht@apache.org,0,0.0,0.0,0.0,0.0,0.0,0.0,0.0,0,0,0.0,false
container/openejb-jee/src/main/java/org/apache/openejb/jee/FacesConfig.java,145.0,11.0,101.0,15.0,0.0,50.0,0.0,djencks@apache.org,0,0.0,0.0,0.0,0.0,0.0,0.0,0.0,0,0,0.0,false
container/openejb-jee/src/main/java/org/apache/openejb/jee/FacesConverter.java,125.0,11.0,83.0,14.0,0.0,36.0,0.0,djencks@apache.org,0,0.0,0.0,0.0,0.0,0.0,0.0,0.0,0,0,0.0,false
container/openejb-jee/src/main/java/org/apache/openejb/jee/FacesConverterExtension.java,30.0,12.0,1.0,3.0,0.0,7.0,0.0,andygumbrecht@apache.org,0,0.0,0.0,0.0,0.0,0.0,0.0,0.0,0,0,0.0,false
container/openejb-jee/src/main/java/org/apache/openejb/jee/FacesDefaultLocale.java,35.0,9.0,0.0,4.0,0.0,6.0,0.0,djencks@apache.org,0,0.0,0.0,0.0,0.0,0.0,0.0,0.0,0,0,0.0,false
container/openejb-jee/src/main/java/org/apache/openejb/jee/FacesELExpression.java,20.0,4.0,0.0,2.0,0.0,3.0,0.0,andygumbrecht@apache.org,0,0.0,0.0,0.0,0.0,0.0,0.0,0.0,0,0,0.0,false
container/openejb-jee/src/main/java/org/apache/openejb/jee/FacesExtension.java,30.0,12.0,1.0,3.0,0.0,7.0,0.0,andygumbrecht@apache.org,0,0.0,0.0,0.0,0.0,0.0,0.0,0.0,0,0,0.0,false
container/openejb-jee/src/main/java/org/apache/openejb/jee/FacesFacet.java,75.0,11.0,24.0,8.0,0.0,22.0,0.0,djencks@apache.org,0,0.0,0.0,0.0,0.0,0.0,0.0,0.0,0,0,0.0,false
container/openejb-jee/src/main/java/org/apache/openejb/jee/FacesFacetExtension.java,30.0,12.0,1.0,3.0,0.0,7.0,0.0,andygumbrecht@apache.org,0,0.0,0.0,0.0,0.0,0.0,0.0,0.0,0,0,0.0,false
container/openejb-jee/src/main/java/org/apache/openejb/jee/FacesFactory.java,70.0,11.0,19.0,7.0,0.0,23.0,0.0,djencks@apache.org,0,0.0,0.0,0.0,0.0,0.0,0.0,0.0,0,0,0.0,false
container/openejb-jee/src/main/java/org/apache/openejb/jee/FacesFactoryExtension.java,30.0,12.0,1.0,3.0,0.0,7.0,0.0,andygumbrecht@apache.org,0,0.0,0.0,0.0,0.0,0.0,0.0,0.0,0,0,0.0,false
container/openejb-jee/src/main/java/org/apache/openejb/jee/FacesFromAction.java,35.0,9.0,0.0,4.0,0.0,6.0,0.0,djencks@apache.org,0,0.0,0.0,0.0,0.0,0.0,0.0,0.0,0,0,0.0,false
container/openejb-jee/src/main/java/org/apache/openejb/jee/FacesLifecycle.java,40.0,11.0,4.0,4.0,0.0,11.0,0.0,andygumbrecht@apache.org,0,0.0,0.0,0.0,0.0,0.0,0.0,0.0,0,0,0.0,false
container/openejb-jee/src/main/java/org/apache/openejb/jee/FacesLifecycleExtension.java,30.0,12.0,1.0,3.0,0.0,7.0,0.0,andygumbrecht@apache.org,0,0.0,0.0,0.0,0.0,0.0,0.0,0.0,0,0,0.0,false
container/openejb-jee/src/main/java/org/apache/openejb/jee/FacesListEntries.java,45.0,12.0,6.0,5.0,0.0,10.0,0.0,andygumbrecht@apache.org,0,0.0,0.0,0.0,0.0,0.0,0.0,0.0,0,0,0.0,false
container/openejb-jee/src/main/java/org/apache/openejb/jee/FacesLocale.java,20.0,4.0,0.0,2.0,0.0,3.0,0.0,andygumbrecht@apache.org,0,0.0,0.0,0.0,0.0,0.0,0.0,0.0,0,0,0.0,false
container/openejb-jee/src/main/java/org/apache/openejb/jee/FacesLocaleConfig.java,45.0,11.0,6.0,5.0,0.0,10.0,0.0,andygumbrecht@apache.org,0,0.0,0.0,0.0,0.0,0.0,0.0,0.0,0,0,0.0,false
container/openejb-jee/src/main/java/org/apache/openejb/jee/FacesManagedBean.java,145.0,11.0,124.0,17.0,0.0,38.0,0.0,djencks@apache.org,0,0.0,0.0,0.0,0.0,0.0,0.0,0.0,0,0,0.0,false
container/openejb-jee/src/main/java/org/apache/openejb/jee/FacesManagedBeanExtension.java,30.0,12.0,1.0,3.0,0.0,7.0,0.0,andygumbrecht@apache.org,0,0.0,0.0,0.0,0.0,0.0,0.0,0.0,0,0,0.0,false
container/openejb-jee/src/main/java/org/apache/openejb/jee/FacesManagedProperty.java,140.0,11.0,68.0,17.0,0.0,33.0,0.0,djencks@apache.org,0,0.0,0.0,0.0,0.0,0.0,0.0,0.0,0,0,0.0,false
container/openejb-jee/src/main/java/org/apache/openejb/jee/FacesMapEntries.java,60.0,11.0,15.0,7.0,0.0,13.0,0.0,andygumbrecht@apache.org,0,0.0,0.0,0.0,0.0,0.0,0.0,0.0,0,0,0.0,false
container/openejb-jee/src/main/java/org/apache/openejb/jee/FacesMapEntry.java,65.0,9.0,2.0,8.0,0.0,12.0,0.0,andygumbrecht@apache.org,0,0.0,0.0,0.0,0.0,0.0,0.0,0.0,0,0,0.0,false
container/openejb-jee/src/main/java/org/apache/openejb/jee/FacesNavigationCase.java,110.0,11.0,68.0,13.0,0.0,27.0,0.0,djencks@apache.org,0,0.0,0.0,0.0,0.0,0.0,0.0,0.0,0,0,0.0,false
container/openejb-jee/src/main/java/org/apache/openejb/jee/FacesNavigationRule.java,85.0,11.0,32.0,9.0,0.0,26.0,0.0,djencks@apache.org,0,0.0,0.0,0.0,0.0,0.0,0.0,0.0,0,0,0.0,false
container/openejb-jee/src/main/java/org/apache/openejb/jee/FacesNavigationRuleExtension.java,30.0,12.0,1.0,3.0,0.0,7.0,0.0,andygumbrecht@apache.org,0,0.0,0.0,0.0,0.0,0.0,0.0,0.0,0,0,0.0,false
container/openejb-jee/src/main/java/org/apache/openejb/jee/FacesNullValue.java,20.0,8.0,0.0,2.0,0.0,3.0,0.0,andygumbrecht@apache.org,0,0.0,0.0,0.0,0.0,0.0,0.0,0.0,0,0,0.0,false
container/openejb-jee/src/main/java/org/apache/openejb/jee/FacesProperty.java,120.0,11.0,81.0,14.0,0.0,31.0,0.0,djencks@apache.org,0,0.0,0.0,0.0,0.0,0.0,0.0,0.0,0,0,0.0,false
container/openejb-jee/src/main/java/org/apache/openejb/jee/FacesPropertyExtension.java,30.0,12.0,1.0,3.0,0.0,7.0,0.0,andygumbrecht@apache.org,0,0.0,0.0,0.0,0.0,0.0,0.0,0.0,0,0,0.0,false
container/openejb-jee/src/main/java/org/apache/openejb/jee/FacesRedirect.java,20.0,8.0,0.0,2.0,0.0,3.0,0.0,djencks@apache.org,0,0.0,0.0,0.0,0.0,0.0,0.0,0.0,0,0,0.0,false
container/openejb-jee/src/main/java/org/apache/openejb/jee/FacesReferencedBean.java,80.0,11.0,30.0,9.0,0.0,21.0,0.0,djencks@apache.org,0,0.0,0.0,0.0,0.0,0.0,0.0,0.0,0,0,0.0,false
container/openejb-jee/src/main/java/org/apache/openejb/jee/FacesRenderKit.java,100.0,11.0,49.0,11.0,0.0,29.0,0.0,djencks@apache.org,0,0.0,0.0,0.0,0.0,0.0,0.0,0.0,0,0,0.0,false
container/openejb-jee/src/main/java/org/apache/openejb/jee/FacesRenderKitExtension.java,30.0,12.0,1.0,3.0,0.0,7.0,0.0,andygumbrecht@apache.org,0,0.0,0.0,0.0,0.0,0.0,0.0,0.0,0,0,0.0,false
container/openejb-jee/src/main/java/org/apache/openejb/jee/FacesRenderer.java,125.0,11.0,83.0,14.0,0.0,36.0,0.0,djencks@apache.org,0,0.0,0.0,0.0,0.0,0.0,0.0,0.0,0,0,0.0,false
container/openejb-jee/src/main/java/org/apache/openejb/jee/FacesRendererExtension.java,30.0,12.0,1.0,3.0,0.0,7.0,0.0,andygumbrecht@apache.org,0,0.0,0.0,0.0,0.0,0.0,0.0,0.0,0,0,0.0,false
container/openejb-jee/src/main/java/org/apache/openejb/jee/FacesSupportedLocale.java,35.0,9.0,0.0,4.0,0.0,6.0,0.0,djencks@apache.org,0,0.0,0.0,0.0,0.0,0.0,0.0,0.0,0,0,0.0,false
container/openejb-jee/src/main/java/org/apache/openejb/jee/FacesValidator.java,110.0,11.0,60.0,12.0,0.0,33.0,0.0,djencks@apache.org,0,0.0,0.0,0.0,0.0,0.0,0.0,0.0,0,0,0.0,false
container/openejb-jee/src/main/java/org/apache/openejb/jee/FacesValidatorExtension.java,30.0,12.0,1.0,3.0,0.0,7.0,0.0,andygumbrecht@apache.org,0,0.0,0.0,0.0,0.0,0.0,0.0,0.0,0,0,0.0,false
container/openejb-jee/src/main/java/org/apache/openejb/jee/InboundResource.java,20.0,8.0,2.0,4.0,0.0,7.0,15.0,dblevins@apache.org,1,0.0026595744680851063,33.0,0.0,33.0,0.0,3140.9908256880735,106457.28033997549,1,0,0.2876820724517809,false
container/openejb-jee/src/main/java/org/apache/openejb/jee/JAXBContextFactory.java,78.0,5.0,0.0,5.0,5.0,25.0,3.0,dblevins@apache.org,1,0.0026595744680851063,10.0,0.0,0.0,0.0,1431.376,82687.5,1,2,2.0794415416798357,false
container/openejb-jee/src/main/java/org/apache/openejb/jee/MessageAdapter.java,23.0,10.0,4.0,4.0,2.0,8.0,15.0,andygumbrecht@apache.org,1,0.0026595744680851063,25.0,0.0,25.0,0.0,3140.9908256880735,106457.28033997549,1,0,0.2876820724517809,false
container/openejb-jee/src/main/java/org/apache/openejb/jee/MessageDrivenBean.java,307.0,13.0,1845.0,63.0,24.0,131.0,15.0,dblevins@apache.org,1,0.0026595744680851063,5.0,0.0,5.0,0.0,3140.9908256880735,106457.28033997549,1,1,0.2876820724517809,false
container/openejb-jee/src/main/java/org/apache/openejb/jee/MessageListener.java,35.0,8.0,16.0,9.0,1.0,12.0,15.0,andygumbrecht@apache.org,1,0.0026595744680851063,33.0,0.0,33.0,0.0,3140.9908256880735,106457.28033997549,1,0,0.2876820724517809,false
container/openejb-jee/src/main/java/org/apache/openejb/jee/MethodAttribute.java,32.0,0.0,0.0,8.0,5.0,15.0,0.0,andygumbrecht@apache.org,0,0.0,0.0,0.0,0.0,0.0,0.0,0.0,0,0,0.0,false
container/openejb-jee/src/main/java/org/apache/openejb/jee/ObjectFactory.java,101.0,6.0,91.0,14.0,0.0,28.0,0.0,dain@apache.org,0,0.0,0.0,0.0,0.0,0.0,0.0,0.0,0,0,0.0,false
container/openejb-jee/src/main/java/org/apache/openejb/jee/RequiredConfigProperty.java,31.0,10.0,13.0,7.0,0.0,11.0,15.0,djencks@apache.org,1,0.0026595744680851063,20.0,0.0,20.0,0.0,3140.9908256880735,106457.28033997549,1,0,0.2876820724517809,false
container/openejb-jee/src/main/java/org/apache/openejb/jee/ResourceAdapter.java,64.0,10.0,73.0,14.0,1.0,26.0,15.0,djencks@apache.org,1,0.0026595744680851063,12.0,0.0,12.0,0.0,3140.9908256880735,106457.28033997549,1,0,0.2876820724517809,false
container/openejb-jee/src/main/java/org/apache/openejb/jee/SessionBean.java,399.0,16.0,3603.0,87.0,29.0,177.0,13.0,dblevins@apache.org,1,0.0026595744680851063,5.0,2.0,0.0,0.0,3140.9908256880735,106457.28033997549,1,2,0.2876820724517809,false
container/openejb-jee/src/main/java/org/apache/openejb/jee/SessionType.java,0.0,0.0,0.0,0.0,0.0,0.0,0.0,dblevins@apache.org,0,0.0,0.0,0.0,0.0,0.0,0.0,0.0,0,0,0.0,false
container/openejb-jee/src/main/java/org/apache/openejb/jee/SingletonBean.java,21.0,1.0,10.0,5.0,4.0,5.0,0.0,andygumbrecht@apache.org,0,0.0,0.0,0.0,0.0,0.0,0.0,0.0,0,0,0.0,false
container/openejb-jee/src/main/java/org/apache/openejb/jee/jpa/AttributeOverride.java,47.0,5.0,2.0,8.0,0.0,11.0,0.0,dblevins@apache.org,0,0.0,0.0,0.0,0.0,0.0,0.0,0.0,0,1,0.0,false
container/openejb-jee/src/main/java/org/apache/openejb/jee/jpa/Attributes.java,131.0,8.0,44.0,13.0,2.0,45.0,0.0,jlmonteiro@apache.org,0,0.0,0.0,0.0,0.0,0.0,0.0,0.0,0,0,0.0,false
container/openejb-jee/src/main/java/org/apache/openejb/jee/jpa/Basic.java,122.0,4.0,117.0,18.0,0.0,26.0,0.0,dain@apache.org,0,0.0,0.0,0.0,0.0,0.0,0.0,0.0,0,1,0.0,false
container/openejb-jee/src/main/java/org/apache/openejb/jee/jpa/Entity.java,465.0,9.0,1766.0,61.0,6.0,111.0,0.0,dblevins@apache.org,0,0.0,0.0,0.0,0.0,0.0,0.0,0.0,0,2,0.0,false
container/openejb-jee/src/main/java/org/apache/openejb/jee/jpa/Field.java,6.0,1.0,6.0,4.0,0.0,4.0,0.0,dblevins@apache.org,0,0.0,0.0,0.0,0.0,0.0,0.0,0.0,0,1,0.0,false
container/openejb-jee/src/main/java/org/apache/openejb/jee/jpa/Id.java,107.0,5.0,86.0,16.0,0.0,23.0,0.0,dain@apache.org,0,0.0,0.0,0.0,0.0,0.0,0.0,0.0,0,1,0.0,false
container/openejb-jee/src/main/java/org/apache/openejb/jee/jpa/JpaJaxbUtil.java,35.0,14.0,6.0,4.0,17.0,12.0,0.0,dblevins@apache.org,0,0.0,0.0,0.0,0.0,0.0,0.0,0.0,0,1,0.0,false
container/openejb-jee/src/main/java/org/apache/openejb/jee/jpa/ManyToMany.java,161.0,7.0,207.0,22.0,0.0,41.0,0.0,dain@apache.org,0,0.0,0.0,0.0,0.0,0.0,0.0,0.0,0,1,0.0,false
container/openejb-jee/src/main/java/org/apache/openejb/jee/jpa/ManyToOne.java,144.0,8.0,170.0,20.0,0.0,41.0,0.0,dain@apache.org,0,0.0,0.0,0.0,0.0,0.0,0.0,0.0,0,1,0.0,false
container/openejb-jee/src/main/java/org/apache/openejb/jee/jpa/OneToMany.java,168.0,8.0,207.0,22.0,0.0,43.0,0.0,dain@apache.org,0,0.0,0.0,0.0,0.0,0.0,0.0,0.0,0,1,0.0,false
container/openejb-jee/src/main/java/org/apache/openejb/jee/jpa/OneToOne.java,155.0,8.0,188.0,21.0,0.0,39.0,0.0,dain@apache.org,0,0.0,0.0,0.0,0.0,0.0,0.0,0.0,0,1,0.0,false
container/openejb-jee/src/main/java/org/apache/openejb/jee/jpa/RelationField.java,35.0,2.0,136.0,17.0,0.0,26.0,0.0,andygumbrecht@apache.org,0,0.0,0.0,0.0,0.0,0.0,0.0,0.0,0,1,0.0,false
container/openejb-jee/src/main/java/org/apache/openejb/jee/jpa/Transient.java,34.0,4.0,9.0,7.0,0.0,11.0,0.0,andygumbrecht@apache.org,0,0.0,0.0,0.0,0.0,0.0,0.0,0.0,0,1,0.0,false
container/openejb-jee/src/main/java/org/apache/openejb/jee/oejb2/NamespaceFilter.java,173.0,9.0,0.0,4.0,9.0,10.0,1.0,dblevins@apache.org,1,0.0026595744680851063,8.0,0.0,0.0,0.0,3140.9908256880735,106457.28033997549,1,2,0.2876820724517809,false
container/openejb-jee/src/test/java/org/apache/openejb/jee/JeeTest.java,121.0,24.0,45.0,10.0,66.0,24.0,0.0,null,0,0.0,0.0,0.0,0.0,0.0,0.0,0.0,0,3,0.0,false
container/openejb-loader/src/main/java/org/apache/openejb/loader/Embedder.java,124.0,4.0,13.0,7.0,31.0,31.0,8.0,rmannibucau@apache.org,1,0.0026595744680851063,9.0,9.0,0.0,0.0,178.4,174.67686887943046,1,1,3.242592351485517,false
container/openejb-loader/src/main/java/org/apache/openejb/loader/SystemInstance.java,124.0,3.0,111.0,19.0,17.0,44.0,10.0,rmannibucau@apache.org,1,0.0026595744680851063,2.0,0.0,0.0,0.0,3140.9908256880735,106457.28033997549,1,2,0.2876820724517809,false
container/openejb-spring/src/main/java/org/apache/openejb/spring/AbstractApplication.java,139.0,25.0,42.0,12.0,49.0,36.0,20.0,dblevins@apache.org,1,0.0026595744680851063,11.0,11.0,0.0,0.0,1431.376,82687.5,1,0,2.0794415416798357,false
container/openejb-spring/src/main/java/org/apache/openejb/spring/AbstractContainerProvider.java,41.0,4.0,14.0,8.0,6.0,15.0,19.0,jlmonteiro@apache.org,1,0.0026595744680851063,33.0,33.0,0.0,0.0,1431.376,82687.5,1,0,2.0794415416798357,false
container/openejb-spring/src/main/java/org/apache/openejb/spring/AbstractResourceProvider.java,42.0,4.0,14.0,8.0,6.0,15.0,19.0,dain@apache.org,1,0.0026595744680851063,50.0,50.0,0.0,0.0,1431.376,82687.5,1,0,2.0794415416798357,false
container/openejb-spring/src/main/java/org/apache/openejb/spring/Application.java,21.0,8.0,0.0,3.0,3.0,7.0,17.0,dain@apache.org,1,0.0026595744680851063,75.0,50.0,25.0,25.0,1431.376,82687.5,1,0,2.0794415416798357,false
container/openejb-spring/src/main/java/org/apache/openejb/spring/BmpContainer.java,19.0,2.0,0.0,4.0,1.0,8.0,21.0,dain@apache.org,1,0.0026595744680851063,75.0,50.0,0.0,0.0,1431.376,82687.5,1,0,2.0794415416798357,false
container/openejb-spring/src/main/java/org/apache/openejb/spring/ClassPathApplication.java,54.0,15.0,0.0,4.0,13.0,12.0,20.0,jlmonteiro@apache.org,1,0.0026595744680851063,17.0,17.0,0.0,0.0,1431.376,82687.5,1,0,2.0794415416798357,false
container/openejb-spring/src/main/java/org/apache/openejb/spring/CmpContainer.java,19.0,2.0,0.0,4.0,1.0,8.0,31.0,dain@apache.org,1,0.0026595744680851063,75.0,50.0,0.0,0.0,1431.376,82687.5,1,0,2.0794415416798357,false
container/openejb-spring/src/main/java/org/apache/openejb/spring/ContainerProvider.java,3.0,2.0,0.0,1.0,0.0,2.0,22.0,dain@apache.org,1,0.0026595744680851063,67.0,33.0,0.0,0.0,1431.376,82687.5,1,0,2.0794415416798357,false
container/openejb-spring/src/main/java/org/apache/openejb/spring/EJB.java,63.0,5.0,21.0,11.0,16.0,24.0,17.0,dblevins@apache.org,1,0.0026595744680851063,50.0,33.0,17.0,17.0,1431.376,82687.5,1,0,2.0794415416798357,false
container/openejb-spring/src/main/java/org/apache/openejb/spring/Exported.java,0.0,0.0,0.0,0.0,0.0,0.0,25.0,dblevins@apache.org,1,0.0026595744680851063,33.0,0.0,0.0,0.0,1431.376,82687.5,1,0,2.0794415416798357,false
container/openejb-spring/src/main/java/org/apache/openejb/spring/MdbContainer.java,49.0,2.0,21.0,10.0,1.0,17.0,31.0,dain@apache.org,1,0.0026595744680851063,75.0,50.0,0.0,0.0,1431.376,82687.5,1,0,2.0794415416798357,false
container/openejb-spring/src/main/java/org/apache/openejb/spring/OpenEJB.java,305.0,37.0,265.0,26.0,89.0,62.0,15.0,dain@apache.org,1,0.0026595744680851063,50.0,30.0,10.0,10.0,1431.376,82687.5,1,0,2.0794415416798357,false
container/openejb-spring/src/main/java/org/apache/openejb/spring/OpenEJBDataSource.java,5.0,1.0,0.0,1.0,0.0,1.0,22.0,dain@apache.org,1,0.0026595744680851063,67.0,33.0,0.0,0.0,1431.376,82687.5,1,0,2.0794415416798357,false
container/openejb-spring/src/main/java/org/apache/openejb/spring/OpenEJBResource.java,31.0,4.0,3.0,6.0,10.0,14.0,19.0,dain@apache.org,1,0.0026595744680851063,67.0,67.0,0.0,0.0,1431.376,82687.5,1,0,2.0794415416798357,false
container/openejb-spring/src/main/java/org/apache/openejb/spring/Resource.java,17.0,1.0,2.0,4.0,2.0,6.0,21.0,dain@apache.org,1,0.0026595744680851063,75.0,50.0,0.0,0.0,1431.376,82687.5,1,0,2.0794415416798357,false
container/openejb-spring/src/main/java/org/apache/openejb/spring/ResourceProvider.java,3.0,2.0,0.0,1.0,0.0,2.0,19.0,dain@apache.org,1,0.0026595744680851063,50.0,50.0,0.0,0.0,1431.376,82687.5,1,0,2.0794415416798357,false
container/openejb-spring/src/main/java/org/apache/openejb/spring/SingletonContainer.java,19.0,5.0,0.0,4.0,1.0,8.0,28.0,dain@apache.org,1,0.0026595744680851063,75.0,50.0,0.0,0.0,1431.376,82687.5,1,0,2.0794415416798357,false
container/openejb-spring/src/main/java/org/apache/openejb/spring/SpringReference.java,23.0,2.0,0.0,5.0,1.0,9.0,25.0,dain@apache.org,1,0.0026595744680851063,50.0,0.0,0.0,0.0,1431.376,82687.5,1,0,2.0794415416798357,false
container/openejb-spring/src/main/java/org/apache/openejb/spring/StatefulContainer.java,49.0,2.0,21.0,10.0,1.0,17.0,24.0,dain@apache.org,1,0.0026595744680851063,75.0,50.0,0.0,0.0,1431.376,82687.5,1,0,2.0794415416798357,false
container/openejb-spring/src/main/java/org/apache/openejb/spring/StatelessContainer.java,49.0,2.0,21.0,10.0,1.0,17.0,33.0,dain@apache.org,1,0.0026595744680851063,60.0,40.0,0.0,0.0,1431.376,82687.5,1,0,2.0794415416798357,false
container/openejb-spring/src/test/java/org/apache/openejb/spring/BasicSpringTest.java,18.0,2.0,0.0,1.0,8.0,2.0,20.0,dblevins@apache.org,1,0.0026595744680851063,33.0,33.0,0.0,0.0,1431.376,82687.5,1,0,2.0794415416798357,false
container/openejb-spring/src/test/java/org/apache/openejb/spring/Echo.java,3.0,1.0,0.0,1.0,0.0,1.0,12.0,dain@apache.org,1,0.0026595744680851063,50.0,0.0,50.0,50.0,1431.376,82687.5,1,0,2.0794415416798357,false
container/openejb-spring/src/test/java/org/apache/openejb/spring/EchoBean.java,14.0,2.0,0.0,3.0,1.0,6.0,9.0,dain@apache.org,1,0.0026595744680851063,67.0,33.0,33.0,33.0,1431.376,82687.5,1,0,2.0794415416798357,false
container/openejb-spring/src/test/java/org/apache/openejb/spring/EchoReverseBean.java,12.0,1.0,0.0,3.0,3.0,5.0,6.0,dain@apache.org,1,0.0026595744680851063,33.0,33.0,0.0,0.0,1431.376,82687.5,1,0,2.0794415416798357,false
container/openejb-spring/src/test/java/org/apache/openejb/spring/LinkedBean.java,35.0,7.0,4.0,5.0,2.0,7.0,20.0,dain@apache.org,1,0.0026595744680851063,50.0,50.0,0.0,0.0,1431.376,82687.5,1,0,2.0794415416798357,false
container/openejb-spring/src/test/java/org/apache/openejb/spring/MockSecurityService.java,2.0,1.0,0.0,0.0,0.0,0.0,25.0,dain@apache.org,1,0.0026595744680851063,50.0,0.0,0.0,0.0,1431.376,82687.5,1,0,2.0794415416798357,false
container/openejb-spring/src/test/java/org/apache/openejb/spring/MockTransactionManager.java,4.0,2.0,0.0,1.0,0.0,2.0,25.0,dain@apache.org,1,0.0026595744680851063,50.0,0.0,0.0,0.0,1431.376,82687.5,1,0,2.0794415416798357,false
container/openejb-spring/src/test/java/org/apache/openejb/spring/SpringBean.java,14.0,1.0,0.0,3.0,0.0,5.0,6.0,dain@apache.org,1,0.0026595744680851063,50.0,50.0,0.0,0.0,1431.376,82687.5,1,0,2.0794415416798357,false
container/openejb-spring/src/test/java/org/apache/openejb/spring/SpringTest.java,62.0,13.0,0.0,1.0,23.0,2.0,16.0,dain@apache.org,1,0.0026595744680851063,71.0,43.0,14.0,14.0,1431.376,82687.5,1,0,2.0794415416798357,false
examples/ear-testing/business-logic/src/main/java/org/superbiz/logic/Movies.java,8.0,2.0,3.0,3.0,0.0,6.0,12.0,andygumbrecht@apache.org,0,0.0,0.0,0.0,0.0,0.0,0.0,0.0,0,0,0.0,false
examples/ear-testing/business-logic/src/main/java/org/superbiz/logic/MoviesImpl.java,13.0,7.0,0.0,3.0,4.0,7.0,12.0,dblevins@apache.org,0,0.0,0.0,0.0,0.0,0.0,0.0,0.0,0,0,0.0,false
examples/ear-testing/business-logic/src/test/java/org/superbiz/logic/MoviesTest.java,25.0,6.0,0.0,1.0,7.0,3.0,12.0,dblevins@apache.org,0,0.0,0.0,0.0,0.0,0.0,0.0,0.0,0,0,0.0,false
examples/ear-testing/business-model/src/main/java/org/superbiz/model/Movie.java,30.0,1.0,10.0,8.0,0.0,11.0,12.0,dblevins@apache.org,0,0.0,0.0,0.0,0.0,0.0,0.0,0.0,0,0,0.0,false
examples/jpa-eclipselink/src/main/java/org/superbiz/eclipselink/Movie.java,31.0,1.0,10.0,8.0,0.0,11.0,12.0,andygumbrecht@apache.org,1,0.0026595744680851063,33.0,33.0,0.0,33.0,3140.9908256880735,106457.28033997549,1,0,0.2876820724517809,false
examples/jpa-eclipselink/src/main/java/org/superbiz/eclipselink/Movies.java,8.0,2.0,3.0,3.0,0.0,6.0,12.0,dblevins@apache.org,1,0.0026595744680851063,33.0,33.0,0.0,33.0,3140.9908256880735,106457.28033997549,1,0,0.2876820724517809,false
examples/jpa-eclipselink/src/main/java/org/superbiz/eclipselink/MoviesImpl.java,13.0,9.0,0.0,3.0,4.0,7.0,12.0,dblevins@apache.org,1,0.0026595744680851063,33.0,33.0,0.0,33.0,3140.9908256880735,106457.28033997549,1,0,0.2876820724517809,false
examples/jpa-eclipselink/src/test/java/org/superbiz/eclipselink/MoviesTest.java,27.0,5.0,0.0,1.0,7.0,3.0,12.0,dblevins@apache.org,1,0.0026595744680851063,50.0,50.0,0.0,50.0,3140.9908256880735,106457.28033997549,1,0,0.2876820724517809,false
examples/simple-mdb-with-descriptor/src/main/java/org/superbiz/mdb/ChatBean.java,43.0,3.0,1.0,2.0,14.0,8.0,8.0,jgallimore@apache.org,1,0.0026595744680851063,25.0,25.0,0.0,0.0,81.14285714285714,55.83086706736149,1,0,4.1588830833596715,false
examples/simple-mdb-with-descriptor/src/main/java/org/superbiz/mdb/MessagingClientBean.java,46.0,3.0,1.0,2.0,18.0,8.0,8.0,jgallimore@apache.org,1,0.0026595744680851063,25.0,25.0,0.0,0.0,81.14285714285714,55.83086706736149,1,0,4.1588830833596715,false
examples/simple-mdb-with-descriptor/src/main/java/org/superbiz/mdb/MessagingClientLocal.java,4.0,2.0,1.0,2.0,0.0,4.0,8.0,jgallimore@apache.org,1,0.0026595744680851063,33.0,33.0,0.0,0.0,81.14285714285714,55.83086706736149,1,0,4.1588830833596715,false
examples/simple-mdb-with-descriptor/src/test/java/org/superbiz/mdb/ChatBeanTest.java,15.0,4.0,1.0,2.0,5.0,4.0,8.0,jgallimore@apache.org,1,0.0026595744680851063,25.0,25.0,0.0,0.0,81.14285714285714,55.83086706736149,1,0,4.1588830833596715,false
examples/simple-singleton/src/main/java/org/superbiz/registry/ComponentRegistry.java,8.0,0.0,3.0,3.0,0.0,3.0,5.0,dblevins@apache.org,1,0.0026595744680851063,17.0,17.0,0.0,0.0,3140.9908256880735,106457.28033997549,1,0,0.2876820724517809,false
examples/simple-singleton/src/main/java/org/superbiz/registry/ComponentRegistryBean.java,12.0,5.0,0.0,3.0,3.0,6.0,3.0,dblevins@apache.org,1,0.0026595744680851063,50.0,25.0,0.0,0.0,3140.9908256880735,106457.28033997549,1,0,0.2876820724517809,false
examples/simple-singleton/src/main/java/org/superbiz/registry/PropertyRegistry.java,5.0,0.0,3.0,3.0,0.0,3.0,0.0,andygumbrecht@apache.org,0,0.0,0.0,0.0,0.0,0.0,0.0,0.0,0,0,0.0,false
examples/simple-singleton/src/main/java/org/superbiz/registry/PropertyRegistryBean.java,12.0,4.0,0.0,3.0,3.0,6.0,2.0,dblevins@apache.org,1,0.0026595744680851063,60.0,60.0,0.0,0.0,3140.9908256880735,106457.28033997549,1,0,0.2876820724517809,false
examples/simple-singleton/src/test/java/org/superbiz/registry/ComponentRegistryBeanTest.java,16.0,6.0,0.0,1.0,5.0,2.0,5.0,dblevins@apache.org,1,0.0026595744680851063,33.0,33.0,0.0,0.0,3140.9908256880735,106457.28033997549,1,0,0.2876820724517809,false
examples/simple-singleton/src/test/java/org/superbiz/registry/PropertiesRegistryBeanTest.java,15.0,4.0,0.0,1.0,4.0,2.0,5.0,dblevins@apache.org,1,0.0026595744680851063,33.0,33.0,0.0,0.0,3140.9908256880735,106457.28033997549,1,0,0.2876820724517809,false
examples/simple-stateless-with-descriptor/src/main/java/org/superbiz/calculator/CalculatorImpl.java,11.0,0.0,1.0,2.0,0.0,4.0,9.0,jgallimore@apache.org,1,0.0026595744680851063,33.0,33.0,0.0,0.0,81.14285714285714,55.83086706736149,1,0,4.1588830833596715,false
examples/simple-stateless-with-descriptor/src/main/java/org/superbiz/calculator/CalculatorLocal.java,7.0,1.0,1.0,2.0,0.0,2.0,9.0,jgallimore@apache.org,1,0.0026595744680851063,33.0,33.0,0.0,0.0,81.14285714285714,55.83086706736149,1,0,4.1588830833596715,false
examples/simple-stateless-with-descriptor/src/main/java/org/superbiz/calculator/CalculatorRemote.java,7.0,0.0,1.0,2.0,0.0,2.0,9.0,andygumbrecht@apache.org,1,0.0026595744680851063,25.0,25.0,0.0,0.0,81.14285714285714,55.83086706736149,1,0,4.1588830833596715,false
examples/simple-stateless-with-descriptor/src/test/java/org/superbiz/calculator/CalculatorTest.java,32.0,4.0,0.0,3.0,13.0,6.0,9.0,dblevins@apache.org,1,0.0026595744680851063,20.0,20.0,0.0,0.0,81.14285714285714,55.83086706736149,1,0,4.1588830833596715,false
examples/telephone-stateful/src/test/java/org/superbiz/telephone/TelephoneTest.java,46.0,4.0,3.0,3.0,11.0,9.0,1.0,dblevins@apache.org,1,0.0026595744680851063,11.0,0.0,0.0,0.0,3140.9908256880735,106457.28033997549,1,1,0.2876820724517809,false
itests/openejb-itests-beans/src/main/java/org/apache/openejb/test/entity/bmp/RmiIiopBmpBean.java,316.0,10.0,2080.0,65.0,17.0,154.0,0.0,andygumbrecht@apache.org,0,0.0,0.0,0.0,0.0,0.0,0.0,0.0,0,1,0.0,false
itests/openejb-itests-beans/src/main/java/org/apache/openejb/test/entity/bmp/RmiIiopBmpObject.java,60.0,6.0,1431.0,54.0,0.0,162.0,0.0,andygumbrecht@apache.org,0,0.0,0.0,0.0,0.0,0.0,0.0,0.0,0,1,0.0,false
itests/openejb-itests-beans/src/main/java/org/apache/openejb/test/entity/cmp/BasicCmp2PojoBean.java,171.0,10.0,270.0,24.0,24.0,42.0,9.0,andygumbrecht@apache.org,1,0.0026595744680851063,50.0,50.0,0.0,0.0,69.0,29.54080428324663,1,0,3.242592351485517,false
itests/openejb-itests-beans/src/main/java/org/apache/openejb/test/entity/cmp/RmiIiopCmp2Bean.java,296.0,11.0,2346.0,69.0,21.0,146.0,0.0,dain@apache.org,0,0.0,0.0,0.0,0.0,0.0,0.0,0.0,0,1,0.0,false
itests/openejb-itests-beans/src/main/java/org/apache/openejb/test/entity/cmp/RmiIiopCmpBean.java,301.0,11.0,1953.0,63.0,18.0,148.0,0.0,dain@apache.org,0,0.0,0.0,0.0,0.0,0.0,0.0,0.0,0,1,0.0,false
itests/openejb-itests-beans/src/main/java/org/apache/openejb/test/entity/cmp/RmiIiopCmpObject.java,60.0,6.0,1431.0,54.0,0.0,162.0,0.0,andygumbrecht@apache.org,0,0.0,0.0,0.0,0.0,0.0,0.0,0.0,0,1,0.0,false
itests/openejb-itests-beans/src/main/java/org/apache/openejb/test/singleton/AnnotatedFieldInjectionSingletonBean.java,235.0,25.0,253.0,23.0,44.0,67.0,0.0,andygumbrecht@apache.org,0,0.0,0.0,0.0,0.0,0.0,0.0,0.0,0,0,0.0,false
itests/openejb-itests-beans/src/main/java/org/apache/openejb/test/singleton/BasicSingletonBean.java,164.0,13.0,73.0,14.0,27.0,31.0,0.0,andygumbrecht@apache.org,0,0.0,0.0,0.0,0.0,0.0,0.0,0.0,0,0,0.0,false
itests/openejb-itests-beans/src/main/java/org/apache/openejb/test/singleton/BasicSingletonBusinessLocal.java,35.0,3.0,21.0,7.0,0.0,14.0,0.0,andygumbrecht@apache.org,0,0.0,0.0,0.0,0.0,0.0,0.0,0.0,0,0,0.0,false
itests/openejb-itests-beans/src/main/java/org/apache/openejb/test/singleton/BasicSingletonBusinessRemote.java,35.0,3.0,21.0,7.0,0.0,14.0,0.0,andygumbrecht@apache.org,0,0.0,0.0,0.0,0.0,0.0,0.0,0.0,0,0,0.0,false
itests/openejb-itests-beans/src/main/java/org/apache/openejb/test/singleton/BasicSingletonHome.java,7.0,0.0,0.0,1.0,0.0,2.0,0.0,andygumbrecht@apache.org,0,0.0,0.0,0.0,0.0,0.0,0.0,0.0,0,0,0.0,false
itests/openejb-itests-beans/src/main/java/org/apache/openejb/test/singleton/BasicSingletonInterceptedBean.java,59.0,13.0,19.0,7.0,11.0,15.0,0.0,andygumbrecht@apache.org,0,0.0,0.0,0.0,0.0,0.0,0.0,0.0,0,0,0.0,false
itests/openejb-itests-beans/src/main/java/org/apache/openejb/test/singleton/BasicSingletonInterceptedLocal.java,10.0,2.0,3.0,3.0,0.0,3.0,0.0,andygumbrecht@apache.org,0,0.0,0.0,0.0,0.0,0.0,0.0,0.0,0,0,0.0,false
itests/openejb-itests-beans/src/main/java/org/apache/openejb/test/singleton/BasicSingletonInterceptedRemote.java,8.0,2.0,3.0,3.0,0.0,3.0,0.0,andygumbrecht@apache.org,0,0.0,0.0,0.0,0.0,0.0,0.0,0.0,0,0,0.0,false
itests/openejb-itests-beans/src/main/java/org/apache/openejb/test/singleton/BasicSingletonLocalHome.java,6.0,0.0,0.0,1.0,0.0,2.0,0.0,dblevins@apache.org,0,0.0,0.0,0.0,0.0,0.0,0.0,0.0,0,0,0.0,false
itests/openejb-itests-beans/src/main/java/org/apache/openejb/test/singleton/BasicSingletonLocalObject.java,37.0,4.0,21.0,7.0,0.0,14.0,0.0,andygumbrecht@apache.org,0,0.0,0.0,0.0,0.0,0.0,0.0,0.0,0,0,0.0,false
itests/openejb-itests-beans/src/main/java/org/apache/openejb/test/singleton/BasicSingletonObject.java,36.0,4.0,21.0,7.0,0.0,19.0,0.0,andygumbrecht@apache.org,0,0.0,0.0,0.0,0.0,0.0,0.0,0.0,0,0,0.0,false
itests/openejb-itests-beans/src/main/java/org/apache/openejb/test/singleton/BasicSingletonPojoBean.java,53.0,6.0,45.0,10.0,2.0,20.0,0.0,andygumbrecht@apache.org,0,0.0,0.0,0.0,0.0,0.0,0.0,0.0,0,0,0.0,false
itests/openejb-itests-beans/src/main/java/org/apache/openejb/test/singleton/BeanTxSingletonBean.java,131.0,13.0,27.0,10.0,44.0,35.0,0.0,andygumbrecht@apache.org,0,0.0,0.0,0.0,0.0,0.0,0.0,0.0,0,0,0.0,false
itests/openejb-itests-beans/src/main/java/org/apache/openejb/test/singleton/BeanTxSingletonHome.java,7.0,0.0,0.0,1.0,0.0,2.0,0.0,andygumbrecht@apache.org,0,0.0,0.0,0.0,0.0,0.0,0.0,0.0,0,0,0.0,false
itests/openejb-itests-beans/src/main/java/org/apache/openejb/test/singleton/BeanTxSingletonObject.java,10.0,3.0,6.0,4.0,0.0,8.0,0.0,andygumbrecht@apache.org,0,0.0,0.0,0.0,0.0,0.0,0.0,0.0,0,0,0.0,false
itests/openejb-itests-beans/src/main/java/org/apache/openejb/test/singleton/ContainerTxSingletonBean.java,114.0,11.0,85.0,14.0,25.0,35.0,0.0,andygumbrecht@apache.org,0,0.0,0.0,0.0,0.0,0.0,0.0,0.0,0,0,0.0,false
itests/openejb-itests-beans/src/main/java/org/apache/openejb/test/singleton/ContainerTxSingletonHome.java,6.0,0.0,0.0,1.0,0.0,2.0,0.0,andygumbrecht@apache.org,0,0.0,0.0,0.0,0.0,0.0,0.0,0.0,0,0,0.0,false
itests/openejb-itests-beans/src/main/java/org/apache/openejb/test/singleton/ContainerTxSingletonObject.java,13.0,3.0,28.0,8.0,0.0,16.0,0.0,andygumbrecht@apache.org,0,0.0,0.0,0.0,0.0,0.0,0.0,0.0,0,0,0.0,false
itests/openejb-itests-beans/src/main/java/org/apache/openejb/test/singleton/ContextLookupSingletonBean.java,386.0,25.0,0.0,28.0,129.0,80.0,0.0,andygumbrecht@apache.org,0,0.0,0.0,0.0,0.0,0.0,0.0,0.0,0,0,0.0,false
itests/openejb-itests-beans/src/main/java/org/apache/openejb/test/singleton/ContextLookupSingletonPojoBean.java,329.0,18.0,210.0,21.0,133.0,64.0,0.0,andygumbrecht@apache.org,0,0.0,0.0,0.0,0.0,0.0,0.0,0.0,0,0,0.0,false
itests/openejb-itests-beans/src/main/java/org/apache/openejb/test/singleton/EncSingletonBean.java,428.0,25.0,376.0,28.0,136.0,80.0,0.0,andygumbrecht@apache.org,0,0.0,0.0,0.0,0.0,0.0,0.0,0.0,0,0,0.0,false
itests/openejb-itests-beans/src/main/java/org/apache/openejb/test/singleton/EncSingletonHome.java,7.0,0.0,0.0,1.0,0.0,2.0,0.0,andygumbrecht@apache.org,0,0.0,0.0,0.0,0.0,0.0,0.0,0.0,0,0,0.0,false
itests/openejb-itests-beans/src/main/java/org/apache/openejb/test/singleton/EncSingletonObject.java,27.0,2.0,210.0,21.0,0.0,42.0,0.0,andygumbrecht@apache.org,0,0.0,0.0,0.0,0.0,0.0,0.0,0.0,0,0,0.0,false
itests/openejb-itests-beans/src/main/java/org/apache/openejb/test/singleton/FieldInjectionSingletonBean.java,252.0,22.0,378.0,28.0,44.0,77.0,0.0,andygumbrecht@apache.org,0,0.0,0.0,0.0,0.0,0.0,0.0,0.0,0,0,0.0,false
itests/openejb-itests-beans/src/main/java/org/apache/openejb/test/singleton/RmiIiopSingletonBean.java,276.0,9.0,1770.0,60.0,17.0,139.0,0.0,andygumbrecht@apache.org,0,0.0,0.0,0.0,0.0,0.0,0.0,0.0,0,0,0.0,false
itests/openejb-itests-beans/src/main/java/org/apache/openejb/test/singleton/RmiIiopSingletonHome.java,7.0,0.0,0.0,1.0,0.0,2.0,0.0,andygumbrecht@apache.org,0,0.0,0.0,0.0,0.0,0.0,0.0,0.0,0,0,0.0,false
itests/openejb-itests-beans/src/main/java/org/apache/openejb/test/singleton/RmiIiopSingletonObject.java,60.0,6.0,1431.0,54.0,0.0,162.0,0.0,andygumbrecht@apache.org,0,0.0,0.0,0.0,0.0,0.0,0.0,0.0,0,0,0.0,false
itests/openejb-itests-beans/src/main/java/org/apache/openejb/test/singleton/SetterInjectionSingletonBean.java,399.0,22.0,2788.0,77.0,44.0,150.0,0.0,andygumbrecht@apache.org,0,0.0,0.0,0.0,0.0,0.0,0.0,0.0,0,0,0.0,false
itests/openejb-itests-beans/src/main/java/org/apache/openejb/test/stateful/RmiIiopStatefulBean.java,277.0,9.0,1770.0,60.0,17.0,139.0,0.0,dblevins@apache.org,0,0.0,0.0,0.0,0.0,0.0,0.0,0.0,0,2,0.0,false
itests/openejb-itests-beans/src/main/java/org/apache/openejb/test/stateful/RmiIiopStatefulObject.java,60.0,6.0,1431.0,54.0,0.0,162.0,0.0,andygumbrecht@apache.org,0,0.0,0.0,0.0,0.0,0.0,0.0,0.0,0,1,0.0,false
itests/openejb-itests-beans/src/main/java/org/apache/openejb/test/stateless/RmiIiopStatelessBean.java,276.0,9.0,1770.0,60.0,17.0,139.0,0.0,dblevins@apache.org,0,0.0,0.0,0.0,0.0,0.0,0.0,0.0,0,2,0.0,false
itests/openejb-itests-beans/src/main/java/org/apache/openejb/test/stateless/RmiIiopStatelessObject.java,60.0,6.0,1431.0,54.0,0.0,162.0,0.0,dblevins@apache.org,0,0.0,0.0,0.0,0.0,0.0,0.0,0.0,0,1,0.0,false
itests/openejb-itests-client/src/main/java/org/apache/openejb/test/ClientTestSuite.java,23.0,9.0,1.0,2.0,3.0,4.0,0.0,dain@apache.org,0,0.0,0.0,0.0,0.0,0.0,0.0,0.0,0,0,0.0,false
itests/openejb-itests-client/src/main/java/org/apache/openejb/test/TestClient.java,76.0,12.0,13.0,6.0,31.0,19.0,99.0,dblevins@apache.org,1,0.0026595744680851063,12.0,0.0,0.0,12.0,3140.9908256880735,106457.28033997549,1,2,0.2876820724517809,false
itests/openejb-itests-client/src/main/java/org/apache/openejb/test/entity/bmp/BmpRmiIiopTests.java,777.0,6.0,0.0,61.0,388.0,202.0,0.0,andygumbrecht@apache.org,0,0.0,0.0,0.0,0.0,0.0,0.0,0.0,0,1,0.0,false
itests/openejb-itests-client/src/main/java/org/apache/openejb/test/entity/cmp/CmpRmiIiopTests.java,777.0,6.0,0.0,61.0,388.0,202.0,0.0,andygumbrecht@apache.org,0,0.0,0.0,0.0,0.0,0.0,0.0,0.0,0,1,0.0,false
itests/openejb-itests-client/src/main/java/org/apache/openejb/test/entity/cmp2/Cmp2RmiIiopTests.java,775.0,10.0,0.0,61.0,388.0,202.0,0.0,andygumbrecht@apache.org,0,0.0,0.0,0.0,0.0,0.0,0.0,0.0,0,1,0.0,false
itests/openejb-itests-client/src/main/java/org/apache/openejb/test/singleton/AnnotatedFieldInjectionSingletonLocalTestClient.java,16.0,0.0,1.0,2.0,1.0,3.0,0.0,andygumbrecht@apache.org,0,0.0,0.0,0.0,0.0,0.0,0.0,0.0,0,0,0.0,false
itests/openejb-itests-client/src/main/java/org/apache/openejb/test/singleton/AnnotatedFieldInjectionSingletonPojoHomeIntfcTests.java,24.0,1.0,3.0,3.0,5.0,5.0,0.0,andygumbrecht@apache.org,0,0.0,0.0,0.0,0.0,0.0,0.0,0.0,0,0,0.0,false
itests/openejb-itests-client/src/main/java/org/apache/openejb/test/singleton/AnnotatedFieldInjectionSingletonPojoLocalHomeIntfcTests.java,24.0,1.0,3.0,3.0,5.0,5.0,0.0,andygumbrecht@apache.org,0,0.0,0.0,0.0,0.0,0.0,0.0,0.0,0,0,0.0,false
itests/openejb-itests-client/src/main/java/org/apache/openejb/test/singleton/AnnotatedFieldInjectionSingletonTestClient.java,16.0,0.0,1.0,2.0,1.0,3.0,0.0,andygumbrecht@apache.org,0,0.0,0.0,0.0,0.0,0.0,0.0,0.0,0,0,0.0,false
itests/openejb-itests-client/src/main/java/org/apache/openejb/test/singleton/AnnotatedSetterInjectionSingletonLocalTestClient.java,16.0,0.0,1.0,2.0,1.0,3.0,0.0,andygumbrecht@apache.org,0,0.0,0.0,0.0,0.0,0.0,0.0,0.0,0,0,0.0,false
itests/openejb-itests-client/src/main/java/org/apache/openejb/test/singleton/AnnotatedSetterInjectionSingletonPojoHomeIntfcTests.java,27.0,1.0,6.0,4.0,5.0,6.0,0.0,andygumbrecht@apache.org,0,0.0,0.0,0.0,0.0,0.0,0.0,0.0,0,0,0.0,false
itests/openejb-itests-client/src/main/java/org/apache/openejb/test/singleton/AnnotatedSetterInjectionSingletonPojoLocalHomeIntfcTests.java,27.0,1.0,6.0,4.0,5.0,6.0,0.0,andygumbrecht@apache.org,0,0.0,0.0,0.0,0.0,0.0,0.0,0.0,0,0,0.0,false
itests/openejb-itests-client/src/main/java/org/apache/openejb/test/singleton/AnnotatedSetterInjectionSingletonTestClient.java,16.0,0.0,1.0,2.0,1.0,3.0,0.0,andygumbrecht@apache.org,0,0.0,0.0,0.0,0.0,0.0,0.0,0.0,0,0,0.0,false
itests/openejb-itests-client/src/main/java/org/apache/openejb/test/singleton/BMTSingletonAllowedOperationsTests.java,136.0,2.0,26.0,8.0,43.0,20.0,0.0,andygumbrecht@apache.org,0,0.0,0.0,0.0,0.0,0.0,0.0,0.0,0,0,0.0,false
itests/openejb-itests-client/src/main/java/org/apache/openejb/test/singleton/BasicSingletonLocalTestClient.java,16.0,1.0,1.0,2.0,1.0,3.0,0.0,andygumbrecht@apache.org,0,0.0,0.0,0.0,0.0,0.0,0.0,0.0,0,0,0.0,false
itests/openejb-itests-client/src/main/java/org/apache/openejb/test/singleton/BasicSingletonTestClient.java,11.0,1.0,0.0,1.0,0.0,1.0,0.0,andygumbrecht@apache.org,0,0.0,0.0,0.0,0.0,0.0,0.0,0.0,0,0,0.0,false
itests/openejb-itests-client/src/main/java/org/apache/openejb/test/singleton/MiscEjbTests.java,83.0,6.0,21.0,7.0,35.0,14.0,0.0,andygumbrecht@apache.org,0,0.0,0.0,0.0,0.0,0.0,0.0,0.0,0,0,0.0,false
itests/openejb-itests-client/src/main/java/org/apache/openejb/test/singleton/SingletonAllowedOperationsTests.java,143.0,3.0,34.0,9.0,45.0,23.0,0.0,andygumbrecht@apache.org,0,0.0,0.0,0.0,0.0,0.0,0.0,0.0,0,0,0.0,false
itests/openejb-itests-client/src/main/java/org/apache/openejb/test/singleton/SingletonAnnotatedFieldInjectionTests.java,264.0,3.0,0.0,24.0,91.0,70.0,0.0,andygumbrecht@apache.org,0,0.0,0.0,0.0,0.0,0.0,0.0,0.0,0,0,0.0,false
itests/openejb-itests-client/src/main/java/org/apache/openejb/test/singleton/SingletonBeanTxTests.java,163.0,10.0,71.0,14.0,52.0,47.0,0.0,andygumbrecht@apache.org,0,0.0,0.0,0.0,0.0,0.0,0.0,0.0,0,0,0.0,false
itests/openejb-itests-client/src/main/java/org/apache/openejb/test/singleton/SingletonContainerTxTests.java,395.0,7.0,0.0,39.0,189.0,79.0,0.0,andygumbrecht@apache.org,0,0.0,0.0,0.0,0.0,0.0,0.0,0.0,0,0,0.0,false
itests/openejb-itests-client/src/main/java/org/apache/openejb/test/singleton/SingletonContextLookupTests.java,220.0,2.0,0.0,20.0,75.0,58.0,0.0,andygumbrecht@apache.org,0,0.0,0.0,0.0,0.0,0.0,0.0,0.0,0,0,0.0,false
itests/openejb-itests-client/src/main/java/org/apache/openejb/test/singleton/SingletonDefaultInterceptorTests.java,14.0,3.0,1.0,2.0,0.0,2.0,0.0,dblevins@apache.org,0,0.0,0.0,0.0,0.0,0.0,0.0,0.0,0,0,0.0,false
itests/openejb-itests-client/src/main/java/org/apache/openejb/test/singleton/SingletonEjbHomeTests.java,48.0,2.0,10.0,5.0,17.0,13.0,0.0,andygumbrecht@apache.org,0,0.0,0.0,0.0,0.0,0.0,0.0,0.0,0,0,0.0,false
itests/openejb-itests-client/src/main/java/org/apache/openejb/test/singleton/SingletonEjbMetaDataTests.java,78.0,1.0,28.0,8.0,36.0,19.0,0.0,andygumbrecht@apache.org,0,0.0,0.0,0.0,0.0,0.0,0.0,0.0,0,0,0.0,false
itests/openejb-itests-client/src/main/java/org/apache/openejb/test/singleton/SingletonEjbObjectTests.java,87.0,2.0,36.0,9.0,31.0,23.0,0.0,andygumbrecht@apache.org,0,0.0,0.0,0.0,0.0,0.0,0.0,0.0,0,0,0.0,false
itests/openejb-itests-client/src/main/java/org/apache/openejb/test/singleton/SingletonFieldInjectionTests.java,264.0,5.0,0.0,24.0,91.0,70.0,0.0,andygumbrecht@apache.org,0,0.0,0.0,0.0,0.0,0.0,0.0,0.0,0,0,0.0,false
itests/openejb-itests-client/src/main/java/org/apache/openejb/test/singleton/SingletonHandleTests.java,48.0,1.0,10.0,5.0,14.0,12.0,0.0,andygumbrecht@apache.org,0,0.0,0.0,0.0,0.0,0.0,0.0,0.0,0,0,0.0,false
itests/openejb-itests-client/src/main/java/org/apache/openejb/test/singleton/SingletonHomeHandleTests.java,25.0,1.0,3.0,3.0,8.0,5.0,0.0,andygumbrecht@apache.org,0,0.0,0.0,0.0,0.0,0.0,0.0,0.0,0,0,0.0,false
itests/openejb-itests-client/src/main/java/org/apache/openejb/test/singleton/SingletonHomeIntfcTests.java,24.0,0.0,3.0,3.0,7.0,5.0,0.0,andygumbrecht@apache.org,0,0.0,0.0,0.0,0.0,0.0,0.0,0.0,0,0,0.0,false
itests/openejb-itests-client/src/main/java/org/apache/openejb/test/singleton/SingletonInterceptorTests.java,80.0,3.0,0.0,6.0,31.0,8.0,0.0,andygumbrecht@apache.org,0,0.0,0.0,0.0,0.0,0.0,0.0,0.0,0,0,0.0,false
itests/openejb-itests-client/src/main/java/org/apache/openejb/test/singleton/SingletonJndiEncTests.java,276.0,2.0,0.0,25.0,95.0,73.0,0.0,andygumbrecht@apache.org,0,0.0,0.0,0.0,0.0,0.0,0.0,0.0,0,0,0.0,false
itests/openejb-itests-client/src/main/java/org/apache/openejb/test/singleton/SingletonJndiTests.java,31.0,0.0,3.0,3.0,11.0,5.0,0.0,andygumbrecht@apache.org,0,0.0,0.0,0.0,0.0,0.0,0.0,0.0,0,0,0.0,false
itests/openejb-itests-client/src/main/java/org/apache/openejb/test/singleton/SingletonLocalBusinessIntfcTests.java,89.0,0.0,6.0,9.0,29.0,19.0,0.0,andygumbrecht@apache.org,0,0.0,0.0,0.0,0.0,0.0,0.0,0.0,0,0,0.0,false
itests/openejb-itests-client/src/main/java/org/apache/openejb/test/singleton/SingletonLocalIntfcTests.java,87.0,1.0,28.0,8.0,29.0,20.0,0.0,andygumbrecht@apache.org,0,0.0,0.0,0.0,0.0,0.0,0.0,0.0,0,0,0.0,false
itests/openejb-itests-client/src/main/java/org/apache/openejb/test/singleton/SingletonLocalTestSuite.java,45.0,2.0,1.0,2.0,1.0,3.0,0.0,andygumbrecht@apache.org,0,0.0,0.0,0.0,0.0,0.0,0.0,0.0,0,0,0.0,false
itests/openejb-itests-client/src/main/java/org/apache/openejb/test/singleton/SingletonPojoContextLookupTests.java,220.0,2.0,0.0,20.0,75.0,58.0,0.0,andygumbrecht@apache.org,0,0.0,0.0,0.0,0.0,0.0,0.0,0.0,0,0,0.0,false
itests/openejb-itests-client/src/main/java/org/apache/openejb/test/singleton/SingletonPojoEjbHomeTests.java,49.0,2.0,10.0,5.0,17.0,13.0,0.0,andygumbrecht@apache.org,0,0.0,0.0,0.0,0.0,0.0,0.0,0.0,0,0,0.0,false
itests/openejb-itests-client/src/main/java/org/apache/openejb/test/singleton/SingletonPojoEjbLocalHomeTests.java,30.0,1.0,3.0,3.0,6.0,9.0,0.0,andygumbrecht@apache.org,0,0.0,0.0,0.0,0.0,0.0,0.0,0.0,0,0,0.0,false
itests/openejb-itests-client/src/main/java/org/apache/openejb/test/singleton/SingletonPojoEjbLocalObjectTests.java,61.0,1.0,21.0,7.0,23.0,17.0,0.0,andygumbrecht@apache.org,0,0.0,0.0,0.0,0.0,0.0,0.0,0.0,0,0,0.0,false
itests/openejb-itests-client/src/main/java/org/apache/openejb/test/singleton/SingletonPojoEjbMetaDataTests.java,73.0,1.0,28.0,8.0,36.0,19.0,0.0,andygumbrecht@apache.org,0,0.0,0.0,0.0,0.0,0.0,0.0,0.0,0,0,0.0,false
itests/openejb-itests-client/src/main/java/org/apache/openejb/test/singleton/SingletonPojoEjbObjectTests.java,83.0,1.0,21.0,7.0,29.0,18.0,0.0,andygumbrecht@apache.org,0,0.0,0.0,0.0,0.0,0.0,0.0,0.0,0,0,0.0,false
itests/openejb-itests-client/src/main/java/org/apache/openejb/test/singleton/SingletonPojoHandleTests.java,42.0,1.0,10.0,5.0,16.0,11.0,0.0,andygumbrecht@apache.org,0,0.0,0.0,0.0,0.0,0.0,0.0,0.0,0,0,0.0,false
itests/openejb-itests-client/src/main/java/org/apache/openejb/test/singleton/SingletonPojoHomeHandleTests.java,25.0,1.0,3.0,3.0,8.0,5.0,0.0,andygumbrecht@apache.org,0,0.0,0.0,0.0,0.0,0.0,0.0,0.0,0,0,0.0,false
itests/openejb-itests-client/src/main/java/org/apache/openejb/test/singleton/SingletonPojoHomeIntfcTests.java,26.0,0.0,3.0,3.0,7.0,5.0,0.0,andygumbrecht@apache.org,0,0.0,0.0,0.0,0.0,0.0,0.0,0.0,0,0,0.0,false
itests/openejb-itests-client/src/main/java/org/apache/openejb/test/singleton/SingletonPojoLocalHomeIntfcTests.java,25.0,0.0,3.0,3.0,6.0,5.0,0.0,andygumbrecht@apache.org,0,0.0,0.0,0.0,0.0,0.0,0.0,0.0,0,0,0.0,false
itests/openejb-itests-client/src/main/java/org/apache/openejb/test/singleton/SingletonPojoLocalJndiTests.java,27.0,0.0,3.0,3.0,9.0,5.0,0.0,andygumbrecht@apache.org,0,0.0,0.0,0.0,0.0,0.0,0.0,0.0,0,0,0.0,false
itests/openejb-itests-client/src/main/java/org/apache/openejb/test/singleton/SingletonPojoRemoteIntrfcTests.java,84.0,0.0,28.0,8.0,30.0,20.0,0.0,andygumbrecht@apache.org,0,0.0,0.0,0.0,0.0,0.0,0.0,0.0,0,0,0.0,false
itests/openejb-itests-client/src/main/java/org/apache/openejb/test/singleton/SingletonPojoRemoteJndiTests.java,27.0,0.0,3.0,3.0,10.0,5.0,0.0,andygumbrecht@apache.org,0,0.0,0.0,0.0,0.0,0.0,0.0,0.0,0,0,0.0,false
itests/openejb-itests-client/src/main/java/org/apache/openejb/test/singleton/SingletonRemoteBusinessIntfcTests.java,93.0,0.0,15.0,10.0,29.0,21.0,0.0,andygumbrecht@apache.org,0,0.0,0.0,0.0,0.0,0.0,0.0,0.0,0,0,0.0,false
itests/openejb-itests-client/src/main/java/org/apache/openejb/test/singleton/SingletonRemoteIntfcTests.java,86.0,0.0,28.0,8.0,28.0,20.0,0.0,andygumbrecht@apache.org,0,0.0,0.0,0.0,0.0,0.0,0.0,0.0,0,0,0.0,false
itests/openejb-itests-client/src/main/java/org/apache/openejb/test/singleton/SingletonRmiIiopTests.java,777.0,7.0,0.0,61.0,388.0,202.0,0.0,andygumbrecht@apache.org,0,0.0,0.0,0.0,0.0,0.0,0.0,0.0,0,0,0.0,false
itests/openejb-itests-client/src/main/java/org/apache/openejb/test/singleton/SingletonSetterInjectionTests.java,264.0,3.0,0.0,24.0,91.0,70.0,0.0,andygumbrecht@apache.org,0,0.0,0.0,0.0,0.0,0.0,0.0,0.0,0,0,0.0,false
itests/openejb-itests-client/src/main/java/org/apache/openejb/test/singleton/SingletonTestClient.java,16.0,4.0,1.0,2.0,2.0,4.0,0.0,andygumbrecht@apache.org,0,0.0,0.0,0.0,0.0,0.0,0.0,0.0,0,0,0.0,false
itests/openejb-itests-client/src/main/java/org/apache/openejb/test/singleton/SingletonTestSuite.java,44.0,2.0,1.0,2.0,1.0,3.0,0.0,andygumbrecht@apache.org,0,0.0,0.0,0.0,0.0,0.0,0.0,0.0,0,0,0.0,false
itests/openejb-itests-client/src/main/java/org/apache/openejb/test/stateful/StatefulRmiIiopTests.java,777.0,6.0,0.0,61.0,388.0,202.0,0.0,andygumbrecht@apache.org,0,0.0,0.0,0.0,0.0,0.0,0.0,0.0,0,1,0.0,false
itests/openejb-itests-client/src/main/java/org/apache/openejb/test/stateless/StatelessRmiIiopTests.java,777.0,7.0,0.0,61.0,388.0,202.0,0.0,dblevins@apache.org,0,0.0,0.0,0.0,0.0,0.0,0.0,0.0,0,1,0.0,false
itests/openejb-itests-client/src/main/java/org/apache/openejb/test/stateless/StatelessTestClient.java,16.0,4.0,1.0,2.0,2.0,4.0,0.0,dblevins@apache.org,0,0.0,0.0,0.0,0.0,0.0,0.0,0.0,0,1,0.0,false
server/openejb-client/src/main/java/org/apache/openejb/client/Client.java,118.0,9.0,1.0,3.0,13.0,11.0,26.0,dblevins@apache.org,1,0.0026595744680851063,8.0,3.0,3.0,0.0,3140.9908256880735,106457.28033997549,1,3,0.2876820724517809,false
server/openejb-client/src/main/java/org/apache/openejb/client/EJBHomeHandler.java,161.0,10.0,91.0,14.0,27.0,43.0,0.0,null,0,0.0,0.0,0.0,0.0,0.0,0.0,0.0,0,5,0.0,false
server/openejb-client/src/main/java/org/apache/openejb/client/EJBInvocationHandler.java,157.0,22.0,78.0,17.0,29.0,46.0,0.0,dblevins@apache.org,0,0.0,0.0,0.0,0.0,0.0,0.0,0.0,0,5,0.0,false
server/openejb-client/src/main/java/org/apache/openejb/client/EJBMetaDataImpl.java,166.0,6.0,61.0,22.0,19.0,52.0,0.0,dblevins@apache.org,0,0.0,0.0,0.0,0.0,0.0,0.0,0.0,0,1,0.0,false
server/openejb-client/src/main/java/org/apache/openejb/client/EJBObjectHandler.java,152.0,7.0,103.0,15.0,30.0,40.0,0.0,null,0,0.0,0.0,0.0,0.0,0.0,0.0,0.0,0,3,0.0,false
server/openejb-client/src/main/java/org/apache/openejb/client/EjbObjectInputStream.java,38.0,5.0,6.0,4.0,9.0,15.0,0.0,andygumbrecht@apache.org,0,0.0,0.0,0.0,0.0,0.0,0.0,0.0,0,1,0.0,false
server/openejb-client/src/main/java/org/apache/openejb/client/HttpConnectionFactory.java,60.0,8.0,1.0,2.0,0.0,4.0,21.0,dblevins@apache.org,1,0.0026595744680851063,11.0,0.0,0.0,0.0,3140.9908256880735,106457.28033997549,1,0,0.2876820724517809,false
server/openejb-client/src/main/java/org/apache/openejb/client/JNDIContext.java,411.0,26.0,959.0,46.0,113.0,137.0,19.0,dblevins@apache.org,1,0.0026595744680851063,2.0,0.0,0.0,0.0,3140.9908256880735,106457.28033997549,1,11,0.2876820724517809,false
server/openejb-client/src/main/java/org/apache/openejb/client/SingletonEJBHomeHandler.java,19.0,2.0,15.0,6.0,0.0,11.0,0.0,andygumbrecht@apache.org,0,0.0,0.0,0.0,0.0,0.0,0.0,0.0,0,0,0.0,false
server/openejb-client/src/main/java/org/apache/openejb/client/SingletonEJBObjectHandler.java,35.0,2.0,45.0,10.0,3.0,20.0,0.0,andygumbrecht@apache.org,0,0.0,0.0,0.0,0.0,0.0,0.0,0.0,0,0,0.0,false
server/openejb-client/src/main/java/org/apache/openejb/client/SocketConnectionFactory.java,117.0,17.0,1.0,2.0,8.0,6.0,21.0,andygumbrecht@apache.org,1,0.0026595744680851063,11.0,6.0,6.0,0.0,3140.9908256880735,106457.28033997549,1,1,0.2876820724517809,false
server/openejb-client/src/main/java/org/apache/openejb/client/StatefulEJBHomeHandler.java,38.0,3.0,10.0,5.0,7.0,11.0,0.0,null,0,0.0,0.0,0.0,0.0,0.0,0.0,0.0,0,3,0.0,false
server/openejb-client/src/main/java/org/apache/openejb/client/StatelessEJBHomeHandler.java,19.0,2.0,15.0,6.0,0.0,11.0,0.0,null,0,0.0,0.0,0.0,0.0,0.0,0.0,0.0,0,3,0.0,false
server/openejb-ejbd/src/main/java/org/apache/openejb/server/ejbd/EjbServer.java,49.0,13.0,47.0,15.0,11.0,29.0,35.0,dblevins@apache.org,1,0.0026595744680851063,8.0,8.0,8.0,0.0,3140.9908256880735,106457.28033997549,1,1,0.2876820724517809,false
server/openejb-ejbd/src/main/java/org/apache/openejb/server/ejbd/JndiRequestHandler.java,369.0,48.0,17.0,7.0,113.0,33.0,3.0,dblevins@apache.org,1,0.0026595744680851063,2.0,0.0,0.0,0.0,3140.9908256880735,106457.28033997549,1,6,0.2876820724517809,false
server/openejb-ejbd/src/main/java/org/apache/openejb/server/ejbd/KeepAliveServer.java,147.0,21.0,0.0,10.0,15.0,23.0,13.0,andygumbrecht@apache.org,2,0.005319148936170213,21.0,5.0,5.0,0.0,4572.366825688074,189144.7803399755,2,0,0.17328679513998635,false
server/openejb-ejbd/src/test/java/org/apache/openejb/RemoteiTest.java,67.0,14.0,3.0,3.0,8.0,6.0,3.0,dblevins@apache.org,1,0.0026595744680851063,5.0,0.0,0.0,0.0,3140.9908256880735,106457.28033997549,1,3,0.2876820724517809,false
server/openejb-ejbd/src/test/java/org/apache/openejb/server/ejbd/KeepAilveTest.java,136.0,20.0,21.0,7.0,33.0,13.0,22.0,andygumbrecht@apache.org,1,0.0026595744680851063,14.0,0.0,0.0,0.0,3140.9908256880735,106457.28033997549,1,0,0.2876820724517809,false
server/openejb-ejbd/src/test/java/org/apache/openejb/server/ejbd/MultithreadTest.java,79.0,18.0,1.0,2.0,16.0,4.0,0.0,dblevins@apache.org,0,0.0,0.0,0.0,0.0,0.0,0.0,0.0,0,0,0.0,false
server/openejb-http/src/main/java/org/apache/openejb/server/httpd/HttpResponseImpl.java,401.0,13.0,355.0,34.0,69.0,72.0,0.0,rmannibucau@apache.org,0,0.0,0.0,0.0,0.0,0.0,0.0,0.0,0,1,0.0,false
server/openejb-http/src/test/java/org/apache/openejb/server/httpd/HttpEjbServerTest.java,73.0,14.0,3.0,3.0,8.0,6.0,0.0,dblevins@apache.org,0,0.0,0.0,0.0,0.0,0.0,0.0,0.0,0,1,0.0,false
server/openejb-server/src/main/java/org/apache/openejb/server/Main.java,108.0,19.0,15.0,6.0,39.0,18.0,99.0,null,1,0.0026595744680851063,5.0,0.0,0.0,5.0,3140.9908256880735,106457.28033997549,1,3,0.2876820724517809,false
server/openejb-server/src/main/java/org/apache/openejb/server/ServiceAccessController.java,84.0,15.0,8.0,12.0,25.0,34.0,1.0,dblevins@apache.org,1,0.0026595744680851063,17.0,8.0,0.0,0.0,3140.9908256880735,106457.28033997549,1,1,0.2876820724517809,false
server/openejb-server/src/main/java/org/apache/openejb/server/ServiceDaemon.java,182.0,15.0,62.0,16.0,24.0,46.0,14.0,dblevins@apache.org,1,0.0026595744680851063,21.0,4.0,7.0,0.0,3140.9908256880735,106457.28033997549,1,1,0.2876820724517809,false
server/openejb-server/src/main/java/org/apache/openejb/server/ServiceManager.java,246.0,27.0,30.0,9.0,78.0,38.0,35.0,dblevins@apache.org,1,0.0026595744680851063,7.0,2.0,2.0,2.0,3140.9908256880735,106457.28033997549,1,4,0.2876820724517809,false
server/openejb-server/src/main/java/org/apache/openejb/server/ServicePool.java,110.0,14.0,4.0,16.0,31.0,36.0,15.0,null,1,0.0026595744680851063,10.0,3.0,3.0,0.0,3140.9908256880735,106457.28033997549,1,0,0.2876820724517809,false
server/openejb-webadmin/src/main/java/org/apache/openejb/webadmin/clienttools/ViewEjbBean.java,159.0,28.0,36.0,9.0,42.0,32.0,0.0,dblevins@apache.org,0,0.0,0.0,0.0,0.0,0.0,0.0,0.0,0,1,0.0,false
server/openejb-webadmin/src/main/java/org/apache/openejb/webadmin/main/DeploymentListBean.java,192.0,30.0,53.0,11.0,28.0,37.0,0.0,dblevins@apache.org,0,0.0,0.0,0.0,0.0,0.0,0.0,0.0,0,1,0.0,false
server/openejb-webservices/src/main/java/org/apache/openejb/server/webservices/WsService.java,296.0,45.0,288.0,28.0,74.0,68.0,0.0,rmannibucau@apache.org,0,0.0,0.0,0.0,0.0,0.0,0.0,0.0,0,2,0.0,false
