name,LOC,CBO,LCOM,NOM,RFC,WMC,ACS,Ownership,numOfChanges,numberOfFIChanges,ENH,NF,BugFixing,REF,structuralWorkloadSum,semanticWorkloadSum,numberOfDeveloper,pastFaults,MAF,isBuggy
api/ejb31-api-experimental/src/main/java/javax/ejb/AccessTimeout.java,0.0,0.0,0.0,0.0,0.0,0.0,6.0,dblevins@apache.org,1,0.00558659217877095,33.0,0.0,0.0,0.0,1369.8297872340427,22909.543713092407,1,0,0.4462871026284195,false
api/ejb31-api-experimental/src/main/java/javax/ejb/IllegalLoopbackException.java,10.0,0.0,1.0,2.0,0.0,2.0,6.0,dblevins@apache.org,1,0.00558659217877095,50.0,0.0,0.0,0.0,1369.8297872340427,22909.543713092407,1,0,0.4462871026284195,false
api/ejb31-api-experimental/src/main/java/javax/ejb/ScheduleExpression.java,115.0,2.0,303.0,27.0,7.0,55.0,6.0,dblevins@apache.org,1,0.00558659217877095,33.0,0.0,0.0,0.0,1369.8297872340427,22909.543713092407,1,0,0.4462871026284195,false
api/ejb31-api-experimental/src/main/java/javax/ejb/StatefulTimeout.java,0.0,0.0,0.0,0.0,0.0,0.0,6.0,dblevins@apache.org,1,0.00558659217877095,50.0,0.0,0.0,0.0,1369.8297872340427,22909.543713092407,1,0,0.4462871026284195,false
api/ejb31-api-experimental/src/main/java/javax/ejb/embeddable/EJBContainer.java,15.0,1.0,10.0,5.0,1.0,7.0,6.0,dblevins@apache.org,1,0.00558659217877095,50.0,0.0,0.0,0.0,1369.8297872340427,22909.543713092407,1,0,0.4462871026284195,false
api/ejb31-api-experimental/src/main/java/javax/ejb/spi/EJBContainerProvider.java,3.0,1.0,0.0,1.0,0.0,1.0,6.0,dblevins@apache.org,1,0.00558659217877095,50.0,0.0,0.0,0.0,1369.8297872340427,22909.543713092407,1,0,0.4462871026284195,false
assembly/openejb-tomcat/openejb-tomcat-catalina/src/main/java/org/apache/openejb/tomcat/catalina/OpenEJBContext.java,94.0,11.0,435.0,30.0,59.0,79.0,0.0,dblevins@apache.org,0,0.0,0.0,0.0,0.0,0.0,0.0,0.0,0,0,0.0,false
assembly/openejb-tomcat/openejb-tomcat-catalina/src/main/java/org/apache/openejb/tomcat/catalina/TomcatJndiBuilder.java,405.0,62.0,0.0,15.0,120.0,45.0,4.0,dblevins@apache.org,1,0.00558659217877095,5.0,0.0,5.0,0.0,1369.8297872340427,22909.543713092407,1,0,0.4462871026284195,false
assembly/openejb-tomcat/openejb-tomcat-catalina/src/main/java/org/apache/openejb/tomcat/catalina/TomcatLoader.java,156.0,32.0,8.0,5.0,57.0,19.0,17.0,dblevins@apache.org,1,0.00558659217877095,6.0,0.0,6.0,0.0,1369.8297872340427,22909.543713092407,1,2,0.4462871026284195,false
assembly/openejb-tomcat/openejb-tomcat-catalina/src/main/java/org/apache/openejb/tomcat/catalina/TomcatSecurityService.java,163.0,16.0,28.0,9.0,27.0,29.0,0.0,dblevins@apache.org,0,0.0,0.0,0.0,0.0,0.0,0.0,0.0,0,1,0.0,false
assembly/openejb-tomcat/openejb-tomcat-catalina/src/main/java/org/apache/openejb/tomcat/catalina/TomcatWebAppBuilder.java,644.0,77.0,436.0,33.0,288.0,107.0,18.0,null,2,0.0111731843575419,6.0,2.0,3.0,2.0,1829.2583586626142,26236.061375479472,2,6,0.23052554828958383,false
assembly/openejb-tomcat/openejb-tomcat-common/src/main/java/org/apache/openejb/tomcat/common/EjbFactory.java,42.0,20.0,3.0,3.0,10.0,12.0,0.0,jgallimore@apache.org,0,0.0,0.0,0.0,0.0,0.0,0.0,0.0,0,0,0.0,false
container/openejb-api/src/main/java/org/apache/openejb/api/EjbDeployment.java,0.0,0.0,0.0,0.0,0.0,0.0,2.0,andygumbrecht@apache.org,1,0.00558659217877095,33.0,33.0,33.0,0.0,1369.8297872340427,22909.543713092407,1,0,0.4462871026284195,false
container/openejb-api/src/main/java/org/apache/openejb/api/LocalClient.java,0.0,0.0,0.0,0.0,0.0,0.0,33.0,tveronezi@apache.org,1,0.00558659217877095,33.0,0.0,0.0,0.0,1369.8297872340427,22909.543713092407,1,0,0.4462871026284195,false
container/openejb-api/src/main/java/org/apache/openejb/api/RemoteClient.java,0.0,0.0,0.0,0.0,0.0,0.0,21.0,tveronezi@apache.org,1,0.00558659217877095,50.0,25.0,0.0,0.0,1369.8297872340427,22909.543713092407,1,0,0.4462871026284195,false
container/openejb-core/src/main/java/org/apache/openejb/InjectionProcessor.java,164.0,13.0,0.0,12.0,37.0,44.0,17.0,null,1,0.00558659217877095,11.0,0.0,0.0,0.0,1369.8297872340427,22909.543713092407,1,0,0.4462871026284195,false
container/openejb-core/src/main/java/org/apache/openejb/OpenEJB.java,227.0,14.0,9.0,6.0,15.0,13.0,17.0,dblevins@apache.org,1,0.00558659217877095,2.0,0.0,2.0,0.0,1369.8297872340427,22909.543713092407,1,6,0.4462871026284195,false
container/openejb-core/src/main/java/org/apache/openejb/RpcContainer.java,11.0,1.0,3.0,3.0,0.0,7.0,0.0,tveronezi@apache.org,0,0.0,0.0,0.0,0.0,0.0,0.0,0.0,0,0,0.0,false
container/openejb-core/src/main/java/org/apache/openejb/Vendor.java,0.0,0.0,0.0,0.0,0.0,0.0,0.0,tveronezi@apache.org,0,0.0,0.0,0.0,0.0,0.0,0.0,0.0,0,0,0.0,false
container/openejb-core/src/main/java/org/apache/openejb/assembler/classic/Assembler.java,1026.0,86.0,1039.0,55.0,348.0,164.0,14.0,rmannibucau@apache.org,3,0.01675977653631285,1.0,0.0,0.0,0.0,1999.4936527802613,26617.779904575127,3,33,0.2718710547069034,false
container/openejb-core/src/main/java/org/apache/openejb/assembler/classic/ClientInfo.java,16.0,4.0,0.0,0.0,0.0,0.0,33.0,null,1,0.00558659217877095,8.0,0.0,0.0,0.0,1369.8297872340427,22909.543713092407,1,0,0.4462871026284195,false
container/openejb-core/src/main/java/org/apache/openejb/assembler/classic/EjbReferenceInfo.java,10.0,0.0,0.0,0.0,0.0,0.0,33.0,dblevins@apache.org,1,0.00558659217877095,6.0,0.0,0.0,0.0,1369.8297872340427,22909.543713092407,1,1,0.4462871026284195,false
container/openejb-core/src/main/java/org/apache/openejb/assembler/classic/JndiBuilder.java,86.0,26.0,15.0,6.0,12.0,10.0,4.0,dblevins@apache.org,2,0.0111731843575419,3.0,0.0,0.0,1.0,1540.0650813516897,23291.262242188062,2,8,0.7339691750802002,false
container/openejb-core/src/main/java/org/apache/openejb/assembler/classic/JndiEncBuilder.java,406.0,49.0,60.0,13.0,51.0,49.0,9.0,null,1,0.00558659217877095,1.0,0.0,0.0,0.0,170.23529411764707,381.7185290956537,1,14,3.2188758248682006,false
container/openejb-core/src/main/java/org/apache/openejb/assembler/classic/LazyEjbReference.java,72.0,12.0,0.0,3.0,17.0,15.0,9.0,tveronezi@apache.org,1,0.00558659217877095,8.0,0.0,8.0,8.0,170.23529411764707,381.7185290956537,1,1,3.2188758248682006,false
container/openejb-core/src/main/java/org/apache/openejb/assembler/classic/PortInfo.java,20.0,4.0,0.0,0.0,0.0,0.0,27.0,dain@apache.org,1,0.00558659217877095,12.0,0.0,0.0,0.0,304.3157894736842,740.960590906625,1,0,2.9311937524164198,false
container/openejb-core/src/main/java/org/apache/openejb/assembler/classic/WsBuilder.java,66.0,11.0,3.0,3.0,29.0,16.0,27.0,null,1,0.00558659217877095,10.0,0.0,0.0,0.0,304.3157894736842,740.960590906625,1,0,2.9311937524164198,false
container/openejb-core/src/main/java/org/apache/openejb/cli/MainImpl.java,176.0,25.0,6.0,5.0,63.0,20.0,28.0,dblevins@apache.org,2,0.0111731843575419,8.0,4.0,4.0,4.0,1829.2583586626142,26236.061375479472,2,4,0.44628710262841953,false
container/openejb-core/src/main/java/org/apache/openejb/client/LocalInitialContext.java,195.0,24.0,28.0,12.0,55.0,44.0,33.0,dblevins@apache.org,1,0.00558659217877095,4.0,0.0,0.0,0.0,1369.8297872340427,22909.543713092407,1,0,0.4462871026284195,false
container/openejb-core/src/main/java/org/apache/openejb/client/LocalInitialContextFactory.java,62.0,10.0,7.0,6.0,21.0,21.0,17.0,dblevins@apache.org,1,0.00558659217877095,5.0,0.0,5.0,0.0,1369.8297872340427,22909.543713092407,1,2,0.4462871026284195,false
container/openejb-core/src/main/java/org/apache/openejb/config/AnnotationDeployer.java,2211.0,142.0,9.0,7.0,11.0,13.0,18.0,rmannibucau@apache.org,2,0.0111731843575419,1.0,1.0,1.0,0.0,1829.2583586626142,26236.061375479472,2,17,0.3277931800671192,false
container/openejb-core/src/main/java/org/apache/openejb/config/AppInfoBuilder.java,456.0,63.0,145.0,18.0,199.0,62.0,30.0,rmannibucau@apache.org,2,0.0111731843575419,2.0,0.0,0.0,0.0,1674.1455767077268,23650.504303999034,2,3,0.9955932469624743,false
container/openejb-core/src/main/java/org/apache/openejb/config/AppModule.java,140.0,10.0,108.0,20.0,10.0,45.0,33.0,null,1,0.00558659217877095,2.0,0.0,0.0,0.0,1369.8297872340427,22909.543713092407,1,3,0.4462871026284195,false
container/openejb-core/src/main/java/org/apache/openejb/config/AutoConfig.java,1109.0,53.0,661.0,42.0,326.0,156.0,1.0,rmannibucau@apache.org,1,0.00558659217877095,1.0,0.0,0.0,0.0,1369.8297872340427,22909.543713092407,1,13,0.4462871026284195,false
container/openejb-core/src/main/java/org/apache/openejb/config/ClearEmptyMappedName.java,35.0,5.0,1.0,2.0,21.0,9.0,33.0,tveronezi@apache.org,1,0.00558659217877095,14.0,0.0,0.0,0.0,1369.8297872340427,22909.543713092407,1,0,0.4462871026284195,false
container/openejb-core/src/main/java/org/apache/openejb/config/ClientModule.java,91.0,9.0,154.0,20.0,3.0,36.0,36.0,dblevins@apache.org,2,0.0111731843575419,8.0,4.0,0.0,4.0,1829.2583586626142,26236.061375479472,2,1,0.44628710262841953,false
container/openejb-core/src/main/java/org/apache/openejb/config/ConfigUtils.java,134.0,18.0,10.0,5.0,35.0,26.0,39.0,null,1,0.00558659217877095,4.0,4.0,0.0,4.0,459.42857142857144,3326.5176623870657,1,1,1.8325814637483102,false
container/openejb-core/src/main/java/org/apache/openejb/config/ConfigurationFactory.java,795.0,70.0,646.0,40.0,262.0,144.0,33.0,null,1,0.00558659217877095,0.0,0.0,0.0,0.0,1369.8297872340427,22909.543713092407,1,26,0.4462871026284195,false
container/openejb-core/src/main/java/org/apache/openejb/config/ConfigurationPrinter.java,158.0,14.0,0.0,7.0,14.0,9.0,0.0,dblevins@apache.org,0,0.0,0.0,0.0,0.0,0.0,0.0,0.0,0,0,0.0,false
container/openejb-core/src/main/java/org/apache/openejb/config/DTDResolver.java,46.0,11.0,1.0,2.0,9.0,10.0,39.0,dblevins@apache.org,1,0.00558659217877095,20.0,20.0,0.0,20.0,459.42857142857144,3326.5176623870657,1,0,1.8325814637483102,false
container/openejb-core/src/main/java/org/apache/openejb/config/DeploymentLoader.java,930.0,54.0,193.0,26.0,397.0,137.0,25.0,rmannibucau@apache.org,2,0.0111731843575419,1.0,0.0,0.0,0.0,1829.2583586626142,26236.061375479472,2,16,0.27187105470690354,true
container/openejb-core/src/main/java/org/apache/openejb/config/DeploymentsResolver.java,252.0,15.0,1.0,3.0,61.0,20.0,36.0,dblevins@apache.org,2,0.0111731843575419,2.0,1.0,0.0,1.0,1829.2583586626142,26236.061375479472,2,4,0.44628710262841953,false
container/openejb-core/src/main/java/org/apache/openejb/config/EjbModule.java,121.0,10.0,175.0,23.0,11.0,40.0,36.0,dblevins@apache.org,2,0.0111731843575419,5.0,2.0,0.0,2.0,1829.2583586626142,26236.061375479472,2,3,0.44628710262841953,false
container/openejb-core/src/main/java/org/apache/openejb/config/EnvEntriesPropertiesDeployer.java,73.0,13.0,4.0,4.0,41.0,15.0,33.0,null,1,0.00558659217877095,4.0,0.0,0.0,0.0,1369.8297872340427,22909.543713092407,1,2,0.4462871026284195,false
container/openejb-core/src/main/java/org/apache/openejb/config/GeneratedClientModules.java,38.0,4.0,0.0,0.0,0.0,0.0,33.0,tveronezi@apache.org,1,0.00558659217877095,20.0,0.0,0.0,0.0,1369.8297872340427,22909.543713092407,1,0,0.4462871026284195,false
container/openejb-core/src/main/java/org/apache/openejb/config/InitEjbDeployments.java,124.0,15.0,34.0,9.0,57.0,32.0,1.0,dblevins@apache.org,2,0.0111731843575419,8.0,4.0,4.0,0.0,1369.8297872340427,22909.543713092407,2,2,1.3421668372424471,false
container/openejb-core/src/main/java/org/apache/openejb/config/JndiEncInfoBuilder.java,339.0,50.0,89.0,14.0,118.0,52.0,33.0,dblevins@apache.org,1,0.00558659217877095,1.0,0.0,0.0,0.0,1369.8297872340427,22909.543713092407,1,2,0.4462871026284195,false
container/openejb-core/src/main/java/org/apache/openejb/config/OutputGeneratedDescriptors.java,78.0,16.0,4.0,4.0,28.0,12.0,0.0,dblevins@apache.org,0,0.0,0.0,0.0,0.0,0.0,0.0,0.0,0,1,0.0,false
container/openejb-core/src/main/java/org/apache/openejb/config/PersistenceContextAnnFactory.java,188.0,15.0,0.0,2.0,13.0,10.0,39.0,null,1,0.00558659217877095,6.0,6.0,0.0,6.0,459.42857142857144,3326.5176623870657,1,0,1.8325814637483102,false
container/openejb-core/src/main/java/org/apache/openejb/config/ReadDescriptors.java,514.0,45.0,231.0,22.0,164.0,100.0,33.0,rmannibucau@apache.org,1,0.00558659217877095,1.0,0.0,0.0,0.0,1369.8297872340427,22909.543713092407,1,5,0.4462871026284195,false
container/openejb-core/src/main/java/org/apache/openejb/config/ReportValidationResults.java,57.0,7.0,0.0,2.0,36.0,9.0,0.0,dblevins@apache.org,0,0.0,0.0,0.0,0.0,0.0,0.0,0.0,0,3,0.0,false
container/openejb-core/src/main/java/org/apache/openejb/config/ServiceUtils.java,192.0,19.0,89.0,15.0,50.0,62.0,0.0,dblevins@apache.org,0,0.0,0.0,0.0,0.0,0.0,0.0,0.0,0,4,0.0,false
container/openejb-core/src/main/java/org/apache/openejb/config/WebModule.java,104.0,11.0,133.0,19.0,11.0,36.0,2.0,null,2,0.0111731843575419,6.0,0.0,2.0,0.0,1393.8297872340427,22917.066408919272,2,3,1.1001732713029035,false
container/openejb-core/src/main/java/org/apache/openejb/config/WsDeployer.java,328.0,34.0,26.0,8.0,159.0,46.0,27.0,null,1,0.00558659217877095,3.0,0.0,0.0,0.0,304.3157894736842,740.960590906625,1,1,2.9311937524164198,false
container/openejb-core/src/main/java/org/apache/openejb/config/rules/CheckCallbacks.java,215.0,23.0,28.0,8.0,77.0,39.0,39.0,dblevins@apache.org,1,0.00558659217877095,3.0,3.0,0.0,3.0,459.42857142857144,3326.5176623870657,1,2,1.8325814637483102,false
container/openejb-core/src/main/java/org/apache/openejb/config/rules/CheckClasses.java,226.0,22.0,55.0,11.0,81.0,41.0,39.0,dblevins@apache.org,1,0.00558659217877095,3.0,3.0,0.0,3.0,459.42857142857144,3326.5176623870657,1,4,1.8325814637483102,false
container/openejb-core/src/main/java/org/apache/openejb/config/sys/JaxbOpenejb.java,322.0,36.0,341.0,27.0,102.0,87.0,39.0,rmannibucau@apache.org,1,0.00558659217877095,3.0,3.0,0.0,3.0,459.42857142857144,3326.5176623870657,1,1,1.8325814637483102,false
container/openejb-core/src/main/java/org/apache/openejb/core/BaseSessionContext.java,227.0,19.0,21.0,7.0,10.0,15.0,0.0,dblevins@apache.org,0,0.0,0.0,0.0,0.0,0.0,0.0,0.0,0,2,0.0,false
container/openejb-core/src/main/java/org/apache/openejb/core/CoreContainerSystem.java,69.0,6.0,53.0,14.0,26.0,25.0,9.0,dblevins@apache.org,1,0.00558659217877095,3.0,0.0,0.0,0.0,170.23529411764707,381.7185290956537,1,1,3.2188758248682006,false
container/openejb-core/src/main/java/org/apache/openejb/core/CoreDeploymentInfo.java,819.0,39.0,6852.0,120.0,144.0,266.0,0.0,dblevins@apache.org,0,0.0,0.0,0.0,0.0,0.0,0.0,0.0,0,12,0.0,false
container/openejb-core/src/main/java/org/apache/openejb/core/RpcContainerWrapper.java,36.0,5.0,0.0,11.0,10.0,24.0,0.0,dblevins@apache.org,0,0.0,0.0,0.0,0.0,0.0,0.0,0.0,0,0,0.0,false
container/openejb-core/src/main/java/org/apache/openejb/core/TempClassLoader.java,96.0,12.0,9.0,6.0,25.0,18.0,19.0,rmannibucau@apache.org,2,0.0111731843575419,6.0,2.0,2.0,2.0,1829.2583586626142,26236.061375479472,2,4,0.27187105470690354,false
container/openejb-core/src/main/java/org/apache/openejb/core/ThreadContext.java,123.0,6.0,167.0,22.0,20.0,44.0,3.0,dblevins@apache.org,1,0.00558659217877095,3.0,0.0,3.0,0.0,1369.8297872340427,22909.543713092407,1,4,0.4462871026284195,false
container/openejb-core/src/main/java/org/apache/openejb/core/UnauthenticatedPrincipal.java,11.0,1.0,1.0,2.0,0.0,3.0,0.0,tveronezi@apache.org,0,0.0,0.0,0.0,0.0,0.0,0.0,0.0,0,0,0.0,false
container/openejb-core/src/main/java/org/apache/openejb/core/cmp/CmpContainer.java,662.0,50.0,508.0,36.0,246.0,141.0,0.0,dain@apache.org,0,0.0,0.0,0.0,0.0,0.0,0.0,0.0,0,14,0.0,false
container/openejb-core/src/main/java/org/apache/openejb/core/cmp/cmp2/Cmp1Generator.java,54.0,5.0,0.0,5.0,15.0,11.0,39.0,null,1,0.00558659217877095,6.0,6.0,0.0,6.0,459.42857142857144,3326.5176623870657,1,1,1.8325814637483102,false
container/openejb-core/src/main/java/org/apache/openejb/core/cmp/cmp2/Cmp2Generator.java,761.0,16.0,0.0,35.0,328.0,93.0,39.0,null,1,0.00558659217877095,3.0,3.0,0.0,3.0,459.42857142857144,3326.5176623870657,1,5,1.8325814637483102,false
container/openejb-core/src/main/java/org/apache/openejb/core/cmp/cmp2/CmpField.java,22.0,2.0,0.0,5.0,1.0,9.0,39.0,null,1,0.00558659217877095,9.0,9.0,0.0,9.0,459.42857142857144,3326.5176623870657,1,0,1.8325814637483102,false
container/openejb-core/src/main/java/org/apache/openejb/core/cmp/cmp2/CmrField.java,100.0,1.0,3.0,15.0,21.0,38.0,39.0,null,1,0.00558659217877095,10.0,10.0,0.0,10.0,459.42857142857144,3326.5176623870657,1,2,1.8325814637483102,false
container/openejb-core/src/main/java/org/apache/openejb/core/cmp/cmp2/CmrStyle.java,0.0,0.0,0.0,0.0,0.0,0.0,39.0,null,1,0.00558659217877095,9.0,9.0,0.0,9.0,459.42857142857144,3326.5176623870657,1,0,1.8325814637483102,false
container/openejb-core/src/main/java/org/apache/openejb/core/cmp/cmp2/PostCreateGenerator.java,62.0,6.0,0.0,4.0,20.0,10.0,39.0,null,1,0.00558659217877095,8.0,8.0,0.0,8.0,459.42857142857144,3326.5176623870657,1,0,1.8325814637483102,false
container/openejb-core/src/main/java/org/apache/openejb/core/entity/EntityContainer.java,334.0,43.0,145.0,23.0,146.0,78.0,0.0,dblevins@apache.org,0,0.0,0.0,0.0,0.0,0.0,0.0,0.0,0,9,0.0,false
container/openejb-core/src/main/java/org/apache/openejb/core/entity/EntityEjbHomeHandler.java,88.0,15.0,15.0,6.0,30.0,23.0,0.0,dblevins@apache.org,0,0.0,0.0,0.0,0.0,0.0,0.0,0.0,0,2,0.0,false
container/openejb-core/src/main/java/org/apache/openejb/core/entity/EntityEjbObjectHandler.java,68.0,8.0,21.0,7.0,9.0,17.0,0.0,dblevins@apache.org,0,0.0,0.0,0.0,0.0,0.0,0.0,0.0,0,2,0.0,false
container/openejb-core/src/main/java/org/apache/openejb/core/ivm/BaseEjbProxyHandler.java,409.0,44.0,509.0,35.0,121.0,108.0,0.0,dblevins@apache.org,0,0.0,0.0,0.0,0.0,0.0,0.0,0.0,0,13,0.0,false
container/openejb-core/src/main/java/org/apache/openejb/core/ivm/EjbHomeProxyHandler.java,231.0,24.0,134.0,17.0,69.0,60.0,0.0,dblevins@apache.org,0,0.0,0.0,0.0,0.0,0.0,0.0,0.0,0,10,0.0,true
container/openejb-core/src/main/java/org/apache/openejb/core/ivm/EjbObjectProxyHandler.java,159.0,15.0,91.0,14.0,46.0,41.0,0.0,dblevins@apache.org,0,0.0,0.0,0.0,0.0,0.0,0.0,0.0,0,7,0.0,true
container/openejb-core/src/main/java/org/apache/openejb/core/ivm/naming/InitContextFactory.java,50.0,9.0,1.0,2.0,14.0,10.0,9.0,dblevins@apache.org,1,0.00558659217877095,5.0,0.0,5.0,5.0,170.23529411764707,381.7185290956537,1,0,3.2188758248682006,false
container/openejb-core/src/main/java/org/apache/openejb/core/ivm/naming/IvmContext.java,411.0,37.0,880.0,45.0,109.0,142.0,0.0,null,0,0.0,0.0,0.0,0.0,0.0,0.0,0.0,0,2,0.0,false
container/openejb-core/src/main/java/org/apache/openejb/core/ivm/naming/JndiUrlReference.java,9.0,1.0,0.0,2.0,1.0,4.0,1.0,tveronezi@apache.org,1,0.00558659217877095,11.0,0.0,0.0,0.0,1369.8297872340427,22909.543713092407,1,0,0.4462871026284195,false
container/openejb-core/src/main/java/org/apache/openejb/core/ivm/naming/NameNode.java,252.0,1.0,0.0,23.0,38.0,67.0,1.0,null,1,0.00558659217877095,5.0,0.0,5.0,0.0,170.23529411764707,381.7185290956537,1,3,3.2188758248682006,false
container/openejb-core/src/main/java/org/apache/openejb/core/ivm/naming/ParsedName.java,108.0,1.0,34.0,13.0,27.0,42.0,0.0,tveronezi@apache.org,0,0.0,0.0,0.0,0.0,0.0,0.0,0.0,0,0,0.0,false
container/openejb-core/src/main/java/org/apache/openejb/core/ivm/naming/java/javaURLContextFactory.java,20.0,10.0,1.0,2.0,7.0,7.0,0.0,dblevins@apache.org,1,0.00558659217877095,7.0,0.0,7.0,7.0,170.23529411764707,381.7185290956537,1,0,3.2188758248682006,false
container/openejb-core/src/main/java/org/apache/openejb/core/ivm/naming/openejb/openejbURLContextFactory.java,13.0,7.0,1.0,2.0,5.0,6.0,0.0,tveronezi@apache.org,0,0.0,0.0,0.0,0.0,0.0,0.0,0.0,0,0,0.0,false
container/openejb-core/src/main/java/org/apache/openejb/core/mdb/MdbContainer.java,280.0,41.0,125.0,19.0,99.0,66.0,0.0,null,0,0.0,0.0,0.0,0.0,0.0,0.0,0.0,0,7,0.0,false
container/openejb-core/src/main/java/org/apache/openejb/core/mdb/MdbInstanceFactory.java,187.0,23.0,4.0,8.0,44.0,35.0,33.0,dblevins@apache.org,1,0.00558659217877095,2.0,0.0,0.0,0.0,1369.8297872340427,22909.543713092407,1,4,0.4462871026284195,false
container/openejb-core/src/main/java/org/apache/openejb/core/security/AbstractSecurityService.java,253.0,34.0,184.0,21.0,67.0,57.0,0.0,rmannibucau@apache.org,0,0.0,0.0,0.0,0.0,0.0,0.0,0.0,0,2,0.0,false
container/openejb-core/src/main/java/org/apache/openejb/core/security/SecurityServiceImpl.java,45.0,11.0,8.0,5.0,15.0,13.0,1.0,dblevins@apache.org,1,0.00558659217877095,3.0,0.0,0.0,0.0,1369.8297872340427,22909.543713092407,1,3,0.4462871026284195,false
container/openejb-core/src/main/java/org/apache/openejb/core/security/jaas/PropertiesLoginModule.java,105.0,20.0,0.0,6.0,34.0,23.0,1.0,tveronezi@apache.org,1,0.00558659217877095,6.0,0.0,0.0,0.0,1369.8297872340427,22909.543713092407,1,1,0.4462871026284195,false
container/openejb-core/src/main/java/org/apache/openejb/core/security/jaas/UserPrincipal.java,30.0,2.0,0.0,5.0,3.0,13.0,0.0,tveronezi@apache.org,0,0.0,0.0,0.0,0.0,0.0,0.0,0.0,0,1,0.0,false
container/openejb-core/src/main/java/org/apache/openejb/core/singleton/SingletonContainer.java,232.0,37.0,111.0,18.0,81.0,54.0,39.0,dblevins@apache.org,1,0.00558659217877095,2.0,2.0,0.0,2.0,459.42857142857144,3326.5176623870657,1,0,1.8325814637483102,false
container/openejb-core/src/main/java/org/apache/openejb/core/singleton/SingletonInstanceManager.java,256.0,38.0,47.0,11.0,68.0,38.0,0.0,dblevins@apache.org,0,0.0,0.0,0.0,0.0,0.0,0.0,0.0,0,1,0.0,false
container/openejb-core/src/main/java/org/apache/openejb/core/stateful/StatefulContainer.java,736.0,59.0,320.0,29.0,199.0,109.0,17.0,dblevins@apache.org,1,0.00558659217877095,2.0,0.0,1.0,0.0,1369.8297872340427,22909.543713092407,1,11,0.4462871026284195,false
container/openejb-core/src/main/java/org/apache/openejb/core/stateful/StatefulEjbObjectHandler.java,62.0,9.0,10.0,5.0,8.0,12.0,0.0,dblevins@apache.org,0,0.0,0.0,0.0,0.0,0.0,0.0,0.0,0,2,0.0,false
container/openejb-core/src/main/java/org/apache/openejb/core/stateless/StatelessContainer.java,204.0,30.0,96.0,17.0,70.0,49.0,21.0,dblevins@apache.org,2,0.0111731843575419,3.0,1.0,1.0,1.0,1829.2583586626142,26236.061375479472,2,8,0.44628710262841953,false
container/openejb-core/src/main/java/org/apache/openejb/core/transaction/EjbTransactionUtil.java,116.0,10.0,19.0,7.0,25.0,23.0,3.0,dblevins@apache.org,1,0.00558659217877095,8.0,0.0,8.0,0.0,1369.8297872340427,22909.543713092407,1,0,0.4462871026284195,false
container/openejb-core/src/main/java/org/apache/openejb/core/webservices/HandlerResolverImpl.java,130.0,14.0,39.0,10.0,45.0,33.0,33.0,tveronezi@apache.org,1,0.00558659217877095,9.0,0.0,0.0,0.0,1369.8297872340427,22909.543713092407,1,0,0.4462871026284195,false
container/openejb-core/src/main/java/org/apache/openejb/core/webservices/JaxWsUtils.java,250.0,9.0,231.0,22.0,81.0,80.0,27.0,tveronezi@apache.org,1,0.00558659217877095,7.0,0.0,0.0,0.0,304.3157894736842,740.960590906625,1,1,2.9311937524164198,false
container/openejb-core/src/main/java/org/apache/openejb/core/webservices/PortData.java,87.0,7.0,254.0,24.0,0.0,37.0,27.0,null,1,0.00558659217877095,10.0,0.0,0.0,0.0,304.3157894736842,740.960590906625,1,0,2.9311937524164198,false
container/openejb-core/src/main/java/org/apache/openejb/mgmt/MEJBBean.java,45.0,19.0,0.0,12.0,14.0,30.0,1.0,tveronezi@apache.org,1,0.00558659217877095,14.0,0.0,14.0,0.0,1369.8297872340427,22909.543713092407,1,0,0.4462871026284195,false
container/openejb-core/src/main/java/org/apache/openejb/persistence/JtaEntityManagerRegistry.java,214.0,8.0,10.0,8.0,16.0,27.0,27.0,null,1,0.00558659217877095,5.0,0.0,0.0,0.0,304.3157894736842,740.960590906625,1,2,2.9311937524164198,false
container/openejb-core/src/main/java/org/apache/openejb/resource/jdbc/BasicDataSourceUtil.java,42.0,4.0,3.0,3.0,12.0,10.0,39.0,null,1,0.00558659217877095,5.0,5.0,0.0,5.0,459.42857142857144,3326.5176623870657,1,0,1.8325814637483102,false
container/openejb-core/src/main/java/org/apache/openejb/resource/jdbc/InstantdbDataSourcePlugin.java,40.0,6.0,1.0,2.0,15.0,6.0,39.0,dblevins@apache.org,1,0.00558659217877095,17.0,17.0,0.0,17.0,459.42857142857144,3326.5176623870657,1,0,1.8325814637483102,false
container/openejb-core/src/main/java/org/apache/openejb/spi/CallerPrincipal.java,0.0,0.0,0.0,0.0,0.0,0.0,0.0,tveronezi@apache.org,0,0.0,0.0,0.0,0.0,0.0,0.0,0.0,0,1,0.0,false
container/openejb-core/src/main/java/org/apache/openejb/spi/SecurityService.java,33.0,4.0,28.0,8.0,0.0,14.0,0.0,dblevins@apache.org,0,0.0,0.0,0.0,0.0,0.0,0.0,0.0,0,1,0.0,false
container/openejb-core/src/main/java/org/apache/openejb/util/AnnotationFinder.java,240.0,21.0,15.0,14.0,52.0,49.0,39.0,rmannibucau@apache.org,1,0.00558659217877095,4.0,4.0,0.0,4.0,459.42857142857144,3326.5176623870657,1,0,1.8325814637483102,false
container/openejb-core/src/main/java/org/apache/openejb/util/AsmParameterNameLoader.java,248.0,21.0,24.0,8.0,65.0,35.0,39.0,dblevins@apache.org,1,0.00558659217877095,12.0,12.0,0.0,12.0,459.42857142857144,3326.5176623870657,1,1,1.8325814637483102,false
container/openejb-core/src/main/java/org/apache/openejb/util/Debug.java,55.0,14.0,28.0,8.0,29.0,26.0,0.0,dblevins@apache.org,0,0.0,0.0,0.0,0.0,0.0,0.0,0.0,0,2,0.0,false
container/openejb-core/src/main/java/org/apache/openejb/util/Logger.java,375.0,3.0,0.0,37.0,100.0,121.0,17.0,null,1,0.00558659217877095,2.0,0.0,2.0,0.0,1369.8297872340427,22909.543713092407,1,9,0.4462871026284195,false
container/openejb-core/src/main/java/org/apache/openejb/util/MakeTxLookup.java,111.0,6.0,10.0,5.0,52.0,11.0,39.0,dblevins@apache.org,1,0.00558659217877095,11.0,11.0,0.0,11.0,459.42857142857144,3326.5176623870657,1,1,1.8325814637483102,false
container/openejb-core/src/main/java/org/apache/openejb/util/OpenEjbVersion.java,50.0,3.0,18.0,8.0,9.0,16.0,39.0,tveronezi@apache.org,1,0.00558659217877095,6.0,6.0,0.0,6.0,459.42857142857144,3326.5176623870657,1,1,1.8325814637483102,false
container/openejb-core/src/main/java/org/apache/openejb/util/OptionsLog.java,36.0,2.0,0.0,10.0,12.0,13.0,17.0,tveronezi@apache.org,1,0.00558659217877095,14.0,0.0,14.0,0.0,1369.8297872340427,22909.543713092407,1,0,0.4462871026284195,false
container/openejb-core/src/test/java/org/apache/openejb/DependenceValidationTest.java,67.0,14.0,6.0,5.0,28.0,15.0,39.0,null,1,0.00558659217877095,3.0,3.0,0.0,3.0,459.42857142857144,3326.5176623870657,1,2,1.8325814637483102,false
container/openejb-core/src/test/java/org/apache/openejb/DependencyVisitor.java,238.0,13.0,1705.0,59.0,52.0,99.0,39.0,dblevins@apache.org,1,0.00558659217877095,12.0,12.0,0.0,12.0,459.42857142857144,3326.5176623870657,1,0,1.8325814637483102,false
container/openejb-core/src/test/java/org/apache/openejb/config/AltDDPrefixTest.java,46.0,10.0,1.0,2.0,18.0,4.0,0.0,dblevins@apache.org,0,0.0,0.0,0.0,0.0,0.0,0.0,0.0,0,1,0.0,false
container/openejb-core/src/test/java/org/apache/openejb/config/AppInfoBuilderTest.java,117.0,9.0,3.0,3.0,58.0,7.0,27.0,jgallimore@apache.org,1,0.00558659217877095,17.0,0.0,0.0,0.0,304.3157894736842,740.960590906625,1,0,2.9311937524164198,false
container/openejb-core/src/test/java/org/apache/openejb/config/AppPathsTest.java,30.0,7.0,1.0,2.0,8.0,5.0,0.0,andygumbrecht@apache.org,0,0.0,0.0,0.0,0.0,0.0,0.0,0.0,0,0,0.0,false
container/openejb-core/src/test/java/org/apache/openejb/config/AutoConfigPersistenceUnitsTest.java,481.0,21.0,0.0,28.0,175.0,68.0,1.0,dblevins@apache.org,1,0.00558659217877095,4.0,0.0,0.0,0.0,1369.8297872340427,22909.543713092407,1,3,0.4462871026284195,false
container/openejb-core/src/test/java/org/apache/openejb/config/ConfigurationFactoryTest.java,68.0,15.0,21.0,7.0,37.0,14.0,2.0,null,1,0.00558659217877095,11.0,0.0,0.0,0.0,24.0,7.522695826866218,1,1,4.31748811353631,false
container/openejb-core/src/test/java/org/apache/openejb/config/InheritenceTest.java,522.0,62.0,2556.0,72.0,137.0,144.0,0.0,dblevins@apache.org,0,0.0,0.0,0.0,0.0,0.0,0.0,0.0,0,1,0.0,false
container/openejb-core/src/test/java/org/apache/openejb/config/LocalClientTest.java,92.0,34.0,4.0,4.0,35.0,8.0,33.0,dblevins@apache.org,1,0.00558659217877095,10.0,0.0,0.0,0.0,1369.8297872340427,22909.543713092407,1,0,0.4462871026284195,false
container/openejb-core/src/test/java/org/apache/openejb/config/MappedNameTest.java,37.0,13.0,0.0,1.0,12.0,2.0,0.0,andygumbrecht@apache.org,0,0.0,0.0,0.0,0.0,0.0,0.0,0.0,0,0,0.0,false
container/openejb-core/src/test/java/org/apache/openejb/config/UberInterfaceTest.java,54.0,19.0,0.0,1.0,20.0,2.0,0.0,dblevins@apache.org,0,0.0,0.0,0.0,0.0,0.0,0.0,0.0,0,0,0.0,false
container/openejb-core/src/test/java/org/apache/openejb/core/TempClassLoaderTest.java,27.0,2.0,1.0,2.0,13.0,4.0,17.0,andygumbrecht@apache.org,1,0.00558659217877095,20.0,0.0,20.0,0.0,1369.8297872340427,22909.543713092407,1,1,0.4462871026284195,false
container/openejb-core/src/test/java/org/apache/openejb/core/cmp/jpa/JpaTest.java,256.0,38.0,147.0,19.0,92.0,61.0,39.0,dain@apache.org,1,0.00558659217877095,3.0,3.0,0.0,3.0,459.42857142857144,3326.5176623870657,1,5,1.8325814637483102,false
container/openejb-core/src/test/java/org/apache/openejb/core/ivm/naming/IvmContextTest.java,211.0,10.0,0.0,18.0,94.0,52.0,0.0,dblevins@apache.org,0,0.0,0.0,0.0,0.0,0.0,0.0,0.0,0,2,0.0,false
container/openejb-core/src/test/java/org/apache/openejb/core/ivm/naming/OpenejbLookupTest.java,55.0,12.0,3.0,3.0,21.0,6.0,0.0,dblevins@apache.org,0,0.0,0.0,0.0,0.0,0.0,0.0,0.0,0,0,0.0,false
container/openejb-core/src/test/java/org/apache/openejb/core/ivm/naming/ParsedNameTest.java,21.0,1.0,0.0,1.0,5.0,1.0,0.0,andygumbrecht@apache.org,0,0.0,0.0,0.0,0.0,0.0,0.0,0.0,0,0,0.0,false
container/openejb-core/src/test/java/org/apache/openejb/core/singleton/SingletonLazyInstantiationTest.java,104.0,18.0,4.0,4.0,27.0,10.0,0.0,andygumbrecht@apache.org,0,0.0,0.0,0.0,0.0,0.0,0.0,0.0,0,1,0.0,false
container/openejb-core/src/test/java/org/apache/openejb/core/stateless/JaxRpcInvocationTest.java,124.0,28.0,4.0,4.0,34.0,8.0,0.0,andygumbrecht@apache.org,0,0.0,0.0,0.0,0.0,0.0,0.0,0.0,0,1,0.0,false
container/openejb-core/src/test/java/org/apache/openejb/core/stateless/JaxWsInvocationTest.java,164.0,33.0,4.0,4.0,34.0,8.0,0.0,andygumbrecht@apache.org,0,0.0,0.0,0.0,0.0,0.0,0.0,0.0,0,0,0.0,false
container/openejb-core/src/test/java/org/apache/openejb/core/webservices/HandlerResolverImplTest.java,122.0,13.0,21.0,7.0,44.0,15.0,33.0,null,1,0.00558659217877095,20.0,0.0,0.0,0.0,1369.8297872340427,22909.543713092407,1,0,0.4462871026284195,false
container/openejb-core/src/test/java/org/apache/openejb/util/OptionsTest.java,17.0,3.0,0.0,1.0,4.0,3.0,0.0,dblevins@apache.org,0,0.0,0.0,0.0,0.0,0.0,0.0,0.0,0,0,0.0,false
container/openejb-jee/src/main/java/org/apache/openejb/jee/ApplicationClient.java,228.0,15.0,896.0,44.0,18.0,105.0,33.0,dblevins@apache.org,1,0.00558659217877095,7.0,0.0,0.0,0.0,1369.8297872340427,22909.543713092407,1,2,0.4462871026284195,false
container/openejb-jee/src/main/java/org/apache/openejb/jee/oejb2/WebServiceSecurityType.java,85.0,9.0,45.0,11.0,0.0,20.0,27.0,andygumbrecht@apache.org,1,0.00558659217877095,20.0,0.0,0.0,0.0,304.3157894736842,740.960590906625,1,0,2.9311937524164198,false
container/openejb-loader/src/main/java/org/apache/openejb/loader/Options.java,277.0,10.0,103.0,22.0,79.0,69.0,17.0,dblevins@apache.org,1,0.00558659217877095,8.0,0.0,8.0,0.0,1369.8297872340427,22909.543713092407,1,0,0.4462871026284195,false
container/openejb-loader/src/main/java/org/apache/openejb/loader/SystemInstance.java,129.0,3.0,128.0,20.0,17.0,46.0,0.0,rmannibucau@apache.org,0,0.0,0.0,0.0,0.0,0.0,0.0,0.0,0,2,0.0,false
container/openejb-loader/src/test/java/org/apache/openejb/loader/SystemInstanceTest.java,30.0,4.0,0.0,1.0,7.0,1.0,0.0,andygumbrecht@apache.org,0,0.0,0.0,0.0,0.0,0.0,0.0,0.0,0,0,0.0,false
container/openejb-spring/src/main/java/org/apache/openejb/spring/EJB.java,63.0,6.0,21.0,11.0,17.0,24.0,0.0,dblevins@apache.org,0,0.0,0.0,0.0,0.0,0.0,0.0,0.0,0,1,0.0,false
examples/simple-webservice/src/main/java/org/superbiz/calculator/CalculatorImpl.java,26.0,5.0,6.0,4.0,2.0,13.0,9.0,null,2,0.0111731843575419,38.0,12.0,12.0,12.0,763.7443609022557,4067.4782532936906,2,0,1.5622713916762008,false
examples/simple-webservice/src/main/java/org/superbiz/calculator/CalculatorLocal.java,2.0,0.0,0.0,0.0,0.0,0.0,0.0,dblevins@apache.org,0,0.0,0.0,0.0,0.0,0.0,0.0,0.0,0,0,0.0,false
examples/simple-webservice/src/main/java/org/superbiz/calculator/CalculatorWs.java,8.0,8.0,3.0,3.0,0.0,4.0,5.0,dblevins@apache.org,1,0.00558659217877095,17.0,0.0,0.0,0.0,304.3157894736842,740.960590906625,1,0,2.9311937524164198,false
examples/simple-webservice/src/main/java/org/superbiz/handler/DummyInterceptor.java,16.0,6.0,10.0,5.0,1.0,8.0,7.0,jgallimore@apache.org,2,0.0111731843575419,50.0,25.0,0.0,0.0,1674.1455767077268,23650.504303999034,2,0,0.9955932469624743,false
examples/simple-webservice/src/test/java/org/superbiz/calculator/CalculatorTest.java,38.0,9.0,0.0,3.0,17.0,10.0,11.0,dblevins@apache.org,1,0.00558659217877095,10.0,0.0,0.0,0.0,304.3157894736842,740.960590906625,1,0,2.9311937524164198,true
examples/testcase-injection/src/main/java/org/superbiz/testinjection/Movie.java,30.0,1.0,10.0,8.0,0.0,11.0,9.0,andygumbrecht@apache.org,1,0.00558659217877095,50.0,0.0,0.0,0.0,1369.8297872340427,22909.543713092407,1,0,0.4462871026284195,false
examples/testcase-injection/src/main/java/org/superbiz/testinjection/Movies.java,8.0,2.0,3.0,3.0,0.0,6.0,12.0,dblevins@apache.org,1,0.00558659217877095,33.0,0.0,0.0,0.0,1369.8297872340427,22909.543713092407,1,0,0.4462871026284195,false
examples/testcase-injection/src/main/java/org/superbiz/testinjection/MoviesImpl.java,13.0,8.0,0.0,3.0,4.0,7.0,10.0,dblevins@apache.org,1,0.00558659217877095,33.0,0.0,0.0,0.0,1369.8297872340427,22909.543713092407,1,0,0.4462871026284195,false
examples/testcase-injection/src/test/java/org/superbiz/testinjection/MoviesTest.java,31.0,13.0,1.0,2.0,9.0,5.0,12.0,dblevins@apache.org,1,0.00558659217877095,20.0,0.0,0.0,0.0,1369.8297872340427,22909.543713092407,1,0,0.4462871026284195,false
examples/webservice-security/src/test/java/org/superbiz/calculator/CalculatorTest.java,24.0,10.0,1.0,2.0,9.0,4.0,11.0,dblevins@apache.org,1,0.00558659217877095,14.0,14.0,0.0,0.0,459.42857142857144,3326.5176623870657,1,0,1.8325814637483102,false
examples/webservice-ws-security/src/main/java/org/superbiz/calculator/CalculatorImpl.java,11.0,4.0,1.0,2.0,0.0,4.0,9.0,andygumbrecht@apache.org,1,0.00558659217877095,20.0,0.0,0.0,0.0,304.3157894736842,740.960590906625,1,0,2.9311937524164198,false
examples/webservice-ws-security/src/test/java/org/superbiz/calculator/CalculatorTest.java,163.0,26.0,78.0,13.0,88.0,26.0,11.0,andygumbrecht@apache.org,1,0.00558659217877095,8.0,0.0,0.0,0.0,304.3157894736842,740.960590906625,1,0,2.9311937524164198,false
examples/webservice-ws-security/src/test/java/org/superbiz/calculator/CustomPasswordHandler.java,29.0,8.0,0.0,1.0,10.0,5.0,27.0,dblevins@apache.org,1,0.00558659217877095,12.0,0.0,0.0,0.0,304.3157894736842,740.960590906625,1,0,2.9311937524164198,false
itests/openejb-itests-beans/src/main/java/org/apache/openejb/test/object/Color.java,0.0,0.0,0.0,0.0,0.0,0.0,13.0,dblevins@apache.org,1,0.00558659217877095,100.0,50.0,50.0,0.0,1369.8297872340427,22909.543713092407,1,0,0.4462871026284195,false
itests/openejb-itests-beans/src/main/java/org/apache/openejb/test/stateless/BasicStatelessBean.java,164.0,15.0,73.0,14.0,27.0,31.0,17.0,dblevins@apache.org,1,0.00558659217877095,8.0,0.0,8.0,0.0,1369.8297872340427,22909.543713092407,1,2,0.4462871026284195,false
itests/openejb-itests-beans/src/main/java/org/apache/openejb/test/stateless/RmiIiopStatelessBean.java,288.0,10.0,2016.0,64.0,17.0,147.0,17.0,dblevins@apache.org,1,0.00558659217877095,17.0,0.0,17.0,0.0,1369.8297872340427,22909.543713092407,1,2,0.4462871026284195,false
itests/openejb-itests-beans/src/main/java/org/apache/openejb/test/stateless/RmiIiopStatelessObject.java,64.0,7.0,1653.0,58.0,0.0,174.0,17.0,dblevins@apache.org,1,0.00558659217877095,20.0,0.0,20.0,0.0,1369.8297872340427,22909.543713092407,1,1,0.4462871026284195,false
itests/openejb-itests-client/src/main/java/org/apache/openejb/test/TestClient.java,76.0,12.0,13.0,6.0,31.0,19.0,39.0,dblevins@apache.org,1,0.00558659217877095,12.0,12.0,0.0,12.0,459.42857142857144,3326.5176623870657,1,2,1.8325814637483102,false
itests/openejb-itests-client/src/main/java/org/apache/openejb/test/entity/cmr/CmrMappingTests.java,354.0,18.0,25.0,22.0,139.0,65.0,0.0,andygumbrecht@apache.org,0,0.0,0.0,0.0,0.0,0.0,0.0,0.0,0,0,0.0,false
itests/openejb-itests-client/src/main/java/org/apache/openejb/test/stateless/StatelessRmiIiopTests.java,839.0,8.0,0.0,66.0,422.0,218.0,17.0,dblevins@apache.org,1,0.00558659217877095,20.0,0.0,20.0,0.0,1369.8297872340427,22909.543713092407,1,1,0.4462871026284195,false
server/openejb-axis/src/main/java/org/apache/openejb/server/axis/EjbContainerProvider.java,229.0,37.0,0.0,4.0,14.0,8.0,0.0,dblevins@apache.org,0,0.0,0.0,0.0,0.0,0.0,0.0,0.0,0,1,0.0,false
server/openejb-axis2/src/main/java/org/apache/openejb/server/axis2/ejb/EjbMessageReceiver.java,116.0,21.0,8.0,8.0,43.0,31.0,0.0,dblevins@apache.org,0,0.0,0.0,0.0,0.0,0.0,0.0,0.0,0,0,0.0,false
server/openejb-axis2/src/main/java/org/apache/openejb/server/axis2/pojo/PojoWsContainer.java,57.0,16.0,0.0,4.0,25.0,10.0,33.0,dblevins@apache.org,1,0.00558659217877095,33.0,0.0,0.0,0.0,1369.8297872340427,22909.543713092407,1,0,0.4462871026284195,false
server/openejb-client/src/main/java/org/apache/openejb/client/ClientSecurity.java,136.0,4.0,27.0,11.0,19.0,34.0,27.0,null,1,0.00558659217877095,10.0,0.0,0.0,0.0,304.3157894736842,740.960590906625,1,3,2.9311937524164198,false
server/openejb-client/src/main/java/org/apache/openejb/client/EJBMetaDataImpl.java,173.0,6.0,53.0,22.0,21.0,52.0,0.0,dblevins@apache.org,0,0.0,0.0,0.0,0.0,0.0,0.0,0.0,0,1,0.0,false
server/openejb-client/src/main/java/org/apache/openejb/client/InterfaceType.java,0.0,0.0,0.0,0.0,0.0,0.0,10.0,dblevins@apache.org,1,0.00558659217877095,50.0,50.0,0.0,0.0,1369.8297872340427,22909.543713092407,1,0,0.4462871026284195,false
server/openejb-client/src/test/java/org/apache/openejb/client/EJBRequestTest.java,112.0,7.0,89.0,14.0,40.0,29.0,0.0,dblevins@apache.org,0,0.0,0.0,0.0,0.0,0.0,0.0,0.0,0,0,0.0,false
server/openejb-cxf/src/main/java/org/apache/openejb/server/cxf/ConfigureCxfSecurity.java,38.0,9.0,6.0,4.0,17.0,9.0,18.0,rmannibucau@apache.org,2,0.0111731843575419,22.0,11.0,0.0,0.0,1674.1455767077268,23650.504303999034,2,0,0.9955932469624743,false
server/openejb-cxf/src/main/java/org/apache/openejb/server/cxf/ejb/EjbEndpoint.java,51.0,24.0,8.0,5.0,22.0,12.0,27.0,rmannibucau@apache.org,1,0.00558659217877095,7.0,0.0,0.0,0.0,304.3157894736842,740.960590906625,1,0,2.9311937524164198,false
server/openejb-cxf/src/main/java/org/apache/openejb/server/cxf/ejb/EjbInterceptor.java,95.0,37.0,2.0,5.0,31.0,16.0,5.0,jlmonteiro@apache.org,1,0.00558659217877095,25.0,0.0,0.0,0.0,304.3157894736842,740.960590906625,1,0,2.9311937524164198,false
server/openejb-cxf/src/main/java/org/apache/openejb/server/cxf/ejb/EjbMethodInvoker.java,91.0,18.0,13.0,6.0,34.0,22.0,0.0,rmannibucau@apache.org,0,0.0,0.0,0.0,0.0,0.0,0.0,0.0,0,0,0.0,false
server/openejb-cxf/src/main/java/org/apache/openejb/server/cxf/pojo/PojoEndpoint.java,41.0,12.0,1.0,3.0,15.0,9.0,33.0,rmannibucau@apache.org,1,0.00558659217877095,6.0,0.0,0.0,0.0,1369.8297872340427,22909.543713092407,1,0,0.4462871026284195,false
server/openejb-derbynet/src/main/java/org/apache/openejb/server/derbynet/DerbyNetworkService.java,55.0,14.0,16.0,8.0,9.0,22.0,0.0,dblevins@apache.org,0,0.0,0.0,0.0,0.0,0.0,0.0,0.0,0,2,0.0,false
server/openejb-ejbd/src/main/java/org/apache/openejb/server/ejbd/ClientObjectFactory.java,130.0,12.0,34.0,9.0,94.0,25.0,0.0,dblevins@apache.org,0,0.0,0.0,0.0,0.0,0.0,0.0,0.0,0,2,0.0,false
server/openejb-ejbd/src/main/java/org/apache/openejb/server/ejbd/JndiRequestHandler.java,360.0,50.0,17.0,7.0,112.0,33.0,1.0,dblevins@apache.org,1,0.00558659217877095,2.0,0.0,0.0,0.0,1369.8297872340427,22909.543713092407,1,6,0.4462871026284195,false
server/openejb-ejbd/src/test/java/org/apache/openejb/server/ejbd/DeploymentIndexTest.java,19.0,11.0,1.0,3.0,2.0,7.0,0.0,null,0,0.0,0.0,0.0,0.0,0.0,0.0,0.0,0,1,0.0,false
server/openejb-ejbd/src/test/java/org/apache/openejb/server/ejbd/UberInterfaceTest.java,75.0,25.0,0.0,1.0,21.0,2.0,0.0,dblevins@apache.org,0,0.0,0.0,0.0,0.0,0.0,0.0,0.0,0,0,0.0,false
server/openejb-http/src/main/java/org/apache/openejb/server/httpd/JettyHttpServer.java,81.0,18.0,46.0,12.0,13.0,26.0,0.0,dblevins@apache.org,0,0.0,0.0,0.0,0.0,0.0,0.0,0.0,0,0,0.0,false
server/openejb-multicast/src/main/java/org/apache/openejb/server/discovery/MulticastDiscoveryAgent.java,396.0,31.0,508.0,36.0,23.0,63.0,0.0,andygumbrecht@apache.org,0,0.0,0.0,0.0,0.0,0.0,0.0,0.0,0,0,0.0,false
server/openejb-server/src/main/java/org/apache/openejb/server/Main.java,108.0,19.0,15.0,6.0,39.0,18.0,39.0,null,1,0.00558659217877095,5.0,5.0,0.0,5.0,459.42857142857144,3326.5176623870657,1,3,1.8325814637483102,false
server/openejb-server/src/main/java/org/apache/openejb/server/ServiceDaemon.java,207.0,25.0,31.0,14.0,31.0,41.0,0.0,dblevins@apache.org,0,0.0,0.0,0.0,0.0,0.0,0.0,0.0,0,3,0.0,false
server/openejb-server/src/main/java/org/apache/openejb/server/ServiceManager.java,255.0,25.0,37.0,10.0,80.0,40.0,24.0,dblevins@apache.org,2,0.0111731843575419,4.0,2.0,2.0,4.0,629.6638655462185,3708.2361914827193,2,5,1.8325814637483102,false
server/openejb-server/src/main/java/org/apache/openejb/server/ServicePool.java,112.0,15.0,4.0,16.0,33.0,38.0,0.0,null,0,0.0,0.0,0.0,0.0,0.0,0.0,0.0,0,1,0.0,false
server/openejb-webadmin/src/main/java/org/apache/openejb/webadmin/WebAdminBean.java,316.0,15.0,213.0,22.0,62.0,68.0,0.0,dblevins@apache.org,0,0.0,0.0,0.0,0.0,0.0,0.0,0.0,0,1,0.0,false
server/openejb-webadmin/src/main/java/org/apache/openejb/webadmin/httpd/HttpRequestImpl.java,465.0,23.0,270.0,25.0,112.0,101.0,0.0,dblevins@apache.org,0,0.0,0.0,0.0,0.0,0.0,0.0,0.0,0,1,0.0,false
server/openejb-webadmin/src/main/java/org/apache/openejb/webadmin/main/DeploymentListBean.java,192.0,28.0,53.0,11.0,28.0,37.0,0.0,dblevins@apache.org,0,0.0,0.0,0.0,0.0,0.0,0.0,0.0,0,1,0.0,false
