name,LOC,CBO,LCOM,NOM,RFC,WMC,ACS,Ownership,numOfChanges,numberOfFIChanges,ENH,NF,BugFixing,REF,structuralWorkloadSum,semanticWorkloadSum,numberOfDeveloper,pastFaults,MAF,isBuggy
api/ejb31-api-experimental/src/main/java/javax/ejb/ConcurrencyManagementType.java,0.0,0.0,0.0,0.0,0.0,0.0,1.0,dblevins@apache.org,1,0.00423728813559322,20.0,0.0,0.0,0.0,1991.4925373134329,24070.236047029968,1,0,0.5978370007556204,false
api/ejb31-api-experimental/src/main/java/javax/ejb/ConcurrentAccessTimeoutException.java,10.0,0.0,1.0,2.0,0.0,2.0,0.0,dblevins@apache.org,0,0.0,0.0,0.0,0.0,0.0,0.0,0.0,0,0,0.0,false
api/ejb31-api-experimental/src/main/java/javax/ejb/LockType.java,0.0,0.0,0.0,0.0,0.0,0.0,0.0,dblevins@apache.org,0,0.0,0.0,0.0,0.0,0.0,0.0,0.0,0,0,0.0,false
api/ejb31-api-experimental/src/main/java/javax/ejb/NoMoreTimeoutsException.java,10.0,0.0,1.0,2.0,0.0,2.0,0.0,dblevins@apache.org,0,0.0,0.0,0.0,0.0,0.0,0.0,0.0,0,0,0.0,false
api/ejb31-api-experimental/src/main/java/javax/ejb/Schedule.java,0.0,0.0,0.0,0.0,0.0,0.0,0.0,dblevins@apache.org,0,0.0,0.0,0.0,0.0,0.0,0.0,0.0,0,0,0.0,false
assembly/openejb-tomcat/openejb-tomcat-catalina/src/main/java/org/apache/openejb/tomcat/catalina/TomcatJndiBuilder.java,406.0,62.0,0.0,15.0,120.0,45.0,2.0,dblevins@apache.org,1,0.00423728813559322,9.0,5.0,5.0,0.0,1991.4925373134329,24070.236047029968,1,1,0.5978370007556204,false
assembly/openejb-tomcat/openejb-tomcat-common/src/main/java/org/apache/openejb/tomcat/common/LegacyAnnotationProcessor.java,151.0,12.0,3.0,6.0,54.0,27.0,0.0,dblevins@apache.org,0,0.0,0.0,0.0,0.0,0.0,0.0,0.0,0,0,0.0,false
container/openejb-api/src/main/java/org/apache/openejb/api/RemoteClient.java,0.0,0.0,0.0,0.0,0.0,0.0,0.0,tveronezi@apache.org,0,0.0,0.0,0.0,0.0,0.0,0.0,0.0,0,0,0.0,false
container/openejb-core/src/main/java/org/apache/openejb/assembler/classic/Assembler.java,1025.0,88.0,1134.0,57.0,348.0,165.0,2.0,rmannibucau@apache.org,2,0.00847457627118644,1.0,0.0,0.0,0.0,2074.0639658848613,24142.717458367908,2,33,0.6699189698381611,false
container/openejb-core/src/main/java/org/apache/openejb/assembler/classic/JndiBuilder.java,86.0,30.0,15.0,6.0,12.0,10.0,3.0,dblevins@apache.org,2,0.00847457627118644,3.0,2.0,1.0,1.0,2076.292537313433,24154.22836040547,2,8,2.170780168909158,false
container/openejb-core/src/main/java/org/apache/openejb/assembler/classic/JndiEncBuilder.java,360.0,50.0,37.0,11.0,38.0,34.0,0.0,null,0,0.0,0.0,0.0,0.0,0.0,0.0,0.0,0,14,0.0,false
container/openejb-core/src/main/java/org/apache/openejb/assembler/classic/LazyEjbReference.java,72.0,12.0,0.0,3.0,17.0,15.0,0.0,tveronezi@apache.org,0,0.0,0.0,0.0,0.0,0.0,0.0,0.0,0,2,0.0,false
container/openejb-core/src/main/java/org/apache/openejb/assembler/classic/PersistenceBuilder.java,108.0,15.0,0.0,3.0,31.0,10.0,0.0,null,0,0.0,0.0,0.0,0.0,0.0,0.0,0.0,0,5,0.0,false
container/openejb-core/src/main/java/org/apache/openejb/client/LocalInitialContext.java,201.0,24.0,28.0,12.0,57.0,46.0,1.0,dblevins@apache.org,2,0.00847457627118644,9.0,0.0,4.0,4.0,2475.6639658848617,26234.440439105958,2,0,0.4631705338638282,false
container/openejb-core/src/main/java/org/apache/openejb/config/AnnotationDeployer.java,2260.0,145.0,9.0,7.0,11.0,13.0,2.0,rmannibucau@apache.org,2,0.00847457627118644,2.0,1.0,1.0,0.0,2475.6639658848617,26234.440439105958,2,19,0.3334360297787002,false
container/openejb-core/src/main/java/org/apache/openejb/config/DeploymentLoader.java,951.0,54.0,244.0,28.0,404.0,146.0,2.0,rmannibucau@apache.org,2,0.00847457627118644,3.0,1.0,1.0,0.0,2475.6639658848617,26234.440439105958,2,17,0.34728660065811223,true
container/openejb-core/src/main/java/org/apache/openejb/config/InitEjbDeployments.java,125.0,15.0,34.0,9.0,59.0,32.0,6.0,dblevins@apache.org,1,0.00423728813559322,4.0,4.0,0.0,4.0,84.8,83.99231337550184,1,3,3.912023005428146,false
container/openejb-core/src/main/java/org/apache/openejb/config/MappedNameBuilder.java,22.0,6.0,0.0,1.0,11.0,6.0,69.0,jgallimore@apache.org,1,0.00423728813559322,14.0,0.0,0.0,0.0,1991.4925373134329,24070.236047029968,1,0,0.5978370007556204,false
container/openejb-core/src/main/java/org/apache/openejb/config/ReadDescriptors.java,514.0,45.0,231.0,22.0,164.0,100.0,3.0,rmannibucau@apache.org,1,0.00423728813559322,1.0,1.0,0.0,0.0,1991.4925373134329,24070.236047029968,1,5,0.5978370007556204,false
container/openejb-core/src/main/java/org/apache/openejb/config/ReportValidationResults.java,65.0,7.0,0.0,2.0,37.0,10.0,3.0,dblevins@apache.org,1,0.00423728813559322,5.0,5.0,0.0,0.0,1991.4925373134329,24070.236047029968,1,3,0.5978370007556204,false
container/openejb-core/src/main/java/org/apache/openejb/config/WebModule.java,111.0,13.0,170.0,21.0,11.0,39.0,3.0,null,1,0.00423728813559322,4.0,2.0,2.0,0.0,1991.4925373134329,24070.236047029968,1,4,0.5978370007556204,false
container/openejb-core/src/main/java/org/apache/openejb/config/rules/CheckUserTransactionRefs.java,18.0,6.0,0.0,1.0,8.0,3.0,69.0,tveronezi@apache.org,1,0.00423728813559322,12.0,0.0,0.0,0.0,1991.4925373134329,24070.236047029968,1,1,0.5978370007556204,false
container/openejb-core/src/main/java/org/apache/openejb/core/CoreContainerSystem.java,73.0,6.0,53.0,14.0,26.0,25.0,0.0,dblevins@apache.org,0,0.0,0.0,0.0,0.0,0.0,0.0,0.0,0,1,0.0,false
container/openejb-core/src/main/java/org/apache/openejb/core/JndiFactory.java,7.0,4.0,1.0,2.0,0.0,3.0,0.0,tveronezi@apache.org,0,0.0,0.0,0.0,0.0,0.0,0.0,0.0,0,0,0.0,false
container/openejb-core/src/main/java/org/apache/openejb/core/TempClassLoader.java,96.0,12.0,9.0,6.0,25.0,18.0,0.0,rmannibucau@apache.org,0,0.0,0.0,0.0,0.0,0.0,0.0,0.0,0,5,0.0,false
container/openejb-core/src/main/java/org/apache/openejb/core/entity/EntityEjbHomeHandler.java,88.0,15.0,15.0,6.0,30.0,23.0,69.0,dblevins@apache.org,1,0.00423728813559322,4.0,0.0,0.0,0.0,1991.4925373134329,24070.236047029968,1,2,0.5978370007556204,false
container/openejb-core/src/main/java/org/apache/openejb/core/entity/EntityInstanceManager.java,311.0,23.0,27.0,11.0,81.0,41.0,1.0,null,1,0.00423728813559322,3.0,0.0,3.0,0.0,1991.4925373134329,24070.236047029968,1,7,0.5978370007556204,false
container/openejb-core/src/main/java/org/apache/openejb/core/ivm/EjbHomeProxyHandler.java,236.0,24.0,134.0,17.0,69.0,60.0,1.0,dblevins@apache.org,1,0.00423728813559322,1.0,0.0,1.0,0.0,1991.4925373134329,24070.236047029968,1,10,0.5978370007556204,true
container/openejb-core/src/main/java/org/apache/openejb/core/ivm/naming/InitContextFactory.java,50.0,9.0,1.0,2.0,14.0,10.0,0.0,dblevins@apache.org,0,0.0,0.0,0.0,0.0,0.0,0.0,0.0,0,1,0.0,false
container/openejb-core/src/main/java/org/apache/openejb/core/ivm/naming/IvmJndiFactory.java,33.0,4.0,1.0,3.0,6.0,9.0,0.0,rmannibucau@apache.org,0,0.0,0.0,0.0,0.0,0.0,0.0,0.0,0,0,0.0,false
container/openejb-core/src/main/java/org/apache/openejb/core/ivm/naming/NameNode.java,252.0,1.0,0.0,23.0,39.0,67.0,0.0,null,0,0.0,0.0,0.0,0.0,0.0,0.0,0.0,0,4,0.0,false
container/openejb-core/src/main/java/org/apache/openejb/core/ivm/naming/NamingException.java,23.0,0.0,0.0,6.0,4.0,7.0,69.0,tveronezi@apache.org,1,0.00423728813559322,10.0,0.0,0.0,0.0,1991.4925373134329,24070.236047029968,1,0,0.5978370007556204,false
container/openejb-core/src/main/java/org/apache/openejb/core/ivm/naming/java/javaURLContextFactory.java,20.0,9.0,1.0,2.0,7.0,7.0,0.0,dblevins@apache.org,0,0.0,0.0,0.0,0.0,0.0,0.0,0.0,0,1,0.0,false
container/openejb-core/src/main/java/org/apache/openejb/core/mdb/Instance.java,11.0,1.0,0.0,1.0,0.0,1.0,40.0,null,1,0.00423728813559322,12.0,0.0,0.0,0.0,1991.4925373134329,24070.236047029968,1,1,0.5978370007556204,false
container/openejb-core/src/main/java/org/apache/openejb/core/stateful/Instance.java,121.0,16.0,33.0,11.0,12.0,27.0,40.0,null,1,0.00423728813559322,6.0,0.0,6.0,0.0,1991.4925373134329,24070.236047029968,1,0,0.5978370007556204,false
container/openejb-core/src/main/java/org/apache/openejb/core/stateful/StatefulContainer.java,760.0,62.0,349.0,30.0,207.0,113.0,6.0,dblevins@apache.org,1,0.00423728813559322,2.0,0.0,2.0,1.0,1991.4925373134329,24070.236047029968,1,12,0.5978370007556204,false
container/openejb-core/src/main/java/org/apache/openejb/core/transaction/EjbTransactionUtil.java,116.0,10.0,19.0,7.0,25.0,23.0,10.0,dblevins@apache.org,1,0.00423728813559322,8.0,8.0,8.0,0.0,1991.4925373134329,24070.236047029968,1,1,0.5978370007556204,false
container/openejb-core/src/main/java/org/apache/openejb/core/transaction/JtaTransactionPolicy.java,285.0,21.0,119.0,22.0,66.0,82.0,6.0,null,2,0.00847457627118644,20.0,0.0,20.0,7.0,2475.6639658848617,26234.440439105958,2,1,0.33364330823957633,false
container/openejb-core/src/main/java/org/apache/openejb/core/transaction/TransactionPolicy.java,85.0,3.0,66.0,12.0,0.0,32.0,10.0,dblevins@apache.org,1,0.00423728813559322,4.0,4.0,4.0,0.0,1991.4925373134329,24070.236047029968,1,10,0.5978370007556204,false
container/openejb-core/src/main/java/org/apache/openejb/core/transaction/TxBeanManaged.java,85.0,7.0,26.0,8.0,11.0,24.0,9.0,tveronezi@apache.org,2,0.00847457627118644,21.0,7.0,21.0,7.0,2475.6639658848617,26234.440439105958,2,1,0.33364330823957633,false
container/openejb-core/src/main/java/org/apache/openejb/core/transaction/TxMandatory.java,25.0,5.0,8.0,5.0,2.0,10.0,9.0,dblevins@apache.org,2,0.00847457627118644,30.0,10.0,30.0,10.0,2475.6639658848617,26234.440439105958,2,1,0.33364330823957633,false
container/openejb-core/src/main/java/org/apache/openejb/core/transaction/TxNever.java,23.0,5.0,10.0,5.0,2.0,10.0,9.0,dblevins@apache.org,2,0.00847457627118644,17.0,6.0,17.0,6.0,2475.6639658848617,26234.440439105958,2,2,0.33364330823957633,false
container/openejb-core/src/main/java/org/apache/openejb/core/transaction/TxNotSupported.java,25.0,3.0,8.0,5.0,3.0,11.0,9.0,dblevins@apache.org,2,0.00847457627118644,18.0,6.0,18.0,6.0,2475.6639658848617,26234.440439105958,2,2,0.33364330823957633,false
container/openejb-core/src/main/java/org/apache/openejb/core/transaction/TxRequired.java,34.0,4.0,0.0,5.0,5.0,14.0,9.0,dblevins@apache.org,2,0.00847457627118644,18.0,6.0,18.0,6.0,2475.6639658848617,26234.440439105958,2,3,0.33364330823957633,false
container/openejb-core/src/main/java/org/apache/openejb/core/transaction/TxRequiresNew.java,34.0,4.0,4.0,5.0,5.0,12.0,9.0,dblevins@apache.org,2,0.00847457627118644,16.0,5.0,16.0,5.0,2475.6639658848617,26234.440439105958,2,3,0.33364330823957633,false
container/openejb-core/src/main/java/org/apache/openejb/core/transaction/TxSupports.java,22.0,3.0,4.0,5.0,2.0,9.0,9.0,dblevins@apache.org,2,0.00847457627118644,18.0,6.0,18.0,6.0,2475.6639658848617,26234.440439105958,2,2,0.33364330823957633,false
container/openejb-core/src/main/java/org/apache/openejb/resource/activemq/OpenEjbBrokerFactory.java,58.0,12.0,1.0,3.0,20.0,12.0,0.0,dblevins@apache.org,0,0.0,0.0,0.0,0.0,0.0,0.0,0.0,0,2,0.0,false
container/openejb-core/src/main/java/org/apache/openejb/resource/jdbc/BasicDataSource.java,107.0,6.0,43.0,11.0,23.0,26.0,10.0,rmannibucau@apache.org,2,0.00847457627118644,20.0,7.0,7.0,13.0,2475.6639658848617,26234.440439105958,2,2,0.705963784018345,false
container/openejb-core/src/main/java/org/apache/openejb/resource/jdbc/BasicManagedDataSource.java,110.0,6.0,54.0,12.0,24.0,27.0,10.0,rmannibucau@apache.org,2,0.00847457627118644,18.0,6.0,6.0,12.0,2475.6639658848617,26234.440439105958,2,2,0.705963784018345,false
container/openejb-core/src/main/java/org/apache/openejb/resource/jdbc/PasswordCodec.java,17.0,0.0,1.0,2.0,0.0,4.0,12.0,jlmonteiro@apache.org,2,0.00847457627118644,100.0,0.0,0.0,50.0,2475.6639658848617,26234.440439105958,2,0,0.4631705338638282,false
container/openejb-core/src/main/java/org/apache/openejb/resource/jdbc/PlainTextPasswordCodec.java,29.0,0.0,1.0,2.0,1.0,8.0,12.0,jlmonteiro@apache.org,2,0.00847457627118644,100.0,0.0,0.0,50.0,2475.6639658848617,26234.440439105958,2,0,0.4631705338638282,false
container/openejb-core/src/main/java/org/apache/openejb/resource/jdbc/StaticDESPasswordCodec.java,49.0,3.0,0.0,2.0,13.0,12.0,12.0,jlmonteiro@apache.org,2,0.00847457627118644,100.0,0.0,0.0,50.0,2475.6639658848617,26234.440439105958,2,0,0.4631705338638282,false
container/openejb-core/src/main/java/org/apache/openejb/ri/sp/PseudoSecurityService.java,35.0,8.0,55.0,11.0,2.0,22.0,69.0,dblevins@apache.org,1,0.00423728813559322,5.0,0.0,0.0,0.0,1991.4925373134329,24070.236047029968,1,0,0.5978370007556204,false
container/openejb-core/src/main/java/org/apache/openejb/ri/sp/PseudoTransactionService.java,238.0,19.0,21.0,18.0,29.0,47.0,69.0,tveronezi@apache.org,1,0.00423728813559322,7.0,0.0,0.0,0.0,1991.4925373134329,24070.236047029968,1,0,0.5978370007556204,false
container/openejb-core/src/main/java/org/apache/openejb/spi/ContainerSystem.java,8.0,7.0,15.0,6.0,0.0,6.0,0.0,null,0,0.0,0.0,0.0,0.0,0.0,0.0,0.0,0,0,0.0,false
container/openejb-core/src/main/java/org/apache/openejb/util/Computable.java,3.0,0.0,0.0,1.0,0.0,2.0,69.0,dblevins@apache.org,1,0.00423728813559322,20.0,0.0,0.0,0.0,1991.4925373134329,24070.236047029968,1,0,0.5978370007556204,false
container/openejb-core/src/main/java/org/apache/openejb/util/Memoizer.java,32.0,6.0,0.0,3.0,6.0,10.0,69.0,tveronezi@apache.org,1,0.00423728813559322,10.0,0.0,0.0,0.0,1991.4925373134329,24070.236047029968,1,0,0.5978370007556204,false
container/openejb-core/src/main/java/org/apache/openejb/util/PropertiesService.java,62.0,3.0,3.0,10.0,6.0,19.0,69.0,tveronezi@apache.org,1,0.00423728813559322,12.0,0.0,0.0,0.0,1991.4925373134329,24070.236047029968,1,0,0.5978370007556204,false
container/openejb-core/src/main/java/org/apache/openejb/util/StringTemplate.java,27.0,3.0,0.0,2.0,13.0,6.0,6.0,tveronezi@apache.org,1,0.00423728813559322,10.0,10.0,0.0,10.0,84.8,83.99231337550184,1,0,3.912023005428146,false
container/openejb-core/src/test/java/org/apache/openejb/assembler/classic/EjbRefTest.java,315.0,15.0,245.0,23.0,128.0,52.0,0.0,dblevins@apache.org,0,0.0,0.0,0.0,0.0,0.0,0.0,0.0,0,1,0.0,false
container/openejb-core/src/test/java/org/apache/openejb/assembler/classic/JdbcConfigTest.java,90.0,11.0,6.0,4.0,31.0,16.0,0.0,dain@apache.org,0,0.0,0.0,0.0,0.0,0.0,0.0,0.0,0,4,0.0,false
container/openejb-core/src/test/java/org/apache/openejb/config/AltDDPrefixTest.java,84.0,11.0,6.0,4.0,45.0,10.0,1.0,dblevins@apache.org,2,0.00847457627118644,40.0,20.0,20.0,10.0,2475.6639658848617,26234.440439105958,2,1,0.31474221297088867,false
container/openejb-core/src/test/java/org/apache/openejb/config/AnnotationDeployerTest.java,43.0,10.0,1.0,2.0,24.0,4.0,35.0,null,2,0.00847457627118644,10.0,0.0,5.0,0.0,2475.6639658848617,26234.440439105958,2,2,0.4631705338638282,false
container/openejb-core/src/test/java/org/apache/openejb/config/AppInfoBuilderTest.java,117.0,9.0,3.0,3.0,58.0,7.0,69.0,jgallimore@apache.org,1,0.00423728813559322,17.0,0.0,0.0,0.0,1991.4925373134329,24070.236047029968,1,0,0.5978370007556204,false
container/openejb-core/src/test/java/org/apache/openejb/config/BusinessInterfacesTest.java,344.0,18.0,83.0,14.0,59.0,40.0,0.0,dblevins@apache.org,0,0.0,0.0,0.0,0.0,0.0,0.0,0.0,0,0,0.0,false
container/openejb-core/src/test/java/org/apache/openejb/config/DeploymentLoaderTest.java,25.0,6.0,0.0,1.0,7.0,2.0,2.0,andygumbrecht@apache.org,1,0.00423728813559322,25.0,0.0,25.0,0.0,1991.4925373134329,24070.236047029968,1,0,0.5978370007556204,false
container/openejb-core/src/test/java/org/apache/openejb/config/JndiNameFormatTest.java,61.0,15.0,0.0,5.0,36.0,13.0,4.0,andygumbrecht@apache.org,1,0.00423728813559322,29.0,29.0,0.0,14.0,84.8,83.99231337550184,1,0,3.912023005428146,false
container/openejb-core/src/test/java/org/apache/openejb/config/LocalClientNoInjectionTest.java,48.0,34.0,1.0,2.0,18.0,4.0,3.0,andygumbrecht@apache.org,1,0.00423728813559322,14.0,14.0,0.0,0.0,1991.4925373134329,24070.236047029968,1,0,0.5978370007556204,false
container/openejb-core/src/test/java/org/apache/openejb/config/LocalClientSubclassTest.java,12.0,3.0,0.0,1.0,4.0,2.0,2.0,dblevins@apache.org,1,0.00423728813559322,17.0,0.0,17.0,0.0,1991.4925373134329,24070.236047029968,1,0,0.5978370007556204,false
container/openejb-core/src/test/java/org/apache/openejb/config/LocalClientTest.java,95.0,34.0,8.0,5.0,36.0,10.0,2.0,dblevins@apache.org,1,0.00423728813559322,10.0,0.0,10.0,0.0,1991.4925373134329,24070.236047029968,1,0,0.5978370007556204,false
container/openejb-core/src/test/java/org/apache/openejb/config/MappedNameBuilderTest.java,48.0,8.0,3.0,3.0,32.0,6.0,69.0,jgallimore@apache.org,1,0.00423728813559322,20.0,0.0,0.0,0.0,1991.4925373134329,24070.236047029968,1,0,0.5978370007556204,false
container/openejb-core/src/test/java/org/apache/openejb/config/rules/CheckUserTransactionRefsTest.java,30.0,11.0,0.0,3.0,15.0,4.0,69.0,null,1,0.00423728813559322,10.0,0.0,0.0,0.0,1991.4925373134329,24070.236047029968,1,1,0.5978370007556204,false
container/openejb-core/src/test/java/org/apache/openejb/core/stateful/EntityManagerPropogationTest.java,227.0,32.0,55.0,11.0,64.0,32.0,1.0,dblevins@apache.org,1,0.00423728813559322,8.0,8.0,0.0,0.0,484.1714285714286,2164.2043920759897,1,1,1.7147984280919266,false
container/openejb-core/src/test/java/org/apache/openejb/core/stateful/StatefulTransactionLockingTest.java,165.0,24.0,15.0,6.0,26.0,12.0,11.0,andygumbrecht@apache.org,1,0.00423728813559322,14.0,0.0,14.0,0.0,1991.4925373134329,24070.236047029968,1,0,0.5978370007556204,false
container/openejb-core/src/test/java/org/apache/openejb/resource/activemq/OpenEjbBrokerFactoryTest.java,96.0,26.0,21.0,7.0,45.0,18.0,0.0,null,0,0.0,0.0,0.0,0.0,0.0,0.0,0.0,0,2,0.0,false
container/openejb-core/src/test/java/org/apache/openejb/util/HexConverterTest.java,22.0,2.0,6.0,4.0,6.0,5.0,0.0,andygumbrecht@apache.org,0,0.0,0.0,0.0,0.0,0.0,0.0,0.0,0,0,0.0,false
container/openejb-core/src/test/java/org/apache/openejb/util/OptionsTest.java,172.0,6.0,0.0,11.0,86.0,23.0,2.0,dblevins@apache.org,1,0.00423728813559322,20.0,20.0,0.0,0.0,1991.4925373134329,24070.236047029968,1,0,0.5978370007556204,false
container/openejb-jee/src/main/java/org/apache/openejb/jee/MessageDrivenBean.java,321.0,13.0,2148.0,68.0,27.0,140.0,3.0,dblevins@apache.org,1,0.00423728813559322,5.0,0.0,0.0,0.0,1991.4925373134329,24070.236047029968,1,2,0.5978370007556204,false
container/openejb-jee/src/main/java/org/apache/openejb/jee/was/v6/xmi/Add.java,30.0,7.0,1.0,3.0,0.0,7.0,26.0,mnour@apache.org,1,0.00423728813559322,50.0,33.0,0.0,0.0,68.64,1786.5903816205866,1,0,2.995732273553991,false
container/openejb-jee/src/main/java/org/apache/openejb/jee/was/v6/xmi/Any.java,23.0,11.0,1.0,2.0,0.0,6.0,26.0,mnour@apache.org,1,0.00423728813559322,50.0,33.0,0.0,0.0,68.64,1786.5903816205866,1,0,2.995732273553991,false
container/openejb-jee/src/main/java/org/apache/openejb/jee/was/v6/xmi/Delete.java,5.0,3.0,0.0,0.0,0.0,0.0,26.0,mnour@apache.org,1,0.00423728813559322,50.0,33.0,0.0,0.0,68.64,1786.5903816205866,1,0,2.995732273553991,false
container/openejb-jee/src/main/java/org/apache/openejb/jee/was/v6/xmi/Difference.java,173.0,14.0,124.0,17.0,0.0,40.0,26.0,mnour@apache.org,1,0.00423728813559322,50.0,33.0,0.0,0.0,68.64,1786.5903816205866,1,0,2.995732273553991,false
container/openejb-jee/src/main/java/org/apache/openejb/jee/was/v6/xmi/Documentation.java,275.0,9.0,502.0,33.0,0.0,69.0,26.0,mnour@apache.org,1,0.00423728813559322,50.0,33.0,0.0,0.0,68.64,1786.5903816205866,1,0,2.995732273553991,false
container/openejb-jee/src/main/java/org/apache/openejb/jee/was/v6/xmi/Extension.java,140.0,10.0,120.0,17.0,0.0,30.0,26.0,mnour@apache.org,1,0.00423728813559322,50.0,33.0,0.0,0.0,68.64,1786.5903816205866,1,0,2.995732273553991,false
container/openejb-jee/src/main/java/org/apache/openejb/jee/was/v6/xmi/Import.java,5.0,3.0,0.0,0.0,0.0,0.0,26.0,mnour@apache.org,1,0.00423728813559322,50.0,33.0,0.0,0.0,68.64,1786.5903816205866,1,0,2.995732273553991,false
container/openejb-jee/src/main/java/org/apache/openejb/jee/was/v6/xmi/MetaModel.java,5.0,3.0,0.0,0.0,0.0,0.0,26.0,mnour@apache.org,1,0.00423728813559322,50.0,33.0,0.0,0.0,68.64,1786.5903816205866,1,0,2.995732273553991,false
container/openejb-jee/src/main/java/org/apache/openejb/jee/was/v6/xmi/Model.java,5.0,3.0,0.0,0.0,0.0,0.0,26.0,mnour@apache.org,1,0.00423728813559322,50.0,33.0,0.0,0.0,68.64,1786.5903816205866,1,0,2.995732273553991,false
container/openejb-jee/src/main/java/org/apache/openejb/jee/was/v6/xmi/ObjectFactory.java,165.0,4.0,300.0,25.0,0.0,53.0,32.0,mnour@apache.org,1,0.00423728813559322,57.0,29.0,0.0,0.0,68.64,1786.5903816205866,1,0,2.995732273553991,false
container/openejb-jee/src/main/java/org/apache/openejb/jee/was/v6/xmi/PackageReference.java,135.0,9.0,106.0,16.0,0.0,31.0,26.0,mnour@apache.org,1,0.00423728813559322,50.0,33.0,0.0,0.0,68.64,1786.5903816205866,1,0,2.995732273553991,false
container/openejb-jee/src/main/java/org/apache/openejb/jee/was/v6/xmi/Replace.java,30.0,7.0,1.0,3.0,0.0,7.0,26.0,mnour@apache.org,1,0.00423728813559322,50.0,33.0,0.0,0.0,68.64,1786.5903816205866,1,0,2.995732273553991,false
container/openejb-jee/src/main/java/org/apache/openejb/jee/was/v6/xmi/XMI.java,110.0,9.0,66.0,13.0,0.0,24.0,26.0,mnour@apache.org,1,0.00423728813559322,50.0,33.0,0.0,0.0,68.64,1786.5903816205866,1,0,2.995732273553991,false
container/openejb-jee/src/main/java/org/apache/openejb/jee/was/v6/xmi/package-info.java,0.0,0.0,0.0,0.0,0.0,0.0,36.0,mnour@apache.org,1,0.00423728813559322,50.0,33.0,0.0,0.0,68.64,1786.5903816205866,1,0,2.995732273553991,false
container/openejb-jee/src/test/java/org/apache/openejb/jee/JeeTest.java,134.0,25.0,55.0,11.0,76.0,26.0,3.0,null,1,0.00423728813559322,3.0,0.0,0.0,0.0,1991.4925373134329,24070.236047029968,1,3,0.5978370007556204,false
container/openejb-loader/src/main/java/org/apache/openejb/loader/Options.java,302.0,9.0,172.0,25.0,91.0,80.0,2.0,dblevins@apache.org,1,0.00423728813559322,8.0,8.0,0.0,0.0,1991.4925373134329,24070.236047029968,1,1,0.5978370007556204,false
container/openejb-spring/src/main/java/org/apache/openejb/spring/Exported.java,0.0,0.0,0.0,0.0,0.0,0.0,0.0,dblevins@apache.org,0,0.0,0.0,0.0,0.0,0.0,0.0,0.0,0,0,0.0,false
container/openejb-spring/src/main/java/org/apache/openejb/spring/SpringTransactionPolicy.java,128.0,18.0,114.0,16.0,25.0,42.0,10.0,dblevins@apache.org,1,0.00423728813559322,25.0,25.0,25.0,0.0,1991.4925373134329,24070.236047029968,1,0,0.5978370007556204,false
examples/alternate-descriptors/src/main/java/org/superbiz/altdd/Movie.java,30.0,1.0,10.0,8.0,0.0,11.0,0.0,andygumbrecht@apache.org,0,0.0,0.0,0.0,0.0,0.0,0.0,0.0,0,0,0.0,false
examples/alternate-descriptors/src/main/java/org/superbiz/altdd/Movies.java,8.0,2.0,3.0,3.0,0.0,6.0,0.0,dblevins@apache.org,0,0.0,0.0,0.0,0.0,0.0,0.0,0.0,0,0,0.0,false
examples/alternate-descriptors/src/main/java/org/superbiz/altdd/MoviesImpl.java,13.0,8.0,0.0,3.0,4.0,7.0,0.0,dblevins@apache.org,0,0.0,0.0,0.0,0.0,0.0,0.0,0.0,0,0,0.0,false
examples/alternate-descriptors/src/test/java/org/superbiz/altdd/MoviesTest.java,44.0,21.0,1.0,2.0,10.0,6.0,0.0,dblevins@apache.org,0,0.0,0.0,0.0,0.0,0.0,0.0,0.0,0,0,0.0,false
examples/applicationexception/src/main/java/org/superbiz/appexception/BusinessException.java,5.0,1.0,0.0,0.0,0.0,0.0,0.0,andygumbrecht@apache.org,0,0.0,0.0,0.0,0.0,0.0,0.0,0.0,0,1,0.0,false
examples/applicationexception/src/main/java/org/superbiz/appexception/ThrowBusinessException.java,6.0,1.0,0.0,1.0,0.0,2.0,0.0,jlaskowski@apache.org,0,0.0,0.0,0.0,0.0,0.0,0.0,0.0,0,1,0.0,false
examples/applicationexception/src/main/java/org/superbiz/appexception/ThrowBusinessExceptionImpl.java,5.0,1.0,0.0,1.0,0.0,2.0,0.0,jlaskowski@apache.org,0,0.0,0.0,0.0,0.0,0.0,0.0,0.0,0,1,0.0,false
examples/applicationexception/src/main/java/org/superbiz/appexception/ValueRequiredException.java,5.0,0.0,0.0,0.0,0.0,0.0,0.0,andygumbrecht@apache.org,0,0.0,0.0,0.0,0.0,0.0,0.0,0.0,0,1,0.0,false
examples/applicationexception/src/test/java/org/superbiz/appexception/ThrowBusinessExceptionImplTest.java,19.0,7.0,0.0,2.0,5.0,5.0,0.0,dblevins@apache.org,0,0.0,0.0,0.0,0.0,0.0,0.0,0.0,0,1,0.0,false
examples/component-interfaces/src/main/java/org/superbiz/FriendlyPersonImpl.java,52.0,11.0,14.0,9.0,10.0,14.0,69.0,dblevins@apache.org,1,0.00423728813559322,25.0,0.0,0.0,0.0,1991.4925373134329,24070.236047029968,1,1,0.5978370007556204,false
examples/component-interfaces/src/test/java/org/superbiz/FriendlyPersonTest.java,90.0,5.0,0.0,5.0,31.0,10.0,69.0,dblevins@apache.org,1,0.00423728813559322,14.0,0.0,0.0,0.0,1991.4925373134329,24070.236047029968,1,1,0.5978370007556204,false
examples/interceptors/src/main/java/org/superbiz/interceptors/SecondStatelessInterceptedBean.java,13.0,6.0,1.0,2.0,4.0,5.0,69.0,dblevins@apache.org,1,0.00423728813559322,33.0,0.0,0.0,0.0,1991.4925373134329,24070.236047029968,1,0,0.5978370007556204,false
examples/interceptors/src/main/java/org/superbiz/interceptors/SecondStatelessInterceptedLocal.java,6.0,1.0,0.0,1.0,0.0,1.0,69.0,andygumbrecht@apache.org,1,0.00423728813559322,25.0,0.0,0.0,0.0,1991.4925373134329,24070.236047029968,1,0,0.5978370007556204,false
examples/interceptors/src/main/java/org/superbiz/interceptors/Utils.java,14.0,3.0,0.0,1.0,3.0,4.0,69.0,dblevins@apache.org,1,0.00423728813559322,33.0,0.0,0.0,0.0,1991.4925373134329,24070.236047029968,1,0,0.5978370007556204,false
examples/interceptors/src/test/java/org/superbiz/interceptors/SecondStatelessInterceptedTest.java,14.0,8.0,1.0,2.0,1.0,5.0,69.0,dblevins@apache.org,1,0.00423728813559322,12.0,0.0,0.0,0.0,1991.4925373134329,24070.236047029968,1,1,0.5978370007556204,false
examples/simple-mdb-with-descriptor/src/main/java/org/superbiz/mdb/ChatBean.java,43.0,3.0,1.0,2.0,14.0,8.0,69.0,jgallimore@apache.org,1,0.00423728813559322,25.0,0.0,0.0,0.0,1991.4925373134329,24070.236047029968,1,0,0.5978370007556204,false
examples/simple-mdb-with-descriptor/src/main/java/org/superbiz/mdb/MessagingClientBean.java,46.0,3.0,1.0,2.0,18.0,8.0,69.0,jgallimore@apache.org,1,0.00423728813559322,25.0,0.0,0.0,0.0,1991.4925373134329,24070.236047029968,1,0,0.5978370007556204,false
examples/simple-mdb-with-descriptor/src/main/java/org/superbiz/mdb/MessagingClientLocal.java,4.0,2.0,1.0,2.0,0.0,4.0,69.0,jgallimore@apache.org,1,0.00423728813559322,33.0,0.0,0.0,0.0,1991.4925373134329,24070.236047029968,1,0,0.5978370007556204,false
examples/simple-mdb-with-descriptor/src/test/java/org/superbiz/mdb/ChatBeanTest.java,15.0,4.0,1.0,2.0,5.0,4.0,69.0,jgallimore@apache.org,1,0.00423728813559322,25.0,0.0,0.0,0.0,1991.4925373134329,24070.236047029968,1,0,0.5978370007556204,false
examples/simple-stateless-with-descriptor/src/main/java/org/superbiz/calculator/CalculatorImpl.java,11.0,0.0,1.0,2.0,0.0,4.0,69.0,jgallimore@apache.org,1,0.00423728813559322,33.0,0.0,0.0,0.0,1991.4925373134329,24070.236047029968,1,0,0.5978370007556204,false
examples/simple-stateless-with-descriptor/src/main/java/org/superbiz/calculator/CalculatorLocal.java,7.0,1.0,1.0,2.0,0.0,2.0,69.0,jgallimore@apache.org,1,0.00423728813559322,33.0,0.0,0.0,0.0,1991.4925373134329,24070.236047029968,1,0,0.5978370007556204,false
examples/simple-stateless-with-descriptor/src/main/java/org/superbiz/calculator/CalculatorRemote.java,7.0,0.0,1.0,2.0,0.0,2.0,52.0,andygumbrecht@apache.org,1,0.00423728813559322,25.0,0.0,0.0,0.0,1991.4925373134329,24070.236047029968,1,0,0.5978370007556204,false
examples/simple-stateless-with-descriptor/src/test/java/org/superbiz/calculator/CalculatorTest.java,32.0,4.0,0.0,3.0,13.0,6.0,69.0,dblevins@apache.org,1,0.00423728813559322,20.0,0.0,0.0,0.0,1991.4925373134329,24070.236047029968,1,0,0.5978370007556204,false
examples/simple-webservice/src/main/java/org/superbiz/handler/DummyInterceptor.java,16.0,6.0,10.0,5.0,1.0,8.0,7.0,jgallimore@apache.org,0,0.0,0.0,0.0,0.0,0.0,0.0,0.0,0,0,0.0,false
examples/webapps/ejb-webservice/src/main/java/org/superbiz/ws/Calculator.java,8.0,2.0,1.0,2.0,0.0,4.0,0.0,dblevins@apache.org,0,0.0,0.0,0.0,0.0,0.0,0.0,0.0,0,0,0.0,false
examples/webapps/jsf/src/main/java/org/superbiz/jsf/CalculatorBean.java,28.0,1.0,3.0,7.0,1.0,11.0,0.0,dblevins@apache.org,0,0.0,0.0,0.0,0.0,0.0,0.0,0.0,0,0,0.0,false
examples/webapps/moviefun/src/main/java/org/superbiz/moviefun/ActionServlet.java,6.0,2.0,0.0,0.0,0.0,0.0,0.0,jgallimore@apache.org,0,0.0,0.0,0.0,0.0,0.0,0.0,0.0,0,0,0.0,false
examples/webapps/moviefun/src/main/java/org/superbiz/moviefun/Movie.java,59.0,5.0,59.0,15.0,0.0,21.0,0.0,jgallimore@apache.org,0,0.0,0.0,0.0,0.0,0.0,0.0,0.0,0,0,0.0,false
examples/webapps/moviefun/src/main/java/org/superbiz/moviefun/Movies.java,9.0,2.0,21.0,7.0,0.0,14.0,0.0,jgallimore@apache.org,0,0.0,0.0,0.0,0.0,0.0,0.0,0.0,0,0,0.0,false
examples/webapps/moviefun/src/main/java/org/superbiz/moviefun/MoviesImpl.java,34.0,8.0,0.0,7.0,18.0,19.0,0.0,jgallimore@apache.org,0,0.0,0.0,0.0,0.0,0.0,0.0,0.0,0,0,0.0,false
examples/webapps/moviefun/src/main/java/org/superbiz/moviefun/Notifier.java,6.0,0.0,0.0,1.0,0.0,2.0,0.0,jgallimore@apache.org,0,0.0,0.0,0.0,0.0,0.0,0.0,0.0,0,0,0.0,false
examples/webapps/moviefun/src/main/java/org/superbiz/moviefun/NotifierImpl.java,26.0,10.0,0.0,1.0,8.0,4.0,0.0,jgallimore@apache.org,0,0.0,0.0,0.0,0.0,0.0,0.0,0.0,0,0,0.0,false
examples/webapps/moviefun/src/test/java/org/superbiz/moviefun/MoviesTest.java,31.0,11.0,1.0,2.0,9.0,5.0,0.0,jgallimore@apache.org,0,0.0,0.0,0.0,0.0,0.0,0.0,0.0,0,0,0.0,false
examples/webservice-security/src/main/java/org/superbiz/calculator/CalculatorRemote.java,4.0,1.0,1.0,2.0,0.0,2.0,52.0,jlmonteiro@apache.org,2,0.00847457627118644,67.0,0.0,33.0,0.0,2475.6639658848617,26234.440439105958,2,0,0.4631705338638282,false
examples/webservice-ws-security/src/main/java/org/superbiz/calculator/CalculatorRemote.java,4.0,1.0,1.0,2.0,0.0,2.0,52.0,jgallimore@apache.org,1,0.00423728813559322,33.0,0.0,0.0,0.0,1991.4925373134329,24070.236047029968,1,0,0.5978370007556204,false
examples/webservice-ws-security/src/test/java/org/superbiz/calculator/CustomPasswordHandler.java,29.0,8.0,0.0,1.0,10.0,5.0,69.0,dblevins@apache.org,1,0.00423728813559322,12.0,0.0,0.0,0.0,1991.4925373134329,24070.236047029968,1,0,0.5978370007556204,false
itests/openejb-itests-beans/src/main/java/org/apache/openejb/test/AnnotatedApplicationException.java,8.0,0.0,1.0,2.0,0.0,2.0,3.0,jlmonteiro@apache.org,1,0.00423728813559322,50.0,0.0,50.0,0.0,484.1714285714286,2164.2043920759897,1,0,1.7147984280919266,false
itests/openejb-itests-beans/src/main/java/org/apache/openejb/test/ApplicationException.java,11.0,0.0,1.0,2.0,0.0,2.0,69.0,andygumbrecht@apache.org,1,0.00423728813559322,25.0,0.0,0.0,0.0,1991.4925373134329,24070.236047029968,1,0,0.5978370007556204,false
itests/openejb-itests-beans/src/main/java/org/apache/openejb/test/mdb/InterceptorMdbBean.java,80.0,21.0,28.0,9.0,12.0,28.0,69.0,andygumbrecht@apache.org,1,0.00423728813559322,14.0,0.0,0.0,0.0,1991.4925373134329,24070.236047029968,1,0,0.5978370007556204,false
itests/openejb-itests-beans/src/main/java/org/apache/openejb/test/mdb/InterceptorMdbObject.java,6.0,1.0,6.0,4.0,0.0,8.0,69.0,dblevins@apache.org,1,0.00423728813559322,50.0,0.0,0.0,0.0,1991.4925373134329,24070.236047029968,1,0,0.5978370007556204,false
itests/openejb-itests-beans/src/main/java/org/apache/openejb/test/mdb/MdbInterceptor.java,21.0,12.0,3.0,3.0,7.0,7.0,69.0,andygumbrecht@apache.org,1,0.00423728813559322,33.0,0.0,0.0,0.0,1991.4925373134329,24070.236047029968,1,0,0.5978370007556204,false
itests/openejb-itests-beans/src/main/java/org/apache/openejb/test/object/Color.java,0.0,0.0,0.0,0.0,0.0,0.0,0.0,dblevins@apache.org,0,0.0,0.0,0.0,0.0,0.0,0.0,0.0,0,1,0.0,false
itests/openejb-itests-beans/src/main/java/org/apache/openejb/test/stateless/BasicStatelessBusinessLocal.java,39.0,3.0,28.0,8.0,0.0,16.0,3.0,dblevins@apache.org,1,0.00423728813559322,17.0,0.0,17.0,0.0,484.1714285714286,2164.2043920759897,1,1,1.7147984280919266,false
itests/openejb-itests-beans/src/main/java/org/apache/openejb/test/stateless/BasicStatelessPojoBean.java,59.0,7.0,55.0,11.0,2.0,22.0,3.0,null,1,0.00423728813559322,12.0,0.0,12.0,0.0,484.1714285714286,2164.2043920759897,1,2,1.7147984280919266,false
itests/openejb-itests-client/src/main/java/org/apache/openejb/test/TestClient.java,76.0,12.0,13.0,6.0,31.0,19.0,69.0,dblevins@apache.org,1,0.00423728813559322,12.0,0.0,0.0,0.0,1991.4925373134329,24070.236047029968,1,2,0.5978370007556204,false
itests/openejb-itests-client/src/main/java/org/apache/openejb/test/mdb/MdbInterceptorTests.java,68.0,3.0,0.0,7.0,23.0,18.0,69.0,andygumbrecht@apache.org,1,0.00423728813559322,25.0,0.0,0.0,0.0,1991.4925373134329,24070.236047029968,1,0,0.5978370007556204,false
itests/openejb-itests-client/src/main/java/org/apache/openejb/test/singleton/AnnotatedFieldInjectionSingletonLocalTestClient.java,16.0,0.0,1.0,2.0,1.0,3.0,69.0,andygumbrecht@apache.org,1,0.00423728813559322,25.0,0.0,0.0,0.0,1991.4925373134329,24070.236047029968,1,0,0.5978370007556204,false
itests/openejb-itests-client/src/main/java/org/apache/openejb/test/singleton/AnnotatedFieldInjectionSingletonPojoHomeIntfcTests.java,24.0,1.0,3.0,3.0,5.0,5.0,69.0,andygumbrecht@apache.org,1,0.00423728813559322,25.0,0.0,0.0,0.0,1991.4925373134329,24070.236047029968,1,0,0.5978370007556204,false
itests/openejb-itests-client/src/main/java/org/apache/openejb/test/singleton/AnnotatedFieldInjectionSingletonPojoLocalHomeIntfcTests.java,24.0,1.0,3.0,3.0,5.0,5.0,69.0,andygumbrecht@apache.org,1,0.00423728813559322,25.0,0.0,0.0,0.0,1991.4925373134329,24070.236047029968,1,0,0.5978370007556204,false
itests/openejb-itests-client/src/main/java/org/apache/openejb/test/singleton/AnnotatedFieldInjectionSingletonTestClient.java,16.0,0.0,1.0,2.0,1.0,3.0,69.0,andygumbrecht@apache.org,1,0.00423728813559322,25.0,0.0,0.0,0.0,1991.4925373134329,24070.236047029968,1,0,0.5978370007556204,false
itests/openejb-itests-client/src/main/java/org/apache/openejb/test/singleton/AnnotatedSetterInjectionSingletonLocalTestClient.java,16.0,0.0,1.0,2.0,1.0,3.0,69.0,andygumbrecht@apache.org,1,0.00423728813559322,25.0,0.0,0.0,0.0,1991.4925373134329,24070.236047029968,1,0,0.5978370007556204,false
itests/openejb-itests-client/src/main/java/org/apache/openejb/test/singleton/AnnotatedSetterInjectionSingletonPojoHomeIntfcTests.java,27.0,1.0,6.0,4.0,5.0,6.0,69.0,andygumbrecht@apache.org,1,0.00423728813559322,25.0,0.0,0.0,0.0,1991.4925373134329,24070.236047029968,1,0,0.5978370007556204,false
itests/openejb-itests-client/src/main/java/org/apache/openejb/test/singleton/AnnotatedSetterInjectionSingletonPojoLocalHomeIntfcTests.java,27.0,1.0,6.0,4.0,5.0,6.0,69.0,andygumbrecht@apache.org,1,0.00423728813559322,25.0,0.0,0.0,0.0,1991.4925373134329,24070.236047029968,1,0,0.5978370007556204,false
itests/openejb-itests-client/src/main/java/org/apache/openejb/test/singleton/AnnotatedSetterInjectionSingletonTestClient.java,16.0,0.0,1.0,2.0,1.0,3.0,69.0,andygumbrecht@apache.org,1,0.00423728813559322,25.0,0.0,0.0,0.0,1991.4925373134329,24070.236047029968,1,0,0.5978370007556204,false
itests/openejb-itests-client/src/main/java/org/apache/openejb/test/stateful/AnnotatedFieldInjectionStatefulLocalTestClient.java,16.0,0.0,1.0,2.0,1.0,3.0,69.0,dblevins@apache.org,1,0.00423728813559322,20.0,0.0,0.0,0.0,1991.4925373134329,24070.236047029968,1,1,0.5978370007556204,false
itests/openejb-itests-client/src/main/java/org/apache/openejb/test/stateful/AnnotatedFieldInjectionStatefulPojoHomeIntfcTests.java,24.0,0.0,3.0,3.0,5.0,5.0,69.0,dblevins@apache.org,1,0.00423728813559322,20.0,0.0,0.0,0.0,1991.4925373134329,24070.236047029968,1,1,0.5978370007556204,false
itests/openejb-itests-client/src/main/java/org/apache/openejb/test/stateful/AnnotatedFieldInjectionStatefulPojoLocalHomeIntfcTests.java,24.0,0.0,3.0,3.0,5.0,5.0,69.0,dblevins@apache.org,1,0.00423728813559322,20.0,0.0,0.0,0.0,1991.4925373134329,24070.236047029968,1,1,0.5978370007556204,false
itests/openejb-itests-client/src/main/java/org/apache/openejb/test/stateful/AnnotatedFieldInjectionStatefulTestClient.java,16.0,0.0,1.0,2.0,1.0,3.0,69.0,dblevins@apache.org,1,0.00423728813559322,20.0,0.0,0.0,0.0,1991.4925373134329,24070.236047029968,1,1,0.5978370007556204,false
itests/openejb-itests-client/src/main/java/org/apache/openejb/test/stateful/AnnotatedSetterInjectionStatefulLocalTestClient.java,16.0,0.0,1.0,2.0,1.0,3.0,69.0,andygumbrecht@apache.org,1,0.00423728813559322,17.0,0.0,0.0,0.0,1991.4925373134329,24070.236047029968,1,1,0.5978370007556204,false
itests/openejb-itests-client/src/main/java/org/apache/openejb/test/stateful/AnnotatedSetterInjectionStatefulPojoHomeIntfcTests.java,27.0,1.0,6.0,4.0,5.0,6.0,69.0,dblevins@apache.org,1,0.00423728813559322,20.0,0.0,0.0,0.0,1991.4925373134329,24070.236047029968,1,1,0.5978370007556204,false
itests/openejb-itests-client/src/main/java/org/apache/openejb/test/stateful/AnnotatedSetterInjectionStatefulPojoLocalHomeIntfcTests.java,27.0,1.0,6.0,4.0,5.0,6.0,69.0,dblevins@apache.org,1,0.00423728813559322,20.0,0.0,0.0,0.0,1991.4925373134329,24070.236047029968,1,1,0.5978370007556204,false
itests/openejb-itests-client/src/main/java/org/apache/openejb/test/stateful/AnnotatedSetterInjectionStatefulTestClient.java,16.0,0.0,1.0,2.0,1.0,3.0,69.0,dblevins@apache.org,1,0.00423728813559322,20.0,0.0,0.0,0.0,1991.4925373134329,24070.236047029968,1,1,0.5978370007556204,false
itests/openejb-itests-client/src/main/java/org/apache/openejb/test/stateful/StatefulPojoLocalIntfcTests.java,24.0,0.0,3.0,3.0,8.0,5.0,69.0,andygumbrecht@apache.org,1,0.00423728813559322,25.0,0.0,0.0,0.0,1991.4925373134329,24070.236047029968,1,1,0.5978370007556204,false
itests/openejb-itests-client/src/main/java/org/apache/openejb/test/stateless/AnnotatedFieldInjectionStatelessLocalTestClient.java,16.0,0.0,1.0,2.0,1.0,3.0,69.0,dblevins@apache.org,1,0.00423728813559322,20.0,0.0,0.0,0.0,1991.4925373134329,24070.236047029968,1,1,0.5978370007556204,false
itests/openejb-itests-client/src/main/java/org/apache/openejb/test/stateless/AnnotatedFieldInjectionStatelessPojoHomeIntfcTests.java,24.0,1.0,3.0,3.0,5.0,5.0,69.0,dblevins@apache.org,1,0.00423728813559322,20.0,0.0,0.0,0.0,1991.4925373134329,24070.236047029968,1,1,0.5978370007556204,false
itests/openejb-itests-client/src/main/java/org/apache/openejb/test/stateless/AnnotatedFieldInjectionStatelessPojoLocalHomeIntfcTests.java,24.0,1.0,3.0,3.0,5.0,5.0,69.0,dblevins@apache.org,1,0.00423728813559322,20.0,0.0,0.0,0.0,1991.4925373134329,24070.236047029968,1,1,0.5978370007556204,false
itests/openejb-itests-client/src/main/java/org/apache/openejb/test/stateless/AnnotatedFieldInjectionStatelessTestClient.java,16.0,0.0,1.0,2.0,1.0,3.0,69.0,andygumbrecht@apache.org,1,0.00423728813559322,17.0,0.0,0.0,0.0,1991.4925373134329,24070.236047029968,1,1,0.5978370007556204,false
itests/openejb-itests-client/src/main/java/org/apache/openejb/test/stateless/AnnotatedSetterInjectionStatelessLocalTestClient.java,16.0,0.0,1.0,2.0,1.0,3.0,69.0,dblevins@apache.org,1,0.00423728813559322,20.0,0.0,0.0,0.0,1991.4925373134329,24070.236047029968,1,1,0.5978370007556204,false
itests/openejb-itests-client/src/main/java/org/apache/openejb/test/stateless/AnnotatedSetterInjectionStatelessPojoHomeIntfcTests.java,27.0,1.0,6.0,4.0,5.0,6.0,69.0,dblevins@apache.org,1,0.00423728813559322,20.0,0.0,0.0,0.0,1991.4925373134329,24070.236047029968,1,1,0.5978370007556204,false
itests/openejb-itests-client/src/main/java/org/apache/openejb/test/stateless/AnnotatedSetterInjectionStatelessPojoLocalHomeIntfcTests.java,27.0,1.0,6.0,4.0,5.0,6.0,69.0,dblevins@apache.org,1,0.00423728813559322,20.0,0.0,0.0,0.0,1991.4925373134329,24070.236047029968,1,1,0.5978370007556204,false
itests/openejb-itests-client/src/main/java/org/apache/openejb/test/stateless/AnnotatedSetterInjectionStatelessTestClient.java,16.0,0.0,1.0,2.0,1.0,3.0,69.0,dblevins@apache.org,1,0.00423728813559322,20.0,0.0,0.0,0.0,1991.4925373134329,24070.236047029968,1,1,0.5978370007556204,false
itests/openejb-itests-client/src/main/java/org/apache/openejb/test/stateless/StatelessLocalBusinessIntfcTests.java,117.0,0.0,0.0,11.0,38.0,25.0,1.0,dblevins@apache.org,1,0.00423728813559322,17.0,0.0,17.0,0.0,484.1714285714286,2164.2043920759897,1,1,1.7147984280919266,false
server/openejb-client/src/main/java/org/apache/openejb/client/ClusterMetaData.java,55.0,6.0,12.0,9.0,10.0,18.0,6.0,andygumbrecht@apache.org,1,0.00423728813559322,11.0,0.0,11.0,0.0,1991.4925373134329,24070.236047029968,1,1,0.5978370007556204,false
server/openejb-client/src/main/java/org/apache/openejb/client/ClusterResponse.java,72.0,3.0,0.0,10.0,8.0,19.0,6.0,andygumbrecht@apache.org,1,0.00423728813559322,25.0,0.0,25.0,0.0,1991.4925373134329,24070.236047029968,1,1,0.5978370007556204,false
server/openejb-client/src/main/java/org/apache/openejb/client/InterfaceType.java,0.0,0.0,0.0,0.0,0.0,0.0,0.0,dblevins@apache.org,0,0.0,0.0,0.0,0.0,0.0,0.0,0.0,0,0,0.0,false
server/openejb-client/src/main/java/org/apache/openejb/client/JNDIContext.java,403.0,26.0,785.0,42.0,112.0,131.0,3.0,dblevins@apache.org,1,0.00423728813559322,4.0,0.0,2.0,0.0,1991.4925373134329,24070.236047029968,1,11,0.5978370007556204,false
server/openejb-client/src/main/java/org/apache/openejb/client/StickyConnectionStrategy.java,52.0,8.0,1.0,2.0,20.0,10.0,6.0,dblevins@apache.org,1,0.00423728813559322,12.0,0.0,12.0,0.0,1991.4925373134329,24070.236047029968,1,2,0.5978370007556204,false
server/openejb-client/src/test/java/org/apache/openejb/client/MainTest.java,153.0,18.0,0.0,5.0,20.0,11.0,6.0,dblevins@apache.org,1,0.00423728813559322,20.0,0.0,20.0,0.0,1991.4925373134329,24070.236047029968,1,0,0.5978370007556204,false
server/openejb-client/src/test/java/org/apache/openejb/client/OverlyStickyConnectionTest.java,54.0,11.0,1.0,2.0,7.0,5.0,6.0,andygumbrecht@apache.org,1,0.00423728813559322,25.0,0.0,25.0,0.0,1991.4925373134329,24070.236047029968,1,0,0.5978370007556204,false
server/openejb-cxf/src/main/java/org/apache/openejb/server/cxf/ConfigureCxfSecurity.java,38.0,9.0,6.0,4.0,17.0,9.0,69.0,rmannibucau@apache.org,1,0.00423728813559322,11.0,0.0,0.0,0.0,1991.4925373134329,24070.236047029968,1,0,0.5978370007556204,false
server/openejb-cxf/src/main/java/org/apache/openejb/server/cxf/ServerPasswordHandler.java,17.0,8.0,0.0,1.0,7.0,4.0,69.0,jgallimore@apache.org,1,0.00423728813559322,33.0,0.0,0.0,0.0,1991.4925373134329,24070.236047029968,1,0,0.5978370007556204,false
server/openejb-cxf/src/main/java/org/apache/openejb/server/cxf/ejb/EjbMethodInvoker.java,108.0,20.0,13.0,6.0,38.0,24.0,1.0,rmannibucau@apache.org,1,0.00423728813559322,11.0,11.0,11.0,0.0,484.1714285714286,2164.2043920759897,1,0,1.7147984280919266,false
server/openejb-cxf/src/test/java/org/apache/openejb/server/cxf/CxfJaxWsProviderTest.java,70.0,11.0,3.0,3.0,13.0,10.0,9.0,rmannibucau@apache.org,1,0.00423728813559322,11.0,11.0,11.0,0.0,484.1714285714286,2164.2043920759897,1,0,1.7147984280919266,false
server/openejb-cxf/src/test/java/org/apache/openejb/server/cxf/fault/AuthenticatorService.java,7.0,1.0,1.0,2.0,0.0,3.0,7.0,jlmonteiro@apache.org,1,0.00423728813559322,100.0,50.0,50.0,0.0,484.1714285714286,2164.2043920759897,1,0,1.7147984280919266,false
server/openejb-cxf/src/test/java/org/apache/openejb/server/cxf/fault/AuthenticatorServiceBean.java,13.0,3.0,1.0,2.0,4.0,6.0,7.0,jlmonteiro@apache.org,1,0.00423728813559322,67.0,33.0,33.0,0.0,484.1714285714286,2164.2043920759897,1,0,1.7147984280919266,false
server/openejb-cxf/src/test/java/org/apache/openejb/server/cxf/fault/AuthenticatorServiceBeanNoHandler.java,13.0,2.0,1.0,2.0,4.0,6.0,7.0,jlmonteiro@apache.org,1,0.00423728813559322,67.0,33.0,33.0,0.0,484.1714285714286,2164.2043920759897,1,0,1.7147984280919266,false
server/openejb-cxf/src/test/java/org/apache/openejb/server/cxf/fault/DummyInterceptor.java,19.0,6.0,10.0,5.0,1.0,8.0,7.0,jlmonteiro@apache.org,1,0.00423728813559322,100.0,50.0,50.0,0.0,484.1714285714286,2164.2043920759897,1,0,1.7147984280919266,false
server/openejb-cxf/src/test/java/org/apache/openejb/server/cxf/fault/WrongPasswordException.java,17.0,1.0,6.0,4.0,0.0,4.0,7.0,jlmonteiro@apache.org,1,0.00423728813559322,100.0,50.0,50.0,0.0,484.1714285714286,2164.2043920759897,1,0,1.7147984280919266,false
server/openejb-cxf/src/test/java/org/apache/openejb/server/cxf/fault/WrongPasswordRuntimeException.java,17.0,1.0,6.0,4.0,0.0,4.0,7.0,jlmonteiro@apache.org,1,0.00423728813559322,100.0,50.0,50.0,0.0,484.1714285714286,2164.2043920759897,1,0,1.7147984280919266,false
server/openejb-ejbd/src/main/java/org/apache/openejb/server/ejbd/JndiRequestHandler.java,366.0,50.0,17.0,7.0,114.0,33.0,0.0,dblevins@apache.org,0,0.0,0.0,0.0,0.0,0.0,0.0,0.0,0,6,0.0,false
server/openejb-hsql/src/main/java/org/apache/openejb/server/hsql/HsqlService.java,114.0,26.0,26.0,9.0,38.0,29.0,0.0,null,0,0.0,0.0,0.0,0.0,0.0,0.0,0.0,0,5,0.0,false
server/openejb-server/src/main/java/org/apache/openejb/server/Restart.java,7.0,0.0,0.0,1.0,3.0,2.0,69.0,dain@apache.org,1,0.00423728813559322,25.0,0.0,0.0,0.0,1991.4925373134329,24070.236047029968,1,0,0.5978370007556204,false
server/openejb-server/src/main/java/org/apache/openejb/server/ServiceDaemon.java,207.0,25.0,31.0,14.0,32.0,41.0,6.0,dblevins@apache.org,1,0.00423728813559322,4.0,4.0,0.0,4.0,84.8,83.99231337550184,1,3,3.912023005428146,false
server/openejb-server/src/main/java/org/apache/openejb/server/ServiceManager.java,255.0,25.0,37.0,10.0,80.0,40.0,0.0,dblevins@apache.org,0,0.0,0.0,0.0,0.0,0.0,0.0,0.0,0,6,0.0,false
server/openejb-server/src/main/java/org/apache/openejb/server/Status.java,39.0,2.0,6.0,4.0,8.0,12.0,69.0,andygumbrecht@apache.org,1,0.00423728813559322,14.0,0.0,0.0,0.0,1991.4925373134329,24070.236047029968,1,0,0.5978370007556204,false
server/openejb-telnet/src/main/java/org/apache/openejb/server/telnet/TelnetOption.java,37.0,0.0,16.0,9.0,0.0,14.0,69.0,dblevins@apache.org,1,0.00423728813559322,20.0,0.0,0.0,0.0,1991.4925373134329,24070.236047029968,1,0,0.5978370007556204,false
server/openejb-telnet/src/main/java/org/apache/openejb/server/telnet/TelnetServer.java,41.0,7.0,28.0,8.0,5.0,19.0,69.0,dblevins@apache.org,1,0.00423728813559322,20.0,0.0,0.0,0.0,1991.4925373134329,24070.236047029968,1,0,0.5978370007556204,false
server/openejb-webservices/src/main/java/org/apache/openejb/server/webservices/BasicAuthHttpListenerWrapper.java,44.0,7.0,1.0,3.0,16.0,9.0,69.0,jgallimore@apache.org,1,0.00423728813559322,25.0,0.0,0.0,0.0,1991.4925373134329,24070.236047029968,1,0,0.5978370007556204,false
server/openejb-webservices/src/main/java/org/apache/openejb/server/webservices/WsService.java,304.0,45.0,288.0,28.0,75.0,68.0,6.0,rmannibucau@apache.org,1,0.00423728813559322,2.0,2.0,0.0,2.0,84.8,83.99231337550184,1,2,3.912023005428146,false
