name,LOC,CBO,LCOM,NOM,RFC,WMC,ACS,Ownership,numOfChanges,numberOfFIChanges,ENH,NF,BugFixing,REF,structuralWorkloadSum,semanticWorkloadSum,numberOfDeveloper,pastFaults,MAF,isBuggy
api/ejb31-api-experimental/src/main/java/javax/annotation/ManagedBean.java,0.0,0.0,0.0,0.0,0.0,0.0,19.0,dblevins@apache.org,2,0.007142857142857143,67.0,33.0,0.0,0.0,1212.7283950617284,10674.693529734664,2,0,0.6117755668768036,false
assembly/openejb-tomcat/openejb-tomcat-catalina/src/main/java/org/apache/openejb/tomcat/catalina/TomcatSecurityService.java,162.0,16.0,28.0,9.0,27.0,29.0,1.0,dblevins@apache.org,1,0.0035714285714285713,10.0,0.0,0.0,0.0,674.7441860465117,3908.737031936607,1,1,1.8044984950054848,false
container/openejb-core/src/main/java/org/apache/openejb/BeanType.java,0.0,0.0,0.0,0.0,0.0,0.0,12.0,dblevins@apache.org,1,0.0035714285714285713,11.0,0.0,0.0,0.0,1083.7283950617284,10561.597125413164,1,0,0.4376222197426957,false
container/openejb-core/src/main/java/org/apache/openejb/OpenEJB.java,222.0,14.0,9.0,6.0,14.0,13.0,29.0,dblevins@apache.org,1,0.0035714285714285713,2.0,2.0,0.0,0.0,1083.7283950617284,10561.597125413164,1,7,0.4376222197426957,false
container/openejb-core/src/main/java/org/apache/openejb/assembler/DeployerEjb.java,106.0,23.0,9.0,7.0,31.0,21.0,1.0,rmannibucau@apache.org,1,0.0035714285714285713,2.0,0.0,2.0,0.0,1083.7283950617284,10561.597125413164,1,5,0.4376222197426957,false
container/openejb-core/src/main/java/org/apache/openejb/assembler/classic/Assembler.java,1026.0,88.0,1134.0,57.0,348.0,165.0,0.0,rmannibucau@apache.org,0,0.0,0.0,0.0,0.0,0.0,0.0,0.0,0,34,0.0,false
container/openejb-core/src/main/java/org/apache/openejb/assembler/classic/EnterpriseBeanBuilder.java,294.0,24.0,18.0,9.0,78.0,50.0,29.0,dblevins@apache.org,1,0.0035714285714285713,1.0,1.0,0.0,0.0,1083.7283950617284,10561.597125413164,1,11,0.4376222197426957,false
container/openejb-core/src/main/java/org/apache/openejb/assembler/classic/EnterpriseBeanInfo.java,38.0,2.0,0.0,0.0,0.0,0.0,29.0,dblevins@apache.org,1,0.0035714285714285713,3.0,3.0,0.0,0.0,1083.7283950617284,10561.597125413164,1,3,0.4376222197426957,false
container/openejb-core/src/main/java/org/apache/openejb/assembler/classic/JndiBuilder.java,86.0,30.0,15.0,6.0,12.0,10.0,0.0,dblevins@apache.org,0,0.0,0.0,0.0,0.0,0.0,0.0,0.0,0,9,0.0,false
container/openejb-core/src/main/java/org/apache/openejb/assembler/classic/ManagedBeanInfo.java,8.0,2.0,0.0,1.0,0.0,1.0,29.0,tveronezi@apache.org,1,0.0035714285714285713,17.0,17.0,0.0,0.0,1083.7283950617284,10561.597125413164,1,0,0.4376222197426957,false
container/openejb-core/src/main/java/org/apache/openejb/assembler/classic/ManagedContainerInfo.java,2.0,0.0,0.0,0.0,0.0,0.0,29.0,tveronezi@apache.org,1,0.0035714285714285713,33.0,33.0,0.0,0.0,1083.7283950617284,10561.597125413164,1,0,0.4376222197426957,false
container/openejb-core/src/main/java/org/apache/openejb/assembler/classic/PersistenceBuilder.java,108.0,15.0,0.0,3.0,32.0,10.0,1.0,null,1,0.0035714285714285713,3.0,0.0,0.0,0.0,1083.7283950617284,10561.597125413164,1,5,0.4376222197426957,false
container/openejb-core/src/main/java/org/apache/openejb/client/LocalInitialContextFactory.java,62.0,10.0,7.0,6.0,21.0,21.0,4.0,dblevins@apache.org,1,0.0035714285714285713,5.0,0.0,0.0,0.0,129.0,113.0964043214999,1,3,2.172223275130802,false
container/openejb-core/src/main/java/org/apache/openejb/config/AnnotationDeployer.java,2287.0,147.0,9.0,7.0,11.0,13.0,29.0,rmannibucau@apache.org,1,0.0035714285714285713,0.0,0.0,0.0,0.0,1083.7283950617284,10561.597125413164,1,22,0.4376222197426957,false
container/openejb-core/src/main/java/org/apache/openejb/config/AutoConfig.java,1138.0,53.0,661.0,42.0,330.0,157.0,8.0,rmannibucau@apache.org,2,0.007142857142857143,3.0,1.0,0.0,0.0,1758.47258110824,14470.334157349771,2,13,0.21700614393958473,false
container/openejb-core/src/main/java/org/apache/openejb/config/BeanTypes.java,12.0,0.0,0.0,0.0,0.0,0.0,29.0,dblevins@apache.org,1,0.0035714285714285713,20.0,20.0,0.0,0.0,1083.7283950617284,10561.597125413164,1,1,0.4376222197426957,false
container/openejb-core/src/main/java/org/apache/openejb/config/Cipher.java,76.0,17.0,15.0,6.0,34.0,17.0,0.0,tveronezi@apache.org,0,0.0,0.0,0.0,0.0,0.0,0.0,0.0,0,0,0.0,false
container/openejb-core/src/main/java/org/apache/openejb/config/ConfigurationFactory.java,797.0,71.0,646.0,40.0,262.0,144.0,29.0,null,1,0.0035714285714285713,0.0,0.0,0.0,0.0,1083.7283950617284,10561.597125413164,1,26,0.4376222197426957,false
container/openejb-core/src/main/java/org/apache/openejb/config/DeploymentsResolver.java,271.0,15.0,1.0,3.0,61.0,20.0,1.0,dblevins@apache.org,1,0.0035714285714285713,8.0,2.0,2.0,1.0,1083.7283950617284,10561.597125413164,1,4,0.4376222197426957,false
container/openejb-core/src/main/java/org/apache/openejb/config/EjbJarInfoBuilder.java,505.0,79.0,188.0,20.0,277.0,73.0,29.0,null,1,0.0035714285714285713,1.0,1.0,0.0,0.0,1083.7283950617284,10561.597125413164,1,9,0.4376222197426957,false
container/openejb-core/src/main/java/org/apache/openejb/config/WsDeployer.java,329.0,34.0,26.0,8.0,159.0,46.0,29.0,null,1,0.0035714285714285713,3.0,3.0,0.0,0.0,1083.7283950617284,10561.597125413164,1,1,0.4376222197426957,false
container/openejb-core/src/main/java/org/apache/openejb/config/rules/CheckPersistenceRefs.java,45.0,9.0,3.0,3.0,16.0,12.0,29.0,dblevins@apache.org,1,0.0035714285714285713,8.0,8.0,0.0,0.0,1083.7283950617284,10561.597125413164,1,1,0.4376222197426957,false
container/openejb-core/src/main/java/org/apache/openejb/config/sys/ServiceProvider.java,137.0,11.0,135.0,19.0,1.0,31.0,1.0,dblevins@apache.org,1,0.0035714285714285713,6.0,6.0,0.0,0.0,1083.7283950617284,10561.597125413164,1,1,0.4376222197426957,false
container/openejb-core/src/main/java/org/apache/openejb/core/BaseSessionContext.java,232.0,20.0,21.0,7.0,10.0,15.0,29.0,dblevins@apache.org,1,0.0035714285714285713,3.0,3.0,0.0,0.0,1083.7283950617284,10561.597125413164,1,2,0.4376222197426957,false
container/openejb-core/src/main/java/org/apache/openejb/core/CoreDeploymentInfo.java,819.0,39.0,6852.0,120.0,144.0,266.0,29.0,dblevins@apache.org,1,0.0035714285714285713,1.0,1.0,0.0,0.0,1083.7283950617284,10561.597125413164,1,12,0.4376222197426957,false
container/openejb-core/src/main/java/org/apache/openejb/core/ivm/EjbHomeProxyHandler.java,238.0,25.0,134.0,17.0,69.0,60.0,29.0,dblevins@apache.org,1,0.0035714285714285713,1.0,1.0,0.0,0.0,1083.7283950617284,10561.597125413164,1,11,0.4376222197426957,true
container/openejb-core/src/main/java/org/apache/openejb/core/ivm/IntraVmMetaData.java,70.0,7.0,26.0,13.0,10.0,32.0,29.0,dblevins@apache.org,1,0.0035714285714285713,6.0,6.0,0.0,0.0,1083.7283950617284,10561.597125413164,1,1,0.4376222197426957,false
container/openejb-core/src/main/java/org/apache/openejb/core/ivm/naming/IvmContext.java,412.0,37.0,880.0,45.0,109.0,142.0,0.0,null,0,0.0,0.0,0.0,0.0,0.0,0.0,0.0,0,3,0.0,false
container/openejb-core/src/main/java/org/apache/openejb/core/managed/Cache.java,62.0,0.0,21.0,7.0,0.0,15.0,12.0,tveronezi@apache.org,1,0.0035714285714285713,20.0,0.0,0.0,0.0,1083.7283950617284,10561.597125413164,1,0,0.4376222197426957,false
container/openejb-core/src/main/java/org/apache/openejb/core/managed/Instance.java,121.0,16.0,33.0,11.0,12.0,27.0,12.0,null,1,0.0035714285714285713,11.0,0.0,0.0,0.0,1083.7283950617284,10561.597125413164,1,0,0.4376222197426957,false
container/openejb-core/src/main/java/org/apache/openejb/core/managed/ManagedContainer.java,760.0,62.0,349.0,30.0,207.0,114.0,23.0,null,1,0.0035714285714285713,6.0,3.0,0.0,0.0,1083.7283950617284,10561.597125413164,1,0,0.4376222197426957,false
container/openejb-core/src/main/java/org/apache/openejb/core/managed/ManagedContext.java,108.0,6.0,1.0,3.0,3.0,8.0,12.0,rmannibucau@apache.org,1,0.0035714285714285713,12.0,0.0,0.0,0.0,1083.7283950617284,10561.597125413164,1,0,0.4376222197426957,false
container/openejb-core/src/main/java/org/apache/openejb/core/managed/ManagedHomeHandler.java,20.0,8.0,10.0,5.0,4.0,9.0,12.0,tveronezi@apache.org,1,0.0035714285714285713,11.0,0.0,0.0,0.0,1083.7283950617284,10561.597125413164,1,0,0.4376222197426957,false
container/openejb-core/src/main/java/org/apache/openejb/core/managed/ManagedObjectHandler.java,62.0,9.0,10.0,5.0,8.0,12.0,12.0,tveronezi@apache.org,1,0.0035714285714285713,11.0,0.0,0.0,0.0,1083.7283950617284,10561.597125413164,1,0,0.4376222197426957,false
container/openejb-core/src/main/java/org/apache/openejb/core/managed/ManagedUserTransaction.java,39.0,10.0,0.0,7.0,12.0,16.0,12.0,tveronezi@apache.org,1,0.0035714285714285713,14.0,0.0,0.0,0.0,1083.7283950617284,10561.597125413164,1,0,0.4376222197426957,false
container/openejb-core/src/main/java/org/apache/openejb/core/managed/PassivationStrategy.java,5.0,3.0,3.0,3.0,0.0,6.0,12.0,tveronezi@apache.org,1,0.0035714285714285713,20.0,0.0,0.0,0.0,1083.7283950617284,10561.597125413164,1,0,0.4376222197426957,false
container/openejb-core/src/main/java/org/apache/openejb/core/managed/RAFPassivater.java,53.0,8.0,1.0,3.0,17.0,13.0,12.0,tveronezi@apache.org,1,0.0035714285714285713,11.0,0.0,0.0,0.0,1083.7283950617284,10561.597125413164,1,0,0.4376222197426957,false
container/openejb-core/src/main/java/org/apache/openejb/core/managed/SimpleCache.java,388.0,13.0,109.0,22.0,80.0,62.0,8.0,tveronezi@apache.org,1,0.0035714285714285713,15.0,0.0,0.0,0.0,1083.7283950617284,10561.597125413164,1,0,0.4376222197426957,false
container/openejb-core/src/main/java/org/apache/openejb/core/managed/SimplePassivater.java,71.0,12.0,4.0,5.0,27.0,21.0,12.0,andygumbrecht@apache.org,1,0.0035714285714285713,11.0,0.0,0.0,0.0,1083.7283950617284,10561.597125413164,1,0,0.4376222197426957,false
container/openejb-core/src/main/java/org/apache/openejb/core/security/AbstractSecurityService.java,269.0,34.0,244.0,24.0,69.0,61.0,4.0,rmannibucau@apache.org,1,0.0035714285714285713,2.0,0.0,0.0,0.0,674.7441860465117,3908.737031936607,1,2,1.8044984950054848,false
container/openejb-core/src/main/java/org/apache/openejb/core/singleton/SingletonContainer.java,234.0,37.0,111.0,18.0,81.0,55.0,0.0,dblevins@apache.org,0,0.0,0.0,0.0,0.0,0.0,0.0,0.0,0,0,0.0,false
container/openejb-core/src/main/java/org/apache/openejb/core/stateful/SimpleCache.java,388.0,13.0,109.0,22.0,80.0,62.0,8.0,null,1,0.0035714285714285713,5.0,0.0,0.0,0.0,1083.7283950617284,10561.597125413164,1,0,0.4376222197426957,false
container/openejb-core/src/main/java/org/apache/openejb/persistence/JtaEntityManagerRegistry.java,214.0,8.0,10.0,8.0,16.0,27.0,0.0,null,0,0.0,0.0,0.0,0.0,0.0,0.0,0.0,0,3,0.0,false
container/openejb-core/src/main/java/org/apache/openejb/resource/jdbc/BasicDataSource.java,74.0,5.0,39.0,10.0,16.0,20.0,0.0,rmannibucau@apache.org,0,0.0,0.0,0.0,0.0,0.0,0.0,0.0,0,3,0.0,false
container/openejb-core/src/main/java/org/apache/openejb/resource/jdbc/BasicDataSourceUtil.java,84.0,5.0,6.0,4.0,19.0,16.0,0.0,null,0,0.0,0.0,0.0,0.0,0.0,0.0,0.0,0,1,0.0,false
container/openejb-core/src/main/java/org/apache/openejb/resource/jdbc/BasicManagedDataSource.java,77.0,5.0,49.0,11.0,17.0,21.0,0.0,rmannibucau@apache.org,0,0.0,0.0,0.0,0.0,0.0,0.0,0.0,0,3,0.0,false
container/openejb-core/src/main/java/org/apache/openejb/resource/jdbc/PasswordCipher.java,17.0,0.0,1.0,2.0,0.0,4.0,0.0,dblevins@apache.org,0,0.0,0.0,0.0,0.0,0.0,0.0,0.0,0,0,0.0,false
container/openejb-core/src/main/java/org/apache/openejb/resource/jdbc/PlainTextPasswordCipher.java,29.0,0.0,1.0,2.0,1.0,8.0,0.0,dblevins@apache.org,0,0.0,0.0,0.0,0.0,0.0,0.0,0.0,0,0,0.0,false
container/openejb-core/src/main/java/org/apache/openejb/resource/jdbc/StaticDESPasswordCipher.java,49.0,3.0,0.0,2.0,13.0,12.0,0.0,dblevins@apache.org,0,0.0,0.0,0.0,0.0,0.0,0.0,0.0,0,0,0.0,false
container/openejb-core/src/main/java/org/apache/openejb/resource/quartz/JobSpec.java,154.0,12.0,0.0,33.0,40.0,57.0,11.0,null,1,0.0035714285714285713,10.0,0.0,0.0,0.0,1083.7283950617284,10561.597125413164,1,0,0.4376222197426957,false
container/openejb-core/src/main/java/org/apache/openejb/resource/quartz/QuartzResourceAdapter.java,88.0,16.0,0.0,5.0,17.0,15.0,11.0,null,1,0.0035714285714285713,7.0,0.0,0.0,0.0,1083.7283950617284,10561.597125413164,1,0,0.4376222197426957,false
container/openejb-core/src/main/java/org/apache/openejb/util/Duration.java,182.0,2.0,21.0,15.0,20.0,36.0,3.0,tveronezi@apache.org,1,0.0035714285714285713,11.0,0.0,6.0,0.0,1083.7283950617284,10561.597125413164,1,1,0.4376222197426957,false
container/openejb-core/src/main/java/org/apache/openejb/util/JuliLogStreamFactory.java,127.0,21.0,21.0,7.0,48.0,25.0,1.0,rmannibucau@apache.org,1,0.0035714285714285713,2.0,0.0,2.0,2.0,674.7441860465117,3908.737031936607,1,1,1.8044984950054848,false
container/openejb-core/src/main/java/org/apache/openejb/util/Logger.java,375.0,3.0,0.0,37.0,100.0,121.0,2.0,null,1,0.0035714285714285713,2.0,0.0,0.0,0.0,0.0,5.686837328415615,1,10,4.3694478524670215,false
container/openejb-core/src/main/java/org/apache/openejb/util/OpenEjbVersion.java,50.0,3.0,18.0,8.0,9.0,16.0,0.0,tveronezi@apache.org,0,0.0,0.0,0.0,0.0,0.0,0.0,0.0,0,1,0.0,false
container/openejb-core/src/main/java/org/apache/openejb/util/PaxLogStreamFactory.java,10.0,0.0,1.0,2.0,0.0,3.0,2.0,tveronezi@apache.org,1,0.0035714285714285713,20.0,0.0,0.0,0.0,0.0,5.686837328415615,1,0,4.3694478524670215,false
container/openejb-core/src/test/java/org/apache/openejb/config/AutoConfigMdbContainerTest.java,94.0,25.0,0.0,4.0,18.0,7.0,1.0,andygumbrecht@apache.org,1,0.0035714285714285713,33.0,0.0,0.0,0.0,1083.7283950617284,10561.597125413164,1,0,0.4376222197426957,false
container/openejb-core/src/test/java/org/apache/openejb/config/AutoConfigPersistenceUnitsTest.java,709.0,22.0,0.0,40.0,287.0,96.0,2.0,dblevins@apache.org,2,0.007142857142857143,8.0,4.0,0.0,0.0,1758.47258110824,14470.334157349771,2,3,0.427913176814145,false
container/openejb-core/src/test/java/org/apache/openejb/config/AutoConfigResourceRefsTest.java,73.0,15.0,1.0,2.0,28.0,6.0,0.0,dblevins@apache.org,0,0.0,0.0,0.0,0.0,0.0,0.0,0.0,0,0,0.0,false
container/openejb-core/src/test/java/org/apache/openejb/config/MemorySettingsTest.java,13.0,3.0,0.0,1.0,8.0,1.0,0.0,andygumbrecht@apache.org,0,0.0,0.0,0.0,0.0,0.0,0.0,0.0,0,0,0.0,false
container/openejb-core/src/test/java/org/apache/openejb/core/mdb/QuartzMdbContainerTest.java,50.0,49.0,0.0,1.0,26.0,3.0,26.0,djencks@apache.org,1,0.0035714285714285713,8.0,0.0,0.0,0.0,1083.7283950617284,10561.597125413164,1,0,0.4376222197426957,false
container/openejb-core/src/test/java/org/apache/openejb/core/security/SecurityTest.java,131.0,22.0,6.0,4.0,42.0,13.0,4.0,dblevins@apache.org,1,0.0035714285714285713,5.0,0.0,0.0,0.0,674.7441860465117,3908.737031936607,1,3,1.8044984950054848,false
container/openejb-core/src/test/java/org/apache/openejb/core/singleton/SingletonLazyInstantiationTest.java,120.0,18.0,4.0,4.0,33.0,10.0,1.0,andygumbrecht@apache.org,1,0.0035714285714285713,50.0,17.0,33.0,0.0,1083.7283950617284,10561.597125413164,1,1,0.4376222197426957,false
container/openejb-core/src/test/java/org/apache/openejb/iTest.java,45.0,11.0,3.0,3.0,10.0,7.0,0.0,null,0,0.0,0.0,0.0,0.0,0.0,0.0,0.0,0,6,0.0,false
container/openejb-core/src/test/java/org/apache/openejb/resource/jdbc/PasswordCodecTest.java,35.0,2.0,4.0,4.0,16.0,7.0,0.0,jlmonteiro@apache.org,0,0.0,0.0,0.0,0.0,0.0,0.0,0.0,0,1,0.0,false
container/openejb-core/src/test/java/org/apache/openejb/util/DurationTest.java,33.0,5.0,1.0,2.0,4.0,4.0,6.0,dblevins@apache.org,1,0.0035714285714285713,33.0,0.0,0.0,0.0,1083.7283950617284,10561.597125413164,1,0,0.4376222197426957,false
container/openejb-jee/src/main/java/org/apache/openejb/jee/ManagedBean.java,19.0,0.0,10.0,5.0,3.0,5.0,19.0,andygumbrecht@apache.org,1,0.0035714285714285713,25.0,25.0,0.0,0.0,1083.7283950617284,10561.597125413164,1,0,0.4376222197426957,false
container/openejb-jee/src/main/java/org/apache/openejb/jee/SessionType.java,0.0,0.0,0.0,0.0,0.0,0.0,29.0,dblevins@apache.org,1,0.0035714285714285713,14.0,14.0,0.0,0.0,1083.7283950617284,10561.597125413164,1,0,0.4376222197426957,false
container/openejb-jee/src/main/java/org/apache/openejb/jee/was/v6/common/CompatibilityDescriptionGroup.java,65.0,4.0,20.0,8.0,0.0,12.0,140.0,andygumbrecht@apache.org,1,0.0035714285714285713,50.0,0.0,0.0,0.0,247.36170212765956,14247.875240806063,1,0,3.676300671907076,false
container/openejb-jee/src/main/java/org/apache/openejb/jee/was/v6/common/Description.java,155.0,13.0,65.0,19.0,0.0,33.0,140.0,andygumbrecht@apache.org,1,0.0035714285714285713,50.0,0.0,0.0,0.0,247.36170212765956,14247.875240806063,1,0,3.676300671907076,false
container/openejb-jee/src/main/java/org/apache/openejb/jee/was/v6/common/DescriptionGroup.java,155.0,13.0,139.0,18.0,0.0,39.0,140.0,andygumbrecht@apache.org,1,0.0035714285714285713,50.0,0.0,0.0,0.0,247.36170212765956,14247.875240806063,1,0,3.676300671907076,false
container/openejb-jee/src/main/java/org/apache/openejb/jee/was/v6/common/DisplayName.java,155.0,13.0,65.0,19.0,0.0,33.0,140.0,andygumbrecht@apache.org,1,0.0035714285714285713,50.0,0.0,0.0,0.0,247.36170212765956,14247.875240806063,1,0,3.676300671907076,false
container/openejb-jee/src/main/java/org/apache/openejb/jee/was/v6/common/EJBLocalRef.java,35.0,4.0,2.0,4.0,0.0,6.0,140.0,andygumbrecht@apache.org,1,0.0035714285714285713,50.0,0.0,0.0,0.0,247.36170212765956,14247.875240806063,1,0,3.676300671907076,false
container/openejb-jee/src/main/java/org/apache/openejb/jee/was/v6/common/EjbRef.java,225.0,13.0,352.0,28.0,0.0,49.0,140.0,andygumbrecht@apache.org,1,0.0035714285714285713,50.0,0.0,0.0,0.0,247.36170212765956,14247.875240806063,1,0,3.676300671907076,false
container/openejb-jee/src/main/java/org/apache/openejb/jee/was/v6/common/EjbRefEnum.java,0.0,0.0,0.0,0.0,0.0,0.0,140.0,andygumbrecht@apache.org,1,0.0035714285714285713,50.0,0.0,0.0,0.0,247.36170212765956,14247.875240806063,1,0,3.676300671907076,false
container/openejb-jee/src/main/java/org/apache/openejb/jee/was/v6/common/EnvEntry.java,195.0,13.0,124.0,24.0,0.0,43.0,140.0,andygumbrecht@apache.org,1,0.0035714285714285713,50.0,0.0,0.0,0.0,247.36170212765956,14247.875240806063,1,0,3.676300671907076,false
container/openejb-jee/src/main/java/org/apache/openejb/jee/was/v6/common/EnvEntryEnum.java,0.0,0.0,0.0,0.0,0.0,0.0,140.0,andygumbrecht@apache.org,1,0.0035714285714285713,50.0,0.0,0.0,0.0,247.36170212765956,14247.875240806063,1,0,3.676300671907076,false
container/openejb-jee/src/main/java/org/apache/openejb/jee/was/v6/common/IconType.java,170.0,13.0,190.0,21.0,0.0,36.0,140.0,andygumbrecht@apache.org,1,0.0035714285714285713,50.0,0.0,0.0,0.0,247.36170212765956,14247.875240806063,1,0,3.676300671907076,false
container/openejb-jee/src/main/java/org/apache/openejb/jee/was/v6/common/Identity.java,165.0,13.0,172.0,20.0,0.0,37.0,140.0,andygumbrecht@apache.org,1,0.0035714285714285713,50.0,0.0,0.0,0.0,247.36170212765956,14247.875240806063,1,0,3.676300671907076,false
container/openejb-jee/src/main/java/org/apache/openejb/jee/was/v6/common/JNDIEnvRefsGroup.java,75.0,6.0,21.0,7.0,0.0,28.0,140.0,andygumbrecht@apache.org,1,0.0035714285714285713,50.0,0.0,0.0,0.0,247.36170212765956,14247.875240806063,1,0,3.676300671907076,false
container/openejb-jee/src/main/java/org/apache/openejb/jee/was/v6/common/Listener.java,30.0,8.0,1.0,3.0,0.0,7.0,140.0,andygumbrecht@apache.org,1,0.0035714285714285713,50.0,0.0,0.0,0.0,247.36170212765956,14247.875240806063,1,0,3.676300671907076,false
container/openejb-jee/src/main/java/org/apache/openejb/jee/was/v6/common/MessageDestination.java,20.0,4.0,0.0,2.0,0.0,3.0,140.0,andygumbrecht@apache.org,1,0.0035714285714285713,50.0,0.0,0.0,0.0,247.36170212765956,14247.875240806063,1,0,3.676300671907076,false
container/openejb-jee/src/main/java/org/apache/openejb/jee/was/v6/common/MessageDestinationRef.java,195.0,13.0,254.0,24.0,0.0,43.0,140.0,andygumbrecht@apache.org,1,0.0035714285714285713,50.0,0.0,0.0,0.0,247.36170212765956,14247.875240806063,1,0,3.676300671907076,false
container/openejb-jee/src/main/java/org/apache/openejb/jee/was/v6/common/MessageDestinationUsageEnum.java,0.0,0.0,0.0,0.0,0.0,0.0,140.0,andygumbrecht@apache.org,1,0.0035714285714285713,50.0,0.0,0.0,0.0,247.36170212765956,14247.875240806063,1,0,3.676300671907076,false
container/openejb-jee/src/main/java/org/apache/openejb/jee/was/v6/common/ObjectFactory.java,296.0,3.0,990.0,45.0,0.0,92.0,117.0,andygumbrecht@apache.org,1,0.0035714285714285713,50.0,0.0,0.0,0.0,247.36170212765956,14247.875240806063,1,0,3.676300671907076,false
container/openejb-jee/src/main/java/org/apache/openejb/jee/was/v6/common/ParamValue.java,180.0,13.0,103.0,22.0,0.0,40.0,140.0,andygumbrecht@apache.org,1,0.0035714285714285713,50.0,0.0,0.0,0.0,247.36170212765956,14247.875240806063,1,0,3.676300671907076,false
container/openejb-jee/src/main/java/org/apache/openejb/jee/was/v6/common/QName.java,185.0,12.0,231.0,23.0,0.0,39.0,140.0,andygumbrecht@apache.org,1,0.0035714285714285713,50.0,0.0,0.0,0.0,247.36170212765956,14247.875240806063,1,0,3.676300671907076,false
container/openejb-jee/src/main/java/org/apache/openejb/jee/was/v6/common/ResAuthEnum.java,0.0,0.0,0.0,0.0,0.0,0.0,140.0,andygumbrecht@apache.org,1,0.0035714285714285713,50.0,0.0,0.0,0.0,247.36170212765956,14247.875240806063,1,0,3.676300671907076,false
container/openejb-jee/src/main/java/org/apache/openejb/jee/was/v6/common/ResSharingScopeEnum.java,0.0,0.0,0.0,0.0,0.0,0.0,140.0,andygumbrecht@apache.org,1,0.0035714285714285713,50.0,0.0,0.0,0.0,247.36170212765956,14247.875240806063,1,0,3.676300671907076,false
container/openejb-jee/src/main/java/org/apache/openejb/jee/was/v6/common/ResourceEnvRef.java,190.0,14.0,233.0,23.0,0.0,44.0,140.0,andygumbrecht@apache.org,1,0.0035714285714285713,50.0,0.0,0.0,0.0,247.36170212765956,14247.875240806063,1,0,3.676300671907076,false
container/openejb-jee/src/main/java/org/apache/openejb/jee/was/v6/common/ResourceRef.java,225.0,13.0,352.0,28.0,0.0,49.0,140.0,andygumbrecht@apache.org,1,0.0035714285714285713,50.0,0.0,0.0,0.0,247.36170212765956,14247.875240806063,1,0,3.676300671907076,false
container/openejb-jee/src/main/java/org/apache/openejb/jee/was/v6/common/RunAsSpecifiedIdentity.java,15.0,6.0,0.0,1.0,0.0,4.0,140.0,andygumbrecht@apache.org,1,0.0035714285714285713,50.0,0.0,0.0,0.0,247.36170212765956,14247.875240806063,1,0,3.676300671907076,false
container/openejb-jee/src/main/java/org/apache/openejb/jee/was/v6/common/SecurityIdentity.java,150.0,13.0,137.0,18.0,0.0,34.0,140.0,andygumbrecht@apache.org,1,0.0035714285714285713,50.0,0.0,0.0,0.0,247.36170212765956,14247.875240806063,1,0,3.676300671907076,false
container/openejb-jee/src/main/java/org/apache/openejb/jee/was/v6/common/SecurityRole.java,165.0,13.0,172.0,20.0,0.0,37.0,140.0,andygumbrecht@apache.org,1,0.0035714285714285713,50.0,0.0,0.0,0.0,247.36170212765956,14247.875240806063,1,0,3.676300671907076,false
container/openejb-jee/src/main/java/org/apache/openejb/jee/was/v6/common/SecurityRoleRef.java,180.0,13.0,211.0,22.0,0.0,40.0,140.0,andygumbrecht@apache.org,1,0.0035714285714285713,50.0,0.0,0.0,0.0,247.36170212765956,14247.875240806063,1,0,3.676300671907076,false
container/openejb-jee/src/main/java/org/apache/openejb/jee/was/v6/common/UseCallerIdentity.java,5.0,3.0,0.0,0.0,0.0,0.0,140.0,andygumbrecht@apache.org,1,0.0035714285714285713,50.0,0.0,0.0,0.0,247.36170212765956,14247.875240806063,1,0,3.676300671907076,false
container/openejb-jee/src/main/java/org/apache/openejb/jee/was/v6/common/package-info.java,0.0,0.0,0.0,0.0,0.0,0.0,117.0,andygumbrecht@apache.org,1,0.0035714285714285713,50.0,0.0,0.0,0.0,247.36170212765956,14247.875240806063,1,0,3.676300671907076,false
container/openejb-jee/src/main/java/org/apache/openejb/jee/was/v6/commonbnd/AbstractAuthData.java,125.0,13.0,91.0,15.0,0.0,27.0,140.0,andygumbrecht@apache.org,1,0.0035714285714285713,50.0,0.0,0.0,0.0,247.36170212765956,14247.875240806063,1,0,3.676300671907076,false
container/openejb-jee/src/main/java/org/apache/openejb/jee/was/v6/commonbnd/BasicAuthData.java,35.0,4.0,2.0,4.0,0.0,6.0,140.0,andygumbrecht@apache.org,1,0.0035714285714285713,50.0,0.0,0.0,0.0,247.36170212765956,14247.875240806063,1,0,3.676300671907076,false
container/openejb-jee/src/main/java/org/apache/openejb/jee/was/v6/commonbnd/EjbRefBinding.java,165.0,14.0,172.0,20.0,0.0,37.0,140.0,andygumbrecht@apache.org,1,0.0035714285714285713,50.0,0.0,0.0,0.0,247.36170212765956,14247.875240806063,1,0,3.676300671907076,false
container/openejb-jee/src/main/java/org/apache/openejb/jee/was/v6/commonbnd/MessageDestinationRefBinding.java,165.0,14.0,172.0,20.0,0.0,37.0,140.0,andygumbrecht@apache.org,1,0.0035714285714285713,50.0,0.0,0.0,0.0,247.36170212765956,14247.875240806063,1,0,3.676300671907076,false
container/openejb-jee/src/main/java/org/apache/openejb/jee/was/v6/commonbnd/ObjectFactory.java,101.0,4.0,105.0,15.0,0.0,30.0,117.0,andygumbrecht@apache.org,1,0.0035714285714285713,50.0,0.0,0.0,0.0,247.36170212765956,14247.875240806063,1,0,3.676300671907076,false
container/openejb-jee/src/main/java/org/apache/openejb/jee/was/v6/commonbnd/Property.java,170.0,13.0,82.0,21.0,0.0,36.0,140.0,andygumbrecht@apache.org,1,0.0035714285714285713,50.0,0.0,0.0,0.0,247.36170212765956,14247.875240806063,1,0,3.676300671907076,false
container/openejb-jee/src/main/java/org/apache/openejb/jee/was/v6/commonbnd/ResourceEnvRefBinding.java,165.0,14.0,172.0,20.0,0.0,37.0,140.0,andygumbrecht@apache.org,1,0.0035714285714285713,50.0,0.0,0.0,0.0,247.36170212765956,14247.875240806063,1,0,3.676300671907076,false
container/openejb-jee/src/main/java/org/apache/openejb/jee/was/v6/commonbnd/ResourceRefBinding.java,200.0,14.0,256.0,24.0,0.0,48.0,140.0,andygumbrecht@apache.org,1,0.0035714285714285713,50.0,0.0,0.0,0.0,247.36170212765956,14247.875240806063,1,0,3.676300671907076,false
container/openejb-jee/src/main/java/org/apache/openejb/jee/was/v6/commonbnd/package-info.java,0.0,0.0,0.0,0.0,0.0,0.0,117.0,andygumbrecht@apache.org,1,0.0035714285714285713,50.0,0.0,0.0,0.0,247.36170212765956,14247.875240806063,1,0,3.676300671907076,false
container/openejb-jee/src/main/java/org/apache/openejb/jee/was/v6/ecore/EAnnotation.java,65.0,7.0,17.0,7.0,0.0,18.0,95.0,mnour@apache.org,1,0.0035714285714285713,40.0,20.0,0.0,0.0,247.36170212765956,14247.875240806063,1,1,3.676300671907076,false
container/openejb-jee/src/main/java/org/apache/openejb/jee/was/v6/ecore/EAttribute.java,20.0,4.0,0.0,2.0,0.0,3.0,95.0,mnour@apache.org,1,0.0035714285714285713,40.0,20.0,0.0,0.0,247.36170212765956,14247.875240806063,1,1,3.676300671907076,false
container/openejb-jee/src/main/java/org/apache/openejb/jee/was/v6/ecore/EClass.java,80.0,7.0,30.0,9.0,0.0,21.0,95.0,mnour@apache.org,1,0.0035714285714285713,40.0,20.0,0.0,0.0,247.36170212765956,14247.875240806063,1,1,3.676300671907076,false
container/openejb-jee/src/main/java/org/apache/openejb/jee/was/v6/ecore/EClassifier.java,20.0,4.0,0.0,2.0,0.0,3.0,95.0,mnour@apache.org,1,0.0035714285714285713,40.0,20.0,0.0,0.0,247.36170212765956,14247.875240806063,1,1,3.676300671907076,false
container/openejb-jee/src/main/java/org/apache/openejb/jee/was/v6/ecore/EDataType.java,20.0,4.0,0.0,2.0,0.0,3.0,95.0,mnour@apache.org,1,0.0035714285714285713,40.0,20.0,0.0,0.0,247.36170212765956,14247.875240806063,1,1,3.676300671907076,false
container/openejb-jee/src/main/java/org/apache/openejb/jee/was/v6/ecore/EEnum.java,15.0,5.0,0.0,1.0,0.0,4.0,95.0,mnour@apache.org,1,0.0035714285714285713,40.0,20.0,0.0,0.0,247.36170212765956,14247.875240806063,1,1,3.676300671907076,false
container/openejb-jee/src/main/java/org/apache/openejb/jee/was/v6/ecore/EEnumLiteral.java,20.0,4.0,0.0,2.0,0.0,3.0,95.0,mnour@apache.org,1,0.0035714285714285713,40.0,20.0,0.0,0.0,247.36170212765956,14247.875240806063,1,1,3.676300671907076,false
container/openejb-jee/src/main/java/org/apache/openejb/jee/was/v6/ecore/EFactory.java,5.0,3.0,0.0,0.0,0.0,0.0,95.0,mnour@apache.org,1,0.0035714285714285713,40.0,20.0,0.0,0.0,247.36170212765956,14247.875240806063,1,1,3.676300671907076,false
container/openejb-jee/src/main/java/org/apache/openejb/jee/was/v6/ecore/EModelElement.java,15.0,5.0,0.0,1.0,0.0,4.0,95.0,mnour@apache.org,1,0.0035714285714285713,40.0,20.0,0.0,0.0,247.36170212765956,14247.875240806063,1,1,3.676300671907076,false
container/openejb-jee/src/main/java/org/apache/openejb/jee/was/v6/ecore/ENamedElement.java,20.0,4.0,0.0,2.0,0.0,3.0,95.0,mnour@apache.org,1,0.0035714285714285713,40.0,20.0,0.0,0.0,247.36170212765956,14247.875240806063,1,1,3.676300671907076,false
container/openejb-jee/src/main/java/org/apache/openejb/jee/was/v6/ecore/EObject.java,125.0,13.0,91.0,15.0,0.0,27.0,95.0,mnour@apache.org,1,0.0035714285714285713,40.0,20.0,0.0,0.0,247.36170212765956,14247.875240806063,1,1,3.676300671907076,false
container/openejb-jee/src/main/java/org/apache/openejb/jee/was/v6/ecore/EOperation.java,40.0,7.0,4.0,4.0,0.0,11.0,95.0,mnour@apache.org,1,0.0035714285714285713,40.0,20.0,0.0,0.0,247.36170212765956,14247.875240806063,1,1,3.676300671907076,false
container/openejb-jee/src/main/java/org/apache/openejb/jee/was/v6/ecore/EPackage.java,55.0,6.0,11.0,6.0,0.0,14.0,95.0,mnour@apache.org,1,0.0035714285714285713,40.0,20.0,0.0,0.0,247.36170212765956,14247.875240806063,1,1,3.676300671907076,false
container/openejb-jee/src/main/java/org/apache/openejb/jee/was/v6/ecore/EParameter.java,5.0,3.0,0.0,0.0,0.0,0.0,95.0,mnour@apache.org,1,0.0035714285714285713,40.0,20.0,0.0,0.0,247.36170212765956,14247.875240806063,1,1,3.676300671907076,false
container/openejb-jee/src/main/java/org/apache/openejb/jee/was/v6/ecore/EReference.java,60.0,7.0,15.0,7.0,0.0,13.0,95.0,mnour@apache.org,1,0.0035714285714285713,40.0,20.0,0.0,0.0,247.36170212765956,14247.875240806063,1,1,3.676300671907076,false
container/openejb-jee/src/main/java/org/apache/openejb/jee/was/v6/ecore/EStringToStringMapEntry.java,155.0,13.0,65.0,19.0,0.0,33.0,95.0,mnour@apache.org,1,0.0035714285714285713,40.0,20.0,0.0,0.0,247.36170212765956,14247.875240806063,1,1,3.676300671907076,false
container/openejb-jee/src/main/java/org/apache/openejb/jee/was/v6/ecore/EStructuralFeature.java,95.0,4.0,54.0,12.0,0.0,18.0,95.0,mnour@apache.org,1,0.0035714285714285713,40.0,20.0,0.0,0.0,247.36170212765956,14247.875240806063,1,1,3.676300671907076,false
container/openejb-jee/src/main/java/org/apache/openejb/jee/was/v6/ecore/ETypedElement.java,90.0,7.0,45.0,11.0,0.0,19.0,95.0,mnour@apache.org,1,0.0035714285714285713,40.0,20.0,0.0,0.0,247.36170212765956,14247.875240806063,1,1,3.676300671907076,false
container/openejb-jee/src/main/java/org/apache/openejb/jee/was/v6/ecore/ObjectFactory.java,244.0,4.0,666.0,37.0,0.0,76.0,117.0,mnour@apache.org,1,0.0035714285714285713,40.0,20.0,0.0,0.0,247.36170212765956,14247.875240806063,1,1,3.676300671907076,false
container/openejb-jee/src/main/java/org/apache/openejb/jee/was/v6/ecore/package-info.java,0.0,0.0,0.0,0.0,0.0,0.0,117.0,mnour@apache.org,1,0.0035714285714285713,40.0,20.0,0.0,0.0,247.36170212765956,14247.875240806063,1,1,3.676300671907076,false
container/openejb-jee/src/main/java/org/apache/openejb/jee/was/v6/ejb/AcknowledgeModeEnum.java,0.0,0.0,0.0,0.0,0.0,0.0,140.0,andygumbrecht@apache.org,1,0.0035714285714285713,50.0,0.0,0.0,0.0,247.36170212765956,14247.875240806063,1,0,3.676300671907076,false
container/openejb-jee/src/main/java/org/apache/openejb/jee/was/v6/ejb/ActivationConfig.java,145.0,14.0,122.0,17.0,0.0,35.0,140.0,andygumbrecht@apache.org,1,0.0035714285714285713,50.0,0.0,0.0,0.0,247.36170212765956,14247.875240806063,1,0,3.676300671907076,false
container/openejb-jee/src/main/java/org/apache/openejb/jee/was/v6/ejb/ActivationConfigProperty.java,155.0,13.0,65.0,19.0,0.0,33.0,140.0,andygumbrecht@apache.org,1,0.0035714285714285713,33.0,0.0,0.0,0.0,247.36170212765956,14247.875240806063,1,0,3.676300671907076,false
container/openejb-jee/src/main/java/org/apache/openejb/jee/was/v6/ejb/AssemblyDescriptor.java,175.0,15.0,176.0,20.0,0.0,47.0,140.0,andygumbrecht@apache.org,1,0.0035714285714285713,50.0,0.0,0.0,0.0,247.36170212765956,14247.875240806063,1,0,3.676300671907076,false
container/openejb-jee/src/main/java/org/apache/openejb/jee/was/v6/ejb/CMPAttribute.java,30.0,8.0,1.0,3.0,0.0,7.0,140.0,andygumbrecht@apache.org,1,0.0035714285714285713,50.0,0.0,0.0,0.0,247.36170212765956,14247.875240806063,1,0,3.676300671907076,false
container/openejb-jee/src/main/java/org/apache/openejb/jee/was/v6/ejb/CMRField.java,30.0,8.0,1.0,3.0,0.0,7.0,140.0,andygumbrecht@apache.org,1,0.0035714285714285713,50.0,0.0,0.0,0.0,247.36170212765956,14247.875240806063,1,0,3.676300671907076,false
container/openejb-jee/src/main/java/org/apache/openejb/jee/was/v6/ejb/ContainerManagedEntity.java,130.0,7.0,95.0,15.0,0.0,35.0,140.0,andygumbrecht@apache.org,1,0.0035714285714285713,50.0,0.0,0.0,0.0,247.36170212765956,14247.875240806063,1,0,3.676300671907076,false
container/openejb-jee/src/main/java/org/apache/openejb/jee/was/v6/ejb/DestinationEnum.java,0.0,0.0,0.0,0.0,0.0,0.0,140.0,andygumbrecht@apache.org,1,0.0035714285714285713,50.0,0.0,0.0,0.0,247.36170212765956,14247.875240806063,1,0,3.676300671907076,false
container/openejb-jee/src/main/java/org/apache/openejb/jee/was/v6/ejb/EJBJar.java,65.0,8.0,17.0,7.0,0.0,18.0,140.0,andygumbrecht@apache.org,1,0.0035714285714285713,50.0,0.0,0.0,0.0,247.36170212765956,14247.875240806063,1,0,3.676300671907076,false
container/openejb-jee/src/main/java/org/apache/openejb/jee/was/v6/ejb/EJBMethodCategory.java,125.0,13.0,91.0,15.0,0.0,27.0,140.0,andygumbrecht@apache.org,1,0.0035714285714285713,50.0,0.0,0.0,0.0,247.36170212765956,14247.875240806063,1,0,3.676300671907076,false
container/openejb-jee/src/main/java/org/apache/openejb/jee/was/v6/ejb/EJBRelation.java,180.0,14.0,192.0,21.0,0.0,41.0,140.0,andygumbrecht@apache.org,1,0.0035714285714285713,50.0,0.0,0.0,0.0,247.36170212765956,14247.875240806063,1,0,3.676300671907076,false
container/openejb-jee/src/main/java/org/apache/openejb/jee/was/v6/ejb/EJBRelationshipRole.java,219.0,14.0,303.0,26.0,0.0,51.0,140.0,andygumbrecht@apache.org,1,0.0035714285714285713,50.0,0.0,0.0,0.0,247.36170212765956,14247.875240806063,1,0,3.676300671907076,false
container/openejb-jee/src/main/java/org/apache/openejb/jee/was/v6/ejb/EnterpriseBean.java,165.0,11.0,159.0,19.0,0.0,46.0,140.0,andygumbrecht@apache.org,1,0.0035714285714285713,50.0,0.0,0.0,0.0,247.36170212765956,14247.875240806063,1,0,3.676300671907076,false
container/openejb-jee/src/main/java/org/apache/openejb/jee/was/v6/ejb/Entity.java,45.0,8.0,6.0,5.0,0.0,10.0,140.0,andygumbrecht@apache.org,1,0.0035714285714285713,33.0,0.0,0.0,0.0,247.36170212765956,14247.875240806063,1,0,3.676300671907076,false
container/openejb-jee/src/main/java/org/apache/openejb/jee/was/v6/ejb/ExcludeList.java,160.0,14.0,155.0,19.0,0.0,38.0,140.0,andygumbrecht@apache.org,1,0.0035714285714285713,50.0,0.0,0.0,0.0,247.36170212765956,14247.875240806063,1,0,3.676300671907076,false
container/openejb-jee/src/main/java/org/apache/openejb/jee/was/v6/ejb/MessageDriven.java,135.0,8.0,108.0,16.0,0.0,34.0,140.0,andygumbrecht@apache.org,1,0.0035714285714285713,50.0,0.0,0.0,0.0,247.36170212765956,14247.875240806063,1,0,3.676300671907076,false
container/openejb-jee/src/main/java/org/apache/openejb/jee/was/v6/ejb/MessageDrivenDestination.java,155.0,13.0,153.0,19.0,0.0,33.0,140.0,andygumbrecht@apache.org,1,0.0035714285714285713,50.0,0.0,0.0,0.0,247.36170212765956,14247.875240806063,1,0,3.676300671907076,false
container/openejb-jee/src/main/java/org/apache/openejb/jee/was/v6/ejb/MethodElement.java,220.0,14.0,327.0,27.0,0.0,50.0,140.0,andygumbrecht@apache.org,1,0.0035714285714285713,50.0,0.0,0.0,0.0,247.36170212765956,14247.875240806063,1,0,3.676300671907076,false
container/openejb-jee/src/main/java/org/apache/openejb/jee/was/v6/ejb/MethodElementEnum.java,0.0,0.0,0.0,0.0,0.0,0.0,140.0,andygumbrecht@apache.org,1,0.0035714285714285713,33.0,0.0,0.0,0.0,247.36170212765956,14247.875240806063,1,0,3.676300671907076,false
container/openejb-jee/src/main/java/org/apache/openejb/jee/was/v6/ejb/MethodPermission.java,200.0,15.0,256.0,24.0,0.0,48.0,140.0,andygumbrecht@apache.org,1,0.0035714285714285713,50.0,0.0,0.0,0.0,247.36170212765956,14247.875240806063,1,0,3.676300671907076,false
container/openejb-jee/src/main/java/org/apache/openejb/jee/was/v6/ejb/MethodTransaction.java,175.0,14.0,192.0,21.0,0.0,41.0,140.0,andygumbrecht@apache.org,1,0.0035714285714285713,50.0,0.0,0.0,0.0,247.36170212765956,14247.875240806063,1,0,3.676300671907076,false
container/openejb-jee/src/main/java/org/apache/openejb/jee/was/v6/ejb/MultiplicityEnum.java,0.0,0.0,0.0,0.0,0.0,0.0,140.0,andygumbrecht@apache.org,1,0.0035714285714285713,50.0,0.0,0.0,0.0,247.36170212765956,14247.875240806063,1,0,3.676300671907076,false
container/openejb-jee/src/main/java/org/apache/openejb/jee/was/v6/ejb/ObjectFactory.java,309.0,4.0,1081.0,47.0,0.0,94.0,117.0,andygumbrecht@apache.org,1,0.0035714285714285713,50.0,0.0,0.0,0.0,247.36170212765956,14247.875240806063,1,0,3.676300671907076,false
container/openejb-jee/src/main/java/org/apache/openejb/jee/was/v6/ejb/Query.java,190.0,14.0,233.0,23.0,0.0,45.0,140.0,andygumbrecht@apache.org,1,0.0035714285714285713,50.0,0.0,0.0,0.0,247.36170212765956,14247.875240806063,1,0,3.676300671907076,false
container/openejb-jee/src/main/java/org/apache/openejb/jee/was/v6/ejb/QueryMethod.java,5.0,3.0,0.0,0.0,0.0,0.0,140.0,andygumbrecht@apache.org,1,0.0035714285714285713,50.0,0.0,0.0,0.0,247.36170212765956,14247.875240806063,1,0,3.676300671907076,false
container/openejb-jee/src/main/java/org/apache/openejb/jee/was/v6/ejb/Relationships.java,160.0,14.0,155.0,19.0,0.0,38.0,140.0,andygumbrecht@apache.org,1,0.0035714285714285713,50.0,0.0,0.0,0.0,247.36170212765956,14247.875240806063,1,0,3.676300671907076,false
container/openejb-jee/src/main/java/org/apache/openejb/jee/was/v6/ejb/ReturnTypeMappingEnum.java,0.0,0.0,0.0,0.0,0.0,0.0,140.0,andygumbrecht@apache.org,1,0.0035714285714285713,50.0,0.0,0.0,0.0,247.36170212765956,14247.875240806063,1,0,3.676300671907076,false
container/openejb-jee/src/main/java/org/apache/openejb/jee/was/v6/ejb/RoleSource.java,175.0,14.0,192.0,21.0,0.0,41.0,140.0,andygumbrecht@apache.org,1,0.0035714285714285713,50.0,0.0,0.0,0.0,247.36170212765956,14247.875240806063,1,0,3.676300671907076,false
container/openejb-jee/src/main/java/org/apache/openejb/jee/was/v6/ejb/Session.java,60.0,8.0,15.0,7.0,0.0,13.0,140.0,andygumbrecht@apache.org,1,0.0035714285714285713,50.0,0.0,0.0,0.0,247.36170212765956,14247.875240806063,1,0,3.676300671907076,false
container/openejb-jee/src/main/java/org/apache/openejb/jee/was/v6/ejb/SessionEnum.java,0.0,0.0,0.0,0.0,0.0,0.0,140.0,andygumbrecht@apache.org,1,0.0035714285714285713,50.0,0.0,0.0,0.0,247.36170212765956,14247.875240806063,1,0,3.676300671907076,false
container/openejb-jee/src/main/java/org/apache/openejb/jee/was/v6/ejb/SubscriptionDurabilityEnum.java,0.0,0.0,0.0,0.0,0.0,0.0,140.0,andygumbrecht@apache.org,1,0.0035714285714285713,50.0,0.0,0.0,0.0,247.36170212765956,14247.875240806063,1,0,3.676300671907076,false
container/openejb-jee/src/main/java/org/apache/openejb/jee/was/v6/ejb/TransactionAttributeEnum.java,0.0,0.0,0.0,0.0,0.0,0.0,140.0,andygumbrecht@apache.org,1,0.0035714285714285713,50.0,0.0,0.0,0.0,247.36170212765956,14247.875240806063,1,0,3.676300671907076,false
container/openejb-jee/src/main/java/org/apache/openejb/jee/was/v6/ejb/TransactionEnum.java,0.0,0.0,0.0,0.0,0.0,0.0,140.0,andygumbrecht@apache.org,1,0.0035714285714285713,50.0,0.0,0.0,0.0,247.36170212765956,14247.875240806063,1,0,3.676300671907076,false
container/openejb-jee/src/main/java/org/apache/openejb/jee/was/v6/ejb/package-info.java,0.0,0.0,0.0,0.0,0.0,0.0,117.0,andygumbrecht@apache.org,1,0.0035714285714285713,50.0,0.0,0.0,0.0,247.36170212765956,14247.875240806063,1,0,3.676300671907076,false
container/openejb-jee/src/main/java/org/apache/openejb/jee/was/v6/ejbbnd/CMPConnectionFactoryBinding.java,180.0,14.0,211.0,22.0,0.0,40.0,140.0,andygumbrecht@apache.org,1,0.0035714285714285713,50.0,0.0,0.0,0.0,247.36170212765956,14247.875240806063,1,0,3.676300671907076,false
container/openejb-jee/src/main/java/org/apache/openejb/jee/was/v6/ejbbnd/CMPResAuthEnum.java,0.0,0.0,0.0,0.0,0.0,0.0,140.0,andygumbrecht@apache.org,1,0.0035714285714285713,50.0,0.0,0.0,0.0,247.36170212765956,14247.875240806063,1,0,3.676300671907076,false
container/openejb-jee/src/main/java/org/apache/openejb/jee/was/v6/ejbbnd/EJBJarBinding.java,195.0,15.0,235.0,23.0,0.0,49.0,140.0,andygumbrecht@apache.org,1,0.0035714285714285713,50.0,0.0,0.0,0.0,247.36170212765956,14247.875240806063,1,0,3.676300671907076,false
container/openejb-jee/src/main/java/org/apache/openejb/jee/was/v6/ejbbnd/EnterpriseBeanBinding.java,250.0,19.0,386.0,29.0,0.0,68.0,140.0,andygumbrecht@apache.org,1,0.0035714285714285713,50.0,0.0,0.0,0.0,247.36170212765956,14247.875240806063,1,0,3.676300671907076,false
container/openejb-jee/src/main/java/org/apache/openejb/jee/was/v6/ejbbnd/MessageDrivenBeanBinding.java,65.0,4.0,20.0,8.0,0.0,12.0,140.0,andygumbrecht@apache.org,1,0.0035714285714285713,50.0,0.0,0.0,0.0,247.36170212765956,14247.875240806063,1,0,3.676300671907076,false
container/openejb-jee/src/main/java/org/apache/openejb/jee/was/v6/ejbbnd/ObjectFactory.java,62.0,4.0,36.0,9.0,0.0,18.0,117.0,andygumbrecht@apache.org,1,0.0035714285714285713,50.0,0.0,0.0,0.0,247.36170212765956,14247.875240806063,1,0,3.676300671907076,false
container/openejb-jee/src/main/java/org/apache/openejb/jee/was/v6/ejbbnd/package-info.java,0.0,0.0,0.0,0.0,0.0,0.0,117.0,andygumbrecht@apache.org,1,0.0035714285714285713,50.0,0.0,0.0,0.0,247.36170212765956,14247.875240806063,1,0,3.676300671907076,false
container/openejb-jee/src/main/java/org/apache/openejb/jee/was/v6/java/ArrayType.java,45.0,8.0,6.0,5.0,0.0,10.0,95.0,mnour@apache.org,1,0.0035714285714285713,40.0,20.0,0.0,0.0,247.36170212765956,14247.875240806063,1,1,3.676300671907076,false
container/openejb-jee/src/main/java/org/apache/openejb/jee/was/v6/java/Block.java,165.0,13.0,172.0,20.0,0.0,37.0,95.0,mnour@apache.org,1,0.0035714285714285713,40.0,20.0,0.0,0.0,247.36170212765956,14247.875240806063,1,1,3.676300671907076,false
container/openejb-jee/src/main/java/org/apache/openejb/jee/was/v6/java/Comment.java,5.0,3.0,0.0,0.0,0.0,0.0,95.0,mnour@apache.org,1,0.0035714285714285713,40.0,20.0,0.0,0.0,247.36170212765956,14247.875240806063,1,1,3.676300671907076,false
container/openejb-jee/src/main/java/org/apache/openejb/jee/was/v6/java/Field.java,90.0,8.0,45.0,11.0,0.0,19.0,95.0,mnour@apache.org,1,0.0035714285714285713,40.0,20.0,0.0,0.0,247.36170212765956,14247.875240806063,1,1,3.676300671907076,false
container/openejb-jee/src/main/java/org/apache/openejb/jee/was/v6/java/Initializer.java,165.0,13.0,172.0,20.0,0.0,37.0,95.0,mnour@apache.org,1,0.0035714285714285713,40.0,20.0,0.0,0.0,247.36170212765956,14247.875240806063,1,1,3.676300671907076,false
container/openejb-jee/src/main/java/org/apache/openejb/jee/was/v6/java/JavaClass.java,215.0,8.0,284.0,25.0,0.0,60.0,95.0,mnour@apache.org,1,0.0035714285714285713,40.0,20.0,0.0,0.0,247.36170212765956,14247.875240806063,1,1,3.676300671907076,false
container/openejb-jee/src/main/java/org/apache/openejb/jee/was/v6/java/JavaDataType.java,5.0,4.0,0.0,0.0,0.0,0.0,95.0,mnour@apache.org,1,0.0035714285714285713,40.0,20.0,0.0,0.0,247.36170212765956,14247.875240806063,1,1,3.676300671907076,false
container/openejb-jee/src/main/java/org/apache/openejb/jee/was/v6/java/JavaEvent.java,5.0,4.0,0.0,0.0,0.0,0.0,95.0,mnour@apache.org,1,0.0035714285714285713,40.0,20.0,0.0,0.0,247.36170212765956,14247.875240806063,1,1,3.676300671907076,false
container/openejb-jee/src/main/java/org/apache/openejb/jee/was/v6/java/JavaPackage.java,5.0,4.0,0.0,0.0,0.0,0.0,95.0,mnour@apache.org,1,0.0035714285714285713,40.0,20.0,0.0,0.0,247.36170212765956,14247.875240806063,1,1,3.676300671907076,false
container/openejb-jee/src/main/java/org/apache/openejb/jee/was/v6/java/JavaParameter.java,35.0,5.0,2.0,4.0,0.0,6.0,95.0,mnour@apache.org,1,0.0035714285714285713,40.0,20.0,0.0,0.0,247.36170212765956,14247.875240806063,1,1,3.676300671907076,false
container/openejb-jee/src/main/java/org/apache/openejb/jee/was/v6/java/JavaParameterEnum.java,0.0,0.0,0.0,0.0,0.0,0.0,140.0,andygumbrecht@apache.org,1,0.0035714285714285713,50.0,0.0,0.0,0.0,247.36170212765956,14247.875240806063,1,0,3.676300671907076,false
container/openejb-jee/src/main/java/org/apache/openejb/jee/was/v6/java/JavaVisibilityEnum.java,0.0,0.0,0.0,0.0,0.0,0.0,140.0,andygumbrecht@apache.org,1,0.0035714285714285713,50.0,0.0,0.0,0.0,247.36170212765956,14247.875240806063,1,0,3.676300671907076,false
container/openejb-jee/src/main/java/org/apache/openejb/jee/was/v6/java/Method.java,170.0,8.0,192.0,21.0,0.0,39.0,95.0,andygumbrecht@apache.org,1,0.0035714285714285713,33.0,17.0,0.0,0.0,247.36170212765956,14247.875240806063,1,1,3.676300671907076,false
container/openejb-jee/src/main/java/org/apache/openejb/jee/was/v6/java/ObjectFactory.java,166.0,4.0,300.0,25.0,0.0,50.0,117.0,mnour@apache.org,1,0.0035714285714285713,40.0,20.0,0.0,0.0,247.36170212765956,14247.875240806063,1,1,3.676300671907076,false
container/openejb-jee/src/main/java/org/apache/openejb/jee/was/v6/java/Statement.java,5.0,3.0,0.0,0.0,0.0,0.0,95.0,mnour@apache.org,1,0.0035714285714285713,40.0,20.0,0.0,0.0,247.36170212765956,14247.875240806063,1,1,3.676300671907076,false
container/openejb-jee/src/main/java/org/apache/openejb/jee/was/v6/java/TypeKind.java,0.0,0.0,0.0,0.0,0.0,0.0,95.0,mnour@apache.org,1,0.0035714285714285713,40.0,20.0,0.0,0.0,247.36170212765956,14247.875240806063,1,1,3.676300671907076,false
container/openejb-jee/src/main/java/org/apache/openejb/jee/was/v6/java/package-info.java,0.0,0.0,0.0,0.0,0.0,0.0,117.0,mnour@apache.org,1,0.0035714285714285713,40.0,20.0,0.0,0.0,247.36170212765956,14247.875240806063,1,1,3.676300671907076,false
container/openejb-jee/src/main/java/org/apache/openejb/jee/was/v6/webservice/clientbnd/ObjectFactory.java,23.0,4.0,3.0,3.0,0.0,6.0,117.0,andygumbrecht@apache.org,1,0.0035714285714285713,50.0,0.0,0.0,0.0,247.36170212765956,14247.875240806063,1,0,3.676300671907076,false
container/openejb-jee/src/main/java/org/apache/openejb/jee/was/v6/webservice/clientbnd/ServiceRefBinding.java,165.0,14.0,172.0,20.0,0.0,37.0,140.0,andygumbrecht@apache.org,1,0.0035714285714285713,50.0,0.0,0.0,0.0,247.36170212765956,14247.875240806063,1,0,3.676300671907076,false
container/openejb-jee/src/main/java/org/apache/openejb/jee/was/v6/webservice/clientbnd/package-info.java,0.0,0.0,0.0,0.0,0.0,0.0,117.0,andygumbrecht@apache.org,1,0.0035714285714285713,50.0,0.0,0.0,0.0,247.36170212765956,14247.875240806063,1,0,3.676300671907076,false
container/openejb-jee/src/main/java/org/apache/openejb/jee/was/v6/wsclient/ComponentScopedRefs.java,150.0,13.0,137.0,18.0,0.0,34.0,140.0,andygumbrecht@apache.org,1,0.0035714285714285713,50.0,0.0,0.0,0.0,247.36170212765956,14247.875240806063,1,0,3.676300671907076,false
container/openejb-jee/src/main/java/org/apache/openejb/jee/was/v6/wsclient/Handler.java,85.0,11.0,32.0,9.0,0.0,26.0,140.0,andygumbrecht@apache.org,1,0.0035714285714285713,50.0,0.0,0.0,0.0,247.36170212765956,14247.875240806063,1,0,3.676300671907076,false
container/openejb-jee/src/main/java/org/apache/openejb/jee/was/v6/wsclient/ObjectFactory.java,75.0,4.0,55.0,11.0,0.0,22.0,117.0,andygumbrecht@apache.org,1,0.0035714285714285713,50.0,0.0,0.0,0.0,247.36170212765956,14247.875240806063,1,0,3.676300671907076,false
container/openejb-jee/src/main/java/org/apache/openejb/jee/was/v6/wsclient/PortComponentRef.java,165.0,14.0,172.0,20.0,0.0,37.0,140.0,andygumbrecht@apache.org,1,0.0035714285714285713,50.0,0.0,0.0,0.0,247.36170212765956,14247.875240806063,1,0,3.676300671907076,false
container/openejb-jee/src/main/java/org/apache/openejb/jee/was/v6/wsclient/ServiceRef.java,105.0,10.0,58.0,12.0,0.0,28.0,140.0,andygumbrecht@apache.org,1,0.0035714285714285713,50.0,0.0,0.0,0.0,247.36170212765956,14247.875240806063,1,0,3.676300671907076,false
container/openejb-jee/src/main/java/org/apache/openejb/jee/was/v6/wsclient/WebServicesClient.java,145.0,13.0,122.0,17.0,0.0,35.0,140.0,andygumbrecht@apache.org,1,0.0035714285714285713,50.0,0.0,0.0,0.0,247.36170212765956,14247.875240806063,1,0,3.676300671907076,false
container/openejb-jee/src/main/java/org/apache/openejb/jee/was/v6/wsclient/package-info.java,0.0,0.0,0.0,0.0,0.0,0.0,117.0,andygumbrecht@apache.org,1,0.0035714285714285713,50.0,0.0,0.0,0.0,247.36170212765956,14247.875240806063,1,0,3.676300671907076,false
container/openejb-jee/src/main/java/org/apache/openejb/jee/was/v6/xmi/Add.java,30.0,7.0,1.0,3.0,0.0,7.0,95.0,mnour@apache.org,1,0.0035714285714285713,33.0,17.0,0.0,0.0,247.36170212765956,14247.875240806063,1,0,3.676300671907076,false
container/openejb-jee/src/main/java/org/apache/openejb/jee/was/v6/xmi/Any.java,23.0,11.0,1.0,2.0,0.0,6.0,95.0,mnour@apache.org,1,0.0035714285714285713,33.0,17.0,0.0,0.0,247.36170212765956,14247.875240806063,1,0,3.676300671907076,false
container/openejb-jee/src/main/java/org/apache/openejb/jee/was/v6/xmi/Delete.java,5.0,3.0,0.0,0.0,0.0,0.0,95.0,mnour@apache.org,1,0.0035714285714285713,33.0,17.0,0.0,0.0,247.36170212765956,14247.875240806063,1,0,3.676300671907076,false
container/openejb-jee/src/main/java/org/apache/openejb/jee/was/v6/xmi/Difference.java,173.0,14.0,124.0,17.0,0.0,40.0,95.0,mnour@apache.org,1,0.0035714285714285713,33.0,17.0,0.0,0.0,247.36170212765956,14247.875240806063,1,0,3.676300671907076,false
container/openejb-jee/src/main/java/org/apache/openejb/jee/was/v6/xmi/Documentation.java,275.0,9.0,502.0,33.0,0.0,69.0,95.0,mnour@apache.org,1,0.0035714285714285713,33.0,17.0,0.0,0.0,247.36170212765956,14247.875240806063,1,0,3.676300671907076,false
container/openejb-jee/src/main/java/org/apache/openejb/jee/was/v6/xmi/Extension.java,140.0,10.0,120.0,17.0,0.0,30.0,95.0,mnour@apache.org,1,0.0035714285714285713,33.0,17.0,0.0,0.0,247.36170212765956,14247.875240806063,1,0,3.676300671907076,false
container/openejb-jee/src/main/java/org/apache/openejb/jee/was/v6/xmi/Import.java,5.0,3.0,0.0,0.0,0.0,0.0,95.0,mnour@apache.org,1,0.0035714285714285713,33.0,17.0,0.0,0.0,247.36170212765956,14247.875240806063,1,0,3.676300671907076,false
container/openejb-jee/src/main/java/org/apache/openejb/jee/was/v6/xmi/MetaModel.java,5.0,3.0,0.0,0.0,0.0,0.0,95.0,mnour@apache.org,1,0.0035714285714285713,33.0,17.0,0.0,0.0,247.36170212765956,14247.875240806063,1,0,3.676300671907076,false
container/openejb-jee/src/main/java/org/apache/openejb/jee/was/v6/xmi/Model.java,5.0,3.0,0.0,0.0,0.0,0.0,95.0,mnour@apache.org,1,0.0035714285714285713,33.0,17.0,0.0,0.0,247.36170212765956,14247.875240806063,1,0,3.676300671907076,false
container/openejb-jee/src/main/java/org/apache/openejb/jee/was/v6/xmi/ObjectFactory.java,165.0,4.0,300.0,25.0,0.0,53.0,117.0,mnour@apache.org,1,0.0035714285714285713,29.0,14.0,0.0,0.0,247.36170212765956,14247.875240806063,1,0,3.676300671907076,false
container/openejb-jee/src/main/java/org/apache/openejb/jee/was/v6/xmi/PackageReference.java,135.0,9.0,106.0,16.0,0.0,31.0,95.0,mnour@apache.org,1,0.0035714285714285713,33.0,17.0,0.0,0.0,247.36170212765956,14247.875240806063,1,0,3.676300671907076,false
container/openejb-jee/src/main/java/org/apache/openejb/jee/was/v6/xmi/Replace.java,30.0,7.0,1.0,3.0,0.0,7.0,95.0,mnour@apache.org,1,0.0035714285714285713,33.0,17.0,0.0,0.0,247.36170212765956,14247.875240806063,1,0,3.676300671907076,false
container/openejb-jee/src/main/java/org/apache/openejb/jee/was/v6/xmi/XMI.java,110.0,9.0,66.0,13.0,0.0,24.0,95.0,mnour@apache.org,1,0.0035714285714285713,33.0,17.0,0.0,0.0,247.36170212765956,14247.875240806063,1,0,3.676300671907076,false
container/openejb-jee/src/main/java/org/apache/openejb/jee/was/v6/xmi/package-info.java,0.0,0.0,0.0,0.0,0.0,0.0,117.0,mnour@apache.org,1,0.0035714285714285713,33.0,17.0,0.0,0.0,247.36170212765956,14247.875240806063,1,0,3.676300671907076,false
container/openejb-jee/src/test/java/org/apache/openejb/jee/oejb2/ConversionTest.java,59.0,10.0,6.0,4.0,38.0,14.0,3.0,null,1,0.0035714285714285713,11.0,0.0,0.0,0.0,129.0,113.0964043214999,1,1,2.172223275130802,false
container/openejb-osgi/src/main/java/org/apache/openejb/core/osgi/impl/Activator.java,24.0,6.0,0.0,2.0,11.0,5.0,5.0,rmannibucau@apache.org,0,0.0,0.0,0.0,0.0,0.0,0.0,0.0,0,0,0.0,false
container/openejb-osgi/src/main/java/org/apache/openejb/core/osgi/impl/Deployer.java,71.0,16.0,6.0,4.0,30.0,12.0,0.0,rmannibucau@apache.org,0,0.0,0.0,0.0,0.0,0.0,0.0,0.0,0,0,0.0,false
container/openejb-spring/src/main/java/org/apache/openejb/spring/ManagedContainer.java,8.0,2.0,1.0,2.0,0.0,4.0,23.0,dblevins@apache.org,1,0.0035714285714285713,50.0,50.0,0.0,0.0,1083.7283950617284,10561.597125413164,1,0,0.4376222197426957,false
container/openejb-spring/src/main/java/org/apache/openejb/spring/OpenEJB.java,308.0,37.0,265.0,26.0,89.0,62.0,29.0,dain@apache.org,1,0.0035714285714285713,10.0,10.0,0.0,0.0,1083.7283950617284,10561.597125413164,1,1,0.4376222197426957,false
examples/quartz-app/quartz-beans/src/main/java/org/superbiz/quartz/QuartzMdb.java,6.0,6.0,0.0,1.0,1.0,2.0,11.0,andygumbrecht@apache.org,1,0.0035714285714285713,20.0,0.0,0.0,0.0,1083.7283950617284,10561.597125413164,1,0,0.4376222197426957,false
examples/quartz-app/quartz-beans/src/test/java/org/superbiz/quartz/QuartzMdbTest.java,8.0,6.0,0.0,1.0,2.0,2.0,11.0,dblevins@apache.org,1,0.0035714285714285713,14.0,0.0,0.0,0.0,1083.7283950617284,10561.597125413164,1,0,0.4376222197426957,false
examples/webservice-inheritance/src/main/java/org/superbiz/inheritance/Item.java,30.0,7.0,20.0,8.0,0.0,12.0,12.0,jlmonteiro@apache.org,1,0.0035714285714285713,25.0,0.0,0.0,0.0,674.7441860465117,3908.737031936607,1,0,1.8044984950054848,false
examples/webservice-inheritance/src/main/java/org/superbiz/inheritance/Tower.java,19.0,1.0,2.0,4.0,0.0,6.0,12.0,jlmonteiro@apache.org,1,0.0035714285714285713,25.0,0.0,0.0,0.0,674.7441860465117,3908.737031936607,1,0,1.8044984950054848,false
examples/webservice-inheritance/src/main/java/org/superbiz/inheritance/WakeRiderImpl.java,17.0,7.0,0.0,3.0,4.0,7.0,12.0,jlmonteiro@apache.org,1,0.0035714285714285713,33.0,0.0,0.0,0.0,674.7441860465117,3908.737031936607,1,0,1.8044984950054848,false
examples/webservice-inheritance/src/main/java/org/superbiz/inheritance/WakeRiderWs.java,8.0,3.0,3.0,3.0,0.0,6.0,12.0,jlmonteiro@apache.org,1,0.0035714285714285713,33.0,0.0,0.0,0.0,674.7441860465117,3908.737031936607,1,0,1.8044984950054848,false
examples/webservice-inheritance/src/main/java/org/superbiz/inheritance/Wakeboard.java,2.0,1.0,0.0,0.0,0.0,0.0,12.0,jlmonteiro@apache.org,1,0.0035714285714285713,33.0,0.0,0.0,0.0,674.7441860465117,3908.737031936607,1,0,1.8044984950054848,false
examples/webservice-inheritance/src/main/java/org/superbiz/inheritance/WakeboardBinding.java,2.0,1.0,0.0,0.0,0.0,0.0,12.0,jlmonteiro@apache.org,1,0.0035714285714285713,33.0,0.0,0.0,0.0,674.7441860465117,3908.737031936607,1,0,1.8044984950054848,false
examples/webservice-inheritance/src/main/java/org/superbiz/inheritance/Wearable.java,9.0,1.0,0.0,2.0,0.0,3.0,12.0,jlmonteiro@apache.org,1,0.0035714285714285713,33.0,0.0,0.0,0.0,674.7441860465117,3908.737031936607,1,0,1.8044984950054848,false
examples/webservice-inheritance/src/test/java/org/superbiz/inheritance/InheritanceTest.java,91.0,9.0,15.0,6.0,37.0,13.0,12.0,andygumbrecht@apache.org,1,0.0035714285714285713,12.0,0.0,0.0,0.0,674.7441860465117,3908.737031936607,1,0,1.8044984950054848,false
server/openejb-client/src/main/java/org/apache/openejb/client/HttpConnectionFactory.java,83.0,8.0,0.0,1.0,0.0,3.0,0.0,dblevins@apache.org,0,0.0,0.0,0.0,0.0,0.0,0.0,0.0,0,1,0.0,false
server/openejb-client/src/main/java/org/apache/openejb/client/MulticastSearch.java,66.0,9.0,13.0,6.0,17.0,20.0,6.0,andygumbrecht@apache.org,1,0.0035714285714285713,14.0,0.0,0.0,0.0,1083.7283950617284,10561.597125413164,1,2,0.4376222197426957,false
server/openejb-cxf/src/main/java/org/apache/openejb/server/cxf/CxfCatalogUtils.java,32.0,9.0,0.0,2.0,9.0,5.0,12.0,jlmonteiro@apache.org,1,0.0035714285714285713,33.0,0.0,0.0,0.0,674.7441860465117,3908.737031936607,1,0,1.8044984950054848,false
server/openejb-cxf/src/main/java/org/apache/openejb/server/cxf/CxfEndpoint.java,137.0,23.0,207.0,23.0,42.0,45.0,6.0,rmannibucau@apache.org,1,0.0035714285714285713,9.0,0.0,0.0,0.0,674.7441860465117,3908.737031936607,1,1,1.8044984950054848,false
server/openejb-cxf/src/main/java/org/apache/openejb/server/cxf/CxfWsContainer.java,86.0,13.0,27.0,10.0,38.0,21.0,12.0,rmannibucau@apache.org,1,0.0035714285714285713,5.0,0.0,0.0,0.0,674.7441860465117,3908.737031936607,1,0,1.8044984950054848,false
server/openejb-cxf/src/main/java/org/apache/openejb/server/cxf/HttpDestination.java,252.0,31.0,180.0,20.0,61.0,51.0,12.0,dain@apache.org,1,0.0035714285714285713,17.0,0.0,0.0,0.0,674.7441860465117,3908.737031936607,1,0,1.8044984950054848,false
server/openejb-cxf/src/main/java/org/apache/openejb/server/cxf/HttpTransportFactory.java,25.0,7.0,6.0,4.0,5.0,7.0,12.0,rmannibucau@apache.org,1,0.0035714285714285713,20.0,0.0,0.0,0.0,674.7441860465117,3908.737031936607,1,0,1.8044984950054848,false
server/openejb-cxf/src/main/java/org/apache/openejb/server/cxf/WsdlQueryHandler.java,80.0,18.0,8.0,5.0,37.0,16.0,12.0,jlmonteiro@apache.org,1,0.0035714285714285713,33.0,0.0,0.0,0.0,674.7441860465117,3908.737031936607,1,0,1.8044984950054848,false
server/openejb-cxf/src/main/java/org/apache/openejb/server/cxf/ejb/EjbEndpoint.java,51.0,19.0,8.0,5.0,22.0,12.0,12.0,rmannibucau@apache.org,1,0.0035714285714285713,7.0,0.0,0.0,0.0,674.7441860465117,3908.737031936607,1,0,1.8044984950054848,false
server/openejb-cxf/src/main/java/org/apache/openejb/server/cxf/ejb/EjbMessageContext.java,27.0,9.0,3.0,3.0,15.0,10.0,12.0,jlmonteiro@apache.org,1,0.0035714285714285713,100.0,0.0,0.0,0.0,674.7441860465117,3908.737031936607,1,0,1.8044984950054848,false
server/openejb-cxf/src/main/java/org/apache/openejb/server/cxf/ejb/EjbMethodInvoker.java,91.0,19.0,17.0,7.0,27.0,25.0,12.0,rmannibucau@apache.org,1,0.0035714285714285713,11.0,0.0,0.0,0.0,674.7441860465117,3908.737031936607,1,1,1.8044984950054848,false
server/openejb-cxf/src/main/java/org/apache/openejb/server/cxf/ejb/EjbWsContainer.java,16.0,4.0,1.0,3.0,1.0,6.0,12.0,rmannibucau@apache.org,1,0.0035714285714285713,6.0,0.0,0.0,0.0,674.7441860465117,3908.737031936607,1,0,1.8044984950054848,false
server/openejb-cxf/src/main/java/org/apache/openejb/server/cxf/pojo/PojoEndpoint.java,41.0,12.0,1.0,3.0,15.0,9.0,12.0,rmannibucau@apache.org,1,0.0035714285714285713,6.0,0.0,0.0,0.0,674.7441860465117,3908.737031936607,1,0,1.8044984950054848,false
server/openejb-multicast/src/main/java/org/apache/openejb/server/discovery/MulticastSearch.java,57.0,6.0,13.0,6.0,14.0,19.0,6.0,andygumbrecht@apache.org,1,0.0035714285714285713,14.0,0.0,0.0,0.0,1083.7283950617284,10561.597125413164,1,1,0.4376222197426957,false
server/openejb-webadmin/src/main/java/org/apache/openejb/webadmin/clienttools/ViewEjbBean.java,162.0,28.0,36.0,9.0,42.0,32.0,29.0,dblevins@apache.org,1,0.0035714285714285713,17.0,17.0,0.0,0.0,1083.7283950617284,10561.597125413164,1,1,0.4376222197426957,false
server/openejb-webadmin/src/main/java/org/apache/openejb/webadmin/main/DeploymentListBean.java,195.0,28.0,53.0,11.0,28.0,37.0,29.0,dblevins@apache.org,1,0.0035714285714285713,11.0,11.0,0.0,0.0,1083.7283950617284,10561.597125413164,1,1,0.4376222197426957,false
server/openejb-webservices/src/main/java/org/apache/openejb/server/webservices/WsService.java,310.0,45.0,288.0,28.0,75.0,68.0,29.0,rmannibucau@apache.org,1,0.0035714285714285713,2.0,2.0,0.0,0.0,1083.7283950617284,10561.597125413164,1,2,0.4376222197426957,false
