name,LOC,CBO,LCOM,NOM,RFC,WMC,ACS,Ownership,numOfChanges,numberOfFIChanges,ENH,NF,BugFixing,REF,structuralWorkloadSum,semanticWorkloadSum,numberOfDeveloper,pastFaults,MAF,isBuggy
api/ejb31-api-experimental/src/main/java/javax/annotation/ManagedBean.java,0.0,0.0,0.0,0.0,0.0,0.0,0.0,dblevins@apache.org,0,0.0,0.0,0.0,0.0,0.0,0.0,0.0,0,0,0.0,false
assembly/openejb-tomcat/openejb-tomcat-catalina/src/main/java/org/apache/openejb/tomcat/catalina/TomcatLoader.java,155.0,32.0,6.0,5.0,56.0,18.0,5.0,dblevins@apache.org,1,0.0036363636363636364,6.0,0.0,0.0,6.0,2038.6176470588236,33776.41222757778,1,4,0.415221283053529,false
assembly/openejb-tomcat/openejb-tomcat-common/src/main/java/org/apache/openejb/tomcat/installer/Installer.java,215.0,8.0,15.0,11.0,57.0,38.0,3.0,rmannibucau@apache.org,2,0.007272727272727273,12.0,0.0,6.0,12.0,2268.6176470588234,34501.1645965987,2,1,0.6328803186824518,false
assembly/openejb-tomcat/openejb-tomcat-common/src/main/java/org/apache/openejb/tomcat/installer/Paths.java,334.0,4.0,434.0,32.0,59.0,79.0,0.0,null,0,0.0,0.0,0.0,0.0,0.0,0.0,0.0,0,3,0.0,false
assembly/openejb-tomcat/openejb-tomcat-loader/src/main/java/org/apache/openejb/tomcat/loader/LoaderServlet.java,45.0,7.0,3.0,3.0,19.0,10.0,0.0,dblevins@apache.org,0,0.0,0.0,0.0,0.0,0.0,0.0,0.0,0,0,0.0,false
assembly/openejb-tomcat/openejb-tomcat-loader/src/main/java/org/apache/openejb/tomcat/loader/OpenEJBListener.java,91.0,11.0,13.0,6.0,27.0,23.0,0.0,jgallimore@apache.org,0,0.0,0.0,0.0,0.0,0.0,0.0,0.0,0,0,0.0,false
assembly/openejb-tomcat/openejb-tomcat-loader/src/main/java/org/apache/openejb/tomcat/loader/TomcatEmbedder.java,87.0,6.0,6.0,4.0,36.0,17.0,0.0,dblevins@apache.org,0,0.0,0.0,0.0,0.0,0.0,0.0,0.0,0,2,0.0,false
assembly/openejb-tomcat/openejb-tomcat-loader/src/main/java/org/apache/openejb/tomcat/loader/TomcatHook.java,57.0,4.0,0.0,1.0,13.0,5.0,0.0,dblevins@apache.org,0,0.0,0.0,0.0,0.0,0.0,0.0,0.0,0,2,0.0,false
assembly/openejb-webapp-common/src/main/java/org/apache/openejb/webapp/common/Alerts.java,40.0,2.0,25.0,11.0,8.0,17.0,3.0,jgallimore@apache.org,2,0.007272727272727273,67.0,33.0,0.0,33.0,3116.1965944272447,40615.54691353494,2,0,0.9359482204676096,false
assembly/openejb-webapp-common/src/main/java/org/apache/openejb/webapp/common/Installers.java,128.0,13.0,36.0,9.0,36.0,31.0,5.0,jgallimore@apache.org,1,0.0036363636363636364,25.0,0.0,0.0,25.0,2038.6176470588236,33776.41222757778,1,0,0.415221283053529,false
container/openejb-activemq4/src/main/java/org/apache/openejb/resource/activemq/ActiveMQ4Factory.java,58.0,12.0,1.0,3.0,20.0,12.0,0.0,jlmonteiro@apache.org,0,0.0,0.0,0.0,0.0,0.0,0.0,0.0,0,1,0.0,false
container/openejb-activemq4/src/test/java/org/apache/openejb/core/mdb/AmqXmlTest.java,5.0,0.0,0.0,1.0,0.0,2.0,0.0,jlmonteiro@apache.org,0,0.0,0.0,0.0,0.0,0.0,0.0,0.0,0,1,0.0,false
container/openejb-activemq4/src/test/java/org/apache/openejb/core/mdb/CustomMdbContainerTest.java,108.0,43.0,0.0,1.0,27.0,3.0,0.0,djencks@apache.org,0,0.0,0.0,0.0,0.0,0.0,0.0,0.0,0,1,0.0,false
container/openejb-activemq4/src/test/java/org/apache/openejb/core/mdb/JmsMdbContainerTest.java,67.0,28.0,1.0,2.0,26.0,5.0,0.0,jlmonteiro@apache.org,0,0.0,0.0,0.0,0.0,0.0,0.0,0.0,0,1,0.0,false
container/openejb-activemq4/src/test/java/org/apache/openejb/core/mdb/JmsProxyTest.java,61.0,17.0,0.0,4.0,15.0,10.0,0.0,jlmonteiro@apache.org,0,0.0,0.0,0.0,0.0,0.0,0.0,0.0,0,1,0.0,false
container/openejb-activemq4/src/test/java/org/apache/openejb/core/mdb/JmsTest.java,105.0,25.0,9.0,6.0,54.0,20.0,0.0,jlmonteiro@apache.org,0,0.0,0.0,0.0,0.0,0.0,0.0,0.0,0,1,0.0,false
container/openejb-activemq4/src/test/java/org/apache/openejb/core/mdb/MdbInvoker.java,83.0,13.0,0.0,4.0,26.0,12.0,0.0,jlmonteiro@apache.org,0,0.0,0.0,0.0,0.0,0.0,0.0,0.0,0,1,0.0,false
container/openejb-activemq4/src/test/java/org/apache/openejb/core/mdb/MdbProxy.java,87.0,17.0,3.0,3.0,7.0,7.0,0.0,jlmonteiro@apache.org,0,0.0,0.0,0.0,0.0,0.0,0.0,0.0,0,1,0.0,false
container/openejb-activemq4/src/test/java/org/apache/openejb/core/mdb/MdbTest.java,131.0,32.0,0.0,5.0,31.0,13.0,0.0,jlmonteiro@apache.org,0,0.0,0.0,0.0,0.0,0.0,0.0,0.0,0,1,0.0,false
container/openejb-activemq4/src/test/java/org/apache/openejb/core/mdb/MdbUtil.java,52.0,6.0,10.0,5.0,8.0,16.0,0.0,jlmonteiro@apache.org,0,0.0,0.0,0.0,0.0,0.0,0.0,0.0,0,1,0.0,false
container/openejb-activemq4/src/test/java/org/apache/openejb/core/mdb/QuartzMdbContainerTest.java,50.0,49.0,0.0,1.0,26.0,3.0,1.0,dblevins@apache.org,1,0.0036363636363636364,11.0,11.0,11.0,0.0,2038.6176470588236,33776.41222757778,1,1,0.415221283053529,false
container/openejb-activemq4/src/test/java/org/apache/openejb/core/mdb/SimpleJmsTest.java,58.0,17.0,0.0,3.0,14.0,8.0,0.0,jlmonteiro@apache.org,0,0.0,0.0,0.0,0.0,0.0,0.0,0.0,0,1,0.0,false
container/openejb-activemq4/src/test/java/org/apache/openejb/resource/activemq/ActiveMQResourceAdapterTest.java,8.0,1.0,0.0,1.0,3.0,2.0,0.0,jlmonteiro@apache.org,0,0.0,0.0,0.0,0.0,0.0,0.0,0.0,0,1,0.0,false
container/openejb-activemq4/src/test/java/org/apache/openejb/resource/activemq/OpenEjbBrokerFactoryTest.java,97.0,26.0,21.0,7.0,47.0,18.0,0.0,jlmonteiro@apache.org,0,0.0,0.0,0.0,0.0,0.0,0.0,0.0,0,1,0.0,false
container/openejb-core/src/main/java/org/apache/openejb/ClassLoaderUtil.java,176.0,24.0,66.0,13.0,57.0,40.0,33.0,null,2,0.007272727272727273,6.0,2.0,2.0,0.0,1622.778947368421,9904.397314143513,2,5,2.036180142784771,false
container/openejb-core/src/main/java/org/apache/openejb/DeploymentInfo.java,75.0,16.0,1891.0,62.0,0.0,62.0,34.0,dblevins@apache.org,2,0.007272727272727273,7.0,2.0,0.0,0.0,3116.1965944272447,40615.54691353494,2,4,0.5879565267414,false
container/openejb-core/src/main/java/org/apache/openejb/InjectionProcessor.java,151.0,14.0,0.0,11.0,33.0,42.0,18.0,null,1,0.0036363636363636364,6.0,6.0,6.0,0.0,2038.6176470588236,33776.41222757778,1,0,0.415221283053529,false
container/openejb-core/src/main/java/org/apache/openejb/assembler/classic/Assembler.java,1028.0,88.0,1134.0,57.0,348.0,165.0,31.0,rmannibucau@apache.org,3,0.01090909090909091,1.0,0.0,0.0,0.0,1852.778947368421,10629.149683164433,3,34,1.3720367545547023,false
container/openejb-core/src/main/java/org/apache/openejb/assembler/classic/EnterpriseBeanBuilder.java,295.0,24.0,18.0,9.0,80.0,50.0,46.0,dblevins@apache.org,2,0.007272727272727273,2.0,1.0,0.0,0.0,3116.1965944272447,40615.54691353494,2,11,0.9359482204676096,false
container/openejb-core/src/main/java/org/apache/openejb/assembler/classic/EnterpriseBeanInfo.java,39.0,3.0,0.0,0.0,0.0,0.0,20.0,dblevins@apache.org,1,0.0036363636363636364,3.0,0.0,0.0,0.0,2038.6176470588236,33776.41222757778,1,3,0.415221283053529,false
container/openejb-core/src/main/java/org/apache/openejb/assembler/classic/JndiBuilder.java,86.0,26.0,15.0,6.0,12.0,10.0,29.0,dblevins@apache.org,2,0.007272727272727273,3.0,1.0,0.0,0.0,3116.1965944272447,40615.54691353494,2,9,0.5879565267414,false
container/openejb-core/src/main/java/org/apache/openejb/client/LocalInitialContext.java,147.0,21.0,25.0,11.0,43.0,43.0,0.0,dblevins@apache.org,0,0.0,0.0,0.0,0.0,0.0,0.0,0.0,0,1,0.0,false
container/openejb-core/src/main/java/org/apache/openejb/client/LocalInitialContextFactory.java,62.0,10.0,7.0,6.0,21.0,21.0,0.0,dblevins@apache.org,0,0.0,0.0,0.0,0.0,0.0,0.0,0.0,0,3,0.0,false
container/openejb-core/src/main/java/org/apache/openejb/config/AppInfoBuilder.java,444.0,59.0,145.0,18.0,188.0,62.0,7.0,rmannibucau@apache.org,1,0.0036363636363636364,2.0,2.0,0.0,1.0,230.0,724.7523690209204,1,3,2.236833715431265,false
container/openejb-core/src/main/java/org/apache/openejb/config/AutoConfig.java,1153.0,55.0,661.0,42.0,336.0,159.0,0.0,rmannibucau@apache.org,0,0.0,0.0,0.0,0.0,0.0,0.0,0.0,0,13,0.0,false
container/openejb-core/src/main/java/org/apache/openejb/config/ConfigurationFactory.java,813.0,71.0,646.0,40.0,262.0,144.0,20.0,null,1,0.0036363636363636364,0.0,0.0,0.0,0.0,2038.6176470588236,33776.41222757778,1,26,0.415221283053529,false
container/openejb-core/src/main/java/org/apache/openejb/config/DeploymentLoader.java,958.0,54.0,272.0,29.0,409.0,152.0,21.0,rmannibucau@apache.org,1,0.0036363636363636364,0.0,0.0,0.0,0.0,545.1999999999999,3065.262628186345,1,21,2.33214389523559,true
container/openejb-core/src/main/java/org/apache/openejb/config/DeploymentsResolver.java,301.0,18.0,8.0,5.0,70.0,29.0,0.0,dblevins@apache.org,0,0.0,0.0,0.0,0.0,0.0,0.0,0.0,0,6,0.0,false
container/openejb-core/src/main/java/org/apache/openejb/config/EjbJarInfoBuilder.java,508.0,79.0,188.0,20.0,283.0,73.0,46.0,null,2,0.007272727272727273,2.0,1.0,0.0,0.0,3116.1965944272447,40615.54691353494,2,9,0.9359482204676096,false
container/openejb-core/src/main/java/org/apache/openejb/config/OpenEjb2Conversion.java,369.0,49.0,15.0,6.0,110.0,23.0,5.0,null,2,0.007272727272727273,24.0,10.0,0.0,5.0,2268.6176470588234,34501.1645965987,2,3,0.27914134599088847,false
container/openejb-core/src/main/java/org/apache/openejb/config/RequireDescriptors.java,0.0,0.0,0.0,0.0,0.0,0.0,0.0,andygumbrecht@apache.org,0,0.0,0.0,0.0,0.0,0.0,0.0,0.0,0,1,0.0,false
container/openejb-core/src/main/java/org/apache/openejb/config/rules/CheckUserTransactionRefs.java,18.0,6.0,0.0,1.0,8.0,3.0,0.0,tveronezi@apache.org,0,0.0,0.0,0.0,0.0,0.0,0.0,0.0,0,2,0.0,false
container/openejb-core/src/main/java/org/apache/openejb/core/BaseContext.java,227.0,24.0,262.0,24.0,37.0,53.0,11.0,null,1,0.0036363636363636364,3.0,0.0,0.0,0.0,2038.6176470588236,33776.41222757778,1,4,0.415221283053529,false
container/openejb-core/src/main/java/org/apache/openejb/core/CoreDeploymentInfo.java,823.0,40.0,6972.0,121.0,144.0,268.0,46.0,dblevins@apache.org,2,0.007272727272727273,2.0,1.0,0.0,0.0,3116.1965944272447,40615.54691353494,2,12,0.9359482204676096,false
container/openejb-core/src/main/java/org/apache/openejb/core/cmp/CmpContainer.java,665.0,50.0,544.0,37.0,247.0,143.0,11.0,dain@apache.org,1,0.0036363636363636364,1.0,0.0,0.0,0.0,2038.6176470588236,33776.41222757778,1,14,0.415221283053529,false
container/openejb-core/src/main/java/org/apache/openejb/core/cmp/cmp2/Cmp2Generator.java,762.0,16.0,0.0,35.0,328.0,93.0,0.0,null,0,0.0,0.0,0.0,0.0,0.0,0.0,0.0,0,5,0.0,false
container/openejb-core/src/main/java/org/apache/openejb/core/cmp/jpa/JpaCmpEngine.java,305.0,33.0,149.0,18.0,81.0,61.0,6.0,dain@apache.org,2,0.007272727272727273,5.0,0.0,0.0,0.0,2583.8176470588237,36841.674855764126,2,5,0.6805354085846141,false
container/openejb-core/src/main/java/org/apache/openejb/core/ivm/BaseEjbProxyHandler.java,409.0,44.0,509.0,35.0,121.0,108.0,42.0,dblevins@apache.org,2,0.007272727272727273,3.0,1.0,0.0,0.0,3116.1965944272447,40615.54691353494,2,13,0.9359482204676096,false
container/openejb-core/src/main/java/org/apache/openejb/core/ivm/naming/JndiEncArtifact.java,24.0,2.0,0.0,2.0,7.0,8.0,11.0,dblevins@apache.org,1,0.0036363636363636364,8.0,0.0,0.0,0.0,2038.6176470588236,33776.41222757778,1,2,0.415221283053529,false
container/openejb-core/src/main/java/org/apache/openejb/core/ivm/naming/java/javaURLContextFactory.java,20.0,9.0,1.0,2.0,7.0,7.0,0.0,dblevins@apache.org,1,0.0036363636363636364,7.0,0.0,0.0,0.0,2038.6176470588236,33776.41222757778,1,1,0.415221283053529,false
container/openejb-core/src/main/java/org/apache/openejb/core/managed/ManagedUserTransaction.java,39.0,11.0,0.0,7.0,12.0,16.0,11.0,tveronezi@apache.org,1,0.0036363636363636364,14.0,0.0,0.0,0.0,2038.6176470588236,33776.41222757778,1,0,0.415221283053529,false
container/openejb-core/src/main/java/org/apache/openejb/core/security/AbstractSecurityService.java,269.0,35.0,244.0,24.0,69.0,61.0,42.0,rmannibucau@apache.org,2,0.007272727272727273,5.0,2.0,0.0,0.0,3116.1965944272447,40615.54691353494,2,2,0.9359482204676096,false
container/openejb-core/src/main/java/org/apache/openejb/core/stateful/SimplePassivater.java,75.0,17.0,4.0,5.0,27.0,21.0,1.0,null,1,0.0036363636363636364,6.0,0.0,6.0,0.0,2038.6176470588236,33776.41222757778,1,2,0.415221283053529,false
container/openejb-core/src/main/java/org/apache/openejb/core/stateless/Instance.java,18.0,4.0,1.0,3.0,0.0,4.0,3.0,dblevins@apache.org,1,0.0036363636363636364,12.0,0.0,0.0,0.0,2038.6176470588236,33776.41222757778,1,0,0.415221283053529,false
container/openejb-core/src/main/java/org/apache/openejb/core/stateless/StatelessContainer.java,204.0,30.0,96.0,17.0,70.0,48.0,10.0,dblevins@apache.org,1,0.0036363636363636364,4.0,1.0,3.0,0.0,2038.6176470588236,33776.41222757778,1,9,0.415221283053529,false
container/openejb-core/src/main/java/org/apache/openejb/core/stateless/StatelessContainerFactory.java,63.0,3.0,22.0,13.0,8.0,17.0,14.0,dblevins@apache.org,1,0.0036363636363636364,22.0,11.0,11.0,0.0,2038.6176470588236,33776.41222757778,1,0,0.415221283053529,false
container/openejb-core/src/main/java/org/apache/openejb/core/stateless/StatelessContext.java,40.0,6.0,2.0,4.0,4.0,10.0,5.0,dblevins@apache.org,1,0.0036363636363636364,4.0,4.0,4.0,0.0,2038.6176470588236,33776.41222757778,1,1,0.415221283053529,false
container/openejb-core/src/main/java/org/apache/openejb/core/stateless/StatelessInstanceManager.java,312.0,39.0,62.0,13.0,104.0,48.0,5.0,dblevins@apache.org,1,0.0036363636363636364,12.0,3.0,5.0,0.0,2038.6176470588236,33776.41222757778,1,9,0.415221283053529,false
container/openejb-core/src/main/java/org/apache/openejb/core/transaction/EjbTransactionUtil.java,116.0,10.0,19.0,7.0,25.0,23.0,11.0,dblevins@apache.org,1,0.0036363636363636364,8.0,0.0,0.0,0.0,2038.6176470588236,33776.41222757778,1,2,0.415221283053529,false
container/openejb-core/src/main/java/org/apache/openejb/core/transaction/TransactionType.java,0.0,0.0,0.0,0.0,0.0,0.0,18.0,tveronezi@apache.org,1,0.0036363636363636364,12.0,12.0,12.0,0.0,2038.6176470588236,33776.41222757778,1,0,0.415221283053529,false
container/openejb-core/src/main/java/org/apache/openejb/core/webservices/ProviderWrapper.java,401.0,38.0,0.0,13.0,49.0,39.0,11.0,null,2,0.007272727272727273,9.0,5.0,5.0,0.0,775.1999999999999,3790.0149972072654,2,3,1.5913416247734822,false
container/openejb-core/src/main/java/org/apache/openejb/osgi/client/LocalInitialContextFactory.java,9.0,3.0,0.0,1.0,1.0,3.0,0.0,tveronezi@apache.org,0,0.0,0.0,0.0,0.0,0.0,0.0,0.0,0,0,0.0,false
container/openejb-core/src/main/java/org/apache/openejb/resource/activemq/ActiveMQ5Factory.java,59.0,13.0,1.0,3.0,20.0,12.0,0.0,rmannibucau@apache.org,0,0.0,0.0,0.0,0.0,0.0,0.0,0.0,0,1,0.0,false
container/openejb-core/src/main/java/org/apache/openejb/resource/activemq/ActiveMQFactory.java,78.0,5.0,1.0,3.0,2.0,9.0,0.0,andygumbrecht@apache.org,0,0.0,0.0,0.0,0.0,0.0,0.0,0.0,0,1,0.0,false
container/openejb-core/src/main/java/org/apache/openejb/resource/activemq/ActiveMQResourceAdapter.java,36.0,6.0,0.0,3.0,9.0,8.0,0.0,null,0,0.0,0.0,0.0,0.0,0.0,0.0,0.0,0,3,0.0,false
container/openejb-core/src/main/java/org/apache/openejb/util/AnnotationFinder.java,242.0,21.0,15.0,14.0,54.0,49.0,0.0,rmannibucau@apache.org,0,0.0,0.0,0.0,0.0,0.0,0.0,0.0,0,1,0.0,false
container/openejb-core/src/main/java/org/apache/openejb/util/AsynchronousRunner.java,39.0,5.0,0.0,2.0,1.0,4.0,1.0,dblevins@apache.org,1,0.0036363636363636364,22.0,0.0,0.0,0.0,2038.6176470588236,33776.41222757778,1,0,0.415221283053529,false
container/openejb-core/src/main/java/org/apache/openejb/util/DirectoryMonitor.java,171.0,7.0,32.0,12.0,43.0,25.0,1.0,dblevins@apache.org,1,0.0036363636363636364,10.0,0.0,0.0,0.0,2038.6176470588236,33776.41222757778,1,0,0.415221283053529,false
container/openejb-core/src/main/java/org/apache/openejb/util/HeapDump.java,45.0,4.0,1.0,2.0,11.0,7.0,11.0,tveronezi@apache.org,1,0.0036363636363636364,17.0,17.0,17.0,0.0,2038.6176470588236,33776.41222757778,1,0,0.415221283053529,false
container/openejb-core/src/main/java/org/apache/openejb/util/PassthroughFactory.java,16.0,2.0,1.0,2.0,4.0,4.0,18.0,tveronezi@apache.org,1,0.0036363636363636364,12.0,12.0,12.0,0.0,2038.6176470588236,33776.41222757778,1,0,0.415221283053529,false
container/openejb-core/src/main/java/org/apache/openejb/util/Pool.java,505.0,18.0,100.0,17.0,44.0,53.0,6.0,dblevins@apache.org,1,0.0036363636363636364,26.0,13.0,13.0,3.0,2038.6176470588236,33776.41222757778,1,0,0.415221283053529,false
container/openejb-core/src/main/java/org/apache/openejb/util/ServiceManagerProxy.java,65.0,3.0,2.0,5.0,18.0,15.0,0.0,rmannibucau@apache.org,0,0.0,0.0,0.0,0.0,0.0,0.0,0.0,0,0,0.0,false
container/openejb-core/src/main/java/org/apache/openejb/util/SuperProperties.java,1010.0,31.0,1378.0,64.0,177.0,208.0,20.0,tveronezi@apache.org,1,0.0036363636363636364,6.0,0.0,0.0,0.0,2038.6176470588236,33776.41222757778,1,2,0.415221283053529,false
container/openejb-core/src/main/java/org/apache/openejb/util/URLs.java,23.0,5.0,1.0,2.0,8.0,7.0,2.0,null,2,0.007272727272727273,18.0,0.0,5.0,0.0,2583.8176470588237,36841.674855764126,2,0,0.6805354085846141,false
container/openejb-core/src/main/java/org/apache/openejb/util/proxy/LocalBeanProxyGenerator.java,4.0,0.0,1.0,2.0,0.0,4.0,29.0,jgallimore@apache.org,1,0.0036363636363636364,60.0,40.0,0.0,0.0,1077.578947368421,6839.134685957167,1,0,2.842969519001581,false
container/openejb-core/src/main/java/org/apache/openejb/util/proxy/LocalBeanProxyGeneratorImpl.java,440.0,7.0,91.0,14.0,81.0,63.0,29.0,null,1,0.0036363636363636364,12.0,8.0,0.0,0.0,1077.578947368421,6839.134685957167,1,0,2.842969519001581,false
container/openejb-core/src/main/java/org/apache/openejb/util/proxy/ProxyGenerationException.java,13.0,0.0,6.0,4.0,0.0,4.0,7.0,tveronezi@apache.org,1,0.0036363636363636364,20.0,20.0,0.0,0.0,1077.578947368421,6839.134685957167,1,0,2.842969519001581,false
container/openejb-core/src/test/java/org/apache/openejb/assembler/classic/OpenEjbConfigurationValidationTest.java,74.0,13.0,1.0,3.0,27.0,12.0,20.0,dblevins@apache.org,1,0.0036363636363636364,8.0,0.0,0.0,0.0,2038.6176470588236,33776.41222757778,1,0,0.415221283053529,false
container/openejb-core/src/test/java/org/apache/openejb/assembler/classic/RedeployTest.java,37.0,13.0,1.0,2.0,16.0,5.0,0.0,dblevins@apache.org,0,0.0,0.0,0.0,0.0,0.0,0.0,0.0,0,5,0.0,false
container/openejb-core/src/test/java/org/apache/openejb/config/AnnotationDeployerTest.java,56.0,14.0,3.0,3.0,24.0,6.0,73.0,null,1,0.0036363636363636364,5.0,5.0,0.0,0.0,1077.578947368421,6839.134685957167,1,3,2.842969519001581,false
container/openejb-core/src/test/java/org/apache/openejb/config/AppInfoBuilderTest.java,96.0,10.0,3.0,3.0,37.0,7.0,6.0,jgallimore@apache.org,1,0.0036363636363636364,17.0,17.0,0.0,17.0,230.0,724.7523690209204,1,0,2.236833715431265,false
container/openejb-core/src/test/java/org/apache/openejb/config/ConfigureServiceTest.java,94.0,7.0,21.0,7.0,35.0,14.0,18.0,dblevins@apache.org,1,0.0036363636363636364,9.0,9.0,9.0,0.0,2038.6176470588236,33776.41222757778,1,3,0.415221283053529,false
container/openejb-core/src/test/java/org/apache/openejb/config/EjbDeploymentPropertiesTest.java,27.0,12.0,0.0,1.0,18.0,2.0,20.0,dblevins@apache.org,1,0.0036363636363636364,33.0,0.0,0.0,0.0,2038.6176470588236,33776.41222757778,1,0,0.415221283053529,false
container/openejb-core/src/test/java/org/apache/openejb/config/LocalClientTest.java,82.0,34.0,8.0,5.0,34.0,10.0,1.0,dblevins@apache.org,1,0.0036363636363636364,10.0,0.0,0.0,0.0,2038.6176470588236,33776.41222757778,1,1,0.415221283053529,false
container/openejb-core/src/test/java/org/apache/openejb/config/rules/CheckUserTransactionRefsTest.java,25.0,16.0,0.0,1.0,4.0,4.0,0.0,null,0,0.0,0.0,0.0,0.0,0.0,0.0,0.0,0,2,0.0,false
container/openejb-core/src/test/java/org/apache/openejb/core/mdb/QuartzMdbContainerTest.java,51.0,49.0,0.0,1.0,26.0,3.0,1.0,djencks@apache.org,1,0.0036363636363636364,8.0,0.0,8.0,0.0,2038.6176470588236,33776.41222757778,1,0,0.415221283053529,false
container/openejb-core/src/test/java/org/apache/openejb/core/stateless/StatelessInstanceManagerPoolingTest.java,169.0,17.0,28.0,8.0,52.0,19.0,2.0,null,1,0.0036363636363636364,4.0,0.0,0.0,0.0,2038.6176470588236,33776.41222757778,1,2,0.415221283053529,false
container/openejb-core/src/test/java/org/apache/openejb/resource/activemq/OpenEjbBrokerFactoryTest.java,97.0,26.0,21.0,7.0,47.0,18.0,0.0,null,0,0.0,0.0,0.0,0.0,0.0,0.0,0.0,0,3,0.0,false
container/openejb-core/src/test/java/org/apache/openejb/util/AsynchronousRunnerTest.java,99.0,9.0,36.0,9.0,45.0,23.0,0.0,dblevins@apache.org,0,0.0,0.0,0.0,0.0,0.0,0.0,0.0,0,0,0.0,false
container/openejb-core/src/test/java/org/apache/openejb/util/PoolTest.java,773.0,12.0,508.0,40.0,284.0,129.0,7.0,dblevins@apache.org,1,0.0036363636363636364,54.0,23.0,38.0,0.0,2038.6176470588236,33776.41222757778,1,0,0.415221283053529,false
container/openejb-core/src/test/java/org/apache/openejb/util/proxy/LocalBeanProxyGeneratorImplTest.java,651.0,9.0,780.0,40.0,306.0,85.0,22.0,jgallimore@apache.org,1,0.0036363636363636364,31.0,15.0,0.0,0.0,1077.578947368421,6839.134685957167,1,0,2.842969519001581,false
container/openejb-core/src/test/java/org/apache/openejb/util/proxy/ProxyTestException.java,14.0,0.0,6.0,4.0,0.0,6.0,7.0,andygumbrecht@apache.org,1,0.0036363636363636364,50.0,50.0,0.0,0.0,1077.578947368421,6839.134685957167,1,0,2.842969519001581,false
container/openejb-core/src/test/java/org/apache/openejb/util/proxy/ProxyTestObject.java,32.0,0.0,0.0,6.0,3.0,11.0,7.0,andygumbrecht@apache.org,1,0.0036363636363636364,50.0,50.0,0.0,0.0,1077.578947368421,6839.134685957167,1,0,2.842969519001581,false
container/openejb-core/src/test/java/org/apache/openejb/util/proxy/SampleLocalBean.java,230.0,4.0,666.0,37.0,5.0,105.0,7.0,gawor@apache.org,1,0.0036363636363636364,20.0,20.0,0.0,0.0,1077.578947368421,6839.134685957167,1,0,2.842969519001581,false
container/openejb-jee/src/main/java/org/apache/openejb/jee/ActivationSpec.java,46.0,10.0,31.0,10.0,3.0,17.0,8.0,djencks@apache.org,1,0.0036363636363636364,17.0,0.0,0.0,0.0,545.1999999999999,3065.262628186345,1,1,2.33214389523559,false
container/openejb-jee/src/main/java/org/apache/openejb/jee/ConfigProperty.java,61.0,10.0,91.0,15.0,0.0,24.0,8.0,djencks@apache.org,1,0.0036363636363636364,17.0,0.0,0.0,0.0,545.1999999999999,3065.262628186345,1,0,2.33214389523559,false
container/openejb-jee/src/main/java/org/apache/openejb/jee/Connector.java,37.0,1.0,28.0,8.0,0.0,15.0,8.0,djencks@apache.org,1,0.0036363636363636364,15.0,8.0,0.0,0.0,545.1999999999999,3065.262628186345,1,2,2.33214389523559,false
container/openejb-jee/src/main/java/org/apache/openejb/jee/Connector10.java,34.0,1.0,21.0,7.0,0.0,14.0,9.0,djencks@apache.org,1,0.0036363636363636364,11.0,11.0,0.0,0.0,545.1999999999999,3065.262628186345,1,0,2.33214389523559,false
container/openejb-jee/src/main/java/org/apache/openejb/jee/ConnectorBase.java,121.0,12.0,395.0,30.0,8.0,52.0,9.0,djencks@apache.org,1,0.0036363636363636364,20.0,20.0,0.0,0.0,545.1999999999999,3065.262628186345,1,0,2.33214389523559,false
container/openejb-jee/src/main/java/org/apache/openejb/jee/ObjectFactory.java,101.0,6.0,91.0,14.0,0.0,28.0,9.0,dain@apache.org,1,0.0036363636363636364,9.0,9.0,0.0,0.0,545.1999999999999,3065.262628186345,1,0,2.33214389523559,false
container/openejb-jee/src/main/java/org/apache/openejb/jee/OutboundResourceAdapter.java,46.0,10.0,22.0,8.0,0.0,15.0,6.0,djencks@apache.org,1,0.0036363636363636364,33.0,0.0,17.0,0.0,545.1999999999999,3065.262628186345,1,0,2.33214389523559,false
container/openejb-jee/src/main/java/org/apache/openejb/jee/ResourceAdapter.java,16.0,2.0,6.0,4.0,0.0,5.0,9.0,djencks@apache.org,1,0.0036363636363636364,12.0,12.0,0.0,0.0,545.1999999999999,3065.262628186345,1,1,2.33214389523559,false
container/openejb-jee/src/main/java/org/apache/openejb/jee/ResourceAdapter10.java,58.0,2.0,4.0,17.0,25.0,26.0,9.0,djencks@apache.org,1,0.0036363636363636364,17.0,17.0,0.0,0.0,545.1999999999999,3065.262628186345,1,0,2.33214389523559,false
container/openejb-jee/src/main/java/org/apache/openejb/jee/ResourceAdapterBase.java,64.0,5.0,73.0,14.0,1.0,26.0,9.0,djencks@apache.org,1,0.0036363636363636364,33.0,33.0,0.0,0.0,545.1999999999999,3065.262628186345,1,0,2.33214389523559,false
container/openejb-jee/src/main/java/org/apache/openejb/jee/WebApp.java,320.0,14.0,1437.0,55.0,17.0,144.0,0.0,null,0,0.0,0.0,0.0,0.0,0.0,0.0,0.0,0,2,0.0,false
container/openejb-jee/src/main/java/org/apache/openejb/jee/oejb2/EnterpriseBean.java,19.0,3.0,91.0,14.0,0.0,14.0,4.0,dblevins@apache.org,1,0.0036363636363636364,20.0,20.0,0.0,0.0,2038.6176470588236,33776.41222757778,1,2,0.415221283053529,false
container/openejb-jee/src/main/java/org/apache/openejb/jee/oejb2/EntityBeanType.java,461.0,14.0,608.0,36.0,0.0,85.0,5.0,dblevins@apache.org,1,0.0036363636363636364,12.0,12.0,0.0,0.0,2038.6176470588236,33776.41222757778,1,2,0.415221283053529,false
container/openejb-jee/src/main/java/org/apache/openejb/jee/oejb2/MessageDrivenBeanType.java,155.0,16.0,182.0,20.0,3.0,51.0,5.0,dblevins@apache.org,1,0.0036363636363636364,12.0,12.0,0.0,0.0,2038.6176470588236,33776.41222757778,1,3,0.415221283053529,false
container/openejb-jee/src/main/java/org/apache/openejb/jee/oejb2/OpenejbJarType.java,117.0,14.0,157.0,19.0,0.0,38.0,3.0,andygumbrecht@apache.org,1,0.0036363636363636364,17.0,0.0,0.0,0.0,2038.6176470588236,33776.41222757778,1,1,0.415221283053529,false
container/openejb-jee/src/main/java/org/apache/openejb/jee/oejb2/SessionBeanType.java,210.0,14.0,337.0,27.0,0.0,63.0,5.0,dblevins@apache.org,1,0.0036363636363636364,12.0,12.0,0.0,0.0,2038.6176470588236,33776.41222757778,1,2,0.415221283053529,false
container/openejb-jee/src/main/java/org/apache/openejb/jee/oejb3/EjbDeployment.java,109.0,16.0,215.0,23.0,25.0,44.0,13.0,dain@apache.org,2,0.007272727272727273,18.0,9.0,0.0,9.0,2268.6176470588234,34501.1645965987,2,3,0.6328803186824518,false
container/openejb-jee/src/main/java/org/apache/openejb/jee/oejb3/OpenejbJar.java,45.0,13.0,22.0,8.0,13.0,19.0,20.0,dblevins@apache.org,1,0.0036363636363636364,9.0,0.0,0.0,0.0,2038.6176470588236,33776.41222757778,1,1,0.415221283053529,false
container/openejb-jee/src/test/java/org/apache/openejb/jee/JeeTest.java,143.0,25.0,91.0,14.0,79.0,32.0,8.0,null,1,0.0036363636363636364,6.0,3.0,0.0,0.0,545.1999999999999,3065.262628186345,1,4,2.33214389523559,false
container/openejb-junit/src/main/java/org/apache/openejb/junit/ContextConfig.java,0.0,0.0,0.0,0.0,0.0,0.0,28.0,tveronezi@apache.org,1,0.0036363636363636364,25.0,0.0,0.0,25.0,2038.6176470588236,33776.41222757778,1,0,0.415221283053529,false
container/openejb-junit/src/main/java/org/apache/openejb/junit/JUnit4Runner.java,119.0,13.0,24.0,9.0,33.0,31.0,21.0,dblevins@apache.org,1,0.0036363636363636364,50.0,0.0,0.0,33.0,2038.6176470588236,33776.41222757778,1,0,0.415221283053529,false
container/openejb-junit/src/main/java/org/apache/openejb/junit/LocalClientRunner.java,182.0,21.0,5.0,6.0,17.0,21.0,18.0,null,1,0.0036363636363636364,6.0,6.0,6.0,0.0,2038.6176470588236,33776.41222757778,1,0,0.415221283053529,false
container/openejb-junit/src/main/java/org/apache/openejb/junit/OpenEjbRunner.java,83.0,9.0,4.0,8.0,7.0,23.0,13.0,dblevins@apache.org,1,0.0036363636363636364,50.0,0.0,17.0,0.0,2038.6176470588236,33776.41222757778,1,0,0.415221283053529,false
container/openejb-junit/src/main/java/org/apache/openejb/junit/Property.java,0.0,0.0,0.0,0.0,0.0,0.0,28.0,tveronezi@apache.org,1,0.0036363636363636364,33.0,0.0,0.0,33.0,2038.6176470588236,33776.41222757778,1,0,0.415221283053529,false
container/openejb-junit/src/main/java/org/apache/openejb/junit/RunTestAs.java,0.0,0.0,0.0,0.0,0.0,0.0,28.0,tveronezi@apache.org,1,0.0036363636363636364,25.0,0.0,0.0,25.0,2038.6176470588236,33776.41222757778,1,0,0.415221283053529,false
container/openejb-junit/src/main/java/org/apache/openejb/junit/TestResource.java,0.0,0.0,0.0,0.0,0.0,0.0,28.0,tveronezi@apache.org,1,0.0036363636363636364,33.0,0.0,0.0,33.0,2038.6176470588236,33776.41222757778,1,0,0.415221283053529,false
container/openejb-junit/src/main/java/org/apache/openejb/junit/TestResourceTypes.java,7.0,0.0,0.0,0.0,0.0,0.0,28.0,tveronezi@apache.org,1,0.0036363636363636364,33.0,0.0,0.0,33.0,2038.6176470588236,33776.41222757778,1,0,0.415221283053529,false
container/openejb-junit/src/main/java/org/apache/openejb/junit/TestSecurity.java,0.0,0.0,0.0,0.0,0.0,0.0,28.0,tveronezi@apache.org,1,0.0036363636363636364,25.0,0.0,0.0,25.0,2038.6176470588236,33776.41222757778,1,0,0.415221283053529,false
container/openejb-junit/src/main/java/org/apache/openejb/junit/Transaction.java,0.0,0.0,0.0,0.0,0.0,0.0,18.0,dblevins@apache.org,1,0.0036363636363636364,20.0,20.0,20.0,0.0,2038.6176470588236,33776.41222757778,1,0,0.415221283053529,false
container/openejb-junit/src/main/java/org/apache/openejb/junit/context/ContextWrapperStatement.java,17.0,1.0,0.0,2.0,2.0,3.0,39.0,andygumbrecht@apache.org,1,0.0036363636363636364,25.0,0.0,0.0,0.0,2038.6176470588236,33776.41222757778,1,0,0.415221283053529,false
container/openejb-junit/src/main/java/org/apache/openejb/junit/context/OpenEjbTestContext.java,271.0,16.0,24.0,16.0,55.0,60.0,31.0,dblevins@apache.org,1,0.0036363636363636364,29.0,0.0,0.0,14.0,2038.6176470588236,33776.41222757778,1,0,0.415221283053529,false
container/openejb-junit/src/main/java/org/apache/openejb/junit/context/TestContext.java,9.0,0.0,0.0,1.0,0.0,2.0,39.0,tveronezi@apache.org,1,0.0036363636363636364,25.0,0.0,0.0,0.0,2038.6176470588236,33776.41222757778,1,0,0.415221283053529,false
container/openejb-junit/src/main/java/org/apache/openejb/junit/context/Util.java,149.0,7.0,10.0,5.0,31.0,20.0,39.0,tveronezi@apache.org,1,0.0036363636363636364,33.0,0.0,0.0,0.0,2038.6176470588236,33776.41222757778,1,0,0.415221283053529,false
container/openejb-junit/src/main/java/org/apache/openejb/junit/security/TestLoginModule.java,43.0,14.0,0.0,5.0,9.0,15.0,39.0,andygumbrecht@apache.org,1,0.0036363636363636364,25.0,0.0,0.0,0.0,2038.6176470588236,33776.41222757778,1,0,0.415221283053529,false
container/openejb-junit/src/test/java/org/apache/openejb/junit/TestClassConfigFile.java,16.0,8.0,1.0,3.0,4.0,3.0,31.0,andygumbrecht@apache.org,1,0.0036363636363636364,50.0,0.0,0.0,25.0,2038.6176470588236,33776.41222757778,1,0,0.415221283053529,false
container/openejb-junit/src/test/java/org/apache/openejb/junit/TestClassConfigFileAndProperties.java,19.0,9.0,1.0,3.0,4.0,3.0,31.0,andygumbrecht@apache.org,1,0.0036363636363636364,50.0,0.0,0.0,25.0,2038.6176470588236,33776.41222757778,1,0,0.415221283053529,false
container/openejb-junit/src/test/java/org/apache/openejb/junit/TestClassConfigProperties.java,21.0,9.0,1.0,3.0,4.0,3.0,31.0,dblevins@apache.org,1,0.0036363636363636364,33.0,0.0,0.0,17.0,2038.6176470588236,33776.41222757778,1,0,0.415221283053529,false
container/openejb-junit/src/test/java/org/apache/openejb/junit/TestDualConfigOverride.java,49.0,10.0,0.0,6.0,16.0,6.0,31.0,andygumbrecht@apache.org,1,0.0036363636363636364,50.0,0.0,0.0,25.0,2038.6176470588236,33776.41222757778,1,0,0.415221283053529,false
container/openejb-junit/src/test/java/org/apache/openejb/junit/TestEjbBasic.java,27.0,8.0,0.0,4.0,8.0,5.0,39.0,andygumbrecht@apache.org,1,0.0036363636363636364,25.0,0.0,0.0,0.0,2038.6176470588236,33776.41222757778,1,0,0.415221283053529,false
container/openejb-junit/src/test/java/org/apache/openejb/junit/TestEjbSecurity.java,73.0,10.0,0.0,13.0,26.0,18.0,31.0,dblevins@apache.org,1,0.0036363636363636364,40.0,0.0,0.0,20.0,2038.6176470588236,33776.41222757778,1,0,0.415221283053529,false
container/openejb-junit/src/test/java/org/apache/openejb/junit/TestEjbSecurityRunTestAs.java,37.0,11.0,0.0,4.0,15.0,8.0,31.0,dblevins@apache.org,1,0.0036363636363636364,33.0,0.0,0.0,17.0,2038.6176470588236,33776.41222757778,1,0,0.415221283053529,false
container/openejb-junit/src/test/java/org/apache/openejb/junit/TestMethodConfigFile.java,24.0,9.0,0.0,4.0,7.0,4.0,31.0,andygumbrecht@apache.org,1,0.0036363636363636364,50.0,0.0,0.0,25.0,2038.6176470588236,33776.41222757778,1,0,0.415221283053529,false
container/openejb-junit/src/test/java/org/apache/openejb/junit/TestMethodConfigProperties.java,24.0,10.0,0.0,4.0,7.0,4.0,31.0,dblevins@apache.org,1,0.0036363636363636364,33.0,0.0,0.0,17.0,2038.6176470588236,33776.41222757778,1,0,0.415221283053529,false
container/openejb-junit/src/test/java/org/apache/openejb/junit/TestRunner.java,24.0,10.0,8.0,5.0,5.0,7.0,31.0,andygumbrecht@apache.org,1,0.0036363636363636364,50.0,0.0,0.0,25.0,2038.6176470588236,33776.41222757778,1,0,0.415221283053529,false
container/openejb-junit/src/test/java/org/apache/openejb/junit/context/ContextWrapperStatementTest.java,77.0,6.0,0.0,4.0,9.0,9.0,39.0,dblevins@apache.org,1,0.0036363636363636364,20.0,0.0,0.0,0.0,2038.6176470588236,33776.41222757778,1,0,0.415221283053529,false
container/openejb-junit/src/test/java/org/apache/openejb/junit/context/UtilTest.java,299.0,9.0,561.0,34.0,88.0,66.0,39.0,andygumbrecht@apache.org,1,0.0036363636363636364,33.0,0.0,0.0,0.0,2038.6176470588236,33776.41222757778,1,0,0.415221283053529,false
container/openejb-junit/src/test/java/org/apache/openejb/junit/ejbs/BasicEjb.java,14.0,1.0,1.0,2.0,1.0,6.0,39.0,andygumbrecht@apache.org,1,0.0036363636363636364,33.0,0.0,0.0,0.0,2038.6176470588236,33776.41222757778,1,0,0.415221283053529,false
container/openejb-junit/src/test/java/org/apache/openejb/junit/ejbs/BasicEjbLocal.java,7.0,1.0,1.0,2.0,0.0,2.0,39.0,dblevins@apache.org,1,0.0036363636363636364,50.0,0.0,0.0,0.0,2038.6176470588236,33776.41222757778,1,0,0.415221283053529,false
container/openejb-junit/src/test/java/org/apache/openejb/junit/ejbs/SecuredEjb.java,14.0,2.0,3.0,3.0,0.0,6.0,39.0,dblevins@apache.org,1,0.0036363636363636364,50.0,0.0,0.0,0.0,2038.6176470588236,33776.41222757778,1,0,0.415221283053529,false
container/openejb-junit/src/test/java/org/apache/openejb/junit/ejbs/SecuredEjbLocal.java,8.0,1.0,3.0,3.0,0.0,3.0,39.0,dblevins@apache.org,1,0.0036363636363636364,50.0,0.0,0.0,0.0,2038.6176470588236,33776.41222757778,1,0,0.415221283053529,false
examples/interceptors/src/main/java/org/superbiz/interceptors/MethodLevelInterceptorOnlyIntf.java,3.0,2.0,0.0,1.0,0.0,1.0,0.0,andygumbrecht@apache.org,0,0.0,0.0,0.0,0.0,0.0,0.0,0.0,0,2,0.0,false
examples/interceptors/src/main/java/org/superbiz/interceptors/MethodLevelInterceptorOnlyParent.java,3.0,1.0,0.0,1.0,0.0,1.0,0.0,jlaskowski@apache.org,0,0.0,0.0,0.0,0.0,0.0,0.0,0.0,0,2,0.0,false
examples/interceptors/src/main/java/org/superbiz/interceptors/MethodLevelInterceptorOnlySLSBean.java,7.0,5.0,0.0,1.0,1.0,2.0,0.0,jlaskowski@apache.org,0,0.0,0.0,0.0,0.0,0.0,0.0,0.0,0,2,0.0,false
examples/interceptors/src/test/java/org/superbiz/interceptors/MethodLevelInterceptorOnlyTest.java,14.0,8.0,1.0,2.0,1.0,6.0,0.0,jlaskowski@apache.org,0,0.0,0.0,0.0,0.0,0.0,0.0,0.0,0,2,0.0,false
examples/simple-webservice/src/main/java/org/superbiz/calculator/CalculatorImpl.java,26.0,5.0,6.0,4.0,2.0,13.0,3.0,null,1,0.0036363636363636364,12.0,12.0,0.0,0.0,230.0,724.7523690209204,1,1,2.236833715431265,false
examples/simple-webservice/src/main/java/org/superbiz/calculator/CalculatorWs.java,8.0,8.0,3.0,3.0,0.0,4.0,3.0,dblevins@apache.org,1,0.0036363636363636364,17.0,17.0,0.0,0.0,230.0,724.7523690209204,1,0,2.236833715431265,false
examples/simple-webservice/src/test/java/org/superbiz/calculator/CalculatorTest.java,50.0,12.0,0.0,4.0,24.0,14.0,3.0,dblevins@apache.org,1,0.0036363636363636364,10.0,10.0,0.0,0.0,230.0,724.7523690209204,1,0,2.236833715431265,true
examples/transaction-rollback/src/main/java/org/superbiz/txrollback/CustomRuntimeException.java,13.0,1.0,6.0,4.0,0.0,6.0,4.0,dblevins@apache.org,1,0.0036363636363636364,100.0,0.0,0.0,0.0,2038.6176470588236,33776.41222757778,1,0,0.415221283053529,false
examples/transaction-rollback/src/main/java/org/superbiz/txrollback/Movie.java,31.0,4.0,10.0,8.0,0.0,11.0,10.0,andygumbrecht@apache.org,1,0.0036363636363636364,50.0,0.0,0.0,0.0,2038.6176470588236,33776.41222757778,1,0,0.415221283053529,false
examples/transaction-rollback/src/main/java/org/superbiz/txrollback/Movies.java,8.0,1.0,15.0,6.0,0.0,11.0,8.0,dblevins@apache.org,1,0.0036363636363636364,67.0,0.0,0.0,0.0,2038.6176470588236,33776.41222757778,1,0,0.415221283053529,false
examples/transaction-rollback/src/main/java/org/superbiz/txrollback/MoviesImpl.java,23.0,9.0,9.0,6.0,5.0,12.0,8.0,dblevins@apache.org,1,0.0036363636363636364,50.0,0.0,0.0,0.0,2038.6176470588236,33776.41222757778,1,0,0.415221283053529,false
examples/transaction-rollback/src/test/java/org/superbiz/txrollback/MoviesTest.java,130.0,15.0,0.0,7.0,39.0,19.0,8.0,dblevins@apache.org,1,0.0036363636363636364,40.0,0.0,0.0,0.0,2038.6176470588236,33776.41222757778,1,0,0.415221283053529,false
examples/troubleshooting/src/main/java/org/superbiz/troubleshooting/Movie.java,31.0,4.0,10.0,8.0,0.0,11.0,10.0,andygumbrecht@apache.org,1,0.0036363636363636364,50.0,0.0,0.0,0.0,2038.6176470588236,33776.41222757778,1,0,0.415221283053529,false
examples/troubleshooting/src/main/java/org/superbiz/troubleshooting/Movies.java,5.0,1.0,3.0,3.0,0.0,6.0,8.0,dblevins@apache.org,1,0.0036363636363636364,50.0,0.0,0.0,0.0,2038.6176470588236,33776.41222757778,1,0,0.415221283053529,false
examples/troubleshooting/src/main/java/org/superbiz/troubleshooting/MoviesImpl.java,13.0,8.0,0.0,3.0,4.0,7.0,8.0,dblevins@apache.org,1,0.0036363636363636364,33.0,0.0,0.0,0.0,2038.6176470588236,33776.41222757778,1,0,0.415221283053529,false
examples/troubleshooting/src/test/java/org/superbiz/troubleshooting/MoviesTest.java,37.0,11.0,1.0,2.0,8.0,4.0,8.0,dblevins@apache.org,1,0.0036363636363636364,33.0,0.0,0.0,0.0,2038.6176470588236,33776.41222757778,1,0,0.415221283053529,false
server/openejb-client/src/main/java/org/apache/openejb/client/Client.java,200.0,16.0,9.0,7.0,33.0,21.0,10.0,dblevins@apache.org,2,0.007272727272727273,5.0,0.0,0.0,0.0,2072.6176470588234,33791.71679562838,2,4,0.9359482204676096,false
server/openejb-client/src/main/java/org/apache/openejb/client/ConnectionManager.java,57.0,3.0,9.0,7.0,14.0,16.0,10.0,dblevins@apache.org,1,0.0036363636363636364,9.0,4.0,0.0,0.0,2038.6176470588236,33776.41222757778,1,3,0.415221283053529,false
server/openejb-client/src/main/java/org/apache/openejb/client/EJBMetaDataImpl.java,208.0,10.0,88.0,24.0,36.0,58.0,20.0,dblevins@apache.org,1,0.0036363636363636364,6.0,0.0,0.0,0.0,2038.6176470588236,33776.41222757778,1,1,0.415221283053529,false
server/openejb-client/src/main/java/org/apache/openejb/client/EJBRequest.java,447.0,11.0,92.0,28.0,27.0,52.0,20.0,null,1,0.0036363636363636364,3.0,0.0,0.0,0.0,2038.6176470588236,33776.41222757778,1,5,0.415221283053529,false
server/openejb-client/src/main/java/org/apache/openejb/client/RandomConnectionStrategy.java,50.0,10.0,3.0,3.0,23.0,13.0,0.0,dblevins@apache.org,0,0.0,0.0,0.0,0.0,0.0,0.0,0.0,0,0,0.0,false
server/openejb-client/src/main/java/org/apache/openejb/client/RoundRobinConnectionStrategy.java,56.0,9.0,1.0,2.0,22.0,10.0,0.0,andygumbrecht@apache.org,0,0.0,0.0,0.0,0.0,0.0,0.0,0.0,0,0,0.0,false
server/openejb-client/src/main/java/org/apache/openejb/client/SocketConnectionFactory.java,222.0,19.0,8.0,5.0,24.0,19.0,20.0,andygumbrecht@apache.org,1,0.0036363636363636364,3.0,0.0,0.0,0.0,2038.6176470588236,33776.41222757778,1,3,0.415221283053529,false
server/openejb-cxf/src/main/java/org/apache/openejb/server/cxf/ejb/EjbInterceptor.java,94.0,37.0,2.0,5.0,32.0,18.0,1.0,jlmonteiro@apache.org,1,0.0036363636363636364,25.0,0.0,25.0,25.0,230.0,724.7523690209204,1,0,2.236833715431265,false
server/openejb-ejbd/src/main/java/org/apache/openejb/server/ejbd/ClientObjectFactory.java,136.0,13.0,43.0,10.0,71.0,27.0,20.0,dblevins@apache.org,1,0.0036363636363636364,4.0,0.0,0.0,0.0,2038.6176470588236,33776.41222757778,1,2,0.415221283053529,false
server/openejb-ejbd/src/main/java/org/apache/openejb/server/ejbd/JndiRequestHandler.java,368.0,50.0,17.0,7.0,115.0,33.0,46.0,dblevins@apache.org,2,0.007272727272727273,3.0,2.0,0.0,0.0,3116.1965944272447,40615.54691353494,2,6,0.9359482204676096,false
server/openejb-ejbd/src/test/java/org/apache/openejb/server/ejbd/DynamicConnectionStrategyTest.java,51.0,25.0,0.0,1.0,19.0,2.0,20.0,andygumbrecht@apache.org,1,0.0036363636363636364,25.0,0.0,0.0,0.0,2038.6176470588236,33776.41222757778,1,0,0.415221283053529,false
server/openejb-ejbd/src/test/java/org/apache/openejb/server/ejbd/PropertiesPropogationTest.java,46.0,21.0,0.0,1.0,23.0,2.0,20.0,dblevins@apache.org,1,0.0036363636363636364,17.0,0.0,0.0,0.0,2038.6176470588236,33776.41222757778,1,0,0.415221283053529,false
server/openejb-http/src/main/java/org/apache/openejb/server/httpd/OpenEJBHttpServer.java,126.0,11.0,79.0,14.0,35.0,34.0,0.0,rmannibucau@apache.org,0,0.0,0.0,0.0,0.0,0.0,0.0,0.0,0,1,0.0,false
server/openejb-server/src/main/java/org/apache/openejb/server/ServiceLogger.java,60.0,4.0,0.0,12.0,22.0,21.0,0.0,dblevins@apache.org,0,0.0,0.0,0.0,0.0,0.0,0.0,0.0,0,0,0.0,false
server/openejb-server/src/main/java/org/apache/openejb/server/ServiceManager.java,139.0,17.0,60.0,12.0,47.0,36.0,1.0,dblevins@apache.org,1,0.0036363636363636364,2.0,2.0,0.0,0.0,2038.6176470588236,33776.41222757778,1,6,0.415221283053529,false
server/openejb-server/src/main/java/org/apache/openejb/server/SimpleServiceManager.java,141.0,13.0,4.0,5.0,37.0,20.0,0.0,rmannibucau@apache.org,0,0.0,0.0,0.0,0.0,0.0,0.0,0.0,0,0,0.0,false
server/openejb-server/src/main/java/org/apache/openejb/server/osgi/Activator.java,19.0,4.0,0.0,2.0,4.0,5.0,0.0,andygumbrecht@apache.org,0,0.0,0.0,0.0,0.0,0.0,0.0,0.0,0,0,0.0,false
server/openejb-server/src/main/java/org/apache/openejb/server/osgi/ServiceManagerExtender.java,219.0,23.0,6.0,8.0,21.0,21.0,0.0,andygumbrecht@apache.org,0,0.0,0.0,0.0,0.0,0.0,0.0,0.0,0,0,0.0,false
