name,LOC,CBO,LCOM,NOM,RFC,WMC,ACS,Ownership,numOfChanges,numberOfFIChanges,ENH,NF,BugFixing,REF,structuralWorkloadSum,semanticWorkloadSum,numberOfDeveloper,pastFaults,MAF,isBuggy
assembly/openejb-jetty/openejb-jetty-common/src/main/java/org/apache/openejb/jetty/common/OpenEJBConfiguration.java,185.0,29.0,47.0,11.0,95.0,37.0,3.0,dblevins@apache.org,1,0.0018450184501845018,20.0,0.0,20.0,0.0,6274.46,214016.67664836542,1,0,0.5447271754416722,false
assembly/openejb-jetty/openejb-jetty-common/src/test/java/org/apache/openejb/jetty/test/BootstrapTest.java,43.0,11.0,13.0,7.0,14.0,16.0,1.0,jlmonteiro@apache.org,1,0.0018450184501845018,25.0,0.0,0.0,0.0,6274.46,214016.67664836542,1,0,0.5447271754416722,false
assembly/openejb-tomcat/openejb-tomcat-catalina/src/main/java/org/apache/openejb/tomcat/catalina/BackportUtil.java,138.0,15.0,10.0,5.0,8.0,9.0,9.0,dblevins@apache.org,1,0.0018450184501845018,25.0,0.0,0.0,0.0,6274.46,214016.67664836542,1,0,0.5447271754416722,false
assembly/openejb-tomcat/openejb-tomcat-catalina/src/main/java/org/apache/openejb/tomcat/catalina/GlobalListenerSupport.java,305.0,17.0,93.0,15.0,58.0,43.0,4.0,jgallimore@apache.org,2,0.0036900369003690036,21.0,0.0,0.0,0.0,6915.386829268293,219382.22826756214,2,2,0.9869436572650025,false
assembly/openejb-tomcat/openejb-tomcat-catalina/src/main/java/org/apache/openejb/tomcat/catalina/TomcatDeploymentLoader.java,17.0,7.0,0.0,3.0,1.0,5.0,5.0,jlmonteiro@apache.org,1,0.0018450184501845018,33.0,0.0,0.0,0.0,6274.46,214016.67664836542,1,0,0.5447271754416722,false
assembly/openejb-tomcat/openejb-tomcat-catalina/src/main/java/org/apache/openejb/tomcat/catalina/TomcatJndiBuilder.java,406.0,63.0,0.0,15.0,129.0,45.0,6.0,dblevins@apache.org,1,0.0018450184501845018,5.0,0.0,5.0,0.0,640.9268292682926,5365.551619196719,1,5,2.162823150618887,false
assembly/openejb-tomcat/openejb-tomcat-catalina/src/main/java/org/apache/openejb/tomcat/catalina/TomcatSecurityService.java,162.0,16.0,28.0,9.0,27.0,29.0,0.0,dblevins@apache.org,0,0.0,0.0,0.0,0.0,0.0,0.0,0.0,0,4,0.0,false
assembly/openejb-tomcat/openejb-tomcat-catalina/src/main/java/org/apache/openejb/tomcat/catalina/TomcatThreadContextListener.java,93.0,8.0,0.0,4.0,15.0,16.0,0.0,dblevins@apache.org,0,0.0,0.0,0.0,0.0,0.0,0.0,0.0,0,1,0.0,false
assembly/openejb-tomcat/openejb-tomcat-catalina/src/main/java/org/apache/openejb/tomcat/catalina/TomcatWebAppBuilder.java,672.0,59.0,448.0,32.0,210.0,102.0,17.0,null,3,0.005535055350553505,5.0,2.0,2.0,2.0,7563.016458897922,225470.0473872244,3,12,0.8024819112034072,false
assembly/openejb-tomcat/openejb-tomcat-catalina/src/main/java/org/apache/openejb/tomcat/catalina/TomcatWsRegistry.java,174.0,33.0,7.0,7.0,87.0,27.0,0.0,jgallimore@apache.org,0,0.0,0.0,0.0,0.0,0.0,0.0,0.0,0,2,0.0,false
assembly/openejb-tomcat/openejb-tomcat-common/src/main/java/org/apache/openejb/tomcat/common/EjbFactory.java,46.0,21.0,3.0,3.0,10.0,12.0,6.0,jgallimore@apache.org,1,0.0018450184501845018,25.0,0.0,25.0,0.0,640.9268292682926,5365.551619196719,1,0,2.162823150618887,false
assembly/openejb-tomcat/openejb-tomcat-common/src/main/java/org/apache/openejb/tomcat/common/NamingUtil.java,79.0,6.0,19.0,7.0,16.0,18.0,6.0,jgallimore@apache.org,1,0.0018450184501845018,33.0,0.0,33.0,0.0,640.9268292682926,5365.551619196719,1,0,2.162823150618887,false
assembly/openejb-tomcat/openejb-tomcat-loader/src/main/java/org/apache/openejb/tomcat/loader/TomEEJarScanner.java,18.0,6.0,0.0,1.0,10.0,3.0,8.0,jgallimore@apache.org,1,0.0018450184501845018,17.0,0.0,17.0,17.0,640.9268292682926,5365.551619196719,1,0,2.162823150618887,false
assembly/openejb-tomcat/openejb-tomcat-loader/src/main/java/org/apache/openejb/tomcat/loader/TomcatHelper.java,116.0,10.0,26.0,8.0,32.0,27.0,5.0,jgallimore@apache.org,1,0.0018450184501845018,18.0,0.0,9.0,9.0,640.9268292682926,5365.551619196719,1,3,2.162823150618887,false
container/openejb-core/src/main/java/org/apache/openejb/BeanContext.java,929.0,44.0,6882.0,121.0,201.0,276.0,2.0,rmannibucau@apache.org,1,0.0018450184501845018,1.0,0.0,1.0,0.0,6274.46,214016.67664836542,1,0,0.5447271754416722,false
container/openejb-core/src/main/java/org/apache/openejb/ClassLoaderUtil.java,313.0,27.0,133.0,18.0,85.0,57.0,0.0,null,0,0.0,0.0,0.0,0.0,0.0,0.0,0.0,0,9,0.0,false
container/openejb-core/src/main/java/org/apache/openejb/OpenEjbContainer.java,144.0,22.0,0.0,3.0,2.0,6.0,2.0,rmannibucau@apache.org,1,0.0018450184501845018,13.0,3.0,5.0,0.0,6274.46,214016.67664836542,1,2,0.5447271754416722,false
container/openejb-core/src/main/java/org/apache/openejb/assembler/classic/Assembler.java,1112.0,95.0,1136.0,57.0,372.0,180.0,14.0,rmannibucau@apache.org,4,0.007380073800738007,2.0,1.0,0.0,0.0,7148.453265993266,221810.69917056916,4,39,0.8186477081710952,false
container/openejb-core/src/main/java/org/apache/openejb/assembler/classic/EjbJarInfo.java,19.0,6.0,0.0,0.0,0.0,0.0,29.0,dblevins@apache.org,2,0.0036900369003690036,9.0,3.0,0.0,0.0,6922.08962962963,220104.49576802767,2,1,0.7252147065176322,false
container/openejb-core/src/main/java/org/apache/openejb/assembler/classic/EjbResolver.java,211.0,7.0,51.0,14.0,38.0,43.0,24.0,dblevins@apache.org,1,0.0018450184501845018,12.0,0.0,0.0,0.0,6274.46,214016.67664836542,1,0,0.5447271754416722,false
container/openejb-core/src/main/java/org/apache/openejb/assembler/classic/JndiBuilder.java,89.0,30.0,15.0,6.0,13.0,10.0,1.0,dblevins@apache.org,1,0.0018450184501845018,2.0,0.0,0.0,0.0,6274.46,214016.67664836542,1,10,0.5447271754416722,false
container/openejb-core/src/main/java/org/apache/openejb/assembler/classic/JndiEncBuilder.java,419.0,51.0,92.0,17.0,63.0,54.0,20.0,null,2,0.0036900369003690036,2.0,2.0,1.0,0.0,861.9932659932659,7760.6480449766295,2,16,1.9512929613851395,false
container/openejb-core/src/main/java/org/apache/openejb/cdi/BeansDeployer.java,328.0,49.0,0.0,16.0,111.0,47.0,2.0,rmannibucau@apache.org,3,0.005535055350553505,17.0,0.0,3.0,3.0,7129.750465631929,221055.05719287653,3,1,0.16352176454192113,false
container/openejb-core/src/main/java/org/apache/openejb/cdi/CdiBuilder.java,30.0,8.0,1.0,3.0,12.0,6.0,0.0,null,0,0.0,0.0,0.0,0.0,0.0,0.0,0.0,0,0,0.0,false
container/openejb-core/src/main/java/org/apache/openejb/cdi/CdiEjbBean.java,72.0,11.0,0.0,10.0,25.0,27.0,5.0,rmannibucau@apache.org,1,0.0018450184501845018,1.0,0.0,0.0,1.0,6274.46,214016.67664836542,1,0,0.5447271754416722,false
container/openejb-core/src/main/java/org/apache/openejb/cdi/CdiInterceptor.java,85.0,20.0,11.0,6.0,22.0,18.0,5.0,dblevins@apache.org,1,0.0018450184501845018,8.0,0.0,0.0,8.0,6274.46,214016.67664836542,1,0,0.5447271754416722,false
container/openejb-core/src/main/java/org/apache/openejb/cdi/CdiPlugin.java,176.0,42.0,480.0,32.0,65.0,73.0,2.0,rmannibucau@apache.org,2,0.0036900369003690036,3.0,0.0,2.0,0.0,6915.386829268293,219382.22826756214,2,1,0.6606279824703344,false
container/openejb-core/src/main/java/org/apache/openejb/cdi/CdiResourceInjectionService.java,114.0,36.0,27.0,10.0,45.0,28.0,7.0,null,3,0.005535055350553505,12.0,4.0,4.0,0.0,7136.453265993266,221777.32469334206,3,2,0.6721931416410696,false
container/openejb-core/src/main/java/org/apache/openejb/cdi/CdiScanner.java,91.0,17.0,30.0,9.0,23.0,22.0,2.0,rmannibucau@apache.org,2,0.0036900369003690036,5.0,0.0,0.0,1.0,6488.823636363636,215689.5055736798,2,1,0.2891994474454146,false
container/openejb-core/src/main/java/org/apache/openejb/cdi/OWBContextThreadListener.java,33.0,7.0,0.0,2.0,9.0,7.0,0.0,djencks@apache.org,0,0.0,0.0,0.0,0.0,0.0,0.0,0.0,0,0,0.0,false
container/openejb-core/src/main/java/org/apache/openejb/cdi/OWBInjector.java,194.0,26.0,35.0,10.0,48.0,36.0,2.0,rmannibucau@apache.org,2,0.0036900369003690036,33.0,0.0,33.0,0.0,6915.386829268293,219382.22826756214,2,0,0.6606279824703344,false
container/openejb-core/src/main/java/org/apache/openejb/cdi/OpenEJBLifecycle.java,194.0,28.0,127.0,19.0,90.0,42.0,3.0,rmannibucau@apache.org,1,0.0018450184501845018,3.0,0.0,1.0,1.0,6274.46,214016.67664836542,1,1,0.5447271754416722,false
container/openejb-core/src/main/java/org/apache/openejb/cdi/ThreadSingletonService.java,8.0,4.0,3.0,3.0,0.0,3.0,0.0,rmannibucau@apache.org,0,0.0,0.0,0.0,0.0,0.0,0.0,0.0,0,0,0.0,false
container/openejb-core/src/main/java/org/apache/openejb/cdi/ThreadSingletonServiceImpl.java,59.0,6.0,30.0,9.0,21.0,21.0,0.0,rmannibucau@apache.org,0,0.0,0.0,0.0,0.0,0.0,0.0,0.0,0,0,0.0,false
container/openejb-core/src/main/java/org/apache/openejb/config/AnnotationDeployer.java,2562.0,166.0,87.0,15.0,35.0,30.0,5.0,rmannibucau@apache.org,2,0.0036900369003690036,3.0,1.0,1.0,0.0,6488.823636363636,215689.5055736798,2,33,0.28772987916593507,false
container/openejb-core/src/main/java/org/apache/openejb/config/AppInfoBuilder.java,464.0,61.0,145.0,18.0,195.0,62.0,19.0,rmannibucau@apache.org,3,0.005535055350553505,4.0,2.0,1.0,0.0,7136.453265993266,221777.32469334206,3,5,0.7156549799984961,false
container/openejb-core/src/main/java/org/apache/openejb/config/AppModule.java,186.0,13.0,207.0,27.0,27.0,60.0,18.0,null,1,0.0018450184501845018,6.0,2.0,0.0,0.0,6274.46,214016.67664836542,1,3,0.5447271754416722,false
container/openejb-core/src/main/java/org/apache/openejb/config/AppValidator.java,197.0,16.0,102.0,16.0,72.0,48.0,35.0,null,1,0.0018450184501845018,3.0,0.0,0.0,0.0,6274.46,214016.67664836542,1,2,0.5447271754416722,false
container/openejb-core/src/main/java/org/apache/openejb/config/AutoConfig.java,1200.0,59.0,748.0,44.0,359.0,170.0,29.0,rmannibucau@apache.org,2,0.0036900369003690036,2.0,1.0,0.0,0.0,6922.08962962963,220104.49576802767,2,18,0.7252147065176322,false
container/openejb-core/src/main/java/org/apache/openejb/config/Cipher.java,76.0,16.0,15.0,6.0,34.0,17.0,0.0,tveronezi@apache.org,0,0.0,0.0,0.0,0.0,0.0,0.0,0.0,0,0,0.0,false
container/openejb-core/src/main/java/org/apache/openejb/config/ClientModule.java,90.0,11.0,175.0,23.0,9.0,39.0,21.0,dblevins@apache.org,2,0.0036900369003690036,21.0,8.0,0.0,0.0,6922.08962962963,220104.49576802767,2,1,0.5345257715259479,false
container/openejb-core/src/main/java/org/apache/openejb/config/ConfigurationFactory.java,873.0,48.0,810.0,45.0,266.0,162.0,4.0,null,1,0.0018450184501845018,1.0,0.0,0.0,0.0,6274.46,214016.67664836542,1,31,0.5447271754416722,false
container/openejb-core/src/main/java/org/apache/openejb/config/ConnectorModule.java,61.0,10.0,55.0,15.0,8.0,26.0,24.0,null,2,0.0036900369003690036,19.0,10.0,0.0,0.0,6922.08962962963,220104.49576802767,2,1,0.5951433053509436,false
container/openejb-core/src/main/java/org/apache/openejb/config/DeploymentFilterable.java,14.0,0.0,0.0,0.0,0.0,0.0,15.0,tveronezi@apache.org,1,0.0018450184501845018,20.0,20.0,0.0,0.0,6274.46,214016.67664836542,1,0,0.5447271754416722,false
container/openejb-core/src/main/java/org/apache/openejb/config/DeploymentLoader.java,1014.0,58.0,414.0,33.0,433.0,163.0,5.0,rmannibucau@apache.org,4,0.007380073800738007,3.0,1.0,0.0,0.0,7777.380095261558,227142.87631253878,4,27,0.13322567150561593,true
container/openejb-core/src/main/java/org/apache/openejb/config/DeploymentModule.java,76.0,7.0,28.0,8.0,0.0,8.0,16.0,null,1,0.0018450184501845018,12.0,0.0,0.0,0.0,6274.46,214016.67664836542,1,1,0.5447271754416722,false
container/openejb-core/src/main/java/org/apache/openejb/config/DeploymentsResolver.java,315.0,20.0,8.0,5.0,72.0,29.0,7.0,dblevins@apache.org,1,0.0018450184501845018,5.0,1.0,1.0,0.0,6274.46,214016.67664836542,1,8,0.5447271754416722,false
container/openejb-core/src/main/java/org/apache/openejb/config/EjbJarInfoBuilder.java,581.0,84.0,251.0,23.0,334.0,84.0,24.0,null,1,0.0018450184501845018,2.0,0.0,0.0,0.0,6274.46,214016.67664836542,1,11,0.5447271754416722,false
container/openejb-core/src/main/java/org/apache/openejb/config/EjbModule.java,119.0,13.0,224.0,29.0,22.0,48.0,21.0,dblevins@apache.org,2,0.0036900369003690036,12.0,5.0,0.0,0.0,6922.08962962963,220104.49576802767,2,3,0.5345257715259479,false
container/openejb-core/src/main/java/org/apache/openejb/config/FinderFactory.java,37.0,10.0,3.0,3.0,12.0,11.0,11.0,rmannibucau@apache.org,1,0.0018450184501845018,7.0,1.0,1.0,0.0,6274.46,214016.67664836542,1,1,0.5447271754416722,false
container/openejb-core/src/main/java/org/apache/openejb/config/InitEjbDeployments.java,126.0,15.0,34.0,9.0,61.0,32.0,1.0,dblevins@apache.org,1,0.0018450184501845018,4.0,0.0,0.0,0.0,214.36363636363637,1672.828925314378,1,3,1.7719568419318752,false
container/openejb-core/src/main/java/org/apache/openejb/config/NewLoaderLogic.java,175.0,28.0,6.0,4.0,71.0,23.0,7.0,rmannibucau@apache.org,1,0.0018450184501845018,6.0,4.0,0.0,0.0,6274.46,214016.67664836542,1,0,0.5447271754416722,false
container/openejb-core/src/main/java/org/apache/openejb/config/PersistenceModule.java,50.0,6.0,71.0,14.0,2.0,25.0,18.0,null,1,0.0018450184501845018,19.0,6.0,0.0,0.0,6274.46,214016.67664836542,1,0,0.5447271754416722,false
container/openejb-core/src/main/java/org/apache/openejb/config/ReadDescriptors.java,566.0,44.0,325.0,26.0,153.0,115.0,21.0,rmannibucau@apache.org,2,0.0036900369003690036,2.0,2.0,1.0,0.0,659.6296296296296,6121.193596889351,2,6,2.904571495157014,false
container/openejb-core/src/main/java/org/apache/openejb/config/RemoteServer.java,190.0,6.0,43.0,11.0,33.0,29.0,1.0,rmannibucau@apache.org,3,0.005535055350553505,4.0,2.0,3.0,0.0,7563.016458897922,225470.0473872244,3,3,0.5222816729241375,false
container/openejb-core/src/main/java/org/apache/openejb/config/ReportValidationResults.java,66.0,7.0,0.0,2.0,40.0,10.0,18.0,dblevins@apache.org,1,0.0018450184501845018,16.0,11.0,0.0,0.0,6274.46,214016.67664836542,1,3,0.5447271754416722,false
container/openejb-core/src/main/java/org/apache/openejb/config/SunConversion.java,910.0,73.0,210.0,21.0,299.0,85.0,7.0,dain@apache.org,1,0.0018450184501845018,4.0,4.0,0.0,0.0,6274.46,214016.67664836542,1,7,0.5447271754416722,false
container/openejb-core/src/main/java/org/apache/openejb/config/ValidationContext.java,75.0,3.0,102.0,17.0,25.0,26.0,25.0,tveronezi@apache.org,1,0.0018450184501845018,25.0,12.0,0.0,0.0,6274.46,214016.67664836542,1,0,0.5447271754416722,false
container/openejb-core/src/main/java/org/apache/openejb/config/ValidationFailedException.java,45.0,1.0,23.0,10.0,5.0,18.0,35.0,tveronezi@apache.org,1,0.0018450184501845018,17.0,0.0,0.0,0.0,6274.46,214016.67664836542,1,1,0.5447271754416722,false
container/openejb-core/src/main/java/org/apache/openejb/config/ValidationResults.java,13.0,0.0,28.0,8.0,0.0,8.0,35.0,dblevins@apache.org,1,0.0018450184501845018,20.0,0.0,0.0,0.0,6274.46,214016.67664836542,1,1,0.5447271754416722,false
container/openejb-core/src/main/java/org/apache/openejb/config/VmDeploymentManager.java,529.0,52.0,374.0,32.0,79.0,108.0,5.0,null,1,0.0018450184501845018,4.0,4.0,0.0,0.0,6274.46,214016.67664836542,1,2,0.5447271754416722,false
container/openejb-core/src/main/java/org/apache/openejb/config/WebModule.java,111.0,14.0,230.0,25.0,15.0,45.0,16.0,null,2,0.0036900369003690036,15.0,6.0,2.0,0.0,6922.08962962963,220104.49576802767,2,5,0.48475444259788014,false
container/openejb-core/src/main/java/org/apache/openejb/config/WsDeployer.java,329.0,34.0,26.0,8.0,160.0,46.0,0.0,null,0,0.0,0.0,0.0,0.0,0.0,0.0,0.0,0,2,0.0,false
container/openejb-core/src/main/java/org/apache/openejb/config/rules/CheckAsynchronous.java,111.0,14.0,6.0,4.0,42.0,21.0,0.0,tveronezi@apache.org,0,0.0,0.0,0.0,0.0,0.0,0.0,0.0,0,0,0.0,false
container/openejb-core/src/main/java/org/apache/openejb/config/rules/CheckCallbacks.java,369.0,34.0,55.0,11.0,116.0,50.0,3.0,dblevins@apache.org,2,0.0036900369003690036,9.0,0.0,9.0,3.0,6488.823636363636,215689.5055736798,2,7,0.31728956264359365,false
container/openejb-core/src/main/java/org/apache/openejb/config/rules/CheckClasses.java,227.0,22.0,55.0,11.0,82.0,42.0,15.0,dblevins@apache.org,1,0.0018450184501845018,3.0,3.0,0.0,0.0,6274.46,214016.67664836542,1,5,0.5447271754416722,false
container/openejb-core/src/main/java/org/apache/openejb/config/rules/CheckDependsOn.java,90.0,15.0,3.0,3.0,21.0,11.0,24.0,tveronezi@apache.org,1,0.0018450184501845018,20.0,0.0,0.0,0.0,6274.46,214016.67664836542,1,1,0.5447271754416722,false
container/openejb-core/src/main/java/org/apache/openejb/core/TempClassLoader.java,97.0,12.0,9.0,6.0,25.0,18.0,6.0,rmannibucau@apache.org,1,0.0018450184501845018,2.0,0.0,2.0,0.0,640.9268292682926,5365.551619196719,1,5,2.162823150618887,false
container/openejb-core/src/main/java/org/apache/openejb/core/cmp/CmpContainer.java,648.0,50.0,504.0,36.0,224.0,141.0,2.0,dain@apache.org,1,0.0018450184501845018,1.0,0.0,1.0,0.0,6274.46,214016.67664836542,1,14,0.5447271754416722,false
container/openejb-core/src/main/java/org/apache/openejb/core/entity/EntityInstanceManager.java,302.0,22.0,27.0,11.0,75.0,41.0,2.0,null,1,0.0018450184501845018,3.0,0.0,3.0,0.0,6274.46,214016.67664836542,1,8,0.5447271754416722,false
container/openejb-core/src/main/java/org/apache/openejb/core/mdb/EndpointFactory.java,70.0,13.0,3.0,6.0,11.0,23.0,1.0,null,1,0.0018450184501845018,4.0,4.0,4.0,0.0,214.36363636363637,1672.828925314378,1,3,1.7719568419318752,false
container/openejb-core/src/main/java/org/apache/openejb/core/mdb/MdbInstanceFactory.java,140.0,21.0,3.0,7.0,24.0,31.0,4.0,dblevins@apache.org,1,0.0018450184501845018,2.0,0.0,0.0,0.0,214.36363636363637,1672.828925314378,1,5,1.7719568419318752,false
container/openejb-core/src/main/java/org/apache/openejb/core/security/AbstractSecurityService.java,277.0,34.0,244.0,24.0,70.0,61.0,1.0,rmannibucau@apache.org,1,0.0018450184501845018,2.0,2.0,2.0,0.0,12.0,33.3744772270998,1,2,4.199705077879927,false
container/openejb-core/src/main/java/org/apache/openejb/core/singleton/SingletonInstanceManager.java,261.0,45.0,41.0,11.0,75.0,43.0,4.0,dblevins@apache.org,1,0.0018450184501845018,3.0,0.0,0.0,0.0,214.36363636363637,1672.828925314378,1,2,1.7719568419318752,false
container/openejb-core/src/main/java/org/apache/openejb/core/stateless/StatelessInstanceManager.java,286.0,46.0,37.0,11.0,86.0,42.0,2.0,dblevins@apache.org,2,0.0036900369003690036,2.0,0.0,0.0,0.0,6488.823636363636,215689.5055736798,2,18,0.46519482812682844,false
container/openejb-core/src/main/java/org/apache/openejb/core/timer/EjbTimerServiceImpl.java,284.0,28.0,0.0,23.0,97.0,79.0,2.0,rmannibucau@apache.org,2,0.0036900369003690036,5.0,0.0,1.0,0.0,6488.823636363636,215689.5055736798,2,2,0.46519482812682844,false
container/openejb-core/src/main/java/org/apache/openejb/core/webservices/JaxWsUtils.java,251.0,9.0,231.0,22.0,81.0,80.0,0.0,tveronezi@apache.org,0,0.0,0.0,0.0,0.0,0.0,0.0,0.0,0,1,0.0,false
container/openejb-core/src/main/java/org/apache/openejb/persistence/PersistenceUnitInfoImpl.java,240.0,18.0,639.0,38.0,14.0,71.0,2.0,rmannibucau@apache.org,1,0.0018450184501845018,3.0,3.0,3.0,0.0,12.0,33.3744772270998,1,5,4.199705077879927,false
container/openejb-core/src/main/java/org/apache/openejb/resource/activemq/ActiveMQFactory.java,114.0,7.0,0.0,5.0,11.0,19.0,1.0,andygumbrecht@apache.org,1,0.0018450184501845018,8.0,0.0,8.0,0.0,66.0,27.97703863440884,1,1,3.3524072174927233,false
container/openejb-core/src/main/java/org/apache/openejb/resource/jdbc/BasicDataSourceUtil.java,84.0,5.0,6.0,4.0,20.0,16.0,0.0,null,0,0.0,0.0,0.0,0.0,0.0,0.0,0.0,0,1,0.0,false
container/openejb-core/src/main/java/org/apache/openejb/util/LinkResolver.java,70.0,8.0,12.0,8.0,23.0,21.0,24.0,rmannibucau@apache.org,1,0.0018450184501845018,15.0,0.0,0.0,0.0,6274.46,214016.67664836542,1,0,0.5447271754416722,false
container/openejb-core/src/main/java/org/apache/openejb/util/Log4jLogStreamFactory.java,159.0,21.0,34.0,9.0,65.0,33.0,1.0,rmannibucau@apache.org,1,0.0018450184501845018,4.0,0.0,0.0,0.0,6274.46,214016.67664836542,1,2,0.5447271754416722,false
container/openejb-core/src/main/java/org/apache/openejb/util/PerformanceTimer.java,41.0,3.0,0.0,3.0,1.0,4.0,15.0,tveronezi@apache.org,1,0.0018450184501845018,20.0,20.0,0.0,0.0,6274.46,214016.67664836542,1,0,0.5447271754416722,false
container/openejb-core/src/main/java/org/apache/openejb/util/UrlCache.java,298.0,20.0,64.0,13.0,78.0,59.0,0.0,null,0,0.0,0.0,0.0,0.0,0.0,0.0,0.0,0,3,0.0,false
container/openejb-core/src/test/java/org/apache/openejb/assembler/classic/OpenEjbConfigurationValidationTest.java,80.0,15.0,1.0,3.0,27.0,12.0,35.0,dblevins@apache.org,1,0.0018450184501845018,8.0,0.0,0.0,0.0,6274.46,214016.67664836542,1,0,0.5447271754416722,false
container/openejb-core/src/test/java/org/apache/openejb/cdi/BasicInjectionTest.java,32.0,16.0,0.0,1.0,1.0,3.0,10.0,andygumbrecht@apache.org,1,0.0018450184501845018,25.0,0.0,0.0,0.0,6274.46,214016.67664836542,1,0,0.5447271754416722,false
container/openejb-core/src/test/java/org/apache/openejb/cdi/tck/ServiceProviders.java,110.0,27.0,0.0,0.0,0.0,0.0,0.0,dblevins@apache.org,0,0.0,0.0,0.0,0.0,0.0,0.0,0.0,0,0,0.0,false
container/openejb-core/src/test/java/org/apache/openejb/config/AnnotationDeployerTest.java,101.0,23.0,21.0,7.0,41.0,14.0,20.0,null,1,0.0018450184501845018,10.0,0.0,0.0,0.0,6274.46,214016.67664836542,1,4,0.5447271754416722,false
container/openejb-core/src/test/java/org/apache/openejb/config/AutoConfigPersistenceUnitsTest.java,709.0,22.0,0.0,40.0,287.0,96.0,35.0,dblevins@apache.org,1,0.0018450184501845018,4.0,0.0,0.0,0.0,6274.46,214016.67664836542,1,3,0.5447271754416722,false
container/openejb-core/src/test/java/org/apache/openejb/config/ConfigurationFactoryTest.java,68.0,15.0,21.0,7.0,37.0,14.0,35.0,null,1,0.0018450184501845018,11.0,0.0,0.0,0.0,6274.46,214016.67664836542,1,1,0.5447271754416722,false
container/openejb-core/src/test/java/org/apache/openejb/config/OpenEjb2ConversionTest.java,93.0,19.0,120.0,16.0,50.0,38.0,35.0,dblevins@apache.org,1,0.0018450184501845018,8.0,0.0,0.0,0.0,6274.46,214016.67664836542,1,3,0.5447271754416722,false
container/openejb-core/src/test/java/org/apache/openejb/config/SunCmpConversionTest.java,87.0,24.0,66.0,12.0,45.0,33.0,35.0,null,1,0.0018450184501845018,8.0,0.0,0.0,0.0,6274.46,214016.67664836542,1,3,0.5447271754416722,false
container/openejb-core/src/test/java/org/apache/openejb/config/rules/CheckInvalidCallbacksTest.java,156.0,23.0,3.0,3.0,13.0,9.0,25.0,kmalhi@apache.org,1,0.0018450184501845018,6.0,0.0,0.0,6.0,6274.46,214016.67664836542,1,5,0.5447271754416722,false
container/openejb-core/src/test/java/org/apache/openejb/core/ivm/naming/GlobalLookupScopesTest.java,49.0,18.0,3.0,3.0,14.0,7.0,1.0,andygumbrecht@apache.org,1,0.0018450184501845018,33.0,0.0,0.0,0.0,6274.46,214016.67664836542,1,0,0.5447271754416722,false
container/openejb-core/src/test/java/org/apache/openejb/core/ivm/naming/JavaLookupScopesTest.java,92.0,21.0,0.0,1.0,16.0,2.0,1.0,dblevins@apache.org,1,0.0018450184501845018,60.0,40.0,0.0,20.0,6274.46,214016.67664836542,1,0,0.5447271754416722,false
container/openejb-core/src/test/java/org/apache/openejb/core/mdb/AmqXmlTest.java,10.0,0.0,3.0,3.0,0.0,6.0,5.0,jlmonteiro@apache.org,1,0.0018450184501845018,25.0,0.0,0.0,0.0,6274.46,214016.67664836542,1,2,0.5447271754416722,false
container/openejb-core/src/test/java/org/apache/openejb/core/stateful/StatefulConcurrentLookupTest.java,150.0,25.0,4.0,4.0,33.0,12.0,0.0,andygumbrecht@apache.org,0,0.0,0.0,0.0,0.0,0.0,0.0,0.0,0,0,0.0,false
container/openejb-core/src/test/java/org/apache/openejb/core/stateless/StatelessMetaAnnotationTest.java,81.0,25.0,10.0,5.0,13.0,12.0,10.0,andygumbrecht@apache.org,1,0.0018450184501845018,25.0,0.0,0.0,0.0,6274.46,214016.67664836542,1,0,0.5447271754416722,false
container/openejb-core/src/test/java/org/apache/openejb/core/stateless/StatelessPoolStatsTest.java,435.0,42.0,141.0,18.0,100.0,42.0,5.0,dblevins@apache.org,1,0.0018450184501845018,5.0,0.0,0.0,0.0,6274.46,214016.67664836542,1,3,0.5447271754416722,true
container/openejb-core/src/test/java/org/apache/openejb/interceptors/ClassLevelInterceptorOne.java,8.0,2.0,0.0,1.0,3.0,3.0,25.0,andygumbrecht@apache.org,1,0.0018450184501845018,50.0,0.0,0.0,0.0,6274.46,214016.67664836542,1,0,0.5447271754416722,false
container/openejb-core/src/test/java/org/apache/openejb/interceptors/ClassLevelInterceptorSuperClassOne.java,8.0,2.0,0.0,1.0,3.0,3.0,25.0,andygumbrecht@apache.org,1,0.0018450184501845018,50.0,0.0,0.0,0.0,6274.46,214016.67664836542,1,0,0.5447271754416722,false
container/openejb-core/src/test/java/org/apache/openejb/interceptors/ClassLevelInterceptorSuperClassTwo.java,8.0,2.0,0.0,1.0,3.0,3.0,25.0,andygumbrecht@apache.org,1,0.0018450184501845018,50.0,0.0,0.0,0.0,6274.46,214016.67664836542,1,0,0.5447271754416722,false
container/openejb-core/src/test/java/org/apache/openejb/interceptors/ClassLevelInterceptorTwo.java,8.0,2.0,0.0,1.0,3.0,3.0,25.0,andygumbrecht@apache.org,1,0.0018450184501845018,50.0,0.0,0.0,0.0,6274.46,214016.67664836542,1,0,0.5447271754416722,false
container/openejb-core/src/test/java/org/apache/openejb/interceptors/DefaultInterceptorOne.java,11.0,3.0,1.0,2.0,6.0,5.0,25.0,andygumbrecht@apache.org,1,0.0018450184501845018,50.0,0.0,0.0,0.0,6274.46,214016.67664836542,1,0,0.5447271754416722,false
container/openejb-core/src/test/java/org/apache/openejb/interceptors/DefaultInterceptorTwo.java,8.0,2.0,0.0,1.0,3.0,3.0,25.0,andygumbrecht@apache.org,1,0.0018450184501845018,50.0,0.0,0.0,0.0,6274.46,214016.67664836542,1,0,0.5447271754416722,false
container/openejb-core/src/test/java/org/apache/openejb/interceptors/FullyIntercepted.java,7.0,1.0,1.0,2.0,0.0,2.0,25.0,dblevins@apache.org,1,0.0018450184501845018,100.0,0.0,0.0,0.0,6274.46,214016.67664836542,1,0,0.5447271754416722,false
container/openejb-core/src/test/java/org/apache/openejb/interceptors/FullyInterceptedBean.java,18.0,7.0,3.0,3.0,3.0,7.0,25.0,andygumbrecht@apache.org,1,0.0018450184501845018,50.0,0.0,0.0,0.0,6274.46,214016.67664836542,1,0,0.5447271754416722,false
container/openejb-core/src/test/java/org/apache/openejb/interceptors/FullyInterceptedSuperClass.java,5.0,1.0,0.0,0.0,0.0,0.0,25.0,dblevins@apache.org,1,0.0018450184501845018,100.0,0.0,0.0,0.0,6274.46,214016.67664836542,1,0,0.5447271754416722,false
container/openejb-core/src/test/java/org/apache/openejb/interceptors/FullyInterceptedTest.java,21.0,15.0,3.0,3.0,5.0,6.0,107.0,dblevins@apache.org,1,0.0018450184501845018,40.0,0.0,0.0,0.0,6274.46,214016.67664836542,1,0,0.5447271754416722,false
container/openejb-core/src/test/java/org/apache/openejb/interceptors/MethodLevelInterceptorOne.java,8.0,2.0,0.0,1.0,3.0,3.0,25.0,andygumbrecht@apache.org,1,0.0018450184501845018,50.0,0.0,0.0,0.0,6274.46,214016.67664836542,1,0,0.5447271754416722,false
container/openejb-core/src/test/java/org/apache/openejb/interceptors/MethodLevelInterceptorOnlyIntf.java,3.0,2.0,0.0,1.0,0.0,1.0,25.0,dblevins@apache.org,1,0.0018450184501845018,100.0,0.0,0.0,0.0,6274.46,214016.67664836542,1,0,0.5447271754416722,false
container/openejb-core/src/test/java/org/apache/openejb/interceptors/MethodLevelInterceptorOnlyParent.java,3.0,1.0,0.0,1.0,0.0,1.0,25.0,dblevins@apache.org,1,0.0018450184501845018,100.0,0.0,0.0,0.0,6274.46,214016.67664836542,1,0,0.5447271754416722,false
container/openejb-core/src/test/java/org/apache/openejb/interceptors/MethodLevelInterceptorOnlySLSBean.java,7.0,5.0,0.0,1.0,1.0,2.0,25.0,andygumbrecht@apache.org,1,0.0018450184501845018,50.0,0.0,0.0,0.0,6274.46,214016.67664836542,1,0,0.5447271754416722,false
container/openejb-core/src/test/java/org/apache/openejb/interceptors/MethodLevelInterceptorOnlyTest.java,17.0,13.0,1.0,2.0,4.0,5.0,25.0,andygumbrecht@apache.org,1,0.0018450184501845018,33.0,0.0,0.0,0.0,6274.46,214016.67664836542,1,0,0.5447271754416722,false
container/openejb-core/src/test/java/org/apache/openejb/interceptors/MethodLevelInterceptorTwo.java,8.0,2.0,0.0,1.0,3.0,3.0,25.0,andygumbrecht@apache.org,1,0.0018450184501845018,50.0,0.0,0.0,0.0,6274.46,214016.67664836542,1,0,0.5447271754416722,false
container/openejb-core/src/test/java/org/apache/openejb/interceptors/SecondStatelessInterceptedBean.java,13.0,6.0,1.0,2.0,4.0,5.0,25.0,andygumbrecht@apache.org,1,0.0018450184501845018,50.0,0.0,0.0,0.0,6274.46,214016.67664836542,1,0,0.5447271754416722,false
container/openejb-core/src/test/java/org/apache/openejb/interceptors/SecondStatelessInterceptedLocal.java,6.0,1.0,0.0,1.0,0.0,1.0,25.0,dblevins@apache.org,1,0.0018450184501845018,100.0,0.0,0.0,0.0,6274.46,214016.67664836542,1,0,0.5447271754416722,false
container/openejb-core/src/test/java/org/apache/openejb/interceptors/SecondStatelessInterceptedTest.java,17.0,13.0,1.0,2.0,4.0,4.0,159.0,andygumbrecht@apache.org,1,0.0018450184501845018,33.0,0.0,0.0,0.0,6274.46,214016.67664836542,1,0,0.5447271754416722,false
container/openejb-core/src/test/java/org/apache/openejb/interceptors/SuperClassOfClassLevelInterceptor.java,11.0,3.0,1.0,2.0,6.0,5.0,25.0,andygumbrecht@apache.org,1,0.0018450184501845018,50.0,0.0,0.0,0.0,6274.46,214016.67664836542,1,0,0.5447271754416722,false
container/openejb-core/src/test/java/org/apache/openejb/interceptors/ThirdSLSBean.java,18.0,4.0,3.0,3.0,5.0,7.0,159.0,andygumbrecht@apache.org,1,0.0018450184501845018,33.0,0.0,0.0,0.0,6274.46,214016.67664836542,1,0,0.5447271754416722,false
container/openejb-core/src/test/java/org/apache/openejb/interceptors/ThirdSLSBeanLocal.java,7.0,1.0,1.0,2.0,0.0,2.0,25.0,dblevins@apache.org,1,0.0018450184501845018,100.0,0.0,0.0,0.0,6274.46,214016.67664836542,1,0,0.5447271754416722,false
container/openejb-core/src/test/java/org/apache/openejb/interceptors/ThirdSLSBeanTest.java,18.0,13.0,3.0,3.0,3.0,6.0,159.0,andygumbrecht@apache.org,1,0.0018450184501845018,33.0,0.0,0.0,0.0,6274.46,214016.67664836542,1,0,0.5447271754416722,false
container/openejb-core/src/test/java/org/apache/openejb/interceptors/Utils.java,14.0,3.0,0.0,1.0,3.0,4.0,25.0,andygumbrecht@apache.org,1,0.0018450184501845018,50.0,0.0,0.0,0.0,6274.46,214016.67664836542,1,0,0.5447271754416722,false
container/openejb-core/src/test/java/org/apache/openejb/meta/AccessTimeoutMetaTest.java,23.0,6.0,0.0,1.0,0.0,1.0,25.0,dblevins@apache.org,1,0.0018450184501845018,100.0,0.0,0.0,100.0,6274.46,214016.67664836542,1,0,0.5447271754416722,false
container/openejb-core/src/test/java/org/apache/openejb/meta/AfterBeginMetaTest.java,23.0,6.0,0.0,1.0,0.0,1.0,25.0,andygumbrecht@apache.org,1,0.0018450184501845018,50.0,0.0,0.0,50.0,6274.46,214016.67664836542,1,0,0.5447271754416722,false
container/openejb-core/src/test/java/org/apache/openejb/meta/AfterCompletionMetaTest.java,23.0,6.0,0.0,1.0,0.0,1.0,25.0,andygumbrecht@apache.org,1,0.0018450184501845018,50.0,0.0,0.0,50.0,6274.46,214016.67664836542,1,0,0.5447271754416722,false
container/openejb-core/src/test/java/org/apache/openejb/meta/AsynchronousMetaTest.java,23.0,6.0,0.0,1.0,0.0,1.0,25.0,dblevins@apache.org,1,0.0018450184501845018,100.0,0.0,0.0,100.0,6274.46,214016.67664836542,1,0,0.5447271754416722,false
container/openejb-core/src/test/java/org/apache/openejb/meta/BeforeCompletionMetaTest.java,23.0,6.0,0.0,1.0,0.0,1.0,25.0,andygumbrecht@apache.org,1,0.0018450184501845018,50.0,0.0,0.0,50.0,6274.46,214016.67664836542,1,0,0.5447271754416722,false
container/openejb-core/src/test/java/org/apache/openejb/meta/ConcurrencyManagementMetaTest.java,19.0,7.0,0.0,1.0,0.0,1.0,25.0,dblevins@apache.org,1,0.0018450184501845018,100.0,0.0,0.0,100.0,6274.46,214016.67664836542,1,0,0.5447271754416722,false
container/openejb-core/src/test/java/org/apache/openejb/meta/EjbMetaTest.java,25.0,6.0,0.0,1.0,0.0,1.0,25.0,andygumbrecht@apache.org,1,0.0018450184501845018,50.0,0.0,0.0,50.0,6274.46,214016.67664836542,1,0,0.5447271754416722,false
container/openejb-core/src/test/java/org/apache/openejb/meta/InitMetaTest.java,23.0,6.0,0.0,1.0,0.0,1.0,25.0,andygumbrecht@apache.org,1,0.0018450184501845018,50.0,0.0,0.0,50.0,6274.46,214016.67664836542,1,0,0.5447271754416722,false
container/openejb-core/src/test/java/org/apache/openejb/meta/InterceptorsMetaTest.java,40.0,10.0,0.0,1.0,0.0,1.0,25.0,andygumbrecht@apache.org,1,0.0018450184501845018,33.0,0.0,0.0,33.0,6274.46,214016.67664836542,1,0,0.5447271754416722,false
container/openejb-core/src/test/java/org/apache/openejb/meta/LockMetaTest.java,23.0,7.0,0.0,1.0,0.0,1.0,25.0,dblevins@apache.org,1,0.0018450184501845018,100.0,0.0,0.0,100.0,6274.46,214016.67664836542,1,0,0.5447271754416722,false
container/openejb-core/src/test/java/org/apache/openejb/meta/MetaRunner.java,47.0,9.0,10.0,5.0,12.0,15.0,25.0,andygumbrecht@apache.org,1,0.0018450184501845018,33.0,0.0,0.0,33.0,6274.46,214016.67664836542,1,0,0.5447271754416722,false
container/openejb-core/src/test/java/org/apache/openejb/meta/MetaTest.java,0.0,0.0,0.0,0.0,0.0,0.0,25.0,andygumbrecht@apache.org,1,0.0018450184501845018,17.0,0.0,0.0,17.0,6274.46,214016.67664836542,1,0,0.5447271754416722,false
container/openejb-core/src/test/java/org/apache/openejb/meta/Metatype.java,0.0,0.0,0.0,0.0,0.0,0.0,12.0,dblevins@apache.org,1,0.0018450184501845018,100.0,0.0,0.0,100.0,6274.46,214016.67664836542,1,0,0.5447271754416722,false
container/openejb-core/src/test/java/org/apache/openejb/meta/PostActivateMetaTest.java,23.0,6.0,0.0,1.0,0.0,1.0,25.0,andygumbrecht@apache.org,1,0.0018450184501845018,33.0,0.0,0.0,33.0,6274.46,214016.67664836542,1,0,0.5447271754416722,false
container/openejb-core/src/test/java/org/apache/openejb/meta/PostConstructMetaTest.java,23.0,6.0,0.0,1.0,0.0,1.0,25.0,andygumbrecht@apache.org,1,0.0018450184501845018,33.0,0.0,0.0,33.0,6274.46,214016.67664836542,1,0,0.5447271754416722,false
container/openejb-core/src/test/java/org/apache/openejb/meta/PreDestroyMetaTest.java,23.0,6.0,0.0,1.0,0.0,1.0,1.0,andygumbrecht@apache.org,1,0.0018450184501845018,50.0,0.0,0.0,0.0,6274.46,214016.67664836542,1,0,0.5447271754416722,false
container/openejb-core/src/test/java/org/apache/openejb/meta/PrePassivateMetaTest.java,23.0,6.0,0.0,1.0,0.0,1.0,25.0,andygumbrecht@apache.org,1,0.0018450184501845018,50.0,0.0,0.0,50.0,6274.46,214016.67664836542,1,0,0.5447271754416722,false
container/openejb-core/src/test/java/org/apache/openejb/meta/RemoveMetaTest.java,23.0,6.0,0.0,1.0,0.0,1.0,1.0,andygumbrecht@apache.org,1,0.0018450184501845018,50.0,0.0,0.0,0.0,6274.46,214016.67664836542,1,0,0.5447271754416722,false
container/openejb-core/src/test/java/org/apache/openejb/meta/ResourceMetaTest.java,31.0,8.0,0.0,1.0,0.0,1.0,25.0,andygumbrecht@apache.org,1,0.0018450184501845018,50.0,0.0,0.0,50.0,6274.46,214016.67664836542,1,0,0.5447271754416722,false
container/openejb-core/src/test/java/org/apache/openejb/meta/ScheduleMetaTest.java,23.0,6.0,0.0,1.0,0.0,1.0,25.0,andygumbrecht@apache.org,1,0.0018450184501845018,50.0,0.0,0.0,50.0,6274.46,214016.67664836542,1,0,0.5447271754416722,false
container/openejb-core/src/test/java/org/apache/openejb/meta/SchedulesMetaTest.java,23.0,7.0,0.0,1.0,0.0,1.0,25.0,andygumbrecht@apache.org,1,0.0018450184501845018,50.0,0.0,0.0,50.0,6274.46,214016.67664836542,1,0,0.5447271754416722,false
container/openejb-core/src/test/java/org/apache/openejb/meta/StartupMetaTest.java,19.0,7.0,0.0,1.0,0.0,1.0,25.0,dblevins@apache.org,1,0.0018450184501845018,50.0,0.0,0.0,50.0,6274.46,214016.67664836542,1,0,0.5447271754416722,false
container/openejb-core/src/test/java/org/apache/openejb/meta/StatefulTimeoutMetaTest.java,19.0,6.0,0.0,1.0,0.0,1.0,25.0,dblevins@apache.org,1,0.0018450184501845018,50.0,0.0,0.0,50.0,6274.46,214016.67664836542,1,0,0.5447271754416722,false
container/openejb-core/src/test/java/org/apache/openejb/meta/TimeoutMetaTest.java,23.0,8.0,0.0,1.0,0.0,1.0,25.0,andygumbrecht@apache.org,1,0.0018450184501845018,33.0,0.0,0.0,33.0,6274.46,214016.67664836542,1,0,0.5447271754416722,false
container/openejb-core/src/test/java/org/apache/openejb/meta/TransactionAttributeMetaTest.java,23.0,7.0,0.0,1.0,0.0,1.0,1.0,dblevins@apache.org,1,0.0018450184501845018,100.0,0.0,0.0,0.0,6274.46,214016.67664836542,1,0,0.5447271754416722,false
container/openejb-core/src/test/java/org/apache/openejb/meta/TransactionManagementMetaTest.java,19.0,7.0,0.0,1.0,0.0,1.0,25.0,dblevins@apache.org,1,0.0018450184501845018,100.0,0.0,0.0,100.0,6274.46,214016.67664836542,1,0,0.5447271754416722,false
container/openejb-core/src/test/java/org/apache/openejb/test/util/Asserts.java,24.0,3.0,1.0,2.0,12.0,6.0,5.0,andygumbrecht@apache.org,1,0.0018450184501845018,33.0,0.0,0.0,0.0,6274.46,214016.67664836542,1,0,0.5447271754416722,false
container/openejb-jee/src/main/java/org/apache/openejb/jee/Application.java,243.0,15.0,977.0,46.0,19.0,110.0,35.0,dblevins@apache.org,1,0.0018450184501845018,9.0,0.0,0.0,0.0,6274.46,214016.67664836542,1,1,0.5447271754416722,false
container/openejb-jee/src/main/java/org/apache/openejb/jee/ApplicationClient.java,251.0,15.0,1074.0,48.0,19.0,114.0,35.0,dblevins@apache.org,1,0.0018450184501845018,7.0,0.0,0.0,0.0,6274.46,214016.67664836542,1,3,0.5447271754416722,false
container/openejb-jee/src/main/java/org/apache/openejb/jee/Connector.java,135.0,14.0,425.0,31.0,29.0,54.0,35.0,djencks@apache.org,1,0.0018450184501845018,8.0,0.0,0.0,0.0,6274.46,214016.67664836542,1,3,0.5447271754416722,false
container/openejb-jee/src/main/java/org/apache/openejb/jee/EjbJar.java,138.0,15.0,489.0,34.0,21.0,66.0,35.0,dblevins@apache.org,1,0.0018450184501845018,4.0,0.0,0.0,0.0,6274.46,214016.67664836542,1,1,0.5447271754416722,false
container/openejb-jee/src/main/java/org/apache/openejb/jee/MessageDrivenBean.java,363.0,13.0,2702.0,76.0,29.0,159.0,2.0,dblevins@apache.org,1,0.0018450184501845018,5.0,0.0,0.0,0.0,6274.46,214016.67664836542,1,4,0.5447271754416722,false
container/openejb-jee/src/main/java/org/apache/openejb/jee/NamedModule.java,7.0,0.0,1.0,2.0,0.0,2.0,35.0,andygumbrecht@apache.org,1,0.0018450184501845018,33.0,0.0,0.0,0.0,6274.46,214016.67664836542,1,0,0.5447271754416722,false
container/openejb-jee/src/main/java/org/apache/openejb/jee/Persistence.java,270.0,10.0,1.0,3.0,0.0,9.0,1.0,djencks@apache.org,1,0.0018450184501845018,17.0,0.0,0.0,0.0,214.36363636363637,1672.828925314378,1,0,1.7719568419318752,false
container/openejb-jee/src/main/java/org/apache/openejb/jee/WebApp.java,365.0,14.0,2026.0,65.0,23.0,164.0,35.0,null,1,0.0018450184501845018,5.0,0.0,0.0,0.0,6274.46,214016.67664836542,1,2,0.5447271754416722,false
container/openejb-jee/src/main/java/org/apache/openejb/jee/oejb2/ServiceRefType.java,60.0,6.0,15.0,7.0,0.0,13.0,1.0,andygumbrecht@apache.org,1,0.0018450184501845018,33.0,0.0,0.0,0.0,214.36363636363637,1672.828925314378,1,0,1.7719568419318752,false
container/openejb-jee/src/main/java/org/apache/openejb/jee/oejb3/OpenejbJar.java,55.0,14.0,47.0,11.0,13.0,24.0,35.0,dblevins@apache.org,1,0.0018450184501845018,9.0,0.0,0.0,0.0,6274.46,214016.67664836542,1,1,0.5447271754416722,false
container/openejb-jee/src/test/java/org/apache/openejb/jee/JeeTest.java,229.0,23.0,136.0,17.0,135.0,42.0,2.0,null,1,0.0018450184501845018,3.0,0.0,0.0,0.0,6274.46,214016.67664836542,1,5,0.5447271754416722,false
container/openejb-loader/src/main/java/org/apache/openejb/loader/JarLocation.java,79.0,4.0,6.0,4.0,27.0,19.0,10.0,dblevins@apache.org,1,0.0018450184501845018,11.0,0.0,0.0,0.0,6274.46,214016.67664836542,1,2,0.5447271754416722,false
container/openejb-osgi-core/src/main/java/org/apache/openejb/osgi/core/BundleFinderFactory.java,51.0,11.0,21.0,7.0,14.0,20.0,5.0,djencks@apache.org,1,0.0018450184501845018,15.0,0.0,0.0,0.0,6274.46,214016.67664836542,1,1,0.5447271754416722,false
container/openejb-spring/src/main/java/org/apache/openejb/spring/ClassPathApplication.java,54.0,17.0,0.0,4.0,15.0,12.0,5.0,jlmonteiro@apache.org,1,0.0018450184501845018,17.0,0.0,0.0,0.0,6274.46,214016.67664836542,1,0,0.5447271754416722,false
container/openejb-spring/src/test/java/org/apache/openejb/spring/BasicSpringTest.java,19.0,2.0,0.0,1.0,9.0,2.0,15.0,dblevins@apache.org,1,0.0018450184501845018,33.0,33.0,0.0,0.0,6274.46,214016.67664836542,1,0,0.5447271754416722,false
container/openejb-spring/src/test/java/org/apache/openejb/spring/SpringTest.java,63.0,13.0,0.0,1.0,24.0,2.0,15.0,dain@apache.org,1,0.0018450184501845018,14.0,14.0,0.0,0.0,6274.46,214016.67664836542,1,1,0.5447271754416722,false
examples/webapps/ejb-examples/src/main/java/org/superbiz/servlet/AnnotatedEJB.java,19.0,4.0,2.0,5.0,0.0,8.0,149.0,jgallimore@apache.org,2,0.0036900369003690036,50.0,0.0,25.0,0.0,6915.386829268293,219382.22826756214,2,0,0.6606279824703344,false
examples/webapps/ejb-examples/src/main/java/org/superbiz/servlet/AnnotatedServlet.java,44.0,11.0,1.0,2.0,9.0,6.0,149.0,jgallimore@apache.org,2,0.0036900369003690036,50.0,0.0,25.0,0.0,6915.386829268293,219382.22826756214,2,0,0.6606279824703344,false
examples/webapps/moviefun/app/src/main/java/org/superbiz/moviefun/ActionServlet.java,6.0,2.0,0.0,0.0,0.0,0.0,109.0,jgallimore@apache.org,2,0.0036900369003690036,50.0,0.0,0.0,33.0,6915.386829268293,219382.22826756214,2,0,0.9869436572650025,false
examples/webapps/moviefun/app/src/main/java/org/superbiz/moviefun/MovieController.java,170.0,15.0,131.0,22.0,67.0,52.0,91.0,jgallimore@apache.org,2,0.0036900369003690036,75.0,25.0,0.0,25.0,6915.386829268293,219382.22826756214,2,0,0.9869436572650025,false
examples/webapps/moviefun/app/src/main/java/org/superbiz/moviefun/MoviesImpl.java,60.0,14.0,0.0,12.0,41.0,21.0,127.0,jgallimore@apache.org,2,0.0036900369003690036,83.0,33.0,17.0,33.0,6915.386829268293,219382.22826756214,2,0,1.3388015320452564,false
examples/webapps/moviefun/app/src/main/java/org/superbiz/moviefun/Notifier.java,6.0,0.0,0.0,1.0,0.0,2.0,68.0,jgallimore@apache.org,1,0.0018450184501845018,50.0,0.0,0.0,50.0,640.9268292682926,5365.551619196719,1,0,2.162823150618887,false
examples/webapps/moviefun/app/src/main/java/org/superbiz/moviefun/NotifierImpl.java,26.0,10.0,0.0,1.0,8.0,4.0,68.0,jgallimore@apache.org,1,0.0018450184501845018,50.0,0.0,0.0,50.0,640.9268292682926,5365.551619196719,1,0,2.162823150618887,false
examples/webapps/moviefun/app/src/main/java/org/superbiz/moviefun/util/JsfUtil.java,44.0,6.0,21.0,7.0,17.0,16.0,112.0,jgallimore@apache.org,2,0.0036900369003690036,67.0,0.0,0.0,33.0,6915.386829268293,219382.22826756214,2,0,0.6606279824703344,false
examples/webapps/moviefun/app/src/main/java/org/superbiz/moviefun/util/PaginationHelper.java,42.0,1.0,7.0,10.0,5.0,18.0,112.0,jgallimore@apache.org,2,0.0036900369003690036,67.0,0.0,0.0,33.0,6915.386829268293,219382.22826756214,2,0,0.6606279824703344,false
examples/webapps/moviefun/app/src/test/java/org/superbiz/moviefun/MoviesIT.java,31.0,8.0,3.0,3.0,13.0,8.0,149.0,jgallimore@apache.org,2,0.0036900369003690036,67.0,33.0,0.0,0.0,6915.386829268293,219382.22826756214,2,0,0.6606279824703344,false
examples/webapps/moviefun/app/src/test/java/org/superbiz/moviefun/MoviesTest.java,31.0,11.0,1.0,2.0,9.0,5.0,118.0,dblevins@apache.org,2,0.0036900369003690036,40.0,0.0,0.0,20.0,6915.386829268293,219382.22826756214,2,0,0.6606279824703344,false
examples/webapps/moviefun/iface/src/main/java/org/superbiz/moviefun/Movie.java,59.0,5.0,59.0,15.0,0.0,21.0,138.0,jgallimore@apache.org,2,0.0036900369003690036,67.0,33.0,33.0,0.0,6915.386829268293,219382.22826756214,2,0,0.6606279824703344,false
examples/webapps/moviefun/iface/src/main/java/org/superbiz/moviefun/Movies.java,13.0,2.0,55.0,11.0,0.0,11.0,110.0,jgallimore@apache.org,2,0.0036900369003690036,67.0,33.0,33.0,0.0,6915.386829268293,219382.22826756214,2,0,0.6606279824703344,false
examples/webapps/moviefun/iface/src/main/java/org/superbiz/moviefun/MoviesRemote.java,13.0,2.0,55.0,11.0,0.0,11.0,151.0,jgallimore@apache.org,2,0.0036900369003690036,67.0,33.0,33.0,0.0,6915.386829268293,219382.22826756214,2,0,0.6606279824703344,false
examples/webapps/moviefun/monitor/src/main/java/org/superbiz/moviefun/NotificationMonitor.java,32.0,13.0,4.0,4.0,15.0,10.0,180.0,dblevins@apache.org,2,0.0036900369003690036,33.0,0.0,0.0,17.0,6915.386829268293,219382.22826756214,2,0,0.6606279824703344,false
examples/webapps/moviefun/monitor/src/main/java/org/superbiz/moviefun/NotificationsBean.java,17.0,6.0,0.0,1.0,4.0,3.0,68.0,jgallimore@apache.org,1,0.0018450184501845018,33.0,0.0,0.0,33.0,640.9268292682926,5365.551619196719,1,0,2.162823150618887,false
itests/openejb-itests-client/src/main/java/org/apache/openejb/test/TestClient.java,76.0,12.0,13.0,6.0,31.0,19.0,0.0,dblevins@apache.org,0,0.0,0.0,0.0,0.0,0.0,0.0,0.0,0,2,0.0,false
server/openejb-axis/src/main/java/org/apache/openejb/server/axis/AxisService.java,72.0,27.0,9.0,7.0,39.0,20.0,3.0,dain@apache.org,1,0.0018450184501845018,10.0,0.0,0.0,10.0,6274.46,214016.67664836542,1,0,0.5447271754416722,false
server/openejb-axis/src/main/java/org/apache/openejb/server/axis/EjbRpcProvider.java,229.0,37.0,0.0,4.0,14.0,8.0,3.0,andygumbrecht@apache.org,1,0.0018450184501845018,25.0,0.0,0.0,25.0,6274.46,214016.67664836542,1,0,0.5447271754416722,false
server/openejb-client/src/main/java/org/apache/openejb/client/SocketConnectionFactory.java,253.0,19.0,24.0,8.0,32.0,27.0,2.0,andygumbrecht@apache.org,1,0.0018450184501845018,3.0,0.0,0.0,0.0,66.0,27.97703863440884,1,5,3.3524072174927233,false
server/openejb-ejbd/src/test/java/org/apache/openejb/AuthTest.java,37.0,10.0,0.0,1.0,7.0,3.0,15.0,andygumbrecht@apache.org,1,0.0018450184501845018,25.0,25.0,0.0,0.0,6274.46,214016.67664836542,1,1,0.5447271754416722,false
server/openejb-ejbd/src/test/java/org/apache/openejb/JndiTest.java,78.0,22.0,3.0,3.0,33.0,6.0,15.0,andygumbrecht@apache.org,1,0.0018450184501845018,25.0,25.0,0.0,0.0,6274.46,214016.67664836542,1,0,0.5447271754416722,false
server/openejb-ejbd/src/test/java/org/apache/openejb/server/ejbd/FullPoolFailoverTest.java,205.0,32.0,6.0,8.0,50.0,20.0,2.0,andygumbrecht@apache.org,1,0.0018450184501845018,12.0,0.0,0.0,0.0,66.0,27.97703863440884,1,2,3.3524072174927233,false
server/openejb-webservices/src/main/java/org/apache/openejb/server/webservices/OpenEJBHttpWsRegistry.java,72.0,14.0,4.0,5.0,17.0,15.0,1.0,rmannibucau@apache.org,1,0.0018450184501845018,8.0,0.0,8.0,0.0,0.0,4.075957359737586,1,1,4.605170185988091,false
server/openejb-webservices/src/main/java/org/apache/openejb/server/webservices/WsService.java,310.0,45.0,288.0,28.0,77.0,68.0,1.0,rmannibucau@apache.org,1,0.0018450184501845018,2.0,0.0,2.0,2.0,0.0,4.075957359737586,1,3,4.605170185988091,false
