name,LOC,CBO,LCOM,NOM,RFC,WMC,ACS,Ownership,numOfChanges,numberOfFIChanges,ENH,NF,BugFixing,REF,structuralWorkloadSum,semanticWorkloadSum,numberOfDeveloper,pastFaults,MAF,isBuggy
arquillian/arquillian-common/src/main/java/org/apache/openejb/arquillian/common/PatchConfigurationExtension.java,5.0,1.0,0.0,1.0,1.0,1.0,5.0,rmannibucau@apache.org,1,0.001177856301531213,100.0,50.0,50.0,0.0,3716.8888888888887,100506.79060102618,1,0,0.21551962620355042,false
arquillian/arquillian-common/src/main/java/org/apache/openejb/arquillian/common/PatchConfigurationRegistar.java,86.0,16.0,28.0,8.0,29.0,28.0,5.0,rmannibucau@apache.org,1,0.001177856301531213,100.0,50.0,50.0,0.0,3716.8888888888887,100506.79060102618,1,0,0.21551962620355042,false
arquillian/arquillian-common/src/main/java/org/apache/openejb/arquillian/common/enrichment/OpenEJBEnricher.java,53.0,18.0,3.0,3.0,23.0,10.0,0.0,rmannibucau@apache.org,0,0.0,0.0,0.0,0.0,0.0,0.0,0.0,0,2,0.0,false
arquillian/arquillian-openejb-embedded-4/src/main/java/org/apache/openejb/arquillian/openejb/OpenEJBArchiveProcessor.java,294.0,51.0,11.0,6.0,87.0,24.0,1.0,rmannibucau@apache.org,1,0.001177856301531213,3.0,0.0,0.0,0.0,3716.8888888888887,100506.79060102618,1,9,0.21551962620355042,false
arquillian/arquillian-openejb-embedded-4/src/main/java/org/apache/openejb/arquillian/openejb/OpenEJBDeployableContainer.java,162.0,55.0,27.0,10.0,49.0,37.0,0.0,rmannibucau@apache.org,0,0.0,0.0,0.0,0.0,0.0,0.0,0.0,0,5,0.0,false
arquillian/arquillian-openejb-embedded-4/src/main/java/org/apache/openejb/arquillian/openejb/OpenEJBInjectionEnricher.java,29.0,15.0,1.0,2.0,13.0,7.0,0.0,rmannibucau@apache.org,0,0.0,0.0,0.0,0.0,0.0,0.0,0.0,0,2,0.0,false
arquillian/arquillian-openejb-embedded-4/src/main/java/org/apache/openejb/arquillian/openejb/SWClassLoader.java,135.0,26.0,0.0,6.0,12.0,17.0,0.0,rmannibucau@apache.org,0,0.0,0.0,0.0,0.0,0.0,0.0,0.0,0,1,0.0,false
arquillian/arquillian-openejb-embedded-4/src/main/java/org/apache/openejb/arquillian/openejb/server/ServiceManagers.java,18.0,6.0,1.0,2.0,10.0,6.0,0.0,tveronezi@apache.org,0,0.0,0.0,0.0,0.0,0.0,0.0,0.0,0,0,0.0,false
arquillian/arquillian-openejb-embedded-4/src/test/java/org/apache/openejb/arquillian/openejb/ArquillianResourceURLTest.java,10.0,12.0,1.0,2.0,7.0,4.0,0.0,rmannibucau@apache.org,0,0.0,0.0,0.0,0.0,0.0,0.0,0.0,0,0,0.0,false
arquillian/arquillian-openejb-embedded-4/src/test/java/org/apache/openejb/arquillian/openejb/JPAArquillianAdapterTest.java,33.0,16.0,1.0,2.0,7.0,4.0,0.0,rmannibucau@apache.org,0,0.0,0.0,0.0,0.0,0.0,0.0,0.0,0,2,0.0,false
arquillian/arquillian-openejb-embedded-4/src/test/java/org/apache/openejb/arquillian/openejb/RequestScopeArquillianStandaloneTest.java,12.0,12.0,1.0,2.0,10.0,4.0,0.0,rmannibucau@apache.org,0,0.0,0.0,0.0,0.0,0.0,0.0,0.0,0,4,0.0,false
arquillian/arquillian-tomee-common/src/main/java/org/apache/openejb/arquillian/common/MavenCache.java,65.0,8.0,1.0,2.0,13.0,12.0,4.0,rmannibucau@apache.org,1,0.001177856301531213,14.0,0.0,0.0,0.0,3716.8888888888887,100506.79060102618,1,1,0.21551962620355042,false
arquillian/arquillian-tomee-common/src/main/java/org/apache/openejb/arquillian/common/RemoteInitialContextObserver.java,73.0,17.0,0.0,1.0,13.0,5.0,0.0,rmannibucau@apache.org,0,0.0,0.0,0.0,0.0,0.0,0.0,0.0,0,1,0.0,false
arquillian/arquillian-tomee-common/src/main/java/org/apache/openejb/arquillian/common/Setup.java,240.0,23.0,114.0,17.0,106.0,62.0,8.0,rmannibucau@apache.org,1,0.001177856301531213,3.0,0.0,0.0,0.0,3716.8888888888887,100506.79060102618,1,5,0.21551962620355042,false
arquillian/arquillian-tomee-common/src/main/java/org/apache/openejb/arquillian/common/TestClassDiscoverer.java,68.0,13.0,1.0,2.0,26.0,10.0,0.0,rmannibucau@apache.org,0,0.0,0.0,0.0,0.0,0.0,0.0,0.0,0,3,0.0,false
arquillian/arquillian-tomee-common/src/test/java/org/apache/openejb/arquillian/common/SetupTest.java,23.0,6.0,10.0,5.0,12.0,11.0,0.0,rmannibucau@apache.org,0,0.0,0.0,0.0,0.0,0.0,0.0,0.0,0,1,0.0,false
arquillian/arquillian-tomee-embedded/src/main/java/org/apache/openejb/arquillian/embedded/EmbeddedTomEEConfiguration.java,95.0,9.0,137.0,18.0,10.0,32.0,5.0,rmannibucau@apache.org,1,0.001177856301531213,12.0,0.0,0.0,0.0,3716.8888888888887,100506.79060102618,1,2,0.21551962620355042,false
arquillian/arquillian-tomee-embedded/src/main/java/org/apache/openejb/arquillian/embedded/EmbeddedTomEEContainer.java,88.0,19.0,8.0,8.0,61.0,23.0,4.0,rmannibucau@apache.org,1,0.001177856301531213,9.0,0.0,4.0,0.0,3716.8888888888887,100506.79060102618,1,4,0.21551962620355042,false
arquillian/arquillian-tomee-tests/arquillian-tomee-jaxws-tests/src/test/java/org/apache/openejb/arquillian/tests/jaxws/wsrs/WsRsTest.java,35.0,19.0,4.0,4.0,18.0,10.0,1.0,andygumbrecht@apache.org,1,0.001177856301531213,25.0,0.0,0.0,0.0,3716.8888888888887,100506.79060102618,1,0,0.21551962620355042,false
arquillian/arquillian-tomee-tests/arquillian-tomee-webprofile-tests/src/test/java/org/apache/openejb/arquillian/tests/datasource/DataSourceTest.java,13.0,10.0,1.0,2.0,6.0,5.0,0.0,rmannibucau@apache.org,0,0.0,0.0,0.0,0.0,0.0,0.0,0.0,0,1,0.0,false
arquillian/arquillian-tomee-tests/arquillian-tomee-webprofile-tests/src/test/java/org/apache/openejb/arquillian/tests/datasource/PojoServlet.java,25.0,11.0,0.0,1.0,5.0,4.0,0.0,rmannibucau@apache.org,0,0.0,0.0,0.0,0.0,0.0,0.0,0.0,0,1,0.0,false
container/openejb-concurrency-utilities-ee/src/main/java/org/apache/openejb/concurrencyutilities/ee/factory/ManagedExecutorServiceImplFactory.java,47.0,12.0,16.0,8.0,10.0,13.0,29.0,tveronezi@apache.org,1,0.001177856301531213,25.0,0.0,0.0,0.0,3716.8888888888887,100506.79060102618,1,0,0.21551962620355042,false
container/openejb-concurrency-utilities-ee/src/main/java/org/apache/openejb/concurrencyutilities/ee/factory/ManagedScheduledExecutorServiceImplFactory.java,28.0,9.0,4.0,5.0,8.0,8.0,29.0,rmannibucau@apache.org,1,0.001177856301531213,20.0,0.0,0.0,0.0,3716.8888888888887,100506.79060102618,1,0,0.21551962620355042,false
container/openejb-concurrency-utilities-ee/src/main/java/org/apache/openejb/concurrencyutilities/ee/factory/ManagedThreadFactoryImplFactory.java,9.0,2.0,0.0,2.0,0.0,3.0,29.0,tveronezi@apache.org,1,0.001177856301531213,25.0,0.0,0.0,0.0,3716.8888888888887,100506.79060102618,1,0,0.21551962620355042,false
container/openejb-concurrency-utilities-ee/src/main/java/org/apache/openejb/concurrencyutilities/ee/future/CUFuture.java,25.0,6.0,0.0,6.0,6.0,13.0,29.0,tveronezi@apache.org,1,0.001177856301531213,33.0,0.0,0.0,0.0,3716.8888888888887,100506.79060102618,1,0,0.21551962620355042,false
container/openejb-concurrency-utilities-ee/src/main/java/org/apache/openejb/concurrencyutilities/ee/future/CUScheduleFuture.java,11.0,4.0,3.0,3.0,4.0,5.0,29.0,tveronezi@apache.org,1,0.001177856301531213,33.0,0.0,0.0,0.0,3716.8888888888887,100506.79060102618,1,0,0.21551962620355042,false
container/openejb-concurrency-utilities-ee/src/main/java/org/apache/openejb/concurrencyutilities/ee/impl/ContextServiceImpl.java,54.0,12.0,10.0,5.0,10.0,10.0,17.0,tveronezi@apache.org,1,0.001177856301531213,50.0,0.0,0.0,0.0,3716.8888888888887,100506.79060102618,1,0,0.21551962620355042,false
container/openejb-concurrency-utilities-ee/src/main/java/org/apache/openejb/concurrencyutilities/ee/impl/ManagedExecutorServiceImpl.java,54.0,11.0,0.0,11.0,17.0,21.0,29.0,rmannibucau@apache.org,1,0.001177856301531213,17.0,0.0,0.0,0.0,3716.8888888888887,100506.79060102618,1,0,0.21551962620355042,false
container/openejb-concurrency-utilities-ee/src/main/java/org/apache/openejb/concurrencyutilities/ee/impl/ManagedScheduledExecutorServiceImpl.java,71.0,20.0,3.0,10.0,34.0,20.0,17.0,rmannibucau@apache.org,1,0.001177856301531213,33.0,0.0,0.0,0.0,3716.8888888888887,100506.79060102618,1,0,0.21551962620355042,false
container/openejb-concurrency-utilities-ee/src/main/java/org/apache/openejb/concurrencyutilities/ee/impl/ManagedThreadFactoryImpl.java,25.0,3.0,0.0,3.0,5.0,4.0,15.0,tveronezi@apache.org,1,0.001177856301531213,50.0,0.0,25.0,0.0,3716.8888888888887,100506.79060102618,1,0,0.21551962620355042,false
container/openejb-concurrency-utilities-ee/src/main/java/org/apache/openejb/concurrencyutilities/ee/reject/CURejectHandler.java,9.0,4.0,0.0,1.0,3.0,2.0,29.0,tveronezi@apache.org,1,0.001177856301531213,33.0,0.0,0.0,0.0,3716.8888888888887,100506.79060102618,1,0,0.21551962620355042,false
container/openejb-concurrency-utilities-ee/src/main/java/org/apache/openejb/concurrencyutilities/ee/task/CUCallable.java,15.0,1.0,0.0,3.0,3.0,7.0,29.0,tveronezi@apache.org,1,0.001177856301531213,33.0,0.0,0.0,0.0,3716.8888888888887,100506.79060102618,1,0,0.21551962620355042,false
container/openejb-concurrency-utilities-ee/src/main/java/org/apache/openejb/concurrencyutilities/ee/task/CURunnable.java,23.0,1.0,0.0,3.0,3.0,8.0,29.0,tveronezi@apache.org,1,0.001177856301531213,33.0,0.0,0.0,0.0,3716.8888888888887,100506.79060102618,1,0,0.21551962620355042,false
container/openejb-concurrency-utilities-ee/src/main/java/org/apache/openejb/concurrencyutilities/ee/task/CUTask.java,68.0,5.0,1.0,3.0,14.0,9.0,9.0,rmannibucau@apache.org,1,0.001177856301531213,57.0,0.0,0.0,0.0,3716.8888888888887,100506.79060102618,1,0,0.21551962620355042,false
container/openejb-concurrency-utilities-ee/src/main/java/org/apache/openejb/concurrencyutilities/ee/task/ManagedTaskListenerTask.java,54.0,4.0,0.0,7.0,8.0,14.0,13.0,rmannibucau@apache.org,1,0.001177856301531213,60.0,0.0,0.0,0.0,3716.8888888888887,100506.79060102618,1,0,0.21551962620355042,false
container/openejb-concurrency-utilities-ee/src/main/java/org/apache/openejb/concurrencyutilities/ee/task/TriggerCallable.java,13.0,6.0,1.0,3.0,2.0,7.0,17.0,tveronezi@apache.org,1,0.001177856301531213,50.0,0.0,0.0,0.0,3716.8888888888887,100506.79060102618,1,0,0.21551962620355042,false
container/openejb-concurrency-utilities-ee/src/main/java/org/apache/openejb/concurrencyutilities/ee/task/TriggerRunnable.java,21.0,5.0,1.0,3.0,2.0,6.0,17.0,tveronezi@apache.org,1,0.001177856301531213,50.0,0.0,0.0,0.0,3716.8888888888887,100506.79060102618,1,0,0.21551962620355042,false
container/openejb-concurrency-utilities-ee/src/main/java/org/apache/openejb/concurrencyutilities/ee/task/TriggerTask.java,108.0,11.0,27.0,11.0,28.0,28.0,17.0,tveronezi@apache.org,1,0.001177856301531213,50.0,0.0,0.0,0.0,3716.8888888888887,100506.79060102618,1,0,0.21551962620355042,false
container/openejb-concurrency-utilities-ee/src/test/java/org/apache/openejb/concurrencyutilities/test/ContextServiceTest.java,22.0,14.0,3.0,3.0,11.0,8.0,29.0,rmannibucau@apache.org,1,0.001177856301531213,50.0,0.0,0.0,0.0,3716.8888888888887,100506.79060102618,1,0,0.21551962620355042,false
container/openejb-concurrency-utilities-ee/src/test/java/org/apache/openejb/concurrencyutilities/test/CustomInjectionTest.java,40.0,25.0,2.0,5.0,16.0,8.0,29.0,rmannibucau@apache.org,1,0.001177856301531213,50.0,0.0,0.0,0.0,3716.8888888888887,100506.79060102618,1,0,0.21551962620355042,false
container/openejb-concurrency-utilities-ee/src/test/java/org/apache/openejb/concurrencyutilities/test/InjectionTest.java,51.0,26.0,7.0,6.0,16.0,14.0,29.0,rmannibucau@apache.org,1,0.001177856301531213,33.0,0.0,0.0,0.0,3716.8888888888887,100506.79060102618,1,0,0.21551962620355042,false
container/openejb-concurrency-utilities-ee/src/test/java/org/apache/openejb/concurrencyutilities/test/ManagedExecutorServiceTest.java,54.0,18.0,6.0,4.0,7.0,8.0,8.0,rmannibucau@apache.org,1,0.001177856301531213,57.0,0.0,14.0,0.0,3716.8888888888887,100506.79060102618,1,0,0.21551962620355042,false
container/openejb-concurrency-utilities-ee/src/test/java/org/apache/openejb/concurrencyutilities/test/ManagedScheduledExecutorServiceTest.java,83.0,19.0,45.0,10.0,42.0,27.0,17.0,andygumbrecht@apache.org,1,0.001177856301531213,33.0,0.0,0.0,0.0,3716.8888888888887,100506.79060102618,1,0,0.21551962620355042,false
container/openejb-concurrency-utilities-ee/src/test/java/org/apache/openejb/concurrencyutilities/test/TransactionPropagationTest.java,46.0,19.0,1.0,2.0,1.0,3.0,5.0,rmannibucau@apache.org,1,0.001177856301531213,50.0,0.0,0.0,0.0,3716.8888888888887,100506.79060102618,1,0,0.21551962620355042,false
container/openejb-core/src/main/java/org/apache/openejb/AppContext.java,78.0,12.0,135.0,18.0,4.0,34.0,0.0,dblevins@apache.org,0,0.0,0.0,0.0,0.0,0.0,0.0,0.0,0,3,0.0,false
container/openejb-core/src/main/java/org/apache/openejb/BeanContext.java,1307.0,68.0,11006.0,152.0,367.0,359.0,3.0,rmannibucau@apache.org,1,0.001177856301531213,3.0,2.0,0.0,0.0,3716.8888888888887,100506.79060102618,1,15,0.21551962620355042,false
container/openejb-core/src/main/java/org/apache/openejb/Core.java,71.0,3.0,6.0,4.0,3.0,8.0,2.0,rmannibucau@apache.org,1,0.001177856301531213,14.0,0.0,14.0,0.0,3716.8888888888887,100506.79060102618,1,4,0.21551962620355042,false
container/openejb-core/src/main/java/org/apache/openejb/InjectionProcessor.java,178.0,20.0,0.0,12.0,39.0,41.0,25.0,null,1,0.001177856301531213,6.0,0.0,0.0,0.0,3716.8888888888887,100506.79060102618,1,2,0.21551962620355042,false
container/openejb-core/src/main/java/org/apache/openejb/MethodContext.java,89.0,10.0,71.0,15.0,8.0,23.0,0.0,rmannibucau@apache.org,0,0.0,0.0,0.0,0.0,0.0,0.0,0.0,0,0,0.0,false
container/openejb-core/src/main/java/org/apache/openejb/OpenEjbContainer.java,484.0,68.0,12.0,8.0,40.0,29.0,1.0,rmannibucau@apache.org,1,0.001177856301531213,1.0,0.0,1.0,0.0,3716.8888888888887,100506.79060102618,1,15,0.21551962620355042,false
container/openejb-core/src/main/java/org/apache/openejb/assembler/DeployerEjb.java,307.0,39.0,34.0,12.0,98.0,47.0,0.0,rmannibucau@apache.org,0,0.0,0.0,0.0,0.0,0.0,0.0,0.0,0,16,0.0,false
container/openejb-core/src/main/java/org/apache/openejb/assembler/classic/AppInfo.java,32.0,7.0,0.0,0.0,0.0,0.0,0.0,rmannibucau@apache.org,0,0.0,0.0,0.0,0.0,0.0,0.0,0.0,0,6,0.0,false
container/openejb-core/src/main/java/org/apache/openejb/assembler/classic/Assembler.java,2005.0,182.0,2099.0,78.0,675.0,275.0,8.0,rmannibucau@apache.org,3,0.0035335689045936395,2.0,0.0,0.0,0.0,13509.089635854341,711199.7396091686,3,79,0.05954868239588229,false
container/openejb-core/src/main/java/org/apache/openejb/assembler/classic/DeployTimeEnhancer.java,215.0,32.0,5.0,6.0,71.0,23.0,3.0,rmannibucau@apache.org,1,0.001177856301531213,5.0,5.0,0.0,0.0,3716.8888888888887,100506.79060102618,1,0,0.21551962620355042,false
container/openejb-core/src/main/java/org/apache/openejb/assembler/classic/EnterpriseBeanBuilder.java,324.0,26.0,18.0,9.0,93.0,48.0,8.0,dblevins@apache.org,1,0.001177856301531213,1.0,1.0,0.0,0.0,3716.8888888888887,100506.79060102618,1,13,0.21551962620355042,false
container/openejb-core/src/main/java/org/apache/openejb/assembler/classic/EnterpriseBeanInfo.java,49.0,5.0,0.0,0.0,0.0,0.0,8.0,dblevins@apache.org,1,0.001177856301531213,3.0,3.0,0.0,0.0,3716.8888888888887,100506.79060102618,1,3,0.21551962620355042,false
container/openejb-core/src/main/java/org/apache/openejb/assembler/classic/ImportSql.java,101.0,17.0,0.0,4.0,32.0,20.0,0.0,tveronezi@apache.org,0,0.0,0.0,0.0,0.0,0.0,0.0,0.0,0,1,0.0,false
container/openejb-core/src/main/java/org/apache/openejb/assembler/classic/JndiEncBuilder.java,499.0,71.0,144.0,21.0,71.0,65.0,0.0,null,0,0.0,0.0,0.0,0.0,0.0,0.0,0.0,0,22,0.0,false
container/openejb-core/src/main/java/org/apache/openejb/assembler/classic/ReloadableEntityManagerFactory.java,489.0,56.0,139.0,42.0,130.0,103.0,0.0,rmannibucau@apache.org,0,0.0,0.0,0.0,0.0,0.0,0.0,0.0,0,6,0.0,false
container/openejb-core/src/main/java/org/apache/openejb/assembler/classic/event/AssemblerAfterApplicationCreated.java,17.0,4.0,0.0,4.0,0.0,7.0,4.0,rmannibucau@apache.org,1,0.001177856301531213,11.0,0.0,0.0,0.0,3716.8888888888887,100506.79060102618,1,0,0.21551962620355042,false
container/openejb-core/src/main/java/org/apache/openejb/assembler/classic/event/NewEjbAvailableAfterApplicationCreated.java,17.0,4.0,0.0,4.0,0.0,7.0,3.0,andygumbrecht@apache.org,1,0.001177856301531213,33.0,0.0,0.0,0.0,3716.8888888888887,100506.79060102618,1,0,0.21551962620355042,false
container/openejb-core/src/main/java/org/apache/openejb/assembler/classic/util/ServiceInfos.java,96.0,15.0,28.0,8.0,32.0,32.0,1.0,rmannibucau@apache.org,1,0.001177856301531213,6.0,0.0,0.0,0.0,3716.8888888888887,100506.79060102618,1,0,0.21551962620355042,false
container/openejb-core/src/main/java/org/apache/openejb/cdi/CdiAppContextsService.java,374.0,32.0,303.0,31.0,112.0,76.0,3.0,rmannibucau@apache.org,1,0.001177856301531213,4.0,0.0,0.0,1.0,3716.8888888888887,100506.79060102618,1,2,0.21551962620355042,false
container/openejb-core/src/main/java/org/apache/openejb/cdi/CdiEjbBean.java,290.0,41.0,61.0,15.0,66.0,46.0,2.0,rmannibucau@apache.org,1,0.001177856301531213,1.0,0.0,0.0,0.0,3716.8888888888887,100506.79060102618,1,7,0.21551962620355042,false
container/openejb-core/src/main/java/org/apache/openejb/cdi/CdiPlugin.java,433.0,65.0,383.0,31.0,160.0,93.0,0.0,rmannibucau@apache.org,0,0.0,0.0,0.0,0.0,0.0,0.0,0.0,0,5,0.0,false
container/openejb-core/src/main/java/org/apache/openejb/cdi/CdiResourceInjectionService.java,107.0,25.0,22.0,9.0,35.0,28.0,0.0,null,0,0.0,0.0,0.0,0.0,0.0,0.0,0.0,0,5,0.0,false
container/openejb-core/src/main/java/org/apache/openejb/cdi/CdiScanner.java,184.0,25.0,43.0,11.0,53.0,34.0,0.0,rmannibucau@apache.org,0,0.0,0.0,0.0,0.0,0.0,0.0,0.0,0,6,0.0,false
container/openejb-core/src/main/java/org/apache/openejb/cdi/ConstructorInjectionBean.java,43.0,12.0,1.0,3.0,8.0,11.0,0.0,rmannibucau@apache.org,0,0.0,0.0,0.0,0.0,0.0,0.0,0.0,0,0,0.0,false
container/openejb-core/src/main/java/org/apache/openejb/cdi/CustomELAdapter.java,21.0,7.0,0.0,4.0,1.0,7.0,0.0,tveronezi@apache.org,0,0.0,0.0,0.0,0.0,0.0,0.0,0.0,0,0,0.0,false
container/openejb-core/src/main/java/org/apache/openejb/cdi/ManagedSecurityService.java,49.0,9.0,0.0,14.0,16.0,28.0,0.0,tveronezi@apache.org,0,0.0,0.0,0.0,0.0,0.0,0.0,0.0,0,1,0.0,false
container/openejb-core/src/main/java/org/apache/openejb/cdi/NewCdiEjbBean.java,36.0,11.0,13.0,6.0,7.0,12.0,0.0,rmannibucau@apache.org,0,0.0,0.0,0.0,0.0,0.0,0.0,0.0,0,0,0.0,false
container/openejb-core/src/main/java/org/apache/openejb/cdi/OpenEJBBeanBuilder.java,31.0,8.0,0.0,3.0,13.0,9.0,0.0,tveronezi@apache.org,0,0.0,0.0,0.0,0.0,0.0,0.0,0.0,0,0,0.0,false
container/openejb-core/src/main/java/org/apache/openejb/cdi/OpenEJBJndiService.java,11.0,1.0,1.0,3.0,1.0,4.0,0.0,tveronezi@apache.org,0,0.0,0.0,0.0,0.0,0.0,0.0,0.0,0,0,0.0,false
container/openejb-core/src/main/java/org/apache/openejb/cdi/OpenEJBLifecycle.java,255.0,34.0,136.0,20.0,96.0,55.0,11.0,rmannibucau@apache.org,1,0.001177856301531213,1.0,0.0,0.0,0.0,3716.8888888888887,100506.79060102618,1,17,0.21551962620355042,false
container/openejb-core/src/main/java/org/apache/openejb/cdi/OpenEJBTransactionService.java,50.0,19.0,15.0,7.0,18.0,16.0,0.0,rmannibucau@apache.org,0,0.0,0.0,0.0,0.0,0.0,0.0,0.0,0,2,0.0,false
container/openejb-core/src/main/java/org/apache/openejb/cdi/OptimizedLoaderService.java,88.0,12.0,8.0,5.0,15.0,13.0,3.0,rmannibucau@apache.org,1,0.001177856301531213,19.0,0.0,0.0,0.0,3716.8888888888887,100506.79060102618,1,0,0.21551962620355042,false
container/openejb-core/src/main/java/org/apache/openejb/cdi/RequestScopedThreadContextListener.java,32.0,7.0,1.0,2.0,10.0,6.0,0.0,tveronezi@apache.org,0,0.0,0.0,0.0,0.0,0.0,0.0,0.0,0,1,0.0,false
container/openejb-core/src/main/java/org/apache/openejb/cdi/ThreadSingletonServiceImpl.java,229.0,32.0,120.0,17.0,78.0,50.0,4.0,rmannibucau@apache.org,2,0.002355712603062426,6.0,1.0,0.0,1.0,13380.803921568628,711093.6329465513,2,7,0.09487402334040163,false
container/openejb-core/src/main/java/org/apache/openejb/cdi/WebappBeanManager.java,206.0,21.0,237.0,23.0,56.0,74.0,1.0,rmannibucau@apache.org,1,0.001177856301531213,7.0,2.0,0.0,2.0,3716.8888888888887,100506.79060102618,1,7,0.21551962620355042,false
container/openejb-core/src/main/java/org/apache/openejb/cdi/WebappWebBeansContext.java,21.0,4.0,1.0,3.0,0.0,6.0,0.0,tveronezi@apache.org,0,0.0,0.0,0.0,0.0,0.0,0.0,0.0,0,0,0.0,false
container/openejb-core/src/main/java/org/apache/openejb/classloader/ProvisioningClassLoaderConfigurer.java,75.0,16.0,0.0,3.0,21.0,11.0,0.0,rmannibucau@apache.org,0,0.0,0.0,0.0,0.0,0.0,0.0,0.0,0,1,0.0,false
container/openejb-core/src/main/java/org/apache/openejb/config/AnnotationDeployer.java,3729.0,221.0,301.0,26.0,85.0,68.0,2.0,rmannibucau@apache.org,1,0.001177856301531213,1.0,0.0,0.0,0.0,3716.8888888888887,100506.79060102618,1,72,0.21551962620355042,false
container/openejb-core/src/main/java/org/apache/openejb/config/AppModule.java,295.0,22.0,820.0,45.0,42.0,92.0,0.0,null,0,0.0,0.0,0.0,0.0,0.0,0.0,0.0,0,6,0.0,false
container/openejb-core/src/main/java/org/apache/openejb/config/AutoConfig.java,1606.0,84.0,1302.0,56.0,471.0,222.0,1.0,rmannibucau@apache.org,1,0.001177856301531213,1.0,0.0,0.0,0.0,3716.8888888888887,100506.79060102618,1,28,0.21551962620355042,false
container/openejb-core/src/main/java/org/apache/openejb/config/CompManagedBean.java,81.0,8.0,10.0,5.0,3.0,11.0,0.0,rmannibucau@apache.org,0,0.0,0.0,0.0,0.0,0.0,0.0,0.0,0,1,0.0,false
container/openejb-core/src/main/java/org/apache/openejb/config/ConfigUtils.java,117.0,17.0,6.0,4.0,31.0,21.0,8.0,null,1,0.001177856301531213,4.0,0.0,4.0,0.0,3716.8888888888887,100506.79060102618,1,3,0.21551962620355042,false
container/openejb-core/src/main/java/org/apache/openejb/config/ConfigurationFactory.java,1165.0,97.0,939.0,51.0,365.0,189.0,4.0,null,1,0.001177856301531213,0.0,0.0,0.0,0.0,3716.8888888888887,100506.79060102618,1,48,0.21551962620355042,false
container/openejb-core/src/main/java/org/apache/openejb/config/DeploymentLoader.java,1411.0,71.0,973.0,50.0,568.0,230.0,3.0,rmannibucau@apache.org,1,0.001177856301531213,2.0,0.0,0.0,0.0,3716.8888888888887,100506.79060102618,1,62,0.21551962620355042,true
container/openejb-core/src/main/java/org/apache/openejb/config/DeploymentsResolver.java,266.0,25.0,30.0,9.0,101.0,39.0,3.0,dblevins@apache.org,2,0.002355712603062426,2.0,1.0,0.0,1.0,13380.803921568628,711093.6329465513,2,16,0.4057515291549242,false
container/openejb-core/src/main/java/org/apache/openejb/config/EjbJarInfoBuilder.java,614.0,86.0,251.0,23.0,349.0,88.0,8.0,null,1,0.001177856301531213,1.0,1.0,0.0,0.0,3716.8888888888887,100506.79060102618,1,12,0.21551962620355042,false
container/openejb-core/src/main/java/org/apache/openejb/config/EjbModule.java,131.0,11.0,281.0,31.0,26.0,54.0,0.0,dblevins@apache.org,0,0.0,0.0,0.0,0.0,0.0,0.0,0.0,0,5,0.0,false
container/openejb-core/src/main/java/org/apache/openejb/config/EmptyEjbJar.java,21.0,4.0,15.0,6.0,1.0,11.0,0.0,andygumbrecht@apache.org,0,0.0,0.0,0.0,0.0,0.0,0.0,0.0,0,1,0.0,false
container/openejb-core/src/main/java/org/apache/openejb/config/NewLoaderLogic.java,354.0,35.0,61.0,15.0,119.0,68.0,4.0,rmannibucau@apache.org,1,0.001177856301531213,2.0,2.0,0.0,2.0,9663.915032679739,610586.8423455252,1,3,1.9822777932261884,false
container/openejb-core/src/main/java/org/apache/openejb/config/PersistenceContextAnnFactory.java,197.0,17.0,0.0,2.0,13.0,10.0,13.0,null,1,0.001177856301531213,12.0,0.0,0.0,0.0,3716.8888888888887,100506.79060102618,1,0,0.21551962620355042,false
container/openejb-core/src/main/java/org/apache/openejb/config/QuickContextXmlParser.java,61.0,21.0,1.0,3.0,18.0,11.0,1.0,rmannibucau@apache.org,1,0.001177856301531213,15.0,0.0,0.0,0.0,3716.8888888888887,100506.79060102618,1,0,0.21551962620355042,false
container/openejb-core/src/main/java/org/apache/openejb/config/ReadDescriptors.java,737.0,60.0,519.0,34.0,214.0,145.0,2.0,rmannibucau@apache.org,1,0.001177856301531213,7.0,2.0,1.0,0.0,3716.8888888888887,100506.79060102618,1,19,0.21551962620355042,false
container/openejb-core/src/main/java/org/apache/openejb/config/sys/JSonConfigReader.java,122.0,12.0,3.0,6.0,62.0,29.0,5.0,rmannibucau@apache.org,1,0.001177856301531213,67.0,11.0,11.0,0.0,3716.8888888888887,100506.79060102618,1,0,0.21551962620355042,false
container/openejb-core/src/main/java/org/apache/openejb/config/sys/JaxbOpenejb.java,363.0,39.0,351.0,27.0,81.0,83.0,8.0,rmannibucau@apache.org,1,0.001177856301531213,9.0,0.0,3.0,0.0,3716.8888888888887,100506.79060102618,1,3,0.21551962620355042,false
container/openejb-core/src/main/java/org/apache/openejb/config/sys/Openejb.java,167.0,7.0,95.0,15.0,25.0,38.0,10.0,rmannibucau@apache.org,1,0.001177856301531213,6.0,0.0,0.0,0.0,3716.8888888888887,100506.79060102618,1,4,0.21551962620355042,false
container/openejb-core/src/main/java/org/apache/openejb/config/sys/Resources.java,54.0,7.0,13.0,6.0,7.0,18.0,10.0,rmannibucau@apache.org,1,0.001177856301531213,12.0,0.0,0.0,0.0,3716.8888888888887,100506.79060102618,1,0,0.21551962620355042,false
container/openejb-core/src/main/java/org/apache/openejb/config/sys/SaxOpenejb.java,195.0,17.0,1.0,3.0,4.0,7.0,6.0,rmannibucau@apache.org,1,0.001177856301531213,4.0,0.0,0.0,0.0,3716.8888888888887,100506.79060102618,1,0,0.21551962620355042,false
container/openejb-core/src/main/java/org/apache/openejb/core/CoreUserTransaction.java,96.0,9.0,0.0,9.0,30.0,28.0,5.0,null,1,0.001177856301531213,7.0,0.0,0.0,0.0,3716.8888888888887,100506.79060102618,1,1,0.21551962620355042,false
container/openejb-core/src/main/java/org/apache/openejb/core/ParentClassLoaderFinder.java,13.0,2.0,0.0,1.0,0.0,1.0,3.0,rmannibucau@apache.org,1,0.001177856301531213,11.0,0.0,0.0,0.0,3716.8888888888887,100506.79060102618,1,1,0.21551962620355042,false
container/openejb-core/src/main/java/org/apache/openejb/core/SimpleTransactionSynchronizationRegistry.java,102.0,8.0,22.0,9.0,16.0,31.0,0.0,tveronezi@apache.org,0,0.0,0.0,0.0,0.0,0.0,0.0,0.0,0,1,0.0,false
container/openejb-core/src/main/java/org/apache/openejb/core/TempClassLoader.java,124.0,14.0,16.0,8.0,35.0,23.0,25.0,rmannibucau@apache.org,1,0.001177856301531213,2.0,0.0,0.0,0.0,3716.8888888888887,100506.79060102618,1,14,0.21551962620355042,false
container/openejb-core/src/main/java/org/apache/openejb/core/WebContext.java,169.0,27.0,264.0,25.0,38.0,54.0,11.0,rmannibucau@apache.org,1,0.001177856301531213,3.0,0.0,0.0,0.0,3716.8888888888887,100506.79060102618,1,2,0.21551962620355042,false
container/openejb-core/src/main/java/org/apache/openejb/core/cmp/cmp2/Cmp1Generator.java,54.0,5.0,0.0,5.0,15.0,11.0,25.0,null,1,0.001177856301531213,6.0,0.0,0.0,0.0,3716.8888888888887,100506.79060102618,1,1,0.21551962620355042,false
container/openejb-core/src/main/java/org/apache/openejb/core/cmp/cmp2/Cmp2Generator.java,762.0,17.0,0.0,35.0,328.0,93.0,25.0,null,1,0.001177856301531213,3.0,0.0,0.0,0.0,3716.8888888888887,100506.79060102618,1,6,0.21551962620355042,false
container/openejb-core/src/main/java/org/apache/openejb/core/cmp/cmp2/CmpField.java,22.0,2.0,0.0,5.0,1.0,9.0,25.0,null,1,0.001177856301531213,9.0,0.0,0.0,0.0,3716.8888888888887,100506.79060102618,1,0,0.21551962620355042,false
container/openejb-core/src/main/java/org/apache/openejb/core/cmp/cmp2/CmrField.java,100.0,1.0,3.0,15.0,21.0,38.0,25.0,null,1,0.001177856301531213,10.0,0.0,0.0,0.0,3716.8888888888887,100506.79060102618,1,2,0.21551962620355042,false
container/openejb-core/src/main/java/org/apache/openejb/core/cmp/cmp2/CmrStyle.java,0.0,0.0,0.0,0.0,0.0,0.0,25.0,null,1,0.001177856301531213,9.0,0.0,0.0,0.0,3716.8888888888887,100506.79060102618,1,0,0.21551962620355042,false
container/openejb-core/src/main/java/org/apache/openejb/core/cmp/cmp2/PostCreateGenerator.java,62.0,6.0,0.0,4.0,20.0,10.0,25.0,null,1,0.001177856301531213,8.0,0.0,0.0,0.0,3716.8888888888887,100506.79060102618,1,0,0.21551962620355042,false
container/openejb-core/src/main/java/org/apache/openejb/core/interceptor/InterceptorData.java,134.0,20.0,100.0,20.0,33.0,43.0,0.0,dblevins@apache.org,0,0.0,0.0,0.0,0.0,0.0,0.0,0.0,0,0,0.0,false
container/openejb-core/src/main/java/org/apache/openejb/core/interceptor/ReflectionInvocationContext.java,193.0,9.0,8.0,12.0,28.0,42.0,0.0,null,0,0.0,0.0,0.0,0.0,0.0,0.0,0.0,0,2,0.0,false
container/openejb-core/src/main/java/org/apache/openejb/core/ivm/BaseEjbProxyHandler.java,483.0,44.0,532.0,36.0,142.0,117.0,0.0,dblevins@apache.org,0,0.0,0.0,0.0,0.0,0.0,0.0,0.0,0,17,0.0,false
container/openejb-core/src/main/java/org/apache/openejb/core/ivm/ContextHandler.java,31.0,7.0,3.0,3.0,8.0,9.0,0.0,tveronezi@apache.org,0,0.0,0.0,0.0,0.0,0.0,0.0,0.0,0,0,0.0,false
container/openejb-core/src/main/java/org/apache/openejb/core/ivm/EjbObjectProxyHandler.java,201.0,24.0,120.0,16.0,67.0,51.0,1.0,dblevins@apache.org,1,0.001177856301531213,5.0,0.0,4.0,0.0,3716.8888888888887,100506.79060102618,1,14,0.21551962620355042,true
container/openejb-core/src/main/java/org/apache/openejb/core/ivm/naming/LazyObjectReference.java,22.0,2.0,0.0,2.0,2.0,6.0,0.0,andygumbrecht@apache.org,0,0.0,0.0,0.0,0.0,0.0,0.0,0.0,0,0,0.0,false
container/openejb-core/src/main/java/org/apache/openejb/core/ivm/naming/java/javaURLContextFactory.java,66.0,14.0,1.0,2.0,14.0,8.0,0.0,dblevins@apache.org,0,0.0,0.0,0.0,0.0,0.0,0.0,0.0,0,1,0.0,false
container/openejb-core/src/main/java/org/apache/openejb/core/security/AbstractSecurityService.java,298.0,34.0,279.0,26.0,77.0,66.0,5.0,rmannibucau@apache.org,1,0.001177856301531213,5.0,2.0,0.0,0.0,3716.8888888888887,100506.79060102618,1,4,0.21551962620355042,false
container/openejb-core/src/main/java/org/apache/openejb/core/singleton/SingletonContainer.java,241.0,34.0,84.0,17.0,83.0,51.0,0.0,dblevins@apache.org,0,0.0,0.0,0.0,0.0,0.0,0.0,0.0,0,5,0.0,false
container/openejb-core/src/main/java/org/apache/openejb/core/singleton/SingletonInstanceManager.java,273.0,46.0,41.0,11.0,82.0,43.0,0.0,dblevins@apache.org,0,0.0,0.0,0.0,0.0,0.0,0.0,0.0,0,3,0.0,false
container/openejb-core/src/main/java/org/apache/openejb/core/stateful/StatefulContainer.java,843.0,72.0,359.0,31.0,232.0,118.0,0.0,dblevins@apache.org,0,0.0,0.0,0.0,0.0,0.0,0.0,0.0,0,28,0.0,false
container/openejb-core/src/main/java/org/apache/openejb/core/stateless/StatelessContainer.java,208.0,35.0,50.0,13.0,67.0,37.0,0.0,dblevins@apache.org,0,0.0,0.0,0.0,0.0,0.0,0.0,0.0,0,13,0.0,false
container/openejb-core/src/main/java/org/apache/openejb/core/stateless/StatelessInstanceManager.java,374.0,50.0,28.0,12.0,113.0,49.0,0.0,dblevins@apache.org,0,0.0,0.0,0.0,0.0,0.0,0.0,0.0,0,21,0.0,false
container/openejb-core/src/main/java/org/apache/openejb/core/timer/EjbTimerServiceImpl.java,600.0,50.0,106.0,33.0,192.0,111.0,2.0,rmannibucau@apache.org,1,0.001177856301531213,3.0,0.0,1.0,0.0,3716.8888888888887,100506.79060102618,1,13,0.21551962620355042,false
container/openejb-core/src/main/java/org/apache/openejb/core/timer/quartz/PatchedStdJDBCDelegate.java,29.0,10.0,3.0,3.0,6.0,8.0,0.0,rmannibucau@apache.org,0,0.0,0.0,0.0,0.0,0.0,0.0,0.0,0,0,0.0,false
container/openejb-core/src/main/java/org/apache/openejb/core/timer/quartz/QuartzObjectInputStream.java,10.0,5.0,0.0,2.0,2.0,5.0,0.0,tveronezi@apache.org,0,0.0,0.0,0.0,0.0,0.0,0.0,0.0,0,0,0.0,false
container/openejb-core/src/main/java/org/apache/openejb/core/transaction/TransactionRolledbackException.java,151.0,6.0,66.0,13.0,26.0,42.0,0.0,tveronezi@apache.org,0,0.0,0.0,0.0,0.0,0.0,0.0,0.0,0,2,0.0,false
container/openejb-core/src/main/java/org/apache/openejb/log/LoggerCreator.java,82.0,8.0,1.0,3.0,12.0,11.0,2.0,tveronezi@apache.org,1,0.001177856301531213,25.0,12.0,12.0,0.0,3716.8888888888887,100506.79060102618,1,0,0.21551962620355042,false
container/openejb-core/src/main/java/org/apache/openejb/monitoring/DynamicMBeanWrapper.java,327.0,34.0,62.0,13.0,80.0,49.0,0.0,rmannibucau@apache.org,0,0.0,0.0,0.0,0.0,0.0,0.0,0.0,0,1,0.0,false
container/openejb-core/src/main/java/org/apache/openejb/monitoring/ObjectNameBuilder.java,64.0,5.0,2.0,8.0,16.0,20.0,1.0,rmannibucau@apache.org,1,0.001177856301531213,12.0,0.0,12.0,0.0,3716.8888888888887,100506.79060102618,1,1,0.21551962620355042,false
container/openejb-core/src/main/java/org/apache/openejb/openjpa/JULOpenJPALog.java,72.0,7.0,0.0,19.0,50.0,29.0,4.0,rmannibucau@apache.org,1,0.001177856301531213,7.0,0.0,7.0,0.0,3716.8888888888887,100506.79060102618,1,2,0.21551962620355042,false
container/openejb-core/src/main/java/org/apache/openejb/persistence/PersistenceBootstrap.java,250.0,34.0,0.0,12.0,78.0,32.0,1.0,rmannibucau@apache.org,1,0.001177856301531213,5.0,0.0,5.0,0.0,3716.8888888888887,100506.79060102618,1,0,0.21551962620355042,false
container/openejb-core/src/main/java/org/apache/openejb/persistence/PersistenceUnitInfoImpl.java,349.0,19.0,920.0,45.0,17.0,84.0,0.0,rmannibucau@apache.org,0,0.0,0.0,0.0,0.0,0.0,0.0,0.0,0,10,0.0,false
container/openejb-core/src/main/java/org/apache/openejb/resource/activemq/ActiveMQResourceAdapter.java,140.0,13.0,69.0,14.0,60.0,33.0,0.0,null,0,0.0,0.0,0.0,0.0,0.0,0.0,0.0,0,8,0.0,false
container/openejb-core/src/main/java/org/apache/openejb/resource/jdbc/RoutedDataSource.java,79.0,11.0,89.0,14.0,27.0,45.0,0.0,rmannibucau@apache.org,0,0.0,0.0,0.0,0.0,0.0,0.0,0.0,0,1,0.0,false
container/openejb-core/src/main/java/org/apache/openejb/resource/jdbc/logging/LoggingPreparedSqlStatement.java,98.0,8.0,0.0,2.0,18.0,9.0,0.0,rmannibucau@apache.org,0,0.0,0.0,0.0,0.0,0.0,0.0,0.0,0,2,0.0,false
container/openejb-core/src/main/java/org/apache/openejb/resource/jdbc/pool/DefaultDataSourceCreator.java,35.0,10.0,28.0,8.0,10.0,16.0,5.0,rmannibucau@apache.org,1,0.001177856301531213,9.0,0.0,0.0,0.0,3716.8888888888887,100506.79060102618,1,3,0.21551962620355042,false
container/openejb-core/src/main/java/org/apache/openejb/resource/jdbc/router/AbstractRouter.java,13.0,4.0,1.0,3.0,5.0,7.0,0.0,tveronezi@apache.org,0,0.0,0.0,0.0,0.0,0.0,0.0,0.0,0,0,0.0,false
container/openejb-core/src/main/java/org/apache/openejb/resource/jdbc/router/FailOverRouter.java,165.0,23.0,12.0,9.0,40.0,23.0,0.0,rmannibucau@apache.org,0,0.0,0.0,0.0,0.0,0.0,0.0,0.0,0,1,0.0,false
container/openejb-core/src/main/java/org/apache/openejb/rest/AbstractRestThreadLocalProxy.java,27.0,2.0,2.0,5.0,7.0,9.0,0.0,tveronezi@apache.org,0,0.0,0.0,0.0,0.0,0.0,0.0,0.0,0,0,0.0,false
container/openejb-core/src/main/java/org/apache/openejb/testing/ApplicationComposers.java,642.0,80.0,95.0,15.0,186.0,57.0,4.0,rmannibucau@apache.org,1,0.001177856301531213,11.0,0.0,1.0,1.0,3716.8888888888887,100506.79060102618,1,2,0.21551962620355042,false
container/openejb-core/src/main/java/org/apache/openejb/testng/PropertiesBuilder.java,20.0,3.0,0.0,4.0,7.0,9.0,0.0,tveronezi@apache.org,0,0.0,0.0,0.0,0.0,0.0,0.0,0.0,0,1,0.0,false
container/openejb-core/src/main/java/org/apache/openejb/util/AnnotationFinder.java,275.0,26.0,22.0,16.0,65.0,56.0,25.0,rmannibucau@apache.org,1,0.001177856301531213,4.0,0.0,0.0,0.0,3716.8888888888887,100506.79060102618,1,8,0.21551962620355042,false
container/openejb-core/src/main/java/org/apache/openejb/util/JuliLogStream.java,135.0,5.0,42.0,17.0,25.0,23.0,4.0,rmannibucau@apache.org,1,0.001177856301531213,6.0,0.0,6.0,0.0,3716.8888888888887,100506.79060102618,1,3,0.21551962620355042,false
container/openejb-core/src/main/java/org/apache/openejb/util/JuliLogStreamFactory.java,121.0,9.0,3.0,3.0,4.0,7.0,0.0,rmannibucau@apache.org,0,0.0,0.0,0.0,0.0,0.0,0.0,0.0,0,8,0.0,false
container/openejb-core/src/main/java/org/apache/openejb/util/OpenEjbVersion.java,50.0,3.0,18.0,8.0,9.0,16.0,2.0,tveronezi@apache.org,1,0.001177856301531213,6.0,0.0,0.0,0.0,3716.8888888888887,100506.79060102618,1,1,0.21551962620355042,false
container/openejb-core/src/main/java/org/apache/openejb/util/PerformanceTimer.java,43.0,2.0,0.0,3.0,1.0,4.0,4.0,tveronezi@apache.org,1,0.001177856301531213,20.0,20.0,0.0,20.0,9663.915032679739,610586.8423455252,1,0,1.9822777932261884,false
container/openejb-core/src/main/java/org/apache/openejb/util/PropertyPlaceHolderHelper.java,65.0,5.0,8.0,5.0,16.0,14.0,5.0,rmannibucau@apache.org,1,0.001177856301531213,5.0,0.0,0.0,0.0,3716.8888888888887,100506.79060102618,1,1,0.21551962620355042,false
container/openejb-core/src/main/java/org/apache/openejb/util/SimpleJSonParser.java,77.0,6.0,6.0,4.0,10.0,17.0,5.0,tveronezi@apache.org,1,0.001177856301531213,50.0,0.0,17.0,0.0,3716.8888888888887,100506.79060102618,1,0,0.21551962620355042,false
container/openejb-core/src/main/java/org/apache/openejb/util/classloader/URLClassLoaderFirst.java,293.0,11.0,143.0,18.0,66.0,57.0,3.0,rmannibucau@apache.org,1,0.001177856301531213,11.0,2.0,0.0,0.0,3716.8888888888887,100506.79060102618,1,5,0.21551962620355042,false
container/openejb-core/src/main/java/org/apache/openejb/util/proxy/DynamicProxyImplFactory.java,52.0,10.0,3.0,3.0,18.0,13.0,0.0,rmannibucau@apache.org,0,0.0,0.0,0.0,0.0,0.0,0.0,0.0,0,2,0.0,false
container/openejb-core/src/main/java/org/apache/openejb/util/proxy/LocalBeanProxyFactory.java,688.0,26.0,219.0,22.0,125.0,97.0,25.0,null,1,0.001177856301531213,3.0,0.0,0.0,0.0,3716.8888888888887,100506.79060102618,1,6,0.21551962620355042,false
container/openejb-core/src/test/java/org/apache/openejb/DependenceValidationTest.java,73.0,15.0,6.0,5.0,29.0,15.0,25.0,null,1,0.001177856301531213,3.0,0.0,0.0,0.0,3716.8888888888887,100506.79060102618,1,6,0.21551962620355042,false
container/openejb-core/src/test/java/org/apache/openejb/DependencyVisitor.java,258.0,14.0,984.0,45.0,53.0,74.0,13.0,dblevins@apache.org,1,0.001177856301531213,25.0,0.0,0.0,0.0,3716.8888888888887,100506.79060102618,1,0,0.21551962620355042,false
container/openejb-core/src/test/java/org/apache/openejb/assembler/classic/DataSourceDefinitionPlaceHolderTest.java,40.0,20.0,10.0,5.0,20.0,11.0,5.0,andygumbrecht@apache.org,1,0.001177856301531213,14.0,0.0,0.0,0.0,3716.8888888888887,100506.79060102618,1,1,0.21551962620355042,false
container/openejb-core/src/test/java/org/apache/openejb/assembler/classic/DataSourceDefinitionTest.java,158.0,23.0,10.0,5.0,22.0,13.0,218.0,dblevins@apache.org,1,0.001177856301531213,5.0,0.0,0.0,0.0,3716.8888888888887,100506.79060102618,1,2,0.21551962620355042,false
container/openejb-core/src/test/java/org/apache/openejb/assembler/classic/ResourcesJsonTest.java,51.0,22.0,0.0,3.0,30.0,8.0,10.0,andygumbrecht@apache.org,1,0.001177856301531213,25.0,0.0,0.0,0.0,3716.8888888888887,100506.79060102618,1,0,0.21551962620355042,false
container/openejb-core/src/test/java/org/apache/openejb/cdi/AbstractInjectionTest.java,35.0,12.0,1.0,2.0,6.0,4.0,0.0,rmannibucau@apache.org,0,0.0,0.0,0.0,0.0,0.0,0.0,0.0,0,0,0.0,false
container/openejb-core/src/test/java/org/apache/openejb/cdi/BasicInjectionTest.java,37.0,17.0,0.0,2.0,4.0,4.0,0.0,andygumbrecht@apache.org,0,0.0,0.0,0.0,0.0,0.0,0.0,0.0,0,0,0.0,false
container/openejb-core/src/test/java/org/apache/openejb/cdi/CdiDecoratorInheritanceTest.java,27.0,41.0,1.0,2.0,2.0,3.0,0.0,andygumbrecht@apache.org,0,0.0,0.0,0.0,0.0,0.0,0.0,0.0,0,0,0.0,false
container/openejb-core/src/test/java/org/apache/openejb/cdi/CdiDecoratorMultipleDelegateCallsTest.java,28.0,14.0,1.0,2.0,5.0,3.0,0.0,rmannibucau@apache.org,0,0.0,0.0,0.0,0.0,0.0,0.0,0.0,0,0,0.0,false
container/openejb-core/src/test/java/org/apache/openejb/cdi/DependentScopedTest.java,85.0,17.0,4.0,4.0,12.0,8.0,0.0,andygumbrecht@apache.org,0,0.0,0.0,0.0,0.0,0.0,0.0,0.0,0,0,0.0,false
container/openejb-core/src/test/java/org/apache/openejb/cdi/PostConstructOnPrivateMethodTest.java,19.0,7.0,1.0,2.0,2.0,3.0,1.0,andygumbrecht@apache.org,1,0.001177856301531213,50.0,0.0,0.0,0.0,3716.8888888888887,100506.79060102618,1,0,0.21551962620355042,false
container/openejb-core/src/test/java/org/apache/openejb/cdi/ProducedExtendedEmTest.java,44.0,21.0,6.0,4.0,10.0,10.0,0.0,rmannibucau@apache.org,0,0.0,0.0,0.0,0.0,0.0,0.0,0.0,0,1,0.0,false
container/openejb-core/src/test/java/org/apache/openejb/cdi/StatefulDecoratorInjectionTest.java,51.0,23.0,3.0,3.0,7.0,7.0,0.0,andygumbrecht@apache.org,0,0.0,0.0,0.0,0.0,0.0,0.0,0.0,0,0,0.0,false
container/openejb-core/src/test/java/org/apache/openejb/cdi/StatefulDependentInjectionTest.java,39.0,17.0,3.0,3.0,7.0,7.0,0.0,andygumbrecht@apache.org,0,0.0,0.0,0.0,0.0,0.0,0.0,0.0,0,0,0.0,false
container/openejb-core/src/test/java/org/apache/openejb/config/BuiltInEnvironmentEntriesTest.java,54.0,19.0,3.0,3.0,2.0,6.0,0.0,dblevins@apache.org,0,0.0,0.0,0.0,0.0,0.0,0.0,0.0,0,1,0.0,false
container/openejb-core/src/test/java/org/apache/openejb/config/JSonConfigTest.java,42.0,19.0,15.0,6.0,30.0,10.0,5.0,rmannibucau@apache.org,1,0.001177856301531213,100.0,17.0,17.0,0.0,3716.8888888888887,100506.79060102618,1,0,0.21551962620355042,false
container/openejb-core/src/test/java/org/apache/openejb/config/rules/KeysAnnotationVisitor.java,97.0,5.0,5.0,6.0,8.0,16.0,13.0,rmannibucau@apache.org,1,0.001177856301531213,40.0,0.0,0.0,0.0,3716.8888888888887,100506.79060102618,1,2,0.21551962620355042,false
container/openejb-core/src/test/java/org/apache/openejb/config/rules/ValidationKeysAuditorTest.java,290.0,22.0,170.0,20.0,91.0,60.0,25.0,andygumbrecht@apache.org,1,0.001177856301531213,8.0,0.0,0.0,0.0,3716.8888888888887,100506.79060102618,1,4,0.21551962620355042,false
container/openejb-core/src/test/java/org/apache/openejb/core/cmp/jpa/JpaTest.java,245.0,35.0,129.0,18.0,88.0,56.0,25.0,dain@apache.org,1,0.001177856301531213,3.0,0.0,0.0,0.0,3716.8888888888887,100506.79060102618,1,5,0.21551962620355042,false
container/openejb-core/src/test/java/org/apache/openejb/core/security/RunAsTest.java,19.0,11.0,1.0,2.0,4.0,3.0,2.0,andygumbrecht@apache.org,1,0.001177856301531213,50.0,0.0,0.0,0.0,3716.8888888888887,100506.79060102618,1,0,0.21551962620355042,false
container/openejb-core/src/test/java/org/apache/openejb/core/stateful/StatefulConstructorInjectionTest.java,47.0,17.0,1.0,2.0,14.0,4.0,0.0,andygumbrecht@apache.org,0,0.0,0.0,0.0,0.0,0.0,0.0,0.0,0,0,0.0,false
container/openejb-core/src/test/java/org/apache/openejb/core/stateless/StatelessConstructorInjectionTest.java,47.0,21.0,1.0,2.0,16.0,4.0,0.0,andygumbrecht@apache.org,0,0.0,0.0,0.0,0.0,0.0,0.0,0.0,0,0,0.0,false
container/openejb-core/src/test/java/org/apache/openejb/core/stateless/StatelessInstanceManagerPoolingTest.java,168.0,22.0,28.0,8.0,50.0,19.0,4.0,null,1,0.001177856301531213,4.0,0.0,0.0,0.0,9663.915032679739,610586.8423455252,1,6,1.9822777932261884,false
container/openejb-core/src/test/java/org/apache/openejb/core/stateless/StatelessInvocationStatsTest.java,218.0,30.0,15.0,6.0,61.0,17.0,2.0,rmannibucau@apache.org,1,0.001177856301531213,8.0,0.0,8.0,0.0,3716.8888888888887,100506.79060102618,1,3,0.21551962620355042,false
container/openejb-core/src/test/java/org/apache/openejb/core/stateless/StatelessPoolStatsTest.java,446.0,30.0,178.0,20.0,107.0,46.0,2.0,dblevins@apache.org,1,0.001177856301531213,5.0,0.0,5.0,0.0,3716.8888888888887,100506.79060102618,1,9,0.21551962620355042,true
container/openejb-core/src/test/java/org/apache/openejb/junit/PreDestroyTest.java,29.0,11.0,3.0,3.0,3.0,5.0,0.0,andygumbrecht@apache.org,0,0.0,0.0,0.0,0.0,0.0,0.0,0.0,0,0,0.0,false
container/openejb-core/src/test/java/org/apache/openejb/resource/jdbc/FailOverRouterTest.java,29.0,20.0,6.0,4.0,14.0,8.0,0.0,andygumbrecht@apache.org,0,0.0,0.0,0.0,0.0,0.0,0.0,0.0,0,0,0.0,false
container/openejb-core/src/test/java/org/apache/openejb/resource/jdbc/FailOverRouters.java,16.0,4.0,3.0,3.0,4.0,6.0,0.0,andygumbrecht@apache.org,0,0.0,0.0,0.0,0.0,0.0,0.0,0.0,0,0,0.0,false
container/openejb-core/src/test/java/org/apache/openejb/resource/jdbc/JtaFailOverRouterTest.java,43.0,18.0,3.0,3.0,5.0,7.0,0.0,andygumbrecht@apache.org,0,0.0,0.0,0.0,0.0,0.0,0.0,0.0,0,0,0.0,false
container/openejb-core/src/test/java/org/apache/openejb/resource/jdbc/ReverseFailOverRouterTest.java,16.0,17.0,3.0,3.0,7.0,7.0,0.0,andygumbrecht@apache.org,0,0.0,0.0,0.0,0.0,0.0,0.0,0.0,0,0,0.0,false
container/openejb-core/src/test/java/org/apache/openejb/test/util/Asserts.java,34.0,3.0,3.0,3.0,16.0,9.0,0.0,andygumbrecht@apache.org,0,0.0,0.0,0.0,0.0,0.0,0.0,0.0,0,0,0.0,false
container/openejb-core/src/test/java/org/apache/openejb/testing/AppComposerContextInjectionTest.java,17.0,8.0,1.0,3.0,9.0,6.0,2.0,rmannibucau@apache.org,1,0.001177856301531213,50.0,0.0,0.0,0.0,3716.8888888888887,100506.79060102618,1,0,0.21551962620355042,false
container/openejb-core/src/test/java/org/apache/openejb/testing/AppComposerOpenejbConfigTest.java,12.0,7.0,3.0,3.0,2.0,6.0,4.0,rmannibucau@apache.org,1,0.001177856301531213,100.0,0.0,0.0,0.0,3716.8888888888887,100506.79060102618,1,0,0.21551962620355042,false
container/openejb-core/src/test/java/org/apache/openejb/testing/WebAppEnvEntryTest.java,21.0,9.0,1.0,2.0,6.0,3.0,2.0,andygumbrecht@apache.org,1,0.001177856301531213,50.0,0.0,0.0,0.0,3716.8888888888887,100506.79060102618,1,0,0.21551962620355042,false
container/openejb-core/src/test/java/org/apache/openejb/transaction/SerializationOfTransactionRolledBackExceptionTest.java,21.0,10.0,3.0,3.0,12.0,8.0,0.0,rmannibucau@apache.org,0,0.0,0.0,0.0,0.0,0.0,0.0,0.0,0,1,0.0,false
container/openejb-core/src/test/java/org/apache/openejb/util/classloader/URLClassLoaderFirstTest.java,31.0,10.0,3.0,3.0,14.0,10.0,3.0,andygumbrecht@apache.org,1,0.001177856301531213,33.0,0.0,0.0,0.0,3716.8888888888887,100506.79060102618,1,0,0.21551962620355042,false
container/openejb-jee/src/main/java/org/apache/openejb/jee/RunAs.java,34.0,11.0,22.0,9.0,3.0,13.0,8.0,dblevins@apache.org,1,0.001177856301531213,14.0,14.0,0.0,0.0,3716.8888888888887,100506.79060102618,1,0,0.21551962620355042,false
container/openejb-jee/src/main/java/org/apache/openejb/jee/oejb3/EjbDeployment.java,116.0,16.0,238.0,24.0,25.0,47.0,8.0,dain@apache.org,1,0.001177856301531213,9.0,9.0,0.0,0.0,3716.8888888888887,100506.79060102618,1,3,0.21551962620355042,false
container/openejb-jee/src/main/java/org/apache/openejb/jee/oejb3/RoleMapping.java,16.0,4.0,2.0,4.0,0.0,6.0,8.0,andygumbrecht@apache.org,1,0.001177856301531213,50.0,50.0,0.0,0.0,3716.8888888888887,100506.79060102618,1,0,0.21551962620355042,false
container/openejb-jpa-integration/src/main/java/org/apache/openejb/jpa/integration/MakeTxLookup.java,173.0,8.0,15.0,6.0,69.0,15.0,25.0,rmannibucau@apache.org,1,0.001177856301531213,17.0,0.0,0.0,0.0,3716.8888888888887,100506.79060102618,1,0,0.21551962620355042,false
container/openejb-loader/src/main/java/org/apache/openejb/loader/JarLocation.java,79.0,4.0,6.0,4.0,27.0,19.0,8.0,dblevins@apache.org,1,0.001177856301531213,11.0,0.0,0.0,0.0,3716.8888888888887,100506.79060102618,1,2,0.21551962620355042,false
container/openejb-loader/src/main/java/org/apache/openejb/loader/ProvisioningUtil.java,256.0,16.0,103.0,15.0,99.0,63.0,2.0,rmannibucau@apache.org,1,0.001177856301531213,14.0,4.0,0.0,0.0,3716.8888888888887,100506.79060102618,1,2,0.21551962620355042,false
container/openejb-loader/src/main/java/org/apache/openejb/loader/SystemInstance.java,250.0,8.0,341.0,30.0,63.0,75.0,3.0,rmannibucau@apache.org,1,0.001177856301531213,7.0,0.0,2.0,0.0,3716.8888888888887,100506.79060102618,1,9,0.21551962620355042,false
container/openejb-loader/src/main/java/org/apache/openejb/observer/ObserverManager.java,121.0,13.0,0.0,3.0,10.0,16.0,1.0,dblevins@apache.org,1,0.001177856301531213,4.0,0.0,4.0,0.0,128.28571428571428,106.10666261732277,1,3,3.1986731175506815,false
examples/async-postconstruct/src/main/java/org/superbiz/asyncpost/Executor.java,5.0,7.0,0.0,1.0,1.0,3.0,8.0,dblevins@apache.org,1,0.001177856301531213,100.0,0.0,0.0,0.0,128.28571428571428,106.10666261732277,1,0,3.1986731175506815,false
examples/async-postconstruct/src/main/java/org/superbiz/asyncpost/SlowStarter.java,27.0,11.0,0.0,5.0,7.0,13.0,8.0,dblevins@apache.org,1,0.001177856301531213,100.0,0.0,0.0,0.0,128.28571428571428,106.10666261732277,1,0,3.1986731175506815,false
examples/async-postconstruct/src/test/java/org/superbiz/asyncpost/SlowStarterTest.java,8.0,4.0,0.0,1.0,6.0,2.0,8.0,andygumbrecht@apache.org,1,0.001177856301531213,50.0,0.0,0.0,0.0,128.28571428571428,106.10666261732277,1,0,3.1986731175506815,false
examples/bean-validation-design-by-contract/src/test/java/org/superbiz/designbycontract/OlympicGamesTest.java,57.0,13.0,14.0,8.0,37.0,21.0,648.0,vishwanathk@apache.org,1,0.001177856301531213,25.0,0.0,25.0,25.0,9663.915032679739,610586.8423455252,1,0,1.9822777932261884,false
examples/datasource-definition/src/test/java/org/superbiz/dsdef/DataSourceDefinitionTest.java,47.0,12.0,1.0,6.0,29.0,12.0,218.0,rmannibucau@apache.org,2,0.002355712603062426,33.0,0.0,17.0,17.0,13380.803921568628,711093.6329465513,2,0,0.4057515291549242,false
examples/myfaces-codi-demo/src/main/java/org/superbiz/myfaces/CustomJsfModuleConfig.java,6.0,2.0,0.0,1.0,0.0,2.0,648.0,andygumbrecht@apache.org,1,0.001177856301531213,50.0,0.0,50.0,50.0,9663.915032679739,610586.8423455252,1,0,1.9822777932261884,false
examples/myfaces-codi-demo/src/main/java/org/superbiz/myfaces/CustomProjectStage.java,6.0,2.0,0.0,0.0,0.0,0.0,648.0,andygumbrecht@apache.org,1,0.001177856301531213,50.0,0.0,50.0,50.0,9663.915032679739,610586.8423455252,1,0,1.9822777932261884,false
examples/myfaces-codi-demo/src/main/java/org/superbiz/myfaces/DebugPhaseListener.java,13.0,9.0,1.0,3.0,4.0,5.0,648.0,andygumbrecht@apache.org,1,0.001177856301531213,50.0,0.0,50.0,50.0,9663.915032679739,610586.8423455252,1,0,1.9822777932261884,false
examples/myfaces-codi-demo/src/main/java/org/superbiz/myfaces/domain/AbstractDomainObject.java,10.0,2.0,1.0,2.0,0.0,4.0,648.0,andygumbrecht@apache.org,1,0.001177856301531213,50.0,0.0,50.0,50.0,9663.915032679739,610586.8423455252,1,0,1.9822777932261884,false
examples/myfaces-codi-demo/src/main/java/org/superbiz/myfaces/domain/Comment.java,16.0,3.0,4.0,4.0,0.0,5.0,648.0,andygumbrecht@apache.org,1,0.001177856301531213,50.0,0.0,50.0,50.0,9663.915032679739,610586.8423455252,1,0,1.9822777932261884,false
examples/myfaces-codi-demo/src/main/java/org/superbiz/myfaces/domain/Feedback.java,25.0,6.0,9.0,6.0,2.0,9.0,648.0,andygumbrecht@apache.org,1,0.001177856301531213,50.0,0.0,50.0,50.0,9663.915032679739,610586.8423455252,1,0,1.9822777932261884,false
examples/myfaces-codi-demo/src/main/java/org/superbiz/myfaces/domain/User.java,38.0,8.0,25.0,10.0,0.0,14.0,648.0,andygumbrecht@apache.org,1,0.001177856301531213,50.0,0.0,50.0,50.0,9663.915032679739,610586.8423455252,1,0,1.9822777932261884,false
examples/myfaces-codi-demo/src/main/java/org/superbiz/myfaces/domain/validation/DifferentName.java,0.0,0.0,0.0,0.0,0.0,0.0,648.0,andygumbrecht@apache.org,1,0.001177856301531213,50.0,0.0,50.0,50.0,9663.915032679739,610586.8423455252,1,0,1.9822777932261884,false
examples/myfaces-codi-demo/src/main/java/org/superbiz/myfaces/domain/validation/DifferentNameValidator.java,7.0,3.0,1.0,2.0,3.0,5.0,648.0,andygumbrecht@apache.org,1,0.001177856301531213,33.0,0.0,33.0,33.0,9663.915032679739,610586.8423455252,1,0,1.9822777932261884,false
examples/myfaces-codi-demo/src/main/java/org/superbiz/myfaces/domain/validation/Full.java,2.0,2.0,0.0,0.0,0.0,0.0,648.0,andygumbrecht@apache.org,1,0.001177856301531213,50.0,0.0,50.0,50.0,9663.915032679739,610586.8423455252,1,0,1.9822777932261884,false
examples/myfaces-codi-demo/src/main/java/org/superbiz/myfaces/domain/validation/Name.java,0.0,0.0,0.0,0.0,0.0,0.0,648.0,andygumbrecht@apache.org,1,0.001177856301531213,50.0,0.0,50.0,50.0,9663.915032679739,610586.8423455252,1,0,1.9822777932261884,false
examples/myfaces-codi-demo/src/main/java/org/superbiz/myfaces/domain/validation/Partial.java,2.0,0.0,0.0,0.0,0.0,0.0,648.0,andygumbrecht@apache.org,1,0.001177856301531213,50.0,0.0,50.0,50.0,9663.915032679739,610586.8423455252,1,0,1.9822777932261884,false
examples/myfaces-codi-demo/src/main/java/org/superbiz/myfaces/domain/validation/UniqueUserName.java,2.0,0.0,0.0,0.0,0.0,0.0,648.0,andygumbrecht@apache.org,1,0.001177856301531213,50.0,0.0,50.0,50.0,9663.915032679739,610586.8423455252,1,0,1.9822777932261884,false
examples/myfaces-codi-demo/src/main/java/org/superbiz/myfaces/domain/validation/UniqueUserNameValidator.java,8.0,6.0,1.0,2.0,1.0,4.0,648.0,andygumbrecht@apache.org,1,0.001177856301531213,50.0,0.0,50.0,50.0,9663.915032679739,610586.8423455252,1,0,1.9822777932261884,false
examples/myfaces-codi-demo/src/main/java/org/superbiz/myfaces/domain/validation/UserName.java,0.0,0.0,0.0,0.0,0.0,0.0,648.0,andygumbrecht@apache.org,1,0.001177856301531213,50.0,0.0,50.0,50.0,9663.915032679739,610586.8423455252,1,0,1.9822777932261884,false
examples/myfaces-codi-demo/src/main/java/org/superbiz/myfaces/repository/FeedbackRepository.java,2.0,1.0,0.0,0.0,0.0,0.0,648.0,andygumbrecht@apache.org,1,0.001177856301531213,50.0,0.0,50.0,50.0,9663.915032679739,610586.8423455252,1,0,1.9822777932261884,false
examples/myfaces-codi-demo/src/main/java/org/superbiz/myfaces/repository/GenericRepository.java,7.0,3.0,10.0,5.0,0.0,5.0,648.0,andygumbrecht@apache.org,1,0.001177856301531213,50.0,0.0,50.0,50.0,9663.915032679739,610586.8423455252,1,0,1.9822777932261884,false
examples/myfaces-codi-demo/src/main/java/org/superbiz/myfaces/repository/Repository.java,0.0,0.0,0.0,0.0,0.0,0.0,328.0,andygumbrecht@apache.org,1,0.001177856301531213,50.0,0.0,50.0,50.0,9663.915032679739,610586.8423455252,1,0,1.9822777932261884,false
examples/myfaces-codi-demo/src/main/java/org/superbiz/myfaces/repository/UserRepository.java,3.0,1.0,0.0,1.0,0.0,1.0,648.0,andygumbrecht@apache.org,1,0.001177856301531213,50.0,0.0,50.0,50.0,9663.915032679739,610586.8423455252,1,0,1.9822777932261884,false
examples/myfaces-codi-demo/src/main/java/org/superbiz/myfaces/repository/jpa/AbstractGenericJpaRepository.java,54.0,7.0,0.0,6.0,20.0,20.0,648.0,andygumbrecht@apache.org,1,0.001177856301531213,50.0,0.0,50.0,50.0,9663.915032679739,610586.8423455252,1,0,1.9822777932261884,false
examples/myfaces-codi-demo/src/main/java/org/superbiz/myfaces/repository/jpa/EntityManagerProducer.java,11.0,8.0,1.0,2.0,3.0,4.0,648.0,andygumbrecht@apache.org,1,0.001177856301531213,50.0,0.0,50.0,50.0,9663.915032679739,610586.8423455252,1,0,1.9822777932261884,false
examples/myfaces-codi-demo/src/main/java/org/superbiz/myfaces/repository/jpa/JpaFeedbackRepository.java,3.0,3.0,0.0,0.0,0.0,0.0,648.0,andygumbrecht@apache.org,1,0.001177856301531213,50.0,0.0,50.0,50.0,9663.915032679739,610586.8423455252,1,0,1.9822777932261884,false
examples/myfaces-codi-demo/src/main/java/org/superbiz/myfaces/repository/jpa/JpaUserRepository.java,12.0,5.0,0.0,1.0,6.0,4.0,648.0,andygumbrecht@apache.org,1,0.001177856301531213,50.0,0.0,50.0,50.0,9663.915032679739,610586.8423455252,1,0,1.9822777932261884,false
examples/myfaces-codi-demo/src/main/java/org/superbiz/myfaces/startup/ModuleStartupObserver.java,8.0,5.0,0.0,1.0,2.0,2.0,648.0,andygumbrecht@apache.org,1,0.001177856301531213,50.0,0.0,50.0,50.0,9663.915032679739,610586.8423455252,1,0,1.9822777932261884,false
examples/myfaces-codi-demo/src/main/java/org/superbiz/myfaces/startup/SampleDataStartupObserver.java,18.0,11.0,1.0,2.0,12.0,2.0,648.0,andygumbrecht@apache.org,1,0.001177856301531213,50.0,0.0,50.0,50.0,9663.915032679739,610586.8423455252,1,0,1.9822777932261884,false
examples/myfaces-codi-demo/src/main/java/org/superbiz/myfaces/view/FeedbackPage.java,23.0,10.0,0.0,5.0,4.0,7.0,648.0,andygumbrecht@apache.org,1,0.001177856301531213,50.0,0.0,50.0,50.0,9663.915032679739,610586.8423455252,1,0,1.9822777932261884,false
examples/myfaces-codi-demo/src/main/java/org/superbiz/myfaces/view/InfoPage.java,0.0,0.0,0.0,0.0,0.0,0.0,648.0,andygumbrecht@apache.org,1,0.001177856301531213,50.0,0.0,50.0,50.0,9663.915032679739,610586.8423455252,1,0,1.9822777932261884,false
examples/myfaces-codi-demo/src/main/java/org/superbiz/myfaces/view/MenuBean.java,23.0,4.0,0.0,5.0,5.0,10.0,648.0,andygumbrecht@apache.org,1,0.001177856301531213,50.0,0.0,50.0,50.0,9663.915032679739,610586.8423455252,1,0,1.9822777932261884,false
examples/myfaces-codi-demo/src/main/java/org/superbiz/myfaces/view/RegistrationPage.java,34.0,14.0,2.0,5.0,16.0,11.0,648.0,andygumbrecht@apache.org,1,0.001177856301531213,50.0,0.0,50.0,50.0,9663.915032679739,610586.8423455252,1,0,1.9822777932261884,false
examples/myfaces-codi-demo/src/main/java/org/superbiz/myfaces/view/UserHolder.java,13.0,8.0,0.0,3.0,1.0,5.0,648.0,andygumbrecht@apache.org,1,0.001177856301531213,50.0,0.0,50.0,50.0,9663.915032679739,610586.8423455252,1,0,1.9822777932261884,false
examples/myfaces-codi-demo/src/main/java/org/superbiz/myfaces/view/config/Pages.java,14.0,9.0,0.0,0.0,0.0,0.0,648.0,andygumbrecht@apache.org,1,0.001177856301531213,50.0,0.0,50.0,50.0,9663.915032679739,610586.8423455252,1,0,1.9822777932261884,false
examples/myfaces-codi-demo/src/main/java/org/superbiz/myfaces/view/security/LoginAccessDecisionVoter.java,10.0,9.0,0.0,1.0,6.0,2.0,648.0,andygumbrecht@apache.org,1,0.001177856301531213,50.0,0.0,50.0,50.0,9663.915032679739,610586.8423455252,1,0,1.9822777932261884,false
examples/myfaces-codi-demo/src/main/java/org/superbiz/myfaces/view/util/InfoBean.java,52.0,18.0,37.0,10.0,20.0,23.0,648.0,andygumbrecht@apache.org,1,0.001177856301531213,50.0,0.0,50.0,50.0,9663.915032679739,610586.8423455252,1,0,1.9822777932261884,false
examples/rest-example/src/main/java/org/superbiz/rest/batcher/SampleDataManager.java,25.0,16.0,3.0,3.0,7.0,3.0,648.0,andygumbrecht@apache.org,1,0.001177856301531213,25.0,0.0,25.0,25.0,9663.915032679739,610586.8423455252,1,0,1.9822777932261884,false
examples/rest-example/src/main/java/org/superbiz/rest/dao/CommentDAO.java,34.0,8.0,0.0,4.0,13.0,13.0,648.0,andygumbrecht@apache.org,1,0.001177856301531213,25.0,0.0,25.0,25.0,9663.915032679739,610586.8423455252,1,1,1.9822777932261884,false
examples/rest-example/src/main/java/org/superbiz/rest/dao/DAO.java,34.0,7.0,0.0,7.0,13.0,14.0,648.0,andygumbrecht@apache.org,1,0.001177856301531213,33.0,0.0,33.0,33.0,9663.915032679739,610586.8423455252,1,0,1.9822777932261884,false
examples/rest-example/src/main/java/org/superbiz/rest/dao/PostDAO.java,34.0,7.0,0.0,5.0,13.0,11.0,648.0,andygumbrecht@apache.org,1,0.001177856301531213,33.0,0.0,33.0,33.0,9663.915032679739,610586.8423455252,1,0,1.9822777932261884,false
examples/rest-example/src/main/java/org/superbiz/rest/dao/UserDAO.java,29.0,6.0,0.0,5.0,12.0,11.0,648.0,andygumbrecht@apache.org,1,0.001177856301531213,33.0,0.0,33.0,33.0,9663.915032679739,610586.8423455252,1,0,1.9822777932261884,false
examples/rest-jaas/src/main/java/org/superbiz/jaxrs/jaas/JAASSecuredRestEndpoint.java,6.0,8.0,0.0,1.0,2.0,2.0,328.0,andygumbrecht@apache.org,2,0.002355712603062426,100.0,0.0,50.0,50.0,13380.803921568628,711093.6329465513,2,0,0.4057515291549242,false
examples/simple-singleton/src/main/java/org/superbiz/registry/ComponentRegistry.java,15.0,8.0,0.0,4.0,4.0,8.0,6.0,dblevins@apache.org,1,0.001177856301531213,17.0,0.0,0.0,0.0,3716.8888888888887,100506.79060102618,1,0,0.21551962620355042,false
examples/simple-singleton/src/main/java/org/superbiz/registry/PropertyRegistry.java,18.0,7.0,0.0,5.0,6.0,8.0,6.0,andygumbrecht@apache.org,1,0.001177856301531213,25.0,0.0,0.0,0.0,3716.8888888888887,100506.79060102618,1,0,0.21551962620355042,false
examples/simple-singleton/src/test/java/org/superbiz/registry/ComponentRegistryTest.java,30.0,8.0,0.0,2.0,12.0,3.0,327.0,andygumbrecht@apache.org,2,0.002355712603062426,50.0,0.0,25.0,25.0,13380.803921568628,711093.6329465513,2,0,0.4057515291549242,false
examples/simple-singleton/src/test/java/org/superbiz/registry/PropertiesRegistryTest.java,23.0,5.0,0.0,2.0,8.0,3.0,218.0,andygumbrecht@apache.org,2,0.002355712603062426,60.0,20.0,20.0,20.0,13380.803921568628,711093.6329465513,2,0,0.16792484691628362,false
maven/jarstxt-maven-plugin/src/main/java/org/apache/openejb/maven/jarstxt/JarsTxtMojo.java,100.0,31.0,10.0,5.0,43.0,16.0,0.0,rmannibucau@apache.org,0,0.0,0.0,0.0,0.0,0.0,0.0,0.0,0,0,0.0,false
maven/tomee-maven-plugin/src/main/java/org/apache/openejb/maven/plugin/AbstractTomEEMojo.java,637.0,54.0,182.0,24.0,211.0,99.0,2.0,rmannibucau@apache.org,1,0.001177856301531213,4.0,0.0,1.0,0.0,3716.8888888888887,100506.79060102618,1,6,0.21551962620355042,false
server/openejb-client/src/main/java/org/apache/openejb/client/AbstractConnectionStrategy.java,70.0,8.0,10.0,5.0,23.0,14.0,0.0,andygumbrecht@apache.org,0,0.0,0.0,0.0,0.0,0.0,0.0,0.0,0,2,0.0,false
server/openejb-client/src/main/java/org/apache/openejb/client/ClientDataSource.java,80.0,9.0,74.0,13.0,22.0,37.0,0.0,null,0,0.0,0.0,0.0,0.0,0.0,0.0,0.0,0,2,0.0,false
server/openejb-client/src/main/java/org/apache/openejb/client/EJBObjectHandler.java,333.0,24.0,208.0,21.0,66.0,60.0,29.0,null,2,0.002355712603062426,21.0,8.0,5.0,0.0,13380.803921568628,711093.6329465513,2,6,0.658180242434717,false
server/openejb-client/src/main/java/org/apache/openejb/client/MulticastPulseClient.java,494.0,35.0,116.0,16.0,176.0,85.0,0.0,andygumbrecht@apache.org,0,0.0,0.0,0.0,0.0,0.0,0.0,0.0,0,8,0.0,false
server/openejb-client/src/main/java/org/apache/openejb/client/proxy/Jdk13InvocationHandler.java,20.0,2.0,0.0,5.0,2.0,11.0,141.0,andygumbrecht@apache.org,1,0.001177856301531213,17.0,0.0,0.0,0.0,9663.915032679739,610586.8423455252,1,0,1.9822777932261884,false
server/openejb-cxf-rs/src/main/java/org/apache/openejb/server/cxf/rs/CxfRsHttpListener.java,387.0,53.0,84.0,17.0,157.0,54.0,0.0,rmannibucau@apache.org,0,0.0,0.0,0.0,0.0,0.0,0.0,0.0,0,8,0.0,false
server/openejb-cxf-rs/src/main/java/org/apache/openejb/server/cxf/rs/OpenEJBEJBInvoker.java,57.0,20.0,4.0,4.0,25.0,16.0,0.0,rmannibucau@apache.org,0,0.0,0.0,0.0,0.0,0.0,0.0,0.0,0,6,0.0,false
server/openejb-cxf-rs/src/main/java/org/apache/openejb/server/cxf/rs/OpenEJBPerRequestPojoResourceProvider.java,227.0,33.0,2.0,5.0,29.0,16.0,0.0,rmannibucau@apache.org,0,0.0,0.0,0.0,0.0,0.0,0.0,0.0,0,3,0.0,false
server/openejb-cxf-rs/src/test/java/org/apache/openejb/server/cxf/rs/AdvancedProviderConfigTest.java,38.0,29.0,1.0,2.0,15.0,5.0,1.0,andygumbrecht@apache.org,1,0.001177856301531213,33.0,0.0,0.0,0.0,3716.8888888888887,100506.79060102618,1,0,0.21551962620355042,false
server/openejb-cxf-rs/src/test/java/org/apache/openejb/server/cxf/rs/CheckedExceptionMapperTest.java,33.0,21.0,1.0,2.0,11.0,4.0,0.0,andygumbrecht@apache.org,0,0.0,0.0,0.0,0.0,0.0,0.0,0.0,0,1,0.0,false
server/openejb-cxf-transport/src/main/java/org/apache/openejb/server/cxf/transport/util/CxfContainerClassLoader.java,82.0,3.0,0.0,11.0,22.0,29.0,0.0,rmannibucau@apache.org,0,0.0,0.0,0.0,0.0,0.0,0.0,0.0,0,0,0.0,false
server/openejb-cxf-transport/src/main/java/org/apache/openejb/server/cxf/transport/util/CxfUtil.java,178.0,29.0,70.0,13.0,84.0,41.0,2.0,rmannibucau@apache.org,1,0.001177856301531213,8.0,0.0,0.0,0.0,3716.8888888888887,100506.79060102618,1,3,0.21551962620355042,false
server/openejb-ejbd/src/main/java/org/apache/openejb/server/ejbd/EjbRequestHandler.java,357.0,25.0,172.0,20.0,163.0,59.0,15.0,dblevins@apache.org,2,0.002355712603062426,20.0,7.0,9.0,0.0,13380.803921568628,711093.6329465513,2,12,0.5100903646188037,false
server/openejb-http/src/main/java/org/apache/openejb/server/httpd/EndWebBeansListener.java,127.0,18.0,27.0,10.0,39.0,23.0,4.0,rmannibucau@apache.org,1,0.001177856301531213,6.0,0.0,0.0,6.0,3716.8888888888887,100506.79060102618,1,0,0.21551962620355042,false
server/openejb-rest/src/main/java/org/apache/openejb/server/rest/RESTService.java,795.0,45.0,617.0,42.0,263.0,138.0,2.0,rmannibucau@apache.org,1,0.001177856301531213,3.0,0.0,1.0,0.0,3716.8888888888887,100506.79060102618,1,17,0.21551962620355042,false
server/openejb-rest/src/main/java/org/apache/openejb/server/rest/RsRegistry.java,12.0,2.0,1.0,2.0,0.0,2.0,0.0,rmannibucau@apache.org,0,0.0,0.0,0.0,0.0,0.0,0.0,0.0,0,3,0.0,false
server/openejb-rest/src/main/java/org/apache/openejb/server/rest/RsRegistryImpl.java,24.0,6.0,0.0,2.0,8.0,7.0,0.0,rmannibucau@apache.org,0,0.0,0.0,0.0,0.0,0.0,0.0,0.0,0,3,0.0,false
server/openejb-server/src/main/java/org/apache/openejb/server/ServiceLogger.java,61.0,10.0,8.0,5.0,15.0,15.0,0.0,dblevins@apache.org,0,0.0,0.0,0.0,0.0,0.0,0.0,0.0,0,3,0.0,false
server/openejb-server/src/main/java/org/apache/openejb/server/ServiceManager.java,206.0,23.0,141.0,18.0,78.0,54.0,0.0,dblevins@apache.org,0,0.0,0.0,0.0,0.0,0.0,0.0,0.0,0,14,0.0,false
server/openejb-server/src/main/java/org/apache/openejb/server/SimpleServiceManager.java,177.0,14.0,10.0,8.0,43.0,25.0,0.0,rmannibucau@apache.org,0,0.0,0.0,0.0,0.0,0.0,0.0,0.0,0,5,0.0,false
server/openejb-server/src/main/java/org/apache/openejb/server/osgi/ServiceManagerExtender.java,190.0,23.0,6.0,8.0,22.0,22.0,0.0,andygumbrecht@apache.org,0,0.0,0.0,0.0,0.0,0.0,0.0,0.0,0,1,0.0,false
server/openejb-webservices/src/main/java/org/apache/openejb/server/webservices/WsService.java,391.0,54.0,367.0,31.0,106.0,75.0,3.0,rmannibucau@apache.org,1,0.001177856301531213,4.0,0.0,0.0,0.0,3716.8888888888887,100506.79060102618,1,9,0.21551962620355042,false
tck/cdi-embedded/src/test/java/org/apache/openejb/tck/cdi/embedded/BeansImpl.java,27.0,7.0,3.0,3.0,10.0,8.0,0.0,dblevins@apache.org,0,0.0,0.0,0.0,0.0,0.0,0.0,0.0,0,0,0.0,false
tck/cdi-tomee-embedded/src/main/java/org/apache/openejb/tck/cdi/tomee/embedded/BeansImpl.java,27.0,7.0,3.0,3.0,10.0,8.0,0.0,dblevins@apache.org,0,0.0,0.0,0.0,0.0,0.0,0.0,0.0,0,0,0.0,false
tck/cdi-tomee-embedded/src/main/java/org/apache/openejb/tck/cdi/tomee/embedded/ELImpl.java,44.0,17.0,8.0,5.0,7.0,9.0,0.0,dblevins@apache.org,0,0.0,0.0,0.0,0.0,0.0,0.0,0.0,0,0,0.0,false
tck/cdi-tomee/src/main/java/org/apache/openejb/tck/cdi/tomee/BeansImpl.java,62.0,10.0,3.0,3.0,10.0,8.0,0.0,dblevins@apache.org,0,0.0,0.0,0.0,0.0,0.0,0.0,0.0,0,1,0.0,false
tck/cdi-tomee/src/main/java/org/apache/openejb/tck/cdi/tomee/ELImpl.java,42.0,16.0,8.0,5.0,7.0,9.0,0.0,rmannibucau@apache.org,0,0.0,0.0,0.0,0.0,0.0,0.0,0.0,0,1,0.0,false
tck/tck-common/src/main/java/org/apache/openejb/tck/impl/ContainersImplTomEE.java,110.0,17.0,16.0,8.0,34.0,29.0,1.0,rmannibucau@apache.org,1,0.001177856301531213,4.0,0.0,0.0,0.0,3716.8888888888887,100506.79060102618,1,10,0.21551962620355042,false
tomee/tomee-catalina/src/main/java/org/apache/tomee/catalina/JavaeeInstanceManager.java,113.0,12.0,0.0,8.0,42.0,28.0,0.0,rmannibucau@apache.org,0,0.0,0.0,0.0,0.0,0.0,0.0,0.0,0,4,0.0,false
tomee/tomee-catalina/src/main/java/org/apache/tomee/catalina/LazyStopWebappClassLoader.java,147.0,14.0,154.0,20.0,38.0,51.0,3.0,rmannibucau@apache.org,1,0.001177856301531213,8.0,0.0,0.0,2.0,3716.8888888888887,100506.79060102618,1,5,0.21551962620355042,false
tomee/tomee-catalina/src/main/java/org/apache/tomee/catalina/OpenEJBContextConfig.java,412.0,59.0,221.0,23.0,145.0,92.0,4.0,rmannibucau@apache.org,1,0.001177856301531213,6.0,0.0,1.0,1.0,3716.8888888888887,100506.79060102618,1,12,0.21551962620355042,false
tomee/tomee-catalina/src/main/java/org/apache/tomee/catalina/TomEEClassLoaderEnricher.java,123.0,17.0,3.0,3.0,30.0,19.0,8.0,rmannibucau@apache.org,1,0.001177856301531213,5.0,0.0,0.0,0.0,3716.8888888888887,100506.79060102618,1,1,0.21551962620355042,false
tomee/tomee-catalina/src/main/java/org/apache/tomee/catalina/TomcatJndiBuilder.java,629.0,88.0,52.0,20.0,206.0,73.0,8.0,rmannibucau@apache.org,1,0.001177856301531213,4.0,0.0,0.0,0.0,3716.8888888888887,100506.79060102618,1,2,0.21551962620355042,false
tomee/tomee-catalina/src/main/java/org/apache/tomee/catalina/TomcatLoader.java,278.0,46.0,24.0,8.0,85.0,25.0,4.0,rmannibucau@apache.org,1,0.001177856301531213,4.0,0.0,2.0,0.0,3716.8888888888887,100506.79060102618,1,6,0.21551962620355042,false
tomee/tomee-catalina/src/main/java/org/apache/tomee/catalina/TomcatResourceFactory.java,46.0,9.0,2.0,5.0,14.0,11.0,2.0,rmannibucau@apache.org,1,0.001177856301531213,12.0,0.0,0.0,0.0,3716.8888888888887,100506.79060102618,1,0,0.21551962620355042,false
tomee/tomee-catalina/src/main/java/org/apache/tomee/catalina/TomcatWebAppBuilder.java,1674.0,141.0,2031.0,67.0,594.0,238.0,3.0,rmannibucau@apache.org,1,0.001177856301531213,3.0,0.0,0.0,0.0,3716.8888888888887,100506.79060102618,1,44,0.21551962620355042,false
tomee/tomee-catalina/src/main/java/org/apache/tomee/catalina/Warmup.java,66.0,5.0,3.0,3.0,3.0,9.0,1.0,rmannibucau@apache.org,1,0.001177856301531213,22.0,0.0,17.0,0.0,3716.8888888888887,100506.79060102618,1,0,0.21551962620355042,false
tomee/tomee-catalina/src/main/java/org/apache/tomee/catalina/cdi/SessionContextBackedByHttpSession.java,180.0,16.0,0.0,4.0,6.0,11.0,0.0,rmannibucau@apache.org,0,0.0,0.0,0.0,0.0,0.0,0.0,0.0,0,2,0.0,false
tomee/tomee-catalina/src/main/java/org/apache/tomee/catalina/cdi/SessionNormalScopeBeanHandler.java,76.0,12.0,0.0,4.0,15.0,9.0,2.0,rmannibucau@apache.org,1,0.001177856301531213,38.0,0.0,0.0,12.0,3716.8888888888887,100506.79060102618,1,0,0.21551962620355042,false
tomee/tomee-catalina/src/main/java/org/apache/tomee/catalina/realm/TomEEDataSourceRealm.java,53.0,13.0,1.0,3.0,19.0,10.0,0.0,tveronezi@apache.org,0,0.0,0.0,0.0,0.0,0.0,0.0,0.0,0,1,0.0,false
tomee/tomee-catalina/src/main/java/org/apache/tomee/catalina/session/QuickSessionManager.java,5.0,1.0,0.0,1.0,1.0,1.0,0.0,tveronezi@apache.org,0,0.0,0.0,0.0,0.0,0.0,0.0,0.0,0,1,0.0,false
tomee/tomee-common/src/main/java/org/apache/tomee/installer/Installer.java,480.0,14.0,18.0,25.0,148.0,80.0,2.0,rmannibucau@apache.org,1,0.001177856301531213,3.0,0.0,2.0,0.0,3716.8888888888887,100506.79060102618,1,4,0.21551962620355042,false
tomee/tomee-embedded/src/main/java/org/apache/tomee/embedded/Configuration.java,128.0,2.0,492.0,33.0,2.0,53.0,5.0,rmannibucau@apache.org,1,0.001177856301531213,5.0,0.0,0.0,0.0,3716.8888888888887,100506.79060102618,1,3,0.21551962620355042,false
tomee/tomee-embedded/src/main/java/org/apache/tomee/embedded/Container.java,360.0,46.0,130.0,20.0,128.0,63.0,4.0,rmannibucau@apache.org,1,0.001177856301531213,3.0,0.0,2.0,0.0,3716.8888888888887,100506.79060102618,1,8,0.21551962620355042,false
tomee/tomee-embedded/src/test/java/org/apache/tomee/embedded/SslTomEETest.java,42.0,7.0,0.0,1.0,18.0,5.0,5.0,rmannibucau@apache.org,1,0.001177856301531213,25.0,0.0,0.0,0.0,3716.8888888888887,100506.79060102618,1,0,0.21551962620355042,false
tomee/tomee-jaxrs/src/main/java/org/apache/tomee/webservices/TomcatRsRegistry.java,93.0,12.0,2.0,5.0,38.0,20.0,1.0,rmannibucau@apache.org,1,0.001177856301531213,5.0,0.0,0.0,0.0,3716.8888888888887,100506.79060102618,1,2,0.21551962620355042,false
tomee/tomee-myfaces/src/main/java/org/apache/tomee/myfaces/TomEEMyFacesContainerInitializer.java,117.0,29.0,13.0,6.0,48.0,22.0,8.0,rmannibucau@apache.org,1,0.001177856301531213,6.0,0.0,0.0,0.0,3716.8888888888887,100506.79060102618,1,1,0.21551962620355042,false
tomee/tomee-util/src/main/java/org/apache/tomee/util/SimpleTomEEFormatter.java,23.0,3.0,0.0,1.0,8.0,6.0,2.0,andygumbrecht@apache.org,1,0.001177856301531213,25.0,0.0,0.0,0.0,3716.8888888888887,100506.79060102618,1,0,0.21551962620355042,false
tomee/tomee-util/src/test/java/org/apache/tomee/util/SimpleTomEEFormatterTest.java,46.0,6.0,0.0,2.0,17.0,6.0,2.0,rmannibucau@apache.org,1,0.001177856301531213,50.0,0.0,0.0,0.0,3716.8888888888887,100506.79060102618,1,0,0.21551962620355042,false
tomee/tomee-webapp/src/test/java/org/apache/tomee/webapp/test/TestCommandExecution.java,31.0,10.0,0.0,1.0,4.0,2.0,0.0,tveronezi@apache.org,0,0.0,0.0,0.0,0.0,0.0,0.0,0.0,0,1,0.0,false
tomee/tomee-webservices/src/main/java/org/apache/tomee/webservices/TomcatWsRegistry.java,269.0,34.0,21.0,10.0,102.0,44.0,14.0,rmannibucau@apache.org,1,0.001177856301531213,4.0,0.0,0.0,0.0,3716.8888888888887,100506.79060102618,1,4,0.21551962620355042,false
utils/openejb-mockito/src/main/java/org/apache/openejb/mockito/MockitoExtension.java,102.0,19.0,0.0,1.0,6.0,2.0,0.0,rmannibucau@apache.org,0,0.0,0.0,0.0,0.0,0.0,0.0,0.0,0,0,0.0,false
utils/openejb-provisionning/src/main/java/org/apache/openejb/resolver/maven/Parser.java,109.0,5.0,0.0,15.0,36.0,43.0,0.0,dblevins@apache.org,0,0.0,0.0,0.0,0.0,0.0,0.0,0.0,0,0,0.0,false
utils/openejb-provisionning/src/test/java/org/apache/openejb/resolver/maven/ParserTest.java,171.0,4.0,1.0,2.0,16.0,10.0,0.0,dblevins@apache.org,0,0.0,0.0,0.0,0.0,0.0,0.0,0.0,0,0,0.0,false
