name,LOC,CBO,LCOM,NOM,RFC,WMC,ACS,Ownership,numOfChanges,numberOfFIChanges,ENH,NF,BugFixing,REF,structuralWorkloadSum,semanticWorkloadSum,numberOfDeveloper,pastFaults,MAF,isBuggy
arquillian/arquillian-common/src/main/java/org/apache/openejb/arquillian/common/enrichment/OpenEJBEnricher.java,201.0,35.0,13.0,6.0,41.0,24.0,4.0,rmannibucau@apache.org,1,0.0035335689045936395,5.0,0.0,5.0,0.0,4224.015267175572,96067.91252812804,1,4,0.041281658973303874,false
arquillian/arquillian-openejb-embedded-5/src/main/java/org/apache/openejb/arquillian/openejb/Closeables.java,12.0,4.0,0.0,2.0,3.0,4.0,0.0,rmannibucau@apache.org,0,0.0,0.0,0.0,0.0,0.0,0.0,0.0,0,1,0.0,false
arquillian/arquillian-openejb-embedded-5/src/main/java/org/apache/openejb/arquillian/openejb/OpenEJBArchiveProcessor.java,453.0,57.0,65.0,15.0,166.0,58.0,5.0,rmannibucau@apache.org,1,0.0035335689045936395,19.0,10.0,24.0,14.0,4224.015267175572,96067.91252812804,1,3,0.041281658973303874,false
arquillian/arquillian-openejb-embedded-5/src/main/java/org/apache/openejb/arquillian/openejb/OpenEJBConfiguration.java,32.0,7.0,28.0,9.0,6.0,14.0,9.0,rmannibucau@apache.org,1,0.0,0.0,0.0,0.0,0.0,4224.015267175572,96067.91252812804,1,0,0.041281658973303874,false
arquillian/arquillian-openejb-embedded-5/src/main/java/org/apache/openejb/arquillian/openejb/OpenEJBDeployableContainer.java,236.0,57.0,31.0,11.0,79.0,44.0,6.0,rmannibucau@apache.org,1,0.0035335689045936395,0.0,12.0,0.0,0.0,4224.015267175572,96067.91252812804,1,2,0.041281658973303874,false
arquillian/arquillian-openejb-embedded-5/src/main/java/org/apache/openejb/arquillian/openejb/SWClassLoader.java,189.0,30.0,25.0,10.0,41.0,41.0,8.0,rmannibucau@apache.org,1,0.0035335689045936395,14.0,0.0,14.0,14.0,4224.015267175572,96067.91252812804,1,1,0.041281658973303874,false
arquillian/arquillian-openejb-embedded-5/src/main/java/org/apache/openejb/arquillian/openejb/cucumber/ArchiveResourceIteratorFactory.java,52.0,14.0,10.0,5.0,25.0,14.0,7.0,rmannibucau@apache.org,1,0.0035335689045936395,20.0,0.0,40.0,20.0,4224.015267175572,96067.91252812804,1,0,0.041281658973303874,false
arquillian/arquillian-openejb-embedded-5/src/main/java/org/apache/openejb/arquillian/openejb/http/WebArchiveResourceProvider.java,9.0,3.0,0.0,1.0,5.0,3.0,14.0,rmannibucau@apache.org,1,0.0035335689045936395,33.0,0.0,0.0,0.0,4224.015267175572,96067.91252812804,1,0,0.041281658973303874,false
arquillian/arquillian-openejb-embedded-5/src/main/java/org/apache/openejb/arquillian/openejb/server/ServiceManagers.java,24.0,6.0,3.0,3.0,14.0,8.0,0.0,rmannibucau@apache.org,0,0.0,0.0,0.0,0.0,0.0,0.0,0.0,0,0,0.0,false
arquillian/arquillian-openejb-embedded-5/src/test/java/org/apache/openejb/arquillian/openejb/ExceptionInjectionTest.java,13.0,15.0,1.0,2.0,7.0,3.0,0.0,rmannibucau@apache.org,0,0.0,0.0,0.0,0.0,0.0,0.0,0.0,0,1,0.0,false
arquillian/arquillian-tomee-common/src/main/java/org/apache/openejb/arquillian/common/Setup.java,304.0,24.0,131.0,18.0,127.0,69.0,1.0,rmannibucau@apache.org,1,0.0035335689045936395,3.0,3.0,0.0,0.0,4224.015267175572,96067.91252812804,1,7,0.041281658973303874,false
arquillian/arquillian-tomee-common/src/main/java/org/apache/openejb/arquillian/common/TestClassDiscoverer.java,133.0,24.0,3.0,3.0,48.0,18.0,0.0,rmannibucau@apache.org,0,0.0,0.0,0.0,0.0,0.0,0.0,0.0,0,4,0.0,false
arquillian/arquillian-tomee-common/src/main/java/org/apache/openejb/arquillian/common/TomEEConfiguration.java,161.0,9.0,803.0,42.0,12.0,67.0,0.0,rmannibucau@apache.org,0,0.0,0.0,0.0,0.0,0.0,0.0,0.0,0,3,0.0,false
arquillian/arquillian-tomee-common/src/main/java/org/apache/openejb/arquillian/common/TomEEContainer.java,388.0,40.0,187.0,22.0,141.0,85.0,0.0,rmannibucau@apache.org,0,0.0,0.0,0.0,0.0,0.0,0.0,0.0,0,14,0.0,false
arquillian/arquillian-tomee-common/src/test/java/org/apache/openejb/arquillian/common/SetupTest.java,45.0,8.0,15.0,6.0,21.0,14.0,2.0,rmannibucau@apache.org,1,0.0,0.0,0.0,0.0,0.0,4224.015267175572,96067.91252812804,1,1,0.041281658973303874,false
arquillian/arquillian-tomee-embedded/src/main/java/org/apache/openejb/arquillian/embedded/EmbeddedTomEEConfiguration.java,121.0,10.0,272.0,25.0,13.0,45.0,0.0,rmannibucau@apache.org,0,0.0,0.0,0.0,0.0,0.0,0.0,0.0,0,2,0.0,false
arquillian/arquillian-tomee-embedded/src/main/java/org/apache/openejb/arquillian/embedded/EmbeddedTomEEContainer.java,134.0,30.0,3.0,10.0,92.0,31.0,0.0,rmannibucau@apache.org,0,0.0,0.0,0.0,0.0,0.0,0.0,0.0,0,8,0.0,false
arquillian/arquillian-tomee-tests/arquillian-tomee-jaxws-tests/src/test/java/org/apache/openejb/arquillian/tests/jaxws/JAXWSTest.java,11.0,11.0,1.0,2.0,9.0,4.0,0.0,andygumbrecht@apache.org,0,0.0,0.0,0.0,0.0,0.0,0.0,0.0,0,1,0.0,false
container/openejb-core/src/main/java/org/apache/openejb/BeanContext.java,1404.0,76.0,11600.0,156.0,388.0,369.0,3.0,rmannibucau@apache.org,1,0.0035335689045936395,1.0,1.0,1.0,0.0,4224.015267175572,96067.91252812804,1,17,0.041281658973303874,false
container/openejb-core/src/main/java/org/apache/openejb/Extensions.java,71.0,12.0,0.0,5.0,16.0,12.0,2.0,rmannibucau@apache.org,1,0.0,0.0,0.0,0.0,0.0,4224.015267175572,96067.91252812804,1,0,0.041281658973303874,false
container/openejb-core/src/main/java/org/apache/openejb/Injector.java,73.0,8.0,8.0,5.0,20.0,19.0,0.0,tveronezi@apache.org,0,0.0,0.0,0.0,0.0,0.0,0.0,0.0,0,0,0.0,false
container/openejb-core/src/main/java/org/apache/openejb/OpenEjbContainer.java,482.0,64.0,5.0,7.0,32.0,22.0,0.0,rmannibucau@apache.org,0,0.0,0.0,0.0,0.0,0.0,0.0,0.0,0,17,0.0,false
container/openejb-core/src/main/java/org/apache/openejb/assembler/DeployerEjb.java,320.0,40.0,46.0,13.0,109.0,51.0,7.0,rmannibucau@apache.org,1,0.0035335689045936395,3.0,0.0,0.0,2.0,4224.015267175572,96067.91252812804,1,17,0.041281658973303874,false
container/openejb-core/src/main/java/org/apache/openejb/assembler/classic/Assembler.java,2280.0,202.0,2484.0,84.0,786.0,303.0,4.0,rmannibucau@apache.org,1,0.0035335689045936395,1.0,0.0,0.0,0.0,4224.015267175572,96067.91252812804,1,97,0.041281658973303874,false
container/openejb-core/src/main/java/org/apache/openejb/assembler/classic/BeansInfo.java,25.0,6.0,0.0,0.0,0.0,0.0,6.0,rmannibucau@apache.org,1,0.0,0.0,0.0,6.0,0.0,4224.015267175572,96067.91252812804,1,2,0.041281658973303874,false
container/openejb-core/src/main/java/org/apache/openejb/assembler/classic/ComparableValidationConfig.java,79.0,3.0,0.0,3.0,3.0,6.0,0.0,rmannibucau@apache.org,0,0.0,0.0,0.0,0.0,0.0,0.0,0.0,0,0,0.0,false
container/openejb-core/src/main/java/org/apache/openejb/assembler/classic/EjbJarBuilder.java,46.0,12.0,0.0,2.0,15.0,7.0,13.0,null,1,0.0035335689045936395,2.0,0.0,0.0,0.0,4224.015267175572,96067.91252812804,1,6,0.041281658973303874,false
container/openejb-core/src/main/java/org/apache/openejb/assembler/classic/EnterpriseBeanBuilder.java,316.0,27.0,14.0,8.0,91.0,41.0,13.0,dblevins@apache.org,1,0.0035335689045936395,1.0,0.0,0.0,0.0,4224.015267175572,96067.91252812804,1,13,0.041281658973303874,false
container/openejb-core/src/main/java/org/apache/openejb/assembler/classic/JndiBuilder.java,92.0,34.0,21.0,7.0,13.0,11.0,5.0,dblevins@apache.org,1,0.0035335689045936395,1.0,2.0,1.0,1.0,4224.015267175572,96067.91252812804,1,15,0.041281658973303874,false
container/openejb-core/src/main/java/org/apache/openejb/assembler/classic/JndiEncBuilder.java,515.0,75.0,144.0,21.0,71.0,65.0,13.0,null,1,0.0035335689045936395,1.0,0.0,0.0,0.0,4224.015267175572,96067.91252812804,1,22,0.041281658973303874,false
container/openejb-core/src/main/java/org/apache/openejb/assembler/classic/ValidatorFactoryWrapper.java,42.0,13.0,43.0,10.0,22.0,21.0,0.0,rmannibucau@apache.org,0,0.0,0.0,0.0,0.0,0.0,0.0,0.0,0,3,0.0,false
container/openejb-core/src/main/java/org/apache/openejb/assembler/classic/WebAppInfo.java,24.0,5.0,0.0,0.0,0.0,0.0,8.0,rmannibucau@apache.org,1,0.0,0.0,0.0,0.0,0.0,4224.015267175572,96067.91252812804,1,3,0.041281658973303874,false
container/openejb-core/src/main/java/org/apache/openejb/assembler/classic/event/BeforeStartEjbs.java,15.0,4.0,0.0,3.0,2.0,8.0,0.0,rmannibucau@apache.org,0,0.0,0.0,0.0,0.0,0.0,0.0,0.0,0,0,0.0,false
container/openejb-core/src/main/java/org/apache/openejb/assembler/classic/util/ServiceInfos.java,128.0,20.0,36.0,9.0,37.0,35.0,8.0,rmannibucau@apache.org,1,0.0035335689045936395,0.0,6.0,0.0,0.0,4224.015267175572,96067.91252812804,1,0,0.041281658973303874,false
container/openejb-core/src/main/java/org/apache/openejb/bval/BValCdiFilter.java,6.0,3.0,0.0,1.0,3.0,2.0,4.0,rmannibucau@apache.org,1,0.0035335689045936395,0.0,50.0,50.0,0.0,4224.015267175572,96067.91252812804,1,0,0.041281658973303874,false
container/openejb-core/src/main/java/org/apache/openejb/cdi/CdiAppContextsService.java,516.0,39.0,342.0,36.0,171.0,96.0,4.0,rmannibucau@apache.org,1,0.0035335689045936395,4.0,1.0,6.0,0.0,4224.015267175572,96067.91252812804,1,3,0.041281658973303874,false
container/openejb-core/src/main/java/org/apache/openejb/cdi/CdiEjbBean.java,373.0,49.0,76.0,17.0,80.0,56.0,3.0,rmannibucau@apache.org,1,0.0035335689045936395,3.0,4.0,1.0,0.0,4224.015267175572,96067.91252812804,1,7,0.041281658973303874,false
container/openejb-core/src/main/java/org/apache/openejb/cdi/CdiPlugin.java,460.0,70.0,400.0,32.0,173.0,99.0,3.0,rmannibucau@apache.org,1,0.0035335689045936395,2.0,5.0,2.0,0.0,4224.015267175572,96067.91252812804,1,7,0.041281658973303874,false
container/openejb-core/src/main/java/org/apache/openejb/cdi/CdiResourceInjectionService.java,169.0,25.0,22.0,9.0,50.0,30.0,6.0,null,1,0.0035335689045936395,4.0,4.0,4.0,4.0,4224.015267175572,96067.91252812804,1,5,0.041281658973303874,false
container/openejb-core/src/main/java/org/apache/openejb/cdi/CdiScanner.java,232.0,33.0,48.0,13.0,67.0,41.0,5.0,rmannibucau@apache.org,1,0.0035335689045936395,1.0,3.0,4.0,1.0,4224.015267175572,96067.91252812804,1,12,0.041281658973303874,false
container/openejb-core/src/main/java/org/apache/openejb/cdi/CompositeBeans.java,32.0,8.0,7.0,6.0,6.0,11.0,8.0,rmannibucau@apache.org,1,0.0,0.0,0.0,50.0,0.0,4224.015267175572,96067.91252812804,1,0,0.041281658973303874,false
container/openejb-core/src/main/java/org/apache/openejb/cdi/ConstructorInjectionBean.java,43.0,12.0,1.0,3.0,7.0,11.0,5.0,rmannibucau@apache.org,1,0.0035335689045936395,0.0,8.0,0.0,0.0,4224.015267175572,96067.91252812804,1,0,0.041281658973303874,false
container/openejb-core/src/main/java/org/apache/openejb/cdi/NewCdiEjbBean.java,37.0,12.0,13.0,6.0,8.0,12.0,8.0,rmannibucau@apache.org,1,0.0,0.0,0.0,0.0,0.0,4224.015267175572,96067.91252812804,1,0,0.041281658973303874,false
container/openejb-core/src/main/java/org/apache/openejb/cdi/OpenEJBBeanBuilder.java,31.0,8.0,0.0,3.0,10.0,8.0,7.0,tveronezi@apache.org,1,0.0,0.0,0.0,25.0,0.0,4224.015267175572,96067.91252812804,1,0,0.041281658973303874,false
container/openejb-core/src/main/java/org/apache/openejb/cdi/OpenEJBBeanInfoService.java,85.0,11.0,13.0,6.0,23.0,20.0,8.0,rmannibucau@apache.org,1,0.0,0.0,0.0,17.0,0.0,4224.015267175572,96067.91252812804,1,2,0.041281658973303874,false
container/openejb-core/src/main/java/org/apache/openejb/cdi/OpenEJBLifecycle.java,295.0,51.0,49.0,15.0,115.0,41.0,8.0,rmannibucau@apache.org,1,0.0035335689045936395,1.0,1.0,1.0,1.0,4224.015267175572,96067.91252812804,1,19,0.041281658973303874,false
container/openejb-core/src/main/java/org/apache/openejb/cdi/OptimizedLoaderService.java,101.0,12.0,15.0,7.0,29.0,24.0,4.0,rmannibucau@apache.org,1,0.0035335689045936395,0.0,6.0,0.0,0.0,4224.015267175572,96067.91252812804,1,1,0.041281658973303874,false
container/openejb-core/src/main/java/org/apache/openejb/cdi/Proxys.java,67.0,7.0,6.0,4.0,9.0,7.0,8.0,rmannibucau@apache.org,1,0.0,0.0,0.0,0.0,0.0,4224.015267175572,96067.91252812804,1,0,0.041281658973303874,false
container/openejb-core/src/main/java/org/apache/openejb/cdi/ScopeHelper.java,17.0,6.0,3.0,3.0,5.0,6.0,7.0,rmannibucau@apache.org,1,0.0,0.0,0.0,12.0,0.0,4224.015267175572,96067.91252812804,1,1,0.041281658973303874,false
container/openejb-core/src/main/java/org/apache/openejb/cdi/ThreadSingletonServiceImpl.java,229.0,38.0,104.0,16.0,86.0,49.0,2.0,rmannibucau@apache.org,1,0.0035335689045936395,1.0,0.0,0.0,0.0,4224.015267175572,96067.91252812804,1,10,0.041281658973303874,false
container/openejb-core/src/main/java/org/apache/openejb/cdi/UpdatableSessionContextManager.java,35.0,5.0,0.0,3.0,4.0,8.0,12.0,tveronezi@apache.org,1,0.0,0.0,0.0,0.0,0.0,4224.015267175572,96067.91252812804,1,1,0.041281658973303874,false
container/openejb-core/src/main/java/org/apache/openejb/cdi/WebappBeanManager.java,317.0,29.0,325.0,27.0,66.0,84.0,2.0,rmannibucau@apache.org,1,0.0035335689045936395,2.0,0.0,0.0,0.0,4224.015267175572,96067.91252812804,1,10,0.041281658973303874,false
container/openejb-core/src/main/java/org/apache/openejb/cdi/WebappWebBeansContext.java,29.0,6.0,4.0,4.0,4.0,10.0,4.0,tveronezi@apache.org,1,0.0,0.0,0.0,9.0,0.0,4224.015267175572,96067.91252812804,1,0,0.041281658973303874,false
container/openejb-core/src/main/java/org/apache/openejb/cdi/logging/ContainerJULLoggerFactory.java,24.0,4.0,1.0,2.0,14.0,4.0,7.0,rmannibucau@apache.org,1,0.0,0.0,0.0,100.0,100.0,4224.015267175572,96067.91252812804,1,0,0.041281658973303874,false
container/openejb-core/src/main/java/org/apache/openejb/cdi/transactional/InterceptorBase.java,99.0,11.0,6.0,4.0,15.0,13.0,1.0,rmannibucau@apache.org,1,0.0035335689045936395,0.0,12.0,12.0,0.0,4224.015267175572,96067.91252812804,1,0,0.041281658973303874,false
container/openejb-core/src/main/java/org/apache/openejb/config/AnnotationDeployer.java,4026.0,233.0,354.0,28.0,106.0,78.0,4.0,rmannibucau@apache.org,1,0.0035335689045936395,1.0,0.0,1.0,0.0,4224.015267175572,96067.91252812804,1,81,0.041281658973303874,false
container/openejb-core/src/main/java/org/apache/openejb/config/AppInfoBuilder.java,724.0,79.0,198.0,21.0,263.0,74.0,4.0,rmannibucau@apache.org,1,0.0035335689045936395,2.0,0.0,1.0,0.0,4224.015267175572,96067.91252812804,1,21,0.041281658973303874,false
container/openejb-core/src/main/java/org/apache/openejb/config/AppModule.java,320.0,23.0,895.0,47.0,51.0,101.0,0.0,null,0,0.0,0.0,0.0,0.0,0.0,0.0,0.0,0,7,0.0,false
container/openejb-core/src/main/java/org/apache/openejb/config/AppValidator.java,212.0,32.0,100.0,16.0,71.0,49.0,3.0,null,1,0.0,0.0,0.0,3.0,0.0,4224.015267175572,96067.91252812804,1,3,0.041281658973303874,false
container/openejb-core/src/main/java/org/apache/openejb/config/AutoConfig.java,1693.0,83.0,1288.0,56.0,484.0,224.0,3.0,rmannibucau@apache.org,1,0.0,0.0,0.0,0.0,0.0,4224.015267175572,96067.91252812804,1,37,0.041281658973303874,false
container/openejb-core/src/main/java/org/apache/openejb/config/CleanEnvEntries.java,183.0,14.0,36.0,9.0,63.0,36.0,10.0,tveronezi@apache.org,1,0.0035335689045936395,9.0,9.0,9.0,9.0,4224.015267175572,96067.91252812804,1,2,0.041281658973303874,false
container/openejb-core/src/main/java/org/apache/openejb/config/ConfigurationFactory.java,1292.0,103.0,1113.0,55.0,410.0,204.0,8.0,null,1,0.0035335689045936395,0.0,0.0,0.0,0.0,4224.015267175572,96067.91252812804,1,53,0.041281658973303874,false
container/openejb-core/src/main/java/org/apache/openejb/config/ContainerClassesFilter.java,87.0,6.0,4.0,4.0,9.0,12.0,5.0,rmannibucau@apache.org,1,0.0035335689045936395,0.0,50.0,50.0,0.0,4224.015267175572,96067.91252812804,1,0,0.041281658973303874,false
container/openejb-core/src/main/java/org/apache/openejb/config/DeploymentLoader.java,1609.0,70.0,1147.0,54.0,615.0,244.0,6.0,rmannibucau@apache.org,1,0.0,0.0,0.0,0.0,0.0,4224.015267175572,96067.91252812804,1,68,0.041281658973303874,true
container/openejb-core/src/main/java/org/apache/openejb/config/DeploymentsResolver.java,307.0,25.0,49.0,11.0,93.0,41.0,0.0,dblevins@apache.org,0,0.0,0.0,0.0,0.0,0.0,0.0,0.0,0,17,0.0,false
container/openejb-core/src/main/java/org/apache/openejb/config/EjbJarInfoBuilder.java,719.0,93.0,274.0,24.0,377.0,91.0,6.0,null,1,0.0,0.0,0.0,1.0,0.0,4224.015267175572,96067.91252812804,1,14,0.041281658973303874,false
container/openejb-core/src/main/java/org/apache/openejb/config/InitEjbDeployments.java,153.0,17.0,43.0,10.0,73.0,40.0,3.0,dblevins@apache.org,1,0.0,0.0,0.0,0.0,0.0,4224.015267175572,96067.91252812804,1,4,0.041281658973303874,false
container/openejb-core/src/main/java/org/apache/openejb/config/JndiEncInfoBuilder.java,389.0,51.0,95.0,19.0,131.0,63.0,10.0,dblevins@apache.org,1,0.0035335689045936395,1.0,1.0,1.0,1.0,4224.015267175572,96067.91252812804,1,7,0.041281658973303874,false
container/openejb-core/src/main/java/org/apache/openejb/config/NewLoaderLogic.java,381.0,35.0,93.0,19.0,125.0,79.0,1.0,rmannibucau@apache.org,1,0.0035335689045936395,4.0,2.0,0.0,0.0,4224.015267175572,96067.91252812804,1,5,0.041281658973303874,false
container/openejb-core/src/main/java/org/apache/openejb/config/ReadDescriptors.java,809.0,64.0,489.0,34.0,260.0,144.0,4.0,rmannibucau@apache.org,1,0.0,0.0,0.0,1.0,0.0,4224.015267175572,96067.91252812804,1,24,0.041281658973303874,false
container/openejb-core/src/main/java/org/apache/openejb/config/RemoteServer.java,549.0,19.0,296.0,29.0,120.0,86.0,2.0,rmannibucau@apache.org,1,0.0,0.0,0.0,0.0,0.0,4224.015267175572,96067.91252812804,1,27,0.041281658973303874,false
container/openejb-core/src/main/java/org/apache/openejb/config/WebappAggregatedArchive.java,77.0,14.0,7.0,7.0,10.0,16.0,6.0,rmannibucau@apache.org,1,0.0,0.0,0.0,0.0,0.0,4224.015267175572,96067.91252812804,1,2,0.041281658973303874,false
container/openejb-core/src/main/java/org/apache/openejb/config/WsDeployer.java,390.0,41.0,43.0,10.0,182.0,52.0,1.0,null,1,0.0035335689045936395,7.0,0.0,3.0,0.0,4224.015267175572,96067.91252812804,1,2,0.041281658973303874,false
container/openejb-core/src/main/java/org/apache/openejb/config/rules/CheckCdiEnabled.java,13.0,3.0,1.0,2.0,10.0,6.0,3.0,tveronezi@apache.org,1,0.0,0.0,0.0,0.0,0.0,4224.015267175572,96067.91252812804,1,1,0.041281658973303874,false
container/openejb-core/src/main/java/org/apache/openejb/config/rules/CheckInjectionPointUsage.java,23.0,8.0,0.0,1.0,9.0,7.0,4.0,tveronezi@apache.org,1,0.0,0.0,0.0,29.0,0.0,4224.015267175572,96067.91252812804,1,1,0.041281658973303874,false
container/openejb-core/src/main/java/org/apache/openejb/config/sys/JaxbOpenejb.java,387.0,40.0,378.0,28.0,86.0,85.0,7.0,rmannibucau@apache.org,1,0.0,0.0,0.0,3.0,3.0,4224.015267175572,96067.91252812804,1,4,0.041281658973303874,false
container/openejb-core/src/main/java/org/apache/openejb/config/sys/MapFactory.java,9.0,2.0,0.0,2.0,0.0,4.0,8.0,tveronezi@apache.org,1,0.0035335689045936395,0.0,33.0,0.0,0.0,4224.015267175572,96067.91252812804,1,0,0.041281658973303874,false
container/openejb-core/src/main/java/org/apache/openejb/core/CoreContainerSystem.java,122.0,13.0,124.0,20.0,47.0,47.0,0.0,dblevins@apache.org,0,0.0,0.0,0.0,0.0,0.0,0.0,0.0,0,6,0.0,false
container/openejb-core/src/main/java/org/apache/openejb/core/TempClassLoader.java,226.0,19.0,31.0,10.0,49.0,32.0,0.0,rmannibucau@apache.org,0,0.0,0.0,0.0,0.0,0.0,0.0,0.0,0,17,0.0,false
container/openejb-core/src/main/java/org/apache/openejb/core/ThreadContext.java,136.0,8.0,241.0,27.0,26.0,52.0,2.0,dblevins@apache.org,1,0.0,0.0,0.0,0.0,0.0,4224.015267175572,96067.91252812804,1,5,0.041281658973303874,false
container/openejb-core/src/main/java/org/apache/openejb/core/WebContext.java,175.0,26.0,313.0,27.0,38.0,57.0,12.0,rmannibucau@apache.org,1,0.0,0.0,0.0,0.0,0.0,4224.015267175572,96067.91252812804,1,2,0.041281658973303874,false
container/openejb-core/src/main/java/org/apache/openejb/core/ivm/ContextHandler.java,57.0,9.0,3.0,3.0,12.0,13.0,14.0,tveronezi@apache.org,1,0.0035335689045936395,17.0,0.0,0.0,0.0,4224.015267175572,96067.91252812804,1,0,0.041281658973303874,false
container/openejb-core/src/main/java/org/apache/openejb/core/ivm/naming/JaxWsServiceReference.java,133.0,25.0,1.0,3.0,34.0,14.0,6.0,null,1,0.0035335689045936395,12.0,6.0,0.0,0.0,4224.015267175572,96067.91252812804,1,2,0.041281658973303874,false
container/openejb-core/src/main/java/org/apache/openejb/core/mdb/MdbContainer.java,336.0,49.0,115.0,19.0,119.0,68.0,3.0,null,1,0.0035335689045936395,0.0,2.0,0.0,0.0,4224.015267175572,96067.91252812804,1,9,0.041281658973303874,false
container/openejb-core/src/main/java/org/apache/openejb/core/security/AbstractSecurityService.java,346.0,34.0,279.0,27.0,81.0,71.0,1.0,rmannibucau@apache.org,1,0.0,0.0,0.0,2.0,0.0,4224.015267175572,96067.91252812804,1,7,0.041281658973303874,false
container/openejb-core/src/main/java/org/apache/openejb/core/webservices/ProviderWrapper.java,417.0,38.0,0.0,13.0,49.0,39.0,4.0,null,1,0.0,0.0,0.0,0.0,0.0,4224.015267175572,96067.91252812804,1,5,0.041281658973303874,false
container/openejb-core/src/main/java/org/apache/openejb/dyni/DynamicSubclass.java,219.0,27.0,66.0,12.0,79.0,45.0,0.0,tveronezi@apache.org,0,0.0,0.0,0.0,0.0,0.0,0.0,0.0,0,1,0.0,false
container/openejb-core/src/main/java/org/apache/openejb/junit/DeployApplication.java,30.0,4.0,0.0,3.0,2.0,11.0,1.0,tveronezi@apache.org,1,0.0,0.0,0.0,33.0,0.0,4224.015267175572,96067.91252812804,1,0,0.041281658973303874,false
container/openejb-core/src/main/java/org/apache/openejb/resource/jdbc/DataSourceFactory.java,305.0,34.0,104.0,16.0,101.0,61.0,5.0,rmannibucau@apache.org,1,0.0,0.0,0.0,0.0,0.0,4224.015267175572,96067.91252812804,1,8,0.041281658973303874,false
container/openejb-core/src/main/java/org/apache/openejb/rest/ThreadLocalConfiguration.java,38.0,6.0,66.0,12.0,22.0,23.0,0.0,rmannibucau@apache.org,0,0.0,0.0,0.0,0.0,0.0,0.0,0.0,0,0,0.0,false
container/openejb-core/src/main/java/org/apache/openejb/rest/ThreadLocalContextManager.java,88.0,16.0,0.0,2.0,4.0,6.0,0.0,rmannibucau@apache.org,0,0.0,0.0,0.0,0.0,0.0,0.0,0.0,0,0,0.0,false
container/openejb-core/src/main/java/org/apache/openejb/rest/ThreadLocalResourceContext.java,11.0,1.0,3.0,3.0,4.0,5.0,3.0,rmannibucau@apache.org,1,0.0,0.0,0.0,0.0,0.0,4224.015267175572,96067.91252812804,1,0,0.041281658973303874,false
container/openejb-core/src/main/java/org/apache/openejb/rest/ThreadLocalResourceInfo.java,11.0,2.0,3.0,3.0,4.0,5.0,0.0,rmannibucau@apache.org,0,0.0,0.0,0.0,0.0,0.0,0.0,0.0,0,0,0.0,false
container/openejb-core/src/main/java/org/apache/openejb/rest/ThreadLocalSecurityContext.java,34.0,5.0,13.0,6.0,20.0,14.0,1.0,rmannibucau@apache.org,1,0.0,0.0,0.0,25.0,0.0,4224.015267175572,96067.91252812804,1,0,0.041281658973303874,false
container/openejb-core/src/main/java/org/apache/openejb/spi/ContainerSystem.java,11.0,6.0,36.0,9.0,0.0,9.0,0.0,null,0,0.0,0.0,0.0,0.0,0.0,0.0,0.0,0,0,0.0,false
container/openejb-core/src/main/java/org/apache/openejb/testing/ApplicationComposers.java,941.0,103.0,145.0,19.0,284.0,89.0,3.0,rmannibucau@apache.org,1,0.0035335689045936395,7.0,7.0,3.0,0.0,4224.015267175572,96067.91252812804,1,9,0.041281658973303874,false
container/openejb-core/src/main/java/org/apache/openejb/testing/ApplicationConfiguration.java,0.0,0.0,0.0,0.0,0.0,0.0,3.0,rmannibucau@apache.org,1,0.0035335689045936395,100.0,0.0,0.0,0.0,4224.015267175572,96067.91252812804,1,0,0.041281658973303874,false
container/openejb-core/src/main/java/org/apache/openejb/testing/BeanContextBaseRule.java,22.0,3.0,0.0,2.0,4.0,5.0,12.0,rmannibucau@apache.org,1,0.0035335689045936395,0.0,50.0,0.0,0.0,4224.015267175572,96067.91252812804,1,0,0.041281658973303874,false
container/openejb-core/src/main/java/org/apache/openejb/testing/Classes.java,0.0,0.0,0.0,0.0,0.0,0.0,4.0,rmannibucau@apache.org,1,0.0035335689045936395,0.0,12.0,0.0,0.0,4224.015267175572,96067.91252812804,1,1,0.041281658973303874,false
container/openejb-core/src/main/java/org/apache/openejb/testing/Jars.java,0.0,0.0,0.0,0.0,0.0,0.0,5.0,rmannibucau@apache.org,1,0.0035335689045936395,0.0,50.0,0.0,0.0,4224.015267175572,96067.91252812804,1,0,0.041281658973303874,false
container/openejb-core/src/main/java/org/apache/openejb/testing/RandomPort.java,0.0,0.0,0.0,0.0,0.0,0.0,4.0,rmannibucau@apache.org,1,0.0,0.0,0.0,0.0,0.0,4224.015267175572,96067.91252812804,1,0,0.041281658973303874,false
container/openejb-core/src/main/java/org/apache/openejb/testing/RunAsRule.java,48.0,10.0,4.0,5.0,25.0,15.0,12.0,rmannibucau@apache.org,1,0.0035335689045936395,0.0,33.0,0.0,0.0,4224.015267175572,96067.91252812804,1,0,0.041281658973303874,false
container/openejb-core/src/main/java/org/apache/openejb/testing/SimpleLog.java,0.0,0.0,0.0,0.0,0.0,0.0,4.0,rmannibucau@apache.org,1,0.0,0.0,0.0,0.0,0.0,4224.015267175572,96067.91252812804,1,0,0.041281658973303874,false
container/openejb-core/src/main/java/org/apache/openejb/testing/TransactionRule.java,52.0,12.0,0.0,5.0,36.0,15.0,12.0,rmannibucau@apache.org,1,0.0035335689045936395,0.0,33.0,0.0,0.0,4224.015267175572,96067.91252812804,1,0,0.041281658973303874,false
container/openejb-core/src/main/java/org/apache/openejb/testing/rest/ContextProvider.java,25.0,3.0,2.0,5.0,5.0,9.0,3.0,rmannibucau@apache.org,1,0.0035335689045936395,0.0,100.0,0.0,0.0,4224.015267175572,96067.91252812804,1,0,0.041281658973303874,false
container/openejb-core/src/main/java/org/apache/openejb/threads/task/CUTask.java,104.0,8.0,1.0,3.0,16.0,11.0,2.0,andygumbrecht@apache.org,1,0.0,0.0,0.0,0.0,0.0,4224.015267175572,96067.91252812804,1,1,0.041281658973303874,false
container/openejb-core/src/main/java/org/apache/openejb/util/AppFinder.java,55.0,5.0,1.0,2.0,7.0,6.0,10.0,rmannibucau@apache.org,1,0.0035335689045936395,20.0,20.0,20.0,20.0,4224.015267175572,96067.91252812804,1,0,0.041281658973303874,false
container/openejb-core/src/main/java/org/apache/openejb/util/JuliLogStreamFactory.java,150.0,11.0,15.0,6.0,23.0,17.0,7.0,rmannibucau@apache.org,1,0.0,0.0,0.0,2.0,2.0,4224.015267175572,96067.91252812804,1,10,0.041281658973303874,false
container/openejb-core/src/main/java/org/apache/openejb/util/PropertyPlaceHolderHelper.java,98.0,8.0,17.0,7.0,31.0,20.0,2.0,rmannibucau@apache.org,2,0.0,0.0,0.0,5.0,0.0,236.76190476190476,354.96378199557853,2,2,3.6702015608420524,false
container/openejb-core/src/main/java/org/apache/openejb/util/classloader/URLClassLoaderFirst.java,467.0,11.0,141.0,18.0,74.0,58.0,1.0,rmannibucau@apache.org,1,0.0,0.0,0.0,0.0,0.0,4224.015267175572,96067.91252812804,1,9,0.041281658973303874,false
container/openejb-core/src/main/java/org/apache/openejb/util/proxy/LocalBeanProxyFactory.java,686.0,26.0,241.0,23.0,129.0,101.0,0.0,null,0,0.0,0.0,0.0,0.0,0.0,0.0,0.0,0,7,0.0,false
container/openejb-core/src/main/java/org/apache/openejb/util/reflection/Reflections.java,97.0,4.0,15.0,6.0,25.0,24.0,0.0,rmannibucau@apache.org,0,0.0,0.0,0.0,0.0,0.0,0.0,0.0,0,3,0.0,false
container/openejb-core/src/main/java/org/apache/openejb/web/LightweightWebAppBuilder.java,387.0,57.0,16.0,8.0,74.0,29.0,9.0,rmannibucau@apache.org,1,0.0035335689045936395,17.0,4.0,4.0,4.0,4224.015267175572,96067.91252812804,1,2,0.041281658973303874,false
container/openejb-core/src/test/java/org/apache/openejb/ExtensionsTest.java,10.0,5.0,0.0,1.0,3.0,2.0,4.0,rmannibucau@apache.org,1,0.0,0.0,0.0,0.0,0.0,4224.015267175572,96067.91252812804,1,0,0.041281658973303874,false
container/openejb-core/src/test/java/org/apache/openejb/cdi/transactional/TransactionScopeTest.java,25.0,13.0,1.0,2.0,4.0,3.0,1.0,rmannibucau@apache.org,1,0.0035335689045936395,0.0,100.0,0.0,0.0,4224.015267175572,96067.91252812804,1,0,0.041281658973303874,false
container/openejb-core/src/test/java/org/apache/openejb/config/CheckDescriptorLocationTest.java,33.0,12.0,0.0,3.0,9.0,9.0,0.0,dblevins@apache.org,0,0.0,0.0,0.0,0.0,0.0,0.0,0.0,0,2,0.0,false
container/openejb-core/src/test/java/org/apache/openejb/config/ContainerClassesFilterTest.java,11.0,4.0,0.0,1.0,3.0,1.0,4.0,rmannibucau@apache.org,1,0.0035335689045936395,0.0,50.0,50.0,0.0,4224.015267175572,96067.91252812804,1,0,0.041281658973303874,false
container/openejb-core/src/test/java/org/apache/openejb/config/DeploymentsElementTest.java,415.0,23.0,170.0,20.0,156.0,49.0,0.0,andygumbrecht@apache.org,0,0.0,0.0,0.0,0.0,0.0,0.0,0.0,0,4,0.0,false
container/openejb-core/src/test/java/org/apache/openejb/config/EarModuleNamesTest.java,123.0,10.0,28.0,8.0,56.0,16.0,0.0,andygumbrecht@apache.org,0,0.0,0.0,0.0,0.0,0.0,0.0,0.0,0,1,0.0,false
container/openejb-core/src/test/java/org/apache/openejb/config/EarUnpackTest.java,31.0,9.0,0.0,1.0,7.0,2.0,0.0,andygumbrecht@apache.org,0,0.0,0.0,0.0,0.0,0.0,0.0,0.0,0,2,0.0,false
container/openejb-core/src/test/java/org/apache/openejb/config/NewLoaderLogicTest.java,10.0,3.0,0.0,1.0,3.0,2.0,1.0,rmannibucau@apache.org,1,0.0,0.0,0.0,0.0,0.0,4224.015267175572,96067.91252812804,1,0,0.041281658973303874,false
container/openejb-core/src/test/java/org/apache/openejb/core/webservices/ProviderWrapperTest.java,41.0,12.0,0.0,1.0,9.0,3.0,4.0,dain@apache.org,1,0.0,0.0,0.0,0.0,0.0,4224.015267175572,96067.91252812804,1,1,0.041281658973303874,false
container/openejb-core/src/test/java/org/apache/openejb/testing/AddInnerTest.java,11.0,6.0,1.0,2.0,1.0,3.0,0.0,rmannibucau@apache.org,0,0.0,0.0,0.0,0.0,0.0,0.0,0.0,0,0,0.0,false
container/openejb-core/src/test/java/org/apache/openejb/testing/AppComposerContextInjectionTest.java,41.0,16.0,26.0,8.0,20.0,17.0,3.0,rmannibucau@apache.org,1,0.0035335689045936395,0.0,50.0,0.0,0.0,4224.015267175572,96067.91252812804,1,0,0.041281658973303874,false
container/openejb-core/src/test/java/org/apache/openejb/testing/RandomPortTest.java,12.0,8.0,1.0,2.0,4.0,3.0,4.0,rmannibucau@apache.org,1,0.0,0.0,0.0,0.0,0.0,4224.015267175572,96067.91252812804,1,0,0.041281658973303874,false
container/openejb-core/src/test/java/org/apache/openejb/testing/RunAsRuleTest.java,19.0,13.0,1.0,3.0,5.0,6.0,12.0,rmannibucau@apache.org,1,0.0035335689045936395,0.0,50.0,0.0,0.0,4224.015267175572,96067.91252812804,1,0,0.041281658973303874,false
container/openejb-core/src/test/java/org/apache/openejb/testing/TransactionRuleTest.java,12.0,13.0,3.0,3.0,6.0,6.0,12.0,rmannibucau@apache.org,1,0.0035335689045936395,0.0,50.0,0.0,0.0,4224.015267175572,96067.91252812804,1,0,0.041281658973303874,false
container/openejb-jee-accessors/src/main/java/org/apache/openejb/jee/SessionBean$JAXB.java,1316.0,69.0,28.0,8.0,123.0,34.0,1.0,rmannibucau@apache.org,1,0.0035335689045936395,20.0,0.0,0.0,0.0,4224.015267175572,96067.91252812804,1,1,0.041281658973303874,false
container/openejb-jee/src/main/java/org/apache/openejb/jee/Beans.java,239.0,17.0,518.0,33.0,36.0,61.0,3.0,rmannibucau@apache.org,1,0.0,0.0,0.0,0.0,0.0,4224.015267175572,96067.91252812804,1,0,0.041281658973303874,false
container/openejb-jee/src/main/java/org/apache/openejb/jee/JaxbJavaee.java,513.0,37.0,79.0,14.0,91.0,46.0,0.0,null,0,0.0,0.0,0.0,0.0,0.0,0.0,0.0,0,7,0.0,false
container/openejb-jee/src/main/java/org/apache/openejb/jee/SessionBean.java,555.0,18.0,7207.0,122.0,43.0,250.0,5.0,dblevins@apache.org,1,0.0,0.0,0.0,0.0,0.0,4224.015267175572,96067.91252812804,1,4,0.041281658973303874,false
container/openejb-junit/src/test/java/org/apache/openejb/junit/TestEJBContainerRule.java,21.0,14.0,3.0,3.0,5.0,3.0,0.0,andygumbrecht@apache.org,0,0.0,0.0,0.0,0.0,0.0,0.0,0.0,0,0,0.0,false
container/openejb-junit/src/test/java/org/apache/openejb/junit/TestEJBContainerRuleWithProgramaticInjection.java,21.0,12.0,3.0,3.0,6.0,3.0,0.0,andygumbrecht@apache.org,0,0.0,0.0,0.0,0.0,0.0,0.0,0.0,0,0,0.0,false
container/openejb-junit/src/test/java/org/apache/openejb/junit/TestEJBContainerRunnerResources.java,14.0,9.0,3.0,3.0,3.0,3.0,0.0,andygumbrecht@apache.org,0,0.0,0.0,0.0,0.0,0.0,0.0,0.0,0,0,0.0,false
container/openejb-junit/src/test/java/org/apache/openejb/junit/TestWithCdiBean.java,16.0,10.0,1.0,2.0,2.0,2.0,0.0,andygumbrecht@apache.org,0,0.0,0.0,0.0,0.0,0.0,0.0,0.0,0,1,0.0,false
container/openejb-loader/src/main/java/org/apache/openejb/loader/BasicURLClassPath.java,83.0,8.0,45.0,10.0,42.0,31.0,0.0,andygumbrecht@apache.org,0,0.0,0.0,0.0,0.0,0.0,0.0,0.0,0,4,0.0,false
container/openejb-loader/src/main/java/org/apache/openejb/observer/ObserverManager.java,357.0,23.0,16.0,8.0,24.0,38.0,5.0,dblevins@apache.org,1,0.0035335689045936395,0.0,4.0,0.0,4.0,4224.015267175572,96067.91252812804,1,6,0.041281658973303874,false
examples/cdi-alternative-and-stereotypes/src/test/java/org/superbiz/cdi/stereotype/StereotypeTest.java,19.0,6.0,0.0,4.0,8.0,7.0,8.0,rmannibucau@apache.org,1,0.0,0.0,0.0,0.0,0.0,4224.015267175572,96067.91252812804,1,1,0.041281658973303874,false
examples/cdi-alternative-and-stereotypes/src/test/java/org/superbiz/cdi/stereotype/SuperCar.java,5.0,0.0,0.0,1.0,0.0,2.0,8.0,rmannibucau@apache.org,1,0.0,0.0,0.0,0.0,0.0,4224.015267175572,96067.91252812804,1,1,0.041281658973303874,false
maven/jarstxt-maven-plugin/src/main/java/org/apache/openejb/maven/jarstxt/JarsTxtMojo.java,106.0,33.0,10.0,5.0,45.0,19.0,0.0,rmannibucau@apache.org,0,0.0,0.0,0.0,0.0,0.0,0.0,0.0,0,0,0.0,false
maven/maven-util/src/main/java/org/apache/openejb/maven/util/MavenLogStreamFactory.java,154.0,11.0,0.0,3.0,0.0,5.0,3.0,rmannibucau@apache.org,1,0.0,0.0,0.0,17.0,0.0,4224.015267175572,96067.91252812804,1,0,0.041281658973303874,false
maven/maven-util/src/main/java/org/apache/openejb/maven/util/OpenJPALog.java,47.0,1.0,105.0,15.0,40.0,20.0,3.0,rmannibucau@apache.org,1,0.0,0.0,0.0,50.0,0.0,4224.015267175572,96067.91252812804,1,0,0.041281658973303874,false
maven/maven-util/src/main/java/org/apache/openejb/maven/util/TomEEMavenLog.java,58.0,1.0,171.0,19.0,48.0,25.0,0.0,rmannibucau@apache.org,0,0.0,0.0,0.0,0.0,0.0,0.0,0.0,0,0,0.0,false
maven/openejb-embedded-maven-plugin/src/main/java/org/apache/openejb/maven/plugin/embedded/OpenEJBEmbeddedMojo.java,77.0,20.0,4.0,4.0,29.0,14.0,0.0,rmannibucau@apache.org,0,0.0,0.0,0.0,0.0,0.0,0.0,0.0,0,0,0.0,false
maven/tomee-embedded-maven-plugin/src/main/java/org/apache/openejb/maven/plugins/TomEEEmbeddedMojo.java,245.0,36.0,11.0,6.0,96.0,36.0,5.0,rmannibucau@apache.org,1,0.0,0.0,0.0,4.0,0.0,4224.015267175572,96067.91252812804,1,0,0.041281658973303874,false
maven/tomee-maven-plugin/src/main/java/org/apache/openejb/maven/plugin/AbstractCommandMojo.java,22.0,3.0,0.0,1.0,3.0,5.0,0.0,rmannibucau@apache.org,0,0.0,0.0,0.0,0.0,0.0,0.0,0.0,0,1,0.0,false
maven/tomee-maven-plugin/src/main/java/org/apache/openejb/maven/plugin/AbstractSynchronizable.java,38.0,4.0,28.0,9.0,0.0,15.0,0.0,rmannibucau@apache.org,0,0.0,0.0,0.0,0.0,0.0,0.0,0.0,0,0,0.0,false
maven/tomee-maven-plugin/src/main/java/org/apache/openejb/maven/plugin/AbstractTomEEMojo.java,999.0,66.0,444.0,36.0,312.0,155.0,2.0,rmannibucau@apache.org,2,0.0035335689045936395,1.0,1.0,0.0,0.0,4224.015267175572,96067.91252812804,2,12,2.1303946820747055,false
maven/tomee-maven-plugin/src/main/java/org/apache/openejb/maven/plugin/BuildTomEEMojo.java,40.0,11.0,6.0,4.0,5.0,10.0,0.0,rmannibucau@apache.org,0,0.0,0.0,0.0,0.0,0.0,0.0,0.0,0,0,0.0,false
maven/tomee-maven-plugin/src/main/java/org/apache/openejb/maven/plugin/DeployMojo.java,53.0,14.0,0.0,1.0,12.0,6.0,0.0,rmannibucau@apache.org,0,0.0,0.0,0.0,0.0,0.0,0.0,0.0,0,0,0.0,false
maven/tomee-maven-plugin/src/main/java/org/apache/openejb/maven/plugin/ListEjbMojo.java,58.0,15.0,3.0,3.0,14.0,9.0,0.0,rmannibucau@apache.org,0,0.0,0.0,0.0,0.0,0.0,0.0,0.0,0,0,0.0,false
maven/tomee-maven-plugin/src/main/java/org/apache/openejb/maven/plugin/StopTomEEMojo.java,23.0,6.0,6.0,4.0,6.0,9.0,0.0,rmannibucau@apache.org,0,0.0,0.0,0.0,0.0,0.0,0.0,0.0,0,0,0.0,false
maven/tomee-maven-plugin/src/main/java/org/apache/openejb/maven/plugin/Synch.java,25.0,3.0,0.0,5.0,1.0,10.0,0.0,rmannibucau@apache.org,0,0.0,0.0,0.0,0.0,0.0,0.0,0.0,0,0,0.0,false
maven/tomee-maven-plugin/src/main/java/org/apache/openejb/maven/plugin/Synchronization.java,42.0,5.0,12.0,9.0,1.0,16.0,0.0,rmannibucau@apache.org,0,0.0,0.0,0.0,0.0,0.0,0.0,0.0,0,1,0.0,false
maven/tomee-maven-plugin/src/main/java/org/apache/openejb/maven/plugin/TomEEException.java,8.0,0.0,1.0,2.0,0.0,2.0,0.0,rmannibucau@apache.org,0,0.0,0.0,0.0,0.0,0.0,0.0,0.0,0,0,0.0,false
maven/tomee-maven-plugin/src/main/java/org/apache/openejb/maven/plugin/UpdatableTomEEMojo.java,303.0,26.0,48.0,12.0,62.0,37.0,0.0,rmannibucau@apache.org,0,0.0,0.0,0.0,0.0,0.0,0.0,0.0,0,4,0.0,false
maven/tomee-maven-plugin/src/main/java/org/apache/openejb/maven/plugin/cli/Args.java,37.0,2.0,1.0,2.0,6.0,7.0,3.0,rmannibucau@apache.org,1,0.0,0.0,0.0,0.0,0.0,4224.015267175572,96067.91252812804,1,0,0.041281658973303874,false
maven/tomee-maven-plugin/src/main/java/org/apache/openejb/maven/plugin/util/Zips.java,40.0,7.0,3.0,3.0,14.0,11.0,0.0,jlmonteiro@apache.org,0,0.0,0.0,0.0,0.0,0.0,0.0,0.0,0,0,0.0,false
maven/tomee-maven-plugin/src/test/java/org/apache/openejb/maven/plugin/TomEEMavenPluginRule.java,150.0,28.0,21.0,7.0,41.0,22.0,0.0,rmannibucau@apache.org,0,0.0,0.0,0.0,0.0,0.0,0.0,0.0,0,1,0.0,false
maven/tomee-maven-plugin/src/test/java/org/apache/openejb/maven/plugin/cli/ArgsTest.java,11.0,3.0,0.0,1.0,3.0,1.0,3.0,rmannibucau@apache.org,1,0.0,0.0,0.0,0.0,0.0,4224.015267175572,96067.91252812804,1,0,0.041281658973303874,false
maven/tomee-maven-plugin/src/test/java/org/apache/openejb/maven/plugin/test/CustomizerTest.java,24.0,9.0,0.0,1.0,2.0,2.0,0.0,rmannibucau@apache.org,0,0.0,0.0,0.0,0.0,0.0,0.0,0.0,0,0,0.0,false
maven/tomee-maven-plugin/src/test/java/org/apache/openejb/maven/plugin/test/PersistJavaagentTest.java,17.0,12.0,1.0,2.0,10.0,7.0,0.0,rmannibucau@apache.org,0,0.0,0.0,0.0,0.0,0.0,0.0,0.0,0,1,0.0,false
server/openejb-cxf-rs/src/main/java/org/apache/openejb/server/cxf/rs/CdiResourceProvider.java,266.0,32.0,23.0,10.0,38.0,27.0,5.0,rmannibucau@apache.org,1,0.0,0.0,0.0,0.0,0.0,4224.015267175572,96067.91252812804,1,0,0.041281658973303874,false
server/openejb-cxf-rs/src/main/java/org/apache/openejb/server/cxf/rs/CdiSingletonResourceProvider.java,45.0,6.0,15.0,7.0,2.0,13.0,5.0,rmannibucau@apache.org,1,0.0,0.0,0.0,0.0,0.0,4224.015267175572,96067.91252812804,1,0,0.041281658973303874,false
server/openejb-cxf-rs/src/main/java/org/apache/openejb/server/cxf/rs/Contexts.java,139.0,35.0,19.0,7.0,31.0,20.0,0.0,rmannibucau@apache.org,0,0.0,0.0,0.0,0.0,0.0,0.0,0.0,0,1,0.0,false
server/openejb-cxf-rs/src/main/java/org/apache/openejb/server/cxf/rs/CxfRSService.java,168.0,56.0,43.0,10.0,31.0,23.0,5.0,rmannibucau@apache.org,1,0.0035335689045936395,4.0,4.0,0.0,8.0,4224.015267175572,96067.91252812804,1,2,0.041281658973303874,false
server/openejb-cxf-rs/src/main/java/org/apache/openejb/server/cxf/rs/CxfRsHttpListener.java,793.0,100.0,397.0,31.0,259.0,106.0,7.0,rmannibucau@apache.org,1,0.0035335689045936395,1.0,1.0,1.0,0.0,4224.015267175572,96067.91252812804,1,22,0.041281658973303874,false
server/openejb-cxf-rs/src/main/java/org/apache/openejb/server/cxf/rs/OpenEJBPerRequestPojoResourceProvider.java,11.0,5.0,3.0,3.0,0.0,5.0,5.0,rmannibucau@apache.org,1,0.0,0.0,0.0,0.0,0.0,4224.015267175572,96067.91252812804,1,5,0.041281658973303874,false
server/openejb-cxf-rs/src/main/java/org/apache/openejb/server/cxf/rs/event/ExtensionProviderRegistration.java,17.0,3.0,2.0,4.0,0.0,7.0,0.0,rmannibucau@apache.org,0,0.0,0.0,0.0,0.0,0.0,0.0,0.0,0,0,0.0,false
server/openejb-cxf-rs/src/main/java/org/apache/openejb/server/cxf/rs/event/ServerCreated.java,27.0,4.0,1.0,6.0,2.0,11.0,4.0,rmannibucau@apache.org,1,0.0035335689045936395,0.0,50.0,50.0,0.0,4224.015267175572,96067.91252812804,1,0,0.041281658973303874,false
server/openejb-cxf-rs/src/main/java/org/apache/openejb/server/cxf/rs/event/ServerDestroyed.java,12.0,2.0,1.0,3.0,0.0,5.0,6.0,rmannibucau@apache.org,0,0.0,0.0,0.0,0.0,0.0,0.0,0.0,0,0,0.0,false
server/openejb-cxf-rs/src/test/java/org/apache/openejb/server/cxf/rs/CdiConstructorInjectionTest.java,52.0,23.0,0.0,5.0,16.0,8.0,7.0,andygumbrecht@apache.org,1,0.0035335689045936395,0.0,25.0,0.0,25.0,4224.015267175572,96067.91252812804,1,0,0.041281658973303874,false
server/openejb-cxf-rs/src/test/java/org/apache/openejb/server/cxf/rs/CustomExceptionMapperTest.java,35.0,16.0,0.0,3.0,10.0,8.0,0.0,andygumbrecht@apache.org,0,0.0,0.0,0.0,0.0,0.0,0.0,0.0,0,2,0.0,false
server/openejb-cxf-rs/src/test/java/org/apache/openejb/server/cxf/rs/CustomSecurityContextTest.java,42.0,25.0,0.0,4.0,7.0,8.0,0.0,rmannibucau@apache.org,0,0.0,0.0,0.0,0.0,0.0,0.0,0.0,0,0,0.0,false
server/openejb-cxf-rs/src/test/java/org/apache/openejb/server/cxf/rs/DynamicSubclassEjbDeploymentTest.java,53.0,21.0,0.0,6.0,23.0,10.0,0.0,andygumbrecht@apache.org,0,0.0,0.0,0.0,0.0,0.0,0.0,0.0,0,1,0.0,false
server/openejb-cxf-rs/src/test/java/org/apache/openejb/server/cxf/rs/EjbDeploymentTest.java,54.0,19.0,0.0,6.0,23.0,10.0,0.0,rmannibucau@apache.org,0,0.0,0.0,0.0,0.0,0.0,0.0,0.0,0,3,0.0,false
server/openejb-cxf-rs/src/test/java/org/apache/openejb/server/cxf/rs/PathParamAtClassLevelTest.java,27.0,14.0,0.0,3.0,9.0,7.0,0.0,andygumbrecht@apache.org,0,0.0,0.0,0.0,0.0,0.0,0.0,0.0,0,1,0.0,false
server/openejb-cxf-rs/src/test/java/org/apache/openejb/server/cxf/rs/SecurityContextIsUsableTest.java,30.0,28.0,9.0,6.0,6.0,13.0,0.0,rmannibucau@apache.org,0,0.0,0.0,0.0,0.0,0.0,0.0,0.0,0,0,0.0,false
server/openejb-cxf-rs/src/test/java/org/apache/openejb/server/cxf/rs/SingletonTest.java,43.0,19.0,1.0,3.0,14.0,6.0,5.0,rmannibucau@apache.org,1,0.0,0.0,0.0,0.0,0.0,4224.015267175572,96067.91252812804,1,0,0.041281658973303874,false
server/openejb-cxf-rs/src/test/java/org/apache/openejb/server/cxf/rs/SortProviderTest.java,59.0,29.0,1.0,3.0,7.0,6.0,0.0,rmannibucau@apache.org,0,0.0,0.0,0.0,0.0,0.0,0.0,0.0,0,0,0.0,false
server/openejb-cxf-rs/src/test/java/org/apache/openejb/server/cxf/rs/SubResourceTest.java,32.0,21.0,0.0,4.0,7.0,8.0,0.0,andygumbrecht@apache.org,0,0.0,0.0,0.0,0.0,0.0,0.0,0.0,0,0,0.0,false
server/openejb-cxf-rs/src/test/java/org/apache/openejb/server/cxf/rs/event/ExtensionProviderRegistrationTest.java,30.0,23.0,0.0,4.0,8.0,8.0,0.0,rmannibucau@apache.org,0,0.0,0.0,0.0,0.0,0.0,0.0,0.0,0,0,0.0,false
server/openejb-cxf-rs/src/test/java/org/apache/openejb/server/cxf/rs/event/ServerCreatedTest.java,28.0,17.0,4.0,4.0,10.0,7.0,0.0,rmannibucau@apache.org,0,0.0,0.0,0.0,0.0,0.0,0.0,0.0,0,0,0.0,false
server/openejb-cxf-transport/src/main/java/org/apache/openejb/server/cxf/transport/event/BusCreated.java,9.0,2.0,0.0,2.0,0.0,3.0,0.0,rmannibucau@apache.org,0,0.0,0.0,0.0,0.0,0.0,0.0,0.0,0,0,0.0,false
server/openejb-cxf-transport/src/main/java/org/apache/openejb/server/cxf/transport/util/CxfContainerClassLoader.java,88.0,3.0,0.0,11.0,24.0,31.0,0.0,rmannibucau@apache.org,0,0.0,0.0,0.0,0.0,0.0,0.0,0.0,0,1,0.0,false
server/openejb-cxf-transport/src/main/java/org/apache/openejb/server/cxf/transport/util/CxfUtil.java,218.0,39.0,51.0,11.0,104.0,40.0,2.0,rmannibucau@apache.org,1,0.0,0.0,0.0,0.0,4.0,4224.015267175572,96067.91252812804,1,4,0.041281658973303874,false
server/openejb-cxf/src/main/java/org/apache/openejb/server/cxf/ConfigureCxfSecurity.java,122.0,13.0,8.0,5.0,36.0,20.0,13.0,rmannibucau@apache.org,1,0.0035335689045936395,11.0,0.0,0.0,0.0,4224.015267175572,96067.91252812804,1,0,0.041281658973303874,false
server/openejb-cxf/src/main/java/org/apache/openejb/server/cxf/CxfEndpoint.java,199.0,36.0,216.0,24.0,70.0,50.0,0.0,rmannibucau@apache.org,0,0.0,0.0,0.0,0.0,0.0,0.0,0.0,0,5,0.0,false
server/openejb-cxf/src/main/java/org/apache/openejb/server/cxf/CxfService.java,77.0,20.0,18.0,8.0,37.0,17.0,7.0,rmannibucau@apache.org,1,0.0035335689045936395,6.0,6.0,0.0,6.0,4224.015267175572,96067.91252812804,1,1,0.041281658973303874,false
server/openejb-cxf/src/main/java/org/apache/openejb/server/cxf/OpenEJBLoginValidator.java,25.0,10.0,0.0,1.0,13.0,5.0,1.0,dblevins@apache.org,1,0.0,0.0,0.0,12.0,0.0,4224.015267175572,96067.91252812804,1,1,0.041281658973303874,false
server/openejb-cxf/src/main/java/org/apache/openejb/server/cxf/client/WebServiceInjectionConfigurator.java,96.0,27.0,13.0,7.0,54.0,32.0,3.0,rmannibucau@apache.org,1,0.0035335689045936395,60.0,40.0,20.0,0.0,4224.015267175572,96067.91252812804,1,0,0.041281658973303874,false
server/openejb-cxf/src/main/java/org/apache/openejb/server/cxf/config/WSS4JInInterceptorFactory.java,8.0,1.0,0.0,1.0,1.0,2.0,8.0,rmannibucau@apache.org,1,0.0035335689045936395,0.0,33.0,0.0,0.0,4224.015267175572,96067.91252812804,1,0,0.041281658973303874,false
server/openejb-cxf/src/main/java/org/apache/openejb/server/cxf/config/WSS4JInterceptorFactoryBase.java,23.0,7.0,0.0,2.0,12.0,5.0,8.0,rmannibucau@apache.org,1,0.0035335689045936395,0.0,100.0,0.0,0.0,4224.015267175572,96067.91252812804,1,0,0.041281658973303874,false
server/openejb-cxf/src/main/java/org/apache/openejb/server/cxf/config/WSS4JOutInterceptorFactory.java,8.0,1.0,0.0,1.0,1.0,2.0,8.0,rmannibucau@apache.org,1,0.0035335689045936395,0.0,100.0,0.0,0.0,4224.015267175572,96067.91252812804,1,0,0.041281658973303874,false
server/openejb-cxf/src/main/java/org/apache/openejb/server/cxf/ejb/EjbWsContainer.java,84.0,22.0,0.0,5.0,8.0,10.0,1.0,rmannibucau@apache.org,1,0.0035335689045936395,6.0,0.0,0.0,0.0,4224.015267175572,96067.91252812804,1,2,0.041281658973303874,false
server/openejb-cxf/src/test/java/org/apache/openejb/server/cxf/WebServiceInjectionTest.java,74.0,37.0,10.0,5.0,28.0,7.0,5.0,rmannibucau@apache.org,1,0.0035335689045936395,33.0,33.0,0.0,0.0,4224.015267175572,96067.91252812804,1,0,0.041281658973303874,false
server/openejb-http/src/main/java/org/apache/openejb/server/httpd/EmbeddedServletContext.java,58.0,12.0,24.0,9.0,12.0,23.0,7.0,rmannibucau@apache.org,1,0.0035335689045936395,40.0,0.0,0.0,0.0,4224.015267175572,96067.91252812804,1,0,0.041281658973303874,false
server/openejb-http/src/main/java/org/apache/openejb/server/httpd/FilterListener.java,59.0,9.0,0.0,3.0,4.0,7.0,6.0,rmannibucau@apache.org,1,0.0035335689045936395,25.0,0.0,50.0,0.0,4224.015267175572,96067.91252812804,1,0,0.041281658973303874,false
server/openejb-http/src/main/java/org/apache/openejb/server/httpd/HttpListenerRegistry.java,120.0,11.0,8.0,8.0,32.0,23.0,6.0,rmannibucau@apache.org,1,0.0035335689045936395,5.0,5.0,5.0,5.0,4224.015267175572,96067.91252812804,1,1,0.041281658973303874,false
server/openejb-http/src/main/java/org/apache/openejb/server/httpd/HttpRequestImpl.java,865.0,54.0,4791.0,103.0,268.0,280.0,4.0,rmannibucau@apache.org,1,0.0035335689045936395,10.0,3.0,10.0,3.0,4224.015267175572,96067.91252812804,1,4,0.041281658973303874,false
server/openejb-http/src/main/java/org/apache/openejb/server/httpd/HttpResponseImpl.java,489.0,23.0,1484.0,61.0,101.0,117.0,8.0,rmannibucau@apache.org,1,0.0035335689045936395,9.0,5.0,0.0,5.0,4224.015267175572,96067.91252812804,1,2,0.041281658973303874,false
server/openejb-http/src/main/java/org/apache/openejb/server/httpd/HttpServerFactory.java,14.0,2.0,0.0,1.0,3.0,4.0,4.0,dblevins@apache.org,1,0.0035335689045936395,0.0,20.0,0.0,0.0,4224.015267175572,96067.91252812804,1,0,0.041281658973303874,false
server/openejb-http/src/main/java/org/apache/openejb/server/httpd/HttpSessionImpl.java,119.0,15.0,159.0,23.0,46.0,44.0,5.0,rmannibucau@apache.org,1,0.0035335689045936395,15.0,0.0,0.0,0.0,4224.015267175572,96067.91252812804,1,1,0.041281658973303874,false
server/openejb-http/src/main/java/org/apache/openejb/server/httpd/OpenEJBHttpRegistry.java,141.0,16.0,0.0,3.0,27.0,13.0,6.0,rmannibucau@apache.org,1,0.0035335689045936395,18.0,6.0,0.0,6.0,4224.015267175572,96067.91252812804,1,3,0.041281658973303874,false
server/openejb-http/src/main/java/org/apache/openejb/server/httpd/OpenEJBHttpServer.java,217.0,28.0,102.0,16.0,64.0,48.0,7.0,rmannibucau@apache.org,1,0.0035335689045936395,0.0,5.0,5.0,5.0,4224.015267175572,96067.91252812804,1,3,0.041281658973303874,false
server/openejb-http/src/main/java/org/apache/openejb/server/httpd/ServletListener.java,18.0,1.0,0.0,3.0,3.0,6.0,14.0,rmannibucau@apache.org,1,0.0035335689045936395,25.0,0.0,0.0,0.0,4224.015267175572,96067.91252812804,1,0,0.041281658973303874,false
server/openejb-http/src/main/java/org/apache/openejb/server/httpd/util/HttpUtil.java,140.0,19.0,66.0,12.0,63.0,36.0,9.0,rmannibucau@apache.org,1,0.0035335689045936395,17.0,0.0,0.0,0.0,4224.015267175572,96067.91252812804,1,1,0.041281658973303874,false
server/openejb-http/src/test/java/org/apache/openejb/server/httpd/FilterRegistrationTest.java,61.0,28.0,0.0,4.0,11.0,8.0,4.0,andygumbrecht@apache.org,1,0.0,0.0,0.0,20.0,0.0,4224.015267175572,96067.91252812804,1,1,0.041281658973303874,false
server/openejb-rest/src/main/java/org/apache/openejb/server/rest/RESTService.java,833.0,55.0,736.0,45.0,279.0,149.0,1.0,rmannibucau@apache.org,1,0.0035335689045936395,1.0,0.0,0.0,0.0,4224.015267175572,96067.91252812804,1,23,0.041281658973303874,false
server/openejb-server/src/main/java/org/apache/openejb/server/ServiceManager.java,211.0,25.0,141.0,18.0,83.0,55.0,3.0,dblevins@apache.org,1,0.0,0.0,0.0,0.0,0.0,4224.015267175572,96067.91252812804,1,14,0.041281658973303874,false
server/openejb-server/src/main/java/org/apache/openejb/server/ServicePool.java,217.0,17.0,32.0,13.0,63.0,41.0,8.0,null,1,0.0,0.0,0.0,0.0,0.0,4224.015267175572,96067.91252812804,1,8,0.041281658973303874,false
server/openejb-server/src/main/java/org/apache/openejb/server/osgi/Activator.java,19.0,4.0,0.0,2.0,4.0,5.0,0.0,andygumbrecht@apache.org,0,0.0,0.0,0.0,0.0,0.0,0.0,0.0,0,0,0.0,false
server/openejb-webservices/src/main/java/org/apache/openejb/server/webservices/WsService.java,425.0,57.0,431.0,34.0,118.0,84.0,1.0,rmannibucau@apache.org,1,0.0035335689045936395,2.0,0.0,0.0,0.0,4224.015267175572,96067.91252812804,1,11,0.041281658973303874,false
tck/cdi-embedded/src/test/java/org/apache/openejb/tck/cdi/embedded/BeansImpl.java,21.0,5.0,1.0,2.0,5.0,5.0,3.0,dblevins@apache.org,1,0.0035335689045936395,11.0,0.0,11.0,0.0,4224.015267175572,96067.91252812804,1,0,0.041281658973303874,false
tck/cdi-embedded/src/test/java/org/apache/openejb/tck/cdi/embedded/GCListener.java,21.0,6.0,13.0,6.0,8.0,8.0,0.0,rmannibucau@apache.org,0,0.0,0.0,0.0,0.0,0.0,0.0,0.0,0,1,0.0,false
tck/cdi-embedded/src/test/java/org/apache/openejb/tck/cdi/embedded/HTMLReporter.java,25.0,7.0,6.0,4.0,16.0,13.0,1.0,rmannibucau@apache.org,1,0.0,0.0,0.0,50.0,0.0,4224.015267175572,96067.91252812804,1,0,0.041281658973303874,false
tomee/tomee-catalina/src/main/java/org/apache/tomee/catalina/Contexts.java,116.0,9.0,10.0,5.0,38.0,21.0,0.0,rmannibucau@apache.org,0,0.0,0.0,0.0,0.0,0.0,0.0,0.0,0,0,0.0,false
tomee/tomee-catalina/src/main/java/org/apache/tomee/catalina/LazyStopLoader.java,95.0,7.0,0.0,23.0,21.0,47.0,0.0,rmannibucau@apache.org,0,0.0,0.0,0.0,0.0,0.0,0.0,0.0,0,0,0.0,false
tomee/tomee-catalina/src/main/java/org/apache/tomee/catalina/OpenEJBContextConfig.java,507.0,65.0,330.0,28.0,198.0,111.0,5.0,rmannibucau@apache.org,1,0.0,0.0,0.0,1.0,0.0,4224.015267175572,96067.91252812804,1,19,0.041281658973303874,false
tomee/tomee-catalina/src/main/java/org/apache/tomee/catalina/TomEEClassLoaderEnricher.java,148.0,18.0,3.0,3.0,36.0,20.0,6.0,rmannibucau@apache.org,1,0.0,0.0,0.0,0.0,0.0,4224.015267175572,96067.91252812804,1,4,0.041281658973303874,false
tomee/tomee-catalina/src/main/java/org/apache/tomee/catalina/TomEEWebappClassLoader.java,295.0,36.0,257.0,27.0,94.0,77.0,4.0,rmannibucau@apache.org,1,0.0,0.0,0.0,12.0,6.0,4224.015267175572,96067.91252812804,1,2,0.041281658973303874,false
tomee/tomee-catalina/src/main/java/org/apache/tomee/catalina/TomEEWebappLoader.java,55.0,9.0,4.0,4.0,13.0,13.0,7.0,rmannibucau@apache.org,1,0.0,0.0,0.0,4.0,4.0,4224.015267175572,96067.91252812804,1,7,0.041281658973303874,false
tomee/tomee-catalina/src/main/java/org/apache/tomee/catalina/TomcatJndiBuilder.java,683.0,72.0,72.0,21.0,223.0,76.0,0.0,rmannibucau@apache.org,0,0.0,0.0,0.0,0.0,0.0,0.0,0.0,0,3,0.0,false
tomee/tomee-catalina/src/main/java/org/apache/tomee/catalina/TomcatSecurityService.java,234.0,20.0,58.0,12.0,46.0,41.0,0.0,rmannibucau@apache.org,0,0.0,0.0,0.0,0.0,0.0,0.0,0.0,0,4,0.0,false
tomee/tomee-catalina/src/main/java/org/apache/tomee/catalina/TomcatWebAppBuilder.java,1842.0,153.0,2489.0,74.0,674.0,267.0,11.0,rmannibucau@apache.org,1,0.0035335689045936395,0.0,0.0,0.0,0.0,4224.015267175572,96067.91252812804,1,51,0.041281658973303874,false
tomee/tomee-catalina/src/main/java/org/apache/tomee/catalina/Warmup.java,67.0,2.0,3.0,3.0,3.0,9.0,1.0,rmannibucau@apache.org,1,0.0035335689045936395,0.0,6.0,0.0,0.0,4224.015267175572,96067.91252812804,1,4,0.041281658973303874,false
tomee/tomee-catalina/src/main/java/org/apache/tomee/catalina/cdi/SessionContextBackedByHttpSession.java,177.0,17.0,3.0,3.0,7.0,9.0,7.0,rmannibucau@apache.org,1,0.0,0.0,0.0,0.0,0.0,4224.015267175572,96067.91252812804,1,2,0.041281658973303874,false
tomee/tomee-catalina/src/main/java/org/apache/tomee/catalina/realm/LazyRealm.java,182.0,29.0,254.0,24.0,71.0,64.0,7.0,rmannibucau@apache.org,1,0.0035335689045936395,8.0,0.0,0.0,0.0,4224.015267175572,96067.91252812804,1,4,0.041281658973303874,false
tomee/tomee-catalina/src/main/java/org/apache/tomee/catalina/realm/LowTypedRealm.java,118.0,24.0,133.0,18.0,32.0,40.0,0.0,rmannibucau@apache.org,0,0.0,0.0,0.0,0.0,0.0,0.0,0.0,0,1,0.0,false
tomee/tomee-catalina/src/main/java/org/apache/tomee/jasper/TomEETldScanner.java,7135.0,13.0,2.0,4.0,24.0,15.0,1.0,rmannibucau@apache.org,1,0.0,0.0,0.0,0.0,17.0,4224.015267175572,96067.91252812804,1,2,0.041281658973303874,false
tomee/tomee-common/src/main/java/org/apache/tomee/common/WsFactory.java,59.0,16.0,1.0,2.0,10.0,8.0,13.0,rmannibucau@apache.org,1,0.0035335689045936395,20.0,0.0,0.0,0.0,4224.015267175572,96067.91252812804,1,0,0.041281658973303874,false
tomee/tomee-common/src/main/java/org/apache/tomee/installer/Installer.java,416.0,6.0,0.0,23.0,118.0,64.0,0.0,rmannibucau@apache.org,0,0.0,0.0,0.0,0.0,0.0,0.0,0.0,0,11,0.0,false
tomee/tomee-embedded/src/main/java/org/apache/tomee/embedded/Configuration.java,181.0,4.0,981.0,46.0,5.0,75.0,5.0,rmannibucau@apache.org,1,0.0,0.0,0.0,0.0,0.0,4224.015267175572,96067.91252812804,1,5,0.041281658973303874,false
tomee/tomee-embedded/src/main/java/org/apache/tomee/embedded/Container.java,640.0,82.0,506.0,36.0,241.0,110.0,2.0,rmannibucau@apache.org,1,0.0035335689045936395,5.0,3.0,5.0,0.0,4224.015267175572,96067.91252812804,1,12,0.041281658973303874,false
tomee/tomee-embedded/src/main/java/org/apache/tomee/embedded/Main.java,86.0,9.0,2.0,4.0,30.0,13.0,6.0,rmannibucau@apache.org,1,0.0,0.0,0.0,0.0,0.0,4224.015267175572,96067.91252812804,1,1,0.041281658973303874,false
tomee/tomee-embedded/src/test/java/org/apache/tomee/embedded/ClasspathAsWebappTest.java,125.0,43.0,0.0,1.0,32.0,7.0,3.0,rmannibucau@apache.org,1,0.0,0.0,0.0,0.0,0.0,4224.015267175572,96067.91252812804,1,2,0.041281658973303874,false
tomee/tomee-jaxrs/src/main/java/org/apache/tomee/webservices/TomcatRsRegistry.java,129.0,25.0,13.0,7.0,52.0,32.0,6.0,rmannibucau@apache.org,1,0.0035335689045936395,5.0,0.0,0.0,0.0,4224.015267175572,96067.91252812804,1,3,0.041281658973303874,false
tomee/tomee-jaxrs/src/test/java/org/apache/tomee/jaxrs/ReloadingLoaderTest.java,107.0,35.0,39.0,10.0,41.0,26.0,7.0,rmannibucau@apache.org,1,0.0,0.0,0.0,25.0,25.0,4224.015267175572,96067.91252812804,1,1,0.041281658973303874,false
tomee/tomee-juli/src/main/java/org/apache/tomee/jul/formatter/log/ReloadableLog.java,74.0,6.0,1.0,2.0,3.0,3.0,0.0,rmannibucau@apache.org,0,0.0,0.0,0.0,0.0,0.0,0.0,0.0,0,1,0.0,false
tomee/tomee-juli/src/main/java/org/apache/tomee/jul/formatter/log/TomEELog.java,101.0,2.0,0.0,22.0,28.0,34.0,0.0,rmannibucau@apache.org,0,0.0,0.0,0.0,0.0,0.0,0.0,0.0,0,0,0.0,false
tomee/tomee-loader/src/main/java/org/apache/tomee/loader/TomEEJarScanner.java,66.0,15.0,10.0,5.0,20.0,10.0,1.0,rmannibucau@apache.org,1,0.0,0.0,0.0,0.0,0.0,4224.015267175572,96067.91252812804,1,6,0.041281658973303874,false
tomee/tomee-myfaces/src/main/java/org/apache/tomee/myfaces/TomEEAnnotationProvider.java,47.0,13.0,1.0,2.0,16.0,9.0,0.0,rmannibucau@apache.org,0,0.0,0.0,0.0,0.0,0.0,0.0,0.0,0,3,0.0,false
tomee/tomee-myfaces/src/main/java/org/apache/tomee/myfaces/TomEEWebConfigProvider.java,28.0,9.0,0.0,1.0,15.0,7.0,2.0,rmannibucau@apache.org,1,0.0035335689045936395,100.0,0.0,0.0,0.0,4224.015267175572,96067.91252812804,1,0,0.041281658973303874,false
