name,LOC,CBO,LCOM,NOM,RFC,WMC,ACS,Ownership,numOfChanges,numberOfFIChanges,ENH,NF,BugFixing,REF,structuralWorkloadSum,semanticWorkloadSum,numberOfDeveloper,pastFaults,MAF,isBuggy
arquillian/arquillian-common/src/main/java/org/apache/openejb/arquillian/common/enrichment/OpenEJBEnricher.java,205.0,36.0,13.0,6.0,44.0,24.0,1.0,rmannibucau@apache.org,1,0.0,0.0,0.0,0.0,0.0,5415.267973856209,200623.95791234483,1,5,0.2754935559092837,false
arquillian/arquillian-openejb-embedded-5/src/main/java/org/apache/openejb/arquillian/openejb/OpenEJBArchiveProcessor.java,469.0,58.0,61.0,15.0,172.0,61.0,62.0,rmannibucau@apache.org,1,0.0,0.0,0.0,0.0,0.0,5415.267973856209,200623.95791234483,1,8,0.2754935559092837,false
arquillian/arquillian-openejb-embedded-5/src/main/java/org/apache/openejb/arquillian/openejb/OpenEJBDeployableContainer.java,254.0,60.0,31.0,11.0,88.0,47.0,33.0,rmannibucau@apache.org,1,0.0,0.0,0.0,0.0,0.0,5415.267973856209,200623.95791234483,1,2,0.2754935559092837,false
arquillian/arquillian-openejb-embedded-5/src/main/java/org/apache/openejb/arquillian/openejb/SWClassLoader.java,206.0,36.0,25.0,10.0,50.0,43.0,91.0,rmannibucau@apache.org,1,0.0,0.0,0.0,0.0,0.0,5415.267973856209,200623.95791234483,1,2,0.2754935559092837,false
arquillian/arquillian-openejb-embedded-5/src/main/java/org/apache/openejb/arquillian/openejb/cucumber/ArchiveResourceIteratorFactory.java,52.0,14.0,10.0,5.0,25.0,14.0,91.0,rmannibucau@apache.org,1,0.0,0.0,0.0,0.0,0.0,5415.267973856209,200623.95791234483,1,2,0.2754935559092837,false
arquillian/arquillian-openejb-embedded-5/src/main/java/org/apache/openejb/arquillian/openejb/reflection/Assets.java,20.0,3.0,3.0,3.0,5.0,6.0,91.0,rmannibucau@apache.org,1,0.0,0.0,0.0,0.0,0.0,5415.267973856209,200623.95791234483,1,0,0.2754935559092837,false
arquillian/arquillian-openejb-embedded-5/src/test/java/org/apache/openejb/arquillian/openejb/ExceptionInjectionTest.java,13.0,15.0,1.0,2.0,7.0,3.0,62.0,rmannibucau@apache.org,1,0.0,0.0,0.0,0.0,0.0,5415.267973856209,200623.95791234483,1,1,0.2754935559092837,false
arquillian/arquillian-tomee-common/src/main/java/org/apache/openejb/arquillian/common/Setup.java,308.0,24.0,131.0,18.0,128.0,69.0,0.0,rmannibucau@apache.org,0,0.0,0.0,0.0,0.0,0.0,0.0,0.0,0,7,0.0,false
arquillian/arquillian-tomee-common/src/main/java/org/apache/openejb/arquillian/common/TestClassDiscoverer.java,181.0,26.0,6.0,4.0,55.0,23.0,3.0,rmannibucau@apache.org,1,0.0,0.0,0.0,0.0,0.0,5415.267973856209,200623.95791234483,1,4,0.2754935559092837,false
arquillian/arquillian-tomee-tests/arquillian-tomee-jaxrs-tests/src/test/java/org/apache/openejb/arquillian/tests/jaxrs/httpheaders/JAXRSHttpHeadersTest.java,280.0,15.0,276.0,24.0,136.0,65.0,0.0,rmannibucau@apache.org,0,0.0,0.0,0.0,0.0,0.0,0.0,0.0,0,2,0.0,false
arquillian/arquillian-tomee-tests/arquillian-tomee-jaxrs-tests/src/test/java/org/apache/openejb/arquillian/tests/jaxrs/staticresources/AvoidConflictTest.java,21.0,13.0,0.0,6.0,16.0,12.0,0.0,rmannibucau@apache.org,0,0.0,0.0,0.0,0.0,0.0,0.0,0.0,0,2,0.0,false
arquillian/arquillian-tomee-tests/arquillian-tomee-jaxrs-tests/src/test/java/org/apache/openejb/arquillian/tests/jaxrs/staticresources/AvoidConflictWithWebXmlTest.java,21.0,16.0,0.0,6.0,26.0,12.0,0.0,rmannibucau@apache.org,0,0.0,0.0,0.0,0.0,0.0,0.0,0.0,0,1,0.0,false
arquillian/arquillian-tomee-tests/arquillian-tomee-jaxrs-tests/src/test/java/org/apache/openejb/arquillian/tests/jaxrs/staticresources/AvoidConflictWithWebXmlWithNoResourceMatchingTest.java,21.0,17.0,0.0,6.0,26.0,12.0,0.0,rmannibucau@apache.org,0,0.0,0.0,0.0,0.0,0.0,0.0,0.0,0,1,0.0,false
arquillian/arquillian-tomee-tests/arquillian-tomee-jaxrs-tests/src/test/java/org/apache/openejb/arquillian/tests/jaxrs/staticresources/AvoidConflictWithWebXmlWithNoResourceMatchingWithRestSubPathTest.java,21.0,17.0,0.0,6.0,27.0,12.0,0.0,rmannibucau@apache.org,0,0.0,0.0,0.0,0.0,0.0,0.0,0.0,0,1,0.0,false
arquillian/arquillian-tomee-tests/arquillian-tomee-jaxrs-tests/src/test/java/org/apache/openejb/arquillian/tests/jaxrs/staticresources/PreviousFilter.java,10.0,8.0,3.0,3.0,2.0,5.0,0.0,rmannibucau@apache.org,0,0.0,0.0,0.0,0.0,0.0,0.0,0.0,0,0,0.0,false
arquillian/arquillian-tomee-tests/arquillian-tomee-jaxrs-tests/src/test/java/org/apache/openejb/arquillian/tests/jaxrs/staticresources/SimpleServlet.java,5.0,6.0,0.0,1.0,2.0,2.0,0.0,rmannibucau@apache.org,0,0.0,0.0,0.0,0.0,0.0,0.0,0.0,0,0,0.0,false
arquillian/arquillian-tomee-tests/arquillian-tomee-jaxrs-tests/src/test/java/org/apache/openejb/arquillian/tests/jaxrs/staticresources/TheResource.java,8.0,4.0,1.0,2.0,2.0,4.0,0.0,rmannibucau@apache.org,0,0.0,0.0,0.0,0.0,0.0,0.0,0.0,0,1,0.0,false
arquillian/arquillian-tomee-tests/arquillian-tomee-jaxrs-tests/src/test/java/org/apache/openejb/arquillian/tests/jaxrs/suspended/Endpoint.java,36.0,7.0,0.0,4.0,4.0,10.0,13.0,rmannibucau@apache.org,0,0.0,0.0,0.0,0.0,0.0,0.0,0.0,0,0,0.0,false
arquillian/arquillian-tomee-tests/arquillian-tomee-jaxrs-tests/src/test/java/org/apache/openejb/arquillian/tests/jaxrs/suspended/SuspendedTest.java,24.0,15.0,1.0,3.0,20.0,6.0,0.0,rmannibucau@apache.org,0,0.0,0.0,0.0,0.0,0.0,0.0,0.0,0,1,0.0,false
arquillian/arquillian-tomee-tests/arquillian-tomee-jaxws-tests/src/test/java/org/apache/openejb/arquillian/tests/jaxws/EarClassLoaderTest.java,9.0,16.0,1.0,2.0,15.0,4.0,0.0,rmannibucau@apache.org,0,0.0,0.0,0.0,0.0,0.0,0.0,0.0,0,0,0.0,false
arquillian/arquillian-tomee-tests/arquillian-tomee-jaxws-tests/src/test/java/org/apache/openejb/arquillian/tests/jaxws/LoadJodaFromTheWebAppResource.java,9.0,4.0,1.0,2.0,4.0,4.0,0.0,rmannibucau@apache.org,0,0.0,0.0,0.0,0.0,0.0,0.0,0.0,0,0,0.0,false
arquillian/arquillian-tomee-tests/arquillian-tomee-webprofile-tests/src/test/java/org/apache/openejb/arquillian/tests/ear/Bean.java,7.0,4.0,1.0,2.0,1.0,3.0,0.0,rmannibucau@apache.org,0,0.0,0.0,0.0,0.0,0.0,0.0,0.0,0,0,0.0,false
arquillian/arquillian-tomee-tests/arquillian-tomee-webprofile-tests/src/test/java/org/apache/openejb/arquillian/tests/ear/CdiParentBeanTest.java,13.0,15.0,1.0,2.0,11.0,5.0,2.0,rmannibucau@apache.org,1,0.0,0.0,0.0,0.0,0.0,5415.267973856209,200623.95791234483,1,1,0.2754935559092837,false
arquillian/arquillian-tomee-tests/arquillian-tomee-webprofile-tests/src/test/java/org/apache/openejb/arquillian/tests/ear/ClassLoaderServlet.java,6.0,8.0,0.0,1.0,3.0,2.0,1.0,rmannibucau@apache.org,1,0.0,0.0,0.0,0.0,0.0,5415.267973856209,200623.95791234483,1,0,0.2754935559092837,false
arquillian/arquillian-tomee-tests/arquillian-tomee-webprofile-tests/src/test/java/org/apache/openejb/arquillian/tests/ear/EarTest.java,22.0,23.0,1.0,2.0,12.0,4.0,0.0,andygumbrecht@apache.org,0,0.0,0.0,0.0,0.0,0.0,0.0,0.0,0,2,0.0,false
arquillian/arquillian-tomee-tests/arquillian-tomee-webprofile-tests/src/test/java/org/apache/openejb/arquillian/tests/ear/Hello.java,6.0,7.0,0.0,1.0,3.0,2.0,12.0,rmannibucau@apache.org,0,0.0,0.0,0.0,0.0,0.0,0.0,0.0,0,0,0.0,false
arquillian/arquillian-tomee-tests/arquillian-tomee-webprofile-tests/src/test/java/org/apache/openejb/arquillian/tests/realm/CdiEventRealmIntegTest.java,18.0,26.0,0.0,4.0,22.0,6.0,3.0,rmannibucau@apache.org,1,0.0,0.0,0.0,0.0,0.0,5415.267973856209,200623.95791234483,1,1,0.2754935559092837,false
arquillian/arquillian-tomee-tests/arquillian-tomee-webprofile-tests/src/test/java/org/apache/openejb/arquillian/tests/realm/CdiEventRealmTest.java,83.0,31.0,21.0,7.0,41.0,10.0,1.0,rmannibucau@apache.org,1,0.0,0.0,0.0,0.0,0.0,5415.267973856209,200623.95791234483,1,0,0.2754935559092837,false
arquillian/arquillian-tomee-tests/arquillian-tomee-webprofile-tests/src/test/java/org/apache/openejb/arquillian/tests/realm/CdiLazyRealmTOMEE1490Test.java,12.0,14.0,1.0,3.0,13.0,7.0,0.0,rmannibucau@apache.org,0,0.0,0.0,0.0,0.0,0.0,0.0,0.0,0,0,0.0,false
arquillian/arquillian-tomee-tests/arquillian-tomee-webprofile-tests/src/test/java/org/apache/openejb/arquillian/tests/realm/CdiLifecycleLazyRealmTOMEE1490Test.java,12.0,14.0,1.0,3.0,13.0,7.0,0.0,rmannibucau@apache.org,0,0.0,0.0,0.0,0.0,0.0,0.0,0.0,0,0,0.0,false
arquillian/arquillian-tomee-tests/arquillian-tomee-webprofile-tests/src/test/java/org/apache/openejb/arquillian/tests/realm/MultiAuthenticator.java,13.0,5.0,1.0,3.0,5.0,6.0,3.0,rmannibucau@apache.org,1,0.0,0.0,0.0,0.0,0.0,5415.267973856209,200623.95791234483,1,0,0.2754935559092837,false
arquillian/arquillian-tomee-tests/arquillian-tomee-webprofile-tests/src/test/java/org/apache/openejb/arquillian/tests/realm/MyCdiLazyRealm.java,44.0,17.0,103.0,15.0,2.0,29.0,1.0,rmannibucau@apache.org,1,0.0,0.0,0.0,50.0,0.0,5415.267973856209,200623.95791234483,1,0,0.2754935559092837,false
arquillian/arquillian-tomee-tests/arquillian-tomee-webprofile-tests/src/test/java/org/apache/openejb/arquillian/tests/realm/MyCdiRealmBaseLazyRealm.java,11.0,4.0,3.0,3.0,2.0,6.0,0.0,rmannibucau@apache.org,0,0.0,0.0,0.0,0.0,0.0,0.0,0.0,0,0,0.0,false
arquillian/arquillian-tomee-tests/arquillian-tomee-webprofile-tests/src/test/java/org/apache/openejb/arquillian/tests/realm/MyService.java,6.0,5.0,0.0,1.0,1.0,2.0,3.0,rmannibucau@apache.org,1,0.0,0.0,0.0,0.0,0.0,5415.267973856209,200623.95791234483,1,0,0.2754935559092837,false
arquillian/arquillian-tomee-tests/arquillian-tomee-webprofile-tests/src/test/java/org/apache/openejb/arquillian/tests/realm/SimpleEndpoint.java,6.0,6.0,0.0,1.0,3.0,2.0,0.0,rmannibucau@apache.org,0,0.0,0.0,0.0,0.0,0.0,0.0,0.0,0,0,0.0,false
container/openejb-core/src/main/java/org/apache/openejb/BeanContext.java,1458.0,82.0,12057.0,159.0,414.0,378.0,2.0,rmannibucau@apache.org,1,0.002824858757062147,1.0,0.0,3.0,1.0,5415.267973856209,200623.95791234483,1,18,0.2754935559092837,false
container/openejb-core/src/main/java/org/apache/openejb/MethodContext.java,96.0,10.0,84.0,16.0,9.0,25.0,0.0,rmannibucau@apache.org,0,0.0,0.0,0.0,0.0,0.0,0.0,0.0,0,0,0.0,false
container/openejb-core/src/main/java/org/apache/openejb/ModuleTestContext.java,15.0,2.0,1.0,3.0,0.0,4.0,1.0,rmannibucau@apache.org,1,0.0,0.0,0.0,0.0,0.0,5415.267973856209,200623.95791234483,1,0,0.2754935559092837,false
container/openejb-core/src/main/java/org/apache/openejb/assembler/DeployerEjb.java,346.0,41.0,46.0,13.0,112.0,51.0,2.0,rmannibucau@apache.org,1,0.002824858757062147,2.0,0.0,2.0,0.0,5415.267973856209,200623.95791234483,1,17,0.2754935559092837,false
container/openejb-core/src/main/java/org/apache/openejb/assembler/classic/Assembler.java,2406.0,208.0,2653.0,86.0,811.0,315.0,3.0,rmannibucau@apache.org,2,0.005649717514124294,1.0,1.0,2.0,0.0,5650.017973856209,201321.14963139922,2,98,0.3887008261851562,false
container/openejb-core/src/main/java/org/apache/openejb/assembler/classic/EjbJarBuilder.java,46.0,13.0,0.0,2.0,16.0,7.0,5.0,null,1,0.0,0.0,0.0,0.0,0.0,5415.267973856209,200623.95791234483,1,6,0.2754935559092837,false
container/openejb-core/src/main/java/org/apache/openejb/assembler/classic/InterceptorBindingBuilder.java,320.0,17.0,9.0,10.0,87.0,53.0,0.0,dblevins@apache.org,0,0.0,0.0,0.0,0.0,0.0,0.0,0.0,0,7,0.0,false
container/openejb-core/src/main/java/org/apache/openejb/assembler/classic/JndiBuilder.java,92.0,34.0,21.0,7.0,13.0,11.0,0.0,dblevins@apache.org,0,0.0,0.0,0.0,0.0,0.0,0.0,0.0,0,16,0.0,false
container/openejb-core/src/main/java/org/apache/openejb/assembler/classic/JndiEncBuilder.java,515.0,76.0,144.0,21.0,71.0,65.0,6.0,null,1,0.002824858757062147,1.0,0.0,0.0,0.0,5415.267973856209,200623.95791234483,1,22,0.2754935559092837,false
container/openejb-core/src/main/java/org/apache/openejb/assembler/classic/PersistenceContextReferenceInfo.java,10.0,1.0,0.0,0.0,0.0,0.0,9.0,dblevins@apache.org,1,0.0,0.0,0.0,0.0,0.0,5415.267973856209,200623.95791234483,1,0,0.2754935559092837,false
container/openejb-core/src/main/java/org/apache/openejb/assembler/classic/ReloadableEntityManagerFactory.java,503.0,53.0,215.0,47.0,139.0,116.0,6.0,rmannibucau@apache.org,1,0.0,0.0,0.0,0.0,0.0,5415.267973856209,200623.95791234483,1,6,0.2754935559092837,false
container/openejb-core/src/main/java/org/apache/openejb/async/AsynchronousPool.java,145.0,22.0,0.0,4.0,13.0,10.0,1.0,null,1,0.002824858757062147,7.0,0.0,7.0,0.0,5415.267973856209,200623.95791234483,1,1,0.2754935559092837,false
container/openejb-core/src/main/java/org/apache/openejb/bval/BValCdiFilter.java,6.0,3.0,0.0,1.0,3.0,2.0,0.0,rmannibucau@apache.org,0,0.0,0.0,0.0,0.0,0.0,0.0,0.0,0,1,0.0,false
container/openejb-core/src/main/java/org/apache/openejb/cdi/CdiAppContextsService.java,656.0,44.0,802.0,48.0,226.0,133.0,4.0,rmannibucau@apache.org,2,0.005649717514124294,4.0,4.0,7.0,3.0,5779.789712986644,202130.88094539964,2,7,0.07821444295340096,false
container/openejb-core/src/main/java/org/apache/openejb/cdi/CdiEjbBean.java,374.0,50.0,76.0,17.0,83.0,57.0,4.0,rmannibucau@apache.org,1,0.002824858757062147,1.0,0.0,0.0,1.0,5415.267973856209,200623.95791234483,1,8,0.2754935559092837,false
container/openejb-core/src/main/java/org/apache/openejb/cdi/CdiPlugin.java,469.0,74.0,402.0,32.0,178.0,100.0,6.0,rmannibucau@apache.org,2,0.005649717514124294,3.0,3.0,3.0,2.0,5779.789712986644,202130.88094539964,2,8,0.09139016430378955,false
container/openejb-core/src/main/java/org/apache/openejb/cdi/CdiScanner.java,233.0,35.0,48.0,13.0,68.0,41.0,0.0,rmannibucau@apache.org,0,0.0,0.0,0.0,0.0,0.0,0.0,0.0,0,15,0.0,false
container/openejb-core/src/main/java/org/apache/openejb/cdi/OpenEJBLifecycle.java,307.0,54.0,49.0,15.0,114.0,43.0,10.0,rmannibucau@apache.org,2,0.0,0.0,0.0,2.0,0.0,5779.789712986644,202130.88094539964,2,20,0.6475973956499754,false
container/openejb-core/src/main/java/org/apache/openejb/cdi/OpenEJBTransactionService.java,45.0,19.0,4.0,5.0,18.0,13.0,0.0,rmannibucau@apache.org,0,0.0,0.0,0.0,0.0,0.0,0.0,0.0,0,2,0.0,false
container/openejb-core/src/main/java/org/apache/openejb/cdi/RequestScopedThreadContextListener.java,37.0,7.0,1.0,2.0,13.0,6.0,3.0,tveronezi@apache.org,1,0.002824858757062147,8.0,0.0,0.0,0.0,5415.267973856209,200623.95791234483,1,2,0.2754935559092837,false
container/openejb-core/src/main/java/org/apache/openejb/cdi/ThreadSingletonServiceImpl.java,223.0,38.0,93.0,15.0,78.0,45.0,3.0,rmannibucau@apache.org,2,0.005649717514124294,3.0,1.0,4.0,1.0,5779.789712986644,202130.88094539964,2,10,0.2609439846689633,false
container/openejb-core/src/main/java/org/apache/openejb/cdi/WebappWebBeansContext.java,29.0,5.0,4.0,4.0,4.0,10.0,0.0,tveronezi@apache.org,0,0.0,0.0,0.0,0.0,0.0,0.0,0.0,0,1,0.0,false
container/openejb-core/src/main/java/org/apache/openejb/cdi/transactional/MandatoryInterceptor.java,8.0,9.0,1.0,2.0,1.0,6.0,0.0,rmannibucau@apache.org,0,0.0,0.0,0.0,0.0,0.0,0.0,0.0,0,0,0.0,false
container/openejb-core/src/main/java/org/apache/openejb/cdi/transactional/NeverInterceptor.java,11.0,9.0,3.0,3.0,1.0,8.0,0.0,rmannibucau@apache.org,0,0.0,0.0,0.0,0.0,0.0,0.0,0.0,0,0,0.0,false
container/openejb-core/src/main/java/org/apache/openejb/cdi/transactional/NotSupportedInterceptor.java,11.0,9.0,3.0,3.0,1.0,8.0,0.0,rmannibucau@apache.org,0,0.0,0.0,0.0,0.0,0.0,0.0,0.0,0,0,0.0,false
container/openejb-core/src/main/java/org/apache/openejb/cdi/transactional/RequiredInterceptor.java,8.0,8.0,1.0,2.0,1.0,6.0,0.0,rmannibucau@apache.org,0,0.0,0.0,0.0,0.0,0.0,0.0,0.0,0,0,0.0,false
container/openejb-core/src/main/java/org/apache/openejb/cdi/transactional/RequiredNewInterceptor.java,8.0,9.0,1.0,2.0,1.0,6.0,0.0,rmannibucau@apache.org,0,0.0,0.0,0.0,0.0,0.0,0.0,0.0,0,0,0.0,false
container/openejb-core/src/main/java/org/apache/openejb/cdi/transactional/SupportsInterceptor.java,8.0,9.0,1.0,2.0,1.0,6.0,0.0,rmannibucau@apache.org,0,0.0,0.0,0.0,0.0,0.0,0.0,0.0,0,0,0.0,false
container/openejb-core/src/main/java/org/apache/openejb/config/AnnotationDeployer.java,4072.0,242.0,354.0,28.0,108.0,78.0,3.0,rmannibucau@apache.org,1,0.002824858757062147,0.0,0.0,1.0,1.0,5415.267973856209,200623.95791234483,1,83,0.2754935559092837,false
container/openejb-core/src/main/java/org/apache/openejb/config/AppInfoBuilder.java,727.0,80.0,198.0,21.0,263.0,74.0,2.0,rmannibucau@apache.org,1,0.002824858757062147,1.0,0.0,0.0,0.0,5415.267973856209,200623.95791234483,1,22,0.2754935559092837,false
container/openejb-core/src/main/java/org/apache/openejb/config/AppModule.java,324.0,23.0,942.0,48.0,51.0,103.0,8.0,null,1,0.002824858757062147,0.0,2.0,2.0,0.0,5415.267973856209,200623.95791234483,1,7,0.2754935559092837,false
container/openejb-core/src/main/java/org/apache/openejb/config/AutoDeployer.java,283.0,25.0,60.0,16.0,87.0,46.0,1.0,null,1,0.0,0.0,0.0,0.0,0.0,5415.267973856209,200623.95791234483,1,5,0.2754935559092837,false
container/openejb-core/src/main/java/org/apache/openejb/config/Deploy.java,311.0,36.0,48.0,13.0,77.0,48.0,4.0,null,1,0.0,0.0,0.0,0.0,0.0,5415.267973856209,200623.95791234483,1,7,0.2754935559092837,false
container/openejb-core/src/main/java/org/apache/openejb/config/DeploymentLoader.java,1642.0,71.0,1236.0,57.0,644.0,252.0,4.0,rmannibucau@apache.org,2,0.005649717514124294,0.0,1.0,2.0,0.0,5650.017973856209,201321.14963139922,2,69,0.5643971650957658,true
container/openejb-core/src/main/java/org/apache/openejb/config/EffectiveTomEEXml.java,64.0,14.0,10.0,5.0,29.0,19.0,4.0,rmannibucau@apache.org,1,0.002824858757062147,67.0,33.0,67.0,0.0,5415.267973856209,200623.95791234483,1,0,0.2754935559092837,false
container/openejb-core/src/main/java/org/apache/openejb/config/EjbJarInfoBuilder.java,728.0,93.0,274.0,24.0,378.0,92.0,8.0,null,1,0.002824858757062147,0.0,1.0,0.0,0.0,5415.267973856209,200623.95791234483,1,15,0.2754935559092837,false
container/openejb-core/src/main/java/org/apache/openejb/config/FinderFactory.java,447.0,34.0,36.0,9.0,71.0,32.0,8.0,rmannibucau@apache.org,1,0.002824858757062147,0.0,1.0,1.0,0.0,5415.267973856209,200623.95791234483,1,10,0.2754935559092837,false
container/openejb-core/src/main/java/org/apache/openejb/config/JndiEncInfoBuilder.java,390.0,51.0,95.0,19.0,133.0,63.0,9.0,dblevins@apache.org,1,0.0,0.0,0.0,0.0,0.0,5415.267973856209,200623.95791234483,1,8,0.2754935559092837,false
container/openejb-core/src/main/java/org/apache/openejb/config/PersistenceContextAnn.java,7.0,1.0,10.0,5.0,0.0,5.0,3.0,tveronezi@apache.org,1,0.0,0.0,0.0,0.0,0.0,5415.267973856209,200623.95791234483,1,0,0.2754935559092837,false
container/openejb-core/src/main/java/org/apache/openejb/config/PersistenceContextAnnFactory.java,215.0,18.0,0.0,2.0,13.0,10.0,3.0,null,1,0.0,0.0,0.0,0.0,0.0,5415.267973856209,200623.95791234483,1,1,0.2754935559092837,false
container/openejb-core/src/main/java/org/apache/openejb/config/QuickServerXmlParser.java,127.0,9.0,51.0,14.0,22.0,32.0,4.0,rmannibucau@apache.org,1,0.0,0.0,0.0,0.0,0.0,5415.267973856209,200623.95791234483,1,0,0.2754935559092837,false
container/openejb-core/src/main/java/org/apache/openejb/config/Undeploy.java,138.0,22.0,15.0,7.0,44.0,23.0,4.0,null,1,0.0,0.0,0.0,0.0,0.0,5415.267973856209,200623.95791234483,1,6,0.2754935559092837,false
container/openejb-core/src/main/java/org/apache/openejb/config/rules/CheckClasses.java,266.0,43.0,66.0,12.0,88.0,47.0,4.0,dblevins@apache.org,1,0.0,0.0,0.0,0.0,0.0,5415.267973856209,200623.95791234483,1,6,0.2754935559092837,false
container/openejb-core/src/main/java/org/apache/openejb/core/ParentClassLoaderFinder.java,13.0,2.0,0.0,1.0,0.0,1.0,2.0,rmannibucau@apache.org,1,0.0,0.0,0.0,0.0,0.0,5415.267973856209,200623.95791234483,1,2,0.2754935559092837,false
container/openejb-core/src/main/java/org/apache/openejb/core/ivm/BaseEjbProxyHandler.java,496.0,48.0,528.0,36.0,147.0,117.0,1.0,dblevins@apache.org,1,0.0,0.0,0.0,3.0,0.0,5415.267973856209,200623.95791234483,1,19,0.2754935559092837,false
container/openejb-core/src/main/java/org/apache/openejb/core/ivm/ContextHandler.java,68.0,10.0,3.0,3.0,17.0,13.0,3.0,tveronezi@apache.org,1,0.0,0.0,0.0,0.0,0.0,5415.267973856209,200623.95791234483,1,0,0.2754935559092837,false
container/openejb-core/src/main/java/org/apache/openejb/junit/ApplicationComposerRule.java,22.0,4.0,0.0,4.0,2.0,9.0,0.0,tveronezi@apache.org,0,0.0,0.0,0.0,0.0,0.0,0.0,0.0,0,0,0.0,false
container/openejb-core/src/main/java/org/apache/openejb/junit/ApplicationRule.java,38.0,5.0,0.0,4.0,14.0,8.0,0.0,rmannibucau@apache.org,0,0.0,0.0,0.0,0.0,0.0,0.0,0.0,0,0,0.0,false
container/openejb-core/src/main/java/org/apache/openejb/junit/BeanContextBaseRule.java,22.0,3.0,0.0,2.0,4.0,5.0,0.0,rmannibucau@apache.org,0,0.0,0.0,0.0,0.0,0.0,0.0,0.0,0,0,0.0,false
container/openejb-core/src/main/java/org/apache/openejb/junit/CdiScopes.java,0.0,0.0,0.0,0.0,0.0,0.0,0.0,rmannibucau@apache.org,0,0.0,0.0,0.0,0.0,0.0,0.0,0.0,0,0,0.0,false
container/openejb-core/src/main/java/org/apache/openejb/junit/ContainerRule.java,32.0,5.0,0.0,4.0,8.0,8.0,0.0,rmannibucau@apache.org,0,0.0,0.0,0.0,0.0,0.0,0.0,0.0,0,0,0.0,false
container/openejb-core/src/main/java/org/apache/openejb/junit/RunAsRule.java,48.0,10.0,4.0,5.0,25.0,15.0,0.0,rmannibucau@apache.org,0,0.0,0.0,0.0,0.0,0.0,0.0,0.0,0,0,0.0,false
container/openejb-core/src/main/java/org/apache/openejb/junit/ScopesRule.java,38.0,9.0,3.0,3.0,20.0,13.0,0.0,rmannibucau@apache.org,0,0.0,0.0,0.0,0.0,0.0,0.0,0.0,0,0,0.0,false
container/openejb-core/src/main/java/org/apache/openejb/junit/TransactionRule.java,52.0,12.0,0.0,5.0,36.0,15.0,0.0,rmannibucau@apache.org,0,0.0,0.0,0.0,0.0,0.0,0.0,0.0,0,0,0.0,false
container/openejb-core/src/main/java/org/apache/openejb/monitoring/LocalMBeanServer.java,286.0,37.0,1029.0,46.0,91.0,125.0,5.0,rmannibucau@apache.org,1,0.0,0.0,0.0,0.0,0.0,5415.267973856209,200623.95791234483,1,1,0.2754935559092837,false
container/openejb-core/src/main/java/org/apache/openejb/persistence/JtaEntityManager.java,662.0,34.0,0.0,64.0,246.0,137.0,3.0,rmannibucau@apache.org,1,0.0,0.0,0.0,0.0,0.0,5415.267973856209,200623.95791234483,1,9,0.2754935559092837,false
container/openejb-core/src/main/java/org/apache/openejb/persistence/JtaEntityManagerRegistry.java,257.0,12.0,10.0,8.0,19.0,28.0,9.0,null,1,0.0,0.0,0.0,0.0,0.0,5415.267973856209,200623.95791234483,1,6,0.2754935559092837,false
container/openejb-core/src/main/java/org/apache/openejb/persistence/JtaQuery.java,283.0,14.0,0.0,50.0,76.0,117.0,2.0,tveronezi@apache.org,1,0.002824858757062147,0.0,11.0,0.0,0.0,5415.267973856209,200623.95791234483,1,0,0.2754935559092837,false
container/openejb-core/src/main/java/org/apache/openejb/persistence/QueryLogEntityManager.java,161.0,16.0,0.0,52.0,51.0,88.0,6.0,tveronezi@apache.org,1,0.0,0.0,0.0,0.0,0.0,5415.267973856209,200623.95791234483,1,0,0.2754935559092837,false
container/openejb-core/src/main/java/org/apache/openejb/resource/activemq/ActiveMQ5Factory.java,204.0,30.0,18.0,8.0,99.0,32.0,1.0,rmannibucau@apache.org,1,0.002824858757062147,0.0,3.0,3.0,0.0,5415.267973856209,200623.95791234483,1,5,0.2754935559092837,false
container/openejb-core/src/main/java/org/apache/openejb/resource/jdbc/DataSourceFactory.java,309.0,35.0,104.0,16.0,103.0,61.0,5.0,rmannibucau@apache.org,1,0.002824858757062147,2.0,0.0,0.0,0.0,5415.267973856209,200623.95791234483,1,8,0.2754935559092837,false
container/openejb-core/src/main/java/org/apache/openejb/resource/jdbc/dbcp/BasicDataSource.java,250.0,22.0,81.0,23.0,52.0,51.0,0.0,tveronezi@apache.org,0,0.0,0.0,0.0,0.0,0.0,0.0,0.0,0,2,0.0,false
container/openejb-core/src/main/java/org/apache/openejb/resource/jdbc/dbcp/BasicManagedDataSource.java,251.0,18.0,46.0,21.0,63.0,49.0,0.0,tveronezi@apache.org,0,0.0,0.0,0.0,0.0,0.0,0.0,0.0,0,2,0.0,false
container/openejb-core/src/main/java/org/apache/openejb/resource/jdbc/dbcp/DataSourceSerialization.java,14.0,5.0,0.0,2.0,4.0,5.0,0.0,rmannibucau@apache.org,0,0.0,0.0,0.0,0.0,0.0,0.0,0.0,0,0,0.0,false
container/openejb-core/src/main/java/org/apache/openejb/resource/jdbc/logging/LoggingCallableSqlStatement.java,5.0,1.0,0.0,1.0,0.0,1.0,9.0,tveronezi@apache.org,1,0.0,0.0,0.0,0.0,0.0,5415.267973856209,200623.95791234483,1,1,0.2754935559092837,false
container/openejb-core/src/main/java/org/apache/openejb/resource/jdbc/logging/LoggingPreparedSqlStatement.java,133.0,11.0,0.0,5.0,35.0,17.0,5.0,rmannibucau@apache.org,1,0.002824858757062147,8.0,0.0,0.0,0.0,5415.267973856209,200623.95791234483,1,3,0.2754935559092837,false
container/openejb-core/src/main/java/org/apache/openejb/resource/jdbc/logging/LoggingSqlConnection.java,31.0,8.0,0.0,2.0,7.0,6.0,9.0,tveronezi@apache.org,1,0.0,0.0,0.0,0.0,0.0,5415.267973856209,200623.95791234483,1,2,0.2754935559092837,false
container/openejb-core/src/main/java/org/apache/openejb/resource/jdbc/logging/LoggingSqlDataSource.java,25.0,6.0,0.0,3.0,7.0,8.0,9.0,tveronezi@apache.org,1,0.0,0.0,0.0,0.0,0.0,5415.267973856209,200623.95791234483,1,2,0.2754935559092837,false
container/openejb-core/src/main/java/org/apache/openejb/resource/jdbc/logging/LoggingSqlStatement.java,21.0,5.0,0.0,2.0,8.0,7.0,9.0,tveronezi@apache.org,1,0.0,0.0,0.0,0.0,0.0,5415.267973856209,200623.95791234483,1,1,0.2754935559092837,false
container/openejb-core/src/main/java/org/apache/openejb/resource/jdbc/logging/TimeWatcherExecutor.java,60.0,3.0,3.0,3.0,11.0,10.0,9.0,tveronezi@apache.org,1,0.0,0.0,0.0,0.0,0.0,5415.267973856209,200623.95791234483,1,1,0.2754935559092837,false
container/openejb-core/src/main/java/org/apache/openejb/resource/jdbc/managed/JTADataSourceWrapperFactory.java,36.0,12.0,4.0,5.0,9.0,11.0,9.0,tveronezi@apache.org,1,0.0,0.0,0.0,0.0,0.0,5415.267973856209,200623.95791234483,1,1,0.2754935559092837,false
container/openejb-core/src/main/java/org/apache/openejb/resource/jdbc/managed/local/ManagedDataSource.java,65.0,12.0,0.0,17.0,20.0,43.0,3.0,rmannibucau@apache.org,1,0.0,0.0,0.0,0.0,0.0,5415.267973856209,200623.95791234483,1,0,0.2754935559092837,false
container/openejb-core/src/main/java/org/apache/openejb/service/ScanJarService.java,119.0,21.0,26.0,9.0,56.0,28.0,5.0,rmannibucau@apache.org,1,0.002824858757062147,50.0,0.0,100.0,50.0,5415.267973856209,200623.95791234483,1,0,0.2754935559092837,false
container/openejb-core/src/main/java/org/apache/openejb/testing/ApplicationComposers.java,1174.0,113.0,408.0,32.0,385.0,133.0,5.0,rmannibucau@apache.org,2,0.0,0.0,0.0,0.0,0.0,5779.789712986644,202130.88094539964,2,11,0.20765269372132988,false
container/openejb-core/src/main/java/org/apache/openejb/testing/Classes.java,0.0,0.0,0.0,0.0,0.0,0.0,0.0,rmannibucau@apache.org,0,0.0,0.0,0.0,0.0,0.0,0.0,0.0,0,1,0.0,false
container/openejb-core/src/main/java/org/apache/openejb/testing/ContainerProperties.java,0.0,0.0,0.0,0.0,0.0,0.0,0.0,rmannibucau@apache.org,0,0.0,0.0,0.0,0.0,0.0,0.0,0.0,0,1,0.0,false
container/openejb-core/src/main/java/org/apache/openejb/testing/Default.java,0.0,0.0,0.0,0.0,0.0,0.0,0.0,rmannibucau@apache.org,0,0.0,0.0,0.0,0.0,0.0,0.0,0.0,0,1,0.0,false
container/openejb-core/src/main/java/org/apache/openejb/testing/EnableServices.java,0.0,0.0,0.0,0.0,0.0,0.0,0.0,andygumbrecht@apache.org,0,0.0,0.0,0.0,0.0,0.0,0.0,0.0,0,0,0.0,false
container/openejb-core/src/main/java/org/apache/openejb/testing/WebResource.java,0.0,0.0,0.0,0.0,0.0,0.0,0.0,rmannibucau@apache.org,0,0.0,0.0,0.0,0.0,0.0,0.0,0.0,0,0,0.0,false
container/openejb-core/src/main/java/org/apache/openejb/util/ContainerClassesFilter.java,89.0,6.0,4.0,4.0,9.0,12.0,67.0,rmannibucau@apache.org,1,0.002824858757062147,20.0,0.0,20.0,0.0,5415.267973856209,200623.95791234483,1,1,0.2754935559092837,false
container/openejb-core/src/main/java/org/apache/openejb/util/ListSetters.java,44.0,13.0,3.0,3.0,25.0,8.0,4.0,rmannibucau@apache.org,1,0.002824858757062147,50.0,0.0,50.0,0.0,5415.267973856209,200623.95791234483,1,0,0.2754935559092837,false
container/openejb-core/src/main/java/org/apache/openejb/util/Memoizer.java,43.0,6.0,0.0,3.0,8.0,13.0,6.0,tveronezi@apache.org,1,0.0,0.0,0.0,10.0,0.0,5415.267973856209,200623.95791234483,1,1,0.2754935559092837,false
container/openejb-core/src/main/java/org/apache/openejb/util/PropertyPlaceHolderHelper.java,98.0,8.0,17.0,7.0,31.0,20.0,0.0,rmannibucau@apache.org,0,0.0,0.0,0.0,0.0,0.0,0.0,0.0,0,3,0.0,false
container/openejb-core/src/main/java/org/apache/openejb/util/StringTemplate.java,33.0,3.0,0.0,2.0,16.0,8.0,0.0,tveronezi@apache.org,0,0.0,0.0,0.0,0.0,0.0,0.0,0.0,0,1,0.0,false
container/openejb-core/src/main/java/org/apache/openejb/util/classloader/URLClassLoaderFirst.java,470.0,11.0,159.0,19.0,74.0,60.0,1.0,rmannibucau@apache.org,1,0.002824858757062147,2.0,0.0,2.0,0.0,5415.267973856209,200623.95791234483,1,9,0.2754935559092837,false
container/openejb-core/src/main/java/org/apache/openejb/web/LightweightWebAppBuilder.java,455.0,66.0,24.0,9.0,83.0,32.0,0.0,rmannibucau@apache.org,0,0.0,0.0,0.0,0.0,0.0,0.0,0.0,0,3,0.0,false
container/openejb-core/src/test/java/org/apache/openejb/DependenceValidationTest.java,73.0,15.0,6.0,5.0,29.0,15.0,90.0,null,1,0.0,0.0,0.0,6.0,0.0,5415.267973856209,200623.95791234483,1,8,0.2754935559092837,false
container/openejb-core/src/test/java/org/apache/openejb/assembler/DeployerEjbTest.java,203.0,38.0,146.0,20.0,124.0,59.0,1.0,andygumbrecht@apache.org,1,0.002824858757062147,20.0,0.0,0.0,0.0,5415.267973856209,200623.95791234483,1,2,0.2754935559092837,false
container/openejb-core/src/test/java/org/apache/openejb/assembler/classic/ResourcesEarTest.java,21.0,12.0,0.0,1.0,19.0,2.0,2.0,rmannibucau@apache.org,1,0.002824858757062147,0.0,100.0,0.0,0.0,5415.267973856209,200623.95791234483,1,0,0.2754935559092837,false
container/openejb-core/src/test/java/org/apache/openejb/cdi/CdiAppContextsServiceTest.java,12.0,3.0,0.0,1.0,3.0,1.0,6.0,struberg@apache.org,2,0.0,0.0,0.0,33.0,0.0,5779.789712986644,202130.88094539964,2,0,0.14328839163222318,false
container/openejb-core/src/test/java/org/apache/openejb/cdi/WebappBeanManagerTest.java,49.0,17.0,6.0,4.0,5.0,10.0,0.0,rmannibucau@apache.org,0,0.0,0.0,0.0,0.0,0.0,0.0,0.0,0,0,0.0,false
container/openejb-core/src/test/java/org/apache/openejb/config/AnnotationDeployerTest.java,290.0,66.0,78.0,13.0,111.0,27.0,1.0,null,1,0.0,0.0,0.0,5.0,0.0,5415.267973856209,200623.95791234483,1,8,0.2754935559092837,false
container/openejb-core/src/test/java/org/apache/openejb/config/ContainerClassesFilterTest.java,11.0,5.0,0.0,1.0,3.0,1.0,0.0,rmannibucau@apache.org,0,0.0,0.0,0.0,0.0,0.0,0.0,0.0,0,1,0.0,false
container/openejb-core/src/test/java/org/apache/openejb/config/EffectiveTomEEXmlTest.java,15.0,6.0,0.0,1.0,9.0,2.0,7.0,rmannibucau@apache.org,1,0.0,0.0,0.0,100.0,0.0,5415.267973856209,200623.95791234483,1,0,0.2754935559092837,false
container/openejb-core/src/test/java/org/apache/openejb/core/asynch/AsyncAppExceptionTest.java,22.0,13.0,0.0,1.0,7.0,2.0,1.0,rmannibucau@apache.org,1,0.002824858757062147,100.0,0.0,100.0,0.0,5415.267973856209,200623.95791234483,1,0,0.2754935559092837,false
container/openejb-core/src/test/java/org/apache/openejb/core/mdb/MDBCdiInterceptorTest.java,43.0,32.0,1.0,2.0,15.0,4.0,3.0,rmannibucau@apache.org,1,0.0,0.0,0.0,50.0,0.0,5415.267973856209,200623.95791234483,1,0,0.2754935559092837,false
container/openejb-core/src/test/java/org/apache/openejb/junit/ContainerApplicationRuleTest.java,21.0,12.0,0.0,1.0,8.0,1.0,0.0,rmannibucau@apache.org,0,0.0,0.0,0.0,0.0,0.0,0.0,0.0,0,0,0.0,false
container/openejb-core/src/test/java/org/apache/openejb/junit/ScopesRuleTest.java,10.0,7.0,0.0,1.0,5.0,1.0,0.0,rmannibucau@apache.org,0,0.0,0.0,0.0,0.0,0.0,0.0,0.0,0,0,0.0,false
container/openejb-core/src/test/java/org/apache/openejb/persistence/JtaQueryTest.java,38.0,14.0,3.0,3.0,17.0,6.0,2.0,rmannibucau@apache.org,1,0.002824858757062147,0.0,50.0,0.0,0.0,5415.267973856209,200623.95791234483,1,0,0.2754935559092837,false
container/openejb-core/src/test/java/org/apache/openejb/resource/activemq/ActiveMQResourceAdapterTest.java,35.0,6.0,10.0,5.0,22.0,11.0,0.0,andygumbrecht@apache.org,0,0.0,0.0,0.0,0.0,0.0,0.0,0.0,0,0,0.0,false
container/openejb-core/src/test/java/org/apache/openejb/resource/jdbc/DataSourceFactoryTest.java,21.0,10.0,1.0,3.0,11.0,7.0,2.0,rmannibucau@apache.org,1,0.002824858757062147,100.0,0.0,0.0,0.0,5415.267973856209,200623.95791234483,1,0,0.2754935559092837,false
container/openejb-core/src/test/java/org/apache/openejb/resource/jdbc/DataSourceSerializationTest.java,10.0,12.0,0.0,1.0,4.0,1.0,0.0,rmannibucau@apache.org,0,0.0,0.0,0.0,0.0,0.0,0.0,0.0,0,0,0.0,false
container/openejb-core/src/test/java/org/apache/openejb/resource/jdbc/logging/LoggingSqlTest.java,31.0,20.0,6.0,4.0,20.0,6.0,9.0,rmannibucau@apache.org,1,0.0,0.0,0.0,0.0,0.0,5415.267973856209,200623.95791234483,1,0,0.2754935559092837,false
container/openejb-core/src/test/java/org/apache/openejb/service/ScanJarServiceTest.java,11.0,13.0,1.0,2.0,7.0,4.0,1.0,rmannibucau@apache.org,1,0.0,0.0,0.0,0.0,0.0,5415.267973856209,200623.95791234483,1,0,0.2754935559092837,false
container/openejb-core/src/test/java/org/apache/openejb/testing/AppComposerClassConfigurationTest.java,7.0,5.0,0.0,1.0,3.0,1.0,0.0,rmannibucau@apache.org,0,0.0,0.0,0.0,0.0,0.0,0.0,0.0,0,0,0.0,false
container/openejb-core/src/test/java/org/apache/openejb/testing/ApplicationComposersTest.java,17.0,4.0,1.0,3.0,5.0,5.0,0.0,rmannibucau@apache.org,0,0.0,0.0,0.0,0.0,0.0,0.0,0.0,0,0,0.0,false
container/openejb-core/src/test/java/org/apache/openejb/testing/RunAsRuleTest.java,19.0,14.0,1.0,3.0,5.0,6.0,0.0,rmannibucau@apache.org,0,0.0,0.0,0.0,0.0,0.0,0.0,0.0,0,0,0.0,false
container/openejb-core/src/test/java/org/apache/openejb/testing/TransactionRuleTest.java,12.0,14.0,3.0,3.0,6.0,6.0,0.0,rmannibucau@apache.org,0,0.0,0.0,0.0,0.0,0.0,0.0,0.0,0,0,0.0,false
container/openejb-core/src/test/java/org/apache/openejb/testing/app/Application.java,29.0,9.0,0.0,2.0,5.0,3.0,0.0,rmannibucau@apache.org,0,0.0,0.0,0.0,0.0,0.0,0.0,0.0,0,0,0.0,false
container/openejb-core/src/test/java/org/apache/openejb/util/ListSettersTest.java,21.0,4.0,0.0,1.0,6.0,2.0,7.0,rmannibucau@apache.org,1,0.0,0.0,0.0,100.0,0.0,5415.267973856209,200623.95791234483,1,0,0.2754935559092837,false
container/openejb-core/src/test/java/org/apache/openejb/util/PropertyPlaceHolderTest.java,37.0,5.0,21.0,7.0,25.0,8.0,0.0,rmannibucau@apache.org,0,0.0,0.0,0.0,0.0,0.0,0.0,0.0,0,1,0.0,false
container/openejb-core/src/test/java/org/apache/openejb/util/ReversePasswordCipher.java,8.0,1.0,1.0,2.0,7.0,4.0,0.0,jeanouii@gmail.com,0,0.0,0.0,0.0,0.0,0.0,0.0,0.0,0,1,0.0,false
container/openejb-jee-accessors/src/main/java/org/apache/openejb/jee/FacesConfig$JAXB.java,551.0,39.0,21.0,7.0,67.0,27.0,2.0,rmannibucau@apache.org,1,0.002824858757062147,20.0,0.0,0.0,0.0,5415.267973856209,200623.95791234483,1,0,0.2754935559092837,false
container/openejb-jee-accessors/src/main/java/org/apache/openejb/jee/PersistenceContextRef$JAXB.java,303.0,21.0,28.0,8.0,55.0,31.0,9.0,andygumbrecht@apache.org,1,0.0,0.0,0.0,0.0,0.0,5415.267973856209,200623.95791234483,1,0,0.2754935559092837,false
container/openejb-jee/src/main/java/org/apache/openejb/jee/JaxbJavaee.java,513.0,37.0,79.0,14.0,91.0,46.0,6.0,null,1,0.0,0.0,0.0,0.0,0.0,5415.267973856209,200623.95791234483,1,7,0.2754935559092837,false
container/openejb-jee/src/main/java/org/apache/openejb/jee/Persistence.java,270.0,10.0,1.0,3.0,0.0,9.0,6.0,djencks@apache.org,1,0.0,0.0,0.0,0.0,0.0,5415.267973856209,200623.95791234483,1,0,0.2754935559092837,false
container/openejb-jee/src/main/java/org/apache/openejb/jee/PersistenceContextRef.java,146.0,13.0,536.0,37.0,15.0,64.0,5.0,dblevins@apache.org,1,0.0,0.0,0.0,0.0,0.0,5415.267973856209,200623.95791234483,1,0,0.2754935559092837,false
container/openejb-jee/src/main/java/org/apache/openejb/jee/PersistenceContextSynchronization.java,0.0,0.0,0.0,0.0,0.0,0.0,9.0,rmannibucau@apache.org,1,0.0,0.0,0.0,0.0,0.0,5415.267973856209,200623.95791234483,1,0,0.2754935559092837,false
container/openejb-jee/src/main/java/org/apache/openejb/jee/jpa/unit/JaxbPersistenceFactory.java,41.0,14.0,1.0,2.0,14.0,7.0,6.0,dain@apache.org,1,0.0,0.0,0.0,0.0,0.0,5415.267973856209,200623.95791234483,1,1,0.2754935559092837,false
container/openejb-junit/src/main/java/org/apache/openejb/junit/jee/InjectRule.java,18.0,5.0,0.0,4.0,2.0,5.0,0.0,andygumbrecht@apache.org,0,0.0,0.0,0.0,0.0,0.0,0.0,0.0,0,0,0.0,false
container/openejb-loader/src/main/java/org/apache/openejb/loader/BasicURLClassPath.java,83.0,8.0,45.0,10.0,42.0,31.0,3.0,andygumbrecht@apache.org,1,0.0,0.0,0.0,9.0,0.0,70.80000000000001,61.55064400426616,1,4,4.314149212270796,false
container/openejb-loader/src/main/java/org/apache/openejb/loader/Files.java,414.0,21.0,415.0,30.0,123.0,118.0,1.0,rmannibucau@apache.org,2,0.0,0.0,0.0,4.0,0.0,5486.067973856209,200685.5085563491,2,3,1.6016742035300946,false
container/openejb-loader/src/main/java/org/apache/openejb/loader/SystemInstance.java,297.0,9.0,388.0,32.0,72.0,81.0,0.0,rmannibucau@apache.org,0,0.0,0.0,0.0,0.0,0.0,0.0,0.0,0,11,0.0,false
container/openejb-loader/src/main/java/org/apache/openejb/loader/provisining/MavenResolver.java,225.0,14.0,58.0,12.0,57.0,52.0,0.0,rmannibucau@apache.org,0,0.0,0.0,0.0,0.0,0.0,0.0,0.0,0,2,0.0,false
container/openejb-loader/src/main/java/org/apache/openejb/loader/provisining/ProvisioningResolver.java,185.0,17.0,25.0,11.0,57.0,38.0,1.0,rmannibucau@apache.org,1,0.0,0.0,0.0,0.0,0.0,70.80000000000001,61.55064400426616,1,2,4.314149212270796,false
container/openejb-loader/src/main/java/org/apache/openejb/observer/ObserverManager.java,362.0,23.0,18.0,9.0,25.0,40.0,0.0,dblevins@apache.org,0,0.0,0.0,0.0,0.0,0.0,0.0,0.0,0,6,0.0,false
container/openejb-loader/src/test/java/org/apache/openejb/loader/FilesTest.java,34.0,9.0,3.0,3.0,18.0,9.0,2.0,andy.is@gmx.de,1,0.0,0.0,0.0,0.0,0.0,70.80000000000001,61.55064400426616,1,0,4.314149212270796,false
container/openejb-loader/src/test/java/org/apache/openejb/loader/provisining/MavenResolverTest.java,40.0,10.0,0.0,5.0,38.0,10.0,2.0,struberg@apache.org,2,0.0,0.0,0.0,33.0,0.0,435.32173913043476,1568.4736770590687,2,0,2.358137709556723,false
container/openejb-loader/src/test/java/org/apache/openejb/observer/ObserverManagerTest.java,20.0,3.0,0.0,1.0,5.0,1.0,0.0,dblevins@apache.org,0,0.0,0.0,0.0,0.0,0.0,0.0,0.0,0,1,0.0,false
examples/cdi-realm/src/main/java/org/superbiz/AuthBean.java,19.0,2.0,6.0,4.0,3.0,11.0,0.0,andygumbrecht@apache.org,0,0.0,0.0,0.0,0.0,0.0,0.0,0.0,0,1,0.0,false
examples/cdi-realm/src/main/java/org/superbiz/SecuredServlet.java,5.0,6.0,0.0,1.0,2.0,2.0,0.0,rmannibucau@apache.org,0,0.0,0.0,0.0,0.0,0.0,0.0,0.0,0,0,0.0,false
examples/cdi-realm/src/test/java/org/superbiz/AuthBeanTest.java,39.0,29.0,6.0,4.0,26.0,11.0,0.0,rmannibucau@apache.org,0,0.0,0.0,0.0,0.0,0.0,0.0,0.0,0,0,0.0,false
examples/decorators/src/main/java/org/superbiz/cdi/decorators/CalculatorBean.java,17.0,1.0,10.0,5.0,0.0,10.0,25.0,dblevins@apache.org,0,0.0,0.0,0.0,0.0,0.0,0.0,0.0,0,1,0.0,false
examples/decorators/src/main/java/org/superbiz/cdi/decorators/CalculatorSecurity.java,22.0,5.0,0.0,5.0,8.0,12.0,0.0,andygumbrecht@apache.org,0,0.0,0.0,0.0,0.0,0.0,0.0,0.0,0,2,0.0,false
examples/webservice-ws-with-resources-config/src/test/java/org/superbiz/ws/security/CalculatorTest.java,54.0,22.0,3.0,3.0,21.0,8.0,1.0,rmannibucau@apache.org,1,0.002824858757062147,17.0,0.0,17.0,0.0,5415.267973856209,200623.95791234483,1,1,0.2754935559092837,false
itests/legacy-client/src/test/java/org/apache/openejb/itest/legacy/LegacyClientTest.java,227.0,34.0,0.0,5.0,77.0,19.0,133.0,andygumbrecht@apache.org,2,0.0,0.0,0.0,14.0,0.0,5486.067973856209,200685.5085563491,2,0,1.6016742035300946,false
maven/applicationcomposer-maven-plugin/src/main/java/org/apache/openejb/applicationcomposer/mojo/ApplicationComposerMojo.java,19.0,6.0,0.0,1.0,4.0,3.0,0.0,rmannibucau@apache.org,0,0.0,0.0,0.0,0.0,0.0,0.0,0.0,0,0,0.0,false
maven/applicationcomposer-maven-plugin/src/main/java/org/apache/openejb/applicationcomposer/mojo/ApplicationComposerRunMojo.java,56.0,14.0,1.0,2.0,24.0,12.0,0.0,rmannibucau@apache.org,0,0.0,0.0,0.0,0.0,0.0,0.0,0.0,0,0,0.0,false
maven/applicationcomposer-maven-plugin/src/main/java/org/apache/openejb/applicationcomposer/mojo/ApplicationComposerZipMojo.java,111.0,22.0,1.0,2.0,32.0,11.0,0.0,rmannibucau@apache.org,0,0.0,0.0,0.0,0.0,0.0,0.0,0.0,0,0,0.0,false
maven/maven-util/src/main/java/org/apache/openejb/maven/util/MavenLogStreamFactory.java,154.0,11.0,0.0,3.0,0.0,5.0,0.0,rmannibucau@apache.org,0,0.0,0.0,0.0,0.0,0.0,0.0,0.0,0,1,0.0,false
maven/maven-util/src/main/java/org/apache/openejb/maven/util/OpenJPALog.java,51.0,1.0,120.0,16.0,40.0,21.0,0.0,rmannibucau@apache.org,0,0.0,0.0,0.0,0.0,0.0,0.0,0.0,0,1,0.0,false
maven/maven-util/src/main/java/org/apache/openejb/maven/util/OpenJPALogFactory.java,5.0,2.0,0.0,1.0,0.0,2.0,0.0,rmannibucau@apache.org,0,0.0,0.0,0.0,0.0,0.0,0.0,0.0,0,1,0.0,false
maven/maven-util/src/main/java/org/apache/openejb/maven/util/XmlFormatter.java,31.0,10.0,1.0,2.0,14.0,6.0,5.0,rmannibucau@apache.org,1,0.0,0.0,0.0,0.0,0.0,5415.267973856209,200623.95791234483,1,0,0.2754935559092837,false
maven/maven-util/src/test/java/org/apache/openejb/maven/util/XmlFormatterTest.java,5.0,2.0,0.0,1.0,3.0,2.0,3.0,rmannibucau@apache.org,1,0.002824858757062147,0.0,50.0,0.0,0.0,5415.267973856209,200623.95791234483,1,0,0.2754935559092837,false
maven/tomee-embedded-maven-plugin/src/main/java/org/apache/openejb/maven/plugins/TomEEEmbeddedMojo.java,295.0,40.0,22.0,8.0,120.0,45.0,4.0,rmannibucau@apache.org,1,0.002824858757062147,4.0,0.0,4.0,0.0,5415.267973856209,200623.95791234483,1,1,0.2754935559092837,false
maven/tomee-maven-plugin/src/main/java/org/apache/openejb/maven/plugin/AbstractTomEEMojo.java,1021.0,69.0,444.0,36.0,319.0,155.0,68.0,rmannibucau@apache.org,1,0.002824858757062147,2.0,0.0,0.0,0.0,5415.267973856209,200623.95791234483,1,12,0.2754935559092837,false
server/openejb-client/src/main/java/org/apache/openejb/client/JNDIContext.java,613.0,42.0,1210.0,52.0,185.0,164.0,1.0,dblevins@apache.org,1,0.0,0.0,0.0,2.0,0.0,5415.267973856209,200623.95791234483,1,15,0.2754935559092837,false
server/openejb-cxf-rs/src/main/java/org/apache/openejb/server/cxf/rs/CxfHacks.java,25.0,3.0,1.0,2.0,4.0,4.0,4.0,rmannibucau@apache.org,1,0.0,0.0,0.0,100.0,0.0,5415.267973856209,200623.95791234483,1,0,0.2754935559092837,false
server/openejb-cxf-rs/src/main/java/org/apache/openejb/server/cxf/rs/CxfRSService.java,176.0,55.0,64.0,12.0,34.0,26.0,3.0,rmannibucau@apache.org,1,0.0,0.0,0.0,4.0,0.0,5415.267973856209,200623.95791234483,1,2,0.2754935559092837,false
server/openejb-cxf-rs/src/main/java/org/apache/openejb/server/cxf/rs/CxfRsHttpListener.java,793.0,100.0,397.0,31.0,259.0,106.0,2.0,rmannibucau@apache.org,1,0.002824858757062147,0.0,1.0,2.0,0.0,5415.267973856209,200623.95791234483,1,23,0.2754935559092837,false
server/openejb-cxf-rs/src/main/java/org/apache/openejb/server/cxf/rs/OpenEJBEJBInvoker.java,61.0,21.0,4.0,4.0,24.0,16.0,2.0,rmannibucau@apache.org,1,0.0,0.0,0.0,7.0,0.0,5415.267973856209,200623.95791234483,1,7,0.2754935559092837,false
server/openejb-cxf-rs/src/test/java/org/apache/openejb/server/cxf/rs/ApplicationStarTest.java,16.0,12.0,0.0,1.0,4.0,1.0,2.0,rmannibucau@apache.org,1,0.0,0.0,0.0,0.0,0.0,5415.267973856209,200623.95791234483,1,0,0.2754935559092837,false
server/openejb-cxf-rs/src/test/java/org/apache/openejb/server/cxf/rs/SuspendedTest.java,35.0,18.0,0.0,2.0,16.0,3.0,0.0,rmannibucau@apache.org,0,0.0,0.0,0.0,0.0,0.0,0.0,0.0,0,0,0.0,false
server/openejb-cxf-transport/src/main/java/org/apache/openejb/server/cxf/transport/util/CxfUtil.java,227.0,40.0,58.0,12.0,107.0,42.0,0.0,rmannibucau@apache.org,0,0.0,0.0,0.0,0.0,0.0,0.0,0.0,0,4,0.0,false
server/openejb-cxf/src/main/java/org/apache/openejb/server/cxf/CxfService.java,84.0,24.0,26.0,9.0,53.0,20.0,0.0,rmannibucau@apache.org,0,0.0,0.0,0.0,0.0,0.0,0.0,0.0,0,1,0.0,false
server/openejb-cxf/src/main/java/org/apache/openejb/server/cxf/CxfWsContainer.java,51.0,11.0,29.0,10.0,18.0,15.0,0.0,rmannibucau@apache.org,0,0.0,0.0,0.0,0.0,0.0,0.0,0.0,0,2,0.0,false
server/openejb-cxf/src/main/java/org/apache/openejb/server/cxf/event/ServerCreated.java,17.0,3.0,0.0,4.0,1.0,7.0,0.0,rmannibucau@apache.org,0,0.0,0.0,0.0,0.0,0.0,0.0,0.0,0,0,0.0,false
server/openejb-cxf/src/main/java/org/apache/openejb/server/cxf/event/ServerDestroyed.java,12.0,2.0,1.0,3.0,0.0,5.0,0.0,rmannibucau@apache.org,0,0.0,0.0,0.0,0.0,0.0,0.0,0.0,0,0,0.0,false
server/openejb-cxf/src/test/java/org/apache/openejb/server/cxf/EventTest.java,34.0,17.0,6.0,4.0,9.0,6.0,0.0,rmannibucau@apache.org,0,0.0,0.0,0.0,0.0,0.0,0.0,0.0,0,0,0.0,false
server/openejb-ejbd/src/test/java/org/apache/openejb/server/ejbd/Server2ServerEjbRefTest.java,79.0,22.0,1.0,2.0,20.0,5.0,1.0,andygumbrecht@apache.org,1,0.0,0.0,0.0,0.0,0.0,5415.267973856209,200623.95791234483,1,1,0.2754935559092837,false
server/openejb-http/src/main/java/org/apache/openejb/server/httpd/BeginWebBeansListener.java,168.0,26.0,3.0,11.0,73.0,29.0,7.0,rmannibucau@apache.org,2,0.002824858757062147,11.0,0.0,0.0,11.0,5779.789712986644,202130.88094539964,2,0,0.20765269372132988,false
server/openejb-http/src/main/java/org/apache/openejb/server/httpd/EmbeddedServletContext.java,64.0,13.0,43.0,11.0,16.0,27.0,0.0,rmannibucau@apache.org,0,0.0,0.0,0.0,0.0,0.0,0.0,0.0,0,0,0.0,false
server/openejb-http/src/main/java/org/apache/openejb/server/httpd/EndWebBeansListener.java,66.0,11.0,22.0,9.0,11.0,16.0,8.0,rmannibucau@apache.org,2,0.0,0.0,0.0,6.0,0.0,5779.789712986644,202130.88094539964,2,2,0.07767653478174719,false
server/openejb-http/src/main/java/org/apache/openejb/server/httpd/HttpListenerRegistry.java,254.0,29.0,35.0,11.0,88.0,37.0,18.0,rmannibucau@apache.org,1,0.0,0.0,0.0,0.0,0.0,364.52173913043475,1506.9230330548025,1,2,1.7884205679625405,false
server/openejb-http/src/main/java/org/apache/openejb/server/httpd/HttpRequestImpl.java,937.0,56.0,4988.0,105.0,276.0,287.0,6.0,rmannibucau@apache.org,2,0.002824858757062147,3.0,0.0,3.0,3.0,5779.789712986644,202130.88094539964,2,10,0.2609439846689633,false
server/openejb-http/src/main/java/org/apache/openejb/server/httpd/HttpResponseImpl.java,505.0,21.0,1587.0,63.0,111.0,123.0,10.0,rmannibucau@apache.org,1,0.0,0.0,0.0,0.0,0.0,5415.267973856209,200623.95791234483,1,2,0.2754935559092837,false
server/openejb-http/src/main/java/org/apache/openejb/server/httpd/HttpSessionImpl.java,123.0,15.0,174.0,24.0,48.0,46.0,6.0,rmannibucau@apache.org,1,0.0,0.0,0.0,15.0,0.0,5415.267973856209,200623.95791234483,1,1,0.2754935559092837,false
server/openejb-http/src/main/java/org/apache/openejb/server/httpd/LightweightWebAppBuilderListenerExtractor.java,28.0,9.0,1.0,2.0,13.0,5.0,0.0,rmannibucau@apache.org,0,0.0,0.0,0.0,0.0,0.0,0.0,0.0,0,0,0.0,false
server/openejb-http/src/main/java/org/apache/openejb/server/httpd/OpenEJBAsyncContext.java,284.0,29.0,285.0,34.0,89.0,94.0,0.0,rmannibucau@apache.org,0,0.0,0.0,0.0,0.0,0.0,0.0,0.0,0,0,0.0,false
server/openejb-http/src/main/java/org/apache/openejb/server/httpd/OpenEJBHttpRegistry.java,133.0,14.0,0.0,3.0,27.0,13.0,5.0,rmannibucau@apache.org,1,0.0,0.0,0.0,0.0,0.0,5415.267973856209,200623.95791234483,1,3,0.2754935559092837,false
server/openejb-http/src/main/java/org/apache/openejb/server/httpd/OpenEJBHttpServer.java,219.0,28.0,102.0,16.0,64.0,48.0,7.0,rmannibucau@apache.org,1,0.0,0.0,0.0,0.0,0.0,5415.267973856209,200623.95791234483,1,4,0.2754935559092837,false
server/openejb-http/src/main/java/org/apache/openejb/server/httpd/WebBeansFilter.java,168.0,18.0,3.0,3.0,4.0,7.0,2.0,rmannibucau@apache.org,1,0.002824858757062147,25.0,0.0,0.0,0.0,5415.267973856209,200623.95791234483,1,0,0.2754935559092837,false
server/openejb-http/src/main/java/org/apache/openejb/server/httpd/WebBeansListenerHelper.java,23.0,4.0,1.0,3.0,7.0,6.0,13.0,struberg@apache.org,2,0.0,0.0,0.0,0.0,0.0,5779.789712986644,202130.88094539964,2,0,0.3388098813759669,false
server/openejb-http/src/main/java/org/apache/openejb/server/httpd/util/HttpUtil.java,167.0,20.0,91.0,14.0,81.0,40.0,0.0,rmannibucau@apache.org,0,0.0,0.0,0.0,0.0,0.0,0.0,0.0,0,1,0.0,false
server/openejb-http/src/test/java/org/apache/openejb/server/httpd/AsyncHttpTest.java,81.0,23.0,0.0,2.0,7.0,4.0,0.0,rmannibucau@apache.org,0,0.0,0.0,0.0,0.0,0.0,0.0,0.0,0,0,0.0,false
server/openejb-http/src/test/java/org/apache/openejb/server/httpd/ResourcesTest.java,12.0,24.0,0.0,2.0,8.0,4.0,0.0,rmannibucau@apache.org,0,0.0,0.0,0.0,0.0,0.0,0.0,0.0,0,0,0.0,false
server/openejb-multicast/src/main/java/org/apache/openejb/server/discovery/MulticastPulseAgent.java,543.0,41.0,371.0,31.0,171.0,119.0,0.0,andygumbrecht@apache.org,0,0.0,0.0,0.0,0.0,0.0,0.0,0.0,0,9,0.0,false
server/openejb-multicast/src/test/java/org/apache/openejb/server/discovery/MulticastDiscoveryAgentTest.java,62.0,10.0,1.0,2.0,17.0,8.0,1.0,andygumbrecht@apache.org,1,0.002824858757062147,0.0,17.0,0.0,17.0,364.52173913043475,1506.9230330548025,1,2,1.7884205679625405,false
server/openejb-multicast/src/test/java/org/apache/openejb/server/discovery/MulticastPulseAgentTest.java,348.0,32.0,46.0,13.0,151.0,53.0,2.0,andygumbrecht@apache.org,1,0.002824858757062147,0.0,6.0,0.0,6.0,364.52173913043475,1506.9230330548025,1,6,1.7884205679625405,false
server/openejb-multicast/src/test/java/org/apache/openejb/server/discovery/MultipointDiscoveryAgentTest.java,168.0,25.0,10.0,5.0,31.0,13.0,2.0,dblevins@apache.org,1,0.002824858757062147,0.0,12.0,0.0,12.0,364.52173913043475,1506.9230330548025,1,1,1.7884205679625405,false
server/openejb-rest/src/main/java/org/apache/openejb/server/rest/RESTService.java,837.0,55.0,736.0,45.0,278.0,149.0,2.0,rmannibucau@apache.org,1,0.0,0.0,0.0,0.0,0.0,5415.267973856209,200623.95791234483,1,23,0.2754935559092837,false
server/openejb-server/src/main/java/org/apache/openejb/server/stream/CountingOutputStream.java,21.0,3.0,0.0,5.0,0.0,9.0,0.0,rmannibucau@apache.org,0,0.0,0.0,0.0,0.0,0.0,0.0,0.0,0,0,0.0,false
server/openejb-webservices/src/main/java/org/apache/openejb/server/webservices/OpenEJBHttpWsRegistry.java,42.0,5.0,6.0,4.0,16.0,11.0,5.0,rmannibucau@apache.org,1,0.0,0.0,0.0,0.0,0.0,5415.267973856209,200623.95791234483,1,4,0.2754935559092837,false
server/openejb-webservices/src/main/java/org/apache/openejb/server/webservices/WsRegistry.java,6.0,3.0,6.0,4.0,0.0,6.0,5.0,rmannibucau@apache.org,1,0.0,0.0,0.0,0.0,0.0,5415.267973856209,200623.95791234483,1,1,0.2754935559092837,false
server/openejb-webservices/src/main/java/org/apache/openejb/server/webservices/WsService.java,427.0,57.0,431.0,34.0,118.0,84.0,3.0,rmannibucau@apache.org,1,0.0,0.0,0.0,0.0,2.0,5415.267973856209,200623.95791234483,1,11,0.2754935559092837,false
tck/cdi-embedded/src/test/java/org/apache/openejb/tck/cdi/embedded/AddContainerCdiBeansExtension.java,28.0,12.0,0.0,1.0,11.0,4.0,5.0,rmannibucau@apache.org,1,0.002824858757062147,0.0,100.0,50.0,0.0,5415.267973856209,200623.95791234483,1,0,0.2754935559092837,false
tck/cdi-embedded/src/test/java/org/apache/openejb/tck/cdi/embedded/ArquillianTestCleanUpExtension.java,10.0,4.0,0.0,1.0,1.0,1.0,7.0,rmannibucau@apache.org,1,0.002824858757062147,100.0,0.0,0.0,100.0,5415.267973856209,200623.95791234483,1,0,0.2754935559092837,false
tck/cdi-embedded/src/test/java/org/apache/openejb/tck/cdi/embedded/TckTlds.java,26.0,11.0,6.0,4.0,1.0,6.0,0.0,rmannibucau@apache.org,0,0.0,0.0,0.0,0.0,0.0,0.0,0.0,0,0,0.0,false
tck/cdi-tomee/src/test/java/org/apache/openejb/tck/cdi/tomee/BeansImpl.java,61.0,10.0,3.0,3.0,6.0,8.0,12.0,rmannibucau@apache.org,1,0.002824858757062147,0.0,33.0,0.0,0.0,5415.267973856209,200623.95791234483,1,1,0.2754935559092837,false
tck/cdi-tomee/src/test/java/org/apache/openejb/tck/cdi/tomee/EnrichmentDumper.java,10.0,7.0,1.0,2.0,10.0,3.0,7.0,rmannibucau@apache.org,1,0.002824858757062147,0.0,100.0,0.0,0.0,5415.267973856209,200623.95791234483,1,0,0.2754935559092837,false
tck/cdi-tomee/src/test/java/org/apache/openejb/tck/cdi/tomee/Report.java,148.0,16.0,2.0,8.0,51.0,25.0,12.0,rmannibucau@apache.org,1,0.002824858757062147,0.0,33.0,0.0,0.0,5415.267973856209,200623.95791234483,1,1,0.2754935559092837,false
tck/tck-common/src/main/java/org/apache/openejb/tck/testng/HTMLReporter.java,25.0,7.0,6.0,4.0,16.0,13.0,12.0,rmannibucau@apache.org,1,0.002824858757062147,0.0,100.0,0.0,0.0,5415.267973856209,200623.95791234483,1,0,0.2754935559092837,false
tomee/tomee-catalina/src/main/java/org/apache/tomee/catalina/Contexts.java,126.0,10.0,10.0,5.0,39.0,22.0,2.0,rmannibucau@apache.org,1,0.0,0.0,0.0,12.0,0.0,5415.267973856209,200623.95791234483,1,0,0.2754935559092837,false
tomee/tomee-catalina/src/main/java/org/apache/tomee/catalina/GlobalListenerSupport.java,333.0,19.0,108.0,16.0,70.0,52.0,6.0,rmannibucau@apache.org,1,0.0,0.0,0.0,6.0,0.0,5415.267973856209,200623.95791234483,1,2,0.2754935559092837,false
tomee/tomee-catalina/src/main/java/org/apache/tomee/catalina/OpenEJBContextConfig.java,549.0,76.0,330.0,28.0,208.0,111.0,6.0,rmannibucau@apache.org,2,0.005649717514124294,1.0,1.0,1.0,1.0,5779.789712986644,202130.88094539964,2,20,0.20765269372132988,false
tomee/tomee-catalina/src/main/java/org/apache/tomee/catalina/SimpleTomEETcpCluster.java,33.0,7.0,1.0,2.0,34.0,7.0,6.0,rmannibucau@apache.org,1,0.0,0.0,0.0,12.0,0.0,5415.267973856209,200623.95791234483,1,0,0.2754935559092837,false
tomee/tomee-catalina/src/main/java/org/apache/tomee/catalina/TomEEWebappClassLoader.java,351.0,38.0,286.0,29.0,114.0,83.0,3.0,rmannibucau@apache.org,1,0.002824858757062147,18.0,0.0,12.0,0.0,5415.267973856209,200623.95791234483,1,4,0.2754935559092837,false
tomee/tomee-catalina/src/main/java/org/apache/tomee/catalina/TomcatJndiBuilder.java,683.0,72.0,72.0,21.0,223.0,76.0,9.0,rmannibucau@apache.org,1,0.0,0.0,0.0,0.0,0.0,5415.267973856209,200623.95791234483,1,3,0.2754935559092837,false
tomee/tomee-catalina/src/main/java/org/apache/tomee/catalina/TomcatWebAppBuilder.java,1890.0,154.0,2489.0,74.0,691.0,274.0,4.0,rmannibucau@apache.org,2,0.005649717514124294,2.0,0.0,3.0,0.0,5779.789712986644,202130.88094539964,2,51,0.12376778988763659,false
tomee/tomee-catalina/src/main/java/org/apache/tomee/catalina/WebSockets.java,8.0,3.0,1.0,2.0,1.0,3.0,2.0,rmannibucau@apache.org,1,0.0,0.0,0.0,0.0,0.0,5415.267973856209,200623.95791234483,1,0,0.2754935559092837,false
tomee/tomee-catalina/src/main/java/org/apache/tomee/catalina/cdi/ServletContextHandler.java,17.0,8.0,0.0,1.0,10.0,5.0,5.0,rmannibucau@apache.org,1,0.0,0.0,0.0,33.0,0.0,5415.267973856209,200623.95791234483,1,0,0.2754935559092837,false
tomee/tomee-catalina/src/main/java/org/apache/tomee/catalina/cdi/SessionContextBackedByHttpSession.java,177.0,16.0,3.0,3.0,7.0,9.0,18.0,rmannibucau@apache.org,1,0.0,0.0,0.0,0.0,0.0,364.52173913043475,1506.9230330548025,1,2,1.7884205679625405,false
tomee/tomee-catalina/src/main/java/org/apache/tomee/catalina/cluster/TomEEClusterListener.java,131.0,22.0,15.0,6.0,27.0,16.0,6.0,rmannibucau@apache.org,1,0.0,0.0,0.0,10.0,0.0,5415.267973856209,200623.95791234483,1,1,0.2754935559092837,false
tomee/tomee-catalina/src/main/java/org/apache/tomee/catalina/deployment/TomcatWebappDeployer.java,79.0,14.0,4.0,4.0,31.0,17.0,3.0,rmannibucau@apache.org,1,0.0,0.0,0.0,7.0,0.0,5415.267973856209,200623.95791234483,1,4,0.2754935559092837,false
tomee/tomee-catalina/src/main/java/org/apache/tomee/catalina/realm/CdiEventRealm.java,78.0,15.0,45.0,10.0,27.0,26.0,0.0,jeanouii@gmail.com,0,0.0,0.0,0.0,0.0,0.0,0.0,0.0,0,0,0.0,false
tomee/tomee-catalina/src/main/java/org/apache/tomee/catalina/realm/LazyRealm.java,225.0,30.0,220.0,25.0,83.0,72.0,5.0,rmannibucau@apache.org,1,0.0,0.0,0.0,0.0,8.0,5415.267973856209,200623.95791234483,1,4,0.2754935559092837,false
tomee/tomee-catalina/src/main/java/org/apache/tomee/catalina/realm/event/BaseAuthenticationEvent.java,9.0,1.0,0.0,2.0,0.0,3.0,0.0,jeanouii@gmail.com,0,0.0,0.0,0.0,0.0,0.0,0.0,0.0,0,0,0.0,false
tomee/tomee-catalina/src/main/java/org/apache/tomee/catalina/realm/event/DigestAuthenticationEvent.java,44.0,0.0,20.0,9.0,0.0,17.0,0.0,rmannibucau@apache.org,0,0.0,0.0,0.0,0.0,0.0,0.0,0.0,0,1,0.0,false
tomee/tomee-catalina/src/main/java/org/apache/tomee/catalina/realm/event/FindSecurityConstraintsEvent.java,32.0,4.0,13.0,7.0,3.0,15.0,0.0,jeanouii@gmail.com,0,0.0,0.0,0.0,0.0,0.0,0.0,0.0,0,0,0.0,false
tomee/tomee-catalina/src/main/java/org/apache/tomee/catalina/realm/event/GssAuthenticationEvent.java,14.0,1.0,0.0,3.0,0.0,5.0,0.0,jeanouii@gmail.com,0,0.0,0.0,0.0,0.0,0.0,0.0,0.0,0,0,0.0,false
tomee/tomee-catalina/src/main/java/org/apache/tomee/catalina/realm/event/SslAuthenticationEvent.java,9.0,1.0,0.0,2.0,0.0,5.0,0.0,jeanouii@gmail.com,0,0.0,0.0,0.0,0.0,0.0,0.0,0.0,0,0,0.0,false
tomee/tomee-catalina/src/main/java/org/apache/tomee/catalina/realm/event/UserPasswordAuthenticationEvent.java,14.0,0.0,0.0,3.0,0.0,5.0,0.0,jeanouii@gmail.com,0,0.0,0.0,0.0,0.0,0.0,0.0,0.0,0,0,0.0,false
tomee/tomee-catalina/src/main/java/org/apache/tomee/catalina/valve/LazyValve.java,158.0,20.0,106.0,21.0,52.0,59.0,0.0,rmannibucau@apache.org,0,0.0,0.0,0.0,0.0,0.0,0.0,0.0,0,0,0.0,false
tomee/tomee-catalina/src/main/java/org/apache/tomee/catalina/websocket/JavaEEDefaultServerEnpointConfigurator.java,31.0,5.0,0.0,2.0,15.0,7.0,1.0,rmannibucau@apache.org,1,0.0,0.0,0.0,14.0,0.0,5415.267973856209,200623.95791234483,1,2,0.2754935559092837,false
tomee/tomee-common/src/main/java/org/apache/tomee/installer/Installer.java,441.0,6.0,0.0,24.0,127.0,68.0,12.0,rmannibucau@apache.org,1,0.0,0.0,0.0,2.0,0.0,5415.267973856209,200623.95791234483,1,11,0.2754935559092837,false
tomee/tomee-embedded/src/main/java/org/apache/tomee/embedded/Configuration.java,199.0,5.0,1110.0,49.0,8.0,83.0,3.0,rmannibucau@apache.org,1,0.002824858757062147,0.0,5.0,0.0,0.0,5415.267973856209,200623.95791234483,1,5,0.2754935559092837,false
tomee/tomee-embedded/src/main/java/org/apache/tomee/embedded/Container.java,699.0,87.0,617.0,39.0,274.0,123.0,3.0,rmannibucau@apache.org,1,0.002824858757062147,0.0,2.0,2.0,2.0,5415.267973856209,200623.95791234483,1,15,0.2754935559092837,false
tomee/tomee-embedded/src/main/java/org/apache/tomee/embedded/internal/StandardContextCustomizer.java,49.0,14.0,0.0,2.0,26.0,9.0,4.0,rmannibucau@apache.org,1,0.0,0.0,0.0,0.0,0.0,5415.267973856209,200623.95791234483,1,3,0.2754935559092837,false
tomee/tomee-embedded/src/main/java/org/apache/tomee/embedded/junit/TomEEEmbeddedRule.java,89.0,13.0,14.0,12.0,33.0,32.0,1.0,rmannibucau@apache.org,1,0.0,0.0,0.0,0.0,0.0,5415.267973856209,200623.95791234483,1,0,0.2754935559092837,false
tomee/tomee-embedded/src/test/java/org/apache/tomee/embedded/ClasspathAsWebappTest.java,125.0,41.0,0.0,1.0,29.0,7.0,6.0,rmannibucau@apache.org,1,0.0,0.0,0.0,0.0,0.0,5415.267973856209,200623.95791234483,1,2,0.2754935559092837,false
tomee/tomee-embedded/src/test/java/org/apache/tomee/embedded/ManualDeploymentTest.java,29.0,20.0,0.0,1.0,22.0,3.0,0.0,rmannibucau@apache.org,0,0.0,0.0,0.0,0.0,0.0,0.0,0.0,0,0,0.0,false
tomee/tomee-jaxrs/src/main/java/org/apache/tomee/webservices/CXFJAXRSFilter.java,109.0,20.0,11.0,6.0,22.0,23.0,0.0,rmannibucau@apache.org,0,0.0,0.0,0.0,0.0,0.0,0.0,0.0,0,2,0.0,false
tomee/tomee-jaxrs/src/main/java/org/apache/tomee/webservices/TomcatRsRegistry.java,133.0,26.0,13.0,7.0,56.0,32.0,0.0,rmannibucau@apache.org,0,0.0,0.0,0.0,0.0,0.0,0.0,0.0,0,3,0.0,false
tomee/tomee-jaxrs/src/test/java/org/apache/tomee/jaxrs/ReflectionTest.java,6.0,3.0,0.0,1.0,6.0,3.0,0.0,rmannibucau@apache.org,0,0.0,0.0,0.0,0.0,0.0,0.0,0.0,0,0,0.0,false
tomee/tomee-jdbc/src/main/java/org/apache/tomee/jdbc/TomEEDataSourceCreator.java,258.0,34.0,10.0,5.0,44.0,21.0,0.0,rmannibucau@apache.org,0,0.0,0.0,0.0,0.0,0.0,0.0,0.0,0,14,0.0,false
tomee/tomee-webservices/src/main/java/org/apache/tomee/webservices/TomcatWsRegistry.java,333.0,36.0,31.0,11.0,111.0,51.0,4.0,rmannibucau@apache.org,1,0.0,0.0,0.0,7.0,0.0,5415.267973856209,200623.95791234483,1,4,0.2754935559092837,false
