name,LOC,CBO,LCOM,NOM,RFC,WMC,numOfChanges,bccm,structuralWorkloadSum,semanticWorkloadSum,numberOfDeveloper,isBuggy
contribs/CekiGulcu/AppenderTable.java,89.0,19.0,3.0,3.0,15.0,8.0,1,0.00423728813559322,958.1290322580645,37171.83306293388,1,true
contribs/KevinSteppe/CompositeRollingAppender.java,539.0,12.0,321.0,31.0,63.0,87.0,1,0.00423728813559322,958.1290322580645,37171.83306293388,1,true
examples/Sort.java,52.0,3.0,1.0,2.0,9.0,5.0,1,0.00423728813559322,958.1290322580645,37171.83306293388,1,true
examples/customLevel/XLevel.java,44.0,2.0,0.0,4.0,5.0,11.0,0,0.0,0.0,0.0,0,true
examples/subclass/MyLogger.java,40.0,6.0,6.0,5.0,2.0,7.0,0,0.0,0.0,0.0,0,true
examples/subclass/MyLoggerFactory.java,17.0,2.0,1.0,2.0,0.0,4.0,0,0.0,0.0,0.0,0,true
examples/subclass/MyLoggerTest.java,51.0,6.0,1.0,2.0,12.0,7.0,0,0.0,0.0,0.0,0,true
src/java/org/apache/log4j/BasicConfigurator.java,36.0,8.0,6.0,4.0,5.0,5.0,2,0.00847457627118644,1089.1290322580644,46410.23788185367,2,true
src/java/org/apache/log4j/Category.java,714.0,17.0,636.0,53.0,99.0,170.0,2,0.00847457627118644,1089.1290322580644,46410.23788185367,2,true
src/java/org/apache/log4j/DailyRollingFileAppender.java,235.0,16.0,0.0,9.0,29.0,32.0,2,0.00847457627118644,1089.1290322580644,46410.23788185367,2,true
src/java/org/apache/log4j/Hierarchy.java,367.0,13.0,200.0,25.0,62.0,70.0,2,0.00847457627118644,1089.1290322580644,46410.23788185367,2,true
src/java/org/apache/log4j/Level.java,108.0,0.0,0.0,5.0,4.0,12.0,0,0.0,0.0,0.0,0,true
src/java/org/apache/log4j/LogManager.java,149.0,11.0,0.0,10.0,18.0,20.0,0,0.0,0.0,0.0,0,true
src/java/org/apache/log4j/Logger.java,46.0,18.0,10.0,5.0,5.0,9.0,2,0.00847457627118644,1089.1290322580644,46410.23788185367,2,true
src/java/org/apache/log4j/NDC.java,259.0,5.0,0.0,12.0,46.0,51.0,1,0.00423728813559322,958.1290322580645,37171.83306293388,1,true
src/java/org/apache/log4j/Priority.java,130.0,0.0,37.0,11.0,4.0,26.0,1,0.00423728813559322,958.1290322580645,37171.83306293388,1,true
src/java/org/apache/log4j/PropertyConfigurator.java,434.0,22.0,110.0,16.0,80.0,50.0,2,0.00847457627118644,1089.1290322580644,46410.23788185367,2,true
src/java/org/apache/log4j/SimpleLayout.java,43.0,1.0,6.0,4.0,4.0,8.0,1,0.00423728813559322,958.1290322580645,37171.83306293388,1,true
src/java/org/apache/log4j/TTCCLayout.java,142.0,9.0,27.0,10.0,9.0,23.0,2,0.00847457627118644,1089.1290322580644,46410.23788185367,2,true
src/java/org/apache/log4j/WriterAppender.java,258.0,11.0,126.0,20.0,25.0,48.0,2,0.00847457627118644,1089.1290322580644,46410.23788185367,2,true
src/java/org/apache/log4j/chainsaw/ControlPanel.java,160.0,14.0,120.0,16.0,53.0,20.0,2,0.00847457627118644,1089.1290322580644,46410.23788185367,2,true
src/java/org/apache/log4j/chainsaw/DetailPanel.java,106.0,12.0,4.0,4.0,32.0,18.0,1,0.00423728813559322,131.0,9238.40481891979,1,true
src/java/org/apache/log4j/chainsaw/EventDetails.java,116.0,2.0,29.0,10.0,5.0,19.0,1,0.00423728813559322,131.0,9238.40481891979,1,true
src/java/org/apache/log4j/chainsaw/ExitAction.java,28.0,3.0,1.0,2.0,2.0,3.0,1,0.00423728813559322,131.0,9238.40481891979,1,true
src/java/org/apache/log4j/chainsaw/LoadXMLAction.java,88.0,14.0,0.0,3.0,16.0,11.0,1,0.00423728813559322,131.0,9238.40481891979,1,true
src/java/org/apache/log4j/chainsaw/LoggingReceiver.java,98.0,8.0,0.0,2.0,9.0,7.0,2,0.00847457627118644,1089.1290322580644,46410.23788185367,2,true
src/java/org/apache/log4j/chainsaw/Main.java,107.0,19.0,8.0,5.0,25.0,10.0,1,0.00423728813559322,131.0,9238.40481891979,1,true
src/java/org/apache/log4j/chainsaw/MyTableModel.java,332.0,11.0,19.0,19.0,43.0,49.0,2,0.00847457627118644,1089.1290322580644,46410.23788185367,2,true
src/java/org/apache/log4j/chainsaw/XMLFileHandler.java,167.0,5.0,4.0,8.0,10.0,18.0,1,0.00423728813559322,131.0,9238.40481891979,1,true
src/java/org/apache/log4j/config/PropertySetter.java,183.0,11.0,0.0,9.0,37.0,32.0,2,0.00847457627118644,1089.1290322580644,46410.23788185367,2,true
src/java/org/apache/log4j/helpers/AbsoluteTimeDateFormat.java,80.0,6.0,6.0,4.0,10.0,9.0,0,0.0,0.0,0.0,0,true
src/java/org/apache/log4j/helpers/ISO8601DateFormat.java,115.0,7.0,6.0,4.0,6.0,11.0,1,0.00423728813559322,131.0,9238.40481891979,1,true
src/java/org/apache/log4j/helpers/Loader.java,73.0,3.0,1.0,3.0,7.0,11.0,1,0.00423728813559322,958.1290322580645,37171.83306293388,1,true
src/java/org/apache/log4j/helpers/OptionConverter.java,323.0,8.0,76.0,13.0,56.0,64.0,2,0.00847457627118644,1089.1290322580644,46410.23788185367,2,true
src/java/org/apache/log4j/jdbc/JDBCAppender.java,240.0,11.0,170.0,21.0,36.0,49.0,2,0.00847457627118644,1089.1290322580644,46410.23788185367,2,true
src/java/org/apache/log4j/jmx/HierarchyDynamicMBean.java,132.0,27.0,27.0,15.0,44.0,42.0,1,0.00423728813559322,131.0,9238.40481891979,1,true
src/java/org/apache/log4j/net/JMSSink.java,53.0,15.0,3.0,3.0,19.0,9.0,2,0.00847457627118644,1089.1290322580644,46410.23788185367,2,true
src/java/org/apache/log4j/net/SocketAppender.java,289.0,15.0,99.0,19.0,27.0,41.0,2,0.00847457627118644,1089.1290322580644,46410.23788185367,2,true
src/java/org/apache/log4j/net/SocketHubAppender.java,280.0,11.0,42.0,12.0,20.0,28.0,1,0.00423728813559322,958.1290322580645,37171.83306293388,1,true
src/java/org/apache/log4j/net/SocketNode.java,58.0,8.0,0.0,2.0,10.0,6.0,2,0.00847457627118644,1089.1290322580644,46410.23788185367,2,true
src/java/org/apache/log4j/net/SocketServer.java,137.0,9.0,0.0,6.0,32.0,19.0,1,0.00423728813559322,131.0,9238.40481891979,1,true
src/java/org/apache/log4j/or/RendererMap.java,126.0,5.0,14.0,9.0,18.0,30.0,2,0.00847457627118644,1089.1290322580644,46410.23788185367,2,true
src/java/org/apache/log4j/performance/NotLogging.java,99.0,6.0,0.0,6.0,24.0,18.0,1,0.00423728813559322,131.0,9238.40481891979,1,false
src/java/org/apache/log4j/spi/LocationInfo.java,149.0,5.0,0.0,5.0,15.0,22.0,2,0.00847457627118644,1089.1290322580644,46410.23788185367,2,true
src/java/org/apache/log4j/spi/LoggerFactory.java,10.0,1.0,0.0,1.0,0.0,1.0,1,0.00423728813559322,958.1290322580645,37171.83306293388,1,true
src/java/org/apache/log4j/spi/LoggingEvent.java,280.0,9.0,78.0,16.0,37.0,60.0,2,0.00847457627118644,1089.1290322580644,46410.23788185367,2,true
src/java/org/apache/log4j/spi/ThrowableInformation.java,25.0,3.0,0.0,3.0,4.0,11.0,1,0.00423728813559322,958.1290322580645,37171.83306293388,1,true
src/java/org/apache/log4j/test/FQCNTest.java,30.0,3.0,6.0,4.0,13.0,8.0,0,0.0,0.0,0.0,0,true
src/java/org/apache/log4j/test/serialization/SerializationUT.java,121.0,8.0,10.0,8.0,19.0,15.0,1,0.00423728813559322,131.0,9238.40481891979,1,true
src/java/org/apache/log4j/test/serialization/T/T113.java,40.0,5.0,3.0,3.0,16.0,11.0,0,0.0,0.0,0.0,0,true
src/java/org/apache/log4j/test/serialization/T/T12.java,40.0,4.0,3.0,3.0,16.0,11.0,0,0.0,0.0,0.0,0,true
src/java/org/apache/log4j/varia/DenyAllFilter.java,34.0,2.0,3.0,3.0,0.0,6.0,1,0.00423728813559322,958.1290322580645,37171.83306293388,1,true
src/java/org/apache/log4j/varia/FallbackErrorHandler.java,72.0,6.0,22.0,8.0,14.0,12.0,1,0.00423728813559322,958.1290322580645,37171.83306293388,1,true
src/java/org/apache/log4j/varia/LevelMatchFilter.java,68.0,4.0,0.0,5.0,3.0,10.0,1,0.00423728813559322,958.1290322580645,37171.83306293388,1,true
src/java/org/apache/log4j/varia/Roller.java,62.0,6.0,8.0,5.0,18.0,12.0,1,0.00423728813559322,958.1290322580645,37171.83306293388,1,true
src/java/org/apache/log4j/varia/StringMatchFilter.java,82.0,3.0,0.0,7.0,4.0,16.0,1,0.00423728813559322,958.1290322580645,37171.83306293388,1,true
src/java/org/apache/log4j/xml/DOMConfigurator.java,600.0,18.0,177.0,27.0,200.0,86.0,1,0.00423728813559322,958.1290322580645,37171.83306293388,1,true
tests/src/java/org/apache/log4j/DRFATestCase.java,185.0,8.0,15.0,6.0,41.0,16.0,1,0.00423728813559322,958.1290322580645,37171.83306293388,1,true
tests/src/java/org/apache/log4j/HierarchyThresholdTestCase.java,77.0,6.0,20.0,13.0,42.0,23.0,1,0.00423728813559322,958.1290322580645,37171.83306293388,1,true
tests/src/java/org/apache/log4j/Last.java,12.0,3.0,3.0,3.0,1.0,4.0,0,0.0,0.0,0.0,0,true
tests/src/java/org/apache/log4j/LoggerTestCase.java,286.0,8.0,69.0,15.0,72.0,19.0,1,0.00423728813559322,958.1290322580645,37171.83306293388,1,true
tests/src/java/org/apache/log4j/MinimumTestCase.java,131.0,6.0,9.0,7.0,22.0,12.0,1,0.00423728813559322,958.1290322580645,37171.83306293388,1,true
tests/src/java/org/apache/log4j/PatternLayoutTestCase.java,165.0,16.0,0.0,19.0,80.0,48.0,1,0.00423728813559322,958.1290322580645,37171.83306293388,1,true
tests/src/java/org/apache/log4j/customLogger/XLogger.java,76.0,6.0,29.0,11.0,19.0,26.0,1,0.00423728813559322,958.1290322580645,37171.83306293388,1,true
tests/src/java/org/apache/log4j/customLogger/XLoggerTestCase.java,40.0,7.0,13.0,6.0,15.0,11.0,1,0.00423728813559322,958.1290322580645,37171.83306293388,1,true
tests/src/java/org/apache/log4j/helpers/BoundedFIFOTestCase.java,155.0,8.0,16.0,9.0,31.0,17.0,0,0.0,0.0,0.0,0,true
tests/src/java/org/apache/log4j/helpers/CyclicBufferTestCase.java,91.0,8.0,22.0,8.0,18.0,14.0,0,0.0,0.0,0.0,0,true
tests/src/java/org/apache/log4j/helpers/OptionConverterTestCase.java,87.0,7.0,76.0,13.0,22.0,15.0,1,0.00423728813559322,958.1290322580645,37171.83306293388,1,true
tests/src/java/org/apache/log4j/net/ShortSocketServer.java,36.0,9.0,1.0,2.0,12.0,6.0,1,0.00423728813559322,958.1290322580645,37171.83306293388,1,true
tests/src/java/org/apache/log4j/net/SocketServerTestCase.java,94.0,15.0,23.0,10.0,40.0,22.0,1,0.00423728813559322,958.1290322580645,37171.83306293388,1,true
tests/src/java/org/apache/log4j/or/ORTestCase.java,107.0,10.0,48.0,13.0,31.0,14.0,0,0.0,0.0,0.0,0,true
tests/src/java/org/apache/log4j/util/AbsoluteDateAndTimeFilter.java,12.0,2.0,0.0,1.0,2.0,4.0,1,0.00423728813559322,958.1290322580645,37171.83306293388,1,true
tests/src/java/org/apache/log4j/util/AbsoluteTimeFilter.java,12.0,2.0,0.0,1.0,2.0,4.0,1,0.00423728813559322,958.1290322580645,37171.83306293388,1,true
tests/src/java/org/apache/log4j/util/Compare.java,19.0,4.0,0.0,1.0,2.0,5.0,1,0.00423728813559322,958.1290322580645,37171.83306293388,1,true
tests/src/java/org/apache/log4j/util/ControlFilter.java,16.0,2.0,0.0,2.0,1.0,6.0,1,0.00423728813559322,958.1290322580645,37171.83306293388,1,true
tests/src/java/org/apache/log4j/util/Filter.java,8.0,0.0,0.0,1.0,0.0,2.0,1,0.00423728813559322,958.1290322580645,37171.83306293388,1,true
tests/src/java/org/apache/log4j/util/ISO8601Filter.java,12.0,2.0,0.0,1.0,2.0,4.0,1,0.00423728813559322,958.1290322580645,37171.83306293388,1,true
tests/src/java/org/apache/log4j/util/LineNumberFilter.java,11.0,2.0,0.0,1.0,2.0,4.0,1,0.00423728813559322,958.1290322580645,37171.83306293388,1,true
tests/src/java/org/apache/log4j/util/RelativeTimeFilter.java,12.0,2.0,0.0,1.0,2.0,4.0,1,0.00423728813559322,958.1290322580645,37171.83306293388,1,true
tests/src/java/org/apache/log4j/util/Transformer.java,24.0,2.0,1.0,2.0,6.0,8.0,1,0.00423728813559322,958.1290322580645,37171.83306293388,1,true
tests/src/java/org/apache/log4j/util/UnexpectedFormatException.java,5.0,0.0,0.0,1.0,0.0,1.0,1,0.00423728813559322,958.1290322580645,37171.83306293388,1,true
tests/src/java/org/apache/log4j/xml/CustomLevelTestCase.java,51.0,11.0,20.0,9.0,26.0,14.0,1,0.00423728813559322,958.1290322580645,37171.83306293388,1,true
tests/src/java/org/apache/log4j/xml/DOMTestCase.java,57.0,11.0,9.0,6.0,15.0,9.0,1,0.00423728813559322,958.1290322580645,37171.83306293388,1,true
tests/src/java/org/apache/log4j/xml/XLevel.java,44.0,2.0,0.0,4.0,5.0,11.0,0,0.0,0.0,0.0,0,true
