name,LOC,CBO,LCOM,NOM,RFC,WMC,numOfChanges,bccm,structuralWorkloadSum,semanticWorkloadSum,numberOfDeveloper,isBuggy
examples/lf5/InitUsingDefaultConfigurator/InitUsingDefaultConfigurator.java,47.0,6.0,0.0,2.0,15.0,4.0,2,0.020618556701030927,420.00000000000006,7113.875825695745,2,true
examples/lf5/InitUsingLog4JProperties/InitUsingLog4JProperties.java,44.0,2.0,0.0,1.0,5.0,2.0,2,0.020618556701030927,420.00000000000006,7113.875825695745,2,true
examples/lf5/InitUsingMultipleAppenders/InitUsingMultipleAppenders.java,56.0,5.0,0.0,1.0,7.0,2.0,2,0.020618556701030927,420.00000000000006,7113.875825695745,2,true
examples/lf5/InitUsingPropertiesFile/InitUsingPropertiesFile.java,42.0,5.0,0.0,1.0,7.0,2.0,2,0.020618556701030927,420.00000000000006,7113.875825695745,2,true
examples/lf5/InitUsingXMLPropertiesFile/InitUsingXMLPropertiesFile.java,38.0,4.0,0.0,1.0,8.0,2.0,2,0.020618556701030927,420.00000000000006,7113.875825695745,2,true
examples/lf5/UsingLogMonitorAdapter/CustomizedLogLevels.java,33.0,3.0,1.0,2.0,5.0,3.0,2,0.020618556701030927,420.00000000000006,7113.875825695745,2,true
examples/lf5/UsingLogMonitorAdapter/UsingLogMonitorAdapter.java,25.0,3.0,1.0,2.0,4.0,3.0,2,0.020618556701030927,420.00000000000006,7113.875825695745,2,true
examples/lf5/UsingSocketAppenders/UsingSocketAppenders.java,49.0,4.0,0.0,1.0,9.0,3.0,2,0.020618556701030927,420.00000000000006,7113.875825695745,2,true
src/java/org/apache/log4j/AppenderSkeleton.java,193.0,7.0,94.0,17.0,8.0,45.0,1,0.010309278350515464,319.33333333333337,5193.875825695745,1,true
src/java/org/apache/log4j/AsyncAppender.java,164.0,6.0,23.0,15.0,23.0,36.0,1,0.010309278350515464,319.33333333333337,5193.875825695745,1,true
src/java/org/apache/log4j/BasicConfigurator.java,35.0,0.0,6.0,4.0,5.0,5.0,0,0.0,0.0,0.0,0,true
src/java/org/apache/log4j/Category.java,715.0,8.0,636.0,53.0,99.0,170.0,1,0.010309278350515464,319.33333333333337,5193.875825695745,1,true
src/java/org/apache/log4j/ConsoleAppender.java,75.0,2.0,10.0,8.0,10.0,15.0,1,0.010309278350515464,319.33333333333337,5193.875825695745,1,true
src/java/org/apache/log4j/DailyRollingFileAppender.java,237.0,10.0,0.0,9.0,30.0,32.0,1,0.010309278350515464,319.33333333333337,5193.875825695745,1,true
src/java/org/apache/log4j/FileAppender.java,216.0,7.0,64.0,17.0,15.0,39.0,1,0.010309278350515464,319.33333333333337,5193.875825695745,1,true
src/java/org/apache/log4j/HTMLLayout.java,191.0,3.0,27.0,11.0,22.0,27.0,1,0.010309278350515464,319.33333333333337,5193.875825695745,1,true
src/java/org/apache/log4j/Hierarchy.java,367.0,11.0,200.0,25.0,62.0,70.0,0,0.0,0.0,0.0,0,true
src/java/org/apache/log4j/Logger.java,47.0,1.0,10.0,5.0,5.0,9.0,0,0.0,0.0,0.0,0,true
src/java/org/apache/log4j/NDC.java,259.0,5.0,0.0,12.0,46.0,51.0,0,0.0,0.0,0.0,0,true
src/java/org/apache/log4j/PatternLayout.java,351.0,4.0,10.0,8.0,8.0,19.0,0,0.0,0.0,0.0,0,true
src/java/org/apache/log4j/Priority.java,130.0,0.0,37.0,11.0,4.0,26.0,0,0.0,0.0,0.0,0,true
src/java/org/apache/log4j/PropertyConfigurator.java,440.0,18.0,110.0,16.0,81.0,49.0,1,0.010309278350515464,319.33333333333337,5193.875825695745,1,true
src/java/org/apache/log4j/RollingFileAppender.java,151.0,7.0,48.0,12.0,13.0,31.0,0,0.0,0.0,0.0,0,true
src/java/org/apache/log4j/TTCCLayout.java,142.0,2.0,27.0,10.0,9.0,23.0,1,0.010309278350515464,319.33333333333337,5193.875825695745,1,true
src/java/org/apache/log4j/WriterAppender.java,261.0,8.0,126.0,20.0,26.0,48.0,1,0.010309278350515464,319.33333333333337,5193.875825695745,1,true
src/java/org/apache/log4j/chainsaw/LoggingReceiver.java,98.0,8.0,0.0,2.0,9.0,7.0,1,0.010309278350515464,100.66666666666667,1920.0,1,true
src/java/org/apache/log4j/chainsaw/Main.java,111.0,19.0,8.0,5.0,25.0,10.0,0,0.0,0.0,0.0,0,true
src/java/org/apache/log4j/chainsaw/MyTableModel.java,332.0,11.0,19.0,19.0,43.0,49.0,0,0.0,0.0,0.0,0,true
src/java/org/apache/log4j/chainsaw/XMLFileHandler.java,157.0,5.0,4.0,8.0,14.0,16.0,1,0.010309278350515464,100.66666666666667,1920.0,1,true
src/java/org/apache/log4j/config/PropertyGetter.java,53.0,4.0,0.0,4.0,13.0,12.0,1,0.010309278350515464,319.33333333333337,5193.875825695745,1,true
src/java/org/apache/log4j/config/PropertyPrinter.java,98.0,3.0,3.0,10.0,37.0,23.0,1,0.010309278350515464,319.33333333333337,5193.875825695745,1,true
src/java/org/apache/log4j/config/PropertySetter.java,183.0,10.0,0.0,9.0,36.0,32.0,1,0.010309278350515464,319.33333333333337,5193.875825695745,1,true
src/java/org/apache/log4j/config/PropertySetterException.java,26.0,0.0,1.0,3.0,1.0,6.0,1,0.010309278350515464,319.33333333333337,5193.875825695745,1,true
src/java/org/apache/log4j/helpers/CountingQuietWriter.java,26.0,4.0,0.0,4.0,3.0,6.0,0,0.0,0.0,0.0,0,true
src/java/org/apache/log4j/helpers/DateTimeDateFormat.java,41.0,6.0,4.0,4.0,6.0,8.0,0,0.0,0.0,0.0,0,true
src/java/org/apache/log4j/helpers/ISO8601DateFormat.java,115.0,5.0,6.0,4.0,6.0,11.0,0,0.0,0.0,0.0,0,true
src/java/org/apache/log4j/helpers/Loader.java,86.0,6.0,0.0,4.0,12.0,18.0,1,0.010309278350515464,319.33333333333337,5193.875825695745,1,true
src/java/org/apache/log4j/helpers/NullEnumeration.java,19.0,2.0,6.0,4.0,0.0,7.0,0,0.0,0.0,0.0,0,true
src/java/org/apache/log4j/helpers/OptionConverter.java,327.0,6.0,78.0,13.0,56.0,63.0,1,0.010309278350515464,319.33333333333337,5193.875825695745,1,true
src/java/org/apache/log4j/helpers/PatternParser.java,386.0,9.0,3.0,7.0,27.0,31.0,1,0.010309278350515464,319.33333333333337,5193.875825695745,1,true
src/java/org/apache/log4j/helpers/SyslogQuietWriter.java,22.0,2.0,0.0,4.0,0.0,4.0,0,0.0,0.0,0.0,0,true
src/java/org/apache/log4j/helpers/SyslogWriter.java,39.0,7.0,8.0,5.0,6.0,9.0,0,0.0,0.0,0.0,0,true
src/java/org/apache/log4j/helpers/Transform.java,69.0,2.0,1.0,2.0,8.0,11.0,1,0.010309278350515464,319.33333333333337,5193.875825695745,1,true
src/java/org/apache/log4j/jdbc/JDBCAppender.java,242.0,9.0,170.0,21.0,35.0,48.0,1,0.010309278350515464,319.33333333333337,5193.875825695745,1,true
src/java/org/apache/log4j/jmx/AbstractDynamicMBean.java,62.0,10.0,19.0,7.0,18.0,18.0,0,0.0,0.0,0.0,0,true
src/java/org/apache/log4j/jmx/Agent.java,21.0,5.0,1.0,2.0,5.0,5.0,0,0.0,0.0,0.0,0,true
src/java/org/apache/log4j/jmx/AppenderDynamicMBean.java,154.0,25.0,0.0,10.0,48.0,41.0,0,0.0,0.0,0.0,0,true
src/java/org/apache/log4j/jmx/HierarchyDynamicMBean.java,132.0,26.0,27.0,15.0,44.0,42.0,0,0.0,0.0,0.0,0,true
src/java/org/apache/log4j/jmx/LayoutDynamicMBean.java,115.0,25.0,0.0,8.0,32.0,33.0,0,0.0,0.0,0.0,0,true
src/java/org/apache/log4j/jmx/LoggerDynamicMBean.java,125.0,22.0,16.0,12.0,40.0,30.0,0,0.0,0.0,0.0,0,true
src/java/org/apache/log4j/lf5/AppenderFinalizer.java,20.0,1.0,0.0,2.0,2.0,3.0,0,0.0,0.0,0.0,0,true
src/java/org/apache/log4j/lf5/DefaultLF5Configurator.java,43.0,5.0,3.0,3.0,2.0,8.0,0,0.0,0.0,0.0,0,true
src/java/org/apache/log4j/lf5/LF5Appender.java,174.0,6.0,83.0,15.0,32.0,36.0,1,0.010309278350515464,319.33333333333337,5193.875825695745,1,true
src/java/org/apache/log4j/lf5/Log4JLogRecord.java,46.0,1.0,3.0,3.0,5.0,7.0,0,0.0,0.0,0.0,0,true
src/java/org/apache/log4j/lf5/LogLevel.java,165.0,3.0,112.0,17.0,24.0,42.0,0,0.0,0.0,0.0,0,true
src/java/org/apache/log4j/lf5/LogLevelFormatException.java,12.0,0.0,0.0,1.0,0.0,1.0,0,0.0,0.0,0.0,0,true
src/java/org/apache/log4j/lf5/LogRecord.java,283.0,3.0,283.0,27.0,16.0,64.0,0,0.0,0.0,0.0,0,true
src/java/org/apache/log4j/lf5/LogRecordFilter.java,13.0,0.0,0.0,1.0,0.0,4.0,0,0.0,0.0,0.0,0,true
src/java/org/apache/log4j/lf5/PassingLogRecordFilter.java,17.0,0.0,1.0,2.0,0.0,3.0,0,0.0,0.0,0.0,0,true
src/java/org/apache/log4j/lf5/StartLogFactor5.java,17.0,1.0,0.0,1.0,6.0,1.0,0,0.0,0.0,0.0,0,true
src/java/org/apache/log4j/lf5/util/AdapterLogRecord.java,47.0,4.0,22.0,8.0,11.0,15.0,0,0.0,0.0,0.0,0,true
src/java/org/apache/log4j/lf5/util/DateFormatManager.java,151.0,6.0,131.0,23.0,31.0,44.0,0,0.0,0.0,0.0,0,true
src/java/org/apache/log4j/lf5/util/LogFileParser.java,183.0,12.0,161.0,19.0,56.0,51.0,0,0.0,0.0,0.0,0,true
src/java/org/apache/log4j/lf5/util/LogMonitorAdapter.java,197.0,6.0,159.0,19.0,34.0,42.0,0,0.0,0.0,0.0,0,true
src/java/org/apache/log4j/lf5/util/ProductProperties.java,157.0,5.0,99.0,19.0,29.0,39.0,1,0.010309278350515464,100.66666666666667,1920.0,1,false
src/java/org/apache/log4j/lf5/util/Resource.java,75.0,3.0,15.0,7.0,3.0,16.0,0,0.0,0.0,0.0,0,true
src/java/org/apache/log4j/lf5/util/ResourceUtils.java,55.0,2.0,1.0,2.0,10.0,10.0,0,0.0,0.0,0.0,0,true
src/java/org/apache/log4j/lf5/util/StreamUtils.java,53.0,4.0,6.0,4.0,9.0,17.0,0,0.0,0.0,0.0,0,true
src/java/org/apache/log4j/lf5/viewer/FilteredLogTableModel.java,152.0,8.0,140.0,21.0,46.0,46.0,0,0.0,0.0,0.0,0,true
src/java/org/apache/log4j/lf5/viewer/LF5SwingUtils.java,83.0,3.0,28.0,8.0,17.0,21.0,0,0.0,0.0,0.0,0,true
src/java/org/apache/log4j/lf5/viewer/LogBrokerMonitor.java,1181.0,24.0,7267.0,138.0,541.0,322.0,1,0.010309278350515464,100.66666666666667,1920.0,1,true
src/java/org/apache/log4j/lf5/viewer/LogFactor5AboutDialog.java,60.0,7.0,3.0,3.0,19.0,6.0,1,0.010309278350515464,100.66666666666667,1920.0,1,false
src/java/org/apache/log4j/lf5/viewer/LogFactor5Dialog.java,65.0,2.0,15.0,6.0,18.0,12.0,0,0.0,0.0,0.0,0,true
src/java/org/apache/log4j/lf5/viewer/LogFactor5ErrorDialog.java,26.0,4.0,1.0,2.0,8.0,4.0,0,0.0,0.0,0.0,0,true
src/java/org/apache/log4j/lf5/viewer/LogFactor5InputDialog.java,74.0,6.0,9.0,6.0,19.0,15.0,0,0.0,0.0,0.0,0,true
src/java/org/apache/log4j/lf5/viewer/LogFactor5LoadingDialog.java,18.0,2.0,0.0,1.0,5.0,1.0,0,0.0,0.0,0.0,0,true
src/java/org/apache/log4j/lf5/viewer/LogTable.java,144.0,11.0,35.0,10.0,33.0,21.0,0,0.0,0.0,0.0,0,true
src/java/org/apache/log4j/lf5/viewer/LogTableColumn.java,81.0,4.0,14.0,8.0,7.0,19.0,0,0.0,0.0,0.0,0,true
src/java/org/apache/log4j/lf5/viewer/LogTableColumnFormatException.java,11.0,0.0,0.0,1.0,0.0,1.0,0,0.0,0.0,0.0,0,true
src/java/org/apache/log4j/lf5/viewer/LogTableModel.java,13.0,1.0,1.0,2.0,0.0,3.0,0,0.0,0.0,0.0,0,true
src/java/org/apache/log4j/lf5/viewer/LogTableRowRenderer.java,25.0,5.0,1.0,2.0,8.0,6.0,0,0.0,0.0,0.0,0,true
src/java/org/apache/log4j/lf5/viewer/TrackingAdjustmentListener.java,25.0,3.0,0.0,1.0,6.0,3.0,0,0.0,0.0,0.0,0,true
src/java/org/apache/log4j/lf5/viewer/categoryexplorer/CategoryAbstractCellEditor.java,81.0,9.0,65.0,14.0,11.0,27.0,0,0.0,0.0,0.0,0,true
src/java/org/apache/log4j/lf5/viewer/categoryexplorer/CategoryElement.java,20.0,0.0,0.0,4.0,0.0,5.0,0,0.0,0.0,0.0,0,true
src/java/org/apache/log4j/lf5/viewer/categoryexplorer/CategoryExplorerLogRecordFilter.java,35.0,3.0,0.0,4.0,9.0,8.0,0,0.0,0.0,0.0,0,true
src/java/org/apache/log4j/lf5/viewer/categoryexplorer/CategoryExplorerModel.java,208.0,9.0,130.0,17.0,70.0,49.0,0,0.0,0.0,0.0,0,true
src/java/org/apache/log4j/lf5/viewer/categoryexplorer/CategoryExplorerTree.java,67.0,4.0,0.0,8.0,16.0,14.0,0,0.0,0.0,0.0,0,true
src/java/org/apache/log4j/lf5/viewer/categoryexplorer/CategoryImmediateEditor.java,54.0,6.0,8.0,5.0,19.0,11.0,0,0.0,0.0,0.0,0,true
src/java/org/apache/log4j/lf5/viewer/categoryexplorer/CategoryNode.java,112.0,3.0,164.0,20.0,24.0,36.0,0,0.0,0.0,0.0,0,true
src/java/org/apache/log4j/lf5/viewer/categoryexplorer/CategoryNodeEditor.java,183.0,9.0,249.0,26.0,81.0,62.0,0,0.0,0.0,0.0,0,true
src/java/org/apache/log4j/lf5/viewer/categoryexplorer/CategoryNodeEditorRenderer.java,14.0,2.0,1.0,2.0,0.0,4.0,0,0.0,0.0,0.0,0,true
src/java/org/apache/log4j/lf5/viewer/categoryexplorer/CategoryNodeRenderer.java,59.0,4.0,4.0,4.0,22.0,11.0,0,0.0,0.0,0.0,0,true
src/java/org/apache/log4j/lf5/viewer/categoryexplorer/CategoryPath.java,80.0,2.0,8.0,8.0,13.0,20.0,0,0.0,0.0,0.0,0,true
src/java/org/apache/log4j/lf5/viewer/categoryexplorer/TreeModelAdapter.java,14.0,2.0,6.0,4.0,0.0,4.0,0,0.0,0.0,0.0,0,true
src/java/org/apache/log4j/lf5/viewer/configure/ConfigurationManager.java,304.0,25.0,198.0,28.0,159.0,59.0,1,0.010309278350515464,100.66666666666667,1920.0,1,true
src/java/org/apache/log4j/lf5/viewer/configure/MRUFileManager.java,199.0,4.0,92.0,17.0,46.0,48.0,1,0.010309278350515464,100.66666666666667,1920.0,1,true
src/java/org/apache/log4j/net/JMSAppender.java,144.0,9.0,48.0,13.0,19.0,36.0,1,0.010309278350515464,319.33333333333337,5193.875825695745,1,true
src/java/org/apache/log4j/net/JMSSink.java,53.0,13.0,3.0,3.0,19.0,9.0,1,0.010309278350515464,319.33333333333337,5193.875825695745,1,true
src/java/org/apache/log4j/net/SMTPAppender.java,260.0,20.0,212.0,24.0,39.0,53.0,1,0.010309278350515464,319.33333333333337,5193.875825695745,1,true
src/java/org/apache/log4j/net/SimpleSocketServer.java,47.0,5.0,1.0,3.0,15.0,8.0,1,0.010309278350515464,319.33333333333337,5193.875825695745,1,true
src/java/org/apache/log4j/net/SocketAppender.java,289.0,8.0,99.0,19.0,27.0,41.0,1,0.010309278350515464,319.33333333333337,5193.875825695745,1,true
src/java/org/apache/log4j/net/SocketHubAppender.java,280.0,11.0,42.0,12.0,20.0,28.0,0,0.0,0.0,0.0,0,true
src/java/org/apache/log4j/net/SocketNode.java,58.0,6.0,0.0,2.0,10.0,6.0,1,0.010309278350515464,319.33333333333337,5193.875825695745,1,true
src/java/org/apache/log4j/net/SocketServer.java,137.0,7.0,0.0,6.0,32.0,19.0,0,0.0,0.0,0.0,0,true
src/java/org/apache/log4j/net/SyslogAppender.java,343.0,5.0,50.0,16.0,20.0,35.0,1,0.010309278350515464,319.33333333333337,5193.875825695745,1,true
src/java/org/apache/log4j/net/TelnetAppender.java,150.0,7.0,3.0,6.0,7.0,13.0,0,0.0,0.0,0.0,0,true
src/java/org/apache/log4j/net/test/Loop.java,32.0,2.0,1.0,2.0,14.0,6.0,1,0.010309278350515464,319.33333333333337,5193.875825695745,1,true
src/java/org/apache/log4j/net/test/SMTPMin.java,28.0,1.0,6.0,4.0,17.0,6.0,1,0.010309278350515464,319.33333333333337,5193.875825695745,1,true
src/java/org/apache/log4j/net/test/SocketMin.java,71.0,6.0,2.0,5.0,32.0,13.0,1,0.010309278350515464,319.33333333333337,5193.875825695745,1,true
src/java/org/apache/log4j/net/test/SyslogMin.java,31.0,4.0,6.0,4.0,12.0,6.0,1,0.010309278350515464,319.33333333333337,5193.875825695745,1,true
src/java/org/apache/log4j/nt/NTEventLogAppender.java,108.0,5.0,54.0,16.0,13.0,25.0,1,0.010309278350515464,319.33333333333337,5193.875825695745,1,true
src/java/org/apache/log4j/nt/test/NTMin.java,25.0,5.0,6.0,4.0,11.0,4.0,1,0.010309278350515464,319.33333333333337,5193.875825695745,1,false
src/java/org/apache/log4j/or/DefaultRenderer.java,17.0,0.0,1.0,2.0,1.0,3.0,1,0.010309278350515464,319.33333333333337,5193.875825695745,1,true
src/java/org/apache/log4j/or/ObjectRenderer.java,11.0,0.0,0.0,1.0,0.0,1.0,1,0.010309278350515464,319.33333333333337,5193.875825695745,1,true
src/java/org/apache/log4j/or/RendererMap.java,126.0,5.0,14.0,9.0,18.0,29.0,1,0.010309278350515464,319.33333333333337,5193.875825695745,1,true
src/java/org/apache/log4j/or/ThreadGroupRenderer.java,48.0,1.0,1.0,2.0,8.0,6.0,1,0.010309278350515464,319.33333333333337,5193.875825695745,1,true
src/java/org/apache/log4j/or/jms/MessageRenderer.java,56.0,5.0,1.0,2.0,13.0,8.0,0,0.0,0.0,0.0,0,true
src/java/org/apache/log4j/or/sax/AttributesRenderer.java,35.0,2.0,1.0,2.0,5.0,6.0,0,0.0,0.0,0.0,0,true
src/java/org/apache/log4j/performance/ListVsVector.java,61.0,1.0,0.0,3.0,8.0,8.0,1,0.010309278350515464,319.33333333333337,5193.875825695745,1,true
src/java/org/apache/log4j/performance/Logging.java,210.0,4.0,0.0,5.0,20.0,16.0,0,0.0,0.0,0.0,0,false
src/java/org/apache/log4j/performance/NOPWriter.java,28.0,2.0,21.0,7.0,1.0,14.0,1,0.010309278350515464,319.33333333333337,5193.875825695745,1,true
src/java/org/apache/log4j/performance/NewVsSetLen.java,164.0,0.0,0.0,3.0,11.0,10.0,1,0.010309278350515464,319.33333333333337,5193.875825695745,1,true
src/java/org/apache/log4j/performance/NotLogging.java,99.0,4.0,0.0,6.0,24.0,18.0,0,0.0,0.0,0.0,0,false
src/java/org/apache/log4j/performance/NullAppender.java,33.0,3.0,15.0,6.0,1.0,9.0,1,0.010309278350515464,319.33333333333337,5193.875825695745,1,true
src/java/org/apache/log4j/performance/SystemTime.java,33.0,0.0,1.0,3.0,7.0,7.0,1,0.010309278350515464,319.33333333333337,5193.875825695745,1,true
src/java/org/apache/log4j/spi/Configurator.java,25.0,2.0,0.0,1.0,0.0,1.0,0,0.0,0.0,0.0,0,true
src/java/org/apache/log4j/spi/DefaultRepositorySelector.java,9.0,0.0,0.0,2.0,0.0,3.0,0,0.0,0.0,0.0,0,true
src/java/org/apache/log4j/spi/LocationInfo.java,149.0,4.0,0.0,5.0,15.0,22.0,0,0.0,0.0,0.0,0,true
src/java/org/apache/log4j/spi/LoggerRepository.java,51.0,2.0,105.0,15.0,0.0,18.0,0,0.0,0.0,0.0,0,true
src/java/org/apache/log4j/spi/LoggingEvent.java,292.0,7.0,80.0,16.0,38.0,61.0,1,0.010309278350515464,319.33333333333337,5193.875825695745,1,true
src/java/org/apache/log4j/spi/OptionHandler.java,18.0,0.0,0.0,1.0,0.0,2.0,0,0.0,0.0,0.0,0,true
src/java/org/apache/log4j/spi/RendererSupport.java,4.0,3.0,1.0,2.0,0.0,2.0,0,0.0,0.0,0.0,0,true
src/java/org/apache/log4j/spi/RepositorySelector.java,18.0,0.0,0.0,1.0,0.0,2.0,0,0.0,0.0,0.0,0,true
src/java/org/apache/log4j/spi/ThrowableInformation.java,33.0,3.0,0.0,3.0,3.0,11.0,0,0.0,0.0,0.0,0,true
src/java/org/apache/log4j/test/AsyncAppenderTest.java,40.0,2.0,4.0,4.0,15.0,10.0,1,0.010309278350515464,319.33333333333337,5193.875825695745,1,true
src/java/org/apache/log4j/test/ConfigurationFileParsing.java,21.0,3.0,1.0,2.0,10.0,4.0,1,0.010309278350515464,319.33333333333337,5193.875825695745,1,true
src/java/org/apache/log4j/test/DRFATest.java,56.0,6.0,8.0,5.0,16.0,12.0,0,0.0,0.0,0.0,0,true
src/java/org/apache/log4j/test/DefaultInit.java,11.0,1.0,1.0,2.0,3.0,2.0,0,0.0,0.0,0.0,0,true
src/java/org/apache/log4j/test/Finalize.java,58.0,4.0,15.0,6.0,20.0,17.0,0,0.0,0.0,0.0,0,true
src/java/org/apache/log4j/test/ROFile.java,20.0,2.0,6.0,4.0,8.0,6.0,0,0.0,0.0,0.0,0,true
src/java/org/apache/log4j/test/Shallow.java,57.0,5.0,10.0,5.0,19.0,10.0,0,0.0,0.0,0.0,0,true
src/java/org/apache/log4j/test/ShortSocketServer.java,44.0,6.0,1.0,3.0,16.0,8.0,0,0.0,0.0,0.0,0,true
src/java/org/apache/log4j/test/StressAsyncAppender.java,94.0,3.0,16.0,8.0,22.0,20.0,0,0.0,0.0,0.0,0,true
src/java/org/apache/log4j/test/StressNDC.java,109.0,5.0,12.0,8.0,30.0,20.0,0,0.0,0.0,0.0,0,false
src/java/org/apache/log4j/test/SysoutConfigurator.java,10.0,2.0,0.0,1.0,2.0,1.0,0,0.0,0.0,0.0,0,true
src/java/org/apache/log4j/test/serialization/SerializationUT.java,121.0,7.0,10.0,8.0,19.0,15.0,0,0.0,0.0,0.0,0,true
src/java/org/apache/log4j/varia/ExternallyRolledFileAppender.java,63.0,6.0,0.0,4.0,3.0,7.0,1,0.010309278350515464,319.33333333333337,5193.875825695745,1,true
src/java/org/apache/log4j/varia/FallbackErrorHandler.java,75.0,6.0,22.0,8.0,14.0,12.0,1,0.010309278350515464,319.33333333333337,5193.875825695745,1,true
src/java/org/apache/log4j/varia/LevelMatchFilter.java,56.0,4.0,0.0,5.0,3.0,10.0,1,0.010309278350515464,319.33333333333337,5193.875825695745,1,true
src/java/org/apache/log4j/varia/LevelRangeFilter.java,87.0,5.0,3.0,7.0,2.0,13.0,2,0.020618556701030927,420.00000000000006,7113.875825695745,2,true
src/java/org/apache/log4j/varia/NullAppender.java,40.0,7.0,21.0,7.0,0.0,9.0,0,0.0,0.0,0.0,0,true
src/java/org/apache/log4j/xml/DOMConfigurator.java,600.0,18.0,177.0,27.0,201.0,85.0,0,0.0,0.0,0.0,0,true
src/java/org/apache/log4j/xml/XMLLayout.java,114.0,6.0,4.0,5.0,15.0,13.0,1,0.010309278350515464,319.33333333333337,5193.875825695745,1,true
src/java/org/apache/log4j/xml/examples/XMLSample.java,34.0,3.0,6.0,4.0,11.0,6.0,0,0.0,0.0,0.0,0,true
tests/src/java/org/apache/log4j/AsyncAppenderTestCase.java,30.0,6.0,10.0,5.0,8.0,7.0,1,0.010309278350515464,319.33333333333337,5193.875825695745,1,true
tests/src/java/org/apache/log4j/LoggerTestCase.java,286.0,8.0,69.0,15.0,72.0,19.0,0,0.0,0.0,0.0,0,true
tests/src/java/org/apache/log4j/MyPatternLayout.java,30.0,1.0,6.0,4.0,4.0,5.0,0,0.0,0.0,0.0,0,true
tests/src/java/org/apache/log4j/MyPatternParser.java,37.0,4.0,1.0,2.0,2.0,5.0,0,0.0,0.0,0.0,0,true
tests/src/java/org/apache/log4j/StressCategory.java,128.0,3.0,0.0,10.0,32.0,34.0,0,0.0,0.0,0.0,0,true
tests/src/java/org/apache/log4j/VectorAppender.java,32.0,8.0,9.0,6.0,3.0,10.0,1,0.010309278350515464,319.33333333333337,5193.875825695745,1,true
tests/src/java/org/apache/log4j/customLogger/XLogger.java,76.0,6.0,29.0,11.0,19.0,26.0,0,0.0,0.0,0.0,0,true
tests/src/java/org/apache/log4j/helpers/OptionConverterTestCase.java,96.0,7.0,85.0,14.0,26.0,16.0,0,0.0,0.0,0.0,0,true
tests/src/java/org/apache/log4j/net/ShortSocketServer.java,42.0,9.0,1.0,2.0,12.0,6.0,1,0.010309278350515464,319.33333333333337,5193.875825695745,1,true
tests/src/java/org/apache/log4j/net/SocketServerTestCase.java,149.0,15.0,25.0,11.0,53.0,28.0,1,0.010309278350515464,319.33333333333337,5193.875825695745,1,true
tests/src/java/org/apache/log4j/util/AbsoluteTimeFilter.java,12.0,2.0,0.0,1.0,2.0,4.0,0,0.0,0.0,0.0,0,true
tests/src/java/org/apache/log4j/util/Compare.java,25.0,6.0,0.0,1.0,4.0,5.0,0,0.0,0.0,0.0,0,true
tests/src/java/org/apache/log4j/util/ControlFilter.java,16.0,2.0,0.0,2.0,1.0,6.0,0,0.0,0.0,0.0,0,true
tests/src/java/org/apache/log4j/util/Filter.java,8.0,0.0,0.0,1.0,0.0,2.0,0,0.0,0.0,0.0,0,true
tests/src/java/org/apache/log4j/util/ISO8601Filter.java,12.0,2.0,0.0,1.0,2.0,4.0,0,0.0,0.0,0.0,0,true
tests/src/java/org/apache/log4j/util/LineNumberFilter.java,11.0,2.0,0.0,1.0,2.0,4.0,0,0.0,0.0,0.0,0,true
tests/src/java/org/apache/log4j/util/RelativeTimeFilter.java,12.0,2.0,0.0,1.0,2.0,4.0,0,0.0,0.0,0.0,0,true
tests/src/java/org/apache/log4j/util/Transformer.java,24.0,2.0,1.0,2.0,6.0,8.0,0,0.0,0.0,0.0,0,true
tests/src/java/org/apache/log4j/util/UnexpectedFormatException.java,5.0,0.0,0.0,1.0,0.0,1.0,0,0.0,0.0,0.0,0,true
tests/src/java/org/apache/log4j/util/XMLLineAttributeFilter.java,14.0,2.0,0.0,1.0,2.0,4.0,0,0.0,0.0,0.0,0,true
tests/src/java/org/apache/log4j/util/XMLTimestampFilter.java,11.0,2.0,0.0,1.0,2.0,4.0,0,0.0,0.0,0.0,0,true
tests/src/java/org/apache/log4j/varia/ErrorHandlerTestCase.java,57.0,12.0,9.0,6.0,15.0,9.0,1,0.010309278350515464,319.33333333333337,5193.875825695745,1,true
tests/src/java/org/apache/log4j/varia/LevelMatchFilterTestCase.java,69.0,14.0,9.0,7.0,30.0,12.0,0,0.0,0.0,0.0,0,true
tests/src/java/org/apache/log4j/xml/XMLLayoutTestCase.java,71.0,14.0,0.0,8.0,27.0,15.0,1,0.010309278350515464,319.33333333333337,5193.875825695745,1,true
