name,LOC,CBO,LCOM,NOM,RFC,WMC,numOfChanges,bccm,structuralWorkloadSum,semanticWorkloadSum,numberOfDeveloper,isBuggy
contribs/CekiGulcu/AppenderTable.java,95.0,18.0,3.0,3.0,15.0,8.0,1,0.0049504950495049506,983.8650306748466,22424.70618376712,1,true
contribs/CekiGulcu/Transform.java,31.0,28.0,0.0,1.0,14.0,5.0,1,0.0049504950495049506,983.8650306748466,22424.70618376712,1,true
contribs/JayFunnell/NetSendAppender.java,168.0,4.0,24.0,12.0,7.0,24.0,1,0.0049504950495049506,75.78947368421052,377.4074869986248,1,false
src/java/org/apache/log4j/Appender.java,85.0,3.0,66.0,12.0,0.0,24.0,1,0.0049504950495049506,983.8650306748466,22424.70618376712,1,true
src/java/org/apache/log4j/AppenderSkeleton.java,209.0,7.0,94.0,17.0,11.0,45.0,1,0.0049504950495049506,983.8650306748466,22424.70618376712,1,true
src/java/org/apache/log4j/AsyncAppender.java,171.0,6.0,23.0,15.0,23.0,36.0,1,0.0049504950495049506,983.8650306748466,22424.70618376712,1,true
src/java/org/apache/log4j/BasicConfigurator.java,35.0,0.0,6.0,4.0,5.0,5.0,1,0.0049504950495049506,983.8650306748466,22424.70618376712,1,true
src/java/org/apache/log4j/Category.java,841.0,8.0,638.0,53.0,99.0,170.0,1,0.0049504950495049506,983.8650306748466,22424.70618376712,1,true
src/java/org/apache/log4j/CategoryKey.java,26.0,0.0,0.0,3.0,3.0,8.0,1,0.0049504950495049506,983.8650306748466,22424.70618376712,1,true
src/java/org/apache/log4j/ConsoleAppender.java,75.0,2.0,10.0,8.0,10.0,15.0,1,0.0049504950495049506,983.8650306748466,22424.70618376712,1,true
src/java/org/apache/log4j/DailyRollingFileAppender.java,248.0,10.0,0.0,9.0,30.0,33.0,1,0.0049504950495049506,983.8650306748466,22424.70618376712,1,true
src/java/org/apache/log4j/DefaultCategoryFactory.java,7.0,1.0,1.0,2.0,0.0,3.0,1,0.0049504950495049506,983.8650306748466,22424.70618376712,1,true
src/java/org/apache/log4j/FileAppender.java,216.0,7.0,64.0,17.0,15.0,39.0,1,0.0049504950495049506,983.8650306748466,22424.70618376712,1,true
src/java/org/apache/log4j/HTMLLayout.java,193.0,3.0,27.0,11.0,24.0,27.0,1,0.0049504950495049506,983.8650306748466,22424.70618376712,1,true
src/java/org/apache/log4j/Hierarchy.java,467.0,13.0,293.0,30.0,91.0,86.0,1,0.0049504950495049506,983.8650306748466,22424.70618376712,1,true
src/java/org/apache/log4j/Layout.java,41.0,2.0,10.0,5.0,0.0,14.0,1,0.0049504950495049506,983.8650306748466,22424.70618376712,1,true
src/java/org/apache/log4j/Level.java,124.0,0.0,0.0,5.0,4.0,12.0,1,0.0049504950495049506,983.8650306748466,22424.70618376712,1,true
src/java/org/apache/log4j/LogManager.java,129.0,11.0,0.0,10.0,18.0,20.0,1,0.0049504950495049506,983.8650306748466,22424.70618376712,1,true
src/java/org/apache/log4j/Logger.java,42.0,1.0,10.0,5.0,5.0,9.0,1,0.0049504950495049506,983.8650306748466,22424.70618376712,1,true
src/java/org/apache/log4j/MDC.java,77.0,2.0,0.0,6.0,9.0,14.0,1,0.0049504950495049506,983.8650306748466,22424.70618376712,1,true
src/java/org/apache/log4j/NDC.java,283.0,5.0,0.0,12.0,46.0,51.0,1,0.0049504950495049506,983.8650306748466,22424.70618376712,1,true
src/java/org/apache/log4j/PatternLayout.java,352.0,4.0,10.0,8.0,8.0,19.0,2,0.009900990099009901,1059.6545043590572,22802.113670765746,2,true
src/java/org/apache/log4j/Priority.java,136.0,0.0,40.0,12.0,4.0,28.0,1,0.0049504950495049506,983.8650306748466,22424.70618376712,1,true
src/java/org/apache/log4j/PropertyConfigurator.java,448.0,18.0,110.0,16.0,81.0,49.0,1,0.0049504950495049506,983.8650306748466,22424.70618376712,1,true
src/java/org/apache/log4j/ProvisionNode.java,6.0,1.0,0.0,1.0,1.0,1.0,1,0.0049504950495049506,983.8650306748466,22424.70618376712,1,true
src/java/org/apache/log4j/RollingFileAppender.java,155.0,7.0,48.0,12.0,13.0,31.0,1,0.0049504950495049506,983.8650306748466,22424.70618376712,1,true
src/java/org/apache/log4j/SimpleLayout.java,43.0,1.0,6.0,4.0,5.0,8.0,1,0.0049504950495049506,983.8650306748466,22424.70618376712,1,true
src/java/org/apache/log4j/TTCCLayout.java,139.0,2.0,27.0,10.0,11.0,23.0,1,0.0049504950495049506,983.8650306748466,22424.70618376712,1,true
src/java/org/apache/log4j/WriterAppender.java,265.0,8.0,126.0,20.0,26.0,48.0,1,0.0049504950495049506,983.8650306748466,22424.70618376712,1,true
src/java/org/apache/log4j/chainsaw/ChainsawAppender.java,201.0,5.0,50.0,20.0,14.0,37.0,3,0.01485148514851485,1059.6545043590572,23056.24078516547,3,false
src/java/org/apache/log4j/chainsaw/ChainsawViewer.java,12.0,0.0,0.0,1.0,0.0,1.0,2,0.009900990099009901,1059.6545043590572,22802.113670765746,2,false
src/java/org/apache/log4j/chainsaw/ControlPanel.java,272.0,17.0,31.0,10.0,61.0,17.0,3,0.01485148514851485,1059.6545043590572,23056.24078516547,3,true
src/java/org/apache/log4j/chainsaw/DefaultViewer.java,154.0,19.0,0.0,9.0,41.0,20.0,2,0.009900990099009901,1059.6545043590572,22802.113670765746,2,false
src/java/org/apache/log4j/chainsaw/DetailPanel.java,106.0,12.0,4.0,4.0,34.0,18.0,3,0.01485148514851485,1059.6545043590572,23056.24078516547,3,true
src/java/org/apache/log4j/chainsaw/EventDetailSink.java,9.0,0.0,0.0,1.0,0.0,1.0,1,0.0049504950495049506,0.0,254.12711439972648,1,false
src/java/org/apache/log4j/chainsaw/EventDetails.java,182.0,4.0,71.0,14.0,23.0,33.0,2,0.009900990099009901,75.78947368421052,631.5346013983512,2,true
src/java/org/apache/log4j/chainsaw/ExitAction.java,63.0,7.0,1.0,3.0,12.0,7.0,1,0.0049504950495049506,0.0,254.12711439972648,1,true
src/java/org/apache/log4j/chainsaw/LoadXMLAction.java,56.0,7.0,0.0,2.0,7.0,5.0,2,0.009900990099009901,983.8650306748466,22678.833298166846,2,true
src/java/org/apache/log4j/chainsaw/Log4JConfigurationFinder.java,13.0,1.0,0.0,1.0,0.0,2.0,2,0.009900990099009901,983.8650306748466,22678.833298166846,2,false
src/java/org/apache/log4j/chainsaw/LoggingReceiver.java,100.0,8.0,0.0,2.0,9.0,7.0,2,0.009900990099009901,75.78947368421052,631.5346013983512,2,true
src/java/org/apache/log4j/chainsaw/Main.java,14.0,0.0,0.0,1.0,1.0,1.0,3,0.01485148514851485,1059.6545043590572,23056.24078516547,3,true
src/java/org/apache/log4j/chainsaw/MyTableColumnModel.java,179.0,9.0,29.0,11.0,43.0,27.0,2,0.009900990099009901,983.8650306748466,22678.833298166846,2,false
src/java/org/apache/log4j/chainsaw/MyTableModel.java,366.0,11.0,4.0,21.0,51.0,53.0,3,0.01485148514851485,1059.6545043590572,23056.24078516547,3,true
src/java/org/apache/log4j/chainsaw/PreferenceSet.java,142.0,3.0,0.0,11.0,22.0,25.0,1,0.0049504950495049506,0.0,254.12711439972648,1,false
src/java/org/apache/log4j/chainsaw/Preferences.java,371.0,14.0,158.0,21.0,62.0,62.0,1,0.0049504950495049506,0.0,254.12711439972648,1,false
src/java/org/apache/log4j/chainsaw/PreferencesDialog.java,167.0,23.0,4.0,4.0,49.0,15.0,2,0.009900990099009901,983.8650306748466,22678.833298166846,2,false
src/java/org/apache/log4j/chainsaw/RecentFilesMenu.java,76.0,8.0,1.0,2.0,11.0,4.0,2,0.009900990099009901,983.8650306748466,22678.833298166846,2,false
src/java/org/apache/log4j/chainsaw/Start.java,110.0,11.0,1.0,2.0,8.0,4.0,3,0.01485148514851485,1059.6545043590572,23056.24078516547,3,false
src/java/org/apache/log4j/chainsaw/XMLFileHandler.java,193.0,13.0,21.0,10.0,27.0,23.0,3,0.01485148514851485,1059.6545043590572,23056.24078516547,3,true
src/java/org/apache/log4j/helpers/PatternParser.java,397.0,11.0,3.0,7.0,27.0,31.0,1,0.0049504950495049506,75.78947368421052,377.4074869986248,1,true
src/java/org/apache/log4j/helpers/Transform.java,73.0,2.0,1.0,2.0,8.0,11.0,1,0.0049504950495049506,983.8650306748466,22424.70618376712,1,true
src/java/org/apache/log4j/jdbc/JDBCAppender.java,243.0,9.0,170.0,21.0,36.0,48.0,1,0.0049504950495049506,983.8650306748466,22424.70618376712,1,true
src/java/org/apache/log4j/jmx/LoggerDynamicMBean.java,125.0,22.0,16.0,12.0,40.0,30.0,1,0.0049504950495049506,983.8650306748466,22424.70618376712,1,true
src/java/org/apache/log4j/net/JMSReceiver.java,186.0,18.0,76.0,17.0,25.0,42.0,2,0.009900990099009901,1059.6545043590572,22802.113670765746,2,false
src/java/org/apache/log4j/net/SMTPAppender.java,260.0,20.0,212.0,24.0,39.0,53.0,1,0.0049504950495049506,983.8650306748466,22424.70618376712,1,true
src/java/org/apache/log4j/net/SocketAppender.java,294.0,8.0,95.0,19.0,27.0,41.0,1,0.0049504950495049506,983.8650306748466,22424.70618376712,1,true
src/java/org/apache/log4j/net/SocketHubAppender.java,280.0,11.0,42.0,12.0,20.0,28.0,0,0.0,0.0,0.0,0,true
src/java/org/apache/log4j/net/SocketHubReceiver.java,189.0,7.0,80.0,17.0,17.0,38.0,1,0.0049504950495049506,983.8650306748466,22424.70618376712,1,false
src/java/org/apache/log4j/net/SocketNode.java,95.0,8.0,0.0,4.0,17.0,10.0,2,0.009900990099009901,1059.6545043590572,22802.113670765746,2,true
src/java/org/apache/log4j/net/SocketNodeEventListener.java,13.0,0.0,0.0,1.0,0.0,1.0,0,0.0,0.0,0.0,0,false
src/java/org/apache/log4j/net/test/SMTPMin.java,28.0,1.0,6.0,4.0,17.0,6.0,1,0.0049504950495049506,983.8650306748466,22424.70618376712,1,true
src/java/org/apache/log4j/plugins/Plugin.java,48.0,2.0,15.0,6.0,0.0,11.0,1,0.0049504950495049506,983.8650306748466,22424.70618376712,1,false
src/java/org/apache/log4j/plugins/PluginRegistry.java,163.0,5.0,15.0,7.0,31.0,23.0,1,0.0049504950495049506,983.8650306748466,22424.70618376712,1,false
src/java/org/apache/log4j/plugins/PluginSkeleton.java,52.0,1.0,2.0,4.0,0.0,7.0,1,0.0049504950495049506,983.8650306748466,22424.70618376712,1,false
src/java/org/apache/log4j/plugins/Receiver.java,40.0,2.0,0.0,1.0,7.0,2.0,1,0.0049504950495049506,983.8650306748466,22424.70618376712,1,true
src/java/org/apache/log4j/rolling/RollingFileAppender.java,60.0,8.0,0.0,4.0,8.0,8.0,1,0.0049504950495049506,983.8650306748466,22424.70618376712,1,true
src/java/org/apache/log4j/rolling/RollingPolicy.java,10.0,1.0,1.0,2.0,0.0,2.0,1,0.0049504950495049506,983.8650306748466,22424.70618376712,1,true
src/java/org/apache/log4j/rolling/SlidingWindowRollingPolicy.java,20.0,2.0,1.0,2.0,3.0,4.0,1,0.0049504950495049506,983.8650306748466,22424.70618376712,1,false
src/java/org/apache/log4j/spi/AppenderAttachable.java,38.0,2.0,21.0,7.0,0.0,8.0,1,0.0049504950495049506,983.8650306748466,22424.70618376712,1,true
src/java/org/apache/log4j/spi/Configurator.java,25.0,2.0,0.0,1.0,0.0,1.0,1,0.0049504950495049506,983.8650306748466,22424.70618376712,1,true
src/java/org/apache/log4j/spi/DefaultRepositorySelector.java,9.0,0.0,0.0,2.0,0.0,3.0,1,0.0049504950495049506,983.8650306748466,22424.70618376712,1,true
src/java/org/apache/log4j/spi/ErrorCode.java,14.0,0.0,0.0,0.0,0.0,0.0,1,0.0049504950495049506,983.8650306748466,22424.70618376712,1,true
src/java/org/apache/log4j/spi/ErrorHandler.java,53.0,2.0,15.0,6.0,0.0,10.0,1,0.0049504950495049506,983.8650306748466,22424.70618376712,1,true
src/java/org/apache/log4j/spi/Filter.java,76.0,1.0,4.0,4.0,0.0,7.0,1,0.0049504950495049506,983.8650306748466,22424.70618376712,1,true
src/java/org/apache/log4j/spi/HierarchyEventListener.java,9.0,1.0,1.0,2.0,0.0,2.0,1,0.0049504950495049506,983.8650306748466,22424.70618376712,1,true
src/java/org/apache/log4j/spi/LocationInfo.java,185.0,4.0,0.0,5.0,15.0,22.0,1,0.0049504950495049506,983.8650306748466,22424.70618376712,1,true
src/java/org/apache/log4j/spi/LoggerEventListener.java,31.0,2.0,3.0,3.0,0.0,3.0,1,0.0049504950495049506,983.8650306748466,22424.70618376712,1,false
src/java/org/apache/log4j/spi/LoggerFactory.java,10.0,1.0,0.0,1.0,0.0,1.0,1,0.0049504950495049506,983.8650306748466,22424.70618376712,1,true
src/java/org/apache/log4j/spi/LoggerRepository.java,95.0,2.0,210.0,21.0,0.0,24.0,1,0.0049504950495049506,983.8650306748466,22424.70618376712,1,true
src/java/org/apache/log4j/spi/LoggerRepositoryEventListener.java,26.0,0.0,3.0,3.0,0.0,4.0,1,0.0049504950495049506,983.8650306748466,22424.70618376712,1,false
src/java/org/apache/log4j/spi/LoggingEvent.java,399.0,9.0,169.0,22.0,45.0,83.0,2,0.009900990099009901,1059.6545043590572,22802.113670765746,2,true
src/java/org/apache/log4j/spi/OptionHandler.java,18.0,0.0,0.0,1.0,0.0,2.0,1,0.0049504950495049506,983.8650306748466,22424.70618376712,1,true
src/java/org/apache/log4j/spi/RendererSupport.java,4.0,3.0,1.0,2.0,0.0,2.0,1,0.0049504950495049506,983.8650306748466,22424.70618376712,1,true
src/java/org/apache/log4j/spi/RepositorySelector.java,18.0,0.0,0.0,1.0,0.0,2.0,1,0.0049504950495049506,983.8650306748466,22424.70618376712,1,true
src/java/org/apache/log4j/spi/RootCategory.java,41.0,2.0,6.0,4.0,3.0,7.0,1,0.0049504950495049506,983.8650306748466,22424.70618376712,1,true
src/java/org/apache/log4j/spi/ThrowableInformation.java,33.0,3.0,0.0,3.0,3.0,11.0,1,0.0049504950495049506,983.8650306748466,22424.70618376712,1,true
src/java/org/apache/log4j/spi/TriggeringEventEvaluator.java,16.0,0.0,0.0,1.0,0.0,1.0,1,0.0049504950495049506,983.8650306748466,22424.70618376712,1,true
src/java/org/apache/log4j/test/AsyncAppenderTest.java,44.0,3.0,4.0,4.0,15.0,10.0,1,0.0049504950495049506,983.8650306748466,22424.70618376712,1,true
src/java/org/apache/log4j/test/ConfigurationFileParsing.java,21.0,4.0,1.0,2.0,10.0,4.0,1,0.0049504950495049506,983.8650306748466,22424.70618376712,1,true
src/java/org/apache/log4j/test/PatternTest.java,46.0,4.0,6.0,4.0,14.0,6.0,1,0.0049504950495049506,983.8650306748466,22424.70618376712,1,true
src/java/org/apache/log4j/test/Shallow.java,57.0,6.0,10.0,5.0,19.0,10.0,1,0.0049504950495049506,983.8650306748466,22424.70618376712,1,true
src/java/org/apache/log4j/test/ShortSocketServer.java,44.0,7.0,1.0,3.0,16.0,8.0,1,0.0049504950495049506,983.8650306748466,22424.70618376712,1,true
src/java/org/apache/log4j/xml/DOMConfigurator.java,625.0,20.0,222.0,29.0,210.0,94.0,1,0.0049504950495049506,983.8650306748466,22424.70618376712,1,true
src/java/org/apache/log4j/xml/Log4jEntityResolver.java,26.0,7.0,0.0,1.0,6.0,4.0,1,0.0049504950495049506,983.8650306748466,22424.70618376712,1,true
src/java/org/apache/log4j/xml/XMLLayout.java,134.0,11.0,4.0,5.0,24.0,13.0,2,0.009900990099009901,1059.6545043590572,22802.113670765746,2,true
src/java/org/apache/log4j/xml/test/DOMTest.java,43.0,8.0,6.0,4.0,14.0,6.0,1,0.0049504950495049506,983.8650306748466,22424.70618376712,1,true
tests/src/java/org/apache/log4j/PatternLayoutTestCase.java,176.0,17.0,0.0,20.0,87.0,51.0,2,0.009900990099009901,1059.6545043590572,22802.113670765746,2,true
tests/src/java/org/apache/log4j/xml/XMLLayoutTestCase.java,109.0,16.0,0.0,11.0,46.0,24.0,2,0.009900990099009901,1059.6545043590572,22802.113670765746,2,true
