name,LOC,CBO,LCOM,NOM,RFC,WMC,numOfChanges,bccm,structuralWorkloadSum,semanticWorkloadSum,numberOfDeveloper,isBuggy
examples/MyPatternLayout.java,30.0,2.0,6.0,4.0,4.0,5.0,1,0.004098360655737705,473.65217391304344,9546.278361745894,1,true
examples/MyPatternParser.java,40.0,5.0,1.0,2.0,2.0,5.0,1,0.004098360655737705,473.65217391304344,9546.278361745894,1,true
src/java/org/apache/joran/Action.java,14.0,1.0,3.0,3.0,0.0,3.0,1,0.004098360655737705,473.65217391304344,9546.278361745894,1,false
src/java/org/apache/joran/Context.java,7.0,1.0,0.0,0.0,0.0,0.0,1,0.004098360655737705,473.65217391304344,9546.278361745894,1,false
src/java/org/apache/joran/JoranParser.java,58.0,5.0,8.0,5.0,21.0,11.0,1,0.004098360655737705,473.65217391304344,9546.278361745894,1,false
src/java/org/apache/joran/Pattern.java,96.0,1.0,0.0,10.0,20.0,29.0,1,0.004098360655737705,473.65217391304344,9546.278361745894,1,false
src/java/org/apache/joran/Rule.java,8.0,0.0,0.0,1.0,0.0,1.0,1,0.004098360655737705,473.65217391304344,9546.278361745894,1,false
src/java/org/apache/joran/RuleStore.java,4.0,1.0,1.0,2.0,0.0,2.0,1,0.004098360655737705,473.65217391304344,9546.278361745894,1,false
src/java/org/apache/joran/SimpleRuleStore.java,38.0,4.0,0.0,2.0,11.0,8.0,1,0.004098360655737705,473.65217391304344,9546.278361745894,1,false
src/java/org/apache/log4j/Category.java,872.0,9.0,626.0,53.0,115.0,171.0,1,0.004098360655737705,473.65217391304344,9546.278361745894,1,true
src/java/org/apache/log4j/DailyRollingFileAppender.java,198.0,8.0,0.0,7.0,23.0,24.0,1,0.004098360655737705,473.65217391304344,9546.278361745894,1,true
src/java/org/apache/log4j/Decoder.java,10.0,5.0,6.0,4.0,0.0,5.0,1,0.004098360655737705,195.4242424242424,26010.446229205947,1,false
src/java/org/apache/log4j/FileAppender.java,214.0,7.0,72.0,17.0,16.0,39.0,1,0.004098360655737705,473.65217391304344,9546.278361745894,1,true
src/java/org/apache/log4j/HTMLLayout.java,186.0,5.0,35.0,11.0,22.0,28.0,1,0.004098360655737705,473.65217391304344,9546.278361745894,1,true
src/java/org/apache/log4j/Layout.java,54.0,5.0,15.0,6.0,4.0,20.0,1,0.004098360655737705,473.65217391304344,9546.278361745894,1,true
src/java/org/apache/log4j/LogManager.java,129.0,11.0,0.0,10.0,18.0,20.0,1,0.004098360655737705,473.65217391304344,9546.278361745894,1,true
src/java/org/apache/log4j/MDC.java,91.0,3.0,0.0,7.0,11.0,18.0,1,0.004098360655737705,473.65217391304344,9546.278361745894,1,true
src/java/org/apache/log4j/NDC.java,283.0,5.0,0.0,12.0,46.0,51.0,1,0.004098360655737705,473.65217391304344,9546.278361745894,1,true
src/java/org/apache/log4j/PatternLayout.java,342.0,5.0,10.0,8.0,5.0,18.0,1,0.004098360655737705,473.65217391304344,9546.278361745894,1,true
src/java/org/apache/log4j/Priority.java,136.0,0.0,40.0,12.0,4.0,28.0,1,0.004098360655737705,473.65217391304344,9546.278361745894,1,true
src/java/org/apache/log4j/SimpleLayout.java,42.0,2.0,6.0,4.0,4.0,8.0,1,0.004098360655737705,473.65217391304344,9546.278361745894,1,true
src/java/org/apache/log4j/TTCCLayout.java,139.0,2.0,27.0,10.0,11.0,24.0,1,0.004098360655737705,473.65217391304344,9546.278361745894,1,true
src/java/org/apache/log4j/UtilLoggingLevel.java,94.0,2.0,3.0,6.0,5.0,14.0,1,0.004098360655737705,195.4242424242424,26010.446229205947,1,false
src/java/org/apache/log4j/chainsaw/ChainsawAbout.java,37.0,13.0,1.0,2.0,12.0,4.0,1,0.004098360655737705,195.4242424242424,26010.446229205947,1,false
src/java/org/apache/log4j/chainsaw/ChainsawAppender.java,209.0,7.0,68.0,21.0,17.0,39.0,1,0.004098360655737705,195.4242424242424,26010.446229205947,1,false
src/java/org/apache/log4j/chainsaw/ChainsawAppenderHandler.java,193.0,12.0,39.0,10.0,30.0,18.0,1,0.004098360655737705,195.4242424242424,26010.446229205947,1,false
src/java/org/apache/log4j/chainsaw/ChainsawColumns.java,41.0,2.0,1.0,2.0,0.0,3.0,1,0.004098360655737705,195.4242424242424,26010.446229205947,1,false
src/java/org/apache/log4j/chainsaw/ChainsawConstants.java,43.0,0.0,0.0,1.0,0.0,1.0,1,0.004098360655737705,195.4242424242424,26010.446229205947,1,false
src/java/org/apache/log4j/chainsaw/ChainsawCyclicBufferTableModel.java,461.0,19.0,247.0,30.0,93.0,78.0,1,0.004098360655737705,195.4242424242424,26010.446229205947,1,false
src/java/org/apache/log4j/chainsaw/ChainsawEventBatch.java,62.0,6.0,0.0,4.0,7.0,10.0,1,0.004098360655737705,195.4242424242424,26010.446229205947,1,false
src/java/org/apache/log4j/chainsaw/ChainsawSplash.java,40.0,12.0,0.0,1.0,16.0,4.0,1,0.004098360655737705,195.4242424242424,26010.446229205947,1,false
src/java/org/apache/log4j/chainsaw/ChainsawStatusBar.java,183.0,13.0,68.0,17.0,49.0,26.0,1,0.004098360655737705,195.4242424242424,26010.446229205947,1,false
src/java/org/apache/log4j/chainsaw/ChainsawTabbedPane.java,75.0,4.0,21.0,7.0,13.0,13.0,2,0.00819672131147541,240.71836007130122,26314.770310830987,2,false
src/java/org/apache/log4j/chainsaw/ChainsawToolBarAndMenus.java,765.0,48.0,554.0,65.0,322.0,169.0,2,0.00819672131147541,240.71836007130122,26314.770310830987,2,false
src/java/org/apache/log4j/chainsaw/ColorDisplaySelector.java,751.0,47.0,21.0,30.0,243.0,101.0,1,0.004098360655737705,195.4242424242424,26010.446229205947,1,false
src/java/org/apache/log4j/chainsaw/ColorFilter.java,130.0,6.0,0.0,7.0,40.0,23.0,1,0.004098360655737705,195.4242424242424,26010.446229205947,1,false
src/java/org/apache/log4j/chainsaw/ColumnComparator.java,30.0,1.0,0.0,2.0,2.0,6.0,1,0.004098360655737705,195.4242424242424,26010.446229205947,1,false
src/java/org/apache/log4j/chainsaw/ColumnSelector.java,69.0,16.0,22.0,8.0,34.0,17.0,1,0.004098360655737705,195.4242424242424,26010.446229205947,1,false
src/java/org/apache/log4j/chainsaw/CyclicBufferList.java,156.0,4.0,0.0,12.0,4.0,34.0,1,0.004098360655737705,195.4242424242424,26010.446229205947,1,false
src/java/org/apache/log4j/chainsaw/DetailFieldSelector.java,50.0,13.0,0.0,2.0,31.0,8.0,1,0.004098360655737705,195.4242424242424,26010.446229205947,1,false
src/java/org/apache/log4j/chainsaw/DisplayFilter.java,162.0,15.0,73.0,18.0,47.0,46.0,2,0.00819672131147541,240.71836007130122,26314.770310830987,2,false
src/java/org/apache/log4j/chainsaw/DisplayFilterEntry.java,55.0,1.0,0.0,8.0,6.0,19.0,1,0.004098360655737705,195.4242424242424,26010.446229205947,1,false
src/java/org/apache/log4j/chainsaw/DockablePanel.java,13.0,1.0,0.0,2.0,0.0,3.0,1,0.004098360655737705,195.4242424242424,26010.446229205947,1,false
src/java/org/apache/log4j/chainsaw/EventContainer.java,66.0,1.0,66.0,12.0,0.0,18.0,2,0.00819672131147541,669.0764163372859,35556.72459095184,2,false
src/java/org/apache/log4j/chainsaw/EventCountListener.java,8.0,0.0,0.0,1.0,0.0,1.0,1,0.004098360655737705,195.4242424242424,26010.446229205947,1,false
src/java/org/apache/log4j/chainsaw/EventDetailFormatter.java,29.0,2.0,0.0,1.0,0.0,2.0,1,0.004098360655737705,195.4242424242424,26010.446229205947,1,false
src/java/org/apache/log4j/chainsaw/ExpressionEvaluator.java,8.0,1.0,0.0,1.0,0.0,1.0,1,0.004098360655737705,195.4242424242424,26010.446229205947,1,false
src/java/org/apache/log4j/chainsaw/ExpressionEvaluatorFactory.java,51.0,2.0,2.0,4.0,5.0,10.0,1,0.004098360655737705,195.4242424242424,26010.446229205947,1,false
src/java/org/apache/log4j/chainsaw/FileLoadAction.java,66.0,17.0,4.0,4.0,20.0,13.0,2,0.00819672131147541,240.71836007130122,26314.770310830987,2,true
src/java/org/apache/log4j/chainsaw/FileMenu.java,51.0,9.0,7.0,6.0,6.0,12.0,1,0.004098360655737705,195.4242424242424,26010.446229205947,1,false
src/java/org/apache/log4j/chainsaw/FileSaveAction.java,58.0,19.0,0.0,2.0,20.0,9.0,2,0.00819672131147541,240.71836007130122,26314.770310830987,2,false
src/java/org/apache/log4j/chainsaw/FilterChangedListener.java,8.0,0.0,0.0,1.0,0.0,1.0,1,0.004098360655737705,195.4242424242424,26010.446229205947,1,false
src/java/org/apache/log4j/chainsaw/Generator.java,46.0,3.0,1.0,3.0,8.0,5.0,1,0.004098360655737705,195.4242424242424,26010.446229205947,1,false
src/java/org/apache/log4j/chainsaw/JSortTable.java,104.0,7.0,137.0,18.0,41.0,31.0,1,0.004098360655737705,195.4242424242424,26010.446229205947,1,false
src/java/org/apache/log4j/chainsaw/LogPanelLoggerTreeModel.java,80.0,10.0,15.0,6.0,27.0,13.0,2,0.00819672131147541,240.71836007130122,26314.770310830987,2,false
src/java/org/apache/log4j/chainsaw/LogUI.java,1775.0,104.0,1362.0,60.0,365.0,147.0,2,0.00819672131147541,240.71836007130122,26314.770310830987,2,false
src/java/org/apache/log4j/chainsaw/LoggerNameListener.java,13.0,1.0,0.0,1.0,0.0,1.0,1,0.004098360655737705,195.4242424242424,26010.446229205947,1,false
src/java/org/apache/log4j/chainsaw/LoggerNameModel.java,24.0,1.0,6.0,4.0,0.0,9.0,1,0.004098360655737705,195.4242424242424,26010.446229205947,1,false
src/java/org/apache/log4j/chainsaw/LoggerNameModelSupport.java,36.0,5.0,2.0,5.0,7.0,11.0,1,0.004098360655737705,195.4242424242424,26010.446229205947,1,false
src/java/org/apache/log4j/chainsaw/LoggerNameTree.java,43.0,7.0,15.0,6.0,14.0,6.0,1,0.004098360655737705,195.4242424242424,26010.446229205947,1,false
src/java/org/apache/log4j/chainsaw/LoggerNameTreePanel.java,16.0,4.0,0.0,1.0,1.0,1.0,1,0.004098360655737705,195.4242424242424,26010.446229205947,1,false
src/java/org/apache/log4j/chainsaw/NoReceiversWarningPanel.java,259.0,28.0,123.0,18.0,81.0,38.0,2,0.00819672131147541,240.71836007130122,26314.770310830987,2,false
src/java/org/apache/log4j/chainsaw/OroRegExpEvaluator.java,30.0,5.0,0.0,4.0,4.0,10.0,1,0.004098360655737705,195.4242424242424,26010.446229205947,1,false
src/java/org/apache/log4j/chainsaw/PopupListener.java,23.0,3.0,4.0,4.0,7.0,5.0,1,0.004098360655737705,195.4242424242424,26010.446229205947,1,false
src/java/org/apache/log4j/chainsaw/ProgressPanel.java,43.0,8.0,0.0,5.0,13.0,6.0,1,0.004098360655737705,195.4242424242424,26010.446229205947,1,false
src/java/org/apache/log4j/chainsaw/ReceiverTreeCellRenderer.java,67.0,11.0,1.0,2.0,13.0,6.0,1,0.004098360655737705,195.4242424242424,26010.446229205947,1,false
src/java/org/apache/log4j/chainsaw/ReceiversPanel.java,760.0,72.0,208.0,24.0,111.0,59.0,1,0.004098360655737705,195.4242424242424,26010.446229205947,1,false
src/java/org/apache/log4j/chainsaw/ReceiversTreeModel.java,54.0,8.0,2.0,4.0,20.0,11.0,1,0.004098360655737705,195.4242424242424,26010.446229205947,1,false
src/java/org/apache/log4j/chainsaw/ShutdownListener.java,13.0,1.0,0.0,1.0,0.0,1.0,2,0.00819672131147541,669.0764163372859,35556.72459095184,2,false
src/java/org/apache/log4j/chainsaw/SmallButton.java,92.0,9.0,19.0,10.0,13.0,15.0,1,0.004098360655737705,195.4242424242424,26010.446229205947,1,false
src/java/org/apache/log4j/chainsaw/SmallToggleButton.java,99.0,12.0,27.0,11.0,16.0,15.0,1,0.004098360655737705,195.4242424242424,26010.446229205947,1,false
src/java/org/apache/log4j/chainsaw/SortArrowIcon.java,44.0,2.0,0.0,4.0,5.0,7.0,1,0.004098360655737705,195.4242424242424,26010.446229205947,1,false
src/java/org/apache/log4j/chainsaw/SortHeaderRenderer.java,43.0,3.0,1.0,2.0,18.0,5.0,1,0.004098360655737705,195.4242424242424,26010.446229205947,1,false
src/java/org/apache/log4j/chainsaw/SortTableModel.java,8.0,1.0,1.0,2.0,0.0,2.0,1,0.004098360655737705,195.4242424242424,26010.446229205947,1,false
src/java/org/apache/log4j/chainsaw/StringExpEvaluator.java,28.0,0.0,0.0,2.0,4.0,7.0,1,0.004098360655737705,195.4242424242424,26010.446229205947,1,false
src/java/org/apache/log4j/chainsaw/TableColorizingRenderer.java,139.0,22.0,9.0,6.0,35.0,20.0,1,0.004098360655737705,195.4242424242424,26010.446229205947,1,false
src/java/org/apache/log4j/chainsaw/ThresholdSlider.java,54.0,11.0,0.0,4.0,22.0,13.0,1,0.004098360655737705,195.4242424242424,26010.446229205947,1,false
src/java/org/apache/log4j/chainsaw/WelcomePanel.java,124.0,24.0,0.0,5.0,35.0,12.0,2,0.00819672131147541,240.71836007130122,26314.770310830987,2,false
src/java/org/apache/log4j/chainsaw/icons/ChainsawIcons.java,39.0,3.0,0.0,1.0,0.0,1.0,1,0.004098360655737705,195.4242424242424,26010.446229205947,1,false
src/java/org/apache/log4j/chainsaw/prefs/LoadSettingsEvent.java,26.0,1.0,4.0,4.0,7.0,9.0,1,0.004098360655737705,195.4242424242424,26010.446229205947,1,false
src/java/org/apache/log4j/chainsaw/prefs/ProfileManager.java,19.0,1.0,6.0,4.0,3.0,6.0,1,0.004098360655737705,195.4242424242424,26010.446229205947,1,false
src/java/org/apache/log4j/chainsaw/prefs/Profileable.java,29.0,0.0,3.0,3.0,0.0,7.0,1,0.004098360655737705,195.4242424242424,26010.446229205947,1,false
src/java/org/apache/log4j/chainsaw/prefs/SaveSettingsEvent.java,24.0,1.0,13.0,6.0,5.0,7.0,1,0.004098360655737705,195.4242424242424,26010.446229205947,1,false
src/java/org/apache/log4j/chainsaw/prefs/SettingsEvent.java,8.0,1.0,0.0,1.0,0.0,1.0,1,0.004098360655737705,195.4242424242424,26010.446229205947,1,false
src/java/org/apache/log4j/chainsaw/prefs/SettingsListener.java,27.0,1.0,1.0,2.0,0.0,4.0,1,0.004098360655737705,195.4242424242424,26010.446229205947,1,false
src/java/org/apache/log4j/chainsaw/prefs/SettingsManager.java,157.0,11.0,22.0,9.0,32.0,23.0,1,0.004098360655737705,195.4242424242424,26010.446229205947,1,false
src/java/org/apache/log4j/config/PropertyPrinter.java,90.0,3.0,6.0,9.0,31.0,20.0,0,0.0,0.0,0.0,0,true
src/java/org/apache/log4j/helpers/AppenderAttachableImpl.java,132.0,5.0,0.0,8.0,22.0,31.0,0,0.0,0.0,0.0,0,true
src/java/org/apache/log4j/helpers/DateLayout.java,118.0,11.0,0.0,8.0,11.0,21.0,1,0.004098360655737705,473.65217391304344,9546.278361745894,1,true
src/java/org/apache/log4j/helpers/FileWatchdog.java,73.0,2.0,4.0,5.0,9.0,11.0,0,0.0,0.0,0.0,0,true
src/java/org/apache/log4j/helpers/LoggerTraverse.java,237.0,10.0,19.0,11.0,57.0,45.0,1,0.004098360655737705,195.4242424242424,26010.446229205947,1,false
src/java/org/apache/log4j/helpers/ReaderWriterLock.java,82.0,1.0,0.0,7.0,11.0,17.0,1,0.004098360655737705,473.65217391304344,9546.278361745894,1,false
src/java/org/apache/log4j/helpers/SyslogWriter.java,39.0,7.0,8.0,5.0,6.0,9.0,0,0.0,0.0,0.0,0,true
src/java/org/apache/log4j/helpers/Transform.java,70.0,2.0,1.0,2.0,7.0,12.0,1,0.004098360655737705,473.65217391304344,9546.278361745894,1,true
src/java/org/apache/log4j/jdbc/JDBCAppender.java,243.0,8.0,170.0,21.0,36.0,48.0,1,0.004098360655737705,473.65217391304344,9546.278361745894,1,true
src/java/org/apache/log4j/lf5/LF5Appender.java,174.0,5.0,83.0,15.0,34.0,36.0,0,0.0,0.0,0.0,0,true
src/java/org/apache/log4j/lf5/viewer/LogBrokerMonitor.java,1169.0,22.0,7034.0,136.0,535.0,317.0,0,0.0,0.0,0.0,0,true
src/java/org/apache/log4j/net/AddressBased.java,13.0,0.0,0.0,1.0,0.0,2.0,1,0.004098360655737705,195.4242424242424,26010.446229205947,1,false
src/java/org/apache/log4j/net/JMSReceiver.java,186.0,16.0,76.0,17.0,25.0,42.0,0,0.0,0.0,0.0,0,false
src/java/org/apache/log4j/net/JMSSink.java,81.0,18.0,4.0,5.0,25.0,19.0,0,0.0,0.0,0.0,0,true
src/java/org/apache/log4j/net/MulticastAppender.java,257.0,8.0,167.0,23.0,29.0,49.0,1,0.004098360655737705,195.4242424242424,26010.446229205947,1,false
src/java/org/apache/log4j/net/MulticastReceiver.java,145.0,13.0,14.0,9.0,9.0,16.0,2,0.00819672131147541,240.71836007130122,26314.770310830987,2,false
src/java/org/apache/log4j/net/NetworkBased.java,8.0,0.0,1.0,2.0,0.0,2.0,1,0.004098360655737705,195.4242424242424,26010.446229205947,1,false
src/java/org/apache/log4j/net/PortBased.java,12.0,0.0,0.0,1.0,0.0,2.0,1,0.004098360655737705,195.4242424242424,26010.446229205947,1,false
src/java/org/apache/log4j/net/SMTPAppender.java,272.0,20.0,212.0,24.0,39.0,53.0,1,0.004098360655737705,473.65217391304344,9546.278361745894,1,true
src/java/org/apache/log4j/net/SimpleSocketServer.java,56.0,6.0,1.0,3.0,16.0,10.0,0,0.0,0.0,0.0,0,true
src/java/org/apache/log4j/net/SocketAppender.java,333.0,8.0,128.0,21.0,31.0,45.0,2,0.00819672131147541,669.0764163372859,35556.72459095184,2,true
src/java/org/apache/log4j/net/SocketHubAppender.java,280.0,11.0,42.0,12.0,20.0,28.0,1,0.004098360655737705,195.4242424242424,26010.446229205947,1,true
src/java/org/apache/log4j/net/SocketHubReceiver.java,191.0,5.0,97.0,18.0,17.0,39.0,1,0.004098360655737705,195.4242424242424,26010.446229205947,1,false
src/java/org/apache/log4j/net/SocketNode.java,156.0,11.0,21.0,10.0,27.0,22.0,1,0.004098360655737705,195.4242424242424,26010.446229205947,1,true
src/java/org/apache/log4j/net/SocketNodeEventListener.java,18.0,1.0,1.0,2.0,0.0,2.0,1,0.004098360655737705,195.4242424242424,26010.446229205947,1,false
src/java/org/apache/log4j/net/SocketReceiver.java,280.0,13.0,163.0,22.0,51.0,49.0,1,0.004098360655737705,195.4242424242424,26010.446229205947,1,false
src/java/org/apache/log4j/net/TelnetAppender.java,150.0,7.0,3.0,6.0,7.0,13.0,1,0.004098360655737705,473.65217391304344,9546.278361745894,1,true
src/java/org/apache/log4j/net/UDPAppender.java,295.0,8.0,145.0,22.0,35.0,49.0,1,0.004098360655737705,195.4242424242424,26010.446229205947,1,true
src/java/org/apache/log4j/net/UDPReceiver.java,138.0,11.0,3.0,7.0,7.0,14.0,2,0.00819672131147541,240.71836007130122,26314.770310830987,2,false
src/java/org/apache/log4j/net/XMLSocketNode.java,143.0,9.0,0.0,4.0,29.0,14.0,2,0.00819672131147541,240.71836007130122,26314.770310830987,2,false
src/java/org/apache/log4j/net/XMLSocketReceiver.java,140.0,7.0,18.0,13.0,22.0,30.0,2,0.00819672131147541,240.71836007130122,26314.770310830987,2,false
src/java/org/apache/log4j/nt/NTEventLogAppender.java,108.0,4.0,54.0,16.0,14.0,25.0,0,0.0,0.0,0.0,0,true
src/java/org/apache/log4j/or/DefaultRenderer.java,17.0,0.0,1.0,2.0,1.0,3.0,0,0.0,0.0,0.0,0,true
src/java/org/apache/log4j/pattern/ClassNamePatternConverter.java,13.0,1.0,1.0,2.0,2.0,5.0,1,0.004098360655737705,473.65217391304344,9546.278361745894,1,true
src/java/org/apache/log4j/pattern/DatePatternConverter.java,40.0,6.0,0.0,3.0,6.0,9.0,1,0.004098360655737705,473.65217391304344,9546.278361745894,1,false
src/java/org/apache/log4j/pattern/FileLocationPatternConverter.java,18.0,2.0,0.0,2.0,4.0,4.0,1,0.004098360655737705,473.65217391304344,9546.278361745894,1,false
src/java/org/apache/log4j/pattern/FormattingInfo.java,20.0,1.0,0.0,2.0,1.0,2.0,1,0.004098360655737705,473.65217391304344,9546.278361745894,1,false
src/java/org/apache/log4j/pattern/FullLocationPatternConverter.java,18.0,2.0,0.0,2.0,3.0,4.0,1,0.004098360655737705,473.65217391304344,9546.278361745894,1,false
src/java/org/apache/log4j/pattern/LevelPatternConverter.java,16.0,1.0,0.0,2.0,4.0,3.0,1,0.004098360655737705,473.65217391304344,9546.278361745894,1,false
src/java/org/apache/log4j/pattern/LineLocationPatternConverter.java,18.0,2.0,0.0,2.0,4.0,4.0,1,0.004098360655737705,473.65217391304344,9546.278361745894,1,false
src/java/org/apache/log4j/pattern/LiteralPatternConverter.java,13.0,1.0,0.0,2.0,2.0,3.0,1,0.004098360655737705,473.65217391304344,9546.278361745894,1,false
src/java/org/apache/log4j/pattern/LoggerPatternConverter.java,11.0,1.0,1.0,2.0,1.0,4.0,1,0.004098360655737705,473.65217391304344,9546.278361745894,1,true
src/java/org/apache/log4j/pattern/MDCPatternConverter.java,31.0,3.0,0.0,2.0,8.0,5.0,1,0.004098360655737705,473.65217391304344,9546.278361745894,1,false
src/java/org/apache/log4j/pattern/MessagePatternConverter.java,23.0,1.0,0.0,2.0,4.0,5.0,1,0.004098360655737705,473.65217391304344,9546.278361745894,1,false
src/java/org/apache/log4j/pattern/MethodLocationPatternConverter.java,18.0,2.0,0.0,2.0,4.0,4.0,1,0.004098360655737705,473.65217391304344,9546.278361745894,1,false
src/java/org/apache/log4j/pattern/NDCPatternConverter.java,16.0,1.0,0.0,2.0,3.0,3.0,1,0.004098360655737705,473.65217391304344,9546.278361745894,1,false
src/java/org/apache/log4j/pattern/NamedPatternConverter.java,49.0,2.0,2.0,4.0,8.0,11.0,1,0.004098360655737705,473.65217391304344,9546.278361745894,1,true
src/java/org/apache/log4j/pattern/PatternConverter.java,85.0,3.0,20.0,8.0,7.0,19.0,1,0.004098360655737705,473.65217391304344,9546.278361745894,1,false
src/java/org/apache/log4j/pattern/PatternParser.java,274.0,6.0,13.0,10.0,34.0,38.0,1,0.004098360655737705,473.65217391304344,9546.278361745894,1,true
src/java/org/apache/log4j/pattern/RelativeTimePatternConverter.java,12.0,1.0,0.0,2.0,4.0,3.0,1,0.004098360655737705,473.65217391304344,9546.278361745894,1,false
src/java/org/apache/log4j/pattern/ThreadPatternConverter.java,17.0,1.0,0.0,2.0,3.0,3.0,1,0.004098360655737705,473.65217391304344,9546.278361745894,1,false
src/java/org/apache/log4j/plugins/Pauseable.java,8.0,0.0,1.0,2.0,0.0,2.0,1,0.004098360655737705,195.4242424242424,26010.446229205947,1,false
src/java/org/apache/log4j/plugins/Plugin.java,49.0,2.0,15.0,6.0,0.0,11.0,1,0.004098360655737705,195.4242424242424,26010.446229205947,1,false
src/java/org/apache/log4j/plugins/PluginRegistry.java,238.0,9.0,25.0,11.0,50.0,44.0,1,0.004098360655737705,195.4242424242424,26010.446229205947,1,false
src/java/org/apache/log4j/plugins/PluginSkeleton.java,61.0,1.0,6.0,5.0,0.0,9.0,1,0.004098360655737705,195.4242424242424,26010.446229205947,1,false
src/java/org/apache/log4j/plugins/Receiver.java,70.0,4.0,0.0,4.0,9.0,10.0,1,0.004098360655737705,195.4242424242424,26010.446229205947,1,true
src/java/org/apache/log4j/rolling/RollingFileAppender.java,90.0,6.0,0.0,8.0,14.0,18.0,0,0.0,0.0,0.0,0,true
src/java/org/apache/log4j/rolling/RollingPolicy.java,11.0,1.0,1.0,2.0,0.0,2.0,0,0.0,0.0,0.0,0,true
src/java/org/apache/log4j/rolling/RollingPolicySkeleton.java,37.0,1.0,8.0,5.0,3.0,9.0,0,0.0,0.0,0.0,0,false
src/java/org/apache/log4j/rolling/SizeBasedTriggeringPolicy.java,19.0,1.0,0.0,4.0,1.0,6.0,0,0.0,0.0,0.0,0,true
src/java/org/apache/log4j/rolling/SlidingWindowRollingPolicy.java,92.0,5.0,2.0,12.0,7.0,28.0,0,0.0,0.0,0.0,0,false
src/java/org/apache/log4j/rolling/TimeBasedRollingPolicy.java,110.0,8.0,0.0,7.0,22.0,23.0,0,0.0,0.0,0.0,0,true
src/java/org/apache/log4j/rolling/TriggeringPolicy.java,7.0,2.0,0.0,1.0,0.0,1.0,0,0.0,0.0,0.0,0,true
src/java/org/apache/log4j/rolling/helpers/Compress.java,83.0,5.0,1.0,3.0,19.0,11.0,0,0.0,0.0,0.0,0,false
src/java/org/apache/log4j/rolling/helpers/DateTokenConverter.java,27.0,2.0,0.0,4.0,1.0,7.0,0,0.0,0.0,0.0,0,false
src/java/org/apache/log4j/rolling/helpers/FileNamePattern.java,146.0,2.0,0.0,9.0,25.0,39.0,0,0.0,0.0,0.0,0,false
src/java/org/apache/log4j/rolling/helpers/IdentityTokenConverter.java,13.0,0.0,0.0,2.0,0.0,3.0,0,0.0,0.0,0.0,0,false
src/java/org/apache/log4j/rolling/helpers/IntegerTokenConverter.java,11.0,0.0,1.0,2.0,1.0,3.0,0,0.0,0.0,0.0,0,false
src/java/org/apache/log4j/rolling/helpers/RollingCalendar.java,137.0,7.0,12.0,8.0,16.0,21.0,0,0.0,0.0,0.0,0,false
src/java/org/apache/log4j/rolling/helpers/TokenConverter.java,34.0,0.0,2.0,5.0,0.0,7.0,0,0.0,0.0,0.0,0,false
src/java/org/apache/log4j/rolling/helpers/Util.java,17.0,2.0,0.0,1.0,3.0,2.0,0,0.0,0.0,0.0,0,false
src/java/org/apache/log4j/spi/LocationInfo.java,194.0,4.0,0.0,6.0,15.0,23.0,0,0.0,0.0,0.0,0,true
src/java/org/apache/log4j/spi/LoggingEvent.java,420.0,13.0,151.0,23.0,46.0,87.0,0,0.0,0.0,0.0,0,true
src/java/org/apache/log4j/spi/OptionHandler.java,18.0,0.0,0.0,1.0,0.0,2.0,0,0.0,0.0,0.0,0,true
src/java/org/apache/log4j/spi/RendererSupport.java,4.0,2.0,1.0,2.0,0.0,2.0,0,0.0,0.0,0.0,0,true
src/java/org/apache/log4j/spi/Thresholdable.java,32.0,1.0,3.0,3.0,0.0,7.0,1,0.004098360655737705,195.4242424242424,26010.446229205947,1,false
src/java/org/apache/log4j/spi/ThrowableInformation.java,36.0,3.0,0.0,4.0,3.0,13.0,0,0.0,0.0,0.0,0,true
src/java/org/apache/log4j/test/AsyncAppenderTest.java,44.0,3.0,4.0,4.0,14.0,10.0,0,0.0,0.0,0.0,0,true
src/java/org/apache/log4j/test/DRFATest.java,56.0,6.0,8.0,5.0,15.0,12.0,0,0.0,0.0,0.0,0,true
src/java/org/apache/log4j/test/DelayedLoop.java,39.0,3.0,6.0,4.0,10.0,10.0,0,0.0,0.0,0.0,0,true
src/java/org/apache/log4j/test/Finalize.java,58.0,4.0,15.0,6.0,19.0,17.0,0,0.0,0.0,0.0,0,true
src/java/org/apache/log4j/test/Shallow.java,57.0,6.0,10.0,5.0,18.0,10.0,0,0.0,0.0,0.0,0,true
src/java/org/apache/log4j/test/StressAsyncAppender.java,94.0,3.0,16.0,8.0,21.0,20.0,0,0.0,0.0,0.0,0,true
src/java/org/apache/log4j/varia/ExternallyRolledFileAppender.java,63.0,5.0,0.0,4.0,3.0,7.0,0,0.0,0.0,0.0,0,true
src/java/org/apache/log4j/varia/LevelRangeFilter.java,87.0,3.0,3.0,7.0,3.0,13.0,0,0.0,0.0,0.0,0,true
src/java/org/apache/log4j/varia/Log4JAvalonLogger.java,141.0,2.0,0.0,17.0,17.0,35.0,0,0.0,0.0,0.0,0,false
src/java/org/apache/log4j/varia/NullAppender.java,40.0,2.0,21.0,7.0,0.0,9.0,1,0.004098360655737705,473.65217391304344,9546.278361745894,1,true
src/java/org/apache/log4j/varia/StringMatchFilter.java,44.0,2.0,0.0,5.0,2.0,10.0,0,0.0,0.0,0.0,0,true
src/java/org/apache/log4j/xml/DOMConfigurator.java,631.0,19.0,222.0,29.0,210.0,94.0,1,0.004098360655737705,473.65217391304344,9546.278361745894,1,true
src/java/org/apache/log4j/xml/Log4jEntityResolver.java,26.0,4.0,0.0,1.0,6.0,4.0,0,0.0,0.0,0.0,0,true
src/java/org/apache/log4j/xml/UtilLoggingEntityResolver.java,27.0,4.0,0.0,1.0,6.0,4.0,1,0.004098360655737705,195.4242424242424,26010.446229205947,1,false
src/java/org/apache/log4j/xml/UtilLoggingXMLDecoder.java,266.0,23.0,28.0,9.0,57.0,35.0,2,0.00819672131147541,240.71836007130122,26314.770310830987,2,false
src/java/org/apache/log4j/xml/XMLDecoder.java,272.0,22.0,26.0,9.0,56.0,37.0,2,0.00819672131147541,240.71836007130122,26314.770310830987,2,true
src/java/org/apache/log4j/xml/XMLLayout.java,132.0,11.0,4.0,5.0,24.0,13.0,2,0.00819672131147541,518.9462915601023,9850.602443370934,2,true
src/java/org/apache/log4j/xml/examples/XMLSample.java,34.0,2.0,6.0,4.0,11.0,6.0,0,0.0,0.0,0.0,0,true
tests/src/java/org/apache/joran/JoranParserTestCase.java,29.0,4.0,6.0,4.0,4.0,8.0,1,0.004098360655737705,473.65217391304344,9546.278361745894,1,false
tests/src/java/org/apache/joran/PatternTestCase.java,56.0,1.0,36.0,9.0,18.0,12.0,1,0.004098360655737705,473.65217391304344,9546.278361745894,1,false
tests/src/java/org/apache/joran/SimpleStoreTestCase.java,105.0,6.0,28.0,8.0,31.0,21.0,1,0.004098360655737705,473.65217391304344,9546.278361745894,1,false
tests/src/java/org/apache/log4j/AsyncAppenderTestCase.java,69.0,4.0,21.0,7.0,32.0,10.0,0,0.0,0.0,0.0,0,true
tests/src/java/org/apache/log4j/DRFATestCase.java,175.0,6.0,15.0,6.0,38.0,16.0,0,0.0,0.0,0.0,0,true
tests/src/java/org/apache/log4j/HierarchyThresholdTestCase.java,77.0,5.0,20.0,13.0,42.0,23.0,0,0.0,0.0,0.0,0,true
tests/src/java/org/apache/log4j/LoggerTestCase.java,286.0,7.0,69.0,15.0,72.0,19.0,0,0.0,0.0,0.0,0,true
tests/src/java/org/apache/log4j/MinimumTestCase.java,131.0,5.0,9.0,7.0,22.0,12.0,1,0.004098360655737705,473.65217391304344,9546.278361745894,1,true
tests/src/java/org/apache/log4j/MyPatternLayout.java,30.0,1.0,6.0,4.0,4.0,5.0,1,0.004098360655737705,473.65217391304344,9546.278361745894,1,true
tests/src/java/org/apache/log4j/MyPatternParser.java,40.0,4.0,1.0,2.0,2.0,5.0,1,0.004098360655737705,473.65217391304344,9546.278361745894,1,true
tests/src/java/org/apache/log4j/PatternLayoutTestCase.java,176.0,16.0,0.0,20.0,87.0,51.0,0,0.0,0.0,0.0,0,true
tests/src/java/org/apache/log4j/VectorAppender.java,41.0,2.0,15.0,7.0,2.0,13.0,0,0.0,0.0,0.0,0,true
tests/src/java/org/apache/log4j/customLogger/XLogger.java,92.0,4.0,29.0,11.0,19.0,26.0,0,0.0,0.0,0.0,0,true
tests/src/java/org/apache/log4j/customLogger/XLoggerTestCase.java,40.0,6.0,13.0,6.0,15.0,11.0,0,0.0,0.0,0.0,0,true
tests/src/java/org/apache/log4j/defaultInit/TestCase1.java,20.0,4.0,10.0,5.0,6.0,6.0,0,0.0,0.0,0.0,0,true
tests/src/java/org/apache/log4j/defaultInit/TestCase2.java,23.0,5.0,10.0,5.0,9.0,6.0,0,0.0,0.0,0.0,0,true
tests/src/java/org/apache/log4j/defaultInit/TestCase3.java,23.0,5.0,10.0,5.0,9.0,6.0,0,0.0,0.0,0.0,0,true
tests/src/java/org/apache/log4j/defaultInit/TestCase4.java,24.0,5.0,10.0,5.0,9.0,6.0,0,0.0,0.0,0.0,0,true
tests/src/java/org/apache/log4j/helpers/BoundedFIFOTestCase.java,159.0,7.0,16.0,9.0,31.0,17.0,1,0.004098360655737705,473.65217391304344,9546.278361745894,1,true
tests/src/java/org/apache/log4j/helpers/CyclicBufferTestCase.java,93.0,7.0,22.0,8.0,18.0,14.0,0,0.0,0.0,0.0,0,true
tests/src/java/org/apache/log4j/helpers/ReaderWriterLockTestCase.java,122.0,7.0,17.0,7.0,11.0,16.0,0,0.0,0.0,0.0,0,false
tests/src/java/org/apache/log4j/helpers/VerifierThread.java,164.0,4.0,64.0,16.0,29.0,51.0,0,0.0,0.0,0.0,0,false
tests/src/java/org/apache/log4j/net/ShortSocketServer.java,43.0,8.0,1.0,2.0,13.0,6.0,0,0.0,0.0,0.0,0,true
tests/src/java/org/apache/log4j/net/SocketServerTestCase.java,211.0,8.0,19.0,14.0,83.0,37.0,0,0.0,0.0,0.0,0,true
tests/src/java/org/apache/log4j/net/XMLDecoderTest.java,17.0,4.0,1.0,2.0,3.0,5.0,1,0.004098360655737705,195.4242424242424,26010.446229205947,1,false
tests/src/java/org/apache/log4j/or/ORTestCase.java,107.0,6.0,48.0,13.0,31.0,14.0,0,0.0,0.0,0.0,0,true
tests/src/java/org/apache/log4j/plugins/PluginTestCase.java,274.0,15.0,26.0,8.0,41.0,21.0,0,0.0,0.0,0.0,0,false
tests/src/java/org/apache/log4j/rolling/SizeBasedRollingTestCase.java,105.0,8.0,22.0,8.0,40.0,22.0,1,0.004098360655737705,473.65217391304344,9546.278361745894,1,false
tests/src/java/org/apache/log4j/rolling/TimeBasedRollingTestCase.java,253.0,11.0,36.0,12.0,89.0,26.0,1,0.004098360655737705,473.65217391304344,9546.278361745894,1,false
tests/src/java/org/apache/log4j/rolling/helpers/CompressTestCase.java,37.0,6.0,21.0,7.0,10.0,12.0,0,0.0,0.0,0.0,0,false
tests/src/java/org/apache/log4j/rolling/helpers/FileNamePatternTestCase.java,66.0,6.0,21.0,7.0,13.0,11.0,0,0.0,0.0,0.0,0,false
tests/src/java/org/apache/log4j/util/AbsoluteDateAndTimeFilter.java,12.0,1.0,0.0,1.0,2.0,4.0,0,0.0,0.0,0.0,0,true
tests/src/java/org/apache/log4j/util/AbsoluteTimeFilter.java,12.0,1.0,0.0,1.0,2.0,4.0,0,0.0,0.0,0.0,0,true
tests/src/java/org/apache/log4j/util/Compare.java,81.0,7.0,3.0,3.0,13.0,15.0,0,0.0,0.0,0.0,0,true
tests/src/java/org/apache/log4j/util/ControlFilter.java,16.0,1.0,0.0,2.0,1.0,6.0,0,0.0,0.0,0.0,0,true
tests/src/java/org/apache/log4j/util/ISO8601Filter.java,12.0,1.0,0.0,1.0,2.0,4.0,0,0.0,0.0,0.0,0,true
tests/src/java/org/apache/log4j/util/LineNumberFilter.java,14.0,1.0,0.0,1.0,2.0,4.0,0,0.0,0.0,0.0,0,true
tests/src/java/org/apache/log4j/util/RelativeTimeFilter.java,12.0,1.0,0.0,1.0,2.0,4.0,0,0.0,0.0,0.0,0,true
tests/src/java/org/apache/log4j/util/SunReflectFilter.java,11.0,1.0,0.0,1.0,1.0,4.0,0,0.0,0.0,0.0,0,true
tests/src/java/org/apache/log4j/util/XMLLineAttributeFilter.java,14.0,1.0,0.0,1.0,2.0,4.0,0,0.0,0.0,0.0,0,true
tests/src/java/org/apache/log4j/util/XMLTimestampFilter.java,11.0,1.0,0.0,1.0,2.0,4.0,0,0.0,0.0,0.0,0,true
tests/src/java/org/apache/log4j/varia/ErrorHandlerTestCase.java,52.0,12.0,9.0,6.0,15.0,9.0,0,0.0,0.0,0.0,0,true
tests/src/java/org/apache/log4j/varia/LevelMatchFilterTestCase.java,68.0,12.0,9.0,7.0,28.0,12.0,0,0.0,0.0,0.0,0,true
tests/src/java/org/apache/log4j/varia/LevelRangeFilterTestCase.java,100.0,11.0,9.0,7.0,33.0,12.0,0,0.0,0.0,0.0,0,false
tests/src/java/org/apache/log4j/xml/CustomLevelTestCase.java,54.0,5.0,18.0,9.0,29.0,14.0,0,0.0,0.0,0.0,0,true
tests/src/java/org/apache/log4j/xml/XLevel.java,44.0,1.0,0.0,4.0,5.0,11.0,0,0.0,0.0,0.0,0,true
tests/src/java/org/apache/log4j/xml/XMLDecoderTest.java,17.0,4.0,1.0,2.0,3.0,5.0,2,0.00819672131147541,669.0764163372859,35556.72459095184,2,false
tests/src/java/org/apache/log4j/xml/XMLLayoutTestCase.java,108.0,15.0,0.0,11.0,46.0,24.0,1,0.004098360655737705,45.294117647058826,304.32408162504044,1,true
