name,LOC,CBO,LCOM,NOM,RFC,WMC,numOfChanges,bccm,structuralWorkloadSum,semanticWorkloadSum,numberOfDeveloper,isBuggy
examples/customLevel/XLevel.java,44.0,2.0,0.0,4.0,5.0,11.0,1,0.00423728813559322,620.3010752688172,21624.947368421053,1,true
examples/factor/NumberCruncher.java,12.0,2.0,0.0,1.0,0.0,3.0,1,0.00423728813559322,620.3010752688172,21624.947368421053,1,false
examples/factor/NumberCruncherClient.java,68.0,6.0,3.0,3.0,12.0,12.0,1,0.00423728813559322,620.3010752688172,21624.947368421053,1,false
examples/factor/NumberCruncherServer.java,93.0,8.0,8.0,5.0,21.0,18.0,1,0.00423728813559322,620.3010752688172,21624.947368421053,1,false
examples/jmx/T.java,11.0,4.0,0.0,1.0,4.0,1.0,1,0.00423728813559322,620.3010752688172,21624.947368421053,1,false
examples/pattern/CountingPatternConverter.java,17.0,2.0,0.0,2.0,4.0,5.0,1,0.00423728813559322,620.3010752688172,21624.947368421053,1,false
examples/pattern/MyPatternLayout.java,33.0,4.0,6.0,4.0,6.0,5.0,1,0.00423728813559322,620.3010752688172,21624.947368421053,1,false
examples/sort/Sort.java,52.0,2.0,1.0,2.0,9.0,5.0,1,0.00423728813559322,620.3010752688172,21624.947368421053,1,false
examples/sort/SortAlgo.java,49.0,2.0,0.0,4.0,8.0,9.0,1,0.00423728813559322,620.3010752688172,21624.947368421053,1,false
examples/subclass/MyLogger.java,40.0,6.0,6.0,5.0,2.0,7.0,1,0.00423728813559322,620.3010752688172,21624.947368421053,1,true
examples/subclass/MyLoggerFactory.java,17.0,2.0,1.0,2.0,0.0,4.0,1,0.00423728813559322,620.3010752688172,21624.947368421053,1,true
examples/subclass/MyLoggerTest.java,51.0,6.0,1.0,2.0,12.0,7.0,1,0.00423728813559322,620.3010752688172,21624.947368421053,1,true
examples/trivial/Trivial.java,42.0,3.0,0.0,2.0,7.0,2.0,1,0.00423728813559322,620.3010752688172,21624.947368421053,1,false
src/java/org/apache/joran/ExecutionContext.java,53.0,7.0,15.0,11.0,7.0,21.0,0,0.0,0.0,0.0,0,false
src/java/org/apache/joran/JoranParser.java,106.0,8.0,1.0,10.0,32.0,24.0,1,0.00423728813559322,620.3010752688172,21624.947368421053,1,false
src/java/org/apache/joran/Pattern.java,96.0,1.0,0.0,10.0,20.0,29.0,0,0.0,0.0,0.0,0,false
src/java/org/apache/joran/RuleStore.java,5.0,2.0,3.0,3.0,0.0,4.0,1,0.00423728813559322,620.3010752688172,21624.947368421053,1,false
src/java/org/apache/joran/SimpleRuleStore.java,48.0,7.0,1.0,3.0,14.0,11.0,1,0.00423728813559322,620.3010752688172,21624.947368421053,1,false
src/java/org/apache/joran/action/Action.java,31.0,2.0,6.0,4.0,2.0,6.0,1,0.00423728813559322,620.3010752688172,21624.947368421053,1,false
src/java/org/apache/joran/action/ImplicitAction.java,10.0,2.0,0.0,1.0,0.0,1.0,0,0.0,0.0,0.0,0,false
src/java/org/apache/joran/action/NestComponentIA.java,80.0,7.0,2.0,4.0,21.0,14.0,1,0.00423728813559322,620.3010752688172,21624.947368421053,1,false
src/java/org/apache/joran/action/NewRuleAction.java,45.0,6.0,3.0,3.0,9.0,6.0,1,0.00423728813559322,620.3010752688172,21624.947368421053,1,false
src/java/org/apache/joran/action/ParamAction.java,30.0,5.0,3.0,3.0,8.0,5.0,1,0.00423728813559322,620.3010752688172,21624.947368421053,1,false
src/java/org/apache/joran/helper/Option.java,9.0,0.0,0.0,1.0,1.0,2.0,0,0.0,0.0,0.0,0,false
src/java/org/apache/log4j/FileAppender.java,213.0,7.0,72.0,17.0,15.0,39.0,1,0.00423728813559322,620.3010752688172,21624.947368421053,1,true
src/java/org/apache/log4j/Hierarchy.java,468.0,13.0,293.0,30.0,92.0,86.0,1,0.00423728813559322,620.3010752688172,21624.947368421053,1,true
src/java/org/apache/log4j/LogManager.java,132.0,11.0,0.0,11.0,22.0,21.0,1,0.00423728813559322,620.3010752688172,21624.947368421053,1,true
src/java/org/apache/log4j/PatternLayout.java,359.0,6.0,16.0,9.0,5.0,23.0,2,0.00847457627118644,806.4322228098008,26514.481691672743,2,true
src/java/org/apache/log4j/PropertyConfigurator.java,455.0,18.0,126.0,17.0,83.0,51.0,1,0.00423728813559322,620.3010752688172,21624.947368421053,1,true
src/java/org/apache/log4j/chainsaw/ChainsawAppenderHandler.java,335.0,19.0,203.0,22.0,54.0,42.0,3,0.012711864406779662,895.4322228098008,34258.229076264746,3,false
src/java/org/apache/log4j/chainsaw/ChainsawColumns.java,54.0,7.0,3.0,3.0,3.0,5.0,1,0.00423728813559322,186.1311475409836,4889.534323251691,1,false
src/java/org/apache/log4j/chainsaw/ChainsawConstants.java,43.0,0.0,0.0,1.0,0.0,1.0,2,0.00847457627118644,709.3010752688172,29368.69475301306,2,false
src/java/org/apache/log4j/chainsaw/ChainsawCyclicBufferTableModel.java,437.0,20.0,403.0,34.0,93.0,76.0,2,0.00847457627118644,275.1311475409836,12633.281707843696,2,false
src/java/org/apache/log4j/chainsaw/ChainsawEventBatch.java,43.0,6.0,0.0,4.0,7.0,10.0,0,0.0,0.0,0.0,0,false
src/java/org/apache/log4j/chainsaw/ChainsawEventBatchEntry.java,41.0,2.0,9.0,6.0,9.0,14.0,1,0.00423728813559322,89.0,7743.747384592006,1,false
src/java/org/apache/log4j/chainsaw/ChainsawStatusBar.java,175.0,16.0,58.0,16.0,55.0,25.0,2,0.00847457627118644,275.1311475409836,12633.281707843696,2,false
src/java/org/apache/log4j/chainsaw/ChainsawToolBarAndMenus.java,712.0,46.0,0.0,59.0,299.0,157.0,2,0.00847457627118644,275.1311475409836,12633.281707843696,2,false
src/java/org/apache/log4j/chainsaw/ColorFilter.java,118.0,7.0,7.0,7.0,32.0,20.0,1,0.00423728813559322,89.0,7743.747384592006,1,false
src/java/org/apache/log4j/chainsaw/ColumnComparator.java,57.0,2.0,0.0,2.0,11.0,8.0,1,0.00423728813559322,89.0,7743.747384592006,1,false
src/java/org/apache/log4j/chainsaw/ColumnSelector.java,67.0,16.0,22.0,8.0,34.0,17.0,2,0.00847457627118644,275.1311475409836,12633.281707843696,2,false
src/java/org/apache/log4j/chainsaw/DetailFieldSelector.java,51.0,13.0,0.0,2.0,31.0,8.0,1,0.00423728813559322,89.0,7743.747384592006,1,false
src/java/org/apache/log4j/chainsaw/DisplayFilter.java,163.0,15.0,73.0,18.0,47.0,46.0,1,0.00423728813559322,89.0,7743.747384592006,1,false
src/java/org/apache/log4j/chainsaw/DisplayFilterEntry.java,56.0,1.0,0.0,8.0,6.0,19.0,1,0.00423728813559322,89.0,7743.747384592006,1,false
src/java/org/apache/log4j/chainsaw/DockablePanel.java,16.0,1.0,0.0,2.0,1.0,3.0,0,0.0,0.0,0.0,0,false
src/java/org/apache/log4j/chainsaw/EventBatchListener.java,23.0,2.0,1.0,2.0,0.0,5.0,0,0.0,0.0,0.0,0,false
src/java/org/apache/log4j/chainsaw/EventContainer.java,96.0,4.0,153.0,18.0,0.0,31.0,1,0.00423728813559322,186.1311475409836,4889.534323251691,1,false
src/java/org/apache/log4j/chainsaw/EventCountListener.java,8.0,1.0,0.0,1.0,0.0,1.0,0,0.0,0.0,0.0,0,false
src/java/org/apache/log4j/chainsaw/FileLoadAction.java,66.0,16.0,4.0,4.0,20.0,13.0,3,0.012711864406779662,895.4322228098008,34258.229076264746,3,true
src/java/org/apache/log4j/chainsaw/FileSaveAction.java,58.0,18.0,0.0,2.0,20.0,9.0,0,0.0,0.0,0.0,0,false
src/java/org/apache/log4j/chainsaw/Generator.java,54.0,6.0,6.0,5.0,12.0,8.0,2,0.00847457627118644,806.4322228098008,26514.481691672743,2,false
src/java/org/apache/log4j/chainsaw/JSortTable.java,110.0,7.0,137.0,18.0,42.0,34.0,2,0.00847457627118644,275.1311475409836,12633.281707843696,2,false
src/java/org/apache/log4j/chainsaw/LogPanel.java,1443.0,105.0,5012.0,108.0,565.0,243.0,2,0.00847457627118644,275.1311475409836,12633.281707843696,2,false
src/java/org/apache/log4j/chainsaw/LogPanelLoggerTreeModel.java,97.0,11.0,13.0,6.0,25.0,14.0,1,0.00423728813559322,186.1311475409836,4889.534323251691,1,false
src/java/org/apache/log4j/chainsaw/LogPanelPreferenceModel.java,94.0,9.0,11.0,10.0,12.0,15.0,2,0.00847457627118644,275.1311475409836,12633.281707843696,2,false
src/java/org/apache/log4j/chainsaw/LogPanelPreferencePanel.java,272.0,37.0,56.0,13.0,57.0,24.0,2,0.00847457627118644,275.1311475409836,12633.281707843696,2,false
src/java/org/apache/log4j/chainsaw/LogUI.java,995.0,70.0,2854.0,80.0,461.0,186.0,2,0.00847457627118644,275.1311475409836,12633.281707843696,2,false
src/java/org/apache/log4j/chainsaw/LoggerNameTree.java,13.0,3.0,0.0,1.0,3.0,1.0,0,0.0,0.0,0.0,0,false
src/java/org/apache/log4j/chainsaw/LoggerNameTreePanel.java,562.0,49.0,531.0,42.0,203.0,112.0,1,0.00423728813559322,186.1311475409836,4889.534323251691,1,false
src/java/org/apache/log4j/chainsaw/LoggingEventFieldResolver.java,93.0,1.0,6.0,4.0,20.0,12.0,1,0.00423728813559322,89.0,7743.747384592006,1,false
src/java/org/apache/log4j/chainsaw/NewKeyEvent.java,37.0,1.0,0.0,4.0,0.0,7.0,0,0.0,0.0,0.0,0,false
src/java/org/apache/log4j/chainsaw/NewKeyListener.java,12.0,1.0,0.0,1.0,0.0,1.0,0,0.0,0.0,0.0,0,false
src/java/org/apache/log4j/chainsaw/NoReceiversWarningPanel.java,345.0,36.0,376.0,29.0,100.0,63.0,1,0.00423728813559322,186.1311475409836,4889.534323251691,1,false
src/java/org/apache/log4j/chainsaw/ReceiverTreeCellRenderer.java,96.0,16.0,0.0,2.0,21.0,6.0,1,0.00423728813559322,186.1311475409836,4889.534323251691,1,false
src/java/org/apache/log4j/chainsaw/ReceiversPanel.java,756.0,75.0,385.0,31.0,124.0,68.0,2,0.00847457627118644,275.1311475409836,12633.281707843696,2,false
src/java/org/apache/log4j/chainsaw/ReceiversTreeModel.java,87.0,14.0,7.0,7.0,37.0,17.0,2,0.00847457627118644,275.1311475409836,12633.281707843696,2,false
src/java/org/apache/log4j/chainsaw/RuleMediator.java,94.0,3.0,12.0,9.0,5.0,15.0,1,0.00423728813559322,186.1311475409836,4889.534323251691,1,false
src/java/org/apache/log4j/chainsaw/SortTableModel.java,8.0,1.0,1.0,2.0,0.0,2.0,1,0.00423728813559322,186.1311475409836,4889.534323251691,1,false
src/java/org/apache/log4j/chainsaw/TableColorizingRenderer.java,162.0,20.0,33.0,10.0,26.0,27.0,2,0.00847457627118644,275.1311475409836,12633.281707843696,2,false
src/java/org/apache/log4j/chainsaw/ThrowableRenderPanel.java,58.0,13.0,1.0,6.0,13.0,12.0,1,0.00423728813559322,89.0,7743.747384592006,1,false
src/java/org/apache/log4j/chainsaw/WelcomePanel.java,127.0,20.0,0.0,5.0,35.0,12.0,2,0.00847457627118644,275.1311475409836,12633.281707843696,2,false
src/java/org/apache/log4j/chainsaw/color/Colorizer.java,18.0,2.0,1.0,2.0,0.0,5.0,1,0.00423728813559322,186.1311475409836,4889.534323251691,1,false
src/java/org/apache/log4j/chainsaw/color/DefaultColorizer.java,27.0,5.0,0.0,3.0,8.0,9.0,1,0.00423728813559322,186.1311475409836,4889.534323251691,1,false
src/java/org/apache/log4j/chainsaw/filter/EventTypeEntryContainer.java,130.0,5.0,149.0,19.0,21.0,39.0,1,0.00423728813559322,89.0,7743.747384592006,1,false
src/java/org/apache/log4j/chainsaw/filter/FilterColorPreferences.java,49.0,13.0,4.0,4.0,19.0,6.0,1,0.00423728813559322,186.1311475409836,4889.534323251691,1,false
src/java/org/apache/log4j/chainsaw/filter/FilterModel.java,30.0,3.0,1.0,3.0,18.0,7.0,1,0.00423728813559322,89.0,7743.747384592006,1,false
src/java/org/apache/log4j/chainsaw/help/Tutorial.java,15.0,3.0,0.0,1.0,1.0,1.0,1,0.00423728813559322,186.1311475409836,4889.534323251691,1,false
src/java/org/apache/log4j/chainsaw/icons/ChainsawIcons.java,47.0,3.0,0.0,1.0,0.0,1.0,2,0.00847457627118644,275.1311475409836,12633.281707843696,2,false
src/java/org/apache/log4j/chainsaw/icons/LevelIconFactory.java,27.0,6.0,1.0,3.0,8.0,7.0,2,0.00847457627118644,275.1311475409836,12633.281707843696,2,false
src/java/org/apache/log4j/chainsaw/icons/LineIconFactory.java,86.0,11.0,6.0,4.0,18.0,9.0,0,0.0,0.0,0.0,0,false
src/java/org/apache/log4j/chainsaw/layout/DefaultLayoutFactory.java,40.0,5.0,1.0,2.0,8.0,8.0,0,0.0,0.0,0.0,0,false
src/java/org/apache/log4j/chainsaw/layout/EventDetailLayout.java,123.0,10.0,72.0,13.0,42.0,33.0,2,0.00847457627118644,275.1311475409836,12633.281707843696,2,false
src/java/org/apache/log4j/chainsaw/layout/LayoutEditorPane.java,145.0,27.0,143.0,19.0,52.0,28.0,1,0.00423728813559322,186.1311475409836,4889.534323251691,1,false
src/java/org/apache/log4j/chainsaw/prefs/SettingsManager.java,157.0,11.0,22.0,9.0,32.0,23.0,1,0.00423728813559322,186.1311475409836,4889.534323251691,1,false
src/java/org/apache/log4j/chainsaw/rule/AbstractRule.java,17.0,3.0,0.0,3.0,3.0,3.0,2,0.00847457627118644,275.1311475409836,12633.281707843696,2,false
src/java/org/apache/log4j/chainsaw/rule/Rule.java,27.0,2.0,3.0,3.0,0.0,7.0,0,0.0,0.0,0.0,0,false
src/java/org/apache/log4j/chainsaw/rule/RuleTest.java,313.0,28.0,10.0,5.0,36.0,14.0,2,0.00847457627118644,275.1311475409836,12633.281707843696,2,false
src/java/org/apache/log4j/config/PropertySetter.java,279.0,10.0,21.0,14.0,66.0,51.0,1,0.00423728813559322,620.3010752688172,21624.947368421053,1,true
src/java/org/apache/log4j/helpers/Loader.java,108.0,6.0,0.0,4.0,12.0,19.0,1,0.00423728813559322,620.3010752688172,21624.947368421053,1,true
src/java/org/apache/log4j/helpers/OptionConverter.java,362.0,6.0,78.0,13.0,57.0,62.0,0,0.0,0.0,0.0,0,true
src/java/org/apache/log4j/joran/action/ActionConst.java,17.0,0.0,0.0,0.0,0.0,0.0,1,0.00423728813559322,620.3010752688172,21624.947368421053,1,false
src/java/org/apache/log4j/joran/action/AppenderAction.java,55.0,9.0,1.0,3.0,17.0,10.0,1,0.00423728813559322,620.3010752688172,21624.947368421053,1,false
src/java/org/apache/log4j/joran/action/AppenderRefAction.java,53.0,9.0,3.0,3.0,14.0,6.0,1,0.00423728813559322,620.3010752688172,21624.947368421053,1,false
src/java/org/apache/log4j/joran/action/ConversionRuleAction.java,49.0,7.0,3.0,3.0,8.0,6.0,1,0.00423728813559322,620.3010752688172,21624.947368421053,1,false
src/java/org/apache/log4j/joran/action/LayoutAction.java,53.0,8.0,1.0,3.0,13.0,9.0,1,0.00423728813559322,620.3010752688172,21624.947368421053,1,false
src/java/org/apache/log4j/joran/action/LevelAction.java,49.0,8.0,3.0,3.0,15.0,8.0,1,0.00423728813559322,620.3010752688172,21624.947368421053,1,false
src/java/org/apache/log4j/joran/action/LoggerAction.java,48.0,9.0,1.0,3.0,18.0,8.0,1,0.00423728813559322,620.3010752688172,21624.947368421053,1,false
src/java/org/apache/log4j/joran/action/RootLoggerAction.java,34.0,5.0,1.0,3.0,8.0,6.0,1,0.00423728813559322,620.3010752688172,21624.947368421053,1,false
src/java/org/apache/log4j/net/SocketHubReceiver.java,221.0,6.0,138.0,21.0,20.0,46.0,2,0.00847457627118644,194.1311475409836,4934.201817376413,2,false
src/java/org/apache/log4j/pattern/DatePatternConverter.java,39.0,6.0,0.0,3.0,5.0,9.0,1,0.00423728813559322,186.1311475409836,4889.534323251691,1,false
src/java/org/apache/log4j/pattern/LineSeparatorPatternConverter.java,15.0,2.0,0.0,2.0,1.0,3.0,1,0.00423728813559322,620.3010752688172,21624.947368421053,1,false
src/java/org/apache/log4j/pattern/PatternParser.java,276.0,5.0,13.0,10.0,34.0,39.0,2,0.00847457627118644,806.4322228098008,26514.481691672743,2,true
src/java/org/apache/log4j/plugins/Plugin.java,77.0,3.0,45.0,10.0,0.0,20.0,2,0.00847457627118644,194.1311475409836,4934.201817376413,2,false
src/java/org/apache/log4j/plugins/PluginEvent.java,22.0,1.0,1.0,2.0,1.0,4.0,1,0.00423728813559322,186.1311475409836,4889.534323251691,1,false
src/java/org/apache/log4j/plugins/PluginListener.java,9.0,1.0,1.0,2.0,0.0,2.0,1,0.00423728813559322,186.1311475409836,4889.534323251691,1,false
src/java/org/apache/log4j/plugins/PluginRegistry.java,282.0,10.0,63.0,15.0,59.0,54.0,2,0.00847457627118644,194.1311475409836,4934.201817376413,2,false
src/java/org/apache/log4j/plugins/PluginSkeleton.java,126.0,4.0,2.0,13.0,10.0,19.0,2,0.00847457627118644,194.1311475409836,4934.201817376413,2,false
src/java/org/apache/log4j/varia/NullAppender.java,40.0,2.0,21.0,7.0,0.0,9.0,0,0.0,0.0,0.0,0,true
src/java/org/apache/log4j/xml/DOMConfigurator.java,642.0,19.0,222.0,29.0,211.0,94.0,1,0.00423728813559322,620.3010752688172,21624.947368421053,1,true
tests/src/java/org/apache/joran/JoranParserTest.java,130.0,21.0,8.0,8.0,61.0,16.0,1,0.00423728813559322,620.3010752688172,21624.947368421053,1,false
tests/src/java/org/apache/joran/PatternTest.java,56.0,1.0,36.0,9.0,18.0,12.0,0,0.0,0.0,0.0,0,false
tests/src/java/org/apache/joran/SimpleStoreTest.java,105.0,7.0,28.0,8.0,31.0,21.0,0,0.0,0.0,0.0,0,false
tests/src/java/org/apache/joran/action/HelloAction.java,22.0,4.0,6.0,4.0,3.0,4.0,1,0.00423728813559322,620.3010752688172,21624.947368421053,1,false
tests/src/java/org/apache/log4j/MinimumTestCase.java,131.0,5.0,9.0,7.0,22.0,12.0,0,0.0,0.0,0.0,0,true
tests/src/java/org/apache/log4j/PatternLayoutTest.java,232.0,14.0,0.0,21.0,96.0,56.0,1,0.00423728813559322,620.3010752688172,21624.947368421053,1,true
tests/src/java/org/apache/log4j/helpers/BoundedFIFOTestCase.java,150.0,5.0,8.0,8.0,30.0,15.0,1,0.00423728813559322,620.3010752688172,21624.947368421053,1,true
tests/src/java/org/apache/log4j/pattern/Num343PatternConverter.java,12.0,1.0,0.0,2.0,2.0,3.0,1,0.00423728813559322,620.3010752688172,21624.947368421053,1,true
tests/src/java/org/apache/log4j/pattern/PatternParserTest.java,80.0,9.0,0.0,10.0,38.0,20.0,1,0.00423728813559322,620.3010752688172,21624.947368421053,1,true
tests/src/java/org/apache/log4j/plugins/PluginTestCase.java,370.0,17.0,43.0,10.0,62.0,25.0,1,0.00423728813559322,186.1311475409836,4889.534323251691,1,false
tests/src/java/org/apache/log4j/rolling/SizeBasedRollingTest.java,105.0,8.0,22.0,8.0,40.0,22.0,0,0.0,0.0,0.0,0,true
tests/src/java/org/apache/log4j/rolling/TimeBasedRollingTest.java,258.0,11.0,36.0,12.0,89.0,26.0,2,0.00847457627118644,806.4322228098008,26514.481691672743,2,true
tests/src/java/org/apache/log4j/util/JunitTestRunnerFilter.java,20.0,1.0,0.0,1.0,1.0,4.0,1,0.00423728813559322,620.3010752688172,21624.947368421053,1,true
tests/src/java/org/apache/log4j/xml/DOMTestCase.java,57.0,13.0,9.0,6.0,15.0,9.0,1,0.00423728813559322,620.3010752688172,21624.947368421053,1,true
