name,LOC,CBO,LCOM,NOM,RFC,WMC,numOfChanges,bccm,structuralWorkloadSum,semanticWorkloadSum,numberOfDeveloper,isBuggy
examples/src/factor/NumberCruncherServer.java,97.0,7.0,8.0,5.0,20.0,18.0,0,0.0,0.0,0.0,0,false
examples/src/joran/calculator/AddAction.java,37.0,5.0,3.0,3.0,5.0,8.0,1,0.002242152466367713,1648.4654088050313,144464.2767857143,1,false
examples/src/joran/calculator/LiteralAction.java,27.0,5.0,1.0,2.0,5.0,6.0,1,0.002242152466367713,1648.4654088050313,144464.2767857143,1,false
examples/src/joran/calculator/MultiplyAction.java,37.0,5.0,3.0,3.0,5.0,8.0,1,0.002242152466367713,1648.4654088050313,144464.2767857143,1,false
examples/src/pattern/CountingPatternConverter.java,25.0,2.0,4.0,4.0,4.0,9.0,1,0.002242152466367713,1648.4654088050313,144464.2767857143,1,false
examples/src/sort/Sort.java,54.0,2.0,1.0,2.0,9.0,5.0,0,0.0,0.0,0.0,0,false
examples/src/sort/SortAlgo.java,51.0,2.0,0.0,4.0,8.0,9.0,0,0.0,0.0,0.0,0,false
examples/src/subclass/MyLogger.java,33.0,2.0,4.0,4.0,1.0,5.0,1,0.002242152466367713,1648.4654088050313,144464.2767857143,1,false
examples/src/subclass/MyLoggerTest.java,53.0,3.0,1.0,2.0,15.0,7.0,1,0.002242152466367713,1648.4654088050313,144464.2767857143,1,false
examples/src/trivial/Trivial.java,42.0,3.0,0.0,2.0,7.0,2.0,0,0.0,0.0,0.0,0,false
log4jMini/src/java/org/apache/log4j/NDC.java,259.0,5.0,0.0,12.0,46.0,51.0,0,0.0,0.0,0.0,0,false
log4jMini/src/java/org/apache/log4j/PropertyConfigurator.java,313.0,12.0,83.0,14.0,66.0,45.0,0,0.0,0.0,0.0,0,false
src/java/org/apache/joran/ExecutionContext.java,85.0,10.0,45.0,15.0,21.0,32.0,1,0.002242152466367713,1648.4654088050313,144464.2767857143,1,false
src/java/org/apache/joran/Interpreter.java,197.0,15.0,231.0,27.0,30.0,60.0,1,0.002242152466367713,1648.4654088050313,144464.2767857143,1,false
src/java/org/apache/joran/action/Action.java,56.0,6.0,15.0,6.0,11.0,14.0,2,0.004484304932735426,1720.4654088050313,144639.19064132497,2,false
src/java/org/apache/joran/action/ImplicitAction.java,18.0,3.0,0.0,1.0,0.0,2.0,1,0.002242152466367713,1648.4654088050313,144464.2767857143,1,false
src/java/org/apache/joran/action/NestComponentIA.java,79.0,10.0,0.0,4.0,26.0,14.0,1,0.002242152466367713,1648.4654088050313,144464.2767857143,1,false
src/java/org/apache/joran/action/NewRuleAction.java,45.0,6.0,3.0,3.0,9.0,6.0,1,0.002242152466367713,1648.4654088050313,144464.2767857143,1,false
src/java/org/apache/joran/action/ParamAction.java,33.0,6.0,3.0,3.0,10.0,5.0,1,0.002242152466367713,1648.4654088050313,144464.2767857143,1,false
src/java/org/apache/joran/helper/SimpleRuleStore.java,44.0,8.0,1.0,3.0,13.0,10.0,1,0.002242152466367713,1648.4654088050313,144464.2767857143,1,false
src/java/org/apache/log4j/Appender.java,69.0,3.0,55.0,11.0,0.0,19.0,1,0.002242152466367713,1648.4654088050313,144464.2767857143,1,true
src/java/org/apache/log4j/AppenderSkeleton.java,222.0,6.0,111.0,18.0,17.0,48.0,1,0.002242152466367713,1648.4654088050313,144464.2767857143,1,true
src/java/org/apache/log4j/AsyncAppender.java,168.0,5.0,23.0,15.0,23.0,36.0,2,0.004484304932735426,1692.7511230907455,144804.81926867814,2,true
src/java/org/apache/log4j/Category.java,915.0,9.0,731.0,59.0,130.0,190.0,1,0.002242152466367713,1648.4654088050313,144464.2767857143,1,true
src/java/org/apache/log4j/ConsoleAppender.java,75.0,0.0,10.0,8.0,13.0,15.0,2,0.004484304932735426,1692.7511230907455,144804.81926867814,2,true
src/java/org/apache/log4j/FileAppender.java,199.0,6.0,56.0,16.0,16.0,36.0,2,0.004484304932735426,1785.7154088050313,154763.28213877563,2,true
src/java/org/apache/log4j/HTMLLayout.java,191.0,5.0,35.0,11.0,23.0,26.0,1,0.002242152466367713,1648.4654088050313,144464.2767857143,1,true
src/java/org/apache/log4j/Hierarchy.java,527.0,17.0,628.0,41.0,103.0,108.0,2,0.004484304932735426,1720.4654088050313,144639.19064132497,2,true
src/java/org/apache/log4j/LogManager.java,132.0,12.0,0.0,12.0,19.0,25.0,2,0.004484304932735426,1720.4654088050313,144639.19064132497,2,true
src/java/org/apache/log4j/Logger.java,365.0,2.0,4.0,17.0,65.0,65.0,1,0.002242152466367713,1648.4654088050313,144464.2767857143,1,true
src/java/org/apache/log4j/PatternLayout.java,382.0,6.0,14.0,9.0,6.0,23.0,1,0.002242152466367713,1648.4654088050313,144464.2767857143,1,true
src/java/org/apache/log4j/PropertyConfigurator.java,447.0,20.0,108.0,16.0,95.0,49.0,4,0.008968609865470852,1768.7511230907455,144993.66066048265,4,true
src/java/org/apache/log4j/WriterAppender.java,266.0,7.0,140.0,20.0,30.0,48.0,1,0.002242152466367713,1648.4654088050313,144464.2767857143,1,true
src/java/org/apache/log4j/chainsaw/ChainsawCyclicBufferTableModel.java,474.0,20.0,517.0,42.0,121.0,100.0,1,0.002242152466367713,137.25,10299.005353061326,1,false
src/java/org/apache/log4j/chainsaw/ChainsawTabbedPane.java,62.0,4.0,15.0,6.0,9.0,11.0,1,0.002242152466367713,137.25,10299.005353061326,1,false
src/java/org/apache/log4j/chainsaw/ChainsawToolBarAndMenus.java,602.0,40.0,0.0,49.0,236.0,137.0,0,0.0,0.0,0.0,0,false
src/java/org/apache/log4j/chainsaw/FileLoadAction.java,97.0,16.0,3.0,6.0,32.0,17.0,0,0.0,0.0,0.0,0,true
src/java/org/apache/log4j/chainsaw/LogUI.java,1395.0,97.0,6401.0,118.0,758.0,273.0,2,0.004484304932735426,1785.7154088050313,154763.28213877563,2,false
src/java/org/apache/log4j/chainsaw/dnd/FileDnDTarget.java,130.0,17.0,80.0,16.0,28.0,26.0,1,0.002242152466367713,1648.4654088050313,144464.2767857143,1,false
src/java/org/apache/log4j/chainsaw/filter/FilterModel.java,25.0,2.0,0.0,2.0,18.0,5.0,0,0.0,0.0,0.0,0,false
src/java/org/apache/log4j/chainsaw/layout/EventDetailLayout.java,119.0,10.0,60.0,12.0,46.0,30.0,0,0.0,0.0,0.0,0,false
src/java/org/apache/log4j/chainsaw/layout/LayoutEditorPane.java,154.0,27.0,143.0,19.0,60.0,28.0,0,0.0,0.0,0.0,0,false
src/java/org/apache/log4j/chainsaw/messages/MessageCenter.java,151.0,31.0,126.0,20.0,39.0,27.0,2,0.004484304932735426,181.97727272727272,10460.79935332881,2,false
src/java/org/apache/log4j/chainsaw/receivers/ReceiversHelper.java,61.0,9.0,1.0,3.0,19.0,9.0,1,0.002242152466367713,137.25,10299.005353061326,1,false
src/java/org/apache/log4j/chainsaw/version/VersionManager.java,17.0,0.0,3.0,3.0,0.0,5.0,1,0.002242152466367713,137.25,10299.005353061326,1,true
src/java/org/apache/log4j/config/ConfiguratorBase.java,98.0,11.0,28.0,8.0,40.0,16.0,2,0.004484304932735426,1785.7154088050313,154763.28213877563,2,false
src/java/org/apache/log4j/config/PropertyGetter.java,53.0,3.0,0.0,4.0,11.0,12.0,1,0.002242152466367713,1648.4654088050313,144464.2767857143,1,true
src/java/org/apache/log4j/config/PropertyPrinter.java,90.0,3.0,6.0,9.0,31.0,20.0,1,0.002242152466367713,1648.4654088050313,144464.2767857143,1,true
src/java/org/apache/log4j/config/PropertySetter.java,283.0,9.0,35.0,15.0,74.0,54.0,1,0.002242152466367713,1648.4654088050313,144464.2767857143,1,true
src/java/org/apache/log4j/db/ConnectionSourceSkeleton.java,97.0,7.0,41.0,11.0,10.0,26.0,1,0.002242152466367713,1648.4654088050313,144464.2767857143,1,true
src/java/org/apache/log4j/db/DBAppender.java,237.0,12.0,18.0,9.0,54.0,21.0,1,0.002242152466367713,1648.4654088050313,144464.2767857143,1,true
src/java/org/apache/log4j/db/DBAppender2.java,212.0,14.0,32.0,13.0,78.0,37.0,1,0.002242152466367713,1648.4654088050313,144464.2767857143,1,false
src/java/org/apache/log4j/db/DBHelper.java,38.0,6.0,3.0,3.0,7.0,9.0,1,0.002242152466367713,1648.4654088050313,144464.2767857143,1,false
src/java/org/apache/log4j/db/DBReceiver.java,54.0,4.0,12.0,8.0,7.0,14.0,1,0.002242152466367713,1648.4654088050313,144464.2767857143,1,false
src/java/org/apache/log4j/db/DBReceiverJob.java,150.0,13.0,8.0,5.0,46.0,19.0,1,0.002242152466367713,1648.4654088050313,144464.2767857143,1,false
src/java/org/apache/log4j/db/DataSourceConnectionSource.java,56.0,3.0,0.0,4.0,7.0,13.0,1,0.002242152466367713,1648.4654088050313,144464.2767857143,1,true
src/java/org/apache/log4j/db/JNDIConnectionSource.java,112.0,7.0,9.0,7.0,8.0,22.0,1,0.002242152466367713,1648.4654088050313,144464.2767857143,1,true
src/java/org/apache/log4j/db/dialect/Util.java,88.0,5.0,10.0,5.0,10.0,20.0,1,0.002242152466367713,1648.4654088050313,144464.2767857143,1,true
src/java/org/apache/log4j/helpers/Constants.java,18.0,0.0,0.0,0.0,0.0,0.0,1,0.002242152466367713,1648.4654088050313,144464.2767857143,1,false
src/java/org/apache/log4j/helpers/FileWatchdog.java,74.0,3.0,4.0,5.0,9.0,11.0,1,0.002242152466367713,1648.4654088050313,144464.2767857143,1,true
src/java/org/apache/log4j/helpers/IntializationUtil.java,36.0,5.0,1.0,2.0,2.0,7.0,1,0.002242152466367713,1648.4654088050313,144464.2767857143,1,false
src/java/org/apache/log4j/helpers/JNDIUtil.java,19.0,3.0,1.0,2.0,1.0,7.0,0,0.0,0.0,0.0,0,false
src/java/org/apache/log4j/helpers/Loader.java,95.0,3.0,4.0,4.0,9.0,17.0,1,0.002242152466367713,1648.4654088050313,144464.2767857143,1,true
src/java/org/apache/log4j/helpers/LogLog.java,128.0,0.0,0.0,9.0,10.0,23.0,1,0.002242152466367713,1648.4654088050313,144464.2767857143,1,true
src/java/org/apache/log4j/helpers/MessageFormatter.java,93.0,0.0,0.0,2.0,12.0,10.0,1,0.002242152466367713,1648.4654088050313,144464.2767857143,1,false
src/java/org/apache/log4j/helpers/OnlyOnceErrorHandler.java,63.0,5.0,15.0,7.0,3.0,9.0,2,0.004484304932735426,1692.7511230907455,144804.81926867814,2,true
src/java/org/apache/log4j/helpers/OptionConverter.java,388.0,8.0,105.0,15.0,68.0,67.0,1,0.002242152466367713,1648.4654088050313,144464.2767857143,1,true
src/java/org/apache/log4j/helpers/PlatformInfo.java,59.0,1.0,0.0,4.0,6.0,18.0,0,0.0,0.0,0.0,0,false
src/java/org/apache/log4j/helpers/QuietWriter.java,40.0,5.0,0.0,5.0,5.0,11.0,1,0.002242152466367713,1648.4654088050313,144464.2767857143,1,true
src/java/org/apache/log4j/helpers/SyslogWriter.java,42.0,9.0,8.0,5.0,6.0,9.0,1,0.002242152466367713,1648.4654088050313,144464.2767857143,1,true
src/java/org/apache/log4j/html/HTMLLayout.java,283.0,5.0,129.0,19.0,23.0,46.0,1,0.002242152466367713,1648.4654088050313,144464.2767857143,1,false
src/java/org/apache/log4j/joran/JoranConfigurator.java,126.0,37.0,2.0,8.0,37.0,16.0,2,0.004484304932735426,1692.7511230907455,144804.81926867814,2,true
src/java/org/apache/log4j/joran/action/ActionBase.java,13.0,3.0,0.0,1.0,3.0,3.0,1,0.002242152466367713,1648.4654088050313,144464.2767857143,1,false
src/java/org/apache/log4j/joran/action/AppenderAction.java,56.0,10.0,1.0,3.0,18.0,10.0,1,0.002242152466367713,1648.4654088050313,144464.2767857143,1,false
src/java/org/apache/log4j/joran/action/AppenderRefAction.java,42.0,9.0,3.0,3.0,12.0,6.0,1,0.002242152466367713,1648.4654088050313,144464.2767857143,1,false
src/java/org/apache/log4j/joran/action/ConfigurationAction.java,25.0,6.0,1.0,3.0,9.0,6.0,1,0.002242152466367713,1648.4654088050313,144464.2767857143,1,true
src/java/org/apache/log4j/joran/action/ConversionRuleAction.java,50.0,8.0,3.0,3.0,8.0,6.0,1,0.002242152466367713,1648.4654088050313,144464.2767857143,1,false
src/java/org/apache/log4j/joran/action/LayoutAction.java,54.0,9.0,1.0,3.0,13.0,9.0,1,0.002242152466367713,1648.4654088050313,144464.2767857143,1,false
src/java/org/apache/log4j/joran/action/LevelAction.java,50.0,9.0,3.0,3.0,15.0,7.0,1,0.002242152466367713,1648.4654088050313,144464.2767857143,1,false
src/java/org/apache/log4j/joran/action/LoggerAction.java,50.0,10.0,1.0,3.0,19.0,8.0,1,0.002242152466367713,1648.4654088050313,144464.2767857143,1,false
src/java/org/apache/log4j/joran/action/PluginAction.java,57.0,10.0,1.0,3.0,18.0,10.0,1,0.002242152466367713,1648.4654088050313,144464.2767857143,1,false
src/java/org/apache/log4j/joran/action/PriorityAction.java,11.0,2.0,0.0,1.0,2.0,1.0,1,0.002242152466367713,1648.4654088050313,144464.2767857143,1,false
src/java/org/apache/log4j/joran/action/PropertyAction.java,48.0,10.0,10.0,5.0,11.0,10.0,1,0.002242152466367713,1648.4654088050313,144464.2767857143,1,false
src/java/org/apache/log4j/joran/action/RepositoryPropertyAction.java,26.0,4.0,3.0,3.0,8.0,7.0,1,0.002242152466367713,1648.4654088050313,144464.2767857143,1,false
src/java/org/apache/log4j/joran/action/RootLoggerAction.java,32.0,5.0,1.0,3.0,10.0,6.0,1,0.002242152466367713,1648.4654088050313,144464.2767857143,1,false
src/java/org/apache/log4j/multiplex/AppenderFactory.java,6.0,3.0,0.0,1.0,0.0,1.0,1,0.002242152466367713,44.72727272727273,161.794000267484,1,false
src/java/org/apache/log4j/multiplex/AppenderFactoryUtils.java,50.0,8.0,21.0,7.0,14.0,17.0,2,0.004484304932735426,1693.192681532304,144626.07078598178,2,false
src/java/org/apache/log4j/multiplex/MDCKeySelector.java,30.0,2.0,4.0,5.0,3.0,7.0,1,0.002242152466367713,44.72727272727273,161.794000267484,1,false
src/java/org/apache/log4j/multiplex/MultiplexAppender.java,34.0,3.0,13.0,6.0,6.0,10.0,1,0.002242152466367713,44.72727272727273,161.794000267484,1,false
src/java/org/apache/log4j/multiplex/MultiplexSelector.java,10.0,3.0,3.0,3.0,0.0,3.0,1,0.002242152466367713,44.72727272727273,161.794000267484,1,false
src/java/org/apache/log4j/multiplex/MultiplexSelectorSkeleton.java,33.0,6.0,2.0,4.0,9.0,8.0,1,0.002242152466367713,44.72727272727273,161.794000267484,1,false
src/java/org/apache/log4j/net/JMSAppender.java,305.0,15.0,279.0,27.0,25.0,60.0,2,0.004484304932735426,1785.7154088050313,154763.28213877563,2,true
src/java/org/apache/log4j/net/JMSSink.java,83.0,20.0,4.0,5.0,27.0,19.0,1,0.002242152466367713,1648.4654088050313,144464.2767857143,1,true
src/java/org/apache/log4j/net/MulticastAppender.java,247.0,9.0,185.0,23.0,31.0,50.0,1,0.002242152466367713,1648.4654088050313,144464.2767857143,1,false
src/java/org/apache/log4j/net/MulticastReceiver.java,187.0,13.0,50.0,13.0,10.0,24.0,1,0.002242152466367713,1648.4654088050313,144464.2767857143,1,false
src/java/org/apache/log4j/net/SMTPAppender.java,273.0,20.0,212.0,24.0,41.0,53.0,2,0.004484304932735426,1692.7511230907455,144804.81926867814,2,true
src/java/org/apache/log4j/net/SimpleSocketServer.java,57.0,6.0,1.0,3.0,18.0,10.0,1,0.002242152466367713,1648.4654088050313,144464.2767857143,1,true
src/java/org/apache/log4j/net/SocketAppender.java,333.0,9.0,128.0,21.0,37.0,45.0,1,0.002242152466367713,1648.4654088050313,144464.2767857143,1,true
src/java/org/apache/log4j/net/SocketHubAppender.java,326.0,12.0,61.0,14.0,25.0,33.0,2,0.004484304932735426,1692.7511230907455,144804.81926867814,2,true
src/java/org/apache/log4j/net/SocketHubReceiver.java,228.0,10.0,132.0,21.0,22.0,46.0,1,0.002242152466367713,1648.4654088050313,144464.2767857143,1,false
src/java/org/apache/log4j/net/SocketReceiver.java,283.0,16.0,159.0,22.0,53.0,49.0,1,0.002242152466367713,1648.4654088050313,144464.2767857143,1,false
src/java/org/apache/log4j/net/TelnetAppender.java,151.0,7.0,3.0,6.0,7.0,13.0,2,0.004484304932735426,1692.7511230907455,144804.81926867814,2,true
src/java/org/apache/log4j/net/UDPAppender.java,237.0,9.0,122.0,21.0,31.0,48.0,1,0.002242152466367713,1648.4654088050313,144464.2767857143,1,true
src/java/org/apache/log4j/net/UDPReceiver.java,186.0,11.0,27.0,10.0,8.0,21.0,1,0.002242152466367713,1648.4654088050313,144464.2767857143,1,false
src/java/org/apache/log4j/net/XMLSocketNode.java,147.0,9.0,0.0,4.0,28.0,15.0,1,0.002242152466367713,1648.4654088050313,144464.2767857143,1,false
src/java/org/apache/log4j/net/XMLSocketReceiver.java,187.0,9.0,97.0,19.0,35.0,41.0,1,0.002242152466367713,1648.4654088050313,144464.2767857143,1,false
src/java/org/apache/log4j/net/test/SocketMin.java,71.0,6.0,2.0,5.0,32.0,13.0,1,0.002242152466367713,1648.4654088050313,144464.2767857143,1,true
src/java/org/apache/log4j/net/test/SyslogMin.java,31.0,4.0,6.0,4.0,12.0,6.0,1,0.002242152466367713,1648.4654088050313,144464.2767857143,1,true
src/java/org/apache/log4j/nt/test/NTMin.java,25.0,5.0,6.0,4.0,11.0,4.0,1,0.002242152466367713,1648.4654088050313,144464.2767857143,1,false
src/java/org/apache/log4j/or/ObjectRenderer.java,11.0,0.0,0.0,1.0,0.0,1.0,1,0.002242152466367713,1648.4654088050313,144464.2767857143,1,true
src/java/org/apache/log4j/or/RendererMap.java,146.0,6.0,23.0,10.0,20.0,31.0,1,0.002242152466367713,1648.4654088050313,144464.2767857143,1,true
src/java/org/apache/log4j/or/jms/MessageRenderer.java,56.0,4.0,1.0,2.0,12.0,8.0,1,0.002242152466367713,1648.4654088050313,144464.2767857143,1,true
src/java/org/apache/log4j/pattern/ClassNamePatternConverter.java,28.0,2.0,6.0,4.0,2.0,10.0,1,0.002242152466367713,1648.4654088050313,144464.2767857143,1,true
src/java/org/apache/log4j/pattern/DatePatternConverter.java,63.0,7.0,6.0,5.0,7.0,14.0,2,0.004484304932735426,1785.7154088050313,154763.28213877563,2,false
src/java/org/apache/log4j/pattern/FileLocationPatternConverter.java,26.0,2.0,4.0,4.0,4.0,9.0,1,0.002242152466367713,1648.4654088050313,144464.2767857143,1,false
src/java/org/apache/log4j/pattern/FormattingInfo.java,17.0,0.0,0.0,1.0,0.0,1.0,1,0.002242152466367713,1648.4654088050313,144464.2767857143,1,false
src/java/org/apache/log4j/pattern/FullLocationPatternConverter.java,26.0,2.0,4.0,4.0,4.0,9.0,1,0.002242152466367713,1648.4654088050313,144464.2767857143,1,false
src/java/org/apache/log4j/pattern/LevelPatternConverter.java,43.0,2.0,4.0,4.0,7.0,10.0,1,0.002242152466367713,1648.4654088050313,144464.2767857143,1,false
src/java/org/apache/log4j/pattern/LineLocationPatternConverter.java,26.0,2.0,4.0,4.0,4.0,9.0,1,0.002242152466367713,1648.4654088050313,144464.2767857143,1,false
src/java/org/apache/log4j/pattern/LineSeparatorPatternConverter.java,21.0,2.0,4.0,4.0,1.0,7.0,1,0.002242152466367713,1648.4654088050313,144464.2767857143,1,false
src/java/org/apache/log4j/pattern/LiteralPatternConverter.java,19.0,1.0,4.0,4.0,2.0,7.0,1,0.002242152466367713,1648.4654088050313,144464.2767857143,1,false
src/java/org/apache/log4j/pattern/LoggerPatternConverter.java,17.0,1.0,6.0,4.0,1.0,8.0,1,0.002242152466367713,1648.4654088050313,144464.2767857143,1,true
src/java/org/apache/log4j/pattern/MessagePatternConverter.java,29.0,1.0,4.0,4.0,4.0,9.0,1,0.002242152466367713,1648.4654088050313,144464.2767857143,1,false
src/java/org/apache/log4j/pattern/MethodLocationPatternConverter.java,26.0,2.0,4.0,4.0,4.0,9.0,1,0.002242152466367713,1648.4654088050313,144464.2767857143,1,false
src/java/org/apache/log4j/pattern/NDCPatternConverter.java,22.0,1.0,4.0,4.0,3.0,7.0,1,0.002242152466367713,1648.4654088050313,144464.2767857143,1,false
src/java/org/apache/log4j/pattern/NamedPatternConverter.java,49.0,2.0,2.0,4.0,8.0,11.0,1,0.002242152466367713,1648.4654088050313,144464.2767857143,1,true
src/java/org/apache/log4j/pattern/PatternConverter.java,127.0,3.0,58.0,12.0,8.0,34.0,3,0.006726457399103139,1830.0011230907455,155103.82462173948,3,false
src/java/org/apache/log4j/pattern/PatternParser.java,261.0,3.0,9.0,10.0,33.0,37.0,2,0.004484304932735426,1692.7511230907455,144804.81926867814,2,true
src/java/org/apache/log4j/pattern/PropertiesPatternConverter.java,46.0,2.0,3.0,3.0,7.0,10.0,1,0.002242152466367713,1648.4654088050313,144464.2767857143,1,false
src/java/org/apache/log4j/pattern/RelativeTimePatternConverter.java,18.0,1.0,4.0,4.0,5.0,7.0,1,0.002242152466367713,1648.4654088050313,144464.2767857143,1,false
src/java/org/apache/log4j/pattern/SequenceNumberPatternConverter.java,18.0,1.0,4.0,4.0,4.0,7.0,1,0.002242152466367713,1648.4654088050313,144464.2767857143,1,false
src/java/org/apache/log4j/pattern/ThreadPatternConverter.java,23.0,1.0,4.0,4.0,3.0,7.0,1,0.002242152466367713,1648.4654088050313,144464.2767857143,1,false
src/java/org/apache/log4j/pattern/ThrowableInformationPatternConverter.java,46.0,2.0,6.0,4.0,5.0,13.0,1,0.002242152466367713,1648.4654088050313,144464.2767857143,1,false
src/java/org/apache/log4j/plugins/Receiver.java,85.0,5.0,4.0,5.0,13.0,13.0,1,0.002242152466367713,1648.4654088050313,144464.2767857143,1,true
src/java/org/apache/log4j/rolling/RollingFileAppender.java,96.0,6.0,0.0,8.0,15.0,18.0,1,0.002242152466367713,1648.4654088050313,144464.2767857143,1,true
src/java/org/apache/log4j/rolling/helpers/Util.java,57.0,7.0,3.0,3.0,14.0,12.0,1,0.002242152466367713,1648.4654088050313,144464.2767857143,1,false
src/java/org/apache/log4j/scheduler/Scheduler.java,161.0,2.0,24.0,12.0,26.0,36.0,1,0.002242152466367713,1648.4654088050313,144464.2767857143,1,false
src/java/org/apache/log4j/spi/ErrorItem.java,51.0,0.0,13.0,11.0,0.0,17.0,1,0.002242152466367713,1648.4654088050313,144464.2767857143,1,false
src/java/org/apache/log4j/spi/Filter.java,76.0,3.0,4.0,4.0,0.0,7.0,2,0.004484304932735426,1785.7154088050313,154763.28213877563,2,true
src/java/org/apache/log4j/spi/HierarchyEventListener.java,9.0,1.0,1.0,2.0,0.0,2.0,1,0.002242152466367713,1648.4654088050313,144464.2767857143,1,true
src/java/org/apache/log4j/spi/LoggerRepository.java,153.0,5.0,465.0,31.0,0.0,41.0,2,0.004484304932735426,1785.7154088050313,154763.28213877563,2,true
src/java/org/apache/log4j/spi/LoggingEvent.java,670.0,14.0,837.0,47.0,50.0,155.0,2,0.004484304932735426,1785.7154088050313,154763.28213877563,2,true
src/java/org/apache/log4j/spi/LoggingEventFieldResolver.java,144.0,4.0,3.0,6.0,33.0,20.0,0,0.0,0.0,0.0,0,false
src/java/org/apache/log4j/spi/RootCategory.java,37.0,1.0,3.0,3.0,2.0,6.0,1,0.002242152466367713,1648.4654088050313,144464.2767857143,1,true
src/java/org/apache/log4j/spi/RootLogger.java,40.0,1.0,3.0,3.0,2.0,6.0,2,0.004484304932735426,1674.4654088050313,144470.31828569924,2,true
src/java/org/apache/log4j/spi/ThrowableInformation.java,82.0,5.0,0.0,5.0,14.0,19.0,0,0.0,0.0,0.0,0,true
src/java/org/apache/log4j/spi/location/LegacyExtractor.java,134.0,4.0,15.0,6.0,23.0,23.0,1,0.002242152466367713,1648.4654088050313,144464.2767857143,1,false
src/java/org/apache/log4j/spi/location/LocationInfo.java,135.0,1.0,28.0,9.0,15.0,26.0,1,0.002242152466367713,1648.4654088050313,144464.2767857143,1,false
src/java/org/apache/log4j/spi/location/StackTraceElementExtractor.java,102.0,1.0,0.0,5.0,12.0,17.0,1,0.002242152466367713,1648.4654088050313,144464.2767857143,1,false
src/java/org/apache/log4j/varia/FallbackErrorHandler.java,91.0,6.0,21.0,10.0,15.0,17.0,1,0.002242152466367713,1648.4654088050313,144464.2767857143,1,true
src/java/org/apache/log4j/varia/LevelMatchFilter.java,60.0,4.0,0.0,5.0,4.0,10.0,1,0.002242152466367713,1648.4654088050313,144464.2767857143,1,true
src/java/org/apache/log4j/varia/ListAppender.java,42.0,4.0,0.0,4.0,4.0,7.0,2,0.004484304932735426,1693.192681532304,144626.07078598178,2,false
src/java/org/apache/log4j/varia/ListModelAppender.java,31.0,4.0,4.0,5.0,3.0,7.0,2,0.004484304932735426,1693.192681532304,144626.07078598178,2,false
src/java/org/apache/log4j/varia/LogFilePatternReceiver.java,580.0,30.0,263.0,27.0,96.0,79.0,2,0.004484304932735426,1785.7154088050313,154763.28213877563,2,true
src/java/org/apache/log4j/varia/test/Loop.java,36.0,2.0,4.0,4.0,12.0,8.0,1,0.002242152466367713,1648.4654088050313,144464.2767857143,1,true
src/java/org/apache/log4j/xml/Log4jEntityResolver.java,29.0,6.0,0.0,1.0,8.0,5.0,1,0.002242152466367713,1648.4654088050313,144464.2767857143,1,true
src/java/org/apache/log4j/xml/SAXErrorHandler.java,14.0,4.0,1.0,3.0,11.0,3.0,1,0.002242152466367713,1648.4654088050313,144464.2767857143,1,true
src/java/org/apache/log4j/xml/UtilLoggingEntityResolver.java,25.0,4.0,0.0,1.0,6.0,4.0,1,0.002242152466367713,1648.4654088050313,144464.2767857143,1,false
src/java/org/apache/log4j/xml/UtilLoggingXMLDecoder.java,297.0,27.0,28.0,9.0,69.0,35.0,2,0.004484304932735426,1785.7154088050313,154763.28213877563,2,false
src/java/org/apache/log4j/xml/XMLDecoder.java,304.0,25.0,28.0,9.0,70.0,36.0,1,0.002242152466367713,137.25,10299.005353061326,1,true
src/java/org/apache/log4j/xml/XMLLayout.java,123.0,8.0,4.0,5.0,23.0,12.0,0,0.0,0.0,0.0,0,true
src/java/org/apache/log4j/xml/examples/ReportParserError.java,19.0,0.0,6.0,4.0,9.0,4.0,1,0.002242152466367713,1648.4654088050313,144464.2767857143,1,true
src/java/org/apache/log4j/xml/examples/XMLSample.java,35.0,3.0,6.0,4.0,12.0,6.0,1,0.002242152466367713,1648.4654088050313,144464.2767857143,1,true
src/java/org/apache/log4j/xml/test/DOMTest.java,44.0,8.0,6.0,4.0,15.0,6.0,1,0.002242152466367713,1648.4654088050313,144464.2767857143,1,true
src/java/org/apache/ugli/Logger.java,52.0,0.0,190.0,20.0,0.0,26.0,1,0.002242152466367713,1648.4654088050313,144464.2767857143,1,false
src/java/org/apache/ugli/NullLogger.java,60.0,0.0,210.0,21.0,0.0,26.0,1,0.002242152466367713,1648.4654088050313,144464.2767857143,1,false
tests/src/java/org/apache/joran/InterpreterTest.java,223.0,33.0,46.0,12.0,115.0,30.0,2,0.004484304932735426,1720.4654088050313,144639.19064132497,2,false
tests/src/java/org/apache/log4j/AsyncAppenderTestCase.java,59.0,4.0,9.0,7.0,29.0,10.0,1,0.002242152466367713,1648.4654088050313,144464.2767857143,1,true
tests/src/java/org/apache/log4j/HierarchyThresholdTestCase.java,77.0,5.0,20.0,13.0,42.0,23.0,1,0.002242152466367713,1648.4654088050313,144464.2767857143,1,true
tests/src/java/org/apache/log4j/NDCTestCase.java,46.0,4.0,19.0,7.0,17.0,10.0,1,0.002242152466367713,1648.4654088050313,144464.2767857143,1,false
tests/src/java/org/apache/log4j/PatternLayoutTest.java,232.0,14.0,0.0,21.0,96.0,56.0,1,0.002242152466367713,1648.4654088050313,144464.2767857143,1,true
tests/src/java/org/apache/log4j/StressCategory.java,128.0,3.0,0.0,10.0,32.0,34.0,1,0.002242152466367713,1648.4654088050313,144464.2767857143,1,true
tests/src/java/org/apache/log4j/chainsaw/receivers/ReceiversHelperTest.java,21.0,11.0,1.0,2.0,5.0,3.0,0,0.0,0.0,0.0,0,false
tests/src/java/org/apache/log4j/customLogger/XLoggerTestCase.java,41.0,7.0,13.0,6.0,16.0,11.0,1,0.002242152466367713,1648.4654088050313,144464.2767857143,1,true
tests/src/java/org/apache/log4j/db/BindDataSourceToJNDIAction.java,53.0,11.0,3.0,3.0,9.0,6.0,1,0.002242152466367713,1648.4654088050313,144464.2767857143,1,false
tests/src/java/org/apache/log4j/db/DBPerfTest.java,31.0,5.0,6.0,4.0,6.0,7.0,1,0.002242152466367713,1648.4654088050313,144464.2767857143,1,false
tests/src/java/org/apache/log4j/db/FullCycleDBTest.java,167.0,18.0,35.0,11.0,70.0,39.0,1,0.002242152466367713,1648.4654088050313,144464.2767857143,1,false
tests/src/java/org/apache/log4j/helpers/MessageFormatterTest.java,40.0,2.0,1.0,2.0,4.0,4.0,1,0.002242152466367713,1648.4654088050313,144464.2767857143,1,false
tests/src/java/org/apache/log4j/helpers/OptionSubstitutionTest.java,99.0,4.0,36.0,12.0,26.0,16.0,1,0.002242152466367713,1648.4654088050313,144464.2767857143,1,false
tests/src/java/org/apache/log4j/html/Loop.java,36.0,3.0,1.0,2.0,13.0,5.0,1,0.002242152466367713,1648.4654088050313,144464.2767857143,1,false
tests/src/java/org/apache/log4j/joran/JoranConfiguratorTest.java,13.0,3.0,0.0,1.0,7.0,2.0,1,0.002242152466367713,1648.4654088050313,144464.2767857143,1,false
tests/src/java/org/apache/log4j/multiplex/MultiplexAppenderTest.java,52.0,14.0,10.0,5.0,20.0,9.0,1,0.002242152466367713,44.72727272727273,161.794000267484,1,false
tests/src/java/org/apache/log4j/net/ShortSocketServer.java,48.0,7.0,1.0,2.0,13.0,6.0,1,0.002242152466367713,1648.4654088050313,144464.2767857143,1,true
tests/src/java/org/apache/log4j/pattern/Num343PatternConverter.java,20.0,1.0,4.0,4.0,2.0,7.0,1,0.002242152466367713,1648.4654088050313,144464.2767857143,1,true
tests/src/java/org/apache/log4j/performance/LoggingLoop.java,128.0,3.0,7.0,7.0,33.0,19.0,1,0.002242152466367713,1648.4654088050313,144464.2767857143,1,false
tests/src/java/org/apache/log4j/performance/Loop.java,54.0,6.0,6.0,5.0,23.0,11.0,1,0.002242152466367713,1648.4654088050313,144464.2767857143,1,false
tests/src/java/org/apache/log4j/performance/NOPWriter.java,28.0,2.0,21.0,7.0,1.0,14.0,0,0.0,0.0,0.0,0,false
tests/src/java/org/apache/log4j/performance/NewVsSetLen.java,163.0,0.0,0.0,3.0,11.0,10.0,0,0.0,0.0,0.0,0,false
tests/src/java/org/apache/log4j/performance/NullAppender.java,33.0,3.0,15.0,6.0,1.0,9.0,0,0.0,0.0,0.0,0,false
tests/src/java/org/apache/log4j/performance/SystemTime.java,33.0,0.0,1.0,3.0,7.0,7.0,0,0.0,0.0,0.0,0,false
tests/src/java/org/apache/log4j/spi/location/LocationInfoTest.java,38.0,7.0,6.0,4.0,11.0,9.0,0,0.0,0.0,0.0,0,false
tests/src/java/org/apache/log4j/varia/ErrorHandlerTestCase.java,52.0,12.0,9.0,6.0,15.0,9.0,1,0.002242152466367713,1648.4654088050313,144464.2767857143,1,true
tests/src/java/org/apache/log4j/xml/CustomLevelTestCase.java,66.0,6.0,18.0,9.0,41.0,14.0,1,0.002242152466367713,1648.4654088050313,144464.2767857143,1,true
tests/src/java/org/apache/log4j/xml/DOMTestCase.java,64.0,15.0,9.0,6.0,22.0,10.0,1,0.002242152466367713,1648.4654088050313,144464.2767857143,1,true
