name,LOC,CBO,LCOM,NOM,RFC,WMC,numOfChanges,bccm,structuralWorkloadSum,semanticWorkloadSum,numberOfDeveloper,isBuggy
examples/src/joran/calculator/AddAction.java,37.0,5.0,3.0,3.0,5.0,8.0,0,0.0,0.0,0.0,0,false
examples/src/joran/calculator/Calculator1.java,33.0,7.0,0.0,1.0,9.0,4.0,0,0.0,0.0,0.0,0,false
examples/src/joran/calculator/Calculator2.java,28.0,7.0,0.0,1.0,9.0,4.0,0,0.0,0.0,0.0,0,false
examples/src/joran/calculator/ComputationAction1.java,31.0,4.0,0.0,2.0,4.0,5.0,0,0.0,0.0,0.0,0,false
examples/src/joran/calculator/ComputationAction2.java,44.0,5.0,0.0,2.0,6.0,4.0,0,0.0,0.0,0.0,0,false
examples/src/joran/calculator/LiteralAction.java,27.0,5.0,1.0,2.0,5.0,6.0,0,0.0,0.0,0.0,0,false
examples/src/joran/calculator/MultiplyAction.java,37.0,5.0,3.0,3.0,5.0,8.0,0,0.0,0.0,0.0,0,false
examples/src/joran/helloWorld/HelloWorld.java,20.0,6.0,0.0,1.0,4.0,2.0,0,0.0,0.0,0.0,0,false
examples/src/joran/helloWorld/HelloWorldAction.java,12.0,3.0,1.0,2.0,1.0,2.0,0,0.0,0.0,0.0,0,false
examples/src/joran/implicit/NOPAction.java,10.0,3.0,1.0,2.0,0.0,2.0,0,0.0,0.0,0.0,0,false
examples/src/joran/implicit/PrintMe.java,25.0,7.0,0.0,1.0,10.0,4.0,0,0.0,0.0,0.0,0,false
examples/src/joran/implicit/PrintMeImplicitAction.java,16.0,4.0,3.0,3.0,4.0,4.0,0,0.0,0.0,0.0,0,false
examples/src/joran/newRule/NewRuleCalculator.java,25.0,9.0,0.0,1.0,9.0,4.0,0,0.0,0.0,0.0,0,false
examples/src/pattern/CountingPatternConverter.java,9.0,2.0,1.0,2.0,2.0,3.0,1,0.0017921146953405018,944.338028169014,32798.44845315623,1,false
src/filtered-java/org/slf4j/LoggerFactory.java,22.0,0.0,0.0,4.0,6.0,8.0,3,0.005376344086021506,2349.0638698574535,108576.42416802634,3,false
src/filtered-java/org/slf4j/LoggerFactoryAdapter.java,19.0,0.0,1.0,2.0,0.0,3.0,3,0.005376344086021506,2349.0638698574535,108576.42416802634,3,false
src/filtered-java/org/slf4j/ULogger.java,54.0,0.0,190.0,20.0,0.0,27.0,3,0.005376344086021506,2349.0638698574535,108576.42416802634,3,false
src/filtered-java/org/slf4j/impl/JDK14Logger.java,167.0,3.0,0.0,21.0,52.0,52.0,3,0.005376344086021506,2349.0638698574535,108576.42416802634,3,false
src/filtered-java/org/slf4j/impl/JDK14LoggerFA.java,21.0,5.0,1.0,3.0,4.0,6.0,3,0.005376344086021506,2349.0638698574535,108576.42416802634,3,false
src/filtered-java/org/slf4j/impl/MessageFormatter.java,93.0,0.0,0.0,2.0,12.0,10.0,3,0.005376344086021506,2349.0638698574535,108576.42416802634,3,false
src/filtered-java/org/slf4j/impl/NOPLogger.java,60.0,1.0,210.0,21.0,0.0,26.0,3,0.005376344086021506,2349.0638698574535,108576.42416802634,3,false
src/filtered-java/org/slf4j/impl/NOPLoggerFA.java,14.0,2.0,3.0,3.0,0.0,5.0,3,0.005376344086021506,2349.0638698574535,108576.42416802634,3,false
src/filtered-java/org/slf4j/impl/SimpleLogger.java,207.0,1.0,215.0,23.0,29.0,41.0,3,0.005376344086021506,2349.0638698574535,108576.42416802634,3,false
src/filtered-java/org/slf4j/impl/SimpleLoggerFA.java,24.0,4.0,1.0,3.0,3.0,6.0,3,0.005376344086021506,2349.0638698574535,108576.42416802634,3,false
src/java/org/apache/log4j/AppenderSkeleton.java,223.0,5.0,103.0,19.0,12.0,50.0,3,0.005376344086021506,2994.587578690409,138147.67475981035,3,true
src/java/org/apache/log4j/AsyncAppender.java,167.0,5.0,23.0,15.0,23.0,36.0,2,0.0035842293906810036,2889.32831943115,137357.95549540975,2,true
src/java/org/apache/log4j/Category.java,1130.0,10.0,758.0,68.0,173.0,231.0,3,0.005376344086021506,3140.0975502003803,140465.8039139853,3,true
src/java/org/apache/log4j/ConsoleAppender.java,118.0,2.0,9.0,6.0,12.0,12.0,2,0.0035842293906810036,2889.32831943115,137357.95549540975,2,true
src/java/org/apache/log4j/DailyRollingFileAppender.java,234.0,6.0,0.0,25.0,32.0,52.0,4,0.007168458781362007,3013.587578690409,138344.6630059589,4,true
src/java/org/apache/log4j/FileAppender.java,203.0,2.0,41.0,15.0,18.0,35.0,2,0.0035842293906810036,2889.32831943115,137357.95549540975,2,true
src/java/org/apache/log4j/Hierarchy.java,555.0,20.0,746.0,44.0,111.0,114.0,1,0.0017921146953405018,1944.9902912621358,104559.50704225352,1,true
src/java/org/apache/log4j/LogManager.java,130.0,11.0,0.0,11.0,18.0,22.0,4,0.007168458781362007,3159.0975502003803,140662.79216013383,4,true
src/java/org/apache/log4j/Logger.java,172.0,2.0,25.0,10.0,28.0,32.0,3,0.005376344086021506,3140.0975502003803,140465.8039139853,3,true
src/java/org/apache/log4j/PatternLayout.java,410.0,12.0,5.0,7.0,17.0,20.0,3,0.005376344086021506,2994.587578690409,138147.67475981035,3,true
src/java/org/apache/log4j/PropertyConfigurator.java,484.0,21.0,141.0,18.0,105.0,53.0,3,0.005376344086021506,2301.0187812906256,108457.07472522967,3,true
src/java/org/apache/log4j/RollingFileAppender.java,286.0,8.0,0.0,30.0,38.0,62.0,3,0.005376344086021506,2994.587578690409,138147.67475981035,3,true
src/java/org/apache/log4j/WriterAppender.java,278.0,5.0,89.0,18.0,37.0,51.0,1,0.0017921146953405018,1944.9902912621358,104559.50704225352,1,true
src/java/org/apache/log4j/config/ConfiguratorBase.java,93.0,11.0,28.0,8.0,38.0,15.0,0,0.0,0.0,0.0,0,false
src/java/org/apache/log4j/config/PropertySetter.java,266.0,10.0,20.0,13.0,70.0,49.0,1,0.0017921146953405018,1944.9902912621358,104559.50704225352,1,true
src/java/org/apache/log4j/db/CustomSQLDBReceiver.java,313.0,15.0,79.0,15.0,14.0,28.0,0,0.0,0.0,0.0,0,false
src/java/org/apache/log4j/db/DBAppender.java,236.0,12.0,10.0,8.0,54.0,19.0,0,0.0,0.0,0.0,0,true
src/java/org/apache/log4j/db/DBReceiver.java,59.0,4.0,12.0,8.0,8.0,14.0,0,0.0,0.0,0.0,0,false
src/java/org/apache/log4j/db/DBReceiverJob.java,149.0,14.0,8.0,5.0,47.0,19.0,0,0.0,0.0,0.0,0,false
src/java/org/apache/log4j/db/dialect/HSQLDBDialect.java,10.0,0.0,0.0,1.0,0.0,2.0,0,0.0,0.0,0.0,0,false
src/java/org/apache/log4j/filter/AndFilter.java,76.0,2.0,2.0,4.0,4.0,11.0,0,0.0,0.0,0.0,0,false
src/java/org/apache/log4j/filter/ExpressionFilter.java,66.0,4.0,8.0,8.0,2.0,13.0,0,0.0,0.0,0.0,0,false
src/java/org/apache/log4j/filter/LevelMatchFilter.java,60.0,4.0,0.0,5.0,4.0,10.0,1,0.0017921146953405018,19.0,196.9882461485295,1,false
src/java/org/apache/log4j/filter/ReflectionFilter.java,52.0,8.0,0.0,1.0,14.0,6.0,1,0.0017921146953405018,105.25925925925925,789.719264400592,1,false
src/java/org/apache/log4j/helpers/Constants.java,29.0,0.0,0.0,0.0,0.0,0.0,0,0.0,0.0,0.0,0,false
src/java/org/apache/log4j/helpers/IntializationUtil.java,35.0,5.0,1.0,2.0,4.0,6.0,0,0.0,0.0,0.0,0,false
src/java/org/apache/log4j/helpers/LogLog.java,110.0,0.0,26.0,9.0,10.0,14.0,1,0.0017921146953405018,1944.9902912621358,104559.50704225352,1,true
src/java/org/apache/log4j/helpers/MessageFormatter.java,93.0,0.0,0.0,2.0,12.0,10.0,1,0.0017921146953405018,944.338028169014,32798.44845315623,1,false
src/java/org/apache/log4j/helpers/Option.java,9.0,0.0,0.0,1.0,1.0,2.0,0,0.0,0.0,0.0,0,false
src/java/org/apache/log4j/helpers/OptionConverter.java,412.0,10.0,120.0,16.0,71.0,73.0,2,0.0035842293906810036,2050.249550521395,105349.22630665412,2,true
src/java/org/apache/log4j/helpers/RelativeTimeDateFormat.java,35.0,5.0,4.0,4.0,3.0,8.0,2,0.0035842293906810036,2050.249550521395,105349.22630665412,2,true
src/java/org/apache/log4j/helpers/Transform.java,69.0,2.0,1.0,2.0,7.0,12.0,2,0.0035842293906810036,2050.249550521395,105349.22630665412,2,true
src/java/org/apache/log4j/html/HTMLLayout.java,312.0,10.0,117.0,18.0,32.0,46.0,1,0.0017921146953405018,944.338028169014,32798.44845315623,1,false
src/java/org/apache/log4j/joran/JoranConfigurator.java,142.0,38.0,59.0,15.0,43.0,30.0,0,0.0,0.0,0.0,0,true
src/java/org/apache/log4j/joran/action/Action.java,43.0,6.0,10.0,5.0,8.0,13.0,1,0.0017921146953405018,105.25925925925925,789.719264400592,1,false
src/java/org/apache/log4j/joran/action/ActionConst.java,18.0,0.0,0.0,0.0,0.0,0.0,0,0.0,0.0,0.0,0,false
src/java/org/apache/log4j/joran/action/AppenderAction.java,59.0,10.0,1.0,3.0,22.0,11.0,0,0.0,0.0,0.0,0,false
src/java/org/apache/log4j/joran/action/AppenderRefAction.java,44.0,9.0,3.0,3.0,12.0,7.0,0,0.0,0.0,0.0,0,false
src/java/org/apache/log4j/joran/action/ConfigurationAction.java,24.0,5.0,0.0,2.0,11.0,5.0,0,0.0,0.0,0.0,0,true
src/java/org/apache/log4j/joran/action/ConversionRuleAction.java,51.0,9.0,3.0,3.0,12.0,6.0,0,0.0,0.0,0.0,0,false
src/java/org/apache/log4j/joran/action/ImplicitAction.java,18.0,3.0,0.0,1.0,0.0,2.0,0,0.0,0.0,0.0,0,false
src/java/org/apache/log4j/joran/action/JndiSubstitutionPropertyAction.java,80.0,6.0,4.0,4.0,15.0,12.0,1,0.0017921146953405018,105.25925925925925,789.719264400592,1,false
src/java/org/apache/log4j/joran/action/LayoutAction.java,54.0,8.0,1.0,3.0,18.0,9.0,0,0.0,0.0,0.0,0,false
src/java/org/apache/log4j/joran/action/LevelAction.java,49.0,8.0,3.0,3.0,16.0,7.0,0,0.0,0.0,0.0,0,false
src/java/org/apache/log4j/joran/action/LoggerAction.java,49.0,9.0,1.0,3.0,20.0,8.0,0,0.0,0.0,0.0,0,false
src/java/org/apache/log4j/joran/action/NestComponentIA.java,81.0,11.0,0.0,4.0,27.0,14.0,0,0.0,0.0,0.0,0,false
src/java/org/apache/log4j/joran/action/NewRuleAction.java,44.0,5.0,3.0,3.0,10.0,6.0,0,0.0,0.0,0.0,0,false
src/java/org/apache/log4j/joran/action/ParamAction.java,32.0,4.0,3.0,3.0,9.0,5.0,0,0.0,0.0,0.0,0,false
src/java/org/apache/log4j/joran/action/PluginAction.java,55.0,8.0,1.0,3.0,21.0,10.0,0,0.0,0.0,0.0,0,false
src/java/org/apache/log4j/joran/action/PriorityAction.java,11.0,2.0,0.0,1.0,2.0,1.0,0,0.0,0.0,0.0,0,false
src/java/org/apache/log4j/joran/action/PropertyAction.java,47.0,8.0,10.0,5.0,11.0,10.0,0,0.0,0.0,0.0,0,false
src/java/org/apache/log4j/joran/action/RepositoryPropertyAction.java,17.0,3.0,1.0,2.0,5.0,3.0,0,0.0,0.0,0.0,0,false
src/java/org/apache/log4j/joran/action/RootLoggerAction.java,32.0,4.0,1.0,3.0,10.0,6.0,0,0.0,0.0,0.0,0,false
src/java/org/apache/log4j/joran/action/SubstitutionPropertyAction.java,13.0,2.0,1.0,2.0,2.0,2.0,0,0.0,0.0,0.0,0,false
src/java/org/apache/log4j/joran/spi/ActionException.java,34.0,0.0,0.0,4.0,0.0,6.0,0,0.0,0.0,0.0,0,false
src/java/org/apache/log4j/joran/spi/ExecutionContext.java,85.0,11.0,45.0,15.0,21.0,32.0,0,0.0,0.0,0.0,0,false
src/java/org/apache/log4j/joran/spi/Interpreter.java,261.0,20.0,252.0,28.0,63.0,73.0,2,0.0035842293906810036,1195.1072589382447,35906.296871731785,2,false
src/java/org/apache/log4j/joran/spi/JoranDocument.java,132.0,18.0,39.0,11.0,26.0,27.0,2,0.0035842293906810036,1195.1072589382447,35906.296871731785,2,false
src/java/org/apache/log4j/joran/spi/Pattern.java,119.0,1.0,0.0,12.0,25.0,36.0,0,0.0,0.0,0.0,0,false
src/java/org/apache/log4j/joran/spi/RuleStore.java,5.0,2.0,3.0,3.0,0.0,4.0,0,0.0,0.0,0.0,0,false
src/java/org/apache/log4j/joran/spi/SimpleRuleStore.java,57.0,7.0,6.0,5.0,14.0,12.0,0,0.0,0.0,0.0,0,false
src/java/org/apache/log4j/lbel/EventEvaluator.java,20.0,1.0,0.0,1.0,0.0,4.0,0,0.0,0.0,0.0,0,false
src/java/org/apache/log4j/lbel/LBELEventEvaluator.java,54.0,4.0,0.0,4.0,9.0,11.0,0,0.0,0.0,0.0,0,false
src/java/org/apache/log4j/lbel/Node.java,60.0,0.0,25.0,10.0,4.0,20.0,0,0.0,0.0,0.0,0,false
src/java/org/apache/log4j/lbel/Operator.java,62.0,0.0,0.0,4.0,0.0,10.0,0,0.0,0.0,0.0,0,false
src/java/org/apache/log4j/lbel/Parser.java,257.0,10.0,0.0,13.0,53.0,61.0,0,0.0,0.0,0.0,0,false
src/java/org/apache/log4j/lbel/ScanError.java,13.0,0.0,1.0,3.0,0.0,4.0,0,0.0,0.0,0.0,0,false
src/java/org/apache/log4j/lbel/Token.java,101.0,0.0,0.0,5.0,0.0,10.0,0,0.0,0.0,0.0,0,false
src/java/org/apache/log4j/lbel/TokenStream.java,144.0,5.0,0.0,4.0,13.0,17.0,0,0.0,0.0,0.0,0,true
src/java/org/apache/log4j/lbel/comparator/ClassComparator.java,16.0,4.0,1.0,2.0,2.0,5.0,0,0.0,0.0,0.0,0,false
src/java/org/apache/log4j/lbel/comparator/Comparator.java,14.0,1.0,0.0,1.0,0.0,4.0,0,0.0,0.0,0.0,0,false
src/java/org/apache/log4j/lbel/comparator/LevelComparator.java,40.0,2.0,0.0,2.0,3.0,6.0,0,0.0,0.0,0.0,0,false
src/java/org/apache/log4j/lbel/comparator/LoggerComparator.java,16.0,3.0,1.0,2.0,1.0,4.0,0,0.0,0.0,0.0,0,false
src/java/org/apache/log4j/lbel/comparator/MessageComparator.java,16.0,3.0,1.0,2.0,1.0,4.0,0,0.0,0.0,0.0,0,false
src/java/org/apache/log4j/lbel/comparator/MethodComparator.java,16.0,4.0,1.0,2.0,2.0,5.0,0,0.0,0.0,0.0,0,false
src/java/org/apache/log4j/lbel/comparator/PropertyComparator.java,21.0,3.0,0.0,3.0,1.0,6.0,0,0.0,0.0,0.0,0,false
src/java/org/apache/log4j/lbel/comparator/StringComparator.java,98.0,7.0,0.0,4.0,15.0,16.0,0,0.0,0.0,0.0,0,false
src/java/org/apache/log4j/lbel/comparator/TimestampComparator.java,30.0,2.0,0.0,2.0,2.0,5.0,0,0.0,0.0,0.0,0,false
src/java/org/apache/log4j/multiplex/MultiplexAppender.java,37.0,3.0,19.0,7.0,6.0,11.0,0,0.0,0.0,0.0,0,false
src/java/org/apache/log4j/net/JMSAppender.java,294.0,14.0,234.0,25.0,24.0,54.0,1,0.0017921146953405018,1944.9902912621358,104559.50704225352,1,true
src/java/org/apache/log4j/net/JMSReceiver.java,215.0,18.0,101.0,19.0,31.0,45.0,0,0.0,0.0,0.0,0,false
src/java/org/apache/log4j/net/MulticastAppender.java,232.0,8.0,140.0,20.0,27.0,48.0,0,0.0,0.0,0.0,0,false
src/java/org/apache/log4j/net/SMTPAppender.java,344.0,23.0,286.0,28.0,50.0,66.0,3,0.005376344086021506,2994.587578690409,138147.67475981035,3,true
src/java/org/apache/log4j/net/SocketAppender.java,327.0,8.0,114.0,20.0,38.0,46.0,1,0.0017921146953405018,1944.9902912621358,104559.50704225352,1,true
src/java/org/apache/log4j/net/SocketHubAppender.java,330.0,11.0,61.0,14.0,25.0,33.0,1,0.0017921146953405018,1944.9902912621358,104559.50704225352,1,true
src/java/org/apache/log4j/net/SocketHubReceiver.java,227.0,9.0,132.0,21.0,22.0,46.0,0,0.0,0.0,0.0,0,false
src/java/org/apache/log4j/net/SocketNode.java,156.0,14.0,17.0,10.0,32.0,22.0,1,0.0017921146953405018,1944.9902912621358,104559.50704225352,1,true
src/java/org/apache/log4j/net/SyslogAppender.java,227.0,13.0,41.0,14.0,29.0,38.0,1,0.0017921146953405018,1944.9902912621358,104559.50704225352,1,true
src/java/org/apache/log4j/net/TelnetAppender.java,174.0,6.0,9.0,7.0,10.0,17.0,1,0.0017921146953405018,1944.9902912621358,104559.50704225352,1,true
src/java/org/apache/log4j/net/UDPAppender.java,253.0,8.0,124.0,21.0,31.0,50.0,0,0.0,0.0,0.0,0,true
src/java/org/apache/log4j/net/XMLSocketNode.java,145.0,9.0,0.0,4.0,30.0,15.0,0,0.0,0.0,0.0,0,false
src/java/org/apache/log4j/net/XMLSocketReceiver.java,188.0,9.0,97.0,19.0,36.0,41.0,0,0.0,0.0,0.0,0,false
src/java/org/apache/log4j/or/RendererMap.java,140.0,5.0,14.0,9.0,19.0,30.0,2,0.0035842293906810036,2050.249550521395,105349.22630665412,2,true
src/java/org/apache/log4j/pattern/CachedDateFormat.java,242.0,6.0,6.0,9.0,22.0,32.0,1,0.0017921146953405018,944.338028169014,32798.44845315623,1,false
src/java/org/apache/log4j/pattern/ClassNamePatternConverter.java,40.0,3.0,3.0,3.0,5.0,9.0,1,0.0017921146953405018,944.338028169014,32798.44845315623,1,true
src/java/org/apache/log4j/pattern/DatePatternConverter.java,88.0,6.0,4.0,5.0,10.0,15.0,1,0.0017921146953405018,944.338028169014,32798.44845315623,1,false
src/java/org/apache/log4j/pattern/FileDatePatternConverter.java,26.0,1.0,1.0,2.0,1.0,4.0,1,0.0017921146953405018,944.338028169014,32798.44845315623,1,false
src/java/org/apache/log4j/pattern/FileLocationPatternConverter.java,35.0,3.0,3.0,3.0,3.0,6.0,1,0.0017921146953405018,944.338028169014,32798.44845315623,1,false
src/java/org/apache/log4j/pattern/FormattingInfo.java,96.0,0.0,1.0,6.0,5.0,15.0,1,0.0017921146953405018,944.338028169014,32798.44845315623,1,false
src/java/org/apache/log4j/pattern/FullLocationPatternConverter.java,35.0,3.0,3.0,3.0,3.0,6.0,1,0.0017921146953405018,944.338028169014,32798.44845315623,1,false
src/java/org/apache/log4j/pattern/IntegerPatternConverter.java,37.0,2.0,3.0,3.0,3.0,6.0,1,0.0017921146953405018,944.338028169014,32798.44845315623,1,false
src/java/org/apache/log4j/pattern/LevelPatternConverter.java,57.0,3.0,6.0,4.0,6.0,9.0,1,0.0017921146953405018,944.338028169014,32798.44845315623,1,false
src/java/org/apache/log4j/pattern/LineLocationPatternConverter.java,35.0,3.0,3.0,3.0,3.0,6.0,1,0.0017921146953405018,944.338028169014,32798.44845315623,1,false
src/java/org/apache/log4j/pattern/LineSeparatorPatternConverter.java,43.0,3.0,0.0,4.0,2.0,7.0,1,0.0017921146953405018,944.338028169014,32798.44845315623,1,false
src/java/org/apache/log4j/pattern/LiteralPatternConverter.java,31.0,1.0,0.0,3.0,2.0,5.0,1,0.0017921146953405018,944.338028169014,32798.44845315623,1,false
src/java/org/apache/log4j/pattern/LoggerPatternConverter.java,39.0,2.0,3.0,3.0,4.0,7.0,1,0.0017921146953405018,944.338028169014,32798.44845315623,1,true
src/java/org/apache/log4j/pattern/LoggingEventPatternConverter.java,40.0,1.0,6.0,4.0,1.0,12.0,1,0.0017921146953405018,944.338028169014,32798.44845315623,1,false
src/java/org/apache/log4j/pattern/MessagePatternConverter.java,32.0,2.0,3.0,3.0,2.0,5.0,1,0.0017921146953405018,944.338028169014,32798.44845315623,1,false
src/java/org/apache/log4j/pattern/MethodLocationPatternConverter.java,35.0,3.0,3.0,3.0,3.0,6.0,1,0.0017921146953405018,944.338028169014,32798.44845315623,1,false
src/java/org/apache/log4j/pattern/NDCPatternConverter.java,32.0,2.0,3.0,3.0,2.0,5.0,1,0.0017921146953405018,944.338028169014,32798.44845315623,1,false
src/java/org/apache/log4j/pattern/NameAbbreviator.java,210.0,2.0,1.0,3.0,6.0,10.0,1,0.0017921146953405018,944.338028169014,32798.44845315623,1,true
src/java/org/apache/log4j/pattern/NamePatternConverter.java,35.0,0.0,0.0,2.0,3.0,6.0,1,0.0017921146953405018,944.338028169014,32798.44845315623,1,false
src/java/org/apache/log4j/pattern/PatternConverter.java,55.0,0.0,2.0,4.0,0.0,9.0,1,0.0017921146953405018,944.338028169014,32798.44845315623,1,false
src/java/org/apache/log4j/pattern/PatternParser.java,488.0,9.0,28.0,8.0,47.0,43.0,1,0.0017921146953405018,944.338028169014,32798.44845315623,1,true
src/java/org/apache/log4j/pattern/PropertiesPatternConverter.java,60.0,3.0,1.0,3.0,7.0,12.0,1,0.0017921146953405018,944.338028169014,32798.44845315623,1,false
src/java/org/apache/log4j/pattern/RelativeTimePatternConverter.java,73.0,2.0,3.0,3.0,5.0,6.0,1,0.0017921146953405018,944.338028169014,32798.44845315623,1,false
src/java/org/apache/log4j/pattern/SequenceNumberPatternConverter.java,32.0,2.0,3.0,3.0,3.0,5.0,1,0.0017921146953405018,944.338028169014,32798.44845315623,1,false
src/java/org/apache/log4j/pattern/ThreadPatternConverter.java,32.0,2.0,3.0,3.0,2.0,5.0,1,0.0017921146953405018,944.338028169014,32798.44845315623,1,false
src/java/org/apache/log4j/pattern/ThrowableInformationPatternConverter.java,69.0,3.0,4.0,4.0,4.0,17.0,1,0.0017921146953405018,944.338028169014,32798.44845315623,1,false
src/java/org/apache/log4j/rolling/FilterBasedTriggeringPolicy.java,75.0,3.0,0.0,6.0,5.0,14.0,1,0.0017921146953405018,944.338028169014,32798.44845315623,1,true
src/java/org/apache/log4j/rolling/FixedWindowRollingPolicy.java,231.0,9.0,0.0,9.0,27.0,27.0,2,0.0035842293906810036,1049.5972874282734,33588.16771755682,2,true
src/java/org/apache/log4j/rolling/RollingFileAppender.java,343.0,9.0,28.0,12.0,39.0,33.0,1,0.0017921146953405018,944.338028169014,32798.44845315623,1,true
src/java/org/apache/log4j/rolling/RollingPolicy.java,29.0,1.0,1.0,2.0,0.0,10.0,1,0.0017921146953405018,944.338028169014,32798.44845315623,1,true
src/java/org/apache/log4j/rolling/RollingPolicyBase.java,120.0,9.0,10.0,9.0,10.0,22.0,1,0.0017921146953405018,944.338028169014,32798.44845315623,1,true
src/java/org/apache/log4j/rolling/RolloverDescription.java,29.0,1.0,6.0,4.0,0.0,12.0,1,0.0017921146953405018,944.338028169014,32798.44845315623,1,false
src/java/org/apache/log4j/rolling/RolloverDescriptionImpl.java,71.0,1.0,2.0,5.0,0.0,14.0,1,0.0017921146953405018,944.338028169014,32798.44845315623,1,false
src/java/org/apache/log4j/rolling/SizeBasedTriggeringPolicy.java,49.0,3.0,3.0,6.0,0.0,10.0,1,0.0017921146953405018,944.338028169014,32798.44845315623,1,true
src/java/org/apache/log4j/rolling/TimeBasedRollingPolicy.java,195.0,10.0,0.0,5.0,19.0,17.0,2,0.0035842293906810036,1049.5972874282734,33588.16771755682,2,true
src/java/org/apache/log4j/rolling/TriggeringPolicy.java,21.0,3.0,0.0,1.0,0.0,4.0,1,0.0017921146953405018,944.338028169014,32798.44845315623,1,true
src/java/org/apache/log4j/rolling/helper/Action.java,26.0,1.0,3.0,3.0,0.0,10.0,1,0.0017921146953405018,944.338028169014,32798.44845315623,1,false
src/java/org/apache/log4j/rolling/helper/ActionBase.java,60.0,1.0,11.0,6.0,2.0,14.0,1,0.0017921146953405018,944.338028169014,32798.44845315623,1,false
src/java/org/apache/log4j/rolling/helper/CompositeAction.java,78.0,3.0,0.0,3.0,5.0,13.0,1,0.0017921146953405018,944.338028169014,32798.44845315623,1,false
src/java/org/apache/log4j/rolling/helper/FileRenameAction.java,50.0,1.0,0.0,3.0,4.0,8.0,2,0.0035842293906810036,1049.5972874282734,33588.16771755682,2,false
src/java/org/apache/log4j/rolling/helper/GZCompressAction.java,91.0,6.0,0.0,4.0,10.0,16.0,1,0.0017921146953405018,944.338028169014,32798.44845315623,1,false
src/java/org/apache/log4j/rolling/helper/ZipCompressAction.java,93.0,7.0,0.0,4.0,12.0,16.0,1,0.0017921146953405018,944.338028169014,32798.44845315623,1,false
src/java/org/apache/log4j/rule/Rule.java,29.0,2.0,3.0,3.0,0.0,7.0,0,0.0,0.0,0.0,0,false
src/java/org/apache/log4j/selector/ContextJNDISelector.java,141.0,14.0,0.0,4.0,12.0,13.0,0,0.0,0.0,0.0,0,true
src/java/org/apache/log4j/selector/servlet/ContextDetachingSCL.java,39.0,10.0,1.0,2.0,10.0,4.0,0,0.0,0.0,0.0,0,false
src/java/org/apache/log4j/spi/ComponentBase.java,71.0,3.0,2.0,5.0,4.0,18.0,3,0.005376344086021506,1300.366518197504,36696.01613613238,3,false
src/java/org/apache/log4j/spi/DefaultRepositorySelector.java,24.0,1.0,0.0,4.0,1.0,9.0,1,0.0017921146953405018,1944.9902912621358,104559.50704225352,1,true
src/java/org/apache/log4j/spi/ErrorItem.java,74.0,1.0,14.0,13.0,3.0,20.0,1,0.0017921146953405018,105.25925925925925,789.719264400592,1,false
src/java/org/apache/log4j/spi/LoggerRepository.java,169.0,6.0,561.0,34.0,0.0,47.0,3,0.005376344086021506,2994.587578690409,138147.67475981035,3,true
src/java/org/apache/log4j/spi/LoggingEvent.java,645.0,14.0,696.0,44.0,50.0,148.0,2,0.0035842293906810036,2050.249550521395,105349.22630665412,2,true
src/java/org/apache/log4j/spi/NOPULogger.java,63.0,1.0,231.0,22.0,0.0,28.0,1,0.0017921146953405018,944.338028169014,32798.44845315623,1,false
src/java/org/apache/log4j/spi/RepositorySelector.java,37.0,0.0,3.0,3.0,0.0,6.0,1,0.0017921146953405018,1944.9902912621358,104559.50704225352,1,true
src/java/org/apache/log4j/spi/SimpleULogger.java,214.0,2.0,238.0,24.0,29.0,44.0,1,0.0017921146953405018,944.338028169014,32798.44845315623,1,false
src/java/org/apache/log4j/varia/ExternallyRolledFileAppender.java,159.0,6.0,0.0,5.0,5.0,11.0,2,0.0035842293906810036,2889.32831943115,137357.95549540975,2,true
src/java/org/apache/log4j/varia/ListAppender.java,48.0,4.0,4.0,5.0,4.0,8.0,0,0.0,0.0,0.0,0,false
src/java/org/apache/log4j/varia/ListModelAppender.java,34.0,4.0,4.0,5.0,3.0,6.0,0,0.0,0.0,0.0,0,false
src/java/org/apache/log4j/varia/LogFilePatternReceiverBeanInfo.java,13.0,2.0,0.0,1.0,0.0,3.0,0,0.0,0.0,0.0,0,false
src/java/org/apache/log4j/varia/NullAppender.java,30.0,2.0,10.0,5.0,0.0,6.0,1,0.0017921146953405018,1944.9902912621358,104559.50704225352,1,true
src/java/org/apache/log4j/varia/Roller.java,67.0,6.0,8.0,5.0,18.0,12.0,2,0.0035842293906810036,2889.32831943115,137357.95549540975,2,true
src/java/org/apache/log4j/watchdog/FileWatchdog.java,29.0,1.0,0.0,2.0,5.0,6.0,0,0.0,0.0,0.0,0,false
src/java/org/apache/log4j/watchdog/TimedURLWatchdog.java,106.0,3.0,16.0,9.0,14.0,18.0,0,0.0,0.0,0.0,0,false
src/java/org/apache/log4j/watchdog/Watchdog.java,37.0,1.0,3.0,3.0,0.0,8.0,0,0.0,0.0,0.0,0,false
src/java/org/apache/log4j/watchdog/WatchdogSkeleton.java,101.0,6.0,9.0,6.0,17.0,22.0,0,0.0,0.0,0.0,0,false
src/java/org/apache/log4j/xml/DOMConfigurator.java,110.0,11.0,6.0,4.0,7.0,4.0,3,0.005376344086021506,2908.32831943115,137554.9437415583,3,true
src/java/org/apache/log4j/xml/XMLDecoder.java,301.0,25.0,28.0,9.0,70.0,36.0,0,0.0,0.0,0.0,0,true
src/no-slf4j/org/apache/log4j/ULogger.java,53.0,0.0,190.0,20.0,0.0,27.0,1,0.0017921146953405018,944.338028169014,32798.44845315623,1,false
src/slf4j/org/apache/log4j/ULogger.java,8.0,0.0,0.0,0.0,0.0,0.0,1,0.0017921146953405018,944.338028169014,32798.44845315623,1,false
src/slf4j/org/slf4j/LoggerFactory.java,21.0,0.0,10.0,5.0,6.0,9.0,1,0.0017921146953405018,944.338028169014,32798.44845315623,1,false
tests/integration/src/java/SampleServlet.java,30.0,5.0,3.0,3.0,15.0,9.0,0,0.0,0.0,0.0,0,false
tests/integration/src/java/TestAppender.java,9.0,2.0,3.0,3.0,3.0,4.0,0,0.0,0.0,0.0,0,false
tests/integration/test/java/TestSampleServlet.java,20.0,4.0,10.0,5.0,3.0,9.0,0,0.0,0.0,0.0,0,false
tests/src/java/org/apache/log4j/AbstractAppenderTest.java,38.0,6.0,10.0,5.0,14.0,6.0,0,0.0,0.0,0.0,0,false
tests/src/java/org/apache/log4j/ConsoleAppenderTest.java,18.0,0.0,3.0,3.0,3.0,5.0,0,0.0,0.0,0.0,0,false
tests/src/java/org/apache/log4j/CoreTestSuite.java,20.0,3.0,0.0,1.0,1.0,2.0,2,0.0035842293906810036,1097.642375995101,33707.517160353476,2,true
tests/src/java/org/apache/log4j/EncodingTest.java,108.0,2.0,45.0,10.0,42.0,22.0,1,0.0017921146953405018,944.338028169014,32798.44845315623,1,true
tests/src/java/org/apache/log4j/FileAppenderTest.java,23.0,0.0,3.0,3.0,6.0,5.0,2,0.0035842293906810036,1097.642375995101,33707.517160353476,2,true
tests/src/java/org/apache/log4j/LoggerTest.java,284.0,7.0,69.0,15.0,77.0,19.0,1,0.0017921146953405018,944.338028169014,32798.44845315623,1,false
tests/src/java/org/apache/log4j/MinimumTest.java,138.0,5.0,9.0,7.0,24.0,13.0,0,0.0,0.0,0.0,0,false
tests/src/java/org/apache/log4j/PatternLayoutTest.java,235.0,14.0,0.0,21.0,96.0,56.0,0,0.0,0.0,0.0,0,true
tests/src/java/org/apache/log4j/VectorAppender.java,46.0,2.0,16.0,8.0,2.0,16.0,2,0.0035842293906810036,2889.32831943115,137357.95549540975,2,true
tests/src/java/org/apache/log4j/WriterAppenderTest.java,23.0,1.0,3.0,3.0,6.0,5.0,0,0.0,0.0,0.0,0,false
tests/src/java/org/apache/log4j/db/BindDataSourceToJNDIAction.java,53.0,11.0,3.0,3.0,9.0,6.0,0,0.0,0.0,0.0,0,false
tests/src/java/org/apache/log4j/db/FullCycleDBTest.java,173.0,17.0,46.0,12.0,76.0,41.0,0,0.0,0.0,0.0,0,false
tests/src/java/org/apache/log4j/helpers/LevelOptionConverterTest.java,49.0,7.0,36.0,9.0,11.0,10.0,0,0.0,0.0,0.0,0,false
tests/src/java/org/apache/log4j/helpers/OptionSubstitutionTest.java,113.0,4.0,48.0,13.0,28.0,17.0,0,0.0,0.0,0.0,0,false
tests/src/java/org/apache/log4j/html/Loop.java,36.0,3.0,1.0,2.0,13.0,5.0,0,0.0,0.0,0.0,0,false
tests/src/java/org/apache/log4j/joran/InterpreterTest.java,226.0,38.0,46.0,12.0,115.0,30.0,0,0.0,0.0,0.0,0,false
tests/src/java/org/apache/log4j/joran/JoranConfiguratorTest.java,66.0,14.0,15.0,7.0,25.0,11.0,0,0.0,0.0,0.0,0,false
tests/src/java/org/apache/log4j/joran/NOPAction.java,10.0,3.0,1.0,2.0,0.0,2.0,0,0.0,0.0,0.0,0,false
tests/src/java/org/apache/log4j/joran/PatternTest.java,57.0,2.0,36.0,9.0,20.0,12.0,0,0.0,0.0,0.0,0,false
tests/src/java/org/apache/log4j/joran/SimpleStoreTest.java,103.0,10.0,28.0,8.0,31.0,21.0,0,0.0,0.0,0.0,0,false
tests/src/java/org/apache/log4j/joran/SkippingInInterpreterTest.java,85.0,21.0,22.0,8.0,37.0,17.0,0,0.0,0.0,0.0,0,false
tests/src/java/org/apache/log4j/joran/action/BadBeginAction.java,9.0,3.0,3.0,3.0,0.0,4.0,0,0.0,0.0,0.0,0,false
tests/src/java/org/apache/log4j/joran/action/BadEndAction.java,7.0,3.0,1.0,2.0,0.0,3.0,0,0.0,0.0,0.0,0,false
tests/src/java/org/apache/log4j/joran/action/HelloAction.java,17.0,3.0,3.0,3.0,3.0,3.0,0,0.0,0.0,0.0,0,false
tests/src/java/org/apache/log4j/joran/action/StackCounterAction.java,23.0,5.0,6.0,4.0,2.0,4.0,0,0.0,0.0,0.0,0,false
tests/src/java/org/apache/log4j/joran/action/TouchAction.java,23.0,3.0,3.0,3.0,4.0,5.0,0,0.0,0.0,0.0,0,false
tests/src/java/org/apache/log4j/lbel/CoreParserTest.java,65.0,4.0,0.0,16.0,25.0,31.0,0,0.0,0.0,0.0,0,false
tests/src/java/org/apache/log4j/lbel/CountingReader.java,48.0,2.0,5.0,6.0,2.0,15.0,0,0.0,0.0,0.0,0,false
tests/src/java/org/apache/log4j/lbel/CountingReaderTest.java,102.0,3.0,21.0,7.0,16.0,13.0,0,0.0,0.0,0.0,0,false
tests/src/java/org/apache/log4j/lbel/EventEvaluationTest.java,135.0,6.0,0.0,12.0,23.0,25.0,0,0.0,0.0,0.0,0,false
tests/src/java/org/apache/log4j/lbel/ParserTest.java,66.0,5.0,15.0,10.0,20.0,19.0,0,0.0,0.0,0.0,0,false
tests/src/java/org/apache/log4j/lbel/ScanErrorTest.java,14.0,1.0,3.0,3.0,0.0,5.0,0,0.0,0.0,0.0,0,false
tests/src/java/org/apache/log4j/lbel/TokenStreamTest.java,216.0,3.0,0.0,14.0,60.0,27.0,0,0.0,0.0,0.0,0,false
tests/src/java/org/apache/log4j/net/SMTPAppenderTest.java,19.0,2.0,3.0,3.0,4.0,5.0,0,0.0,0.0,0.0,0,true
tests/src/java/org/apache/log4j/pattern/FormattingInfoTest.java,61.0,1.0,15.0,6.0,20.0,10.0,1,0.0017921146953405018,944.338028169014,32798.44845315623,1,true
tests/src/java/org/apache/log4j/pattern/NameAbbreviatorTest.java,237.0,1.0,45.0,10.0,53.0,12.0,1,0.0017921146953405018,944.338028169014,32798.44845315623,1,true
tests/src/java/org/apache/log4j/pattern/Num343PatternConverter.java,12.0,2.0,3.0,3.0,1.0,5.0,1,0.0017921146953405018,944.338028169014,32798.44845315623,1,true
tests/src/java/org/apache/log4j/pattern/PatternParserTest.java,112.0,17.0,0.0,15.0,61.0,34.0,2,0.0035842293906810036,1049.5972874282734,33588.16771755682,2,true
tests/src/java/org/apache/log4j/performance/NullAppender.java,29.0,3.0,10.0,5.0,1.0,7.0,0,0.0,0.0,0.0,0,false
tests/src/java/org/apache/log4j/rolling/FilterBasedRollingTest.java,77.0,10.0,15.0,6.0,30.0,12.0,1,0.0017921146953405018,944.338028169014,32798.44845315623,1,false
tests/src/java/org/apache/log4j/rolling/ObsoleteDailyRollingFileAppenderTest.java,61.0,6.0,13.0,6.0,19.0,13.0,1,0.0017921146953405018,944.338028169014,32798.44845315623,1,true
tests/src/java/org/apache/log4j/rolling/ObsoleteRollingFileAppenderTest.java,57.0,6.0,8.0,5.0,15.0,13.0,1,0.0017921146953405018,944.338028169014,32798.44845315623,1,true
tests/src/java/org/apache/log4j/rolling/RenamingTest.java,48.0,8.0,4.0,4.0,17.0,10.0,1,0.0017921146953405018,944.338028169014,32798.44845315623,1,false
tests/src/java/org/apache/log4j/rolling/SizeBasedRollingTest.java,253.0,11.0,3.0,10.0,95.0,35.0,2,0.0035842293906810036,1049.5972874282734,33588.16771755682,2,true
tests/src/java/org/apache/log4j/rolling/TimeBasedRollingTest.java,352.0,12.0,35.0,14.0,142.0,33.0,1,0.0017921146953405018,944.338028169014,32798.44845315623,1,true
tests/src/java/org/apache/log4j/rolling/helper/CompressTestCase.java,20.0,3.0,3.0,3.0,6.0,6.0,1,0.0017921146953405018,944.338028169014,32798.44845315623,1,false
tests/src/java/org/apache/log4j/rolling/helper/FileNamePatternTestCase.java,100.0,5.0,171.0,19.0,23.0,28.0,1,0.0017921146953405018,944.338028169014,32798.44845315623,1,true
tests/src/java/org/apache/log4j/spi/LoggingEventTest.java,144.0,7.0,66.0,12.0,54.0,29.0,2,0.0035842293906810036,1097.642375995101,33707.517160353476,2,true
tests/src/java/org/apache/log4j/util/BinaryCompare.java,30.0,4.0,1.0,2.0,3.0,7.0,1,0.0017921146953405018,944.338028169014,32798.44845315623,1,true
tests/src/java/org/apache/log4j/varia/ExternallyRolledFileAppenderTest.java,85.0,10.0,11.0,6.0,26.0,15.0,1,0.0017921146953405018,944.338028169014,32798.44845315623,1,false
tests/src/java/org/apache/log4j/watchdog/FileWatchdogTestCase.java,124.0,12.0,71.0,14.0,48.0,37.0,0,0.0,0.0,0.0,0,false
tests/src/java/org/apache/log4j/xml/DOMTest.java,107.0,11.0,16.0,8.0,44.0,17.0,1,0.0017921146953405018,944.338028169014,32798.44845315623,1,true
tests/src/java/org/apache/log4j/xml/SchemaTestCase.java,97.0,11.0,4.0,4.0,15.0,12.0,0,0.0,0.0,0.0,0,false
tests/src/java/org/apache/ugli/InvokingUGLI.java,28.0,3.0,10.0,5.0,5.0,8.0,2,0.0035842293906810036,1195.1072589382447,35906.296871731785,2,true
