name,LOC,CBO,LCOM,NOM,RFC,WMC,numOfChanges,bccm,structuralWorkloadSum,semanticWorkloadSum,numberOfDeveloper,isBuggy
examples/src/factor/NumberCruncherClient.java,68.0,3.0,3.0,3.0,12.0,12.0,0,0.0,0.0,0.0,0,false
examples/src/subclass/MyLogger.java,33.0,2.0,4.0,4.0,1.0,5.0,0,0.0,0.0,0.0,0,false
examples/src/subclass/MyLoggerFactory.java,17.0,2.0,1.0,2.0,0.0,4.0,0,0.0,0.0,0.0,0,false
examples/src/subclass/MyLoggerTest.java,53.0,3.0,1.0,2.0,15.0,7.0,0,0.0,0.0,0.0,0,false
src/java/org/apache/log4j/AppenderSkeleton.java,254.0,5.0,157.0,22.0,13.0,56.0,1,0.019230769230769232,248.7027027027027,2968.222222222222,1,true
src/java/org/apache/log4j/Category.java,1140.0,10.0,794.0,69.0,173.0,232.0,0,0.0,0.0,0.0,0,true
src/java/org/apache/log4j/FileAppender.java,234.0,7.0,64.0,17.0,24.0,40.0,1,0.019230769230769232,248.7027027027027,2968.222222222222,1,true
src/java/org/apache/log4j/HTMLLayout.java,358.0,13.0,152.0,20.0,31.0,49.0,0,0.0,0.0,0.0,0,true
src/java/org/apache/log4j/PatternLayout.java,400.0,4.0,12.0,8.0,10.0,21.0,1,0.019230769230769232,248.7027027027027,2968.222222222222,1,true
src/java/org/apache/log4j/WriterAppender.java,325.0,7.0,130.0,21.0,35.0,55.0,1,0.019230769230769232,248.7027027027027,2968.222222222222,1,true
src/java/org/apache/log4j/config/ConfigWatchdog.java,81.0,1.0,55.0,11.0,0.0,21.0,0,0.0,0.0,0.0,0,false
src/java/org/apache/log4j/config/PropertyPrinter.java,98.0,7.0,3.0,10.0,37.0,23.0,0,0.0,0.0,0.0,0,true
src/java/org/apache/log4j/config/PropertySetter.java,286.0,15.0,21.0,15.0,72.0,53.0,0,0.0,0.0,0.0,0,true
src/java/org/apache/log4j/config/PropertySetterException.java,26.0,0.0,1.0,3.0,1.0,6.0,0,0.0,0.0,0.0,0,true
src/java/org/apache/log4j/db/DBAppender.java,281.0,13.0,18.0,9.0,55.0,23.0,0,0.0,0.0,0.0,0,true
src/java/org/apache/log4j/db/dialect/Util.java,84.0,4.0,6.0,4.0,11.0,17.0,0,0.0,0.0,0.0,0,true
src/java/org/apache/log4j/filter/DenyAllFilter.java,34.0,2.0,3.0,3.0,0.0,6.0,0,0.0,0.0,0.0,0,false
src/java/org/apache/log4j/filter/LevelRangeFilter.java,87.0,3.0,3.0,7.0,3.0,13.0,0,0.0,0.0,0.0,0,false
src/java/org/apache/log4j/filter/StringMatchFilter.java,44.0,2.0,0.0,5.0,2.0,10.0,0,0.0,0.0,0.0,0,true
src/java/org/apache/log4j/helpers/BoundedFIFO.java,115.0,1.0,0.0,10.0,2.0,28.0,1,0.019230769230769232,248.7027027027027,2968.222222222222,1,true
src/java/org/apache/log4j/helpers/CyclicBuffer.java,99.0,1.0,0.0,7.0,0.0,22.0,0,0.0,0.0,0.0,0,true
src/java/org/apache/log4j/helpers/FormattingInfo.java,21.0,0.0,0.0,2.0,1.0,2.0,1,0.019230769230769232,248.7027027027027,2968.222222222222,1,true
src/java/org/apache/log4j/helpers/NullEnumeration.java,19.0,2.0,6.0,4.0,0.0,7.0,0,0.0,0.0,0.0,0,true
src/java/org/apache/log4j/helpers/PatternConverter.java,67.0,1.0,8.0,5.0,6.0,13.0,1,0.019230769230769232,248.7027027027027,2968.222222222222,1,true
src/java/org/apache/log4j/helpers/PatternParser.java,387.0,6.0,3.0,7.0,27.0,31.0,1,0.019230769230769232,248.7027027027027,2968.222222222222,1,true
src/java/org/apache/log4j/helpers/ThreadLocalMap.java,17.0,1.0,0.0,1.0,1.0,4.0,0,0.0,0.0,0.0,0,true
src/java/org/apache/log4j/jdbc/JDBCAppender.java,244.0,9.0,170.0,21.0,36.0,48.0,0,0.0,0.0,0.0,0,true
src/java/org/apache/log4j/jmx/AbstractDynamicMBean.java,62.0,10.0,19.0,7.0,18.0,18.0,0,0.0,0.0,0.0,0,true
src/java/org/apache/log4j/jmx/Agent.java,21.0,5.0,1.0,2.0,5.0,5.0,0,0.0,0.0,0.0,0,true
src/java/org/apache/log4j/jmx/AppenderDynamicMBean.java,154.0,25.0,0.0,10.0,48.0,41.0,0,0.0,0.0,0.0,0,true
src/java/org/apache/log4j/jmx/HierarchyDynamicMBean.java,132.0,26.0,27.0,15.0,44.0,42.0,0,0.0,0.0,0.0,0,true
src/java/org/apache/log4j/jmx/LayoutDynamicMBean.java,115.0,25.0,0.0,8.0,32.0,33.0,0,0.0,0.0,0.0,0,true
src/java/org/apache/log4j/jmx/LoggerDynamicMBean.java,125.0,22.0,16.0,12.0,40.0,30.0,0,0.0,0.0,0.0,0,true
src/java/org/apache/log4j/jmx/MethodUnion.java,8.0,1.0,0.0,1.0,0.0,1.0,0,0.0,0.0,0.0,0,true
src/java/org/apache/log4j/joran/JoranConfigurator.java,141.0,38.0,59.0,15.0,43.0,30.0,2,0.038461538461538464,316.5208845208845,3067.222222222222,2,true
src/java/org/apache/log4j/net/JMSAppender.java,332.0,14.0,349.0,30.0,25.0,68.0,0,0.0,0.0,0.0,0,true
src/java/org/apache/log4j/net/JMSReceiver.java,215.0,18.0,101.0,19.0,31.0,45.0,0,0.0,0.0,0.0,0,false
src/java/org/apache/log4j/net/JMSSink.java,83.0,20.0,4.0,5.0,27.0,19.0,0,0.0,0.0,0.0,0,true
src/java/org/apache/log4j/net/SMTPAppender.java,346.0,23.0,286.0,28.0,50.0,66.0,0,0.0,0.0,0.0,0,true
src/java/org/apache/log4j/net/SocketHubReceiver.java,227.0,9.0,132.0,21.0,22.0,46.0,0,0.0,0.0,0.0,0,false
src/java/org/apache/log4j/net/SocketNode.java,155.0,14.0,17.0,10.0,32.0,22.0,1,0.019230769230769232,248.7027027027027,2968.222222222222,1,true
src/java/org/apache/log4j/net/SyslogAppender.java,325.0,12.0,90.0,20.0,35.0,53.0,1,0.019230769230769232,248.7027027027027,2968.222222222222,1,true
src/java/org/apache/log4j/net/UDPAppender.java,253.0,8.0,124.0,21.0,31.0,50.0,0,0.0,0.0,0.0,0,true
src/java/org/apache/log4j/net/test/Loop.java,32.0,2.0,1.0,2.0,13.0,6.0,0,0.0,0.0,0.0,0,true
src/java/org/apache/log4j/net/test/SMTPMin.java,28.0,1.0,6.0,4.0,17.0,6.0,0,0.0,0.0,0.0,0,true
src/java/org/apache/log4j/net/test/SocketMin.java,71.0,6.0,2.0,5.0,32.0,13.0,0,0.0,0.0,0.0,0,true
src/java/org/apache/log4j/net/test/SyslogMin.java,31.0,4.0,6.0,4.0,12.0,6.0,0,0.0,0.0,0.0,0,true
src/java/org/apache/log4j/nt/NTEventLogAppender.java,116.0,6.0,58.0,16.0,15.0,25.0,0,0.0,0.0,0.0,0,true
src/java/org/apache/log4j/or/ThreadGroupRenderer.java,48.0,1.0,1.0,2.0,8.0,6.0,0,0.0,0.0,0.0,0,true
src/java/org/apache/log4j/or/sax/AttributesRenderer.java,35.0,2.0,1.0,2.0,5.0,6.0,0,0.0,0.0,0.0,0,true
src/java/org/apache/log4j/pattern/BridgePatternConverter.java,87.0,9.0,2.0,4.0,13.0,14.0,1,0.019230769230769232,248.7027027027027,2968.222222222222,1,false
src/java/org/apache/log4j/pattern/BridgePatternParser.java,34.0,2.0,0.0,2.0,0.0,3.0,1,0.019230769230769232,248.7027027027027,2968.222222222222,1,false
src/java/org/apache/log4j/pattern/NameAbbreviator.java,211.0,2.0,1.0,3.0,6.0,10.0,0,0.0,0.0,0.0,0,true
src/java/org/apache/log4j/plugins/Receiver.java,72.0,4.0,0.0,4.0,10.0,10.0,1,0.019230769230769232,248.7027027027027,2968.222222222222,1,true
src/java/org/apache/log4j/rolling/helper/GZCompressAction.java,91.0,6.0,0.0,4.0,10.0,16.0,0,0.0,0.0,0.0,0,false
src/java/org/apache/log4j/selector/ContextJNDISelector.java,141.0,14.0,0.0,4.0,12.0,13.0,0,0.0,0.0,0.0,0,true
src/java/org/apache/log4j/spi/Configurator.java,25.0,3.0,0.0,1.0,0.0,1.0,0,0.0,0.0,0.0,0,true
src/java/org/apache/log4j/spi/LoggingEvent.java,685.0,16.0,771.0,46.0,53.0,154.0,0,0.0,0.0,0.0,0,true
src/java/org/apache/log4j/spi/ThrowableInformation.java,91.0,5.0,1.0,6.0,14.0,22.0,0,0.0,0.0,0.0,0,true
src/java/org/apache/log4j/varia/FallbackErrorHandler.java,25.0,4.0,21.0,7.0,0.0,7.0,0,0.0,0.0,0.0,0,true
src/java/org/apache/log4j/varia/LogFilePatternReceiver.java,638.0,32.0,302.0,29.0,110.0,86.0,0,0.0,0.0,0.0,0,true
src/java/org/apache/log4j/varia/StringMatchFilter.java,39.0,0.0,0.0,2.0,4.0,6.0,0,0.0,0.0,0.0,0,true
src/java/org/apache/log4j/watchdog/FileWatchdog.java,70.0,2.0,0.0,5.0,13.0,17.0,1,0.019230769230769232,67.81818181818181,99.0,1,false
src/java/org/apache/log4j/watchdog/TimedLocationWatchdog.java,102.0,3.0,9.0,7.0,17.0,20.0,1,0.019230769230769232,67.81818181818181,99.0,1,false
src/java/org/apache/log4j/watchdog/WatchdogSkeleton.java,77.0,6.0,4.0,5.0,9.0,17.0,1,0.019230769230769232,67.81818181818181,99.0,1,false
src/java/org/apache/log4j/xml/LogFileXMLReceiver.java,209.0,15.0,47.0,15.0,47.0,45.0,1,0.019230769230769232,0.0,2.0,1,false
src/java/org/apache/log4j/xml/LogFileXMLReceiverBeanInfo.java,13.0,2.0,0.0,1.0,0.0,3.0,1,0.019230769230769232,0.0,2.0,1,false
src/java/org/apache/log4j/xml/XMLLayout.java,127.0,8.0,4.0,5.0,23.0,13.0,1,0.019230769230769232,248.7027027027027,2968.222222222222,1,true
tests/src/java/org/apache/log4j/AsyncAppenderTestCase.java,421.0,4.0,0.0,21.0,113.0,45.0,1,0.019230769230769232,248.7027027027027,2968.222222222222,1,true
tests/src/java/org/apache/log4j/CategoryTest.java,79.0,2.0,15.0,6.0,14.0,10.0,1,0.019230769230769232,248.7027027027027,2968.222222222222,1,true
tests/src/java/org/apache/log4j/FileAppenderTest.java,67.0,2.0,21.0,7.0,21.0,12.0,1,0.019230769230769232,248.7027027027027,2968.222222222222,1,true
tests/src/java/org/apache/log4j/HierarchyThresholdTestCase.java,77.0,5.0,20.0,13.0,42.0,23.0,0,0.0,0.0,0.0,0,true
tests/src/java/org/apache/log4j/MyPatternLayout.java,23.0,1.0,3.0,3.0,0.0,4.0,1,0.019230769230769232,248.7027027027027,2968.222222222222,1,true
tests/src/java/org/apache/log4j/MyPatternParser.java,37.0,4.0,1.0,2.0,2.0,5.0,1,0.019230769230769232,248.7027027027027,2968.222222222222,1,true
tests/src/java/org/apache/log4j/PatternLayoutTestCase.java,228.0,14.0,0.0,21.0,100.0,57.0,1,0.019230769230769232,248.7027027027027,2968.222222222222,1,true
tests/src/java/org/apache/log4j/StressCategory.java,128.0,3.0,0.0,10.0,32.0,34.0,0,0.0,0.0,0.0,0,true
tests/src/java/org/apache/log4j/defaultInit/TestCase3.java,18.0,3.0,6.0,4.0,8.0,4.0,0,0.0,0.0,0.0,0,true
tests/src/java/org/apache/log4j/nt/NTEventLogAppenderTest.java,26.0,5.0,1.0,2.0,8.0,2.0,0,0.0,0.0,0.0,0,false
tests/src/java/org/apache/log4j/performance/GetLoggerTest.java,45.0,1.0,0.0,1.0,7.0,3.0,0,0.0,0.0,0.0,0,false
tests/src/java/org/apache/log4j/performance/NOPWriter.java,28.0,2.0,21.0,7.0,1.0,14.0,0,0.0,0.0,0.0,0,false
tests/src/java/org/apache/log4j/performance/NewVsSetLen.java,163.0,0.0,0.0,3.0,11.0,10.0,0,0.0,0.0,0.0,0,false
tests/src/java/org/apache/log4j/performance/SystemTime.java,33.0,0.0,1.0,3.0,7.0,7.0,0,0.0,0.0,0.0,0,false
tests/src/java/org/apache/log4j/spi/LoggingEventTest.java,132.0,7.0,55.0,11.0,49.0,28.0,0,0.0,0.0,0.0,0,true
tests/src/java/org/apache/log4j/util/Transformer.java,26.0,2.0,1.0,2.0,6.0,9.0,0,0.0,0.0,0.0,0,true
tests/src/java/org/apache/log4j/util/UnexpectedFormatException.java,5.0,0.0,0.0,1.0,0.0,1.0,0,0.0,0.0,0.0,0,true
tests/src/java/org/apache/log4j/watchdog/FileWatchdogTestCase.java,158.0,11.0,35.0,10.0,64.0,34.0,1,0.019230769230769232,67.81818181818181,99.0,1,false
