name,LOC,CBO,LCOM,NOM,RFC,WMC,numOfChanges,bccm,structuralWorkloadSum,semanticWorkloadSum,numberOfDeveloper,isBuggy
contribs/CekiGulcu/AppenderTable.java,89.0,19.0,3.0,3.0,15.0,8.0,0,0.0,0.0,0.0,0,true
contribs/CekiGulcu/Transform.java,31.0,28.0,0.0,1.0,14.0,5.0,0,0.0,0.0,0.0,0,true
contribs/EirikLygre/DailyFileAppender1.java,129.0,13.0,20.0,8.0,13.0,24.0,0,0.0,0.0,0.0,0,true
contribs/JamesHouse/LogTextPanel.java,115.0,14.0,30.0,13.0,44.0,27.0,0,0.0,0.0,0.0,0,true
contribs/JamesHouse/LogTextPanelExample.java,35.0,5.0,0.0,2.0,12.0,4.0,0,0.0,0.0,0.0,0,true
contribs/JamesHouse/TextPanelAppender.java,103.0,16.0,20.0,9.0,19.0,18.0,0,0.0,0.0,0.0,0,true
contribs/JimMoore/LoggingOutputStream.java,132.0,2.0,1.0,6.0,7.0,17.0,0,0.0,0.0,0.0,0,true
contribs/KevinSteppe/CompositeRollingAppender.java,539.0,12.0,321.0,31.0,63.0,87.0,0,0.0,0.0,0.0,0,true
contribs/KevinSteppe/JDBCTest.java,57.0,2.0,0.0,1.0,16.0,3.0,0,0.0,0.0,0.0,0,true
contribs/KitchingSimon/DatagramStringAppender.java,188.0,14.0,24.0,12.0,17.0,25.0,0,0.0,0.0,0.0,0,true
contribs/KitchingSimon/DatagramStringWriter.java,103.0,8.0,14.0,9.0,7.0,19.0,0,0.0,0.0,0.0,0,true
contribs/KitchingSimon/SingleLineTracerPrintWriter.java,38.0,0.0,3.0,3.0,4.0,3.0,0,0.0,0.0,0.0,0,true
contribs/LeosLiterak/TempFileAppender.java,128.0,7.0,24.0,8.0,13.0,20.0,0,0.0,0.0,0.0,0,true
contribs/MarkDouglas/SocketNode2.java,61.0,10.0,0.0,2.0,12.0,7.0,0,0.0,0.0,0.0,0,true
contribs/MarkDouglas/SocketServer2.java,48.0,6.0,1.0,3.0,15.0,8.0,0,0.0,0.0,0.0,0,true
contribs/SvenReimers/gui/JListView.java,103.0,30.0,3.0,3.0,14.0,7.0,0,0.0,0.0,0.0,0,true
contribs/SvenReimers/gui/JTableAppender.java,69.0,31.0,6.0,4.0,16.0,8.0,0,0.0,0.0,0.0,0,true
contribs/SvenReimers/gui/TextPaneAppender.java,215.0,25.0,534.0,36.0,77.0,65.0,0,0.0,0.0,0.0,0,true
contribs/SvenReimers/gui/examples/TextPaneAppenderExample.java,65.0,5.0,7.0,6.0,26.0,13.0,0,0.0,0.0,0.0,0,true
contribs/ThomasFenner/JDBCAppender.java,388.0,5.0,13.0,11.0,45.0,46.0,0,0.0,0.0,0.0,0,true
contribs/ThomasFenner/JDBCConnectionHandler.java,15.0,1.0,1.0,2.0,0.0,2.0,0,0.0,0.0,0.0,0,true
contribs/ThomasFenner/JDBCIDHandler.java,11.0,0.0,0.0,1.0,0.0,1.0,0,0.0,0.0,0.0,0,true
contribs/ThomasFenner/JDBCLogger.java,251.0,5.0,0.0,10.0,40.0,50.0,0,0.0,0.0,0.0,0,true
contribs/ThomasFenner/Log4JTest.java,17.0,8.0,0.0,1.0,9.0,3.0,0,0.0,0.0,0.0,0,true
contribs/ThomasFenner/code_example1.java,17.0,4.0,0.0,1.0,9.0,3.0,0,0.0,0.0,0.0,0,true
contribs/ThomasFenner/code_example2.java,29.0,4.0,0.0,1.0,11.0,3.0,0,0.0,0.0,0.0,0,true
contribs/VolkerMentzner/HTTPRequestHandler.java,45.0,2.0,21.0,7.0,0.0,18.0,0,0.0,0.0,0.0,0,true
contribs/VolkerMentzner/Log4jRequestHandler.java,132.0,4.0,1.0,2.0,30.0,9.0,0,0.0,0.0,0.0,0,true
contribs/VolkerMentzner/PluggableHTTPServer.java,201.0,4.0,16.0,9.0,23.0,22.0,0,0.0,0.0,0.0,0,true
contribs/VolkerMentzner/RootRequestHandler.java,112.0,3.0,44.0,12.0,7.0,26.0,0,0.0,0.0,0.0,0,true
contribs/VolkerMentzner/UserDialogRequestHandler.java,98.0,0.0,1.0,3.0,18.0,10.0,0,0.0,0.0,0.0,0,true
examples/MyPatternLayout.java,30.0,2.0,6.0,4.0,4.0,5.0,0,0.0,0.0,0.0,0,true
examples/MyPatternParser.java,37.0,5.0,1.0,2.0,2.0,5.0,0,0.0,0.0,0.0,0,true
examples/NumberCruncher.java,12.0,2.0,0.0,1.0,0.0,3.0,0,0.0,0.0,0.0,0,true
examples/NumberCruncherClient.java,68.0,6.0,3.0,3.0,12.0,12.0,0,0.0,0.0,0.0,0,true
examples/NumberCruncherServer.java,93.0,8.0,8.0,5.0,21.0,18.0,0,0.0,0.0,0.0,0,true
examples/Sort.java,52.0,3.0,1.0,2.0,9.0,5.0,0,0.0,0.0,0.0,0,true
examples/SortAlgo.java,49.0,2.0,0.0,4.0,8.0,9.0,0,0.0,0.0,0.0,0,true
examples/Trivial.java,42.0,3.0,0.0,2.0,7.0,2.0,0,0.0,0.0,0.0,0,true
examples/customLevel/XLevel.java,44.0,2.0,0.0,4.0,5.0,11.0,0,0.0,0.0,0.0,0,true
examples/lf5/InitUsingDefaultConfigurator/InitUsingDefaultConfigurator.java,45.0,4.0,0.0,2.0,15.0,4.0,0,0.0,0.0,0.0,0,true
examples/lf5/InitUsingLog4JProperties/InitUsingLog4JProperties.java,43.0,2.0,0.0,1.0,5.0,2.0,0,0.0,0.0,0.0,0,true
examples/lf5/InitUsingMultipleAppenders/InitUsingMultipleAppenders.java,56.0,4.0,0.0,1.0,7.0,2.0,0,0.0,0.0,0.0,0,true
examples/lf5/InitUsingPropertiesFile/InitUsingPropertiesFile.java,42.0,4.0,0.0,1.0,7.0,2.0,0,0.0,0.0,0.0,0,true
examples/lf5/InitUsingXMLPropertiesFile/InitUsingXMLPropertiesFile.java,38.0,4.0,0.0,1.0,8.0,2.0,0,0.0,0.0,0.0,0,true
examples/lf5/UsingLogMonitorAdapter/CustomizedLogLevels.java,33.0,2.0,1.0,2.0,5.0,3.0,0,0.0,0.0,0.0,0,true
examples/lf5/UsingLogMonitorAdapter/UsingLogMonitorAdapter.java,25.0,3.0,1.0,2.0,4.0,3.0,0,0.0,0.0,0.0,0,true
examples/lf5/UsingSocketAppenders/UsingSocketAppenders.java,49.0,4.0,0.0,1.0,9.0,3.0,0,0.0,0.0,0.0,0,true
examples/subclass/MyLogger.java,33.0,6.0,4.0,4.0,1.0,5.0,0,0.0,0.0,0.0,0,true
examples/subclass/MyLoggerFactory.java,17.0,2.0,1.0,2.0,0.0,4.0,0,0.0,0.0,0.0,0,true
examples/subclass/MyLoggerTest.java,51.0,6.0,1.0,2.0,12.0,7.0,0,0.0,0.0,0.0,0,true
src/java/org/apache/log4j/Appender.java,83.0,3.0,66.0,12.0,0.0,24.0,0,0.0,0.0,0.0,0,true
src/java/org/apache/log4j/AppenderSkeleton.java,193.0,7.0,94.0,17.0,9.0,45.0,0,0.0,0.0,0.0,0,true
src/java/org/apache/log4j/AsyncAppender.java,400.0,10.0,18.0,17.0,38.0,46.0,0,0.0,0.0,0.0,0,true
src/java/org/apache/log4j/BasicConfigurator.java,35.0,0.0,6.0,4.0,5.0,5.0,0,0.0,0.0,0.0,0,true
src/java/org/apache/log4j/Category.java,698.0,8.0,638.0,53.0,99.0,169.0,1,0.0625,62.13333333333333,640.0,1,true
src/java/org/apache/log4j/CategoryKey.java,21.0,0.0,0.0,3.0,3.0,8.0,0,0.0,0.0,0.0,0,true
src/java/org/apache/log4j/ConsoleAppender.java,163.0,3.0,19.0,10.0,10.0,22.0,1,0.0625,62.13333333333333,640.0,1,true
src/java/org/apache/log4j/DailyRollingFileAppender.java,248.0,10.0,0.0,9.0,30.0,33.0,1,0.0625,62.13333333333333,640.0,1,true
src/java/org/apache/log4j/DefaultCategoryFactory.java,7.0,1.0,1.0,2.0,0.0,3.0,0,0.0,0.0,0.0,0,true
src/java/org/apache/log4j/FileAppender.java,235.0,9.0,64.0,17.0,18.0,42.0,0,0.0,0.0,0.0,0,true
src/java/org/apache/log4j/HTMLLayout.java,191.0,3.0,27.0,11.0,24.0,27.0,0,0.0,0.0,0.0,0,true
src/java/org/apache/log4j/Hierarchy.java,367.0,11.0,200.0,25.0,62.0,70.0,0,0.0,0.0,0.0,0,true
src/java/org/apache/log4j/Layout.java,41.0,2.0,10.0,5.0,0.0,14.0,0,0.0,0.0,0.0,0,true
src/java/org/apache/log4j/Level.java,164.0,5.0,16.0,8.0,12.0,22.0,0,0.0,0.0,0.0,0,true
src/java/org/apache/log4j/LogManager.java,126.0,11.0,0.0,10.0,18.0,20.0,0,0.0,0.0,0.0,0,true
src/java/org/apache/log4j/Logger.java,108.0,2.0,26.0,8.0,16.0,23.0,0,0.0,0.0,0.0,0,true
src/java/org/apache/log4j/MDC.java,102.0,3.0,4.0,9.0,12.0,26.0,0,0.0,0.0,0.0,0,true
src/java/org/apache/log4j/NDC.java,267.0,5.0,58.0,13.0,41.0,55.0,0,0.0,0.0,0.0,0,true
src/java/org/apache/log4j/PatternLayout.java,351.0,4.0,10.0,8.0,8.0,19.0,0,0.0,0.0,0.0,0,true
src/java/org/apache/log4j/Priority.java,126.0,0.0,36.0,12.0,4.0,27.0,0,0.0,0.0,0.0,0,true
src/java/org/apache/log4j/PropertyConfigurator.java,440.0,18.0,110.0,16.0,81.0,49.0,0,0.0,0.0,0.0,0,true
src/java/org/apache/log4j/ProvisionNode.java,6.0,1.0,0.0,1.0,1.0,1.0,0,0.0,0.0,0.0,0,true
src/java/org/apache/log4j/RollingFileAppender.java,153.0,7.0,48.0,12.0,13.0,31.0,0,0.0,0.0,0.0,0,true
src/java/org/apache/log4j/SimpleLayout.java,43.0,1.0,6.0,4.0,5.0,8.0,0,0.0,0.0,0.0,0,true
src/java/org/apache/log4j/TTCCLayout.java,140.0,2.0,27.0,10.0,11.0,23.0,0,0.0,0.0,0.0,0,true
src/java/org/apache/log4j/WriterAppender.java,261.0,8.0,126.0,20.0,26.0,48.0,0,0.0,0.0,0.0,0,true
src/java/org/apache/log4j/chainsaw/ControlPanel.java,160.0,14.0,120.0,16.0,53.0,20.0,1,0.0625,62.13333333333333,640.0,1,true
src/java/org/apache/log4j/chainsaw/DetailPanel.java,106.0,12.0,4.0,4.0,32.0,18.0,0,0.0,0.0,0.0,0,true
src/java/org/apache/log4j/chainsaw/EventDetails.java,116.0,2.0,29.0,10.0,7.0,19.0,0,0.0,0.0,0.0,0,true
src/java/org/apache/log4j/chainsaw/ExitAction.java,28.0,3.0,1.0,2.0,2.0,3.0,0,0.0,0.0,0.0,0,true
src/java/org/apache/log4j/chainsaw/LoadXMLAction.java,88.0,14.0,0.0,3.0,16.0,11.0,0,0.0,0.0,0.0,0,true
src/java/org/apache/log4j/chainsaw/LoggingReceiver.java,98.0,8.0,0.0,2.0,9.0,7.0,0,0.0,0.0,0.0,0,true
src/java/org/apache/log4j/chainsaw/Main.java,111.0,19.0,8.0,5.0,25.0,10.0,0,0.0,0.0,0.0,0,true
src/java/org/apache/log4j/chainsaw/MyTableModel.java,332.0,11.0,19.0,19.0,43.0,49.0,0,0.0,0.0,0.0,0,true
src/java/org/apache/log4j/chainsaw/XMLFileHandler.java,157.0,5.0,4.0,8.0,14.0,16.0,0,0.0,0.0,0.0,0,true
src/java/org/apache/log4j/config/PropertyGetter.java,53.0,4.0,0.0,4.0,13.0,12.0,0,0.0,0.0,0.0,0,true
src/java/org/apache/log4j/config/PropertyPrinter.java,101.0,3.0,3.0,10.0,38.0,24.0,0,0.0,0.0,0.0,0,true
src/java/org/apache/log4j/config/PropertySetter.java,183.0,10.0,0.0,9.0,36.0,32.0,0,0.0,0.0,0.0,0,true
src/java/org/apache/log4j/config/PropertySetterException.java,26.0,0.0,1.0,3.0,1.0,6.0,0,0.0,0.0,0.0,0,true
src/java/org/apache/log4j/helpers/AbsoluteTimeDateFormat.java,80.0,6.0,6.0,4.0,10.0,9.0,0,0.0,0.0,0.0,0,true
src/java/org/apache/log4j/helpers/AppenderAttachableImpl.java,112.0,5.0,0.0,8.0,22.0,31.0,0,0.0,0.0,0.0,0,true
src/java/org/apache/log4j/helpers/BoundedFIFO.java,115.0,1.0,0.0,10.0,2.0,28.0,0,0.0,0.0,0.0,0,true
src/java/org/apache/log4j/helpers/CountingQuietWriter.java,26.0,4.0,0.0,4.0,3.0,6.0,0,0.0,0.0,0.0,0,true
src/java/org/apache/log4j/helpers/CyclicBuffer.java,99.0,1.0,0.0,7.0,0.0,22.0,0,0.0,0.0,0.0,0,true
src/java/org/apache/log4j/helpers/DateLayout.java,137.0,11.0,3.0,10.0,13.0,28.0,0,0.0,0.0,0.0,0,true
src/java/org/apache/log4j/helpers/DateTimeDateFormat.java,41.0,6.0,4.0,4.0,6.0,8.0,0,0.0,0.0,0.0,0,true
src/java/org/apache/log4j/helpers/FileWatchdog.java,73.0,2.0,4.0,5.0,10.0,11.0,0,0.0,0.0,0.0,0,true
src/java/org/apache/log4j/helpers/FormattingInfo.java,20.0,0.0,0.0,2.0,1.0,2.0,0,0.0,0.0,0.0,0,true
src/java/org/apache/log4j/helpers/ISO8601DateFormat.java,115.0,5.0,6.0,4.0,6.0,11.0,0,0.0,0.0,0.0,0,true
src/java/org/apache/log4j/helpers/Loader.java,116.0,4.0,4.0,5.0,13.0,21.0,0,0.0,0.0,0.0,0,true
src/java/org/apache/log4j/helpers/LogLog.java,122.0,0.0,0.0,8.0,9.0,21.0,0,0.0,0.0,0.0,0,true
src/java/org/apache/log4j/helpers/NullEnumeration.java,19.0,2.0,6.0,4.0,0.0,7.0,0,0.0,0.0,0.0,0,true
src/java/org/apache/log4j/helpers/OnlyOnceErrorHandler.java,62.0,4.0,19.0,7.0,3.0,9.0,0,0.0,0.0,0.0,0,true
src/java/org/apache/log4j/helpers/OptionConverter.java,331.0,6.0,78.0,13.0,58.0,63.0,1,0.0625,62.13333333333333,640.0,1,true
src/java/org/apache/log4j/helpers/PatternConverter.java,66.0,1.0,8.0,5.0,6.0,13.0,0,0.0,0.0,0.0,0,true
src/java/org/apache/log4j/helpers/PatternParser.java,386.0,9.0,3.0,7.0,27.0,31.0,0,0.0,0.0,0.0,0,true
src/java/org/apache/log4j/helpers/QuietWriter.java,37.0,5.0,0.0,4.0,5.0,9.0,0,0.0,0.0,0.0,0,true
src/java/org/apache/log4j/helpers/RelativeTimeDateFormat.java,27.0,4.0,1.0,3.0,3.0,6.0,0,0.0,0.0,0.0,0,true
src/java/org/apache/log4j/helpers/SyslogQuietWriter.java,22.0,2.0,0.0,4.0,0.0,4.0,0,0.0,0.0,0.0,0,true
src/java/org/apache/log4j/helpers/SyslogWriter.java,76.0,9.0,8.0,5.0,14.0,14.0,1,0.0625,62.13333333333333,640.0,1,true
src/java/org/apache/log4j/helpers/ThreadLocalMap.java,17.0,1.0,0.0,1.0,1.0,4.0,0,0.0,0.0,0.0,0,true
src/java/org/apache/log4j/helpers/Transform.java,73.0,2.0,1.0,2.0,8.0,11.0,0,0.0,0.0,0.0,0,true
src/java/org/apache/log4j/jdbc/JDBCAppender.java,243.0,9.0,170.0,21.0,36.0,48.0,0,0.0,0.0,0.0,0,true
src/java/org/apache/log4j/jmx/HierarchyDynamicMBean.java,132.0,26.0,27.0,15.0,44.0,42.0,0,0.0,0.0,0.0,0,true
src/java/org/apache/log4j/lf5/AppenderFinalizer.java,20.0,1.0,0.0,2.0,2.0,3.0,0,0.0,0.0,0.0,0,true
src/java/org/apache/log4j/lf5/DefaultLF5Configurator.java,43.0,5.0,3.0,3.0,2.0,8.0,0,0.0,0.0,0.0,0,true
src/java/org/apache/log4j/lf5/LF5Appender.java,174.0,6.0,83.0,15.0,34.0,36.0,0,0.0,0.0,0.0,0,true
src/java/org/apache/log4j/lf5/Log4JLogRecord.java,46.0,1.0,3.0,3.0,5.0,7.0,0,0.0,0.0,0.0,0,true
src/java/org/apache/log4j/lf5/LogLevel.java,165.0,3.0,112.0,17.0,24.0,42.0,0,0.0,0.0,0.0,0,true
src/java/org/apache/log4j/lf5/LogLevelFormatException.java,12.0,0.0,0.0,1.0,0.0,1.0,0,0.0,0.0,0.0,0,true
src/java/org/apache/log4j/lf5/LogRecord.java,283.0,3.0,283.0,27.0,16.0,64.0,0,0.0,0.0,0.0,0,true
src/java/org/apache/log4j/lf5/LogRecordFilter.java,13.0,0.0,0.0,1.0,0.0,4.0,0,0.0,0.0,0.0,0,true
src/java/org/apache/log4j/lf5/PassingLogRecordFilter.java,17.0,0.0,1.0,2.0,0.0,3.0,0,0.0,0.0,0.0,0,true
src/java/org/apache/log4j/lf5/StartLogFactor5.java,17.0,1.0,0.0,1.0,6.0,1.0,0,0.0,0.0,0.0,0,true
src/java/org/apache/log4j/lf5/util/AdapterLogRecord.java,47.0,4.0,22.0,8.0,11.0,15.0,0,0.0,0.0,0.0,0,true
src/java/org/apache/log4j/lf5/util/DateFormatManager.java,151.0,6.0,121.0,23.0,31.0,44.0,0,0.0,0.0,0.0,0,true
src/java/org/apache/log4j/lf5/util/LogFileParser.java,183.0,12.0,161.0,19.0,56.0,51.0,0,0.0,0.0,0.0,0,true
src/java/org/apache/log4j/lf5/util/LogMonitorAdapter.java,197.0,6.0,159.0,19.0,34.0,42.0,0,0.0,0.0,0.0,0,true
src/java/org/apache/log4j/lf5/util/Resource.java,75.0,3.0,15.0,7.0,3.0,16.0,0,0.0,0.0,0.0,0,true
src/java/org/apache/log4j/lf5/util/ResourceUtils.java,55.0,2.0,1.0,2.0,10.0,10.0,0,0.0,0.0,0.0,0,true
src/java/org/apache/log4j/lf5/util/StreamUtils.java,53.0,4.0,6.0,4.0,9.0,17.0,0,0.0,0.0,0.0,0,true
src/java/org/apache/log4j/lf5/viewer/FilteredLogTableModel.java,152.0,8.0,140.0,21.0,46.0,46.0,0,0.0,0.0,0.0,0,true
src/java/org/apache/log4j/lf5/viewer/LF5SwingUtils.java,83.0,3.0,28.0,8.0,17.0,21.0,0,0.0,0.0,0.0,0,true
src/java/org/apache/log4j/lf5/viewer/LogBrokerMonitor.java,1169.0,23.0,7034.0,136.0,535.0,317.0,0,0.0,0.0,0.0,0,true
src/java/org/apache/log4j/lf5/viewer/LogFactor5Dialog.java,65.0,2.0,15.0,6.0,18.0,12.0,0,0.0,0.0,0.0,0,true
src/java/org/apache/log4j/lf5/viewer/LogFactor5ErrorDialog.java,26.0,4.0,1.0,2.0,8.0,4.0,0,0.0,0.0,0.0,0,true
src/java/org/apache/log4j/lf5/viewer/LogFactor5InputDialog.java,74.0,6.0,9.0,6.0,19.0,15.0,0,0.0,0.0,0.0,0,true
src/java/org/apache/log4j/lf5/viewer/LogFactor5LoadingDialog.java,18.0,2.0,0.0,1.0,5.0,1.0,0,0.0,0.0,0.0,0,true
src/java/org/apache/log4j/lf5/viewer/LogTable.java,144.0,11.0,35.0,10.0,33.0,21.0,0,0.0,0.0,0.0,0,true
src/java/org/apache/log4j/lf5/viewer/LogTableColumn.java,81.0,4.0,14.0,8.0,7.0,19.0,0,0.0,0.0,0.0,0,true
src/java/org/apache/log4j/lf5/viewer/LogTableColumnFormatException.java,11.0,0.0,0.0,1.0,0.0,1.0,0,0.0,0.0,0.0,0,true
src/java/org/apache/log4j/lf5/viewer/LogTableModel.java,13.0,1.0,1.0,2.0,0.0,3.0,0,0.0,0.0,0.0,0,true
src/java/org/apache/log4j/lf5/viewer/LogTableRowRenderer.java,25.0,5.0,1.0,2.0,8.0,6.0,0,0.0,0.0,0.0,0,true
src/java/org/apache/log4j/lf5/viewer/TrackingAdjustmentListener.java,25.0,3.0,0.0,1.0,6.0,3.0,0,0.0,0.0,0.0,0,true
src/java/org/apache/log4j/lf5/viewer/categoryexplorer/CategoryAbstractCellEditor.java,81.0,9.0,65.0,14.0,11.0,27.0,0,0.0,0.0,0.0,0,true
src/java/org/apache/log4j/lf5/viewer/categoryexplorer/CategoryElement.java,20.0,0.0,0.0,4.0,0.0,5.0,0,0.0,0.0,0.0,0,true
src/java/org/apache/log4j/lf5/viewer/categoryexplorer/CategoryExplorerLogRecordFilter.java,35.0,3.0,0.0,4.0,9.0,8.0,0,0.0,0.0,0.0,0,true
src/java/org/apache/log4j/lf5/viewer/categoryexplorer/CategoryExplorerModel.java,208.0,9.0,130.0,17.0,70.0,49.0,0,0.0,0.0,0.0,0,true
src/java/org/apache/log4j/lf5/viewer/categoryexplorer/CategoryExplorerTree.java,67.0,4.0,0.0,8.0,16.0,14.0,0,0.0,0.0,0.0,0,true
src/java/org/apache/log4j/lf5/viewer/categoryexplorer/CategoryImmediateEditor.java,54.0,6.0,8.0,5.0,19.0,11.0,0,0.0,0.0,0.0,0,true
src/java/org/apache/log4j/lf5/viewer/categoryexplorer/CategoryNode.java,112.0,3.0,164.0,20.0,24.0,36.0,0,0.0,0.0,0.0,0,true
src/java/org/apache/log4j/lf5/viewer/categoryexplorer/CategoryNodeEditor.java,183.0,9.0,249.0,26.0,81.0,62.0,0,0.0,0.0,0.0,0,true
src/java/org/apache/log4j/lf5/viewer/categoryexplorer/CategoryNodeEditorRenderer.java,14.0,2.0,1.0,2.0,0.0,4.0,0,0.0,0.0,0.0,0,true
src/java/org/apache/log4j/lf5/viewer/categoryexplorer/CategoryNodeRenderer.java,59.0,4.0,4.0,4.0,22.0,11.0,0,0.0,0.0,0.0,0,true
src/java/org/apache/log4j/lf5/viewer/categoryexplorer/CategoryPath.java,80.0,2.0,8.0,8.0,13.0,20.0,0,0.0,0.0,0.0,0,true
src/java/org/apache/log4j/lf5/viewer/categoryexplorer/TreeModelAdapter.java,14.0,2.0,6.0,4.0,0.0,4.0,0,0.0,0.0,0.0,0,true
src/java/org/apache/log4j/lf5/viewer/configure/ConfigurationManager.java,304.0,25.0,198.0,28.0,158.0,59.0,0,0.0,0.0,0.0,0,true
src/java/org/apache/log4j/lf5/viewer/configure/MRUFileManager.java,197.0,4.0,94.0,17.0,44.0,48.0,0,0.0,0.0,0.0,0,true
src/java/org/apache/log4j/net/JMSAppender.java,321.0,16.0,341.0,30.0,22.0,69.0,0,0.0,0.0,0.0,0,true
src/java/org/apache/log4j/net/JMSSink.java,81.0,26.0,4.0,5.0,25.0,19.0,0,0.0,0.0,0.0,0,true
src/java/org/apache/log4j/net/SMTPAppender.java,398.0,23.0,556.0,37.0,44.0,80.0,1,0.0625,62.13333333333333,640.0,1,true
src/java/org/apache/log4j/net/SimpleSocketServer.java,56.0,6.0,1.0,3.0,16.0,10.0,0,0.0,0.0,0.0,0,true
src/java/org/apache/log4j/net/SocketAppender.java,294.0,8.0,95.0,19.0,27.0,41.0,0,0.0,0.0,0.0,0,true
src/java/org/apache/log4j/net/SocketHubAppender.java,280.0,11.0,42.0,12.0,20.0,28.0,0,0.0,0.0,0.0,0,true
src/java/org/apache/log4j/net/SocketNode.java,57.0,6.0,0.0,2.0,12.0,6.0,0,0.0,0.0,0.0,0,true
src/java/org/apache/log4j/net/SocketServer.java,137.0,7.0,0.0,6.0,32.0,19.0,1,0.0625,62.13333333333333,640.0,1,true
src/java/org/apache/log4j/net/SyslogAppender.java,347.0,5.0,50.0,16.0,22.0,36.0,1,0.0625,62.13333333333333,640.0,1,true
src/java/org/apache/log4j/net/TelnetAppender.java,150.0,7.0,3.0,6.0,7.0,13.0,0,0.0,0.0,0.0,0,true
src/java/org/apache/log4j/net/test/Loop.java,32.0,2.0,1.0,2.0,14.0,6.0,0,0.0,0.0,0.0,0,true
src/java/org/apache/log4j/net/test/SMTPMin.java,28.0,1.0,6.0,4.0,17.0,6.0,0,0.0,0.0,0.0,0,true
src/java/org/apache/log4j/net/test/SocketMin.java,71.0,6.0,2.0,5.0,32.0,13.0,0,0.0,0.0,0.0,0,true
src/java/org/apache/log4j/net/test/SyslogMin.java,31.0,4.0,6.0,4.0,12.0,6.0,0,0.0,0.0,0.0,0,true
src/java/org/apache/log4j/nt/NTEventLogAppender.java,108.0,5.0,54.0,16.0,14.0,25.0,0,0.0,0.0,0.0,0,true
src/java/org/apache/log4j/or/DefaultRenderer.java,17.0,0.0,1.0,2.0,1.0,3.0,0,0.0,0.0,0.0,0,true
src/java/org/apache/log4j/or/ObjectRenderer.java,11.0,0.0,0.0,1.0,0.0,1.0,0,0.0,0.0,0.0,0,true
src/java/org/apache/log4j/or/RendererMap.java,126.0,5.0,14.0,9.0,18.0,29.0,0,0.0,0.0,0.0,0,true
src/java/org/apache/log4j/or/ThreadGroupRenderer.java,48.0,1.0,1.0,2.0,8.0,6.0,0,0.0,0.0,0.0,0,true
src/java/org/apache/log4j/or/jms/MessageRenderer.java,56.0,5.0,1.0,2.0,13.0,8.0,0,0.0,0.0,0.0,0,true
src/java/org/apache/log4j/or/sax/AttributesRenderer.java,35.0,2.0,1.0,2.0,5.0,6.0,0,0.0,0.0,0.0,0,true
src/java/org/apache/log4j/performance/ListVsVector.java,61.0,1.0,0.0,3.0,8.0,8.0,0,0.0,0.0,0.0,0,true
src/java/org/apache/log4j/performance/NOPWriter.java,28.0,2.0,21.0,7.0,1.0,14.0,0,0.0,0.0,0.0,0,true
src/java/org/apache/log4j/performance/NewVsSetLen.java,163.0,0.0,0.0,3.0,11.0,10.0,0,0.0,0.0,0.0,0,true
src/java/org/apache/log4j/performance/NullAppender.java,33.0,3.0,15.0,6.0,1.0,9.0,0,0.0,0.0,0.0,0,true
src/java/org/apache/log4j/performance/SystemTime.java,33.0,0.0,1.0,3.0,7.0,7.0,0,0.0,0.0,0.0,0,true
src/java/org/apache/log4j/spi/AppenderAttachable.java,38.0,2.0,21.0,7.0,0.0,8.0,0,0.0,0.0,0.0,0,true
src/java/org/apache/log4j/spi/Configurator.java,25.0,2.0,0.0,1.0,0.0,1.0,0,0.0,0.0,0.0,0,true
src/java/org/apache/log4j/spi/DefaultRepositorySelector.java,9.0,0.0,0.0,2.0,0.0,3.0,0,0.0,0.0,0.0,0,true
src/java/org/apache/log4j/spi/ErrorCode.java,14.0,0.0,0.0,0.0,0.0,0.0,0,0.0,0.0,0.0,0,true
src/java/org/apache/log4j/spi/ErrorHandler.java,53.0,2.0,15.0,6.0,0.0,10.0,0,0.0,0.0,0.0,0,true
src/java/org/apache/log4j/spi/Filter.java,77.0,1.0,4.0,4.0,0.0,8.0,0,0.0,0.0,0.0,0,true
src/java/org/apache/log4j/spi/HierarchyEventListener.java,9.0,1.0,1.0,2.0,0.0,2.0,0,0.0,0.0,0.0,0,true
src/java/org/apache/log4j/spi/LocationInfo.java,149.0,4.0,0.0,5.0,15.0,22.0,1,0.0625,62.13333333333333,640.0,1,true
src/java/org/apache/log4j/spi/LoggerFactory.java,10.0,1.0,0.0,1.0,0.0,1.0,0,0.0,0.0,0.0,0,true
src/java/org/apache/log4j/spi/LoggerRepository.java,51.0,2.0,105.0,15.0,0.0,18.0,0,0.0,0.0,0.0,0,true
src/java/org/apache/log4j/spi/LoggingEvent.java,313.0,7.0,101.0,18.0,38.0,67.0,0,0.0,0.0,0.0,0,true
src/java/org/apache/log4j/spi/OptionHandler.java,18.0,0.0,0.0,1.0,0.0,2.0,0,0.0,0.0,0.0,0,true
src/java/org/apache/log4j/spi/RendererSupport.java,4.0,3.0,1.0,2.0,0.0,2.0,0,0.0,0.0,0.0,0,true
src/java/org/apache/log4j/spi/RepositorySelector.java,18.0,0.0,0.0,1.0,0.0,2.0,0,0.0,0.0,0.0,0,true
src/java/org/apache/log4j/spi/RootCategory.java,36.0,2.0,6.0,4.0,3.0,7.0,0,0.0,0.0,0.0,0,true
src/java/org/apache/log4j/spi/RootLogger.java,38.0,2.0,3.0,3.0,2.0,6.0,0,0.0,0.0,0.0,0,true
src/java/org/apache/log4j/spi/ThrowableInformation.java,33.0,3.0,0.0,3.0,3.0,11.0,0,0.0,0.0,0.0,0,true
src/java/org/apache/log4j/spi/TriggeringEventEvaluator.java,16.0,0.0,0.0,1.0,0.0,1.0,0,0.0,0.0,0.0,0,true
src/java/org/apache/log4j/test/AsyncAppenderTest.java,40.0,3.0,4.0,4.0,15.0,10.0,0,0.0,0.0,0.0,0,true
src/java/org/apache/log4j/test/CategoryWrapper.java,29.0,1.0,4.0,5.0,8.0,5.0,0,0.0,0.0,0.0,0,true
src/java/org/apache/log4j/test/ConfigurationFileParsing.java,21.0,4.0,1.0,2.0,10.0,4.0,0,0.0,0.0,0.0,0,true
src/java/org/apache/log4j/test/DRFATest.java,56.0,6.0,8.0,5.0,16.0,12.0,0,0.0,0.0,0.0,0,true
src/java/org/apache/log4j/test/DefaultInit.java,11.0,1.0,1.0,2.0,3.0,2.0,0,0.0,0.0,0.0,0,true
src/java/org/apache/log4j/test/DelayedLoop.java,39.0,3.0,6.0,4.0,11.0,10.0,0,0.0,0.0,0.0,0,true
src/java/org/apache/log4j/test/FQCNTest.java,30.0,3.0,6.0,4.0,13.0,8.0,0,0.0,0.0,0.0,0,true
src/java/org/apache/log4j/test/Finalize.java,58.0,4.0,15.0,6.0,20.0,17.0,0,0.0,0.0,0.0,0,true
src/java/org/apache/log4j/test/Hello.java,12.0,2.0,0.0,1.0,3.0,2.0,0,0.0,0.0,0.0,0,true
src/java/org/apache/log4j/test/MDCStress.java,89.0,2.0,12.0,8.0,22.0,19.0,0,0.0,0.0,0.0,0,true
src/java/org/apache/log4j/test/MultipleAppenders.java,29.0,5.0,0.0,1.0,13.0,4.0,0,0.0,0.0,0.0,0,true
src/java/org/apache/log4j/test/PatternTest.java,46.0,4.0,6.0,4.0,14.0,6.0,0,0.0,0.0,0.0,0,true
src/java/org/apache/log4j/test/PrintProperties.java,11.0,2.0,0.0,1.0,0.0,1.0,0,0.0,0.0,0.0,0,true
src/java/org/apache/log4j/test/ROFile.java,20.0,2.0,6.0,4.0,8.0,6.0,0,0.0,0.0,0.0,0,true
src/java/org/apache/log4j/test/Shallow.java,57.0,7.0,10.0,5.0,19.0,10.0,0,0.0,0.0,0.0,0,true
src/java/org/apache/log4j/test/ShortSocketServer.java,44.0,7.0,1.0,3.0,16.0,8.0,0,0.0,0.0,0.0,0,true
src/java/org/apache/log4j/test/SpacePad.java,29.0,0.0,1.0,2.0,6.0,6.0,0,0.0,0.0,0.0,0,true
src/java/org/apache/log4j/test/StressAsyncAppender.java,94.0,3.0,16.0,8.0,22.0,20.0,0,0.0,0.0,0.0,0,true
src/java/org/apache/log4j/test/SysoutConfigurator.java,10.0,2.0,0.0,1.0,2.0,1.0,0,0.0,0.0,0.0,0,true
src/java/org/apache/log4j/test/serialization/SerializationUT.java,121.0,7.0,10.0,8.0,19.0,15.0,0,0.0,0.0,0.0,0,true
src/java/org/apache/log4j/test/serialization/T/T113.java,40.0,5.0,3.0,3.0,16.0,11.0,0,0.0,0.0,0.0,0,true
src/java/org/apache/log4j/test/serialization/T/T12.java,40.0,4.0,3.0,3.0,16.0,11.0,0,0.0,0.0,0.0,0,true
src/java/org/apache/log4j/varia/DenyAllFilter.java,34.0,2.0,3.0,3.0,0.0,6.0,0,0.0,0.0,0.0,0,true
src/java/org/apache/log4j/varia/ExternallyRolledFileAppender.java,63.0,6.0,0.0,4.0,3.0,7.0,0,0.0,0.0,0.0,0,true
src/java/org/apache/log4j/varia/FallbackErrorHandler.java,77.0,6.0,22.0,8.0,14.0,13.0,0,0.0,0.0,0.0,0,true
src/java/org/apache/log4j/varia/LevelMatchFilter.java,56.0,4.0,0.0,5.0,4.0,10.0,0,0.0,0.0,0.0,0,true
src/java/org/apache/log4j/varia/LevelRangeFilter.java,87.0,5.0,3.0,7.0,3.0,13.0,0,0.0,0.0,0.0,0,true
src/java/org/apache/log4j/varia/NullAppender.java,40.0,7.0,21.0,7.0,0.0,9.0,0,0.0,0.0,0.0,0,true
src/java/org/apache/log4j/varia/ReloadingPropertyConfigurator.java,7.0,4.0,1.0,2.0,0.0,2.0,0,0.0,0.0,0.0,0,true
src/java/org/apache/log4j/varia/Roller.java,62.0,6.0,8.0,5.0,18.0,12.0,0,0.0,0.0,0.0,0,true
src/java/org/apache/log4j/varia/StringMatchFilter.java,75.0,3.0,0.0,7.0,4.0,16.0,0,0.0,0.0,0.0,0,true
src/java/org/apache/log4j/varia/test/Loop.java,36.0,2.0,4.0,4.0,12.0,8.0,0,0.0,0.0,0.0,0,true
src/java/org/apache/log4j/xml/DOMConfigurator.java,630.0,19.0,507.0,38.0,221.0,115.0,0,0.0,0.0,0.0,0,true
src/java/org/apache/log4j/xml/Log4jEntityResolver.java,24.0,7.0,0.0,1.0,5.0,4.0,0,0.0,0.0,0.0,0,true
src/java/org/apache/log4j/xml/SAXErrorHandler.java,15.0,3.0,6.0,4.0,8.0,4.0,0,0.0,0.0,0.0,0,true
src/java/org/apache/log4j/xml/XMLLayout.java,114.0,6.0,4.0,5.0,17.0,13.0,0,0.0,0.0,0.0,0,true
src/java/org/apache/log4j/xml/examples/ReportParserError.java,19.0,1.0,6.0,4.0,9.0,4.0,0,0.0,0.0,0.0,0,true
src/java/org/apache/log4j/xml/examples/XMLSample.java,34.0,3.0,6.0,4.0,11.0,6.0,0,0.0,0.0,0.0,0,true
src/java/org/apache/log4j/xml/test/DOMTest.java,39.0,8.0,6.0,4.0,14.0,6.0,0,0.0,0.0,0.0,0,true
tests/src/java/org/apache/log4j/AsyncAppenderTestCase.java,100.0,6.0,21.0,7.0,38.0,12.0,0,0.0,0.0,0.0,0,true
tests/src/java/org/apache/log4j/CoreTestSuite.java,28.0,3.0,0.0,1.0,1.0,2.0,0,0.0,0.0,0.0,0,true
tests/src/java/org/apache/log4j/DRFATestCase.java,309.0,7.0,120.0,16.0,76.0,47.0,1,0.0625,62.13333333333333,640.0,1,true
tests/src/java/org/apache/log4j/FileAppenderTest.java,50.0,3.0,6.0,4.0,17.0,7.0,0,0.0,0.0,0.0,0,true
tests/src/java/org/apache/log4j/HTMLLayoutTest.java,117.0,7.0,55.0,11.0,41.0,19.0,0,0.0,0.0,0.0,0,true
tests/src/java/org/apache/log4j/HierarchyThresholdTestCase.java,77.0,6.0,20.0,13.0,42.0,23.0,0,0.0,0.0,0.0,0,true
tests/src/java/org/apache/log4j/Last.java,12.0,3.0,3.0,3.0,1.0,4.0,0,0.0,0.0,0.0,0,true
tests/src/java/org/apache/log4j/LevelTest.java,184.0,2.0,253.0,23.0,47.0,29.0,0,0.0,0.0,0.0,0,true
tests/src/java/org/apache/log4j/LogManagerTest.java,47.0,1.0,15.0,6.0,5.0,6.0,0,0.0,0.0,0.0,0,true
tests/src/java/org/apache/log4j/LoggerTestCase.java,329.0,8.0,100.0,17.0,103.0,20.0,0,0.0,0.0,0.0,0,true
tests/src/java/org/apache/log4j/MinimumTestCase.java,149.0,6.0,9.0,7.0,23.0,12.0,0,0.0,0.0,0.0,0,true
tests/src/java/org/apache/log4j/MyPatternLayout.java,30.0,1.0,6.0,4.0,4.0,5.0,0,0.0,0.0,0.0,0,true
tests/src/java/org/apache/log4j/MyPatternParser.java,37.0,4.0,1.0,2.0,2.0,5.0,0,0.0,0.0,0.0,0,true
tests/src/java/org/apache/log4j/PatternLayoutTest.java,99.0,1.0,21.0,7.0,22.0,10.0,0,0.0,0.0,0.0,0,true
tests/src/java/org/apache/log4j/PatternLayoutTestCase.java,169.0,18.0,0.0,19.0,81.0,48.0,0,0.0,0.0,0.0,0,true
tests/src/java/org/apache/log4j/StressCategory.java,128.0,3.0,0.0,10.0,32.0,34.0,0,0.0,0.0,0.0,0,true
tests/src/java/org/apache/log4j/TTCCLayoutTest.java,78.0,2.0,15.0,6.0,24.0,8.0,0,0.0,0.0,0.0,0,true
tests/src/java/org/apache/log4j/VectorAppender.java,39.0,6.0,15.0,7.0,3.0,13.0,0,0.0,0.0,0.0,0,true
tests/src/java/org/apache/log4j/VectorErrorHandler.java,129.0,3.0,80.0,16.0,9.0,29.0,0,0.0,0.0,0.0,0,true
tests/src/java/org/apache/log4j/customLogger/XLogger.java,76.0,6.0,29.0,11.0,19.0,26.0,0,0.0,0.0,0.0,0,true
tests/src/java/org/apache/log4j/customLogger/XLoggerTestCase.java,40.0,7.0,13.0,6.0,15.0,11.0,0,0.0,0.0,0.0,0,true
tests/src/java/org/apache/log4j/defaultInit/TestCase1.java,20.0,5.0,10.0,5.0,6.0,6.0,0,0.0,0.0,0.0,0,true
tests/src/java/org/apache/log4j/defaultInit/TestCase2.java,23.0,6.0,10.0,5.0,9.0,6.0,0,0.0,0.0,0.0,0,true
tests/src/java/org/apache/log4j/defaultInit/TestCase3.java,23.0,6.0,10.0,5.0,9.0,6.0,0,0.0,0.0,0.0,0,true
tests/src/java/org/apache/log4j/defaultInit/TestCase4.java,24.0,6.0,10.0,5.0,9.0,6.0,0,0.0,0.0,0.0,0,true
tests/src/java/org/apache/log4j/helpers/BoundedFIFOTestCase.java,155.0,8.0,16.0,9.0,31.0,17.0,0,0.0,0.0,0.0,0,true
tests/src/java/org/apache/log4j/helpers/CyclicBufferTestCase.java,91.0,8.0,22.0,8.0,18.0,14.0,0,0.0,0.0,0.0,0,true
tests/src/java/org/apache/log4j/helpers/DateLayoutTest.java,217.0,8.0,253.0,23.0,61.0,28.0,0,0.0,0.0,0.0,0,true
tests/src/java/org/apache/log4j/helpers/OptionConverterTestCase.java,96.0,7.0,85.0,14.0,26.0,16.0,0,0.0,0.0,0.0,0,true
tests/src/java/org/apache/log4j/helpers/PatternParserTestCase.java,72.0,10.0,4.0,5.0,15.0,11.0,0,0.0,0.0,0.0,0,true
tests/src/java/org/apache/log4j/net/ShortSocketServer.java,43.0,10.0,1.0,2.0,13.0,6.0,0,0.0,0.0,0.0,0,true
tests/src/java/org/apache/log4j/net/SocketServerTestCase.java,228.0,15.0,1.0,14.0,96.0,41.0,0,0.0,0.0,0.0,0,true
tests/src/java/org/apache/log4j/net/SyslogAppenderTest.java,290.0,8.0,325.0,26.0,102.0,34.0,1,0.0625,62.13333333333333,640.0,1,true
tests/src/java/org/apache/log4j/nt/NTEventLogAppenderTest.java,26.0,5.0,1.0,2.0,8.0,2.0,0,0.0,0.0,0.0,0,false
tests/src/java/org/apache/log4j/or/ORTestCase.java,114.0,10.0,48.0,13.0,33.0,18.0,0,0.0,0.0,0.0,0,true
tests/src/java/org/apache/log4j/spi/LoggingEventTest.java,127.0,9.0,55.0,11.0,44.0,28.0,0,0.0,0.0,0.0,0,true
tests/src/java/org/apache/log4j/util/AbsoluteDateAndTimeFilter.java,12.0,2.0,0.0,1.0,2.0,4.0,0,0.0,0.0,0.0,0,true
tests/src/java/org/apache/log4j/util/AbsoluteTimeFilter.java,12.0,2.0,0.0,1.0,2.0,4.0,0,0.0,0.0,0.0,0,true
tests/src/java/org/apache/log4j/util/Compare.java,25.0,6.0,0.0,1.0,4.0,5.0,0,0.0,0.0,0.0,0,true
tests/src/java/org/apache/log4j/util/ControlFilter.java,16.0,2.0,0.0,2.0,1.0,6.0,0,0.0,0.0,0.0,0,true
tests/src/java/org/apache/log4j/util/Filter.java,8.0,0.0,0.0,1.0,0.0,2.0,0,0.0,0.0,0.0,0,true
tests/src/java/org/apache/log4j/util/ISO8601Filter.java,12.0,2.0,0.0,1.0,2.0,4.0,0,0.0,0.0,0.0,0,true
tests/src/java/org/apache/log4j/util/JunitTestRunnerFilter.java,23.0,1.0,0.0,1.0,2.0,5.0,0,0.0,0.0,0.0,0,true
tests/src/java/org/apache/log4j/util/LineNumberFilter.java,14.0,1.0,0.0,1.0,3.0,4.0,0,0.0,0.0,0.0,0,true
tests/src/java/org/apache/log4j/util/RelativeTimeFilter.java,12.0,2.0,0.0,1.0,2.0,4.0,0,0.0,0.0,0.0,0,true
tests/src/java/org/apache/log4j/util/SerializationTestHelper.java,96.0,9.0,10.0,5.0,15.0,17.0,0,0.0,0.0,0.0,0,true
tests/src/java/org/apache/log4j/util/SunReflectFilter.java,27.0,1.0,0.0,1.0,3.0,3.0,0,0.0,0.0,0.0,0,true
tests/src/java/org/apache/log4j/util/UnexpectedFormatException.java,5.0,0.0,0.0,1.0,0.0,1.0,0,0.0,0.0,0.0,0,true
tests/src/java/org/apache/log4j/util/XMLLineAttributeFilter.java,14.0,2.0,0.0,1.0,2.0,4.0,0,0.0,0.0,0.0,0,true
tests/src/java/org/apache/log4j/util/XMLTimestampFilter.java,11.0,2.0,0.0,1.0,2.0,4.0,0,0.0,0.0,0.0,0,true
tests/src/java/org/apache/log4j/varia/ERFATestCase.java,93.0,10.0,10.0,5.0,23.0,12.0,0,0.0,0.0,0.0,0,true
tests/src/java/org/apache/log4j/varia/ErrorHandlerTestCase.java,57.0,12.0,9.0,6.0,15.0,9.0,0,0.0,0.0,0.0,0,true
tests/src/java/org/apache/log4j/varia/LevelMatchFilterTestCase.java,70.0,14.0,9.0,7.0,31.0,12.0,0,0.0,0.0,0.0,0,true
tests/src/java/org/apache/log4j/xml/CustomLevelTestCase.java,51.0,11.0,20.0,9.0,26.0,14.0,0,0.0,0.0,0.0,0,true
tests/src/java/org/apache/log4j/xml/DOMTestCase.java,68.0,13.0,7.0,6.0,20.0,10.0,0,0.0,0.0,0.0,0,true
tests/src/java/org/apache/log4j/xml/XLevel.java,44.0,2.0,0.0,4.0,5.0,11.0,0,0.0,0.0,0.0,0,true
tests/src/java/org/apache/log4j/xml/XMLLayoutTest.java,204.0,14.0,66.0,12.0,79.0,34.0,0,0.0,0.0,0.0,0,true
tests/src/java/org/apache/log4j/xml/XMLLayoutTestCase.java,88.0,16.0,0.0,9.0,35.0,18.0,0,0.0,0.0,0.0,0,true
