name,LOC,CBO,LCOM,NOM,RFC,WMC,numOfChanges,bccm,structuralWorkloadSum,semanticWorkloadSum,numberOfDeveloper,isBuggy
examples/src/customLevel/XLevel.java,44.0,1.0,0.0,4.0,5.0,11.0,0,0.0,0.0,0.0,0,false
examples/src/factor/NumberCruncher.java,12.0,2.0,0.0,1.0,0.0,3.0,0,0.0,0.0,0.0,0,false
examples/src/factor/NumberCruncherClient.java,68.0,3.0,3.0,3.0,12.0,12.0,0,0.0,0.0,0.0,0,false
examples/src/factor/NumberCruncherServer.java,97.0,7.0,8.0,5.0,20.0,18.0,0,0.0,0.0,0.0,0,false
examples/src/joran/calculator/AddAction.java,37.0,5.0,3.0,3.0,5.0,8.0,0,0.0,0.0,0.0,0,false
examples/src/joran/calculator/Calculator1.java,33.0,7.0,0.0,1.0,9.0,4.0,0,0.0,0.0,0.0,0,false
examples/src/joran/calculator/Calculator2.java,28.0,7.0,0.0,1.0,9.0,4.0,0,0.0,0.0,0.0,0,false
examples/src/joran/calculator/ComputationAction1.java,31.0,4.0,0.0,2.0,4.0,5.0,0,0.0,0.0,0.0,0,false
examples/src/joran/calculator/ComputationAction2.java,44.0,5.0,0.0,2.0,6.0,4.0,0,0.0,0.0,0.0,0,false
examples/src/joran/calculator/LiteralAction.java,27.0,5.0,1.0,2.0,5.0,6.0,0,0.0,0.0,0.0,0,false
examples/src/joran/calculator/MultiplyAction.java,37.0,5.0,3.0,3.0,5.0,8.0,0,0.0,0.0,0.0,0,false
examples/src/joran/helloWorld/HelloWorld.java,20.0,6.0,0.0,1.0,4.0,2.0,0,0.0,0.0,0.0,0,false
examples/src/joran/helloWorld/HelloWorldAction.java,12.0,3.0,1.0,2.0,1.0,2.0,0,0.0,0.0,0.0,0,false
examples/src/joran/implicit/NOPAction.java,10.0,3.0,1.0,2.0,0.0,2.0,0,0.0,0.0,0.0,0,false
examples/src/joran/implicit/PrintMe.java,25.0,7.0,0.0,1.0,10.0,4.0,0,0.0,0.0,0.0,0,false
examples/src/joran/implicit/PrintMeImplicitAction.java,16.0,4.0,3.0,3.0,4.0,4.0,0,0.0,0.0,0.0,0,false
examples/src/joran/newRule/NewRuleCalculator.java,25.0,9.0,0.0,1.0,9.0,4.0,0,0.0,0.0,0.0,0,false
examples/src/objectBased/Base.java,17.0,1.0,1.0,2.0,3.0,3.0,0,0.0,0.0,0.0,0,false
examples/src/objectBased/ChildOne.java,10.0,1.0,1.0,2.0,2.0,3.0,0,0.0,0.0,0.0,0,false
examples/src/objectBased/ChildTwo.java,10.0,1.0,1.0,2.0,2.0,3.0,0,0.0,0.0,0.0,0,false
examples/src/objectBased/Test.java,11.0,3.0,0.0,1.0,4.0,1.0,0,0.0,0.0,0.0,0,false
examples/src/pattern/CountingPatternConverter.java,9.0,2.0,1.0,2.0,2.0,3.0,0,0.0,0.0,0.0,0,false
examples/src/pattern/LearnNewWord.java,21.0,3.0,0.0,1.0,8.0,2.0,0,0.0,0.0,0.0,0,false
examples/src/sort/Sort.java,54.0,2.0,1.0,2.0,9.0,5.0,0,0.0,0.0,0.0,0,false
examples/src/sort/SortAlgo.java,51.0,2.0,0.0,4.0,8.0,9.0,0,0.0,0.0,0.0,0,false
examples/src/subclass/MyLogger.java,33.0,2.0,4.0,4.0,1.0,5.0,0,0.0,0.0,0.0,0,false
examples/src/subclass/MyLoggerFactory.java,17.0,2.0,1.0,2.0,0.0,4.0,0,0.0,0.0,0.0,0,false
examples/src/subclass/MyLoggerTest.java,53.0,3.0,1.0,2.0,15.0,7.0,0,0.0,0.0,0.0,0,false
examples/src/trivial/Trivial.java,42.0,3.0,0.0,2.0,7.0,2.0,0,0.0,0.0,0.0,0,false
examples/tiny-webapp/Hello/src/java/wombat/HelloServlet.java,17.0,4.0,0.0,2.0,9.0,4.0,0,0.0,0.0,0.0,0,false
examples/tiny-webapp/Hello/src/java/wombat/InitServlet.java,8.0,4.0,1.0,2.0,1.0,3.0,0,0.0,0.0,0.0,0,false
examples/tiny-webapp/Tata/src/java/wombat/InitServlet.java,8.0,4.0,1.0,2.0,1.0,3.0,0,0.0,0.0,0.0,0,false
examples/tiny-webapp/Tata/src/java/wombat/TataServlet.java,17.0,4.0,0.0,2.0,9.0,4.0,0,0.0,0.0,0.0,0,false
src/java/org/apache/log4j/Appender.java,86.0,4.0,66.0,12.0,0.0,24.0,1,0.0022935779816513763,2130.6523076923077,146855.58627575726,1,true
src/java/org/apache/log4j/AppenderSkeleton.java,254.0,5.0,157.0,22.0,13.0,56.0,1,0.0022935779816513763,2130.6523076923077,146855.58627575726,1,true
src/java/org/apache/log4j/AsyncAppender.java,399.0,10.0,18.0,17.0,37.0,46.0,1,0.0022935779816513763,2130.6523076923077,146855.58627575726,1,true
src/java/org/apache/log4j/BasicConfigurator.java,35.0,0.0,6.0,4.0,5.0,5.0,1,0.0022935779816513763,2130.6523076923077,146855.58627575726,1,true
src/java/org/apache/log4j/Category.java,1192.0,10.0,878.0,72.0,172.0,235.0,2,0.0045871559633027525,2822.8541425546928,157491.8765983379,2,true
src/java/org/apache/log4j/CategoryKey.java,26.0,0.0,0.0,3.0,3.0,8.0,1,0.0022935779816513763,2130.6523076923077,146855.58627575726,1,true
src/java/org/apache/log4j/ConsoleAppender.java,161.0,2.0,18.0,9.0,12.0,21.0,1,0.0022935779816513763,2130.6523076923077,146855.58627575726,1,true
src/java/org/apache/log4j/DailyRollingFileAppender.java,248.0,10.0,0.0,9.0,30.0,33.0,2,0.0045871559633027525,2822.8541425546928,157491.8765983379,2,true
src/java/org/apache/log4j/DefaultLoggerFactory.java,13.0,1.0,1.0,2.0,0.0,3.0,1,0.0022935779816513763,692.2018348623853,10636.290322580644,1,false
src/java/org/apache/log4j/FileAppender.java,234.0,7.0,64.0,17.0,24.0,40.0,1,0.0022935779816513763,2130.6523076923077,146855.58627575726,1,true
src/java/org/apache/log4j/HTMLLayout.java,353.0,13.0,152.0,20.0,31.0,49.0,2,0.0045871559633027525,2822.8541425546928,157491.8765983379,2,true
src/java/org/apache/log4j/Hierarchy.java,594.0,20.0,1015.0,50.0,114.0,125.0,2,0.0045871559633027525,2822.8541425546928,157491.8765983379,2,true
src/java/org/apache/log4j/Layout.java,72.0,6.0,22.0,8.0,0.0,17.0,1,0.0022935779816513763,2130.6523076923077,146855.58627575726,1,true
src/java/org/apache/log4j/Level.java,220.0,5.0,33.0,10.0,11.0,30.0,2,0.0045871559633027525,2822.8541425546928,157491.8765983379,2,true
src/java/org/apache/log4j/LogManager.java,205.0,11.0,0.0,11.0,19.0,23.0,2,0.0045871559633027525,2822.8541425546928,157491.8765983379,2,true
src/java/org/apache/log4j/Logger.java,173.0,2.0,25.0,10.0,28.0,32.0,1,0.0022935779816513763,2130.6523076923077,146855.58627575726,1,true
src/java/org/apache/log4j/MDC.java,101.0,3.0,0.0,8.0,13.0,20.0,1,0.0022935779816513763,2130.6523076923077,146855.58627575726,1,true
src/java/org/apache/log4j/NDC.java,229.0,1.0,0.0,11.0,24.0,43.0,2,0.0045871559633027525,2822.8541425546928,157491.8765983379,2,true
src/java/org/apache/log4j/PatternLayout.java,400.0,4.0,12.0,8.0,10.0,21.0,2,0.0045871559633027525,2822.8541425546928,157491.8765983379,2,true
src/java/org/apache/log4j/Priority.java,181.0,0.0,38.0,13.0,4.0,30.0,2,0.0045871559633027525,2822.8541425546928,157491.8765983379,2,true
src/java/org/apache/log4j/PropertyConfigurator.java,533.0,20.0,178.0,20.0,118.0,58.0,2,0.0045871559633027525,2822.8541425546928,157491.8765983379,2,true
src/java/org/apache/log4j/ProvisionNode.java,6.0,1.0,0.0,1.0,1.0,1.0,1,0.0022935779816513763,2130.6523076923077,146855.58627575726,1,true
src/java/org/apache/log4j/RollingFileAppender.java,154.0,7.0,48.0,12.0,13.0,31.0,1,0.0022935779816513763,2130.6523076923077,146855.58627575726,1,true
src/java/org/apache/log4j/SimpleLayout.java,43.0,2.0,3.0,3.0,5.0,5.0,1,0.0022935779816513763,2130.6523076923077,146855.58627575726,1,true
src/java/org/apache/log4j/TTCCLayout.java,129.0,2.0,27.0,10.0,11.0,21.0,1,0.0022935779816513763,2130.6523076923077,146855.58627575726,1,true
src/java/org/apache/log4j/ULogger.java,53.0,0.0,190.0,20.0,0.0,27.0,0,0.0,0.0,0.0,0,false
src/java/org/apache/log4j/WriterAppender.java,325.0,7.0,130.0,21.0,35.0,55.0,1,0.0022935779816513763,2130.6523076923077,146855.58627575726,1,true
src/java/org/apache/log4j/concurrent/ConcurrentAppender.java,313.0,7.0,167.0,23.0,33.0,57.0,1,0.0022935779816513763,692.2018348623853,10636.290322580644,1,false
src/java/org/apache/log4j/concurrent/ConsoleAppender.java,161.0,3.0,18.0,9.0,12.0,21.0,0,0.0,0.0,0.0,0,false
src/java/org/apache/log4j/concurrent/FileAppender.java,206.0,8.0,54.0,16.0,19.0,42.0,2,0.0045871559633027525,2822.8541425546928,157491.8765983379,2,false
src/java/org/apache/log4j/concurrent/ReadWriteLock.java,60.0,0.0,1.0,2.0,0.0,2.0,1,0.0022935779816513763,692.2018348623853,10636.290322580644,1,false
src/java/org/apache/log4j/concurrent/ReentrantWriterPreferenceReadWriteLock.java,114.0,1.0,0.0,5.0,15.0,23.0,1,0.0022935779816513763,692.2018348623853,10636.290322580644,1,false
src/java/org/apache/log4j/concurrent/RollingFileAppender.java,399.0,11.0,51.0,14.0,56.0,37.0,1,0.0022935779816513763,692.2018348623853,10636.290322580644,1,false
src/java/org/apache/log4j/concurrent/Sync.java,279.0,0.0,3.0,3.0,0.0,12.0,1,0.0022935779816513763,692.2018348623853,10636.290322580644,1,false
src/java/org/apache/log4j/concurrent/SynchronizedBoolean.java,35.0,0.0,0.0,4.0,2.0,7.0,0,0.0,0.0,0.0,0,false
src/java/org/apache/log4j/concurrent/WriterAppender.java,257.0,6.0,82.0,16.0,48.0,46.0,1,0.0022935779816513763,692.2018348623853,10636.290322580644,1,false
src/java/org/apache/log4j/concurrent/WriterPreferenceReadWriteLock.java,232.0,0.0,20.0,13.0,7.0,38.0,1,0.0022935779816513763,692.2018348623853,10636.290322580644,1,false
src/java/org/apache/log4j/config/ConfigWatchdog.java,81.0,1.0,55.0,11.0,0.0,21.0,0,0.0,0.0,0.0,0,false
src/java/org/apache/log4j/config/ConfiguratorBase.java,93.0,11.0,28.0,8.0,38.0,15.0,0,0.0,0.0,0.0,0,false
src/java/org/apache/log4j/config/PropertyGetter.java,56.0,4.0,0.0,4.0,14.0,12.0,2,0.0045871559633027525,2822.8541425546928,157491.8765983379,2,true
src/java/org/apache/log4j/config/PropertyPrinter.java,101.0,7.0,3.0,10.0,38.0,24.0,1,0.0022935779816513763,2130.6523076923077,146855.58627575726,1,true
src/java/org/apache/log4j/config/PropertySetter.java,294.0,14.0,21.0,15.0,76.0,54.0,2,0.0045871559633027525,2822.8541425546928,157491.8765983379,2,true
src/java/org/apache/log4j/config/PropertySetterException.java,26.0,0.0,1.0,3.0,1.0,6.0,1,0.0022935779816513763,2130.6523076923077,146855.58627575726,1,true
src/java/org/apache/log4j/db/ConnectionSource.java,37.0,4.0,6.0,4.0,0.0,10.0,0,0.0,0.0,0.0,0,false
src/java/org/apache/log4j/db/ConnectionSourceSkeleton.java,72.0,5.0,18.0,8.0,8.0,19.0,0,0.0,0.0,0.0,0,true
src/java/org/apache/log4j/db/CustomSQLDBReceiver.java,315.0,16.0,79.0,15.0,14.0,29.0,1,0.0022935779816513763,692.2018348623853,10636.290322580644,1,false
src/java/org/apache/log4j/db/DBAppender.java,281.0,13.0,18.0,9.0,55.0,23.0,0,0.0,0.0,0.0,0,true
src/java/org/apache/log4j/db/DBHelper.java,37.0,5.0,3.0,3.0,5.0,9.0,1,0.0022935779816513763,692.2018348623853,10636.290322580644,1,false
src/java/org/apache/log4j/db/DBReceiver.java,60.0,5.0,12.0,8.0,8.0,14.0,1,0.0022935779816513763,692.2018348623853,10636.290322580644,1,false
src/java/org/apache/log4j/db/DBReceiverJob.java,130.0,15.0,8.0,5.0,48.0,18.0,1,0.0022935779816513763,692.2018348623853,10636.290322580644,1,false
src/java/org/apache/log4j/db/DataSourceConnectionSource.java,51.0,3.0,0.0,4.0,11.0,13.0,0,0.0,0.0,0.0,0,true
src/java/org/apache/log4j/db/DriverManagerConnectionSource.java,97.0,3.0,3.0,6.0,7.0,16.0,0,0.0,0.0,0.0,0,true
src/java/org/apache/log4j/db/JNDIConnectionSource.java,96.0,7.0,0.0,5.0,11.0,18.0,0,0.0,0.0,0.0,0,true
src/java/org/apache/log4j/db/dialect/HSQLDBDialect.java,10.0,0.0,0.0,1.0,0.0,2.0,0,0.0,0.0,0.0,0,false
src/java/org/apache/log4j/db/dialect/MsSQLDialect.java,12.0,0.0,0.0,1.0,0.0,2.0,0,0.0,0.0,0.0,0,false
src/java/org/apache/log4j/db/dialect/MySQLDialect.java,9.0,0.0,0.0,1.0,0.0,2.0,0,0.0,0.0,0.0,0,false
src/java/org/apache/log4j/db/dialect/OracleDialect.java,11.0,0.0,0.0,1.0,0.0,2.0,0,0.0,0.0,0.0,0,false
src/java/org/apache/log4j/db/dialect/PostgreSQLDialect.java,11.0,0.0,0.0,1.0,0.0,2.0,0,0.0,0.0,0.0,0,false
src/java/org/apache/log4j/db/dialect/SQLDialect.java,6.0,0.0,0.0,1.0,0.0,1.0,0,0.0,0.0,0.0,0,false
src/java/org/apache/log4j/db/dialect/Util.java,84.0,4.0,6.0,4.0,11.0,17.0,2,0.0045871559633027525,2822.8541425546928,157491.8765983379,2,true
src/java/org/apache/log4j/filter/AndFilter.java,76.0,2.0,2.0,4.0,4.0,11.0,0,0.0,0.0,0.0,0,false
src/java/org/apache/log4j/filter/DenyAllFilter.java,34.0,2.0,3.0,3.0,0.0,6.0,0,0.0,0.0,0.0,0,false
src/java/org/apache/log4j/filter/ExpressionFilter.java,66.0,4.0,8.0,8.0,2.0,13.0,0,0.0,0.0,0.0,0,false
src/java/org/apache/log4j/filter/LevelMatchFilter.java,60.0,4.0,0.0,5.0,4.0,10.0,0,0.0,0.0,0.0,0,false
src/java/org/apache/log4j/filter/LevelRangeFilter.java,87.0,3.0,3.0,7.0,3.0,13.0,0,0.0,0.0,0.0,0,false
src/java/org/apache/log4j/filter/LocationInfoFilter.java,46.0,5.0,1.0,6.0,4.0,11.0,0,0.0,0.0,0.0,0,false
src/java/org/apache/log4j/filter/MapFilter.java,33.0,5.0,0.0,1.0,13.0,5.0,0,0.0,0.0,0.0,0,false
src/java/org/apache/log4j/filter/PropertyFilter.java,42.0,6.0,1.0,3.0,16.0,9.0,0,0.0,0.0,0.0,0,false
src/java/org/apache/log4j/filter/ReflectionFilter.java,52.0,8.0,0.0,1.0,14.0,6.0,0,0.0,0.0,0.0,0,false
src/java/org/apache/log4j/filter/StringMatchFilter.java,44.0,2.0,0.0,5.0,2.0,10.0,0,0.0,0.0,0.0,0,true
src/java/org/apache/log4j/helpers/AbsoluteTimeDateFormat.java,81.0,7.0,0.0,7.0,4.0,16.0,2,0.0045871559633027525,2822.8541425546928,157491.8765983379,2,true
src/java/org/apache/log4j/helpers/AppenderAttachableImpl.java,132.0,5.0,0.0,8.0,22.0,31.0,1,0.0022935779816513763,2130.6523076923077,146855.58627575726,1,true
src/java/org/apache/log4j/helpers/BoundedFIFO.java,116.0,1.0,0.0,10.0,2.0,28.0,1,0.0022935779816513763,2130.6523076923077,146855.58627575726,1,true
src/java/org/apache/log4j/helpers/Constants.java,30.0,0.0,0.0,0.0,0.0,0.0,0,0.0,0.0,0.0,0,false
src/java/org/apache/log4j/helpers/CountingQuietWriter.java,32.0,3.0,0.0,4.0,3.0,6.0,1,0.0022935779816513763,2130.6523076923077,146855.58627575726,1,true
src/java/org/apache/log4j/helpers/CyclicBuffer.java,99.0,1.0,0.0,7.0,0.0,22.0,1,0.0022935779816513763,2130.6523076923077,146855.58627575726,1,true
src/java/org/apache/log4j/helpers/DateLayout.java,143.0,7.0,40.0,12.0,11.0,28.0,2,0.0045871559633027525,2822.8541425546928,157491.8765983379,2,true
src/java/org/apache/log4j/helpers/DateTimeDateFormat.java,37.0,4.0,0.0,3.0,0.0,3.0,2,0.0045871559633027525,2822.8541425546928,157491.8765983379,2,true
src/java/org/apache/log4j/helpers/FileWatchdog.java,77.0,3.0,4.0,5.0,9.0,11.0,1,0.0022935779816513763,2130.6523076923077,146855.58627575726,1,true
src/java/org/apache/log4j/helpers/FormattingInfo.java,21.0,0.0,0.0,2.0,1.0,2.0,1,0.0022935779816513763,2130.6523076923077,146855.58627575726,1,true
src/java/org/apache/log4j/helpers/ISO8601DateFormat.java,32.0,1.0,0.0,2.0,0.0,2.0,1,0.0022935779816513763,2130.6523076923077,146855.58627575726,1,true
src/java/org/apache/log4j/helpers/IntializationUtil.java,40.0,4.0,1.0,2.0,4.0,7.0,0,0.0,0.0,0.0,0,false
src/java/org/apache/log4j/helpers/JNDIUtil.java,19.0,3.0,1.0,2.0,1.0,7.0,0,0.0,0.0,0.0,0,false
src/java/org/apache/log4j/helpers/Loader.java,105.0,1.0,8.0,5.0,10.0,19.0,1,0.0022935779816513763,2130.6523076923077,146855.58627575726,1,true
src/java/org/apache/log4j/helpers/LogLog.java,125.0,0.0,26.0,9.0,10.0,14.0,1,0.0022935779816513763,2130.6523076923077,146855.58627575726,1,true
src/java/org/apache/log4j/helpers/LoggerTraverse.java,237.0,10.0,19.0,11.0,57.0,45.0,0,0.0,0.0,0.0,0,false
src/java/org/apache/log4j/helpers/MessageFormatter.java,93.0,0.0,0.0,2.0,12.0,10.0,0,0.0,0.0,0.0,0,false
src/java/org/apache/log4j/helpers/NullEnumeration.java,19.0,2.0,6.0,4.0,0.0,7.0,1,0.0022935779816513763,2130.6523076923077,146855.58627575726,1,true
src/java/org/apache/log4j/helpers/OnlyOnceErrorHandler.java,26.0,3.0,21.0,7.0,0.0,7.0,1,0.0022935779816513763,2130.6523076923077,146855.58627575726,1,true
src/java/org/apache/log4j/helpers/Option.java,9.0,0.0,0.0,1.0,1.0,2.0,0,0.0,0.0,0.0,0,false
src/java/org/apache/log4j/helpers/OptionConverter.java,413.0,10.0,120.0,16.0,72.0,73.0,2,0.0045871559633027525,2822.8541425546928,157491.8765983379,2,true
src/java/org/apache/log4j/helpers/PatternConverter.java,67.0,1.0,8.0,5.0,6.0,13.0,1,0.0022935779816513763,2130.6523076923077,146855.58627575726,1,true
src/java/org/apache/log4j/helpers/PatternParser.java,387.0,6.0,3.0,7.0,27.0,31.0,2,0.0045871559633027525,2822.8541425546928,157491.8765983379,2,true
src/java/org/apache/log4j/helpers/PlatformInfo.java,59.0,1.0,0.0,4.0,6.0,18.0,0,0.0,0.0,0.0,0,false
src/java/org/apache/log4j/helpers/QuietWriter.java,46.0,4.0,0.0,4.0,5.0,9.0,1,0.0022935779816513763,2130.6523076923077,146855.58627575726,1,true
src/java/org/apache/log4j/helpers/ReaderWriterLock.java,82.0,1.0,0.0,7.0,11.0,17.0,0,0.0,0.0,0.0,0,false
src/java/org/apache/log4j/helpers/RelativeTimeDateFormat.java,35.0,5.0,4.0,4.0,3.0,8.0,1,0.0022935779816513763,2130.6523076923077,146855.58627575726,1,true
src/java/org/apache/log4j/helpers/SyslogQuietWriter.java,29.0,1.0,0.0,4.0,0.0,4.0,1,0.0022935779816513763,2130.6523076923077,146855.58627575726,1,true
src/java/org/apache/log4j/helpers/SyslogWriter.java,87.0,11.0,0.0,5.0,21.0,16.0,2,0.0045871559633027525,2822.8541425546928,157491.8765983379,2,true
src/java/org/apache/log4j/helpers/ThreadLocalMap.java,17.0,1.0,0.0,1.0,1.0,4.0,1,0.0022935779816513763,2130.6523076923077,146855.58627575726,1,true
src/java/org/apache/log4j/helpers/Transform.java,65.0,2.0,1.0,2.0,9.0,12.0,1,0.0022935779816513763,2130.6523076923077,146855.58627575726,1,true
src/java/org/apache/log4j/helpers/UtilLoggingLevel.java,95.0,3.0,3.0,6.0,5.0,14.0,2,0.0045871559633027525,2822.8541425546928,157491.8765983379,2,true
src/java/org/apache/log4j/jdbc/JDBCAppender.java,245.0,9.0,170.0,21.0,36.0,48.0,2,0.0045871559633027525,2822.8541425546928,157491.8765983379,2,true
src/java/org/apache/log4j/jmx/AbstractDynamicMBean.java,82.0,9.0,30.0,9.0,18.0,22.0,2,0.0045871559633027525,2822.8541425546928,157491.8765983379,2,true
src/java/org/apache/log4j/jmx/AppenderDynamicMBean.java,152.0,25.0,0.0,10.0,52.0,41.0,2,0.0045871559633027525,2822.8541425546928,157491.8765983379,2,true
src/java/org/apache/log4j/jmx/HierarchyDynamicMBean.java,175.0,28.0,43.0,18.0,54.0,51.0,2,0.0045871559633027525,2822.8541425546928,157491.8765983379,2,true
src/java/org/apache/log4j/jmx/LayoutDynamicMBean.java,114.0,24.0,0.0,8.0,32.0,32.0,2,0.0045871559633027525,2822.8541425546928,157491.8765983379,2,true
src/java/org/apache/log4j/jmx/LoggerDynamicMBean.java,126.0,22.0,16.0,12.0,46.0,31.0,2,0.0045871559633027525,2822.8541425546928,157491.8765983379,2,true
src/java/org/apache/log4j/joran/JoranConfigurator.java,157.0,42.0,76.0,17.0,50.0,34.0,1,0.0022935779816513763,692.2018348623853,10636.290322580644,1,true
src/java/org/apache/log4j/joran/action/Action.java,43.0,6.0,10.0,5.0,8.0,13.0,0,0.0,0.0,0.0,0,false
src/java/org/apache/log4j/joran/action/ActionConst.java,18.0,0.0,0.0,0.0,0.0,0.0,0,0.0,0.0,0.0,0,false
src/java/org/apache/log4j/joran/action/AppenderAction.java,59.0,10.0,1.0,3.0,22.0,11.0,0,0.0,0.0,0.0,0,false
src/java/org/apache/log4j/joran/action/AppenderRefAction.java,39.0,9.0,3.0,3.0,12.0,7.0,1,0.0022935779816513763,692.2018348623853,10636.290322580644,1,false
src/java/org/apache/log4j/joran/action/ConfigurationAction.java,38.0,5.0,1.0,3.0,15.0,7.0,1,0.0022935779816513763,692.2018348623853,10636.290322580644,1,true
src/java/org/apache/log4j/joran/action/ConversionRuleAction.java,45.0,9.0,3.0,3.0,12.0,6.0,1,0.0022935779816513763,692.2018348623853,10636.290322580644,1,false
src/java/org/apache/log4j/joran/action/ImplicitAction.java,18.0,3.0,0.0,1.0,0.0,2.0,0,0.0,0.0,0.0,0,false
src/java/org/apache/log4j/joran/action/JndiSubstitutionPropertyAction.java,80.0,6.0,4.0,4.0,15.0,12.0,0,0.0,0.0,0.0,0,false
src/java/org/apache/log4j/joran/action/LayoutAction.java,52.0,8.0,1.0,3.0,18.0,9.0,1,0.0022935779816513763,692.2018348623853,10636.290322580644,1,false
src/java/org/apache/log4j/joran/action/LevelAction.java,47.0,8.0,3.0,3.0,16.0,7.0,1,0.0022935779816513763,692.2018348623853,10636.290322580644,1,false
src/java/org/apache/log4j/joran/action/LoggerAction.java,61.0,11.0,1.0,3.0,22.0,8.0,1,0.0022935779816513763,692.2018348623853,10636.290322580644,1,false
src/java/org/apache/log4j/joran/action/LoggerFactoryAction.java,15.0,7.0,1.0,2.0,6.0,7.0,1,0.0022935779816513763,692.2018348623853,10636.290322580644,1,false
src/java/org/apache/log4j/joran/action/NestComponentIA.java,81.0,11.0,0.0,4.0,27.0,14.0,0,0.0,0.0,0.0,0,false
src/java/org/apache/log4j/joran/action/NewRuleAction.java,39.0,5.0,3.0,3.0,10.0,6.0,1,0.0022935779816513763,692.2018348623853,10636.290322580644,1,false
src/java/org/apache/log4j/joran/action/ParamAction.java,29.0,4.0,3.0,3.0,9.0,5.0,1,0.0022935779816513763,692.2018348623853,10636.290322580644,1,false
src/java/org/apache/log4j/joran/action/PluginAction.java,53.0,9.0,1.0,3.0,21.0,10.0,1,0.0022935779816513763,692.2018348623853,10636.290322580644,1,false
src/java/org/apache/log4j/joran/action/PriorityAction.java,11.0,2.0,0.0,1.0,2.0,1.0,0,0.0,0.0,0.0,0,false
src/java/org/apache/log4j/joran/action/PropertyAction.java,47.0,8.0,10.0,5.0,11.0,10.0,0,0.0,0.0,0.0,0,false
src/java/org/apache/log4j/joran/action/RepositoryPropertyAction.java,21.0,4.0,1.0,2.0,5.0,4.0,0,0.0,0.0,0.0,0,false
src/java/org/apache/log4j/joran/action/RootLoggerAction.java,32.0,4.0,1.0,3.0,10.0,6.0,0,0.0,0.0,0.0,0,false
src/java/org/apache/log4j/joran/action/SubstitutionPropertyAction.java,13.0,2.0,1.0,2.0,2.0,2.0,0,0.0,0.0,0.0,0,false
src/java/org/apache/log4j/joran/spi/ActionException.java,34.0,0.0,0.0,4.0,0.0,6.0,0,0.0,0.0,0.0,0,false
src/java/org/apache/log4j/joran/spi/ExecutionContext.java,85.0,11.0,45.0,15.0,21.0,32.0,0,0.0,0.0,0.0,0,false
src/java/org/apache/log4j/joran/spi/Interpreter.java,261.0,20.0,252.0,28.0,63.0,73.0,0,0.0,0.0,0.0,0,false
src/java/org/apache/log4j/joran/spi/JoranDocument.java,132.0,18.0,39.0,11.0,26.0,27.0,0,0.0,0.0,0.0,0,false
src/java/org/apache/log4j/joran/spi/Pattern.java,125.0,1.0,0.0,12.0,24.0,38.0,1,0.0022935779816513763,692.2018348623853,10636.290322580644,1,false
src/java/org/apache/log4j/joran/spi/RuleStore.java,5.0,2.0,3.0,3.0,0.0,4.0,0,0.0,0.0,0.0,0,false
src/java/org/apache/log4j/joran/spi/SimpleRuleStore.java,57.0,7.0,6.0,5.0,14.0,12.0,0,0.0,0.0,0.0,0,false
src/java/org/apache/log4j/lbel/EventEvaluator.java,20.0,1.0,0.0,1.0,0.0,4.0,0,0.0,0.0,0.0,0,false
src/java/org/apache/log4j/lbel/LBELEventEvaluator.java,54.0,4.0,0.0,4.0,9.0,11.0,0,0.0,0.0,0.0,0,false
src/java/org/apache/log4j/lbel/Node.java,60.0,0.0,25.0,10.0,4.0,20.0,0,0.0,0.0,0.0,0,false
src/java/org/apache/log4j/lbel/Operator.java,62.0,0.0,0.0,4.0,0.0,10.0,0,0.0,0.0,0.0,0,false
src/java/org/apache/log4j/lbel/Parser.java,256.0,9.0,0.0,13.0,53.0,61.0,1,0.0022935779816513763,692.2018348623853,10636.290322580644,1,false
src/java/org/apache/log4j/lbel/ScanError.java,13.0,0.0,1.0,3.0,0.0,4.0,0,0.0,0.0,0.0,0,false
src/java/org/apache/log4j/lbel/Token.java,101.0,0.0,0.0,5.0,0.0,10.0,0,0.0,0.0,0.0,0,false
src/java/org/apache/log4j/lbel/TokenStream.java,144.0,5.0,0.0,4.0,13.0,17.0,2,0.0045871559633027525,2822.8541425546928,157491.8765983379,2,true
src/java/org/apache/log4j/lbel/comparator/ClassComparator.java,16.0,4.0,1.0,2.0,2.0,5.0,0,0.0,0.0,0.0,0,false
src/java/org/apache/log4j/lbel/comparator/Comparator.java,14.0,1.0,0.0,1.0,0.0,4.0,0,0.0,0.0,0.0,0,false
src/java/org/apache/log4j/lbel/comparator/LevelComparator.java,40.0,2.0,0.0,2.0,3.0,6.0,0,0.0,0.0,0.0,0,false
src/java/org/apache/log4j/lbel/comparator/LoggerComparator.java,16.0,3.0,1.0,2.0,1.0,4.0,0,0.0,0.0,0.0,0,false
src/java/org/apache/log4j/lbel/comparator/MessageComparator.java,16.0,3.0,1.0,2.0,1.0,4.0,0,0.0,0.0,0.0,0,false
src/java/org/apache/log4j/lbel/comparator/MethodComparator.java,16.0,4.0,1.0,2.0,2.0,5.0,0,0.0,0.0,0.0,0,false
src/java/org/apache/log4j/lbel/comparator/PropertyComparator.java,21.0,3.0,0.0,3.0,1.0,6.0,0,0.0,0.0,0.0,0,false
src/java/org/apache/log4j/lbel/comparator/StringComparator.java,98.0,7.0,0.0,4.0,15.0,16.0,0,0.0,0.0,0.0,0,false
src/java/org/apache/log4j/lbel/comparator/TimestampComparator.java,30.0,2.0,0.0,2.0,2.0,5.0,0,0.0,0.0,0.0,0,false
src/java/org/apache/log4j/multiplex/AppenderFactory.java,6.0,3.0,0.0,1.0,0.0,1.0,0,0.0,0.0,0.0,0,false
src/java/org/apache/log4j/multiplex/AppenderFactoryUtils.java,50.0,8.0,21.0,7.0,14.0,17.0,0,0.0,0.0,0.0,0,false
src/java/org/apache/log4j/multiplex/MDCKeySelector.java,30.0,2.0,4.0,5.0,3.0,7.0,0,0.0,0.0,0.0,0,false
src/java/org/apache/log4j/multiplex/MultiplexAppender.java,37.0,3.0,19.0,7.0,6.0,11.0,0,0.0,0.0,0.0,0,false
src/java/org/apache/log4j/multiplex/MultiplexSelector.java,10.0,3.0,3.0,3.0,0.0,3.0,0,0.0,0.0,0.0,0,false
src/java/org/apache/log4j/multiplex/MultiplexSelectorSkeleton.java,33.0,6.0,2.0,4.0,9.0,8.0,0,0.0,0.0,0.0,0,false
src/java/org/apache/log4j/net/AddressBased.java,13.0,0.0,0.0,1.0,0.0,2.0,0,0.0,0.0,0.0,0,false
src/java/org/apache/log4j/net/JMSAppender.java,332.0,14.0,349.0,30.0,25.0,68.0,1,0.0022935779816513763,2130.6523076923077,146855.58627575726,1,true
src/java/org/apache/log4j/net/JMSReceiver.java,217.0,18.0,101.0,19.0,31.0,45.0,1,0.0022935779816513763,692.2018348623853,10636.290322580644,1,false
src/java/org/apache/log4j/net/JMSReceiverBeanInfo.java,14.0,2.0,0.0,1.0,0.0,3.0,0,0.0,0.0,0.0,0,false
src/java/org/apache/log4j/net/JMSSink.java,83.0,20.0,4.0,5.0,27.0,19.0,2,0.0045871559633027525,2822.8541425546928,157491.8765983379,2,true
src/java/org/apache/log4j/net/MulticastAppender.java,238.0,8.0,160.0,21.0,27.0,50.0,1,0.0022935779816513763,692.2018348623853,10636.290322580644,1,false
src/java/org/apache/log4j/net/MulticastReceiver.java,187.0,13.0,50.0,13.0,10.0,24.0,0,0.0,0.0,0.0,0,false
src/java/org/apache/log4j/net/MulticastReceiverBeanInfo.java,14.0,2.0,0.0,1.0,0.0,3.0,0,0.0,0.0,0.0,0,false
src/java/org/apache/log4j/net/NetworkBased.java,8.0,0.0,1.0,2.0,0.0,2.0,0,0.0,0.0,0.0,0,false
src/java/org/apache/log4j/net/PortBased.java,12.0,0.0,0.0,1.0,0.0,2.0,0,0.0,0.0,0.0,0,false
src/java/org/apache/log4j/net/SMTPAppender.java,530.0,29.0,877.0,46.0,57.0,104.0,2,0.0045871559633027525,2822.8541425546928,157491.8765983379,2,true
src/java/org/apache/log4j/net/SimpleSocketServer.java,57.0,6.0,1.0,3.0,18.0,10.0,1,0.0022935779816513763,2130.6523076923077,146855.58627575726,1,true
src/java/org/apache/log4j/net/SocketAppender.java,334.0,8.0,134.0,21.0,38.0,48.0,1,0.0022935779816513763,2130.6523076923077,146855.58627575726,1,true
src/java/org/apache/log4j/net/SocketHubAppender.java,330.0,11.0,61.0,14.0,25.0,33.0,1,0.0022935779816513763,2130.6523076923077,146855.58627575726,1,true
src/java/org/apache/log4j/net/SocketHubReceiver.java,227.0,9.0,132.0,21.0,22.0,46.0,0,0.0,0.0,0.0,0,false
src/java/org/apache/log4j/net/SocketHubReceiverBeanInfo.java,14.0,2.0,0.0,1.0,0.0,3.0,0,0.0,0.0,0.0,0,false
src/java/org/apache/log4j/net/SocketNode.java,155.0,14.0,17.0,10.0,32.0,22.0,1,0.0022935779816513763,2130.6523076923077,146855.58627575726,1,true
src/java/org/apache/log4j/net/SocketNodeEventListener.java,18.0,1.0,1.0,2.0,0.0,2.0,0,0.0,0.0,0.0,0,false
src/java/org/apache/log4j/net/SocketReceiver.java,266.0,16.0,124.0,20.0,50.0,46.0,1,0.0022935779816513763,692.2018348623853,10636.290322580644,1,false
src/java/org/apache/log4j/net/SocketServer.java,141.0,7.0,0.0,6.0,32.0,19.0,1,0.0022935779816513763,2130.6523076923077,146855.58627575726,1,true
src/java/org/apache/log4j/net/SyslogAppender.java,321.0,13.0,130.0,20.0,39.0,56.0,2,0.0045871559633027525,2822.8541425546928,157491.8765983379,2,true
src/java/org/apache/log4j/net/TelnetAppender.java,190.0,6.0,9.0,7.0,11.0,18.0,2,0.0045871559633027525,2822.8541425546928,157491.8765983379,2,true
src/java/org/apache/log4j/net/UDPAppender.java,252.0,8.0,124.0,21.0,31.0,50.0,1,0.0022935779816513763,692.2018348623853,10636.290322580644,1,true
src/java/org/apache/log4j/net/UDPReceiver.java,186.0,11.0,27.0,10.0,8.0,21.0,0,0.0,0.0,0.0,0,false
src/java/org/apache/log4j/net/XMLSocketNode.java,145.0,9.0,0.0,4.0,30.0,15.0,0,0.0,0.0,0.0,0,false
src/java/org/apache/log4j/net/XMLSocketReceiver.java,188.0,9.0,97.0,19.0,36.0,41.0,0,0.0,0.0,0.0,0,false
src/java/org/apache/log4j/net/test/Loop.java,32.0,2.0,1.0,2.0,13.0,6.0,1,0.0022935779816513763,2130.6523076923077,146855.58627575726,1,true
src/java/org/apache/log4j/net/test/SMTPMin.java,28.0,1.0,6.0,4.0,17.0,6.0,1,0.0022935779816513763,2130.6523076923077,146855.58627575726,1,true
src/java/org/apache/log4j/net/test/SocketMin.java,70.0,7.0,2.0,5.0,32.0,12.0,2,0.0045871559633027525,2822.8541425546928,157491.8765983379,2,true
src/java/org/apache/log4j/net/test/SyslogMin.java,31.0,4.0,6.0,4.0,12.0,6.0,1,0.0022935779816513763,2130.6523076923077,146855.58627575726,1,true
src/java/org/apache/log4j/nt/NTEventLogAppender.java,112.0,4.0,58.0,16.0,15.0,25.0,2,0.0045871559633027525,2822.8541425546928,157491.8765983379,2,true
src/java/org/apache/log4j/or/DefaultRenderer.java,17.0,0.0,1.0,2.0,1.0,3.0,1,0.0022935779816513763,2130.6523076923077,146855.58627575726,1,true
src/java/org/apache/log4j/or/ObjectRenderer.java,11.0,0.0,0.0,1.0,0.0,1.0,1,0.0022935779816513763,2130.6523076923077,146855.58627575726,1,true
src/java/org/apache/log4j/or/RendererMap.java,163.0,5.0,23.0,10.0,22.0,35.0,1,0.0022935779816513763,2130.6523076923077,146855.58627575726,1,true
src/java/org/apache/log4j/or/ThreadGroupRenderer.java,48.0,1.0,1.0,2.0,8.0,6.0,1,0.0022935779816513763,2130.6523076923077,146855.58627575726,1,true
src/java/org/apache/log4j/or/jms/MessageRenderer.java,56.0,4.0,1.0,2.0,12.0,8.0,1,0.0022935779816513763,2130.6523076923077,146855.58627575726,1,true
src/java/org/apache/log4j/or/sax/AttributesRenderer.java,35.0,2.0,1.0,2.0,5.0,6.0,1,0.0022935779816513763,2130.6523076923077,146855.58627575726,1,true
src/java/org/apache/log4j/pattern/BridgePatternConverter.java,87.0,9.0,2.0,4.0,13.0,14.0,0,0.0,0.0,0.0,0,false
src/java/org/apache/log4j/pattern/BridgePatternParser.java,34.0,2.0,0.0,2.0,0.0,3.0,0,0.0,0.0,0.0,0,false
src/java/org/apache/log4j/pattern/CachedDateFormat.java,242.0,6.0,6.0,9.0,22.0,32.0,0,0.0,0.0,0.0,0,false
src/java/org/apache/log4j/pattern/ClassNamePatternConverter.java,40.0,3.0,3.0,3.0,5.0,9.0,0,0.0,0.0,0.0,0,true
src/java/org/apache/log4j/pattern/DatePatternConverter.java,92.0,6.0,4.0,5.0,10.0,15.0,0,0.0,0.0,0.0,0,false
src/java/org/apache/log4j/pattern/FileDatePatternConverter.java,26.0,1.0,1.0,2.0,1.0,4.0,0,0.0,0.0,0.0,0,false
src/java/org/apache/log4j/pattern/FileLocationPatternConverter.java,35.0,3.0,3.0,3.0,3.0,6.0,0,0.0,0.0,0.0,0,false
src/java/org/apache/log4j/pattern/FormattingInfo.java,96.0,0.0,1.0,6.0,5.0,15.0,0,0.0,0.0,0.0,0,false
src/java/org/apache/log4j/pattern/FullLocationPatternConverter.java,35.0,3.0,3.0,3.0,3.0,6.0,0,0.0,0.0,0.0,0,false
src/java/org/apache/log4j/pattern/IntegerPatternConverter.java,37.0,2.0,3.0,3.0,3.0,6.0,0,0.0,0.0,0.0,0,false
src/java/org/apache/log4j/pattern/LevelPatternConverter.java,57.0,3.0,6.0,4.0,6.0,9.0,0,0.0,0.0,0.0,0,false
src/java/org/apache/log4j/pattern/LineLocationPatternConverter.java,35.0,3.0,3.0,3.0,3.0,6.0,0,0.0,0.0,0.0,0,false
src/java/org/apache/log4j/pattern/LineSeparatorPatternConverter.java,43.0,3.0,0.0,4.0,2.0,7.0,0,0.0,0.0,0.0,0,false
src/java/org/apache/log4j/pattern/LiteralPatternConverter.java,31.0,1.0,0.0,3.0,2.0,5.0,0,0.0,0.0,0.0,0,false
src/java/org/apache/log4j/pattern/LoggerPatternConverter.java,39.0,2.0,3.0,3.0,4.0,7.0,0,0.0,0.0,0.0,0,true
src/java/org/apache/log4j/pattern/LoggingEventPatternConverter.java,40.0,1.0,6.0,4.0,1.0,12.0,0,0.0,0.0,0.0,0,false
src/java/org/apache/log4j/pattern/MessagePatternConverter.java,32.0,2.0,3.0,3.0,2.0,5.0,0,0.0,0.0,0.0,0,false
src/java/org/apache/log4j/pattern/MethodLocationPatternConverter.java,35.0,3.0,3.0,3.0,3.0,6.0,0,0.0,0.0,0.0,0,false
src/java/org/apache/log4j/pattern/NDCPatternConverter.java,32.0,2.0,3.0,3.0,2.0,5.0,0,0.0,0.0,0.0,0,false
src/java/org/apache/log4j/pattern/NameAbbreviator.java,211.0,2.0,1.0,3.0,6.0,10.0,0,0.0,0.0,0.0,0,true
src/java/org/apache/log4j/pattern/NamePatternConverter.java,35.0,0.0,0.0,2.0,3.0,6.0,0,0.0,0.0,0.0,0,false
src/java/org/apache/log4j/pattern/PatternConverter.java,55.0,0.0,2.0,4.0,0.0,9.0,0,0.0,0.0,0.0,0,false
src/java/org/apache/log4j/pattern/PatternParser.java,488.0,9.0,28.0,8.0,47.0,43.0,0,0.0,0.0,0.0,0,true
src/java/org/apache/log4j/pattern/PropertiesPatternConverter.java,60.0,3.0,1.0,3.0,7.0,12.0,0,0.0,0.0,0.0,0,false
src/java/org/apache/log4j/pattern/RelativeTimePatternConverter.java,73.0,2.0,3.0,3.0,5.0,6.0,0,0.0,0.0,0.0,0,false
src/java/org/apache/log4j/pattern/SequenceNumberPatternConverter.java,32.0,2.0,3.0,3.0,3.0,5.0,0,0.0,0.0,0.0,0,false
src/java/org/apache/log4j/pattern/ThreadPatternConverter.java,32.0,2.0,3.0,3.0,2.0,5.0,0,0.0,0.0,0.0,0,false
src/java/org/apache/log4j/pattern/ThrowableInformationPatternConverter.java,69.0,3.0,4.0,4.0,4.0,17.0,0,0.0,0.0,0.0,0,false
src/java/org/apache/log4j/plugins/Pauseable.java,8.0,0.0,1.0,2.0,0.0,2.0,0,0.0,0.0,0.0,0,false
src/java/org/apache/log4j/plugins/Plugin.java,92.0,3.0,55.0,11.0,0.0,24.0,0,0.0,0.0,0.0,0,false
src/java/org/apache/log4j/plugins/PluginEvent.java,22.0,1.0,1.0,2.0,1.0,4.0,0,0.0,0.0,0.0,0,false
src/java/org/apache/log4j/plugins/PluginListener.java,9.0,1.0,1.0,2.0,0.0,2.0,0,0.0,0.0,0.0,0,false
src/java/org/apache/log4j/plugins/PluginRegistry.java,196.0,9.0,0.0,12.0,43.0,33.0,0,0.0,0.0,0.0,0,false
src/java/org/apache/log4j/plugins/PluginSkeleton.java,131.0,5.0,13.0,14.0,14.0,23.0,0,0.0,0.0,0.0,0,false
src/java/org/apache/log4j/plugins/Receiver.java,72.0,4.0,0.0,4.0,10.0,10.0,0,0.0,0.0,0.0,0,true
src/java/org/apache/log4j/rolling/FilterBasedTriggeringPolicy.java,75.0,3.0,0.0,6.0,5.0,14.0,0,0.0,0.0,0.0,0,true
src/java/org/apache/log4j/rolling/FixedWindowRollingPolicy.java,223.0,8.0,0.0,9.0,27.0,27.0,1,0.0022935779816513763,692.2018348623853,10636.290322580644,1,true
src/java/org/apache/log4j/rolling/RollingFileAppender.java,343.0,9.0,28.0,12.0,40.0,33.0,1,0.0022935779816513763,692.2018348623853,10636.290322580644,1,true
src/java/org/apache/log4j/rolling/RollingPolicy.java,29.0,1.0,1.0,2.0,0.0,10.0,0,0.0,0.0,0.0,0,true
src/java/org/apache/log4j/rolling/RollingPolicyBase.java,120.0,9.0,10.0,9.0,10.0,22.0,0,0.0,0.0,0.0,0,true
src/java/org/apache/log4j/rolling/RolloverDescription.java,29.0,1.0,6.0,4.0,0.0,12.0,0,0.0,0.0,0.0,0,false
src/java/org/apache/log4j/rolling/RolloverDescriptionImpl.java,71.0,1.0,2.0,5.0,0.0,14.0,0,0.0,0.0,0.0,0,false
src/java/org/apache/log4j/rolling/SizeBasedTriggeringPolicy.java,49.0,3.0,3.0,6.0,0.0,10.0,0,0.0,0.0,0.0,0,true
src/java/org/apache/log4j/rolling/TimeBasedRollingPolicy.java,195.0,9.0,0.0,5.0,19.0,17.0,0,0.0,0.0,0.0,0,true
src/java/org/apache/log4j/rolling/TriggeringPolicy.java,21.0,3.0,0.0,1.0,0.0,4.0,0,0.0,0.0,0.0,0,true
src/java/org/apache/log4j/rolling/helper/Action.java,26.0,1.0,3.0,3.0,0.0,10.0,0,0.0,0.0,0.0,0,false
src/java/org/apache/log4j/rolling/helper/ActionBase.java,60.0,1.0,11.0,6.0,2.0,14.0,0,0.0,0.0,0.0,0,false
src/java/org/apache/log4j/rolling/helper/CompositeAction.java,78.0,3.0,0.0,3.0,5.0,13.0,0,0.0,0.0,0.0,0,false
src/java/org/apache/log4j/rolling/helper/FileRenameAction.java,50.0,1.0,0.0,3.0,4.0,8.0,0,0.0,0.0,0.0,0,false
src/java/org/apache/log4j/rolling/helper/GZCompressAction.java,91.0,6.0,0.0,4.0,10.0,16.0,0,0.0,0.0,0.0,0,false
src/java/org/apache/log4j/rolling/helper/ZipCompressAction.java,93.0,7.0,0.0,4.0,12.0,16.0,0,0.0,0.0,0.0,0,false
src/java/org/apache/log4j/rule/AbstractRule.java,24.0,4.0,0.0,4.0,4.0,4.0,0,0.0,0.0,0.0,0,false
src/java/org/apache/log4j/rule/AndRule.java,32.0,2.0,4.0,4.0,3.0,11.0,0,0.0,0.0,0.0,0,false
src/java/org/apache/log4j/rule/ColorRule.java,35.0,3.0,0.0,7.0,1.0,17.0,0,0.0,0.0,0.0,0,false
src/java/org/apache/log4j/rule/EqualsRule.java,40.0,3.0,4.0,4.0,10.0,14.0,0,0.0,0.0,0.0,0,false
src/java/org/apache/log4j/rule/ExistsRule.java,28.0,3.0,0.0,4.0,7.0,12.0,0,0.0,0.0,0.0,0,false
src/java/org/apache/log4j/rule/ExpressionRule.java,93.0,3.0,4.0,5.0,5.0,10.0,0,0.0,0.0,0.0,0,false
src/java/org/apache/log4j/rule/InFixToPostFix.java,131.0,6.0,6.0,5.0,24.0,15.0,2,0.0045871559633027525,2822.8541425546928,157491.8765983379,2,true
src/java/org/apache/log4j/rule/InequalityRule.java,70.0,3.0,0.0,4.0,11.0,16.0,0,0.0,0.0,0.0,0,false
src/java/org/apache/log4j/rule/LevelEqualsRule.java,62.0,6.0,1.0,6.0,14.0,14.0,2,0.0045871559633027525,2822.8541425546928,157491.8765983379,2,true
src/java/org/apache/log4j/rule/LevelInequalityRule.java,92.0,5.0,1.0,3.0,6.0,7.0,2,0.0045871559633027525,2822.8541425546928,157491.8765983379,2,true
src/java/org/apache/log4j/rule/LikeRule.java,68.0,8.0,0.0,6.0,15.0,21.0,0,0.0,0.0,0.0,0,false
src/java/org/apache/log4j/rule/NotEqualsRule.java,32.0,3.0,0.0,4.0,7.0,12.0,0,0.0,0.0,0.0,0,false
src/java/org/apache/log4j/rule/NotRule.java,28.0,2.0,0.0,4.0,3.0,9.0,0,0.0,0.0,0.0,0,false
src/java/org/apache/log4j/rule/OrRule.java,32.0,2.0,4.0,4.0,3.0,10.0,0,0.0,0.0,0.0,0,false
src/java/org/apache/log4j/rule/PartialTextMatchRule.java,32.0,3.0,0.0,4.0,8.0,12.0,2,0.0045871559633027525,2822.8541425546928,157491.8765983379,2,true
src/java/org/apache/log4j/rule/Rule.java,29.0,2.0,3.0,3.0,0.0,7.0,0,0.0,0.0,0.0,0,false
src/java/org/apache/log4j/rule/RuleFactory.java,102.0,6.0,4.0,4.0,9.0,13.0,2,0.0045871559633027525,2822.8541425546928,157491.8765983379,2,true
src/java/org/apache/log4j/rule/TimestampEqualsRule.java,42.0,7.0,0.0,5.0,7.0,11.0,0,0.0,0.0,0.0,0,false
src/java/org/apache/log4j/rule/TimestampInequalityRule.java,61.0,7.0,0.0,5.0,10.0,13.0,0,0.0,0.0,0.0,0,false
src/java/org/apache/log4j/scheduler/Job.java,9.0,0.0,0.0,1.0,0.0,1.0,0,0.0,0.0,0.0,0,false
src/java/org/apache/log4j/scheduler/Scheduler.java,170.0,2.0,6.0,12.0,28.0,40.0,1,0.0022935779816513763,692.2018348623853,10636.290322580644,1,false
src/java/org/apache/log4j/selector/ContextJNDISelector.java,141.0,14.0,0.0,4.0,12.0,13.0,0,0.0,0.0,0.0,0,true
src/java/org/apache/log4j/selector/servlet/ContextDetachingSCL.java,46.0,12.0,1.0,2.0,10.0,5.0,0,0.0,0.0,0.0,0,false
src/java/org/apache/log4j/spi/AppenderAttachable.java,38.0,2.0,21.0,7.0,0.0,8.0,1,0.0022935779816513763,2130.6523076923077,146855.58627575726,1,true
src/java/org/apache/log4j/spi/Component.java,15.0,0.0,0.0,1.0,0.0,3.0,0,0.0,0.0,0.0,0,false
src/java/org/apache/log4j/spi/ComponentBase.java,71.0,3.0,2.0,5.0,4.0,18.0,0,0.0,0.0,0.0,0,false
src/java/org/apache/log4j/spi/Configurator.java,25.0,3.0,0.0,1.0,0.0,1.0,1,0.0022935779816513763,2130.6523076923077,146855.58627575726,1,true
src/java/org/apache/log4j/spi/ConfiguratorEx.java,13.0,1.0,0.0,1.0,0.0,2.0,0,0.0,0.0,0.0,0,false
src/java/org/apache/log4j/spi/Decoder.java,11.0,4.0,6.0,4.0,0.0,5.0,0,0.0,0.0,0.0,0,false
src/java/org/apache/log4j/spi/DefaultRepositorySelector.java,25.0,0.0,1.0,3.0,0.0,7.0,2,0.0045871559633027525,2822.8541425546928,157491.8765983379,2,true
src/java/org/apache/log4j/spi/ErrorCode.java,14.0,0.0,0.0,0.0,0.0,0.0,1,0.0022935779816513763,2130.6523076923077,146855.58627575726,1,true
src/java/org/apache/log4j/spi/ErrorHandler.java,29.0,2.0,15.0,6.0,0.0,6.0,1,0.0022935779816513763,2130.6523076923077,146855.58627575726,1,true
src/java/org/apache/log4j/spi/ErrorItem.java,74.0,1.0,14.0,13.0,3.0,20.0,0,0.0,0.0,0.0,0,false
src/java/org/apache/log4j/spi/Filter.java,76.0,1.0,4.0,4.0,0.0,7.0,1,0.0022935779816513763,2130.6523076923077,146855.58627575726,1,true
src/java/org/apache/log4j/spi/HierarchyEventListener.java,10.0,2.0,1.0,2.0,0.0,2.0,1,0.0022935779816513763,2130.6523076923077,146855.58627575726,1,true
src/java/org/apache/log4j/spi/HierarchyEventListenerAdapter.java,45.0,2.0,0.0,4.0,2.0,6.0,0,0.0,0.0,0.0,0,false
src/java/org/apache/log4j/spi/LocationInfo.java,138.0,3.0,37.0,10.0,18.0,28.0,2,0.0045871559633027525,2822.8541425546928,157491.8765983379,2,true
src/java/org/apache/log4j/spi/LoggerEventListener.java,31.0,2.0,3.0,3.0,0.0,3.0,0,0.0,0.0,0.0,0,false
src/java/org/apache/log4j/spi/LoggerFactory.java,10.0,1.0,0.0,1.0,0.0,1.0,1,0.0022935779816513763,2130.6523076923077,146855.58627575726,1,true
src/java/org/apache/log4j/spi/LoggerRepository.java,52.0,5.0,105.0,15.0,0.0,18.0,1,0.0022935779816513763,2130.6523076923077,146855.58627575726,1,true
src/java/org/apache/log4j/spi/LoggerRepositoryEventListener.java,26.0,0.0,3.0,3.0,0.0,4.0,0,0.0,0.0,0.0,0,false
src/java/org/apache/log4j/spi/LoggerRepositoryEx.java,154.0,7.0,231.0,22.0,0.0,41.0,1,0.0022935779816513763,692.2018348623853,10636.290322580644,1,false
src/java/org/apache/log4j/spi/LoggingEvent.java,676.0,16.0,801.0,46.0,52.0,153.0,2,0.0045871559633027525,2822.8541425546928,157491.8765983379,2,true
src/java/org/apache/log4j/spi/LoggingEventFieldResolver.java,144.0,4.0,3.0,6.0,33.0,20.0,0,0.0,0.0,0.0,0,false
src/java/org/apache/log4j/spi/NOPULogger.java,63.0,1.0,231.0,22.0,0.0,28.0,0,0.0,0.0,0.0,0,false
src/java/org/apache/log4j/spi/OptionHandler.java,18.0,0.0,0.0,1.0,0.0,2.0,1,0.0022935779816513763,2130.6523076923077,146855.58627575726,1,true
src/java/org/apache/log4j/spi/RendererSupport.java,4.0,2.0,1.0,2.0,0.0,2.0,1,0.0022935779816513763,2130.6523076923077,146855.58627575726,1,true
src/java/org/apache/log4j/spi/RepositorySelector.java,18.0,0.0,0.0,1.0,0.0,2.0,1,0.0022935779816513763,2130.6523076923077,146855.58627575726,1,true
src/java/org/apache/log4j/spi/RepositorySelectorEx.java,25.0,0.0,0.0,1.0,0.0,2.0,0,0.0,0.0,0.0,0,false
src/java/org/apache/log4j/spi/RootCategory.java,40.0,2.0,6.0,4.0,3.0,7.0,1,0.0022935779816513763,2130.6523076923077,146855.58627575726,1,true
src/java/org/apache/log4j/spi/RootLogger.java,47.0,2.0,6.0,4.0,2.0,7.0,2,0.0045871559633027525,2822.8541425546928,157491.8765983379,2,true
src/java/org/apache/log4j/spi/SimpleULogger.java,214.0,2.0,238.0,24.0,29.0,44.0,0,0.0,0.0,0.0,0,false
src/java/org/apache/log4j/spi/Thresholdable.java,32.0,1.0,3.0,3.0,0.0,7.0,0,0.0,0.0,0.0,0,false
src/java/org/apache/log4j/spi/ThrowableInformation.java,91.0,5.0,1.0,6.0,14.0,22.0,1,0.0022935779816513763,2130.6523076923077,146855.58627575726,1,true
src/java/org/apache/log4j/spi/TriggeringEventEvaluator.java,16.0,0.0,0.0,1.0,0.0,1.0,1,0.0022935779816513763,2130.6523076923077,146855.58627575726,1,true
src/java/org/apache/log4j/spi/location/LegacyExtractor.java,134.0,5.0,15.0,6.0,23.0,23.0,0,0.0,0.0,0.0,0,false
src/java/org/apache/log4j/spi/location/StackTraceElementExtractor.java,102.0,2.0,0.0,5.0,12.0,17.0,0,0.0,0.0,0.0,0,false
src/java/org/apache/log4j/varia/DenyAllFilter.java,12.0,0.0,0.0,0.0,0.0,0.0,1,0.0022935779816513763,2130.6523076923077,146855.58627575726,1,true
src/java/org/apache/log4j/varia/ExternallyRolledFileAppender.java,64.0,6.0,0.0,4.0,3.0,7.0,1,0.0022935779816513763,2130.6523076923077,146855.58627575726,1,true
src/java/org/apache/log4j/varia/FallbackErrorHandler.java,25.0,4.0,21.0,7.0,0.0,7.0,1,0.0022935779816513763,2130.6523076923077,146855.58627575726,1,true
src/java/org/apache/log4j/varia/LevelMatchFilter.java,8.0,0.0,0.0,0.0,0.0,0.0,1,0.0022935779816513763,2130.6523076923077,146855.58627575726,1,true
src/java/org/apache/log4j/varia/LevelRangeFilter.java,8.0,0.0,0.0,0.0,0.0,0.0,1,0.0022935779816513763,2130.6523076923077,146855.58627575726,1,true
src/java/org/apache/log4j/varia/ListAppender.java,55.0,4.0,9.0,6.0,4.0,10.0,0,0.0,0.0,0.0,0,false
src/java/org/apache/log4j/varia/ListModelAppender.java,41.0,4.0,9.0,6.0,3.0,8.0,0,0.0,0.0,0.0,0,false
src/java/org/apache/log4j/varia/LogFilePatternReceiver.java,641.0,32.0,302.0,29.0,113.0,86.0,0,0.0,0.0,0.0,0,true
src/java/org/apache/log4j/varia/LogFilePatternReceiverBeanInfo.java,13.0,2.0,0.0,1.0,0.0,3.0,0,0.0,0.0,0.0,0,false
src/java/org/apache/log4j/varia/NullAppender.java,37.0,2.0,15.0,6.0,0.0,8.0,1,0.0022935779816513763,2130.6523076923077,146855.58627575726,1,true
src/java/org/apache/log4j/varia/Roller.java,67.0,6.0,8.0,5.0,18.0,12.0,1,0.0022935779816513763,2130.6523076923077,146855.58627575726,1,true
src/java/org/apache/log4j/varia/SoundAppender.java,64.0,6.0,13.0,7.0,4.0,14.0,0,0.0,0.0,0.0,0,false
src/java/org/apache/log4j/varia/StringMatchFilter.java,39.0,0.0,0.0,2.0,5.0,6.0,2,0.0045871559633027525,2822.8541425546928,157491.8765983379,2,true
src/java/org/apache/log4j/watchdog/FileWatchdog.java,154.0,4.0,27.0,11.0,22.0,37.0,0,0.0,0.0,0.0,0,false
src/java/org/apache/log4j/watchdog/Watchdog.java,38.0,1.0,3.0,3.0,0.0,10.0,0,0.0,0.0,0.0,0,false
src/java/org/apache/log4j/watchdog/WatchdogSkeleton.java,112.0,9.0,15.0,7.0,25.0,26.0,1,0.0022935779816513763,692.2018348623853,10636.290322580644,1,false
src/java/org/apache/log4j/xml/DOMConfigurator.java,149.0,15.0,15.0,6.0,19.0,9.0,1,0.0022935779816513763,2130.6523076923077,146855.58627575726,1,true
src/java/org/apache/log4j/xml/Log4jEntityResolver.java,27.0,5.0,0.0,1.0,7.0,4.0,1,0.0022935779816513763,2130.6523076923077,146855.58627575726,1,true
src/java/org/apache/log4j/xml/LogFileXMLReceiver.java,209.0,15.0,47.0,15.0,47.0,45.0,0,0.0,0.0,0.0,0,false
src/java/org/apache/log4j/xml/LogFileXMLReceiverBeanInfo.java,13.0,2.0,0.0,1.0,0.0,3.0,0,0.0,0.0,0.0,0,false
src/java/org/apache/log4j/xml/SAXErrorHandler.java,14.0,4.0,1.0,3.0,11.0,3.0,1,0.0022935779816513763,2130.6523076923077,146855.58627575726,1,true
src/java/org/apache/log4j/xml/UtilLoggingEntityResolver.java,25.0,4.0,0.0,1.0,6.0,4.0,0,0.0,0.0,0.0,0,false
src/java/org/apache/log4j/xml/UtilLoggingXMLDecoder.java,295.0,27.0,28.0,9.0,69.0,35.0,0,0.0,0.0,0.0,0,false
src/java/org/apache/log4j/xml/XMLDecoder.java,301.0,25.0,28.0,9.0,70.0,36.0,0,0.0,0.0,0.0,0,true
src/java/org/apache/log4j/xml/XMLLayout.java,127.0,8.0,4.0,5.0,23.0,13.0,1,0.0022935779816513763,2130.6523076923077,146855.58627575726,1,true
src/java/org/apache/log4j/xml/examples/ReportParserError.java,19.0,0.0,6.0,4.0,9.0,4.0,1,0.0022935779816513763,2130.6523076923077,146855.58627575726,1,true
src/java/org/apache/log4j/xml/examples/XMLSample.java,51.0,3.0,6.0,4.0,12.0,6.0,1,0.0022935779816513763,2130.6523076923077,146855.58627575726,1,true
src/java/org/apache/log4j/xml/test/DOMTest.java,44.0,8.0,6.0,4.0,15.0,6.0,1,0.0022935779816513763,2130.6523076923077,146855.58627575726,1,true
tests/integration/src/java/SampleServlet.java,30.0,5.0,3.0,3.0,15.0,9.0,0,0.0,0.0,0.0,0,false
tests/integration/src/java/TestAppender.java,9.0,2.0,3.0,3.0,3.0,4.0,0,0.0,0.0,0.0,0,false
tests/integration/test/java/TestSampleServlet.java,20.0,4.0,10.0,5.0,3.0,9.0,0,0.0,0.0,0.0,0,false
tests/src/java/org/apache/log4j/AbstractAppenderTest.java,39.0,6.0,10.0,5.0,14.0,6.0,0,0.0,0.0,0.0,0,false
tests/src/java/org/apache/log4j/AsyncAppenderTestCase.java,537.0,4.0,0.0,25.0,185.0,53.0,1,0.0022935779816513763,2130.6523076923077,146855.58627575726,1,true
tests/src/java/org/apache/log4j/CategoryTest.java,134.0,6.0,6.0,13.0,46.0,19.0,2,0.0045871559633027525,2822.8541425546928,157491.8765983379,2,true
tests/src/java/org/apache/log4j/ConsoleAppenderTest.java,18.0,0.0,3.0,3.0,3.0,5.0,0,0.0,0.0,0.0,0,false
tests/src/java/org/apache/log4j/CoreTestSuite.java,32.0,2.0,0.0,1.0,1.0,2.0,1,0.0022935779816513763,2130.6523076923077,146855.58627575726,1,true
tests/src/java/org/apache/log4j/DRFATestCase.java,323.0,7.0,120.0,16.0,76.0,47.0,2,0.0045871559633027525,2822.8541425546928,157491.8765983379,2,true
tests/src/java/org/apache/log4j/DeadlockTest.java,50.0,1.0,9.0,6.0,14.0,12.0,0,0.0,0.0,0.0,0,false
tests/src/java/org/apache/log4j/EncodingTest.java,108.0,2.0,45.0,10.0,42.0,22.0,0,0.0,0.0,0.0,0,true
tests/src/java/org/apache/log4j/FileAppenderTest.java,75.0,2.0,28.0,8.0,22.0,16.0,1,0.0022935779816513763,2130.6523076923077,146855.58627575726,1,true
tests/src/java/org/apache/log4j/HTMLLayoutTest.java,117.0,7.0,55.0,11.0,41.0,19.0,1,0.0022935779816513763,2130.6523076923077,146855.58627575726,1,true
tests/src/java/org/apache/log4j/HierarchyThresholdTestCase.java,77.0,5.0,20.0,13.0,42.0,23.0,1,0.0022935779816513763,2130.6523076923077,146855.58627575726,1,true
tests/src/java/org/apache/log4j/Last.java,12.0,3.0,3.0,3.0,1.0,4.0,1,0.0022935779816513763,2130.6523076923077,146855.58627575726,1,true
tests/src/java/org/apache/log4j/LevelTest.java,180.0,2.0,253.0,23.0,43.0,29.0,1,0.0022935779816513763,2130.6523076923077,146855.58627575726,1,true
tests/src/java/org/apache/log4j/LogManagerTest.java,77.0,4.0,34.0,9.0,12.0,13.0,2,0.0045871559633027525,2822.8541425546928,157491.8765983379,2,true
tests/src/java/org/apache/log4j/LoggerTest.java,334.0,8.0,100.0,17.0,108.0,20.0,0,0.0,0.0,0.0,0,false
tests/src/java/org/apache/log4j/MinimumTest.java,138.0,5.0,9.0,7.0,24.0,13.0,0,0.0,0.0,0.0,0,false
tests/src/java/org/apache/log4j/MyPatternLayout.java,23.0,1.0,3.0,3.0,0.0,4.0,1,0.0022935779816513763,2130.6523076923077,146855.58627575726,1,true
tests/src/java/org/apache/log4j/MyPatternParser.java,37.0,4.0,1.0,2.0,2.0,5.0,1,0.0022935779816513763,2130.6523076923077,146855.58627575726,1,true
tests/src/java/org/apache/log4j/NDCTestCase.java,46.0,4.0,19.0,7.0,17.0,10.0,0,0.0,0.0,0.0,0,false
tests/src/java/org/apache/log4j/PatternLayoutTest.java,101.0,1.0,21.0,7.0,22.0,10.0,1,0.0022935779816513763,2130.6523076923077,146855.58627575726,1,true
tests/src/java/org/apache/log4j/PatternLayoutTestCase.java,252.0,17.0,0.0,22.0,111.0,61.0,1,0.0022935779816513763,2130.6523076923077,146855.58627575726,1,true
tests/src/java/org/apache/log4j/SimpleLog.java,34.0,5.0,1.0,2.0,11.0,6.0,0,0.0,0.0,0.0,0,false
tests/src/java/org/apache/log4j/StressCategory.java,128.0,3.0,0.0,10.0,32.0,34.0,1,0.0022935779816513763,2130.6523076923077,146855.58627575726,1,true
tests/src/java/org/apache/log4j/TTCCLayoutTest.java,84.0,1.0,15.0,6.0,24.0,8.0,1,0.0022935779816513763,2130.6523076923077,146855.58627575726,1,true
tests/src/java/org/apache/log4j/VectorAppender.java,55.0,2.0,16.0,8.0,2.0,16.0,2,0.0045871559633027525,2822.8541425546928,157491.8765983379,2,true
tests/src/java/org/apache/log4j/VectorErrorHandler.java,130.0,2.0,80.0,16.0,9.0,29.0,1,0.0022935779816513763,2130.6523076923077,146855.58627575726,1,true
tests/src/java/org/apache/log4j/WriterAppenderTest.java,23.0,1.0,3.0,3.0,6.0,5.0,0,0.0,0.0,0.0,0,false
tests/src/java/org/apache/log4j/concurrent/ConcurrentAppenderTest.java,100.0,7.0,0.0,3.0,33.0,3.0,1,0.0022935779816513763,692.2018348623853,10636.290322580644,1,false
tests/src/java/org/apache/log4j/concurrent/ConsoleAppenderTest.java,39.0,5.0,0.0,1.0,10.0,1.0,1,0.0022935779816513763,692.2018348623853,10636.290322580644,1,false
tests/src/java/org/apache/log4j/concurrent/FileAppenderTest.java,51.0,6.0,0.0,4.0,28.0,8.0,1,0.0022935779816513763,692.2018348623853,10636.290322580644,1,false
tests/src/java/org/apache/log4j/concurrent/RollingFileAppenderTest.java,51.0,8.0,6.0,4.0,16.0,8.0,1,0.0022935779816513763,692.2018348623853,10636.290322580644,1,false
tests/src/java/org/apache/log4j/concurrent/SynchronizedBooleanTest.java,15.0,1.0,0.0,1.0,4.0,1.0,1,0.0022935779816513763,692.2018348623853,10636.290322580644,1,false
tests/src/java/org/apache/log4j/concurrent/WriterAppenderTest.java,90.0,7.0,0.0,3.0,30.0,3.0,1,0.0022935779816513763,692.2018348623853,10636.290322580644,1,false
tests/src/java/org/apache/log4j/config/PropertySetterTest.java,10.0,2.0,0.0,1.0,3.0,1.0,1,0.0022935779816513763,692.2018348623853,10636.290322580644,1,false
tests/src/java/org/apache/log4j/customLogger/XLogger.java,92.0,4.0,29.0,11.0,19.0,26.0,1,0.0022935779816513763,2130.6523076923077,146855.58627575726,1,true
tests/src/java/org/apache/log4j/customLogger/XLoggerTestCase.java,41.0,7.0,13.0,6.0,16.0,11.0,1,0.0022935779816513763,2130.6523076923077,146855.58627575726,1,true
tests/src/java/org/apache/log4j/db/BindDataSourceToJNDIAction.java,51.0,11.0,3.0,3.0,9.0,6.0,1,0.0022935779816513763,692.2018348623853,10636.290322580644,1,false
tests/src/java/org/apache/log4j/db/DBPerfTest.java,31.0,5.0,6.0,4.0,6.0,7.0,0,0.0,0.0,0.0,0,false
tests/src/java/org/apache/log4j/db/FullCycleDBTest.java,173.0,17.0,46.0,12.0,76.0,41.0,0,0.0,0.0,0.0,0,false
tests/src/java/org/apache/log4j/defaultInit/TestCase1.java,20.0,4.0,10.0,5.0,6.0,6.0,1,0.0022935779816513763,2130.6523076923077,146855.58627575726,1,true
tests/src/java/org/apache/log4j/defaultInit/TestCase2.java,23.0,5.0,10.0,5.0,9.0,6.0,1,0.0022935779816513763,2130.6523076923077,146855.58627575726,1,true
tests/src/java/org/apache/log4j/defaultInit/TestCase3.java,18.0,3.0,6.0,4.0,8.0,4.0,1,0.0022935779816513763,2130.6523076923077,146855.58627575726,1,true
tests/src/java/org/apache/log4j/defaultInit/TestCase4.java,24.0,5.0,10.0,5.0,9.0,6.0,1,0.0022935779816513763,2130.6523076923077,146855.58627575726,1,true
tests/src/java/org/apache/log4j/filter/SimpleFilterTest.java,57.0,14.0,9.0,6.0,17.0,9.0,0,0.0,0.0,0.0,0,true
tests/src/java/org/apache/log4j/helpers/BoundedFIFOTestCase.java,150.0,5.0,8.0,8.0,30.0,15.0,1,0.0022935779816513763,2130.6523076923077,146855.58627575726,1,true
tests/src/java/org/apache/log4j/helpers/CyclicBufferTestCase.java,93.0,7.0,22.0,8.0,18.0,14.0,1,0.0022935779816513763,2130.6523076923077,146855.58627575726,1,true
tests/src/java/org/apache/log4j/helpers/DateLayoutTest.java,232.0,9.0,253.0,23.0,61.0,28.0,2,0.0045871559633027525,2822.8541425546928,157491.8765983379,2,true
tests/src/java/org/apache/log4j/helpers/LevelOptionConverterTest.java,49.0,7.0,36.0,9.0,11.0,10.0,0,0.0,0.0,0.0,0,false
tests/src/java/org/apache/log4j/helpers/OptionSubstitutionTest.java,113.0,4.0,48.0,13.0,28.0,17.0,0,0.0,0.0,0.0,0,false
tests/src/java/org/apache/log4j/helpers/ReaderWriterLockTestCase.java,123.0,7.0,17.0,7.0,11.0,16.0,0,0.0,0.0,0.0,0,false
tests/src/java/org/apache/log4j/helpers/VerifierThread.java,171.0,3.0,64.0,16.0,30.0,51.0,0,0.0,0.0,0.0,0,false
tests/src/java/org/apache/log4j/html/Loop.java,37.0,4.0,1.0,2.0,13.0,5.0,1,0.0022935779816513763,692.2018348623853,10636.290322580644,1,false
tests/src/java/org/apache/log4j/jmx/HierarchyMBeanTest.java,29.0,12.0,1.0,2.0,19.0,4.0,1,0.0022935779816513763,692.2018348623853,10636.290322580644,1,false
tests/src/java/org/apache/log4j/joran/InterpreterTest.java,226.0,39.0,46.0,12.0,115.0,30.0,0,0.0,0.0,0.0,0,false
tests/src/java/org/apache/log4j/joran/JoranConfiguratorTest.java,73.0,14.0,10.0,8.0,39.0,11.0,1,0.0022935779816513763,692.2018348623853,10636.290322580644,1,false
tests/src/java/org/apache/log4j/joran/NOPAction.java,10.0,3.0,1.0,2.0,0.0,2.0,0,0.0,0.0,0.0,0,false
tests/src/java/org/apache/log4j/joran/PatternTest.java,57.0,2.0,36.0,9.0,20.0,12.0,0,0.0,0.0,0.0,0,false
tests/src/java/org/apache/log4j/joran/SimpleStoreTest.java,103.0,10.0,28.0,8.0,31.0,21.0,0,0.0,0.0,0.0,0,false
tests/src/java/org/apache/log4j/joran/SkippingInInterpreterTest.java,85.0,21.0,22.0,8.0,37.0,17.0,0,0.0,0.0,0.0,0,false
tests/src/java/org/apache/log4j/joran/action/BadBeginAction.java,9.0,3.0,3.0,3.0,0.0,4.0,0,0.0,0.0,0.0,0,false
tests/src/java/org/apache/log4j/joran/action/BadEndAction.java,7.0,3.0,1.0,2.0,0.0,3.0,0,0.0,0.0,0.0,0,false
tests/src/java/org/apache/log4j/joran/action/HelloAction.java,17.0,3.0,3.0,3.0,3.0,3.0,0,0.0,0.0,0.0,0,false
tests/src/java/org/apache/log4j/joran/action/StackCounterAction.java,12.0,3.0,6.0,4.0,2.0,4.0,1,0.0022935779816513763,692.2018348623853,10636.290322580644,1,false
tests/src/java/org/apache/log4j/joran/action/TouchAction.java,23.0,3.0,3.0,3.0,4.0,5.0,1,0.0022935779816513763,692.2018348623853,10636.290322580644,1,false
tests/src/java/org/apache/log4j/lbel/CoreParserTest.java,65.0,4.0,0.0,16.0,25.0,31.0,0,0.0,0.0,0.0,0,false
tests/src/java/org/apache/log4j/lbel/CountingReader.java,48.0,2.0,5.0,6.0,2.0,15.0,0,0.0,0.0,0.0,0,false
tests/src/java/org/apache/log4j/lbel/CountingReaderTest.java,102.0,3.0,21.0,7.0,16.0,13.0,0,0.0,0.0,0.0,0,false
tests/src/java/org/apache/log4j/lbel/EventEvaluationTest.java,135.0,6.0,0.0,12.0,23.0,25.0,0,0.0,0.0,0.0,0,false
tests/src/java/org/apache/log4j/lbel/ParserTest.java,66.0,5.0,15.0,10.0,20.0,19.0,0,0.0,0.0,0.0,0,false
tests/src/java/org/apache/log4j/lbel/ScanErrorTest.java,14.0,1.0,3.0,3.0,0.0,5.0,0,0.0,0.0,0.0,0,false
tests/src/java/org/apache/log4j/lbel/TokenStreamTest.java,216.0,3.0,0.0,14.0,60.0,27.0,0,0.0,0.0,0.0,0,false
tests/src/java/org/apache/log4j/multiplex/MultiplexAppenderTest.java,52.0,14.0,10.0,5.0,20.0,9.0,0,0.0,0.0,0.0,0,false
tests/src/java/org/apache/log4j/net/SMTPAppenderTest.java,101.0,12.0,0.0,6.0,27.0,10.0,1,0.0022935779816513763,692.2018348623853,10636.290322580644,1,true
tests/src/java/org/apache/log4j/net/ShortSocketServer.java,48.0,7.0,1.0,2.0,13.0,6.0,1,0.0022935779816513763,2130.6523076923077,146855.58627575726,1,true
tests/src/java/org/apache/log4j/net/SocketServerTestCase.java,211.0,8.0,19.0,14.0,83.0,37.0,1,0.0022935779816513763,2130.6523076923077,146855.58627575726,1,true
tests/src/java/org/apache/log4j/net/SyslogAppenderTest.java,359.0,15.0,441.0,31.0,132.0,46.0,2,0.0045871559633027525,2822.8541425546928,157491.8765983379,2,true
tests/src/java/org/apache/log4j/net/TelnetAppenderTest.java,42.0,7.0,0.0,1.0,16.0,2.0,1,0.0022935779816513763,692.2018348623853,10636.290322580644,1,true
tests/src/java/org/apache/log4j/net/XMLDecoderTest.java,17.0,4.0,1.0,2.0,4.0,5.0,0,0.0,0.0,0.0,0,false
tests/src/java/org/apache/log4j/nt/NTEventLogAppenderTest.java,26.0,5.0,1.0,2.0,8.0,2.0,0,0.0,0.0,0.0,0,false
tests/src/java/org/apache/log4j/or/ORTestCase.java,107.0,6.0,48.0,13.0,31.0,14.0,1,0.0022935779816513763,2130.6523076923077,146855.58627575726,1,true
tests/src/java/org/apache/log4j/pattern/CachedDateFormatTest.java,277.0,10.0,160.0,20.0,64.0,41.0,0,0.0,0.0,0.0,0,true
tests/src/java/org/apache/log4j/pattern/FormattingInfoTest.java,61.0,1.0,15.0,6.0,20.0,10.0,0,0.0,0.0,0.0,0,true
tests/src/java/org/apache/log4j/pattern/NameAbbreviatorTest.java,237.0,1.0,45.0,10.0,53.0,12.0,0,0.0,0.0,0.0,0,true
tests/src/java/org/apache/log4j/pattern/Num343PatternConverter.java,12.0,2.0,3.0,3.0,1.0,5.0,0,0.0,0.0,0.0,0,true
tests/src/java/org/apache/log4j/pattern/PatternParserTest.java,112.0,17.0,0.0,15.0,61.0,34.0,0,0.0,0.0,0.0,0,true
tests/src/java/org/apache/log4j/performance/GetLoggerTest.java,45.0,1.0,0.0,1.0,7.0,3.0,0,0.0,0.0,0.0,0,false
tests/src/java/org/apache/log4j/performance/LoggingLoop.java,128.0,3.0,7.0,7.0,33.0,19.0,0,0.0,0.0,0.0,0,false
tests/src/java/org/apache/log4j/performance/Loop.java,54.0,6.0,6.0,5.0,23.0,11.0,0,0.0,0.0,0.0,0,false
tests/src/java/org/apache/log4j/performance/NOPWriter.java,28.0,2.0,21.0,7.0,1.0,14.0,0,0.0,0.0,0.0,0,false
tests/src/java/org/apache/log4j/performance/NewVsSetLen.java,163.0,0.0,0.0,3.0,11.0,10.0,0,0.0,0.0,0.0,0,false
tests/src/java/org/apache/log4j/performance/NullAppender.java,36.0,3.0,15.0,6.0,1.0,9.0,0,0.0,0.0,0.0,0,false
tests/src/java/org/apache/log4j/performance/SystemTime.java,33.0,0.0,1.0,3.0,7.0,7.0,0,0.0,0.0,0.0,0,false
tests/src/java/org/apache/log4j/plugins/PluginTestCase.java,254.0,18.0,33.0,10.0,46.0,22.0,0,0.0,0.0,0.0,0,false
tests/src/java/org/apache/log4j/rolling/FileOpener.java,14.0,2.0,0.0,1.0,4.0,2.0,0,0.0,0.0,0.0,0,false
tests/src/java/org/apache/log4j/rolling/FilterBasedRollingTest.java,77.0,10.0,15.0,6.0,30.0,12.0,0,0.0,0.0,0.0,0,false
tests/src/java/org/apache/log4j/rolling/RenamingTest.java,48.0,8.0,4.0,4.0,17.0,10.0,0,0.0,0.0,0.0,0,false
tests/src/java/org/apache/log4j/rolling/SizeBasedRollingTest.java,242.0,11.0,0.0,9.0,94.0,33.0,0,0.0,0.0,0.0,0,true
tests/src/java/org/apache/log4j/rolling/TimeBasedRollingTest.java,341.0,12.0,22.0,13.0,141.0,31.0,0,0.0,0.0,0.0,0,true
tests/src/java/org/apache/log4j/rolling/helper/CompressTestCase.java,20.0,3.0,3.0,3.0,6.0,6.0,0,0.0,0.0,0.0,0,false
tests/src/java/org/apache/log4j/rolling/helper/FileNamePatternTestCase.java,100.0,5.0,171.0,19.0,23.0,28.0,0,0.0,0.0,0.0,0,true
tests/src/java/org/apache/log4j/scheduler/CountingJob.java,30.0,0.0,2.0,4.0,2.0,7.0,0,0.0,0.0,0.0,0,false
tests/src/java/org/apache/log4j/scheduler/PeriodicJob.java,51.0,1.0,0.0,3.0,10.0,10.0,0,0.0,0.0,0.0,0,false
tests/src/java/org/apache/log4j/scheduler/SchedulerTest.java,197.0,6.0,79.0,14.0,62.0,35.0,0,0.0,0.0,0.0,0,false
tests/src/java/org/apache/log4j/selector/PassByJNDI.java,47.0,9.0,8.0,5.0,13.0,11.0,0,0.0,0.0,0.0,0,false
tests/src/java/org/apache/log4j/spi/LoggingEventTest.java,132.0,7.0,55.0,11.0,49.0,28.0,1,0.0022935779816513763,2130.6523076923077,146855.58627575726,1,true
tests/src/java/org/apache/log4j/spi/ThrowableInformationTest.java,31.0,1.0,6.0,4.0,3.0,8.0,2,0.0045871559633027525,2822.8541425546928,157491.8765983379,2,true
tests/src/java/org/apache/log4j/spi/location/LocationInfoTest.java,38.0,7.0,6.0,4.0,11.0,9.0,0,0.0,0.0,0.0,0,false
tests/src/java/org/apache/log4j/util/AbsoluteDateAndTimeFilter.java,12.0,1.0,0.0,1.0,2.0,4.0,1,0.0022935779816513763,2130.6523076923077,146855.58627575726,1,true
tests/src/java/org/apache/log4j/util/AbsoluteTimeFilter.java,12.0,1.0,0.0,1.0,2.0,4.0,1,0.0022935779816513763,2130.6523076923077,146855.58627575726,1,true
tests/src/java/org/apache/log4j/util/BinaryCompare.java,47.0,5.0,3.0,3.0,5.0,11.0,1,0.0022935779816513763,692.2018348623853,10636.290322580644,1,true
tests/src/java/org/apache/log4j/util/Compare.java,100.0,7.0,10.0,5.0,18.0,21.0,2,0.0045871559633027525,2822.8541425546928,157491.8765983379,2,true
tests/src/java/org/apache/log4j/util/ControlFilter.java,16.0,1.0,0.0,2.0,1.0,6.0,1,0.0022935779816513763,2130.6523076923077,146855.58627575726,1,true
tests/src/java/org/apache/log4j/util/Filter.java,12.0,0.0,0.0,1.0,0.0,4.0,1,0.0022935779816513763,2130.6523076923077,146855.58627575726,1,true
tests/src/java/org/apache/log4j/util/ISO8601Filter.java,12.0,1.0,0.0,1.0,2.0,4.0,1,0.0022935779816513763,2130.6523076923077,146855.58627575726,1,true
tests/src/java/org/apache/log4j/util/JunitTestRunnerFilter.java,20.0,1.0,0.0,1.0,1.0,4.0,1,0.0022935779816513763,2130.6523076923077,146855.58627575726,1,true
tests/src/java/org/apache/log4j/util/LineNumberFilter.java,14.0,1.0,0.0,1.0,2.0,4.0,1,0.0022935779816513763,2130.6523076923077,146855.58627575726,1,true
tests/src/java/org/apache/log4j/util/RelativeTimeFilter.java,12.0,1.0,0.0,1.0,2.0,4.0,1,0.0022935779816513763,2130.6523076923077,146855.58627575726,1,true
tests/src/java/org/apache/log4j/util/SerializationTestHelper.java,94.0,9.0,10.0,5.0,15.0,17.0,1,0.0022935779816513763,2130.6523076923077,146855.58627575726,1,true
tests/src/java/org/apache/log4j/util/SunReflectFilter.java,18.0,1.0,0.0,1.0,1.0,4.0,1,0.0022935779816513763,2130.6523076923077,146855.58627575726,1,true
tests/src/java/org/apache/log4j/util/Transformer.java,36.0,6.0,1.0,2.0,8.0,9.0,2,0.0045871559633027525,2822.8541425546928,157491.8765983379,2,true
tests/src/java/org/apache/log4j/util/UnexpectedFormatException.java,5.0,0.0,0.0,1.0,0.0,1.0,1,0.0022935779816513763,2130.6523076923077,146855.58627575726,1,true
tests/src/java/org/apache/log4j/util/XMLLineAttributeFilter.java,17.0,1.0,0.0,1.0,2.0,4.0,1,0.0022935779816513763,2130.6523076923077,146855.58627575726,1,true
tests/src/java/org/apache/log4j/util/XMLSequenceNumberFilter.java,18.0,1.0,0.0,1.0,2.0,4.0,0,0.0,0.0,0.0,0,false
tests/src/java/org/apache/log4j/util/XMLTimestampFilter.java,14.0,1.0,0.0,1.0,2.0,4.0,1,0.0022935779816513763,2130.6523076923077,146855.58627575726,1,true
tests/src/java/org/apache/log4j/varia/ERFATestCase.java,96.0,10.0,10.0,5.0,23.0,12.0,1,0.0022935779816513763,2130.6523076923077,146855.58627575726,1,true
tests/src/java/org/apache/log4j/varia/LevelMatchFilterTestCase.java,68.0,12.0,9.0,7.0,28.0,12.0,1,0.0022935779816513763,2130.6523076923077,146855.58627575726,1,true
tests/src/java/org/apache/log4j/varia/LevelRangeFilterTestCase.java,100.0,11.0,9.0,7.0,33.0,12.0,0,0.0,0.0,0.0,0,false
tests/src/java/org/apache/log4j/watchdog/FileWatchdogTestCase.java,303.0,12.0,67.0,15.0,133.0,55.0,1,0.0022935779816513763,692.2018348623853,10636.290322580644,1,false
tests/src/java/org/apache/log4j/xml/CustomLevelTestCase.java,66.0,6.0,18.0,9.0,41.0,14.0,1,0.0022935779816513763,2130.6523076923077,146855.58627575726,1,true
tests/src/java/org/apache/log4j/xml/DOMTest.java,122.0,11.0,18.0,9.0,52.0,20.0,0,0.0,0.0,0.0,0,true
tests/src/java/org/apache/log4j/xml/LoggerFactoryTest.java,25.0,5.0,0.0,1.0,5.0,1.0,1,0.0022935779816513763,692.2018348623853,10636.290322580644,1,false
tests/src/java/org/apache/log4j/xml/ResetTest.java,42.0,7.0,9.0,6.0,20.0,10.0,1,0.0022935779816513763,692.2018348623853,10636.290322580644,1,true
tests/src/java/org/apache/log4j/xml/XLevel.java,45.0,1.0,0.0,4.0,5.0,11.0,2,0.0045871559633027525,2822.8541425546928,157491.8765983379,2,true
tests/src/java/org/apache/log4j/xml/XMLDecoderTest.java,17.0,4.0,1.0,2.0,4.0,5.0,0,0.0,0.0,0.0,0,false
tests/src/java/org/apache/log4j/xml/XMLLayoutTest.java,210.0,15.0,66.0,12.0,82.0,34.0,2,0.0045871559633027525,2822.8541425546928,157491.8765983379,2,true
tests/src/java/org/apache/log4j/xml/XMLLayoutTestCase.java,108.0,17.0,0.0,11.0,46.0,24.0,1,0.0022935779816513763,2130.6523076923077,146855.58627575726,1,true
tests/webapps/Tata/src/java/wombat/InitServlet.java,6.0,2.0,1.0,2.0,0.0,2.0,0,0.0,0.0,0.0,0,false
tests/webapps/Tata/src/java/wombat/XServlet.java,13.0,4.0,1.0,2.0,7.0,4.0,0,0.0,0.0,0.0,0,false
tests/webapps/Titi/src/java/wombat/InitServlet.java,6.0,2.0,1.0,2.0,0.0,2.0,0,0.0,0.0,0.0,0,false
tests/webapps/Titi/src/java/wombat/XServlet.java,13.0,4.0,1.0,2.0,7.0,4.0,0,0.0,0.0,0.0,0,false
tests/webapps/Util/src/java/wombat/Util.java,28.0,3.0,1.0,2.0,6.0,7.0,0,0.0,0.0,0.0,0,false
