name,LOC,CBO,LCOM,NOM,RFC,WMC,numOfChanges,bccm,structuralWorkloadSum,semanticWorkloadSum,numberOfDeveloper,isBuggy
contribs/JamesHouse/LogTextPanel.java,115.0,14.0,30.0,13.0,44.0,27.0,1,0.01694915254237288,21.2,42.64839619078245,1,true
contribs/ThomasFenner/JDBCAppender.java,388.0,5.0,13.0,11.0,45.0,46.0,1,0.01694915254237288,21.2,42.64839619078245,1,true
contribs/ThomasFenner/JDBCConnectionHandler.java,15.0,1.0,1.0,2.0,0.0,2.0,1,0.01694915254237288,21.2,42.64839619078245,1,true
contribs/ThomasFenner/JDBCIDHandler.java,11.0,0.0,0.0,1.0,0.0,1.0,1,0.01694915254237288,21.2,42.64839619078245,1,true
contribs/ThomasFenner/JDBCLogger.java,251.0,5.0,0.0,10.0,40.0,50.0,1,0.01694915254237288,21.2,42.64839619078245,1,true
src/main/java/org/apache/log4j/Hierarchy.java,368.0,11.0,200.0,25.0,62.0,70.0,1,0.01694915254237288,178.75,3250.7421423693118,1,true
src/main/java/org/apache/log4j/LogManager.java,157.0,14.0,53.0,11.0,24.0,25.0,1,0.01694915254237288,178.75,3250.7421423693118,1,true
src/main/java/org/apache/log4j/NDC.java,269.0,5.0,58.0,13.0,41.0,55.0,1,0.01694915254237288,178.75,3250.7421423693118,1,false
src/main/java/org/apache/log4j/config/PropertySetter.java,196.0,10.0,0.0,9.0,45.0,33.0,1,0.01694915254237288,178.75,3250.7421423693118,1,true
src/main/java/org/apache/log4j/jdbc/JDBCAppender.java,243.0,8.0,170.0,21.0,36.0,48.0,1,0.01694915254237288,178.75,3250.7421423693118,1,true
src/main/java/org/apache/log4j/jmx/Agent.java,82.0,5.0,6.0,4.0,14.0,15.0,1,0.01694915254237288,178.75,3250.7421423693118,1,true
src/main/java/org/apache/log4j/net/SocketAppender.java,322.0,8.0,128.0,21.0,28.0,46.0,1,0.01694915254237288,178.75,3250.7421423693118,1,true
src/main/java/org/apache/log4j/or/DefaultRenderer.java,22.0,0.0,1.0,2.0,1.0,4.0,1,0.01694915254237288,178.75,3250.7421423693118,1,false
src/main/java/org/apache/log4j/or/ThreadGroupRenderer.java,53.0,1.0,1.0,2.0,8.0,7.0,1,0.01694915254237288,178.75,3250.7421423693118,1,false
src/main/java/org/apache/log4j/or/sax/AttributesRenderer.java,40.0,2.0,1.0,2.0,5.0,7.0,1,0.01694915254237288,178.75,3250.7421423693118,1,false
src/main/java/org/apache/log4j/spi/LocationInfo.java,255.0,5.0,0.0,7.0,26.0,30.0,1,0.01694915254237288,178.75,3250.7421423693118,1,true
tests/src/java/org/apache/log4j/MinimumTestCase.java,153.0,6.0,9.0,7.0,26.0,12.0,0,0.0,0.0,0.0,0,true
tests/src/java/org/apache/log4j/PropertyConfiguratorTest.java,192.0,10.0,15.0,6.0,46.0,17.0,1,0.01694915254237288,178.75,3250.7421423693118,1,true
tests/src/java/org/apache/log4j/nt/NTEventLogAppenderTest.java,26.0,5.0,1.0,2.0,8.0,2.0,1,0.01694915254237288,21.2,42.64839619078245,1,false
tests/src/java/org/apache/log4j/spi/LocationInfoTest.java,54.0,1.0,1.0,2.0,11.0,2.0,0,0.0,0.0,0.0,0,false
tests/src/java/org/apache/log4j/spi/LoggingEventTest.java,167.0,9.0,78.0,13.0,55.0,32.0,1,0.01694915254237288,178.75,3250.7421423693118,1,true
tests/src/java/org/apache/log4j/varia/ErrorHandlerTestCase.java,48.0,12.0,0.0,5.0,17.0,7.0,1,0.01694915254237288,178.75,3250.7421423693118,1,true
