name,LOC,CBO,LCOM,NOM,RFC,WMC,numOfChanges,bccm,structuralWorkloadSum,semanticWorkloadSum,numberOfDeveloper,isBuggy
src/main/java/org/apache/log4j/Layout.java,43.0,2.0,10.0,5.0,0.0,15.0,1,0.09090909090909091,42.800000000000004,161.6549226043309,1,false
src/main/java/org/apache/log4j/helpers/PatternParser.java,404.0,11.0,3.0,7.0,27.0,31.0,0,0.0,0.0,0.0,0,true
src/main/java/org/apache/log4j/helpers/QuietWriter.java,39.0,5.0,0.0,4.0,5.0,10.0,1,0.09090909090909091,42.800000000000004,161.6549226043309,1,false
src/main/java/org/apache/log4j/jmx/AbstractDynamicMBean.java,107.0,17.0,28.0,9.0,30.0,27.0,1,0.09090909090909091,42.800000000000004,161.6549226043309,1,true
src/main/java/org/apache/log4j/jmx/AppenderDynamicMBean.java,183.0,33.0,0.0,10.0,56.0,42.0,1,0.09090909090909091,42.800000000000004,161.6549226043309,1,true
src/main/java/org/apache/log4j/jmx/LoggerDynamicMBean.java,136.0,25.0,16.0,12.0,41.0,32.0,1,0.09090909090909091,42.800000000000004,161.6549226043309,1,true
src/main/java/org/apache/log4j/lf5/viewer/categoryexplorer/CategoryPath.java,80.0,2.0,8.0,8.0,13.0,20.0,1,0.09090909090909091,42.800000000000004,161.6549226043309,1,true
src/main/java/org/apache/log4j/net/SMTPAppender.java,586.0,32.0,954.0,48.0,64.0,109.0,0,0.0,0.0,0.0,0,true
src/main/java/org/apache/log4j/net/SyslogAppender.java,499.0,11.0,113.0,22.0,60.0,61.0,1,0.09090909090909091,42.800000000000004,161.6549226043309,1,true
src/main/java/org/apache/log4j/xml/DOMConfigurator.java,839.0,40.0,596.0,44.0,286.0,141.0,1,0.09090909090909091,42.800000000000004,161.6549226043309,1,true
tests/src/java/org/apache/log4j/PatternLayoutTestCase.java,164.0,12.0,0.0,19.0,89.0,48.0,0,0.0,0.0,0.0,0,true
