name,LOC,CBO,LCOM,NOM,RFC,WMC,numOfChanges,bccm,structuralWorkloadSum,semanticWorkloadSum,numberOfDeveloper,isBuggy
src/main/java/org/apache/log4j/DefaultThrowableRenderer.java,51.0,8.0,3.0,3.0,10.0,10.0,0,0.0,0.0,0.0,0,true
src/main/java/org/apache/log4j/PatternLayout.java,350.0,4.0,10.0,8.0,8.0,19.0,0,0.0,0.0,0.0,0,true
src/main/java/org/apache/log4j/jdbc/JDBCAppender.java,278.0,8.0,207.0,23.0,42.0,54.0,1,0.16666666666666666,8.799999999999999,29.40063882977806,1,true
src/main/java/org/apache/log4j/net/SMTPAppender.java,594.0,32.0,1002.0,49.0,67.0,113.0,1,0.16666666666666666,8.799999999999999,29.40063882977806,1,true
src/main/java/org/apache/log4j/net/SocketAppender.java,342.0,9.0,128.0,21.0,41.0,47.0,1,0.16666666666666666,8.799999999999999,29.40063882977806,1,true
src/main/java/org/apache/log4j/net/SocketHubAppender.java,367.0,12.0,100.0,17.0,32.0,39.0,1,0.16666666666666666,8.799999999999999,29.40063882977806,1,true
tests/src/java/org/apache/log4j/spi/ThrowableInformationTest.java,277.0,2.0,66.0,12.0,26.0,36.0,0,0.0,0.0,0.0,0,true
