name,LOC,CBO,LCOM,NOM,RFC,WMC,numOfChanges,bccm,structuralWorkloadSum,semanticWorkloadSum,numberOfDeveloper,isBuggy
src/main/java/org/apache/log4j/AppenderSkeleton.java,210.0,6.0,129.0,19.0,11.0,49.0,0,0.0,0.0,0.0,0,true
src/main/java/org/apache/log4j/DailyRollingFileAppender.java,256.0,11.0,0.0,9.0,33.0,33.0,0,0.0,0.0,0.0,0,true
src/main/java/org/apache/log4j/EnhancedPatternLayout.java,403.0,4.0,12.0,8.0,9.0,21.0,1,0.01020408163265306,688.1075268817204,9528.794867340326,1,true
src/main/java/org/apache/log4j/FileAppender.java,238.0,10.0,64.0,17.0,20.0,42.0,1,0.01020408163265306,688.1075268817204,9528.794867340326,1,true
src/main/java/org/apache/log4j/LogMF.java,1290.0,7.0,4751.0,98.0,380.0,317.0,1,0.01020408163265306,688.1075268817204,9528.794867340326,1,false
src/main/java/org/apache/log4j/LogSF.java,1175.0,2.0,4369.0,94.0,360.0,295.0,1,0.01020408163265306,688.1075268817204,9528.794867340326,1,false
src/main/java/org/apache/log4j/LogXF.java,267.0,1.0,154.0,21.0,16.0,58.0,1,0.01020408163265306,688.1075268817204,9528.794867340326,1,false
src/main/java/org/apache/log4j/Logger.java,108.0,1.0,26.0,8.0,16.0,23.0,0,0.0,0.0,0.0,0,true
src/main/java/org/apache/log4j/PatternLayout.java,354.0,3.0,10.0,8.0,8.0,19.0,0,0.0,0.0,0.0,0,true
src/main/java/org/apache/log4j/RollingFileAppender.java,184.0,8.0,40.0,12.0,15.0,32.0,0,0.0,0.0,0.0,0,true
src/main/java/org/apache/log4j/WriterAppender.java,276.0,9.0,146.0,21.0,31.0,50.0,0,0.0,0.0,0.0,0,true
src/main/java/org/apache/log4j/helpers/DateLayout.java,137.0,7.0,3.0,10.0,13.0,28.0,0,0.0,0.0,0.0,0,true
src/main/java/org/apache/log4j/helpers/Loader.java,130.0,4.0,4.0,5.0,19.0,22.0,0,0.0,0.0,0.0,0,true
src/main/java/org/apache/log4j/helpers/MDCKeySetExtractor.java,41.0,9.0,0.0,2.0,10.0,8.0,1,0.01020408163265306,688.1075268817204,9528.794867340326,1,true
src/main/java/org/apache/log4j/helpers/PatternParser.java,404.0,8.0,3.0,7.0,27.0,31.0,0,0.0,0.0,0.0,0,true
src/main/java/org/apache/log4j/helpers/PrudentWriter.java,0.0,0.0,0.0,0.0,0.0,0.0,1,0.01020408163265306,688.1075268817204,9528.794867340326,1,false
src/main/java/org/apache/log4j/jdbc/JDBCAppender.java,278.0,9.0,207.0,23.0,42.0,54.0,0,0.0,0.0,0.0,0,true
src/main/java/org/apache/log4j/jmx/LoggerDynamicMBean.java,136.0,24.0,16.0,12.0,41.0,32.0,0,0.0,0.0,0.0,0,true
src/main/java/org/apache/log4j/lf5/LF5Appender.java,174.0,5.0,83.0,15.0,34.0,36.0,0,0.0,0.0,0.0,0,true
src/main/java/org/apache/log4j/lf5/LogLevel.java,165.0,6.0,112.0,17.0,24.0,42.0,0,0.0,0.0,0.0,0,false
src/main/java/org/apache/log4j/lf5/util/LogFileParser.java,183.0,17.0,161.0,19.0,56.0,51.0,0,0.0,0.0,0.0,0,false
src/main/java/org/apache/log4j/lf5/util/LogMonitorAdapter.java,197.0,6.0,159.0,19.0,34.0,42.0,0,0.0,0.0,0.0,0,false
src/main/java/org/apache/log4j/lf5/viewer/LF5SwingUtils.java,83.0,7.0,28.0,8.0,17.0,21.0,0,0.0,0.0,0.0,0,false
src/main/java/org/apache/log4j/lf5/viewer/LogBrokerMonitor.java,1169.0,53.0,7034.0,136.0,535.0,317.0,0,0.0,0.0,0.0,0,true
src/main/java/org/apache/log4j/lf5/viewer/LogFactor5Dialog.java,65.0,12.0,15.0,6.0,18.0,12.0,0,0.0,0.0,0.0,0,false
src/main/java/org/apache/log4j/lf5/viewer/LogFactor5ErrorDialog.java,26.0,8.0,1.0,2.0,8.0,4.0,0,0.0,0.0,0.0,0,false
src/main/java/org/apache/log4j/lf5/viewer/LogFactor5LoadingDialog.java,18.0,5.0,0.0,1.0,5.0,1.0,0,0.0,0.0,0.0,0,false
src/main/java/org/apache/log4j/lf5/viewer/LogTable.java,145.0,15.0,35.0,10.0,33.0,21.0,0,0.0,0.0,0.0,0,false
src/main/java/org/apache/log4j/lf5/viewer/LogTableRowRenderer.java,26.0,6.0,1.0,2.0,8.0,6.0,0,0.0,0.0,0.0,0,false
src/main/java/org/apache/log4j/lf5/viewer/TrackingAdjustmentListener.java,25.0,3.0,0.0,1.0,6.0,3.0,0,0.0,0.0,0.0,0,false
src/main/java/org/apache/log4j/lf5/viewer/categoryexplorer/CategoryAbstractCellEditor.java,81.0,10.0,65.0,14.0,11.0,27.0,0,0.0,0.0,0.0,0,false
src/main/java/org/apache/log4j/lf5/viewer/categoryexplorer/CategoryExplorerModel.java,209.0,9.0,130.0,17.0,70.0,49.0,0,0.0,0.0,0.0,0,false
src/main/java/org/apache/log4j/lf5/viewer/categoryexplorer/CategoryExplorerTree.java,68.0,4.0,0.0,8.0,16.0,14.0,0,0.0,0.0,0.0,0,false
src/main/java/org/apache/log4j/lf5/viewer/categoryexplorer/CategoryImmediateEditor.java,54.0,8.0,8.0,5.0,19.0,11.0,0,0.0,0.0,0.0,0,false
src/main/java/org/apache/log4j/lf5/viewer/categoryexplorer/CategoryNodeEditor.java,183.0,13.0,249.0,26.0,81.0,62.0,0,0.0,0.0,0.0,0,false
src/main/java/org/apache/log4j/lf5/viewer/categoryexplorer/CategoryNodeEditorRenderer.java,15.0,3.0,1.0,2.0,0.0,4.0,0,0.0,0.0,0.0,0,false
src/main/java/org/apache/log4j/lf5/viewer/configure/ConfigurationManager.java,303.0,28.0,198.0,28.0,158.0,59.0,0,0.0,0.0,0.0,0,false
src/main/java/org/apache/log4j/lf5/viewer/configure/MRUFileManager.java,197.0,12.0,94.0,17.0,44.0,48.0,0,0.0,0.0,0.0,0,false
src/main/java/org/apache/log4j/net/SocketAppender.java,361.0,9.0,159.0,23.0,44.0,50.0,1,0.01020408163265306,4.0,14.961806557769984,1,true
src/main/java/org/apache/log4j/net/SocketHubAppender.java,386.0,12.0,115.0,19.0,35.0,42.0,1,0.01020408163265306,4.0,14.961806557769984,1,true
src/main/java/org/apache/log4j/net/SocketNode.java,85.0,8.0,0.0,2.0,16.0,6.0,0,0.0,0.0,0.0,0,true
src/main/java/org/apache/log4j/net/SocketServer.java,137.0,12.0,0.0,6.0,32.0,19.0,0,0.0,0.0,0.0,0,false
src/main/java/org/apache/log4j/net/ZeroConfSupport.java,179.0,7.0,0.0,10.0,30.0,29.0,1,0.01020408163265306,4.0,14.961806557769984,1,true
src/main/java/org/apache/log4j/pattern/BridgePatternConverter.java,81.0,5.0,2.0,4.0,12.0,13.0,1,0.01020408163265306,688.1075268817204,9528.794867340326,1,true
src/main/java/org/apache/log4j/pattern/BridgePatternParser.java,21.0,0.0,1.0,2.0,0.0,3.0,1,0.01020408163265306,688.1075268817204,9528.794867340326,1,true
src/main/java/org/apache/log4j/pattern/CachedDateFormat.java,238.0,6.0,6.0,9.0,22.0,32.0,1,0.01020408163265306,688.1075268817204,9528.794867340326,1,true
src/main/java/org/apache/log4j/pattern/ClassNamePatternConverter.java,37.0,2.0,3.0,3.0,5.0,7.0,1,0.01020408163265306,688.1075268817204,9528.794867340326,1,true
src/main/java/org/apache/log4j/pattern/DatePatternConverter.java,145.0,8.0,4.0,5.0,9.0,14.0,1,0.01020408163265306,688.1075268817204,9528.794867340326,1,true
src/main/java/org/apache/log4j/pattern/FileDatePatternConverter.java,24.0,0.0,1.0,2.0,1.0,4.0,1,0.01020408163265306,688.1075268817204,9528.794867340326,1,true
src/main/java/org/apache/log4j/pattern/FileLocationPatternConverter.java,33.0,2.0,3.0,3.0,3.0,6.0,1,0.01020408163265306,688.1075268817204,9528.794867340326,1,true
src/main/java/org/apache/log4j/pattern/FormattingInfo.java,95.0,0.0,1.0,6.0,5.0,15.0,1,0.01020408163265306,688.1075268817204,9528.794867340326,1,true
src/main/java/org/apache/log4j/pattern/FullLocationPatternConverter.java,33.0,2.0,3.0,3.0,2.0,6.0,1,0.01020408163265306,688.1075268817204,9528.794867340326,1,true
src/main/java/org/apache/log4j/pattern/IntegerPatternConverter.java,35.0,1.0,3.0,3.0,3.0,6.0,1,0.01020408163265306,688.1075268817204,9528.794867340326,1,true
src/main/java/org/apache/log4j/pattern/LevelPatternConverter.java,59.0,2.0,6.0,4.0,6.0,9.0,1,0.01020408163265306,688.1075268817204,9528.794867340326,1,true
src/main/java/org/apache/log4j/pattern/LineLocationPatternConverter.java,33.0,2.0,3.0,3.0,3.0,6.0,1,0.01020408163265306,688.1075268817204,9528.794867340326,1,true
src/main/java/org/apache/log4j/pattern/LineSeparatorPatternConverter.java,41.0,2.0,0.0,4.0,2.0,7.0,1,0.01020408163265306,688.1075268817204,9528.794867340326,1,true
src/main/java/org/apache/log4j/pattern/LiteralPatternConverter.java,30.0,1.0,0.0,3.0,2.0,5.0,1,0.01020408163265306,688.1075268817204,9528.794867340326,1,true
src/main/java/org/apache/log4j/pattern/LogEvent.java,443.0,20.0,207.0,26.0,47.0,99.0,1,0.01020408163265306,688.1075268817204,9528.794867340326,1,true
src/main/java/org/apache/log4j/pattern/LoggerPatternConverter.java,36.0,1.0,3.0,3.0,4.0,6.0,1,0.01020408163265306,688.1075268817204,9528.794867340326,1,true
src/main/java/org/apache/log4j/pattern/LoggingEventPatternConverter.java,39.0,1.0,6.0,4.0,1.0,12.0,1,0.01020408163265306,688.1075268817204,9528.794867340326,1,true
src/main/java/org/apache/log4j/pattern/MessagePatternConverter.java,30.0,1.0,3.0,3.0,2.0,5.0,1,0.01020408163265306,688.1075268817204,9528.794867340326,1,true
src/main/java/org/apache/log4j/pattern/MethodLocationPatternConverter.java,33.0,2.0,3.0,3.0,3.0,6.0,1,0.01020408163265306,688.1075268817204,9528.794867340326,1,true
src/main/java/org/apache/log4j/pattern/NDCPatternConverter.java,30.0,1.0,3.0,3.0,2.0,5.0,1,0.01020408163265306,688.1075268817204,9528.794867340326,1,true
src/main/java/org/apache/log4j/pattern/NameAbbreviator.java,209.0,2.0,1.0,3.0,6.0,10.0,2,0.02040816326530612,692.1075268817204,9543.756673898097,2,true
src/main/java/org/apache/log4j/pattern/NamePatternConverter.java,34.0,0.0,0.0,2.0,3.0,6.0,1,0.01020408163265306,688.1075268817204,9528.794867340326,1,true
src/main/java/org/apache/log4j/pattern/PatternConverter.java,54.0,0.0,2.0,4.0,0.0,9.0,1,0.01020408163265306,688.1075268817204,9528.794867340326,1,true
src/main/java/org/apache/log4j/pattern/PatternParser.java,468.0,9.0,28.0,8.0,47.0,43.0,1,0.01020408163265306,688.1075268817204,9528.794867340326,1,true
src/main/java/org/apache/log4j/pattern/PropertiesPatternConverter.java,64.0,9.0,1.0,3.0,8.0,13.0,1,0.01020408163265306,688.1075268817204,9528.794867340326,1,true
src/main/java/org/apache/log4j/pattern/RelativeTimePatternConverter.java,71.0,1.0,3.0,3.0,4.0,6.0,1,0.01020408163265306,688.1075268817204,9528.794867340326,1,true
src/main/java/org/apache/log4j/pattern/SequenceNumberPatternConverter.java,30.0,1.0,3.0,3.0,1.0,5.0,1,0.01020408163265306,688.1075268817204,9528.794867340326,1,true
src/main/java/org/apache/log4j/pattern/ThreadPatternConverter.java,30.0,1.0,3.0,3.0,2.0,5.0,1,0.01020408163265306,688.1075268817204,9528.794867340326,1,true
src/main/java/org/apache/log4j/pattern/ThrowableInformationPatternConverter.java,59.0,2.0,4.0,4.0,4.0,16.0,1,0.01020408163265306,688.1075268817204,9528.794867340326,1,true
src/main/java/org/apache/log4j/spi/Configurator.java,25.0,1.0,0.0,1.0,0.0,1.0,0,0.0,0.0,0.0,0,true
src/main/java/org/apache/log4j/spi/Filter.java,77.0,0.0,4.0,4.0,0.0,8.0,0,0.0,0.0,0.0,0,true
src/main/java/org/apache/log4j/spi/HierarchyEventListener.java,9.0,2.0,1.0,2.0,0.0,2.0,0,0.0,0.0,0.0,0,false
src/main/java/org/apache/log4j/spi/LoggerRepository.java,51.0,5.0,105.0,15.0,0.0,18.0,0,0.0,0.0,0.0,0,false
src/main/java/org/apache/log4j/spi/LoggingEvent.java,485.0,17.0,242.0,28.0,52.0,104.0,0,0.0,0.0,0.0,0,true
src/main/java/org/apache/log4j/spi/RootCategory.java,36.0,3.0,6.0,4.0,3.0,7.0,0,0.0,0.0,0.0,0,false
src/main/java/org/apache/log4j/spi/RootLogger.java,38.0,3.0,3.0,3.0,2.0,6.0,0,0.0,0.0,0.0,0,false
src/main/java/org/apache/log4j/xml/DOMConfigurator.java,841.0,41.0,596.0,44.0,290.0,141.0,1,0.01020408163265306,688.1075268817204,9528.794867340326,1,true
src/main/javadoc/org/apache/log4j/xml/examples/XMLSample.java,33.0,2.0,6.0,4.0,10.0,6.0,1,0.01020408163265306,688.1075268817204,9528.794867340326,1,true
src/main/javadoc/org/apache/log4j/xml/examples/doc-files/XMLSample.java,33.0,2.0,6.0,4.0,10.0,6.0,1,0.01020408163265306,688.1075268817204,9528.794867340326,1,true
tests/src/java/org/apache/log4j/CoreTestSuite.java,41.0,3.0,0.0,1.0,1.0,3.0,1,0.01020408163265306,688.1075268817204,9528.794867340326,1,true
tests/src/java/org/apache/log4j/EnhancedMyPatternLayout.java,23.0,1.0,3.0,3.0,0.0,4.0,1,0.01020408163265306,688.1075268817204,9528.794867340326,1,true
tests/src/java/org/apache/log4j/EnhancedPatternLayoutTest.java,100.0,1.0,21.0,7.0,22.0,10.0,1,0.01020408163265306,688.1075268817204,9528.794867340326,1,true
tests/src/java/org/apache/log4j/EnhancedPatternLayoutTestCase.java,309.0,20.0,0.0,26.0,126.0,76.0,1,0.01020408163265306,688.1075268817204,9528.794867340326,1,true
tests/src/java/org/apache/log4j/LogCapture.java,43.0,6.0,0.0,2.0,10.0,6.0,1,0.01020408163265306,688.1075268817204,9528.794867340326,1,false
tests/src/java/org/apache/log4j/MDCOrderFilter.java,30.0,0.0,0.0,1.0,3.0,4.0,1,0.01020408163265306,688.1075268817204,9528.794867340326,1,true
tests/src/java/org/apache/log4j/TestLogMF.java,1080.0,5.0,0.0,123.0,403.0,147.0,1,0.01020408163265306,688.1075268817204,9528.794867340326,1,true
tests/src/java/org/apache/log4j/TestLogSF.java,1026.0,2.0,0.0,116.0,377.0,125.0,1,0.01020408163265306,688.1075268817204,9528.794867340326,1,false
tests/src/java/org/apache/log4j/TestLogXF.java,166.0,1.0,0.0,17.0,61.0,26.0,1,0.01020408163265306,688.1075268817204,9528.794867340326,1,false
tests/src/java/org/apache/log4j/pattern/CachedDateFormatTest.java,276.0,10.0,160.0,20.0,64.0,41.0,1,0.01020408163265306,688.1075268817204,9528.794867340326,1,true
tests/src/java/org/apache/log4j/pattern/FormattingInfoTest.java,60.0,1.0,15.0,6.0,20.0,10.0,1,0.01020408163265306,688.1075268817204,9528.794867340326,1,true
tests/src/java/org/apache/log4j/pattern/NameAbbreviatorTest.java,236.0,1.0,45.0,10.0,53.0,12.0,1,0.01020408163265306,688.1075268817204,9528.794867340326,1,true
tests/src/java/org/apache/log4j/pattern/Num343PatternConverter.java,12.0,1.0,3.0,3.0,1.0,5.0,1,0.01020408163265306,688.1075268817204,9528.794867340326,1,true
tests/src/java/org/apache/log4j/pattern/PatternParserTest.java,104.0,16.0,0.0,15.0,54.0,34.0,1,0.01020408163265306,688.1075268817204,9528.794867340326,1,true
tests/src/java/org/apache/log4j/util/EnhancedJunitTestRunnerFilter.java,27.0,1.0,0.0,2.0,4.0,6.0,1,0.01020408163265306,688.1075268817204,9528.794867340326,1,true
tests/src/java/org/apache/log4j/util/EnhancedLineNumberFilter.java,19.0,1.0,0.0,2.0,4.0,5.0,1,0.01020408163265306,688.1075268817204,9528.794867340326,1,true
tests/src/java/org/apache/log4j/util/Filter.java,8.0,0.0,0.0,1.0,0.0,2.0,1,0.01020408163265306,688.1075268817204,9528.794867340326,1,true
