name,LOC,CBO,LCOM,NOM,RFC,WMC,numOfChanges,bccm,structuralWorkloadSum,semanticWorkloadSum,numberOfDeveloper,isBuggy
src/main/java/org/apache/log4j/AppenderSkeleton.java,212.0,6.0,129.0,19.0,11.0,49.0,1,0.02127659574468085,211.1304347826087,2855.8333029973305,1,true
src/main/java/org/apache/log4j/Category.java,802.0,10.0,645.0,54.0,111.0,174.0,1,0.02127659574468085,211.1304347826087,2855.8333029973305,1,true
src/main/java/org/apache/log4j/CategoryKey.java,27.0,0.0,0.0,3.0,3.0,8.0,1,0.02127659574468085,211.1304347826087,2855.8333029973305,1,false
src/main/java/org/apache/log4j/EnhancedPatternLayout.java,423.0,4.0,12.0,8.0,9.0,21.0,0,0.0,0.0,0.0,0,true
src/main/java/org/apache/log4j/HTMLLayout.java,199.0,3.0,27.0,11.0,25.0,27.0,1,0.02127659574468085,211.1304347826087,2855.8333029973305,1,true
src/main/java/org/apache/log4j/Hierarchy.java,384.0,12.0,245.0,27.0,62.0,76.0,1,0.02127659574468085,211.1304347826087,2855.8333029973305,1,true
src/main/java/org/apache/log4j/NDC.java,295.0,5.0,58.0,13.0,41.0,55.0,1,0.02127659574468085,211.1304347826087,2855.8333029973305,1,false
src/main/java/org/apache/log4j/PropertyConfigurator.java,672.0,26.0,170.0,20.0,141.0,66.0,1,0.02127659574468085,211.1304347826087,2855.8333029973305,1,true
src/main/java/org/apache/log4j/RollingFileAppender.java,186.0,8.0,40.0,12.0,15.0,32.0,1,0.02127659574468085,211.1304347826087,2855.8333029973305,1,true
src/main/java/org/apache/log4j/WriterAppender.java,280.0,9.0,146.0,21.0,31.0,50.0,1,0.02127659574468085,211.1304347826087,2855.8333029973305,1,true
src/main/java/org/apache/log4j/config/PropertyGetter.java,64.0,9.0,0.0,4.0,16.0,12.0,1,0.02127659574468085,211.1304347826087,2855.8333029973305,1,false
src/main/java/org/apache/log4j/config/PropertyPrinter.java,111.0,8.0,0.0,11.0,39.0,25.0,1,0.02127659574468085,211.1304347826087,2855.8333029973305,1,true
src/main/java/org/apache/log4j/config/PropertySetter.java,223.0,16.0,0.0,9.0,52.0,33.0,1,0.02127659574468085,211.1304347826087,2855.8333029973305,1,true
src/main/java/org/apache/log4j/helpers/AbsoluteTimeDateFormat.java,85.0,6.0,6.0,4.0,10.0,9.0,1,0.02127659574468085,211.1304347826087,2855.8333029973305,1,true
src/main/java/org/apache/log4j/helpers/AppenderAttachableImpl.java,132.0,5.0,0.0,8.0,22.0,31.0,1,0.02127659574468085,211.1304347826087,2855.8333029973305,1,false
src/main/java/org/apache/log4j/helpers/BoundedFIFO.java,121.0,1.0,0.0,10.0,2.0,28.0,1,0.02127659574468085,211.1304347826087,2855.8333029973305,1,false
src/main/java/org/apache/log4j/helpers/CyclicBuffer.java,113.0,1.0,0.0,7.0,0.0,22.0,1,0.02127659574468085,211.1304347826087,2855.8333029973305,1,false
src/main/java/org/apache/log4j/helpers/DateTimeDateFormat.java,44.0,6.0,4.0,4.0,6.0,8.0,1,0.02127659574468085,211.1304347826087,2855.8333029973305,1,false
src/main/java/org/apache/log4j/helpers/ISO8601DateFormat.java,122.0,5.0,6.0,4.0,6.0,11.0,1,0.02127659574468085,211.1304347826087,2855.8333029973305,1,true
src/main/java/org/apache/log4j/helpers/Loader.java,132.0,4.0,4.0,5.0,19.0,22.0,1,0.02127659574468085,211.1304347826087,2855.8333029973305,1,true
src/main/java/org/apache/log4j/helpers/LogLog.java,132.0,0.0,0.0,8.0,9.0,21.0,1,0.02127659574468085,211.1304347826087,2855.8333029973305,1,false
src/main/java/org/apache/log4j/helpers/OptionConverter.java,400.0,8.0,91.0,14.0,65.0,67.0,1,0.02127659574468085,211.1304347826087,2855.8333029973305,1,true
src/main/java/org/apache/log4j/helpers/PatternConverter.java,72.0,1.0,8.0,5.0,6.0,13.0,1,0.02127659574468085,211.1304347826087,2855.8333029973305,1,false
src/main/java/org/apache/log4j/helpers/PatternParser.java,424.0,8.0,3.0,7.0,27.0,31.0,1,0.02127659574468085,211.1304347826087,2855.8333029973305,1,true
src/main/java/org/apache/log4j/jdbc/JDBCAppender.java,286.0,9.0,207.0,23.0,42.0,53.0,1,0.02127659574468085,211.1304347826087,2855.8333029973305,1,true
src/main/java/org/apache/log4j/jmx/AbstractDynamicMBean.java,111.0,17.0,28.0,9.0,30.0,27.0,1,0.02127659574468085,211.1304347826087,2855.8333029973305,1,true
src/main/java/org/apache/log4j/jmx/AppenderDynamicMBean.java,185.0,33.0,0.0,10.0,56.0,42.0,1,0.02127659574468085,211.1304347826087,2855.8333029973305,1,true
src/main/java/org/apache/log4j/net/JMSAppender.java,339.0,17.0,341.0,30.0,22.0,69.0,1,0.02127659574468085,211.1304347826087,2855.8333029973305,1,false
src/main/java/org/apache/log4j/net/SMTPAppender.java,596.0,32.0,1002.0,49.0,67.0,113.0,1,0.02127659574468085,211.1304347826087,2855.8333029973305,1,true
src/main/java/org/apache/log4j/net/SocketAppender.java,367.0,9.0,159.0,23.0,44.0,50.0,1,0.02127659574468085,211.1304347826087,2855.8333029973305,1,true
src/main/java/org/apache/log4j/net/SocketHubAppender.java,399.0,12.0,115.0,19.0,35.0,42.0,1,0.02127659574468085,211.1304347826087,2855.8333029973305,1,true
src/main/java/org/apache/log4j/net/SocketServer.java,141.0,12.0,0.0,6.0,32.0,19.0,1,0.02127659574468085,211.1304347826087,2855.8333029973305,1,false
src/main/java/org/apache/log4j/net/SyslogAppender.java,553.0,12.0,152.0,24.0,64.0,67.0,1,0.02127659574468085,211.1304347826087,2855.8333029973305,1,true
src/main/java/org/apache/log4j/or/RendererMap.java,138.0,5.0,14.0,9.0,18.0,29.0,1,0.02127659574468085,211.1304347826087,2855.8333029973305,1,false
src/main/java/org/apache/log4j/pattern/FormattingInfo.java,129.0,0.0,0.0,8.0,5.0,20.0,0,0.0,0.0,0.0,0,true
src/main/java/org/apache/log4j/pattern/LogEvent.java,453.0,20.0,207.0,26.0,47.0,99.0,1,0.02127659574468085,211.1304347826087,2855.8333029973305,1,true
src/main/java/org/apache/log4j/pattern/PatternParser.java,471.0,9.0,28.0,8.0,48.0,43.0,0,0.0,0.0,0.0,0,true
src/main/java/org/apache/log4j/spi/LocationInfo.java,309.0,7.0,0.0,7.0,30.0,30.0,1,0.02127659574468085,211.1304347826087,2855.8333029973305,1,true
src/main/java/org/apache/log4j/spi/LoggingEvent.java,494.0,17.0,242.0,28.0,52.0,104.0,1,0.02127659574468085,211.1304347826087,2855.8333029973305,1,true
src/main/java/org/apache/log4j/varia/LevelMatchFilter.java,60.0,4.0,0.0,5.0,4.0,10.0,1,0.02127659574468085,211.1304347826087,2855.8333029973305,1,false
src/main/java/org/apache/log4j/varia/Roller.java,66.0,6.0,8.0,5.0,18.0,12.0,1,0.02127659574468085,211.1304347826087,2855.8333029973305,1,false
src/main/java/org/apache/log4j/varia/StringMatchFilter.java,77.0,3.0,0.0,7.0,4.0,16.0,1,0.02127659574468085,211.1304347826087,2855.8333029973305,1,false
src/main/java/org/apache/log4j/xml/DOMConfigurator.java,851.0,41.0,596.0,44.0,292.0,141.0,1,0.02127659574468085,211.1304347826087,2855.8333029973305,1,true
tests/src/java/org/apache/log4j/StressCategory.java,150.0,3.0,0.0,10.0,32.0,34.0,1,0.02127659574468085,211.1304347826087,2855.8333029973305,1,true
tests/src/java/org/apache/log4j/VectorAppender.java,41.0,2.0,15.0,7.0,2.0,13.0,1,0.02127659574468085,211.1304347826087,2855.8333029973305,1,true
tests/src/java/org/apache/log4j/customLogger/XLogger.java,92.0,4.0,29.0,11.0,19.0,26.0,1,0.02127659574468085,211.1304347826087,2855.8333029973305,1,true
tests/src/java/org/apache/log4j/helpers/BoundedFIFOTestCase.java,165.0,6.0,16.0,9.0,31.0,17.0,1,0.02127659574468085,211.1304347826087,2855.8333029973305,1,true
tests/src/java/org/apache/log4j/helpers/CyclicBufferTestCase.java,95.0,6.0,22.0,8.0,18.0,14.0,1,0.02127659574468085,211.1304347826087,2855.8333029973305,1,true
tests/src/java/org/apache/log4j/net/SocketAppenderTest.java,48.0,5.0,4.0,4.0,6.0,4.0,1,0.02127659574468085,211.1304347826087,2855.8333029973305,1,true
tests/src/java/org/apache/log4j/net/TelnetAppenderTest.java,47.0,7.0,0.0,1.0,19.0,3.0,1,0.02127659574468085,211.1304347826087,2855.8333029973305,1,true
