name,LOC,CBO,LCOM,NOM,RFC,WMC,ACS,Ownership,numOfChanges,numberOfFIChanges,ENH,NF,BugFixing,REF,structuralWorkloadSum,semanticWorkloadSum,numberOfDeveloper,pastFaults,MAF,isBuggy
oak-core/src/main/java/org/apache/jackrabbit/mk/MicroKernelFactory.java,135.0,15.0,8.0,5.0,22.0,11.0,17.0,jukka@13f79535-47bb-0310-9956-ffa450edef68,4,0.002526847757422615,89.0,11.0,21.0,26.0,15598.237156571611,511151.9715623213,4,0,0.7873161177182837,false
oak-core/src/main/java/org/apache/jackrabbit/mk/client/Client.java,308.0,11.0,245.0,23.0,88.0,85.0,21.0,jukka@13f79535-47bb-0310-9956-ffa450edef68,4,0.002526847757422615,100.0,27.0,27.0,27.0,15853.628885650087,477208.3465623213,4,0,0.6150917586480289,false
oak-core/src/main/java/org/apache/jackrabbit/mk/client/HttpExecutor.java,191.0,17.0,3.0,7.0,35.0,29.0,50.0,jukka@13f79535-47bb-0310-9956-ffa450edef68,2,0.0012634238787113076,100.0,20.0,20.0,20.0,10456.680277658801,364647.6590623213,2,0,0.8334859475782246,false
oak-core/src/main/java/org/apache/jackrabbit/mk/client/Request.java,124.0,8.0,32.0,12.0,20.0,38.0,50.0,jukka@13f79535-47bb-0310-9956-ffa450edef68,2,0.0012634238787113076,100.0,20.0,20.0,20.0,10456.680277658801,364647.6590623213,2,0,0.8334859475782246,false
oak-core/src/main/java/org/apache/jackrabbit/mk/fs/FileBase.java,42.0,7.0,136.0,17.0,0.0,35.0,73.0,jukka@13f79535-47bb-0310-9956-ffa450edef68,2,0.0012634238787113076,100.0,0.0,0.0,75.0,9262.787193973634,315064.0075471698,2,0,1.3529371088555904,false
oak-core/src/main/java/org/apache/jackrabbit/mk/fs/FileCache.java,157.0,8.0,0.0,13.0,47.0,48.0,73.0,jukka@13f79535-47bb-0310-9956-ffa450edef68,2,0.0012634238787113076,100.0,0.0,0.0,75.0,9262.787193973634,315064.0075471698,2,0,1.3529371088555904,false
oak-core/src/main/java/org/apache/jackrabbit/mk/fs/FileChannelInputStream.java,44.0,4.0,0.0,6.0,13.0,18.0,60.0,thomasm@13f79535-47bb-0310-9956-ffa450edef68,3,0.0018951358180669614,100.0,0.0,17.0,50.0,12113.507914694355,430062.3200471698,3,0,1.081090588230297,false
oak-core/src/main/java/org/apache/jackrabbit/mk/fs/FilePath.java,213.0,10.0,360.0,28.0,29.0,81.0,66.0,jukka@13f79535-47bb-0310-9956-ffa450edef68,3,0.0018951358180669614,100.0,0.0,0.0,60.0,12747.51643585089,396153.6590623213,3,0,0.8037168220587114,false
oak-core/src/main/java/org/apache/jackrabbit/mk/fs/FilePathCache.java,11.0,2.0,1.0,2.0,2.0,5.0,73.0,jukka@13f79535-47bb-0310-9956-ffa450edef68,2,0.0012634238787113076,100.0,0.0,0.0,75.0,9262.787193973634,315064.0075471698,2,0,1.3529371088555904,false
oak-core/src/main/java/org/apache/jackrabbit/mk/fs/FilePathDisk.java,268.0,14.0,313.0,26.0,75.0,89.0,58.0,jukka@13f79535-47bb-0310-9956-ffa450edef68,3,0.0018951358180669614,100.0,0.0,20.0,60.0,12113.507914694355,430062.3200471698,3,0,1.0713352739191144,false
oak-core/src/main/java/org/apache/jackrabbit/mk/fs/FilePathWrapper.java,106.0,5.0,0.0,26.0,40.0,64.0,65.0,jukka@13f79535-47bb-0310-9956-ffa450edef68,3,0.0018951358180669614,100.0,0.0,20.0,60.0,12113.507914694355,430062.3200471698,3,0,1.0713352739191144,false
oak-core/src/main/java/org/apache/jackrabbit/mk/fs/FileUtils.java,266.0,9.0,325.0,26.0,65.0,82.0,60.0,jukka@13f79535-47bb-0310-9956-ffa450edef68,3,0.0018951358180669614,100.0,17.0,0.0,50.0,12747.51643585089,396153.6590623213,3,0,0.6350598351296259,false
oak-core/src/main/java/org/apache/jackrabbit/mk/index/BTree.java,245.0,2.0,31.0,19.0,65.0,52.0,69.0,thomasm@13f79535-47bb-0310-9956-ffa450edef68,4,0.002526847757422615,57.0,14.0,0.0,14.0,16413.513448178717,560700.6590623213,4,0,0.43978607962571226,false
oak-core/src/main/java/org/apache/jackrabbit/mk/index/BTreeLeaf.java,57.0,4.0,28.0,8.0,26.0,15.0,91.0,thomasm@13f79535-47bb-0310-9956-ffa450edef68,3,0.0018951358180669614,38.0,25.0,0.0,12.0,13562.792727457998,445702.3465623213,3,0,0.5205149483713107,false
oak-core/src/main/java/org/apache/jackrabbit/mk/index/BTreeNode.java,107.0,4.0,0.0,11.0,43.0,28.0,91.0,thomasm@13f79535-47bb-0310-9956-ffa450edef68,3,0.0018951358180669614,38.0,25.0,0.0,12.0,13562.792727457998,445702.3465623213,3,0,0.5205149483713107,false
oak-core/src/main/java/org/apache/jackrabbit/mk/index/BTreePage.java,47.0,1.0,18.0,9.0,13.0,14.0,120.0,thomasm@13f79535-47bb-0310-9956-ffa450edef68,2,0.0012634238787113076,33.0,17.0,0.0,17.0,10078.06348558074,364612.6950471698,2,0,1.181119778718117,false
oak-core/src/main/java/org/apache/jackrabbit/mk/index/Cursor.java,74.0,1.0,1.0,6.0,3.0,14.0,73.0,alexparvulescu@13f79535-47bb-0310-9956-ffa450edef68,2,0.0012634238787113076,50.0,25.0,0.0,0.0,10456.680277658801,364647.6590623213,2,0,0.7470754636899782,false
oak-core/src/main/java/org/apache/jackrabbit/mk/index/Index.java,36.0,2.0,10.0,5.0,0.0,13.0,107.0,alexparvulescu@13f79535-47bb-0310-9956-ffa450edef68,2,0.0012634238787113076,50.0,0.0,0.0,0.0,9822.671756502265,398556.3200471698,2,0,1.4161215933409848,false
oak-core/src/main/java/org/apache/jackrabbit/mk/index/IndexWrapper.java,175.0,14.0,0.0,17.0,54.0,44.0,26.0,thomasm@13f79535-47bb-0310-9956-ffa450edef68,5,0.003158559696778269,56.0,11.0,7.0,19.0,18704.349606370808,592206.6590623213,5,0,0.8540485864979637,false
oak-core/src/main/java/org/apache/jackrabbit/mk/index/Indexer.java,453.0,18.0,92.0,29.0,161.0,86.0,35.0,thomasm@13f79535-47bb-0310-9956-ffa450edef68,4,0.002526847757422615,55.0,15.0,5.0,20.0,15219.620364493552,511117.0075471698,4,0,1.2387114279411229,false
oak-core/src/main/java/org/apache/jackrabbit/mk/index/PrefixIndex.java,91.0,3.0,0.0,8.0,25.0,22.0,63.0,thomasm@13f79535-47bb-0310-9956-ffa450edef68,3,0.0018951358180669614,57.0,14.0,0.0,14.0,13307.40099837952,479645.9715623213,3,0,0.9038605772171187,false
oak-core/src/main/java/org/apache/jackrabbit/mk/index/PropertyIndex.java,90.0,3.0,0.0,10.0,24.0,26.0,49.0,thomasm@13f79535-47bb-0310-9956-ffa450edef68,3,0.0018951358180669614,67.0,11.0,11.0,22.0,13307.40099837952,479645.9715623213,3,0,1.2438043541779462,false
oak-core/src/main/java/org/apache/jackrabbit/mk/server/BoundaryInputStream.java,100.0,2.0,0.0,7.0,6.0,24.0,49.0,thomasm@13f79535-47bb-0310-9956-ffa450edef68,3,0.0018951358180669614,100.0,25.0,0.0,50.0,13307.40099837952,479645.9715623213,3,0,0.7350249382355092,false
oak-core/src/main/java/org/apache/jackrabbit/mk/server/FileServlet.java,48.0,4.0,1.0,2.0,11.0,5.0,71.0,jukka@13f79535-47bb-0310-9956-ffa450edef68,2,0.0012634238787113076,100.0,33.0,0.0,33.0,10456.680277658801,364647.6590623213,2,0,0.9141667598510397,false
oak-core/src/main/java/org/apache/jackrabbit/mk/server/HttpProcessor.java,74.0,7.0,0.0,3.0,10.0,13.0,45.0,thomasm@13f79535-47bb-0310-9956-ffa450edef68,3,0.0018951358180669614,100.0,0.0,0.0,50.0,13307.40099837952,479645.9715623213,3,0,0.7350249382355092,false
oak-core/src/main/java/org/apache/jackrabbit/mk/server/MicroKernelServlet.java,224.0,11.0,1.0,2.0,10.0,7.0,26.0,stefan@13f79535-47bb-0310-9956-ffa450edef68,4,0.002526847757422615,100.0,30.0,20.0,30.0,15598.237156571611,511151.9715623213,4,0,0.6566071970802732,false
oak-core/src/main/java/org/apache/jackrabbit/mk/server/Request.java,212.0,11.0,90.0,17.0,45.0,65.0,50.0,jukka@13f79535-47bb-0310-9956-ffa450edef68,3,0.0018951358180669614,100.0,20.0,0.0,40.0,13307.40099837952,479645.9715623213,3,0,0.5866459577866248,false
oak-core/src/main/java/org/apache/jackrabbit/mk/server/Response.java,196.0,7.0,17.0,11.0,25.0,30.0,50.0,jukka@13f79535-47bb-0310-9956-ffa450edef68,3,0.0018951358180669614,100.0,20.0,0.0,40.0,13307.40099837952,479645.9715623213,3,0,0.5866459577866248,false
oak-core/src/main/java/org/apache/jackrabbit/mk/server/Server.java,203.0,16.0,96.0,17.0,49.0,48.0,35.0,jukka@13f79535-47bb-0310-9956-ffa450edef68,2,0.0012634238787113076,100.0,33.0,33.0,17.0,10456.680277658801,364647.6590623213,2,0,0.9141667598510397,false
oak-core/src/main/java/org/apache/jackrabbit/mk/server/Servlet.java,6.0,1.0,0.0,1.0,0.0,2.0,84.0,jukka@13f79535-47bb-0310-9956-ffa450edef68,1,6.317119393556538E-4,100.0,0.0,0.0,50.0,6971.951035781544,283558.0075471698,1,0,1.7715974959377108,false
oak-core/src/main/java/org/apache/jackrabbit/mk/simple/NodeId.java,54.0,0.0,14.0,9.0,2.0,16.0,79.0,thomasm@13f79535-47bb-0310-9956-ffa450edef68,3,0.0018951358180669614,75.0,25.0,0.0,0.0,13307.40099837952,479645.9715623213,3,0,0.6771828247865559,false
oak-core/src/main/java/org/apache/jackrabbit/mk/simple/NodeImpl.java,668.0,16.0,348.0,48.0,155.0,138.0,9.0,thomasm@13f79535-47bb-0310-9956-ffa450edef68,4,0.002526847757422615,67.0,22.0,0.0,33.0,16413.513448178717,560700.6590623213,4,0,0.4803569190466912,false
oak-core/src/main/java/org/apache/jackrabbit/mk/simple/NodeList.java,83.0,5.0,78.0,13.0,0.0,24.0,102.0,thomasm@13f79535-47bb-0310-9956-ffa450edef68,2,0.0012634238787113076,67.0,0.0,0.0,0.0,9822.671756502265,398556.3200471698,2,0,1.4161215933409848,false
oak-core/src/main/java/org/apache/jackrabbit/mk/simple/NodeListSmall.java,207.0,12.0,0.0,22.0,33.0,65.0,72.0,jukka@13f79535-47bb-0310-9956-ffa450edef68,4,0.002526847757422615,57.0,29.0,0.0,14.0,16413.513448178717,560700.6590623213,4,0,0.43978607962571226,false
oak-core/src/main/java/org/apache/jackrabbit/mk/simple/NodeListTrie.java,316.0,9.0,0.0,24.0,95.0,86.0,79.0,thomasm@13f79535-47bb-0310-9956-ffa450edef68,3,0.0018951358180669614,50.0,17.0,0.0,0.0,13307.40099837952,479645.9715623213,3,0,0.6771828247865559,false
oak-core/src/main/java/org/apache/jackrabbit/mk/simple/NodeMap.java,145.0,6.0,160.0,21.0,44.0,49.0,112.0,jukka@13f79535-47bb-0310-9956-ffa450edef68,2,0.0012634238787113076,40.0,20.0,0.0,0.0,10456.680277658801,364647.6590623213,2,0,0.7470754636899782,false
oak-core/src/main/java/org/apache/jackrabbit/mk/simple/NodeMapInDb.java,149.0,15.0,23.0,11.0,70.0,39.0,82.0,jukka@13f79535-47bb-0310-9956-ffa450edef68,2,0.0012634238787113076,60.0,20.0,0.0,20.0,10456.680277658801,364647.6590623213,2,0,0.9141667598510397,false
oak-core/src/main/java/org/apache/jackrabbit/mk/simple/NodeMapInMongoDb.java,143.0,13.0,21.0,11.0,60.0,35.0,112.0,jukka@13f79535-47bb-0310-9956-ffa450edef68,2,0.0012634238787113076,50.0,25.0,0.0,0.0,10456.680277658801,364647.6590623213,2,0,0.7470754636899782,false
oak-core/src/main/java/org/apache/jackrabbit/mk/simple/Revision.java,100.0,4.0,25.0,15.0,43.0,42.0,64.0,jukka@13f79535-47bb-0310-9956-ffa450edef68,4,0.002526847757422615,80.0,20.0,0.0,20.0,15598.237156571611,511151.9715623213,4,0,0.5321261054922244,false
oak-core/src/main/java/org/apache/jackrabbit/mk/simple/SimpleKernelImpl.java,509.0,20.0,136.0,24.0,142.0,94.0,23.0,stefan@13f79535-47bb-0310-9956-ffa450edef68,5,0.003158559696778269,78.0,22.0,22.0,26.0,18704.349606370808,592206.6590623213,5,0,0.7275806860405252,false
oak-core/src/main/java/org/apache/jackrabbit/mk/wrapper/LogWrapper.java,248.0,5.0,4.0,24.0,100.0,81.0,27.0,stefan@13f79535-47bb-0310-9956-ffa450edef68,4,0.002526847757422615,72.0,17.0,6.0,11.0,15853.628885650087,477208.3465623213,4,0,1.1971247578432318,false
oak-core/src/main/java/org/apache/jackrabbit/mk/wrapper/MicroKernelWrapper.java,11.0,3.0,15.0,6.0,0.0,13.0,13.0,thomasm@13f79535-47bb-0310-9956-ffa450edef68,2,0.0012634238787113076,50.0,0.0,25.0,25.0,5141.556878912811,146504.3125,2,0,1.7034711084143606,false
oak-core/src/main/java/org/apache/jackrabbit/mk/wrapper/MicroKernelWrapperBase.java,127.0,5.0,0.0,29.0,50.0,76.0,12.0,stefan@13f79535-47bb-0310-9956-ffa450edef68,5,0.003158559696778269,75.0,12.0,19.0,19.0,18704.349606370808,592206.6590623213,5,0,1.0742788756367323,false
oak-core/src/main/java/org/apache/jackrabbit/mk/wrapper/SecurityWrapper.java,381.0,11.0,16.0,24.0,109.0,83.0,26.0,stefan@13f79535-47bb-0310-9956-ffa450edef68,5,0.003158559696778269,81.0,19.0,14.0,24.0,18704.349606370808,592206.6590623213,5,0,0.592486082649287,false
oak-core/src/main/java/org/apache/jackrabbit/mk/wrapper/VirtualRepositoryWrapper.java,268.0,15.0,0.0,22.0,91.0,72.0,27.0,stefan@13f79535-47bb-0310-9956-ffa450edef68,5,0.003158559696778269,76.0,19.0,10.0,19.0,18704.349606370808,592206.6590623213,5,0,0.7747168233745156,false
oak-core/src/main/java/org/apache/jackrabbit/oak/api/AuthInfo.java,21.0,0.0,3.0,3.0,0.0,8.0,9.0,angela@13f79535-47bb-0310-9956-ffa450edef68,2,0.0012634238787113076,56.0,11.0,0.0,0.0,6590.841691676453,162144.33901515152,2,0,0.7820630950352041,false
oak-core/src/main/java/org/apache/jackrabbit/oak/api/CommitFailedException.java,16.0,0.0,6.0,4.0,0.0,4.0,5.0,mduerig@13f79535-47bb-0310-9956-ffa450edef68,2,0.0012634238787113076,22.0,6.0,6.0,11.0,6590.841691676453,162144.33901515152,2,0,0.7635348054573974,false
oak-core/src/main/java/org/apache/jackrabbit/oak/api/ContentRepository.java,14.0,2.0,0.0,1.0,0.0,5.0,7.0,null,3,0.0018951358180669614,43.0,7.0,0.0,7.0,13562.792727457998,445702.3465623213,3,0,0.5734998178852848,false
oak-core/src/main/java/org/apache/jackrabbit/oak/api/ContentSession.java,26.0,1.0,10.0,5.0,0.0,13.0,7.0,mduerig@13f79535-47bb-0310-9956-ffa450edef68,3,0.0018951358180669614,37.0,4.0,0.0,11.0,13562.792727457998,445702.3465623213,3,0,0.4721713081895609,false
oak-core/src/main/java/org/apache/jackrabbit/oak/api/CoreValue.java,17.0,2.0,28.0,8.0,0.0,10.0,21.0,mduerig@13f79535-47bb-0310-9956-ffa450edef68,2,0.0012634238787113076,67.0,0.0,0.0,0.0,6590.841691676453,162144.33901515152,2,0,1.1975791204855364,false
oak-core/src/main/java/org/apache/jackrabbit/oak/api/CoreValueFactory.java,12.0,3.0,21.0,7.0,0.0,8.0,12.0,mduerig@13f79535-47bb-0310-9956-ffa450edef68,3,0.0018951358180669614,71.0,0.0,0.0,14.0,7356.8077933713685,169730.0533008658,3,0,0.5948749086824856,false
oak-core/src/main/java/org/apache/jackrabbit/oak/api/PropertyState.java,22.0,0.0,6.0,4.0,0.0,11.0,19.0,mduerig@13f79535-47bb-0310-9956-ffa450edef68,3,0.0018951358180669614,31.0,15.0,0.0,8.0,13562.792727457998,445702.3465623213,3,0,0.4518366050801814,false
oak-core/src/main/java/org/apache/jackrabbit/oak/api/QueryEngine.java,30.0,3.0,6.0,4.0,0.0,10.0,19.0,thomasm@13f79535-47bb-0310-9956-ffa450edef68,2,0.0012634238787113076,56.0,6.0,0.0,6.0,5956.833170519918,196053.0,2,0,2.074856715548128,false
oak-core/src/main/java/org/apache/jackrabbit/oak/api/Result.java,8.0,0.0,3.0,3.0,0.0,3.0,13.0,thomasm@13f79535-47bb-0310-9956-ffa450edef68,1,6.317119393556538E-4,50.0,0.0,0.0,0.0,2850.7207207207207,114998.3125,1,0,2.4469400518641495,false
oak-core/src/main/java/org/apache/jackrabbit/oak/api/ResultRow.java,9.0,0.0,6.0,4.0,0.0,4.0,24.0,null,3,0.0018951358180669614,33.0,11.0,0.0,0.0,12928.784206301461,479611.0075471698,3,0,0.9665457014719818,false
oak-core/src/main/java/org/apache/jackrabbit/oak/api/Root.java,39.0,0.0,15.0,6.0,0.0,16.0,7.0,mduerig@13f79535-47bb-0310-9956-ffa450edef68,1,6.317119393556538E-4,21.0,4.0,6.0,6.0,3484.7292418772563,81089.65151515152,1,0,1.1088477925621365,false
oak-core/src/main/java/org/apache/jackrabbit/oak/api/Scalar.java,18.0,1.0,15.0,6.0,0.0,7.0,11.0,jukka@13f79535-47bb-0310-9956-ffa450edef68,3,0.0018951358180669614,100.0,11.0,0.0,44.0,13562.792727457998,445702.3465623213,3,0,0.4618159976529237,false
oak-core/src/main/java/org/apache/jackrabbit/oak/api/Tree.java,108.0,1.0,151.0,18.0,0.0,41.0,6.0,mduerig@13f79535-47bb-0310-9956-ffa450edef68,4,0.002526847757422615,16.0,2.0,0.0,5.0,14328.758829152914,453288.06084803556,4,0,0.33395322047018716,false
oak-core/src/main/java/org/apache/jackrabbit/oak/api/package-info.java,0.0,0.0,0.0,0.0,0.0,0.0,6.0,jukka@13f79535-47bb-0310-9956-ffa450edef68,1,6.317119393556538E-4,33.0,17.0,0.0,0.0,6971.951035781544,283558.0075471698,1,0,1.7715974959377108,false
oak-core/src/main/java/org/apache/jackrabbit/oak/commit/Validator.java,11.0,3.0,15.0,6.0,0.0,16.0,10.0,jukka@13f79535-47bb-0310-9956-ffa450edef68,1,6.317119393556538E-4,100.0,33.0,33.0,67.0,6971.951035781544,283558.0075471698,1,0,1.7715974959377108,false
oak-core/src/main/java/org/apache/jackrabbit/oak/commit/ValidatorProvider.java,12.0,1.0,0.0,1.0,0.0,4.0,12.0,jukka@13f79535-47bb-0310-9956-ffa450edef68,1,6.317119393556538E-4,100.0,33.0,33.0,67.0,6971.951035781544,283558.0075471698,1,0,1.7715974959377108,false
oak-core/src/main/java/org/apache/jackrabbit/oak/core/BinaryValue.java,37.0,5.0,0.0,6.0,3.0,12.0,16.0,angela@13f79535-47bb-0310-9956-ffa450edef68,3,0.0018951358180669614,100.0,40.0,40.0,80.0,13562.792727457998,445702.3465623213,3,0,0.8119803720377832,false
oak-core/src/main/java/org/apache/jackrabbit/oak/core/CoreValueFactoryImpl.java,41.0,8.0,22.0,8.0,1.0,17.0,13.0,jukka@13f79535-47bb-0310-9956-ffa450edef68,2,0.0012634238787113076,100.0,25.0,25.0,75.0,10078.06348558074,364612.6950471698,2,0,1.3632665463294298,false
oak-core/src/main/java/org/apache/jackrabbit/oak/core/CoreValueImpl.java,236.0,8.0,0.0,19.0,35.0,66.0,19.0,jukka@13f79535-47bb-0310-9956-ffa450edef68,2,0.0012634238787113076,100.0,25.0,25.0,75.0,10078.06348558074,364612.6950471698,2,0,1.3632665463294298,false
oak-core/src/main/java/org/apache/jackrabbit/oak/core/KernelContentRepository.java,55.0,15.0,1.0,3.0,6.0,10.0,14.0,angela@13f79535-47bb-0310-9956-ffa450edef68,5,0.003158559696778269,100.0,29.0,7.0,50.0,17179.479549873635,568286.3733480356,5,0,0.34024026695830667,false
oak-core/src/main/java/org/apache/jackrabbit/oak/core/KernelContentSession.java,49.0,12.0,15.0,10.0,6.0,19.0,10.0,angela@13f79535-47bb-0310-9956-ffa450edef68,3,0.0018951358180669614,100.0,14.0,0.0,57.0,13562.792727457998,445702.3465623213,3,0,0.4958517533764779,false
oak-core/src/main/java/org/apache/jackrabbit/oak/kernel/AbstractChildNodeEntry.java,29.0,0.0,1.0,2.0,5.0,8.0,29.0,jukka@13f79535-47bb-0310-9956-ffa450edef68,3,0.0018951358180669614,100.0,0.0,40.0,80.0,13562.792727457998,445702.3465623213,3,0,0.6662629579487329,false
oak-core/src/main/java/org/apache/jackrabbit/oak/kernel/AbstractNodeState.java,74.0,1.0,15.0,6.0,18.0,22.0,22.0,jukka@13f79535-47bb-0310-9956-ffa450edef68,2,0.0012634238787113076,100.0,0.0,60.0,80.0,10078.06348558074,364612.6950471698,2,0,1.2217891849368763,false
oak-core/src/main/java/org/apache/jackrabbit/oak/kernel/AbstractPropertyState.java,46.0,3.0,3.0,3.0,12.0,13.0,31.0,jukka@13f79535-47bb-0310-9956-ffa450edef68,3,0.0018951358180669614,100.0,25.0,0.0,50.0,13562.792727457998,445702.3465623213,3,0,0.6688587625942508,false
oak-core/src/main/java/org/apache/jackrabbit/oak/kernel/ChildNodeEntry.java,13.0,0.0,1.0,2.0,0.0,2.0,47.0,jukka@13f79535-47bb-0310-9956-ffa450edef68,2,0.0012634238787113076,100.0,0.0,50.0,100.0,10078.06348558074,364612.6950471698,2,0,1.181119778718117,false
oak-core/src/main/java/org/apache/jackrabbit/oak/kernel/KernelChildNodeEntry.java,14.0,0.0,0.0,3.0,0.0,5.0,18.0,jukka@13f79535-47bb-0310-9956-ffa450edef68,2,0.0012634238787113076,100.0,17.0,33.0,67.0,10078.06348558074,364612.6950471698,2,0,1.2035296365364654,false
oak-core/src/main/java/org/apache/jackrabbit/oak/kernel/KernelNodeState.java,157.0,12.0,6.0,12.0,38.0,36.0,10.0,null,5,0.003158559696778269,30.0,4.0,3.0,15.0,18704.349606370808,592206.6590623213,5,0,0.3099917847172642,false
oak-core/src/main/java/org/apache/jackrabbit/oak/kernel/KernelNodeStore.java,84.0,5.0,9.0,6.0,26.0,17.0,9.0,mduerig@13f79535-47bb-0310-9956-ffa450edef68,3,0.0018951358180669614,37.0,9.0,3.0,14.0,13562.792727457998,445702.3465623213,3,0,0.5486231325409292,false
oak-core/src/main/java/org/apache/jackrabbit/oak/kernel/KernelPropertyState.java,27.0,3.0,0.0,6.0,1.0,11.0,10.0,mduerig@13f79535-47bb-0310-9956-ffa450edef68,3,0.0018951358180669614,100.0,7.0,14.0,43.0,13562.792727457998,445702.3465623213,3,0,0.4827603767604115,false
oak-core/src/main/java/org/apache/jackrabbit/oak/kernel/KernelRoot.java,128.0,11.0,25.0,10.0,22.0,25.0,8.0,mduerig@13f79535-47bb-0310-9956-ffa450edef68,2,0.0012634238787113076,100.0,7.0,27.0,33.0,6590.841691676453,162144.33901515152,2,0,0.7820630950352041,false
oak-core/src/main/java/org/apache/jackrabbit/oak/kernel/KernelTree.java,417.0,19.0,0.0,36.0,104.0,94.0,13.0,mduerig@13f79535-47bb-0310-9956-ffa450edef68,2,0.0012634238787113076,100.0,0.0,0.0,33.0,6590.841691676453,162144.33901515152,2,0,0.8497449270303298,false
oak-core/src/main/java/org/apache/jackrabbit/oak/kernel/NodeState.java,39.0,1.0,15.0,6.0,0.0,19.0,19.0,jukka@13f79535-47bb-0310-9956-ffa450edef68,3,0.0018951358180669614,100.0,0.0,33.0,100.0,13562.792727457998,445702.3465623213,3,0,0.5205149483713107,false
oak-core/src/main/java/org/apache/jackrabbit/oak/kernel/NodeStateDiff.java,40.0,1.0,15.0,6.0,0.0,12.0,47.0,jukka@13f79535-47bb-0310-9956-ffa450edef68,2,0.0012634238787113076,100.0,0.0,50.0,100.0,10078.06348558074,364612.6950471698,2,0,1.181119778718117,false
oak-core/src/main/java/org/apache/jackrabbit/oak/kernel/NodeStore.java,17.0,0.0,1.0,2.0,0.0,5.0,21.0,mduerig@13f79535-47bb-0310-9956-ffa450edef68,3,0.0018951358180669614,100.0,10.0,10.0,50.0,13562.792727457998,445702.3465623213,3,0,0.5469219363676121,false
oak-core/src/main/java/org/apache/jackrabbit/oak/kernel/ScalarImpl.java,255.0,5.0,78.0,13.0,14.0,35.0,10.0,angela@13f79535-47bb-0310-9956-ffa450edef68,4,0.002526847757422615,100.0,0.0,17.0,50.0,16413.513448178717,560700.6590623213,4,0,0.40202298083906873,false
oak-core/src/main/java/org/apache/jackrabbit/oak/namepath/AbstractNameMapper.java,56.0,0.0,10.0,5.0,9.0,13.0,5.0,null,3,0.0018951358180669614,46.0,23.0,15.0,8.0,11222.646379353717,372233.37334803556,3,0,0.8026396758565988,false
oak-core/src/main/java/org/apache/jackrabbit/oak/namepath/JcrNameParser.java,145.0,1.0,1.0,2.0,10.0,7.0,4.0,mduerig@13f79535-47bb-0310-9956-ffa450edef68,4,0.002526847757422615,45.0,9.0,18.0,9.0,14328.758829152914,453288.06084803556,4,0,0.4702600832063495,false
oak-core/src/main/java/org/apache/jackrabbit/oak/namepath/JcrPathParser.java,225.0,0.0,1.0,2.0,12.0,10.0,5.0,reschke@13f79535-47bb-0310-9956-ffa450edef68,2,0.0012634238787113076,55.0,9.0,9.0,9.0,7737.917137476459,291143.72183288407,2,0,1.5758775012750212,false
oak-core/src/main/java/org/apache/jackrabbit/oak/namepath/NameMapper.java,4.0,0.0,1.0,2.0,0.0,2.0,5.0,reschke@13f79535-47bb-0310-9956-ffa450edef68,2,0.0012634238787113076,56.0,33.0,22.0,0.0,7737.917137476459,291143.72183288407,2,0,1.282071503155057,false
oak-core/src/main/java/org/apache/jackrabbit/oak/namepath/Paths.java,290.0,6.0,559.0,35.0,78.0,105.0,9.0,reschke@13f79535-47bb-0310-9956-ffa450edef68,3,0.0018951358180669614,100.0,33.0,11.0,44.0,7356.8077933713685,169730.0533008658,3,0,0.7566610677913201,false
oak-core/src/main/java/org/apache/jackrabbit/oak/osgi/Activator.java,32.0,12.0,2.0,5.0,11.0,11.0,8.0,jukka@13f79535-47bb-0310-9956-ffa450edef68,4,0.002526847757422615,16.0,3.0,3.0,3.0,16413.513448178717,560700.6590623213,4,0,0.48300481157390185,false
oak-core/src/main/java/org/apache/jackrabbit/oak/plugins/name/NameValidator.java,50.0,5.0,34.0,9.0,12.0,24.0,9.0,jukka@13f79535-47bb-0310-9956-ffa450edef68,2,0.0012634238787113076,46.0,15.0,8.0,15.0,10456.680277658801,364647.6590623213,2,0,0.8162585202063626,false
oak-core/src/main/java/org/apache/jackrabbit/oak/plugins/name/NameValidatorProvider.java,20.0,6.0,0.0,1.0,4.0,4.0,9.0,jukka@13f79535-47bb-0310-9956-ffa450edef68,3,0.0018951358180669614,59.0,12.0,12.0,24.0,13562.792727457998,445702.3465623213,3,0,1.086824558618047,false
oak-core/src/main/java/org/apache/jackrabbit/oak/plugins/name/NamespaceMappings.java,133.0,11.0,0.0,8.0,49.0,30.0,4.0,reschke@13f79535-47bb-0310-9956-ffa450edef68,4,0.002526847757422615,100.0,45.0,18.0,27.0,14328.758829152914,453288.06084803556,4,0,0.5078347586911938,false
oak-core/src/main/java/org/apache/jackrabbit/oak/plugins/type/TypeValidator.java,38.0,7.0,26.0,8.0,10.0,24.0,10.0,mduerig@13f79535-47bb-0310-9956-ffa450edef68,3,0.0018951358180669614,34.0,16.0,6.0,9.0,13562.792727457998,445702.3465623213,3,0,0.7121754427560227,false
oak-core/src/main/java/org/apache/jackrabbit/oak/plugins/type/TypeValidatorProvider.java,69.0,6.0,0.0,1.0,4.0,4.0,11.0,jukka@13f79535-47bb-0310-9956-ffa450edef68,2,0.0012634238787113076,38.0,12.0,6.0,25.0,10456.680277658801,364647.6590623213,2,0,1.2105780031754771,false
oak-core/src/main/java/org/apache/jackrabbit/oak/query/Query.java,340.0,35.0,703.0,46.0,71.0,106.0,20.0,thomasm@13f79535-47bb-0310-9956-ffa450edef68,3,0.0018951358180669614,24.0,3.0,3.0,4.0,12928.784206301461,479611.0075471698,3,0,1.9119423564644589,false
oak-core/src/main/java/org/apache/jackrabbit/oak/query/QueryEngineImpl.java,88.0,16.0,19.0,10.0,28.0,26.0,18.0,thomasm@13f79535-47bb-0310-9956-ffa450edef68,4,0.002526847757422615,20.0,4.0,1.0,6.0,16413.513448178717,560700.6590623213,4,0,1.5145548334137402,false
oak-core/src/main/java/org/apache/jackrabbit/oak/query/ResultImpl.java,35.0,6.0,0.0,5.0,8.0,11.0,12.0,thomasm@13f79535-47bb-0310-9956-ffa450edef68,1,6.317119393556538E-4,20.0,0.0,0.0,0.0,2850.7207207207207,114998.3125,1,0,2.4469400518641495,false
oak-core/src/main/java/org/apache/jackrabbit/oak/query/ResultRowImpl.java,58.0,4.0,0.0,7.0,11.0,18.0,27.0,thomasm@13f79535-47bb-0310-9956-ffa450edef68,2,0.0012634238787113076,17.0,0.0,0.0,0.0,5956.833170519918,196053.0,2,0,1.6537580071540914,false
oak-core/src/main/java/org/apache/jackrabbit/oak/query/SQL2Parser.java,974.0,22.0,398.0,41.0,198.0,187.0,25.0,thomasm@13f79535-47bb-0310-9956-ffa450edef68,2,0.0012634238787113076,15.0,0.0,2.0,4.0,5956.833170519918,196053.0,2,0,2.011419436951996,false
oak-core/src/main/java/org/apache/jackrabbit/oak/query/XPathToSQL2Converter.java,737.0,4.0,108.0,21.0,84.0,103.0,19.0,thomasm@13f79535-47bb-0310-9956-ffa450edef68,3,0.0018951358180669614,26.0,9.0,3.0,9.0,9441.562412397174,277142.6515151515,3,0,1.562301602843424,false
oak-core/src/main/java/org/apache/jackrabbit/oak/query/ast/AndImpl.java,26.0,1.0,1.0,7.0,4.0,13.0,45.0,thomasm@13f79535-47bb-0310-9956-ffa450edef68,1,6.317119393556538E-4,14.0,7.0,0.0,14.0,2850.7207207207207,114998.3125,1,0,2.4469400518641495,false
oak-core/src/main/java/org/apache/jackrabbit/oak/query/ast/AstElement.java,19.0,1.0,6.0,4.0,2.0,8.0,18.0,thomasm@13f79535-47bb-0310-9956-ffa450edef68,2,0.0012634238787113076,39.0,6.0,11.0,11.0,6335.449962597977,196087.96401515152,2,0,1.466358389192603,false
oak-core/src/main/java/org/apache/jackrabbit/oak/query/ast/AstElementFactory.java,86.0,1.0,351.0,27.0,0.0,54.0,37.0,thomasm@13f79535-47bb-0310-9956-ffa450edef68,2,0.0012634238787113076,21.0,0.0,5.0,5.0,5956.833170519918,196053.0,2,0,1.767103999933907,false
oak-core/src/main/java/org/apache/jackrabbit/oak/query/ast/AstVisitor.java,28.0,0.0,325.0,26.0,0.0,26.0,54.0,thomasm@13f79535-47bb-0310-9956-ffa450edef68,1,6.317119393556538E-4,12.0,0.0,0.0,12.0,2850.7207207207207,114998.3125,1,0,2.4469400518641495,false
oak-core/src/main/java/org/apache/jackrabbit/oak/query/ast/AstVisitorBase.java,93.0,1.0,55.0,11.0,30.0,25.0,32.0,thomasm@13f79535-47bb-0310-9956-ffa450edef68,1,6.317119393556538E-4,17.0,0.0,0.0,8.0,2850.7207207207207,114998.3125,1,0,2.4469400518641495,false
oak-core/src/main/java/org/apache/jackrabbit/oak/query/ast/BindVariableValueImpl.java,18.0,1.0,0.0,5.0,2.0,9.0,32.0,thomasm@13f79535-47bb-0310-9956-ffa450edef68,2,0.0012634238787113076,33.0,0.0,7.0,7.0,5956.833170519918,196053.0,2,0,1.8525369024768148,false
oak-core/src/main/java/org/apache/jackrabbit/oak/query/ast/ChildNodeImpl.java,36.0,3.0,0.0,8.0,9.0,17.0,34.0,thomasm@13f79535-47bb-0310-9956-ffa450edef68,2,0.0012634238787113076,33.0,11.0,6.0,17.0,5956.833170519918,196053.0,2,0,1.9180449047902224,false
oak-core/src/main/java/org/apache/jackrabbit/oak/query/ast/ChildNodeJoinConditionImpl.java,49.0,3.0,12.0,8.0,12.0,18.0,42.0,thomasm@13f79535-47bb-0310-9956-ffa450edef68,2,0.0012634238787113076,27.0,13.0,0.0,20.0,5956.833170519918,196053.0,2,0,1.767103999933907,false
oak-core/src/main/java/org/apache/jackrabbit/oak/query/ast/ColumnImpl.java,39.0,1.0,20.0,8.0,9.0,17.0,29.0,thomasm@13f79535-47bb-0310-9956-ffa450edef68,2,0.0012634238787113076,25.0,0.0,5.0,5.0,5956.833170519918,196053.0,2,0,1.8525369024768148,false
oak-core/src/main/java/org/apache/jackrabbit/oak/query/ast/ComparisonImpl.java,224.0,3.0,0.0,9.0,14.0,21.0,26.0,thomasm@13f79535-47bb-0310-9956-ffa450edef68,3,0.0018951358180669614,29.0,7.0,7.0,10.0,9441.562412397174,277142.6515151515,3,0,1.730179655525542,false
oak-core/src/main/java/org/apache/jackrabbit/oak/query/ast/ConstraintImpl.java,12.0,1.0,1.0,2.0,0.0,5.0,40.0,thomasm@13f79535-47bb-0310-9956-ffa450edef68,1,6.317119393556538E-4,25.0,8.0,8.0,17.0,2850.7207207207207,114998.3125,1,0,2.4469400518641495,false
oak-core/src/main/java/org/apache/jackrabbit/oak/query/ast/DescendantNodeImpl.java,36.0,3.0,0.0,8.0,8.0,16.0,36.0,thomasm@13f79535-47bb-0310-9956-ffa450edef68,2,0.0012634238787113076,28.0,11.0,0.0,17.0,5956.833170519918,196053.0,2,0,1.8525369024768148,false
oak-core/src/main/java/org/apache/jackrabbit/oak/query/ast/DescendantNodeJoinConditionImpl.java,49.0,3.0,12.0,8.0,10.0,17.0,42.0,thomasm@13f79535-47bb-0310-9956-ffa450edef68,2,0.0012634238787113076,24.0,12.0,0.0,18.0,5956.833170519918,196053.0,2,0,1.767103999933907,false
oak-core/src/main/java/org/apache/jackrabbit/oak/query/ast/DynamicOperandImpl.java,4.0,2.0,1.0,2.0,0.0,2.0,38.0,thomasm@13f79535-47bb-0310-9956-ffa450edef68,2,0.0012634238787113076,25.0,5.0,5.0,10.0,5956.833170519918,196053.0,2,0,1.8525369024768148,false
oak-core/src/main/java/org/apache/jackrabbit/oak/query/ast/EquiJoinConditionImpl.java,60.0,2.0,13.0,10.0,11.0,23.0,32.0,thomasm@13f79535-47bb-0310-9956-ffa450edef68,2,0.0012634238787113076,30.0,4.0,7.0,7.0,5956.833170519918,196053.0,2,0,2.011419436951996,false
oak-core/src/main/java/org/apache/jackrabbit/oak/query/ast/FullTextSearchImpl.java,43.0,1.0,18.0,8.0,5.0,16.0,35.0,thomasm@13f79535-47bb-0310-9956-ffa450edef68,1,6.317119393556538E-4,7.0,2.0,0.0,5.0,2850.7207207207207,114998.3125,1,0,2.4469400518641495,false
oak-core/src/main/java/org/apache/jackrabbit/oak/query/ast/FullTextSearchScoreImpl.java,20.0,2.0,13.0,6.0,2.0,10.0,36.0,thomasm@13f79535-47bb-0310-9956-ffa450edef68,2,0.0012634238787113076,24.0,4.0,8.0,8.0,5956.833170519918,196053.0,2,0,1.9180449047902224,false
oak-core/src/main/java/org/apache/jackrabbit/oak/query/ast/JoinConditionImpl.java,4.0,1.0,1.0,2.0,0.0,2.0,45.0,thomasm@13f79535-47bb-0310-9956-ffa450edef68,1,6.317119393556538E-4,25.0,12.0,0.0,25.0,2850.7207207207207,114998.3125,1,0,2.4469400518641495,false
oak-core/src/main/java/org/apache/jackrabbit/oak/query/ast/JoinImpl.java,128.0,3.0,3.0,15.0,15.0,33.0,32.0,thomasm@13f79535-47bb-0310-9956-ffa450edef68,1,6.317119393556538E-4,10.0,0.0,5.0,5.0,2850.7207207207207,114998.3125,1,0,2.4469400518641495,false
oak-core/src/main/java/org/apache/jackrabbit/oak/query/ast/JoinType.java,0.0,0.0,0.0,0.0,0.0,0.0,46.0,thomasm@13f79535-47bb-0310-9956-ffa450edef68,1,6.317119393556538E-4,33.0,0.0,0.0,33.0,2850.7207207207207,114998.3125,1,0,2.4469400518641495,false
oak-core/src/main/java/org/apache/jackrabbit/oak/query/ast/LengthImpl.java,25.0,2.0,9.0,6.0,7.0,11.0,32.0,thomasm@13f79535-47bb-0310-9956-ffa450edef68,2,0.0012634238787113076,26.0,4.0,7.0,7.0,5956.833170519918,196053.0,2,0,1.9696803579692066,false
oak-core/src/main/java/org/apache/jackrabbit/oak/query/ast/LiteralImpl.java,24.0,3.0,1.0,7.0,7.0,13.0,35.0,thomasm@13f79535-47bb-0310-9956-ffa450edef68,2,0.0012634238787113076,29.0,0.0,6.0,6.0,5956.833170519918,196053.0,2,0,1.8525369024768148,false
oak-core/src/main/java/org/apache/jackrabbit/oak/query/ast/LowerCaseImpl.java,25.0,2.0,3.0,6.0,6.0,11.0,38.0,thomasm@13f79535-47bb-0310-9956-ffa450edef68,2,0.0012634238787113076,22.0,4.0,4.0,9.0,5956.833170519918,196053.0,2,0,1.8525369024768148,false
oak-core/src/main/java/org/apache/jackrabbit/oak/query/ast/NodeLocalNameImpl.java,30.0,3.0,13.0,7.0,9.0,13.0,38.0,thomasm@13f79535-47bb-0310-9956-ffa450edef68,2,0.0012634238787113076,25.0,7.0,4.0,11.0,5956.833170519918,196053.0,2,0,1.7143837120658252,false
oak-core/src/main/java/org/apache/jackrabbit/oak/query/ast/NodeNameImpl.java,28.0,3.0,13.0,7.0,7.0,13.0,33.0,thomasm@13f79535-47bb-0310-9956-ffa450edef68,2,0.0012634238787113076,26.0,9.0,3.0,9.0,5956.833170519918,196053.0,2,0,1.8127886018629984,false
oak-core/src/main/java/org/apache/jackrabbit/oak/query/ast/NotImpl.java,20.0,1.0,3.0,6.0,3.0,10.0,45.0,thomasm@13f79535-47bb-0310-9956-ffa450edef68,1,6.317119393556538E-4,18.0,9.0,0.0,18.0,2850.7207207207207,114998.3125,1,0,2.4469400518641495,false
oak-core/src/main/java/org/apache/jackrabbit/oak/query/ast/Operator.java,0.0,0.0,0.0,0.0,0.0,0.0,25.0,thomasm@13f79535-47bb-0310-9956-ffa450edef68,2,0.0012634238787113076,43.0,14.0,0.0,14.0,9822.671756502265,398556.3200471698,2,0,1.585311698260524,false
oak-core/src/main/java/org/apache/jackrabbit/oak/query/ast/OrImpl.java,25.0,1.0,3.0,7.0,3.0,12.0,45.0,thomasm@13f79535-47bb-0310-9956-ffa450edef68,1,6.317119393556538E-4,12.0,6.0,0.0,12.0,2850.7207207207207,114998.3125,1,0,2.4469400518641495,false
oak-core/src/main/java/org/apache/jackrabbit/oak/query/ast/Order.java,0.0,0.0,0.0,0.0,0.0,0.0,46.0,thomasm@13f79535-47bb-0310-9956-ffa450edef68,1,6.317119393556538E-4,33.0,0.0,0.0,33.0,2850.7207207207207,114998.3125,1,0,2.4469400518641495,false
oak-core/src/main/java/org/apache/jackrabbit/oak/query/ast/OrderingImpl.java,28.0,0.0,0.0,6.0,2.0,13.0,46.0,thomasm@13f79535-47bb-0310-9956-ffa450edef68,1,6.317119393556538E-4,20.0,0.0,0.0,20.0,2850.7207207207207,114998.3125,1,0,2.4469400518641495,false
oak-core/src/main/java/org/apache/jackrabbit/oak/query/ast/PropertyExistenceImpl.java,36.0,2.0,0.0,8.0,6.0,16.0,33.0,thomasm@13f79535-47bb-0310-9956-ffa450edef68,2,0.0012634238787113076,39.0,6.0,6.0,11.0,5956.833170519918,196053.0,2,0,1.9696803579692066,false
oak-core/src/main/java/org/apache/jackrabbit/oak/query/ast/PropertyValueImpl.java,53.0,5.0,0.0,8.0,17.0,18.0,28.0,thomasm@13f79535-47bb-0310-9956-ffa450edef68,2,0.0012634238787113076,24.0,4.0,4.0,9.0,5956.833170519918,196053.0,2,0,1.887345533488906,false
oak-core/src/main/java/org/apache/jackrabbit/oak/query/ast/SameNodeImpl.java,35.0,2.0,0.0,8.0,8.0,16.0,30.0,thomasm@13f79535-47bb-0310-9956-ffa450edef68,1,6.317119393556538E-4,29.0,6.0,0.0,12.0,2850.7207207207207,114998.3125,1,0,2.4469400518641495,false
oak-core/src/main/java/org/apache/jackrabbit/oak/query/ast/SameNodeJoinConditionImpl.java,62.0,2.0,14.0,9.0,12.0,19.0,40.0,thomasm@13f79535-47bb-0310-9956-ffa450edef68,1,6.317119393556538E-4,18.0,6.0,0.0,12.0,2850.7207207207207,114998.3125,1,0,2.4469400518641495,false
oak-core/src/main/java/org/apache/jackrabbit/oak/query/ast/SelectorImpl.java,76.0,8.0,75.0,15.0,21.0,29.0,29.0,thomasm@13f79535-47bb-0310-9956-ffa450edef68,2,0.0012634238787113076,9.0,1.0,2.0,4.0,5956.833170519918,196053.0,2,0,2.011419436951996,false
oak-core/src/main/java/org/apache/jackrabbit/oak/query/ast/SourceImpl.java,23.0,3.0,55.0,11.0,0.0,11.0,39.0,thomasm@13f79535-47bb-0310-9956-ffa450edef68,1,6.317119393556538E-4,10.0,0.0,5.0,5.0,2850.7207207207207,114998.3125,1,0,2.4469400518641495,false
oak-core/src/main/java/org/apache/jackrabbit/oak/query/ast/StaticOperandImpl.java,3.0,1.0,0.0,1.0,0.0,1.0,37.0,thomasm@13f79535-47bb-0310-9956-ffa450edef68,2,0.0012634238787113076,36.0,0.0,9.0,9.0,5956.833170519918,196053.0,2,0,1.767103999933907,false
oak-core/src/main/java/org/apache/jackrabbit/oak/query/ast/UpperCaseImpl.java,25.0,2.0,3.0,6.0,6.0,11.0,38.0,thomasm@13f79535-47bb-0310-9956-ffa450edef68,2,0.0012634238787113076,24.0,5.0,5.0,10.0,5956.833170519918,196053.0,2,0,1.8525369024768148,false
oak-core/src/main/java/org/apache/jackrabbit/oak/query/index/Cursor.java,20.0,1.0,3.0,3.0,0.0,7.0,73.0,thomasm@13f79535-47bb-0310-9956-ffa450edef68,1,6.317119393556538E-4,100.0,50.0,0.0,100.0,2850.7207207207207,114998.3125,1,0,2.4469400518641495,false
oak-core/src/main/java/org/apache/jackrabbit/oak/query/index/Filter.java,312.0,6.0,155.0,22.0,24.0,56.0,27.0,thomasm@13f79535-47bb-0310-9956-ffa450edef68,3,0.0018951358180669614,100.0,22.0,22.0,44.0,9441.562412397174,277142.6515151515,3,0,1.562301602843424,false
oak-core/src/main/java/org/apache/jackrabbit/oak/query/index/PropertyContentIndex.java,86.0,6.0,0.0,5.0,11.0,13.0,26.0,alexparvulescu@13f79535-47bb-0310-9956-ffa450edef68,2,0.0012634238787113076,31.0,6.0,6.0,12.0,5141.556878912811,146504.3125,2,0,1.9264089231700243,false
oak-core/src/main/java/org/apache/jackrabbit/oak/query/index/QueryIndex.java,29.0,0.0,6.0,4.0,0.0,9.0,32.0,thomasm@13f79535-47bb-0310-9956-ffa450edef68,1,6.317119393556538E-4,100.0,33.0,0.0,67.0,2850.7207207207207,114998.3125,1,0,2.4469400518641495,false
oak-core/src/main/java/org/apache/jackrabbit/oak/query/index/QueryIndexProvider.java,39.0,1.0,6.0,4.0,0.0,6.0,23.0,thomasm@13f79535-47bb-0310-9956-ffa450edef68,2,0.0012634238787113076,100.0,50.0,25.0,50.0,6335.449962597977,196087.96401515152,2,0,1.5500818424198377,false
oak-core/src/main/java/org/apache/jackrabbit/oak/query/index/TraversingCursor.java,84.0,4.0,0.0,5.0,18.0,14.0,37.0,thomasm@13f79535-47bb-0310-9956-ffa450edef68,3,0.0018951358180669614,33.0,13.0,0.0,27.0,8247.669328712007,227559.0,3,0,1.3825400816258302,false
oak-core/src/main/java/org/apache/jackrabbit/oak/query/index/TraversingIndex.java,34.0,2.0,11.0,6.0,8.0,13.0,33.0,thomasm@13f79535-47bb-0310-9956-ffa450edef68,2,0.0012634238787113076,19.0,10.0,0.0,14.0,5956.833170519918,196053.0,2,0,1.767103999933907,false
oak-core/src/main/java/org/apache/jackrabbit/oak/util/CoreValueUtil.java,124.0,12.0,21.0,7.0,33.0,33.0,5.0,angela@13f79535-47bb-0310-9956-ffa450edef68,3,0.0018951358180669614,100.0,17.0,17.0,50.0,13562.792727457998,445702.3465623213,3,0,0.9304686013474559,false
oak-core/src/main/java/org/apache/jackrabbit/oak/util/Function1.java,13.0,0.0,0.0,1.0,0.0,2.0,22.0,jukka@13f79535-47bb-0310-9956-ffa450edef68,1,6.317119393556538E-4,50.0,0.0,0.0,50.0,3484.7292418772563,81089.65151515152,1,0,1.1088477925621365,false
oak-core/src/main/java/org/apache/jackrabbit/oak/util/Iterators.java,159.0,11.0,139.0,18.0,22.0,57.0,17.0,jukka@13f79535-47bb-0310-9956-ffa450edef68,1,6.317119393556538E-4,43.0,0.0,0.0,29.0,3484.7292418772563,81089.65151515152,1,0,1.1088477925621365,false
oak-core/src/main/java/org/apache/jackrabbit/oak/util/PagedIterator.java,36.0,2.0,4.0,5.0,3.0,12.0,19.0,jukka@13f79535-47bb-0310-9956-ffa450edef68,1,6.317119393556538E-4,50.0,0.0,0.0,50.0,3484.7292418772563,81089.65151515152,1,0,1.1088477925621365,false
oak-core/src/main/java/org/apache/jackrabbit/oak/util/Predicate.java,12.0,0.0,0.0,1.0,0.0,4.0,22.0,jukka@13f79535-47bb-0310-9956-ffa450edef68,1,6.317119393556538E-4,50.0,0.0,0.0,50.0,3484.7292418772563,81089.65151515152,1,0,1.1088477925621365,false
oak-core/src/test/java/org/apache/jackrabbit/mk/ConflictingMoveTest.java,46.0,7.0,6.0,4.0,15.0,7.0,97.0,jukka@13f79535-47bb-0310-9956-ffa450edef68,1,6.317119393556538E-4,67.0,0.0,33.0,33.0,6971.951035781544,283558.0075471698,1,0,1.7715974959377108,false
oak-core/src/test/java/org/apache/jackrabbit/mk/EverythingIT.java,2.0,3.0,0.0,0.0,0.0,0.0,6.0,jukka@13f79535-47bb-0310-9956-ffa450edef68,1,6.317119393556538E-4,50.0,0.0,0.0,50.0,6971.951035781544,283558.0075471698,1,0,1.7715974959377108,false
oak-core/src/test/java/org/apache/jackrabbit/mk/HelloWorld.java,32.0,2.0,3.0,3.0,7.0,6.0,49.0,jukka@13f79535-47bb-0310-9956-ffa450edef68,2,0.0012634238787113076,100.0,25.0,0.0,50.0,10456.680277658801,364647.6590623213,2,0,0.7122000737872216,false
oak-core/src/test/java/org/apache/jackrabbit/mk/LargeObjectTest.java,21.0,3.0,1.0,2.0,4.0,2.0,191.0,jukka@13f79535-47bb-0310-9956-ffa450edef68,1,6.317119393556538E-4,50.0,0.0,0.0,0.0,6971.951035781544,283558.0075471698,1,0,1.7715974959377108,false
oak-core/src/test/java/org/apache/jackrabbit/mk/MoveNodeIT.java,95.0,7.0,9.0,6.0,19.0,14.0,11.0,jukka@13f79535-47bb-0310-9956-ffa450edef68,3,0.0018951358180669614,83.0,0.0,17.0,33.0,12113.507914694355,430062.3200471698,3,0,1.081625451195555,false
oak-core/src/test/java/org/apache/jackrabbit/mk/MultiMkTestBase.java,95.0,14.0,0.0,7.0,36.0,21.0,44.0,jukka@13f79535-47bb-0310-9956-ffa450edef68,2,0.0012634238787113076,78.0,11.0,0.0,11.0,9262.787193973634,315064.0075471698,2,0,1.583827214600133,false
oak-core/src/test/java/org/apache/jackrabbit/mk/Profiler.java,236.0,5.0,22.0,9.0,57.0,42.0,112.0,jukka@13f79535-47bb-0310-9956-ffa450edef68,2,0.0012634238787113076,67.0,33.0,0.0,0.0,10456.680277658801,364647.6590623213,2,0,0.7470754636899782,false
oak-core/src/test/java/org/apache/jackrabbit/mk/concurrent/Concurrent.java,83.0,5.0,6.0,4.0,17.0,16.0,31.0,jukka@13f79535-47bb-0310-9956-ffa450edef68,2,0.0012634238787113076,100.0,40.0,0.0,20.0,10456.680277658801,364647.6590623213,2,0,0.7009360069031096,false
oak-core/src/test/java/org/apache/jackrabbit/mk/concurrent/ConcurrentBlobTest.java,28.0,9.0,0.0,3.0,22.0,7.0,41.0,jukka@13f79535-47bb-0310-9956-ffa450edef68,2,0.0012634238787113076,100.0,20.0,0.0,20.0,10456.680277658801,364647.6590623213,2,0,0.8334859475782246,false
oak-core/src/test/java/org/apache/jackrabbit/mk/concurrent/ConcurrentCacheTest.java,39.0,4.0,1.0,3.0,8.0,9.0,49.0,jukka@13f79535-47bb-0310-9956-ffa450edef68,2,0.0012634238787113076,100.0,25.0,0.0,25.0,10456.680277658801,364647.6590623213,2,0,0.7470754636899782,false
oak-core/src/test/java/org/apache/jackrabbit/mk/concurrent/ConcurrentTest.java,31.0,6.0,3.0,3.0,23.0,5.0,32.0,jukka@13f79535-47bb-0310-9956-ffa450edef68,3,0.0018951358180669614,100.0,29.0,0.0,29.0,12747.51643585089,396153.6590623213,3,0,0.749547814301428,false
oak-core/src/test/java/org/apache/jackrabbit/mk/fs/FileSystemTest.java,428.0,13.0,171.0,19.0,166.0,58.0,39.0,jukka@13f79535-47bb-0310-9956-ffa450edef68,3,0.0018951358180669614,100.0,0.0,0.0,60.0,12113.507914694355,430062.3200471698,3,0,1.0713352739191144,false
oak-core/src/test/java/org/apache/jackrabbit/mk/hash/HashTest.java,34.0,9.0,1.0,3.0,11.0,8.0,63.0,jukka@13f79535-47bb-0310-9956-ffa450edef68,3,0.0018951358180669614,80.0,20.0,0.0,0.0,12747.51643585089,396153.6590623213,3,0,0.7098640567905872,false
oak-core/src/test/java/org/apache/jackrabbit/mk/index/IndexTest.java,199.0,7.0,0.0,12.0,93.0,21.0,41.0,thomasm@13f79535-47bb-0310-9956-ffa450edef68,3,0.0018951358180669614,55.0,9.0,0.0,0.0,12113.507914694355,430062.3200471698,3,0,1.081090588230297,false
oak-core/src/test/java/org/apache/jackrabbit/mk/index/PrefixIndexTest.java,45.0,5.0,1.0,2.0,12.0,5.0,51.0,thomasm@13f79535-47bb-0310-9956-ffa450edef68,3,0.0018951358180669614,45.0,0.0,0.0,9.0,12113.507914694355,430062.3200471698,3,0,1.1017541563514923,false
oak-core/src/test/java/org/apache/jackrabbit/mk/index/PropertyIndexTest.java,41.0,4.0,0.0,1.0,7.0,1.0,51.0,thomasm@13f79535-47bb-0310-9956-ffa450edef68,3,0.0018951358180669614,45.0,0.0,0.0,9.0,12113.507914694355,430062.3200471698,3,0,1.1017541563514923,false
oak-core/src/test/java/org/apache/jackrabbit/mk/json/fast/Jsop.java,115.0,3.0,0.0,6.0,14.0,25.0,52.0,dpfister@13f79535-47bb-0310-9956-ffa450edef68,1,6.317119393556538E-4,50.0,0.0,0.0,50.0,765.5081967213115,3256.722222222222,1,0,3.2007118542405295,false
oak-core/src/test/java/org/apache/jackrabbit/mk/json/fast/JsopArray.java,160.0,7.0,368.0,33.0,32.0,71.0,37.0,mduerig@13f79535-47bb-0310-9956-ffa450edef68,2,0.0012634238787113076,60.0,20.0,0.0,40.0,4250.237438598568,84346.37373737374,2,0,1.1696216448267878,false
oak-core/src/test/java/org/apache/jackrabbit/mk/json/fast/JsopObject.java,152.0,7.0,95.0,19.0,44.0,41.0,42.0,mduerig@13f79535-47bb-0310-9956-ffa450edef68,2,0.0012634238787113076,60.0,20.0,0.0,40.0,4250.237438598568,84346.37373737374,2,0,1.1696216448267878,false
oak-core/src/test/java/org/apache/jackrabbit/mk/json/fast/JsopObjectTest.java,149.0,2.0,36.0,9.0,65.0,12.0,33.0,thomasm@13f79535-47bb-0310-9956-ffa450edef68,2,0.0012634238787113076,67.0,0.0,0.0,17.0,9822.671756502265,398556.3200471698,2,0,1.3780979903005124,false
oak-core/src/test/java/org/apache/jackrabbit/mk/large/CreateNodesTraverseTest.java,14.0,4.0,1.0,2.0,3.0,3.0,101.0,jukka@13f79535-47bb-0310-9956-ffa450edef68,1,6.317119393556538E-4,67.0,0.0,0.0,0.0,6971.951035781544,283558.0075471698,1,0,1.7715974959377108,false
oak-core/src/test/java/org/apache/jackrabbit/mk/large/DescendantCountTest.java,62.0,11.0,6.0,4.0,23.0,15.0,65.0,jukka@13f79535-47bb-0310-9956-ffa450edef68,3,0.0018951358180669614,67.0,33.0,0.0,0.0,12747.51643585089,396153.6590623213,3,0,0.7098640567905872,false
oak-core/src/test/java/org/apache/jackrabbit/mk/large/LargeNodeTest.java,123.0,7.0,13.0,11.0,34.0,29.0,42.0,jukka@13f79535-47bb-0310-9956-ffa450edef68,3,0.0018951358180669614,88.0,25.0,0.0,25.0,12747.51643585089,396153.6590623213,3,0,0.9189760781785883,false
oak-core/src/test/java/org/apache/jackrabbit/mk/large/ManyRevisionsTest.java,53.0,11.0,10.0,5.0,15.0,11.0,48.0,jukka@13f79535-47bb-0310-9956-ffa450edef68,3,0.0018951358180669614,86.0,29.0,0.0,14.0,12747.51643585089,396153.6590623213,3,0,0.8413012907166801,false
oak-core/src/test/java/org/apache/jackrabbit/mk/large/NodeCreator.java,96.0,1.0,13.0,11.0,16.0,22.0,53.0,thomasm@13f79535-47bb-0310-9956-ffa450edef68,2,0.0012634238787113076,50.0,0.0,0.0,0.0,9262.787193973634,315064.0075471698,2,0,1.3657998304511407,false
oak-core/src/test/java/org/apache/jackrabbit/mk/large/StopWatch.java,39.0,0.0,2.0,5.0,7.0,13.0,69.0,jukka@13f79535-47bb-0310-9956-ffa450edef68,1,6.317119393556538E-4,50.0,0.0,0.0,50.0,6971.951035781544,283558.0075471698,1,0,1.7715974959377108,false
oak-core/src/test/java/org/apache/jackrabbit/mk/mem/MemoryNodeTest.java,97.0,5.0,1.0,2.0,31.0,2.0,191.0,jukka@13f79535-47bb-0310-9956-ffa450edef68,1,6.317119393556538E-4,50.0,0.0,0.0,0.0,6971.951035781544,283558.0075471698,1,0,1.7715974959377108,false
oak-core/src/test/java/org/apache/jackrabbit/mk/server/BoundaryInputStreamTest.java,27.0,6.0,1.0,2.0,8.0,4.0,84.0,jukka@13f79535-47bb-0310-9956-ffa450edef68,1,6.317119393556538E-4,100.0,0.0,0.0,50.0,6971.951035781544,283558.0075471698,1,0,1.7715974959377108,false
oak-core/src/test/java/org/apache/jackrabbit/mk/server/ClientServerFixture.java,30.0,6.0,6.0,4.0,6.0,8.0,19.0,jukka@13f79535-47bb-0310-9956-ffa450edef68,1,6.317119393556538E-4,100.0,0.0,0.0,100.0,6971.951035781544,283558.0075471698,1,0,1.7715974959377108,false
oak-core/src/test/java/org/apache/jackrabbit/mk/simple/MoveNodeIT.java,205.0,6.0,141.0,18.0,70.0,28.0,11.0,jukka@13f79535-47bb-0310-9956-ffa450edef68,3,0.0018951358180669614,83.0,0.0,17.0,33.0,12113.507914694355,430062.3200471698,3,0,1.3012148859778145,false
oak-core/src/test/java/org/apache/jackrabbit/mk/simple/NodeVersionTest.java,24.0,4.0,0.0,1.0,9.0,1.0,44.0,jukka@13f79535-47bb-0310-9956-ffa450edef68,3,0.0018951358180669614,75.0,0.0,0.0,50.0,12747.51643585089,396153.6590623213,3,0,0.6436349828599934,false
oak-core/src/test/java/org/apache/jackrabbit/mk/simple/SimpleKernelImplFixture.java,12.0,2.0,3.0,3.0,0.0,4.0,8.0,jukka@13f79535-47bb-0310-9956-ffa450edef68,1,6.317119393556538E-4,50.0,0.0,0.0,50.0,6971.951035781544,283558.0075471698,1,0,1.7715974959377108,false
oak-core/src/test/java/org/apache/jackrabbit/mk/simple/SimpleKernelTest.java,18.0,2.0,0.0,2.0,5.0,3.0,5.0,jukka@13f79535-47bb-0310-9956-ffa450edef68,1,6.317119393556538E-4,67.0,0.0,33.0,67.0,6971.951035781544,283558.0075471698,1,0,1.7715974959377108,false
oak-core/src/test/java/org/apache/jackrabbit/mk/wrapper/IndexWrapperTest.java,45.0,6.0,0.0,4.0,11.0,4.0,41.0,jukka@13f79535-47bb-0310-9956-ffa450edef68,3,0.0018951358180669614,60.0,10.0,0.0,10.0,12113.507914694355,430062.3200471698,3,0,1.081090588230297,false
oak-core/src/test/java/org/apache/jackrabbit/mk/wrapper/SecurityWrapperTest.java,97.0,12.0,0.0,6.0,26.0,13.0,43.0,thomasm@13f79535-47bb-0310-9956-ffa450edef68,3,0.0018951358180669614,75.0,12.0,0.0,0.0,12113.507914694355,430062.3200471698,3,0,1.0896657359606645,false
oak-core/src/test/java/org/apache/jackrabbit/mk/wrapper/VirtualRepositoryWrapperTest.java,91.0,15.0,0.0,5.0,23.0,12.0,31.0,stefan@13f79535-47bb-0310-9956-ffa450edef68,4,0.002526847757422615,82.0,0.0,0.0,0.0,12879.474016389271,437648.03433288407,4,0,0.9380459026241095,false
oak-core/src/test/java/org/apache/jackrabbit/oak/kernel/AbstractOakTest.java,18.0,7.0,1.0,2.0,3.0,3.0,17.0,mduerig@13f79535-47bb-0310-9956-ffa450edef68,2,0.0012634238787113076,100.0,0.0,0.0,33.0,6590.841691676453,162144.33901515152,2,0,1.0510593776381751,false
oak-core/src/test/java/org/apache/jackrabbit/oak/kernel/KernelNodeStateTest.java,66.0,10.0,36.0,9.0,48.0,14.0,20.0,jukka@13f79535-47bb-0310-9956-ffa450edef68,3,0.0018951358180669614,35.0,0.0,8.0,23.0,13562.792727457998,445702.3465623213,3,0,0.6319091458120183,false
oak-core/src/test/java/org/apache/jackrabbit/oak/kernel/KernelRootFuzzIT.java,292.0,22.0,222.0,24.0,72.0,62.0,12.0,angela@13f79535-47bb-0310-9956-ffa450edef68,2,0.0012634238787113076,100.0,0.0,0.0,43.0,6590.841691676453,162144.33901515152,2,0,0.7586035268501014,false
oak-core/src/test/java/org/apache/jackrabbit/oak/kernel/KernelRootTest.java,233.0,17.0,0.0,19.0,137.0,35.0,11.0,mduerig@13f79535-47bb-0310-9956-ffa450edef68,2,0.0012634238787113076,100.0,0.0,11.0,44.0,6590.841691676453,162144.33901515152,2,0,0.7720501779614325,false
oak-core/src/test/java/org/apache/jackrabbit/oak/kernel/LargeKernelNodeStateTest.java,44.0,5.0,0.0,6.0,21.0,11.0,18.0,jukka@13f79535-47bb-0310-9956-ffa450edef68,3,0.0018951358180669614,37.0,0.0,7.0,22.0,13562.792727457998,445702.3465623213,3,0,0.6662629579487329,false
oak-core/src/test/java/org/apache/jackrabbit/oak/namepath/PathsTest.java,94.0,7.0,19.0,7.0,18.0,8.0,6.0,reschke@13f79535-47bb-0310-9956-ffa450edef68,3,0.0018951358180669614,100.0,29.0,29.0,29.0,7356.8077933713685,169730.0533008658,3,0,0.9546356017056312,false
oak-core/src/test/java/org/apache/jackrabbit/oak/plugins/name/NamespaceMappingsTest.java,26.0,6.0,0.0,1.0,5.0,2.0,11.0,jukka@13f79535-47bb-0310-9956-ffa450edef68,3,0.0018951358180669614,100.0,20.0,40.0,40.0,12928.784206301461,479611.0075471698,3,0,0.9338814098091357,false
oak-core/src/test/java/org/apache/jackrabbit/oak/query/AbstractQueryTest.java,7.0,4.0,0.0,0.0,0.0,0.0,18.0,null,4,0.002526847757422615,12.0,0.0,1.0,4.0,16413.513448178717,560700.6590623213,4,0,0.5465048563006192,false
oak-core/src/test/java/org/apache/jackrabbit/oak/query/QueryTest.java,140.0,19.0,15.0,7.0,42.0,25.0,17.0,thomasm@13f79535-47bb-0310-9956-ffa450edef68,3,0.0018951358180669614,48.0,5.0,2.0,15.0,12928.784206301461,479611.0075471698,3,0,1.8144497661639076,false
oak-core/src/test/java/org/apache/jackrabbit/oak/query/index/FilterTest.java,201.0,10.0,3.0,3.0,22.0,9.0,24.0,thomasm@13f79535-47bb-0310-9956-ffa450edef68,2,0.0012634238787113076,35.0,5.0,0.0,10.0,5956.833170519918,196053.0,2,0,1.9696803579692066,false
oak-core/src/test/java/org/apache/jackrabbit/oak/query/index/LikePatternTest.java,19.0,5.0,1.0,2.0,7.0,3.0,11.0,alexparvulescu@13f79535-47bb-0310-9956-ffa450edef68,1,6.317119393556538E-4,25.0,0.0,0.0,0.0,2850.7207207207207,114998.3125,1,0,2.4469400518641495,false
oak-core/src/test/java/org/apache/jackrabbit/oak/query/index/TraversingCursorTest.java,35.0,9.0,0.0,3.0,14.0,6.0,13.0,thomasm@13f79535-47bb-0310-9956-ffa450edef68,2,0.0012634238787113076,50.0,8.0,0.0,25.0,9822.671756502265,398556.3200471698,2,0,1.8838217503434387,false
oak-core/src/test/java/org/apache/jackrabbit/oak/util/CoreValueUtilTest.java,61.0,18.0,0.0,3.0,20.0,11.0,9.0,jukka@13f79535-47bb-0310-9956-ffa450edef68,2,0.0012634238787113076,100.0,20.0,20.0,60.0,10078.06348558074,364612.6950471698,2,0,1.2217891849368763,false
oak-it/jcr/src/test/java/org/apache/jackrabbit/oak/jcr/JcrTckITest.java,8.0,3.0,0.0,1.0,0.0,2.0,3.0,reschke@13f79535-47bb-0310-9956-ffa450edef68,1,6.317119393556538E-4,50.0,0.0,0.0,0.0,765.9661016949153,7585.714285714286,1,0,2.0774069529820487,false
oak-it/jcr/src/test/java/org/apache/jackrabbit/oak/jcr/OakRepositoryStub.java,38.0,8.0,8.0,5.0,3.0,11.0,5.0,reschke@13f79535-47bb-0310-9956-ffa450edef68,4,0.002526847757422615,83.0,67.0,0.0,17.0,14328.758829152914,453288.06084803556,4,0,0.4702600832063495,false
oak-it/jcr/src/test/java/org/apache/jackrabbit/oak/jcr/TestContentLoader.java,14.0,4.0,1.0,2.0,5.0,6.0,5.0,reschke@13f79535-47bb-0310-9956-ffa450edef68,3,0.0018951358180669614,89.0,56.0,11.0,22.0,10588.63785819718,406142.03433288407,3,0,1.1468901748126898,false
oak-it/mk/src/main/java/org/apache/jackrabbit/mk/test/AbstractMicroKernelIT.java,105.0,12.0,10.0,8.0,14.0,29.0,3.0,stefan@13f79535-47bb-0310-9956-ffa450edef68,2,0.0012634238787113076,56.0,6.0,0.0,12.0,9262.787193973634,315064.0075471698,2,0,1.6888794314386404,false
oak-it/mk/src/main/java/org/apache/jackrabbit/mk/test/DataStoreIT.java,89.0,10.0,28.0,8.0,19.0,21.0,8.0,jukka@13f79535-47bb-0310-9956-ffa450edef68,1,6.317119393556538E-4,33.0,0.0,0.0,33.0,6971.951035781544,283558.0075471698,1,0,1.7715974959377108,false
oak-it/mk/src/main/java/org/apache/jackrabbit/mk/test/MicroKernelFixture.java,20.0,1.0,3.0,3.0,0.0,6.0,3.0,jukka@13f79535-47bb-0310-9956-ffa450edef68,1,6.317119393556538E-4,33.0,33.0,0.0,0.0,6971.951035781544,283558.0075471698,1,0,1.7715974959377108,false
oak-it/mk/src/main/java/org/apache/jackrabbit/mk/test/MicroKernelIT.java,178.0,11.0,190.0,20.0,91.0,26.0,3.0,stefan@13f79535-47bb-0310-9956-ffa450edef68,4,0.002526847757422615,59.0,2.0,7.0,3.0,13513.024632572202,399410.38128454355,4,0,1.9413058402083752,false
oak-it/mk/src/main/java/org/apache/jackrabbit/mk/test/MicroKernelTestSuite.java,2.0,2.0,0.0,0.0,0.0,0.0,5.0,dpfister@13f79535-47bb-0310-9956-ffa450edef68,1,6.317119393556538E-4,33.0,17.0,0.0,17.0,6971.951035781544,283558.0075471698,1,0,1.7715974959377108,false
oak-it/mk/src/test/java/org/apache/jackrabbit/mk/test/EverythingIT.java,2.0,2.0,0.0,0.0,0.0,0.0,6.0,jukka@13f79535-47bb-0310-9956-ffa450edef68,1,6.317119393556538E-4,67.0,33.0,0.0,33.0,6971.951035781544,283558.0075471698,1,0,1.7715974959377108,false
oak-it/mk/src/test/java/org/apache/jackrabbit/mk/test/MicroKernelImplFixture.java,12.0,2.0,3.0,3.0,0.0,4.0,4.0,jukka@13f79535-47bb-0310-9956-ffa450edef68,2,0.0012634238787113076,33.0,17.0,0.0,17.0,7737.459232502856,286814.72976939206,2,0,1.7930074945291747,false
oak-it/osgi/src/test/java/org/apache/jackrabbit/oak/osgi/OSGiIT.java,13.0,16.0,6.0,4.0,6.0,9.0,5.0,jukka@13f79535-47bb-0310-9956-ffa450edef68,1,6.317119393556538E-4,21.0,10.0,7.0,0.0,6971.951035781544,283558.0075471698,1,0,1.7715974959377108,false
oak-jcr/src/main/java/org/apache/jackrabbit/oak/jcr/Descriptors.java,97.0,56.0,0.0,8.0,13.0,17.0,2.0,mduerig@13f79535-47bb-0310-9956-ffa450edef68,3,0.0018951358180669614,42.0,8.0,8.0,0.0,7101.416064292893,203673.6783008658,3,0,1.0073312014412517,false
oak-jcr/src/main/java/org/apache/jackrabbit/oak/jcr/GlobalContext.java,23.0,6.0,1.0,3.0,7.0,10.0,9.0,mduerig@13f79535-47bb-0310-9956-ffa450edef68,3,0.0018951358180669614,100.0,28.0,6.0,61.0,13562.792727457998,445702.3465623213,3,0,0.45400709870080447,false
oak-jcr/src/main/java/org/apache/jackrabbit/oak/jcr/ItemImpl.java,84.0,10.0,3.0,10.0,19.0,29.0,8.0,mduerig@13f79535-47bb-0310-9956-ffa450edef68,4,0.002526847757422615,43.0,5.0,13.0,16.0,14328.758829152914,453288.06084803556,4,0,0.34627940150789005,false
oak-jcr/src/main/java/org/apache/jackrabbit/oak/jcr/NodeImpl.java,621.0,42.0,4650.0,97.0,273.0,281.0,9.0,mduerig@13f79535-47bb-0310-9956-ffa450edef68,5,0.003158559696778269,41.0,10.0,13.0,16.0,17179.479549873635,568286.3733480356,5,0,0.30268226529903,false
oak-jcr/src/main/java/org/apache/jackrabbit/oak/jcr/OakRepositoryFactory.java,20.0,6.0,1.0,2.0,5.0,8.0,10.0,jukka@13f79535-47bb-0310-9956-ffa450edef68,3,0.0018951358180669614,70.0,30.0,10.0,20.0,11222.646379353717,372233.37334803556,3,0,0.5270065010147222,false
oak-jcr/src/main/java/org/apache/jackrabbit/oak/jcr/PropertyImpl.java,479.0,25.0,1215.0,50.0,170.0,161.0,7.0,mduerig@13f79535-47bb-0310-9956-ffa450edef68,4,0.002526847757422615,54.0,6.0,12.0,21.0,14328.758829152914,453288.06084803556,4,0,0.42875489989355087,false
oak-jcr/src/main/java/org/apache/jackrabbit/oak/jcr/RepositoryImpl.java,102.0,12.0,44.0,12.0,14.0,35.0,8.0,mduerig@13f79535-47bb-0310-9956-ffa450edef68,3,0.0018951358180669614,30.0,5.0,2.0,17.0,13562.792727457998,445702.3465623213,3,0,0.46610281488711514,false
oak-jcr/src/main/java/org/apache/jackrabbit/oak/jcr/SessionContext.java,13.0,10.0,55.0,11.0,0.0,14.0,11.0,mduerig@13f79535-47bb-0310-9956-ffa450edef68,4,0.002526847757422615,33.0,6.0,4.0,23.0,14328.758829152914,453288.06084803556,4,0,0.360270257017993,false
oak-jcr/src/main/java/org/apache/jackrabbit/oak/jcr/SessionImpl.java,283.0,33.0,396.0,32.0,57.0,86.0,7.0,mduerig@13f79535-47bb-0310-9956-ffa450edef68,5,0.003158559696778269,52.0,7.0,10.0,26.0,17179.479549873635,568286.3733480356,5,0,0.29396508712602,false
oak-jcr/src/main/java/org/apache/jackrabbit/oak/jcr/WorkspaceImpl.java,136.0,26.0,202.0,24.0,51.0,55.0,8.0,null,5,0.003158559696778269,48.0,6.0,11.0,24.0,17179.479549873635,568286.3733480356,5,0,0.1907419258607741,false
oak-jcr/src/main/java/org/apache/jackrabbit/oak/jcr/namespace/NamespaceRegistryImpl.java,65.0,6.0,0.0,7.0,6.0,27.0,5.0,reschke@13f79535-47bb-0310-9956-ffa450edef68,4,0.002526847757422615,100.0,14.0,43.0,43.0,14328.758829152914,453288.06084803556,4,0,0.47117736794442333,false
oak-jcr/src/main/java/org/apache/jackrabbit/oak/jcr/osgi/Activator.java,32.0,12.0,2.0,5.0,11.0,11.0,8.0,jukka@13f79535-47bb-0310-9956-ffa450edef68,1,6.317119393556538E-4,12.0,12.0,0.0,0.0,6971.951035781544,283558.0075471698,1,0,1.7715974959377108,false
oak-jcr/src/main/java/org/apache/jackrabbit/oak/jcr/query/QueryImpl.java,55.0,8.0,25.0,11.0,8.0,25.0,11.0,mduerig@13f79535-47bb-0310-9956-ffa450edef68,1,6.317119393556538E-4,12.0,4.0,0.0,0.0,2850.7207207207207,114998.3125,1,0,2.4469400518641495,false
oak-jcr/src/main/java/org/apache/jackrabbit/oak/jcr/query/QueryManagerImpl.java,50.0,19.0,18.0,8.0,12.0,22.0,11.0,mduerig@13f79535-47bb-0310-9956-ffa450edef68,3,0.0018951358180669614,40.0,6.0,0.0,17.0,9441.562412397174,277142.6515151515,3,0,0.9416949132272987,false
oak-jcr/src/main/java/org/apache/jackrabbit/oak/jcr/query/QueryResultImpl.java,36.0,9.0,2.0,8.0,10.0,18.0,13.0,thomasm@13f79535-47bb-0310-9956-ffa450edef68,4,0.002526847757422615,32.0,8.0,11.0,5.0,10207.52851409209,284728.3658008658,4,0,0.9960529762135977,false
oak-jcr/src/main/java/org/apache/jackrabbit/oak/jcr/query/RowImpl.java,41.0,7.0,16.0,9.0,6.0,26.0,17.0,null,3,0.0018951358180669614,42.0,21.0,11.0,16.0,9441.562412397174,277142.6515151515,3,0,0.9551953088872944,false
oak-jcr/src/main/java/org/apache/jackrabbit/oak/jcr/query/qom/ChildNodeImpl.java,22.0,1.0,0.0,5.0,1.0,8.0,34.0,thomasm@13f79535-47bb-0310-9956-ffa450edef68,1,6.317119393556538E-4,33.0,0.0,0.0,0.0,2850.7207207207207,114998.3125,1,0,2.4469400518641495,false
oak-jcr/src/main/java/org/apache/jackrabbit/oak/jcr/query/qom/ChildNodeJoinConditionImpl.java,22.0,1.0,2.0,4.0,2.0,7.0,42.0,thomasm@13f79535-47bb-0310-9956-ffa450edef68,1,6.317119393556538E-4,50.0,0.0,0.0,0.0,2850.7207207207207,114998.3125,1,0,2.4469400518641495,false
oak-jcr/src/main/java/org/apache/jackrabbit/oak/jcr/query/qom/ColumnImpl.java,28.0,1.0,8.0,5.0,3.0,11.0,29.0,thomasm@13f79535-47bb-0310-9956-ffa450edef68,2,0.0012634238787113076,50.0,17.0,0.0,17.0,6335.449962597977,196087.96401515152,2,0,1.3643951304686657,false
oak-jcr/src/main/java/org/apache/jackrabbit/oak/jcr/query/qom/DescendantNodeImpl.java,22.0,1.0,2.0,5.0,2.0,8.0,36.0,thomasm@13f79535-47bb-0310-9956-ffa450edef68,1,6.317119393556538E-4,33.0,0.0,0.0,0.0,2850.7207207207207,114998.3125,1,0,2.4469400518641495,false
oak-jcr/src/main/java/org/apache/jackrabbit/oak/jcr/query/qom/DescendantNodeJoinConditionImpl.java,22.0,1.0,2.0,4.0,2.0,7.0,42.0,thomasm@13f79535-47bb-0310-9956-ffa450edef68,1,6.317119393556538E-4,50.0,0.0,0.0,0.0,2850.7207207207207,114998.3125,1,0,2.4469400518641495,false
oak-jcr/src/main/java/org/apache/jackrabbit/oak/jcr/query/qom/DynamicOperandImpl.java,2.0,1.0,0.0,0.0,0.0,0.0,38.0,thomasm@13f79535-47bb-0310-9956-ffa450edef68,1,6.317119393556538E-4,50.0,0.0,0.0,0.0,2850.7207207207207,114998.3125,1,0,2.4469400518641495,false
oak-jcr/src/main/java/org/apache/jackrabbit/oak/jcr/query/qom/EquiJoinConditionImpl.java,30.0,1.0,7.0,6.0,4.0,11.0,32.0,thomasm@13f79535-47bb-0310-9956-ffa450edef68,1,6.317119393556538E-4,50.0,0.0,0.0,0.0,2850.7207207207207,114998.3125,1,0,2.4469400518641495,false
oak-jcr/src/main/java/org/apache/jackrabbit/oak/jcr/query/qom/FullTextSearchImpl.java,41.0,1.0,1.0,6.0,5.0,12.0,35.0,thomasm@13f79535-47bb-0310-9956-ffa450edef68,1,6.317119393556538E-4,33.0,0.0,0.0,0.0,2850.7207207207207,114998.3125,1,0,2.4469400518641495,false
oak-jcr/src/main/java/org/apache/jackrabbit/oak/jcr/query/qom/FullTextSearchScoreImpl.java,15.0,1.0,1.0,3.0,1.0,5.0,36.0,thomasm@13f79535-47bb-0310-9956-ffa450edef68,1,6.317119393556538E-4,33.0,0.0,0.0,0.0,2850.7207207207207,114998.3125,1,0,2.4469400518641495,false
oak-jcr/src/main/java/org/apache/jackrabbit/oak/jcr/query/qom/JoinConditionImpl.java,2.0,1.0,0.0,0.0,0.0,0.0,45.0,thomasm@13f79535-47bb-0310-9956-ffa450edef68,1,6.317119393556538E-4,50.0,0.0,0.0,0.0,2850.7207207207207,114998.3125,1,0,2.4469400518641495,false
oak-jcr/src/main/java/org/apache/jackrabbit/oak/jcr/query/qom/LengthImpl.java,15.0,1.0,1.0,3.0,1.0,5.0,32.0,thomasm@13f79535-47bb-0310-9956-ffa450edef68,1,6.317119393556538E-4,50.0,0.0,0.0,0.0,2850.7207207207207,114998.3125,1,0,2.4469400518641495,false
oak-jcr/src/main/java/org/apache/jackrabbit/oak/jcr/query/qom/LiteralImpl.java,54.0,4.0,3.0,6.0,8.0,13.0,35.0,thomasm@13f79535-47bb-0310-9956-ffa450edef68,1,6.317119393556538E-4,33.0,0.0,0.0,0.0,2850.7207207207207,114998.3125,1,0,2.4469400518641495,false
oak-jcr/src/main/java/org/apache/jackrabbit/oak/jcr/query/qom/NodeLocalNameImpl.java,15.0,1.0,1.0,3.0,1.0,5.0,38.0,thomasm@13f79535-47bb-0310-9956-ffa450edef68,1,6.317119393556538E-4,33.0,0.0,0.0,0.0,2850.7207207207207,114998.3125,1,0,2.4469400518641495,false
oak-jcr/src/main/java/org/apache/jackrabbit/oak/jcr/query/qom/NodeNameImpl.java,15.0,1.0,1.0,3.0,1.0,5.0,33.0,thomasm@13f79535-47bb-0310-9956-ffa450edef68,1,6.317119393556538E-4,33.0,0.0,0.0,0.0,2850.7207207207207,114998.3125,1,0,2.4469400518641495,false
oak-jcr/src/main/java/org/apache/jackrabbit/oak/jcr/query/qom/Operator.java,0.0,0.0,0.0,0.0,0.0,0.0,25.0,thomasm@13f79535-47bb-0310-9956-ffa450edef68,2,0.0012634238787113076,67.0,33.0,0.0,0.0,9822.671756502265,398556.3200471698,2,0,1.4161215933409848,false
oak-jcr/src/main/java/org/apache/jackrabbit/oak/jcr/query/qom/OrderingImpl.java,25.0,1.0,0.0,4.0,1.0,9.0,46.0,thomasm@13f79535-47bb-0310-9956-ffa450edef68,1,6.317119393556538E-4,50.0,0.0,0.0,0.0,2850.7207207207207,114998.3125,1,0,2.4469400518641495,false
oak-jcr/src/main/java/org/apache/jackrabbit/oak/jcr/query/qom/PropertyExistenceImpl.java,22.0,1.0,2.0,5.0,1.0,8.0,33.0,thomasm@13f79535-47bb-0310-9956-ffa450edef68,1,6.317119393556538E-4,33.0,0.0,0.0,0.0,2850.7207207207207,114998.3125,1,0,2.4469400518641495,false
oak-jcr/src/main/java/org/apache/jackrabbit/oak/jcr/query/qom/PropertyValueImpl.java,20.0,1.0,0.0,4.0,1.0,7.0,28.0,thomasm@13f79535-47bb-0310-9956-ffa450edef68,1,6.317119393556538E-4,33.0,0.0,0.0,0.0,2850.7207207207207,114998.3125,1,0,2.4469400518641495,false
oak-jcr/src/main/java/org/apache/jackrabbit/oak/jcr/query/qom/QOMNode.java,14.0,0.0,1.0,2.0,2.0,6.0,39.0,thomasm@13f79535-47bb-0310-9956-ffa450edef68,1,6.317119393556538E-4,17.0,0.0,0.0,0.0,2850.7207207207207,114998.3125,1,0,2.4469400518641495,false
oak-jcr/src/main/java/org/apache/jackrabbit/oak/jcr/query/qom/QOMVisitor.java,28.0,0.0,325.0,26.0,0.0,26.0,39.0,thomasm@13f79535-47bb-0310-9956-ffa450edef68,1,6.317119393556538E-4,50.0,0.0,0.0,0.0,2850.7207207207207,114998.3125,1,0,2.4469400518641495,false
oak-jcr/src/main/java/org/apache/jackrabbit/oak/jcr/query/qom/QueryObjectModelFactoryImpl.java,91.0,32.0,378.0,28.0,3.0,56.0,20.0,thomasm@13f79535-47bb-0310-9956-ffa450edef68,2,0.0012634238787113076,33.0,11.0,0.0,11.0,6335.449962597977,196087.96401515152,2,0,1.3643951304686657,false
oak-jcr/src/main/java/org/apache/jackrabbit/oak/jcr/query/qom/QueryObjectModelImpl.java,69.0,14.0,122.0,17.0,6.0,32.0,17.0,thomasm@13f79535-47bb-0310-9956-ffa450edef68,2,0.0012634238787113076,75.0,25.0,12.0,12.0,6335.449962597977,196087.96401515152,2,0,1.7733634664475098,false
oak-jcr/src/main/java/org/apache/jackrabbit/oak/jcr/query/qom/SameNodeImpl.java,22.0,1.0,2.0,5.0,2.0,8.0,30.0,thomasm@13f79535-47bb-0310-9956-ffa450edef68,1,6.317119393556538E-4,33.0,0.0,0.0,0.0,2850.7207207207207,114998.3125,1,0,2.4469400518641495,false
oak-jcr/src/main/java/org/apache/jackrabbit/oak/jcr/query/qom/SameNodeJoinConditionImpl.java,35.0,1.0,0.0,5.0,5.0,10.0,40.0,thomasm@13f79535-47bb-0310-9956-ffa450edef68,1,6.317119393556538E-4,50.0,0.0,0.0,0.0,2850.7207207207207,114998.3125,1,0,2.4469400518641495,false
oak-jcr/src/main/java/org/apache/jackrabbit/oak/jcr/query/qom/SelectorImpl.java,19.0,1.0,0.0,4.0,1.0,7.0,29.0,thomasm@13f79535-47bb-0310-9956-ffa450edef68,2,0.0012634238787113076,50.0,17.0,0.0,17.0,6335.449962597977,196087.96401515152,2,0,1.3643951304686657,false
oak-jcr/src/main/java/org/apache/jackrabbit/oak/jcr/query/qom/SourceImpl.java,2.0,1.0,0.0,0.0,0.0,0.0,39.0,thomasm@13f79535-47bb-0310-9956-ffa450edef68,1,6.317119393556538E-4,50.0,0.0,0.0,0.0,2850.7207207207207,114998.3125,1,0,2.4469400518641495,false
oak-jcr/src/main/java/org/apache/jackrabbit/oak/jcr/query/qom/StaticOperandImpl.java,3.0,1.0,0.0,1.0,0.0,1.0,37.0,thomasm@13f79535-47bb-0310-9956-ffa450edef68,1,6.317119393556538E-4,50.0,0.0,0.0,0.0,2850.7207207207207,114998.3125,1,0,2.4469400518641495,false
oak-jcr/src/main/java/org/apache/jackrabbit/oak/jcr/security/principal/PrincipalIteratorAdapter.java,38.0,8.0,6.0,4.0,1.0,10.0,6.0,mduerig@13f79535-47bb-0310-9956-ffa450edef68,2,0.0012634238787113076,83.0,17.0,33.0,33.0,6590.841691676453,162144.33901515152,2,0,0.9566893035866464,false
oak-jcr/src/main/java/org/apache/jackrabbit/oak/jcr/security/privileges/PrivilegeManagerImpl.java,112.0,19.0,13.0,6.0,27.0,23.0,8.0,mduerig@13f79535-47bb-0310-9956-ffa450edef68,2,0.0012634238787113076,83.0,17.0,33.0,50.0,6590.841691676453,162144.33901515152,2,0,0.7820630950352041,false
oak-jcr/src/main/java/org/apache/jackrabbit/oak/jcr/security/user/AuthorizableImpl.java,276.0,18.0,50.0,21.0,84.0,78.0,7.0,angela@13f79535-47bb-0310-9956-ffa450edef68,2,0.0012634238787113076,53.0,11.0,16.0,11.0,6590.841691676453,162144.33901515152,2,0,1.3029162730689705,false
oak-jcr/src/main/java/org/apache/jackrabbit/oak/jcr/security/user/AuthorizableNodeCreator.java,17.0,5.0,3.0,3.0,0.0,5.0,12.0,angela@13f79535-47bb-0310-9956-ffa450edef68,2,0.0012634238787113076,50.0,10.0,20.0,30.0,6590.841691676453,162144.33901515152,2,0,0.7830715775753909,false
oak-jcr/src/main/java/org/apache/jackrabbit/oak/jcr/security/user/GroupImpl.java,61.0,9.0,36.0,9.0,3.0,24.0,6.0,angela@13f79535-47bb-0310-9956-ffa450edef68,1,6.317119393556538E-4,53.0,6.0,6.0,6.0,3106.112449799197,81054.6875,1,0,1.9769364226184138,false
oak-jcr/src/main/java/org/apache/jackrabbit/oak/jcr/security/user/ImpersonationImpl.java,146.0,18.0,13.0,10.0,49.0,41.0,9.0,angela@13f79535-47bb-0310-9956-ffa450edef68,2,0.0012634238787113076,36.0,9.0,18.0,9.0,6590.841691676453,162144.33901515152,2,0,1.1975791204855364,false
oak-jcr/src/main/java/org/apache/jackrabbit/oak/jcr/security/user/ItemBasedPrincipalImpl.java,49.0,7.0,0.0,6.0,8.0,13.0,13.0,angela@13f79535-47bb-0310-9956-ffa450edef68,1,6.317119393556538E-4,50.0,50.0,50.0,0.0,3106.112449799197,81054.6875,1,0,1.9769364226184138,false
oak-jcr/src/main/java/org/apache/jackrabbit/oak/jcr/security/user/PasswordUtility.java,26.0,4.0,6.0,4.0,0.0,8.0,12.0,mduerig@13f79535-47bb-0310-9956-ffa450edef68,2,0.0012634238787113076,100.0,33.0,67.0,33.0,6590.841691676453,162144.33901515152,2,0,1.0510593776381751,false
oak-jcr/src/main/java/org/apache/jackrabbit/oak/jcr/security/user/UserImpl.java,104.0,10.0,55.0,11.0,28.0,32.0,7.0,angela@13f79535-47bb-0310-9956-ffa450edef68,1,6.317119393556538E-4,38.0,8.0,8.0,0.0,3106.112449799197,81054.6875,1,0,1.9769364226184138,false
oak-jcr/src/main/java/org/apache/jackrabbit/oak/jcr/security/user/UserManagerConfig.java,71.0,4.0,4.0,5.0,8.0,17.0,8.0,angela@13f79535-47bb-0310-9956-ffa450edef68,2,0.0012634238787113076,60.0,10.0,20.0,20.0,6590.841691676453,162144.33901515152,2,0,1.0510593776381751,false
oak-jcr/src/main/java/org/apache/jackrabbit/oak/jcr/security/user/UserManagerImpl.java,241.0,24.0,307.0,30.0,68.0,90.0,9.0,angela@13f79535-47bb-0310-9956-ffa450edef68,4,0.002526847757422615,58.0,5.0,16.0,24.0,14328.758829152914,453288.06084803556,4,0,0.45487284825424834,false
oak-jcr/src/main/java/org/apache/jackrabbit/oak/jcr/security/user/action/AuthorizableAction.java,36.0,5.0,6.0,4.0,0.0,16.0,4.0,angela@13f79535-47bb-0310-9956-ffa450edef68,1,6.317119393556538E-4,50.0,0.0,0.0,0.0,3106.112449799197,81054.6875,1,0,1.9769364226184138,false
oak-jcr/src/main/java/org/apache/jackrabbit/oak/jcr/util/Arrays.java,64.0,4.0,10.0,5.0,6.0,15.0,18.0,angela@13f79535-47bb-0310-9956-ffa450edef68,2,0.0012634238787113076,100.0,67.0,0.0,67.0,6590.841691676453,162144.33901515152,2,0,0.7616965009527494,false
oak-jcr/src/main/java/org/apache/jackrabbit/oak/jcr/util/ItemNameMatcher.java,87.0,1.0,6.0,4.0,8.0,17.0,24.0,angela@13f79535-47bb-0310-9956-ffa450edef68,2,0.0012634238787113076,100.0,0.0,0.0,50.0,6590.841691676453,162144.33901515152,2,0,0.8497449270303298,false
oak-jcr/src/main/java/org/apache/jackrabbit/oak/jcr/util/LogUtil.java,25.0,4.0,1.0,2.0,3.0,6.0,5.0,mduerig@13f79535-47bb-0310-9956-ffa450edef68,2,0.0012634238787113076,100.0,0.0,20.0,40.0,6590.841691676453,162144.33901515152,2,0,0.7820630950352041,false
oak-jcr/src/main/java/org/apache/jackrabbit/oak/jcr/util/Unchecked.java,10.0,0.0,1.0,2.0,0.0,3.0,23.0,mduerig@13f79535-47bb-0310-9956-ffa450edef68,1,6.317119393556538E-4,100.0,0.0,0.0,50.0,3484.7292418772563,81089.65151515152,1,0,1.1088477925621365,false
oak-jcr/src/main/java/org/apache/jackrabbit/oak/jcr/util/ValueConverter.java,40.0,8.0,21.0,7.0,16.0,19.0,11.0,mduerig@13f79535-47bb-0310-9956-ffa450edef68,3,0.0018951358180669614,100.0,25.0,30.0,60.0,13562.792727457998,445702.3465623213,3,0,0.5353039253742911,false
oak-jcr/src/main/java/org/apache/jackrabbit/oak/jcr/value/BinaryImpl.java,38.0,7.0,4.0,5.0,10.0,13.0,10.0,reschke@13f79535-47bb-0310-9956-ffa450edef68,2,0.0012634238787113076,67.0,33.0,33.0,33.0,3872.078551494112,88640.40178571429,2,0,1.3340245072402857,false
oak-jcr/src/main/java/org/apache/jackrabbit/oak/jcr/value/DummyNamePathResolver.java,17.0,0.0,6.0,4.0,0.0,8.0,9.0,angela@13f79535-47bb-0310-9956-ffa450edef68,1,6.317119393556538E-4,100.0,50.0,50.0,100.0,3106.112449799197,81054.6875,1,0,1.9769364226184138,false
oak-jcr/src/main/java/org/apache/jackrabbit/oak/jcr/value/ValueFactoryImpl.java,114.0,17.0,0.0,16.0,23.0,48.0,10.0,angela@13f79535-47bb-0310-9956-ffa450edef68,3,0.0018951358180669614,63.0,5.0,42.0,5.0,10844.029587275656,372198.40933288407,3,0,0.910998552699229,false
oak-jcr/src/main/java/org/apache/jackrabbit/oak/jcr/value/ValueImpl.java,160.0,17.0,0.0,13.0,32.0,48.0,9.0,reschke@13f79535-47bb-0310-9956-ffa450edef68,3,0.0018951358180669614,71.0,21.0,14.0,7.0,6722.799272214833,203638.7142857143,3,0,1.0692257481923648,false
oak-jcr/src/test/java/org/apache/jackrabbit/oak/jcr/AbstractRepositoryTest.java,43.0,8.0,8.0,5.0,16.0,18.0,12.0,null,4,0.002526847757422615,10.0,4.0,2.0,4.0,16413.513448178717,560700.6590623213,4,0,0.35045487089878713,false
oak-jcr/src/test/java/org/apache/jackrabbit/oak/jcr/CRUDTest.java,24.0,8.0,1.0,2.0,15.0,4.0,7.0,null,3,0.0018951358180669614,24.0,12.0,6.0,12.0,13562.792727457998,445702.3465623213,3,0,0.4518366050801814,false
oak-jcr/src/test/java/org/apache/jackrabbit/oak/jcr/CompatibilityIssuesTest.java,46.0,7.0,3.0,3.0,15.0,10.0,13.0,mduerig@13f79535-47bb-0310-9956-ffa450edef68,3,0.0018951358180669614,14.0,7.0,3.0,7.0,13562.792727457998,445702.3465623213,3,0,0.4518366050801814,false
oak-jcr/src/test/java/org/apache/jackrabbit/oak/jcr/RepositoryTest.java,1235.0,49.0,1049.0,83.0,797.0,202.0,6.0,mduerig@13f79535-47bb-0310-9956-ffa450edef68,4,0.002526847757422615,24.0,5.0,7.0,12.0,16413.513448178717,560700.6590623213,4,0,0.5630870534043314,false
oak-jcr/src/test/java/org/apache/jackrabbit/oak/jcr/query/QueryTest.java,31.0,16.0,1.0,2.0,23.0,4.0,17.0,thomasm@13f79535-47bb-0310-9956-ffa450edef68,2,0.0012634238787113076,9.0,2.0,5.0,0.0,5956.833170519918,196053.0,2,0,1.767103999933907,false
oak-jcr/src/test/java/org/apache/jackrabbit/oak/jcr/query/qom/QomTest.java,179.0,37.0,0.0,28.0,140.0,56.0,20.0,thomasm@13f79535-47bb-0310-9956-ffa450edef68,3,0.0018951358180669614,42.0,17.0,17.0,8.0,9441.562412397174,277142.6515151515,3,0,1.135050334921365,false
oak-jcr/src/test/java/util/NumberStream.java,10.0,2.0,0.0,2.0,0.0,4.0,3.0,jukka@13f79535-47bb-0310-9956-ffa450edef68,1,6.317119393556538E-4,50.0,50.0,0.0,0.0,3484.7292418772563,81089.65151515152,1,0,1.1088477925621365,false
oak-mk/src/main/java/org/apache/jackrabbit/mk/api/MicroKernel.java,138.0,1.0,120.0,16.0,0.0,70.0,13.0,stefan@13f79535-47bb-0310-9956-ffa450edef68,4,0.002526847757422615,82.0,7.0,7.0,14.0,15219.620364493552,511117.0075471698,4,0,1.7791166520356034,false
oak-mk/src/main/java/org/apache/jackrabbit/mk/api/MicroKernelException.java,18.0,0.0,6.0,4.0,0.0,4.0,54.0,dpfister@13f79535-47bb-0310-9956-ffa450edef68,2,0.0012634238787113076,67.0,33.0,0.0,33.0,9262.787193973634,315064.0075471698,2,0,1.3657998304511407,false
oak-mk/src/main/java/org/apache/jackrabbit/mk/api/package-info.java,0.0,0.0,0.0,0.0,0.0,0.0,6.0,dpfister@13f79535-47bb-0310-9956-ffa450edef68,1,6.317119393556538E-4,50.0,0.0,0.0,0.0,6971.951035781544,283558.0075471698,1,0,1.7715974959377108,false
oak-mk/src/main/java/org/apache/jackrabbit/mk/blobs/AbstractBlobStore.java,329.0,19.0,240.0,24.0,57.0,74.0,68.0,thomasm@13f79535-47bb-0310-9956-ffa450edef68,4,0.002526847757422615,29.0,0.0,10.0,24.0,12879.016111415667,433319.04226939206,4,0,1.1672365051552962,false
oak-mk/src/main/java/org/apache/jackrabbit/mk/blobs/BlobStore.java,20.0,1.0,10.0,5.0,0.0,11.0,168.0,thomasm@13f79535-47bb-0310-9956-ffa450edef68,1,6.317119393556538E-4,20.0,0.0,0.0,20.0,6971.951035781544,283558.0075471698,1,0,1.7715974959377108,false
oak-mk/src/main/java/org/apache/jackrabbit/mk/blobs/BlobStoreInputStream.java,45.0,3.0,0.0,4.0,4.0,13.0,168.0,thomasm@13f79535-47bb-0310-9956-ffa450edef68,1,6.317119393556538E-4,17.0,0.0,0.0,17.0,6971.951035781544,283558.0075471698,1,0,1.7715974959377108,false
oak-mk/src/main/java/org/apache/jackrabbit/mk/blobs/DbBlobStore.java,146.0,9.0,0.0,7.0,44.0,27.0,127.0,thomasm@13f79535-47bb-0310-9956-ffa450edef68,2,0.0012634238787113076,25.0,0.0,0.0,12.0,9822.671756502265,398556.3200471698,2,0,1.4161215933409848,false
oak-mk/src/main/java/org/apache/jackrabbit/mk/blobs/FileBlobStore.java,152.0,12.0,14.0,9.0,57.0,36.0,88.0,thomasm@13f79535-47bb-0310-9956-ffa450edef68,3,0.0018951358180669614,31.0,0.0,8.0,23.0,12113.507914694355,430062.3200471698,3,0,1.1880618791527782,false
oak-mk/src/main/java/org/apache/jackrabbit/mk/blobs/MemoryBlobStore.java,38.0,1.0,0.0,6.0,7.0,12.0,168.0,thomasm@13f79535-47bb-0310-9956-ffa450edef68,1,6.317119393556538E-4,17.0,0.0,0.0,17.0,6971.951035781544,283558.0075471698,1,0,1.7715974959377108,false
oak-mk/src/main/java/org/apache/jackrabbit/mk/blobs/MongoBlobStore.java,47.0,8.0,20.0,8.0,10.0,16.0,130.0,jukka@13f79535-47bb-0310-9956-ffa450edef68,2,0.0012634238787113076,100.0,0.0,0.0,100.0,9262.787193973634,315064.0075471698,2,0,1.3657998304511407,false
oak-mk/src/main/java/org/apache/jackrabbit/mk/core/MicroKernelImpl.java,450.0,18.0,0.0,23.0,124.0,113.0,14.0,stefan@13f79535-47bb-0310-9956-ffa450edef68,5,0.003158559696778269,53.0,9.0,5.0,13.0,15985.128561214864,514373.72976939206,5,0,1.2894961958349498,false
oak-mk/src/main/java/org/apache/jackrabbit/mk/core/Repository.java,135.0,16.0,0.0,13.0,18.0,54.0,18.0,null,4,0.002526847757422615,61.0,17.0,6.0,28.0,13134.407840494143,399375.41726939206,4,0,1.0422140657318524,false
oak-mk/src/main/java/org/apache/jackrabbit/mk/json/JsonBuilder.java,343.0,1.0,151.0,18.0,53.0,56.0,69.0,jukka@13f79535-47bb-0310-9956-ffa450edef68,3,0.0018951358180669614,100.0,0.0,0.0,60.0,12747.51643585089,396153.6590623213,3,0,0.5665172526306872,false
oak-mk/src/main/java/org/apache/jackrabbit/mk/json/JsopBuilder.java,320.0,0.0,0.0,22.0,48.0,67.0,87.0,thomasm@13f79535-47bb-0310-9956-ffa450edef68,2,0.0012634238787113076,67.0,0.0,0.0,33.0,9822.671756502265,398556.3200471698,2,0,1.4161215933409848,false
oak-mk/src/main/java/org/apache/jackrabbit/mk/json/JsopReader.java,10.0,0.0,28.0,8.0,0.0,8.0,103.0,thomasm@13f79535-47bb-0310-9956-ffa450edef68,2,0.0012634238787113076,75.0,0.0,0.0,25.0,9822.671756502265,398556.3200471698,2,0,1.585311698260524,false
oak-mk/src/main/java/org/apache/jackrabbit/mk/json/JsopStream.java,257.0,0.0,187.0,30.0,51.0,74.0,128.0,thomasm@13f79535-47bb-0310-9956-ffa450edef68,2,0.0012634238787113076,67.0,0.0,0.0,33.0,9822.671756502265,398556.3200471698,2,0,1.4161215933409848,false
oak-mk/src/main/java/org/apache/jackrabbit/mk/json/JsopTokenizer.java,407.0,0.0,142.0,24.0,47.0,79.0,103.0,thomasm@13f79535-47bb-0310-9956-ffa450edef68,2,0.0012634238787113076,60.0,0.0,0.0,20.0,9822.671756502265,398556.3200471698,2,0,1.585311698260524,false
oak-mk/src/main/java/org/apache/jackrabbit/mk/json/JsopWriter.java,16.0,0.0,91.0,14.0,0.0,15.0,128.0,thomasm@13f79535-47bb-0310-9956-ffa450edef68,2,0.0012634238787113076,67.0,0.0,0.0,33.0,9822.671756502265,398556.3200471698,2,0,1.4161215933409848,false
oak-mk/src/main/java/org/apache/jackrabbit/mk/json/package-info.java,0.0,0.0,0.0,0.0,0.0,0.0,6.0,jukka@13f79535-47bb-0310-9956-ffa450edef68,1,6.317119393556538E-4,50.0,0.0,0.0,0.0,6971.951035781544,283558.0075471698,1,0,1.7715974959377108,false
oak-mk/src/main/java/org/apache/jackrabbit/mk/model/AbstractChildNodeEntry.java,29.0,0.0,1.0,2.0,5.0,8.0,29.0,jukka@13f79535-47bb-0310-9956-ffa450edef68,2,0.0012634238787113076,67.0,0.0,0.0,0.0,9262.787193973634,315064.0075471698,2,0,1.3657998304511407,false
oak-mk/src/main/java/org/apache/jackrabbit/mk/model/AbstractCommit.java,46.0,1.0,10.0,9.0,9.0,16.0,70.0,stefan@13f79535-47bb-0310-9956-ffa450edef68,2,0.0012634238787113076,50.0,17.0,0.0,33.0,9262.787193973634,315064.0075471698,2,0,1.5182160144073986,false
oak-mk/src/main/java/org/apache/jackrabbit/mk/model/AbstractNode.java,122.0,7.0,4.0,12.0,48.0,29.0,68.0,jukka@13f79535-47bb-0310-9956-ffa450edef68,2,0.0012634238787113076,38.0,0.0,12.0,25.0,9262.787193973634,315064.0075471698,2,0,1.326649671025148,false
oak-mk/src/main/java/org/apache/jackrabbit/mk/model/AbstractNodeState.java,77.0,0.0,15.0,6.0,18.0,22.0,22.0,jukka@13f79535-47bb-0310-9956-ffa450edef68,2,0.0012634238787113076,67.0,0.0,0.0,0.0,9262.787193973634,315064.0075471698,2,0,1.3657998304511407,false
oak-mk/src/main/java/org/apache/jackrabbit/mk/model/AbstractPropertyState.java,29.0,0.0,1.0,2.0,5.0,8.0,31.0,jukka@13f79535-47bb-0310-9956-ffa450edef68,2,0.0012634238787113076,75.0,0.0,0.0,25.0,10456.680277658801,364647.6590623213,2,0,0.9141667598510397,false
oak-mk/src/main/java/org/apache/jackrabbit/mk/model/ChildNode.java,26.0,0.0,0.0,4.0,1.0,9.0,53.0,jukka@13f79535-47bb-0310-9956-ffa450edef68,1,6.317119393556538E-4,50.0,0.0,50.0,50.0,6971.951035781544,283558.0075471698,1,0,1.7715974959377108,false
oak-mk/src/main/java/org/apache/jackrabbit/mk/model/ChildNodeEntries.java,33.0,2.0,78.0,13.0,0.0,18.0,88.0,stefan@13f79535-47bb-0310-9956-ffa450edef68,2,0.0012634238787113076,50.0,0.0,12.0,25.0,9262.787193973634,315064.0075471698,2,0,1.3657998304511407,false
oak-mk/src/main/java/org/apache/jackrabbit/mk/model/ChildNodeEntriesMap.java,148.0,8.0,97.0,23.0,63.0,63.0,69.0,jukka@13f79535-47bb-0310-9956-ffa450edef68,2,0.0012634238787113076,43.0,0.0,14.0,29.0,9262.787193973634,315064.0075471698,2,0,1.326649671025148,false
oak-mk/src/main/java/org/apache/jackrabbit/mk/model/ChildNodeEntriesTree.java,550.0,11.0,91.0,26.0,112.0,91.0,62.0,jukka@13f79535-47bb-0310-9956-ffa450edef68,3,0.0018951358180669614,57.0,14.0,14.0,29.0,10028.295390694946,318320.72976939206,3,0,1.2328300722101855,false
oak-mk/src/main/java/org/apache/jackrabbit/mk/model/ChildNodeEntry.java,13.0,0.0,1.0,2.0,0.0,2.0,47.0,jukka@13f79535-47bb-0310-9956-ffa450edef68,1,6.317119393556538E-4,60.0,0.0,20.0,40.0,6971.951035781544,283558.0075471698,1,0,1.7715974959377108,false
oak-mk/src/main/java/org/apache/jackrabbit/mk/model/Commit.java,15.0,1.0,21.0,7.0,0.0,10.0,79.0,stefan@13f79535-47bb-0310-9956-ffa450edef68,2,0.0012634238787113076,60.0,20.0,0.0,40.0,9262.787193973634,315064.0075471698,2,0,1.5182160144073986,false
oak-mk/src/main/java/org/apache/jackrabbit/mk/model/CommitBuilder.java,486.0,10.0,29.0,18.0,134.0,64.0,28.0,stefan@13f79535-47bb-0310-9956-ffa450edef68,4,0.002526847757422615,53.0,20.0,7.0,17.0,13134.407840494143,399375.41726939206,4,0,1.2509880362569643,false
oak-mk/src/main/java/org/apache/jackrabbit/mk/model/DiffBuilder.java,110.0,4.0,0.0,13.0,110.0,31.0,13.0,angela@13f79535-47bb-0310-9956-ffa450edef68,2,0.0012634238787113076,56.0,22.0,0.0,11.0,5396.948607991288,112560.6875,2,0,1.7720220818530645,false
oak-mk/src/main/java/org/apache/jackrabbit/mk/model/Id.java,64.0,2.0,0.0,8.0,6.0,21.0,47.0,stefan@13f79535-47bb-0310-9956-ffa450edef68,3,0.0018951358180669614,27.0,0.0,9.0,9.0,10028.295390694946,318320.72976939206,3,0,1.3409230034194577,false
oak-mk/src/main/java/org/apache/jackrabbit/mk/model/MutableCommit.java,48.0,0.0,34.0,9.0,13.0,10.0,70.0,jukka@13f79535-47bb-0310-9956-ffa450edef68,2,0.0012634238787113076,75.0,25.0,0.0,50.0,9262.787193973634,315064.0075471698,2,0,1.5182160144073986,false
oak-mk/src/main/java/org/apache/jackrabbit/mk/model/MutableNode.java,44.0,4.0,22.0,8.0,10.0,18.0,88.0,dpfister@13f79535-47bb-0310-9956-ffa450edef68,2,0.0012634238787113076,57.0,29.0,29.0,29.0,7737.459232502856,286814.72976939206,2,0,1.7930074945291747,false
oak-mk/src/main/java/org/apache/jackrabbit/mk/model/Node.java,11.0,4.0,21.0,7.0,0.0,9.0,77.0,jukka@13f79535-47bb-0310-9956-ffa450edef68,2,0.0012634238787113076,50.0,0.0,17.0,33.0,9262.787193973634,315064.0075471698,2,0,1.326649671025148,false
oak-mk/src/main/java/org/apache/jackrabbit/mk/model/NodeDelta.java,135.0,5.0,22.0,9.0,16.0,22.0,82.0,jukka@13f79535-47bb-0310-9956-ffa450edef68,1,6.317119393556538E-4,50.0,0.0,0.0,17.0,6971.951035781544,283558.0075471698,1,0,1.7715974959377108,false
oak-mk/src/main/java/org/apache/jackrabbit/mk/model/NodeDiffHandler.java,10.0,0.0,15.0,6.0,0.0,6.0,78.0,stefan@13f79535-47bb-0310-9956-ffa450edef68,2,0.0012634238787113076,60.0,0.0,0.0,40.0,9262.787193973634,315064.0075471698,2,0,1.5182160144073986,false
oak-mk/src/main/java/org/apache/jackrabbit/mk/model/NodeState.java,39.0,0.0,15.0,6.0,0.0,19.0,19.0,jukka@13f79535-47bb-0310-9956-ffa450edef68,2,0.0012634238787113076,67.0,0.0,0.0,0.0,9262.787193973634,315064.0075471698,2,0,1.3657998304511407,false
oak-mk/src/main/java/org/apache/jackrabbit/mk/model/NodeStateDiff.java,40.0,0.0,15.0,6.0,0.0,12.0,47.0,jukka@13f79535-47bb-0310-9956-ffa450edef68,1,6.317119393556538E-4,75.0,0.0,0.0,25.0,6971.951035781544,283558.0075471698,1,0,1.7715974959377108,false
oak-mk/src/main/java/org/apache/jackrabbit/mk/model/NodeStore.java,17.0,0.0,1.0,2.0,0.0,5.0,21.0,jukka@13f79535-47bb-0310-9956-ffa450edef68,2,0.0012634238787113076,83.0,0.0,0.0,17.0,10456.680277658801,364647.6590623213,2,0,0.8334859475782246,false
oak-mk/src/main/java/org/apache/jackrabbit/mk/model/PropertyState.java,13.0,0.0,1.0,2.0,0.0,4.0,19.0,jukka@13f79535-47bb-0310-9956-ffa450edef68,2,0.0012634238787113076,88.0,12.0,38.0,12.0,10456.680277658801,364647.6590623213,2,0,0.7099752750226251,false
oak-mk/src/main/java/org/apache/jackrabbit/mk/model/StoredCommit.java,30.0,1.0,0.0,4.0,5.0,7.0,63.0,stefan@13f79535-47bb-0310-9956-ffa450edef68,2,0.0012634238787113076,80.0,40.0,20.0,40.0,9262.787193973634,315064.0075471698,2,0,1.6402866239289657,false
oak-mk/src/main/java/org/apache/jackrabbit/mk/model/StoredNode.java,47.0,6.0,16.0,8.0,13.0,20.0,79.0,dpfister@13f79535-47bb-0310-9956-ffa450edef68,2,0.0012634238787113076,50.0,0.0,17.0,50.0,7737.459232502856,286814.72976939206,2,0,1.611454780410504,false
oak-mk/src/main/java/org/apache/jackrabbit/mk/model/TraversingNodeDiffHandler.java,22.0,2.0,0.0,4.0,9.0,8.0,78.0,jukka@13f79535-47bb-0310-9956-ffa450edef68,2,0.0012634238787113076,57.0,14.0,0.0,29.0,10078.06348558074,364612.6950471698,2,0,1.2605970829890782,false
oak-mk/src/main/java/org/apache/jackrabbit/mk/osgi/Activator.java,9.0,6.0,0.0,2.0,3.0,4.0,8.0,thomasm@13f79535-47bb-0310-9956-ffa450edef68,2,0.0012634238787113076,100.0,100.0,0.0,0.0,9822.671756502265,398556.3200471698,2,0,1.4161215933409848,false
oak-mk/src/main/java/org/apache/jackrabbit/mk/persistence/BDbPersistence.java,126.0,21.0,24.0,12.0,50.0,40.0,33.0,dpfister@13f79535-47bb-0310-9956-ffa450edef68,3,0.0018951358180669614,100.0,0.0,0.0,67.0,10028.295390694946,318320.72976939206,3,0,1.9525603446825872,false
oak-mk/src/main/java/org/apache/jackrabbit/mk/persistence/FSPersistence.java,141.0,15.0,52.0,12.0,50.0,37.0,40.0,dpfister@13f79535-47bb-0310-9956-ffa450edef68,3,0.0018951358180669614,100.0,0.0,0.0,80.0,10028.295390694946,318320.72976939206,3,0,1.7937353777155174,false
oak-mk/src/main/java/org/apache/jackrabbit/mk/persistence/GCPersistence.java,43.0,2.0,15.0,6.0,0.0,25.0,9.0,dpfister@13f79535-47bb-0310-9956-ffa450edef68,2,0.0012634238787113076,57.0,0.0,14.0,14.0,3056.3443549134017,34762.72222222222,2,0,2.424772877582704,false
oak-mk/src/main/java/org/apache/jackrabbit/mk/persistence/H2Persistence.java,267.0,18.0,0.0,17.0,99.0,50.0,39.0,dpfister@13f79535-47bb-0310-9956-ffa450edef68,2,0.0012634238787113076,38.0,0.0,8.0,23.0,7737.459232502856,286814.72976939206,2,0,2.4144865590417783,false
oak-mk/src/main/java/org/apache/jackrabbit/mk/persistence/InMemPersistence.java,111.0,15.0,50.0,17.0,37.0,45.0,43.0,dpfister@13f79535-47bb-0310-9956-ffa450edef68,2,0.0012634238787113076,45.0,0.0,9.0,27.0,7737.459232502856,286814.72976939206,2,0,2.4144865590417783,false
oak-mk/src/main/java/org/apache/jackrabbit/mk/persistence/MongoPersistence.java,349.0,32.0,28.0,16.0,79.0,67.0,33.0,dpfister@13f79535-47bb-0310-9956-ffa450edef68,3,0.0018951358180669614,100.0,0.0,12.0,75.0,10028.295390694946,318320.72976939206,3,0,1.6205501425052937,false
oak-mk/src/main/java/org/apache/jackrabbit/mk/persistence/Persistence.java,26.0,9.0,36.0,9.0,0.0,20.0,41.0,dpfister@13f79535-47bb-0310-9956-ffa450edef68,3,0.0018951358180669614,50.0,0.0,0.0,30.0,10028.295390694946,318320.72976939206,3,0,1.7937353777155174,false
oak-mk/src/main/java/org/apache/jackrabbit/mk/store/AbstractRevisionStore.java,89.0,8.0,15.0,6.0,25.0,20.0,23.0,jukka@13f79535-47bb-0310-9956-ffa450edef68,1,6.317119393556538E-4,40.0,0.0,0.0,20.0,6971.951035781544,283558.0075471698,1,0,1.7715974959377108,false
oak-mk/src/main/java/org/apache/jackrabbit/mk/store/BinaryBinding.java,143.0,5.0,4.0,20.0,29.0,66.0,168.0,jukka@13f79535-47bb-0310-9956-ffa450edef68,1,6.317119393556538E-4,33.0,0.0,0.0,33.0,6971.951035781544,283558.0075471698,1,0,1.7715974959377108,false
oak-mk/src/main/java/org/apache/jackrabbit/mk/store/Binding.java,50.0,1.0,66.0,12.0,0.0,24.0,168.0,jukka@13f79535-47bb-0310-9956-ffa450edef68,1,6.317119393556538E-4,50.0,0.0,0.0,50.0,6971.951035781544,283558.0075471698,1,0,1.7715974959377108,false
oak-mk/src/main/java/org/apache/jackrabbit/mk/store/DefaultRevisionStore.java,377.0,26.0,316.0,32.0,146.0,101.0,20.0,dpfister@13f79535-47bb-0310-9956-ffa450edef68,3,0.0018951358180669614,57.0,11.0,9.0,9.0,10028.295390694946,318320.72976939206,3,0,1.9737894494182573,false
oak-mk/src/main/java/org/apache/jackrabbit/mk/store/IdFactory.java,31.0,1.0,3.0,3.0,3.0,10.0,130.0,reschke@13f79535-47bb-0310-9956-ffa450edef68,2,0.0012634238787113076,50.0,0.0,0.0,25.0,9262.787193973634,315064.0075471698,2,0,1.3657998304511407,false
oak-mk/src/main/java/org/apache/jackrabbit/mk/store/NotFoundException.java,17.0,0.0,6.0,4.0,0.0,4.0,168.0,jukka@13f79535-47bb-0310-9956-ffa450edef68,1,6.317119393556538E-4,50.0,0.0,0.0,50.0,6971.951035781544,283558.0075471698,1,0,1.7715974959377108,false
oak-mk/src/main/java/org/apache/jackrabbit/mk/store/PersistHook.java,6.0,0.0,1.0,2.0,0.0,4.0,128.0,dpfister@13f79535-47bb-0310-9956-ffa450edef68,2,0.0012634238787113076,67.0,33.0,0.0,33.0,7737.459232502856,286814.72976939206,2,0,1.7930074945291747,false
oak-mk/src/main/java/org/apache/jackrabbit/mk/store/RevisionProvider.java,23.0,6.0,28.0,8.0,0.0,17.0,56.0,jukka@13f79535-47bb-0310-9956-ffa450edef68,2,0.0012634238787113076,50.0,0.0,0.0,25.0,7737.459232502856,286814.72976939206,2,0,1.5665409408946072,false
oak-mk/src/main/java/org/apache/jackrabbit/mk/store/RevisionStore.java,47.0,4.0,21.0,7.0,0.0,18.0,53.0,dpfister@13f79535-47bb-0310-9956-ffa450edef68,3,0.0018951358180669614,38.0,15.0,0.0,15.0,10028.295390694946,318320.72976939206,3,0,1.7937353777155174,false
oak-mk/src/main/java/org/apache/jackrabbit/mk/store/StoredNodeAsState.java,127.0,12.0,68.0,21.0,46.0,57.0,32.0,jukka@13f79535-47bb-0310-9956-ffa450edef68,3,0.0018951358180669614,62.0,8.0,23.0,23.0,12747.51643585089,396153.6590623213,3,0,0.7774913975936242,false
oak-mk/src/main/java/org/apache/jackrabbit/mk/util/AbstractFilteringIterator.java,33.0,2.0,6.0,5.0,4.0,14.0,168.0,jukka@13f79535-47bb-0310-9956-ffa450edef68,1,6.317119393556538E-4,50.0,0.0,0.0,50.0,6971.951035781544,283558.0075471698,1,0,1.7715974959377108,false
oak-mk/src/main/java/org/apache/jackrabbit/mk/util/AbstractRangeIterator.java,26.0,2.0,4.0,5.0,4.0,13.0,168.0,jukka@13f79535-47bb-0310-9956-ffa450edef68,1,6.317119393556538E-4,50.0,0.0,0.0,50.0,6971.951035781544,283558.0075471698,1,0,1.7715974959377108,false
oak-mk/src/main/java/org/apache/jackrabbit/mk/util/ArrayUtils.java,151.0,1.0,55.0,11.0,20.0,26.0,68.0,jukka@13f79535-47bb-0310-9956-ffa450edef68,2,0.0012634238787113076,100.0,50.0,0.0,100.0,10078.06348558074,364612.6950471698,2,0,1.181119778718117,false
oak-mk/src/main/java/org/apache/jackrabbit/mk/util/AscendingClock.java,62.0,0.0,0.0,4.0,6.0,13.0,86.0,jukka@13f79535-47bb-0310-9956-ffa450edef68,2,0.0012634238787113076,100.0,0.0,0.0,100.0,9262.787193973634,315064.0075471698,2,0,1.3657998304511407,false
oak-mk/src/main/java/org/apache/jackrabbit/mk/util/BoundedInputStream.java,57.0,3.0,0.0,4.0,3.0,13.0,130.0,dpfister@13f79535-47bb-0310-9956-ffa450edef68,2,0.0012634238787113076,67.0,0.0,0.0,33.0,9262.787193973634,315064.0075471698,2,0,1.3657998304511407,false
oak-mk/src/main/java/org/apache/jackrabbit/mk/util/Cache.java,104.0,3.0,0.0,10.0,16.0,21.0,168.0,jukka@13f79535-47bb-0310-9956-ffa450edef68,1,6.317119393556538E-4,50.0,0.0,0.0,50.0,6971.951035781544,283558.0075471698,1,0,1.7715974959377108,false
oak-mk/src/main/java/org/apache/jackrabbit/mk/util/ChunkedInputStream.java,156.0,5.0,8.0,9.0,11.0,33.0,128.0,dpfister@13f79535-47bb-0310-9956-ffa450edef68,1,6.317119393556538E-4,50.0,0.0,0.0,50.0,6971.951035781544,283558.0075471698,1,0,1.7715974959377108,false
oak-mk/src/main/java/org/apache/jackrabbit/mk/util/ChunkedOutputStream.java,130.0,4.0,0.0,9.0,9.0,28.0,130.0,dpfister@13f79535-47bb-0310-9956-ffa450edef68,2,0.0012634238787113076,67.0,0.0,0.0,33.0,9262.787193973634,315064.0075471698,2,0,1.3657998304511407,false
oak-mk/src/main/java/org/apache/jackrabbit/mk/util/CommitGate.java,44.0,3.0,0.0,2.0,8.0,9.0,168.0,jukka@13f79535-47bb-0310-9956-ffa450edef68,1,6.317119393556538E-4,50.0,0.0,0.0,50.0,6971.951035781544,283558.0075471698,1,0,1.7715974959377108,false
oak-mk/src/main/java/org/apache/jackrabbit/mk/util/ExceptionFactory.java,34.0,5.0,3.0,3.0,8.0,9.0,86.0,jukka@13f79535-47bb-0310-9956-ffa450edef68,2,0.0012634238787113076,100.0,0.0,33.0,100.0,9262.787193973634,315064.0075471698,2,0,1.326649671025148,false
oak-mk/src/main/java/org/apache/jackrabbit/mk/util/IOUtils.java,246.0,6.0,153.0,18.0,22.0,64.0,104.0,angela@13f79535-47bb-0310-9956-ffa450edef68,3,0.0018951358180669614,50.0,0.0,17.0,17.0,12113.507914694355,430062.3200471698,3,0,1.0896657359606645,false
oak-mk/src/main/java/org/apache/jackrabbit/mk/util/MicroKernelInputStream.java,50.0,4.0,0.0,5.0,6.0,14.0,126.0,null,2,0.0012634238787113076,40.0,0.0,0.0,20.0,9822.671756502265,398556.3200471698,2,0,1.4161215933409848,false
oak-mk/src/main/java/org/apache/jackrabbit/mk/util/PathUtils.java,318.0,3.0,194.0,21.0,68.0,78.0,52.0,jukka@13f79535-47bb-0310-9956-ffa450edef68,3,0.0018951358180669614,100.0,33.0,0.0,67.0,12368.899643772831,396118.6950471698,3,0,0.9329978595454191,false
oak-mk/src/main/java/org/apache/jackrabbit/mk/util/RangeIterator.java,10.0,1.0,1.0,2.0,1.0,3.0,168.0,jukka@13f79535-47bb-0310-9956-ffa450edef68,1,6.317119393556538E-4,50.0,0.0,0.0,50.0,6971.951035781544,283558.0075471698,1,0,1.7715974959377108,false
oak-mk/src/main/java/org/apache/jackrabbit/mk/util/SimpleLRUCache.java,29.0,2.0,0.0,4.0,1.0,6.0,168.0,jukka@13f79535-47bb-0310-9956-ffa450edef68,1,6.317119393556538E-4,50.0,0.0,0.0,50.0,6971.951035781544,283558.0075471698,1,0,1.7715974959377108,false
oak-mk/src/main/java/org/apache/jackrabbit/mk/util/StringCache.java,123.0,1.0,20.0,8.0,16.0,26.0,103.0,jukka@13f79535-47bb-0310-9956-ffa450edef68,2,0.0012634238787113076,100.0,0.0,50.0,100.0,9262.787193973634,315064.0075471698,2,0,1.3657998304511407,false
oak-mk/src/main/java/org/apache/jackrabbit/mk/util/StringUtils.java,60.0,0.0,3.0,3.0,3.0,14.0,168.0,jukka@13f79535-47bb-0310-9956-ffa450edef68,1,6.317119393556538E-4,50.0,0.0,0.0,50.0,6971.951035781544,283558.0075471698,1,0,1.7715974959377108,false
oak-mk/src/main/java/org/apache/jackrabbit/mk/util/UnmodifiableIterator.java,17.0,1.0,0.0,4.0,2.0,8.0,168.0,jukka@13f79535-47bb-0310-9956-ffa450edef68,1,6.317119393556538E-4,50.0,0.0,0.0,50.0,6971.951035781544,283558.0075471698,1,0,1.7715974959377108,false
oak-mk/src/main/java/org/apache/jackrabbit/mk/util/package-info.java,0.0,0.0,0.0,0.0,0.0,0.0,6.0,jukka@13f79535-47bb-0310-9956-ffa450edef68,1,6.317119393556538E-4,20.0,0.0,0.0,0.0,6971.951035781544,283558.0075471698,1,0,1.7715974959377108,false
oak-mk/src/test/java/org/apache/jackrabbit/mk/ConcurrentWriteIT.java,60.0,4.0,1.0,3.0,10.0,8.0,10.0,stefan@13f79535-47bb-0310-9956-ffa450edef68,3,0.0018951358180669614,57.0,0.0,0.0,29.0,12113.507914694355,430062.3200471698,3,0,1.1880618791527782,false
oak-mk/src/test/java/org/apache/jackrabbit/mk/blobs/AbstractBlobStoreTest.java,273.0,17.0,97.0,23.0,100.0,67.0,3.0,thomasm@13f79535-47bb-0310-9956-ffa450edef68,3,0.0018951358180669614,30.0,10.0,20.0,20.0,12113.507914694355,430062.3200471698,3,0,1.0896657359606645,false
oak-mk/src/test/java/org/apache/jackrabbit/mk/blobs/DbBlobStoreTest.java,24.0,2.0,0.0,2.0,8.0,6.0,37.0,null,4,0.002526847757422615,60.0,20.0,10.0,30.0,12879.474016389271,437648.03433288407,4,0,0.75221289710993,false
oak-mk/src/test/java/org/apache/jackrabbit/mk/blobs/FileBlobStoreTest.java,11.0,0.0,0.0,1.0,2.0,2.0,70.0,thomasm@13f79535-47bb-0310-9956-ffa450edef68,1,6.317119393556538E-4,33.0,17.0,0.0,33.0,6971.951035781544,283558.0075471698,1,0,1.7715974959377108,false
oak-mk/src/test/java/org/apache/jackrabbit/mk/blobs/MemoryBlobStoreTest.java,8.0,0.0,0.0,1.0,0.0,2.0,70.0,thomasm@13f79535-47bb-0310-9956-ffa450edef68,1,6.317119393556538E-4,40.0,20.0,0.0,40.0,6971.951035781544,283558.0075471698,1,0,1.7715974959377108,false
oak-mk/src/test/java/org/apache/jackrabbit/mk/blobs/MongoBlobStoreTest.java,10.0,0.0,1.0,2.0,0.0,4.0,59.0,jukka@13f79535-47bb-0310-9956-ffa450edef68,2,0.0012634238787113076,100.0,33.0,0.0,100.0,9262.787193973634,315064.0075471698,2,0,1.326649671025148,false
oak-mk/src/test/java/org/apache/jackrabbit/mk/json/JsonBuilderTest.java,128.0,15.0,10.0,5.0,21.0,11.0,47.0,jukka@13f79535-47bb-0310-9956-ffa450edef68,2,0.0012634238787113076,100.0,0.0,0.0,100.0,9262.787193973634,315064.0075471698,2,0,1.3657998304511407,false
oak-mk/src/test/java/org/apache/jackrabbit/mk/json/JsopStreamTest.java,158.0,3.0,45.0,10.0,76.0,24.0,57.0,thomasm@13f79535-47bb-0310-9956-ffa450edef68,3,0.0018951358180669614,50.0,0.0,0.0,33.0,12113.507914694355,430062.3200471698,3,0,1.0896657359606645,false
oak-mk/src/test/java/org/apache/jackrabbit/mk/json/JsopTest.java,267.0,3.0,91.0,14.0,69.0,31.0,48.0,thomasm@13f79535-47bb-0310-9956-ffa450edef68,3,0.0018951358180669614,50.0,0.0,0.0,25.0,12113.507914694355,430062.3200471698,3,0,1.2132227605976997,false
oak-mk/src/test/java/org/apache/jackrabbit/mk/json/fast/Jsop.java,115.0,3.0,0.0,6.0,14.0,25.0,52.0,jukka@13f79535-47bb-0310-9956-ffa450edef68,2,0.0012634238787113076,100.0,0.0,0.0,100.0,9262.787193973634,315064.0075471698,2,0,1.3657998304511407,false
oak-mk/src/test/java/org/apache/jackrabbit/mk/json/fast/JsopArray.java,160.0,7.0,368.0,33.0,32.0,71.0,37.0,jukka@13f79535-47bb-0310-9956-ffa450edef68,2,0.0012634238787113076,100.0,0.0,0.0,100.0,9262.787193973634,315064.0075471698,2,0,1.3657998304511407,false
oak-mk/src/test/java/org/apache/jackrabbit/mk/json/fast/JsopObject.java,152.0,7.0,95.0,19.0,44.0,41.0,42.0,jukka@13f79535-47bb-0310-9956-ffa450edef68,2,0.0012634238787113076,100.0,0.0,0.0,100.0,9262.787193973634,315064.0075471698,2,0,1.3657998304511407,false
oak-mk/src/test/java/org/apache/jackrabbit/mk/json/fast/JsopObjectTest.java,147.0,3.0,36.0,9.0,63.0,12.0,33.0,thomasm@13f79535-47bb-0310-9956-ffa450edef68,3,0.0018951358180669614,100.0,0.0,0.0,75.0,12113.507914694355,430062.3200471698,3,0,1.1880618791527782,false
oak-mk/src/test/java/org/apache/jackrabbit/mk/persistence/GCPersistenceTest.java,68.0,19.0,0.0,8.0,36.0,17.0,6.0,dpfister@13f79535-47bb-0310-9956-ffa450edef68,2,0.0012634238787113076,50.0,12.0,25.0,12.0,1531.4742984162267,10842.436507936509,2,0,2.357550484307101,false
oak-mk/src/test/java/org/apache/jackrabbit/mk/store/DefaultRevisionStoreTest.java,72.0,17.0,3.0,7.0,29.0,19.0,9.0,stefan@13f79535-47bb-0310-9956-ffa450edef68,2,0.0012634238787113076,52.0,13.0,4.0,4.0,3056.3443549134017,34762.72222222222,2,0,2.08035700960255,false
oak-mk/src/test/java/org/apache/jackrabbit/mk/util/ArrayUtilsTest.java,85.0,3.0,36.0,9.0,30.0,9.0,63.0,jukka@13f79535-47bb-0310-9956-ffa450edef68,2,0.0012634238787113076,100.0,50.0,0.0,100.0,10078.06348558074,364612.6950471698,2,0,1.181119778718117,false
oak-mk/src/test/java/org/apache/jackrabbit/mk/util/AscendingClockTest.java,23.0,1.0,1.0,2.0,6.0,6.0,56.0,jukka@13f79535-47bb-0310-9956-ffa450edef68,2,0.0012634238787113076,100.0,0.0,0.0,100.0,9262.787193973634,315064.0075471698,2,0,1.3657998304511407,false
oak-mk/src/test/java/org/apache/jackrabbit/mk/util/CommitGateIT.java,54.0,2.0,1.0,2.0,14.0,14.0,2.0,jukka@13f79535-47bb-0310-9956-ffa450edef68,1,6.317119393556538E-4,50.0,0.0,0.0,0.0,6971.951035781544,283558.0075471698,1,0,1.7715974959377108,false
oak-mk/src/test/java/org/apache/jackrabbit/mk/util/IOUtilsTest.java,206.0,9.0,78.0,13.0,69.0,44.0,69.0,thomasm@13f79535-47bb-0310-9956-ffa450edef68,2,0.0012634238787113076,50.0,0.0,25.0,25.0,9822.671756502265,398556.3200471698,2,0,1.4161215933409848,false
oak-mk/src/test/java/org/apache/jackrabbit/mk/util/MicroKernelInputStreamTest.java,105.0,10.0,15.0,7.0,21.0,20.0,2.0,thomasm@13f79535-47bb-0310-9956-ffa450edef68,1,6.317119393556538E-4,25.0,0.0,0.0,0.0,2850.7207207207207,114998.3125,1,0,2.4469400518641495,false
oak-mk/src/test/java/org/apache/jackrabbit/mk/util/PathTest.java,256.0,2.0,21.0,7.0,46.0,15.0,54.0,jukka@13f79535-47bb-0310-9956-ffa450edef68,2,0.0012634238787113076,100.0,50.0,0.0,100.0,10078.06348558074,364612.6950471698,2,0,1.181119778718117,false
oak-mk/src/test/java/org/apache/jackrabbit/mk/util/StopWatch.java,39.0,0.0,2.0,5.0,7.0,13.0,69.0,jukka@13f79535-47bb-0310-9956-ffa450edef68,1,6.317119393556538E-4,50.0,0.0,0.0,50.0,6971.951035781544,283558.0075471698,1,0,1.7715974959377108,false
oak-mk/src/test/java/org/apache/jackrabbit/mk/util/StringUtilsTest.java,22.0,1.0,0.0,1.0,4.0,3.0,91.0,jukka@13f79535-47bb-0310-9956-ffa450edef68,1,6.317119393556538E-4,50.0,0.0,0.0,50.0,6971.951035781544,283558.0075471698,1,0,1.7715974959377108,false
oak-run/src/main/java/org/apache/jackrabbit/oak/run/Main.java,73.0,6.0,1.0,2.0,7.0,6.0,7.0,null,2,0.0012634238787113076,6.0,3.0,2.0,2.0,7737.917137476459,291143.72183288407,2,0,1.2607020379365501,false
oak-run/src/main/java/org/apache/jackrabbit/oak/run/RepositoryServlet.java,30.0,7.0,0.0,4.0,1.0,9.0,11.0,jukka@13f79535-47bb-0310-9956-ffa450edef68,3,0.0018951358180669614,80.0,20.0,0.0,20.0,12747.51643585089,396153.6590623213,3,0,0.7392266763600819,false
oak-run/src/test/java/org/apache/jackrabbit/oak/run/BasicServerTest.java,16.0,7.0,0.0,3.0,7.0,7.0,5.0,jukka@13f79535-47bb-0310-9956-ffa450edef68,2,0.0012634238787113076,38.0,25.0,25.0,0.0,7737.917137476459,291143.72183288407,2,0,1.3389562990057897,false
