name,LOC,CBO,LCOM,NOM,RFC,WMC,ACS,Ownership,numOfChanges,numberOfFIChanges,ENH,NF,BugFixing,REF,structuralWorkloadSum,semanticWorkloadSum,numberOfDeveloper,pastFaults,MAF,isBuggy
cli/src/main/java/org/apache/whirr/cli/Command.java,18.0,3.0,2.0,4.0,0.0,7.0,0.0,tomwhite@apache.org,0,0.0,0.0,0.0,0.0,0.0,0.0,0.0,0,0,0.0,false
cli/src/main/java/org/apache/whirr/cli/Main.java,37.0,12.0,1.0,3.0,18.0,10.0,5.0,tomwhite@apache.org,2,0.047619047619047616,30.0,20.0,0.0,0.0,615.3766233766235,1495.00569376048,2,0,0.07751416564694968,false
cli/src/main/java/org/apache/whirr/cli/command/AbstractClusterSpecCommand.java,59.0,19.0,0.0,3.0,25.0,13.0,7.0,tomwhite@apache.org,1,0.023809523809523808,10.0,0.0,0.0,0.0,74.28571428571429,98.04283900620364,1,0,1.7676619176489945,false
cli/src/main/java/org/apache/whirr/cli/command/DestroyClusterCommand.java,34.0,9.0,6.0,4.0,13.0,11.0,7.0,tomwhite@apache.org,1,0.023809523809523808,11.0,0.0,0.0,0.0,74.28571428571429,98.04283900620364,1,0,1.7676619176489945,false
cli/src/main/java/org/apache/whirr/cli/command/LaunchClusterCommand.java,36.0,10.0,6.0,4.0,16.0,10.0,7.0,asavu@apache.org,1,0.023809523809523808,9.0,0.0,0.0,0.0,74.28571428571429,98.04283900620364,1,0,1.7676619176489945,false
cli/src/main/java/org/apache/whirr/cli/command/VersionCommand.java,14.0,5.0,1.0,2.0,5.0,5.0,6.0,tomwhite@apache.org,1,0.023809523809523808,25.0,25.0,0.0,0.0,541.0909090909091,1396.9628547542763,1,0,0.18721154208814647,false
cli/src/test/java/org/apache/whirr/cli/MainTest.java,26.0,13.0,1.0,2.0,13.0,5.0,11.0,tomwhite@apache.org,1,0.023809523809523808,33.0,17.0,0.0,0.0,541.0909090909091,1396.9628547542763,1,0,0.18721154208814647,false
cli/src/test/java/org/apache/whirr/cli/command/AbstractClusterSpecCommandTest.java,28.0,9.0,6.0,4.0,9.0,12.0,7.0,tomwhite@apache.org,2,0.047619047619047616,29.0,0.0,14.0,0.0,615.3766233766235,1495.00569376048,2,0,0.28428954930862516,false
cli/src/test/java/org/apache/whirr/cli/command/DestroyClusterCommandTest.java,45.0,19.0,2.0,4.0,30.0,9.0,11.0,tomwhite@apache.org,1,0.023809523809523808,18.0,0.0,0.0,0.0,541.0909090909091,1396.9628547542763,1,0,0.18721154208814647,false
cli/src/test/java/org/apache/whirr/cli/command/LaunchClusterCommandTest.java,49.0,22.0,2.0,4.0,34.0,9.0,10.0,tomwhite@apache.org,1,0.023809523809523808,18.0,0.0,0.0,0.0,541.0909090909091,1396.9628547542763,1,0,0.18721154208814647,false
cli/src/test/java/org/apache/whirr/cli/command/VersionCommandTest.java,14.0,8.0,0.0,2.0,6.0,4.0,6.0,tomwhite@apache.org,1,0.023809523809523808,50.0,50.0,0.0,0.0,541.0909090909091,1396.9628547542763,1,0,0.18721154208814647,false
core/src/main/java/org/apache/whirr/service/Cluster.java,54.0,6.0,0.0,5.0,3.0,8.0,0.0,tomwhite@apache.org,0,0.0,0.0,0.0,0.0,0.0,0.0,0.0,0,0,0.0,false
core/src/main/java/org/apache/whirr/service/ClusterSpec.java,26.0,17.0,6.0,5.0,4.0,9.0,10.0,tomwhite@apache.org,1,0.023809523809523808,24.0,0.0,0.0,0.0,541.0909090909091,1396.9628547542763,1,0,0.18721154208814647,false
core/src/main/java/org/apache/whirr/service/ComputeServiceContextBuilder.java,10.0,8.0,0.0,1.0,5.0,3.0,5.0,tomwhite@apache.org,1,0.023809523809523808,12.0,0.0,0.0,0.0,541.0909090909091,1396.9628547542763,1,0,0.18721154208814647,false
core/src/main/java/org/apache/whirr/service/RunUrlBuilder.java,19.0,5.0,0.0,1.0,4.0,4.0,14.0,tomwhite@apache.org,1,0.023809523809523808,33.0,0.0,0.0,0.0,541.0909090909091,1396.9628547542763,1,0,0.18721154208814647,false
core/src/main/java/org/apache/whirr/service/Service.java,24.0,3.0,3.0,3.0,5.0,11.0,14.0,tomwhite@apache.org,1,0.023809523809523808,16.0,5.0,0.0,0.0,541.0909090909091,1396.9628547542763,1,0,0.18721154208814647,false
core/src/main/java/org/apache/whirr/service/ServiceFactory.java,28.0,3.0,0.0,2.0,5.0,7.0,3.0,tomwhite@apache.org,1,0.023809523809523808,11.0,0.0,0.0,0.0,74.28571428571429,98.04283900620364,1,1,1.7676619176489945,false
core/src/main/java/org/apache/whirr/service/jclouds/FirewallSettings.java,40.0,15.0,10.0,5.0,26.0,12.0,14.0,tomwhite@apache.org,1,0.023809523809523808,9.0,0.0,0.0,0.0,541.0909090909091,1396.9628547542763,1,0,0.18721154208814647,false
core/src/main/java/org/apache/whirr/service/jclouds/TemplateBuilderStrategy.java,16.0,2.0,0.0,1.0,6.0,2.0,10.0,tomwhite@apache.org,1,0.023809523809523808,18.0,0.0,9.0,0.0,541.0909090909091,1396.9628547542763,1,0,0.18721154208814647,false
core/src/test/java/org/apache/whirr/service/ClusterSpecTest.java,12.0,6.0,1.0,2.0,8.0,4.0,10.0,tomwhite@apache.org,1,0.023809523809523808,24.0,0.0,5.0,0.0,541.0909090909091,1396.9628547542763,1,0,0.18721154208814647,false
core/src/test/java/org/apache/whirr/service/RunUrlBuilderTest.java,17.0,5.0,10.0,5.0,14.0,16.0,15.0,tomwhite@apache.org,1,0.023809523809523808,25.0,0.0,0.0,0.0,541.0909090909091,1396.9628547542763,1,0,0.18721154208814647,false
core/src/test/java/org/apache/whirr/service/ServiceFactoryTest.java,15.0,4.0,0.0,1.0,3.0,2.0,0.0,tomwhite@apache.org,0,0.0,0.0,0.0,0.0,0.0,0.0,0.0,0,1,0.0,false
core/src/test/java/org/apache/whirr/service/TemplateBuilderStrategyTest.java,25.0,7.0,0.0,4.0,15.0,9.0,10.0,tomwhite@apache.org,1,0.023809523809523808,22.0,0.0,11.0,0.0,541.0909090909091,1396.9628547542763,1,0,0.18721154208814647,false
services/cassandra/src/main/java/org/apache/whirr/service/cassandra/CassandraService.java,43.0,36.0,19.0,7.0,25.0,22.0,13.0,tomwhite@apache.org,1,0.023809523809523808,46.0,8.0,0.0,0.0,541.0909090909091,1396.9628547542763,1,0,0.18721154208814647,false
services/cassandra/src/test/java/org/apache/whirr/service/cassandra/CassandraServiceTest.java,20.0,8.0,1.0,2.0,7.0,4.0,13.0,tomwhite@apache.org,1,0.023809523809523808,20.0,0.0,0.0,0.0,541.0909090909091,1396.9628547542763,1,0,0.18721154208814647,false
services/cassandra/src/test/java/org/apache/whirr/service/cassandra/integration/CassandraServiceTest.java,67.0,24.0,0.0,4.0,29.0,16.0,13.0,tomwhite@apache.org,1,0.023809523809523808,18.0,0.0,0.0,0.0,541.0909090909091,1396.9628547542763,1,0,0.18721154208814647,false
services/hadoop/src/main/java/org/apache/whirr/service/hadoop/HadoopProxy.java,46.0,9.0,2.0,4.0,27.0,14.0,8.0,tomwhite@apache.org,1,0.023809523809523808,20.0,5.0,5.0,0.0,541.0909090909091,1396.9628547542763,1,0,0.18721154208814647,false
services/hadoop/src/main/java/org/apache/whirr/service/hadoop/HadoopService.java,100.0,33.0,21.0,7.0,57.0,26.0,9.0,tomwhite@apache.org,1,0.023809523809523808,46.0,4.0,4.0,0.0,541.0909090909091,1396.9628547542763,1,0,0.18721154208814647,true
services/hadoop/src/main/java/org/apache/whirr/service/hadoop/HadoopTemplateBuilderStrategy.java,8.0,4.0,0.0,1.0,4.0,3.0,7.0,tomwhite@apache.org,1,0.023809523809523808,43.0,0.0,14.0,0.0,541.0909090909091,1396.9628547542763,1,0,0.18721154208814647,false
services/hadoop/src/test/java/org/apache/whirr/service/hadoop/integration/HadoopServiceTest.java,73.0,36.0,6.0,5.0,37.0,18.0,12.0,tomwhite@apache.org,1,0.023809523809523808,29.0,0.0,0.0,0.0,541.0909090909091,1396.9628547542763,1,0,0.18721154208814647,false
services/zookeeper/src/main/java/org/apache/whirr/service/zookeeper/ZooKeeperService.java,80.0,33.0,16.0,8.0,67.0,30.0,13.0,tomwhite@apache.org,1,0.023809523809523808,43.0,7.0,0.0,0.0,541.0909090909091,1396.9628547542763,1,0,0.18721154208814647,false
services/zookeeper/src/test/java/org/apache/whirr/service/zookeeper/integration/ZooKeeperServiceTest.java,55.0,22.0,0.0,3.0,18.0,10.0,13.0,tomwhite@apache.org,1,0.023809523809523808,29.0,0.0,0.0,0.0,541.0909090909091,1396.9628547542763,1,0,0.18721154208814647,false
