name,LOC,CBO,LCOM,NOM,RFC,WMC,ACS,Ownership,numOfChanges,numberOfFIChanges,ENH,NF,BugFixing,REF,structuralWorkloadSum,semanticWorkloadSum,numberOfDeveloper,pastFaults,MAF,isBuggy
cli/src/main/java/org/apache/whirr/cli/Main.java,46.0,13.0,0.0,4.0,21.0,11.0,3.0,tomwhite@apache.org,1,0.0078125,20.0,10.0,0.0,0.0,478.375,1185.907115036201,1,0,1.3981288187668934,false
cli/src/main/java/org/apache/whirr/cli/command/AbstractClusterSpecCommand.java,59.0,19.0,0.0,3.0,26.0,13.0,8.0,tomwhite@apache.org,1,0.0078125,30.0,10.0,10.0,10.0,1159.6666666666667,8029.410918371063,1,0,0.3822082459438971,false
cli/src/main/java/org/apache/whirr/cli/command/ListClusterCommand.java,40.0,13.0,10.0,5.0,24.0,13.0,2.0,tomwhite@apache.org,1,0.0078125,8.0,0.0,8.0,0.0,1159.6666666666667,8029.410918371063,1,0,0.3822082459438971,false
cli/src/test/java/org/apache/whirr/cli/MainTest.java,34.0,13.0,3.0,3.0,19.0,7.0,0.0,tomwhite@apache.org,0,0.0,0.0,0.0,0.0,0.0,0.0,0.0,0,0,0.0,false
cli/src/test/java/org/apache/whirr/cli/command/AbstractClusterSpecCommandTest.java,30.0,12.0,6.0,4.0,15.0,12.0,20.0,tomwhite@apache.org,1,0.0078125,14.0,0.0,0.0,0.0,1159.6666666666667,8029.410918371063,1,1,0.3822082459438971,false
cli/src/test/java/org/apache/whirr/cli/command/DestroyClusterCommandTest.java,42.0,22.0,2.0,4.0,30.0,9.0,14.0,tomwhite@apache.org,1,0.0078125,18.0,0.0,0.0,0.0,1159.6666666666667,8029.410918371063,1,0,0.3822082459438971,false
cli/src/test/java/org/apache/whirr/cli/command/LaunchClusterCommandTest.java,46.0,25.0,2.0,4.0,34.0,9.0,12.0,tomwhite@apache.org,2,0.015625,24.0,0.0,6.0,0.0,1638.0416666666667,9215.318033407264,2,0,0.19702135179545,false
cli/src/test/java/org/apache/whirr/cli/command/ListClusterCommandTest.java,35.0,27.0,2.0,4.0,24.0,9.0,32.0,tomwhite@apache.org,3,0.0234375,36.0,0.0,0.0,0.0,1937.4416666666668,9655.169320168136,3,0,0.26848603697225726,false
core/src/main/java/org/apache/whirr/cluster/actions/BootstrapClusterAction.java,70.0,37.0,9.0,6.0,57.0,23.0,26.0,tomwhite@apache.org,3,0.0234375,55.0,0.0,9.0,0.0,1937.4416666666668,9655.169320168136,3,0,0.6376168409155216,false
core/src/main/java/org/apache/whirr/cluster/actions/ConfigureClusterAction.java,52.0,27.0,4.0,5.0,40.0,16.0,25.0,tomwhite@apache.org,3,0.0234375,67.0,0.0,11.0,0.0,1937.4416666666668,9655.169320168136,3,0,0.3244557092191316,false
core/src/main/java/org/apache/whirr/cluster/actions/DestroyClusterAction.java,16.0,10.0,1.0,2.0,6.0,5.0,30.0,tomwhite@apache.org,3,0.0234375,83.0,0.0,17.0,0.0,1937.4416666666668,9655.169320168136,3,0,0.5763197802897659,false
core/src/main/java/org/apache/whirr/cluster/actions/ScriptBasedClusterAction.java,44.0,13.0,1.0,2.0,15.0,7.0,35.0,tomwhite@apache.org,2,0.015625,50.0,0.0,17.0,0.0,1638.0416666666667,9215.318033407264,2,0,0.08433426859008308,false
core/src/main/java/org/apache/whirr/net/DnsUtil.java,24.0,10.0,0.0,1.0,10.0,6.0,8.0,tomwhite@apache.org,1,0.0078125,50.0,0.0,0.0,0.0,1159.6666666666667,8029.410918371063,1,0,0.3822082459438971,false
core/src/main/java/org/apache/whirr/service/Cluster.java,65.0,9.0,0.0,7.0,6.0,12.0,44.0,tomwhite@apache.org,1,0.0078125,10.0,0.0,0.0,0.0,1159.6666666666667,8029.410918371063,1,0,0.3822082459438971,false
core/src/main/java/org/apache/whirr/service/ClusterAction.java,7.0,1.0,1.0,2.0,0.0,3.0,29.0,tomwhite@apache.org,2,0.015625,67.0,0.0,33.0,0.0,1638.0416666666667,9215.318033407264,2,0,0.19702135179545,false
core/src/main/java/org/apache/whirr/service/ClusterActionEvent.java,37.0,2.0,12.0,9.0,0.0,14.0,44.0,tomwhite@apache.org,1,0.0078125,12.0,0.0,0.0,0.0,1159.6666666666667,8029.410918371063,1,0,0.3822082459438971,false
core/src/main/java/org/apache/whirr/service/ClusterActionHandler.java,21.0,1.0,3.0,3.0,0.0,8.0,44.0,tomwhite@apache.org,1,0.0078125,25.0,0.0,0.0,0.0,1159.6666666666667,8029.410918371063,1,0,0.3822082459438971,false
core/src/main/java/org/apache/whirr/service/ClusterActionHandlerSupport.java,53.0,3.0,55.0,11.0,16.0,32.0,22.0,tomwhite@apache.org,1,0.0078125,24.0,0.0,0.0,0.0,1159.6666666666667,8029.410918371063,1,0,0.3822082459438971,false
core/src/main/java/org/apache/whirr/service/ClusterSpec.java,39.0,32.0,15.0,7.0,5.0,13.0,13.0,tomwhite@apache.org,3,0.0234375,42.0,5.0,5.0,0.0,1937.4416666666668,9655.169320168136,3,0,0.036294024057395013,false
core/src/main/java/org/apache/whirr/service/ComputeServiceContextBuilder.java,10.0,10.0,0.0,1.0,7.0,3.0,8.0,tomwhite@apache.org,1,0.0078125,25.0,0.0,12.0,0.0,478.375,1185.907115036201,1,0,1.3981288187668934,false
core/src/main/java/org/apache/whirr/service/RolePredicates.java,47.0,5.0,21.0,7.0,18.0,14.0,25.0,tomwhite@apache.org,2,0.015625,50.0,0.0,0.0,0.0,1638.0416666666667,9215.318033407264,2,0,0.19702135179545,false
core/src/main/java/org/apache/whirr/service/Service.java,78.0,18.0,28.0,8.0,31.0,29.0,24.0,tomwhite@apache.org,3,0.0234375,37.0,5.0,5.0,0.0,1937.4416666666668,9655.169320168136,3,0,0.3890556320768648,false
core/src/main/java/org/apache/whirr/service/ServiceFactory.java,31.0,3.0,0.0,2.0,5.0,7.0,9.0,tomwhite@apache.org,2,0.015625,22.0,0.0,0.0,11.0,1638.0416666666667,9215.318033407264,2,1,0.19702135179545,false
core/src/main/java/org/apache/whirr/service/jclouds/FirewallSettings.java,40.0,15.0,10.0,5.0,26.0,12.0,34.0,tomwhite@apache.org,3,0.0234375,36.0,0.0,0.0,0.0,1937.4416666666668,9655.169320168136,3,0,0.5189849238721094,false
core/src/main/java/org/apache/whirr/service/jclouds/RunUrlStatement.java,56.0,13.0,8.0,8.0,21.0,23.0,22.0,tomwhite@apache.org,1,0.0078125,71.0,0.0,0.0,0.0,1159.6666666666667,8029.410918371063,1,0,0.3822082459438971,false
core/src/main/java/org/apache/whirr/service/jclouds/StatementBuilder.java,22.0,6.0,0.0,3.0,7.0,8.0,29.0,asavu@apache.org,3,0.0234375,42.0,0.0,0.0,0.0,1937.4416666666668,9655.169320168136,3,0,0.26848603697225726,false
core/src/main/java/org/apache/whirr/service/jclouds/TemplateBuilderStrategy.java,16.0,2.0,0.0,1.0,6.0,2.0,0.0,tomwhite@apache.org,0,0.0,0.0,0.0,0.0,0.0,0.0,0.0,0,1,0.0,false
core/src/main/java/org/apache/whirr/ssh/KeyPair.java,83.0,20.0,28.0,8.0,32.0,27.0,11.0,tomwhite@apache.org,1,0.0078125,75.0,0.0,0.0,0.0,1159.6666666666667,8029.410918371063,1,0,0.3822082459438971,false
core/src/test/java/org/apache/whirr/net/integration/DnsUtilTest.java,35.0,12.0,0.0,1.0,18.0,8.0,8.0,tomwhite@apache.org,1,0.0078125,67.0,0.0,0.0,0.0,1159.6666666666667,8029.410918371063,1,0,0.3822082459438971,false
core/src/test/java/org/apache/whirr/service/ClusterSpecTest.java,102.0,22.0,91.0,14.0,82.0,27.0,14.0,tomwhite@apache.org,3,0.0234375,57.0,5.0,10.0,0.0,1937.4416666666668,9655.169320168136,3,1,0.055999881871335866,false
core/src/test/java/org/apache/whirr/service/ServiceFactoryTest.java,20.0,4.0,1.0,2.0,6.0,4.0,11.0,tomwhite@apache.org,1,0.0078125,17.0,0.0,0.0,17.0,1159.6666666666667,8029.410918371063,1,1,0.3822082459438971,false
core/src/test/java/org/apache/whirr/service/TemplateBuilderStrategyTest.java,25.0,9.0,0.0,4.0,16.0,9.0,20.0,tomwhite@apache.org,1,0.0078125,11.0,0.0,0.0,0.0,1159.6666666666667,8029.410918371063,1,1,0.3822082459438971,false
core/src/test/java/org/apache/whirr/service/jclouds/RunUrlStatementTest.java,21.0,6.0,3.0,6.0,14.0,12.0,15.0,tomwhite@apache.org,1,0.0078125,80.0,0.0,0.0,0.0,1159.6666666666667,8029.410918371063,1,0,0.3822082459438971,false
core/src/test/java/org/apache/whirr/service/jclouds/StatementBuilderTest.java,14.0,7.0,0.0,1.0,7.0,2.0,15.0,tomwhite@apache.org,1,0.0078125,50.0,0.0,0.0,0.0,1159.6666666666667,8029.410918371063,1,0,0.3822082459438971,false
core/src/test/java/org/apache/whirr/ssh/KeyPairTest.java,15.0,11.0,1.0,2.0,9.0,4.0,9.0,tomwhite@apache.org,1,0.0078125,33.0,0.0,0.0,0.0,1159.6666666666667,8029.410918371063,1,0,0.3822082459438971,false
services/cassandra/src/main/java/org/apache/whirr/service/cassandra/CassandraClusterActionHandler.java,52.0,17.0,15.0,6.0,29.0,20.0,20.0,tomwhite@apache.org,3,0.0234375,33.0,0.0,0.0,0.0,1638.0416666666667,9215.318033407264,3,0,0.24518108459734766,false
services/cassandra/src/main/java/org/apache/whirr/service/cassandra/CassandraService.java,5.0,1.0,0.0,1.0,0.0,2.0,44.0,tomwhite@apache.org,1,0.0078125,8.0,0.0,0.0,0.0,1159.6666666666667,8029.410918371063,1,0,0.3822082459438971,false
services/cassandra/src/test/java/org/apache/whirr/service/cassandra/CassandraClusterActionHandlerTest.java,23.0,9.0,1.0,2.0,10.0,6.0,44.0,tomwhite@apache.org,1,0.0078125,20.0,0.0,0.0,0.0,1159.6666666666667,8029.410918371063,1,0,0.3822082459438971,false
services/cassandra/src/test/java/org/apache/whirr/service/cassandra/integration/CassandraServiceTest.java,65.0,24.0,2.0,5.0,31.0,19.0,22.0,tomwhite@apache.org,2,0.015625,23.0,0.0,5.0,0.0,1638.0416666666667,9215.318033407264,2,0,0.08498993697030854,false
services/cdh/src/test/java/org/apache/whirr/service/cdh/integration/CdhHadoopServiceTest.java,71.0,36.0,6.0,5.0,34.0,18.0,32.0,tomwhite@apache.org,1,0.0078125,25.0,0.0,0.0,0.0,1159.6666666666667,8029.410918371063,1,0,0.3822082459438971,false
services/hadoop/src/main/java/org/apache/whirr/service/hadoop/HadoopCluster.java,5.0,3.0,0.0,1.0,3.0,2.0,44.0,tomwhite@apache.org,1,0.0078125,14.0,0.0,0.0,0.0,1159.6666666666667,8029.410918371063,1,0,0.3822082459438971,false
services/hadoop/src/main/java/org/apache/whirr/service/hadoop/HadoopDataNodeClusterActionHandler.java,23.0,9.0,1.0,3.0,17.0,8.0,22.0,tomwhite@apache.org,3,0.0234375,61.0,6.0,0.0,0.0,1937.4416666666668,9655.169320168136,3,0,0.04241463471707563,false
services/hadoop/src/main/java/org/apache/whirr/service/hadoop/HadoopJobTrackerClusterActionHandler.java,6.0,1.0,0.0,1.0,0.0,2.0,31.0,tomwhite@apache.org,1,0.0078125,67.0,33.0,0.0,0.0,1159.6666666666667,8029.410918371063,1,0,0.3822082459438971,false
services/hadoop/src/main/java/org/apache/whirr/service/hadoop/HadoopNameNodeClusterActionHandler.java,113.0,20.0,20.0,9.0,66.0,26.0,21.0,tomwhite@apache.org,3,0.0234375,55.0,5.0,0.0,0.0,1937.4416666666668,9655.169320168136,3,0,0.03507489343410797,false
services/hadoop/src/main/java/org/apache/whirr/service/hadoop/HadoopProxy.java,51.0,13.0,6.0,5.0,30.0,17.0,28.0,tomwhite@apache.org,3,0.0234375,30.0,0.0,0.0,0.0,1937.4416666666668,9655.169320168136,3,1,0.15513561374863216,false
services/hadoop/src/main/java/org/apache/whirr/service/hadoop/HadoopService.java,5.0,1.0,0.0,1.0,0.0,2.0,16.0,tomwhite@apache.org,1,0.0078125,12.0,0.0,0.0,0.0,1159.6666666666667,8029.410918371063,1,1,0.3822082459438971,true
services/hadoop/src/main/java/org/apache/whirr/service/hadoop/HadoopTaskTrackerClusterActionHandler.java,6.0,1.0,0.0,1.0,0.0,2.0,31.0,tomwhite@apache.org,1,0.0078125,50.0,25.0,0.0,0.0,1159.6666666666667,8029.410918371063,1,0,0.3822082459438971,false
services/hadoop/src/main/java/org/apache/whirr/service/hadoop/HadoopTemplateBuilderStrategy.java,11.0,5.0,0.0,1.0,6.0,3.0,31.0,tomwhite@apache.org,2,0.015625,43.0,0.0,0.0,0.0,777.7750000000001,1625.758401797073,2,1,1.314357342673258,false
services/hadoop/src/test/java/org/apache/whirr/service/hadoop/integration/HadoopServiceController.java,99.0,19.0,19.0,10.0,31.0,33.0,20.0,tomwhite@apache.org,1,0.0078125,57.0,14.0,14.0,0.0,1159.6666666666667,8029.410918371063,1,0,0.3822082459438971,false
services/hadoop/src/test/java/org/apache/whirr/service/hadoop/integration/HadoopServiceTest.java,37.0,24.0,0.0,4.0,23.0,9.0,5.0,tomwhite@apache.org,1,0.0078125,14.0,14.0,0.0,0.0,1159.6666666666667,8029.410918371063,1,0,0.3822082459438971,false
services/hadoop/src/test/java/org/apache/whirr/service/hadoop/integration/benchmark/HadoopBenchmarkSuite.java,9.0,5.0,0.0,2.0,2.0,5.0,8.0,tomwhite@apache.org,1,0.0078125,50.0,50.0,0.0,0.0,1159.6666666666667,8029.410918371063,1,0,0.3822082459438971,false
services/hadoop/src/test/java/org/apache/whirr/service/hadoop/integration/benchmark/HadoopServiceTeraSortBenchmark.java,74.0,17.0,0.0,6.0,43.0,16.0,8.0,tomwhite@apache.org,1,0.0078125,50.0,50.0,0.0,0.0,1159.6666666666667,8029.410918371063,1,0,0.3822082459438971,false
services/hadoop/src/test/java/org/apache/whirr/service/hadoop/integration/benchmark/HadoopServiceTestDFSIOBenchmark.java,27.0,8.0,0.0,3.0,10.0,9.0,8.0,tomwhite@apache.org,1,0.0078125,50.0,50.0,0.0,0.0,1159.6666666666667,8029.410918371063,1,0,0.3822082459438971,false
services/hbase/src/main/java/org/apache/whirr/service/hbase/BasicServerClusterActionHandler.java,39.0,8.0,0.0,4.0,22.0,10.0,22.0,asavu@apache.org,3,0.0234375,45.0,10.0,5.0,5.0,1937.4416666666668,9655.169320168136,3,0,0.2542467451549921,false
services/hbase/src/main/java/org/apache/whirr/service/hbase/HBaseAvroServerClusterActionHandler.java,8.0,0.0,0.0,1.0,0.0,1.0,20.0,tomwhite@apache.org,1,0.0078125,100.0,100.0,0.0,0.0,1159.6666666666667,8029.410918371063,1,0,0.3822082459438971,false
services/hbase/src/main/java/org/apache/whirr/service/hbase/HBaseCluster.java,5.0,3.0,0.0,1.0,3.0,2.0,15.0,tomwhite@apache.org,2,0.015625,50.0,50.0,0.0,0.0,1459.0666666666668,8469.262205131936,2,0,1.0261353900972163,false
services/hbase/src/main/java/org/apache/whirr/service/hbase/HBaseMasterClusterActionHandler.java,93.0,18.0,20.0,9.0,60.0,23.0,20.0,asavu@apache.org,3,0.0234375,40.0,8.0,4.0,4.0,1937.4416666666668,9655.169320168136,3,0,0.1921611336115281,false
services/hbase/src/main/java/org/apache/whirr/service/hbase/HBaseRegionServerClusterActionHandler.java,28.0,9.0,1.0,3.0,20.0,8.0,20.0,asavu@apache.org,3,0.0234375,42.0,8.0,4.0,4.0,1937.4416666666668,9655.169320168136,3,0,0.1921611336115281,false
services/hbase/src/main/java/org/apache/whirr/service/hbase/HBaseRestServerClusterActionHandler.java,8.0,0.0,0.0,1.0,0.0,1.0,20.0,tomwhite@apache.org,1,0.0078125,100.0,100.0,0.0,0.0,1159.6666666666667,8029.410918371063,1,0,0.3822082459438971,false
services/hbase/src/main/java/org/apache/whirr/service/hbase/HBaseTemplateBuilderStrategy.java,11.0,5.0,0.0,1.0,6.0,3.0,24.0,larsgeorge@apache.org,3,0.0234375,83.0,33.0,0.0,0.0,1937.4416666666668,9655.169320168136,3,0,0.803315766857563,false
services/hbase/src/main/java/org/apache/whirr/service/hbase/HBaseThriftServerClusterActionHandler.java,8.0,0.0,0.0,1.0,0.0,2.0,20.0,tomwhite@apache.org,1,0.0078125,100.0,100.0,0.0,0.0,1159.6666666666667,8029.410918371063,1,0,0.3822082459438971,false
services/hbase/src/test/java/org/apache/whirr/service/hbase/integration/HBaseServiceController.java,67.0,17.0,10.0,8.0,22.0,23.0,14.0,tomwhite@apache.org,1,0.0078125,44.0,11.0,11.0,0.0,1159.6666666666667,8029.410918371063,1,0,0.3822082459438971,false
services/hbase/src/test/java/org/apache/whirr/service/hbase/integration/HBaseServiceTest.java,29.0,10.0,0.0,3.0,13.0,7.0,12.0,tomwhite@apache.org,1,0.0078125,38.0,12.0,12.0,0.0,1159.6666666666667,8029.410918371063,1,0,0.3822082459438971,false
services/zookeeper/src/main/java/org/apache/whirr/service/zookeeper/ZooKeeperCluster.java,5.0,3.0,0.0,1.0,5.0,2.0,23.0,tomwhite@apache.org,1,0.0078125,40.0,0.0,20.0,0.0,1159.6666666666667,8029.410918371063,1,0,0.3822082459438971,false
services/zookeeper/src/main/java/org/apache/whirr/service/zookeeper/ZooKeeperClusterActionHandler.java,45.0,17.0,16.0,8.0,37.0,20.0,25.0,asavu@apache.org,3,0.0234375,36.0,4.0,0.0,0.0,1937.4416666666668,9655.169320168136,3,0,0.08108775705993876,false
services/zookeeper/src/main/java/org/apache/whirr/service/zookeeper/ZooKeeperService.java,5.0,1.0,0.0,1.0,0.0,2.0,44.0,tomwhite@apache.org,1,0.0078125,7.0,0.0,0.0,0.0,1159.6666666666667,8029.410918371063,1,0,0.3822082459438971,false
services/zookeeper/src/test/java/org/apache/whirr/service/zookeeper/integration/ZooKeeperServiceTest.java,54.0,20.0,0.0,3.0,13.0,10.0,25.0,tomwhite@apache.org,1,0.0078125,18.0,0.0,6.0,0.0,1159.6666666666667,8029.410918371063,1,0,0.3822082459438971,false
