name,LOC,CBO,LCOM,NOM,RFC,WMC,ACS,Ownership,numOfChanges,numberOfFIChanges,ENH,NF,BugFixing,REF,structuralWorkloadSum,semanticWorkloadSum,numberOfDeveloper,pastFaults,MAF,isBuggy
cli/src/main/java/org/apache/whirr/cli/Main.java,54.0,13.0,4.0,5.0,28.0,14.0,0.0,tomwhite@apache.org,0,0.0,0.0,0.0,0.0,0.0,0.0,0.0,0,0,0.0,false
cli/src/main/java/org/apache/whirr/cli/command/DestroyClusterCommand.java,34.0,10.0,6.0,4.0,13.0,11.0,0.0,tomwhite@apache.org,0,0.0,0.0,0.0,0.0,0.0,0.0,0.0,0,0,0.0,false
cli/src/main/java/org/apache/whirr/cli/command/DestroyInstanceCommand.java,39.0,11.0,6.0,4.0,15.0,11.0,0.0,asavu@apache.org,0,0.0,0.0,0.0,0.0,0.0,0.0,0.0,0,1,0.0,false
cli/src/main/java/org/apache/whirr/cli/command/LaunchClusterCommand.java,36.0,11.0,6.0,4.0,16.0,10.0,0.0,asavu@apache.org,0,0.0,0.0,0.0,0.0,0.0,0.0,0.0,0,0,0.0,false
cli/src/main/java/org/apache/whirr/cli/command/ListClusterCommand.java,40.0,14.0,10.0,5.0,24.0,12.0,0.0,tomwhite@apache.org,0,0.0,0.0,0.0,0.0,0.0,0.0,0.0,0,1,0.0,false
cli/src/main/java/org/apache/whirr/cli/command/ListProvidersCommand.java,53.0,9.0,10.0,5.0,26.0,13.0,6.0,adriancole@apache.org,1,0.02040816326530612,25.0,0.0,0.0,0.0,658.9,1850.0412677835075,1,0,0.13353139262452263,false
cli/src/main/java/org/apache/whirr/cli/command/RunScriptCommand.java,79.0,29.0,36.0,9.0,49.0,27.0,8.0,asavu@apache.org,1,0.02040816326530612,9.0,0.0,0.0,0.0,658.9,1850.0412677835075,1,1,0.13353139262452263,false
cli/src/main/java/org/apache/whirr/cli/command/VersionCommand.java,14.0,5.0,1.0,2.0,5.0,5.0,0.0,tomwhite@apache.org,0,0.0,0.0,0.0,0.0,0.0,0.0,0.0,0,0,0.0,false
cli/src/test/java/org/apache/whirr/cli/MainTest.java,34.0,14.0,3.0,3.0,19.0,7.0,0.0,tomwhite@apache.org,0,0.0,0.0,0.0,0.0,0.0,0.0,0.0,0,0,0.0,false
cli/src/test/java/org/apache/whirr/cli/MemoryClusterStateStore.java,15.0,3.0,0.0,3.0,0.0,7.0,0.0,asavu@apache.org,0,0.0,0.0,0.0,0.0,0.0,0.0,0.0,0,0,0.0,false
cli/src/test/java/org/apache/whirr/cli/command/DestroyClusterCommandTest.java,43.0,22.0,2.0,4.0,30.0,9.0,0.0,tomwhite@apache.org,0,0.0,0.0,0.0,0.0,0.0,0.0,0.0,0,1,0.0,false
cli/src/test/java/org/apache/whirr/cli/command/DestroyInstanceCommandTest.java,30.0,20.0,0.0,3.0,21.0,8.0,0.0,tomwhite@apache.org,0,0.0,0.0,0.0,0.0,0.0,0.0,0.0,0,2,0.0,false
cli/src/test/java/org/apache/whirr/cli/command/ListClusterCommandTest.java,50.0,33.0,6.0,5.0,41.0,12.0,0.0,tomwhite@apache.org,0,0.0,0.0,0.0,0.0,0.0,0.0,0.0,0,1,0.0,false
cli/src/test/java/org/apache/whirr/cli/command/RunScriptCommandTest.java,58.0,32.0,0.0,5.0,53.0,16.0,0.0,asavu@apache.org,0,0.0,0.0,0.0,0.0,0.0,0.0,0.0,0,2,0.0,false
core/src/main/java/org/apache/whirr/ByonClusterController.java,26.0,9.0,10.0,5.0,6.0,12.0,0.0,asavu@apache.org,0,0.0,0.0,0.0,0.0,0.0,0.0,0.0,0,0,0.0,false
core/src/main/java/org/apache/whirr/Cluster.java,99.0,15.0,0.0,8.0,8.0,13.0,0.0,tomwhite@apache.org,0,0.0,0.0,0.0,0.0,0.0,0.0,0.0,0,0,0.0,false
core/src/main/java/org/apache/whirr/ClusterAction.java,14.0,3.0,4.0,4.0,0.0,6.0,0.0,tomwhite@apache.org,0,0.0,0.0,0.0,0.0,0.0,0.0,0.0,0,0,0.0,false
core/src/main/java/org/apache/whirr/ClusterController.java,111.0,29.0,63.0,15.0,58.0,46.0,0.0,asavu@apache.org,0,0.0,0.0,0.0,0.0,0.0,0.0,0.0,0,0,0.0,false
core/src/main/java/org/apache/whirr/ClusterSpec.java,514.0,29.0,3767.0,90.0,249.0,182.0,5.0,asavu@apache.org,1,0.02040816326530612,6.0,0.0,0.0,0.0,658.9,1850.0412677835075,1,1,0.13353139262452263,false
core/src/main/java/org/apache/whirr/RolePredicates.java,69.0,6.0,45.0,10.0,24.0,20.0,0.0,tomwhite@apache.org,0,0.0,0.0,0.0,0.0,0.0,0.0,0.0,0,0,0.0,false
core/src/main/java/org/apache/whirr/actions/BootstrapClusterAction.java,196.0,45.0,51.0,11.0,71.0,28.0,6.0,asavu@apache.org,1,0.02040816326530612,8.0,0.0,0.0,0.0,658.9,1850.0412677835075,1,0,0.13353139262452263,false
core/src/main/java/org/apache/whirr/actions/ByonClusterAction.java,70.0,32.0,7.0,6.0,47.0,18.0,3.0,asavu@apache.org,1,0.02040816326530612,11.0,0.0,0.0,0.0,658.9,1850.0412677835075,1,0,0.13353139262452263,false
core/src/main/java/org/apache/whirr/actions/ConfigureClusterAction.java,54.0,24.0,9.0,6.0,38.0,18.0,3.0,asavu@apache.org,1,0.02040816326530612,11.0,0.0,0.0,0.0,658.9,1850.0412677835075,1,0,0.13353139262452263,false
core/src/main/java/org/apache/whirr/actions/DestroyClusterAction.java,19.0,11.0,3.0,3.0,7.0,6.0,0.0,tomwhite@apache.org,0,0.0,0.0,0.0,0.0,0.0,0.0,0.0,0,0,0.0,false
core/src/main/java/org/apache/whirr/actions/ScriptBasedClusterAction.java,45.0,14.0,1.0,3.0,14.0,8.0,0.0,asavu@apache.org,0,0.0,0.0,0.0,0.0,0.0,0.0,0.0,0,0,0.0,false
core/src/main/java/org/apache/whirr/command/AbstractClusterCommand.java,66.0,22.0,0.0,5.0,28.0,15.0,0.0,asavu@apache.org,0,0.0,0.0,0.0,0.0,0.0,0.0,0.0,0,0,0.0,false
core/src/main/java/org/apache/whirr/command/Command.java,18.0,3.0,2.0,4.0,0.0,7.0,0.0,asavu@apache.org,0,0.0,0.0,0.0,0.0,0.0,0.0,0.0,0,0,0.0,false
core/src/main/java/org/apache/whirr/service/BlobClusterStateStore.java,33.0,10.0,0.0,4.0,25.0,10.0,0.0,asavu@apache.org,0,0.0,0.0,0.0,0.0,0.0,0.0,0.0,0,0,0.0,false
core/src/main/java/org/apache/whirr/service/BlobStoreContextBuilder.java,8.0,6.0,1.0,2.0,6.0,4.0,6.0,asavu@apache.org,1,0.02040816326530612,27.0,9.0,0.0,9.0,658.9,1850.0412677835075,1,0,0.13353139262452263,false
core/src/main/java/org/apache/whirr/service/ClusterActionEvent.java,50.0,6.0,23.0,11.0,0.0,18.0,0.0,tomwhite@apache.org,0,0.0,0.0,0.0,0.0,0.0,0.0,0.0,0,0,0.0,false
core/src/main/java/org/apache/whirr/service/ClusterActionHandlerSupport.java,143.0,14.0,210.0,21.0,38.0,62.0,11.0,tomwhite@apache.org,1,0.02040816326530612,14.0,5.0,0.0,0.0,658.9,1850.0412677835075,1,0,0.13353139262452263,false
core/src/main/java/org/apache/whirr/service/ClusterStateStore.java,63.0,12.0,10.0,5.0,23.0,16.0,0.0,asavu@apache.org,0,0.0,0.0,0.0,0.0,0.0,0.0,0.0,0,0,0.0,false
core/src/main/java/org/apache/whirr/service/ClusterStateStoreFactory.java,32.0,7.0,1.0,2.0,3.0,6.0,0.0,tomwhite@apache.org,0,0.0,0.0,0.0,0.0,0.0,0.0,0.0,0,0,0.0,false
core/src/main/java/org/apache/whirr/service/ComputeCache.java,87.0,29.0,39.0,10.0,18.0,18.0,8.0,asavu@apache.org,1,0.02040816326530612,21.0,5.0,0.0,5.0,658.9,1850.0412677835075,1,0,0.13353139262452263,false
core/src/main/java/org/apache/whirr/service/FileClusterStateStore.java,28.0,10.0,0.0,4.0,14.0,9.0,0.0,asavu@apache.org,0,0.0,0.0,0.0,0.0,0.0,0.0,0.0,0,0,0.0,false
core/src/main/java/org/apache/whirr/service/NoopClusterActionHandler.java,6.0,0.0,0.0,1.0,0.0,2.0,0.0,tomwhite@apache.org,0,0.0,0.0,0.0,0.0,0.0,0.0,0.0,0,0,0.0,false
core/src/main/java/org/apache/whirr/service/jclouds/FirewallSettings.java,47.0,17.0,10.0,5.0,26.0,13.0,0.0,tomwhite@apache.org,0,0.0,0.0,0.0,0.0,0.0,0.0,0.0,0,0,0.0,false
core/src/main/java/org/apache/whirr/service/jclouds/RunUrlStatement.java,56.0,13.0,8.0,8.0,21.0,23.0,8.0,tomwhite@apache.org,1,0.02040816326530612,14.0,0.0,0.0,0.0,658.9,1850.0412677835075,1,0,0.13353139262452263,false
core/src/main/java/org/apache/whirr/service/jclouds/SaveHttpResponseTo.java,13.0,7.0,1.0,2.0,11.0,7.0,0.0,asavu@apache.org,0,0.0,0.0,0.0,0.0,0.0,0.0,0.0,0,0,0.0,false
core/src/main/java/org/apache/whirr/service/jclouds/StatementBuilder.java,27.0,6.0,0.0,4.0,8.0,10.0,8.0,asavu@apache.org,1,0.02040816326530612,8.0,0.0,0.0,0.0,658.9,1850.0412677835075,1,0,0.13353139262452263,false
core/src/main/java/org/apache/whirr/service/jclouds/TakeLoginCredentialsFromWhirrProperties.java,12.0,6.0,0.0,1.0,10.0,5.0,8.0,tomwhite@apache.org,1,0.02040816326530612,25.0,0.0,0.0,0.0,658.9,1850.0412677835075,1,1,0.13353139262452263,false
core/src/main/java/org/apache/whirr/service/jclouds/TemplateBuilderStrategy.java,27.0,3.0,0.0,1.0,11.0,3.0,4.0,tomwhite@apache.org,1,0.02040816326530612,18.0,0.0,0.0,0.0,658.9,1850.0412677835075,1,1,0.13353139262452263,false
core/src/main/java/org/apache/whirr/util/BlobCache.java,148.0,24.0,79.0,18.0,59.0,53.0,4.0,asavu@apache.org,1,0.02040816326530612,29.0,0.0,0.0,0.0,658.9,1850.0412677835075,1,0,0.13353139262452263,false
core/src/main/java/org/apache/whirr/util/DnsUtil.java,29.0,11.0,0.0,1.0,12.0,6.0,2.0,tomwhite@apache.org,1,0.02040816326530612,33.0,0.0,0.0,0.0,79.42857142857143,69.09589150929763,1,0,2.3025850929940455,false
core/src/main/java/org/apache/whirr/util/KeyPair.java,82.0,19.0,28.0,8.0,31.0,27.0,0.0,tomwhite@apache.org,0,0.0,0.0,0.0,0.0,0.0,0.0,0.0,0,0,0.0,false
core/src/test/java/org/apache/whirr/ClusterSpecTest.java,185.0,24.0,210.0,21.0,132.0,41.0,0.0,asavu@apache.org,0,0.0,0.0,0.0,0.0,0.0,0.0,0.0,0,0,0.0,false
core/src/test/java/org/apache/whirr/ClusterTest.java,31.0,11.0,0.0,4.0,21.0,6.0,0.0,tomwhite@apache.org,0,0.0,0.0,0.0,0.0,0.0,0.0,0.0,0,0,0.0,false
core/src/test/java/org/apache/whirr/actions/BootstrapClusterActionTest.java,191.0,47.0,1.0,2.0,38.0,6.0,11.0,asavu@apache.org,1,0.02040816326530612,14.0,0.0,0.0,0.0,658.9,1850.0412677835075,1,0,0.13353139262452263,false
core/src/test/java/org/apache/whirr/command/AbstractClusterCommandTest.java,27.0,12.0,6.0,4.0,10.0,12.0,0.0,graham.gear@gmail.com,0,0.0,0.0,0.0,0.0,0.0,0.0,0.0,0,0,0.0,false
core/src/test/java/org/apache/whirr/service/integration/BlobClusterStateStoreTest.java,57.0,21.0,13.0,6.0,35.0,16.0,0.0,asavu@apache.org,0,0.0,0.0,0.0,0.0,0.0,0.0,0.0,0,0,0.0,false
core/src/test/java/org/apache/whirr/service/jclouds/integration/FirewallSettingsTest.java,28.0,13.0,1.0,3.0,12.0,9.0,0.0,asavu@apache.org,0,0.0,0.0,0.0,0.0,0.0,0.0,0.0,0,0,0.0,false
core/src/test/java/org/apache/whirr/util/integration/BlobCacheTest.java,86.0,27.0,43.0,10.0,57.0,30.0,4.0,asavu@apache.org,1,0.02040816326530612,50.0,0.0,0.0,0.0,658.9,1850.0412677835075,1,0,0.13353139262452263,false
examples/src/main/java/org/apache/whirr/examples/Example.java,4.0,0.0,1.0,2.0,0.0,3.0,0.0,asavu@apache.org,0,0.0,0.0,0.0,0.0,0.0,0.0,0.0,0,0,0.0,false
examples/src/main/java/org/apache/whirr/examples/HadoopClusterExample.java,109.0,30.0,3.0,6.0,43.0,24.0,0.0,asavu@apache.org,0,0.0,0.0,0.0,0.0,0.0,0.0,0.0,0,0,0.0,false
examples/src/main/java/org/apache/whirr/examples/Main.java,24.0,2.0,1.0,3.0,9.0,9.0,0.0,asavu@apache.org,0,0.0,0.0,0.0,0.0,0.0,0.0,0.0,0,0,0.0,false
services/cassandra/src/main/java/org/apache/whirr/service/cassandra/CassandraClusterActionHandler.java,56.0,15.0,13.0,6.0,33.0,20.0,0.0,tomwhite@apache.org,0,0.0,0.0,0.0,0.0,0.0,0.0,0.0,0,0,0.0,false
services/cassandra/src/test/java/org/apache/whirr/service/cassandra/CassandraClusterActionHandlerTest.java,23.0,8.0,1.0,2.0,9.0,6.0,0.0,tomwhite@apache.org,0,0.0,0.0,0.0,0.0,0.0,0.0,0.0,0,0,0.0,false
services/cassandra/src/test/java/org/apache/whirr/service/cassandra/integration/CassandraServiceTest.java,64.0,22.0,2.0,5.0,31.0,19.0,0.0,tomwhite@apache.org,0,0.0,0.0,0.0,0.0,0.0,0.0,0.0,0,1,0.0,false
services/cdh/src/test/java/org/apache/whirr/service/cdh/integration/CdhHBaseServiceTest.java,39.0,15.0,0.0,3.0,18.0,8.0,10.0,tomwhite@apache.org,1,0.02040816326530612,14.0,0.0,0.0,0.0,658.9,1850.0412677835075,1,0,0.13353139262452263,false
services/cdh/src/test/java/org/apache/whirr/service/cdh/integration/CdhZooKeeperServiceTest.java,54.0,18.0,0.0,3.0,13.0,10.0,27.0,tomwhite@apache.org,1,0.02040816326530612,25.0,0.0,0.0,0.0,658.9,1850.0412677835075,1,0,0.13353139262452263,false
services/elasticsearch/src/main/java/org/apache/whirr/service/elasticsearch/ElasticSearchHandler.java,24.0,9.0,1.0,3.0,20.0,8.0,0.0,asavu@apache.org,0,0.0,0.0,0.0,0.0,0.0,0.0,0.0,0,0,0.0,false
services/hadoop/src/main/java/org/apache/whirr/service/hadoop/HadoopClusterActionHandler.java,23.0,6.0,6.0,4.0,11.0,10.0,27.0,asavu@apache.org,1,0.02040816326530612,7.0,0.0,0.0,0.0,658.9,1850.0412677835075,1,0,0.13353139262452263,false
services/hadoop/src/main/java/org/apache/whirr/service/hadoop/HadoopConfigurationBuilder.java,58.0,15.0,22.0,8.0,36.0,26.0,3.0,tomwhite@apache.org,1,0.02040816326530612,8.0,0.0,0.0,0.0,658.9,1850.0412677835075,1,0,0.13353139262452263,false
services/hadoop/src/main/java/org/apache/whirr/service/hadoop/HadoopDataNodeClusterActionHandler.java,17.0,9.0,1.0,2.0,12.0,6.0,27.0,tomwhite@apache.org,1,0.02040816326530612,6.0,0.0,0.0,0.0,658.9,1850.0412677835075,1,0,0.13353139262452263,false
services/hadoop/src/main/java/org/apache/whirr/service/hadoop/HadoopNameNodeClusterActionHandler.java,98.0,21.0,16.0,8.0,64.0,23.0,27.0,tomwhite@apache.org,1,0.02040816326530612,5.0,0.0,0.0,0.0,658.9,1850.0412677835075,1,0,0.13353139262452263,false
services/hadoop/src/test/java/org/apache/whirr/service/hadoop/HadoopConfigurationBuilderTest.java,83.0,25.0,0.0,8.0,45.0,18.0,8.0,tomwhite@apache.org,1,0.02040816326530612,9.0,0.0,0.0,0.0,658.9,1850.0412677835075,1,0,0.13353139262452263,false
services/hama/src/main/java/org/apache/whirr/service/hama/HamaCluster.java,5.0,4.0,0.0,1.0,3.0,3.0,18.0,tomwhite@apache.org,1,0.02040816326530612,100.0,100.0,0.0,0.0,79.42857142857143,69.09589150929763,1,0,2.3025850929940455,false
services/hama/src/main/java/org/apache/whirr/service/hama/HamaClusterActionHandler.java,20.0,6.0,1.0,2.0,8.0,6.0,18.0,asavu@apache.org,1,0.02040816326530612,20.0,20.0,0.0,0.0,79.42857142857143,69.09589150929763,1,0,2.3025850929940455,false
services/hama/src/main/java/org/apache/whirr/service/hama/HamaConstants.java,17.0,0.0,0.0,0.0,0.0,0.0,14.0,tomwhite@apache.org,2,0.04081632653061224,67.0,33.0,0.0,0.0,738.3285714285714,1919.137159292805,2,0,0.5249110622493388,false
services/hama/src/main/java/org/apache/whirr/service/hama/HamaGroomServerClusterActionHandler.java,21.0,10.0,0.0,2.0,18.0,5.0,14.0,asavu@apache.org,2,0.04081632653061224,33.0,17.0,0.0,0.0,738.3285714285714,1919.137159292805,2,0,0.5249110622493388,false
services/hama/src/main/java/org/apache/whirr/service/hama/HamaMasterClusterActionHandler.java,92.0,19.0,10.0,8.0,57.0,20.0,14.0,asavu@apache.org,2,0.04081632653061224,33.0,17.0,0.0,0.0,738.3285714285714,1919.137159292805,2,0,0.5249110622493388,false
services/hama/src/test/java/org/apache/whirr/service/hama/integration/HamaServiceController.java,75.0,13.0,7.0,7.0,24.0,23.0,18.0,iocanel@apache.org,1,0.02040816326530612,33.0,33.0,0.0,0.0,79.42857142857143,69.09589150929763,1,0,2.3025850929940455,false
services/hama/src/test/java/org/apache/whirr/service/hama/integration/HamaServiceTest.java,28.0,12.0,0.0,3.0,16.0,10.0,18.0,frankscholten@apache.org,1,0.02040816326530612,33.0,33.0,0.0,0.0,79.42857142857143,69.09589150929763,1,0,2.3025850929940455,false
services/hbase/src/main/java/org/apache/whirr/service/hbase/BasicServerClusterActionHandler.java,39.0,9.0,0.0,4.0,29.0,10.0,27.0,asavu@apache.org,1,0.02040816326530612,5.0,0.0,0.0,0.0,658.9,1850.0412677835075,1,1,0.13353139262452263,false
services/hbase/src/main/java/org/apache/whirr/service/hbase/HBaseClusterActionHandler.java,17.0,4.0,3.0,3.0,3.0,7.0,27.0,tomwhite@apache.org,1,0.02040816326530612,14.0,0.0,0.0,0.0,658.9,1850.0412677835075,1,0,0.13353139262452263,false
services/hbase/src/main/java/org/apache/whirr/service/hbase/HBaseConfigurationBuilder.java,21.0,11.0,3.0,3.0,12.0,10.0,9.0,iocanel@apache.org,1,0.02040816326530612,33.0,0.0,0.0,0.0,658.9,1850.0412677835075,1,0,0.13353139262452263,false
services/hbase/src/main/java/org/apache/whirr/service/hbase/HBaseConstants.java,16.0,0.0,0.0,1.0,0.0,1.0,27.0,tomwhite@apache.org,1,0.02040816326530612,20.0,0.0,0.0,0.0,658.9,1850.0412677835075,1,0,0.13353139262452263,false
services/hbase/src/main/java/org/apache/whirr/service/hbase/HBaseMasterClusterActionHandler.java,101.0,21.0,20.0,9.0,67.0,24.0,18.0,asavu@apache.org,1,0.02040816326530612,8.0,0.0,0.0,0.0,658.9,1850.0412677835075,1,1,0.13353139262452263,false
services/hbase/src/main/java/org/apache/whirr/service/hbase/HBaseRegionServerClusterActionHandler.java,33.0,12.0,1.0,3.0,29.0,9.0,18.0,asavu@apache.org,1,0.02040816326530612,8.0,0.0,0.0,0.0,658.9,1850.0412677835075,1,1,0.13353139262452263,false
services/hbase/src/test/java/org/apache/whirr/service/hbase/integration/HBase089ServiceTest.java,6.0,1.0,0.0,1.0,2.0,3.0,10.0,abayer@apache.org,1,0.02040816326530612,50.0,0.0,0.0,0.0,658.9,1850.0412677835075,1,0,0.13353139262452263,false
services/hbase/src/test/java/org/apache/whirr/service/hbase/integration/HBase090ServiceTest.java,6.0,1.0,0.0,1.0,2.0,3.0,10.0,abayer@apache.org,1,0.02040816326530612,50.0,0.0,0.0,0.0,658.9,1850.0412677835075,1,0,0.13353139262452263,false
services/hbase/src/test/java/org/apache/whirr/service/hbase/integration/HBaseServiceController.java,99.0,27.0,2.0,9.0,35.0,32.0,10.0,tomwhite@apache.org,1,0.02040816326530612,11.0,0.0,0.0,0.0,658.9,1850.0412677835075,1,1,0.13353139262452263,false
services/hbase/src/test/java/org/apache/whirr/service/hbase/integration/HBaseServiceTest.java,36.0,13.0,0.0,2.0,17.0,5.0,10.0,tomwhite@apache.org,1,0.02040816326530612,12.0,0.0,0.0,0.0,658.9,1850.0412677835075,1,1,0.13353139262452263,false
services/voldemort/src/main/java/org/apache/whirr/service/voldemort/VoldemortClusterActionHandler.java,53.0,31.0,13.0,6.0,44.0,16.0,0.0,asavu@apache.org,0,0.0,0.0,0.0,0.0,0.0,0.0,0.0,0,0,0.0,false
services/zookeeper/src/main/java/org/apache/whirr/service/zookeeper/ZooKeeperClusterActionHandler.java,73.0,17.0,54.0,12.0,53.0,35.0,27.0,asavu@apache.org,1,0.02040816326530612,4.0,0.0,0.0,0.0,658.9,1850.0412677835075,1,0,0.13353139262452263,false
services/zookeeper/src/test/java/org/apache/whirr/service/zookeeper/integration/ZooKeeperServiceTest.java,54.0,19.0,0.0,3.0,15.0,10.0,0.0,tomwhite@apache.org,0,0.0,0.0,0.0,0.0,0.0,0.0,0.0,0,1,0.0,false
