name,LOC,CBO,LCOM,NOM,RFC,WMC,ACS,Ownership,numOfChanges,numberOfFIChanges,ENH,NF,BugFixing,REF,structuralWorkloadSum,semanticWorkloadSum,numberOfDeveloper,pastFaults,MAF,isBuggy
cli/src/main/java/org/apache/whirr/cli/Main.java,57.0,13.0,9.0,6.0,27.0,16.0,43.0,tomwhite@apache.org,1,0.00625,10.0,0.0,0.0,0.0,1959.918699186992,16509.16959212091,1,0,0.2833624113072645,false
cli/src/main/java/org/apache/whirr/cli/command/CleanupClusterCommand.java,36.0,10.0,10.0,5.0,13.0,11.0,25.0,asavu@apache.org,2,0.0125,100.0,20.0,0.0,0.0,2051.6964769647698,16581.104298437505,2,0,0.11546953531868642,false
cli/src/main/java/org/apache/whirr/cli/command/ConfigureServicesCommand.java,18.0,6.0,6.0,4.0,4.0,8.0,25.0,asavu@apache.org,1,0.00625,100.0,33.0,0.0,0.0,1959.918699186992,16509.16959212091,1,0,0.2833624113072645,false
cli/src/main/java/org/apache/whirr/cli/command/DestroyClusterCommand.java,31.0,9.0,6.0,4.0,12.0,12.0,39.0,tomwhite@apache.org,2,0.0125,44.0,0.0,0.0,0.0,2051.6964769647698,16581.104298437505,2,0,0.1366642011254684,false
cli/src/main/java/org/apache/whirr/cli/command/DestroyInstanceCommand.java,41.0,10.0,10.0,5.0,16.0,14.0,39.0,asavu@apache.org,2,0.0125,33.0,0.0,0.0,0.0,2051.6964769647698,16581.104298437505,2,1,0.20103082226180136,false
cli/src/main/java/org/apache/whirr/cli/command/HelpCommand.java,24.0,6.0,3.0,3.0,8.0,8.0,43.0,asavu@apache.org,1,0.00625,100.0,0.0,0.0,0.0,1959.918699186992,16509.16959212091,1,0,0.2833624113072645,false
cli/src/main/java/org/apache/whirr/cli/command/LaunchClusterCommand.java,34.0,11.0,6.0,4.0,17.0,11.0,36.0,asavu@apache.org,2,0.0125,36.0,0.0,0.0,0.0,2051.6964769647698,16581.104298437505,2,0,0.1366642011254684,false
cli/src/main/java/org/apache/whirr/cli/command/ListClusterCommand.java,37.0,13.0,10.0,5.0,25.0,13.0,39.0,tomwhite@apache.org,2,0.0125,25.0,0.0,0.0,0.0,2051.6964769647698,16581.104298437505,2,2,0.20103082226180136,false
cli/src/main/java/org/apache/whirr/cli/command/ListProvidersCommand.java,62.0,9.0,28.0,8.0,28.0,16.0,53.0,adriancole@apache.org,1,0.00625,50.0,0.0,0.0,0.0,1959.918699186992,16509.16959212091,1,0,0.2833624113072645,false
cli/src/main/java/org/apache/whirr/cli/command/RestartServicesCommand.java,19.0,6.0,6.0,4.0,5.0,8.0,3.0,asavu@apache.org,1,0.00625,100.0,100.0,0.0,0.0,1959.918699186992,16509.16959212091,1,0,0.2833624113072645,false
cli/src/main/java/org/apache/whirr/cli/command/RoleLifecycleCommand.java,53.0,15.0,13.0,6.0,24.0,21.0,26.0,kve@apache.org,2,0.0125,100.0,0.0,0.0,0.0,2051.6964769647698,16581.104298437505,2,0,0.42148909962134373,false
cli/src/main/java/org/apache/whirr/cli/command/RunScriptCommand.java,90.0,28.0,45.0,10.0,48.0,31.0,39.0,asavu@apache.org,2,0.0125,27.0,0.0,0.0,0.0,2051.6964769647698,16581.104298437505,2,1,0.20103082226180136,false
cli/src/main/java/org/apache/whirr/cli/command/StartServicesCommand.java,18.0,6.0,6.0,4.0,4.0,8.0,35.0,asavu@apache.org,1,0.00625,100.0,0.0,0.0,0.0,1959.918699186992,16509.16959212091,1,0,0.2833624113072645,false
cli/src/main/java/org/apache/whirr/cli/command/StopServicesCommand.java,18.0,6.0,6.0,4.0,4.0,8.0,35.0,asavu@apache.org,1,0.00625,100.0,0.0,0.0,0.0,1959.918699186992,16509.16959212091,1,0,0.2833624113072645,false
cli/src/main/java/org/apache/whirr/cli/command/VersionCommand.java,17.0,7.0,3.0,3.0,8.0,7.0,31.0,tomwhite@apache.org,1,0.00625,50.0,0.0,0.0,0.0,1959.918699186992,16509.16959212091,1,0,0.2833624113072645,false
cli/src/test/java/org/apache/whirr/cli/MainTest.java,36.0,15.0,3.0,3.0,19.0,7.0,43.0,tomwhite@apache.org,1,0.00625,17.0,0.0,0.0,0.0,1959.918699186992,16509.16959212091,1,0,0.2833624113072645,false
cli/src/test/java/org/apache/whirr/cli/command/BaseCommandTest.java,47.0,13.0,10.0,5.0,14.0,19.0,43.0,asavu@apache.org,1,0.00625,50.0,0.0,0.0,0.0,1959.918699186992,16509.16959212091,1,0,0.2833624113072645,false
cli/src/test/java/org/apache/whirr/cli/command/DestroyClusterCommandTest.java,30.0,18.0,1.0,2.0,29.0,5.0,23.0,tomwhite@apache.org,2,0.0125,18.0,0.0,0.0,9.0,2057.918699186992,16546.63324121075,2,1,0.6474816614928723,false
cli/src/test/java/org/apache/whirr/cli/command/DestroyInstanceCommandTest.java,19.0,17.0,1.0,2.0,21.0,5.0,43.0,tomwhite@apache.org,1,0.00625,17.0,0.0,0.0,0.0,1959.918699186992,16509.16959212091,1,2,0.2833624113072645,false
cli/src/test/java/org/apache/whirr/cli/command/LaunchClusterCommandTest.java,67.0,23.0,6.0,4.0,73.0,10.0,19.0,tomwhite@apache.org,2,0.0125,18.0,0.0,0.0,6.0,2057.918699186992,16546.63324121075,2,1,0.35169253017615376,false
cli/src/test/java/org/apache/whirr/cli/command/ListClusterCommandTest.java,37.0,29.0,3.0,3.0,40.0,8.0,15.0,tomwhite@apache.org,3,0.01875,21.0,0.0,7.0,7.0,2149.6964769647698,16618.567947527346,3,1,0.4437769890522065,false
cli/src/test/java/org/apache/whirr/cli/command/RunScriptCommandTest.java,48.0,29.0,6.0,4.0,53.0,14.0,43.0,asavu@apache.org,1,0.00625,14.0,0.0,0.0,0.0,1959.918699186992,16509.16959212091,1,2,0.2833624113072645,false
cli/src/test/java/org/apache/whirr/cli/command/VersionCommandTest.java,9.0,6.0,0.0,1.0,7.0,2.0,43.0,tomwhite@apache.org,1,0.00625,50.0,0.0,0.0,0.0,1959.918699186992,16509.16959212091,1,0,0.2833624113072645,false
core/src/main/java/org/apache/whirr/ByonClusterController.java,51.0,24.0,36.0,9.0,35.0,24.0,64.0,asavu@apache.org,1,0.00625,12.0,0.0,0.0,0.0,1959.918699186992,16509.16959212091,1,1,0.2833624113072645,false
core/src/main/java/org/apache/whirr/Cluster.java,109.0,16.0,0.0,9.0,9.0,15.0,0.0,tomwhite@apache.org,0,0.0,0.0,0.0,0.0,0.0,0.0,0.0,0,1,0.0,false
core/src/main/java/org/apache/whirr/ClusterController.java,205.0,33.0,382.0,33.0,102.0,99.0,29.0,asavu@apache.org,1,0.00625,23.0,5.0,0.0,0.0,1959.918699186992,16509.16959212091,1,2,0.2833624113072645,false
core/src/main/java/org/apache/whirr/ClusterSpec.java,556.0,31.0,4491.0,98.0,279.0,198.0,24.0,asavu@apache.org,1,0.00625,17.0,0.0,3.0,3.0,1959.918699186992,16509.16959212091,1,2,0.2833624113072645,false
core/src/main/java/org/apache/whirr/DynamicClusterControllerFactory.java,48.0,4.0,0.0,4.0,9.0,13.0,64.0,asavu@apache.org,1,0.00625,50.0,0.0,0.0,0.0,1959.918699186992,16509.16959212091,1,0,0.2833624113072645,false
core/src/main/java/org/apache/whirr/DynamicHandlerMapFactory.java,16.0,3.0,0.0,3.0,4.0,8.0,64.0,asavu@apache.org,1,0.00625,50.0,0.0,0.0,0.0,1959.918699186992,16509.16959212091,1,0,0.2833624113072645,false
core/src/main/java/org/apache/whirr/HandlerMapFactory.java,46.0,8.0,15.0,6.0,12.0,12.0,64.0,asavu@apache.org,1,0.00625,20.0,0.0,0.0,0.0,1959.918699186992,16509.16959212091,1,0,0.2833624113072645,false
core/src/main/java/org/apache/whirr/InstanceTemplate.java,170.0,18.0,20.0,17.0,56.0,45.0,8.0,asavu@apache.org,1,0.00625,50.0,0.0,0.0,17.0,1959.918699186992,16509.16959212091,1,0,0.2833624113072645,false
core/src/main/java/org/apache/whirr/actions/BootstrapClusterAction.java,60.0,30.0,13.0,6.0,42.0,14.0,11.0,asavu@apache.org,1,0.00625,8.0,0.0,0.0,0.0,1959.918699186992,16509.16959212091,1,0,0.2833624113072645,false
core/src/main/java/org/apache/whirr/actions/ByonClusterAction.java,101.0,37.0,7.0,6.0,58.0,18.0,15.0,asavu@apache.org,1,0.00625,22.0,0.0,0.0,0.0,1959.918699186992,16509.16959212091,1,0,0.2833624113072645,false
core/src/main/java/org/apache/whirr/actions/CleanupClusterAction.java,15.0,8.0,3.0,3.0,0.0,4.0,35.0,asavu@apache.org,1,0.00625,67.0,0.0,0.0,0.0,1959.918699186992,16509.16959212091,1,0,0.2833624113072645,false
core/src/main/java/org/apache/whirr/actions/ConfigureServicesAction.java,42.0,15.0,10.0,5.0,18.0,12.0,43.0,andrew.bayer@gmail.com,1,0.00625,33.0,0.0,0.0,0.0,1959.918699186992,16509.16959212091,1,0,0.2833624113072645,false
core/src/main/java/org/apache/whirr/actions/ScriptBasedClusterAction.java,167.0,39.0,100.0,16.0,98.0,47.0,35.0,asavu@apache.org,1,0.00625,12.0,0.0,0.0,0.0,1959.918699186992,16509.16959212091,1,0,0.2833624113072645,false
core/src/main/java/org/apache/whirr/actions/StartServicesAction.java,15.0,8.0,3.0,3.0,0.0,4.0,43.0,asavu@apache.org,1,0.00625,50.0,0.0,0.0,0.0,1959.918699186992,16509.16959212091,1,0,0.2833624113072645,false
core/src/main/java/org/apache/whirr/actions/StopServicesAction.java,15.0,8.0,3.0,3.0,0.0,4.0,43.0,asavu@apache.org,1,0.00625,50.0,0.0,0.0,0.0,1959.918699186992,16509.16959212091,1,0,0.2833624113072645,false
core/src/main/java/org/apache/whirr/command/AbstractClusterCommand.java,98.0,28.0,16.0,8.0,37.0,22.0,30.0,asavu@apache.org,2,0.0125,43.0,0.0,0.0,0.0,2051.6964769647698,16581.104298437505,2,0,0.20103082226180136,false
core/src/main/java/org/apache/whirr/command/Command.java,19.0,4.0,6.0,5.0,0.0,9.0,43.0,asavu@apache.org,1,0.00625,50.0,0.0,0.0,0.0,1959.918699186992,16509.16959212091,1,0,0.2833624113072645,false
core/src/main/java/org/apache/whirr/compute/BootstrapTemplate.java,40.0,24.0,15.0,6.0,34.0,19.0,8.0,asavu@apache.org,1,0.00625,15.0,0.0,0.0,0.0,1959.918699186992,16509.16959212091,1,0,0.2833624113072645,false
core/src/main/java/org/apache/whirr/net/DnsException.java,8.0,0.0,0.0,1.0,0.0,1.0,0.0,asavu@apache.org,0,0.0,0.0,0.0,0.0,0.0,0.0,0.0,0,0,0.0,false
core/src/main/java/org/apache/whirr/net/DnsResolver.java,5.0,1.0,0.0,0.0,0.0,0.0,0.0,asavu@apache.org,0,0.0,0.0,0.0,0.0,0.0,0.0,0.0,0,0,0.0,false
core/src/main/java/org/apache/whirr/net/FastDnsResolver.java,49.0,13.0,4.0,4.0,14.0,14.0,0.0,asavu@apache.org,0,0.0,0.0,0.0,0.0,0.0,0.0,0.0,0,1,0.0,false
core/src/main/java/org/apache/whirr/service/ClusterActionHandler.java,22.0,1.0,3.0,3.0,0.0,8.0,46.0,tomwhite@apache.org,1,0.00625,50.0,0.0,0.0,0.0,1959.918699186992,16509.16959212091,1,0,0.2833624113072645,false
core/src/main/java/org/apache/whirr/service/ClusterActionHandlerSupport.java,186.0,15.0,435.0,30.0,55.0,85.0,46.0,tomwhite@apache.org,1,0.00625,10.0,0.0,0.0,0.0,1959.918699186992,16509.16959212091,1,0,0.2833624113072645,false
core/src/main/java/org/apache/whirr/service/ComputeCache.java,107.0,29.0,39.0,10.0,18.0,18.0,19.0,asavu@apache.org,1,0.00625,5.0,0.0,0.0,0.0,1959.918699186992,16509.16959212091,1,0,0.2833624113072645,false
core/src/main/java/org/apache/whirr/service/DryRunModule.java,47.0,45.0,0.0,6.0,22.0,9.0,31.0,asavu@apache.org,1,0.00625,25.0,0.0,0.0,0.0,1959.918699186992,16509.16959212091,1,0,0.2833624113072645,false
core/src/main/java/org/apache/whirr/service/FirewallManager.java,133.0,22.0,15.0,7.0,30.0,22.0,8.0,asavu@apache.org,1,0.00625,8.0,0.0,0.0,8.0,1959.918699186992,16509.16959212091,1,0,0.2833624113072645,false
core/src/main/java/org/apache/whirr/service/jclouds/StatementBuilder.java,106.0,19.0,9.0,7.0,11.0,16.0,19.0,asavu@apache.org,1,0.00625,17.0,0.0,0.0,0.0,1959.918699186992,16509.16959212091,1,0,0.2833624113072645,false
core/src/main/java/org/apache/whirr/service/jclouds/TemplateBuilderStrategy.java,30.0,5.0,1.0,2.0,14.0,5.0,11.0,tomwhite@apache.org,1,0.00625,9.0,0.0,0.0,0.0,1959.918699186992,16509.16959212091,1,1,0.2833624113072645,false
core/src/main/java/org/apache/whirr/state/BlobClusterStateStore.java,32.0,11.0,0.0,4.0,26.0,10.0,19.0,asavu@apache.org,1,0.00625,33.0,0.0,0.0,0.0,1959.918699186992,16509.16959212091,1,0,0.2833624113072645,false
core/src/main/java/org/apache/whirr/state/ClusterStateStore.java,75.0,12.0,15.0,6.0,22.0,19.0,0.0,asavu@apache.org,0,0.0,0.0,0.0,0.0,0.0,0.0,0.0,0,0,0.0,false
core/src/main/java/org/apache/whirr/state/ClusterStateStoreFactory.java,38.0,8.0,1.0,2.0,3.0,7.0,0.0,asavu@apache.org,0,0.0,0.0,0.0,0.0,0.0,0.0,0.0,0,0,0.0,false
core/src/main/java/org/apache/whirr/state/FileClusterStateStore.java,28.0,11.0,0.0,4.0,14.0,9.0,19.0,asavu@apache.org,1,0.00625,33.0,0.0,0.0,0.0,1959.918699186992,16509.16959212091,1,0,0.2833624113072645,false
core/src/main/java/org/apache/whirr/state/MemoryClusterStateStore.java,15.0,2.0,0.0,3.0,0.0,7.0,0.0,asavu@apache.org,0,0.0,0.0,0.0,0.0,0.0,0.0,0.0,0,0,0.0,false
core/src/main/java/org/apache/whirr/util/Utils.java,22.0,4.0,0.0,1.0,8.0,4.0,34.0,tomwhite@apache.org,1,0.00625,43.0,0.0,14.0,14.0,1959.918699186992,16509.16959212091,1,0,0.2833624113072645,false
core/src/test/java/org/apache/whirr/ClusterControllerFactoryTest.java,20.0,4.0,1.0,2.0,6.0,4.0,0.0,tomwhite@apache.org,0,0.0,0.0,0.0,0.0,0.0,0.0,0.0,0,0,0.0,false
core/src/test/java/org/apache/whirr/ClusterSpecTest.java,199.0,26.0,253.0,23.0,141.0,47.0,9.0,asavu@apache.org,1,0.00625,30.0,0.0,5.0,10.0,1959.918699186992,16509.16959212091,1,0,0.2833624113072645,false
core/src/test/java/org/apache/whirr/TestConstants.java,6.0,0.0,0.0,0.0,0.0,0.0,20.0,asavu@apache.org,1,0.00625,100.0,0.0,0.0,0.0,1959.918699186992,16509.16959212091,1,0,0.2833624113072645,false
core/src/test/java/org/apache/whirr/actions/BootstrapClusterActionTest.java,276.0,51.0,6.0,4.0,84.0,14.0,27.0,asavu@apache.org,1,0.00625,21.0,0.0,0.0,7.0,1959.918699186992,16509.16959212091,1,0,0.2833624113072645,false
core/src/test/java/org/apache/whirr/actions/CleanupClusterActionTest.java,8.0,6.0,1.0,2.0,0.0,4.0,43.0,asavu@apache.org,1,0.00625,50.0,0.0,0.0,0.0,1959.918699186992,16509.16959212091,1,0,0.2833624113072645,false
core/src/test/java/org/apache/whirr/actions/ConfigureServicesActionTest.java,8.0,6.0,1.0,2.0,0.0,4.0,43.0,asavu@apache.org,1,0.00625,50.0,0.0,0.0,0.0,1959.918699186992,16509.16959212091,1,0,0.2833624113072645,false
core/src/test/java/org/apache/whirr/actions/ScriptBasedClusterActionTest.java,136.0,30.0,64.0,17.0,116.0,35.0,53.0,andrew.bayer@gmail.com,1,0.00625,50.0,0.0,0.0,0.0,1959.918699186992,16509.16959212091,1,0,0.2833624113072645,false
core/src/test/java/org/apache/whirr/actions/StartServicesActionTest.java,8.0,6.0,1.0,2.0,0.0,4.0,43.0,asavu@apache.org,1,0.00625,50.0,0.0,0.0,0.0,1959.918699186992,16509.16959212091,1,0,0.2833624113072645,false
core/src/test/java/org/apache/whirr/actions/StopServicesActionTest.java,8.0,6.0,1.0,2.0,0.0,4.0,43.0,asavu@apache.org,1,0.00625,50.0,0.0,0.0,0.0,1959.918699186992,16509.16959212091,1,0,0.2833624113072645,false
core/src/test/java/org/apache/whirr/actions/integration/PhaseExecutionBarrierTest.java,82.0,25.0,13.0,6.0,25.0,15.0,20.0,asavu@apache.org,1,0.00625,33.0,0.0,0.0,0.0,1959.918699186992,16509.16959212091,1,0,0.2833624113072645,false
core/src/test/java/org/apache/whirr/command/AbstractClusterCommandTest.java,27.0,12.0,6.0,4.0,10.0,12.0,39.0,graham.gear@gmail.com,1,0.00625,25.0,0.0,0.0,0.0,1959.918699186992,16509.16959212091,1,0,0.2833624113072645,false
core/src/test/java/org/apache/whirr/compute/BootstrapTemplateTest.java,56.0,27.0,17.0,7.0,37.0,21.0,6.0,adriancole@apache.org,1,0.00625,17.0,0.0,0.0,0.0,1959.918699186992,16509.16959212091,1,0,0.2833624113072645,false
core/src/test/java/org/apache/whirr/net/FakeDnsResolver.java,8.0,1.0,0.0,1.0,1.0,2.0,0.0,asavu@apache.org,0,0.0,0.0,0.0,0.0,0.0,0.0,0.0,0,1,0.0,false
core/src/test/java/org/apache/whirr/net/integration/FastDnsResolverTest.java,47.0,17.0,3.0,3.0,21.0,13.0,0.0,asavu@apache.org,0,0.0,0.0,0.0,0.0,0.0,0.0,0.0,0,1,0.0,false
core/src/test/java/org/apache/whirr/service/DryRunModuleTest.java,102.0,24.0,6.0,4.0,39.0,12.0,35.0,asavu@apache.org,1,0.00625,29.0,0.0,0.0,0.0,1959.918699186992,16509.16959212091,1,0,0.2833624113072645,false
core/src/test/java/org/apache/whirr/service/TemplateBuilderStrategyTest.java,52.0,13.0,0.0,7.0,45.0,15.0,8.0,tomwhite@apache.org,1,0.00625,22.0,0.0,0.0,0.0,1959.918699186992,16509.16959212091,1,1,0.2833624113072645,false
core/src/test/java/org/apache/whirr/service/jclouds/StatementBuilderTest.java,44.0,10.0,3.0,3.0,32.0,6.0,0.0,tomwhite@apache.org,0,0.0,0.0,0.0,0.0,0.0,0.0,0.0,0,0,0.0,false
core/src/test/java/org/apache/whirr/service/jclouds/integration/FirewallManagerTest.java,30.0,15.0,1.0,3.0,15.0,9.0,14.0,andrew.bayer@gmail.com,1,0.00625,33.0,0.0,0.0,17.0,1959.918699186992,16509.16959212091,1,0,0.2833624113072645,false
core/src/test/java/org/apache/whirr/state/integration/BlobClusterStateStoreTest.java,57.0,22.0,13.0,6.0,35.0,16.0,20.0,asavu@apache.org,1,0.00625,33.0,0.0,0.0,0.0,1959.918699186992,16509.16959212091,1,0,0.2833624113072645,false
core/src/test/java/org/apache/whirr/util/UtilsTest.java,21.0,11.0,0.0,1.0,11.0,1.0,46.0,tomwhite@apache.org,1,0.00625,50.0,0.0,0.0,0.0,1959.918699186992,16509.16959212091,1,0,0.2833624113072645,false
platforms/karaf/commands/src/main/java/org/apache/whirr/karaf/command/DestroyCluster.java,10.0,4.0,0.0,1.0,2.0,4.0,64.0,iocanel@apache.org,1,0.00625,50.0,0.0,0.0,0.0,1959.918699186992,16509.16959212091,1,0,0.2833624113072645,false
platforms/karaf/commands/src/main/java/org/apache/whirr/karaf/command/DestroyInstance.java,11.0,5.0,0.0,1.0,2.0,4.0,64.0,asavu@apache.org,1,0.00625,100.0,0.0,0.0,0.0,1959.918699186992,16509.16959212091,1,0,0.2833624113072645,false
platforms/karaf/commands/src/main/java/org/apache/whirr/karaf/command/LaunchCluster.java,11.0,4.0,0.0,1.0,6.0,4.0,64.0,iocanel@apache.org,1,0.00625,50.0,0.0,0.0,0.0,1959.918699186992,16509.16959212091,1,0,0.2833624113072645,false
platforms/karaf/commands/src/main/java/org/apache/whirr/karaf/command/ListCluster.java,10.0,4.0,0.0,1.0,2.0,4.0,64.0,iocanel@apache.org,1,0.00625,50.0,0.0,0.0,0.0,1959.918699186992,16509.16959212091,1,0,0.2833624113072645,false
platforms/karaf/commands/src/main/java/org/apache/whirr/karaf/command/RunScript.java,13.0,8.0,0.0,1.0,4.0,4.0,64.0,asavu@apache.org,1,0.00625,100.0,0.0,0.0,0.0,1959.918699186992,16509.16959212091,1,0,0.2833624113072645,false
platforms/karaf/commands/src/main/java/org/apache/whirr/karaf/command/support/ConfigurationReader.java,51.0,9.0,3.0,3.0,15.0,12.0,39.0,asavu@apache.org,1,0.00625,100.0,0.0,0.0,0.0,1959.918699186992,16509.16959212091,1,0,0.2833624113072645,false
platforms/karaf/commands/src/main/java/org/apache/whirr/karaf/command/support/WhirrCommandSupport.java,64.0,8.0,16.0,8.0,6.0,18.0,39.0,iocanel@apache.org,1,0.00625,50.0,0.0,0.0,0.0,1959.918699186992,16509.16959212091,1,0,0.2833624113072645,false
platforms/karaf/itests/src/test/java/org/apache/whirr/karaf/itest/WhirrInstallationTest.java,11.0,12.0,1.0,2.0,9.0,4.0,39.0,asavu@apache.org,1,0.00625,100.0,0.0,0.0,0.0,1959.918699186992,16509.16959212091,1,0,0.2833624113072645,false
platforms/karaf/itests/src/test/java/org/apache/whirr/karaf/itest/WhirrKarafTestSupport.java,200.0,30.0,99.0,15.0,71.0,50.0,25.0,frankscholten@apache.org,2,0.0125,50.0,0.0,12.0,0.0,2051.6964769647698,16581.104298437505,2,0,0.1366642011254684,false
platforms/karaf/itests/src/test/java/org/apache/whirr/karaf/itest/WhirrServicesTest.java,45.0,14.0,3.0,3.0,18.0,8.0,28.0,frankscholten@apache.org,1,0.00625,33.0,8.0,0.0,0.0,1959.918699186992,16509.16959212091,1,0,0.2833624113072645,false
services/cassandra/src/main/java/org/apache/whirr/service/cassandra/CassandraClusterActionHandler.java,87.0,18.0,53.0,11.0,52.0,31.0,15.0,tomwhite@apache.org,1,0.00625,22.0,0.0,0.0,0.0,1959.918699186992,16509.16959212091,1,0,0.2833624113072645,false
services/cassandra/src/test/java/org/apache/whirr/service/cassandra/CassandraClusterActionHandlerTest.java,27.0,9.0,3.0,3.0,12.0,7.0,10.0,tomwhite@apache.org,1,0.00625,20.0,0.0,0.0,0.0,1959.918699186992,16509.16959212091,1,0,0.2833624113072645,false
services/cassandra/src/test/java/org/apache/whirr/service/cassandra/integration/CassandraServiceTest.java,73.0,25.0,2.0,5.0,35.0,20.0,15.0,tomwhite@apache.org,1,0.00625,9.0,0.0,0.0,0.0,1959.918699186992,16509.16959212091,1,1,0.2833624113072645,false
services/cdh/src/test/java/org/apache/whirr/service/cdh/integration/CdhHBaseServiceTest.java,39.0,16.0,0.0,3.0,18.0,8.0,36.0,tomwhite@apache.org,2,0.0125,29.0,0.0,0.0,0.0,2256.5853658536585,16895.051844121102,2,0,1.6204367360205287,false
services/cdh/src/test/java/org/apache/whirr/service/cdh/integration/CdhHadoopServiceTest.java,98.0,42.0,37.0,10.0,52.0,29.0,36.0,tomwhite@apache.org,2,0.0125,25.0,0.0,0.0,0.0,2256.5853658536585,16895.051844121102,2,0,1.6204367360205287,false
services/cdh/src/test/java/org/apache/whirr/service/cdh/integration/CdhZooKeeperServiceTest.java,54.0,19.0,0.0,3.0,13.0,10.0,36.0,tomwhite@apache.org,2,0.0125,50.0,0.0,0.0,0.0,2256.5853658536585,16895.051844121102,2,0,1.6204367360205287,false
services/chef/src/test/java/org/apache/whirr/service/chef/ChefServiceDryRunTest.java,124.0,24.0,145.0,18.0,50.0,48.0,28.0,asavu@apache.org,1,0.00625,17.0,0.0,0.0,0.0,1959.918699186992,16509.16959212091,1,0,0.2833624113072645,false
services/chef/src/test/java/org/apache/whirr/service/chef/integration/ChefServiceTest.java,91.0,28.0,16.0,9.0,45.0,27.0,20.0,andrew.bayer@gmail.com,1,0.00625,25.0,0.0,0.0,0.0,1959.918699186992,16509.16959212091,1,0,0.2833624113072645,false
services/elasticsearch/src/main/java/org/apache/whirr/service/elasticsearch/ElasticSearchHandler.java,32.0,9.0,13.0,6.0,27.0,17.0,16.0,asavu@apache.org,1,0.00625,30.0,0.0,0.0,0.0,1959.918699186992,16509.16959212091,1,0,0.2833624113072645,false
services/elasticsearch/src/test/java/org/apache/whirr/service/elasticsearch/integration/ElasticSearchTest.java,68.0,20.0,2.0,5.0,28.0,22.0,20.0,tomwhite@apache.org,1,0.00625,33.0,0.0,0.0,0.0,1959.918699186992,16509.16959212091,1,0,0.2833624113072645,false
services/ganglia/src/test/java/org/apache/whirr/service/ganglia/integration/GangliaServiceTest.java,44.0,25.0,2.0,4.0,30.0,13.0,20.0,asavu@apache.org,1,0.00625,50.0,0.0,0.0,0.0,1959.918699186992,16509.16959212091,1,0,0.2833624113072645,false
services/hadoop/src/main/java/org/apache/whirr/service/hadoop/HadoopClusterActionHandler.java,41.0,15.0,21.0,7.0,29.0,19.0,11.0,asavu@apache.org,1,0.00625,13.0,0.0,0.0,0.0,1959.918699186992,16509.16959212091,1,0,0.2833624113072645,false
services/hadoop/src/main/java/org/apache/whirr/service/hadoop/HadoopConfigurationBuilder.java,65.0,15.0,33.0,10.0,37.0,32.0,53.0,tomwhite@apache.org,1,0.00625,8.0,0.0,0.0,0.0,296.6666666666667,385.88225200019116,1,0,4.343805421853684,false
services/hadoop/src/main/java/org/apache/whirr/service/hadoop/HadoopNameNodeClusterActionHandler.java,85.0,16.0,20.0,8.0,54.0,22.0,28.0,tomwhite@apache.org,2,0.0125,9.0,0.0,0.0,0.0,2256.5853658536585,16895.051844121102,2,0,1.6204367360205287,false
services/hadoop/src/test/java/org/apache/whirr/service/hadoop/HadoopConfigurationBuilderTest.java,91.0,27.0,0.0,9.0,51.0,20.0,2.0,tomwhite@apache.org,1,0.00625,9.0,0.0,0.0,0.0,1959.918699186992,16509.16959212091,1,1,0.2833624113072645,false
services/hadoop/src/test/java/org/apache/whirr/service/hadoop/integration/AbstractHadoopServiceTest.java,40.0,24.0,0.0,4.0,22.0,7.0,36.0,asavu@apache.org,1,0.00625,50.0,0.0,0.0,0.0,1959.918699186992,16509.16959212091,1,0,0.2833624113072645,false
services/hadoop/src/test/java/org/apache/whirr/service/hadoop/integration/HadoopServiceController.java,105.0,20.0,13.0,10.0,34.0,35.0,27.0,tomwhite@apache.org,1,0.00625,14.0,0.0,0.0,0.0,1959.918699186992,16509.16959212091,1,1,0.2833624113072645,false
services/hama/src/main/java/org/apache/whirr/service/hama/HamaClusterActionHandler.java,21.0,6.0,1.0,2.0,8.0,6.0,11.0,asavu@apache.org,1,0.00625,40.0,0.0,0.0,0.0,1959.918699186992,16509.16959212091,1,0,0.2833624113072645,false
services/hama/src/test/java/org/apache/whirr/service/hama/integration/HamaServiceTest.java,28.0,13.0,0.0,3.0,16.0,10.0,16.0,frankscholten@apache.org,2,0.0125,67.0,0.0,0.0,0.0,2057.918699186992,16546.63324121075,2,0,0.6474816614928723,false
services/hbase/src/main/java/org/apache/whirr/service/hbase/BasicServerClusterActionHandler.java,40.0,10.0,0.0,4.0,27.0,10.0,11.0,asavu@apache.org,1,0.00625,10.0,0.0,0.0,0.0,1959.918699186992,16509.16959212091,1,1,0.2833624113072645,false
services/hbase/src/main/java/org/apache/whirr/service/hbase/HBaseMasterClusterActionHandler.java,104.0,23.0,20.0,9.0,68.0,24.0,8.0,asavu@apache.org,1,0.00625,12.0,0.0,0.0,0.0,1959.918699186992,16509.16959212091,1,1,0.2833624113072645,false
services/hbase/src/main/java/org/apache/whirr/service/hbase/HBaseRegionServerClusterActionHandler.java,35.0,14.0,1.0,3.0,29.0,9.0,11.0,asavu@apache.org,1,0.00625,8.0,0.0,0.0,0.0,1959.918699186992,16509.16959212091,1,1,0.2833624113072645,false
services/hbase/src/test/java/org/apache/whirr/service/hbase/integration/HBaseServiceTest.java,36.0,14.0,0.0,2.0,17.0,5.0,20.0,tomwhite@apache.org,1,0.00625,12.0,0.0,0.0,0.0,1959.918699186992,16509.16959212091,1,1,0.2833624113072645,false
services/mahout/src/main/java/org/apache/whirr/service/mahout/MahoutClientClusterActionHandler.java,18.0,5.0,1.0,2.0,6.0,5.0,0.0,andrew.bayer@gmail.com,0,0.0,0.0,0.0,0.0,0.0,0.0,0.0,0,0,0.0,false
services/mahout/src/test/java/org/apache/whirr/service/mahout/integration/MahoutServiceTest.java,45.0,26.0,0.0,5.0,29.0,16.0,20.0,asavu@apache.org,1,0.00625,50.0,0.0,0.0,0.0,1959.918699186992,16509.16959212091,1,0,0.2833624113072645,false
services/puppet/src/main/java/org/apache/whirr/service/puppet/functions/StatementToInstallModule.java,55.0,20.0,4.0,4.0,16.0,13.0,0.0,adriancole@apache.org,0,0.0,0.0,0.0,0.0,0.0,0.0,0.0,0,0,0.0,false
services/puppet/src/test/java/org/apache/whirr/service/puppet/PuppetClusterActionHandlerFactoryTest.java,8.0,3.0,1.0,2.0,6.0,3.0,64.0,adriancole@apache.org,1,0.00625,33.0,0.0,0.0,0.0,1959.918699186992,16509.16959212091,1,0,0.2833624113072645,false
services/puppet/src/test/java/org/apache/whirr/service/puppet/integration/PuppetServiceTest.java,27.0,17.0,1.0,3.0,5.0,9.0,20.0,andrew.bayer@gmail.com,1,0.00625,25.0,0.0,0.0,0.0,1959.918699186992,16509.16959212091,1,0,0.2833624113072645,false
services/voldemort/src/main/java/org/apache/whirr/service/voldemort/VoldemortClusterActionHandler.java,61.0,29.0,34.0,9.0,49.0,22.0,16.0,asavu@apache.org,1,0.00625,30.0,0.0,0.0,0.0,1959.918699186992,16509.16959212091,1,0,0.2833624113072645,false
services/voldemort/src/test/java/org/apache/whirr/service/voldemort/integration/VoldemortServiceTest.java,55.0,20.0,0.0,4.0,24.0,15.0,20.0,tomwhite@apache.org,1,0.00625,33.0,0.0,0.0,0.0,1959.918699186992,16509.16959212091,1,0,0.2833624113072645,false
services/zookeeper/src/main/java/org/apache/whirr/service/zookeeper/ZooKeeperCluster.java,8.0,3.0,1.0,2.0,6.0,4.0,3.0,tomwhite@apache.org,1,0.00625,20.0,20.0,0.0,0.0,1959.918699186992,16509.16959212091,1,1,0.2833624113072645,false
services/zookeeper/src/main/java/org/apache/whirr/service/zookeeper/ZooKeeperClusterActionHandler.java,98.0,17.0,141.0,18.0,73.0,54.0,13.0,asavu@apache.org,1,0.00625,16.0,4.0,0.0,0.0,1959.918699186992,16509.16959212091,1,0,0.2833624113072645,false
services/zookeeper/src/test/java/org/apache/whirr/service/zookeeper/integration/ZooKeeperServiceTest.java,54.0,20.0,0.0,3.0,15.0,10.0,20.0,tomwhite@apache.org,1,0.00625,6.0,0.0,0.0,0.0,1959.918699186992,16509.16959212091,1,1,0.2833624113072645,false
