name,LOC,CBO,LCOM,NOM,RFC,WMC,ACS,Ownership,numOfChanges,numberOfFIChanges,ENH,NF,BugFixing,REF,structuralWorkloadSum,semanticWorkloadSum,numberOfDeveloper,pastFaults,MAF,isBuggy
cli/src/main/java/org/apache/whirr/cli/command/CleanupClusterCommand.java,37.0,11.0,10.0,5.0,14.0,11.0,0.0,asavu@apache.org,0,0.0,0.0,0.0,0.0,0.0,0.0,0.0,0,0,0.0,false
cli/src/main/java/org/apache/whirr/cli/command/ConfigureServicesCommand.java,18.0,7.0,6.0,4.0,4.0,8.0,0.0,asavu@apache.org,0,0.0,0.0,0.0,0.0,0.0,0.0,0.0,0,0,0.0,false
cli/src/main/java/org/apache/whirr/cli/command/DestroyClusterCommand.java,32.0,9.0,6.0,4.0,13.0,12.0,0.0,tomwhite@apache.org,0,0.0,0.0,0.0,0.0,0.0,0.0,0.0,0,0,0.0,false
cli/src/main/java/org/apache/whirr/cli/command/DestroyInstanceCommand.java,42.0,10.0,10.0,5.0,17.0,14.0,0.0,asavu@apache.org,0,0.0,0.0,0.0,0.0,0.0,0.0,0.0,0,1,0.0,false
cli/src/main/java/org/apache/whirr/cli/command/LaunchClusterCommand.java,35.0,11.0,6.0,4.0,18.0,11.0,0.0,asavu@apache.org,0,0.0,0.0,0.0,0.0,0.0,0.0,0.0,0,0,0.0,false
cli/src/main/java/org/apache/whirr/cli/command/ListClusterCommand.java,38.0,13.0,10.0,5.0,26.0,13.0,0.0,tomwhite@apache.org,0,0.0,0.0,0.0,0.0,0.0,0.0,0.0,0,2,0.0,false
cli/src/main/java/org/apache/whirr/cli/command/RoleLifecycleCommand.java,54.0,15.0,13.0,6.0,25.0,21.0,0.0,kve@apache.org,0,0.0,0.0,0.0,0.0,0.0,0.0,0.0,0,0,0.0,false
cli/src/main/java/org/apache/whirr/cli/command/RunScriptCommand.java,91.0,28.0,45.0,10.0,49.0,31.0,80.0,asavu@apache.org,1,0.01098901098901099,9.0,0.0,0.0,0.0,700.056338028169,4972.296656679632,1,1,1.0360919316867756,false
cli/src/test/java/org/apache/whirr/cli/command/BaseCommandTest.java,42.0,10.0,10.0,5.0,12.0,18.0,80.0,asavu@apache.org,1,0.01098901098901099,50.0,0.0,0.0,0.0,700.056338028169,4972.296656679632,1,0,1.0360919316867756,false
cli/src/test/java/org/apache/whirr/cli/command/DestroyClusterCommandTest.java,31.0,17.0,1.0,2.0,32.0,5.0,0.0,tomwhite@apache.org,0,0.0,0.0,0.0,0.0,0.0,0.0,0.0,0,1,0.0,false
cli/src/test/java/org/apache/whirr/cli/command/LaunchClusterCommandTest.java,83.0,23.0,6.0,4.0,78.0,10.0,80.0,tomwhite@apache.org,1,0.01098901098901099,6.0,0.0,0.0,0.0,700.056338028169,4972.296656679632,1,1,1.0360919316867756,false
cli/src/test/java/org/apache/whirr/cli/command/ListClusterCommandTest.java,38.0,28.0,3.0,3.0,43.0,8.0,0.0,tomwhite@apache.org,0,0.0,0.0,0.0,0.0,0.0,0.0,0.0,0,2,0.0,false
core/src/main/java/org/apache/whirr/ByonClusterController.java,65.0,23.0,45.0,10.0,41.0,29.0,41.0,asavu@apache.org,1,0.01098901098901099,25.0,0.0,0.0,0.0,700.056338028169,4972.296656679632,1,1,1.0360919316867756,false
core/src/main/java/org/apache/whirr/Cluster.java,109.0,16.0,0.0,9.0,9.0,15.0,29.0,tomwhite@apache.org,1,0.01098901098901099,21.0,7.0,0.0,0.0,700.056338028169,4972.296656679632,1,1,1.0360919316867756,false
core/src/main/java/org/apache/whirr/ClusterAction.java,14.0,3.0,4.0,4.0,0.0,6.0,80.0,tomwhite@apache.org,1,0.01098901098901099,33.0,0.0,0.0,0.0,700.056338028169,4972.296656679632,1,0,1.0360919316867756,false
core/src/main/java/org/apache/whirr/ClusterController.java,205.0,35.0,382.0,33.0,110.0,99.0,80.0,asavu@apache.org,1,0.01098901098901099,5.0,0.0,0.0,0.0,700.056338028169,4972.296656679632,1,2,1.0360919316867756,false
core/src/main/java/org/apache/whirr/ClusterControllerFactory.java,31.0,3.0,0.0,2.0,5.0,7.0,80.0,tomwhite@apache.org,1,0.01098901098901099,50.0,0.0,0.0,0.0,700.056338028169,4972.296656679632,1,0,1.0360919316867756,false
core/src/main/java/org/apache/whirr/ClusterSpec.java,557.0,31.0,4491.0,98.0,281.0,198.0,80.0,asavu@apache.org,1,0.01098901098901099,3.0,0.0,0.0,0.0,700.056338028169,4972.296656679632,1,3,1.0360919316867756,false
core/src/main/java/org/apache/whirr/DynamicClusterControllerFactory.java,48.0,4.0,0.0,4.0,9.0,13.0,80.0,asavu@apache.org,1,0.01098901098901099,50.0,0.0,0.0,0.0,700.056338028169,4972.296656679632,1,0,1.0360919316867756,false
core/src/main/java/org/apache/whirr/DynamicHandlerMapFactory.java,19.0,5.0,0.0,3.0,6.0,8.0,80.0,asavu@apache.org,1,0.01098901098901099,50.0,0.0,0.0,0.0,700.056338028169,4972.296656679632,1,0,1.0360919316867756,false
core/src/main/java/org/apache/whirr/HandlerMapFactory.java,63.0,17.0,15.0,6.0,13.0,12.0,80.0,asavu@apache.org,1,0.01098901098901099,20.0,0.0,0.0,0.0,700.056338028169,4972.296656679632,1,0,1.0360919316867756,false
core/src/main/java/org/apache/whirr/InstanceTemplate.java,170.0,18.0,20.0,17.0,56.0,45.0,80.0,asavu@apache.org,1,0.01098901098901099,17.0,0.0,0.0,0.0,700.056338028169,4972.296656679632,1,0,1.0360919316867756,false
core/src/main/java/org/apache/whirr/actions/BootstrapClusterAction.java,57.0,30.0,13.0,6.0,38.0,13.0,80.0,asavu@apache.org,1,0.01098901098901099,8.0,0.0,0.0,0.0,700.056338028169,4972.296656679632,1,0,1.0360919316867756,false
core/src/main/java/org/apache/whirr/actions/ByonClusterAction.java,89.0,40.0,4.0,5.0,49.0,13.0,80.0,asavu@apache.org,1,0.01098901098901099,11.0,0.0,0.0,0.0,700.056338028169,4972.296656679632,1,0,1.0360919316867756,false
core/src/main/java/org/apache/whirr/actions/CleanupClusterAction.java,14.0,6.0,3.0,3.0,0.0,4.0,80.0,asavu@apache.org,1,0.01098901098901099,33.0,0.0,0.0,0.0,700.056338028169,4972.296656679632,1,0,1.0360919316867756,false
core/src/main/java/org/apache/whirr/actions/ConfigureServicesAction.java,42.0,16.0,10.0,5.0,18.0,12.0,80.0,andrew.bayer@gmail.com,1,0.01098901098901099,33.0,0.0,0.0,0.0,700.056338028169,4972.296656679632,1,0,1.0360919316867756,false
core/src/main/java/org/apache/whirr/actions/DestroyClusterAction.java,19.0,13.0,3.0,3.0,11.0,5.0,80.0,tomwhite@apache.org,1,0.01098901098901099,20.0,0.0,0.0,0.0,700.056338028169,4972.296656679632,1,0,1.0360919316867756,false
core/src/main/java/org/apache/whirr/actions/ScriptBasedClusterAction.java,156.0,42.0,127.0,18.0,93.0,49.0,60.0,asavu@apache.org,2,0.02197802197802198,12.0,0.0,0.0,0.0,887.3290653008962,5124.105876570171,2,0,1.5418923875260155,false
core/src/main/java/org/apache/whirr/actions/StartServicesAction.java,14.0,6.0,3.0,3.0,0.0,4.0,80.0,asavu@apache.org,1,0.01098901098901099,50.0,0.0,0.0,0.0,700.056338028169,4972.296656679632,1,0,1.0360919316867756,false
core/src/main/java/org/apache/whirr/actions/StopServicesAction.java,14.0,6.0,3.0,3.0,0.0,4.0,80.0,asavu@apache.org,1,0.01098901098901099,50.0,0.0,0.0,0.0,700.056338028169,4972.296656679632,1,0,1.0360919316867756,false
core/src/main/java/org/apache/whirr/command/AbstractClusterCommand.java,105.0,28.0,24.0,9.0,43.0,25.0,80.0,asavu@apache.org,1,0.01098901098901099,14.0,0.0,0.0,0.0,700.056338028169,4972.296656679632,1,0,1.0360919316867756,false
core/src/main/java/org/apache/whirr/compute/BootstrapTemplate.java,48.0,24.0,21.0,7.0,44.0,20.0,28.0,asavu@apache.org,1,0.01098901098901099,23.0,0.0,0.0,0.0,700.056338028169,4972.296656679632,1,0,1.0360919316867756,false
core/src/main/java/org/apache/whirr/compute/NodeStarter.java,21.0,7.0,0.0,2.0,2.0,4.0,80.0,asavu@apache.org,1,0.01098901098901099,50.0,0.0,0.0,0.0,700.056338028169,4972.296656679632,1,0,1.0360919316867756,false
core/src/main/java/org/apache/whirr/compute/NodeStarterFactory.java,5.0,3.0,0.0,1.0,0.0,2.0,80.0,asavu@apache.org,1,0.01098901098901099,50.0,0.0,0.0,0.0,700.056338028169,4972.296656679632,1,0,1.0360919316867756,false
core/src/main/java/org/apache/whirr/compute/StartupProcess.java,100.0,17.0,0.0,10.0,29.0,29.0,41.0,asavu@apache.org,1,0.01098901098901099,50.0,0.0,0.0,0.0,700.056338028169,4972.296656679632,1,0,1.0360919316867756,false
core/src/main/java/org/apache/whirr/net/DnsException.java,9.0,0.0,0.0,1.0,0.0,1.0,80.0,asavu@apache.org,1,0.01098901098901099,50.0,0.0,0.0,0.0,700.056338028169,4972.296656679632,1,0,1.0360919316867756,false
core/src/main/java/org/apache/whirr/net/FastDnsResolver.java,49.0,13.0,4.0,4.0,14.0,14.0,42.0,asavu@apache.org,1,0.01098901098901099,50.0,0.0,0.0,0.0,700.056338028169,4972.296656679632,1,1,1.0360919316867756,false
core/src/main/java/org/apache/whirr/service/BlobStoreContextBuilder.java,112.0,29.0,1.0,2.0,2.0,4.0,80.0,asavu@apache.org,1,0.01098901098901099,9.0,0.0,0.0,0.0,700.056338028169,4972.296656679632,1,0,1.0360919316867756,false
core/src/main/java/org/apache/whirr/service/ClusterActionEvent.java,60.0,8.0,38.0,13.0,0.0,22.0,41.0,tomwhite@apache.org,1,0.01098901098901099,12.0,0.0,0.0,0.0,187.27272727272725,151.80921989053888,1,0,3.4339872044851463,false
core/src/main/java/org/apache/whirr/service/ClusterActionHandlerSupport.java,186.0,15.0,435.0,30.0,55.0,85.0,80.0,tomwhite@apache.org,1,0.01098901098901099,5.0,0.0,0.0,0.0,700.056338028169,4972.296656679632,1,0,1.0360919316867756,false
core/src/main/java/org/apache/whirr/service/ComputeCache.java,0.0,0.0,0.0,0.0,0.0,0.0,41.0,asavu@apache.org,1,0.01098901098901099,11.0,0.0,0.0,0.0,700.056338028169,4972.296656679632,1,0,1.0360919316867756,false
core/src/main/java/org/apache/whirr/service/DryRunModule.java,162.0,45.0,6.0,4.0,7.0,9.0,80.0,asavu@apache.org,1,0.01098901098901099,12.0,0.0,0.0,0.0,700.056338028169,4972.296656679632,1,0,1.0360919316867756,false
core/src/main/java/org/apache/whirr/service/FirewallManager.java,133.0,22.0,15.0,7.0,30.0,22.0,42.0,asavu@apache.org,1,0.01098901098901099,17.0,8.0,0.0,0.0,700.056338028169,4972.296656679632,1,0,1.0360919316867756,false
core/src/main/java/org/apache/whirr/service/jclouds/RunUrlStatement.java,56.0,13.0,8.0,8.0,21.0,23.0,80.0,tomwhite@apache.org,1,0.01098901098901099,14.0,0.0,0.0,0.0,700.056338028169,4972.296656679632,1,0,1.0360919316867756,false
core/src/main/java/org/apache/whirr/service/jclouds/StatementBuilder.java,67.0,9.0,10.0,9.0,19.0,26.0,80.0,asavu@apache.org,1,0.01098901098901099,8.0,0.0,0.0,0.0,700.056338028169,4972.296656679632,1,0,1.0360919316867756,false
core/src/main/java/org/apache/whirr/service/jclouds/VariablesToExport.java,51.0,11.0,0.0,5.0,30.0,12.0,80.0,tomwhite@apache.org,1,0.01098901098901099,17.0,0.0,0.0,0.0,700.056338028169,4972.296656679632,1,0,1.0360919316867756,false
core/src/main/java/org/apache/whirr/state/BlobClusterStateStore.java,32.0,11.0,0.0,4.0,26.0,10.0,80.0,asavu@apache.org,1,0.01098901098901099,33.0,0.0,0.0,0.0,700.056338028169,4972.296656679632,1,0,1.0360919316867756,false
core/src/main/java/org/apache/whirr/state/ClusterStateStore.java,75.0,12.0,15.0,6.0,22.0,19.0,80.0,asavu@apache.org,1,0.01098901098901099,50.0,0.0,0.0,0.0,700.056338028169,4972.296656679632,1,0,1.0360919316867756,false
core/src/main/java/org/apache/whirr/state/ClusterStateStoreFactory.java,38.0,8.0,1.0,2.0,3.0,7.0,80.0,asavu@apache.org,1,0.01098901098901099,50.0,0.0,0.0,0.0,700.056338028169,4972.296656679632,1,0,1.0360919316867756,false
core/src/main/java/org/apache/whirr/state/FileClusterStateStore.java,28.0,11.0,0.0,4.0,14.0,9.0,80.0,asavu@apache.org,1,0.01098901098901099,33.0,0.0,0.0,0.0,700.056338028169,4972.296656679632,1,0,1.0360919316867756,false
core/src/main/java/org/apache/whirr/state/MemoryClusterStateStore.java,15.0,2.0,0.0,3.0,0.0,7.0,80.0,asavu@apache.org,1,0.01098901098901099,50.0,0.0,0.0,0.0,700.056338028169,4972.296656679632,1,0,1.0360919316867756,false
core/src/main/java/org/apache/whirr/template/TemplateUtils.java,26.0,14.0,6.0,4.0,11.0,8.0,41.0,kve@apache.org,1,0.01098901098901099,100.0,0.0,0.0,0.0,187.27272727272725,151.80921989053888,1,0,3.4339872044851463,false
core/src/main/java/org/apache/whirr/util/BlobCache.java,148.0,24.0,79.0,18.0,59.0,53.0,80.0,asavu@apache.org,1,0.01098901098901099,14.0,0.0,0.0,0.0,700.056338028169,4972.296656679632,1,0,1.0360919316867756,false
core/src/main/java/org/apache/whirr/util/KeyPair.java,82.0,19.0,28.0,8.0,31.0,27.0,80.0,tomwhite@apache.org,1,0.01098901098901099,33.0,0.0,0.0,0.0,700.056338028169,4972.296656679632,1,0,1.0360919316867756,false
core/src/main/java/org/apache/whirr/util/Utils.java,28.0,9.0,1.0,2.0,12.0,7.0,80.0,tomwhite@apache.org,1,0.01098901098901099,14.0,0.0,0.0,0.0,700.056338028169,4972.296656679632,1,1,1.0360919316867756,false
core/src/test/java/org/apache/whirr/ClusterSpecTest.java,204.0,26.0,276.0,24.0,143.0,49.0,80.0,asavu@apache.org,1,0.01098901098901099,5.0,0.0,0.0,0.0,700.056338028169,4972.296656679632,1,1,1.0360919316867756,false
core/src/test/java/org/apache/whirr/ClusterTest.java,31.0,11.0,0.0,4.0,21.0,6.0,80.0,tomwhite@apache.org,1,0.01098901098901099,33.0,0.0,0.0,0.0,700.056338028169,4972.296656679632,1,0,1.0360919316867756,false
core/src/test/java/org/apache/whirr/actions/BootstrapClusterActionTest.java,266.0,51.0,6.0,4.0,88.0,14.0,80.0,asavu@apache.org,1,0.01098901098901099,7.0,0.0,0.0,0.0,700.056338028169,4972.296656679632,1,0,1.0360919316867756,false
core/src/test/java/org/apache/whirr/actions/CleanupClusterActionTest.java,8.0,6.0,1.0,2.0,0.0,4.0,80.0,asavu@apache.org,1,0.01098901098901099,50.0,0.0,0.0,0.0,700.056338028169,4972.296656679632,1,0,1.0360919316867756,false
core/src/test/java/org/apache/whirr/actions/ConfigureServicesActionTest.java,8.0,6.0,1.0,2.0,0.0,4.0,80.0,asavu@apache.org,1,0.01098901098901099,50.0,0.0,0.0,0.0,700.056338028169,4972.296656679632,1,0,1.0360919316867756,false
core/src/test/java/org/apache/whirr/actions/ScriptBasedClusterActionTest.java,143.0,29.0,69.0,18.0,125.0,37.0,80.0,andrew.bayer@gmail.com,1,0.01098901098901099,25.0,0.0,0.0,0.0,700.056338028169,4972.296656679632,1,0,1.0360919316867756,false
core/src/test/java/org/apache/whirr/actions/StartServicesActionTest.java,8.0,6.0,1.0,2.0,0.0,4.0,80.0,asavu@apache.org,1,0.01098901098901099,50.0,0.0,0.0,0.0,700.056338028169,4972.296656679632,1,0,1.0360919316867756,false
core/src/test/java/org/apache/whirr/actions/StopServicesActionTest.java,8.0,6.0,1.0,2.0,0.0,4.0,80.0,asavu@apache.org,1,0.01098901098901099,50.0,0.0,0.0,0.0,700.056338028169,4972.296656679632,1,0,1.0360919316867756,false
core/src/test/java/org/apache/whirr/actions/integration/PhaseExecutionBarrierTest.java,82.0,25.0,13.0,6.0,25.0,15.0,80.0,asavu@apache.org,1,0.01098901098901099,33.0,0.0,0.0,0.0,700.056338028169,4972.296656679632,1,0,1.0360919316867756,false
core/src/test/java/org/apache/whirr/command/AbstractClusterCommandTest.java,27.0,12.0,6.0,4.0,10.0,12.0,80.0,graham.gear@gmail.com,1,0.01098901098901099,25.0,0.0,0.0,0.0,700.056338028169,4972.296656679632,1,0,1.0360919316867756,false
core/src/test/java/org/apache/whirr/compute/BootstrapTemplateTest.java,56.0,27.0,17.0,7.0,37.0,21.0,80.0,adriancole@apache.org,1,0.01098901098901099,17.0,0.0,0.0,0.0,700.056338028169,4972.296656679632,1,0,1.0360919316867756,false
core/src/test/java/org/apache/whirr/service/BaseServiceDryRunTest.java,59.0,22.0,66.0,12.0,40.0,27.0,60.0,kve@apache.org,2,0.02197802197802198,100.0,0.0,0.0,0.0,887.3290653008962,5124.105876570171,2,0,1.5418923875260155,false
core/src/test/java/org/apache/whirr/service/DryRunModuleTest.java,106.0,23.0,6.0,4.0,47.0,12.0,80.0,asavu@apache.org,1,0.01098901098901099,14.0,0.0,0.0,0.0,700.056338028169,4972.296656679632,1,0,1.0360919316867756,false
core/src/test/java/org/apache/whirr/service/TemplateBuilderStrategyTest.java,52.0,13.0,0.0,7.0,45.0,15.0,80.0,tomwhite@apache.org,1,0.01098901098901099,11.0,0.0,0.0,0.0,700.056338028169,4972.296656679632,1,1,1.0360919316867756,false
core/src/test/java/org/apache/whirr/service/jclouds/StatementBuilderTest.java,44.0,10.0,3.0,3.0,35.0,6.0,80.0,tomwhite@apache.org,1,0.01098901098901099,12.0,0.0,0.0,0.0,700.056338028169,4972.296656679632,1,0,1.0360919316867756,false
core/src/test/java/org/apache/whirr/service/jclouds/integration/FirewallManagerTest.java,30.0,15.0,1.0,3.0,15.0,9.0,80.0,andrew.bayer@gmail.com,1,0.01098901098901099,17.0,0.0,0.0,0.0,700.056338028169,4972.296656679632,1,0,1.0360919316867756,false
core/src/test/java/org/apache/whirr/state/integration/BlobClusterStateStoreTest.java,57.0,22.0,13.0,6.0,35.0,16.0,80.0,asavu@apache.org,1,0.01098901098901099,33.0,0.0,0.0,0.0,700.056338028169,4972.296656679632,1,0,1.0360919316867756,false
core/src/test/java/org/apache/whirr/template/TemplateUtilsTest.java,11.0,8.0,0.0,1.0,5.0,2.0,21.0,frankscholten@apache.org,2,0.02197802197802198,100.0,0.0,50.0,0.0,315.27272727272725,214.87261199653847,2,0,1.35454566280531,false
core/src/test/java/org/apache/whirr/util/KeyPairTest.java,15.0,11.0,1.0,2.0,9.0,4.0,80.0,tomwhite@apache.org,1,0.01098901098901099,50.0,0.0,0.0,0.0,700.056338028169,4972.296656679632,1,0,1.0360919316867756,false
core/src/test/java/org/apache/whirr/util/UtilsTest.java,16.0,11.0,0.0,1.0,11.0,1.0,80.0,tomwhite@apache.org,1,0.01098901098901099,25.0,0.0,0.0,0.0,700.056338028169,4972.296656679632,1,0,1.0360919316867756,false
platforms/karaf/commands/src/main/java/org/apache/whirr/karaf/command/support/ConfigurationReader.java,51.0,9.0,3.0,3.0,15.0,12.0,0.0,asavu@apache.org,0,0.0,0.0,0.0,0.0,0.0,0.0,0.0,0,0,0.0,false
platforms/karaf/commands/src/main/java/org/apache/whirr/karaf/command/support/WhirrCommandSupport.java,64.0,8.0,16.0,8.0,6.0,18.0,0.0,iocanel@apache.org,0,0.0,0.0,0.0,0.0,0.0,0.0,0.0,0,0,0.0,false
platforms/karaf/itests/src/test/java/org/apache/whirr/karaf/itest/WhirrInstallationTest.java,10.0,14.0,1.0,2.0,12.0,6.0,0.0,asavu@apache.org,0,0.0,0.0,0.0,0.0,0.0,0.0,0.0,0,0,0.0,false
platforms/karaf/itests/src/test/java/org/apache/whirr/karaf/itest/WhirrKarafTestSupport.java,197.0,31.0,99.0,15.0,70.0,52.0,21.0,frankscholten@apache.org,2,0.02197802197802198,50.0,0.0,38.0,0.0,828.056338028169,5035.360048785632,2,1,0.19273669998690934,false
platforms/karaf/itests/src/test/java/org/apache/whirr/karaf/itest/WhirrServicesTest.java,20.0,12.0,3.0,3.0,13.0,8.0,1.0,frankscholten@apache.org,1,0.01098901098901099,58.0,0.0,50.0,8.0,128.0,63.06339210599959,1,0,0.661398482245365,false
platforms/karaf/itests/src/test/java/org/apache/whirr/karaf/itest/integration/WhirrKarafZookeeperServiceTest.java,24.0,16.0,6.0,4.0,18.0,13.0,0.0,asavu@apache.org,0,0.0,0.0,0.0,0.0,0.0,0.0,0.0,0,0,0.0,false
platforms/karaf/itests/src/test/java/org/apache/whirr/karaf/itest/integration/WhirrLiveTestSupport.java,47.0,10.0,2.0,4.0,19.0,12.0,0.0,asavu@apache.org,0,0.0,0.0,0.0,0.0,0.0,0.0,0.0,0,0,0.0,false
services/cassandra/src/main/java/org/apache/whirr/service/cassandra/CassandraClusterActionHandler.java,87.0,18.0,53.0,11.0,52.0,31.0,0.0,tomwhite@apache.org,0,0.0,0.0,0.0,0.0,0.0,0.0,0.0,0,0,0.0,false
services/cassandra/src/test/java/org/apache/whirr/service/cassandra/CassandraServiceDryRunTest.java,11.0,5.0,3.0,3.0,3.0,6.0,60.0,kve@apache.org,2,0.02197802197802198,100.0,0.0,0.0,0.0,887.3290653008962,5124.105876570171,2,0,1.5418923875260155,false
services/cdh-oldtests/src/test/java/org/apache/whirr/service/cdh/integration/Cdh3HBaseServiceTest.java,39.0,15.0,0.0,3.0,18.0,8.0,0.0,tomwhite@apache.org,0,0.0,0.0,0.0,0.0,0.0,0.0,0.0,0,0,0.0,false
services/cdh-oldtests/src/test/java/org/apache/whirr/service/cdh/integration/Cdh3HadoopServiceTest.java,98.0,41.0,37.0,10.0,52.0,29.0,0.0,tomwhite@apache.org,0,0.0,0.0,0.0,0.0,0.0,0.0,0.0,0,0,0.0,false
services/cdh-oldtests/src/test/java/org/apache/whirr/service/cdh/integration/Cdh3ZooKeeperServiceTest.java,54.0,18.0,0.0,3.0,13.0,10.0,0.0,tomwhite@apache.org,0,0.0,0.0,0.0,0.0,0.0,0.0,0.0,0,0,0.0,false
services/cdh/src/test/java/org/apache/whirr/service/cdh/integration/CdhHBaseServiceTest.java,39.0,16.0,0.0,3.0,18.0,8.0,3.0,tomwhite@apache.org,1,0.01098901098901099,14.0,0.0,0.0,0.0,128.0,63.06339210599959,1,0,0.661398482245365,false
services/cdh/src/test/java/org/apache/whirr/service/cdh/integration/CdhHadoopServiceTest.java,98.0,42.0,37.0,10.0,52.0,29.0,0.0,tomwhite@apache.org,0,0.0,0.0,0.0,0.0,0.0,0.0,0.0,0,0,0.0,false
services/cdh/src/test/java/org/apache/whirr/service/cdh/integration/CdhYarnServiceTest.java,17.0,6.0,1.0,2.0,6.0,6.0,0.0,tomwhite@apache.org,0,0.0,0.0,0.0,0.0,0.0,0.0,0.0,0,0,0.0,false
services/cdh/src/test/java/org/apache/whirr/service/cdh/integration/CdhZooKeeperServiceTest.java,54.0,19.0,0.0,3.0,13.0,10.0,0.0,tomwhite@apache.org,0,0.0,0.0,0.0,0.0,0.0,0.0,0.0,0,0,0.0,false
services/chef/src/test/java/org/apache/whirr/service/chef/ChefServiceDryRunTest.java,47.0,13.0,21.0,7.0,32.0,15.0,60.0,asavu@apache.org,2,0.02197802197802198,33.0,0.0,0.0,0.0,887.3290653008962,5124.105876570171,2,0,1.5418923875260155,false
services/chef/src/test/java/org/apache/whirr/service/chef/RecipeTest.java,26.0,3.0,6.0,4.0,10.0,5.0,80.0,asavu@apache.org,1,0.01098901098901099,50.0,0.0,0.0,0.0,700.056338028169,4972.296656679632,1,0,1.0360919316867756,false
services/elasticsearch/src/main/java/org/apache/whirr/service/elasticsearch/ElasticSearchHandler.java,32.0,9.0,13.0,6.0,27.0,17.0,0.0,asavu@apache.org,0,0.0,0.0,0.0,0.0,0.0,0.0,0.0,0,0,0.0,false
services/hadoop/src/main/java/org/apache/whirr/service/hadoop/HadoopCluster.java,27.0,7.0,10.0,5.0,14.0,15.0,0.0,tomwhite@apache.org,0,0.0,0.0,0.0,0.0,0.0,0.0,0.0,0,0,0.0,false
services/hadoop/src/main/java/org/apache/whirr/service/hadoop/HadoopClusterActionHandler.java,52.0,19.0,28.0,8.0,38.0,22.0,41.0,asavu@apache.org,1,0.01098901098901099,7.0,0.0,0.0,0.0,187.27272727272725,151.80921989053888,1,0,3.4339872044851463,false
services/hadoop/src/main/java/org/apache/whirr/service/hadoop/HadoopConfigurationBuilder.java,67.0,15.0,33.0,10.0,37.0,32.0,4.0,tomwhite@apache.org,1,0.01098901098901099,8.0,0.0,0.0,0.0,700.056338028169,4972.296656679632,1,0,1.0360919316867756,false
services/hadoop/src/main/java/org/apache/whirr/service/hadoop/HadoopConfigurationConverter.java,70.0,17.0,13.0,6.0,32.0,17.0,0.0,asavu@apache.org,0,0.0,0.0,0.0,0.0,0.0,0.0,0.0,0,0,0.0,false
services/hadoop/src/main/java/org/apache/whirr/service/hadoop/HadoopNameNodeClusterActionHandler.java,71.0,15.0,17.0,7.0,49.0,18.0,0.0,tomwhite@apache.org,0,0.0,0.0,0.0,0.0,0.0,0.0,0.0,0,0,0.0,false
services/hadoop/src/test/java/org/apache/whirr/service/hadoop/HadoopConfigurationBuilderTest.java,91.0,27.0,0.0,9.0,51.0,20.0,80.0,tomwhite@apache.org,1,0.01098901098901099,9.0,0.0,0.0,0.0,700.056338028169,4972.296656679632,1,1,1.0360919316867756,false
services/hadoop/src/test/java/org/apache/whirr/service/hadoop/HadoopDryRunTest.java,11.0,7.0,3.0,3.0,4.0,6.0,41.0,kve@apache.org,1,0.01098901098901099,100.0,0.0,0.0,0.0,187.27272727272725,151.80921989053888,1,0,3.4339872044851463,false
services/hama/src/main/java/org/apache/whirr/service/hama/HamaClusterActionHandler.java,21.0,6.0,1.0,2.0,8.0,6.0,0.0,asavu@apache.org,0,0.0,0.0,0.0,0.0,0.0,0.0,0.0,0,0,0.0,false
services/hama/src/main/java/org/apache/whirr/service/hama/HamaGroomServerClusterActionHandler.java,21.0,10.0,0.0,2.0,17.0,5.0,0.0,asavu@apache.org,0,0.0,0.0,0.0,0.0,0.0,0.0,0.0,0,0,0.0,false
services/hama/src/main/java/org/apache/whirr/service/hama/HamaMasterClusterActionHandler.java,93.0,19.0,10.0,8.0,56.0,20.0,0.0,asavu@apache.org,0,0.0,0.0,0.0,0.0,0.0,0.0,0.0,0,0,0.0,false
services/hama/src/test/java/org/apache/whirr/service/hama/integration/HamaServiceController.java,75.0,13.0,7.0,7.0,25.0,23.0,0.0,iocanel@apache.org,0,0.0,0.0,0.0,0.0,0.0,0.0,0.0,0,0,0.0,false
services/hama/src/test/java/org/apache/whirr/service/hama/integration/HamaServiceTest.java,37.0,21.0,0.0,3.0,24.0,7.0,0.0,frankscholten@apache.org,0,0.0,0.0,0.0,0.0,0.0,0.0,0.0,0,0,0.0,false
services/hbase/src/main/java/org/apache/whirr/service/hbase/BasicServerClusterActionHandler.java,40.0,10.0,0.0,4.0,27.0,10.0,0.0,asavu@apache.org,0,0.0,0.0,0.0,0.0,0.0,0.0,0.0,0,1,0.0,false
services/hbase/src/main/java/org/apache/whirr/service/hbase/HBaseClusterActionHandler.java,28.0,9.0,6.0,4.0,9.0,10.0,41.0,tomwhite@apache.org,1,0.01098901098901099,14.0,0.0,0.0,0.0,187.27272727272725,151.80921989053888,1,0,3.4339872044851463,false
services/hbase/src/main/java/org/apache/whirr/service/hbase/HBaseMasterClusterActionHandler.java,104.0,24.0,20.0,9.0,71.0,24.0,41.0,asavu@apache.org,1,0.01098901098901099,4.0,0.0,0.0,0.0,187.27272727272725,151.80921989053888,1,1,3.4339872044851463,false
services/hbase/src/main/java/org/apache/whirr/service/hbase/HBaseRegionServerClusterActionHandler.java,35.0,15.0,1.0,3.0,32.0,9.0,41.0,asavu@apache.org,1,0.01098901098901099,4.0,0.0,0.0,0.0,187.27272727272725,151.80921989053888,1,1,3.4339872044851463,false
services/pig/src/main/java/org/apache/whirr/service/pig/PigClientClusterActionHandler.java,18.0,5.0,1.0,2.0,6.0,5.0,0.0,andrew.bayer@gmail.com,0,0.0,0.0,0.0,0.0,0.0,0.0,0.0,0,0,0.0,false
services/pig/src/test/java/org/apache/whirr/service/pig/integration/PigServiceTest.java,45.0,26.0,0.0,5.0,29.0,17.0,0.0,asavu@apache.org,0,0.0,0.0,0.0,0.0,0.0,0.0,0.0,0,0,0.0,false
services/puppet/src/test/java/org/apache/whirr/service/puppet/PuppetClusterActionHandlerFactoryTest.java,8.0,3.0,1.0,2.0,6.0,3.0,80.0,adriancole@apache.org,1,0.01098901098901099,33.0,0.0,0.0,0.0,700.056338028169,4972.296656679632,1,0,1.0360919316867756,false
services/voldemort/src/main/java/org/apache/whirr/service/voldemort/VoldemortClusterActionHandler.java,61.0,29.0,34.0,9.0,49.0,22.0,0.0,asavu@apache.org,0,0.0,0.0,0.0,0.0,0.0,0.0,0.0,0,0,0.0,false
services/yarn/src/main/java/org/apache/whirr/service/yarn/MapReduceJobHistoryServerHandler.java,11.0,5.0,1.0,2.0,5.0,5.0,0.0,andrew.bayer@gmail.com,0,0.0,0.0,0.0,0.0,0.0,0.0,0.0,0,0,0.0,false
services/yarn/src/main/java/org/apache/whirr/service/yarn/YarnConfigurationBuilder.java,23.0,12.0,3.0,3.0,12.0,10.0,0.0,iocanel@apache.org,0,0.0,0.0,0.0,0.0,0.0,0.0,0.0,0,0,0.0,false
services/yarn/src/main/java/org/apache/whirr/service/yarn/YarnHandler.java,24.0,6.0,10.0,5.0,11.0,12.0,0.0,tomwhite@apache.org,0,0.0,0.0,0.0,0.0,0.0,0.0,0.0,0,0,0.0,false
services/yarn/src/main/java/org/apache/whirr/service/yarn/YarnNodeManagerHandler.java,22.0,11.0,0.0,2.0,17.0,6.0,0.0,andrew.bayer@gmail.com,0,0.0,0.0,0.0,0.0,0.0,0.0,0.0,0,0,0.0,false
services/yarn/src/main/java/org/apache/whirr/service/yarn/YarnResourceManagerHandler.java,70.0,16.0,22.0,8.0,44.0,19.0,0.0,andrew.bayer@gmail.com,0,0.0,0.0,0.0,0.0,0.0,0.0,0.0,0,0,0.0,false
services/yarn/src/test/java/org/apache/whirr/service/yarn/integration/AbstractHadoopServiceTest.java,40.0,23.0,0.0,4.0,22.0,7.0,0.0,tomwhite@apache.org,0,0.0,0.0,0.0,0.0,0.0,0.0,0.0,0,0,0.0,false
services/yarn/src/test/java/org/apache/whirr/service/yarn/integration/HadoopServiceController.java,105.0,20.0,13.0,10.0,34.0,35.0,0.0,tomwhite@apache.org,0,0.0,0.0,0.0,0.0,0.0,0.0,0.0,0,0,0.0,false
services/yarn/src/test/java/org/apache/whirr/service/yarn/integration/YarnServiceTest.java,6.0,1.0,0.0,1.0,2.0,3.0,0.0,tomwhite@apache.org,0,0.0,0.0,0.0,0.0,0.0,0.0,0.0,0,0,0.0,false
services/zookeeper/src/main/java/org/apache/whirr/service/zookeeper/ZooKeeperClusterActionHandler.java,98.0,17.0,141.0,18.0,73.0,54.0,0.0,asavu@apache.org,0,0.0,0.0,0.0,0.0,0.0,0.0,0.0,0,0,0.0,false
