name,LOC,CBO,LCOM,NOM,RFC,WMC,ACS,Ownership,numOfChanges,numberOfFIChanges,ENH,NF,BugFixing,REF,structuralWorkloadSum,semanticWorkloadSum,numberOfDeveloper,pastFaults,MAF,isBuggy
cli/src/main/java/org/apache/whirr/cli/command/ListProvidersCommand.java,90.0,13.0,43.0,10.0,50.0,22.0,18.0,adriancole@apache.org,1,0.007936507936507936,25.0,0.0,0.0,0.0,1047.741935483871,5943.865903769158,1,0,1.5040773967762742,false
cli/src/main/java/org/apache/whirr/cli/command/RunScriptCommand.java,91.0,28.0,45.0,10.0,49.0,31.0,18.0,asavu@apache.org,1,0.007936507936507936,9.0,0.0,0.0,0.0,1047.741935483871,5943.865903769158,1,1,1.5040773967762742,false
cli/src/test/java/org/apache/whirr/cli/command/LaunchClusterCommandTest.java,85.0,23.0,6.0,4.0,80.0,10.0,14.0,tomwhite@apache.org,1,0.007936507936507936,12.0,6.0,0.0,0.0,1047.741935483871,5943.865903769158,1,1,1.5040773967762742,false
core/src/main/java/org/apache/whirr/ByonClusterController.java,65.0,22.0,45.0,10.0,41.0,29.0,18.0,asavu@apache.org,1,0.007936507936507936,25.0,0.0,12.0,0.0,1047.741935483871,5943.865903769158,1,1,1.5811527366899032,false
core/src/main/java/org/apache/whirr/Cluster.java,117.0,18.0,0.0,9.0,9.0,15.0,2.0,tomwhite@apache.org,0,0.0,0.0,0.0,0.0,0.0,0.0,0.0,0,1,1.5040773967762742,false
core/src/main/java/org/apache/whirr/ClusterController.java,205.0,34.0,382.0,33.0,111.0,99.0,11.0,asavu@apache.org,2,0.015873015873015872,9.0,0.0,0.0,0.0,1049.741935483871,5950.793939114382,2,2,1.4373117004640128,false
core/src/main/java/org/apache/whirr/ClusterSpec.java,617.0,31.0,5602.0,109.0,312.0,220.0,10.0,asavu@apache.org,3,0.023809523809523808,17.0,6.0,0.0,0.0,1985.50320869342,9802.221089775814,3,3,0.05327237669235019,false
core/src/main/java/org/apache/whirr/actions/BootstrapClusterAction.java,57.0,30.0,13.0,6.0,40.0,13.0,9.0,asavu@apache.org,2,0.015873015873015872,25.0,0.0,0.0,0.0,1049.741935483871,5950.793939114382,2,0,1.285150884646584,false
core/src/main/java/org/apache/whirr/actions/ByonClusterAction.java,89.0,40.0,4.0,5.0,53.0,13.0,12.0,asavu@apache.org,2,0.015873015873015872,22.0,0.0,0.0,0.0,1049.741935483871,5950.793939114382,2,0,1.4373117004640128,false
core/src/main/java/org/apache/whirr/actions/ScriptBasedClusterAction.java,156.0,42.0,127.0,18.0,93.0,49.0,22.0,asavu@apache.org,2,0.015873015873015872,12.0,6.0,0.0,0.0,1509.4342431761786,6539.721089775814,2,0,0.6365141682948128,false
core/src/main/java/org/apache/whirr/compute/BootstrapTemplate.java,70.0,28.0,36.0,9.0,60.0,25.0,12.0,asavu@apache.org,2,0.015873015873015872,38.0,0.0,0.0,0.0,1523.8109010011124,9206.365903769158,2,0,0.4151774214310504,false
core/src/main/java/org/apache/whirr/compute/StartupProcess.java,107.0,17.0,0.0,11.0,33.0,31.0,0.0,asavu@apache.org,0,0.0,0.0,0.0,0.0,0.0,0.0,0.0,0,0,0.0,false
core/src/main/java/org/apache/whirr/net/FastDnsResolver.java,52.0,15.0,4.0,4.0,15.0,13.0,0.0,asavu@apache.org,0,0.0,0.0,0.0,0.0,0.0,0.0,0.0,0,1,0.0,false
core/src/main/java/org/apache/whirr/service/BlobStoreContextBuilder.java,120.0,38.0,1.0,2.0,2.0,4.0,10.0,asavu@apache.org,1,0.007936507936507936,27.0,9.0,0.0,0.0,1047.741935483871,5943.865903769158,1,0,1.5040773967762742,false
core/src/main/java/org/apache/whirr/service/ComputeCache.java,0.0,0.0,0.0,0.0,0.0,0.0,13.0,asavu@apache.org,1,0.007936507936507936,21.0,5.0,0.0,0.0,1047.741935483871,5943.865903769158,1,0,1.5040773967762742,false
core/src/main/java/org/apache/whirr/service/DryRunModule.java,165.0,46.0,6.0,4.0,7.0,9.0,19.0,asavu@apache.org,1,0.007936507936507936,25.0,0.0,0.0,0.0,1047.741935483871,5943.865903769158,1,0,1.5040773967762742,false
core/src/main/java/org/apache/whirr/service/FirewallManager.java,136.0,23.0,9.0,7.0,33.0,23.0,23.0,asavu@apache.org,2,0.015873015873015872,8.0,8.0,0.0,0.0,1509.4342431761786,6539.721089775814,2,0,0.4643566259363562,false
core/src/main/java/org/apache/whirr/service/jclouds/TemplateBuilderStrategy.java,30.0,5.0,1.0,2.0,14.0,5.0,8.0,tomwhite@apache.org,3,0.023809523809523808,27.0,0.0,0.0,0.0,1565.8109010011124,9227.370195422069,3,1,0.174416047921516,false
core/src/main/java/org/apache/whirr/service/jclouds/VariablesToExport.java,57.0,11.0,0.0,5.0,33.0,13.0,10.0,tomwhite@apache.org,2,0.015873015873015872,50.0,0.0,0.0,0.0,1523.8109010011124,9206.365903769158,2,0,0.4054651081081644,false
core/src/main/java/org/apache/whirr/util/Tarball.java,70.0,9.0,3.0,3.0,15.0,12.0,0.0,frankscholten@apache.org,0,0.0,0.0,0.0,0.0,0.0,0.0,0.0,0,0,0.0,false
core/src/main/java/org/apache/whirr/util/Utils.java,28.0,9.0,1.0,2.0,12.0,7.0,8.0,tomwhite@apache.org,2,0.015873015873015872,29.0,0.0,0.0,0.0,1089.741935483871,5964.870195422069,2,1,0.8675632284814614,false
core/src/test/java/org/apache/whirr/ClusterSpecTest.java,229.0,26.0,325.0,26.0,155.0,53.0,9.0,asavu@apache.org,2,0.015873015873015872,25.0,5.0,0.0,0.0,1523.8109010011124,9206.365903769158,2,1,0.4151774214310504,false
core/src/test/java/org/apache/whirr/actions/BootstrapClusterActionTest.java,272.0,52.0,6.0,4.0,99.0,14.0,13.0,asavu@apache.org,2,0.015873015873015872,21.0,0.0,0.0,0.0,1523.8109010011124,9206.365903769158,2,0,0.6365141682948128,false
core/src/test/java/org/apache/whirr/compute/BootstrapTemplateTest.java,55.0,28.0,17.0,7.0,38.0,21.0,18.0,adriancole@apache.org,2,0.015873015873015872,50.0,0.0,0.0,0.0,1523.8109010011124,9206.365903769158,2,0,0.6365141682948128,false
core/src/test/java/org/apache/whirr/service/TemplateBuilderStrategyTest.java,53.0,13.0,0.0,7.0,46.0,15.0,19.0,tomwhite@apache.org,2,0.015873015873015872,22.0,0.0,0.0,0.0,1523.8109010011124,9206.365903769158,2,1,0.4643566259363562,false
core/src/test/java/org/apache/whirr/service/jclouds/StatementBuilderTest.java,44.0,10.0,3.0,3.0,35.0,6.0,18.0,tomwhite@apache.org,1,0.007936507936507936,12.0,0.0,0.0,0.0,1047.741935483871,5943.865903769158,1,0,1.5040773967762742,false
core/src/test/java/org/apache/whirr/service/jclouds/integration/FirewallManagerTest.java,30.0,16.0,1.0,3.0,16.0,9.0,23.0,andrew.bayer@gmail.com,2,0.015873015873015872,17.0,17.0,0.0,0.0,1509.4342431761786,6539.721089775814,2,0,0.4643566259363562,false
platforms/karaf/itests/src/test/java/org/apache/whirr/karaf/itest/WhirrKarafTestSupport.java,198.0,31.0,99.0,15.0,70.0,52.0,0.0,frankscholten@apache.org,0,0.0,0.0,0.0,0.0,0.0,0.0,0.0,0,4,0.0,false
platforms/karaf/itests/src/test/java/org/apache/whirr/karaf/itest/WhirrServicesTest.java,40.0,12.0,3.0,3.0,13.0,9.0,53.0,frankscholten@apache.org,1,0.007936507936507936,8.0,0.0,0.0,0.0,1047.741935483871,5943.865903769158,1,6,1.5040773967762742,false
services/cassandra/src/main/java/org/apache/whirr/service/cassandra/CassandraClusterActionHandler.java,87.0,18.0,53.0,11.0,52.0,31.0,32.0,tomwhite@apache.org,2,0.015873015873015872,6.0,11.0,6.0,0.0,1509.4342431761786,6539.721089775814,2,0,0.4643566259363562,false
services/cdh/src/test/java/org/apache/whirr/service/cdh/integration/CdhHBaseServiceTest.java,39.0,17.0,0.0,3.0,18.0,8.0,0.0,tomwhite@apache.org,0,0.0,0.0,0.0,0.0,0.0,0.0,0.0,0,0,0.0,false
services/cdh/src/test/java/org/apache/whirr/service/cdh/integration/CdhHadoopServiceTest.java,98.0,42.0,37.0,10.0,52.0,29.0,2.0,tomwhite@apache.org,1,0.007936507936507936,12.0,0.0,0.0,0.0,42.0,21.00429165291074,1,0,1.5040773967762742,false
services/chef/src/main/java/org/apache/whirr/service/chef/ChefClusterActionHandler.java,63.0,8.0,23.0,10.0,29.0,25.0,32.0,andrew.bayer@gmail.com,2,0.015873015873015872,33.0,67.0,33.0,0.0,1509.4342431761786,6539.721089775814,2,0,0.4643566259363562,false
services/chef/src/test/java/org/apache/whirr/service/chef/integration/ChefServiceTest.java,91.0,28.0,16.0,9.0,45.0,27.0,36.0,andrew.bayer@gmail.com,1,0.007936507936507936,25.0,25.0,25.0,0.0,1047.741935483871,5943.865903769158,1,0,1.5040773967762742,false
services/elasticsearch/src/main/java/org/apache/whirr/service/elasticsearch/ElasticSearchConfigurationBuilder.java,103.0,17.0,36.0,9.0,47.0,28.0,19.0,tomwhite@apache.org,0,0.0,20.0,0.0,20.0,0.0,0.0,0.0,0,1,3.044522437723423,false
services/elasticsearch/src/main/java/org/apache/whirr/service/elasticsearch/ElasticSearchHandler.java,34.0,9.0,13.0,6.0,27.0,17.0,32.0,asavu@apache.org,2,0.015873015873015872,10.0,20.0,10.0,0.0,1509.4342431761786,6539.721089775814,2,0,0.4643566259363562,false
services/elasticsearch/src/test/java/org/apache/whirr/service/elasticsearch/ElasticSearchConfigurationBuilderTest.java,43.0,15.0,6.0,4.0,35.0,8.0,0.0,tomwhite@apache.org,0,0.0,0.0,0.0,0.0,0.0,0.0,0.0,0,1,0.0,false
services/ganglia/src/main/java/org/apache/whirr/service/ganglia/GangliaMetadClusterActionHandler.java,54.0,17.0,24.0,9.0,37.0,25.0,32.0,andrew.bayer@gmail.com,2,0.015873015873015872,25.0,50.0,25.0,0.0,1509.4342431761786,6539.721089775814,2,0,0.4643566259363562,false
services/ganglia/src/main/java/org/apache/whirr/service/ganglia/GangliaMonitorClusterActionHandler.java,53.0,18.0,24.0,9.0,37.0,25.0,32.0,andrew.bayer@gmail.com,2,0.015873015873015872,25.0,50.0,25.0,0.0,1509.4342431761786,6539.721089775814,2,0,0.4643566259363562,false
services/hadoop/src/main/java/org/apache/whirr/service/hadoop/HadoopClusterActionHandler.java,66.0,21.0,36.0,9.0,50.0,26.0,25.0,asavu@apache.org,3,0.023809523809523808,20.0,13.0,13.0,0.0,1985.50320869342,9802.221089775814,3,0,0.15632070561319833,false
services/hadoop/src/main/java/org/apache/whirr/service/hadoop/HadoopConfigurationBuilder.java,83.0,20.0,54.0,12.0,46.0,37.0,18.0,tomwhite@apache.org,1,0.007936507936507936,17.0,0.0,8.0,0.0,476.0689655172414,3262.5,1,0,1.2345791464099305,false
services/hadoop/src/main/java/org/apache/whirr/service/hadoop/HadoopProxy.java,48.0,11.0,6.0,5.0,24.0,16.0,7.0,tomwhite@apache.org,1,0.007936507936507936,5.0,0.0,0.0,0.0,476.0689655172414,3262.5,1,1,0.8109302162163288,false
services/hadoop/src/main/java/org/apache/whirr/service/hadoop/VolumeManager.java,28.0,7.0,1.0,2.0,13.0,8.0,17.0,graham.gear@gmail.com,1,0.007936507936507936,50.0,0.0,0.0,0.0,476.0689655172414,3262.5,1,0,0.8109302162163288,false
services/hadoop/src/test/java/org/apache/whirr/service/hadoop/HadoopConfigurationBuilderTest.java,93.0,29.0,0.0,9.0,59.0,20.0,17.0,tomwhite@apache.org,1,0.007936507936507936,9.0,0.0,0.0,0.0,476.0689655172414,3262.5,1,1,0.8109302162163288,false
services/hama/src/main/java/org/apache/whirr/service/hama/HamaClusterActionHandler.java,22.0,6.0,1.0,2.0,8.0,6.0,36.0,asavu@apache.org,1,0.007936507936507936,20.0,20.0,20.0,0.0,1047.741935483871,5943.865903769158,1,0,1.5040773967762742,false
services/hama/src/main/java/org/apache/whirr/service/hama/HamaGroomServerClusterActionHandler.java,22.0,10.0,0.0,2.0,17.0,5.0,32.0,asavu@apache.org,2,0.015873015873015872,17.0,33.0,17.0,0.0,1509.4342431761786,6539.721089775814,2,0,0.4643566259363562,false
services/hama/src/main/java/org/apache/whirr/service/hama/HamaMasterClusterActionHandler.java,94.0,19.0,10.0,8.0,56.0,20.0,32.0,asavu@apache.org,2,0.015873015873015872,17.0,33.0,17.0,0.0,1509.4342431761786,6539.721089775814,2,0,0.4643566259363562,false
services/hbase-oldtests/src/test/java/org/apache/whirr/service/hbase/integration/HBase090ServiceTest.java,6.0,1.0,0.0,1.0,2.0,3.0,18.0,abayer@apache.org,1,0.007936507936507936,100.0,0.0,0.0,100.0,476.0689655172414,3262.5,1,0,0.8109302162163288,false
services/hbase-oldtests/src/test/java/org/apache/whirr/service/hbase/integration/HBase090SingleNodeServiceTest.java,6.0,1.0,0.0,1.0,2.0,3.0,18.0,abayer@apache.org,1,0.007936507936507936,100.0,0.0,0.0,100.0,476.0689655172414,3262.5,1,0,0.8109302162163288,false
services/hbase-oldtests/src/test/java/org/apache/whirr/service/hbase/integration/HBaseOldServiceController.java,99.0,27.0,2.0,9.0,35.0,32.0,18.0,abayer@apache.org,1,0.007936507936507936,100.0,0.0,0.0,100.0,476.0689655172414,3262.5,1,0,0.8109302162163288,false
services/hbase-oldtests/src/test/java/org/apache/whirr/service/hbase/integration/HBaseOldServiceTest.java,36.0,14.0,0.0,2.0,17.0,5.0,18.0,abayer@apache.org,1,0.007936507936507936,100.0,0.0,0.0,100.0,476.0689655172414,3262.5,1,0,0.8109302162163288,false
services/hbase/src/main/java/org/apache/whirr/service/hbase/BasicServerClusterActionHandler.java,42.0,10.0,0.0,4.0,27.0,10.0,32.0,asavu@apache.org,2,0.015873015873015872,5.0,10.0,5.0,0.0,1509.4342431761786,6539.721089775814,2,1,0.4643566259363562,false
services/hbase/src/main/java/org/apache/whirr/service/hbase/HBaseMasterClusterActionHandler.java,106.0,24.0,20.0,9.0,71.0,24.0,27.0,asavu@apache.org,2,0.015873015873015872,8.0,8.0,8.0,0.0,1509.4342431761786,6539.721089775814,2,1,0.6878977282372323,false
services/hbase/src/main/java/org/apache/whirr/service/hbase/HBaseRegionServerClusterActionHandler.java,37.0,15.0,1.0,3.0,32.0,9.0,27.0,asavu@apache.org,2,0.015873015873015872,8.0,8.0,8.0,0.0,1509.4342431761786,6539.721089775814,2,1,0.6878977282372323,false
services/hbase/src/test/java/org/apache/whirr/service/hbase/integration/HBase092ServiceTest.java,6.0,1.0,0.0,1.0,2.0,3.0,18.0,tomwhite@apache.org,1,0.007936507936507936,50.0,0.0,0.0,50.0,476.0689655172414,3262.5,1,0,0.8109302162163288,false
services/hbase/src/test/java/org/apache/whirr/service/hbase/integration/HBase092SingleNodeServiceTest.java,6.0,1.0,0.0,1.0,2.0,3.0,18.0,tomwhite@apache.org,1,0.007936507936507936,50.0,0.0,0.0,50.0,476.0689655172414,3262.5,1,0,0.8109302162163288,false
services/hbase/src/test/java/org/apache/whirr/service/hbase/integration/HBaseServiceController.java,99.0,28.0,2.0,9.0,36.0,32.0,8.0,tomwhite@apache.org,1,0.007936507936507936,11.0,0.0,0.0,0.0,476.0689655172414,3262.5,1,1,0.8109302162163288,false
services/hbase/src/test/java/org/apache/whirr/service/hbase/integration/HBaseServiceTest.java,39.0,15.0,1.0,3.0,19.0,7.0,8.0,tomwhite@apache.org,1,0.007936507936507936,12.0,0.0,0.0,0.0,476.0689655172414,3262.5,1,1,0.8109302162163288,false
services/mahout/src/main/java/org/apache/whirr/service/mahout/MahoutClientClusterActionHandler.java,19.0,5.0,1.0,2.0,6.0,5.0,32.0,andrew.bayer@gmail.com,2,0.015873015873015872,33.0,67.0,33.0,0.0,1509.4342431761786,6539.721089775814,2,0,0.4643566259363562,false
services/puppet/src/main/java/org/apache/whirr/service/puppet/PuppetInstallClusterActionHandler.java,15.0,4.0,1.0,2.0,2.0,5.0,36.0,andrew.bayer@gmail.com,1,0.007936507936507936,25.0,25.0,25.0,0.0,1047.741935483871,5943.865903769158,1,0,1.5040773967762742,false
services/puppet/src/test/java/org/apache/whirr/service/puppet/integration/PuppetServiceTest.java,27.0,17.0,1.0,3.0,5.0,9.0,18.0,andrew.bayer@gmail.com,1,0.007936507936507936,25.0,0.0,0.0,0.0,1047.741935483871,5943.865903769158,1,0,1.5040773967762742,false
services/solr/src/main/java/org/apache/whirr/service/solr/SolrClusterActionHandler.java,98.0,19.0,4.0,8.0,58.0,23.0,28.0,andrew.bayer@gmail.com,1,0.007936507936507936,0.0,33.0,0.0,0.0,461.6923076923076,595.8551860066565,1,0,0.8109302162163288,false
services/solr/src/test/java/org/apache/whirr/service/solr/integration/SolrServiceTest.java,51.0,25.0,0.0,3.0,23.0,11.0,0.0,frankscholten@apache.org,0,0.0,0.0,0.0,0.0,0.0,0.0,0.0,0,0,0.0,false
services/voldemort/src/main/java/org/apache/whirr/service/voldemort/VoldemortClusterActionHandler.java,64.0,29.0,34.0,9.0,49.0,22.0,32.0,asavu@apache.org,2,0.015873015873015872,10.0,20.0,10.0,0.0,1509.4342431761786,6539.721089775814,2,0,0.4643566259363562,false
services/yarn/src/main/java/org/apache/whirr/service/yarn/YarnHandler.java,25.0,6.0,10.0,5.0,11.0,12.0,7.0,tomwhite@apache.org,1,0.007936507936507936,50.0,0.0,0.0,0.0,476.0689655172414,3262.5,1,0,0.8109302162163288,false
services/yarn/src/main/java/org/apache/whirr/service/yarn/YarnNodeManagerHandler.java,26.0,12.0,0.0,2.0,18.0,7.0,15.0,andrew.bayer@gmail.com,2,0.015873015873015872,33.0,33.0,0.0,0.0,937.761273209549,3858.3551860066564,2,0,0.11778303565638348,false
services/zookeeper/src/main/java/org/apache/whirr/service/zookeeper/ZooKeeperClusterActionHandler.java,100.0,17.0,141.0,18.0,73.0,54.0,32.0,asavu@apache.org,2,0.015873015873015872,4.0,8.0,4.0,0.0,1509.4342431761786,6539.721089775814,2,0,0.4643566259363562,false
