name,LOC,CBO,LCOM,NOM,RFC,WMC,ACS,Ownership,numOfChanges,numberOfFIChanges,ENH,NF,BugFixing,REF,structuralWorkloadSum,semanticWorkloadSum,numberOfDeveloper,pastFaults,MAF,isBuggy
cli/src/main/java/org/apache/whirr/cli/command/ListClusterCommand.java,38.0,13.0,10.0,5.0,26.0,13.0,0.0,tomwhite@apache.org,0,0.0,0.0,0.0,0.0,0.0,0.0,0.0,0,2,0.0,false
cli/src/test/java/org/apache/whirr/cli/command/ListClusterCommandTest.java,38.0,27.0,3.0,3.0,43.0,8.0,0.0,tomwhite@apache.org,0,0.0,0.0,0.0,0.0,0.0,0.0,0.0,0,2,0.0,false
core/src/main/java/org/apache/whirr/ClusterSpec.java,648.0,36.0,6279.0,115.0,316.0,229.0,0.0,asavu@apache.org,0,0.0,0.0,0.0,0.0,0.0,0.0,0.0,0,4,0.0,false
core/src/main/java/org/apache/whirr/service/BlobStoreContextBuilder.java,114.0,37.0,1.0,2.0,2.0,4.0,0.0,asavu@apache.org,0,0.0,0.0,0.0,0.0,0.0,0.0,0.0,0,0,0.0,false
core/src/main/java/org/apache/whirr/service/ClusterActionHandlerListener.java,15.0,0.0,1.0,2.0,0.0,3.0,0.0,andrew.bayer@gmail.com,0,0.0,0.0,0.0,0.0,0.0,0.0,0.0,0,0,0.0,false
core/src/main/java/org/apache/whirr/service/ClusterActionHandlerSupport.java,217.0,17.0,496.0,32.0,79.0,92.0,0.0,tomwhite@apache.org,0,0.0,0.0,0.0,0.0,0.0,0.0,0.0,0,0,0.0,false
core/src/main/java/org/apache/whirr/service/ComputeCache.java,0.0,0.0,0.0,0.0,0.0,0.0,0.0,asavu@apache.org,0,0.0,0.0,0.0,0.0,0.0,0.0,0.0,0,0,0.0,false
core/src/main/java/org/apache/whirr/service/DryRunModule.java,167.0,45.0,3.0,3.0,9.0,5.0,0.0,asavu@apache.org,0,0.0,0.0,0.0,0.0,0.0,0.0,0.0,0,0,0.0,false
core/src/test/java/org/apache/whirr/service/DryRunModuleTest.java,141.0,23.0,10.0,5.0,61.0,15.0,0.0,asavu@apache.org,0,0.0,0.0,0.0,0.0,0.0,0.0,0.0,0,0,0.0,false
services/chef/src/test/java/org/apache/whirr/service/chef/integration/ChefServiceTest.java,91.0,28.0,16.0,9.0,46.0,27.0,0.0,andrew.bayer@gmail.com,0,0.0,0.0,0.0,0.0,0.0,0.0,0.0,0,1,0.0,false
services/druid/src/main/java/org/apache/whirr/service/druid/DruidBrokerClusterActionHandler.java,13.0,0.0,1.0,2.0,0.0,4.0,26.0,andrew.bayer@gmail.com,1,0.07692307692307693,0.0,100.0,0.0,0.0,33.6,95.01853219076895,1,0,0.40546510810816444,false
services/druid/src/main/java/org/apache/whirr/service/druid/DruidCluster.java,22.0,3.0,1.0,2.0,3.0,6.0,26.0,andrew.bayer@gmail.com,1,0.07692307692307693,0.0,100.0,0.0,0.0,33.6,95.01853219076895,1,0,0.40546510810816444,false
services/druid/src/main/java/org/apache/whirr/service/druid/DruidClusterActionHandler.java,81.0,15.0,53.0,11.0,53.0,31.0,26.0,andrew.bayer@gmail.com,1,0.07692307692307693,0.0,100.0,0.0,0.0,33.6,95.01853219076895,1,0,0.40546510810816444,false
services/druid/src/main/java/org/apache/whirr/service/druid/DruidComputeClusterActionHandler.java,10.0,0.0,1.0,2.0,0.0,4.0,26.0,andrew.bayer@gmail.com,1,0.07692307692307693,0.0,100.0,0.0,0.0,33.6,95.01853219076895,1,0,0.40546510810816444,false
services/druid/src/main/java/org/apache/whirr/service/druid/DruidMasterClusterActionHandler.java,10.0,0.0,1.0,2.0,0.0,4.0,26.0,andrew.bayer@gmail.com,1,0.07692307692307693,0.0,100.0,0.0,0.0,33.6,95.01853219076895,1,0,0.40546510810816444,false
services/druid/src/main/java/org/apache/whirr/service/druid/DruidMySQLClusterActionHandler.java,18.0,5.0,6.0,4.0,4.0,10.0,26.0,andrew.bayer@gmail.com,1,0.07692307692307693,0.0,100.0,0.0,0.0,33.6,95.01853219076895,1,0,0.40546510810816444,false
services/druid/src/main/java/org/apache/whirr/service/druid/DruidRealtimeClusterActionHandler.java,10.0,0.0,1.0,2.0,0.0,4.0,26.0,andrew.bayer@gmail.com,1,0.07692307692307693,0.0,100.0,0.0,0.0,33.6,95.01853219076895,1,0,0.40546510810816444,false
services/druid/src/main/java/org/apache/whirr/service/druid/osgi/Activator.java,62.0,11.0,0.0,2.0,6.0,10.0,26.0,andrew.bayer@gmail.com,1,0.07692307692307693,0.0,100.0,0.0,0.0,33.6,95.01853219076895,1,0,0.40546510810816444,false
services/druid/src/main/java/org/apache/whirr/service/druid/osgi/package-info.java,0.0,0.0,0.0,0.0,0.0,0.0,26.0,andrew.bayer@gmail.com,1,0.07692307692307693,0.0,100.0,0.0,0.0,33.6,95.01853219076895,1,0,0.40546510810816444,false
services/druid/src/main/java/org/apache/whirr/service/druid/package-info.java,0.0,0.0,0.0,0.0,0.0,0.0,26.0,andrew.bayer@gmail.com,1,0.07692307692307693,0.0,100.0,0.0,0.0,33.6,95.01853219076895,1,0,0.40546510810816444,false
services/druid/src/test/java/org/apache/whirr/service/druid/integration/DruidServiceTest.java,61.0,20.0,2.0,4.0,24.0,15.0,26.0,andrew.bayer@gmail.com,1,0.07692307692307693,0.0,100.0,0.0,0.0,33.6,95.01853219076895,1,0,0.40546510810816444,false
services/puppet/src/test/java/org/apache/whirr/service/puppet/integration/PuppetServiceTest.java,27.0,18.0,1.0,3.0,11.0,9.0,0.0,andrew.bayer@gmail.com,0,0.0,0.0,0.0,0.0,0.0,0.0,0.0,0,0,0.0,false
services/solr/src/main/java/org/apache/whirr/service/solr/SolrClusterActionHandler.java,102.0,20.0,12.0,9.0,63.0,25.0,0.0,andrew.bayer@gmail.com,0,0.0,0.0,0.0,0.0,0.0,0.0,0.0,0,0,0.0,false
