name,LOC,CBO,LCOM,NOM,RFC,WMC,ACS,Ownership,numOfChanges,numberOfFIChanges,ENH,NF,BugFixing,REF,structuralWorkloadSum,semanticWorkloadSum,numberOfDeveloper,pastFaults,MAF,isBuggy
src/java/com/cloudera/sqoop/ConnFactory.java,10.0,1.0,0.0,1.0,0.0,1.0,0.0,abayer@apache.org,0,0.0,0.0,0.0,0.0,0.0,0.0,0.0,0,1,0.0,false
src/java/com/cloudera/sqoop/Sqoop.java,32.0,3.0,21.0,7.0,4.0,10.0,0.0,abayer@apache.org,0,0.0,0.0,0.0,0.0,0.0,0.0,0.0,0,4,0.0,false
src/java/com/cloudera/sqoop/SqoopOptions.java,55.0,1.0,10.0,5.0,3.0,8.0,0.0,abayer@apache.org,0,0.0,0.0,0.0,0.0,0.0,0.0,0.0,0,10,0.0,false
src/java/com/cloudera/sqoop/cli/RelatedOptions.java,11.0,0.0,1.0,2.0,0.0,2.0,0.0,arvind@apache.org,0,0.0,0.0,0.0,0.0,0.0,0.0,0.0,0,0,0.0,false
src/java/com/cloudera/sqoop/cli/SqoopParser.java,5.0,0.0,0.0,0.0,0.0,0.0,14.0,arvind@apache.org,0,0.0,0.0,0.0,0.0,0.0,0.0,0.0,0,0,0.0,false
src/java/com/cloudera/sqoop/cli/ToolOptions.java,5.0,0.0,0.0,0.0,0.0,0.0,0.0,arvind@apache.org,0,0.0,0.0,0.0,0.0,0.0,0.0,0.0,0,0,0.0,false
src/java/com/cloudera/sqoop/config/ConfigurationConstants.java,16.0,0.0,0.0,1.0,0.0,1.0,0.0,arvind@apache.org,0,0.0,0.0,0.0,0.0,0.0,0.0,0.0,0,1,0.0,false
src/java/com/cloudera/sqoop/config/ConfigurationHelper.java,52.0,4.0,120.0,16.0,15.0,30.0,16.0,arvind@apache.org,0,0.0,0.0,0.0,0.0,0.0,0.0,0.0,0,1,0.0,false
src/java/com/cloudera/sqoop/hbase/HBasePutProcessor.java,9.0,0.0,0.0,0.0,0.0,0.0,0.0,arvind@apache.org,0,0.0,0.0,0.0,0.0,0.0,0.0,0.0,0,1,0.0,false
src/java/com/cloudera/sqoop/hbase/HBaseUtil.java,16.0,0.0,3.0,3.0,2.0,6.0,0.0,arvind@apache.org,0,0.0,0.0,0.0,0.0,0.0,0.0,0.0,0,0,0.0,false
src/java/com/cloudera/sqoop/hbase/PutTransformer.java,5.0,0.0,0.0,0.0,0.0,0.0,0.0,arvind@apache.org,0,0.0,0.0,0.0,0.0,0.0,0.0,0.0,0,1,0.0,false
src/java/com/cloudera/sqoop/hbase/ToStringPutTransformer.java,5.0,0.0,0.0,0.0,0.0,0.0,0.0,arvind@apache.org,0,0.0,0.0,0.0,0.0,0.0,0.0,0.0,0,1,0.0,false
src/java/com/cloudera/sqoop/hive/HiveImport.java,8.0,3.0,0.0,1.0,0.0,1.0,0.0,arvind@apache.org,0,0.0,0.0,0.0,0.0,0.0,0.0,0.0,0,2,0.0,false
src/java/com/cloudera/sqoop/hive/HiveTypes.java,13.0,0.0,3.0,3.0,2.0,5.0,0.0,arvind@apache.org,0,0.0,0.0,0.0,0.0,0.0,0.0,0.0,0,0,0.0,false
src/java/com/cloudera/sqoop/hive/TableDefWriter.java,11.0,3.0,1.0,2.0,1.0,3.0,11.0,arvind@apache.org,0,0.0,0.0,0.0,0.0,0.0,0.0,0.0,0,2,0.0,false
src/java/com/cloudera/sqoop/io/CodecMap.java,39.0,3.0,10.0,5.0,4.0,15.0,7.0,arvind@apache.org,1,0.012987012987012988,17.0,0.0,0.0,0.0,60.72727272727273,244.93563065824608,1,0,1.5198257537444133,false
src/java/com/cloudera/sqoop/io/FixedLengthInputStream.java,10.0,1.0,0.0,1.0,0.0,1.0,0.0,arvind@apache.org,0,0.0,0.0,0.0,0.0,0.0,0.0,0.0,0,0,0.0,false
src/java/com/cloudera/sqoop/io/LobFile.java,71.0,4.0,15.0,6.0,5.0,24.0,0.0,arvind@apache.org,0,0.0,0.0,0.0,0.0,0.0,0.0,0.0,0,0,0.0,false
src/java/com/cloudera/sqoop/io/LobReaderCache.java,27.0,4.0,1.0,2.0,1.0,6.0,0.0,arvind@apache.org,0,0.0,0.0,0.0,0.0,0.0,0.0,0.0,0,0,0.0,false
src/java/com/cloudera/sqoop/io/NamedFifo.java,13.0,1.0,1.0,2.0,0.0,4.0,0.0,arvind@apache.org,0,0.0,0.0,0.0,0.0,0.0,0.0,0.0,0,1,0.0,false
src/java/com/cloudera/sqoop/io/SplittableBufferedWriter.java,13.0,0.0,1.0,2.0,0.0,2.0,0.0,arvind@apache.org,0,0.0,0.0,0.0,0.0,0.0,0.0,0.0,0,0,0.0,false
src/java/com/cloudera/sqoop/io/SplittingOutputStream.java,11.0,5.0,0.0,1.0,0.0,2.0,0.0,arvind@apache.org,0,0.0,0.0,0.0,0.0,0.0,0.0,0.0,0,0,0.0,false
src/java/com/cloudera/sqoop/io/UnsupportedCodecException.java,16.0,0.0,3.0,3.0,0.0,3.0,0.0,arvind@apache.org,0,0.0,0.0,0.0,0.0,0.0,0.0,0.0,0,0,0.0,false
src/java/com/cloudera/sqoop/lib/BigDecimalSerializer.java,17.0,5.0,3.0,3.0,2.0,6.0,0.0,arvind@apache.org,0,0.0,0.0,0.0,0.0,0.0,0.0,0.0,0,0,0.0,false
src/java/com/cloudera/sqoop/lib/BlobRef.java,31.0,1.0,6.0,4.0,1.0,8.0,0.0,arvind@apache.org,0,0.0,0.0,0.0,0.0,0.0,0.0,0.0,0,1,0.0,false
src/java/com/cloudera/sqoop/lib/BooleanParser.java,15.0,0.0,1.0,2.0,1.0,4.0,0.0,arvind@apache.org,0,0.0,0.0,0.0,0.0,0.0,0.0,0.0,0,0,0.0,false
src/java/com/cloudera/sqoop/lib/ClobRef.java,30.0,0.0,6.0,4.0,1.0,6.0,0.0,arvind@apache.org,0,0.0,0.0,0.0,0.0,0.0,0.0,0.0,0,0,0.0,false
src/java/com/cloudera/sqoop/lib/DelimiterSet.java,45.0,0.0,3.0,3.0,1.0,8.0,0.0,arvind@apache.org,0,0.0,0.0,0.0,0.0,0.0,0.0,0.0,0,0,0.0,false
src/java/com/cloudera/sqoop/lib/FieldFormatter.java,36.0,0.0,6.0,4.0,3.0,9.0,1.0,arvind@apache.org,0,0.0,0.0,0.0,0.0,0.0,0.0,0.0,0,0,0.0,false
src/java/com/cloudera/sqoop/lib/FieldMapProcessor.java,7.0,0.0,0.0,0.0,0.0,0.0,0.0,arvind@apache.org,0,0.0,0.0,0.0,0.0,0.0,0.0,0.0,0,1,0.0,false
src/java/com/cloudera/sqoop/lib/FieldMappable.java,7.0,0.0,0.0,0.0,0.0,0.0,0.0,arvind@apache.org,0,0.0,0.0,0.0,0.0,0.0,0.0,0.0,0,1,0.0,false
src/java/com/cloudera/sqoop/lib/JdbcWritableBridge.java,89.0,8.0,351.0,27.0,26.0,66.0,0.0,arvind@apache.org,0,0.0,0.0,0.0,0.0,0.0,0.0,0.0,0,0,0.0,false
src/java/com/cloudera/sqoop/lib/LargeObjectLoader.java,17.0,3.0,0.0,1.0,0.0,3.0,0.0,abayer@apache.org,0,0.0,0.0,0.0,0.0,0.0,0.0,0.0,0,0,0.0,false
src/java/com/cloudera/sqoop/lib/LobRef.java,18.0,2.0,3.0,3.0,0.0,3.0,0.0,arvind@apache.org,0,0.0,0.0,0.0,0.0,0.0,0.0,0.0,0,0,0.0,false
src/java/com/cloudera/sqoop/lib/LobSerializer.java,21.0,3.0,10.0,5.0,4.0,11.0,0.0,arvind@apache.org,0,0.0,0.0,0.0,0.0,0.0,0.0,0.0,0,0,0.0,false
src/java/com/cloudera/sqoop/lib/ProcessingException.java,19.0,0.0,6.0,4.0,0.0,4.0,0.0,arvind@apache.org,0,0.0,0.0,0.0,0.0,0.0,0.0,0.0,0,1,0.0,false
src/java/com/cloudera/sqoop/lib/RecordParser.java,30.0,1.0,0.0,1.0,0.0,1.0,0.0,abayer@apache.org,0,0.0,0.0,0.0,0.0,0.0,0.0,0.0,0,0,0.0,false
src/java/com/cloudera/sqoop/lib/SqoopRecord.java,9.0,0.0,0.0,1.0,0.0,1.0,30.0,abayer@apache.org,0,0.0,0.0,0.0,0.0,0.0,0.0,0.0,0,1,0.0,false
src/java/com/cloudera/sqoop/manager/CatalogQueryManager.java,8.0,1.0,0.0,1.0,0.0,1.0,0.0,arvind@apache.org,0,0.0,0.0,0.0,0.0,0.0,0.0,0.0,0,0,0.0,false
src/java/com/cloudera/sqoop/manager/ConnManager.java,5.0,0.0,0.0,0.0,0.0,0.0,9.0,arvind@apache.org,0,0.0,0.0,0.0,0.0,0.0,0.0,0.0,0,2,0.0,false
src/java/com/cloudera/sqoop/manager/Db2Manager.java,8.0,1.0,0.0,1.0,0.0,1.0,0.0,blee@apache.org,0,0.0,0.0,0.0,0.0,0.0,0.0,0.0,0,0,0.0,false
src/java/com/cloudera/sqoop/manager/DefaultManagerFactory.java,5.0,0.0,0.0,0.0,0.0,0.0,0.0,abayer@apache.org,0,0.0,0.0,0.0,0.0,0.0,0.0,0.0,0,1,0.0,false
src/java/com/cloudera/sqoop/manager/DirectMySQLManager.java,8.0,1.0,0.0,1.0,0.0,1.0,0.0,abayer@apache.org,0,0.0,0.0,0.0,0.0,0.0,0.0,0.0,0,1,0.0,false
src/java/com/cloudera/sqoop/manager/DirectPostgresqlManager.java,8.0,1.0,0.0,1.0,0.0,1.0,1.0,abayer@apache.org,0,0.0,0.0,0.0,0.0,0.0,0.0,0.0,0,2,0.0,false
src/java/com/cloudera/sqoop/manager/ExportJobContext.java,11.0,1.0,1.0,2.0,0.0,3.0,0.0,abayer@apache.org,0,0.0,0.0,0.0,0.0,0.0,0.0,0.0,0,0,0.0,false
src/java/com/cloudera/sqoop/manager/GenericJdbcManager.java,8.0,1.0,0.0,1.0,0.0,1.0,0.0,arvind@apache.org,0,0.0,0.0,0.0,0.0,0.0,0.0,0.0,0,0,0.0,false
src/java/com/cloudera/sqoop/manager/HsqldbManager.java,8.0,1.0,0.0,1.0,0.0,1.0,0.0,abayer@apache.org,0,0.0,0.0,0.0,0.0,0.0,0.0,0.0,0,2,0.0,false
src/java/com/cloudera/sqoop/manager/ImportJobContext.java,11.0,2.0,1.0,2.0,0.0,3.0,0.0,abayer@apache.org,0,0.0,0.0,0.0,0.0,0.0,0.0,0.0,0,1,0.0,false
src/java/com/cloudera/sqoop/manager/InformationSchemaManager.java,8.0,1.0,0.0,1.0,0.0,2.0,0.0,arvind@apache.org,0,0.0,0.0,0.0,0.0,0.0,0.0,0.0,0,0,0.0,false
src/java/com/cloudera/sqoop/manager/ManagerFactory.java,5.0,0.0,0.0,0.0,0.0,0.0,0.0,abayer@apache.org,0,0.0,0.0,0.0,0.0,0.0,0.0,0.0,0,0,0.0,false
src/java/com/cloudera/sqoop/manager/MySQLManager.java,8.0,1.0,0.0,1.0,0.0,1.0,9.0,arvind@apache.org,0,0.0,0.0,0.0,0.0,0.0,0.0,0.0,0,1,0.0,false
src/java/com/cloudera/sqoop/manager/MySQLUtils.java,27.0,2.0,3.0,3.0,2.0,6.0,0.0,abayer@apache.org,0,0.0,0.0,0.0,0.0,0.0,0.0,0.0,0,1,0.0,false
src/java/com/cloudera/sqoop/manager/OracleManager.java,14.0,1.0,0.0,1.0,0.0,1.0,5.0,abayer@apache.org,0,0.0,0.0,0.0,0.0,0.0,0.0,0.0,0,7,0.0,false
src/java/com/cloudera/sqoop/manager/PostgresqlManager.java,11.0,1.0,1.0,2.0,0.0,2.0,0.0,abayer@apache.org,0,0.0,0.0,0.0,0.0,0.0,0.0,0.0,0,2,0.0,false
src/java/com/cloudera/sqoop/manager/SQLServerManager.java,8.0,1.0,0.0,1.0,0.0,1.0,0.0,arvind@apache.org,0,0.0,0.0,0.0,0.0,0.0,0.0,0.0,0,0,0.0,false
src/java/com/cloudera/sqoop/manager/SqlManager.java,9.0,1.0,0.0,1.0,0.0,1.0,9.0,abayer@apache.org,0,0.0,0.0,0.0,0.0,0.0,0.0,0.0,0,5,0.0,false
src/java/com/cloudera/sqoop/mapreduce/AsyncSqlOutputFormat.java,29.0,3.0,0.0,0.0,0.0,0.0,2.0,arvind@apache.org,1,0.012987012987012988,17.0,0.0,0.0,0.0,157.16666666666669,1339.8619047110687,1,1,0.6325225587435105,false
src/java/com/cloudera/sqoop/mapreduce/AsyncSqlRecordWriter.java,8.0,3.0,0.0,1.0,0.0,2.0,2.0,arvind@apache.org,1,0.012987012987012988,14.0,0.0,0.0,0.0,157.16666666666669,1339.8619047110687,1,2,0.6325225587435105,false
src/java/com/cloudera/sqoop/mapreduce/AutoProgressMapper.java,11.0,0.0,0.0,0.0,0.0,0.0,0.0,arvind@apache.org,0,0.0,0.0,0.0,0.0,0.0,0.0,0.0,0,0,0.0,false
src/java/com/cloudera/sqoop/mapreduce/AvroExportMapper.java,6.0,0.0,0.0,0.0,0.0,0.0,0.0,arvind@apache.org,0,0.0,0.0,0.0,0.0,0.0,0.0,0.0,0,0,0.0,false
src/java/com/cloudera/sqoop/mapreduce/AvroImportMapper.java,5.0,0.0,0.0,0.0,0.0,0.0,0.0,arvind@apache.org,0,0.0,0.0,0.0,0.0,0.0,0.0,0.0,0,0,0.0,false
src/java/com/cloudera/sqoop/mapreduce/AvroInputFormat.java,5.0,0.0,0.0,0.0,0.0,0.0,0.0,arvind@apache.org,0,0.0,0.0,0.0,0.0,0.0,0.0,0.0,0,0,0.0,false
src/java/com/cloudera/sqoop/mapreduce/AvroJob.java,14.0,2.0,3.0,3.0,2.0,4.0,7.0,arvind@apache.org,0,0.0,0.0,0.0,0.0,0.0,0.0,0.0,0,0,0.0,false
src/java/com/cloudera/sqoop/mapreduce/AvroOutputFormat.java,5.0,0.0,0.0,0.0,0.0,0.0,7.0,arvind@apache.org,0,0.0,0.0,0.0,0.0,0.0,0.0,0.0,0,0,0.0,false
src/java/com/cloudera/sqoop/mapreduce/AvroRecordReader.java,5.0,0.0,0.0,0.0,0.0,0.0,0.0,arvind@apache.org,0,0.0,0.0,0.0,0.0,0.0,0.0,0.0,0,0,0.0,false
src/java/com/cloudera/sqoop/mapreduce/CombineShimRecordReader.java,8.0,3.0,0.0,1.0,0.0,2.0,30.0,arvind@apache.org,1,0.012987012987012988,20.0,0.0,0.0,0.0,195.47368421052633,1600.9205841392102,1,1,1.6739764335716716,false
src/java/com/cloudera/sqoop/mapreduce/DataDrivenImportJob.java,11.0,3.0,1.0,2.0,0.0,2.0,22.0,abayer@apache.org,0,0.0,0.0,0.0,0.0,0.0,0.0,0.0,0,3,0.0,false
src/java/com/cloudera/sqoop/mapreduce/DelegatingOutputFormat.java,6.0,1.0,0.0,0.0,0.0,0.0,0.0,arvind@apache.org,0,0.0,0.0,0.0,0.0,0.0,0.0,0.0,0,1,0.0,false
src/java/com/cloudera/sqoop/mapreduce/ExportBatchOutputFormat.java,5.0,1.0,0.0,0.0,0.0,0.0,0.0,arvind@apache.org,0,0.0,0.0,0.0,0.0,0.0,0.0,0.0,0,0,0.0,false
src/java/com/cloudera/sqoop/mapreduce/ExportInputFormat.java,12.0,1.0,1.0,2.0,2.0,3.0,30.0,arvind@apache.org,0,0.0,0.0,0.0,0.0,0.0,0.0,0.0,0,1,0.0,false
src/java/com/cloudera/sqoop/mapreduce/ExportJobBase.java,20.0,7.0,6.0,4.0,2.0,8.0,0.0,arvind@apache.org,0,0.0,0.0,0.0,0.0,0.0,0.0,0.0,0,3,0.0,false
src/java/com/cloudera/sqoop/mapreduce/ExportOutputFormat.java,5.0,1.0,0.0,0.0,0.0,0.0,0.0,arvind@apache.org,0,0.0,0.0,0.0,0.0,0.0,0.0,0.0,0,2,0.0,false
src/java/com/cloudera/sqoop/mapreduce/HBaseImportJob.java,9.0,4.0,0.0,1.0,0.0,1.0,0.0,arvind@apache.org,0,0.0,0.0,0.0,0.0,0.0,0.0,0.0,0,2,0.0,false
src/java/com/cloudera/sqoop/mapreduce/HBaseImportMapper.java,5.0,0.0,0.0,0.0,0.0,0.0,0.0,arvind@apache.org,0,0.0,0.0,0.0,0.0,0.0,0.0,0.0,0,1,0.0,false
src/java/com/cloudera/sqoop/mapreduce/ImportJobBase.java,14.0,5.0,3.0,3.0,0.0,3.0,7.0,abayer@apache.org,0,0.0,0.0,0.0,0.0,0.0,0.0,0.0,0,3,0.0,false
src/java/com/cloudera/sqoop/mapreduce/JdbcExportJob.java,11.0,4.0,1.0,2.0,0.0,2.0,9.0,arvind@apache.org,0,0.0,0.0,0.0,0.0,0.0,0.0,0.0,0,0,0.0,false
src/java/com/cloudera/sqoop/mapreduce/JdbcUpdateExportJob.java,11.0,5.0,1.0,2.0,0.0,3.0,0.0,arvind@apache.org,0,0.0,0.0,0.0,0.0,0.0,0.0,0.0,0,1,0.0,false
src/java/com/cloudera/sqoop/mapreduce/JdbcUpsertExportJob.java,8.0,3.0,0.0,1.0,0.0,2.0,0.0,arvind@apache.org,0,0.0,0.0,0.0,0.0,0.0,0.0,0.0,0,0,0.0,false
src/java/com/cloudera/sqoop/mapreduce/JobBase.java,14.0,4.0,3.0,3.0,0.0,3.0,0.0,abayer@apache.org,0,0.0,0.0,0.0,0.0,0.0,0.0,0.0,0,4,0.0,false
src/java/com/cloudera/sqoop/mapreduce/MergeJob.java,12.0,1.0,0.0,1.0,0.0,1.0,0.0,arvind@apache.org,0,0.0,0.0,0.0,0.0,0.0,0.0,0.0,0,1,0.0,false
src/java/com/cloudera/sqoop/mapreduce/MergeMapperBase.java,5.0,0.0,0.0,0.0,0.0,0.0,0.0,arvind@apache.org,0,0.0,0.0,0.0,0.0,0.0,0.0,0.0,0,0,0.0,false
src/java/com/cloudera/sqoop/mapreduce/MergeRecord.java,11.0,1.0,1.0,2.0,0.0,2.0,0.0,arvind@apache.org,0,0.0,0.0,0.0,0.0,0.0,0.0,0.0,0,0,0.0,false
src/java/com/cloudera/sqoop/mapreduce/MergeRecordMapper.java,5.0,0.0,0.0,0.0,0.0,0.0,0.0,arvind@apache.org,0,0.0,0.0,0.0,0.0,0.0,0.0,0.0,0,0,0.0,false
src/java/com/cloudera/sqoop/mapreduce/MergeReducer.java,5.0,0.0,0.0,0.0,0.0,0.0,0.0,arvind@apache.org,0,0.0,0.0,0.0,0.0,0.0,0.0,0.0,0,0,0.0,false
src/java/com/cloudera/sqoop/mapreduce/MergeTextMapper.java,5.0,0.0,0.0,0.0,0.0,0.0,0.0,arvind@apache.org,0,0.0,0.0,0.0,0.0,0.0,0.0,0.0,0,0,0.0,false
src/java/com/cloudera/sqoop/mapreduce/MySQLDumpImportJob.java,8.0,2.0,0.0,1.0,0.0,2.0,30.0,abayer@apache.org,0,0.0,0.0,0.0,0.0,0.0,0.0,0.0,0,1,0.0,false
src/java/com/cloudera/sqoop/mapreduce/MySQLDumpInputFormat.java,5.0,0.0,0.0,0.0,0.0,0.0,0.0,arvind@apache.org,0,0.0,0.0,0.0,0.0,0.0,0.0,0.0,0,1,0.0,false
src/java/com/cloudera/sqoop/mapreduce/MySQLDumpMapper.java,21.0,2.0,0.0,0.0,0.0,0.0,1.0,arvind@apache.org,0,0.0,0.0,0.0,0.0,0.0,0.0,0.0,0,0,0.0,false
src/java/com/cloudera/sqoop/mapreduce/MySQLExportJob.java,8.0,1.0,0.0,1.0,0.0,1.0,30.0,arvind@apache.org,0,0.0,0.0,0.0,0.0,0.0,0.0,0.0,0,0,0.0,false
src/java/com/cloudera/sqoop/mapreduce/MySQLExportMapper.java,7.0,0.0,0.0,0.0,0.0,0.0,0.0,abayer@apache.org,0,0.0,0.0,0.0,0.0,0.0,0.0,0.0,0,0,0.0,false
src/java/com/cloudera/sqoop/mapreduce/MySQLRecordExportMapper.java,5.0,0.0,0.0,0.0,0.0,0.0,0.0,arvind@apache.org,0,0.0,0.0,0.0,0.0,0.0,0.0,0.0,0,0,0.0,false
src/java/com/cloudera/sqoop/mapreduce/MySQLTextExportMapper.java,5.0,0.0,0.0,0.0,0.0,0.0,0.0,arvind@apache.org,0,0.0,0.0,0.0,0.0,0.0,0.0,0.0,0,0,0.0,false
src/java/com/cloudera/sqoop/mapreduce/NullOutputCommitter.java,5.0,0.0,0.0,0.0,0.0,0.0,0.0,arvind@apache.org,0,0.0,0.0,0.0,0.0,0.0,0.0,0.0,0,1,0.0,false
src/java/com/cloudera/sqoop/mapreduce/OracleExportOutputFormat.java,5.0,1.0,0.0,0.0,0.0,0.0,0.0,arvind@apache.org,0,0.0,0.0,0.0,0.0,0.0,0.0,0.0,0,1,0.0,false
src/java/com/cloudera/sqoop/mapreduce/OracleUpsertOutputFormat.java,5.0,1.0,0.0,0.0,0.0,0.0,0.0,arvind@apache.org,0,0.0,0.0,0.0,0.0,0.0,0.0,0.0,0,0,0.0,false
src/java/com/cloudera/sqoop/mapreduce/RawKeyTextOutputFormat.java,13.0,1.0,0.0,0.0,0.0,0.0,0.0,arvind@apache.org,0,0.0,0.0,0.0,0.0,0.0,0.0,0.0,0,1,0.0,false
src/java/com/cloudera/sqoop/mapreduce/SQLServerExportOutputFormat.java,5.0,1.0,0.0,0.0,0.0,0.0,0.0,arvind@apache.org,0,0.0,0.0,0.0,0.0,0.0,0.0,0.0,0,0,0.0,false
src/java/com/cloudera/sqoop/mapreduce/SequenceFileExportMapper.java,5.0,0.0,0.0,0.0,0.0,0.0,0.0,arvind@apache.org,0,0.0,0.0,0.0,0.0,0.0,0.0,0.0,0,0,0.0,false
src/java/com/cloudera/sqoop/mapreduce/SequenceFileImportMapper.java,5.0,0.0,0.0,0.0,0.0,0.0,0.0,arvind@apache.org,0,0.0,0.0,0.0,0.0,0.0,0.0,0.0,0,0,0.0,false
src/java/com/cloudera/sqoop/mapreduce/TextExportMapper.java,5.0,0.0,0.0,0.0,0.0,0.0,0.0,arvind@apache.org,0,0.0,0.0,0.0,0.0,0.0,0.0,0.0,0,0,0.0,false
src/java/com/cloudera/sqoop/mapreduce/TextImportMapper.java,5.0,0.0,0.0,0.0,0.0,0.0,0.0,arvind@apache.org,0,0.0,0.0,0.0,0.0,0.0,0.0,0.0,0,0,0.0,false
src/java/com/cloudera/sqoop/mapreduce/UpdateOutputFormat.java,5.0,1.0,0.0,0.0,0.0,0.0,0.0,arvind@apache.org,0,0.0,0.0,0.0,0.0,0.0,0.0,0.0,0,1,0.0,false
src/java/com/cloudera/sqoop/mapreduce/db/BigDecimalSplitter.java,7.0,0.0,0.0,0.0,0.0,0.0,0.0,arvind@apache.org,0,0.0,0.0,0.0,0.0,0.0,0.0,0.0,0,1,0.0,false
src/java/com/cloudera/sqoop/mapreduce/db/BooleanSplitter.java,7.0,0.0,0.0,0.0,0.0,0.0,0.0,arvind@apache.org,0,0.0,0.0,0.0,0.0,0.0,0.0,0.0,0,0,0.0,false
src/java/com/cloudera/sqoop/mapreduce/db/DBConfiguration.java,120.0,1.0,10.0,5.0,4.0,5.0,22.0,abayer@apache.org,0,0.0,0.0,0.0,0.0,0.0,0.0,0.0,0,1,0.0,false
src/java/com/cloudera/sqoop/mapreduce/db/DBInputFormat.java,35.0,1.0,0.0,0.0,0.0,0.0,24.0,abayer@apache.org,1,0.012987012987012988,12.0,0.0,0.0,0.0,195.47368421052633,1600.9205841392102,1,3,1.6739764335716716,false
src/java/com/cloudera/sqoop/mapreduce/db/DBOutputFormat.java,20.0,4.0,0.0,0.0,0.0,0.0,24.0,arvind@apache.org,1,0.012987012987012988,14.0,0.0,0.0,0.0,195.47368421052633,1600.9205841392102,1,2,1.6739764335716716,false
src/java/com/cloudera/sqoop/mapreduce/db/DBRecordReader.java,14.0,4.0,0.0,1.0,0.0,3.0,15.0,arvind@apache.org,1,0.012987012987012988,11.0,0.0,0.0,0.0,195.47368421052633,1600.9205841392102,1,2,1.6739764335716716,false
src/java/com/cloudera/sqoop/mapreduce/db/DBSplitter.java,7.0,0.0,0.0,0.0,0.0,0.0,0.0,arvind@apache.org,0,0.0,0.0,0.0,0.0,0.0,0.0,0.0,0,0,0.0,false
src/java/com/cloudera/sqoop/mapreduce/db/DataDrivenDBInputFormat.java,50.0,3.0,3.0,3.0,3.0,3.0,30.0,arvind@apache.org,1,0.012987012987012988,9.0,0.0,0.0,0.0,195.47368421052633,1600.9205841392102,1,2,1.6739764335716716,false
src/java/com/cloudera/sqoop/mapreduce/db/DataDrivenDBRecordReader.java,14.0,4.0,0.0,1.0,0.0,3.0,24.0,arvind@apache.org,1,0.012987012987012988,17.0,0.0,0.0,0.0,195.47368421052633,1600.9205841392102,1,0,1.6739764335716716,false
src/java/com/cloudera/sqoop/mapreduce/db/DateSplitter.java,7.0,0.0,0.0,0.0,0.0,0.0,0.0,arvind@apache.org,0,0.0,0.0,0.0,0.0,0.0,0.0,0.0,0,1,0.0,false
src/java/com/cloudera/sqoop/mapreduce/db/FloatSplitter.java,7.0,0.0,0.0,0.0,0.0,0.0,0.0,arvind@apache.org,0,0.0,0.0,0.0,0.0,0.0,0.0,0.0,0,1,0.0,false
src/java/com/cloudera/sqoop/mapreduce/db/IntegerSplitter.java,8.0,1.0,0.0,0.0,0.0,0.0,0.0,abayer@apache.org,0,0.0,0.0,0.0,0.0,0.0,0.0,0.0,0,2,0.0,false
src/java/com/cloudera/sqoop/mapreduce/db/OracleDBRecordReader.java,22.0,4.0,1.0,2.0,1.0,4.0,24.0,arvind@apache.org,1,0.012987012987012988,20.0,0.0,0.0,0.0,195.47368421052633,1600.9205841392102,1,0,1.6739764335716716,false
src/java/com/cloudera/sqoop/mapreduce/db/OracleDataDrivenDBInputFormat.java,7.0,1.0,0.0,0.0,0.0,0.0,30.0,arvind@apache.org,1,0.012987012987012988,20.0,0.0,0.0,0.0,195.47368421052633,1600.9205841392102,1,1,1.6739764335716716,false
src/java/com/cloudera/sqoop/mapreduce/db/OracleDataDrivenDBRecordReader.java,10.0,4.0,0.0,1.0,0.0,2.0,30.0,arvind@apache.org,1,0.012987012987012988,25.0,0.0,0.0,0.0,195.47368421052633,1600.9205841392102,1,0,1.6739764335716716,false
src/java/com/cloudera/sqoop/mapreduce/db/OracleDateSplitter.java,7.0,0.0,0.0,0.0,0.0,0.0,0.0,arvind@apache.org,0,0.0,0.0,0.0,0.0,0.0,0.0,0.0,0,0,0.0,false
src/java/com/cloudera/sqoop/mapreduce/db/TextSplitter.java,7.0,0.0,0.0,0.0,0.0,0.0,0.0,abayer@apache.org,0,0.0,0.0,0.0,0.0,0.0,0.0,0.0,0,2,0.0,false
src/java/com/cloudera/sqoop/metastore/JobData.java,11.0,2.0,1.0,2.0,0.0,2.0,0.0,arvind@apache.org,0,0.0,0.0,0.0,0.0,0.0,0.0,0.0,0,0,0.0,false
src/java/com/cloudera/sqoop/metastore/JobStorage.java,5.0,0.0,0.0,0.0,0.0,0.0,0.0,arvind@apache.org,0,0.0,0.0,0.0,0.0,0.0,0.0,0.0,0,0,0.0,false
src/java/com/cloudera/sqoop/metastore/JobStorageFactory.java,9.0,1.0,0.0,1.0,0.0,1.0,3.0,arvind@apache.org,0,0.0,0.0,0.0,0.0,0.0,0.0,0.0,0,0,0.0,false
src/java/com/cloudera/sqoop/metastore/hsqldb/AutoHsqldbStorage.java,10.0,0.0,0.0,0.0,0.0,0.0,0.0,abayer@apache.org,0,0.0,0.0,0.0,0.0,0.0,0.0,0.0,0,2,0.0,false
src/java/com/cloudera/sqoop/metastore/hsqldb/HsqldbJobStorage.java,9.0,0.0,0.0,0.0,0.0,0.0,0.0,arvind@apache.org,0,0.0,0.0,0.0,0.0,0.0,0.0,0.0,0,0,0.0,false
src/java/com/cloudera/sqoop/metastore/hsqldb/HsqldbMetaStore.java,11.0,1.0,0.0,1.0,0.0,1.0,0.0,arvind@apache.org,0,0.0,0.0,0.0,0.0,0.0,0.0,0.0,0,1,0.0,false
src/java/com/cloudera/sqoop/orm/AvroSchemaGenerator.java,8.0,2.0,0.0,1.0,0.0,1.0,8.0,arvind@apache.org,0,0.0,0.0,0.0,0.0,0.0,0.0,0.0,0,0,0.0,false
src/java/com/cloudera/sqoop/orm/ClassWriter.java,59.0,3.0,6.0,4.0,3.0,10.0,8.0,abayer@apache.org,0,0.0,0.0,0.0,0.0,0.0,0.0,0.0,0,6,0.0,false
src/java/com/cloudera/sqoop/orm/CompilationManager.java,9.0,1.0,0.0,1.0,0.0,1.0,0.0,abayer@apache.org,0,0.0,0.0,0.0,0.0,0.0,0.0,0.0,0,2,0.0,false
src/java/com/cloudera/sqoop/orm/TableClassName.java,8.0,1.0,0.0,1.0,0.0,1.0,0.0,abayer@apache.org,0,0.0,0.0,0.0,0.0,0.0,0.0,0.0,0,0,0.0,false
src/java/com/cloudera/sqoop/tool/BaseSqoopTool.java,97.0,0.0,1.0,2.0,0.0,2.0,1.0,abayer@apache.org,0,0.0,0.0,0.0,0.0,0.0,0.0,0.0,0,10,0.0,false
src/java/com/cloudera/sqoop/tool/CodeGenTool.java,5.0,0.0,0.0,0.0,0.0,0.0,0.0,arvind@apache.org,0,0.0,0.0,0.0,0.0,0.0,0.0,0.0,0,0,0.0,false
src/java/com/cloudera/sqoop/tool/CreateHiveTableTool.java,5.0,0.0,0.0,0.0,0.0,0.0,0.0,arvind@apache.org,0,0.0,0.0,0.0,0.0,0.0,0.0,0.0,0,0,0.0,false
src/java/com/cloudera/sqoop/tool/EvalSqlTool.java,5.0,0.0,0.0,0.0,0.0,0.0,0.0,abayer@apache.org,0,0.0,0.0,0.0,0.0,0.0,0.0,0.0,0,0,0.0,false
src/java/com/cloudera/sqoop/tool/ExportTool.java,5.0,0.0,0.0,0.0,0.0,0.0,0.0,arvind@apache.org,0,0.0,0.0,0.0,0.0,0.0,0.0,0.0,0,1,0.0,false
src/java/com/cloudera/sqoop/tool/HelpTool.java,5.0,0.0,0.0,0.0,0.0,0.0,0.0,arvind@apache.org,0,0.0,0.0,0.0,0.0,0.0,0.0,0.0,0,1,0.0,false
src/java/com/cloudera/sqoop/tool/ImportAllTablesTool.java,5.0,0.0,0.0,0.0,0.0,0.0,0.0,arvind@apache.org,0,0.0,0.0,0.0,0.0,0.0,0.0,0.0,0,0,0.0,false
src/java/com/cloudera/sqoop/tool/ImportTool.java,11.0,0.0,1.0,2.0,0.0,2.0,5.0,abayer@apache.org,0,0.0,0.0,0.0,0.0,0.0,0.0,0.0,0,5,0.0,false
src/java/com/cloudera/sqoop/tool/JobTool.java,5.0,0.0,0.0,0.0,0.0,0.0,0.0,arvind@apache.org,0,0.0,0.0,0.0,0.0,0.0,0.0,0.0,0,0,0.0,false
src/java/com/cloudera/sqoop/tool/ListDatabasesTool.java,5.0,0.0,0.0,0.0,0.0,0.0,0.0,arvind@apache.org,0,0.0,0.0,0.0,0.0,0.0,0.0,0.0,0,0,0.0,false
src/java/com/cloudera/sqoop/tool/ListTablesTool.java,5.0,0.0,0.0,0.0,0.0,0.0,0.0,arvind@apache.org,0,0.0,0.0,0.0,0.0,0.0,0.0,0.0,0,0,0.0,false
src/java/com/cloudera/sqoop/tool/MergeTool.java,5.0,0.0,0.0,0.0,0.0,0.0,0.0,arvind@apache.org,0,0.0,0.0,0.0,0.0,0.0,0.0,0.0,0,0,0.0,false
src/java/com/cloudera/sqoop/tool/MetastoreTool.java,5.0,0.0,0.0,0.0,0.0,0.0,0.0,arvind@apache.org,0,0.0,0.0,0.0,0.0,0.0,0.0,0.0,0,1,0.0,false
src/java/com/cloudera/sqoop/tool/SqoopTool.java,21.0,1.0,10.0,5.0,3.0,8.0,3.0,abayer@apache.org,0,0.0,0.0,0.0,0.0,0.0,0.0,0.0,0,3,0.0,false
src/java/com/cloudera/sqoop/tool/ToolDesc.java,8.0,0.0,0.0,1.0,0.0,1.0,0.0,arvind@apache.org,0,0.0,0.0,0.0,0.0,0.0,0.0,0.0,0,1,0.0,false
src/java/com/cloudera/sqoop/tool/ToolPlugin.java,5.0,0.0,0.0,0.0,0.0,0.0,0.0,arvind@apache.org,0,0.0,0.0,0.0,0.0,0.0,0.0,0.0,0,1,0.0,false
src/java/com/cloudera/sqoop/tool/VersionTool.java,5.0,0.0,0.0,0.0,0.0,0.0,0.0,olamy@apache.org,0,0.0,0.0,0.0,0.0,0.0,0.0,0.0,0,0,0.0,false
src/java/com/cloudera/sqoop/util/AppendUtils.java,8.0,1.0,0.0,1.0,0.0,1.0,0.0,arvind@apache.org,0,0.0,0.0,0.0,0.0,0.0,0.0,0.0,0,1,0.0,false
src/java/com/cloudera/sqoop/util/AsyncSink.java,5.0,0.0,0.0,0.0,0.0,0.0,0.0,arvind@apache.org,0,0.0,0.0,0.0,0.0,0.0,0.0,0.0,0,0,0.0,false
src/java/com/cloudera/sqoop/util/ClassLoaderStack.java,13.0,1.0,3.0,3.0,2.0,5.0,0.0,arvind@apache.org,0,0.0,0.0,0.0,0.0,0.0,0.0,0.0,0,0,0.0,false
src/java/com/cloudera/sqoop/util/DirectImportUtils.java,16.0,6.0,6.0,4.0,3.0,8.0,0.0,arvind@apache.org,0,0.0,0.0,0.0,0.0,0.0,0.0,0.0,0,0,0.0,false
src/java/com/cloudera/sqoop/util/ErrorableAsyncSink.java,5.0,0.0,0.0,0.0,0.0,0.0,0.0,arvind@apache.org,0,0.0,0.0,0.0,0.0,0.0,0.0,0.0,0,0,0.0,false
src/java/com/cloudera/sqoop/util/ErrorableThread.java,5.0,0.0,0.0,0.0,0.0,0.0,0.0,arvind@apache.org,0,0.0,0.0,0.0,0.0,0.0,0.0,0.0,0,0,0.0,false
src/java/com/cloudera/sqoop/util/Executor.java,19.0,3.0,10.0,5.0,4.0,12.0,0.0,arvind@apache.org,0,0.0,0.0,0.0,0.0,0.0,0.0,0.0,0,0,0.0,false
src/java/com/cloudera/sqoop/util/ExitSecurityException.java,14.0,0.0,3.0,3.0,0.0,3.0,0.0,arvind@apache.org,0,0.0,0.0,0.0,0.0,0.0,0.0,0.0,0,1,0.0,false
src/java/com/cloudera/sqoop/util/ExportException.java,17.0,0.0,6.0,4.0,0.0,4.0,0.0,arvind@apache.org,0,0.0,0.0,0.0,0.0,0.0,0.0,0.0,0,0,0.0,false
src/java/com/cloudera/sqoop/util/FileListing.java,16.0,4.0,6.0,4.0,3.0,8.0,0.0,arvind@apache.org,0,0.0,0.0,0.0,0.0,0.0,0.0,0.0,0,0,0.0,false
src/java/com/cloudera/sqoop/util/ImportException.java,17.0,0.0,6.0,4.0,0.0,4.0,0.0,arvind@apache.org,0,0.0,0.0,0.0,0.0,0.0,0.0,0.0,0,0,0.0,false
src/java/com/cloudera/sqoop/util/Jars.java,16.0,1.0,6.0,4.0,3.0,7.0,0.0,arvind@apache.org,0,0.0,0.0,0.0,0.0,0.0,0.0,0.0,0,1,0.0,false
src/java/com/cloudera/sqoop/util/JdbcUrl.java,16.0,0.0,6.0,4.0,3.0,7.0,0.0,arvind@apache.org,0,0.0,0.0,0.0,0.0,0.0,0.0,0.0,0,0,0.0,false
src/java/com/cloudera/sqoop/util/LoggingAsyncSink.java,8.0,1.0,0.0,1.0,0.0,1.0,0.0,arvind@apache.org,0,0.0,0.0,0.0,0.0,0.0,0.0,0.0,0,0,0.0,false
src/java/com/cloudera/sqoop/util/LoggingUtils.java,10.0,2.0,1.0,2.0,1.0,2.0,0.0,arvind@apache.org,0,0.0,0.0,0.0,0.0,0.0,0.0,0.0,0,1,0.0,false
src/java/com/cloudera/sqoop/util/NullAsyncSink.java,5.0,0.0,0.0,0.0,0.0,0.0,0.0,arvind@apache.org,0,0.0,0.0,0.0,0.0,0.0,0.0,0.0,0,0,0.0,false
src/java/com/cloudera/sqoop/util/OptionsFileUtil.java,11.0,2.0,1.0,2.0,1.0,4.0,0.0,arvind@apache.org,0,0.0,0.0,0.0,0.0,0.0,0.0,0.0,0,1,0.0,false
src/java/com/cloudera/sqoop/util/PerfCounters.java,8.0,0.0,0.0,1.0,0.0,1.0,0.0,arvind@apache.org,0,0.0,0.0,0.0,0.0,0.0,0.0,0.0,0,0,0.0,false
src/java/com/cloudera/sqoop/util/RandomHash.java,13.0,0.0,3.0,3.0,2.0,5.0,0.0,arvind@apache.org,0,0.0,0.0,0.0,0.0,0.0,0.0,0.0,0,0,0.0,false
src/java/com/cloudera/sqoop/util/ResultSetPrinter.java,5.0,0.0,0.0,0.0,0.0,0.0,0.0,arvind@apache.org,0,0.0,0.0,0.0,0.0,0.0,0.0,0.0,0,0,0.0,false
src/java/com/cloudera/sqoop/util/StoredAsProperty.java,0.0,0.0,0.0,0.0,0.0,0.0,0.0,arvind@apache.org,0,0.0,0.0,0.0,0.0,0.0,0.0,0.0,0,0,0.0,false
src/java/com/cloudera/sqoop/util/SubprocessSecurityManager.java,8.0,0.0,0.0,1.0,0.0,1.0,0.0,arvind@apache.org,0,0.0,0.0,0.0,0.0,0.0,0.0,0.0,0,1,0.0,false
src/java/com/cloudera/sqoop/util/TaskId.java,13.0,3.0,3.0,3.0,2.0,6.0,0.0,arvind@apache.org,0,0.0,0.0,0.0,0.0,0.0,0.0,0.0,0,1,0.0,false
src/java/org/apache/sqoop/ConnFactory.java,137.0,20.0,0.0,6.0,46.0,22.0,0.0,blee@apache.org,0,0.0,0.0,0.0,0.0,0.0,0.0,0.0,0,0,0.0,false
src/java/org/apache/sqoop/Sqoop.java,150.0,11.0,15.0,11.0,34.0,33.0,0.0,harishreedharan@gmail.com,0,0.0,0.0,0.0,0.0,0.0,0.0,0.0,0,0,0.0,false
src/java/org/apache/sqoop/SqoopOptions.java,1384.0,18.0,16684.0,188.0,165.0,395.0,0.0,jarcec@apache.org,0,0.0,0.0,0.0,0.0,0.0,0.0,0.0,0,0,0.0,false
src/java/org/apache/sqoop/cli/RelatedOptions.java,19.0,1.0,0.0,4.0,0.0,6.0,0.0,blee@apache.org,0,0.0,0.0,0.0,0.0,0.0,0.0,0.0,0,0,0.0,false
src/java/org/apache/sqoop/cli/SqoopParser.java,57.0,8.0,1.0,2.0,15.0,12.0,14.0,blee@apache.org,1,0.012987012987012988,50.0,0.0,0.0,0.0,157.16666666666669,1339.8619047110687,1,0,0.6325225587435105,false
src/java/org/apache/sqoop/cli/ToolOptions.java,96.0,9.0,25.0,10.0,19.0,26.0,0.0,blee@apache.org,0,0.0,0.0,0.0,0.0,0.0,0.0,0.0,0,0,0.0,false
src/java/org/apache/sqoop/config/ConfigurationConstants.java,43.0,0.0,0.0,1.0,0.0,1.0,0.0,jarcec@apache.org,0,0.0,0.0,0.0,0.0,0.0,0.0,0.0,0,0,0.0,false
src/java/org/apache/sqoop/config/ConfigurationHelper.java,118.0,9.0,136.0,17.0,21.0,48.0,16.0,arvind@apache.org,2,0.025974025974025976,50.0,25.0,0.0,0.0,256.20095693779905,1845.8562147974562,2,0,0.9037539130980973,false
src/java/org/apache/sqoop/hbase/HBasePutProcessor.java,61.0,12.0,2.0,5.0,11.0,14.0,0.0,jarcec@apache.org,0,0.0,0.0,0.0,0.0,0.0,0.0,0.0,0,0,0.0,false
src/java/org/apache/sqoop/hbase/HBaseUtil.java,26.0,0.0,1.0,3.0,1.0,9.0,0.0,arvind@apache.org,0,0.0,0.0,0.0,0.0,0.0,0.0,0.0,0,0,0.0,false
src/java/org/apache/sqoop/hbase/PutTransformer.java,37.0,4.0,6.0,5.0,0.0,10.0,0.0,arvind@apache.org,0,0.0,0.0,0.0,0.0,0.0,0.0,0.0,0,0,0.0,false
src/java/org/apache/sqoop/hbase/ToStringPutTransformer.java,43.0,10.0,1.0,3.0,16.0,11.0,0.0,jarcec@apache.org,0,0.0,0.0,0.0,0.0,0.0,0.0,0.0,0,0,0.0,false
src/java/org/apache/sqoop/hive/HiveImport.java,223.0,26.0,0.0,8.0,57.0,34.0,0.0,jarcec@apache.org,0,0.0,0.0,0.0,0.0,0.0,0.0,0.0,0,0,0.0,false
src/java/org/apache/sqoop/hive/HiveTypes.java,50.0,3.0,3.0,3.0,0.0,8.0,0.0,arvind@apache.org,0,0.0,0.0,0.0,0.0,0.0,0.0,0.0,0,0,0.0,false
src/java/org/apache/sqoop/hive/TableDefWriter.java,191.0,16.0,0.0,7.0,46.0,32.0,11.0,arvind@apache.org,2,0.025974025974025976,29.0,0.0,0.0,0.0,352.640350877193,2940.782488850279,2,0,0.4601023155976457,false
src/java/org/apache/sqoop/io/CodecMap.java,117.0,8.0,15.0,7.0,25.0,27.0,7.0,jarcec@apache.org,1,0.012987012987012988,50.0,0.0,0.0,0.0,60.72727272727273,244.93563065824608,1,0,1.5198257537444133,false
src/java/org/apache/sqoop/io/FixedLengthInputStream.java,47.0,5.0,13.0,7.0,9.0,22.0,0.0,blee@apache.org,0,0.0,0.0,0.0,0.0,0.0,0.0,0.0,0,0,0.0,false
src/java/org/apache/sqoop/io/LobFile.java,1137.0,45.0,15.0,6.0,8.0,26.0,0.0,blee@apache.org,0,0.0,0.0,0.0,0.0,0.0,0.0,0.0,0,0,0.0,false
src/java/org/apache/sqoop/io/LobReaderCache.java,71.0,9.0,0.0,5.0,15.0,18.0,0.0,blee@apache.org,0,0.0,0.0,0.0,0.0,0.0,0.0,0.0,0,0,0.0,false
src/java/org/apache/sqoop/io/NamedFifo.java,54.0,4.0,0.0,5.0,8.0,14.0,0.0,blee@apache.org,0,0.0,0.0,0.0,0.0,0.0,0.0,0.0,0,0,0.0,false
src/java/org/apache/sqoop/io/SplittableBufferedWriter.java,35.0,5.0,0.0,4.0,5.0,7.0,0.0,blee@apache.org,0,0.0,0.0,0.0,0.0,0.0,0.0,0.0,0,0,0.0,false
src/java/org/apache/sqoop/io/SplittingOutputStream.java,99.0,10.0,0.0,10.0,22.0,27.0,0.0,blee@apache.org,0,0.0,0.0,0.0,0.0,0.0,0.0,0.0,0,1,0.0,false
src/java/org/apache/sqoop/io/UnsupportedCodecException.java,14.0,1.0,3.0,3.0,0.0,3.0,0.0,blee@apache.org,0,0.0,0.0,0.0,0.0,0.0,0.0,0.0,0,0,0.0,false
src/java/org/apache/sqoop/lib/BigDecimalSerializer.java,36.0,6.0,3.0,3.0,14.0,11.0,0.0,blee@apache.org,0,0.0,0.0,0.0,0.0,0.0,0.0,0.0,0,0,0.0,false
src/java/org/apache/sqoop/lib/BlobRef.java,60.0,11.0,45.0,10.0,20.0,23.0,0.0,blee@apache.org,0,0.0,0.0,0.0,0.0,0.0,0.0,0.0,0,0,0.0,false
src/java/org/apache/sqoop/lib/BooleanParser.java,13.0,0.0,1.0,2.0,2.0,5.0,0.0,blee@apache.org,0,0.0,0.0,0.0,0.0,0.0,0.0,0.0,0,0,0.0,false
src/java/org/apache/sqoop/lib/ClobRef.java,53.0,8.0,45.0,10.0,10.0,21.0,0.0,arvind@apache.org,0,0.0,0.0,0.0,0.0,0.0,0.0,0.0,0,0,0.0,false
src/java/org/apache/sqoop/lib/DelimiterSet.java,132.0,0.0,23.0,18.0,3.0,44.0,0.0,arvind@apache.org,0,0.0,0.0,0.0,0.0,0.0,0.0,0.0,0,0,0.0,false
src/java/org/apache/sqoop/lib/FieldFormatter.java,79.0,1.0,6.0,4.0,11.0,11.0,1.0,jarcec@apache.org,1,0.012987012987012988,50.0,0.0,0.0,0.0,60.72727272727273,244.93563065824608,1,0,1.5198257537444133,false
src/java/org/apache/sqoop/lib/FieldMapProcessor.java,12.0,3.0,0.0,1.0,0.0,3.0,0.0,blee@apache.org,0,0.0,0.0,0.0,0.0,0.0,0.0,0.0,0,0,0.0,false
src/java/org/apache/sqoop/lib/FieldMappable.java,10.0,1.0,0.0,1.0,0.0,3.0,0.0,blee@apache.org,0,0.0,0.0,0.0,0.0,0.0,0.0,0.0,0,0,0.0,false
src/java/org/apache/sqoop/lib/JdbcWritableBridge.java,182.0,10.0,351.0,27.0,46.0,98.0,0.0,blee@apache.org,0,0.0,0.0,0.0,0.0,0.0,0.0,0.0,0,0,0.0,false
src/java/org/apache/sqoop/lib/LargeObjectLoader.java,206.0,16.0,0.0,12.0,48.0,47.0,0.0,abraham@elmahrek.com,0,0.0,0.0,0.0,0.0,0.0,0.0,0.0,0,0,0.0,false
src/java/org/apache/sqoop/lib/LobRef.java,193.0,17.0,111.0,22.0,38.0,60.0,0.0,blee@apache.org,0,0.0,0.0,0.0,0.0,0.0,0.0,0.0,0,0,0.0,false
src/java/org/apache/sqoop/lib/LobSerializer.java,23.0,3.0,10.0,5.0,4.0,11.0,0.0,blee@apache.org,0,0.0,0.0,0.0,0.0,0.0,0.0,0.0,0,0,0.0,false
src/java/org/apache/sqoop/lib/ProcessingException.java,21.0,0.0,10.0,5.0,1.0,6.0,0.0,blee@apache.org,0,0.0,0.0,0.0,0.0,0.0,0.0,0.0,0,0,0.0,false
src/java/org/apache/sqoop/lib/RecordParser.java,187.0,7.0,25.0,10.0,26.0,36.0,0.0,blee@apache.org,0,0.0,0.0,0.0,0.0,0.0,0.0,0.0,0,0,0.0,false
src/java/org/apache/sqoop/lib/SqoopRecord.java,72.0,9.0,136.0,17.0,3.0,46.0,30.0,arvind@apache.org,1,0.012987012987012988,50.0,0.0,0.0,0.0,195.47368421052633,1600.9205841392102,1,0,1.6739764335716716,false
src/java/org/apache/sqoop/manager/CatalogQueryManager.java,203.0,9.0,24.0,9.0,53.0,30.0,0.0,abhijeet@apache.org,0,0.0,0.0,0.0,0.0,0.0,0.0,0.0,0,0,0.0,false
src/java/org/apache/sqoop/manager/ConnManager.java,231.0,17.0,490.0,32.0,21.0,99.0,9.0,jarcec@apache.org,1,0.012987012987012988,6.0,0.0,0.0,0.0,195.47368421052633,1600.9205841392102,1,0,1.6739764335716716,false
src/java/org/apache/sqoop/manager/Db2Manager.java,60.0,12.0,6.0,4.0,14.0,12.0,0.0,abhijeet@apache.org,0,0.0,0.0,0.0,0.0,0.0,0.0,0.0,0,0,0.0,false
src/java/org/apache/sqoop/manager/DefaultManagerFactory.java,74.0,6.0,0.0,1.0,18.0,6.0,0.0,jarcec@apache.org,0,0.0,0.0,0.0,0.0,0.0,0.0,0.0,0,0,0.0,false
src/java/org/apache/sqoop/manager/DirectMySQLManager.java,53.0,11.0,6.0,4.0,15.0,12.0,0.0,cheolsoo@apache.org,0,0.0,0.0,0.0,0.0,0.0,0.0,0.0,0,0,0.0,false
src/java/org/apache/sqoop/manager/DirectPostgresqlManager.java,305.0,24.0,15.0,7.0,60.0,26.0,1.0,jarcec@apache.org,1,0.012987012987012988,18.0,0.0,9.0,0.0,157.16666666666669,1339.8619047110687,1,0,0.6325225587435105,false
src/java/org/apache/sqoop/manager/ExportJobContext.java,44.0,1.0,7.0,6.0,0.0,10.0,0.0,jarcec@apache.org,0,0.0,0.0,0.0,0.0,0.0,0.0,0.0,0,0,0.0,false
src/java/org/apache/sqoop/manager/GenericJdbcManager.java,38.0,5.0,7.0,6.0,4.0,16.0,0.0,jarcec@apache.org,0,0.0,0.0,0.0,0.0,0.0,0.0,0.0,0,0,0.0,false
src/java/org/apache/sqoop/manager/HsqldbManager.java,28.0,6.0,10.0,5.0,3.0,9.0,0.0,abe@apache.org,0,0.0,0.0,0.0,0.0,0.0,0.0,0.0,0,0,0.0,false
src/java/org/apache/sqoop/manager/ImportJobContext.java,66.0,5.0,20.0,9.0,0.0,18.0,0.0,jarcec@apache.org,0,0.0,0.0,0.0,0.0,0.0,0.0,0.0,0,0,0.0,false
src/java/org/apache/sqoop/manager/InformationSchemaManager.java,19.0,3.0,10.0,5.0,3.0,9.0,0.0,blee@apache.org,0,0.0,0.0,0.0,0.0,0.0,0.0,0.0,0,0,0.0,false
src/java/org/apache/sqoop/manager/ManagerFactory.java,16.0,3.0,1.0,2.0,2.0,6.0,0.0,blee@apache.org,0,0.0,0.0,0.0,0.0,0.0,0.0,0.0,0,0,0.0,false
src/java/org/apache/sqoop/manager/MySQLManager.java,127.0,11.0,52.0,12.0,25.0,34.0,9.0,jarcec@apache.org,1,0.012987012987012988,10.0,0.0,0.0,0.0,195.47368421052633,1600.9205841392102,1,0,1.6739764335716716,false
src/java/org/apache/sqoop/manager/MySQLUtils.java,43.0,12.0,3.0,3.0,8.0,8.0,0.0,kathleen@apache.org,0,0.0,0.0,0.0,0.0,0.0,0.0,0.0,0,0,0.0,false
src/java/org/apache/sqoop/manager/OracleManager.java,621.0,30.0,213.0,26.0,132.0,93.0,5.0,jarcec@apache.org,1,0.012987012987012988,14.0,0.0,0.0,0.0,195.47368421052633,1600.9205841392102,1,0,1.6739764335716716,false
src/java/org/apache/sqoop/manager/PostgresqlManager.java,65.0,6.0,103.0,15.0,11.0,33.0,0.0,cheolsoo@apache.org,0,0.0,0.0,0.0,0.0,0.0,0.0,0.0,0,0,0.0,false
src/java/org/apache/sqoop/manager/SQLServerManager.java,30.0,7.0,10.0,5.0,2.0,10.0,0.0,jarcec@apache.org,0,0.0,0.0,0.0,0.0,0.0,0.0,0.0,0,0,0.0,false
src/java/org/apache/sqoop/manager/SqlManager.java,716.0,38.0,406.0,37.0,191.0,134.0,9.0,jarcec@apache.org,1,0.012987012987012988,6.0,0.0,0.0,0.0,195.47368421052633,1600.9205841392102,1,0,1.6739764335716716,false
src/java/org/apache/sqoop/mapreduce/AsyncSqlOutputFormat.java,179.0,13.0,1.0,2.0,0.0,5.0,2.0,arvind@apache.org,0,0.0,0.0,0.0,0.0,0.0,0.0,0.0,0,0,0.0,false
src/java/org/apache/sqoop/mapreduce/AsyncSqlRecordWriter.java,121.0,14.0,18.0,9.0,23.0,29.0,2.0,arvind@apache.org,0,0.0,0.0,0.0,0.0,0.0,0.0,0.0,0,0,0.0,false
src/java/org/apache/sqoop/mapreduce/AutoProgressMapper.java,110.0,5.0,0.0,2.0,11.0,7.0,0.0,jarcec@apache.org,0,0.0,0.0,0.0,0.0,0.0,0.0,0.0,0,0,0.0,false
src/java/org/apache/sqoop/mapreduce/AvroExportMapper.java,129.0,24.0,8.0,5.0,40.0,23.0,0.0,arvind@apache.org,0,0.0,0.0,0.0,0.0,0.0,0.0,0.0,0,0,0.0,false
src/java/org/apache/sqoop/mapreduce/AvroImportMapper.java,52.0,18.0,4.0,4.0,17.0,11.0,0.0,jarcec@apache.org,0,0.0,0.0,0.0,0.0,0.0,0.0,0.0,0,0,0.0,false
src/java/org/apache/sqoop/mapreduce/AvroInputFormat.java,18.0,11.0,1.0,2.0,6.0,8.0,0.0,arvind@apache.org,0,0.0,0.0,0.0,0.0,0.0,0.0,0.0,0,0,0.0,false
src/java/org/apache/sqoop/mapreduce/AvroJob.java,27.0,2.0,2.0,4.0,6.0,6.0,7.0,arvind@apache.org,1,0.012987012987012988,50.0,0.0,0.0,0.0,60.72727272727273,244.93563065824608,1,0,1.5198257537444133,false
src/java/org/apache/sqoop/mapreduce/AvroOutputFormat.java,39.0,20.0,6.0,4.0,31.0,11.0,7.0,arvind@apache.org,1,0.012987012987012988,50.0,0.0,0.0,0.0,60.72727272727273,244.93563065824608,1,0,1.5198257537444133,false
src/java/org/apache/sqoop/mapreduce/AvroRecordReader.java,55.0,14.0,1.0,7.0,16.0,22.0,0.0,arvind@apache.org,0,0.0,0.0,0.0,0.0,0.0,0.0,0.0,0,0,0.0,false
src/java/org/apache/sqoop/mapreduce/CombineFileInputFormat.java,257.0,23.0,48.0,12.0,27.0,32.0,30.0,arvind@apache.org,1,0.012987012987012988,33.0,0.0,0.0,0.0,195.47368421052633,1600.9205841392102,1,0,1.6739764335716716,false
src/java/org/apache/sqoop/mapreduce/CombineFileRecordReader.java,102.0,5.0,0.0,8.0,25.0,32.0,30.0,arvind@apache.org,1,0.012987012987012988,50.0,0.0,0.0,0.0,195.47368421052633,1600.9205841392102,1,0,1.6739764335716716,false
src/java/org/apache/sqoop/mapreduce/CombineFileSplit.java,153.0,7.0,20.0,17.0,17.0,37.0,30.0,arvind@apache.org,1,0.012987012987012988,50.0,0.0,0.0,0.0,195.47368421052633,1600.9205841392102,1,0,1.6739764335716716,false
src/java/org/apache/sqoop/mapreduce/CombineShimRecordReader.java,61.0,12.0,0.0,8.0,17.0,25.0,30.0,arvind@apache.org,1,0.012987012987012988,50.0,0.0,0.0,0.0,195.47368421052633,1600.9205841392102,1,0,1.6739764335716716,false
src/java/org/apache/sqoop/mapreduce/DBWritable.java,17.0,3.0,1.0,2.0,0.0,4.0,30.0,arvind@apache.org,1,0.012987012987012988,100.0,0.0,0.0,0.0,195.47368421052633,1600.9205841392102,1,0,1.6739764335716716,false
src/java/org/apache/sqoop/mapreduce/DataDrivenImportJob.java,110.0,21.0,15.0,6.0,42.0,21.0,22.0,jarcec@apache.org,2,0.025974025974025976,10.0,0.0,0.0,0.0,352.640350877193,2940.782488850279,2,0,0.4601023155976457,false
src/java/org/apache/sqoop/mapreduce/DelegatingOutputFormat.java,54.0,12.0,3.0,3.0,2.0,10.0,0.0,arvind@apache.org,0,0.0,0.0,0.0,0.0,0.0,0.0,0.0,0,0,0.0,false
src/java/org/apache/sqoop/mapreduce/ExportBatchOutputFormat.java,71.0,11.0,0.0,1.0,0.0,4.0,0.0,arvind@apache.org,0,0.0,0.0,0.0,0.0,0.0,0.0,0.0,0,0,0.0,false
src/java/org/apache/sqoop/mapreduce/ExportInputFormat.java,54.0,10.0,15.0,6.0,11.0,17.0,30.0,arvind@apache.org,1,0.012987012987012988,50.0,0.0,0.0,0.0,195.47368421052633,1600.9205841392102,1,0,1.6739764335716716,false
src/java/org/apache/sqoop/mapreduce/ExportJobBase.java,280.0,26.0,57.0,15.0,79.0,59.0,0.0,jarcec@apache.org,0,0.0,0.0,0.0,0.0,0.0,0.0,0.0,0,0,0.0,false
src/java/org/apache/sqoop/mapreduce/ExportOutputFormat.java,119.0,15.0,1.0,2.0,5.0,10.0,0.0,arvind@apache.org,0,0.0,0.0,0.0,0.0,0.0,0.0,0.0,0,0,0.0,false
src/java/org/apache/sqoop/mapreduce/HBaseImportJob.java,83.0,23.0,15.0,6.0,32.0,15.0,0.0,jarcec@apache.org,0,0.0,0.0,0.0,0.0,0.0,0.0,0.0,0,0,0.0,true
src/java/org/apache/sqoop/mapreduce/HBaseImportMapper.java,8.0,5.0,0.0,1.0,2.0,2.0,0.0,arvind@apache.org,0,0.0,0.0,0.0,0.0,0.0,0.0,0.0,0,0,0.0,false
src/java/org/apache/sqoop/mapreduce/ImportJobBase.java,127.0,26.0,20.0,8.0,44.0,25.0,7.0,jarcec@apache.org,1,0.012987012987012988,6.0,0.0,0.0,0.0,60.72727272727273,244.93563065824608,1,0,1.5198257537444133,false
src/java/org/apache/sqoop/mapreduce/JdbcExportJob.java,68.0,16.0,9.0,6.0,26.0,18.0,9.0,jarcec@apache.org,1,0.012987012987012988,11.0,0.0,0.0,0.0,195.47368421052633,1600.9205841392102,1,0,1.6739764335716716,false
src/java/org/apache/sqoop/mapreduce/JdbcUpdateExportJob.java,79.0,16.0,10.0,5.0,24.0,18.0,0.0,arvind@apache.org,0,0.0,0.0,0.0,0.0,0.0,0.0,0.0,0,0,0.0,false
src/java/org/apache/sqoop/mapreduce/JdbcUpsertExportJob.java,53.0,13.0,1.0,2.0,20.0,9.0,0.0,arvind@apache.org,0,0.0,0.0,0.0,0.0,0.0,0.0,0.0,0,0,0.0,false
src/java/org/apache/sqoop/mapreduce/JobBase.java,219.0,21.0,201.0,23.0,49.0,63.0,0.0,jarcec@apache.org,0,0.0,0.0,0.0,0.0,0.0,0.0,0.0,0,0,0.0,false
src/java/org/apache/sqoop/mapreduce/MergeJob.java,91.0,14.0,1.0,2.0,29.0,7.0,0.0,venkat@hortonworks.com,0,0.0,0.0,0.0,0.0,0.0,0.0,0.0,0,0,0.0,false
src/java/org/apache/sqoop/mapreduce/MergeMapperBase.java,38.0,11.0,0.0,2.0,10.0,8.0,0.0,arvind@apache.org,0,0.0,0.0,0.0,0.0,0.0,0.0,0.0,0,0,0.0,false
src/java/org/apache/sqoop/mapreduce/MergeRecord.java,76.0,8.0,0.0,11.0,10.0,20.0,0.0,arvind@apache.org,0,0.0,0.0,0.0,0.0,0.0,0.0,0.0,0,0,0.0,false
src/java/org/apache/sqoop/mapreduce/MergeRecordMapper.java,8.0,4.0,0.0,1.0,1.0,2.0,0.0,arvind@apache.org,0,0.0,0.0,0.0,0.0,0.0,0.0,0.0,0,0,0.0,false
src/java/org/apache/sqoop/mapreduce/MergeReducer.java,24.0,5.0,0.0,1.0,5.0,7.0,0.0,arvind@apache.org,0,0.0,0.0,0.0,0.0,0.0,0.0,0.0,0,0,0.0,false
src/java/org/apache/sqoop/mapreduce/MergeTextMapper.java,21.0,8.0,0.0,2.0,5.0,5.0,0.0,arvind@apache.org,0,0.0,0.0,0.0,0.0,0.0,0.0,0.0,0,0,0.0,false
src/java/org/apache/sqoop/mapreduce/MySQLDumpImportJob.java,60.0,13.0,3.0,3.0,31.0,9.0,30.0,arvind@apache.org,1,0.012987012987012988,33.0,0.0,0.0,0.0,195.47368421052633,1600.9205841392102,1,0,1.6739764335716716,false
src/java/org/apache/sqoop/mapreduce/MySQLDumpInputFormat.java,39.0,7.0,0.0,1.0,0.0,2.0,0.0,arvind@apache.org,0,0.0,0.0,0.0,0.0,0.0,0.0,0.0,0,0,0.0,false
src/java/org/apache/sqoop/mapreduce/MySQLDumpMapper.java,308.0,23.0,0.0,2.0,25.0,10.0,1.0,kathleen@apache.org,1,0.012987012987012988,20.0,0.0,20.0,0.0,0.0,0.0,1,0,3.4657359027997265,false
src/java/org/apache/sqoop/mapreduce/MySQLExportJob.java,50.0,13.0,3.0,3.0,22.0,10.0,30.0,arvind@apache.org,1,0.012987012987012988,33.0,0.0,0.0,0.0,195.47368421052633,1600.9205841392102,1,0,1.6739764335716716,false
src/java/org/apache/sqoop/mapreduce/MySQLExportMapper.java,215.0,24.0,0.0,5.0,48.0,23.0,0.0,kathleen@apache.org,0,0.0,0.0,0.0,0.0,0.0,0.0,0.0,0,0,0.0,false
src/java/org/apache/sqoop/mapreduce/MySQLRecordExportMapper.java,12.0,4.0,0.0,1.0,3.0,2.0,0.0,arvind@apache.org,0,0.0,0.0,0.0,0.0,0.0,0.0,0.0,0,0,0.0,false
src/java/org/apache/sqoop/mapreduce/MySQLTextExportMapper.java,18.0,5.0,0.0,2.0,4.0,3.0,0.0,arvind@apache.org,0,0.0,0.0,0.0,0.0,0.0,0.0,0.0,0,0,0.0,false
src/java/org/apache/sqoop/mapreduce/NullOutputCommitter.java,18.0,3.0,15.0,6.0,0.0,7.0,0.0,arvind@apache.org,0,0.0,0.0,0.0,0.0,0.0,0.0,0.0,0,0,0.0,false
src/java/org/apache/sqoop/mapreduce/OracleExportOutputFormat.java,59.0,6.0,0.0,1.0,0.0,4.0,0.0,arvind@apache.org,0,0.0,0.0,0.0,0.0,0.0,0.0,0.0,0,0,0.0,false
src/java/org/apache/sqoop/mapreduce/OracleUpsertOutputFormat.java,85.0,10.0,0.0,1.0,0.0,4.0,0.0,arvind@apache.org,0,0.0,0.0,0.0,0.0,0.0,0.0,0.0,0,0,0.0,false
src/java/org/apache/sqoop/mapreduce/RawKeyTextOutputFormat.java,54.0,13.0,0.0,1.0,9.0,4.0,0.0,arvind@apache.org,0,0.0,0.0,0.0,0.0,0.0,0.0,0.0,0,0,0.0,false
src/java/org/apache/sqoop/mapreduce/SQLServerExportOutputFormat.java,59.0,6.0,0.0,1.0,0.0,4.0,0.0,arvind@apache.org,0,0.0,0.0,0.0,0.0,0.0,0.0,0.0,0,0,0.0,false
src/java/org/apache/sqoop/mapreduce/SequenceFileExportMapper.java,10.0,5.0,1.0,2.0,2.0,3.0,0.0,arvind@apache.org,0,0.0,0.0,0.0,0.0,0.0,0.0,0.0,0,0,0.0,false
src/java/org/apache/sqoop/mapreduce/SequenceFileImportMapper.java,23.0,7.0,0.0,3.0,5.0,8.0,0.0,abraham@elmahrek.com,0,0.0,0.0,0.0,0.0,0.0,0.0,0.0,0,0,0.0,false
src/java/org/apache/sqoop/mapreduce/TextExportMapper.java,35.0,9.0,1.0,3.0,9.0,9.0,0.0,arvind@apache.org,0,0.0,0.0,0.0,0.0,0.0,0.0,0.0,0,0,0.0,false
src/java/org/apache/sqoop/mapreduce/TextImportMapper.java,28.0,9.0,0.0,4.0,8.0,9.0,0.0,abraham@elmahrek.com,0,0.0,0.0,0.0,0.0,0.0,0.0,0.0,0,0,0.0,false
src/java/org/apache/sqoop/mapreduce/UpdateOutputFormat.java,124.0,18.0,1.0,2.0,4.0,9.0,0.0,arvind@apache.org,0,0.0,0.0,0.0,0.0,0.0,0.0,0.0,0,0,0.0,false
src/java/org/apache/sqoop/mapreduce/db/BigDecimalSplitter.java,68.0,12.0,1.0,3.0,16.0,16.0,0.0,jarcec@apache.org,0,0.0,0.0,0.0,0.0,0.0,0.0,0.0,0,0,0.0,false
src/java/org/apache/sqoop/mapreduce/db/BooleanSplitter.java,24.0,8.0,0.0,1.0,3.0,5.0,0.0,blee@apache.org,0,0.0,0.0,0.0,0.0,0.0,0.0,0.0,0,0,0.0,false
src/java/org/apache/sqoop/mapreduce/db/DBConfiguration.java,236.0,6.0,0.0,31.0,39.0,63.0,22.0,jarcec@apache.org,2,0.025974025974025976,25.0,0.0,0.0,0.0,352.640350877193,2940.782488850279,2,0,0.4601023155976457,false
src/java/org/apache/sqoop/mapreduce/db/DBInputFormat.java,235.0,26.0,0.0,12.0,44.0,41.0,24.0,blee@apache.org,2,0.025974025974025976,40.0,0.0,0.0,0.0,352.640350877193,2940.782488850279,2,0,0.4601023155976457,false
src/java/org/apache/sqoop/mapreduce/db/DBOutputFormat.java,149.0,18.0,21.0,7.0,18.0,26.0,24.0,blee@apache.org,2,0.025974025974025976,40.0,0.0,0.0,0.0,352.640350877193,2940.782488850279,2,0,0.4601023155976457,false
src/java/org/apache/sqoop/mapreduce/db/DBRecordReader.java,208.0,18.0,135.0,22.0,30.0,64.0,15.0,blee@apache.org,3,0.03896103896103896,44.0,0.0,0.0,0.0,413.36762360446573,3185.718119508525,3,0,0.0749910553608586,false
src/java/org/apache/sqoop/mapreduce/db/DBSplitter.java,9.0,5.0,0.0,1.0,0.0,2.0,0.0,blee@apache.org,0,0.0,0.0,0.0,0.0,0.0,0.0,0.0,0,0,0.0,false
src/java/org/apache/sqoop/mapreduce/db/DataDrivenDBInputFormat.java,194.0,33.0,15.0,7.0,47.0,22.0,30.0,jarcec@apache.org,1,0.012987012987012988,12.0,0.0,0.0,0.0,195.47368421052633,1600.9205841392102,1,0,1.6739764335716716,false
src/java/org/apache/sqoop/mapreduce/db/DataDrivenDBRecordReader.java,60.0,11.0,1.0,3.0,17.0,12.0,24.0,cheolsoo@apache.org,2,0.025974025974025976,29.0,0.0,0.0,0.0,352.640350877193,2940.782488850279,2,0,0.4601023155976457,false
src/java/org/apache/sqoop/mapreduce/db/DateSplitter.java,102.0,13.0,6.0,4.0,18.0,21.0,0.0,blee@apache.org,0,0.0,0.0,0.0,0.0,0.0,0.0,0.0,0,0,0.0,false
src/java/org/apache/sqoop/mapreduce/db/FloatSplitter.java,41.0,11.0,0.0,1.0,7.0,7.0,0.0,arvind@apache.org,0,0.0,0.0,0.0,0.0,0.0,0.0,0.0,0,0,0.0,false
src/java/org/apache/sqoop/mapreduce/db/IntegerSplitter.java,65.0,11.0,1.0,2.0,13.0,13.0,0.0,arvind@apache.org,0,0.0,0.0,0.0,0.0,0.0,0.0,0.0,0,0,0.0,false
src/java/org/apache/sqoop/mapreduce/db/OracleDBRecordReader.java,91.0,11.0,3.0,3.0,22.0,13.0,24.0,arvind@apache.org,2,0.025974025974025976,67.0,0.0,0.0,0.0,352.640350877193,2940.782488850279,2,0,0.4601023155976457,false
src/java/org/apache/sqoop/mapreduce/db/OracleDataDrivenDBInputFormat.java,28.0,14.0,1.0,2.0,6.0,7.0,30.0,arvind@apache.org,1,0.012987012987012988,50.0,0.0,0.0,0.0,195.47368421052633,1600.9205841392102,1,0,1.6739764335716716,false
src/java/org/apache/sqoop/mapreduce/db/OracleDataDrivenDBRecordReader.java,9.0,8.0,0.0,1.0,1.0,2.0,30.0,arvind@apache.org,1,0.012987012987012988,50.0,0.0,0.0,0.0,195.47368421052633,1600.9205841392102,1,0,1.6739764335716716,false
src/java/org/apache/sqoop/mapreduce/db/OracleDateSplitter.java,8.0,2.0,0.0,1.0,1.0,2.0,0.0,blee@apache.org,0,0.0,0.0,0.0,0.0,0.0,0.0,0.0,0,0,0.0,false
src/java/org/apache/sqoop/mapreduce/db/TextSplitter.java,107.0,13.0,4.0,4.0,31.0,21.0,0.0,arvind@apache.org,0,0.0,0.0,0.0,0.0,0.0,0.0,0.0,0,0,0.0,false
src/java/org/apache/sqoop/metastore/JobData.java,37.0,2.0,3.0,6.0,0.0,8.0,0.0,blee@apache.org,0,0.0,0.0,0.0,0.0,0.0,0.0,0.0,0,0,0.0,false
src/java/org/apache/sqoop/metastore/JobStorage.java,38.0,6.0,28.0,8.0,0.0,20.0,0.0,blee@apache.org,0,0.0,0.0,0.0,0.0,0.0,0.0,0.0,0,0,0.0,false
src/java/org/apache/sqoop/metastore/JobStorageFactory.java,32.0,5.0,0.0,2.0,4.0,6.0,3.0,jarcec@apache.org,1,0.012987012987012988,50.0,50.0,0.0,0.0,60.72727272727273,244.93563065824608,1,0,1.5198257537444133,false
src/java/org/apache/sqoop/metastore/hsqldb/AutoHsqldbStorage.java,53.0,6.0,3.0,3.0,12.0,7.0,0.0,arvind@apache.org,0,0.0,0.0,0.0,0.0,0.0,0.0,0.0,0,0,0.0,false
src/java/org/apache/sqoop/metastore/hsqldb/HsqldbJobStorage.java,599.0,19.0,0.0,28.0,159.0,109.0,0.0,jarcec@apache.org,0,0.0,0.0,0.0,0.0,0.0,0.0,0.0,0,0,0.0,false
src/java/org/apache/sqoop/metastore/hsqldb/HsqldbMetaStore.java,121.0,12.0,0.0,6.0,31.0,20.0,0.0,jarcec@apache.org,0,0.0,0.0,0.0,0.0,0.0,0.0,0.0,0,0,0.0,false
src/java/org/apache/sqoop/orm/AvroSchemaGenerator.java,118.0,12.0,9.0,6.0,19.0,21.0,8.0,blee@apache.org,2,0.025974025974025976,25.0,0.0,0.0,0.0,352.640350877193,2940.782488850279,2,0,0.34315968205808467,false
src/java/org/apache/sqoop/orm/ClassWriter.java,951.0,55.0,214.0,33.0,165.0,147.0,8.0,jarcec@apache.org,2,0.025974025974025976,14.0,0.0,0.0,0.0,352.640350877193,2940.782488850279,2,0,0.34315968205808467,false
src/java/org/apache/sqoop/orm/CompilationManager.java,255.0,20.0,0.0,8.0,65.0,34.0,0.0,jarcec@apache.org,0,0.0,0.0,0.0,0.0,0.0,0.0,0.0,0,0,0.0,false
src/java/org/apache/sqoop/orm/TableClassName.java,69.0,3.0,0.0,4.0,11.0,16.0,0.0,jarcec@apache.org,0,0.0,0.0,0.0,0.0,0.0,0.0,0.0,0,0,0.0,false
src/java/org/apache/sqoop/tool/BaseSqoopTool.java,537.0,26.0,314.0,28.0,142.0,98.0,1.0,jarcec@apache.org,1,0.012987012987012988,3.0,0.0,3.0,0.0,157.16666666666669,1339.8619047110687,1,0,0.6325225587435105,false
src/java/org/apache/sqoop/tool/CodeGenTool.java,107.0,16.0,20.0,8.0,47.0,26.0,0.0,jarcec@apache.org,0,0.0,0.0,0.0,0.0,0.0,0.0,0.0,0,0,0.0,false
src/java/org/apache/sqoop/tool/CreateHiveTableTool.java,63.0,12.0,15.0,6.0,32.0,17.0,0.0,blee@apache.org,0,0.0,0.0,0.0,0.0,0.0,0.0,0.0,0,0,0.0,false
src/java/org/apache/sqoop/tool/EvalSqlTool.java,99.0,16.0,10.0,5.0,32.0,16.0,0.0,blee@apache.org,0,0.0,0.0,0.0,0.0,0.0,0.0,0.0,0,0,0.0,false
src/java/org/apache/sqoop/tool/ExportTool.java,196.0,14.0,43.0,11.0,73.0,41.0,0.0,jarcec@apache.org,0,0.0,0.0,0.0,0.0,0.0,0.0,0.0,0,0,0.0,false
src/java/org/apache/sqoop/tool/HelpTool.java,65.0,3.0,10.0,5.0,17.0,14.0,0.0,blee@apache.org,0,0.0,0.0,0.0,0.0,0.0,0.0,0.0,0,0,0.0,false
src/java/org/apache/sqoop/tool/ImportAllTablesTool.java,53.0,7.0,1.0,2.0,10.0,8.0,0.0,jarcec@apache.org,0,0.0,0.0,0.0,0.0,0.0,0.0,0.0,0,0,0.0,false
src/java/org/apache/sqoop/tool/ImportTool.java,563.0,30.0,130.0,21.0,178.0,90.0,5.0,jarcec@apache.org,1,0.012987012987012988,14.0,0.0,0.0,0.0,157.16666666666669,1339.8619047110687,1,0,0.6325225587435105,false
src/java/org/apache/sqoop/tool/JobTool.java,248.0,24.0,29.0,14.0,74.0,54.0,0.0,blee@apache.org,0,0.0,0.0,0.0,0.0,0.0,0.0,0.0,0,0,0.0,false
src/java/org/apache/sqoop/tool/ListDatabasesTool.java,43.0,6.0,10.0,5.0,10.0,12.0,0.0,blee@apache.org,0,0.0,0.0,0.0,0.0,0.0,0.0,0.0,0,0,0.0,false
src/java/org/apache/sqoop/tool/ListTablesTool.java,43.0,6.0,10.0,5.0,10.0,12.0,0.0,jarcec@apache.org,0,0.0,0.0,0.0,0.0,0.0,0.0,0.0,0,0,0.0,false
src/java/org/apache/sqoop/tool/MergeTool.java,110.0,15.0,26.0,8.0,37.0,23.0,0.0,blee@apache.org,0,0.0,0.0,0.0,0.0,0.0,0.0,0.0,0,0,0.0,false
src/java/org/apache/sqoop/tool/MetastoreTool.java,36.0,9.0,8.0,5.0,11.0,11.0,0.0,blee@apache.org,0,0.0,0.0,0.0,0.0,0.0,0.0,0.0,0,0,0.0,false
src/java/org/apache/sqoop/tool/SqoopTool.java,314.0,27.0,181.0,23.0,78.0,69.0,3.0,venkat@hortonworks.com,1,0.012987012987012988,33.0,33.0,0.0,0.0,60.72727272727273,244.93563065824608,1,0,1.5198257537444133,false
src/java/org/apache/sqoop/tool/ToolDesc.java,34.0,0.0,0.0,4.0,0.0,7.0,0.0,blee@apache.org,0,0.0,0.0,0.0,0.0,0.0,0.0,0.0,0,0,0.0,false
src/java/org/apache/sqoop/tool/ToolPlugin.java,10.0,2.0,0.0,1.0,0.0,2.0,0.0,blee@apache.org,0,0.0,0.0,0.0,0.0,0.0,0.0,0.0,0,0,0.0,false
src/java/org/apache/sqoop/tool/VersionTool.java,15.0,2.0,3.0,3.0,4.0,4.0,0.0,blee@apache.org,0,0.0,0.0,0.0,0.0,0.0,0.0,0.0,0,0,0.0,false
src/java/org/apache/sqoop/util/AppendUtils.java,158.0,13.0,11.0,7.0,50.0,29.0,0.0,jarcec@apache.org,0,0.0,0.0,0.0,0.0,0.0,0.0,0.0,0,0,0.0,false
src/java/org/apache/sqoop/util/AsyncSink.java,14.0,1.0,1.0,2.0,0.0,6.0,0.0,arvind@apache.org,0,0.0,0.0,0.0,0.0,0.0,0.0,0.0,0,0,0.0,false
src/java/org/apache/sqoop/util/ClassLoaderStack.java,51.0,6.0,1.0,3.0,11.0,9.0,0.0,arvind@apache.org,0,0.0,0.0,0.0,0.0,0.0,0.0,0.0,0,0,0.0,false
src/java/org/apache/sqoop/util/DirectImportUtils.java,59.0,17.0,8.0,5.0,16.0,18.0,0.0,arvind@apache.org,0,0.0,0.0,0.0,0.0,0.0,0.0,0.0,0,1,0.0,false
src/java/org/apache/sqoop/util/ErrorableAsyncSink.java,15.0,1.0,0.0,1.0,2.0,5.0,0.0,arvind@apache.org,0,0.0,0.0,0.0,0.0,0.0,0.0,0.0,0,0,0.0,false
src/java/org/apache/sqoop/util/ErrorableThread.java,15.0,0.0,0.0,3.0,0.0,4.0,0.0,arvind@apache.org,0,0.0,0.0,0.0,0.0,0.0,0.0,0.0,0,0,0.0,false
src/java/org/apache/sqoop/util/Executor.java,58.0,6.0,10.0,5.0,13.0,18.0,0.0,arvind@apache.org,0,0.0,0.0,0.0,0.0,0.0,0.0,0.0,0,0,0.0,false
src/java/org/apache/sqoop/util/ExitSecurityException.java,28.0,0.0,0.0,5.0,1.0,7.0,0.0,arvind@apache.org,0,0.0,0.0,0.0,0.0,0.0,0.0,0.0,0,0,0.0,false
src/java/org/apache/sqoop/util/ExportException.java,21.0,0.0,10.0,5.0,1.0,6.0,0.0,arvind@apache.org,0,0.0,0.0,0.0,0.0,0.0,0.0,0.0,0,0,0.0,false
src/java/org/apache/sqoop/util/FileListing.java,76.0,7.0,15.0,6.0,20.0,19.0,0.0,arvind@apache.org,0,0.0,0.0,0.0,0.0,0.0,0.0,0.0,0,0,0.0,false
src/java/org/apache/sqoop/util/ImportException.java,21.0,0.0,10.0,5.0,1.0,6.0,0.0,arvind@apache.org,0,0.0,0.0,0.0,0.0,0.0,0.0,0.0,0,0,0.0,false
src/java/org/apache/sqoop/util/Jars.java,59.0,7.0,6.0,4.0,18.0,14.0,0.0,arvind@apache.org,0,0.0,0.0,0.0,0.0,0.0,0.0,0.0,0,0,0.0,false
src/java/org/apache/sqoop/util/JdbcUrl.java,79.0,4.0,0.0,4.0,17.0,20.0,0.0,arvind@apache.org,0,0.0,0.0,0.0,0.0,0.0,0.0,0.0,0,0,0.0,false
src/java/org/apache/sqoop/util/LoggingAsyncSink.java,55.0,7.0,1.0,3.0,2.0,7.0,0.0,arvind@apache.org,0,0.0,0.0,0.0,0.0,0.0,0.0,0.0,0,0,0.0,false
src/java/org/apache/sqoop/util/LoggingUtils.java,20.0,2.0,1.0,2.0,2.0,4.0,0.0,abhijeet@apache.org,0,0.0,0.0,0.0,0.0,0.0,0.0,0.0,0,0,0.0,false
src/java/org/apache/sqoop/util/NullAsyncSink.java,45.0,7.0,0.0,2.0,2.0,4.0,0.0,arvind@apache.org,0,0.0,0.0,0.0,0.0,0.0,0.0,0.0,0,0,0.0,false
src/java/org/apache/sqoop/util/OptionsFileUtil.java,105.0,9.0,6.0,4.0,22.0,19.0,0.0,arvind@apache.org,0,0.0,0.0,0.0,0.0,0.0,0.0,0.0,0,0,0.0,false
src/java/org/apache/sqoop/util/PerfCounters.java,95.0,1.0,20.0,9.0,16.0,22.0,0.0,arvind@apache.org,0,0.0,0.0,0.0,0.0,0.0,0.0,0.0,0,0,0.0,false
src/java/org/apache/sqoop/util/RandomHash.java,35.0,3.0,3.0,3.0,9.0,8.0,0.0,arvind@apache.org,0,0.0,0.0,0.0,0.0,0.0,0.0,0.0,0,0,0.0,false
src/java/org/apache/sqoop/util/ResultSetPrinter.java,73.0,8.0,1.0,2.0,18.0,10.0,0.0,abhijeet@apache.org,0,0.0,0.0,0.0,0.0,0.0,0.0,0.0,0,0,0.0,false
src/java/org/apache/sqoop/util/StoredAsProperty.java,0.0,0.0,0.0,0.0,0.0,0.0,0.0,arvind@apache.org,0,0.0,0.0,0.0,0.0,0.0,0.0,0.0,0,0,0.0,false
src/java/org/apache/sqoop/util/SubprocessSecurityManager.java,44.0,3.0,0.0,5.0,9.0,10.0,0.0,jarcec@cloudera.com,0,0.0,0.0,0.0,0.0,0.0,0.0,0.0,0,0,0.0,false
src/java/org/apache/sqoop/util/TaskId.java,32.0,4.0,3.0,3.0,5.0,10.0,0.0,arvind@apache.org,0,0.0,0.0,0.0,0.0,0.0,0.0,0.0,0,0,0.0,false
src/perftest/ExportStressTest.java,95.0,10.0,21.0,7.0,35.0,21.0,0.0,arvind@apache.org,0,0.0,0.0,0.0,0.0,0.0,0.0,0.0,0,1,0.0,false
src/perftest/ExtConnFactoryTest.java,36.0,10.0,1.0,2.0,1.0,3.0,0.0,arvind@apache.org,0,0.0,0.0,0.0,0.0,0.0,0.0,0.0,0,1,0.0,false
src/perftest/ExtFactory.java,13.0,5.0,0.0,2.0,3.0,4.0,0.0,arvind@apache.org,0,0.0,0.0,0.0,0.0,0.0,0.0,0.0,0,1,0.0,false
src/perftest/LobFilePerfTest.java,76.0,4.0,18.0,8.0,26.0,17.0,0.0,arvind@apache.org,0,0.0,0.0,0.0,0.0,0.0,0.0,0.0,0,2,0.0,false
src/perftest/LobFileStressTest.java,295.0,5.0,57.0,14.0,69.0,56.0,0.0,arvind@apache.org,0,0.0,0.0,0.0,0.0,0.0,0.0,0.0,0,2,0.0,false
src/test/com/cloudera/sqoop/AllTests.java,16.0,4.0,1.0,2.0,3.0,4.0,0.0,arvind@apache.org,0,0.0,0.0,0.0,0.0,0.0,0.0,0.0,0,2,0.0,false
src/test/com/cloudera/sqoop/SmokeTests.java,43.0,20.0,1.0,2.0,3.0,5.0,0.0,abayer@apache.org,0,0.0,0.0,0.0,0.0,0.0,0.0,0.0,0,2,0.0,false
src/test/com/cloudera/sqoop/TestAllTables.java,87.0,13.0,1.0,3.0,26.0,12.0,0.0,arvind@apache.org,0,0.0,0.0,0.0,0.0,0.0,0.0,0.0,0,0,0.0,false
src/test/com/cloudera/sqoop/TestAppendUtils.java,185.0,19.0,43.0,10.0,72.0,38.0,0.0,arvind@apache.org,0,0.0,0.0,0.0,0.0,0.0,0.0,0.0,0,0,0.0,false
src/test/com/cloudera/sqoop/TestAvroExport.java,280.0,24.0,210.0,21.0,110.0,67.0,0.0,arvind@apache.org,0,0.0,0.0,0.0,0.0,0.0,0.0,0.0,0,0,0.0,false
src/test/com/cloudera/sqoop/TestAvroImport.java,125.0,24.0,45.0,10.0,57.0,26.0,10.0,jarcec@apache.org,2,0.025974025974025976,12.0,0.0,0.0,0.0,217.8939393939394,1584.7975353693148,2,0,0.38302697568401667,false
src/test/com/cloudera/sqoop/TestAvroImportExportRoundtrip.java,187.0,14.0,49.0,11.0,63.0,32.0,0.0,arvind@apache.org,0,0.0,0.0,0.0,0.0,0.0,0.0,0.0,0,0,0.0,false
src/test/com/cloudera/sqoop/TestBoundaryQuery.java,100.0,15.0,15.0,6.0,35.0,19.0,0.0,arvind@apache.org,0,0.0,0.0,0.0,0.0,0.0,0.0,0.0,0,1,0.0,false
src/test/com/cloudera/sqoop/TestColumnTypes.java,27.0,3.0,21.0,7.0,2.0,14.0,6.0,arvind@apache.org,1,0.012987012987012988,25.0,0.0,0.0,25.0,157.16666666666669,1339.8619047110687,1,0,0.6325225587435105,false
src/test/com/cloudera/sqoop/TestCompression.java,110.0,23.0,21.0,7.0,51.0,21.0,0.0,arvind@apache.org,0,0.0,0.0,0.0,0.0,0.0,0.0,0.0,0,0,0.0,false
src/test/com/cloudera/sqoop/TestConnFactory.java,102.0,11.0,3.0,3.0,14.0,9.0,0.0,abayer@apache.org,0,0.0,0.0,0.0,0.0,0.0,0.0,0.0,0,0,0.0,false
src/test/com/cloudera/sqoop/TestExport.java,621.0,30.0,1378.0,53.0,203.0,170.0,0.0,abayer@apache.org,0,0.0,0.0,0.0,0.0,0.0,0.0,0.0,0,3,0.0,false
src/test/com/cloudera/sqoop/TestExportUpdate.java,414.0,14.0,231.0,22.0,131.0,77.0,0.0,arvind@apache.org,0,0.0,0.0,0.0,0.0,0.0,0.0,0.0,0,0,0.0,false
src/test/com/cloudera/sqoop/TestIncrementalImport.java,587.0,28.0,422.0,32.0,227.0,96.0,2.0,null,1,0.012987012987012988,8.0,0.0,0.0,0.0,157.16666666666669,1339.8619047110687,1,1,0.6325225587435105,false
src/test/com/cloudera/sqoop/TestMerge.java,195.0,26.0,22.0,8.0,51.0,27.0,0.0,arvind@apache.org,0,0.0,0.0,0.0,0.0,0.0,0.0,0.0,0,0,0.0,false
src/test/com/cloudera/sqoop/TestMultiCols.java,159.0,4.0,171.0,19.0,22.0,41.0,6.0,arvind@apache.org,1,0.012987012987012988,14.0,0.0,0.0,14.0,157.16666666666669,1339.8619047110687,1,0,0.6325225587435105,false
src/test/com/cloudera/sqoop/TestMultiMaps.java,105.0,17.0,15.0,6.0,38.0,21.0,0.0,arvind@apache.org,0,0.0,0.0,0.0,0.0,0.0,0.0,0.0,0,0,0.0,false
src/test/com/cloudera/sqoop/TestQuery.java,105.0,16.0,21.0,7.0,42.0,21.0,0.0,arvind@apache.org,0,0.0,0.0,0.0,0.0,0.0,0.0,0.0,0,0,0.0,false
src/test/com/cloudera/sqoop/TestSplitBy.java,89.0,16.0,15.0,6.0,34.0,17.0,0.0,arvind@apache.org,0,0.0,0.0,0.0,0.0,0.0,0.0,0.0,0,0,0.0,false
src/test/com/cloudera/sqoop/TestSqoopOptions.java,230.0,4.0,595.0,35.0,119.0,77.0,0.0,jarcec@apache.org,0,0.0,0.0,0.0,0.0,0.0,0.0,0.0,0,2,0.0,false
src/test/com/cloudera/sqoop/TestTargetDir.java,89.0,11.0,10.0,5.0,37.0,18.0,0.0,arvind@apache.org,0,0.0,0.0,0.0,0.0,0.0,0.0,0.0,0,0,0.0,false
src/test/com/cloudera/sqoop/TestWhere.java,98.0,15.0,15.0,6.0,31.0,18.0,0.0,arvind@apache.org,0,0.0,0.0,0.0,0.0,0.0,0.0,0.0,0,0,0.0,false
src/test/com/cloudera/sqoop/ThirdPartyTests.java,20.0,12.0,1.0,2.0,1.0,4.0,0.0,jarcec@apache.org,0,0.0,0.0,0.0,0.0,0.0,0.0,0.0,0,0,0.0,false
src/test/com/cloudera/sqoop/hbase/HBaseTestCase.java,113.0,18.0,26.0,9.0,34.0,28.0,0.0,arvind@apache.org,0,0.0,0.0,0.0,0.0,0.0,0.0,0.0,0,2,0.0,false
src/test/com/cloudera/sqoop/hbase/TestHBaseImport.java,88.0,2.0,15.0,6.0,36.0,26.0,0.0,arvind@apache.org,0,0.0,0.0,0.0,0.0,0.0,0.0,0.0,0,1,0.0,false
src/test/com/cloudera/sqoop/hbase/TestHBaseQueryImport.java,37.0,2.0,1.0,2.0,15.0,9.0,0.0,arvind@apache.org,0,0.0,0.0,0.0,0.0,0.0,0.0,0.0,0,1,0.0,false
src/test/com/cloudera/sqoop/hbase/TestHBaseUtil.java,14.0,2.0,1.0,2.0,5.0,2.0,0.0,arvind@apache.org,0,0.0,0.0,0.0,0.0,0.0,0.0,0.0,0,0,0.0,false
src/test/com/cloudera/sqoop/hive/TestHiveImport.java,292.0,24.0,123.0,18.0,104.0,51.0,0.0,jarcec@apache.org,0,0.0,0.0,0.0,0.0,0.0,0.0,0.0,0,1,0.0,false
src/test/com/cloudera/sqoop/hive/TestTableDefWriter.java,95.0,10.0,21.0,7.0,40.0,15.0,0.0,arvind@apache.org,0,0.0,0.0,0.0,0.0,0.0,0.0,0.0,0,0,0.0,false
src/test/com/cloudera/sqoop/io/TestCodecMap.java,42.0,5.0,15.0,6.0,13.0,17.0,7.0,arvind@apache.org,1,0.012987012987012988,25.0,0.0,0.0,0.0,60.72727272727273,244.93563065824608,1,0,1.5198257537444133,false
src/test/com/cloudera/sqoop/io/TestLobFile.java,320.0,14.0,6.0,21.0,116.0,70.0,0.0,arvind@apache.org,0,0.0,0.0,0.0,0.0,0.0,0.0,0.0,0,0,0.0,false
src/test/com/cloudera/sqoop/io/TestNamedFifo.java,126.0,15.0,0.0,2.0,13.0,6.0,0.0,arvind@apache.org,0,0.0,0.0,0.0,0.0,0.0,0.0,0.0,0,0,0.0,false
src/test/com/cloudera/sqoop/io/TestSplittableBufferedWriter.java,204.0,16.0,66.0,12.0,66.0,37.0,0.0,arvind@apache.org,0,0.0,0.0,0.0,0.0,0.0,0.0,0.0,0,0,0.0,false
src/test/com/cloudera/sqoop/lib/TestBlobRef.java,88.0,8.0,21.0,7.0,41.0,13.0,0.0,arvind@apache.org,0,0.0,0.0,0.0,0.0,0.0,0.0,0.0,0,0,0.0,false
src/test/com/cloudera/sqoop/lib/TestBooleanParser.java,27.0,1.0,0.0,1.0,3.0,2.0,0.0,arvind@apache.org,0,0.0,0.0,0.0,0.0,0.0,0.0,0.0,0,0,0.0,false
src/test/com/cloudera/sqoop/lib/TestClobRef.java,100.0,8.0,21.0,7.0,53.0,12.0,0.0,arvind@apache.org,0,0.0,0.0,0.0,0.0,0.0,0.0,0.0,0,0,0.0,false
src/test/com/cloudera/sqoop/lib/TestFieldFormatter.java,69.0,1.0,120.0,16.0,31.0,16.0,0.0,arvind@apache.org,0,0.0,0.0,0.0,0.0,0.0,0.0,0.0,0,0,0.0,false
src/test/com/cloudera/sqoop/lib/TestLargeObjectLoader.java,65.0,12.0,0.0,3.0,30.0,8.0,0.0,abayer@apache.org,0,0.0,0.0,0.0,0.0,0.0,0.0,0.0,0,1,0.0,false
src/test/com/cloudera/sqoop/lib/TestRecordParser.java,264.0,3.0,741.0,39.0,113.0,94.0,0.0,arvind@apache.org,0,0.0,0.0,0.0,0.0,0.0,0.0,0.0,0,0,0.0,false
src/test/com/cloudera/sqoop/manager/DB2ManagerImportManualTest.java,134.0,20.0,5.0,6.0,38.0,19.0,0.0,venkat@hortonworks.com,0,0.0,0.0,0.0,0.0,0.0,0.0,0.0,0,0,0.0,false
src/test/com/cloudera/sqoop/manager/DirectMySQLExportTest.java,137.0,17.0,68.0,13.0,39.0,31.0,0.0,abayer@apache.org,0,0.0,0.0,0.0,0.0,0.0,0.0,0.0,0,1,0.0,false
src/test/com/cloudera/sqoop/manager/DirectMySQLTest.java,214.0,20.0,71.0,14.0,72.0,39.0,0.0,arvind@apache.org,0,0.0,0.0,0.0,0.0,0.0,0.0,0.0,0,0,0.0,false
src/test/com/cloudera/sqoop/manager/JdbcMySQLExportTest.java,96.0,10.0,85.0,14.0,22.0,36.0,0.0,arvind@apache.org,0,0.0,0.0,0.0,0.0,0.0,0.0,0.0,0,0,0.0,false
src/test/com/cloudera/sqoop/manager/MySQLAuthTest.java,204.0,20.0,0.0,8.0,62.0,23.0,0.0,arvind@apache.org,0,0.0,0.0,0.0,0.0,0.0,0.0,0.0,0,0,0.0,false
src/test/com/cloudera/sqoop/manager/MySQLCompatTest.java,108.0,9.0,210.0,21.0,20.0,47.0,7.0,arvind@apache.org,2,0.025974025974025976,29.0,0.0,0.0,14.0,352.640350877193,2940.782488850279,2,0,0.4601023155976457,false
src/test/com/cloudera/sqoop/manager/MySQLTestUtils.java,57.0,6.0,1.0,2.0,10.0,6.0,0.0,arvind@apache.org,0,0.0,0.0,0.0,0.0,0.0,0.0,0.0,0,0,0.0,false
src/test/com/cloudera/sqoop/manager/OracleCompatTest.java,153.0,9.0,516.0,33.0,30.0,73.0,6.0,jarcec@apache.org,1,0.012987012987012988,11.0,0.0,0.0,11.0,157.16666666666669,1339.8619047110687,1,1,0.6325225587435105,false
src/test/com/cloudera/sqoop/manager/OracleExportTest.java,175.0,11.0,400.0,29.0,40.0,74.0,0.0,arvind@apache.org,0,0.0,0.0,0.0,0.0,0.0,0.0,0.0,0,1,0.0,false
src/test/com/cloudera/sqoop/manager/OracleManagerTest.java,284.0,28.0,44.0,13.0,79.0,45.0,0.0,arvind@apache.org,0,0.0,0.0,0.0,0.0,0.0,0.0,0.0,0,0,0.0,false
src/test/com/cloudera/sqoop/manager/OracleUtils.java,49.0,6.0,10.0,5.0,12.0,9.0,0.0,arvind@apache.org,0,0.0,0.0,0.0,0.0,0.0,0.0,0.0,0,0,0.0,false
src/test/com/cloudera/sqoop/manager/PostgresqlTest.java,155.0,21.0,9.0,10.0,47.0,32.0,0.0,abayer@apache.org,0,0.0,0.0,0.0,0.0,0.0,0.0,0.0,0,0,0.0,false
src/test/com/cloudera/sqoop/manager/SQLServerManagerImportManualTest.java,134.0,20.0,5.0,6.0,38.0,19.0,0.0,null,0,0.0,0.0,0.0,0.0,0.0,0.0,0.0,0,1,0.0,false
src/test/com/cloudera/sqoop/manager/TestHsqldbManager.java,38.0,8.0,0.0,3.0,13.0,7.0,0.0,arvind@apache.org,0,0.0,0.0,0.0,0.0,0.0,0.0,0.0,0,0,0.0,false
src/test/com/cloudera/sqoop/manager/TestSqlManager.java,160.0,14.0,0.0,12.0,63.0,35.0,0.0,arvind@apache.org,0,0.0,0.0,0.0,0.0,0.0,0.0,0.0,0,0,0.0,false
src/test/com/cloudera/sqoop/mapreduce/MapreduceTests.java,15.0,3.0,1.0,2.0,1.0,4.0,0.0,arvind@apache.org,0,0.0,0.0,0.0,0.0,0.0,0.0,0.0,0,0,0.0,false
src/test/com/cloudera/sqoop/mapreduce/TestImportJob.java,118.0,19.0,10.0,5.0,48.0,20.0,0.0,null,0,0.0,0.0,0.0,0.0,0.0,0.0,0.0,0,3,0.0,false
src/test/com/cloudera/sqoop/mapreduce/db/TestDataDrivenDBInputFormat.java,131.0,17.0,7.0,6.0,35.0,16.0,30.0,arvind@apache.org,1,0.012987012987012988,9.0,0.0,0.0,0.0,195.47368421052633,1600.9205841392102,1,0,1.6739764335716716,false
src/test/com/cloudera/sqoop/mapreduce/db/TestIntegerSplitter.java,9.0,0.0,0.0,1.0,0.0,1.0,0.0,arvind@apache.org,0,0.0,0.0,0.0,0.0,0.0,0.0,0.0,0,1,0.0,false
src/test/com/cloudera/sqoop/mapreduce/db/TestTextSplitter.java,9.0,0.0,0.0,1.0,0.0,1.0,0.0,arvind@apache.org,0,0.0,0.0,0.0,0.0,0.0,0.0,0.0,0,0,0.0,false
src/test/com/cloudera/sqoop/metastore/TestSavedJobs.java,111.0,13.0,19.0,7.0,45.0,16.0,0.0,arvind@apache.org,0,0.0,0.0,0.0,0.0,0.0,0.0,0.0,0,0,0.0,false
src/test/com/cloudera/sqoop/orm/TestClassWriter.java,243.0,24.0,0.0,11.0,75.0,31.0,2.0,jarcec@apache.org,1,0.012987012987012988,8.0,0.0,0.0,0.0,157.16666666666669,1339.8619047110687,1,0,0.6325225587435105,false
src/test/com/cloudera/sqoop/orm/TestParseMethods.java,153.0,17.0,21.0,7.0,57.0,20.0,0.0,arvind@apache.org,0,0.0,0.0,0.0,0.0,0.0,0.0,0.0,0,1,0.0,false
src/test/com/cloudera/sqoop/testutil/BaseSqoopTestCase.java,355.0,23.0,316.0,28.0,82.0,73.0,6.0,abayer@apache.org,1,0.012987012987012988,5.0,0.0,0.0,5.0,157.16666666666669,1339.8619047110687,1,2,0.6325225587435105,false
src/test/com/cloudera/sqoop/testutil/CommonArgs.java,31.0,1.0,6.0,4.0,3.0,6.0,0.0,arvind@apache.org,0,0.0,0.0,0.0,0.0,0.0,0.0,0.0,0,0,0.0,false
src/test/com/cloudera/sqoop/testutil/DirUtil.java,28.0,3.0,1.0,2.0,7.0,5.0,0.0,arvind@apache.org,0,0.0,0.0,0.0,0.0,0.0,0.0,0.0,0,0,0.0,false
src/test/com/cloudera/sqoop/testutil/ExplicitSetMapper.java,48.0,15.0,0.0,2.0,13.0,10.0,0.0,arvind@apache.org,0,0.0,0.0,0.0,0.0,0.0,0.0,0.0,0,0,0.0,false
src/test/com/cloudera/sqoop/testutil/ExportJobTestCase.java,235.0,14.0,39.0,10.0,47.0,34.0,0.0,null,0,0.0,0.0,0.0,0.0,0.0,0.0,0.0,0,0,0.0,false
src/test/com/cloudera/sqoop/testutil/HsqldbTestServer.java,185.0,11.0,116.0,17.0,42.0,45.0,0.0,arvind@apache.org,0,0.0,0.0,0.0,0.0,0.0,0.0,0.0,0,0,0.0,false
src/test/com/cloudera/sqoop/testutil/ImportJobTestCase.java,151.0,16.0,13.0,6.0,41.0,22.0,0.0,null,0,0.0,0.0,0.0,0.0,0.0,0.0,0.0,0,0,0.0,false
src/test/com/cloudera/sqoop/testutil/InjectableConnManager.java,30.0,13.0,1.0,2.0,12.0,5.0,0.0,arvind@apache.org,0,0.0,0.0,0.0,0.0,0.0,0.0,0.0,0,0,0.0,false
src/test/com/cloudera/sqoop/testutil/InjectableManagerFactory.java,8.0,3.0,0.0,1.0,1.0,2.0,0.0,arvind@apache.org,0,0.0,0.0,0.0,0.0,0.0,0.0,0.0,0,0,0.0,false
src/test/com/cloudera/sqoop/testutil/ManagerCompatTestCase.java,702.0,8.0,5946.0,113.0,231.0,274.0,6.0,abayer@apache.org,1,0.012987012987012988,10.0,0.0,0.0,10.0,157.16666666666669,1339.8619047110687,1,1,0.6325225587435105,false
src/test/com/cloudera/sqoop/testutil/MockResultSet.java,571.0,26.0,17955.0,190.0,6.0,468.0,0.0,arvind@apache.org,0,0.0,0.0,0.0,0.0,0.0,0.0,0.0,0,0,0.0,false
src/test/com/cloudera/sqoop/testutil/ReparseMapper.java,49.0,15.0,0.0,2.0,15.0,9.0,0.0,arvind@apache.org,0,0.0,0.0,0.0,0.0,0.0,0.0,0.0,0,0,0.0,false
src/test/com/cloudera/sqoop/testutil/SeqFileReader.java,45.0,9.0,1.0,3.0,17.0,10.0,0.0,arvind@apache.org,0,0.0,0.0,0.0,0.0,0.0,0.0,0.0,0,0,0.0,false
src/test/com/cloudera/sqoop/tool/TestToolPlugin.java,83.0,13.0,1.0,2.0,14.0,4.0,0.0,arvind@apache.org,0,0.0,0.0,0.0,0.0,0.0,0.0,0.0,0,1,0.0,false
src/test/com/cloudera/sqoop/util/TestOptionsFileExpansion.java,137.0,7.0,28.0,8.0,22.0,22.0,0.0,arvind@apache.org,0,0.0,0.0,0.0,0.0,0.0,0.0,0.0,0,1,0.0,false
src/test/org/apache/sqoop/mapreduce/db/TestIntegerSplitter.java,72.0,4.0,36.0,9.0,26.0,24.0,0.0,cheolsoo@apache.org,0,0.0,0.0,0.0,0.0,0.0,0.0,0.0,0,0,0.0,false
src/test/org/apache/sqoop/mapreduce/db/TestTextSplitter.java,80.0,5.0,55.0,11.0,31.0,19.0,0.0,arvind@apache.org,0,0.0,0.0,0.0,0.0,0.0,0.0,0.0,0,0,0.0,false
