name,LOC,CBO,LCOM,NOM,RFC,WMC,ACS,Ownership,numOfChanges,numberOfFIChanges,ENH,NF,BugFixing,REF,structuralWorkloadSum,semanticWorkloadSum,numberOfDeveloper,pastFaults,MAF,isBuggy
src/java/org/apache/sqoop/SqoopOptions.java,1397.0,18.0,16676.0,188.0,166.0,397.0,7.0,jarcec@apache.org,2,0.03571428571428571,7.0,0.0,0.0,0.0,244.81912681912684,1917.567051290181,2,0,0.3347153269713147,false
src/java/org/apache/sqoop/hive/HiveImport.java,255.0,27.0,0.0,10.0,66.0,43.0,2.0,jarcec@apache.org,2,0.03571428571428571,29.0,0.0,0.0,0.0,85.84615384615385,229.04321911912675,2,0,0.7928606929083922,false
src/java/org/apache/sqoop/hive/TableDefWriter.java,191.0,16.0,0.0,7.0,46.0,32.0,4.0,arvind@apache.org,2,0.03571428571428571,43.0,14.0,0.0,0.0,244.81912681912684,1917.567051290181,2,0,0.4285389311221488,false
src/java/org/apache/sqoop/manager/ConnManager.java,413.0,24.0,721.0,39.0,31.0,126.0,5.0,jarcec@apache.org,1,0.017857142857142856,12.0,0.0,0.0,0.0,164.97297297297297,1699.0309433673542,1,0,0.916290731874155,false
src/java/org/apache/sqoop/manager/DirectPostgresqlManager.java,333.0,25.0,16.0,8.0,68.0,32.0,0.0,jarcec@apache.org,0,0.0,0.0,0.0,0.0,0.0,0.0,0.0,0,1,0.0,false
src/java/org/apache/sqoop/manager/MySQLManager.java,156.0,14.0,85.0,15.0,37.0,43.0,9.0,jarcec@apache.org,1,0.017857142857142856,10.0,0.0,0.0,0.0,164.97297297297297,1699.0309433673542,1,0,0.916290731874155,false
src/java/org/apache/sqoop/manager/OracleManager.java,625.0,30.0,213.0,26.0,132.0,93.0,9.0,jarcec@apache.org,1,0.017857142857142856,7.0,0.0,0.0,0.0,164.97297297297297,1699.0309433673542,1,0,0.916290731874155,false
src/java/org/apache/sqoop/manager/PostgresqlManager.java,65.0,6.0,103.0,15.0,11.0,33.0,1.0,cheolsoo@apache.org,1,0.017857142857142856,14.0,0.0,0.0,0.0,164.97297297297297,1699.0309433673542,1,0,0.916290731874155,false
src/java/org/apache/sqoop/manager/SqlManager.java,676.0,34.0,407.0,38.0,208.0,136.0,3.0,jarcec@apache.org,1,0.017857142857142856,6.0,0.0,0.0,0.0,79.84615384615385,218.5361079228269,1,0,1.1394342831883648,false
src/java/org/apache/sqoop/mapreduce/AvroImportMapper.java,66.0,21.0,2.0,5.0,22.0,16.0,2.0,jarcec@apache.org,1,0.017857142857142856,12.0,0.0,0.0,0.0,164.97297297297297,1699.0309433673542,1,0,0.916290731874155,false
src/java/org/apache/sqoop/mapreduce/DataDrivenImportJob.java,122.0,21.0,21.0,7.0,48.0,25.0,2.0,jarcec@apache.org,2,0.03571428571428571,10.0,0.0,0.0,0.0,244.81912681912684,1917.567051290181,2,0,0.3347153269713147,false
src/java/org/apache/sqoop/mapreduce/JdbcExportJob.java,68.0,16.0,9.0,6.0,26.0,18.0,9.0,jarcec@apache.org,1,0.017857142857142856,11.0,0.0,0.0,0.0,164.97297297297297,1699.0309433673542,1,0,0.916290731874155,false
src/java/org/apache/sqoop/mapreduce/MySQLDumpMapper.java,315.0,23.0,0.0,2.0,25.0,10.0,6.0,kathleen@apache.org,2,0.03571428571428571,40.0,0.0,0.0,0.0,170.97297297297297,1709.538054563654,2,1,0.6812889172512874,false
src/java/org/apache/sqoop/mapreduce/db/DBRecordReader.java,208.0,18.0,135.0,22.0,29.0,64.0,0.0,blee@apache.org,0,0.0,0.0,0.0,0.0,0.0,0.0,0.0,0,0,0.0,false
src/java/org/apache/sqoop/orm/AvroSchemaGenerator.java,86.0,13.0,4.0,5.0,24.0,14.0,9.0,blee@apache.org,1,0.017857142857142856,8.0,0.0,0.0,0.0,164.97297297297297,1699.0309433673542,1,0,0.916290731874155,false
src/java/org/apache/sqoop/orm/ClassWriter.java,951.0,55.0,214.0,33.0,165.0,147.0,9.0,jarcec@apache.org,1,0.017857142857142856,5.0,0.0,0.0,0.0,164.97297297297297,1699.0309433673542,1,0,0.916290731874155,false
src/java/org/apache/sqoop/tool/BaseSqoopTool.java,546.0,27.0,304.0,28.0,147.0,99.0,3.0,jarcec@apache.org,4,0.07142857142857142,11.0,3.0,3.0,0.0,250.81912681912684,1928.0741624864809,4,1,0.21721441965988086,false
src/java/org/apache/sqoop/tool/ImportTool.java,578.0,30.0,130.0,21.0,184.0,90.0,0.0,jarcec@apache.org,0,0.0,0.0,0.0,0.0,0.0,0.0,0.0,0,0,0.0,false
src/test/com/cloudera/sqoop/TestAllTables.java,89.0,12.0,1.0,3.0,27.0,12.0,9.0,arvind@apache.org,1,0.017857142857142856,14.0,0.0,0.0,0.0,164.97297297297297,1699.0309433673542,1,0,0.916290731874155,false
src/test/com/cloudera/sqoop/TestColumnTypes.java,24.0,3.0,15.0,6.0,1.0,12.0,0.0,arvind@apache.org,0,0.0,0.0,0.0,0.0,0.0,0.0,0.0,0,0,0.0,false
src/test/com/cloudera/sqoop/TestFreeFormQueryImport.java,89.0,16.0,2.0,5.0,25.0,15.0,4.0,jarcec@apache.org,1,0.017857142857142856,100.0,0.0,0.0,0.0,79.84615384615385,218.5361079228269,1,0,1.1394342831883648,false
src/test/com/cloudera/sqoop/TestIncrementalImport.java,640.0,28.0,471.0,34.0,237.0,102.0,0.0,null,0,0.0,0.0,0.0,0.0,0.0,0.0,0.0,0,1,0.0,false
src/test/com/cloudera/sqoop/TestMultiCols.java,137.0,4.0,171.0,19.0,21.0,40.0,0.0,arvind@apache.org,0,0.0,0.0,0.0,0.0,0.0,0.0,0.0,0,0,0.0,false
src/test/com/cloudera/sqoop/manager/MySQLAllTablesTest.java,27.0,7.0,6.0,4.0,8.0,8.0,9.0,blee@apache.org,1,0.017857142857142856,100.0,0.0,0.0,0.0,164.97297297297297,1699.0309433673542,1,0,0.916290731874155,false
src/test/com/cloudera/sqoop/manager/MySQLCompatTest.java,93.0,10.0,120.0,16.0,20.0,37.0,0.0,arvind@apache.org,0,0.0,0.0,0.0,0.0,0.0,0.0,0.0,0,0,0.0,false
src/test/com/cloudera/sqoop/manager/MySQLFreeFormQueryTest.java,31.0,9.0,10.0,5.0,8.0,10.0,4.0,jarcec@apache.org,1,0.017857142857142856,100.0,0.0,0.0,0.0,79.84615384615385,218.5361079228269,1,0,1.1394342831883648,false
src/test/com/cloudera/sqoop/manager/MySQLLobAvroImportTest.java,34.0,9.0,15.0,6.0,8.0,12.0,3.0,blee@apache.org,1,0.017857142857142856,100.0,100.0,0.0,0.0,164.97297297297297,1699.0309433673542,1,0,0.916290731874155,false
src/test/com/cloudera/sqoop/manager/OracleCompatTest.java,114.0,8.0,372.0,28.0,27.0,59.0,0.0,jarcec@apache.org,0,0.0,0.0,0.0,0.0,0.0,0.0,0.0,0,1,0.0,false
src/test/com/cloudera/sqoop/manager/OracleFreeFormQueryTest.java,20.0,6.0,6.0,4.0,3.0,8.0,4.0,jarcec@apache.org,1,0.017857142857142856,100.0,0.0,0.0,0.0,79.84615384615385,218.5361079228269,1,0,1.1394342831883648,false
src/test/com/cloudera/sqoop/manager/OracleLobAvroImportTest.java,39.0,8.0,15.0,6.0,8.0,14.0,3.0,blee@apache.org,1,0.017857142857142856,100.0,100.0,0.0,0.0,164.97297297297297,1699.0309433673542,1,0,0.916290731874155,false
src/test/com/cloudera/sqoop/testutil/BaseSqoopTestCase.java,322.0,23.0,301.0,27.0,67.0,69.0,0.0,abayer@apache.org,0,0.0,0.0,0.0,0.0,0.0,0.0,0.0,0,2,0.0,false
src/test/com/cloudera/sqoop/testutil/LobAvroImportTestCase.java,219.0,17.0,208.0,21.0,99.0,54.0,3.0,abraham@elmahrek.com,1,0.017857142857142856,25.0,25.0,0.0,0.0,164.97297297297297,1699.0309433673542,1,0,0.916290731874155,false
src/test/com/cloudera/sqoop/testutil/ManagerCompatTestCase.java,617.0,8.0,4668.0,101.0,193.0,244.0,0.0,abayer@apache.org,0,0.0,0.0,0.0,0.0,0.0,0.0,0.0,0,1,0.0,false
