name,LOC,CBO,LCOM,NOM,RFC,WMC,ACS,Ownership,numOfChanges,numberOfFIChanges,ENH,NF,BugFixing,REF,structuralWorkloadSum,semanticWorkloadSum,numberOfDeveloper,pastFaults,MAF,isBuggy
src/java/com/cloudera/sqoop/manager/ImportJobContext.java,14.0,2.0,3.0,3.0,0.0,4.0,0.0,abayer@apache.org,0,0.0,0.0,0.0,0.0,0.0,0.0,0.0,0,1,0.0,false
src/java/org/apache/sqoop/ConnFactory.java,181.0,22.0,0.0,6.0,58.0,28.0,1.0,blee@apache.org,1,0.017857142857142856,25.0,0.0,12.0,0.0,7.0,38.28070188220012,1,0,1.7635885922613588,false
src/java/org/apache/sqoop/SqoopOptions.java,1408.0,19.0,17043.0,190.0,167.0,400.0,0.0,jarcec@apache.org,0,0.0,0.0,0.0,0.0,0.0,0.0,0.0,0,0,0.0,false
src/java/org/apache/sqoop/hive/HiveImport.java,232.0,27.0,0.0,9.0,62.0,39.0,0.0,jarcec@apache.org,0,0.0,0.0,0.0,0.0,0.0,0.0,0.0,0,0,0.0,false
src/java/org/apache/sqoop/hive/TableDefWriter.java,195.0,16.0,0.0,7.0,45.0,32.0,0.0,arvind@apache.org,0,0.0,0.0,0.0,0.0,0.0,0.0,0.0,0,0,0.0,false
src/java/org/apache/sqoop/manager/CatalogQueryManager.java,205.0,9.0,24.0,9.0,54.0,30.0,15.0,abhijeet@apache.org,1,0.017857142857142856,25.0,0.0,0.0,0.0,103.5,423.2075648261898,1,0,2.8622008809294686,false
src/java/org/apache/sqoop/manager/Db2Manager.java,68.0,14.0,10.0,5.0,16.0,15.0,0.0,abhijeet@apache.org,0,0.0,0.0,0.0,0.0,0.0,0.0,0.0,0,0,0.0,false
src/java/org/apache/sqoop/manager/DefaultManagerFactory.java,55.0,5.0,0.0,1.0,11.0,4.0,1.0,jarcec@apache.org,2,0.03571428571428571,33.0,0.0,0.0,17.0,182.2,2278.928740686986,2,0,0.42079991963628294,false
src/java/org/apache/sqoop/manager/MySQLManager.java,159.0,14.0,100.0,16.0,38.0,45.0,1.0,jarcec@apache.org,1,0.017857142857142856,10.0,0.0,0.0,0.0,175.2,2240.648038804786,1,0,0.46430560813109784,false
src/java/org/apache/sqoop/manager/SQLServerManager.java,42.0,7.0,21.0,7.0,2.0,16.0,1.0,jarcec@apache.org,1,0.017857142857142856,8.0,0.0,0.0,0.0,175.2,2240.648038804786,1,0,0.46430560813109784,false
src/java/org/apache/sqoop/manager/SqlManager.java,676.0,35.0,407.0,38.0,208.0,136.0,15.0,jarcec@apache.org,1,0.017857142857142856,6.0,0.0,0.0,0.0,103.5,423.2075648261898,1,0,2.8622008809294686,false
src/java/org/apache/sqoop/mapreduce/AutoProgressMapper.java,110.0,4.0,0.0,2.0,11.0,7.0,4.0,jarcec@apache.org,1,0.017857142857142856,71.0,14.0,0.0,0.0,175.2,2240.648038804786,1,0,0.46430560813109784,false
src/java/org/apache/sqoop/mapreduce/AvroImportMapper.java,67.0,21.0,2.0,5.0,22.0,16.0,1.0,jarcec@apache.org,1,0.017857142857142856,12.0,0.0,0.0,0.0,175.2,2240.648038804786,1,0,0.46430560813109784,false
src/java/org/apache/sqoop/mapreduce/ExportJobBase.java,281.0,26.0,57.0,15.0,80.0,59.0,2.0,jarcec@apache.org,1,0.017857142857142856,19.0,12.0,6.0,6.0,175.2,2240.648038804786,1,0,0.46430560813109784,false
src/java/org/apache/sqoop/mapreduce/ImportJobBase.java,128.0,26.0,20.0,8.0,45.0,25.0,2.0,jarcec@apache.org,1,0.017857142857142856,18.0,12.0,6.0,6.0,175.2,2240.648038804786,1,0,0.46430560813109784,false
src/java/org/apache/sqoop/mapreduce/JobBase.java,228.0,21.0,216.0,24.0,52.0,64.0,0.0,jarcec@apache.org,0,0.0,0.0,0.0,0.0,0.0,0.0,0.0,0,0,0.0,false
src/java/org/apache/sqoop/mapreduce/MergeJob.java,92.0,14.0,1.0,2.0,30.0,7.0,0.0,venkat@hortonworks.com,0,0.0,0.0,0.0,0.0,0.0,0.0,0.0,0,0,0.0,false
src/java/org/apache/sqoop/mapreduce/MySQLDumpMapper.java,316.0,22.0,0.0,2.0,25.0,11.0,0.0,kathleen@apache.org,0,0.0,0.0,0.0,0.0,0.0,0.0,0.0,0,1,0.0,false
src/java/org/apache/sqoop/mapreduce/MySQLExportMapper.java,215.0,23.0,0.0,5.0,48.0,23.0,0.0,kathleen@apache.org,0,0.0,0.0,0.0,0.0,0.0,0.0,0.0,0,0,0.0,false
src/java/org/apache/sqoop/mapreduce/MySQLTextExportMapper.java,18.0,5.0,0.0,2.0,4.0,3.0,0.0,arvind@apache.org,0,0.0,0.0,0.0,0.0,0.0,0.0,0.0,0,0,0.0,false
src/java/org/apache/sqoop/mapreduce/SqoopMapper.java,12.0,4.0,0.0,1.0,3.0,3.0,0.0,blee@apache.org,0,0.0,0.0,0.0,0.0,0.0,0.0,0.0,0,0,0.0,false
src/java/org/apache/sqoop/mapreduce/db/DBInputFormat.java,238.0,26.0,0.0,12.0,44.0,41.0,0.0,blee@apache.org,0,0.0,0.0,0.0,0.0,0.0,0.0,0.0,0,0,0.0,false
src/java/org/apache/sqoop/mapreduce/db/DataDrivenDBRecordReader.java,60.0,11.0,1.0,3.0,17.0,12.0,15.0,cheolsoo@apache.org,1,0.017857142857142856,14.0,0.0,0.0,0.0,103.5,423.2075648261898,1,0,2.8622008809294686,false
src/java/org/apache/sqoop/mapreduce/db/Db2DBRecordReader.java,19.0,9.0,1.0,2.0,4.0,6.0,0.0,blee@apache.org,0,0.0,0.0,0.0,0.0,0.0,0.0,0.0,0,0,0.0,false
src/java/org/apache/sqoop/mapreduce/db/Db2DataDrivenDBInputFormat.java,15.0,9.0,0.0,1.0,6.0,4.0,0.0,blee@apache.org,0,0.0,0.0,0.0,0.0,0.0,0.0,0.0,0,0,0.0,false
src/java/org/apache/sqoop/mapreduce/db/Db2DataDrivenDBRecordReader.java,8.0,7.0,0.0,1.0,0.0,2.0,0.0,blee@apache.org,0,0.0,0.0,0.0,0.0,0.0,0.0,0.0,0,0,0.0,false
src/java/org/apache/sqoop/metastore/hsqldb/HsqldbJobStorage.java,606.0,19.0,0.0,28.0,159.0,109.0,18.0,jarcec@apache.org,1,0.017857142857142856,67.0,0.0,0.0,0.0,175.2,2240.648038804786,1,0,0.46430560813109784,false
src/java/org/apache/sqoop/metastore/hsqldb/HsqldbMetaStore.java,121.0,12.0,0.0,6.0,31.0,20.0,18.0,jarcec@apache.org,1,0.017857142857142856,67.0,0.0,0.0,0.0,175.2,2240.648038804786,1,0,0.46430560813109784,false
src/java/org/apache/sqoop/orm/CompilationManager.java,255.0,20.0,0.0,8.0,65.0,34.0,1.0,jarcec@apache.org,1,0.017857142857142856,17.0,0.0,17.0,17.0,0.0,0.0,1,0,2.8622008809294686,false
src/java/org/apache/sqoop/tool/BaseSqoopTool.java,546.0,25.0,304.0,28.0,145.0,99.0,0.0,jarcec@apache.org,0,0.0,0.0,0.0,0.0,0.0,0.0,0.0,0,2,0.0,false
src/java/org/apache/sqoop/tool/ExportTool.java,204.0,14.0,43.0,11.0,76.0,41.0,0.0,jarcec@apache.org,0,0.0,0.0,0.0,0.0,0.0,0.0,0.0,0,0,0.0,false
src/java/org/apache/sqoop/tool/JobTool.java,247.0,21.0,29.0,14.0,71.0,54.0,2.0,blee@apache.org,1,0.017857142857142856,50.0,0.0,0.0,0.0,7.0,38.28070188220012,1,0,1.7635885922613588,false
src/java/org/apache/sqoop/tool/MergeTool.java,109.0,13.0,26.0,8.0,34.0,23.0,2.0,blee@apache.org,1,0.017857142857142856,50.0,0.0,0.0,0.0,7.0,38.28070188220012,1,0,1.7635885922613588,false
src/java/org/apache/sqoop/util/LoggingUtils.java,24.0,4.0,3.0,3.0,4.0,5.0,0.0,abhijeet@apache.org,0,0.0,0.0,0.0,0.0,0.0,0.0,0.0,0,0,0.0,false
src/java/org/apache/sqoop/util/SqlTypeMap.java,23.0,3.0,1.0,2.0,1.0,8.0,0.0,jarcec@apache.org,0,0.0,0.0,0.0,0.0,0.0,0.0,0.0,0,0,0.0,false
src/test/com/cloudera/sqoop/TestAvroExport.java,280.0,24.0,210.0,21.0,110.0,67.0,18.0,arvind@apache.org,1,0.017857142857142856,29.0,0.0,0.0,0.0,175.2,2240.648038804786,1,0,0.46430560813109784,false
src/test/com/cloudera/sqoop/TestAvroImport.java,125.0,24.0,45.0,10.0,57.0,26.0,18.0,jarcec@apache.org,1,0.017857142857142856,12.0,0.0,0.0,0.0,175.2,2240.648038804786,1,0,0.46430560813109784,false
src/test/com/cloudera/sqoop/TestExport.java,669.0,30.0,1485.0,55.0,215.0,177.0,18.0,abayer@apache.org,1,0.017857142857142856,15.0,0.0,0.0,0.0,175.2,2240.648038804786,1,3,0.46430560813109784,false
src/test/com/cloudera/sqoop/TestMultiCols.java,137.0,4.0,171.0,19.0,21.0,40.0,18.0,arvind@apache.org,1,0.017857142857142856,29.0,0.0,0.0,0.0,175.2,2240.648038804786,1,0,0.46430560813109784,false
src/test/com/cloudera/sqoop/hive/TestHiveImport.java,340.0,25.0,148.0,20.0,116.0,58.0,18.0,jarcec@apache.org,1,0.017857142857142856,12.0,0.0,0.0,0.0,175.2,2240.648038804786,1,1,0.46430560813109784,false
src/test/com/cloudera/sqoop/hive/TestTableDefWriter.java,113.0,10.0,26.0,8.0,47.0,18.0,0.0,arvind@apache.org,0,0.0,0.0,0.0,0.0,0.0,0.0,0.0,0,0,0.0,false
src/test/com/cloudera/sqoop/manager/DB2ManagerImportManualTest.java,157.0,20.0,18.0,9.0,44.0,29.0,0.0,venkat@hortonworks.com,0,0.0,0.0,0.0,0.0,0.0,0.0,0.0,0,0,0.0,false
src/test/com/cloudera/sqoop/manager/DirectMySQLExportTest.java,140.0,17.0,81.0,14.0,40.0,33.0,18.0,abayer@apache.org,1,0.017857142857142856,25.0,0.0,0.0,0.0,175.2,2240.648038804786,1,1,0.46430560813109784,false
src/test/com/cloudera/sqoop/manager/JdbcMySQLExportTest.java,99.0,10.0,99.0,15.0,23.0,38.0,18.0,arvind@apache.org,1,0.017857142857142856,25.0,0.0,0.0,0.0,175.2,2240.648038804786,1,0,0.46430560813109784,false
src/test/com/cloudera/sqoop/manager/MySQLCompatTest.java,96.0,10.0,136.0,17.0,20.0,39.0,18.0,arvind@apache.org,1,0.017857142857142856,29.0,0.0,0.0,0.0,175.2,2240.648038804786,1,0,0.46430560813109784,false
src/test/com/cloudera/sqoop/manager/OracleCompatTest.java,120.0,8.0,429.0,30.0,27.0,63.0,18.0,jarcec@apache.org,1,0.017857142857142856,22.0,0.0,0.0,0.0,175.2,2240.648038804786,1,1,0.46430560813109784,false
src/test/com/cloudera/sqoop/manager/OracleExportTest.java,178.0,11.0,429.0,30.0,41.0,76.0,18.0,arvind@apache.org,1,0.017857142857142856,29.0,0.0,0.0,0.0,175.2,2240.648038804786,1,1,0.46430560813109784,false
src/test/com/cloudera/sqoop/manager/SQLServerManagerImportManualTest.java,140.0,22.0,9.0,7.0,39.0,21.0,0.0,null,0,0.0,0.0,0.0,0.0,0.0,0.0,0.0,0,1,0.0,false
src/test/com/cloudera/sqoop/mapreduce/db/TestDataDrivenDBInputFormat.java,131.0,17.0,7.0,6.0,35.0,16.0,18.0,arvind@apache.org,1,0.017857142857142856,18.0,0.0,0.0,0.0,175.2,2240.648038804786,1,0,0.46430560813109784,false
src/test/com/cloudera/sqoop/testutil/ManagerCompatTestCase.java,629.0,8.0,4668.0,101.0,196.0,248.0,18.0,abayer@apache.org,1,0.017857142857142856,20.0,0.0,0.0,0.0,175.2,2240.648038804786,1,1,0.46430560813109784,false
