name,LOC,CBO,LCOM,NOM,RFC,WMC,ACS,Ownership,numOfChanges,numberOfFIChanges,ENH,NF,BugFixing,REF,structuralWorkloadSum,semanticWorkloadSum,numberOfDeveloper,pastFaults,MAF,isBuggy
src/java/com/cloudera/sqoop/manager/PostgresqlManager.java,8.0,1.0,0.0,1.0,0.0,1.0,0.0,abayer@apache.org,0,0.0,0.0,0.0,0.0,0.0,0.0,0.0,0,2,0.0,false
src/java/org/apache/sqoop/SqoopOptions.java,1415.0,19.0,17422.0,192.0,167.0,403.0,14.0,jarcec@apache.org,2,0.0273972602739726,4.0,7.0,0.0,0.0,383.1012987012987,4602.392398629292,2,0,0.035091319811270116,false
src/java/org/apache/sqoop/manager/CatalogQueryManager.java,206.0,9.0,24.0,9.0,54.0,30.0,0.0,abhijeet@apache.org,0,0.0,0.0,0.0,0.0,0.0,0.0,0.0,0,0,0.0,false
src/java/org/apache/sqoop/manager/DefaultManagerFactory.java,58.0,5.0,0.0,2.0,13.0,7.0,0.0,jarcec@apache.org,0,0.0,0.0,0.0,0.0,0.0,0.0,0.0,0,0,0.0,false
src/java/org/apache/sqoop/manager/DirectMySQLManager.java,56.0,11.0,10.0,5.0,15.0,14.0,7.0,cheolsoo@apache.org,1,0.0136986301369863,50.0,0.0,0.0,0.0,191.27272727272728,2012.3055607391125,1,0,0.7282385003712154,false
src/java/org/apache/sqoop/manager/DirectPostgresqlManager.java,320.0,26.0,15.0,7.0,64.0,29.0,1.0,jarcec@apache.org,1,0.0,0.0,0.0,9.0,0.0,191.82857142857142,2590.086837890179,1,1,0.7282385003712154,false
src/java/org/apache/sqoop/manager/MySQLManager.java,172.0,17.0,149.0,19.0,37.0,52.0,5.0,jarcec@apache.org,2,0.0273972602739726,20.0,10.0,0.0,0.0,383.1012987012987,4602.392398629292,2,0,0.035091319811270116,false
src/java/org/apache/sqoop/manager/OracleManager.java,611.0,30.0,200.0,24.0,135.0,88.0,2.0,jarcec@apache.org,1,0.0136986301369863,7.0,7.0,0.0,0.0,191.82857142857142,2590.086837890179,1,0,0.7282385003712154,false
src/java/org/apache/sqoop/manager/PGBulkloadManager.java,18.0,9.0,3.0,3.0,3.0,5.0,0.0,jarcec@apache.org,0,0.0,0.0,0.0,0.0,0.0,0.0,0.0,0,0,0.0,false
src/java/org/apache/sqoop/manager/PostgresqlManager.java,105.0,12.0,126.0,17.0,30.0,46.0,0.0,cheolsoo@apache.org,0,0.0,0.0,0.0,0.0,0.0,0.0,0.0,0,0,0.0,false
src/java/org/apache/sqoop/manager/SQLServerManager.java,90.0,13.0,37.0,10.0,18.0,29.0,6.0,jarcec@apache.org,1,0.0136986301369863,17.0,0.0,0.0,0.0,191.27272727272728,2012.3055607391125,1,0,0.7282385003712154,false
src/java/org/apache/sqoop/manager/SqlManager.java,680.0,35.0,407.0,38.0,211.0,136.0,0.0,jarcec@apache.org,0,0.0,0.0,0.0,0.0,0.0,0.0,0.0,0,0,0.0,false
src/java/org/apache/sqoop/mapreduce/AutoProgressMapper.java,35.0,3.0,0.0,1.0,7.0,4.0,0.0,jarcec@apache.org,0,0.0,0.0,0.0,0.0,0.0,0.0,0.0,0,0,0.0,false
src/java/org/apache/sqoop/mapreduce/AutoProgressReducer.java,29.0,3.0,0.0,1.0,7.0,4.0,0.0,jarcec@apache.org,0,0.0,0.0,0.0,0.0,0.0,0.0,0.0,0,0,0.0,false
src/java/org/apache/sqoop/mapreduce/ExportJobBase.java,302.0,26.0,105.0,18.0,85.0,69.0,14.0,jarcec@apache.org,2,0.0273972602739726,6.0,12.0,0.0,0.0,383.1012987012987,4602.392398629292,2,1,0.035091319811270116,false
src/java/org/apache/sqoop/mapreduce/HBaseImportJob.java,104.0,26.0,15.0,6.0,36.0,16.0,3.0,jarcec@apache.org,1,0.0136986301369863,18.0,0.0,0.0,0.0,191.27272727272728,2012.3055607391125,1,0,0.7282385003712154,true
src/java/org/apache/sqoop/mapreduce/ImportJobBase.java,143.0,26.0,37.0,10.0,49.0,31.0,14.0,jarcec@apache.org,2,0.0273972602739726,6.0,12.0,0.0,0.0,383.1012987012987,4602.392398629292,2,1,0.035091319811270116,false
src/java/org/apache/sqoop/mapreduce/JdbcExportJob.java,68.0,16.0,9.0,6.0,27.0,18.0,11.0,jarcec@apache.org,1,0.0,0.0,0.0,0.0,0.0,191.82857142857142,2590.086837890179,1,0,0.7282385003712154,false
src/java/org/apache/sqoop/mapreduce/JdbcUpdateExportJob.java,79.0,16.0,10.0,5.0,25.0,18.0,9.0,arvind@apache.org,2,0.0136986301369863,25.0,0.0,0.0,0.0,383.1012987012987,4602.392398629292,2,0,0.035091319811270116,false
src/java/org/apache/sqoop/mapreduce/JdbcUpsertExportJob.java,53.0,13.0,1.0,2.0,21.0,9.0,11.0,arvind@apache.org,1,0.0,0.0,0.0,0.0,0.0,191.82857142857142,2590.086837890179,1,0,0.7282385003712154,false
src/java/org/apache/sqoop/mapreduce/MySQLExportMapper.java,234.0,23.0,0.0,5.0,49.0,23.0,1.0,kathleen@apache.org,1,0.0136986301369863,25.0,25.0,0.0,0.0,0.0,0.0,1,0,3.367295829986474,false
src/java/org/apache/sqoop/mapreduce/PGBulkloadExportJob.java,115.0,19.0,43.0,10.0,54.0,25.0,11.0,jarcec@apache.org,1,0.0,0.0,0.0,0.0,0.0,191.82857142857142,2590.086837890179,1,0,0.7282385003712154,false
src/java/org/apache/sqoop/mapreduce/PGBulkloadExportMapper.java,225.0,23.0,2.0,5.0,51.0,22.0,0.0,jarcec@apache.org,0,0.0,0.0,0.0,0.0,0.0,0.0,0.0,0,0,0.0,false
src/java/org/apache/sqoop/mapreduce/PGBulkloadExportReducer.java,61.0,11.0,0.0,3.0,12.0,11.0,0.0,abhijeet@apache.org,0,0.0,0.0,0.0,0.0,0.0,0.0,0.0,0,0,0.0,false
src/java/org/apache/sqoop/mapreduce/ProgressThread.java,86.0,3.0,0.0,4.0,11.0,11.0,0.0,jarcec@apache.org,0,0.0,0.0,0.0,0.0,0.0,0.0,0.0,0,0,0.0,false
src/java/org/apache/sqoop/mapreduce/SqoopReducer.java,12.0,4.0,0.0,1.0,3.0,3.0,0.0,jarcec@apache.org,0,0.0,0.0,0.0,0.0,0.0,0.0,0.0,0,0,0.0,false
src/java/org/apache/sqoop/mapreduce/db/DataDrivenDBInputFormat.java,195.0,33.0,15.0,7.0,47.0,22.0,1.0,jarcec@apache.org,1,0.0136986301369863,12.0,0.0,12.0,0.0,191.82857142857142,2590.086837890179,1,0,0.7282385003712154,false
src/java/org/apache/sqoop/mapreduce/db/DataDrivenDBRecordReader.java,60.0,11.0,1.0,3.0,17.0,12.0,5.0,cheolsoo@apache.org,1,0.0136986301369863,14.0,0.0,0.0,0.0,191.27272727272728,2012.3055607391125,1,0,0.7282385003712154,false
src/java/org/apache/sqoop/mapreduce/db/IntegerSplitter.java,68.0,11.0,1.0,2.0,13.0,14.0,0.0,arvind@apache.org,0,0.0,0.0,0.0,0.0,0.0,0.0,0.0,0,0,0.0,false
src/java/org/apache/sqoop/mapreduce/mysql/MySQLUpsertOutputFormat.java,67.0,8.0,0.0,1.0,0.0,4.0,7.0,jarcec@apache.org,1,0.0136986301369863,50.0,0.0,0.0,0.0,191.27272727272728,2012.3055607391125,1,0,0.7282385003712154,false
src/java/org/apache/sqoop/metastore/hsqldb/HsqldbJobStorage.java,599.0,19.0,0.0,28.0,159.0,109.0,0.0,jarcec@apache.org,0,0.0,0.0,0.0,0.0,0.0,0.0,0.0,0,0,0.0,false
src/java/org/apache/sqoop/metastore/hsqldb/HsqldbMetaStore.java,121.0,12.0,0.0,6.0,31.0,20.0,0.0,jarcec@apache.org,0,0.0,0.0,0.0,0.0,0.0,0.0,0.0,0,0,0.0,false
src/java/org/apache/sqoop/orm/AvroSchemaGenerator.java,86.0,13.0,4.0,5.0,24.0,14.0,1.0,blee@apache.org,1,0.0,0.0,0.0,8.0,0.0,20.0,6.738656643749947,1,0,0.7282385003712154,false
src/java/org/apache/sqoop/tool/BaseSqoopTool.java,547.0,25.0,304.0,28.0,145.0,99.0,14.0,jarcec@apache.org,2,0.0273972602739726,3.0,6.0,0.0,0.0,383.1012987012987,4602.392398629292,2,2,0.035091319811270116,false
src/java/org/apache/sqoop/tool/ExportTool.java,207.0,14.0,43.0,11.0,77.0,41.0,9.0,jarcec@apache.org,2,0.0273972602739726,25.0,25.0,0.0,0.0,383.1012987012987,4602.392398629292,2,0,0.09172433207640251,false
src/java/org/apache/sqoop/tool/ImportTool.java,582.0,30.0,130.0,21.0,185.0,90.0,14.0,jarcec@apache.org,2,0.0273972602739726,5.0,10.0,0.0,0.0,383.1012987012987,4602.392398629292,2,0,0.035091319811270116,false
src/java/org/apache/sqoop/util/PostgreSQLUtils.java,21.0,7.0,1.0,2.0,6.0,4.0,0.0,jarcec@apache.org,0,0.0,0.0,0.0,0.0,0.0,0.0,0.0,0,0,0.0,false
src/java/org/apache/sqoop/util/SubprocessSecurityManager.java,44.0,3.0,0.0,5.0,9.0,10.0,0.0,jarcec@cloudera.com,0,0.0,0.0,0.0,0.0,0.0,0.0,0.0,0,0,0.0,false
src/test/com/cloudera/sqoop/TestAvroExport.java,280.0,24.0,210.0,21.0,110.0,67.0,0.0,arvind@apache.org,0,0.0,0.0,0.0,0.0,0.0,0.0,0.0,0,0,0.0,false
src/test/com/cloudera/sqoop/TestAvroImport.java,125.0,24.0,45.0,10.0,57.0,26.0,0.0,jarcec@apache.org,0,0.0,0.0,0.0,0.0,0.0,0.0,0.0,0,0,0.0,false
src/test/com/cloudera/sqoop/TestExport.java,663.0,30.0,1431.0,54.0,210.0,175.0,0.0,abayer@apache.org,0,0.0,0.0,0.0,0.0,0.0,0.0,0.0,0,3,0.0,false
src/test/com/cloudera/sqoop/TestMultiCols.java,137.0,4.0,171.0,19.0,21.0,40.0,0.0,arvind@apache.org,0,0.0,0.0,0.0,0.0,0.0,0.0,0.0,0,0,0.0,false
src/test/com/cloudera/sqoop/ThirdPartyTests.java,21.0,13.0,1.0,2.0,1.0,4.0,8.0,jarcec@apache.org,1,0.0,0.0,0.0,0.0,8.0,191.27272727272728,2012.3055607391125,1,0,0.7282385003712154,false
src/test/com/cloudera/sqoop/hive/TestHiveImport.java,340.0,25.0,148.0,20.0,116.0,58.0,0.0,jarcec@apache.org,0,0.0,0.0,0.0,0.0,0.0,0.0,0.0,0,1,0.0,false
src/test/com/cloudera/sqoop/manager/DirectMySQLExportTest.java,137.0,17.0,68.0,13.0,39.0,31.0,0.0,abayer@apache.org,0,0.0,0.0,0.0,0.0,0.0,0.0,0.0,0,1,0.0,false
src/test/com/cloudera/sqoop/manager/JdbcMySQLExportTest.java,108.0,10.0,99.0,15.0,27.0,39.0,7.0,arvind@apache.org,1,0.0136986301369863,12.0,0.0,0.0,0.0,191.27272727272728,2012.3055607391125,1,0,0.7282385003712154,false
src/test/com/cloudera/sqoop/manager/ManualMySQLTests.java,16.0,3.0,1.0,2.0,1.0,4.0,7.0,cheolsoo@apache.org,1,0.0136986301369863,100.0,0.0,0.0,0.0,191.27272727272728,2012.3055607391125,1,0,0.7282385003712154,false
src/test/com/cloudera/sqoop/manager/MySQLCompatTest.java,93.0,10.0,120.0,16.0,20.0,37.0,0.0,arvind@apache.org,0,0.0,0.0,0.0,0.0,0.0,0.0,0.0,0,0,0.0,false
src/test/com/cloudera/sqoop/manager/OracleCompatTest.java,136.0,8.0,490.0,32.0,31.0,67.0,3.0,jarcec@apache.org,1,0.0136986301369863,11.0,11.0,0.0,0.0,191.82857142857142,2590.086837890179,1,1,0.7282385003712154,false
src/test/com/cloudera/sqoop/manager/OracleExportTest.java,175.0,11.0,400.0,29.0,40.0,74.0,0.0,arvind@apache.org,0,0.0,0.0,0.0,0.0,0.0,0.0,0.0,0,1,0.0,false
src/test/com/cloudera/sqoop/manager/PGBulkloadManagerManualTest.java,97.0,11.0,101.0,15.0,32.0,32.0,11.0,jarcec@apache.org,1,0.0,0.0,0.0,0.0,0.0,191.82857142857142,2590.086837890179,1,0,0.7282385003712154,false
src/test/com/cloudera/sqoop/manager/PostgresqlExportTest.java,194.0,17.0,0.0,15.0,74.0,36.0,0.0,jarcec@apache.org,0,0.0,0.0,0.0,0.0,0.0,0.0,0.0,0,0,0.0,false
src/test/com/cloudera/sqoop/manager/PostgresqlImportTest.java,177.0,21.0,24.0,12.0,48.0,38.0,2.0,jarcec@apache.org,1,0.0,0.0,0.0,0.0,0.0,191.82857142857142,2590.086837890179,1,0,0.7282385003712154,false
src/test/com/cloudera/sqoop/manager/SQLServerManagerExportManualTest.java,186.0,19.0,27.0,11.0,50.0,27.0,6.0,venkat@hortonworks.com,1,0.0136986301369863,50.0,0.0,0.0,0.0,191.27272727272728,2012.3055607391125,1,0,0.7282385003712154,false
src/test/com/cloudera/sqoop/manager/SQLServerManagerImportManualTest.java,182.0,22.0,23.0,10.0,43.0,31.0,6.0,null,1,0.0136986301369863,25.0,0.0,0.0,0.0,191.27272727272728,2012.3055607391125,1,1,0.7282385003712154,false
src/test/com/cloudera/sqoop/mapreduce/db/TestDataDrivenDBInputFormat.java,131.0,17.0,7.0,6.0,35.0,16.0,11.0,arvind@apache.org,1,0.0,0.0,0.0,0.0,0.0,191.82857142857142,2590.086837890179,1,0,0.7282385003712154,false
src/test/com/cloudera/sqoop/testutil/ExportJobTestCase.java,237.0,16.0,39.0,10.0,49.0,34.0,1.0,null,1,0.0136986301369863,8.0,0.0,0.0,0.0,20.0,6.738656643749947,1,0,0.7282385003712154,false
src/test/com/cloudera/sqoop/testutil/ManagerCompatTestCase.java,617.0,8.0,4668.0,101.0,193.0,244.0,0.0,abayer@apache.org,0,0.0,0.0,0.0,0.0,0.0,0.0,0.0,0,1,0.0,false
src/test/org/apache/sqoop/mapreduce/db/TestIntegerSplitter.java,77.0,4.0,45.0,10.0,29.0,26.0,0.0,cheolsoo@apache.org,0,0.0,0.0,0.0,0.0,0.0,0.0,0.0,0,0,0.0,false
