name,LOC,CBO,LCOM,NOM,RFC,WMC,ACS,Ownership,numOfChanges,numberOfFIChanges,ENH,NF,BugFixing,REF,structuralWorkloadSum,semanticWorkloadSum,numberOfDeveloper,pastFaults,MAF,isBuggy
src/java/com/cloudera/sqoop/manager/MySQLUtils.java,26.0,2.0,3.0,3.0,2.0,6.0,5.0,abayer@apache.org,1,0.0,0.0,0.0,0.0,0.0,117.77777777777779,503.64804747864173,1,1,1.0986122886681098,false
src/java/com/cloudera/sqoop/mapreduce/JobBase.java,32.0,16.0,15.0,6.0,12.0,12.0,20.0,abayer@apache.org,1,0.0,0.0,0.0,0.0,0.0,509.0422535211268,6499.241108912786,1,4,0.40546510810816444,false
src/java/org/apache/sqoop/SqoopOptions.java,1504.0,24.0,21197.0,211.0,179.0,439.0,14.0,jarcec@apache.org,3,0.030303030303030304,7.0,7.0,0.0,4.0,669.9628884417617,7061.993574528142,3,0,-0.46096886759176714,false
src/java/org/apache/sqoop/hive/HiveImport.java,233.0,28.0,0.0,9.0,62.0,39.0,16.0,jarcec@apache.org,1,0.010101010101010102,14.0,0.0,29.0,0.0,509.0422535211268,6499.241108912786,1,0,0.40546510810816444,false
src/java/org/apache/sqoop/hive/TableDefWriter.java,201.0,16.0,0.0,7.0,47.0,32.0,4.0,arvind@apache.org,1,0.010101010101010102,0.0,14.0,0.0,0.0,117.77777777777779,503.64804747864173,1,0,1.0986122886681098,false
src/java/org/apache/sqoop/lib/DelimiterSet.java,145.0,0.0,23.0,18.0,3.0,44.0,0.0,arvind@apache.org,0,0.0,0.0,0.0,0.0,0.0,0.0,0.0,0,0,0.0,false
src/java/org/apache/sqoop/manager/CatalogQueryManager.java,206.0,10.0,24.0,9.0,54.0,30.0,0.0,abhijeet@apache.org,0,0.0,0.0,0.0,0.0,0.0,0.0,0.0,0,1,0.0,false
src/java/org/apache/sqoop/manager/ConnManager.java,458.0,24.0,926.0,44.0,32.0,141.0,15.0,jarcec@apache.org,1,0.010101010101010102,6.0,0.0,6.0,0.0,509.0422535211268,6499.241108912786,1,0,0.40546510810816444,false
src/java/org/apache/sqoop/manager/Db2Manager.java,68.0,15.0,10.0,5.0,16.0,15.0,0.0,abhijeet@apache.org,0,0.0,0.0,0.0,0.0,0.0,0.0,0.0,0,1,0.0,false
src/java/org/apache/sqoop/manager/DefaultManagerFactory.java,66.0,5.0,0.0,2.0,13.0,7.0,0.0,jarcec@apache.org,0,0.0,0.0,0.0,0.0,0.0,0.0,0.0,0,0,0.0,false
src/java/org/apache/sqoop/manager/DirectNetezzaManager.java,155.0,22.0,32.0,9.0,60.0,32.0,0.0,jarcec@apache.org,0,0.0,0.0,0.0,0.0,0.0,0.0,0.0,0,0,0.0,false
src/java/org/apache/sqoop/manager/DirectPostgresqlManager.java,365.0,31.0,18.0,9.0,78.0,34.0,6.0,jarcec@apache.org,1,0.010101010101010102,9.0,0.0,0.0,0.0,509.0422535211268,6499.241108912786,1,2,0.40546510810816444,false
src/java/org/apache/sqoop/manager/ExportJobContext.java,47.0,3.0,7.0,6.0,1.0,11.0,0.0,jarcec@apache.org,0,0.0,0.0,0.0,0.0,0.0,0.0,0.0,0,0,0.0,false
src/java/org/apache/sqoop/manager/ImportJobContext.java,69.0,7.0,20.0,9.0,1.0,19.0,0.0,jarcec@apache.org,0,0.0,0.0,0.0,0.0,0.0,0.0,0.0,0,0,0.0,false
src/java/org/apache/sqoop/manager/MySQLManager.java,172.0,17.0,149.0,19.0,36.0,51.0,0.0,jarcec@apache.org,0,0.0,0.0,0.0,0.0,0.0,0.0,0.0,0,1,0.0,false
src/java/org/apache/sqoop/manager/MySQLUtils.java,42.0,15.0,3.0,3.0,9.0,8.0,5.0,kathleen@apache.org,1,0.0,0.0,0.0,0.0,0.0,117.77777777777779,503.64804747864173,1,0,1.0986122886681098,false
src/java/org/apache/sqoop/manager/NetezzaManager.java,110.0,16.0,58.0,12.0,37.0,34.0,0.0,jarcec@apache.org,0,0.0,0.0,0.0,0.0,0.0,0.0,0.0,0,0,0.0,false
src/java/org/apache/sqoop/manager/OracleManager.java,654.0,33.0,206.0,25.0,153.0,96.0,2.0,jarcec@apache.org,1,0.010101010101010102,7.0,0.0,0.0,0.0,509.0422535211268,6499.241108912786,1,1,0.40546510810816444,false
src/java/org/apache/sqoop/manager/PostgresqlManager.java,111.0,12.0,161.0,19.0,31.0,50.0,0.0,cheolsoo@apache.org,0,0.0,0.0,0.0,0.0,0.0,0.0,0.0,0,0,0.0,false
src/java/org/apache/sqoop/manager/SQLServerManager.java,140.0,16.0,77.0,14.0,26.0,42.0,1.0,jarcec@apache.org,1,0.0,0.0,0.0,8.0,0.0,509.0422535211268,6499.241108912786,1,0,0.40546510810816444,false
src/java/org/apache/sqoop/manager/SqlManager.java,751.0,39.0,454.0,41.0,235.0,151.0,2.0,jarcec@apache.org,1,0.010101010101010102,6.0,0.0,0.0,0.0,509.0422535211268,6499.241108912786,1,2,0.40546510810816444,false
src/java/org/apache/sqoop/mapreduce/CombineFileInputFormat.java,314.0,28.0,73.0,14.0,32.0,39.0,1.0,arvind@apache.org,1,0.010101010101010102,33.0,0.0,0.0,0.0,509.0422535211268,6499.241108912786,1,0,0.40546510810816444,false
src/java/org/apache/sqoop/mapreduce/ExportJobBase.java,327.0,28.0,107.0,19.0,93.0,72.0,38.0,jarcec@apache.org,1,0.010101010101010102,6.0,0.0,0.0,0.0,509.0422535211268,6499.241108912786,1,2,0.40546510810816444,false
src/java/org/apache/sqoop/mapreduce/ImportJobBase.java,173.0,28.0,37.0,11.0,57.0,34.0,38.0,jarcec@apache.org,1,0.010101010101010102,6.0,0.0,0.0,0.0,509.0422535211268,6499.241108912786,1,1,0.40546510810816444,false
src/java/org/apache/sqoop/mapreduce/JobBase.java,228.0,21.0,216.0,24.0,52.0,64.0,20.0,jarcec@apache.org,1,0.010101010101010102,12.0,0.0,0.0,0.0,509.0422535211268,6499.241108912786,1,0,0.40546510810816444,false
src/java/org/apache/sqoop/mapreduce/MySQLDumpMapper.java,316.0,24.0,0.0,2.0,26.0,11.0,5.0,kathleen@apache.org,1,0.0,0.0,0.0,0.0,0.0,117.77777777777779,503.64804747864173,1,1,1.0986122886681098,false
src/java/org/apache/sqoop/mapreduce/MySQLExportMapper.java,234.0,24.0,0.0,5.0,50.0,23.0,5.0,kathleen@apache.org,1,0.0,0.0,0.0,0.0,0.0,117.77777777777779,503.64804747864173,1,0,1.0986122886681098,false
src/java/org/apache/sqoop/mapreduce/PGBulkloadExportMapper.java,236.0,24.0,2.0,5.0,55.0,24.0,0.0,jarcec@apache.org,0,0.0,0.0,0.0,0.0,0.0,0.0,0.0,0,3,0.0,false
src/java/org/apache/sqoop/mapreduce/PGBulkloadExportReducer.java,61.0,12.0,0.0,3.0,13.0,11.0,0.0,abhijeet@apache.org,0,0.0,0.0,0.0,0.0,0.0,0.0,0.0,0,1,0.0,false
src/java/org/apache/sqoop/mapreduce/db/DBConfiguration.java,364.0,17.0,0.0,39.0,75.0,82.0,5.0,jarcec@apache.org,1,0.0,0.0,0.0,0.0,0.0,117.77777777777779,503.64804747864173,1,0,1.0986122886681098,false
src/java/org/apache/sqoop/mapreduce/db/DBOutputFormat.java,149.0,19.0,21.0,7.0,18.0,26.0,0.0,blee@apache.org,0,0.0,0.0,0.0,0.0,0.0,0.0,0.0,0,1,0.0,false
src/java/org/apache/sqoop/mapreduce/db/DBRecordReader.java,209.0,18.0,135.0,22.0,30.0,64.0,0.0,blee@apache.org,0,0.0,0.0,0.0,0.0,0.0,0.0,0.0,0,1,0.0,false
src/java/org/apache/sqoop/mapreduce/db/DataDrivenDBInputFormat.java,198.0,33.0,15.0,7.0,47.0,23.0,0.0,jarcec@apache.org,0,0.0,0.0,0.0,0.0,0.0,0.0,0.0,0,2,0.0,false
src/java/org/apache/sqoop/mapreduce/db/netezza/NetezzaDBDataSliceSplitter.java,15.0,7.0,0.0,1.0,4.0,3.0,0.0,jarcec@apache.org,0,0.0,0.0,0.0,0.0,0.0,0.0,0.0,0,0,0.0,false
src/java/org/apache/sqoop/mapreduce/db/netezza/NetezzaExternalTableExportMapper.java,164.0,20.0,0.0,5.0,52.0,24.0,0.0,jarcec@apache.org,0,0.0,0.0,0.0,0.0,0.0,0.0,0.0,0,0,0.0,false
src/java/org/apache/sqoop/mapreduce/db/netezza/NetezzaExternalTableImportMapper.java,171.0,20.0,0.0,3.0,48.0,20.0,0.0,jarcec@apache.org,0,0.0,0.0,0.0,0.0,0.0,0.0,0.0,0,0,0.0,false
src/java/org/apache/sqoop/mapreduce/db/netezza/NetezzaExternalTableRecordExportMapper.java,9.0,3.0,0.0,1.0,2.0,2.0,0.0,jarcec@apache.org,0,0.0,0.0,0.0,0.0,0.0,0.0,0.0,0,0,0.0,false
src/java/org/apache/sqoop/mapreduce/db/netezza/NetezzaExternalTableTextExportMapper.java,9.0,3.0,0.0,1.0,2.0,2.0,0.0,jarcec@apache.org,0,0.0,0.0,0.0,0.0,0.0,0.0,0.0,0,0,0.0,false
src/java/org/apache/sqoop/mapreduce/db/netezza/NetezzaJDBCStatementRunner.java,56.0,5.0,0.0,5.0,10.0,12.0,0.0,jarcec@apache.org,0,0.0,0.0,0.0,0.0,0.0,0.0,0.0,0,0,0.0,false
src/java/org/apache/sqoop/mapreduce/netezza/NetezzaDataDrivenDBInputFormat.java,15.0,12.0,0.0,1.0,8.0,5.0,0.0,jarcec@apache.org,0,0.0,0.0,0.0,0.0,0.0,0.0,0.0,0,0,0.0,false
src/java/org/apache/sqoop/mapreduce/netezza/NetezzaExternalTableExportJob.java,62.0,16.0,6.0,4.0,25.0,13.0,0.0,jarcec@apache.org,0,0.0,0.0,0.0,0.0,0.0,0.0,0.0,0,0,0.0,false
src/java/org/apache/sqoop/mapreduce/netezza/NetezzaExternalTableImportJob.java,62.0,16.0,6.0,4.0,33.0,11.0,0.0,jarcec@apache.org,0,0.0,0.0,0.0,0.0,0.0,0.0,0.0,0,0,0.0,false
src/java/org/apache/sqoop/mapreduce/netezza/NetezzaExternalTableInputFormat.java,47.0,12.0,1.0,2.0,2.0,6.0,0.0,jarcec@apache.org,0,0.0,0.0,0.0,0.0,0.0,0.0,0.0,0,0,0.0,false
src/java/org/apache/sqoop/mapreduce/netezza/NetezzaExternalTableInputSplit.java,28.0,7.0,1.0,7.0,2.0,14.0,0.0,jarcec@apache.org,0,0.0,0.0,0.0,0.0,0.0,0.0,0.0,0,0,0.0,false
src/java/org/apache/sqoop/orm/ClassWriter.java,981.0,57.0,247.0,34.0,174.0,153.0,2.0,jarcec@apache.org,1,0.010101010101010102,5.0,0.0,0.0,0.0,509.0422535211268,6499.241108912786,1,1,0.40546510810816444,false
src/java/org/apache/sqoop/orm/CompilationManager.java,258.0,21.0,0.0,8.0,66.0,34.0,9.0,jarcec@apache.org,1,0.0,0.0,0.0,17.0,0.0,509.0422535211268,6499.241108912786,1,1,0.40546510810816444,false
src/java/org/apache/sqoop/tool/BaseSqoopTool.java,623.0,27.0,406.0,32.0,181.0,116.0,10.0,jarcec@apache.org,2,0.020202020202020204,6.0,3.0,3.0,3.0,626.8200312989046,7002.889156391428,2,2,0.009712313322886024,false
src/java/org/apache/sqoop/tool/CodeGenTool.java,114.0,16.0,20.0,8.0,48.0,26.0,38.0,jarcec@apache.org,1,0.010101010101010102,14.0,0.0,0.0,0.0,509.0422535211268,6499.241108912786,1,0,0.40546510810816444,false
src/java/org/apache/sqoop/tool/ImportAllTablesTool.java,73.0,14.0,6.0,4.0,24.0,13.0,0.0,jarcec@apache.org,0,0.0,0.0,0.0,0.0,0.0,0.0,0.0,0,0,0.0,false
src/java/org/apache/sqoop/tool/ImportTool.java,596.0,30.0,130.0,21.0,191.0,90.0,12.0,jarcec@apache.org,2,0.010101010101010102,10.0,0.0,0.0,5.0,626.8200312989046,7002.889156391428,2,0,0.016416758629342443,false
src/java/org/apache/sqoop/util/ClassLoaderStack.java,51.0,6.0,1.0,3.0,12.0,9.0,9.0,arvind@apache.org,1,0.0,0.0,0.0,50.0,0.0,509.0422535211268,6499.241108912786,1,0,0.40546510810816444,false
src/java/org/apache/sqoop/util/CredentialsUtil.java,37.0,10.0,3.0,3.0,13.0,9.0,0.0,jarcec@apache.org,0,0.0,0.0,0.0,0.0,0.0,0.0,0.0,0,0,0.0,false
src/java/org/apache/sqoop/util/LoggingUtils.java,27.0,4.0,6.0,4.0,5.0,5.0,0.0,abhijeet@apache.org,0,0.0,0.0,0.0,0.0,0.0,0.0,0.0,0,1,0.0,false
src/java/org/apache/sqoop/util/ResultSetPrinter.java,73.0,7.0,1.0,2.0,17.0,10.0,0.0,abhijeet@apache.org,0,0.0,0.0,0.0,0.0,0.0,0.0,0.0,0,1,0.0,false
src/java/org/apache/sqoop/validation/AbortOnFailureHandler.java,23.0,0.0,0.0,1.0,6.0,4.0,9.0,jarcec@cloudera.com,1,0.010101010101010102,0.0,100.0,0.0,0.0,43.142857142857146,59.104418136713356,1,0,0.40546510810816444,false
src/java/org/apache/sqoop/validation/LogOnFailureHandler.java,11.0,2.0,0.0,1.0,3.0,3.0,9.0,jarcec@cloudera.com,1,0.010101010101010102,0.0,50.0,0.0,0.0,43.142857142857146,59.104418136713356,1,0,0.40546510810816444,false
src/java/org/apache/sqoop/validation/RowCountValidator.java,19.0,2.0,1.0,2.0,11.0,7.0,5.0,jarcec@cloudera.com,2,0.010101010101010102,0.0,33.0,0.0,0.0,552.1851106639839,6558.3455270495,2,0,-0.28768207245178085,false
src/java/org/apache/sqoop/validation/ValidationException.java,12.0,0.0,1.0,2.0,1.0,3.0,9.0,jarcec@cloudera.com,1,0.010101010101010102,0.0,50.0,0.0,0.0,43.142857142857146,59.104418136713356,1,0,0.40546510810816444,false
src/test/com/cloudera/sqoop/TestAllTables.java,134.0,13.0,0.0,4.0,42.0,18.0,0.0,arvind@apache.org,0,0.0,0.0,0.0,0.0,0.0,0.0,0.0,0,0,0.0,false
src/test/com/cloudera/sqoop/TestCompression.java,110.0,23.0,21.0,7.0,51.0,21.0,2.0,arvind@apache.org,1,0.0,0.0,0.0,17.0,0.0,509.0422535211268,6499.241108912786,1,0,0.40546510810816444,false
src/test/com/cloudera/sqoop/TestSqoopOptions.java,240.0,4.0,666.0,37.0,125.0,81.0,4.0,jarcec@apache.org,1,0.010101010101010102,6.0,0.0,0.0,6.0,509.0422535211268,6499.241108912786,1,2,0.40546510810816444,false
src/test/com/cloudera/sqoop/hive/TestHiveImport.java,340.0,25.0,148.0,20.0,117.0,58.0,22.0,jarcec@apache.org,1,0.010101010101010102,6.0,6.0,6.0,0.0,509.0422535211268,6499.241108912786,1,1,0.40546510810816444,false
src/test/com/cloudera/sqoop/hive/TestTableDefWriter.java,127.0,10.0,34.0,9.0,55.0,20.0,4.0,arvind@apache.org,1,0.010101010101010102,0.0,10.0,0.0,0.0,117.77777777777779,503.64804747864173,1,0,1.0986122886681098,false
src/test/com/cloudera/sqoop/io/TestNamedFifo.java,130.0,16.0,0.0,2.0,14.0,6.0,9.0,arvind@apache.org,1,0.0,0.0,0.0,25.0,0.0,509.0422535211268,6499.241108912786,1,0,0.40546510810816444,false
src/test/com/cloudera/sqoop/lib/TestBlobRef.java,88.0,8.0,21.0,7.0,41.0,13.0,9.0,arvind@apache.org,1,0.0,0.0,0.0,20.0,0.0,509.0422535211268,6499.241108912786,1,0,0.40546510810816444,false
src/test/com/cloudera/sqoop/lib/TestClobRef.java,100.0,8.0,21.0,7.0,53.0,12.0,9.0,arvind@apache.org,1,0.0,0.0,0.0,17.0,0.0,509.0422535211268,6499.241108912786,1,0,0.40546510810816444,false
src/test/com/cloudera/sqoop/manager/DirectNetezzaExportManualTest.java,122.0,8.0,120.0,16.0,43.0,44.0,0.0,jarcec@apache.org,0,0.0,0.0,0.0,0.0,0.0,0.0,0.0,0,0,0.0,false
src/test/com/cloudera/sqoop/manager/NetezzaExportManualTest.java,154.0,20.0,68.0,13.0,43.0,37.0,0.0,jarcec@apache.org,0,0.0,0.0,0.0,0.0,0.0,0.0,0.0,0,0,0.0,false
src/test/com/cloudera/sqoop/manager/NetezzaImportManualTest.java,215.0,24.0,174.0,20.0,79.0,49.0,0.0,jarcec@apache.org,0,0.0,0.0,0.0,0.0,0.0,0.0,0.0,0,0,0.0,false
src/test/com/cloudera/sqoop/manager/NetezzaTestUtils.java,51.0,2.0,6.0,4.0,6.0,10.0,0.0,jarcec@apache.org,0,0.0,0.0,0.0,0.0,0.0,0.0,0.0,0,0,0.0,false
src/test/com/cloudera/sqoop/manager/PostgresqlExportTest.java,229.0,17.0,0.0,20.0,93.0,48.0,0.0,jarcec@apache.org,0,0.0,0.0,0.0,0.0,0.0,0.0,0.0,0,0,0.0,false
src/test/com/cloudera/sqoop/manager/PostgresqlImportTest.java,195.0,21.0,37.0,14.0,51.0,44.0,0.0,jarcec@apache.org,0,0.0,0.0,0.0,0.0,0.0,0.0,0.0,0,0,0.0,false
src/test/com/cloudera/sqoop/orm/TestClassWriter.java,289.0,26.0,0.0,14.0,86.0,39.0,5.0,jarcec@apache.org,2,0.0,0.0,0.0,8.0,0.0,626.8200312989046,7002.889156391428,2,1,0.0588915178281918,false
src/test/org/apache/sqoop/credentials/TestPassingSecurePassword.java,232.0,18.0,91.0,14.0,122.0,36.0,0.0,abraham@elmahrek.com,0,0.0,0.0,0.0,0.0,0.0,0.0,0.0,0,0,0.0,false
src/test/org/apache/sqoop/validation/AbortOnFailureHandlerTest.java,33.0,3.0,3.0,3.0,8.0,9.0,9.0,jarcec@cloudera.com,1,0.010101010101010102,0.0,100.0,0.0,0.0,43.142857142857146,59.104418136713356,1,0,0.40546510810816444,false
src/test/org/apache/sqoop/validation/AbsoluteValidationThresholdTest.java,14.0,1.0,0.0,1.0,3.0,3.0,9.0,jarcec@cloudera.com,1,0.010101010101010102,0.0,100.0,0.0,0.0,43.142857142857146,59.104418136713356,1,0,0.40546510810816444,false
src/test/org/apache/sqoop/validation/RowCountValidatorImportTest.java,133.0,7.0,28.0,8.0,55.0,28.0,9.0,jarcec@cloudera.com,1,0.010101010101010102,0.0,50.0,0.0,0.0,43.142857142857146,59.104418136713356,1,0,0.40546510810816444,false
