name,LOC,CBO,LCOM,NOM,RFC,WMC,ACS,Ownership,numOfChanges,numberOfFIChanges,ENH,NF,BugFixing,REF,structuralWorkloadSum,semanticWorkloadSum,numberOfDeveloper,pastFaults,MAF,isBuggy
src/java/org/apache/sqoop/SqoopOptions.java,1573.0,24.0,24441.0,226.0,182.0,464.0,0.0,jarcec@apache.org,0,0.0,0.0,0.0,0.0,0.0,0.0,0.0,0,0,0.0,false
src/java/org/apache/sqoop/config/ConfigurationConstants.java,55.0,0.0,0.0,1.0,0.0,1.0,0.0,jarcec@apache.org,0,0.0,0.0,0.0,0.0,0.0,0.0,0.0,0,0,0.0,false
src/java/org/apache/sqoop/hbase/HBasePutProcessor.java,80.0,16.0,2.0,5.0,17.0,15.0,0.0,jarcec@apache.org,0,0.0,0.0,0.0,0.0,0.0,0.0,0.0,0,0,0.0,false
src/java/org/apache/sqoop/hbase/ToStringPutTransformer.java,111.0,14.0,7.0,6.0,27.0,25.0,0.0,jarcec@apache.org,0,0.0,0.0,0.0,0.0,0.0,0.0,0.0,0,0,0.0,false
src/java/org/apache/sqoop/hive/HiveImport.java,246.0,28.0,11.0,11.0,63.0,43.0,0.0,jarcec@apache.org,0,0.0,0.0,0.0,0.0,0.0,0.0,0.0,0,2,0.0,false
src/java/org/apache/sqoop/manager/ConnManager.java,539.0,24.0,1134.0,49.0,36.0,162.0,16.0,jarcec@apache.org,1,0.01639344262295082,12.0,6.0,6.0,0.0,391.92452830188677,5122.339178539437,1,1,0.5108256237659907,false
src/java/org/apache/sqoop/manager/DirectPostgresqlManager.java,370.0,36.0,27.0,10.0,80.0,36.0,0.0,jarcec@apache.org,0,0.0,0.0,0.0,0.0,0.0,0.0,0.0,0,2,0.0,false
src/java/org/apache/sqoop/manager/GenericJdbcManager.java,42.0,5.0,7.0,6.0,4.0,16.0,0.0,jarcec@apache.org,0,0.0,0.0,0.0,0.0,0.0,0.0,0.0,0,1,0.0,false
src/java/org/apache/sqoop/manager/MySQLManager.java,264.0,24.0,173.0,22.0,83.0,68.0,8.0,jarcec@apache.org,1,0.01639344262295082,10.0,10.0,10.0,0.0,391.92452830188677,5122.339178539437,1,1,0.5108256237659907,false
src/java/org/apache/sqoop/manager/OracleManager.java,726.0,34.0,191.0,27.0,192.0,106.0,8.0,jarcec@apache.org,1,0.01639344262295082,7.0,7.0,7.0,0.0,391.92452830188677,5122.339178539437,1,1,0.5108256237659907,false
src/java/org/apache/sqoop/manager/PGBulkloadManager.java,18.0,9.0,3.0,3.0,3.0,5.0,7.0,jarcec@apache.org,1,0.0,0.0,0.0,0.0,33.0,391.92452830188677,5122.339178539437,1,0,0.5108256237659907,false
src/java/org/apache/sqoop/manager/SqlManager.java,782.0,39.0,457.0,42.0,256.0,157.0,8.0,jarcec@apache.org,1,0.01639344262295082,6.0,6.0,6.0,0.0,391.92452830188677,5122.339178539437,1,2,0.5108256237659907,false
src/java/org/apache/sqoop/mapreduce/DataDrivenImportJob.java,136.0,24.0,15.0,7.0,56.0,28.0,0.0,jarcec@apache.org,0,0.0,0.0,0.0,0.0,0.0,0.0,0.0,0,0,0.0,false
src/java/org/apache/sqoop/mapreduce/ExportJobBase.java,340.0,29.0,107.0,19.0,95.0,74.0,34.0,jarcec@apache.org,1,0.01639344262295082,6.0,0.0,0.0,0.0,391.92452830188677,5122.339178539437,1,2,0.5108256237659907,false
src/java/org/apache/sqoop/mapreduce/ImportJobBase.java,181.0,30.0,33.0,11.0,63.0,35.0,34.0,jarcec@apache.org,1,0.01639344262295082,6.0,0.0,0.0,0.0,391.92452830188677,5122.339178539437,1,1,0.5108256237659907,false
src/java/org/apache/sqoop/mapreduce/JdbcExportJob.java,89.0,17.0,9.0,6.0,34.0,21.0,0.0,jarcec@apache.org,0,0.0,0.0,0.0,0.0,0.0,0.0,0.0,0,0,0.0,false
src/java/org/apache/sqoop/mapreduce/JobBase.java,230.0,21.0,216.0,24.0,53.0,64.0,0.0,jarcec@apache.org,0,0.0,0.0,0.0,0.0,0.0,0.0,0.0,0,0,0.0,false
src/java/org/apache/sqoop/mapreduce/hcat/SqoopHCatExportFormat.java,70.0,15.0,0.0,4.0,12.0,18.0,0.0,jarcec@apache.org,0,0.0,0.0,0.0,0.0,0.0,0.0,0.0,0,0,0.0,false
src/java/org/apache/sqoop/mapreduce/hcat/SqoopHCatExportMapper.java,281.0,27.0,16.0,8.0,61.0,34.0,34.0,jarcec@apache.org,1,0.01639344262295082,33.0,0.0,0.0,0.0,391.92452830188677,5122.339178539437,1,0,0.5108256237659907,false
src/java/org/apache/sqoop/mapreduce/hcat/SqoopHCatImportMapper.java,252.0,33.0,14.0,8.0,68.0,35.0,34.0,jarcec@apache.org,1,0.01639344262295082,33.0,0.0,0.0,0.0,391.92452830188677,5122.339178539437,1,0,0.5108256237659907,false
src/java/org/apache/sqoop/mapreduce/hcat/SqoopHCatInputSplit.java,62.0,11.0,0.0,8.0,23.0,23.0,0.0,jarcec@apache.org,0,0.0,0.0,0.0,0.0,0.0,0.0,0.0,0,0,0.0,false
src/java/org/apache/sqoop/mapreduce/hcat/SqoopHCatRecordReader.java,83.0,8.0,0.0,8.0,20.0,29.0,0.0,jarcec@apache.org,0,0.0,0.0,0.0,0.0,0.0,0.0,0.0,0,0,0.0,false
src/java/org/apache/sqoop/mapreduce/hcat/SqoopHCatUtilities.java,883.0,51.0,1341.0,59.0,220.0,163.0,1.0,jarcec@apache.org,1,0.01639344262295082,11.0,0.0,0.0,11.0,0.0,0.0,1,0,2.995732273553991,false
src/java/org/apache/sqoop/mapreduce/postgresql/PGBulkloadExportJob.java,114.0,20.0,43.0,10.0,55.0,25.0,6.0,jarcec@apache.org,1,0.01639344262295082,20.0,0.0,0.0,20.0,391.92452830188677,5122.339178539437,1,0,0.5108256237659907,false
src/java/org/apache/sqoop/mapreduce/postgresql/PGBulkloadExportMapper.java,239.0,25.0,2.0,5.0,55.0,24.0,6.0,jarcec@apache.org,1,0.01639344262295082,33.0,0.0,0.0,33.0,391.92452830188677,5122.339178539437,1,0,0.5108256237659907,false
src/java/org/apache/sqoop/mapreduce/postgresql/PGBulkloadExportReducer.java,61.0,13.0,0.0,3.0,13.0,11.0,7.0,jarcec@apache.org,1,0.0,0.0,0.0,0.0,50.0,391.92452830188677,5122.339178539437,1,0,0.5108256237659907,false
src/java/org/apache/sqoop/mapreduce/postgresql/PostgreSQLCopyExportJob.java,53.0,14.0,15.0,6.0,19.0,13.0,0.0,jarcec@apache.org,0,0.0,0.0,0.0,0.0,0.0,0.0,0.0,0,0,0.0,false
src/java/org/apache/sqoop/mapreduce/postgresql/PostgreSQLCopyExportMapper.java,103.0,18.0,0.0,5.0,25.0,16.0,0.0,jarcec@apache.org,0,0.0,0.0,0.0,0.0,0.0,0.0,0.0,0,0,0.0,false
src/java/org/apache/sqoop/orm/AvroSchemaGenerator.java,86.0,13.0,4.0,5.0,24.0,14.0,0.0,blee@apache.org,0,0.0,0.0,0.0,0.0,0.0,0.0,0.0,0,1,0.0,false
src/java/org/apache/sqoop/orm/ClassWriter.java,989.0,57.0,247.0,34.0,174.0,153.0,2.0,jarcec@apache.org,2,0.03278688524590164,9.0,0.0,5.0,0.0,411.92452830188677,5138.866465884122,2,1,0.24051555169388106,false
src/java/org/apache/sqoop/tool/BaseSqoopTool.java,741.0,30.0,496.0,36.0,225.0,134.0,17.0,jarcec@apache.org,1,0.01639344262295082,3.0,0.0,0.0,0.0,391.92452830188677,5122.339178539437,1,3,0.5108256237659907,false
src/java/org/apache/sqoop/tool/CodeGenTool.java,117.0,16.0,20.0,8.0,51.0,26.0,0.0,jarcec@apache.org,0,0.0,0.0,0.0,0.0,0.0,0.0,0.0,0,0,0.0,false
src/java/org/apache/sqoop/tool/ExportTool.java,228.0,14.0,43.0,11.0,87.0,41.0,0.0,jarcec@apache.org,0,0.0,0.0,0.0,0.0,0.0,0.0,0.0,0,0,0.0,false
src/java/org/apache/sqoop/tool/ImportTool.java,632.0,31.0,141.0,22.0,211.0,95.0,8.0,jarcec@apache.org,1,0.0,0.0,0.0,0.0,0.0,391.92452830188677,5122.339178539437,1,0,0.5108256237659907,false
src/java/org/apache/sqoop/util/AppendUtils.java,166.0,13.0,11.0,7.0,50.0,29.0,0.0,jarcec@apache.org,0,0.0,0.0,0.0,0.0,0.0,0.0,0.0,0,0,0.0,false
src/java/org/apache/sqoop/util/DirectImportUtils.java,59.0,17.0,8.0,5.0,16.0,18.0,0.0,arvind@apache.org,0,0.0,0.0,0.0,0.0,0.0,0.0,0.0,0,1,0.0,false
src/perftest/ExportStressTest.java,95.0,10.0,21.0,7.0,35.0,21.0,0.0,arvind@apache.org,0,0.0,0.0,0.0,0.0,0.0,0.0,0.0,0,1,0.0,false
src/test/com/cloudera/sqoop/TestAvroImport.java,141.0,24.0,55.0,11.0,70.0,28.0,0.0,jarcec@apache.org,0,0.0,0.0,0.0,0.0,0.0,0.0,0.0,0,0,0.0,false
src/test/com/cloudera/sqoop/TestIncrementalImport.java,694.0,29.0,532.0,37.0,259.0,110.0,8.0,null,1,0.0,0.0,0.0,0.0,0.0,391.92452830188677,5122.339178539437,1,1,0.5108256237659907,false
src/test/com/cloudera/sqoop/TestMerge.java,195.0,26.0,22.0,8.0,51.0,27.0,8.0,arvind@apache.org,1,0.0,0.0,0.0,0.0,0.0,391.92452830188677,5122.339178539437,1,0,0.5108256237659907,false
src/test/com/cloudera/sqoop/TestSqoopOptions.java,273.0,6.0,820.0,41.0,135.0,92.0,0.0,jarcec@apache.org,0,0.0,0.0,0.0,0.0,0.0,0.0,0.0,0,2,0.0,false
src/test/com/cloudera/sqoop/ThirdPartyTests.java,45.0,37.0,1.0,2.0,1.0,4.0,13.0,jarcec@apache.org,2,0.01639344262295082,15.0,8.0,8.0,0.0,393.92452830188677,5130.469790490206,2,0,0.29506406942715513,false
src/test/com/cloudera/sqoop/hbase/HBaseImportAddRowKeyTest.java,41.0,2.0,3.0,3.0,17.0,9.0,0.0,kathleen@apache.org,0,0.0,0.0,0.0,0.0,0.0,0.0,0.0,0,0,0.0,false
src/test/com/cloudera/sqoop/hbase/HBaseImportNullTest.java,23.0,2.0,1.0,2.0,12.0,6.0,0.0,kathleen@apache.org,0,0.0,0.0,0.0,0.0,0.0,0.0,0.0,0,0,0.0,false
src/test/com/cloudera/sqoop/hbase/HBaseImportTest.java,53.0,2.0,6.0,4.0,20.0,13.0,0.0,kathleen@apache.org,0,0.0,0.0,0.0,0.0,0.0,0.0,0.0,0,0,0.0,false
src/test/com/cloudera/sqoop/hbase/HBaseImportTypesTest.java,12.0,2.0,0.0,1.0,5.0,3.0,0.0,kathleen@apache.org,0,0.0,0.0,0.0,0.0,0.0,0.0,0.0,0,0,0.0,false
src/test/com/cloudera/sqoop/hive/TestHiveImport.java,352.0,26.0,211.0,23.0,121.0,62.0,0.0,jarcec@apache.org,0,0.0,0.0,0.0,0.0,0.0,0.0,0.0,0,2,0.0,false
src/test/com/cloudera/sqoop/manager/DB2ManagerImportManualTest.java,160.0,20.0,18.0,9.0,44.0,29.0,3.0,venkat@hortonworks.com,1,0.0,0.0,0.0,0.0,0.0,2.0,8.130611950768964,1,0,1.8971199848858813,false
src/test/com/cloudera/sqoop/manager/DirectPostgreSQLExportManualTest.java,70.0,11.0,64.0,12.0,21.0,24.0,0.0,jarcec@apache.org,0,0.0,0.0,0.0,0.0,0.0,0.0,0.0,0,0,0.0,false
src/test/com/cloudera/sqoop/manager/PGBulkloadManagerManualTest.java,105.0,11.0,101.0,15.0,32.0,32.0,4.0,jarcec@apache.org,1,0.01639344262295082,20.0,0.0,0.0,0.0,391.92452830188677,5122.339178539437,1,0,0.5108256237659907,false
src/test/com/cloudera/sqoop/manager/PostgresqlImportTest.java,189.0,21.0,37.0,14.0,51.0,43.0,1.0,jarcec@apache.org,1,0.0,0.0,0.0,0.0,0.0,2.0,8.130611950768964,1,0,1.8971199848858813,false
src/test/com/cloudera/sqoop/manager/SQLServerManagerExportManualTest.java,300.0,19.0,30.0,16.0,91.0,40.0,0.0,venkat@hortonworks.com,0,0.0,0.0,0.0,0.0,0.0,0.0,0.0,0,0,0.0,false
src/test/com/cloudera/sqoop/mapreduce/TestImportJob.java,168.0,26.0,21.0,7.0,73.0,31.0,0.0,null,0,0.0,0.0,0.0,0.0,0.0,0.0,0.0,0,3,0.0,false
src/test/com/cloudera/sqoop/testutil/BaseSqoopTestCase.java,262.0,23.0,332.0,28.0,57.0,69.0,8.0,abayer@apache.org,1,0.0,0.0,0.0,0.0,0.0,391.92452830188677,5122.339178539437,1,2,0.5108256237659907,false
src/test/com/cloudera/sqoop/testutil/ExportJobTestCase.java,248.0,16.0,49.0,11.0,50.0,37.0,0.0,null,0,0.0,0.0,0.0,0.0,0.0,0.0,0.0,0,0,0.0,false
src/test/org/apache/sqoop/TestExportUsingProcedure.java,212.0,19.0,368.0,28.0,62.0,70.0,8.0,venkat@hortonworks.com,1,0.01639344262295082,33.0,33.0,33.0,0.0,391.92452830188677,5122.339178539437,1,0,0.5108256237659907,false
src/test/org/apache/sqoop/hcat/HCatalogExportTest.java,196.0,22.0,116.0,17.0,111.0,55.0,34.0,jarcec@apache.org,1,0.01639344262295082,33.0,0.0,0.0,0.0,391.92452830188677,5122.339178539437,1,0,0.5108256237659907,false
src/test/org/apache/sqoop/hcat/HCatalogImportTest.java,448.0,33.0,448.0,33.0,222.0,114.0,34.0,jarcec@apache.org,1,0.01639344262295082,25.0,0.0,0.0,0.0,391.92452830188677,5122.339178539437,1,0,0.5108256237659907,false
src/test/org/apache/sqoop/hcat/HCatalogTestUtils.java,600.0,40.0,520.0,37.0,164.0,132.0,34.0,jarcec@apache.org,1,0.01639344262295082,33.0,0.0,0.0,0.0,391.92452830188677,5122.339178539437,1,0,0.5108256237659907,false
src/test/org/apache/sqoop/hcat/TestHCatalogBasic.java,117.0,5.0,74.0,17.0,30.0,43.0,34.0,jarcec@apache.org,1,0.01639344262295082,20.0,0.0,0.0,0.0,391.92452830188677,5122.339178539437,1,0,0.5108256237659907,false
src/test/org/apache/sqoop/manager/mysql/MySqlCallExportTest.java,112.0,18.0,51.0,11.0,39.0,27.0,8.0,jarcec@apache.org,1,0.01639344262295082,50.0,50.0,50.0,0.0,391.92452830188677,5122.339178539437,1,0,0.5108256237659907,false
src/test/org/apache/sqoop/manager/oracle/OracleCallExportTest.java,125.0,18.0,51.0,11.0,39.0,29.0,8.0,jarcec@apache.org,1,0.01639344262295082,100.0,100.0,100.0,0.0,391.92452830188677,5122.339178539437,1,0,0.5108256237659907,false
src/test/org/apache/sqoop/manager/oracle/OracleIncrementalImportTest.java,109.0,22.0,34.0,9.0,31.0,26.0,8.0,jarcec@apache.org,1,0.0,0.0,0.0,0.0,0.0,391.92452830188677,5122.339178539437,1,0,0.5108256237659907,false
src/test/org/apache/sqoop/manager/sqlserver/MSSQLTestData.java,55.0,2.0,9.0,10.0,10.0,18.0,0.0,jarcec@apache.org,0,0.0,0.0,0.0,0.0,0.0,0.0,0.0,0,0,0.0,false
src/test/org/apache/sqoop/manager/sqlserver/MSSQLTestDataFileParser.java,88.0,9.0,11.0,7.0,17.0,18.0,0.0,jarcec@apache.org,0,0.0,0.0,0.0,0.0,0.0,0.0,0.0,0,0,0.0,false
src/test/org/apache/sqoop/manager/sqlserver/MSSQLTestUtils.java,96.0,16.0,10.0,8.0,35.0,23.0,0.0,jarcec@apache.org,0,0.0,0.0,0.0,0.0,0.0,0.0,0.0,0,0,0.0,false
src/test/org/apache/sqoop/manager/sqlserver/ManagerCompatExport.java,435.0,21.0,1079.0,47.0,155.0,99.0,0.0,jarcec@apache.org,0,0.0,0.0,0.0,0.0,0.0,0.0,0.0,0,0,0.0,false
src/test/org/apache/sqoop/manager/sqlserver/SQLServerDatatypeExportDelimitedFileManualTest.java,32.0,9.0,3.0,3.0,10.0,8.0,0.0,jarcec@apache.org,0,0.0,0.0,0.0,0.0,0.0,0.0,0.0,0,0,0.0,false
src/test/org/apache/sqoop/manager/sqlserver/SQLServerDatatypeExportSequenceFileManualTest.java,161.0,19.0,19.0,7.0,56.0,24.0,0.0,jarcec@apache.org,0,0.0,0.0,0.0,0.0,0.0,0.0,0.0,0,0,0.0,false
src/test/org/apache/sqoop/manager/sqlserver/SQLServerDatatypeImportDelimitedFileManualTest.java,143.0,21.0,15.0,6.0,52.0,20.0,0.0,jarcec@apache.org,0,0.0,0.0,0.0,0.0,0.0,0.0,0.0,0,0,0.0,false
src/test/org/apache/sqoop/manager/sqlserver/SQLServerDatatypeImportSequenceFileManualTest.java,540.0,19.0,4174.0,92.0,123.0,155.0,0.0,jarcec@apache.org,0,0.0,0.0,0.0,0.0,0.0,0.0,0.0,0,0,0.0,false
src/test/org/apache/sqoop/manager/sqlserver/SQLServerHiveImportManualTest.java,100.0,14.0,36.0,9.0,34.0,23.0,0.0,jarcec@apache.org,0,0.0,0.0,0.0,0.0,0.0,0.0,0.0,0,0,0.0,false
src/test/org/apache/sqoop/manager/sqlserver/SQLServerManagerManualTest.java,229.0,24.0,47.0,19.0,97.0,53.0,0.0,jarcec@apache.org,0,0.0,0.0,0.0,0.0,0.0,0.0,0.0,0,0,0.0,false
src/test/org/apache/sqoop/manager/sqlserver/SQLServerMultiColsManualTest.java,48.0,8.0,45.0,10.0,11.0,15.0,0.0,jarcec@apache.org,0,0.0,0.0,0.0,0.0,0.0,0.0,0.0,0,0,0.0,false
src/test/org/apache/sqoop/manager/sqlserver/SQLServerMultiMapsManualTest.java,185.0,29.0,78.0,13.0,74.0,39.0,0.0,jarcec@apache.org,0,0.0,0.0,0.0,0.0,0.0,0.0,0.0,0,0,0.0,false
src/test/org/apache/sqoop/manager/sqlserver/SQLServerParseMethodsManualTest.java,149.0,29.0,55.0,11.0,53.0,28.0,0.0,jarcec@apache.org,0,0.0,0.0,0.0,0.0,0.0,0.0,0.0,0,0,0.0,false
src/test/org/apache/sqoop/manager/sqlserver/SQLServerQueryManualTest.java,168.0,24.0,78.0,13.0,67.0,36.0,0.0,jarcec@apache.org,0,0.0,0.0,0.0,0.0,0.0,0.0,0.0,0,0,0.0,false
src/test/org/apache/sqoop/manager/sqlserver/SQLServerSplitByManualTest.java,147.0,24.0,66.0,12.0,55.0,33.0,0.0,jarcec@apache.org,0,0.0,0.0,0.0,0.0,0.0,0.0,0.0,0,0,0.0,false
src/test/org/apache/sqoop/manager/sqlserver/SQLServerWhereManualTest.java,163.0,24.0,66.0,12.0,58.0,33.0,0.0,jarcec@apache.org,0,0.0,0.0,0.0,0.0,0.0,0.0,0.0,0,0,0.0,false
