name,LOC,CBO,LCOM,NOM,RFC,WMC,ACS,Ownership,numOfChanges,numberOfFIChanges,ENH,NF,BugFixing,REF,structuralWorkloadSum,semanticWorkloadSum,numberOfDeveloper,pastFaults,MAF,isBuggy
src/java/org/apache/sqoop/SqoopOptions.java,1779.0,25.0,32622.0,260.0,189.0,528.0,5.0,jarcec@apache.org,1,0.029411764705882353,7.0,0.0,0.0,0.0,58.72727272727272,246.8209368822503,1,0,0.5389965007326869,false
src/java/org/apache/sqoop/accumulo/AccumuloConstants.java,36.0,0.0,0.0,1.0,0.0,1.0,0.0,jarcec@apache.org,0,0.0,0.0,0.0,0.0,0.0,0.0,0.0,0,0,0.0,false
src/java/org/apache/sqoop/accumulo/AccumuloMutationProcessor.java,84.0,21.0,2.0,5.0,16.0,16.0,0.0,jarcec@apache.org,0,0.0,0.0,0.0,0.0,0.0,0.0,0.0,0,0,0.0,false
src/java/org/apache/sqoop/accumulo/AccumuloUtil.java,122.0,13.0,11.0,6.0,36.0,23.0,0.0,jarcec@apache.org,0,0.0,0.0,0.0,0.0,0.0,0.0,0.0,0,0,0.0,false
src/java/org/apache/sqoop/accumulo/MutationTransformer.java,50.0,3.0,15.0,7.0,0.0,15.0,0.0,jarcec@apache.org,0,0.0,0.0,0.0,0.0,0.0,0.0,0.0,0,0,0.0,false
src/java/org/apache/sqoop/accumulo/ToStringMutationTransformer.java,41.0,9.0,1.0,2.0,14.0,9.0,0.0,jarcec@apache.org,0,0.0,0.0,0.0,0.0,0.0,0.0,0.0,0,0,0.0,false
src/java/org/apache/sqoop/manager/OracleManager.java,780.0,34.0,192.0,28.0,201.0,110.0,0.0,jarcec@apache.org,0,0.0,0.0,0.0,0.0,0.0,0.0,0.0,0,2,0.0,false
src/java/org/apache/sqoop/manager/SQLServerManager.java,229.0,21.0,176.0,20.0,61.0,64.0,24.0,jarcec@apache.org,1,0.029411764705882353,0.0,8.0,0.0,0.0,80.73684210526316,524.480462998724,1,1,1.3862943611198906,false
src/java/org/apache/sqoop/manager/SqlManager.java,804.0,44.0,457.0,42.0,262.0,157.0,24.0,jarcec@apache.org,1,0.029411764705882353,0.0,6.0,0.0,0.0,80.73684210526316,524.480462998724,1,3,1.3862943611198906,false
src/java/org/apache/sqoop/mapreduce/AccumuloImportJob.java,92.0,25.0,13.0,6.0,33.0,16.0,0.0,jarcec@apache.org,0,0.0,0.0,0.0,0.0,0.0,0.0,0.0,0,0,0.0,false
src/java/org/apache/sqoop/mapreduce/AccumuloImportMapper.java,8.0,5.0,0.0,1.0,2.0,2.0,0.0,jarcec@apache.org,0,0.0,0.0,0.0,0.0,0.0,0.0,0.0,0,0,0.0,false
src/java/org/apache/sqoop/mapreduce/DataDrivenImportJob.java,158.0,26.0,16.0,8.0,71.0,34.0,8.0,jarcec@apache.org,1,0.029411764705882353,5.0,0.0,0.0,0.0,58.72727272727272,246.8209368822503,1,0,0.5389965007326869,false
src/java/org/apache/sqoop/mapreduce/HBaseImportJob.java,104.0,26.0,15.0,6.0,36.0,16.0,0.0,jarcec@apache.org,0,0.0,0.0,0.0,0.0,0.0,0.0,0.0,0,0,0.0,true
src/java/org/apache/sqoop/mapreduce/SQLServerAsyncDBExecThread.java,211.0,15.0,75.0,18.0,42.0,55.0,24.0,venkat@hortonworks.com,1,0.029411764705882353,0.0,100.0,0.0,0.0,80.73684210526316,524.480462998724,1,0,1.3862943611198906,false
src/java/org/apache/sqoop/mapreduce/SQLServerExportDBExecThread.java,93.0,8.0,4.0,4.0,18.0,20.0,24.0,keeganwitt@gmail.com,1,0.029411764705882353,0.0,50.0,0.0,0.0,80.73684210526316,524.480462998724,1,0,1.3862943611198906,false
src/java/org/apache/sqoop/mapreduce/SQLServerResilientExportOutputFormat.java,94.0,13.0,3.0,3.0,5.0,13.0,24.0,venkat@hortonworks.com,1,0.029411764705882353,0.0,100.0,0.0,0.0,80.73684210526316,524.480462998724,1,0,1.3862943611198906,false
src/java/org/apache/sqoop/mapreduce/SQLServerResilientUpdateOutputFormat.java,46.0,9.0,1.0,2.0,4.0,9.0,24.0,venkat@hortonworks.com,1,0.029411764705882353,0.0,100.0,0.0,0.0,80.73684210526316,524.480462998724,1,0,1.3862943611198906,false
src/java/org/apache/sqoop/mapreduce/SQLServerUpdateDBExecThread.java,65.0,12.0,1.0,3.0,15.0,13.0,24.0,venkat@hortonworks.com,1,0.029411764705882353,0.0,100.0,0.0,0.0,80.73684210526316,524.480462998724,1,0,1.3862943611198906,false
src/java/org/apache/sqoop/mapreduce/db/BasicRetrySQLFailureHandler.java,96.0,6.0,7.0,6.0,17.0,26.0,24.0,venkat@hortonworks.com,1,0.029411764705882353,0.0,100.0,0.0,0.0,80.73684210526316,524.480462998724,1,0,1.3862943611198906,false
src/java/org/apache/sqoop/mapreduce/db/DBConfiguration.java,368.0,17.0,0.0,39.0,75.0,82.0,8.0,jarcec@apache.org,1,0.029411764705882353,12.0,0.0,0.0,0.0,58.72727272727272,246.8209368822503,1,0,0.5389965007326869,false
src/java/org/apache/sqoop/mapreduce/db/DBInputFormat.java,260.0,28.0,2.0,13.0,49.0,47.0,8.0,blee@apache.org,1,0.029411764705882353,20.0,0.0,0.0,0.0,58.72727272727272,246.8209368822503,1,0,0.5389965007326869,false
src/java/org/apache/sqoop/mapreduce/db/DBRecordReader.java,229.0,18.0,147.0,23.0,31.0,66.0,12.0,blee@apache.org,2,0.029411764705882353,0.0,11.0,0.0,0.0,88.73684210526316,531.387453466948,2,1,0.8958797346140274,false
src/java/org/apache/sqoop/mapreduce/db/DataDrivenDBRecordReader.java,66.0,11.0,4.0,4.0,18.0,15.0,24.0,cheolsoo@apache.org,1,0.029411764705882353,0.0,14.0,0.0,0.0,80.73684210526316,524.480462998724,1,0,1.3862943611198906,false
src/java/org/apache/sqoop/mapreduce/db/SQLFailureHandler.java,29.0,4.0,4.0,4.0,1.0,11.0,24.0,venkat@hortonworks.com,1,0.029411764705882353,0.0,100.0,0.0,0.0,80.73684210526316,524.480462998724,1,0,1.3862943611198906,false
src/java/org/apache/sqoop/mapreduce/db/SQLServerConnectionFailureHandler.java,51.0,6.0,1.0,3.0,9.0,9.0,24.0,venkat@hortonworks.com,1,0.029411764705882353,0.0,100.0,0.0,0.0,80.73684210526316,524.480462998724,1,0,1.3862943611198906,false
src/java/org/apache/sqoop/mapreduce/db/SQLServerDBInputFormat.java,33.0,12.0,3.0,3.0,12.0,9.0,24.0,venkat@hortonworks.com,1,0.029411764705882353,0.0,100.0,0.0,0.0,80.73684210526316,524.480462998724,1,0,1.3862943611198906,false
src/java/org/apache/sqoop/mapreduce/db/SQLServerDBRecordReader.java,114.0,14.0,5.0,6.0,33.0,26.0,24.0,venkat@hortonworks.com,1,0.029411764705882353,0.0,100.0,0.0,0.0,80.73684210526316,524.480462998724,1,0,1.3862943611198906,false
src/java/org/apache/sqoop/mapreduce/hcat/SqoopHCatUtilities.java,924.0,50.0,1341.0,59.0,223.0,165.0,0.0,jarcec@apache.org,0,0.0,0.0,0.0,0.0,0.0,0.0,0.0,0,0,0.0,false
src/java/org/apache/sqoop/mapreduce/sqlserver/SqlServerRecordReader.java,53.0,11.0,1.0,2.0,17.0,8.0,24.0,venkat@hortonworks.com,1,0.029411764705882353,0.0,50.0,0.0,0.0,80.73684210526316,524.480462998724,1,0,1.3862943611198906,false
src/java/org/apache/sqoop/orm/CompilationManager.java,264.0,22.0,0.0,8.0,72.0,33.0,0.0,jarcec@apache.org,0,0.0,0.0,0.0,0.0,0.0,0.0,0.0,0,2,0.0,false
src/java/org/apache/sqoop/tool/BaseSqoopTool.java,844.0,30.0,591.0,39.0,260.0,146.0,8.0,jarcec@apache.org,1,0.029411764705882353,3.0,0.0,0.0,0.0,58.72727272727272,246.8209368822503,1,3,0.5389965007326869,false
src/java/org/apache/sqoop/tool/ImportTool.java,639.0,31.0,141.0,22.0,218.0,96.0,3.0,jarcec@apache.org,1,0.0,0.0,0.0,5.0,0.0,80.73684210526316,524.480462998724,1,0,1.3862943611198906,false
src/java/org/apache/sqoop/util/AppendUtils.java,167.0,14.0,11.0,7.0,53.0,29.0,2.0,jarcec@apache.org,2,0.0,0.0,0.0,29.0,0.0,139.46411483253587,771.3013998809743,2,0,0.26949825036634345,false
src/java/org/apache/sqoop/util/password/FilePasswordLoader.java,43.0,8.0,3.0,3.0,9.0,10.0,1.0,abraham@elmahrek.com,1,0.0,0.0,0.0,33.0,0.0,8.0,6.906990468224128,1,0,1.791759469228055,false
src/test/aop/org/apache/sqoop/fi/FiConfig.java,22.0,1.0,0.0,1.0,0.0,2.0,24.0,venkat@hortonworks.com,1,0.029411764705882353,0.0,100.0,0.0,0.0,80.73684210526316,524.480462998724,1,0,1.3862943611198906,false
src/test/aop/org/apache/sqoop/fi/ProbabilityModel.java,45.0,4.0,1.0,2.0,9.0,9.0,24.0,venkat@hortonworks.com,1,0.029411764705882353,0.0,100.0,0.0,0.0,80.73684210526316,524.480462998724,1,0,1.3862943611198906,false
src/test/com/cloudera/sqoop/TestAppendUtils.java,203.0,19.0,53.0,11.0,78.0,41.0,3.0,arvind@apache.org,1,0.0,0.0,0.0,14.0,0.0,80.73684210526316,524.480462998724,1,0,1.3862943611198906,false
src/test/com/cloudera/sqoop/TestSqoopOptions.java,298.0,7.0,1035.0,46.0,145.0,104.0,8.0,jarcec@apache.org,1,0.029411764705882353,6.0,0.0,0.0,0.0,58.72727272727272,246.8209368822503,1,2,0.5389965007326869,false
src/test/org/apache/sqoop/accumulo/AccumuloTestCase.java,133.0,24.0,20.0,9.0,43.0,26.0,0.0,jarcec@apache.org,0,0.0,0.0,0.0,0.0,0.0,0.0,0.0,0,0,0.0,false
src/test/org/apache/sqoop/accumulo/TestAccumuloImport.java,70.0,2.0,15.0,6.0,31.0,18.0,0.0,jarcec@apache.org,0,0.0,0.0,0.0,0.0,0.0,0.0,0.0,0,0,0.0,false
src/test/org/apache/sqoop/accumulo/TestAccumuloQueryImport.java,31.0,2.0,1.0,2.0,12.0,6.0,0.0,jarcec@apache.org,0,0.0,0.0,0.0,0.0,0.0,0.0,0.0,0,0,0.0,false
src/test/org/apache/sqoop/accumulo/TestAccumuloUtil.java,14.0,2.0,1.0,2.0,5.0,2.0,0.0,jarcec@apache.org,0,0.0,0.0,0.0,0.0,0.0,0.0,0.0,0,0,0.0,false
src/test/org/apache/sqoop/hcat/HCatalogImportTest.java,484.0,33.0,550.0,36.0,234.0,124.0,0.0,jarcec@apache.org,0,0.0,0.0,0.0,0.0,0.0,0.0,0.0,0,0,0.0,false
