name,LOC,CBO,LCOM,NOM,RFC,WMC,ACS,Ownership,numOfChanges,numberOfFIChanges,ENH,NF,BugFixing,REF,structuralWorkloadSum,semanticWorkloadSum,numberOfDeveloper,pastFaults,MAF,isBuggy
src/java/com/cloudera/sqoop/SqoopOptions.java,58.0,1.0,15.0,6.0,4.0,10.0,23.0,abayer@apache.org,1,0.0,0.0,0.0,0.0,0.0,321.9245283018868,4291.301075774227,1,10,0.49247648509779407,false
src/java/com/cloudera/sqoop/lib/LargeObjectLoader.java,16.0,3.0,0.0,1.0,0.0,2.0,9.0,abayer@apache.org,2,0.009345794392523364,0.0,14.0,0.0,0.0,429.03563941299797,5196.580183950665,2,0,0.44897079660297934,false
src/java/org/apache/sqoop/ConnFactory.java,185.0,23.0,0.0,6.0,59.0,28.0,1.0,blee@apache.org,2,0.009345794392523364,0.0,12.0,12.0,0.0,321.9245283018868,4291.301075774227,2,1,0.8863098012557531,false
src/java/org/apache/sqoop/accumulo/AccumuloUtil.java,133.0,13.0,11.0,6.0,37.0,23.0,0.0,jarcec@apache.org,0,0.0,0.0,0.0,0.0,0.0,0.0,0.0,0,1,0.0,false
src/java/org/apache/sqoop/avro/AvroUtil.java,131.0,14.0,3.0,3.0,27.0,14.0,10.0,jarcec@apache.org,1,0.009345794392523364,25.0,0.0,0.0,50.0,321.9245283018868,4291.301075774227,1,0,0.49247648509779407,false
src/java/org/apache/sqoop/lib/LargeObjectLoader.java,205.0,16.0,0.0,12.0,49.0,46.0,9.0,abraham@elmahrek.com,2,0.009345794392523364,0.0,33.0,0.0,0.0,429.03563941299797,5196.580183950665,2,0,0.44897079660297934,false
src/java/org/apache/sqoop/manager/CubridManager.java,79.0,13.0,105.0,15.0,16.0,31.0,12.0,jarcec@apache.org,1,0.009345794392523364,100.0,0.0,0.0,0.0,321.9245283018868,4291.301075774227,1,0,0.49247648509779407,false
src/java/org/apache/sqoop/manager/DefaultManagerFactory.java,69.0,5.0,0.0,2.0,13.0,7.0,12.0,jarcec@apache.org,1,0.009345794392523364,17.0,0.0,0.0,0.0,321.9245283018868,4291.301075774227,1,0,0.49247648509779407,false
src/java/org/apache/sqoop/manager/MySQLManager.java,255.0,24.0,166.0,21.0,79.0,64.0,1.0,jarcec@apache.org,1,0.0,0.0,0.0,0.0,0.0,107.11111111111111,905.279108176438,1,2,1.791759469228055,false
src/java/org/apache/sqoop/manager/OracleManager.java,789.0,34.0,192.0,28.0,201.0,111.0,0.0,jarcec@apache.org,0,0.0,0.0,0.0,0.0,0.0,0.0,0.0,0,2,0.0,false
src/java/org/apache/sqoop/manager/SQLServerManager.java,241.0,21.0,196.0,21.0,64.0,66.0,5.0,jarcec@apache.org,3,0.018691588785046728,17.0,8.0,8.0,0.0,521.9934938191282,5798.968639708573,3,1,0.9180798611905283,false
src/java/org/apache/sqoop/manager/oracle/OraOopConnManager.java,293.0,21.0,317.0,27.0,112.0,89.0,5.0,venkat@hortonworks.com,1,0.0,0.0,0.0,0.0,0.0,194.0689655172414,1498.3410096991954,1,0,1.9740810260220096,false
src/java/org/apache/sqoop/manager/oracle/OraOopConstants.java,138.0,0.0,0.0,1.0,0.0,1.0,0.0,venkat@hortonworks.com,0,0.0,0.0,0.0,0.0,0.0,0.0,0.0,0,0,0.0,false
src/java/org/apache/sqoop/manager/oracle/OraOopJdbcUrl.java,92.0,1.0,0.0,3.0,11.0,14.0,0.0,venkat@hortonworks.com,0,0.0,0.0,0.0,0.0,0.0,0.0,0.0,0,0,0.0,false
src/java/org/apache/sqoop/manager/oracle/OraOopManagerFactory.java,479.0,16.0,0.0,21.0,228.0,94.0,0.0,abraham@elmahrek.com,0,0.0,0.0,0.0,0.0,0.0,0.0,0.0,0,0,0.0,false
src/java/org/apache/sqoop/manager/oracle/OraOopUtilities.java,832.0,24.0,2664.0,76.0,244.0,264.0,0.0,venkat@hortonworks.com,0,0.0,0.0,0.0,0.0,0.0,0.0,0.0,0,0,0.0,false
src/java/org/apache/sqoop/manager/oracle/OracleConnectionFactory.java,107.0,7.0,16.0,9.0,43.0,36.0,3.0,venkat@hortonworks.com,1,0.0,0.0,0.0,0.0,0.0,321.9245283018868,4291.301075774227,1,0,0.49247648509779407,false
src/java/org/apache/sqoop/mapreduce/AvroExportMapper.java,8.0,4.0,0.0,1.0,4.0,2.0,3.0,arvind@apache.org,1,0.0,0.0,0.0,0.0,33.0,321.9245283018868,4291.301075774227,1,0,0.49247648509779407,false
src/java/org/apache/sqoop/mapreduce/AvroImportMapper.java,31.0,13.0,0.0,3.0,10.0,8.0,11.0,jarcec@apache.org,2,0.009345794392523364,12.0,12.0,0.0,12.0,429.03563941299797,5196.580183950665,2,0,0.25496208651155094,false
src/java/org/apache/sqoop/mapreduce/DataDrivenImportJob.java,180.0,31.0,24.0,9.0,80.0,37.0,7.0,jarcec@apache.org,1,0.009345794392523364,10.0,0.0,5.0,5.0,321.9245283018868,4291.301075774227,1,0,0.49247648509779407,false
src/java/org/apache/sqoop/mapreduce/ExportJobBase.java,343.0,29.0,107.0,19.0,99.0,75.0,4.0,jarcec@apache.org,2,0.009345794392523364,12.0,0.0,0.0,0.0,515.9934938191282,5789.642085473422,2,2,0.3498304971110531,false
src/java/org/apache/sqoop/mapreduce/GenericRecordExportMapper.java,51.0,14.0,1.0,3.0,22.0,14.0,3.0,jarcec@apache.org,1,0.0,0.0,0.0,0.0,100.0,321.9245283018868,4291.301075774227,1,0,0.49247648509779407,false
src/java/org/apache/sqoop/mapreduce/HBaseBulkImportMapper.java,37.0,16.0,0.0,3.0,12.0,11.0,9.0,abraham@elmahrek.com,2,0.009345794392523364,0.0,33.0,0.0,0.0,429.03563941299797,5196.580183950665,2,0,0.44897079660297934,false
src/java/org/apache/sqoop/mapreduce/HBaseImportJob.java,105.0,26.0,15.0,6.0,37.0,16.0,0.0,jarcec@apache.org,0,0.0,0.0,0.0,0.0,0.0,0.0,0.0,0,0,0.0,true
src/java/org/apache/sqoop/mapreduce/JobBase.java,286.0,22.0,308.0,28.0,67.0,79.0,6.0,jarcec@apache.org,1,0.009345794392523364,12.0,0.0,0.0,0.0,321.9245283018868,4291.301075774227,1,0,0.49247648509779407,false
src/java/org/apache/sqoop/mapreduce/ParquetImportMapper.java,29.0,11.0,0.0,3.0,8.0,8.0,11.0,abraham@elmahrek.com,2,0.009345794392523364,25.0,25.0,0.0,25.0,429.03563941299797,5196.580183950665,2,0,0.25496208651155094,false
src/java/org/apache/sqoop/mapreduce/ParquetJob.java,38.0,11.0,4.0,4.0,16.0,12.0,14.0,jarcec@apache.org,1,0.009345794392523364,17.0,0.0,0.0,17.0,321.9245283018868,4291.301075774227,1,0,0.49247648509779407,false
src/java/org/apache/sqoop/mapreduce/SQLServerExportDBExecThread.java,97.0,8.0,4.0,4.0,19.0,20.0,4.0,keeganwitt@gmail.com,1,0.009345794392523364,50.0,50.0,0.0,0.0,6.0,9.326554235150635,1,0,3.58351893845611,false
src/java/org/apache/sqoop/mapreduce/SequenceFileImportMapper.java,23.0,7.0,0.0,3.0,4.0,8.0,9.0,abraham@elmahrek.com,2,0.009345794392523364,0.0,33.0,0.0,0.0,429.03563941299797,5196.580183950665,2,0,0.44897079660297934,false
src/java/org/apache/sqoop/mapreduce/TextImportMapper.java,28.0,9.0,0.0,4.0,7.0,9.0,9.0,abraham@elmahrek.com,2,0.009345794392523364,0.0,33.0,0.0,0.0,429.03563941299797,5196.580183950665,2,0,0.44897079660297934,false
src/java/org/apache/sqoop/mapreduce/cubrid/CubridUpsertOutputFormat.java,67.0,8.0,0.0,1.0,0.0,4.0,12.0,jarcec@apache.org,1,0.009345794392523364,100.0,0.0,0.0,0.0,321.9245283018868,4291.301075774227,1,0,0.49247648509779407,false
src/java/org/apache/sqoop/mapreduce/db/DataDrivenDBInputFormat.java,201.0,33.0,15.0,7.0,47.0,23.0,5.0,jarcec@apache.org,1,0.0,0.0,0.0,12.0,0.0,321.9245283018868,4291.301075774227,1,2,0.49247648509779407,false
src/java/org/apache/sqoop/mapreduce/db/NTextSplitter.java,8.0,0.0,0.0,1.0,1.0,1.0,5.0,jarcec@apache.org,1,0.0,0.0,0.0,100.0,0.0,321.9245283018868,4291.301075774227,1,0,0.49247648509779407,false
src/java/org/apache/sqoop/mapreduce/db/TextSplitter.java,114.0,13.0,7.0,6.0,31.0,24.0,5.0,arvind@apache.org,1,0.0,0.0,0.0,33.0,0.0,321.9245283018868,4291.301075774227,1,0,0.49247648509779407,false
src/java/org/apache/sqoop/mapreduce/hcat/SqoopHCatImportHelper.java,387.0,37.0,22.0,9.0,88.0,41.0,9.0,abraham@elmahrek.com,2,0.009345794392523364,0.0,25.0,0.0,0.0,429.03563941299797,5196.580183950665,2,0,0.44897079660297934,false
src/java/org/apache/sqoop/mapreduce/hcat/SqoopHCatUtilities.java,1030.0,53.0,1448.0,60.0,235.0,180.0,1.0,jarcec@apache.org,2,0.018691588785046728,22.0,0.0,0.0,0.0,429.03563941299797,5196.580183950665,2,0,0.2890566448464016,false
src/java/org/apache/sqoop/mapreduce/postgresql/PGBulkloadExportJob.java,109.0,20.0,45.0,10.0,53.0,25.0,4.0,jarcec@apache.org,1,0.009345794392523364,20.0,0.0,0.0,0.0,321.9245283018868,4291.301075774227,1,0,0.49247648509779407,false
src/java/org/apache/sqoop/mapreduce/sqlserver/SqlServerExportBatchOutputFormat.java,70.0,9.0,0.0,1.0,0.0,4.0,4.0,keeganwitt@gmail.com,1,0.009345794392523364,33.0,33.0,0.0,0.0,6.0,9.326554235150635,1,0,3.58351893845611,false
src/java/org/apache/sqoop/orm/AvroSchemaGenerator.java,86.0,13.0,4.0,5.0,24.0,14.0,2.0,blee@apache.org,1,0.0,0.0,0.0,0.0,0.0,321.9245283018868,4291.301075774227,1,1,0.49247648509779407,false
src/java/org/apache/sqoop/orm/ClassWriter.java,1390.0,57.0,601.0,47.0,222.0,215.0,9.0,jarcec@apache.org,1,0.009345794392523364,5.0,0.0,0.0,5.0,321.9245283018868,4291.301075774227,1,5,0.49247648509779407,false
src/java/org/apache/sqoop/orm/TableClassName.java,70.0,3.0,0.0,4.0,11.0,16.0,2.0,jarcec@apache.org,1,0.0,0.0,0.0,0.0,0.0,321.9245283018868,4291.301075774227,1,0,0.49247648509779407,false
src/java/org/apache/sqoop/tool/BaseSqoopTool.java,873.0,30.0,591.0,39.0,267.0,147.0,9.0,jarcec@apache.org,3,0.0,0.0,0.0,0.0,0.0,623.1046049302394,6694.9211936498605,3,3,0.14797759552149548,false
src/java/org/apache/sqoop/tool/CodeGenTool.java,119.0,16.0,20.0,8.0,52.0,26.0,8.0,jarcec@apache.org,1,0.0,0.0,0.0,0.0,0.0,321.9245283018868,4291.301075774227,1,0,0.49247648509779407,false
src/java/org/apache/sqoop/tool/ImportTool.java,720.0,35.0,221.0,26.0,257.0,110.0,14.0,jarcec@apache.org,1,0.0,0.0,0.0,0.0,0.0,321.9245283018868,4291.301075774227,1,1,0.49247648509779407,false
src/java/org/apache/sqoop/util/AppendUtils.java,174.0,14.0,11.0,7.0,54.0,29.0,21.0,jarcec@apache.org,1,0.0,0.0,0.0,0.0,0.0,321.9245283018868,4291.301075774227,1,2,0.49247648509779407,false
src/test/com/cloudera/sqoop/TestParquetImport.java,134.0,18.0,36.0,9.0,70.0,18.0,21.0,jarcec@apache.org,1,0.0,0.0,0.0,0.0,0.0,321.9245283018868,4291.301075774227,1,0,0.49247648509779407,false
src/test/com/cloudera/sqoop/ThirdPartyTests.java,54.0,46.0,1.0,2.0,1.0,4.0,12.0,jarcec@apache.org,1,0.009345794392523364,8.0,0.0,0.0,0.0,321.9245283018868,4291.301075774227,1,1,0.49247648509779407,false
src/test/com/cloudera/sqoop/hive/TestHiveImport.java,366.0,27.0,234.0,24.0,128.0,64.0,8.0,jarcec@apache.org,1,0.0,0.0,0.0,0.0,0.0,321.9245283018868,4291.301075774227,1,2,0.49247648509779407,false
src/test/com/cloudera/sqoop/lib/TestLargeObjectLoader.java,65.0,12.0,0.0,3.0,30.0,8.0,9.0,abayer@apache.org,2,0.009345794392523364,0.0,12.0,0.0,0.0,429.03563941299797,5196.580183950665,2,1,0.44897079660297934,false
src/test/com/cloudera/sqoop/manager/CubridManagerExportTest.java,178.0,18.0,102.0,16.0,56.0,45.0,12.0,jarcec@apache.org,1,0.009345794392523364,100.0,0.0,0.0,0.0,321.9245283018868,4291.301075774227,1,0,0.49247648509779407,false
src/test/com/cloudera/sqoop/manager/CubridManagerImportTest.java,150.0,24.0,25.0,10.0,57.0,29.0,12.0,jarcec@apache.org,1,0.009345794392523364,100.0,0.0,0.0,0.0,321.9245283018868,4291.301075774227,1,0,0.49247648509779407,false
src/test/com/cloudera/sqoop/manager/PGBulkloadManagerManualTest.java,109.0,11.0,116.0,16.0,34.0,34.0,4.0,jarcec@apache.org,1,0.009345794392523364,20.0,0.0,0.0,0.0,321.9245283018868,4291.301075774227,1,0,0.49247648509779407,false
src/test/org/apache/sqoop/TestExportUsingProcedure.java,215.0,19.0,368.0,28.0,63.0,70.0,1.0,venkat@hortonworks.com,1,0.0,0.0,0.0,33.0,0.0,194.0689655172414,1498.3410096991954,1,1,1.9740810260220096,false
src/test/org/apache/sqoop/manager/cubrid/CubridAuthTest.java,78.0,15.0,0.0,5.0,34.0,11.0,12.0,jarcec@apache.org,1,0.009345794392523364,100.0,0.0,0.0,0.0,321.9245283018868,4291.301075774227,1,0,0.49247648509779407,false
src/test/org/apache/sqoop/manager/cubrid/CubridCompatTest.java,85.0,9.0,78.0,13.0,21.0,31.0,12.0,jarcec@apache.org,1,0.009345794392523364,100.0,0.0,0.0,0.0,321.9245283018868,4291.301075774227,1,0,0.49247648509779407,false
src/test/org/apache/sqoop/manager/cubrid/CubridTestUtils.java,25.0,2.0,6.0,4.0,0.0,8.0,12.0,jarcec@apache.org,1,0.009345794392523364,100.0,0.0,0.0,0.0,321.9245283018868,4291.301075774227,1,0,0.49247648509779407,false
src/test/org/apache/sqoop/manager/oracle/OraOopTestCase.java,205.0,21.0,69.0,14.0,55.0,43.0,1.0,abraham@elmahrek.com,2,0.009345794392523364,25.0,0.0,0.0,0.0,429.03563941299797,5196.580183950665,2,0,0.7221509728898219,false
src/test/org/apache/sqoop/manager/oracle/SystemImportTest.java,182.0,27.0,0.0,1.0,61.0,6.0,3.0,venkat@hortonworks.com,1,0.0,0.0,0.0,0.0,0.0,321.9245283018868,4291.301075774227,1,0,0.49247648509779407,false
src/test/org/apache/sqoop/manager/oracle/TestOraOopJdbcUrl.java,148.0,7.0,15.0,6.0,14.0,17.0,0.0,venkat@hortonworks.com,0,0.0,0.0,0.0,0.0,0.0,0.0,0.0,0,1,0.0,false
src/test/org/apache/sqoop/mapreduce/db/TestTextSplitter.java,86.0,5.0,66.0,12.0,33.0,21.0,5.0,arvind@apache.org,1,0.0,0.0,0.0,33.0,0.0,321.9245283018868,4291.301075774227,1,0,0.49247648509779407,false
