name,LOC,CBO,LCOM,NOM,RFC,WMC,ACS,Ownership,numOfChanges,numberOfFIChanges,ENH,NF,BugFixing,REF,structuralWorkloadSum,semanticWorkloadSum,numberOfDeveloper,pastFaults,MAF,isBuggy
src/java/com/cloudera/sqoop/lib/LargeObjectLoader.java,16.0,3.0,0.0,1.0,0.0,2.0,0.0,abayer@apache.org,0,0.0,0.0,0.0,0.0,0.0,0.0,0.0,0,0,0.0,false
src/java/org/apache/sqoop/ConnFactory.java,183.0,23.0,0.0,6.0,54.0,27.0,0.0,blee@apache.org,0,0.0,0.0,0.0,0.0,0.0,0.0,0.0,0,2,0.0,false
src/java/org/apache/sqoop/SqoopOptions.java,1814.0,25.0,34714.0,268.0,189.0,540.0,0.0,jarcec@apache.org,0,0.0,0.0,0.0,0.0,0.0,0.0,0.0,0,0,0.0,false
src/java/org/apache/sqoop/lib/LargeObjectLoader.java,205.0,16.0,0.0,12.0,48.0,46.0,0.0,abraham@elmahrek.com,0,0.0,0.0,0.0,0.0,0.0,0.0,0.0,0,0,0.0,false
src/java/org/apache/sqoop/manager/ConnManager.java,562.0,25.0,1484.0,56.0,41.0,184.0,0.0,jarcec@apache.org,0,0.0,0.0,0.0,0.0,0.0,0.0,0.0,0,2,0.0,false
src/java/org/apache/sqoop/manager/DefaultManagerFactory.java,72.0,5.0,0.0,2.0,13.0,8.0,2.0,jarcec@apache.org,1,0.0,0.0,0.0,0.0,0.0,94.25,331.19281083699036,1,0,0.4595323293784402,false
src/java/org/apache/sqoop/manager/MainframeManager.java,87.0,21.0,89.0,14.0,17.0,28.0,0.0,venkat@hortonworks.com,0,0.0,0.0,0.0,0.0,0.0,0.0,0.0,0,0,0.0,false
src/java/org/apache/sqoop/manager/MySQLManager.java,264.0,24.0,173.0,22.0,83.0,68.0,0.0,jarcec@apache.org,0,0.0,0.0,0.0,0.0,0.0,0.0,0.0,0,2,0.0,false
src/java/org/apache/sqoop/manager/SQLServerManager.java,261.0,23.0,256.0,24.0,73.0,73.0,2.0,jarcec@apache.org,1,0.0,0.0,0.0,0.0,0.0,94.25,331.19281083699036,1,2,0.4595323293784402,false
src/java/org/apache/sqoop/manager/oracle/OraOopConnManager.java,314.0,21.0,401.0,30.0,112.0,98.0,0.0,venkat@hortonworks.com,0,0.0,0.0,0.0,0.0,0.0,0.0,0.0,0,0,0.0,false
src/java/org/apache/sqoop/manager/oracle/OraOopManagerFactory.java,485.0,16.0,0.0,21.0,229.0,94.0,9.0,abraham@elmahrek.com,1,0.025,33.0,33.0,0.0,0.0,67.5,111.0928622014254,1,0,1.3350010667323402,false
src/java/org/apache/sqoop/manager/oracle/OraOopOracleDataChunk.java,31.0,2.0,13.0,6.0,6.0,12.0,5.0,venkat@hortonworks.com,1,0.0,0.0,0.0,0.0,0.0,28.4,43.50122428978419,1,0,2.2512917986064953,false
src/java/org/apache/sqoop/manager/oracle/OraOopOracleDataChunkExtent.java,43.0,4.0,0.0,6.0,10.0,14.0,5.0,venkat@hortonworks.com,1,0.0,0.0,0.0,0.0,0.0,28.4,43.50122428978419,1,0,2.2512917986064953,false
src/java/org/apache/sqoop/manager/oracle/OraOopOracleDataChunkPartition.java,39.0,4.0,0.0,6.0,12.0,12.0,5.0,venkat@hortonworks.com,1,0.0,0.0,0.0,0.0,0.0,28.4,43.50122428978419,1,0,2.2512917986064953,false
src/java/org/apache/sqoop/manager/oracle/OraOopOracleQueries.java,915.0,20.0,1409.0,58.0,367.0,257.0,7.0,abraham@elmahrek.com,2,0.025,33.0,33.0,0.0,0.0,95.9,154.5940864912096,2,0,1.0999992521094724,false
src/java/org/apache/sqoop/mapreduce/AvroImportMapper.java,31.0,13.0,0.0,3.0,11.0,8.0,0.0,jarcec@apache.org,0,0.0,0.0,0.0,0.0,0.0,0.0,0.0,0,0,0.0,false
src/java/org/apache/sqoop/mapreduce/DataDrivenImportJob.java,184.0,31.0,33.0,10.0,83.0,43.0,1.0,jarcec@apache.org,1,0.025,5.0,5.0,0.0,0.0,94.25,331.19281083699036,1,1,0.4595323293784402,false
src/java/org/apache/sqoop/mapreduce/ExportJobBase.java,352.0,30.0,107.0,19.0,103.0,75.0,1.0,jarcec@apache.org,1,0.025,6.0,0.0,0.0,0.0,28.4,43.50122428978419,1,2,2.2512917986064953,false
src/java/org/apache/sqoop/mapreduce/HBaseBulkImportMapper.java,37.0,16.0,0.0,3.0,13.0,11.0,0.0,abraham@elmahrek.com,0,0.0,0.0,0.0,0.0,0.0,0.0,0.0,0,0,0.0,false
src/java/org/apache/sqoop/mapreduce/HBaseImportJob.java,123.0,26.0,19.0,7.0,41.0,22.0,2.0,jarcec@apache.org,2,0.0,0.0,0.0,9.0,0.0,161.75,442.2856730384158,2,0,0.11484107353492745,true
src/java/org/apache/sqoop/mapreduce/ImportJobBase.java,205.0,30.0,40.0,12.0,73.0,39.0,3.0,jarcec@apache.org,1,0.0,0.0,0.0,0.0,0.0,94.25,331.19281083699036,1,1,0.4595323293784402,false
src/java/org/apache/sqoop/mapreduce/JdbcExportJob.java,105.0,19.0,15.0,7.0,42.0,27.0,0.0,jarcec@apache.org,0,0.0,0.0,0.0,0.0,0.0,0.0,0.0,0,0,0.0,false
src/java/org/apache/sqoop/mapreduce/ParquetExportMapper.java,11.0,3.0,1.0,2.0,3.0,4.0,0.0,jarcec@apache.org,0,0.0,0.0,0.0,0.0,0.0,0.0,0.0,0,0,0.0,false
src/java/org/apache/sqoop/mapreduce/ParquetImportMapper.java,29.0,13.0,0.0,3.0,10.0,8.0,0.0,abraham@elmahrek.com,0,0.0,0.0,0.0,0.0,0.0,0.0,0.0,0,0,0.0,false
src/java/org/apache/sqoop/mapreduce/ParquetJob.java,51.0,14.0,8.0,5.0,24.0,16.0,3.0,jarcec@apache.org,1,0.0,0.0,0.0,0.0,0.0,94.25,331.19281083699036,1,0,0.4595323293784402,false
src/java/org/apache/sqoop/mapreduce/SequenceFileImportMapper.java,23.0,7.0,0.0,3.0,5.0,8.0,0.0,abraham@elmahrek.com,0,0.0,0.0,0.0,0.0,0.0,0.0,0.0,0,0,0.0,false
src/java/org/apache/sqoop/mapreduce/TextImportMapper.java,28.0,9.0,0.0,4.0,8.0,9.0,0.0,abraham@elmahrek.com,0,0.0,0.0,0.0,0.0,0.0,0.0,0.0,0,0,0.0,false
src/java/org/apache/sqoop/mapreduce/db/BigDecimalSplitter.java,68.0,12.0,1.0,3.0,16.0,16.0,2.0,jarcec@apache.org,1,0.0,0.0,0.0,50.0,0.0,94.25,331.19281083699036,1,0,0.4595323293784402,false
src/java/org/apache/sqoop/mapreduce/hcat/SqoopHCatImportHelper.java,387.0,37.0,22.0,9.0,89.0,41.0,0.0,abraham@elmahrek.com,0,0.0,0.0,0.0,0.0,0.0,0.0,0.0,0,0,0.0,false
src/java/org/apache/sqoop/mapreduce/hcat/SqoopHCatUtilities.java,1055.0,53.0,1448.0,60.0,234.0,180.0,0.0,jarcec@apache.org,0,0.0,0.0,0.0,0.0,0.0,0.0,0.0,0,0,0.0,false
src/java/org/apache/sqoop/mapreduce/mainframe/MainframeConfiguration.java,3.0,0.0,0.0,0.0,0.0,0.0,0.0,venkat@hortonworks.com,0,0.0,0.0,0.0,0.0,0.0,0.0,0.0,0,0,0.0,false
src/java/org/apache/sqoop/mapreduce/mainframe/MainframeDatasetFTPRecordReader.java,63.0,11.0,0.0,4.0,20.0,15.0,0.0,venkat@hortonworks.com,0,0.0,0.0,0.0,0.0,0.0,0.0,0.0,0,0,0.0,false
src/java/org/apache/sqoop/mapreduce/mainframe/MainframeDatasetImportMapper.java,28.0,10.0,0.0,3.0,9.0,6.0,0.0,venkat@hortonworks.com,0,0.0,0.0,0.0,0.0,0.0,0.0,0.0,0,0,0.0,false
src/java/org/apache/sqoop/mapreduce/mainframe/MainframeDatasetInputFormat.java,40.0,15.0,3.0,3.0,11.0,14.0,0.0,venkat@hortonworks.com,0,0.0,0.0,0.0,0.0,0.0,0.0,0.0,0,0,0.0,false
src/java/org/apache/sqoop/mapreduce/mainframe/MainframeDatasetInputSplit.java,50.0,7.0,0.0,9.0,11.0,22.0,0.0,venkat@hortonworks.com,0,0.0,0.0,0.0,0.0,0.0,0.0,0.0,0,0,0.0,false
src/java/org/apache/sqoop/mapreduce/mainframe/MainframeDatasetRecordReader.java,57.0,11.0,2.0,8.0,8.0,22.0,0.0,venkat@hortonworks.com,0,0.0,0.0,0.0,0.0,0.0,0.0,0.0,0,0,0.0,false
src/java/org/apache/sqoop/mapreduce/mainframe/MainframeImportJob.java,25.0,9.0,6.0,4.0,6.0,9.0,0.0,venkat@hortonworks.com,0,0.0,0.0,0.0,0.0,0.0,0.0,0.0,0,0,0.0,false
src/java/org/apache/sqoop/mapreduce/postgresql/PGBulkloadExportJob.java,109.0,19.0,45.0,10.0,53.0,25.0,3.0,jarcec@apache.org,1,0.0,0.0,0.0,0.0,20.0,94.25,331.19281083699036,1,0,0.4595323293784402,false
src/java/org/apache/sqoop/mapreduce/postgresql/PGBulkloadExportMapper.java,239.0,25.0,2.0,5.0,55.0,24.0,4.0,jarcec@apache.org,1,0.0,0.0,0.0,0.0,0.0,94.25,331.19281083699036,1,0,0.4595323293784402,false
src/java/org/apache/sqoop/mapreduce/postgresql/PGBulkloadExportReducer.java,61.0,13.0,0.0,3.0,13.0,11.0,4.0,jarcec@apache.org,1,0.0,0.0,0.0,0.0,0.0,94.25,331.19281083699036,1,0,0.4595323293784402,false
src/java/org/apache/sqoop/mapreduce/sqlserver/SqlServerUpsertOutputFormat.java,111.0,11.0,0.0,1.0,0.0,4.0,0.0,venkat@hortonworks.com,0,0.0,0.0,0.0,0.0,0.0,0.0,0.0,0,0,0.0,false
src/java/org/apache/sqoop/orm/ClassWriter.java,1391.0,57.0,601.0,47.0,222.0,215.0,0.0,jarcec@apache.org,0,0.0,0.0,0.0,0.0,0.0,0.0,0.0,0,5,0.0,false
src/java/org/apache/sqoop/tool/BaseSqoopTool.java,896.0,31.0,591.0,39.0,271.0,147.0,0.0,jarcec@apache.org,0,0.0,0.0,0.0,0.0,0.0,0.0,0.0,0,3,0.0,false
src/java/org/apache/sqoop/tool/MainframeImportTool.java,61.0,9.0,3.0,6.0,33.0,15.0,0.0,venkat@hortonworks.com,0,0.0,0.0,0.0,0.0,0.0,0.0,0.0,0,0,0.0,false
src/java/org/apache/sqoop/tool/SqoopTool.java,315.0,27.0,181.0,23.0,78.0,69.0,0.0,venkat@hortonworks.com,0,0.0,0.0,0.0,0.0,0.0,0.0,0.0,0,0,0.0,false
src/java/org/apache/sqoop/util/MainframeFTPClientUtils.java,135.0,17.0,6.0,5.0,35.0,19.0,0.0,venkat@hortonworks.com,0,0.0,0.0,0.0,0.0,0.0,0.0,0.0,0,0,0.0,false
src/java/org/apache/sqoop/util/password/CredentialProviderHelper.java,81.0,7.0,0.0,3.0,10.0,12.0,0.0,abraham@elmahrek.com,0,0.0,0.0,0.0,0.0,0.0,0.0,0.0,0,0,0.0,false
src/java/org/apache/sqoop/util/password/CredentialProviderPasswordLoader.java,21.0,6.0,0.0,1.0,6.0,4.0,0.0,abraham@elmahrek.com,0,0.0,0.0,0.0,0.0,0.0,0.0,0.0,0,0,0.0,false
src/java/org/apache/sqoop/util/password/FilePasswordLoader.java,43.0,8.0,3.0,3.0,9.0,10.0,0.0,abraham@elmahrek.com,0,0.0,0.0,0.0,0.0,0.0,0.0,0.0,0,1,0.0,false
src/test/com/cloudera/sqoop/TestIncrementalImport.java,896.0,29.0,655.0,42.0,349.0,132.0,4.0,null,2,0.025,8.0,0.0,0.0,0.0,139.39285714285714,394.140068100391,2,1,0.20411951749544488,false
src/test/com/cloudera/sqoop/TestParquetExport.java,274.0,16.0,210.0,21.0,111.0,66.0,0.0,jarcec@apache.org,0,0.0,0.0,0.0,0.0,0.0,0.0,0.0,0,0,0.0,false
src/test/com/cloudera/sqoop/TestParquetImport.java,145.0,19.0,66.0,12.0,77.0,25.0,3.0,jarcec@apache.org,1,0.0,0.0,0.0,0.0,0.0,94.25,331.19281083699036,1,0,0.4595323293784402,false
src/test/com/cloudera/sqoop/lib/TestLargeObjectLoader.java,65.0,12.0,0.0,3.0,30.0,8.0,0.0,abayer@apache.org,0,0.0,0.0,0.0,0.0,0.0,0.0,0.0,0,1,0.0,false
src/test/com/cloudera/sqoop/manager/PGBulkloadManagerManualTest.java,87.0,11.0,103.0,15.0,24.0,30.0,4.0,jarcec@apache.org,1,0.0,0.0,0.0,0.0,0.0,94.25,331.19281083699036,1,0,0.4595323293784402,false
src/test/com/cloudera/sqoop/manager/SQLServerManagerExportManualTest.java,309.0,19.0,28.0,17.0,96.0,42.0,0.0,venkat@hortonworks.com,0,0.0,0.0,0.0,0.0,0.0,0.0,0.0,0,0,0.0,false
src/test/com/cloudera/sqoop/manager/SQLServerManagerImportManualTest.java,192.0,22.0,30.0,12.0,45.0,37.0,0.0,null,0,0.0,0.0,0.0,0.0,0.0,0.0,0.0,0,1,0.0,false
src/test/com/cloudera/sqoop/testutil/LobAvroImportTestCase.java,225.0,19.0,208.0,21.0,107.0,54.0,0.0,abraham@elmahrek.com,0,0.0,0.0,0.0,0.0,0.0,0.0,0.0,0,0,0.0,false
src/test/org/apache/sqoop/accumulo/AccumuloTestCase.java,194.0,31.0,77.0,15.0,81.0,51.0,0.0,jarcec@apache.org,0,0.0,0.0,0.0,0.0,0.0,0.0,0.0,0,0,0.0,false
src/test/org/apache/sqoop/credentials/TestPassingSecurePassword.java,338.0,28.0,190.0,20.0,179.0,54.0,0.0,abraham@elmahrek.com,0,0.0,0.0,0.0,0.0,0.0,0.0,0.0,0,0,0.0,false
src/test/org/apache/sqoop/hcat/TestHCatalogBasic.java,146.0,5.0,94.0,21.0,39.0,53.0,0.0,jarcec@apache.org,0,0.0,0.0,0.0,0.0,0.0,0.0,0.0,0,0,0.0,false
src/test/org/apache/sqoop/manager/TestMainframeManager.java,115.0,25.0,0.0,12.0,56.0,29.0,0.0,venkat@hortonworks.com,0,0.0,0.0,0.0,0.0,0.0,0.0,0.0,0,0,0.0,false
src/test/org/apache/sqoop/manager/oracle/ImportTest.java,170.0,3.0,66.0,12.0,112.0,24.0,9.0,abraham@elmahrek.com,1,0.025,50.0,50.0,0.0,0.0,67.5,111.0928622014254,1,0,1.3350010667323402,false
src/test/org/apache/sqoop/manager/oracle/OraOopOracleQueriesTest.java,24.0,5.0,1.0,2.0,9.0,3.0,5.0,venkat@hortonworks.com,1,0.0,0.0,0.0,0.0,0.0,28.4,43.50122428978419,1,0,2.2512917986064953,false
src/test/org/apache/sqoop/manager/oracle/OraOopTestCase.java,201.0,21.0,69.0,14.0,53.0,43.0,0.0,abraham@elmahrek.com,0,0.0,0.0,0.0,0.0,0.0,0.0,0.0,0,0,0.0,false
src/test/org/apache/sqoop/manager/oracle/util/OracleData.java,122.0,8.0,29.0,11.0,57.0,34.0,9.0,abraham@elmahrek.com,1,0.025,50.0,50.0,0.0,0.0,67.5,111.0928622014254,1,0,1.3350010667323402,false
src/test/org/apache/sqoop/manager/oracle/util/OracleTableDefinition.java,97.0,10.0,55.0,14.0,13.0,24.0,9.0,abraham@elmahrek.com,1,0.025,50.0,50.0,0.0,0.0,67.5,111.0928622014254,1,0,1.3350010667323402,false
src/test/org/apache/sqoop/mapreduce/db/TestBigDecimalSplitter.java,26.0,3.0,3.0,3.0,6.0,3.0,2.0,jarcec@apache.org,1,0.0,0.0,0.0,100.0,0.0,94.25,331.19281083699036,1,0,0.4595323293784402,false
src/test/org/apache/sqoop/mapreduce/mainframe/TestMainframeDatasetFTPRecordReader.java,172.0,32.0,0.0,5.0,62.0,12.0,5.0,abraham@elmahrek.com,1,0.0,0.0,0.0,50.0,0.0,67.5,111.0928622014254,1,0,1.3350010667323402,false
src/test/org/apache/sqoop/mapreduce/mainframe/TestMainframeDatasetInputFormat.java,50.0,22.0,1.0,3.0,30.0,8.0,5.0,abraham@elmahrek.com,1,0.0,0.0,0.0,33.0,0.0,67.5,111.0928622014254,1,0,1.3350010667323402,false
src/test/org/apache/sqoop/mapreduce/mainframe/TestMainframeDatasetInputSplit.java,78.0,6.0,0.0,9.0,29.0,16.0,0.0,venkat@hortonworks.com,0,0.0,0.0,0.0,0.0,0.0,0.0,0.0,0,0,0.0,false
src/test/org/apache/sqoop/mapreduce/mainframe/TestMainframeImportJob.java,33.0,9.0,0.0,3.0,9.0,6.0,0.0,venkat@hortonworks.com,0,0.0,0.0,0.0,0.0,0.0,0.0,0.0,0,0,0.0,false
src/test/org/apache/sqoop/mapreduce/sqlserver/SqlServerUpsertOutputFormatTest.java,21.0,11.0,0.0,1.0,5.0,2.0,5.0,venkat@hortonworks.com,1,0.0,0.0,0.0,20.0,0.0,67.5,111.0928622014254,1,0,1.3350010667323402,false
src/test/org/apache/sqoop/tool/TestMainframeImportTool.java,54.0,15.0,0.0,6.0,24.0,13.0,0.0,venkat@hortonworks.com,0,0.0,0.0,0.0,0.0,0.0,0.0,0.0,0,0,0.0,false
src/test/org/apache/sqoop/util/TestMainframeFTPClientUtils.java,99.0,13.0,0.0,6.0,55.0,15.0,0.0,venkat@hortonworks.com,0,0.0,0.0,0.0,0.0,0.0,0.0,0.0,0,0,0.0,false
