name,LOC,CBO,LCOM,NOM,RFC,WMC,ACS,Ownership,numOfChanges,numberOfFIChanges,ENH,NF,BugFixing,REF,structuralWorkloadSum,semanticWorkloadSum,numberOfDeveloper,pastFaults,MAF,isBuggy
agents-audit/src/main/java/com/xasecure/audit/dao/BaseDao.java,140.0,10.0,94.0,16.0,47.0,42.0,461.0,alal@hortonworks.com,1,0.0,0.0,0.0,0.0,0.0,3412.583850931677,267635.0920362068,1,0,5.429345628954441,false
agents-audit/src/main/java/com/xasecure/audit/dao/DaoManager.java,19.0,3.0,0.0,2.0,3.0,5.0,688.0,alal@hortonworks.com,1,0.0,0.0,0.0,0.0,0.0,3412.583850931677,267635.0920362068,1,0,5.429345628954441,false
agents-audit/src/main/java/com/xasecure/audit/dao/DaoManagerBase.java,41.0,2.0,21.0,7.0,0.0,17.0,365.0,alal@hortonworks.com,2,0.0018115942028985507,0.0,33.0,0.0,0.0,4479.6228119706375,278889.5469299117,2,0,2.7146728144772205,false
agents-audit/src/main/java/com/xasecure/audit/dao/XAHBaseAuditEventDao.java,5.0,1.0,0.0,1.0,0.0,1.0,688.0,alal@hortonworks.com,1,0.0,0.0,0.0,0.0,0.0,3412.583850931677,267635.0920362068,1,0,5.429345628954441,false
agents-audit/src/main/java/com/xasecure/audit/dao/XAHdfsAuditEventDao.java,5.0,1.0,0.0,1.0,0.0,1.0,688.0,alal@hortonworks.com,1,0.0,0.0,0.0,0.0,0.0,3412.583850931677,267635.0920362068,1,0,5.429345628954441,false
agents-audit/src/main/java/com/xasecure/audit/dao/XAHiveAuditEventDao.java,5.0,1.0,0.0,1.0,0.0,1.0,688.0,alal@hortonworks.com,1,0.0,0.0,0.0,0.0,0.0,3412.583850931677,267635.0920362068,1,0,5.429345628954441,false
agents-audit/src/main/java/com/xasecure/audit/dao/XAKnoxAuditEventDao.java,5.0,1.0,0.0,1.0,0.0,1.0,688.0,alal@hortonworks.com,1,0.0,0.0,0.0,0.0,0.0,3412.583850931677,267635.0920362068,1,0,5.429345628954441,false
agents-audit/src/main/java/com/xasecure/audit/dao/XAStormAuditEventDao.java,5.0,1.0,0.0,1.0,0.0,1.0,42.0,alal@hortonworks.com,1,0.0018115942028985507,0.0,50.0,0.0,0.0,1067.0389610389611,11254.45489370489,1,0,1.3862943611198906,false
agents-audit/src/main/java/com/xasecure/audit/entity/XXBaseAuditEvent.java,130.0,15.0,410.0,32.0,14.0,50.0,368.0,vperiasamy@hortonworks.com,2,0.0018115942028985507,33.0,0.0,0.0,0.0,3681.366459627329,270980.6410031747,2,0,2.844103631435365,false
agents-audit/src/main/java/com/xasecure/audit/entity/XXBaseAuditEvent_.java,17.0,5.0,0.0,0.0,0.0,0.0,688.0,alal@hortonworks.com,1,0.0,0.0,0.0,0.0,0.0,3412.583850931677,267635.0920362068,1,0,5.429345628954441,false
agents-audit/src/main/java/com/xasecure/audit/entity/XXHBaseAuditEvent.java,36.0,6.0,10.0,8.0,3.0,11.0,688.0,alal@hortonworks.com,1,0.0,0.0,0.0,0.0,0.0,3412.583850931677,267635.0920362068,1,0,5.429345628954441,false
agents-audit/src/main/java/com/xasecure/audit/entity/XXHBaseAuditEvent_.java,5.0,3.0,0.0,0.0,0.0,0.0,688.0,alal@hortonworks.com,1,0.0,0.0,0.0,0.0,0.0,3412.583850931677,267635.0920362068,1,0,5.429345628954441,false
agents-audit/src/main/java/com/xasecure/audit/entity/XXHdfsAuditEvent.java,28.0,8.0,3.0,6.0,2.0,8.0,688.0,alal@hortonworks.com,1,0.0,0.0,0.0,0.0,0.0,3412.583850931677,267635.0920362068,1,0,5.429345628954441,false
agents-audit/src/main/java/com/xasecure/audit/entity/XXHdfsAuditEvent_.java,4.0,3.0,0.0,0.0,0.0,0.0,688.0,alal@hortonworks.com,1,0.0,0.0,0.0,0.0,0.0,3412.583850931677,267635.0920362068,1,0,5.429345628954441,false
agents-audit/src/main/java/com/xasecure/audit/entity/XXHiveAuditEvent.java,36.0,8.0,10.0,8.0,3.0,11.0,688.0,alal@hortonworks.com,1,0.0,0.0,0.0,0.0,0.0,3412.583850931677,267635.0920362068,1,0,5.429345628954441,false
agents-audit/src/main/java/com/xasecure/audit/entity/XXHiveAuditEvent_.java,5.0,3.0,0.0,0.0,0.0,0.0,688.0,alal@hortonworks.com,1,0.0,0.0,0.0,0.0,0.0,3412.583850931677,267635.0920362068,1,0,5.429345628954441,false
agents-audit/src/main/java/com/xasecure/audit/entity/XXKnoxAuditEvent.java,36.0,5.0,10.0,8.0,3.0,11.0,365.0,alal@hortonworks.com,2,0.0018115942028985507,0.0,33.0,0.0,0.0,4479.6228119706375,278889.5469299117,2,0,2.7146728144772205,false
agents-audit/src/main/java/com/xasecure/audit/entity/XXStormAuditEvent.java,36.0,5.0,10.0,8.0,3.0,11.0,42.0,alal@hortonworks.com,1,0.0018115942028985507,0.0,50.0,0.0,0.0,1067.0389610389611,11254.45489370489,1,0,1.3862943611198906,false
agents-audit/src/main/java/com/xasecure/audit/model/AuditEventBase.java,222.0,2.0,419.0,34.0,5.0,56.0,232.0,madhan@apache.org,3,0.0036231884057971015,50.0,25.0,0.0,0.0,4156.4726294818265,274458.072848986,3,0,2.2565412509292084,false
agents-audit/src/main/java/com/xasecure/audit/model/EnumRepositoryType.java,8.0,0.0,0.0,0.0,0.0,0.0,365.0,alal@hortonworks.com,2,0.0018115942028985507,0.0,33.0,0.0,0.0,4479.6228119706375,278889.5469299117,2,0,2.7146728144772205,false
agents-audit/src/main/java/com/xasecure/audit/model/HBaseAuditEvent.java,59.0,3.0,13.0,10.0,4.0,15.0,347.0,madhan@apache.org,2,0.0018115942028985507,33.0,0.0,0.0,0.0,3434.057535142203,268150.97485019075,2,0,3.8403187137804675,false
agents-audit/src/main/java/com/xasecure/audit/model/HdfsAuditEvent.java,45.0,3.0,6.0,8.0,3.0,12.0,347.0,madhan@apache.org,2,0.0018115942028985507,33.0,0.0,0.0,0.0,3434.057535142203,268150.97485019075,2,0,3.8403187137804675,false
agents-audit/src/main/java/com/xasecure/audit/model/HiveAuditEvent.java,59.0,3.0,13.0,10.0,4.0,15.0,347.0,madhan@apache.org,2,0.0018115942028985507,33.0,0.0,0.0,0.0,3434.057535142203,268150.97485019075,2,0,3.8403187137804675,false
agents-audit/src/main/java/com/xasecure/audit/model/KnoxAuditEvent.java,56.0,2.0,26.0,9.0,4.0,13.0,347.0,madhan@apache.org,2,0.0018115942028985507,33.0,0.0,0.0,0.0,3434.057535142203,268150.97485019075,2,0,3.8403187137804675,false
agents-audit/src/main/java/com/xasecure/audit/model/StormAuditEvent.java,56.0,2.0,26.0,9.0,4.0,13.0,24.0,madhan@apache.org,2,0.0036231884057971015,33.0,33.0,0.0,0.0,1088.5126452494874,11770.337707688806,2,0,1.8187930798631928,false
agents-audit/src/main/java/com/xasecure/audit/provider/AsyncAuditProvider.java,199.0,5.0,100.0,20.0,42.0,51.0,145.0,madhan@apache.org,3,0.0036231884057971015,67.0,33.0,33.0,17.0,4156.4726294818265,274458.072848986,3,0,1.8853949537397492,false
agents-audit/src/main/java/com/xasecure/audit/provider/AuditProvider.java,9.0,1.0,21.0,7.0,0.0,7.0,247.0,madhan@apache.org,3,0.0036231884057971015,25.0,25.0,0.0,0.0,4501.096496181164,279405.42974389566,3,0,2.3857964279321293,false
agents-audit/src/main/java/com/xasecure/audit/provider/AuditProviderFactory.java,254.0,9.0,68.0,13.0,41.0,40.0,107.0,mneethiraj@hortonworks.com,3,0.0036231884057971015,75.0,50.0,25.0,12.0,4156.4726294818265,274458.072848986,3,0,1.4298191472948545,false
agents-audit/src/main/java/com/xasecure/audit/provider/BufferedAuditProvider.java,33.0,1.0,21.0,10.0,3.0,14.0,10.0,madhan@apache.org,2,0.0036231884057971015,83.0,33.0,0.0,0.0,743.888778550149,6822.980812779189,2,0,1.3811400949479742,false
agents-audit/src/main/java/com/xasecure/audit/provider/DbAuditProvider.java,156.0,10.0,17.0,19.0,55.0,48.0,149.0,mneethiraj@hortonworks.com,4,0.005434782608695652,33.0,33.0,17.0,0.0,5223.511590520788,285712.52774269093,4,0,1.1578777217944722,false
agents-audit/src/main/java/com/xasecure/audit/provider/DummyAuditProvider.java,18.0,1.0,21.0,7.0,0.0,9.0,188.0,null,4,0.005434782608695652,40.0,40.0,0.0,0.0,5223.511590520788,285712.52774269093,4,0,1.4766443838580707,false
agents-audit/src/main/java/com/xasecure/audit/provider/LocalFileLogBuffer.java,217.0,19.0,294.0,29.0,41.0,63.0,8.0,mneethiraj@hortonworks.com,2,0.0036231884057971015,67.0,56.0,22.0,6.0,743.888778550149,6822.980812779189,2,0,0.9982455724939537,false
agents-audit/src/main/java/com/xasecure/audit/provider/Log4jAuditProvider.java,27.0,5.0,28.0,8.0,6.0,12.0,150.0,mneethiraj@hortonworks.com,4,0.0036231884057971015,17.0,17.0,0.0,0.0,5223.511590520788,285712.52774269093,4,0,1.1578777217944722,false
agents-audit/src/main/java/com/xasecure/audit/provider/LogBuffer.java,7.0,0.0,10.0,5.0,0.0,5.0,9.0,mneethiraj@hortonworks.com,1,0.0018115942028985507,67.0,33.0,0.0,0.0,722.4150943396227,6307.097998795271,1,0,0.9985288301111273,false
agents-audit/src/main/java/com/xasecure/audit/provider/LogDestination.java,7.0,0.0,10.0,5.0,0.0,6.0,13.0,madhan@apache.org,2,0.0036231884057971015,67.0,33.0,0.0,0.0,743.888778550149,6822.980812779189,2,0,1.6249103143588108,false
agents-audit/src/main/java/com/xasecure/audit/provider/MiscUtil.java,178.0,8.0,76.0,13.0,33.0,40.0,9.0,mneethiraj@hortonworks.com,2,0.0036231884057971015,64.0,55.0,18.0,0.0,743.888778550149,6822.980812779189,2,0,1.025937872495991,false
agents-audit/src/main/java/com/xasecure/audit/provider/MultiDestAuditProvider.java,97.0,10.0,0.0,11.0,30.0,30.0,151.0,sneethir@apache.org,4,0.0036231884057971015,17.0,17.0,17.0,0.0,5223.511590520788,285712.52774269093,4,0,1.2354308279962245,false
agents-audit/src/main/java/com/xasecure/audit/provider/hdfs/HdfsAuditProvider.java,34.0,5.0,1.0,2.0,11.0,2.0,10.0,mneethiraj@hortonworks.com,2,0.0036231884057971015,56.0,44.0,11.0,11.0,743.888778550149,6822.980812779189,2,0,0.9516408350565979,false
agents-audit/src/main/java/com/xasecure/audit/provider/hdfs/HdfsLogDestination.java,243.0,14.0,224.0,25.0,43.0,54.0,8.0,mneethiraj@hortonworks.com,2,0.0036231884057971015,56.0,62.0,19.0,6.0,743.888778550149,6822.980812779189,2,0,0.9295359586241758,false
agents-audit/src/main/java/com/xasecure/audit/test/TestEvents.java,89.0,16.0,1.0,2.0,23.0,10.0,177.0,mneethiraj@hortonworks.com,2,0.0018115942028985507,60.0,20.0,0.0,0.0,4134.9989452713,273942.1900350021,2,0,1.5438978852031473,false
agents-common/src/main/java/com/xasecure/admin/client/XaAdminClient.java,5.0,1.0,3.0,3.0,0.0,6.0,18.0,mneethiraj@hortonworks.com,1,0.0018115942028985507,50.0,50.0,0.0,0.0,722.4150943396227,6307.097998795271,1,0,0.9985288301111273,false
agents-common/src/main/java/com/xasecure/admin/client/XaAdminRESTClient.java,269.0,34.0,53.0,15.0,80.0,51.0,10.0,mneethiraj@hortonworks.com,1,0.0018115942028985507,60.0,40.0,40.0,0.0,722.4150943396227,6307.097998795271,1,0,0.9985288301111273,true
agents-common/src/main/java/com/xasecure/admin/client/datatype/GrantRevokeData.java,178.0,11.0,157.0,22.0,9.0,33.0,9.0,mneethiraj@hortonworks.com,1,0.0018115942028985507,57.0,43.0,14.0,0.0,722.4150943396227,6307.097998795271,1,0,0.9985288301111273,true
agents-common/src/main/java/com/xasecure/admin/client/datatype/RESTResponse.java,138.0,9.0,60.0,13.0,13.0,27.0,2.0,mneethiraj@hortonworks.com,1,0.0018115942028985507,33.0,0.0,67.0,0.0,722.4150943396227,6307.097998795271,1,0,0.9985288301111273,false
agents-common/src/main/java/com/xasecure/authorization/hadoop/config/XaSecureConfiguration.java,77.0,7.0,13.0,6.0,16.0,21.0,155.0,sneethir@apache.org,3,0.0036231884057971015,50.0,33.0,17.0,17.0,5202.037906310261,285196.644928707,3,0,1.1670809692518134,false
agents-common/src/main/java/com/xasecure/authorization/hadoop/constants/XaSecureHadoopConstants.java,47.0,0.0,0.0,0.0,0.0,0.0,185.0,mneethiraj@hortonworks.com,3,0.0036231884057971015,40.0,60.0,20.0,0.0,5202.037906310261,285196.644928707,3,0,1.1634536417342287,true
agents-common/src/main/java/com/xasecure/authorization/hadoop/log/HdfsFileAppender.java,621.0,28.0,561.0,39.0,125.0,115.0,4.0,alal@hortonworks.com,1,0.0,0.0,0.0,0.0,50.0,155.2,361.1649649288569,1,0,4.330733340286331,false
agents-common/src/main/java/com/xasecure/authorization/utils/StringUtil.java,170.0,6.0,136.0,17.0,27.0,67.0,200.0,mneethiraj@hortonworks.com,3,0.0018115942028985507,40.0,20.0,20.0,20.0,4290.1989452713,274303.35499993095,3,0,1.8995633865258388,true
agents-common/src/main/java/org/apache/log4j/BufferedAppender.java,71.0,1.0,0.0,7.0,13.0,14.0,9.0,madhan@apache.org,1,0.0,0.0,0.0,0.0,0.0,722.4150943396227,6307.097998795271,1,0,0.9985288301111273,false
agents-common/src/main/java/org/apache/log4j/HdfsLogDestination.java,196.0,12.0,136.0,20.0,35.0,42.0,8.0,madhan@apache.org,1,0.0018115942028985507,33.0,0.0,0.0,0.0,722.4150943396227,6307.097998795271,1,0,0.9985288301111273,false
agents-common/src/main/java/org/apache/log4j/HdfsRollingFileAppender.java,76.0,2.0,48.0,12.0,16.0,15.0,9.0,madhan@apache.org,1,0.0,0.0,0.0,0.0,0.0,722.4150943396227,6307.097998795271,1,0,0.9985288301111273,false
agents-common/src/main/java/org/apache/log4j/LocalFileLogBuffer.java,271.0,18.0,218.0,25.0,33.0,53.0,8.0,madhan@apache.org,1,0.0018115942028985507,25.0,0.0,0.0,0.0,722.4150943396227,6307.097998795271,1,0,0.9985288301111273,false
agents-common/src/main/java/org/apache/log4j/LogBuffer.java,6.0,0.0,6.0,4.0,0.0,4.0,9.0,madhan@apache.org,1,0.0,0.0,0.0,0.0,0.0,722.4150943396227,6307.097998795271,1,0,0.9985288301111273,false
agents-common/src/main/java/org/apache/log4j/LogDestination.java,6.0,0.0,6.0,4.0,0.0,4.0,13.0,madhan@apache.org,1,0.0,0.0,0.0,0.0,0.0,722.4150943396227,6307.097998795271,1,0,0.9985288301111273,false
agents-cred/src/main/java/com/xasecure/authorization/hadoop/utils/XaSecureCredentialProvider.java,51.0,8.0,0.0,4.0,8.0,13.0,346.0,mneethiraj@hortonworks.com,2,0.0018115942028985507,25.0,25.0,25.0,0.0,4134.9989452713,273942.1900350021,2,0,2.520790048972839,false
agents-impl/src/main/java/com/xasecure/pdp/config/ConfigWatcher.java,389.0,39.0,67.0,18.0,81.0,63.0,688.0,alal@hortonworks.com,1,0.0,0.0,0.0,0.0,0.0,3412.583850931677,267635.0920362068,1,0,5.429345628954441,false
agents-impl/src/main/java/com/xasecure/pdp/config/Jersey2ConfigWatcher.java,381.0,38.0,50.0,17.0,83.0,61.0,348.0,darumugam@hortonworks.com,2,0.0,0.0,0.0,0.0,0.0,3418.583850931677,267639.51113343955,2,0,3.8403187137804675,false
agents-impl/src/main/java/com/xasecure/pdp/config/Jersey2PolicyRefresher.java,136.0,12.0,45.0,15.0,32.0,31.0,356.0,alal@hortonworks.com,2,0.0018115942028985507,33.0,0.0,0.0,33.0,4479.6228119706375,278889.5469299117,2,0,2.7146728144772205,false
agents-impl/src/main/java/com/xasecure/pdp/config/PolicyChangeListener.java,3.0,1.0,0.0,1.0,0.0,1.0,688.0,alal@hortonworks.com,1,0.0,0.0,0.0,0.0,0.0,3412.583850931677,267635.0920362068,1,0,5.429345628954441,false
agents-impl/src/main/java/com/xasecure/pdp/config/PolicyRefresher.java,153.0,12.0,46.0,16.0,47.0,38.0,237.0,rmani@hortonworks.com,3,0.0018115942028985507,20.0,0.0,0.0,20.0,4543.222811970638,278926.9599534275,3,0,2.0588533435948873,false
agents-impl/src/main/java/com/xasecure/pdp/config/gson/ExcludeSerialization.java,0.0,0.0,0.0,0.0,0.0,0.0,688.0,alal@hortonworks.com,1,0.0,0.0,0.0,0.0,0.0,3412.583850931677,267635.0920362068,1,0,5.429345628954441,false
agents-impl/src/main/java/com/xasecure/pdp/config/gson/PolicyExclusionStrategy.java,8.0,2.0,1.0,2.0,2.0,4.0,688.0,alal@hortonworks.com,1,0.0,0.0,0.0,0.0,0.0,3412.583850931677,267635.0920362068,1,0,5.429345628954441,false
agents-impl/src/main/java/com/xasecure/pdp/constants/XaSecureConstants.java,48.0,0.0,0.0,0.0,0.0,0.0,472.0,alal@hortonworks.com,2,0.0018115942028985507,0.0,33.0,0.0,0.0,4479.6228119706375,278889.5469299117,2,0,2.7146728144772205,false
agents-impl/src/main/java/com/xasecure/pdp/hbase/HBaseAuthDB.java,339.0,15.0,16.0,12.0,76.0,51.0,356.0,alal@hortonworks.com,2,0.0018115942028985507,33.0,0.0,0.0,33.0,4479.6228119706375,278889.5469299117,2,0,2.7146728144772205,false
agents-impl/src/main/java/com/xasecure/pdp/hbase/HBaseAuthRules.java,86.0,8.0,0.0,13.0,15.0,33.0,356.0,alal@hortonworks.com,2,0.0018115942028985507,33.0,0.0,0.0,33.0,4479.6228119706375,278889.5469299117,2,0,2.7146728144772205,false
agents-impl/src/main/java/com/xasecure/pdp/hbase/URLBasedAuthDB.java,165.0,15.0,0.0,12.0,31.0,43.0,319.0,alal@hortonworks.com,2,0.0018115942028985507,33.0,0.0,0.0,33.0,4479.6228119706375,278889.5469299117,2,0,2.7146728144772205,false
agents-impl/src/main/java/com/xasecure/pdp/hbase/XASecureAuthorizer.java,67.0,5.0,0.0,8.0,8.0,32.0,469.0,alal@hortonworks.com,2,0.0018115942028985507,33.0,0.0,0.0,33.0,4479.6228119706375,278889.5469299117,2,0,2.7146728144772205,false
agents-impl/src/main/java/com/xasecure/pdp/hdfs/AdminPolicyChecker.java,97.0,4.0,6.0,4.0,6.0,12.0,688.0,alal@hortonworks.com,1,0.0,0.0,0.0,0.0,0.0,3412.583850931677,267635.0920362068,1,0,5.429345628954441,false
agents-impl/src/main/java/com/xasecure/pdp/hdfs/URLBasedAuthDB.java,337.0,22.0,72.0,13.0,82.0,45.0,319.0,alal@hortonworks.com,2,0.0018115942028985507,33.0,0.0,0.0,33.0,4479.6228119706375,278889.5469299117,2,0,2.7146728144772205,false
agents-impl/src/main/java/com/xasecure/pdp/hdfs/XASecureAuthorizer.java,9.0,2.0,0.0,2.0,2.0,4.0,469.0,alal@hortonworks.com,1,0.0,0.0,0.0,0.0,0.0,3412.583850931677,267635.0920362068,1,0,5.429345628954441,false
agents-impl/src/main/java/com/xasecure/pdp/hive/HiveAuthDB.java,205.0,9.0,0.0,8.0,60.0,40.0,238.0,mneethiraj@hortonworks.com,3,0.0036231884057971015,50.0,0.0,0.0,25.0,5202.037906310261,285196.644928707,3,0,1.5061106513937101,false
agents-impl/src/main/java/com/xasecure/pdp/hive/HiveAuthRule.java,141.0,5.0,101.0,23.0,27.0,46.0,243.0,mneethiraj@hortonworks.com,3,0.0036231884057971015,50.0,25.0,0.0,25.0,5202.037906310261,285196.644928707,3,0,1.5061106513937101,false
agents-impl/src/main/java/com/xasecure/pdp/hive/HiveAuthorizationProviderBase.java,22.0,6.0,0.0,3.0,2.0,12.0,356.0,alal@hortonworks.com,2,0.0018115942028985507,33.0,0.0,0.0,33.0,4479.6228119706375,278889.5469299117,2,0,2.7146728144772205,false
agents-impl/src/main/java/com/xasecure/pdp/hive/URLBasedAuthDB.java,136.0,11.0,17.0,7.0,41.0,21.0,319.0,alal@hortonworks.com,2,0.0018115942028985507,33.0,0.0,0.0,33.0,4479.6228119706375,278889.5469299117,2,0,2.7146728144772205,false
agents-impl/src/main/java/com/xasecure/pdp/hive/XASecureAuthorizer.java,15.0,4.0,0.0,2.0,2.0,10.0,469.0,alal@hortonworks.com,1,0.0,0.0,0.0,0.0,0.0,3412.583850931677,267635.0920362068,1,0,5.429345628954441,false
agents-impl/src/main/java/com/xasecure/pdp/knox/URLBasedAuthDB.java,335.0,14.0,41.0,11.0,55.0,35.0,319.0,alal@hortonworks.com,1,0.0,0.0,0.0,0.0,0.0,3412.583850931677,267635.0920362068,1,0,5.429345628954441,false
agents-impl/src/main/java/com/xasecure/pdp/knox/XASecureAuthorizer.java,20.0,4.0,1.0,3.0,6.0,9.0,469.0,alal@hortonworks.com,1,0.0,0.0,0.0,0.0,0.0,3412.583850931677,267635.0920362068,1,0,5.429345628954441,false
agents-impl/src/main/java/com/xasecure/pdp/knox/deploy/XASecurePDPKnoxDeploymentContributor.java,25.0,10.0,10.0,5.0,15.0,9.0,688.0,alal@hortonworks.com,1,0.0,0.0,0.0,0.0,0.0,3412.583850931677,267635.0920362068,1,0,5.429345628954441,false
agents-impl/src/main/java/com/xasecure/pdp/knox/filter/XASecurePDPKnoxFilter.java,124.0,28.0,26.0,9.0,42.0,25.0,233.0,mneethiraj@hortonworks.com,3,0.0018115942028985507,25.0,25.0,0.0,0.0,4140.9989452713,273946.6091322348,3,0,2.2565412509292084,false
agents-impl/src/main/java/com/xasecure/pdp/model/Policy.java,198.0,4.0,852.0,44.0,18.0,88.0,688.0,alal@hortonworks.com,1,0.0,0.0,0.0,0.0,0.0,3412.583850931677,267635.0920362068,1,0,5.429345628954441,false
agents-impl/src/main/java/com/xasecure/pdp/model/PolicyContainer.java,23.0,2.0,9.0,6.0,0.0,9.0,688.0,alal@hortonworks.com,1,0.0,0.0,0.0,0.0,0.0,3412.583850931677,267635.0920362068,1,0,5.429345628954441,false
agents-impl/src/main/java/com/xasecure/pdp/model/ResourcePath.java,16.0,0.0,0.0,3.0,1.0,6.0,688.0,alal@hortonworks.com,1,0.0,0.0,0.0,0.0,0.0,3412.583850931677,267635.0920362068,1,0,5.429345628954441,false
agents-impl/src/main/java/com/xasecure/pdp/model/RolePermission.java,35.0,2.0,16.0,9.0,0.0,13.0,688.0,alal@hortonworks.com,1,0.0,0.0,0.0,0.0,0.0,3412.583850931677,267635.0920362068,1,0,5.429345628954441,false
agents-impl/src/main/java/com/xasecure/pdp/storm/StormAuthRule.java,86.0,4.0,17.0,14.0,6.0,30.0,24.0,alal@hortonworks.com,1,0.0018115942028985507,33.0,67.0,0.0,0.0,1067.0389610389611,11254.45489370489,1,0,1.3862943611198906,false
agents-impl/src/main/java/com/xasecure/pdp/storm/URLBasedAuthDB.java,93.0,12.0,18.0,8.0,22.0,22.0,319.0,alal@hortonworks.com,1,0.0018115942028985507,33.0,67.0,0.0,0.0,1067.0389610389611,11254.45489370489,1,0,1.3862943611198906,false
agents-impl/src/main/java/com/xasecure/pdp/storm/XASecureAuthorizer.java,24.0,3.0,0.0,2.0,4.0,10.0,469.0,alal@hortonworks.com,1,0.0018115942028985507,0.0,50.0,0.0,0.0,1067.0389610389611,11254.45489370489,1,0,1.3862943611198906,false
agents-impl/src/main/java/com/xasecure/pdp/utils/XaSecureUtils.java,21.0,2.0,0.0,1.0,5.0,4.0,356.0,alal@hortonworks.com,2,0.0018115942028985507,33.0,0.0,0.0,33.0,4479.6228119706375,278889.5469299117,2,0,2.7146728144772205,false
agents-impl/src/test/java/com/xasecure/pdp/knox/URLBasedAuthDBTest.java,304.0,9.0,666.0,37.0,273.0,72.0,176.0,sneethir@atlas.(none),1,0.0018115942028985507,50.0,50.0,0.0,0.0,134.44444444444446,294.3638943283618,1,0,5.429345628954441,false
agents-installer/src/main/java/com/xasecure/utils/install/PasswordGenerator.java,85.0,2.0,6.0,4.0,17.0,16.0,688.0,alal@hortonworks.com,1,0.0,0.0,0.0,0.0,0.0,3412.583850931677,267635.0920362068,1,0,5.429345628954441,false
agents-installer/src/main/java/com/xasecure/utils/install/XmlConfigChanger.java,352.0,29.0,21.0,11.0,95.0,51.0,351.0,alal@hortonworks.com,2,0.0018115942028985507,33.0,0.0,33.0,0.0,4479.6228119706375,278889.5469299117,2,0,2.7146728144772205,false
credentialbuilder/src/main/java/com/hortonworks/credentialapi/CredentialReader.java,42.0,6.0,0.0,1.0,11.0,8.0,688.0,alal@hortonworks.com,1,0.0,0.0,0.0,0.0,0.0,3412.583850931677,267635.0920362068,1,0,5.429345628954441,false
credentialbuilder/src/main/java/com/hortonworks/credentialapi/TestCredentialReader.java,18.0,4.0,0.0,2.0,8.0,5.0,238.0,alal@hortonworks.com,2,0.0018115942028985507,0.0,50.0,50.0,50.0,3567.7838509316766,267996.2570011357,2,0,4.186892304060441,false
credentialbuilder/src/main/java/com/hortonworks/credentialapi/Testbuildks.java,35.0,3.0,0.0,3.0,12.0,8.0,238.0,alal@hortonworks.com,2,0.0018115942028985507,0.0,50.0,50.0,50.0,3567.7838509316766,267996.2570011357,2,0,4.186892304060441,false
credentialbuilder/src/main/java/com/hortonworks/credentialapi/buildks.java,268.0,6.0,36.0,9.0,44.0,40.0,230.0,vperiasamy@hortonworks.com,3,0.0018115942028985507,25.0,0.0,25.0,0.0,4748.4054206662895,282235.0958968796,3,0,1.7216530397020606,true
embededwebserver/src/main/java/com/xasecure/server/tomcat/EmbededServer.java,140.0,14.0,22.0,8.0,48.0,24.0,259.0,bosco@apache.org,2,0.0,0.0,0.0,0.0,25.0,3412.583850931677,267635.0920362068,2,0,3.4955580279560863,false
embededwebserver/src/main/java/com/xasecure/server/tomcat/StopEmbededServer.java,24.0,2.0,3.0,3.0,8.0,4.0,688.0,alal@hortonworks.com,1,0.0,0.0,0.0,0.0,0.0,3412.583850931677,267635.0920362068,1,0,5.429345628954441,false
hbase-agent/src/main/java/com/xasecure/authorization/hbase/Crypt.java,45.0,6.0,0.0,4.0,10.0,11.0,356.0,alal@hortonworks.com,2,0.0018115942028985507,33.0,0.0,0.0,33.0,4479.6228119706375,278889.5469299117,2,0,2.7146728144772205,false
hbase-agent/src/main/java/com/xasecure/authorization/hbase/HBaseAccessController.java,10.0,4.0,28.0,8.0,0.0,10.0,356.0,alal@hortonworks.com,2,0.0018115942028985507,33.0,0.0,0.0,33.0,4479.6228119706375,278889.5469299117,2,0,2.7146728144772205,false
hbase-agent/src/main/java/com/xasecure/authorization/hbase/HBaseAccessControllerFactory.java,31.0,4.0,0.0,1.0,7.0,5.0,356.0,alal@hortonworks.com,2,0.0018115942028985507,33.0,0.0,0.0,33.0,4479.6228119706375,278889.5469299117,2,0,2.7146728144772205,false
hbase-agent/src/main/java/com/xasecure/authorization/hbase/XaSecureAccessControlFilter.java,17.0,5.0,0.0,2.0,4.0,6.0,356.0,alal@hortonworks.com,2,0.0018115942028985507,33.0,0.0,0.0,33.0,4479.6228119706375,278889.5469299117,2,0,2.7146728144772205,false
hbase-agent/src/main/java/com/xasecure/authorization/hbase/XaSecureAuthorizationCoprocessor.java,887.0,84.0,3726.0,97.0,438.0,288.0,62.0,mneethiraj@hortonworks.com,4,0.0036231884057971015,50.0,43.0,21.0,14.0,5357.237906310261,285557.80989363586,4,0,0.726987102456012,false
hbase-agent/src/main/java/com/xasecure/authorization/hbase/XaSecureAuthorizationCoprocessorBase.java,145.0,18.0,2485.0,71.0,0.0,155.0,4.0,mneethiraj@hortonworks.com,1,0.0018115942028985507,60.0,40.0,0.0,0.0,722.4150943396227,6307.097998795271,1,0,0.9985288301111273,false
hbase-agent/src/main/java/org/apache/hadoop/hbase/security/access/XaAccessControlLists.java,9.0,4.0,0.0,1.0,1.0,3.0,3.0,mneethiraj@hortonworks.com,1,0.0018115942028985507,50.0,50.0,33.0,0.0,722.4150943396227,6307.097998795271,1,0,0.9985288301111273,false
hdfs-agent/src/main/java/com/xasecure/authorization/hadoop/HDFSAccessVerifier.java,12.0,1.0,1.0,2.0,0.0,2.0,356.0,alal@hortonworks.com,2,0.0018115942028985507,33.0,0.0,0.0,33.0,4479.6228119706375,278889.5469299117,2,0,2.7146728144772205,false
hdfs-agent/src/main/java/com/xasecure/authorization/hadoop/HDFSAccessVerifierFactory.java,31.0,4.0,0.0,1.0,7.0,5.0,356.0,alal@hortonworks.com,2,0.0018115942028985507,33.0,0.0,0.0,33.0,4479.6228119706375,278889.5469299117,2,0,2.7146728144772205,false
hdfs-agent/src/main/java/com/xasecure/authorization/hadoop/agent/AuthCodeInjectionJavaAgent.java,8.0,1.0,0.0,1.0,3.0,4.0,356.0,alal@hortonworks.com,2,0.0018115942028985507,33.0,0.0,0.0,33.0,4479.6228119706375,278889.5469299117,2,0,2.7146728144772205,false
hdfs-agent/src/main/java/com/xasecure/authorization/hadoop/agent/HadoopAuthClassTransformer.java,143.0,9.0,0.0,1.0,14.0,8.0,356.0,alal@hortonworks.com,2,0.0018115942028985507,33.0,0.0,0.0,33.0,4479.6228119706375,278889.5469299117,2,0,2.7146728144772205,false
hdfs-agent/src/main/java/com/xasecure/authorization/hadoop/exceptions/XaSecureAccessControlException.java,6.0,1.0,0.0,1.0,0.0,1.0,356.0,alal@hortonworks.com,2,0.0018115942028985507,33.0,0.0,0.0,33.0,4479.6228119706375,278889.5469299117,2,0,2.7146728144772205,false
hdfs-agent/src/main/java/org/apache/hadoop/hdfs/server/namenode/XaSecureFSPermissionChecker.java,164.0,25.0,32.0,9.0,55.0,31.0,181.0,mneethiraj@hortonworks.com,3,0.0036231884057971015,40.0,40.0,20.0,20.0,5202.037906310261,285196.644928707,3,0,1.1634536417342287,false
hive-agent/src/main/java/com/xasecure/authorization/hive/XaHiveAccessContext.java,40.0,2.0,12.0,9.0,5.0,14.0,352.0,mneethiraj@hortonworks.com,2,0.0036231884057971015,67.0,67.0,0.0,0.0,856.8595387840671,6601.461893123634,2,0,2.520790048972839,false
hive-agent/src/main/java/com/xasecure/authorization/hive/XaHiveAccessVerifier.java,4.0,1.0,1.0,2.0,0.0,3.0,686.0,sneethir@atlas.(none),1,0.0018115942028985507,50.0,50.0,0.0,0.0,134.44444444444446,294.3638943283618,1,0,5.429345628954441,false
hive-agent/src/main/java/com/xasecure/authorization/hive/XaHiveAccessVerifierFactory.java,40.0,4.0,0.0,1.0,6.0,6.0,686.0,sneethir@atlas.(none),1,0.0018115942028985507,50.0,50.0,0.0,0.0,134.44444444444446,294.3638943283618,1,0,5.429345628954441,false
hive-agent/src/main/java/com/xasecure/authorization/hive/XaHiveObjectAccessInfo.java,160.0,3.0,113.0,23.0,8.0,48.0,178.0,mneethiraj@hortonworks.com,2,0.0036231884057971015,80.0,60.0,0.0,0.0,856.8595387840671,6601.461893123634,2,0,1.5438978852031473,false
hive-agent/src/main/java/com/xasecure/authorization/hive/authorizer/XaSecureHiveAuthorizer.java,615.0,37.0,76.0,17.0,180.0,86.0,54.0,mneethiraj@hortonworks.com,2,0.0018115942028985507,53.0,27.0,27.0,0.0,4134.9989452713,273942.1900350021,2,0,1.0576971037703895,true
hive-agent/src/main/java/com/xasecure/authorization/hive/authorizer/XaSecureHiveAuthorizerBase.java,105.0,20.0,44.0,20.0,26.0,49.0,122.0,mneethiraj@hortonworks.com,2,0.0018115942028985507,57.0,43.0,14.0,0.0,4134.9989452713,273942.1900350021,2,0,1.2864370877187081,true
hive-agent/src/main/java/com/xasecure/authorization/hive/authorizer/XaSecureHiveAuthorizerFactory.java,5.0,7.0,0.0,1.0,0.0,3.0,353.0,mneethiraj@hortonworks.com,2,0.0018115942028985507,25.0,25.0,0.0,0.0,4134.9989452713,273942.1900350021,2,0,2.520790048972839,false
hive-agent/src/main/java/com/xasecure/authorization/hive/constants/XaSecureHiveConstants.java,6.0,0.0,0.0,0.0,0.0,0.0,688.0,alal@hortonworks.com,1,0.0,0.0,0.0,0.0,0.0,3412.583850931677,267635.0920362068,1,0,5.429345628954441,false
knox-agent/src/main/java/com/xasecure/authorization/knox/KnoxAccessVerifier.java,4.0,1.0,1.0,2.0,0.0,2.0,688.0,alal@hortonworks.com,1,0.0,0.0,0.0,0.0,0.0,3412.583850931677,267635.0920362068,1,0,5.429345628954441,false
knox-agent/src/main/java/com/xasecure/authorization/knox/KnoxAccessVerifierFactory.java,40.0,4.0,0.0,1.0,6.0,6.0,688.0,alal@hortonworks.com,1,0.0,0.0,0.0,0.0,0.0,3412.583850931677,267635.0920362068,1,0,5.429345628954441,false
lookup-client/src/main/java/com/xasecure/hadoop/client/HadoopFS.java,75.0,13.0,15.0,6.0,25.0,19.0,232.0,vperiasamy@hortonworks.com,3,0.0018115942028985507,25.0,0.0,50.0,25.0,3744.9664596273287,271018.0540266905,3,0,2.145140554900317,false
lookup-client/src/main/java/com/xasecure/hadoop/client/HadoopFSTester.java,29.0,3.0,0.0,1.0,12.0,6.0,688.0,alal@hortonworks.com,1,0.0,0.0,0.0,0.0,0.0,3412.583850931677,267635.0920362068,1,0,5.429345628954441,false
lookup-client/src/main/java/com/xasecure/hadoop/client/config/BaseClient.java,68.0,6.0,0.0,7.0,16.0,17.0,234.0,vperiasamy@hortonworks.com,2,0.0018115942028985507,50.0,25.0,25.0,25.0,3681.366459627329,270980.6410031747,2,0,2.270038371380787,false
lookup-client/src/main/java/com/xasecure/hadoop/client/config/HadoopClassLoader.java,53.0,9.0,0.0,3.0,18.0,12.0,345.0,rmani@hortonworks.com,2,0.0,0.0,0.0,0.0,0.0,3476.1838509316767,267672.5050597226,2,0,3.349904087274605,false
lookup-client/src/main/java/com/xasecure/hadoop/client/config/HadoopConfigHolder.java,246.0,5.0,132.0,20.0,42.0,58.0,345.0,rmani@hortonworks.com,2,0.0,0.0,0.0,0.0,0.0,3476.1838509316767,267672.5050597226,2,0,3.349904087274605,false
lookup-client/src/main/java/com/xasecure/hadoop/client/exceptions/HadoopException.java,15.0,0.0,6.0,4.0,0.0,4.0,688.0,alal@hortonworks.com,1,0.0,0.0,0.0,0.0,0.0,3412.583850931677,267635.0920362068,1,0,5.429345628954441,false
lookup-client/src/main/java/com/xasecure/hbase/client/HBaseClient.java,190.0,18.0,0.0,11.0,97.0,44.0,175.0,vperiasamy@hortonworks.com,2,0.0018115942028985507,40.0,20.0,60.0,40.0,3681.366459627329,270980.6410031747,2,0,2.028868258896937,false
lookup-client/src/main/java/com/xasecure/hbase/client/HBaseClientTester.java,41.0,5.0,0.0,1.0,13.0,5.0,688.0,alal@hortonworks.com,1,0.0,0.0,0.0,0.0,0.0,3412.583850931677,267635.0920362068,1,0,5.429345628954441,false
lookup-client/src/main/java/com/xasecure/hive/client/HiveClient.java,263.0,20.0,88.0,16.0,62.0,58.0,232.0,vperiasamy@hortonworks.com,3,0.0018115942028985507,25.0,0.0,25.0,25.0,3744.9664596273287,271018.0540266905,3,0,2.145140554900317,false
lookup-client/src/main/java/com/xasecure/hive/client/HiveClientTester.java,57.0,3.0,0.0,1.0,14.0,5.0,688.0,alal@hortonworks.com,1,0.0,0.0,0.0,0.0,0.0,3412.583850931677,267635.0920362068,1,0,5.429345628954441,false
lookup-client/src/main/java/com/xasecure/knox/client/KnoxClient.java,162.0,11.0,0.0,4.0,51.0,19.0,348.0,vperiasamy@hortonworks.com,2,0.0018115942028985507,33.0,0.0,33.0,33.0,3681.366459627329,270980.6410031747,2,0,2.844103631435365,false
lookup-client/src/main/java/com/xasecure/knox/client/KnoxClientTest.java,8.0,0.0,0.0,1.0,4.0,1.0,688.0,alal@hortonworks.com,1,0.0,0.0,0.0,0.0,0.0,3412.583850931677,267635.0920362068,1,0,5.429345628954441,false
lookup-client/src/main/java/com/xasecure/knox/client/XaSecureConstants.java,13.0,0.0,0.0,0.0,0.0,0.0,472.0,alal@hortonworks.com,1,0.0,0.0,0.0,0.0,0.0,3412.583850931677,267635.0920362068,1,0,5.429345628954441,false
lookup-client/src/main/java/com/xasecure/storm/client/StormClient.java,123.0,21.0,0.0,4.0,38.0,16.0,5.0,vperiasamy@hortonworks.com,2,0.0036231884057971015,33.0,33.0,50.0,17.0,1335.8215697346134,14600.003860672812,2,0,1.092981244714734,false
lookup-client/src/main/java/com/xasecure/storm/client/json/model/Topology.java,23.0,0.0,9.0,6.0,0.0,9.0,10.0,alal@hortonworks.com,1,0.0018115942028985507,0.0,50.0,0.0,0.0,1067.0389610389611,11254.45489370489,1,0,1.3862943611198906,false
lookup-client/src/main/java/com/xasecure/storm/client/json/model/TopologyListResponse.java,9.0,2.0,0.0,2.0,0.0,3.0,10.0,alal@hortonworks.com,1,0.0018115942028985507,0.0,50.0,0.0,0.0,1067.0389610389611,11254.45489370489,1,0,1.3862943611198906,false
lookup-client/src/main/java/org/apache/hadoop/security/SecureClientLogin.java,55.0,13.0,10.0,5.0,13.0,20.0,348.0,sneethir@atlas.(none),2,0.0036231884057971015,100.0,100.0,0.0,50.0,1201.4834054834055,11548.818788033252,2,0,2.7146728144772205,false
security-admin/src/main/java/com/xasecure/authentication/unix/jaas/RoleUserAuthorityGranter.java,11.0,4.0,0.0,1.0,2.0,4.0,688.0,alal@hortonworks.com,1,0.0,0.0,0.0,0.0,0.0,3412.583850931677,267635.0920362068,1,0,5.429345628954441,false
security-admin/src/main/java/com/xasecure/biz/AssetConnectionMgr.java,311.0,22.0,44.0,17.0,68.0,76.0,176.0,null,4,0.0018115942028985507,0.0,20.0,0.0,0.0,4812.00542066629,282272.5089203954,4,0,1.393093861836402,false
security-admin/src/main/java/com/xasecure/biz/AssetMgr.java,2349.0,83.0,171.0,47.0,762.0,241.0,41.0,vperiasamy@hortonworks.com,4,0.005434782608695652,27.0,27.0,36.0,9.0,5470.820515005913,288542.1938956749,4,0,0.4856490118395176,false
security-admin/src/main/java/com/xasecure/biz/AssetMgrBase.java,107.0,4.0,144.0,24.0,28.0,60.0,688.0,alal@hortonworks.com,1,0.0,0.0,0.0,0.0,0.0,3412.583850931677,267635.0920362068,1,0,5.429345628954441,false
security-admin/src/main/java/com/xasecure/biz/BaseMgr.java,29.0,9.0,1.0,3.0,7.0,9.0,688.0,alal@hortonworks.com,1,0.0,0.0,0.0,0.0,0.0,3412.583850931677,267635.0920362068,1,0,5.429345628954441,false
security-admin/src/main/java/com/xasecure/biz/HadoopFSMgr.java,42.0,4.0,4.0,4.0,6.0,8.0,688.0,alal@hortonworks.com,1,0.0,0.0,0.0,0.0,0.0,3412.583850931677,267635.0920362068,1,0,5.429345628954441,false
security-admin/src/main/java/com/xasecure/biz/HiveFSMgr.java,48.0,4.0,2.0,4.0,6.0,10.0,688.0,alal@hortonworks.com,1,0.0,0.0,0.0,0.0,0.0,3412.583850931677,267635.0920362068,1,0,5.429345628954441,false
security-admin/src/main/java/com/xasecure/biz/SessionMgr.java,191.0,31.0,23.0,14.0,104.0,43.0,688.0,alal@hortonworks.com,1,0.0,0.0,0.0,0.0,0.0,3412.583850931677,267635.0920362068,1,0,5.429345628954441,false
security-admin/src/main/java/com/xasecure/biz/UserMgr.java,743.0,36.0,69.0,34.0,324.0,129.0,348.0,alal@hortonworks.com,2,0.0018115942028985507,33.0,0.0,33.0,0.0,4479.6228119706375,278889.5469299117,2,0,2.7146728144772205,false
security-admin/src/main/java/com/xasecure/biz/UserMgrBase.java,29.0,4.0,0.0,6.0,7.0,15.0,688.0,alal@hortonworks.com,1,0.0,0.0,0.0,0.0,0.0,3412.583850931677,267635.0920362068,1,0,5.429345628954441,false
security-admin/src/main/java/com/xasecure/biz/XABizUtil.java,944.0,40.0,847.0,46.0,199.0,175.0,79.0,mneethiraj@hortonworks.com,4,0.005434782608695652,40.0,10.0,30.0,10.0,5470.820515005913,288542.1938956749,4,0,0.5285620953296384,false
security-admin/src/main/java/com/xasecure/biz/XAuditMgr.java,2.0,0.0,0.0,0.0,0.0,0.0,688.0,alal@hortonworks.com,1,0.0,0.0,0.0,0.0,0.0,3412.583850931677,267635.0920362068,1,0,5.429345628954441,false
security-admin/src/main/java/com/xasecure/biz/XAuditMgrBase.java,55.0,4.0,4.0,12.0,14.0,30.0,688.0,alal@hortonworks.com,1,0.0,0.0,0.0,0.0,0.0,3412.583850931677,267635.0920362068,1,0,5.429345628954441,false
security-admin/src/main/java/com/xasecure/biz/XUserMgr.java,273.0,27.0,79.0,18.0,134.0,58.0,688.0,alal@hortonworks.com,1,0.0,0.0,0.0,0.0,0.0,3412.583850931677,267635.0920362068,1,0,5.429345628954441,false
security-admin/src/main/java/com/xasecure/biz/XUserMgrBase.java,159.0,4.0,420.0,36.0,42.0,90.0,688.0,alal@hortonworks.com,1,0.0,0.0,0.0,0.0,0.0,3412.583850931677,267635.0920362068,1,0,5.429345628954441,false
security-admin/src/main/java/com/xasecure/common/AppConstants.java,812.0,2.0,91.0,14.0,4.0,45.0,106.0,vperiasamy@hortonworks.com,3,0.0036231884057971015,25.0,25.0,38.0,0.0,4748.4054206662895,282235.0958968796,3,0,1.1560941562215998,false
security-admin/src/main/java/com/xasecure/common/ContextUtil.java,52.0,2.0,15.0,6.0,14.0,16.0,688.0,alal@hortonworks.com,1,0.0,0.0,0.0,0.0,0.0,3412.583850931677,267635.0920362068,1,0,5.429345628954441,false
security-admin/src/main/java/com/xasecure/common/DateUtil.java,68.0,6.0,21.0,7.0,24.0,20.0,346.0,alal@hortonworks.com,2,0.0,0.0,0.0,0.0,33.0,3567.7838509316766,267996.2570011357,2,0,4.186892304060441,false
security-admin/src/main/java/com/xasecure/common/ErrorMessageUtil.java,17.0,7.0,1.0,3.0,5.0,6.0,688.0,alal@hortonworks.com,1,0.0,0.0,0.0,0.0,0.0,3412.583850931677,267635.0920362068,1,0,5.429345628954441,false
security-admin/src/main/java/com/xasecure/common/GUIDUtil.java,11.0,2.0,0.0,2.0,3.0,4.0,688.0,alal@hortonworks.com,1,0.0,0.0,0.0,0.0,0.0,3412.583850931677,267635.0920362068,1,0,5.429345628954441,false
security-admin/src/main/java/com/xasecure/common/HTTPUtil.java,30.0,3.0,1.0,2.0,3.0,6.0,688.0,alal@hortonworks.com,1,0.0,0.0,0.0,0.0,0.0,3412.583850931677,267635.0920362068,1,0,5.429345628954441,false
security-admin/src/main/java/com/xasecure/common/JSONUtil.java,68.0,13.0,0.0,4.0,14.0,17.0,688.0,alal@hortonworks.com,1,0.0,0.0,0.0,0.0,0.0,3412.583850931677,267635.0920362068,1,0,5.429345628954441,false
security-admin/src/main/java/com/xasecure/common/MessageEnums.java,0.0,0.0,0.0,0.0,0.0,0.0,688.0,alal@hortonworks.com,1,0.0,0.0,0.0,0.0,0.0,3412.583850931677,267635.0920362068,1,0,5.429345628954441,false
security-admin/src/main/java/com/xasecure/common/MyCallBack.java,8.0,0.0,0.0,1.0,0.0,1.0,688.0,alal@hortonworks.com,1,0.0,0.0,0.0,0.0,0.0,3412.583850931677,267635.0920362068,1,0,5.429345628954441,false
security-admin/src/main/java/com/xasecure/common/PasswordUtils.java,123.0,10.0,1.0,3.0,29.0,18.0,7.0,vperiasamy@hortonworks.com,1,0.0,0.0,0.0,0.0,0.0,268.7826086956522,3345.548966967922,1,0,1.6451559950361796,false
security-admin/src/main/java/com/xasecure/common/PropertiesUtil.java,110.0,9.0,0.0,8.0,23.0,27.0,688.0,alal@hortonworks.com,1,0.0,0.0,0.0,0.0,0.0,3412.583850931677,267635.0920362068,1,0,5.429345628954441,false
security-admin/src/main/java/com/xasecure/common/RESTErrorUtil.java,217.0,13.0,61.0,18.0,75.0,73.0,688.0,alal@hortonworks.com,1,0.0,0.0,0.0,0.0,0.0,3412.583850931677,267635.0920362068,1,0,5.429345628954441,false
security-admin/src/main/java/com/xasecure/common/RequestContext.java,104.0,1.0,92.0,17.0,0.0,26.0,688.0,alal@hortonworks.com,1,0.0,0.0,0.0,0.0,0.0,3412.583850931677,267635.0920362068,1,0,5.429345628954441,false
security-admin/src/main/java/com/xasecure/common/SearchCriteria.java,127.0,5.0,209.0,22.0,2.0,35.0,346.0,vperiasamy@hortonworks.com,2,0.0,0.0,0.0,33.0,0.0,3681.366459627329,270980.6410031747,2,0,2.844103631435365,false
security-admin/src/main/java/com/xasecure/common/SearchField.java,147.0,3.0,80.0,21.0,9.0,34.0,688.0,alal@hortonworks.com,1,0.0,0.0,0.0,0.0,0.0,3412.583850931677,267635.0920362068,1,0,5.429345628954441,false
security-admin/src/main/java/com/xasecure/common/SearchGroup.java,93.0,3.0,0.0,3.0,19.0,13.0,688.0,alal@hortonworks.com,1,0.0,0.0,0.0,0.0,0.0,3412.583850931677,267635.0920362068,1,0,5.429345628954441,false
security-admin/src/main/java/com/xasecure/common/SearchUtil.java,499.0,11.0,101.0,22.0,149.0,88.0,368.0,vperiasamy@hortonworks.com,2,0.0018115942028985507,33.0,0.0,0.0,0.0,3681.366459627329,270980.6410031747,2,0,2.844103631435365,false
security-admin/src/main/java/com/xasecure/common/SearchValue.java,37.0,2.0,0.0,4.0,4.0,11.0,688.0,alal@hortonworks.com,1,0.0,0.0,0.0,0.0,0.0,3412.583850931677,267635.0920362068,1,0,5.429345628954441,false
security-admin/src/main/java/com/xasecure/common/SortField.java,55.0,0.0,0.0,6.0,0.0,10.0,688.0,alal@hortonworks.com,1,0.0,0.0,0.0,0.0,0.0,3412.583850931677,267635.0920362068,1,0,5.429345628954441,false
security-admin/src/main/java/com/xasecure/common/StringUtil.java,191.0,7.0,118.0,16.0,47.0,51.0,200.0,mneethiraj@hortonworks.com,3,0.0,0.0,0.0,0.0,0.0,4403.781553966952,277287.73900197,3,0,1.5923978626991397,false
security-admin/src/main/java/com/xasecure/common/TimedEventUtil.java,15.0,9.0,3.0,3.0,4.0,9.0,688.0,alal@hortonworks.com,1,0.0,0.0,0.0,0.0,0.0,3412.583850931677,267635.0920362068,1,0,5.429345628954441,false
security-admin/src/main/java/com/xasecure/common/UserSessionBase.java,63.0,8.0,63.0,14.0,5.0,26.0,688.0,alal@hortonworks.com,1,0.0,0.0,0.0,0.0,0.0,3412.583850931677,267635.0920362068,1,0,5.429345628954441,false
security-admin/src/main/java/com/xasecure/common/XACommonEnums.java,1220.0,2.0,300.0,25.0,0.0,77.0,348.0,alal@hortonworks.com,2,0.0,0.0,0.0,0.0,0.0,4479.6228119706375,278889.5469299117,2,0,2.7146728144772205,false
security-admin/src/main/java/com/xasecure/common/XAConfigUtil.java,46.0,3.0,2.0,5.0,7.0,10.0,688.0,alal@hortonworks.com,1,0.0,0.0,0.0,0.0,0.0,3412.583850931677,267635.0920362068,1,0,5.429345628954441,false
security-admin/src/main/java/com/xasecure/common/XAConstants.java,82.0,0.0,0.0,1.0,0.0,1.0,688.0,alal@hortonworks.com,1,0.0,0.0,0.0,0.0,0.0,3412.583850931677,267635.0920362068,1,0,5.429345628954441,false
security-admin/src/main/java/com/xasecure/common/XAJAXBContextResolver.java,18.0,6.0,0.0,2.0,4.0,6.0,688.0,alal@hortonworks.com,1,0.0,0.0,0.0,0.0,0.0,3412.583850931677,267635.0920362068,1,0,5.429345628954441,false
security-admin/src/main/java/com/xasecure/common/XASearchUtil.java,3.0,10.0,0.0,0.0,0.0,0.0,688.0,alal@hortonworks.com,1,0.0,0.0,0.0,0.0,0.0,3412.583850931677,267635.0920362068,1,0,5.429345628954441,false
security-admin/src/main/java/com/xasecure/common/annotation/XAAnnotationClassName.java,0.0,0.0,0.0,0.0,0.0,0.0,688.0,alal@hortonworks.com,1,0.0,0.0,0.0,0.0,0.0,3412.583850931677,267635.0920362068,1,0,5.429345628954441,false
security-admin/src/main/java/com/xasecure/common/annotation/XAAnnotationJSMgrName.java,0.0,0.0,0.0,0.0,0.0,0.0,688.0,alal@hortonworks.com,1,0.0,0.0,0.0,0.0,0.0,3412.583850931677,267635.0920362068,1,0,5.429345628954441,false
security-admin/src/main/java/com/xasecure/common/annotation/XAAnnotationRestAPI.java,0.0,0.0,0.0,0.0,0.0,0.0,688.0,alal@hortonworks.com,1,0.0,0.0,0.0,0.0,0.0,3412.583850931677,267635.0920362068,1,0,5.429345628954441,false
security-admin/src/main/java/com/xasecure/common/db/BaseDao.java,125.0,13.0,34.0,17.0,32.0,38.0,461.0,vperiasamy@hortonworks.com,2,0.0,0.0,0.0,0.0,0.0,3681.366459627329,270980.6410031747,2,0,2.844103631435365,false
security-admin/src/main/java/com/xasecure/common/db/JPABeanCallbacks.java,38.0,8.0,0.0,2.0,13.0,10.0,688.0,alal@hortonworks.com,1,0.0,0.0,0.0,0.0,0.0,3412.583850931677,267635.0920362068,1,0,5.429345628954441,false
security-admin/src/main/java/com/xasecure/common/view/VEnum.java,59.0,3.0,9.0,7.0,0.0,14.0,688.0,alal@hortonworks.com,1,0.0,0.0,0.0,0.0,0.0,3412.583850931677,267635.0920362068,1,0,5.429345628954441,false
security-admin/src/main/java/com/xasecure/common/view/VEnumElement.java,113.0,2.0,48.0,13.0,0.0,23.0,688.0,alal@hortonworks.com,1,0.0,0.0,0.0,0.0,0.0,3412.583850931677,267635.0920362068,1,0,5.429345628954441,false
security-admin/src/main/java/com/xasecure/common/view/VList.java,103.0,2.0,40.0,12.0,2.0,16.0,688.0,alal@hortonworks.com,1,0.0,0.0,0.0,0.0,0.0,3412.583850931677,267635.0920362068,1,0,5.429345628954441,false
security-admin/src/main/java/com/xasecure/common/view/VTrxLogAttr.java,38.0,5.0,5.0,6.0,0.0,10.0,688.0,alal@hortonworks.com,1,0.0,0.0,0.0,0.0,0.0,3412.583850931677,267635.0920362068,1,0,5.429345628954441,false
security-admin/src/main/java/com/xasecure/common/view/ViewBaseBean.java,19.0,4.0,1.0,3.0,0.0,5.0,688.0,alal@hortonworks.com,1,0.0,0.0,0.0,0.0,0.0,3412.583850931677,267635.0920362068,1,0,5.429345628954441,false
security-admin/src/main/java/com/xasecure/credentialapi/CredentialReader.java,42.0,6.0,0.0,1.0,11.0,8.0,688.0,alal@hortonworks.com,1,0.0,0.0,0.0,0.0,0.0,3412.583850931677,267635.0920362068,1,0,5.429345628954441,false
security-admin/src/main/java/com/xasecure/db/XADaoManager.java,28.0,6.0,6.0,4.0,3.0,10.0,688.0,alal@hortonworks.com,1,0.0,0.0,0.0,0.0,0.0,3412.583850931677,267635.0920362068,1,0,5.429345628954441,false
security-admin/src/main/java/com/xasecure/db/XADaoManagerBase.java,153.0,8.0,188.0,20.0,33.0,42.0,688.0,alal@hortonworks.com,1,0.0,0.0,0.0,0.0,0.0,3412.583850931677,267635.0920362068,1,0,5.429345628954441,false
security-admin/src/main/java/com/xasecure/db/XXAccessAuditDao.java,5.0,4.0,0.0,1.0,0.0,1.0,688.0,alal@hortonworks.com,1,0.0,0.0,0.0,0.0,0.0,3412.583850931677,267635.0920362068,1,0,5.429345628954441,false
security-admin/src/main/java/com/xasecure/db/XXAssetDao.java,18.0,5.0,1.0,2.0,8.0,5.0,688.0,alal@hortonworks.com,1,0.0,0.0,0.0,0.0,0.0,3412.583850931677,267635.0920362068,1,0,5.429345628954441,false
security-admin/src/main/java/com/xasecure/db/XXAuditMapDao.java,21.0,9.0,1.0,2.0,6.0,6.0,688.0,alal@hortonworks.com,1,0.0,0.0,0.0,0.0,0.0,3412.583850931677,267635.0920362068,1,0,5.429345628954441,false
security-admin/src/main/java/com/xasecure/db/XXAuthSessionDao.java,16.0,4.0,3.0,3.0,7.0,6.0,688.0,alal@hortonworks.com,1,0.0,0.0,0.0,0.0,0.0,3412.583850931677,267635.0920362068,1,0,5.429345628954441,false
security-admin/src/main/java/com/xasecure/db/XXCredentialStoreDao.java,5.0,4.0,0.0,1.0,0.0,1.0,688.0,alal@hortonworks.com,1,0.0,0.0,0.0,0.0,0.0,3412.583850931677,267635.0920362068,1,0,5.429345628954441,false
security-admin/src/main/java/com/xasecure/db/XXDBBaseDao.java,5.0,2.0,0.0,1.0,0.0,1.0,688.0,alal@hortonworks.com,1,0.0,0.0,0.0,0.0,0.0,3412.583850931677,267635.0920362068,1,0,5.429345628954441,false
security-admin/src/main/java/com/xasecure/db/XXGroupDao.java,26.0,6.0,3.0,3.0,8.0,8.0,368.0,vperiasamy@hortonworks.com,2,0.0018115942028985507,33.0,0.0,0.0,0.0,3681.366459627329,270980.6410031747,2,0,2.844103631435365,false
security-admin/src/main/java/com/xasecure/db/XXGroupGroupDao.java,5.0,4.0,0.0,1.0,0.0,1.0,688.0,alal@hortonworks.com,1,0.0,0.0,0.0,0.0,0.0,3412.583850931677,267635.0920362068,1,0,5.429345628954441,false
security-admin/src/main/java/com/xasecure/db/XXGroupUserDao.java,24.0,9.0,3.0,3.0,10.0,7.0,688.0,alal@hortonworks.com,1,0.0,0.0,0.0,0.0,0.0,3412.583850931677,267635.0920362068,1,0,5.429345628954441,false
security-admin/src/main/java/com/xasecure/db/XXPermMapDao.java,21.0,9.0,1.0,2.0,6.0,6.0,688.0,alal@hortonworks.com,1,0.0,0.0,0.0,0.0,0.0,3412.583850931677,267635.0920362068,1,0,5.429345628954441,false
security-admin/src/main/java/com/xasecure/db/XXPolicyExportAuditDao.java,5.0,4.0,0.0,1.0,0.0,1.0,688.0,alal@hortonworks.com,1,0.0,0.0,0.0,0.0,0.0,3412.583850931677,267635.0920362068,1,0,5.429345628954441,false
security-admin/src/main/java/com/xasecure/db/XXPortalUserDao.java,31.0,3.0,10.0,5.0,24.0,11.0,368.0,vperiasamy@hortonworks.com,2,0.0018115942028985507,33.0,0.0,0.0,0.0,3681.366459627329,270980.6410031747,2,0,2.844103631435365,false
security-admin/src/main/java/com/xasecure/db/XXPortalUserRoleDao.java,22.0,5.0,3.0,3.0,9.0,8.0,688.0,alal@hortonworks.com,1,0.0,0.0,0.0,0.0,0.0,3412.583850931677,267635.0920362068,1,0,5.429345628954441,false
security-admin/src/main/java/com/xasecure/db/XXResourceDao.java,186.0,8.0,0.0,12.0,72.0,52.0,688.0,alal@hortonworks.com,1,0.0,0.0,0.0,0.0,0.0,3412.583850931677,267635.0920362068,1,0,5.429345628954441,false
security-admin/src/main/java/com/xasecure/db/XXTrxLogDao.java,19.0,6.0,1.0,2.0,6.0,5.0,688.0,alal@hortonworks.com,1,0.0,0.0,0.0,0.0,0.0,3412.583850931677,267635.0920362068,1,0,5.429345628954441,false
security-admin/src/main/java/com/xasecure/db/XXUserDao.java,18.0,4.0,1.0,2.0,8.0,5.0,368.0,vperiasamy@hortonworks.com,2,0.0018115942028985507,33.0,0.0,0.0,0.0,3681.366459627329,270980.6410031747,2,0,2.844103631435365,false
security-admin/src/main/java/com/xasecure/entity/XXAccessAudit.java,438.0,5.0,707.0,43.0,2.0,90.0,247.0,vperiasamy@hortonworks.com,2,0.0018115942028985507,25.0,0.0,0.0,0.0,3681.366459627329,270980.6410031747,2,0,2.270038371380787,false
security-admin/src/main/java/com/xasecure/entity/XXAsset.java,179.0,5.0,114.0,20.0,3.0,43.0,368.0,vperiasamy@hortonworks.com,2,0.0018115942028985507,33.0,0.0,0.0,0.0,3681.366459627329,270980.6410031747,2,0,2.844103631435365,false
security-admin/src/main/java/com/xasecure/entity/XXAuditMap.java,132.0,5.0,53.0,15.0,2.0,33.0,368.0,vperiasamy@hortonworks.com,2,0.0018115942028985507,33.0,0.0,0.0,0.0,3681.366459627329,270980.6410031747,2,0,2.844103631435365,false
security-admin/src/main/java/com/xasecure/entity/XXAuthSession.java,314.0,5.0,227.0,27.0,2.0,57.0,368.0,vperiasamy@hortonworks.com,2,0.0018115942028985507,33.0,0.0,0.0,0.0,3681.366459627329,270980.6410031747,2,0,2.844103631435365,false
security-admin/src/main/java/com/xasecure/entity/XXCredentialStore.java,89.0,5.0,42.0,12.0,2.0,26.0,368.0,vperiasamy@hortonworks.com,2,0.0018115942028985507,33.0,0.0,0.0,0.0,3681.366459627329,270980.6410031747,2,0,2.844103631435365,false
security-admin/src/main/java/com/xasecure/entity/XXDBBase.java,132.0,5.0,78.0,16.0,1.0,35.0,368.0,vperiasamy@hortonworks.com,2,0.0018115942028985507,33.0,0.0,0.0,0.0,3681.366459627329,270980.6410031747,2,0,2.844103631435365,false
security-admin/src/main/java/com/xasecure/entity/XXGroup.java,168.0,5.0,114.0,20.0,3.0,42.0,368.0,vperiasamy@hortonworks.com,2,0.0018115942028985507,33.0,0.0,0.0,0.0,3681.366459627329,270980.6410031747,2,0,2.844103631435365,false
security-admin/src/main/java/com/xasecure/entity/XXGroupGroup.java,111.0,5.0,57.0,14.0,2.0,30.0,368.0,vperiasamy@hortonworks.com,2,0.0018115942028985507,33.0,0.0,0.0,0.0,3681.366459627329,270980.6410031747,2,0,2.844103631435365,false
security-admin/src/main/java/com/xasecure/entity/XXGroupUser.java,111.0,5.0,57.0,14.0,2.0,30.0,368.0,vperiasamy@hortonworks.com,2,0.0018115942028985507,33.0,0.0,0.0,0.0,3681.366459627329,270980.6410031747,2,0,2.844103631435365,false
security-admin/src/main/java/com/xasecure/entity/XXPermMap.java,252.0,5.0,239.0,27.0,2.0,56.0,368.0,vperiasamy@hortonworks.com,2,0.0018115942028985507,33.0,0.0,0.0,0.0,3681.366459627329,270980.6410031747,2,0,2.844103631435365,false
security-admin/src/main/java/com/xasecure/entity/XXPolicyExportAudit.java,194.0,5.0,136.0,21.0,1.0,44.0,368.0,vperiasamy@hortonworks.com,2,0.0018115942028985507,33.0,0.0,0.0,0.0,3681.366459627329,270980.6410031747,2,0,2.844103631435365,false
security-admin/src/main/java/com/xasecure/entity/XXPortalUser.java,244.0,5.0,194.0,25.0,3.0,53.0,368.0,vperiasamy@hortonworks.com,2,0.0018115942028985507,33.0,0.0,0.0,0.0,3681.366459627329,270980.6410031747,2,0,2.844103631435365,false
security-admin/src/main/java/com/xasecure/entity/XXPortalUserRole.java,107.0,5.0,24.0,12.0,2.0,27.0,368.0,vperiasamy@hortonworks.com,2,0.0018115942028985507,33.0,0.0,0.0,0.0,3681.366459627329,270980.6410031747,2,0,2.844103631435365,false
security-admin/src/main/java/com/xasecure/entity/XXResource.java,486.0,5.0,900.0,48.0,3.0,98.0,248.0,vperiasamy@hortonworks.com,3,0.0018115942028985507,25.0,0.0,0.0,0.0,4748.4054206662895,282235.0958968796,3,0,1.7216530397020606,false
security-admin/src/main/java/com/xasecure/entity/XXTrxLog.java,350.0,5.0,443.0,35.0,2.0,73.0,368.0,vperiasamy@hortonworks.com,2,0.0018115942028985507,33.0,0.0,0.0,0.0,3681.366459627329,270980.6410031747,2,0,2.844103631435365,false
security-admin/src/main/java/com/xasecure/entity/XXUser.java,135.0,5.0,68.0,16.0,3.0,35.0,368.0,vperiasamy@hortonworks.com,2,0.0018115942028985507,33.0,0.0,0.0,0.0,3681.366459627329,270980.6410031747,2,0,2.844103631435365,false
security-admin/src/main/java/com/xasecure/entity/view/VXXTrxLog.java,271.0,5.0,665.0,38.0,0.0,67.0,368.0,vperiasamy@hortonworks.com,2,0.0018115942028985507,33.0,0.0,0.0,0.0,3681.366459627329,270980.6410031747,2,0,2.844103631435365,false
security-admin/src/main/java/com/xasecure/json/Folder.java,16.0,1.0,2.0,4.0,0.0,6.0,688.0,alal@hortonworks.com,1,0.0,0.0,0.0,0.0,0.0,3412.583850931677,267635.0920362068,1,0,5.429345628954441,false
security-admin/src/main/java/com/xasecure/json/JsonDateSerializer.java,10.0,8.0,0.0,1.0,2.0,3.0,688.0,alal@hortonworks.com,1,0.0,0.0,0.0,0.0,0.0,3412.583850931677,267635.0920362068,1,0,5.429345628954441,false
security-admin/src/main/java/com/xasecure/patch/BaseLoader.java,135.0,7.0,57.0,14.0,31.0,37.0,688.0,alal@hortonworks.com,1,0.0,0.0,0.0,0.0,0.0,3412.583850931677,267635.0920362068,1,0,5.429345628954441,false
security-admin/src/main/java/com/xasecure/patch/PatchPasswordEncryption_J10001.java,51.0,9.0,4.0,5.0,21.0,9.0,7.0,vperiasamy@hortonworks.com,1,0.0,0.0,0.0,0.0,0.0,268.7826086956522,3345.548966967922,1,0,1.6451559950361796,false
security-admin/src/main/java/com/xasecure/rest/AssetREST.java,258.0,58.0,0.0,32.0,113.0,72.0,112.0,mneethiraj@hortonworks.com,4,0.005434782608695652,38.0,38.0,12.0,0.0,5470.820515005913,288542.1938956749,4,0,0.5946140934595856,false
security-admin/src/main/java/com/xasecure/rest/PublicAPIs.java,126.0,45.0,0.0,13.0,58.0,31.0,232.0,vperiasamy@hortonworks.com,3,0.0,0.0,0.0,0.0,0.0,4748.4054206662895,282235.0958968796,3,0,1.7216530397020606,false
security-admin/src/main/java/com/xasecure/rest/UserREST.java,146.0,36.0,0.0,11.0,60.0,38.0,688.0,alal@hortonworks.com,1,0.0,0.0,0.0,0.0,0.0,3412.583850931677,267635.0920362068,1,0,5.429345628954441,false
security-admin/src/main/java/com/xasecure/rest/XAuditREST.java,46.0,21.0,0.0,8.0,12.0,18.0,688.0,alal@hortonworks.com,1,0.0,0.0,0.0,0.0,0.0,3412.583850931677,267635.0920362068,1,0,5.429345628954441,false
security-admin/src/main/java/com/xasecure/rest/XUserREST.java,240.0,27.0,0.0,51.0,76.0,108.0,688.0,alal@hortonworks.com,1,0.0,0.0,0.0,0.0,0.0,3412.583850931677,267635.0920362068,1,0,5.429345628954441,false
security-admin/src/main/java/com/xasecure/security/context/XAContextHolder.java,14.0,0.0,0.0,4.0,3.0,5.0,688.0,alal@hortonworks.com,1,0.0,0.0,0.0,0.0,0.0,3412.583850931677,267635.0920362068,1,0,5.429345628954441,false
security-admin/src/main/java/com/xasecure/security/context/XASecurityContext.java,23.0,3.0,2.0,4.0,0.0,6.0,688.0,alal@hortonworks.com,1,0.0,0.0,0.0,0.0,0.0,3412.583850931677,267635.0920362068,1,0,5.429345628954441,false
security-admin/src/main/java/com/xasecure/security/handler/Permission.java,25.0,0.0,0.0,1.0,2.0,3.0,688.0,alal@hortonworks.com,1,0.0,0.0,0.0,0.0,0.0,3412.583850931677,267635.0920362068,1,0,5.429345628954441,false
security-admin/src/main/java/com/xasecure/security/handler/XADomainObjectSecurityHandler.java,50.0,10.0,13.0,6.0,13.0,16.0,688.0,alal@hortonworks.com,1,0.0,0.0,0.0,0.0,0.0,3412.583850931677,267635.0920362068,1,0,5.429345628954441,false
security-admin/src/main/java/com/xasecure/security/listener/SpringEventListener.java,45.0,11.0,0.0,4.0,22.0,7.0,688.0,alal@hortonworks.com,1,0.0,0.0,0.0,0.0,0.0,3412.583850931677,267635.0920362068,1,0,5.429345628954441,false
security-admin/src/main/java/com/xasecure/security/standalone/StandaloneSecurityHandler.java,18.0,16.0,0.0,1.0,9.0,2.0,688.0,alal@hortonworks.com,1,0.0,0.0,0.0,0.0,0.0,3412.583850931677,267635.0920362068,1,0,5.429345628954441,false
security-admin/src/main/java/com/xasecure/security/web/authentication/CustomLogoutSuccessHandler.java,22.0,10.0,0.0,1.0,11.0,5.0,686.0,sneethir@atlas.(none),1,0.0018115942028985507,50.0,50.0,0.0,0.0,134.44444444444446,294.3638943283618,1,0,5.429345628954441,false
security-admin/src/main/java/com/xasecure/security/web/authentication/XAAuthFailureHandler.java,40.0,11.0,1.0,2.0,14.0,9.0,688.0,alal@hortonworks.com,1,0.0,0.0,0.0,0.0,0.0,3412.583850931677,267635.0920362068,1,0,5.429345628954441,false
security-admin/src/main/java/com/xasecure/security/web/authentication/XAAuthSuccessHandler.java,71.0,14.0,1.0,2.0,22.0,10.0,688.0,alal@hortonworks.com,1,0.0,0.0,0.0,0.0,0.0,3412.583850931677,267635.0920362068,1,0,5.429345628954441,false
security-admin/src/main/java/com/xasecure/security/web/authentication/XAAuthenticationEntryPoint.java,47.0,12.0,0.0,2.0,23.0,9.0,688.0,alal@hortonworks.com,1,0.0,0.0,0.0,0.0,0.0,3412.583850931677,267635.0920362068,1,0,5.429345628954441,false
security-admin/src/main/java/com/xasecure/security/web/filter/MyRememberMeFilter.java,34.0,15.0,34.0,9.0,2.0,11.0,688.0,alal@hortonworks.com,1,0.0,0.0,0.0,0.0,0.0,3412.583850931677,267635.0920362068,1,0,5.429345628954441,false
security-admin/src/main/java/com/xasecure/security/web/filter/XASecurityContextFormationFilter.java,54.0,25.0,0.0,2.0,25.0,6.0,688.0,alal@hortonworks.com,1,0.0,0.0,0.0,0.0,0.0,3412.583850931677,267635.0920362068,1,0,5.429345628954441,false
security-admin/src/main/java/com/xasecure/security/web/filter/XAUsernamePasswordAuthenticationFilter.java,9.0,3.0,0.0,1.0,3.0,2.0,688.0,alal@hortonworks.com,1,0.0,0.0,0.0,0.0,0.0,3412.583850931677,267635.0920362068,1,0,5.429345628954441,false
security-admin/src/main/java/com/xasecure/service/AbstractBaseResourceService.java,503.0,42.0,678.0,41.0,238.0,116.0,368.0,vperiasamy@hortonworks.com,2,0.0018115942028985507,33.0,0.0,0.0,0.0,3681.366459627329,270980.6410031747,2,0,2.844103631435365,false
security-admin/src/main/java/com/xasecure/service/AuthSessionService.java,87.0,15.0,45.0,10.0,42.0,20.0,688.0,alal@hortonworks.com,1,0.0,0.0,0.0,0.0,0.0,3412.583850931677,267635.0920362068,1,0,5.429345628954441,false
security-admin/src/main/java/com/xasecure/service/PublicAPIServiceBase.java,18.0,1.0,1.0,2.0,20.0,4.0,688.0,alal@hortonworks.com,1,0.0,0.0,0.0,0.0,0.0,3412.583850931677,267635.0920362068,1,0,5.429345628954441,false
security-admin/src/main/java/com/xasecure/service/UserService.java,169.0,18.0,20.0,8.0,116.0,25.0,688.0,alal@hortonworks.com,1,0.0,0.0,0.0,0.0,0.0,3412.583850931677,267635.0920362068,1,0,5.429345628954441,false
security-admin/src/main/java/com/xasecure/service/UserServiceBase.java,26.0,6.0,6.0,4.0,4.0,8.0,688.0,alal@hortonworks.com,1,0.0,0.0,0.0,0.0,0.0,3412.583850931677,267635.0920362068,1,0,5.429345628954441,false
security-admin/src/main/java/com/xasecure/service/XAccessAuditService.java,98.0,18.0,19.0,7.0,76.0,15.0,688.0,alal@hortonworks.com,1,0.0,0.0,0.0,0.0,0.0,3412.583850931677,267635.0920362068,1,0,5.429345628954441,false
security-admin/src/main/java/com/xasecure/service/XAccessAuditServiceBase.java,62.0,6.0,6.0,4.0,76.0,10.0,688.0,alal@hortonworks.com,1,0.0,0.0,0.0,0.0,0.0,3412.583850931677,267635.0920362068,1,0,5.429345628954441,false
security-admin/src/main/java/com/xasecure/service/XAgentService.java,73.0,18.0,13.0,6.0,14.0,22.0,688.0,alal@hortonworks.com,1,0.0,0.0,0.0,0.0,0.0,3412.583850931677,267635.0920362068,1,0,5.429345628954441,false
security-admin/src/main/java/com/xasecure/service/XAssetService.java,277.0,28.0,40.0,12.0,104.0,51.0,347.0,vperiasamy@hortonworks.com,2,0.0,0.0,0.0,0.0,0.0,3681.366459627329,270980.6410031747,2,0,2.844103631435365,false
security-admin/src/main/java/com/xasecure/service/XAssetServiceBase.java,38.0,6.0,6.0,4.0,28.0,8.0,688.0,alal@hortonworks.com,1,0.0,0.0,0.0,0.0,0.0,3412.583850931677,267635.0920362068,1,0,5.429345628954441,false
security-admin/src/main/java/com/xasecure/service/XAuditMapService.java,117.0,14.0,15.0,7.0,49.0,20.0,350.0,mneethiraj@hortonworks.com,2,0.0,0.0,0.0,0.0,0.0,4134.9989452713,273942.1900350021,2,0,2.520790048972839,false
security-admin/src/main/java/com/xasecure/service/XAuditMapServiceBase.java,34.0,6.0,6.0,4.0,20.0,8.0,688.0,alal@hortonworks.com,1,0.0,0.0,0.0,0.0,0.0,3412.583850931677,267635.0920362068,1,0,5.429345628954441,false
security-admin/src/main/java/com/xasecure/service/XCredentialStoreService.java,6.0,8.0,1.0,2.0,0.0,2.0,688.0,alal@hortonworks.com,1,0.0,0.0,0.0,0.0,0.0,3412.583850931677,267635.0920362068,1,0,5.429345628954441,false
security-admin/src/main/java/com/xasecure/service/XCredentialStoreServiceBase.java,30.0,6.0,6.0,4.0,12.0,8.0,688.0,alal@hortonworks.com,1,0.0,0.0,0.0,0.0,0.0,3412.583850931677,267635.0920362068,1,0,5.429345628954441,false
security-admin/src/main/java/com/xasecure/service/XGroupGroupService.java,6.0,8.0,1.0,2.0,0.0,2.0,688.0,alal@hortonworks.com,1,0.0,0.0,0.0,0.0,0.0,3412.583850931677,267635.0920362068,1,0,5.429345628954441,false
security-admin/src/main/java/com/xasecure/service/XGroupGroupServiceBase.java,32.0,6.0,6.0,4.0,16.0,8.0,688.0,alal@hortonworks.com,1,0.0,0.0,0.0,0.0,0.0,3412.583850931677,267635.0920362068,1,0,5.429345628954441,false
security-admin/src/main/java/com/xasecure/service/XGroupService.java,162.0,24.0,37.0,10.0,56.0,32.0,688.0,alal@hortonworks.com,1,0.0,0.0,0.0,0.0,0.0,3412.583850931677,267635.0920362068,1,0,5.429345628954441,false
security-admin/src/main/java/com/xasecure/service/XGroupServiceBase.java,34.0,6.0,6.0,4.0,20.0,8.0,688.0,alal@hortonworks.com,1,0.0,0.0,0.0,0.0,0.0,3412.583850931677,267635.0920362068,1,0,5.429345628954441,false
security-admin/src/main/java/com/xasecure/service/XGroupUserService.java,105.0,19.0,17.0,7.0,52.0,18.0,688.0,alal@hortonworks.com,1,0.0,0.0,0.0,0.0,0.0,3412.583850931677,267635.0920362068,1,0,5.429345628954441,false
security-admin/src/main/java/com/xasecure/service/XGroupUserServiceBase.java,32.0,6.0,6.0,4.0,16.0,8.0,688.0,alal@hortonworks.com,1,0.0,0.0,0.0,0.0,0.0,3412.583850931677,267635.0920362068,1,0,5.429345628954441,false
security-admin/src/main/java/com/xasecure/service/XPermMapService.java,209.0,16.0,49.0,11.0,78.0,40.0,145.0,sneethir@apache.org,4,0.0,0.0,0.0,0.0,0.0,5470.820515005913,288542.1938956749,4,0,0.8369447950581836,false
security-admin/src/main/java/com/xasecure/service/XPermMapServiceBase.java,46.0,6.0,6.0,4.0,44.0,8.0,688.0,alal@hortonworks.com,1,0.0,0.0,0.0,0.0,0.0,3412.583850931677,267635.0920362068,1,0,5.429345628954441,false
security-admin/src/main/java/com/xasecure/service/XPolicyExportAuditService.java,15.0,9.0,3.0,3.0,1.0,3.0,688.0,alal@hortonworks.com,1,0.0,0.0,0.0,0.0,0.0,3412.583850931677,267635.0920362068,1,0,5.429345628954441,false
security-admin/src/main/java/com/xasecure/service/XPolicyExportAuditServiceBase.java,40.0,6.0,6.0,4.0,32.0,8.0,688.0,alal@hortonworks.com,1,0.0,0.0,0.0,0.0,0.0,3412.583850931677,267635.0920362068,1,0,5.429345628954441,false
security-admin/src/main/java/com/xasecure/service/XPolicyService.java,492.0,34.0,15.0,11.0,234.0,52.0,92.0,vperiasamy@hortonworks.com,4,0.0036231884057971015,22.0,22.0,11.0,11.0,5470.820515005913,288542.1938956749,4,0,0.5709191564163045,false
security-admin/src/main/java/com/xasecure/service/XPortalUserService.java,111.0,13.0,6.0,4.0,27.0,13.0,348.0,alal@hortonworks.com,2,0.0018115942028985507,33.0,0.0,33.0,0.0,4479.6228119706375,278889.5469299117,2,0,2.7146728144772205,false
security-admin/src/main/java/com/xasecure/service/XPortalUserServiceBase.java,44.0,6.0,6.0,4.0,40.0,8.0,688.0,alal@hortonworks.com,1,0.0,0.0,0.0,0.0,0.0,3412.583850931677,267635.0920362068,1,0,5.429345628954441,false
security-admin/src/main/java/com/xasecure/service/XRepositoryService.java,64.0,15.0,8.0,5.0,34.0,13.0,348.0,sneethir@atlas.(none),2,0.0036231884057971015,67.0,67.0,0.0,33.0,1201.4834054834055,11548.818788033252,2,0,2.7146728144772205,false
security-admin/src/main/java/com/xasecure/service/XResourceService.java,732.0,31.0,179.0,23.0,247.0,106.0,145.0,vperiasamy@hortonworks.com,4,0.0,0.0,0.0,17.0,0.0,5470.820515005913,288542.1938956749,4,0,0.8887171218414416,false
security-admin/src/main/java/com/xasecure/service/XResourceServiceBase.java,66.0,6.0,6.0,4.0,84.0,8.0,688.0,alal@hortonworks.com,1,0.0,0.0,0.0,0.0,0.0,3412.583850931677,267635.0920362068,1,0,5.429345628954441,false
security-admin/src/main/java/com/xasecure/service/XTrxLogService.java,371.0,27.0,30.0,9.0,153.0,33.0,350.0,mneethiraj@hortonworks.com,2,0.0,0.0,0.0,0.0,0.0,4134.9989452713,273942.1900350021,2,0,2.520790048972839,false
security-admin/src/main/java/com/xasecure/service/XTrxLogServiceBase.java,54.0,6.0,6.0,4.0,60.0,8.0,688.0,alal@hortonworks.com,1,0.0,0.0,0.0,0.0,0.0,3412.583850931677,267635.0920362068,1,0,5.429345628954441,false
security-admin/src/main/java/com/xasecure/service/XUserService.java,242.0,26.0,40.0,12.0,94.0,40.0,688.0,vperiasamy@hortonworks.com,1,0.0,0.0,0.0,0.0,0.0,3412.583850931677,267635.0920362068,1,0,5.429345628954441,false
security-admin/src/main/java/com/xasecure/service/XUserServiceBase.java,32.0,6.0,6.0,4.0,16.0,8.0,688.0,alal@hortonworks.com,1,0.0,0.0,0.0,0.0,0.0,3412.583850931677,267635.0920362068,1,0,5.429345628954441,false
security-admin/src/main/java/com/xasecure/service/filter/XARESTAPIFilter.java,163.0,22.0,0.0,5.0,37.0,25.0,688.0,alal@hortonworks.com,1,0.0,0.0,0.0,0.0,0.0,3412.583850931677,267635.0920362068,1,0,5.429345628954441,false
security-admin/src/main/java/com/xasecure/util/CLIUtil.java,22.0,7.0,0.0,3.0,5.0,6.0,688.0,alal@hortonworks.com,1,0.0,0.0,0.0,0.0,0.0,3412.583850931677,267635.0920362068,1,0,5.429345628954441,false
security-admin/src/main/java/com/xasecure/util/RestUtil.java,45.0,4.0,1.0,2.0,9.0,10.0,688.0,alal@hortonworks.com,1,0.0,0.0,0.0,0.0,0.0,3412.583850931677,267635.0920362068,1,0,5.429345628954441,false
security-admin/src/main/java/com/xasecure/util/XAEnumUtil.java,1477.0,6.0,2.0,5.0,26.0,17.0,232.0,vperiasamy@hortonworks.com,3,0.0,0.0,0.0,25.0,0.0,4748.4054206662895,282235.0958968796,3,0,1.7216530397020606,false
security-admin/src/main/java/com/xasecure/util/XARestUtil.java,56.0,14.0,1.0,2.0,27.0,8.0,688.0,alal@hortonworks.com,1,0.0,0.0,0.0,0.0,0.0,3412.583850931677,267635.0920362068,1,0,5.429345628954441,false
security-admin/src/main/java/com/xasecure/view/VXAccessAudit.java,364.0,11.0,627.0,39.0,0.0,79.0,688.0,alal@hortonworks.com,1,0.0,0.0,0.0,0.0,0.0,3412.583850931677,267635.0920362068,1,0,5.429345628954441,false
security-admin/src/main/java/com/xasecure/view/VXAccessAuditList.java,32.0,6.0,0.0,6.0,1.0,10.0,688.0,alal@hortonworks.com,1,0.0,0.0,0.0,0.0,0.0,3412.583850931677,267635.0920362068,1,0,5.429345628954441,false
security-admin/src/main/java/com/xasecure/view/VXAsset.java,137.0,11.0,59.0,15.0,0.0,30.0,688.0,alal@hortonworks.com,1,0.0,0.0,0.0,0.0,0.0,3412.583850931677,267635.0920362068,1,0,5.429345628954441,false
security-admin/src/main/java/com/xasecure/view/VXAssetList.java,32.0,6.0,0.0,6.0,1.0,10.0,688.0,alal@hortonworks.com,1,0.0,0.0,0.0,0.0,0.0,3412.583850931677,267635.0920362068,1,0,5.429345628954441,false
security-admin/src/main/java/com/xasecure/view/VXAuditMap.java,98.0,11.0,25.0,11.0,0.0,22.0,688.0,alal@hortonworks.com,1,0.0,0.0,0.0,0.0,0.0,3412.583850931677,267635.0920362068,1,0,5.429345628954441,false
security-admin/src/main/java/com/xasecure/view/VXAuditMapList.java,32.0,6.0,0.0,6.0,1.0,10.0,688.0,alal@hortonworks.com,1,0.0,0.0,0.0,0.0,0.0,3412.583850931677,267635.0920362068,1,0,5.429345628954441,false
security-admin/src/main/java/com/xasecure/view/VXAuditRecord.java,167.0,6.0,95.0,18.0,0.0,37.0,688.0,alal@hortonworks.com,1,0.0,0.0,0.0,0.0,0.0,3412.583850931677,267635.0920362068,1,0,5.429345628954441,false
security-admin/src/main/java/com/xasecure/view/VXAuditRecordList.java,21.0,8.0,8.0,5.0,0.0,8.0,688.0,alal@hortonworks.com,1,0.0,0.0,0.0,0.0,0.0,3412.583850931677,267635.0920362068,1,0,5.429345628954441,false
security-admin/src/main/java/com/xasecure/view/VXAuthSession.java,386.0,11.0,688.0,41.0,0.0,82.0,688.0,alal@hortonworks.com,1,0.0,0.0,0.0,0.0,0.0,3412.583850931677,267635.0920362068,1,0,5.429345628954441,false
security-admin/src/main/java/com/xasecure/view/VXAuthSessionList.java,32.0,6.0,0.0,6.0,1.0,10.0,688.0,alal@hortonworks.com,1,0.0,0.0,0.0,0.0,0.0,3412.583850931677,267635.0920362068,1,0,5.429345628954441,false
security-admin/src/main/java/com/xasecure/view/VXCredentialStore.java,59.0,11.0,9.0,7.0,0.0,14.0,688.0,alal@hortonworks.com,1,0.0,0.0,0.0,0.0,0.0,3412.583850931677,267635.0920362068,1,0,5.429345628954441,false
security-admin/src/main/java/com/xasecure/view/VXCredentialStoreList.java,32.0,6.0,0.0,6.0,1.0,10.0,688.0,alal@hortonworks.com,1,0.0,0.0,0.0,0.0,0.0,3412.583850931677,267635.0920362068,1,0,5.429345628954441,false
security-admin/src/main/java/com/xasecure/view/VXDataObject.java,116.0,11.0,48.0,13.0,0.0,26.0,688.0,alal@hortonworks.com,1,0.0,0.0,0.0,0.0,0.0,3412.583850931677,267635.0920362068,1,0,5.429345628954441,false
security-admin/src/main/java/com/xasecure/view/VXGroup.java,106.0,12.0,42.0,13.0,0.0,25.0,688.0,alal@hortonworks.com,1,0.0,0.0,0.0,0.0,0.0,3412.583850931677,267635.0920362068,1,0,5.429345628954441,false
security-admin/src/main/java/com/xasecure/view/VXGroupGroup.java,78.0,11.0,18.0,9.0,0.0,18.0,688.0,alal@hortonworks.com,1,0.0,0.0,0.0,0.0,0.0,3412.583850931677,267635.0920362068,1,0,5.429345628954441,false
security-admin/src/main/java/com/xasecure/view/VXGroupGroupList.java,32.0,6.0,0.0,6.0,1.0,10.0,688.0,alal@hortonworks.com,1,0.0,0.0,0.0,0.0,0.0,3412.583850931677,267635.0920362068,1,0,5.429345628954441,false
security-admin/src/main/java/com/xasecure/view/VXGroupList.java,32.0,6.0,0.0,6.0,1.0,10.0,688.0,alal@hortonworks.com,1,0.0,0.0,0.0,0.0,0.0,3412.583850931677,267635.0920362068,1,0,5.429345628954441,false
security-admin/src/main/java/com/xasecure/view/VXGroupUser.java,78.0,11.0,18.0,9.0,0.0,18.0,688.0,alal@hortonworks.com,1,0.0,0.0,0.0,0.0,0.0,3412.583850931677,267635.0920362068,1,0,5.429345628954441,false
security-admin/src/main/java/com/xasecure/view/VXGroupUserList.java,32.0,6.0,0.0,6.0,1.0,10.0,688.0,alal@hortonworks.com,1,0.0,0.0,0.0,0.0,0.0,3412.583850931677,267635.0920362068,1,0,5.429345628954441,false
security-admin/src/main/java/com/xasecure/view/VXLong.java,40.0,11.0,4.0,5.0,0.0,10.0,688.0,alal@hortonworks.com,1,0.0,0.0,0.0,0.0,0.0,3412.583850931677,267635.0920362068,1,0,5.429345628954441,false
security-admin/src/main/java/com/xasecure/view/VXMessage.java,116.0,11.0,48.0,13.0,0.0,26.0,688.0,alal@hortonworks.com,1,0.0,0.0,0.0,0.0,0.0,3412.583850931677,267635.0920362068,1,0,5.429345628954441,false
security-admin/src/main/java/com/xasecure/view/VXPasswordChange.java,135.0,11.0,69.0,15.0,1.0,30.0,688.0,alal@hortonworks.com,1,0.0,0.0,0.0,0.0,0.0,3412.583850931677,267635.0920362068,1,0,5.429345628954441,false
security-admin/src/main/java/com/xasecure/view/VXPermMap.java,243.0,11.0,269.0,27.0,0.0,53.0,688.0,alal@hortonworks.com,1,0.0,0.0,0.0,0.0,0.0,3412.583850931677,267635.0920362068,1,0,5.429345628954441,false
security-admin/src/main/java/com/xasecure/view/VXPermMapList.java,32.0,6.0,0.0,6.0,1.0,10.0,688.0,alal@hortonworks.com,1,0.0,0.0,0.0,0.0,0.0,3412.583850931677,267635.0920362068,1,0,5.429345628954441,false
security-admin/src/main/java/com/xasecure/view/VXPermObj.java,86.0,6.0,21.0,10.0,0.0,16.0,349.0,alal@hortonworks.com,2,0.0018115942028985507,33.0,33.0,0.0,33.0,4479.6228119706375,278889.5469299117,2,0,2.7146728144772205,false
security-admin/src/main/java/com/xasecure/view/VXPermObjList.java,32.0,6.0,0.0,6.0,1.0,10.0,349.0,alal@hortonworks.com,2,0.0018115942028985507,33.0,33.0,0.0,33.0,4479.6228119706375,278889.5469299117,2,0,2.7146728144772205,false
security-admin/src/main/java/com/xasecure/view/VXPolicy.java,408.0,7.0,911.0,46.0,10.0,89.0,107.0,mneethiraj@hortonworks.com,4,0.0036231884057971015,38.0,38.0,0.0,12.0,5470.820515005913,288542.1938956749,4,0,0.5576338600429727,false
security-admin/src/main/java/com/xasecure/view/VXPolicyExportAudit.java,154.0,11.0,94.0,17.0,0.0,34.0,688.0,alal@hortonworks.com,1,0.0,0.0,0.0,0.0,0.0,3412.583850931677,267635.0920362068,1,0,5.429345628954441,false
security-admin/src/main/java/com/xasecure/view/VXPolicyExportAuditList.java,32.0,6.0,0.0,6.0,1.0,10.0,688.0,alal@hortonworks.com,1,0.0,0.0,0.0,0.0,0.0,3412.583850931677,267635.0920362068,1,0,5.429345628954441,false
security-admin/src/main/java/com/xasecure/view/VXPolicyList.java,32.0,6.0,0.0,6.0,1.0,10.0,349.0,alal@hortonworks.com,2,0.0018115942028985507,33.0,33.0,0.0,33.0,4479.6228119706375,278889.5469299117,2,0,2.7146728144772205,false
security-admin/src/main/java/com/xasecure/view/VXPortalUser.java,213.0,11.0,183.0,23.0,1.0,46.0,688.0,alal@hortonworks.com,1,0.0,0.0,0.0,0.0,0.0,3412.583850931677,267635.0920362068,1,0,5.429345628954441,false
security-admin/src/main/java/com/xasecure/view/VXPortalUserList.java,32.0,6.0,0.0,6.0,1.0,10.0,688.0,alal@hortonworks.com,1,0.0,0.0,0.0,0.0,0.0,3412.583850931677,267635.0920362068,1,0,5.429345628954441,false
security-admin/src/main/java/com/xasecure/view/VXRepository.java,137.0,6.0,59.0,15.0,0.0,30.0,349.0,alal@hortonworks.com,2,0.0018115942028985507,33.0,33.0,0.0,33.0,4479.6228119706375,278889.5469299117,2,0,2.7146728144772205,false
security-admin/src/main/java/com/xasecure/view/VXRepositoryList.java,32.0,6.0,0.0,6.0,1.0,10.0,349.0,alal@hortonworks.com,2,0.0018115942028985507,33.0,33.0,0.0,33.0,4479.6228119706375,278889.5469299117,2,0,2.7146728144772205,false
security-admin/src/main/java/com/xasecure/view/VXResource.java,489.0,11.0,1210.0,53.0,0.0,105.0,688.0,alal@hortonworks.com,1,0.0,0.0,0.0,0.0,0.0,3412.583850931677,267635.0920362068,1,0,5.429345628954441,false
security-admin/src/main/java/com/xasecure/view/VXResourceList.java,32.0,6.0,0.0,6.0,1.0,10.0,688.0,alal@hortonworks.com,1,0.0,0.0,0.0,0.0,0.0,3412.583850931677,267635.0920362068,1,0,5.429345628954441,false
security-admin/src/main/java/com/xasecure/view/VXResponse.java,107.0,11.0,12.0,9.0,0.0,18.0,688.0,alal@hortonworks.com,1,0.0,0.0,0.0,0.0,0.0,3412.583850931677,267635.0920362068,1,0,5.429345628954441,false
security-admin/src/main/java/com/xasecure/view/VXString.java,40.0,11.0,4.0,5.0,0.0,10.0,688.0,alal@hortonworks.com,1,0.0,0.0,0.0,0.0,0.0,3412.583850931677,267635.0920362068,1,0,5.429345628954441,false
security-admin/src/main/java/com/xasecure/view/VXStringList.java,32.0,6.0,0.0,6.0,1.0,10.0,688.0,alal@hortonworks.com,1,0.0,0.0,0.0,0.0,0.0,3412.583850931677,267635.0920362068,1,0,5.429345628954441,false
security-admin/src/main/java/com/xasecure/view/VXTrxLog.java,285.0,11.0,345.0,30.0,0.0,60.0,688.0,alal@hortonworks.com,1,0.0,0.0,0.0,0.0,0.0,3412.583850931677,267635.0920362068,1,0,5.429345628954441,false
security-admin/src/main/java/com/xasecure/view/VXTrxLogList.java,32.0,6.0,0.0,6.0,1.0,10.0,688.0,alal@hortonworks.com,1,0.0,0.0,0.0,0.0,0.0,3412.583850931677,267635.0920362068,1,0,5.429345628954441,false
security-admin/src/main/java/com/xasecure/view/VXUser.java,213.0,11.0,291.0,27.0,0.0,51.0,688.0,alal@hortonworks.com,1,0.0,0.0,0.0,0.0,0.0,3412.583850931677,267635.0920362068,1,0,5.429345628954441,false
security-admin/src/main/java/com/xasecure/view/VXUserList.java,32.0,6.0,0.0,6.0,1.0,10.0,688.0,alal@hortonworks.com,1,0.0,0.0,0.0,0.0,0.0,3412.583850931677,267635.0920362068,1,0,5.429345628954441,false
security-admin/src/test/java/com/xasecure/rest/TestPublicAPIs.java,518.0,24.0,0.0,22.0,188.0,61.0,236.0,alal@hortonworks.com,2,0.0018115942028985507,25.0,25.0,0.0,25.0,4479.6228119706375,278889.5469299117,2,0,2.097463948769928,false
security-admin/src/test/java/com/xasecure/util/BaseTest.java,42.0,14.0,13.0,7.0,9.0,10.0,349.0,alal@hortonworks.com,2,0.0018115942028985507,33.0,33.0,0.0,33.0,4479.6228119706375,278889.5469299117,2,0,2.7146728144772205,false
storm-agent/src/main/java/com/xasecure/authorization/storm/XaStormAccessVerifier.java,4.0,0.0,1.0,2.0,0.0,2.0,42.0,alal@hortonworks.com,1,0.0018115942028985507,0.0,50.0,0.0,0.0,1067.0389610389611,11254.45489370489,1,0,1.3862943611198906,false
storm-agent/src/main/java/com/xasecure/authorization/storm/XaStormAccessVerifierFactory.java,40.0,4.0,0.0,1.0,6.0,6.0,42.0,alal@hortonworks.com,1,0.0018115942028985507,0.0,50.0,0.0,0.0,1067.0389610389611,11254.45489370489,1,0,1.3862943611198906,false
storm-agent/src/main/java/com/xasecure/authorization/storm/authorizer/XaSecureStormAuthorizer.java,110.0,16.0,1.0,2.0,36.0,7.0,15.0,sneethir@apache.org,2,0.0036231884057971015,60.0,60.0,20.0,0.0,1789.4540553785837,17561.55289250016,2,0,0.7270178337488915,false
ugsync/src/main/java/com/xasecure/ldapusersync/process/LdapUserGroupBuilder.java,163.0,18.0,12.0,8.0,51.0,27.0,345.0,alal@hortonworks.com,2,0.0,0.0,0.0,0.0,0.0,4479.6228119706375,278889.5469299117,2,0,2.7146728144772205,false
ugsync/src/main/java/com/xasecure/ldapusersync/process/PolicyMgrUserGroupBuilder.java,430.0,38.0,88.0,24.0,199.0,73.0,688.0,alal@hortonworks.com,1,0.0,0.0,0.0,0.0,0.0,3412.583850931677,267635.0920362068,1,0,5.429345628954441,false
ugsync/src/main/java/com/xasecure/unixusersync/config/UserGroupSyncConfig.java,261.0,11.0,0.0,31.0,80.0,96.0,346.0,alal@hortonworks.com,2,0.0018115942028985507,33.0,0.0,0.0,0.0,4479.6228119706375,278889.5469299117,2,0,2.7146728144772205,false
ugsync/src/main/java/com/xasecure/unixusersync/model/GetXGroupListResponse.java,16.0,2.0,2.0,4.0,0.0,6.0,688.0,alal@hortonworks.com,1,0.0,0.0,0.0,0.0,0.0,3412.583850931677,267635.0920362068,1,0,5.429345628954441,false
ugsync/src/main/java/com/xasecure/unixusersync/model/GetXUserGroupListResponse.java,16.0,2.0,2.0,4.0,0.0,6.0,688.0,alal@hortonworks.com,1,0.0,0.0,0.0,0.0,0.0,3412.583850931677,267635.0920362068,1,0,5.429345628954441,false
ugsync/src/main/java/com/xasecure/unixusersync/model/GetXUserListResponse.java,16.0,2.0,2.0,4.0,0.0,6.0,688.0,alal@hortonworks.com,1,0.0,0.0,0.0,0.0,0.0,3412.583850931677,267635.0920362068,1,0,5.429345628954441,false
ugsync/src/main/java/com/xasecure/unixusersync/model/MUserInfo.java,37.0,0.0,35.0,10.0,0.0,15.0,688.0,alal@hortonworks.com,1,0.0,0.0,0.0,0.0,0.0,3412.583850931677,267635.0920362068,1,0,5.429345628954441,false
ugsync/src/main/java/com/xasecure/unixusersync/model/XGroupInfo.java,30.0,0.0,20.0,8.0,0.0,12.0,688.0,alal@hortonworks.com,1,0.0,0.0,0.0,0.0,0.0,3412.583850931677,267635.0920362068,1,0,5.429345628954441,false
ugsync/src/main/java/com/xasecure/unixusersync/model/XUserGroupInfo.java,23.0,1.0,9.0,6.0,0.0,9.0,688.0,alal@hortonworks.com,1,0.0,0.0,0.0,0.0,0.0,3412.583850931677,267635.0920362068,1,0,5.429345628954441,false
ugsync/src/main/java/com/xasecure/unixusersync/model/XUserInfo.java,27.0,2.0,15.0,7.0,0.0,11.0,688.0,alal@hortonworks.com,1,0.0,0.0,0.0,0.0,0.0,3412.583850931677,267635.0920362068,1,0,5.429345628954441,false
ugsync/src/main/java/com/xasecure/unixusersync/poc/InvalidGroupException.java,11.0,0.0,0.0,2.0,0.0,3.0,688.0,alal@hortonworks.com,1,0.0,0.0,0.0,0.0,0.0,3412.583850931677,267635.0920362068,1,0,5.429345628954441,false
ugsync/src/main/java/com/xasecure/unixusersync/poc/InvalidUserException.java,11.0,0.0,0.0,2.0,0.0,3.0,688.0,alal@hortonworks.com,1,0.0,0.0,0.0,0.0,0.0,3412.583850931677,267635.0920362068,1,0,5.429345628954441,false
ugsync/src/main/java/com/xasecure/unixusersync/poc/ListUserGroupTest.java,8.0,2.0,0.0,1.0,2.0,1.0,688.0,alal@hortonworks.com,1,0.0,0.0,0.0,0.0,0.0,3412.583850931677,267635.0920362068,1,0,5.429345628954441,false
ugsync/src/main/java/com/xasecure/unixusersync/poc/ListUserTest.java,17.0,2.0,0.0,1.0,8.0,3.0,688.0,alal@hortonworks.com,1,0.0,0.0,0.0,0.0,0.0,3412.583850931677,267635.0920362068,1,0,5.429345628954441,false
ugsync/src/main/java/com/xasecure/unixusersync/poc/ListXaSecureUser.java,59.0,0.0,0.0,6.0,8.0,15.0,688.0,alal@hortonworks.com,1,0.0,0.0,0.0,0.0,0.0,3412.583850931677,267635.0920362068,1,0,5.429345628954441,false
ugsync/src/main/java/com/xasecure/unixusersync/poc/ListXaSecureUserGroup.java,76.0,4.0,0.0,7.0,12.0,20.0,688.0,alal@hortonworks.com,1,0.0,0.0,0.0,0.0,0.0,3412.583850931677,267635.0920362068,1,0,5.429345628954441,false
ugsync/src/main/java/com/xasecure/unixusersync/poc/RestClientPost.java,18.0,3.0,0.0,1.0,8.0,4.0,688.0,alal@hortonworks.com,1,0.0,0.0,0.0,0.0,0.0,3412.583850931677,267635.0920362068,1,0,5.429345628954441,false
ugsync/src/main/java/com/xasecure/unixusersync/poc/XaSecureClientUserGroupMapping.java,26.0,4.0,0.0,1.0,10.0,4.0,688.0,alal@hortonworks.com,1,0.0,0.0,0.0,0.0,0.0,3412.583850931677,267635.0920362068,1,0,5.429345628954441,false
ugsync/src/main/java/com/xasecure/unixusersync/poc/XaSecureJSONParser.java,2.0,0.0,0.0,0.0,0.0,0.0,688.0,alal@hortonworks.com,1,0.0,0.0,0.0,0.0,0.0,3412.583850931677,267635.0920362068,1,0,5.429345628954441,false
ugsync/src/main/java/com/xasecure/unixusersync/poc/XaSecureUpdateUserGroupMapping.java,27.0,4.0,3.0,3.0,5.0,9.0,688.0,alal@hortonworks.com,1,0.0,0.0,0.0,0.0,0.0,3412.583850931677,267635.0920362068,1,0,5.429345628954441,false
ugsync/src/main/java/com/xasecure/unixusersync/poc/XaSecureUserGroupMapping.java,2.0,0.0,0.0,0.0,0.0,0.0,688.0,alal@hortonworks.com,1,0.0,0.0,0.0,0.0,0.0,3412.583850931677,267635.0920362068,1,0,5.429345628954441,false
ugsync/src/main/java/com/xasecure/unixusersync/process/PolicyMgrUserGroupBuilder.java,430.0,38.0,88.0,24.0,199.0,73.0,688.0,alal@hortonworks.com,1,0.0,0.0,0.0,0.0,0.0,3412.583850931677,267635.0920362068,1,0,5.429345628954441,false
ugsync/src/main/java/com/xasecure/unixusersync/process/UnixUserGroupBuilder.java,156.0,11.0,9.0,11.0,45.0,34.0,688.0,alal@hortonworks.com,1,0.0,0.0,0.0,0.0,0.0,3412.583850931677,267635.0920362068,1,0,5.429345628954441,false
ugsync/src/main/java/com/xasecure/usergroupsync/UserGroupSink.java,4.0,1.0,1.0,2.0,0.0,3.0,688.0,alal@hortonworks.com,1,0.0,0.0,0.0,0.0,0.0,3412.583850931677,267635.0920362068,1,0,5.429345628954441,false
ugsync/src/main/java/com/xasecure/usergroupsync/UserGroupSource.java,5.0,0.0,3.0,3.0,0.0,5.0,688.0,alal@hortonworks.com,1,0.0,0.0,0.0,0.0,0.0,3412.583850931677,267635.0920362068,1,0,5.429345628954441,false
ugsync/src/main/java/com/xasecure/usergroupsync/UserGroupSync.java,74.0,5.0,1.0,3.0,20.0,10.0,688.0,madhan@apache.org,1,0.0,0.0,0.0,0.0,0.0,3412.583850931677,267635.0920362068,1,0,5.429345628954441,false
unixauthclient/src/main/java/com/xasecure/authentication/unix/jaas/ConsolePromptCallbackHandler.java,22.0,8.0,0.0,1.0,10.0,5.0,688.0,alal@hortonworks.com,1,0.0,0.0,0.0,0.0,0.0,3412.583850931677,267635.0920362068,1,0,5.429345628954441,false
unixauthclient/src/main/java/com/xasecure/authentication/unix/jaas/RemoteUnixLoginModule.java,292.0,27.0,36.0,12.0,61.0,46.0,686.0,sneethir@atlas.(none),1,0.0018115942028985507,50.0,50.0,0.0,0.0,134.44444444444446,294.3638943283618,1,0,5.429345628954441,false
unixauthclient/src/main/java/com/xasecure/authentication/unix/jaas/UnixGroupPrincipal.java,10.0,2.0,0.0,2.0,0.0,3.0,688.0,alal@hortonworks.com,1,0.0,0.0,0.0,0.0,0.0,3412.583850931677,267635.0920362068,1,0,5.429345628954441,false
unixauthclient/src/main/java/com/xasecure/authentication/unix/jaas/UnixUserPrincipal.java,10.0,2.0,0.0,2.0,0.0,3.0,688.0,alal@hortonworks.com,1,0.0,0.0,0.0,0.0,0.0,3412.583850931677,267635.0920362068,1,0,5.429345628954441,false
unixauthservice/src/main/java/com/xasecure/authentication/PasswordValidator.java,98.0,8.0,8.0,8.0,16.0,16.0,688.0,alal@hortonworks.com,1,0.0,0.0,0.0,0.0,0.0,3412.583850931677,267635.0920362068,1,0,5.429345628954441,false
unixauthservice/src/main/java/com/xasecure/authentication/UnixAuthenticationService.java,137.0,19.0,17.0,7.0,39.0,19.0,688.0,alal@hortonworks.com,1,0.0,0.0,0.0,0.0,0.0,3412.583850931677,267635.0920362068,1,0,5.429345628954441,false
