name,LOC,CBO,LCOM,NOM,RFC,WMC,ACS,Ownership,numOfChanges,numberOfFIChanges,ENH,NF,BugFixing,REF,structuralWorkloadSum,semanticWorkloadSum,numberOfDeveloper,pastFaults,MAF,isBuggy
agents-audit/src/main/java/org/apache/ranger/audit/destination/AuditDestination.java,22.0,4.0,21.0,7.0,1.0,7.0,0.0,null,0,0.0,0.0,0.0,0.0,0.0,0.0,0.0,0,0,0.0,false
agents-audit/src/main/java/org/apache/ranger/audit/destination/FileAuditDestination.java,144.0,13.0,0.0,7.0,42.0,28.0,0.0,null,0,0.0,0.0,0.0,0.0,0.0,0.0,0.0,0,0,0.0,false
agents-audit/src/main/java/org/apache/ranger/audit/destination/HDFSAuditDestination.java,147.0,17.0,0.0,8.0,42.0,32.0,0.0,null,0,0.0,0.0,0.0,0.0,0.0,0.0,0.0,0,0,0.0,false
agents-audit/src/main/java/org/apache/ranger/audit/destination/SolrAuditDestination.java,109.0,16.0,17.0,7.0,42.0,19.0,0.0,bosco@apache.org,0,0.0,0.0,0.0,0.0,0.0,0.0,0.0,0,0,0.0,false
agents-audit/src/main/java/org/apache/ranger/audit/model/AuditEventBase.java,18.0,2.0,21.0,7.0,2.0,9.0,0.0,madhan@apache.org,0,0.0,0.0,0.0,0.0,0.0,0.0,0.0,0,1,0.0,false
agents-audit/src/main/java/org/apache/ranger/audit/model/AuthzAuditEvent.java,312.0,4.0,1074.0,52.0,7.0,82.0,0.0,madhan@apache.org,0,0.0,0.0,0.0,0.0,0.0,0.0,0.0,0,0,0.0,false
agents-audit/src/main/java/org/apache/ranger/audit/provider/AsyncAuditProvider.java,173.0,8.0,42.0,16.0,36.0,43.0,0.0,madhan@apache.org,0,0.0,0.0,0.0,0.0,0.0,0.0,0.0,0,1,0.0,true
agents-audit/src/main/java/org/apache/ranger/audit/provider/AuditHandler.java,17.0,3.0,66.0,12.0,0.0,13.0,0.0,null,0,0.0,0.0,0.0,0.0,0.0,0.0,0.0,0,0,0.0,false
agents-audit/src/main/java/org/apache/ranger/audit/provider/AuditMessageException.java,36.0,0.0,10.0,5.0,0.0,5.0,0.0,bosco@apache.org,0,0.0,0.0,0.0,0.0,0.0,0.0,0.0,0,0,0.0,false
agents-audit/src/main/java/org/apache/ranger/audit/provider/AuditProviderFactory.java,291.0,15.0,16.0,8.0,43.0,25.0,0.0,madhan@apache.org,0,0.0,0.0,0.0,0.0,0.0,0.0,0.0,0,2,0.0,false
agents-audit/src/main/java/org/apache/ranger/audit/provider/BaseAuditHandler.java,170.0,10.0,133.0,19.0,50.0,48.0,0.0,bosco@apache.org,0,0.0,0.0,0.0,0.0,0.0,0.0,0.0,0,0,0.0,false
agents-audit/src/main/java/org/apache/ranger/audit/provider/BufferedAuditProvider.java,72.0,4.0,54.0,13.0,16.0,26.0,0.0,madhan@apache.org,0,0.0,0.0,0.0,0.0,0.0,0.0,0.0,0,0,0.0,false
agents-audit/src/main/java/org/apache/ranger/audit/provider/DbAuditProvider.java,263.0,15.0,134.0,24.0,77.0,75.0,0.0,bosco@apache.org,0,0.0,0.0,0.0,0.0,0.0,0.0,0.0,0,0,0.0,false
agents-audit/src/main/java/org/apache/ranger/audit/provider/DummyAuditProvider.java,38.0,4.0,66.0,12.0,6.0,19.0,0.0,bosco@apache.org,0,0.0,0.0,0.0,0.0,0.0,0.0,0.0,0,0,0.0,false
agents-audit/src/main/java/org/apache/ranger/audit/provider/LocalFileLogBuffer.java,242.0,19.0,295.0,31.0,43.0,66.0,0.0,bosco@apache.org,0,0.0,0.0,0.0,0.0,0.0,0.0,0.0,0,0,0.0,false
agents-audit/src/main/java/org/apache/ranger/audit/provider/Log4jAuditProvider.java,42.0,7.0,26.0,8.0,9.0,15.0,0.0,bosco@apache.org,0,0.0,0.0,0.0,0.0,0.0,0.0,0.0,0,0,0.0,false
agents-audit/src/main/java/org/apache/ranger/audit/provider/LogDestination.java,15.0,1.0,36.0,9.0,0.0,17.0,0.0,bosco@apache.org,0,0.0,0.0,0.0,0.0,0.0,0.0,0.0,0,0,0.0,false
agents-audit/src/main/java/org/apache/ranger/audit/provider/MiscUtil.java,270.0,14.0,206.0,21.0,56.0,72.0,0.0,bosco@apache.org,0,0.0,0.0,0.0,0.0,0.0,0.0,0.0,0,0,0.0,false
agents-audit/src/main/java/org/apache/ranger/audit/provider/MultiDestAuditProvider.java,130.0,7.0,0.0,14.0,41.0,41.0,0.0,madhan@apache.org,0,0.0,0.0,0.0,0.0,0.0,0.0,0.0,0,0,0.0,false
agents-audit/src/main/java/org/apache/ranger/audit/provider/hdfs/HdfsAuditProvider.java,44.0,10.0,1.0,2.0,14.0,2.0,0.0,bosco@apache.org,0,0.0,0.0,0.0,0.0,0.0,0.0,0.0,0,0,0.0,false
agents-audit/src/main/java/org/apache/ranger/audit/provider/hdfs/HdfsLogDestination.java,339.0,13.0,344.0,33.0,60.0,82.0,0.0,bosco@apache.org,0,0.0,0.0,0.0,0.0,0.0,0.0,0.0,0,0,0.0,false
agents-audit/src/main/java/org/apache/ranger/audit/provider/kafka/KafkaAuditProvider.java,107.0,11.0,25.0,11.0,28.0,25.0,0.0,bosco@apache.org,0,0.0,0.0,0.0,0.0,0.0,0.0,0.0,0,0,0.0,false
agents-audit/src/main/java/org/apache/ranger/audit/provider/solr/SolrAuditProvider.java,151.0,13.0,85.0,14.0,54.0,30.0,0.0,bosco@apache.org,0,0.0,0.0,0.0,0.0,0.0,0.0,0.0,0,0,0.0,false
agents-audit/src/main/java/org/apache/ranger/audit/queue/AuditAsyncQueue.java,88.0,7.0,9.0,6.0,22.0,22.0,0.0,null,0,0.0,0.0,0.0,0.0,0.0,0.0,0.0,0,0,0.0,false
agents-audit/src/main/java/org/apache/ranger/audit/queue/AuditBatchQueue.java,198.0,10.0,29.0,10.0,45.0,33.0,0.0,bosco@apache.org,0,0.0,0.0,0.0,0.0,0.0,0.0,0.0,0,0,0.0,false
agents-audit/src/main/java/org/apache/ranger/audit/queue/AuditFileSpool.java,623.0,25.0,2.0,24.0,155.0,94.0,0.0,bosco@apache.org,0,0.0,0.0,0.0,0.0,0.0,0.0,0.0,0,0,0.0,false
agents-audit/src/main/java/org/apache/ranger/audit/queue/AuditQueue.java,93.0,6.0,53.0,14.0,16.0,25.0,0.0,null,0,0.0,0.0,0.0,0.0,0.0,0.0,0.0,0,0,0.0,false
agents-audit/src/main/java/org/apache/ranger/audit/queue/AuditSummaryQueue.java,135.0,13.0,15.0,7.0,35.0,23.0,0.0,bosco@apache.org,0,0.0,0.0,0.0,0.0,0.0,0.0,0.0,0,0,0.0,false
agents-audit/src/main/java/org/apache/ranger/audit/test/TestEvents.java,115.0,12.0,1.0,2.0,31.0,12.0,0.0,madhan@apache.org,0,0.0,0.0,0.0,0.0,0.0,0.0,0.0,0,0,0.0,false
agents-common/src/main/java/org/apache/ranger/authorization/hadoop/constants/RangerHadoopConstants.java,35.0,0.0,0.0,0.0,0.0,0.0,0.0,madhan@apache.org,0,0.0,0.0,0.0,0.0,0.0,0.0,0.0,0,0,0.0,false
agents-common/src/main/java/org/apache/ranger/plugin/audit/RangerDefaultAuditHandler.java,121.0,13.0,6.0,9.0,65.0,23.0,0.0,madhan@apache.org,0,0.0,0.0,0.0,0.0,0.0,0.0,0.0,0,0,0.0,false
agents-common/src/main/java/org/apache/ranger/plugin/audit/RangerMultiResourceAuditHandler.java,33.0,3.0,0.0,4.0,3.0,9.0,0.0,bosco@apache.org,0,0.0,0.0,0.0,0.0,0.0,0.0,0.0,0,0,0.0,false
agents-common/src/main/java/org/apache/ranger/plugin/model/RangerPolicyResourceSignature.java,127.0,10.0,0.0,7.0,6.0,17.0,0.0,alal@hortonworks.com,0,0.0,0.0,0.0,0.0,0.0,0.0,0.0,0,1,0.0,false
agents-common/src/main/java/org/apache/ranger/plugin/model/RangerServiceDef.java,1826.0,12.0,292.0,29.0,43.0,64.0,0.0,madhan@apache.org,0,0.0,0.0,0.0,0.0,0.0,0.0,0.0,0,2,0.0,false
agents-common/src/main/java/org/apache/ranger/plugin/model/validation/RangerPolicyValidator.java,427.0,20.0,0.0,13.0,186.0,71.0,0.0,alal@hortonworks.com,0,0.0,0.0,0.0,0.0,0.0,0.0,0.0,0,1,0.0,false
agents-common/src/main/java/org/apache/ranger/plugin/model/validation/RangerServiceDefHelper.java,318.0,15.0,9.0,7.0,21.0,21.0,0.0,alal@hortonworks.com,0,0.0,0.0,0.0,0.0,0.0,0.0,0.0,0,0,0.0,false
agents-common/src/main/java/org/apache/ranger/plugin/model/validation/RangerServiceDefValidator.java,401.0,21.0,0.0,15.0,198.0,79.0,0.0,madhan@apache.org,0,0.0,0.0,0.0,0.0,0.0,0.0,0.0,0,1,0.0,false
agents-common/src/main/java/org/apache/ranger/plugin/model/validation/RangerServiceValidator.java,124.0,10.0,0.0,4.0,35.0,17.0,0.0,alal@hortonworks.com,0,0.0,0.0,0.0,0.0,0.0,0.0,0.0,0,0,0.0,false
agents-common/src/main/java/org/apache/ranger/plugin/model/validation/RangerValidator.java,550.0,24.0,84.0,29.0,153.0,133.0,0.0,alal@hortonworks.com,0,0.0,0.0,0.0,0.0,0.0,0.0,0.0,0,0,0.0,false
agents-common/src/main/java/org/apache/ranger/plugin/policyengine/RangerAccessResultProcessor.java,4.0,1.0,1.0,2.0,0.0,2.0,0.0,madhan@apache.org,0,0.0,0.0,0.0,0.0,0.0,0.0,0.0,0,0,0.0,false
agents-common/src/main/java/org/apache/ranger/plugin/policyengine/RangerPolicyEngine.java,18.0,7.0,66.0,12.0,0.0,12.0,0.0,madhan@apache.org,0,0.0,0.0,0.0,0.0,0.0,0.0,0.0,0,0,0.0,false
agents-common/src/main/java/org/apache/ranger/plugin/policyengine/RangerPolicyEngineCache.java,44.0,8.0,2.0,5.0,8.0,13.0,0.0,madhan@apache.org,0,0.0,0.0,0.0,0.0,0.0,0.0,0.0,0,0,0.0,false
agents-common/src/main/java/org/apache/ranger/plugin/policyengine/RangerPolicyEngineImpl.java,195.0,14.0,0.0,17.0,59.0,55.0,0.0,madhan@apache.org,0,0.0,0.0,0.0,0.0,0.0,0.0,0.0,0,1,0.0,false
agents-common/src/main/java/org/apache/ranger/plugin/policyengine/RangerPolicyEngineOptions.java,6.0,1.0,0.0,0.0,0.0,0.0,0.0,madhan@apache.org,0,0.0,0.0,0.0,0.0,0.0,0.0,0.0,0,0,0.0,false
agents-common/src/main/java/org/apache/ranger/plugin/policyengine/RangerPolicyRepository.java,174.0,17.0,34.0,13.0,46.0,37.0,21.0,madhan@apache.org,1,0.043478260869565216,0.0,25.0,0.0,0.0,126.44444444444444,541.6485340133326,1,1,2.1972245773362196,false
agents-common/src/main/java/org/apache/ranger/plugin/policyevaluator/RangerAbstractPolicyEvaluator.java,57.0,7.0,14.0,8.0,10.0,16.0,0.0,madhan@apache.org,0,0.0,0.0,0.0,0.0,0.0,0.0,0.0,0,0,0.0,false
agents-common/src/main/java/org/apache/ranger/plugin/policyevaluator/RangerCachedPolicyEvaluator.java,39.0,6.0,0.0,2.0,7.0,6.0,0.0,madhan@apache.org,0,0.0,0.0,0.0,0.0,0.0,0.0,0.0,0,0,0.0,false
agents-common/src/main/java/org/apache/ranger/plugin/policyevaluator/RangerDefaultPolicyEvaluator.java,674.0,30.0,0.0,21.0,204.0,112.0,21.0,madhan@apache.org,1,0.043478260869565216,0.0,7.0,0.0,0.0,126.44444444444444,541.6485340133326,1,3,2.1972245773362196,true
agents-common/src/main/java/org/apache/ranger/plugin/policyevaluator/RangerOptimizedPolicyEvaluator.java,183.0,12.0,0.0,5.0,58.0,21.0,0.0,madhan@apache.org,0,0.0,0.0,0.0,0.0,0.0,0.0,0.0,0,1,0.0,false
agents-common/src/main/java/org/apache/ranger/plugin/policyevaluator/RangerPolicyEvaluator.java,15.0,10.0,45.0,10.0,0.0,10.0,0.0,madhan@apache.org,0,0.0,0.0,0.0,0.0,0.0,0.0,0.0,0,0,0.0,false
agents-common/src/main/java/org/apache/ranger/plugin/resourcematcher/RangerAbstractResourceMatcher.java,136.0,9.0,26.0,9.0,34.0,27.0,21.0,madhan@apache.org,1,0.043478260869565216,0.0,14.0,0.0,0.0,126.44444444444444,541.6485340133326,1,1,2.1972245773362196,true
agents-common/src/main/java/org/apache/ranger/plugin/resourcematcher/RangerDefaultResourceMatcher.java,38.0,5.0,1.0,2.0,6.0,8.0,0.0,madhan@apache.org,0,0.0,0.0,0.0,0.0,0.0,0.0,0.0,0,0,0.0,false
agents-common/src/main/java/org/apache/ranger/plugin/resourcematcher/RangerPathResourceMatcher.java,107.0,10.0,0.0,4.0,24.0,22.0,21.0,madhan@apache.org,1,0.043478260869565216,0.0,14.0,0.0,0.0,126.44444444444444,541.6485340133326,1,0,2.1972245773362196,false
agents-common/src/main/java/org/apache/ranger/plugin/resourcematcher/RangerResourceMatcher.java,5.0,2.0,3.0,3.0,0.0,3.0,21.0,madhan@apache.org,1,0.043478260869565216,0.0,20.0,0.0,0.0,126.44444444444444,541.6485340133326,1,0,2.1972245773362196,false
agents-common/src/main/java/org/apache/ranger/plugin/service/RangerBasePlugin.java,193.0,23.0,42.0,20.0,61.0,47.0,8.0,madhan@apache.org,0,0.0,7.0,0.0,0.0,0.0,0.0,0.0,0,3,1.0986122886681098,false
agents-common/src/main/java/org/apache/ranger/plugin/service/ResourceLookupContext.java,46.0,9.0,10.0,8.0,1.0,13.0,0.0,madhan@apache.org,0,0.0,0.0,0.0,0.0,0.0,0.0,0.0,0,0,0.0,false
agents-common/src/main/java/org/apache/ranger/plugin/store/AbstractPredicateUtil.java,472.0,22.0,496.0,32.0,129.0,131.0,0.0,akulkarni@hortonworks.com,0,0.0,0.0,0.0,0.0,0.0,0.0,0.0,0,0,0.0,false
agents-common/src/main/java/org/apache/ranger/plugin/store/ServicePredicateUtil.java,100.0,7.0,22.0,8.0,31.0,26.0,0.0,akulkarni@hortonworks.com,0,0.0,0.0,0.0,0.0,0.0,0.0,0.0,0,0,0.0,false
agents-common/src/main/java/org/apache/ranger/plugin/store/ServiceStore.java,24.0,6.0,231.0,22.0,0.0,44.0,0.0,madhan@apache.org,0,0.0,0.0,0.0,0.0,0.0,0.0,0.0,0,0,0.0,false
agents-common/src/main/java/org/apache/ranger/plugin/store/file/BaseFileStore.java,265.0,23.0,272.0,28.0,92.0,82.0,0.0,madhan@apache.org,0,0.0,0.0,0.0,0.0,0.0,0.0,0.0,0,1,0.0,false
agents-common/src/main/java/org/apache/ranger/plugin/store/file/ServiceFileStore.java,627.0,21.0,0.0,31.0,258.0,137.0,0.0,madhan@apache.org,0,0.0,0.0,0.0,0.0,0.0,0.0,0.0,0,1,0.0,true
agents-common/src/main/java/org/apache/ranger/plugin/store/rest/ServiceRESTStore.java,433.0,17.0,0.0,25.0,204.0,127.0,0.0,madhan@apache.org,0,0.0,0.0,0.0,0.0,0.0,0.0,0.0,0,0,0.0,true
agents-common/src/main/java/org/apache/ranger/plugin/util/GrantRevokeRequest.java,237.0,13.0,303.0,30.0,18.0,47.0,0.0,madhan@apache.org,0,0.0,0.0,0.0,0.0,0.0,0.0,0.0,0,0,0.0,false
agents-common/src/main/java/org/apache/ranger/plugin/util/KeySearchFilter.java,82.0,5.0,138.0,20.0,8.0,33.0,0.0,sneethir@apache.org,0,0.0,0.0,0.0,0.0,0.0,0.0,0.0,0,0,0.0,true
agents-common/src/main/java/org/apache/ranger/plugin/util/PolicyRefresher.java,234.0,12.0,15.0,14.0,56.0,45.0,0.0,madhan@apache.org,0,0.0,0.0,0.0,0.0,0.0,0.0,0.0,0,3,0.0,true
agents-common/src/main/java/org/apache/ranger/plugin/util/RangerObjectFactory.java,11.0,4.0,3.0,3.0,0.0,6.0,0.0,alal@hortonworks.com,0,0.0,0.0,0.0,0.0,0.0,0.0,0.0,0,0,0.0,false
agents-common/src/main/java/org/apache/ranger/plugin/util/RangerRESTClient.java,267.0,35.0,138.0,20.0,65.0,56.0,0.0,madhan@apache.org,0,0.0,0.0,0.0,0.0,0.0,0.0,0.0,0,0,0.0,false
agents-common/src/main/java/org/apache/ranger/plugin/util/SearchFilter.java,134.0,5.0,151.0,23.0,17.0,41.0,0.0,madhan@apache.org,0,0.0,0.0,0.0,0.0,0.0,0.0,0.0,0,1,0.0,false
agents-common/src/test/java/org/apache/ranger/plugin/model/TestRangerPolicyResourceSignature.java,126.0,14.0,21.0,11.0,58.0,18.0,0.0,alal@hortonworks.com,0,0.0,0.0,0.0,0.0,0.0,0.0,0.0,0,1,0.0,false
agents-common/src/test/java/org/apache/ranger/plugin/model/validation/TestDirectedGraph.java,20.0,6.0,0.0,1.0,7.0,1.0,0.0,null,0,0.0,0.0,0.0,0.0,0.0,0.0,0.0,0,0,0.0,false
agents-common/src/test/java/org/apache/ranger/plugin/model/validation/TestRangerPolicyValidator.java,515.0,30.0,0.0,21.0,201.0,40.0,0.0,alal@hortonworks.com,0,0.0,0.0,0.0,0.0,0.0,0.0,0.0,0,0,0.0,false
agents-common/src/test/java/org/apache/ranger/plugin/model/validation/TestRangerServiceDefHelper.java,99.0,16.0,8.0,8.0,56.0,14.0,0.0,alal@hortonworks.com,0,0.0,0.0,0.0,0.0,0.0,0.0,0.0,0,0,0.0,false
agents-common/src/test/java/org/apache/ranger/plugin/model/validation/TestRangerServiceDefValidator.java,314.0,18.0,0.0,20.0,154.0,33.0,0.0,madhan@apache.org,0,0.0,0.0,0.0,0.0,0.0,0.0,0.0,0,1,0.0,false
agents-common/src/test/java/org/apache/ranger/plugin/model/validation/TestRangerServiceValidator.java,139.0,17.0,0.0,8.0,65.0,18.0,0.0,alal@hortonworks.com,0,0.0,0.0,0.0,0.0,0.0,0.0,0.0,0,0,0.0,false
agents-common/src/test/java/org/apache/ranger/plugin/model/validation/TestRangerValidator.java,379.0,31.0,0.0,22.0,190.0,43.0,0.0,alal@hortonworks.com,0,0.0,0.0,0.0,0.0,0.0,0.0,0.0,0,0,0.0,false
agents-common/src/test/java/org/apache/ranger/plugin/model/validation/ValidationTestUtils.java,360.0,21.0,325.0,26.0,131.0,86.0,0.0,madhan@apache.org,0,0.0,0.0,0.0,0.0,0.0,0.0,0.0,0,1,0.0,false
agents-common/src/test/java/org/apache/ranger/plugin/policyengine/TestPolicyDb.java,58.0,18.0,8.0,5.0,16.0,13.0,0.0,madhan@apache.org,0,0.0,0.0,0.0,0.0,0.0,0.0,0.0,0,0,0.0,false
agents-common/src/test/java/org/apache/ranger/plugin/policyengine/TestPolicyEngine.java,69.0,18.0,19.0,7.0,21.0,13.0,0.0,madhan@apache.org,0,0.0,0.0,0.0,0.0,0.0,0.0,0.0,0,0,0.0,false
agents-common/src/test/java/org/apache/ranger/plugin/resourcematcher/TestResourceMatcher.java,64.0,15.0,34.0,9.0,16.0,26.0,21.0,madhan@apache.org,1,0.043478260869565216,0.0,100.0,0.0,0.0,126.44444444444444,541.6485340133326,1,0,2.1972245773362196,false
embeddedwebserver/src/main/java/org/apache/ranger/server/tomcat/EmbeddedServer.java,228.0,17.0,30.0,9.0,78.0,36.0,0.0,sneethir@apache.org,0,0.0,0.0,0.0,0.0,0.0,0.0,0.0,0,1,0.0,true
embeddedwebserver/src/main/java/org/apache/ranger/server/tomcat/StopEmbeddedServer.java,24.0,2.0,3.0,3.0,8.0,4.0,0.0,gborad@gmail.com,0,0.0,0.0,0.0,0.0,0.0,0.0,0.0,0,0,0.0,false
hbase-agent/src/main/java/org/apache/ranger/authorization/hbase/AuthorizationSession.java,269.0,14.0,143.0,26.0,72.0,86.0,0.0,madhan@apache.org,0,0.0,0.0,0.0,0.0,0.0,0.0,0.0,0,1,0.0,false
hbase-agent/src/main/java/org/apache/ranger/authorization/hbase/HbaseAuditHandler.java,19.0,4.0,10.0,5.0,0.0,7.0,0.0,madhan@apache.org,0,0.0,0.0,0.0,0.0,0.0,0.0,0.0,0,0,0.0,false
hbase-agent/src/main/java/org/apache/ranger/authorization/hbase/HbaseAuditHandlerImpl.java,44.0,5.0,7.0,7.0,6.0,15.0,0.0,alal@hortonworks.com,0,0.0,0.0,0.0,0.0,0.0,0.0,0.0,0,1,0.0,false
hbase-agent/src/main/java/org/apache/ranger/authorization/hbase/HbaseAuthUtilsImpl.java,33.0,6.0,6.0,4.0,14.0,11.0,0.0,madhan@apache.org,0,0.0,0.0,0.0,0.0,0.0,0.0,0.0,0,1,0.0,false
hbase-agent/src/main/java/org/apache/ranger/authorization/hbase/HbaseFactory.java,25.0,1.0,15.0,6.0,1.0,10.0,0.0,madhan@apache.org,0,0.0,0.0,0.0,0.0,0.0,0.0,0.0,0,0,0.0,false
hbase-agent/src/main/java/org/apache/ranger/authorization/hbase/HbaseUserUtils.java,31.0,2.0,10.0,5.0,0.0,14.0,0.0,alal@hortonworks.com,0,0.0,0.0,0.0,0.0,0.0,0.0,0.0,0,0,0.0,false
hbase-agent/src/main/java/org/apache/ranger/authorization/hbase/HbaseUserUtilsImpl.java,82.0,11.0,9.0,6.0,22.0,27.0,0.0,enis@apache.org,0,0.0,0.0,0.0,0.0,0.0,0.0,0.0,0,0,0.0,false
hbase-agent/src/main/java/org/apache/ranger/authorization/hbase/RangerAuthorizationCoprocessor.java,922.0,91.0,3466.0,88.0,382.0,274.0,0.0,madhan@apache.org,0,0.0,0.0,0.0,0.0,0.0,0.0,0.0,0,4,0.0,false
hbase-agent/src/main/java/org/apache/ranger/authorization/hbase/RangerAuthorizationCoprocessorBase.java,167.0,31.0,3160.0,80.0,0.0,165.0,0.0,enis@apache.org,0,0.0,0.0,0.0,0.0,0.0,0.0,0.0,0,0,0.0,false
hbase-agent/src/main/java/org/apache/ranger/services/hbase/client/HBaseConnectionMgr.java,88.0,9.0,0.0,4.0,12.0,19.0,0.0,madhan@apache.org,0,0.0,0.0,0.0,0.0,0.0,0.0,0.0,0,1,0.0,false
hbase-agent/src/main/java/org/apache/ranger/services/hbase/client/HBaseResourceMgr.java,107.0,8.0,4.0,4.0,22.0,18.0,0.0,rmani@hortonworks.com,0,0.0,0.0,0.0,0.0,0.0,0.0,0.0,0,2,0.0,false
hdfs-agent/src/main/java/org/apache/ranger/authorization/hadoop/RangerHdfsAuthorizer.java,240.0,36.0,0.0,6.0,16.0,16.0,0.0,madhan@apache.org,0,0.0,0.0,0.0,0.0,0.0,0.0,0.0,0,1,0.0,true
hdfs-agent/src/main/java/org/apache/ranger/services/hdfs/client/HdfsConnectionMgr.java,61.0,9.0,4.0,4.0,7.0,14.0,0.0,rmani@hortonworks.com,0,0.0,0.0,0.0,0.0,0.0,0.0,0.0,0,1,0.0,false
hdfs-agent/src/main/java/org/apache/ranger/services/hdfs/client/HdfsResourceMgr.java,85.0,9.0,1.0,3.0,19.0,16.0,0.0,rmani@hortonworks.com,0,0.0,0.0,0.0,0.0,0.0,0.0,0.0,0,1,0.0,false
hive-agent/src/main/java/org/apache/ranger/authorization/hive/authorizer/RangerHiveAuditHandler.java,158.0,17.0,41.0,11.0,85.0,34.0,0.0,madhan@apache.org,0,0.0,0.0,0.0,0.0,0.0,0.0,0.0,0,1,0.0,false
hive-agent/src/main/java/org/apache/ranger/authorization/hive/authorizer/RangerHiveAuthorizer.java,719.0,37.0,71.0,19.0,178.0,93.0,0.0,madhan@apache.org,0,0.0,0.0,0.0,0.0,0.0,0.0,0.0,0,4,0.0,true
hive-agent/src/main/java/org/apache/ranger/services/hive/client/HiveClient.java,454.0,20.0,234.0,25.0,95.0,83.0,0.0,rmani@hortonworks.com,0,0.0,0.0,0.0,0.0,0.0,0.0,0.0,0,1,0.0,false
hive-agent/src/main/java/org/apache/ranger/services/hive/client/HiveConnectionMgr.java,54.0,7.0,1.0,3.0,9.0,11.0,0.0,madhan@apache.org,0,0.0,0.0,0.0,0.0,0.0,0.0,0.0,0,1,0.0,false
hive-agent/src/main/java/org/apache/ranger/services/hive/client/HiveResourceMgr.java,130.0,8.0,8.0,5.0,22.0,20.0,0.0,rmani@hortonworks.com,0,0.0,0.0,0.0,0.0,0.0,0.0,0.0,0,2,0.0,false
kms/src/main/java/org/apache/hadoop/crypto/key/JKS2RangerUtil.java,100.0,14.0,4.0,4.0,26.0,17.0,0.0,sneethir@apache.org,0,0.0,0.0,0.0,0.0,0.0,0.0,0.0,0,1,0.0,false
kms/src/main/java/org/apache/hadoop/crypto/key/RangerKMSDB.java,62.0,10.0,3.0,6.0,13.0,13.0,0.0,vel@apache.org,0,0.0,0.0,0.0,0.0,0.0,0.0,0.0,0,0,0.0,false
kms/src/main/java/org/apache/hadoop/crypto/key/RangerKeyStore.java,421.0,37.0,234.0,28.0,120.0,95.0,0.0,vel@apache.org,0,0.0,0.0,0.0,0.0,0.0,0.0,0.0,0,1,0.0,false
kms/src/main/java/org/apache/hadoop/crypto/key/RangerKeyStoreProvider.java,321.0,31.0,17.0,14.0,87.0,67.0,0.0,vel@apache.org,0,0.0,0.0,0.0,0.0,0.0,0.0,0.0,0,1,0.0,false
kms/src/main/java/org/apache/hadoop/crypto/key/RangerMasterKey.java,166.0,20.0,63.0,15.0,69.0,54.0,0.0,vel@apache.org,0,0.0,0.0,0.0,0.0,0.0,0.0,0.0,0,0,0.0,false
kms/src/main/java/org/apache/hadoop/crypto/key/kms/server/KMS.java,269.0,31.0,0.0,28.0,186.0,104.0,0.0,gborad@gmail.com,0,0.0,0.0,0.0,0.0,0.0,0.0,0.0,0,1,0.0,true
kms/src/main/java/org/apache/hadoop/crypto/key/kms/server/KMSACLs.java,155.0,18.0,44.0,12.0,54.0,36.0,0.0,gborad@gmail.com,0,0.0,0.0,0.0,0.0,0.0,0.0,0.0,0,0,0.0,false
kms/src/main/java/org/apache/hadoop/crypto/key/kms/server/KMSConfiguration.java,66.0,6.0,2.0,4.0,9.0,15.0,0.0,gborad@gmail.com,0,0.0,0.0,0.0,0.0,0.0,0.0,0.0,0,0,0.0,false
kms/src/main/java/org/apache/hadoop/crypto/key/kms/server/KMSWebApp.java,189.0,25.0,65.0,15.0,51.0,38.0,0.0,sneethir@apache.org,0,0.0,0.0,0.0,0.0,0.0,0.0,0.0,0,1,0.0,true
kms/src/main/java/org/apache/hadoop/crypto/key/kms/server/KeyAuthorizationKeyProvider.java,167.0,14.0,0.0,24.0,65.0,78.0,0.0,null,0,0.0,0.0,0.0,0.0,0.0,0.0,0.0,0,0,0.0,false
kms/src/main/java/org/apache/ranger/entity/XXRangerKeyStore.java,66.0,9.0,135.0,18.0,0.0,27.0,0.0,sneethir@apache.org,0,0.0,0.0,0.0,0.0,0.0,0.0,0.0,0,0,0.0,false
kms/src/main/java/org/apache/ranger/entity/XXRangerMasterKey.java,31.0,9.0,20.0,8.0,0.0,12.0,0.0,sneethir@apache.org,0,0.0,0.0,0.0,0.0,0.0,0.0,0.0,0,0,0.0,false
kms/src/test/java/org/apache/hadoop/crypto/key/kms/server/MiniKMS.java,158.0,23.0,5.0,6.0,44.0,23.0,0.0,gborad@gmail.com,0,0.0,0.0,0.0,0.0,0.0,0.0,0.0,0,0,0.0,false
knox-agent/src/main/java/org/apache/ranger/authorization/knox/KnoxRangerPlugin.java,71.0,9.0,1.0,2.0,0.0,3.0,0.0,madhan@apache.org,0,0.0,0.0,0.0,0.0,0.0,0.0,0.0,0,0,0.0,false
knox-agent/src/main/java/org/apache/ranger/services/knox/client/KnoxResourceMgr.java,73.0,5.0,0.0,2.0,16.0,13.0,0.0,rmani@hortonworks.com,0,0.0,0.0,0.0,0.0,0.0,0.0,0.0,0,3,0.0,false
plugin-kafka/src/main/java/org/apache/ranger/authorization/kafka/authorizer/RangerKafkaAuthorizer.java,120.0,19.0,9.0,10.0,26.0,28.0,8.0,bosco@apache.org,0,0.0,25.0,0.0,0.0,0.0,0.0,0.0,0,1,1.0986122886681098,false
plugin-kafka/src/main/java/org/apache/ranger/services/kafka/client/ServiceKafkaClient.java,126.0,15.0,0.0,6.0,34.0,29.0,0.0,sneethir@apache.org,0,0.0,0.0,0.0,0.0,0.0,0.0,0.0,0,0,0.0,false
plugin-kms/src/main/java/org/apache/ranger/authorization/kms/authorizer/RangerKmsAuthorizer.java,194.0,29.0,33.0,14.0,53.0,42.0,0.0,gborad@gmail.com,0,0.0,0.0,0.0,0.0,0.0,0.0,0.0,0,2,0.0,false
plugin-kms/src/main/java/org/apache/ranger/services/kms/client/KMSClient.java,180.0,14.0,0.0,5.0,42.0,26.0,2.0,gborad@gmail.com,1,0.0,0.0,0.0,50.0,0.0,36.0,2.612793297469794,1,1,2.1972245773362196,false
plugin-kms/src/main/java/org/apache/ranger/services/kms/client/KMSResourceMgr.java,53.0,5.0,1.0,3.0,12.0,12.0,0.0,rmani@hortonworks.com,0,0.0,0.0,0.0,0.0,0.0,0.0,0.0,0,1,0.0,false
plugin-solr/src/main/java/org/apache/ranger/authorization/solr/authorizer/RangerSolrAuthorizer.java,196.0,23.0,0.0,9.0,55.0,31.0,8.0,bosco@apache.org,0,0.0,33.0,0.0,0.0,0.0,0.0,0.0,0,0,1.0986122886681098,false
plugin-solr/src/main/java/org/apache/ranger/services/solr/RangerServiceSolr.java,33.0,10.0,6.0,4.0,7.0,10.0,0.0,bosco@apache.org,0,0.0,0.0,0.0,0.0,0.0,0.0,0.0,0,0,0.0,false
plugin-solr/src/main/java/org/apache/ranger/services/solr/client/ServiceSolrClient.java,130.0,22.0,0.0,8.0,37.0,37.0,0.0,bosco@apache.org,0,0.0,0.0,0.0,0.0,0.0,0.0,0.0,0,0,0.0,false
plugin-solr/src/main/java/org/apache/ranger/services/solr/client/ServiceSolrConnectionMgr.java,22.0,5.0,1.0,2.0,3.0,8.0,0.0,bosco@apache.org,0,0.0,0.0,0.0,0.0,0.0,0.0,0.0,0,0,0.0,false
plugin-yarn/src/main/java/org/apache/ranger/authorization/yarn/authorizer/RangerYarnAuthorizer.java,140.0,23.0,1.0,7.0,42.0,28.0,0.0,madhan@apache.org,0,0.0,0.0,0.0,0.0,0.0,0.0,0.0,0,0,0.0,false
plugin-yarn/src/main/java/org/apache/ranger/services/yarn/client/YarnResourceMgr.java,56.0,5.0,1.0,3.0,13.0,13.0,0.0,rmani@hortonworks.com,0,0.0,0.0,0.0,0.0,0.0,0.0,0.0,0,1,0.0,false
security-admin/src/main/java/org/apache/ranger/biz/AssetMgr.java,566.0,48.0,50.0,13.0,155.0,63.0,0.0,null,0,0.0,0.0,0.0,0.0,0.0,0.0,0.0,0,3,0.0,false
security-admin/src/main/java/org/apache/ranger/biz/AssetMgrBase.java,56.0,12.0,4.0,12.0,14.0,30.0,0.0,alal@hortonworks.com,0,0.0,0.0,0.0,0.0,0.0,0.0,0.0,0,0,0.0,false
security-admin/src/main/java/org/apache/ranger/biz/KmsKeyMgr.java,234.0,31.0,36.0,13.0,122.0,47.0,2.0,vel@apache.org,1,0.0,0.0,0.0,33.0,0.0,36.0,2.612793297469794,1,1,2.1972245773362196,true
security-admin/src/main/java/org/apache/ranger/biz/RangerBizUtil.java,1001.0,40.0,987.0,50.0,210.0,186.0,0.0,bosco@apache.org,0,0.0,0.0,0.0,0.0,0.0,0.0,0.0,0,0,0.0,false
security-admin/src/main/java/org/apache/ranger/biz/ServiceDBStore.java,1425.0,104.0,0.0,48.0,600.0,188.0,0.0,madhan@apache.org,0,0.0,0.0,0.0,0.0,0.0,0.0,0.0,0,7,0.0,false
security-admin/src/main/java/org/apache/ranger/biz/ServiceMgr.java,348.0,26.0,0.0,12.0,89.0,55.0,0.0,rmani@hortonworks.com,0,0.0,0.0,0.0,0.0,0.0,0.0,0.0,0,3,0.0,false
security-admin/src/main/java/org/apache/ranger/biz/UserMgr.java,818.0,44.0,27.0,35.0,366.0,139.0,0.0,gborad@gmail.com,0,0.0,0.0,0.0,0.0,0.0,0.0,0.0,0,3,0.0,false
security-admin/src/main/java/org/apache/ranger/biz/XUserMgr.java,623.0,48.0,365.0,38.0,311.0,140.0,0.0,gborad@gmail.com,0,0.0,0.0,0.0,0.0,0.0,0.0,0.0,0,2,0.0,false
security-admin/src/main/java/org/apache/ranger/common/AppConstants.java,1020.0,0.0,118.0,16.0,5.0,51.0,0.0,gborad@gmail.com,0,0.0,0.0,0.0,0.0,0.0,0.0,0.0,0,0,0.0,false
security-admin/src/main/java/org/apache/ranger/common/GUIDUtil.java,11.0,5.0,0.0,2.0,3.0,4.0,0.0,alal@hortonworks.com,0,0.0,0.0,0.0,0.0,0.0,0.0,0.0,0,0,0.0,false
security-admin/src/main/java/org/apache/ranger/common/MapUtil.java,23.0,5.0,0.0,2.0,5.0,5.0,0.0,vel@apache.org,0,0.0,0.0,0.0,0.0,0.0,0.0,0.0,0,0,0.0,false
security-admin/src/main/java/org/apache/ranger/common/PropertiesUtil.java,168.0,11.0,0.0,8.0,23.0,27.0,9.0,gborad@gmail.com,1,0.043478260869565216,0.0,20.0,0.0,0.0,0.0,0.0,1,0,1.0986122886681098,false
security-admin/src/main/java/org/apache/ranger/common/RESTErrorUtil.java,231.0,12.0,69.0,19.0,85.0,76.0,0.0,vel@apache.org,0,0.0,0.0,0.0,0.0,0.0,0.0,0.0,0,0,0.0,false
security-admin/src/main/java/org/apache/ranger/common/RangerConfigUtil.java,46.0,2.0,2.0,5.0,7.0,10.0,0.0,gborad@gmail.com,0,0.0,0.0,0.0,0.0,0.0,0.0,0.0,0,0,0.0,false
security-admin/src/main/java/org/apache/ranger/common/RangerConstants.java,89.0,0.0,0.0,1.0,0.0,1.0,0.0,gborad@gmail.com,0,0.0,0.0,0.0,0.0,0.0,0.0,0.0,0,0,0.0,false
security-admin/src/main/java/org/apache/ranger/common/RangerFactory.java,5.0,4.0,0.0,1.0,0.0,2.0,0.0,alal@hortonworks.com,0,0.0,0.0,0.0,0.0,0.0,0.0,0.0,0,0,0.0,false
security-admin/src/main/java/org/apache/ranger/common/RangerProperties.java,83.0,13.0,4.0,4.0,28.0,17.0,0.0,sneethir@apache.org,0,0.0,0.0,0.0,0.0,0.0,0.0,0.0,0,0,0.0,false
security-admin/src/main/java/org/apache/ranger/common/RangerSearchUtil.java,299.0,14.0,53.0,11.0,92.0,41.0,0.0,null,0,0.0,0.0,0.0,0.0,0.0,0.0,0.0,0,5,0.0,true
security-admin/src/main/java/org/apache/ranger/common/RangerValidatorFactory.java,11.0,6.0,3.0,3.0,0.0,6.0,0.0,alal@hortonworks.com,0,0.0,0.0,0.0,0.0,0.0,0.0,0.0,0,0,0.0,false
security-admin/src/main/java/org/apache/ranger/common/SearchUtil.java,501.0,11.0,101.0,22.0,149.0,88.0,0.0,gborad@gmail.com,0,0.0,0.0,0.0,0.0,0.0,0.0,0.0,0,1,0.0,false
security-admin/src/main/java/org/apache/ranger/common/ServiceUtil.java,1043.0,38.0,718.0,40.0,487.0,160.0,0.0,madhan@apache.org,0,0.0,0.0,0.0,0.0,0.0,0.0,0.0,0,1,0.0,true
security-admin/src/main/java/org/apache/ranger/common/TimedExecutor.java,86.0,19.0,4.0,5.0,21.0,11.0,0.0,alal@hortonworks.com,0,0.0,0.0,0.0,0.0,0.0,0.0,0.0,0,0,0.0,false
security-admin/src/main/java/org/apache/ranger/common/TimedExecutorConfigurator.java,53.0,4.0,18.0,8.0,1.0,15.0,0.0,alal@hortonworks.com,0,0.0,0.0,0.0,0.0,0.0,0.0,0.0,0,0,0.0,false
security-admin/src/main/java/org/apache/ranger/common/UserSessionBase.java,66.0,5.0,75.0,15.0,5.0,28.0,0.0,gborad@gmail.com,0,0.0,0.0,0.0,0.0,0.0,0.0,0.0,0,0,0.0,false
security-admin/src/main/java/org/apache/ranger/common/XMLPropertiesUtil.java,35.0,19.0,1.0,2.0,16.0,6.0,0.0,gborad@gmail.com,0,0.0,0.0,0.0,0.0,0.0,0.0,0.0,0,0,0.0,false
security-admin/src/main/java/org/apache/ranger/db/XXAccessTypeDefGrantsDao.java,39.0,5.0,6.0,4.0,12.0,13.0,0.0,gborad@gmail.com,0,0.0,0.0,0.0,0.0,0.0,0.0,0.0,0,0,0.0,false
security-admin/src/main/java/org/apache/ranger/db/XXPolicyDao.java,74.0,5.0,21.0,7.0,23.0,24.0,0.0,gborad@gmail.com,0,0.0,0.0,0.0,0.0,0.0,0.0,0.0,0,0,0.0,false
security-admin/src/main/java/org/apache/ranger/db/XXPolicyItemAccessDao.java,27.0,5.0,3.0,3.0,8.0,9.0,0.0,gborad@gmail.com,0,0.0,0.0,0.0,0.0,0.0,0.0,0.0,0,0,0.0,false
security-admin/src/main/java/org/apache/ranger/db/XXPolicyItemConditionDao.java,38.0,5.0,6.0,4.0,12.0,13.0,0.0,gborad@gmail.com,0,0.0,0.0,0.0,0.0,0.0,0.0,0.0,0,0,0.0,false
security-admin/src/main/java/org/apache/ranger/db/XXPolicyResourceDao.java,38.0,5.0,6.0,4.0,12.0,13.0,0.0,gborad@gmail.com,0,0.0,0.0,0.0,0.0,0.0,0.0,0.0,0,0,0.0,false
security-admin/src/main/java/org/apache/ranger/db/XXResourceDefDao.java,61.0,5.0,15.0,6.0,20.0,21.0,0.0,gborad@gmail.com,0,0.0,0.0,0.0,0.0,0.0,0.0,0.0,0,0,0.0,false
security-admin/src/main/java/org/apache/ranger/db/XXServiceDao.java,40.0,5.0,6.0,4.0,11.0,12.0,0.0,gborad@gmail.com,0,0.0,0.0,0.0,0.0,0.0,0.0,0.0,0,0,0.0,false
security-admin/src/main/java/org/apache/ranger/entity/XXAccessAudit.java,462.0,14.0,962.0,49.0,2.0,99.0,0.0,gborad@gmail.com,0,0.0,0.0,0.0,0.0,0.0,0.0,0.0,0,0,0.0,false
security-admin/src/main/java/org/apache/ranger/entity/XXAccessTypeDef.java,204.0,2.0,48.0,16.0,2.0,34.0,0.0,madhan@apache.org,0,0.0,0.0,0.0,0.0,0.0,0.0,0.0,0,1,0.0,false
security-admin/src/main/java/org/apache/ranger/entity/XXAccessTypeDefGrants.java,100.0,2.0,0.0,8.0,2.0,18.0,0.0,gborad@gmail.com,0,0.0,0.0,0.0,0.0,0.0,0.0,0.0,0,0,0.0,false
security-admin/src/main/java/org/apache/ranger/entity/XXContextEnricherDef.java,204.0,2.0,52.0,16.0,2.0,34.0,0.0,madhan@apache.org,0,0.0,0.0,0.0,0.0,0.0,0.0,0.0,0,1,0.0,false
security-admin/src/main/java/org/apache/ranger/entity/XXEnumDef.java,152.0,2.0,14.0,12.0,2.0,26.0,0.0,madhan@apache.org,0,0.0,0.0,0.0,0.0,0.0,0.0,0.0,0,1,0.0,false
security-admin/src/main/java/org/apache/ranger/entity/XXEnumElementDef.java,196.0,2.0,52.0,16.0,2.0,34.0,0.0,madhan@apache.org,0,0.0,0.0,0.0,0.0,0.0,0.0,0.0,0,1,0.0,false
security-admin/src/main/java/org/apache/ranger/entity/XXPolicyConditionDef.java,375.0,2.0,344.0,32.0,2.0,62.0,0.0,madhan@apache.org,0,0.0,0.0,0.0,0.0,0.0,0.0,0.0,0,1,0.0,false
security-admin/src/main/java/org/apache/ranger/entity/XXResourceDef.java,534.0,2.0,813.0,46.0,2.0,90.0,0.0,madhan@apache.org,0,0.0,0.0,0.0,0.0,0.0,0.0,0.0,0,1,0.0,false
security-admin/src/main/java/org/apache/ranger/entity/XXServiceConfigDef.java,422.0,2.0,458.0,36.0,2.0,70.0,0.0,madhan@apache.org,0,0.0,0.0,0.0,0.0,0.0,0.0,0.0,0,1,0.0,false
security-admin/src/main/java/org/apache/ranger/rest/AssetREST.java,335.0,59.0,0.0,27.0,135.0,83.0,0.0,null,0,0.0,0.0,0.0,0.0,0.0,0.0,0.0,0,2,0.0,false
security-admin/src/main/java/org/apache/ranger/rest/PublicAPIs.java,185.0,23.0,0.0,12.0,78.0,38.0,0.0,null,0,0.0,0.0,0.0,0.0,0.0,0.0,0.0,0,3,0.0,false
security-admin/src/main/java/org/apache/ranger/rest/PublicAPIsv2.java,151.0,19.0,0.0,24.0,81.0,61.0,0.0,gborad@gmail.com,0,0.0,0.0,0.0,0.0,0.0,0.0,0.0,0,1,0.0,false
security-admin/src/main/java/org/apache/ranger/rest/ServiceREST.java,975.0,70.0,0.0,46.0,382.0,212.0,0.0,madhan@apache.org,0,0.0,0.0,0.0,0.0,0.0,0.0,0.0,0,5,0.0,true
security-admin/src/main/java/org/apache/ranger/rest/UserREST.java,151.0,37.0,0.0,11.0,59.0,39.0,0.0,gborad@gmail.com,0,0.0,0.0,0.0,0.0,0.0,0.0,0.0,0,1,0.0,false
security-admin/src/main/java/org/apache/ranger/rest/XKeyREST.java,128.0,26.0,0.0,6.0,35.0,30.0,0.0,gborad@gmail.com,0,0.0,0.0,0.0,0.0,0.0,0.0,0.0,0,0,0.0,true
security-admin/src/main/java/org/apache/ranger/rest/XUserREST.java,329.0,59.0,0.0,73.0,108.0,152.0,0.0,gborad@gmail.com,0,0.0,0.0,0.0,0.0,0.0,0.0,0.0,0,1,0.0,false
security-admin/src/main/java/org/apache/ranger/security/handler/RangerAuthenticationProvider.java,363.0,39.0,46.0,13.0,106.0,53.0,0.0,gborad@gmail.com,0,0.0,0.0,0.0,0.0,0.0,0.0,0.0,0,0,0.0,true
security-admin/src/main/java/org/apache/ranger/security/web/authentication/RangerAuthFailureHandler.java,53.0,11.0,1.0,2.0,17.0,9.0,0.0,gborad@gmail.com,0,0.0,0.0,0.0,0.0,0.0,0.0,0.0,0,1,0.0,false
security-admin/src/main/java/org/apache/ranger/security/web/authentication/RangerAuthSuccessHandler.java,71.0,14.0,1.0,2.0,22.0,10.0,0.0,gborad@gmail.com,0,0.0,0.0,0.0,0.0,0.0,0.0,0.0,0,0,0.0,false
security-admin/src/main/java/org/apache/ranger/security/web/authentication/RangerAuthenticationEntryPoint.java,61.0,14.0,0.0,2.0,29.0,9.0,0.0,gborad@gmail.com,0,0.0,0.0,0.0,0.0,0.0,0.0,0.0,0,1,0.0,false
security-admin/src/main/java/org/apache/ranger/security/web/filter/RangerSecurityContextFormationFilter.java,55.0,24.0,0.0,2.0,26.0,6.0,0.0,gborad@gmail.com,0,0.0,0.0,0.0,0.0,0.0,0.0,0.0,0,1,0.0,false
security-admin/src/main/java/org/apache/ranger/service/RangerBaseModelService.java,289.0,27.0,194.0,25.0,117.0,68.0,0.0,gborad@gmail.com,0,0.0,0.0,0.0,0.0,0.0,0.0,0.0,0,2,0.0,false
security-admin/src/main/java/org/apache/ranger/service/RangerPolicyServiceBase.java,126.0,33.0,21.0,7.0,94.0,21.0,0.0,gborad@gmail.com,0,0.0,0.0,0.0,0.0,0.0,0.0,0.0,0,0,0.0,false
security-admin/src/main/java/org/apache/ranger/service/RangerServiceDefService.java,108.0,26.0,21.0,7.0,37.0,19.0,0.0,gborad@gmail.com,0,0.0,0.0,0.0,0.0,0.0,0.0,0.0,0,1,0.0,false
security-admin/src/main/java/org/apache/ranger/service/RangerServiceDefServiceBase.java,306.0,31.0,113.0,19.0,346.0,60.0,0.0,madhan@apache.org,0,0.0,0.0,0.0,0.0,0.0,0.0,0.0,0,2,0.0,false
security-admin/src/main/java/org/apache/ranger/service/RangerServiceService.java,201.0,23.0,62.0,12.0,71.0,38.0,0.0,gborad@gmail.com,0,0.0,0.0,0.0,0.0,0.0,0.0,0.0,0,2,0.0,false
security-admin/src/main/java/org/apache/ranger/service/RangerServiceServiceBase.java,53.0,17.0,6.0,4.0,45.0,10.0,0.0,gborad@gmail.com,0,0.0,0.0,0.0,0.0,0.0,0.0,0.0,0,0,0.0,false
security-admin/src/main/java/org/apache/ranger/service/XAccessAuditService.java,109.0,18.0,19.0,7.0,91.0,16.0,0.0,gborad@gmail.com,0,0.0,0.0,0.0,0.0,0.0,0.0,0.0,0,1,0.0,false
security-admin/src/main/java/org/apache/ranger/service/XAccessAuditServiceBase.java,68.0,6.0,6.0,4.0,88.0,10.0,0.0,gborad@gmail.com,0,0.0,0.0,0.0,0.0,0.0,0.0,0.0,0,0,0.0,false
security-admin/src/main/java/org/apache/ranger/service/XAgentService.java,73.0,10.0,13.0,6.0,14.0,22.0,0.0,gborad@gmail.com,0,0.0,0.0,0.0,0.0,0.0,0.0,0.0,0,0,0.0,false
security-admin/src/main/java/org/apache/ranger/service/XAssetService.java,279.0,27.0,40.0,12.0,104.0,51.0,0.0,gborad@gmail.com,0,0.0,0.0,0.0,0.0,0.0,0.0,0.0,0,1,0.0,false
security-admin/src/main/java/org/apache/ranger/service/XGroupService.java,168.0,23.0,47.0,11.0,58.0,34.0,0.0,gborad@gmail.com,0,0.0,0.0,0.0,0.0,0.0,0.0,0.0,0,1,0.0,false
security-admin/src/main/java/org/apache/ranger/service/XGroupUserService.java,105.0,21.0,17.0,7.0,52.0,18.0,0.0,gborad@gmail.com,0,0.0,0.0,0.0,0.0,0.0,0.0,0.0,0,0,0.0,false
security-admin/src/main/java/org/apache/ranger/service/XPolicyExportAuditServiceBase.java,41.0,7.0,6.0,4.0,34.0,8.0,0.0,vel@apache.org,0,0.0,0.0,0.0,0.0,0.0,0.0,0.0,0,0,0.0,false
security-admin/src/main/java/org/apache/ranger/service/XResourceService.java,739.0,40.0,179.0,23.0,248.0,106.0,0.0,akulkarni@hortonworks.com,0,0.0,0.0,0.0,0.0,0.0,0.0,0.0,0,1,0.0,false
security-admin/src/main/java/org/apache/ranger/service/XUserService.java,246.0,27.0,40.0,12.0,96.0,40.0,0.0,gborad@gmail.com,0,0.0,0.0,0.0,0.0,0.0,0.0,0.0,0,1,0.0,false
security-admin/src/main/java/org/apache/ranger/solr/SolrAccessAuditsService.java,161.0,22.0,2.0,4.0,47.0,13.0,0.0,gborad@gmail.com,0,0.0,0.0,0.0,0.0,0.0,0.0,0.0,0,0,0.0,false
security-admin/src/main/java/org/apache/ranger/solr/SolrMgr.java,61.0,9.0,1.0,3.0,10.0,9.0,1.0,gborad@gmail.com,1,0.0,0.0,0.0,0.0,0.0,0.0,0.0,1,0,1.0986122886681098,false
security-admin/src/main/java/org/apache/ranger/view/VXAccessAudit.java,388.0,11.0,858.0,45.0,0.0,88.0,0.0,gborad@gmail.com,0,0.0,0.0,0.0,0.0,0.0,0.0,0.0,0,0,0.0,false
security-admin/src/main/java/org/apache/ranger/view/VXKmsKey.java,174.0,7.0,156.0,21.0,1.0,33.0,0.0,null,0,0.0,0.0,0.0,0.0,0.0,0.0,0.0,0,0,0.0,false
security-admin/src/main/java/org/apache/ranger/view/VXKmsKeyList.java,32.0,9.0,0.0,6.0,1.0,10.0,0.0,null,0,0.0,0.0,0.0,0.0,0.0,0.0,0.0,0,0,0.0,false
security-admin/src/main/java/org/apache/ranger/view/VXPolicyExportAudit.java,162.0,8.0,123.0,19.0,0.0,37.0,0.0,vel@apache.org,0,0.0,0.0,0.0,0.0,0.0,0.0,0.0,0,0,0.0,false
security-admin/src/main/java/org/apache/ranger/view/VXResource.java,508.0,8.0,1311.0,55.0,0.0,109.0,0.0,alal@hortonworks.com,0,0.0,0.0,0.0,0.0,0.0,0.0,0.0,0,0,0.0,false
security-admin/src/test/java/org/apache/ranger/audit/TestAuditQueue.java,447.0,24.0,0.0,15.0,156.0,41.0,0.0,null,0,0.0,0.0,0.0,0.0,0.0,0.0,0.0,0,0,0.0,false
security-admin/src/test/java/org/apache/ranger/audit/TestConsumer.java,89.0,10.0,92.0,16.0,10.0,33.0,0.0,null,0,0.0,0.0,0.0,0.0,0.0,0.0,0.0,0,0,0.0,false
security-admin/src/test/java/org/apache/ranger/biz/TestServiceDBStore.java,1157.0,95.0,0.0,33.0,657.0,89.0,0.0,gborad@gmail.com,0,0.0,0.0,0.0,0.0,0.0,0.0,0.0,0,1,0.0,false
security-admin/src/test/java/org/apache/ranger/biz/TestUserMgr.java,511.0,48.0,0.0,20.0,403.0,42.0,0.0,gborad@gmail.com,0,0.0,0.0,0.0,0.0,0.0,0.0,0.0,0,1,0.0,false
security-admin/src/test/java/org/apache/ranger/biz/TestXUserMgr.java,648.0,59.0,0.0,38.0,488.0,75.0,0.0,gborad@gmail.com,0,0.0,0.0,0.0,0.0,0.0,0.0,0.0,0,2,0.0,false
security-admin/src/test/java/org/apache/ranger/common/TestDateUtil.java,43.0,6.0,4.0,5.0,21.0,6.0,0.0,madhan@apache.org,0,0.0,0.0,0.0,0.0,0.0,0.0,0.0,0,0,0.0,false
security-admin/src/test/java/org/apache/ranger/common/TestTimedExecutor.java,102.0,18.0,6.0,4.0,17.0,10.0,0.0,alal@hortonworks.com,0,0.0,0.0,0.0,0.0,0.0,0.0,0.0,0,0,0.0,false
security-admin/src/test/java/org/apache/ranger/rest/TestServiceREST.java,489.0,68.0,0.0,35.0,363.0,95.0,0.0,gborad@gmail.com,0,0.0,0.0,0.0,0.0,0.0,0.0,0.0,0,0,0.0,false
security-admin/src/test/java/org/apache/ranger/rest/TestServiceRESTForValidation.java,361.0,25.0,0.0,14.0,121.0,50.0,0.0,alal@hortonworks.com,0,0.0,0.0,0.0,0.0,0.0,0.0,0.0,0,0,0.0,false
security-admin/src/test/java/org/apache/ranger/service/PasswordComparisonAuthenticator.java,52.0,15.0,2.0,4.0,22.0,11.0,0.0,gborad@gmail.com,0,0.0,0.0,0.0,0.0,0.0,0.0,0.0,0,0,0.0,false
security-admin/src/test/java/org/apache/ranger/service/TestRangerServiceDefServiceBase.java,473.0,50.0,0.0,24.0,356.0,34.0,0.0,gborad@gmail.com,0,0.0,0.0,0.0,0.0,0.0,0.0,0.0,0,1,0.0,false
storm-agent/src/main/java/org/apache/ranger/authorization/storm/StormRangerPlugin.java,44.0,12.0,1.0,3.0,13.0,7.0,0.0,madhan@apache.org,0,0.0,0.0,0.0,0.0,0.0,0.0,0.0,0,0,0.0,false
storm-agent/src/main/java/org/apache/ranger/services/storm/client/StormResourceMgr.java,58.0,6.0,0.0,3.0,14.0,13.0,0.0,rmani@hortonworks.com,0,0.0,0.0,0.0,0.0,0.0,0.0,0.0,0,2,0.0,false
ugsync/src/main/java/org/apache/ranger/ldapusersync/process/LdapUserGroupBuilder.java,325.0,22.0,12.0,8.0,71.0,28.0,0.0,darumugam@hortonworks.com,0,0.0,0.0,0.0,0.0,0.0,0.0,0.0,0,1,0.0,false
ugsync/src/main/java/org/apache/ranger/ldapusersync/process/PolicyMgrUserGroupBuilder.java,441.0,39.0,80.0,24.0,203.0,73.0,0.0,vel@apache.org,0,0.0,0.0,0.0,0.0,0.0,0.0,0.0,0,1,0.0,false
ugsync/src/main/java/org/apache/ranger/unixusersync/config/UserGroupSyncConfig.java,512.0,18.0,0.0,50.0,160.0,160.0,0.0,null,0,0.0,0.0,0.0,0.0,0.0,0.0,0.0,0,1,0.0,false
ugsync/src/main/java/org/apache/ranger/unixusersync/poc/ListUserTest.java,22.0,2.0,0.0,1.0,8.0,5.0,0.0,darumugam@hortonworks.com,0,0.0,0.0,0.0,0.0,0.0,0.0,0.0,0,1,0.0,false
ugsync/src/main/java/org/apache/ranger/unixusersync/process/PolicyMgrUserGroupBuilder.java,490.0,41.0,194.0,28.0,223.0,83.0,0.0,rmani@hortonworks.com,0,0.0,0.0,0.0,0.0,0.0,0.0,0.0,0,2,0.0,false
unixauthclient/src/main/java/org/apache/ranger/authentication/unix/jaas/RemoteUnixLoginModule.java,303.0,36.0,75.0,15.0,57.0,55.0,0.0,gborad@gmail.com,0,0.0,0.0,0.0,0.0,0.0,0.0,0.0,0,0,0.0,false
unixauthservice/src/main/java/org/apache/ranger/authentication/UnixAuthenticationService.java,230.0,31.0,13.0,7.0,66.0,28.0,0.0,gborad@gmail.com,0,0.0,0.0,0.0,0.0,0.0,0.0,0.0,0,0,0.0,false
