name,LOC,CBO,LCOM,NOM,RFC,WMC,ACS,Ownership,numOfChanges,numberOfFIChanges,ENH,NF,BugFixing,REF,structuralWorkloadSum,semanticWorkloadSum,numberOfDeveloper,pastFaults,MAF,isBuggy
charts/src/org/apache/pivot/charts/AreaChartView.java,8.0,0.0,0.0,1.0,1.0,1.0,0.0,joes@13f79535-47bb-0310-9956-ffa450edef68,0,0.0,0.0,0.0,0.0,0.0,0.0,0.0,0,1,0.0,false
charts/src/org/apache/pivot/charts/BarChartView.java,8.0,0.0,0.0,1.0,1.0,1.0,0.0,joes@13f79535-47bb-0310-9956-ffa450edef68,0,0.0,0.0,0.0,0.0,0.0,0.0,0.0,0,1,0.0,false
charts/src/org/apache/pivot/charts/ChartView.java,380.0,9.0,120.0,20.0,18.0,41.0,0.0,smartini@13f79535-47bb-0310-9956-ffa450edef68,0,0.0,0.0,0.0,0.0,0.0,0.0,0.0,0,2,0.0,false
charts/src/org/apache/pivot/charts/HighLowChartView.java,8.0,0.0,0.0,1.0,1.0,1.0,0.0,joes@13f79535-47bb-0310-9956-ffa450edef68,0,0.0,0.0,0.0,0.0,0.0,0.0,0.0,0,1,0.0,false
charts/src/org/apache/pivot/charts/LineChartView.java,8.0,0.0,0.0,1.0,1.0,1.0,0.0,joes@13f79535-47bb-0310-9956-ffa450edef68,0,0.0,0.0,0.0,0.0,0.0,0.0,0.0,0,1,0.0,false
charts/src/org/apache/pivot/charts/PieChartView.java,8.0,0.0,0.0,1.0,1.0,1.0,0.0,joes@13f79535-47bb-0310-9956-ffa450edef68,0,0.0,0.0,0.0,0.0,0.0,0.0,0.0,0,1,0.0,false
charts/src/org/apache/pivot/charts/Provider.java,6.0,1.0,0.0,1.0,0.0,1.0,0.0,joes@13f79535-47bb-0310-9956-ffa450edef68,0,0.0,0.0,0.0,0.0,0.0,0.0,0.0,0,1,0.0,false
core/src/org/apache/pivot/beans/BXMLSerializer.java,1074.0,44.0,661.0,46.0,160.0,149.0,1.0,gbrown@13f79535-47bb-0310-9956-ffa450edef68,1,0.009259259259259259,2.0,0.0,0.0,2.0,952.4742268041236,19626.844685048036,1,6,0.11778303565638351,false
core/src/org/apache/pivot/beans/BeanAdapter.java,622.0,13.0,235.0,27.0,97.0,104.0,4.0,gbrown@13f79535-47bb-0310-9956-ffa450edef68,1,0.009259259259259259,4.0,0.0,0.0,0.0,952.4742268041236,19626.844685048036,1,3,0.11778303565638351,false
core/src/org/apache/pivot/beans/NamespaceBinding.java,190.0,5.0,32.0,17.0,24.0,47.0,0.0,gbrown@13f79535-47bb-0310-9956-ffa450edef68,0,0.0,0.0,0.0,0.0,0.0,0.0,0.0,0,1,0.0,false
core/src/org/apache/pivot/collections/HashMap.java,320.0,8.0,153.0,23.0,65.0,72.0,0.0,gbrown@13f79535-47bb-0310-9956-ffa450edef68,0,0.0,0.0,0.0,0.0,0.0,0.0,0.0,0,1,0.0,false
core/src/org/apache/pivot/collections/HashSet.java,152.0,5.0,56.0,17.0,27.0,42.0,0.0,gbrown@13f79535-47bb-0310-9956-ffa450edef68,0,0.0,0.0,0.0,0.0,0.0,0.0,0.0,0,0,0.0,false
core/src/org/apache/pivot/json/JSON.java,264.0,4.0,66.0,12.0,44.0,43.0,0.0,gbrown@13f79535-47bb-0310-9956-ffa450edef68,0,0.0,0.0,0.0,0.0,0.0,0.0,0.0,0,4,0.0,true
core/src/org/apache/pivot/json/JSONSerializer.java,817.0,27.0,463.0,38.0,105.0,141.0,5.0,gbrown@13f79535-47bb-0310-9956-ffa450edef68,1,0.009259259259259259,19.0,3.0,10.0,0.0,952.4742268041236,19626.844685048036,1,3,0.11778303565638351,true
core/src/org/apache/pivot/serialization/ByteArraySerializer.java,54.0,6.0,3.0,3.0,6.0,12.0,4.0,joes@13f79535-47bb-0310-9956-ffa450edef68,1,0.009259259259259259,25.0,25.0,0.0,0.0,49.0,23.30433693302728,1,0,2.4203681286504293,false
core/src/org/apache/pivot/serialization/CSVSerializer.java,354.0,23.0,110.0,21.0,36.0,64.0,16.0,gbrown@13f79535-47bb-0310-9956-ffa450edef68,1,0.009259259259259259,5.0,5.0,5.0,0.0,952.4742268041236,19626.844685048036,1,4,0.11778303565638351,false
core/src/org/apache/pivot/serialization/StringSerializer.java,72.0,7.0,9.0,6.0,8.0,19.0,7.0,smartini@13f79535-47bb-0310-9956-ffa450edef68,3,0.027777777777777776,67.0,33.0,0.0,0.0,1050.4742268041236,19685.732602900724,3,0,1.1515746748419728,false
core/src/org/apache/pivot/sql/ResultList.java,186.0,14.0,200.0,21.0,1.0,44.0,0.0,gbrown@13f79535-47bb-0310-9956-ffa450edef68,0,0.0,0.0,0.0,0.0,0.0,0.0,0.0,0,3,0.0,false
core/src/org/apache/pivot/text/CharSequenceCharacterIterator.java,73.0,1.0,0.0,14.0,9.0,28.0,0.0,gbrown@13f79535-47bb-0310-9956-ffa450edef68,0,0.0,0.0,0.0,0.0,0.0,0.0,0.0,0,0,0.0,false
core/src/org/apache/pivot/util/CalendarDate.java,280.0,9.0,24.0,12.0,17.0,40.0,0.0,gbrown@13f79535-47bb-0310-9956-ffa450edef68,0,0.0,0.0,0.0,0.0,0.0,0.0,0.0,0,1,0.0,true
core/src/org/apache/pivot/util/Time.java,274.0,9.0,0.0,13.0,14.0,37.0,0.0,gbrown@13f79535-47bb-0310-9956-ffa450edef68,0,0.0,0.0,0.0,0.0,0.0,0.0,0.0,0,1,0.0,true
core/src/org/apache/pivot/util/concurrent/Task.java,145.0,3.0,39.0,11.0,1.0,34.0,2.0,gbrown@13f79535-47bb-0310-9956-ffa450edef68,1,0.009259259259259259,9.0,0.0,0.0,0.0,952.4742268041236,19626.844685048036,1,2,0.11778303565638351,false
core/src/org/apache/pivot/xml/Element.java,700.0,10.0,405.0,35.0,57.0,100.0,0.0,smartini@13f79535-47bb-0310-9956-ffa450edef68,0,0.0,0.0,0.0,0.0,0.0,0.0,0.0,0,0,0.0,false
core/test/org/apache/pivot/json/test/BindTest.java,38.0,12.0,6.0,4.0,27.0,8.0,10.0,gbrown@13f79535-47bb-0310-9956-ffa450edef68,1,0.009259259259259259,31.0,8.0,8.0,8.0,952.4742268041236,19626.844685048036,1,0,0.11778303565638351,false
core/test/org/apache/pivot/json/test/JSONSerializerTest.java,76.0,12.0,153.0,18.0,32.0,28.0,5.0,gbrown@13f79535-47bb-0310-9956-ffa450edef68,1,0.009259259259259259,12.0,0.0,0.0,0.0,952.4742268041236,19626.844685048036,1,3,0.11778303565638351,false
core/test/org/apache/pivot/json/test/TestBean1.java,51.0,2.0,77.0,14.0,0.0,21.0,14.0,gbrown@13f79535-47bb-0310-9956-ffa450edef68,1,0.009259259259259259,100.0,0.0,0.0,50.0,952.4742268041236,19626.844685048036,1,0,0.11778303565638351,false
core/test/org/apache/pivot/json/test/TestBean2.java,23.0,0.0,9.0,6.0,0.0,9.0,11.0,gbrown@13f79535-47bb-0310-9956-ffa450edef68,1,0.009259259259259259,100.0,0.0,33.0,33.0,952.4742268041236,19626.844685048036,1,0,0.11778303565638351,false
core/test/org/apache/pivot/serialization/test/ByteArraySerializerTest.java,32.0,9.0,1.0,3.0,14.0,5.0,13.0,tvolkert@13f79535-47bb-0310-9956-ffa450edef68,2,0.018518518518518517,67.0,67.0,0.0,0.0,98.0,58.8879178526885,2,0,2.420368128650429,false
core/test/org/apache/pivot/serialization/test/StringSerializerTest.java,34.0,10.0,1.0,3.0,16.0,5.0,13.0,tvolkert@13f79535-47bb-0310-9956-ffa450edef68,2,0.018518518518518517,50.0,50.0,0.0,0.0,98.0,58.8879178526885,2,0,2.420368128650429,false
demos-server/src/org/apache/pivot/demos/rest/server/RESTDemoServlet.java,86.0,13.0,10.0,5.0,22.0,22.0,0.0,gbrown@13f79535-47bb-0310-9956-ffa450edef68,0,0.0,0.0,0.0,0.0,0.0,0.0,0.0,0,1,0.0,false
demos/src/org/apache/pivot/demos/styles/ColorSchemeBuilderWindow.java,162.0,33.0,29.0,10.0,79.0,20.0,1.0,smartini@13f79535-47bb-0310-9956-ffa450edef68,1,0.009259259259259259,6.0,0.0,0.0,0.0,49.0,23.30433693302728,1,2,2.4203681286504293,false
demos/src/org/apache/pivot/demos/swing/SwingDemo.java,98.0,20.0,4.0,5.0,30.0,7.0,0.0,gbrown@13f79535-47bb-0310-9956-ffa450edef68,0,0.0,0.0,0.0,0.0,0.0,0.0,0.0,0,1,0.0,false
demos/src/org/apache/pivot/demos/text/TextPaneDemo.java,451.0,42.0,589.0,38.0,191.0,82.0,0.0,smartini@13f79535-47bb-0310-9956-ffa450edef68,0,0.0,0.0,0.0,0.0,0.0,0.0,0.0,0,1,0.0,false
examples/src/org/apache/pivot/examples/sheets/EditGreetingSheet.java,40.0,15.0,6.0,5.0,11.0,7.0,0.0,gbrown@13f79535-47bb-0310-9956-ffa450edef68,0,0.0,0.0,0.0,0.0,0.0,0.0,0.0,0,0,0.0,false
tests/src/org/apache/pivot/tests/ActionMappingTest.java,35.0,11.0,9.0,7.0,13.0,14.0,0.0,gbrown@13f79535-47bb-0310-9956-ffa450edef68,0,0.0,0.0,0.0,0.0,0.0,0.0,0.0,0,2,0.0,false
tests/src/org/apache/pivot/tests/EnumBean.java,258.0,31.0,2484.0,72.0,0.0,110.0,13.0,gbrown@13f79535-47bb-0310-9956-ffa450edef68,2,0.018518518518518517,33.0,17.0,0.0,0.0,1001.4742268041236,19662.428265967697,2,0,1.2690755821534063,false
tests/src/org/apache/pivot/tests/EnumBeanTest.java,39.0,5.0,3.0,3.0,17.0,6.0,13.0,cbartlett@13f79535-47bb-0310-9956-ffa450edef68,2,0.018518518518518517,40.0,20.0,0.0,0.0,1001.4742268041236,19662.428265967697,2,0,1.2690755821534063,false
tests/src/org/apache/pivot/tests/ResultListTest.java,36.0,9.0,0.0,1.0,10.0,4.0,0.0,gbrown@13f79535-47bb-0310-9956-ffa450edef68,0,0.0,0.0,0.0,0.0,0.0,0.0,0.0,0,0,0.0,false
tests/src/org/apache/pivot/tests/SpinnerFocusTest.java,35.0,10.0,15.0,7.0,15.0,14.0,0.0,gbrown@13f79535-47bb-0310-9956-ffa450edef68,0,0.0,0.0,0.0,0.0,0.0,0.0,0.0,0,2,0.0,false
tests/src/org/apache/pivot/tests/TextInputValidatorTest.java,55.0,14.0,17.0,7.0,20.0,13.0,0.0,gbrown@13f79535-47bb-0310-9956-ffa450edef68,0,0.0,0.0,0.0,0.0,0.0,0.0,0.0,0,1,0.0,false
tutorials-server/src/org/apache/pivot/tutorials/webqueries/server/ExpenseServlet.java,94.0,15.0,0.0,6.0,24.0,25.0,0.0,gbrown@13f79535-47bb-0310-9956-ffa450edef68,0,0.0,0.0,0.0,0.0,0.0,0.0,0.0,0,0,0.0,false
tutorials/src/org/apache/pivot/tutorials/KitchenSink.java,734.0,63.0,13.0,7.0,15.0,11.0,0.0,gbrown@13f79535-47bb-0310-9956-ffa450edef68,0,0.0,0.0,0.0,0.0,0.0,0.0,0.0,0,4,0.0,true
tutorials/src/org/apache/pivot/tutorials/explorer/ComponentExplorerWindow.java,234.0,29.0,0.0,9.0,60.0,35.0,0.0,gbrown@13f79535-47bb-0310-9956-ffa450edef68,0,0.0,0.0,0.0,0.0,0.0,0.0,0.0,0,3,0.0,false
tutorials/src/org/apache/pivot/tutorials/explorer/ComponentNode.java,26.0,3.0,9.0,6.0,0.0,9.0,0.0,cbartlett@13f79535-47bb-0310-9956-ffa450edef68,0,0.0,0.0,0.0,0.0,0.0,0.0,0.0,0,0,0.0,false
tutorials/src/org/apache/pivot/tutorials/explorer/Ruler.java,29.0,3.0,2.0,4.0,2.0,8.0,0.0,cbartlett@13f79535-47bb-0310-9956-ffa450edef68,0,0.0,0.0,0.0,0.0,0.0,0.0,0.0,0,0,0.0,false
tutorials/src/org/apache/pivot/tutorials/layout/TablePanes.java,204.0,20.0,0.0,11.0,106.0,42.0,0.0,gbrown@13f79535-47bb-0310-9956-ffa450edef68,0,0.0,0.0,0.0,0.0,0.0,0.0,0.0,0,5,0.0,false
tutorials/src/org/apache/pivot/tutorials/lists/RepeatableListButtons.java,45.0,16.0,0.0,4.0,16.0,11.0,0.0,gbrown@13f79535-47bb-0310-9956-ffa450edef68,0,0.0,0.0,0.0,0.0,0.0,0.0,0.0,0,0,0.0,false
tutorials/src/org/apache/pivot/tutorials/localization/Localization.java,37.0,11.0,8.0,5.0,16.0,11.0,20.0,gbrown@13f79535-47bb-0310-9956-ffa450edef68,1,0.009259259259259259,9.0,0.0,0.0,0.0,952.4742268041236,19626.844685048036,1,3,0.11778303565638351,false
tutorials/src/org/apache/pivot/tutorials/menus/ContextMenus.java,24.0,10.0,3.0,3.0,11.0,6.0,0.0,gbrown@13f79535-47bb-0310-9956-ffa450edef68,0,0.0,0.0,0.0,0.0,0.0,0.0,0.0,0,3,0.0,false
tutorials/src/org/apache/pivot/tutorials/menus/MenuBars.java,95.0,19.0,60.0,12.0,45.0,25.0,0.0,gbrown@13f79535-47bb-0310-9956-ffa450edef68,0,0.0,0.0,0.0,0.0,0.0,0.0,0.0,0,4,0.0,false
tutorials/src/org/apache/pivot/tutorials/menus/MenuButtons.java,26.0,11.0,0.0,5.0,7.0,9.0,0.0,gbrown@13f79535-47bb-0310-9956-ffa450edef68,0,0.0,0.0,0.0,0.0,0.0,0.0,0.0,0,4,0.0,false
tutorials/src/org/apache/pivot/tutorials/navigation/Ruler.java,29.0,3.0,2.0,4.0,2.0,8.0,0.0,cbartlett@13f79535-47bb-0310-9956-ffa450edef68,0,0.0,0.0,0.0,0.0,0.0,0.0,0.0,0,0,0.0,false
tutorials/src/org/apache/pivot/tutorials/stocktracker/StockTracker.java,28.0,7.0,8.0,5.0,9.0,8.0,20.0,gbrown@13f79535-47bb-0310-9956-ffa450edef68,1,0.009259259259259259,8.0,0.0,0.0,0.0,952.4742268041236,19626.844685048036,1,2,0.11778303565638351,false
tutorials/src/org/apache/pivot/tutorials/stocktracker/StockTrackerWindow.java,248.0,43.0,75.0,19.0,124.0,58.0,27.0,gbrown@13f79535-47bb-0310-9956-ffa450edef68,1,0.009259259259259259,4.0,0.0,0.0,0.0,952.4742268041236,19626.844685048036,1,5,0.11778303565638351,true
tutorials/src/org/apache/pivot/tutorials/text/SuggestionPopups.java,87.0,10.0,0.0,5.0,22.0,11.0,0.0,gbrown@13f79535-47bb-0310-9956-ffa450edef68,0,0.0,0.0,0.0,0.0,0.0,0.0,0.0,0,3,0.0,false
tutorials/src/org/apache/pivot/tutorials/webqueries/ExpenseSheet.java,57.0,14.0,6.0,5.0,11.0,7.0,0.0,gbrown@13f79535-47bb-0310-9956-ffa450edef68,0,0.0,0.0,0.0,0.0,0.0,0.0,0.0,0,3,0.0,false
tutorials/src/org/apache/pivot/tutorials/webqueries/ExpensesWindow.java,206.0,30.0,0.0,19.0,190.0,43.0,0.0,gbrown@13f79535-47bb-0310-9956-ffa450edef68,0,0.0,0.0,0.0,0.0,0.0,0.0,0.0,0,8,0.0,false
tutorials/src/org/apache/pivot/tutorials/webqueries/WebQueries.java,47.0,14.0,13.0,7.0,25.0,14.0,20.0,gbrown@13f79535-47bb-0310-9956-ffa450edef68,1,0.009259259259259259,7.0,0.0,0.0,0.0,952.4742268041236,19626.844685048036,1,2,0.11778303565638351,true
web-server/src/org/apache/pivot/web/server/QueryServlet.java,421.0,22.0,352.0,28.0,108.0,85.0,0.0,gbrown@13f79535-47bb-0310-9956-ffa450edef68,0,0.0,0.0,0.0,0.0,0.0,0.0,0.0,0,10,0.0,false
wtk-terra/src/org/apache/pivot/wtk/skin/terra/TerraAccordionSkin.java,682.0,33.0,980.0,53.0,154.0,127.0,1.0,gbrown@13f79535-47bb-0310-9956-ffa450edef68,1,0.009259259259259259,5.0,0.0,0.0,0.0,952.4742268041236,19626.844685048036,1,3,0.11778303565638351,false
wtk-terra/src/org/apache/pivot/wtk/skin/terra/TerraAlertSkin.java,96.0,14.0,9.0,10.0,49.0,19.0,0.0,gbrown@13f79535-47bb-0310-9956-ffa450edef68,0,0.0,0.0,0.0,0.0,0.0,0.0,0.0,0,2,0.0,true
wtk-terra/src/org/apache/pivot/wtk/skin/terra/TerraCalendarButtonSkin.java,385.0,27.0,935.0,51.0,133.0,114.0,0.0,gbrown@13f79535-47bb-0310-9956-ffa450edef68,0,0.0,0.0,0.0,0.0,0.0,0.0,0.0,0,2,0.0,false
wtk-terra/src/org/apache/pivot/wtk/skin/terra/TerraCalendarSkin.java,663.0,40.0,896.0,49.0,149.0,121.0,0.0,gbrown@13f79535-47bb-0310-9956-ffa450edef68,0,0.0,0.0,0.0,0.0,0.0,0.0,0.0,0,4,0.0,false
wtk-terra/src/org/apache/pivot/wtk/skin/terra/TerraCheckboxSkin.java,218.0,16.0,62.0,20.0,74.0,53.0,0.0,gbrown@13f79535-47bb-0310-9956-ffa450edef68,0,0.0,0.0,0.0,0.0,0.0,0.0,0.0,0,3,0.0,false
wtk-terra/src/org/apache/pivot/wtk/skin/terra/TerraColorChooserButtonSkin.java,364.0,26.0,664.0,44.0,116.0,107.0,0.0,gbrown@13f79535-47bb-0310-9956-ffa450edef68,0,0.0,0.0,0.0,0.0,0.0,0.0,0.0,0,2,0.0,false
wtk-terra/src/org/apache/pivot/wtk/skin/terra/TerraColorChooserSkin.java,280.0,10.0,0.0,10.0,29.0,19.0,0.0,smartini@13f79535-47bb-0310-9956-ffa450edef68,0,0.0,0.0,0.0,0.0,0.0,0.0,0.0,0,0,0.0,false
wtk-terra/src/org/apache/pivot/wtk/skin/terra/TerraDialogSkin.java,110.0,14.0,89.0,14.0,42.0,28.0,0.0,gbrown@13f79535-47bb-0310-9956-ffa450edef68,0,0.0,0.0,0.0,0.0,0.0,0.0,0.0,0,3,0.0,false
wtk-terra/src/org/apache/pivot/wtk/skin/terra/TerraExpanderSkin.java,476.0,33.0,747.0,46.0,120.0,98.0,0.0,smartini@13f79535-47bb-0310-9956-ffa450edef68,0,0.0,0.0,0.0,0.0,0.0,0.0,0.0,0,0,0.0,true
wtk-terra/src/org/apache/pivot/wtk/skin/terra/TerraFileBrowserSheetSkin.java,273.0,25.0,35.0,22.0,102.0,57.0,0.0,gbrown@13f79535-47bb-0310-9956-ffa450edef68,0,0.0,0.0,0.0,0.0,0.0,0.0,0.0,0,7,0.0,false
wtk-terra/src/org/apache/pivot/wtk/skin/terra/TerraFileBrowserSkin.java,777.0,56.0,368.0,36.0,142.0,87.0,2.0,gbrown@13f79535-47bb-0310-9956-ffa450edef68,1,0.009259259259259259,2.0,0.0,0.0,0.0,952.4742268041236,19626.844685048036,1,5,0.11778303565638351,false
wtk-terra/src/org/apache/pivot/wtk/skin/terra/TerraFrameSkin.java,574.0,37.0,427.0,38.0,163.0,87.0,1.0,smartini@13f79535-47bb-0310-9956-ffa450edef68,1,0.009259259259259259,5.0,0.0,0.0,0.0,952.4742268041236,19626.844685048036,1,1,0.11778303565638351,false
wtk-terra/src/org/apache/pivot/wtk/skin/terra/TerraListButtonSkin.java,520.0,32.0,2264.0,73.0,200.0,153.0,0.0,gbrown@13f79535-47bb-0310-9956-ffa450edef68,0,0.0,0.0,0.0,0.0,0.0,0.0,0.0,0,4,0.0,false
wtk-terra/src/org/apache/pivot/wtk/skin/terra/TerraListViewSkin.java,892.0,29.0,3640.0,92.0,285.0,231.0,7.0,gbrown@13f79535-47bb-0310-9956-ffa450edef68,1,0.009259259259259259,7.0,4.0,0.0,2.0,952.4742268041236,19626.844685048036,1,13,0.11778303565638351,false
wtk-terra/src/org/apache/pivot/wtk/skin/terra/TerraMenuButtonSkin.java,465.0,23.0,1437.0,62.0,156.0,155.0,0.0,gbrown@13f79535-47bb-0310-9956-ffa450edef68,0,0.0,0.0,0.0,0.0,0.0,0.0,0.0,0,4,0.0,false
wtk-terra/src/org/apache/pivot/wtk/skin/terra/TerraMenuPopupSkin.java,182.0,25.0,110.0,20.0,60.0,43.0,0.0,smartini@13f79535-47bb-0310-9956-ffa450edef68,0,0.0,0.0,0.0,0.0,0.0,0.0,0.0,0,4,0.0,false
wtk-terra/src/org/apache/pivot/wtk/skin/terra/TerraMenuSkin.java,451.0,18.0,757.0,43.0,117.0,113.0,0.0,gbrown@13f79535-47bb-0310-9956-ffa450edef68,0,0.0,0.0,0.0,0.0,0.0,0.0,0.0,0,6,0.0,false
wtk-terra/src/org/apache/pivot/wtk/skin/terra/TerraPromptSkin.java,95.0,14.0,9.0,10.0,47.0,19.0,0.0,gbrown@13f79535-47bb-0310-9956-ffa450edef68,0,0.0,0.0,0.0,0.0,0.0,0.0,0.0,0,3,0.0,true
wtk-terra/src/org/apache/pivot/wtk/skin/terra/TerraPushButtonSkin.java,388.0,17.0,920.0,52.0,122.0,135.0,0.0,gbrown@13f79535-47bb-0310-9956-ffa450edef68,0,0.0,0.0,0.0,0.0,0.0,0.0,0.0,0,4,0.0,false
wtk-terra/src/org/apache/pivot/wtk/skin/terra/TerraRadioButtonSkin.java,207.0,16.0,62.0,20.0,75.0,53.0,0.0,gbrown@13f79535-47bb-0310-9956-ffa450edef68,0,0.0,0.0,0.0,0.0,0.0,0.0,0.0,0,3,0.0,false
wtk-terra/src/org/apache/pivot/wtk/skin/terra/TerraRollupSkin.java,356.0,20.0,250.0,29.0,72.0,67.0,0.0,cbartlett@13f79535-47bb-0310-9956-ffa450edef68,0,0.0,0.0,0.0,0.0,0.0,0.0,0.0,0,0,0.0,false
wtk-terra/src/org/apache/pivot/wtk/skin/terra/TerraScrollPaneCornerSkin.java,47.0,7.0,25.0,11.0,12.0,18.0,1.0,joes@13f79535-47bb-0310-9956-ffa450edef68,1,0.009259259259259259,33.0,0.0,0.0,0.0,952.4742268041236,19626.844685048036,1,0,0.11778303565638351,false
wtk-terra/src/org/apache/pivot/wtk/skin/terra/TerraSheetSkin.java,437.0,33.0,703.0,43.0,132.0,94.0,0.0,null,0,0.0,0.0,0.0,0.0,0.0,0.0,0.0,0,3,0.0,false
wtk-terra/src/org/apache/pivot/wtk/skin/terra/TerraSliderSkin.java,383.0,17.0,338.0,32.0,58.0,78.0,0.0,null,0,0.0,0.0,0.0,0.0,0.0,0.0,0.0,0,3,0.0,false
wtk-terra/src/org/apache/pivot/wtk/skin/terra/TerraSpinnerSkin.java,554.0,25.0,541.0,38.0,61.0,76.0,0.0,gbrown@13f79535-47bb-0310-9956-ffa450edef68,0,0.0,0.0,0.0,0.0,0.0,0.0,0.0,0,4,0.0,false
wtk-terra/src/org/apache/pivot/wtk/skin/terra/TerraSuggestionPopupSkin.java,263.0,33.0,405.0,35.0,107.0,74.0,0.0,gbrown@13f79535-47bb-0310-9956-ffa450edef68,0,0.0,0.0,0.0,0.0,0.0,0.0,0.0,0,11,0.0,false
wtk-terra/src/org/apache/pivot/wtk/skin/terra/TerraTabPaneSkin.java,1133.0,43.0,1589.0,66.0,213.0,174.0,0.0,gbrown@13f79535-47bb-0310-9956-ffa450edef68,0,0.0,0.0,0.0,0.0,0.0,0.0,0.0,0,7,0.0,true
wtk-terra/src/org/apache/pivot/wtk/skin/terra/TerraTableViewSkin.java,1116.0,30.0,6562.0,121.0,341.0,290.0,7.0,gbrown@13f79535-47bb-0310-9956-ffa450edef68,1,0.009259259259259259,8.0,4.0,0.0,2.0,952.4742268041236,19626.844685048036,1,10,0.11778303565638351,false
wtk-terra/src/org/apache/pivot/wtk/skin/terra/TerraTextInputSkin.java,1081.0,38.0,3983.0,99.0,295.0,240.0,2.0,gbrown@13f79535-47bb-0310-9956-ffa450edef68,1,0.009259259259259259,2.0,2.0,0.0,0.0,952.4742268041236,19626.844685048036,1,11,0.11778303565638351,false
wtk-terra/src/org/apache/pivot/wtk/skin/terra/TerraTextPaneSkin.java,41.0,2.0,28.0,8.0,27.0,8.0,0.0,gbrown@13f79535-47bb-0310-9956-ffa450edef68,0,0.0,0.0,0.0,0.0,0.0,0.0,0.0,0,0,0.0,false
wtk-terra/src/org/apache/pivot/wtk/skin/terra/TerraTheme.java,293.0,67.0,103.0,18.0,57.0,56.0,0.0,smartini@13f79535-47bb-0310-9956-ffa450edef68,0,0.0,0.0,0.0,0.0,0.0,0.0,0.0,0,6,0.0,true
wtk-terra/src/org/apache/pivot/wtk/skin/terra/TerraTooltipSkin.java,167.0,19.0,160.0,21.0,45.0,40.0,0.0,smartini@13f79535-47bb-0310-9956-ffa450edef68,0,0.0,0.0,0.0,0.0,0.0,0.0,0.0,0,1,0.0,false
wtk-terra/src/org/apache/pivot/wtk/skin/terra/TerraTreeViewSkin.java,1516.0,36.0,7123.0,126.0,396.0,307.0,5.0,gbrown@13f79535-47bb-0310-9956-ffa450edef68,1,0.009259259259259259,20.0,6.0,3.0,3.0,952.4742268041236,19626.844685048036,1,5,0.11778303565638351,false
wtk/src/org/apache/pivot/wtk/Accordion.java,219.0,8.0,73.0,15.0,17.0,35.0,0.0,gbrown@13f79535-47bb-0310-9956-ffa450edef68,0,0.0,0.0,0.0,0.0,0.0,0.0,0.0,0,3,0.0,false
wtk/src/org/apache/pivot/wtk/Action.java,107.0,5.0,28.0,9.0,2.0,17.0,0.0,smartini@13f79535-47bb-0310-9956-ffa450edef68,0,0.0,0.0,0.0,0.0,0.0,0.0,0.0,0,1,0.0,false
wtk/src/org/apache/pivot/wtk/ActivityIndicator.java,29.0,1.0,2.0,4.0,2.0,7.0,0.0,joes@13f79535-47bb-0310-9956-ffa450edef68,0,0.0,0.0,0.0,0.0,0.0,0.0,0.0,0,1,0.0,false
wtk/src/org/apache/pivot/wtk/Alert.java,224.0,9.0,28.0,24.0,28.0,41.0,3.0,gbrown@13f79535-47bb-0310-9956-ffa450edef68,1,0.009259259259259259,5.0,0.0,0.0,0.0,952.4742268041236,19626.844685048036,1,5,0.11778303565638351,false
wtk/src/org/apache/pivot/wtk/Application.java,48.0,1.0,6.0,4.0,0.0,10.0,0.0,smartini@13f79535-47bb-0310-9956-ffa450edef68,0,0.0,0.0,0.0,0.0,0.0,0.0,0.0,0,1,0.0,false
wtk/src/org/apache/pivot/wtk/ApplicationContext.java,1346.0,46.0,141.0,18.0,41.0,67.0,15.0,gbrown@13f79535-47bb-0310-9956-ffa450edef68,1,0.009259259259259259,8.0,2.0,2.0,0.0,952.4742268041236,19626.844685048036,1,9,0.11778303565638351,false
wtk/src/org/apache/pivot/wtk/Border.java,82.0,3.0,8.0,8.0,7.0,21.0,0.0,gbrown@13f79535-47bb-0310-9956-ffa450edef68,0,0.0,0.0,0.0,0.0,0.0,0.0,0.0,0,1,0.0,false
wtk/src/org/apache/pivot/wtk/Bounds.java,177.0,4.0,0.0,25.0,17.0,68.0,0.0,noelgrandin@13f79535-47bb-0310-9956-ffa450edef68,0,0.0,0.0,0.0,0.0,0.0,0.0,0.0,0,0,0.0,true
wtk/src/org/apache/pivot/wtk/BoxPane.java,36.0,1.0,2.0,5.0,3.0,9.0,0.0,smartini@13f79535-47bb-0310-9956-ffa450edef68,0,0.0,0.0,0.0,0.0,0.0,0.0,0.0,0,1,0.0,false
wtk/src/org/apache/pivot/wtk/BrowserApplicationContext.java,266.0,12.0,0.0,3.0,7.0,15.0,27.0,gbrown@13f79535-47bb-0310-9956-ffa450edef68,1,0.009259259259259259,6.0,0.0,0.0,0.0,952.4742268041236,19626.844685048036,1,1,0.11778303565638351,false
wtk/src/org/apache/pivot/wtk/Button.java,574.0,3.0,687.0,46.0,52.0,111.0,0.0,gbrown@13f79535-47bb-0310-9956-ffa450edef68,0,0.0,0.0,0.0,0.0,0.0,0.0,0.0,0,7,0.0,true
wtk/src/org/apache/pivot/wtk/Calendar.java,302.0,8.0,250.0,28.0,24.0,67.0,0.0,gbrown@13f79535-47bb-0310-9956-ffa450edef68,0,0.0,0.0,0.0,0.0,0.0,0.0,0.0,0,5,0.0,true
wtk/src/org/apache/pivot/wtk/CalendarButton.java,309.0,9.0,313.0,30.0,29.0,72.0,0.0,gbrown@13f79535-47bb-0310-9956-ffa450edef68,0,0.0,0.0,0.0,0.0,0.0,0.0,0.0,0,6,0.0,true
wtk/src/org/apache/pivot/wtk/CardPane.java,88.0,3.0,0.0,7.0,8.0,19.0,0.0,smartini@13f79535-47bb-0310-9956-ffa450edef68,0,0.0,0.0,0.0,0.0,0.0,0.0,0.0,0,1,0.0,false
wtk/src/org/apache/pivot/wtk/Checkbox.java,37.0,2.0,10.0,5.0,5.0,9.0,0.0,gbrown@13f79535-47bb-0310-9956-ffa450edef68,0,0.0,0.0,0.0,0.0,0.0,0.0,0.0,0,2,0.0,false
wtk/src/org/apache/pivot/wtk/ColorChooser.java,174.0,3.0,33.0,15.0,17.0,36.0,0.0,gbrown@13f79535-47bb-0310-9956-ffa450edef68,0,0.0,0.0,0.0,0.0,0.0,0.0,0.0,0,2,0.0,true
wtk/src/org/apache/pivot/wtk/ColorChooserButton.java,190.0,4.0,99.0,19.0,21.0,44.0,0.0,gbrown@13f79535-47bb-0310-9956-ffa450edef68,0,0.0,0.0,0.0,0.0,0.0,0.0,0.0,0,2,0.0,true
wtk/src/org/apache/pivot/wtk/Component.java,1911.0,19.0,9243.0,147.0,260.0,408.0,6.0,gbrown@13f79535-47bb-0310-9956-ffa450edef68,1,0.009259259259259259,2.0,0.0,0.0,0.0,952.4742268041236,19626.844685048036,1,16,0.11778303565638351,true
wtk/src/org/apache/pivot/wtk/ComponentTooltipListener.java,12.0,0.0,0.0,1.0,0.0,1.0,0.0,gbrown@13f79535-47bb-0310-9956-ffa450edef68,0,0.0,0.0,0.0,0.0,0.0,0.0,0.0,0,0,0.0,false
wtk/src/org/apache/pivot/wtk/Container.java,529.0,8.0,555.0,39.0,134.0,122.0,0.0,null,0,0.0,0.0,0.0,0.0,0.0,0.0,0.0,0,3,0.0,false
wtk/src/org/apache/pivot/wtk/CornerRadii.java,139.0,4.0,0.0,8.0,7.0,25.0,0.0,smartini@13f79535-47bb-0310-9956-ffa450edef68,0,0.0,0.0,0.0,0.0,0.0,0.0,0.0,0,0,0.0,true
wtk/src/org/apache/pivot/wtk/DesktopApplicationContext.java,580.0,20.0,43.0,14.0,116.0,48.0,1.0,gbrown@13f79535-47bb-0310-9956-ffa450edef68,1,0.009259259259259259,2.0,2.0,0.0,2.0,952.4742268041236,19626.844685048036,1,7,0.11778303565638351,false
wtk/src/org/apache/pivot/wtk/Dialog.java,159.0,2.0,126.0,21.0,14.0,36.0,0.0,gbrown@13f79535-47bb-0310-9956-ffa450edef68,0,0.0,0.0,0.0,0.0,0.0,0.0,0.0,0,2,0.0,false
wtk/src/org/apache/pivot/wtk/Dimensions.java,65.0,4.0,0.0,7.0,5.0,21.0,0.0,smartini@13f79535-47bb-0310-9956-ffa450edef68,0,0.0,0.0,0.0,0.0,0.0,0.0,0.0,0,0,0.0,true
wtk/src/org/apache/pivot/wtk/Display.java,77.0,2.0,54.0,12.0,13.0,29.0,0.0,gbrown@13f79535-47bb-0310-9956-ffa450edef68,0,0.0,0.0,0.0,0.0,0.0,0.0,0.0,0,0,0.0,false
wtk/src/org/apache/pivot/wtk/Editor.java,18.0,0.0,3.0,3.0,0.0,5.0,0.0,joes@13f79535-47bb-0310-9956-ffa450edef68,0,0.0,0.0,0.0,0.0,0.0,0.0,0.0,0,0,0.0,false
wtk/src/org/apache/pivot/wtk/Expander.java,132.0,4.0,19.0,11.0,10.0,31.0,0.0,gbrown@13f79535-47bb-0310-9956-ffa450edef68,0,0.0,0.0,0.0,0.0,0.0,0.0,0.0,0,2,0.0,false
wtk/src/org/apache/pivot/wtk/FileBrowser.java,232.0,7.0,36.0,17.0,39.0,48.0,0.0,smartini@13f79535-47bb-0310-9956-ffa450edef68,0,0.0,0.0,0.0,0.0,0.0,0.0,0.0,0,2,0.0,false
wtk/src/org/apache/pivot/wtk/FileBrowserSheet.java,161.0,7.0,25.0,14.0,27.0,35.0,0.0,smartini@13f79535-47bb-0310-9956-ffa450edef68,0,0.0,0.0,0.0,0.0,0.0,0.0,0.0,0,3,0.0,false
wtk/src/org/apache/pivot/wtk/FlowPane.java,8.0,0.0,0.0,1.0,1.0,1.0,0.0,joes@13f79535-47bb-0310-9956-ffa450edef68,0,0.0,0.0,0.0,0.0,0.0,0.0,0.0,0,1,0.0,false
wtk/src/org/apache/pivot/wtk/FocusTraversalDirection.java,0.0,0.0,0.0,0.0,0.0,0.0,0.0,gbrown@13f79535-47bb-0310-9956-ffa450edef68,0,0.0,0.0,0.0,0.0,0.0,0.0,0.0,0,0,0.0,false
wtk/src/org/apache/pivot/wtk/Form.java,414.0,10.0,76.0,17.0,27.0,49.0,0.0,gbrown@13f79535-47bb-0310-9956-ffa450edef68,0,0.0,0.0,0.0,0.0,0.0,0.0,0.0,0,4,0.0,true
wtk/src/org/apache/pivot/wtk/Frame.java,94.0,3.0,33.0,11.0,15.0,24.0,0.0,null,0,0.0,0.0,0.0,0.0,0.0,0.0,0.0,0,1,0.0,false
wtk/src/org/apache/pivot/wtk/GraphicsUtilities.java,205.0,14.0,36.0,9.0,27.0,35.0,0.0,gbrown@13f79535-47bb-0310-9956-ffa450edef68,0,0.0,0.0,0.0,0.0,0.0,0.0,0.0,0,3,0.0,true
wtk/src/org/apache/pivot/wtk/GridPane.java,320.0,6.0,68.0,13.0,16.0,34.0,0.0,gbrown@13f79535-47bb-0310-9956-ffa450edef68,0,0.0,0.0,0.0,0.0,0.0,0.0,0.0,0,3,0.0,false
wtk/src/org/apache/pivot/wtk/ImageView.java,287.0,11.0,116.0,21.0,40.0,56.0,61.0,gbrown@13f79535-47bb-0310-9956-ffa450edef68,1,0.009259259259259259,4.0,0.0,0.0,0.0,952.4742268041236,19626.844685048036,1,5,0.11778303565638351,true
wtk/src/org/apache/pivot/wtk/Insets.java,106.0,4.0,0.0,8.0,8.0,23.0,0.0,joes@13f79535-47bb-0310-9956-ffa450edef68,0,0.0,0.0,0.0,0.0,0.0,0.0,0.0,0,0,0.0,true
wtk/src/org/apache/pivot/wtk/Keyboard.java,18.0,3.0,0.0,1.0,1.0,2.0,32.0,smartini@13f79535-47bb-0310-9956-ffa450edef68,1,0.009259259259259259,17.0,0.0,0.0,0.0,952.4742268041236,19626.844685048036,1,0,0.11778303565638351,false
wtk/src/org/apache/pivot/wtk/Label.java,137.0,2.0,39.0,15.0,13.0,33.0,0.0,gbrown@13f79535-47bb-0310-9956-ffa450edef68,0,0.0,0.0,0.0,0.0,0.0,0.0,0.0,0,6,0.0,true
wtk/src/org/apache/pivot/wtk/LinkButton.java,17.0,2.0,3.0,3.0,2.0,4.0,0.0,joes@13f79535-47bb-0310-9956-ffa450edef68,0,0.0,0.0,0.0,0.0,0.0,0.0,0.0,0,2,0.0,false
wtk/src/org/apache/pivot/wtk/ListButton.java,565.0,16.0,760.0,48.0,68.0,110.0,8.0,gbrown@13f79535-47bb-0310-9956-ffa450edef68,1,0.009259259259259259,2.0,0.0,0.0,0.0,952.4742268041236,19626.844685048036,1,6,0.11778303565638351,true
wtk/src/org/apache/pivot/wtk/ListButtonListener.java,49.0,2.0,10.0,5.0,0.0,5.0,0.0,gbrown@13f79535-47bb-0310-9956-ffa450edef68,0,0.0,0.0,0.0,0.0,0.0,0.0,0.0,0,1,0.0,false
wtk/src/org/apache/pivot/wtk/ListView.java,1162.0,16.0,2473.0,82.0,134.0,230.0,6.0,gbrown@13f79535-47bb-0310-9956-ffa450edef68,1,0.009259259259259259,11.0,4.0,2.0,2.0,952.4742268041236,19626.844685048036,1,8,0.11778303565638351,true
wtk/src/org/apache/pivot/wtk/Menu.java,381.0,7.0,24.0,8.0,4.0,18.0,0.0,gbrown@13f79535-47bb-0310-9956-ffa450edef68,0,0.0,0.0,0.0,0.0,0.0,0.0,0.0,0,3,0.0,false
wtk/src/org/apache/pivot/wtk/MenuBar.java,231.0,7.0,7.0,7.0,12.0,19.0,0.0,gbrown@13f79535-47bb-0310-9956-ffa450edef68,0,0.0,0.0,0.0,0.0,0.0,0.0,0.0,0,2,0.0,false
wtk/src/org/apache/pivot/wtk/MenuButton.java,56.0,3.0,17.0,7.0,7.0,16.0,0.0,gbrown@13f79535-47bb-0310-9956-ffa450edef68,0,0.0,0.0,0.0,0.0,0.0,0.0,0.0,0,2,0.0,false
wtk/src/org/apache/pivot/wtk/MenuButtonListener.java,11.0,0.0,0.0,1.0,0.0,1.0,0.0,gbrown@13f79535-47bb-0310-9956-ffa450edef68,0,0.0,0.0,0.0,0.0,0.0,0.0,0.0,0,0,0.0,false
wtk/src/org/apache/pivot/wtk/MenuPopup.java,114.0,3.0,87.0,15.0,14.0,29.0,0.0,gbrown@13f79535-47bb-0310-9956-ffa450edef68,0,0.0,0.0,0.0,0.0,0.0,0.0,0.0,0,2,0.0,false
wtk/src/org/apache/pivot/wtk/Meter.java,69.0,1.0,14.0,9.0,4.0,17.0,0.0,noelgrandin@13f79535-47bb-0310-9956-ffa450edef68,0,0.0,0.0,0.0,0.0,0.0,0.0,0.0,0,1,0.0,false
wtk/src/org/apache/pivot/wtk/MovieView.java,53.0,3.0,2.0,5.0,3.0,11.0,0.0,gbrown@13f79535-47bb-0310-9956-ffa450edef68,0,0.0,0.0,0.0,0.0,0.0,0.0,0.0,0,2,0.0,false
wtk/src/org/apache/pivot/wtk/Palette.java,25.0,0.0,10.0,5.0,2.0,7.0,0.0,joes@13f79535-47bb-0310-9956-ffa450edef68,0,0.0,0.0,0.0,0.0,0.0,0.0,0.0,0,1,0.0,false
wtk/src/org/apache/pivot/wtk/Panel.java,8.0,0.0,0.0,1.0,1.0,1.0,0.0,joes@13f79535-47bb-0310-9956-ffa450edef68,0,0.0,0.0,0.0,0.0,0.0,0.0,0.0,0,1,0.0,false
wtk/src/org/apache/pivot/wtk/Panorama.java,12.0,0.0,1.0,2.0,2.0,2.0,0.0,joes@13f79535-47bb-0310-9956-ffa450edef68,0,0.0,0.0,0.0,0.0,0.0,0.0,0.0,0,1,0.0,false
wtk/src/org/apache/pivot/wtk/Platform.java,99.0,7.0,34.0,9.0,10.0,22.0,0.0,smartini@13f79535-47bb-0310-9956-ffa450edef68,0,0.0,0.0,0.0,0.0,0.0,0.0,0.0,0,1,0.0,false
wtk/src/org/apache/pivot/wtk/Point.java,68.0,4.0,0.0,8.0,5.0,23.0,0.0,smartini@13f79535-47bb-0310-9956-ffa450edef68,0,0.0,0.0,0.0,0.0,0.0,0.0,0.0,0,0,0.0,true
wtk/src/org/apache/pivot/wtk/Prompt.java,217.0,9.0,53.0,22.0,27.0,39.0,16.0,gbrown@13f79535-47bb-0310-9956-ffa450edef68,1,0.009259259259259259,5.0,5.0,5.0,0.0,952.4742268041236,19626.844685048036,1,6,0.11778303565638351,false
wtk/src/org/apache/pivot/wtk/PushButton.java,41.0,2.0,10.0,5.0,9.0,7.0,0.0,gbrown@13f79535-47bb-0310-9956-ffa450edef68,0,0.0,0.0,0.0,0.0,0.0,0.0,0.0,0,2,0.0,false
wtk/src/org/apache/pivot/wtk/RadioButton.java,35.0,2.0,21.0,7.0,4.0,9.0,0.0,joes@13f79535-47bb-0310-9956-ffa450edef68,0,0.0,0.0,0.0,0.0,0.0,0.0,0.0,0,2,0.0,false
wtk/src/org/apache/pivot/wtk/Rollup.java,136.0,4.0,51.0,15.0,13.0,31.0,0.0,gbrown@13f79535-47bb-0310-9956-ffa450edef68,0,0.0,0.0,0.0,0.0,0.0,0.0,0.0,0,2,0.0,false
wtk/src/org/apache/pivot/wtk/ScriptApplication.java,50.0,4.0,8.0,5.0,12.0,11.0,27.0,gbrown@13f79535-47bb-0310-9956-ffa450edef68,1,0.009259259259259259,11.0,0.0,0.0,0.0,952.4742268041236,19626.844685048036,1,7,0.11778303565638351,false
wtk/src/org/apache/pivot/wtk/ScrollBar.java,246.0,4.0,196.0,28.0,20.0,65.0,0.0,gbrown@13f79535-47bb-0310-9956-ffa450edef68,0,0.0,0.0,0.0,0.0,0.0,0.0,0.0,0,1,0.0,true
wtk/src/org/apache/pivot/wtk/ScrollPane.java,191.0,2.0,11.0,14.0,17.0,34.0,0.0,null,0,0.0,0.0,0.0,0.0,0.0,0.0,0.0,0,2,0.0,false
wtk/src/org/apache/pivot/wtk/Separator.java,42.0,1.0,2.0,5.0,3.0,10.0,0.0,smartini@13f79535-47bb-0310-9956-ffa450edef68,0,0.0,0.0,0.0,0.0,0.0,0.0,0.0,0,1,0.0,false
wtk/src/org/apache/pivot/wtk/Sheet.java,101.0,2.0,37.0,11.0,12.0,21.0,0.0,gbrown@13f79535-47bb-0310-9956-ffa450edef68,0,0.0,0.0,0.0,0.0,0.0,0.0,0.0,0,1,0.0,false
wtk/src/org/apache/pivot/wtk/Skin.java,28.0,0.0,10.0,5.0,0.0,9.0,6.0,gbrown@13f79535-47bb-0310-9956-ffa450edef68,1,0.009259259259259259,17.0,0.0,0.0,0.0,952.4742268041236,19626.844685048036,1,0,0.11778303565638351,false
wtk/src/org/apache/pivot/wtk/Slider.java,126.0,2.0,60.0,16.0,11.0,34.0,0.0,noelgrandin@13f79535-47bb-0310-9956-ffa450edef68,0,0.0,0.0,0.0,0.0,0.0,0.0,0.0,0,2,0.0,false
wtk/src/org/apache/pivot/wtk/Spinner.java,501.0,11.0,463.0,39.0,58.0,90.0,8.0,gbrown@13f79535-47bb-0310-9956-ffa450edef68,1,0.009259259259259259,3.0,0.0,0.0,0.0,952.4742268041236,19626.844685048036,1,6,0.11778303565638351,true
wtk/src/org/apache/pivot/wtk/SplitPane.java,210.0,2.0,209.0,27.0,25.0,56.0,0.0,noelgrandin@13f79535-47bb-0310-9956-ffa450edef68,0,0.0,0.0,0.0,0.0,0.0,0.0,0.0,0,1,0.0,false
wtk/src/org/apache/pivot/wtk/StackPane.java,8.0,0.0,0.0,1.0,1.0,1.0,0.0,joes@13f79535-47bb-0310-9956-ffa450edef68,0,0.0,0.0,0.0,0.0,0.0,0.0,0.0,0,1,0.0,false
wtk/src/org/apache/pivot/wtk/SuggestionPopup.java,338.0,8.0,303.0,30.0,45.0,66.0,8.0,gbrown@13f79535-47bb-0310-9956-ffa450edef68,1,0.009259259259259259,4.0,0.0,0.0,0.0,952.4742268041236,19626.844685048036,1,3,0.11778303565638351,false
wtk/src/org/apache/pivot/wtk/SuggestionPopupListener.java,34.0,1.0,3.0,3.0,0.0,3.0,0.0,gbrown@13f79535-47bb-0310-9956-ffa450edef68,0,0.0,0.0,0.0,0.0,0.0,0.0,0.0,0,0,0.0,false
wtk/src/org/apache/pivot/wtk/TabPane.java,313.0,8.0,171.0,23.0,25.0,54.0,0.0,gbrown@13f79535-47bb-0310-9956-ffa450edef68,0,0.0,0.0,0.0,0.0,0.0,0.0,0.0,0,2,0.0,false
wtk/src/org/apache/pivot/wtk/TablePane.java,629.0,6.0,114.0,17.0,22.0,42.0,1.0,gbrown@13f79535-47bb-0310-9956-ffa450edef68,1,0.009259259259259259,5.0,0.0,0.0,5.0,952.4742268041236,19626.844685048036,1,3,0.11778303565638351,false
wtk/src/org/apache/pivot/wtk/TableView.java,1540.0,22.0,2288.0,77.0,141.0,220.0,6.0,gbrown@13f79535-47bb-0310-9956-ffa450edef68,1,0.009259259259259259,11.0,4.0,2.0,2.0,952.4742268041236,19626.844685048036,1,8,0.11778303565638351,true
wtk/src/org/apache/pivot/wtk/TableViewHeader.java,104.0,1.0,50.0,12.0,10.0,24.0,0.0,gbrown@13f79535-47bb-0310-9956-ffa450edef68,0,0.0,0.0,0.0,0.0,0.0,0.0,0.0,0,2,0.0,false
wtk/src/org/apache/pivot/wtk/TextArea.java,876.0,14.0,1138.0,53.0,107.0,138.0,2.0,gbrown@13f79535-47bb-0310-9956-ffa450edef68,1,0.009259259259259259,2.0,0.0,0.0,0.0,952.4742268041236,19626.844685048036,1,9,0.11778303565638351,true
wtk/src/org/apache/pivot/wtk/TextAreaContentListener.java,34.0,1.0,3.0,3.0,0.0,3.0,0.0,gbrown@13f79535-47bb-0310-9956-ffa450edef68,0,0.0,0.0,0.0,0.0,0.0,0.0,0.0,0,0,0.0,false
wtk/src/org/apache/pivot/wtk/TextAreaListener.java,25.0,0.0,1.0,2.0,0.0,2.0,0.0,gbrown@13f79535-47bb-0310-9956-ffa450edef68,0,0.0,0.0,0.0,0.0,0.0,0.0,0.0,0,0,0.0,false
wtk/src/org/apache/pivot/wtk/TextInput.java,666.0,7.0,1016.0,53.0,94.0,121.0,2.0,gbrown@13f79535-47bb-0310-9956-ffa450edef68,1,0.009259259259259259,2.0,0.0,2.0,0.0,952.4742268041236,19626.844685048036,1,11,0.11778303565638351,true
wtk/src/org/apache/pivot/wtk/TextInputContentListener.java,70.0,1.0,21.0,7.0,0.0,7.0,0.0,gbrown@13f79535-47bb-0310-9956-ffa450edef68,0,0.0,0.0,0.0,0.0,0.0,0.0,0.0,0,0,0.0,false
wtk/src/org/apache/pivot/wtk/TextPane.java,481.0,16.0,371.0,35.0,97.0,90.0,0.0,null,0,0.0,0.0,0.0,0.0,0.0,0.0,0.0,0,1,0.0,false
wtk/src/org/apache/pivot/wtk/TextPaneCharacterListener.java,28.0,0.0,1.0,2.0,0.0,2.0,0.0,gbrown@13f79535-47bb-0310-9956-ffa450edef68,0,0.0,0.0,0.0,0.0,0.0,0.0,0.0,0,0,0.0,false
wtk/src/org/apache/pivot/wtk/TextPaneListener.java,25.0,1.0,1.0,2.0,0.0,2.0,0.0,gbrown@13f79535-47bb-0310-9956-ffa450edef68,0,0.0,0.0,0.0,0.0,0.0,0.0,0.0,0,0,0.0,false
wtk/src/org/apache/pivot/wtk/TextPaneSelectionListener.java,12.0,0.0,0.0,1.0,0.0,1.0,0.0,gbrown@13f79535-47bb-0310-9956-ffa450edef68,0,0.0,0.0,0.0,0.0,0.0,0.0,0.0,0,0,0.0,false
wtk/src/org/apache/pivot/wtk/Theme.java,126.0,23.0,14.0,8.0,15.0,23.0,0.0,gbrown@13f79535-47bb-0310-9956-ffa450edef68,0,0.0,0.0,0.0,0.0,0.0,0.0,0.0,0,1,0.0,false
wtk/src/org/apache/pivot/wtk/Tooltip.java,12.0,0.0,1.0,2.0,1.0,2.0,0.0,joes@13f79535-47bb-0310-9956-ffa450edef68,0,0.0,0.0,0.0,0.0,0.0,0.0,0.0,0,1,0.0,false
wtk/src/org/apache/pivot/wtk/TreeView.java,1077.0,12.0,963.0,51.0,94.0,167.0,6.0,gbrown@13f79535-47bb-0310-9956-ffa450edef68,1,0.009259259259259259,21.0,7.0,0.0,3.0,952.4742268041236,19626.844685048036,1,2,0.11778303565638351,false
wtk/src/org/apache/pivot/wtk/Window.java,772.0,11.0,1075.0,50.0,101.0,137.0,61.0,null,1,0.009259259259259259,3.0,0.0,0.0,0.0,952.4742268041236,19626.844685048036,1,4,0.11778303565638351,false
wtk/src/org/apache/pivot/wtk/WindowListener.java,66.0,2.0,21.0,7.0,0.0,7.0,0.0,noelgrandin@13f79535-47bb-0310-9956-ffa450edef68,0,0.0,0.0,0.0,0.0,0.0,0.0,0.0,0,0,0.0,false
wtk/src/org/apache/pivot/wtk/content/ButtonData.java,71.0,4.0,32.0,12.0,10.0,20.0,61.0,gbrown@13f79535-47bb-0310-9956-ffa450edef68,1,0.009259259259259259,8.0,0.0,0.0,0.0,952.4742268041236,19626.844685048036,1,0,0.11778303565638351,false
wtk/src/org/apache/pivot/wtk/content/ButtonDataRenderer.java,97.0,9.0,0.0,12.0,26.0,21.0,0.0,smartini@13f79535-47bb-0310-9956-ffa450edef68,0,0.0,0.0,0.0,0.0,0.0,0.0,0.0,0,0,0.0,false
wtk/src/org/apache/pivot/wtk/content/ColorItem.java,47.0,2.0,0.0,10.0,10.0,21.0,0.0,smartini@13f79535-47bb-0310-9956-ffa450edef68,0,0.0,0.0,0.0,0.0,0.0,0.0,0.0,0,0,0.0,false
wtk/src/org/apache/pivot/wtk/content/ListButtonColorItemRenderer.java,33.0,4.0,4.0,4.0,10.0,7.0,0.0,gbrown@13f79535-47bb-0310-9956-ffa450edef68,0,0.0,0.0,0.0,0.0,0.0,0.0,0.0,0,0,0.0,false
wtk/src/org/apache/pivot/wtk/content/ListItem.java,71.0,4.0,32.0,12.0,10.0,20.0,61.0,gbrown@13f79535-47bb-0310-9956-ffa450edef68,1,0.009259259259259259,9.0,0.0,0.0,0.0,952.4742268041236,19626.844685048036,1,0,0.11778303565638351,false
wtk/src/org/apache/pivot/wtk/content/ListViewColorItemRenderer.java,62.0,5.0,1.0,2.0,11.0,4.0,0.0,gbrown@13f79535-47bb-0310-9956-ffa450edef68,0,0.0,0.0,0.0,0.0,0.0,0.0,0.0,0,0,0.0,false
wtk/src/org/apache/pivot/wtk/content/ListViewItemEditor.java,109.0,12.0,27.0,11.0,47.0,24.0,5.0,gbrown@13f79535-47bb-0310-9956-ffa450edef68,1,0.009259259259259259,50.0,12.0,0.0,6.0,952.4742268041236,19626.844685048036,1,1,0.11778303565638351,false
wtk/src/org/apache/pivot/wtk/content/ListViewItemRenderer.java,110.0,11.0,0.0,14.0,31.0,28.0,0.0,gbrown@13f79535-47bb-0310-9956-ffa450edef68,0,0.0,0.0,0.0,0.0,0.0,0.0,0.0,0,0,0.0,false
wtk/src/org/apache/pivot/wtk/content/TableViewHeaderData.java,64.0,4.0,13.0,10.0,10.0,17.0,61.0,gbrown@13f79535-47bb-0310-9956-ffa450edef68,1,0.009259259259259259,11.0,0.0,0.0,0.0,952.4742268041236,19626.844685048036,1,0,0.11778303565638351,false
wtk/src/org/apache/pivot/wtk/content/TableViewImageCellRenderer.java,50.0,6.0,15.0,6.0,6.0,14.0,4.0,gbrown@13f79535-47bb-0310-9956-ffa450edef68,1,0.009259259259259259,22.0,0.0,0.0,0.0,952.4742268041236,19626.844685048036,1,0,0.11778303565638351,false
wtk/src/org/apache/pivot/wtk/content/TableViewRowEditor.java,229.0,25.0,51.0,19.0,82.0,45.0,3.0,gbrown@13f79535-47bb-0310-9956-ffa450edef68,1,0.009259259259259259,35.0,8.0,3.0,3.0,952.4742268041236,19626.844685048036,1,0,0.11778303565638351,false
wtk/src/org/apache/pivot/wtk/content/TableViewTextAreaCellRenderer.java,55.0,8.0,10.0,5.0,13.0,13.0,7.0,gbrown@13f79535-47bb-0310-9956-ffa450edef68,1,0.009259259259259259,8.0,0.0,0.0,0.0,952.4742268041236,19626.844685048036,1,2,0.11778303565638351,false
wtk/src/org/apache/pivot/wtk/content/TreeBranch.java,161.0,12.0,103.0,23.0,45.0,53.0,1.0,null,1,0.009259259259259259,7.0,0.0,7.0,0.0,952.4742268041236,19626.844685048036,1,0,0.11778303565638351,false
wtk/src/org/apache/pivot/wtk/content/TreeNode.java,79.0,4.0,51.0,14.0,10.0,23.0,61.0,gbrown@13f79535-47bb-0310-9956-ffa450edef68,1,0.009259259259259259,8.0,0.0,0.0,0.0,952.4742268041236,19626.844685048036,1,0,0.11778303565638351,false
wtk/src/org/apache/pivot/wtk/content/TreeViewNodeEditor.java,119.0,14.0,27.0,11.0,50.0,24.0,5.0,gbrown@13f79535-47bb-0310-9956-ffa450edef68,1,0.009259259259259259,53.0,13.0,0.0,7.0,952.4742268041236,19626.844685048036,1,1,0.11778303565638351,false
wtk/src/org/apache/pivot/wtk/content/TreeViewNodeRenderer.java,128.0,11.0,0.0,13.0,32.0,29.0,0.0,smartini@13f79535-47bb-0310-9956-ffa450edef68,0,0.0,0.0,0.0,0.0,0.0,0.0,0.0,0,0,0.0,false
wtk/src/org/apache/pivot/wtk/effects/ScaleDecorator.java,209.0,10.0,34.0,21.0,35.0,53.0,0.0,smartini@13f79535-47bb-0310-9956-ffa450edef68,0,0.0,0.0,0.0,0.0,0.0,0.0,0.0,0,1,0.0,false
wtk/src/org/apache/pivot/wtk/effects/TagDecorator.java,137.0,7.0,54.0,17.0,5.0,39.0,0.0,smartini@13f79535-47bb-0310-9956-ffa450edef68,0,0.0,0.0,0.0,0.0,0.0,0.0,0.0,0,0,0.0,false
wtk/src/org/apache/pivot/wtk/effects/WatermarkDecorator.java,225.0,18.0,167.0,22.0,53.0,48.0,61.0,gbrown@13f79535-47bb-0310-9956-ffa450edef68,1,0.009259259259259259,8.0,0.0,0.0,0.0,952.4742268041236,19626.844685048036,1,0,0.11778303565638351,true
wtk/src/org/apache/pivot/wtk/media/Drawing.java,49.0,8.0,0.0,6.0,13.0,15.0,0.0,gbrown@13f79535-47bb-0310-9956-ffa450edef68,0,0.0,0.0,0.0,0.0,0.0,0.0,0.0,0,3,0.0,false
wtk/src/org/apache/pivot/wtk/media/Image.java,94.0,14.0,13.0,6.0,5.0,12.0,0.0,gbrown@13f79535-47bb-0310-9956-ffa450edef68,0,0.0,0.0,0.0,0.0,0.0,0.0,0.0,0,2,0.0,false
wtk/src/org/apache/pivot/wtk/media/Picture.java,104.0,5.0,11.0,11.0,21.0,24.0,0.0,gbrown@13f79535-47bb-0310-9956-ffa450edef68,0,0.0,0.0,0.0,0.0,0.0,0.0,0.0,0,1,0.0,false
wtk/src/org/apache/pivot/wtk/media/SVGDiagramSerializer.java,20.0,8.0,3.0,3.0,3.0,7.0,0.0,gbrown@13f79535-47bb-0310-9956-ffa450edef68,0,0.0,0.0,0.0,0.0,0.0,0.0,0.0,0,0,0.0,false
wtk/src/org/apache/pivot/wtk/skin/BorderSkin.java,326.0,21.0,233.0,35.0,120.0,98.0,0.0,smartini@13f79535-47bb-0310-9956-ffa450edef68,0,0.0,0.0,0.0,0.0,0.0,0.0,0.0,0,4,0.0,false
wtk/src/org/apache/pivot/wtk/skin/BoxPaneSkin.java,411.0,9.0,51.0,22.0,58.0,67.0,0.0,smartini@13f79535-47bb-0310-9956-ffa450edef68,0,0.0,0.0,0.0,0.0,0.0,0.0,0.0,0,0,0.0,false
wtk/src/org/apache/pivot/wtk/skin/CalendarButtonSkin.java,219.0,21.0,74.0,25.0,83.0,55.0,0.0,gbrown@13f79535-47bb-0310-9956-ffa450edef68,0,0.0,0.0,0.0,0.0,0.0,0.0,0.0,0,8,0.0,false
wtk/src/org/apache/pivot/wtk/skin/CardPaneSkin.java,547.0,16.0,144.0,28.0,64.0,75.0,0.0,smartini@13f79535-47bb-0310-9956-ffa450edef68,0,0.0,0.0,0.0,0.0,0.0,0.0,0.0,0,1,0.0,false
wtk/src/org/apache/pivot/wtk/skin/CheckboxSkin.java,29.0,5.0,3.0,3.0,5.0,8.0,0.0,cbartlett@13f79535-47bb-0310-9956-ffa450edef68,0,0.0,0.0,0.0,0.0,0.0,0.0,0.0,0,3,0.0,false
wtk/src/org/apache/pivot/wtk/skin/ColorChooserButtonSkin.java,211.0,18.0,59.0,19.0,59.0,49.0,0.0,gbrown@13f79535-47bb-0310-9956-ffa450edef68,0,0.0,0.0,0.0,0.0,0.0,0.0,0.0,0,6,0.0,false
wtk/src/org/apache/pivot/wtk/skin/ComponentSkin.java,173.0,29.0,0.0,44.0,28.0,73.0,6.0,gbrown@13f79535-47bb-0310-9956-ffa450edef68,1,0.009259259259259259,3.0,0.0,0.0,0.0,952.4742268041236,19626.844685048036,1,6,0.11778303565638351,true
wtk/src/org/apache/pivot/wtk/skin/FlowPaneSkin.java,291.0,7.0,1.0,22.0,54.0,68.0,6.0,smartini@13f79535-47bb-0310-9956-ffa450edef68,1,0.009259259259259259,10.0,0.0,0.0,0.0,952.4742268041236,19626.844685048036,1,0,0.11778303565638351,false
wtk/src/org/apache/pivot/wtk/skin/ImageViewSkin.java,258.0,15.0,296.0,28.0,63.0,58.0,0.0,smartini@13f79535-47bb-0310-9956-ffa450edef68,0,0.0,0.0,0.0,0.0,0.0,0.0,0.0,0,1,0.0,false
wtk/src/org/apache/pivot/wtk/skin/LabelSkin.java,384.0,24.0,286.0,36.0,91.0,102.0,6.0,gbrown@13f79535-47bb-0310-9956-ffa450edef68,1,0.009259259259259259,3.0,0.0,0.0,0.0,952.4742268041236,19626.844685048036,1,6,0.11778303565638351,false
wtk/src/org/apache/pivot/wtk/skin/ListButtonSkin.java,291.0,20.0,196.0,28.0,108.0,71.0,0.0,gbrown@13f79535-47bb-0310-9956-ffa450edef68,0,0.0,0.0,0.0,0.0,0.0,0.0,0.0,0,9,0.0,false
wtk/src/org/apache/pivot/wtk/skin/MenuBarItemSkin.java,120.0,14.0,41.0,14.0,54.0,30.0,0.0,smartini@13f79535-47bb-0310-9956-ffa450edef68,0,0.0,0.0,0.0,0.0,0.0,0.0,0.0,0,1,0.0,false
wtk/src/org/apache/pivot/wtk/skin/MenuButtonSkin.java,140.0,15.0,0.0,15.0,49.0,36.0,3.0,gbrown@13f79535-47bb-0310-9956-ffa450edef68,1,0.009259259259259259,6.0,0.0,6.0,0.0,952.4742268041236,19626.844685048036,1,5,0.11778303565638351,false
wtk/src/org/apache/pivot/wtk/skin/MovieViewSkin.java,161.0,12.0,110.0,20.0,48.0,44.0,0.0,cbartlett@13f79535-47bb-0310-9956-ffa450edef68,0,0.0,0.0,0.0,0.0,0.0,0.0,0.0,0,0,0.0,false
wtk/src/org/apache/pivot/wtk/skin/PushButtonSkin.java,67.0,5.0,0.0,8.0,8.0,17.0,0.0,cbartlett@13f79535-47bb-0310-9956-ffa450edef68,0,0.0,0.0,0.0,0.0,0.0,0.0,0.0,0,3,0.0,false
wtk/src/org/apache/pivot/wtk/skin/RadioButtonSkin.java,29.0,5.0,3.0,3.0,5.0,8.0,0.0,cbartlett@13f79535-47bb-0310-9956-ffa450edef68,0,0.0,0.0,0.0,0.0,0.0,0.0,0.0,0,3,0.0,false
wtk/src/org/apache/pivot/wtk/skin/ScrollPaneSkin.java,726.0,21.0,200.0,32.0,178.0,80.0,0.0,smartini@13f79535-47bb-0310-9956-ffa450edef68,0,0.0,0.0,0.0,0.0,0.0,0.0,0.0,0,2,0.0,false
wtk/src/org/apache/pivot/wtk/skin/SeparatorSkin.java,197.0,18.0,150.0,28.0,78.0,75.0,0.0,smartini@13f79535-47bb-0310-9956-ffa450edef68,0,0.0,0.0,0.0,0.0,0.0,0.0,0.0,0,2,0.0,false
wtk/src/org/apache/pivot/wtk/skin/TextAreaSkin.java,937.0,26.0,1618.0,68.0,239.0,192.0,1.0,gbrown@13f79535-47bb-0310-9956-ffa450edef68,1,0.009259259259259259,5.0,2.0,0.0,0.0,952.4742268041236,19626.844685048036,1,12,0.11778303565638351,true
wtk/src/org/apache/pivot/wtk/skin/TextAreaSkinParagraphView.java,286.0,17.0,160.0,28.0,105.0,72.0,0.0,noelgrandin@13f79535-47bb-0310-9956-ffa450edef68,0,0.0,0.0,0.0,0.0,0.0,0.0,0.0,0,3,0.0,true
wtk/src/org/apache/pivot/wtk/skin/TextPaneSkin.java,842.0,31.0,1093.0,58.0,168.0,176.0,6.0,noelgrandin@13f79535-47bb-0310-9956-ffa450edef68,1,0.009259259259259259,4.0,0.0,0.0,0.0,952.4742268041236,19626.844685048036,1,0,0.11778303565638351,false
wtk/src/org/apache/pivot/wtk/skin/TextPaneSkinBlockView.java,18.0,3.0,6.0,4.0,7.0,4.0,0.0,noelgrandin@13f79535-47bb-0310-9956-ffa450edef68,0,0.0,0.0,0.0,0.0,0.0,0.0,0.0,0,0,0.0,false
wtk/src/org/apache/pivot/wtk/skin/TextPaneSkinBulletedListView.java,40.0,2.0,10.0,5.0,13.0,9.0,0.0,noelgrandin@13f79535-47bb-0310-9956-ffa450edef68,0,0.0,0.0,0.0,0.0,0.0,0.0,0.0,0,0,0.0,false
wtk/src/org/apache/pivot/wtk/skin/TextPaneSkinComponentNodeView.java,77.0,7.0,89.0,14.0,28.0,25.0,0.0,noelgrandin@13f79535-47bb-0310-9956-ffa450edef68,0,0.0,0.0,0.0,0.0,0.0,0.0,0.0,0,0,0.0,false
wtk/src/org/apache/pivot/wtk/skin/TextPaneSkinDocumentView.java,22.0,1.0,6.0,4.0,4.0,5.0,0.0,noelgrandin@13f79535-47bb-0310-9956-ffa450edef68,0,0.0,0.0,0.0,0.0,0.0,0.0,0.0,0,0,0.0,false
wtk/src/org/apache/pivot/wtk/skin/TextPaneSkinElementView.java,138.0,12.0,175.0,22.0,57.0,45.0,0.0,noelgrandin@13f79535-47bb-0310-9956-ffa450edef68,0,0.0,0.0,0.0,0.0,0.0,0.0,0.0,0,0,0.0,false
wtk/src/org/apache/pivot/wtk/skin/TextPaneSkinImageNodeView.java,77.0,7.0,120.0,16.0,26.0,27.0,0.0,noelgrandin@13f79535-47bb-0310-9956-ffa450edef68,0,0.0,0.0,0.0,0.0,0.0,0.0,0.0,0,0,0.0,false
wtk/src/org/apache/pivot/wtk/skin/TextPaneSkinListItemView.java,45.0,2.0,0.0,5.0,18.0,9.0,0.0,noelgrandin@13f79535-47bb-0310-9956-ffa450edef68,0,0.0,0.0,0.0,0.0,0.0,0.0,0.0,0,0,0.0,false
wtk/src/org/apache/pivot/wtk/skin/TextPaneSkinListView.java,15.0,1.0,3.0,3.0,2.0,5.0,3.0,noelgrandin@13f79535-47bb-0310-9956-ffa450edef68,1,0.009259259259259259,12.0,12.0,0.0,0.0,952.4742268041236,19626.844685048036,1,0,0.11778303565638351,false
wtk/src/org/apache/pivot/wtk/skin/TextPaneSkinNodeView.java,137.0,9.0,485.0,39.0,15.0,60.0,0.0,noelgrandin@13f79535-47bb-0310-9956-ffa450edef68,0,0.0,0.0,0.0,0.0,0.0,0.0,0.0,0,0,0.0,false
wtk/src/org/apache/pivot/wtk/skin/TextPaneSkinNumberedListView.java,73.0,4.0,21.0,7.0,18.0,15.0,0.0,noelgrandin@13f79535-47bb-0310-9956-ffa450edef68,0,0.0,0.0,0.0,0.0,0.0,0.0,0.0,0,0,0.0,false
wtk/src/org/apache/pivot/wtk/skin/TextPaneSkinParagraphView.java,232.0,9.0,7.0,10.0,50.0,41.0,0.0,noelgrandin@13f79535-47bb-0310-9956-ffa450edef68,0,0.0,0.0,0.0,0.0,0.0,0.0,0.0,0,0,0.0,false
wtk/src/org/apache/pivot/wtk/skin/TextPaneSkinSpanView.java,93.0,5.0,49.0,11.0,38.0,34.0,0.0,noelgrandin@13f79535-47bb-0310-9956-ffa450edef68,0,0.0,0.0,0.0,0.0,0.0,0.0,0.0,0,0,0.0,false
wtk/src/org/apache/pivot/wtk/skin/TextPaneSkinTextNodeView.java,296.0,19.0,169.0,23.0,99.0,66.0,0.0,noelgrandin@13f79535-47bb-0310-9956-ffa450edef68,0,0.0,0.0,0.0,0.0,0.0,0.0,0.0,0,0,0.0,false
wtk/src/org/apache/pivot/wtk/skin/TextPaneSkinVerticalElementView.java,123.0,5.0,49.0,11.0,36.0,34.0,0.0,noelgrandin@13f79535-47bb-0310-9956-ffa450edef68,0,0.0,0.0,0.0,0.0,0.0,0.0,0.0,0,0,0.0,false
wtk/src/org/apache/pivot/wtk/skin/WindowSkin.java,77.0,15.0,171.0,19.0,22.0,26.0,0.0,gbrown@13f79535-47bb-0310-9956-ffa450edef68,0,0.0,0.0,0.0,0.0,0.0,0.0,0.0,0,0,0.0,false
wtk/src/org/apache/pivot/wtk/text/BulletedList.java,49.0,1.0,7.0,6.0,1.0,11.0,0.0,noelgrandin@13f79535-47bb-0310-9956-ffa450edef68,0,0.0,0.0,0.0,0.0,0.0,0.0,0.0,0,2,0.0,false
wtk/src/org/apache/pivot/wtk/text/Document.java,23.0,0.0,10.0,5.0,1.0,9.0,0.0,noelgrandin@13f79535-47bb-0310-9956-ffa450edef68,0,0.0,0.0,0.0,0.0,0.0,0.0,0.0,0,1,0.0,false
wtk/src/org/apache/pivot/wtk/text/Element.java,496.0,11.0,366.0,37.0,103.0,116.0,0.0,gbrown@13f79535-47bb-0310-9956-ffa450edef68,0,0.0,0.0,0.0,0.0,0.0,0.0,0.0,0,3,0.0,false
wtk/src/org/apache/pivot/wtk/text/ImageNode.java,97.0,5.0,88.0,16.0,16.0,32.0,61.0,gbrown@13f79535-47bb-0310-9956-ffa450edef68,1,0.009259259259259259,8.0,0.0,0.0,0.0,952.4742268041236,19626.844685048036,1,2,0.11778303565638351,false
wtk/src/org/apache/pivot/wtk/text/NumberedList.java,46.0,1.0,7.0,6.0,1.0,11.0,0.0,noelgrandin@13f79535-47bb-0310-9956-ffa450edef68,0,0.0,0.0,0.0,0.0,0.0,0.0,0.0,0,2,0.0,false
wtk/src/org/apache/pivot/wtk/text/PlainTextSerializer.java,72.0,11.0,22.0,9.0,15.0,24.0,0.0,gbrown@13f79535-47bb-0310-9956-ffa450edef68,0,0.0,0.0,0.0,0.0,0.0,0.0,0.0,0,1,0.0,false
wtk/src/org/apache/pivot/wtk/text/TextNode.java,121.0,1.0,59.0,18.0,26.0,45.0,0.0,gbrown@13f79535-47bb-0310-9956-ffa450edef68,0,0.0,0.0,0.0,0.0,0.0,0.0,0.0,0,3,0.0,false
