name,LOC,CBO,LCOM,NOM,RFC,WMC,ACS,Ownership,numOfChanges,numberOfFIChanges,ENH,NF,BugFixing,REF,structuralWorkloadSum,semanticWorkloadSum,numberOfDeveloper,pastFaults,MAF,isBuggy
core/src/org/apache/pivot/beans/BXMLSerializer.java,1084.0,44.0,703.0,47.0,161.0,150.0,1.0,gbrown@13f79535-47bb-0310-9956-ffa450edef68,1,0.017857142857142856,2.0,0.0,2.0,0.0,194.0,580.0307126569444,1,6,0.7308875085427924,false
core/src/org/apache/pivot/collections/ArrayList.java,394.0,7.0,259.0,43.0,61.0,108.0,1.0,smartini@13f79535-47bb-0310-9956-ffa450edef68,1,0.017857142857142856,6.0,6.0,6.0,0.0,113.33333333333333,1541.479508052551,1,4,1.0445450673978338,false
core/src/org/apache/pivot/collections/adapter/ListAdapter.java,159.0,11.0,0.0,17.0,33.0,49.0,0.0,smartini@13f79535-47bb-0310-9956-ffa450edef68,0,0.0,0.0,0.0,0.0,0.0,0.0,0.0,0,1,0.0,false
core/src/org/apache/pivot/collections/concurrent/SynchronizedList.java,101.0,7.0,0.0,15.0,22.0,32.0,0.0,joes@13f79535-47bb-0310-9956-ffa450edef68,0,0.0,0.0,0.0,0.0,0.0,0.0,0.0,0,1,0.0,false
core/src/org/apache/pivot/json/JSONSerializer.java,856.0,28.0,471.0,38.0,107.0,145.0,0.0,gbrown@13f79535-47bb-0310-9956-ffa450edef68,0,0.0,0.0,0.0,0.0,0.0,0.0,0.0,0,6,0.0,true
core/src/org/apache/pivot/serialization/CSVSerializer.java,354.0,23.0,110.0,21.0,36.0,64.0,0.0,gbrown@13f79535-47bb-0310-9956-ffa450edef68,0,0.0,0.0,0.0,0.0,0.0,0.0,0.0,0,5,0.0,false
core/src/org/apache/pivot/serialization/StringSerializer.java,72.0,7.0,9.0,6.0,8.0,19.0,0.0,smartini@13f79535-47bb-0310-9956-ffa450edef68,0,0.0,0.0,0.0,0.0,0.0,0.0,0.0,0,0,0.0,false
core/src/org/apache/pivot/util/TypeLiteral.java,23.0,2.0,0.0,2.0,3.0,5.0,0.0,smartini@13f79535-47bb-0310-9956-ffa450edef68,0,0.0,0.0,0.0,0.0,0.0,0.0,0.0,0,2,0.0,false
core/test/org/apache/pivot/json/test/BindTest.java,121.0,12.0,36.0,9.0,54.0,27.0,0.0,gbrown@13f79535-47bb-0310-9956-ffa450edef68,0,0.0,0.0,0.0,0.0,0.0,0.0,0.0,0,1,0.0,false
core/test/org/apache/pivot/json/test/SampleBean1.java,51.0,2.0,77.0,14.0,0.0,21.0,0.0,gbrown@13f79535-47bb-0310-9956-ffa450edef68,0,0.0,0.0,0.0,0.0,0.0,0.0,0.0,0,0,0.0,false
core/test/org/apache/pivot/json/test/SampleBean2.java,23.0,0.0,9.0,6.0,0.0,9.0,0.0,gbrown@13f79535-47bb-0310-9956-ffa450edef68,0,0.0,0.0,0.0,0.0,0.0,0.0,0.0,0,0,0.0,false
core/test/org/apache/pivot/json/test/SampleBean2Dictionary.java,15.0,2.0,0.0,4.0,4.0,8.0,0.0,rwhitcomb@13f79535-47bb-0310-9956-ffa450edef68,0,0.0,0.0,0.0,0.0,0.0,0.0,0.0,0,0,0.0,false
core/test/org/apache/pivot/json/test/SampleBean2DictionarySubclass.java,3.0,0.0,0.0,0.0,0.0,0.0,0.0,gbrown@13f79535-47bb-0310-9956-ffa450edef68,0,0.0,0.0,0.0,0.0,0.0,0.0,0.0,0,0,0.0,false
core/test/org/apache/pivot/json/test/SampleBean2List.java,3.0,1.0,0.0,0.0,0.0,0.0,0.0,gbrown@13f79535-47bb-0310-9956-ffa450edef68,0,0.0,0.0,0.0,0.0,0.0,0.0,0.0,0,0,0.0,false
core/test/org/apache/pivot/json/test/SampleBean2ListSubclass.java,3.0,0.0,0.0,0.0,0.0,0.0,0.0,gbrown@13f79535-47bb-0310-9956-ffa450edef68,0,0.0,0.0,0.0,0.0,0.0,0.0,0.0,0,0,0.0,false
core/test/org/apache/pivot/json/test/SampleBean2Map.java,3.0,1.0,0.0,0.0,0.0,0.0,0.0,gbrown@13f79535-47bb-0310-9956-ffa450edef68,0,0.0,0.0,0.0,0.0,0.0,0.0,0.0,0,0,0.0,false
core/test/org/apache/pivot/json/test/SampleBean2MapSubclass.java,3.0,0.0,0.0,0.0,0.0,0.0,0.0,gbrown@13f79535-47bb-0310-9956-ffa450edef68,0,0.0,0.0,0.0,0.0,0.0,0.0,0.0,0,0,0.0,false
core/test/org/apache/pivot/json/test/SampleBean2Sequence.java,27.0,2.0,0.0,8.0,8.0,15.0,0.0,rwhitcomb@13f79535-47bb-0310-9956-ffa450edef68,0,0.0,0.0,0.0,0.0,0.0,0.0,0.0,0,0,0.0,false
core/test/org/apache/pivot/json/test/SampleBean2SequenceSubclass.java,3.0,0.0,0.0,0.0,0.0,0.0,0.0,gbrown@13f79535-47bb-0310-9956-ffa450edef68,0,0.0,0.0,0.0,0.0,0.0,0.0,0.0,0,0,0.0,false
core/test/org/apache/pivot/serialization/test/ByteArraySerializerTest.java,32.0,9.0,1.0,3.0,14.0,5.0,0.0,tvolkert@13f79535-47bb-0310-9956-ffa450edef68,0,0.0,0.0,0.0,0.0,0.0,0.0,0.0,0,0,0.0,false
core/test/org/apache/pivot/serialization/test/StringSerializerTest.java,34.0,10.0,1.0,3.0,16.0,5.0,0.0,tvolkert@13f79535-47bb-0310-9956-ffa450edef68,0,0.0,0.0,0.0,0.0,0.0,0.0,0.0,0,0,0.0,false
demos/src/org/apache/pivot/demos/styles/ColorSchemeBuilderWindow.java,163.0,33.0,29.0,10.0,81.0,20.0,0.0,smartini@13f79535-47bb-0310-9956-ffa450edef68,0,0.0,0.0,0.0,0.0,0.0,0.0,0.0,0,2,0.0,false
eclipse/src/org/apache/pivot/eclipse/PivotApplicationLaunchShortcut.java,80.0,19.0,10.0,5.0,39.0,17.0,0.0,gbrown@13f79535-47bb-0310-9956-ffa450edef68,0,0.0,0.0,0.0,0.0,0.0,0.0,0.0,0,0,0.0,false
examples/src/org/apache/pivot/examples/builder/BuilderExample.java,56.0,6.0,8.0,5.0,13.0,9.0,0.0,gbrown@13f79535-47bb-0310-9956-ffa450edef68,0,0.0,0.0,0.0,0.0,0.0,0.0,0.0,0,1,0.0,false
examples/src/org/apache/pivot/examples/builder/MyWindow.java,9.0,7.0,0.0,2.0,1.0,3.0,0.0,gbrown@13f79535-47bb-0310-9956-ffa450edef68,0,0.0,0.0,0.0,0.0,0.0,0.0,0.0,0,0,0.0,false
examples/src/org/apache/pivot/examples/deployment/DeploymentExample.java,18.0,5.0,4.0,4.0,3.0,7.0,0.0,gbrown@13f79535-47bb-0310-9956-ffa450edef68,0,0.0,0.0,0.0,0.0,0.0,0.0,0.0,0,0,0.0,false
tests/src/org/apache/pivot/tests/EnumBean.java,258.0,31.0,2484.0,72.0,0.0,110.0,2.0,gbrown@13f79535-47bb-0310-9956-ffa450edef68,1,0.017857142857142856,17.0,0.0,17.0,0.0,113.33333333333333,1541.479508052551,1,0,1.0445450673978338,false
tests/src/org/apache/pivot/tests/EnumBeanTest.java,39.0,5.0,3.0,3.0,17.0,6.0,0.0,cbartlett@13f79535-47bb-0310-9956-ffa450edef68,0,0.0,0.0,0.0,0.0,0.0,0.0,0.0,0,0,0.0,false
tests/src/org/apache/pivot/tests/issues/Pivot686.java,45.0,10.0,13.0,7.0,20.0,10.0,2.0,smartini@13f79535-47bb-0310-9956-ffa450edef68,1,0.017857142857142856,33.0,0.0,0.0,0.0,194.0,580.0307126569444,1,0,0.7308875085427924,false
tests/src/org/apache/pivot/tests/issues/Pivot714.java,59.0,14.0,30.0,9.0,14.0,15.0,2.0,smartini@13f79535-47bb-0310-9956-ffa450edef68,1,0.017857142857142856,29.0,14.0,14.0,0.0,194.0,580.0307126569444,1,0,0.7308875085427924,false
tests/src/org/apache/pivot/tests/issues/Pivot718.java,85.0,17.0,147.0,18.0,41.0,21.0,2.0,smartini@13f79535-47bb-0310-9956-ffa450edef68,1,0.017857142857142856,14.0,0.0,0.0,0.0,194.0,580.0307126569444,1,0,0.7308875085427924,false
web-server/src/org/apache/pivot/web/server/QueryServlet.java,421.0,22.0,352.0,28.0,108.0,85.0,2.0,gbrown@13f79535-47bb-0310-9956-ffa450edef68,1,0.017857142857142856,3.0,0.0,3.0,0.0,113.33333333333333,1541.479508052551,1,10,1.0445450673978338,false
wtk-terra/src/org/apache/pivot/wtk/skin/terra/TerraAccordionSkin.java,682.0,33.0,980.0,53.0,155.0,127.0,0.0,gbrown@13f79535-47bb-0310-9956-ffa450edef68,0,0.0,0.0,0.0,0.0,0.0,0.0,0.0,0,3,0.0,false
wtk-terra/src/org/apache/pivot/wtk/skin/terra/TerraCalendarSkin.java,663.0,40.0,896.0,49.0,149.0,121.0,1.0,gbrown@13f79535-47bb-0310-9956-ffa450edef68,1,0.017857142857142856,5.0,0.0,0.0,0.0,95.60000000000001,298.3544908557622,1,4,1.791759469228055,false
wtk-terra/src/org/apache/pivot/wtk/skin/terra/TerraFileBrowserSkin.java,777.0,57.0,368.0,36.0,142.0,87.0,1.0,gbrown@13f79535-47bb-0310-9956-ffa450edef68,1,0.017857142857142856,4.0,0.0,0.0,0.0,194.0,580.0307126569444,1,5,0.7308875085427924,false
wtk-terra/src/org/apache/pivot/wtk/skin/terra/TerraFormSkin.java,866.0,31.0,1290.0,61.0,214.0,145.0,0.0,gbrown@13f79535-47bb-0310-9956-ffa450edef68,0,0.0,0.0,0.0,0.0,0.0,0.0,0.0,0,6,0.0,false
wtk-terra/src/org/apache/pivot/wtk/skin/terra/TerraListViewSkin.java,895.0,29.0,3640.0,92.0,287.0,231.0,0.0,gbrown@13f79535-47bb-0310-9956-ffa450edef68,0,0.0,0.0,0.0,0.0,0.0,0.0,0.0,0,13,0.0,false
wtk-terra/src/org/apache/pivot/wtk/skin/terra/TerraTableViewSkin.java,1119.0,30.0,6562.0,121.0,343.0,290.0,0.0,gbrown@13f79535-47bb-0310-9956-ffa450edef68,0,0.0,0.0,0.0,0.0,0.0,0.0,0.0,0,10,0.0,false
wtk-terra/src/org/apache/pivot/wtk/skin/terra/TerraTreeViewSkin.java,1527.0,36.0,7370.0,128.0,402.0,313.0,0.0,gbrown@13f79535-47bb-0310-9956-ffa450edef68,0,0.0,0.0,0.0,0.0,0.0,0.0,0.0,0,6,0.0,false
wtk/src/org/apache/pivot/wtk/Alert.java,251.0,9.0,22.0,25.0,30.0,47.0,0.0,gbrown@13f79535-47bb-0310-9956-ffa450edef68,0,0.0,0.0,0.0,0.0,0.0,0.0,0.0,0,5,0.0,false
wtk/src/org/apache/pivot/wtk/ApplicationContext.java,1346.0,46.0,141.0,18.0,41.0,67.0,0.0,gbrown@13f79535-47bb-0310-9956-ffa450edef68,0,0.0,0.0,0.0,0.0,0.0,0.0,0.0,0,10,0.0,false
wtk/src/org/apache/pivot/wtk/DesktopApplicationContext.java,577.0,20.0,43.0,14.0,116.0,48.0,0.0,gbrown@13f79535-47bb-0310-9956-ffa450edef68,0,0.0,0.0,0.0,0.0,0.0,0.0,0.0,0,7,0.0,false
wtk/src/org/apache/pivot/wtk/GridPane.java,320.0,6.0,68.0,13.0,16.0,34.0,2.0,gbrown@13f79535-47bb-0310-9956-ffa450edef68,1,0.017857142857142856,7.0,0.0,0.0,0.0,194.0,580.0307126569444,1,3,0.7308875085427924,false
wtk/src/org/apache/pivot/wtk/Keyboard.java,18.0,3.0,0.0,1.0,1.0,2.0,2.0,smartini@13f79535-47bb-0310-9956-ffa450edef68,1,0.017857142857142856,8.0,0.0,0.0,0.0,194.0,580.0307126569444,1,0,0.7308875085427924,false
wtk/src/org/apache/pivot/wtk/ListButton.java,565.0,16.0,760.0,48.0,66.0,110.0,0.0,gbrown@13f79535-47bb-0310-9956-ffa450edef68,0,0.0,0.0,0.0,0.0,0.0,0.0,0.0,0,6,0.0,true
wtk/src/org/apache/pivot/wtk/ListView.java,1155.0,16.0,2473.0,82.0,133.0,229.0,0.0,gbrown@13f79535-47bb-0310-9956-ffa450edef68,0,0.0,0.0,0.0,0.0,0.0,0.0,0.0,0,9,0.0,true
wtk/src/org/apache/pivot/wtk/Platform.java,104.0,7.0,34.0,9.0,10.0,22.0,2.0,smartini@13f79535-47bb-0310-9956-ffa450edef68,1,0.017857142857142856,11.0,0.0,0.0,0.0,194.0,580.0307126569444,1,1,0.7308875085427924,false
wtk/src/org/apache/pivot/wtk/Prompt.java,216.0,9.0,53.0,22.0,26.0,39.0,0.0,gbrown@13f79535-47bb-0310-9956-ffa450edef68,0,0.0,0.0,0.0,0.0,0.0,0.0,0.0,0,7,0.0,false
wtk/src/org/apache/pivot/wtk/Spinner.java,501.0,11.0,463.0,39.0,56.0,90.0,0.0,gbrown@13f79535-47bb-0310-9956-ffa450edef68,0,0.0,0.0,0.0,0.0,0.0,0.0,0.0,0,6,0.0,true
wtk/src/org/apache/pivot/wtk/SuggestionPopup.java,338.0,8.0,303.0,30.0,43.0,66.0,0.0,gbrown@13f79535-47bb-0310-9956-ffa450edef68,0,0.0,0.0,0.0,0.0,0.0,0.0,0.0,0,3,0.0,false
wtk/src/org/apache/pivot/wtk/TableView.java,1533.0,22.0,2288.0,77.0,140.0,219.0,2.0,gbrown@13f79535-47bb-0310-9956-ffa450edef68,1,0.017857142857142856,2.0,0.0,0.0,0.0,194.0,580.0307126569444,1,9,0.7308875085427924,true
wtk/src/org/apache/pivot/wtk/TextInput.java,666.0,7.0,1016.0,53.0,94.0,121.0,0.0,gbrown@13f79535-47bb-0310-9956-ffa450edef68,0,0.0,0.0,0.0,0.0,0.0,0.0,0.0,0,12,0.0,true
wtk/src/org/apache/pivot/wtk/TextPane.java,538.0,17.0,400.0,36.0,105.0,93.0,2.0,null,1,0.017857142857142856,10.0,0.0,0.0,0.0,113.33333333333333,1541.479508052551,1,1,1.0445450673978338,false
wtk/src/org/apache/pivot/wtk/TreeView.java,1142.0,12.0,959.0,51.0,102.0,168.0,0.0,gbrown@13f79535-47bb-0310-9956-ffa450edef68,0,0.0,0.0,0.0,0.0,0.0,0.0,0.0,0,2,0.0,false
wtk/src/org/apache/pivot/wtk/TreeViewSelectionListener.java,42.0,2.0,6.0,4.0,0.0,4.0,0.0,gbrown@13f79535-47bb-0310-9956-ffa450edef68,0,0.0,0.0,0.0,0.0,0.0,0.0,0.0,0,0,0.0,false
wtk/src/org/apache/pivot/wtk/content/ListViewItemEditor.java,113.0,12.0,30.0,12.0,48.0,26.0,0.0,gbrown@13f79535-47bb-0310-9956-ffa450edef68,0,0.0,0.0,0.0,0.0,0.0,0.0,0.0,0,1,0.0,false
wtk/src/org/apache/pivot/wtk/content/TableViewBooleanCellRenderer.java,45.0,6.0,7.0,6.0,11.0,12.0,0.0,gbrown@13f79535-47bb-0310-9956-ffa450edef68,0,0.0,0.0,0.0,0.0,0.0,0.0,0.0,0,0,0.0,false
wtk/src/org/apache/pivot/wtk/content/TableViewCellRenderer.java,49.0,8.0,10.0,5.0,13.0,11.0,0.0,gbrown@13f79535-47bb-0310-9956-ffa450edef68,0,0.0,0.0,0.0,0.0,0.0,0.0,0.0,0,0,0.0,false
wtk/src/org/apache/pivot/wtk/content/TableViewDateCellRenderer.java,39.0,6.0,0.0,4.0,6.0,11.0,0.0,gbrown@13f79535-47bb-0310-9956-ffa450edef68,0,0.0,0.0,0.0,0.0,0.0,0.0,0.0,0,0,0.0,false
wtk/src/org/apache/pivot/wtk/content/TableViewFileSizeCellRenderer.java,20.0,4.0,1.0,2.0,6.0,6.0,0.0,gbrown@13f79535-47bb-0310-9956-ffa450edef68,0,0.0,0.0,0.0,0.0,0.0,0.0,0.0,0,0,0.0,false
wtk/src/org/apache/pivot/wtk/content/TableViewImageCellRenderer.java,43.0,5.0,15.0,6.0,6.0,14.0,0.0,gbrown@13f79535-47bb-0310-9956-ffa450edef68,0,0.0,0.0,0.0,0.0,0.0,0.0,0.0,0,0,0.0,false
wtk/src/org/apache/pivot/wtk/content/TableViewMultiCellRenderer.java,243.0,9.0,39.0,15.0,18.0,37.0,0.0,gbrown@13f79535-47bb-0310-9956-ffa450edef68,0,0.0,0.0,0.0,0.0,0.0,0.0,0.0,0,0,0.0,false
wtk/src/org/apache/pivot/wtk/content/TableViewNumberCellRenderer.java,34.0,5.0,0.0,5.0,6.0,12.0,0.0,gbrown@13f79535-47bb-0310-9956-ffa450edef68,0,0.0,0.0,0.0,0.0,0.0,0.0,0.0,0,0,0.0,false
wtk/src/org/apache/pivot/wtk/content/TableViewRowEditor.java,238.0,25.0,68.0,20.0,84.0,49.0,1.0,gbrown@13f79535-47bb-0310-9956-ffa450edef68,1,0.017857142857142856,3.0,0.0,0.0,0.0,194.0,580.0307126569444,1,1,0.7308875085427924,false
wtk/src/org/apache/pivot/wtk/content/TableViewTextAreaCellRenderer.java,48.0,7.0,10.0,5.0,13.0,11.0,0.0,gbrown@13f79535-47bb-0310-9956-ffa450edef68,0,0.0,0.0,0.0,0.0,0.0,0.0,0.0,0,2,0.0,false
wtk/src/org/apache/pivot/wtk/content/TreeViewNodeEditor.java,123.0,14.0,30.0,12.0,51.0,26.0,1.0,gbrown@13f79535-47bb-0310-9956-ffa450edef68,1,0.017857142857142856,7.0,0.0,7.0,0.0,95.60000000000001,298.3544908557622,1,1,1.791759469228055,false
wtk/src/org/apache/pivot/wtk/skin/BorderSkin.java,326.0,21.0,233.0,35.0,120.0,98.0,1.0,smartini@13f79535-47bb-0310-9956-ffa450edef68,1,0.017857142857142856,8.0,0.0,8.0,0.0,95.60000000000001,298.3544908557622,1,4,1.791759469228055,false
wtk/src/org/apache/pivot/wtk/skin/CalendarButtonSkin.java,219.0,21.0,74.0,25.0,84.0,55.0,4.0,gbrown@13f79535-47bb-0310-9956-ffa450edef68,1,0.017857142857142856,3.0,0.0,0.0,0.0,95.60000000000001,298.3544908557622,1,8,1.791759469228055,false
wtk/src/org/apache/pivot/wtk/skin/ColorChooserButtonSkin.java,211.0,18.0,59.0,19.0,60.0,49.0,4.0,gbrown@13f79535-47bb-0310-9956-ffa450edef68,1,0.017857142857142856,5.0,0.0,0.0,0.0,95.60000000000001,298.3544908557622,1,6,1.791759469228055,false
wtk/src/org/apache/pivot/wtk/skin/ListButtonSkin.java,291.0,20.0,196.0,28.0,109.0,71.0,4.0,gbrown@13f79535-47bb-0310-9956-ffa450edef68,1,0.017857142857142856,3.0,0.0,0.0,0.0,95.60000000000001,298.3544908557622,1,9,1.791759469228055,false
wtk/src/org/apache/pivot/wtk/skin/MenuButtonSkin.java,132.0,15.0,0.0,14.0,47.0,34.0,4.0,gbrown@13f79535-47bb-0310-9956-ffa450edef68,1,0.017857142857142856,6.0,0.0,0.0,0.0,95.60000000000001,298.3544908557622,1,6,1.791759469228055,false
wtk/src/org/apache/pivot/wtk/skin/TextAreaSkin.java,939.0,26.0,1618.0,68.0,240.0,192.0,1.0,gbrown@13f79535-47bb-0310-9956-ffa450edef68,1,0.017857142857142856,3.0,0.0,2.0,2.0,113.33333333333333,1541.479508052551,1,12,1.0445450673978338,true
wtk/src/org/apache/pivot/wtk/skin/TextAreaSkinParagraphView.java,287.0,17.0,150.0,28.0,106.0,72.0,1.0,noelgrandin@13f79535-47bb-0310-9956-ffa450edef68,1,0.017857142857142856,5.0,0.0,5.0,0.0,113.33333333333333,1541.479508052551,1,3,1.0445450673978338,true
wtk/src/org/apache/pivot/wtk/skin/TextPaneSkin.java,842.0,31.0,1093.0,58.0,168.0,176.0,7.0,noelgrandin@13f79535-47bb-0310-9956-ffa450edef68,1,0.017857142857142856,12.0,0.0,4.0,0.0,113.33333333333333,1541.479508052551,1,0,1.0445450673978338,false
wtk/src/org/apache/pivot/wtk/skin/TextPaneSkinElementView.java,138.0,12.0,175.0,22.0,57.0,45.0,4.0,noelgrandin@13f79535-47bb-0310-9956-ffa450edef68,1,0.017857142857142856,38.0,8.0,8.0,0.0,113.33333333333333,1541.479508052551,1,0,1.0445450673978338,false
wtk/src/org/apache/pivot/wtk/skin/TextPaneSkinListView.java,15.0,1.0,3.0,3.0,2.0,5.0,13.0,noelgrandin@13f79535-47bb-0310-9956-ffa450edef68,1,0.017857142857142856,12.0,0.0,12.0,0.0,113.33333333333333,1541.479508052551,1,0,1.0445450673978338,false
wtk/src/org/apache/pivot/wtk/text/Element.java,496.0,11.0,366.0,37.0,103.0,116.0,2.0,gbrown@13f79535-47bb-0310-9956-ffa450edef68,1,0.017857142857142856,6.0,0.0,0.0,0.0,113.33333333333333,1541.479508052551,1,3,1.0445450673978338,false
wtk/src/org/apache/pivot/wtk/text/Span.java,26.0,0.0,15.0,6.0,3.0,11.0,2.0,noelgrandin@13f79535-47bb-0310-9956-ffa450edef68,2,0.03571428571428571,17.0,8.0,0.0,0.0,208.93333333333334,1839.833998908313,2,2,0.7250050877529991,false
