name,LOC,CBO,LCOM,NOM,RFC,WMC,ACS,Ownership,numOfChanges,numberOfFIChanges,ENH,NF,BugFixing,REF,structuralWorkloadSum,semanticWorkloadSum,numberOfDeveloper,pastFaults,MAF,isBuggy
core/src/org/apache/pivot/beans/BeanAdapter.java,640.0,15.0,235.0,27.0,97.0,104.0,1.0,gbrown@13f79535-47bb-0310-9956-ffa450edef68,1,0.00684931506849315,4.0,0.0,4.0,0.0,301.6235294117647,23583.08099418962,1,3,1.3071570405611668,false
core/src/org/apache/pivot/collections/ArrayAdapter.java,54.0,2.0,24.0,9.0,1.0,23.0,1.0,gbrown@13f79535-47bb-0310-9956-ffa450edef68,1,0.00684931506849315,17.0,0.0,0.0,0.0,136.57142857142856,462.0847721506058,1,0,1.957744606702316,false
core/src/org/apache/pivot/collections/Dictionary.java,59.0,1.0,6.0,4.0,0.0,12.0,1.0,joes@13f79535-47bb-0310-9956-ffa450edef68,1,0.00684931506849315,25.0,0.0,0.0,0.0,136.57142857142856,462.0847721506058,1,0,1.957744606702316,false
core/src/org/apache/pivot/collections/HashMap.java,326.0,8.0,170.0,24.0,67.0,76.0,0.0,gbrown@13f79535-47bb-0310-9956-ffa450edef68,0,0.0,0.0,0.0,0.0,0.0,0.0,0.0,0,3,0.0,false
core/src/org/apache/pivot/util/TypeLiteral.java,23.0,2.0,0.0,2.0,3.0,5.0,1.0,smartini@13f79535-47bb-0310-9956-ffa450edef68,1,0.00684931506849315,11.0,0.0,11.0,0.0,301.6235294117647,23583.08099418962,1,2,1.3071570405611668,false
core/src/org/apache/pivot/xml/Element.java,672.0,10.0,396.0,33.0,55.0,92.0,0.0,smartini@13f79535-47bb-0310-9956-ffa450edef68,0,0.0,0.0,0.0,0.0,0.0,0.0,0.0,0,0,0.0,false
core/test/org/apache/pivot/beans/test/BeanAdapterTest.java,109.0,15.0,0.0,7.0,35.0,15.0,3.0,smartini@13f79535-47bb-0310-9956-ffa450edef68,2,0.0136986301369863,22.0,0.0,11.0,22.0,579.10179028133,25178.349392982836,2,0,0.44888901656593305,false
core/test/org/apache/pivot/beans/test/BeanAdapterTestObject.java,23.0,2.0,9.0,6.0,0.0,9.0,3.0,smartini@13f79535-47bb-0310-9956-ffa450edef68,1,0.00684931506849315,25.0,0.0,25.0,25.0,277.47826086956525,1595.2683987932164,1,0,0.9769153536905899,false
core/test/org/apache/pivot/collections/test/HashMapTest.java,140.0,13.0,34.0,9.0,50.0,20.0,3.0,smartini@13f79535-47bb-0310-9956-ffa450edef68,1,0.00684931506849315,10.0,0.0,0.0,10.0,301.6235294117647,23583.08099418962,1,0,1.3071570405611668,false
core/test/org/apache/pivot/util/test/ParentResourcesTest.java,52.0,11.0,0.0,8.0,33.0,12.0,3.0,gbrown@13f79535-47bb-0310-9956-ffa450edef68,1,0.00684931506849315,20.0,0.0,0.0,20.0,301.6235294117647,23583.08099418962,1,1,1.3071570405611668,false
demos/src/org/apache/pivot/demos/memorygame/MemGame.java,108.0,12.0,18.0,8.0,27.0,18.0,0.0,smartini@13f79535-47bb-0310-9956-ffa450edef68,0,0.0,0.0,0.0,0.0,0.0,0.0,0.0,0,0,0.0,false
demos/src/org/apache/pivot/demos/memorygame/MemGameButtonData.java,19.0,2.0,2.0,4.0,4.0,5.0,0.0,smartini@13f79535-47bb-0310-9956-ffa450edef68,0,0.0,0.0,0.0,0.0,0.0,0.0,0.0,0,0,0.0,false
demos/src/org/apache/pivot/demos/roweditor/AmountBindMapping.java,15.0,3.0,0.0,2.0,4.0,8.0,2.0,smartini@13f79535-47bb-0310-9956-ffa450edef68,1,0.00684931506849315,17.0,0.0,0.0,0.0,277.47826086956525,1595.2683987932164,1,0,0.9769153536905899,true
demos/src/org/apache/pivot/demos/roweditor/CurrencyValidator.java,18.0,4.0,0.0,1.0,6.0,4.0,0.0,gbrown@13f79535-47bb-0310-9956-ffa450edef68,0,0.0,0.0,0.0,0.0,0.0,0.0,0.0,0,0,0.0,true
examples/src/org/apache/pivot/examples/wrapping/WrappingButtonDataRenderer.java,15.0,2.0,6.0,4.0,6.0,5.0,0.0,gbrown@13f79535-47bb-0310-9956-ffa450edef68,0,0.0,0.0,0.0,0.0,0.0,0.0,0.0,0,0,0.0,false
tests/src/org/apache/pivot/tests/ContextMenus.java,12.0,8.0,1.0,2.0,3.0,3.0,1.0,smartini@13f79535-47bb-0310-9956-ffa450edef68,1,0.00684931506849315,50.0,50.0,50.0,0.0,277.47826086956525,1595.2683987932164,1,0,0.9769153536905899,false
tests/src/org/apache/pivot/tests/ContextMenusSampleMenuHandlerAdapter.java,46.0,5.0,9.0,7.0,14.0,12.0,2.0,smartini@13f79535-47bb-0310-9956-ffa450edef68,1,0.00684931506849315,60.0,40.0,20.0,0.0,277.47826086956525,1595.2683987932164,1,0,0.9769153536905899,false
tests/src/org/apache/pivot/tests/ListViewTest2.java,28.0,7.0,8.0,5.0,10.0,8.0,2.0,gbrown@13f79535-47bb-0310-9956-ffa450edef68,1,0.00684931506849315,12.0,0.0,12.0,0.0,277.47826086956525,1595.2683987932164,1,0,0.9769153536905899,false
tests/src/org/apache/pivot/tests/TableViewTest2.java,34.0,10.0,8.0,5.0,13.0,8.0,2.0,gbrown@13f79535-47bb-0310-9956-ffa450edef68,1,0.00684931506849315,15.0,0.0,8.0,0.0,277.47826086956525,1595.2683987932164,1,2,0.9769153536905899,false
tests/src/org/apache/pivot/tests/issues/Pivot718.java,89.0,19.0,147.0,18.0,41.0,23.0,2.0,smartini@13f79535-47bb-0310-9956-ffa450edef68,1,0.00684931506849315,14.0,0.0,14.0,14.0,193.0,929.19239441641,1,0,1.6700625342505353,false
tests/src/org/apache/pivot/tests/issues/Pivot734.java,71.0,14.0,70.0,13.0,25.0,23.0,1.0,smartini@13f79535-47bb-0310-9956-ffa450edef68,1,0.00684931506849315,57.0,14.0,29.0,0.0,277.47826086956525,1595.2683987932164,1,0,0.9769153536905899,false
tests/src/org/apache/pivot/tests/issues/Pivot734WithWorkaround.java,73.0,14.0,70.0,13.0,29.0,23.0,1.0,smartini@13f79535-47bb-0310-9956-ffa450edef68,1,0.00684931506849315,25.0,0.0,0.0,0.0,277.47826086956525,1595.2683987932164,1,0,0.9769153536905899,false
wtk-terra/src/org/apache/pivot/wtk/skin/terra/TerraFileBrowserSkin.java,771.0,56.0,328.0,36.0,170.0,91.0,1.0,gbrown@13f79535-47bb-0310-9956-ffa450edef68,1,0.00684931506849315,2.0,0.0,0.0,0.0,136.57142857142856,462.0847721506058,1,5,1.957744606702316,false
wtk-terra/src/org/apache/pivot/wtk/skin/terra/TerraListViewSkin.java,907.0,29.0,3640.0,92.0,290.0,231.0,3.0,gbrown@13f79535-47bb-0310-9956-ffa450edef68,3,0.02054794520547945,11.0,2.0,4.0,2.0,715.6732188527585,25640.434165133443,3,13,0.32786394852284584,false
wtk-terra/src/org/apache/pivot/wtk/skin/terra/TerraSheetSkin.java,435.0,33.0,703.0,43.0,131.0,94.0,2.0,null,2,0.0136986301369863,11.0,5.0,0.0,0.0,329.57142857142856,1391.2771665670157,2,3,1.1207563899164805,false
wtk-terra/src/org/apache/pivot/wtk/skin/terra/TerraTabPaneSkin.java,1147.0,43.0,1589.0,66.0,213.0,174.0,1.0,gbrown@13f79535-47bb-0310-9956-ffa450edef68,1,0.00684931506849315,3.0,0.0,0.0,0.0,301.6235294117647,23583.08099418962,1,7,1.3071570405611668,true
wtk-terra/src/org/apache/pivot/wtk/skin/terra/TerraTableViewSkin.java,1114.0,30.0,6562.0,121.0,343.0,290.0,3.0,gbrown@13f79535-47bb-0310-9956-ffa450edef68,3,0.02054794520547945,10.0,2.0,4.0,2.0,715.6732188527585,25640.434165133443,3,10,0.2888590024338158,false
wtk-terra/src/org/apache/pivot/wtk/skin/terra/TerraTextInputSkin.java,1086.0,38.0,4082.0,100.0,299.0,241.0,3.0,gbrown@13f79535-47bb-0310-9956-ffa450edef68,1,0.00684931506849315,2.0,0.0,0.0,0.0,301.6235294117647,23583.08099418962,1,11,1.3071570405611668,false
wtk-terra/src/org/apache/pivot/wtk/skin/terra/TerraTreeViewSkin.java,1522.0,36.0,7370.0,128.0,401.0,313.0,3.0,gbrown@13f79535-47bb-0310-9956-ffa450edef68,2,0.0136986301369863,14.0,6.0,9.0,0.0,414.0496894409938,2057.353170943822,2,6,0.6726787807547474,false
wtk/src/org/apache/pivot/wtk/Accordion.java,219.0,8.0,73.0,15.0,17.0,35.0,53.0,gbrown@13f79535-47bb-0310-9956-ffa450edef68,1,0.00684931506849315,6.0,6.0,0.0,0.0,301.6235294117647,23583.08099418962,1,3,1.3071570405611668,false
wtk/src/org/apache/pivot/wtk/Action.java,107.0,5.0,28.0,9.0,2.0,17.0,53.0,smartini@13f79535-47bb-0310-9956-ffa450edef68,1,0.00684931506849315,12.0,12.0,0.0,0.0,301.6235294117647,23583.08099418962,1,1,1.3071570405611668,false
wtk/src/org/apache/pivot/wtk/ActivityIndicator.java,29.0,1.0,2.0,4.0,2.0,7.0,53.0,joes@13f79535-47bb-0310-9956-ffa450edef68,1,0.00684931506849315,25.0,25.0,0.0,0.0,301.6235294117647,23583.08099418962,1,1,1.3071570405611668,false
wtk/src/org/apache/pivot/wtk/Alert.java,251.0,9.0,22.0,25.0,30.0,47.0,53.0,gbrown@13f79535-47bb-0310-9956-ffa450edef68,1,0.00684931506849315,5.0,5.0,0.0,0.0,301.6235294117647,23583.08099418962,1,5,1.3071570405611668,false
wtk/src/org/apache/pivot/wtk/ApplicationContext.java,1361.0,46.0,159.0,19.0,41.0,70.0,2.0,gbrown@13f79535-47bb-0310-9956-ffa450edef68,1,0.00684931506849315,5.0,0.0,2.0,0.0,136.57142857142856,462.0847721506058,1,10,1.957744606702316,false
wtk/src/org/apache/pivot/wtk/Border.java,82.0,3.0,8.0,8.0,7.0,21.0,53.0,gbrown@13f79535-47bb-0310-9956-ffa450edef68,1,0.00684931506849315,14.0,14.0,0.0,0.0,301.6235294117647,23583.08099418962,1,1,1.3071570405611668,false
wtk/src/org/apache/pivot/wtk/Bounds.java,180.0,4.0,0.0,26.0,18.0,70.0,0.0,noelgrandin@13f79535-47bb-0310-9956-ffa450edef68,0,0.0,0.0,0.0,0.0,0.0,0.0,0.0,0,0,0.0,true
wtk/src/org/apache/pivot/wtk/BoxPane.java,36.0,1.0,2.0,5.0,3.0,9.0,53.0,smartini@13f79535-47bb-0310-9956-ffa450edef68,1,0.00684931506849315,12.0,12.0,0.0,0.0,301.6235294117647,23583.08099418962,1,1,1.3071570405611668,false
wtk/src/org/apache/pivot/wtk/Button.java,574.0,3.0,687.0,46.0,52.0,111.0,27.0,gbrown@13f79535-47bb-0310-9956-ffa450edef68,2,0.0136986301369863,7.0,3.0,3.0,0.0,438.19495798319326,24045.165766340226,2,7,0.9393036430717961,true
wtk/src/org/apache/pivot/wtk/ButtonGroup.java,84.0,5.0,0.0,7.0,16.0,19.0,53.0,smartini@13f79535-47bb-0310-9956-ffa450edef68,1,0.00684931506849315,17.0,17.0,0.0,0.0,301.6235294117647,23583.08099418962,1,0,1.3071570405611668,false
wtk/src/org/apache/pivot/wtk/Calendar.java,302.0,8.0,250.0,28.0,24.0,67.0,53.0,gbrown@13f79535-47bb-0310-9956-ffa450edef68,1,0.00684931506849315,6.0,6.0,0.0,0.0,301.6235294117647,23583.08099418962,1,5,1.3071570405611668,true
wtk/src/org/apache/pivot/wtk/CalendarButton.java,309.0,9.0,313.0,30.0,29.0,72.0,53.0,gbrown@13f79535-47bb-0310-9956-ffa450edef68,1,0.00684931506849315,4.0,4.0,0.0,0.0,301.6235294117647,23583.08099418962,1,6,1.3071570405611668,true
wtk/src/org/apache/pivot/wtk/CardPane.java,88.0,3.0,0.0,7.0,8.0,19.0,53.0,smartini@13f79535-47bb-0310-9956-ffa450edef68,1,0.00684931506849315,12.0,12.0,0.0,0.0,301.6235294117647,23583.08099418962,1,1,1.3071570405611668,false
wtk/src/org/apache/pivot/wtk/ColorChooser.java,174.0,3.0,33.0,15.0,17.0,36.0,53.0,gbrown@13f79535-47bb-0310-9956-ffa450edef68,1,0.00684931506849315,8.0,8.0,0.0,0.0,301.6235294117647,23583.08099418962,1,2,1.3071570405611668,true
wtk/src/org/apache/pivot/wtk/ColorChooserButton.java,190.0,4.0,99.0,19.0,21.0,44.0,53.0,gbrown@13f79535-47bb-0310-9956-ffa450edef68,1,0.00684931506849315,6.0,6.0,0.0,0.0,301.6235294117647,23583.08099418962,1,2,1.3071570405611668,true
wtk/src/org/apache/pivot/wtk/Component.java,1913.0,19.0,9243.0,147.0,262.0,408.0,27.0,gbrown@13f79535-47bb-0310-9956-ffa450edef68,1,0.00684931506849315,3.0,2.0,2.0,0.0,301.6235294117647,23583.08099418962,1,16,1.3071570405611668,true
wtk/src/org/apache/pivot/wtk/Container.java,560.0,8.0,673.0,42.0,148.0,129.0,18.0,null,1,0.00684931506849315,13.0,4.0,0.0,0.0,301.6235294117647,23583.08099418962,1,3,1.3071570405611668,false
wtk/src/org/apache/pivot/wtk/DesktopApplicationContext.java,584.0,20.0,57.0,15.0,117.0,49.0,3.0,gbrown@13f79535-47bb-0310-9956-ffa450edef68,2,0.0136986301369863,4.0,2.0,0.0,0.0,329.57142857142856,1391.2771665670157,2,7,1.1207563899164805,false
wtk/src/org/apache/pivot/wtk/Dialog.java,159.0,2.0,126.0,21.0,14.0,36.0,53.0,gbrown@13f79535-47bb-0310-9956-ffa450edef68,1,0.00684931506849315,9.0,9.0,0.0,0.0,301.6235294117647,23583.08099418962,1,2,1.3071570405611668,false
wtk/src/org/apache/pivot/wtk/Display.java,80.0,2.0,66.0,13.0,13.0,31.0,1.0,gbrown@13f79535-47bb-0310-9956-ffa450edef68,1,0.00684931506849315,20.0,0.0,20.0,0.0,301.6235294117647,23583.08099418962,1,0,1.3071570405611668,false
wtk/src/org/apache/pivot/wtk/Expander.java,132.0,4.0,19.0,11.0,10.0,31.0,53.0,gbrown@13f79535-47bb-0310-9956-ffa450edef68,1,0.00684931506849315,14.0,14.0,0.0,0.0,301.6235294117647,23583.08099418962,1,2,1.3071570405611668,false
wtk/src/org/apache/pivot/wtk/FileBrowser.java,232.0,7.0,36.0,17.0,39.0,48.0,53.0,smartini@13f79535-47bb-0310-9956-ffa450edef68,1,0.00684931506849315,9.0,9.0,0.0,0.0,301.6235294117647,23583.08099418962,1,2,1.3071570405611668,false
wtk/src/org/apache/pivot/wtk/FileBrowserSheet.java,161.0,7.0,25.0,14.0,27.0,35.0,53.0,smartini@13f79535-47bb-0310-9956-ffa450edef68,1,0.00684931506849315,5.0,5.0,0.0,0.0,301.6235294117647,23583.08099418962,1,3,1.3071570405611668,false
wtk/src/org/apache/pivot/wtk/Form.java,414.0,10.0,76.0,17.0,27.0,49.0,53.0,gbrown@13f79535-47bb-0310-9956-ffa450edef68,1,0.00684931506849315,4.0,4.0,0.0,0.0,301.6235294117647,23583.08099418962,1,4,1.3071570405611668,true
wtk/src/org/apache/pivot/wtk/Frame.java,94.0,3.0,33.0,11.0,15.0,24.0,53.0,null,1,0.00684931506849315,20.0,20.0,0.0,0.0,301.6235294117647,23583.08099418962,1,1,1.3071570405611668,false
wtk/src/org/apache/pivot/wtk/GridPane.java,320.0,6.0,68.0,13.0,16.0,34.0,53.0,gbrown@13f79535-47bb-0310-9956-ffa450edef68,1,0.00684931506849315,7.0,7.0,0.0,0.0,301.6235294117647,23583.08099418962,1,3,1.3071570405611668,false
wtk/src/org/apache/pivot/wtk/ImageView.java,287.0,11.0,116.0,21.0,40.0,56.0,53.0,gbrown@13f79535-47bb-0310-9956-ffa450edef68,1,0.00684931506849315,4.0,4.0,0.0,0.0,301.6235294117647,23583.08099418962,1,5,1.3071570405611668,true
wtk/src/org/apache/pivot/wtk/Label.java,137.0,2.0,39.0,15.0,13.0,33.0,53.0,gbrown@13f79535-47bb-0310-9956-ffa450edef68,1,0.00684931506849315,5.0,5.0,0.0,0.0,301.6235294117647,23583.08099418962,1,6,1.3071570405611668,true
wtk/src/org/apache/pivot/wtk/ListButton.java,565.0,16.0,760.0,48.0,66.0,110.0,53.0,gbrown@13f79535-47bb-0310-9956-ffa450edef68,1,0.00684931506849315,2.0,2.0,0.0,0.0,301.6235294117647,23583.08099418962,1,6,1.3071570405611668,true
wtk/src/org/apache/pivot/wtk/ListView.java,1155.0,16.0,2473.0,82.0,133.0,229.0,53.0,gbrown@13f79535-47bb-0310-9956-ffa450edef68,1,0.00684931506849315,2.0,2.0,0.0,0.0,301.6235294117647,23583.08099418962,1,9,1.3071570405611668,true
wtk/src/org/apache/pivot/wtk/Menu.java,381.0,7.0,24.0,8.0,4.0,18.0,53.0,gbrown@13f79535-47bb-0310-9956-ffa450edef68,1,0.00684931506849315,8.0,8.0,0.0,0.0,301.6235294117647,23583.08099418962,1,3,1.3071570405611668,false
wtk/src/org/apache/pivot/wtk/MenuBar.java,240.0,7.0,10.0,8.0,14.0,24.0,27.0,gbrown@13f79535-47bb-0310-9956-ffa450edef68,2,0.0136986301369863,18.0,9.0,9.0,0.0,438.19495798319326,24045.165766340226,2,2,0.9393036430717961,false
wtk/src/org/apache/pivot/wtk/MenuButton.java,56.0,3.0,17.0,7.0,7.0,16.0,53.0,gbrown@13f79535-47bb-0310-9956-ffa450edef68,1,0.00684931506849315,10.0,10.0,0.0,0.0,301.6235294117647,23583.08099418962,1,2,1.3071570405611668,false
wtk/src/org/apache/pivot/wtk/MenuPopup.java,114.0,3.0,87.0,15.0,14.0,29.0,53.0,gbrown@13f79535-47bb-0310-9956-ffa450edef68,1,0.00684931506849315,12.0,12.0,0.0,0.0,301.6235294117647,23583.08099418962,1,2,1.3071570405611668,false
wtk/src/org/apache/pivot/wtk/Meter.java,69.0,1.0,14.0,9.0,4.0,17.0,53.0,noelgrandin@13f79535-47bb-0310-9956-ffa450edef68,1,0.00684931506849315,17.0,17.0,0.0,0.0,301.6235294117647,23583.08099418962,1,1,1.3071570405611668,false
wtk/src/org/apache/pivot/wtk/MovieView.java,53.0,3.0,2.0,5.0,3.0,11.0,53.0,gbrown@13f79535-47bb-0310-9956-ffa450edef68,1,0.00684931506849315,14.0,14.0,0.0,0.0,301.6235294117647,23583.08099418962,1,2,1.3071570405611668,false
wtk/src/org/apache/pivot/wtk/Prompt.java,216.0,9.0,53.0,22.0,26.0,39.0,53.0,gbrown@13f79535-47bb-0310-9956-ffa450edef68,1,0.00684931506849315,5.0,5.0,0.0,0.0,301.6235294117647,23583.08099418962,1,7,1.3071570405611668,false
wtk/src/org/apache/pivot/wtk/Rollup.java,136.0,4.0,51.0,15.0,13.0,31.0,53.0,gbrown@13f79535-47bb-0310-9956-ffa450edef68,1,0.00684931506849315,17.0,17.0,0.0,0.0,301.6235294117647,23583.08099418962,1,2,1.3071570405611668,false
wtk/src/org/apache/pivot/wtk/ScrollBar.java,246.0,4.0,196.0,28.0,20.0,65.0,53.0,gbrown@13f79535-47bb-0310-9956-ffa450edef68,1,0.00684931506849315,17.0,17.0,0.0,0.0,301.6235294117647,23583.08099418962,1,1,1.3071570405611668,true
wtk/src/org/apache/pivot/wtk/ScrollPane.java,191.0,2.0,11.0,14.0,17.0,34.0,53.0,null,1,0.00684931506849315,10.0,10.0,0.0,0.0,301.6235294117647,23583.08099418962,1,2,1.3071570405611668,false
wtk/src/org/apache/pivot/wtk/Separator.java,42.0,1.0,2.0,5.0,3.0,10.0,53.0,smartini@13f79535-47bb-0310-9956-ffa450edef68,1,0.00684931506849315,20.0,20.0,0.0,0.0,301.6235294117647,23583.08099418962,1,1,1.3071570405611668,false
wtk/src/org/apache/pivot/wtk/Sheet.java,101.0,2.0,37.0,11.0,12.0,21.0,53.0,gbrown@13f79535-47bb-0310-9956-ffa450edef68,1,0.00684931506849315,12.0,12.0,0.0,0.0,301.6235294117647,23583.08099418962,1,1,1.3071570405611668,false
wtk/src/org/apache/pivot/wtk/Slider.java,126.0,2.0,60.0,16.0,11.0,34.0,53.0,noelgrandin@13f79535-47bb-0310-9956-ffa450edef68,1,0.00684931506849315,14.0,14.0,0.0,0.0,301.6235294117647,23583.08099418962,1,2,1.3071570405611668,false
wtk/src/org/apache/pivot/wtk/Spinner.java,501.0,11.0,463.0,39.0,56.0,90.0,53.0,gbrown@13f79535-47bb-0310-9956-ffa450edef68,1,0.00684931506849315,3.0,3.0,0.0,0.0,301.6235294117647,23583.08099418962,1,6,1.3071570405611668,true
wtk/src/org/apache/pivot/wtk/SplitPane.java,210.0,2.0,209.0,27.0,25.0,56.0,53.0,noelgrandin@13f79535-47bb-0310-9956-ffa450edef68,1,0.00684931506849315,17.0,17.0,0.0,0.0,301.6235294117647,23583.08099418962,1,1,1.3071570405611668,false
wtk/src/org/apache/pivot/wtk/SuggestionPopup.java,338.0,8.0,303.0,30.0,43.0,66.0,53.0,gbrown@13f79535-47bb-0310-9956-ffa450edef68,1,0.00684931506849315,4.0,4.0,0.0,0.0,301.6235294117647,23583.08099418962,1,3,1.3071570405611668,false
wtk/src/org/apache/pivot/wtk/TabPane.java,313.0,8.0,171.0,23.0,25.0,54.0,53.0,gbrown@13f79535-47bb-0310-9956-ffa450edef68,1,0.00684931506849315,4.0,4.0,0.0,0.0,301.6235294117647,23583.08099418962,1,2,1.3071570405611668,false
wtk/src/org/apache/pivot/wtk/TablePane.java,629.0,6.0,114.0,17.0,22.0,42.0,53.0,gbrown@13f79535-47bb-0310-9956-ffa450edef68,1,0.00684931506849315,5.0,5.0,0.0,0.0,301.6235294117647,23583.08099418962,1,3,1.3071570405611668,false
wtk/src/org/apache/pivot/wtk/TableView.java,1533.0,22.0,2288.0,77.0,140.0,219.0,53.0,gbrown@13f79535-47bb-0310-9956-ffa450edef68,1,0.00684931506849315,2.0,2.0,0.0,0.0,301.6235294117647,23583.08099418962,1,9,1.3071570405611668,true
wtk/src/org/apache/pivot/wtk/TableViewHeader.java,104.0,1.0,50.0,12.0,10.0,24.0,53.0,gbrown@13f79535-47bb-0310-9956-ffa450edef68,1,0.00684931506849315,9.0,9.0,0.0,0.0,301.6235294117647,23583.08099418962,1,2,1.3071570405611668,false
wtk/src/org/apache/pivot/wtk/TextArea.java,876.0,14.0,1138.0,53.0,107.0,138.0,27.0,gbrown@13f79535-47bb-0310-9956-ffa450edef68,1,0.00684931506849315,4.0,2.0,2.0,0.0,301.6235294117647,23583.08099418962,1,9,1.3071570405611668,true
wtk/src/org/apache/pivot/wtk/TextInput.java,693.0,7.0,1101.0,55.0,97.0,125.0,28.0,gbrown@13f79535-47bb-0310-9956-ffa450edef68,1,0.00684931506849315,3.0,2.0,0.0,0.0,301.6235294117647,23583.08099418962,1,12,1.3071570405611668,true
wtk/src/org/apache/pivot/wtk/TextInputListener.java,70.0,1.0,28.0,8.0,0.0,8.0,3.0,gbrown@13f79535-47bb-0310-9956-ffa450edef68,1,0.00684931506849315,7.0,0.0,0.0,0.0,301.6235294117647,23583.08099418962,1,0,1.3071570405611668,false
wtk/src/org/apache/pivot/wtk/TextPane.java,538.0,17.0,400.0,36.0,105.0,93.0,27.0,null,1,0.00684931506849315,10.0,5.0,5.0,0.0,301.6235294117647,23583.08099418962,1,1,1.3071570405611668,false
wtk/src/org/apache/pivot/wtk/TreeView.java,1142.0,12.0,959.0,51.0,102.0,168.0,53.0,gbrown@13f79535-47bb-0310-9956-ffa450edef68,1,0.00684931506849315,3.0,3.0,0.0,0.0,301.6235294117647,23583.08099418962,1,2,1.3071570405611668,false
wtk/src/org/apache/pivot/wtk/Viewport.java,111.0,3.0,50.0,13.0,9.0,30.0,27.0,null,1,0.00684931506849315,18.0,18.0,0.0,0.0,301.6235294117647,23583.08099418962,1,1,1.3071570405611668,false
wtk/src/org/apache/pivot/wtk/WTKListenerList.java,42.0,2.0,10.0,5.0,5.0,12.0,53.0,noelgrandin@13f79535-47bb-0310-9956-ffa450edef68,1,0.00684931506849315,20.0,20.0,0.0,0.0,301.6235294117647,23583.08099418962,1,0,1.3071570405611668,false
wtk/src/org/apache/pivot/wtk/Window.java,772.0,11.0,1075.0,50.0,101.0,137.0,53.0,null,1,0.00684931506849315,3.0,3.0,0.0,0.0,301.6235294117647,23583.08099418962,1,4,1.3071570405611668,false
wtk/src/org/apache/pivot/wtk/content/ListViewColorItemRenderer.java,59.0,5.0,1.0,2.0,11.0,4.0,1.0,gbrown@13f79535-47bb-0310-9956-ffa450edef68,1,0.00684931506849315,17.0,0.0,17.0,17.0,301.6235294117647,23583.08099418962,1,0,1.3071570405611668,false
wtk/src/org/apache/pivot/wtk/content/TreeBranch.java,195.0,12.0,102.0,24.0,51.0,61.0,0.0,null,0,0.0,0.0,0.0,0.0,0.0,0.0,0.0,0,1,0.0,false
wtk/src/org/apache/pivot/wtk/content/TreeNode.java,89.0,4.0,53.0,15.0,14.0,25.0,0.0,gbrown@13f79535-47bb-0310-9956-ffa450edef68,0,0.0,0.0,0.0,0.0,0.0,0.0,0.0,0,0,0.0,false
wtk/src/org/apache/pivot/wtk/content/TreeViewNodeEditor.java,125.0,14.0,30.0,12.0,51.0,26.0,0.0,gbrown@13f79535-47bb-0310-9956-ffa450edef68,0,0.0,0.0,0.0,0.0,0.0,0.0,0.0,0,2,0.0,false
wtk/src/org/apache/pivot/wtk/effects/Transition.java,235.0,1.0,59.0,23.0,16.0,54.0,2.0,smartini@13f79535-47bb-0310-9956-ffa450edef68,1,0.00684931506849315,14.0,0.0,0.0,0.0,136.57142857142856,462.0847721506058,1,0,1.957744606702316,false
wtk/src/org/apache/pivot/wtk/skin/CalendarButtonSkin.java,219.0,21.0,74.0,25.0,84.0,55.0,3.0,gbrown@13f79535-47bb-0310-9956-ffa450edef68,1,0.00684931506849315,3.0,0.0,3.0,0.0,301.6235294117647,23583.08099418962,1,8,1.3071570405611668,false
wtk/src/org/apache/pivot/wtk/skin/ListButtonSkin.java,291.0,20.0,196.0,28.0,109.0,71.0,2.0,gbrown@13f79535-47bb-0310-9956-ffa450edef68,2,0.0136986301369863,5.0,0.0,3.0,0.0,438.19495798319326,24045.165766340226,2,9,0.9393036430717961,false
wtk/src/org/apache/pivot/wtk/skin/MenuBarItemSkin.java,120.0,14.0,41.0,14.0,54.0,30.0,3.0,smartini@13f79535-47bb-0310-9956-ffa450edef68,1,0.00684931506849315,20.0,0.0,20.0,0.0,301.6235294117647,23583.08099418962,1,1,1.3071570405611668,false
wtk/src/org/apache/pivot/wtk/skin/TextAreaSkin.java,942.0,26.0,1614.0,68.0,243.0,193.0,2.0,gbrown@13f79535-47bb-0310-9956-ffa450edef68,1,0.00684931506849315,2.0,0.0,0.0,0.0,301.6235294117647,23583.08099418962,1,13,1.3071570405611668,true
wtk/src/org/apache/pivot/wtk/skin/TextAreaSkinParagraphView.java,284.0,16.0,123.0,27.0,106.0,70.0,2.0,noelgrandin@13f79535-47bb-0310-9956-ffa450edef68,1,0.00684931506849315,16.0,0.0,11.0,0.0,301.6235294117647,23583.08099418962,1,4,1.3071570405611668,true
wtk/src/org/apache/pivot/wtk/skin/TextPaneSkin.java,855.0,31.0,1143.0,59.0,172.0,180.0,13.0,noelgrandin@13f79535-47bb-0310-9956-ffa450edef68,1,0.00684931506849315,4.0,0.0,4.0,0.0,301.6235294117647,23583.08099418962,1,1,1.3071570405611668,false
wtk/src/org/apache/pivot/wtk/skin/TextPaneSkinBlockView.java,18.0,3.0,6.0,4.0,7.0,4.0,0.0,noelgrandin@13f79535-47bb-0310-9956-ffa450edef68,0,0.0,0.0,0.0,0.0,0.0,0.0,0.0,0,0,0.0,false
wtk/src/org/apache/pivot/wtk/skin/TextPaneSkinComponentNodeView.java,86.0,7.0,103.0,15.0,31.0,28.0,13.0,noelgrandin@13f79535-47bb-0310-9956-ffa450edef68,1,0.00684931506849315,8.0,0.0,8.0,0.0,301.6235294117647,23583.08099418962,1,1,1.3071570405611668,false
wtk/src/org/apache/pivot/wtk/skin/TextPaneSkinDocumentView.java,22.0,1.0,6.0,4.0,4.0,5.0,13.0,noelgrandin@13f79535-47bb-0310-9956-ffa450edef68,1,0.00684931506849315,12.0,0.0,12.0,0.0,301.6235294117647,23583.08099418962,1,1,1.3071570405611668,false
wtk/src/org/apache/pivot/wtk/skin/TextPaneSkinElementView.java,169.0,14.0,220.0,25.0,66.0,54.0,0.0,noelgrandin@13f79535-47bb-0310-9956-ffa450edef68,0,0.0,0.0,0.0,0.0,0.0,0.0,0.0,0,1,0.0,false
wtk/src/org/apache/pivot/wtk/skin/TextPaneSkinImageNodeView.java,86.0,7.0,136.0,17.0,29.0,30.0,13.0,noelgrandin@13f79535-47bb-0310-9956-ffa450edef68,1,0.00684931506849315,8.0,0.0,8.0,0.0,301.6235294117647,23583.08099418962,1,1,1.3071570405611668,false
wtk/src/org/apache/pivot/wtk/skin/TextPaneSkinListItemView.java,47.0,2.0,0.0,5.0,18.0,9.0,13.0,noelgrandin@13f79535-47bb-0310-9956-ffa450edef68,1,0.00684931506849315,8.0,0.0,8.0,0.0,301.6235294117647,23583.08099418962,1,1,1.3071570405611668,false
wtk/src/org/apache/pivot/wtk/skin/TextPaneSkinListView.java,15.0,1.0,3.0,3.0,2.0,5.0,13.0,noelgrandin@13f79535-47bb-0310-9956-ffa450edef68,1,0.00684931506849315,12.0,0.0,12.0,0.0,301.6235294117647,23583.08099418962,1,1,1.3071570405611668,false
wtk/src/org/apache/pivot/wtk/skin/TextPaneSkinNodeView.java,137.0,9.0,564.0,41.0,15.0,61.0,13.0,noelgrandin@13f79535-47bb-0310-9956-ffa450edef68,1,0.00684931506849315,5.0,0.0,5.0,0.0,301.6235294117647,23583.08099418962,1,1,1.3071570405611668,false
wtk/src/org/apache/pivot/wtk/skin/TextPaneSkinNumberedListView.java,73.0,4.0,21.0,7.0,18.0,15.0,13.0,noelgrandin@13f79535-47bb-0310-9956-ffa450edef68,1,0.00684931506849315,10.0,0.0,10.0,0.0,301.6235294117647,23583.08099418962,1,1,1.3071570405611668,false
wtk/src/org/apache/pivot/wtk/skin/TextPaneSkinParagraphView.java,281.0,10.0,0.0,11.0,62.0,47.0,4.0,noelgrandin@13f79535-47bb-0310-9956-ffa450edef68,1,0.00684931506849315,17.0,0.0,17.0,0.0,301.6235294117647,23583.08099418962,1,2,1.3071570405611668,false
wtk/src/org/apache/pivot/wtk/skin/TextPaneSkinSpanView.java,92.0,4.0,66.0,12.0,37.0,35.0,13.0,noelgrandin@13f79535-47bb-0310-9956-ffa450edef68,1,0.00684931506849315,6.0,0.0,6.0,0.0,301.6235294117647,23583.08099418962,1,2,1.3071570405611668,false
wtk/src/org/apache/pivot/wtk/skin/TextPaneSkinTextNodeView.java,303.0,19.0,192.0,24.0,105.0,69.0,13.0,noelgrandin@13f79535-47bb-0310-9956-ffa450edef68,1,0.00684931506849315,6.0,0.0,6.0,0.0,301.6235294117647,23583.08099418962,1,2,1.3071570405611668,false
wtk/src/org/apache/pivot/wtk/skin/TextPaneSkinVerticalElementView.java,117.0,5.0,55.0,11.0,33.0,32.0,13.0,noelgrandin@13f79535-47bb-0310-9956-ffa450edef68,1,0.00684931506849315,5.0,0.0,5.0,0.0,301.6235294117647,23583.08099418962,1,2,1.3071570405611668,false
