name,LOC,CBO,LCOM,NOM,RFC,WMC,ACS,Ownership,numOfChanges,numberOfFIChanges,ENH,NF,BugFixing,REF,structuralWorkloadSum,semanticWorkloadSum,numberOfDeveloper,pastFaults,MAF,isBuggy
core/src/org/apache/pivot/beans/BXML.java,0.0,0.0,0.0,0.0,0.0,0.0,3.0,cbartlett@13f79535-47bb-0310-9956-ffa450edef68,1,0.01020408163265306,50.0,0.0,0.0,0.0,52.0,70.35112891621202,1,0,2.681021528714291,false
core/src/org/apache/pivot/beans/BXMLSerializer.java,1085.0,44.0,691.0,47.0,163.0,151.0,4.0,gbrown@13f79535-47bb-0310-9956-ffa450edef68,1,0.01020408163265306,2.0,2.0,0.0,2.0,268.9473684210526,2507.24881472846,1,9,0.7939518796819109,false
core/src/org/apache/pivot/beans/DefaultProperty.java,0.0,0.0,0.0,0.0,0.0,0.0,3.0,cbartlett@13f79535-47bb-0310-9956-ffa450edef68,1,0.01020408163265306,25.0,0.0,0.0,0.0,52.0,70.35112891621202,1,0,2.681021528714291,false
core/src/org/apache/pivot/beans/IDProperty.java,0.0,0.0,0.0,0.0,0.0,0.0,3.0,cbartlett@13f79535-47bb-0310-9956-ffa450edef68,1,0.01020408163265306,50.0,0.0,0.0,0.0,52.0,70.35112891621202,1,0,2.681021528714291,false
core/src/org/apache/pivot/collections/ArrayList.java,394.0,7.0,259.0,43.0,61.0,108.0,5.0,smartini@13f79535-47bb-0310-9956-ffa450edef68,1,0.01020408163265306,6.0,0.0,6.0,0.0,375.46666666666664,2528.3913709502613,1,5,1.0715836162801904,false
core/src/org/apache/pivot/collections/LinkedList.java,475.0,7.0,139.0,26.0,40.0,87.0,5.0,smartini@13f79535-47bb-0310-9956-ffa450edef68,1,0.01020408163265306,8.0,0.0,8.0,0.0,375.46666666666664,2528.3913709502613,1,3,1.0715836162801904,false
core/src/org/apache/pivot/collections/QueueListener.java,41.0,1.0,6.0,4.0,0.0,4.0,0.0,smartini@13f79535-47bb-0310-9956-ffa450edef68,0,0.0,0.0,0.0,0.0,0.0,0.0,0.0,0,0,0.0,false
core/src/org/apache/pivot/collections/StackListener.java,41.0,1.0,6.0,4.0,0.0,4.0,0.0,smartini@13f79535-47bb-0310-9956-ffa450edef68,0,0.0,0.0,0.0,0.0,0.0,0.0,0.0,0,0,0.0,false
core/src/org/apache/pivot/json/JSON.java,264.0,6.0,66.0,12.0,44.0,43.0,5.0,gbrown@13f79535-47bb-0310-9956-ffa450edef68,1,0.01020408163265306,5.0,0.0,5.0,0.0,375.46666666666664,2528.3913709502613,1,4,1.0715836162801904,true
core/src/org/apache/pivot/text/CharSequenceCharacterIterator.java,73.0,1.0,0.0,14.0,9.0,28.0,0.0,gbrown@13f79535-47bb-0310-9956-ffa450edef68,0,0.0,0.0,0.0,0.0,0.0,0.0,0.0,0,1,0.0,false
core/src/org/apache/pivot/util/concurrent/Task.java,156.0,3.0,42.0,12.0,2.0,36.0,1.0,gbrown@13f79535-47bb-0310-9956-ffa450edef68,1,0.01020408163265306,9.0,0.0,0.0,0.0,52.0,70.35112891621202,1,3,2.681021528714291,false
core/src/org/apache/pivot/util/concurrent/TaskGroup.java,77.0,5.0,19.0,11.0,15.0,30.0,0.0,gbrown@13f79535-47bb-0310-9956-ffa450edef68,0,0.0,0.0,0.0,0.0,0.0,0.0,0.0,0,3,0.0,false
core/src/org/apache/pivot/util/concurrent/TaskSequence.java,86.0,5.0,0.0,14.0,19.0,36.0,4.0,gbrown@13f79535-47bb-0310-9956-ffa450edef68,1,0.01020408163265306,11.0,11.0,0.0,11.0,268.9473684210526,2507.24881472846,1,1,0.7939518796819109,false
core/test/org/apache/pivot/beans/test/BeanAdapterSampleObject.java,23.0,2.0,9.0,6.0,0.0,9.0,0.0,smartini@13f79535-47bb-0310-9956-ffa450edef68,0,0.0,0.0,0.0,0.0,0.0,0.0,0.0,0,1,0.0,false
core/test/org/apache/pivot/beans/test/BeanAdapterTest.java,109.0,15.0,0.0,7.0,35.0,15.0,0.0,smartini@13f79535-47bb-0310-9956-ffa450edef68,0,0.0,0.0,0.0,0.0,0.0,0.0,0.0,0,1,0.0,false
core/test/org/apache/pivot/json/test/BindTest.java,121.0,12.0,36.0,9.0,54.0,27.0,0.0,gbrown@13f79535-47bb-0310-9956-ffa450edef68,0,0.0,0.0,0.0,0.0,0.0,0.0,0.0,0,2,0.0,false
core/test/org/apache/pivot/json/test/JSONSerializerTest.java,86.0,12.0,171.0,19.0,36.0,29.0,0.0,gbrown@13f79535-47bb-0310-9956-ffa450edef68,0,0.0,0.0,0.0,0.0,0.0,0.0,0.0,0,3,0.0,false
core/test/org/apache/pivot/serialization/test/StringSerializerTest.java,34.0,10.0,1.0,3.0,16.0,5.0,0.0,tvolkert@13f79535-47bb-0310-9956-ffa450edef68,0,0.0,0.0,0.0,0.0,0.0,0.0,0.0,0,0,0.0,false
core/test/org/apache/pivot/xml/test/XMLSerializerTest.java,58.0,12.0,10.0,5.0,22.0,7.0,0.0,gbrown@13f79535-47bb-0310-9956-ffa450edef68,0,0.0,0.0,0.0,0.0,0.0,0.0,0.0,0,1,0.0,false
demos-server/src/org/apache/pivot/demos/rest/server/RESTDemoServlet.java,87.0,13.0,10.0,5.0,22.0,22.0,0.0,gbrown@13f79535-47bb-0310-9956-ffa450edef68,0,0.0,0.0,0.0,0.0,0.0,0.0,0.0,0,2,0.0,false
demos/src/org/apache/pivot/demos/million/LargeData.java,159.0,28.0,5.0,10.0,49.0,18.0,1.0,gbrown@13f79535-47bb-0310-9956-ffa450edef68,1,0.01020408163265306,6.0,6.0,6.0,0.0,375.46666666666664,2528.3913709502613,1,2,1.0715836162801904,false
demos/src/org/apache/pivot/demos/roweditor/AmountBindMapping.java,15.0,3.0,0.0,2.0,4.0,8.0,0.0,smartini@13f79535-47bb-0310-9956-ffa450edef68,0,0.0,0.0,0.0,0.0,0.0,0.0,0.0,0,0,0.0,true
demos/src/org/apache/pivot/demos/text/TextPaneDemo.java,451.0,43.0,589.0,38.0,191.0,82.0,5.0,smartini@13f79535-47bb-0310-9956-ffa450edef68,1,0.01020408163265306,10.0,0.0,0.0,10.0,268.9473684210526,2507.24881472846,1,1,0.7939518796819109,false
examples/src/org/apache/pivot/examples/sheets/SheetSlideDirectionWindow.java,52.0,22.0,4.0,5.0,31.0,11.0,0.0,smartini@13f79535-47bb-0310-9956-ffa450edef68,0,0.0,0.0,0.0,0.0,0.0,0.0,0.0,0,0,0.0,false
tests/src/org/apache/pivot/tests/issues/Pivot694.java,95.0,17.0,28.0,9.0,25.0,17.0,2.0,smartini@13f79535-47bb-0310-9956-ffa450edef68,1,0.01020408163265306,25.0,0.0,12.0,0.0,375.46666666666664,2528.3913709502613,1,1,1.0715836162801904,false
tests/src/org/apache/pivot/tests/issues/Pivot718.java,89.0,19.0,147.0,18.0,41.0,23.0,5.0,smartini@13f79535-47bb-0310-9956-ffa450edef68,1,0.01020408163265306,14.0,0.0,14.0,0.0,375.46666666666664,2528.3913709502613,1,1,1.0715836162801904,false
tutorials/src/org/apache/pivot/tutorials/layout/FillPanes.java,31.0,10.0,1.0,3.0,7.0,5.0,7.0,rwhitcomb@13f79535-47bb-0310-9956-ffa450edef68,2,0.02040816326530612,50.0,25.0,25.0,0.0,485.8666666666667,2774.518190344934,2,0,1.0149192736266888,false
tutorials/src/org/apache/pivot/tutorials/webqueries/ExpensesWindow.java,206.0,30.0,0.0,19.0,190.0,43.0,5.0,gbrown@13f79535-47bb-0310-9956-ffa450edef68,1,0.01020408163265306,4.0,0.0,4.0,0.0,375.46666666666664,2528.3913709502613,1,8,1.0715836162801904,false
wtk-terra/src/org/apache/pivot/wtk/skin/terra/TerraFillPaneSkin.java,9.0,2.0,0.0,1.0,3.0,1.0,12.0,rwhitcomb@13f79535-47bb-0310-9956-ffa450edef68,1,0.01020408163265306,33.0,33.0,0.0,0.0,110.4,246.12681939467276,1,0,2.344549292093078,false
wtk-terra/src/org/apache/pivot/wtk/skin/terra/TerraScrollBarSkin.java,806.0,19.0,788.0,45.0,117.0,109.0,0.0,smartini@13f79535-47bb-0310-9956-ffa450edef68,0,0.0,0.0,0.0,0.0,0.0,0.0,0.0,0,1,0.0,false
wtk-terra/src/org/apache/pivot/wtk/skin/terra/TerraSheetSkin.java,446.0,33.0,497.0,38.0,114.0,89.0,0.0,null,0,0.0,0.0,0.0,0.0,0.0,0.0,0.0,0,3,0.0,false
wtk-terra/src/org/apache/pivot/wtk/skin/terra/TerraSliderSkin.java,383.0,17.0,338.0,32.0,58.0,78.0,0.0,null,0,0.0,0.0,0.0,0.0,0.0,0.0,0.0,0,3,0.0,false
wtk-terra/src/org/apache/pivot/wtk/skin/terra/TerraSuggestionPopupSkin.java,283.0,33.0,422.0,36.0,110.0,82.0,0.0,gbrown@13f79535-47bb-0310-9956-ffa450edef68,0,0.0,0.0,0.0,0.0,0.0,0.0,0.0,0,13,0.0,false
wtk-terra/src/org/apache/pivot/wtk/skin/terra/TerraTooltipSkin.java,168.0,20.0,160.0,21.0,47.0,40.0,1.0,smartini@13f79535-47bb-0310-9956-ffa450edef68,1,0.01020408163265306,9.0,0.0,9.0,0.0,375.46666666666664,2528.3913709502613,1,1,1.0715836162801904,false
wtk/src/org/apache/pivot/wtk/Application.java,73.0,2.0,6.0,4.0,0.0,10.0,0.0,smartini@13f79535-47bb-0310-9956-ffa450edef68,0,0.0,0.0,0.0,0.0,0.0,0.0,0.0,0,1,0.0,false
wtk/src/org/apache/pivot/wtk/Component.java,1920.0,19.0,9243.0,147.0,262.0,408.0,1.0,gbrown@13f79535-47bb-0310-9956-ffa450edef68,2,0.02040816326530612,9.0,3.0,5.0,2.0,320.9473684210526,2577.599943644672,2,17,0.7864609277312247,true
wtk/src/org/apache/pivot/wtk/ComponentStyleListener.java,13.0,0.0,0.0,1.0,0.0,2.0,2.0,gbrown@13f79535-47bb-0310-9956-ffa450edef68,1,0.01020408163265306,20.0,0.0,20.0,0.0,52.0,70.35112891621202,1,0,2.681021528714291,false
wtk/src/org/apache/pivot/wtk/Container.java,569.0,8.0,715.0,43.0,150.0,130.0,3.0,null,1,0.01020408163265306,4.0,0.0,0.0,0.0,268.9473684210526,2507.24881472846,1,3,0.7939518796819109,false
wtk/src/org/apache/pivot/wtk/DesktopApplicationContext.java,593.0,20.0,57.0,15.0,117.0,49.0,6.0,gbrown@13f79535-47bb-0310-9956-ffa450edef68,1,0.01020408163265306,4.0,0.0,2.0,0.0,375.46666666666664,2528.3913709502613,1,7,1.0715836162801904,false
wtk/src/org/apache/pivot/wtk/FillPane.java,36.0,1.0,2.0,5.0,3.0,9.0,12.0,rwhitcomb@13f79535-47bb-0310-9956-ffa450edef68,1,0.01020408163265306,17.0,17.0,0.0,0.0,110.4,246.12681939467276,1,0,2.344549292093078,false
wtk/src/org/apache/pivot/wtk/FillPaneListener.java,10.0,0.0,0.0,1.0,0.0,1.0,12.0,rwhitcomb@13f79535-47bb-0310-9956-ffa450edef68,1,0.01020408163265306,25.0,25.0,0.0,0.0,110.4,246.12681939467276,1,0,2.344549292093078,false
wtk/src/org/apache/pivot/wtk/GraphicsUtilities.java,205.0,14.0,36.0,9.0,27.0,36.0,0.0,gbrown@13f79535-47bb-0310-9956-ffa450edef68,0,0.0,0.0,0.0,0.0,0.0,0.0,0.0,0,4,0.0,true
wtk/src/org/apache/pivot/wtk/Keyboard.java,18.0,3.0,0.0,1.0,1.0,2.0,0.0,smartini@13f79535-47bb-0310-9956-ffa450edef68,0,0.0,0.0,0.0,0.0,0.0,0.0,0.0,0,0,0.0,false
wtk/src/org/apache/pivot/wtk/RadioButtonGroup.java,420.0,10.0,138.0,28.0,69.0,82.0,4.0,smartini@13f79535-47bb-0310-9956-ffa450edef68,1,0.01020408163265306,9.0,9.0,0.0,9.0,268.9473684210526,2507.24881472846,1,1,0.7939518796819109,false
wtk/src/org/apache/pivot/wtk/TextArea.java,877.0,14.0,1138.0,53.0,108.0,138.0,0.0,gbrown@13f79535-47bb-0310-9956-ffa450edef68,0,0.0,0.0,0.0,0.0,0.0,0.0,0.0,0,10,0.0,true
wtk/src/org/apache/pivot/wtk/TextPane.java,548.0,17.0,400.0,36.0,106.0,93.0,5.0,null,2,0.02040816326530612,10.0,0.0,5.0,0.0,644.4140350877192,5035.6401856787215,2,2,0.23962056742110538,false
wtk/src/org/apache/pivot/wtk/Theme.java,127.0,24.0,14.0,8.0,15.0,23.0,12.0,gbrown@13f79535-47bb-0310-9956-ffa450edef68,1,0.01020408163265306,5.0,5.0,0.0,0.0,110.4,246.12681939467276,1,1,2.344549292093078,false
wtk/src/org/apache/pivot/wtk/Viewport.java,117.0,3.0,50.0,13.0,9.0,31.0,0.0,null,0,0.0,0.0,0.0,0.0,0.0,0.0,0.0,0,1,0.0,false
wtk/src/org/apache/pivot/wtk/WTKListenerList.java,5.0,1.0,0.0,0.0,0.0,0.0,3.0,noelgrandin@13f79535-47bb-0310-9956-ffa450edef68,1,0.01020408163265306,20.0,0.0,0.0,0.0,268.9473684210526,2507.24881472846,1,0,0.7939518796819109,false
wtk/src/org/apache/pivot/wtk/content/TableViewBooleanCellRenderer.java,8.0,0.0,0.0,1.0,0.0,1.0,0.0,gbrown@13f79535-47bb-0310-9956-ffa450edef68,0,0.0,0.0,0.0,0.0,0.0,0.0,0.0,0,0,0.0,false
wtk/src/org/apache/pivot/wtk/content/TableViewCheckboxCellRenderer.java,43.0,6.0,7.0,6.0,11.0,11.0,0.0,rwhitcomb@13f79535-47bb-0310-9956-ffa450edef68,0,0.0,0.0,0.0,0.0,0.0,0.0,0.0,0,0,0.0,false
wtk/src/org/apache/pivot/wtk/content/TableViewDateCellRenderer.java,38.0,6.0,0.0,4.0,6.0,11.0,0.0,gbrown@13f79535-47bb-0310-9956-ffa450edef68,0,0.0,0.0,0.0,0.0,0.0,0.0,0.0,0,2,0.0,false
wtk/src/org/apache/pivot/wtk/content/TableViewTriStateCellRenderer.java,9.0,0.0,0.0,1.0,1.0,1.0,0.0,rwhitcomb@13f79535-47bb-0310-9956-ffa450edef68,0,0.0,0.0,0.0,0.0,0.0,0.0,0.0,0,0,0.0,false
wtk/src/org/apache/pivot/wtk/effects/GrayscaleDecorator.java,36.0,10.0,4.0,4.0,13.0,9.0,0.0,joes@13f79535-47bb-0310-9956-ffa450edef68,0,0.0,0.0,0.0,0.0,0.0,0.0,0.0,0,0,0.0,false
wtk/src/org/apache/pivot/wtk/skin/ComponentSkin.java,191.0,29.0,0.0,44.0,30.0,75.0,1.0,gbrown@13f79535-47bb-0310-9956-ffa450edef68,1,0.01020408163265306,3.0,0.0,0.0,0.0,110.4,246.12681939467276,1,6,2.344549292093078,true
wtk/src/org/apache/pivot/wtk/skin/FillPaneSkin.java,256.0,7.0,0.0,16.0,53.0,51.0,8.0,smartini@13f79535-47bb-0310-9956-ffa450edef68,2,0.02040816326530612,27.0,9.0,18.0,0.0,485.8666666666667,2774.518190344934,2,0,0.8593913399230066,false
wtk/src/org/apache/pivot/wtk/skin/GridPaneSkin.java,481.0,12.0,313.0,38.0,101.0,107.0,3.0,smartini@13f79535-47bb-0310-9956-ffa450edef68,1,0.01020408163265306,17.0,17.0,8.0,0.0,268.9473684210526,2507.24881472846,1,1,0.7939518796819109,false
wtk/src/org/apache/pivot/wtk/skin/ListButtonSkin.java,292.0,20.0,196.0,28.0,110.0,71.0,9.0,gbrown@13f79535-47bb-0310-9956-ffa450edef68,1,0.01020408163265306,3.0,3.0,3.0,0.0,74.0,108.34585432326692,1,10,4.290459441148391,false
wtk/src/org/apache/pivot/wtk/skin/TextAreaSkin.java,983.0,28.0,1864.0,72.0,260.0,204.0,1.0,gbrown@13f79535-47bb-0310-9956-ffa450edef68,2,0.02040816326530612,8.0,3.0,3.0,2.0,644.4140350877192,5035.6401856787215,2,13,0.3490758034633791,true
wtk/src/org/apache/pivot/wtk/skin/TextPaneSkin.java,859.0,32.0,1170.0,60.0,167.0,181.0,7.0,noelgrandin@13f79535-47bb-0310-9956-ffa450edef68,1,0.01020408163265306,25.0,4.0,0.0,8.0,268.9473684210526,2507.24881472846,1,2,0.7939518796819109,false
wtk/src/org/apache/pivot/wtk/skin/TextPaneSkinBlockView.java,18.0,3.0,6.0,4.0,7.0,4.0,13.0,noelgrandin@13f79535-47bb-0310-9956-ffa450edef68,1,0.01020408163265306,17.0,0.0,0.0,0.0,268.9473684210526,2507.24881472846,1,0,0.7939518796819109,false
wtk/src/org/apache/pivot/wtk/skin/TextPaneSkinBulletedListView.java,38.0,2.0,10.0,5.0,12.0,8.0,12.0,noelgrandin@13f79535-47bb-0310-9956-ffa450edef68,1,0.01020408163265306,30.0,0.0,0.0,10.0,268.9473684210526,2507.24881472846,1,2,0.7939518796819109,false
wtk/src/org/apache/pivot/wtk/skin/TextPaneSkinComponentNodeView.java,90.0,8.0,103.0,15.0,34.0,32.0,10.0,noelgrandin@13f79535-47bb-0310-9956-ffa450edef68,1,0.01020408163265306,31.0,8.0,0.0,8.0,268.9473684210526,2507.24881472846,1,2,0.7939518796819109,false
wtk/src/org/apache/pivot/wtk/skin/TextPaneSkinDocumentView.java,21.0,1.0,0.0,4.0,2.0,5.0,12.0,noelgrandin@13f79535-47bb-0310-9956-ffa450edef68,1,0.01020408163265306,38.0,0.0,0.0,12.0,268.9473684210526,2507.24881472846,1,2,0.7939518796819109,false
wtk/src/org/apache/pivot/wtk/skin/TextPaneSkinElementView.java,173.0,14.0,251.0,26.0,73.0,56.0,8.0,noelgrandin@13f79535-47bb-0310-9956-ffa450edef68,1,0.01020408163265306,15.0,0.0,0.0,0.0,268.9473684210526,2507.24881472846,1,1,0.7939518796819109,false
wtk/src/org/apache/pivot/wtk/skin/TextPaneSkinImageNodeView.java,90.0,8.0,136.0,17.0,32.0,34.0,10.0,noelgrandin@13f79535-47bb-0310-9956-ffa450edef68,1,0.01020408163265306,31.0,8.0,0.0,8.0,268.9473684210526,2507.24881472846,1,2,0.7939518796819109,false
wtk/src/org/apache/pivot/wtk/skin/TextPaneSkinListItemView.java,39.0,2.0,0.0,5.0,14.0,8.0,10.0,noelgrandin@13f79535-47bb-0310-9956-ffa450edef68,1,0.01020408163265306,42.0,8.0,0.0,17.0,268.9473684210526,2507.24881472846,1,2,0.7939518796819109,false
wtk/src/org/apache/pivot/wtk/skin/TextPaneSkinListView.java,9.0,1.0,1.0,2.0,0.0,3.0,12.0,noelgrandin@13f79535-47bb-0310-9956-ffa450edef68,1,0.01020408163265306,38.0,0.0,0.0,12.0,268.9473684210526,2507.24881472846,1,2,0.7939518796819109,false
wtk/src/org/apache/pivot/wtk/skin/TextPaneSkinNodeView.java,134.0,9.0,566.0,41.0,18.0,61.0,8.0,noelgrandin@13f79535-47bb-0310-9956-ffa450edef68,1,0.01020408163265306,37.0,5.0,0.0,11.0,268.9473684210526,2507.24881472846,1,2,0.7939518796819109,false
wtk/src/org/apache/pivot/wtk/skin/TextPaneSkinNumberedListView.java,71.0,4.0,21.0,7.0,17.0,14.0,12.0,noelgrandin@13f79535-47bb-0310-9956-ffa450edef68,1,0.01020408163265306,30.0,0.0,0.0,10.0,268.9473684210526,2507.24881472846,1,2,0.7939518796819109,false
wtk/src/org/apache/pivot/wtk/skin/TextPaneSkinParagraphView.java,366.0,11.0,0.0,12.0,77.0,58.0,9.0,noelgrandin@13f79535-47bb-0310-9956-ffa450edef68,1,0.01020408163265306,26.0,4.0,0.0,9.0,268.9473684210526,2507.24881472846,1,6,0.7939518796819109,false
wtk/src/org/apache/pivot/wtk/skin/TextPaneSkinSpanView.java,101.0,6.0,78.0,13.0,38.0,42.0,9.0,noelgrandin@13f79535-47bb-0310-9956-ffa450edef68,1,0.01020408163265306,41.0,6.0,0.0,18.0,268.9473684210526,2507.24881472846,1,3,0.7939518796819109,false
wtk/src/org/apache/pivot/wtk/skin/TextPaneSkinTextNodeView.java,347.0,20.0,222.0,25.0,125.0,78.0,9.0,noelgrandin@13f79535-47bb-0310-9956-ffa450edef68,1,0.01020408163265306,35.0,6.0,0.0,6.0,268.9473684210526,2507.24881472846,1,3,0.7939518796819109,false
wtk/src/org/apache/pivot/wtk/skin/TextPaneSkinVerticalElementView.java,123.0,6.0,55.0,11.0,34.0,35.0,9.0,noelgrandin@13f79535-47bb-0310-9956-ffa450edef68,1,0.01020408163265306,32.0,5.0,0.0,11.0,268.9473684210526,2507.24881472846,1,3,0.7939518796819109,false
wtk/src/org/apache/pivot/wtk/text/Span.java,18.0,0.0,6.0,4.0,0.0,6.0,5.0,noelgrandin@13f79535-47bb-0310-9956-ffa450edef68,1,0.01020408163265306,8.0,0.0,0.0,8.0,268.9473684210526,2507.24881472846,1,2,0.7939518796819109,false
wtk/src/org/apache/pivot/wtk/text/TextSpan.java,26.0,0.0,15.0,6.0,3.0,11.0,5.0,rwhitcomb@13f79535-47bb-0310-9956-ffa450edef68,1,0.01020408163265306,25.0,0.0,0.0,25.0,268.9473684210526,2507.24881472846,1,0,0.7939518796819109,false
