name,LOC,CBO,LCOM,NOM,RFC,WMC,ACS,Ownership,numOfChanges,numberOfFIChanges,ENH,NF,BugFixing,REF,structuralWorkloadSum,semanticWorkloadSum,numberOfDeveloper,pastFaults,MAF,isBuggy
core/src/org/apache/pivot/collections/ArrayList.java,400.0,7.0,259.0,43.0,61.0,108.0,2.0,smartini@13f79535-47bb-0310-9956-ffa450edef68,1,0.02127659574468085,6.0,6.0,0.0,0.0,382.73170731707313,6918.098946125377,1,6,0.10008345855698253,false
core/src/org/apache/pivot/collections/LinkedList.java,481.0,7.0,139.0,26.0,40.0,87.0,2.0,smartini@13f79535-47bb-0310-9956-ffa450edef68,1,0.02127659574468085,8.0,8.0,0.0,0.0,382.73170731707313,6918.098946125377,1,4,0.10008345855698253,false
core/src/org/apache/pivot/text/CharSequenceCharacterIterator.java,79.0,1.0,0.0,14.0,9.0,28.0,0.0,gbrown@13f79535-47bb-0310-9956-ffa450edef68,0,0.0,0.0,0.0,0.0,0.0,0.0,0.0,0,2,0.0,false
core/test/org/apache/pivot/beans/test/BeanAdapterSampleObject.java,23.0,2.0,9.0,6.0,0.0,9.0,0.0,smartini@13f79535-47bb-0310-9956-ffa450edef68,0,0.0,0.0,0.0,0.0,0.0,0.0,0.0,0,1,0.0,false
core/test/org/apache/pivot/beans/test/BeanAdapterTest.java,109.0,15.0,0.0,7.0,35.0,15.0,0.0,smartini@13f79535-47bb-0310-9956-ffa450edef68,0,0.0,0.0,0.0,0.0,0.0,0.0,0.0,0,1,0.0,false
demos/src/org/apache/pivot/demos/dom/DOMInteractionDemo.java,49.0,13.0,13.0,6.0,10.0,9.0,0.0,smartini@13f79535-47bb-0310-9956-ffa450edef68,0,0.0,0.0,0.0,0.0,0.0,0.0,0.0,0,1,0.0,false
demos/src/org/apache/pivot/demos/memorygame/MemGame.java,108.0,12.0,18.0,8.0,27.0,18.0,0.0,smartini@13f79535-47bb-0310-9956-ffa450edef68,0,0.0,0.0,0.0,0.0,0.0,0.0,0.0,0,0,0.0,false
demos/src/org/apache/pivot/demos/memorygame/MemGameButtonData.java,19.0,2.0,2.0,4.0,4.0,5.0,0.0,smartini@13f79535-47bb-0310-9956-ffa450edef68,0,0.0,0.0,0.0,0.0,0.0,0.0,0.0,0,0,0.0,false
demos/src/org/apache/pivot/demos/roweditor/RowEditorDemo.java,29.0,8.0,8.0,5.0,9.0,9.0,0.0,smartini@13f79535-47bb-0310-9956-ffa450edef68,0,0.0,0.0,0.0,0.0,0.0,0.0,0.0,0,0,0.0,false
examples/src/org/apache/pivot/examples/sheets/SheetSlideDirectionWindow.java,52.0,22.0,4.0,5.0,31.0,11.0,0.0,smartini@13f79535-47bb-0310-9956-ffa450edef68,0,0.0,0.0,0.0,0.0,0.0,0.0,0.0,0,0,0.0,false
tests/src/org/apache/pivot/tests/ContextMenus.java,12.0,8.0,1.0,2.0,3.0,3.0,0.0,smartini@13f79535-47bb-0310-9956-ffa450edef68,0,0.0,0.0,0.0,0.0,0.0,0.0,0.0,0,1,0.0,false
tests/src/org/apache/pivot/tests/ContextMenusSampleMenuHandlerAdapter.java,46.0,5.0,9.0,7.0,14.0,12.0,0.0,smartini@13f79535-47bb-0310-9956-ffa450edef68,0,0.0,0.0,0.0,0.0,0.0,0.0,0.0,0,1,0.0,false
tests/src/org/apache/pivot/tests/CustomPanel.java,29.0,7.0,11.0,6.0,5.0,8.0,0.0,smartini@13f79535-47bb-0310-9956-ffa450edef68,0,0.0,0.0,0.0,0.0,0.0,0.0,0.0,0,0,0.0,false
tests/src/org/apache/pivot/tests/FileBrowserWithCharsetTest.java,71.0,24.0,41.0,10.0,41.0,21.0,0.0,smartini@13f79535-47bb-0310-9956-ffa450edef68,0,0.0,0.0,0.0,0.0,0.0,0.0,0.0,0,0,0.0,false
tests/src/org/apache/pivot/tests/PromptTest.java,42.0,13.0,9.0,6.0,18.0,13.0,0.0,smartini@13f79535-47bb-0310-9956-ffa450edef68,0,0.0,0.0,0.0,0.0,0.0,0.0,0.0,0,0,0.0,false
tests/src/org/apache/pivot/tests/SaturationDecoratorTest.java,21.0,6.0,8.0,5.0,4.0,8.0,4.0,smartini@13f79535-47bb-0310-9956-ffa450edef68,1,0.02127659574468085,50.0,25.0,0.0,0.0,382.73170731707313,6918.098946125377,1,0,0.10008345855698253,false
tests/src/org/apache/pivot/tests/SplashScreenTest.java,123.0,19.0,43.0,11.0,44.0,32.0,2.0,smartini@13f79535-47bb-0310-9956-ffa450edef68,1,0.02127659574468085,25.0,0.0,12.0,12.0,382.73170731707313,6918.098946125377,1,0,0.10008345855698253,false
tests/src/org/apache/pivot/tests/TableViewCellRendererCustom.java,15.0,2.0,0.0,1.0,3.0,4.0,0.0,smartini@13f79535-47bb-0310-9956-ffa450edef68,0,0.0,0.0,0.0,0.0,0.0,0.0,0.0,0,0,0.0,false
tests/src/org/apache/pivot/tests/TestUtils.java,20.0,0.0,1.0,2.0,4.0,3.0,0.0,smartini@13f79535-47bb-0310-9956-ffa450edef68,0,0.0,0.0,0.0,0.0,0.0,0.0,0.0,0,0,0.0,false
tests/src/org/apache/pivot/tests/issues/Pivot686.java,52.0,10.0,13.0,7.0,22.0,12.0,1.0,smartini@13f79535-47bb-0310-9956-ffa450edef68,1,0.02127659574468085,33.0,17.0,0.0,0.0,382.73170731707313,6918.098946125377,1,0,0.10008345855698253,false
tests/src/org/apache/pivot/tests/issues/Pivot694.java,95.0,17.0,28.0,9.0,25.0,17.0,0.0,smartini@13f79535-47bb-0310-9956-ffa450edef68,0,0.0,0.0,0.0,0.0,0.0,0.0,0.0,0,2,0.0,false
tests/src/org/apache/pivot/tests/issues/Pivot714.java,62.0,16.0,30.0,9.0,15.0,15.0,0.0,smartini@13f79535-47bb-0310-9956-ffa450edef68,0,0.0,0.0,0.0,0.0,0.0,0.0,0.0,0,2,0.0,false
tests/src/org/apache/pivot/tests/issues/Pivot718.java,89.0,19.0,147.0,18.0,41.0,23.0,0.0,smartini@13f79535-47bb-0310-9956-ffa450edef68,0,0.0,0.0,0.0,0.0,0.0,0.0,0.0,0,2,0.0,false
tests/src/org/apache/pivot/tests/issues/Pivot734.java,71.0,14.0,70.0,13.0,25.0,23.0,0.0,smartini@13f79535-47bb-0310-9956-ffa450edef68,0,0.0,0.0,0.0,0.0,0.0,0.0,0.0,0,2,0.0,false
tests/src/org/apache/pivot/tests/issues/Pivot734WithWorkaround.java,73.0,14.0,70.0,13.0,29.0,23.0,0.0,smartini@13f79535-47bb-0310-9956-ffa450edef68,0,0.0,0.0,0.0,0.0,0.0,0.0,0.0,0,0,0.0,false
tests/src/org/apache/pivot/tests/issues/Pivot765.java,41.0,3.0,16.0,8.0,15.0,19.0,0.0,smartini@13f79535-47bb-0310-9956-ffa450edef68,0,0.0,0.0,0.0,0.0,0.0,0.0,0.0,0,2,0.0,false
tests/src/org/apache/pivot/tests/issues/Pivot800.java,36.0,9.0,10.0,5.0,6.0,10.0,3.0,smartini@13f79535-47bb-0310-9956-ffa450edef68,2,0.0425531914893617,60.0,0.0,20.0,0.0,440.73170731707313,6965.608550420182,2,0,0.21399988979766804,false
tests/src/org/apache/pivot/tests/issues/Pivot832.java,65.0,15.0,24.0,9.0,39.0,21.0,3.0,smartini@13f79535-47bb-0310-9956-ffa450edef68,1,0.02127659574468085,20.0,0.0,0.0,0.0,382.73170731707313,6918.098946125377,1,0,0.10008345855698253,false
tests/src/org/apache/pivot/tests/issues/Pivot835.java,17.0,6.0,10.0,5.0,5.0,10.0,0.0,smartini@13f79535-47bb-0310-9956-ffa450edef68,0,0.0,0.0,0.0,0.0,0.0,0.0,0.0,0,0,0.0,false
tests/src/org/apache/pivot/tests/issues/Pivot837.java,17.0,6.0,10.0,5.0,5.0,10.0,3.0,smartini@13f79535-47bb-0310-9956-ffa450edef68,1,0.02127659574468085,25.0,0.0,0.0,0.0,382.73170731707313,6918.098946125377,1,0,0.10008345855698253,false
tests/src/org/apache/pivot/tests/issues/Pivot838.java,9.0,5.0,1.0,2.0,2.0,3.0,2.0,smartini@13f79535-47bb-0310-9956-ffa450edef68,1,0.02127659574468085,75.0,25.0,25.0,25.0,382.73170731707313,6918.098946125377,1,0,0.10008345855698253,false
tests/src/org/apache/pivot/tests/issues/Pivot841.java,29.0,9.0,10.0,5.0,20.0,6.0,3.0,smartini@13f79535-47bb-0310-9956-ffa450edef68,1,0.02127659574468085,50.0,0.0,0.0,25.0,382.73170731707313,6918.098946125377,1,0,0.10008345855698253,false
tutorials/src/org/apache/pivot/tutorials/bxmlexplorer/BXMLExplorer.java,36.0,9.0,9.0,6.0,11.0,11.0,0.0,smartini@13f79535-47bb-0310-9956-ffa450edef68,0,0.0,0.0,0.0,0.0,0.0,0.0,0.0,0,1,0.0,false
tutorials/src/org/apache/pivot/tutorials/bxmlexplorer/BXMLExplorerDocument.java,258.0,43.0,22.0,13.0,80.0,42.0,0.0,smartini@13f79535-47bb-0310-9956-ffa450edef68,0,0.0,0.0,0.0,0.0,0.0,0.0,0.0,0,1,0.0,false
tutorials/src/org/apache/pivot/tutorials/bxmlexplorer/BXMLExplorerWindow.java,179.0,30.0,73.0,15.0,113.0,41.0,0.0,smartini@13f79535-47bb-0310-9956-ffa450edef68,0,0.0,0.0,0.0,0.0,0.0,0.0,0.0,0,1,0.0,false
tutorials/src/org/apache/pivot/tutorials/bxmlexplorer/ComponentNode.java,29.0,3.0,15.0,7.0,2.0,10.0,0.0,noelgrandin@13f79535-47bb-0310-9956-ffa450edef68,0,0.0,0.0,0.0,0.0,0.0,0.0,0.0,0,0,0.0,false
tutorials/src/org/apache/pivot/tutorials/bxmlexplorer/CreateHighlightedXML.java,108.0,17.0,16.0,8.0,27.0,18.0,0.0,smartini@13f79535-47bb-0310-9956-ffa450edef68,0,0.0,0.0,0.0,0.0,0.0,0.0,0.0,0,2,0.0,false
tutorials/src/org/apache/pivot/tutorials/bxmlexplorer/FakeWindow.java,99.0,11.0,0.0,16.0,23.0,21.0,0.0,smartini@13f79535-47bb-0310-9956-ffa450edef68,0,0.0,0.0,0.0,0.0,0.0,0.0,0.0,0,1,0.0,false
tutorials/src/org/apache/pivot/tutorials/bxmlexplorer/FakeWindowListener.java,48.0,3.0,10.0,5.0,0.0,5.0,0.0,smartini@13f79535-47bb-0310-9956-ffa450edef68,0,0.0,0.0,0.0,0.0,0.0,0.0,0.0,0,1,0.0,false
tutorials/src/org/apache/pivot/tutorials/bxmlexplorer/FakeWindowSkin.java,261.0,26.0,16.0,12.0,60.0,23.0,0.0,smartini@13f79535-47bb-0310-9956-ffa450edef68,0,0.0,0.0,0.0,0.0,0.0,0.0,0.0,0,2,0.0,false
tutorials/src/org/apache/pivot/tutorials/bxmlexplorer/tools/ComponentInspector.java,27.0,3.0,0.0,3.0,1.0,6.0,0.0,noelgrandin@13f79535-47bb-0310-9956-ffa450edef68,0,0.0,0.0,0.0,0.0,0.0,0.0,0.0,0,0,0.0,false
tutorials/src/org/apache/pivot/tutorials/bxmlexplorer/tools/ComponentInspectorListener.java,11.0,1.0,0.0,1.0,0.0,1.0,0.0,noelgrandin@13f79535-47bb-0310-9956-ffa450edef68,0,0.0,0.0,0.0,0.0,0.0,0.0,0.0,0,0,0.0,false
tutorials/src/org/apache/pivot/tutorials/bxmlexplorer/tools/ComponentInspectorSkin.java,1083.0,36.0,1818.0,65.0,513.0,190.0,0.0,smartini@13f79535-47bb-0310-9956-ffa450edef68,0,0.0,0.0,0.0,0.0,0.0,0.0,0.0,0,0,0.0,false
tutorials/src/org/apache/pivot/tutorials/bxmlexplorer/tools/ComponentPropertyInspector.java,12.0,1.0,1.0,2.0,2.0,2.0,0.0,noelgrandin@13f79535-47bb-0310-9956-ffa450edef68,0,0.0,0.0,0.0,0.0,0.0,0.0,0.0,0,0,0.0,false
tutorials/src/org/apache/pivot/tutorials/bxmlexplorer/tools/ComponentPropertyInspectorSkin.java,76.0,11.0,1.0,2.0,20.0,6.0,0.0,smartini@13f79535-47bb-0310-9956-ffa450edef68,0,0.0,0.0,0.0,0.0,0.0,0.0,0.0,0,1,0.0,false
tutorials/src/org/apache/pivot/tutorials/bxmlexplorer/tools/ComponentStyleInspector.java,12.0,1.0,1.0,2.0,2.0,2.0,0.0,noelgrandin@13f79535-47bb-0310-9956-ffa450edef68,0,0.0,0.0,0.0,0.0,0.0,0.0,0.0,0,0,0.0,false
tutorials/src/org/apache/pivot/tutorials/bxmlexplorer/tools/ComponentStyleInspectorSkin.java,38.0,5.0,4.0,4.0,16.0,9.0,0.0,rwhitcomb@13f79535-47bb-0310-9956-ffa450edef68,0,0.0,0.0,0.0,0.0,0.0,0.0,0.0,0,0,0.0,false
tutorials/src/org/apache/pivot/tutorials/layout/FillPanes.java,31.0,10.0,1.0,3.0,7.0,5.0,0.0,rwhitcomb@13f79535-47bb-0310-9956-ffa450edef68,0,0.0,0.0,0.0,0.0,0.0,0.0,0.0,0,1,0.0,false
wtk-terra/src/org/apache/pivot/wtk/skin/terra/TerraFileBrowserSheetSkin.java,293.0,26.0,57.0,23.0,113.0,58.0,0.0,gbrown@13f79535-47bb-0310-9956-ffa450edef68,0,0.0,0.0,0.0,0.0,0.0,0.0,0.0,0,8,0.0,false
wtk-terra/src/org/apache/pivot/wtk/skin/terra/TerraFileBrowserSkin.java,796.0,56.0,360.0,37.0,180.0,98.0,2.0,gbrown@13f79535-47bb-0310-9956-ffa450edef68,1,0.02127659574468085,2.0,0.0,2.0,0.0,58.0,47.50960429480574,1,5,2.3513752571634776,false
wtk-terra/src/org/apache/pivot/wtk/skin/terra/TerraFillPaneSkin.java,9.0,2.0,0.0,1.0,3.0,1.0,0.0,rwhitcomb@13f79535-47bb-0310-9956-ffa450edef68,0,0.0,0.0,0.0,0.0,0.0,0.0,0.0,0,0,0.0,false
wtk-terra/src/org/apache/pivot/wtk/skin/terra/TerraFrameSkin.java,584.0,37.0,470.0,40.0,166.0,90.0,0.0,smartini@13f79535-47bb-0310-9956-ffa450edef68,0,0.0,0.0,0.0,0.0,0.0,0.0,0.0,0,2,0.0,false
wtk-terra/src/org/apache/pivot/wtk/skin/terra/TerraPaletteSkin.java,336.0,35.0,98.0,24.0,109.0,54.0,2.0,smartini@13f79535-47bb-0310-9956-ffa450edef68,2,0.0425531914893617,24.0,0.0,6.0,0.0,440.73170731707313,6965.608550420182,2,0,0.10057126358979795,false
wtk-terra/src/org/apache/pivot/wtk/skin/terra/TerraTabPaneSkin.java,1204.0,43.0,2200.0,76.0,228.0,199.0,2.0,gbrown@13f79535-47bb-0310-9956-ffa450edef68,1,0.02127659574468085,8.0,0.0,3.0,0.0,382.73170731707313,6918.098946125377,1,9,0.10008345855698253,true
wtk-terra/src/org/apache/pivot/wtk/skin/terra/TerraTableViewSkin.java,1119.0,30.0,6562.0,121.0,343.0,290.0,0.0,gbrown@13f79535-47bb-0310-9956-ffa450edef68,0,0.0,0.0,0.0,0.0,0.0,0.0,0.0,0,13,0.0,false
wtk/src/org/apache/pivot/wtk/Accordion.java,217.0,8.0,73.0,15.0,18.0,34.0,2.0,gbrown@13f79535-47bb-0310-9956-ffa450edef68,1,0.02127659574468085,6.0,0.0,6.0,0.0,382.73170731707313,6918.098946125377,1,4,0.10008345855698253,false
wtk/src/org/apache/pivot/wtk/Alert.java,249.0,9.0,22.0,25.0,31.0,46.0,5.0,gbrown@13f79535-47bb-0310-9956-ffa450edef68,1,0.02127659574468085,5.0,0.0,0.0,0.0,382.73170731707313,6918.098946125377,1,6,0.10008345855698253,false
wtk/src/org/apache/pivot/wtk/ApplicationContext.java,1420.0,50.0,159.0,19.0,41.0,70.0,1.0,gbrown@13f79535-47bb-0310-9956-ffa450edef68,2,0.0425531914893617,7.0,3.0,3.0,0.0,440.73170731707313,6965.608550420182,2,15,1.2262171628930456,false
wtk/src/org/apache/pivot/wtk/CardPane.java,86.0,3.0,0.0,7.0,9.0,18.0,2.0,smartini@13f79535-47bb-0310-9956-ffa450edef68,1,0.02127659574468085,12.0,0.0,12.0,0.0,382.73170731707313,6918.098946125377,1,2,0.10008345855698253,false
wtk/src/org/apache/pivot/wtk/Component.java,1940.0,19.0,9390.0,148.0,262.0,412.0,1.0,gbrown@13f79535-47bb-0310-9956-ffa450edef68,1,0.02127659574468085,3.0,2.0,2.0,2.0,382.73170731707313,6918.098946125377,1,21,0.10008345855698253,true
wtk/src/org/apache/pivot/wtk/Container.java,624.0,10.0,962.0,49.0,160.0,143.0,0.0,null,0,0.0,0.0,0.0,0.0,0.0,0.0,0.0,0,5,0.0,false
wtk/src/org/apache/pivot/wtk/DesktopApplicationContext.java,617.0,21.0,80.0,17.0,125.0,53.0,1.0,gbrown@13f79535-47bb-0310-9956-ffa450edef68,1,0.02127659574468085,2.0,0.0,0.0,2.0,382.73170731707313,6918.098946125377,1,10,0.10008345855698253,false
wtk/src/org/apache/pivot/wtk/FillPane.java,36.0,1.0,2.0,5.0,3.0,9.0,0.0,rwhitcomb@13f79535-47bb-0310-9956-ffa450edef68,0,0.0,0.0,0.0,0.0,0.0,0.0,0.0,0,0,0.0,false
wtk/src/org/apache/pivot/wtk/FillPaneListener.java,10.0,0.0,0.0,1.0,0.0,1.0,0.0,rwhitcomb@13f79535-47bb-0310-9956-ffa450edef68,0,0.0,0.0,0.0,0.0,0.0,0.0,0.0,0,0,0.0,false
wtk/src/org/apache/pivot/wtk/ListButton.java,563.0,16.0,760.0,48.0,67.0,109.0,0.0,gbrown@13f79535-47bb-0310-9956-ffa450edef68,0,0.0,0.0,0.0,0.0,0.0,0.0,0.0,0,7,0.0,true
wtk/src/org/apache/pivot/wtk/ListView.java,1153.0,16.0,2473.0,82.0,134.0,228.0,3.0,gbrown@13f79535-47bb-0310-9956-ffa450edef68,1,0.02127659574468085,4.0,0.0,0.0,0.0,382.73170731707313,6918.098946125377,1,10,0.10008345855698253,true
wtk/src/org/apache/pivot/wtk/Prompt.java,214.0,9.0,53.0,22.0,27.0,38.0,5.0,gbrown@13f79535-47bb-0310-9956-ffa450edef68,1,0.02127659574468085,5.0,0.0,0.0,0.0,382.73170731707313,6918.098946125377,1,8,0.10008345855698253,false
wtk/src/org/apache/pivot/wtk/RadioButtonGroup.java,420.0,10.0,138.0,28.0,69.0,82.0,0.0,smartini@13f79535-47bb-0310-9956-ffa450edef68,0,0.0,0.0,0.0,0.0,0.0,0.0,0.0,0,1,0.0,false
wtk/src/org/apache/pivot/wtk/Spinner.java,499.0,11.0,463.0,39.0,57.0,89.0,0.0,gbrown@13f79535-47bb-0310-9956-ffa450edef68,0,0.0,0.0,0.0,0.0,0.0,0.0,0.0,0,7,0.0,true
wtk/src/org/apache/pivot/wtk/SuggestionPopup.java,336.0,8.0,303.0,30.0,44.0,65.0,0.0,gbrown@13f79535-47bb-0310-9956-ffa450edef68,0,0.0,0.0,0.0,0.0,0.0,0.0,0.0,0,4,0.0,false
wtk/src/org/apache/pivot/wtk/TabPane.java,325.0,8.0,186.0,24.0,28.0,57.0,3.0,gbrown@13f79535-47bb-0310-9956-ffa450edef68,1,0.02127659574468085,4.0,0.0,4.0,0.0,382.73170731707313,6918.098946125377,1,4,0.10008345855698253,false
wtk/src/org/apache/pivot/wtk/TableView.java,1540.0,22.0,2288.0,77.0,141.0,218.0,3.0,gbrown@13f79535-47bb-0310-9956-ffa450edef68,1,0.02127659574468085,4.0,0.0,0.0,0.0,382.73170731707313,6918.098946125377,1,11,0.10008345855698253,true
wtk/src/org/apache/pivot/wtk/TextArea.java,872.0,14.0,1138.0,53.0,111.0,134.0,0.0,gbrown@13f79535-47bb-0310-9956-ffa450edef68,0,0.0,0.0,0.0,0.0,0.0,0.0,0.0,0,12,0.0,true
wtk/src/org/apache/pivot/wtk/TextPane.java,543.0,17.0,400.0,36.0,107.0,93.0,0.0,null,0,0.0,0.0,0.0,0.0,0.0,0.0,0.0,0,4,0.0,false
wtk/src/org/apache/pivot/wtk/WTKListenerList.java,5.0,1.0,0.0,0.0,0.0,0.0,0.0,noelgrandin@13f79535-47bb-0310-9956-ffa450edef68,0,0.0,0.0,0.0,0.0,0.0,0.0,0.0,0,0,0.0,false
wtk/src/org/apache/pivot/wtk/Window.java,807.0,11.0,1123.0,51.0,103.0,141.0,2.0,null,1,0.02127659574468085,9.0,3.0,0.0,0.0,382.73170731707313,6918.098946125377,1,6,0.10008345855698253,false
wtk/src/org/apache/pivot/wtk/content/TableViewCheckboxCellRenderer.java,43.0,6.0,7.0,6.0,11.0,11.0,0.0,rwhitcomb@13f79535-47bb-0310-9956-ffa450edef68,0,0.0,0.0,0.0,0.0,0.0,0.0,0.0,0,0,0.0,false
wtk/src/org/apache/pivot/wtk/content/TableViewTriStateCellRenderer.java,9.0,0.0,0.0,1.0,1.0,1.0,0.0,rwhitcomb@13f79535-47bb-0310-9956-ffa450edef68,0,0.0,0.0,0.0,0.0,0.0,0.0,0.0,0,0,0.0,false
wtk/src/org/apache/pivot/wtk/effects/DropShadowDecorator.java,228.0,10.0,77.0,18.0,25.0,35.0,1.0,smartini@13f79535-47bb-0310-9956-ffa450edef68,2,0.0425531914893617,30.0,0.0,10.0,10.0,440.73170731707313,6965.608550420182,2,0,0.21399988979766804,false
wtk/src/org/apache/pivot/wtk/effects/WatermarkDecorator.java,229.0,18.0,167.0,22.0,53.0,48.0,1.0,gbrown@13f79535-47bb-0310-9956-ffa450edef68,1,0.02127659574468085,8.0,0.0,8.0,8.0,382.73170731707313,6918.098946125377,1,1,0.10008345855698253,true
wtk/src/org/apache/pivot/wtk/skin/FillPaneSkin.java,284.0,7.0,0.0,16.0,53.0,54.0,0.0,smartini@13f79535-47bb-0310-9956-ffa450edef68,0,0.0,0.0,0.0,0.0,0.0,0.0,0.0,0,2,0.0,false
wtk/src/org/apache/pivot/wtk/skin/LabelSkin.java,453.0,25.0,286.0,36.0,95.0,113.0,0.0,gbrown@13f79535-47bb-0310-9956-ffa450edef68,0,0.0,0.0,0.0,0.0,0.0,0.0,0.0,0,8,0.0,false
wtk/src/org/apache/pivot/wtk/skin/TextPaneSkin.java,912.0,32.0,1170.0,60.0,167.0,186.0,0.0,noelgrandin@13f79535-47bb-0310-9956-ffa450edef68,0,0.0,0.0,0.0,0.0,0.0,0.0,0.0,0,3,0.0,false
wtk/src/org/apache/pivot/wtk/skin/TextPaneSkinBlockView.java,18.0,3.0,6.0,4.0,7.0,4.0,0.0,noelgrandin@13f79535-47bb-0310-9956-ffa450edef68,0,0.0,0.0,0.0,0.0,0.0,0.0,0.0,0,0,0.0,false
wtk/src/org/apache/pivot/wtk/skin/TextPaneSkinBulletedListView.java,38.0,2.0,10.0,5.0,12.0,8.0,0.0,noelgrandin@13f79535-47bb-0310-9956-ffa450edef68,0,0.0,0.0,0.0,0.0,0.0,0.0,0.0,0,2,0.0,false
wtk/src/org/apache/pivot/wtk/skin/TextPaneSkinComponentNodeView.java,90.0,8.0,103.0,15.0,34.0,32.0,0.0,noelgrandin@13f79535-47bb-0310-9956-ffa450edef68,0,0.0,0.0,0.0,0.0,0.0,0.0,0.0,0,2,0.0,false
wtk/src/org/apache/pivot/wtk/skin/TextPaneSkinDocumentView.java,21.0,1.0,0.0,4.0,2.0,5.0,0.0,noelgrandin@13f79535-47bb-0310-9956-ffa450edef68,0,0.0,0.0,0.0,0.0,0.0,0.0,0.0,0,2,0.0,false
wtk/src/org/apache/pivot/wtk/skin/TextPaneSkinElementView.java,175.0,14.0,251.0,26.0,79.0,56.0,0.0,noelgrandin@13f79535-47bb-0310-9956-ffa450edef68,0,0.0,0.0,0.0,0.0,0.0,0.0,0.0,0,1,0.0,false
wtk/src/org/apache/pivot/wtk/skin/TextPaneSkinImageNodeView.java,90.0,8.0,136.0,17.0,32.0,34.0,0.0,noelgrandin@13f79535-47bb-0310-9956-ffa450edef68,0,0.0,0.0,0.0,0.0,0.0,0.0,0.0,0,2,0.0,false
wtk/src/org/apache/pivot/wtk/skin/TextPaneSkinListItemView.java,39.0,2.0,0.0,5.0,14.0,8.0,0.0,noelgrandin@13f79535-47bb-0310-9956-ffa450edef68,0,0.0,0.0,0.0,0.0,0.0,0.0,0.0,0,2,0.0,false
wtk/src/org/apache/pivot/wtk/skin/TextPaneSkinNodeView.java,134.0,9.0,566.0,41.0,18.0,61.0,0.0,noelgrandin@13f79535-47bb-0310-9956-ffa450edef68,0,0.0,0.0,0.0,0.0,0.0,0.0,0.0,0,2,0.0,false
wtk/src/org/apache/pivot/wtk/skin/TextPaneSkinNumberedListView.java,71.0,4.0,21.0,7.0,17.0,14.0,0.0,noelgrandin@13f79535-47bb-0310-9956-ffa450edef68,0,0.0,0.0,0.0,0.0,0.0,0.0,0.0,0,2,0.0,false
wtk/src/org/apache/pivot/wtk/skin/TextPaneSkinParagraphView.java,366.0,11.0,0.0,12.0,77.0,58.0,0.0,noelgrandin@13f79535-47bb-0310-9956-ffa450edef68,0,0.0,0.0,0.0,0.0,0.0,0.0,0.0,0,6,0.0,false
wtk/src/org/apache/pivot/wtk/skin/TextPaneSkinSpanView.java,92.0,3.0,55.0,11.0,31.0,40.0,0.0,noelgrandin@13f79535-47bb-0310-9956-ffa450edef68,0,0.0,0.0,0.0,0.0,0.0,0.0,0.0,0,3,0.0,false
wtk/src/org/apache/pivot/wtk/skin/TextPaneSkinTextNodeView.java,347.0,20.0,222.0,25.0,125.0,78.0,0.0,noelgrandin@13f79535-47bb-0310-9956-ffa450edef68,0,0.0,0.0,0.0,0.0,0.0,0.0,0.0,0,3,0.0,false
wtk/src/org/apache/pivot/wtk/skin/TextPaneSkinVerticalElementView.java,112.0,4.0,28.0,8.0,28.0,32.0,0.0,noelgrandin@13f79535-47bb-0310-9956-ffa450edef68,0,0.0,0.0,0.0,0.0,0.0,0.0,0.0,0,3,0.0,false
wtk/src/org/apache/pivot/wtk/text/TextSpan.java,26.0,0.0,15.0,6.0,3.0,11.0,0.0,rwhitcomb@13f79535-47bb-0310-9956-ffa450edef68,0,0.0,0.0,0.0,0.0,0.0,0.0,0.0,0,0,0.0,false
