name,LOC,CBO,LCOM,NOM,RFC,WMC,ACS,Ownership,numOfChanges,numberOfFIChanges,ENH,NF,BugFixing,REF,structuralWorkloadSum,semanticWorkloadSum,numberOfDeveloper,pastFaults,MAF,isBuggy
core/src/org/apache/pivot/beans/BXMLSerializer.java,1094.0,44.0,721.0,47.0,163.0,151.0,36.0,gbrown@13f79535-47bb-0310-9956-ffa450edef68,1,0.002398081534772182,4.0,0.0,4.0,0.0,3759.088161209068,550102.8888736329,1,9,0.11954515064978269,false
core/src/org/apache/pivot/beans/BeanAdapter.java,640.0,15.0,235.0,27.0,97.0,104.0,71.0,gbrown@13f79535-47bb-0310-9956-ffa450edef68,1,0.002398081534772182,4.0,0.0,4.0,0.0,3759.088161209068,550102.8888736329,1,4,0.11954515064978269,false
core/src/org/apache/pivot/beans/BeanMonitor.java,195.0,11.0,1.0,6.0,39.0,24.0,71.0,smartini@13f79535-47bb-0310-9956-ffa450edef68,1,0.002398081534772182,20.0,0.0,20.0,0.0,3759.088161209068,550102.8888736329,1,0,0.11954515064978269,false
core/src/org/apache/pivot/collections/ArrayList.java,400.0,7.0,259.0,43.0,61.0,108.0,37.0,smartini@13f79535-47bb-0310-9956-ffa450edef68,1,0.002398081534772182,12.0,0.0,6.0,0.0,3759.088161209068,550102.8888736329,1,6,0.11954515064978269,false
core/src/org/apache/pivot/collections/EnumSet.java,99.0,5.0,24.0,12.0,7.0,25.0,71.0,joes@13f79535-47bb-0310-9956-ffa450edef68,1,0.002398081534772182,25.0,0.0,25.0,0.0,3759.088161209068,550102.8888736329,1,0,0.11954515064978269,false
core/src/org/apache/pivot/collections/HashMap.java,326.0,8.0,170.0,24.0,67.0,76.0,71.0,gbrown@13f79535-47bb-0310-9956-ffa450edef68,1,0.002398081534772182,6.0,0.0,6.0,0.0,3759.088161209068,550102.8888736329,1,3,0.11954515064978269,false
core/src/org/apache/pivot/collections/LinkedList.java,481.0,7.0,139.0,26.0,40.0,87.0,37.0,smartini@13f79535-47bb-0310-9956-ffa450edef68,1,0.002398081534772182,17.0,0.0,8.0,0.0,3759.088161209068,550102.8888736329,1,4,0.11954515064978269,false
core/src/org/apache/pivot/collections/ListListener.java,51.0,1.0,10.0,5.0,0.0,5.0,71.0,joes@13f79535-47bb-0310-9956-ffa450edef68,1,0.002398081534772182,25.0,0.0,25.0,0.0,3759.088161209068,550102.8888736329,1,0,0.11954515064978269,false
core/src/org/apache/pivot/collections/MapListener.java,51.0,1.0,10.0,5.0,0.0,5.0,71.0,joes@13f79535-47bb-0310-9956-ffa450edef68,1,0.002398081534772182,25.0,0.0,25.0,0.0,3759.088161209068,550102.8888736329,1,0,0.11954515064978269,false
core/src/org/apache/pivot/collections/Queue.java,56.0,2.0,15.0,6.0,0.0,12.0,71.0,joes@13f79535-47bb-0310-9956-ffa450edef68,1,0.002398081534772182,25.0,0.0,25.0,0.0,3759.088161209068,550102.8888736329,1,0,0.11954515064978269,false
core/src/org/apache/pivot/collections/QueueListener.java,41.0,1.0,6.0,4.0,0.0,4.0,71.0,smartini@13f79535-47bb-0310-9956-ffa450edef68,1,0.002398081534772182,20.0,0.0,20.0,0.0,3759.088161209068,550102.8888736329,1,0,0.11954515064978269,false
core/src/org/apache/pivot/collections/SetListener.java,41.0,1.0,6.0,4.0,0.0,4.0,71.0,joes@13f79535-47bb-0310-9956-ffa450edef68,1,0.002398081534772182,25.0,0.0,25.0,0.0,3759.088161209068,550102.8888736329,1,0,0.11954515064978269,false
core/src/org/apache/pivot/collections/Stack.java,57.0,2.0,15.0,6.0,0.0,13.0,71.0,joes@13f79535-47bb-0310-9956-ffa450edef68,1,0.002398081534772182,25.0,0.0,25.0,0.0,3759.088161209068,550102.8888736329,1,0,0.11954515064978269,false
core/src/org/apache/pivot/collections/StackListener.java,41.0,1.0,6.0,4.0,0.0,4.0,71.0,smartini@13f79535-47bb-0310-9956-ffa450edef68,1,0.002398081534772182,20.0,0.0,20.0,0.0,3759.088161209068,550102.8888736329,1,0,0.11954515064978269,false
core/src/org/apache/pivot/collections/adapter/ListAdapter.java,159.0,11.0,0.0,17.0,33.0,49.0,3.0,smartini@13f79535-47bb-0310-9956-ffa450edef68,1,0.002398081534772182,14.0,0.0,0.0,0.0,3759.088161209068,550102.8888736329,1,1,0.11954515064978269,false
core/src/org/apache/pivot/collections/adapter/MapAdapter.java,101.0,10.0,0.0,14.0,24.0,35.0,71.0,smartini@13f79535-47bb-0310-9956-ffa450edef68,1,0.002398081534772182,20.0,0.0,20.0,0.0,3759.088161209068,550102.8888736329,1,0,0.11954515064978269,false
core/src/org/apache/pivot/collections/adapter/SetAdapter.java,97.0,9.0,0.0,13.0,21.0,32.0,71.0,smartini@13f79535-47bb-0310-9956-ffa450edef68,1,0.002398081534772182,20.0,0.0,20.0,0.0,3759.088161209068,550102.8888736329,1,0,0.11954515064978269,false
core/src/org/apache/pivot/collections/concurrent/SynchronizedQueue.java,77.0,6.0,0.0,11.0,18.0,24.0,71.0,joes@13f79535-47bb-0310-9956-ffa450edef68,1,0.002398081534772182,25.0,0.0,25.0,0.0,3759.088161209068,550102.8888736329,1,0,0.11954515064978269,false
core/src/org/apache/pivot/collections/concurrent/SynchronizedStack.java,77.0,6.0,0.0,11.0,18.0,24.0,71.0,joes@13f79535-47bb-0310-9956-ffa450edef68,1,0.002398081534772182,25.0,0.0,25.0,0.0,3759.088161209068,550102.8888736329,1,0,0.11954515064978269,false
core/src/org/apache/pivot/io/IOTask.java,126.0,6.0,1.0,2.0,0.0,2.0,71.0,joes@13f79535-47bb-0310-9956-ffa450edef68,1,0.002398081534772182,25.0,0.0,25.0,0.0,3759.088161209068,550102.8888736329,1,0,0.11954515064978269,false
core/src/org/apache/pivot/json/JSONSerializer.java,852.0,28.0,529.0,38.0,107.0,145.0,36.0,gbrown@13f79535-47bb-0310-9956-ffa450edef68,1,0.002398081534772182,6.0,0.0,6.0,0.0,3759.088161209068,550102.8888736329,1,7,0.11954515064978269,true
core/src/org/apache/pivot/json/JSONSerializerListener.java,79.0,2.0,36.0,9.0,0.0,9.0,71.0,gbrown@13f79535-47bb-0310-9956-ffa450edef68,1,0.002398081534772182,25.0,0.0,25.0,0.0,3759.088161209068,550102.8888736329,1,0,0.11954515064978269,false
core/src/org/apache/pivot/serialization/CSVSerializer.java,354.0,23.0,110.0,21.0,36.0,64.0,71.0,gbrown@13f79535-47bb-0310-9956-ffa450edef68,1,0.002398081534772182,5.0,0.0,5.0,0.0,3759.088161209068,550102.8888736329,1,5,0.11954515064978269,false
core/src/org/apache/pivot/serialization/CSVSerializerListener.java,33.0,1.0,3.0,3.0,0.0,3.0,71.0,gbrown@13f79535-47bb-0310-9956-ffa450edef68,1,0.002398081534772182,25.0,0.0,25.0,0.0,3759.088161209068,550102.8888736329,1,0,0.11954515064978269,false
core/src/org/apache/pivot/serialization/PropertiesSerializer.java,45.0,6.0,3.0,3.0,5.0,11.0,0.0,smartini@13f79535-47bb-0310-9956-ffa450edef68,0,0.0,0.0,0.0,0.0,0.0,0.0,0.0,0,2,0.0,false
core/src/org/apache/pivot/util/CalendarDate.java,280.0,9.0,24.0,12.0,17.0,40.0,8.0,gbrown@13f79535-47bb-0310-9956-ffa450edef68,1,0.002398081534772182,11.0,0.0,11.0,0.0,3759.088161209068,550102.8888736329,1,1,0.11954515064978269,true
core/src/org/apache/pivot/util/Console.java,24.0,0.0,15.0,6.0,6.0,7.0,13.0,smartini@13f79535-47bb-0310-9956-ffa450edef68,1,0.002398081534772182,25.0,0.0,0.0,0.0,3759.088161209068,550102.8888736329,1,0,0.11954515064978269,false
core/src/org/apache/pivot/util/ImmutableIterator.java,21.0,1.0,0.0,4.0,2.0,9.0,8.0,joes@13f79535-47bb-0310-9956-ffa450edef68,1,0.002398081534772182,33.0,0.0,33.0,0.0,3759.088161209068,550102.8888736329,1,0,0.11954515064978269,false
core/src/org/apache/pivot/util/MIMEType.java,76.0,3.0,0.0,9.0,14.0,23.0,8.0,smartini@13f79535-47bb-0310-9956-ffa450edef68,1,0.002398081534772182,20.0,0.0,20.0,0.0,3759.088161209068,550102.8888736329,1,0,0.11954515064978269,false
core/src/org/apache/pivot/util/MessageBus.java,49.0,1.0,0.0,3.0,10.0,8.0,8.0,gbrown@13f79535-47bb-0310-9956-ffa450edef68,1,0.002398081534772182,17.0,0.0,17.0,0.0,3759.088161209068,550102.8888736329,1,0,0.11954515064978269,false
core/src/org/apache/pivot/util/Resources.java,134.0,10.0,41.0,18.0,26.0,49.0,8.0,gbrown@13f79535-47bb-0310-9956-ffa450edef68,1,0.002398081534772182,7.0,0.0,7.0,0.0,3759.088161209068,550102.8888736329,1,2,0.11954515064978269,true
core/src/org/apache/pivot/util/Time.java,275.0,9.0,0.0,13.0,14.0,37.0,8.0,gbrown@13f79535-47bb-0310-9956-ffa450edef68,1,0.002398081534772182,12.0,0.0,12.0,0.0,3759.088161209068,550102.8888736329,1,1,0.11954515064978269,true
core/src/org/apache/pivot/util/TypeLiteral.java,23.0,2.0,0.0,2.0,3.0,5.0,8.0,smartini@13f79535-47bb-0310-9956-ffa450edef68,1,0.002398081534772182,11.0,0.0,11.0,0.0,3759.088161209068,550102.8888736329,1,3,0.11954515064978269,false
core/src/org/apache/pivot/util/Version.java,100.0,1.0,6.0,12.0,8.0,29.0,8.0,joes@13f79535-47bb-0310-9956-ffa450edef68,1,0.002398081534772182,25.0,0.0,25.0,0.0,3759.088161209068,550102.8888736329,1,0,0.11954515064978269,false
core/src/org/apache/pivot/util/concurrent/Task.java,156.0,3.0,50.0,12.0,2.0,36.0,71.0,gbrown@13f79535-47bb-0310-9956-ffa450edef68,1,0.002398081534772182,9.0,0.0,9.0,0.0,3759.088161209068,550102.8888736329,1,3,0.11954515064978269,false
core/src/org/apache/pivot/xml/Element.java,688.0,10.0,341.0,30.0,43.0,81.0,76.0,smartini@13f79535-47bb-0310-9956-ffa450edef68,1,0.002398081534772182,18.0,0.0,18.0,9.0,3759.088161209068,550102.8888736329,1,0,0.11954515064978269,false
core/src/org/apache/pivot/xml/ElementListener.java,69.0,1.0,21.0,7.0,0.0,7.0,113.0,joes@13f79535-47bb-0310-9956-ffa450edef68,1,0.002398081534772182,25.0,0.0,25.0,0.0,3759.088161209068,550102.8888736329,1,0,0.11954515064978269,false
core/src/org/apache/pivot/xml/Node.java,35.0,1.0,0.0,3.0,1.0,5.0,113.0,joes@13f79535-47bb-0310-9956-ffa450edef68,1,0.002398081534772182,25.0,0.0,25.0,0.0,3759.088161209068,550102.8888736329,1,0,0.11954515064978269,false
core/src/org/apache/pivot/xml/XMLSerializer.java,226.0,19.0,41.0,11.0,56.0,41.0,42.0,gbrown@13f79535-47bb-0310-9956-ffa450edef68,2,0.004796163069544364,25.0,0.0,12.0,12.0,3932.165084285991,550553.0677000203,2,1,1.4979653332856038,false
core/src/org/apache/pivot/xml/XMLSerializerListener.java,33.0,0.0,3.0,3.0,0.0,3.0,71.0,gbrown@13f79535-47bb-0310-9956-ffa450edef68,1,0.002398081534772182,25.0,0.0,25.0,0.0,3759.088161209068,550102.8888736329,1,0,0.11954515064978269,false
core/test/org/apache/pivot/json/test/BindTest.java,121.0,12.0,36.0,9.0,54.0,27.0,71.0,gbrown@13f79535-47bb-0310-9956-ffa450edef68,1,0.002398081534772182,8.0,0.0,8.0,0.0,3759.088161209068,550102.8888736329,1,2,0.11954515064978269,false
core/test/org/apache/pivot/json/test/JSONSerializerTest.java,86.0,12.0,171.0,19.0,36.0,29.0,71.0,gbrown@13f79535-47bb-0310-9956-ffa450edef68,1,0.002398081534772182,6.0,0.0,6.0,0.0,3759.088161209068,550102.8888736329,1,3,0.11954515064978269,false
core/test/org/apache/pivot/serialization/test/CSVSerializerTest.java,129.0,12.0,78.0,13.0,55.0,22.0,71.0,gbrown@13f79535-47bb-0310-9956-ffa450edef68,1,0.002398081534772182,10.0,0.0,10.0,0.0,3759.088161209068,550102.8888736329,1,1,0.11954515064978269,false
core/test/org/apache/pivot/serialization/test/PropertiesSerializerTest.java,50.0,11.0,4.0,4.0,16.0,10.0,7.0,smartini@13f79535-47bb-0310-9956-ffa450edef68,1,0.002398081534772182,29.0,0.0,14.0,0.0,3759.088161209068,550102.8888736329,1,0,0.11954515064978269,false
core/test/org/apache/pivot/util/concurrent/test/TaskTest.java,78.0,5.0,15.0,6.0,22.0,14.0,71.0,joes@13f79535-47bb-0310-9956-ffa450edef68,1,0.002398081534772182,33.0,0.0,33.0,0.0,3759.088161209068,550102.8888736329,1,1,0.11954515064978269,false
core/test/org/apache/pivot/xml/test/XMLSerializerTest.java,58.0,12.0,10.0,5.0,23.0,7.0,37.0,gbrown@13f79535-47bb-0310-9956-ffa450edef68,1,0.002398081534772182,29.0,0.0,29.0,14.0,3759.088161209068,550102.8888736329,1,1,0.11954515064978269,false
demos/src/org/apache/pivot/demos/decorator/DecoratorDemo.java,40.0,10.0,19.0,7.0,14.0,10.0,71.0,gbrown@13f79535-47bb-0310-9956-ffa450edef68,1,0.002398081534772182,9.0,0.0,9.0,0.0,3759.088161209068,550102.8888736329,1,1,0.11954515064978269,false
demos/src/org/apache/pivot/demos/dnd/DragAndDropDemo.java,259.0,24.0,775.0,43.0,77.0,109.0,71.0,gbrown@13f79535-47bb-0310-9956-ffa450edef68,1,0.002398081534772182,12.0,0.0,12.0,0.0,3759.088161209068,550102.8888736329,1,2,0.11954515064978269,false
demos/src/org/apache/pivot/demos/dnd/FileDropTargetDemo.java,80.0,25.0,29.0,10.0,43.0,31.0,71.0,gbrown@13f79535-47bb-0310-9956-ffa450edef68,1,0.002398081534772182,11.0,0.0,11.0,0.0,3759.088161209068,550102.8888736329,1,2,0.11954515064978269,false
demos/src/org/apache/pivot/demos/dom/DOMInteractionDemo.java,45.0,13.0,4.0,4.0,10.0,7.0,39.0,smartini@13f79535-47bb-0310-9956-ffa450edef68,1,0.002398081534772182,33.0,0.0,33.0,0.0,3759.088161209068,550102.8888736329,1,1,0.11954515064978269,false
demos/src/org/apache/pivot/demos/itunes/SearchDemo.java,155.0,24.0,51.0,15.0,66.0,34.0,71.0,gbrown@13f79535-47bb-0310-9956-ffa450edef68,1,0.002398081534772182,7.0,0.0,7.0,0.0,3759.088161209068,550102.8888736329,1,2,0.11954515064978269,false
demos/src/org/apache/pivot/demos/json/JSONViewer.java,155.0,27.0,14.0,8.0,51.0,26.0,71.0,gbrown@13f79535-47bb-0310-9956-ffa450edef68,1,0.002398081534772182,11.0,0.0,11.0,0.0,3759.088161209068,550102.8888736329,1,2,0.11954515064978269,false
demos/src/org/apache/pivot/demos/memorygame/MemGame.java,104.0,12.0,5.0,6.0,27.0,16.0,71.0,smartini@13f79535-47bb-0310-9956-ffa450edef68,1,0.002398081534772182,25.0,0.0,25.0,0.0,3759.088161209068,550102.8888736329,1,0,0.11954515064978269,false
demos/src/org/apache/pivot/demos/million/LargeData.java,167.0,30.0,0.0,9.0,54.0,17.0,15.0,gbrown@13f79535-47bb-0310-9956-ffa450edef68,1,0.002398081534772182,28.0,0.0,17.0,0.0,3759.088161209068,550102.8888736329,1,3,0.11954515064978269,false
demos/src/org/apache/pivot/demos/roweditor/RowEditorDemo.java,25.0,8.0,1.0,3.0,9.0,7.0,71.0,smartini@13f79535-47bb-0310-9956-ffa450edef68,1,0.002398081534772182,11.0,0.0,11.0,0.0,3759.088161209068,550102.8888736329,1,0,0.11954515064978269,false
demos/src/org/apache/pivot/demos/styles/ColorSchemeBuilder.java,14.0,4.0,0.0,2.0,3.0,5.0,71.0,gbrown@13f79535-47bb-0310-9956-ffa450edef68,1,0.002398081534772182,25.0,0.0,25.0,0.0,3759.088161209068,550102.8888736329,1,0,0.11954515064978269,false
demos/src/org/apache/pivot/demos/styles/ColorSchemeBuilderWindow.java,163.0,33.0,29.0,10.0,81.0,20.0,42.0,smartini@13f79535-47bb-0310-9956-ffa450edef68,2,0.004796163069544364,11.0,0.0,6.0,6.0,3932.165084285991,550553.0677000203,2,2,1.4979653332856038,false
demos/src/org/apache/pivot/demos/suggest/SuggestionDemo.java,94.0,23.0,0.0,8.0,51.0,23.0,71.0,gbrown@13f79535-47bb-0310-9956-ffa450edef68,1,0.002398081534772182,6.0,0.0,6.0,0.0,3759.088161209068,550102.8888736329,1,3,0.11954515064978269,true
demos/src/org/apache/pivot/demos/text/TextPaneDemo.java,447.0,43.0,516.0,36.0,191.0,80.0,42.0,smartini@13f79535-47bb-0310-9956-ffa450edef68,2,0.004796163069544364,20.0,0.0,10.0,10.0,3932.165084285991,550553.0677000203,2,1,1.4979653332856038,false
demos/src/org/apache/pivot/demos/xml/NodeRenderer.java,68.0,7.0,3.0,3.0,13.0,11.0,71.0,gbrown@13f79535-47bb-0310-9956-ffa450edef68,1,0.002398081534772182,33.0,0.0,33.0,0.0,3759.088161209068,550102.8888736329,1,0,0.11954515064978269,false
demos/src/org/apache/pivot/demos/xml/XMLViewer.java,148.0,31.0,3.0,7.0,52.0,24.0,37.0,gbrown@13f79535-47bb-0310-9956-ffa450edef68,1,0.002398081534772182,15.0,0.0,15.0,8.0,3759.088161209068,550102.8888736329,1,2,0.11954515064978269,false
examples/src/org/apache/pivot/examples/builder/BuilderExample.java,52.0,6.0,1.0,3.0,13.0,7.0,42.0,gbrown@13f79535-47bb-0310-9956-ffa450edef68,2,0.004796163069544364,29.0,0.0,14.0,14.0,3932.165084285991,550553.0677000203,2,1,1.4979653332856038,false
examples/src/org/apache/pivot/examples/deployment/DeploymentExample.java,18.0,5.0,4.0,4.0,3.0,7.0,71.0,gbrown@13f79535-47bb-0310-9956-ffa450edef68,1,0.002398081534772182,17.0,0.0,17.0,0.0,3759.088161209068,550102.8888736329,1,0,0.11954515064978269,false
examples/src/org/apache/pivot/examples/sheets/EditGreetingSheet.java,40.0,15.0,6.0,5.0,11.0,7.0,71.0,gbrown@13f79535-47bb-0310-9956-ffa450edef68,1,0.002398081534772182,20.0,0.0,20.0,0.0,3759.088161209068,550102.8888736329,1,0,0.11954515064978269,false
examples/src/org/apache/pivot/examples/sheets/SheetExampleWindow.java,27.0,12.0,0.0,3.0,13.0,6.0,71.0,smartini@13f79535-47bb-0310-9956-ffa450edef68,1,0.002398081534772182,20.0,0.0,20.0,0.0,3759.088161209068,550102.8888736329,1,0,0.11954515064978269,false
tests/src/org/apache/pivot/tests/ActionMappingTest.java,31.0,11.0,0.0,5.0,13.0,12.0,57.0,gbrown@13f79535-47bb-0310-9956-ffa450edef68,1,0.002398081534772182,11.0,0.0,11.0,0.0,3759.088161209068,550102.8888736329,1,2,0.11954515064978269,false
tests/src/org/apache/pivot/tests/ApplicationHandlerTest.java,33.0,7.0,19.0,7.0,9.0,13.0,71.0,gbrown@13f79535-47bb-0310-9956-ffa450edef68,1,0.002398081534772182,11.0,0.0,11.0,0.0,3759.088161209068,550102.8888736329,1,1,0.11954515064978269,false
tests/src/org/apache/pivot/tests/BaselineTest.java,19.0,7.0,1.0,3.0,8.0,6.0,57.0,gbrown@13f79535-47bb-0310-9956-ffa450edef68,1,0.002398081534772182,11.0,0.0,11.0,0.0,3759.088161209068,550102.8888736329,1,0,0.11954515064978269,false
tests/src/org/apache/pivot/tests/BorderTest.java,19.0,7.0,1.0,3.0,8.0,6.0,57.0,gbrown@13f79535-47bb-0310-9956-ffa450edef68,1,0.002398081534772182,14.0,0.0,14.0,0.0,3759.088161209068,550102.8888736329,1,0,0.11954515064978269,false
tests/src/org/apache/pivot/tests/ButtonGroupTest.java,47.0,10.0,13.0,6.0,14.0,9.0,57.0,joes@13f79535-47bb-0310-9956-ffa450edef68,1,0.002398081534772182,33.0,0.0,33.0,0.0,3759.088161209068,550102.8888736329,1,0,0.11954515064978269,false
tests/src/org/apache/pivot/tests/CalendarTest.java,68.0,15.0,41.0,11.0,25.0,22.0,57.0,gbrown@13f79535-47bb-0310-9956-ffa450edef68,1,0.002398081534772182,10.0,0.0,10.0,0.0,3759.088161209068,550102.8888736329,1,1,0.11954515064978269,false
tests/src/org/apache/pivot/tests/CardPaneTest.java,60.0,15.0,20.0,8.0,34.0,22.0,57.0,gbrown@13f79535-47bb-0310-9956-ffa450edef68,1,0.002398081534772182,11.0,0.0,11.0,0.0,3759.088161209068,550102.8888736329,1,2,0.11954515064978269,false
tests/src/org/apache/pivot/tests/CheckedListViewTest.java,37.0,13.0,4.0,4.0,21.0,13.0,57.0,smartini@13f79535-47bb-0310-9956-ffa450edef68,1,0.002398081534772182,17.0,0.0,17.0,0.0,3759.088161209068,550102.8888736329,1,0,0.11954515064978269,true
tests/src/org/apache/pivot/tests/ColorListButtonTest.java,23.0,9.0,1.0,3.0,11.0,6.0,57.0,gbrown@13f79535-47bb-0310-9956-ffa450edef68,1,0.002398081534772182,9.0,0.0,9.0,0.0,3759.088161209068,550102.8888736329,1,2,0.11954515064978269,false
tests/src/org/apache/pivot/tests/ColorPaletteTest.java,49.0,14.0,4.0,4.0,16.0,9.0,47.0,smartini@13f79535-47bb-0310-9956-ffa450edef68,2,0.004796163069544364,33.0,0.0,22.0,11.0,3932.165084285991,550553.0677000203,2,0,0.8640758911521476,false
tests/src/org/apache/pivot/tests/ContextMenuTest.java,30.0,10.0,2.0,4.0,10.0,9.0,57.0,gbrown@13f79535-47bb-0310-9956-ffa450edef68,1,0.002398081534772182,12.0,0.0,12.0,0.0,3759.088161209068,550102.8888736329,1,1,0.11954515064978269,false
tests/src/org/apache/pivot/tests/DataBindingTest.java,79.0,16.0,1.0,3.0,10.0,7.0,57.0,gbrown@13f79535-47bb-0310-9956-ffa450edef68,1,0.002398081534772182,6.0,0.0,6.0,0.0,3759.088161209068,550102.8888736329,1,1,0.11954515064978269,true
tests/src/org/apache/pivot/tests/DragDropTest.java,116.0,17.0,75.0,15.0,45.0,41.0,57.0,joes@13f79535-47bb-0310-9956-ffa450edef68,1,0.002398081534772182,33.0,0.0,33.0,0.0,3759.088161209068,550102.8888736329,1,0,0.11954515064978269,false
tests/src/org/apache/pivot/tests/ExpanderTest.java,17.0,6.0,1.0,3.0,4.0,6.0,57.0,gbrown@13f79535-47bb-0310-9956-ffa450edef68,1,0.002398081534772182,12.0,0.0,12.0,0.0,3759.088161209068,550102.8888736329,1,1,0.11954515064978269,false
tests/src/org/apache/pivot/tests/FileBrowserWithCharsetTest.java,71.0,24.0,41.0,10.0,41.0,21.0,57.0,smartini@13f79535-47bb-0310-9956-ffa450edef68,1,0.002398081534772182,12.0,0.0,12.0,0.0,3759.088161209068,550102.8888736329,1,0,0.11954515064978269,false
tests/src/org/apache/pivot/tests/FormTest.java,19.0,7.0,1.0,3.0,8.0,7.0,57.0,gbrown@13f79535-47bb-0310-9956-ffa450edef68,1,0.002398081534772182,14.0,0.0,14.0,0.0,3759.088161209068,550102.8888736329,1,0,0.11954515064978269,false
tests/src/org/apache/pivot/tests/GridPaneTest.java,17.0,6.0,1.0,3.0,4.0,6.0,57.0,gbrown@13f79535-47bb-0310-9956-ffa450edef68,1,0.002398081534772182,12.0,0.0,12.0,0.0,3759.088161209068,550102.8888736329,1,1,0.11954515064978269,false
tests/src/org/apache/pivot/tests/LabelTest.java,38.0,11.0,1.0,3.0,10.0,8.0,57.0,smartini@13f79535-47bb-0310-9956-ffa450edef68,1,0.002398081534772182,20.0,0.0,20.0,0.0,3759.088161209068,550102.8888736329,1,0,0.11954515064978269,false
tests/src/org/apache/pivot/tests/LinkButtonTest.java,48.0,12.0,34.0,9.0,13.0,15.0,57.0,joes@13f79535-47bb-0310-9956-ffa450edef68,1,0.002398081534772182,50.0,0.0,50.0,0.0,3759.088161209068,550102.8888736329,1,0,0.11954515064978269,false
tests/src/org/apache/pivot/tests/ListViewSelectionTest.java,88.0,10.0,9.0,7.0,21.0,10.0,57.0,smartini@13f79535-47bb-0310-9956-ffa450edef68,1,0.002398081534772182,14.0,0.0,14.0,0.0,3759.088161209068,550102.8888736329,1,0,0.11954515064978269,false
tests/src/org/apache/pivot/tests/ListViewTest.java,47.0,9.0,4.0,4.0,14.0,8.0,57.0,joes@13f79535-47bb-0310-9956-ffa450edef68,1,0.002398081534772182,33.0,0.0,33.0,0.0,3759.088161209068,550102.8888736329,1,0,0.11954515064978269,false
tests/src/org/apache/pivot/tests/ListViewTest2.java,24.0,7.0,1.0,3.0,10.0,6.0,57.0,gbrown@13f79535-47bb-0310-9956-ffa450edef68,1,0.002398081534772182,12.0,0.0,12.0,0.0,3759.088161209068,550102.8888736329,1,1,0.11954515064978269,false
tests/src/org/apache/pivot/tests/MenuBarTest.java,55.0,16.0,9.0,6.0,29.0,11.0,0.0,gbrown@13f79535-47bb-0310-9956-ffa450edef68,0,0.0,0.0,0.0,0.0,0.0,0.0,0.0,0,1,0.0,false
tests/src/org/apache/pivot/tests/MessageBusTest.java,17.0,2.0,0.0,2.0,5.0,2.0,57.0,gbrown@13f79535-47bb-0310-9956-ffa450edef68,1,0.002398081534772182,33.0,0.0,33.0,0.0,3759.088161209068,550102.8888736329,1,0,0.11954515064978269,false
tests/src/org/apache/pivot/tests/NamespaceTest.java,19.0,7.0,1.0,3.0,7.0,6.0,57.0,gbrown@13f79535-47bb-0310-9956-ffa450edef68,1,0.002398081534772182,20.0,0.0,20.0,0.0,3759.088161209068,550102.8888736329,1,3,0.11954515064978269,false
tests/src/org/apache/pivot/tests/NativeDragDropTest.java,81.0,18.0,81.0,15.0,29.0,38.0,57.0,joes@13f79535-47bb-0310-9956-ffa450edef68,1,0.002398081534772182,33.0,0.0,33.0,0.0,3759.088161209068,550102.8888736329,1,0,0.11954515064978269,false
tests/src/org/apache/pivot/tests/PanoramaTest.java,32.0,9.0,1.0,3.0,11.0,6.0,57.0,gbrown@13f79535-47bb-0310-9956-ffa450edef68,1,0.002398081534772182,14.0,0.0,14.0,0.0,3759.088161209068,550102.8888736329,1,0,0.11954515064978269,false
tests/src/org/apache/pivot/tests/PromptTest.java,38.0,13.0,0.0,4.0,18.0,11.0,57.0,smartini@13f79535-47bb-0310-9956-ffa450edef68,1,0.002398081534772182,33.0,0.0,33.0,0.0,3759.088161209068,550102.8888736329,1,0,0.11954515064978269,false
tests/src/org/apache/pivot/tests/PushButtonTest.java,23.0,8.0,1.0,3.0,8.0,6.0,57.0,joes@13f79535-47bb-0310-9956-ffa450edef68,1,0.002398081534772182,33.0,0.0,33.0,0.0,3759.088161209068,550102.8888736329,1,0,0.11954515064978269,false
tests/src/org/apache/pivot/tests/ResolveTest.java,17.0,6.0,1.0,3.0,4.0,6.0,57.0,gbrown@13f79535-47bb-0310-9956-ffa450edef68,1,0.002398081534772182,12.0,0.0,12.0,0.0,3759.088161209068,550102.8888736329,1,1,0.11954515064978269,false
tests/src/org/apache/pivot/tests/SaturationDecoratorTest.java,17.0,6.0,1.0,3.0,4.0,6.0,57.0,smartini@13f79535-47bb-0310-9956-ffa450edef68,1,0.002398081534772182,25.0,0.0,25.0,0.0,3759.088161209068,550102.8888736329,1,0,0.11954515064978269,false
tests/src/org/apache/pivot/tests/SheetTest.java,85.0,24.0,22.0,8.0,40.0,11.0,57.0,smartini@13f79535-47bb-0310-9956-ffa450edef68,1,0.002398081534772182,12.0,0.0,12.0,0.0,3759.088161209068,550102.8888736329,1,0,0.11954515064978269,false
tests/src/org/apache/pivot/tests/ShutdownTest.java,40.0,9.0,0.0,4.0,12.0,8.0,57.0,gbrown@13f79535-47bb-0310-9956-ffa450edef68,1,0.002398081534772182,14.0,0.0,14.0,0.0,3759.088161209068,550102.8888736329,1,2,0.11954515064978269,false
tests/src/org/apache/pivot/tests/SliderTest.java,39.0,10.0,4.0,5.0,21.0,8.0,57.0,gbrown@13f79535-47bb-0310-9956-ffa450edef68,1,0.002398081534772182,12.0,0.0,12.0,0.0,3759.088161209068,550102.8888736329,1,1,0.11954515064978269,false
tests/src/org/apache/pivot/tests/SpinnerFocusTest.java,34.0,10.0,4.0,5.0,21.0,12.0,57.0,gbrown@13f79535-47bb-0310-9956-ffa450edef68,1,0.002398081534772182,9.0,0.0,9.0,0.0,3759.088161209068,550102.8888736329,1,2,0.11954515064978269,false
tests/src/org/apache/pivot/tests/SplashScreenTest.java,119.0,19.0,24.0,9.0,44.0,28.0,57.0,smartini@13f79535-47bb-0310-9956-ffa450edef68,1,0.002398081534772182,12.0,0.0,12.0,0.0,3759.088161209068,550102.8888736329,1,1,0.11954515064978269,false
tests/src/org/apache/pivot/tests/SplitPaneTest.java,19.0,7.0,1.0,3.0,8.0,6.0,57.0,gbrown@13f79535-47bb-0310-9956-ffa450edef68,1,0.002398081534772182,14.0,0.0,14.0,0.0,3759.088161209068,550102.8888736329,1,0,0.11954515064978269,false
tests/src/org/apache/pivot/tests/SuggestionPopupTest.java,42.0,13.0,3.0,6.0,21.0,15.0,57.0,gbrown@13f79535-47bb-0310-9956-ffa450edef68,1,0.002398081534772182,6.0,0.0,6.0,0.0,3759.088161209068,550102.8888736329,1,2,0.11954515064978269,false
tests/src/org/apache/pivot/tests/TablePaneTest.java,17.0,6.0,1.0,3.0,4.0,6.0,57.0,gbrown@13f79535-47bb-0310-9956-ffa450edef68,1,0.002398081534772182,12.0,0.0,12.0,0.0,3759.088161209068,550102.8888736329,1,1,0.11954515064978269,false
tests/src/org/apache/pivot/tests/TableViewCellRendererCustom.java,13.0,2.0,0.0,1.0,3.0,3.0,57.0,smartini@13f79535-47bb-0310-9956-ffa450edef68,1,0.002398081534772182,20.0,0.0,20.0,0.0,3759.088161209068,550102.8888736329,1,0,0.11954515064978269,false
tests/src/org/apache/pivot/tests/TableViewTest2.java,30.0,10.0,1.0,3.0,13.0,6.0,57.0,gbrown@13f79535-47bb-0310-9956-ffa450edef68,1,0.002398081534772182,8.0,0.0,8.0,0.0,3759.088161209068,550102.8888736329,1,3,0.11954515064978269,false
tests/src/org/apache/pivot/tests/TagDecoratorTest.java,20.0,9.0,1.0,3.0,10.0,6.0,57.0,joes@13f79535-47bb-0310-9956-ffa450edef68,1,0.002398081534772182,33.0,0.0,33.0,0.0,3759.088161209068,550102.8888736329,1,0,0.11954515064978269,false
tests/src/org/apache/pivot/tests/TextInputValidatorTest.java,55.0,15.0,6.0,5.0,20.0,10.0,14.0,gbrown@13f79535-47bb-0310-9956-ffa450edef68,1,0.002398081534772182,7.0,0.0,0.0,7.0,173.0769230769231,450.17882638734324,1,1,4.2626798770413155,false
tests/src/org/apache/pivot/tests/WatermarkDecoratorTest.java,17.0,6.0,1.0,3.0,4.0,6.0,57.0,gbrown@13f79535-47bb-0310-9956-ffa450edef68,1,0.002398081534772182,12.0,0.0,12.0,0.0,3759.088161209068,550102.8888736329,1,1,0.11954515064978269,false
tests/src/org/apache/pivot/tests/WindowFocusTest.java,37.0,8.0,1.0,3.0,7.0,7.0,57.0,joes@13f79535-47bb-0310-9956-ffa450edef68,1,0.002398081534772182,50.0,0.0,50.0,0.0,3759.088161209068,550102.8888736329,1,0,0.11954515064978269,false
tests/src/org/apache/pivot/tests/WindowTest.java,113.0,16.0,14.0,8.0,40.0,10.0,57.0,gbrown@13f79535-47bb-0310-9956-ffa450edef68,1,0.002398081534772182,14.0,0.0,14.0,0.0,3759.088161209068,550102.8888736329,1,1,0.11954515064978269,false
tests/src/org/apache/pivot/tests/issues/Pivot686.java,48.0,10.0,2.0,5.0,22.0,10.0,0.0,smartini@13f79535-47bb-0310-9956-ffa450edef68,0,0.0,0.0,0.0,0.0,0.0,0.0,0.0,0,0,0.0,false
tests/src/org/apache/pivot/tests/issues/Pivot694.java,91.0,17.0,13.0,7.0,25.0,15.0,33.0,smartini@13f79535-47bb-0310-9956-ffa450edef68,1,0.002398081534772182,25.0,0.0,25.0,0.0,3759.088161209068,550102.8888736329,1,2,0.11954515064978269,false
tests/src/org/apache/pivot/tests/issues/Pivot714.java,58.0,16.0,15.0,7.0,15.0,13.0,57.0,smartini@13f79535-47bb-0310-9956-ffa450edef68,1,0.002398081534772182,14.0,0.0,14.0,0.0,3759.088161209068,550102.8888736329,1,2,0.11954515064978269,false
tests/src/org/apache/pivot/tests/issues/Pivot718.java,85.0,19.0,114.0,16.0,41.0,21.0,57.0,smartini@13f79535-47bb-0310-9956-ffa450edef68,1,0.002398081534772182,14.0,0.0,14.0,0.0,3759.088161209068,550102.8888736329,1,2,0.11954515064978269,false
tests/src/org/apache/pivot/tests/issues/Pivot734.java,67.0,14.0,47.0,11.0,25.0,21.0,57.0,smartini@13f79535-47bb-0310-9956-ffa450edef68,1,0.002398081534772182,14.0,0.0,14.0,0.0,3759.088161209068,550102.8888736329,1,2,0.11954515064978269,false
tests/src/org/apache/pivot/tests/issues/Pivot734WithWorkaround.java,69.0,14.0,47.0,11.0,29.0,21.0,57.0,smartini@13f79535-47bb-0310-9956-ffa450edef68,1,0.002398081534772182,25.0,0.0,25.0,0.0,3759.088161209068,550102.8888736329,1,0,0.11954515064978269,false
tests/src/org/apache/pivot/tests/issues/Pivot738.java,21.0,6.0,1.0,3.0,9.0,6.0,35.0,smartini@13f79535-47bb-0310-9956-ffa450edef68,1,0.002398081534772182,50.0,0.0,25.0,0.0,3759.088161209068,550102.8888736329,1,1,0.11954515064978269,true
tests/src/org/apache/pivot/tests/issues/Pivot751WithoutGUI.java,28.0,4.0,1.0,2.0,15.0,4.0,35.0,smartini@13f79535-47bb-0310-9956-ffa450edef68,1,0.002398081534772182,50.0,0.0,25.0,0.0,3759.088161209068,550102.8888736329,1,1,0.11954515064978269,false
tests/src/org/apache/pivot/tests/issues/Pivot765.java,37.0,10.0,3.0,6.0,15.0,15.0,57.0,smartini@13f79535-47bb-0310-9956-ffa450edef68,1,0.002398081534772182,17.0,0.0,17.0,0.0,3759.088161209068,550102.8888736329,1,2,0.11954515064978269,false
tests/src/org/apache/pivot/tests/issues/Pivot800.java,29.0,9.0,1.0,2.0,6.0,3.0,57.0,smartini@13f79535-47bb-0310-9956-ffa450edef68,1,0.002398081534772182,20.0,0.0,20.0,0.0,3759.088161209068,550102.8888736329,1,1,0.11954515064978269,false
tests/src/org/apache/pivot/tests/issues/Pivot811.java,78.0,20.0,8.0,5.0,46.0,13.0,18.0,smartini@13f79535-47bb-0310-9956-ffa450edef68,1,0.002398081534772182,67.0,17.0,33.0,0.0,3759.088161209068,550102.8888736329,1,0,0.11954515064978269,false
tests/src/org/apache/pivot/tests/issues/Pivot832.java,66.0,15.0,9.0,7.0,48.0,18.0,29.0,smartini@13f79535-47bb-0310-9956-ffa450edef68,1,0.002398081534772182,40.0,0.0,20.0,0.0,3759.088161209068,550102.8888736329,1,0,0.11954515064978269,false
tests/src/org/apache/pivot/tests/issues/Pivot835.java,13.0,6.0,3.0,3.0,5.0,6.0,57.0,smartini@13f79535-47bb-0310-9956-ffa450edef68,1,0.002398081534772182,33.0,0.0,33.0,0.0,3759.088161209068,550102.8888736329,1,0,0.11954515064978269,false
tests/src/org/apache/pivot/tests/issues/Pivot837.java,13.0,6.0,3.0,3.0,5.0,6.0,57.0,smartini@13f79535-47bb-0310-9956-ffa450edef68,1,0.002398081534772182,25.0,0.0,25.0,0.0,3759.088161209068,550102.8888736329,1,0,0.11954515064978269,false
tests/src/org/apache/pivot/tests/issues/Pivot841.java,29.0,9.0,10.0,5.0,20.0,6.0,57.0,smartini@13f79535-47bb-0310-9956-ffa450edef68,1,0.002398081534772182,25.0,0.0,25.0,0.0,3759.088161209068,550102.8888736329,1,0,0.11954515064978269,false
tutorials/src/org/apache/pivot/tutorials/HelloBXML.java,21.0,6.0,8.0,5.0,4.0,8.0,5.0,gbrown@13f79535-47bb-0310-9956-ffa450edef68,1,0.002398081534772182,25.0,0.0,0.0,0.0,3759.088161209068,550102.8888736329,1,1,0.11954515064978269,false
tutorials/src/org/apache/pivot/tutorials/HelloJava.java,29.0,10.0,8.0,5.0,9.0,7.0,5.0,smartini@13f79535-47bb-0310-9956-ffa450edef68,1,0.002398081534772182,40.0,0.0,0.0,0.0,3759.088161209068,550102.8888736329,1,0,0.11954515064978269,false
tutorials/src/org/apache/pivot/tutorials/KitchenSink.java,864.0,65.0,13.0,7.0,15.0,11.0,5.0,gbrown@13f79535-47bb-0310-9956-ffa450edef68,1,0.002398081534772182,10.0,0.0,0.0,0.0,3759.088161209068,550102.8888736329,1,4,0.11954515064978269,true
tutorials/src/org/apache/pivot/tutorials/boundedrange/Sliders.java,18.0,8.0,1.0,3.0,8.0,3.0,33.0,gbrown@13f79535-47bb-0310-9956-ffa450edef68,1,0.002398081534772182,12.0,0.0,12.0,0.0,3759.088161209068,550102.8888736329,1,2,0.11954515064978269,false
tutorials/src/org/apache/pivot/tutorials/bxmlexplorer/BXMLExplorer.java,32.0,9.0,0.0,4.0,11.0,9.0,71.0,smartini@13f79535-47bb-0310-9956-ffa450edef68,1,0.002398081534772182,25.0,0.0,25.0,0.0,3759.088161209068,550102.8888736329,1,1,0.11954515064978269,false
tutorials/src/org/apache/pivot/tutorials/bxmlexplorer/BXMLExplorerDocument.java,254.0,43.0,34.0,13.0,80.0,40.0,33.0,smartini@13f79535-47bb-0310-9956-ffa450edef68,1,0.002398081534772182,12.0,0.0,12.0,0.0,3759.088161209068,550102.8888736329,1,1,0.11954515064978269,false
tutorials/src/org/apache/pivot/tutorials/bxmlexplorer/CreateHighlightedXML.java,104.0,17.0,16.0,8.0,27.0,17.0,23.0,smartini@13f79535-47bb-0310-9956-ffa450edef68,2,0.004796163069544364,29.0,0.0,14.0,14.0,3932.165084285991,550553.0677000203,2,2,1.4979653332856038,false
tutorials/src/org/apache/pivot/tutorials/bxmlexplorer/FakeWindow.java,99.0,11.0,32.0,16.0,23.0,21.0,33.0,smartini@13f79535-47bb-0310-9956-ffa450edef68,1,0.002398081534772182,20.0,0.0,20.0,0.0,3759.088161209068,550102.8888736329,1,1,0.11954515064978269,false
tutorials/src/org/apache/pivot/tutorials/bxmlexplorer/FakeWindowListener.java,48.0,3.0,10.0,5.0,0.0,5.0,33.0,smartini@13f79535-47bb-0310-9956-ffa450edef68,1,0.002398081534772182,17.0,0.0,17.0,0.0,3759.088161209068,550102.8888736329,1,1,0.11954515064978269,false
tutorials/src/org/apache/pivot/tutorials/bxmlexplorer/FakeWindowSkin.java,261.0,26.0,16.0,12.0,60.0,23.0,33.0,smartini@13f79535-47bb-0310-9956-ffa450edef68,1,0.002398081534772182,11.0,0.0,11.0,0.0,3759.088161209068,550102.8888736329,1,2,0.11954515064978269,false
tutorials/src/org/apache/pivot/tutorials/bxmlexplorer/tools/ComponentInspectorSkin.java,1083.0,36.0,1818.0,65.0,513.0,190.0,26.0,smartini@13f79535-47bb-0310-9956-ffa450edef68,1,0.002398081534772182,17.0,0.0,17.0,0.0,3759.088161209068,550102.8888736329,1,0,0.11954515064978269,false
tutorials/src/org/apache/pivot/tutorials/effects/Transitions.java,45.0,11.0,0.0,3.0,21.0,8.0,33.0,gbrown@13f79535-47bb-0310-9956-ffa450edef68,1,0.002398081534772182,12.0,0.0,12.0,0.0,3759.088161209068,550102.8888736329,1,2,0.11954515064978269,false
tutorials/src/org/apache/pivot/tutorials/explorer/ComponentExplorer.java,19.0,5.0,1.0,3.0,6.0,6.0,33.0,gbrown@13f79535-47bb-0310-9956-ffa450edef68,1,0.002398081534772182,11.0,0.0,11.0,0.0,3759.088161209068,550102.8888736329,1,1,0.11954515064978269,false
tutorials/src/org/apache/pivot/tutorials/explorer/ComponentExplorerWindow.java,234.0,29.0,6.0,9.0,60.0,35.0,23.0,gbrown@13f79535-47bb-0310-9956-ffa450edef68,2,0.004796163069544364,15.0,0.0,8.0,8.0,3932.165084285991,550553.0677000203,2,3,1.4979653332856038,false
tutorials/src/org/apache/pivot/tutorials/explorer/Ruler.java,29.0,3.0,2.0,4.0,2.0,8.0,33.0,cbartlett@13f79535-47bb-0310-9956-ffa450edef68,1,0.002398081534772182,25.0,0.0,25.0,0.0,3759.088161209068,550102.8888736329,1,0,0.11954515064978269,false
tutorials/src/org/apache/pivot/tutorials/explorer/RulerSkin.java,60.0,5.0,15.0,6.0,15.0,13.0,33.0,gbrown@13f79535-47bb-0310-9956-ffa450edef68,1,0.002398081534772182,25.0,0.0,25.0,0.0,3759.088161209068,550102.8888736329,1,0,0.11954515064978269,false
tutorials/src/org/apache/pivot/tutorials/explorer/tools/ComponentInspectorSkin.java,1083.0,36.0,1818.0,65.0,513.0,190.0,26.0,gbrown@13f79535-47bb-0310-9956-ffa450edef68,2,0.004796163069544364,29.0,0.0,14.0,14.0,3932.165084285991,550553.0677000203,2,0,1.4979653332856038,false
tutorials/src/org/apache/pivot/tutorials/explorer/tools/EventLogger.java,307.0,16.0,29.0,11.0,40.0,31.0,33.0,smartini@13f79535-47bb-0310-9956-ffa450edef68,1,0.002398081534772182,11.0,0.0,11.0,0.0,3759.088161209068,550102.8888736329,1,0,0.11954515064978269,false
tutorials/src/org/apache/pivot/tutorials/explorer/tools/EventLoggerListener.java,43.0,2.0,6.0,4.0,0.0,4.0,33.0,gbrown@13f79535-47bb-0310-9956-ffa450edef68,1,0.002398081534772182,25.0,0.0,25.0,0.0,3759.088161209068,550102.8888736329,1,0,0.11954515064978269,false
tutorials/src/org/apache/pivot/tutorials/explorer/tools/EventLoggerSkin.java,200.0,23.0,51.0,15.0,81.0,37.0,33.0,gbrown@13f79535-47bb-0310-9956-ffa450edef68,1,0.002398081534772182,8.0,0.0,8.0,0.0,3759.088161209068,550102.8888736329,1,3,0.11954515064978269,false
tutorials/src/org/apache/pivot/tutorials/layout/TablePanes.java,204.0,20.0,0.0,11.0,106.0,42.0,33.0,gbrown@13f79535-47bb-0310-9956-ffa450edef68,1,0.002398081534772182,7.0,0.0,7.0,0.0,3759.088161209068,550102.8888736329,1,5,0.11954515064978269,false
tutorials/src/org/apache/pivot/tutorials/lists/ListButtons.java,30.0,11.0,0.0,2.0,21.0,8.0,33.0,gbrown@13f79535-47bb-0310-9956-ffa450edef68,1,0.002398081534772182,9.0,0.0,9.0,0.0,3759.088161209068,550102.8888736329,1,2,0.11954515064978269,false
tutorials/src/org/apache/pivot/tutorials/lists/ListViews.java,46.0,11.0,13.0,6.0,23.0,15.0,33.0,gbrown@13f79535-47bb-0310-9956-ffa450edef68,1,0.002398081534772182,8.0,0.0,8.0,0.0,3759.088161209068,550102.8888736329,1,2,0.11954515064978269,false
tutorials/src/org/apache/pivot/tutorials/localization/Localization.java,33.0,11.0,1.0,3.0,16.0,9.0,33.0,gbrown@13f79535-47bb-0310-9956-ffa450edef68,1,0.002398081534772182,9.0,0.0,9.0,0.0,3759.088161209068,550102.8888736329,1,3,0.11954515064978269,false
tutorials/src/org/apache/pivot/tutorials/menus/MenuBars.java,95.0,19.0,60.0,12.0,45.0,25.0,33.0,gbrown@13f79535-47bb-0310-9956-ffa450edef68,1,0.002398081534772182,5.0,0.0,5.0,0.0,3759.088161209068,550102.8888736329,1,4,0.11954515064978269,false
tutorials/src/org/apache/pivot/tutorials/navigation/Accordions.java,40.0,10.0,0.0,5.0,22.0,15.0,33.0,gbrown@13f79535-47bb-0310-9956-ffa450edef68,1,0.002398081534772182,11.0,0.0,11.0,0.0,3759.088161209068,550102.8888736329,1,2,0.11954515064978269,false
tutorials/src/org/apache/pivot/tutorials/navigation/CardPanes.java,97.0,14.0,8.0,8.0,24.0,12.0,33.0,gbrown@13f79535-47bb-0310-9956-ffa450edef68,1,0.002398081534772182,12.0,0.0,12.0,0.0,3759.088161209068,550102.8888736329,1,2,0.11954515064978269,false
tutorials/src/org/apache/pivot/tutorials/navigation/Ruler.java,29.0,3.0,2.0,4.0,2.0,8.0,33.0,cbartlett@13f79535-47bb-0310-9956-ffa450edef68,1,0.002398081534772182,25.0,0.0,25.0,0.0,3759.088161209068,550102.8888736329,1,0,0.11954515064978269,false
tutorials/src/org/apache/pivot/tutorials/navigation/RulerSkin.java,60.0,5.0,15.0,6.0,15.0,13.0,33.0,joes@13f79535-47bb-0310-9956-ffa450edef68,1,0.002398081534772182,25.0,0.0,25.0,0.0,3759.088161209068,550102.8888736329,1,0,0.11954515064978269,false
tutorials/src/org/apache/pivot/tutorials/navigation/TabPanes.java,84.0,17.0,7.0,6.0,36.0,20.0,33.0,gbrown@13f79535-47bb-0310-9956-ffa450edef68,1,0.002398081534772182,9.0,0.0,9.0,0.0,3759.088161209068,550102.8888736329,1,2,0.11954515064978269,false
tutorials/src/org/apache/pivot/tutorials/scripting/Scripting.java,29.0,9.0,1.0,3.0,9.0,6.0,33.0,gbrown@13f79535-47bb-0310-9956-ffa450edef68,1,0.002398081534772182,11.0,0.0,11.0,0.0,3759.088161209068,550102.8888736329,1,2,0.11954515064978269,false
tutorials/src/org/apache/pivot/tutorials/stocktracker/StockTracker.java,24.0,7.0,1.0,3.0,9.0,6.0,33.0,gbrown@13f79535-47bb-0310-9956-ffa450edef68,1,0.002398081534772182,8.0,0.0,8.0,0.0,3759.088161209068,550102.8888736329,1,2,0.11954515064978269,false
tutorials/src/org/apache/pivot/tutorials/webqueries/DateBindMapping.java,12.0,4.0,1.0,2.0,4.0,4.0,33.0,gbrown@13f79535-47bb-0310-9956-ffa450edef68,1,0.002398081534772182,33.0,0.0,33.0,0.0,3759.088161209068,550102.8888736329,1,0,0.11954515064978269,false
tutorials/src/org/apache/pivot/tutorials/webqueries/Expenses.java,62.0,7.0,13.0,7.0,16.0,17.0,16.0,gbrown@13f79535-47bb-0310-9956-ffa450edef68,2,0.004796163069544364,20.0,0.0,13.0,7.0,3932.165084285991,550553.0677000203,2,3,0.8640758911521476,false
tutorials/src/org/apache/pivot/tutorials/webqueries/ExpensesWindow.java,213.0,30.0,0.0,21.0,190.0,46.0,18.0,gbrown@13f79535-47bb-0310-9956-ffa450edef68,1,0.002398081534772182,7.0,0.0,7.0,0.0,3759.088161209068,550102.8888736329,1,9,0.11954515064978269,false
tutorials/src/org/apache/pivot/tutorials/webqueries/WebQueries.java,43.0,14.0,2.0,5.0,25.0,12.0,33.0,gbrown@13f79535-47bb-0310-9956-ffa450edef68,1,0.002398081534772182,7.0,0.0,7.0,0.0,3759.088161209068,550102.8888736329,1,2,0.11954515064978269,true
tutorials/src/org/apache/pivot/tutorials/windows/Windows.java,41.0,9.0,4.0,4.0,11.0,11.0,33.0,gbrown@13f79535-47bb-0310-9956-ffa450edef68,1,0.002398081534772182,11.0,0.0,11.0,0.0,3759.088161209068,550102.8888736329,1,2,0.11954515064978269,false
web-server/src/org/apache/pivot/web/server/ProxyServlet.java,152.0,15.0,1.0,3.0,38.0,11.0,71.0,smartini@13f79535-47bb-0310-9956-ffa450edef68,1,0.002398081534772182,20.0,0.0,20.0,0.0,3759.088161209068,550102.8888736329,1,0,0.11954515064978269,false
web-server/src/org/apache/pivot/web/server/QueryServlet.java,419.0,22.0,352.0,28.0,108.0,85.0,14.0,gbrown@13f79535-47bb-0310-9956-ffa450edef68,1,0.002398081534772182,3.0,0.0,0.0,3.0,173.0769230769231,450.17882638734324,1,12,4.2626798770413155,false
web/src/org/apache/pivot/web/Query.java,322.0,17.0,169.0,22.0,47.0,63.0,71.0,gbrown@13f79535-47bb-0310-9956-ffa450edef68,1,0.002398081534772182,8.0,0.0,8.0,0.0,3759.088161209068,550102.8888736329,1,0,0.11954515064978269,true
web/src/org/apache/pivot/web/QueryListener.java,38.0,0.0,6.0,4.0,0.0,4.0,71.0,joes@13f79535-47bb-0310-9956-ffa450edef68,1,0.002398081534772182,25.0,0.0,25.0,0.0,3759.088161209068,550102.8888736329,1,0,0.11954515064978269,false
wtk-terra/src/org/apache/pivot/wtk/skin/terra/TerraCalendarButtonSkin.java,385.0,27.0,935.0,51.0,133.0,114.0,16.0,gbrown@13f79535-47bb-0310-9956-ffa450edef68,1,0.002398081534772182,4.0,0.0,4.0,0.0,3759.088161209068,550102.8888736329,1,3,0.11954515064978269,false
wtk-terra/src/org/apache/pivot/wtk/skin/terra/TerraCheckboxSkin.java,218.0,16.0,62.0,20.0,74.0,53.0,16.0,gbrown@13f79535-47bb-0310-9956-ffa450edef68,1,0.002398081534772182,7.0,0.0,7.0,0.0,3759.088161209068,550102.8888736329,1,3,0.11954515064978269,false
wtk-terra/src/org/apache/pivot/wtk/skin/terra/TerraColorChooserButtonSkin.java,364.0,26.0,664.0,44.0,116.0,107.0,16.0,gbrown@13f79535-47bb-0310-9956-ffa450edef68,1,0.002398081534772182,5.0,0.0,5.0,0.0,3759.088161209068,550102.8888736329,1,2,0.11954515064978269,false
wtk-terra/src/org/apache/pivot/wtk/skin/terra/TerraFileBrowserSheetSkin.java,294.0,26.0,107.0,23.0,113.0,58.0,5.0,gbrown@13f79535-47bb-0310-9956-ffa450edef68,1,0.002398081534772182,12.0,0.0,12.0,0.0,3759.088161209068,550102.8888736329,1,8,0.11954515064978269,false
wtk-terra/src/org/apache/pivot/wtk/skin/terra/TerraFileBrowserSkin.java,794.0,56.0,356.0,37.0,177.0,98.0,6.0,gbrown@13f79535-47bb-0310-9956-ffa450edef68,2,0.004796163069544364,10.0,2.0,6.0,2.0,3805.088161209068,550158.063477507,2,6,0.32542331457501394,false
wtk-terra/src/org/apache/pivot/wtk/skin/terra/TerraFormSkin.java,871.0,31.0,1290.0,61.0,214.0,145.0,16.0,gbrown@13f79535-47bb-0310-9956-ffa450edef68,1,0.002398081534772182,3.0,0.0,3.0,0.0,3759.088161209068,550102.8888736329,1,7,0.11954515064978269,false
wtk-terra/src/org/apache/pivot/wtk/skin/terra/TerraFrameSkin.java,584.0,37.0,470.0,40.0,166.0,90.0,16.0,smartini@13f79535-47bb-0310-9956-ffa450edef68,1,0.002398081534772182,5.0,0.0,5.0,0.0,3759.088161209068,550102.8888736329,1,2,0.11954515064978269,false
wtk-terra/src/org/apache/pivot/wtk/skin/terra/TerraLabelSkin.java,21.0,2.0,6.0,4.0,11.0,4.0,3.0,joes@13f79535-47bb-0310-9956-ffa450edef68,1,0.002398081534772182,33.0,33.0,0.0,0.0,3759.088161209068,550102.8888736329,1,0,0.11954515064978269,false
wtk-terra/src/org/apache/pivot/wtk/skin/terra/TerraListButtonSkin.java,520.0,32.0,2264.0,73.0,200.0,153.0,16.0,gbrown@13f79535-47bb-0310-9956-ffa450edef68,1,0.002398081534772182,4.0,0.0,4.0,0.0,3759.088161209068,550102.8888736329,1,5,0.11954515064978269,false
wtk-terra/src/org/apache/pivot/wtk/skin/terra/TerraListViewSkin.java,936.0,29.0,3907.0,95.0,292.0,237.0,16.0,gbrown@13f79535-47bb-0310-9956-ffa450edef68,1,0.002398081534772182,2.0,0.0,2.0,0.0,3759.088161209068,550102.8888736329,1,16,0.11954515064978269,false
wtk-terra/src/org/apache/pivot/wtk/skin/terra/TerraMenuButtonSkin.java,465.0,23.0,1437.0,62.0,156.0,155.0,16.0,gbrown@13f79535-47bb-0310-9956-ffa450edef68,1,0.002398081534772182,5.0,0.0,5.0,0.0,3759.088161209068,550102.8888736329,1,4,0.11954515064978269,false
wtk-terra/src/org/apache/pivot/wtk/skin/terra/TerraPaletteSkin.java,377.0,35.0,178.0,28.0,128.0,64.0,0.0,smartini@13f79535-47bb-0310-9956-ffa450edef68,0,0.0,0.0,0.0,0.0,0.0,0.0,0.0,0,1,0.0,false
wtk-terra/src/org/apache/pivot/wtk/skin/terra/TerraPushButtonSkin.java,388.0,17.0,920.0,52.0,122.0,135.0,16.0,gbrown@13f79535-47bb-0310-9956-ffa450edef68,1,0.002398081534772182,8.0,0.0,8.0,0.0,3759.088161209068,550102.8888736329,1,4,0.11954515064978269,false
wtk-terra/src/org/apache/pivot/wtk/skin/terra/TerraRadioButtonSkin.java,207.0,16.0,62.0,20.0,75.0,53.0,16.0,gbrown@13f79535-47bb-0310-9956-ffa450edef68,1,0.002398081534772182,7.0,0.0,7.0,0.0,3759.088161209068,550102.8888736329,1,3,0.11954515064978269,false
wtk-terra/src/org/apache/pivot/wtk/skin/terra/TerraRollupSkin.java,387.0,20.0,371.0,34.0,81.0,77.0,2.0,cbartlett@13f79535-47bb-0310-9956-ffa450edef68,1,0.002398081534772182,33.0,33.0,0.0,0.0,3759.088161209068,550102.8888736329,1,0,0.11954515064978269,false
wtk-terra/src/org/apache/pivot/wtk/skin/terra/TerraScrollBarSkin.java,806.0,19.0,788.0,45.0,117.0,109.0,16.0,smartini@13f79535-47bb-0310-9956-ffa450edef68,1,0.002398081534772182,8.0,0.0,8.0,0.0,3759.088161209068,550102.8888736329,1,1,0.11954515064978269,false
wtk-terra/src/org/apache/pivot/wtk/skin/terra/TerraSliderSkin.java,383.0,17.0,338.0,32.0,58.0,78.0,16.0,null,1,0.002398081534772182,8.0,0.0,8.0,0.0,3759.088161209068,550102.8888736329,1,3,0.11954515064978269,false
wtk-terra/src/org/apache/pivot/wtk/skin/terra/TerraSpinnerSkin.java,554.0,25.0,541.0,38.0,61.0,76.0,13.0,gbrown@13f79535-47bb-0310-9956-ffa450edef68,1,0.002398081534772182,11.0,0.0,11.0,0.0,3759.088161209068,550102.8888736329,1,4,0.11954515064978269,false
wtk-terra/src/org/apache/pivot/wtk/skin/terra/TerraSuggestionPopupSkin.java,283.0,33.0,442.0,36.0,110.0,82.0,16.0,gbrown@13f79535-47bb-0310-9956-ffa450edef68,1,0.002398081534772182,3.0,0.0,3.0,0.0,3759.088161209068,550102.8888736329,1,13,0.11954515064978269,false
wtk-terra/src/org/apache/pivot/wtk/skin/terra/TerraTabPaneSkin.java,1204.0,43.0,2200.0,76.0,228.0,199.0,71.0,gbrown@13f79535-47bb-0310-9956-ffa450edef68,1,0.002398081534772182,3.0,0.0,3.0,0.0,3759.088161209068,550102.8888736329,1,10,0.11954515064978269,true
wtk-terra/src/org/apache/pivot/wtk/skin/terra/TerraTableViewHeaderSkin.java,607.0,29.0,1865.0,66.0,185.0,151.0,71.0,gbrown@13f79535-47bb-0310-9956-ffa450edef68,1,0.002398081534772182,12.0,0.0,12.0,0.0,3759.088161209068,550102.8888736329,1,0,0.11954515064978269,false
wtk-terra/src/org/apache/pivot/wtk/skin/terra/TerraTableViewSkin.java,1119.0,30.0,6596.0,121.0,343.0,290.0,42.0,gbrown@13f79535-47bb-0310-9956-ffa450edef68,2,0.004796163069544364,4.0,0.0,2.0,2.0,3932.165084285991,550553.0677000203,2,13,1.4979653332856038,false
wtk-terra/src/org/apache/pivot/wtk/skin/terra/TerraTextInputSkin.java,1092.0,38.0,4082.0,100.0,299.0,241.0,71.0,gbrown@13f79535-47bb-0310-9956-ffa450edef68,1,0.002398081534772182,2.0,0.0,2.0,0.0,3759.088161209068,550102.8888736329,1,12,0.11954515064978269,false
wtk-terra/src/org/apache/pivot/wtk/skin/terra/TerraTheme.java,310.0,67.0,134.0,20.0,58.0,60.0,71.0,smartini@13f79535-47bb-0310-9956-ffa450edef68,1,0.002398081534772182,2.0,0.0,2.0,0.0,3759.088161209068,550102.8888736329,1,6,0.11954515064978269,true
wtk-terra/src/org/apache/pivot/wtk/skin/terra/TerraTreeViewSkin.java,1526.0,36.0,7370.0,128.0,401.0,313.0,71.0,gbrown@13f79535-47bb-0310-9956-ffa450edef68,1,0.002398081534772182,3.0,0.0,3.0,0.0,3759.088161209068,550102.8888736329,1,9,0.11954515064978269,false
wtk/src/org/apache/pivot/wtk/Accordion.java,217.0,8.0,73.0,15.0,18.0,34.0,0.0,gbrown@13f79535-47bb-0310-9956-ffa450edef68,0,0.0,0.0,0.0,0.0,0.0,0.0,0.0,0,5,0.0,false
wtk/src/org/apache/pivot/wtk/Alert.java,252.0,9.0,23.0,26.0,31.0,47.0,0.0,gbrown@13f79535-47bb-0310-9956-ffa450edef68,0,0.0,0.0,0.0,0.0,0.0,0.0,0.0,0,6,0.0,false
wtk/src/org/apache/pivot/wtk/Application.java,73.0,2.0,6.0,4.0,0.0,10.0,71.0,smartini@13f79535-47bb-0310-9956-ffa450edef68,1,0.002398081534772182,14.0,0.0,14.0,0.0,3759.088161209068,550102.8888736329,1,1,0.11954515064978269,false
wtk/src/org/apache/pivot/wtk/ApplicationContext.java,1420.0,50.0,159.0,19.0,41.0,70.0,41.0,gbrown@13f79535-47bb-0310-9956-ffa450edef68,1,0.002398081534772182,3.0,0.0,3.0,0.0,3759.088161209068,550102.8888736329,1,17,0.11954515064978269,false
wtk/src/org/apache/pivot/wtk/BrowserApplicationContext.java,274.0,12.0,0.0,3.0,7.0,15.0,3.0,gbrown@13f79535-47bb-0310-9956-ffa450edef68,1,0.002398081534772182,6.0,0.0,6.0,0.0,3759.088161209068,550102.8888736329,1,1,0.11954515064978269,false
wtk/src/org/apache/pivot/wtk/CardPane.java,86.0,3.0,0.0,7.0,9.0,20.0,0.0,smartini@13f79535-47bb-0310-9956-ffa450edef68,0,0.0,0.0,0.0,0.0,0.0,0.0,0.0,0,3,0.0,false
wtk/src/org/apache/pivot/wtk/Component.java,1945.0,19.0,9712.0,148.0,262.0,413.0,71.0,gbrown@13f79535-47bb-0310-9956-ffa450edef68,1,0.002398081534772182,2.0,0.0,2.0,0.0,3759.088161209068,550102.8888736329,1,22,0.11954515064978269,true
wtk/src/org/apache/pivot/wtk/ComponentDataListener.java,36.0,0.0,3.0,3.0,0.0,3.0,71.0,gbrown@13f79535-47bb-0310-9956-ffa450edef68,1,0.002398081534772182,17.0,0.0,17.0,0.0,3759.088161209068,550102.8888736329,1,0,0.11954515064978269,false
wtk/src/org/apache/pivot/wtk/Container.java,629.0,10.0,962.0,49.0,162.0,143.0,16.0,null,1,0.002398081534772182,9.0,4.0,0.0,0.0,3759.088161209068,550102.8888736329,1,5,0.11954515064978269,false
wtk/src/org/apache/pivot/wtk/DesktopApplicationContext.java,617.0,22.0,80.0,17.0,125.0,53.0,3.0,gbrown@13f79535-47bb-0310-9956-ffa450edef68,1,0.002398081534772182,2.0,0.0,2.0,0.0,3759.088161209068,550102.8888736329,1,10,0.11954515064978269,false
wtk/src/org/apache/pivot/wtk/FileBrowser.java,241.0,7.0,53.0,18.0,40.0,51.0,7.0,smartini@13f79535-47bb-0310-9956-ffa450edef68,1,0.002398081534772182,18.0,9.0,18.0,0.0,3759.088161209068,550102.8888736329,1,2,0.11954515064978269,false
wtk/src/org/apache/pivot/wtk/FileBrowserSheet.java,173.0,7.0,27.0,15.0,28.0,38.0,4.0,smartini@13f79535-47bb-0310-9956-ffa450edef68,1,0.002398081534772182,21.0,5.0,16.0,5.0,3759.088161209068,550102.8888736329,1,3,0.11954515064978269,false
wtk/src/org/apache/pivot/wtk/ListView.java,1150.0,16.0,2501.0,82.0,133.0,226.0,84.0,gbrown@13f79535-47bb-0310-9956-ffa450edef68,2,0.004796163069544364,4.0,0.0,2.0,2.0,3932.165084285991,550553.0677000203,2,10,1.4979653332856038,true
wtk/src/org/apache/pivot/wtk/Prompt.java,217.0,9.0,57.0,23.0,27.0,39.0,0.0,gbrown@13f79535-47bb-0310-9956-ffa450edef68,0,0.0,0.0,0.0,0.0,0.0,0.0,0.0,0,8,0.0,false
wtk/src/org/apache/pivot/wtk/ScriptApplication.java,50.0,4.0,8.0,5.0,12.0,11.0,3.0,gbrown@13f79535-47bb-0310-9956-ffa450edef68,1,0.002398081534772182,5.0,0.0,5.0,0.0,3759.088161209068,550102.8888736329,1,7,0.11954515064978269,false
wtk/src/org/apache/pivot/wtk/ScrollBarListener.java,44.0,0.0,6.0,4.0,0.0,4.0,155.0,gbrown@13f79535-47bb-0310-9956-ffa450edef68,1,0.002398081534772182,14.0,0.0,14.0,0.0,3759.088161209068,550102.8888736329,1,1,0.11954515064978269,false
wtk/src/org/apache/pivot/wtk/TabPane.java,325.0,8.0,186.0,24.0,28.0,57.0,155.0,gbrown@13f79535-47bb-0310-9956-ffa450edef68,1,0.002398081534772182,4.0,0.0,4.0,0.0,3759.088161209068,550102.8888736329,1,5,0.11954515064978269,false
wtk/src/org/apache/pivot/wtk/TableView.java,1537.0,22.0,2316.0,77.0,140.0,216.0,22.0,gbrown@13f79535-47bb-0310-9956-ffa450edef68,2,0.004796163069544364,4.0,2.0,0.0,2.0,3932.165084285991,550553.0677000203,2,11,1.4979653332856038,true
wtk/src/org/apache/pivot/wtk/TreeView.java,1140.0,13.0,981.0,51.0,101.0,167.0,5.0,gbrown@13f79535-47bb-0310-9956-ffa450edef68,1,0.002398081534772182,10.0,3.0,10.0,0.0,3759.088161209068,550102.8888736329,1,3,0.11954515064978269,false
wtk/src/org/apache/pivot/wtk/Viewport.java,132.0,3.0,75.0,15.0,9.0,36.0,3.0,null,1,0.002398081534772182,9.0,9.0,0.0,0.0,3759.088161209068,550102.8888736329,1,1,0.11954515064978269,false
wtk/src/org/apache/pivot/wtk/WTKListenerList.java,5.0,1.0,0.0,0.0,0.0,0.0,78.0,noelgrandin@13f79535-47bb-0310-9956-ffa450edef68,1,0.002398081534772182,40.0,0.0,40.0,20.0,3759.088161209068,550102.8888736329,1,0,0.11954515064978269,false
wtk/src/org/apache/pivot/wtk/Window.java,807.0,11.0,1101.0,51.0,103.0,142.0,155.0,null,1,0.002398081534772182,3.0,0.0,3.0,0.0,3759.088161209068,550102.8888736329,1,6,0.11954515064978269,false
wtk/src/org/apache/pivot/wtk/skin/LabelSkin.java,486.0,25.0,369.0,39.0,99.0,124.0,79.0,gbrown@13f79535-47bb-0310-9956-ffa450edef68,1,0.002398081534772182,6.0,3.0,3.0,0.0,3759.088161209068,550102.8888736329,1,8,0.11954515064978269,false
wtk/src/org/apache/pivot/wtk/skin/ScrollPaneSkin.java,733.0,21.0,200.0,32.0,178.0,80.0,53.0,smartini@13f79535-47bb-0310-9956-ffa450edef68,1,0.002398081534772182,21.0,14.0,7.0,7.0,3759.088161209068,550102.8888736329,1,3,0.11954515064978269,false
wtk/src/org/apache/pivot/wtk/validation/NotEmptyTextValidator.java,10.0,0.0,1.0,2.0,2.0,3.0,13.0,smartini@13f79535-47bb-0310-9956-ffa450edef68,1,0.002398081534772182,50.0,0.0,0.0,0.0,3759.088161209068,550102.8888736329,1,0,0.11954515064978269,false
