name,LOC,CBO,LCOM,NOM,RFC,WMC,ACS,Ownership,numOfChanges,numberOfFIChanges,ENH,NF,BugFixing,REF,structuralWorkloadSum,semanticWorkloadSum,numberOfDeveloper,pastFaults,MAF,isBuggy
core/src/org/apache/pivot/beans/BXMLSerializer.java,1094.0,44.0,721.0,47.0,163.0,151.0,2.0,gbrown@13f79535-47bb-0310-9956-ffa450edef68,2,0.05714285714285714,4.0,2.0,4.0,0.0,342.42105263157896,2050.763902721398,2,11,0.0588915178281918,false
core/src/org/apache/pivot/io/FileObjectList.java,38.0,4.0,15.0,6.0,1.0,11.0,33.0,rwhitcomb@13f79535-47bb-0310-9956-ffa450edef68,1,0.02857142857142857,50.0,0.0,25.0,0.0,210.42105263157893,1381.955627287464,1,0,1.0986122886681098,false
core/src/org/apache/pivot/util/Command.java,9.0,0.0,0.0,1.0,0.0,1.0,0.0,smartini@13f79535-47bb-0310-9956-ffa450edef68,0,0.0,0.0,0.0,0.0,0.0,0.0,0.0,0,1,0.0,false
core/src/org/apache/pivot/util/Console.java,24.0,0.0,15.0,6.0,6.0,7.0,0.0,smartini@13f79535-47bb-0310-9956-ffa450edef68,0,0.0,0.0,0.0,0.0,0.0,0.0,0.0,0,0,0.0,false
core/test/org/apache/pivot/serialization/test/PropertiesSerializerTest.java,50.0,11.0,4.0,4.0,16.0,10.0,0.0,smartini@13f79535-47bb-0310-9956-ffa450edef68,0,0.0,0.0,0.0,0.0,0.0,0.0,0.0,0,1,0.0,false
demos/src/org/apache/pivot/demos/dom/DOMInteractionDemo.java,49.0,13.0,4.0,4.0,10.0,7.0,0.0,smartini@13f79535-47bb-0310-9956-ffa450edef68,0,0.0,0.0,0.0,0.0,0.0,0.0,0.0,0,3,0.0,false
demos/src/org/apache/pivot/demos/million/LargeData.java,184.0,31.0,0.0,10.0,64.0,19.0,0.0,gbrown@13f79535-47bb-0310-9956-ffa450edef68,0,0.0,0.0,0.0,0.0,0.0,0.0,0.0,0,6,0.0,false
tests/src/org/apache/pivot/tests/JavascriptConsoleTest.java,148.0,12.0,35.0,10.0,30.0,36.0,6.0,smartini@13f79535-47bb-0310-9956-ffa450edef68,1,0.02857142857142857,56.0,0.0,44.0,0.0,132.0,668.8082754339342,1,1,0.40546510810816444,false
tests/src/org/apache/pivot/tests/issues/Pivot694.java,97.0,17.0,13.0,7.0,25.0,15.0,0.0,smartini@13f79535-47bb-0310-9956-ffa450edef68,0,0.0,0.0,0.0,0.0,0.0,0.0,0.0,0,4,0.0,false
tests/src/org/apache/pivot/tests/issues/Pivot721.java,23.0,8.0,1.0,3.0,8.0,6.0,20.0,rwhitcomb@13f79535-47bb-0310-9956-ffa450edef68,2,0.05714285714285714,67.0,0.0,33.0,0.0,342.42105263157896,2050.763902721398,2,1,0.36299034890931514,false
tests/src/org/apache/pivot/tests/issues/Pivot738.java,21.0,6.0,1.0,3.0,9.0,6.0,0.0,smartini@13f79535-47bb-0310-9956-ffa450edef68,0,0.0,0.0,0.0,0.0,0.0,0.0,0.0,0,2,0.0,true
tests/src/org/apache/pivot/tests/issues/Pivot751WithoutGUI.java,28.0,4.0,1.0,2.0,15.0,4.0,0.0,smartini@13f79535-47bb-0310-9956-ffa450edef68,0,0.0,0.0,0.0,0.0,0.0,0.0,0.0,0,2,0.0,false
tests/src/org/apache/pivot/tests/issues/Pivot811.java,78.0,20.0,8.0,5.0,46.0,13.0,0.0,smartini@13f79535-47bb-0310-9956-ffa450edef68,0,0.0,0.0,0.0,0.0,0.0,0.0,0.0,0,2,0.0,false
tests/src/org/apache/pivot/tests/issues/Pivot862.java,68.0,15.0,9.0,7.0,50.0,18.0,0.0,smartini@13f79535-47bb-0310-9956-ffa450edef68,0,0.0,0.0,0.0,0.0,0.0,0.0,0.0,0,1,0.0,false
tests/src/org/apache/pivot/tests/issues/pivot859/Pivot859.java,127.0,17.0,75.0,14.0,39.0,28.0,13.0,smartini@13f79535-47bb-0310-9956-ffa450edef68,1,0.02857142857142857,17.0,0.0,0.0,0.0,132.0,668.8082754339342,1,1,0.40546510810816444,false
tests/src/org/apache/pivot/tests/issues/pivot861/LeakTestWindow.java,39.0,15.0,2.0,5.0,14.0,11.0,0.0,smartini@13f79535-47bb-0310-9956-ffa450edef68,0,0.0,0.0,0.0,0.0,0.0,0.0,0.0,0,1,0.0,false
tests/src/org/apache/pivot/tests/issues/pivot861/Pivot861.java,18.0,4.0,3.0,3.0,5.0,6.0,0.0,smartini@13f79535-47bb-0310-9956-ffa450edef68,0,0.0,0.0,0.0,0.0,0.0,0.0,0.0,0,1,0.0,false
tests/src/org/apache/pivot/tests/issues/pivot861/TestDialog.java,28.0,12.0,3.0,3.0,8.0,5.0,0.0,smartini@13f79535-47bb-0310-9956-ffa450edef68,0,0.0,0.0,0.0,0.0,0.0,0.0,0.0,0,1,0.0,false
wtk-terra/src/org/apache/pivot/wtk/skin/terra/TerraExpanderSkin.java,505.0,33.0,828.0,48.0,123.0,103.0,0.0,smartini@13f79535-47bb-0310-9956-ffa450edef68,0,0.0,0.0,0.0,0.0,0.0,0.0,0.0,0,2,0.0,true
wtk-terra/src/org/apache/pivot/wtk/skin/terra/TerraFileBrowserSheetSkin.java,324.0,27.0,101.0,23.0,119.0,59.0,0.0,gbrown@13f79535-47bb-0310-9956-ffa450edef68,0,0.0,0.0,0.0,0.0,0.0,0.0,0.0,0,12,0.0,false
wtk-terra/src/org/apache/pivot/wtk/skin/terra/TerraFileBrowserSkin.java,860.0,60.0,399.0,38.0,169.0,98.0,2.0,gbrown@13f79535-47bb-0310-9956-ffa450edef68,1,0.02857142857142857,2.0,2.0,0.0,2.0,210.42105263157893,1381.955627287464,1,9,1.0986122886681098,false
wtk-terra/src/org/apache/pivot/wtk/skin/terra/TerraSpinnerSkin.java,558.0,25.0,541.0,38.0,61.0,76.0,0.0,gbrown@13f79535-47bb-0310-9956-ffa450edef68,0,0.0,0.0,0.0,0.0,0.0,0.0,0.0,0,6,0.0,false
wtk-terra/src/org/apache/pivot/wtk/skin/terra/TerraTableViewSkin.java,1140.0,30.0,6821.0,123.0,348.0,293.0,1.0,gbrown@13f79535-47bb-0310-9956-ffa450edef68,1,0.02857142857142857,2.0,2.0,0.0,0.0,210.42105263157893,1381.955627287464,1,14,1.0986122886681098,false
wtk-terra/src/org/apache/pivot/wtk/skin/terra/TerraTheme.java,312.0,69.0,134.0,20.0,58.0,60.0,33.0,smartini@13f79535-47bb-0310-9956-ffa450edef68,1,0.02857142857142857,4.0,0.0,2.0,0.0,210.42105263157893,1381.955627287464,1,7,1.0986122886681098,true
wtk-terra/src/org/apache/pivot/wtk/skin/terra/TerraVFSBrowserSheetSkin.java,363.0,31.0,124.0,24.0,126.0,67.0,33.0,rwhitcomb@13f79535-47bb-0310-9956-ffa450edef68,1,0.02857142857142857,18.0,0.0,9.0,0.0,210.42105263157893,1381.955627287464,1,0,1.0986122886681098,false
wtk-terra/src/org/apache/pivot/wtk/skin/terra/TerraVFSBrowserSkin.java,985.0,67.0,437.0,39.0,184.0,120.0,33.0,rwhitcomb@13f79535-47bb-0310-9956-ffa450edef68,1,0.02857142857142857,11.0,0.0,5.0,0.0,210.42105263157893,1381.955627287464,1,0,1.0986122886681098,false
wtk/src/org/apache/pivot/wtk/AccordionAttributeListener.java,28.0,0.0,1.0,2.0,0.0,2.0,0.0,gbrown@13f79535-47bb-0310-9956-ffa450edef68,0,0.0,0.0,0.0,0.0,0.0,0.0,0.0,0,1,0.0,false
wtk/src/org/apache/pivot/wtk/AccordionListener.java,35.0,1.0,3.0,3.0,0.0,3.0,0.0,smartini@13f79535-47bb-0310-9956-ffa450edef68,0,0.0,0.0,0.0,0.0,0.0,0.0,0.0,0,1,0.0,false
wtk/src/org/apache/pivot/wtk/AccordionSelectionListener.java,35.0,1.0,3.0,3.0,0.0,3.0,0.0,smartini@13f79535-47bb-0310-9956-ffa450edef68,0,0.0,0.0,0.0,0.0,0.0,0.0,0.0,0,1,0.0,false
wtk/src/org/apache/pivot/wtk/ActionClassListener.java,33.0,0.0,3.0,3.0,0.0,3.0,0.0,joes@13f79535-47bb-0310-9956-ffa450edef68,0,0.0,0.0,0.0,0.0,0.0,0.0,0.0,0,1,0.0,false
wtk/src/org/apache/pivot/wtk/AlertListener.java,59.0,1.0,15.0,6.0,0.0,6.0,0.0,smartini@13f79535-47bb-0310-9956-ffa450edef68,0,0.0,0.0,0.0,0.0,0.0,0.0,0.0,0,1,0.0,false
wtk/src/org/apache/pivot/wtk/ApplicationContext.java,1420.0,50.0,159.0,19.0,41.0,70.0,1.0,gbrown@13f79535-47bb-0310-9956-ffa450edef68,1,0.02857142857142857,2.0,2.0,2.0,0.0,210.42105263157893,1381.955627287464,1,19,1.0986122886681098,false
wtk/src/org/apache/pivot/wtk/BorderListener.java,26.0,0.0,1.0,2.0,0.0,2.0,0.0,joes@13f79535-47bb-0310-9956-ffa450edef68,0,0.0,0.0,0.0,0.0,0.0,0.0,0.0,0,1,0.0,false
wtk/src/org/apache/pivot/wtk/Bounds.java,180.0,4.0,0.0,26.0,18.0,70.0,0.0,noelgrandin@13f79535-47bb-0310-9956-ffa450edef68,0,0.0,0.0,0.0,0.0,0.0,0.0,0.0,0,1,0.0,true
wtk/src/org/apache/pivot/wtk/Button.java,574.0,3.0,695.0,46.0,52.0,111.0,0.0,gbrown@13f79535-47bb-0310-9956-ffa450edef68,0,0.0,0.0,0.0,0.0,0.0,0.0,0.0,0,9,0.0,true
wtk/src/org/apache/pivot/wtk/ButtonBindingListener.java,82.0,0.0,36.0,9.0,0.0,9.0,0.0,gbrown@13f79535-47bb-0310-9956-ffa450edef68,0,0.0,0.0,0.0,0.0,0.0,0.0,0.0,0,2,0.0,false
wtk/src/org/apache/pivot/wtk/ButtonGroup.java,84.0,5.0,0.0,7.0,16.0,19.0,0.0,smartini@13f79535-47bb-0310-9956-ffa450edef68,0,0.0,0.0,0.0,0.0,0.0,0.0,0.0,0,0,0.0,false
wtk/src/org/apache/pivot/wtk/ButtonGroupListener.java,34.0,0.0,3.0,3.0,0.0,3.0,0.0,joes@13f79535-47bb-0310-9956-ffa450edef68,0,0.0,0.0,0.0,0.0,0.0,0.0,0.0,0,1,0.0,false
wtk/src/org/apache/pivot/wtk/ButtonListener.java,56.0,0.0,15.0,6.0,0.0,6.0,0.0,gbrown@13f79535-47bb-0310-9956-ffa450edef68,0,0.0,0.0,0.0,0.0,0.0,0.0,0.0,0,2,0.0,false
wtk/src/org/apache/pivot/wtk/Calendar.java,302.0,8.0,256.0,28.0,24.0,67.0,0.0,gbrown@13f79535-47bb-0310-9956-ffa450edef68,0,0.0,0.0,0.0,0.0,0.0,0.0,0.0,0,6,0.0,true
wtk/src/org/apache/pivot/wtk/CalendarBindingListener.java,34.0,0.0,3.0,3.0,0.0,3.0,0.0,gbrown@13f79535-47bb-0310-9956-ffa450edef68,0,0.0,0.0,0.0,0.0,0.0,0.0,0.0,0,1,0.0,false
wtk/src/org/apache/pivot/wtk/CalendarButton.java,316.0,9.0,349.0,31.0,30.0,73.0,0.0,gbrown@13f79535-47bb-0310-9956-ffa450edef68,0,0.0,0.0,0.0,0.0,0.0,0.0,0.0,0,8,0.0,true
wtk/src/org/apache/pivot/wtk/CalendarButtonBindingListener.java,34.0,0.0,3.0,3.0,0.0,3.0,0.0,gbrown@13f79535-47bb-0310-9956-ffa450edef68,0,0.0,0.0,0.0,0.0,0.0,0.0,0.0,0,1,0.0,false
wtk/src/org/apache/pivot/wtk/CalendarButtonListener.java,42.0,3.0,6.0,4.0,0.0,4.0,0.0,gbrown@13f79535-47bb-0310-9956-ffa450edef68,0,0.0,0.0,0.0,0.0,0.0,0.0,0.0,0,3,0.0,false
wtk/src/org/apache/pivot/wtk/CalendarListener.java,42.0,3.0,6.0,4.0,0.0,4.0,0.0,gbrown@13f79535-47bb-0310-9956-ffa450edef68,0,0.0,0.0,0.0,0.0,0.0,0.0,0.0,0,1,0.0,false
wtk/src/org/apache/pivot/wtk/CardPaneListener.java,35.0,1.0,3.0,3.0,0.0,3.0,0.0,smartini@13f79535-47bb-0310-9956-ffa450edef68,0,0.0,0.0,0.0,0.0,0.0,0.0,0.0,0,1,0.0,false
wtk/src/org/apache/pivot/wtk/Clipboard.java,56.0,3.0,0.0,4.0,9.0,12.0,0.0,smartini@13f79535-47bb-0310-9956-ffa450edef68,0,0.0,0.0,0.0,0.0,0.0,0.0,0.0,0,1,0.0,false
wtk/src/org/apache/pivot/wtk/ColorChooser.java,174.0,3.0,39.0,15.0,17.0,36.0,0.0,gbrown@13f79535-47bb-0310-9956-ffa450edef68,0,0.0,0.0,0.0,0.0,0.0,0.0,0.0,0,3,0.0,true
wtk/src/org/apache/pivot/wtk/ColorChooserBindingListener.java,34.0,0.0,3.0,3.0,0.0,3.0,0.0,tvolkert@13f79535-47bb-0310-9956-ffa450edef68,0,0.0,0.0,0.0,0.0,0.0,0.0,0.0,0,1,0.0,false
wtk/src/org/apache/pivot/wtk/ColorChooserButton.java,190.0,4.0,105.0,19.0,21.0,44.0,0.0,gbrown@13f79535-47bb-0310-9956-ffa450edef68,0,0.0,0.0,0.0,0.0,0.0,0.0,0.0,0,3,0.0,true
wtk/src/org/apache/pivot/wtk/ColorChooserButtonBindingListener.java,34.0,0.0,3.0,3.0,0.0,3.0,0.0,tvolkert@13f79535-47bb-0310-9956-ffa450edef68,0,0.0,0.0,0.0,0.0,0.0,0.0,0.0,0,1,0.0,false
wtk/src/org/apache/pivot/wtk/ComponentDecoratorListener.java,36.0,2.0,3.0,3.0,0.0,3.0,0.0,gbrown@13f79535-47bb-0310-9956-ffa450edef68,0,0.0,0.0,0.0,0.0,0.0,0.0,0.0,0,1,0.0,false
wtk/src/org/apache/pivot/wtk/ComponentListener.java,126.0,0.0,91.0,14.0,0.0,14.0,0.0,gbrown@13f79535-47bb-0310-9956-ffa450edef68,0,0.0,0.0,0.0,0.0,0.0,0.0,0.0,0,1,0.0,false
wtk/src/org/apache/pivot/wtk/ComponentMouseListener.java,35.0,0.0,3.0,3.0,0.0,4.0,0.0,joes@13f79535-47bb-0310-9956-ffa450edef68,0,0.0,0.0,0.0,0.0,0.0,0.0,0.0,0,1,0.0,false
wtk/src/org/apache/pivot/wtk/ComponentStateListener.java,25.0,0.0,1.0,2.0,0.0,2.0,0.0,smartini@13f79535-47bb-0310-9956-ffa450edef68,0,0.0,0.0,0.0,0.0,0.0,0.0,0.0,0,1,0.0,false
wtk/src/org/apache/pivot/wtk/Container.java,629.0,10.0,962.0,49.0,162.0,143.0,0.0,null,0,0.0,0.0,0.0,0.0,0.0,0.0,0.0,0,5,0.0,false
wtk/src/org/apache/pivot/wtk/ContainerListener.java,44.0,1.0,6.0,4.0,0.0,4.0,0.0,smartini@13f79535-47bb-0310-9956-ffa450edef68,0,0.0,0.0,0.0,0.0,0.0,0.0,0.0,0,2,0.0,false
wtk/src/org/apache/pivot/wtk/Dialog.java,159.0,2.0,140.0,21.0,14.0,36.0,0.0,gbrown@13f79535-47bb-0310-9956-ffa450edef68,0,0.0,0.0,0.0,0.0,0.0,0.0,0.0,0,3,0.0,false
wtk/src/org/apache/pivot/wtk/DialogStateListener.java,29.0,1.0,1.0,2.0,0.0,2.0,0.0,joes@13f79535-47bb-0310-9956-ffa450edef68,0,0.0,0.0,0.0,0.0,0.0,0.0,0.0,0,1,0.0,false
wtk/src/org/apache/pivot/wtk/ExpanderListener.java,56.0,1.0,15.0,6.0,0.0,6.0,0.0,smartini@13f79535-47bb-0310-9956-ffa450edef68,0,0.0,0.0,0.0,0.0,0.0,0.0,0.0,0,1,0.0,false
wtk/src/org/apache/pivot/wtk/FileBrowser.java,248.0,7.0,53.0,18.0,40.0,51.0,0.0,smartini@13f79535-47bb-0310-9956-ffa450edef68,0,0.0,0.0,0.0,0.0,0.0,0.0,0.0,0,4,0.0,false
wtk/src/org/apache/pivot/wtk/FileBrowserListener.java,57.0,3.0,15.0,6.0,0.0,6.0,0.0,joes@13f79535-47bb-0310-9956-ffa450edef68,0,0.0,0.0,0.0,0.0,0.0,0.0,0.0,0,1,0.0,false
wtk/src/org/apache/pivot/wtk/FileBrowserSheet.java,193.0,7.0,40.0,16.0,29.0,43.0,0.0,smartini@13f79535-47bb-0310-9956-ffa450edef68,0,0.0,0.0,0.0,0.0,0.0,0.0,0.0,0,6,0.0,false
wtk/src/org/apache/pivot/wtk/FileBrowserSheetListener.java,42.0,3.0,6.0,4.0,0.0,4.0,0.0,smartini@13f79535-47bb-0310-9956-ffa450edef68,0,0.0,0.0,0.0,0.0,0.0,0.0,0.0,0,0,0.0,false
wtk/src/org/apache/pivot/wtk/FillPane.java,36.0,1.0,2.0,5.0,3.0,9.0,4.0,rwhitcomb@13f79535-47bb-0310-9956-ffa450edef68,1,0.02857142857142857,17.0,0.0,0.0,0.0,132.0,668.8082754339342,1,0,0.40546510810816444,false
wtk/src/org/apache/pivot/wtk/FormAttributeListener.java,36.0,0.0,3.0,3.0,0.0,6.0,0.0,smartini@13f79535-47bb-0310-9956-ffa450edef68,0,0.0,0.0,0.0,0.0,0.0,0.0,0.0,0,1,0.0,false
wtk/src/org/apache/pivot/wtk/FormListener.java,51.0,1.0,10.0,5.0,0.0,10.0,0.0,joes@13f79535-47bb-0310-9956-ffa450edef68,0,0.0,0.0,0.0,0.0,0.0,0.0,0.0,0,1,0.0,false
wtk/src/org/apache/pivot/wtk/GridPaneListener.java,61.0,1.0,15.0,6.0,0.0,6.0,0.0,joes@13f79535-47bb-0310-9956-ffa450edef68,0,0.0,0.0,0.0,0.0,0.0,0.0,0.0,0,1,0.0,false
wtk/src/org/apache/pivot/wtk/ImageView.java,291.0,11.0,132.0,21.0,40.0,56.0,0.0,gbrown@13f79535-47bb-0310-9956-ffa450edef68,0,0.0,0.0,0.0,0.0,0.0,0.0,0.0,0,7,0.0,true
wtk/src/org/apache/pivot/wtk/ImageViewBindingListener.java,34.0,0.0,3.0,3.0,0.0,3.0,0.0,gbrown@13f79535-47bb-0310-9956-ffa450edef68,0,0.0,0.0,0.0,0.0,0.0,0.0,0.0,0,2,0.0,false
wtk/src/org/apache/pivot/wtk/ImageViewListener.java,25.0,1.0,1.0,2.0,0.0,2.0,0.0,smartini@13f79535-47bb-0310-9956-ffa450edef68,0,0.0,0.0,0.0,0.0,0.0,0.0,0.0,0,2,0.0,false
wtk/src/org/apache/pivot/wtk/Keyboard.java,18.0,3.0,0.0,1.0,1.0,2.0,0.0,smartini@13f79535-47bb-0310-9956-ffa450edef68,0,0.0,0.0,0.0,0.0,0.0,0.0,0.0,0,1,0.0,false
wtk/src/org/apache/pivot/wtk/Label.java,137.0,2.0,45.0,15.0,13.0,33.0,0.0,gbrown@13f79535-47bb-0310-9956-ffa450edef68,0,0.0,0.0,0.0,0.0,0.0,0.0,0.0,0,7,0.0,true
wtk/src/org/apache/pivot/wtk/LabelBindingListener.java,34.0,0.0,3.0,3.0,0.0,3.0,0.0,gbrown@13f79535-47bb-0310-9956-ffa450edef68,0,0.0,0.0,0.0,0.0,0.0,0.0,0.0,0,1,0.0,false
wtk/src/org/apache/pivot/wtk/ListButton.java,579.0,16.0,818.0,49.0,68.0,111.0,3.0,gbrown@13f79535-47bb-0310-9956-ffa450edef68,1,0.02857142857142857,2.0,0.0,2.0,0.0,132.0,668.8082754339342,1,9,0.40546510810816444,true
wtk/src/org/apache/pivot/wtk/ListButtonBindingListener.java,58.0,0.0,15.0,6.0,0.0,6.0,0.0,gbrown@13f79535-47bb-0310-9956-ffa450edef68,0,0.0,0.0,0.0,0.0,0.0,0.0,0.0,0,1,0.0,false
wtk/src/org/apache/pivot/wtk/ListButtonItemListener.java,49.0,0.0,10.0,5.0,0.0,5.0,0.0,gbrown@13f79535-47bb-0310-9956-ffa450edef68,0,0.0,0.0,0.0,0.0,0.0,0.0,0.0,0,1,0.0,false
wtk/src/org/apache/pivot/wtk/ListButtonListener.java,49.0,2.0,10.0,5.0,0.0,5.0,0.0,gbrown@13f79535-47bb-0310-9956-ffa450edef68,0,0.0,0.0,0.0,0.0,0.0,0.0,0.0,0,2,0.0,false
wtk/src/org/apache/pivot/wtk/ListButtonSelectionListener.java,26.0,0.0,1.0,2.0,0.0,3.0,0.0,gbrown@13f79535-47bb-0310-9956-ffa450edef68,0,0.0,0.0,0.0,0.0,0.0,0.0,0.0,0,1,0.0,false
wtk/src/org/apache/pivot/wtk/ListView.java,1163.0,16.0,2501.0,82.0,133.0,227.0,3.0,gbrown@13f79535-47bb-0310-9956-ffa450edef68,1,0.02857142857142857,2.0,0.0,2.0,0.0,132.0,668.8082754339342,1,11,0.40546510810816444,true
wtk/src/org/apache/pivot/wtk/ListViewBindingListener.java,106.0,0.0,66.0,12.0,0.0,12.0,0.0,gbrown@13f79535-47bb-0310-9956-ffa450edef68,0,0.0,0.0,0.0,0.0,0.0,0.0,0.0,0,1,0.0,false
wtk/src/org/apache/pivot/wtk/ListViewItemListener.java,49.0,0.0,10.0,5.0,0.0,6.0,0.0,joes@13f79535-47bb-0310-9956-ffa450edef68,0,0.0,0.0,0.0,0.0,0.0,0.0,0.0,0,1,0.0,false
wtk/src/org/apache/pivot/wtk/ListViewListener.java,65.0,2.0,21.0,7.0,0.0,7.0,0.0,gbrown@13f79535-47bb-0310-9956-ffa450edef68,0,0.0,0.0,0.0,0.0,0.0,0.0,0.0,0,1,0.0,false
wtk/src/org/apache/pivot/wtk/ListViewSelectionListener.java,44.0,1.0,6.0,4.0,0.0,4.0,0.0,gbrown@13f79535-47bb-0310-9956-ffa450edef68,0,0.0,0.0,0.0,0.0,0.0,0.0,0.0,0,1,0.0,false
wtk/src/org/apache/pivot/wtk/LocalManifest.java,54.0,9.0,42.0,12.0,3.0,27.0,0.0,joes@13f79535-47bb-0310-9956-ffa450edef68,0,0.0,0.0,0.0,0.0,0.0,0.0,0.0,0,1,0.0,false
wtk/src/org/apache/pivot/wtk/Menu.java,381.0,7.0,24.0,8.0,4.0,18.0,0.0,gbrown@13f79535-47bb-0310-9956-ffa450edef68,0,0.0,0.0,0.0,0.0,0.0,0.0,0.0,0,4,0.0,false
wtk/src/org/apache/pivot/wtk/MenuBarListener.java,35.0,1.0,3.0,3.0,0.0,3.0,0.0,gbrown@13f79535-47bb-0310-9956-ffa450edef68,0,0.0,0.0,0.0,0.0,0.0,0.0,0.0,0,1,0.0,false
wtk/src/org/apache/pivot/wtk/MenuHandler.java,38.0,0.0,3.0,3.0,0.0,4.0,0.0,joes@13f79535-47bb-0310-9956-ffa450edef68,0,0.0,0.0,0.0,0.0,0.0,0.0,0.0,0,1,0.0,false
wtk/src/org/apache/pivot/wtk/MenuListener.java,35.0,1.0,3.0,3.0,0.0,3.0,0.0,gbrown@13f79535-47bb-0310-9956-ffa450edef68,0,0.0,0.0,0.0,0.0,0.0,0.0,0.0,0,1,0.0,false
wtk/src/org/apache/pivot/wtk/MenuPopupStateListener.java,34.0,1.0,3.0,3.0,0.0,3.0,0.0,joes@13f79535-47bb-0310-9956-ffa450edef68,0,0.0,0.0,0.0,0.0,0.0,0.0,0.0,0,1,0.0,false
wtk/src/org/apache/pivot/wtk/MeterListener.java,33.0,0.0,3.0,3.0,0.0,3.0,0.0,joes@13f79535-47bb-0310-9956-ffa450edef68,0,0.0,0.0,0.0,0.0,0.0,0.0,0.0,0,1,0.0,false
wtk/src/org/apache/pivot/wtk/Mouse.java,304.0,1.0,40.0,12.0,27.0,40.0,0.0,smartini@13f79535-47bb-0310-9956-ffa450edef68,0,0.0,0.0,0.0,0.0,0.0,0.0,0.0,0,1,0.0,false
wtk/src/org/apache/pivot/wtk/PromptListener.java,59.0,1.0,15.0,6.0,0.0,6.0,0.0,smartini@13f79535-47bb-0310-9956-ffa450edef68,0,0.0,0.0,0.0,0.0,0.0,0.0,0.0,0,1,0.0,false
wtk/src/org/apache/pivot/wtk/RadioButtonGroup.java,420.0,10.0,146.0,28.0,69.0,82.0,0.0,smartini@13f79535-47bb-0310-9956-ffa450edef68,0,0.0,0.0,0.0,0.0,0.0,0.0,0.0,0,2,0.0,false
wtk/src/org/apache/pivot/wtk/RollupListener.java,33.0,0.0,3.0,3.0,0.0,3.0,0.0,joes@13f79535-47bb-0310-9956-ffa450edef68,0,0.0,0.0,0.0,0.0,0.0,0.0,0.0,0,1,0.0,false
wtk/src/org/apache/pivot/wtk/RollupStateListener.java,33.0,1.0,3.0,3.0,0.0,3.0,0.0,joes@13f79535-47bb-0310-9956-ffa450edef68,0,0.0,0.0,0.0,0.0,0.0,0.0,0.0,0,1,0.0,false
wtk/src/org/apache/pivot/wtk/ScrollBarListener.java,44.0,0.0,6.0,4.0,0.0,4.0,0.0,gbrown@13f79535-47bb-0310-9956-ffa450edef68,0,0.0,0.0,0.0,0.0,0.0,0.0,0.0,0,2,0.0,false
wtk/src/org/apache/pivot/wtk/ScrollPaneListener.java,50.0,0.0,10.0,5.0,0.0,5.0,0.0,gbrown@13f79535-47bb-0310-9956-ffa450edef68,0,0.0,0.0,0.0,0.0,0.0,0.0,0.0,0,1,0.0,false
wtk/src/org/apache/pivot/wtk/Sheet.java,101.0,2.0,43.0,11.0,12.0,21.0,0.0,gbrown@13f79535-47bb-0310-9956-ffa450edef68,0,0.0,0.0,0.0,0.0,0.0,0.0,0.0,0,2,0.0,false
wtk/src/org/apache/pivot/wtk/SheetStateListener.java,29.0,1.0,1.0,2.0,0.0,2.0,0.0,joes@13f79535-47bb-0310-9956-ffa450edef68,0,0.0,0.0,0.0,0.0,0.0,0.0,0.0,0,1,0.0,false
wtk/src/org/apache/pivot/wtk/SliderListener.java,26.0,0.0,1.0,2.0,0.0,2.0,0.0,gbrown@13f79535-47bb-0310-9956-ffa450edef68,0,0.0,0.0,0.0,0.0,0.0,0.0,0.0,0,1,0.0,false
wtk/src/org/apache/pivot/wtk/Spinner.java,510.0,11.0,498.0,40.0,59.0,91.0,3.0,gbrown@13f79535-47bb-0310-9956-ffa450edef68,1,0.02857142857142857,3.0,0.0,3.0,0.0,132.0,668.8082754339342,1,9,0.40546510810816444,true
wtk/src/org/apache/pivot/wtk/SpinnerBindingListener.java,58.0,0.0,15.0,6.0,0.0,6.0,0.0,gbrown@13f79535-47bb-0310-9956-ffa450edef68,0,0.0,0.0,0.0,0.0,0.0,0.0,0.0,0,2,0.0,false
wtk/src/org/apache/pivot/wtk/SpinnerItemListener.java,49.0,0.0,10.0,5.0,0.0,5.0,0.0,smartini@13f79535-47bb-0310-9956-ffa450edef68,0,0.0,0.0,0.0,0.0,0.0,0.0,0.0,0,1,0.0,false
wtk/src/org/apache/pivot/wtk/SpinnerListener.java,33.0,1.0,3.0,3.0,0.0,3.0,0.0,gbrown@13f79535-47bb-0310-9956-ffa450edef68,0,0.0,0.0,0.0,0.0,0.0,0.0,0.0,0,1,0.0,false
wtk/src/org/apache/pivot/wtk/SpinnerSelectionListener.java,26.0,0.0,1.0,2.0,0.0,3.0,0.0,gbrown@13f79535-47bb-0310-9956-ffa450edef68,0,0.0,0.0,0.0,0.0,0.0,0.0,0.0,0,1,0.0,false
wtk/src/org/apache/pivot/wtk/SplitPaneListener.java,63.0,0.0,21.0,7.0,0.0,7.0,0.0,gbrown@13f79535-47bb-0310-9956-ffa450edef68,0,0.0,0.0,0.0,0.0,0.0,0.0,0.0,0,1,0.0,false
wtk/src/org/apache/pivot/wtk/SuggestionPopup.java,336.0,8.0,309.0,30.0,44.0,65.0,0.0,gbrown@13f79535-47bb-0310-9956-ffa450edef68,0,0.0,0.0,0.0,0.0,0.0,0.0,0.0,0,5,0.0,false
wtk/src/org/apache/pivot/wtk/SuggestionPopupItemListener.java,49.0,0.0,10.0,5.0,0.0,5.0,0.0,gbrown@13f79535-47bb-0310-9956-ffa450edef68,0,0.0,0.0,0.0,0.0,0.0,0.0,0.0,0,1,0.0,false
wtk/src/org/apache/pivot/wtk/SuggestionPopupListener.java,34.0,1.0,3.0,3.0,0.0,3.0,0.0,gbrown@13f79535-47bb-0310-9956-ffa450edef68,0,0.0,0.0,0.0,0.0,0.0,0.0,0.0,0,1,0.0,false
wtk/src/org/apache/pivot/wtk/SuggestionPopupSelectionListener.java,26.0,0.0,1.0,2.0,0.0,3.0,0.0,gbrown@13f79535-47bb-0310-9956-ffa450edef68,0,0.0,0.0,0.0,0.0,0.0,0.0,0.0,0,1,0.0,false
wtk/src/org/apache/pivot/wtk/SuggestionPopupStateListener.java,29.0,1.0,1.0,2.0,0.0,2.0,0.0,gbrown@13f79535-47bb-0310-9956-ffa450edef68,0,0.0,0.0,0.0,0.0,0.0,0.0,0.0,0,2,0.0,false
wtk/src/org/apache/pivot/wtk/TabPane.java,323.0,8.0,186.0,24.0,28.0,57.0,0.0,gbrown@13f79535-47bb-0310-9956-ffa450edef68,0,0.0,0.0,0.0,0.0,0.0,0.0,0.0,0,6,0.0,false
wtk/src/org/apache/pivot/wtk/TabPaneAttributeListener.java,27.0,0.0,1.0,2.0,0.0,2.0,0.0,gbrown@13f79535-47bb-0310-9956-ffa450edef68,0,0.0,0.0,0.0,0.0,0.0,0.0,0.0,0,1,0.0,false
wtk/src/org/apache/pivot/wtk/TabPaneListener.java,75.0,2.0,28.0,8.0,0.0,8.0,0.0,gbrown@13f79535-47bb-0310-9956-ffa450edef68,0,0.0,0.0,0.0,0.0,0.0,0.0,0.0,0,1,0.0,false
wtk/src/org/apache/pivot/wtk/TabPaneSelectionListener.java,35.0,1.0,3.0,3.0,0.0,3.0,0.0,smartini@13f79535-47bb-0310-9956-ffa450edef68,0,0.0,0.0,0.0,0.0,0.0,0.0,0.0,0,1,0.0,false
wtk/src/org/apache/pivot/wtk/TablePane.java,629.0,6.0,114.0,17.0,22.0,42.0,0.0,gbrown@13f79535-47bb-0310-9956-ffa450edef68,0,0.0,0.0,0.0,0.0,0.0,0.0,0.0,0,4,0.0,false
wtk/src/org/apache/pivot/wtk/TablePaneAttributeListener.java,28.0,0.0,1.0,2.0,0.0,2.0,0.0,smartini@13f79535-47bb-0310-9956-ffa450edef68,0,0.0,0.0,0.0,0.0,0.0,0.0,0.0,0,1,0.0,false
wtk/src/org/apache/pivot/wtk/TablePaneListener.java,102.0,1.0,55.0,11.0,0.0,11.0,0.0,joes@13f79535-47bb-0310-9956-ffa450edef68,0,0.0,0.0,0.0,0.0,0.0,0.0,0.0,0,1,0.0,false
wtk/src/org/apache/pivot/wtk/TableView.java,1541.0,22.0,2316.0,77.0,140.0,216.0,0.0,gbrown@13f79535-47bb-0310-9956-ffa450edef68,0,0.0,0.0,0.0,0.0,0.0,0.0,0.0,0,11,0.0,true
wtk/src/org/apache/pivot/wtk/TableViewBindingListener.java,82.0,0.0,36.0,9.0,0.0,9.0,0.0,gbrown@13f79535-47bb-0310-9956-ffa450edef68,0,0.0,0.0,0.0,0.0,0.0,0.0,0.0,0,1,0.0,false
wtk/src/org/apache/pivot/wtk/TableViewColumnListener.java,85.0,1.0,36.0,9.0,0.0,9.0,0.0,gbrown@13f79535-47bb-0310-9956-ffa450edef68,0,0.0,0.0,0.0,0.0,0.0,0.0,0.0,0,1,0.0,false
wtk/src/org/apache/pivot/wtk/TableViewHeaderListener.java,26.0,1.0,1.0,2.0,0.0,2.0,0.0,gbrown@13f79535-47bb-0310-9956-ffa450edef68,0,0.0,0.0,0.0,0.0,0.0,0.0,0.0,0,1,0.0,false
wtk/src/org/apache/pivot/wtk/TableViewListener.java,50.0,2.0,10.0,5.0,0.0,5.0,0.0,gbrown@13f79535-47bb-0310-9956-ffa450edef68,0,0.0,0.0,0.0,0.0,0.0,0.0,0.0,0,1,0.0,false
wtk/src/org/apache/pivot/wtk/TableViewRowListener.java,49.0,0.0,10.0,5.0,0.0,6.0,0.0,joes@13f79535-47bb-0310-9956-ffa450edef68,0,0.0,0.0,0.0,0.0,0.0,0.0,0.0,0,1,0.0,false
wtk/src/org/apache/pivot/wtk/TableViewSelectionListener.java,44.0,1.0,6.0,4.0,0.0,4.0,0.0,gbrown@13f79535-47bb-0310-9956-ffa450edef68,0,0.0,0.0,0.0,0.0,0.0,0.0,0.0,0,1,0.0,false
wtk/src/org/apache/pivot/wtk/TableViewSortListener.java,43.0,0.0,6.0,4.0,0.0,4.0,0.0,joes@13f79535-47bb-0310-9956-ffa450edef68,0,0.0,0.0,0.0,0.0,0.0,0.0,0.0,0,0,0.0,false
wtk/src/org/apache/pivot/wtk/TextArea.java,872.0,14.0,1152.0,53.0,111.0,134.0,0.0,gbrown@13f79535-47bb-0310-9956-ffa450edef68,0,0.0,0.0,0.0,0.0,0.0,0.0,0.0,0,12,0.0,true
wtk/src/org/apache/pivot/wtk/TextAreaBindingListener.java,34.0,0.0,3.0,3.0,0.0,3.0,0.0,gbrown@13f79535-47bb-0310-9956-ffa450edef68,0,0.0,0.0,0.0,0.0,0.0,0.0,0.0,0,1,0.0,false
wtk/src/org/apache/pivot/wtk/TextAreaContentListener.java,34.0,1.0,3.0,3.0,0.0,3.0,0.0,gbrown@13f79535-47bb-0310-9956-ffa450edef68,0,0.0,0.0,0.0,0.0,0.0,0.0,0.0,0,1,0.0,false
wtk/src/org/apache/pivot/wtk/TextAreaListener.java,25.0,0.0,1.0,2.0,0.0,2.0,0.0,gbrown@13f79535-47bb-0310-9956-ffa450edef68,0,0.0,0.0,0.0,0.0,0.0,0.0,0.0,0,1,0.0,false
wtk/src/org/apache/pivot/wtk/TextInput.java,693.0,7.0,1101.0,55.0,97.0,125.0,0.0,gbrown@13f79535-47bb-0310-9956-ffa450edef68,0,0.0,0.0,0.0,0.0,0.0,0.0,0.0,0,12,0.0,true
wtk/src/org/apache/pivot/wtk/TextInputBindingListener.java,34.0,0.0,3.0,3.0,0.0,3.0,0.0,gbrown@13f79535-47bb-0310-9956-ffa450edef68,0,0.0,0.0,0.0,0.0,0.0,0.0,0.0,0,1,0.0,false
wtk/src/org/apache/pivot/wtk/TextInputContentListener.java,70.0,1.0,21.0,7.0,0.0,7.0,0.0,gbrown@13f79535-47bb-0310-9956-ffa450edef68,0,0.0,0.0,0.0,0.0,0.0,0.0,0.0,0,1,0.0,false
wtk/src/org/apache/pivot/wtk/TextInputListener.java,70.0,1.0,28.0,8.0,0.0,8.0,0.0,gbrown@13f79535-47bb-0310-9956-ffa450edef68,0,0.0,0.0,0.0,0.0,0.0,0.0,0.0,0,1,0.0,false
wtk/src/org/apache/pivot/wtk/TextPane.java,543.0,17.0,400.0,36.0,107.0,93.0,0.0,null,0,0.0,0.0,0.0,0.0,0.0,0.0,0.0,0,4,0.0,false
wtk/src/org/apache/pivot/wtk/TextPaneCharacterListener.java,28.0,0.0,1.0,2.0,0.0,2.0,0.0,gbrown@13f79535-47bb-0310-9956-ffa450edef68,0,0.0,0.0,0.0,0.0,0.0,0.0,0.0,0,1,0.0,false
wtk/src/org/apache/pivot/wtk/TextPaneListener.java,25.0,1.0,1.0,2.0,0.0,2.0,0.0,gbrown@13f79535-47bb-0310-9956-ffa450edef68,0,0.0,0.0,0.0,0.0,0.0,0.0,0.0,0,1,0.0,false
wtk/src/org/apache/pivot/wtk/TreeView.java,1157.0,13.0,1131.0,54.0,103.0,173.0,1.0,gbrown@13f79535-47bb-0310-9956-ffa450edef68,1,0.02857142857142857,3.0,0.0,0.0,0.0,132.0,668.8082754339342,1,6,0.40546510810816444,false
wtk/src/org/apache/pivot/wtk/TreeViewBranchListener.java,26.0,1.0,1.0,2.0,0.0,3.0,0.0,smartini@13f79535-47bb-0310-9956-ffa450edef68,0,0.0,0.0,0.0,0.0,0.0,0.0,0.0,0,1,0.0,false
wtk/src/org/apache/pivot/wtk/TreeViewListener.java,72.0,2.0,28.0,8.0,0.0,8.0,0.0,joes@13f79535-47bb-0310-9956-ffa450edef68,0,0.0,0.0,0.0,0.0,0.0,0.0,0.0,0,1,0.0,false
wtk/src/org/apache/pivot/wtk/TreeViewNodeListener.java,53.0,1.0,10.0,5.0,0.0,6.0,0.0,joes@13f79535-47bb-0310-9956-ffa450edef68,0,0.0,0.0,0.0,0.0,0.0,0.0,0.0,0,1,0.0,false
wtk/src/org/apache/pivot/wtk/TreeViewSelectionListener.java,42.0,2.0,6.0,4.0,0.0,4.0,0.0,gbrown@13f79535-47bb-0310-9956-ffa450edef68,0,0.0,0.0,0.0,0.0,0.0,0.0,0.0,0,1,0.0,false
wtk/src/org/apache/pivot/wtk/VFSBrowser.java,285.0,12.0,66.0,20.0,52.0,62.0,33.0,rwhitcomb@13f79535-47bb-0310-9956-ffa450edef68,1,0.02857142857142857,22.0,0.0,11.0,0.0,210.42105263157893,1381.955627287464,1,0,1.0986122886681098,false
wtk/src/org/apache/pivot/wtk/VFSBrowserListener.java,65.0,4.0,21.0,7.0,0.0,7.0,33.0,rwhitcomb@13f79535-47bb-0310-9956-ffa450edef68,1,0.02857142857142857,33.0,0.0,17.0,0.0,210.42105263157893,1381.955627287464,1,0,1.0986122886681098,false
wtk/src/org/apache/pivot/wtk/VFSBrowserSheet.java,236.0,12.0,68.0,21.0,40.0,62.0,33.0,rwhitcomb@13f79535-47bb-0310-9956-ffa450edef68,1,0.02857142857142857,20.0,0.0,10.0,0.0,210.42105263157893,1381.955627287464,1,0,1.0986122886681098,false
wtk/src/org/apache/pivot/wtk/VFSBrowserSheetListener.java,50.0,4.0,10.0,5.0,0.0,5.0,33.0,rwhitcomb@13f79535-47bb-0310-9956-ffa450edef68,1,0.02857142857142857,33.0,0.0,17.0,0.0,210.42105263157893,1381.955627287464,1,0,1.0986122886681098,false
wtk/src/org/apache/pivot/wtk/ViewportListener.java,34.0,0.0,3.0,3.0,0.0,3.0,0.0,joes@13f79535-47bb-0310-9956-ffa450edef68,0,0.0,0.0,0.0,0.0,0.0,0.0,0.0,0,1,0.0,false
wtk/src/org/apache/pivot/wtk/WTKListenerList.java,5.0,1.0,0.0,0.0,0.0,0.0,0.0,noelgrandin@13f79535-47bb-0310-9956-ffa450edef68,0,0.0,0.0,0.0,0.0,0.0,0.0,0.0,0,2,0.0,false
wtk/src/org/apache/pivot/wtk/Window.java,807.0,11.0,1131.0,51.0,103.0,142.0,0.0,null,0,0.0,0.0,0.0,0.0,0.0,0.0,0.0,0,7,0.0,false
wtk/src/org/apache/pivot/wtk/WindowListener.java,66.0,2.0,21.0,7.0,0.0,7.0,0.0,noelgrandin@13f79535-47bb-0310-9956-ffa450edef68,0,0.0,0.0,0.0,0.0,0.0,0.0,0.0,0,1,0.0,false
wtk/src/org/apache/pivot/wtk/WindowStateListener.java,58.0,1.0,15.0,6.0,0.0,6.0,0.0,smartini@13f79535-47bb-0310-9956-ffa450edef68,0,0.0,0.0,0.0,0.0,0.0,0.0,0.0,0,2,0.0,false
wtk/src/org/apache/pivot/wtk/content/ButtonData.java,75.0,4.0,40.0,12.0,10.0,20.0,0.0,gbrown@13f79535-47bb-0310-9956-ffa450edef68,0,0.0,0.0,0.0,0.0,0.0,0.0,0.0,0,2,0.0,false
wtk/src/org/apache/pivot/wtk/content/ButtonDataRenderer.java,103.0,9.0,0.0,12.0,31.0,21.0,22.0,smartini@13f79535-47bb-0310-9956-ffa450edef68,1,0.02857142857142857,19.0,0.0,12.0,0.0,210.42105263157893,1381.955627287464,1,2,1.0986122886681098,false
wtk/src/org/apache/pivot/wtk/content/ListItem.java,75.0,4.0,40.0,12.0,10.0,20.0,0.0,gbrown@13f79535-47bb-0310-9956-ffa450edef68,0,0.0,0.0,0.0,0.0,0.0,0.0,0.0,0,2,0.0,false
wtk/src/org/apache/pivot/wtk/content/ListViewItemEditor.java,113.0,12.0,30.0,12.0,48.0,26.0,0.0,gbrown@13f79535-47bb-0310-9956-ffa450edef68,0,0.0,0.0,0.0,0.0,0.0,0.0,0.0,0,2,0.0,false
wtk/src/org/apache/pivot/wtk/content/ListViewItemRenderer.java,110.0,11.0,0.0,14.0,31.0,28.0,0.0,gbrown@13f79535-47bb-0310-9956-ffa450edef68,0,0.0,0.0,0.0,0.0,0.0,0.0,0.0,0,0,0.0,false
wtk/src/org/apache/pivot/wtk/content/NumericSpinnerData.java,129.0,8.0,175.0,23.0,2.0,47.0,0.0,smartini@13f79535-47bb-0310-9956-ffa450edef68,0,0.0,0.0,0.0,0.0,0.0,0.0,0.0,0,2,0.0,false
wtk/src/org/apache/pivot/wtk/content/SpinnerItemRenderer.java,32.0,6.0,10.0,5.0,11.0,8.0,0.0,gbrown@13f79535-47bb-0310-9956-ffa450edef68,0,0.0,0.0,0.0,0.0,0.0,0.0,0.0,0,0,0.0,false
wtk/src/org/apache/pivot/wtk/content/TableViewCheckboxCellRenderer.java,43.0,6.0,7.0,6.0,11.0,11.0,0.0,rwhitcomb@13f79535-47bb-0310-9956-ffa450edef68,0,0.0,0.0,0.0,0.0,0.0,0.0,0.0,0,0,0.0,false
wtk/src/org/apache/pivot/wtk/content/TableViewHeaderData.java,68.0,4.0,21.0,10.0,10.0,17.0,0.0,gbrown@13f79535-47bb-0310-9956-ffa450edef68,0,0.0,0.0,0.0,0.0,0.0,0.0,0.0,0,2,0.0,false
wtk/src/org/apache/pivot/wtk/content/TableViewHeaderDataRenderer.java,79.0,12.0,4.0,4.0,16.0,10.0,0.0,gbrown@13f79535-47bb-0310-9956-ffa450edef68,0,0.0,0.0,0.0,0.0,0.0,0.0,0.0,0,0,0.0,false
wtk/src/org/apache/pivot/wtk/content/TableViewImageCellRenderer.java,44.0,5.0,15.0,6.0,8.0,14.0,0.0,gbrown@13f79535-47bb-0310-9956-ffa450edef68,0,0.0,0.0,0.0,0.0,0.0,0.0,0.0,0,0,0.0,false
wtk/src/org/apache/pivot/wtk/content/TableViewMultiCellRenderer.java,243.0,8.0,57.0,15.0,18.0,37.0,0.0,gbrown@13f79535-47bb-0310-9956-ffa450edef68,0,0.0,0.0,0.0,0.0,0.0,0.0,0.0,0,2,0.0,false
wtk/src/org/apache/pivot/wtk/content/TableViewRowEditor.java,238.0,25.0,80.0,20.0,84.0,49.0,0.0,gbrown@13f79535-47bb-0310-9956-ffa450edef68,0,0.0,0.0,0.0,0.0,0.0,0.0,0.0,0,2,0.0,false
wtk/src/org/apache/pivot/wtk/content/TreeNode.java,93.0,4.0,61.0,15.0,14.0,25.0,0.0,gbrown@13f79535-47bb-0310-9956-ffa450edef68,0,0.0,0.0,0.0,0.0,0.0,0.0,0.0,0,2,0.0,false
wtk/src/org/apache/pivot/wtk/content/TreeViewNodeEditor.java,125.0,14.0,30.0,12.0,51.0,26.0,0.0,gbrown@13f79535-47bb-0310-9956-ffa450edef68,0,0.0,0.0,0.0,0.0,0.0,0.0,0.0,0,3,0.0,false
wtk/src/org/apache/pivot/wtk/content/TreeViewNodeRenderer.java,128.0,11.0,0.0,13.0,32.0,29.0,0.0,smartini@13f79535-47bb-0310-9956-ffa450edef68,0,0.0,0.0,0.0,0.0,0.0,0.0,0.0,0,0,0.0,false
wtk/src/org/apache/pivot/wtk/effects/BaselineDecorator.java,37.0,7.0,4.0,4.0,7.0,10.0,0.0,joes@13f79535-47bb-0310-9956-ffa450edef68,0,0.0,0.0,0.0,0.0,0.0,0.0,0.0,0,1,0.0,false
wtk/src/org/apache/pivot/wtk/effects/BlurDecorator.java,54.0,7.0,11.0,6.0,11.0,13.0,0.0,joes@13f79535-47bb-0310-9956-ffa450edef68,0,0.0,0.0,0.0,0.0,0.0,0.0,0.0,0,1,0.0,false
wtk/src/org/apache/pivot/wtk/effects/GrayscaleDecorator.java,36.0,10.0,4.0,4.0,13.0,9.0,0.0,joes@13f79535-47bb-0310-9956-ffa450edef68,0,0.0,0.0,0.0,0.0,0.0,0.0,0.0,0,1,0.0,false
wtk/src/org/apache/pivot/wtk/effects/OverlayDecorator.java,35.0,4.0,8.0,8.0,6.0,13.0,0.0,joes@13f79535-47bb-0310-9956-ffa450edef68,0,0.0,0.0,0.0,0.0,0.0,0.0,0.0,0,1,0.0,false
wtk/src/org/apache/pivot/wtk/effects/ReflectionDecorator.java,46.0,8.0,4.0,4.0,20.0,9.0,0.0,joes@13f79535-47bb-0310-9956-ffa450edef68,0,0.0,0.0,0.0,0.0,0.0,0.0,0.0,0,1,0.0,false
wtk/src/org/apache/pivot/wtk/effects/SaturationDecorator.java,85.0,7.0,14.0,9.0,23.0,19.0,0.0,joes@13f79535-47bb-0310-9956-ffa450edef68,0,0.0,0.0,0.0,0.0,0.0,0.0,0.0,0,1,0.0,false
wtk/src/org/apache/pivot/wtk/effects/ScaleDecorator.java,209.0,10.0,34.0,21.0,35.0,53.0,0.0,smartini@13f79535-47bb-0310-9956-ffa450edef68,0,0.0,0.0,0.0,0.0,0.0,0.0,0.0,0,1,0.0,false
wtk/src/org/apache/pivot/wtk/effects/ShadeDecorator.java,96.0,7.0,26.0,12.0,12.0,26.0,0.0,smartini@13f79535-47bb-0310-9956-ffa450edef68,0,0.0,0.0,0.0,0.0,0.0,0.0,0.0,0,1,0.0,false
wtk/src/org/apache/pivot/wtk/effects/TagDecorator.java,137.0,7.0,54.0,17.0,5.0,39.0,0.0,smartini@13f79535-47bb-0310-9956-ffa450edef68,0,0.0,0.0,0.0,0.0,0.0,0.0,0.0,0,1,0.0,false
wtk/src/org/apache/pivot/wtk/effects/Transition.java,235.0,1.0,59.0,23.0,16.0,54.0,0.0,smartini@13f79535-47bb-0310-9956-ffa450edef68,0,0.0,0.0,0.0,0.0,0.0,0.0,0.0,0,1,0.0,false
wtk/src/org/apache/pivot/wtk/effects/WatermarkDecorator.java,229.0,18.0,177.0,22.0,53.0,48.0,0.0,gbrown@13f79535-47bb-0310-9956-ffa450edef68,0,0.0,0.0,0.0,0.0,0.0,0.0,0.0,0,3,0.0,true
wtk/src/org/apache/pivot/wtk/effects/easing/Circular.java,17.0,0.0,3.0,3.0,3.0,7.0,0.0,joes@13f79535-47bb-0310-9956-ffa450edef68,0,0.0,0.0,0.0,0.0,0.0,0.0,0.0,0,0,0.0,false
wtk/src/org/apache/pivot/wtk/effects/easing/Cubic.java,17.0,0.0,3.0,3.0,0.0,7.0,0.0,joes@13f79535-47bb-0310-9956-ffa450edef68,0,0.0,0.0,0.0,0.0,0.0,0.0,0.0,0,0,0.0,false
wtk/src/org/apache/pivot/wtk/effects/easing/Exponential.java,23.0,0.0,3.0,3.0,3.0,7.0,0.0,joes@13f79535-47bb-0310-9956-ffa450edef68,0,0.0,0.0,0.0,0.0,0.0,0.0,0.0,0,0,0.0,false
wtk/src/org/apache/pivot/wtk/effects/easing/Linear.java,14.0,0.0,3.0,3.0,0.0,6.0,0.0,joes@13f79535-47bb-0310-9956-ffa450edef68,0,0.0,0.0,0.0,0.0,0.0,0.0,0.0,0,0,0.0,false
wtk/src/org/apache/pivot/wtk/effects/easing/Quadratic.java,17.0,0.0,3.0,3.0,0.0,7.0,0.0,joes@13f79535-47bb-0310-9956-ffa450edef68,0,0.0,0.0,0.0,0.0,0.0,0.0,0.0,0,0,0.0,false
wtk/src/org/apache/pivot/wtk/effects/easing/Quartic.java,17.0,0.0,3.0,3.0,0.0,7.0,0.0,joes@13f79535-47bb-0310-9956-ffa450edef68,0,0.0,0.0,0.0,0.0,0.0,0.0,0.0,0,0,0.0,false
wtk/src/org/apache/pivot/wtk/effects/easing/Quintic.java,17.0,0.0,3.0,3.0,0.0,7.0,0.0,joes@13f79535-47bb-0310-9956-ffa450edef68,0,0.0,0.0,0.0,0.0,0.0,0.0,0.0,0,0,0.0,false
wtk/src/org/apache/pivot/wtk/effects/easing/Sine.java,14.0,0.0,3.0,3.0,3.0,6.0,0.0,joes@13f79535-47bb-0310-9956-ffa450edef68,0,0.0,0.0,0.0,0.0,0.0,0.0,0.0,0,0,0.0,false
wtk/src/org/apache/pivot/wtk/media/MovieListener.java,67.0,0.0,21.0,7.0,0.0,8.0,0.0,joes@13f79535-47bb-0310-9956-ffa450edef68,0,0.0,0.0,0.0,0.0,0.0,0.0,0.0,0,1,0.0,false
wtk/src/org/apache/pivot/wtk/media/Picture.java,104.0,5.0,11.0,11.0,21.0,24.0,0.0,gbrown@13f79535-47bb-0310-9956-ffa450edef68,0,0.0,0.0,0.0,0.0,0.0,0.0,0.0,0,3,0.0,false
wtk/src/org/apache/pivot/wtk/skin/BoxPaneSkin.java,465.0,9.0,51.0,22.0,58.0,70.0,0.0,smartini@13f79535-47bb-0310-9956-ffa450edef68,0,0.0,0.0,0.0,0.0,0.0,0.0,0.0,0,2,0.0,false
wtk/src/org/apache/pivot/wtk/skin/CalendarButtonSkin.java,219.0,21.0,112.0,25.0,84.0,55.0,0.0,gbrown@13f79535-47bb-0310-9956-ffa450edef68,0,0.0,0.0,0.0,0.0,0.0,0.0,0.0,0,10,0.0,false
wtk/src/org/apache/pivot/wtk/skin/CardPaneSkin.java,567.0,16.0,144.0,28.0,64.0,78.0,0.0,smartini@13f79535-47bb-0310-9956-ffa450edef68,0,0.0,0.0,0.0,0.0,0.0,0.0,0.0,0,2,0.0,false
wtk/src/org/apache/pivot/wtk/skin/ColorChooserButtonSkin.java,211.0,18.0,59.0,19.0,60.0,49.0,0.0,gbrown@13f79535-47bb-0310-9956-ffa450edef68,0,0.0,0.0,0.0,0.0,0.0,0.0,0.0,0,7,0.0,false
wtk/src/org/apache/pivot/wtk/skin/ComponentSkin.java,195.0,29.0,894.0,44.0,30.0,75.0,0.0,gbrown@13f79535-47bb-0310-9956-ffa450edef68,0,0.0,0.0,0.0,0.0,0.0,0.0,0.0,0,7,0.0,true
wtk/src/org/apache/pivot/wtk/skin/ContainerSkin.java,180.0,14.0,168.0,21.0,17.0,40.0,0.0,gbrown@13f79535-47bb-0310-9956-ffa450edef68,0,0.0,0.0,0.0,0.0,0.0,0.0,0.0,0,3,0.0,false
wtk/src/org/apache/pivot/wtk/skin/FillPaneSkin.java,284.0,7.0,0.0,16.0,53.0,54.0,0.0,smartini@13f79535-47bb-0310-9956-ffa450edef68,0,0.0,0.0,0.0,0.0,0.0,0.0,0.0,0,2,0.0,false
wtk/src/org/apache/pivot/wtk/skin/GridPaneFillerSkin.java,21.0,1.0,15.0,6.0,0.0,10.0,0.0,joes@13f79535-47bb-0310-9956-ffa450edef68,0,0.0,0.0,0.0,0.0,0.0,0.0,0.0,0,1,0.0,false
wtk/src/org/apache/pivot/wtk/skin/GridPaneSkin.java,492.0,12.0,317.0,39.0,103.0,110.0,0.0,smartini@13f79535-47bb-0310-9956-ffa450edef68,0,0.0,0.0,0.0,0.0,0.0,0.0,0.0,0,3,0.0,false
wtk/src/org/apache/pivot/wtk/skin/ImageViewSkin.java,303.0,15.0,300.0,28.0,63.0,61.0,0.0,smartini@13f79535-47bb-0310-9956-ffa450edef68,0,0.0,0.0,0.0,0.0,0.0,0.0,0.0,0,2,0.0,false
wtk/src/org/apache/pivot/wtk/skin/LabelSkin.java,486.0,25.0,369.0,39.0,99.0,124.0,0.0,gbrown@13f79535-47bb-0310-9956-ffa450edef68,0,0.0,0.0,0.0,0.0,0.0,0.0,0.0,0,9,0.0,false
wtk/src/org/apache/pivot/wtk/skin/ListButtonSkin.java,292.0,20.0,196.0,28.0,110.0,71.0,0.0,gbrown@13f79535-47bb-0310-9956-ffa450edef68,0,0.0,0.0,0.0,0.0,0.0,0.0,0.0,0,11,0.0,false
wtk/src/org/apache/pivot/wtk/skin/MenuBarItemSkin.java,120.0,14.0,41.0,14.0,54.0,30.0,0.0,smartini@13f79535-47bb-0310-9956-ffa450edef68,0,0.0,0.0,0.0,0.0,0.0,0.0,0.0,0,2,0.0,false
wtk/src/org/apache/pivot/wtk/skin/MenuButtonSkin.java,132.0,15.0,11.0,14.0,47.0,34.0,0.0,gbrown@13f79535-47bb-0310-9956-ffa450edef68,0,0.0,0.0,0.0,0.0,0.0,0.0,0.0,0,6,0.0,false
wtk/src/org/apache/pivot/wtk/skin/MenuItemSkin.java,119.0,13.0,41.0,15.0,53.0,29.0,0.0,gbrown@13f79535-47bb-0310-9956-ffa450edef68,0,0.0,0.0,0.0,0.0,0.0,0.0,0.0,0,2,0.0,false
wtk/src/org/apache/pivot/wtk/skin/ScrollPaneSkin.java,733.0,21.0,200.0,32.0,178.0,80.0,0.0,smartini@13f79535-47bb-0310-9956-ffa450edef68,0,0.0,0.0,0.0,0.0,0.0,0.0,0.0,0,4,0.0,false
wtk/src/org/apache/pivot/wtk/skin/TablePaneFillerSkin.java,21.0,1.0,15.0,6.0,0.0,10.0,0.0,joes@13f79535-47bb-0310-9956-ffa450edef68,0,0.0,0.0,0.0,0.0,0.0,0.0,0.0,0,1,0.0,false
wtk/src/org/apache/pivot/wtk/skin/TablePaneSkin.java,1055.0,17.0,1033.0,54.0,188.0,163.0,0.0,smartini@13f79535-47bb-0310-9956-ffa450edef68,0,0.0,0.0,0.0,0.0,0.0,0.0,0.0,0,3,0.0,true
wtk/src/org/apache/pivot/wtk/skin/TextAreaSkin.java,1033.0,28.0,1864.0,72.0,260.0,207.0,0.0,gbrown@13f79535-47bb-0310-9956-ffa450edef68,0,0.0,0.0,0.0,0.0,0.0,0.0,0.0,0,16,0.0,true
wtk/src/org/apache/pivot/wtk/skin/TextAreaSkinParagraphView.java,284.0,16.0,153.0,27.0,106.0,70.0,0.0,noelgrandin@13f79535-47bb-0310-9956-ffa450edef68,0,0.0,0.0,0.0,0.0,0.0,0.0,0.0,0,7,0.0,true
wtk/src/org/apache/pivot/wtk/skin/TextPaneSkinComponentNodeView.java,88.0,8.0,103.0,15.0,34.0,31.0,0.0,noelgrandin@13f79535-47bb-0310-9956-ffa450edef68,0,0.0,0.0,0.0,0.0,0.0,0.0,0.0,0,3,0.0,false
wtk/src/org/apache/pivot/wtk/skin/TextPaneSkinImageNodeView.java,88.0,8.0,136.0,17.0,32.0,33.0,0.0,noelgrandin@13f79535-47bb-0310-9956-ffa450edef68,0,0.0,0.0,0.0,0.0,0.0,0.0,0.0,0,3,0.0,false
wtk/src/org/apache/pivot/wtk/skin/TextPaneSkinNodeView.java,134.0,9.0,702.0,41.0,18.0,61.0,0.0,noelgrandin@13f79535-47bb-0310-9956-ffa450edef68,0,0.0,0.0,0.0,0.0,0.0,0.0,0.0,0,3,0.0,false
wtk/src/org/apache/pivot/wtk/skin/TextPaneSkinParagraphView.java,366.0,11.0,4.0,12.0,77.0,58.0,0.0,noelgrandin@13f79535-47bb-0310-9956-ffa450edef68,0,0.0,0.0,0.0,0.0,0.0,0.0,0.0,0,7,0.0,false
wtk/src/org/apache/pivot/wtk/skin/TextPaneSkinSpanView.java,78.0,3.0,55.0,11.0,31.0,33.0,0.0,noelgrandin@13f79535-47bb-0310-9956-ffa450edef68,0,0.0,0.0,0.0,0.0,0.0,0.0,0.0,0,4,0.0,false
wtk/src/org/apache/pivot/wtk/skin/TextPaneSkinTextNodeView.java,347.0,20.0,230.0,25.0,125.0,78.0,0.0,noelgrandin@13f79535-47bb-0310-9956-ffa450edef68,0,0.0,0.0,0.0,0.0,0.0,0.0,0.0,0,4,0.0,false
wtk/src/org/apache/pivot/wtk/skin/TextPaneSkinVerticalElementView.java,112.0,4.0,28.0,8.0,28.0,32.0,0.0,noelgrandin@13f79535-47bb-0310-9956-ffa450edef68,0,0.0,0.0,0.0,0.0,0.0,0.0,0.0,0,5,0.0,false
wtk/src/org/apache/pivot/wtk/skin/VFSBrowserSkin.java,10.0,4.0,0.0,1.0,2.0,1.0,33.0,rwhitcomb@13f79535-47bb-0310-9956-ffa450edef68,1,0.02857142857142857,50.0,0.0,25.0,0.0,210.42105263157893,1381.955627287464,1,0,1.0986122886681098,false
wtk/src/org/apache/pivot/wtk/skin/WindowSkin.java,83.0,15.0,210.0,21.0,25.0,29.0,0.0,gbrown@13f79535-47bb-0310-9956-ffa450edef68,0,0.0,0.0,0.0,0.0,0.0,0.0,0.0,0,2,0.0,false
wtk/src/org/apache/pivot/wtk/text/BlockListener.java,15.0,1.0,0.0,1.0,0.0,1.0,0.0,smartini@13f79535-47bb-0310-9956-ffa450edef68,0,0.0,0.0,0.0,0.0,0.0,0.0,0.0,0,1,0.0,false
wtk/src/org/apache/pivot/wtk/text/BulletedListListener.java,15.0,0.0,0.0,1.0,0.0,1.0,0.0,smartini@13f79535-47bb-0310-9956-ffa450edef68,0,0.0,0.0,0.0,0.0,0.0,0.0,0.0,0,2,0.0,false
wtk/src/org/apache/pivot/wtk/text/Element.java,496.0,11.0,380.0,37.0,103.0,116.0,0.0,gbrown@13f79535-47bb-0310-9956-ffa450edef68,0,0.0,0.0,0.0,0.0,0.0,0.0,0.0,0,4,0.0,false
wtk/src/org/apache/pivot/wtk/text/ElementListener.java,62.0,3.0,21.0,7.0,0.0,8.0,0.0,gbrown@13f79535-47bb-0310-9956-ffa450edef68,0,0.0,0.0,0.0,0.0,0.0,0.0,0.0,0,2,0.0,false
wtk/src/org/apache/pivot/wtk/text/ImageNode.java,101.0,5.0,98.0,16.0,16.0,32.0,0.0,gbrown@13f79535-47bb-0310-9956-ffa450edef68,0,0.0,0.0,0.0,0.0,0.0,0.0,0.0,0,4,0.0,false
wtk/src/org/apache/pivot/wtk/text/Node.java,169.0,2.0,58.0,17.0,9.0,31.0,0.0,gbrown@13f79535-47bb-0310-9956-ffa450edef68,0,0.0,0.0,0.0,0.0,0.0,0.0,0.0,0,2,0.0,false
wtk/src/org/apache/pivot/wtk/text/NodeListener.java,58.0,1.0,15.0,6.0,0.0,6.0,0.0,gbrown@13f79535-47bb-0310-9956-ffa450edef68,0,0.0,0.0,0.0,0.0,0.0,0.0,0.0,0,2,0.0,false
wtk/src/org/apache/pivot/wtk/text/NumberedListListener.java,15.0,0.0,0.0,1.0,0.0,1.0,0.0,smartini@13f79535-47bb-0310-9956-ffa450edef68,0,0.0,0.0,0.0,0.0,0.0,0.0,0.0,0,2,0.0,false
wtk/src/org/apache/pivot/wtk/validation/NotEmptyTextValidator.java,10.0,0.0,1.0,2.0,2.0,3.0,0.0,smartini@13f79535-47bb-0310-9956-ffa450edef68,0,0.0,0.0,0.0,0.0,0.0,0.0,0.0,0,0,0.0,false
