name,LOC,CBO,LCOM,NOM,RFC,WMC,ACS,Ownership,numOfChanges,numberOfFIChanges,ENH,NF,BugFixing,REF,structuralWorkloadSum,semanticWorkloadSum,numberOfDeveloper,pastFaults,MAF,isBuggy
core/src/org/apache/pivot/beans/BXMLSerializer.java,1105.0,44.0,756.0,48.0,164.0,154.0,120.0,gbrown@13f79535-47bb-0310-9956-ffa450edef68,1,0.007042253521126761,2.0,0.0,2.0,0.0,1118.5039370078741,44903.17139930841,1,14,1.3217558399823195,false
core/src/org/apache/pivot/util/ListenerList.java,60.0,2.0,0.0,6.0,10.0,18.0,41.0,rwhitcomb@13f79535-47bb-0310-9956-ffa450edef68,2,0.014084507042253521,33.0,11.0,22.0,11.0,1202.8116293155665,45595.01888219308,2,0,0.010841063901853465,false
tests/src/org/apache/pivot/tests/LabelAntialiasTest.java,62.0,13.0,13.0,6.0,21.0,13.0,30.0,smartini@13f79535-47bb-0310-9956-ffa450edef68,1,0.007042253521126761,33.0,0.0,33.0,0.0,1118.5039370078741,44903.17139930841,1,0,1.3217558399823195,false
tests/src/org/apache/pivot/tests/LabelTest.java,38.0,11.0,1.0,3.0,10.0,8.0,0.0,smartini@13f79535-47bb-0310-9956-ffa450edef68,0,0.0,0.0,0.0,0.0,0.0,0.0,0.0,0,2,0.0,false
tests/src/org/apache/pivot/tests/TextInputValidatorTest.java,100.0,25.0,9.0,6.0,27.0,12.0,18.0,gbrown@13f79535-47bb-0310-9956-ffa450edef68,2,0.014084507042253521,13.0,0.0,13.0,7.0,1202.8116293155665,45595.01888219308,2,1,0.12280820358313427,false
wtk-terra/src/org/apache/pivot/wtk/skin/terra/TerraTableViewSkin.java,1138.0,30.0,6821.0,123.0,348.0,293.0,44.0,gbrown@13f79535-47bb-0310-9956-ffa450edef68,2,0.014084507042253521,6.0,0.0,6.0,0.0,1202.8116293155665,45595.01888219308,2,14,0.34804136779468,false
wtk/src/org/apache/pivot/wtk/ListView.java,1166.0,16.0,2465.0,82.0,134.0,228.0,75.0,gbrown@13f79535-47bb-0310-9956-ffa450edef68,1,0.007042253521126761,4.0,0.0,4.0,0.0,1118.5039370078741,44903.17139930841,1,12,1.3217558399823195,true
wtk/src/org/apache/pivot/wtk/Spinner.java,510.0,12.0,498.0,40.0,59.0,93.0,0.0,gbrown@13f79535-47bb-0310-9956-ffa450edef68,0,0.0,0.0,0.0,0.0,0.0,0.0,0.0,0,11,0.0,true
wtk/src/org/apache/pivot/wtk/TableView.java,1544.0,22.0,2282.0,77.0,141.0,217.0,75.0,gbrown@13f79535-47bb-0310-9956-ffa450edef68,1,0.007042253521126761,4.0,0.0,4.0,0.0,1118.5039370078741,44903.17139930841,1,11,1.3217558399823195,true
wtk/src/org/apache/pivot/wtk/TextArea.java,922.0,14.0,1241.0,55.0,118.0,141.0,30.0,gbrown@13f79535-47bb-0310-9956-ffa450edef68,1,0.007042253521126761,2.0,0.0,2.0,0.0,1118.5039370078741,44903.17139930841,1,13,1.3217558399823195,true
wtk/src/org/apache/pivot/wtk/TextInput.java,693.0,7.0,1101.0,55.0,97.0,125.0,30.0,gbrown@13f79535-47bb-0310-9956-ffa450edef68,1,0.007042253521126761,2.0,0.0,2.0,0.0,1118.5039370078741,44903.17139930841,1,12,1.3217558399823195,true
wtk/src/org/apache/pivot/wtk/content/TableViewMultiCellRenderer.java,243.0,8.0,57.0,15.0,18.0,37.0,120.0,gbrown@13f79535-47bb-0310-9956-ffa450edef68,1,0.007042253521126761,7.0,0.0,7.0,0.0,1118.5039370078741,44903.17139930841,1,3,1.3217558399823195,false
wtk/src/org/apache/pivot/wtk/skin/LabelSkin.java,501.0,25.0,369.0,39.0,99.0,125.0,120.0,gbrown@13f79535-47bb-0310-9956-ffa450edef68,1,0.007042253521126761,3.0,0.0,3.0,0.0,1118.5039370078741,44903.17139930841,1,9,1.3217558399823195,false
wtk/src/org/apache/pivot/wtk/validation/BigDecimalValidator.java,11.0,2.0,1.0,2.0,0.0,2.0,30.0,smartini@13f79535-47bb-0310-9956-ffa450edef68,1,0.007042253521126761,100.0,0.0,100.0,0.0,1118.5039370078741,44903.17139930841,1,0,1.3217558399823195,false
wtk/src/org/apache/pivot/wtk/validation/BigIntegerValidator.java,11.0,2.0,1.0,2.0,0.0,2.0,30.0,smartini@13f79535-47bb-0310-9956-ffa450edef68,1,0.007042253521126761,100.0,0.0,100.0,0.0,1118.5039370078741,44903.17139930841,1,0,1.3217558399823195,false
wtk/src/org/apache/pivot/wtk/validation/ComparableRangeValidator.java,57.0,1.0,0.0,10.0,9.0,22.0,30.0,rwhitcomb@13f79535-47bb-0310-9956-ffa450edef68,1,0.007042253521126761,17.0,0.0,17.0,0.0,1118.5039370078741,44903.17139930841,1,0,1.3217558399823195,false
wtk/src/org/apache/pivot/wtk/validation/ComparableValidator.java,22.0,1.0,6.0,4.0,2.0,7.0,75.0,rwhitcomb@13f79535-47bb-0310-9956-ffa450edef68,1,0.007042253521126761,50.0,0.0,50.0,0.0,1118.5039370078741,44903.17139930841,1,0,1.3217558399823195,false
wtk/src/org/apache/pivot/wtk/validation/DecimalValidator.java,61.0,5.0,22.0,8.0,7.0,21.0,52.0,smartini@13f79535-47bb-0310-9956-ffa450edef68,2,0.014084507042253521,50.0,0.0,50.0,17.0,1202.8116293155665,45595.01888219308,2,0,0.34804136779468,false
wtk/src/org/apache/pivot/wtk/validation/DoubleRangeValidator.java,48.0,1.0,3.0,10.0,3.0,16.0,30.0,gbrown@13f79535-47bb-0310-9956-ffa450edef68,1,0.007042253521126761,25.0,0.0,25.0,0.0,1118.5039370078741,44903.17139930841,1,0,1.3217558399823195,false
wtk/src/org/apache/pivot/wtk/validation/DoubleValidator.java,12.0,1.0,1.0,2.0,0.0,2.0,13.0,rwhitcomb@13f79535-47bb-0310-9956-ffa450edef68,2,0.014084507042253521,50.0,0.0,33.0,17.0,1202.8116293155665,45595.01888219308,2,0,0.010841063901853465,false
wtk/src/org/apache/pivot/wtk/validation/EmptyTextValidator.java,10.0,0.0,1.0,2.0,2.0,3.0,30.0,smartini@13f79535-47bb-0310-9956-ffa450edef68,1,0.007042253521126761,50.0,0.0,50.0,0.0,1118.5039370078741,44903.17139930841,1,0,1.3217558399823195,false
wtk/src/org/apache/pivot/wtk/validation/FloatRangeValidator.java,48.0,1.0,3.0,10.0,3.0,16.0,30.0,gbrown@13f79535-47bb-0310-9956-ffa450edef68,1,0.007042253521126761,25.0,0.0,25.0,0.0,1118.5039370078741,44903.17139930841,1,0,1.3217558399823195,false
wtk/src/org/apache/pivot/wtk/validation/FloatValidator.java,25.0,1.0,3.0,3.0,4.0,5.0,13.0,rwhitcomb@13f79535-47bb-0310-9956-ffa450edef68,2,0.014084507042253521,43.0,0.0,29.0,14.0,1202.8116293155665,45595.01888219308,2,0,0.010841063901853465,false
wtk/src/org/apache/pivot/wtk/validation/FormattedValidator.java,30.0,4.0,0.0,3.0,6.0,12.0,39.0,rwhitcomb@13f79535-47bb-0310-9956-ffa450edef68,2,0.014084507042253521,67.0,0.0,50.0,17.0,1202.8116293155665,45595.01888219308,2,0,0.12280820358313427,false
wtk/src/org/apache/pivot/wtk/validation/IntRangeValidator.java,48.0,1.0,3.0,10.0,3.0,16.0,30.0,smartini@13f79535-47bb-0310-9956-ffa450edef68,1,0.007042253521126761,17.0,0.0,17.0,0.0,1118.5039370078741,44903.17139930841,1,0,1.3217558399823195,false
wtk/src/org/apache/pivot/wtk/validation/IntValidator.java,13.0,1.0,1.0,2.0,2.0,4.0,30.0,gbrown@13f79535-47bb-0310-9956-ffa450edef68,1,0.007042253521126761,25.0,0.0,25.0,0.0,1118.5039370078741,44903.17139930841,1,0,1.3217558399823195,false
