name,LOC,CBO,LCOM,NOM,RFC,WMC,ACS,Ownership,numOfChanges,numberOfFIChanges,ENH,NF,BugFixing,REF,structuralWorkloadSum,semanticWorkloadSum,numberOfDeveloper,pastFaults,MAF,isBuggy
charts/src/org/apache/pivot/charts/ChartView.java,407.0,10.0,159.0,22.0,21.0,45.0,3.0,smartini@13f79535-47bb-0310-9956-ffa450edef68,1,0.02,8.0,0.0,8.0,0.0,178.0,475.1134215609143,1,3,0.8602012652231115,false
charts/src/org/apache/pivot/charts/DialView.java,11.0,0.0,0.0,1.0,1.0,1.0,0.0,rwhitcomb@13f79535-47bb-0310-9956-ffa450edef68,0,0.0,0.0,0.0,0.0,0.0,0.0,0.0,0,0,0.0,false
charts/src/org/apache/pivot/charts/HistogramView.java,33.0,0.0,0.0,1.0,1.0,1.0,3.0,rwhitcomb@13f79535-47bb-0310-9956-ffa450edef68,1,0.02,25.0,0.0,25.0,0.0,178.0,475.1134215609143,1,0,0.8602012652231115,false
charts/src/org/apache/pivot/charts/MeterView.java,8.0,0.0,0.0,1.0,1.0,1.0,0.0,rwhitcomb@13f79535-47bb-0310-9956-ffa450edef68,0,0.0,0.0,0.0,0.0,0.0,0.0,0.0,0,0,0.0,false
charts/src/org/apache/pivot/charts/PolarChartView.java,5.0,0.0,0.0,1.0,1.0,1.0,0.0,rwhitcomb@13f79535-47bb-0310-9956-ffa450edef68,0,0.0,0.0,0.0,0.0,0.0,0.0,0.0,0,0,0.0,false
charts/src/org/apache/pivot/charts/SingleValueChartView.java,79.0,2.0,27.0,11.0,14.0,21.0,3.0,smartini@13f79535-47bb-0310-9956-ffa450edef68,1,0.02,20.0,0.0,20.0,0.0,178.0,475.1134215609143,1,0,0.8602012652231115,false
charts/src/org/apache/pivot/charts/SpiderWebView.java,5.0,0.0,0.0,1.0,1.0,1.0,0.0,rwhitcomb@13f79535-47bb-0310-9956-ffa450edef68,0,0.0,0.0,0.0,0.0,0.0,0.0,0.0,0,0,0.0,false
charts/src/org/apache/pivot/charts/ThermometerView.java,11.0,0.0,0.0,1.0,1.0,1.0,0.0,rwhitcomb@13f79535-47bb-0310-9956-ffa450edef68,0,0.0,0.0,0.0,0.0,0.0,0.0,0.0,0,0,0.0,false
charts/src/org/apache/pivot/charts/content/HistogramSeries.java,13.0,1.0,0.0,2.0,2.0,4.0,0.0,rwhitcomb@13f79535-47bb-0310-9956-ffa450edef68,0,0.0,0.0,0.0,0.0,0.0,0.0,0.0,0,0,0.0,false
charts/src/org/apache/pivot/charts/content/ValueMarker.java,31.0,1.0,10.0,8.0,0.0,11.0,0.0,rwhitcomb@13f79535-47bb-0310-9956-ffa450edef68,0,0.0,0.0,0.0,0.0,0.0,0.0,0.0,0,0,0.0,false
core/src/org/apache/pivot/collections/ArrayList.java,405.0,7.0,252.0,44.0,64.0,110.0,2.0,smartini@13f79535-47bb-0310-9956-ffa450edef68,1,0.02,6.0,6.0,0.0,0.0,319.33333333333337,2759.1420195406345,1,8,0.5500463369192721,false
core/src/org/apache/pivot/collections/HashMap.java,332.0,8.0,186.0,25.0,72.0,78.0,2.0,gbrown@13f79535-47bb-0310-9956-ffa450edef68,1,0.02,6.0,6.0,0.0,0.0,319.33333333333337,2759.1420195406345,1,4,0.5500463369192721,false
core/src/org/apache/pivot/collections/adapter/ListAdapter.java,162.0,12.0,0.0,18.0,34.0,50.0,1.0,smartini@13f79535-47bb-0310-9956-ffa450edef68,1,0.02,14.0,14.0,14.0,0.0,319.33333333333337,2759.1420195406345,1,1,0.5500463369192721,false
core/src/org/apache/pivot/util/ListenerList.java,116.0,3.0,6.0,9.0,11.0,29.0,1.0,rwhitcomb@13f79535-47bb-0310-9956-ffa450edef68,1,0.02,11.0,0.0,0.0,0.0,319.33333333333337,2759.1420195406345,1,2,0.5500463369192721,false
demos/src/org/apache/pivot/demos/styles/ColorSchemeBuilderWindow.java,170.0,32.0,39.0,11.0,85.0,22.0,16.0,smartini@13f79535-47bb-0310-9956-ffa450edef68,1,0.02,6.0,6.0,0.0,0.0,319.33333333333337,2759.1420195406345,1,4,0.5500463369192721,false
tests/src/org/apache/pivot/tests/ColorPaletteTest.java,50.0,15.0,4.0,4.0,16.0,9.0,16.0,smartini@13f79535-47bb-0310-9956-ffa450edef68,1,0.02,11.0,11.0,0.0,0.0,319.33333333333337,2759.1420195406345,1,2,0.5500463369192721,false
tests/src/org/apache/pivot/tests/SheetTest.java,85.0,24.0,22.0,8.0,37.0,11.0,16.0,smartini@13f79535-47bb-0310-9956-ffa450edef68,1,0.02,12.0,12.0,0.0,0.0,319.33333333333337,2759.1420195406345,1,1,0.5500463369192721,false
tests/src/org/apache/pivot/tests/issues/pivot929/Pivot929.java,23.0,5.0,6.0,4.0,9.0,7.0,4.0,smartini@13f79535-47bb-0310-9956-ffa450edef68,1,0.02,100.0,0.0,100.0,0.0,178.0,475.1134215609143,1,0,0.8602012652231115,false
tutorials/src/org/apache/pivot/tutorials/bxmlexplorer/FakeWindowSkin.java,262.0,26.0,16.0,12.0,58.0,23.0,16.0,smartini@13f79535-47bb-0310-9956-ffa450edef68,1,0.02,11.0,11.0,0.0,0.0,319.33333333333337,2759.1420195406345,1,4,0.5500463369192721,false
wtk-terra/src/org/apache/pivot/wtk/skin/terra/TerraAlertSkin.java,152.0,18.0,89.0,19.0,68.0,38.0,5.0,gbrown@13f79535-47bb-0310-9956-ffa450edef68,1,0.02,5.0,0.0,0.0,0.0,178.0,475.1134215609143,1,2,0.8602012652231115,true
wtk-terra/src/org/apache/pivot/wtk/skin/terra/TerraCalendarSkin.java,663.0,40.0,896.0,49.0,147.0,121.0,16.0,gbrown@13f79535-47bb-0310-9956-ffa450edef68,1,0.02,5.0,5.0,0.0,0.0,319.33333333333337,2759.1420195406345,1,5,0.5500463369192721,false
wtk-terra/src/org/apache/pivot/wtk/skin/terra/TerraColorChooserSkin.java,279.0,10.0,0.0,10.0,27.0,19.0,16.0,smartini@13f79535-47bb-0310-9956-ffa450edef68,1,0.02,12.0,12.0,0.0,0.0,319.33333333333337,2759.1420195406345,1,0,0.5500463369192721,false
wtk-terra/src/org/apache/pivot/wtk/skin/terra/TerraExpanderSkin.java,507.0,33.0,822.0,48.0,120.0,103.0,16.0,smartini@13f79535-47bb-0310-9956-ffa450edef68,1,0.02,7.0,7.0,0.0,0.0,319.33333333333337,2759.1420195406345,1,4,0.5500463369192721,true
wtk-terra/src/org/apache/pivot/wtk/skin/terra/TerraFileBrowserSkin.java,900.0,64.0,405.0,39.0,203.0,102.0,4.0,gbrown@13f79535-47bb-0310-9956-ffa450edef68,1,0.02,2.0,0.0,2.0,0.0,178.0,475.1134215609143,1,13,0.8602012652231115,false
wtk-terra/src/org/apache/pivot/wtk/skin/terra/TerraFrameSkin.java,583.0,37.0,470.0,40.0,164.0,90.0,16.0,smartini@13f79535-47bb-0310-9956-ffa450edef68,1,0.02,5.0,5.0,0.0,0.0,319.33333333333337,2759.1420195406345,1,4,0.5500463369192721,false
wtk-terra/src/org/apache/pivot/wtk/skin/terra/TerraPaletteSkin.java,376.0,35.0,178.0,28.0,126.0,64.0,16.0,smartini@13f79535-47bb-0310-9956-ffa450edef68,1,0.02,6.0,6.0,0.0,0.0,319.33333333333337,2759.1420195406345,1,2,0.5500463369192721,false
wtk-terra/src/org/apache/pivot/wtk/skin/terra/TerraPromptSkin.java,100.0,15.0,15.0,11.0,48.0,20.0,5.0,gbrown@13f79535-47bb-0310-9956-ffa450edef68,1,0.02,5.0,0.0,0.0,0.0,178.0,475.1134215609143,1,4,0.8602012652231115,true
wtk-terra/src/org/apache/pivot/wtk/skin/terra/TerraTabPaneSkin.java,1263.0,42.0,2348.0,76.0,228.0,199.0,3.0,gbrown@13f79535-47bb-0310-9956-ffa450edef68,1,0.02,3.0,0.0,0.0,0.0,178.0,475.1134215609143,1,12,0.8602012652231115,true
wtk-terra/src/org/apache/pivot/wtk/skin/terra/TerraVFSBrowserSheetSkin.java,430.0,35.0,165.0,27.0,147.0,79.0,5.0,rwhitcomb@13f79535-47bb-0310-9956-ffa450edef68,1,0.02,9.0,9.0,0.0,0.0,319.33333333333337,2759.1420195406345,1,4,0.5500463369192721,false
wtk-terra/src/org/apache/pivot/wtk/skin/terra/TerraVFSBrowserSkin.java,1067.0,71.0,484.0,41.0,223.0,123.0,5.0,rwhitcomb@13f79535-47bb-0310-9956-ffa450edef68,2,0.04,26.0,11.0,0.0,0.0,497.33333333333337,3234.255441101549,2,5,0.11167489904185213,false
wtk/src/org/apache/pivot/wtk/ApplicationContext.java,1540.0,51.0,172.0,20.0,50.0,74.0,4.0,gbrown@13f79535-47bb-0310-9956-ffa450edef68,1,0.02,3.0,0.0,2.0,0.0,178.0,475.1134215609143,1,25,0.8602012652231115,false
wtk/src/org/apache/pivot/wtk/Clipboard.java,57.0,3.0,0.0,4.0,8.0,12.0,4.0,smartini@13f79535-47bb-0310-9956-ffa450edef68,1,0.02,20.0,0.0,20.0,0.0,178.0,475.1134215609143,1,1,0.8602012652231115,false
wtk/src/org/apache/pivot/wtk/Component.java,1977.0,19.0,10007.0,150.0,262.0,420.0,1.0,gbrown@13f79535-47bb-0310-9956-ffa450edef68,1,0.02,2.0,0.0,2.0,0.0,319.33333333333337,2759.1420195406345,1,25,0.5500463369192721,true
wtk/src/org/apache/pivot/wtk/GridPane.java,325.0,6.0,68.0,13.0,16.0,34.0,8.0,gbrown@13f79535-47bb-0310-9956-ffa450edef68,1,0.02,14.0,14.0,0.0,0.0,319.33333333333337,2759.1420195406345,1,4,0.5500463369192721,false
wtk/src/org/apache/pivot/wtk/ImageView.java,295.0,10.0,153.0,22.0,42.0,57.0,5.0,gbrown@13f79535-47bb-0310-9956-ffa450edef68,1,0.02,4.0,0.0,0.0,0.0,178.0,475.1134215609143,1,9,0.8602012652231115,true
wtk/src/org/apache/pivot/wtk/TabPane.java,343.0,9.0,235.0,26.0,32.0,62.0,3.0,gbrown@13f79535-47bb-0310-9956-ffa450edef68,1,0.02,4.0,0.0,0.0,0.0,178.0,475.1134215609143,1,7,0.8602012652231115,false
wtk/src/org/apache/pivot/wtk/TablePane.java,663.0,6.0,114.0,17.0,22.0,42.0,16.0,gbrown@13f79535-47bb-0310-9956-ffa450edef68,1,0.02,5.0,5.0,0.0,0.0,319.33333333333337,2759.1420195406345,1,6,0.5500463369192721,false
wtk/src/org/apache/pivot/wtk/TableView.java,1576.0,22.0,2282.0,77.0,141.0,217.0,10.0,gbrown@13f79535-47bb-0310-9956-ffa450edef68,1,0.02,4.0,2.0,0.0,0.0,319.33333333333337,2759.1420195406345,1,14,0.5500463369192721,true
wtk/src/org/apache/pivot/wtk/content/LinkButtonDataRenderer.java,71.0,8.0,4.0,4.0,15.0,9.0,16.0,smartini@13f79535-47bb-0310-9956-ffa450edef68,1,0.02,10.0,10.0,0.0,0.0,319.33333333333337,2759.1420195406345,1,2,0.5500463369192721,false
wtk/src/org/apache/pivot/wtk/content/MenuItemDataRenderer.java,95.0,12.0,4.0,4.0,21.0,9.0,16.0,rwhitcomb@13f79535-47bb-0310-9956-ffa450edef68,1,0.02,11.0,11.0,0.0,0.0,319.33333333333337,2759.1420195406345,1,2,0.5500463369192721,false
wtk/src/org/apache/pivot/wtk/skin/TabPaneSkin.java,12.0,2.0,0.0,2.0,4.0,3.0,3.0,smartini@13f79535-47bb-0310-9956-ffa450edef68,1,0.02,100.0,0.0,0.0,0.0,178.0,475.1134215609143,1,0,0.8602012652231115,false
wtk/src/org/apache/pivot/wtk/skin/TablePaneSkin.java,1056.0,17.0,1033.0,54.0,188.0,163.0,16.0,smartini@13f79535-47bb-0310-9956-ffa450edef68,1,0.02,5.0,5.0,0.0,0.0,319.33333333333337,2759.1420195406345,1,4,0.5500463369192721,true
wtk/src/org/apache/pivot/wtk/validation/ComparableRangeValidator.java,57.0,1.0,0.0,10.0,9.0,22.0,2.0,rwhitcomb@13f79535-47bb-0310-9956-ffa450edef68,1,0.02,33.0,17.0,17.0,33.0,319.33333333333337,2759.1420195406345,1,1,0.5500463369192721,false
wtk/src/org/apache/pivot/wtk/validation/ComparableValidator.java,22.0,1.0,6.0,4.0,2.0,7.0,2.0,rwhitcomb@13f79535-47bb-0310-9956-ffa450edef68,1,0.02,25.0,0.0,0.0,25.0,319.33333333333337,2759.1420195406345,1,2,0.5500463369192721,false
wtk/src/org/apache/pivot/wtk/validation/IntRangeValidator.java,47.0,2.0,0.0,9.0,2.0,14.0,3.0,smartini@13f79535-47bb-0310-9956-ffa450edef68,1,0.02,17.0,17.0,17.0,17.0,319.33333333333337,2759.1420195406345,1,1,0.5500463369192721,false
wtk/src/org/apache/pivot/wtk/validation/LongRangeValidator.java,47.0,2.0,0.0,9.0,2.0,14.0,3.0,rwhitcomb@13f79535-47bb-0310-9956-ffa450edef68,1,0.02,100.0,100.0,100.0,100.0,319.33333333333337,2759.1420195406345,1,0,0.5500463369192721,false
