name,LOC,CBO,LCOM,NOM,RFC,WMC,ACS,Ownership,numOfChanges,numberOfFIChanges,ENH,NF,BugFixing,REF,structuralWorkloadSum,semanticWorkloadSum,numberOfDeveloper,pastFaults,MAF,isBuggy
charts/src/org/apache/pivot/charts/ChartView.java,414.0,10.0,159.0,22.0,22.0,45.0,0.0,smartini@13f79535-47bb-0310-9956-ffa450edef68,0,0.0,0.0,0.0,0.0,0.0,0.0,0.0,0,5,0.0,false
core/src/org/apache/pivot/beans/BXMLSerializer.java,1123.0,44.0,804.0,49.0,170.0,156.0,1.0,gbrown@13f79535-47bb-0310-9956-ffa450edef68,1,0.1,2.0,0.0,2.0,0.0,47.333333333333336,41.542891500981405,1,17,0.8109302162163288,false
core/src/org/apache/pivot/json/JSONSerializer.java,871.0,30.0,529.0,38.0,108.0,146.0,3.0,gbrown@13f79535-47bb-0310-9956-ffa450edef68,1,0.1,3.0,3.0,3.0,0.0,65.6,94.71284761873422,1,12,0.587786664902119,true
core/src/org/apache/pivot/serialization/MacroReader.java,149.0,6.0,16.0,8.0,30.0,30.0,0.0,rwhitcomb@13f79535-47bb-0310-9956-ffa450edef68,0,0.0,0.0,0.0,0.0,0.0,0.0,0.0,0,1,0.0,false
core/test/org/apache/pivot/json/test/JSONSerializerTest.java,104.0,12.0,171.0,19.0,37.0,31.0,3.0,gbrown@13f79535-47bb-0310-9956-ffa450edef68,1,0.1,6.0,6.0,6.0,0.0,65.6,94.71284761873422,1,6,0.587786664902119,false
demos/src/org/apache/pivot/demos/text/TextPaneDemo.java,457.0,43.0,516.0,36.0,195.0,81.0,1.0,smartini@13f79535-47bb-0310-9956-ffa450edef68,2,0.2,20.0,20.0,10.0,0.0,112.93333333333334,136.25573911971563,2,3,0.006211259999278629,false
wtk/src/org/apache/pivot/wtk/ApplicationContext.java,1565.0,51.0,192.0,21.0,51.0,76.0,1.0,gbrown@13f79535-47bb-0310-9956-ffa450edef68,1,0.1,2.0,2.0,0.0,0.0,65.6,94.71284761873422,1,27,0.587786664902119,false
wtk/src/org/apache/pivot/wtk/Container.java,631.0,10.0,962.0,49.0,162.0,143.0,1.0,null,1,0.1,4.0,0.0,4.0,4.0,65.6,94.71284761873422,1,7,0.587786664902119,false
