name,LOC,CBO,LCOM,NOM,RFC,WMC,ACS,Ownership,numOfChanges,numberOfFIChanges,ENH,NF,BugFixing,REF,structuralWorkloadSum,semanticWorkloadSum,numberOfDeveloper,pastFaults,MAF,isBuggy
bundles/api/src/main/java/org/apache/sling/api/SlingConstants.java,146.0,0.0,0.0,0.0,0.0,0.0,4.0,cziegeler@13f79535-47bb-0310-9956-ffa450edef68,2,0.0041928721174004195,16.0,11.0,0.0,5.0,4206.7692307692305,67779.80473111152,2,0,0.8133717237059941,false
bundles/api/src/main/java/org/apache/sling/api/request/RequestUtil.java,99.0,5.0,6.0,4.0,17.0,19.0,4.0,kwin@13f79535-47bb-0310-9956-ffa450edef68,1,0.0020964360587002098,20.0,0.0,0.0,20.0,3921.9999999999995,67519.68917149525,1,0,0.6397464038328301,false
bundles/api/src/main/java/org/apache/sling/api/request/ResponseUtil.java,77.0,2.0,1.0,2.0,4.0,7.0,4.0,kwin@13f79535-47bb-0310-9956-ffa450edef68,1,0.0020964360587002098,20.0,0.0,0.0,20.0,3921.9999999999995,67519.68917149525,1,0,0.6397464038328301,false
bundles/api/src/main/java/org/apache/sling/api/resource/LoginException.java,34.0,0.0,6.0,4.0,0.0,9.0,17.0,cziegeler@13f79535-47bb-0310-9956-ffa450edef68,1,0.0020964360587002098,20.0,20.0,0.0,0.0,3921.9999999999995,67519.68917149525,1,1,0.6397464038328301,false
bundles/api/src/main/java/org/apache/sling/api/resource/ResourceDecorator.java,19.0,1.0,1.0,2.0,0.0,4.0,0.0,kwin@13f79535-47bb-0310-9956-ffa450edef68,0,0.0,0.0,0.0,0.0,0.0,0.0,0.0,0,0,0.0,false
bundles/api/src/main/java/org/apache/sling/api/resource/ResourceMetadata.java,160.0,1.0,77.0,14.0,14.0,35.0,9.0,cziegeler@13f79535-47bb-0310-9956-ffa450edef68,1,0.0020964360587002098,12.0,6.0,0.0,0.0,3921.9999999999995,67519.68917149525,1,0,0.6397464038328301,false
bundles/api/src/main/java/org/apache/sling/api/resource/ResourceResolver.java,94.0,4.0,66.0,12.0,0.0,54.0,4.0,cziegeler@13f79535-47bb-0310-9956-ffa450edef68,2,0.0041928721174004195,9.0,3.0,0.0,0.0,5571.78947368421,105070.02250482858,2,1,0.17350744346001412,false
bundles/api/src/main/java/org/apache/sling/api/resource/ResourceResolverFactory.java,12.0,1.0,1.0,2.0,0.0,4.0,0.0,cziegeler@13f79535-47bb-0310-9956-ffa450edef68,0,0.0,0.0,0.0,0.0,0.0,0.0,0.0,0,2,0.0,false
bundles/api/src/main/java/org/apache/sling/api/resource/ResourceUtil.java,290.0,5.0,147.0,18.0,47.0,80.0,7.0,cziegeler@13f79535-47bb-0310-9956-ffa450edef68,2,0.0041928721174004195,8.0,3.0,0.0,0.0,4115.777777777777,67759.54016188477,2,2,0.757687028818272,false
bundles/api/src/main/java/org/apache/sling/api/resource/ResourceWrapper.java,63.0,0.0,34.0,9.0,17.0,18.0,2.0,cziegeler@13f79535-47bb-0310-9956-ffa450edef68,1,0.0020964360587002098,7.0,0.0,0.0,0.0,3921.9999999999995,67519.68917149525,1,0,0.6397464038328301,false
bundles/api/src/main/java/org/apache/sling/api/scripting/SlingScriptHelper.java,88.0,3.0,66.0,12.0,0.0,37.0,3.0,fmeschbe@13f79535-47bb-0310-9956-ffa450edef68,2,0.0041928721174004195,29.0,0.0,0.0,0.0,5571.78947368421,105070.02250482858,2,0,0.20201203515588018,false
bundles/api/src/main/java/org/apache/sling/api/services/SlingSettingsService.java,18.0,1.0,3.0,3.0,0.0,4.0,5.0,cziegeler@13f79535-47bb-0310-9956-ffa450edef68,1,0.0020964360587002098,67.0,33.0,0.0,33.0,3921.9999999999995,67519.68917149525,1,0,0.6397464038328301,false
bundles/api/src/main/java/org/apache/sling/api/servlets/ServletResolver.java,30.0,4.0,3.0,3.0,0.0,18.0,6.0,kwin@13f79535-47bb-0310-9956-ffa450edef68,1,0.0020964360587002098,20.0,20.0,0.0,0.0,3921.9999999999995,67519.68917149525,1,0,0.6397464038328301,false
bundles/api/src/test/java/org/apache/sling/api/resource/ResourceUtilTest.java,335.0,19.0,116.0,17.0,104.0,36.0,4.0,cziegeler@13f79535-47bb-0310-9956-ffa450edef68,2,0.0041928721174004195,12.0,0.0,0.0,0.0,1843.5672514619885,37790.18432372284,2,2,1.333694225076262,false
bundles/commons/auth/src/main/java/org/apache/sling/commons/auth/impl/AbstractAuthenticationHandlerHolder.java,112.0,7.0,55.0,11.0,14.0,28.0,0.0,fmeschbe@13f79535-47bb-0310-9956-ffa450edef68,0,0.0,0.0,0.0,0.0,0.0,0.0,0.0,0,1,0.0,false
bundles/commons/auth/src/main/java/org/apache/sling/commons/auth/impl/AuthenticationHandlerHolder.java,54.0,8.0,0.0,8.0,10.0,20.0,0.0,fmeschbe@13f79535-47bb-0310-9956-ffa450edef68,0,0.0,0.0,0.0,0.0,0.0,0.0,0.0,0,0,0.0,false
bundles/commons/auth/src/main/java/org/apache/sling/commons/auth/impl/AuthenticationRequirementHolder.java,30.0,1.0,1.0,3.0,3.0,8.0,0.0,fmeschbe@13f79535-47bb-0310-9956-ffa450edef68,0,0.0,0.0,0.0,0.0,0.0,0.0,0.0,0,0,0.0,false
bundles/commons/auth/src/main/java/org/apache/sling/commons/auth/impl/AuthenticatorWebConsolePlugin.java,59.0,7.0,15.0,7.0,13.0,14.0,3.0,fmeschbe@13f79535-47bb-0310-9956-ffa450edef68,1,0.0020964360587002098,20.0,0.0,0.0,0.0,3921.9999999999995,67519.68917149525,1,0,0.6397464038328301,false
bundles/commons/auth/src/main/java/org/apache/sling/commons/auth/impl/HttpBasicAuthenticationHandler.java,137.0,10.0,14.0,8.0,25.0,32.0,0.0,fmeschbe@13f79535-47bb-0310-9956-ffa450edef68,0,0.0,0.0,0.0,0.0,0.0,0.0,0.0,0,0,0.0,false
bundles/commons/auth/src/main/java/org/apache/sling/commons/auth/impl/LoginServlet.java,66.0,9.0,1.0,2.0,11.0,10.0,0.0,fmeschbe@13f79535-47bb-0310-9956-ffa450edef68,0,0.0,0.0,0.0,0.0,0.0,0.0,0.0,0,0,0.0,false
bundles/commons/auth/src/main/java/org/apache/sling/commons/auth/impl/PathBasedHolder.java,112.0,3.0,0.0,5.0,10.0,19.0,0.0,fmeschbe@13f79535-47bb-0310-9956-ffa450edef68,0,0.0,0.0,0.0,0.0,0.0,0.0,0.0,0,0,0.0,false
bundles/commons/auth/src/main/java/org/apache/sling/commons/auth/impl/SlingAuthenticator.java,831.0,42.0,167.0,26.0,169.0,100.0,2.0,fmeschbe@13f79535-47bb-0310-9956-ffa450edef68,3,0.006289308176100629,15.0,2.0,0.0,5.0,5856.55870445344,105330.13806444485,3,5,0.20368709113146388,false
bundles/commons/auth/src/main/java/org/apache/sling/commons/auth/impl/engine/EngineAuthenticationHandlerHolder.java,46.0,8.0,0.0,7.0,8.0,17.0,4.0,fmeschbe@13f79535-47bb-0310-9956-ffa450edef68,1,0.0020964360587002098,11.0,0.0,0.0,11.0,3921.9999999999995,67519.68917149525,1,0,0.6397464038328301,false
bundles/commons/auth/src/main/java/org/apache/sling/commons/auth/spi/AuthenticationHandler.java,46.0,3.0,3.0,3.0,0.0,12.0,0.0,fmeschbe@13f79535-47bb-0310-9956-ffa450edef68,0,0.0,0.0,0.0,0.0,0.0,0.0,0.0,0,1,0.0,false
bundles/commons/auth/src/main/java/org/apache/sling/commons/auth/spi/AuthenticationInfo.java,220.0,2.0,65.0,15.0,18.0,45.0,4.0,fmeschbe@13f79535-47bb-0310-9956-ffa450edef68,1,0.0020964360587002098,9.0,0.0,0.0,9.0,3921.9999999999995,67519.68917149525,1,3,0.6397464038328301,false
bundles/commons/auth/src/main/java/org/apache/sling/commons/auth/spi/AuthenticationInfoPostProcessor.java,16.0,2.0,0.0,1.0,0.0,2.0,0.0,fmeschbe@13f79535-47bb-0310-9956-ffa450edef68,0,0.0,0.0,0.0,0.0,0.0,0.0,0.0,0,0,0.0,false
bundles/commons/auth/src/main/java/org/apache/sling/commons/auth/spi/DefaultAuthenticationFeedbackHandler.java,41.0,4.0,3.0,3.0,10.0,10.0,0.0,fmeschbe@13f79535-47bb-0310-9956-ffa450edef68,0,0.0,0.0,0.0,0.0,0.0,0.0,0.0,0,1,0.0,false
bundles/commons/auth/src/test/java/org/apache/sling/commons/auth/spi/AuthenticationInfoTest.java,210.0,9.0,231.0,22.0,106.0,27.0,4.0,fmeschbe@13f79535-47bb-0310-9956-ffa450edef68,1,0.0020964360587002098,20.0,0.0,0.0,20.0,3921.9999999999995,67519.68917149525,1,0,0.6397464038328301,false
bundles/commons/classloader/src/main/java/org/apache/sling/commons/classloader/impl/Activator.java,88.0,10.0,0.0,5.0,18.0,9.0,1.0,cziegeler@13f79535-47bb-0310-9956-ffa450edef68,0,0.0,0.0,0.0,0.0,0.0,0.0,0.0,0,3,0.0,true
bundles/commons/classloader/src/main/java/org/apache/sling/commons/classloader/impl/DynamicClassLoaderManagerFactory.java,80.0,9.0,11.0,7.0,9.0,18.0,0.0,cziegeler@13f79535-47bb-0310-9956-ffa450edef68,0,0.0,0.0,0.0,0.0,0.0,0.0,0.0,0,2,0.0,false
bundles/commons/classloader/src/main/java/org/apache/sling/commons/classloader/impl/DynamicClassLoaderManagerImpl.java,126.0,8.0,0.0,7.0,13.0,18.0,0.0,cziegeler@13f79535-47bb-0310-9956-ffa450edef68,0,0.0,0.0,0.0,0.0,0.0,0.0,0.0,0,4,0.0,false
bundles/commons/classloader/src/main/java/org/apache/sling/commons/classloader/impl/PackageAdminClassLoader.java,161.0,11.0,6.0,8.0,33.0,26.0,0.0,cziegeler@13f79535-47bb-0310-9956-ffa450edef68,0,0.0,0.0,0.0,0.0,0.0,0.0,0.0,0,4,0.0,false
bundles/commons/json/src/test/java/org/apache/sling/commons/json/test/JSONAssert.java,126.0,5.0,6.0,4.0,18.0,18.0,0.0,cziegeler@13f79535-47bb-0310-9956-ffa450edef68,0,0.0,0.0,0.0,0.0,0.0,0.0,0.0,0,0,0.0,false
bundles/commons/osgi/src/main/java/org/apache/sling/commons/osgi/OsgiUtil.java,244.0,11.0,55.0,11.0,27.0,44.0,0.0,cziegeler@13f79535-47bb-0310-9956-ffa450edef68,0,0.0,0.0,0.0,0.0,0.0,0.0,0.0,0,0,0.0,false
bundles/commons/osgi/src/test/java/org/apache/sling/commons/osgi/OsgiUtilTest.java,112.0,6.0,36.0,9.0,25.0,13.0,0.0,cziegeler@13f79535-47bb-0310-9956-ffa450edef68,0,0.0,0.0,0.0,0.0,0.0,0.0,0.0,0,0,0.0,false
bundles/commons/testing/src/main/java/org/apache/sling/commons/testing/integration/HttpStatusCodeException.java,18.0,1.0,0.0,4.0,0.0,7.0,0.0,fmeschbe@13f79535-47bb-0310-9956-ffa450edef68,0,0.0,0.0,0.0,0.0,0.0,0.0,0.0,0,1,0.0,false
bundles/commons/testing/src/main/java/org/apache/sling/commons/testing/integration/HttpTestBase.java,349.0,25.0,88.0,17.0,87.0,76.0,3.0,bdelacretaz@13f79535-47bb-0310-9956-ffa450edef68,1,0.0020964360587002098,5.0,0.0,0.0,0.0,193.77777777777777,239.85099038951364,1,1,2.9031107836735943,true
bundles/commons/testing/src/main/java/org/apache/sling/commons/testing/integration/NameValuePair.java,29.0,0.0,0.0,7.0,1.0,11.0,0.0,justin@13f79535-47bb-0310-9956-ffa450edef68,0,0.0,0.0,0.0,0.0,0.0,0.0,0.0,0,0,0.0,false
bundles/commons/testing/src/main/java/org/apache/sling/commons/testing/integration/NameValuePairList.java,84.0,5.0,0.0,12.0,31.0,26.0,0.0,justin@13f79535-47bb-0310-9956-ffa450edef68,0,0.0,0.0,0.0,0.0,0.0,0.0,0.0,0,0,0.0,false
bundles/commons/testing/src/main/java/org/apache/sling/commons/testing/integration/SlingIntegrationTestClient.java,173.0,16.0,0.0,10.0,46.0,34.0,1.0,enorman@13f79535-47bb-0310-9956-ffa450edef68,1,0.0020964360587002098,12.0,0.0,12.0,0.0,216.39999999999998,309.41722288696207,1,1,4.081765780015241,true
bundles/commons/testing/src/main/java/org/apache/sling/commons/testing/jcr/EventHelper.java,61.0,6.0,0.0,4.0,18.0,15.0,3.0,justin@13f79535-47bb-0310-9956-ffa450edef68,1,0.0020964360587002098,100.0,50.0,0.0,0.0,1649.7894736842106,37550.33333333333,1,0,1.1505720275988207,false
bundles/commons/testing/src/main/java/org/apache/sling/commons/testing/jcr/MockNode.java,302.0,30.0,3905.0,91.0,37.0,193.0,0.0,fmeschbe@13f79535-47bb-0310-9956-ffa450edef68,0,0.0,0.0,0.0,0.0,0.0,0.0,0.0,0,0,0.0,false
bundles/commons/testing/src/main/java/org/apache/sling/commons/testing/jcr/MockNodeType.java,75.0,5.0,274.0,24.0,0.0,47.0,0.0,fmeschbe@13f79535-47bb-0310-9956-ffa450edef68,0,0.0,0.0,0.0,0.0,0.0,0.0,0.0,0,0,0.0,false
bundles/commons/testing/src/main/java/org/apache/sling/commons/testing/jcr/MockProperty.java,169.0,23.0,638.0,44.0,11.0,120.0,0.0,fmeschbe@13f79535-47bb-0310-9956-ffa450edef68,0,0.0,0.0,0.0,0.0,0.0,0.0,0.0,0,0,0.0,false
bundles/commons/testing/src/main/java/org/apache/sling/commons/testing/jcr/MockPropertyDefinition.java,45.0,3.0,89.0,14.0,0.0,27.0,0.0,fmeschbe@13f79535-47bb-0310-9956-ffa450edef68,0,0.0,0.0,0.0,0.0,0.0,0.0,0.0,0,0,0.0,false
bundles/commons/testing/src/main/java/org/apache/sling/commons/testing/jcr/MockValue.java,64.0,8.0,133.0,18.0,0.0,35.0,0.0,fmeschbe@13f79535-47bb-0310-9956-ffa450edef68,0,0.0,0.0,0.0,0.0,0.0,0.0,0.0,0,0,0.0,false
bundles/commons/testing/src/main/java/org/apache/sling/commons/testing/jcr/RepositoryUtil.java,139.0,17.0,0.0,5.0,17.0,17.0,0.0,fmeschbe@13f79535-47bb-0310-9956-ffa450edef68,0,0.0,0.0,0.0,0.0,0.0,0.0,0.0,0,0,0.0,false
bundles/commons/testing/src/main/java/org/apache/sling/commons/testing/osgi/MockBundle.java,77.0,10.0,349.0,27.0,0.0,50.0,0.0,fmeschbe@13f79535-47bb-0310-9956-ffa450edef68,0,0.0,0.0,0.0,0.0,0.0,0.0,0.0,0,0,0.0,false
bundles/commons/testing/src/main/java/org/apache/sling/commons/testing/osgi/MockBundleContext.java,72.0,13.0,251.0,23.0,0.0,45.0,0.0,fmeschbe@13f79535-47bb-0310-9956-ffa450edef68,0,0.0,0.0,0.0,0.0,0.0,0.0,0.0,0,0,0.0,false
bundles/commons/testing/src/main/java/org/apache/sling/commons/testing/osgi/MockComponentContext.java,51.0,10.0,79.0,14.0,5.0,24.0,0.0,fmeschbe@13f79535-47bb-0310-9956-ffa450edef68,0,0.0,0.0,0.0,0.0,0.0,0.0,0.0,0,0,0.0,false
bundles/commons/testing/src/main/java/org/apache/sling/commons/testing/osgi/MockServiceRegistration.java,11.0,3.0,3.0,3.0,0.0,6.0,0.0,fmeschbe@13f79535-47bb-0310-9956-ffa450edef68,0,0.0,0.0,0.0,0.0,0.0,0.0,0.0,0,0,0.0,false
bundles/commons/testing/src/main/java/org/apache/sling/commons/testing/sling/MockResourceResolver.java,100.0,8.0,172.0,20.0,29.0,49.0,5.0,cziegeler@13f79535-47bb-0310-9956-ffa450edef68,0,0.0,0.0,0.0,0.0,0.0,0.0,0.0,0,1,0.0,true
bundles/commons/testing/src/test/java/org/apache/sling/commons/testing/jcr/RepositoryUtilTest.java,15.0,2.0,0.0,1.0,7.0,2.0,0.0,cziegeler@13f79535-47bb-0310-9956-ffa450edef68,0,0.0,0.0,0.0,0.0,0.0,0.0,0.0,0,0,0.0,false
bundles/engine/src/main/java/org/apache/sling/engine/EngineConstants.java,33.0,0.0,0.0,0.0,0.0,0.0,5.0,fmeschbe@13f79535-47bb-0310-9956-ffa450edef68,1,0.0020964360587002098,33.0,11.0,0.0,11.0,3921.9999999999995,67519.68917149525,1,0,0.6397464038328301,false
bundles/engine/src/main/java/org/apache/sling/engine/RequestLog.java,19.0,0.0,1.0,2.0,0.0,4.0,1.0,fmeschbe@13f79535-47bb-0310-9956-ffa450edef68,1,0.0020964360587002098,33.0,0.0,0.0,0.0,3921.9999999999995,67519.68917149525,1,0,0.6397464038328301,false
bundles/engine/src/main/java/org/apache/sling/engine/RequestUtil.java,99.0,5.0,6.0,4.0,17.0,19.0,4.0,fmeschbe@13f79535-47bb-0310-9956-ffa450edef68,1,0.0020964360587002098,33.0,0.0,0.0,33.0,3921.9999999999995,67519.68917149525,1,0,0.6397464038328301,false
bundles/engine/src/main/java/org/apache/sling/engine/ResponseUtil.java,77.0,2.0,1.0,2.0,4.0,7.0,4.0,cziegeler@13f79535-47bb-0310-9956-ffa450edef68,1,0.0020964360587002098,20.0,0.0,0.0,20.0,3921.9999999999995,67519.68917149525,1,0,0.6397464038328301,false
bundles/engine/src/main/java/org/apache/sling/engine/SlingSettingsService.java,10.0,0.0,0.0,1.0,0.0,2.0,5.0,cziegeler@13f79535-47bb-0310-9956-ffa450edef68,1,0.0020964360587002098,40.0,20.0,0.0,20.0,3921.9999999999995,67519.68917149525,1,0,0.6397464038328301,false
bundles/engine/src/main/java/org/apache/sling/engine/impl/EngineBundleActivator.java,39.0,8.0,0.0,2.0,7.0,7.0,4.0,fmeschbe@13f79535-47bb-0310-9956-ffa450edef68,1,0.0020964360587002098,17.0,0.0,0.0,17.0,3921.9999999999995,67519.68917149525,1,0,0.6397464038328301,false
bundles/engine/src/main/java/org/apache/sling/engine/impl/ProfilingResourceResolver.java,54.0,7.0,0.0,14.0,20.0,26.0,3.0,cziegeler@13f79535-47bb-0310-9956-ffa450edef68,1,0.0020964360587002098,100.0,0.0,33.0,67.0,3921.9999999999995,67519.68917149525,1,0,0.6397464038328301,false
bundles/engine/src/main/java/org/apache/sling/engine/impl/SlingMainServlet.java,502.0,58.0,260.0,29.0,166.0,93.0,6.0,null,1,0.0020964360587002098,2.0,0.0,2.0,2.0,3921.9999999999995,67519.68917149525,1,3,0.6397464038328301,false
bundles/engine/src/main/java/org/apache/sling/engine/impl/SlingSettingsServiceImpl.java,101.0,11.0,0.0,4.0,16.0,12.0,5.0,cziegeler@13f79535-47bb-0310-9956-ffa450edef68,1,0.0020964360587002098,33.0,17.0,0.0,17.0,3921.9999999999995,67519.68917149525,1,0,0.6397464038328301,false
bundles/engine/src/main/java/org/apache/sling/engine/impl/log/RequestLoggerService.java,94.0,7.0,26.0,9.0,13.0,22.0,0.0,fmeschbe@13f79535-47bb-0310-9956-ffa450edef68,0,0.0,0.0,0.0,0.0,0.0,0.0,0.0,0,0,0.0,false
bundles/engine/src/main/java/org/apache/sling/engine/impl/request/RequestData.java,377.0,39.0,576.0,37.0,67.0,114.0,4.0,fmeschbe@13f79535-47bb-0310-9956-ffa450edef68,2,0.0041928721174004195,18.0,6.0,6.0,12.0,4206.7692307692305,67779.80473111152,2,0,0.8133717237059941,false
bundles/engine/src/main/java/org/apache/sling/engine/impl/request/SlingRequestDispatcher.java,126.0,14.0,9.0,7.0,41.0,19.0,2.0,fmeschbe@13f79535-47bb-0310-9956-ffa450edef68,2,0.0041928721174004195,25.0,12.0,0.0,0.0,4206.7692307692305,67779.80473111152,2,1,1.16180845552485,false
bundles/engine/src/main/java/org/apache/sling/engine/servlets/AbstractServiceReferenceConfig.java,64.0,10.0,0.0,6.0,8.0,14.0,1.0,fmeschbe@13f79535-47bb-0310-9956-ffa450edef68,1,0.0020964360587002098,33.0,0.0,0.0,0.0,3921.9999999999995,67519.68917149525,1,0,0.6397464038328301,false
bundles/extensions/event/src/main/java/org/apache/sling/event/EventPropertiesMap.java,135.0,9.0,0.0,20.0,22.0,37.0,7.0,cziegeler@13f79535-47bb-0310-9956-ffa450edef68,1,0.0020964360587002098,20.0,0.0,0.0,0.0,3921.9999999999995,67519.68917149525,1,0,0.6397464038328301,false
bundles/extensions/event/src/main/java/org/apache/sling/event/EventUtil.java,309.0,8.0,64.0,12.0,52.0,51.0,4.0,cziegeler@13f79535-47bb-0310-9956-ffa450edef68,1,0.0020964360587002098,4.0,0.0,0.0,0.0,3921.9999999999995,67519.68917149525,1,6,0.6397464038328301,false
bundles/extensions/event/src/main/java/org/apache/sling/event/JobStatusProvider.java,60.0,3.0,28.0,8.0,0.0,23.0,3.0,cziegeler@13f79535-47bb-0310-9956-ffa450edef68,1,0.0020964360587002098,33.0,0.0,0.0,11.0,3921.9999999999995,67519.68917149525,1,0,0.6397464038328301,false
bundles/extensions/event/src/main/java/org/apache/sling/event/impl/AbstractRepositoryEventHandler.java,249.0,25.0,94.0,17.0,55.0,46.0,2.0,cziegeler@13f79535-47bb-0310-9956-ffa450edef68,1,0.0020964360587002098,8.0,4.0,0.0,0.0,3921.9999999999995,67519.68917149525,1,4,0.6397464038328301,false
bundles/extensions/event/src/main/java/org/apache/sling/event/impl/DistributingEventHandler.java,171.0,19.0,30.0,9.0,58.0,29.0,7.0,cziegeler@13f79535-47bb-0310-9956-ffa450edef68,1,0.0020964360587002098,10.0,0.0,0.0,0.0,3921.9999999999995,67519.68917149525,1,1,0.6397464038328301,false
bundles/extensions/event/src/main/java/org/apache/sling/event/impl/EventHelper.java,377.0,26.0,43.0,10.0,64.0,52.0,3.0,cziegeler@13f79535-47bb-0310-9956-ffa450edef68,1,0.0020964360587002098,20.0,10.0,0.0,0.0,3921.9999999999995,67519.68917149525,1,2,0.6397464038328301,false
bundles/extensions/event/src/main/java/org/apache/sling/event/impl/EventingThreadPool.java,55.0,11.0,0.0,5.0,15.0,8.0,4.0,cziegeler@13f79535-47bb-0310-9956-ffa450edef68,1,0.0020964360587002098,6.0,0.0,0.0,0.0,3921.9999999999995,67519.68917149525,1,1,0.6397464038328301,false
bundles/extensions/event/src/main/java/org/apache/sling/event/impl/JobEventHandler.java,1464.0,48.0,686.0,41.0,396.0,165.0,2.0,cziegeler@13f79535-47bb-0310-9956-ffa450edef68,1,0.0020964360587002098,18.0,2.0,0.0,2.0,3921.9999999999995,67519.68917149525,1,11,0.6397464038328301,false
bundles/extensions/event/src/main/java/org/apache/sling/event/impl/ThreadPool.java,5.0,0.0,0.0,0.0,0.0,0.0,0.0,cziegeler@13f79535-47bb-0310-9956-ffa450edef68,0,0.0,0.0,0.0,0.0,0.0,0.0,0.0,0,0,0.0,false
bundles/extensions/event/src/main/java/org/apache/sling/event/impl/TimedJobHandler.java,659.0,40.0,83.0,15.0,187.0,65.0,7.0,cziegeler@13f79535-47bb-0310-9956-ffa450edef68,1,0.0020964360587002098,8.0,0.0,0.0,0.0,3921.9999999999995,67519.68917149525,1,1,0.6397464038328301,false
bundles/extensions/event/src/main/java/org/apache/sling/event/impl/job/JobBlockingQueue.java,222.0,7.0,119.0,22.0,27.0,57.0,7.0,cziegeler@13f79535-47bb-0310-9956-ffa450edef68,1,0.0020964360587002098,10.0,0.0,0.0,0.0,3921.9999999999995,67519.68917149525,1,2,0.6397464038328301,false
bundles/extensions/event/src/main/java/org/apache/sling/event/impl/job/JobStatusNotifier.java,26.0,1.0,1.0,2.0,0.0,8.0,0.0,cziegeler@13f79535-47bb-0310-9956-ffa450edef68,0,0.0,0.0,0.0,0.0,0.0,0.0,0.0,0,1,0.0,false
bundles/extensions/event/src/main/java/org/apache/sling/event/impl/job/JobUtil.java,30.0,2.0,0.0,1.0,7.0,5.0,1.0,cziegeler@13f79535-47bb-0310-9956-ffa450edef68,1,0.0020964360587002098,33.0,0.0,0.0,0.0,3921.9999999999995,67519.68917149525,1,1,0.6397464038328301,false
bundles/extensions/event/src/main/java/org/apache/sling/event/impl/job/ParallelInfo.java,74.0,2.0,3.0,3.0,9.0,13.0,0.0,cziegeler@13f79535-47bb-0310-9956-ffa450edef68,0,0.0,0.0,0.0,0.0,0.0,0.0,0.0,0,1,0.0,false
bundles/extensions/event/src/test/java/org/apache/sling/event/EventUtilTest.java,68.0,18.0,4.0,5.0,31.0,7.0,7.0,cziegeler@13f79535-47bb-0310-9956-ffa450edef68,1,0.0020964360587002098,11.0,0.0,0.0,0.0,1649.7894736842106,37550.33333333333,1,1,1.1505720275988207,false
bundles/extensions/event/src/test/java/org/apache/sling/event/impl/AbstractRepositoryEventHandlerTest.java,105.0,21.0,43.0,11.0,45.0,27.0,5.0,cziegeler@13f79535-47bb-0310-9956-ffa450edef68,2,0.0041928721174004195,27.0,13.0,0.0,0.0,5571.78947368421,105070.02250482858,2,1,0.20511766515551955,false
bundles/extensions/event/src/test/java/org/apache/sling/event/impl/Barrier.java,31.0,4.0,3.0,3.0,3.0,6.0,0.0,cziegeler@13f79535-47bb-0310-9956-ffa450edef68,0,0.0,0.0,0.0,0.0,0.0,0.0,0.0,0,1,0.0,false
bundles/extensions/event/src/test/java/org/apache/sling/event/impl/DistributingEventHandlerTest.java,52.0,17.0,8.0,5.0,38.0,11.0,0.0,cziegeler@13f79535-47bb-0310-9956-ffa450edef68,0,0.0,0.0,0.0,0.0,0.0,0.0,0.0,0,1,0.0,false
bundles/extensions/event/src/test/java/org/apache/sling/event/impl/JobEventHandlerTest.java,309.0,19.0,217.0,22.0,121.0,50.0,4.0,cziegeler@13f79535-47bb-0310-9956-ffa450edef68,1,0.0020964360587002098,25.0,0.0,0.0,0.0,3921.9999999999995,67519.68917149525,1,1,0.6397464038328301,false
bundles/extensions/event/src/test/java/org/apache/sling/event/impl/RepositoryTestUtil.java,83.0,14.0,5.0,6.0,8.0,14.0,0.0,cziegeler@13f79535-47bb-0310-9956-ffa450edef68,0,0.0,0.0,0.0,0.0,0.0,0.0,0.0,0,1,0.0,false
bundles/extensions/event/src/test/java/org/apache/sling/event/impl/SimpleEventAdmin.java,34.0,3.0,4.0,4.0,6.0,9.0,0.0,cziegeler@13f79535-47bb-0310-9956-ffa450edef68,0,0.0,0.0,0.0,0.0,0.0,0.0,0.0,0,1,0.0,false
bundles/extensions/event/src/test/java/org/apache/sling/event/impl/SimpleScheduler.java,38.0,5.0,28.0,8.0,9.0,19.0,0.0,cziegeler@13f79535-47bb-0310-9956-ffa450edef68,0,0.0,0.0,0.0,0.0,0.0,0.0,0.0,0,0,0.0,false
bundles/extensions/formauth/src/main/java/org/apache/sling/formauth/AuthenticationFormServlet.java,113.0,7.0,10.0,5.0,24.0,25.0,0.0,fmeschbe@13f79535-47bb-0310-9956-ffa450edef68,0,0.0,0.0,0.0,0.0,0.0,0.0,0.0,0,0,0.0,false
bundles/extensions/formauth/src/main/java/org/apache/sling/formauth/FormAuthenticationHandler.java,546.0,26.0,138.0,20.0,81.0,74.0,2.0,fmeschbe@13f79535-47bb-0310-9956-ffa450edef68,1,0.0020964360587002098,22.0,11.0,0.0,0.0,1649.7894736842106,37550.33333333333,1,1,1.1505720275988207,false
bundles/extensions/formauth/src/main/java/org/apache/sling/formauth/FormLoginModulePlugin.java,70.0,12.0,16.0,9.0,9.0,18.0,0.0,fmeschbe@13f79535-47bb-0310-9956-ffa450edef68,0,0.0,0.0,0.0,0.0,0.0,0.0,0.0,0,0,0.0,false
bundles/extensions/formauth/src/main/java/org/apache/sling/formauth/FormReason.java,0.0,0.0,0.0,0.0,0.0,0.0,0.0,fmeschbe@13f79535-47bb-0310-9956-ffa450edef68,0,0.0,0.0,0.0,0.0,0.0,0.0,0.0,0,0,0.0,false
bundles/extensions/formauth/src/test/java/org/apache/sling/formauth/FormReasonTest.java,16.0,1.0,3.0,3.0,8.0,4.0,0.0,fmeschbe@13f79535-47bb-0310-9956-ffa450edef68,0,0.0,0.0,0.0,0.0,0.0,0.0,0.0,0,0,0.0,false
bundles/extensions/fsresource/src/main/java/org/apache/sling/fsprovider/internal/FileMonitor.java,200.0,9.0,0.0,6.0,28.0,23.0,0.0,fmeschbe@13f79535-47bb-0310-9956-ffa450edef68,0,0.0,0.0,0.0,0.0,0.0,0.0,0.0,0,0,0.0,false
bundles/extensions/fsresource/src/main/java/org/apache/sling/fsprovider/internal/FsResource.java,105.0,12.0,10.0,8.0,15.0,24.0,0.0,fmeschbe@13f79535-47bb-0310-9956-ffa450edef68,0,0.0,0.0,0.0,0.0,0.0,0.0,0.0,0,0,0.0,false
bundles/extensions/fsresource/src/main/java/org/apache/sling/fsprovider/internal/FsResourceProvider.java,189.0,13.0,59.0,15.0,42.0,47.0,1.0,cziegeler@13f79535-47bb-0310-9956-ffa450edef68,1,0.0020964360587002098,22.0,0.0,22.0,0.0,2096.255813953488,70165.96753582924,1,0,3.3886185994552953,false
bundles/extensions/openidauth/src/main/java/org/apache/sling/openidauth/impl/OpenIDAuthenticationHandler.java,338.0,23.0,94.0,16.0,64.0,50.0,0.0,fmeschbe@13f79535-47bb-0310-9956-ffa450edef68,0,0.0,0.0,0.0,0.0,0.0,0.0,0.0,0,0,0.0,false
bundles/extensions/threaddump/src/main/java/org/apache/sling/extensions/threaddump/internal/Activator.java,47.0,8.0,0.0,4.0,8.0,8.0,1.0,cziegeler@13f79535-47bb-0310-9956-ffa450edef68,0,0.0,0.0,0.0,0.0,0.0,0.0,0.0,0,0,0.0,false
bundles/extensions/threaddump/src/main/java/org/apache/sling/extensions/threaddump/internal/ThreadDumperPanel.java,17.0,2.0,1.0,2.0,2.0,3.0,0.0,cziegeler@13f79535-47bb-0310-9956-ffa450edef68,0,0.0,0.0,0.0,0.0,0.0,0.0,0.0,0,0,0.0,false
bundles/jcr/api/src/main/java/org/apache/sling/jcr/api/NamespaceMapper.java,12.0,2.0,0.0,1.0,0.0,2.0,0.0,justin@13f79535-47bb-0310-9956-ffa450edef68,0,0.0,0.0,0.0,0.0,0.0,0.0,0.0,0,1,0.0,true
bundles/jcr/api/src/main/java/org/apache/sling/jcr/api/SlingRepository.java,15.0,3.0,1.0,2.0,0.0,6.0,0.0,fmeschbe@13f79535-47bb-0310-9956-ffa450edef68,0,0.0,0.0,0.0,0.0,0.0,0.0,0.0,0,3,0.0,true
bundles/jcr/base/src/main/java/org/apache/sling/jcr/base/AbstractSlingRepository.java,617.0,22.0,390.0,45.0,128.0,139.0,0.0,null,0,0.0,0.0,0.0,0.0,0.0,0.0,0.0,0,4,0.0,true
bundles/jcr/base/src/main/java/org/apache/sling/jcr/base/NodeTypeLoader.java,80.0,12.0,4.0,4.0,18.0,21.0,3.0,fmeschbe@13f79535-47bb-0310-9956-ffa450edef68,1,0.0020964360587002098,25.0,0.0,25.0,0.0,193.77777777777777,239.85099038951364,1,1,2.9031107836735943,false
bundles/jcr/base/src/main/java/org/apache/sling/jcr/base/SessionProxyHandler.java,88.0,8.0,6.0,5.0,14.0,11.0,0.0,cziegeler@13f79535-47bb-0310-9956-ffa450edef68,0,0.0,0.0,0.0,0.0,0.0,0.0,0.0,0,3,0.0,false
bundles/jcr/base/src/main/java/org/apache/sling/jcr/base/internal/loader/Loader.java,227.0,20.0,38.0,12.0,74.0,42.0,2.0,justin@13f79535-47bb-0310-9956-ffa450edef68,0,0.0,0.0,0.0,0.0,0.0,0.0,0.0,0,1,0.0,true
bundles/jcr/base/src/main/java/org/apache/sling/jcr/base/util/AccessControlUtil.java,396.0,27.0,134.0,17.0,74.0,85.0,5.0,enorman@13f79535-47bb-0310-9956-ffa450edef68,2,0.0041928721174004195,25.0,12.0,0.0,12.0,2312.655813953488,70475.3847587162,2,1,3.0420450091753226,false
bundles/jcr/base/src/test/java/org/apache/sling/jcr/base/NodeTypeLoaderTest.java,8.0,4.0,0.0,1.0,3.0,1.0,3.0,bdelacretaz@13f79535-47bb-0310-9956-ffa450edef68,1,0.0020964360587002098,100.0,0.0,100.0,0.0,193.77777777777777,239.85099038951364,1,0,2.9031107836735943,false
bundles/jcr/classloader/src/main/java/org/apache/sling/jcr/classloader/internal/ClassPathEntry.java,113.0,10.0,0.0,7.0,13.0,22.0,0.0,cziegeler@13f79535-47bb-0310-9956-ffa450edef68,0,0.0,0.0,0.0,0.0,0.0,0.0,0.0,0,0,0.0,false
bundles/jcr/classloader/src/main/java/org/apache/sling/jcr/classloader/internal/DynamicClassLoaderProviderImpl.java,368.0,20.0,83.0,15.0,57.0,52.0,1.0,cziegeler@13f79535-47bb-0310-9956-ffa450edef68,1,0.0020964360587002098,11.0,0.0,11.0,11.0,3921.9999999999995,67519.68917149525,1,3,0.6397464038328301,false
bundles/jcr/classloader/src/main/java/org/apache/sling/jcr/classloader/internal/DynamicRepositoryClassLoader.java,464.0,25.0,0.0,22.0,100.0,100.0,0.0,cziegeler@13f79535-47bb-0310-9956-ffa450edef68,0,0.0,0.0,0.0,0.0,0.0,0.0,0.0,0,0,0.0,false
bundles/jcr/classloader/src/main/java/org/apache/sling/jcr/classloader/internal/RepositoryClassLoaderFacade.java,62.0,7.0,9.0,6.0,13.0,19.0,0.0,cziegeler@13f79535-47bb-0310-9956-ffa450edef68,0,0.0,0.0,0.0,0.0,0.0,0.0,0.0,0,0,0.0,false
bundles/jcr/classloader/src/main/java/org/apache/sling/jcr/classloader/internal/net/FileParts.java,195.0,4.0,73.0,14.0,35.0,53.0,0.0,cziegeler@13f79535-47bb-0310-9956-ffa450edef68,0,0.0,0.0,0.0,0.0,0.0,0.0,0.0,0,0,0.0,false
bundles/jcr/classloader/src/main/java/org/apache/sling/jcr/classloader/internal/net/URLFactory.java,29.0,3.0,1.0,2.0,1.0,5.0,0.0,cziegeler@13f79535-47bb-0310-9956-ffa450edef68,0,0.0,0.0,0.0,0.0,0.0,0.0,0.0,0,0,0.0,false
bundles/jcr/contentloader/src/main/java/org/apache/sling/jcr/contentloader/internal/ContentCreator.java,91.0,3.0,55.0,11.0,0.0,28.0,10.0,ieb@13f79535-47bb-0310-9956-ffa450edef68,1,0.0020964360587002098,17.0,17.0,0.0,0.0,216.39999999999998,309.41722288696207,1,0,4.081765780015241,false
bundles/jcr/contentloader/src/main/java/org/apache/sling/jcr/contentloader/internal/ContentLoaderService.java,308.0,24.0,32.0,12.0,84.0,46.0,2.0,null,2,0.0041928721174004195,12.0,8.0,0.0,0.0,5571.78947368421,105070.02250482858,2,0,0.34378265138201103,false
bundles/jcr/contentloader/src/main/java/org/apache/sling/jcr/contentloader/internal/DefaultContentCreator.java,642.0,32.0,320.0,32.0,194.0,136.0,4.0,null,2,0.0041928721174004195,15.0,4.0,0.0,0.0,1866.1894736842105,37859.75055622029,2,1,1.9230217232470852,false
bundles/jcr/contentloader/src/main/java/org/apache/sling/jcr/contentloader/internal/Loader.java,545.0,28.0,0.0,18.0,176.0,95.0,2.0,olli@13f79535-47bb-0310-9956-ffa450edef68,2,0.0041928721174004195,11.0,5.0,0.0,3.0,5571.78947368421,105070.02250482858,2,0,0.4605304770385148,false
bundles/jcr/contentloader/src/main/java/org/apache/sling/jcr/contentloader/internal/readers/JsonReader.java,278.0,17.0,64.0,12.0,69.0,55.0,10.0,ieb@13f79535-47bb-0310-9956-ffa450edef68,1,0.0020964360587002098,7.0,7.0,0.0,0.0,216.39999999999998,309.41722288696207,1,0,4.081765780015241,false
bundles/jcr/contentloader/src/test/java/org/apache/sling/jcr/contentloader/internal/JsonReaderTest.java,314.0,15.0,0.0,23.0,130.0,48.0,10.0,null,1,0.0020964360587002098,17.0,17.0,0.0,0.0,216.39999999999998,309.41722288696207,1,0,4.081765780015241,false
bundles/jcr/contentloader/src/test/java/org/apache/sling/jcr/contentloader/internal/readers/XmlReaderTest.java,96.0,13.0,0.0,4.0,20.0,12.0,10.0,null,1,0.0020964360587002098,11.0,11.0,0.0,0.0,216.39999999999998,309.41722288696207,1,0,4.081765780015241,false
bundles/jcr/davex/src/main/java/org/apache/sling/jcr/davex/impl/servlets/SlingDavExServlet.java,9.0,8.0,0.0,1.0,0.0,2.0,0.0,fmeschbe@13f79535-47bb-0310-9956-ffa450edef68,0,0.0,0.0,0.0,0.0,0.0,0.0,0.0,0,0,0.0,false
bundles/jcr/jackrabbit-accessmanager/src/main/java/org/apache/sling/jcr/jackrabbit/accessmanager/PrivilegesInfo.java,436.0,18.0,276.0,24.0,108.0,114.0,0.0,fmeschbe@13f79535-47bb-0310-9956-ffa450edef68,0,0.0,0.0,0.0,0.0,0.0,0.0,0.0,0,1,0.0,false
bundles/jcr/jackrabbit-accessmanager/src/main/java/org/apache/sling/jcr/jackrabbit/accessmanager/post/AbstractAccessPostServlet.java,179.0,23.0,15.0,7.0,66.0,35.0,0.0,fmeschbe@13f79535-47bb-0310-9956-ffa450edef68,0,0.0,0.0,0.0,0.0,0.0,0.0,0.0,0,0,0.0,false
bundles/jcr/jackrabbit-accessmanager/src/main/java/org/apache/sling/jcr/jackrabbit/accessmanager/post/DeleteAcesServlet.java,59.0,18.0,0.0,1.0,17.0,6.0,0.0,enorman@13f79535-47bb-0310-9956-ffa450edef68,0,0.0,0.0,0.0,0.0,0.0,0.0,0.0,0,0,0.0,false
bundles/jcr/jackrabbit-accessmanager/src/main/java/org/apache/sling/jcr/jackrabbit/accessmanager/post/GetAclServlet.java,113.0,30.0,1.0,2.0,26.0,12.0,6.0,enorman@13f79535-47bb-0310-9956-ffa450edef68,2,0.0041928721174004195,13.0,13.0,7.0,0.0,2312.655813953488,70475.3847587162,2,0,3.0420450091753226,false
bundles/jcr/jackrabbit-accessmanager/src/main/java/org/apache/sling/jcr/jackrabbit/accessmanager/post/ModifyAceServlet.java,72.0,15.0,0.0,1.0,20.0,7.0,10.0,enorman@13f79535-47bb-0310-9956-ffa450edef68,1,0.0020964360587002098,7.0,7.0,0.0,0.0,216.39999999999998,309.41722288696207,1,1,4.081765780015241,false
bundles/jcr/jackrabbit-server/src/main/java/org/apache/sling/jcr/jackrabbit/server/TestContentLoader.java,6.0,2.0,0.0,1.0,0.0,2.0,0.0,justin@13f79535-47bb-0310-9956-ffa450edef68,0,0.0,0.0,0.0,0.0,0.0,0.0,0.0,0,0,0.0,false
bundles/jcr/jackrabbit-server/src/main/java/org/apache/sling/jcr/jackrabbit/server/impl/AccessManagerFactoryTracker.java,58.0,9.0,0.0,7.0,13.0,13.0,1.0,fmeschbe@13f79535-47bb-0310-9956-ffa450edef68,1,0.0020964360587002098,33.0,0.0,0.0,0.0,284.7692307692308,260.115559616271,1,1,3.0701648683367604,false
bundles/jcr/jackrabbit-server/src/main/java/org/apache/sling/jcr/jackrabbit/server/impl/Activator.java,190.0,20.0,0.0,11.0,49.0,44.0,1.0,fmeschbe@13f79535-47bb-0310-9956-ffa450edef68,0,0.0,0.0,0.0,0.0,0.0,0.0,0.0,0,1,0.0,false
bundles/jcr/jackrabbit-server/src/main/java/org/apache/sling/jcr/jackrabbit/server/impl/RmiRegistrationSupport.java,160.0,12.0,9.0,6.0,12.0,20.0,1.0,fmeschbe@13f79535-47bb-0310-9956-ffa450edef68,1,0.0020964360587002098,20.0,0.0,0.0,0.0,284.7692307692308,260.115559616271,1,0,3.0701648683367604,false
bundles/jcr/jackrabbit-server/src/main/java/org/apache/sling/jcr/jackrabbit/server/impl/SlingServerRepository.java,137.0,21.0,10.0,5.0,24.0,20.0,0.0,fmeschbe@13f79535-47bb-0310-9956-ffa450edef68,0,0.0,0.0,0.0,0.0,0.0,0.0,0.0,0,2,0.0,false
bundles/jcr/jackrabbit-server/src/main/java/org/apache/sling/jcr/jackrabbit/server/impl/TestContentLoaderImpl.java,172.0,21.0,53.0,11.0,66.0,29.0,0.0,cziegeler@13f79535-47bb-0310-9956-ffa450edef68,0,0.0,0.0,0.0,0.0,0.0,0.0,0.0,0,0,0.0,false
bundles/jcr/jackrabbit-server/src/main/java/org/apache/sling/jcr/jackrabbit/server/impl/security/PluggableDefaultAccessManager.java,107.0,20.0,38.0,13.0,29.0,40.0,3.0,cziegeler@13f79535-47bb-0310-9956-ffa450edef68,1,0.0020964360587002098,12.0,0.0,0.0,12.0,3921.9999999999995,67519.68917149525,1,1,0.6397464038328301,false
bundles/jcr/jackrabbit-server/src/main/java/org/apache/sling/jcr/jackrabbit/server/impl/security/PluggableDefaultLoginModule.java,120.0,21.0,19.0,7.0,19.0,25.0,3.0,ieb@13f79535-47bb-0310-9956-ffa450edef68,1,0.0020964360587002098,14.0,0.0,0.0,14.0,3921.9999999999995,67519.68917149525,1,1,0.6397464038328301,false
bundles/jcr/jackrabbit-server/src/main/java/org/apache/sling/jcr/jackrabbit/server/impl/security/TrustedCredentials.java,44.0,4.0,17.0,7.0,1.0,16.0,3.0,cziegeler@13f79535-47bb-0310-9956-ffa450edef68,1,0.0020964360587002098,20.0,0.0,0.0,20.0,3921.9999999999995,67519.68917149525,1,1,0.6397464038328301,false
bundles/jcr/jackrabbit-usermanager/src/main/java/org/apache/sling/jackrabbit/usermanager/AuthorizablePrivilegesInfo.java,35.0,1.0,10.0,5.0,0.0,15.0,0.0,justin@13f79535-47bb-0310-9956-ffa450edef68,0,0.0,0.0,0.0,0.0,0.0,0.0,0.0,0,0,0.0,false
bundles/jcr/jackrabbit-usermanager/src/main/java/org/apache/sling/jackrabbit/usermanager/impl/AuthorizablePrivilegesInfoImpl.java,190.0,16.0,0.0,7.0,35.0,25.0,0.0,enorman@13f79535-47bb-0310-9956-ffa450edef68,0,0.0,0.0,0.0,0.0,0.0,0.0,0.0,0,0,0.0,false
bundles/jcr/jackrabbit-usermanager/src/main/java/org/apache/sling/jackrabbit/usermanager/impl/resource/AuthorizableResource.java,59.0,10.0,14.0,8.0,7.0,22.0,0.0,fmeschbe@13f79535-47bb-0310-9956-ffa450edef68,0,0.0,0.0,0.0,0.0,0.0,0.0,0.0,0,0,0.0,false
bundles/jcr/jackrabbit-usermanager/src/main/java/org/apache/sling/jackrabbit/usermanager/impl/resource/AuthorizableResourceProvider.java,143.0,19.0,1.0,3.0,18.0,15.0,0.0,fmeschbe@13f79535-47bb-0310-9956-ffa450edef68,0,0.0,0.0,0.0,0.0,0.0,0.0,0.0,0,0,0.0,false
bundles/jcr/jackrabbit-usermanager/src/main/java/org/apache/sling/jackrabbit/usermanager/impl/resource/AuthorizableValueMap.java,231.0,19.0,157.0,23.0,53.0,67.0,2.0,fmeschbe@13f79535-47bb-0310-9956-ffa450edef68,1,0.0020964360587002098,20.0,20.0,0.0,0.0,1649.7894736842106,37550.33333333333,1,0,1.1505720275988207,false
bundles/jcr/resource/src/main/java/org/apache/sling/jcr/resource/JcrResourceConstants.java,22.0,1.0,0.0,0.0,0.0,0.0,7.0,cziegeler@13f79535-47bb-0310-9956-ffa450edef68,2,0.0041928721174004195,38.0,12.0,0.0,0.0,5571.78947368421,105070.02250482858,2,0,0.34378265138201103,false
bundles/jcr/resource/src/main/java/org/apache/sling/jcr/resource/JcrResourceResolverFactory.java,11.0,2.0,0.0,1.0,0.0,3.0,0.0,fmeschbe@13f79535-47bb-0310-9956-ffa450edef68,0,0.0,0.0,0.0,0.0,0.0,0.0,0.0,0,0,0.0,false
bundles/jcr/resource/src/main/java/org/apache/sling/jcr/resource/internal/JcrResourceListener.java,158.0,23.0,0.0,5.0,38.0,20.0,6.0,cziegeler@13f79535-47bb-0310-9956-ffa450edef68,2,0.0041928721174004195,11.0,3.0,3.0,3.0,5571.78947368421,105070.02250482858,2,1,0.20201203515588018,false
bundles/jcr/resource/src/main/java/org/apache/sling/jcr/resource/internal/JcrResourceResolver.java,633.0,36.0,208.0,28.0,192.0,116.0,3.0,null,2,0.0041928721174004195,27.0,2.0,6.0,0.0,5571.78947368421,105070.02250482858,2,2,0.24873865557006725,false
bundles/jcr/resource/src/main/java/org/apache/sling/jcr/resource/internal/JcrResourceResolverFactoryImpl.java,416.0,34.0,357.0,30.0,69.0,83.0,4.0,cziegeler@13f79535-47bb-0310-9956-ffa450edef68,3,0.006289308176100629,26.0,3.0,5.0,3.0,5856.55870445344,105330.13806444485,3,2,0.14377010746058017,false
bundles/jcr/resource/src/main/java/org/apache/sling/jcr/resource/internal/JcrResourceResolverWebConsolePlugin.java,204.0,23.0,52.0,12.0,59.0,28.0,0.0,fmeschbe@13f79535-47bb-0310-9956-ffa450edef68,0,0.0,0.0,0.0,0.0,0.0,0.0,0.0,0,2,0.0,false
bundles/jcr/resource/src/main/java/org/apache/sling/jcr/resource/internal/ResourceDecoratorTracker.java,96.0,9.0,0.0,6.0,15.0,16.0,12.0,cziegeler@13f79535-47bb-0310-9956-ffa450edef68,1,0.0020964360587002098,17.0,0.0,0.0,0.0,1649.7894736842106,37550.33333333333,1,0,1.1505720275988207,false
bundles/jcr/resource/src/main/java/org/apache/sling/jcr/resource/internal/ResourceIteratorDecorator.java,22.0,2.0,0.0,4.0,4.0,6.0,12.0,cziegeler@13f79535-47bb-0310-9956-ffa450edef68,1,0.0020964360587002098,25.0,0.0,0.0,0.0,1649.7894736842106,37550.33333333333,1,0,1.1505720275988207,false
bundles/jcr/resource/src/main/java/org/apache/sling/jcr/resource/internal/WorkspaceDecoratedResource.java,16.0,2.0,0.0,2.0,0.0,4.0,6.0,cziegeler@13f79535-47bb-0310-9956-ffa450edef68,2,0.0041928721174004195,67.0,0.0,0.0,33.0,5571.78947368421,105070.02250482858,2,0,0.20201203515588018,false
bundles/jcr/resource/src/main/java/org/apache/sling/jcr/resource/internal/helper/ResourceProviderEntry.java,429.0,20.0,191.0,26.0,100.0,98.0,12.0,fmeschbe@13f79535-47bb-0310-9956-ffa450edef68,1,0.0020964360587002098,14.0,0.0,0.0,0.0,1649.7894736842106,37550.33333333333,1,0,1.1505720275988207,false
bundles/jcr/resource/src/main/java/org/apache/sling/jcr/resource/internal/helper/RootResourceProviderEntry.java,70.0,12.0,0.0,4.0,28.0,12.0,0.0,cziegeler@13f79535-47bb-0310-9956-ffa450edef68,0,0.0,0.0,0.0,0.0,0.0,0.0,0.0,0,0,0.0,false
bundles/jcr/resource/src/main/java/org/apache/sling/jcr/resource/internal/helper/jcr/JcrItemResource.java,37.0,8.0,9.0,6.0,8.0,13.0,0.0,cziegeler@13f79535-47bb-0310-9956-ffa450edef68,0,0.0,0.0,0.0,0.0,0.0,0.0,0.0,0,1,0.0,false
bundles/jcr/resource/src/main/java/org/apache/sling/jcr/resource/internal/helper/jcr/JcrNodeResource.java,166.0,30.0,0.0,10.0,57.0,38.0,1.0,cziegeler@13f79535-47bb-0310-9956-ffa450edef68,1,0.0020964360587002098,2.0,0.0,0.0,0.0,3921.9999999999995,67519.68917149525,1,1,0.6397464038328301,false
bundles/jcr/resource/src/main/java/org/apache/sling/jcr/resource/internal/helper/jcr/JcrNodeResourceIterator.java,62.0,7.0,2.0,5.0,7.0,14.0,0.0,cziegeler@13f79535-47bb-0310-9956-ffa450edef68,0,0.0,0.0,0.0,0.0,0.0,0.0,0.0,0,0,0.0,true
bundles/jcr/resource/src/main/java/org/apache/sling/jcr/resource/internal/helper/jcr/JcrPropertyResource.java,141.0,14.0,22.0,8.0,31.0,22.0,0.0,cziegeler@13f79535-47bb-0310-9956-ffa450edef68,0,0.0,0.0,0.0,0.0,0.0,0.0,0.0,0,1,0.0,false
bundles/jcr/resource/src/main/java/org/apache/sling/jcr/resource/internal/helper/jcr/JcrResourceProvider.java,80.0,13.0,22.0,8.0,15.0,27.0,2.0,cziegeler@13f79535-47bb-0310-9956-ffa450edef68,1,0.0020964360587002098,11.0,0.0,8.0,0.0,1649.7894736842106,37550.33333333333,1,0,1.1505720275988207,false
bundles/jcr/resource/src/main/java/org/apache/sling/jcr/resource/internal/helper/jcr/JcrResourceProviderEntry.java,76.0,6.0,0.0,9.0,9.0,20.0,6.0,cziegeler@13f79535-47bb-0310-9956-ffa450edef68,1,0.0020964360587002098,12.0,0.0,0.0,0.0,1649.7894736842106,37550.33333333333,1,1,1.1505720275988207,false
bundles/jcr/resource/src/main/java/org/apache/sling/jcr/resource/internal/helper/starresource/StarResource.java,60.0,6.0,7.0,6.0,13.0,20.0,0.0,cziegeler@13f79535-47bb-0310-9956-ffa450edef68,0,0.0,0.0,0.0,0.0,0.0,0.0,0.0,0,1,0.0,false
bundles/jcr/resource/src/main/java/org/apache/sling/jcr/resource/internal/scripting/JcrObjectsBindingsValuesProvider.java,29.0,5.0,0.0,1.0,4.0,2.0,0.0,cziegeler@13f79535-47bb-0310-9956-ffa450edef68,0,0.0,0.0,0.0,0.0,0.0,0.0,0.0,0,0,0.0,false
bundles/jcr/resource/src/test/java/org/apache/sling/jcr/resource/internal/JcrResourceListenerTest.java,95.0,14.0,27.0,10.0,46.0,25.0,5.0,cziegeler@13f79535-47bb-0310-9956-ffa450edef68,2,0.0041928721174004195,18.0,0.0,9.0,0.0,5571.78947368421,105070.02250482858,2,0,0.20201203515588018,false
bundles/jcr/resource/src/test/java/org/apache/sling/jcr/resource/internal/JcrResourceResolverTest.java,1113.0,28.0,0.0,47.0,411.0,101.0,5.0,null,2,0.0041928721174004195,21.0,4.0,7.0,0.0,5571.78947368421,105070.02250482858,2,1,0.6148732147715177,false
bundles/jcr/resource/src/test/java/org/apache/sling/jcr/resource/internal/SynchronousJcrResourceListener.java,8.0,5.0,0.0,1.0,0.0,2.0,7.0,cziegeler@13f79535-47bb-0310-9956-ffa450edef68,2,0.0041928721174004195,33.0,0.0,17.0,0.0,5571.78947368421,105070.02250482858,2,0,0.20201203515588018,false
bundles/jcr/resource/src/test/java/org/apache/sling/jcr/resource/internal/helper/JcrNodeResourceIteratorTest.java,53.0,9.0,3.0,3.0,24.0,9.0,0.0,cziegeler@13f79535-47bb-0310-9956-ffa450edef68,0,0.0,0.0,0.0,0.0,0.0,0.0,0.0,0,0,0.0,true
bundles/jcr/resource/src/test/java/org/apache/sling/jcr/resource/internal/helper/ResourceProviderEntryTest.java,188.0,9.0,6.0,9.0,22.0,14.0,5.0,fmeschbe@13f79535-47bb-0310-9956-ffa450edef68,1,0.0020964360587002098,10.0,10.0,0.0,0.0,1649.7894736842106,37550.33333333333,1,1,1.1505720275988207,false
bundles/jcr/resource/src/test/java/org/apache/sling/jcr/resource/internal/helper/jcr/JcrNodeResourceTest.java,137.0,12.0,36.0,9.0,78.0,18.0,0.0,cziegeler@13f79535-47bb-0310-9956-ffa450edef68,0,0.0,0.0,0.0,0.0,0.0,0.0,0.0,0,2,0.0,false
bundles/jcr/resource/src/test/java/org/apache/sling/jcr/resource/internal/helper/jcr/MockResourceResolver.java,53.0,9.0,89.0,14.0,4.0,28.0,5.0,cziegeler@13f79535-47bb-0310-9956-ffa450edef68,1,0.0020964360587002098,6.0,6.0,0.0,0.0,1649.7894736842106,37550.33333333333,1,1,1.1505720275988207,false
bundles/jcr/webconsole/src/main/java/org/apache/sling/jcr/webconsole/internal/NamespaceConfigurationPrinter.java,52.0,8.0,1.0,2.0,13.0,7.0,0.0,cziegeler@13f79535-47bb-0310-9956-ffa450edef68,0,0.0,0.0,0.0,0.0,0.0,0.0,0.0,0,0,0.0,false
bundles/jcr/webdav/src/main/java/org/apache/sling/jcr/webdav/impl/helper/SlingResourceConfig.java,67.0,19.0,16.0,8.0,11.0,17.0,0.0,fmeschbe@13f79535-47bb-0310-9956-ffa450edef68,0,0.0,0.0,0.0,0.0,0.0,0.0,0.0,0,0,0.0,false
bundles/jcr/webdav/src/main/java/org/apache/sling/jcr/webdav/impl/helper/SlingTikaDetector.java,44.0,7.0,0.0,2.0,9.0,6.0,0.0,justin@13f79535-47bb-0310-9956-ffa450edef68,0,0.0,0.0,0.0,0.0,0.0,0.0,0.0,0,0,0.0,false
bundles/scripting/core/src/main/java/org/apache/sling/scripting/core/ScriptHelper.java,197.0,22.0,73.0,15.0,32.0,40.0,2.0,cziegeler@13f79535-47bb-0310-9956-ffa450edef68,2,0.0041928721174004195,50.0,12.0,0.0,0.0,5571.78947368421,105070.02250482858,2,0,0.20511766515551955,false
bundles/scripting/core/src/main/java/org/apache/sling/scripting/core/impl/DefaultSlingScript.java,533.0,51.0,267.0,27.0,88.0,84.0,2.0,cziegeler@13f79535-47bb-0310-9956-ffa450edef68,1,0.0020964360587002098,12.0,0.0,0.0,0.0,3921.9999999999995,67519.68917149525,1,2,0.6397464038328301,false
bundles/scripting/core/src/main/java/org/apache/sling/scripting/core/impl/InternalScriptHelper.java,20.0,5.0,0.0,3.0,1.0,4.0,2.0,cziegeler@13f79535-47bb-0310-9956-ffa450edef68,1,0.0020964360587002098,100.0,0.0,0.0,0.0,3921.9999999999995,67519.68917149525,1,0,0.6397464038328301,false
bundles/scripting/core/src/main/java/org/apache/sling/scripting/core/impl/ScriptEngineConsolePlugin.java,79.0,11.0,18.0,8.0,28.0,17.0,9.0,cziegeler@13f79535-47bb-0310-9956-ffa450edef68,1,0.0020964360587002098,20.0,0.0,0.0,0.0,1649.7894736842106,37550.33333333333,1,0,1.1505720275988207,false
bundles/scripting/core/src/main/java/org/apache/sling/scripting/core/impl/ServiceCache.java,76.0,8.0,0.0,4.0,13.0,12.0,2.0,fmeschbe@13f79535-47bb-0310-9956-ffa450edef68,1,0.0020964360587002098,50.0,0.0,0.0,0.0,3921.9999999999995,67519.68917149525,1,0,0.6397464038328301,false
bundles/scripting/core/src/main/java/org/apache/sling/scripting/core/impl/SlingScriptAdapterFactory.java,309.0,41.0,57.0,15.0,98.0,50.0,5.0,justin@13f79535-47bb-0310-9956-ffa450edef68,2,0.0041928721174004195,15.0,5.0,0.0,0.0,5571.78947368421,105070.02250482858,2,0,0.34378265138201103,false
bundles/scripting/core/src/main/java/org/apache/sling/scripting/core/impl/helper/ProtectedBindings.java,95.0,6.0,0.0,13.0,22.0,35.0,0.0,cziegeler@13f79535-47bb-0310-9956-ffa450edef68,0,0.0,0.0,0.0,0.0,0.0,0.0,0.0,0,2,0.0,false
bundles/scripting/core/src/main/java/org/apache/sling/scripting/core/impl/helper/SlingScriptEngineManager.java,28.0,4.0,4.0,4.0,8.0,6.0,0.0,fmeschbe@13f79535-47bb-0310-9956-ffa450edef68,0,0.0,0.0,0.0,0.0,0.0,0.0,0.0,0,0,0.0,false
bundles/scripting/javascript/src/main/java/org/apache/sling/scripting/javascript/internal/RhinoJavaScriptEngine.java,90.0,21.0,0.0,4.0,43.0,16.0,2.0,fmeschbe@13f79535-47bb-0310-9956-ffa450edef68,1,0.0020964360587002098,14.0,0.0,0.0,0.0,3921.9999999999995,67519.68917149525,1,0,0.6397464038328301,false
bundles/scripting/javascript/src/main/java/org/apache/sling/scripting/javascript/wrapper/ScriptableItemMap.java,65.0,11.0,16.0,9.0,22.0,24.0,0.0,fmeschbe@13f79535-47bb-0310-9956-ffa450edef68,0,0.0,0.0,0.0,0.0,0.0,0.0,0.0,0,0,0.0,false
bundles/scripting/javascript/src/main/java/org/apache/sling/scripting/javascript/wrapper/ScriptableResource.java,159.0,9.0,144.0,24.0,28.0,53.0,0.0,fmeschbe@13f79535-47bb-0310-9956-ffa450edef68,0,0.0,0.0,0.0,0.0,0.0,0.0,0.0,0,0,0.0,false
bundles/scripting/javascript/src/test/java/org/apache/sling/scripting/javascript/internal/RhinoJavaScriptEngineTest.java,30.0,7.0,0.0,1.0,6.0,3.0,2.0,fmeschbe@13f79535-47bb-0310-9956-ffa450edef68,1,0.0020964360587002098,50.0,0.0,0.0,0.0,3921.9999999999995,67519.68917149525,1,0,0.6397464038328301,false
bundles/scripting/jsp-taglib/src/main/java/org/apache/sling/scripting/jsp/taglib/EvalTagHandler.java,113.0,16.0,0.0,7.0,21.0,16.0,3.0,cziegeler@13f79535-47bb-0310-9956-ffa450edef68,1,0.0020964360587002098,100.0,100.0,50.0,0.0,3921.9999999999995,67519.68917149525,1,0,0.6397464038328301,false
bundles/scripting/jsp-taglib/src/main/java/org/apache/sling/scripting/jsp/taglib/ForwardTagHandler.java,14.0,6.0,0.0,1.0,1.0,4.0,6.0,fmeschbe@13f79535-47bb-0310-9956-ffa450edef68,1,0.0020964360587002098,50.0,50.0,0.0,0.0,3921.9999999999995,67519.68917149525,1,0,0.6397464038328301,false
bundles/scripting/jsp-taglib/src/main/java/org/apache/sling/scripting/jsp/taglib/IncludeTagHandler.java,23.0,7.0,0.0,3.0,3.0,6.0,6.0,dklco@13f79535-47bb-0310-9956-ffa450edef68,1,0.0020964360587002098,14.0,14.0,0.0,0.0,3921.9999999999995,67519.68917149525,1,0,0.6397464038328301,false
bundles/scripting/jsp/src/main/java/org/apache/juli/logging/LogFactory.java,18.0,0.0,1.0,2.0,2.0,8.0,0.0,fmeschbe@13f79535-47bb-0310-9956-ffa450edef68,0,0.0,0.0,0.0,0.0,0.0,0.0,0.0,0,0,0.0,false
bundles/scripting/jsp/src/main/java/org/apache/sling/scripting/jsp/JspScriptEngineFactory.java,242.0,40.0,46.0,13.0,43.0,29.0,2.0,cziegeler@13f79535-47bb-0310-9956-ffa450edef68,1,0.0020964360587002098,5.0,0.0,2.0,0.0,3921.9999999999995,67519.68917149525,1,2,0.6397464038328301,true
bundles/scripting/jsp/src/main/java/org/apache/sling/scripting/jsp/JspServletOptions.java,458.0,13.0,381.0,30.0,17.0,73.0,3.0,cziegeler@13f79535-47bb-0310-9956-ffa450edef68,1,0.0020964360587002098,7.0,0.0,7.0,0.0,3921.9999999999995,67519.68917149525,1,1,0.6397464038328301,false
bundles/scripting/jsp/src/main/java/org/apache/sling/scripting/jsp/SlingTldLocationsCache.java,116.0,15.0,8.0,8.0,36.0,26.0,0.0,cziegeler@13f79535-47bb-0310-9956-ffa450edef68,0,0.0,0.0,0.0,0.0,0.0,0.0,0.0,0,0,0.0,true
bundles/scripting/jsp/src/main/java/org/apache/sling/scripting/jsp/jasper/EmbeddedServletOptions.java,491.0,12.0,377.0,30.0,21.0,73.0,0.0,fmeschbe@13f79535-47bb-0310-9956-ffa450edef68,0,0.0,0.0,0.0,0.0,0.0,0.0,0.0,0,1,0.0,false
bundles/scripting/jsp/src/main/java/org/apache/sling/scripting/jsp/jasper/JspCompilationContext.java,552.0,19.0,1330.0,57.0,112.0,161.0,0.0,cziegeler@13f79535-47bb-0310-9956-ffa450edef68,0,0.0,0.0,0.0,0.0,0.0,0.0,0.0,0,2,0.0,true
bundles/scripting/jsp/src/main/java/org/apache/sling/scripting/jsp/jasper/Options.java,110.0,3.0,300.0,25.0,0.0,41.0,9.0,fmeschbe@13f79535-47bb-0310-9956-ffa450edef68,0,0.0,0.0,0.0,0.0,0.0,0.0,0.0,0,1,0.0,false
bundles/scripting/jsp/src/main/java/org/apache/sling/scripting/jsp/jasper/compiler/Compiler.java,318.0,13.0,39.0,14.0,86.0,41.0,0.0,cziegeler@13f79535-47bb-0310-9956-ffa450edef68,0,0.0,0.0,0.0,0.0,0.0,0.0,0.0,0,2,0.0,false
bundles/scripting/jsp/src/main/java/org/apache/sling/scripting/jsp/jasper/compiler/JavacErrorDetail.java,142.0,7.0,9.0,10.0,19.0,26.0,3.0,fmeschbe@13f79535-47bb-0310-9956-ffa450edef68,1,0.0020964360587002098,50.0,0.0,50.0,0.0,3921.9999999999995,67519.68917149525,1,0,0.6397464038328301,false
bundles/scripting/jsp/src/main/java/org/apache/sling/scripting/jsp/jasper/compiler/JspDocumentParser.java,668.0,23.0,226.0,29.0,130.0,107.0,0.0,fmeschbe@13f79535-47bb-0310-9956-ffa450edef68,0,0.0,0.0,0.0,0.0,0.0,0.0,0.0,0,1,0.0,false
bundles/scripting/jsp/src/main/java/org/apache/sling/scripting/jsp/jasper/compiler/JspRuntimeContext.java,310.0,25.0,140.0,21.0,58.0,54.0,0.0,cziegeler@13f79535-47bb-0310-9956-ffa450edef68,0,0.0,0.0,0.0,0.0,0.0,0.0,0.0,0,3,0.0,false
bundles/scripting/jsp/src/main/java/org/apache/sling/scripting/jsp/jasper/compiler/JspUtil.java,828.0,16.0,982.0,45.0,163.0,197.0,0.0,fmeschbe@13f79535-47bb-0310-9956-ffa450edef68,0,0.0,0.0,0.0,0.0,0.0,0.0,0.0,0,1,0.0,false
bundles/scripting/jsp/src/main/java/org/apache/sling/scripting/jsp/jasper/compiler/Parser.java,1257.0,14.0,0.0,57.0,369.0,227.0,0.0,fmeschbe@13f79535-47bb-0310-9956-ffa450edef68,0,0.0,0.0,0.0,0.0,0.0,0.0,0.0,0,1,0.0,false
bundles/scripting/jsp/src/main/java/org/apache/sling/scripting/jsp/jasper/compiler/ServletWriter.java,114.0,2.0,0.0,15.0,21.0,27.0,0.0,fmeschbe@13f79535-47bb-0310-9956-ffa450edef68,0,0.0,0.0,0.0,0.0,0.0,0.0,0.0,0,1,0.0,false
bundles/scripting/jsp/src/main/java/org/apache/sling/scripting/jsp/jasper/servlet/JspServlet.java,181.0,16.0,0.0,8.0,45.0,30.0,0.0,fmeschbe@13f79535-47bb-0310-9956-ffa450edef68,0,0.0,0.0,0.0,0.0,0.0,0.0,0.0,0,1,0.0,false
bundles/scripting/jsp/src/main/java/org/apache/sling/scripting/jsp/jasper/servlet/JspServletWrapper.java,380.0,25.0,74.0,21.0,63.0,72.0,1.0,cziegeler@13f79535-47bb-0310-9956-ffa450edef68,1,0.0020964360587002098,6.0,0.0,6.0,0.0,3921.9999999999995,67519.68917149525,1,5,0.6397464038328301,true
bundles/servlets/get/src/main/java/org/apache/sling/servlets/get/impl/helpers/JsonRendererServlet.java,105.0,15.0,2.0,4.0,29.0,15.0,0.0,cziegeler@13f79535-47bb-0310-9956-ffa450edef68,0,0.0,0.0,0.0,0.0,0.0,0.0,0.0,0,2,0.0,false
bundles/servlets/get/src/main/java/org/apache/sling/servlets/get/impl/helpers/StreamRendererServlet.java,224.0,25.0,24.0,8.0,81.0,35.0,1.0,fmeschbe@13f79535-47bb-0310-9956-ffa450edef68,1,0.0020964360587002098,8.0,0.0,8.0,0.0,2096.255813953488,70165.96753582924,1,1,3.3886185994552953,false
bundles/servlets/get/src/test/java/org/apache/sling/servlets/get/impl/MockResourceResolver.java,46.0,5.0,78.0,13.0,2.0,26.0,5.0,cziegeler@13f79535-47bb-0310-9956-ffa450edef68,0,0.0,0.0,0.0,0.0,0.0,0.0,0.0,0,1,0.0,false
bundles/servlets/get/src/test/java/org/apache/sling/servlets/get/impl/RedirectServletTest.java,205.0,7.0,153.0,18.0,32.0,23.0,0.0,fmeschbe@13f79535-47bb-0310-9956-ffa450edef68,0,0.0,0.0,0.0,0.0,0.0,0.0,0.0,0,1,0.0,false
bundles/servlets/post/src/main/java/org/apache/sling/servlets/post/SlingPostConstants.java,154.0,0.0,0.0,0.0,0.0,0.0,2.0,null,1,0.0020964360587002098,12.0,6.0,0.0,0.0,1649.7894736842106,37550.33333333333,1,0,1.1505720275988207,false
bundles/servlets/post/src/main/java/org/apache/sling/servlets/post/impl/SlingPostServlet.java,261.0,32.0,23.0,15.0,66.0,48.0,6.0,null,1,0.0020964360587002098,5.0,0.0,0.0,0.0,1649.7894736842106,37550.33333333333,1,3,1.1505720275988207,false
bundles/servlets/post/src/main/java/org/apache/sling/servlets/post/impl/helper/JSONResponse.java,139.0,6.0,0.0,9.0,28.0,33.0,3.0,fmeschbe@13f79535-47bb-0310-9956-ffa450edef68,1,0.0020964360587002098,33.0,0.0,0.0,0.0,70.0,13.565790508765211,1,0,5.4680601411351315,true
bundles/servlets/post/src/main/java/org/apache/sling/servlets/post/impl/helper/MediaRangeList.java,231.0,8.0,11.0,6.0,18.0,28.0,0.0,bdelacretaz@13f79535-47bb-0310-9956-ffa450edef68,0,0.0,0.0,0.0,0.0,0.0,0.0,0.0,0,1,0.0,false
bundles/servlets/post/src/main/java/org/apache/sling/servlets/post/impl/helper/ReferenceParser.java,48.0,5.0,1.0,3.0,5.0,11.0,0.0,cziegeler@13f79535-47bb-0310-9956-ffa450edef68,0,0.0,0.0,0.0,0.0,0.0,0.0,0.0,0,0,0.0,false
bundles/servlets/post/src/main/java/org/apache/sling/servlets/post/impl/helper/RequestProperty.java,183.0,6.0,189.0,22.0,18.0,62.0,4.0,fmeschbe@13f79535-47bb-0310-9956-ffa450edef68,1,0.0020964360587002098,17.0,17.0,0.0,0.0,1649.7894736842106,37550.33333333333,1,0,1.1505720275988207,false
bundles/servlets/post/src/main/java/org/apache/sling/servlets/post/impl/helper/SlingPropertyValueHandler.java,233.0,11.0,9.0,7.0,46.0,29.0,0.0,justin@13f79535-47bb-0310-9956-ffa450edef68,0,0.0,0.0,0.0,0.0,0.0,0.0,0.0,0,0,0.0,true
bundles/servlets/post/src/main/java/org/apache/sling/servlets/post/impl/operations/CopyOperation.java,81.0,9.0,10.0,5.0,35.0,22.0,0.0,ieb@13f79535-47bb-0310-9956-ffa450edef68,0,0.0,0.0,0.0,0.0,0.0,0.0,0.0,0,2,0.0,false
bundles/servlets/post/src/main/java/org/apache/sling/servlets/post/impl/operations/ModifyOperation.java,416.0,29.0,116.0,16.0,139.0,76.0,4.0,justin@13f79535-47bb-0310-9956-ffa450edef68,1,0.0020964360587002098,19.0,6.0,6.0,0.0,1649.7894736842106,37550.33333333333,1,0,1.1505720275988207,true
bundles/servlets/post/src/test/java/org/apache/sling/servlets/post/impl/RequestPropertyTest.java,190.0,19.0,105.0,15.0,132.0,33.0,7.0,fmeschbe@13f79535-47bb-0310-9956-ffa450edef68,1,0.0020964360587002098,25.0,0.0,0.0,0.0,1649.7894736842106,37550.33333333333,1,0,1.1505720275988207,false
bundles/servlets/post/src/test/java/org/apache/sling/servlets/post/impl/SlingPostServletTest.java,47.0,6.0,6.0,4.0,8.0,8.0,0.0,fmeschbe@13f79535-47bb-0310-9956-ffa450edef68,0,0.0,0.0,0.0,0.0,0.0,0.0,0.0,0,0,0.0,false
bundles/servlets/post/src/test/java/org/apache/sling/servlets/post/impl/helper/JsonResponseTest.java,177.0,12.0,0.0,8.0,33.0,21.0,3.0,fmeschbe@13f79535-47bb-0310-9956-ffa450edef68,1,0.0020964360587002098,33.0,0.0,0.0,0.0,70.0,13.565790508765211,1,0,5.4680601411351315,true
bundles/servlets/post/src/test/java/org/apache/sling/servlets/post/impl/helper/MediaRangeListTest.java,36.0,2.0,8.0,8.0,12.0,15.0,0.0,chetanm@13f79535-47bb-0310-9956-ffa450edef68,0,0.0,0.0,0.0,0.0,0.0,0.0,0.0,0,0,0.0,false
bundles/servlets/resolver/src/main/java/org/apache/sling/servlets/resolver/internal/ServletResolverConstants.java,42.0,0.0,0.0,0.0,0.0,0.0,4.0,fmeschbe@13f79535-47bb-0310-9956-ffa450edef68,2,0.0041928721174004195,60.0,0.0,20.0,0.0,4206.7692307692305,67779.80473111152,2,0,0.8133717237059941,false
bundles/servlets/resolver/src/main/java/org/apache/sling/servlets/resolver/internal/SlingServletResolver.java,683.0,61.0,61.0,26.0,178.0,117.0,4.0,cziegeler@13f79535-47bb-0310-9956-ffa450edef68,3,0.006289308176100629,25.0,5.0,9.0,4.0,5856.55870445344,105330.13806444485,3,3,0.23034707949884847,true
bundles/servlets/resolver/src/main/java/org/apache/sling/servlets/resolver/internal/WorkspaceResourceResolver.java,89.0,5.0,0.0,15.0,13.0,28.0,7.0,cziegeler@13f79535-47bb-0310-9956-ffa450edef68,2,0.0041928721174004195,100.0,25.0,0.0,25.0,5571.78947368421,105070.02250482858,2,0,0.20511766515551955,false
bundles/servlets/resolver/src/main/java/org/apache/sling/servlets/resolver/internal/defaults/DefaultErrorHandlerServlet.java,201.0,13.0,10.0,5.0,25.0,23.0,5.0,fmeschbe@13f79535-47bb-0310-9956-ffa450edef68,2,0.0041928721174004195,33.0,0.0,17.0,0.0,4206.7692307692305,67779.80473111152,2,0,1.16180845552485,false
bundles/servlets/resolver/src/main/java/org/apache/sling/servlets/resolver/internal/helper/AbstractResourceCollector.java,89.0,8.0,22.0,8.0,14.0,23.0,5.0,cziegeler@13f79535-47bb-0310-9956-ffa450edef68,1,0.0020964360587002098,44.0,11.0,0.0,0.0,3921.9999999999995,67519.68917149525,1,0,0.6397464038328301,false
bundles/servlets/resolver/src/main/java/org/apache/sling/servlets/resolver/internal/helper/NamedScriptResourceCollector.java,87.0,6.0,0.0,4.0,17.0,12.0,5.0,cziegeler@13f79535-47bb-0310-9956-ffa450edef68,1,0.0020964360587002098,67.0,33.0,0.0,0.0,3921.9999999999995,67519.68917149525,1,0,0.6397464038328301,false
bundles/servlets/resolver/src/main/java/org/apache/sling/servlets/resolver/internal/helper/ResourceCollector.java,142.0,9.0,0.0,5.0,25.0,17.0,5.0,cziegeler@13f79535-47bb-0310-9956-ffa450edef68,2,0.0041928721174004195,43.0,14.0,0.0,7.0,5571.78947368421,105070.02250482858,2,0,0.2743227989275239,false
bundles/servlets/resolver/src/main/java/org/apache/sling/servlets/resolver/internal/helper/SlingServletConfig.java,51.0,7.0,0.0,5.0,5.0,9.0,8.0,fmeschbe@13f79535-47bb-0310-9956-ffa450edef68,1,0.0020964360587002098,50.0,0.0,0.0,0.0,3921.9999999999995,67519.68917149525,1,0,0.6397464038328301,false
bundles/servlets/resolver/src/main/java/org/apache/sling/servlets/resolver/internal/resource/ServletResource.java,63.0,9.0,22.0,9.0,17.0,20.0,0.0,fmeschbe@13f79535-47bb-0310-9956-ffa450edef68,0,0.0,0.0,0.0,0.0,0.0,0.0,0.0,0,1,0.0,false
bundles/servlets/resolver/src/main/java/org/apache/sling/servlets/resolver/internal/resource/ServletResourceProvider.java,37.0,8.0,12.0,9.0,10.0,19.0,3.0,fmeschbe@13f79535-47bb-0310-9956-ffa450edef68,1,0.0020964360587002098,20.0,0.0,20.0,20.0,3921.9999999999995,67519.68917149525,1,0,0.6397464038328301,false
bundles/servlets/resolver/src/test/java/org/apache/sling/servlets/resolver/internal/ResolveFromRequestAndDefaultSlingServletResolverTest.java,27.0,7.0,3.0,3.0,11.0,6.0,6.0,cziegeler@13f79535-47bb-0310-9956-ffa450edef68,2,0.0041928721174004195,75.0,25.0,25.0,25.0,5571.78947368421,105070.02250482858,2,0,0.17350744346001412,false
bundles/servlets/resolver/src/test/java/org/apache/sling/servlets/resolver/internal/ResolveFromRequestNoDefaultSlingServletResolverTest.java,27.0,7.0,1.0,2.0,12.0,4.0,6.0,cziegeler@13f79535-47bb-0310-9956-ffa450edef68,2,0.0041928721174004195,75.0,25.0,25.0,25.0,5571.78947368421,105070.02250482858,2,0,0.17350744346001412,false
bundles/servlets/resolver/src/test/java/org/apache/sling/servlets/resolver/internal/SlingServletResolverTest.java,97.0,33.0,14.0,8.0,40.0,16.0,7.0,cziegeler@13f79535-47bb-0310-9956-ffa450edef68,2,0.0041928721174004195,40.0,10.0,0.0,10.0,5571.78947368421,105070.02250482858,2,0,0.20511766515551955,true
bundles/servlets/resolver/src/test/java/org/apache/sling/servlets/resolver/internal/helper/LocationIteratorTest.java,243.0,3.0,105.0,15.0,147.0,15.0,4.0,cziegeler@13f79535-47bb-0310-9956-ffa450edef68,1,0.0020964360587002098,29.0,14.0,0.0,0.0,3921.9999999999995,67519.68917149525,1,0,0.6397464038328301,false
bundles/servlets/resolver/src/test/java/org/apache/sling/servlets/resolver/internal/helper/ResourceCollectorGetServletsTest.java,64.0,7.0,0.0,8.0,21.0,11.0,7.0,fmeschbe@13f79535-47bb-0310-9956-ffa450edef68,2,0.0041928721174004195,50.0,17.0,17.0,0.0,5571.78947368421,105070.02250482858,2,0,0.17350744346001412,false
bundles/servlets/resolver/src/test/java/org/apache/sling/servlets/resolver/internal/helper/ScriptSelectionTest.java,136.0,4.0,253.0,26.0,38.0,29.0,7.0,cziegeler@13f79535-47bb-0310-9956-ffa450edef68,2,0.0041928721174004195,27.0,9.0,9.0,0.0,5571.78947368421,105070.02250482858,2,0,0.17350744346001412,false
bundles/servlets/resolver/src/test/java/org/apache/sling/servlets/resolver/internal/resource/ServletResourceProviderCreateTest.java,81.0,11.0,0.0,5.0,40.0,9.0,3.0,fmeschbe@13f79535-47bb-0310-9956-ffa450edef68,1,0.0020964360587002098,25.0,0.0,25.0,25.0,3921.9999999999995,67519.68917149525,1,0,0.6397464038328301,false
contrib/commons/compiler/src/main/java/org/apache/sling/commons/compiler/CompilationResult.java,27.0,1.0,6.0,4.0,0.0,11.0,9.0,cziegeler@13f79535-47bb-0310-9956-ffa450edef68,1,0.0020964360587002098,50.0,0.0,0.0,50.0,3921.9999999999995,67519.68917149525,1,0,0.6397464038328301,false
contrib/commons/compiler/src/main/java/org/apache/sling/commons/compiler/CompilationUnit.java,20.0,2.0,3.0,3.0,0.0,10.0,8.0,cziegeler@13f79535-47bb-0310-9956-ffa450edef68,1,0.0020964360587002098,33.0,0.0,0.0,33.0,3921.9999999999995,67519.68917149525,1,0,0.6397464038328301,false
contrib/commons/compiler/src/main/java/org/apache/sling/commons/compiler/CompilerMessage.java,63.0,0.0,2.0,5.0,0.0,9.0,9.0,cziegeler@13f79535-47bb-0310-9956-ffa450edef68,1,0.0020964360587002098,50.0,0.0,0.0,50.0,3921.9999999999995,67519.68917149525,1,0,0.6397464038328301,false
contrib/commons/compiler/src/main/java/org/apache/sling/commons/compiler/JavaCompiler.java,13.0,0.0,0.0,1.0,0.0,4.0,9.0,cziegeler@13f79535-47bb-0310-9956-ffa450edef68,1,0.0020964360587002098,20.0,0.0,0.0,20.0,3921.9999999999995,67519.68917149525,1,0,0.6397464038328301,false
contrib/commons/compiler/src/main/java/org/apache/sling/commons/compiler/Options.java,72.0,1.0,8.0,5.0,4.0,9.0,9.0,cziegeler@13f79535-47bb-0310-9956-ffa450edef68,1,0.0020964360587002098,14.0,0.0,0.0,14.0,3921.9999999999995,67519.68917149525,1,0,0.6397464038328301,false
contrib/commons/compiler/src/main/java/org/apache/sling/commons/compiler/impl/CompilationResultImpl.java,73.0,4.0,4.0,9.0,4.0,17.0,5.0,cziegeler@13f79535-47bb-0310-9956-ffa450edef68,1,0.0020964360587002098,50.0,0.0,0.0,25.0,3921.9999999999995,67519.68917149525,1,0,0.6397464038328301,false
contrib/commons/compiler/src/main/java/org/apache/sling/commons/compiler/impl/EclipseJavaCompiler.java,384.0,35.0,50.0,12.0,30.0,36.0,5.0,cziegeler@13f79535-47bb-0310-9956-ffa450edef68,1,0.0020964360587002098,13.0,0.0,0.0,7.0,3921.9999999999995,67519.68917149525,1,0,0.6397464038328301,false
contrib/commons/compiler/src/test/java/org/apache/sling/commons/compiler/impl/CompilerJava5Test.java,70.0,11.0,45.0,10.0,14.0,26.0,9.0,cziegeler@13f79535-47bb-0310-9956-ffa450edef68,1,0.0020964360587002098,17.0,0.0,0.0,17.0,3921.9999999999995,67519.68917149525,1,0,0.6397464038328301,false
contrib/extensions/i18n/src/test/java/org/apache/sling/i18n/impl/JcrResourceBundleTest.java,255.0,22.0,285.0,27.0,106.0,73.0,0.0,cziegeler@13f79535-47bb-0310-9956-ffa450edef68,0,0.0,0.0,0.0,0.0,0.0,0.0,0.0,0,2,0.0,true
contrib/extensions/rewriter/src/main/java/org/apache/sling/rewriter/impl/ProcessingComponentConfigurationImpl.java,70.0,6.0,0.0,5.0,5.0,12.0,1.0,cziegeler@13f79535-47bb-0310-9956-ffa450edef68,1,0.0020964360587002098,40.0,40.0,0.0,0.0,3921.9999999999995,67519.68917149525,1,0,0.6397464038328301,false
contrib/extensions/rewriter/src/main/java/org/apache/sling/rewriter/impl/ProcessorConfigurationImpl.java,397.0,9.0,49.0,18.0,35.0,60.0,3.0,cziegeler@13f79535-47bb-0310-9956-ffa450edef68,1,0.0020964360587002098,30.0,20.0,10.0,0.0,3921.9999999999995,67519.68917149525,1,0,0.6397464038328301,false
contrib/extensions/rewriter/src/main/java/org/apache/sling/rewriter/impl/ProcessorManagerImpl.java,394.0,31.0,36.0,13.0,77.0,54.0,4.0,cziegeler@13f79535-47bb-0310-9956-ffa450edef68,1,0.0020964360587002098,31.0,8.0,15.0,8.0,3921.9999999999995,67519.68917149525,1,0,0.6397464038328301,false
contrib/extensions/rewriter/src/main/java/org/apache/sling/rewriter/impl/RewriterFilter.java,33.0,15.0,3.0,3.0,2.0,6.0,8.0,cziegeler@13f79535-47bb-0310-9956-ffa450edef68,1,0.0020964360587002098,17.0,0.0,0.0,17.0,3921.9999999999995,67519.68917149525,1,0,0.6397464038328301,false
contrib/extensions/rewriter/src/main/java/org/apache/sling/rewriter/impl/WebConsoleConfigPrinter.java,37.0,7.0,2.0,5.0,5.0,8.0,6.0,cziegeler@13f79535-47bb-0310-9956-ffa450edef68,1,0.0020964360587002098,50.0,50.0,0.0,0.0,3921.9999999999995,67519.68917149525,1,0,0.6397464038328301,false
contrib/extensions/rewriter/src/main/java/org/apache/sling/rewriter/impl/components/HtmlGeneratorFactory.java,46.0,15.0,0.0,1.0,0.0,2.0,8.0,cziegeler@13f79535-47bb-0310-9956-ffa450edef68,1,0.0020964360587002098,50.0,0.0,0.0,50.0,3921.9999999999995,67519.68917149525,1,0,0.6397464038328301,false
contrib/extensions/rewriter/src/main/java/org/apache/sling/rewriter/impl/components/HtmlSerializerFactory.java,37.0,9.0,0.0,1.0,0.0,2.0,8.0,cziegeler@13f79535-47bb-0310-9956-ffa450edef68,1,0.0020964360587002098,20.0,0.0,0.0,20.0,3921.9999999999995,67519.68917149525,1,0,0.6397464038328301,false
contrib/extensions/rewriter/src/main/java/org/apache/sling/rewriter/impl/components/TraxHtmlSerializerFactory.java,14.0,4.0,3.0,3.0,0.0,6.0,8.0,cziegeler@13f79535-47bb-0310-9956-ffa450edef68,1,0.0020964360587002098,50.0,0.0,0.0,50.0,3921.9999999999995,67519.68917149525,1,0,0.6397464038328301,false
contrib/extensions/rewriter/src/main/java/org/apache/sling/rewriter/impl/components/TraxXHtmlSerializerFactory.java,14.0,4.0,3.0,3.0,0.0,6.0,8.0,cziegeler@13f79535-47bb-0310-9956-ffa450edef68,1,0.0020964360587002098,50.0,0.0,0.0,50.0,3921.9999999999995,67519.68917149525,1,0,0.6397464038328301,false
contrib/extensions/rewriter/src/main/java/org/apache/sling/rewriter/impl/components/XHtmlSerializerFactory.java,38.0,9.0,0.0,1.0,0.0,2.0,8.0,cziegeler@13f79535-47bb-0310-9956-ffa450edef68,1,0.0020964360587002098,20.0,0.0,0.0,20.0,3921.9999999999995,67519.68917149525,1,0,0.6397464038328301,false
contrib/jcr/compiler/src/main/java/org/apache/sling/jcr/compiler/JcrJavaCompiler.java,13.0,2.0,0.0,1.0,0.0,2.0,2.0,fmeschbe@13f79535-47bb-0310-9956-ffa450edef68,1,0.0020964360587002098,20.0,20.0,0.0,0.0,3921.9999999999995,67519.68917149525,1,0,0.6397464038328301,false
contrib/jcr/compiler/src/main/java/org/apache/sling/jcr/compiler/impl/FileClassWriter.java,52.0,6.0,13.0,6.0,6.0,16.0,0.0,fmeschbe@13f79535-47bb-0310-9956-ffa450edef68,0,0.0,0.0,0.0,0.0,0.0,0.0,0.0,0,0,0.0,false
contrib/jcr/compiler/src/main/java/org/apache/sling/jcr/compiler/impl/JcrClassWriter.java,162.0,10.0,19.0,7.0,11.0,20.0,0.0,fmeschbe@13f79535-47bb-0310-9956-ffa450edef68,0,0.0,0.0,0.0,0.0,0.0,0.0,0.0,0,0,0.0,false
contrib/jcr/compiler/src/main/java/org/apache/sling/jcr/compiler/impl/JcrJavaCompilerImpl.java,146.0,23.0,28.0,8.0,43.0,34.0,2.0,fmeschbe@13f79535-47bb-0310-9956-ffa450edef68,1,0.0020964360587002098,14.0,14.0,0.0,0.0,3921.9999999999995,67519.68917149525,1,1,0.6397464038328301,false
contrib/jcr/jackrabbit-client/src/main/java/org/apache/sling/jcr/jackrabbit/client/SlingClientRepository.java,41.0,7.0,1.0,2.0,12.0,6.0,0.0,fmeschbe@13f79535-47bb-0310-9956-ffa450edef68,0,0.0,0.0,0.0,0.0,0.0,0.0,0.0,0,2,0.0,false
contrib/launchpad/testing/src/test/java/org/apache/sling/launchpad/webapp/integrationtest/scala/ScalaScriptingTest.java,24.0,2.0,3.0,3.0,7.0,9.0,0.0,cziegeler@13f79535-47bb-0310-9956-ffa450edef68,0,0.0,0.0,0.0,0.0,0.0,0.0,0.0,0,0,0.0,true
contrib/scripting/java/src/main/java/org/apache/sling/scripting/java/impl/CompilationUnit.java,42.0,4.0,0.0,4.0,5.0,11.0,8.0,cziegeler@13f79535-47bb-0310-9956-ffa450edef68,1,0.0020964360587002098,33.0,33.0,0.0,0.0,3921.9999999999995,67519.68917149525,1,0,0.6397464038328301,false
contrib/scripting/java/src/main/java/org/apache/sling/scripting/java/impl/CompilerOptions.java,20.0,2.0,0.0,2.0,3.0,5.0,7.0,cziegeler@13f79535-47bb-0310-9956-ffa450edef68,1,0.0020964360587002098,12.0,12.0,0.0,0.0,3921.9999999999995,67519.68917149525,1,0,0.6397464038328301,false
contrib/scripting/java/src/main/java/org/apache/sling/scripting/java/impl/CompilerUtil.java,82.0,0.0,6.0,4.0,15.0,20.0,0.0,cziegeler@13f79535-47bb-0310-9956-ffa450edef68,0,0.0,0.0,0.0,0.0,0.0,0.0,0.0,0,0,0.0,false
contrib/scripting/java/src/main/java/org/apache/sling/scripting/java/impl/JavaScriptEngineFactory.java,178.0,29.0,25.0,10.0,35.0,25.0,7.0,cziegeler@13f79535-47bb-0310-9956-ffa450edef68,1,0.0020964360587002098,8.0,8.0,0.0,0.0,3921.9999999999995,67519.68917149525,1,0,0.6397464038328301,false
contrib/scripting/java/src/main/java/org/apache/sling/scripting/java/impl/JavaServletConfig.java,54.0,8.0,0.0,5.0,13.0,12.0,0.0,cziegeler@13f79535-47bb-0310-9956-ffa450edef68,0,0.0,0.0,0.0,0.0,0.0,0.0,0.0,0,0,0.0,false
contrib/scripting/java/src/main/java/org/apache/sling/scripting/java/impl/JavaServletContext.java,204.0,11.0,0.0,27.0,38.0,59.0,0.0,cziegeler@13f79535-47bb-0310-9956-ffa450edef68,0,0.0,0.0,0.0,0.0,0.0,0.0,0.0,0,0,0.0,false
contrib/scripting/java/src/main/java/org/apache/sling/scripting/java/impl/ServletCache.java,41.0,3.0,0.0,4.0,8.0,7.0,0.0,cziegeler@13f79535-47bb-0310-9956-ffa450edef68,0,0.0,0.0,0.0,0.0,0.0,0.0,0.0,0,0,0.0,false
contrib/scripting/java/src/main/java/org/apache/sling/scripting/java/impl/ServletWrapper.java,150.0,13.0,0.0,5.0,23.0,17.0,7.0,cziegeler@13f79535-47bb-0310-9956-ffa450edef68,1,0.0020964360587002098,14.0,14.0,0.0,0.0,3921.9999999999995,67519.68917149525,1,0,0.6397464038328301,false
contrib/scripting/java/src/main/java/org/apache/sling/scripting/java/impl/SlingIOProvider.java,110.0,15.0,46.0,12.0,24.0,35.0,7.0,cziegeler@13f79535-47bb-0310-9956-ffa450edef68,1,0.0020964360587002098,33.0,33.0,0.0,0.0,3921.9999999999995,67519.68917149525,1,0,0.6397464038328301,false
installer/jcr/jcrinstall/src/test/java/org/apache/sling/jcr/jcrinstall/impl/MiscUtil.java,124.0,15.0,21.0,7.0,29.0,24.0,20.0,bdelacretaz@13f79535-47bb-0310-9956-ffa450edef68,1,0.0020964360587002098,12.0,12.0,0.0,12.0,3921.9999999999995,67519.68917149525,1,3,0.6397464038328301,false
installer/osgi/installer/src/main/java/org/apache/sling/osgi/installer/impl/OsgiInstallerTask.java,42.0,1.0,28.0,8.0,8.0,17.0,16.0,cziegeler@13f79535-47bb-0310-9956-ffa450edef68,1,0.0020964360587002098,6.0,0.0,0.0,0.0,3921.9999999999995,67519.68917149525,1,1,0.6397464038328301,true
installer/osgi/installer/src/main/java/org/apache/sling/osgi/installer/impl/OsgiInstallerThread.java,350.0,17.0,0.0,16.0,108.0,49.0,17.0,bdelacretaz@13f79535-47bb-0310-9956-ffa450edef68,1,0.0020964360587002098,8.0,2.0,0.0,5.0,3921.9999999999995,67519.68917149525,1,3,0.6397464038328301,true
installer/osgi/installer/src/main/java/org/apache/sling/osgi/installer/impl/tasks/BundleUpdateTask.java,65.0,9.0,0.0,6.0,25.0,14.0,16.0,bdelacretaz@13f79535-47bb-0310-9956-ffa450edef68,1,0.0020964360587002098,3.0,0.0,0.0,0.0,3921.9999999999995,67519.68917149525,1,3,0.6397464038328301,true
launchpad/base/src/main/java/org/apache/sling/launchpad/app/Main.java,277.0,14.0,106.0,17.0,76.0,47.0,0.0,fmeschbe@13f79535-47bb-0310-9956-ffa450edef68,0,0.0,0.0,0.0,0.0,0.0,0.0,0.0,0,2,0.0,false
launchpad/base/src/main/java/org/apache/sling/launchpad/base/impl/BootstrapInstaller.java,649.0,31.0,234.0,28.0,155.0,113.0,0.0,cziegeler@13f79535-47bb-0310-9956-ffa450edef68,0,0.0,0.0,0.0,0.0,0.0,0.0,0.0,0,0,0.0,true
launchpad/base/src/main/java/org/apache/sling/launchpad/base/shared/SharedConstants.java,44.0,0.0,0.0,0.0,0.0,0.0,0.0,cziegeler@13f79535-47bb-0310-9956-ffa450edef68,0,0.0,0.0,0.0,0.0,0.0,0.0,0.0,0,0,0.0,false
launchpad/base/src/main/java/org/apache/sling/launchpad/base/webapp/SlingServletDelegate.java,288.0,27.0,58.0,13.0,33.0,39.0,1.0,cziegeler@13f79535-47bb-0310-9956-ffa450edef68,1,0.0020964360587002098,20.0,0.0,10.0,0.0,1649.7894736842106,37550.33333333333,1,1,1.1505720275988207,false
launchpad/test-services/src/main/java/org/apache/sling/launchpad/testservices/jcr/StartupTestContentLoader.java,18.0,4.0,1.0,2.0,1.0,3.0,0.0,bdelacretaz@13f79535-47bb-0310-9956-ffa450edef68,0,0.0,0.0,0.0,0.0,0.0,0.0,0.0,0,1,0.0,false
launchpad/test-services/src/main/java/org/apache/sling/launchpad/testservices/jcr/TestNamespaceMapper.java,12.0,3.0,0.0,1.0,1.0,2.0,0.0,justin@13f79535-47bb-0310-9956-ffa450edef68,0,0.0,0.0,0.0,0.0,0.0,0.0,0.0,0,1,0.0,true
launchpad/test-services/src/main/java/org/apache/sling/launchpad/testservices/scripting/StandaloneScriptExecutionServlet.java,24.0,8.0,0.0,1.0,9.0,3.0,0.0,bdelacretaz@13f79535-47bb-0310-9956-ffa450edef68,0,0.0,0.0,0.0,0.0,0.0,0.0,0.0,0,0,0.0,false
launchpad/test-services/src/main/java/org/apache/sling/launchpad/testservices/servlets/NamespaceTestServlet.java,26.0,7.0,0.0,1.0,10.0,4.0,0.0,bdelacretaz@13f79535-47bb-0310-9956-ffa450edef68,0,0.0,0.0,0.0,0.0,0.0,0.0,0.0,0,1,0.0,true
launchpad/testing/src/test/java/org/apache/sling/launchpad/webapp/integrationtest/AbstractAuthenticatedTest.java,131.0,15.0,13.0,6.0,45.0,24.0,280.0,justin@13f79535-47bb-0310-9956-ffa450edef68,1,0.0020964360587002098,50.0,50.0,0.0,50.0,2096.255813953488,70165.96753582924,1,0,3.3886185994552953,false
launchpad/testing/src/test/java/org/apache/sling/launchpad/webapp/integrationtest/ContentLoaderMiscPropertyTest.java,28.0,2.0,1.0,2.0,5.0,5.0,280.0,justin@13f79535-47bb-0310-9956-ffa450edef68,1,0.0020964360587002098,25.0,25.0,0.0,25.0,2096.255813953488,70165.96753582924,1,0,3.3886185994552953,true
launchpad/testing/src/test/java/org/apache/sling/launchpad/webapp/integrationtest/DavExIntegrationTest.java,32.0,7.0,0.0,4.0,13.0,8.0,280.0,justin@13f79535-47bb-0310-9956-ffa450edef68,1,0.0020964360587002098,50.0,50.0,0.0,50.0,2096.255813953488,70165.96753582924,1,0,3.3886185994552953,false
launchpad/testing/src/test/java/org/apache/sling/launchpad/webapp/integrationtest/ForwardTest.java,84.0,8.0,0.0,7.0,32.0,20.0,188.0,fmeschbe@13f79535-47bb-0310-9956-ffa450edef68,2,0.0041928721174004195,50.0,50.0,0.0,25.0,2381.025044722719,70426.08309544552,2,0,2.5362445533360827,false
launchpad/testing/src/test/java/org/apache/sling/launchpad/webapp/integrationtest/IncludeTest.java,107.0,8.0,31.0,11.0,38.0,24.0,188.0,fmeschbe@13f79535-47bb-0310-9956-ffa450edef68,2,0.0041928721174004195,50.0,50.0,0.0,25.0,2381.025044722719,70426.08309544552,2,0,2.5362445533360827,false
launchpad/testing/src/test/java/org/apache/sling/launchpad/webapp/integrationtest/JsonRenderingTest.java,172.0,6.0,33.0,15.0,52.0,41.0,280.0,fmeschbe@13f79535-47bb-0310-9956-ffa450edef68,1,0.0020964360587002098,25.0,25.0,0.0,25.0,2096.255813953488,70165.96753582924,1,2,3.3886185994552953,false
launchpad/testing/src/test/java/org/apache/sling/launchpad/webapp/integrationtest/JspTestBase.java,16.0,0.0,0.0,1.0,4.0,4.0,280.0,bdelacretaz@13f79535-47bb-0310-9956-ffa450edef68,1,0.0020964360587002098,33.0,33.0,0.0,33.0,2096.255813953488,70165.96753582924,1,0,3.3886185994552953,false
launchpad/testing/src/test/java/org/apache/sling/launchpad/webapp/integrationtest/NamespaceMappingTest.java,52.0,5.0,3.0,6.0,14.0,17.0,280.0,justin@13f79535-47bb-0310-9956-ffa450edef68,1,0.0020964360587002098,17.0,17.0,0.0,17.0,2096.255813953488,70165.96753582924,1,1,3.3886185994552953,true
launchpad/testing/src/test/java/org/apache/sling/launchpad/webapp/integrationtest/PostRedirectTest.java,57.0,5.0,0.0,6.0,24.0,14.0,280.0,fmeschbe@13f79535-47bb-0310-9956-ffa450edef68,1,0.0020964360587002098,33.0,33.0,0.0,33.0,2096.255813953488,70165.96753582924,1,0,3.3886185994552953,false
launchpad/testing/src/test/java/org/apache/sling/launchpad/webapp/integrationtest/RenderingTestBase.java,16.0,2.0,1.0,2.0,3.0,5.0,280.0,fmeschbe@13f79535-47bb-0310-9956-ffa450edef68,1,0.0020964360587002098,33.0,33.0,0.0,33.0,2096.255813953488,70165.96753582924,1,0,3.3886185994552953,false
launchpad/testing/src/test/java/org/apache/sling/launchpad/webapp/integrationtest/accessManager/AbstractAccessManagerTest.java,134.0,17.0,9.0,6.0,52.0,25.0,280.0,fmeschbe@13f79535-47bb-0310-9956-ffa450edef68,1,0.0020964360587002098,33.0,33.0,0.0,33.0,2096.255813953488,70165.96753582924,1,1,3.3886185994552953,false
launchpad/testing/src/test/java/org/apache/sling/launchpad/webapp/integrationtest/accessManager/ModifyAceTest.java,498.0,12.0,0.0,15.0,152.0,50.0,143.0,enorman@13f79535-47bb-0310-9956-ffa450edef68,2,0.0041928721174004195,30.0,30.0,10.0,10.0,2312.655813953488,70475.3847587162,2,2,2.9831534913471307,false
launchpad/testing/src/test/java/org/apache/sling/launchpad/webapp/integrationtest/accessManager/PrivilegesInfoTest.java,191.0,12.0,0.0,7.0,53.0,22.0,280.0,ieb@13f79535-47bb-0310-9956-ffa450edef68,1,0.0020964360587002098,50.0,50.0,0.0,50.0,2096.255813953488,70165.96753582924,1,1,3.3886185994552953,false
launchpad/testing/src/test/java/org/apache/sling/launchpad/webapp/integrationtest/accessManager/RemoveAcesTest.java,105.0,10.0,0.0,4.0,29.0,12.0,143.0,fmeschbe@13f79535-47bb-0310-9956-ffa450edef68,2,0.0041928721174004195,75.0,75.0,25.0,25.0,2312.655813953488,70475.3847587162,2,0,2.9831534913471307,false
launchpad/testing/src/test/java/org/apache/sling/launchpad/webapp/integrationtest/login/AuthRequestLoginTest.java,30.0,7.0,0.0,1.0,11.0,4.0,280.0,bdelacretaz@13f79535-47bb-0310-9956-ffa450edef68,1,0.0020964360587002098,50.0,50.0,0.0,50.0,2096.255813953488,70165.96753582924,1,0,3.3886185994552953,false
launchpad/testing/src/test/java/org/apache/sling/launchpad/webapp/integrationtest/scripting/StandaloneScriptExecutionTest.java,22.0,1.0,0.0,1.0,8.0,4.0,280.0,bdelacretaz@13f79535-47bb-0310-9956-ffa450edef68,1,0.0020964360587002098,33.0,33.0,0.0,33.0,2096.255813953488,70165.96753582924,1,0,3.3886185994552953,true
launchpad/testing/src/test/java/org/apache/sling/launchpad/webapp/integrationtest/servlets/post/PostServletOutputContentTypeTest.java,57.0,8.0,26.0,8.0,23.0,19.0,187.0,bdelacretaz@13f79535-47bb-0310-9956-ffa450edef68,2,0.0041928721174004195,67.0,33.0,0.0,33.0,2166.255813953488,70179.53332633802,2,0,3.735192189735268,true
launchpad/testing/src/test/java/org/apache/sling/launchpad/webapp/integrationtest/servlets/post/ReferenceTypeHintTest.java,59.0,7.0,8.0,5.0,15.0,13.0,280.0,justin@13f79535-47bb-0310-9956-ffa450edef68,1,0.0020964360587002098,25.0,25.0,0.0,25.0,2096.255813953488,70165.96753582924,1,1,3.3886185994552953,false
launchpad/testing/src/test/java/org/apache/sling/launchpad/webapp/integrationtest/userManager/AbstractUserManagerTest.java,43.0,8.0,6.0,4.0,6.0,8.0,280.0,fmeschbe@13f79535-47bb-0310-9956-ffa450edef68,1,0.0020964360587002098,25.0,25.0,0.0,25.0,2096.255813953488,70165.96753582924,1,0,3.3886185994552953,false
launchpad/testing/src/test/java/org/apache/sling/launchpad/webapp/integrationtest/userManager/PrivilegesInfoTest.java,188.0,11.0,0.0,9.0,53.0,25.0,280.0,ieb@13f79535-47bb-0310-9956-ffa450edef68,1,0.0020964360587002098,50.0,50.0,0.0,50.0,2096.255813953488,70165.96753582924,1,0,3.3886185994552953,false
launchpad/testing/src/test/java/org/apache/sling/launchpad/webapp/integrationtest/userManager/RemoveAuthorizablesTest.java,64.0,7.0,6.0,4.0,16.0,8.0,280.0,fmeschbe@13f79535-47bb-0310-9956-ffa450edef68,1,0.0020964360587002098,33.0,33.0,0.0,33.0,2096.255813953488,70165.96753582924,1,1,3.3886185994552953,false
maven/maven-jcrocm-plugin/src/main/java/org/apache/sling/maven/jcrocm/AbstractDescriptorElement.java,30.0,6.0,5.0,6.0,7.0,8.0,0.0,rombert@13f79535-47bb-0310-9956-ffa450edef68,0,0.0,0.0,0.0,0.0,0.0,0.0,0.0,0,0,0.0,false
maven/maven-launchpad-plugin/src/main/java/org/apache/sling/maven/projectsupport/AbstractLaunchpadStartingPlugin.java,194.0,28.0,35.0,10.0,48.0,32.0,6.0,justin@13f79535-47bb-0310-9956-ffa450edef68,1,0.0020964360587002098,25.0,25.0,0.0,0.0,1649.7894736842106,37550.33333333333,1,0,1.1505720275988207,false
maven/maven-launchpad-plugin/src/main/java/org/apache/sling/maven/projectsupport/ControlListener.java,164.0,13.0,12.0,9.0,32.0,26.0,3.0,rombert@13f79535-47bb-0310-9956-ffa450edef68,1,0.0020964360587002098,50.0,25.0,0.0,0.0,1649.7894736842106,37550.33333333333,1,0,1.1505720275988207,false
maven/maven-launchpad-plugin/src/main/java/org/apache/sling/maven/projectsupport/PreparePackageMojo.java,136.0,14.0,6.0,9.0,55.0,33.0,0.0,cziegeler@13f79535-47bb-0310-9956-ffa450edef68,0,0.0,0.0,0.0,0.0,0.0,0.0,0.0,0,0,0.0,false
maven/maven-launchpad-plugin/src/main/java/org/apache/sling/maven/projectsupport/PrepareTestWebAppMojo.java,46.0,5.0,6.0,4.0,10.0,12.0,0.0,rombert@13f79535-47bb-0310-9956-ffa450edef68,0,0.0,0.0,0.0,0.0,0.0,0.0,0.0,0,0,0.0,false
maven/maven-launchpad-plugin/src/main/java/org/apache/sling/maven/projectsupport/RunMojo.java,44.0,5.0,0.0,4.0,11.0,13.0,4.0,justin@13f79535-47bb-0310-9956-ffa450edef68,1,0.0020964360587002098,29.0,29.0,0.0,0.0,1649.7894736842106,37550.33333333333,1,0,1.1505720275988207,false
maven/maven-launchpad-plugin/src/main/java/org/apache/sling/maven/projectsupport/StartMojo.java,29.0,5.0,1.0,2.0,4.0,6.0,3.0,justin@13f79535-47bb-0310-9956-ffa450edef68,1,0.0020964360587002098,40.0,20.0,0.0,0.0,1649.7894736842106,37550.33333333333,1,0,1.1505720275988207,false
maven/maven-launchpad-plugin/src/main/java/org/apache/sling/maven/projectsupport/StatusMojo.java,21.0,3.0,0.0,1.0,2.0,2.0,6.0,rombert@13f79535-47bb-0310-9956-ffa450edef68,1,0.0020964360587002098,50.0,50.0,0.0,0.0,1649.7894736842106,37550.33333333333,1,0,1.1505720275988207,false
maven/maven-launchpad-plugin/src/main/java/org/apache/sling/maven/projectsupport/StopMojo.java,21.0,3.0,0.0,1.0,2.0,2.0,6.0,rombert@13f79535-47bb-0310-9956-ffa450edef68,1,0.0020964360587002098,50.0,50.0,0.0,0.0,1649.7894736842106,37550.33333333333,1,0,1.1505720275988207,false
maven/maven-launchpad-plugin/src/main/java/org/apache/sling/maven/projectsupport/bundlelist/BaseBundleList.java,70.0,4.0,21.0,7.0,18.0,20.0,0.0,cziegeler@13f79535-47bb-0310-9956-ffa450edef68,0,0.0,0.0,0.0,0.0,0.0,0.0,0.0,0,1,0.0,false
maven/maven-launchpad-plugin/src/test/java/org/apache/sling/maven/projectsupport/PreparePackageMojoTest.java,61.0,4.0,15.0,6.0,23.0,23.0,3.0,cziegeler@13f79535-47bb-0310-9956-ffa450edef68,1,0.0020964360587002098,14.0,0.0,0.0,0.0,1649.7894736842106,37550.33333333333,1,0,1.1505720275988207,false
samples/inplace-integration-test/src/main/java/org/apache/sling/samples/itdemo/impl/SimpleServlet.java,10.0,8.0,0.0,1.0,4.0,2.0,0.0,justin@13f79535-47bb-0310-9956-ffa450edef68,0,0.0,0.0,0.0,0.0,0.0,0.0,0.0,0,0,0.0,false
samples/inplace-integration-test/src/test/java/org/apache/sling/samples/itdemo/InitialContentIT.java,25.0,2.0,6.0,4.0,12.0,9.0,0.0,justin@13f79535-47bb-0310-9956-ffa450edef68,0,0.0,0.0,0.0,0.0,0.0,0.0,0.0,0,0,0.0,false
samples/inplace-integration-test/src/test/java/org/apache/sling/samples/itdemo/SimpleServletIT.java,10.0,2.0,0.0,1.0,3.0,2.0,0.0,justin@13f79535-47bb-0310-9956-ffa450edef68,0,0.0,0.0,0.0,0.0,0.0,0.0,0.0,0,0,0.0,false
samples/path-based-rtp/src/main/java/org/apache/sling/samples/pathbasedrtp/PathBasedResourceDecorator.java,87.0,10.0,4.0,4.0,13.0,16.0,0.0,cziegeler@13f79535-47bb-0310-9956-ffa450edef68,0,0.0,0.0,0.0,0.0,0.0,0.0,0.0,0,2,0.0,false
