name,LOC,CBO,LCOM,NOM,RFC,WMC,ACS,Ownership,numOfChanges,numberOfFIChanges,ENH,NF,BugFixing,REF,structuralWorkloadSum,semanticWorkloadSum,numberOfDeveloper,pastFaults,MAF,isBuggy
bundles/api/src/main/java/org/apache/sling/api/adapter/Adaptable.java,12.0,0.0,0.0,1.0,0.0,3.0,4.0,kwin@13f79535-47bb-0310-9956-ffa450edef68,1,0.0026455026455026454,25.0,0.0,0.0,0.0,1081.4098360655737,6676.245719420683,1,0,1.507655218124158,false
bundles/api/src/main/java/org/apache/sling/api/adapter/AdapterFactory.java,25.0,0.0,0.0,1.0,0.0,5.0,4.0,fmeschbe@13f79535-47bb-0310-9956-ffa450edef68,1,0.0026455026455026454,20.0,0.0,0.0,0.0,1081.4098360655737,6676.245719420683,1,0,1.507655218124158,false
bundles/api/src/main/java/org/apache/sling/api/adapter/AdapterManager.java,17.0,0.0,0.0,1.0,0.0,4.0,4.0,kwin@13f79535-47bb-0310-9956-ffa450edef68,1,0.0026455026455026454,25.0,0.0,0.0,0.0,1081.4098360655737,6676.245719420683,1,0,1.507655218124158,false
bundles/api/src/main/java/org/apache/sling/api/adapter/SlingAdaptable.java,55.0,2.0,0.0,3.0,3.0,8.0,4.0,kwin@13f79535-47bb-0310-9956-ffa450edef68,1,0.0026455026455026454,33.0,0.0,0.0,0.0,1081.4098360655737,6676.245719420683,1,0,1.507655218124158,false
bundles/auth/core/src/main/java/org/apache/sling/auth/core/spi/AbstractAuthenticationFormServlet.java,147.0,7.0,55.0,11.0,34.0,45.0,2.0,fmeschbe@13f79535-47bb-0310-9956-ffa450edef68,1,0.0026455026455026454,40.0,20.0,40.0,0.0,502.8333333333333,Infinity,1,0,2.032921526044943,false
bundles/auth/openid/src/main/java/org/apache/sling/auth/openid/impl/OpenIDAuthenticationHandler.java,429.0,30.0,92.0,20.0,100.0,76.0,0.0,fmeschbe@13f79535-47bb-0310-9956-ffa450edef68,0,0.0,0.0,0.0,0.0,0.0,0.0,0.0,0,0,0.0,false
bundles/commons/classloader/src/main/java/org/apache/sling/commons/classloader/DynamicClassLoaderManager.java,9.0,0.0,0.0,1.0,0.0,1.0,1.0,cziegeler@13f79535-47bb-0310-9956-ffa450edef68,1,0.0026455026455026454,25.0,0.0,0.0,0.0,3058.7894736842104,36483.343025572656,1,0,0.8754687373538999,false
bundles/commons/classloader/src/main/java/org/apache/sling/commons/classloader/impl/Activator.java,88.0,10.0,0.0,5.0,18.0,9.0,9.0,cziegeler@13f79535-47bb-0310-9956-ffa450edef68,0,0.0,0.0,0.0,0.0,0.0,0.0,0.0,0,3,0.0,true
bundles/commons/json/src/main/java/org/apache/sling/commons/json/JSONObject.java,886.0,7.0,1321.0,54.0,139.0,218.0,0.0,fmeschbe@13f79535-47bb-0310-9956-ffa450edef68,0,0.0,0.0,0.0,0.0,0.0,0.0,0.0,0,1,0.0,true
bundles/commons/log/src/main/java/org/apache/sling/commons/log/internal/Activator.java,46.0,7.0,0.0,2.0,11.0,5.0,9.0,fmeschbe@13f79535-47bb-0310-9956-ffa450edef68,0,0.0,0.0,0.0,0.0,0.0,0.0,0.0,0,0,0.0,false
bundles/commons/log/src/main/java/org/apache/sling/commons/log/internal/LogManager.java,87.0,11.0,1.0,3.0,18.0,9.0,0.0,fmeschbe@13f79535-47bb-0310-9956-ffa450edef68,0,0.0,0.0,0.0,0.0,0.0,0.0,0.0,0,0,0.0,false
bundles/commons/log/src/main/java/org/apache/sling/commons/log/internal/config/ConfigurationException.java,19.0,0.0,0.0,4.0,0.0,6.0,0.0,fmeschbe@13f79535-47bb-0310-9956-ffa450edef68,0,0.0,0.0,0.0,0.0,0.0,0.0,0.0,0,0,0.0,false
bundles/commons/log/src/main/java/org/apache/sling/commons/log/internal/config/ConfigurationServiceFactory.java,39.0,4.0,2.0,4.0,6.0,12.0,0.0,fmeschbe@13f79535-47bb-0310-9956-ffa450edef68,0,0.0,0.0,0.0,0.0,0.0,0.0,0.0,0,0,0.0,true
bundles/commons/log/src/main/java/org/apache/sling/commons/log/internal/config/GlobalConfigurator.java,10.0,2.0,0.0,1.0,4.0,3.0,0.0,fmeschbe@13f79535-47bb-0310-9956-ffa450edef68,0,0.0,0.0,0.0,0.0,0.0,0.0,0.0,0,0,0.0,false
bundles/commons/log/src/main/java/org/apache/sling/commons/log/internal/config/LogConfigurator.java,9.0,1.0,0.0,2.0,0.0,3.0,0.0,fmeschbe@13f79535-47bb-0310-9956-ffa450edef68,0,0.0,0.0,0.0,0.0,0.0,0.0,0.0,0,0,0.0,false
bundles/commons/log/src/main/java/org/apache/sling/commons/log/internal/config/LogWriterManagedServiceFactory.java,21.0,3.0,3.0,3.0,7.0,7.0,0.0,fmeschbe@13f79535-47bb-0310-9956-ffa450edef68,0,0.0,0.0,0.0,0.0,0.0,0.0,0.0,0,0,0.0,false
bundles/commons/log/src/main/java/org/apache/sling/commons/log/internal/config/LoggerManagedServiceFactory.java,21.0,3.0,3.0,3.0,7.0,7.0,0.0,fmeschbe@13f79535-47bb-0310-9956-ffa450edef68,0,0.0,0.0,0.0,0.0,0.0,0.0,0.0,0,0,0.0,false
bundles/commons/log/src/main/java/org/apache/sling/commons/log/internal/slf4j/LogConfigManager.java,443.0,14.0,133.0,22.0,101.0,80.0,0.0,fmeschbe@13f79535-47bb-0310-9956-ffa450edef68,0,0.0,0.0,0.0,0.0,0.0,0.0,0.0,0,1,0.0,false
bundles/commons/log/src/main/java/org/apache/sling/commons/log/internal/slf4j/SlingLogPanel.java,98.0,10.0,8.0,5.0,25.0,14.0,0.0,fmeschbe@13f79535-47bb-0310-9956-ffa450edef68,0,0.0,0.0,0.0,0.0,0.0,0.0,0.0,0,1,0.0,false
bundles/commons/log/src/main/java/org/apache/sling/commons/log/internal/slf4j/SlingLogger.java,321.0,6.0,2120.0,68.0,159.0,163.0,3.0,fmeschbe@13f79535-47bb-0310-9956-ffa450edef68,1,0.0026455026455026454,33.0,0.0,33.0,33.0,1081.4098360655737,6676.245719420683,1,0,1.507655218124158,false
bundles/commons/log/src/main/java/org/slf4j/impl/StaticLoggerBinder.java,28.0,3.0,4.0,4.0,4.0,7.0,3.0,fmeschbe@13f79535-47bb-0310-9956-ffa450edef68,1,0.0026455026455026454,33.0,0.0,33.0,33.0,1081.4098360655737,6676.245719420683,1,0,1.507655218124158,false
bundles/commons/testing/src/main/java/org/apache/sling/commons/testing/integration/HttpTestBase.java,348.0,23.0,88.0,17.0,82.0,78.0,4.0,bdelacretaz@13f79535-47bb-0310-9956-ffa450edef68,1,0.0026455026455026454,5.0,5.0,0.0,0.0,502.8333333333333,Infinity,1,1,2.032921526044943,true
bundles/engine/src/main/java/org/apache/sling/engine/EngineConstants.java,94.0,0.0,0.0,0.0,0.0,0.0,4.0,fmeschbe@13f79535-47bb-0310-9956-ffa450edef68,1,0.0026455026455026454,11.0,0.0,0.0,0.0,3058.7894736842104,36483.343025572656,1,0,0.8754687373538999,false
bundles/engine/src/main/java/org/apache/sling/engine/impl/SlingHttpServletRequestImpl.java,237.0,31.0,427.0,30.0,51.0,72.0,0.0,fmeschbe@13f79535-47bb-0310-9956-ffa450edef68,0,0.0,0.0,0.0,0.0,0.0,0.0,0.0,0,0,0.0,false
bundles/engine/src/main/java/org/apache/sling/engine/impl/SlingHttpServletResponseImpl.java,331.0,16.0,973.0,46.0,92.0,98.0,1.0,fmeschbe@13f79535-47bb-0310-9956-ffa450edef68,1,0.0026455026455026454,9.0,9.0,0.0,0.0,1081.4098360655737,6676.245719420683,1,0,1.507655218124158,false
bundles/engine/src/main/java/org/apache/sling/engine/impl/SlingMainServlet.java,223.0,43.0,49.0,18.0,77.0,37.0,4.0,null,2,0.005291005291005291,5.0,0.0,0.0,0.0,4140.199309749784,43159.588744993336,2,4,0.49841479717908366,false
bundles/engine/src/main/java/org/apache/sling/engine/impl/SlingRequestProcessorImpl.java,225.0,39.0,44.0,16.0,50.0,40.0,1.0,fmeschbe@13f79535-47bb-0310-9956-ffa450edef68,1,0.0026455026455026454,5.0,0.0,0.0,5.0,3058.7894736842104,36483.343025572656,1,4,0.8754687373538999,false
bundles/engine/src/main/java/org/apache/sling/engine/impl/filter/ServletFilterManager.java,145.0,13.0,25.0,11.0,29.0,29.0,3.0,fmeschbe@13f79535-47bb-0310-9956-ffa450edef68,1,0.0026455026455026454,33.0,0.0,0.0,0.0,3058.7894736842104,36483.343025572656,1,0,0.8754687373538999,false
bundles/engine/src/main/java/org/apache/sling/engine/impl/filter/SlingFilterChainHelper.java,127.0,4.0,0.0,7.0,20.0,24.0,2.0,fmeschbe@13f79535-47bb-0310-9956-ffa450edef68,1,0.0026455026455026454,11.0,0.0,0.0,0.0,3058.7894736842104,36483.343025572656,1,0,0.8754687373538999,false
bundles/engine/src/main/java/org/apache/sling/engine/impl/output/BufferProvider.java,24.0,3.0,6.0,4.0,0.0,11.0,3.0,fmeschbe@13f79535-47bb-0310-9956-ffa450edef68,1,0.0026455026455026454,25.0,0.0,0.0,0.0,1081.4098360655737,6676.245719420683,1,0,1.507655218124158,false
bundles/engine/src/main/java/org/apache/sling/engine/impl/request/ContentData.java,84.0,11.0,18.0,12.0,10.0,30.0,3.0,fmeschbe@13f79535-47bb-0310-9956-ffa450edef68,1,0.0026455026455026454,25.0,0.0,0.0,0.0,1081.4098360655737,6676.245719420683,1,0,1.507655218124158,false
bundles/engine/src/main/java/org/apache/sling/engine/impl/request/RequestData.java,387.0,39.0,730.0,41.0,72.0,119.0,3.0,fmeschbe@13f79535-47bb-0310-9956-ffa450edef68,1,0.0026455026455026454,6.0,0.0,0.0,0.0,1081.4098360655737,6676.245719420683,1,1,1.507655218124158,false
bundles/engine/src/main/java/org/apache/sling/engine/impl/request/RequestHistoryConsolePlugin.java,235.0,19.0,0.0,4.0,6.0,8.0,0.0,bdelacretaz@13f79535-47bb-0310-9956-ffa450edef68,0,0.0,0.0,0.0,0.0,0.0,0.0,0.0,0,0,0.0,false
bundles/engine/src/test/java/org/apache/sling/engine/impl/log/CustomLogFormatTest.java,34.0,1.0,3.0,3.0,5.0,4.0,0.0,fmeschbe@13f79535-47bb-0310-9956-ffa450edef68,0,0.0,0.0,0.0,0.0,0.0,0.0,0.0,0,0,0.0,false
bundles/extensions/bundleresource/src/main/java/org/apache/sling/bundleresource/impl/Activator.java,70.0,9.0,0.0,5.0,24.0,17.0,9.0,fmeschbe@13f79535-47bb-0310-9956-ffa450edef68,1,0.0026455026455026454,33.0,0.0,0.0,33.0,3058.7894736842104,36483.343025572656,1,1,0.8754687373538999,false
bundles/extensions/bundleresource/src/main/java/org/apache/sling/bundleresource/impl/BundleResourceCache.java,149.0,11.0,4.0,8.0,13.0,19.0,4.0,fmeschbe@13f79535-47bb-0310-9956-ffa450edef68,1,0.0026455026455026454,33.0,0.0,0.0,33.0,3058.7894736842104,36483.343025572656,1,0,0.8754687373538999,false
bundles/extensions/bundleresource/src/main/java/org/apache/sling/bundleresource/impl/BundleResourceWebConsolePlugin.java,122.0,18.0,20.0,9.0,34.0,23.0,4.0,fmeschbe@13f79535-47bb-0310-9956-ffa450edef68,1,0.0026455026455026454,33.0,0.0,0.0,33.0,3058.7894736842104,36483.343025572656,1,0,0.8754687373538999,false
bundles/extensions/event/src/main/java/org/apache/sling/event/impl/EventingThreadPool.java,52.0,12.0,0.0,5.0,17.0,8.0,0.0,cziegeler@13f79535-47bb-0310-9956-ffa450edef68,0,0.0,0.0,0.0,0.0,0.0,0.0,0.0,0,1,0.0,false
bundles/extensions/event/src/main/java/org/apache/sling/event/impl/jobs/DefaultJobManager.java,588.0,43.0,331.0,31.0,125.0,93.0,1.0,cziegeler@13f79535-47bb-0310-9956-ffa450edef68,1,0.0026455026455026454,6.0,0.0,0.0,0.0,3058.7894736842104,36483.343025572656,1,1,0.8754687373538999,true
bundles/extensions/event/src/main/java/org/apache/sling/event/impl/jobs/Utility.java,150.0,13.0,15.0,6.0,26.0,24.0,4.0,cziegeler@13f79535-47bb-0310-9956-ffa450edef68,1,0.0026455026455026454,4.0,0.0,0.0,0.0,3058.7894736842104,36483.343025572656,1,1,0.8754687373538999,false
bundles/extensions/event/src/main/java/org/apache/sling/event/impl/jobs/config/QueueConfigurationManager.java,82.0,9.0,0.0,4.0,11.0,13.0,0.0,cziegeler@13f79535-47bb-0310-9956-ffa450edef68,0,0.0,0.0,0.0,0.0,0.0,0.0,0.0,0,1,0.0,true
bundles/extensions/event/src/main/java/org/apache/sling/event/impl/jobs/console/WebConsolePlugin.java,385.0,23.0,75.0,14.0,146.0,53.0,0.0,cziegeler@13f79535-47bb-0310-9956-ffa450edef68,0,0.0,0.0,0.0,0.0,0.0,0.0,0.0,0,1,0.0,false
bundles/extensions/event/src/main/java/org/apache/sling/event/impl/jobs/jcr/JCRHelper.java,316.0,23.0,19.0,7.0,52.0,37.0,0.0,cziegeler@13f79535-47bb-0310-9956-ffa450edef68,0,0.0,0.0,0.0,0.0,0.0,0.0,0.0,0,0,0.0,false
bundles/extensions/event/src/main/java/org/apache/sling/event/impl/jobs/jcr/LockManager.java,295.0,28.0,0.0,12.0,98.0,45.0,2.0,cziegeler@13f79535-47bb-0310-9956-ffa450edef68,2,0.005291005291005291,29.0,0.0,0.0,0.0,3561.622807017544,Infinity,2,0,0.7610479511394762,false
bundles/extensions/event/src/main/java/org/apache/sling/event/impl/jobs/jcr/PersistenceHandler.java,1048.0,43.0,101.0,35.0,315.0,150.0,3.0,cziegeler@13f79535-47bb-0310-9956-ffa450edef68,1,0.0026455026455026454,16.0,0.0,0.0,0.0,3058.7894736842104,36483.343025572656,1,3,0.8754687373538999,true
bundles/extensions/event/src/main/java/org/apache/sling/event/impl/jobs/queues/AbstractJobQueue.java,536.0,22.0,701.0,43.0,115.0,104.0,1.0,cziegeler@13f79535-47bb-0310-9956-ffa450edef68,1,0.0026455026455026454,5.0,0.0,0.0,0.0,3058.7894736842104,36483.343025572656,1,1,0.8754687373538999,false
bundles/extensions/event/src/main/java/org/apache/sling/event/impl/jobs/queues/AbstractParallelJobQueue.java,97.0,6.0,22.0,9.0,20.0,24.0,0.0,cziegeler@13f79535-47bb-0310-9956-ffa450edef68,0,0.0,0.0,0.0,0.0,0.0,0.0,0.0,0,1,0.0,false
bundles/extensions/event/src/main/java/org/apache/sling/event/impl/jobs/queues/OrderedJobQueue.java,140.0,9.0,74.0,16.0,26.0,35.0,2.0,cziegeler@13f79535-47bb-0310-9956-ffa450edef68,1,0.0026455026455026454,4.0,0.0,4.0,4.0,3058.7894736842104,36483.343025572656,1,2,0.8754687373538999,false
bundles/extensions/event/src/main/java/org/apache/sling/event/impl/jobs/queues/ParallelJobQueue.java,44.0,9.0,0.0,6.0,7.0,11.0,2.0,cziegeler@13f79535-47bb-0310-9956-ffa450edef68,1,0.0026455026455026454,8.0,0.0,8.0,8.0,3058.7894736842104,36483.343025572656,1,0,0.8754687373538999,false
bundles/extensions/event/src/main/java/org/apache/sling/event/impl/jobs/queues/TopicRoundRobinJobQueue.java,114.0,11.0,0.0,8.0,14.0,20.0,0.0,cziegeler@13f79535-47bb-0310-9956-ffa450edef68,0,0.0,0.0,0.0,0.0,0.0,0.0,0.0,0,1,0.0,false
bundles/extensions/event/src/main/java/org/apache/sling/event/jobs/JobManager.java,64.0,2.0,45.0,10.0,0.0,26.0,0.0,cziegeler@13f79535-47bb-0310-9956-ffa450edef68,0,0.0,0.0,0.0,0.0,0.0,0.0,0.0,0,0,0.0,false
bundles/extensions/event/src/main/java/org/apache/sling/event/jobs/JobUtil.java,222.0,6.0,30.0,9.0,45.0,38.0,0.0,cziegeler@13f79535-47bb-0310-9956-ffa450edef68,0,0.0,0.0,0.0,0.0,0.0,0.0,0.0,0,0,0.0,false
bundles/extensions/event/src/test/java/org/apache/sling/event/impl/jobs/AbstractJobEventHandlerTest.java,66.0,14.0,1.0,3.0,30.0,10.0,4.0,cziegeler@13f79535-47bb-0310-9956-ffa450edef68,1,0.0026455026455026454,20.0,0.0,0.0,0.0,3058.7894736842104,36483.343025572656,1,0,0.8754687373538999,false
bundles/extensions/event/src/test/java/org/apache/sling/event/impl/jobs/ExtendedJobManager.java,18.0,1.0,2.0,4.0,4.0,7.0,3.0,cziegeler@13f79535-47bb-0310-9956-ffa450edef68,1,0.0026455026455026454,33.0,0.0,33.0,0.0,3058.7894736842104,36483.343025572656,1,0,0.8754687373538999,false
bundles/extensions/event/src/test/java/org/apache/sling/event/impl/jobs/IgnoreQueueTest.java,83.0,21.0,31.0,10.0,24.0,22.0,3.0,cziegeler@13f79535-47bb-0310-9956-ffa450edef68,1,0.0026455026455026454,25.0,0.0,25.0,0.0,3058.7894736842104,36483.343025572656,1,1,0.8754687373538999,false
bundles/extensions/event/src/test/java/org/apache/sling/event/impl/jobs/JobEventHandlerTest.java,569.0,32.0,722.0,40.0,239.0,106.0,1.0,cziegeler@13f79535-47bb-0310-9956-ffa450edef68,1,0.0026455026455026454,57.0,0.0,0.0,0.0,3058.7894736842104,36483.343025572656,1,1,0.8754687373538999,false
bundles/extensions/event/src/test/java/org/apache/sling/event/impl/jobs/OrderedJobQueueTest.java,119.0,24.0,58.0,12.0,44.0,31.0,2.0,cziegeler@13f79535-47bb-0310-9956-ffa450edef68,1,0.0026455026455026454,33.0,0.0,0.0,0.0,3058.7894736842104,36483.343025572656,1,0,0.8754687373538999,false
bundles/extensions/event/src/test/java/org/apache/sling/event/impl/jobs/RoundRobinQueueTest.java,119.0,24.0,48.0,12.0,38.0,31.0,2.0,cziegeler@13f79535-47bb-0310-9956-ffa450edef68,1,0.0026455026455026454,33.0,0.0,0.0,0.0,3058.7894736842104,36483.343025572656,1,0,0.8754687373538999,false
bundles/extensions/event/src/test/java/org/apache/sling/event/impl/jobs/UtilityTest.java,39.0,1.0,3.0,3.0,6.0,3.0,0.0,fmeschbe@13f79535-47bb-0310-9956-ffa450edef68,0,0.0,0.0,0.0,0.0,0.0,0.0,0.0,0,1,0.0,false
bundles/extensions/settings/src/main/java/org/apache/sling/settings/impl/Activator.java,80.0,9.0,0.0,5.0,21.0,14.0,9.0,cziegeler@13f79535-47bb-0310-9956-ffa450edef68,1,0.0026455026455026454,14.0,0.0,0.0,0.0,3058.7894736842104,36483.343025572656,1,0,0.8754687373538999,false
bundles/jcr/base/src/main/java/org/apache/sling/jcr/base/AbstractSlingRepository.java,593.0,19.0,352.0,44.0,119.0,135.0,0.0,null,0,0.0,0.0,0.0,0.0,0.0,0.0,0.0,0,4,0.0,true
bundles/jcr/resource/src/main/java/org/apache/sling/jcr/resource/JcrModifiablePropertyMap.java,174.0,11.0,16.0,9.0,47.0,33.0,0.0,cziegeler@13f79535-47bb-0310-9956-ffa450edef68,0,0.0,0.0,0.0,0.0,0.0,0.0,0.0,0,1,0.0,false
bundles/jcr/resource/src/main/java/org/apache/sling/jcr/resource/JcrPropertyMap.java,426.0,27.0,208.0,25.0,65.0,74.0,0.0,cziegeler@13f79535-47bb-0310-9956-ffa450edef68,0,0.0,0.0,0.0,0.0,0.0,0.0,0.0,0,0,0.0,false
bundles/jcr/resource/src/main/java/org/apache/sling/jcr/resource/internal/JcrResourceResolver.java,833.0,44.0,572.0,41.0,246.0,161.0,1.0,null,1,0.0026455026455026454,4.0,0.0,0.0,0.0,1081.4098360655737,6676.245719420683,1,8,1.507655218124158,false
bundles/jcr/resource/src/main/java/org/apache/sling/jcr/resource/internal/JcrResourceResolverWebConsolePlugin.java,220.0,23.0,41.0,11.0,59.0,28.0,1.0,fmeschbe@13f79535-47bb-0310-9956-ffa450edef68,1,0.0026455026455026454,8.0,0.0,0.0,0.0,3058.7894736842104,36483.343025572656,1,2,0.8754687373538999,false
bundles/jcr/resource/src/main/java/org/apache/sling/jcr/resource/internal/helper/MapEntries.java,302.0,28.0,9.0,15.0,101.0,47.0,1.0,fmeschbe@13f79535-47bb-0310-9956-ffa450edef68,1,0.0026455026455026454,5.0,0.0,0.0,0.0,3058.7894736842104,36483.343025572656,1,1,0.8754687373538999,false
bundles/jcr/resource/src/main/java/org/apache/sling/jcr/resource/internal/helper/jcr/JcrItemResource.java,59.0,13.0,15.0,7.0,17.0,19.0,6.0,cziegeler@13f79535-47bb-0310-9956-ffa450edef68,1,0.0026455026455026454,6.0,0.0,0.0,0.0,3058.7894736842104,36483.343025572656,1,2,0.8754687373538999,false
bundles/jcr/resource/src/main/java/org/apache/sling/jcr/resource/internal/helper/jcr/JcrNodeResource.java,173.0,30.0,0.0,10.0,57.0,38.0,6.0,cziegeler@13f79535-47bb-0310-9956-ffa450edef68,1,0.0026455026455026454,2.0,0.0,0.0,0.0,3058.7894736842104,36483.343025572656,1,5,0.8754687373538999,false
bundles/jcr/resource/src/main/java/org/apache/sling/jcr/resource/internal/helper/jcr/JcrPropertyResource.java,143.0,14.0,22.0,8.0,33.0,23.0,6.0,cziegeler@13f79535-47bb-0310-9956-ffa450edef68,1,0.0026455026455026454,4.0,0.0,0.0,0.0,3058.7894736842104,36483.343025572656,1,4,0.8754687373538999,false
bundles/jcr/resource/src/test/java/org/apache/sling/jcr/resource/internal/JcrModifiablePropertyMapTest.java,136.0,16.0,13.0,11.0,56.0,34.0,0.0,cziegeler@13f79535-47bb-0310-9956-ffa450edef68,0,0.0,0.0,0.0,0.0,0.0,0.0,0.0,0,1,0.0,false
bundles/jcr/resource/src/test/java/org/apache/sling/jcr/resource/internal/JcrResourceResolverTest.java,1409.0,35.0,0.0,53.0,492.0,113.0,1.0,null,1,0.0026455026455026454,7.0,0.0,0.0,0.0,1081.4098360655737,6676.245719420683,1,4,1.507655218124158,false
bundles/jcr/resource/src/test/java/org/apache/sling/jcr/resource/internal/helper/jcr/JcrItemResourceTestBase.java,48.0,8.0,1.0,3.0,16.0,12.0,6.0,fmeschbe@13f79535-47bb-0310-9956-ffa450edef68,1,0.0026455026455026454,33.0,0.0,0.0,0.0,3058.7894736842104,36483.343025572656,1,0,0.8754687373538999,false
bundles/jcr/resource/src/test/java/org/apache/sling/jcr/resource/internal/helper/jcr/JcrNodeResourceTest.java,152.0,12.0,45.0,10.0,88.0,20.0,6.0,cziegeler@13f79535-47bb-0310-9956-ffa450edef68,1,0.0026455026455026454,7.0,0.0,0.0,0.0,3058.7894736842104,36483.343025572656,1,2,0.8754687373538999,false
bundles/jcr/resource/src/test/java/org/apache/sling/jcr/resource/internal/helper/jcr/JcrPropertyResourceTest.java,43.0,14.0,0.0,1.0,22.0,4.0,6.0,cziegeler@13f79535-47bb-0310-9956-ffa450edef68,1,0.0026455026455026454,20.0,0.0,0.0,0.0,3058.7894736842104,36483.343025572656,1,0,0.8754687373538999,false
bundles/jcr/webconsole/src/main/java/org/apache/sling/jcr/webconsole/internal/NodeTypeConfigurationPrinter.java,176.0,19.0,45.0,10.0,51.0,35.0,0.0,cziegeler@13f79535-47bb-0310-9956-ffa450edef68,0,0.0,0.0,0.0,0.0,0.0,0.0,0.0,0,0,0.0,false
bundles/jcr/webdav/src/main/java/org/apache/sling/jcr/webdav/impl/servlets/SlingSimpleWebDavServlet.java,60.0,10.0,6.0,5.0,15.0,14.0,1.0,fmeschbe@13f79535-47bb-0310-9956-ffa450edef68,1,0.0026455026455026454,33.0,0.0,33.0,0.0,1081.4098360655737,6676.245719420683,1,0,1.507655218124158,false
bundles/scripting/api/src/main/java/sun/misc/Service.java,99.0,10.0,0.0,1.0,4.0,5.0,0.0,fmeschbe@13f79535-47bb-0310-9956-ffa450edef68,0,0.0,0.0,0.0,0.0,0.0,0.0,0.0,0,0,0.0,false
bundles/scripting/core/src/main/java/org/apache/sling/scripting/core/impl/DefaultSlingScript.java,641.0,54.0,591.0,38.0,94.0,121.0,2.0,cziegeler@13f79535-47bb-0310-9956-ffa450edef68,1,0.0026455026455026454,8.0,0.0,4.0,0.0,502.8333333333333,Infinity,1,2,2.032921526044943,false
bundles/scripting/core/src/main/java/org/apache/sling/scripting/core/impl/ScriptEngineManagerFactory.java,209.0,29.0,10.0,12.0,76.0,36.0,2.0,justin@13f79535-47bb-0310-9956-ffa450edef68,1,0.0026455026455026454,8.0,0.0,0.0,0.0,502.8333333333333,Infinity,1,1,2.032921526044943,false
bundles/scripting/core/src/main/java/org/apache/sling/scripting/core/impl/helper/ProtectedBindings.java,95.0,5.0,0.0,13.0,21.0,35.0,3.0,cziegeler@13f79535-47bb-0310-9956-ffa450edef68,1,0.0026455026455026454,14.0,0.0,14.0,0.0,502.8333333333333,Infinity,1,2,2.032921526044943,false
bundles/scripting/core/src/test/java/org/apache/sling/scripting/core/impl/ScriptEngineManagerFactoryTest.java,97.0,23.0,0.0,4.0,60.0,14.0,2.0,justin@13f79535-47bb-0310-9956-ffa450edef68,1,0.0026455026455026454,20.0,0.0,0.0,0.0,502.8333333333333,Infinity,1,0,2.032921526044943,false
bundles/scripting/core/src/test/java/org/apache/sling/scripting/core/impl/helper/ProtectedBindingsTest.java,33.0,7.0,0.0,6.0,10.0,7.0,3.0,justin@13f79535-47bb-0310-9956-ffa450edef68,1,0.0026455026455026454,50.0,0.0,50.0,0.0,502.8333333333333,Infinity,1,1,2.032921526044943,false
bundles/scripting/javascript/src/main/java/org/apache/sling/scripting/javascript/internal/RhinoJavaScriptEngine.java,112.0,21.0,8.0,5.0,48.0,19.0,1.0,fmeschbe@13f79535-47bb-0310-9956-ffa450edef68,1,0.0026455026455026454,29.0,0.0,14.0,0.0,1081.4098360655737,6676.245719420683,1,0,1.507655218124158,false
bundles/scripting/javascript/src/main/java/org/apache/sling/scripting/javascript/internal/RhinoJavaScriptEngineFactory.java,156.0,30.0,96.0,16.0,55.0,42.0,1.0,fmeschbe@13f79535-47bb-0310-9956-ffa450edef68,1,0.0026455026455026454,25.0,0.0,0.0,12.0,1081.4098360655737,6676.245719420683,1,0,1.507655218124158,false
bundles/scripting/javascript/src/main/java/org/apache/sling/scripting/javascript/wrapper/ScriptableResource.java,159.0,9.0,144.0,24.0,28.0,53.0,0.0,fmeschbe@13f79535-47bb-0310-9956-ffa450edef68,0,0.0,0.0,0.0,0.0,0.0,0.0,0.0,0,0,0.0,false
bundles/scripting/javascript/src/test/java/org/apache/sling/scripting/javascript/internal/RhinoJavaScriptEngineTest.java,31.0,9.0,0.0,1.0,6.0,3.0,1.0,fmeschbe@13f79535-47bb-0310-9956-ffa450edef68,1,0.0026455026455026454,50.0,0.0,50.0,0.0,1081.4098360655737,6676.245719420683,1,0,1.507655218124158,false
bundles/scripting/jsp/src/main/java/org/apache/sling/scripting/jsp/JspScriptEngineFactory.java,273.0,40.0,69.0,15.0,48.0,35.0,2.0,cziegeler@13f79535-47bb-0310-9956-ffa450edef68,2,0.005291005291005291,7.0,0.0,0.0,2.0,4140.199309749784,43159.588744993336,2,3,0.6604122229059257,true
bundles/scripting/jsp/src/main/java/org/apache/sling/scripting/jsp/JspServletOptions.java,458.0,13.0,381.0,30.0,17.0,73.0,0.0,cziegeler@13f79535-47bb-0310-9956-ffa450edef68,0,0.0,0.0,0.0,0.0,0.0,0.0,0.0,0,2,0.0,false
bundles/scripting/jsp/src/main/java/org/apache/sling/scripting/jsp/jasper/JspCompilationContext.java,528.0,18.0,1201.0,54.0,110.0,153.0,0.0,cziegeler@13f79535-47bb-0310-9956-ffa450edef68,0,0.0,0.0,0.0,0.0,0.0,0.0,0.0,0,2,0.0,true
bundles/scripting/jsp/src/main/java/org/apache/sling/scripting/jsp/jasper/compiler/JspRuntimeContext.java,364.0,31.0,161.0,22.0,65.0,59.0,2.0,cziegeler@13f79535-47bb-0310-9956-ffa450edef68,1,0.0026455026455026454,6.0,0.0,0.0,0.0,3058.7894736842104,36483.343025572656,1,3,0.8754687373538999,false
bundles/scripting/jsp/src/main/java/org/apache/sling/scripting/jsp/jasper/compiler/TagPluginManager.java,159.0,9.0,2.0,5.0,28.0,17.0,0.0,fmeschbe@13f79535-47bb-0310-9956-ffa450edef68,0,0.0,0.0,0.0,0.0,0.0,0.0,0.0,0,0,0.0,false
bundles/servlets/get/src/main/java/org/apache/sling/servlets/get/impl/RedirectServlet.java,196.0,18.0,26.0,8.0,57.0,35.0,1.0,fmeschbe@13f79535-47bb-0310-9956-ffa450edef68,1,0.0026455026455026454,14.0,0.0,7.0,0.0,1081.4098360655737,6676.245719420683,1,3,1.507655218124158,false
bundles/servlets/post/src/main/java/org/apache/sling/servlets/post/NodeNameGenerator.java,14.0,1.0,0.0,1.0,0.0,3.0,1.0,justin@13f79535-47bb-0310-9956-ffa450edef68,1,0.0026455026455026454,50.0,50.0,0.0,0.0,502.8333333333333,Infinity,1,0,2.032921526044943,false
bundles/servlets/post/src/main/java/org/apache/sling/servlets/post/impl/operations/ImportOperation.java,135.0,21.0,72.0,13.0,50.0,30.0,12.0,enorman@13f79535-47bb-0310-9956-ffa450edef68,2,0.005291005291005291,18.0,6.0,0.0,0.0,1584.243169398907,Infinity,2,2,1.0462298191362736,true
contrib/commons/compiler/src/main/java/org/apache/sling/commons/compiler/impl/EclipseJavaCompiler.java,385.0,35.0,50.0,12.0,30.0,36.0,1.0,cziegeler@13f79535-47bb-0310-9956-ffa450edef68,1,0.0026455026455026454,7.0,0.0,0.0,0.0,3058.7894736842104,36483.343025572656,1,0,0.8754687373538999,false
contrib/explorers/gwt/src/main/java/org/apache/sling/explorer/client/widgets/tree/resource/ResourceTree.java,122.0,20.0,3.0,6.0,35.0,14.0,0.0,cziegeler@13f79535-47bb-0310-9956-ffa450edef68,0,0.0,0.0,0.0,0.0,0.0,0.0,0.0,0,0,0.0,false
contrib/extensions/bgservlets/src/main/java/org/apache/sling/bgservlets/JobStatus.java,41.0,1.0,15.0,7.0,0.0,9.0,4.0,bdelacretaz@13f79535-47bb-0310-9956-ffa450edef68,1,0.0026455026455026454,20.0,0.0,0.0,0.0,2673.5407407407406,25713.62572639926,1,1,1.5629178967992075,false
contrib/extensions/bgservlets/src/main/java/org/apache/sling/bgservlets/impl/BackgroundRequestExecutionJob.java,110.0,19.0,63.0,14.0,22.0,26.0,4.0,bdelacretaz@13f79535-47bb-0310-9956-ffa450edef68,1,0.0026455026455026454,8.0,0.0,0.0,0.0,2673.5407407407406,25713.62572639926,1,1,1.5629178967992075,false
contrib/extensions/bgservlets/src/main/java/org/apache/sling/bgservlets/impl/SuspendableOutputStream.java,145.0,6.0,71.0,14.0,8.0,35.0,4.0,bdelacretaz@13f79535-47bb-0310-9956-ffa450edef68,1,0.0026455026455026454,12.0,0.0,0.0,0.0,2673.5407407407406,25713.62572639926,1,3,1.5629178967992075,true
contrib/extensions/bgservlets/src/main/java/org/apache/sling/bgservlets/impl/servlets/JobStateChangeServlet.java,45.0,17.0,0.0,1.0,18.0,5.0,2.0,bdelacretaz@13f79535-47bb-0310-9956-ffa450edef68,1,0.0026455026455026454,50.0,50.0,0.0,0.0,2673.5407407407406,25713.62572639926,1,0,1.5629178967992075,true
contrib/extensions/bgservlets/src/main/java/org/apache/sling/bgservlets/impl/storage/NodeJobStatusFactoryImpl.java,84.0,13.0,0.0,1.0,0.0,3.0,3.0,bdelacretaz@13f79535-47bb-0310-9956-ffa450edef68,1,0.0026455026455026454,40.0,20.0,0.0,0.0,2673.5407407407406,25713.62572639926,1,1,1.5629178967992075,true
contrib/extensions/bgservlets/src/test/java/org/apache/sling/bgservlets/impl/SuspendableOutputStreamTest.java,114.0,10.0,13.0,6.0,40.0,14.0,0.0,bdelacretaz@13f79535-47bb-0310-9956-ffa450edef68,0,0.0,0.0,0.0,0.0,0.0,0.0,0.0,0,1,0.0,true
contrib/extensions/gwt/servlet/src/main/java/org/apache/sling/extensions/gwt/user/server/rpc/SlingRemoteServiceServlet.java,117.0,12.0,2.0,5.0,17.0,18.0,0.0,fmeschbe@13f79535-47bb-0310-9956-ffa450edef68,0,0.0,0.0,0.0,0.0,0.0,0.0,0.0,0,0,0.0,false
contrib/extensions/i18n/src/main/java/org/apache/sling/i18n/impl/JcrResourceBundle.java,159.0,16.0,32.0,12.0,43.0,36.0,0.0,cziegeler@13f79535-47bb-0310-9956-ffa450edef68,0,0.0,0.0,0.0,0.0,0.0,0.0,0.0,0,0,0.0,true
contrib/jcr/compiler/src/main/java/org/apache/sling/jcr/compiler/impl/JcrJavaCompilerImpl.java,184.0,28.0,91.0,14.0,71.0,53.0,1.0,fmeschbe@13f79535-47bb-0310-9956-ffa450edef68,1,0.0026455026455026454,14.0,0.0,0.0,0.0,3058.7894736842104,36483.343025572656,1,1,0.8754687373538999,false
contrib/scripting/java/src/main/java/org/apache/sling/scripting/java/impl/CompilerOptions.java,23.0,2.0,0.0,2.0,3.0,5.0,6.0,cziegeler@13f79535-47bb-0310-9956-ffa450edef68,1,0.0026455026455026454,12.0,0.0,0.0,0.0,3058.7894736842104,36483.343025572656,1,0,0.8754687373538999,false
contrib/scripting/java/src/main/java/org/apache/sling/scripting/java/impl/JavaScriptEngineFactory.java,187.0,29.0,35.0,11.0,36.0,28.0,2.0,cziegeler@13f79535-47bb-0310-9956-ffa450edef68,2,0.005291005291005291,31.0,0.0,0.0,8.0,4140.199309749784,43159.588744993336,2,0,0.49841479717908366,false
contrib/scripting/java/src/main/java/org/apache/sling/scripting/java/impl/ServletWrapper.java,152.0,13.0,0.0,5.0,23.0,17.0,3.0,cziegeler@13f79535-47bb-0310-9956-ffa450edef68,1,0.0026455026455026454,29.0,0.0,14.0,0.0,3058.7894736842104,36483.343025572656,1,0,0.8754687373538999,false
contrib/scripting/scala/config/src/main/java/org/apache/sling/scripting/scala/config/SlingScriptInfo.java,44.0,8.0,3.0,3.0,20.0,14.0,0.0,cziegeler@13f79535-47bb-0310-9956-ffa450edef68,0,0.0,0.0,0.0,0.0,0.0,0.0,0.0,0,0,0.0,false
contrib/scripting/scala/config/src/main/java/org/apache/sling/scripting/scala/config/SlingSettingsProvider.java,122.0,27.0,1.0,7.0,49.0,29.0,0.0,cziegeler@13f79535-47bb-0310-9956-ffa450edef68,0,0.0,0.0,0.0,0.0,0.0,0.0,0.0,0,0,0.0,false
contrib/scripting/velocity/src/main/java/org/apache/sling/scripting/velocity/SlingResourceLoader.java,31.0,10.0,4.0,4.0,9.0,13.0,0.0,mykee@13f79535-47bb-0310-9956-ffa450edef68,0,0.0,0.0,0.0,0.0,0.0,0.0,0.0,0,0,0.0,false
contrib/scripting/velocity/src/main/java/org/apache/sling/scripting/velocity/VelocityScriptEngineService.java,22.0,14.0,1.0,3.0,5.0,7.0,0.0,cziegeler@13f79535-47bb-0310-9956-ffa450edef68,0,0.0,0.0,0.0,0.0,0.0,0.0,0.0,0,0,0.0,false
contrib/scripting/velocity/src/main/java/org/apache/sling/scripting/velocity/VelocityTemplatesScriptEngine.java,61.0,13.0,0.0,2.0,26.0,10.0,0.0,mykee@13f79535-47bb-0310-9956-ffa450edef68,0,0.0,0.0,0.0,0.0,0.0,0.0,0.0,0,1,0.0,false
contrib/scripting/velocity/src/main/java/org/apache/sling/scripting/velocity/VelocityTemplatesScriptEngineFactory.java,19.0,2.0,6.0,4.0,3.0,7.0,0.0,fmeschbe@13f79535-47bb-0310-9956-ffa450edef68,0,0.0,0.0,0.0,0.0,0.0,0.0,0.0,0,0,0.0,false
installer/core/src/main/java/org/apache/sling/installer/api/InstallableResource.java,106.0,2.0,10.0,8.0,2.0,27.0,11.0,cziegeler@13f79535-47bb-0310-9956-ffa450edef68,1,0.0026455026455026454,33.0,8.0,0.0,8.0,3058.7894736842104,36483.343025572656,1,0,0.8754687373538999,false
installer/core/src/main/java/org/apache/sling/installer/api/tasks/InstallTask.java,67.0,0.0,33.0,10.0,11.0,24.0,23.0,cziegeler@13f79535-47bb-0310-9956-ffa450edef68,1,0.0026455026455026454,56.0,33.0,0.0,22.0,3058.7894736842104,36483.343025572656,1,0,0.8754687373538999,false
installer/core/src/main/java/org/apache/sling/installer/api/tasks/InstallTaskFactory.java,9.0,0.0,0.0,1.0,0.0,3.0,25.0,cziegeler@13f79535-47bb-0310-9956-ffa450edef68,1,0.0026455026455026454,43.0,29.0,0.0,29.0,3058.7894736842104,36483.343025572656,1,0,0.8754687373538999,false
installer/core/src/main/java/org/apache/sling/installer/api/tasks/InstallationContext.java,17.0,0.0,3.0,3.0,0.0,5.0,26.0,cziegeler@13f79535-47bb-0310-9956-ffa450edef68,1,0.0026455026455026454,29.0,29.0,0.0,29.0,3058.7894736842104,36483.343025572656,1,0,0.8754687373538999,false
installer/core/src/main/java/org/apache/sling/installer/api/tasks/RegisteredResource.java,40.0,3.0,28.0,8.0,0.0,21.0,18.0,cziegeler@13f79535-47bb-0310-9956-ffa450edef68,1,0.0026455026455026454,62.0,25.0,0.0,25.0,3058.7894736842104,36483.343025572656,1,0,0.8754687373538999,false
installer/core/src/main/java/org/apache/sling/installer/api/tasks/ResourceState.java,0.0,0.0,0.0,0.0,0.0,0.0,23.0,cziegeler@13f79535-47bb-0310-9956-ffa450edef68,1,0.0026455026455026454,50.0,25.0,0.0,25.0,3058.7894736842104,36483.343025572656,1,0,0.8754687373538999,false
installer/core/src/main/java/org/apache/sling/installer/api/tasks/ResourceTransformer.java,11.0,0.0,0.0,1.0,0.0,3.0,10.0,cziegeler@13f79535-47bb-0310-9956-ffa450edef68,1,0.0026455026455026454,50.0,17.0,0.0,17.0,3058.7894736842104,36483.343025572656,1,0,0.8754687373538999,false
installer/core/src/main/java/org/apache/sling/installer/api/tasks/TaskResource.java,33.0,0.0,10.0,5.0,0.0,7.0,23.0,cziegeler@13f79535-47bb-0310-9956-ffa450edef68,1,0.0026455026455026454,38.0,12.0,0.0,12.0,3058.7894736842104,36483.343025572656,1,0,0.8754687373538999,false
installer/core/src/main/java/org/apache/sling/installer/api/tasks/TaskResourceGroup.java,13.0,0.0,1.0,2.0,0.0,5.0,13.0,cziegeler@13f79535-47bb-0310-9956-ffa450edef68,1,0.0026455026455026454,50.0,33.0,0.0,0.0,3058.7894736842104,36483.343025572656,1,0,0.8754687373538999,false
installer/core/src/main/java/org/apache/sling/installer/api/tasks/TransformationResult.java,75.0,2.0,20.0,8.0,0.0,12.0,13.0,cziegeler@13f79535-47bb-0310-9956-ffa450edef68,1,0.0026455026455026454,57.0,0.0,0.0,0.0,3058.7894736842104,36483.343025572656,1,0,0.8754687373538999,false
installer/core/src/main/java/org/apache/sling/installer/core/impl/AbstractInstallTask.java,9.0,4.0,1.0,2.0,0.0,3.0,21.0,cziegeler@13f79535-47bb-0310-9956-ffa450edef68,1,0.0026455026455026454,25.0,25.0,0.0,25.0,3058.7894736842104,36483.343025572656,1,0,0.8754687373538999,false
installer/core/src/main/java/org/apache/sling/installer/core/impl/Activator.java,92.0,14.0,0.0,3.0,17.0,12.0,9.0,cziegeler@13f79535-47bb-0310-9956-ffa450edef68,1,0.0026455026455026454,47.0,7.0,0.0,0.0,3058.7894736842104,36483.343025572656,1,0,0.8754687373538999,false
installer/core/src/main/java/org/apache/sling/installer/core/impl/DefaultTransformer.java,109.0,9.0,28.0,8.0,22.0,24.0,13.0,cziegeler@13f79535-47bb-0310-9956-ffa450edef68,1,0.0026455026455026454,71.0,0.0,7.0,0.0,3058.7894736842104,36483.343025572656,1,0,0.8754687373538999,false
installer/core/src/main/java/org/apache/sling/installer/core/impl/EntityResourceList.java,164.0,14.0,0.0,11.0,48.0,39.0,14.0,cziegeler@13f79535-47bb-0310-9956-ffa450edef68,1,0.0026455026455026454,40.0,17.0,3.0,10.0,3058.7894736842104,36483.343025572656,1,1,0.8754687373538999,false
installer/core/src/main/java/org/apache/sling/installer/core/impl/FileDataStore.java,130.0,10.0,20.0,8.0,29.0,22.0,10.0,cziegeler@13f79535-47bb-0310-9956-ffa450edef68,1,0.0026455026455026454,71.0,0.0,0.0,0.0,3058.7894736842104,36483.343025572656,1,0,0.8754687373538999,false
installer/core/src/main/java/org/apache/sling/installer/core/impl/InternalResource.java,207.0,17.0,31.0,11.0,57.0,40.0,11.0,cziegeler@13f79535-47bb-0310-9956-ffa450edef68,1,0.0026455026455026454,38.0,8.0,0.0,0.0,3058.7894736842104,36483.343025572656,1,0,0.8754687373538999,false
installer/core/src/main/java/org/apache/sling/installer/core/impl/InternalService.java,8.0,1.0,3.0,3.0,0.0,3.0,21.0,cziegeler@13f79535-47bb-0310-9956-ffa450edef68,1,0.0026455026455026454,67.0,0.0,0.0,0.0,3058.7894736842104,36483.343025572656,1,0,0.8754687373538999,false
installer/core/src/main/java/org/apache/sling/installer/core/impl/OsgiInstallerImpl.java,499.0,34.0,91.0,27.0,131.0,84.0,9.0,cziegeler@13f79535-47bb-0310-9956-ffa450edef68,1,0.0026455026455026454,42.0,9.0,2.0,3.0,3058.7894736842104,36483.343025572656,1,0,0.8754687373538999,false
installer/core/src/main/java/org/apache/sling/installer/core/impl/PersistentResourceList.java,226.0,20.0,0.0,12.0,62.0,48.0,14.0,cziegeler@13f79535-47bb-0310-9956-ffa450edef68,1,0.0026455026455026454,43.0,9.0,0.0,9.0,3058.7894736842104,36483.343025572656,1,0,0.8754687373538999,false
installer/core/src/main/java/org/apache/sling/installer/core/impl/RegisteredResourceImpl.java,396.0,16.0,268.0,29.0,80.0,84.0,11.0,cziegeler@13f79535-47bb-0310-9956-ffa450edef68,1,0.0026455026455026454,64.0,11.0,0.0,14.0,3058.7894736842104,36483.343025572656,1,0,0.8754687373538999,false
installer/core/src/main/java/org/apache/sling/installer/core/impl/SortingServiceTracker.java,84.0,7.0,0.0,6.0,14.0,16.0,7.0,cziegeler@13f79535-47bb-0310-9956-ffa450edef68,1,0.0026455026455026454,45.0,0.0,0.0,0.0,3058.7894736842104,36483.343025572656,1,0,0.8754687373538999,false
installer/core/src/main/java/org/apache/sling/installer/core/impl/Util.java,92.0,7.0,3.0,3.0,15.0,15.0,4.0,cziegeler@13f79535-47bb-0310-9956-ffa450edef68,1,0.0026455026455026454,60.0,0.0,0.0,20.0,3058.7894736842104,36483.343025572656,1,0,0.8754687373538999,false
installer/core/src/main/java/org/apache/sling/installer/core/impl/config/AbstractConfigTask.java,115.0,13.0,7.0,7.0,24.0,25.0,14.0,cziegeler@13f79535-47bb-0310-9956-ffa450edef68,1,0.0026455026455026454,89.0,33.0,11.0,22.0,3058.7894736842104,36483.343025572656,1,0,0.8754687373538999,false
installer/core/src/main/java/org/apache/sling/installer/core/impl/config/ConfigInstallTask.java,48.0,6.0,3.0,3.0,16.0,8.0,17.0,cziegeler@13f79535-47bb-0310-9956-ffa450edef68,1,0.0026455026455026454,86.0,29.0,14.0,14.0,3058.7894736842104,36483.343025572656,1,0,0.8754687373538999,false
installer/core/src/main/java/org/apache/sling/installer/core/impl/config/ConfigRemoveTask.java,48.0,6.0,3.0,3.0,15.0,8.0,15.0,cziegeler@13f79535-47bb-0310-9956-ffa450edef68,1,0.0026455026455026454,88.0,25.0,12.0,12.0,3058.7894736842104,36483.343025572656,1,0,0.8754687373538999,false
installer/core/src/main/java/org/apache/sling/installer/core/impl/config/ConfigTaskCreator.java,58.0,10.0,0.0,4.0,7.0,9.0,13.0,cziegeler@13f79535-47bb-0310-9956-ffa450edef68,1,0.0026455026455026454,90.0,30.0,10.0,20.0,3058.7894736842104,36483.343025572656,1,0,0.8754687373538999,false
installer/core/src/main/java/org/apache/sling/installer/core/impl/console/OsgiInstallerWebConsolePlugin.java,252.0,26.0,16.0,9.0,59.0,35.0,8.0,cziegeler@13f79535-47bb-0310-9956-ffa450edef68,1,0.0026455026455026454,56.0,6.0,0.0,0.0,3058.7894736842104,36483.343025572656,1,0,0.8754687373538999,false
installer/core/src/main/java/org/apache/sling/installer/core/impl/tasks/BundleInstallTask.java,47.0,6.0,1.0,3.0,23.0,8.0,15.0,cziegeler@13f79535-47bb-0310-9956-ffa450edef68,1,0.0026455026455026454,46.0,23.0,15.0,15.0,3058.7894736842104,36483.343025572656,1,0,0.8754687373538999,false
installer/core/src/main/java/org/apache/sling/installer/core/impl/tasks/BundleRemoveTask.java,39.0,7.0,1.0,3.0,14.0,7.0,20.0,cziegeler@13f79535-47bb-0310-9956-ffa450edef68,1,0.0026455026455026454,55.0,27.0,9.0,18.0,3058.7894736842104,36483.343025572656,1,0,0.8754687373538999,false
installer/core/src/main/java/org/apache/sling/installer/core/impl/tasks/BundleStartTask.java,107.0,10.0,7.0,6.0,25.0,20.0,14.0,cziegeler@13f79535-47bb-0310-9956-ffa450edef68,1,0.0026455026455026454,56.0,19.0,6.0,12.0,3058.7894736842104,36483.343025572656,1,0,0.8754687373538999,false
installer/core/src/main/java/org/apache/sling/installer/core/impl/tasks/BundleTaskCreator.java,216.0,19.0,39.0,11.0,30.0,31.0,14.0,cziegeler@13f79535-47bb-0310-9956-ffa450edef68,1,0.0026455026455026454,52.0,19.0,5.0,5.0,3058.7894736842104,36483.343025572656,1,0,0.8754687373538999,false
installer/core/src/main/java/org/apache/sling/installer/core/impl/tasks/BundleUpdateTask.java,67.0,7.0,4.0,4.0,27.0,12.0,15.0,cziegeler@13f79535-47bb-0310-9956-ffa450edef68,1,0.0026455026455026454,45.0,15.0,5.0,10.0,3058.7894736842104,36483.343025572656,1,0,0.8754687373538999,false
installer/core/src/main/java/org/apache/sling/installer/core/impl/tasks/ChangeStateTask.java,20.0,4.0,1.0,3.0,3.0,4.0,23.0,cziegeler@13f79535-47bb-0310-9956-ffa450edef68,1,0.0026455026455026454,67.0,33.0,17.0,17.0,3058.7894736842104,36483.343025572656,1,0,0.8754687373538999,false
installer/core/src/main/java/org/apache/sling/installer/core/impl/tasks/SynchronousRefreshPackagesTask.java,76.0,7.0,7.0,6.0,20.0,17.0,19.0,cziegeler@13f79535-47bb-0310-9956-ffa450edef68,1,0.0026455026455026454,33.0,22.0,0.0,22.0,3058.7894736842104,36483.343025572656,1,0,0.8754687373538999,false
installer/core/src/main/java/org/apache/sling/installer/core/impl/tasks/SystemBundleUpdateTask.java,101.0,8.0,9.0,6.0,31.0,16.0,17.0,cziegeler@13f79535-47bb-0310-9956-ffa450edef68,1,0.0026455026455026454,43.0,21.0,7.0,14.0,3058.7894736842104,36483.343025572656,1,0,0.8754687373538999,false
installer/core/src/test/java/org/apache/sling/installer/api/InstallableResourceTest.java,28.0,5.0,1.0,2.0,4.0,3.0,3.0,cziegeler@13f79535-47bb-0310-9956-ffa450edef68,1,0.0026455026455026454,33.0,33.0,0.0,0.0,3058.7894736842104,36483.343025572656,1,0,0.8754687373538999,false
installer/core/src/test/java/org/apache/sling/installer/core/impl/DictionaryDigestTest.java,66.0,6.0,15.0,6.0,16.0,16.0,13.0,cziegeler@13f79535-47bb-0310-9956-ffa450edef68,1,0.0026455026455026454,75.0,0.0,0.0,0.0,3058.7894736842104,36483.343025572656,1,0,0.8754687373538999,false
installer/core/src/test/java/org/apache/sling/installer/core/impl/InternalResourceTest.java,46.0,11.0,10.0,5.0,22.0,11.0,2.0,cziegeler@13f79535-47bb-0310-9956-ffa450edef68,1,0.0026455026455026454,100.0,100.0,0.0,0.0,3058.7894736842104,36483.343025572656,1,0,0.8754687373538999,false
installer/core/src/test/java/org/apache/sling/installer/core/impl/MockBundleContext.java,73.0,14.0,231.0,22.0,5.0,45.0,9.0,cziegeler@13f79535-47bb-0310-9956-ffa450edef68,1,0.0026455026455026454,20.0,0.0,0.0,0.0,3058.7894736842104,36483.343025572656,1,0,0.8754687373538999,false
installer/core/src/test/java/org/apache/sling/installer/core/impl/MockBundleResource.java,134.0,9.0,132.0,20.0,15.0,38.0,20.0,cziegeler@13f79535-47bb-0310-9956-ffa450edef68,1,0.0026455026455026454,60.0,20.0,0.0,20.0,3058.7894736842104,36483.343025572656,1,0,0.8754687373538999,false
installer/core/src/test/java/org/apache/sling/installer/core/impl/RegisteredResourceComparatorTest.java,99.0,12.0,91.0,14.0,30.0,26.0,15.0,cziegeler@13f79535-47bb-0310-9956-ffa450edef68,1,0.0026455026455026454,73.0,9.0,0.0,9.0,3058.7894736842104,36483.343025572656,1,0,0.8754687373538999,false
installer/core/src/test/java/org/apache/sling/installer/core/impl/RegisteredResourceTest.java,102.0,19.0,55.0,11.0,55.0,31.0,16.0,cziegeler@13f79535-47bb-0310-9956-ffa450edef68,1,0.0026455026455026454,83.0,17.0,0.0,8.0,3058.7894736842104,36483.343025572656,1,0,0.8754687373538999,false
installer/core/src/test/java/org/apache/sling/installer/core/impl/TaskOrderingTest.java,120.0,15.0,1.0,7.0,21.0,18.0,15.0,cziegeler@13f79535-47bb-0310-9956-ffa450edef68,1,0.0026455026455026454,75.0,17.0,0.0,8.0,3058.7894736842104,36483.343025572656,1,0,0.8754687373538999,false
installer/core/src/test/java/org/apache/sling/installer/core/impl/mocks/MockFileDataStore.java,8.0,2.0,1.0,2.0,0.0,2.0,3.0,cziegeler@13f79535-47bb-0310-9956-ffa450edef68,1,0.0026455026455026454,100.0,100.0,0.0,0.0,3058.7894736842104,36483.343025572656,1,0,0.8754687373538999,false
installer/core/src/test/java/org/apache/sling/installer/core/impl/tasks/BundleTaskCreatorTest.java,129.0,13.0,0.0,10.0,64.0,23.0,23.0,cziegeler@13f79535-47bb-0310-9956-ffa450edef68,1,0.0026455026455026454,50.0,38.0,0.0,25.0,3058.7894736842104,36483.343025572656,1,0,0.8754687373538999,false
installer/core/src/test/java/org/apache/sling/installer/core/impl/tasks/MockBundleTaskCreator.java,19.0,5.0,1.0,3.0,4.0,6.0,16.0,cziegeler@13f79535-47bb-0310-9956-ffa450edef68,1,0.0026455026455026454,60.0,0.0,0.0,0.0,3058.7894736842104,36483.343025572656,1,0,0.8754687373538999,false
installer/factories/deploymentpck/src/main/java/org/apache/sling/installer/factories/deploypck/impl/Activator.java,68.0,12.0,0.0,5.0,14.0,15.0,9.0,cziegeler@13f79535-47bb-0310-9956-ffa450edef68,1,0.0026455026455026454,100.0,0.0,0.0,0.0,3058.7894736842104,36483.343025572656,1,0,0.8754687373538999,false
installer/factories/deploymentpck/src/main/java/org/apache/sling/installer/factories/deploypck/impl/DeployPckTask.java,82.0,13.0,1.0,3.0,18.0,9.0,4.0,cziegeler@13f79535-47bb-0310-9956-ffa450edef68,1,0.0026455026455026454,100.0,0.0,0.0,0.0,3058.7894736842104,36483.343025572656,1,0,0.8754687373538999,false
installer/factories/deploymentpck/src/main/java/org/apache/sling/installer/factories/deploypck/impl/DeploymentPackageInstaller.java,80.0,14.0,2.0,4.0,16.0,16.0,3.0,cziegeler@13f79535-47bb-0310-9956-ffa450edef68,1,0.0026455026455026454,67.0,0.0,33.0,0.0,3058.7894736842104,36483.343025572656,1,0,0.8754687373538999,false
installer/providers/jcr/src/main/java/org/apache/sling/installer/provider/jcr/impl/ConfigNodeConverter.java,120.0,19.0,9.0,6.0,42.0,26.0,1.0,cziegeler@13f79535-47bb-0310-9956-ffa450edef68,1,0.0026455026455026454,50.0,0.0,0.0,0.0,3058.7894736842104,36483.343025572656,1,0,0.8754687373538999,false
installer/providers/jcr/src/main/java/org/apache/sling/installer/provider/jcr/impl/FileNodeConverter.java,44.0,7.0,0.0,2.0,11.0,11.0,3.0,cziegeler@13f79535-47bb-0310-9956-ffa450edef68,1,0.0026455026455026454,40.0,0.0,0.0,0.0,3058.7894736842104,36483.343025572656,1,0,0.8754687373538999,false
installer/providers/jcr/src/test/java/org/apache/sling/installer/provider/jcr/impl/JcrInstallTestBase.java,68.0,4.0,13.0,7.0,20.0,16.0,3.0,cziegeler@13f79535-47bb-0310-9956-ffa450edef68,1,0.0026455026455026454,50.0,0.0,0.0,0.0,3058.7894736842104,36483.343025572656,1,0,0.8754687373538999,false
launchpad/api/src/main/java/org/apache/sling/launchpad/api/LaunchpadContentProvider.java,17.0,3.0,3.0,3.0,0.0,5.0,0.0,justin@13f79535-47bb-0310-9956-ffa450edef68,0,0.0,0.0,0.0,0.0,0.0,0.0,0.0,0,0,0.0,false
launchpad/base/src/main/java/org/apache/sling/launchpad/base/app/MainDelegate.java,237.0,16.0,83.0,15.0,47.0,41.0,0.0,fmeschbe@13f79535-47bb-0310-9956-ffa450edef68,0,0.0,0.0,0.0,0.0,0.0,0.0,0.0,0,1,0.0,false
launchpad/base/src/main/java/org/apache/sling/launchpad/base/impl/BootstrapInstaller.java,646.0,32.0,210.0,28.0,157.0,113.0,2.0,cziegeler@13f79535-47bb-0310-9956-ffa450edef68,1,0.0026455026455026454,5.0,0.0,0.0,5.0,3058.7894736842104,36483.343025572656,1,1,0.8754687373538999,true
launchpad/base/src/main/java/org/apache/sling/launchpad/base/impl/ClassLoaderResourceProvider.java,56.0,14.0,0.0,4.0,21.0,14.0,0.0,bdelacretaz@13f79535-47bb-0310-9956-ffa450edef68,0,0.0,0.0,0.0,0.0,0.0,0.0,0.0,0,0,0.0,false
launchpad/base/src/main/java/org/apache/sling/launchpad/base/impl/ContextConnection.java,61.0,5.0,0.0,6.0,8.0,18.0,0.0,fmeschbe@13f79535-47bb-0310-9956-ffa450edef68,0,0.0,0.0,0.0,0.0,0.0,0.0,0.0,0,0,0.0,false
launchpad/base/src/main/java/org/apache/sling/launchpad/base/impl/ContextProtocolHandler.java,23.0,4.0,0.0,2.0,0.0,4.0,0.0,fmeschbe@13f79535-47bb-0310-9956-ffa450edef68,0,0.0,0.0,0.0,0.0,0.0,0.0,0.0,0,0,0.0,false
launchpad/base/src/main/java/org/apache/sling/launchpad/base/impl/Sling.java,548.0,38.0,39.0,18.0,133.0,80.0,0.0,cziegeler@13f79535-47bb-0310-9956-ffa450edef68,0,0.0,0.0,0.0,0.0,0.0,0.0,0.0,0,0,0.0,false
launchpad/base/src/main/java/org/apache/sling/launchpad/base/shared/SharedConstants.java,48.0,0.0,0.0,0.0,0.0,0.0,6.0,cziegeler@13f79535-47bb-0310-9956-ffa450edef68,1,0.0026455026455026454,10.0,10.0,0.0,0.0,1081.4098360655737,6676.245719420683,1,0,1.507655218124158,false
launchpad/base/src/main/java/org/apache/sling/launchpad/base/webapp/SlingBridge.java,9.0,8.0,0.0,1.0,3.0,3.0,0.0,fmeschbe@13f79535-47bb-0310-9956-ffa450edef68,0,0.0,0.0,0.0,0.0,0.0,0.0,0.0,0,1,0.0,false
launchpad/base/src/main/java/org/apache/sling/launchpad/base/webapp/SlingHttpSessionListenerDelegate.java,24.0,7.0,0.0,7.0,7.0,7.0,6.0,fmeschbe@13f79535-47bb-0310-9956-ffa450edef68,1,0.0026455026455026454,100.0,100.0,0.0,0.0,1081.4098360655737,6676.245719420683,1,0,1.507655218124158,false
launchpad/base/src/main/java/org/apache/sling/launchpad/base/webapp/SlingServletDelegate.java,289.0,29.0,58.0,13.0,33.0,39.0,0.0,cziegeler@13f79535-47bb-0310-9956-ffa450edef68,0,0.0,0.0,0.0,0.0,0.0,0.0,0.0,0,2,0.0,false
launchpad/base/src/main/java/org/apache/sling/launchpad/webapp/SlingServlet.java,284.0,15.0,13.0,14.0,56.0,48.0,6.0,fmeschbe@13f79535-47bb-0310-9956-ffa450edef68,1,0.0026455026455026454,9.0,9.0,0.0,0.0,1081.4098360655737,6676.245719420683,1,2,1.507655218124158,false
launchpad/base/src/main/java/org/apache/sling/launchpad/webapp/SlingSessionListener.java,70.0,8.0,0.0,9.0,12.0,19.0,3.0,fmeschbe@13f79535-47bb-0310-9956-ffa450edef68,1,0.0026455026455026454,100.0,50.0,50.0,0.0,1081.4098360655737,6676.245719420683,1,0,1.507655218124158,false
launchpad/installer/src/main/java/org/apache/sling/launchpad/installer/impl/Activator.java,22.0,2.0,0.0,2.0,1.0,2.0,9.0,cziegeler@13f79535-47bb-0310-9956-ffa450edef68,1,0.0026455026455026454,100.0,0.0,0.0,0.0,3058.7894736842104,36483.343025572656,1,0,0.8754687373538999,false
launchpad/installer/src/main/java/org/apache/sling/launchpad/installer/impl/LaunchpadConfigInstaller.java,36.0,9.0,0.0,1.0,9.0,3.0,2.0,cziegeler@13f79535-47bb-0310-9956-ffa450edef68,2,0.005291005291005291,23.0,5.0,5.0,0.0,5732.330214424951,62196.968751971915,2,0,0.4774367341227663,true
launchpad/installer/src/main/java/org/apache/sling/launchpad/installer/impl/ServicesListener.java,94.0,8.0,0.0,3.0,5.0,5.0,11.0,cziegeler@13f79535-47bb-0310-9956-ffa450edef68,1,0.0026455026455026454,17.0,0.0,0.0,0.0,3058.7894736842104,36483.343025572656,1,0,0.8754687373538999,false
launchpad/integration-tests/src/main/java/org/apache/sling/launchpad/webapp/integrationtest/FiltersTest.java,10.0,4.0,0.0,1.0,5.0,3.0,1.0,bdelacretaz@13f79535-47bb-0310-9956-ffa450edef68,1,0.0026455026455026454,33.0,0.0,33.0,0.0,2673.5407407407406,25713.62572639926,1,0,1.5629178967992075,false
launchpad/integration-tests/src/main/java/org/apache/sling/launchpad/webapp/integrationtest/LaunchpadConfigInstallerTest.java,12.0,1.0,0.0,1.0,2.0,2.0,5.0,bdelacretaz@13f79535-47bb-0310-9956-ffa450edef68,1,0.0026455026455026454,100.0,0.0,100.0,0.0,2673.5407407407406,25713.62572639926,1,0,1.5629178967992075,false
launchpad/integration-tests/src/main/java/org/apache/sling/launchpad/webapp/integrationtest/PropertyRenderingTest.java,65.0,3.0,33.0,11.0,28.0,22.0,1.0,cziegeler@13f79535-47bb-0310-9956-ffa450edef68,1,0.0026455026455026454,17.0,0.0,17.0,0.0,3058.7894736842104,36483.343025572656,1,0,0.8754687373538999,false
launchpad/integration-tests/src/main/java/org/apache/sling/launchpad/webapp/integrationtest/RedirectTest.java,120.0,8.0,0.0,6.0,50.0,14.0,1.0,fmeschbe@13f79535-47bb-0310-9956-ffa450edef68,1,0.0026455026455026454,40.0,0.0,20.0,0.0,1081.4098360655737,6676.245719420683,1,0,1.507655218124158,false
launchpad/integration-tests/src/main/java/org/apache/sling/launchpad/webapp/integrationtest/ResourceDecoratorTest.java,9.0,1.0,0.0,1.0,4.0,2.0,3.0,bdelacretaz@13f79535-47bb-0310-9956-ffa450edef68,1,0.0026455026455026454,100.0,0.0,0.0,0.0,2673.5407407407406,25713.62572639926,1,0,1.5629178967992075,false
launchpad/integration-tests/src/main/java/org/apache/sling/launchpad/webapp/integrationtest/auth/AuthenticationResponseCodeTest.java,127.0,14.0,66.0,12.0,63.0,29.0,1.0,fmeschbe@13f79535-47bb-0310-9956-ffa450edef68,1,0.0026455026455026454,8.0,0.0,8.0,0.0,502.8333333333333,Infinity,1,0,2.032921526044943,true
launchpad/integration-tests/src/main/java/org/apache/sling/launchpad/webapp/integrationtest/login/FormGenerationTest.java,22.0,3.0,3.0,3.0,12.0,9.0,2.0,rombert@13f79535-47bb-0310-9956-ffa450edef68,1,0.0026455026455026454,75.0,50.0,75.0,0.0,502.8333333333333,Infinity,1,0,2.032921526044943,false
launchpad/integration-tests/src/main/java/org/apache/sling/launchpad/webapp/integrationtest/servlets/post/PostServletImportTest.java,441.0,20.0,0.0,22.0,224.0,58.0,1.0,enorman@13f79535-47bb-0310-9956-ffa450edef68,1,0.0026455026455026454,8.0,0.0,8.0,0.0,502.8333333333333,Infinity,1,3,2.032921526044943,true
launchpad/integration-tests/src/main/java/org/apache/sling/launchpad/webapp/integrationtest/servlets/post/PostServletOutputContentTypeTest.java,57.0,5.0,26.0,8.0,23.0,19.0,1.0,bdelacretaz@13f79535-47bb-0310-9956-ffa450edef68,1,0.0026455026455026454,25.0,25.0,0.0,0.0,502.8333333333333,Infinity,1,0,2.032921526044943,true
launchpad/test-services/src/main/java/org/apache/sling/launchpad/testservices/exported/TestEnum.java,0.0,0.0,0.0,0.0,0.0,0.0,14.0,bdelacretaz@13f79535-47bb-0310-9956-ffa450edef68,1,0.0026455026455026454,50.0,0.0,50.0,0.0,3058.7894736842104,36483.343025572656,1,0,0.8754687373538999,false
launchpad/test-services/src/main/java/org/apache/sling/launchpad/testservices/filters/HttpServiceExtFilter.java,13.0,0.0,0.0,1.0,0.0,2.0,17.0,bdelacretaz@13f79535-47bb-0310-9956-ffa450edef68,2,0.005291005291005291,67.0,0.0,33.0,0.0,5732.330214424951,62196.968751971915,2,0,0.5260461365166084,false
launchpad/test-services/src/main/java/org/apache/sling/launchpad/testservices/filters/NoPropertyFilter.java,13.0,0.0,0.0,1.0,0.0,2.0,17.0,bdelacretaz@13f79535-47bb-0310-9956-ffa450edef68,2,0.005291005291005291,67.0,0.0,33.0,0.0,5732.330214424951,62196.968751971915,2,0,0.5260461365166084,false
launchpad/test-services/src/main/java/org/apache/sling/launchpad/testservices/filters/SlingFilter.java,14.0,0.0,0.0,1.0,0.0,2.0,17.0,bdelacretaz@13f79535-47bb-0310-9956-ffa450edef68,2,0.005291005291005291,67.0,0.0,33.0,0.0,5732.330214424951,62196.968751971915,2,0,0.5260461365166084,false
launchpad/test-services/src/main/java/org/apache/sling/launchpad/testservices/filters/TestFilter.java,20.0,10.0,6.0,4.0,7.0,7.0,17.0,bdelacretaz@13f79535-47bb-0310-9956-ffa450edef68,2,0.005291005291005291,67.0,0.0,33.0,0.0,5732.330214424951,62196.968751971915,2,0,0.5260461365166084,false
launchpad/test-services/src/main/java/org/apache/sling/launchpad/testservices/resource/TestResourceDecorator.java,21.0,6.0,1.0,3.0,3.0,7.0,3.0,bdelacretaz@13f79535-47bb-0310-9956-ffa450edef68,1,0.0026455026455026454,100.0,0.0,0.0,0.0,2673.5407407407406,25713.62572639926,1,0,1.5629178967992075,false
launchpad/test-services/src/main/java/org/apache/sling/launchpad/testservices/scripting/GroovyBindingsValuesProvider.java,13.0,2.0,0.0,1.0,1.0,1.0,17.0,bdelacretaz@13f79535-47bb-0310-9956-ffa450edef68,2,0.005291005291005291,67.0,0.0,33.0,0.0,5732.330214424951,62196.968751971915,2,0,0.5260461365166084,false
launchpad/test-services/src/main/java/org/apache/sling/launchpad/testservices/scripting/JSPBindingsValuesProvider.java,13.0,2.0,0.0,1.0,1.0,1.0,17.0,bdelacretaz@13f79535-47bb-0310-9956-ffa450edef68,2,0.005291005291005291,67.0,0.0,33.0,0.0,5732.330214424951,62196.968751971915,2,0,0.5260461365166084,false
launchpad/test-services/src/main/java/org/apache/sling/launchpad/testservices/scripting/StringBindingsValuesProvider.java,12.0,2.0,0.0,1.0,1.0,1.0,17.0,bdelacretaz@13f79535-47bb-0310-9956-ffa450edef68,2,0.005291005291005291,67.0,0.0,33.0,0.0,5732.330214424951,62196.968751971915,2,0,0.5260461365166084,false
launchpad/test-services/src/main/java/org/apache/sling/launchpad/testservices/servlets/ExtensionServlet.java,11.0,0.0,0.0,0.0,0.0,0.0,17.0,fmeschbe@13f79535-47bb-0310-9956-ffa450edef68,2,0.005291005291005291,67.0,0.0,33.0,0.0,5732.330214424951,62196.968751971915,2,0,0.5260461365166084,false
launchpad/test-services/src/main/java/org/apache/sling/launchpad/testservices/servlets/GetConfigServlet.java,47.0,18.0,0.0,1.0,27.0,5.0,4.0,bdelacretaz@13f79535-47bb-0310-9956-ffa450edef68,2,0.005291005291005291,100.0,0.0,100.0,0.0,5732.330214424951,62196.968751971915,2,0,0.697254008689292,false
launchpad/test-services/src/main/java/org/apache/sling/launchpad/testservices/servlets/HtmlDefaultServlet.java,10.0,0.0,0.0,0.0,0.0,0.0,14.0,fmeschbe@13f79535-47bb-0310-9956-ffa450edef68,2,0.005291005291005291,75.0,0.0,50.0,0.0,5732.330214424951,62196.968751971915,2,0,0.697254008689292,false
launchpad/test-services/src/main/java/org/apache/sling/launchpad/testservices/servlets/PrefixServletMinusOne.java,12.0,0.0,0.0,0.0,0.0,0.0,14.0,fmeschbe@13f79535-47bb-0310-9956-ffa450edef68,2,0.005291005291005291,75.0,0.0,50.0,0.0,5732.330214424951,62196.968751971915,2,0,0.697254008689292,false
launchpad/test-services/src/main/java/org/apache/sling/launchpad/testservices/servlets/PrefixServletZero.java,12.0,0.0,0.0,0.0,0.0,0.0,14.0,fmeschbe@13f79535-47bb-0310-9956-ffa450edef68,2,0.005291005291005291,75.0,0.0,50.0,0.0,5732.330214424951,62196.968751971915,2,0,0.697254008689292,false
launchpad/test-services/src/main/java/org/apache/sling/launchpad/testservices/servlets/PutMethodServlet.java,14.0,4.0,0.0,1.0,1.0,2.0,14.0,fmeschbe@13f79535-47bb-0310-9956-ffa450edef68,2,0.005291005291005291,75.0,0.0,50.0,0.0,5732.330214424951,62196.968751971915,2,0,0.697254008689292,false
launchpad/test-services/src/main/java/org/apache/sling/launchpad/testservices/servlets/SelectorServlet.java,12.0,0.0,0.0,0.0,0.0,0.0,14.0,bdelacretaz@13f79535-47bb-0310-9956-ffa450edef68,2,0.005291005291005291,50.0,0.0,33.0,0.0,5732.330214424951,62196.968751971915,2,0,0.697254008689292,false
launchpad/testing-war/src/test/java/org/apache/sling/launchpad/testing/LoggingSuite.java,29.0,6.0,1.0,3.0,11.0,4.0,18.0,rombert@13f79535-47bb-0310-9956-ffa450edef68,1,0.0026455026455026454,33.0,0.0,0.0,0.0,502.8333333333333,Infinity,1,0,2.032921526044943,false
launchpad/testing-war/src/test/java/org/apache/sling/launchpad/testing/TestAll.java,110.0,19.0,15.0,6.0,43.0,26.0,18.0,rombert@13f79535-47bb-0310-9956-ffa450edef68,1,0.0026455026455026454,33.0,0.0,0.0,0.0,502.8333333333333,Infinity,1,0,2.032921526044943,false
maven/maven-launchpad-plugin/src/main/java/org/apache/sling/maven/projectsupport/AbstractBundleListMojo.java,254.0,31.0,75.0,14.0,67.0,52.0,1.0,cziegeler@13f79535-47bb-0310-9956-ffa450edef68,1,0.0026455026455026454,5.0,5.0,5.0,0.0,502.8333333333333,Infinity,1,3,2.032921526044943,false
maven/maven-launchpad-plugin/src/main/java/org/apache/sling/maven/projectsupport/AbstractLaunchpadStartingMojo.java,259.0,31.0,50.0,12.0,67.0,41.0,0.0,cziegeler@13f79535-47bb-0310-9956-ffa450edef68,0,0.0,0.0,0.0,0.0,0.0,0.0,0.0,0,1,0.0,false
maven/maven-launchpad-plugin/src/main/java/org/apache/sling/maven/projectsupport/PreparePackageMojo.java,145.0,14.0,15.0,10.0,58.0,36.0,0.0,cziegeler@13f79535-47bb-0310-9956-ffa450edef68,0,0.0,0.0,0.0,0.0,0.0,0.0,0.0,0,0,0.0,false
maven/maven-launchpad-plugin/src/main/java/org/apache/sling/maven/projectsupport/RunMojo.java,48.0,5.0,0.0,4.0,11.0,13.0,0.0,justin@13f79535-47bb-0310-9956-ffa450edef68,0,0.0,0.0,0.0,0.0,0.0,0.0,0.0,0,0,0.0,false
maven/maven-launchpad-plugin/src/main/java/org/apache/sling/maven/projectsupport/StartMojo.java,29.0,5.0,1.0,2.0,4.0,6.0,0.0,justin@13f79535-47bb-0310-9956-ffa450edef68,0,0.0,0.0,0.0,0.0,0.0,0.0,0.0,0,0,0.0,false
samples/installing-dependencies/src/main/java/org/apache/sling/samples/dependenciesinstall/MultiValuedResourceTypeTest.java,23.0,13.0,0.0,3.0,15.0,6.0,3.0,justin@13f79535-47bb-0310-9956-ffa450edef68,1,0.0026455026455026454,100.0,100.0,0.0,0.0,502.8333333333333,Infinity,1,0,2.032921526044943,false
samples/slingbucks/src/main/java/org/apache/sling/slingbucks/server/ConfirmedOrdersObserver.java,115.0,22.0,0.0,5.0,50.0,19.0,0.0,bdelacretaz@13f79535-47bb-0310-9956-ffa450edef68,0,0.0,0.0,0.0,0.0,0.0,0.0,0.0,0,0,0.0,false
samples/slingbucks/src/main/java/org/apache/sling/slingbucks/server/HexNodeNameGenerator.java,22.0,7.0,0.0,1.0,6.0,4.0,0.0,bdelacretaz@13f79535-47bb-0310-9956-ffa450edef68,0,0.0,0.0,0.0,0.0,0.0,0.0,0.0,0,0,0.0,false
samples/slingbucks/src/main/java/org/apache/sling/slingbucks/server/SlingbucksConstants.java,9.0,0.0,0.0,0.0,0.0,0.0,0.0,bdelacretaz@13f79535-47bb-0310-9956-ffa450edef68,0,0.0,0.0,0.0,0.0,0.0,0.0,0.0,0,0,0.0,false
samples/slingshot/src/main/java/org/apache/sling/sample/slingshot/impl/AutomaticTaggingService.java,61.0,18.0,0.0,1.0,18.0,5.0,0.0,cziegeler@13f79535-47bb-0310-9956-ffa450edef68,0,0.0,0.0,0.0,0.0,0.0,0.0,0.0,0,0,0.0,false
samples/slingshot/src/main/java/org/apache/sling/sample/slingshot/impl/ResourceTypeConversionDecorator.java,44.0,10.0,1.0,2.0,4.0,5.0,0.0,cziegeler@13f79535-47bb-0310-9956-ffa450edef68,0,0.0,0.0,0.0,0.0,0.0,0.0,0.0,0,1,0.0,false
testing/junit/core/src/main/java/org/apache/sling/junit/Activator.java,15.0,2.0,0.0,3.0,0.0,6.0,9.0,bdelacretaz@13f79535-47bb-0310-9956-ffa450edef68,1,0.0026455026455026454,100.0,0.0,0.0,100.0,2673.5407407407406,25713.62572639926,1,0,1.5629178967992075,false
testing/junit/core/src/main/java/org/apache/sling/junit/JUnitTestsManager.java,13.0,1.0,1.0,2.0,0.0,5.0,23.0,bdelacretaz@13f79535-47bb-0310-9956-ffa450edef68,1,0.0026455026455026454,100.0,0.0,0.0,100.0,2673.5407407407406,25713.62572639926,1,0,1.5629178967992075,false
testing/junit/core/src/main/java/org/apache/sling/junit/TestObjectProcessor.java,6.0,0.0,0.0,1.0,0.0,2.0,34.0,bdelacretaz@13f79535-47bb-0310-9956-ffa450edef68,1,0.0026455026455026454,100.0,0.0,0.0,100.0,2673.5407407407406,25713.62572639926,1,0,1.5629178967992075,false
testing/junit/core/src/main/java/org/apache/sling/junit/TestsProvider.java,21.0,1.0,6.0,4.0,0.0,8.0,18.0,bdelacretaz@13f79535-47bb-0310-9956-ffa450edef68,1,0.0026455026455026454,100.0,0.0,0.0,50.0,2673.5407407407406,25713.62572639926,1,0,1.5629178967992075,false
testing/junit/core/src/main/java/org/apache/sling/junit/annotations/AutoDetect.java,7.0,0.0,0.0,1.0,0.0,1.0,34.0,bdelacretaz@13f79535-47bb-0310-9956-ffa450edef68,1,0.0026455026455026454,100.0,0.0,0.0,100.0,2673.5407407407406,25713.62572639926,1,0,1.5629178967992075,false
testing/junit/core/src/main/java/org/apache/sling/junit/annotations/SlingAnnotationsTestRunner.java,24.0,8.0,1.0,2.0,6.0,7.0,18.0,bdelacretaz@13f79535-47bb-0310-9956-ffa450edef68,1,0.0026455026455026454,50.0,0.0,0.0,25.0,2673.5407407407406,25713.62572639926,1,0,1.5629178967992075,false
testing/junit/core/src/main/java/org/apache/sling/junit/annotations/TestReference.java,0.0,0.0,0.0,0.0,0.0,0.0,34.0,bdelacretaz@13f79535-47bb-0310-9956-ffa450edef68,1,0.0026455026455026454,100.0,0.0,0.0,100.0,2673.5407407407406,25713.62572639926,1,0,1.5629178967992075,false
testing/junit/core/src/main/java/org/apache/sling/junit/impl/AnnotationsProcessor.java,54.0,10.0,4.0,5.0,16.0,16.0,19.0,bdelacretaz@13f79535-47bb-0310-9956-ffa450edef68,1,0.0026455026455026454,67.0,0.0,0.0,33.0,2673.5407407407406,25713.62572639926,1,0,1.5629178967992075,false
testing/junit/core/src/main/java/org/apache/sling/junit/impl/BundleTestsProvider.java,177.0,19.0,34.0,13.0,64.0,44.0,34.0,bdelacretaz@13f79535-47bb-0310-9956-ffa450edef68,1,0.0026455026455026454,100.0,0.0,0.0,100.0,2673.5407407407406,25713.62572639926,1,0,1.5629178967992075,false
testing/junit/core/src/main/java/org/apache/sling/junit/impl/JUnitTestsManagerImpl.java,94.0,15.0,0.0,5.0,30.0,17.0,23.0,bdelacretaz@13f79535-47bb-0310-9956-ffa450edef68,1,0.0026455026455026454,100.0,0.0,0.0,100.0,2673.5407407407406,25713.62572639926,1,0,1.5629178967992075,false
testing/junit/core/src/main/java/org/apache/sling/junit/impl/servlet/HtmlFilter.java,22.0,1.0,0.0,1.0,3.0,4.0,34.0,bdelacretaz@13f79535-47bb-0310-9956-ffa450edef68,1,0.0026455026455026454,100.0,0.0,0.0,100.0,2673.5407407407406,25713.62572639926,1,0,1.5629178967992075,false
testing/junit/core/src/main/java/org/apache/sling/junit/impl/servlet/HtmlRenderer.java,98.0,8.0,0.0,12.0,37.0,22.0,19.0,bdelacretaz@13f79535-47bb-0310-9956-ffa450edef68,1,0.0026455026455026454,50.0,10.0,0.0,30.0,2673.5407407407406,25713.62572639926,1,0,1.5629178967992075,false
testing/junit/core/src/main/java/org/apache/sling/junit/impl/servlet/JUnitServlet.java,113.0,21.0,5.0,6.0,39.0,25.0,13.0,bdelacretaz@13f79535-47bb-0310-9956-ffa450edef68,1,0.0026455026455026454,75.0,17.0,8.0,33.0,2673.5407407407406,25713.62572639926,1,0,1.5629178967992075,false
testing/junit/core/src/main/java/org/apache/sling/junit/impl/servlet/PlainTextRenderer.java,45.0,8.0,0.0,11.0,15.0,19.0,19.0,bdelacretaz@13f79535-47bb-0310-9956-ffa450edef68,1,0.0026455026455026454,71.0,14.0,0.0,43.0,2673.5407407407406,25713.62572639926,1,0,1.5629178967992075,false
testing/junit/core/src/main/java/org/apache/sling/junit/impl/servlet/Renderer.java,10.0,5.0,10.0,5.0,0.0,6.0,17.0,bdelacretaz@13f79535-47bb-0310-9956-ffa450edef68,1,0.0026455026455026454,100.0,0.0,0.0,100.0,2673.5407407407406,25713.62572639926,1,0,1.5629178967992075,false
testing/junit/core/src/main/java/org/apache/sling/junit/impl/servlet/RequestInfo.java,28.0,1.0,0.0,2.0,6.0,5.0,21.0,bdelacretaz@13f79535-47bb-0310-9956-ffa450edef68,1,0.0026455026455026454,100.0,0.0,0.0,100.0,2673.5407407407406,25713.62572639926,1,0,1.5629178967992075,false
testing/junit/core/src/main/java/org/apache/sling/junit/impl/servlet/XmlRenderer.java,182.0,25.0,73.0,15.0,58.0,40.0,19.0,bdelacretaz@13f79535-47bb-0310-9956-ffa450edef68,1,0.0026455026455026454,71.0,14.0,0.0,43.0,2673.5407407407406,25713.62572639926,1,0,1.5629178967992075,false
testing/junit/scriptable/src/main/java/org/apache/sling/junit/scriptable/ExplainTests.java,8.0,2.0,0.0,1.0,1.0,2.0,34.0,bdelacretaz@13f79535-47bb-0310-9956-ffa450edef68,1,0.0026455026455026454,100.0,0.0,0.0,100.0,2673.5407407407406,25713.62572639926,1,0,1.5629178967992075,false
testing/junit/scriptable/src/main/java/org/apache/sling/junit/scriptable/HttpRequest.java,173.0,13.0,1443.0,55.0,3.0,109.0,34.0,bdelacretaz@13f79535-47bb-0310-9956-ffa450edef68,1,0.0026455026455026454,50.0,0.0,0.0,50.0,2673.5407407407406,25713.62572639926,1,0,1.5629178967992075,false
testing/junit/scriptable/src/main/java/org/apache/sling/junit/scriptable/HttpResponse.java,118.0,8.0,679.0,39.0,2.0,62.0,34.0,bdelacretaz@13f79535-47bb-0310-9956-ffa450edef68,1,0.0026455026455026454,50.0,0.0,0.0,50.0,2673.5407407407406,25713.62572639926,1,0,1.5629178967992075,false
testing/junit/scriptable/src/main/java/org/apache/sling/junit/scriptable/ScriptableTestsProvider.java,127.0,23.0,3.0,7.0,41.0,26.0,12.0,bdelacretaz@13f79535-47bb-0310-9956-ffa450edef68,2,0.005291005291005291,60.0,0.0,20.0,20.0,3176.374074074074,Infinity,2,0,1.0830716049196398,false
testing/junit/scriptable/src/main/java/org/apache/sling/junit/scriptable/TestAllPaths.java,56.0,15.0,2.0,5.0,12.0,15.0,18.0,bdelacretaz@13f79535-47bb-0310-9956-ffa450edef68,1,0.0026455026455026454,67.0,0.0,0.0,33.0,2673.5407407407406,25713.62572639926,1,0,1.5629178967992075,false
testing/junit/scriptable/src/main/java/org/apache/sling/junit/scriptable/TestServletOutputStream.java,12.0,3.0,0.0,2.0,2.0,4.0,34.0,bdelacretaz@13f79535-47bb-0310-9956-ffa450edef68,1,0.0026455026455026454,50.0,0.0,0.0,50.0,2673.5407407407406,25713.62572639926,1,0,1.5629178967992075,false
testing/junit/testbundle/src/main/java/org/apache/sling/junit/testbundle/tests/JUnit3Test.java,15.0,1.0,3.0,3.0,3.0,4.0,23.0,bdelacretaz@13f79535-47bb-0310-9956-ffa450edef68,1,0.0026455026455026454,100.0,0.0,0.0,100.0,2673.5407407407406,25713.62572639926,1,0,1.5629178967992075,false
testing/junit/testbundle/src/main/java/org/apache/sling/junit/testbundle/tests/JUnit4Test.java,25.0,5.0,9.0,6.0,4.0,9.0,23.0,bdelacretaz@13f79535-47bb-0310-9956-ffa450edef68,1,0.0026455026455026454,100.0,0.0,0.0,100.0,2673.5407407407406,25713.62572639926,1,0,1.5629178967992075,false
testing/junit/testbundle/src/main/java/org/apache/sling/junit/testbundle/tests/MissingTest.java,5.0,0.0,0.0,0.0,0.0,0.0,23.0,bdelacretaz@13f79535-47bb-0310-9956-ffa450edef68,1,0.0026455026455026454,100.0,0.0,0.0,100.0,2673.5407407407406,25713.62572639926,1,0,1.5629178967992075,false
testing/junit/testbundle/src/main/java/org/apache/sling/junit/testbundle/tests/OsgiAwareTest.java,13.0,7.0,1.0,2.0,2.0,2.0,23.0,bdelacretaz@13f79535-47bb-0310-9956-ffa450edef68,1,0.0026455026455026454,100.0,0.0,0.0,100.0,2673.5407407407406,25713.62572639926,1,0,1.5629178967992075,false
testing/junit/testbundle/src/main/java/org/apache/sling/junit/testbundle/tests/SomeOtherClass.java,5.0,0.0,0.0,0.0,0.0,0.0,23.0,bdelacretaz@13f79535-47bb-0310-9956-ffa450edef68,1,0.0026455026455026454,100.0,0.0,0.0,100.0,2673.5407407407406,25713.62572639926,1,0,1.5629178967992075,false
