name,LOC,CBO,LCOM,NOM,RFC,WMC,ACS,Ownership,numOfChanges,numberOfFIChanges,ENH,NF,BugFixing,REF,structuralWorkloadSum,semanticWorkloadSum,numberOfDeveloper,pastFaults,MAF,isBuggy
bundles/api/src/main/java/org/apache/sling/api/request/RequestUtil.java,119.0,8.0,10.0,5.0,23.0,23.0,3.0,kwin@13f79535-47bb-0310-9956-ffa450edef68,1,0.004366812227074236,20.0,20.0,0.0,0.0,1299.9354838709678,6299.05426970706,1,0,1.3378419777339439,false
bundles/api/src/main/java/org/apache/sling/api/servlets/HtmlResponse.java,344.0,10.0,372.0,29.0,62.0,66.0,0.0,bdelacretaz@13f79535-47bb-0310-9956-ffa450edef68,0,0.0,0.0,0.0,0.0,0.0,0.0,0.0,0,1,0.0,false
bundles/api/src/test/java/org/apache/sling/api/request/RequestUtilTest.java,111.0,10.0,666.0,37.0,12.0,62.0,3.0,justin@13f79535-47bb-0310-9956-ffa450edef68,1,0.004366812227074236,100.0,100.0,0.0,0.0,1299.9354838709678,6299.05426970706,1,0,1.3378419777339439,false
bundles/auth/core/src/main/java/org/apache/sling/auth/core/spi/AbstractAuthenticationHandler.java,214.0,14.0,36.0,9.0,53.0,38.0,4.0,fmeschbe@13f79535-47bb-0310-9956-ffa450edef68,1,0.004366812227074236,8.0,8.0,0.0,0.0,582.0,1685.745270187773,1,1,2.423031246069913,false
bundles/auth/core/src/main/java/org/apache/sling/auth/core/spi/DefaultAuthenticationFeedbackHandler.java,53.0,4.0,6.0,4.0,18.0,13.0,4.0,fmeschbe@13f79535-47bb-0310-9956-ffa450edef68,1,0.004366812227074236,25.0,25.0,0.0,0.0,582.0,1685.745270187773,1,0,2.423031246069913,false
bundles/auth/core/src/test/java/org/apache/sling/auth/core/spi/AbstractAuthenticationHandlerTest.java,44.0,12.0,8.0,5.0,29.0,7.0,4.0,fmeschbe@13f79535-47bb-0310-9956-ffa450edef68,1,0.004366812227074236,50.0,50.0,0.0,0.0,582.0,1685.745270187773,1,0,2.423031246069913,false
bundles/commons/classloader/src/main/java/org/apache/sling/commons/classloader/impl/Activator.java,90.0,10.0,0.0,5.0,18.0,9.0,3.0,cziegeler@13f79535-47bb-0310-9956-ffa450edef68,1,0.004366812227074236,8.0,0.0,0.0,0.0,2589.0666666666666,26065.08567847659,1,3,0.5420406431139152,true
bundles/commons/osgi/src/main/java/org/apache/sling/commons/osgi/bundleversion/BundleBundleVersionInfo.java,39.0,3.0,7.0,7.0,9.0,16.0,0.0,bdelacretaz@13f79535-47bb-0310-9956-ffa450edef68,0,0.0,0.0,0.0,0.0,0.0,0.0,0.0,0,0,0.0,false
bundles/commons/osgi/src/test/java/org/apache/sling/commons/osgi/bundleversion/BundleBundleVersionInfoTest.java,55.0,13.0,4.0,4.0,30.0,9.0,0.0,bdelacretaz@13f79535-47bb-0310-9956-ffa450edef68,0,0.0,0.0,0.0,0.0,0.0,0.0,0.0,0,0,0.0,false
bundles/commons/scheduler/src/main/java/org/apache/sling/commons/scheduler/impl/QuartzScheduler.java,504.0,37.0,124.0,24.0,132.0,85.0,0.0,cziegeler@13f79535-47bb-0310-9956-ffa450edef68,0,0.0,0.0,0.0,0.0,0.0,0.0,0.0,0,2,0.0,false
bundles/commons/scheduler/src/main/java/org/apache/sling/commons/scheduler/impl/WebConsolePrinter.java,77.0,14.0,4.0,4.0,19.0,11.0,0.0,cziegeler@13f79535-47bb-0310-9956-ffa450edef68,0,0.0,0.0,0.0,0.0,0.0,0.0,0.0,0,0,0.0,false
bundles/commons/testing/src/main/java/org/apache/sling/commons/testing/integration/SlingIntegrationTestClient.java,192.0,16.0,0.0,11.0,48.0,38.0,5.0,enorman@13f79535-47bb-0310-9956-ffa450edef68,1,0.004366812227074236,12.0,0.0,0.0,0.0,96.66666666666667,19.083649986644367,1,2,3.6959969218828004,true
bundles/engine/src/main/java/org/apache/sling/engine/SlingRequestProcessor.java,19.0,5.0,0.0,1.0,0.0,4.0,0.0,fmeschbe@13f79535-47bb-0310-9956-ffa450edef68,0,0.0,0.0,0.0,0.0,0.0,0.0,0.0,0,0,0.0,false
bundles/engine/src/main/java/org/apache/sling/engine/impl/RequestProcessorMBeanImpl.java,31.0,4.0,0.0,8.0,7.0,14.0,2.0,justin@13f79535-47bb-0310-9956-ffa450edef68,1,0.004366812227074236,38.0,12.0,0.0,12.0,1299.9354838709678,6299.05426970706,1,0,1.3378419777339439,false
bundles/engine/src/main/java/org/apache/sling/engine/impl/SlingMainServlet.java,235.0,45.0,49.0,18.0,81.0,37.0,3.0,null,2,0.008733624454148471,5.0,2.0,0.0,2.0,1881.9354838709678,7984.799539894832,2,4,1.1872894313419828,false
bundles/engine/src/main/java/org/apache/sling/engine/impl/SlingRequestProcessorImpl.java,232.0,39.0,50.0,16.0,52.0,39.0,5.0,fmeschbe@13f79535-47bb-0310-9956-ffa450edef68,1,0.004366812227074236,5.0,0.0,0.0,5.0,1299.9354838709678,6299.05426970706,1,5,1.3378419777339439,false
bundles/engine/src/main/java/org/apache/sling/engine/impl/helper/ExternalServletContextWrapper.java,131.0,16.0,0.0,26.0,25.0,50.0,2.0,fmeschbe@13f79535-47bb-0310-9956-ffa450edef68,1,0.004366812227074236,25.0,0.0,0.0,0.0,2589.0666666666666,26065.08567847659,1,1,0.5420406431139152,false
bundles/engine/src/main/java/org/apache/sling/engine/impl/helper/SlingServletContext.java,273.0,18.0,358.0,28.0,53.0,78.0,0.0,fmeschbe@13f79535-47bb-0310-9956-ffa450edef68,0,0.0,0.0,0.0,0.0,0.0,0.0,0.0,0,0,0.0,false
bundles/engine/src/main/java/org/apache/sling/engine/impl/log/CustomLogFormat.java,692.0,14.0,9.0,6.0,33.0,32.0,1.0,fmeschbe@13f79535-47bb-0310-9956-ffa450edef68,1,0.004366812227074236,12.0,0.0,0.0,12.0,582.0,1685.745270187773,1,0,2.423031246069913,false
bundles/engine/src/main/java/org/apache/sling/engine/impl/request/RequestData.java,320.0,32.0,503.0,34.0,52.0,94.0,1.0,fmeschbe@13f79535-47bb-0310-9956-ffa450edef68,1,0.004366812227074236,6.0,6.0,0.0,0.0,2589.0666666666666,26065.08567847659,1,3,0.5420406431139152,false
bundles/engine/src/main/java/org/apache/sling/engine/impl/request/RequestHistoryConsolePlugin.java,216.0,20.0,0.0,4.0,6.0,8.0,0.0,bdelacretaz@13f79535-47bb-0310-9956-ffa450edef68,0,0.0,0.0,0.0,0.0,0.0,0.0,0.0,0,0,0.0,false
bundles/engine/src/main/java/org/apache/sling/engine/jmx/RequestProcessorMBean.java,11.0,0.0,15.0,6.0,0.0,6.0,3.0,justin@13f79535-47bb-0310-9956-ffa450edef68,1,0.004366812227074236,33.0,17.0,0.0,17.0,1299.9354838709678,6299.05426970706,1,0,1.3378419777339439,false
bundles/engine/src/test/java/org/apache/sling/engine/benchmarks/AddValueToAtomicsDriver.java,13.0,5.0,0.0,2.0,3.0,2.0,9.0,justin@13f79535-47bb-0310-9956-ffa450edef68,1,0.004366812227074236,100.0,100.0,0.0,0.0,1299.9354838709678,6299.05426970706,1,0,1.3378419777339439,false
bundles/engine/src/test/java/org/apache/sling/engine/benchmarks/AddValueToStatisticsDirectDriver.java,10.0,4.0,0.0,2.0,2.0,2.0,5.0,cziegeler@13f79535-47bb-0310-9956-ffa450edef68,2,0.008733624454148471,100.0,67.0,0.0,0.0,3889.0021505376344,32364.13994818365,2,0,0.4360606978991215,false
bundles/engine/src/test/java/org/apache/sling/engine/benchmarks/AddValueToStatisticsViaExecutorDriver.java,18.0,7.0,0.0,3.0,5.0,3.0,5.0,cziegeler@13f79535-47bb-0310-9956-ffa450edef68,2,0.008733624454148471,100.0,67.0,0.0,0.0,3889.0021505376344,32364.13994818365,2,0,0.4360606978991215,false
bundles/engine/src/test/java/org/apache/sling/engine/impl/helper/ExternalServletContextWrapperTest.java,133.0,20.0,0.0,11.0,51.0,20.0,0.0,justin@13f79535-47bb-0310-9956-ffa450edef68,0,0.0,0.0,0.0,0.0,0.0,0.0,0.0,0,1,0.0,false
bundles/extensions/adapter/src/main/java/org/apache/sling/adapter/internal/AdapterManagerImpl.java,239.0,20.0,32.0,13.0,46.0,36.0,2.0,cziegeler@13f79535-47bb-0310-9956-ffa450edef68,1,0.004366812227074236,5.0,0.0,0.0,0.0,231.8181818181818,239.2464056140704,1,2,3.244011798139743,false
bundles/extensions/event/src/main/java/org/apache/sling/event/impl/jobs/DefaultJobManager.java,654.0,43.0,360.0,33.0,138.0,100.0,6.0,cziegeler@13f79535-47bb-0310-9956-ffa450edef68,1,0.004366812227074236,18.0,12.0,0.0,0.0,2589.0666666666666,26065.08567847659,1,2,0.5420406431139152,true
bundles/extensions/event/src/main/java/org/apache/sling/event/impl/jobs/JobEvent.java,33.0,1.0,43.0,11.0,2.0,15.0,6.0,cziegeler@13f79535-47bb-0310-9956-ffa450edef68,1,0.004366812227074236,17.0,17.0,0.0,0.0,2589.0666666666666,26065.08567847659,1,0,0.5420406431139152,false
bundles/extensions/event/src/main/java/org/apache/sling/event/impl/jobs/jcr/JCRJobEvent.java,31.0,3.0,0.0,8.0,8.0,12.0,6.0,cziegeler@13f79535-47bb-0310-9956-ffa450edef68,1,0.004366812227074236,25.0,25.0,0.0,0.0,2589.0666666666666,26065.08567847659,1,0,0.5420406431139152,false
bundles/extensions/event/src/main/java/org/apache/sling/event/impl/jobs/jcr/LockManager.java,301.0,28.0,0.0,12.0,99.0,45.0,6.0,cziegeler@13f79535-47bb-0310-9956-ffa450edef68,1,0.004366812227074236,29.0,0.0,0.0,0.0,2589.0666666666666,26065.08567847659,1,1,0.5420406431139152,false
bundles/extensions/event/src/main/java/org/apache/sling/event/impl/jobs/jcr/PersistenceHandler.java,1112.0,43.0,148.0,37.0,329.0,157.0,4.0,cziegeler@13f79535-47bb-0310-9956-ffa450edef68,1,0.004366812227074236,26.0,11.0,0.0,5.0,2589.0666666666666,26065.08567847659,1,4,0.5420406431139152,true
bundles/extensions/event/src/main/java/org/apache/sling/event/impl/jobs/queues/AbstractJobQueue.java,539.0,22.0,744.0,44.0,116.0,106.0,6.0,cziegeler@13f79535-47bb-0310-9956-ffa450edef68,1,0.004366812227074236,2.0,2.0,0.0,0.0,2589.0666666666666,26065.08567847659,1,2,0.5420406431139152,false
bundles/extensions/event/src/test/java/org/apache/sling/event/impl/AbstractTest.java,122.0,22.0,102.0,17.0,44.0,42.0,1.0,cziegeler@13f79535-47bb-0310-9956-ffa450edef68,1,0.004366812227074236,17.0,17.0,17.0,0.0,2589.0666666666666,26065.08567847659,1,1,0.5420406431139152,false
bundles/extensions/event/src/test/java/org/apache/sling/event/impl/jobs/config/InternalQueueConfigurationTest.java,130.0,10.0,136.0,17.0,60.0,22.0,6.0,cziegeler@13f79535-47bb-0310-9956-ffa450edef68,1,0.004366812227074236,20.0,20.0,0.0,0.0,2589.0666666666666,26065.08567847659,1,0,0.5420406431139152,false
bundles/extensions/settings/src/main/java/org/apache/sling/settings/SlingSettingsService.java,41.0,2.0,10.0,5.0,0.0,8.0,0.0,cziegeler@13f79535-47bb-0310-9956-ffa450edef68,0,0.0,0.0,0.0,0.0,0.0,0.0,0.0,0,0,0.0,false
bundles/extensions/settings/src/main/java/org/apache/sling/settings/impl/Activator.java,43.0,7.0,0.0,2.0,8.0,7.0,3.0,cziegeler@13f79535-47bb-0310-9956-ffa450edef68,1,0.004366812227074236,14.0,0.0,0.0,14.0,2589.0666666666666,26065.08567847659,1,0,0.5420406431139152,false
bundles/extensions/settings/src/main/java/org/apache/sling/settings/impl/SlingSettingsServiceImpl.java,168.0,14.0,27.0,11.0,36.0,30.0,2.0,cziegeler@13f79535-47bb-0310-9956-ffa450edef68,1,0.004366812227074236,6.0,0.0,0.0,6.0,2589.0666666666666,26065.08567847659,1,0,0.5420406431139152,false
bundles/jcr/base/src/main/java/org/apache/sling/jcr/base/AbstractNamespaceMappingRepository.java,57.0,7.0,0.0,4.0,8.0,11.0,3.0,fmeschbe@13f79535-47bb-0310-9956-ffa450edef68,2,0.008733624454148471,75.0,25.0,0.0,0.0,3889.0021505376344,32364.13994818365,2,0,0.1707935863591119,false
bundles/jcr/base/src/main/java/org/apache/sling/jcr/base/AbstractSlingRepository.java,535.0,18.0,319.0,43.0,113.0,130.0,4.0,null,1,0.004366812227074236,9.0,0.0,0.0,0.0,2589.0666666666666,26065.08567847659,1,4,0.5420406431139152,true
bundles/jcr/base/src/main/java/org/apache/sling/jcr/base/SessionProxyHandler.java,88.0,8.0,6.0,5.0,14.0,11.0,6.0,cziegeler@13f79535-47bb-0310-9956-ffa450edef68,1,0.004366812227074236,20.0,0.0,0.0,0.0,2589.0666666666666,26065.08567847659,1,3,0.5420406431139152,false
bundles/jcr/base/src/main/java/org/apache/sling/jcr/base/internal/RepositoryPrinter.java,53.0,6.0,7.0,6.0,14.0,13.0,2.0,cziegeler@13f79535-47bb-0310-9956-ffa450edef68,1,0.004366812227074236,100.0,100.0,0.0,0.0,2589.0666666666666,26065.08567847659,1,0,0.5420406431139152,false
bundles/jcr/base/src/main/java/org/apache/sling/jcr/base/internal/RepositoryPrinterProvider.java,102.0,14.0,0.0,5.0,13.0,9.0,2.0,cziegeler@13f79535-47bb-0310-9956-ffa450edef68,1,0.004366812227074236,100.0,0.0,0.0,100.0,2589.0666666666666,26065.08567847659,1,0,0.5420406431139152,false
bundles/jcr/base/src/main/java/org/apache/sling/jcr/base/internal/loader/Loader.java,247.0,22.0,52.0,13.0,81.0,43.0,3.0,justin@13f79535-47bb-0310-9956-ffa450edef68,1,0.004366812227074236,11.0,0.0,0.0,0.0,2589.0666666666666,26065.08567847659,1,1,0.5420406431139152,true
bundles/jcr/contentloader/src/main/java/org/apache/sling/jcr/contentloader/internal/ContentLoaderService.java,318.0,24.0,32.0,12.0,86.0,45.0,2.0,null,1,0.004366812227074236,4.0,0.0,0.0,0.0,2589.0666666666666,26065.08567847659,1,0,0.5420406431139152,false
bundles/jcr/contentloader/src/main/java/org/apache/sling/jcr/contentloader/internal/Loader.java,619.0,26.0,53.0,19.0,204.0,101.0,3.0,olli@13f79535-47bb-0310-9956-ffa450edef68,2,0.008733624454148471,5.0,0.0,0.0,0.0,3171.0666666666666,27750.830948664363,2,1,0.7893887640319687,false
bundles/jcr/davex/src/main/java/org/apache/sling/jcr/davex/impl/servlets/AuthHttpContext.java,34.0,6.0,4.0,4.0,3.0,10.0,3.0,fmeschbe@13f79535-47bb-0310-9956-ffa450edef68,1,0.004366812227074236,25.0,0.0,0.0,0.0,2589.0666666666666,26065.08567847659,1,0,0.5420406431139152,false
bundles/jcr/davex/src/main/java/org/apache/sling/jcr/davex/impl/servlets/SlingDavExServlet.java,48.0,22.0,13.0,6.0,18.0,16.0,1.0,fmeschbe@13f79535-47bb-0310-9956-ffa450edef68,1,0.004366812227074236,16.0,0.0,0.0,0.0,2589.0666666666666,26065.08567847659,1,0,0.5420406431139152,false
bundles/jcr/jackrabbit-accessmanager/src/main/java/org/apache/sling/jcr/jackrabbit/accessmanager/DeleteAces.java,13.0,2.0,0.0,1.0,0.0,3.0,0.0,enorman@13f79535-47bb-0310-9956-ffa450edef68,0,0.0,0.0,0.0,0.0,0.0,0.0,0.0,0,0,0.0,false
bundles/jcr/jackrabbit-accessmanager/src/main/java/org/apache/sling/jcr/jackrabbit/accessmanager/GetAcl.java,13.0,4.0,0.0,1.0,0.0,4.0,0.0,enorman@13f79535-47bb-0310-9956-ffa450edef68,0,0.0,0.0,0.0,0.0,0.0,0.0,0.0,0,0,0.0,false
bundles/jcr/jackrabbit-accessmanager/src/main/java/org/apache/sling/jcr/jackrabbit/accessmanager/GetEffectiveAcl.java,13.0,4.0,0.0,1.0,0.0,4.0,0.0,enorman@13f79535-47bb-0310-9956-ffa450edef68,0,0.0,0.0,0.0,0.0,0.0,0.0,0.0,0,0,0.0,false
bundles/jcr/jackrabbit-accessmanager/src/main/java/org/apache/sling/jcr/jackrabbit/accessmanager/ModifyAce.java,16.0,3.0,0.0,1.0,0.0,5.0,0.0,enorman@13f79535-47bb-0310-9956-ffa450edef68,0,0.0,0.0,0.0,0.0,0.0,0.0,0.0,0,0,0.0,false
bundles/jcr/jackrabbit-accessmanager/src/main/java/org/apache/sling/jcr/jackrabbit/accessmanager/post/AbstractGetAclServlet.java,97.0,26.0,3.0,3.0,28.0,12.0,0.0,enorman@13f79535-47bb-0310-9956-ffa450edef68,0,0.0,0.0,0.0,0.0,0.0,0.0,0.0,0,0,0.0,false
bundles/jcr/jackrabbit-accessmanager/src/main/java/org/apache/sling/jcr/jackrabbit/accessmanager/post/DeleteAcesServlet.java,60.0,18.0,1.0,2.0,20.0,9.0,0.0,enorman@13f79535-47bb-0310-9956-ffa450edef68,0,0.0,0.0,0.0,0.0,0.0,0.0,0.0,0,0,0.0,false
bundles/jcr/jackrabbit-accessmanager/src/main/java/org/apache/sling/jcr/jackrabbit/accessmanager/post/GetAclServlet.java,27.0,10.0,1.0,2.0,4.0,8.0,0.0,enorman@13f79535-47bb-0310-9956-ffa450edef68,0,0.0,0.0,0.0,0.0,0.0,0.0,0.0,0,2,0.0,false
bundles/jcr/jackrabbit-accessmanager/src/main/java/org/apache/sling/jcr/jackrabbit/accessmanager/post/GetEffectiveAclServlet.java,26.0,10.0,1.0,2.0,4.0,8.0,0.0,enorman@13f79535-47bb-0310-9956-ffa450edef68,0,0.0,0.0,0.0,0.0,0.0,0.0,0.0,0,1,0.0,false
bundles/jcr/jackrabbit-accessmanager/src/main/java/org/apache/sling/jcr/jackrabbit/accessmanager/post/ModifyAceServlet.java,83.0,18.0,1.0,2.0,29.0,11.0,0.0,enorman@13f79535-47bb-0310-9956-ffa450edef68,0,0.0,0.0,0.0,0.0,0.0,0.0,0.0,0,1,0.0,false
bundles/jcr/jackrabbit-usermanager/src/main/java/org/apache/sling/jackrabbit/usermanager/ChangeUserPassword.java,17.0,5.0,0.0,1.0,0.0,5.0,0.0,justin@13f79535-47bb-0310-9956-ffa450edef68,0,0.0,0.0,0.0,0.0,0.0,0.0,0.0,0,0,0.0,false
bundles/jcr/jackrabbit-usermanager/src/main/java/org/apache/sling/jackrabbit/usermanager/CreateGroup.java,15.0,6.0,0.0,1.0,0.0,5.0,0.0,justin@13f79535-47bb-0310-9956-ffa450edef68,0,0.0,0.0,0.0,0.0,0.0,0.0,0.0,0,0,0.0,false
bundles/jcr/jackrabbit-usermanager/src/main/java/org/apache/sling/jackrabbit/usermanager/CreateUser.java,17.0,6.0,0.0,1.0,0.0,5.0,0.0,justin@13f79535-47bb-0310-9956-ffa450edef68,0,0.0,0.0,0.0,0.0,0.0,0.0,0.0,0,0,0.0,false
bundles/jcr/jackrabbit-usermanager/src/main/java/org/apache/sling/jackrabbit/usermanager/DeleteAuthorizables.java,14.0,5.0,0.0,1.0,0.0,4.0,0.0,justin@13f79535-47bb-0310-9956-ffa450edef68,0,0.0,0.0,0.0,0.0,0.0,0.0,0.0,0,0,0.0,false
bundles/jcr/jackrabbit-usermanager/src/main/java/org/apache/sling/jackrabbit/usermanager/DeleteGroup.java,13.0,4.0,0.0,1.0,0.0,4.0,0.0,justin@13f79535-47bb-0310-9956-ffa450edef68,0,0.0,0.0,0.0,0.0,0.0,0.0,0.0,0,0,0.0,false
bundles/jcr/jackrabbit-usermanager/src/main/java/org/apache/sling/jackrabbit/usermanager/DeleteUser.java,13.0,4.0,0.0,1.0,0.0,4.0,0.0,justin@13f79535-47bb-0310-9956-ffa450edef68,0,0.0,0.0,0.0,0.0,0.0,0.0,0.0,0,0,0.0,false
bundles/jcr/jackrabbit-usermanager/src/main/java/org/apache/sling/jackrabbit/usermanager/UpdateGroup.java,15.0,6.0,0.0,1.0,0.0,5.0,0.0,justin@13f79535-47bb-0310-9956-ffa450edef68,0,0.0,0.0,0.0,0.0,0.0,0.0,0.0,0,0,0.0,false
bundles/jcr/jackrabbit-usermanager/src/main/java/org/apache/sling/jackrabbit/usermanager/UpdateUser.java,15.0,6.0,0.0,1.0,0.0,5.0,0.0,justin@13f79535-47bb-0310-9956-ffa450edef68,0,0.0,0.0,0.0,0.0,0.0,0.0,0.0,0,0,0.0,false
bundles/jcr/jackrabbit-usermanager/src/main/java/org/apache/sling/jackrabbit/usermanager/impl/AuthorizablePrivilegesInfoImpl.java,217.0,20.0,0.0,7.0,40.0,27.0,0.0,enorman@13f79535-47bb-0310-9956-ffa450edef68,0,0.0,0.0,0.0,0.0,0.0,0.0,0.0,0,1,0.0,false
bundles/jcr/jackrabbit-usermanager/src/main/java/org/apache/sling/jackrabbit/usermanager/impl/post/AbstractAuthorizablePostServlet.java,454.0,25.0,72.0,13.0,69.0,58.0,0.0,enorman@13f79535-47bb-0310-9956-ffa450edef68,0,0.0,0.0,0.0,0.0,0.0,0.0,0.0,0,0,0.0,false
bundles/jcr/jackrabbit-usermanager/src/main/java/org/apache/sling/jackrabbit/usermanager/impl/post/AbstractGroupPostServlet.java,66.0,13.0,1.0,2.0,15.0,9.0,0.0,fmeschbe@13f79535-47bb-0310-9956-ffa450edef68,0,0.0,0.0,0.0,0.0,0.0,0.0,0.0,0,0,0.0,false
bundles/jcr/jackrabbit-usermanager/src/main/java/org/apache/sling/jackrabbit/usermanager/impl/post/AbstractPostServlet.java,166.0,20.0,15.0,7.0,65.0,33.0,0.0,justin@13f79535-47bb-0310-9956-ffa450edef68,0,0.0,0.0,0.0,0.0,0.0,0.0,0.0,0,0,0.0,false
bundles/jcr/jackrabbit-usermanager/src/main/java/org/apache/sling/jackrabbit/usermanager/impl/post/ChangeUserPasswordServlet.java,121.0,23.0,4.0,4.0,35.0,17.0,0.0,enorman@13f79535-47bb-0310-9956-ffa450edef68,0,0.0,0.0,0.0,0.0,0.0,0.0,0.0,0,2,0.0,false
bundles/jcr/jackrabbit-usermanager/src/main/java/org/apache/sling/jackrabbit/usermanager/impl/post/CreateGroupServlet.java,63.0,19.0,3.0,3.0,23.0,10.0,0.0,enorman@13f79535-47bb-0310-9956-ffa450edef68,0,0.0,0.0,0.0,0.0,0.0,0.0,0.0,0,1,0.0,false
bundles/jcr/jackrabbit-usermanager/src/main/java/org/apache/sling/jackrabbit/usermanager/impl/post/CreateUserServlet.java,167.0,22.0,9.0,6.0,40.0,21.0,0.0,enorman@13f79535-47bb-0310-9956-ffa450edef68,0,0.0,0.0,0.0,0.0,0.0,0.0,0.0,0,3,0.0,false
bundles/jcr/jackrabbit-usermanager/src/main/java/org/apache/sling/jackrabbit/usermanager/impl/post/DeleteAuthorizableServlet.java,116.0,22.0,6.0,4.0,29.0,17.0,0.0,enorman@13f79535-47bb-0310-9956-ffa450edef68,0,0.0,0.0,0.0,0.0,0.0,0.0,0.0,0,0,0.0,false
bundles/jcr/jackrabbit-usermanager/src/main/java/org/apache/sling/jackrabbit/usermanager/impl/post/UpdateGroupServlet.java,53.0,18.0,1.0,2.0,16.0,9.0,0.0,enorman@13f79535-47bb-0310-9956-ffa450edef68,0,0.0,0.0,0.0,0.0,0.0,0.0,0.0,0,0,0.0,false
bundles/jcr/jackrabbit-usermanager/src/main/java/org/apache/sling/jackrabbit/usermanager/impl/post/UpdateUserServlet.java,49.0,16.0,1.0,2.0,16.0,9.0,0.0,enorman@13f79535-47bb-0310-9956-ffa450edef68,0,0.0,0.0,0.0,0.0,0.0,0.0,0.0,0,0,0.0,false
bundles/jcr/jackrabbit-usermanager/src/main/java/org/apache/sling/jackrabbit/usermanager/impl/resource/AuthorizableResourceProvider.java,143.0,19.0,1.0,3.0,18.0,15.0,0.0,fmeschbe@13f79535-47bb-0310-9956-ffa450edef68,0,0.0,0.0,0.0,0.0,0.0,0.0,0.0,0,0,0.0,false
bundles/jcr/resource/src/main/java/org/apache/sling/jcr/resource/internal/JcrResourceListener.java,197.0,23.0,1.0,6.0,50.0,25.0,1.0,cziegeler@13f79535-47bb-0310-9956-ffa450edef68,1,0.004366812227074236,3.0,0.0,0.0,3.0,2589.0666666666666,26065.08567847659,1,3,0.5420406431139152,false
bundles/jcr/resource/src/main/java/org/apache/sling/jcr/resource/internal/JcrResourceResolver.java,913.0,46.0,589.0,42.0,261.0,168.0,1.0,null,1,0.004366812227074236,4.0,0.0,2.0,0.0,2589.0666666666666,26065.08567847659,1,10,0.5420406431139152,false
bundles/jcr/resource/src/main/java/org/apache/sling/jcr/resource/internal/JcrResourceResolverFactoryImpl.java,495.0,35.0,481.0,34.0,79.0,99.0,3.0,cziegeler@13f79535-47bb-0310-9956-ffa450edef68,1,0.004366812227074236,3.0,0.0,0.0,0.0,2589.0666666666666,26065.08567847659,1,4,0.5420406431139152,false
bundles/jcr/resource/src/main/java/org/apache/sling/jcr/resource/internal/helper/MapEntries.java,282.0,29.0,21.0,15.0,97.0,42.0,2.0,fmeschbe@13f79535-47bb-0310-9956-ffa450edef68,1,0.004366812227074236,11.0,5.0,0.0,0.0,2589.0666666666666,26065.08567847659,1,1,0.5420406431139152,false
bundles/jcr/resource/src/main/java/org/apache/sling/jcr/resource/internal/helper/MapEntry.java,181.0,10.0,53.0,14.0,48.0,48.0,0.0,fmeschbe@13f79535-47bb-0310-9956-ffa450edef68,0,0.0,0.0,0.0,0.0,0.0,0.0,0.0,0,0,0.0,false
bundles/jcr/resource/src/main/java/org/apache/sling/jcr/resource/internal/helper/ResourceIterator.java,171.0,14.0,0.0,6.0,36.0,23.0,1.0,fmeschbe@13f79535-47bb-0310-9956-ffa450edef68,1,0.004366812227074236,33.0,0.0,33.0,33.0,2589.0666666666666,26065.08567847659,1,0,0.5420406431139152,false
bundles/jcr/resource/src/test/java/org/apache/sling/jcr/resource/internal/JcrResourceResolverTest.java,1496.0,43.0,0.0,58.0,536.0,122.0,3.0,null,1,0.004366812227074236,4.0,0.0,0.0,0.0,2589.0666666666666,26065.08567847659,1,5,0.5420406431139152,false
bundles/jcr/webdav/src/main/java/org/apache/sling/jcr/webdav/impl/helper/SlingResourceConfig.java,67.0,19.0,16.0,8.0,11.0,17.0,5.0,fmeschbe@13f79535-47bb-0310-9956-ffa450edef68,2,0.008733624454148471,33.0,0.0,0.0,0.0,3171.0666666666666,27750.830948664363,2,0,0.7893887640319687,false
bundles/jcr/webdav/src/main/java/org/apache/sling/jcr/webdav/impl/helper/SlingSessionProvider.java,23.0,7.0,1.0,2.0,3.0,6.0,1.0,fmeschbe@13f79535-47bb-0310-9956-ffa450edef68,1,0.004366812227074236,33.0,0.0,0.0,33.0,2589.0666666666666,26065.08567847659,1,0,0.5420406431139152,false
bundles/scripting/jsp/src/main/java/org/apache/sling/scripting/jsp/JspScriptEngineFactory.java,314.0,42.0,94.0,17.0,62.0,41.0,9.0,cziegeler@13f79535-47bb-0310-9956-ffa450edef68,1,0.004366812227074236,2.0,2.0,2.0,0.0,2589.0666666666666,26065.08567847659,1,3,0.5420406431139152,true
bundles/scripting/jsp/src/main/java/org/apache/sling/scripting/jsp/SlingPageException.java,12.0,1.0,0.0,2.0,0.0,3.0,9.0,cziegeler@13f79535-47bb-0310-9956-ffa450edef68,1,0.004366812227074236,100.0,100.0,100.0,0.0,2589.0666666666666,26065.08567847659,1,0,0.5420406431139152,false
bundles/scripting/jsp/src/main/java/org/apache/sling/scripting/jsp/jasper/compiler/Generator.java,2981.0,27.0,0.0,30.0,232.0,121.0,9.0,fmeschbe@13f79535-47bb-0310-9956-ffa450edef68,1,0.004366812227074236,50.0,50.0,50.0,0.0,2589.0666666666666,26065.08567847659,1,0,0.5420406431139152,false
bundles/scripting/jsp/src/main/java/org/apache/sling/scripting/jsp/jasper/runtime/PageContextImpl.java,662.0,38.0,1436.0,61.0,150.0,213.0,9.0,fmeschbe@13f79535-47bb-0310-9956-ffa450edef68,1,0.004366812227074236,25.0,25.0,25.0,0.0,2589.0666666666666,26065.08567847659,1,0,0.5420406431139152,false
bundles/scripting/jsp/src/main/java/org/apache/sling/scripting/jsp/jasper/servlet/JspServletWrapper.java,411.0,27.0,74.0,21.0,69.0,72.0,9.0,cziegeler@13f79535-47bb-0310-9956-ffa450edef68,1,0.004366812227074236,6.0,6.0,6.0,0.0,2589.0666666666666,26065.08567847659,1,6,0.5420406431139152,true
bundles/servlets/get/src/main/java/org/apache/sling/servlets/get/impl/JsonQueryServlet.java,162.0,17.0,22.0,8.0,41.0,27.0,6.0,null,1,0.004366812227074236,12.0,12.0,0.0,12.0,2589.0666666666666,26065.08567847659,1,1,0.5420406431139152,false
bundles/servlets/post/src/main/java/org/apache/sling/servlets/post/HtmlResponse.java,90.0,8.0,0.0,2.0,17.0,10.0,0.0,bdelacretaz@13f79535-47bb-0310-9956-ffa450edef68,0,0.0,0.0,0.0,0.0,0.0,0.0,0.0,0,0,0.0,false
bundles/servlets/post/src/main/java/org/apache/sling/servlets/post/impl/SlingPostServlet.java,383.0,53.0,126.0,24.0,110.0,76.0,5.0,null,2,0.008733624454148471,9.0,9.0,0.0,0.0,1881.9354838709678,7984.799539894832,2,3,1.1872894313419828,false
bundles/servlets/post/src/main/java/org/apache/sling/servlets/post/impl/operations/AbstractCreateOperation.java,353.0,29.0,106.0,16.0,106.0,64.0,3.0,cziegeler@13f79535-47bb-0310-9956-ffa450edef68,2,0.008733624454148471,14.0,14.0,0.0,0.0,1881.9354838709678,7984.799539894832,2,0,1.1872894313419828,true
bundles/servlets/post/src/main/java/org/apache/sling/servlets/post/impl/operations/ImportOperation.java,154.0,19.0,85.0,14.0,52.0,34.0,5.0,enorman@13f79535-47bb-0310-9956-ffa450edef68,1,0.004366812227074236,6.0,0.0,0.0,0.0,96.66666666666667,19.083649986644367,1,3,3.6959969218828004,true
bundles/servlets/post/src/main/java/org/apache/sling/servlets/post/impl/operations/ModifyOperation.java,196.0,23.0,35.0,10.0,73.0,37.0,1.0,justin@13f79535-47bb-0310-9956-ffa450edef68,1,0.004366812227074236,6.0,0.0,0.0,6.0,2589.0666666666666,26065.08567847659,1,1,0.5420406431139152,true
bundles/servlets/post/src/test/java/org/apache/sling/servlets/post/impl/operations/AbstractCreateOperationTest.java,44.0,7.0,3.0,3.0,9.0,7.0,4.0,fmeschbe@13f79535-47bb-0310-9956-ffa450edef68,1,0.004366812227074236,100.0,100.0,0.0,0.0,582.0,1685.745270187773,1,0,2.423031246069913,false
bundles/servlets/resolver/src/main/java/org/apache/sling/servlets/resolver/internal/SlingServletResolver.java,743.0,57.0,49.0,26.0,172.0,114.0,1.0,cziegeler@13f79535-47bb-0310-9956-ffa450edef68,2,0.008733624454148471,5.0,0.0,4.0,0.0,3889.0021505376344,32364.13994818365,2,8,0.1707935863591119,true
contrib/extensions/bgservlets/src/main/java/org/apache/sling/bgservlets/impl/BackgroundServletStarterFilter.java,65.0,21.0,4.0,4.0,19.0,11.0,1.0,bdelacretaz@13f79535-47bb-0310-9956-ffa450edef68,1,0.004366812227074236,9.0,0.0,0.0,0.0,2589.0666666666666,26065.08567847659,1,0,0.5420406431139152,false
contrib/extensions/i18n/src/main/java/org/apache/sling/i18n/DefaultLocaleResolver.java,16.0,5.0,0.0,1.0,4.0,3.0,6.0,fmeschbe@13f79535-47bb-0310-9956-ffa450edef68,1,0.004366812227074236,33.0,0.0,0.0,0.0,2589.0666666666666,26065.08567847659,1,0,0.5420406431139152,false
contrib/extensions/i18n/src/main/java/org/apache/sling/i18n/LocaleResolver.java,11.0,3.0,0.0,1.0,0.0,3.0,4.0,fmeschbe@13f79535-47bb-0310-9956-ffa450edef68,2,0.008733624454148471,40.0,0.0,0.0,0.0,3171.0666666666666,27750.830948664363,2,0,0.7893887640319687,true
contrib/extensions/i18n/src/main/java/org/apache/sling/i18n/impl/I18NFilter.java,75.0,29.0,4.0,5.0,1.0,7.0,3.0,fmeschbe@13f79535-47bb-0310-9956-ffa450edef68,2,0.008733624454148471,21.0,0.0,0.0,0.0,3171.0666666666666,27750.830948664363,2,0,0.5325233424711016,true
contrib/extensions/i18n/src/main/java/org/apache/sling/i18n/impl/JcrResourceBundle.java,101.0,14.0,8.0,9.0,28.0,24.0,2.0,cziegeler@13f79535-47bb-0310-9956-ffa450edef68,1,0.004366812227074236,7.0,0.0,0.0,0.0,1299.9354838709678,6299.05426970706,1,0,1.3378419777339439,true
contrib/extensions/i18n/src/main/java/org/apache/sling/i18n/impl/JcrResourceBundleProvider.java,373.0,36.0,83.0,18.0,78.0,58.0,0.0,fmeschbe@13f79535-47bb-0310-9956-ffa450edef68,0,0.0,0.0,0.0,0.0,0.0,0.0,0.0,0,0,0.0,false
contrib/extensions/i18n/src/test/java/org/apache/sling/i18n/impl/JcrResourceBundleTest.java,312.0,22.0,430.0,32.0,108.0,83.0,2.0,cziegeler@13f79535-47bb-0310-9956-ffa450edef68,1,0.004366812227074236,12.0,0.0,0.0,0.0,1299.9354838709678,6299.05426970706,1,2,1.3378419777339439,true
contrib/extensions/rewriter/src/main/java/org/apache/sling/rewriter/DefaultTransformer.java,54.0,5.0,0.0,15.0,10.0,27.0,2.0,justin@13f79535-47bb-0310-9956-ffa450edef68,0,0.0,0.0,0.0,0.0,0.0,0.0,0.0,0,0,0.0,false
contrib/extensions/rewriter/src/main/java/org/apache/sling/rewriter/impl/RewriterFilter.java,35.0,15.0,3.0,3.0,2.0,6.0,0.0,cziegeler@13f79535-47bb-0310-9956-ffa450edef68,0,0.0,0.0,0.0,0.0,0.0,0.0,0.0,0,2,0.0,false
contrib/extensions/security/src/main/java/org/apache/sling/security/impl/ReferrerFilter.java,239.0,29.0,35.0,10.0,54.0,41.0,1.0,cziegeler@13f79535-47bb-0310-9956-ffa450edef68,2,0.008733624454148471,71.0,29.0,0.0,6.0,3889.0021505376344,32364.13994818365,2,0,0.22411299001761537,false
contrib/extensions/security/src/test/java/org/apache/sling/security/impl/ReferrerFilterTest.java,44.0,9.0,0.0,4.0,16.0,6.0,2.0,cziegeler@13f79535-47bb-0310-9956-ffa450edef68,2,0.008733624454148471,71.0,43.0,0.0,0.0,3889.0021505376344,32364.13994818365,2,0,0.2007984864997331,false
installer/core/src/main/java/org/apache/sling/installer/core/impl/DefaultTransformer.java,65.0,12.0,10.0,5.0,9.0,14.0,2.0,cziegeler@13f79535-47bb-0310-9956-ffa450edef68,1,0.004366812227074236,7.0,0.0,0.0,0.0,2589.0666666666666,26065.08567847659,1,1,0.5420406431139152,false
installer/core/src/main/java/org/apache/sling/installer/core/impl/EntityResourceList.java,248.0,14.0,0.0,19.0,59.0,58.0,6.0,cziegeler@13f79535-47bb-0310-9956-ffa450edef68,1,0.004366812227074236,10.0,7.0,0.0,0.0,2589.0666666666666,26065.08567847659,1,2,0.5420406431139152,false
installer/core/src/main/java/org/apache/sling/installer/core/impl/FileDataStore.java,198.0,18.0,47.0,11.0,50.0,36.0,1.0,cziegeler@13f79535-47bb-0310-9956-ffa450edef68,2,0.008733624454148471,29.0,0.0,14.0,0.0,2685.733333333333,26084.169328463235,2,0,1.4258716019384123,false
installer/core/src/main/java/org/apache/sling/installer/core/impl/InternalResource.java,147.0,10.0,4.0,8.0,37.0,27.0,9.0,cziegeler@13f79535-47bb-0310-9956-ffa450edef68,1,0.004366812227074236,8.0,0.0,0.0,0.0,2589.0666666666666,26065.08567847659,1,1,0.5420406431139152,false
installer/core/src/main/java/org/apache/sling/installer/core/impl/OsgiInstallerImpl.java,697.0,38.0,119.0,31.0,182.0,103.0,6.0,cziegeler@13f79535-47bb-0310-9956-ffa450edef68,1,0.004366812227074236,8.0,5.0,0.0,2.0,2589.0666666666666,26065.08567847659,1,2,0.5420406431139152,false
installer/core/src/main/java/org/apache/sling/installer/core/impl/PersistentResourceList.java,246.0,20.0,0.0,12.0,69.0,49.0,7.0,cziegeler@13f79535-47bb-0310-9956-ffa450edef68,1,0.004366812227074236,17.0,9.0,4.0,0.0,2589.0666666666666,26065.08567847659,1,0,0.5420406431139152,false
installer/core/src/main/java/org/apache/sling/installer/core/impl/Util.java,92.0,7.0,3.0,3.0,14.0,15.0,2.0,cziegeler@13f79535-47bb-0310-9956-ffa450edef68,1,0.004366812227074236,20.0,0.0,0.0,0.0,2589.0666666666666,26065.08567847659,1,0,0.5420406431139152,false
installer/core/src/main/java/org/apache/sling/installer/core/impl/tasks/BundleInstallTask.java,63.0,6.0,1.0,3.0,24.0,8.0,0.0,cziegeler@13f79535-47bb-0310-9956-ffa450edef68,0,0.0,0.0,0.0,0.0,0.0,0.0,0.0,0,2,0.0,false
installer/core/src/main/java/org/apache/sling/installer/core/impl/tasks/BundleStartTask.java,120.0,10.0,13.0,7.0,32.0,24.0,3.0,cziegeler@13f79535-47bb-0310-9956-ffa450edef68,1,0.004366812227074236,6.0,0.0,0.0,0.0,2589.0666666666666,26065.08567847659,1,1,0.5420406431139152,false
installer/core/src/main/java/org/apache/sling/installer/core/impl/tasks/BundleUpdateTask.java,68.0,7.0,4.0,4.0,28.0,12.0,1.0,cziegeler@13f79535-47bb-0310-9956-ffa450edef68,1,0.004366812227074236,5.0,0.0,0.0,0.0,2589.0666666666666,26065.08567847659,1,1,0.5420406431139152,false
installer/core/src/main/java/org/apache/sling/installer/core/impl/tasks/RefreshOptionalPackagesTask.java,90.0,9.0,4.0,5.0,26.0,13.0,0.0,cziegeler@13f79535-47bb-0310-9956-ffa450edef68,0,0.0,0.0,0.0,0.0,0.0,0.0,0.0,0,0,0.0,false
installer/core/src/main/java/org/apache/sling/installer/core/impl/tasks/SynchronousRefreshPackagesTask.java,75.0,7.0,7.0,6.0,20.0,16.0,0.0,cziegeler@13f79535-47bb-0310-9956-ffa450edef68,0,0.0,0.0,0.0,0.0,0.0,0.0,0.0,0,0,0.0,false
installer/factories/configuration/src/main/java/org/apache/sling/installer/factories/configuration/impl/ConfigRemoveTask.java,40.0,5.0,3.0,3.0,15.0,7.0,4.0,cziegeler@13f79535-47bb-0310-9956-ffa450edef68,1,0.004366812227074236,17.0,17.0,0.0,0.0,2589.0666666666666,26065.08567847659,1,0,0.5420406431139152,false
installer/factories/configuration/src/main/java/org/apache/sling/installer/factories/configuration/impl/ConfigTaskCreator.java,146.0,19.0,22.0,8.0,34.0,25.0,4.0,cziegeler@13f79535-47bb-0310-9956-ffa450edef68,1,0.004366812227074236,6.0,6.0,0.0,0.0,2589.0666666666666,26065.08567847659,1,0,0.5420406431139152,false
installer/it/src/test/java/org/apache/sling/installer/it/FragmentInstallTest.java,37.0,12.0,6.0,4.0,17.0,9.0,3.0,bdelacretaz@13f79535-47bb-0310-9956-ffa450edef68,1,0.004366812227074236,50.0,0.0,0.0,0.0,2589.0666666666666,26065.08567847659,1,0,0.5420406431139152,false
installer/it/src/test/java/org/apache/sling/installer/it/InvalidBundlesTest.java,56.0,11.0,10.0,5.0,20.0,10.0,2.0,bdelacretaz@13f79535-47bb-0310-9956-ffa450edef68,1,0.004366812227074236,25.0,25.0,0.0,0.0,231.8181818181818,239.2464056140704,1,0,3.244011798139743,false
installer/providers/file/src/main/java/org/apache/sling/installer/provider/file/impl/Activator.java,56.0,5.0,1.0,3.0,11.0,8.0,3.0,cziegeler@13f79535-47bb-0310-9956-ffa450edef68,1,0.004366812227074236,50.0,0.0,0.0,0.0,2589.0666666666666,26065.08567847659,1,0,0.5420406431139152,false
installer/providers/file/src/main/java/org/apache/sling/installer/provider/file/impl/FileChangesListener.java,5.0,2.0,3.0,3.0,0.0,3.0,7.0,cziegeler@13f79535-47bb-0310-9956-ffa450edef68,1,0.004366812227074236,50.0,0.0,0.0,0.0,2589.0666666666666,26065.08567847659,1,0,0.5420406431139152,false
installer/providers/file/src/main/java/org/apache/sling/installer/provider/file/impl/FileInstaller.java,158.0,17.0,19.0,10.0,41.0,26.0,7.0,cziegeler@13f79535-47bb-0310-9956-ffa450edef68,1,0.004366812227074236,25.0,0.0,0.0,0.0,2589.0666666666666,26065.08567847659,1,0,0.5420406431139152,false
installer/providers/file/src/main/java/org/apache/sling/installer/provider/file/impl/FileMonitor.java,242.0,7.0,16.0,9.0,33.0,32.0,7.0,cziegeler@13f79535-47bb-0310-9956-ffa450edef68,1,0.004366812227074236,50.0,0.0,0.0,0.0,2589.0666666666666,26065.08567847659,1,0,0.5420406431139152,false
installer/providers/file/src/main/java/org/apache/sling/installer/provider/file/impl/Installer.java,112.0,12.0,0.0,5.0,21.0,15.0,8.0,cziegeler@13f79535-47bb-0310-9956-ffa450edef68,1,0.004366812227074236,50.0,0.0,0.0,0.0,2589.0666666666666,26065.08567847659,1,0,0.5420406431139152,false
installer/providers/file/src/main/java/org/apache/sling/installer/provider/file/impl/ServicesListener.java,143.0,14.0,0.0,5.0,18.0,12.0,7.0,cziegeler@13f79535-47bb-0310-9956-ffa450edef68,1,0.004366812227074236,33.0,0.0,0.0,0.0,2589.0666666666666,26065.08567847659,1,0,0.5420406431139152,false
installer/providers/jcr/src/main/java/org/apache/sling/installer/provider/jcr/impl/JcrInstaller.java,526.0,36.0,17.0,15.0,127.0,59.0,1.0,cziegeler@13f79535-47bb-0310-9956-ffa450edef68,1,0.004366812227074236,6.0,0.0,0.0,0.0,2589.0666666666666,26065.08567847659,1,1,0.5420406431139152,true
installer/providers/jcr/src/main/java/org/apache/sling/installer/provider/jcr/impl/WatchedFolder.java,122.0,18.0,0.0,9.0,33.0,27.0,0.0,cziegeler@13f79535-47bb-0310-9956-ffa450edef68,0,0.0,0.0,0.0,0.0,0.0,0.0,0.0,0,0,0.0,true
installer/providers/jcr/src/test/java/org/apache/sling/installer/provider/jcr/impl/MockSettings.java,22.0,5.0,13.0,6.0,2.0,11.0,1.0,cziegeler@13f79535-47bb-0310-9956-ffa450edef68,1,0.004366812227074236,50.0,50.0,50.0,0.0,2589.0666666666666,26065.08567847659,1,0,0.5420406431139152,false
launchpad/base/src/main/java/org/apache/sling/launchpad/app/Main.java,277.0,14.0,106.0,17.0,76.0,47.0,1.0,fmeschbe@13f79535-47bb-0310-9956-ffa450edef68,2,0.008733624454148471,36.0,0.0,14.0,0.0,3171.0666666666666,27750.830948664363,2,2,1.8111372594439765,false
launchpad/base/src/main/java/org/apache/sling/launchpad/base/app/MainDelegate.java,248.0,16.0,83.0,15.0,49.0,41.0,2.0,fmeschbe@13f79535-47bb-0310-9956-ffa450edef68,2,0.008733624454148471,27.0,0.0,0.0,0.0,3171.0666666666666,27750.830948664363,2,1,0.5325233424711016,false
launchpad/base/src/main/java/org/apache/sling/launchpad/base/impl/BootstrapInstaller.java,655.0,32.0,210.0,28.0,158.0,113.0,3.0,cziegeler@13f79535-47bb-0310-9956-ffa450edef68,1,0.004366812227074236,23.0,0.0,0.0,5.0,2589.0666666666666,26065.08567847659,1,1,0.5420406431139152,true
launchpad/base/src/main/java/org/apache/sling/launchpad/base/impl/Sling.java,564.0,38.0,39.0,18.0,135.0,80.0,3.0,cziegeler@13f79535-47bb-0310-9956-ffa450edef68,3,0.013100436681222707,21.0,3.0,0.0,3.0,4471.002150537634,34049.88521837142,3,0,0.12060940422845823,false
launchpad/base/src/main/java/org/apache/sling/launchpad/base/impl/bootstrapcommands/BootstrapCommandFile.java,154.0,11.0,15.0,7.0,30.0,32.0,4.0,bdelacretaz@13f79535-47bb-0310-9956-ffa450edef68,1,0.004366812227074236,33.0,0.0,0.0,0.0,2589.0666666666666,26065.08567847659,1,0,0.5420406431139152,false
launchpad/base/src/main/java/org/apache/sling/launchpad/base/impl/bootstrapcommands/Command.java,18.0,3.0,1.0,2.0,0.0,8.0,4.0,bdelacretaz@13f79535-47bb-0310-9956-ffa450edef68,1,0.004366812227074236,50.0,0.0,0.0,0.0,2589.0666666666666,26065.08567847659,1,0,0.5420406431139152,false
launchpad/base/src/main/java/org/apache/sling/launchpad/base/impl/bootstrapcommands/UninstallBundleCommand.java,111.0,11.0,8.0,8.0,31.0,23.0,4.0,bdelacretaz@13f79535-47bb-0310-9956-ffa450edef68,1,0.004366812227074236,33.0,0.0,0.0,0.0,2589.0666666666666,26065.08567847659,1,0,0.5420406431139152,false
launchpad/base/src/main/java/org/apache/sling/launchpad/webapp/SlingServlet.java,337.0,17.0,27.0,15.0,65.0,57.0,5.0,fmeschbe@13f79535-47bb-0310-9956-ffa450edef68,2,0.008733624454148471,27.0,9.0,0.0,0.0,3889.0021505376344,32364.13994818365,2,2,0.4360606978991215,false
launchpad/base/src/test/java/org/apache/sling/launchpad/base/impl/bootstrapcommands/BootstrapCommandFileTest.java,90.0,21.0,0.0,7.0,44.0,22.0,2.0,bdelacretaz@13f79535-47bb-0310-9956-ffa450edef68,2,0.008733624454148471,50.0,0.0,25.0,0.0,3889.0021505376344,32364.13994818365,2,0,0.2467941298639843,false
launchpad/base/src/test/java/org/apache/sling/launchpad/base/impl/bootstrapcommands/UninstallBundleCommandTest.java,69.0,13.0,0.0,3.0,18.0,8.0,2.0,bdelacretaz@13f79535-47bb-0310-9956-ffa450edef68,2,0.008733624454148471,50.0,0.0,25.0,0.0,3889.0021505376344,32364.13994818365,2,0,0.2467941298639843,false
launchpad/installer/src/main/java/org/apache/sling/launchpad/installer/impl/LaunchpadConfigInstaller.java,47.0,11.0,1.0,2.0,19.0,5.0,3.0,cziegeler@13f79535-47bb-0310-9956-ffa450edef68,1,0.004366812227074236,14.0,0.0,0.0,5.0,2589.0666666666666,26065.08567847659,1,1,0.5420406431139152,true
launchpad/integration-tests/src/main/java/org/apache/sling/launchpad/webapp/integrationtest/AbstractAuthenticatedTest.java,185.0,15.0,28.0,8.0,68.0,33.0,1.0,bdelacretaz@13f79535-47bb-0310-9956-ffa450edef68,1,0.004366812227074236,12.0,0.0,12.0,0.0,2589.0666666666666,26065.08567847659,1,0,0.5420406431139152,false
launchpad/integration-tests/src/main/java/org/apache/sling/launchpad/webapp/integrationtest/JsonQueryServletTest.java,128.0,8.0,0.0,14.0,29.0,35.0,0.0,justin@13f79535-47bb-0310-9956-ffa450edef68,0,0.0,0.0,0.0,0.0,0.0,0.0,0.0,0,1,0.0,false
launchpad/integration-tests/src/main/java/org/apache/sling/launchpad/webapp/integrationtest/JspScriptingTest.java,99.0,1.0,8.0,9.0,32.0,27.0,2.0,bdelacretaz@13f79535-47bb-0310-9956-ffa450edef68,2,0.008733624454148471,29.0,14.0,0.0,0.0,1531.7536656891496,6538.30067532113,2,0,1.597779707376898,false
launchpad/integration-tests/src/main/java/org/apache/sling/launchpad/webapp/integrationtest/VanityPathTest.java,95.0,6.0,0.0,6.0,42.0,12.0,0.0,fmeschbe@13f79535-47bb-0310-9956-ffa450edef68,0,0.0,0.0,0.0,0.0,0.0,0.0,0.0,0,0,0.0,false
launchpad/integration-tests/src/main/java/org/apache/sling/launchpad/webapp/integrationtest/issues/SLING2082Test.java,20.0,5.0,3.0,3.0,11.0,6.0,0.0,bdelacretaz@13f79535-47bb-0310-9956-ffa450edef68,0,0.0,0.0,0.0,0.0,0.0,0.0,0.0,0,0,0.0,false
launchpad/integration-tests/src/main/java/org/apache/sling/launchpad/webapp/integrationtest/issues/SLING2085Test.java,17.0,2.0,0.0,1.0,9.0,2.0,0.0,bdelacretaz@13f79535-47bb-0310-9956-ffa450edef68,0,0.0,0.0,0.0,0.0,0.0,0.0,0.0,0,0,0.0,false
launchpad/integration-tests/src/main/java/org/apache/sling/launchpad/webapp/integrationtest/issues/SLING2094Test.java,32.0,3.0,0.0,4.0,9.0,10.0,9.0,bdelacretaz@13f79535-47bb-0310-9956-ffa450edef68,1,0.004366812227074236,50.0,50.0,50.0,0.0,2589.0666666666666,26065.08567847659,1,0,0.5420406431139152,false
launchpad/integration-tests/src/main/java/org/apache/sling/launchpad/webapp/integrationtest/servlets/post/PostServletCreateTest.java,159.0,11.0,0.0,14.0,67.0,34.0,0.0,null,0,0.0,0.0,0.0,0.0,0.0,0.0,0.0,0,0,0.0,true
launchpad/integration-tests/src/main/java/org/apache/sling/launchpad/webapp/integrationtest/servlets/post/PostServletImportTest.java,474.0,21.0,0.0,24.0,239.0,64.0,2.0,enorman@13f79535-47bb-0310-9956-ffa450edef68,2,0.008733624454148471,25.0,8.0,0.0,0.0,2685.733333333333,26084.169328463235,2,4,0.9568452344087306,true
launchpad/integration-tests/src/main/java/org/apache/sling/launchpad/webapp/integrationtest/servlets/post/PostServletUpdateTest.java,230.0,25.0,0.0,10.0,67.0,25.0,3.0,bdelacretaz@13f79535-47bb-0310-9956-ffa450edef68,1,0.004366812227074236,14.0,14.0,0.0,0.0,1299.9354838709678,6299.05426970706,1,0,1.3378419777339439,true
launchpad/integration-tests/src/main/java/org/apache/sling/launchpad/webapp/integrationtest/userManager/CreateUserTest.java,136.0,10.0,0.0,10.0,43.0,26.0,0.0,bdelacretaz@13f79535-47bb-0310-9956-ffa450edef68,0,0.0,0.0,0.0,0.0,0.0,0.0,0.0,0,1,0.0,false
launchpad/integration-tests/src/main/java/org/apache/sling/launchpad/webapp/integrationtest/userManager/UpdateUserTest.java,132.0,10.0,0.0,9.0,39.0,23.0,0.0,bdelacretaz@13f79535-47bb-0310-9956-ffa450edef68,0,0.0,0.0,0.0,0.0,0.0,0.0,0.0,0,1,0.0,false
launchpad/test-services/src/main/java/org/apache/sling/launchpad/testservices/servlets/HtmlResponseServlet.java,13.0,11.0,0.0,1.0,6.0,2.0,0.0,bdelacretaz@13f79535-47bb-0310-9956-ffa450edef68,0,0.0,0.0,0.0,0.0,0.0,0.0,0.0,0,0,0.0,false
maven/archetypes/bundle-for-jcrinstall/src/main/resources/archetype-resources/src/main/java/SimpleDSComponent.java,16.0,6.0,1.0,3.0,1.0,3.0,4.0,rombert@13f79535-47bb-0310-9956-ffa450edef68,1,0.004366812227074236,67.0,33.0,33.0,33.0,1299.9354838709678,6299.05426970706,1,0,1.3378419777339439,false
maven/archetypes/bundle/src/main/resources/archetype-resources/src/main/java/SimpleDSComponent.java,16.0,6.0,1.0,3.0,1.0,3.0,4.0,rombert@13f79535-47bb-0310-9956-ffa450edef68,1,0.004366812227074236,67.0,33.0,33.0,33.0,1299.9354838709678,6299.05426970706,1,0,1.3378419777339439,false
maven/archetypes/servlet/src/main/resources/archetype-resources/src/main/java/ByPathServlet.java,16.0,11.0,0.0,1.0,3.0,2.0,2.0,rombert@13f79535-47bb-0310-9956-ffa450edef68,1,0.004366812227074236,33.0,0.0,0.0,0.0,1299.9354838709678,6299.05426970706,1,0,1.3378419777339439,false
maven/archetypes/servlet/src/main/resources/archetype-resources/src/main/java/ByResourceTypeServlet.java,19.0,12.0,0.0,1.0,5.0,2.0,2.0,rombert@13f79535-47bb-0310-9956-ffa450edef68,1,0.004366812227074236,33.0,0.0,0.0,0.0,1299.9354838709678,6299.05426970706,1,0,1.3378419777339439,false
maven/archetypes/servlet/src/main/resources/archetype-resources/src/main/java/SimpleFilter.java,16.0,14.0,3.0,3.0,2.0,5.0,1.0,rombert@13f79535-47bb-0310-9956-ffa450edef68,1,0.004366812227074236,50.0,50.0,0.0,0.0,1299.9354838709678,6299.05426970706,1,0,1.3378419777339439,false
maven/maven-launchpad-plugin/src/main/java/org/apache/sling/maven/projectsupport/AbstractBundleListMojo.java,21.0,4.0,0.0,0.0,0.0,0.0,3.0,cziegeler@13f79535-47bb-0310-9956-ffa450edef68,1,0.004366812227074236,27.0,9.0,0.0,9.0,2589.0666666666666,26065.08567847659,1,4,0.5420406431139152,false
maven/maven-launchpad-plugin/src/main/java/org/apache/sling/maven/projectsupport/AbstractLaunchpadFrameworkMojo.java,49.0,8.0,6.0,4.0,18.0,17.0,3.0,cziegeler@13f79535-47bb-0310-9956-ffa450edef68,1,0.004366812227074236,33.0,0.0,0.0,0.0,2589.0666666666666,26065.08567847659,1,0,0.5420406431139152,false
maven/maven-launchpad-plugin/src/main/java/org/apache/sling/maven/projectsupport/AbstractLaunchpadStartingMojo.java,263.0,31.0,50.0,12.0,67.0,40.0,5.0,cziegeler@13f79535-47bb-0310-9956-ffa450edef68,1,0.004366812227074236,27.0,0.0,0.0,7.0,2589.0666666666666,26065.08567847659,1,1,0.5420406431139152,false
maven/maven-launchpad-plugin/src/main/java/org/apache/sling/maven/projectsupport/AbstractUsingBundleListMojo.java,292.0,35.0,89.0,15.0,81.0,58.0,2.0,cziegeler@13f79535-47bb-0310-9956-ffa450edef68,1,0.004366812227074236,32.0,18.0,0.0,0.0,2589.0666666666666,26065.08567847659,1,0,0.5420406431139152,false
maven/maven-launchpad-plugin/src/main/java/org/apache/sling/maven/projectsupport/AttachBundleListMojo.java,35.0,6.0,0.0,1.0,4.0,4.0,0.0,justin@13f79535-47bb-0310-9956-ffa450edef68,0,0.0,0.0,0.0,0.0,0.0,0.0,0.0,0,0,0.0,false
maven/maven-launchpad-plugin/src/main/java/org/apache/sling/maven/projectsupport/AttachPartialBundleListMojo.java,11.0,2.0,0.0,1.0,2.0,3.0,3.0,cziegeler@13f79535-47bb-0310-9956-ffa450edef68,1,0.004366812227074236,25.0,12.0,0.0,0.0,2589.0666666666666,26065.08567847659,1,0,0.5420406431139152,false
maven/maven-launchpad-plugin/src/main/java/org/apache/sling/maven/projectsupport/CheckBundleListForSnapshotsMojo.java,34.0,7.0,1.0,2.0,14.0,6.0,0.0,justin@13f79535-47bb-0310-9956-ffa450edef68,0,0.0,0.0,0.0,0.0,0.0,0.0,0.0,0,0,0.0,false
maven/maven-launchpad-plugin/src/main/java/org/apache/sling/maven/projectsupport/CreateBundleJarMojo.java,113.0,12.0,7.0,6.0,40.0,26.0,6.0,cziegeler@13f79535-47bb-0310-9956-ffa450edef68,1,0.004366812227074236,14.0,0.0,0.0,0.0,2589.0666666666666,26065.08567847659,1,0,0.5420406431139152,false
maven/maven-launchpad-plugin/src/main/java/org/apache/sling/maven/projectsupport/CreateKarafFeatureDescriptorMojo.java,62.0,12.0,0.0,1.0,16.0,5.0,0.0,justin@13f79535-47bb-0310-9956-ffa450edef68,0,0.0,0.0,0.0,0.0,0.0,0.0,0.0,0,0,0.0,false
maven/maven-launchpad-plugin/src/main/java/org/apache/sling/maven/projectsupport/DisplayBundleUpdatesMojo.java,165.0,30.0,10.0,5.0,38.0,19.0,4.0,rombert@13f79535-47bb-0310-9956-ffa450edef68,1,0.004366812227074236,25.0,0.0,0.0,25.0,2589.0666666666666,26065.08567847659,1,0,0.5420406431139152,false
maven/maven-launchpad-plugin/src/main/java/org/apache/sling/maven/projectsupport/OutputBundleListMojo.java,15.0,5.0,0.0,1.0,2.0,4.0,0.0,justin@13f79535-47bb-0310-9956-ffa450edef68,0,0.0,0.0,0.0,0.0,0.0,0.0,0.0,0,0,0.0,false
maven/maven-launchpad-plugin/src/main/java/org/apache/sling/maven/projectsupport/PreparePackageMojo.java,222.0,16.0,25.0,11.0,77.0,40.0,2.0,cziegeler@13f79535-47bb-0310-9956-ffa450edef68,1,0.004366812227074236,50.0,25.0,0.0,5.0,2589.0666666666666,26065.08567847659,1,0,0.5420406431139152,false
maven/maven-launchpad-plugin/src/main/java/org/apache/sling/maven/projectsupport/bundlelist/BaseBundle.java,11.0,0.0,21.0,7.0,6.0,11.0,5.0,rombert@13f79535-47bb-0310-9956-ffa450edef68,1,0.004366812227074236,33.0,0.0,0.0,0.0,2589.0666666666666,26065.08567847659,1,0,0.5420406431139152,false
maven/maven-launchpad-plugin/src/main/java/org/apache/sling/maven/projectsupport/bundlelist/BaseBundleList.java,71.0,4.0,21.0,7.0,19.0,20.0,4.0,cziegeler@13f79535-47bb-0310-9956-ffa450edef68,1,0.004366812227074236,44.0,0.0,0.0,11.0,2589.0666666666666,26065.08567847659,1,1,0.5420406431139152,false
maven/maven-launchpad-plugin/src/main/java/org/apache/sling/maven/projectsupport/bundlelist/BaseStartLevel.java,56.0,3.0,24.0,9.0,18.0,26.0,3.0,rombert@13f79535-47bb-0310-9956-ffa450edef68,1,0.004366812227074236,50.0,0.0,0.0,0.0,2589.0666666666666,26065.08567847659,1,0,0.5420406431139152,false
maven/maven-launchpad-plugin/src/test/java/org/apache/sling/maven/projectsupport/PreparePackageMojoTest.java,61.0,5.0,15.0,6.0,23.0,23.0,3.0,cziegeler@13f79535-47bb-0310-9956-ffa450edef68,1,0.004366812227074236,29.0,0.0,0.0,0.0,2589.0666666666666,26065.08567847659,1,0,0.5420406431139152,false
maven/maven-sling-plugin/src/main/java/org/apache/sling/maven/bundlesupport/AbstractBundleDeployMojo.java,111.0,21.0,10.0,5.0,39.0,24.0,0.0,rombert@13f79535-47bb-0310-9956-ffa450edef68,0,0.0,0.0,0.0,0.0,0.0,0.0,0.0,0,1,0.0,false
maven/maven-sling-plugin/src/main/java/org/apache/sling/maven/bundlesupport/AbstractBundleInstallMojo.java,484.0,32.0,101.0,15.0,123.0,67.0,0.0,justin@13f79535-47bb-0310-9956-ffa450edef68,0,0.0,0.0,0.0,0.0,0.0,0.0,0.0,0,1,0.0,false
maven/maven-sling-plugin/src/main/java/org/apache/sling/maven/bundlesupport/AbstractBundlePostMojo.java,46.0,5.0,0.0,1.0,8.0,4.0,0.0,rombert@13f79535-47bb-0310-9956-ffa450edef68,0,0.0,0.0,0.0,0.0,0.0,0.0,0.0,0,1,0.0,false
testing/junit/remote/src/main/java/org/apache/sling/junit/remote/httpclient/RemoteTestHttpClient.java,56.0,11.0,0.0,5.0,12.0,14.0,0.0,bdelacretaz@13f79535-47bb-0310-9956-ffa450edef68,0,0.0,0.0,0.0,0.0,0.0,0.0,0.0,0,0,0.0,true
testing/junit/scriptable/src/main/java/org/apache/sling/junit/scriptable/HttpRequest.java,175.0,13.0,1441.0,55.0,3.0,109.0,0.0,bdelacretaz@13f79535-47bb-0310-9956-ffa450edef68,0,0.0,0.0,0.0,0.0,0.0,0.0,0.0,0,0,0.0,false
testing/tools/src/main/java/org/apache/sling/testing/tools/http/RetryingContentChecker.java,43.0,2.0,9.0,7.0,12.0,18.0,0.0,bdelacretaz@13f79535-47bb-0310-9956-ffa450edef68,0,0.0,0.0,0.0,0.0,0.0,0.0,0.0,0,1,0.0,false
testing/tools/src/main/java/org/apache/sling/testing/tools/sling/SlingClient.java,143.0,20.0,13.0,10.0,52.0,36.0,0.0,bdelacretaz@13f79535-47bb-0310-9956-ffa450edef68,0,0.0,0.0,0.0,0.0,0.0,0.0,0.0,0,1,0.0,true
