name,LOC,CBO,LCOM,NOM,RFC,WMC,ACS,Ownership,numOfChanges,numberOfFIChanges,ENH,NF,BugFixing,REF,structuralWorkloadSum,semanticWorkloadSum,numberOfDeveloper,pastFaults,MAF,isBuggy
bundles/api/src/main/java/org/apache/sling/api/SlingConstants.java,144.0,0.0,0.0,0.0,0.0,0.0,3.0,cziegeler@13f79535-47bb-0310-9956-ffa450edef68,2,0.007407407407407408,16.0,5.0,5.0,0.0,3389.986983588002,28506.075848480396,2,0,0.6178131678418743,false
bundles/api/src/main/java/org/apache/sling/api/auth/Authenticator.java,29.0,2.0,1.0,2.0,0.0,8.0,1.0,kwin@13f79535-47bb-0310-9956-ffa450edef68,1,0.003703703703703704,25.0,0.0,0.0,0.0,1339.0746268656717,8379.249664871853,1,1,1.0382691587606412,false
bundles/auth/core/src/main/java/org/apache/sling/auth/core/AuthenticationSupport.java,24.0,2.0,0.0,1.0,0.0,4.0,8.0,fmeschbe@13f79535-47bb-0310-9956-ffa450edef68,1,0.003703703703703704,50.0,0.0,0.0,0.0,1339.0746268656717,8379.249664871853,1,0,1.0382691587606412,false
bundles/auth/core/src/main/java/org/apache/sling/auth/core/impl/AbstractAuthenticationHandlerHolder.java,112.0,7.0,55.0,11.0,14.0,28.0,8.0,fmeschbe@13f79535-47bb-0310-9956-ffa450edef68,1,0.003703703703703704,25.0,0.0,0.0,0.0,1339.0746268656717,8379.249664871853,1,0,1.0382691587606412,false
bundles/auth/core/src/main/java/org/apache/sling/auth/core/impl/HttpBasicAuthenticationHandler.java,148.0,11.0,14.0,9.0,25.0,34.0,5.0,fmeschbe@13f79535-47bb-0310-9956-ffa450edef68,1,0.003703703703703704,36.0,9.0,18.0,0.0,1339.0746268656717,8379.249664871853,1,1,1.0382691587606412,false
bundles/auth/core/src/main/java/org/apache/sling/auth/core/impl/PathBasedHolder.java,112.0,3.0,0.0,5.0,10.0,19.0,8.0,fmeschbe@13f79535-47bb-0310-9956-ffa450edef68,1,0.003703703703703704,33.0,0.0,0.0,0.0,1339.0746268656717,8379.249664871853,1,0,1.0382691587606412,false
bundles/auth/core/src/main/java/org/apache/sling/auth/core/impl/SlingAuthenticator.java,919.0,48.0,320.0,32.0,195.0,131.0,3.0,fmeschbe@13f79535-47bb-0310-9956-ffa450edef68,2,0.007407407407407408,20.0,6.0,10.0,2.0,3261.9563472957793,24679.768707002055,2,1,0.7292792220504567,false
bundles/auth/core/src/main/java/org/apache/sling/auth/core/package-info.java,0.0,0.0,0.0,0.0,0.0,0.0,3.0,fmeschbe@13f79535-47bb-0310-9956-ffa450edef68,1,0.003703703703703704,67.0,0.0,0.0,0.0,1339.0746268656717,8379.249664871853,1,0,1.0382691587606412,false
bundles/auth/core/src/main/java/org/apache/sling/auth/core/spi/AbstractAuthenticationFormServlet.java,147.0,7.0,55.0,11.0,34.0,45.0,8.0,fmeschbe@13f79535-47bb-0310-9956-ffa450edef68,1,0.003703703703703704,20.0,10.0,0.0,0.0,1339.0746268656717,8379.249664871853,1,4,1.0382691587606412,false
bundles/auth/core/src/main/java/org/apache/sling/auth/core/spi/AbstractAuthenticationHandler.java,235.0,16.0,45.0,10.0,60.0,44.0,7.0,fmeschbe@13f79535-47bb-0310-9956-ffa450edef68,2,0.007407407407407408,33.0,17.0,8.0,8.0,1919.3412935323383,10229.463957370897,2,1,0.9307236249958752,false
bundles/auth/core/src/main/java/org/apache/sling/auth/core/spi/AuthenticationHandler.java,52.0,3.0,3.0,3.0,0.0,12.0,8.0,fmeschbe@13f79535-47bb-0310-9956-ffa450edef68,1,0.003703703703703704,20.0,0.0,0.0,0.0,1339.0746268656717,8379.249664871853,1,0,1.0382691587606412,false
bundles/auth/core/src/main/java/org/apache/sling/auth/core/spi/package-info.java,0.0,0.0,0.0,0.0,0.0,0.0,3.0,fmeschbe@13f79535-47bb-0310-9956-ffa450edef68,1,0.003703703703703704,25.0,0.0,0.0,0.0,1339.0746268656717,8379.249664871853,1,0,1.0382691587606412,false
bundles/auth/core/src/main/java/org/apache/sling/engine/auth/package-info.java,0.0,0.0,0.0,0.0,0.0,0.0,3.0,fmeschbe@13f79535-47bb-0310-9956-ffa450edef68,1,0.003703703703703704,100.0,0.0,0.0,0.0,1339.0746268656717,8379.249664871853,1,0,1.0382691587606412,false
bundles/auth/form/src/main/java/org/apache/sling/auth/form/impl/AuthenticationFormServlet.java,34.0,9.0,0.0,1.0,4.0,5.0,3.0,fmeschbe@13f79535-47bb-0310-9956-ffa450edef68,1,0.003703703703703704,20.0,0.0,0.0,0.0,1339.0746268656717,8379.249664871853,1,0,1.0382691587606412,false
bundles/auth/form/src/main/java/org/apache/sling/auth/form/impl/FormAuthenticationHandler.java,593.0,41.0,115.0,19.0,84.0,69.0,4.0,fmeschbe@13f79535-47bb-0310-9956-ffa450edef68,2,0.007407407407407408,16.0,0.0,8.0,4.0,1919.3412935323383,10229.463957370897,2,0,0.9307236249958752,false
bundles/auth/form/src/main/java/org/apache/sling/auth/form/impl/TokenStore.java,339.0,17.0,21.0,11.0,66.0,49.0,3.0,fmeschbe@13f79535-47bb-0310-9956-ffa450edef68,1,0.003703703703703704,20.0,0.0,0.0,0.0,1339.0746268656717,8379.249664871853,1,0,1.0382691587606412,false
bundles/auth/openid/src/main/java/org/apache/sling/auth/openid/OpenIDConstants.java,17.0,1.0,0.0,0.0,0.0,0.0,3.0,fmeschbe@13f79535-47bb-0310-9956-ffa450edef68,1,0.003703703703703704,25.0,0.0,0.0,0.0,1339.0746268656717,8379.249664871853,1,0,1.0382691587606412,false
bundles/auth/openid/src/main/java/org/apache/sling/auth/openid/OpenIDFailure.java,0.0,0.0,0.0,0.0,0.0,0.0,3.0,fmeschbe@13f79535-47bb-0310-9956-ffa450edef68,1,0.003703703703703704,33.0,0.0,0.0,0.0,1339.0746268656717,8379.249664871853,1,0,1.0382691587606412,false
bundles/auth/openid/src/main/java/org/apache/sling/auth/openid/impl/OpenIDAuthenticationHandler.java,432.0,30.0,92.0,20.0,101.0,76.0,4.0,fmeschbe@13f79535-47bb-0310-9956-ffa450edef68,3,0.011111111111111112,44.0,11.0,11.0,11.0,3842.223013962446,26529.9829995011,3,0,0.49357059047792484,false
bundles/auth/selector/src/main/java/org/apache/sling/auth/selector/SelectorAuthenticationHandler.java,55.0,17.0,4.0,4.0,12.0,10.0,6.0,fmeschbe@13f79535-47bb-0310-9956-ffa450edef68,2,0.007407407407407408,25.0,0.0,12.0,12.0,1919.3412935323383,10229.463957370897,2,0,1.2547011999087805,false
bundles/commons/classloader/src/main/java/org/apache/sling/commons/classloader/impl/PackageAdminClassLoader.java,169.0,11.0,6.0,8.0,35.0,28.0,2.0,cziegeler@13f79535-47bb-0310-9956-ffa450edef68,1,0.003703703703703704,8.0,0.0,0.0,0.0,1467.1052631578946,12205.556806350194,1,4,1.2818912414183916,false
bundles/commons/classloader/src/test/java/org/apache/sling/commons/classloader/impl/ClassLoadingTest.java,57.0,11.0,0.0,2.0,23.0,4.0,2.0,cziegeler@13f79535-47bb-0310-9956-ffa450edef68,1,0.003703703703703704,17.0,0.0,0.0,0.0,1467.1052631578946,12205.556806350194,1,0,1.2818912414183916,false
bundles/commons/log/src/main/java/org/apache/sling/commons/log/internal/Activator.java,26.0,3.0,0.0,2.0,5.0,6.0,5.0,fmeschbe@13f79535-47bb-0310-9956-ffa450edef68,1,0.003703703703703704,14.0,0.0,0.0,0.0,1339.0746268656717,8379.249664871853,1,0,1.0382691587606412,false
bundles/commons/log/src/main/java/org/apache/sling/commons/log/internal/LogManager.java,87.0,11.0,1.0,3.0,18.0,9.0,8.0,fmeschbe@13f79535-47bb-0310-9956-ffa450edef68,1,0.003703703703703704,11.0,0.0,0.0,0.0,1339.0746268656717,8379.249664871853,1,0,1.0382691587606412,false
bundles/commons/logservice/src/main/java/org/apache/sling/commons/logservice/internal/Activator.java,40.0,7.0,0.0,2.0,11.0,5.0,5.0,fmeschbe@13f79535-47bb-0310-9956-ffa450edef68,1,0.003703703703703704,50.0,50.0,0.0,0.0,1339.0746268656717,8379.249664871853,1,0,1.0382691587606412,false
bundles/commons/logservice/src/main/java/org/apache/sling/commons/logservice/internal/LogEntryImpl.java,34.0,3.0,9.0,7.0,1.0,13.0,7.0,fmeschbe@13f79535-47bb-0310-9956-ffa450edef68,1,0.003703703703703704,100.0,100.0,0.0,0.0,1339.0746268656717,8379.249664871853,1,0,1.0382691587606412,false
bundles/commons/logservice/src/main/java/org/apache/sling/commons/logservice/internal/LogReaderServiceFactory.java,33.0,6.0,3.0,3.0,1.0,4.0,7.0,fmeschbe@13f79535-47bb-0310-9956-ffa450edef68,1,0.003703703703703704,100.0,100.0,0.0,0.0,1339.0746268656717,8379.249664871853,1,0,1.0382691587606412,false
bundles/commons/logservice/src/main/java/org/apache/sling/commons/logservice/internal/LogServiceFactory.java,41.0,6.0,3.0,3.0,0.0,5.0,7.0,fmeschbe@13f79535-47bb-0310-9956-ffa450edef68,1,0.003703703703703704,100.0,100.0,0.0,0.0,1339.0746268656717,8379.249664871853,1,0,1.0382691587606412,false
bundles/commons/logservice/src/main/java/org/apache/sling/commons/logservice/internal/LogSupport.java,398.0,22.0,92.0,16.0,56.0,56.0,5.0,fmeschbe@13f79535-47bb-0310-9956-ffa450edef68,1,0.003703703703703704,33.0,17.0,0.0,17.0,1339.0746268656717,8379.249664871853,1,0,1.0382691587606412,false
bundles/commons/mime/src/main/java/org/apache/sling/commons/mime/MimeTypeService.java,31.0,2.0,6.0,4.0,0.0,12.0,1.0,fmeschbe@13f79535-47bb-0310-9956-ffa450edef68,1,0.003703703703703704,50.0,0.0,0.0,0.0,1339.0746268656717,8379.249664871853,1,0,1.0382691587606412,false
bundles/commons/mime/src/main/java/org/apache/sling/commons/mime/internal/MimeTypeServiceImpl.java,196.0,29.0,83.0,15.0,52.0,47.0,4.0,fmeschbe@13f79535-47bb-0310-9956-ffa450edef68,1,0.003703703703703704,17.0,0.0,0.0,0.0,1339.0746268656717,8379.249664871853,1,0,1.0382691587606412,false
bundles/commons/mime/src/main/java/org/apache/sling/commons/mime/internal/TikaMimeTypeProvider.java,26.0,9.0,1.0,2.0,6.0,9.0,3.0,fmeschbe@13f79535-47bb-0310-9956-ffa450edef68,1,0.003703703703703704,67.0,0.0,0.0,0.0,1339.0746268656717,8379.249664871853,1,0,1.0382691587606412,false
bundles/commons/mime/src/main/java/org/apache/sling/commons/mime/package-info.java,0.0,0.0,0.0,0.0,0.0,0.0,3.0,fmeschbe@13f79535-47bb-0310-9956-ffa450edef68,1,0.003703703703703704,100.0,0.0,0.0,0.0,1339.0746268656717,8379.249664871853,1,0,1.0382691587606412,false
bundles/commons/mime/src/test/java/org/apache/sling/commons/mime/internal/TikaMimeTypeProviderTest.java,17.0,2.0,1.0,2.0,4.0,2.0,3.0,fmeschbe@13f79535-47bb-0310-9956-ffa450edef68,1,0.003703703703703704,100.0,0.0,0.0,0.0,1339.0746268656717,8379.249664871853,1,0,1.0382691587606412,false
bundles/commons/scheduler/src/main/java/org/apache/sling/commons/scheduler/impl/QuartzScheduler.java,500.0,36.0,124.0,24.0,132.0,84.0,2.0,cziegeler@13f79535-47bb-0310-9956-ffa450edef68,2,0.007407407407407408,9.0,0.0,0.0,0.0,2806.1798900235663,20584.806471222048,2,2,0.466933019529571,false
bundles/commons/scheduler/src/main/java/org/apache/sling/commons/scheduler/impl/WebConsolePrinter.java,77.0,14.0,4.0,4.0,19.0,11.0,3.0,cziegeler@13f79535-47bb-0310-9956-ffa450edef68,1,0.003703703703703704,14.0,0.0,0.0,0.0,1467.1052631578946,12205.556806350194,1,0,1.2818912414183916,false
bundles/engine/src/main/java/org/apache/sling/engine/impl/DefaultErrorHandler.java,87.0,13.0,4.0,4.0,22.0,14.0,1.0,bdelacretaz@13f79535-47bb-0310-9956-ffa450edef68,1,0.003703703703703704,20.0,0.0,20.0,0.0,1467.1052631578946,12205.556806350194,1,0,1.2818912414183916,false
bundles/engine/src/main/java/org/apache/sling/engine/impl/SlingMainServlet.java,281.0,49.0,84.0,21.0,96.0,47.0,3.0,null,1,0.003703703703703704,5.0,5.0,2.0,0.0,1922.8817204301076,16300.519042130201,1,4,1.1991995255732784,false
bundles/engine/src/main/java/org/apache/sling/engine/impl/request/RequestHistoryConsolePlugin.java,231.0,21.0,0.0,4.0,6.0,8.0,3.0,bdelacretaz@13f79535-47bb-0310-9956-ffa450edef68,1,0.003703703703703704,8.0,8.0,0.0,0.0,1922.8817204301076,16300.519042130201,1,0,1.1991995255732784,false
bundles/engine/src/main/java/org/apache/sling/engine/impl/request/SlingRequestDispatcher.java,136.0,15.0,10.0,8.0,44.0,22.0,1.0,fmeschbe@13f79535-47bb-0310-9956-ffa450edef68,1,0.003703703703703704,12.0,12.0,0.0,0.0,1922.8817204301076,16300.519042130201,1,1,1.1991995255732784,false
bundles/extensions/adapter/src/main/java/org/apache/sling/adapter/internal/AdapterManagerImpl.java,233.0,28.0,32.0,13.0,46.0,36.0,2.0,cziegeler@13f79535-47bb-0310-9956-ffa450edef68,1,0.003703703703703704,5.0,0.0,0.0,0.0,1922.8817204301076,16300.519042130201,1,2,1.1991995255732784,false
bundles/extensions/event/src/main/java/org/apache/sling/event/impl/AbstractRepositoryEventHandler.java,264.0,22.0,78.0,16.0,63.0,46.0,0.0,cziegeler@13f79535-47bb-0310-9956-ffa450edef68,0,0.0,0.0,0.0,0.0,0.0,0.0,0.0,0,4,0.0,false
bundles/extensions/event/src/main/java/org/apache/sling/event/impl/DistributingEventHandler.java,173.0,20.0,30.0,9.0,60.0,29.0,0.0,cziegeler@13f79535-47bb-0310-9956-ffa450edef68,0,0.0,0.0,0.0,0.0,0.0,0.0,0.0,0,1,0.0,false
bundles/extensions/event/src/main/java/org/apache/sling/event/impl/EventingThreadPool.java,52.0,12.0,0.0,5.0,17.0,8.0,0.0,cziegeler@13f79535-47bb-0310-9956-ffa450edef68,0,0.0,0.0,0.0,0.0,0.0,0.0,0.0,0,1,0.0,false
bundles/extensions/event/src/main/java/org/apache/sling/event/impl/jobs/DefaultJobManager.java,674.0,43.0,360.0,33.0,140.0,102.0,0.0,cziegeler@13f79535-47bb-0310-9956-ffa450edef68,0,0.0,0.0,0.0,0.0,0.0,0.0,0.0,0,2,0.0,true
bundles/extensions/event/src/main/java/org/apache/sling/event/impl/jobs/config/InternalQueueConfiguration.java,377.0,18.0,84.0,20.0,27.0,51.0,0.0,cziegeler@13f79535-47bb-0310-9956-ffa450edef68,0,0.0,0.0,0.0,0.0,0.0,0.0,0.0,0,0,0.0,false
bundles/extensions/event/src/main/java/org/apache/sling/event/impl/jobs/config/QueueConfigurationManager.java,82.0,8.0,0.0,4.0,11.0,13.0,0.0,cziegeler@13f79535-47bb-0310-9956-ffa450edef68,0,0.0,0.0,0.0,0.0,0.0,0.0,0.0,0,1,0.0,true
bundles/extensions/event/src/main/java/org/apache/sling/event/impl/jobs/jcr/LockManager.java,301.0,27.0,0.0,12.0,99.0,45.0,0.0,cziegeler@13f79535-47bb-0310-9956-ffa450edef68,0,0.0,0.0,0.0,0.0,0.0,0.0,0.0,0,1,0.0,false
bundles/extensions/event/src/main/java/org/apache/sling/event/impl/jobs/jcr/PersistenceHandler.java,1120.0,42.0,148.0,37.0,328.0,157.0,1.0,cziegeler@13f79535-47bb-0310-9956-ffa450edef68,1,0.003703703703703704,5.0,0.0,5.0,0.0,1467.1052631578946,12205.556806350194,1,4,1.2818912414183916,true
bundles/extensions/groovy/src/main/java/org/apache/sling/extensions/groovy/json/internal/JsonBuilderBindingsValuesProvider.java,9.0,6.0,0.0,1.0,1.0,1.0,0.0,rombert@13f79535-47bb-0310-9956-ffa450edef68,0,0.0,0.0,0.0,0.0,0.0,0.0,0.0,0,0,0.0,false
bundles/extensions/groovy/src/main/java/org/apache/sling/extensions/groovy/scripting/internal/GSPScriptEngineFactory.java,21.0,10.0,10.0,5.0,3.0,9.0,0.0,justin@13f79535-47bb-0310-9956-ffa450edef68,0,0.0,0.0,0.0,0.0,0.0,0.0,0.0,0,0,0.0,false
bundles/jcr/base/src/main/java/org/apache/sling/jcr/base/AbstractNamespaceMappingRepository.java,59.0,7.0,0.0,4.0,8.0,11.0,0.0,fmeschbe@13f79535-47bb-0310-9956-ffa450edef68,0,0.0,0.0,0.0,0.0,0.0,0.0,0.0,0,0,0.0,false
bundles/jcr/davex/src/main/java/org/apache/sling/jcr/davex/impl/servlets/SlingDavExServlet.java,85.0,28.0,7.0,6.0,21.0,16.0,1.0,fmeschbe@13f79535-47bb-0310-9956-ffa450edef68,2,0.007407407407407408,53.0,0.0,11.0,11.0,3261.9563472957793,24679.768707002055,2,0,0.42962963847643953,false
bundles/jcr/jackrabbit-accessmanager/src/main/java/org/apache/sling/jcr/jackrabbit/accessmanager/PrivilegesInfo.java,436.0,18.0,276.0,24.0,108.0,114.0,1.0,fmeschbe@13f79535-47bb-0310-9956-ffa450edef68,1,0.003703703703703704,20.0,0.0,0.0,0.0,1339.0746268656717,8379.249664871853,1,1,1.0382691587606412,false
bundles/jcr/jackrabbit-usermanager/src/main/java/org/apache/sling/jackrabbit/usermanager/AuthorizablePrivilegesInfo.java,35.0,1.0,10.0,5.0,0.0,15.0,19.0,justin@13f79535-47bb-0310-9956-ffa450edef68,1,0.003703703703703704,33.0,0.0,0.0,0.0,1922.8817204301076,16300.519042130201,1,0,1.1991995255732784,false
bundles/jcr/jackrabbit-usermanager/src/main/java/org/apache/sling/jackrabbit/usermanager/ChangeUserPassword.java,18.0,5.0,0.0,1.0,0.0,5.0,14.0,justin@13f79535-47bb-0310-9956-ffa450edef68,1,0.003703703703703704,67.0,33.0,0.0,0.0,1922.8817204301076,16300.519042130201,1,0,1.1991995255732784,false
bundles/jcr/jackrabbit-usermanager/src/main/java/org/apache/sling/jackrabbit/usermanager/CreateGroup.java,16.0,6.0,0.0,1.0,0.0,5.0,14.0,justin@13f79535-47bb-0310-9956-ffa450edef68,1,0.003703703703703704,67.0,33.0,0.0,0.0,1922.8817204301076,16300.519042130201,1,0,1.1991995255732784,false
bundles/jcr/jackrabbit-usermanager/src/main/java/org/apache/sling/jackrabbit/usermanager/CreateUser.java,18.0,6.0,0.0,1.0,0.0,5.0,14.0,justin@13f79535-47bb-0310-9956-ffa450edef68,1,0.003703703703703704,67.0,33.0,0.0,0.0,1922.8817204301076,16300.519042130201,1,0,1.1991995255732784,false
bundles/jcr/jackrabbit-usermanager/src/main/java/org/apache/sling/jackrabbit/usermanager/DeleteAuthorizables.java,15.0,5.0,0.0,1.0,0.0,4.0,14.0,justin@13f79535-47bb-0310-9956-ffa450edef68,1,0.003703703703703704,67.0,33.0,0.0,0.0,1922.8817204301076,16300.519042130201,1,0,1.1991995255732784,false
bundles/jcr/jackrabbit-usermanager/src/main/java/org/apache/sling/jackrabbit/usermanager/DeleteGroup.java,14.0,4.0,0.0,1.0,0.0,4.0,14.0,justin@13f79535-47bb-0310-9956-ffa450edef68,1,0.003703703703703704,67.0,33.0,0.0,0.0,1922.8817204301076,16300.519042130201,1,0,1.1991995255732784,false
bundles/jcr/jackrabbit-usermanager/src/main/java/org/apache/sling/jackrabbit/usermanager/DeleteUser.java,14.0,4.0,0.0,1.0,0.0,4.0,14.0,justin@13f79535-47bb-0310-9956-ffa450edef68,1,0.003703703703703704,67.0,33.0,0.0,0.0,1922.8817204301076,16300.519042130201,1,0,1.1991995255732784,false
bundles/jcr/jackrabbit-usermanager/src/main/java/org/apache/sling/jackrabbit/usermanager/UpdateGroup.java,16.0,6.0,0.0,1.0,0.0,5.0,14.0,justin@13f79535-47bb-0310-9956-ffa450edef68,1,0.003703703703703704,67.0,33.0,0.0,0.0,1922.8817204301076,16300.519042130201,1,0,1.1991995255732784,false
bundles/jcr/jackrabbit-usermanager/src/main/java/org/apache/sling/jackrabbit/usermanager/UpdateUser.java,16.0,6.0,0.0,1.0,0.0,5.0,14.0,justin@13f79535-47bb-0310-9956-ffa450edef68,1,0.003703703703703704,67.0,33.0,0.0,0.0,1922.8817204301076,16300.519042130201,1,0,1.1991995255732784,false
bundles/jcr/jackrabbit-usermanager/src/main/java/org/apache/sling/jackrabbit/usermanager/impl/AuthorizablePrivilegesInfoImpl.java,217.0,20.0,0.0,7.0,40.0,27.0,15.0,enorman@13f79535-47bb-0310-9956-ffa450edef68,2,0.007407407407407408,33.0,0.0,0.0,0.0,2503.148387096774,18150.733334629247,2,1,1.3351663833150988,false
bundles/jcr/jackrabbit-usermanager/src/main/java/org/apache/sling/jackrabbit/usermanager/impl/post/AbstractAuthorizablePostServlet.java,454.0,25.0,72.0,13.0,69.0,58.0,15.0,enorman@13f79535-47bb-0310-9956-ffa450edef68,2,0.007407407407407408,20.0,0.0,0.0,0.0,2503.148387096774,18150.733334629247,2,0,1.3351663833150988,false
bundles/jcr/jackrabbit-usermanager/src/main/java/org/apache/sling/jackrabbit/usermanager/impl/post/AbstractGroupPostServlet.java,66.0,13.0,1.0,2.0,15.0,9.0,19.0,fmeschbe@13f79535-47bb-0310-9956-ffa450edef68,1,0.003703703703703704,25.0,0.0,0.0,0.0,1922.8817204301076,16300.519042130201,1,0,1.1991995255732784,false
bundles/jcr/jackrabbit-usermanager/src/main/java/org/apache/sling/jackrabbit/usermanager/impl/post/AbstractPostServlet.java,166.0,20.0,15.0,7.0,65.0,33.0,19.0,justin@13f79535-47bb-0310-9956-ffa450edef68,1,0.003703703703703704,33.0,0.0,0.0,0.0,1922.8817204301076,16300.519042130201,1,0,1.1991995255732784,false
bundles/jcr/jackrabbit-usermanager/src/main/java/org/apache/sling/jackrabbit/usermanager/impl/post/ChangeUserPasswordServlet.java,121.0,23.0,4.0,4.0,35.0,17.0,12.0,enorman@13f79535-47bb-0310-9956-ffa450edef68,2,0.007407407407407408,20.0,0.0,0.0,7.0,2503.148387096774,18150.733334629247,2,2,1.6681707416808202,false
bundles/jcr/jackrabbit-usermanager/src/main/java/org/apache/sling/jackrabbit/usermanager/impl/post/CreateGroupServlet.java,63.0,19.0,3.0,3.0,23.0,10.0,15.0,enorman@13f79535-47bb-0310-9956-ffa450edef68,2,0.007407407407407408,18.0,0.0,0.0,0.0,2503.148387096774,18150.733334629247,2,1,1.3351663833150988,false
bundles/jcr/jackrabbit-usermanager/src/main/java/org/apache/sling/jackrabbit/usermanager/impl/post/CreateUserServlet.java,167.0,22.0,9.0,6.0,40.0,21.0,12.0,enorman@13f79535-47bb-0310-9956-ffa450edef68,2,0.007407407407407408,19.0,0.0,0.0,6.0,2503.148387096774,18150.733334629247,2,3,1.6681707416808202,false
bundles/jcr/jackrabbit-usermanager/src/main/java/org/apache/sling/jackrabbit/usermanager/impl/post/DeleteAuthorizableServlet.java,116.0,22.0,6.0,4.0,29.0,17.0,15.0,enorman@13f79535-47bb-0310-9956-ffa450edef68,2,0.007407407407407408,29.0,0.0,0.0,0.0,2503.148387096774,18150.733334629247,2,0,1.3351663833150988,false
bundles/jcr/jackrabbit-usermanager/src/main/java/org/apache/sling/jackrabbit/usermanager/impl/post/UpdateGroupServlet.java,53.0,18.0,1.0,2.0,16.0,9.0,15.0,enorman@13f79535-47bb-0310-9956-ffa450edef68,2,0.007407407407407408,20.0,0.0,0.0,0.0,2503.148387096774,18150.733334629247,2,0,1.3351663833150988,false
bundles/jcr/jackrabbit-usermanager/src/main/java/org/apache/sling/jackrabbit/usermanager/impl/post/UpdateUserServlet.java,49.0,16.0,1.0,2.0,16.0,9.0,15.0,enorman@13f79535-47bb-0310-9956-ffa450edef68,2,0.007407407407407408,18.0,0.0,0.0,0.0,2503.148387096774,18150.733334629247,2,0,1.3351663833150988,false
bundles/jcr/resource/src/main/java/org/apache/sling/jcr/resource/JcrModifiablePropertyMap.java,174.0,12.0,16.0,9.0,47.0,33.0,0.0,cziegeler@13f79535-47bb-0310-9956-ffa450edef68,0,0.0,0.0,0.0,0.0,0.0,0.0,0.0,0,1,0.0,false
bundles/jcr/resource/src/main/java/org/apache/sling/jcr/resource/JcrPropertyMap.java,388.0,26.0,217.0,26.0,77.0,83.0,1.0,cziegeler@13f79535-47bb-0310-9956-ffa450edef68,1,0.003703703703703704,4.0,0.0,0.0,4.0,1467.1052631578946,12205.556806350194,1,0,1.2818912414183916,false
bundles/jcr/resource/src/main/java/org/apache/sling/jcr/resource/internal/JcrResourceListener.java,197.0,23.0,1.0,6.0,50.0,25.0,1.0,cziegeler@13f79535-47bb-0310-9956-ffa450edef68,2,0.007407407407407408,8.0,5.0,3.0,0.0,2806.1798900235663,20584.806471222048,2,3,0.48296235135174514,false
bundles/jcr/resource/src/main/java/org/apache/sling/jcr/resource/internal/JcrResourceResolver.java,916.0,46.0,589.0,42.0,264.0,168.0,3.0,null,3,0.011111111111111112,6.0,2.0,2.0,0.0,4729.061610453674,36885.32551335225,3,11,0.07450768658266083,false
bundles/jcr/resource/src/main/java/org/apache/sling/jcr/resource/internal/JcrResourceResolverFactoryImpl.java,460.0,45.0,426.0,32.0,77.0,94.0,2.0,cziegeler@13f79535-47bb-0310-9956-ffa450edef68,2,0.007407407407407408,13.0,3.0,3.0,3.0,3389.986983588002,28506.075848480396,2,4,0.5592645449020672,false
bundles/jcr/resource/src/main/java/org/apache/sling/jcr/resource/internal/helper/JcrPropertyMapCacheEntry.java,85.0,11.0,3.0,6.0,17.0,25.0,0.0,cziegeler@13f79535-47bb-0310-9956-ffa450edef68,0,0.0,0.0,0.0,0.0,0.0,0.0,0.0,0,0,0.0,false
bundles/jcr/resource/src/main/java/org/apache/sling/jcr/resource/internal/helper/MapEntries.java,296.0,32.0,32.0,16.0,100.0,44.0,5.0,fmeschbe@13f79535-47bb-0310-9956-ffa450edef68,1,0.003703703703703704,5.0,0.0,0.0,0.0,1467.1052631578946,12205.556806350194,1,1,1.2818912414183916,false
bundles/jcr/resource/src/main/java/org/apache/sling/jcr/resource/internal/scripting/JcrObjectsBindingsValuesProvider.java,25.0,10.0,0.0,1.0,4.0,2.0,2.0,cziegeler@13f79535-47bb-0310-9956-ffa450edef68,1,0.003703703703703704,33.0,0.0,0.0,0.0,1922.8817204301076,16300.519042130201,1,0,1.1991995255732784,false
bundles/jcr/resource/src/test/java/org/apache/sling/jcr/resource/internal/JcrPropertyMapTest.java,212.0,15.0,0.0,19.0,94.0,47.0,0.0,cziegeler@13f79535-47bb-0310-9956-ffa450edef68,0,0.0,0.0,0.0,0.0,0.0,0.0,0.0,0,1,0.0,false
bundles/jcr/resource/src/test/java/org/apache/sling/jcr/resource/internal/JcrResourceResolverTest.java,1567.0,43.0,0.0,63.0,568.0,130.0,2.0,null,3,0.011111111111111112,14.0,4.0,4.0,0.0,4729.061610453674,36885.32551335225,3,5,0.16059202095275782,false
bundles/jcr/webdav/src/main/java/org/apache/sling/jcr/webdav/impl/handler/DefaultHandlerService.java,72.0,26.0,0.0,21.0,21.0,48.0,4.0,fmeschbe@13f79535-47bb-0310-9956-ffa450edef68,1,0.003703703703703704,50.0,0.0,0.0,50.0,1339.0746268656717,8379.249664871853,1,0,1.0382691587606412,false
bundles/jcr/webdav/src/main/java/org/apache/sling/jcr/webdav/impl/handler/DirListingExportHandlerService.java,5.0,7.0,0.0,0.0,0.0,0.0,0.0,fmeschbe@13f79535-47bb-0310-9956-ffa450edef68,0,0.0,0.0,0.0,0.0,0.0,0.0,0.0,0,0,0.0,false
bundles/jcr/webdav/src/main/java/org/apache/sling/jcr/webdav/impl/handler/SlingCopyMoveManager.java,25.0,4.0,0.0,6.0,4.0,8.0,4.0,fmeschbe@13f79535-47bb-0310-9956-ffa450edef68,1,0.003703703703703704,100.0,0.0,0.0,100.0,1339.0746268656717,8379.249664871853,1,0,1.0382691587606412,false
bundles/jcr/webdav/src/main/java/org/apache/sling/jcr/webdav/impl/handler/SlingHandlerManager.java,49.0,6.0,0.0,5.0,10.0,9.0,0.0,fmeschbe@13f79535-47bb-0310-9956-ffa450edef68,0,0.0,0.0,0.0,0.0,0.0,0.0,0.0,0,0,0.0,false
bundles/jcr/webdav/src/main/java/org/apache/sling/jcr/webdav/impl/handler/SlingIOManager.java,25.0,4.0,0.0,6.0,4.0,8.0,0.0,fmeschbe@13f79535-47bb-0310-9956-ffa450edef68,0,0.0,0.0,0.0,0.0,0.0,0.0,0.0,0,0,0.0,false
bundles/jcr/webdav/src/main/java/org/apache/sling/jcr/webdav/impl/handler/SlingPropertyManager.java,25.0,4.0,0.0,6.0,4.0,8.0,0.0,fmeschbe@13f79535-47bb-0310-9956-ffa450edef68,0,0.0,0.0,0.0,0.0,0.0,0.0,0.0,0,0,0.0,false
bundles/jcr/webdav/src/main/java/org/apache/sling/jcr/webdav/impl/helper/SlingResourceConfig.java,63.0,16.0,22.0,9.0,9.0,19.0,4.0,fmeschbe@13f79535-47bb-0310-9956-ffa450edef68,1,0.003703703703703704,17.0,0.0,0.0,17.0,1339.0746268656717,8379.249664871853,1,0,1.0382691587606412,false
bundles/jcr/webdav/src/main/java/org/apache/sling/jcr/webdav/impl/servlets/SlingWebDavServlet.java,114.0,31.0,30.0,12.0,23.0,21.0,4.0,fmeschbe@13f79535-47bb-0310-9956-ffa450edef68,1,0.003703703703703704,17.0,0.0,0.0,17.0,1339.0746268656717,8379.249664871853,1,0,1.0382691587606412,false
bundles/scripting/api/src/main/java/javax/script/ScriptEngineManager.java,75.0,4.0,27.0,15.0,17.0,27.0,2.0,justin@13f79535-47bb-0310-9956-ffa450edef68,1,0.003703703703703704,100.0,0.0,0.0,0.0,1922.8817204301076,16300.519042130201,1,0,1.1991995255732784,false
bundles/scripting/core/src/main/java/org/apache/sling/scripting/core/impl/ScriptEngineManagerFactory.java,193.0,36.0,24.0,12.0,79.0,35.0,4.0,justin@13f79535-47bb-0310-9956-ffa450edef68,1,0.003703703703703704,8.0,8.0,0.0,8.0,1922.8817204301076,16300.519042130201,1,1,1.1991995255732784,false
bundles/scripting/core/src/main/java/org/apache/sling/scripting/core/impl/SlingScriptAdapterFactory.java,180.0,30.0,0.0,6.0,34.0,22.0,1.0,justin@13f79535-47bb-0310-9956-ffa450edef68,1,0.003703703703703704,5.0,5.0,0.0,0.0,1922.8817204301076,16300.519042130201,1,1,1.1991995255732784,false
bundles/scripting/core/src/main/java/org/apache/sling/scripting/core/impl/helper/ProxyScriptEngineManager.java,54.0,5.0,0.0,17.0,16.0,25.0,4.0,justin@13f79535-47bb-0310-9956-ffa450edef68,1,0.003703703703703704,100.0,100.0,0.0,100.0,1922.8817204301076,16300.519042130201,1,0,1.1991995255732784,false
bundles/scripting/core/src/main/java/org/apache/sling/scripting/core/impl/helper/SlingScriptEngineManager.java,35.0,6.0,6.0,5.0,10.0,9.0,0.0,fmeschbe@13f79535-47bb-0310-9956-ffa450edef68,0,0.0,0.0,0.0,0.0,0.0,0.0,0.0,0,0,0.0,false
bundles/scripting/core/src/test/java/org/apache/sling/scripting/core/impl/ScriptEngineManagerFactoryTest.java,96.0,22.0,0.0,4.0,59.0,14.0,4.0,justin@13f79535-47bb-0310-9956-ffa450edef68,1,0.003703703703703704,20.0,20.0,0.0,20.0,1922.8817204301076,16300.519042130201,1,0,1.1991995255732784,false
bundles/scripting/jsp/src/main/java/org/apache/sling/scripting/jsp/SlingIOProvider.java,141.0,17.0,24.0,13.0,45.0,42.0,0.0,cziegeler@13f79535-47bb-0310-9956-ffa450edef68,0,0.0,0.0,0.0,0.0,0.0,0.0,0.0,0,0,0.0,false
bundles/scripting/jsp/src/main/java/org/apache/sling/scripting/jsp/jasper/compiler/JspRuntimeContext.java,391.0,31.0,196.0,24.0,72.0,66.0,0.0,cziegeler@13f79535-47bb-0310-9956-ffa450edef68,0,0.0,0.0,0.0,0.0,0.0,0.0,0.0,0,3,0.0,false
bundles/scripting/jsp/src/main/java/org/apache/sling/scripting/jsp/jasper/runtime/ExternalServletContextWrapper.java,118.0,15.0,0.0,26.0,25.0,50.0,0.0,justin@13f79535-47bb-0310-9956-ffa450edef68,0,0.0,0.0,0.0,0.0,0.0,0.0,0.0,0,0,0.0,false
bundles/servlets/compat/src/main/java/org/apache/sling/servlets/compat/impl/JsonQueryServlet.java,162.0,17.0,22.0,8.0,41.0,27.0,0.0,cziegeler@13f79535-47bb-0310-9956-ffa450edef68,0,0.0,0.0,0.0,0.0,0.0,0.0,0.0,0,0,0.0,false
bundles/servlets/post/src/main/java/org/apache/sling/servlets/post/AbstractPostOperation.java,349.0,20.0,151.0,18.0,96.0,76.0,2.0,cziegeler@13f79535-47bb-0310-9956-ffa450edef68,1,0.003703703703703704,20.0,0.0,0.0,0.0,1922.8817204301076,16300.519042130201,1,0,1.1991995255732784,false
bundles/servlets/post/src/main/java/org/apache/sling/servlets/post/PostResponseCreator.java,6.0,1.0,0.0,1.0,0.0,1.0,0.0,justin@13f79535-47bb-0310-9956-ffa450edef68,0,0.0,0.0,0.0,0.0,0.0,0.0,0.0,0,0,0.0,false
bundles/servlets/post/src/main/java/org/apache/sling/servlets/post/SlingPostConstants.java,214.0,0.0,0.0,0.0,0.0,0.0,7.0,null,2,0.007407407407407408,12.0,0.0,0.0,0.0,2503.148387096774,18150.733334629247,2,0,1.3351663833150988,false
bundles/servlets/post/src/main/java/org/apache/sling/servlets/post/impl/SlingPostServlet.java,443.0,54.0,159.0,27.0,121.0,87.0,0.0,null,0,0.0,0.0,0.0,0.0,0.0,0.0,0.0,0,3,0.0,false
bundles/servlets/post/src/test/java/org/apache/sling/servlets/post/impl/SlingPostServletTest.java,47.0,6.0,6.0,4.0,8.0,8.0,0.0,fmeschbe@13f79535-47bb-0310-9956-ffa450edef68,0,0.0,0.0,0.0,0.0,0.0,0.0,0.0,0,0,0.0,false
bundles/servlets/resolver/src/main/java/org/apache/sling/servlets/resolver/internal/SlingServletResolver.java,743.0,57.0,49.0,26.0,172.0,114.0,0.0,cziegeler@13f79535-47bb-0310-9956-ffa450edef68,0,0.0,0.0,0.0,0.0,0.0,0.0,0.0,0,10,0.0,true
bundles/servlets/resolver/src/main/java/org/apache/sling/servlets/resolver/internal/defaults/DefaultErrorHandlerServlet.java,218.0,13.0,10.0,5.0,29.0,23.0,1.0,fmeschbe@13f79535-47bb-0310-9956-ffa450edef68,1,0.003703703703703704,17.0,0.0,17.0,0.0,1467.1052631578946,12205.556806350194,1,2,1.2818912414183916,false
bundles/servlets/resolver/src/main/java/org/apache/sling/servlets/resolver/internal/helper/AbstractResourceCollector.java,121.0,9.0,27.0,10.0,20.0,30.0,0.0,cziegeler@13f79535-47bb-0310-9956-ffa450edef68,0,0.0,0.0,0.0,0.0,0.0,0.0,0.0,0,0,0.0,false
contrib/extensions/i18n/src/main/java/org/apache/sling/i18n/DefaultLocaleResolver.java,22.0,6.0,1.0,2.0,5.0,5.0,0.0,fmeschbe@13f79535-47bb-0310-9956-ffa450edef68,0,0.0,0.0,0.0,0.0,0.0,0.0,0.0,0,0,0.0,false
contrib/extensions/i18n/src/main/java/org/apache/sling/i18n/LocaleResolver.java,12.0,3.0,0.0,1.0,0.0,3.0,0.0,fmeschbe@13f79535-47bb-0310-9956-ffa450edef68,0,0.0,0.0,0.0,0.0,0.0,0.0,0.0,0,0,0.0,true
contrib/extensions/i18n/src/main/java/org/apache/sling/i18n/RequestLocaleResolver.java,12.0,3.0,0.0,1.0,0.0,3.0,0.0,cziegeler@13f79535-47bb-0310-9956-ffa450edef68,0,0.0,0.0,0.0,0.0,0.0,0.0,0.0,0,0,0.0,false
contrib/extensions/i18n/src/main/java/org/apache/sling/i18n/ResourceBundleProvider.java,29.0,2.0,3.0,3.0,0.0,9.0,0.0,fmeschbe@13f79535-47bb-0310-9956-ffa450edef68,0,0.0,0.0,0.0,0.0,0.0,0.0,0.0,0,0,0.0,false
contrib/extensions/i18n/src/main/java/org/apache/sling/i18n/impl/I18NFilter.java,163.0,32.0,1.0,7.0,1.0,12.0,0.0,fmeschbe@13f79535-47bb-0310-9956-ffa450edef68,0,0.0,0.0,0.0,0.0,0.0,0.0,0.0,0,0,0.0,true
contrib/extensions/security/src/main/java/org/apache/sling/security/impl/ReferrerFilter.java,258.0,35.0,54.0,12.0,58.0,44.0,1.0,cziegeler@13f79535-47bb-0310-9956-ffa450edef68,1,0.003703703703703704,6.0,0.0,0.0,0.0,1467.1052631578946,12205.556806350194,1,0,1.2818912414183916,false
contrib/extensions/security/src/test/java/org/apache/sling/security/impl/ReferrerFilterTest.java,49.0,11.0,0.0,4.0,21.0,6.0,0.0,cziegeler@13f79535-47bb-0310-9956-ffa450edef68,0,0.0,0.0,0.0,0.0,0.0,0.0,0.0,0,0,0.0,false
contrib/scripting/java/src/main/java/org/apache/sling/scripting/java/impl/JavaScriptEngineFactory.java,192.0,29.0,35.0,11.0,37.0,29.0,3.0,cziegeler@13f79535-47bb-0310-9956-ffa450edef68,1,0.003703703703703704,8.0,0.0,0.0,0.0,1922.8817204301076,16300.519042130201,1,0,1.1991995255732784,false
contrib/scripting/java/src/main/java/org/apache/sling/scripting/java/impl/ServletWrapper.java,275.0,22.0,0.0,9.0,58.0,37.0,3.0,cziegeler@13f79535-47bb-0310-9956-ffa450edef68,1,0.003703703703703704,14.0,0.0,0.0,0.0,1922.8817204301076,16300.519042130201,1,1,1.1991995255732784,false
installer/core/src/main/java/org/apache/sling/installer/api/InstallableResource.java,116.0,2.0,10.0,8.0,2.0,27.0,0.0,cziegeler@13f79535-47bb-0310-9956-ffa450edef68,0,0.0,0.0,0.0,0.0,0.0,0.0,0.0,0,0,0.0,false
installer/core/src/main/java/org/apache/sling/installer/api/event/InstallationEvent.java,17.0,0.0,1.0,2.0,0.0,2.0,0.0,cziegeler@13f79535-47bb-0310-9956-ffa450edef68,0,0.0,0.0,0.0,0.0,0.0,0.0,0.0,0,0,0.0,false
installer/core/src/main/java/org/apache/sling/installer/api/event/InstallationListener.java,10.0,0.0,0.0,1.0,0.0,1.0,0.0,cziegeler@13f79535-47bb-0310-9956-ffa450edef68,0,0.0,0.0,0.0,0.0,0.0,0.0,0.0,0,0,0.0,false
installer/core/src/main/java/org/apache/sling/installer/core/impl/EntityResourceList.java,281.0,16.0,51.0,22.0,64.0,65.0,3.0,cziegeler@13f79535-47bb-0310-9956-ffa450edef68,1,0.003703703703703704,3.0,0.0,0.0,0.0,1467.1052631578946,12205.556806350194,1,2,1.2818912414183916,false
installer/core/src/main/java/org/apache/sling/installer/core/impl/InstallListener.java,23.0,4.0,0.0,3.0,5.0,5.0,0.0,cziegeler@13f79535-47bb-0310-9956-ffa450edef68,0,0.0,0.0,0.0,0.0,0.0,0.0,0.0,0,0,0.0,false
installer/core/src/main/java/org/apache/sling/installer/core/impl/InternalResource.java,164.0,10.0,8.0,9.0,38.0,29.0,2.0,cziegeler@13f79535-47bb-0310-9956-ffa450edef68,1,0.003703703703703704,8.0,8.0,0.0,8.0,1467.1052631578946,12205.556806350194,1,1,1.2818912414183916,false
installer/core/src/main/java/org/apache/sling/installer/core/impl/OsgiInstallerImpl.java,763.0,39.0,274.0,36.0,193.0,120.0,6.0,cziegeler@13f79535-47bb-0310-9956-ffa450edef68,1,0.003703703703703704,6.0,2.0,0.0,2.0,1467.1052631578946,12205.556806350194,1,2,1.2818912414183916,false
installer/core/src/main/java/org/apache/sling/installer/core/impl/PersistentResourceList.java,243.0,21.0,0.0,12.0,73.0,49.0,3.0,cziegeler@13f79535-47bb-0310-9956-ffa450edef68,1,0.003703703703703704,4.0,0.0,0.0,0.0,1467.1052631578946,12205.556806350194,1,1,1.2818912414183916,false
installer/core/src/main/java/org/apache/sling/installer/core/impl/RegisteredResourceImpl.java,459.0,19.0,312.0,32.0,101.0,94.0,3.0,cziegeler@13f79535-47bb-0310-9956-ffa450edef68,1,0.003703703703703704,7.0,0.0,0.0,0.0,1467.1052631578946,12205.556806350194,1,0,1.2818912414183916,false
installer/core/src/main/java/org/apache/sling/installer/core/impl/tasks/BundleTaskCreator.java,257.0,20.0,33.0,11.0,34.0,31.0,6.0,cziegeler@13f79535-47bb-0310-9956-ffa450edef68,1,0.003703703703703704,24.0,5.0,0.0,0.0,1467.1052631578946,12205.556806350194,1,1,1.2818912414183916,false
installer/core/src/main/java/org/apache/sling/installer/core/impl/tasks/BundleUpdateTask.java,78.0,8.0,4.0,5.0,31.0,15.0,5.0,cziegeler@13f79535-47bb-0310-9956-ffa450edef68,1,0.003703703703703704,10.0,0.0,0.0,0.0,1467.1052631578946,12205.556806350194,1,1,1.2818912414183916,false
installer/core/src/main/java/org/apache/sling/installer/core/impl/tasks/InstallerBundleUpdateTask.java,46.0,9.0,6.0,5.0,29.0,12.0,9.0,cziegeler@13f79535-47bb-0310-9956-ffa450edef68,1,0.003703703703703704,29.0,0.0,0.0,0.0,1467.1052631578946,12205.556806350194,1,0,1.2818912414183916,false
installer/core/src/main/java/org/apache/sling/installer/core/impl/tasks/SynchronousRefreshPackagesTask.java,75.0,7.0,7.0,6.0,21.0,17.0,4.0,cziegeler@13f79535-47bb-0310-9956-ffa450edef68,1,0.003703703703703704,33.0,0.0,0.0,0.0,1467.1052631578946,12205.556806350194,1,0,1.2818912414183916,false
installer/core/src/main/java/org/apache/sling/installer/core/impl/tasks/SystemBundleUpdateTask.java,83.0,12.0,13.0,7.0,19.0,17.0,9.0,cziegeler@13f79535-47bb-0310-9956-ffa450edef68,1,0.003703703703703704,14.0,0.0,0.0,0.0,1467.1052631578946,12205.556806350194,1,1,1.2818912414183916,false
installer/core/src/test/java/org/apache/sling/installer/core/impl/MockBundleContext.java,146.0,18.0,1128.0,48.0,5.0,103.0,5.0,cziegeler@13f79535-47bb-0310-9956-ffa450edef68,1,0.003703703703703704,20.0,0.0,0.0,0.0,1467.1052631578946,12205.556806350194,1,0,1.2818912414183916,false
installer/core/src/test/java/org/apache/sling/installer/core/impl/MockBundleResource.java,133.0,9.0,132.0,20.0,15.0,38.0,4.0,cziegeler@13f79535-47bb-0310-9956-ffa450edef68,1,0.003703703703703704,10.0,0.0,0.0,0.0,1467.1052631578946,12205.556806350194,1,0,1.2818912414183916,false
installer/core/src/test/java/org/apache/sling/installer/core/impl/RegisteredResourceComparatorTest.java,109.0,13.0,91.0,14.0,32.0,26.0,0.0,cziegeler@13f79535-47bb-0310-9956-ffa450edef68,0,0.0,0.0,0.0,0.0,0.0,0.0,0.0,0,0,0.0,false
installer/core/src/test/java/org/apache/sling/installer/core/impl/TaskOrderingTest.java,119.0,15.0,1.0,7.0,23.0,19.0,0.0,cziegeler@13f79535-47bb-0310-9956-ffa450edef68,0,0.0,0.0,0.0,0.0,0.0,0.0,0.0,0,0,0.0,false
installer/core/src/test/java/org/apache/sling/installer/core/impl/tasks/BundleTaskCreatorTest.java,129.0,13.0,0.0,10.0,65.0,23.0,4.0,cziegeler@13f79535-47bb-0310-9956-ffa450edef68,1,0.003703703703703704,12.0,12.0,0.0,0.0,1467.1052631578946,12205.556806350194,1,0,1.2818912414183916,false
installer/core/src/test/java/org/apache/sling/installer/core/impl/tasks/MockInstallationListener.java,4.0,2.0,0.0,1.0,0.0,1.0,0.0,cziegeler@13f79535-47bb-0310-9956-ffa450edef68,0,0.0,0.0,0.0,0.0,0.0,0.0,0.0,0,0,0.0,false
installer/factories/configuration/src/main/java/org/apache/sling/installer/factories/configuration/impl/ChangeStateTask.java,20.0,3.0,1.0,3.0,3.0,4.0,3.0,cziegeler@13f79535-47bb-0310-9956-ffa450edef68,1,0.003703703703703704,50.0,0.0,0.0,50.0,1467.1052631578946,12205.556806350194,1,0,1.2818912414183916,false
installer/factories/configuration/src/main/java/org/apache/sling/installer/factories/configuration/impl/ConfigTaskCreator.java,152.0,19.0,22.0,8.0,35.0,26.0,2.0,cziegeler@13f79535-47bb-0310-9956-ffa450edef68,1,0.003703703703703704,6.0,0.0,0.0,6.0,1467.1052631578946,12205.556806350194,1,0,1.2818912414183916,false
installer/it/src/test/java/org/apache/sling/installer/it/BundleStatePreservedTest.java,50.0,9.0,6.0,4.0,15.0,7.0,0.0,bdelacretaz@13f79535-47bb-0310-9956-ffa450edef68,0,0.0,0.0,0.0,0.0,0.0,0.0,0.0,0,0,0.0,false
installer/it/src/test/java/org/apache/sling/installer/it/ConfigInstallTest.java,136.0,20.0,11.0,7.0,51.0,18.0,1.0,cziegeler@13f79535-47bb-0310-9956-ffa450edef68,1,0.003703703703703704,6.0,0.0,6.0,0.0,1467.1052631578946,12205.556806350194,1,0,1.2818912414183916,true
installer/providers/file/src/main/java/org/apache/sling/installer/provider/file/impl/Installer.java,112.0,12.0,0.0,5.0,23.0,15.0,0.0,cziegeler@13f79535-47bb-0310-9956-ffa450edef68,0,0.0,0.0,0.0,0.0,0.0,0.0,0.0,0,0,0.0,false
installer/providers/jcr/src/main/java/org/apache/sling/installer/provider/jcr/impl/JcrInstaller.java,526.0,36.0,17.0,15.0,127.0,59.0,1.0,cziegeler@13f79535-47bb-0310-9956-ffa450edef68,1,0.003703703703703704,6.0,0.0,0.0,0.0,1467.1052631578946,12205.556806350194,1,1,1.2818912414183916,true
launchpad/base/src/main/java/org/apache/sling/launchpad/app/ControlAction.java,0.0,0.0,0.0,0.0,0.0,0.0,0.0,fmeschbe@13f79535-47bb-0310-9956-ffa450edef68,0,0.0,0.0,0.0,0.0,0.0,0.0,0.0,0,0,0.0,false
launchpad/base/src/main/java/org/apache/sling/launchpad/app/ControlListener.java,167.0,12.0,20.0,9.0,35.0,29.0,0.0,fmeschbe@13f79535-47bb-0310-9956-ffa450edef68,0,0.0,0.0,0.0,0.0,0.0,0.0,0.0,0,0,0.0,false
launchpad/base/src/main/java/org/apache/sling/launchpad/app/Main.java,469.0,15.0,174.0,21.0,83.0,64.0,10.0,fmeschbe@13f79535-47bb-0310-9956-ffa450edef68,1,0.003703703703703704,5.0,0.0,0.0,0.0,1467.1052631578946,12205.556806350194,1,5,1.2818912414183916,false
launchpad/base/src/main/java/org/apache/sling/launchpad/base/app/MainDelegate.java,226.0,16.0,62.0,13.0,45.0,35.0,10.0,fmeschbe@13f79535-47bb-0310-9956-ffa450edef68,1,0.003703703703703704,9.0,0.0,0.0,0.0,1467.1052631578946,12205.556806350194,1,1,1.2818912414183916,false
launchpad/base/src/main/java/org/apache/sling/launchpad/base/impl/BootstrapInstaller.java,581.0,29.0,158.0,24.0,136.0,99.0,10.0,cziegeler@13f79535-47bb-0310-9956-ffa450edef68,1,0.003703703703703704,5.0,0.0,0.0,0.0,1467.1052631578946,12205.556806350194,1,1,1.2818912414183916,true
launchpad/base/src/main/java/org/apache/sling/launchpad/base/impl/Sling.java,602.0,37.0,21.0,19.0,155.0,89.0,10.0,cziegeler@13f79535-47bb-0310-9956-ffa450edef68,1,0.003703703703703704,3.0,0.0,0.0,0.0,1467.1052631578946,12205.556806350194,1,0,1.2818912414183916,false
launchpad/base/src/main/java/org/apache/sling/launchpad/base/webapp/SlingServletDelegate.java,289.0,29.0,58.0,13.0,33.0,39.0,10.0,cziegeler@13f79535-47bb-0310-9956-ffa450edef68,1,0.003703703703703704,10.0,0.0,0.0,0.0,1467.1052631578946,12205.556806350194,1,2,1.2818912414183916,false
launchpad/base/src/main/java/org/apache/sling/launchpad/webapp/SlingServlet.java,337.0,17.0,27.0,15.0,65.0,57.0,10.0,fmeschbe@13f79535-47bb-0310-9956-ffa450edef68,1,0.003703703703703704,9.0,0.0,0.0,0.0,1467.1052631578946,12205.556806350194,1,2,1.2818912414183916,false
launchpad/base/src/test/java/org/apache/sling/launchpad/app/MainTest.java,254.0,4.0,190.0,20.0,110.0,21.0,10.0,fmeschbe@13f79535-47bb-0310-9956-ffa450edef68,1,0.003703703703703704,12.0,0.0,0.0,0.0,1467.1052631578946,12205.556806350194,1,0,1.2818912414183916,false
launchpad/base/src/test/java/org/apache/sling/launchpad/base/impl/BootstrapInstallerTest.java,137.0,7.0,6.0,4.0,28.0,14.0,0.0,fmeschbe@13f79535-47bb-0310-9956-ffa450edef68,0,0.0,0.0,0.0,0.0,0.0,0.0,0.0,0,0,0.0,false
launchpad/base/src/test/java/org/apache/sling/launchpad/base/impl/bootstrapcommands/BootstrapCommandFileTest.java,92.0,24.0,0.0,7.0,45.0,22.0,0.0,bdelacretaz@13f79535-47bb-0310-9956-ffa450edef68,0,0.0,0.0,0.0,0.0,0.0,0.0,0.0,0,1,0.0,false
launchpad/base/src/test/java/org/apache/sling/launchpad/base/impl/bootstrapcommands/UninstallBundleCommandTest.java,69.0,13.0,0.0,3.0,18.0,8.0,0.0,bdelacretaz@13f79535-47bb-0310-9956-ffa450edef68,0,0.0,0.0,0.0,0.0,0.0,0.0,0.0,0,1,0.0,false
launchpad/installer/src/main/java/org/apache/sling/launchpad/installer/impl/LaunchpadConfigInstaller.java,61.0,14.0,1.0,2.0,25.0,6.0,0.0,cziegeler@13f79535-47bb-0310-9956-ffa450edef68,0,0.0,0.0,0.0,0.0,0.0,0.0,0.0,0,1,0.0,true
launchpad/integration-tests/src/main/java/org/apache/sling/launchpad/webapp/integrationtest/DavExDisabledAnonAccessTest.java,12.0,2.0,0.0,2.0,4.0,5.0,3.0,justin@13f79535-47bb-0310-9956-ffa450edef68,1,0.003703703703703704,100.0,100.0,0.0,0.0,1922.8817204301076,16300.519042130201,1,0,1.1991995255732784,false
launchpad/integration-tests/src/main/java/org/apache/sling/launchpad/webapp/integrationtest/DavExIntegrationTest.java,38.0,7.0,3.0,6.0,15.0,14.0,3.0,bdelacretaz@13f79535-47bb-0310-9956-ffa450edef68,1,0.003703703703703704,17.0,17.0,0.0,0.0,1922.8817204301076,16300.519042130201,1,0,1.1991995255732784,true
launchpad/integration-tests/src/main/java/org/apache/sling/launchpad/webapp/integrationtest/GroovySlingResourceTypeRenderingTest.java,42.0,2.0,3.0,3.0,15.0,7.0,0.0,rombert@13f79535-47bb-0310-9956-ffa450edef68,0,0.0,0.0,0.0,0.0,0.0,0.0,0.0,0,0,0.0,false
launchpad/integration-tests/src/main/java/org/apache/sling/launchpad/webapp/integrationtest/JSONGroovyBuilderTest.java,58.0,10.0,6.0,4.0,27.0,8.0,0.0,rombert@13f79535-47bb-0310-9956-ffa450edef68,0,0.0,0.0,0.0,0.0,0.0,0.0,0.0,0,0,0.0,false
launchpad/integration-tests/src/main/java/org/apache/sling/launchpad/webapp/integrationtest/JsonRenderingTest.java,177.0,8.0,33.0,15.0,52.0,41.0,0.0,bdelacretaz@13f79535-47bb-0310-9956-ffa450edef68,0,0.0,0.0,0.0,0.0,0.0,0.0,0.0,0,1,0.0,false
launchpad/integration-tests/src/main/java/org/apache/sling/launchpad/webapp/integrationtest/JspScriptingTest.java,118.0,1.0,7.0,10.0,38.0,30.0,0.0,bdelacretaz@13f79535-47bb-0310-9956-ffa450edef68,0,0.0,0.0,0.0,0.0,0.0,0.0,0.0,0,0,0.0,false
launchpad/integration-tests/src/main/java/org/apache/sling/launchpad/webapp/integrationtest/JspTestBase.java,20.0,2.0,0.0,1.0,4.0,4.0,0.0,bdelacretaz@13f79535-47bb-0310-9956-ffa450edef68,0,0.0,0.0,0.0,0.0,0.0,0.0,0.0,0,0,0.0,false
launchpad/integration-tests/src/main/java/org/apache/sling/launchpad/webapp/integrationtest/PropertyRenderingTest.java,69.0,5.0,33.0,11.0,28.0,22.0,0.0,cziegeler@13f79535-47bb-0310-9956-ffa450edef68,0,0.0,0.0,0.0,0.0,0.0,0.0,0.0,0,1,0.0,false
launchpad/integration-tests/src/main/java/org/apache/sling/launchpad/webapp/integrationtest/ScriptBindingsValuesProviderTest.java,77.0,4.0,15.0,6.0,33.0,17.0,0.0,rombert@13f79535-47bb-0310-9956-ffa450edef68,0,0.0,0.0,0.0,0.0,0.0,0.0,0.0,0,0,0.0,false
launchpad/integration-tests/src/main/java/org/apache/sling/launchpad/webapp/integrationtest/SlingWebDavServletTest.java,61.0,4.0,20.0,8.0,19.0,21.0,0.0,fmeschbe@13f79535-47bb-0310-9956-ffa450edef68,0,0.0,0.0,0.0,0.0,0.0,0.0,0.0,0,0,0.0,false
launchpad/integration-tests/src/main/java/org/apache/sling/launchpad/webapp/integrationtest/login/RedirectOnLoginErrorTest.java,86.0,9.0,6.0,4.0,31.0,17.0,5.0,rombert@13f79535-47bb-0310-9956-ffa450edef68,2,0.007407407407407408,50.0,0.0,25.0,0.0,1919.3412935323383,10229.463957370897,2,0,1.2547011999087805,false
launchpad/integration-tests/src/main/java/org/apache/sling/launchpad/webapp/integrationtest/servlets/post/PostResponseCreatorTest.java,17.0,3.0,0.0,2.0,7.0,4.0,0.0,justin@13f79535-47bb-0310-9956-ffa450edef68,0,0.0,0.0,0.0,0.0,0.0,0.0,0.0,0,0,0.0,false
launchpad/integration-tests/src/main/java/org/apache/sling/launchpad/webapp/integrationtest/servlets/post/PostServletImportTest.java,473.0,21.0,0.0,24.0,239.0,64.0,12.0,enorman@13f79535-47bb-0310-9956-ffa450edef68,1,0.003703703703703704,8.0,0.0,0.0,0.0,580.2666666666667,1850.2142924990444,1,4,2.8574276021768106,true
launchpad/test-services/src/main/java/org/apache/sling/launchpad/testservices/handlers/AbstractHandler.java,75.0,11.0,149.0,18.0,25.0,44.0,0.0,fmeschbe@13f79535-47bb-0310-9956-ffa450edef68,0,0.0,0.0,0.0,0.0,0.0,0.0,0.0,0,0,0.0,false
launchpad/test-services/src/main/java/org/apache/sling/launchpad/testservices/handlers/TestHandler1.java,5.0,4.0,0.0,1.0,0.0,2.0,0.0,fmeschbe@13f79535-47bb-0310-9956-ffa450edef68,0,0.0,0.0,0.0,0.0,0.0,0.0,0.0,0,0,0.0,false
launchpad/test-services/src/main/java/org/apache/sling/launchpad/testservices/handlers/TestHandler2.java,5.0,4.0,0.0,1.0,0.0,2.0,0.0,fmeschbe@13f79535-47bb-0310-9956-ffa450edef68,0,0.0,0.0,0.0,0.0,0.0,0.0,0.0,0,0,0.0,false
launchpad/test-services/src/main/java/org/apache/sling/launchpad/testservices/handlers/TestHandler3.java,5.0,4.0,0.0,1.0,0.0,2.0,0.0,fmeschbe@13f79535-47bb-0310-9956-ffa450edef68,0,0.0,0.0,0.0,0.0,0.0,0.0,0.0,0,0,0.0,false
launchpad/test-services/src/main/java/org/apache/sling/launchpad/testservices/servlets/AnonymousAccessConfigServlet.java,56.0,16.0,0.0,3.0,15.0,12.0,1.0,justin@13f79535-47bb-0310-9956-ffa450edef68,1,0.003703703703703704,100.0,33.0,33.0,0.0,1922.8817204301076,16300.519042130201,1,0,1.1991995255732784,false
launchpad/test-services/src/main/java/org/apache/sling/launchpad/testservices/servlets/CustomPostResponseCreatorImpl.java,23.0,8.0,3.0,3.0,12.0,8.0,0.0,justin@13f79535-47bb-0310-9956-ffa450edef68,0,0.0,0.0,0.0,0.0,0.0,0.0,0.0,0,0,0.0,false
launchpad/test-services/src/main/java/org/apache/sling/launchpad/testservices/servlets/TestServlet.java,29.0,10.0,6.0,4.0,17.0,8.0,0.0,fmeschbe@13f79535-47bb-0310-9956-ffa450edef68,0,0.0,0.0,0.0,0.0,0.0,0.0,0.0,0,0,0.0,false
maven/archetypes/bundle-for-jcrinstall/src/main/resources/archetype-resources/src/main/java/SimpleDSComponent.java,16.0,6.0,1.0,3.0,2.0,3.0,0.0,rombert@13f79535-47bb-0310-9956-ffa450edef68,0,0.0,0.0,0.0,0.0,0.0,0.0,0.0,0,1,0.0,false
maven/archetypes/bundle/src/main/resources/archetype-resources/src/main/java/SimpleDSComponent.java,16.0,6.0,1.0,3.0,2.0,3.0,0.0,rombert@13f79535-47bb-0310-9956-ffa450edef68,0,0.0,0.0,0.0,0.0,0.0,0.0,0.0,0,1,0.0,false
maven/maven-launchpad-plugin/src/main/java/org/apache/sling/maven/projectsupport/AbstractBundleListMojo.java,178.0,23.0,8.0,5.0,27.0,22.0,8.0,cziegeler@13f79535-47bb-0310-9956-ffa450edef68,1,0.003703703703703704,18.0,14.0,0.0,5.0,1922.8817204301076,16300.519042130201,1,4,1.1991995255732784,false
maven/maven-launchpad-plugin/src/main/java/org/apache/sling/maven/projectsupport/AbstractLaunchpadStartingMojo.java,253.0,29.0,50.0,12.0,69.0,40.0,4.0,cziegeler@13f79535-47bb-0310-9956-ffa450edef68,2,0.007407407407407408,20.0,0.0,0.0,0.0,3389.986983588002,28506.075848480396,2,1,0.5902492625601699,false
maven/maven-launchpad-plugin/src/main/java/org/apache/sling/maven/projectsupport/AbstractUsingBundleListMojo.java,392.0,29.0,155.0,19.0,114.0,69.0,5.0,cziegeler@13f79535-47bb-0310-9956-ffa450edef68,1,0.003703703703703704,32.0,14.0,0.0,5.0,1922.8817204301076,16300.519042130201,1,0,1.1991995255732784,false
maven/maven-launchpad-plugin/src/main/java/org/apache/sling/maven/projectsupport/ArtifactDefinition.java,174.0,6.0,6.0,25.0,35.0,58.0,8.0,justin@13f79535-47bb-0310-9956-ffa450edef68,1,0.003703703703703704,38.0,38.0,0.0,12.0,1922.8817204301076,16300.519042130201,1,0,1.1991995255732784,false
maven/maven-launchpad-plugin/src/main/java/org/apache/sling/maven/projectsupport/AttachBundleListMojo.java,36.0,6.0,0.0,1.0,4.0,4.0,5.0,justin@13f79535-47bb-0310-9956-ffa450edef68,2,0.007407407407407408,40.0,20.0,0.0,0.0,3389.986983588002,28506.075848480396,2,0,0.5473982029358898,false
maven/maven-launchpad-plugin/src/main/java/org/apache/sling/maven/projectsupport/AttachPartialBundleListMojo.java,127.0,12.0,3.0,3.0,24.0,13.0,7.0,cziegeler@13f79535-47bb-0310-9956-ffa450edef68,2,0.007407407407407408,38.0,19.0,0.0,6.0,3389.986983588002,28506.075848480396,2,0,0.5902492625601699,false
maven/maven-launchpad-plugin/src/main/java/org/apache/sling/maven/projectsupport/BundleListUtils.java,96.0,20.0,36.0,9.0,38.0,31.0,12.0,rombert@13f79535-47bb-0310-9956-ffa450edef68,1,0.003703703703703704,50.0,50.0,0.0,0.0,1922.8817204301076,16300.519042130201,1,0,1.1991995255732784,false
maven/maven-launchpad-plugin/src/main/java/org/apache/sling/maven/projectsupport/CheckBundleListForSnapshotsMojo.java,35.0,7.0,1.0,2.0,14.0,6.0,9.0,justin@13f79535-47bb-0310-9956-ffa450edef68,1,0.003703703703703704,33.0,17.0,0.0,0.0,1922.8817204301076,16300.519042130201,1,0,1.1991995255732784,false
maven/maven-launchpad-plugin/src/main/java/org/apache/sling/maven/projectsupport/ConfigurationStartLevel.java,89.0,9.0,191.0,23.0,3.0,44.0,8.0,cziegeler@13f79535-47bb-0310-9956-ffa450edef68,1,0.003703703703703704,50.0,50.0,0.0,0.0,1922.8817204301076,16300.519042130201,1,0,1.1991995255732784,false
maven/maven-launchpad-plugin/src/main/java/org/apache/sling/maven/projectsupport/CreateBundleJarMojo.java,113.0,12.0,7.0,6.0,40.0,26.0,11.0,cziegeler@13f79535-47bb-0310-9956-ffa450edef68,1,0.003703703703703704,29.0,14.0,0.0,0.0,1922.8817204301076,16300.519042130201,1,0,1.1991995255732784,false
maven/maven-launchpad-plugin/src/main/java/org/apache/sling/maven/projectsupport/CreateKarafFeatureDescriptorMojo.java,63.0,12.0,0.0,1.0,16.0,5.0,9.0,justin@13f79535-47bb-0310-9956-ffa450edef68,1,0.003703703703703704,33.0,17.0,0.0,0.0,1922.8817204301076,16300.519042130201,1,0,1.1991995255732784,false
maven/maven-launchpad-plugin/src/main/java/org/apache/sling/maven/projectsupport/DisplayBundleUpdatesMojo.java,165.0,30.0,10.0,5.0,38.0,19.0,12.0,rombert@13f79535-47bb-0310-9956-ffa450edef68,1,0.003703703703703704,25.0,25.0,0.0,0.0,1922.8817204301076,16300.519042130201,1,0,1.1991995255732784,false
maven/maven-launchpad-plugin/src/main/java/org/apache/sling/maven/projectsupport/LaunchpadPluginLifecycleParticipant.java,158.0,23.0,0.0,1.0,9.0,5.0,7.0,rombert@13f79535-47bb-0310-9956-ffa450edef68,1,0.003703703703703704,67.0,67.0,0.0,0.0,1922.8817204301076,16300.519042130201,1,0,1.1991995255732784,false
maven/maven-launchpad-plugin/src/main/java/org/apache/sling/maven/projectsupport/OutputBundleListMojo.java,16.0,5.0,0.0,1.0,2.0,4.0,9.0,justin@13f79535-47bb-0310-9956-ffa450edef68,1,0.003703703703703704,40.0,20.0,0.0,0.0,1922.8817204301076,16300.519042130201,1,0,1.1991995255732784,false
maven/maven-launchpad-plugin/src/main/java/org/apache/sling/maven/projectsupport/PreparePackageMojo.java,256.0,17.0,42.0,13.0,88.0,47.0,10.0,cziegeler@13f79535-47bb-0310-9956-ffa450edef68,1,0.003703703703703704,5.0,0.0,0.0,0.0,1922.8817204301076,16300.519042130201,1,0,1.1991995255732784,false
maven/maven-launchpad-plugin/src/main/java/org/apache/sling/maven/projectsupport/ValidateBundleListMojo.java,33.0,9.0,0.0,1.0,7.0,6.0,8.0,justin@13f79535-47bb-0310-9956-ffa450edef68,1,0.003703703703703704,60.0,20.0,0.0,0.0,1922.8817204301076,16300.519042130201,1,0,1.1991995255732784,false
maven/maven-launchpad-plugin/src/main/java/org/apache/sling/maven/projectsupport/bundlelist/BaseBundleList.java,76.0,7.0,21.0,7.0,20.0,20.0,0.0,cziegeler@13f79535-47bb-0310-9956-ffa450edef68,0,0.0,0.0,0.0,0.0,0.0,0.0,0.0,0,1,0.0,false
maven/maven-sling-plugin/src/main/java/org/apache/sling/maven/bundlesupport/BundleDeployMojo.java,72.0,5.0,3.0,3.0,10.0,13.0,1.0,rombert@13f79535-47bb-0310-9956-ffa450edef68,1,0.003703703703703704,33.0,0.0,0.0,0.0,1467.1052631578946,12205.556806350194,1,0,1.2818912414183916,false
maven/maven-sling-plugin/src/main/java/org/apache/sling/maven/bundlesupport/BundleInstallFileMojo.java,121.0,14.0,1.0,2.0,11.0,10.0,0.0,rombert@13f79535-47bb-0310-9956-ffa450edef68,0,0.0,0.0,0.0,0.0,0.0,0.0,0.0,0,0,0.0,false
samples/urlfilter/src/main/java/org/apache/sling/samples/urlfilter/impl/UrlFilter.java,122.0,22.0,34.0,9.0,33.0,30.0,0.0,justin@13f79535-47bb-0310-9956-ffa450edef68,0,0.0,0.0,0.0,0.0,0.0,0.0,0.0,0,0,0.0,false
samples/urlfilter/src/test/java/org/apache/sling/samples/urlfilter/impl/UrlFilterTest.java,49.0,12.0,0.0,3.0,19.0,6.0,0.0,justin@13f79535-47bb-0310-9956-ffa450edef68,0,0.0,0.0,0.0,0.0,0.0,0.0,0.0,0,0,0.0,false
testing/junit/core/src/main/java/org/apache/sling/junit/annotations/SlingAnnotationsTestRunner.java,22.0,8.0,1.0,2.0,7.0,7.0,0.0,bdelacretaz@13f79535-47bb-0310-9956-ffa450edef68,0,0.0,0.0,0.0,0.0,0.0,0.0,0.0,0,0,0.0,false
testing/junit/core/src/main/java/org/apache/sling/junit/impl/AnnotationsProcessor.java,63.0,10.0,0.0,5.0,20.0,18.0,0.0,bdelacretaz@13f79535-47bb-0310-9956-ffa450edef68,0,0.0,0.0,0.0,0.0,0.0,0.0,0.0,0,0,0.0,false
testing/junit/core/src/main/java/org/apache/sling/junit/impl/servlet/HtmlRenderer.java,158.0,13.0,0.0,16.0,43.0,32.0,1.0,bdelacretaz@13f79535-47bb-0310-9956-ffa450edef68,1,0.003703703703703704,10.0,0.0,0.0,0.0,580.2666666666667,1850.2142924990444,1,0,2.8574276021768106,false
testing/samples/integration-tests/src/test/java/org/apache/sling/testing/samples/integrationtests/serverside/ServerSideSampleTest.java,29.0,8.0,11.0,6.0,3.0,11.0,0.0,bdelacretaz@13f79535-47bb-0310-9956-ffa450edef68,0,0.0,0.0,0.0,0.0,0.0,0.0,0.0,0,0,0.0,true
testing/samples/integration-tests/src/test/java/org/apache/sling/testing/samples/integrationtests/serverside/sling/SlingServerSideTest.java,19.0,5.0,6.0,4.0,2.0,7.0,0.0,bdelacretaz@13f79535-47bb-0310-9956-ffa450edef68,0,0.0,0.0,0.0,0.0,0.0,0.0,0.0,0,0,0.0,false
testing/samples/sample-tests/src/main/java/org/apache/sling/testing/samples/sampletests/ParametrizedJunit4Test.java,23.0,10.0,0.0,5.0,4.0,8.0,0.0,bdelacretaz@13f79535-47bb-0310-9956-ffa450edef68,0,0.0,0.0,0.0,0.0,0.0,0.0,0.0,0,0,0.0,false
testing/tools/src/main/java/org/apache/sling/testing/tools/osgi/WebconsoleClient.java,72.0,13.0,0.0,6.0,30.0,17.0,0.0,bdelacretaz@13f79535-47bb-0310-9956-ffa450edef68,0,0.0,0.0,0.0,0.0,0.0,0.0,0.0,0,0,0.0,true
testing/tools/src/main/java/org/apache/sling/testing/tools/sling/BundlesInstaller.java,70.0,12.0,0.0,5.0,23.0,18.0,0.0,stefanegli@13f79535-47bb-0310-9956-ffa450edef68,0,0.0,0.0,0.0,0.0,0.0,0.0,0.0,0,0,0.0,true
testing/tools/src/main/java/org/apache/sling/testing/tools/sling/SlingTestBase.java,269.0,15.0,20.0,12.0,64.0,43.0,0.0,bdelacretaz@13f79535-47bb-0310-9956-ffa450edef68,0,0.0,0.0,0.0,0.0,0.0,0.0,0.0,0,1,0.0,false
testing/tools/src/main/java/org/apache/sling/testing/tools/sling/TimeoutsProvider.java,51.0,2.0,4.0,5.0,7.0,14.0,0.0,bdelacretaz@13f79535-47bb-0310-9956-ffa450edef68,0,0.0,0.0,0.0,0.0,0.0,0.0,0.0,0,0,0.0,false
