name,LOC,CBO,LCOM,NOM,RFC,WMC,ACS,Ownership,numOfChanges,numberOfFIChanges,ENH,NF,BugFixing,REF,structuralWorkloadSum,semanticWorkloadSum,numberOfDeveloper,pastFaults,MAF,isBuggy
bundles/api/src/main/java/org/apache/sling/api/SlingConstants.java,159.0,0.0,0.0,0.0,0.0,0.0,2.0,cziegeler@13f79535-47bb-0310-9956-ffa450edef68,2,0.010309278350515464,11.0,0.0,11.0,0.0,1344.2694466720127,5026.658175225615,2,1,1.247121190577443,false
bundles/auth/core/src/main/java/org/apache/sling/auth/core/AuthConstants.java,32.0,0.0,0.0,1.0,0.0,1.0,4.0,fmeschbe@13f79535-47bb-0310-9956-ffa450edef68,1,0.005154639175257732,38.0,12.0,0.0,0.0,879.4418604651163,3710.915650921486,1,1,1.9269342475963076,false
bundles/auth/core/src/main/java/org/apache/sling/auth/core/AuthUtil.java,324.0,18.0,136.0,17.0,82.0,68.0,1.0,fmeschbe@13f79535-47bb-0310-9956-ffa450edef68,2,0.010309278350515464,56.0,11.0,22.0,11.0,584.8275862068965,1394.5687955795377,2,0,1.8981247814451478,false
bundles/auth/core/src/main/java/org/apache/sling/auth/core/impl/AuthenticationHandlerHolder.java,60.0,10.0,0.0,8.0,12.0,21.0,5.0,fmeschbe@13f79535-47bb-0310-9956-ffa450edef68,1,0.005154639175257732,40.0,20.0,0.0,0.0,879.4418604651163,3710.915650921486,1,0,1.9269342475963076,false
bundles/auth/core/src/main/java/org/apache/sling/auth/core/impl/AuthenticatorWebConsolePlugin.java,85.0,8.0,16.0,8.0,21.0,15.0,0.0,fmeschbe@13f79535-47bb-0310-9956-ffa450edef68,0,0.0,0.0,0.0,0.0,0.0,0.0,0.0,0,0,0.0,false
bundles/auth/core/src/main/java/org/apache/sling/auth/core/impl/HttpBasicAuthenticationHandler.java,156.0,11.0,23.0,10.0,27.0,37.0,0.0,fmeschbe@13f79535-47bb-0310-9956-ffa450edef68,0,0.0,0.0,0.0,0.0,0.0,0.0,0.0,0,3,0.0,false
bundles/auth/core/src/main/java/org/apache/sling/auth/core/impl/LoginServlet.java,57.0,19.0,1.0,2.0,11.0,10.0,0.0,fmeschbe@13f79535-47bb-0310-9956-ffa450edef68,0,0.0,0.0,0.0,0.0,0.0,0.0,0.0,0,1,0.0,false
bundles/auth/core/src/main/java/org/apache/sling/auth/core/impl/LogoutServlet.java,34.0,17.0,0.0,1.0,4.0,4.0,0.0,fmeschbe@13f79535-47bb-0310-9956-ffa450edef68,0,0.0,0.0,0.0,0.0,0.0,0.0,0.0,0,1,0.0,false
bundles/auth/core/src/main/java/org/apache/sling/auth/core/impl/SlingAuthenticator.java,964.0,53.0,436.0,36.0,209.0,141.0,2.0,fmeschbe@13f79535-47bb-0310-9956-ffa450edef68,2,0.010309278350515464,12.0,2.0,2.0,0.0,1344.2694466720127,5026.658175225615,2,6,1.247121190577443,false
bundles/auth/core/src/main/java/org/apache/sling/auth/core/package-info.java,0.0,0.0,0.0,0.0,0.0,0.0,3.0,fmeschbe@13f79535-47bb-0310-9956-ffa450edef68,0,0.0,0.0,0.0,0.0,0.0,0.0,0.0,0,0,0.0,false
bundles/auth/core/src/main/java/org/apache/sling/auth/core/spi/AbstractAuthenticationFormServlet.java,147.0,8.0,55.0,11.0,34.0,45.0,0.0,fmeschbe@13f79535-47bb-0310-9956-ffa450edef68,0,0.0,0.0,0.0,0.0,0.0,0.0,0.0,0,4,0.0,false
bundles/auth/core/src/main/java/org/apache/sling/auth/core/spi/AbstractAuthenticationHandler.java,93.0,5.0,28.0,8.0,8.0,26.0,2.0,fmeschbe@13f79535-47bb-0310-9956-ffa450edef68,1,0.005154639175257732,8.0,0.0,8.0,8.0,464.8275862068965,1315.7425243041298,1,2,1.953602494678469,false
bundles/auth/core/src/main/java/org/apache/sling/auth/core/spi/DefaultAuthenticationFeedbackHandler.java,54.0,6.0,6.0,4.0,19.0,13.0,0.0,fmeschbe@13f79535-47bb-0310-9956-ffa450edef68,0,0.0,0.0,0.0,0.0,0.0,0.0,0.0,0,0,0.0,false
bundles/auth/core/src/test/java/org/apache/sling/auth/core/AuthUtilTest.java,159.0,12.0,0.0,13.0,99.0,22.0,2.0,fmeschbe@13f79535-47bb-0310-9956-ffa450edef68,1,0.005154639175257732,67.0,33.0,0.0,0.0,464.8275862068965,1315.7425243041298,1,0,1.953602494678469,false
bundles/auth/form/src/main/java/org/apache/sling/auth/form/impl/FormAuthenticationHandler.java,593.0,42.0,115.0,19.0,84.0,69.0,1.0,fmeschbe@13f79535-47bb-0310-9956-ffa450edef68,1,0.005154639175257732,4.0,0.0,0.0,0.0,879.4418604651163,3710.915650921486,1,2,1.9269342475963076,false
bundles/auth/openid/src/main/java/org/apache/sling/auth/openid/impl/OpenIDAuthenticationHandler.java,439.0,31.0,92.0,20.0,106.0,76.0,3.0,fmeschbe@13f79535-47bb-0310-9956-ffa450edef68,1,0.005154639175257732,11.0,0.0,0.0,0.0,879.4418604651163,3710.915650921486,1,1,1.9269342475963076,false
bundles/auth/selector/src/main/java/org/apache/sling/auth/selector/SelectorAuthenticationHandler.java,55.0,18.0,4.0,4.0,12.0,10.0,0.0,fmeschbe@13f79535-47bb-0310-9956-ffa450edef68,0,0.0,0.0,0.0,0.0,0.0,0.0,0.0,0,1,0.0,false
bundles/commons/log/src/main/java/org/apache/sling/commons/log/internal/Activator.java,44.0,3.0,0.0,2.0,14.0,7.0,2.0,fmeschbe@13f79535-47bb-0310-9956-ffa450edef68,1,0.005154639175257732,29.0,0.0,0.0,14.0,464.8275862068965,1315.7425243041298,1,0,1.953602494678469,false
bundles/commons/scheduler/src/main/java/org/apache/sling/commons/scheduler/Scheduler.java,109.0,4.0,28.0,8.0,0.0,25.0,3.0,cziegeler@13f79535-47bb-0310-9956-ffa450edef68,1,0.005154639175257732,8.0,0.0,0.0,0.0,1862.2272727272725,15442.826107372477,1,2,0.48934659208886655,false
bundles/commons/scheduler/src/main/java/org/apache/sling/commons/scheduler/impl/QuartzScheduler.java,517.0,37.0,148.0,25.0,134.0,88.0,3.0,cziegeler@13f79535-47bb-0310-9956-ffa450edef68,1,0.005154639175257732,4.0,0.0,0.0,0.0,1862.2272727272725,15442.826107372477,1,2,0.48934659208886655,false
bundles/commons/testing/src/main/java/org/apache/sling/commons/testing/jcr/RepositoryProvider.java,45.0,2.0,3.0,3.0,4.0,8.0,4.0,bdelacretaz@13f79535-47bb-0310-9956-ffa450edef68,1,0.005154639175257732,50.0,50.0,0.0,0.0,445.09090909090907,1344.8795711616276,1,0,2.5199979695992702,true
bundles/commons/testing/src/main/java/org/apache/sling/commons/testing/jcr/RepositoryTestBase.java,40.0,6.0,4.0,4.0,11.0,14.0,4.0,fmeschbe@13f79535-47bb-0310-9956-ffa450edef68,1,0.005154639175257732,50.0,50.0,0.0,0.0,445.09090909090907,1344.8795711616276,1,0,2.5199979695992702,false
bundles/commons/testing/src/main/java/org/apache/sling/commons/testing/sling/MockRequestPathInfo.java,30.0,1.0,5.0,7.0,2.0,12.0,0.0,fmeschbe@13f79535-47bb-0310-9956-ffa450edef68,0,0.0,0.0,0.0,0.0,0.0,0.0,0.0,0,0,0.0,true
bundles/commons/testing/src/main/java/org/apache/sling/commons/testing/sling/MockResource.java,37.0,5.0,0.0,7.0,4.0,12.0,0.0,fmeschbe@13f79535-47bb-0310-9956-ffa450edef68,0,0.0,0.0,0.0,0.0,0.0,0.0,0.0,0,0,0.0,false
bundles/commons/testing/src/main/java/org/apache/sling/commons/testing/sling/MockResourceResolver.java,115.0,9.0,282.0,25.0,30.0,60.0,0.0,cziegeler@13f79535-47bb-0310-9956-ffa450edef68,0,0.0,0.0,0.0,0.0,0.0,0.0,0.0,0,1,0.0,true
bundles/commons/testing/src/main/java/org/apache/sling/commons/testing/sling/MockSlingHttpServletRequest.java,258.0,19.0,2874.0,77.0,5.0,146.0,0.0,fmeschbe@13f79535-47bb-0310-9956-ffa450edef68,0,0.0,0.0,0.0,0.0,0.0,0.0,0.0,0,0,0.0,false
bundles/commons/testing/src/main/java/org/apache/sling/commons/testing/sling/MockSlingHttpServletResponse.java,124.0,7.0,553.0,34.0,50.0,65.0,0.0,justin@13f79535-47bb-0310-9956-ffa450edef68,0,0.0,0.0,0.0,0.0,0.0,0.0,0.0,0,0,0.0,false
bundles/commons/testing/src/test/java/org/apache/sling/commons/testing/jcr/RepositoryProviderTest.java,21.0,5.0,0.0,3.0,6.0,7.0,4.0,bdelacretaz@13f79535-47bb-0310-9956-ffa450edef68,1,0.005154639175257732,100.0,100.0,0.0,0.0,445.09090909090907,1344.8795711616276,1,0,2.5199979695992702,false
bundles/commons/testing/src/test/java/org/apache/sling/commons/testing/jcr/RepositoryTestBaseTest.java,9.0,1.0,0.0,1.0,2.0,2.0,4.0,bdelacretaz@13f79535-47bb-0310-9956-ffa450edef68,1,0.005154639175257732,100.0,100.0,0.0,0.0,445.09090909090907,1344.8795711616276,1,0,2.5199979695992702,false
bundles/engine/src/main/java/org/apache/sling/engine/impl/RequestProcessorMBeanImpl.java,48.0,3.0,0.0,8.0,2.0,16.0,3.0,justin@13f79535-47bb-0310-9956-ffa450edef68,2,0.010309278350515464,50.0,25.0,12.0,12.0,1344.2694466720127,5026.658175225615,2,0,1.3712661647480398,false
bundles/engine/src/main/java/org/apache/sling/engine/impl/SlingHttpServletRequestImpl.java,239.0,32.0,427.0,30.0,51.0,72.0,2.0,fmeschbe@13f79535-47bb-0310-9956-ffa450edef68,1,0.005154639175257732,14.0,0.0,0.0,14.0,464.8275862068965,1315.7425243041298,1,1,1.953602494678469,false
bundles/engine/src/main/java/org/apache/sling/engine/impl/SlingHttpServletResponseImpl.java,300.0,17.0,679.0,39.0,65.0,83.0,1.0,fmeschbe@13f79535-47bb-0310-9956-ffa450edef68,1,0.005154639175257732,18.0,0.0,0.0,9.0,464.8275862068965,1315.7425243041298,1,1,1.953602494678469,false
bundles/engine/src/main/java/org/apache/sling/engine/impl/SlingMainServlet.java,286.0,49.0,84.0,21.0,96.0,47.0,4.0,null,2,0.010309278350515464,7.0,2.0,2.0,2.0,1344.2694466720127,5026.658175225615,2,5,1.3081989106896024,false
bundles/engine/src/main/java/org/apache/sling/engine/jmx/RequestProcessorMBean.java,34.0,0.0,15.0,6.0,0.0,7.0,5.0,justin@13f79535-47bb-0310-9956-ffa450edef68,2,0.010309278350515464,33.0,33.0,0.0,0.0,1344.2694466720127,5026.658175225615,2,0,1.247121190577443,false
bundles/engine/src/test/java/org/apache/sling/engine/impl/RequestProcessorMBeanImplTest.java,30.0,4.0,1.0,2.0,17.0,5.0,4.0,fmeschbe@13f79535-47bb-0310-9956-ffa450edef68,2,0.010309278350515464,75.0,50.0,25.0,25.0,1344.2694466720127,5026.658175225615,2,0,1.2993094949955486,false
bundles/extensions/adapter/src/main/java/org/apache/sling/adapter/internal/AdapterWebConsolePlugin.java,230.0,42.0,70.0,16.0,77.0,49.0,0.0,cziegeler@13f79535-47bb-0310-9956-ffa450edef68,0,0.0,0.0,0.0,0.0,0.0,0.0,0.0,0,1,0.0,true
bundles/extensions/event/src/main/java/org/apache/sling/event/impl/jobs/queues/OrderedJobQueue.java,147.0,9.0,41.0,14.0,24.0,33.0,0.0,cziegeler@13f79535-47bb-0310-9956-ffa450edef68,0,0.0,0.0,0.0,0.0,0.0,0.0,0.0,0,3,0.0,false
bundles/extensions/event/src/test/java/org/apache/sling/event/impl/SimpleScheduler.java,41.0,5.0,36.0,9.0,9.0,21.0,1.0,cziegeler@13f79535-47bb-0310-9956-ffa450edef68,1,0.005154639175257732,33.0,0.0,0.0,0.0,1862.2272727272725,15442.826107372477,1,0,0.48934659208886655,false
bundles/extensions/fsresource/src/main/java/org/apache/sling/fsprovider/internal/FsResource.java,116.0,19.0,10.0,8.0,21.0,24.0,1.0,fmeschbe@13f79535-47bb-0310-9956-ffa450edef68,1,0.005154639175257732,9.0,0.0,0.0,0.0,1862.2272727272725,15442.826107372477,1,0,0.48934659208886655,false
bundles/extensions/fsresource/src/main/java/org/apache/sling/fsprovider/internal/FsResourceProvider.java,179.0,21.0,59.0,15.0,42.0,47.0,0.0,cziegeler@13f79535-47bb-0310-9956-ffa450edef68,0,0.0,0.0,0.0,0.0,0.0,0.0,0.0,0,3,0.0,false
bundles/extensions/threaddump/src/main/java/org/apache/sling/extensions/threaddump/internal/Activator.java,50.0,11.0,9.0,6.0,11.0,11.0,2.0,cziegeler@13f79535-47bb-0310-9956-ffa450edef68,1,0.005154639175257732,12.0,12.0,12.0,0.0,879.4418604651163,3710.915650921486,1,0,1.9269342475963076,false
bundles/extensions/threaddump/src/main/java/org/apache/sling/extensions/threaddump/internal/ThreadDumperPanel.java,7.0,1.0,0.0,1.0,2.0,1.0,0.0,cziegeler@13f79535-47bb-0310-9956-ffa450edef68,0,0.0,0.0,0.0,0.0,0.0,0.0,0.0,0,0,0.0,false
bundles/jcr/contentloader/src/main/java/org/apache/sling/jcr/contentloader/ContentImportListener.java,39.0,0.0,28.0,8.0,0.0,10.0,0.0,enorman@13f79535-47bb-0310-9956-ffa450edef68,0,0.0,0.0,0.0,0.0,0.0,0.0,0.0,0,0,0.0,false
bundles/jcr/contentloader/src/main/java/org/apache/sling/jcr/contentloader/ImportOptions.java,34.0,0.0,10.0,5.0,0.0,16.0,0.0,enorman@13f79535-47bb-0310-9956-ffa450edef68,0,0.0,0.0,0.0,0.0,0.0,0.0,0.0,0,0,0.0,false
bundles/jcr/contentloader/src/main/java/org/apache/sling/jcr/contentloader/internal/ContentLoaderService.java,282.0,21.0,25.0,11.0,80.0,41.0,0.0,null,0,0.0,0.0,0.0,0.0,0.0,0.0,0.0,0,0,0.0,false
bundles/jcr/contentloader/src/main/java/org/apache/sling/jcr/contentloader/internal/DefaultContentCreator.java,764.0,37.0,491.0,38.0,237.0,155.0,0.0,null,0,0.0,0.0,0.0,0.0,0.0,0.0,0.0,0,2,0.0,false
bundles/jcr/contentloader/src/main/java/org/apache/sling/jcr/contentloader/internal/DefaultContentImporter.java,109.0,15.0,6.0,4.0,33.0,17.0,0.0,olli@13f79535-47bb-0310-9956-ffa450edef68,0,0.0,0.0,0.0,0.0,0.0,0.0,0.0,0,2,0.0,true
bundles/jcr/contentloader/src/main/java/org/apache/sling/jcr/contentloader/internal/JcrContentHelper.java,10.0,0.0,0.0,1.0,0.0,2.0,0.0,enorman@13f79535-47bb-0310-9956-ffa450edef68,0,0.0,0.0,0.0,0.0,0.0,0.0,0.0,0,0,0.0,false
bundles/jcr/contentloader/src/main/java/org/apache/sling/jcr/contentloader/internal/PathEntry.java,192.0,7.0,46.0,12.0,20.0,31.0,0.0,enorman@13f79535-47bb-0310-9956-ffa450edef68,0,0.0,0.0,0.0,0.0,0.0,0.0,0.0,0,0,0.0,false
bundles/jcr/contentloader/src/main/java/org/apache/sling/jcr/contentloader/internal/readers/XmlReader.java,440.0,35.0,13.0,6.0,42.0,26.0,1.0,null,1,0.005154639175257732,8.0,0.0,0.0,0.0,1862.2272727272725,15442.826107372477,1,2,0.48934659208886655,false
bundles/jcr/contentloader/src/main/java/org/apache/sling/jcr/contentloader/package-info.java,0.0,0.0,0.0,0.0,0.0,0.0,3.0,fmeschbe@13f79535-47bb-0310-9956-ffa450edef68,0,0.0,0.0,0.0,0.0,0.0,0.0,0.0,0,0,0.0,false
bundles/jcr/contentloader/src/test/java/org/apache/sling/jcr/contentloader/internal/DefaultContentCreatorTest.java,79.0,11.0,64.0,12.0,26.0,26.0,0.0,cziegeler@13f79535-47bb-0310-9956-ffa450edef68,0,0.0,0.0,0.0,0.0,0.0,0.0,0.0,0,0,0.0,false
bundles/jcr/davex/src/main/java/org/apache/sling/jcr/davex/impl/servlets/AuthHttpContext.java,70.0,6.0,11.0,6.0,11.0,16.0,0.0,fmeschbe@13f79535-47bb-0310-9956-ffa450edef68,0,0.0,0.0,0.0,0.0,0.0,0.0,0.0,0,0,0.0,false
bundles/jcr/davex/src/main/java/org/apache/sling/jcr/davex/impl/servlets/SlingDavExServlet.java,132.0,30.0,6.0,9.0,42.0,34.0,1.0,fmeschbe@13f79535-47bb-0310-9956-ffa450edef68,2,0.010309278350515464,21.0,5.0,0.0,0.0,1344.2694466720127,5026.658175225615,2,2,1.3846002882891202,false
bundles/jcr/davex/src/test/java/org/apache/sling/jcr/davex/impl/servlets/AuthHttpContextTest.java,40.0,4.0,0.0,8.0,16.0,17.0,0.0,fmeschbe@13f79535-47bb-0310-9956-ffa450edef68,0,0.0,0.0,0.0,0.0,0.0,0.0,0.0,0,0,0.0,false
bundles/jcr/jackrabbit-accessmanager/src/main/java/org/apache/sling/jcr/jackrabbit/accessmanager/post/DeleteAcesServlet.java,54.0,23.0,1.0,2.0,20.0,9.0,0.0,enorman@13f79535-47bb-0310-9956-ffa450edef68,0,0.0,0.0,0.0,0.0,0.0,0.0,0.0,0,0,0.0,false
bundles/jcr/jackrabbit-accessmanager/src/main/java/org/apache/sling/jcr/jackrabbit/accessmanager/post/GetAclServlet.java,20.0,15.0,1.0,2.0,4.0,8.0,0.0,enorman@13f79535-47bb-0310-9956-ffa450edef68,0,0.0,0.0,0.0,0.0,0.0,0.0,0.0,0,2,0.0,false
bundles/jcr/jackrabbit-accessmanager/src/main/java/org/apache/sling/jcr/jackrabbit/accessmanager/post/GetEffectiveAclServlet.java,19.0,15.0,1.0,2.0,4.0,8.0,0.0,enorman@13f79535-47bb-0310-9956-ffa450edef68,0,0.0,0.0,0.0,0.0,0.0,0.0,0.0,0,1,0.0,false
bundles/jcr/jackrabbit-accessmanager/src/main/java/org/apache/sling/jcr/jackrabbit/accessmanager/post/ModifyAceServlet.java,77.0,23.0,1.0,2.0,29.0,11.0,0.0,enorman@13f79535-47bb-0310-9956-ffa450edef68,0,0.0,0.0,0.0,0.0,0.0,0.0,0.0,0,1,0.0,false
bundles/jcr/jackrabbit-usermanager/src/main/java/org/apache/sling/jackrabbit/usermanager/impl/AuthorizablePrivilegesInfoImpl.java,211.0,24.0,0.0,7.0,40.0,27.0,0.0,enorman@13f79535-47bb-0310-9956-ffa450edef68,0,0.0,0.0,0.0,0.0,0.0,0.0,0.0,0,1,0.0,false
bundles/jcr/jackrabbit-usermanager/src/main/java/org/apache/sling/jackrabbit/usermanager/impl/post/AbstractAuthorizablePostServlet.java,451.0,27.0,72.0,13.0,69.0,58.0,0.0,enorman@13f79535-47bb-0310-9956-ffa450edef68,0,0.0,0.0,0.0,0.0,0.0,0.0,0.0,0,0,0.0,false
bundles/jcr/jackrabbit-usermanager/src/main/java/org/apache/sling/jackrabbit/usermanager/impl/post/AbstractUserPostServlet.java,12.0,2.0,1.0,2.0,0.0,2.0,0.0,fmeschbe@13f79535-47bb-0310-9956-ffa450edef68,0,0.0,0.0,0.0,0.0,0.0,0.0,0.0,0,0,0.0,false
bundles/jcr/jackrabbit-usermanager/src/main/java/org/apache/sling/jackrabbit/usermanager/impl/post/ChangeUserPasswordServlet.java,114.0,28.0,4.0,4.0,34.0,17.0,0.0,enorman@13f79535-47bb-0310-9956-ffa450edef68,0,0.0,0.0,0.0,0.0,0.0,0.0,0.0,0,2,0.0,false
bundles/jcr/jackrabbit-usermanager/src/main/java/org/apache/sling/jackrabbit/usermanager/impl/post/CreateGroupServlet.java,54.0,25.0,3.0,3.0,23.0,10.0,0.0,enorman@13f79535-47bb-0310-9956-ffa450edef68,0,0.0,0.0,0.0,0.0,0.0,0.0,0.0,0,1,0.0,false
bundles/jcr/jackrabbit-usermanager/src/main/java/org/apache/sling/jackrabbit/usermanager/impl/post/CreateUserServlet.java,150.0,28.0,4.0,5.0,38.0,19.0,0.0,enorman@13f79535-47bb-0310-9956-ffa450edef68,0,0.0,0.0,0.0,0.0,0.0,0.0,0.0,0,3,0.0,false
bundles/jcr/jackrabbit-usermanager/src/main/java/org/apache/sling/jackrabbit/usermanager/impl/post/DeleteAuthorizableServlet.java,108.0,27.0,6.0,4.0,29.0,17.0,0.0,enorman@13f79535-47bb-0310-9956-ffa450edef68,0,0.0,0.0,0.0,0.0,0.0,0.0,0.0,0,0,0.0,false
bundles/jcr/jackrabbit-usermanager/src/main/java/org/apache/sling/jackrabbit/usermanager/impl/post/UpdateGroupServlet.java,44.0,24.0,1.0,2.0,16.0,9.0,0.0,enorman@13f79535-47bb-0310-9956-ffa450edef68,0,0.0,0.0,0.0,0.0,0.0,0.0,0.0,0,0,0.0,false
bundles/jcr/jackrabbit-usermanager/src/main/java/org/apache/sling/jackrabbit/usermanager/impl/post/UpdateUserServlet.java,43.0,21.0,1.0,2.0,16.0,9.0,0.0,enorman@13f79535-47bb-0310-9956-ffa450edef68,0,0.0,0.0,0.0,0.0,0.0,0.0,0.0,0,0,0.0,false
bundles/jcr/jackrabbit-usermanager/src/main/java/org/apache/sling/jackrabbit/usermanager/impl/resource/AuthorizableResource.java,59.0,12.0,14.0,8.0,7.0,22.0,0.0,fmeschbe@13f79535-47bb-0310-9956-ffa450edef68,0,0.0,0.0,0.0,0.0,0.0,0.0,0.0,0,0,0.0,false
bundles/jcr/jackrabbit-usermanager/src/main/java/org/apache/sling/jackrabbit/usermanager/impl/resource/AuthorizableResourceProvider.java,138.0,23.0,1.0,3.0,18.0,15.0,0.0,fmeschbe@13f79535-47bb-0310-9956-ffa450edef68,0,0.0,0.0,0.0,0.0,0.0,0.0,0.0,0,0,0.0,false
bundles/jcr/resource/src/main/java/org/apache/sling/jcr/resource/internal/JcrItemAdapterFactory.java,44.0,17.0,0.0,3.0,10.0,8.0,0.0,cziegeler@13f79535-47bb-0310-9956-ffa450edef68,0,0.0,0.0,0.0,0.0,0.0,0.0,0.0,0,0,0.0,false
bundles/jcr/resource/src/main/java/org/apache/sling/jcr/resource/internal/JcrResourceListener.java,301.0,27.0,14.0,9.0,66.0,34.0,1.0,cziegeler@13f79535-47bb-0310-9956-ffa450edef68,1,0.005154639175257732,11.0,5.0,3.0,8.0,464.8275862068965,1315.7425243041298,1,4,1.953602494678469,false
bundles/jcr/resource/src/main/java/org/apache/sling/jcr/resource/internal/JcrResourceResolver.java,916.0,48.0,589.0,42.0,264.0,168.0,2.0,null,3,0.015463917525773196,8.0,0.0,4.0,2.0,3206.496719399285,20469.484282598092,3,12,0.5411506864206101,false
bundles/jcr/resource/src/main/java/org/apache/sling/jcr/resource/internal/JcrResourceResolverFactoryImpl.java,466.0,45.0,426.0,32.0,77.0,94.0,0.0,cziegeler@13f79535-47bb-0310-9956-ffa450edef68,0,0.0,0.0,0.0,0.0,0.0,0.0,0.0,0,5,0.0,false
bundles/jcr/resource/src/main/java/org/apache/sling/jcr/resource/internal/JcrResourceResolverWebConsolePlugin.java,226.0,24.0,41.0,11.0,60.0,28.0,1.0,fmeschbe@13f79535-47bb-0310-9956-ffa450edef68,2,0.010309278350515464,15.0,0.0,8.0,0.0,1982.2272727272725,15521.652378647885,2,2,1.6406391385858892,false
bundles/jcr/resource/src/main/java/org/apache/sling/jcr/resource/internal/WorkspaceAuthInfoPostProcessor.java,18.0,10.0,0.0,1.0,4.0,3.0,0.0,fmeschbe@13f79535-47bb-0310-9956-ffa450edef68,0,0.0,0.0,0.0,0.0,0.0,0.0,0.0,0,0,0.0,false
bundles/jcr/resource/src/main/java/org/apache/sling/jcr/resource/internal/helper/RedirectResource.java,28.0,10.0,0.0,3.0,2.0,8.0,0.0,fmeschbe@13f79535-47bb-0310-9956-ffa450edef68,0,0.0,0.0,0.0,0.0,0.0,0.0,0.0,0,0,0.0,false
bundles/jcr/resource/src/main/java/org/apache/sling/jcr/resource/internal/helper/jcr/JcrNodeResource.java,173.0,32.0,0.0,10.0,57.0,38.0,0.0,cziegeler@13f79535-47bb-0310-9956-ffa450edef68,0,0.0,0.0,0.0,0.0,0.0,0.0,0.0,0,5,0.0,false
bundles/jcr/resource/src/main/java/org/apache/sling/jcr/resource/internal/helper/jcr/JcrPropertyResource.java,146.0,16.0,26.0,9.0,34.0,25.0,2.0,cziegeler@13f79535-47bb-0310-9956-ffa450edef68,1,0.005154639175257732,4.0,4.0,0.0,0.0,879.4418604651163,3710.915650921486,1,4,1.9269342475963076,false
bundles/jcr/resource/src/main/java/org/apache/sling/jcr/resource/internal/helper/starresource/StarResource.java,60.0,10.0,7.0,6.0,13.0,20.0,0.0,cziegeler@13f79535-47bb-0310-9956-ffa450edef68,0,0.0,0.0,0.0,0.0,0.0,0.0,0.0,0,3,0.0,false
bundles/scripting/core/src/main/java/org/apache/sling/scripting/core/ScriptHelper.java,256.0,24.0,178.0,21.0,45.0,56.0,0.0,cziegeler@13f79535-47bb-0310-9956-ffa450edef68,0,0.0,0.0,0.0,0.0,0.0,0.0,0.0,0,0,0.0,false
bundles/scripting/core/src/main/java/org/apache/sling/scripting/core/impl/SlingScriptAdapterFactory.java,180.0,30.0,0.0,6.0,34.0,22.0,0.0,justin@13f79535-47bb-0310-9956-ffa450edef68,0,0.0,0.0,0.0,0.0,0.0,0.0,0.0,0,1,0.0,false
bundles/scripting/jsp-taglib/src/main/java/org/apache/sling/scripting/jsp/taglib/AbstractDispatcherTagHandler.java,140.0,20.0,29.0,11.0,19.0,20.0,1.0,fmeschbe@13f79535-47bb-0310-9956-ffa450edef68,1,0.005154639175257732,40.0,0.0,0.0,0.0,1862.2272727272725,15442.826107372477,1,0,0.48934659208886655,false
bundles/scripting/jsp/src/main/java/org/apache/sling/scripting/jsp/JspScriptEngineFactory.java,309.0,42.0,94.0,17.0,60.0,40.0,37.0,cziegeler@13f79535-47bb-0310-9956-ffa450edef68,1,0.005154639175257732,2.0,0.0,0.0,0.0,1862.2272727272725,15442.826107372477,1,4,0.48934659208886655,true
bundles/scripting/jsp/src/main/java/org/apache/sling/scripting/jsp/jasper/runtime/PageContextImpl.java,711.0,39.0,1582.0,64.0,165.0,229.0,0.0,fmeschbe@13f79535-47bb-0310-9956-ffa450edef68,0,0.0,0.0,0.0,0.0,0.0,0.0,0.0,0,2,0.0,false
bundles/servlets/get/src/main/java/org/apache/sling/servlets/get/impl/RedirectServlet.java,192.0,18.0,26.0,8.0,52.0,35.0,5.0,fmeschbe@13f79535-47bb-0310-9956-ffa450edef68,1,0.005154639175257732,7.0,0.0,0.0,0.0,879.4418604651163,3710.915650921486,1,4,1.9269342475963076,false
bundles/servlets/get/src/main/java/org/apache/sling/servlets/get/impl/helpers/JsonRendererServlet.java,110.0,16.0,2.0,4.0,30.0,15.0,0.0,cziegeler@13f79535-47bb-0310-9956-ffa450edef68,0,0.0,0.0,0.0,0.0,0.0,0.0,0.0,0,3,0.0,false
bundles/servlets/get/src/main/java/org/apache/sling/servlets/get/impl/helpers/ResourceTraversor.java,132.0,9.0,21.0,10.0,28.0,29.0,0.0,fmeschbe@13f79535-47bb-0310-9956-ffa450edef68,0,0.0,0.0,0.0,0.0,0.0,0.0,0.0,0,2,0.0,false
bundles/servlets/get/src/test/java/org/apache/sling/servlets/get/impl/JsonRendererServletTest.java,40.0,9.0,4.0,4.0,10.0,8.0,0.0,justin@13f79535-47bb-0310-9956-ffa450edef68,0,0.0,0.0,0.0,0.0,0.0,0.0,0.0,0,0,0.0,false
bundles/servlets/get/src/test/java/org/apache/sling/servlets/get/impl/RedirectServletTest.java,213.0,9.0,147.0,18.0,34.0,25.0,0.0,fmeschbe@13f79535-47bb-0310-9956-ffa450edef68,0,0.0,0.0,0.0,0.0,0.0,0.0,0.0,0,1,0.0,false
bundles/servlets/post/src/main/java/org/apache/sling/servlets/post/SlingPostConstants.java,219.0,0.0,0.0,0.0,0.0,0.0,0.0,null,0,0.0,0.0,0.0,0.0,0.0,0.0,0.0,0,0,0.0,false
bundles/servlets/post/src/main/java/org/apache/sling/servlets/post/impl/operations/ImportOperation.java,164.0,19.0,130.0,17.0,59.0,40.0,0.0,enorman@13f79535-47bb-0310-9956-ffa450edef68,0,0.0,0.0,0.0,0.0,0.0,0.0,0.0,0,3,0.0,true
bundles/servlets/post/src/test/java/org/apache/sling/servlets/post/JsonResponseTest.java,59.0,13.0,0.0,8.0,33.0,21.0,0.0,fmeschbe@13f79535-47bb-0310-9956-ffa450edef68,0,0.0,0.0,0.0,0.0,0.0,0.0,0.0,0,0,0.0,false
bundles/servlets/resolver/src/main/java/org/apache/sling/servlets/resolver/internal/SlingServletResolver.java,743.0,57.0,49.0,26.0,172.0,114.0,1.0,cziegeler@13f79535-47bb-0310-9956-ffa450edef68,1,0.005154639175257732,2.0,0.0,0.0,0.0,464.8275862068965,1315.7425243041298,1,10,1.953602494678469,true
bundles/servlets/resolver/src/test/java/org/apache/sling/servlets/resolver/internal/helper/ScriptSelectionTest.java,137.0,4.0,253.0,26.0,38.0,29.0,0.0,cziegeler@13f79535-47bb-0310-9956-ffa450edef68,0,0.0,0.0,0.0,0.0,0.0,0.0,0.0,0,1,0.0,false
contrib/extensions/bgservlets/src/main/java/org/apache/sling/bgservlets/impl/JobConsoleImpl.java,88.0,23.0,45.0,11.0,30.0,34.0,5.0,bdelacretaz@13f79535-47bb-0310-9956-ffa450edef68,1,0.005154639175257732,33.0,0.0,33.0,0.0,445.09090909090907,1344.8795711616276,1,0,2.5199979695992702,false
contrib/extensions/bgservlets/src/main/java/org/apache/sling/bgservlets/impl/webconsole/JobConsolePlugin.java,186.0,22.0,0.0,2.0,4.0,4.0,3.0,bdelacretaz@13f79535-47bb-0310-9956-ffa450edef68,1,0.005154639175257732,50.0,0.0,25.0,25.0,445.09090909090907,1344.8795711616276,1,1,2.5199979695992702,false
contrib/extensions/i18n/src/main/java/org/apache/sling/i18n/impl/JcrResourceBundle.java,109.0,15.0,8.0,9.0,29.0,25.0,1.0,cziegeler@13f79535-47bb-0310-9956-ffa450edef68,1,0.005154639175257732,4.0,0.0,4.0,0.0,1862.2272727272725,15442.826107372477,1,0,0.48934659208886655,true
contrib/extensions/rewriter/src/main/java/org/apache/sling/rewriter/impl/ProcessorManagerImpl.java,388.0,33.0,36.0,13.0,78.0,53.0,1.0,cziegeler@13f79535-47bb-0310-9956-ffa450edef68,1,0.005154639175257732,8.0,0.0,0.0,0.0,464.8275862068965,1315.7425243041298,1,3,1.953602494678469,false
contrib/extensions/rewriter/src/main/java/org/apache/sling/rewriter/impl/RewriterResponse.java,131.0,16.0,33.0,10.0,17.0,34.0,2.0,cziegeler@13f79535-47bb-0310-9956-ffa450edef68,1,0.005154639175257732,9.0,9.0,0.0,0.0,879.4418604651163,3710.915650921486,1,4,1.9269342475963076,false
contrib/extensions/startup-filter-disabler/src/main/java/org/apache/sling/startupfilterdisabler/impl/Activator.java,21.0,6.0,1.0,2.0,7.0,6.0,2.0,bdelacretaz@13f79535-47bb-0310-9956-ffa450edef68,1,0.005154639175257732,50.0,50.0,0.0,0.0,445.09090909090907,1344.8795711616276,1,0,2.5199979695992702,true
contrib/extensions/startup-filter/src/main/java/org/apache/sling/startupfilter/StartupFilter.java,17.0,0.0,3.0,3.0,0.0,5.0,5.0,bdelacretaz@13f79535-47bb-0310-9956-ffa450edef68,1,0.005154639175257732,100.0,0.0,0.0,0.0,445.09090909090907,1344.8795711616276,1,0,2.5199979695992702,false
contrib/extensions/startup-filter/src/main/java/org/apache/sling/startupfilter/StartupInfoProvider.java,6.0,0.0,0.0,1.0,0.0,2.0,5.0,bdelacretaz@13f79535-47bb-0310-9956-ffa450edef68,1,0.005154639175257732,100.0,0.0,0.0,0.0,445.09090909090907,1344.8795711616276,1,0,2.5199979695992702,false
contrib/extensions/startup-filter/src/main/java/org/apache/sling/startupfilter/impl/StartupFilterImpl.java,105.0,25.0,19.0,10.0,36.0,22.0,3.0,bdelacretaz@13f79535-47bb-0310-9956-ffa450edef68,1,0.005154639175257732,56.0,11.0,11.0,0.0,445.09090909090907,1344.8795711616276,1,0,2.5199979695992702,true
contrib/extensions/startup-filter/src/test/java/org/apache/sling/startupfilter/impl/StartupFilterImplTest.java,149.0,25.0,0.0,8.0,43.0,17.0,4.0,bdelacretaz@13f79535-47bb-0310-9956-ffa450edef68,1,0.005154639175257732,60.0,0.0,20.0,0.0,445.09090909090907,1344.8795711616276,1,0,2.5199979695992702,true
contrib/scripting/java/src/main/java/org/apache/sling/scripting/java/impl/CompilerUtil.java,93.0,0.0,6.0,4.0,17.0,21.0,0.0,cziegeler@13f79535-47bb-0310-9956-ffa450edef68,0,0.0,0.0,0.0,0.0,0.0,0.0,0.0,0,0,0.0,false
installer/core/src/main/java/org/apache/sling/installer/api/OsgiInstaller.java,18.0,0.0,1.0,2.0,0.0,6.0,1.0,cziegeler@13f79535-47bb-0310-9956-ffa450edef68,1,0.005154639175257732,17.0,0.0,0.0,0.0,1862.2272727272725,15442.826107372477,1,0,0.48934659208886655,false
installer/core/src/main/java/org/apache/sling/installer/api/tasks/ChangeStateTask.java,21.0,0.0,1.0,3.0,3.0,4.0,3.0,cziegeler@13f79535-47bb-0310-9956-ffa450edef68,0,0.0,0.0,0.0,0.0,0.0,0.0,0.0,0,0,0.0,false
installer/core/src/main/java/org/apache/sling/installer/api/tasks/InstallTask.java,78.0,0.0,35.0,11.0,12.0,27.0,0.0,cziegeler@13f79535-47bb-0310-9956-ffa450edef68,0,0.0,0.0,0.0,0.0,0.0,0.0,0.0,0,0,0.0,false
installer/core/src/main/java/org/apache/sling/installer/api/tasks/InstallTaskFactory.java,9.0,0.0,0.0,1.0,0.0,3.0,1.0,cziegeler@13f79535-47bb-0310-9956-ffa450edef68,1,0.005154639175257732,14.0,0.0,0.0,0.0,1862.2272727272725,15442.826107372477,1,0,0.48934659208886655,false
installer/core/src/main/java/org/apache/sling/installer/api/tasks/InstallationContext.java,23.0,0.0,6.0,4.0,0.0,7.0,0.0,cziegeler@13f79535-47bb-0310-9956-ffa450edef68,0,0.0,0.0,0.0,0.0,0.0,0.0,0.0,0,0,0.0,false
installer/core/src/main/java/org/apache/sling/installer/api/tasks/RetryHandler.java,10.0,0.0,0.0,1.0,0.0,1.0,0.0,cziegeler@13f79535-47bb-0310-9956-ffa450edef68,0,0.0,0.0,0.0,0.0,0.0,0.0,0.0,0,0,0.0,false
installer/core/src/main/java/org/apache/sling/installer/api/tasks/TaskResource.java,39.0,1.0,15.0,6.0,0.0,10.0,0.0,cziegeler@13f79535-47bb-0310-9956-ffa450edef68,0,0.0,0.0,0.0,0.0,0.0,0.0,0.0,0,0,0.0,false
installer/core/src/main/java/org/apache/sling/installer/api/tasks/TransformationResult.java,95.0,3.0,35.0,10.0,0.0,15.0,0.0,cziegeler@13f79535-47bb-0310-9956-ffa450edef68,0,0.0,0.0,0.0,0.0,0.0,0.0,0.0,0,0,0.0,false
installer/core/src/main/java/org/apache/sling/installer/core/impl/Activator.java,101.0,17.0,0.0,5.0,16.0,15.0,2.0,cziegeler@13f79535-47bb-0310-9956-ffa450edef68,0,0.0,0.0,0.0,0.0,0.0,0.0,0.0,0,0,0.0,false
installer/core/src/main/java/org/apache/sling/installer/core/impl/DefaultTransformer.java,65.0,13.0,10.0,5.0,9.0,14.0,0.0,cziegeler@13f79535-47bb-0310-9956-ffa450edef68,0,0.0,0.0,0.0,0.0,0.0,0.0,0.0,0,1,0.0,false
installer/core/src/main/java/org/apache/sling/installer/core/impl/EntityResourceList.java,284.0,16.0,51.0,22.0,65.0,65.0,2.0,cziegeler@13f79535-47bb-0310-9956-ffa450edef68,1,0.005154639175257732,7.0,0.0,0.0,0.0,1862.2272727272725,15442.826107372477,1,2,0.48934659208886655,false
installer/core/src/main/java/org/apache/sling/installer/core/impl/InternalResource.java,170.0,10.0,11.0,10.0,38.0,29.0,1.0,cziegeler@13f79535-47bb-0310-9956-ffa450edef68,1,0.005154639175257732,23.0,0.0,0.0,0.0,1862.2272727272725,15442.826107372477,1,1,0.48934659208886655,false
installer/core/src/main/java/org/apache/sling/installer/core/impl/InternalService.java,8.0,3.0,3.0,3.0,0.0,3.0,0.0,cziegeler@13f79535-47bb-0310-9956-ffa450edef68,0,0.0,0.0,0.0,0.0,0.0,0.0,0.0,0,0,0.0,false
installer/core/src/main/java/org/apache/sling/installer/core/impl/OsgiInstallerImpl.java,777.0,36.0,101.0,31.0,199.0,112.0,1.0,cziegeler@13f79535-47bb-0310-9956-ffa450edef68,1,0.005154639175257732,11.0,0.0,0.0,3.0,1862.2272727272725,15442.826107372477,1,2,0.48934659208886655,false
installer/core/src/main/java/org/apache/sling/installer/core/impl/PersistentResourceList.java,243.0,21.0,0.0,12.0,73.0,49.0,3.0,cziegeler@13f79535-47bb-0310-9956-ffa450edef68,1,0.005154639175257732,4.0,0.0,0.0,0.0,1862.2272727272725,15442.826107372477,1,1,0.48934659208886655,false
installer/core/src/main/java/org/apache/sling/installer/core/impl/RegisteredResourceImpl.java,474.0,19.0,300.0,32.0,99.0,95.0,2.0,cziegeler@13f79535-47bb-0310-9956-ffa450edef68,1,0.005154639175257732,7.0,0.0,0.0,0.0,1862.2272727272725,15442.826107372477,1,0,0.48934659208886655,false
installer/core/src/main/java/org/apache/sling/installer/core/impl/SortingServiceTracker.java,86.0,8.0,0.0,6.0,14.0,17.0,0.0,cziegeler@13f79535-47bb-0310-9956-ffa450edef68,0,0.0,0.0,0.0,0.0,0.0,0.0,0.0,0,0,0.0,false
installer/core/src/main/java/org/apache/sling/installer/core/impl/Util.java,95.0,8.0,3.0,3.0,17.0,16.0,37.0,cziegeler@13f79535-47bb-0310-9956-ffa450edef68,0,0.0,0.0,0.0,0.0,0.0,0.0,0.0,0,0,0.0,false
installer/core/src/main/java/org/apache/sling/installer/core/impl/console/OsgiInstallerWebConsolePlugin.java,251.0,21.0,33.0,10.0,64.0,38.0,4.0,cziegeler@13f79535-47bb-0310-9956-ffa450edef68,1,0.005154639175257732,6.0,0.0,0.0,0.0,1862.2272727272725,15442.826107372477,1,0,0.48934659208886655,false
installer/core/src/main/java/org/apache/sling/installer/core/impl/tasks/AbstractBundleTask.java,62.0,7.0,16.0,9.0,21.0,22.0,3.0,cziegeler@13f79535-47bb-0310-9956-ffa450edef68,1,0.005154639175257732,25.0,0.0,0.0,0.0,1862.2272727272725,15442.826107372477,1,0,0.48934659208886655,false
installer/core/src/main/java/org/apache/sling/installer/core/impl/tasks/BundleInfo.java,77.0,6.0,3.0,6.0,19.0,16.0,0.0,cziegeler@13f79535-47bb-0310-9956-ffa450edef68,0,0.0,0.0,0.0,0.0,0.0,0.0,0.0,0,0,0.0,false
installer/core/src/main/java/org/apache/sling/installer/core/impl/tasks/BundleInstallTask.java,60.0,5.0,3.0,3.0,24.0,8.0,3.0,cziegeler@13f79535-47bb-0310-9956-ffa450edef68,1,0.005154639175257732,8.0,0.0,0.0,0.0,1862.2272727272725,15442.826107372477,1,2,0.48934659208886655,false
installer/core/src/main/java/org/apache/sling/installer/core/impl/tasks/BundleRemoveTask.java,37.0,6.0,3.0,3.0,16.0,7.0,0.0,cziegeler@13f79535-47bb-0310-9956-ffa450edef68,0,0.0,0.0,0.0,0.0,0.0,0.0,0.0,0,1,0.0,false
installer/core/src/main/java/org/apache/sling/installer/core/impl/tasks/BundleStartTask.java,63.0,6.0,0.0,4.0,19.0,13.0,0.0,cziegeler@13f79535-47bb-0310-9956-ffa450edef68,0,0.0,0.0,0.0,0.0,0.0,0.0,0.0,0,1,0.0,false
installer/core/src/main/java/org/apache/sling/installer/core/impl/tasks/BundleTaskCreator.java,213.0,23.0,15.0,10.0,32.0,23.0,0.0,cziegeler@13f79535-47bb-0310-9956-ffa450edef68,0,0.0,0.0,0.0,0.0,0.0,0.0,0.0,0,1,0.0,false
installer/core/src/main/java/org/apache/sling/installer/core/impl/tasks/BundleUpdateTask.java,82.0,7.0,10.0,5.0,34.0,15.0,2.0,cziegeler@13f79535-47bb-0310-9956-ffa450edef68,1,0.005154639175257732,10.0,0.0,0.0,0.0,1862.2272727272725,15442.826107372477,1,1,0.48934659208886655,false
installer/core/src/main/java/org/apache/sling/installer/core/impl/tasks/InstallerBundleUpdateTask.java,45.0,6.0,2.0,5.0,32.0,12.0,0.0,cziegeler@13f79535-47bb-0310-9956-ffa450edef68,0,0.0,0.0,0.0,0.0,0.0,0.0,0.0,0,0,0.0,false
installer/core/src/main/java/org/apache/sling/installer/core/impl/tasks/RefreshOptionalPackagesTask.java,87.0,9.0,4.0,5.0,26.0,12.0,0.0,cziegeler@13f79535-47bb-0310-9956-ffa450edef68,0,0.0,0.0,0.0,0.0,0.0,0.0,0.0,0,0,0.0,false
installer/core/src/main/java/org/apache/sling/installer/core/impl/tasks/SynchronousRefreshPackagesTask.java,74.0,5.0,8.0,5.0,21.0,15.0,0.0,cziegeler@13f79535-47bb-0310-9956-ffa450edef68,0,0.0,0.0,0.0,0.0,0.0,0.0,0.0,0,0,0.0,false
installer/core/src/main/java/org/apache/sling/installer/core/impl/tasks/SystemBundleUpdateTask.java,81.0,9.0,7.0,7.0,25.0,17.0,0.0,cziegeler@13f79535-47bb-0310-9956-ffa450edef68,0,0.0,0.0,0.0,0.0,0.0,0.0,0.0,0,1,0.0,false
installer/core/src/test/java/org/apache/sling/installer/core/impl/MockBundleContext.java,146.0,18.0,1128.0,48.0,5.0,103.0,4.0,cziegeler@13f79535-47bb-0310-9956-ffa450edef68,1,0.005154639175257732,20.0,0.0,0.0,0.0,1862.2272727272725,15442.826107372477,1,0,0.48934659208886655,false
installer/core/src/test/java/org/apache/sling/installer/core/impl/MockBundleResource.java,140.0,10.0,152.0,21.0,16.0,40.0,0.0,cziegeler@13f79535-47bb-0310-9956-ffa450edef68,0,0.0,0.0,0.0,0.0,0.0,0.0,0.0,0,0,0.0,false
installer/core/src/test/java/org/apache/sling/installer/core/impl/RegisteredResourceComparatorTest.java,122.0,14.0,120.0,16.0,36.0,31.0,4.0,cziegeler@13f79535-47bb-0310-9956-ffa450edef68,1,0.005154639175257732,9.0,0.0,0.0,0.0,1862.2272727272725,15442.826107372477,1,0,0.48934659208886655,false
installer/core/src/test/java/org/apache/sling/installer/core/impl/tasks/BundleTaskCreatorTest.java,129.0,14.0,0.0,10.0,65.0,23.0,0.0,cziegeler@13f79535-47bb-0310-9956-ffa450edef68,0,0.0,0.0,0.0,0.0,0.0,0.0,0.0,0,0,0.0,false
installer/core/src/test/java/org/apache/sling/installer/core/impl/tasks/MockBundleTaskCreator.java,19.0,5.0,1.0,3.0,4.0,6.0,0.0,cziegeler@13f79535-47bb-0310-9956-ffa450edef68,0,0.0,0.0,0.0,0.0,0.0,0.0,0.0,0,0,0.0,false
installer/factories/configuration/src/main/java/org/apache/sling/installer/factories/configuration/impl/AbstractConfigTask.java,58.0,10.0,7.0,7.0,8.0,19.0,0.0,cziegeler@13f79535-47bb-0310-9956-ffa450edef68,0,0.0,0.0,0.0,0.0,0.0,0.0,0.0,0,0,0.0,false
installer/factories/configuration/src/main/java/org/apache/sling/installer/factories/configuration/impl/ConfigTaskCreator.java,152.0,20.0,22.0,8.0,35.0,26.0,3.0,cziegeler@13f79535-47bb-0310-9956-ffa450edef68,1,0.005154639175257732,6.0,6.0,0.0,0.0,1862.2272727272725,15442.826107372477,1,0,0.48934659208886655,false
installer/factories/configuration/src/main/java/org/apache/sling/installer/factories/configuration/impl/ConfigUtil.java,120.0,11.0,4.0,4.0,22.0,20.0,0.0,cziegeler@13f79535-47bb-0310-9956-ffa450edef68,0,0.0,0.0,0.0,0.0,0.0,0.0,0.0,0,0,0.0,false
installer/factories/deploymentpck/src/main/java/org/apache/sling/installer/factories/deploypck/impl/DeploymentPackageInstaller.java,80.0,15.0,2.0,4.0,16.0,16.0,0.0,cziegeler@13f79535-47bb-0310-9956-ffa450edef68,0,0.0,0.0,0.0,0.0,0.0,0.0,0.0,0,1,0.0,false
installer/providers/jcr/src/main/java/org/apache/sling/installer/provider/jcr/impl/JcrInstaller.java,526.0,36.0,17.0,15.0,128.0,59.0,1.0,cziegeler@13f79535-47bb-0310-9956-ffa450edef68,1,0.005154639175257732,9.0,0.0,0.0,0.0,1862.2272727272725,15442.826107372477,1,1,0.48934659208886655,true
launchpad/api/src/main/java/org/apache/sling/launchpad/api/StartupHandler.java,9.0,0.0,3.0,3.0,0.0,3.0,13.0,cziegeler@13f79535-47bb-0310-9956-ffa450edef68,1,0.005154639175257732,100.0,100.0,0.0,0.0,1862.2272727272725,15442.826107372477,1,0,0.48934659208886655,false
launchpad/api/src/main/java/org/apache/sling/launchpad/api/StartupListener.java,17.0,0.0,3.0,3.0,0.0,6.0,17.0,cziegeler@13f79535-47bb-0310-9956-ffa450edef68,1,0.005154639175257732,50.0,50.0,0.0,0.0,1862.2272727272725,15442.826107372477,1,0,0.48934659208886655,false
launchpad/api/src/main/java/org/apache/sling/launchpad/api/StartupMode.java,0.0,0.0,0.0,0.0,0.0,0.0,17.0,cziegeler@13f79535-47bb-0310-9956-ffa450edef68,1,0.005154639175257732,100.0,100.0,0.0,0.0,1862.2272727272725,15442.826107372477,1,0,0.48934659208886655,false
launchpad/base/src/main/java/org/apache/sling/launchpad/app/ControlListener.java,231.0,16.0,46.0,12.0,55.0,38.0,2.0,fmeschbe@13f79535-47bb-0310-9956-ffa450edef68,1,0.005154639175257732,9.0,0.0,0.0,0.0,1862.2272727272725,15442.826107372477,1,0,0.48934659208886655,false
launchpad/base/src/main/java/org/apache/sling/launchpad/app/Main.java,517.0,15.0,195.0,23.0,89.0,70.0,1.0,fmeschbe@13f79535-47bb-0310-9956-ffa450edef68,1,0.005154639175257732,9.0,5.0,0.0,0.0,1862.2272727272725,15442.826107372477,1,5,0.48934659208886655,false
launchpad/base/src/main/java/org/apache/sling/launchpad/base/app/MainDelegate.java,233.0,16.0,62.0,13.0,46.0,35.0,0.0,fmeschbe@13f79535-47bb-0310-9956-ffa450edef68,0,0.0,0.0,0.0,0.0,0.0,0.0,0.0,0,1,0.0,false
launchpad/base/src/main/java/org/apache/sling/launchpad/base/impl/BootstrapInstaller.java,463.0,27.0,87.0,18.0,105.0,77.0,11.0,cziegeler@13f79535-47bb-0310-9956-ffa450edef68,1,0.005154639175257732,9.0,5.0,0.0,0.0,1862.2272727272725,15442.826107372477,1,1,0.48934659208886655,true
launchpad/base/src/main/java/org/apache/sling/launchpad/base/impl/DefaultStartupHandler.java,254.0,20.0,17.0,15.0,65.0,43.0,5.0,cziegeler@13f79535-47bb-0310-9956-ffa450edef68,1,0.005154639175257732,40.0,30.0,10.0,0.0,1862.2272727272725,15442.826107372477,1,0,0.48934659208886655,false
launchpad/base/src/main/java/org/apache/sling/launchpad/base/impl/DirectoryUtil.java,64.0,4.0,15.0,6.0,8.0,16.0,11.0,cziegeler@13f79535-47bb-0310-9956-ffa450edef68,1,0.005154639175257732,100.0,50.0,0.0,0.0,1862.2272727272725,15442.826107372477,1,0,0.48934659208886655,false
launchpad/base/src/main/java/org/apache/sling/launchpad/base/impl/Sling.java,619.0,37.0,38.0,20.0,161.0,92.0,4.0,cziegeler@13f79535-47bb-0310-9956-ffa450edef68,1,0.005154639175257732,24.0,10.0,0.0,0.0,1862.2272727272725,15442.826107372477,1,0,0.48934659208886655,false
launchpad/base/src/main/java/org/apache/sling/launchpad/base/impl/SlingFelix.java,75.0,8.0,15.0,6.0,7.0,17.0,3.0,fmeschbe@13f79535-47bb-0310-9956-ffa450edef68,1,0.005154639175257732,40.0,0.0,0.0,0.0,1862.2272727272725,15442.826107372477,1,0,0.48934659208886655,false
launchpad/base/src/main/java/org/apache/sling/launchpad/base/impl/StartupManager.java,153.0,12.0,0.0,7.0,32.0,23.0,5.0,cziegeler@13f79535-47bb-0310-9956-ffa450edef68,1,0.005154639175257732,56.0,56.0,0.0,0.0,1862.2272727272725,15442.826107372477,1,0,0.48934659208886655,false
launchpad/base/src/main/java/org/apache/sling/launchpad/base/shared/Loader.java,267.0,19.0,58.0,13.0,66.0,55.0,1.0,fmeschbe@13f79535-47bb-0310-9956-ffa450edef68,0,0.0,0.0,0.0,0.0,0.0,0.0,0.0,0,1,0.0,false
launchpad/base/src/main/java/org/apache/sling/launchpad/base/shared/SharedConstants.java,58.0,0.0,0.0,0.0,0.0,0.0,10.0,cziegeler@13f79535-47bb-0310-9956-ffa450edef68,1,0.005154639175257732,20.0,20.0,0.0,0.0,1862.2272727272725,15442.826107372477,1,0,0.48934659208886655,false
launchpad/base/src/main/java/org/apache/sling/launchpad/base/webapp/SlingServletDelegate.java,299.0,28.0,56.0,13.0,35.0,40.0,0.0,cziegeler@13f79535-47bb-0310-9956-ffa450edef68,0,0.0,0.0,0.0,0.0,0.0,0.0,0.0,0,2,0.0,false
launchpad/base/src/main/java/org/apache/sling/launchpad/webapp/SlingServlet.java,378.0,18.0,53.0,18.0,83.0,66.0,1.0,fmeschbe@13f79535-47bb-0310-9956-ffa450edef68,1,0.005154639175257732,9.0,0.0,0.0,0.0,1862.2272727272725,15442.826107372477,1,2,0.48934659208886655,false
launchpad/base/src/test/java/org/apache/sling/launchpad/app/MainTest.java,301.0,4.0,231.0,22.0,124.0,23.0,3.0,fmeschbe@13f79535-47bb-0310-9956-ffa450edef68,1,0.005154639175257732,12.0,0.0,0.0,0.0,1862.2272727272725,15442.826107372477,1,0,0.48934659208886655,false
launchpad/installer/src/main/java/org/apache/sling/launchpad/installer/impl/LaunchpadListener.java,21.0,3.0,0.0,2.0,2.0,4.0,17.0,cziegeler@13f79535-47bb-0310-9956-ffa450edef68,1,0.005154639175257732,50.0,50.0,0.0,0.0,1862.2272727272725,15442.826107372477,1,0,0.48934659208886655,false
launchpad/installer/src/main/java/org/apache/sling/launchpad/installer/impl/ServicesListener.java,122.0,13.0,0.0,3.0,9.0,6.0,6.0,cziegeler@13f79535-47bb-0310-9956-ffa450edef68,1,0.005154639175257732,50.0,33.0,0.0,0.0,1862.2272727272725,15442.826107372477,1,0,0.48934659208886655,false
launchpad/integration-tests/src/main/java/org/apache/sling/launchpad/webapp/integrationtest/JspForwardTest.java,91.0,7.0,0.0,8.0,31.0,23.0,0.0,bdelacretaz@13f79535-47bb-0310-9956-ffa450edef68,0,0.0,0.0,0.0,0.0,0.0,0.0,0.0,0,1,0.0,false
launchpad/integration-tests/src/main/java/org/apache/sling/launchpad/webapp/integrationtest/VanityPathTest.java,98.0,6.0,1.0,7.0,48.0,14.0,0.0,fmeschbe@13f79535-47bb-0310-9956-ffa450edef68,0,0.0,0.0,0.0,0.0,0.0,0.0,0.0,0,1,0.0,false
launchpad/integration-tests/src/main/java/org/apache/sling/launchpad/webapp/integrationtest/auth/AuthenticationResponseCodeTest.java,139.0,14.0,78.0,13.0,69.0,31.0,0.0,fmeschbe@13f79535-47bb-0310-9956-ffa450edef68,0,0.0,0.0,0.0,0.0,0.0,0.0,0.0,0,2,0.0,true
launchpad/integration-tests/src/main/java/org/apache/sling/launchpad/webapp/integrationtest/login/AuthWorkspaceTest.java,49.0,7.0,10.0,5.0,15.0,12.0,0.0,fmeschbe@13f79535-47bb-0310-9956-ffa450edef68,0,0.0,0.0,0.0,0.0,0.0,0.0,0.0,0,0,0.0,false
launchpad/integration-tests/src/main/java/org/apache/sling/launchpad/webapp/integrationtest/login/RedirectOnLoginErrorTest.java,94.0,9.0,10.0,5.0,33.0,21.0,2.0,rombert@13f79535-47bb-0310-9956-ffa450edef68,1,0.005154639175257732,25.0,0.0,25.0,0.0,120.0,78.82627127540785,1,1,4.178226046202803,false
launchpad/integration-tests/src/main/java/org/apache/sling/launchpad/webapp/integrationtest/servlets/post/PostServletCreateTest.java,176.0,11.0,0.0,17.0,76.0,42.0,1.0,null,1,0.005154639175257732,20.0,20.0,0.0,0.0,445.09090909090907,1344.8795711616276,1,0,2.5199979695992702,true
launchpad/integration-tests/src/main/java/org/apache/sling/launchpad/webapp/integrationtest/servlets/post/PostServletImportTest.java,522.0,22.0,0.0,25.0,258.0,66.0,0.0,enorman@13f79535-47bb-0310-9956-ffa450edef68,0,0.0,0.0,0.0,0.0,0.0,0.0,0.0,0,4,0.0,true
launchpad/integration-tests/src/main/java/org/apache/sling/launchpad/webapp/integrationtest/servlets/resolution/PathsServletWithNodeTest.java,18.0,2.0,1.0,3.0,6.0,6.0,0.0,justin@13f79535-47bb-0310-9956-ffa450edef68,0,0.0,0.0,0.0,0.0,0.0,0.0,0.0,0,0,0.0,false
launchpad/test-services/src/main/java/org/apache/sling/launchpad/testservices/jcr/WorkspaceCreator.java,51.0,9.0,4.0,4.0,10.0,10.0,0.0,fmeschbe@13f79535-47bb-0310-9956-ffa450edef68,0,0.0,0.0,0.0,0.0,0.0,0.0,0.0,0,0,0.0,false
launchpad/test-services/src/main/java/org/apache/sling/launchpad/testservices/servlets/PathsServletNodeServlet.java,33.0,14.0,0.0,1.0,14.0,5.0,0.0,justin@13f79535-47bb-0310-9956-ffa450edef68,0,0.0,0.0,0.0,0.0,0.0,0.0,0.0,0,0,0.0,false
maven/adapter-annotations/src/main/java/org/apache/sling/adapter/annotations/Adaptable.java,0.0,0.0,0.0,0.0,0.0,0.0,3.0,rombert@13f79535-47bb-0310-9956-ffa450edef68,1,0.005154639175257732,33.0,33.0,0.0,0.0,879.4418604651163,3710.915650921486,1,0,1.9269342475963076,false
maven/adapter-annotations/src/main/java/org/apache/sling/adapter/annotations/Adaptables.java,0.0,0.0,0.0,0.0,0.0,0.0,3.0,rombert@13f79535-47bb-0310-9956-ffa450edef68,1,0.005154639175257732,50.0,50.0,0.0,0.0,879.4418604651163,3710.915650921486,1,0,1.9269342475963076,false
maven/adapter-annotations/src/main/java/org/apache/sling/adapter/annotations/Adapter.java,0.0,0.0,0.0,0.0,0.0,0.0,0.0,rombert@13f79535-47bb-0310-9956-ffa450edef68,0,0.0,0.0,0.0,0.0,0.0,0.0,0.0,0,0,0.0,false
maven/archetypes/servlet/src/main/resources/archetype-resources/src/test/java/ByPathServletTest.java,11.0,1.0,0.0,1.0,1.0,1.0,0.0,rombert@13f79535-47bb-0310-9956-ffa450edef68,0,0.0,0.0,0.0,0.0,0.0,0.0,0.0,0,0,0.0,false
maven/archetypes/servlet/src/test/resources/projects/normal/reference/src/main/java/org/apache/sling/archetype/servlet/testing/ByPathServlet.java,20.0,11.0,0.0,1.0,3.0,2.0,0.0,rombert@13f79535-47bb-0310-9956-ffa450edef68,0,0.0,0.0,0.0,0.0,0.0,0.0,0.0,0,0,0.0,false
maven/archetypes/servlet/src/test/resources/projects/normal/reference/src/main/java/org/apache/sling/archetype/servlet/testing/ByResourceTypeServlet.java,23.0,12.0,0.0,1.0,5.0,2.0,0.0,rombert@13f79535-47bb-0310-9956-ffa450edef68,0,0.0,0.0,0.0,0.0,0.0,0.0,0.0,0,0,0.0,false
maven/archetypes/servlet/src/test/resources/projects/normal/reference/src/main/java/org/apache/sling/archetype/servlet/testing/SimpleFilter.java,16.0,14.0,3.0,3.0,2.0,5.0,0.0,rombert@13f79535-47bb-0310-9956-ffa450edef68,0,0.0,0.0,0.0,0.0,0.0,0.0,0.0,0,0,0.0,false
maven/archetypes/servlet/src/test/resources/projects/normal/reference/src/test/java/org/apache/sling/archetype/servlet/testing/ByPathServletTest.java,11.0,1.0,0.0,1.0,1.0,1.0,0.0,rombert@13f79535-47bb-0310-9956-ffa450edef68,0,0.0,0.0,0.0,0.0,0.0,0.0,0.0,0,0,0.0,false
maven/maven-jspc-plugin/src/main/java/org/apache/sling/maven/jspc/JspCServletConfig.java,22.0,6.0,0.0,5.0,3.0,9.0,3.0,rombert@13f79535-47bb-0310-9956-ffa450edef68,1,0.005154639175257732,50.0,0.0,0.0,0.0,1862.2272727272725,15442.826107372477,1,0,0.48934659208886655,false
maven/maven-jspc-plugin/src/main/java/org/apache/sling/maven/jspc/JspcMojo.java,395.0,34.0,638.0,37.0,80.0,98.0,2.0,cziegeler@13f79535-47bb-0310-9956-ffa450edef68,1,0.005154639175257732,40.0,0.0,0.0,0.0,1862.2272727272725,15442.826107372477,1,0,0.48934659208886655,false
maven/maven-launchpad-plugin/src/main/java/org/apache/sling/maven/projectsupport/AbstractBundleListMojo.java,141.0,19.0,3.0,3.0,16.0,13.0,5.0,cziegeler@13f79535-47bb-0310-9956-ffa450edef68,1,0.005154639175257732,5.0,0.0,0.0,0.0,1862.2272727272725,15442.826107372477,1,4,0.48934659208886655,false
maven/maven-launchpad-plugin/src/main/java/org/apache/sling/maven/projectsupport/AbstractLaunchpadStartingMojo.java,254.0,29.0,50.0,12.0,69.0,40.0,0.0,cziegeler@13f79535-47bb-0310-9956-ffa450edef68,0,0.0,0.0,0.0,0.0,0.0,0.0,0.0,0,1,0.0,false
maven/maven-launchpad-plugin/src/main/java/org/apache/sling/maven/projectsupport/AbstractUsingBundleListMojo.java,391.0,29.0,155.0,19.0,113.0,69.0,3.0,cziegeler@13f79535-47bb-0310-9956-ffa450edef68,1,0.005154639175257732,9.0,0.0,0.0,5.0,1862.2272727272725,15442.826107372477,1,0,0.48934659208886655,false
maven/maven-launchpad-plugin/src/main/java/org/apache/sling/maven/projectsupport/ArtifactDefinition.java,153.0,5.0,28.0,21.0,24.0,48.0,2.0,justin@13f79535-47bb-0310-9956-ffa450edef68,1,0.005154639175257732,12.0,0.0,0.0,0.0,879.4418604651163,3710.915650921486,1,0,1.9269342475963076,false
maven/maven-launchpad-plugin/src/main/java/org/apache/sling/maven/projectsupport/AttachBundleListMojo.java,122.0,10.0,3.0,3.0,27.0,13.0,0.0,justin@13f79535-47bb-0310-9956-ffa450edef68,0,0.0,0.0,0.0,0.0,0.0,0.0,0.0,0,0,0.0,false
maven/maven-launchpad-plugin/src/main/java/org/apache/sling/maven/projectsupport/AttachPartialBundleListMojo.java,134.0,13.0,3.0,3.0,29.0,14.0,3.0,cziegeler@13f79535-47bb-0310-9956-ffa450edef68,2,0.010309278350515464,12.0,0.0,0.0,0.0,2741.669133192389,19153.741758293963,2,0,0.5149932392826418,false
maven/maven-launchpad-plugin/src/main/java/org/apache/sling/maven/projectsupport/LaunchpadPluginLifecycleParticipant.java,159.0,23.0,0.0,1.0,9.0,5.0,0.0,rombert@13f79535-47bb-0310-9956-ffa450edef68,0,0.0,0.0,0.0,0.0,0.0,0.0,0.0,0,0,0.0,false
maven/maven-sling-plugin/src/main/java/org/apache/sling/maven/bundlesupport/GenerateAdapterMetadataMojo.java,191.0,27.0,17.0,7.0,59.0,34.0,3.0,rombert@13f79535-47bb-0310-9956-ffa450edef68,1,0.005154639175257732,33.0,33.0,0.0,0.0,879.4418604651163,3710.915650921486,1,0,1.9269342475963076,false
testing/tools/src/main/java/org/apache/sling/testing/tools/jarexec/JarExecutor.java,129.0,13.0,0.0,7.0,33.0,22.0,4.0,bdelacretaz@13f79535-47bb-0310-9956-ffa450edef68,1,0.005154639175257732,23.0,0.0,0.0,0.0,445.09090909090907,1344.8795711616276,1,3,2.5199979695992702,true
testing/tools/src/main/java/org/apache/sling/testing/tools/jarexec/ShutdownHookSingleProcessDestroyer.java,74.0,5.0,17.0,7.0,15.0,16.0,2.0,bdelacretaz@13f79535-47bb-0310-9956-ffa450edef68,1,0.005154639175257732,50.0,0.0,0.0,0.0,445.09090909090907,1344.8795711616276,1,0,2.5199979695992702,true
testing/tools/src/main/java/org/apache/sling/testing/tools/serversetup/ServerSetup.java,165.0,12.0,14.0,9.0,34.0,26.0,3.0,bdelacretaz@13f79535-47bb-0310-9956-ffa450edef68,1,0.005154639175257732,100.0,12.0,0.0,0.0,445.09090909090907,1344.8795711616276,1,0,2.5199979695992702,false
testing/tools/src/main/java/org/apache/sling/testing/tools/serversetup/ServerSetupSingleton.java,35.0,1.0,0.0,2.0,7.0,7.0,9.0,bdelacretaz@13f79535-47bb-0310-9956-ffa450edef68,1,0.005154639175257732,100.0,0.0,0.0,0.0,445.09090909090907,1344.8795711616276,1,0,2.5199979695992702,false
testing/tools/src/main/java/org/apache/sling/testing/tools/serversetup/SetupPhase.java,17.0,0.0,3.0,3.0,0.0,4.0,6.0,bdelacretaz@13f79535-47bb-0310-9956-ffa450edef68,1,0.005154639175257732,100.0,0.0,0.0,0.0,445.09090909090907,1344.8795711616276,1,0,2.5199979695992702,false
testing/tools/src/main/java/org/apache/sling/testing/tools/serversetup/StartRunnableJarPhase.java,63.0,5.0,15.0,10.0,10.0,22.0,3.0,bdelacretaz@13f79535-47bb-0310-9956-ffa450edef68,1,0.005154639175257732,86.0,0.0,0.0,0.0,445.09090909090907,1344.8795711616276,1,0,2.5199979695992702,false
testing/tools/src/test/java/org/apache/sling/testing/tools/test/ServerSetupSingletonTest.java,99.0,9.0,0.0,13.0,49.0,27.0,5.0,bdelacretaz@13f79535-47bb-0310-9956-ffa450edef68,1,0.005154639175257732,100.0,33.0,0.0,0.0,445.09090909090907,1344.8795711616276,1,0,2.5199979695992702,false
testing/tools/src/test/java/org/apache/sling/testing/tools/test/TestServerSetup.java,9.0,1.0,0.0,1.0,1.0,2.0,6.0,bdelacretaz@13f79535-47bb-0310-9956-ffa450edef68,1,0.005154639175257732,100.0,50.0,0.0,0.0,445.09090909090907,1344.8795711616276,1,0,2.5199979695992702,false
testing/tools/src/test/java/org/apache/sling/testing/tools/test/TestSetupPhase.java,31.0,2.0,0.0,6.0,6.0,11.0,5.0,bdelacretaz@13f79535-47bb-0310-9956-ffa450edef68,1,0.005154639175257732,100.0,33.0,0.0,0.0,445.09090909090907,1344.8795711616276,1,0,2.5199979695992702,false
