name,LOC,CBO,LCOM,NOM,RFC,WMC,ACS,Ownership,numOfChanges,numberOfFIChanges,ENH,NF,BugFixing,REF,structuralWorkloadSum,semanticWorkloadSum,numberOfDeveloper,pastFaults,MAF,isBuggy
bundles/api/src/main/java/org/apache/sling/api/adapter/package-info.java,0.0,0.0,0.0,0.0,0.0,0.0,8.0,kwin@13f79535-47bb-0310-9956-ffa450edef68,1,0.0051813471502590676,50.0,50.0,0.0,0.0,735.7297297297298,2519.5023264945103,1,0,1.7805861686299298,false
bundles/api/src/main/java/org/apache/sling/api/auth/package-info.java,0.0,0.0,0.0,0.0,0.0,0.0,8.0,kwin@13f79535-47bb-0310-9956-ffa450edef68,1,0.0051813471502590676,50.0,50.0,0.0,0.0,735.7297297297298,2519.5023264945103,1,0,1.7805861686299298,false
bundles/api/src/main/java/org/apache/sling/api/package-info.java,0.0,0.0,0.0,0.0,0.0,0.0,8.0,kwin@13f79535-47bb-0310-9956-ffa450edef68,1,0.0051813471502590676,33.0,33.0,0.0,0.0,735.7297297297298,2519.5023264945103,1,0,1.7805861686299298,false
bundles/api/src/main/java/org/apache/sling/api/request/package-info.java,0.0,0.0,0.0,0.0,0.0,0.0,8.0,kwin@13f79535-47bb-0310-9956-ffa450edef68,1,0.0051813471502590676,25.0,25.0,0.0,0.0,735.7297297297298,2519.5023264945103,1,0,1.7805861686299298,false
bundles/api/src/main/java/org/apache/sling/api/resource/ResourceDecorator.java,20.0,1.0,1.0,2.0,0.0,4.0,0.0,kwin@13f79535-47bb-0310-9956-ffa450edef68,0,0.0,0.0,0.0,0.0,0.0,0.0,0.0,0,0,0.0,false
bundles/api/src/main/java/org/apache/sling/api/resource/ResourceResolverFactory.java,32.0,1.0,1.0,2.0,0.0,10.0,1.0,cziegeler@13f79535-47bb-0310-9956-ffa450edef68,1,0.0051813471502590676,6.0,6.0,0.0,0.0,735.7297297297298,2519.5023264945103,1,2,1.7805861686299298,false
bundles/api/src/main/java/org/apache/sling/api/resource/package-info.java,0.0,0.0,0.0,0.0,0.0,0.0,8.0,cziegeler@13f79535-47bb-0310-9956-ffa450edef68,1,0.0051813471502590676,9.0,9.0,0.0,0.0,735.7297297297298,2519.5023264945103,1,0,1.7805861686299298,true
bundles/api/src/main/java/org/apache/sling/api/scripting/package-info.java,0.0,0.0,0.0,0.0,0.0,0.0,8.0,kwin@13f79535-47bb-0310-9956-ffa450edef68,1,0.0051813471502590676,50.0,50.0,0.0,0.0,735.7297297297298,2519.5023264945103,1,0,1.7805861686299298,false
bundles/api/src/main/java/org/apache/sling/api/servlets/package-info.java,0.0,0.0,0.0,0.0,0.0,0.0,8.0,kwin@13f79535-47bb-0310-9956-ffa450edef68,1,0.0051813471502590676,50.0,50.0,0.0,0.0,735.7297297297298,2519.5023264945103,1,0,1.7805861686299298,false
bundles/api/src/main/java/org/apache/sling/api/wrappers/package-info.java,0.0,0.0,0.0,0.0,0.0,0.0,8.0,fmeschbe@13f79535-47bb-0310-9956-ffa450edef68,1,0.0051813471502590676,20.0,20.0,0.0,0.0,735.7297297297298,2519.5023264945103,1,0,1.7805861686299298,false
bundles/auth/core/src/main/java/org/apache/sling/auth/core/AuthConstants.java,32.0,0.0,0.0,1.0,0.0,1.0,0.0,fmeschbe@13f79535-47bb-0310-9956-ffa450edef68,0,0.0,0.0,0.0,0.0,0.0,0.0,0.0,0,1,0.0,false
bundles/auth/core/src/main/java/org/apache/sling/auth/core/AuthUtil.java,319.0,18.0,136.0,17.0,83.0,68.0,0.0,fmeschbe@13f79535-47bb-0310-9956-ffa450edef68,0,0.0,0.0,0.0,0.0,0.0,0.0,0.0,0,2,0.0,false
bundles/auth/core/src/main/java/org/apache/sling/auth/core/impl/SlingAuthenticator.java,968.0,53.0,403.0,35.0,207.0,142.0,0.0,fmeschbe@13f79535-47bb-0310-9956-ffa450edef68,0,0.0,0.0,0.0,0.0,0.0,0.0,0.0,0,7,0.0,false
bundles/auth/core/src/main/java/org/apache/sling/auth/core/spi/AbstractAuthenticationHandler.java,90.0,5.0,28.0,8.0,9.0,25.0,0.0,fmeschbe@13f79535-47bb-0310-9956-ffa450edef68,0,0.0,0.0,0.0,0.0,0.0,0.0,0.0,0,3,0.0,false
bundles/auth/core/src/main/java/org/apache/sling/auth/core/spi/AuthenticationInfo.java,163.0,3.0,58.0,13.0,12.0,36.0,3.0,fmeschbe@13f79535-47bb-0310-9956-ffa450edef68,1,0.0051813471502590676,25.0,0.0,0.0,0.0,216.39999999999998,223.5268366456543,1,1,2.0907410969337694,false
bundles/auth/core/src/main/java/org/apache/sling/auth/core/spi/package-info.java,0.0,0.0,0.0,0.0,0.0,0.0,8.0,fmeschbe@13f79535-47bb-0310-9956-ffa450edef68,1,0.0051813471502590676,25.0,0.0,0.0,0.0,216.39999999999998,223.5268366456543,1,0,2.0907410969337694,false
bundles/auth/core/src/test/java/org/apache/sling/auth/core/spi/AuthenticationInfoTest.java,182.0,11.0,184.0,20.0,93.0,25.0,3.0,fmeschbe@13f79535-47bb-0310-9956-ffa450edef68,1,0.0051813471502590676,33.0,0.0,0.0,0.0,216.39999999999998,223.5268366456543,1,0,2.0907410969337694,false
bundles/auth/form/src/main/java/org/apache/sling/auth/form/impl/FormAuthenticationHandler.java,594.0,43.0,115.0,19.0,85.0,69.0,0.0,fmeschbe@13f79535-47bb-0310-9956-ffa450edef68,0,0.0,0.0,0.0,0.0,0.0,0.0,0.0,0,2,0.0,false
bundles/auth/openid/src/main/java/org/apache/sling/auth/openid/impl/AuthenticationFormServlet.java,34.0,10.0,0.0,1.0,3.0,5.0,0.0,fmeschbe@13f79535-47bb-0310-9956-ffa450edef68,0,0.0,0.0,0.0,0.0,0.0,0.0,0.0,0,0,0.0,false
bundles/auth/openid/src/main/java/org/apache/sling/auth/openid/impl/OpenIDAuthenticationHandler.java,403.0,38.0,92.0,20.0,106.0,76.0,0.0,fmeschbe@13f79535-47bb-0310-9956-ffa450edef68,0,0.0,0.0,0.0,0.0,0.0,0.0,0.0,0,1,0.0,false
bundles/commons/classloader/src/main/java/org/apache/sling/commons/classloader/ClassLoaderWriter.java,43.0,3.0,15.0,6.0,0.0,21.0,0.0,cziegeler@13f79535-47bb-0310-9956-ffa450edef68,0,0.0,0.0,0.0,0.0,0.0,0.0,0.0,0,0,0.0,false
bundles/commons/classloader/src/main/java/org/apache/sling/commons/classloader/DynamicClassLoaderManager.java,9.0,0.0,0.0,1.0,0.0,1.0,0.0,cziegeler@13f79535-47bb-0310-9956-ffa450edef68,0,0.0,0.0,0.0,0.0,0.0,0.0,0.0,0,0,0.0,false
bundles/commons/classloader/src/main/java/org/apache/sling/commons/classloader/DynamicClassLoaderProvider.java,20.0,0.0,1.0,2.0,0.0,4.0,0.0,cziegeler@13f79535-47bb-0310-9956-ffa450edef68,0,0.0,0.0,0.0,0.0,0.0,0.0,0.0,0,0,0.0,false
bundles/commons/classloader/src/main/java/org/apache/sling/commons/classloader/impl/Activator.java,91.0,10.0,0.0,5.0,20.0,10.0,0.0,cziegeler@13f79535-47bb-0310-9956-ffa450edef68,0,0.0,0.0,0.0,0.0,0.0,0.0,0.0,0,3,0.0,true
bundles/commons/classloader/src/main/java/org/apache/sling/commons/classloader/impl/DynamicClassLoaderManagerImpl.java,73.0,9.0,18.0,8.0,9.0,17.0,0.0,cziegeler@13f79535-47bb-0310-9956-ffa450edef68,0,0.0,0.0,0.0,0.0,0.0,0.0,0.0,0,4,0.0,false
bundles/commons/classloader/src/main/java/org/apache/sling/commons/classloader/impl/PackageAdminClassLoader.java,179.0,12.0,28.0,9.0,36.0,30.0,1.0,cziegeler@13f79535-47bb-0310-9956-ffa450edef68,1,0.0051813471502590676,8.0,0.0,0.0,0.0,2389.3870967741937,29356.060606060604,1,4,0.5278232001345617,false
bundles/commons/classloader/src/test/java/org/apache/sling/commons/classloader/it/DynamicClassLoaderIT.java,109.0,22.0,4.0,5.0,34.0,16.0,0.0,justin@13f79535-47bb-0310-9956-ffa450edef68,0,0.0,0.0,0.0,0.0,0.0,0.0,0.0,0,2,0.0,false
bundles/commons/testing/src/main/java/org/apache/sling/commons/testing/integration/HttpTestBase.java,354.0,23.0,105.0,18.0,83.0,81.0,0.0,bdelacretaz@13f79535-47bb-0310-9956-ffa450edef68,0,0.0,0.0,0.0,0.0,0.0,0.0,0.0,0,1,0.0,true
bundles/engine/src/main/java/org/apache/sling/engine/impl/RequestProcessorMBeanImpl.java,124.0,4.0,24.0,16.0,7.0,40.0,0.0,justin@13f79535-47bb-0310-9956-ffa450edef68,0,0.0,0.0,0.0,0.0,0.0,0.0,0.0,0,1,0.0,false
bundles/engine/src/main/java/org/apache/sling/engine/impl/SlingHttpContext.java,84.0,13.0,52.0,12.0,23.0,26.0,1.0,fmeschbe@13f79535-47bb-0310-9956-ffa450edef68,1,0.0051813471502590676,33.0,0.0,0.0,0.0,735.7297297297298,2519.5023264945103,1,0,1.7805861686299298,false
bundles/engine/src/main/java/org/apache/sling/engine/impl/SlingHttpServletRequestImpl.java,236.0,32.0,427.0,30.0,51.0,72.0,0.0,fmeschbe@13f79535-47bb-0310-9956-ffa450edef68,0,0.0,0.0,0.0,0.0,0.0,0.0,0.0,0,1,0.0,false
bundles/engine/src/main/java/org/apache/sling/engine/impl/SlingHttpServletResponseImpl.java,59.0,5.0,60.0,12.0,25.0,26.0,0.0,fmeschbe@13f79535-47bb-0310-9956-ffa450edef68,0,0.0,0.0,0.0,0.0,0.0,0.0,0.0,0,1,0.0,false
bundles/engine/src/main/java/org/apache/sling/engine/impl/SlingMainServlet.java,280.0,48.0,79.0,19.0,94.0,45.0,0.0,null,0,0.0,0.0,0.0,0.0,0.0,0.0,0.0,0,6,0.0,false
bundles/engine/src/main/java/org/apache/sling/engine/impl/SlingRequestProcessorImpl.java,215.0,38.0,27.0,14.0,49.0,36.0,0.0,fmeschbe@13f79535-47bb-0310-9956-ffa450edef68,0,0.0,0.0,0.0,0.0,0.0,0.0,0.0,0,6,0.0,false
bundles/engine/src/main/java/org/apache/sling/engine/impl/log/CustomLogFormat.java,710.0,12.0,9.0,6.0,34.0,32.0,0.0,fmeschbe@13f79535-47bb-0310-9956-ffa450edef68,0,0.0,0.0,0.0,0.0,0.0,0.0,0.0,0,0,0.0,false
bundles/engine/src/main/java/org/apache/sling/engine/impl/log/FileRequestLog.java,44.0,8.0,0.0,4.0,10.0,9.0,0.0,fmeschbe@13f79535-47bb-0310-9956-ffa450edef68,0,0.0,0.0,0.0,0.0,0.0,0.0,0.0,0,0,0.0,false
bundles/engine/src/main/java/org/apache/sling/engine/impl/log/RequestLogServiceFacade.java,39.0,4.0,0.0,3.0,6.0,6.0,0.0,fmeschbe@13f79535-47bb-0310-9956-ffa450edef68,0,0.0,0.0,0.0,0.0,0.0,0.0,0.0,0,0,0.0,false
bundles/engine/src/main/java/org/apache/sling/engine/impl/log/RequestLogger.java,59.0,12.0,0.0,3.0,13.0,7.0,0.0,fmeschbe@13f79535-47bb-0310-9956-ffa450edef68,0,0.0,0.0,0.0,0.0,0.0,0.0,0.0,0,0,0.0,false
bundles/engine/src/main/java/org/apache/sling/engine/impl/log/RequestLoggerFilter.java,72.0,19.0,22.0,8.0,14.0,20.0,0.0,fmeschbe@13f79535-47bb-0310-9956-ffa450edef68,0,0.0,0.0,0.0,0.0,0.0,0.0,0.0,0,0,0.0,false
bundles/engine/src/main/java/org/apache/sling/engine/impl/log/RequestLoggerRequest.java,30.0,4.0,6.0,4.0,5.0,11.0,0.0,fmeschbe@13f79535-47bb-0310-9956-ffa450edef68,0,0.0,0.0,0.0,0.0,0.0,0.0,0.0,0,0,0.0,false
bundles/engine/src/main/java/org/apache/sling/engine/impl/log/RequestLoggerResponse.java,248.0,15.0,379.0,30.0,34.0,62.0,0.0,fmeschbe@13f79535-47bb-0310-9956-ffa450edef68,0,0.0,0.0,0.0,0.0,0.0,0.0,0.0,0,0,0.0,false
bundles/engine/src/main/java/org/apache/sling/engine/impl/log/RequestLoggerService.java,80.0,13.0,11.0,7.0,12.0,20.0,0.0,fmeschbe@13f79535-47bb-0310-9956-ffa450edef68,0,0.0,0.0,0.0,0.0,0.0,0.0,0.0,0,0,0.0,false
bundles/engine/src/main/java/org/apache/sling/engine/impl/request/RequestData.java,345.0,32.0,602.0,37.0,57.0,101.0,0.0,fmeschbe@13f79535-47bb-0310-9956-ffa450edef68,0,0.0,0.0,0.0,0.0,0.0,0.0,0.0,0,3,0.0,false
bundles/engine/src/main/java/org/apache/sling/engine/impl/request/RequestHistoryConsolePlugin.java,235.0,21.0,0.0,4.0,6.0,8.0,1.0,bdelacretaz@13f79535-47bb-0310-9956-ffa450edef68,1,0.0051813471502590676,8.0,0.0,0.0,0.0,380.8235294117647,401.69003702463954,1,0,2.2373445711256448,false
bundles/engine/src/main/java/org/apache/sling/engine/jmx/RequestProcessorMBean.java,74.0,0.0,91.0,14.0,0.0,15.0,0.0,justin@13f79535-47bb-0310-9956-ffa450edef68,0,0.0,0.0,0.0,0.0,0.0,0.0,0.0,0,0,0.0,false
bundles/engine/src/test/java/org/apache/sling/engine/impl/RequestProcessorMBeanImplTest.java,75.0,12.0,1.0,2.0,33.0,6.0,0.0,fmeschbe@13f79535-47bb-0310-9956-ffa450edef68,0,0.0,0.0,0.0,0.0,0.0,0.0,0.0,0,1,0.0,false
bundles/extensions/adapter/src/main/java/org/apache/sling/adapter/internal/AdapterFactoryDescriptorMap.java,6.0,2.0,0.0,0.0,0.0,0.0,6.0,fmeschbe@13f79535-47bb-0310-9956-ffa450edef68,1,0.0051813471502590676,33.0,0.0,0.0,0.0,2389.3870967741937,29356.060606060604,1,0,0.5278232001345617,false
bundles/extensions/adapter/src/main/java/org/apache/sling/adapter/internal/AdapterManagerImpl.java,230.0,28.0,32.0,13.0,46.0,36.0,6.0,cziegeler@13f79535-47bb-0310-9956-ffa450edef68,1,0.0051813471502590676,5.0,0.0,0.0,0.0,2389.3870967741937,29356.060606060604,1,3,0.5278232001345617,false
bundles/extensions/adapter/src/main/java/org/apache/sling/adapter/internal/AdapterWebConsolePlugin.java,230.0,42.0,70.0,16.0,77.0,49.0,3.0,cziegeler@13f79535-47bb-0310-9956-ffa450edef68,1,0.0051813471502590676,22.0,0.0,0.0,0.0,2389.3870967741937,29356.060606060604,1,1,0.5278232001345617,true
bundles/extensions/adapter/src/test/java/org/apache/sling/adapter/internal/AdapterManagerTest.java,204.0,20.0,0.0,14.0,98.0,28.0,6.0,cziegeler@13f79535-47bb-0310-9956-ffa450edef68,1,0.0051813471502590676,11.0,0.0,0.0,0.0,2389.3870967741937,29356.060606060604,1,0,0.5278232001345617,false
bundles/extensions/event/src/main/java/org/apache/sling/event/impl/jobs/DefaultJobManager.java,683.0,43.0,360.0,33.0,142.0,102.0,2.0,cziegeler@13f79535-47bb-0310-9956-ffa450edef68,1,0.0051813471502590676,6.0,0.0,0.0,0.0,2389.3870967741937,29356.060606060604,1,2,0.5278232001345617,true
bundles/extensions/event/src/main/java/org/apache/sling/event/impl/jobs/JobEvent.java,33.0,1.0,43.0,11.0,2.0,15.0,2.0,cziegeler@13f79535-47bb-0310-9956-ffa450edef68,1,0.0051813471502590676,17.0,0.0,0.0,0.0,2389.3870967741937,29356.060606060604,1,0,0.5278232001345617,false
bundles/extensions/threaddump/src/main/java/org/apache/sling/extensions/threaddump/internal/Activator.java,51.0,11.0,9.0,6.0,11.0,11.0,0.0,cziegeler@13f79535-47bb-0310-9956-ffa450edef68,0,0.0,0.0,0.0,0.0,0.0,0.0,0.0,0,1,0.0,false
bundles/jcr/classloader/src/main/java/org/apache/sling/jcr/classloader/internal/ClassLoaderWriterImpl.java,346.0,27.0,46.0,13.0,61.0,48.0,4.0,cziegeler@13f79535-47bb-0310-9956-ffa450edef68,1,0.0051813471502590676,17.0,0.0,0.0,0.0,2389.3870967741937,29356.060606060604,1,0,0.5278232001345617,false
bundles/jcr/classloader/src/main/java/org/apache/sling/jcr/classloader/internal/RepositoryClassLoader.java,275.0,18.0,0.0,15.0,45.0,65.0,1.0,cziegeler@13f79535-47bb-0310-9956-ffa450edef68,1,0.0051813471502590676,83.0,0.0,8.0,0.0,2389.3870967741937,29356.060606060604,1,0,0.5278232001345617,false
bundles/jcr/classloader/src/main/java/org/apache/sling/jcr/classloader/internal/Util.java,84.0,12.0,3.0,3.0,19.0,15.0,9.0,cziegeler@13f79535-47bb-0310-9956-ffa450edef68,0,0.0,0.0,0.0,0.0,0.0,0.0,0.0,0,0,0.0,false
bundles/jcr/classloader/src/main/java/org/apache/sling/jcr/classloader/internal/net/JCRURLConnection.java,350.0,18.0,7.0,15.0,65.0,65.0,6.0,cziegeler@13f79535-47bb-0310-9956-ffa450edef68,1,0.0051813471502590676,33.0,0.0,0.0,0.0,2389.3870967741937,29356.060606060604,1,0,0.5278232001345617,false
bundles/jcr/classloader/src/main/java/org/apache/sling/jcr/classloader/internal/net/JCRURLHandler.java,59.0,5.0,0.0,5.0,0.0,13.0,6.0,cziegeler@13f79535-47bb-0310-9956-ffa450edef68,1,0.0051813471502590676,50.0,0.0,0.0,0.0,2389.3870967741937,29356.060606060604,1,0,0.5278232001345617,false
bundles/jcr/contentloader/src/main/java/org/apache/sling/jcr/contentloader/internal/Loader.java,619.0,26.0,53.0,19.0,204.0,101.0,0.0,olli@13f79535-47bb-0310-9956-ffa450edef68,0,0.0,0.0,0.0,0.0,0.0,0.0,0.0,0,1,0.0,false
bundles/jcr/davex/src/main/java/org/apache/sling/jcr/davex/impl/servlets/SlingDavExServlet.java,111.0,29.0,0.0,7.0,31.0,27.0,0.0,fmeschbe@13f79535-47bb-0310-9956-ffa450edef68,0,0.0,0.0,0.0,0.0,0.0,0.0,0.0,0,2,0.0,false
bundles/jcr/registration/src/main/java/org/apache/sling/jcr/registration/AbstractRegistrationSupport.java,187.0,14.0,39.0,14.0,45.0,40.0,5.0,fmeschbe@13f79535-47bb-0310-9956-ffa450edef68,1,0.0051813471502590676,25.0,25.0,0.0,0.0,735.7297297297298,2519.5023264945103,1,0,1.7805861686299298,false
bundles/jcr/registration/src/main/java/org/apache/sling/jcr/registration/impl/JndiRegistrationSupport.java,81.0,14.0,3.0,6.0,30.0,22.0,4.0,fmeschbe@13f79535-47bb-0310-9956-ffa450edef68,1,0.0051813471502590676,67.0,33.0,0.0,0.0,735.7297297297298,2519.5023264945103,1,0,1.7805861686299298,false
bundles/jcr/registration/src/main/java/org/apache/sling/jcr/registration/impl/RmiRegistrationSupport.java,162.0,15.0,9.0,6.0,14.0,21.0,4.0,fmeschbe@13f79535-47bb-0310-9956-ffa450edef68,1,0.0051813471502590676,67.0,33.0,0.0,0.0,735.7297297297298,2519.5023264945103,1,0,1.7805861686299298,false
bundles/jcr/registration/src/main/java/org/apache/sling/jcr/registration/package-info.java,0.0,0.0,0.0,0.0,0.0,0.0,8.0,fmeschbe@13f79535-47bb-0310-9956-ffa450edef68,1,0.0051813471502590676,50.0,50.0,0.0,0.0,735.7297297297298,2519.5023264945103,1,0,1.7805861686299298,false
bundles/jcr/resource/src/main/java/org/apache/sling/jcr/resource/JcrModifiablePropertyMap.java,173.0,12.0,16.0,9.0,46.0,33.0,3.0,cziegeler@13f79535-47bb-0310-9956-ffa450edef68,1,0.0051813471502590676,10.0,0.0,0.0,0.0,2389.3870967741937,29356.060606060604,1,1,0.5278232001345617,false
bundles/jcr/resource/src/main/java/org/apache/sling/jcr/resource/JcrPropertyMap.java,455.0,27.0,271.0,27.0,92.0,89.0,9.0,cziegeler@13f79535-47bb-0310-9956-ffa450edef68,1,0.0051813471502590676,16.0,4.0,0.0,0.0,2389.3870967741937,29356.060606060604,1,0,0.5278232001345617,false
bundles/jcr/resource/src/main/java/org/apache/sling/jcr/resource/JcrResourceUtil.java,223.0,17.0,45.0,10.0,48.0,49.0,29.0,cziegeler@13f79535-47bb-0310-9956-ffa450edef68,1,0.0051813471502590676,6.0,6.0,0.0,0.0,2389.3870967741937,29356.060606060604,1,2,0.5278232001345617,false
bundles/jcr/resource/src/main/java/org/apache/sling/jcr/resource/internal/JcrResourceListener.java,297.0,27.0,14.0,9.0,65.0,34.0,29.0,cziegeler@13f79535-47bb-0310-9956-ffa450edef68,1,0.0051813471502590676,3.0,3.0,0.0,0.0,2389.3870967741937,29356.060606060604,1,5,0.5278232001345617,false
bundles/jcr/resource/src/main/java/org/apache/sling/jcr/resource/internal/JcrResourceResolver.java,919.0,48.0,589.0,42.0,266.0,169.0,29.0,null,1,0.0051813471502590676,2.0,2.0,0.0,0.0,2389.3870967741937,29356.060606060604,1,14,0.5278232001345617,false
bundles/jcr/resource/src/main/java/org/apache/sling/jcr/resource/internal/ResourceDecoratorTracker.java,94.0,9.0,0.0,6.0,15.0,16.0,30.0,cziegeler@13f79535-47bb-0310-9956-ffa450edef68,1,0.0051813471502590676,17.0,17.0,0.0,0.0,2389.3870967741937,29356.060606060604,1,1,0.5278232001345617,false
bundles/jcr/resource/src/main/java/org/apache/sling/jcr/resource/internal/ResourceIteratorDecorator.java,22.0,2.0,0.0,4.0,4.0,6.0,30.0,cziegeler@13f79535-47bb-0310-9956-ffa450edef68,1,0.0051813471502590676,25.0,25.0,0.0,0.0,2389.3870967741937,29356.060606060604,1,0,0.5278232001345617,false
bundles/jcr/resource/src/main/java/org/apache/sling/jcr/resource/internal/helper/MapEntries.java,529.0,40.0,90.0,21.0,132.0,69.0,19.0,fmeschbe@13f79535-47bb-0310-9956-ffa450edef68,2,0.010362694300518135,16.0,5.0,0.0,0.0,3125.116826503923,31875.562932555113,2,3,0.3088966880048716,false
bundles/jcr/resource/src/main/java/org/apache/sling/jcr/resource/internal/helper/MapEntry.java,203.0,11.0,67.0,15.0,54.0,53.0,23.0,fmeschbe@13f79535-47bb-0310-9956-ffa450edef68,2,0.010362694300518135,40.0,40.0,0.0,0.0,3125.116826503923,31875.562932555113,2,0,0.4610575038223005,false
bundles/jcr/resource/src/main/java/org/apache/sling/jcr/resource/internal/helper/jcr/JcrPropertyResource.java,160.0,17.0,26.0,9.0,35.0,25.0,29.0,cziegeler@13f79535-47bb-0310-9956-ffa450edef68,1,0.0051813471502590676,4.0,4.0,0.0,0.0,2389.3870967741937,29356.060606060604,1,4,0.5278232001345617,false
bundles/jcr/resource/src/test/java/org/apache/sling/jcr/resource/internal/JcrPropertyMapTest.java,255.0,17.0,0.0,21.0,108.0,51.0,2.0,cziegeler@13f79535-47bb-0310-9956-ffa450edef68,2,0.010362694300518135,23.0,8.0,0.0,0.0,2605.7870967741937,29579.58744270626,2,1,0.4122816641061515,false
bundles/jcr/resource/src/test/java/org/apache/sling/jcr/resource/internal/JcrResourceListenerTest.java,105.0,14.0,27.0,10.0,51.0,25.0,29.0,cziegeler@13f79535-47bb-0310-9956-ffa450edef68,1,0.0051813471502590676,5.0,5.0,0.0,0.0,2389.3870967741937,29356.060606060604,1,3,0.5278232001345617,false
bundles/jcr/resource/src/test/java/org/apache/sling/jcr/resource/internal/JcrResourceResolverTest.java,1677.0,46.0,0.0,65.0,594.0,137.0,11.0,null,2,0.010362694300518135,11.0,7.0,0.0,0.0,3125.116826503923,31875.562932555113,2,6,0.3088966880048716,false
bundles/jcr/resource/src/test/java/org/apache/sling/jcr/resource/internal/helper/MapEntryTest.java,82.0,3.0,36.0,9.0,20.0,11.0,19.0,fmeschbe@13f79535-47bb-0310-9956-ffa450edef68,2,0.010362694300518135,67.0,67.0,0.0,0.0,3125.116826503923,31875.562932555113,2,0,0.4610575038223005,false
bundles/jcr/resource/src/test/java/org/apache/sling/jcr/resource/internal/helper/jcr/JcrPropertyResourceTest.java,44.0,15.0,0.0,1.0,22.0,4.0,0.0,cziegeler@13f79535-47bb-0310-9956-ffa450edef68,0,0.0,0.0,0.0,0.0,0.0,0.0,0.0,0,0,0.0,false
bundles/jcr/webconsole/src/main/java/org/apache/sling/jcr/webconsole/internal/NamespaceConfigurationPrinter.java,51.0,14.0,1.0,2.0,14.0,7.0,2.0,cziegeler@13f79535-47bb-0310-9956-ffa450edef68,1,0.0051813471502590676,12.0,12.0,0.0,0.0,216.39999999999998,223.5268366456543,1,0,2.0907410969337694,false
bundles/jcr/webconsole/src/main/java/org/apache/sling/jcr/webconsole/internal/NodeTypeConfigurationPrinter.java,196.0,23.0,66.0,12.0,59.0,39.0,1.0,cziegeler@13f79535-47bb-0310-9956-ffa450edef68,1,0.0051813471502590676,29.0,14.0,0.0,0.0,216.39999999999998,223.5268366456543,1,0,2.0907410969337694,false
bundles/jcr/webdav/src/main/java/org/apache/sling/jcr/webdav/impl/servlets/SlingWebDavServlet.java,126.0,36.0,42.0,13.0,30.0,24.0,1.0,fmeschbe@13f79535-47bb-0310-9956-ffa450edef68,2,0.010362694300518135,33.0,0.0,0.0,0.0,2770.2106261859585,29757.750643085245,2,0,0.6894367050701581,false
bundles/scripting/core/src/main/java/org/apache/sling/scripting/core/impl/DefaultSlingScript.java,646.0,55.0,591.0,38.0,95.0,121.0,2.0,cziegeler@13f79535-47bb-0310-9956-ffa450edef68,1,0.0051813471502590676,4.0,0.0,0.0,0.0,2389.3870967741937,29356.060606060604,1,3,0.5278232001345617,false
bundles/scripting/jsp/src/main/java/org/apache/sling/scripting/jsp/JspScriptEngineFactory.java,334.0,42.0,148.0,21.0,69.0,47.0,6.0,cziegeler@13f79535-47bb-0310-9956-ffa450edef68,1,0.0051813471502590676,12.0,0.0,0.0,0.0,2389.3870967741937,29356.060606060604,1,4,0.5278232001345617,true
bundles/scripting/jsp/src/main/java/org/apache/sling/scripting/jsp/JspServletOptions.java,433.0,13.0,328.0,28.0,17.0,67.0,0.0,cziegeler@13f79535-47bb-0310-9956-ffa450edef68,0,0.0,0.0,0.0,0.0,0.0,0.0,0.0,0,2,0.0,false
bundles/scripting/jsp/src/main/java/org/apache/sling/scripting/jsp/SlingIOProvider.java,147.0,17.0,25.0,14.0,46.0,44.0,4.0,cziegeler@13f79535-47bb-0310-9956-ffa450edef68,1,0.0051813471502590676,11.0,0.0,0.0,0.0,2389.3870967741937,29356.060606060604,1,0,0.5278232001345617,false
bundles/scripting/jsp/src/main/java/org/apache/sling/scripting/jsp/SlingTldLocationsCache.java,142.0,19.0,12.0,9.0,49.0,30.0,0.0,cziegeler@13f79535-47bb-0310-9956-ffa450edef68,0,0.0,0.0,0.0,0.0,0.0,0.0,0.0,0,0,0.0,true
bundles/scripting/jsp/src/main/java/org/apache/sling/scripting/jsp/jasper/IOProvider.java,48.0,4.0,21.0,7.0,0.0,23.0,0.0,fmeschbe@13f79535-47bb-0310-9956-ffa450edef68,0,0.0,0.0,0.0,0.0,0.0,0.0,0.0,0,0,0.0,false
bundles/scripting/jsp/src/main/java/org/apache/sling/scripting/jsp/jasper/IsolatedClassLoader.java,99.0,6.0,13.0,6.0,17.0,27.0,8.0,cziegeler@13f79535-47bb-0310-9956-ffa450edef68,1,0.0051813471502590676,75.0,0.0,0.0,0.0,2389.3870967741937,29356.060606060604,1,0,0.5278232001345617,false
bundles/scripting/jsp/src/main/java/org/apache/sling/scripting/jsp/jasper/JspCompilationContext.java,440.0,19.0,1093.0,51.0,92.0,134.0,6.0,cziegeler@13f79535-47bb-0310-9956-ffa450edef68,1,0.0051813471502590676,36.0,0.0,0.0,0.0,2389.3870967741937,29356.060606060604,1,2,0.5278232001345617,true
bundles/scripting/jsp/src/main/java/org/apache/sling/scripting/jsp/jasper/Options.java,101.0,3.0,253.0,23.0,0.0,36.0,0.0,fmeschbe@13f79535-47bb-0310-9956-ffa450edef68,0,0.0,0.0,0.0,0.0,0.0,0.0,0.0,0,1,0.0,false
bundles/scripting/jsp/src/main/java/org/apache/sling/scripting/jsp/jasper/compiler/Compiler.java,253.0,9.0,34.0,13.0,66.0,35.0,9.0,cziegeler@13f79535-47bb-0310-9956-ffa450edef68,1,0.0051813471502590676,22.0,0.0,0.0,0.0,2389.3870967741937,29356.060606060604,1,2,0.5278232001345617,false
bundles/scripting/jsp/src/main/java/org/apache/sling/scripting/jsp/jasper/compiler/JDTCompiler.java,312.0,29.0,28.0,8.0,89.0,31.0,1.0,cziegeler@13f79535-47bb-0310-9956-ffa450edef68,1,0.0051813471502590676,12.0,0.0,0.0,0.0,2389.3870967741937,29356.060606060604,1,0,0.5278232001345617,false
bundles/scripting/jsp/src/main/java/org/apache/sling/scripting/jsp/jasper/compiler/JspRuntimeContext.java,253.0,30.0,21.0,11.0,41.0,34.0,6.0,cziegeler@13f79535-47bb-0310-9956-ffa450edef68,1,0.0051813471502590676,31.0,0.0,0.0,0.0,2389.3870967741937,29356.060606060604,1,3,0.5278232001345617,false
bundles/scripting/jsp/src/main/java/org/apache/sling/scripting/jsp/jasper/compiler/Node.java,1710.0,23.0,343.0,31.0,24.0,66.0,12.0,fmeschbe@13f79535-47bb-0310-9956-ffa450edef68,1,0.0051813471502590676,50.0,0.0,0.0,0.0,2389.3870967741937,29356.060606060604,1,0,0.5278232001345617,false
bundles/scripting/jsp/src/main/java/org/apache/sling/scripting/jsp/jasper/compiler/TagLibraryInfoImpl.java,554.0,32.0,26.0,16.0,151.0,79.0,12.0,fmeschbe@13f79535-47bb-0310-9956-ffa450edef68,1,0.0051813471502590676,50.0,0.0,0.0,0.0,2389.3870967741937,29356.060606060604,1,0,0.5278232001345617,false
bundles/scripting/jsp/src/main/java/org/apache/sling/scripting/jsp/jasper/servlet/JspServletWrapper.java,382.0,34.0,31.0,19.0,89.0,74.0,6.0,cziegeler@13f79535-47bb-0310-9956-ffa450edef68,1,0.0051813471502590676,28.0,0.0,0.0,0.0,2389.3870967741937,29356.060606060604,1,7,0.5278232001345617,true
bundles/servlets/get/src/main/java/org/apache/sling/servlets/get/impl/DefaultGetServlet.java,144.0,27.0,0.0,6.0,35.0,20.0,0.0,fmeschbe@13f79535-47bb-0310-9956-ffa450edef68,0,0.0,0.0,0.0,0.0,0.0,0.0,0.0,0,5,0.0,false
bundles/servlets/get/src/main/java/org/apache/sling/servlets/get/impl/DefaultHeadServlet.java,99.0,20.0,0.0,1.0,8.0,6.0,0.0,fmeschbe@13f79535-47bb-0310-9956-ffa450edef68,0,0.0,0.0,0.0,0.0,0.0,0.0,0.0,0,0,0.0,false
bundles/servlets/get/src/main/java/org/apache/sling/servlets/get/impl/RedirectServlet.java,182.0,22.0,26.0,8.0,52.0,35.0,0.0,fmeschbe@13f79535-47bb-0310-9956-ffa450edef68,0,0.0,0.0,0.0,0.0,0.0,0.0,0.0,0,4,0.0,false
bundles/servlets/get/src/main/java/org/apache/sling/servlets/get/impl/helpers/HtmlRendererServlet.java,104.0,14.0,28.0,8.0,39.0,19.0,0.0,fmeschbe@13f79535-47bb-0310-9956-ffa450edef68,0,0.0,0.0,0.0,0.0,0.0,0.0,0.0,0,0,0.0,false
bundles/servlets/get/src/main/java/org/apache/sling/servlets/get/impl/impl/info/SlingInfoServlet.java,89.0,17.0,8.0,5.0,43.0,15.0,0.0,fmeschbe@13f79535-47bb-0310-9956-ffa450edef68,0,0.0,0.0,0.0,0.0,0.0,0.0,0.0,0,0,0.0,false
bundles/servlets/post/src/main/java/org/apache/sling/servlets/post/AbstractPostOperation.java,387.0,20.0,151.0,18.0,96.0,76.0,0.0,cziegeler@13f79535-47bb-0310-9956-ffa450edef68,0,0.0,0.0,0.0,0.0,0.0,0.0,0.0,0,0,0.0,false
bundles/servlets/post/src/main/java/org/apache/sling/servlets/post/impl/PostOperationProxyProvider.java,128.0,23.0,0.0,7.0,31.0,19.0,1.0,fmeschbe@13f79535-47bb-0310-9956-ffa450edef68,1,0.0051813471502590676,50.0,50.0,50.0,0.0,380.8235294117647,401.69003702463954,1,0,2.2373445711256448,false
bundles/servlets/post/src/main/java/org/apache/sling/servlets/post/impl/helper/HtmlResponseProxy.java,100.0,4.0,0.0,29.0,25.0,46.0,2.0,fmeschbe@13f79535-47bb-0310-9956-ffa450edef68,1,0.0051813471502590676,50.0,0.0,50.0,0.0,380.8235294117647,401.69003702463954,1,0,2.2373445711256448,false
bundles/servlets/post/src/test/java/org/apache/sling/servlets/post/impl/helper/HtmlResponseProxyTest.java,65.0,4.0,300.0,25.0,0.0,36.0,2.0,bdelacretaz@13f79535-47bb-0310-9956-ffa450edef68,1,0.0051813471502590676,100.0,0.0,100.0,0.0,380.8235294117647,401.69003702463954,1,0,2.2373445711256448,false
bundles/servlets/resolver/src/main/java/org/apache/sling/servlets/resolver/internal/SlingServletResolver.java,746.0,57.0,49.0,26.0,174.0,115.0,1.0,cziegeler@13f79535-47bb-0310-9956-ffa450edef68,1,0.0051813471502590676,2.0,2.0,0.0,0.0,380.8235294117647,401.69003702463954,1,10,2.2373445711256448,true
contrib/commons/compiler/src/main/java/org/apache/sling/commons/compiler/impl/CompilationResultImpl.java,73.0,5.0,4.0,9.0,5.0,17.0,0.0,cziegeler@13f79535-47bb-0310-9956-ffa450edef68,0,0.0,0.0,0.0,0.0,0.0,0.0,0.0,0,0,0.0,false
contrib/commons/compiler/src/main/java/org/apache/sling/commons/compiler/impl/EclipseJavaCompiler.java,350.0,33.0,26.0,8.0,27.0,30.0,1.0,cziegeler@13f79535-47bb-0310-9956-ffa450edef68,1,0.0051813471502590676,7.0,0.0,7.0,0.0,216.39999999999998,223.5268366456543,1,0,2.0907410969337694,false
contrib/commons/compiler/src/main/java/org/apache/sling/commons/compiler/impl/IsolatedClassLoader.java,99.0,7.0,13.0,6.0,16.0,27.0,8.0,cziegeler@13f79535-47bb-0310-9956-ffa450edef68,0,0.0,0.0,0.0,0.0,0.0,0.0,0.0,0,0,0.0,false
contrib/commons/compiler/src/test/java/org/apache/sling/commons/compiler/impl/CompilerJava5Test.java,76.0,11.0,55.0,11.0,14.0,28.0,0.0,cziegeler@13f79535-47bb-0310-9956-ffa450edef68,0,0.0,0.0,0.0,0.0,0.0,0.0,0.0,0,0,0.0,false
contrib/extensions/i18n/src/main/java/org/apache/sling/i18n/impl/JcrResourceBundleProvider.java,375.0,36.0,83.0,18.0,80.0,58.0,0.0,fmeschbe@13f79535-47bb-0310-9956-ffa450edef68,0,0.0,0.0,0.0,0.0,0.0,0.0,0.0,0,0,0.0,false
contrib/scripting/freemarker/src/main/java/org/apache/sling/scripting/freemarker/FreemarkerScriptEngine.java,32.0,13.0,0.0,2.0,12.0,6.0,0.0,fmeschbe@13f79535-47bb-0310-9956-ffa450edef68,0,0.0,0.0,0.0,0.0,0.0,0.0,0.0,0,0,0.0,false
contrib/scripting/java/src/main/java/org/apache/sling/scripting/java/impl/JavaScriptEngineFactory.java,178.0,34.0,35.0,11.0,37.0,29.0,3.0,cziegeler@13f79535-47bb-0310-9956-ffa450edef68,1,0.0051813471502590676,8.0,0.0,0.0,0.0,2389.3870967741937,29356.060606060604,1,0,0.5278232001345617,false
contrib/scripting/java/src/main/java/org/apache/sling/scripting/java/impl/ServletWrapper.java,248.0,21.0,0.0,8.0,54.0,32.0,3.0,cziegeler@13f79535-47bb-0310-9956-ffa450edef68,1,0.0051813471502590676,14.0,0.0,0.0,0.0,2389.3870967741937,29356.060606060604,1,1,0.5278232001345617,false
contrib/scripting/script-console/src/main/java/org/apache/sling/scripting/console/internal/RuntimeScriptResource.java,98.0,9.0,74.0,13.0,5.0,34.0,18.0,fmeschbe@13f79535-47bb-0310-9956-ffa450edef68,1,0.0051813471502590676,50.0,0.0,0.0,0.0,735.7297297297298,2519.5023264945103,1,0,1.7805861686299298,false
contrib/scripting/script-console/src/main/java/org/apache/sling/scripting/console/internal/ScriptConsolePlugin.java,162.0,24.0,85.0,14.0,59.0,43.0,18.0,fmeschbe@13f79535-47bb-0310-9956-ffa450edef68,1,0.0051813471502590676,50.0,0.0,0.0,0.0,735.7297297297298,2519.5023264945103,1,0,1.7805861686299298,false
contrib/scripting/script-console/src/test/java/org/apache/sling/scripting/console/ConsoleTestClient.java,11.0,7.0,0.0,1.0,8.0,2.0,18.0,fmeschbe@13f79535-47bb-0310-9956-ffa450edef68,1,0.0051813471502590676,100.0,0.0,0.0,0.0,735.7297297297298,2519.5023264945103,1,0,1.7805861686299298,false
installer/core/src/main/java/org/apache/sling/installer/api/InstallableResource.java,116.0,2.0,10.0,8.0,2.0,27.0,5.0,cziegeler@13f79535-47bb-0310-9956-ffa450edef68,1,0.0051813471502590676,8.0,0.0,0.0,0.0,2389.3870967741937,29356.060606060604,1,0,0.5278232001345617,false
installer/core/src/main/java/org/apache/sling/installer/core/impl/EntityResourceList.java,285.0,16.0,51.0,22.0,65.0,66.0,0.0,cziegeler@13f79535-47bb-0310-9956-ffa450edef68,0,0.0,0.0,0.0,0.0,0.0,0.0,0.0,0,2,0.0,false
installer/core/src/main/java/org/apache/sling/installer/core/impl/InstallListener.java,98.0,6.0,28.0,9.0,11.0,18.0,0.0,cziegeler@13f79535-47bb-0310-9956-ffa450edef68,0,0.0,0.0,0.0,0.0,0.0,0.0,0.0,0,0,0.0,false
installer/core/src/main/java/org/apache/sling/installer/core/impl/InternalResource.java,190.0,11.0,11.0,10.0,41.0,30.0,1.0,cziegeler@13f79535-47bb-0310-9956-ffa450edef68,1,0.0051813471502590676,8.0,0.0,8.0,0.0,2389.3870967741937,29356.060606060604,1,1,0.5278232001345617,false
installer/core/src/main/java/org/apache/sling/installer/core/impl/OsgiInstallerImpl.java,777.0,35.0,85.0,31.0,206.0,112.0,5.0,cziegeler@13f79535-47bb-0310-9956-ffa450edef68,1,0.0051813471502590676,2.0,0.0,0.0,0.0,2389.3870967741937,29356.060606060604,1,2,0.5278232001345617,false
installer/core/src/main/java/org/apache/sling/installer/core/impl/tasks/AbstractBundleTask.java,109.0,8.0,35.0,11.0,29.0,33.0,0.0,cziegeler@13f79535-47bb-0310-9956-ffa450edef68,0,0.0,0.0,0.0,0.0,0.0,0.0,0.0,0,0,0.0,false
installer/core/src/main/java/org/apache/sling/installer/core/impl/tasks/BundleInstallTask.java,36.0,4.0,3.0,3.0,21.0,8.0,0.0,cziegeler@13f79535-47bb-0310-9956-ffa450edef68,0,0.0,0.0,0.0,0.0,0.0,0.0,0.0,0,2,0.0,false
installer/core/src/main/java/org/apache/sling/installer/core/impl/tasks/BundleUpdateTask.java,90.0,7.0,10.0,5.0,38.0,15.0,0.0,cziegeler@13f79535-47bb-0310-9956-ffa450edef68,0,0.0,0.0,0.0,0.0,0.0,0.0,0.0,0,1,0.0,false
installer/factories/configuration/src/main/java/org/apache/sling/installer/factories/configuration/impl/AbstractConfigTask.java,63.0,10.0,7.0,7.0,13.0,19.0,2.0,cziegeler@13f79535-47bb-0310-9956-ffa450edef68,1,0.0051813471502590676,17.0,0.0,0.0,0.0,2389.3870967741937,29356.060606060604,1,0,0.5278232001345617,false
installer/factories/configuration/src/main/java/org/apache/sling/installer/factories/configuration/impl/ConfigTaskCreator.java,181.0,20.0,16.0,8.0,39.0,27.0,2.0,cziegeler@13f79535-47bb-0310-9956-ffa450edef68,1,0.0051813471502590676,17.0,6.0,0.0,0.0,2389.3870967741937,29356.060606060604,1,0,0.5278232001345617,false
installer/it/src/test/java/org/apache/sling/installer/it/BundleInstallUpgradeDowngradeTest.java,111.0,9.0,15.0,6.0,34.0,15.0,0.0,bdelacretaz@13f79535-47bb-0310-9956-ffa450edef68,0,0.0,0.0,0.0,0.0,0.0,0.0,0.0,0,0,0.0,false
installer/providers/jcr/src/main/java/org/apache/sling/installer/provider/jcr/impl/JcrInstaller.java,636.0,41.0,15.0,18.0,142.0,73.0,3.0,cziegeler@13f79535-47bb-0310-9956-ffa450edef68,1,0.0051813471502590676,6.0,0.0,0.0,0.0,2389.3870967741937,29356.060606060604,1,1,0.5278232001345617,true
installer/providers/jcr/src/test/java/org/apache/sling/installer/provider/jcr/impl/FolderNameFilterTest.java,112.0,6.0,0.0,8.0,26.0,8.0,1.0,bdelacretaz@13f79535-47bb-0310-9956-ffa450edef68,1,0.0051813471502590676,33.0,33.0,0.0,0.0,380.8235294117647,401.69003702463954,1,0,2.2373445711256448,false
installer/providers/jcr/src/test/java/org/apache/sling/installer/provider/jcr/impl/MiscUtil.java,91.0,11.0,21.0,7.0,31.0,25.0,0.0,cziegeler@13f79535-47bb-0310-9956-ffa450edef68,0,0.0,0.0,0.0,0.0,0.0,0.0,0.0,0,0,0.0,false
launchpad/base/src/main/java/org/apache/sling/launchpad/app/ControlListener.java,302.0,14.0,44.0,13.0,70.0,45.0,2.0,fmeschbe@13f79535-47bb-0310-9956-ffa450edef68,1,0.0051813471502590676,18.0,9.0,0.0,0.0,735.7297297297298,2519.5023264945103,1,0,1.7805861686299298,false
launchpad/base/src/main/java/org/apache/sling/launchpad/app/Main.java,554.0,15.0,195.0,23.0,89.0,72.0,4.0,fmeschbe@13f79535-47bb-0310-9956-ffa450edef68,1,0.0051813471502590676,9.0,5.0,0.0,0.0,735.7297297297298,2519.5023264945103,1,5,1.7805861686299298,false
launchpad/base/src/main/java/org/apache/sling/launchpad/base/app/MainDelegate.java,233.0,16.0,62.0,13.0,46.0,35.0,1.0,fmeschbe@13f79535-47bb-0310-9956-ffa450edef68,1,0.0051813471502590676,9.0,0.0,0.0,0.0,735.7297297297298,2519.5023264945103,1,1,1.7805861686299298,false
launchpad/base/src/main/java/org/apache/sling/launchpad/base/impl/DefaultStartupHandler.java,258.0,20.0,31.0,15.0,63.0,44.0,0.0,cziegeler@13f79535-47bb-0310-9956-ffa450edef68,0,0.0,0.0,0.0,0.0,0.0,0.0,0.0,0,1,0.0,false
launchpad/base/src/main/java/org/apache/sling/launchpad/base/impl/Sling.java,624.0,37.0,38.0,20.0,162.0,93.0,0.0,cziegeler@13f79535-47bb-0310-9956-ffa450edef68,0,0.0,0.0,0.0,0.0,0.0,0.0,0.0,0,0,0.0,false
launchpad/base/src/main/java/org/apache/sling/launchpad/base/impl/SlingFelix.java,78.0,8.0,21.0,7.0,7.0,19.0,0.0,fmeschbe@13f79535-47bb-0310-9956-ffa450edef68,0,0.0,0.0,0.0,0.0,0.0,0.0,0.0,0,0,0.0,false
launchpad/base/src/main/java/org/apache/sling/launchpad/base/impl/StartupManager.java,183.0,12.0,2.0,8.0,35.0,28.0,0.0,cziegeler@13f79535-47bb-0310-9956-ffa450edef68,0,0.0,0.0,0.0,0.0,0.0,0.0,0.0,0,0,0.0,false
launchpad/base/src/main/java/org/apache/sling/launchpad/base/shared/SharedConstants.java,63.0,0.0,0.0,0.0,0.0,0.0,0.0,cziegeler@13f79535-47bb-0310-9956-ffa450edef68,0,0.0,0.0,0.0,0.0,0.0,0.0,0.0,0,0,0.0,false
launchpad/base/src/main/java/org/apache/sling/launchpad/webapp/SlingServlet.java,390.0,19.0,90.0,20.0,87.0,71.0,0.0,fmeschbe@13f79535-47bb-0310-9956-ffa450edef68,0,0.0,0.0,0.0,0.0,0.0,0.0,0.0,0,2,0.0,false
launchpad/base/src/test/java/org/apache/sling/launchpad/app/ControlListenerTest.java,157.0,8.0,0.0,9.0,69.0,18.0,3.0,fmeschbe@13f79535-47bb-0310-9956-ffa450edef68,1,0.0051813471502590676,33.0,33.0,0.0,0.0,735.7297297297298,2519.5023264945103,1,0,1.7805861686299298,false
launchpad/base/src/test/java/org/apache/sling/launchpad/app/MainTest.java,313.0,4.0,253.0,23.0,131.0,24.0,0.0,fmeschbe@13f79535-47bb-0310-9956-ffa450edef68,0,0.0,0.0,0.0,0.0,0.0,0.0,0.0,0,0,0.0,false
launchpad/installer/src/main/java/org/apache/sling/launchpad/installer/impl/LaunchpadConfigInstaller.java,73.0,14.0,1.0,2.0,25.0,8.0,0.0,cziegeler@13f79535-47bb-0310-9956-ffa450edef68,0,0.0,0.0,0.0,0.0,0.0,0.0,0.0,0,1,0.0,true
launchpad/installer/src/main/java/org/apache/sling/launchpad/installer/impl/ServicesListener.java,158.0,13.0,0.0,3.0,9.0,6.0,0.0,cziegeler@13f79535-47bb-0310-9956-ffa450edef68,0,0.0,0.0,0.0,0.0,0.0,0.0,0.0,0,0,0.0,false
launchpad/integration-tests/src/main/java/org/apache/sling/launchpad/webapp/integrationtest/WebdavOptionsTest.java,23.0,4.0,3.0,3.0,6.0,7.0,2.0,bdelacretaz@13f79535-47bb-0310-9956-ffa450edef68,1,0.0051813471502590676,100.0,0.0,0.0,0.0,380.8235294117647,401.69003702463954,1,0,2.2373445711256448,false
launchpad/integration-tests/src/main/java/org/apache/sling/launchpad/webapp/integrationtest/servlets/post/CustomPostOperationTest.java,26.0,3.0,4.0,4.0,13.0,9.0,2.0,bdelacretaz@13f79535-47bb-0310-9956-ffa450edef68,1,0.0051813471502590676,100.0,0.0,0.0,0.0,380.8235294117647,401.69003702463954,1,0,2.2373445711256448,false
launchpad/integration-tests/src/main/java/org/apache/sling/launchpad/webapp/integrationtest/servlets/post/PostServletCopyTest.java,304.0,11.0,0.0,15.0,97.0,40.0,4.0,bdelacretaz@13f79535-47bb-0310-9956-ffa450edef68,1,0.0051813471502590676,33.0,0.0,0.0,0.0,380.8235294117647,401.69003702463954,1,0,2.2373445711256448,false
launchpad/integration-tests/src/main/java/org/apache/sling/launchpad/webapp/integrationtest/servlets/post/PostServletDeleteTest.java,132.0,7.0,0.0,6.0,30.0,28.0,0.0,ieb@13f79535-47bb-0310-9956-ffa450edef68,0,0.0,0.0,0.0,0.0,0.0,0.0,0.0,0,0,0.0,false
launchpad/integration-tests/src/main/java/org/apache/sling/launchpad/webapp/integrationtest/servlets/post/PostServletMoveTest.java,346.0,11.0,0.0,16.0,109.0,43.0,0.0,ieb@13f79535-47bb-0310-9956-ffa450edef68,0,0.0,0.0,0.0,0.0,0.0,0.0,0.0,0,0,0.0,false
launchpad/integration-tests/src/main/java/org/apache/sling/launchpad/webapp/integrationtest/servlets/resolution/SelectorServletTest.java,21.0,1.0,6.0,4.0,10.0,9.0,2.0,bdelacretaz@13f79535-47bb-0310-9956-ffa450edef68,1,0.0051813471502590676,50.0,0.0,0.0,0.0,380.8235294117647,401.69003702463954,1,0,2.2373445711256448,false
launchpad/test-services/src/main/java/org/apache/sling/launchpad/testservices/post/OldStylePostOperationExample.java,18.0,12.0,0.0,1.0,11.0,4.0,3.0,bdelacretaz@13f79535-47bb-0310-9956-ffa450edef68,1,0.0051813471502590676,100.0,0.0,0.0,0.0,380.8235294117647,401.69003702463954,1,0,2.2373445711256448,false
launchpad/test-services/src/main/java/org/apache/sling/launchpad/testservices/post/SlingPostOperationExample.java,18.0,11.0,0.0,1.0,11.0,4.0,2.0,bdelacretaz@13f79535-47bb-0310-9956-ffa450edef68,1,0.0051813471502590676,100.0,0.0,0.0,0.0,380.8235294117647,401.69003702463954,1,0,2.2373445711256448,false
launchpad/test-services/src/main/java/org/apache/sling/launchpad/testservices/servlets/SelectorServlet.java,5.0,4.0,0.0,0.0,0.0,0.0,2.0,bdelacretaz@13f79535-47bb-0310-9956-ffa450edef68,1,0.0051813471502590676,17.0,0.0,0.0,0.0,380.8235294117647,401.69003702463954,1,2,2.2373445711256448,false
launchpad/testing/src/test/java/org/apache/sling/launchpad/testing/LoggingSuite.java,29.0,6.0,1.0,3.0,11.0,4.0,1.0,bdelacretaz@13f79535-47bb-0310-9956-ffa450edef68,1,0.0051813471502590676,20.0,0.0,0.0,20.0,2389.3870967741937,29356.060606060604,1,0,0.5278232001345617,false
maven/maven-launchpad-plugin/src/main/java/org/apache/sling/maven/projectsupport/AbstractUsingBundleListMojo.java,391.0,29.0,155.0,19.0,113.0,69.0,0.0,cziegeler@13f79535-47bb-0310-9956-ffa450edef68,0,0.0,0.0,0.0,0.0,0.0,0.0,0.0,0,0,0.0,false
maven/maven-sling-plugin/src/main/java/org/apache/sling/maven/bundlesupport/BundleInstallFileMojo.java,127.0,14.0,1.0,2.0,11.0,10.0,0.0,rombert@13f79535-47bb-0310-9956-ffa450edef68,0,0.0,0.0,0.0,0.0,0.0,0.0,0.0,0,0,0.0,false
testing/tools/src/main/java/org/apache/sling/testing/tools/serversetup/ServerSetup.java,173.0,12.0,10.0,9.0,37.0,27.0,0.0,bdelacretaz@13f79535-47bb-0310-9956-ffa450edef68,0,0.0,0.0,0.0,0.0,0.0,0.0,0.0,0,0,0.0,false
