name,LOC,CBO,LCOM,NOM,RFC,WMC,ACS,Ownership,numOfChanges,numberOfFIChanges,ENH,NF,BugFixing,REF,structuralWorkloadSum,semanticWorkloadSum,numberOfDeveloper,pastFaults,MAF,isBuggy
bundles/api/src/main/java/org/apache/sling/api/resource/AbstractResource.java,64.0,2.0,21.0,7.0,17.0,17.0,5.0,cziegeler@13f79535-47bb-0310-9956-ffa450edef68,2,0.005714285714285714,12.0,0.0,0.0,6.0,4626.397660818713,35442.829831589406,2,2,1.0462375372912929,false
bundles/api/src/main/java/org/apache/sling/api/resource/AbstractResourceVisitor.java,31.0,1.0,3.0,3.0,6.0,5.0,1.0,kwin@13f79535-47bb-0310-9956-ffa450edef68,1,0.002857142857142857,50.0,50.0,0.0,0.0,2411.5087719298244,21495.568962024186,1,0,0.36896470588863783,false
bundles/api/src/main/java/org/apache/sling/api/resource/AttributableResourceProvider.java,22.0,1.0,1.0,2.0,0.0,8.0,5.0,cziegeler@13f79535-47bb-0310-9956-ffa450edef68,1,0.002857142857142857,20.0,0.0,0.0,0.0,2411.5087719298244,21495.568962024186,1,0,0.36896470588863783,false
bundles/api/src/main/java/org/apache/sling/api/resource/ModifyingResourceProvider.java,40.0,1.0,10.0,5.0,0.0,9.0,4.0,cziegeler@13f79535-47bb-0310-9956-ffa450edef68,1,0.002857142857142857,8.0,0.0,0.0,0.0,2411.5087719298244,21495.568962024186,1,0,0.36896470588863783,false
bundles/api/src/main/java/org/apache/sling/api/resource/QueriableResourceProvider.java,30.0,1.0,1.0,2.0,0.0,10.0,4.0,cziegeler@13f79535-47bb-0310-9956-ffa450edef68,1,0.002857142857142857,25.0,0.0,0.0,0.0,2411.5087719298244,21495.568962024186,1,0,0.36896470588863783,false
bundles/api/src/main/java/org/apache/sling/api/resource/Resource.java,68.0,2.0,55.0,11.0,0.0,23.0,26.0,cziegeler@13f79535-47bb-0310-9956-ffa450edef68,1,0.002857142857142857,11.0,0.0,0.0,0.0,2411.5087719298244,21495.568962024186,1,1,0.36896470588863783,false
bundles/api/src/main/java/org/apache/sling/api/resource/ResourceMetadata.java,166.0,1.0,77.0,14.0,14.0,35.0,8.0,cziegeler@13f79535-47bb-0310-9956-ffa450edef68,1,0.002857142857142857,6.0,0.0,0.0,0.0,2411.5087719298244,21495.568962024186,1,0,0.36896470588863783,false
bundles/api/src/main/java/org/apache/sling/api/resource/ResourceResolver.java,195.0,4.0,253.0,23.0,0.0,98.0,3.0,cziegeler@13f79535-47bb-0310-9956-ffa450edef68,1,0.002857142857142857,9.0,0.0,0.0,0.0,2411.5087719298244,21495.568962024186,1,2,0.36896470588863783,false
bundles/api/src/main/java/org/apache/sling/api/resource/ResourceUtil.java,323.0,5.0,184.0,20.0,44.0,87.0,2.0,cziegeler@13f79535-47bb-0310-9956-ffa450edef68,2,0.005714285714285714,5.0,0.0,0.0,3.0,4626.397660818713,35442.829831589406,2,6,1.0462375372912929,false
bundles/api/src/main/java/org/apache/sling/api/resource/ResourceWrapper.java,111.0,1.0,103.0,15.0,30.0,32.0,4.0,cziegeler@13f79535-47bb-0310-9956-ffa450edef68,2,0.005714285714285714,14.0,0.0,0.0,0.0,2764.561403508772,22173.761198467277,2,1,0.8435049832372109,false
bundles/api/src/main/java/org/apache/sling/api/wrappers/ModifiableValueMapDecorator.java,13.0,2.0,0.0,1.0,0.0,2.0,2.0,kwin@13f79535-47bb-0310-9956-ffa450edef68,1,0.002857142857142857,50.0,0.0,0.0,0.0,2411.5087719298244,21495.568962024186,1,0,0.36896470588863783,false
bundles/api/src/main/java/org/apache/sling/api/wrappers/package-info.java,0.0,0.0,0.0,0.0,0.0,0.0,32.0,fmeschbe@13f79535-47bb-0310-9956-ffa450edef68,1,0.002857142857142857,20.0,0.0,0.0,0.0,2411.5087719298244,21495.568962024186,1,0,0.36896470588863783,false
bundles/api/src/test/java/org/apache/sling/api/resource/ResourceUtilTest.java,390.0,19.0,151.0,19.0,109.0,42.0,2.0,cziegeler@13f79535-47bb-0310-9956-ffa450edef68,1,0.002857142857142857,6.0,0.0,0.0,0.0,2411.5087719298244,21495.568962024186,1,4,0.36896470588863783,false
bundles/commons/json/src/test/java/org/apache/sling/commons/json/JSONObjectTest.java,36.0,1.0,0.0,3.0,13.0,7.0,0.0,fmeschbe@13f79535-47bb-0310-9956-ffa450edef68,0,0.0,0.0,0.0,0.0,0.0,0.0,0.0,0,1,0.0,false
bundles/commons/log/src/main/java/org/apache/sling/commons/log/internal/LogManager.java,112.0,13.0,7.0,7.0,21.0,17.0,2.0,fmeschbe@13f79535-47bb-0310-9956-ffa450edef68,1,0.002857142857142857,11.0,0.0,11.0,0.0,353.05263157894734,678.1922364430889,1,0,2.7043396217056745,false
bundles/commons/log/src/main/java/org/apache/sling/commons/log/internal/slf4j/LogConfigManager.java,446.0,14.0,133.0,22.0,100.0,80.0,3.0,fmeschbe@13f79535-47bb-0310-9956-ffa450edef68,1,0.002857142857142857,10.0,10.0,0.0,0.0,353.05263157894734,678.1922364430889,1,1,2.7043396217056745,false
bundles/commons/log/src/main/java/org/apache/sling/commons/log/internal/slf4j/SlingLogPanel.java,85.0,6.0,4.0,4.0,21.0,11.0,2.0,fmeschbe@13f79535-47bb-0310-9956-ffa450edef68,1,0.002857142857142857,20.0,0.0,20.0,0.0,353.05263157894734,678.1922364430889,1,1,2.7043396217056745,false
bundles/commons/log/src/main/java/org/apache/sling/commons/log/internal/slf4j/SlingLoggerLevel.java,0.0,0.0,0.0,0.0,0.0,0.0,3.0,fmeschbe@13f79535-47bb-0310-9956-ffa450edef68,1,0.002857142857142857,33.0,33.0,0.0,0.0,353.05263157894734,678.1922364430889,1,0,2.7043396217056745,false
bundles/commons/log/src/main/java/org/apache/sling/commons/log/internal/slf4j/SlingLoggerWriter.java,241.0,8.0,54.0,21.0,37.0,60.0,2.0,fmeschbe@13f79535-47bb-0310-9956-ffa450edef68,1,0.002857142857142857,17.0,17.0,17.0,0.0,2214.8888888888887,13947.260869565218,1,0,3.1098047298138387,false
bundles/commons/log/src/test/java/org/apache/sling/commons/log/internal/ActivatorTest.java,20.0,5.0,1.0,3.0,6.0,5.0,9.0,fmeschbe@13f79535-47bb-0310-9956-ffa450edef68,1,0.002857142857142857,50.0,0.0,0.0,0.0,2214.8888888888887,13947.260869565218,1,0,3.1098047298138387,true
bundles/commons/log/src/test/java/org/apache/sling/commons/log/internal/config/AbstractSlingConfigTest.java,25.0,3.0,3.0,3.0,11.0,7.0,9.0,fmeschbe@13f79535-47bb-0310-9956-ffa450edef68,1,0.002857142857142857,50.0,0.0,0.0,0.0,2214.8888888888887,13947.260869565218,1,0,3.1098047298138387,true
bundles/commons/log/src/test/java/org/apache/sling/commons/log/internal/config/GlobalConfigurationTest.java,24.0,7.0,3.0,3.0,14.0,6.0,9.0,fmeschbe@13f79535-47bb-0310-9956-ffa450edef68,1,0.002857142857142857,50.0,0.0,0.0,0.0,2214.8888888888887,13947.260869565218,1,0,3.1098047298138387,true
bundles/commons/log/src/test/java/org/apache/sling/commons/log/internal/config/LogWriterManagedServiceFactoryTest.java,8.0,3.0,0.0,1.0,5.0,2.0,9.0,fmeschbe@13f79535-47bb-0310-9956-ffa450edef68,1,0.002857142857142857,50.0,0.0,0.0,0.0,2214.8888888888887,13947.260869565218,1,0,3.1098047298138387,true
bundles/commons/log/src/test/java/org/apache/sling/commons/log/internal/slf4j/PrivilegedWriterTest.java,15.0,7.0,1.0,2.0,7.0,3.0,9.0,fmeschbe@13f79535-47bb-0310-9956-ffa450edef68,1,0.002857142857142857,50.0,0.0,0.0,0.0,2214.8888888888887,13947.260869565218,1,0,3.1098047298138387,true
bundles/commons/log/src/test/java/org/apache/sling/commons/log/internal/slf4j/SlingConfigurationPrinterTest.java,19.0,10.0,1.0,2.0,11.0,3.0,9.0,fmeschbe@13f79535-47bb-0310-9956-ffa450edef68,1,0.002857142857142857,50.0,0.0,0.0,0.0,2214.8888888888887,13947.260869565218,1,0,3.1098047298138387,true
bundles/commons/log/src/test/java/org/apache/sling/commons/log/internal/slf4j/SlingLogPanelTest.java,16.0,10.0,1.0,2.0,9.0,3.0,9.0,fmeschbe@13f79535-47bb-0310-9956-ffa450edef68,1,0.002857142857142857,50.0,0.0,0.0,0.0,2214.8888888888887,13947.260869565218,1,0,3.1098047298138387,true
bundles/commons/log/src/test/java/org/apache/sling/commons/log/internal/slf4j/SlingLogWriterTest.java,266.0,7.0,118.0,16.0,103.0,42.0,3.0,fmeschbe@13f79535-47bb-0310-9956-ffa450edef68,1,0.002857142857142857,50.0,12.0,25.0,0.0,2214.8888888888887,13947.260869565218,1,0,3.1098047298138387,true
bundles/commons/log/src/test/java/org/apache/sling/commons/log/internal/slf4j/SlingLoggerLevelTest.java,46.0,2.0,1.0,2.0,5.0,2.0,3.0,fmeschbe@13f79535-47bb-0310-9956-ffa450edef68,1,0.002857142857142857,50.0,50.0,0.0,0.0,353.05263157894734,678.1922364430889,1,0,2.7043396217056745,false
bundles/commons/osgi/src/main/java/org/apache/sling/commons/osgi/PropertiesUtil.java,184.0,5.0,66.0,12.0,31.0,44.0,3.0,rombert@13f79535-47bb-0310-9956-ffa450edef68,1,0.002857142857142857,33.0,33.0,0.0,0.0,2214.8888888888887,13947.260869565218,1,0,3.1098047298138387,true
bundles/commons/osgi/src/main/java/org/apache/sling/commons/osgi/SortingServiceTracker.java,85.0,7.0,0.0,6.0,13.0,16.0,2.0,mykee@13f79535-47bb-0310-9956-ffa450edef68,1,0.002857142857142857,100.0,0.0,0.0,100.0,171.63636363636363,111.2197825296701,1,0,4.496099090933729,false
bundles/commons/osgi/src/test/java/org/apache/sling/commons/osgi/PropertiesUtilTest.java,19.0,3.0,1.0,2.0,4.0,4.0,3.0,ieb@13f79535-47bb-0310-9956-ffa450edef68,1,0.002857142857142857,100.0,100.0,0.0,0.0,2214.8888888888887,13947.260869565218,1,0,3.1098047298138387,false
bundles/commons/testing/src/main/java/org/apache/sling/commons/testing/integration/HttpTestBase.java,379.0,23.0,142.0,20.0,88.0,87.0,0.0,bdelacretaz@13f79535-47bb-0310-9956-ffa450edef68,0,0.0,0.0,0.0,0.0,0.0,0.0,0.0,0,1,0.0,true
bundles/commons/testing/src/main/java/org/apache/sling/commons/testing/osgi/MockBundleContext.java,72.0,13.0,251.0,23.0,0.0,45.0,4.0,fmeschbe@13f79535-47bb-0310-9956-ffa450edef68,1,0.002857142857142857,25.0,0.0,0.0,0.0,677.75,1774.023094907109,1,0,2.4166575492538938,false
bundles/commons/testing/src/main/java/org/apache/sling/commons/testing/osgi/MockComponentContext.java,58.0,10.0,92.0,16.0,5.0,26.0,2.0,fmeschbe@13f79535-47bb-0310-9956-ffa450edef68,1,0.002857142857142857,25.0,0.0,0.0,0.0,677.75,1774.023094907109,1,0,2.4166575492538938,false
bundles/commons/testing/src/main/java/org/apache/sling/commons/testing/sling/MockResource.java,47.0,6.0,0.0,9.0,7.0,16.0,2.0,fmeschbe@13f79535-47bb-0310-9956-ffa450edef68,1,0.002857142857142857,25.0,25.0,0.0,0.0,310.2857142857143,766.7330124623568,1,0,3.0297620221403023,false
bundles/commons/testing/src/test/java/org/apache/sling/commons/testing/sling/MockResourceTest.java,24.0,7.0,0.0,2.0,13.0,4.0,2.0,bdelacretaz@13f79535-47bb-0310-9956-ffa450edef68,1,0.002857142857142857,100.0,100.0,0.0,0.0,310.2857142857143,766.7330124623568,1,0,3.0297620221403023,false
bundles/commons/threads/src/main/java/org/apache/sling/commons/threads/impl/DefaultThreadPoolManager.java,342.0,20.0,0.0,11.0,71.0,34.0,2.0,cziegeler@13f79535-47bb-0310-9956-ffa450edef68,2,0.005714285714285714,25.0,17.0,0.0,0.0,2892.6388888888887,15721.283964472326,2,1,2.2422415013323773,false
bundles/commons/threads/src/main/java/org/apache/sling/commons/threads/impl/ThreadPoolMBeanImpl.java,106.0,5.0,0.0,20.0,37.0,54.0,4.0,justin@13f79535-47bb-0310-9956-ffa450edef68,1,0.002857142857142857,100.0,100.0,0.0,0.0,677.75,1774.023094907109,1,0,2.4166575492538938,false
bundles/commons/threads/src/main/java/org/apache/sling/commons/threads/jmx/ThreadPoolMBean.java,100.0,0.0,171.0,19.0,0.0,45.0,4.0,justin@13f79535-47bb-0310-9956-ffa450edef68,1,0.002857142857142857,100.0,100.0,0.0,0.0,677.75,1774.023094907109,1,0,2.4166575492538938,false
bundles/extensions/adapter/src/main/java/org/apache/sling/adapter/internal/AdapterFactoryDescriptor.java,23.0,3.0,0.0,3.0,1.0,6.0,0.0,rombert@13f79535-47bb-0310-9956-ffa450edef68,0,0.0,0.0,0.0,0.0,0.0,0.0,0.0,0,0,0.0,false
bundles/extensions/adapter/src/main/java/org/apache/sling/adapter/internal/AdapterManagerImpl.java,246.0,30.0,28.0,12.0,48.0,34.0,2.0,cziegeler@13f79535-47bb-0310-9956-ffa450edef68,1,0.002857142857142857,5.0,0.0,0.0,0.0,2411.5087719298244,21495.568962024186,1,3,0.36896470588863783,false
bundles/extensions/adapter/src/test/java/org/apache/sling/adapter/internal/AdapterManagerTest.java,381.0,22.0,0.0,21.0,148.0,48.0,2.0,cziegeler@13f79535-47bb-0310-9956-ffa450edef68,1,0.002857142857142857,11.0,0.0,0.0,0.0,2411.5087719298244,21495.568962024186,1,0,0.36896470588863783,false
bundles/extensions/bundleresource/src/main/java/org/apache/sling/bundleresource/impl/BundleResource.java,124.0,13.0,71.0,15.0,32.0,41.0,8.0,fmeschbe@13f79535-47bb-0310-9956-ffa450edef68,1,0.002857142857142857,25.0,0.0,0.0,0.0,2411.5087719298244,21495.568962024186,1,0,0.36896470588863783,false
bundles/extensions/fsresource/src/main/java/org/apache/sling/fsprovider/internal/FsResource.java,119.0,19.0,10.0,8.0,23.0,24.0,8.0,fmeschbe@13f79535-47bb-0310-9956-ffa450edef68,1,0.002857142857142857,9.0,0.0,0.0,0.0,2411.5087719298244,21495.568962024186,1,0,0.36896470588863783,false
bundles/extensions/fsresource/src/main/java/org/apache/sling/fsprovider/internal/FsResourceProvider.java,167.0,19.0,59.0,15.0,39.0,46.0,8.0,cziegeler@13f79535-47bb-0310-9956-ffa450edef68,1,0.002857142857142857,11.0,0.0,0.0,0.0,2411.5087719298244,21495.568962024186,1,3,0.36896470588863783,false
bundles/jcr/base/src/main/java/org/apache/sling/jcr/base/internal/loader/Loader.java,247.0,22.0,52.0,13.0,81.0,43.0,0.0,justin@13f79535-47bb-0310-9956-ffa450edef68,0,0.0,0.0,0.0,0.0,0.0,0.0,0.0,0,1,0.0,true
bundles/jcr/classloader/src/main/java/org/apache/sling/jcr/classloader/internal/ClassLoaderWriterImpl.java,379.0,30.0,76.0,16.0,67.0,52.0,1.0,cziegeler@13f79535-47bb-0310-9956-ffa450edef68,1,0.002857142857142857,8.0,0.0,0.0,0.0,353.05263157894734,678.1922364430889,1,0,2.7043396217056745,false
bundles/jcr/jackrabbit-accessmanager/src/main/java/org/apache/sling/jcr/jackrabbit/accessmanager/post/AbstractAccessPostServlet.java,194.0,24.0,22.0,8.0,69.0,39.0,10.0,fmeschbe@13f79535-47bb-0310-9956-ffa450edef68,2,0.005714285714285714,29.0,14.0,0.0,0.0,274.969696969697,171.73261419579217,2,0,3.8029519103737837,false
bundles/jcr/jackrabbit-accessmanager/src/main/java/org/apache/sling/jcr/jackrabbit/accessmanager/post/AbstractGetAclServlet.java,192.0,30.0,10.0,5.0,54.0,25.0,2.0,enorman@13f79535-47bb-0310-9956-ffa450edef68,1,0.002857142857142857,40.0,0.0,20.0,0.0,103.33333333333334,60.512831666122054,1,0,4.496099090933729,false
bundles/jcr/jackrabbit-accessmanager/src/main/java/org/apache/sling/jcr/jackrabbit/accessmanager/post/GetAclServlet.java,23.0,17.0,1.0,2.0,7.0,8.0,4.0,enorman@13f79535-47bb-0310-9956-ffa450edef68,1,0.002857142857142857,13.0,0.0,0.0,0.0,103.33333333333334,60.512831666122054,1,2,4.496099090933729,false
bundles/jcr/jackrabbit-accessmanager/src/main/java/org/apache/sling/jcr/jackrabbit/accessmanager/post/GetEffectiveAclServlet.java,22.0,17.0,1.0,2.0,7.0,8.0,4.0,enorman@13f79535-47bb-0310-9956-ffa450edef68,1,0.002857142857142857,22.0,0.0,0.0,0.0,103.33333333333334,60.512831666122054,1,1,4.496099090933729,false
bundles/jcr/jackrabbit-base/src/main/java/org/apache/sling/jcr/jackrabbit/base/config/OsgiBeanFactory.java,183.0,28.0,58.0,16.0,51.0,46.0,8.0,cziegeler@13f79535-47bb-0310-9956-ffa450edef68,1,0.002857142857142857,100.0,0.0,0.0,0.0,2411.5087719298244,21495.568962024186,1,0,0.36896470588863783,false
bundles/jcr/jackrabbit-base/src/main/java/org/apache/sling/jcr/jackrabbit/base/security/DelegatingLoginModule.java,104.0,15.0,8.0,9.0,19.0,31.0,15.0,cziegeler@13f79535-47bb-0310-9956-ffa450edef68,1,0.002857142857142857,100.0,0.0,0.0,0.0,2411.5087719298244,21495.568962024186,1,0,0.36896470588863783,false
bundles/jcr/jackrabbit-base/src/main/java/org/apache/sling/jcr/jackrabbit/base/security/DelegatingPrincipalProviderRegistry.java,32.0,4.0,0.0,5.0,5.0,12.0,15.0,cziegeler@13f79535-47bb-0310-9956-ffa450edef68,1,0.002857142857142857,100.0,0.0,0.0,0.0,2411.5087719298244,21495.568962024186,1,0,0.36896470588863783,false
bundles/jcr/jackrabbit-base/src/main/java/org/apache/sling/jcr/jackrabbit/base/security/MultiplexingAuthorizableAction.java,71.0,21.0,22.0,12.0,31.0,27.0,15.0,cziegeler@13f79535-47bb-0310-9956-ffa450edef68,1,0.002857142857142857,100.0,0.0,0.0,0.0,2411.5087719298244,21495.568962024186,1,0,0.36896470588863783,false
bundles/jcr/jackrabbit-base/src/main/java/org/apache/sling/jcr/jackrabbit/base/security/PrincipalProviderTracker.java,88.0,11.0,44.0,13.0,24.0,26.0,15.0,cziegeler@13f79535-47bb-0310-9956-ffa450edef68,1,0.002857142857142857,100.0,0.0,0.0,0.0,2411.5087719298244,21495.568962024186,1,0,0.36896470588863783,false
bundles/jcr/jackrabbit-base/src/main/java/org/apache/sling/jcr/jackrabbit/base/security/package-info.java,0.0,0.0,0.0,0.0,0.0,0.0,32.0,cziegeler@13f79535-47bb-0310-9956-ffa450edef68,1,0.002857142857142857,100.0,0.0,0.0,0.0,2411.5087719298244,21495.568962024186,1,0,0.36896470588863783,false
bundles/jcr/jackrabbit-server/src/main/java/org/apache/sling/jcr/jackrabbit/server/impl/security/TrustedCredentials.java,44.0,4.0,17.0,7.0,1.0,16.0,15.0,cziegeler@13f79535-47bb-0310-9956-ffa450edef68,1,0.002857142857142857,20.0,0.0,0.0,0.0,2411.5087719298244,21495.568962024186,1,1,0.36896470588863783,false
bundles/jcr/resource/src/main/java/org/apache/sling/jcr/resource/JcrResourceConstants.java,43.0,1.0,0.0,0.0,0.0,0.0,2.0,cziegeler@13f79535-47bb-0310-9956-ffa450edef68,1,0.002857142857142857,12.0,12.0,0.0,0.0,2411.5087719298244,21495.568962024186,1,0,0.36896470588863783,false
bundles/jcr/resource/src/main/java/org/apache/sling/jcr/resource/JcrResourceUtil.java,226.0,18.0,45.0,10.0,48.0,49.0,2.0,cziegeler@13f79535-47bb-0310-9956-ffa450edef68,1,0.002857142857142857,6.0,0.0,0.0,0.0,2411.5087719298244,21495.568962024186,1,2,0.36896470588863783,false
bundles/jcr/resource/src/main/java/org/apache/sling/jcr/resource/internal/JcrResourceListener.java,324.0,28.0,8.0,9.0,71.0,36.0,1.0,cziegeler@13f79535-47bb-0310-9956-ffa450edef68,1,0.002857142857142857,8.0,3.0,0.0,3.0,2411.5087719298244,21495.568962024186,1,5,0.36896470588863783,false
bundles/jcr/resource/src/main/java/org/apache/sling/jcr/resource/internal/helper/JcrPropertyMapCacheEntry.java,85.0,11.0,3.0,6.0,17.0,25.0,2.0,cziegeler@13f79535-47bb-0310-9956-ffa450edef68,1,0.002857142857142857,11.0,0.0,0.0,0.0,2411.5087719298244,21495.568962024186,1,0,0.36896470588863783,false
bundles/jcr/resource/src/main/java/org/apache/sling/jcr/resource/internal/helper/jcr/JcrNodeResourceIterator.java,65.0,8.0,2.0,5.0,7.0,14.0,0.0,cziegeler@13f79535-47bb-0310-9956-ffa450edef68,0,0.0,0.0,0.0,0.0,0.0,0.0,0.0,0,1,0.0,true
bundles/jcr/resource/src/main/java/org/apache/sling/jcr/resource/internal/helper/jcr/JcrResourceProvider.java,339.0,35.0,0.0,23.0,80.0,89.0,3.0,cziegeler@13f79535-47bb-0310-9956-ffa450edef68,1,0.002857142857142857,11.0,0.0,0.0,0.0,2411.5087719298244,21495.568962024186,1,4,0.36896470588863783,false
bundles/jcr/resource/src/main/java/org/apache/sling/jcr/resource/internal/helper/jcr/JcrResourceProviderFactory.java,218.0,29.0,87.0,14.0,45.0,52.0,0.0,cziegeler@13f79535-47bb-0310-9956-ffa450edef68,0,0.0,0.0,0.0,0.0,0.0,0.0,0.0,0,0,0.0,true
bundles/jcr/resource/src/test/java/org/apache/sling/jcr/resource/internal/JcrResourceListenerTest.java,179.0,25.0,620.0,36.0,49.0,75.0,5.0,cziegeler@13f79535-47bb-0310-9956-ffa450edef68,1,0.002857142857142857,9.0,0.0,0.0,0.0,2411.5087719298244,21495.568962024186,1,3,0.36896470588863783,false
bundles/jcr/resource/src/test/java/org/apache/sling/jcr/resource/internal/SynchronousJcrResourceListener.java,13.0,9.0,1.0,2.0,2.0,3.0,0.0,cziegeler@13f79535-47bb-0310-9956-ffa450edef68,0,0.0,0.0,0.0,0.0,0.0,0.0,0.0,0,1,0.0,false
bundles/jcr/resource/src/test/java/org/apache/sling/jcr/resource/internal/helper/jcr/MockResourceResolver.java,83.0,10.0,288.0,25.0,8.0,47.0,8.0,cziegeler@13f79535-47bb-0310-9956-ffa450edef68,1,0.002857142857142857,6.0,0.0,0.0,0.0,2411.5087719298244,21495.568962024186,1,2,0.36896470588863783,false
bundles/jcr/webconsole/src/main/java/org/apache/sling/jcr/webconsole/internal/DescriptorsConfigurationPrinter.java,28.0,9.0,1.0,2.0,4.0,6.0,0.0,cziegeler@13f79535-47bb-0310-9956-ffa450edef68,0,0.0,0.0,0.0,0.0,0.0,0.0,0.0,0,0,0.0,false
bundles/jcr/webdav/src/main/java/org/apache/sling/jcr/webdav/impl/handler/SlingHandlerManager.java,58.0,8.0,0.0,5.0,12.0,9.0,0.0,fmeschbe@13f79535-47bb-0310-9956-ffa450edef68,0,0.0,0.0,0.0,0.0,0.0,0.0,0.0,0,1,0.0,false
bundles/resourceresolver/src/main/java/org/apache/sling/resourceresolver/impl/FactoryPreconditions.java,119.0,11.0,0.0,6.0,19.0,25.0,0.0,cziegeler@13f79535-47bb-0310-9956-ffa450edef68,0,0.0,0.0,0.0,0.0,0.0,0.0,0.0,0,0,0.0,false
bundles/resourceresolver/src/main/java/org/apache/sling/resourceresolver/impl/ResourceResolverFactoryActivator.java,243.0,31.0,73.0,18.0,47.0,34.0,3.0,cziegeler@13f79535-47bb-0310-9956-ffa450edef68,2,0.005714285714285714,7.0,0.0,0.0,3.0,3089.2587719298244,23269.592056931295,2,0,0.6996639470113205,false
bundles/resourceresolver/src/main/java/org/apache/sling/resourceresolver/impl/ResourceResolverFactoryImpl.java,99.0,15.0,0.0,14.0,17.0,31.0,6.0,cziegeler@13f79535-47bb-0310-9956-ffa450edef68,1,0.002857142857142857,7.0,0.0,0.0,0.0,677.75,1774.023094907109,1,0,2.4166575492538938,false
bundles/resourceresolver/src/main/java/org/apache/sling/resourceresolver/impl/ResourceResolverImpl.java,712.0,38.0,161.0,38.0,206.0,137.0,3.0,cziegeler@13f79535-47bb-0310-9956-ffa450edef68,1,0.002857142857142857,13.0,0.0,0.0,0.0,2411.5087719298244,21495.568962024186,1,0,0.36896470588863783,false
bundles/resourceresolver/src/main/java/org/apache/sling/resourceresolver/impl/helper/ResourceIterator.java,173.0,17.0,0.0,6.0,37.0,23.0,8.0,cziegeler@13f79535-47bb-0310-9956-ffa450edef68,1,0.002857142857142857,10.0,0.0,0.0,0.0,2411.5087719298244,21495.568962024186,1,0,0.36896470588863783,false
bundles/resourceresolver/src/main/java/org/apache/sling/resourceresolver/impl/helper/ResourceResolverContext.java,116.0,9.0,19.0,10.0,9.0,28.0,4.0,cziegeler@13f79535-47bb-0310-9956-ffa450edef68,1,0.002857142857142857,5.0,0.0,0.0,0.0,2411.5087719298244,21495.568962024186,1,0,0.36896470588863783,false
bundles/resourceresolver/src/main/java/org/apache/sling/resourceresolver/impl/mapping/MapConfigurationProvider.java,8.0,2.0,3.0,3.0,0.0,3.0,6.0,cziegeler@13f79535-47bb-0310-9956-ffa450edef68,1,0.002857142857142857,10.0,0.0,0.0,0.0,677.75,1774.023094907109,1,0,2.4166575492538938,false
bundles/resourceresolver/src/main/java/org/apache/sling/resourceresolver/impl/mapping/MapEntries.java,609.0,39.0,124.0,24.0,159.0,81.0,3.0,asanso@13f79535-47bb-0310-9956-ffa450edef68,2,0.005714285714285714,6.0,2.0,0.0,2.0,3089.2587719298244,23269.592056931295,2,0,1.097579099837329,false
bundles/resourceresolver/src/main/java/org/apache/sling/resourceresolver/impl/mapping/MapEntry.java,217.0,9.0,82.0,16.0,56.0,56.0,0.0,cziegeler@13f79535-47bb-0310-9956-ffa450edef68,0,0.0,0.0,0.0,0.0,0.0,0.0,0.0,0,0,0.0,false
bundles/resourceresolver/src/main/java/org/apache/sling/resourceresolver/impl/tree/ResourceProviderEntry.java,317.0,17.0,102.0,20.0,68.0,70.0,5.0,cziegeler@13f79535-47bb-0310-9956-ffa450edef68,2,0.005714285714285714,9.0,0.0,0.0,4.0,2721.7944862155387,22262.301974486545,2,0,1.0062161834545247,true
bundles/resourceresolver/src/main/java/org/apache/sling/resourceresolver/impl/tree/RootResourceProviderEntry.java,337.0,29.0,192.0,25.0,86.0,76.0,3.0,cziegeler@13f79535-47bb-0310-9956-ffa450edef68,2,0.005714285714285714,27.0,0.0,0.0,0.0,2721.7944862155387,22262.301974486545,2,0,0.6193829763443799,true
bundles/resourceresolver/src/test/java/org/apache/sling/resourceresolver/impl/ResourceResolverImplTest.java,430.0,29.0,0.0,7.0,57.0,20.0,2.0,cziegeler@13f79535-47bb-0310-9956-ffa450edef68,1,0.002857142857142857,5.0,0.0,0.0,0.0,2411.5087719298244,21495.568962024186,1,0,0.36896470588863783,false
bundles/resourceresolver/src/test/java/org/apache/sling/resourceresolver/impl/mapping/MapEntriesTest.java,71.0,19.0,9.0,6.0,72.0,25.0,6.0,asanso@13f79535-47bb-0310-9956-ffa450edef68,1,0.002857142857142857,4.0,0.0,0.0,0.0,677.75,1774.023094907109,1,0,2.4166575492538938,false
bundles/resourceresolver/src/test/java/org/apache/sling/resourceresolver/impl/mapping/MapEntryTest.java,117.0,7.0,55.0,11.0,29.0,15.0,0.0,fmeschbe@13f79535-47bb-0310-9956-ffa450edef68,0,0.0,0.0,0.0,0.0,0.0,0.0,0.0,0,0,0.0,false
bundles/resourceresolver/src/test/java/org/apache/sling/resourceresolver/impl/tree/ResourceProviderEntryTest.java,262.0,18.0,6.0,9.0,36.0,17.0,5.0,cziegeler@13f79535-47bb-0310-9956-ffa450edef68,2,0.005714285714285714,9.0,0.0,0.0,5.0,2721.7944862155387,22262.301974486545,2,0,1.0062161834545247,true
bundles/scripting/jsp-taglib/src/main/java/org/apache/sling/scripting/jsp/taglib/CallTag.java,104.0,18.0,0.0,5.0,26.0,14.0,7.0,justin@13f79535-47bb-0310-9956-ffa450edef68,1,0.002857142857142857,50.0,50.0,0.0,0.0,677.75,1774.023094907109,1,0,2.4166575492538938,true
bundles/scripting/jsp/src/main/java/org/apache/sling/scripting/jsp/JspScriptEngineFactory.java,334.0,43.0,148.0,21.0,71.0,47.0,9.0,cziegeler@13f79535-47bb-0310-9956-ffa450edef68,1,0.002857142857142857,2.0,0.0,0.0,0.0,677.75,1774.023094907109,1,4,2.4166575492538938,true
bundles/scripting/jsp/src/main/java/org/apache/sling/scripting/jsp/jasper/JspCompilationContext.java,436.0,18.0,1047.0,50.0,90.0,133.0,9.0,cziegeler@13f79535-47bb-0310-9956-ffa450edef68,1,0.002857142857142857,9.0,0.0,0.0,0.0,677.75,1774.023094907109,1,2,2.4166575492538938,true
bundles/scripting/jsp/src/main/java/org/apache/sling/scripting/jsp/jasper/compiler/Compiler.java,250.0,9.0,55.0,15.0,66.0,38.0,5.0,cziegeler@13f79535-47bb-0310-9956-ffa450edef68,1,0.002857142857142857,22.0,0.0,0.0,0.0,677.75,1774.023094907109,1,2,2.4166575492538938,false
bundles/scripting/jsp/src/main/java/org/apache/sling/scripting/jsp/jasper/compiler/JDTCompiler.java,314.0,29.0,36.0,9.0,91.0,32.0,9.0,cziegeler@13f79535-47bb-0310-9956-ffa450edef68,1,0.002857142857142857,12.0,0.0,0.0,0.0,677.75,1774.023094907109,1,0,2.4166575492538938,false
bundles/scripting/jsp/src/main/java/org/apache/sling/scripting/jsp/jasper/compiler/PageInfo.java,383.0,11.0,3076.0,81.0,52.0,167.0,9.0,fmeschbe@13f79535-47bb-0310-9956-ffa450edef68,1,0.002857142857142857,50.0,0.0,0.0,0.0,677.75,1774.023094907109,1,0,2.4166575492538938,false
bundles/scripting/jsp/src/main/java/org/apache/sling/scripting/jsp/jasper/compiler/TagFileProcessor.java,387.0,19.0,0.0,4.0,38.0,22.0,5.0,cziegeler@13f79535-47bb-0310-9956-ffa450edef68,1,0.002857142857142857,29.0,0.0,0.0,0.0,677.75,1774.023094907109,1,0,2.4166575492538938,true
bundles/scripting/jsp/src/main/java/org/apache/sling/scripting/jsp/jasper/servlet/JspServletWrapper.java,539.0,39.0,33.0,22.0,140.0,93.0,5.0,cziegeler@13f79535-47bb-0310-9956-ffa450edef68,2,0.005714285714285714,11.0,0.0,0.0,0.0,3089.2587719298244,23269.592056931295,2,7,0.6996639470113205,true
bundles/servlets/get/src/main/java/org/apache/sling/servlets/get/impl/helpers/JsonObjectCreator.java,155.0,15.0,28.0,8.0,31.0,38.0,4.0,cziegeler@13f79535-47bb-0310-9956-ffa450edef68,1,0.002857142857142857,14.0,0.0,14.0,0.0,2411.5087719298244,21495.568962024186,1,0,0.36896470588863783,true
bundles/servlets/get/src/main/java/org/apache/sling/servlets/get/impl/helpers/JsonRendererServlet.java,106.0,14.0,2.0,4.0,29.0,15.0,4.0,cziegeler@13f79535-47bb-0310-9956-ffa450edef68,1,0.002857142857142857,11.0,0.0,11.0,0.0,2411.5087719298244,21495.568962024186,1,3,0.36896470588863783,false
bundles/servlets/get/src/main/java/org/apache/sling/servlets/get/impl/helpers/ResourceTraversor.java,94.0,7.0,11.0,7.0,14.0,22.0,4.0,fmeschbe@13f79535-47bb-0310-9956-ffa450edef68,1,0.002857142857142857,17.0,0.0,17.0,0.0,2411.5087719298244,21495.568962024186,1,2,0.36896470588863783,false
bundles/servlets/post/src/main/java/org/apache/sling/servlets/post/AbstractPostOperation.java,389.0,20.0,151.0,18.0,98.0,75.0,9.0,cziegeler@13f79535-47bb-0310-9956-ffa450edef68,1,0.002857142857142857,20.0,20.0,0.0,0.0,2411.5087719298244,21495.568962024186,1,0,0.36896470588863783,false
bundles/servlets/post/src/main/java/org/apache/sling/servlets/post/impl/SlingPostServlet.java,476.0,54.0,178.0,28.0,133.0,95.0,6.0,null,1,0.002857142857142857,9.0,5.0,0.0,0.0,2411.5087719298244,21495.568962024186,1,3,0.36896470588863783,false
bundles/servlets/post/src/main/java/org/apache/sling/servlets/post/impl/helper/SlingFileUploadHandler.java,175.0,16.0,11.0,6.0,54.0,32.0,5.0,fmeschbe@13f79535-47bb-0310-9956-ffa450edef68,1,0.002857142857142857,29.0,14.0,0.0,0.0,2411.5087719298244,21495.568962024186,1,1,0.36896470588863783,false
bundles/servlets/post/src/main/java/org/apache/sling/servlets/post/impl/helper/SlingPropertyValueHandler.java,465.0,19.0,97.0,19.0,124.0,87.0,4.0,justin@13f79535-47bb-0310-9956-ffa450edef68,1,0.002857142857142857,16.0,11.0,0.0,0.0,2411.5087719298244,21495.568962024186,1,1,0.36896470588863783,true
bundles/servlets/post/src/main/java/org/apache/sling/servlets/post/impl/operations/AbstractCreateOperation.java,368.0,34.0,106.0,16.0,106.0,65.0,9.0,cziegeler@13f79535-47bb-0310-9956-ffa450edef68,1,0.002857142857142857,7.0,7.0,0.0,0.0,2411.5087719298244,21495.568962024186,1,0,0.36896470588863783,true
bundles/servlets/post/src/main/java/org/apache/sling/servlets/post/impl/operations/DeleteOperation.java,51.0,11.0,0.0,1.0,15.0,6.0,9.0,fmeschbe@13f79535-47bb-0310-9956-ffa450edef68,1,0.002857142857142857,14.0,14.0,0.0,0.0,2411.5087719298244,21495.568962024186,1,1,0.36896470588863783,false
bundles/servlets/post/src/main/java/org/apache/sling/servlets/post/impl/operations/ImportOperation.java,172.0,20.0,130.0,17.0,60.0,40.0,9.0,enorman@13f79535-47bb-0310-9956-ffa450edef68,1,0.002857142857142857,6.0,6.0,0.0,0.0,2411.5087719298244,21495.568962024186,1,3,0.36896470588863783,true
bundles/servlets/post/src/main/java/org/apache/sling/servlets/post/impl/operations/ModifyOperation.java,231.0,26.0,35.0,10.0,80.0,37.0,9.0,justin@13f79535-47bb-0310-9956-ffa450edef68,1,0.002857142857142857,6.0,6.0,0.0,0.0,2411.5087719298244,21495.568962024186,1,1,0.36896470588863783,true
bundles/servlets/post/src/test/java/org/apache/sling/servlets/post/impl/SlingPostServletTest.java,110.0,13.0,9.0,7.0,12.0,15.0,3.0,fmeschbe@13f79535-47bb-0310-9956-ffa450edef68,1,0.002857142857142857,14.0,0.0,0.0,0.0,2411.5087719298244,21495.568962024186,1,0,0.36896470588863783,false
bundles/servlets/resolver/src/main/java/org/apache/sling/servlets/resolver/internal/SlingServletResolver.java,938.0,77.0,93.0,30.0,180.0,123.0,3.0,cziegeler@13f79535-47bb-0310-9956-ffa450edef68,3,0.008571428571428572,5.0,4.0,0.0,0.0,3442.311403508772,23947.784293374385,3,10,0.7313750036146258,true
bundles/servlets/resolver/src/main/java/org/apache/sling/servlets/resolver/internal/helper/ResourceCollector.java,189.0,12.0,0.0,9.0,43.0,29.0,5.0,cziegeler@13f79535-47bb-0310-9956-ffa450edef68,1,0.002857142857142857,7.0,7.0,0.0,0.0,677.75,1774.023094907109,1,0,2.4166575492538938,false
bundles/servlets/resolver/src/test/java/org/apache/sling/servlets/resolver/internal/SlingServletResolverTest.java,96.0,33.0,46.0,12.0,28.0,24.0,5.0,cziegeler@13f79535-47bb-0310-9956-ffa450edef68,1,0.002857142857142857,10.0,10.0,0.0,0.0,677.75,1774.023094907109,1,0,2.4166575492538938,true
contrib/commons/compiler/src/main/java/org/apache/sling/commons/compiler/CompilationUnitWithSource.java,7.0,0.0,0.0,1.0,0.0,1.0,5.0,cziegeler@13f79535-47bb-0310-9956-ffa450edef68,1,0.002857142857142857,50.0,50.0,0.0,0.0,677.75,1774.023094907109,1,0,2.4166575492538938,false
contrib/commons/compiler/src/main/java/org/apache/sling/commons/compiler/impl/EclipseJavaCompiler.java,355.0,34.0,26.0,8.0,27.0,30.0,3.0,cziegeler@13f79535-47bb-0310-9956-ffa450edef68,2,0.005714285714285714,13.0,7.0,0.0,0.0,3089.2587719298244,23269.592056931295,2,1,0.6996639470113205,false
contrib/commons/fsclassloader/src/main/java/org/apache/sling/commons/fsclassloader/impl/FSClassLoaderProvider.java,139.0,16.0,27.0,10.0,35.0,32.0,4.0,cziegeler@13f79535-47bb-0310-9956-ffa450edef68,1,0.002857142857142857,22.0,0.0,0.0,0.0,2411.5087719298244,21495.568962024186,1,0,0.36896470588863783,false
contrib/commons/fsclassloader/src/main/java/org/apache/sling/commons/fsclassloader/impl/FSDynamicClassLoader.java,35.0,6.0,0.0,4.0,3.0,10.0,4.0,cziegeler@13f79535-47bb-0310-9956-ffa450edef68,1,0.002857142857142857,50.0,0.0,0.0,0.0,2411.5087719298244,21495.568962024186,1,0,0.36896470588863783,false
contrib/extensions/bgservlets/src/main/java/org/apache/sling/bgservlets/JobData.java,32.0,3.0,15.0,6.0,0.0,9.0,0.0,bdelacretaz@13f79535-47bb-0310-9956-ffa450edef68,0,0.0,0.0,0.0,0.0,0.0,0.0,0.0,0,0,0.0,true
contrib/extensions/cache/api/src/main/java/org/apache/sling/commons/cache/api/Cache.java,46.0,1.0,28.0,8.0,0.0,15.0,65.0,ieb@13f79535-47bb-0310-9956-ffa450edef68,1,0.002857142857142857,100.0,0.0,0.0,0.0,2214.8888888888887,13947.260869565218,1,0,3.1098047298138387,false
contrib/extensions/cache/api/src/main/java/org/apache/sling/commons/cache/api/CacheManagerService.java,18.0,0.0,1.0,2.0,0.0,6.0,65.0,ieb@13f79535-47bb-0310-9956-ffa450edef68,1,0.002857142857142857,100.0,0.0,0.0,0.0,2214.8888888888887,13947.260869565218,1,0,3.1098047298138387,false
contrib/extensions/cache/api/src/main/java/org/apache/sling/commons/cache/api/CacheScope.java,0.0,0.0,0.0,0.0,0.0,0.0,65.0,ieb@13f79535-47bb-0310-9956-ffa450edef68,1,0.002857142857142857,100.0,0.0,0.0,0.0,2214.8888888888887,13947.260869565218,1,0,3.1098047298138387,false
contrib/extensions/cache/api/src/main/java/org/apache/sling/commons/cache/api/ThreadBound.java,9.0,0.0,0.0,1.0,0.0,1.0,65.0,ieb@13f79535-47bb-0310-9956-ffa450edef68,1,0.002857142857142857,100.0,0.0,0.0,0.0,2214.8888888888887,13947.260869565218,1,0,3.1098047298138387,false
contrib/extensions/cache/api/src/main/java/org/apache/sling/commons/cache/api/package-info.java,0.0,0.0,0.0,0.0,0.0,0.0,32.0,ieb@13f79535-47bb-0310-9956-ffa450edef68,1,0.002857142857142857,100.0,0.0,0.0,0.0,2214.8888888888887,13947.260869565218,1,0,3.1098047298138387,false
contrib/extensions/cache/container-test/src/main/java/org/apache/sling/test/AbstractOSGiRunner.java,144.0,23.0,43.0,10.0,47.0,33.0,65.0,rombert@13f79535-47bb-0310-9956-ffa450edef68,1,0.002857142857142857,50.0,0.0,0.0,0.0,2214.8888888888887,13947.260869565218,1,0,3.1098047298138387,false
contrib/extensions/cache/ehcache/src/main/java/org/apache/sling/commons/cache/ehcache/CacheImpl.java,133.0,8.0,0.0,10.0,22.0,28.0,65.0,ieb@13f79535-47bb-0310-9956-ffa450edef68,1,0.002857142857142857,100.0,0.0,0.0,0.0,2214.8888888888887,13947.260869565218,1,0,3.1098047298138387,false
contrib/extensions/cache/ehcache/src/main/java/org/apache/sling/commons/cache/ehcache/CacheManagerServiceImpl.java,86.0,22.0,2.0,5.0,24.0,18.0,65.0,ieb@13f79535-47bb-0310-9956-ffa450edef68,1,0.002857142857142857,100.0,0.0,0.0,0.0,2214.8888888888887,13947.260869565218,1,0,3.1098047298138387,false
contrib/extensions/cache/ehcache/src/test/java/org/apache/sling/commons/cache/ehcache/CacheConfigTest.java,62.0,12.0,1.0,7.0,33.0,15.0,65.0,ieb@13f79535-47bb-0310-9956-ffa450edef68,1,0.002857142857142857,100.0,0.0,0.0,0.0,2214.8888888888887,13947.260869565218,1,0,3.1098047298138387,false
contrib/extensions/cache/ehcache/src/test/java/org/apache/sling/commons/cache/ehcache/CacheIT.java,100.0,15.0,8.0,8.0,45.0,12.0,65.0,ieb@13f79535-47bb-0310-9956-ffa450edef68,1,0.002857142857142857,100.0,0.0,0.0,0.0,2214.8888888888887,13947.260869565218,1,0,3.1098047298138387,false
contrib/extensions/cache/ehcache/src/test/java/org/apache/sling/commons/cache/ehcache/MapBuilder.java,12.0,2.0,0.0,1.0,1.0,3.0,65.0,ieb@13f79535-47bb-0310-9956-ffa450edef68,1,0.002857142857142857,100.0,0.0,0.0,0.0,2214.8888888888887,13947.260869565218,1,0,3.1098047298138387,false
contrib/extensions/cache/ehcache/src/test/java/org/apache/sling/commons/cache/ehcache/TestCache.java,62.0,12.0,1.0,7.0,33.0,15.0,65.0,ieb@13f79535-47bb-0310-9956-ffa450edef68,1,0.002857142857142857,100.0,0.0,0.0,0.0,2214.8888888888887,13947.260869565218,1,0,3.1098047298138387,false
contrib/extensions/cache/impl/src/main/java/org/apache/sling/commons/cache/impl/AbstractCacheManagerService.java,130.0,8.0,41.0,10.0,28.0,30.0,65.0,ieb@13f79535-47bb-0310-9956-ffa450edef68,1,0.002857142857142857,100.0,0.0,0.0,0.0,2214.8888888888887,13947.260869565218,1,0,3.1098047298138387,false
contrib/extensions/cache/impl/src/main/java/org/apache/sling/commons/cache/impl/MapCacheImpl.java,71.0,7.0,21.0,7.0,5.0,17.0,65.0,ieb@13f79535-47bb-0310-9956-ffa450edef68,1,0.002857142857142857,100.0,0.0,0.0,0.0,2214.8888888888887,13947.260869565218,1,0,3.1098047298138387,false
contrib/extensions/cache/impl/src/main/java/org/apache/sling/commons/cache/impl/MapDeligate.java,44.0,4.0,48.0,13.0,6.0,24.0,65.0,ieb@13f79535-47bb-0310-9956-ffa450edef68,1,0.002857142857142857,100.0,0.0,0.0,0.0,2214.8888888888887,13947.260869565218,1,0,3.1098047298138387,false
contrib/extensions/cache/impl/src/main/java/org/apache/sling/commons/cache/impl/ThreadLocalCacheMap.java,12.0,3.0,0.0,1.0,0.0,2.0,65.0,ieb@13f79535-47bb-0310-9956-ffa450edef68,1,0.002857142857142857,100.0,0.0,0.0,0.0,2214.8888888888887,13947.260869565218,1,0,3.1098047298138387,false
contrib/extensions/cache/infinispan/src/main/java/org/apache/sling/commons/cache/infinispan/CacheImpl.java,116.0,5.0,0.0,10.0,16.0,25.0,65.0,ieb@13f79535-47bb-0310-9956-ffa450edef68,1,0.002857142857142857,100.0,0.0,0.0,0.0,2214.8888888888887,13947.260869565218,1,0,3.1098047298138387,false
contrib/extensions/cache/infinispan/src/main/java/org/apache/sling/commons/cache/infinispan/CacheManagerServiceImpl.java,85.0,20.0,2.0,5.0,25.0,17.0,65.0,ieb@13f79535-47bb-0310-9956-ffa450edef68,1,0.002857142857142857,100.0,0.0,0.0,0.0,2214.8888888888887,13947.260869565218,1,0,3.1098047298138387,false
contrib/extensions/cache/infinispan/src/test/java/org/apache/sling/commons/cache/infinispan/CacheConfigTest.java,62.0,12.0,1.0,7.0,33.0,15.0,65.0,ieb@13f79535-47bb-0310-9956-ffa450edef68,1,0.002857142857142857,100.0,0.0,0.0,0.0,2214.8888888888887,13947.260869565218,1,0,3.1098047298138387,false
contrib/extensions/cache/infinispan/src/test/java/org/apache/sling/commons/cache/infinispan/CacheIT.java,102.0,16.0,8.0,8.0,46.0,12.0,65.0,ieb@13f79535-47bb-0310-9956-ffa450edef68,1,0.002857142857142857,100.0,0.0,0.0,0.0,2214.8888888888887,13947.260869565218,1,0,3.1098047298138387,false
contrib/extensions/cache/infinispan/src/test/java/org/apache/sling/commons/cache/infinispan/MapBuilder.java,12.0,2.0,0.0,1.0,1.0,3.0,65.0,ieb@13f79535-47bb-0310-9956-ffa450edef68,1,0.002857142857142857,100.0,0.0,0.0,0.0,2214.8888888888887,13947.260869565218,1,0,3.1098047298138387,false
contrib/extensions/cache/infinispan/src/test/java/org/apache/sling/commons/cache/infinispan/TestCache.java,62.0,12.0,1.0,7.0,33.0,15.0,65.0,ieb@13f79535-47bb-0310-9956-ffa450edef68,1,0.002857142857142857,100.0,0.0,0.0,0.0,2214.8888888888887,13947.260869565218,1,0,3.1098047298138387,false
contrib/extensions/cache/portal/src/main/java/org/apache/sling/portal/cache/Payload.java,37.0,0.0,0.0,2.0,2.0,5.0,65.0,ieb@13f79535-47bb-0310-9956-ffa450edef68,1,0.002857142857142857,100.0,0.0,0.0,0.0,2214.8888888888887,13947.260869565218,1,0,3.1098047298138387,false
contrib/extensions/cache/portal/src/main/java/org/apache/sling/portal/cache/PortalCache.java,59.0,14.0,21.0,11.0,12.0,20.0,65.0,ieb@13f79535-47bb-0310-9956-ffa450edef68,1,0.002857142857142857,100.0,0.0,0.0,0.0,2214.8888888888887,13947.260869565218,1,0,3.1098047298138387,false
contrib/extensions/i18n/src/main/java/org/apache/sling/i18n/impl/I18NFilter.java,215.0,35.0,14.0,9.0,11.0,14.0,0.0,fmeschbe@13f79535-47bb-0310-9956-ffa450edef68,0,0.0,0.0,0.0,0.0,0.0,0.0,0.0,0,0,0.0,true
contrib/extensions/i18n/src/main/java/org/apache/sling/i18n/impl/JcrResourceBundleProvider.java,375.0,37.0,83.0,18.0,80.0,58.0,0.0,fmeschbe@13f79535-47bb-0310-9956-ffa450edef68,0,0.0,0.0,0.0,0.0,0.0,0.0,0.0,0,0,0.0,false
contrib/extensions/mongodb/src/main/java/org/apache/sling/mongodb/impl/ChangeableValueMap.java,45.0,2.0,4.0,5.0,18.0,10.0,0.0,cziegeler@13f79535-47bb-0310-9956-ffa450edef68,0,0.0,0.0,0.0,0.0,0.0,0.0,0.0,0,0,0.0,false
contrib/extensions/mongodb/src/main/java/org/apache/sling/mongodb/impl/MongoDBCollectionResource.java,52.0,7.0,15.0,7.0,1.0,15.0,0.0,cziegeler@13f79535-47bb-0310-9956-ffa450edef68,0,0.0,0.0,0.0,0.0,0.0,0.0,0.0,0,0,0.0,false
contrib/extensions/mongodb/src/main/java/org/apache/sling/mongodb/impl/MongoDBContext.java,82.0,8.0,6.0,9.0,12.0,20.0,4.0,cziegeler@13f79535-47bb-0310-9956-ffa450edef68,1,0.002857142857142857,25.0,0.0,0.0,0.0,2411.5087719298244,21495.568962024186,1,0,0.36896470588863783,false
contrib/extensions/mongodb/src/main/java/org/apache/sling/mongodb/impl/MongoDBResource.java,103.0,7.0,7.0,11.0,7.0,24.0,0.0,cziegeler@13f79535-47bb-0310-9956-ffa450edef68,0,0.0,0.0,0.0,0.0,0.0,0.0,0.0,0,0,0.0,false
contrib/extensions/mongodb/src/main/java/org/apache/sling/mongodb/impl/MongoDBResourceProvider.java,322.0,20.0,145.0,23.0,114.0,75.0,2.0,cziegeler@13f79535-47bb-0310-9956-ffa450edef68,1,0.002857142857142857,20.0,0.0,0.0,0.0,2411.5087719298244,21495.568962024186,1,0,0.36896470588863783,true
contrib/extensions/mongodb/src/main/java/org/apache/sling/mongodb/impl/MongoDBResourceProviderFactory.java,53.0,18.0,0.0,3.0,8.0,9.0,4.0,cziegeler@13f79535-47bb-0310-9956-ffa450edef68,1,0.002857142857142857,25.0,0.0,0.0,0.0,2411.5087719298244,21495.568962024186,1,0,0.36896470588863783,true
contrib/extensions/mongodb/src/main/java/org/apache/sling/mongodb/impl/ReadableValueMap.java,173.0,10.0,81.0,18.0,36.0,44.0,1.0,cziegeler@13f79535-47bb-0310-9956-ffa450edef68,1,0.002857142857142857,20.0,0.0,0.0,0.0,2411.5087719298244,21495.568962024186,1,0,0.36896470588863783,false
contrib/extensions/startup-filter-disabler/src/main/java/org/apache/sling/startupfilterdisabler/impl/StartupFilterDisablerImpl.java,5.0,3.0,0.0,1.0,0.0,2.0,0.0,bdelacretaz@13f79535-47bb-0310-9956-ffa450edef68,0,0.0,0.0,0.0,0.0,0.0,0.0,0.0,0,0,0.0,true
contrib/extensions/startup-filter/src/main/java/org/apache/sling/startupfilter/StartupFilterDisabler.java,6.0,0.0,0.0,1.0,0.0,1.0,0.0,bdelacretaz@13f79535-47bb-0310-9956-ffa450edef68,0,0.0,0.0,0.0,0.0,0.0,0.0,0.0,0,0,0.0,true
contrib/extensions/startup-filter/src/main/java/org/apache/sling/startupfilter/impl/StartupFilterImpl.java,112.0,29.0,15.0,10.0,40.0,24.0,0.0,bdelacretaz@13f79535-47bb-0310-9956-ffa450edef68,0,0.0,0.0,0.0,0.0,0.0,0.0,0.0,0,1,0.0,true
contrib/extensions/tenant/src/main/java/org/apache/sling/tenant/Tenant.java,41.0,1.0,15.0,6.0,0.0,11.0,7.0,fmeschbe@13f79535-47bb-0310-9956-ffa450edef68,1,0.002857142857142857,33.0,0.0,0.0,0.0,353.05263157894734,678.1922364430889,1,0,2.7043396217056745,false
contrib/extensions/tenant/src/main/java/org/apache/sling/tenant/TenantProvider.java,18.0,1.0,3.0,3.0,0.0,6.0,4.0,fmeschbe@13f79535-47bb-0310-9956-ffa450edef68,1,0.002857142857142857,40.0,0.0,20.0,0.0,353.05263157894734,678.1922364430889,1,0,2.7043396217056745,false
contrib/extensions/tenant/src/main/java/org/apache/sling/tenant/internal/TenantAdapterFactory.java,58.0,14.0,0.0,5.0,21.0,12.0,7.0,fmeschbe@13f79535-47bb-0310-9956-ffa450edef68,1,0.002857142857142857,20.0,0.0,0.0,0.0,353.05263157894734,678.1922364430889,1,0,2.7043396217056745,false
contrib/extensions/tenant/src/main/java/org/apache/sling/tenant/internal/TenantImpl.java,36.0,8.0,0.0,8.0,10.0,15.0,7.0,fmeschbe@13f79535-47bb-0310-9956-ffa450edef68,1,0.002857142857142857,50.0,0.0,0.0,0.0,353.05263157894734,678.1922364430889,1,0,2.7043396217056745,false
contrib/extensions/tenant/src/main/java/org/apache/sling/tenant/internal/TenantProviderImpl.java,154.0,33.0,12.0,9.0,51.0,33.0,2.0,fmeschbe@13f79535-47bb-0310-9956-ffa450edef68,1,0.002857142857142857,60.0,0.0,20.0,10.0,353.05263157894734,678.1922364430889,1,0,2.7043396217056745,false
contrib/extensions/tenant/src/main/java/org/apache/sling/tenant/package-info.java,0.0,0.0,0.0,0.0,0.0,0.0,32.0,fmeschbe@13f79535-47bb-0310-9956-ffa450edef68,1,0.002857142857142857,100.0,0.0,0.0,0.0,353.05263157894734,678.1922364430889,1,0,2.7043396217056745,false
contrib/scripting/java/src/main/java/org/apache/sling/scripting/java/impl/CompilationUnit.java,54.0,4.0,0.0,5.0,7.0,15.0,5.0,cziegeler@13f79535-47bb-0310-9956-ffa450edef68,1,0.002857142857142857,33.0,33.0,0.0,0.0,677.75,1774.023094907109,1,0,2.4166575492538938,false
contrib/scripting/jst/src/main/java/org/apache/sling/scripting/jst/HtmlContentRenderer.java,95.0,8.0,21.0,7.0,41.0,27.0,0.0,fmeschbe@13f79535-47bb-0310-9956-ffa450edef68,0,0.0,0.0,0.0,0.0,0.0,0.0,0.0,0,0,0.0,false
contrib/scripting/jst/src/main/java/org/apache/sling/scripting/jst/JsCodeGeneratorServlet.java,30.0,15.0,1.0,2.0,10.0,7.0,0.0,fmeschbe@13f79535-47bb-0310-9956-ffa450edef68,0,0.0,0.0,0.0,0.0,0.0,0.0,0.0,0,0,0.0,false
contrib/scripting/jst/src/main/java/org/apache/sling/scripting/jst/JstScriptEngineFactory.java,28.0,2.0,15.0,6.0,3.0,11.0,0.0,fmeschbe@13f79535-47bb-0310-9956-ffa450edef68,0,0.0,0.0,0.0,0.0,0.0,0.0,0.0,0,0,0.0,false
contrib/scripting/script-console/src/main/java/org/apache/sling/scripting/console/internal/RuntimeScriptResource.java,93.0,9.0,74.0,13.0,5.0,34.0,0.0,fmeschbe@13f79535-47bb-0310-9956-ffa450edef68,0,0.0,0.0,0.0,0.0,0.0,0.0,0.0,0,0,0.0,false
contrib/scripting/script-console/src/main/java/org/apache/sling/scripting/console/internal/ScriptConsolePlugin.java,159.0,33.0,85.0,14.0,59.0,43.0,0.0,fmeschbe@13f79535-47bb-0310-9956-ffa450edef68,0,0.0,0.0,0.0,0.0,0.0,0.0,0.0,0,0,0.0,false
installer/api/src/main/java/org/apache/sling/installer/api/InstallableResource.java,116.0,2.0,10.0,8.0,2.0,27.0,59.0,cziegeler@13f79535-47bb-0310-9956-ffa450edef68,1,0.002857142857142857,50.0,0.0,0.0,0.0,2214.8888888888887,13947.260869565218,1,0,3.1098047298138387,false
installer/api/src/main/java/org/apache/sling/installer/api/OsgiInstaller.java,18.0,0.0,1.0,2.0,0.0,6.0,59.0,cziegeler@13f79535-47bb-0310-9956-ffa450edef68,1,0.002857142857142857,50.0,0.0,0.0,0.0,2214.8888888888887,13947.260869565218,1,0,3.1098047298138387,false
installer/api/src/main/java/org/apache/sling/installer/api/ResourceChangeListener.java,20.0,3.0,1.0,2.0,0.0,4.0,59.0,cziegeler@13f79535-47bb-0310-9956-ffa450edef68,1,0.002857142857142857,50.0,0.0,0.0,0.0,2214.8888888888887,13947.260869565218,1,0,3.1098047298138387,false
installer/api/src/main/java/org/apache/sling/installer/api/UpdateHandler.java,38.0,3.0,3.0,3.0,0.0,6.0,59.0,cziegeler@13f79535-47bb-0310-9956-ffa450edef68,1,0.002857142857142857,50.0,0.0,0.0,0.0,2214.8888888888887,13947.260869565218,1,0,3.1098047298138387,false
installer/api/src/main/java/org/apache/sling/installer/api/UpdateResult.java,92.0,0.0,29.0,11.0,7.0,25.0,59.0,cziegeler@13f79535-47bb-0310-9956-ffa450edef68,1,0.002857142857142857,50.0,0.0,0.0,0.0,2214.8888888888887,13947.260869565218,1,0,3.1098047298138387,false
installer/api/src/main/java/org/apache/sling/installer/api/event/InstallationEvent.java,17.0,0.0,1.0,2.0,0.0,2.0,59.0,cziegeler@13f79535-47bb-0310-9956-ffa450edef68,1,0.002857142857142857,50.0,0.0,0.0,0.0,2214.8888888888887,13947.260869565218,1,0,3.1098047298138387,false
installer/api/src/main/java/org/apache/sling/installer/api/event/InstallationListener.java,10.0,0.0,0.0,1.0,0.0,1.0,59.0,cziegeler@13f79535-47bb-0310-9956-ffa450edef68,1,0.002857142857142857,50.0,0.0,0.0,0.0,2214.8888888888887,13947.260869565218,1,0,3.1098047298138387,false
installer/api/src/main/java/org/apache/sling/installer/api/info/InfoProvider.java,10.0,0.0,0.0,1.0,0.0,1.0,59.0,cziegeler@13f79535-47bb-0310-9956-ffa450edef68,1,0.002857142857142857,50.0,0.0,0.0,0.0,2214.8888888888887,13947.260869565218,1,0,3.1098047298138387,false
installer/api/src/main/java/org/apache/sling/installer/api/info/InstallationState.java,21.0,2.0,3.0,3.0,0.0,7.0,59.0,cziegeler@13f79535-47bb-0310-9956-ffa450edef68,1,0.002857142857142857,50.0,0.0,0.0,0.0,2214.8888888888887,13947.260869565218,1,0,3.1098047298138387,false
installer/api/src/main/java/org/apache/sling/installer/api/info/Resource.java,26.0,5.0,6.0,4.0,0.0,11.0,26.0,cziegeler@13f79535-47bb-0310-9956-ffa450edef68,2,0.005714285714285714,67.0,33.0,0.0,0.0,4626.397660818713,35442.829831589406,2,0,1.0462375372912929,false
installer/api/src/main/java/org/apache/sling/installer/api/info/ResourceGroup.java,16.0,1.0,1.0,2.0,0.0,6.0,59.0,cziegeler@13f79535-47bb-0310-9956-ffa450edef68,1,0.002857142857142857,50.0,0.0,0.0,0.0,2214.8888888888887,13947.260869565218,1,0,3.1098047298138387,false
installer/api/src/main/java/org/apache/sling/installer/api/tasks/ChangeStateTask.java,54.0,1.0,4.0,4.0,8.0,8.0,59.0,cziegeler@13f79535-47bb-0310-9956-ffa450edef68,1,0.002857142857142857,50.0,0.0,0.0,0.0,2214.8888888888887,13947.260869565218,1,0,3.1098047298138387,false
installer/api/src/main/java/org/apache/sling/installer/api/tasks/InstallTask.java,90.0,0.0,46.0,12.0,12.0,30.0,59.0,cziegeler@13f79535-47bb-0310-9956-ffa450edef68,1,0.002857142857142857,50.0,0.0,0.0,0.0,2214.8888888888887,13947.260869565218,1,0,3.1098047298138387,false
installer/api/src/main/java/org/apache/sling/installer/api/tasks/InstallTaskFactory.java,9.0,0.0,0.0,1.0,0.0,3.0,59.0,cziegeler@13f79535-47bb-0310-9956-ffa450edef68,1,0.002857142857142857,50.0,0.0,0.0,0.0,2214.8888888888887,13947.260869565218,1,0,3.1098047298138387,false
installer/api/src/main/java/org/apache/sling/installer/api/tasks/InstallationContext.java,29.0,0.0,10.0,5.0,0.0,10.0,59.0,cziegeler@13f79535-47bb-0310-9956-ffa450edef68,1,0.002857142857142857,50.0,0.0,0.0,0.0,2214.8888888888887,13947.260869565218,1,0,3.1098047298138387,false
installer/api/src/main/java/org/apache/sling/installer/api/tasks/RegisteredResource.java,40.0,3.0,28.0,8.0,0.0,21.0,41.0,cziegeler@13f79535-47bb-0310-9956-ffa450edef68,2,0.005714285714285714,67.0,33.0,0.0,0.0,4626.397660818713,35442.829831589406,2,0,1.0462375372912929,false
installer/api/src/main/java/org/apache/sling/installer/api/tasks/ResourceState.java,0.0,0.0,0.0,0.0,0.0,0.0,41.0,cziegeler@13f79535-47bb-0310-9956-ffa450edef68,2,0.005714285714285714,67.0,33.0,0.0,0.0,4626.397660818713,35442.829831589406,2,0,1.0462375372912929,false
installer/api/src/main/java/org/apache/sling/installer/api/tasks/ResourceTransformer.java,11.0,0.0,0.0,1.0,0.0,3.0,59.0,cziegeler@13f79535-47bb-0310-9956-ffa450edef68,1,0.002857142857142857,50.0,0.0,0.0,0.0,2214.8888888888887,13947.260869565218,1,0,3.1098047298138387,false
installer/api/src/main/java/org/apache/sling/installer/api/tasks/RetryHandler.java,10.0,0.0,0.0,1.0,0.0,1.0,59.0,cziegeler@13f79535-47bb-0310-9956-ffa450edef68,1,0.002857142857142857,50.0,0.0,0.0,0.0,2214.8888888888887,13947.260869565218,1,0,3.1098047298138387,false
installer/api/src/main/java/org/apache/sling/installer/api/tasks/TaskResource.java,47.0,1.0,15.0,6.0,0.0,12.0,41.0,cziegeler@13f79535-47bb-0310-9956-ffa450edef68,2,0.005714285714285714,67.0,33.0,0.0,0.0,4626.397660818713,35442.829831589406,2,0,1.0462375372912929,false
installer/api/src/main/java/org/apache/sling/installer/api/tasks/TaskResourceGroup.java,30.0,0.0,10.0,5.0,0.0,12.0,59.0,cziegeler@13f79535-47bb-0310-9956-ffa450edef68,1,0.002857142857142857,50.0,0.0,0.0,0.0,2214.8888888888887,13947.260869565218,1,0,3.1098047298138387,false
installer/api/src/main/java/org/apache/sling/installer/api/tasks/TransformationResult.java,95.0,3.0,35.0,10.0,0.0,15.0,59.0,cziegeler@13f79535-47bb-0310-9956-ffa450edef68,1,0.002857142857142857,50.0,0.0,0.0,0.0,2214.8888888888887,13947.260869565218,1,0,3.1098047298138387,false
installer/api/src/test/java/org/apache/sling/installer/api/InstallableResourceTest.java,28.0,5.0,1.0,2.0,4.0,3.0,59.0,cziegeler@13f79535-47bb-0310-9956-ffa450edef68,1,0.002857142857142857,50.0,0.0,0.0,0.0,2214.8888888888887,13947.260869565218,1,0,3.1098047298138387,false
installer/console/src/main/java/org/apache/sling/installer/core/impl/console/OsgiInstallerWebConsolePlugin.java,215.0,24.0,26.0,8.0,58.0,31.0,3.0,bdelacretaz@13f79535-47bb-0310-9956-ffa450edef68,2,0.005714285714285714,75.0,75.0,0.0,0.0,2721.7944862155387,22262.301974486545,2,0,0.6193829763443799,false
installer/core/src/main/java/org/apache/sling/installer/core/impl/AbstractInstallTask.java,35.0,8.0,0.0,6.0,3.0,11.0,0.0,cziegeler@13f79535-47bb-0310-9956-ffa450edef68,0,0.0,0.0,0.0,0.0,0.0,0.0,0.0,0,0,0.0,false
installer/core/src/main/java/org/apache/sling/installer/core/impl/Activator.java,78.0,15.0,0.0,3.0,15.0,11.0,8.0,cziegeler@13f79535-47bb-0310-9956-ffa450edef68,0,0.0,0.0,0.0,0.0,0.0,0.0,0.0,0,0,0.0,false
installer/core/src/main/java/org/apache/sling/installer/core/impl/EntityResourceList.java,300.0,16.0,51.0,22.0,67.0,66.0,2.0,cziegeler@13f79535-47bb-0310-9956-ffa450edef68,2,0.005714285714285714,7.0,3.0,3.0,3.0,2721.7944862155387,22262.301974486545,2,2,1.0062161834545247,false
installer/core/src/main/java/org/apache/sling/installer/core/impl/OsgiInstallerImpl.java,930.0,44.0,648.0,49.0,271.0,155.0,4.0,cziegeler@13f79535-47bb-0310-9956-ffa450edef68,2,0.005714285714285714,3.0,2.0,2.0,2.0,2721.7944862155387,22262.301974486545,2,3,1.0062161834545247,false
installer/core/src/main/java/org/apache/sling/installer/core/impl/SortingServiceTracker.java,20.0,3.0,0.0,2.0,1.0,4.0,2.0,cziegeler@13f79535-47bb-0310-9956-ffa450edef68,1,0.002857142857142857,18.0,0.0,0.0,18.0,171.63636363636363,111.2197825296701,1,3,4.496099090933729,false
installer/core/src/main/java/org/apache/sling/installer/core/impl/tasks/InstallerBundleUpdateTask.java,41.0,7.0,0.0,4.0,18.0,9.0,0.0,cziegeler@13f79535-47bb-0310-9956-ffa450edef68,0,0.0,0.0,0.0,0.0,0.0,0.0,0.0,0,0,0.0,false
installer/core/src/main/java/org/apache/sling/installer/core/impl/tasks/RefreshBundlesTask.java,69.0,6.0,8.0,5.0,18.0,10.0,0.0,cziegeler@13f79535-47bb-0310-9956-ffa450edef68,0,0.0,0.0,0.0,0.0,0.0,0.0,0.0,0,1,0.0,false
installer/core/src/main/java/org/apache/sling/installer/core/impl/tasks/RefreshOptionalPackagesTask.java,79.0,9.0,6.0,4.0,24.0,10.0,0.0,cziegeler@13f79535-47bb-0310-9956-ffa450edef68,0,0.0,0.0,0.0,0.0,0.0,0.0,0.0,0,0,0.0,false
installer/core/src/main/java/org/apache/sling/installer/core/impl/tasks/RestartActiveBundlesTask.java,53.0,8.0,1.0,3.0,22.0,12.0,0.0,bdelacretaz@13f79535-47bb-0310-9956-ffa450edef68,0,0.0,0.0,0.0,0.0,0.0,0.0,0.0,0,1,0.0,false
installer/core/src/main/java/org/apache/sling/installer/core/impl/tasks/TaskSupport.java,70.0,8.0,0.0,5.0,7.0,12.0,4.0,cziegeler@13f79535-47bb-0310-9956-ffa450edef68,1,0.002857142857142857,50.0,0.0,0.0,0.0,2411.5087719298244,21495.568962024186,1,0,0.36896470588863783,false
installer/core/src/main/java/org/apache/sling/installer/core/impl/util/BundleRefresher.java,7.0,3.0,1.0,2.0,0.0,2.0,0.0,cziegeler@13f79535-47bb-0310-9956-ffa450edef68,0,0.0,0.0,0.0,0.0,0.0,0.0,0.0,0,0,0.0,false
installer/core/src/main/java/org/apache/sling/installer/core/impl/util/PABundleRefresher.java,87.0,9.0,0.0,4.0,14.0,12.0,0.0,bdelacretaz@13f79535-47bb-0310-9956-ffa450edef68,0,0.0,0.0,0.0,0.0,0.0,0.0,0.0,0,0,0.0,false
installer/core/src/main/java/org/apache/sling/installer/core/impl/util/RefreshDependenciesUtil.java,55.0,7.0,0.0,3.0,10.0,9.0,0.0,bdelacretaz@13f79535-47bb-0310-9956-ffa450edef68,0,0.0,0.0,0.0,0.0,0.0,0.0,0.0,0,0,0.0,false
installer/core/src/main/java/org/apache/sling/installer/core/impl/util/WABundleRefresher.java,84.0,10.0,0.0,4.0,12.0,14.0,7.0,cziegeler@13f79535-47bb-0310-9956-ffa450edef68,1,0.002857142857142857,50.0,0.0,0.0,0.0,2411.5087719298244,21495.568962024186,1,0,0.36896470588863783,false
installer/core/src/main/java/org/osgi/framework/Bundle.java,275.0,6.0,351.0,27.0,0.0,126.0,7.0,cziegeler@13f79535-47bb-0310-9956-ffa450edef68,1,0.002857142857142857,100.0,0.0,0.0,0.0,2411.5087719298244,21495.568962024186,1,0,0.36896470588863783,false
installer/core/src/main/java/org/osgi/framework/BundleReference.java,14.0,0.0,0.0,1.0,0.0,2.0,7.0,cziegeler@13f79535-47bb-0310-9956-ffa450edef68,1,0.002857142857142857,100.0,0.0,0.0,0.0,2411.5087719298244,21495.568962024186,1,0,0.36896470588863783,false
installer/core/src/main/java/org/osgi/framework/wiring/FrameworkWiring.java,36.0,4.0,6.0,4.0,0.0,17.0,7.0,cziegeler@13f79535-47bb-0310-9956-ffa450edef68,1,0.002857142857142857,100.0,0.0,0.0,0.0,2411.5087719298244,21495.568962024186,1,0,0.36896470588863783,false
installer/core/src/test/java/org/apache/sling/installer/core/impl/MockBundleContext.java,149.0,18.0,1176.0,49.0,5.0,105.0,4.0,cziegeler@13f79535-47bb-0310-9956-ffa450edef68,1,0.002857142857142857,20.0,0.0,0.0,0.0,2411.5087719298244,21495.568962024186,1,0,0.36896470588863783,false
installer/core/src/test/java/org/apache/sling/installer/core/impl/util/RefreshDependenciesUtilTest.java,120.0,13.0,0.0,10.0,39.0,17.0,0.0,bdelacretaz@13f79535-47bb-0310-9956-ffa450edef68,0,0.0,0.0,0.0,0.0,0.0,0.0,0.0,0,0,0.0,false
installer/factories/configuration/src/main/java/org/apache/sling/installer/factories/configuration/impl/ConfigUtil.java,126.0,11.0,8.0,5.0,24.0,23.0,2.0,cziegeler@13f79535-47bb-0310-9956-ffa450edef68,1,0.002857142857142857,17.0,0.0,0.0,0.0,2411.5087719298244,21495.568962024186,1,0,0.36896470588863783,false
installer/it/src/test/java/org/apache/sling/installer/it/OsgiInstallerTestBase.java,427.0,36.0,310.0,29.0,101.0,93.0,30.0,cziegeler@13f79535-47bb-0310-9956-ffa450edef68,2,0.005714285714285714,9.0,0.0,0.0,0.0,4626.397660818713,35442.829831589406,2,0,1.0462375372912929,true
launchpad/base/src/main/java/org/apache/sling/launchpad/base/app/MainDelegate.java,268.0,18.0,89.0,15.0,48.0,37.0,1.0,fmeschbe@13f79535-47bb-0310-9956-ffa450edef68,1,0.002857142857142857,9.0,0.0,0.0,0.0,353.05263157894734,678.1922364430889,1,1,2.7043396217056745,false
launchpad/base/src/main/java/org/apache/sling/launchpad/base/impl/SlingFelix.java,112.0,11.0,28.0,8.0,11.0,25.0,0.0,fmeschbe@13f79535-47bb-0310-9956-ffa450edef68,0,0.0,0.0,0.0,0.0,0.0,0.0,0.0,0,0,0.0,false
launchpad/base/src/test/java/org/apache/sling/launchpad/base/impl/SlingFelixTest.java,118.0,15.0,12.0,9.0,45.0,27.0,0.0,fmeschbe@13f79535-47bb-0310-9956-ffa450edef68,0,0.0,0.0,0.0,0.0,0.0,0.0,0.0,0,0,0.0,true
launchpad/base/src/test/java/org/apache/sling/launchpad/base/impl/t1/T1Activator.java,20.0,4.0,1.0,3.0,6.0,7.0,0.0,fmeschbe@13f79535-47bb-0310-9956-ffa450edef68,0,0.0,0.0,0.0,0.0,0.0,0.0,0.0,0,0,0.0,false
launchpad/integration-tests/src/main/java/org/apache/sling/launchpad/local/integrationtest/JcrResourceResolverTest.java,1458.0,49.0,0.0,58.0,514.0,123.0,0.0,cziegeler@13f79535-47bb-0310-9956-ffa450edef68,0,0.0,0.0,0.0,0.0,0.0,0.0,0.0,0,0,0.0,false
launchpad/integration-tests/src/main/java/org/apache/sling/launchpad/webapp/integrationtest/JspIncludeTest.java,124.0,7.0,9.0,10.0,40.0,27.0,7.0,bdelacretaz@13f79535-47bb-0310-9956-ffa450edef68,1,0.002857142857142857,20.0,20.0,0.0,0.0,677.75,1774.023094907109,1,0,2.4166575492538938,false
launchpad/integration-tests/src/main/java/org/apache/sling/launchpad/webapp/integrationtest/PostRedirectTest.java,66.0,5.0,0.0,7.0,28.0,16.0,3.0,kwin@13f79535-47bb-0310-9956-ffa450edef68,1,0.002857142857142857,33.0,0.0,0.0,0.0,2411.5087719298244,21495.568962024186,1,0,0.36896470588863783,true
launchpad/integration-tests/src/main/java/org/apache/sling/launchpad/webapp/integrationtest/VanityPathTest.java,120.0,10.0,0.0,8.0,60.0,16.0,2.0,fmeschbe@13f79535-47bb-0310-9956-ffa450edef68,1,0.002857142857142857,14.0,14.0,0.0,0.0,677.75,1774.023094907109,1,1,2.4166575492538938,false
launchpad/integration-tests/src/main/java/org/apache/sling/launchpad/webapp/integrationtest/accessManager/AbstractAccessManagerTest.java,33.0,7.0,0.0,2.0,16.0,6.0,6.0,bdelacretaz@13f79535-47bb-0310-9956-ffa450edef68,1,0.002857142857142857,17.0,0.0,0.0,0.0,103.33333333333334,60.512831666122054,1,0,4.496099090933729,false
launchpad/integration-tests/src/main/java/org/apache/sling/launchpad/webapp/integrationtest/accessManager/GetAclTest.java,373.0,12.0,0.0,9.0,121.0,43.0,4.0,bdelacretaz@13f79535-47bb-0310-9956-ffa450edef68,1,0.002857142857142857,33.0,0.0,17.0,0.0,103.33333333333334,60.512831666122054,1,0,4.496099090933729,false
launchpad/integration-tests/src/main/java/org/apache/sling/launchpad/webapp/integrationtest/issues/SLING2617Test.java,21.0,2.0,0.0,1.0,5.0,4.0,3.0,bdelacretaz@13f79535-47bb-0310-9956-ffa450edef68,1,0.002857142857142857,50.0,0.0,0.0,0.0,310.2857142857143,766.7330124623568,1,0,3.0297620221403023,true
launchpad/integration-tests/src/main/java/org/apache/sling/launchpad/webapp/integrationtest/servlets/post/SlingDateValuesTest.java,37.0,7.0,1.0,3.0,7.0,7.0,6.0,bdelacretaz@13f79535-47bb-0310-9956-ffa450edef68,1,0.002857142857142857,20.0,0.0,0.0,0.0,103.33333333333334,60.512831666122054,1,0,4.496099090933729,false
launchpad/integration-tests/src/main/java/org/apache/sling/launchpad/webapp/integrationtest/servlets/post/SlingDefaultValuesTest.java,89.0,6.0,0.0,6.0,22.0,14.0,0.0,cziegeler@13f79535-47bb-0310-9956-ffa450edef68,0,0.0,0.0,0.0,0.0,0.0,0.0,0.0,0,0,0.0,false
launchpad/testing/src/test/java/org/apache/sling/launchpad/testing/TestAll.java,110.0,19.0,15.0,6.0,43.0,26.0,0.0,bdelacretaz@13f79535-47bb-0310-9956-ffa450edef68,0,0.0,0.0,0.0,0.0,0.0,0.0,0.0,0,1,0.0,false
maven/archetypes/taglib/src/main/resources/archetype-resources/src/main/java/Tag.java,14.0,2.0,3.0,3.0,1.0,4.0,7.0,rombert@13f79535-47bb-0310-9956-ffa450edef68,1,0.002857142857142857,50.0,0.0,0.0,0.0,677.75,1774.023094907109,1,0,2.4166575492538938,false
maven/maven-launchpad-plugin/src/main/java/org/apache/sling/maven/projectsupport/AbstractUsingBundleListMojo.java,426.0,30.0,170.0,20.0,113.0,73.0,6.0,cziegeler@13f79535-47bb-0310-9956-ffa450edef68,1,0.002857142857142857,5.0,0.0,0.0,0.0,2411.5087719298244,21495.568962024186,1,0,0.36896470588863783,false
maven/maven-launchpad-plugin/src/main/java/org/apache/sling/maven/projectsupport/AttachBundleListMojo.java,123.0,10.0,3.0,3.0,29.0,13.0,4.0,justin@13f79535-47bb-0310-9956-ffa450edef68,2,0.005714285714285714,20.0,0.0,0.0,0.0,3089.2587719298244,23269.592056931295,2,0,0.6996639470113205,false
maven/maven-launchpad-plugin/src/main/java/org/apache/sling/maven/projectsupport/AttachPartialBundleListMojo.java,135.0,13.0,3.0,3.0,31.0,14.0,4.0,cziegeler@13f79535-47bb-0310-9956-ffa450edef68,2,0.005714285714285714,12.0,0.0,0.0,0.0,3089.2587719298244,23269.592056931295,2,0,0.6996639470113205,false
maven/maven-sling-plugin/src/main/java/org/apache/sling/maven/bundlesupport/AbstractBundleInstallMojo.java,488.0,32.0,101.0,15.0,124.0,67.0,1.0,justin@13f79535-47bb-0310-9956-ffa450edef68,2,0.005714285714285714,40.0,0.0,20.0,0.0,3089.2587719298244,23269.592056931295,2,1,0.6996639470113205,false
performance/base/src/main/java/org/apache/sling/performance/AbstractRepositoryTest.java,51.0,6.0,3.0,3.0,12.0,12.0,28.0,justin@13f79535-47bb-0310-9956-ffa450edef68,1,0.002857142857142857,25.0,25.0,0.0,0.0,356.0,2627.181818181818,1,0,3.292126286607793,false
performance/base/src/main/java/org/apache/sling/performance/FrameworkPerformanceMethod.java,140.0,14.0,9.0,6.0,37.0,29.0,12.0,asanso@13f79535-47bb-0310-9956-ffa450edef68,1,0.002857142857142857,33.0,22.0,0.0,0.0,356.0,2627.181818181818,1,0,3.292126286607793,false
performance/base/src/main/java/org/apache/sling/performance/ParameterizedTestList.java,34.0,4.0,20.0,8.0,3.0,12.0,16.0,asanso@13f79535-47bb-0310-9956-ffa450edef68,1,0.002857142857142857,100.0,50.0,0.0,0.0,356.0,2627.181818181818,1,0,3.292126286607793,false
performance/base/src/main/java/org/apache/sling/performance/PerformanceRunner.java,125.0,19.0,7.0,6.0,32.0,23.0,12.0,radu@13f79535-47bb-0310-9956-ffa450edef68,1,0.002857142857142857,43.0,29.0,0.0,0.0,356.0,2627.181818181818,1,0,3.292126286607793,false
performance/base/src/main/java/org/apache/sling/performance/PerformanceSuiteState.java,53.0,1.0,81.0,15.0,0.0,24.0,16.0,asanso@13f79535-47bb-0310-9956-ffa450edef68,1,0.002857142857142857,100.0,50.0,0.0,0.0,356.0,2627.181818181818,1,0,3.292126286607793,false
performance/base/src/main/java/org/apache/sling/performance/ReportLogger.java,95.0,8.0,10.0,5.0,25.0,22.0,9.0,asanso@13f79535-47bb-0310-9956-ffa450edef68,1,0.002857142857142857,44.0,22.0,0.0,11.0,356.0,2627.181818181818,1,0,3.292126286607793,false
performance/base/src/main/java/org/apache/sling/performance/ResourceResolverTestRequest.java,188.0,11.0,1673.0,59.0,2.0,110.0,0.0,justin@13f79535-47bb-0310-9956-ffa450edef68,0,0.0,0.0,0.0,0.0,0.0,0.0,0.0,0,0,0.0,false
performance/base/src/main/java/org/apache/sling/performance/TestHelper.java,5.0,3.0,3.0,3.0,0.0,4.0,0.0,justin@13f79535-47bb-0310-9956-ffa450edef68,0,0.0,0.0,0.0,0.0,0.0,0.0,0.0,0,0,0.0,false
performance/base/src/main/java/org/apache/sling/performance/annotation/AfterMethodInvocation.java,0.0,0.0,0.0,0.0,0.0,0.0,28.0,asanso@13f79535-47bb-0310-9956-ffa450edef68,1,0.002857142857142857,100.0,100.0,0.0,0.0,356.0,2627.181818181818,1,0,3.292126286607793,false
performance/base/src/main/java/org/apache/sling/performance/annotation/AfterSpecificTest.java,0.0,0.0,0.0,0.0,0.0,0.0,28.0,asanso@13f79535-47bb-0310-9956-ffa450edef68,1,0.002857142857142857,100.0,100.0,0.0,0.0,356.0,2627.181818181818,1,0,3.292126286607793,false
performance/base/src/main/java/org/apache/sling/performance/annotation/AfterSuite.java,0.0,0.0,0.0,0.0,0.0,0.0,28.0,asanso@13f79535-47bb-0310-9956-ffa450edef68,1,0.002857142857142857,100.0,100.0,0.0,0.0,356.0,2627.181818181818,1,0,3.292126286607793,false
performance/base/src/main/java/org/apache/sling/performance/annotation/BeforeMethodInvocation.java,0.0,0.0,0.0,0.0,0.0,0.0,28.0,asanso@13f79535-47bb-0310-9956-ffa450edef68,1,0.002857142857142857,100.0,100.0,0.0,0.0,356.0,2627.181818181818,1,0,3.292126286607793,false
performance/base/src/main/java/org/apache/sling/performance/annotation/BeforeSpecificTest.java,0.0,0.0,0.0,0.0,0.0,0.0,28.0,asanso@13f79535-47bb-0310-9956-ffa450edef68,1,0.002857142857142857,100.0,100.0,0.0,0.0,356.0,2627.181818181818,1,0,3.292126286607793,false
performance/base/src/main/java/org/apache/sling/performance/annotation/BeforeSuite.java,0.0,0.0,0.0,0.0,0.0,0.0,28.0,asanso@13f79535-47bb-0310-9956-ffa450edef68,1,0.002857142857142857,100.0,100.0,0.0,0.0,356.0,2627.181818181818,1,0,3.292126286607793,false
performance/base/src/main/java/org/apache/sling/performance/annotation/PerformanceTest.java,0.0,0.0,0.0,0.0,0.0,0.0,27.0,radu@13f79535-47bb-0310-9956-ffa450edef68,1,0.002857142857142857,50.0,50.0,0.0,0.0,356.0,2627.181818181818,1,0,3.292126286607793,false
performance/base/src/main/java/org/apache/sling/performance/annotation/PerformanceTestSuite.java,0.0,0.0,0.0,0.0,0.0,0.0,28.0,asanso@13f79535-47bb-0310-9956-ffa450edef68,1,0.002857142857142857,100.0,100.0,0.0,0.0,356.0,2627.181818181818,1,0,3.292126286607793,false
performance/jcr-resource-2.0.10/src/test/java/org/apache/sling/performance/PerformanceTest.java,41.0,18.0,0.0,1.0,2.0,4.0,27.0,justin@13f79535-47bb-0310-9956-ffa450edef68,1,0.002857142857142857,33.0,33.0,0.0,0.0,356.0,2627.181818181818,1,1,3.292126286607793,false
performance/jcr-resource-2.1.0/src/test/java/org/apache/sling/performance/PerformanceTest.java,50.0,23.0,0.0,1.0,2.0,4.0,27.0,justin@13f79535-47bb-0310-9956-ffa450edef68,1,0.002857142857142857,40.0,40.0,0.0,0.0,356.0,2627.181818181818,1,0,3.292126286607793,false
performance/jcr-resource-2.2.0/src/test/java/org/apache/sling/performance/PerformanceTest.java,54.0,30.0,0.0,1.0,2.0,4.0,27.0,justin@13f79535-47bb-0310-9956-ffa450edef68,1,0.002857142857142857,29.0,29.0,0.0,0.0,356.0,2627.181818181818,1,0,3.292126286607793,false
performance/tests/src/main/java/org/apache/sling/performance/tests/ResolveNonExistingWith10000AliasTest.java,8.0,2.0,1.0,2.0,0.0,4.0,22.0,asanso@13f79535-47bb-0310-9956-ffa450edef68,1,0.002857142857142857,75.0,50.0,0.0,25.0,356.0,2627.181818181818,1,0,3.292126286607793,false
performance/tests/src/main/java/org/apache/sling/performance/tests/ResolveNonExistingWith10000VanityPathTest.java,8.0,2.0,1.0,2.0,0.0,4.0,19.0,asanso@13f79535-47bb-0310-9956-ffa450edef68,1,0.002857142857142857,80.0,40.0,20.0,20.0,356.0,2627.181818181818,1,0,3.292126286607793,false
performance/tests/src/main/java/org/apache/sling/performance/tests/ResolveNonExistingWith1000AliasTest.java,8.0,2.0,1.0,2.0,0.0,4.0,19.0,asanso@13f79535-47bb-0310-9956-ffa450edef68,1,0.002857142857142857,80.0,40.0,20.0,20.0,356.0,2627.181818181818,1,0,3.292126286607793,false
performance/tests/src/main/java/org/apache/sling/performance/tests/ResolveNonExistingWith1000VanityPathTest.java,8.0,2.0,1.0,2.0,0.0,4.0,19.0,asanso@13f79535-47bb-0310-9956-ffa450edef68,1,0.002857142857142857,80.0,40.0,20.0,20.0,356.0,2627.181818181818,1,0,3.292126286607793,false
performance/tests/src/main/java/org/apache/sling/performance/tests/ResolveNonExistingWith30000AliasTest.java,8.0,2.0,1.0,2.0,0.0,4.0,19.0,asanso@13f79535-47bb-0310-9956-ffa450edef68,1,0.002857142857142857,80.0,40.0,20.0,20.0,356.0,2627.181818181818,1,0,3.292126286607793,false
performance/tests/src/main/java/org/apache/sling/performance/tests/ResolveNonExistingWith30000VanityPathTest.java,8.0,2.0,1.0,2.0,0.0,4.0,19.0,asanso@13f79535-47bb-0310-9956-ffa450edef68,1,0.002857142857142857,80.0,40.0,20.0,20.0,356.0,2627.181818181818,1,0,3.292126286607793,false
performance/tests/src/main/java/org/apache/sling/performance/tests/ResolveNonExistingWith5000AliasTest.java,8.0,2.0,1.0,2.0,0.0,4.0,19.0,asanso@13f79535-47bb-0310-9956-ffa450edef68,1,0.002857142857142857,80.0,40.0,20.0,20.0,356.0,2627.181818181818,1,0,3.292126286607793,false
performance/tests/src/main/java/org/apache/sling/performance/tests/ResolveNonExistingWith5000VanityPathTest.java,8.0,2.0,1.0,2.0,0.0,4.0,19.0,asanso@13f79535-47bb-0310-9956-ffa450edef68,1,0.002857142857142857,80.0,40.0,20.0,20.0,356.0,2627.181818181818,1,0,3.292126286607793,false
performance/tests/src/main/java/org/apache/sling/performance/tests/ResolveNonExistingWithManyAliasTest.java,57.0,15.0,0.0,4.0,21.0,10.0,21.0,asanso@13f79535-47bb-0310-9956-ffa450edef68,1,0.002857142857142857,75.0,50.0,25.0,0.0,356.0,2627.181818181818,1,0,3.292126286607793,false
performance/tests/src/main/java/org/apache/sling/performance/tests/ResolveNonExistingWithManyVanityPathTest.java,67.0,15.0,0.0,4.0,22.0,10.0,21.0,asanso@13f79535-47bb-0310-9956-ffa450edef68,1,0.002857142857142857,75.0,50.0,25.0,0.0,356.0,2627.181818181818,1,0,3.292126286607793,false
samples/simple-demo/src/main/java/org/apache/sling/sample/filter/ZipFilter.java,140.0,25.0,6.0,4.0,16.0,12.0,0.0,fmeschbe@13f79535-47bb-0310-9956-ffa450edef68,0,0.0,0.0,0.0,0.0,0.0,0.0,0.0,0,0,0.0,true
testing/junit/scriptable/src/main/java/org/apache/sling/junit/scriptable/TestAllPaths.java,54.0,11.0,0.0,4.0,14.0,15.0,0.0,bdelacretaz@13f79535-47bb-0310-9956-ffa450edef68,0,0.0,0.0,0.0,0.0,0.0,0.0,0.0,0,0,0.0,false
testing/junit/scriptable/src/test/java/org/apache/sling/junit/tests/TestAllPathsTest.java,16.0,4.0,0.0,1.0,3.0,2.0,0.0,jckautzmann@13f79535-47bb-0310-9956-ffa450edef68,0,0.0,0.0,0.0,0.0,0.0,0.0,0.0,0,1,0.0,false
testing/tools/src/main/java/org/apache/sling/testing/tools/sling/SlingTestBase.java,269.0,15.0,20.0,12.0,64.0,43.0,0.0,bdelacretaz@13f79535-47bb-0310-9956-ffa450edef68,0,0.0,0.0,0.0,0.0,0.0,0.0,0.0,0,1,0.0,false
