name,LOC,CBO,LCOM,NOM,RFC,WMC,ACS,Ownership,numOfChanges,numberOfFIChanges,ENH,NF,BugFixing,REF,structuralWorkloadSum,semanticWorkloadSum,numberOfDeveloper,pastFaults,MAF,isBuggy
bundles/api/src/main/java/org/apache/sling/api/resource/ResourceWrapper.java,111.0,1.0,103.0,15.0,31.0,32.0,0.0,cziegeler@13f79535-47bb-0310-9956-ffa450edef68,0,0.0,0.0,0.0,0.0,0.0,0.0,0.0,0,1,0.0,false
bundles/api/src/main/java/org/apache/sling/api/resource/ValueMap.java,23.0,3.0,1.0,2.0,0.0,8.0,1.0,cziegeler@13f79535-47bb-0310-9956-ffa450edef68,1,0.005952380952380952,12.0,0.0,0.0,0.0,1094.857142857143,4991.095434452221,1,1,0.4382549309311553,false
bundles/commons/scheduler/src/main/java/org/apache/sling/commons/scheduler/impl/NonParallelQuartzJobExecutor.java,5.0,1.0,0.0,0.0,0.0,0.0,0.0,cziegeler@13f79535-47bb-0310-9956-ffa450edef68,0,0.0,0.0,0.0,0.0,0.0,0.0,0.0,0,0,0.0,false
bundles/commons/testing/src/main/java/org/apache/sling/commons/testing/integration/HttpTestBase.java,403.0,23.0,160.0,21.0,89.0,91.0,3.0,bdelacretaz@13f79535-47bb-0310-9956-ffa450edef68,2,0.011904761904761904,10.0,5.0,5.0,5.0,863.8388278388278,7536.96095626212,2,1,1.633053165922993,true
bundles/engine/src/main/java/org/apache/sling/engine/impl/SlingMainServlet.java,282.0,48.0,79.0,19.0,96.0,46.0,1.0,null,1,0.005952380952380952,2.0,0.0,2.0,0.0,576.7142857142858,1479.270122618152,1,6,2.6607973162516645,false
bundles/engine/src/main/java/org/apache/sling/engine/impl/request/RequestHistoryConsolePlugin.java,235.0,21.0,0.0,4.0,6.0,8.0,1.0,bdelacretaz@13f79535-47bb-0310-9956-ffa450edef68,1,0.005952380952380952,8.0,0.0,8.0,8.0,167.66666666666669,183.8595108880806,1,0,3.2798365246578878,false
bundles/extensions/settings/src/main/java/org/apache/sling/settings/SlingSettingsService.java,51.0,2.0,10.0,5.0,0.0,8.0,0.0,cziegeler@13f79535-47bb-0310-9956-ffa450edef68,0,0.0,0.0,0.0,0.0,0.0,0.0,0.0,0,0,0.0,false
bundles/extensions/settings/src/main/java/org/apache/sling/settings/impl/Activator.java,24.0,2.0,0.0,2.0,1.0,5.0,0.0,cziegeler@13f79535-47bb-0310-9956-ffa450edef68,0,0.0,0.0,0.0,0.0,0.0,0.0,0.0,0,0,0.0,false
bundles/extensions/settings/src/main/java/org/apache/sling/settings/impl/ServicesListener.java,152.0,11.0,0.0,4.0,13.0,9.0,0.0,cziegeler@13f79535-47bb-0310-9956-ffa450edef68,0,0.0,0.0,0.0,0.0,0.0,0.0,0.0,0,0,0.0,false
bundles/extensions/settings/src/main/java/org/apache/sling/settings/impl/SlingSettingsServiceImpl.java,292.0,21.0,53.0,14.0,55.0,46.0,0.0,cziegeler@13f79535-47bb-0310-9956-ffa450edef68,0,0.0,0.0,0.0,0.0,0.0,0.0,0.0,0,0,0.0,false
bundles/extensions/settings/src/test/java/org/apache/sling/settings/impl/RunModeImplTest.java,203.0,23.0,91.0,14.0,21.0,18.0,0.0,bdelacretaz@13f79535-47bb-0310-9956-ffa450edef68,0,0.0,0.0,0.0,0.0,0.0,0.0,0.0,0,0,0.0,false
bundles/jcr/classloader/src/main/java/org/apache/sling/jcr/classloader/internal/ClassLoaderWriterImpl.java,374.0,30.0,84.0,16.0,69.0,52.0,1.0,cziegeler@13f79535-47bb-0310-9956-ffa450edef68,1,0.005952380952380952,33.0,17.0,0.0,0.0,1094.857142857143,4991.095434452221,1,0,0.4382549309311553,false
bundles/jcr/contentloader/src/main/java/org/apache/sling/jcr/contentloader/internal/DefaultContentImporter.java,111.0,20.0,6.0,4.0,33.0,17.0,0.0,olli@13f79535-47bb-0310-9956-ffa450edef68,0,0.0,0.0,0.0,0.0,0.0,0.0,0.0,0,2,0.0,true
bundles/jcr/jackrabbit-accessmanager/src/main/java/org/apache/sling/jcr/jackrabbit/accessmanager/post/AbstractAccessPostServlet.java,194.0,25.0,22.0,8.0,69.0,39.0,0.0,fmeschbe@13f79535-47bb-0310-9956-ffa450edef68,0,0.0,0.0,0.0,0.0,0.0,0.0,0.0,0,0,0.0,false
bundles/jcr/jackrabbit-accessmanager/src/main/java/org/apache/sling/jcr/jackrabbit/accessmanager/post/DeleteAcesServlet.java,54.0,24.0,1.0,2.0,20.0,9.0,0.0,enorman@13f79535-47bb-0310-9956-ffa450edef68,0,0.0,0.0,0.0,0.0,0.0,0.0,0.0,0,0,0.0,false
bundles/jcr/jackrabbit-accessmanager/src/main/java/org/apache/sling/jcr/jackrabbit/accessmanager/post/ModifyAceServlet.java,77.0,24.0,1.0,2.0,29.0,11.0,0.0,enorman@13f79535-47bb-0310-9956-ffa450edef68,0,0.0,0.0,0.0,0.0,0.0,0.0,0.0,0,1,0.0,false
bundles/jcr/jackrabbit-usermanager/src/main/java/org/apache/sling/jackrabbit/usermanager/impl/post/AbstractPostServlet.java,166.0,21.0,15.0,7.0,65.0,33.0,0.0,justin@13f79535-47bb-0310-9956-ffa450edef68,0,0.0,0.0,0.0,0.0,0.0,0.0,0.0,0,0,0.0,false
bundles/jcr/jackrabbit-usermanager/src/main/java/org/apache/sling/jackrabbit/usermanager/impl/post/ChangeUserPasswordServlet.java,114.0,29.0,4.0,4.0,34.0,17.0,0.0,enorman@13f79535-47bb-0310-9956-ffa450edef68,0,0.0,0.0,0.0,0.0,0.0,0.0,0.0,0,2,0.0,false
bundles/jcr/jackrabbit-usermanager/src/main/java/org/apache/sling/jackrabbit/usermanager/impl/post/CreateGroupServlet.java,54.0,26.0,3.0,3.0,23.0,10.0,0.0,enorman@13f79535-47bb-0310-9956-ffa450edef68,0,0.0,0.0,0.0,0.0,0.0,0.0,0.0,0,1,0.0,false
bundles/jcr/jackrabbit-usermanager/src/main/java/org/apache/sling/jackrabbit/usermanager/impl/post/CreateUserServlet.java,163.0,30.0,4.0,5.0,42.0,20.0,0.0,enorman@13f79535-47bb-0310-9956-ffa450edef68,0,0.0,0.0,0.0,0.0,0.0,0.0,0.0,0,3,0.0,false
bundles/jcr/jackrabbit-usermanager/src/main/java/org/apache/sling/jackrabbit/usermanager/impl/post/DeleteAuthorizableServlet.java,108.0,28.0,6.0,4.0,29.0,17.0,0.0,enorman@13f79535-47bb-0310-9956-ffa450edef68,0,0.0,0.0,0.0,0.0,0.0,0.0,0.0,0,0,0.0,false
bundles/jcr/jackrabbit-usermanager/src/main/java/org/apache/sling/jackrabbit/usermanager/impl/post/UpdateGroupServlet.java,44.0,25.0,1.0,2.0,16.0,9.0,0.0,enorman@13f79535-47bb-0310-9956-ffa450edef68,0,0.0,0.0,0.0,0.0,0.0,0.0,0.0,0,0,0.0,false
bundles/jcr/jackrabbit-usermanager/src/main/java/org/apache/sling/jackrabbit/usermanager/impl/post/UpdateUserServlet.java,43.0,22.0,1.0,2.0,16.0,9.0,0.0,enorman@13f79535-47bb-0310-9956-ffa450edef68,0,0.0,0.0,0.0,0.0,0.0,0.0,0.0,0,0,0.0,false
bundles/jcr/resource/src/main/java/org/apache/sling/jcr/resource/internal/JcrResourceListener.java,315.0,28.0,8.0,9.0,72.0,36.0,1.0,cziegeler@13f79535-47bb-0310-9956-ffa450edef68,1,0.005952380952380952,3.0,0.0,0.0,0.0,1094.857142857143,4991.095434452221,1,5,0.4382549309311553,false
bundles/jcr/resource/src/main/java/org/apache/sling/jcr/resource/internal/helper/jcr/JcrResourceProvider.java,341.0,35.0,0.0,23.0,80.0,90.0,2.0,cziegeler@13f79535-47bb-0310-9956-ffa450edef68,1,0.005952380952380952,14.0,3.0,5.0,0.0,1094.857142857143,4991.095434452221,1,4,0.4382549309311553,false
bundles/jcr/resource/src/test/java/org/apache/sling/jcr/resource/internal/JcrResourceListenerTest.java,190.0,25.0,620.0,36.0,49.0,75.0,12.0,cziegeler@13f79535-47bb-0310-9956-ffa450edef68,1,0.005952380952380952,9.0,5.0,0.0,0.0,1094.857142857143,4991.095434452221,1,3,0.4382549309311553,false
bundles/resourceresolver/src/main/java/org/apache/sling/resourceresolver/impl/ResourceResolverFactoryActivator.java,291.0,31.0,124.0,21.0,51.0,40.0,1.0,cziegeler@13f79535-47bb-0310-9956-ffa450edef68,2,0.011904761904761904,10.0,0.0,3.0,0.0,1803.2673992673992,12443.457198842447,2,0,0.2638388830096393,false
bundles/resourceresolver/src/main/java/org/apache/sling/resourceresolver/impl/ResourceResolverFactoryImpl.java,102.0,15.0,0.0,15.0,18.0,33.0,0.0,cziegeler@13f79535-47bb-0310-9956-ffa450edef68,0,0.0,0.0,0.0,0.0,0.0,0.0,0.0,0,0,0.0,false
bundles/resourceresolver/src/main/java/org/apache/sling/resourceresolver/impl/mapping/MapConfigurationProvider.java,9.0,2.0,6.0,4.0,0.0,4.0,0.0,cziegeler@13f79535-47bb-0310-9956-ffa450edef68,0,0.0,0.0,0.0,0.0,0.0,0.0,0.0,0,0,0.0,false
bundles/resourceresolver/src/main/java/org/apache/sling/resourceresolver/impl/mapping/MapEntries.java,617.0,39.0,120.0,24.0,163.0,81.0,2.0,asanso@13f79535-47bb-0310-9956-ffa450edef68,1,0.005952380952380952,4.0,0.0,0.0,0.0,155.42857142857142,84.59919187189382,1,0,2.8278514009148306,false
bundles/resourceresolver/src/main/java/org/apache/sling/resourceresolver/impl/tree/ResourceProviderEntry.java,321.0,17.0,102.0,20.0,69.0,70.0,1.0,cziegeler@13f79535-47bb-0310-9956-ffa450edef68,2,0.011904761904761904,13.0,0.0,9.0,0.0,1803.2673992673992,12443.457198842447,2,0,0.2638388830096393,true
bundles/resourceresolver/src/test/java/org/apache/sling/resourceresolver/impl/MockedResourceResolverImplTest.java,338.0,29.0,44.0,21.0,124.0,56.0,1.0,cziegeler@13f79535-47bb-0310-9956-ffa450edef68,1,0.005952380952380952,29.0,14.0,7.0,0.0,708.4102564102564,7452.361764390226,1,0,1.824549292051046,false
bundles/resourceresolver/src/test/java/org/apache/sling/resourceresolver/impl/SimpleValueMapImpl.java,55.0,5.0,0.0,15.0,17.0,30.0,2.0,ieb@13f79535-47bb-0310-9956-ffa450edef68,1,0.005952380952380952,100.0,100.0,100.0,0.0,708.4102564102564,7452.361764390226,1,0,1.824549292051046,false
bundles/resourceresolver/src/test/java/org/apache/sling/resourceresolver/impl/helper/URI2Test.java,21.0,2.0,1.0,2.0,7.0,3.0,2.0,ieb@13f79535-47bb-0310-9956-ffa450edef68,1,0.005952380952380952,100.0,100.0,0.0,100.0,708.4102564102564,7452.361764390226,1,0,1.824549292051046,false
bundles/resourceresolver/src/test/java/org/apache/sling/resourceresolver/impl/helper/URITest.java,122.0,3.0,45.0,10.0,24.0,26.0,2.0,ieb@13f79535-47bb-0310-9956-ffa450edef68,1,0.005952380952380952,100.0,100.0,0.0,100.0,708.4102564102564,7452.361764390226,1,0,1.824549292051046,false
bundles/resourceresolver/src/test/java/org/apache/sling/resourceresolver/impl/mapping/MapEntriesTest.java,122.0,22.0,16.0,8.0,104.0,37.0,3.0,asanso@13f79535-47bb-0310-9956-ffa450edef68,1,0.005952380952380952,4.0,0.0,0.0,0.0,155.42857142857142,84.59919187189382,1,0,2.8278514009148306,false
bundles/scripting/jsp-taglib/src/main/java/org/apache/sling/scripting/jsp/taglib/AdaptObjectTag.java,84.0,7.0,10.0,8.0,13.0,17.0,11.0,dklco@13f79535-47bb-0310-9956-ffa450edef68,1,0.005952380952380952,67.0,33.0,0.0,33.0,576.7142857142858,1479.270122618152,1,0,2.6607973162516645,false
bundles/scripting/jsp-taglib/src/main/java/org/apache/sling/scripting/jsp/taglib/GetPropertyTag.java,124.0,7.0,36.0,12.0,15.0,30.0,11.0,bdelacretaz@13f79535-47bb-0310-9956-ffa450edef68,1,0.005952380952380952,100.0,50.0,0.0,50.0,576.7142857142858,1479.270122618152,1,0,2.6607973162516645,false
bundles/scripting/jsp-taglib/src/main/java/org/apache/sling/scripting/jsp/taglib/GetResourceTag.java,56.0,7.0,3.0,6.0,10.0,11.0,11.0,dklco@13f79535-47bb-0310-9956-ffa450edef68,1,0.005952380952380952,67.0,33.0,0.0,33.0,576.7142857142858,1479.270122618152,1,0,2.6607973162516645,false
bundles/scripting/jsp-taglib/src/main/java/org/apache/sling/scripting/jsp/taglib/ListChildrenTag.java,48.0,5.0,0.0,5.0,4.0,9.0,11.0,bdelacretaz@13f79535-47bb-0310-9956-ffa450edef68,1,0.005952380952380952,100.0,50.0,0.0,50.0,576.7142857142858,1479.270122618152,1,0,2.6607973162516645,false
bundles/scripting/jsp-taglib/src/main/java/org/apache/sling/scripting/jsp/taglib/SlingFunctions.java,33.0,5.0,1.0,2.0,3.0,8.0,11.0,dklco@13f79535-47bb-0310-9956-ffa450edef68,1,0.005952380952380952,18.0,9.0,0.0,9.0,576.7142857142858,1479.270122618152,1,0,2.6607973162516645,true
bundles/scripting/jsp-taglib/src/test/java/org/apache/sling/scripting/jsp/taglib/MockPageContext.java,81.0,15.0,283.0,26.0,7.0,49.0,13.0,bdelacretaz@13f79535-47bb-0310-9956-ffa450edef68,1,0.005952380952380952,50.0,50.0,0.0,0.0,576.7142857142858,1479.270122618152,1,0,2.6607973162516645,false
bundles/scripting/jsp-taglib/src/test/java/org/apache/sling/scripting/jsp/taglib/TestAdaptObjectTag.java,59.0,11.0,0.0,4.0,20.0,9.0,11.0,dklco@13f79535-47bb-0310-9956-ffa450edef68,1,0.005952380952380952,67.0,33.0,0.0,33.0,576.7142857142858,1479.270122618152,1,0,2.6607973162516645,false
bundles/scripting/jsp-taglib/src/test/java/org/apache/sling/scripting/jsp/taglib/TestGetPropertyTag.java,61.0,9.0,1.0,3.0,16.0,6.0,11.0,bdelacretaz@13f79535-47bb-0310-9956-ffa450edef68,1,0.005952380952380952,100.0,50.0,0.0,50.0,576.7142857142858,1479.270122618152,1,0,2.6607973162516645,false
bundles/scripting/jsp-taglib/src/test/java/org/apache/sling/scripting/jsp/taglib/TestGetResourceTag.java,57.0,12.0,0.0,4.0,18.0,9.0,11.0,dklco@13f79535-47bb-0310-9956-ffa450edef68,1,0.005952380952380952,67.0,33.0,0.0,33.0,576.7142857142858,1479.270122618152,1,0,2.6607973162516645,false
bundles/scripting/jsp-taglib/src/test/java/org/apache/sling/scripting/jsp/taglib/TestListChildrenTag.java,56.0,11.0,0.0,3.0,17.0,5.0,11.0,bdelacretaz@13f79535-47bb-0310-9956-ffa450edef68,1,0.005952380952380952,100.0,50.0,0.0,50.0,576.7142857142858,1479.270122618152,1,0,2.6607973162516645,false
bundles/scripting/jsp-taglib/src/test/java/org/apache/sling/scripting/jsp/taglib/TestSlingFunctions.java,34.0,11.0,0.0,3.0,12.0,4.0,13.0,dklco@13f79535-47bb-0310-9956-ffa450edef68,1,0.005952380952380952,17.0,17.0,0.0,0.0,576.7142857142858,1479.270122618152,1,0,2.6607973162516645,true
bundles/scripting/jsp/src/main/java/org/apache/sling/scripting/jsp/JspScriptEngineFactory.java,348.0,44.0,140.0,21.0,75.0,49.0,1.0,cziegeler@13f79535-47bb-0310-9956-ffa450edef68,1,0.005952380952380952,2.0,0.0,0.0,0.0,1094.857142857143,4991.095434452221,1,4,0.4382549309311553,true
bundles/scripting/jsp/src/main/java/org/apache/sling/scripting/jsp/jasper/servlet/JspServletWrapper.java,542.0,39.0,33.0,22.0,140.0,93.0,0.0,cziegeler@13f79535-47bb-0310-9956-ffa450edef68,0,0.0,0.0,0.0,0.0,0.0,0.0,0.0,0,7,0.0,true
bundles/servlets/post/src/main/java/org/apache/sling/servlets/post/PostResponseWithErrorHandling.java,29.0,5.0,3.0,3.0,13.0,14.0,2.0,asanso@13f79535-47bb-0310-9956-ffa450edef68,1,0.005952380952380952,100.0,0.0,100.0,0.0,155.42857142857142,84.59919187189382,1,0,2.8278514009148306,false
bundles/servlets/post/src/main/java/org/apache/sling/servlets/post/SlingPostConstants.java,224.0,0.0,0.0,0.0,0.0,0.0,2.0,null,1,0.005952380952380952,12.0,0.0,12.0,0.0,155.42857142857142,84.59919187189382,1,0,2.8278514009148306,false
bundles/servlets/resolver/src/main/java/org/apache/sling/servlets/resolver/internal/SlingServletResolver.java,952.0,77.0,219.0,34.0,193.0,131.0,20.0,cziegeler@13f79535-47bb-0310-9956-ffa450edef68,1,0.005952380952380952,2.0,2.0,0.0,0.0,1094.857142857143,4991.095434452221,1,10,0.4382549309311553,true
bundles/servlets/resolver/src/main/java/org/apache/sling/servlets/resolver/internal/helper/AbstractResourceCollector.java,131.0,9.0,27.0,10.0,21.0,30.0,0.0,cziegeler@13f79535-47bb-0310-9956-ffa450edef68,0,0.0,0.0,0.0,0.0,0.0,0.0,0.0,0,0,0.0,false
bundles/servlets/resolver/src/main/java/org/apache/sling/servlets/resolver/internal/helper/NamedScriptResourceCollector.java,91.0,6.0,0.0,4.0,19.0,12.0,0.0,cziegeler@13f79535-47bb-0310-9956-ffa450edef68,0,0.0,0.0,0.0,0.0,0.0,0.0,0.0,0,0,0.0,false
bundles/servlets/resolver/src/test/java/org/apache/sling/servlets/resolver/internal/helper/ScriptSelectionTest.java,137.0,4.0,253.0,26.0,38.0,29.0,0.0,cziegeler@13f79535-47bb-0310-9956-ffa450edef68,0,0.0,0.0,0.0,0.0,0.0,0.0,0.0,0,1,0.0,false
contrib/commons/compiler/src/main/java/org/apache/sling/commons/compiler/impl/EclipseJavaCompiler.java,361.0,34.0,26.0,8.0,27.0,30.0,0.0,cziegeler@13f79535-47bb-0310-9956-ffa450edef68,0,0.0,0.0,0.0,0.0,0.0,0.0,0.0,0,1,0.0,false
contrib/extensions/i18n/src/main/java/org/apache/sling/i18n/impl/I18NFilter.java,215.0,35.0,14.0,9.0,11.0,14.0,1.0,fmeschbe@13f79535-47bb-0310-9956-ffa450edef68,1,0.005952380952380952,7.0,7.0,7.0,0.0,38.0,11.837608726098154,1,0,4.532599493153256,true
contrib/extensions/rewriter/src/main/java/org/apache/sling/rewriter/impl/PipelineImpl.java,191.0,14.0,1.0,7.0,22.0,30.0,0.0,cziegeler@13f79535-47bb-0310-9956-ffa450edef68,0,0.0,0.0,0.0,0.0,0.0,0.0,0.0,0,4,0.0,false
contrib/extensions/security/src/main/java/org/apache/sling/security/impl/ReferrerFilter.java,282.0,35.0,66.0,13.0,61.0,48.0,0.0,cziegeler@13f79535-47bb-0310-9956-ffa450edef68,0,0.0,0.0,0.0,0.0,0.0,0.0,0.0,0,0,0.0,false
contrib/extensions/tenant/src/main/java/org/apache/sling/tenant/internal/TenantProviderImpl.java,242.0,46.0,26.0,12.0,69.0,42.0,5.0,fmeschbe@13f79535-47bb-0310-9956-ffa450edef68,1,0.005952380952380952,10.0,10.0,0.0,10.0,167.66666666666669,183.8595108880806,1,2,3.2798365246578878,false
contrib/extensions/tenant/src/main/java/org/apache/sling/tenant/internal/console/WebConsolePlugin.java,134.0,15.0,12.0,8.0,31.0,24.0,2.0,fmeschbe@13f79535-47bb-0310-9956-ffa450edef68,1,0.005952380952380952,50.0,50.0,0.0,50.0,167.66666666666669,183.8595108880806,1,0,3.2798365246578878,false
contrib/extensions/tenant/src/main/java/org/apache/sling/tenant/spi/TenantCustomizer.java,18.0,3.0,1.0,2.0,0.0,7.0,2.0,fmeschbe@13f79535-47bb-0310-9956-ffa450edef68,1,0.005952380952380952,33.0,0.0,0.0,0.0,167.66666666666669,183.8595108880806,1,0,3.2798365246578878,false
contrib/extensions/tenant/src/main/java/org/apache/sling/tenant/spi/package-info.java,0.0,0.0,0.0,0.0,0.0,0.0,11.0,fmeschbe@13f79535-47bb-0310-9956-ffa450edef68,0,0.0,0.0,0.0,0.0,0.0,0.0,0.0,0,0,0.0,false
contrib/jcr/compiler/src/main/java/org/apache/sling/jcr/compiler/JcrJavaCompiler.java,21.0,2.0,1.0,2.0,0.0,4.0,0.0,fmeschbe@13f79535-47bb-0310-9956-ffa450edef68,0,0.0,0.0,0.0,0.0,0.0,0.0,0.0,0,0,0.0,false
contrib/jcr/compiler/src/main/java/org/apache/sling/jcr/compiler/impl/JcrJavaCompilerImpl.java,155.0,24.0,105.0,15.0,60.0,55.0,0.0,fmeschbe@13f79535-47bb-0310-9956-ffa450edef68,0,0.0,0.0,0.0,0.0,0.0,0.0,0.0,0,1,0.0,false
installer/core/src/main/java/org/apache/sling/installer/core/impl/DefaultTransformer.java,65.0,13.0,10.0,5.0,9.0,14.0,0.0,cziegeler@13f79535-47bb-0310-9956-ffa450edef68,0,0.0,0.0,0.0,0.0,0.0,0.0,0.0,0,2,0.0,false
installer/core/src/main/java/org/apache/sling/installer/core/impl/EntityResourceList.java,299.0,18.0,52.0,21.0,66.0,64.0,4.0,cziegeler@13f79535-47bb-0310-9956-ffa450edef68,1,0.005952380952380952,3.0,0.0,0.0,0.0,1094.857142857143,4991.095434452221,1,3,0.4382549309311553,false
installer/core/src/main/java/org/apache/sling/installer/core/impl/OsgiInstallerImpl.java,930.0,44.0,648.0,49.0,271.0,155.0,1.0,cziegeler@13f79535-47bb-0310-9956-ffa450edef68,1,0.005952380952380952,2.0,0.0,0.0,0.0,1094.857142857143,4991.095434452221,1,4,0.4382549309311553,false
installer/core/src/main/java/org/apache/sling/installer/core/impl/PersistentResourceList.java,258.0,22.0,0.0,12.0,77.0,50.0,4.0,cziegeler@13f79535-47bb-0310-9956-ffa450edef68,1,0.005952380952380952,4.0,0.0,0.0,0.0,1094.857142857143,4991.095434452221,1,2,0.4382549309311553,false
installer/core/src/main/java/org/apache/sling/installer/core/impl/RegisteredResourceImpl.java,503.0,19.0,304.0,33.0,109.0,98.0,0.0,cziegeler@13f79535-47bb-0310-9956-ffa450edef68,0,0.0,0.0,0.0,0.0,0.0,0.0,0.0,0,0,0.0,false
installer/core/src/main/java/org/apache/sling/installer/core/impl/tasks/BundleInstallTask.java,56.0,5.0,3.0,3.0,28.0,9.0,0.0,cziegeler@13f79535-47bb-0310-9956-ffa450edef68,0,0.0,0.0,0.0,0.0,0.0,0.0,0.0,0,2,0.0,false
installer/core/src/main/java/org/apache/sling/installer/core/impl/tasks/BundleStartTask.java,57.0,6.0,2.0,5.0,15.0,13.0,4.0,cziegeler@13f79535-47bb-0310-9956-ffa450edef68,1,0.005952380952380952,6.0,0.0,0.0,0.0,1094.857142857143,4991.095434452221,1,1,0.4382549309311553,false
installer/core/src/main/java/org/apache/sling/installer/core/impl/tasks/BundleTaskCreator.java,190.0,21.0,0.0,7.0,30.0,17.0,4.0,cziegeler@13f79535-47bb-0310-9956-ffa450edef68,1,0.005952380952380952,5.0,0.0,0.0,0.0,1094.857142857143,4991.095434452221,1,1,0.4382549309311553,false
installer/core/src/main/java/org/apache/sling/installer/core/impl/tasks/BundleUpdateTask.java,91.0,7.0,6.0,4.0,37.0,14.0,0.0,cziegeler@13f79535-47bb-0310-9956-ffa450edef68,0,0.0,0.0,0.0,0.0,0.0,0.0,0.0,0,1,0.0,false
installer/core/src/main/java/org/apache/sling/installer/core/impl/tasks/SystemBundleUpdateTask.java,66.0,9.0,6.0,4.0,16.0,11.0,0.0,cziegeler@13f79535-47bb-0310-9956-ffa450edef68,0,0.0,0.0,0.0,0.0,0.0,0.0,0.0,0,1,0.0,false
installer/providers/jcr/src/main/java/org/apache/sling/installer/provider/jcr/impl/JcrInstaller.java,666.0,41.0,11.0,19.0,143.0,74.0,2.0,cziegeler@13f79535-47bb-0310-9956-ffa450edef68,1,0.005952380952380952,3.0,0.0,0.0,3.0,1094.857142857143,4991.095434452221,1,1,0.4382549309311553,true
installer/providers/jcr/src/main/java/org/apache/sling/installer/provider/jcr/impl/WatchedFolder.java,122.0,18.0,0.0,9.0,33.0,27.0,2.0,cziegeler@13f79535-47bb-0310-9956-ffa450edef68,1,0.005952380952380952,17.0,0.0,0.0,17.0,1094.857142857143,4991.095434452221,1,0,0.4382549309311553,true
launchpad/base/src/main/java/org/apache/sling/launchpad/base/impl/StartupManager.java,184.0,12.0,2.0,8.0,36.0,28.0,0.0,cziegeler@13f79535-47bb-0310-9956-ffa450edef68,0,0.0,0.0,0.0,0.0,0.0,0.0,0.0,0,0,0.0,false
launchpad/installer/src/main/java/org/apache/sling/launchpad/installer/impl/LaunchpadConfigInstaller.java,144.0,15.0,0.0,5.0,40.0,18.0,1.0,cziegeler@13f79535-47bb-0310-9956-ffa450edef68,1,0.005952380952380952,5.0,0.0,5.0,0.0,1094.857142857143,4991.095434452221,1,1,0.4382549309311553,true
launchpad/installer/src/main/java/org/apache/sling/launchpad/installer/impl/ServicesListener.java,169.0,14.0,0.0,3.0,11.0,6.0,0.0,cziegeler@13f79535-47bb-0310-9956-ffa450edef68,0,0.0,0.0,0.0,0.0,0.0,0.0,0.0,0,0,0.0,false
launchpad/integration-tests/src/main/java/org/apache/sling/launchpad/local/integrationtest/JcrResourceResolverTest.java,1465.0,50.0,0.0,59.0,521.0,125.0,1.0,cziegeler@13f79535-47bb-0310-9956-ffa450edef68,1,0.005952380952380952,62.0,0.0,12.0,12.0,1094.857142857143,4991.095434452221,1,0,0.4382549309311553,false
launchpad/integration-tests/src/main/java/org/apache/sling/launchpad/webapp/integrationtest/RenderingTestBase.java,21.0,2.0,3.0,3.0,5.0,7.0,6.0,bdelacretaz@13f79535-47bb-0310-9956-ffa450edef68,1,0.005952380952380952,25.0,25.0,25.0,0.0,155.42857142857142,84.59919187189382,1,0,2.8278514009148306,false
launchpad/integration-tests/src/main/java/org/apache/sling/launchpad/webapp/integrationtest/ServerSideScriptsTest.java,207.0,19.0,0.0,6.0,57.0,27.0,4.0,bdelacretaz@13f79535-47bb-0310-9956-ffa450edef68,1,0.005952380952380952,12.0,0.0,0.0,0.0,1094.857142857143,4991.095434452221,1,0,0.4382549309311553,true
launchpad/integration-tests/src/main/java/org/apache/sling/launchpad/webapp/integrationtest/servlets/resolver/errorhandler/ErrorHandlingTest.java,67.0,8.0,0.0,8.0,20.0,16.0,3.0,bdelacretaz@13f79535-47bb-0310-9956-ffa450edef68,1,0.005952380952380952,45.0,45.0,45.0,9.0,155.42857142857142,84.59919187189382,1,0,2.8278514009148306,true
maven/maven-launchpad-plugin/src/main/java/org/apache/sling/maven/projectsupport/AbstractBundleListMojo.java,173.0,22.0,10.0,5.0,26.0,24.0,0.0,cziegeler@13f79535-47bb-0310-9956-ffa450edef68,0,0.0,0.0,0.0,0.0,0.0,0.0,0.0,0,4,0.0,false
maven/maven-launchpad-plugin/src/main/java/org/apache/sling/maven/projectsupport/AbstractLaunchpadFrameworkMojo.java,69.0,10.0,6.0,4.0,26.0,18.0,0.0,cziegeler@13f79535-47bb-0310-9956-ffa450edef68,0,0.0,0.0,0.0,0.0,0.0,0.0,0.0,0,0,0.0,false
maven/maven-launchpad-plugin/src/main/java/org/apache/sling/maven/projectsupport/AbstractLaunchpadStartingMojo.java,261.0,29.0,50.0,12.0,69.0,40.0,0.0,cziegeler@13f79535-47bb-0310-9956-ffa450edef68,0,0.0,0.0,0.0,0.0,0.0,0.0,0.0,0,1,0.0,false
maven/maven-launchpad-plugin/src/main/java/org/apache/sling/maven/projectsupport/AbstractUsingBundleListMojo.java,432.0,29.0,170.0,20.0,113.0,74.0,0.0,cziegeler@13f79535-47bb-0310-9956-ffa450edef68,0,0.0,0.0,0.0,0.0,0.0,0.0,0.0,0,0,0.0,false
maven/maven-launchpad-plugin/src/main/java/org/apache/sling/maven/projectsupport/ArtifactDefinition.java,162.0,5.0,43.0,22.0,25.0,50.0,0.0,justin@13f79535-47bb-0310-9956-ffa450edef68,0,0.0,0.0,0.0,0.0,0.0,0.0,0.0,0,0,0.0,false
maven/maven-launchpad-plugin/src/main/java/org/apache/sling/maven/projectsupport/AttachBundleListMojo.java,123.0,10.0,3.0,3.0,29.0,13.0,0.0,justin@13f79535-47bb-0310-9956-ffa450edef68,0,0.0,0.0,0.0,0.0,0.0,0.0,0.0,0,0,0.0,false
maven/maven-launchpad-plugin/src/main/java/org/apache/sling/maven/projectsupport/AttachPartialBundleListMojo.java,135.0,13.0,3.0,3.0,31.0,14.0,0.0,cziegeler@13f79535-47bb-0310-9956-ffa450edef68,0,0.0,0.0,0.0,0.0,0.0,0.0,0.0,0,0,0.0,false
maven/maven-launchpad-plugin/src/main/java/org/apache/sling/maven/projectsupport/CreateBundleJarMojo.java,113.0,12.0,7.0,6.0,41.0,26.0,0.0,cziegeler@13f79535-47bb-0310-9956-ffa450edef68,0,0.0,0.0,0.0,0.0,0.0,0.0,0.0,0,0,0.0,false
maven/maven-launchpad-plugin/src/main/java/org/apache/sling/maven/projectsupport/CreatePaxRunnerBundleProvisionFileMojo.java,42.0,8.0,0.0,1.0,12.0,5.0,0.0,rombert@13f79535-47bb-0310-9956-ffa450edef68,0,0.0,0.0,0.0,0.0,0.0,0.0,0.0,0,0,0.0,false
maven/maven-launchpad-plugin/src/main/java/org/apache/sling/maven/projectsupport/PreparePackageMojo.java,256.0,17.0,42.0,13.0,88.0,47.0,0.0,cziegeler@13f79535-47bb-0310-9956-ffa450edef68,0,0.0,0.0,0.0,0.0,0.0,0.0,0.0,0,0,0.0,false
maven/maven-launchpad-plugin/src/main/java/org/apache/sling/maven/projectsupport/PrepareTestWebAppMojo.java,46.0,5.0,6.0,4.0,10.0,12.0,0.0,rombert@13f79535-47bb-0310-9956-ffa450edef68,0,0.0,0.0,0.0,0.0,0.0,0.0,0.0,0,0,0.0,false
maven/maven-sling-plugin/src/main/java/org/apache/sling/maven/bundlesupport/AbstractBundleInstallMojo.java,489.0,32.0,101.0,15.0,125.0,67.0,0.0,justin@13f79535-47bb-0310-9956-ffa450edef68,0,0.0,0.0,0.0,0.0,0.0,0.0,0.0,0,2,0.0,false
testing/junit/remote/src/main/java/org/apache/sling/junit/remote/httpclient/RemoteTestHttpClient.java,73.0,11.0,0.0,6.0,12.0,16.0,12.0,bdelacretaz@13f79535-47bb-0310-9956-ffa450edef68,1,0.005952380952380952,17.0,0.0,0.0,0.0,576.7142857142858,1479.270122618152,1,0,2.6607973162516645,true
testing/junit/remote/src/main/java/org/apache/sling/junit/remote/ide/SlingRemoteExecutionRule.java,69.0,11.0,10.0,5.0,22.0,16.0,12.0,bdelacretaz@13f79535-47bb-0310-9956-ffa450edef68,1,0.005952380952380952,25.0,0.0,0.0,0.0,576.7142857142858,1479.270122618152,1,0,2.6607973162516645,true
testing/junit/remote/src/main/java/org/apache/sling/junit/remote/testrunner/SlingRemoteTestRunner.java,98.0,17.0,4.0,5.0,33.0,21.0,12.0,bdelacretaz@13f79535-47bb-0310-9956-ffa450edef68,1,0.005952380952380952,10.0,0.0,0.0,0.0,576.7142857142858,1479.270122618152,1,1,2.6607973162516645,true
testing/samples/integration-tests/src/test/java/org/apache/sling/testing/samples/integrationtests/http/OsgiConsoleTest.java,12.0,2.0,0.0,1.0,8.0,3.0,12.0,rombert@13f79535-47bb-0310-9956-ffa450edef68,1,0.005952380952380952,33.0,0.0,0.0,0.0,576.7142857142858,1479.270122618152,1,0,2.6607973162516645,true
testing/samples/integration-tests/src/test/java/org/apache/sling/testing/samples/integrationtests/serverside/FailingTestsTest.java,35.0,7.0,1.0,2.0,17.0,8.0,12.0,rombert@13f79535-47bb-0310-9956-ffa450edef68,1,0.005952380952380952,33.0,0.0,0.0,0.0,576.7142857142858,1479.270122618152,1,0,2.6607973162516645,true
testing/samples/integration-tests/src/test/java/org/apache/sling/testing/samples/integrationtests/serverside/JSONResponseTest.java,45.0,13.0,8.0,5.0,25.0,17.0,12.0,bdelacretaz@13f79535-47bb-0310-9956-ffa450edef68,1,0.005952380952380952,50.0,0.0,0.0,0.0,576.7142857142858,1479.270122618152,1,0,2.6607973162516645,false
testing/samples/integration-tests/src/test/java/org/apache/sling/testing/samples/integrationtests/serverside/ServerSideTestsBase.java,41.0,6.0,0.0,2.0,9.0,7.0,12.0,bdelacretaz@13f79535-47bb-0310-9956-ffa450edef68,1,0.005952380952380952,33.0,0.0,0.0,0.0,576.7142857142858,1479.270122618152,1,1,2.6607973162516645,false
testing/samples/integration-tests/src/test/java/org/apache/sling/testing/samples/integrationtests/serverside/scriptable/ScriptableTestsTest.java,58.0,19.0,2.0,5.0,25.0,14.0,12.0,bdelacretaz@13f79535-47bb-0310-9956-ffa450edef68,1,0.005952380952380952,50.0,0.0,0.0,0.0,576.7142857142858,1479.270122618152,1,0,2.6607973162516645,false
testing/samples/integration-tests/src/test/java/org/apache/sling/testing/samples/integrationtests/serverside/sling/SlingServerSideTestsBase.java,55.0,8.0,1.0,3.0,13.0,11.0,12.0,bdelacretaz@13f79535-47bb-0310-9956-ffa450edef68,1,0.005952380952380952,33.0,0.0,0.0,0.0,576.7142857142858,1479.270122618152,1,1,2.6607973162516645,false
testing/tools/src/main/java/org/apache/sling/testing/tools/http/RetryingContentChecker.java,60.0,2.0,8.0,8.0,12.0,21.0,12.0,bdelacretaz@13f79535-47bb-0310-9956-ffa450edef68,1,0.005952380952380952,25.0,0.0,0.0,0.0,576.7142857142858,1479.270122618152,1,1,2.6607973162516645,false
testing/tools/src/main/java/org/apache/sling/testing/tools/jarexec/JarExecutor.java,128.0,13.0,0.0,7.0,33.0,22.0,0.0,bdelacretaz@13f79535-47bb-0310-9956-ffa450edef68,0,0.0,0.0,0.0,0.0,0.0,0.0,0.0,0,3,0.0,true
testing/tools/src/main/java/org/apache/sling/testing/tools/sling/SlingTestBase.java,299.0,15.0,37.0,14.0,65.0,50.0,12.0,bdelacretaz@13f79535-47bb-0310-9956-ffa450edef68,1,0.005952380952380952,8.0,0.0,0.0,0.0,576.7142857142858,1479.270122618152,1,1,2.6607973162516645,false
