name,LOC,CBO,LCOM,NOM,RFC,WMC,ACS,Ownership,numOfChanges,numberOfFIChanges,ENH,NF,BugFixing,REF,structuralWorkloadSum,semanticWorkloadSum,numberOfDeveloper,pastFaults,MAF,isBuggy
modules/core/src/main/java/org/apache/synapse/MessageContext.java,265.0,11.0,1326.0,52.0,0.0,110.0,0.0,dims@13f79535-47bb-0310-9956-ffa450edef68,0,0.0,0.0,0.0,0.0,0.0,0.0,0.0,0,0,0.0,false
modules/core/src/main/java/org/apache/synapse/ServerManager.java,305.0,20.0,157.0,23.0,53.0,72.0,38.0,null,1,0.002145922746781116,9.0,3.0,3.0,0.0,1831.9520958083833,52225.60690759262,1,2,1.1160040313799788,true
modules/core/src/main/java/org/apache/synapse/SynapseConstants.java,316.0,3.0,0.0,0.0,0.0,0.0,39.0,null,1,0.002145922746781116,5.0,2.0,2.0,0.0,1831.9520958083833,52225.60690759262,1,3,1.1160040313799788,true
modules/core/src/main/java/org/apache/synapse/SynapseServer.java,63.0,4.0,0.0,4.0,24.0,12.0,112.0,ruwan@13f79535-47bb-0310-9956-ffa450edef68,1,0.002145922746781116,11.0,0.0,0.0,0.0,1831.9520958083833,52225.60690759262,1,0,1.1160040313799788,false
modules/core/src/main/java/org/apache/synapse/config/SynapseConfigUtils.java,379.0,17.0,36.0,13.0,98.0,58.0,30.0,indika@13f79535-47bb-0310-9956-ffa450edef68,3,0.006437768240343348,11.0,5.0,2.0,0.0,2229.3460352023226,57307.37581261159,3,1,1.4334108279844795,false
modules/core/src/main/java/org/apache/synapse/config/SynapseConfiguration.java,608.0,15.0,702.0,48.0,111.0,136.0,58.0,null,1,0.002145922746781116,3.0,0.0,1.0,0.0,1831.9520958083833,52225.60690759262,1,0,1.1160040313799788,true
modules/core/src/main/java/org/apache/synapse/config/SynapseConfigurationBuilder.java,83.0,14.0,0.0,4.0,20.0,12.0,47.0,null,2,0.004291845493562232,15.0,5.0,5.0,0.0,1988.679368535656,56665.50047053303,2,2,0.9786631951618712,false
modules/core/src/main/java/org/apache/synapse/config/xml/AbstractDBMediatorFactory.java,249.0,15.0,9.0,6.0,54.0,33.0,0.0,indika@13f79535-47bb-0310-9956-ffa450edef68,0,0.0,0.0,0.0,0.0,0.0,0.0,0.0,0,4,0.0,false
modules/core/src/main/java/org/apache/synapse/config/xml/AbstractDBMediatorSerializer.java,143.0,9.0,0.0,1.0,21.0,8.0,0.0,ruwan@13f79535-47bb-0310-9956-ffa450edef68,0,0.0,0.0,0.0,0.0,0.0,0.0,0.0,0,1,0.0,false
modules/core/src/main/java/org/apache/synapse/config/xml/AggregateMediatorFactory.java,78.0,10.0,1.0,2.0,18.0,7.0,13.0,ruwan@13f79535-47bb-0310-9956-ffa450edef68,1,0.002145922746781116,10.0,0.0,0.0,0.0,1831.9520958083833,52225.60690759262,1,3,1.1160040313799788,false
modules/core/src/main/java/org/apache/synapse/config/xml/AggregateMediatorSerializer.java,50.0,5.0,1.0,2.0,18.0,7.0,13.0,ruwan@13f79535-47bb-0310-9956-ffa450edef68,1,0.002145922746781116,12.0,0.0,0.0,0.0,1831.9520958083833,52225.60690759262,1,1,1.1160040313799788,false
modules/core/src/main/java/org/apache/synapse/config/xml/CacheMediatorFactory.java,135.0,8.0,1.0,3.0,30.0,14.0,3.0,dims@13f79535-47bb-0310-9956-ffa450edef68,1,0.002145922746781116,25.0,0.0,0.0,0.0,1831.9520958083833,52225.60690759262,1,0,1.1160040313799788,false
modules/core/src/main/java/org/apache/synapse/config/xml/CacheMediatorSerializer.java,63.0,3.0,1.0,2.0,23.0,7.0,3.0,dims@13f79535-47bb-0310-9956-ffa450edef68,1,0.002145922746781116,25.0,0.0,0.0,0.0,1831.9520958083833,52225.60690759262,1,0,1.1160040313799788,false
modules/core/src/main/java/org/apache/synapse/config/xml/CalloutMediatorFactory.java,82.0,6.0,1.0,2.0,13.0,9.0,3.0,hiranya@13f79535-47bb-0310-9956-ffa450edef68,1,0.002145922746781116,6.0,6.0,6.0,0.0,1831.9520958083833,52225.60690759262,1,2,1.1160040313799788,false
modules/core/src/main/java/org/apache/synapse/config/xml/CalloutMediatorSerializer.java,48.0,3.0,1.0,2.0,17.0,7.0,3.0,hiranya@13f79535-47bb-0310-9956-ffa450edef68,1,0.002145922746781116,7.0,7.0,7.0,0.0,1831.9520958083833,52225.60690759262,1,1,1.1160040313799788,false
modules/core/src/main/java/org/apache/synapse/config/xml/DBLookupMediatorFactory.java,15.0,5.0,1.0,2.0,2.0,4.0,0.0,dims@13f79535-47bb-0310-9956-ffa450edef68,0,0.0,0.0,0.0,0.0,0.0,0.0,0.0,0,0,0.0,false
modules/core/src/main/java/org/apache/synapse/config/xml/DBLookupMediatorSerializer.java,22.0,3.0,1.0,2.0,7.0,6.0,0.0,dims@13f79535-47bb-0310-9956-ffa450edef68,0,0.0,0.0,0.0,0.0,0.0,0.0,0.0,0,0,0.0,false
modules/core/src/main/java/org/apache/synapse/config/xml/DBReportMediatorFactory.java,15.0,5.0,1.0,2.0,2.0,4.0,0.0,ruwan@13f79535-47bb-0310-9956-ffa450edef68,0,0.0,0.0,0.0,0.0,0.0,0.0,0.0,0,0,0.0,false
modules/core/src/main/java/org/apache/synapse/config/xml/DBReportMediatorSerializer.java,22.0,3.0,1.0,2.0,7.0,6.0,0.0,ruwan@13f79535-47bb-0310-9956-ffa450edef68,0,0.0,0.0,0.0,0.0,0.0,0.0,0.0,0,0,0.0,false
modules/core/src/main/java/org/apache/synapse/config/xml/DropMediatorFactory.java,14.0,4.0,1.0,2.0,1.0,4.0,0.0,ruwan@13f79535-47bb-0310-9956-ffa450edef68,0,0.0,0.0,0.0,0.0,0.0,0.0,0.0,0,0,0.0,false
modules/core/src/main/java/org/apache/synapse/config/xml/DropMediatorSerializer.java,21.0,3.0,1.0,2.0,6.0,6.0,0.0,dims@13f79535-47bb-0310-9956-ffa450edef68,0,0.0,0.0,0.0,0.0,0.0,0.0,0.0,0,0,0.0,false
modules/core/src/main/java/org/apache/synapse/config/xml/EntryFactory.java,53.0,12.0,3.0,3.0,15.0,14.0,0.0,ruwan@13f79535-47bb-0310-9956-ffa450edef68,0,0.0,0.0,0.0,0.0,0.0,0.0,0.0,0,0,0.0,false
modules/core/src/main/java/org/apache/synapse/config/xml/EntrySerializer.java,54.0,11.0,1.0,2.0,14.0,7.0,0.0,hiranya@13f79535-47bb-0310-9956-ffa450edef68,0,0.0,0.0,0.0,0.0,0.0,0.0,0.0,0,0,0.0,false
modules/core/src/main/java/org/apache/synapse/config/xml/FaultMediatorFactory.java,129.0,9.0,1.0,2.0,22.0,9.0,4.0,ruwan@13f79535-47bb-0310-9956-ffa450edef68,1,0.002145922746781116,7.0,0.0,7.0,0.0,1831.9520958083833,52225.60690759262,1,6,1.1160040313799788,false
modules/core/src/main/java/org/apache/synapse/config/xml/FaultMediatorSerializer.java,70.0,3.0,1.0,2.0,24.0,7.0,4.0,ruwan@13f79535-47bb-0310-9956-ffa450edef68,1,0.002145922746781116,9.0,0.0,9.0,0.0,1831.9520958083833,52225.60690759262,1,4,1.1160040313799788,false
modules/core/src/main/java/org/apache/synapse/config/xml/HeaderMediatorFactory.java,64.0,7.0,1.0,2.0,14.0,10.0,0.0,ruwan@13f79535-47bb-0310-9956-ffa450edef68,0,0.0,0.0,0.0,0.0,0.0,0.0,0.0,0,3,0.0,false
modules/core/src/main/java/org/apache/synapse/config/xml/HeaderMediatorSerializer.java,45.0,4.0,1.0,2.0,18.0,8.0,0.0,veithen@13f79535-47bb-0310-9956-ffa450edef68,0,0.0,0.0,0.0,0.0,0.0,0.0,0.0,0,1,0.0,false
modules/core/src/main/java/org/apache/synapse/config/xml/InMediatorFactory.java,15.0,4.0,1.0,2.0,2.0,4.0,0.0,ruwan@13f79535-47bb-0310-9956-ffa450edef68,0,0.0,0.0,0.0,0.0,0.0,0.0,0.0,0,0,0.0,false
modules/core/src/main/java/org/apache/synapse/config/xml/InMediatorSerializer.java,22.0,3.0,1.0,2.0,8.0,6.0,0.0,dims@13f79535-47bb-0310-9956-ffa450edef68,0,0.0,0.0,0.0,0.0,0.0,0.0,0.0,0,0,0.0,false
modules/core/src/main/java/org/apache/synapse/config/xml/MediatorFactoryFinder.java,123.0,12.0,2.0,8.0,28.0,28.0,4.0,ruwan@13f79535-47bb-0310-9956-ffa450edef68,1,0.002145922746781116,6.0,0.0,0.0,0.0,1831.9520958083833,52225.60690759262,1,0,1.1160040313799788,false
modules/core/src/main/java/org/apache/synapse/config/xml/MediatorPropertyFactory.java,59.0,11.0,0.0,1.0,13.0,8.0,8.0,veithen@13f79535-47bb-0310-9956-ffa450edef68,1,0.002145922746781116,14.0,14.0,0.0,0.0,2959.2017937219734,89972.37265566678,1,3,0.6931471805599453,false
modules/core/src/main/java/org/apache/synapse/config/xml/MediatorSerializerFinder.java,67.0,8.0,1.0,6.0,20.0,18.0,58.0,ruwan@13f79535-47bb-0310-9956-ffa450edef68,1,0.002145922746781116,12.0,0.0,0.0,0.0,1831.9520958083833,52225.60690759262,1,0,1.1160040313799788,false
modules/core/src/main/java/org/apache/synapse/config/xml/OMElementUtils.java,67.0,10.0,0.0,2.0,17.0,14.0,0.0,veithen@13f79535-47bb-0310-9956-ffa450edef68,0,0.0,0.0,0.0,0.0,0.0,0.0,0.0,0,3,0.0,false
modules/core/src/main/java/org/apache/synapse/config/xml/POJOCommandMediatorFactory.java,163.0,9.0,3.0,3.0,25.0,16.0,0.0,ruwan@13f79535-47bb-0310-9956-ffa450edef68,0,0.0,0.0,0.0,0.0,0.0,0.0,0.0,0,3,0.0,false
modules/core/src/main/java/org/apache/synapse/config/xml/POJOCommandMediatorSerializer.java,102.0,3.0,3.0,3.0,25.0,10.0,0.0,ruwan@13f79535-47bb-0310-9956-ffa450edef68,0,0.0,0.0,0.0,0.0,0.0,0.0,0.0,0,3,0.0,false
modules/core/src/main/java/org/apache/synapse/config/xml/ProxyServiceFactory.java,251.0,17.0,0.0,3.0,47.0,12.0,16.0,ruwan@13f79535-47bb-0310-9956-ffa450edef68,2,0.004291845493562232,19.0,6.0,12.0,6.0,4791.1538895303565,142197.9795632594,2,2,0.33853757947848817,false
modules/core/src/main/java/org/apache/synapse/config/xml/ProxyServiceSerializer.java,189.0,12.0,1.0,2.0,48.0,8.0,20.0,hiranya@13f79535-47bb-0310-9956-ffa450edef68,1,0.002145922746781116,15.0,8.0,15.0,8.0,1831.9520958083833,52225.60690759262,1,0,1.1160040313799788,false
modules/core/src/main/java/org/apache/synapse/config/xml/RMSequenceMediatorFactory.java,87.0,7.0,1.0,2.0,16.0,10.0,0.0,ruwan@13f79535-47bb-0310-9956-ffa450edef68,0,0.0,0.0,0.0,0.0,0.0,0.0,0.0,0,3,0.0,false
modules/core/src/main/java/org/apache/synapse/config/xml/RMSequenceMediatorSerializer.java,42.0,3.0,1.0,2.0,14.0,8.0,0.0,ruwan@13f79535-47bb-0310-9956-ffa450edef68,0,0.0,0.0,0.0,0.0,0.0,0.0,0.0,0,1,0.0,false
modules/core/src/main/java/org/apache/synapse/config/xml/RegistryFactory.java,65.0,9.0,4.0,4.0,18.0,15.0,0.0,ruwan@13f79535-47bb-0310-9956-ffa450edef68,0,0.0,0.0,0.0,0.0,0.0,0.0,0.0,0,0,0.0,false
modules/core/src/main/java/org/apache/synapse/config/xml/RegistrySerializer.java,35.0,9.0,1.0,2.0,15.0,7.0,0.0,hiranya@13f79535-47bb-0310-9956-ffa450edef68,0,0.0,0.0,0.0,0.0,0.0,0.0,0.0,0,0,0.0,false
modules/core/src/main/java/org/apache/synapse/config/xml/ResourceMapSerializer.java,16.0,6.0,0.0,1.0,7.0,3.0,2.0,dims@13f79535-47bb-0310-9956-ffa450edef68,1,0.002145922746781116,33.0,0.0,33.0,0.0,2959.2017937219734,89972.37265566678,1,0,0.6931471805599453,false
modules/core/src/main/java/org/apache/synapse/config/xml/SendMediatorFactory.java,22.0,7.0,1.0,2.0,4.0,5.0,22.0,ruwan@13f79535-47bb-0310-9956-ffa450edef68,2,0.004291845493562232,25.0,12.0,12.0,12.0,4791.1538895303565,142197.9795632594,2,0,0.21142842541001683,false
modules/core/src/main/java/org/apache/synapse/config/xml/SendMediatorSerializer.java,25.0,5.0,1.0,2.0,8.0,6.0,36.0,ruwan@13f79535-47bb-0310-9956-ffa450edef68,1,0.002145922746781116,17.0,17.0,17.0,17.0,1831.9520958083833,52225.60690759262,1,0,1.1160040313799788,false
modules/core/src/main/java/org/apache/synapse/config/xml/SequenceMediatorFactory.java,73.0,6.0,3.0,3.0,17.0,11.0,0.0,ruwan@13f79535-47bb-0310-9956-ffa450edef68,0,0.0,0.0,0.0,0.0,0.0,0.0,0.0,0,0,0.0,false
modules/core/src/main/java/org/apache/synapse/config/xml/SequenceMediatorSerializer.java,71.0,3.0,3.0,3.0,25.0,11.0,0.0,ruwan@13f79535-47bb-0310-9956-ffa450edef68,0,0.0,0.0,0.0,0.0,0.0,0.0,0.0,0,0,0.0,false
modules/core/src/main/java/org/apache/synapse/config/xml/SwitchCase.java,67.0,5.0,3.0,6.0,4.0,17.0,0.0,indika@13f79535-47bb-0310-9956-ffa450edef68,0,0.0,0.0,0.0,0.0,0.0,0.0,0.0,0,2,0.0,false
modules/core/src/main/java/org/apache/synapse/config/xml/SwitchMediatorFactory.java,60.0,10.0,1.0,2.0,15.0,12.0,0.0,ruwan@13f79535-47bb-0310-9956-ffa450edef68,0,0.0,0.0,0.0,0.0,0.0,0.0,0.0,0,3,0.0,false
modules/core/src/main/java/org/apache/synapse/config/xml/SwitchMediatorSerializer.java,52.0,4.0,1.0,2.0,19.0,9.0,0.0,veithen@13f79535-47bb-0310-9956-ffa450edef68,0,0.0,0.0,0.0,0.0,0.0,0.0,0.0,0,1,0.0,false
modules/core/src/main/java/org/apache/synapse/config/xml/SynapseXMLConfigurationFactory.java,186.0,23.0,72.0,13.0,82.0,37.0,16.0,null,3,0.006437768240343348,12.0,5.0,7.0,2.0,4947.8811622576295,146637.87312619982,3,2,0.1914451223118443,false
modules/core/src/main/java/org/apache/synapse/config/xml/SynapseXMLConfigurationSerializer.java,81.0,20.0,21.0,7.0,43.0,19.0,36.0,null,1,0.002145922746781116,6.0,6.0,6.0,6.0,1831.9520958083833,52225.60690759262,1,0,1.1160040313799788,false
modules/core/src/main/java/org/apache/synapse/config/xml/TargetFactory.java,60.0,8.0,1.0,2.0,16.0,8.0,22.0,veithen@13f79535-47bb-0310-9956-ffa450edef68,2,0.004291845493562232,29.0,14.0,14.0,14.0,4791.1538895303565,142197.9795632594,2,0,0.21142842541001683,false
modules/core/src/main/java/org/apache/synapse/config/xml/TargetSerializer.java,46.0,6.0,0.0,1.0,11.0,3.0,36.0,supun@13f79535-47bb-0310-9956-ffa450edef68,1,0.002145922746781116,17.0,17.0,17.0,17.0,1831.9520958083833,52225.60690759262,1,0,1.1160040313799788,false
modules/core/src/main/java/org/apache/synapse/config/xml/ValidateMediatorFactory.java,92.0,10.0,1.0,2.0,17.0,10.0,8.0,ruwan@13f79535-47bb-0310-9956-ffa450edef68,1,0.002145922746781116,7.0,7.0,0.0,0.0,2959.2017937219734,89972.37265566678,1,3,0.6931471805599453,false
modules/core/src/main/java/org/apache/synapse/config/xml/ValidateMediatorSerializer.java,48.0,5.0,1.0,2.0,17.0,7.0,0.0,ruwan@13f79535-47bb-0310-9956-ffa450edef68,0,0.0,0.0,0.0,0.0,0.0,0.0,0.0,0,1,0.0,false
modules/core/src/main/java/org/apache/synapse/config/xml/XMLConfigurationSerializer.java,17.0,6.0,0.0,1.0,3.0,2.0,36.0,hiranya@13f79535-47bb-0310-9956-ffa450edef68,1,0.002145922746781116,33.0,33.0,33.0,33.0,1831.9520958083833,52225.60690759262,1,0,1.1160040313799788,false
modules/core/src/main/java/org/apache/synapse/config/xml/XSLTMediatorFactory.java,63.0,7.0,1.0,2.0,17.0,10.0,5.0,ruwan@13f79535-47bb-0310-9956-ffa450edef68,1,0.002145922746781116,14.0,14.0,0.0,0.0,2959.2017937219734,89972.37265566678,1,3,0.6931471805599453,false
modules/core/src/main/java/org/apache/synapse/config/xml/XSLTMediatorSerializer.java,52.0,6.0,1.0,2.0,20.0,8.0,6.0,veithen@13f79535-47bb-0310-9956-ffa450edef68,1,0.002145922746781116,17.0,8.0,0.0,0.0,2959.2017937219734,89972.37265566678,1,1,0.6931471805599453,false
modules/core/src/main/java/org/apache/synapse/config/xml/endpoints/AddressEndpointFactory.java,39.0,8.0,6.0,4.0,11.0,10.0,20.0,null,2,0.004291845493562232,38.0,15.0,4.0,19.0,4791.1538895303565,142197.9795632594,2,1,0.37828267407907523,true
modules/core/src/main/java/org/apache/synapse/config/xml/endpoints/AddressEndpointSerializer.java,34.0,7.0,1.0,2.0,14.0,8.0,20.0,ruwan@13f79535-47bb-0310-9956-ffa450edef68,2,0.004291845493562232,50.0,20.0,15.0,20.0,4791.1538895303565,142197.9795632594,2,2,0.27384962404270885,true
modules/core/src/main/java/org/apache/synapse/config/xml/endpoints/DefaultEndpointFactory.java,60.0,8.0,10.0,5.0,19.0,14.0,55.0,indika@13f79535-47bb-0310-9956-ffa450edef68,1,0.002145922746781116,17.0,6.0,6.0,6.0,1831.9520958083833,52225.60690759262,1,0,1.1160040313799788,true
modules/core/src/main/java/org/apache/synapse/config/xml/endpoints/DefaultEndpointSerializer.java,54.0,7.0,3.0,3.0,18.0,11.0,55.0,null,1,0.002145922746781116,27.0,9.0,9.0,9.0,1831.9520958083833,52225.60690759262,1,0,1.1160040313799788,true
modules/core/src/main/java/org/apache/synapse/config/xml/endpoints/EndpointFactory.java,249.0,16.0,34.0,9.0,49.0,34.0,21.0,ruwan@13f79535-47bb-0310-9956-ffa450edef68,1,0.002145922746781116,30.0,6.0,6.0,12.0,1831.9520958083833,52225.60690759262,1,0,1.1160040313799788,true
modules/core/src/main/java/org/apache/synapse/config/xml/endpoints/EndpointSerializer.java,134.0,10.0,15.0,6.0,28.0,19.0,25.0,ruwan@13f79535-47bb-0310-9956-ffa450edef68,1,0.002145922746781116,30.0,4.0,11.0,11.0,1831.9520958083833,52225.60690759262,1,0,1.1160040313799788,true
modules/core/src/main/java/org/apache/synapse/config/xml/endpoints/FailoverEndpointFactory.java,24.0,10.0,3.0,3.0,5.0,6.0,28.0,ruwan@13f79535-47bb-0310-9956-ffa450edef68,2,0.004291845493562232,54.0,8.0,15.0,15.0,4791.1538895303565,142197.9795632594,2,0,0.6454795915458508,true
modules/core/src/main/java/org/apache/synapse/config/xml/endpoints/FailoverEndpointSerializer.java,23.0,7.0,0.0,1.0,7.0,5.0,18.0,hiranya@13f79535-47bb-0310-9956-ffa450edef68,1,0.002145922746781116,36.0,9.0,18.0,18.0,1831.9520958083833,52225.60690759262,1,0,1.1160040313799788,true
modules/core/src/main/java/org/apache/synapse/config/xml/endpoints/IndirectEndpointFactory.java,21.0,8.0,3.0,3.0,3.0,6.0,16.0,ruwan@13f79535-47bb-0310-9956-ffa450edef68,1,0.002145922746781116,45.0,9.0,18.0,18.0,1831.9520958083833,52225.60690759262,1,0,1.1160040313799788,false
modules/core/src/main/java/org/apache/synapse/config/xml/endpoints/IndirectEndpointSerializer.java,18.0,7.0,0.0,1.0,4.0,4.0,18.0,ruwan@13f79535-47bb-0310-9956-ffa450edef68,1,0.002145922746781116,67.0,17.0,33.0,33.0,1831.9520958083833,52225.60690759262,1,0,1.1160040313799788,false
modules/core/src/main/java/org/apache/synapse/config/xml/endpoints/LoadbalanceEndpointFactory.java,31.0,11.0,3.0,3.0,10.0,7.0,21.0,ruwan@13f79535-47bb-0310-9956-ffa450edef68,2,0.004291845493562232,53.0,5.0,16.0,11.0,4791.1538895303565,142197.9795632594,2,0,0.7486353729065274,true
modules/core/src/main/java/org/apache/synapse/config/xml/endpoints/LoadbalanceEndpointSerializer.java,32.0,10.0,0.0,1.0,9.0,5.0,15.0,ruwan@13f79535-47bb-0310-9956-ffa450edef68,1,0.002145922746781116,38.0,8.0,15.0,15.0,1831.9520958083833,52225.60690759262,1,0,1.1160040313799788,true
modules/core/src/main/java/org/apache/synapse/config/xml/endpoints/SALoadbalanceEndpointFactory.java,47.0,15.0,3.0,3.0,11.0,7.0,26.0,ruwan@13f79535-47bb-0310-9956-ffa450edef68,2,0.004291845493562232,62.0,8.0,15.0,15.0,4791.1538895303565,142197.9795632594,2,0,0.6863767637710378,true
modules/core/src/main/java/org/apache/synapse/config/xml/endpoints/SALoadbalanceEndpointSerializer.java,42.0,11.0,0.0,1.0,11.0,5.0,21.0,null,1,0.002145922746781116,30.0,10.0,20.0,10.0,1831.9520958083833,52225.60690759262,1,0,1.1160040313799788,true
modules/core/src/main/java/org/apache/synapse/config/xml/endpoints/WSDLEndpointFactory.java,78.0,15.0,6.0,4.0,23.0,12.0,27.0,null,2,0.004291845493562232,27.0,8.0,4.0,15.0,4791.1538895303565,142197.9795632594,2,1,0.6454795915458508,true
modules/core/src/main/java/org/apache/synapse/config/xml/endpoints/WSDLEndpointSerializer.java,42.0,7.0,1.0,2.0,12.0,6.0,26.0,ruwan@13f79535-47bb-0310-9956-ffa450edef68,2,0.004291845493562232,47.0,6.0,12.0,24.0,4791.1538895303565,142197.9795632594,2,1,0.6863767637710378,true
modules/core/src/main/java/org/apache/synapse/config/xml/endpoints/XMLToEndpointMapper.java,25.0,4.0,3.0,3.0,1.0,9.0,21.0,ruwan@13f79535-47bb-0310-9956-ffa450edef68,2,0.004291845493562232,60.0,20.0,20.0,20.0,4791.1538895303565,142197.9795632594,2,0,0.33853757947848817,false
modules/core/src/main/java/org/apache/synapse/config/xml/endpoints/utils/WSDL11EndpointBuilder.java,131.0,28.0,8.0,5.0,29.0,19.0,57.0,null,1,0.002145922746781116,25.0,0.0,0.0,0.0,1831.9520958083833,52225.60690759262,1,0,1.1160040313799788,true
modules/core/src/main/java/org/apache/synapse/config/xml/package-info.java,0.0,0.0,0.0,0.0,0.0,0.0,12.0,veithen@13f79535-47bb-0310-9956-ffa450edef68,0,0.0,0.0,0.0,0.0,0.0,0.0,0.0,0,0,0.0,false
modules/core/src/main/java/org/apache/synapse/core/SynapseEnvironment.java,58.0,6.0,45.0,10.0,0.0,25.0,1.0,ruwan@13f79535-47bb-0310-9956-ffa450edef68,1,0.002145922746781116,7.0,7.0,7.0,0.0,1831.9520958083833,52225.60690759262,1,1,1.1160040313799788,true
modules/core/src/main/java/org/apache/synapse/core/axis2/AnonymousServiceFactory.java,121.0,12.0,6.0,4.0,16.0,17.0,3.0,ruwan@13f79535-47bb-0310-9956-ffa450edef68,1,0.002145922746781116,15.0,8.0,8.0,0.0,1831.9520958083833,52225.60690759262,1,1,1.1160040313799788,false
modules/core/src/main/java/org/apache/synapse/core/axis2/AsyncCallback.java,43.0,3.0,39.0,10.0,0.0,13.0,1.0,indika@13f79535-47bb-0310-9956-ffa450edef68,1,0.002145922746781116,25.0,0.0,0.0,0.0,1831.9520958083833,52225.60690759262,1,0,1.1160040313799788,false
modules/core/src/main/java/org/apache/synapse/core/axis2/Axis2FlexibleMEPClient.java,228.0,34.0,19.0,7.0,89.0,31.0,18.0,ruwan@13f79535-47bb-0310-9956-ffa450edef68,2,0.004291845493562232,12.0,4.0,7.0,2.0,4791.1538895303565,142197.9795632594,2,5,0.39691819970328346,true
modules/core/src/main/java/org/apache/synapse/core/axis2/Axis2MessageContext.java,361.0,21.0,486.0,61.0,96.0,126.0,0.0,null,0,0.0,0.0,0.0,0.0,0.0,0.0,0.0,0,1,0.0,true
modules/core/src/main/java/org/apache/synapse/core/axis2/Axis2Sender.java,70.0,18.0,3.0,3.0,39.0,9.0,3.0,null,1,0.002145922746781116,6.0,0.0,6.0,6.0,1831.9520958083833,52225.60690759262,1,2,1.1160040313799788,true
modules/core/src/main/java/org/apache/synapse/core/axis2/Axis2SynapseEnvironment.java,220.0,22.0,50.0,13.0,53.0,39.0,33.0,null,2,0.004291845493562232,11.0,3.0,6.0,0.0,1988.679368535656,56665.50047053303,2,1,0.9280488858186995,true
modules/core/src/main/java/org/apache/synapse/core/axis2/CustomURIResolver.java,32.0,4.0,1.0,3.0,2.0,6.0,2.0,veithen@13f79535-47bb-0310-9956-ffa450edef68,2,0.004291845493562232,60.0,0.0,40.0,0.0,3199.86846038864,90614.24799774535,2,0,1.5690887064773755,false
modules/core/src/main/java/org/apache/synapse/core/axis2/CustomWSDLLocator.java,44.0,4.0,7.0,7.0,2.0,12.0,2.0,veithen@13f79535-47bb-0310-9956-ffa450edef68,2,0.004291845493562232,40.0,0.0,20.0,0.0,3199.86846038864,90614.24799774535,2,0,1.1343417706591823,false
modules/core/src/main/java/org/apache/synapse/core/axis2/DynamicAxisOperation.java,127.0,21.0,3.0,3.0,0.0,4.0,0.0,hiranya@13f79535-47bb-0310-9956-ffa450edef68,0,0.0,0.0,0.0,0.0,0.0,0.0,0.0,0,3,0.0,false
modules/core/src/main/java/org/apache/synapse/core/axis2/MediatorDeployer.java,126.0,15.0,15.0,7.0,28.0,21.0,3.0,veithen@13f79535-47bb-0310-9956-ffa450edef68,2,0.004291845493562232,60.0,0.0,0.0,20.0,4791.1538895303565,142197.9795632594,2,0,0.19758529587181028,false
modules/core/src/main/java/org/apache/synapse/core/axis2/ProxyService.java,654.0,30.0,1945.0,66.0,97.0,117.0,26.0,ruwan@13f79535-47bb-0310-9956-ffa450edef68,3,0.006437768240343348,12.0,4.0,2.0,0.0,4947.8811622576295,146637.87312619982,3,5,0.3756127911818965,false
modules/core/src/main/java/org/apache/synapse/core/axis2/ProxyServiceMessageReceiver.java,163.0,7.0,0.0,6.0,53.0,17.0,4.0,indika@13f79535-47bb-0310-9956-ffa450edef68,1,0.002145922746781116,5.0,0.0,5.0,0.0,1831.9520958083833,52225.60690759262,1,1,1.1160040313799788,false
modules/core/src/main/java/org/apache/synapse/core/axis2/ResourceMap.java,61.0,12.0,0.0,3.0,10.0,11.0,3.0,veithen@13f79535-47bb-0310-9956-ffa450edef68,1,0.002145922746781116,29.0,14.0,29.0,0.0,2959.2017937219734,89972.37265566678,1,0,0.6931471805599453,false
modules/core/src/main/java/org/apache/synapse/core/axis2/SynapseCallbackReceiver.java,202.0,24.0,0.0,5.0,88.0,23.0,39.0,indika@13f79535-47bb-0310-9956-ffa450edef68,2,0.004291845493562232,7.0,2.0,2.0,2.0,1988.679368535656,56665.50047053303,2,4,1.4778365272385763,true
modules/core/src/main/java/org/apache/synapse/core/axis2/SynapseDispatcher.java,17.0,9.0,3.0,3.0,5.0,7.0,1.0,dims@13f79535-47bb-0310-9956-ffa450edef68,1,0.002145922746781116,33.0,0.0,0.0,33.0,1831.9520958083833,52225.60690759262,1,0,1.1160040313799788,false
modules/core/src/main/java/org/apache/synapse/core/axis2/SynapseInitializationModule.java,114.0,21.0,11.0,6.0,42.0,21.0,57.0,ruwan@13f79535-47bb-0310-9956-ffa450edef68,1,0.002145922746781116,15.0,8.0,0.0,0.0,1831.9520958083833,52225.60690759262,1,1,1.1160040313799788,false
modules/core/src/main/java/org/apache/synapse/core/axis2/SynapseMessageReceiver.java,65.0,11.0,0.0,3.0,37.0,11.0,0.0,indika@13f79535-47bb-0310-9956-ffa450edef68,0,0.0,0.0,0.0,0.0,0.0,0.0,0.0,0,1,0.0,false
modules/core/src/main/java/org/apache/synapse/core/axis2/SynapseStartUpServlet.java,73.0,11.0,3.0,6.0,33.0,19.0,112.0,null,1,0.002145922746781116,10.0,0.0,0.0,0.0,1831.9520958083833,52225.60690759262,1,0,1.1160040313799788,false
modules/core/src/main/java/org/apache/synapse/core/axis2/TimeoutHandler.java,79.0,10.0,4.0,4.0,21.0,14.0,112.0,indika@13f79535-47bb-0310-9956-ffa450edef68,1,0.002145922746781116,12.0,0.0,0.0,0.0,1831.9520958083833,52225.60690759262,1,0,1.1160040313799788,true
modules/core/src/main/java/org/apache/synapse/endpoints/AddressEndpoint.java,114.0,7.0,0.0,4.0,44.0,12.0,40.0,indika@13f79535-47bb-0310-9956-ffa450edef68,2,0.004291845493562232,29.0,14.0,7.0,14.0,4791.1538895303565,142197.9795632594,2,0,0.4479546740561622,true
modules/core/src/main/java/org/apache/synapse/endpoints/DefaultEndpoint.java,141.0,8.0,59.0,14.0,36.0,31.0,74.0,indika@13f79535-47bb-0310-9956-ffa450edef68,1,0.002145922746781116,25.0,12.0,12.0,12.0,1831.9520958083833,52225.60690759262,1,0,1.1160040313799788,true
modules/core/src/main/java/org/apache/synapse/endpoints/EndpointContext.java,172.0,6.0,0.0,10.0,24.0,40.0,58.0,null,2,0.004291845493562232,12.0,0.0,0.0,6.0,1988.679368535656,56665.50047053303,2,0,1.1716168489350913,true
modules/core/src/main/java/org/apache/synapse/endpoints/FailoverEndpoint.java,122.0,9.0,12.0,9.0,29.0,20.0,74.0,indika@13f79535-47bb-0310-9956-ffa450edef68,1,0.002145922746781116,18.0,9.0,9.0,9.0,1831.9520958083833,52225.60690759262,1,0,1.1160040313799788,true
modules/core/src/main/java/org/apache/synapse/endpoints/IndirectEndpoint.java,89.0,7.0,62.0,13.0,16.0,30.0,74.0,indika@13f79535-47bb-0310-9956-ffa450edef68,1,0.002145922746781116,17.0,8.0,8.0,8.0,1831.9520958083833,52225.60690759262,1,0,1.1160040313799788,true
modules/core/src/main/java/org/apache/synapse/endpoints/LoadbalanceEndpoint.java,143.0,11.0,40.0,13.0,30.0,27.0,30.0,ruwan@13f79535-47bb-0310-9956-ffa450edef68,1,0.002145922746781116,27.0,5.0,5.0,9.0,1831.9520958083833,52225.60690759262,1,0,1.1160040313799788,true
modules/core/src/main/java/org/apache/synapse/endpoints/SALoadbalanceEndpoint.java,298.0,15.0,35.0,15.0,52.0,40.0,74.0,null,1,0.002145922746781116,15.0,8.0,8.0,8.0,1831.9520958083833,52225.60690759262,1,0,1.1160040313799788,true
modules/core/src/main/java/org/apache/synapse/endpoints/WSDLEndpoint.java,199.0,12.0,150.0,21.0,52.0,45.0,52.0,indika@13f79535-47bb-0310-9956-ffa450edef68,1,0.002145922746781116,30.0,10.0,10.0,20.0,1831.9520958083833,52225.60690759262,1,0,1.1160040313799788,true
modules/core/src/main/java/org/apache/synapse/endpoints/algorithms/AlgorithmContext.java,133.0,6.0,0.0,8.0,20.0,28.0,44.0,indika@13f79535-47bb-0310-9956-ffa450edef68,2,0.004291845493562232,25.0,0.0,0.0,8.0,1988.679368535656,56665.50047053303,2,0,0.9786631951618712,true
modules/core/src/main/java/org/apache/synapse/endpoints/algorithms/LoadbalanceAlgorithm.java,17.0,2.0,1.0,2.0,0.0,4.0,18.0,ruwan@13f79535-47bb-0310-9956-ffa450edef68,1,0.002145922746781116,11.0,0.0,0.0,0.0,1831.9520958083833,52225.60690759262,1,0,1.1160040313799788,true
modules/core/src/main/java/org/apache/synapse/endpoints/algorithms/RoundRobin.java,52.0,5.0,0.0,3.0,11.0,8.0,45.0,ruwan@13f79535-47bb-0310-9956-ffa450edef68,1,0.002145922746781116,19.0,0.0,0.0,0.0,1831.9520958083833,52225.60690759262,1,0,1.1160040313799788,true
modules/core/src/main/java/org/apache/synapse/endpoints/dispatch/Dispatcher.java,30.0,2.0,6.0,4.0,0.0,12.0,112.0,indika@13f79535-47bb-0310-9956-ffa450edef68,1,0.002145922746781116,25.0,0.0,0.0,0.0,1831.9520958083833,52225.60690759262,1,0,1.1160040313799788,true
modules/core/src/main/java/org/apache/synapse/endpoints/dispatch/DispatcherContext.java,229.0,14.0,0.0,12.0,44.0,45.0,50.0,indika@13f79535-47bb-0310-9956-ffa450edef68,2,0.004291845493562232,60.0,20.0,20.0,40.0,1988.679368535656,56665.50047053303,2,0,0.9786631951618712,true
modules/core/src/main/java/org/apache/synapse/endpoints/dispatch/HttpSessionDispatcher.java,92.0,6.0,0.0,4.0,19.0,18.0,112.0,null,1,0.002145922746781116,12.0,0.0,0.0,0.0,1831.9520958083833,52225.60690759262,1,0,1.1160040313799788,true
modules/core/src/main/java/org/apache/synapse/endpoints/dispatch/SimpleClientSessionDispatcher.java,78.0,7.0,0.0,4.0,21.0,18.0,112.0,ruwan@13f79535-47bb-0310-9956-ffa450edef68,1,0.002145922746781116,17.0,0.0,0.0,0.0,1831.9520958083833,52225.60690759262,1,0,1.1160040313799788,true
modules/core/src/main/java/org/apache/synapse/endpoints/dispatch/SoapSessionDispatcher.java,92.0,8.0,0.0,4.0,21.0,15.0,112.0,indika@13f79535-47bb-0310-9956-ffa450edef68,1,0.002145922746781116,25.0,0.0,0.0,0.0,1831.9520958083833,52225.60690759262,1,0,1.1160040313799788,true
modules/core/src/main/java/org/apache/synapse/endpoints/utils/EndpointDefinition.java,335.0,1.0,989.0,46.0,0.0,88.0,5.0,ruwan@13f79535-47bb-0310-9956-ffa450edef68,2,0.004291845493562232,40.0,20.0,10.0,10.0,4791.1538895303565,142197.9795632594,2,2,0.21142842541001683,true
modules/core/src/main/java/org/apache/synapse/mediators/MediatorProperty.java,35.0,4.0,18.0,8.0,1.0,12.0,8.0,ruwan@13f79535-47bb-0310-9956-ffa450edef68,1,0.002145922746781116,12.0,12.0,0.0,0.0,2959.2017937219734,89972.37265566678,1,3,0.6931471805599453,false
modules/core/src/main/java/org/apache/synapse/mediators/builtin/CalloutMediator.java,190.0,22.0,136.0,20.0,35.0,44.0,57.0,hiranya@13f79535-47bb-0310-9956-ffa450edef68,1,0.002145922746781116,8.0,4.0,4.0,0.0,1831.9520958083833,52225.60690759262,1,3,1.1160040313799788,false
modules/core/src/main/java/org/apache/synapse/mediators/builtin/PropertyMediator.java,142.0,8.0,25.0,11.0,16.0,21.0,0.0,hiranya@13f79535-47bb-0310-9956-ffa450edef68,0,0.0,0.0,0.0,0.0,0.0,0.0,0.0,0,3,0.0,false
modules/core/src/main/java/org/apache/synapse/mediators/builtin/RMSequenceMediator.java,164.0,15.0,83.0,15.0,46.0,44.0,0.0,ruwan@13f79535-47bb-0310-9956-ffa450edef68,0,0.0,0.0,0.0,0.0,0.0,0.0,0.0,0,4,0.0,false
modules/core/src/main/java/org/apache/synapse/mediators/builtin/SendMediator.java,92.0,13.0,0.0,3.0,27.0,8.0,58.0,null,2,0.004291845493562232,13.0,7.0,7.0,0.0,4791.1538895303565,142197.9795632594,2,0,0.21142842541001683,true
modules/core/src/main/java/org/apache/synapse/mediators/builtin/ValidateMediator.java,257.0,26.0,11.0,11.0,48.0,43.0,2.0,null,1,0.002145922746781116,21.0,0.0,5.0,5.0,2959.2017937219734,89972.37265566678,1,3,0.6931471805599453,false
modules/core/src/main/java/org/apache/synapse/mediators/db/AbstractDBMediator.java,203.0,14.0,54.0,13.0,56.0,34.0,0.0,indika@13f79535-47bb-0310-9956-ffa450edef68,0,0.0,0.0,0.0,0.0,0.0,0.0,0.0,0,2,0.0,false
modules/core/src/main/java/org/apache/synapse/mediators/eip/EIPUtils.java,79.0,10.0,3.0,3.0,14.0,17.0,0.0,ruwan@13f79535-47bb-0310-9956-ffa450edef68,0,0.0,0.0,0.0,0.0,0.0,0.0,0.0,0,3,0.0,false
modules/core/src/main/java/org/apache/synapse/mediators/eip/aggregator/Aggregate.java,191.0,8.0,124.0,21.0,20.0,42.0,57.0,ruwan@13f79535-47bb-0310-9956-ffa450edef68,1,0.002145922746781116,22.0,0.0,11.0,0.0,1831.9520958083833,52225.60690759262,1,2,1.1160040313799788,true
modules/core/src/main/java/org/apache/synapse/mediators/eip/aggregator/AggregateMediator.java,284.0,15.0,105.0,19.0,44.0,48.0,2.0,ruwan@13f79535-47bb-0310-9956-ffa450edef68,1,0.002145922746781116,6.0,0.0,6.0,0.0,1831.9520958083833,52225.60690759262,1,6,1.1160040313799788,true
modules/core/src/main/java/org/apache/synapse/mediators/ext/AnnotatedCommandMediator.java,182.0,13.0,8.0,5.0,43.0,21.0,0.0,ruwan@13f79535-47bb-0310-9956-ffa450edef68,0,0.0,0.0,0.0,0.0,0.0,0.0,0.0,0,3,0.0,false
modules/core/src/main/java/org/apache/synapse/mediators/ext/POJOCommandMediator.java,258.0,14.0,69.0,15.0,51.0,35.0,11.0,ruwan@13f79535-47bb-0310-9956-ffa450edef68,1,0.002145922746781116,9.0,0.0,0.0,9.0,240.66666666666666,641.8753420785688,1,3,2.9618307218783095,true
modules/core/src/main/java/org/apache/synapse/mediators/filters/FilterMediator.java,155.0,8.0,68.0,16.0,20.0,37.0,0.0,ruwan@13f79535-47bb-0310-9956-ffa450edef68,0,0.0,0.0,0.0,0.0,0.0,0.0,0.0,0,3,0.0,false
modules/core/src/main/java/org/apache/synapse/mediators/filters/SwitchMediator.java,120.0,7.0,3.0,7.0,18.0,20.0,0.0,null,0,0.0,0.0,0.0,0.0,0.0,0.0,0.0,0,3,0.0,true
modules/core/src/main/java/org/apache/synapse/mediators/transform/FaultMediator.java,361.0,15.0,229.0,27.0,92.0,71.0,4.0,ruwan@13f79535-47bb-0310-9956-ffa450edef68,1,0.002145922746781116,5.0,0.0,5.0,0.0,1831.9520958083833,52225.60690759262,1,7,1.1160040313799788,false
modules/core/src/main/java/org/apache/synapse/mediators/transform/HeaderMediator.java,174.0,14.0,13.0,11.0,40.0,25.0,0.0,ruwan@13f79535-47bb-0310-9956-ffa450edef68,0,0.0,0.0,0.0,0.0,0.0,0.0,0.0,0,3,0.0,false
modules/core/src/main/java/org/apache/synapse/mediators/transform/XSLTMediator.java,390.0,38.0,140.0,20.0,85.0,62.0,4.0,veithen@13f79535-47bb-0310-9956-ffa450edef68,1,0.002145922746781116,29.0,13.0,13.0,5.0,2959.2017937219734,89972.37265566678,1,7,0.6931471805599453,false
modules/core/src/main/java/org/apache/synapse/registry/AbstractRegistry.java,100.0,11.0,8.0,5.0,22.0,13.0,5.0,null,1,0.002145922746781116,9.0,0.0,9.0,0.0,156.72727272727272,4439.893562940405,1,0,2.613524027610094,true
modules/core/src/main/java/org/apache/synapse/registry/Registry.java,73.0,4.0,66.0,12.0,0.0,22.0,5.0,indika@13f79535-47bb-0310-9956-ffa450edef68,1,0.002145922746781116,20.0,0.0,20.0,0.0,156.72727272727272,4439.893562940405,1,0,2.613524027610094,true
modules/core/src/main/java/org/apache/synapse/registry/RegistryEntryImpl.java,63.0,3.0,88.0,17.0,2.0,30.0,5.0,indika@13f79535-47bb-0310-9956-ffa450edef68,1,0.002145922746781116,17.0,0.0,17.0,0.0,156.72727272727272,4439.893562940405,1,0,2.613524027610094,true
modules/core/src/main/java/org/apache/synapse/registry/url/SimpleURLRegistry.java,225.0,18.0,54.0,13.0,63.0,44.0,3.0,indika@13f79535-47bb-0310-9956-ffa450edef68,2,0.004291845493562232,23.0,8.0,15.0,0.0,1988.679368535656,56665.50047053303,2,0,1.4778365272385763,true
modules/core/src/main/java/org/apache/synapse/startup/quartz/SimpleQuartz.java,135.0,23.0,67.0,15.0,31.0,32.0,112.0,indika@13f79535-47bb-0310-9956-ffa450edef68,1,0.002145922746781116,5.0,0.0,0.0,0.0,1831.9520958083833,52225.60690759262,1,0,1.1160040313799788,false
modules/core/src/main/java/org/apache/synapse/util/AXIOMUtils.java,20.0,6.0,1.0,2.0,1.0,6.0,3.0,veithen@13f79535-47bb-0310-9956-ffa450edef68,1,0.002145922746781116,25.0,0.0,0.0,0.0,2959.2017937219734,89972.37265566678,1,0,0.6931471805599453,false
modules/core/src/main/java/org/apache/synapse/util/ClasspathURLStreamHandler.java,25.0,8.0,0.0,1.0,0.0,2.0,1.0,hiranya@13f79535-47bb-0310-9956-ffa450edef68,1,0.002145922746781116,25.0,0.0,0.0,0.0,2959.2017937219734,89972.37265566678,1,0,0.6931471805599453,false
modules/core/src/main/java/org/apache/synapse/util/DataSourceRegistrar.java,372.0,12.0,16.0,9.0,56.0,40.0,58.0,indika@13f79535-47bb-0310-9956-ffa450edef68,2,0.004291845493562232,22.0,0.0,0.0,11.0,1988.679368535656,56665.50047053303,2,2,1.1716168489350913,false
modules/core/src/main/java/org/apache/synapse/util/MessageHelper.java,171.0,19.0,21.0,7.0,103.0,39.0,2.0,ruwan@13f79535-47bb-0310-9956-ffa450edef68,1,0.002145922746781116,7.0,0.0,7.0,3.0,1831.9520958083833,52225.60690759262,1,0,1.1160040313799788,false
modules/core/src/main/java/org/apache/synapse/util/POXUtils.java,42.0,8.0,0.0,1.0,19.0,4.0,0.0,asankha@13f79535-47bb-0310-9956-ffa450edef68,0,0.0,0.0,0.0,0.0,0.0,0.0,0.0,0,0,0.0,false
modules/core/src/main/java/org/apache/synapse/util/RMIRegistryController.java,48.0,8.0,6.0,5.0,6.0,11.0,58.0,indika@13f79535-47bb-0310-9956-ffa450edef68,2,0.004291845493562232,29.0,0.0,0.0,14.0,1988.679368535656,56665.50047053303,2,1,1.1716168489350913,false
modules/core/src/main/java/org/apache/synapse/util/SynapseBinaryDataSource.java,44.0,5.0,0.0,6.0,9.0,15.0,3.0,ruwan@13f79535-47bb-0310-9956-ffa450edef68,2,0.004291845493562232,40.0,20.0,20.0,0.0,4791.1538895303565,142197.9795632594,2,0,0.21142842541001683,false
modules/core/src/main/java/org/apache/synapse/util/TemporaryData.java,234.0,4.0,4.0,8.0,15.0,27.0,3.0,veithen@13f79535-47bb-0310-9956-ffa450edef68,2,0.004291845493562232,29.0,14.0,14.0,0.0,4791.1538895303565,142197.9795632594,2,1,0.21142842541001683,false
modules/core/src/main/java/org/apache/synapse/util/TextFileDataSource.java,55.0,21.0,46.0,12.0,10.0,26.0,2.0,veithen@13f79535-47bb-0310-9956-ffa450edef68,1,0.002145922746781116,9.0,0.0,0.0,0.0,2959.2017937219734,89972.37265566678,1,0,0.6931471805599453,false
modules/core/src/main/java/org/apache/synapse/util/xpath/SynapseXPath.java,95.0,13.0,10.0,5.0,20.0,20.0,2.0,null,1,0.002145922746781116,7.0,0.0,0.0,0.0,240.66666666666666,641.8753420785688,1,3,2.9618307218783095,false
modules/core/src/main/java/org/apache/synapse/util/xpath/SynapseXPathFunctionContext.java,41.0,5.0,0.0,2.0,3.0,7.0,0.0,supun@13f79535-47bb-0310-9956-ffa450edef68,0,0.0,0.0,0.0,0.0,0.0,0.0,0.0,0,1,0.0,false
modules/core/src/main/java/org/apache/synapse/util/xpath/SynapseXPathVariableContext.java,74.0,6.0,0.0,3.0,8.0,13.0,0.0,supun@13f79535-47bb-0310-9956-ffa450edef68,0,0.0,0.0,0.0,0.0,0.0,0.0,0.0,0,1,0.0,false
modules/core/src/main/java/org/apache/synapse/util/xpath/package-info.java,0.0,0.0,0.0,0.0,0.0,0.0,12.0,veithen@13f79535-47bb-0310-9956-ffa450edef68,0,0.0,0.0,0.0,0.0,0.0,0.0,0.0,0,0,0.0,false
modules/core/src/test/java/org/apache/synapse/TestMessageContext.java,199.0,15.0,1373.0,54.0,29.0,102.0,3.0,hiranya@13f79535-47bb-0310-9956-ffa450edef68,1,0.002145922746781116,14.0,0.0,0.0,0.0,2959.2017937219734,89972.37265566678,1,1,0.6931471805599453,false
modules/core/src/test/java/org/apache/synapse/core/axis2/Axis2MessageContextTest.java,20.0,4.0,0.0,2.0,8.0,4.0,0.0,ruwan@13f79535-47bb-0310-9956-ffa450edef68,0,0.0,0.0,0.0,0.0,0.0,0.0,0.0,0,3,0.0,false
modules/core/src/test/java/org/apache/synapse/mediators/AbstractTestCase.java,73.0,15.0,22.0,8.0,20.0,19.0,4.0,ruwan@13f79535-47bb-0310-9956-ffa450edef68,1,0.002145922746781116,17.0,0.0,0.0,0.0,2959.2017937219734,89972.37265566678,1,0,0.6931471805599453,false
modules/core/src/test/java/org/apache/synapse/mediators/TestUtils.java,114.0,21.0,21.0,7.0,76.0,30.0,3.0,veithen@13f79535-47bb-0310-9956-ffa450edef68,1,0.002145922746781116,40.0,10.0,0.0,10.0,2959.2017937219734,89972.37265566678,1,1,0.6931471805599453,false
modules/core/src/test/java/org/apache/synapse/mediators/builtin/PropertyMediatorTest.java,42.0,5.0,3.0,3.0,22.0,6.0,0.0,hiranya@13f79535-47bb-0310-9956-ffa450edef68,0,0.0,0.0,0.0,0.0,0.0,0.0,0.0,0,3,0.0,false
modules/core/src/test/java/org/apache/synapse/mediators/builtin/ValidateMediatorTest.java,190.0,17.0,6.0,13.0,103.0,25.0,3.0,ruwan@13f79535-47bb-0310-9956-ffa450edef68,1,0.002145922746781116,17.0,0.0,0.0,0.0,2959.2017937219734,89972.37265566678,1,2,0.6931471805599453,false
modules/core/src/test/java/org/apache/synapse/mediators/db/DBLookupMediatorTest.java,47.0,9.0,0.0,5.0,30.0,13.0,112.0,ruwan@13f79535-47bb-0310-9956-ffa450edef68,1,0.002145922746781116,12.0,0.0,0.0,0.0,1831.9520958083833,52225.60690759262,1,0,1.1160040313799788,false
modules/core/src/test/java/org/apache/synapse/mediators/db/DBReportMediatorTest.java,43.0,11.0,0.0,4.0,32.0,13.0,112.0,ruwan@13f79535-47bb-0310-9956-ffa450edef68,1,0.002145922746781116,11.0,0.0,0.0,0.0,1831.9520958083833,52225.60690759262,1,0,1.1160040313799788,false
modules/core/src/test/java/org/apache/synapse/mediators/transform/XSLTMediatorTest.java,166.0,22.0,0.0,8.0,109.0,30.0,4.0,veithen@13f79535-47bb-0310-9956-ffa450edef68,2,0.004291845493562232,37.0,21.0,16.0,11.0,4791.1538895303565,142197.9795632594,2,4,0.34343898381725524,false
modules/core/src/test/java/org/apache/synapse/n2n/SynapseCommodityServiceTest.java,104.0,24.0,15.0,6.0,55.0,19.0,31.0,ruwan@13f79535-47bb-0310-9956-ffa450edef68,2,0.004291845493562232,31.0,0.0,15.0,0.0,4791.1538895303565,142197.9795632594,2,2,0.23652624864614535,false
modules/core/src/test/java/org/apache/synapse/registry/url/SimpleURLRegistryTest.java,42.0,7.0,0.0,4.0,13.0,8.0,0.0,null,0,0.0,0.0,0.0,0.0,0.0,0.0,0.0,0,0,0.0,false
modules/core/src/test/java/org/apache/synapse/util/MessageHelperTest.java,12.0,2.0,0.0,1.0,4.0,2.0,38.0,veithen@13f79535-47bb-0310-9956-ffa450edef68,2,0.004291845493562232,100.0,67.0,67.0,0.0,4791.1538895303565,142197.9795632594,2,0,0.33853757947848817,false
modules/core/src/test/java/org/apache/synapse/util/SynapseXPathTest.java,55.0,11.0,1.0,7.0,41.0,14.0,3.0,veithen@13f79535-47bb-0310-9956-ffa450edef68,2,0.004291845493562232,25.0,0.0,0.0,0.0,3199.86846038864,90614.24799774535,2,1,1.1343417706591823,false
modules/core/src/test/java/org/apache/synapse/util/TemporaryDataTest.java,91.0,9.0,15.0,7.0,35.0,17.0,3.0,veithen@13f79535-47bb-0310-9956-ffa450edef68,1,0.002145922746781116,25.0,25.0,0.0,0.0,2959.2017937219734,89972.37265566678,1,0,0.6931471805599453,false
modules/core/src/test/java/org/apache/synapse/util/TextFileDataSourceTest.java,35.0,8.0,0.0,4.0,23.0,9.0,2.0,veithen@13f79535-47bb-0310-9956-ffa450edef68,1,0.002145922746781116,14.0,0.0,0.0,0.0,2959.2017937219734,89972.37265566678,1,0,0.6931471805599453,false
modules/extensions/src/main/java/org/apache/synapse/format/hessian/HessianMessageBuilder.java,46.0,13.0,0.0,1.0,12.0,8.0,3.0,asankha@13f79535-47bb-0310-9956-ffa450edef68,1,0.002145922746781116,17.0,0.0,17.0,0.0,1831.9520958083833,52225.60690759262,1,0,1.1160040313799788,false
modules/extensions/src/main/java/org/apache/synapse/format/hessian/HessianMessageFormatter.java,125.0,20.0,15.0,7.0,29.0,28.0,0.0,ruwan@13f79535-47bb-0310-9956-ffa450edef68,0,0.0,0.0,0.0,0.0,0.0,0.0,0.0,0,2,0.0,false
modules/extensions/src/main/java/org/apache/synapse/format/hessian/HessianUtils.java,64.0,2.0,10.0,5.0,11.0,17.0,0.0,asankha@13f79535-47bb-0310-9956-ffa450edef68,0,0.0,0.0,0.0,0.0,0.0,0.0,0.0,0,2,0.0,false
modules/extensions/src/main/java/org/apache/synapse/format/syslog/InputStreamConsumer.java,116.0,2.0,14.0,8.0,7.0,27.0,7.0,indika@13f79535-47bb-0310-9956-ffa450edef68,1,0.002145922746781116,50.0,50.0,0.0,0.0,2959.2017937219734,89972.37265566678,1,0,0.6931471805599453,false
modules/extensions/src/main/java/org/apache/synapse/format/syslog/ProtocolException.java,9.0,0.0,0.0,1.0,0.0,1.0,7.0,veithen@13f79535-47bb-0310-9956-ffa450edef68,1,0.002145922746781116,100.0,100.0,0.0,0.0,2959.2017937219734,89972.37265566678,1,0,0.6931471805599453,false
modules/extensions/src/main/java/org/apache/synapse/format/syslog/SyslogConstants.java,31.0,1.0,0.0,1.0,0.0,1.0,7.0,veithen@13f79535-47bb-0310-9956-ffa450edef68,1,0.002145922746781116,100.0,100.0,0.0,0.0,2959.2017937219734,89972.37265566678,1,0,0.6931471805599453,false
modules/extensions/src/main/java/org/apache/synapse/format/syslog/SyslogMessageBuilder.java,89.0,10.0,0.0,1.0,16.0,9.0,4.0,indika@13f79535-47bb-0310-9956-ffa450edef68,1,0.002145922746781116,50.0,50.0,0.0,0.0,2959.2017937219734,89972.37265566678,1,0,0.6931471805599453,false
modules/extensions/src/main/java/org/apache/synapse/format/syslog/package-info.java,0.0,0.0,0.0,0.0,0.0,0.0,12.0,veithen@13f79535-47bb-0310-9956-ffa450edef68,1,0.002145922746781116,100.0,100.0,0.0,0.0,2959.2017937219734,89972.37265566678,1,0,0.6931471805599453,false
modules/extensions/src/main/java/org/apache/synapse/mediators/bsf/ScriptMediator.java,317.0,15.0,14.0,16.0,49.0,56.0,112.0,null,1,0.002145922746781116,7.0,0.0,0.0,0.0,1831.9520958083833,52225.60690759262,1,0,1.1160040313799788,false
modules/extensions/src/main/java/org/apache/synapse/mediators/spring/SpringMediator.java,108.0,12.0,27.0,11.0,28.0,21.0,0.0,veithen@13f79535-47bb-0310-9956-ffa450edef68,0,0.0,0.0,0.0,0.0,0.0,0.0,0.0,0,0,0.0,false
modules/extensions/src/main/java/org/apache/synapse/mediators/xquery/XQueryMediator.java,588.0,30.0,136.0,20.0,99.0,56.0,0.0,indika@13f79535-47bb-0310-9956-ffa450edef68,0,0.0,0.0,0.0,0.0,0.0,0.0,0.0,0,3,0.0,false
modules/extensions/src/test/java/org/apache/synapse/format/syslog/SyslogMessageBuilderTest.java,60.0,15.0,21.0,7.0,19.0,15.0,7.0,veithen@13f79535-47bb-0310-9956-ffa450edef68,1,0.002145922746781116,33.0,33.0,0.0,0.0,2959.2017937219734,89972.37265566678,1,0,0.6931471805599453,false
modules/extensions/src/test/java/org/apache/synapse/mediators/bsf/ScriptMediatorFactoryTest.java,39.0,9.0,3.0,3.0,18.0,7.0,5.0,dims@13f79535-47bb-0310-9956-ffa450edef68,1,0.002145922746781116,33.0,0.0,0.0,0.0,2959.2017937219734,89972.37265566678,1,0,0.6931471805599453,false
modules/handler/src/main/java/org/apache/synapse/handler/SynapseModule.java,101.0,17.0,0.0,6.0,21.0,23.0,112.0,ruwan@13f79535-47bb-0310-9956-ffa450edef68,1,0.002145922746781116,11.0,0.0,0.0,0.0,1831.9520958083833,52225.60690759262,1,0,1.1160040313799788,false
modules/samples/src/main/java/samples/userguide/FIXClient.java,118.0,14.0,10.0,5.0,40.0,15.0,112.0,ruwan@13f79535-47bb-0310-9956-ffa450edef68,1,0.002145922746781116,50.0,0.0,0.0,0.0,1831.9520958083833,52225.60690759262,1,1,1.1160040313799788,false
modules/samples/src/main/java/samples/userguide/LoadbalanceFailoverClient.java,221.0,25.0,15.0,6.0,70.0,28.0,72.0,ruwan@13f79535-47bb-0310-9956-ffa450edef68,1,0.002145922746781116,27.0,0.0,0.0,0.0,1831.9520958083833,52225.60690759262,1,0,1.1160040313799788,false
modules/samples/src/main/java/samples/userguide/MTOMSwAClient.java,99.0,16.0,6.0,4.0,55.0,16.0,70.0,ruwan@13f79535-47bb-0310-9956-ffa450edef68,2,0.004291845493562232,38.0,0.0,0.0,12.0,2072.61876247505,52867.482249671186,2,0,1.0947654265846096,false
modules/samples/src/main/java/samples/userguide/StockQuoteCallback.java,17.0,1.0,6.0,4.0,9.0,4.0,0.0,hiranya@13f79535-47bb-0310-9956-ffa450edef68,0,0.0,0.0,0.0,0.0,0.0,0.0,0.0,0,0,0.0,false
modules/samples/src/main/java/samples/userguide/StockQuoteClient.java,175.0,18.0,15.0,6.0,52.0,22.0,0.0,ruwan@13f79535-47bb-0310-9956-ffa450edef68,0,0.0,0.0,0.0,0.0,0.0,0.0,0.0,0,4,0.0,false
modules/samples/src/main/java/samples/userguide/ThreadedClient.java,93.0,0.0,1.0,2.0,17.0,7.0,112.0,dims@13f79535-47bb-0310-9956-ffa450edef68,1,0.002145922746781116,50.0,0.0,0.0,0.0,1831.9520958083833,52225.60690759262,1,0,1.1160040313799788,false
modules/samples/src/test/java/org/apache/synapse/samples/n2n/AbstractAutomationTestCase.java,45.0,13.0,21.0,7.0,19.0,13.0,61.0,indika@13f79535-47bb-0310-9956-ffa450edef68,2,0.004291845493562232,33.0,0.0,0.0,17.0,2072.61876247505,52867.482249671186,2,0,1.345770196069199,false
modules/samples/src/test/java/org/apache/synapse/samples/n2n/SynapseSample_102_Integration.java,21.0,3.0,1.0,2.0,7.0,7.0,99.0,dims@13f79535-47bb-0310-9956-ffa450edef68,1,0.002145922746781116,67.0,0.0,0.0,0.0,1831.9520958083833,52225.60690759262,1,0,1.1160040313799788,false
modules/samples/src/test/java/org/apache/synapse/samples/n2n/SynapseSample_51_Integration.java,12.0,3.0,1.0,2.0,3.0,5.0,99.0,dims@13f79535-47bb-0310-9956-ffa450edef68,1,0.002145922746781116,67.0,0.0,0.0,0.0,1831.9520958083833,52225.60690759262,1,0,1.1160040313799788,false
modules/transports/src/main/java/org/apache/synapse/format/BinaryBuilder.java,27.0,15.0,0.0,1.0,10.0,5.0,56.0,veithen@13f79535-47bb-0310-9956-ffa450edef68,2,0.004291845493562232,67.0,0.0,0.0,0.0,4791.1538895303565,142197.9795632594,2,0,0.21142842541001683,false
modules/transports/src/main/java/org/apache/synapse/format/BinaryFormatter.java,49.0,14.0,21.0,7.0,16.0,29.0,4.0,veithen@13f79535-47bb-0310-9956-ffa450edef68,1,0.002145922746781116,67.0,67.0,0.0,0.0,2959.2017937219734,89972.37265566678,1,0,0.6931471805599453,false
modules/transports/src/main/java/org/apache/synapse/format/MessageFormatterEx.java,14.0,5.0,0.0,1.0,0.0,4.0,6.0,veithen@13f79535-47bb-0310-9956-ffa450edef68,1,0.002145922746781116,50.0,50.0,0.0,0.0,2959.2017937219734,89972.37265566678,1,0,0.6931471805599453,false
modules/transports/src/main/java/org/apache/synapse/format/MessageFormatterExAdapter.java,27.0,8.0,0.0,7.0,7.0,22.0,6.0,veithen@13f79535-47bb-0310-9956-ffa450edef68,1,0.002145922746781116,50.0,50.0,0.0,0.0,2959.2017937219734,89972.37265566678,1,0,0.6931471805599453,false
modules/transports/src/main/java/org/apache/synapse/format/PlainTextBuilder.java,26.0,14.0,0.0,1.0,10.0,5.0,58.0,veithen@13f79535-47bb-0310-9956-ffa450edef68,2,0.004291845493562232,67.0,33.0,0.0,0.0,4791.1538895303565,142197.9795632594,2,0,0.21142842541001683,false
modules/transports/src/main/java/org/apache/synapse/format/PlainTextFormatter.java,50.0,15.0,15.0,6.0,24.0,26.0,4.0,veithen@13f79535-47bb-0310-9956-ffa450edef68,1,0.002145922746781116,67.0,33.0,33.0,33.0,2959.2017937219734,89972.37265566678,1,0,0.6931471805599453,false
modules/transports/src/main/java/org/apache/synapse/format/TextFromElementDataSource.java,74.0,7.0,6.0,5.0,1.0,10.0,3.0,veithen@13f79535-47bb-0310-9956-ffa450edef68,1,0.002145922746781116,67.0,33.0,0.0,0.0,2959.2017937219734,89972.37265566678,1,0,0.6931471805599453,false
modules/transports/src/main/java/org/apache/synapse/transport/amqp/AMQPListener.java,127.0,21.0,2.0,8.0,46.0,31.0,10.0,veithen@13f79535-47bb-0310-9956-ffa450edef68,1,0.002145922746781116,33.0,0.0,0.0,17.0,2959.2017937219734,89972.37265566678,1,0,0.6931471805599453,true
modules/transports/src/main/java/org/apache/synapse/transport/amqp/AMQPSender.java,212.0,29.0,13.0,6.0,80.0,28.0,15.0,veithen@13f79535-47bb-0310-9956-ffa450edef68,1,0.002145922746781116,17.0,0.0,0.0,0.0,2959.2017937219734,89972.37265566678,1,0,0.6931471805599453,true
modules/transports/src/main/java/org/apache/synapse/transport/base/AbstractPollingTransportListener.java,142.0,7.0,46.0,12.0,31.0,35.0,43.0,veithen@13f79535-47bb-0310-9956-ffa450edef68,2,0.004291845493562232,27.0,9.0,9.0,0.0,4791.1538895303565,142197.9795632594,2,1,0.19758529587181028,true
modules/transports/src/main/java/org/apache/synapse/transport/base/AbstractTransportListener.java,381.0,22.0,389.0,34.0,100.0,96.0,21.0,veithen@13f79535-47bb-0310-9956-ffa450edef68,2,0.004291845493562232,50.0,21.0,21.0,14.0,4791.1538895303565,142197.9795632594,2,1,0.34343898381725524,true
modules/transports/src/main/java/org/apache/synapse/transport/base/AbstractTransportSender.java,239.0,21.0,132.0,24.0,68.0,76.0,8.0,veithen@13f79535-47bb-0310-9956-ffa450edef68,1,0.002145922746781116,38.0,0.0,12.0,12.0,2959.2017937219734,89972.37265566678,1,0,0.6931471805599453,false
modules/transports/src/main/java/org/apache/synapse/transport/base/BaseUtils.java,280.0,38.0,93.0,15.0,85.0,60.0,14.0,veithen@13f79535-47bb-0310-9956-ffa450edef68,3,0.006437768240343348,75.0,17.0,25.0,17.0,4834.1538895303565,142230.82918290852,3,0,0.7036630290220327,false
modules/transports/src/main/java/org/apache/synapse/transport/base/ManagementSupport.java,13.0,1.0,55.0,11.0,0.0,14.0,0.0,dims@13f79535-47bb-0310-9956-ffa450edef68,0,0.0,0.0,0.0,0.0,0.0,0.0,0.0,0,1,0.0,false
modules/transports/src/main/java/org/apache/synapse/transport/base/MetricsCollector.java,71.0,0.0,88.0,17.0,0.0,25.0,0.0,dims@13f79535-47bb-0310-9956-ffa450edef68,0,0.0,0.0,0.0,0.0,0.0,0.0,0.0,0,0,0.0,false
modules/transports/src/main/java/org/apache/synapse/transport/base/ParamUtils.java,75.0,6.0,21.0,7.0,16.0,34.0,5.0,veithen@13f79535-47bb-0310-9956-ffa450edef68,1,0.002145922746781116,50.0,0.0,50.0,50.0,2959.2017937219734,89972.37265566678,1,0,0.6931471805599453,false
modules/transports/src/main/java/org/apache/synapse/transport/base/TransportListenerEndpointView.java,34.0,4.0,0.0,2.0,4.0,7.0,3.0,veithen@13f79535-47bb-0310-9956-ffa450edef68,1,0.002145922746781116,50.0,50.0,0.0,0.0,2959.2017937219734,89972.37265566678,1,0,0.6931471805599453,false
modules/transports/src/main/java/org/apache/synapse/transport/base/TransportListenerEndpointViewMBean.java,3.0,0.0,0.0,1.0,0.0,1.0,3.0,veithen@13f79535-47bb-0310-9956-ffa450edef68,1,0.002145922746781116,50.0,50.0,0.0,0.0,2959.2017937219734,89972.37265566678,1,0,0.6931471805599453,false
modules/transports/src/main/java/org/apache/synapse/transport/base/TransportMBeanSupport.java,72.0,8.0,3.0,6.0,9.0,19.0,8.0,veithen@13f79535-47bb-0310-9956-ffa450edef68,1,0.002145922746781116,50.0,0.0,50.0,0.0,2959.2017937219734,89972.37265566678,1,0,0.6931471805599453,false
modules/transports/src/main/java/org/apache/synapse/transport/base/TransportView.java,125.0,4.0,0.0,15.0,14.0,61.0,0.0,dims@13f79535-47bb-0310-9956-ffa450edef68,0,0.0,0.0,0.0,0.0,0.0,0.0,0.0,0,1,0.0,false
modules/transports/src/main/java/org/apache/synapse/transport/base/TransportViewMBean.java,16.0,0.0,91.0,14.0,0.0,19.0,0.0,dims@13f79535-47bb-0310-9956-ffa450edef68,0,0.0,0.0,0.0,0.0,0.0,0.0,0.0,0,1,0.0,false
modules/transports/src/main/java/org/apache/synapse/transport/base/datagram/AbstractDatagramTransportListener.java,82.0,12.0,10.0,8.0,32.0,24.0,13.0,veithen@13f79535-47bb-0310-9956-ffa450edef68,2,0.004291845493562232,75.0,25.0,25.0,25.0,4791.1538895303565,142197.9795632594,2,0,0.19758529587181028,false
modules/transports/src/main/java/org/apache/synapse/transport/base/datagram/DatagramDispatcher.java,5.0,1.0,3.0,3.0,0.0,6.0,24.0,veithen@13f79535-47bb-0310-9956-ffa450edef68,1,0.002145922746781116,50.0,50.0,0.0,50.0,2959.2017937219734,89972.37265566678,1,0,0.6931471805599453,false
modules/transports/src/main/java/org/apache/synapse/transport/base/datagram/DatagramDispatcherCallback.java,3.0,0.0,0.0,1.0,0.0,1.0,24.0,veithen@13f79535-47bb-0310-9956-ffa450edef68,1,0.002145922746781116,50.0,50.0,0.0,50.0,2959.2017937219734,89972.37265566678,1,0,0.6931471805599453,false
modules/transports/src/main/java/org/apache/synapse/transport/base/datagram/DatagramEndpoint.java,34.0,3.0,28.0,9.0,0.0,13.0,24.0,veithen@13f79535-47bb-0310-9956-ffa450edef68,1,0.002145922746781116,50.0,50.0,0.0,50.0,2959.2017937219734,89972.37265566678,1,0,0.6931471805599453,false
modules/transports/src/main/java/org/apache/synapse/transport/base/datagram/ProcessPacketTask.java,33.0,9.0,0.0,2.0,15.0,3.0,18.0,veithen@13f79535-47bb-0310-9956-ffa450edef68,1,0.002145922746781116,50.0,50.0,0.0,50.0,2959.2017937219734,89972.37265566678,1,0,0.6931471805599453,false
modules/transports/src/main/java/org/apache/synapse/transport/base/datagram/Utils.java,46.0,0.0,1.0,2.0,3.0,6.0,13.0,olegk@13f79535-47bb-0310-9956-ffa450edef68,2,0.004291845493562232,50.0,25.0,0.0,25.0,3002.2017937219734,90005.2222753159,2,0,1.8274889512191272,false
modules/transports/src/main/java/org/apache/synapse/transport/base/datagram/package-info.java,0.0,0.0,0.0,0.0,0.0,0.0,12.0,veithen@13f79535-47bb-0310-9956-ffa450edef68,1,0.002145922746781116,50.0,50.0,0.0,50.0,2959.2017937219734,89972.37265566678,1,0,0.6931471805599453,false
modules/transports/src/main/java/org/apache/synapse/transport/base/threads/NativeWorkerPool.java,52.0,4.0,0.0,5.0,7.0,9.0,5.0,asankha@13f79535-47bb-0310-9956-ffa450edef68,1,0.002145922746781116,20.0,20.0,20.0,20.0,2959.2017937219734,89972.37265566678,1,1,0.6931471805599453,false
modules/transports/src/main/java/org/apache/synapse/transport/base/threads/WorkerPool.java,11.0,0.0,6.0,4.0,0.0,8.0,5.0,asankha@13f79535-47bb-0310-9956-ffa450edef68,1,0.002145922746781116,20.0,20.0,20.0,20.0,2959.2017937219734,89972.37265566678,1,1,0.6931471805599453,false
modules/transports/src/main/java/org/apache/synapse/transport/base/threads/WorkerPoolFactory.java,8.0,0.0,0.0,1.0,0.0,2.0,5.0,dims@13f79535-47bb-0310-9956-ffa450edef68,1,0.002145922746781116,25.0,25.0,25.0,25.0,2959.2017937219734,89972.37265566678,1,1,0.6931471805599453,false
modules/transports/src/main/java/org/apache/synapse/transport/fix/AxisFIXException.java,11.0,0.0,3.0,3.0,0.0,3.0,0.0,asankha@13f79535-47bb-0310-9956-ffa450edef68,0,0.0,0.0,0.0,0.0,0.0,0.0,0.0,0,1,0.0,false
modules/transports/src/main/java/org/apache/synapse/transport/fix/FIXApplicationFactory.java,11.0,4.0,0.0,2.0,0.0,3.0,0.0,veithen@13f79535-47bb-0310-9956-ffa450edef68,0,0.0,0.0,0.0,0.0,0.0,0.0,0.0,0,1,0.0,false
modules/transports/src/main/java/org/apache/synapse/transport/fix/FIXConstants.java,60.0,0.0,0.0,0.0,0.0,0.0,2.0,hiranya@13f79535-47bb-0310-9956-ffa450edef68,1,0.002145922746781116,25.0,25.0,25.0,0.0,0.0,22.392554117877722,1,1,4.060443010546419,false
modules/transports/src/main/java/org/apache/synapse/transport/fix/FIXIncomingMessageHandler.java,254.0,25.0,0.0,12.0,64.0,34.0,0.0,veithen@13f79535-47bb-0310-9956-ffa450edef68,0,0.0,0.0,0.0,0.0,0.0,0.0,0.0,0,1,0.0,false
modules/transports/src/main/java/org/apache/synapse/transport/fix/FIXOutTransportInfo.java,34.0,5.0,0.0,5.0,9.0,9.0,0.0,veithen@13f79535-47bb-0310-9956-ffa450edef68,0,0.0,0.0,0.0,0.0,0.0,0.0,0.0,0,1,0.0,false
modules/transports/src/main/java/org/apache/synapse/transport/fix/FIXOutgoingMessageHandler.java,118.0,7.0,1.0,6.0,18.0,20.0,0.0,asankha@13f79535-47bb-0310-9956-ffa450edef68,0,0.0,0.0,0.0,0.0,0.0,0.0,0.0,0,1,0.0,false
modules/transports/src/main/java/org/apache/synapse/transport/fix/FIXSessionFactory.java,263.0,14.0,0.0,11.0,64.0,48.0,4.0,ruwan@13f79535-47bb-0310-9956-ffa450edef68,1,0.002145922746781116,25.0,25.0,25.0,0.0,0.0,22.392554117877722,1,1,4.060443010546419,false
modules/transports/src/main/java/org/apache/synapse/transport/fix/FIXTransportListener.java,56.0,7.0,0.0,4.0,10.0,13.0,8.0,ruwan@13f79535-47bb-0310-9956-ffa450edef68,2,0.004291845493562232,27.0,9.0,9.0,9.0,2959.2017937219734,89994.76520978466,2,2,1.179064955593957,false
modules/transports/src/main/java/org/apache/synapse/transport/fix/FIXTransportSender.java,295.0,15.0,54.0,13.0,80.0,57.0,8.0,veithen@13f79535-47bb-0310-9956-ffa450edef68,2,0.004291845493562232,33.0,17.0,17.0,0.0,2959.2017937219734,89994.76520978466,2,1,1.6836479149932368,false
modules/transports/src/main/java/org/apache/synapse/transport/fix/FIXUtils.java,379.0,20.0,76.0,13.0,87.0,55.0,3.0,hiranya@13f79535-47bb-0310-9956-ffa450edef68,1,0.002145922746781116,33.0,33.0,33.0,0.0,0.0,22.392554117877722,1,1,4.060443010546419,false
modules/transports/src/main/java/org/apache/synapse/transport/jms/JMSConnectionFactory.java,507.0,14.0,335.0,34.0,96.0,103.0,7.0,veithen@13f79535-47bb-0310-9956-ffa450edef68,1,0.002145922746781116,14.0,14.0,14.0,14.0,2959.2017937219734,89972.37265566678,1,0,0.6931471805599453,false
modules/transports/src/main/java/org/apache/synapse/transport/jms/JMSListener.java,201.0,16.0,7.0,11.0,68.0,50.0,28.0,veithen@13f79535-47bb-0310-9956-ffa450edef68,2,0.004291845493562232,45.0,9.0,9.0,18.0,4791.1538895303565,142197.9795632594,2,1,0.27731612718576415,false
modules/transports/src/main/java/org/apache/synapse/transport/jms/JMSMessageReceiver.java,161.0,15.0,0.0,4.0,24.0,12.0,7.0,veithen@13f79535-47bb-0310-9956-ffa450edef68,1,0.002145922746781116,17.0,17.0,17.0,17.0,2959.2017937219734,89972.37265566678,1,1,0.6931471805599453,false
modules/transports/src/main/java/org/apache/synapse/transport/jms/JMSOutTransportInfo.java,240.0,10.0,190.0,24.0,31.0,57.0,7.0,veithen@13f79535-47bb-0310-9956-ffa450edef68,1,0.002145922746781116,12.0,12.0,12.0,12.0,2959.2017937219734,89972.37265566678,1,0,0.6931471805599453,false
modules/transports/src/main/java/org/apache/synapse/transport/jms/JMSSender.java,424.0,24.0,53.0,11.0,127.0,48.0,6.0,veithen@13f79535-47bb-0310-9956-ffa450edef68,2,0.004291845493562232,24.0,12.0,6.0,6.0,3199.86846038864,90614.24799774535,2,2,0.697982921270728,false
modules/transports/src/main/java/org/apache/synapse/transport/jms/JMSUtils.java,706.0,37.0,246.0,28.0,183.0,133.0,19.0,veithen@13f79535-47bb-0310-9956-ffa450edef68,3,0.006437768240343348,54.0,31.0,15.0,8.0,5031.8205561970235,142839.85490533797,3,2,0.18236118129861545,false
modules/transports/src/main/java/org/apache/synapse/transport/mail/MailConstants.java,51.0,1.0,0.0,0.0,0.0,0.0,2.0,dims@13f79535-47bb-0310-9956-ffa450edef68,1,0.002145922746781116,33.0,33.0,0.0,0.0,2959.2017937219734,89972.37265566678,1,0,0.6931471805599453,false
modules/transports/src/main/java/org/apache/synapse/transport/mail/MailTransportListener.java,421.0,22.0,22.0,9.0,155.0,47.0,28.0,veithen@13f79535-47bb-0310-9956-ffa450edef68,2,0.004291845493562232,38.0,0.0,15.0,15.0,4791.1538895303565,142197.9795632594,2,1,0.27731612718576415,false
modules/transports/src/main/java/org/apache/synapse/transport/mail/MailTransportSender.java,276.0,23.0,2.0,5.0,58.0,25.0,7.0,veithen@13f79535-47bb-0310-9956-ffa450edef68,1,0.002145922746781116,36.0,27.0,0.0,0.0,2959.2017937219734,89972.37265566678,1,0,0.6931471805599453,false
modules/transports/src/main/java/org/apache/synapse/transport/mail/MailUtils.java,99.0,12.0,15.0,6.0,23.0,31.0,56.0,asankha@13f79535-47bb-0310-9956-ffa450edef68,2,0.004291845493562232,22.0,0.0,0.0,0.0,4791.1538895303565,142197.9795632594,2,1,0.21142842541001683,false
modules/transports/src/main/java/org/apache/synapse/transport/mail/PollTableEntry.java,255.0,7.0,859.0,43.0,10.0,77.0,2.0,veithen@13f79535-47bb-0310-9956-ffa450edef68,1,0.002145922746781116,17.0,17.0,0.0,0.0,2959.2017937219734,89972.37265566678,1,0,0.6931471805599453,false
modules/transports/src/main/java/org/apache/synapse/transport/nhttp/Axis2HttpRequest.java,185.0,27.0,22.0,12.0,36.0,35.0,38.0,asankha@13f79535-47bb-0310-9956-ffa450edef68,2,0.004291845493562232,19.0,6.0,6.0,6.0,2072.61876247505,52867.482249671186,2,1,1.0947654265846096,true
modules/transports/src/main/java/org/apache/synapse/transport/nhttp/ClientHandler.java,432.0,31.0,24.0,20.0,158.0,62.0,44.0,ruwan@13f79535-47bb-0310-9956-ffa450edef68,2,0.004291845493562232,11.0,0.0,4.0,0.0,2072.61876247505,52867.482249671186,2,8,1.0947654265846096,true
modules/transports/src/main/java/org/apache/synapse/transport/nhttp/ClientWorker.java,150.0,24.0,0.0,3.0,56.0,14.0,39.0,ruwan@13f79535-47bb-0310-9956-ffa450edef68,3,0.006437768240343348,20.0,0.0,7.0,7.0,5031.8205561970235,142839.85490533797,3,5,0.49171502260463495,true
modules/transports/src/main/java/org/apache/synapse/transport/nhttp/ConnectionPool.java,84.0,8.0,0.0,4.0,34.0,14.0,112.0,dims@13f79535-47bb-0310-9956-ffa450edef68,1,0.002145922746781116,25.0,0.0,0.0,0.0,1831.9520958083833,52225.60690759262,1,0,1.1160040313799788,true
modules/transports/src/main/java/org/apache/synapse/transport/nhttp/HttpCoreNIOListener.java,352.0,29.0,241.0,30.0,71.0,94.0,25.0,asankha@13f79535-47bb-0310-9956-ffa450edef68,2,0.004291845493562232,38.0,0.0,31.0,0.0,4791.1538895303565,142197.9795632594,2,1,0.27384962404270885,true
modules/transports/src/main/java/org/apache/synapse/transport/nhttp/HttpCoreNIOSSLListener.java,124.0,26.0,15.0,6.0,27.0,22.0,0.0,dims@13f79535-47bb-0310-9956-ffa450edef68,0,0.0,0.0,0.0,0.0,0.0,0.0,0.0,0,0,0.0,false
modules/transports/src/main/java/org/apache/synapse/transport/nhttp/HttpCoreNIOSSLSender.java,134.0,19.0,10.0,5.0,26.0,19.0,0.0,dims@13f79535-47bb-0310-9956-ffa450edef68,0,0.0,0.0,0.0,0.0,0.0,0.0,0.0,0,0,0.0,false
modules/transports/src/main/java/org/apache/synapse/transport/nhttp/HttpCoreNIOSender.java,465.0,47.0,346.0,36.0,156.0,115.0,60.0,asankha@13f79535-47bb-0310-9956-ffa450edef68,2,0.004291845493562232,7.0,0.0,4.0,0.0,4791.1538895303565,142197.9795632594,2,6,0.21142842541001683,true
modules/transports/src/main/java/org/apache/synapse/transport/nhttp/HttpCoreRequestResponseTransport.java,45.0,8.0,10.0,8.0,16.0,16.0,0.0,ruwan@13f79535-47bb-0310-9956-ffa450edef68,0,0.0,0.0,0.0,0.0,0.0,0.0,0.0,0,3,0.0,false
modules/transports/src/main/java/org/apache/synapse/transport/nhttp/NHttpConfiguration.java,87.0,6.0,79.0,14.0,20.0,30.0,112.0,asankha@13f79535-47bb-0310-9956-ffa450edef68,1,0.002145922746781116,14.0,0.0,0.0,0.0,1831.9520958083833,52225.60690759262,1,1,1.1160040313799788,false
modules/transports/src/main/java/org/apache/synapse/transport/nhttp/NhttpConstants.java,12.0,0.0,0.0,0.0,0.0,0.0,39.0,asankha@13f79535-47bb-0310-9956-ffa450edef68,2,0.004291845493562232,19.0,6.0,12.0,6.0,2072.61876247505,52867.482249671186,2,4,1.0947654265846096,true
modules/transports/src/main/java/org/apache/synapse/transport/nhttp/ServerHandler.java,268.0,24.0,28.0,16.0,87.0,45.0,112.0,asankha@13f79535-47bb-0310-9956-ffa450edef68,1,0.002145922746781116,7.0,0.0,0.0,0.0,1831.9520958083833,52225.60690759262,1,3,1.1160040313799788,true
modules/transports/src/main/java/org/apache/synapse/transport/nhttp/ServerWorker.java,473.0,37.0,13.0,14.0,123.0,53.0,44.0,ruwan@13f79535-47bb-0310-9956-ffa450edef68,1,0.002145922746781116,17.0,0.0,6.0,0.0,1831.9520958083833,52225.60690759262,1,4,1.1160040313799788,true
modules/transports/src/main/java/org/apache/synapse/transport/nhttp/util/GzipMessageFormatterDecorator.java,45.0,10.0,0.0,7.0,11.0,22.0,0.0,indika@13f79535-47bb-0310-9956-ffa450edef68,0,0.0,0.0,0.0,0.0,0.0,0.0,0.0,0,0,0.0,false
modules/transports/src/main/java/org/apache/synapse/transport/nhttp/util/MessageFormatterDecoratorFactory.java,31.0,8.0,0.0,1.0,6.0,7.0,0.0,indika@13f79535-47bb-0310-9956-ffa450edef68,0,0.0,0.0,0.0,0.0,0.0,0.0,0.0,0,1,0.0,false
modules/transports/src/main/java/org/apache/synapse/transport/nhttp/util/ResponseAcceptEncodingProcessor.java,38.0,6.0,0.0,1.0,7.0,5.0,5.0,indika@13f79535-47bb-0310-9956-ffa450edef68,1,0.002145922746781116,50.0,0.0,0.0,50.0,156.72727272727272,4439.893562940405,1,0,2.613524027610094,false
modules/transports/src/main/java/org/apache/synapse/transport/nhttp/util/SharedInputBuffer.java,134.0,7.0,0.0,10.0,23.0,39.0,112.0,veithen@13f79535-47bb-0310-9956-ffa450edef68,1,0.002145922746781116,33.0,0.0,0.0,0.0,1831.9520958083833,52225.60690759262,1,0,1.1160040313799788,true
modules/transports/src/main/java/org/apache/synapse/transport/pipe/EndDelimitedProtocol.java,43.0,6.0,0.0,4.0,1.0,7.0,24.0,veithen@13f79535-47bb-0310-9956-ffa450edef68,1,0.002145922746781116,33.0,33.0,0.0,33.0,2959.2017937219734,89972.37265566678,1,0,0.6931471805599453,false
modules/transports/src/main/java/org/apache/synapse/transport/pipe/PipeConstants.java,8.0,0.0,0.0,1.0,0.0,1.0,24.0,veithen@13f79535-47bb-0310-9956-ffa450edef68,1,0.002145922746781116,50.0,50.0,0.0,50.0,2959.2017937219734,89972.37265566678,1,0,0.6931471805599453,false
modules/transports/src/main/java/org/apache/synapse/transport/pipe/PipeDispatcher.java,31.0,7.0,0.0,4.0,15.0,9.0,24.0,veithen@13f79535-47bb-0310-9956-ffa450edef68,1,0.002145922746781116,33.0,33.0,0.0,33.0,2959.2017937219734,89972.37265566678,1,0,0.6931471805599453,false
modules/transports/src/main/java/org/apache/synapse/transport/pipe/PipeEndpoint.java,22.0,3.0,2.0,5.0,2.0,8.0,24.0,veithen@13f79535-47bb-0310-9956-ffa450edef68,1,0.002145922746781116,33.0,33.0,0.0,33.0,2959.2017937219734,89972.37265566678,1,0,0.6931471805599453,false
modules/transports/src/main/java/org/apache/synapse/transport/pipe/PipeEndpointListener.java,90.0,11.0,0.0,3.0,34.0,13.0,13.0,veithen@13f79535-47bb-0310-9956-ffa450edef68,1,0.002145922746781116,50.0,25.0,0.0,50.0,2959.2017937219734,89972.37265566678,1,0,0.6931471805599453,false
modules/transports/src/main/java/org/apache/synapse/transport/pipe/PipeListener.java,38.0,10.0,1.0,3.0,11.0,9.0,13.0,veithen@13f79535-47bb-0310-9956-ffa450edef68,1,0.002145922746781116,50.0,25.0,0.0,25.0,2959.2017937219734,89972.37265566678,1,0,0.6931471805599453,false
modules/transports/src/main/java/org/apache/synapse/transport/pipe/Protocol.java,16.0,2.0,1.0,2.0,0.0,6.0,24.0,veithen@13f79535-47bb-0310-9956-ffa450edef68,1,0.002145922746781116,50.0,50.0,0.0,50.0,2959.2017937219734,89972.37265566678,1,0,0.6931471805599453,false
modules/transports/src/main/java/org/apache/synapse/transport/pipe/ProtocolDecoder.java,22.0,0.0,3.0,3.0,0.0,7.0,24.0,veithen@13f79535-47bb-0310-9956-ffa450edef68,1,0.002145922746781116,50.0,50.0,0.0,50.0,2959.2017937219734,89972.37265566678,1,0,0.6931471805599453,false
modules/transports/src/main/java/org/apache/synapse/transport/pipe/package-info.java,0.0,0.0,0.0,0.0,0.0,0.0,12.0,veithen@13f79535-47bb-0310-9956-ffa450edef68,1,0.002145922746781116,67.0,33.0,0.0,33.0,2959.2017937219734,89972.37265566678,1,0,0.6931471805599453,false
modules/transports/src/main/java/org/apache/synapse/transport/udp/Endpoint.java,22.0,2.0,6.0,5.0,2.0,8.0,15.0,veithen@13f79535-47bb-0310-9956-ffa450edef68,1,0.002145922746781116,50.0,50.0,0.0,25.0,2959.2017937219734,89972.37265566678,1,0,0.6931471805599453,false
modules/transports/src/main/java/org/apache/synapse/transport/udp/IODispatcher.java,181.0,17.0,0.0,10.0,62.0,45.0,15.0,veithen@13f79535-47bb-0310-9956-ffa450edef68,1,0.002145922746781116,50.0,50.0,0.0,25.0,2959.2017937219734,89972.37265566678,1,0,0.6931471805599453,false
modules/transports/src/main/java/org/apache/synapse/transport/udp/UDPConstants.java,11.0,0.0,0.0,1.0,0.0,1.0,15.0,veithen@13f79535-47bb-0310-9956-ffa450edef68,1,0.002145922746781116,67.0,67.0,0.0,33.0,2959.2017937219734,89972.37265566678,1,0,0.6931471805599453,false
modules/transports/src/main/java/org/apache/synapse/transport/udp/UDPListener.java,17.0,7.0,1.0,2.0,6.0,6.0,9.0,veithen@13f79535-47bb-0310-9956-ffa450edef68,1,0.002145922746781116,71.0,43.0,29.0,29.0,2959.2017937219734,89972.37265566678,1,0,0.6931471805599453,false
modules/transports/src/main/java/org/apache/synapse/transport/udp/UDPOutTransportInfo.java,42.0,4.0,3.0,7.0,5.0,13.0,8.0,veithen@13f79535-47bb-0310-9956-ffa450edef68,1,0.002145922746781116,50.0,50.0,50.0,0.0,2959.2017937219734,89972.37265566678,1,0,0.6931471805599453,false
modules/transports/src/main/java/org/apache/synapse/transport/udp/UDPSender.java,31.0,15.0,3.0,3.0,11.0,7.0,15.0,veithen@13f79535-47bb-0310-9956-ffa450edef68,1,0.002145922746781116,60.0,40.0,20.0,20.0,2959.2017937219734,89972.37265566678,1,0,0.6931471805599453,false
modules/transports/src/main/java/org/apache/synapse/transport/udp/package-info.java,0.0,0.0,0.0,0.0,0.0,0.0,12.0,veithen@13f79535-47bb-0310-9956-ffa450edef68,1,0.002145922746781116,75.0,75.0,25.0,0.0,2959.2017937219734,89972.37265566678,1,0,0.6931471805599453,false
modules/transports/src/main/java/org/apache/synapse/transport/vfs/VFSConstants.java,25.0,0.0,0.0,0.0,0.0,0.0,3.0,veithen@13f79535-47bb-0310-9956-ffa450edef68,1,0.002145922746781116,20.0,20.0,0.0,0.0,2959.2017937219734,89972.37265566678,1,0,0.6931471805599453,false
modules/transports/src/main/java/org/apache/synapse/transport/vfs/VFSOutTransportInfo.java,78.0,8.0,35.0,11.0,14.0,22.0,3.0,veithen@13f79535-47bb-0310-9956-ffa450edef68,1,0.002145922746781116,20.0,20.0,0.0,0.0,2959.2017937219734,89972.37265566678,1,0,0.6931471805599453,false
modules/transports/src/main/java/org/apache/synapse/transport/vfs/VFSTransportListener.java,428.0,25.0,16.0,9.0,141.0,49.0,23.0,veithen@13f79535-47bb-0310-9956-ffa450edef68,2,0.004291845493562232,25.0,0.0,8.0,8.0,4791.1538895303565,142197.9795632594,2,1,0.3130621134969796,false
modules/transports/src/main/java/org/apache/synapse/transport/vfs/VFSTransportSender.java,139.0,13.0,4.0,4.0,36.0,18.0,4.0,veithen@13f79535-47bb-0310-9956-ffa450edef68,1,0.002145922746781116,43.0,29.0,7.0,7.0,2959.2017937219734,89972.37265566678,1,0,0.6931471805599453,false
modules/transports/src/main/java/org/apache/synapse/transport/vfs/VFSUtils.java,106.0,10.0,36.0,9.0,30.0,34.0,112.0,veithen@13f79535-47bb-0310-9956-ffa450edef68,1,0.002145922746781116,20.0,0.0,0.0,0.0,1831.9520958083833,52225.60690759262,1,0,1.1160040313799788,false
modules/transports/src/test/java/org/apache/synapse/format/PlainTextFormatterTest.java,40.0,10.0,19.0,7.0,20.0,17.0,3.0,veithen@13f79535-47bb-0310-9956-ffa450edef68,1,0.002145922746781116,33.0,0.0,33.0,33.0,2959.2017937219734,89972.37265566678,1,0,0.6931471805599453,false
modules/transports/src/test/java/org/apache/synapse/transport/AbstractTransportTest.java,59.0,10.0,43.0,10.0,23.0,19.0,5.0,veithen@13f79535-47bb-0310-9956-ffa450edef68,2,0.004291845493562232,62.0,0.0,12.0,25.0,3002.2017937219734,90005.2222753159,2,0,0.9237403375094084,false
modules/transports/src/test/java/org/apache/synapse/transport/DefaultOperationDispatcher.java,15.0,7.0,3.0,3.0,1.0,7.0,17.0,veithen@13f79535-47bb-0310-9956-ffa450edef68,1,0.002145922746781116,100.0,100.0,0.0,50.0,2959.2017937219734,89972.37265566678,1,0,0.6931471805599453,false
modules/transports/src/test/java/org/apache/synapse/transport/MessageData.java,17.0,2.0,0.0,3.0,0.0,5.0,17.0,veithen@13f79535-47bb-0310-9956-ffa450edef68,1,0.002145922746781116,100.0,100.0,0.0,50.0,2959.2017937219734,89972.37265566678,1,0,0.6931471805599453,false
modules/transports/src/test/java/org/apache/synapse/transport/MockMessageReceiver.java,16.0,8.0,0.0,2.0,6.0,5.0,13.0,veithen@13f79535-47bb-0310-9956-ffa450edef68,1,0.002145922746781116,100.0,100.0,0.0,33.0,2959.2017937219734,89972.37265566678,1,0,0.6931471805599453,false
modules/transports/src/test/java/org/apache/synapse/transport/TransportListenerTestTemplate.java,161.0,31.0,91.0,15.0,88.0,40.0,5.0,veithen@13f79535-47bb-0310-9956-ffa450edef68,1,0.002145922746781116,100.0,82.0,18.0,27.0,2959.2017937219734,89972.37265566678,1,0,0.6931471805599453,false
modules/transports/src/test/java/org/apache/synapse/transport/UtilsTransportServer.java,65.0,20.0,0.0,8.0,31.0,18.0,4.0,veithen@13f79535-47bb-0310-9956-ffa450edef68,2,0.004291845493562232,60.0,10.0,20.0,20.0,3002.2017937219734,90005.2222753159,2,0,0.8517489554333497,false
modules/transports/src/test/java/org/apache/synapse/transport/jms/JMSListenerTest.java,48.0,22.0,21.0,7.0,19.0,14.0,10.0,veithen@13f79535-47bb-0310-9956-ffa450edef68,1,0.002145922746781116,31.0,22.0,3.0,12.0,2959.2017937219734,89972.37265566678,1,0,0.6931471805599453,true
modules/transports/src/test/java/org/apache/synapse/transport/mail/Account.java,48.0,6.0,0.0,4.0,7.0,7.0,9.0,veithen@13f79535-47bb-0310-9956-ffa450edef68,1,0.002145922746781116,50.0,0.0,0.0,0.0,2959.2017937219734,89972.37265566678,1,0,0.6931471805599453,false
modules/transports/src/test/java/org/apache/synapse/transport/mail/MailEchoRawXMLTest.java,220.0,35.0,61.0,14.0,112.0,46.0,4.0,veithen@13f79535-47bb-0310-9956-ffa450edef68,2,0.004291845493562232,75.0,12.0,12.0,50.0,3002.2017937219734,90005.2222753159,2,0,0.8517489554333497,false
modules/transports/src/test/java/org/apache/synapse/transport/mail/MailTransportListenerTest.java,38.0,14.0,26.0,8.0,11.0,16.0,9.0,veithen@13f79535-47bb-0310-9956-ffa450edef68,1,0.002145922746781116,28.0,15.0,3.0,10.0,2959.2017937219734,89972.37265566678,1,0,0.6931471805599453,true
modules/transports/src/test/java/org/apache/synapse/transport/mail/TestFolder.java,92.0,7.0,223.0,23.0,11.0,63.0,9.0,veithen@13f79535-47bb-0310-9956-ffa450edef68,1,0.002145922746781116,50.0,0.0,0.0,0.0,2959.2017937219734,89972.37265566678,1,0,0.6931471805599453,false
modules/transports/src/test/java/org/apache/synapse/transport/mail/TestMimeMessage.java,20.0,5.0,0.0,3.0,5.0,8.0,9.0,veithen@13f79535-47bb-0310-9956-ffa450edef68,1,0.002145922746781116,50.0,0.0,0.0,0.0,2959.2017937219734,89972.37265566678,1,0,0.6931471805599453,false
modules/transports/src/test/java/org/apache/synapse/transport/mail/TestStore.java,19.0,6.0,8.0,5.0,3.0,13.0,9.0,veithen@13f79535-47bb-0310-9956-ffa450edef68,1,0.002145922746781116,50.0,0.0,0.0,0.0,2959.2017937219734,89972.37265566678,1,0,0.6931471805599453,false
modules/transports/src/test/java/org/apache/synapse/transport/mail/TestTransport.java,22.0,10.0,3.0,3.0,6.0,8.0,9.0,veithen@13f79535-47bb-0310-9956-ffa450edef68,1,0.002145922746781116,50.0,0.0,0.0,0.0,2959.2017937219734,89972.37265566678,1,0,0.6931471805599453,false
modules/transports/src/test/java/org/apache/synapse/transport/mail/UtilsMailServer.java,43.0,8.0,0.0,1.0,7.0,2.0,6.0,veithen@13f79535-47bb-0310-9956-ffa450edef68,1,0.002145922746781116,60.0,0.0,0.0,0.0,2959.2017937219734,89972.37265566678,1,0,0.6931471805599453,false
modules/transports/src/test/java/org/apache/synapse/transport/nhttp/HttpCoreNIOListenerTest.java,19.0,7.0,1.0,2.0,10.0,4.0,12.0,veithen@13f79535-47bb-0310-9956-ffa450edef68,1,0.002145922746781116,23.0,14.0,3.0,11.0,2959.2017937219734,89972.37265566678,1,0,0.6931471805599453,true
modules/transports/src/test/java/org/apache/synapse/transport/pipe/EndDelimitedProtocolTest.java,38.0,7.0,0.0,1.0,14.0,6.0,24.0,veithen@13f79535-47bb-0310-9956-ffa450edef68,1,0.002145922746781116,50.0,50.0,0.0,50.0,2959.2017937219734,89972.37265566678,1,0,0.6931471805599453,false
modules/transports/src/test/java/org/apache/synapse/transport/udp/UDPTest.java,34.0,14.0,3.0,3.0,20.0,8.0,5.0,veithen@13f79535-47bb-0310-9956-ffa450edef68,1,0.002145922746781116,57.0,29.0,29.0,29.0,2959.2017937219734,89972.37265566678,1,0,0.6931471805599453,false
modules/transports/src/test/java/org/apache/synapse/transport/udp/UtilsUDPServer.java,14.0,6.0,0.0,1.0,6.0,2.0,5.0,veithen@13f79535-47bb-0310-9956-ffa450edef68,1,0.002145922746781116,50.0,25.0,25.0,25.0,2959.2017937219734,89972.37265566678,1,0,0.6931471805599453,false
modules/transports/src/test/java/org/apache/synapse/transport/vfs/UtilsVFSServer.java,64.0,7.0,3.0,3.0,14.0,11.0,4.0,veithen@13f79535-47bb-0310-9956-ffa450edef68,1,0.002145922746781116,60.0,0.0,0.0,20.0,2959.2017937219734,89972.37265566678,1,0,0.6931471805599453,false
modules/transports/src/test/java/org/apache/synapse/transport/vfs/VFSEchoRawXMLTest.java,38.0,15.0,3.0,3.0,16.0,9.0,4.0,veithen@13f79535-47bb-0310-9956-ffa450edef68,1,0.002145922746781116,60.0,20.0,20.0,40.0,2959.2017937219734,89972.37265566678,1,0,0.6931471805599453,false
modules/transports/src/test/java/org/apache/synapse/transport/vfs/VFSTransportListenerTest.java,30.0,8.0,8.0,5.0,8.0,11.0,12.0,veithen@13f79535-47bb-0310-9956-ffa450edef68,1,0.002145922746781116,33.0,22.0,4.0,15.0,2959.2017937219734,89972.37265566678,1,0,0.6931471805599453,true
