name,LOC,CBO,LCOM,NOM,RFC,WMC,ACS,Ownership,numOfChanges,numberOfFIChanges,ENH,NF,BugFixing,REF,structuralWorkloadSum,semanticWorkloadSum,numberOfDeveloper,pastFaults,MAF,isBuggy
modules/core/src/main/java/org/apache/synapse/ServerManager.java,337.0,20.0,190.0,25.0,61.0,85.0,79.0,null,2,0.0030349013657056147,6.0,6.0,6.0,3.0,2659.1527901586733,75886.08353729956,2,3,1.8059592064889038,true
modules/core/src/main/java/org/apache/synapse/SynapseConstants.java,337.0,3.0,0.0,0.0,0.0,0.0,45.0,null,2,0.0030349013657056147,8.0,7.0,5.0,3.0,2659.1527901586733,75886.08353729956,2,4,1.6375121222128808,true
modules/core/src/main/java/org/apache/synapse/SynapseException.java,34.0,0.0,10.0,5.0,2.0,7.0,0.0,dims@13f79535-47bb-0310-9956-ffa450edef68,0,0.0,0.0,0.0,0.0,0.0,0.0,0.0,0,1,0.0,false
modules/core/src/main/java/org/apache/synapse/SynapseLog.java,40.0,1.0,21.0,7.0,0.0,12.0,0.0,veithen@13f79535-47bb-0310-9956-ffa450edef68,0,0.0,0.0,0.0,0.0,0.0,0.0,0.0,0,2,0.0,false
modules/core/src/main/java/org/apache/synapse/SynapseServer.java,64.0,5.0,0.0,4.0,25.0,12.0,1.0,ruwan@13f79535-47bb-0310-9956-ffa450edef68,1,0.0015174506828528073,11.0,11.0,11.0,0.0,2388.6417445482866,62094.33582089553,1,0,0.4462871026284195,false
modules/core/src/main/java/org/apache/synapse/config/SynapseConfigUtils.java,517.0,24.0,4.0,17.0,129.0,78.0,0.0,indika@13f79535-47bb-0310-9956-ffa450edef68,0,0.0,0.0,0.0,0.0,0.0,0.0,0.0,0,2,0.0,false
modules/core/src/main/java/org/apache/synapse/config/SynapseConfiguration.java,611.0,15.0,702.0,48.0,112.0,136.0,44.0,null,2,0.0030349013657056147,3.0,1.0,1.0,0.0,3886.275547365188,88492.13582089554,2,1,1.080542765360173,true
modules/core/src/main/java/org/apache/synapse/config/SynapseConfigurationBuilder.java,52.0,13.0,1.0,3.0,14.0,7.0,18.0,null,1,0.0015174506828528073,5.0,0.0,5.0,0.0,1161.5189873417721,49488.28353729956,1,3,1.8971199848858813,false
modules/core/src/main/java/org/apache/synapse/config/SynapsePropertiesLoader.java,29.0,5.0,1.0,2.0,4.0,5.0,0.0,indika@13f79535-47bb-0310-9956-ffa450edef68,0,0.0,0.0,0.0,0.0,0.0,0.0,0.0,0,0,0.0,false
modules/core/src/main/java/org/apache/synapse/config/xml/AbstractDBMediatorFactory.java,244.0,14.0,9.0,6.0,54.0,29.0,13.0,indika@13f79535-47bb-0310-9956-ffa450edef68,1,0.0015174506828528073,12.0,8.0,8.0,0.0,1161.5189873417721,49488.28353729956,1,4,1.8971199848858813,false
modules/core/src/main/java/org/apache/synapse/config/xml/AbstractListMediatorFactory.java,20.0,5.0,0.0,1.0,8.0,5.0,0.0,dims@13f79535-47bb-0310-9956-ffa450edef68,0,0.0,0.0,0.0,0.0,0.0,0.0,0.0,0,0,0.0,false
modules/core/src/main/java/org/apache/synapse/config/xml/AbstractListMediatorSerializer.java,16.0,3.0,0.0,1.0,5.0,4.0,0.0,dims@13f79535-47bb-0310-9956-ffa450edef68,0,0.0,0.0,0.0,0.0,0.0,0.0,0.0,0,0,0.0,false
modules/core/src/main/java/org/apache/synapse/config/xml/AbstractMediatorFactory.java,82.0,10.0,10.0,5.0,22.0,14.0,55.0,indika@13f79535-47bb-0310-9956-ffa450edef68,1,0.0015174506828528073,11.0,11.0,6.0,11.0,1161.5189873417721,49488.28353729956,1,0,1.8971199848858813,false
modules/core/src/main/java/org/apache/synapse/config/xml/AbstractMediatorSerializer.java,80.0,12.0,26.0,8.0,27.0,18.0,55.0,ruwan@13f79535-47bb-0310-9956-ffa450edef68,1,0.0015174506828528073,12.0,12.0,6.0,12.0,1161.5189873417721,49488.28353729956,1,4,1.8971199848858813,false
modules/core/src/main/java/org/apache/synapse/config/xml/AggregateMediatorFactory.java,83.0,8.0,1.0,2.0,18.0,7.0,72.0,ruwan@13f79535-47bb-0310-9956-ffa450edef68,1,0.0015174506828528073,10.0,10.0,10.0,10.0,1161.5189873417721,49488.28353729956,1,3,1.8971199848858813,false
modules/core/src/main/java/org/apache/synapse/config/xml/AggregateMediatorSerializer.java,11.0,3.0,1.0,2.0,1.0,3.0,0.0,ruwan@13f79535-47bb-0310-9956-ffa450edef68,0,0.0,0.0,0.0,0.0,0.0,0.0,0.0,0,1,0.0,false
modules/core/src/main/java/org/apache/synapse/config/xml/AnnotatedCommandMediatorFactory.java,54.0,9.0,1.0,2.0,16.0,9.0,0.0,ruwan@13f79535-47bb-0310-9956-ffa450edef68,0,0.0,0.0,0.0,0.0,0.0,0.0,0.0,0,3,0.0,false
modules/core/src/main/java/org/apache/synapse/config/xml/AnonymousListMediator.java,8.0,2.0,0.0,1.0,0.0,2.0,0.0,dims@13f79535-47bb-0310-9956-ffa450edef68,0,0.0,0.0,0.0,0.0,0.0,0.0,0.0,0,0,0.0,false
modules/core/src/main/java/org/apache/synapse/config/xml/AnonymousListMediatorSerializer.java,24.0,2.0,1.0,2.0,5.0,7.0,0.0,dims@13f79535-47bb-0310-9956-ffa450edef68,0,0.0,0.0,0.0,0.0,0.0,0.0,0.0,0,0,0.0,false
modules/core/src/main/java/org/apache/synapse/config/xml/FaultMediatorFactory.java,143.0,9.0,1.0,2.0,24.0,9.0,72.0,ruwan@13f79535-47bb-0310-9956-ffa450edef68,1,0.0015174506828528073,7.0,7.0,7.0,7.0,1161.5189873417721,49488.28353729956,1,7,1.8971199848858813,false
modules/core/src/main/java/org/apache/synapse/config/xml/FaultMediatorSerializer.java,78.0,3.0,1.0,2.0,26.0,7.0,0.0,ruwan@13f79535-47bb-0310-9956-ffa450edef68,0,0.0,0.0,0.0,0.0,0.0,0.0,0.0,0,5,0.0,false
modules/core/src/main/java/org/apache/synapse/config/xml/MediatorPropertyFactory.java,59.0,10.0,0.0,1.0,13.0,8.0,0.0,veithen@13f79535-47bb-0310-9956-ffa450edef68,0,0.0,0.0,0.0,0.0,0.0,0.0,0.0,0,3,0.0,false
modules/core/src/main/java/org/apache/synapse/config/xml/ProxyServiceFactory.java,254.0,17.0,0.0,3.0,48.0,12.0,72.0,ruwan@13f79535-47bb-0310-9956-ffa450edef68,1,0.0015174506828528073,6.0,6.0,6.0,6.0,1161.5189873417721,49488.28353729956,1,4,1.8971199848858813,false
modules/core/src/main/java/org/apache/synapse/config/xml/ProxyServiceSerializer.java,192.0,12.0,1.0,2.0,49.0,8.0,72.0,hiranya@13f79535-47bb-0310-9956-ffa450edef68,1,0.0015174506828528073,8.0,8.0,8.0,8.0,1161.5189873417721,49488.28353729956,1,2,1.8971199848858813,false
modules/core/src/main/java/org/apache/synapse/config/xml/StartupFactory.java,21.0,3.0,3.0,3.0,0.0,8.0,0.0,dims@13f79535-47bb-0310-9956-ffa450edef68,0,0.0,0.0,0.0,0.0,0.0,0.0,0.0,0,0,0.0,false
modules/core/src/main/java/org/apache/synapse/config/xml/StartupFinder.java,144.0,11.0,5.0,11.0,33.0,37.0,0.0,veithen@13f79535-47bb-0310-9956-ffa450edef68,0,0.0,0.0,0.0,0.0,0.0,0.0,0.0,0,1,0.0,false
modules/core/src/main/java/org/apache/synapse/config/xml/SynapseXMLConfigurationFactory.java,186.0,23.0,72.0,13.0,83.0,37.0,0.0,null,0,0.0,0.0,0.0,0.0,0.0,0.0,0.0,0,5,0.0,false
modules/core/src/main/java/org/apache/synapse/config/xml/ValidateMediatorFactory.java,80.0,11.0,1.0,2.0,20.0,11.0,72.0,ruwan@13f79535-47bb-0310-9956-ffa450edef68,1,0.0015174506828528073,7.0,7.0,7.0,7.0,1161.5189873417721,49488.28353729956,1,3,1.8971199848858813,false
modules/core/src/main/java/org/apache/synapse/config/xml/XMLConfigConstants.java,71.0,3.0,0.0,0.0,0.0,0.0,52.0,null,3,0.004552352048558422,16.0,12.0,12.0,8.0,2913.1527901586733,Infinity,3,1,1.3316792102674337,true
modules/core/src/main/java/org/apache/synapse/config/xml/XSLTMediatorFactory.java,55.0,7.0,1.0,2.0,18.0,9.0,72.0,ruwan@13f79535-47bb-0310-9956-ffa450edef68,1,0.0015174506828528073,7.0,7.0,7.0,7.0,1161.5189873417721,49488.28353729956,1,3,1.8971199848858813,false
modules/core/src/main/java/org/apache/synapse/config/xml/XSLTMediatorSerializer.java,54.0,7.0,1.0,2.0,20.0,7.0,0.0,veithen@13f79535-47bb-0310-9956-ffa450edef68,0,0.0,0.0,0.0,0.0,0.0,0.0,0.0,0,1,0.0,false
modules/core/src/main/java/org/apache/synapse/config/xml/endpoints/AddressEndpointFactory.java,39.0,8.0,6.0,4.0,11.0,10.0,66.0,null,2,0.0030349013657056147,12.0,12.0,8.0,8.0,2659.1527901586733,75886.08353729956,2,2,1.6619300846997138,true
modules/core/src/main/java/org/apache/synapse/config/xml/endpoints/AddressEndpointSerializer.java,34.0,7.0,1.0,2.0,15.0,7.0,87.0,ruwan@13f79535-47bb-0310-9956-ffa450edef68,1,0.0015174506828528073,5.0,5.0,5.0,0.0,1497.6338028169014,26397.8,1,5,3.101092789211817,true
modules/core/src/main/java/org/apache/synapse/config/xml/endpoints/DefaultEndpointFactory.java,60.0,8.0,10.0,5.0,19.0,14.0,66.0,indika@13f79535-47bb-0310-9956-ffa450edef68,2,0.0030349013657056147,17.0,17.0,11.0,11.0,2659.1527901586733,75886.08353729956,2,1,1.6619300846997138,true
modules/core/src/main/java/org/apache/synapse/config/xml/endpoints/DefaultEndpointSerializer.java,54.0,7.0,3.0,3.0,19.0,10.0,87.0,null,1,0.0015174506828528073,9.0,9.0,9.0,0.0,1497.6338028169014,26397.8,1,1,3.101092789211817,true
modules/core/src/main/java/org/apache/synapse/config/xml/endpoints/DynamicLoadbalanceEndpointFactory.java,50.0,15.0,3.0,3.0,17.0,10.0,35.0,ruwan@13f79535-47bb-0310-9956-ffa450edef68,2,0.0030349013657056147,30.0,10.0,20.0,0.0,1751.6338028169014,Infinity,2,0,2.1240282050730106,true
modules/core/src/main/java/org/apache/synapse/config/xml/endpoints/EndpointFactory.java,256.0,15.0,39.0,10.0,51.0,35.0,56.0,ruwan@13f79535-47bb-0310-9956-ffa450edef68,3,0.004552352048558422,9.0,6.0,6.0,3.0,2913.1527901586733,Infinity,3,2,1.4308810245130652,true
modules/core/src/main/java/org/apache/synapse/config/xml/endpoints/EndpointSerializer.java,138.0,9.0,19.0,7.0,30.0,20.0,66.0,ruwan@13f79535-47bb-0310-9956-ffa450edef68,2,0.0030349013657056147,11.0,11.0,7.0,7.0,2659.1527901586733,75886.08353729956,2,3,1.6619300846997138,true
modules/core/src/main/java/org/apache/synapse/config/xml/endpoints/FailoverEndpointFactory.java,24.0,5.0,3.0,3.0,5.0,6.0,87.0,ruwan@13f79535-47bb-0310-9956-ffa450edef68,1,0.0015174506828528073,8.0,8.0,8.0,0.0,1497.6338028169014,26397.8,1,2,3.101092789211817,true
modules/core/src/main/java/org/apache/synapse/config/xml/endpoints/FailoverEndpointSerializer.java,24.0,6.0,0.0,1.0,8.0,4.0,87.0,hiranya@13f79535-47bb-0310-9956-ffa450edef68,1,0.0015174506828528073,9.0,9.0,9.0,0.0,1497.6338028169014,26397.8,1,2,3.101092789211817,true
modules/core/src/main/java/org/apache/synapse/config/xml/endpoints/IndirectEndpointFactory.java,21.0,4.0,3.0,3.0,3.0,6.0,0.0,ruwan@13f79535-47bb-0310-9956-ffa450edef68,0,0.0,0.0,0.0,0.0,0.0,0.0,0.0,0,2,0.0,false
modules/core/src/main/java/org/apache/synapse/config/xml/endpoints/IndirectEndpointSerializer.java,19.0,6.0,0.0,1.0,5.0,3.0,0.0,ruwan@13f79535-47bb-0310-9956-ffa450edef68,0,0.0,0.0,0.0,0.0,0.0,0.0,0.0,0,2,0.0,false
modules/core/src/main/java/org/apache/synapse/config/xml/endpoints/LoadbalanceEndpointFactory.java,68.0,14.0,4.0,4.0,27.0,14.0,49.0,ruwan@13f79535-47bb-0310-9956-ffa450edef68,2,0.0030349013657056147,11.0,5.0,11.0,0.0,1751.6338028169014,Infinity,2,3,2.1525327967688765,true
modules/core/src/main/java/org/apache/synapse/config/xml/endpoints/LoadbalanceEndpointSerializer.java,34.0,9.0,0.0,1.0,17.0,4.0,49.0,ruwan@13f79535-47bb-0310-9956-ffa450edef68,2,0.0030349013657056147,15.0,8.0,15.0,0.0,1751.6338028169014,Infinity,2,2,2.1525327967688765,true
modules/core/src/main/java/org/apache/synapse/config/xml/endpoints/SALoadbalanceEndpointFactory.java,47.0,13.0,3.0,3.0,11.0,7.0,49.0,ruwan@13f79535-47bb-0310-9956-ffa450edef68,2,0.0030349013657056147,15.0,8.0,15.0,0.0,1751.6338028169014,Infinity,2,2,2.1525327967688765,true
modules/core/src/main/java/org/apache/synapse/config/xml/endpoints/SALoadbalanceEndpointSerializer.java,46.0,11.0,0.0,1.0,11.0,5.0,87.0,null,1,0.0015174506828528073,10.0,10.0,10.0,0.0,1497.6338028169014,26397.8,1,2,3.101092789211817,true
modules/core/src/main/java/org/apache/synapse/config/xml/endpoints/WSDLEndpointFactory.java,76.0,15.0,3.0,3.0,23.0,10.0,79.0,null,2,0.0030349013657056147,8.0,8.0,8.0,4.0,2659.1527901586733,75886.08353729956,2,2,1.8059592064889038,true
modules/core/src/main/java/org/apache/synapse/config/xml/endpoints/WSDLEndpointSerializer.java,40.0,7.0,0.0,1.0,13.0,3.0,79.0,ruwan@13f79535-47bb-0310-9956-ffa450edef68,2,0.0030349013657056147,12.0,12.0,12.0,6.0,2659.1527901586733,75886.08353729956,2,3,1.8059592064889038,true
modules/core/src/main/java/org/apache/synapse/config/xml/endpoints/XMLToEndpointMapper.java,26.0,4.0,3.0,3.0,1.0,9.0,0.0,ruwan@13f79535-47bb-0310-9956-ffa450edef68,0,0.0,0.0,0.0,0.0,0.0,0.0,0.0,0,1,0.0,false
modules/core/src/main/java/org/apache/synapse/config/xml/endpoints/utils/LoadbalanceAlgorithmFactory.java,48.0,12.0,6.0,4.0,12.0,14.0,49.0,ruwan@13f79535-47bb-0310-9956-ffa450edef68,2,0.0030349013657056147,29.0,14.0,29.0,0.0,1751.6338028169014,Infinity,2,0,2.1525327967688765,true
modules/core/src/main/java/org/apache/synapse/config/xml/endpoints/utils/WSDL11EndpointBuilder.java,59.0,27.0,4.0,4.0,11.0,10.0,87.0,null,1,0.0015174506828528073,12.0,12.0,12.0,0.0,1497.6338028169014,26397.8,1,0,3.101092789211817,true
modules/core/src/main/java/org/apache/synapse/config/xml/endpoints/utils/WSDL20EndpointBuilder.java,52.0,13.0,3.0,3.0,15.0,10.0,87.0,dims@13f79535-47bb-0310-9956-ffa450edef68,1,0.0015174506828528073,33.0,33.0,33.0,0.0,1497.6338028169014,26397.8,1,0,3.101092789211817,true
modules/core/src/main/java/org/apache/synapse/core/LoadBalanceMembershipHandler.java,27.0,5.0,6.0,4.0,0.0,8.0,47.0,ruwan@13f79535-47bb-0310-9956-ffa450edef68,2,0.0030349013657056147,40.0,20.0,20.0,0.0,1751.6338028169014,Infinity,2,0,2.1525327967688765,true
modules/core/src/main/java/org/apache/synapse/core/SynapseEnvironment.java,63.0,7.0,55.0,11.0,0.0,27.0,52.0,ruwan@13f79535-47bb-0310-9956-ffa450edef68,2,0.0030349013657056147,21.0,14.0,7.0,7.0,2659.1527901586733,75886.08353729956,2,2,1.6619300846997138,true
modules/core/src/main/java/org/apache/synapse/core/axis2/AnonymousServiceFactory.java,138.0,12.0,6.0,4.0,16.0,17.0,0.0,ruwan@13f79535-47bb-0310-9956-ffa450edef68,0,0.0,0.0,0.0,0.0,0.0,0.0,0.0,0,2,0.0,false
modules/core/src/main/java/org/apache/synapse/core/axis2/Axis2FlexibleMEPClient.java,154.0,24.0,1.0,2.0,73.0,10.0,49.0,ruwan@13f79535-47bb-0310-9956-ffa450edef68,2,0.0030349013657056147,4.0,2.0,4.0,0.0,2659.1527901586733,75886.08353729956,2,9,1.8059592064889038,true
modules/core/src/main/java/org/apache/synapse/core/axis2/Axis2LoadBalanceMembershipHandler.java,46.0,11.0,0.0,4.0,9.0,11.0,47.0,ruwan@13f79535-47bb-0310-9956-ffa450edef68,2,0.0030349013657056147,25.0,12.0,12.0,0.0,1751.6338028169014,Infinity,2,0,2.1525327967688765,true
modules/core/src/main/java/org/apache/synapse/core/axis2/Axis2Sender.java,70.0,19.0,3.0,3.0,39.0,9.0,79.0,null,2,0.0030349013657056147,12.0,12.0,12.0,6.0,2659.1527901586733,75886.08353729956,2,3,1.8059592064889038,true
modules/core/src/main/java/org/apache/synapse/core/axis2/Axis2SynapseEnvironment.java,234.0,22.0,67.0,15.0,53.0,43.0,57.0,null,2,0.0030349013657056147,11.0,9.0,6.0,6.0,2659.1527901586733,75886.08353729956,2,3,1.635778041348557,true
modules/core/src/main/java/org/apache/synapse/core/axis2/CustomURIBasedDispatcher.java,39.0,12.0,3.0,3.0,14.0,10.0,0.0,ruwan@13f79535-47bb-0310-9956-ffa450edef68,0,0.0,0.0,0.0,0.0,0.0,0.0,0.0,0,1,0.0,false
modules/core/src/main/java/org/apache/synapse/core/axis2/CustomWSDLLocator.java,48.0,4.0,7.0,7.0,2.0,13.0,5.0,veithen@13f79535-47bb-0310-9956-ffa450edef68,1,0.0015174506828528073,20.0,20.0,20.0,0.0,2388.6417445482866,62094.33582089553,1,1,0.4462871026284195,false
modules/core/src/main/java/org/apache/synapse/core/axis2/ExtensionDeployer.java,126.0,23.0,14.0,8.0,41.0,25.0,0.0,hiranya@13f79535-47bb-0310-9956-ffa450edef68,0,0.0,0.0,0.0,0.0,0.0,0.0,0.0,0,0,0.0,false
modules/core/src/main/java/org/apache/synapse/core/axis2/MediatorDeployer.java,5.0,0.0,0.0,0.0,0.0,0.0,0.0,veithen@13f79535-47bb-0310-9956-ffa450edef68,0,0.0,0.0,0.0,0.0,0.0,0.0,0.0,0,0,0.0,false
modules/core/src/main/java/org/apache/synapse/core/axis2/ProxyService.java,707.0,33.0,2072.0,68.0,101.0,120.0,72.0,ruwan@13f79535-47bb-0310-9956-ffa450edef68,1,0.0015174506828528073,2.0,2.0,2.0,2.0,1161.5189873417721,49488.28353729956,1,6,1.8971199848858813,false
modules/core/src/main/java/org/apache/synapse/core/axis2/ResourceMap.java,63.0,12.0,0.0,3.0,11.0,11.0,0.0,veithen@13f79535-47bb-0310-9956-ffa450edef68,0,0.0,0.0,0.0,0.0,0.0,0.0,0.0,0,2,0.0,false
modules/core/src/main/java/org/apache/synapse/core/axis2/SynapseCallbackReceiver.java,202.0,24.0,0.0,5.0,88.0,23.0,47.0,indika@13f79535-47bb-0310-9956-ffa450edef68,2,0.0030349013657056147,12.0,7.0,7.0,5.0,2659.1527901586733,75886.08353729956,2,5,1.6375121222128808,true
modules/core/src/main/java/org/apache/synapse/core/axis2/SynapseInitializationModule.java,117.0,21.0,11.0,6.0,44.0,21.0,0.0,ruwan@13f79535-47bb-0310-9956-ffa450edef68,0,0.0,0.0,0.0,0.0,0.0,0.0,0.0,0,1,0.0,false
modules/core/src/main/java/org/apache/synapse/endpoints/DynamicLoadbalanceEndpoint.java,92.0,14.0,0.0,5.0,26.0,11.0,47.0,hiranya@13f79535-47bb-0310-9956-ffa450edef68,2,0.0030349013657056147,11.0,5.0,5.0,0.0,1751.6338028169014,Infinity,2,0,2.1525327967688765,true
modules/core/src/main/java/org/apache/synapse/endpoints/EndpointContext.java,141.0,5.0,0.0,8.0,18.0,33.0,87.0,null,1,0.0015174506828528073,6.0,6.0,6.0,0.0,1497.6338028169014,26397.8,1,0,3.101092789211817,true
modules/core/src/main/java/org/apache/synapse/endpoints/LoadbalanceEndpoint.java,311.0,25.0,77.0,18.0,57.0,42.0,49.0,ruwan@13f79535-47bb-0310-9956-ffa450edef68,2,0.0030349013657056147,9.0,5.0,9.0,0.0,2659.1527901586733,75886.08353729956,2,1,1.8059592064889038,true
modules/core/src/main/java/org/apache/synapse/endpoints/algorithms/AlgorithmContext.java,102.0,5.0,0.0,6.0,13.0,21.0,47.0,indika@13f79535-47bb-0310-9956-ffa450edef68,2,0.0030349013657056147,17.0,8.0,8.0,0.0,1751.6338028169014,Infinity,2,0,2.1525327967688765,true
modules/core/src/main/java/org/apache/synapse/endpoints/algorithms/LoadbalanceAlgorithm.java,33.0,4.0,10.0,5.0,0.0,8.0,35.0,ruwan@13f79535-47bb-0310-9956-ffa450edef68,2,0.0030349013657056147,33.0,11.0,22.0,0.0,1751.6338028169014,Infinity,2,0,2.1240282050730106,true
modules/core/src/main/java/org/apache/synapse/endpoints/algorithms/RoundRobin.java,83.0,6.0,5.0,6.0,17.0,14.0,35.0,ruwan@13f79535-47bb-0310-9956-ffa450edef68,2,0.0030349013657056147,19.0,6.0,12.0,0.0,1751.6338028169014,Infinity,2,0,2.1240282050730106,true
modules/core/src/main/java/org/apache/synapse/endpoints/dispatch/DispatcherContext.java,174.0,13.0,0.0,9.0,32.0,34.0,87.0,indika@13f79535-47bb-0310-9956-ffa450edef68,1,0.0015174506828528073,20.0,20.0,20.0,0.0,1497.6338028169014,26397.8,1,1,3.101092789211817,true
modules/core/src/main/java/org/apache/synapse/mediators/AbstractListMediator.java,76.0,6.0,0.0,9.0,19.0,22.0,87.0,null,1,0.0015174506828528073,10.0,10.0,10.0,0.0,1497.6338028169014,26397.8,1,0,3.101092789211817,true
modules/core/src/main/java/org/apache/synapse/mediators/AbstractMediator.java,173.0,7.0,13.0,15.0,31.0,48.0,66.0,indika@13f79535-47bb-0310-9956-ffa450edef68,2,0.0030349013657056147,17.0,17.0,11.0,11.0,2659.1527901586733,75886.08353729956,2,2,1.6619300846997138,true
modules/core/src/main/java/org/apache/synapse/mediators/MediatorLog.java,69.0,5.0,0.0,8.0,10.0,19.0,0.0,veithen@13f79535-47bb-0310-9956-ffa450edef68,0,0.0,0.0,0.0,0.0,0.0,0.0,0.0,0,2,0.0,false
modules/core/src/main/java/org/apache/synapse/mediators/MediatorProperty.java,35.0,4.0,18.0,8.0,1.0,12.0,0.0,ruwan@13f79535-47bb-0310-9956-ffa450edef68,0,0.0,0.0,0.0,0.0,0.0,0.0,0.0,0,3,0.0,false
modules/core/src/main/java/org/apache/synapse/mediators/builtin/SendMediator.java,87.0,10.0,0.0,3.0,27.0,8.0,87.0,null,1,0.0015174506828528073,7.0,7.0,7.0,0.0,1497.6338028169014,26397.8,1,1,3.101092789211817,true
modules/core/src/main/java/org/apache/synapse/mediators/builtin/ValidateMediator.java,215.0,24.0,10.0,9.0,44.0,33.0,0.0,null,0,0.0,0.0,0.0,0.0,0.0,0.0,0.0,0,4,0.0,false
modules/core/src/main/java/org/apache/synapse/mediators/db/AbstractDBMediator.java,207.0,14.0,54.0,13.0,56.0,34.0,14.0,indika@13f79535-47bb-0310-9956-ffa450edef68,1,0.0015174506828528073,9.0,4.0,9.0,0.0,1161.5189873417721,49488.28353729956,1,2,1.8971199848858813,false
modules/core/src/main/java/org/apache/synapse/mediators/ext/ClassMediator.java,75.0,8.0,0.0,7.0,20.0,18.0,87.0,null,1,0.0015174506828528073,9.0,9.0,9.0,0.0,1497.6338028169014,26397.8,1,0,3.101092789211817,true
modules/core/src/main/java/org/apache/synapse/mediators/ext/POJOCommandMediator.java,258.0,15.0,69.0,15.0,52.0,35.0,87.0,ruwan@13f79535-47bb-0310-9956-ffa450edef68,1,0.0015174506828528073,9.0,9.0,9.0,0.0,1497.6338028169014,26397.8,1,3,3.101092789211817,true
modules/core/src/main/java/org/apache/synapse/mediators/transform/FaultMediator.java,383.0,15.0,335.0,31.0,95.0,75.0,1.0,ruwan@13f79535-47bb-0310-9956-ffa450edef68,1,0.0015174506828528073,5.0,0.0,5.0,0.0,254.0,Infinity,1,8,2.5902671654458267,false
modules/core/src/main/java/org/apache/synapse/mediators/transform/XSLTMediator.java,361.0,27.0,70.0,17.0,75.0,47.0,0.0,veithen@13f79535-47bb-0310-9956-ffa450edef68,0,0.0,0.0,0.0,0.0,0.0,0.0,0.0,0,12,0.0,false
modules/core/src/main/java/org/apache/synapse/registry/AbstractRegistry.java,100.0,8.0,8.0,5.0,22.0,13.0,0.0,null,0,0.0,0.0,0.0,0.0,0.0,0.0,0.0,0,1,0.0,true
modules/core/src/main/java/org/apache/synapse/registry/Registry.java,73.0,3.0,66.0,12.0,0.0,22.0,0.0,indika@13f79535-47bb-0310-9956-ffa450edef68,0,0.0,0.0,0.0,0.0,0.0,0.0,0.0,0,1,0.0,true
modules/core/src/main/java/org/apache/synapse/registry/RegistryEntry.java,37.0,0.0,28.0,8.0,0.0,14.0,0.0,indika@13f79535-47bb-0310-9956-ffa450edef68,0,0.0,0.0,0.0,0.0,0.0,0.0,0.0,0,1,0.0,true
modules/core/src/main/java/org/apache/synapse/registry/RegistryEntryImpl.java,74.0,6.0,88.0,17.0,4.0,33.0,0.0,indika@13f79535-47bb-0310-9956-ffa450edef68,0,0.0,0.0,0.0,0.0,0.0,0.0,0.0,0,1,0.0,true
modules/core/src/main/java/org/apache/synapse/registry/url/SimpleURLRegistry.java,224.0,20.0,54.0,13.0,60.0,44.0,7.0,indika@13f79535-47bb-0310-9956-ffa450edef68,1,0.0015174506828528073,8.0,0.0,8.0,0.0,1161.5189873417721,49488.28353729956,1,2,1.8971199848858813,true
modules/core/src/main/java/org/apache/synapse/security/definition/CipherInformation.java,64.0,4.0,64.0,13.0,6.0,24.0,0.0,indika@13f79535-47bb-0310-9956-ffa450edef68,0,0.0,0.0,0.0,0.0,0.0,0.0,0.0,0,0,0.0,false
modules/core/src/main/java/org/apache/synapse/security/definition/IdentityKeyStoreInformation.java,35.0,2.0,1.0,3.0,8.0,7.0,0.0,indika@13f79535-47bb-0310-9956-ffa450edef68,0,0.0,0.0,0.0,0.0,0.0,0.0,0.0,0,0,0.0,false
modules/core/src/main/java/org/apache/synapse/security/definition/KeyStoreInformation.java,94.0,13.0,30.0,13.0,20.0,28.0,0.0,indika@13f79535-47bb-0310-9956-ffa450edef68,0,0.0,0.0,0.0,0.0,0.0,0.0,0.0,0,0,0.0,false
modules/core/src/main/java/org/apache/synapse/security/definition/TrustKeyStoreInformation.java,31.0,2.0,1.0,2.0,7.0,6.0,0.0,indika@13f79535-47bb-0310-9956-ffa450edef68,0,0.0,0.0,0.0,0.0,0.0,0.0,0.0,0,0,0.0,false
modules/core/src/main/java/org/apache/synapse/security/definition/factory/KeyStoreInformationFactory.java,92.0,7.0,0.0,3.0,24.0,12.0,0.0,indika@13f79535-47bb-0310-9956-ffa450edef68,0,0.0,0.0,0.0,0.0,0.0,0.0,0.0,0,1,0.0,false
modules/core/src/main/java/org/apache/synapse/security/enumeration/KeyStoreType.java,0.0,0.0,0.0,0.0,0.0,0.0,0.0,indika@13f79535-47bb-0310-9956-ffa450edef68,0,0.0,0.0,0.0,0.0,0.0,0.0,0.0,0,0,0.0,false
modules/core/src/main/java/org/apache/synapse/security/interfaces/ICACertsLoader.java,10.0,1.0,0.0,1.0,0.0,3.0,0.0,indika@13f79535-47bb-0310-9956-ffa450edef68,0,0.0,0.0,0.0,0.0,0.0,0.0,0.0,0,0,0.0,false
modules/core/src/main/java/org/apache/synapse/security/interfaces/IKeyStoreLoader.java,10.0,1.0,0.0,1.0,0.0,2.0,0.0,indika@13f79535-47bb-0310-9956-ffa450edef68,0,0.0,0.0,0.0,0.0,0.0,0.0,0.0,0,0,0.0,false
modules/core/src/main/java/org/apache/synapse/security/keystore/AbstractKeyStoreLoader.java,72.0,13.0,0.0,4.0,12.0,10.0,0.0,indika@13f79535-47bb-0310-9956-ffa450edef68,0,0.0,0.0,0.0,0.0,0.0,0.0,0.0,0,0,0.0,false
modules/core/src/main/java/org/apache/synapse/security/keystore/CACertsLoader.java,48.0,14.0,0.0,2.0,11.0,7.0,0.0,indika@13f79535-47bb-0310-9956-ffa450edef68,0,0.0,0.0,0.0,0.0,0.0,0.0,0.0,0,0,0.0,false
modules/core/src/main/java/org/apache/synapse/security/keystore/JKSKeyStoreLoader.java,24.0,1.0,0.0,2.0,1.0,4.0,0.0,indika@13f79535-47bb-0310-9956-ffa450edef68,0,0.0,0.0,0.0,0.0,0.0,0.0,0.0,0,0,0.0,false
modules/core/src/main/java/org/apache/synapse/security/keystore/PKCS12KeyStoreLoader.java,19.0,1.0,0.0,2.0,1.0,4.0,0.0,indika@13f79535-47bb-0310-9956-ffa450edef68,0,0.0,0.0,0.0,0.0,0.0,0.0,0.0,0,0,0.0,false
modules/core/src/main/java/org/apache/synapse/security/keystore/PKCS8KeyStoreLoader.java,138.0,12.0,2.0,4.0,22.0,15.0,0.0,indika@13f79535-47bb-0310-9956-ffa450edef68,0,0.0,0.0,0.0,0.0,0.0,0.0,0.0,0,0,0.0,false
modules/core/src/main/java/org/apache/synapse/security/secret/SecretManager.java,117.0,12.0,4.0,5.0,21.0,13.0,6.0,indika@13f79535-47bb-0310-9956-ffa450edef68,1,0.0015174506828528073,17.0,11.0,0.0,6.0,1161.5189873417721,49488.28353729956,1,0,1.8971199848858813,false
modules/core/src/main/java/org/apache/synapse/security/secret/SecretRepository.java,27.0,1.0,6.0,4.0,0.0,9.0,12.0,indika@13f79535-47bb-0310-9956-ffa450edef68,1,0.0015174506828528073,25.0,25.0,0.0,0.0,1161.5189873417721,49488.28353729956,1,0,1.8971199848858813,false
modules/core/src/main/java/org/apache/synapse/security/secret/repository/FileBaseSecretRepository.java,145.0,14.0,4.0,5.0,22.0,13.0,12.0,indika@13f79535-47bb-0310-9956-ffa450edef68,1,0.0015174506828528073,20.0,20.0,0.0,0.0,1161.5189873417721,49488.28353729956,1,0,1.8971199848858813,false
modules/core/src/main/java/org/apache/synapse/security/tool/CipherTool.java,230.0,12.0,19.0,10.0,52.0,33.0,18.0,indika@13f79535-47bb-0310-9956-ffa450edef68,1,0.0015174506828528073,10.0,0.0,10.0,0.0,1161.5189873417721,49488.28353729956,1,0,1.8971199848858813,false
modules/core/src/main/java/org/apache/synapse/security/wrappers/CipherWrapper.java,98.0,17.0,0.0,4.0,24.0,16.0,0.0,indika@13f79535-47bb-0310-9956-ffa450edef68,0,0.0,0.0,0.0,0.0,0.0,0.0,0.0,0,0,0.0,false
modules/core/src/main/java/org/apache/synapse/security/wrappers/IdentityKeyStoreWrapper.java,66.0,5.0,15.0,6.0,1.0,17.0,0.0,indika@13f79535-47bb-0310-9956-ffa450edef68,0,0.0,0.0,0.0,0.0,0.0,0.0,0.0,0,0,0.0,false
modules/core/src/main/java/org/apache/synapse/security/wrappers/KeyStoreWrapper.java,126.0,8.0,23.0,10.0,18.0,34.0,0.0,indika@13f79535-47bb-0310-9956-ffa450edef68,0,0.0,0.0,0.0,0.0,0.0,0.0,0.0,0,1,0.0,false
modules/core/src/main/java/org/apache/synapse/security/wrappers/TrustKeyStoreWrapper.java,18.0,2.0,1.0,2.0,1.0,5.0,0.0,indika@13f79535-47bb-0310-9956-ffa450edef68,0,0.0,0.0,0.0,0.0,0.0,0.0,0.0,0,0,0.0,false
modules/core/src/main/java/org/apache/synapse/startup/quartz/SimpleQuartzFactory.java,130.0,14.0,2.0,5.0,32.0,16.0,15.0,indika@13f79535-47bb-0310-9956-ffa450edef68,1,0.0015174506828528073,20.0,10.0,0.0,10.0,1161.5189873417721,49488.28353729956,1,0,1.8971199848858813,false
modules/core/src/main/java/org/apache/synapse/startup/tasks/MessageInjector.java,123.0,12.0,11.0,7.0,17.0,15.0,22.0,indika@13f79535-47bb-0310-9956-ffa450edef68,1,0.0015174506828528073,20.0,10.0,10.0,20.0,1161.5189873417721,49488.28353729956,1,1,1.8971199848858813,false
modules/core/src/main/java/org/apache/synapse/util/MessageHelper.java,209.0,26.0,45.0,10.0,110.0,50.0,3.0,ruwan@13f79535-47bb-0310-9956-ffa450edef68,3,0.004552352048558422,17.0,3.0,7.0,3.0,2913.1527901586733,Infinity,3,2,1.4624183747421005,false
modules/core/src/main/java/org/apache/synapse/util/MiscellaneousUtil.java,177.0,6.0,3.0,6.0,26.0,25.0,18.0,indika@13f79535-47bb-0310-9956-ffa450edef68,1,0.0015174506828528073,33.0,0.0,33.0,0.0,1161.5189873417721,49488.28353729956,1,0,1.8971199848858813,false
modules/core/src/main/java/org/apache/synapse/util/RMIRegistryController.java,51.0,8.0,4.0,5.0,8.0,12.0,0.0,indika@13f79535-47bb-0310-9956-ffa450edef68,0,0.0,0.0,0.0,0.0,0.0,0.0,0.0,0,1,0.0,false
modules/core/src/main/java/org/apache/synapse/util/Replicator.java,60.0,5.0,0.0,3.0,11.0,11.0,1.0,azeez@13f79535-47bb-0310-9956-ffa450edef68,1,0.0015174506828528073,20.0,0.0,0.0,0.0,86.0,112.54670513440317,1,0,3.2188758248682006,false
modules/core/src/main/java/org/apache/synapse/util/ResponseAcceptEncodingProcessor.java,38.0,6.0,0.0,1.0,7.0,5.0,0.0,indika@13f79535-47bb-0310-9956-ffa450edef68,0,0.0,0.0,0.0,0.0,0.0,0.0,0.0,0,0,0.0,false
modules/core/src/main/java/org/apache/synapse/util/datasource/DataSourceFinder.java,77.0,8.0,8.0,5.0,13.0,19.0,52.0,indika@13f79535-47bb-0310-9956-ffa450edef68,2,0.0030349013657056147,50.0,25.0,50.0,0.0,2659.1527901586733,75886.08353729956,2,0,1.8059592064889038,true
modules/core/src/main/java/org/apache/synapse/util/datasource/DataSourceInformation.java,210.0,3.0,1587.0,58.0,2.0,87.0,11.0,indika@13f79535-47bb-0310-9956-ffa450edef68,1,0.0015174506828528073,60.0,20.0,40.0,0.0,1161.5189873417721,49488.28353729956,1,0,1.8971199848858813,false
modules/core/src/main/java/org/apache/synapse/util/datasource/DataSourceRegistrar.java,118.0,10.0,0.0,2.0,25.0,11.0,32.0,indika@13f79535-47bb-0310-9956-ffa450edef68,2,0.0030349013657056147,75.0,25.0,50.0,0.0,2659.1527901586733,75886.08353729956,2,0,1.6619300846997138,true
modules/core/src/main/java/org/apache/synapse/util/datasource/DataSourceRegistry.java,16.0,1.0,1.0,2.0,0.0,4.0,52.0,indika@13f79535-47bb-0310-9956-ffa450edef68,2,0.0030349013657056147,67.0,33.0,67.0,0.0,2659.1527901586733,75886.08353729956,2,0,1.8059592064889038,true
modules/core/src/main/java/org/apache/synapse/util/datasource/InMemoryDataSourceRegistry.java,48.0,7.0,6.0,5.0,10.0,12.0,29.0,indika@13f79535-47bb-0310-9956-ffa450edef68,2,0.0030349013657056147,80.0,60.0,60.0,0.0,2659.1527901586733,75886.08353729956,2,0,1.635778041348557,true
modules/core/src/main/java/org/apache/synapse/util/datasource/JNDIBasedDataSourceRegistry.java,185.0,8.0,10.0,9.0,55.0,29.0,28.0,indika@13f79535-47bb-0310-9956-ffa450edef68,2,0.0030349013657056147,80.0,40.0,40.0,0.0,2659.1527901586733,75886.08353729956,2,0,1.635778041348557,true
modules/core/src/main/java/org/apache/synapse/util/datasource/factory/DataSourceFactory.java,113.0,8.0,3.0,3.0,54.0,10.0,11.0,indika@13f79535-47bb-0310-9956-ffa450edef68,1,0.0015174506828528073,80.0,40.0,40.0,0.0,1161.5189873417721,49488.28353729956,1,0,1.8971199848858813,false
modules/core/src/main/java/org/apache/synapse/util/datasource/factory/DataSourceInformationFactory.java,152.0,9.0,1.0,3.0,36.0,9.0,11.0,indika@13f79535-47bb-0310-9956-ffa450edef68,1,0.0015174506828528073,50.0,17.0,33.0,0.0,1161.5189873417721,49488.28353729956,1,0,1.8971199848858813,false
modules/core/src/main/java/org/apache/synapse/util/jaxp/AXIOMResultBuilder.java,14.0,5.0,1.0,3.0,1.0,5.0,3.0,veithen@13f79535-47bb-0310-9956-ffa450edef68,1,0.0015174506828528073,33.0,33.0,0.0,0.0,2388.6417445482866,62094.33582089553,1,0,0.4462871026284195,false
modules/core/src/main/java/org/apache/synapse/util/jaxp/AXIOMResultBuilderFactory.java,8.0,1.0,0.0,1.0,0.0,2.0,3.0,veithen@13f79535-47bb-0310-9956-ffa450edef68,1,0.0015174506828528073,100.0,100.0,0.0,0.0,2388.6417445482866,62094.33582089553,1,0,0.4462871026284195,false
modules/core/src/main/java/org/apache/synapse/util/jaxp/AXIOMSource.java,8.0,3.0,0.0,1.0,0.0,1.0,0.0,veithen@13f79535-47bb-0310-9956-ffa450edef68,0,0.0,0.0,0.0,0.0,0.0,0.0,0.0,0,1,0.0,false
modules/core/src/main/java/org/apache/synapse/util/jaxp/AXIOMSourceBuilder.java,10.0,2.0,1.0,2.0,0.0,3.0,0.0,veithen@13f79535-47bb-0310-9956-ffa450edef68,0,0.0,0.0,0.0,0.0,0.0,0.0,0.0,0,1,0.0,false
modules/core/src/main/java/org/apache/synapse/util/jaxp/AXIOMSourceBuilderFactory.java,8.0,1.0,0.0,1.0,0.0,2.0,0.0,veithen@13f79535-47bb-0310-9956-ffa450edef68,0,0.0,0.0,0.0,0.0,0.0,0.0,0.0,0,1,0.0,false
modules/core/src/main/java/org/apache/synapse/util/jaxp/AXIOMXMLReader.java,179.0,19.0,123.0,18.0,22.0,41.0,0.0,veithen@13f79535-47bb-0310-9956-ffa450edef68,0,0.0,0.0,0.0,0.0,0.0,0.0,0.0,0,1,0.0,false
modules/core/src/main/java/org/apache/synapse/util/jaxp/DOOMResultBuilder.java,26.0,12.0,4.0,4.0,9.0,8.0,0.0,veithen@13f79535-47bb-0310-9956-ffa450edef68,0,0.0,0.0,0.0,0.0,0.0,0.0,0.0,0,1,0.0,false
modules/core/src/main/java/org/apache/synapse/util/jaxp/DOOMResultBuilderFactory.java,8.0,1.0,0.0,1.0,0.0,2.0,0.0,veithen@13f79535-47bb-0310-9956-ffa450edef68,0,0.0,0.0,0.0,0.0,0.0,0.0,0.0,0,1,0.0,false
modules/core/src/main/java/org/apache/synapse/util/jaxp/DOOMSourceBuilder.java,10.0,6.0,1.0,2.0,3.0,3.0,0.0,hiranya@13f79535-47bb-0310-9956-ffa450edef68,0,0.0,0.0,0.0,0.0,0.0,0.0,0.0,0,0,0.0,false
modules/core/src/main/java/org/apache/synapse/util/jaxp/DOOMSourceBuilderFactory.java,8.0,1.0,0.0,1.0,0.0,2.0,0.0,veithen@13f79535-47bb-0310-9956-ffa450edef68,0,0.0,0.0,0.0,0.0,0.0,0.0,0.0,0,0,0.0,false
modules/core/src/main/java/org/apache/synapse/util/jaxp/ResultBuilder.java,20.0,3.0,3.0,3.0,0.0,8.0,0.0,veithen@13f79535-47bb-0310-9956-ffa450edef68,0,0.0,0.0,0.0,0.0,0.0,0.0,0.0,0,1,0.0,false
modules/core/src/main/java/org/apache/synapse/util/jaxp/ResultBuilderFactory.java,18.0,1.0,0.0,1.0,0.0,4.0,0.0,veithen@13f79535-47bb-0310-9956-ffa450edef68,0,0.0,0.0,0.0,0.0,0.0,0.0,0.0,0,1,0.0,false
modules/core/src/main/java/org/apache/synapse/util/jaxp/SourceBuilder.java,15.0,2.0,1.0,2.0,0.0,4.0,0.0,veithen@13f79535-47bb-0310-9956-ffa450edef68,0,0.0,0.0,0.0,0.0,0.0,0.0,0.0,0,0,0.0,false
modules/core/src/main/java/org/apache/synapse/util/jaxp/SourceBuilderFactory.java,8.0,1.0,0.0,1.0,0.0,2.0,0.0,veithen@13f79535-47bb-0310-9956-ffa450edef68,0,0.0,0.0,0.0,0.0,0.0,0.0,0.0,0,0,0.0,false
modules/core/src/main/java/org/apache/synapse/util/jaxp/SpringStaxSourceBuilder.java,10.0,3.0,1.0,2.0,1.0,3.0,0.0,veithen@13f79535-47bb-0310-9956-ffa450edef68,0,0.0,0.0,0.0,0.0,0.0,0.0,0.0,0,0,0.0,false
modules/core/src/main/java/org/apache/synapse/util/jaxp/SpringStaxSourceBuilderFactory.java,8.0,1.0,0.0,1.0,0.0,2.0,0.0,veithen@13f79535-47bb-0310-9956-ffa450edef68,0,0.0,0.0,0.0,0.0,0.0,0.0,0.0,0,0,0.0,false
modules/core/src/main/java/org/apache/synapse/util/jaxp/StreamResultBuilder.java,60.0,17.0,0.0,5.0,11.0,13.0,0.0,veithen@13f79535-47bb-0310-9956-ffa450edef68,0,0.0,0.0,0.0,0.0,0.0,0.0,0.0,0,1,0.0,false
modules/core/src/main/java/org/apache/synapse/util/jaxp/StreamResultBuilderFactory.java,8.0,1.0,0.0,1.0,0.0,2.0,0.0,veithen@13f79535-47bb-0310-9956-ffa450edef68,0,0.0,0.0,0.0,0.0,0.0,0.0,0.0,0,1,0.0,false
modules/core/src/main/java/org/apache/synapse/util/jaxp/StreamSourceBuilder.java,51.0,12.0,2.0,4.0,10.0,9.0,0.0,veithen@13f79535-47bb-0310-9956-ffa450edef68,0,0.0,0.0,0.0,0.0,0.0,0.0,0.0,0,0,0.0,false
modules/core/src/main/java/org/apache/synapse/util/jaxp/StreamSourceBuilderFactory.java,8.0,1.0,0.0,1.0,0.0,2.0,0.0,veithen@13f79535-47bb-0310-9956-ffa450edef68,0,0.0,0.0,0.0,0.0,0.0,0.0,0.0,0,0,0.0,false
modules/core/src/main/java/org/apache/synapse/util/xpath/SourceXPathSupport.java,70.0,5.0,0.0,5.0,5.0,18.0,0.0,indika@13f79535-47bb-0310-9956-ffa450edef68,0,0.0,0.0,0.0,0.0,0.0,0.0,0.0,0,1,0.0,false
modules/core/src/main/java/org/apache/synapse/util/xpath/SynapseXPath.java,131.0,13.0,15.0,6.0,30.0,27.0,0.0,null,0,0.0,0.0,0.0,0.0,0.0,0.0,0.0,0,3,0.0,false
modules/core/src/test/java/org/apache/synapse/TestMessageContextBuilder.java,104.0,24.0,14.0,9.0,23.0,24.0,0.0,veithen@13f79535-47bb-0310-9956-ffa450edef68,0,0.0,0.0,0.0,0.0,0.0,0.0,0.0,0,1,0.0,false
modules/core/src/test/java/org/apache/synapse/config/xml/FaultMediatorSerializationTest.java,35.0,0.0,3.0,6.0,10.0,13.0,0.0,ruwan@13f79535-47bb-0310-9956-ffa450edef68,0,0.0,0.0,0.0,0.0,0.0,0.0,0.0,0,1,0.0,false
modules/core/src/test/java/org/apache/synapse/config/xml/HeaderMediatorSerializationTest.java,21.0,0.0,0.0,3.0,5.0,5.0,0.0,dims@13f79535-47bb-0310-9956-ffa450edef68,0,0.0,0.0,0.0,0.0,0.0,0.0,0.0,0,0,0.0,false
modules/core/src/test/java/org/apache/synapse/config/xml/PropertyMediatorSerializationTest.java,31.0,0.0,0.0,5.0,9.0,9.0,0.0,ruwan@13f79535-47bb-0310-9956-ffa450edef68,0,0.0,0.0,0.0,0.0,0.0,0.0,0.0,0,0,0.0,false
modules/core/src/test/java/org/apache/synapse/config/xml/ProxyServiceSerializationTest.java,47.0,2.0,15.0,6.0,32.0,12.0,0.0,ruwan@13f79535-47bb-0310-9956-ffa450edef68,0,0.0,0.0,0.0,0.0,0.0,0.0,0.0,0,1,0.0,false
modules/core/src/test/java/org/apache/synapse/config/xml/SendMediatorSerializationTest.java,97.0,12.0,0.0,7.0,52.0,12.0,87.0,ruwan@13f79535-47bb-0310-9956-ffa450edef68,1,0.0015174506828528073,12.0,12.0,12.0,0.0,1497.6338028169014,26397.8,1,0,3.101092789211817,true
modules/core/src/test/java/org/apache/synapse/config/xml/SequenceMediatorSerializationTest.java,36.0,0.0,0.0,6.0,11.0,11.0,0.0,ruwan@13f79535-47bb-0310-9956-ffa450edef68,0,0.0,0.0,0.0,0.0,0.0,0.0,0.0,0,0,0.0,false
modules/core/src/test/java/org/apache/synapse/core/axis2/ProxyServiceTest.java,52.0,10.0,3.0,3.0,21.0,9.0,5.0,veithen@13f79535-47bb-0310-9956-ffa450edef68,1,0.0015174506828528073,25.0,25.0,25.0,0.0,2388.6417445482866,62094.33582089553,1,1,0.4462871026284195,false
modules/core/src/test/java/org/apache/synapse/mediators/TestUtils.java,49.0,17.0,10.0,5.0,24.0,20.0,0.0,veithen@13f79535-47bb-0310-9956-ffa450edef68,0,0.0,0.0,0.0,0.0,0.0,0.0,0.0,0,1,0.0,false
modules/core/src/test/java/org/apache/synapse/mediators/builtin/ValidateMediatorTest.java,112.0,15.0,74.0,13.0,79.0,29.0,0.0,ruwan@13f79535-47bb-0310-9956-ffa450edef68,0,0.0,0.0,0.0,0.0,0.0,0.0,0.0,0,2,0.0,false
modules/core/src/test/java/org/apache/synapse/mediators/transform/FaultMediatorTest.java,22.0,9.0,0.0,1.0,19.0,2.0,0.0,dims@13f79535-47bb-0310-9956-ffa450edef68,0,0.0,0.0,0.0,0.0,0.0,0.0,0.0,0,1,0.0,false
modules/core/src/test/java/org/apache/synapse/mediators/transform/XSLTMediatorTest.java,185.0,25.0,118.0,16.0,156.0,53.0,37.0,veithen@13f79535-47bb-0310-9956-ffa450edef68,2,0.0030349013657056147,11.0,11.0,5.0,5.0,3550.1607318900587,111582.6193581951,2,7,0.47855636319720507,false
modules/core/src/test/java/org/apache/synapse/n2n/SynapseCommodityServiceTest.java,99.0,24.0,15.0,6.0,54.0,18.0,0.0,ruwan@13f79535-47bb-0310-9956-ffa450edef68,0,0.0,0.0,0.0,0.0,0.0,0.0,0.0,0,4,0.0,false
modules/core/src/test/java/org/apache/synapse/registry/url/SimpleURLRegistryTest.java,63.0,13.0,0.0,5.0,23.0,11.0,1.0,null,1,0.0015174506828528073,12.0,12.0,12.0,0.0,2388.6417445482866,62094.33582089553,1,0,0.4462871026284195,false
modules/core/src/test/java/org/apache/synapse/util/MessageHelperTest.java,20.0,3.0,1.0,2.0,10.0,4.0,0.0,veithen@13f79535-47bb-0310-9956-ffa450edef68,0,0.0,0.0,0.0,0.0,0.0,0.0,0.0,0,2,0.0,false
modules/core/src/test/java/org/apache/synapse/util/SynapseXPathTest.java,65.0,11.0,0.0,9.0,49.0,18.0,0.0,veithen@13f79535-47bb-0310-9956-ffa450edef68,0,0.0,0.0,0.0,0.0,0.0,0.0,0.0,0,1,0.0,false
modules/samples/src/main/java/samples/common/StockQuoteHandler.java,198.0,9.0,45.0,10.0,53.0,41.0,0.0,dims@13f79535-47bb-0310-9956-ffa450edef68,0,0.0,0.0,0.0,0.0,0.0,0.0,0.0,0,0,0.0,false
modules/samples/src/main/java/samples/mediators/DiscountQuoteMediator.java,46.0,10.0,24.0,9.0,11.0,15.0,0.0,null,0,0.0,0.0,0.0,0.0,0.0,0.0,0.0,0,0,0.0,false
modules/samples/src/main/java/samples/userguide/AMQPConsumer.java,163.0,16.0,10.0,9.0,57.0,23.0,4.0,hiranya@13f79535-47bb-0310-9956-ffa450edef68,1,0.0015174506828528073,50.0,25.0,25.0,0.0,30.0,7.587929651902675,1,0,3.2188758248682006,true
modules/samples/src/main/java/samples/userguide/GenericJMSClient.java,76.0,10.0,21.0,7.0,31.0,23.0,72.0,veithen@13f79535-47bb-0310-9956-ffa450edef68,1,0.0015174506828528073,14.0,14.0,14.0,14.0,1161.5189873417721,49488.28353729956,1,1,1.8971199848858813,false
modules/samples/src/main/java/samples/userguide/LoadbalanceFailoverClient.java,221.0,25.0,15.0,6.0,70.0,28.0,2.0,ruwan@13f79535-47bb-0310-9956-ffa450edef68,2,0.0030349013657056147,18.0,9.0,9.0,0.0,1247.5189873417721,49600.83024243396,2,0,1.8648507243170958,false
modules/samples/src/main/java/samples/userguide/MTOMSwAClient.java,99.0,16.0,6.0,4.0,55.0,16.0,0.0,ruwan@13f79535-47bb-0310-9956-ffa450edef68,0,0.0,0.0,0.0,0.0,0.0,0.0,0.0,0,0,0.0,false
modules/samples/src/main/java/samples/util/SampleAxis2ServerManager.java,110.0,13.0,17.0,7.0,34.0,20.0,0.0,null,0,0.0,0.0,0.0,0.0,0.0,0.0,0.0,0,0,0.0,false
modules/samples/src/test/java/org/apache/synapse/samples/n2n/AbstractAutomationTestCase.java,45.0,13.0,21.0,7.0,19.0,13.0,0.0,indika@13f79535-47bb-0310-9956-ffa450edef68,0,0.0,0.0,0.0,0.0,0.0,0.0,0.0,0,0,0.0,false
modules/samples/src/test/java/org/apache/synapse/samples/n2n/SynapseSample_0_Integration.java,22.0,2.0,1.0,2.0,8.0,6.0,0.0,dims@13f79535-47bb-0310-9956-ffa450edef68,0,0.0,0.0,0.0,0.0,0.0,0.0,0.0,0,0,0.0,false
modules/samples/src/test/java/org/apache/synapse/samples/n2n/SynapseSample_102_Integration.java,21.0,3.0,1.0,2.0,7.0,7.0,0.0,dims@13f79535-47bb-0310-9956-ffa450edef68,0,0.0,0.0,0.0,0.0,0.0,0.0,0.0,0,0,0.0,false
modules/samples/src/test/java/org/apache/synapse/samples/n2n/SynapseSample_10_Integration.java,15.0,2.0,1.0,2.0,4.0,5.0,0.0,dims@13f79535-47bb-0310-9956-ffa450edef68,0,0.0,0.0,0.0,0.0,0.0,0.0,0.0,0,0,0.0,false
modules/samples/src/test/java/org/apache/synapse/samples/n2n/SynapseSample_112_Integration.java,13.0,2.0,1.0,2.0,2.0,4.0,0.0,dims@13f79535-47bb-0310-9956-ffa450edef68,0,0.0,0.0,0.0,0.0,0.0,0.0,0.0,0,0,0.0,false
modules/samples/src/test/java/org/apache/synapse/samples/n2n/SynapseSample_11_Integration.java,15.0,2.0,1.0,2.0,4.0,5.0,0.0,dims@13f79535-47bb-0310-9956-ffa450edef68,0,0.0,0.0,0.0,0.0,0.0,0.0,0.0,0,0,0.0,false
modules/samples/src/test/java/org/apache/synapse/samples/n2n/SynapseSample_2_Integration.java,16.0,2.0,1.0,2.0,5.0,5.0,0.0,dims@13f79535-47bb-0310-9956-ffa450edef68,0,0.0,0.0,0.0,0.0,0.0,0.0,0.0,0,0,0.0,false
modules/samples/src/test/java/org/apache/synapse/samples/n2n/SynapseSample_3_Integration.java,15.0,2.0,1.0,2.0,4.0,5.0,0.0,dims@13f79535-47bb-0310-9956-ffa450edef68,0,0.0,0.0,0.0,0.0,0.0,0.0,0.0,0,0,0.0,false
modules/samples/src/test/java/org/apache/synapse/samples/n2n/SynapseSample_4_Integration.java,18.0,2.0,1.0,2.0,4.0,5.0,0.0,dims@13f79535-47bb-0310-9956-ffa450edef68,0,0.0,0.0,0.0,0.0,0.0,0.0,0.0,0,0,0.0,false
modules/samples/src/test/java/org/apache/synapse/samples/n2n/SynapseSample_500_Integration.java,16.0,2.0,1.0,2.0,4.0,5.0,0.0,dims@13f79535-47bb-0310-9956-ffa450edef68,0,0.0,0.0,0.0,0.0,0.0,0.0,0.0,0,0,0.0,false
modules/samples/src/test/java/org/apache/synapse/samples/n2n/SynapseSample_501_Integration.java,16.0,2.0,1.0,2.0,4.0,5.0,0.0,dims@13f79535-47bb-0310-9956-ffa450edef68,0,0.0,0.0,0.0,0.0,0.0,0.0,0.0,0,0,0.0,false
modules/samples/src/test/java/org/apache/synapse/samples/n2n/SynapseSample_502_Integration.java,15.0,2.0,1.0,2.0,4.0,5.0,0.0,dims@13f79535-47bb-0310-9956-ffa450edef68,0,0.0,0.0,0.0,0.0,0.0,0.0,0.0,0,0,0.0,false
modules/samples/src/test/java/org/apache/synapse/samples/n2n/SynapseSample_503_Integration.java,16.0,2.0,1.0,2.0,4.0,4.0,0.0,dims@13f79535-47bb-0310-9956-ffa450edef68,0,0.0,0.0,0.0,0.0,0.0,0.0,0.0,0,0,0.0,false
modules/samples/src/test/java/org/apache/synapse/samples/n2n/SynapseSample_51_Integration.java,12.0,3.0,1.0,2.0,3.0,5.0,0.0,dims@13f79535-47bb-0310-9956-ffa450edef68,0,0.0,0.0,0.0,0.0,0.0,0.0,0.0,0,0,0.0,false
modules/samples/src/test/java/org/apache/synapse/samples/n2n/SynapseSample_5_Integration.java,26.0,3.0,1.0,2.0,6.0,5.0,0.0,dims@13f79535-47bb-0310-9956-ffa450edef68,0,0.0,0.0,0.0,0.0,0.0,0.0,0.0,0,0,0.0,false
modules/samples/src/test/java/org/apache/synapse/samples/n2n/SynapseSample_7_Integration.java,18.0,3.0,1.0,2.0,5.0,5.0,0.0,dims@13f79535-47bb-0310-9956-ffa450edef68,0,0.0,0.0,0.0,0.0,0.0,0.0,0.0,0,0,0.0,false
modules/samples/src/test/java/org/apache/synapse/samples/n2n/SynapseSample_8_Integration.java,14.0,2.0,1.0,2.0,3.0,4.0,0.0,dims@13f79535-47bb-0310-9956-ffa450edef68,0,0.0,0.0,0.0,0.0,0.0,0.0,0.0,0,0,0.0,false
modules/samples/src/test/java/org/apache/synapse/samples/n2n/SynapseSample_9_Integration.java,15.0,2.0,1.0,2.0,4.0,5.0,0.0,dims@13f79535-47bb-0310-9956-ffa450edef68,0,0.0,0.0,0.0,0.0,0.0,0.0,0.0,0,0,0.0,false
modules/transports/src/main/java/org/apache/synapse/format/PlainTextBuilder.java,38.0,14.0,6.0,4.0,14.0,14.0,10.0,veithen@13f79535-47bb-0310-9956-ffa450edef68,1,0.0015174506828528073,33.0,0.0,0.0,0.0,1497.6338028169014,26397.8,1,0,3.101092789211817,false
modules/transports/src/main/java/org/apache/synapse/format/ReaderInputStream.java,124.0,8.0,0.0,9.0,18.0,24.0,10.0,veithen@13f79535-47bb-0310-9956-ffa450edef68,1,0.0015174506828528073,50.0,0.0,0.0,0.0,1497.6338028169014,26397.8,1,0,3.101092789211817,false
modules/transports/src/main/java/org/apache/synapse/format/TextMessageBuilder.java,7.0,5.0,1.0,2.0,0.0,4.0,10.0,veithen@13f79535-47bb-0310-9956-ffa450edef68,1,0.0015174506828528073,50.0,0.0,0.0,0.0,1497.6338028169014,26397.8,1,0,3.101092789211817,false
modules/transports/src/main/java/org/apache/synapse/format/TextMessageBuilderAdapter.java,18.0,7.0,4.0,4.0,3.0,10.0,10.0,veithen@13f79535-47bb-0310-9956-ffa450edef68,1,0.0015174506828528073,50.0,0.0,0.0,0.0,1497.6338028169014,26397.8,1,0,3.101092789211817,false
modules/transports/src/main/java/org/apache/synapse/transport/amqp/AMQPListener.java,124.0,21.0,2.0,8.0,45.0,31.0,5.0,veithen@13f79535-47bb-0310-9956-ffa450edef68,1,0.0015174506828528073,17.0,17.0,0.0,0.0,2388.6417445482866,62094.33582089553,1,0,0.4462871026284195,true
modules/transports/src/main/java/org/apache/synapse/transport/base/AbstractPollTableEntry.java,65.0,2.0,45.0,11.0,0.0,16.0,11.0,veithen@13f79535-47bb-0310-9956-ffa450edef68,2,0.0030349013657056147,100.0,33.0,33.0,33.0,3886.275547365188,88492.13582089554,2,0,0.6947081631947392,false
modules/transports/src/main/java/org/apache/synapse/transport/base/AbstractPollingTransportListener.java,156.0,10.0,79.0,14.0,50.0,47.0,7.0,veithen@13f79535-47bb-0310-9956-ffa450edef68,2,0.0030349013657056147,45.0,9.0,9.0,9.0,3886.275547365188,88492.13582089554,2,2,0.47684581640691115,true
modules/transports/src/main/java/org/apache/synapse/transport/base/AbstractTransportListener.java,376.0,22.0,391.0,34.0,100.0,96.0,25.0,veithen@13f79535-47bb-0310-9956-ffa450edef68,1,0.0015174506828528073,7.0,0.0,0.0,7.0,1497.6338028169014,26397.8,1,4,3.101092789211817,true
modules/transports/src/main/java/org/apache/synapse/transport/base/AbstractTransportSender.java,234.0,19.0,132.0,24.0,68.0,76.0,25.0,veithen@13f79535-47bb-0310-9956-ffa450edef68,1,0.0015174506828528073,12.0,0.0,0.0,12.0,1497.6338028169014,26397.8,1,1,3.101092789211817,false
modules/transports/src/main/java/org/apache/synapse/transport/base/BaseConstants.java,50.0,1.0,0.0,0.0,0.0,0.0,14.0,dims@13f79535-47bb-0310-9956-ffa450edef68,2,0.0030349013657056147,67.0,0.0,0.0,33.0,3886.275547365188,88492.13582089554,2,0,1.080542765360173,false
modules/transports/src/main/java/org/apache/synapse/transport/base/BaseUtils.java,284.0,39.0,93.0,15.0,86.0,60.0,13.0,veithen@13f79535-47bb-0310-9956-ffa450edef68,2,0.0030349013657056147,17.0,0.0,8.0,8.0,3886.275547365188,88492.13582089554,2,3,1.080542765360173,false
modules/transports/src/main/java/org/apache/synapse/transport/base/datagram/AbstractDatagramTransportListener.java,82.0,11.0,10.0,8.0,32.0,24.0,25.0,veithen@13f79535-47bb-0310-9956-ffa450edef68,1,0.0015174506828528073,25.0,0.0,0.0,25.0,1497.6338028169014,26397.8,1,1,3.101092789211817,false
modules/transports/src/main/java/org/apache/synapse/transport/fix/FIXConstants.java,63.0,0.0,0.0,0.0,0.0,0.0,2.0,hiranya@13f79535-47bb-0310-9956-ffa450edef68,1,0.0015174506828528073,25.0,25.0,25.0,25.0,30.0,7.587929651902675,1,2,3.2188758248682006,false
modules/transports/src/main/java/org/apache/synapse/transport/fix/FIXSessionFactory.java,307.0,14.0,0.0,12.0,84.0,56.0,0.0,ruwan@13f79535-47bb-0310-9956-ffa450edef68,0,0.0,0.0,0.0,0.0,0.0,0.0,0.0,0,3,0.0,false
modules/transports/src/main/java/org/apache/synapse/transport/fix/FIXTransportListener.java,54.0,6.0,0.0,4.0,9.0,11.0,46.0,ruwan@13f79535-47bb-0310-9956-ffa450edef68,1,0.0015174506828528073,9.0,0.0,9.0,9.0,2388.6417445482866,62094.33582089553,1,3,0.4462871026284195,false
modules/transports/src/main/java/org/apache/synapse/transport/fix/FIXTransportSender.java,310.0,15.0,67.0,14.0,89.0,61.0,46.0,veithen@13f79535-47bb-0310-9956-ffa450edef68,1,0.0015174506828528073,17.0,0.0,17.0,17.0,2388.6417445482866,62094.33582089553,1,2,0.4462871026284195,false
modules/transports/src/main/java/org/apache/synapse/transport/fix/FIXUtils.java,630.0,22.0,184.0,20.0,162.0,89.0,2.0,hiranya@13f79535-47bb-0310-9956-ffa450edef68,1,0.0015174506828528073,17.0,17.0,17.0,17.0,30.0,7.587929651902675,1,3,3.2188758248682006,false
modules/transports/src/main/java/org/apache/synapse/transport/jms/BytesMessageInputStream.java,46.0,4.0,0.0,4.0,5.0,15.0,19.0,veithen@13f79535-47bb-0310-9956-ffa450edef68,2,0.0030349013657056147,67.0,33.0,0.0,33.0,3886.275547365188,88492.13582089554,2,0,1.080542765360173,false
modules/transports/src/main/java/org/apache/synapse/transport/jms/BytesMessageOutputStream.java,30.0,3.0,0.0,4.0,3.0,10.0,19.0,veithen@13f79535-47bb-0310-9956-ffa450edef68,2,0.0030349013657056147,100.0,50.0,0.0,50.0,3886.275547365188,88492.13582089554,2,0,1.080542765360173,false
modules/transports/src/main/java/org/apache/synapse/transport/jms/JMSConnectionFactory.java,469.0,14.0,229.0,30.0,84.0,92.0,6.0,veithen@13f79535-47bb-0310-9956-ffa450edef68,2,0.0030349013657056147,57.0,14.0,29.0,29.0,3886.275547365188,88492.13582089554,2,1,0.5476533796554606,false
modules/transports/src/main/java/org/apache/synapse/transport/jms/JMSConstants.java,109.0,1.0,0.0,0.0,0.0,0.0,13.0,dims@13f79535-47bb-0310-9956-ffa450edef68,1,0.0015174506828528073,33.0,0.0,0.0,33.0,1497.6338028169014,26397.8,1,1,3.101092789211817,false
modules/transports/src/main/java/org/apache/synapse/transport/jms/JMSExceptionWrapper.java,6.0,2.0,0.0,1.0,1.0,1.0,19.0,veithen@13f79535-47bb-0310-9956-ffa450edef68,2,0.0030349013657056147,100.0,50.0,0.0,50.0,3886.275547365188,88492.13582089554,2,0,1.080542765360173,false
modules/transports/src/main/java/org/apache/synapse/transport/jms/JMSListener.java,190.0,16.0,7.0,11.0,54.0,50.0,7.0,veithen@13f79535-47bb-0310-9956-ffa450edef68,2,0.0030349013657056147,27.0,9.0,18.0,18.0,3886.275547365188,88492.13582089554,2,2,0.6947081631947392,false
modules/transports/src/main/java/org/apache/synapse/transport/jms/JMSMessageReceiver.java,158.0,15.0,0.0,4.0,24.0,12.0,8.0,veithen@13f79535-47bb-0310-9956-ffa450edef68,2,0.0030349013657056147,33.0,0.0,17.0,17.0,3886.275547365188,88492.13582089554,2,2,1.080542765360173,false
modules/transports/src/main/java/org/apache/synapse/transport/jms/JMSOutTransportInfo.java,232.0,11.0,169.0,23.0,31.0,56.0,4.0,veithen@13f79535-47bb-0310-9956-ffa450edef68,2,0.0030349013657056147,62.0,12.0,25.0,25.0,3886.275547365188,88492.13582089554,2,1,0.47684581640691115,false
modules/transports/src/main/java/org/apache/synapse/transport/jms/JMSSender.java,424.0,25.0,53.0,11.0,125.0,47.0,3.0,veithen@13f79535-47bb-0310-9956-ffa450edef68,2,0.0030349013657056147,41.0,12.0,24.0,12.0,3886.275547365188,88492.13582089554,2,3,0.41542873956621007,false
modules/transports/src/main/java/org/apache/synapse/transport/jms/JMSUtils.java,705.0,22.0,296.0,29.0,165.0,138.0,8.0,veithen@13f79535-47bb-0310-9956-ffa450edef68,2,0.0030349013657056147,15.0,0.0,0.0,8.0,3886.275547365188,88492.13582089554,2,4,1.080542765360173,false
modules/transports/src/main/java/org/apache/synapse/transport/mail/MailTransportListener.java,353.0,22.0,13.0,6.0,130.0,33.0,4.0,veithen@13f79535-47bb-0310-9956-ffa450edef68,2,0.0030349013657056147,38.0,0.0,8.0,15.0,3886.275547365188,88492.13582089554,2,3,1.3661588475692015,false
modules/transports/src/main/java/org/apache/synapse/transport/mail/MailTransportSender.java,325.0,23.0,2.0,5.0,64.0,25.0,2.0,veithen@13f79535-47bb-0310-9956-ffa450edef68,2,0.0030349013657056147,36.0,9.0,9.0,9.0,3886.275547365188,88492.13582089554,2,0,0.5476533796554606,false
modules/transports/src/main/java/org/apache/synapse/transport/mail/MailUtils.java,213.0,32.0,21.0,7.0,49.0,36.0,4.0,asankha@13f79535-47bb-0310-9956-ffa450edef68,2,0.0030349013657056147,44.0,0.0,0.0,11.0,3886.275547365188,88492.13582089554,2,1,1.8750562229471595,false
modules/transports/src/main/java/org/apache/synapse/transport/mail/PollTableEntry.java,206.0,9.0,523.0,34.0,10.0,64.0,12.0,veithen@13f79535-47bb-0310-9956-ffa450edef68,2,0.0030349013657056147,67.0,0.0,0.0,17.0,3886.275547365188,88492.13582089554,2,0,1.8750562229471595,false
modules/transports/src/main/java/org/apache/synapse/transport/nhttp/Axis2HttpRequest.java,215.0,28.0,22.0,12.0,44.0,35.0,19.0,asankha@13f79535-47bb-0310-9956-ffa450edef68,4,0.006069802731411229,38.0,19.0,19.0,6.0,5301.79453470696,Infinity,4,2,0.9580264839501733,true
modules/transports/src/main/java/org/apache/synapse/transport/nhttp/ClientHandler.java,437.0,31.0,24.0,20.0,158.0,62.0,30.0,ruwan@13f79535-47bb-0310-9956-ffa450edef68,4,0.006069802731411229,18.0,4.0,18.0,4.0,5301.79453470696,Infinity,4,9,0.8949929260666303,true
modules/transports/src/main/java/org/apache/synapse/transport/nhttp/ClientWorker.java,149.0,24.0,0.0,3.0,56.0,14.0,44.0,ruwan@13f79535-47bb-0310-9956-ffa450edef68,3,0.004552352048558422,20.0,7.0,13.0,7.0,4140.275547365188,Infinity,3,6,0.9472700637605782,true
modules/transports/src/main/java/org/apache/synapse/transport/nhttp/HttpCoreNIOListener.java,481.0,31.0,265.0,31.0,105.0,101.0,66.0,asankha@13f79535-47bb-0310-9956-ffa450edef68,2,0.0030349013657056147,15.0,8.0,15.0,8.0,3886.275547365188,88492.13582089554,2,5,1.080542765360173,true
modules/transports/src/main/java/org/apache/synapse/transport/nhttp/HttpCoreNIOSender.java,459.0,47.0,311.0,35.0,157.0,115.0,28.0,asankha@13f79535-47bb-0310-9956-ffa450edef68,3,0.004552352048558422,18.0,4.0,11.0,4.0,4140.275547365188,Infinity,3,7,0.8820852218391158,true
modules/transports/src/main/java/org/apache/synapse/transport/nhttp/NhttpConstants.java,16.0,0.0,0.0,0.0,0.0,0.0,24.0,asankha@13f79535-47bb-0310-9956-ffa450edef68,2,0.0030349013657056147,25.0,12.0,19.0,0.0,1751.6338028169014,Infinity,2,6,2.4110512386515115,true
modules/transports/src/main/java/org/apache/synapse/transport/nhttp/ServerWorker.java,465.0,28.0,13.0,14.0,120.0,53.0,34.0,ruwan@13f79535-47bb-0310-9956-ffa450edef68,4,0.006069802731411229,22.0,11.0,17.0,6.0,4226.275547365188,Infinity,4,5,0.9528363594186755,true
modules/transports/src/main/java/org/apache/synapse/transport/nhttp/util/RESTUtil.java,130.0,19.0,3.0,3.0,45.0,22.0,1.0,ruwan@13f79535-47bb-0310-9956-ffa450edef68,1,0.0015174506828528073,40.0,0.0,0.0,0.0,254.0,Infinity,1,1,2.5902671654458267,false
modules/transports/src/main/java/org/apache/synapse/transport/vfs/PollTableEntry.java,153.0,3.0,272.0,25.0,12.0,46.0,12.0,veithen@13f79535-47bb-0310-9956-ffa450edef68,1,0.0015174506828528073,33.0,0.0,17.0,17.0,2388.6417445482866,62094.33582089553,1,0,0.4462871026284195,false
modules/transports/src/main/java/org/apache/synapse/transport/vfs/VFSTransportListener.java,345.0,24.0,7.0,6.0,110.0,34.0,8.0,veithen@13f79535-47bb-0310-9956-ffa450edef68,1,0.0015174506828528073,29.0,12.0,8.0,8.0,2388.6417445482866,62094.33582089553,1,3,0.4462871026284195,false
modules/transports/src/test/java/org/apache/axis2/transport/http/SimpleHTTPServerTest.java,15.0,8.0,1.0,2.0,3.0,6.0,24.0,veithen@13f79535-47bb-0310-9956-ffa450edef68,1,0.0015174506828528073,100.0,25.0,25.0,50.0,2388.6417445482866,62094.33582089553,1,0,0.4462871026284195,false
modules/transports/src/test/java/org/apache/synapse/transport/UtilsTransportServer.java,68.0,20.0,0.0,9.0,31.0,20.0,74.0,veithen@13f79535-47bb-0310-9956-ffa450edef68,1,0.0015174506828528073,30.0,0.0,10.0,30.0,2388.6417445482866,62094.33582089553,1,2,0.4462871026284195,false
modules/transports/src/test/java/org/apache/synapse/transport/jms/ActiveMQTestEnvironment.java,30.0,10.0,17.0,7.0,7.0,17.0,29.0,veithen@13f79535-47bb-0310-9956-ffa450edef68,1,0.0015174506828528073,100.0,40.0,20.0,40.0,2388.6417445482866,62094.33582089553,1,0,0.4462871026284195,false
modules/transports/src/test/java/org/apache/synapse/transport/jms/ContentTypeMode.java,0.0,0.0,0.0,0.0,0.0,0.0,96.0,veithen@13f79535-47bb-0310-9956-ffa450edef68,1,0.0015174506828528073,100.0,0.0,0.0,100.0,2388.6417445482866,62094.33582089553,1,0,0.4462871026284195,false
modules/transports/src/test/java/org/apache/synapse/transport/jms/JMSAsyncChannel.java,8.0,1.0,1.0,2.0,0.0,2.0,55.0,veithen@13f79535-47bb-0310-9956-ffa450edef68,1,0.0015174506828528073,100.0,33.0,0.0,44.0,2388.6417445482866,62094.33582089553,1,0,0.4462871026284195,false
modules/transports/src/test/java/org/apache/synapse/transport/jms/JMSAsyncClient.java,8.0,3.0,1.0,2.0,1.0,3.0,70.0,veithen@13f79535-47bb-0310-9956-ffa450edef68,1,0.0015174506828528073,100.0,50.0,0.0,50.0,2388.6417445482866,62094.33582089553,1,0,0.4462871026284195,false
modules/transports/src/test/java/org/apache/synapse/transport/jms/JMSAxisTestClientSetup.java,12.0,4.0,0.0,3.0,1.0,5.0,63.0,veithen@13f79535-47bb-0310-9956-ffa450edef68,1,0.0015174506828528073,100.0,25.0,25.0,50.0,2388.6417445482866,62094.33582089553,1,0,0.4462871026284195,false
modules/transports/src/test/java/org/apache/synapse/transport/jms/JMSBytesMessageFactory.java,16.0,5.0,3.0,3.0,4.0,7.0,70.0,veithen@13f79535-47bb-0310-9956-ffa450edef68,1,0.0015174506828528073,100.0,50.0,0.0,50.0,2388.6417445482866,62094.33582089553,1,0,0.4462871026284195,false
modules/transports/src/test/java/org/apache/synapse/transport/jms/JMSChannel.java,82.0,11.0,0.0,13.0,23.0,29.0,38.0,veithen@13f79535-47bb-0310-9956-ffa450edef68,1,0.0015174506828528073,95.0,25.0,15.0,40.0,2388.6417445482866,62094.33582089553,1,0,0.4462871026284195,false
modules/transports/src/test/java/org/apache/synapse/transport/jms/JMSClient.java,37.0,12.0,3.0,6.0,12.0,13.0,55.0,veithen@13f79535-47bb-0310-9956-ffa450edef68,1,0.0015174506828528073,100.0,29.0,29.0,57.0,2388.6417445482866,62094.33582089553,1,0,0.4462871026284195,false
modules/transports/src/test/java/org/apache/synapse/transport/jms/JMSMessageFactory.java,4.0,4.0,1.0,2.0,0.0,4.0,70.0,veithen@13f79535-47bb-0310-9956-ffa450edef68,1,0.0015174506828528073,100.0,50.0,0.0,50.0,2388.6417445482866,62094.33582089553,1,0,0.4462871026284195,false
modules/transports/src/test/java/org/apache/synapse/transport/jms/JMSRequestResponseChannel.java,42.0,7.0,0.0,9.0,9.0,16.0,40.0,veithen@13f79535-47bb-0310-9956-ffa450edef68,1,0.0015174506828528073,100.0,29.0,12.0,41.0,2388.6417445482866,62094.33582089553,1,0,0.4462871026284195,false
modules/transports/src/test/java/org/apache/synapse/transport/jms/JMSRequestResponseClient.java,30.0,10.0,0.0,4.0,12.0,8.0,50.0,veithen@13f79535-47bb-0310-9956-ffa450edef68,1,0.0015174506828528073,100.0,67.0,0.0,33.0,2388.6417445482866,62094.33582089553,1,0,0.4462871026284195,false
modules/transports/src/test/java/org/apache/synapse/transport/jms/JMSTestEnvironment.java,51.0,10.0,33.0,11.0,8.0,24.0,54.0,veithen@13f79535-47bb-0310-9956-ffa450edef68,1,0.0015174506828528073,100.0,14.0,29.0,57.0,2388.6417445482866,62094.33582089553,1,0,0.4462871026284195,false
modules/transports/src/test/java/org/apache/synapse/transport/jms/JMSTextMessageFactory.java,13.0,5.0,3.0,3.0,3.0,7.0,70.0,veithen@13f79535-47bb-0310-9956-ffa450edef68,1,0.0015174506828528073,100.0,50.0,0.0,50.0,2388.6417445482866,62094.33582089553,1,0,0.4462871026284195,false
modules/transports/src/test/java/org/apache/synapse/transport/jms/JMSTransportDescriptionFactory.java,35.0,12.0,15.0,6.0,11.0,14.0,45.0,veithen@13f79535-47bb-0310-9956-ffa450edef68,1,0.0015174506828528073,100.0,38.0,25.0,50.0,2388.6417445482866,62094.33582089553,1,0,0.4462871026284195,false
modules/transports/src/test/java/org/apache/synapse/transport/jms/JMSTransportTest.java,39.0,15.0,1.0,2.0,15.0,6.0,26.0,veithen@13f79535-47bb-0310-9956-ffa450edef68,1,0.0015174506828528073,100.0,55.0,18.0,27.0,2388.6417445482866,62094.33582089553,1,0,0.4462871026284195,false
modules/transports/src/test/java/org/apache/synapse/transport/jms/LogAspect.java,38.0,13.0,0.0,1.0,18.0,6.0,58.0,veithen@13f79535-47bb-0310-9956-ffa450edef68,1,0.0015174506828528073,100.0,0.0,50.0,50.0,2388.6417445482866,62094.33582089553,1,0,0.4462871026284195,false
modules/transports/src/test/java/org/apache/synapse/transport/jms/MockEchoEndpoint.java,48.0,14.0,0.0,3.0,32.0,12.0,66.0,veithen@13f79535-47bb-0310-9956-ffa450edef68,1,0.0015174506828528073,100.0,25.0,25.0,75.0,2388.6417445482866,62094.33582089553,1,0,0.4462871026284195,false
modules/transports/src/test/java/org/apache/synapse/transport/jms/QpidTestEnvironment.java,23.0,10.0,21.0,7.0,4.0,17.0,58.0,veithen@13f79535-47bb-0310-9956-ffa450edef68,1,0.0015174506828528073,100.0,40.0,20.0,40.0,2388.6417445482866,62094.33582089553,1,0,0.4462871026284195,false
modules/transports/src/test/java/org/apache/synapse/transport/mail/FlatLayout.java,5.0,3.0,0.0,1.0,1.0,2.0,74.0,veithen@13f79535-47bb-0310-9956-ffa450edef68,1,0.0015174506828528073,100.0,67.0,33.0,33.0,2388.6417445482866,62094.33582089553,1,0,0.4462871026284195,false
modules/transports/src/test/java/org/apache/synapse/transport/mail/GreenMailTestEnvironment.java,77.0,15.0,33.0,11.0,37.0,22.0,39.0,veithen@13f79535-47bb-0310-9956-ffa450edef68,1,0.0015174506828528073,100.0,50.0,33.0,33.0,2388.6417445482866,62094.33582089553,1,0,0.4462871026284195,true
modules/transports/src/test/java/org/apache/synapse/transport/mail/LogAspect.java,17.0,7.0,0.0,1.0,4.0,4.0,58.0,veithen@13f79535-47bb-0310-9956-ffa450edef68,1,0.0015174506828528073,100.0,0.0,0.0,50.0,2388.6417445482866,62094.33582089553,1,0,0.4462871026284195,false
modules/transports/src/test/java/org/apache/synapse/transport/mail/MailAsyncClient.java,8.0,3.0,1.0,2.0,1.0,3.0,86.0,veithen@13f79535-47bb-0310-9956-ffa450edef68,1,0.0015174506828528073,100.0,33.0,0.0,67.0,2388.6417445482866,62094.33582089553,1,0,0.4462871026284195,false
modules/transports/src/test/java/org/apache/synapse/transport/mail/MailAxisTestClientSetup.java,12.0,4.0,0.0,3.0,2.0,5.0,62.0,veithen@13f79535-47bb-0310-9956-ffa450edef68,1,0.0015174506828528073,100.0,25.0,25.0,50.0,2388.6417445482866,62094.33582089553,1,0,0.4462871026284195,false
modules/transports/src/test/java/org/apache/synapse/transport/mail/MailChannel.java,47.0,11.0,0.0,8.0,15.0,16.0,40.0,veithen@13f79535-47bb-0310-9956-ffa450edef68,1,0.0015174506828528073,94.0,22.0,22.0,39.0,2388.6417445482866,62094.33582089553,1,0,0.4462871026284195,false
modules/transports/src/test/java/org/apache/synapse/transport/mail/MailClient.java,37.0,15.0,3.0,6.0,15.0,11.0,47.0,veithen@13f79535-47bb-0310-9956-ffa450edef68,1,0.0015174506828528073,100.0,27.0,27.0,45.0,2388.6417445482866,62094.33582089553,1,0,0.4462871026284195,false
modules/transports/src/test/java/org/apache/synapse/transport/mail/MailRequestResponseClient.java,74.0,14.0,5.0,6.0,30.0,22.0,51.0,veithen@13f79535-47bb-0310-9956-ffa450edef68,1,0.0015174506828528073,100.0,29.0,43.0,57.0,2388.6417445482866,62094.33582089553,1,0,0.4462871026284195,false
modules/transports/src/test/java/org/apache/synapse/transport/mail/MailTestEnvironment.java,39.0,6.0,21.0,7.0,7.0,13.0,58.0,veithen@13f79535-47bb-0310-9956-ffa450edef68,1,0.0015174506828528073,100.0,22.0,22.0,44.0,2388.6417445482866,62094.33582089553,1,0,0.4462871026284195,false
modules/transports/src/test/java/org/apache/synapse/transport/mail/MailTransportListenerTest.java,30.0,9.0,0.0,1.0,11.0,3.0,31.0,veithen@13f79535-47bb-0310-9956-ffa450edef68,1,0.0015174506828528073,72.0,33.0,18.0,23.0,2388.6417445482866,62094.33582089553,1,1,0.4462871026284195,true
modules/transports/src/test/java/org/apache/synapse/transport/mail/MessageLayout.java,3.0,3.0,0.0,1.0,0.0,2.0,74.0,veithen@13f79535-47bb-0310-9956-ffa450edef68,1,0.0015174506828528073,100.0,67.0,33.0,33.0,2388.6417445482866,62094.33582089553,1,0,0.4462871026284195,false
modules/transports/src/test/java/org/apache/synapse/transport/mail/MultipartLayout.java,12.0,5.0,0.0,1.0,3.0,2.0,74.0,veithen@13f79535-47bb-0310-9956-ffa450edef68,1,0.0015174506828528073,100.0,67.0,33.0,33.0,2388.6417445482866,62094.33582089553,1,0,0.4462871026284195,false
modules/transports/src/test/java/org/apache/synapse/transport/nhttp/HttpAxisTestClientSetup.java,12.0,4.0,0.0,3.0,1.0,8.0,53.0,veithen@13f79535-47bb-0310-9956-ffa450edef68,1,0.0015174506828528073,100.0,25.0,0.0,25.0,2388.6417445482866,62094.33582089553,1,0,0.4462871026284195,false
modules/transports/src/test/java/org/apache/synapse/transport/nhttp/HttpCoreNIOListenerTest.java,12.0,6.0,0.0,1.0,3.0,3.0,31.0,veithen@13f79535-47bb-0310-9956-ffa450edef68,1,0.0015174506828528073,74.0,29.0,14.0,31.0,2388.6417445482866,62094.33582089553,1,1,0.4462871026284195,true
modules/transports/src/test/java/org/apache/synapse/transport/testkit/Adapter.java,3.0,0.0,0.0,1.0,0.0,1.0,61.0,veithen@13f79535-47bb-0310-9956-ffa450edef68,1,0.0015174506828528073,100.0,0.0,0.0,100.0,2388.6417445482866,62094.33582089553,1,0,0.4462871026284195,false
modules/transports/src/test/java/org/apache/synapse/transport/testkit/AdapterUtils.java,11.0,8.0,3.0,3.0,0.0,6.0,62.0,veithen@13f79535-47bb-0310-9956-ffa450edef68,1,0.0015174506828528073,100.0,25.0,12.0,50.0,2388.6417445482866,62094.33582089553,1,0,0.4462871026284195,false
modules/transports/src/test/java/org/apache/synapse/transport/testkit/SimpleTransportDescriptionFactory.java,20.0,4.0,0.0,3.0,4.0,7.0,72.0,veithen@13f79535-47bb-0310-9956-ffa450edef68,1,0.0015174506828528073,100.0,0.0,50.0,50.0,2388.6417445482866,62094.33582089553,1,0,0.4462871026284195,false
modules/transports/src/test/java/org/apache/synapse/transport/testkit/TransportDescriptionFactory.java,9.0,2.0,1.0,2.0,0.0,6.0,72.0,veithen@13f79535-47bb-0310-9956-ffa450edef68,1,0.0015174506828528073,100.0,0.0,50.0,50.0,2388.6417445482866,62094.33582089553,1,0,0.4462871026284195,false
modules/transports/src/test/java/org/apache/synapse/transport/testkit/TransportTestSuite.java,139.0,30.0,143.0,19.0,32.0,34.0,32.0,veithen@13f79535-47bb-0310-9956-ffa450edef68,1,0.0015174506828528073,100.0,30.0,20.0,25.0,2388.6417445482866,62094.33582089553,1,0,0.4462871026284195,false
modules/transports/src/test/java/org/apache/synapse/transport/testkit/TransportTestSuiteBuilder.java,157.0,20.0,107.0,18.0,38.0,26.0,38.0,veithen@13f79535-47bb-0310-9956-ffa450edef68,1,0.0015174506828528073,100.0,50.0,0.0,17.0,2388.6417445482866,62094.33582089553,1,0,0.4462871026284195,false
modules/transports/src/test/java/org/apache/synapse/transport/testkit/client/AsyncTestClient.java,3.0,1.0,0.0,1.0,0.0,2.0,79.0,veithen@13f79535-47bb-0310-9956-ffa450edef68,1,0.0015174506828528073,100.0,0.0,25.0,75.0,2388.6417445482866,62094.33582089553,1,0,0.4462871026284195,false
modules/transports/src/test/java/org/apache/synapse/transport/testkit/client/AsyncTestClientAdapter.java,17.0,3.0,0.0,4.0,4.0,8.0,67.0,veithen@13f79535-47bb-0310-9956-ffa450edef68,1,0.0015174506828528073,100.0,0.0,40.0,80.0,2388.6417445482866,62094.33582089553,1,0,0.4462871026284195,false
modules/transports/src/test/java/org/apache/synapse/transport/testkit/client/ClientOptions.java,28.0,2.0,6.0,5.0,3.0,11.0,65.0,veithen@13f79535-47bb-0310-9956-ffa450edef68,1,0.0015174506828528073,100.0,0.0,40.0,100.0,2388.6417445482866,62094.33582089553,1,0,0.4462871026284195,false
modules/transports/src/test/java/org/apache/synapse/transport/testkit/client/RequestResponseTestClient.java,3.0,2.0,0.0,1.0,0.0,2.0,86.0,veithen@13f79535-47bb-0310-9956-ffa450edef68,1,0.0015174506828528073,100.0,33.0,0.0,67.0,2388.6417445482866,62094.33582089553,1,0,0.4462871026284195,false
modules/transports/src/test/java/org/apache/synapse/transport/testkit/client/RequestResponseTestClientAdapter.java,21.0,5.0,0.0,4.0,6.0,9.0,69.0,veithen@13f79535-47bb-0310-9956-ffa450edef68,1,0.0015174506828528073,100.0,25.0,25.0,75.0,2388.6417445482866,62094.33582089553,1,0,0.4462871026284195,false
modules/transports/src/test/java/org/apache/synapse/transport/testkit/client/TestClient.java,3.0,2.0,0.0,1.0,0.0,2.0,62.0,veithen@13f79535-47bb-0310-9956-ffa450edef68,1,0.0015174506828528073,100.0,17.0,50.0,67.0,2388.6417445482866,62094.33582089553,1,0,0.4462871026284195,false
modules/transports/src/test/java/org/apache/synapse/transport/testkit/client/axis2/AxisAsyncTestClient.java,5.0,5.0,0.0,1.0,2.0,2.0,51.0,veithen@13f79535-47bb-0310-9956-ffa450edef68,1,0.0015174506828528073,100.0,30.0,20.0,40.0,2388.6417445482866,62094.33582089553,1,0,0.4462871026284195,false
modules/transports/src/test/java/org/apache/synapse/transport/testkit/client/axis2/AxisRequestResponseTestClient.java,7.0,8.0,0.0,1.0,3.0,3.0,48.0,veithen@13f79535-47bb-0310-9956-ffa450edef68,1,0.0015174506828528073,100.0,40.0,30.0,40.0,2388.6417445482866,62094.33582089553,1,0,0.4462871026284195,false
modules/transports/src/test/java/org/apache/synapse/transport/testkit/client/axis2/AxisTestClient.java,50.0,17.0,0.0,4.0,21.0,12.0,42.0,veithen@13f79535-47bb-0310-9956-ffa450edef68,1,0.0015174506828528073,100.0,25.0,25.0,33.0,2388.6417445482866,62094.33582089553,1,0,0.4462871026284195,false
modules/transports/src/test/java/org/apache/synapse/transport/testkit/client/axis2/AxisTestClientContext.java,25.0,8.0,0.0,4.0,11.0,7.0,48.0,veithen@13f79535-47bb-0310-9956-ffa450edef68,1,0.0015174506828528073,100.0,0.0,60.0,20.0,2388.6417445482866,62094.33582089553,1,0,0.4462871026284195,false
modules/transports/src/test/java/org/apache/synapse/transport/testkit/client/axis2/AxisTestClientSetup.java,3.0,2.0,0.0,1.0,0.0,2.0,69.0,veithen@13f79535-47bb-0310-9956-ffa450edef68,1,0.0015174506828528073,100.0,50.0,0.0,0.0,2388.6417445482866,62094.33582089553,1,0,0.4462871026284195,false
modules/transports/src/test/java/org/apache/synapse/transport/testkit/client/axis2/LogAspect.java,33.0,14.0,0.0,2.0,8.0,8.0,58.0,veithen@13f79535-47bb-0310-9956-ffa450edef68,1,0.0015174506828528073,100.0,0.0,33.0,33.0,2388.6417445482866,62094.33582089553,1,0,0.4462871026284195,false
modules/transports/src/test/java/org/apache/synapse/transport/testkit/filter/AndExpression.java,14.0,1.0,0.0,2.0,1.0,5.0,71.0,veithen@13f79535-47bb-0310-9956-ffa450edef68,1,0.0015174506828528073,100.0,50.0,0.0,50.0,2388.6417445482866,62094.33582089553,1,0,0.4462871026284195,false
modules/transports/src/test/java/org/apache/synapse/transport/testkit/filter/EqualityExpression.java,11.0,1.0,0.0,2.0,2.0,3.0,71.0,veithen@13f79535-47bb-0310-9956-ffa450edef68,1,0.0015174506828528073,100.0,50.0,0.0,50.0,2388.6417445482866,62094.33582089553,1,0,0.4462871026284195,false
modules/transports/src/test/java/org/apache/synapse/transport/testkit/filter/FilterExpression.java,3.0,1.0,0.0,1.0,0.0,1.0,71.0,veithen@13f79535-47bb-0310-9956-ffa450edef68,1,0.0015174506828528073,100.0,50.0,0.0,50.0,2388.6417445482866,62094.33582089553,1,0,0.4462871026284195,false
modules/transports/src/test/java/org/apache/synapse/transport/testkit/filter/FilterExpressionParser.java,36.0,9.0,6.0,4.0,13.0,12.0,40.0,veithen@13f79535-47bb-0310-9956-ffa450edef68,1,0.0015174506828528073,100.0,50.0,25.0,25.0,2388.6417445482866,62094.33582089553,1,0,0.4462871026284195,false
modules/transports/src/test/java/org/apache/synapse/transport/testkit/filter/NotExpression.java,9.0,1.0,0.0,2.0,1.0,3.0,71.0,veithen@13f79535-47bb-0310-9956-ffa450edef68,1,0.0015174506828528073,100.0,50.0,0.0,50.0,2388.6417445482866,62094.33582089553,1,0,0.4462871026284195,false
modules/transports/src/test/java/org/apache/synapse/transport/testkit/filter/OrExpression.java,14.0,1.0,0.0,2.0,1.0,5.0,51.0,veithen@13f79535-47bb-0310-9956-ffa450edef68,1,0.0015174506828528073,100.0,67.0,0.0,33.0,2388.6417445482866,62094.33582089553,1,0,0.4462871026284195,false
modules/transports/src/test/java/org/apache/synapse/transport/testkit/filter/PresenceExpression.java,9.0,1.0,0.0,2.0,1.0,3.0,67.0,veithen@13f79535-47bb-0310-9956-ffa450edef68,1,0.0015174506828528073,100.0,0.0,50.0,50.0,2388.6417445482866,62094.33582089553,1,0,0.4462871026284195,false
modules/transports/src/test/java/org/apache/synapse/transport/testkit/http/HttpChannel.java,12.0,4.0,0.0,3.0,1.0,6.0,39.0,veithen@13f79535-47bb-0310-9956-ffa450edef68,1,0.0015174506828528073,100.0,25.0,0.0,50.0,2388.6417445482866,62094.33582089553,1,0,0.4462871026284195,false
modules/transports/src/test/java/org/apache/synapse/transport/testkit/http/HttpTransportTestSuiteBuilder.java,37.0,13.0,0.0,3.0,15.0,6.0,73.0,veithen@13f79535-47bb-0310-9956-ffa450edef68,1,0.0015174506828528073,100.0,33.0,0.0,67.0,2388.6417445482866,62094.33582089553,1,0,0.4462871026284195,false
modules/transports/src/test/java/org/apache/synapse/transport/testkit/http/JavaNetClient.java,21.0,9.0,1.0,3.0,12.0,5.0,55.0,veithen@13f79535-47bb-0310-9956-ffa450edef68,1,0.0015174506828528073,100.0,50.0,0.0,100.0,2388.6417445482866,62094.33582089553,1,0,0.4462871026284195,false
modules/transports/src/test/java/org/apache/synapse/transport/testkit/http/JavaNetRESTClient.java,24.0,9.0,1.0,3.0,11.0,6.0,50.0,veithen@13f79535-47bb-0310-9956-ffa450edef68,1,0.0015174506828528073,100.0,50.0,0.0,100.0,2388.6417445482866,62094.33582089553,1,0,0.4462871026284195,false
modules/transports/src/test/java/org/apache/synapse/transport/testkit/http/JettyAsyncEndpoint.java,16.0,10.0,0.0,5.0,3.0,11.0,29.0,veithen@13f79535-47bb-0310-9956-ffa450edef68,1,0.0015174506828528073,100.0,33.0,0.0,67.0,2388.6417445482866,62094.33582089553,1,0,0.4462871026284195,false
modules/transports/src/test/java/org/apache/synapse/transport/testkit/http/JettyByteArrayAsyncEndpoint.java,36.0,12.0,0.0,4.0,13.0,11.0,44.0,veithen@13f79535-47bb-0310-9956-ffa450edef68,1,0.0015174506828528073,100.0,50.0,0.0,100.0,2388.6417445482866,62094.33582089553,1,0,0.4462871026284195,false
modules/transports/src/test/java/org/apache/synapse/transport/testkit/http/JettyEchoEndpoint.java,6.0,5.0,0.0,1.0,5.0,2.0,44.0,veithen@13f79535-47bb-0310-9956-ffa450edef68,1,0.0015174506828528073,100.0,50.0,0.0,100.0,2388.6417445482866,62094.33582089553,1,0,0.4462871026284195,false
modules/transports/src/test/java/org/apache/synapse/transport/testkit/http/JettyEndpoint.java,25.0,7.0,4.0,4.0,13.0,10.0,44.0,veithen@13f79535-47bb-0310-9956-ffa450edef68,1,0.0015174506828528073,100.0,50.0,0.0,100.0,2388.6417445482866,62094.33582089553,1,0,0.4462871026284195,false
modules/transports/src/test/java/org/apache/synapse/transport/testkit/http/JettyRESTAsyncEndpoint.java,11.0,9.0,0.0,1.0,7.0,4.0,44.0,veithen@13f79535-47bb-0310-9956-ffa450edef68,1,0.0015174506828528073,100.0,50.0,0.0,100.0,2388.6417445482866,62094.33582089553,1,0,0.4462871026284195,false
modules/transports/src/test/java/org/apache/synapse/transport/testkit/http/JettyServer.java,23.0,4.0,0.0,4.0,4.0,7.0,43.0,veithen@13f79535-47bb-0310-9956-ffa450edef68,1,0.0015174506828528073,100.0,33.0,0.0,67.0,2388.6417445482866,62094.33582089553,1,0,0.4462871026284195,false
modules/transports/src/test/java/org/apache/synapse/transport/testkit/listener/AsyncChannel.java,2.0,0.0,0.0,0.0,0.0,0.0,69.0,veithen@13f79535-47bb-0310-9956-ffa450edef68,1,0.0015174506828528073,100.0,25.0,0.0,25.0,2388.6417445482866,62094.33582089553,1,0,0.4462871026284195,false
modules/transports/src/test/java/org/apache/synapse/transport/testkit/listener/Channel.java,4.0,1.0,0.0,1.0,0.0,2.0,51.0,veithen@13f79535-47bb-0310-9956-ffa450edef68,1,0.0015174506828528073,91.0,9.0,9.0,55.0,2388.6417445482866,62094.33582089553,1,0,0.4462871026284195,false
modules/transports/src/test/java/org/apache/synapse/transport/testkit/listener/MessageTestData.java,19.0,1.0,0.0,4.0,0.0,7.0,73.0,veithen@13f79535-47bb-0310-9956-ffa450edef68,1,0.0015174506828528073,60.0,20.0,20.0,20.0,2388.6417445482866,62094.33582089553,1,0,0.4462871026284195,true
modules/transports/src/test/java/org/apache/synapse/transport/testkit/listener/RequestResponseChannel.java,2.0,0.0,0.0,0.0,0.0,0.0,69.0,veithen@13f79535-47bb-0310-9956-ffa450edef68,1,0.0015174506828528073,100.0,25.0,0.0,25.0,2388.6417445482866,62094.33582089553,1,0,0.4462871026284195,false
modules/transports/src/test/java/org/apache/synapse/transport/testkit/listener/package-info.java,0.0,0.0,0.0,0.0,0.0,0.0,35.0,veithen@13f79535-47bb-0310-9956-ffa450edef68,1,0.0015174506828528073,50.0,0.0,0.0,0.0,2388.6417445482866,62094.33582089553,1,0,0.4462871026284195,false
modules/transports/src/test/java/org/apache/synapse/transport/testkit/message/AxisMessage.java,37.0,4.0,10.0,8.0,6.0,13.0,69.0,veithen@13f79535-47bb-0310-9956-ffa450edef68,1,0.0015174506828528073,100.0,25.0,25.0,75.0,2388.6417445482866,62094.33582089553,1,0,0.4462871026284195,false
modules/transports/src/test/java/org/apache/synapse/transport/testkit/message/IncomingMessage.java,14.0,1.0,0.0,3.0,0.0,5.0,105.0,veithen@13f79535-47bb-0310-9956-ffa450edef68,1,0.0015174506828528073,100.0,0.0,0.0,100.0,2388.6417445482866,62094.33582089553,1,0,0.4462871026284195,false
modules/transports/src/test/java/org/apache/synapse/transport/testkit/message/MessageDecoder.java,112.0,20.0,28.0,8.0,51.0,32.0,42.0,veithen@13f79535-47bb-0310-9956-ffa450edef68,1,0.0015174506828528073,100.0,14.0,29.0,57.0,2388.6417445482866,62094.33582089553,1,0,0.4462871026284195,false
modules/transports/src/test/java/org/apache/synapse/transport/testkit/message/MessageEncoder.java,120.0,15.0,91.0,14.0,61.0,43.0,55.0,veithen@13f79535-47bb-0310-9956-ffa450edef68,1,0.0015174506828528073,100.0,0.0,40.0,80.0,2388.6417445482866,62094.33582089553,1,0,0.4462871026284195,false
modules/transports/src/test/java/org/apache/synapse/transport/testkit/message/RESTMessage.java,55.0,4.0,0.0,3.0,6.0,9.0,51.0,veithen@13f79535-47bb-0310-9956-ffa450edef68,1,0.0015174506828528073,100.0,33.0,0.0,33.0,2388.6417445482866,62094.33582089553,1,0,0.4462871026284195,false
modules/transports/src/test/java/org/apache/synapse/transport/testkit/message/XMLMessage.java,65.0,10.0,0.0,9.0,9.0,22.0,45.0,veithen@13f79535-47bb-0310-9956-ffa450edef68,1,0.0015174506828528073,100.0,57.0,14.0,43.0,2388.6417445482866,62094.33582089553,1,0,0.4462871026284195,false
modules/transports/src/test/java/org/apache/synapse/transport/testkit/name/Key.java,0.0,0.0,0.0,0.0,0.0,0.0,86.0,veithen@13f79535-47bb-0310-9956-ffa450edef68,1,0.0015174506828528073,100.0,50.0,50.0,50.0,2388.6417445482866,62094.33582089553,1,0,0.4462871026284195,false
modules/transports/src/test/java/org/apache/synapse/transport/testkit/name/Name.java,0.0,0.0,0.0,0.0,0.0,0.0,86.0,veithen@13f79535-47bb-0310-9956-ffa450edef68,1,0.0015174506828528073,100.0,50.0,50.0,50.0,2388.6417445482866,62094.33582089553,1,0,0.4462871026284195,false
modules/transports/src/test/java/org/apache/synapse/transport/testkit/name/NameUtils.java,68.0,5.0,3.0,3.0,19.0,13.0,55.0,veithen@13f79535-47bb-0310-9956-ffa450edef68,1,0.0015174506828528073,100.0,50.0,17.0,50.0,2388.6417445482866,62094.33582089553,1,0,0.4462871026284195,false
modules/transports/src/test/java/org/apache/synapse/transport/testkit/name/Named.java,0.0,0.0,0.0,0.0,0.0,0.0,86.0,veithen@13f79535-47bb-0310-9956-ffa450edef68,1,0.0015174506828528073,100.0,50.0,50.0,50.0,2388.6417445482866,62094.33582089553,1,0,0.4462871026284195,false
modules/transports/src/test/java/org/apache/synapse/transport/testkit/server/AsyncEndpoint.java,3.0,1.0,0.0,1.0,0.0,2.0,58.0,veithen@13f79535-47bb-0310-9956-ffa450edef68,1,0.0015174506828528073,100.0,40.0,0.0,40.0,2388.6417445482866,62094.33582089553,1,0,0.4462871026284195,false
modules/transports/src/test/java/org/apache/synapse/transport/testkit/server/AsyncEndpointAdapter.java,21.0,4.0,0.0,3.0,4.0,8.0,72.0,veithen@13f79535-47bb-0310-9956-ffa450edef68,1,0.0015174506828528073,100.0,0.0,0.0,67.0,2388.6417445482866,62094.33582089553,1,0,0.4462871026284195,false
modules/transports/src/test/java/org/apache/synapse/transport/testkit/server/Endpoint.java,2.0,1.0,0.0,0.0,0.0,0.0,60.0,veithen@13f79535-47bb-0310-9956-ffa450edef68,1,0.0015174506828528073,100.0,25.0,0.0,75.0,2388.6417445482866,62094.33582089553,1,0,0.4462871026284195,false
modules/transports/src/test/java/org/apache/synapse/transport/testkit/server/Server.java,2.0,0.0,0.0,0.0,0.0,0.0,54.0,veithen@13f79535-47bb-0310-9956-ffa450edef68,1,0.0015174506828528073,100.0,29.0,14.0,57.0,2388.6417445482866,62094.33582089553,1,0,0.4462871026284195,false
modules/transports/src/test/java/org/apache/synapse/transport/testkit/server/axis2/AxisAsyncEndpoint.java,42.0,12.0,9.0,7.0,4.0,16.0,39.0,veithen@13f79535-47bb-0310-9956-ffa450edef68,1,0.0015174506828528073,100.0,29.0,43.0,29.0,2388.6417445482866,62094.33582089553,1,0,0.4462871026284195,false
modules/transports/src/test/java/org/apache/synapse/transport/testkit/server/axis2/AxisEchoEndpoint.java,12.0,6.0,1.0,2.0,5.0,5.0,71.0,veithen@13f79535-47bb-0310-9956-ffa450edef68,1,0.0015174506828528073,100.0,0.0,0.0,33.0,2388.6417445482866,62094.33582089553,1,0,0.4462871026284195,false
modules/transports/src/test/java/org/apache/synapse/transport/testkit/server/axis2/AxisEndpoint.java,30.0,7.0,1.0,3.0,16.0,9.0,61.0,veithen@13f79535-47bb-0310-9956-ffa450edef68,1,0.0015174506828528073,100.0,0.0,0.0,33.0,2388.6417445482866,62094.33582089553,1,0,0.4462871026284195,false
modules/transports/src/test/java/org/apache/synapse/transport/testkit/server/axis2/AxisServer.java,31.0,11.0,0.0,5.0,14.0,11.0,50.0,veithen@13f79535-47bb-0310-9956-ffa450edef68,1,0.0015174506828528073,100.0,25.0,8.0,42.0,2388.6417445482866,62094.33582089553,1,0,0.4462871026284195,false
modules/transports/src/test/java/org/apache/synapse/transport/testkit/server/axis2/AxisServiceConfigurator.java,8.0,2.0,0.0,1.0,0.0,2.0,62.0,veithen@13f79535-47bb-0310-9956-ffa450edef68,1,0.0015174506828528073,100.0,0.0,0.0,50.0,2388.6417445482866,62094.33582089553,1,0,0.4462871026284195,false
modules/transports/src/test/java/org/apache/synapse/transport/testkit/server/axis2/ContentTypeServiceConfigurator.java,13.0,4.0,0.0,3.0,4.0,5.0,62.0,veithen@13f79535-47bb-0310-9956-ffa450edef68,1,0.0015174506828528073,100.0,0.0,33.0,67.0,2388.6417445482866,62094.33582089553,1,0,0.4462871026284195,false
modules/transports/src/test/java/org/apache/synapse/transport/testkit/tests/MessageTestCase.java,8.0,2.0,0.0,1.0,1.0,1.0,74.0,veithen@13f79535-47bb-0310-9956-ffa450edef68,1,0.0015174506828528073,100.0,25.0,25.0,75.0,2388.6417445482866,62094.33582089553,1,0,0.4462871026284195,false
modules/transports/src/test/java/org/apache/synapse/transport/testkit/tests/TestResource.java,162.0,9.0,0.0,11.0,27.0,41.0,46.0,veithen@13f79535-47bb-0310-9956-ffa450edef68,1,0.0015174506828528073,100.0,22.0,11.0,33.0,2388.6417445482866,62094.33582089553,1,0,0.4462871026284195,false
modules/transports/src/test/java/org/apache/synapse/transport/testkit/tests/TestResourceSet.java,161.0,9.0,29.0,15.0,53.0,46.0,40.0,veithen@13f79535-47bb-0310-9956-ffa450edef68,1,0.0015174506828528073,100.0,12.0,12.0,38.0,2388.6417445482866,62094.33582089553,1,0,0.4462871026284195,false
modules/transports/src/test/java/org/apache/synapse/transport/testkit/tests/TransportTestCase.java,73.0,6.0,5.0,10.0,17.0,23.0,34.0,veithen@13f79535-47bb-0310-9956-ffa450edef68,1,0.0015174506828528073,100.0,25.0,19.0,31.0,2388.6417445482866,62094.33582089553,1,0,0.4462871026284195,false
modules/transports/src/test/java/org/apache/synapse/transport/testkit/tests/async/AsyncMessageTestCase.java,23.0,5.0,4.0,4.0,8.0,8.0,44.0,veithen@13f79535-47bb-0310-9956-ffa450edef68,1,0.0015174506828528073,100.0,12.0,25.0,38.0,2388.6417445482866,62094.33582089553,1,0,0.4462871026284195,false
modules/transports/src/test/java/org/apache/synapse/transport/testkit/tests/async/BinaryTestCase.java,14.0,7.0,3.0,3.0,3.0,6.0,55.0,veithen@13f79535-47bb-0310-9956-ffa450edef68,1,0.0015174506828528073,100.0,17.0,17.0,50.0,2388.6417445482866,62094.33582089553,1,0,0.4462871026284195,false
modules/transports/src/test/java/org/apache/synapse/transport/testkit/tests/async/LargeSOAPAsyncMessageTestCase.java,28.0,10.0,6.0,4.0,12.0,10.0,53.0,veithen@13f79535-47bb-0310-9956-ffa450edef68,1,0.0015174506828528073,100.0,25.0,0.0,25.0,2388.6417445482866,62094.33582089553,1,0,0.4462871026284195,false
modules/transports/src/test/java/org/apache/synapse/transport/testkit/tests/async/RESTTestCase.java,17.0,9.0,1.0,3.0,5.0,7.0,51.0,veithen@13f79535-47bb-0310-9956-ffa450edef68,1,0.0015174506828528073,100.0,15.0,15.0,46.0,2388.6417445482866,62094.33582089553,1,0,0.4462871026284195,false
modules/transports/src/test/java/org/apache/synapse/transport/testkit/tests/async/SwATestCase.java,29.0,16.0,0.0,4.0,13.0,8.0,52.0,veithen@13f79535-47bb-0310-9956-ffa450edef68,1,0.0015174506828528073,100.0,15.0,23.0,54.0,2388.6417445482866,62094.33582089553,1,0,0.4462871026284195,false
modules/transports/src/test/java/org/apache/synapse/transport/testkit/tests/async/TextPlainTestCase.java,16.0,7.0,0.0,4.0,4.0,8.0,51.0,veithen@13f79535-47bb-0310-9956-ffa450edef68,1,0.0015174506828528073,100.0,15.0,15.0,46.0,2388.6417445482866,62094.33582089553,1,0,0.4462871026284195,false
modules/transports/src/test/java/org/apache/synapse/transport/testkit/tests/async/XMLAsyncMessageTestCase.java,27.0,12.0,0.0,5.0,10.0,10.0,49.0,veithen@13f79535-47bb-0310-9956-ffa450edef68,1,0.0015174506828528073,100.0,25.0,17.0,42.0,2388.6417445482866,62094.33582089553,1,0,0.4462871026284195,false
modules/transports/src/test/java/org/apache/synapse/transport/testkit/tests/echo/RequestResponseMessageTestCase.java,17.0,5.0,4.0,4.0,6.0,7.0,73.0,veithen@13f79535-47bb-0310-9956-ffa450edef68,1,0.0015174506828528073,100.0,20.0,20.0,60.0,2388.6417445482866,62094.33582089553,1,0,0.4462871026284195,false
modules/transports/src/test/java/org/apache/synapse/transport/testkit/tests/echo/XMLRequestResponseMessageTestCase.java,27.0,12.0,0.0,5.0,10.0,10.0,54.0,veithen@13f79535-47bb-0310-9956-ffa450edef68,1,0.0015174506828528073,100.0,20.0,20.0,50.0,2388.6417445482866,62094.33582089553,1,0,0.4462871026284195,false
modules/transports/src/test/java/org/apache/synapse/transport/testkit/tests/misc/MinConcurrencyTest.java,86.0,23.0,4.0,4.0,19.0,12.0,43.0,veithen@13f79535-47bb-0310-9956-ffa450edef68,1,0.0015174506828528073,100.0,14.0,14.0,29.0,2388.6417445482866,62094.33582089553,1,0,0.4462871026284195,false
modules/transports/src/test/java/org/apache/synapse/transport/testkit/util/ContentTypeUtil.java,27.0,3.0,3.0,3.0,17.0,9.0,105.0,veithen@13f79535-47bb-0310-9956-ffa450edef68,1,0.0015174506828528073,100.0,0.0,0.0,100.0,2388.6417445482866,62094.33582089553,1,0,0.4462871026284195,false
modules/transports/src/test/java/org/apache/synapse/transport/testkit/util/LogManager.java,32.0,7.0,0.0,4.0,6.0,10.0,31.0,veithen@13f79535-47bb-0310-9956-ffa450edef68,1,0.0015174506828528073,100.0,20.0,20.0,20.0,2388.6417445482866,62094.33582089553,1,0,0.4462871026284195,false
modules/transports/src/test/java/org/apache/synapse/transport/testkit/util/ServerUtil.java,34.0,5.0,1.0,2.0,4.0,7.0,66.0,veithen@13f79535-47bb-0310-9956-ffa450edef68,1,0.0015174506828528073,100.0,0.0,50.0,50.0,2388.6417445482866,62094.33582089553,1,0,0.4462871026284195,true
modules/transports/src/test/java/org/apache/synapse/transport/vfs/VFSAsyncClient.java,5.0,3.0,0.0,1.0,1.0,2.0,71.0,veithen@13f79535-47bb-0310-9956-ffa450edef68,1,0.0015174506828528073,67.0,33.0,0.0,67.0,2388.6417445482866,62094.33582089553,1,0,0.4462871026284195,false
modules/transports/src/test/java/org/apache/synapse/transport/vfs/VFSAsyncFileChannel.java,5.0,1.0,0.0,1.0,0.0,1.0,70.0,veithen@13f79535-47bb-0310-9956-ffa450edef68,1,0.0015174506828528073,75.0,25.0,0.0,50.0,2388.6417445482866,62094.33582089553,1,0,0.4462871026284195,false
modules/transports/src/test/java/org/apache/synapse/transport/vfs/VFSClient.java,14.0,7.0,1.0,3.0,3.0,5.0,48.0,veithen@13f79535-47bb-0310-9956-ffa450edef68,1,0.0015174506828528073,70.0,20.0,20.0,40.0,2388.6417445482866,62094.33582089553,1,0,0.4462871026284195,false
modules/transports/src/test/java/org/apache/synapse/transport/vfs/VFSFileChannel.java,27.0,4.0,0.0,6.0,9.0,12.0,40.0,veithen@13f79535-47bb-0310-9956-ffa450edef68,1,0.0015174506828528073,83.0,22.0,6.0,39.0,2388.6417445482866,62094.33582089553,1,0,0.4462871026284195,false
modules/transports/src/test/java/org/apache/synapse/transport/vfs/VFSMockAsyncEndpoint.java,12.0,6.0,0.0,2.0,4.0,5.0,36.0,veithen@13f79535-47bb-0310-9956-ffa450edef68,1,0.0015174506828528073,92.0,25.0,8.0,50.0,2388.6417445482866,62094.33582089553,1,0,0.4462871026284195,true
modules/transports/src/test/java/org/apache/synapse/transport/vfs/VFSRequestResponseClient.java,11.0,5.0,0.0,2.0,3.0,4.0,49.0,veithen@13f79535-47bb-0310-9956-ffa450edef68,1,0.0015174506828528073,60.0,20.0,0.0,40.0,2388.6417445482866,62094.33582089553,1,0,0.4462871026284195,false
modules/transports/src/test/java/org/apache/synapse/transport/vfs/VFSRequestResponseFileChannel.java,18.0,3.0,0.0,4.0,3.0,7.0,45.0,veithen@13f79535-47bb-0310-9956-ffa450edef68,1,0.0015174506828528073,83.0,17.0,0.0,33.0,2388.6417445482866,62094.33582089553,1,0,0.4462871026284195,false
modules/transports/src/test/java/org/apache/synapse/transport/vfs/VFSTestEnvironment.java,12.0,1.0,0.0,3.0,1.0,4.0,46.0,veithen@13f79535-47bb-0310-9956-ffa450edef68,1,0.0015174506828528073,80.0,0.0,0.0,60.0,2388.6417445482866,62094.33582089553,1,0,0.4462871026284195,false
modules/transports/src/test/java/org/apache/synapse/transport/vfs/VFSTestUtils.java,20.0,5.0,1.0,2.0,5.0,6.0,12.0,veithen@13f79535-47bb-0310-9956-ffa450edef68,1,0.0015174506828528073,33.0,33.0,0.0,33.0,2388.6417445482866,62094.33582089553,1,0,0.4462871026284195,false
modules/transports/src/test/java/org/apache/synapse/transport/vfs/VFSTransportTest.java,23.0,11.0,0.0,1.0,11.0,3.0,37.0,veithen@13f79535-47bb-0310-9956-ffa450edef68,1,0.0015174506828528073,67.0,33.0,11.0,33.0,2388.6417445482866,62094.33582089553,1,0,0.4462871026284195,false
modules/utils/src/main/java/org/apache/synapse/util/TemporaryData.java,266.0,4.0,0.0,10.0,19.0,36.0,9.0,veithen@13f79535-47bb-0310-9956-ffa450edef68,1,0.0015174506828528073,50.0,50.0,0.0,50.0,2388.6417445482866,62094.33582089553,1,0,0.4462871026284195,false
modules/utils/src/test/java/org/apache/synapse/util/TemporaryDataTest.java,92.0,9.0,15.0,7.0,36.0,17.0,9.0,indika@13f79535-47bb-0310-9956-ffa450edef68,1,0.0015174506828528073,33.0,33.0,0.0,33.0,2388.6417445482866,62094.33582089553,1,0,0.4462871026284195,false
modules/xar-maven-plugin/src/main/java/org/apache/synapse/maven/xar/AbstractXarMojo.java,271.0,38.0,45.0,11.0,86.0,48.0,0.0,hiranya@13f79535-47bb-0310-9956-ffa450edef68,0,0.0,0.0,0.0,0.0,0.0,0.0,0.0,0,0,0.0,false
modules/xar-maven-plugin/src/main/java/org/apache/synapse/maven/xar/ClassScanner.java,71.0,8.0,3.0,6.0,27.0,20.0,0.0,veithen@13f79535-47bb-0310-9956-ffa450edef68,0,0.0,0.0,0.0,0.0,0.0,0.0,0.0,0,0,0.0,false
modules/xar-maven-plugin/src/main/java/org/apache/synapse/maven/xar/ClassScannerException.java,9.0,0.0,1.0,2.0,0.0,2.0,0.0,veithen@13f79535-47bb-0310-9956-ffa450edef68,0,0.0,0.0,0.0,0.0,0.0,0.0,0.0,0,0,0.0,false
modules/xar-maven-plugin/src/main/java/org/apache/synapse/maven/xar/ClassVisitor.java,4.0,0.0,1.0,2.0,0.0,4.0,0.0,veithen@13f79535-47bb-0310-9956-ffa450edef68,0,0.0,0.0,0.0,0.0,0.0,0.0,0.0,0,0,0.0,false
modules/xar-maven-plugin/src/main/java/org/apache/synapse/maven/xar/ServiceLocator.java,27.0,3.0,0.0,5.0,6.0,12.0,0.0,veithen@13f79535-47bb-0310-9956-ffa450edef68,0,0.0,0.0,0.0,0.0,0.0,0.0,0.0,0,0,0.0,false
modules/xar-maven-plugin/src/main/java/org/apache/synapse/maven/xar/XarExplodedMojo.java,28.0,6.0,0.0,1.0,3.0,3.0,0.0,veithen@13f79535-47bb-0310-9956-ffa450edef68,0,0.0,0.0,0.0,0.0,0.0,0.0,0.0,0,0,0.0,false
modules/xar-maven-plugin/src/main/java/org/apache/synapse/maven/xar/XarMojo.java,83.0,8.0,0.0,1.0,12.0,6.0,0.0,veithen@13f79535-47bb-0310-9956-ffa450edef68,0,0.0,0.0,0.0,0.0,0.0,0.0,0.0,0,0,0.0,false
