name,LOC,CBO,LCOM,NOM,RFC,WMC,ACS,Ownership,numOfChanges,numberOfFIChanges,ENH,NF,BugFixing,REF,structuralWorkloadSum,semanticWorkloadSum,numberOfDeveloper,pastFaults,MAF,isBuggy
modules/core/src/main/java/org/apache/synapse/FaultHandler.java,81.0,6.0,4.0,5.0,30.0,15.0,0.0,indika@13f79535-47bb-0310-9956-ffa450edef68,0,0.0,0.0,0.0,0.0,0.0,0.0,0.0,0,1,0.0,true
modules/core/src/main/java/org/apache/synapse/ServerManager.java,327.0,15.0,166.0,24.0,56.0,83.0,13.0,null,2,0.008771929824561403,9.0,0.0,3.0,6.0,1401.8333333333333,19606.311872081413,2,5,1.8404869726207487,true
modules/core/src/main/java/org/apache/synapse/SynapseConstants.java,344.0,3.0,0.0,0.0,0.0,0.0,10.0,null,2,0.008771929824561403,8.0,5.0,5.0,3.0,1175.1666666666665,18745.380394576303,2,7,1.0043858601430031,true
modules/core/src/main/java/org/apache/synapse/SynapseLog.java,50.0,1.0,36.0,9.0,0.0,14.0,32.0,veithen@13f79535-47bb-0310-9956-ffa450edef68,1,0.0043859649122807015,20.0,0.0,0.0,0.0,737.7704918032787,8011.4450224199945,1,2,0.916290731874155,false
modules/core/src/main/java/org/apache/synapse/audit/AuditConfigurable.java,28.0,0.0,10.0,5.0,0.0,12.0,0.0,indika@13f79535-47bb-0310-9956-ffa450edef68,0,0.0,0.0,0.0,0.0,0.0,0.0,0.0,0,0,0.0,false
modules/core/src/main/java/org/apache/synapse/audit/AuditConfiguration.java,33.0,0.0,0.0,7.0,0.0,11.0,0.0,indika@13f79535-47bb-0310-9956-ffa450edef68,0,0.0,0.0,0.0,0.0,0.0,0.0,0.0,0,0,0.0,false
modules/core/src/main/java/org/apache/synapse/audit/AuditHelper.java,33.0,6.0,0.0,2.0,11.0,6.0,0.0,indika@13f79535-47bb-0310-9956-ffa450edef68,0,0.0,0.0,0.0,0.0,0.0,0.0,0.0,0,0,0.0,false
modules/core/src/main/java/org/apache/synapse/audit/statistics/StatisticsCollector.java,40.0,5.0,0.0,4.0,4.0,10.0,0.0,indika@13f79535-47bb-0310-9956-ffa450edef68,0,0.0,0.0,0.0,0.0,0.0,0.0,0.0,0,0,0.0,false
modules/core/src/main/java/org/apache/synapse/audit/statistics/StatisticsLog.java,38.0,0.0,6.0,9.0,1.0,13.0,0.0,indika@13f79535-47bb-0310-9956-ffa450edef68,0,0.0,0.0,0.0,0.0,0.0,0.0,0.0,0,0,0.0,false
modules/core/src/main/java/org/apache/synapse/audit/statistics/StatisticsRecord.java,121.0,8.0,78.0,17.0,23.0,37.0,0.0,indika@13f79535-47bb-0310-9956-ffa450edef68,0,0.0,0.0,0.0,0.0,0.0,0.0,0.0,0,0,0.0,false
modules/core/src/main/java/org/apache/synapse/audit/statistics/StatisticsRecordFactory.java,22.0,5.0,0.0,1.0,6.0,3.0,0.0,indika@13f79535-47bb-0310-9956-ffa450edef68,0,0.0,0.0,0.0,0.0,0.0,0.0,0.0,0,0,0.0,false
modules/core/src/main/java/org/apache/synapse/audit/statistics/StatisticsReporter.java,60.0,5.0,4.0,4.0,16.0,9.0,0.0,indika@13f79535-47bb-0310-9956-ffa450edef68,0,0.0,0.0,0.0,0.0,0.0,0.0,0.0,0,0,0.0,false
modules/core/src/main/java/org/apache/synapse/audit/statistics/view/PerUserDomainViewStrategy.java,11.0,3.0,1.0,2.0,2.0,4.0,0.0,indika@13f79535-47bb-0310-9956-ffa450edef68,0,0.0,0.0,0.0,0.0,0.0,0.0,0.0,0,0,0.0,false
modules/core/src/main/java/org/apache/synapse/audit/statistics/view/PerUserIPViewStrategy.java,11.0,3.0,1.0,2.0,2.0,4.0,0.0,indika@13f79535-47bb-0310-9956-ffa450edef68,0,0.0,0.0,0.0,0.0,0.0,0.0,0.0,0,0,0.0,false
modules/core/src/main/java/org/apache/synapse/audit/statistics/view/PerUserViewStrategy.java,179.0,8.0,0.0,4.0,33.0,17.0,0.0,indika@13f79535-47bb-0310-9956-ffa450edef68,0,0.0,0.0,0.0,0.0,0.0,0.0,0.0,0,0,0.0,false
modules/core/src/main/java/org/apache/synapse/audit/statistics/view/Statistics.java,101.0,0.0,17.0,10.0,2.0,19.0,0.0,indika@13f79535-47bb-0310-9956-ffa450edef68,0,0.0,0.0,0.0,0.0,0.0,0.0,0.0,0,0,0.0,false
modules/core/src/main/java/org/apache/synapse/audit/statistics/view/StatisticsViewStrategy.java,20.0,3.0,1.0,2.0,0.0,7.0,0.0,indika@13f79535-47bb-0310-9956-ffa450edef68,0,0.0,0.0,0.0,0.0,0.0,0.0,0.0,0,0,0.0,false
modules/core/src/main/java/org/apache/synapse/audit/statistics/view/SystemViewStrategy.java,116.0,8.0,0.0,3.0,24.0,15.0,0.0,indika@13f79535-47bb-0310-9956-ffa450edef68,0,0.0,0.0,0.0,0.0,0.0,0.0,0.0,0,0,0.0,false
modules/core/src/main/java/org/apache/synapse/config/SynapseConfiguration.java,668.0,26.0,876.0,52.0,133.0,147.0,16.0,null,3,0.013157894736842105,14.0,7.0,3.0,9.0,1592.5,20709.152688969043,3,2,0.845689354484799,true
modules/core/src/main/java/org/apache/synapse/config/SynapseConfigurationBuilder.java,49.0,11.0,1.0,3.0,11.0,7.0,22.0,null,1,0.0043859649122807015,10.0,0.0,0.0,10.0,1080.1666666666665,18641.429239250127,1,4,1.2039728043259361,false
modules/core/src/main/java/org/apache/synapse/config/SynapsePropertiesLoader.java,40.0,5.0,1.0,3.0,7.0,8.0,35.0,indika@13f79535-47bb-0310-9956-ffa450edef68,1,0.0043859649122807015,29.0,0.0,0.0,29.0,1080.1666666666665,18641.429239250127,1,0,1.2039728043259361,false
modules/core/src/main/java/org/apache/synapse/config/xml/AbstractDBMediatorFactory.java,260.0,19.0,9.0,6.0,61.0,30.0,32.0,indika@13f79535-47bb-0310-9956-ffa450edef68,1,0.0043859649122807015,12.0,0.0,4.0,12.0,1080.1666666666665,18641.429239250127,1,6,1.2039728043259361,false
modules/core/src/main/java/org/apache/synapse/config/xml/AbstractMediatorFactory.java,93.0,11.0,10.0,5.0,23.0,14.0,0.0,indika@13f79535-47bb-0310-9956-ffa450edef68,0,0.0,0.0,0.0,0.0,0.0,0.0,0.0,0,1,0.0,false
modules/core/src/main/java/org/apache/synapse/config/xml/AbstractMediatorSerializer.java,85.0,13.0,26.0,8.0,28.0,18.0,0.0,ruwan@13f79535-47bb-0310-9956-ffa450edef68,0,0.0,0.0,0.0,0.0,0.0,0.0,0.0,0,5,0.0,false
modules/core/src/main/java/org/apache/synapse/config/xml/AggregateMediatorFactory.java,83.0,8.0,1.0,2.0,18.0,7.0,0.0,ruwan@13f79535-47bb-0310-9956-ffa450edef68,0,0.0,0.0,0.0,0.0,0.0,0.0,0.0,0,4,0.0,false
modules/core/src/main/java/org/apache/synapse/config/xml/ClassMediatorFactory.java,56.0,9.0,1.0,2.0,16.0,9.0,16.0,indika@13f79535-47bb-0310-9956-ffa450edef68,1,0.0043859649122807015,14.0,0.0,0.0,14.0,321.6666666666667,964.8826328312848,1,1,3.1135153092103742,false
modules/core/src/main/java/org/apache/synapse/config/xml/CloneMediatorFactory.java,36.0,6.0,1.0,2.0,11.0,6.0,0.0,ruwan@13f79535-47bb-0310-9956-ffa450edef68,0,0.0,0.0,0.0,0.0,0.0,0.0,0.0,0,1,0.0,false
modules/core/src/main/java/org/apache/synapse/config/xml/DropMediatorFactory.java,14.0,4.0,1.0,2.0,1.0,4.0,0.0,ruwan@13f79535-47bb-0310-9956-ffa450edef68,0,0.0,0.0,0.0,0.0,0.0,0.0,0.0,0,1,0.0,false
modules/core/src/main/java/org/apache/synapse/config/xml/FaultMediatorFactory.java,143.0,8.0,1.0,2.0,24.0,9.0,0.0,ruwan@13f79535-47bb-0310-9956-ffa450edef68,0,0.0,0.0,0.0,0.0,0.0,0.0,0.0,0,8,0.0,false
modules/core/src/main/java/org/apache/synapse/config/xml/FilterMediatorFactory.java,80.0,9.0,1.0,2.0,18.0,9.0,0.0,ruwan@13f79535-47bb-0310-9956-ffa450edef68,0,0.0,0.0,0.0,0.0,0.0,0.0,0.0,0,4,0.0,false
modules/core/src/main/java/org/apache/synapse/config/xml/HeaderMediatorFactory.java,64.0,7.0,1.0,2.0,14.0,10.0,0.0,ruwan@13f79535-47bb-0310-9956-ffa450edef68,0,0.0,0.0,0.0,0.0,0.0,0.0,0.0,0,4,0.0,false
modules/core/src/main/java/org/apache/synapse/config/xml/InMediatorFactory.java,15.0,4.0,1.0,2.0,2.0,4.0,0.0,ruwan@13f79535-47bb-0310-9956-ffa450edef68,0,0.0,0.0,0.0,0.0,0.0,0.0,0.0,0,1,0.0,false
modules/core/src/main/java/org/apache/synapse/config/xml/IterateMediatorFactory.java,73.0,10.0,1.0,2.0,16.0,10.0,0.0,ruwan@13f79535-47bb-0310-9956-ffa450edef68,0,0.0,0.0,0.0,0.0,0.0,0.0,0.0,0,4,0.0,false
modules/core/src/main/java/org/apache/synapse/config/xml/LogMediatorFactory.java,41.0,5.0,1.0,2.0,8.0,6.0,0.0,ruwan@13f79535-47bb-0310-9956-ffa450edef68,0,0.0,0.0,0.0,0.0,0.0,0.0,0.0,0,1,0.0,false
modules/core/src/main/java/org/apache/synapse/config/xml/OutMediatorFactory.java,15.0,4.0,1.0,2.0,2.0,4.0,0.0,indika@13f79535-47bb-0310-9956-ffa450edef68,0,0.0,0.0,0.0,0.0,0.0,0.0,0.0,0,1,0.0,false
modules/core/src/main/java/org/apache/synapse/config/xml/PropertyMediatorFactory.java,56.0,7.0,1.0,2.0,11.0,10.0,0.0,ruwan@13f79535-47bb-0310-9956-ffa450edef68,0,0.0,0.0,0.0,0.0,0.0,0.0,0.0,0,4,0.0,false
modules/core/src/main/java/org/apache/synapse/config/xml/ProxyServiceFactory.java,242.0,17.0,0.0,3.0,47.0,12.0,0.0,ruwan@13f79535-47bb-0310-9956-ffa450edef68,0,0.0,0.0,0.0,0.0,0.0,0.0,0.0,0,5,0.0,false
modules/core/src/main/java/org/apache/synapse/config/xml/ProxyServiceSerializer.java,181.0,12.0,1.0,2.0,48.0,8.0,0.0,hiranya@13f79535-47bb-0310-9956-ffa450edef68,0,0.0,0.0,0.0,0.0,0.0,0.0,0.0,0,3,0.0,false
modules/core/src/main/java/org/apache/synapse/config/xml/RMSequenceMediatorFactory.java,87.0,7.0,1.0,2.0,16.0,10.0,0.0,ruwan@13f79535-47bb-0310-9956-ffa450edef68,0,0.0,0.0,0.0,0.0,0.0,0.0,0.0,0,4,0.0,false
modules/core/src/main/java/org/apache/synapse/config/xml/SendMediatorFactory.java,22.0,6.0,1.0,2.0,4.0,5.0,0.0,ruwan@13f79535-47bb-0310-9956-ffa450edef68,0,0.0,0.0,0.0,0.0,0.0,0.0,0.0,0,2,0.0,false
modules/core/src/main/java/org/apache/synapse/config/xml/SequenceMediatorFactory.java,49.0,6.0,3.0,3.0,13.0,10.0,0.0,ruwan@13f79535-47bb-0310-9956-ffa450edef68,0,0.0,0.0,0.0,0.0,0.0,0.0,0.0,0,1,0.0,false
modules/core/src/main/java/org/apache/synapse/config/xml/SequenceMediatorSerializer.java,49.0,3.0,3.0,3.0,23.0,10.0,0.0,ruwan@13f79535-47bb-0310-9956-ffa450edef68,0,0.0,0.0,0.0,0.0,0.0,0.0,0.0,0,1,0.0,false
modules/core/src/main/java/org/apache/synapse/config/xml/SwitchCase.java,73.0,6.0,2.0,8.0,6.0,21.0,0.0,indika@13f79535-47bb-0310-9956-ffa450edef68,0,0.0,0.0,0.0,0.0,0.0,0.0,0.0,0,2,0.0,false
modules/core/src/main/java/org/apache/synapse/config/xml/SwitchMediatorFactory.java,60.0,10.0,1.0,2.0,15.0,12.0,0.0,ruwan@13f79535-47bb-0310-9956-ffa450edef68,0,0.0,0.0,0.0,0.0,0.0,0.0,0.0,0,4,0.0,false
modules/core/src/main/java/org/apache/synapse/config/xml/SwitchMediatorSerializer.java,50.0,3.0,1.0,2.0,16.0,8.0,0.0,veithen@13f79535-47bb-0310-9956-ffa450edef68,0,0.0,0.0,0.0,0.0,0.0,0.0,0.0,0,1,0.0,false
modules/core/src/main/java/org/apache/synapse/config/xml/SynapseMediatorFactory.java,15.0,5.0,1.0,2.0,2.0,4.0,0.0,indika@13f79535-47bb-0310-9956-ffa450edef68,0,0.0,0.0,0.0,0.0,0.0,0.0,0.0,0,1,0.0,false
modules/core/src/main/java/org/apache/synapse/config/xml/ValidateMediatorFactory.java,80.0,11.0,1.0,2.0,20.0,11.0,0.0,ruwan@13f79535-47bb-0310-9956-ffa450edef68,0,0.0,0.0,0.0,0.0,0.0,0.0,0.0,0,4,0.0,false
modules/core/src/main/java/org/apache/synapse/config/xml/XMLConfigConstants.java,79.0,3.0,0.0,0.0,0.0,0.0,17.0,null,2,0.008771929824561403,8.0,8.0,8.0,0.0,1270.8333333333333,19744.270056137757,2,4,0.9597964203689698,true
modules/core/src/main/java/org/apache/synapse/config/xml/XSLTMediatorFactory.java,55.0,7.0,1.0,2.0,18.0,9.0,0.0,ruwan@13f79535-47bb-0310-9956-ffa450edef68,0,0.0,0.0,0.0,0.0,0.0,0.0,0.0,0,4,0.0,false
modules/core/src/main/java/org/apache/synapse/config/xml/endpoints/AddressEndpointFactory.java,40.0,8.0,6.0,4.0,12.0,10.0,0.0,null,0,0.0,0.0,0.0,0.0,0.0,0.0,0.0,0,4,0.0,true
modules/core/src/main/java/org/apache/synapse/config/xml/endpoints/AddressEndpointSerializer.java,34.0,7.0,1.0,2.0,15.0,7.0,0.0,ruwan@13f79535-47bb-0310-9956-ffa450edef68,0,0.0,0.0,0.0,0.0,0.0,0.0,0.0,0,6,0.0,true
modules/core/src/main/java/org/apache/synapse/config/xml/endpoints/DefaultEndpointFactory.java,74.0,9.0,15.0,6.0,24.0,16.0,0.0,indika@13f79535-47bb-0310-9956-ffa450edef68,0,0.0,0.0,0.0,0.0,0.0,0.0,0.0,0,3,0.0,true
modules/core/src/main/java/org/apache/synapse/config/xml/endpoints/DefaultEndpointSerializer.java,54.0,7.0,3.0,3.0,19.0,10.0,0.0,null,0,0.0,0.0,0.0,0.0,0.0,0.0,0.0,0,2,0.0,true
modules/core/src/main/java/org/apache/synapse/config/xml/endpoints/DynamicLoadbalanceEndpointFactory.java,50.0,15.0,3.0,3.0,17.0,10.0,0.0,ruwan@13f79535-47bb-0310-9956-ffa450edef68,0,0.0,0.0,0.0,0.0,0.0,0.0,0.0,0,2,0.0,true
modules/core/src/main/java/org/apache/synapse/config/xml/endpoints/EndpointFactory.java,321.0,16.0,33.0,10.0,60.0,36.0,0.0,ruwan@13f79535-47bb-0310-9956-ffa450edef68,0,0.0,0.0,0.0,0.0,0.0,0.0,0.0,0,4,0.0,true
modules/core/src/main/java/org/apache/synapse/config/xml/endpoints/EndpointSerializer.java,169.0,9.0,19.0,7.0,37.0,21.0,0.0,ruwan@13f79535-47bb-0310-9956-ffa450edef68,0,0.0,0.0,0.0,0.0,0.0,0.0,0.0,0,5,0.0,true
modules/core/src/main/java/org/apache/synapse/config/xml/endpoints/FailoverEndpointFactory.java,24.0,5.0,3.0,3.0,5.0,6.0,0.0,ruwan@13f79535-47bb-0310-9956-ffa450edef68,0,0.0,0.0,0.0,0.0,0.0,0.0,0.0,0,3,0.0,true
modules/core/src/main/java/org/apache/synapse/config/xml/endpoints/FailoverEndpointSerializer.java,24.0,6.0,0.0,1.0,8.0,4.0,0.0,hiranya@13f79535-47bb-0310-9956-ffa450edef68,0,0.0,0.0,0.0,0.0,0.0,0.0,0.0,0,3,0.0,true
modules/core/src/main/java/org/apache/synapse/config/xml/endpoints/LoadbalanceEndpointFactory.java,64.0,15.0,4.0,4.0,23.0,14.0,0.0,ruwan@13f79535-47bb-0310-9956-ffa450edef68,0,0.0,0.0,0.0,0.0,0.0,0.0,0.0,0,5,0.0,true
modules/core/src/main/java/org/apache/synapse/config/xml/endpoints/LoadbalanceEndpointSerializer.java,28.0,9.0,0.0,1.0,11.0,4.0,0.0,ruwan@13f79535-47bb-0310-9956-ffa450edef68,0,0.0,0.0,0.0,0.0,0.0,0.0,0.0,0,4,0.0,true
modules/core/src/main/java/org/apache/synapse/config/xml/endpoints/SALoadbalanceEndpointFactory.java,56.0,13.0,3.0,3.0,15.0,8.0,0.0,ruwan@13f79535-47bb-0310-9956-ffa450edef68,0,0.0,0.0,0.0,0.0,0.0,0.0,0.0,0,4,0.0,true
modules/core/src/main/java/org/apache/synapse/config/xml/endpoints/SALoadbalanceEndpointSerializer.java,53.0,11.0,0.0,1.0,14.0,5.0,0.0,null,0,0.0,0.0,0.0,0.0,0.0,0.0,0.0,0,3,0.0,true
modules/core/src/main/java/org/apache/synapse/config/xml/endpoints/WSDLEndpointFactory.java,76.0,15.0,3.0,3.0,23.0,10.0,0.0,null,0,0.0,0.0,0.0,0.0,0.0,0.0,0.0,0,4,0.0,true
modules/core/src/main/java/org/apache/synapse/config/xml/endpoints/WSDLEndpointSerializer.java,40.0,6.0,0.0,1.0,13.0,3.0,0.0,ruwan@13f79535-47bb-0310-9956-ffa450edef68,0,0.0,0.0,0.0,0.0,0.0,0.0,0.0,0,5,0.0,true
modules/core/src/main/java/org/apache/synapse/config/xml/endpoints/utils/LoadbalanceAlgorithmFactory.java,36.0,10.0,0.0,1.0,8.0,8.0,1.0,ruwan@13f79535-47bb-0310-9956-ffa450edef68,1,0.0043859649122807015,14.0,0.0,14.0,0.0,67.19999999999999,57.4851205823011,1,2,2.890371757896165,true
modules/core/src/main/java/org/apache/synapse/config/xml/endpoints/utils/WSDL11EndpointBuilder.java,59.0,27.0,4.0,4.0,11.0,10.0,0.0,null,0,0.0,0.0,0.0,0.0,0.0,0.0,0.0,0,1,0.0,true
modules/core/src/main/java/org/apache/synapse/config/xml/endpoints/utils/WSDL20EndpointBuilder.java,5.0,1.0,0.0,0.0,0.0,0.0,0.0,dims@13f79535-47bb-0310-9956-ffa450edef68,0,0.0,0.0,0.0,0.0,0.0,0.0,0.0,0,1,0.0,true
modules/core/src/main/java/org/apache/synapse/core/SynapseEnvironment.java,63.0,7.0,55.0,11.0,0.0,27.0,16.0,ruwan@13f79535-47bb-0310-9956-ffa450edef68,1,0.0043859649122807015,7.0,0.0,0.0,7.0,321.6666666666667,964.8826328312848,1,3,3.1135153092103742,true
modules/core/src/main/java/org/apache/synapse/core/axis2/Axis2FlexibleMEPClient.java,160.0,24.0,1.0,2.0,74.0,10.0,0.0,ruwan@13f79535-47bb-0310-9956-ffa450edef68,0,0.0,0.0,0.0,0.0,0.0,0.0,0.0,0,11,0.0,true
modules/core/src/main/java/org/apache/synapse/core/axis2/Axis2LoadBalanceMembershipHandler.java,46.0,11.0,0.0,4.0,9.0,11.0,0.0,ruwan@13f79535-47bb-0310-9956-ffa450edef68,0,0.0,0.0,0.0,0.0,0.0,0.0,0.0,0,1,0.0,true
modules/core/src/main/java/org/apache/synapse/core/axis2/Axis2MessageContext.java,368.0,23.0,547.0,62.0,98.0,129.0,0.0,null,0,0.0,0.0,0.0,0.0,0.0,0.0,0.0,0,3,0.0,true
modules/core/src/main/java/org/apache/synapse/core/axis2/Axis2Sender.java,65.0,18.0,3.0,3.0,35.0,9.0,0.0,null,0,0.0,0.0,0.0,0.0,0.0,0.0,0.0,0,5,0.0,true
modules/core/src/main/java/org/apache/synapse/core/axis2/Axis2SynapseEnvironment.java,222.0,22.0,67.0,15.0,44.0,43.0,16.0,null,1,0.0043859649122807015,3.0,0.0,0.0,3.0,321.6666666666667,964.8826328312848,1,5,3.1135153092103742,true
modules/core/src/main/java/org/apache/synapse/core/axis2/ProxyService.java,689.0,32.0,1941.0,66.0,101.0,117.0,0.0,ruwan@13f79535-47bb-0310-9956-ffa450edef68,0,0.0,0.0,0.0,0.0,0.0,0.0,0.0,0,7,0.0,false
modules/core/src/main/java/org/apache/synapse/core/axis2/ProxyServiceMessageReceiver.java,157.0,7.0,0.0,6.0,49.0,17.0,0.0,indika@13f79535-47bb-0310-9956-ffa450edef68,0,0.0,0.0,0.0,0.0,0.0,0.0,0.0,0,4,0.0,false
modules/core/src/main/java/org/apache/synapse/core/axis2/SOAPUtils.java,205.0,11.0,1.0,3.0,79.0,17.0,0.0,ruwan@13f79535-47bb-0310-9956-ffa450edef68,0,0.0,0.0,0.0,0.0,0.0,0.0,0.0,0,2,0.0,false
modules/core/src/main/java/org/apache/synapse/core/axis2/SynapseCallbackReceiver.java,203.0,25.0,0.0,5.0,88.0,23.0,0.0,indika@13f79535-47bb-0310-9956-ffa450edef68,0,0.0,0.0,0.0,0.0,0.0,0.0,0.0,0,8,0.0,true
modules/core/src/main/java/org/apache/synapse/core/axis2/SynapseInitializationModule.java,130.0,25.0,17.0,7.0,51.0,24.0,19.0,ruwan@13f79535-47bb-0310-9956-ffa450edef68,3,0.013157894736842105,46.0,15.0,23.0,23.0,1592.5,20709.152688969043,3,1,0.9787396401143902,false
modules/core/src/main/java/org/apache/synapse/core/axis2/SynapseMessageReceiver.java,62.0,10.0,0.0,3.0,32.0,11.0,0.0,indika@13f79535-47bb-0310-9956-ffa450edef68,0,0.0,0.0,0.0,0.0,0.0,0.0,0.0,0,3,0.0,false
modules/core/src/main/java/org/apache/synapse/core/axis2/TimeoutHandler.java,80.0,11.0,4.0,4.0,23.0,14.0,0.0,indika@13f79535-47bb-0310-9956-ffa450edef68,0,0.0,0.0,0.0,0.0,0.0,0.0,0.0,0,1,0.0,true
modules/core/src/main/java/org/apache/synapse/endpoints/AbstractEndpoint.java,325.0,17.0,352.0,33.0,75.0,86.0,4.0,null,1,0.0043859649122807015,7.0,4.0,4.0,2.0,1080.1666666666665,18641.429239250127,1,2,1.2039728043259361,true
modules/core/src/main/java/org/apache/synapse/endpoints/AddressEndpoint.java,28.0,2.0,3.0,3.0,13.0,9.0,5.0,indika@13f79535-47bb-0310-9956-ffa450edef68,1,0.0043859649122807015,7.0,7.0,7.0,0.0,1080.1666666666665,18641.429239250127,1,3,1.2039728043259361,true
modules/core/src/main/java/org/apache/synapse/endpoints/DefaultEndpoint.java,5.0,2.0,0.0,0.0,0.0,0.0,0.0,indika@13f79535-47bb-0310-9956-ffa450edef68,0,0.0,0.0,0.0,0.0,0.0,0.0,0.0,0,3,0.0,true
modules/core/src/main/java/org/apache/synapse/endpoints/DynamicLoadbalanceEndpoint.java,100.0,13.0,7.0,6.0,31.0,13.0,3.0,hiranya@13f79535-47bb-0310-9956-ffa450edef68,1,0.0043859649122807015,5.0,0.0,5.0,0.0,67.19999999999999,57.4851205823011,1,1,2.890371757896165,true
modules/core/src/main/java/org/apache/synapse/endpoints/Endpoint.java,65.0,3.0,66.0,12.0,0.0,26.0,0.0,indika@13f79535-47bb-0310-9956-ffa450edef68,0,0.0,0.0,0.0,0.0,0.0,0.0,0.0,0,1,0.0,true
modules/core/src/main/java/org/apache/synapse/endpoints/EndpointContext.java,404.0,8.0,0.0,15.0,51.0,49.0,3.0,null,1,0.0043859649122807015,12.0,6.0,6.0,6.0,1080.1666666666665,18641.429239250127,1,1,1.2039728043259361,true
modules/core/src/main/java/org/apache/synapse/endpoints/EndpointDefinition.java,409.0,5.0,1871.0,63.0,8.0,117.0,0.0,null,0,0.0,0.0,0.0,0.0,0.0,0.0,0.0,0,1,0.0,true
modules/core/src/main/java/org/apache/synapse/endpoints/EndpointView.java,643.0,6.0,150.0,45.0,103.0,176.0,5.0,hiranya@13f79535-47bb-0310-9956-ffa450edef68,1,0.0043859649122807015,14.0,14.0,14.0,0.0,1080.1666666666665,18641.429239250127,1,1,1.2039728043259361,true
modules/core/src/main/java/org/apache/synapse/endpoints/EndpointViewMBean.java,31.0,1.0,406.0,29.0,0.0,38.0,0.0,hiranya@13f79535-47bb-0310-9956-ffa450edef68,0,0.0,0.0,0.0,0.0,0.0,0.0,0.0,0,1,0.0,true
modules/core/src/main/java/org/apache/synapse/endpoints/FailoverEndpoint.java,69.0,2.0,1.0,3.0,18.0,12.0,5.0,indika@13f79535-47bb-0310-9956-ffa450edef68,1,0.0043859649122807015,9.0,9.0,9.0,0.0,1080.1666666666665,18641.429239250127,1,3,1.2039728043259361,true
modules/core/src/main/java/org/apache/synapse/endpoints/IndirectEndpoint.java,50.0,6.0,3.0,10.0,12.0,18.0,6.0,indika@13f79535-47bb-0310-9956-ffa450edef68,1,0.0043859649122807015,8.0,8.0,8.0,0.0,1080.1666666666665,18641.429239250127,1,2,1.2039728043259361,true
modules/core/src/main/java/org/apache/synapse/endpoints/LoadbalanceEndpoint.java,94.0,6.0,16.0,9.0,27.0,23.0,5.0,ruwan@13f79535-47bb-0310-9956-ffa450edef68,1,0.0043859649122807015,5.0,5.0,5.0,0.0,1080.1666666666665,18641.429239250127,1,3,1.2039728043259361,true
modules/core/src/main/java/org/apache/synapse/endpoints/SALoadbalanceEndpoint.java,173.0,8.0,23.0,10.0,55.0,32.0,5.0,null,1,0.0043859649122807015,8.0,8.0,8.0,0.0,1080.1666666666665,18641.429239250127,1,4,1.2039728043259361,true
modules/core/src/main/java/org/apache/synapse/endpoints/WSDLEndpoint.java,56.0,3.0,47.0,11.0,13.0,21.0,5.0,indika@13f79535-47bb-0310-9956-ffa450edef68,1,0.0043859649122807015,10.0,10.0,10.0,0.0,1080.1666666666665,18641.429239250127,1,3,1.2039728043259361,true
modules/core/src/main/java/org/apache/synapse/endpoints/algorithms/AlgorithmContext.java,132.0,8.0,0.0,9.0,19.0,32.0,1.0,indika@13f79535-47bb-0310-9956-ffa450edef68,2,0.008771929824561403,42.0,8.0,0.0,17.0,1147.3666666666666,18698.914359832426,2,1,1.2055207187447712,true
modules/core/src/main/java/org/apache/synapse/endpoints/algorithms/LoadbalanceAlgorithm.java,38.0,4.0,15.0,6.0,0.0,10.0,0.0,ruwan@13f79535-47bb-0310-9956-ffa450edef68,0,0.0,0.0,0.0,0.0,0.0,0.0,0.0,0,2,0.0,true
modules/core/src/main/java/org/apache/synapse/endpoints/algorithms/RoundRobin.java,82.0,7.0,18.0,8.0,14.0,17.0,1.0,ruwan@13f79535-47bb-0310-9956-ffa450edef68,1,0.0043859649122807015,6.0,6.0,0.0,0.0,67.19999999999999,57.4851205823011,1,2,2.890371757896165,true
modules/core/src/main/java/org/apache/synapse/endpoints/dispatch/AbstractDispatcher.java,82.0,9.0,22.0,8.0,21.0,24.0,0.0,hiranya@13f79535-47bb-0310-9956-ffa450edef68,0,0.0,0.0,0.0,0.0,0.0,0.0,0.0,0,1,0.0,true
modules/core/src/main/java/org/apache/synapse/endpoints/dispatch/Dispatcher.java,37.0,3.0,15.0,6.0,0.0,16.0,0.0,indika@13f79535-47bb-0310-9956-ffa450edef68,0,0.0,0.0,0.0,0.0,0.0,0.0,0.0,0,1,0.0,true
modules/core/src/main/java/org/apache/synapse/endpoints/dispatch/HttpSessionDispatcher.java,45.0,1.0,4.0,5.0,13.0,12.0,0.0,null,0,0.0,0.0,0.0,0.0,0.0,0.0,0.0,0,1,0.0,true
modules/core/src/main/java/org/apache/synapse/endpoints/dispatch/SALSessions.java,375.0,11.0,39.0,19.0,99.0,67.0,30.0,indika@13f79535-47bb-0310-9956-ffa450edef68,1,0.0043859649122807015,11.0,0.0,0.0,11.0,1080.1666666666665,18641.429239250127,1,1,1.2039728043259361,true
modules/core/src/main/java/org/apache/synapse/endpoints/dispatch/SessionInformation.java,49.0,3.0,38.0,12.0,1.0,19.0,0.0,indika@13f79535-47bb-0310-9956-ffa450edef68,0,0.0,0.0,0.0,0.0,0.0,0.0,0.0,0,1,0.0,true
modules/core/src/main/java/org/apache/synapse/endpoints/dispatch/SimpleClientSessionDispatcher.java,20.0,2.0,4.0,5.0,15.0,8.0,0.0,ruwan@13f79535-47bb-0310-9956-ffa450edef68,0,0.0,0.0,0.0,0.0,0.0,0.0,0.0,0,1,0.0,true
modules/core/src/main/java/org/apache/synapse/endpoints/dispatch/SoapSessionDispatcher.java,46.0,5.0,0.0,5.0,21.0,12.0,0.0,indika@13f79535-47bb-0310-9956-ffa450edef68,0,0.0,0.0,0.0,0.0,0.0,0.0,0.0,0,1,0.0,true
modules/core/src/main/java/org/apache/synapse/mediators/AbstractListMediator.java,84.0,8.0,0.0,10.0,20.0,25.0,32.0,null,1,0.0043859649122807015,10.0,0.0,0.0,0.0,737.7704918032787,8011.4450224199945,1,1,0.916290731874155,true
modules/core/src/main/java/org/apache/synapse/mediators/AbstractMediator.java,195.0,10.0,98.0,21.0,36.0,56.0,32.0,indika@13f79535-47bb-0310-9956-ffa450edef68,1,0.0043859649122807015,6.0,0.0,0.0,0.0,737.7704918032787,8011.4450224199945,1,4,0.916290731874155,true
modules/core/src/main/java/org/apache/synapse/mediators/ListMediator.java,40.0,3.0,15.0,6.0,0.0,17.0,0.0,dims@13f79535-47bb-0310-9956-ffa450edef68,0,0.0,0.0,0.0,0.0,0.0,0.0,0.0,0,2,0.0,true
modules/core/src/main/java/org/apache/synapse/mediators/MediatorFaultHandler.java,62.0,5.0,0.0,5.0,10.0,16.0,0.0,indika@13f79535-47bb-0310-9956-ffa450edef68,0,0.0,0.0,0.0,0.0,0.0,0.0,0.0,0,1,0.0,false
modules/core/src/main/java/org/apache/synapse/mediators/MediatorLog.java,93.0,5.0,0.0,10.0,14.0,23.0,32.0,veithen@13f79535-47bb-0310-9956-ffa450edef68,1,0.0043859649122807015,20.0,0.0,0.0,0.0,737.7704918032787,8011.4450224199945,1,2,0.916290731874155,false
modules/core/src/main/java/org/apache/synapse/mediators/base/SequenceMediator.java,189.0,8.0,67.0,14.0,21.0,31.0,32.0,indika@13f79535-47bb-0310-9956-ffa450edef68,1,0.0043859649122807015,6.0,0.0,0.0,0.0,737.7704918032787,8011.4450224199945,1,1,0.916290731874155,false
modules/core/src/main/java/org/apache/synapse/mediators/base/SynapseMediator.java,28.0,4.0,0.0,1.0,7.0,4.0,32.0,indika@13f79535-47bb-0310-9956-ffa450edef68,1,0.0043859649122807015,33.0,0.0,0.0,0.0,737.7704918032787,8011.4450224199945,1,1,0.916290731874155,false
modules/core/src/main/java/org/apache/synapse/mediators/builtin/CacheMediator.java,307.0,29.0,243.0,27.0,72.0,61.0,16.0,null,1,0.0043859649122807015,11.0,0.0,0.0,0.0,737.7704918032787,8011.4450224199945,1,1,0.916290731874155,true
modules/core/src/main/java/org/apache/synapse/mediators/builtin/CalloutMediator.java,183.0,23.0,136.0,20.0,35.0,44.0,32.0,hiranya@13f79535-47bb-0310-9956-ffa450edef68,1,0.0043859649122807015,4.0,0.0,0.0,0.0,737.7704918032787,8011.4450224199945,1,4,0.916290731874155,false
modules/core/src/main/java/org/apache/synapse/mediators/builtin/DropMediator.java,22.0,3.0,0.0,1.0,7.0,3.0,32.0,indika@13f79535-47bb-0310-9956-ffa450edef68,1,0.0043859649122807015,20.0,0.0,0.0,0.0,737.7704918032787,8011.4450224199945,1,1,0.916290731874155,false
modules/core/src/main/java/org/apache/synapse/mediators/builtin/LogMediator.java,148.0,10.0,45.0,15.0,53.0,39.0,32.0,null,1,0.0043859649122807015,20.0,0.0,0.0,0.0,737.7704918032787,8011.4450224199945,1,0,0.916290731874155,false
modules/core/src/main/java/org/apache/synapse/mediators/builtin/PropertyMediator.java,137.0,9.0,25.0,11.0,16.0,21.0,32.0,hiranya@13f79535-47bb-0310-9956-ffa450edef68,1,0.0043859649122807015,7.0,0.0,0.0,0.0,737.7704918032787,8011.4450224199945,1,3,0.916290731874155,false
modules/core/src/main/java/org/apache/synapse/mediators/builtin/RMSequenceMediator.java,159.0,16.0,83.0,15.0,46.0,43.0,32.0,ruwan@13f79535-47bb-0310-9956-ffa450edef68,1,0.0043859649122807015,8.0,0.0,0.0,0.0,737.7704918032787,8011.4450224199945,1,4,0.916290731874155,false
modules/core/src/main/java/org/apache/synapse/mediators/builtin/SendMediator.java,47.0,10.0,0.0,4.0,15.0,9.0,0.0,null,0,0.0,0.0,0.0,0.0,0.0,0.0,0.0,0,2,0.0,true
modules/core/src/main/java/org/apache/synapse/mediators/db/AbstractDBMediator.java,237.0,16.0,69.0,15.0,64.0,36.0,44.0,indika@13f79535-47bb-0310-9956-ffa450edef68,2,0.008771929824561403,9.0,0.0,0.0,4.0,1817.9371584699452,26652.87426167012,2,4,0.3669845875401002,false
modules/core/src/main/java/org/apache/synapse/mediators/db/DBLookupMediator.java,60.0,7.0,0.0,1.0,21.0,6.0,32.0,hiranya@13f79535-47bb-0310-9956-ffa450edef68,1,0.0043859649122807015,17.0,0.0,0.0,0.0,737.7704918032787,8011.4450224199945,1,0,0.916290731874155,false
modules/core/src/main/java/org/apache/synapse/mediators/db/DBReportMediator.java,37.0,5.0,0.0,1.0,11.0,5.0,19.0,null,2,0.008771929824561403,40.0,20.0,20.0,0.0,1817.9371584699452,26652.87426167012,2,0,0.3669845875401002,false
modules/core/src/main/java/org/apache/synapse/mediators/eip/aggregator/Aggregate.java,182.0,9.0,108.0,20.0,19.0,40.0,32.0,ruwan@13f79535-47bb-0310-9956-ffa450edef68,1,0.0043859649122807015,11.0,0.0,0.0,0.0,737.7704918032787,8011.4450224199945,1,4,0.916290731874155,true
modules/core/src/main/java/org/apache/synapse/mediators/eip/aggregator/AggregateMediator.java,302.0,18.0,145.0,22.0,50.0,54.0,32.0,ruwan@13f79535-47bb-0310-9956-ffa450edef68,1,0.0043859649122807015,6.0,0.0,0.0,0.0,737.7704918032787,8011.4450224199945,1,8,0.916290731874155,true
modules/core/src/main/java/org/apache/synapse/mediators/eip/splitter/CloneMediator.java,104.0,18.0,0.0,10.0,27.0,25.0,32.0,null,1,0.0043859649122807015,7.0,0.0,0.0,0.0,737.7704918032787,8011.4450224199945,1,1,0.916290731874155,true
modules/core/src/main/java/org/apache/synapse/mediators/eip/splitter/IterateMediator.java,159.0,23.0,45.0,15.0,37.0,33.0,32.0,null,1,0.0043859649122807015,6.0,0.0,0.0,0.0,737.7704918032787,8011.4450224199945,1,3,0.916290731874155,true
modules/core/src/main/java/org/apache/synapse/mediators/ext/AnnotatedCommandMediator.java,175.0,14.0,8.0,5.0,43.0,21.0,32.0,ruwan@13f79535-47bb-0310-9956-ffa450edef68,1,0.0043859649122807015,12.0,0.0,0.0,0.0,737.7704918032787,8011.4450224199945,1,3,0.916290731874155,false
modules/core/src/main/java/org/apache/synapse/mediators/ext/ClassMediator.java,72.0,9.0,0.0,7.0,18.0,18.0,32.0,null,1,0.0043859649122807015,9.0,0.0,0.0,0.0,737.7704918032787,8011.4450224199945,1,1,0.916290731874155,true
modules/core/src/main/java/org/apache/synapse/mediators/ext/POJOCommandMediator.java,251.0,15.0,69.0,15.0,51.0,34.0,32.0,ruwan@13f79535-47bb-0310-9956-ffa450edef68,1,0.0043859649122807015,9.0,0.0,0.0,0.0,737.7704918032787,8011.4450224199945,1,4,0.916290731874155,true
modules/core/src/main/java/org/apache/synapse/mediators/filters/FilterMediator.java,163.0,10.0,87.0,18.0,22.0,42.0,32.0,ruwan@13f79535-47bb-0310-9956-ffa450edef68,1,0.0043859649122807015,11.0,0.0,0.0,0.0,737.7704918032787,8011.4450224199945,1,4,0.916290731874155,false
modules/core/src/main/java/org/apache/synapse/mediators/filters/InMediator.java,38.0,6.0,1.0,2.0,8.0,6.0,32.0,hiranya@13f79535-47bb-0310-9956-ffa450edef68,1,0.0043859649122807015,25.0,0.0,0.0,0.0,737.7704918032787,8011.4450224199945,1,0,0.916290731874155,false
modules/core/src/main/java/org/apache/synapse/mediators/filters/OutMediator.java,38.0,3.0,1.0,2.0,8.0,6.0,32.0,hiranya@13f79535-47bb-0310-9956-ffa450edef68,1,0.0043859649122807015,25.0,0.0,0.0,0.0,737.7704918032787,8011.4450224199945,1,1,0.916290731874155,false
modules/core/src/main/java/org/apache/synapse/mediators/filters/SwitchMediator.java,140.0,11.0,1.0,11.0,20.0,33.0,32.0,null,1,0.0043859649122807015,6.0,0.0,0.0,0.0,737.7704918032787,8011.4450224199945,1,4,0.916290731874155,true
modules/core/src/main/java/org/apache/synapse/mediators/transform/FaultMediator.java,377.0,16.0,335.0,31.0,100.0,72.0,32.0,ruwan@13f79535-47bb-0310-9956-ffa450edef68,1,0.0043859649122807015,5.0,0.0,0.0,0.0,737.7704918032787,8011.4450224199945,1,9,0.916290731874155,false
modules/core/src/main/java/org/apache/synapse/mediators/transform/HeaderMediator.java,171.0,15.0,13.0,11.0,40.0,24.0,32.0,ruwan@13f79535-47bb-0310-9956-ffa450edef68,1,0.0043859649122807015,8.0,0.0,0.0,0.0,737.7704918032787,8011.4450224199945,1,3,0.916290731874155,false
modules/core/src/main/java/org/apache/synapse/registry/url/SimpleURLRegistry.java,224.0,20.0,54.0,13.0,60.0,44.0,30.0,indika@13f79535-47bb-0310-9956-ffa450edef68,1,0.0043859649122807015,8.0,0.0,0.0,8.0,1080.1666666666665,18641.429239250127,1,3,1.2039728043259361,true
modules/core/src/main/java/org/apache/synapse/security/definition/factory/KeyStoreInformationFactory.java,92.0,7.0,0.0,3.0,24.0,12.0,56.0,indika@13f79535-47bb-0310-9956-ffa450edef68,1,0.0043859649122807015,14.0,0.0,0.0,14.0,1080.1666666666665,18641.429239250127,1,1,1.2039728043259361,false
modules/core/src/main/java/org/apache/synapse/security/mbean/SecretManagerAdmin.java,14.0,1.0,0.0,2.0,1.0,2.0,0.0,indika@13f79535-47bb-0310-9956-ffa450edef68,0,0.0,0.0,0.0,0.0,0.0,0.0,0.0,0,1,0.0,false
modules/core/src/main/java/org/apache/synapse/security/mbean/SecretManagerAdminMBean.java,12.0,0.0,0.0,1.0,0.0,1.0,0.0,indika@13f79535-47bb-0310-9956-ffa450edef68,0,0.0,0.0,0.0,0.0,0.0,0.0,0.0,0,0,0.0,false
modules/core/src/main/java/org/apache/synapse/security/secret/SecretManager.java,166.0,13.0,12.0,8.0,29.0,18.0,30.0,indika@13f79535-47bb-0310-9956-ffa450edef68,1,0.0043859649122807015,11.0,0.0,0.0,11.0,1080.1666666666665,18641.429239250127,1,0,1.2039728043259361,false
modules/core/src/main/java/org/apache/synapse/security/secret/SecretRepository.java,27.0,1.0,6.0,4.0,0.0,9.0,0.0,indika@13f79535-47bb-0310-9956-ffa450edef68,0,0.0,0.0,0.0,0.0,0.0,0.0,0.0,0,0,0.0,false
modules/core/src/main/java/org/apache/synapse/security/secret/SecretRepositoryProvider.java,12.0,2.0,0.0,1.0,0.0,2.0,0.0,indika@13f79535-47bb-0310-9956-ffa450edef68,0,0.0,0.0,0.0,0.0,0.0,0.0,0.0,0,1,0.0,false
modules/core/src/main/java/org/apache/synapse/security/secret/repository/filebased/FileBaseSecretRepository.java,145.0,14.0,4.0,5.0,22.0,13.0,56.0,indika@13f79535-47bb-0310-9956-ffa450edef68,1,0.0043859649122807015,25.0,0.0,0.0,25.0,1080.1666666666665,18641.429239250127,1,0,1.2039728043259361,false
modules/core/src/main/java/org/apache/synapse/security/secret/repository/filebased/FileBaseSecretRepositoryProvider.java,12.0,4.0,0.0,1.0,0.0,2.0,0.0,indika@13f79535-47bb-0310-9956-ffa450edef68,0,0.0,0.0,0.0,0.0,0.0,0.0,0.0,0,1,0.0,false
modules/core/src/main/java/org/apache/synapse/startup/Task.java,5.0,0.0,0.0,0.0,0.0,0.0,0.0,indika@13f79535-47bb-0310-9956-ffa450edef68,0,0.0,0.0,0.0,0.0,0.0,0.0,0.0,0,0,0.0,false
modules/core/src/main/java/org/apache/synapse/startup/quartz/SimpleQuartz.java,84.0,17.0,0.0,6.0,33.0,19.0,4.0,indika@13f79535-47bb-0310-9956-ffa450edef68,1,0.0043859649122807015,15.0,5.0,0.0,10.0,1080.1666666666665,18641.429239250127,1,0,1.2039728043259361,false
modules/core/src/main/java/org/apache/synapse/startup/quartz/SimpleQuartzFactory.java,36.0,12.0,2.0,4.0,10.0,11.0,6.0,indika@13f79535-47bb-0310-9956-ffa450edef68,1,0.0043859649122807015,20.0,20.0,10.0,10.0,1080.1666666666665,18641.429239250127,1,0,1.2039728043259361,false
modules/core/src/main/java/org/apache/synapse/startup/quartz/SimpleQuartzJob.java,48.0,12.0,0.0,3.0,19.0,10.0,16.0,supun@13f79535-47bb-0310-9956-ffa450edef68,1,0.0043859649122807015,14.0,0.0,0.0,14.0,321.6666666666667,964.8826328312848,1,0,3.1135153092103742,false
modules/core/src/main/java/org/apache/synapse/startup/quartz/SimpleQuartzSerializer.java,22.0,9.0,0.0,1.0,5.0,5.0,8.0,indika@13f79535-47bb-0310-9956-ffa450edef68,1,0.0043859649122807015,20.0,20.0,0.0,20.0,1080.1666666666665,18641.429239250127,1,0,1.2039728043259361,false
modules/core/src/main/java/org/apache/synapse/startup/tasks/MessageInjector.java,125.0,14.0,11.0,7.0,20.0,15.0,0.0,indika@13f79535-47bb-0310-9956-ffa450edef68,0,0.0,0.0,0.0,0.0,0.0,0.0,0.0,0,2,0.0,false
modules/core/src/main/java/org/apache/synapse/util/MessageHelper.java,217.0,24.0,43.0,10.0,116.0,49.0,0.0,ruwan@13f79535-47bb-0310-9956-ffa450edef68,0,0.0,0.0,0.0,0.0,0.0,0.0,0.0,0,4,0.0,false
modules/core/src/main/java/org/apache/synapse/util/Replicator.java,60.0,5.0,0.0,3.0,11.0,11.0,0.0,azeez@13f79535-47bb-0310-9956-ffa450edef68,0,0.0,0.0,0.0,0.0,0.0,0.0,0.0,0,0,0.0,false
modules/core/src/main/java/org/apache/synapse/util/SynapseBinaryDataSource.java,44.0,6.0,0.0,6.0,9.0,15.0,16.0,ruwan@13f79535-47bb-0310-9956-ffa450edef68,1,0.0043859649122807015,20.0,0.0,0.0,20.0,321.6666666666667,964.8826328312848,1,1,3.1135153092103742,false
modules/core/src/main/java/org/apache/synapse/util/TextFileDataSource.java,55.0,22.0,46.0,12.0,10.0,26.0,16.0,veithen@13f79535-47bb-0310-9956-ffa450edef68,1,0.0043859649122807015,9.0,0.0,0.0,9.0,321.6666666666667,964.8826328312848,1,1,3.1135153092103742,false
modules/core/src/main/java/org/apache/synapse/util/jaxp/AXIOMSource.java,8.0,3.0,0.0,1.0,0.0,1.0,4.0,veithen@13f79535-47bb-0310-9956-ffa450edef68,1,0.0043859649122807015,33.0,0.0,0.0,0.0,737.7704918032787,8011.4450224199945,1,1,0.916290731874155,false
modules/core/src/main/java/org/apache/synapse/util/jaxp/AXIOMXMLReader.java,231.0,21.0,125.0,19.0,36.0,48.0,4.0,veithen@13f79535-47bb-0310-9956-ffa450edef68,1,0.0043859649122807015,33.0,0.0,0.0,0.0,737.7704918032787,8011.4450224199945,1,1,0.916290731874155,false
modules/core/src/main/java/org/apache/synapse/util/jaxp/StreamResultBuilder.java,60.0,17.0,0.0,5.0,11.0,13.0,16.0,veithen@13f79535-47bb-0310-9956-ffa450edef68,1,0.0043859649122807015,20.0,0.0,0.0,20.0,321.6666666666667,964.8826328312848,1,1,3.1135153092103742,false
modules/core/src/main/java/org/apache/synapse/util/jaxp/StreamSourceBuilder.java,51.0,12.0,2.0,4.0,10.0,9.0,16.0,veithen@13f79535-47bb-0310-9956-ffa450edef68,1,0.0043859649122807015,33.0,0.0,0.0,33.0,321.6666666666667,964.8826328312848,1,0,3.1135153092103742,false
modules/core/src/test/java/org/apache/synapse/config/xml/SendMediatorSerializationTest.java,97.0,12.0,0.0,7.0,56.0,12.0,0.0,ruwan@13f79535-47bb-0310-9956-ffa450edef68,0,0.0,0.0,0.0,0.0,0.0,0.0,0.0,0,1,0.0,true
modules/core/src/test/java/org/apache/synapse/mediators/transform/HeaderMediatorTest.java,40.0,6.0,1.0,3.0,23.0,8.0,1.0,hiranya@13f79535-47bb-0310-9956-ffa450edef68,1,0.0043859649122807015,17.0,17.0,0.0,0.0,737.7704918032787,8011.4450224199945,1,2,0.916290731874155,false
modules/core/src/test/java/org/apache/synapse/mediators/transform/XSLTMediatorTest.java,185.0,25.0,118.0,16.0,156.0,53.0,7.0,veithen@13f79535-47bb-0310-9956-ffa450edef68,1,0.0043859649122807015,5.0,0.0,5.0,0.0,737.7704918032787,8011.4450224199945,1,8,0.916290731874155,false
modules/core/src/test/java/org/apache/synapse/util/TextFileDataSourceTest.java,35.0,9.0,0.0,4.0,23.0,9.0,16.0,veithen@13f79535-47bb-0310-9956-ffa450edef68,1,0.0043859649122807015,14.0,0.0,0.0,14.0,321.6666666666667,964.8826328312848,1,0,3.1135153092103742,false
modules/core/src/test/java/org/apache/synapse/util/jaxp/AXIOMResultTest.java,15.0,10.0,1.0,2.0,9.0,5.0,1.0,veithen@13f79535-47bb-0310-9956-ffa450edef68,1,0.0043859649122807015,50.0,50.0,0.0,0.0,737.7704918032787,8011.4450224199945,1,0,0.916290731874155,false
modules/core/src/test/java/org/apache/synapse/util/jaxp/AXIOMSourceTest.java,17.0,11.0,1.0,2.0,10.0,5.0,4.0,veithen@13f79535-47bb-0310-9956-ffa450edef68,1,0.0043859649122807015,50.0,0.0,0.0,0.0,737.7704918032787,8011.4450224199945,1,0,0.916290731874155,false
modules/extensions/src/main/java/org/apache/synapse/mediators/bsf/ScriptMediator.java,316.0,16.0,14.0,16.0,49.0,55.0,32.0,null,1,0.0043859649122807015,7.0,0.0,0.0,0.0,737.7704918032787,8011.4450224199945,1,0,0.916290731874155,false
modules/extensions/src/main/java/org/apache/synapse/mediators/bsf/ScriptMediatorFactory.java,46.0,10.0,3.0,3.0,11.0,15.0,0.0,ruwan@13f79535-47bb-0310-9956-ffa450edef68,0,0.0,0.0,0.0,0.0,0.0,0.0,0.0,0,1,0.0,false
modules/extensions/src/main/java/org/apache/synapse/mediators/spring/SpringMediator.java,105.0,13.0,27.0,11.0,29.0,21.0,32.0,veithen@13f79535-47bb-0310-9956-ffa450edef68,1,0.0043859649122807015,11.0,0.0,0.0,0.0,737.7704918032787,8011.4450224199945,1,0,0.916290731874155,false
modules/extensions/src/main/java/org/apache/synapse/mediators/spring/SpringMediatorFactory.java,33.0,8.0,1.0,2.0,6.0,7.0,0.0,indika@13f79535-47bb-0310-9956-ffa450edef68,0,0.0,0.0,0.0,0.0,0.0,0.0,0.0,0,1,0.0,false
modules/extensions/src/main/java/org/apache/synapse/mediators/throttle/ThrottleMediator.java,366.0,16.0,132.0,21.0,50.0,48.0,32.0,null,1,0.0043859649122807015,6.0,0.0,0.0,0.0,737.7704918032787,8011.4450224199945,1,0,0.916290731874155,false
modules/extensions/src/main/java/org/apache/synapse/mediators/throttle/ThrottleMediatorFactory.java,71.0,9.0,1.0,2.0,16.0,7.0,0.0,indika@13f79535-47bb-0310-9956-ffa450edef68,0,0.0,0.0,0.0,0.0,0.0,0.0,0.0,0,1,0.0,false
modules/extensions/src/main/java/org/apache/synapse/mediators/xquery/XQueryMediator.java,575.0,31.0,136.0,20.0,101.0,55.0,16.0,indika@13f79535-47bb-0310-9956-ffa450edef68,2,0.008771929824561403,12.0,0.0,6.0,0.0,1817.9371584699452,26652.87426167012,2,3,0.3669845875401002,false
modules/extensions/src/main/java/org/apache/synapse/mediators/xquery/XQueryMediatorFactory.java,125.0,11.0,1.0,2.0,20.0,10.0,0.0,indika@13f79535-47bb-0310-9956-ffa450edef68,0,0.0,0.0,0.0,0.0,0.0,0.0,0.0,0,5,0.0,false
modules/handler/src/main/java/org/apache/synapse/handler/SynapseInHandler.java,46.0,10.0,0.0,1.0,15.0,7.0,9.0,dims@13f79535-47bb-0310-9956-ffa450edef68,1,0.0043859649122807015,33.0,0.0,0.0,33.0,321.6666666666667,964.8826328312848,1,0,3.1135153092103742,false
modules/handler/src/main/java/org/apache/synapse/handler/SynapseOutHandler.java,46.0,10.0,0.0,1.0,15.0,7.0,9.0,dims@13f79535-47bb-0310-9956-ffa450edef68,1,0.0043859649122807015,33.0,0.0,0.0,33.0,321.6666666666667,964.8826328312848,1,0,3.1135153092103742,false
modules/handler/src/main/java/org/apache/synapse/handler/util/HandlerUtil.java,25.0,2.0,0.0,1.0,9.0,4.0,12.0,ruwan@13f79535-47bb-0310-9956-ffa450edef68,1,0.0043859649122807015,33.0,0.0,0.0,33.0,321.6666666666667,964.8826328312848,1,0,3.1135153092103742,false
modules/samples/services/MTOMSwASampleService/src/samples/services/MTOMSwASampleService.java,75.0,11.0,1.0,3.0,50.0,13.0,1.0,dims@13f79535-47bb-0310-9956-ffa450edef68,1,0.0043859649122807015,50.0,0.0,50.0,0.0,737.7704918032787,8011.4450224199945,1,0,0.916290731874155,false
modules/samples/src/main/java/samples/userguide/GenericJMSClient.java,82.0,14.0,21.0,7.0,33.0,23.0,1.0,veithen@13f79535-47bb-0310-9956-ffa450edef68,1,0.0043859649122807015,14.0,0.0,14.0,0.0,737.7704918032787,8011.4450224199945,1,2,0.916290731874155,false
modules/samples/src/main/java/samples/userguide/LoadbalanceFailoverClient.java,313.0,25.0,32.0,9.0,87.0,40.0,3.0,ruwan@13f79535-47bb-0310-9956-ffa450edef68,1,0.0043859649122807015,9.0,0.0,9.0,0.0,67.19999999999999,57.4851205823011,1,1,2.890371757896165,false
modules/samples/src/main/java/samples/userguide/StockQuoteClient.java,195.0,18.0,21.0,7.0,53.0,26.0,4.0,ruwan@13f79535-47bb-0310-9956-ffa450edef68,1,0.0043859649122807015,7.0,0.0,0.0,0.0,95.0,103.95115532617737,1,4,2.70805020110221,false
modules/tasks/src/main/java/org/apache/synapse/task/DefaultTaskJobDetailFactory.java,45.0,8.0,0.0,1.0,10.0,6.0,10.0,indika@13f79535-47bb-0310-9956-ffa450edef68,1,0.0043859649122807015,17.0,17.0,0.0,0.0,1080.1666666666665,18641.429239250127,1,0,1.2039728043259361,false
modules/tasks/src/main/java/org/apache/synapse/task/DefaultTaskTriggerFactory.java,58.0,9.0,0.0,1.0,18.0,8.0,6.0,indika@13f79535-47bb-0310-9956-ffa450edef68,1,0.0043859649122807015,25.0,12.0,0.0,0.0,1080.1666666666665,18641.429239250127,1,0,1.2039728043259361,false
modules/tasks/src/main/java/org/apache/synapse/task/SynapseTaskException.java,22.0,1.0,10.0,5.0,2.0,5.0,10.0,indika@13f79535-47bb-0310-9956-ffa450edef68,1,0.0043859649122807015,25.0,25.0,0.0,0.0,1080.1666666666665,18641.429239250127,1,0,1.2039728043259361,false
modules/tasks/src/main/java/org/apache/synapse/task/Task.java,9.0,0.0,0.0,1.0,0.0,1.0,0.0,indika@13f79535-47bb-0310-9956-ffa450edef68,0,0.0,0.0,0.0,0.0,0.0,0.0,0.0,0,0,0.0,false
modules/tasks/src/main/java/org/apache/synapse/task/TaskDescription.java,92.0,3.0,223.0,23.0,4.0,36.0,2.0,indika@13f79535-47bb-0310-9956-ffa450edef68,1,0.0043859649122807015,14.0,0.0,0.0,0.0,1080.1666666666665,18641.429239250127,1,0,1.2039728043259361,false
modules/tasks/src/main/java/org/apache/synapse/task/TaskDescriptionFactory.java,129.0,11.0,0.0,4.0,36.0,14.0,9.0,indika@13f79535-47bb-0310-9956-ffa450edef68,2,0.008771929824561403,43.0,14.0,0.0,14.0,1401.8333333333333,19606.311872081413,2,0,1.203972804325936,false
modules/tasks/src/main/java/org/apache/synapse/task/TaskDescriptionRepository.java,98.0,5.0,0.0,9.0,23.0,28.0,7.0,indika@13f79535-47bb-0310-9956-ffa450edef68,1,0.0043859649122807015,33.0,22.0,0.0,22.0,1080.1666666666665,18641.429239250127,1,0,1.2039728043259361,false
modules/tasks/src/main/java/org/apache/synapse/task/TaskDescriptionRepositoryFactory.java,25.0,4.0,1.0,2.0,5.0,6.0,10.0,indika@13f79535-47bb-0310-9956-ffa450edef68,1,0.0043859649122807015,25.0,25.0,0.0,0.0,1080.1666666666665,18641.429239250127,1,0,1.2039728043259361,false
modules/tasks/src/main/java/org/apache/synapse/task/TaskDescriptionSerializer.java,52.0,7.0,0.0,1.0,18.0,7.0,6.0,indika@13f79535-47bb-0310-9956-ffa450edef68,1,0.0043859649122807015,30.0,20.0,0.0,10.0,1080.1666666666665,18641.429239250127,1,0,1.2039728043259361,false
modules/tasks/src/main/java/org/apache/synapse/task/TaskJobDetailFactory.java,13.0,3.0,0.0,1.0,0.0,4.0,10.0,indika@13f79535-47bb-0310-9956-ffa450edef68,1,0.0043859649122807015,20.0,20.0,0.0,0.0,1080.1666666666665,18641.429239250127,1,0,1.2039728043259361,false
modules/tasks/src/main/java/org/apache/synapse/task/TaskScheduler.java,209.0,6.0,0.0,12.0,37.0,44.0,10.0,indika@13f79535-47bb-0310-9956-ffa450edef68,1,0.0043859649122807015,7.0,7.0,0.0,0.0,1080.1666666666665,18641.429239250127,1,0,1.2039728043259361,false
modules/tasks/src/main/java/org/apache/synapse/task/TaskSchedulerFactory.java,24.0,2.0,1.0,2.0,3.0,6.0,0.0,indika@13f79535-47bb-0310-9956-ffa450edef68,0,0.0,0.0,0.0,0.0,0.0,0.0,0.0,0,0,0.0,false
modules/tasks/src/main/java/org/apache/synapse/task/TaskTriggerFactory.java,11.0,1.0,0.0,1.0,0.0,4.0,0.0,indika@13f79535-47bb-0310-9956-ffa450edef68,0,0.0,0.0,0.0,0.0,0.0,0.0,0.0,0,0,0.0,false
modules/tasks/src/main/java/org/apache/synapse/task/service/TaskManagementService.java,43.0,3.0,21.0,7.0,0.0,13.0,7.0,indika@13f79535-47bb-0310-9956-ffa450edef68,1,0.0043859649122807015,60.0,60.0,20.0,20.0,1080.1666666666665,18641.429239250127,1,0,1.2039728043259361,false
modules/transports/src/main/java/org/apache/synapse/transport/amqp/AMQPListener.java,124.0,16.0,2.0,8.0,45.0,31.0,0.0,veithen@13f79535-47bb-0310-9956-ffa450edef68,0,0.0,0.0,0.0,0.0,0.0,0.0,0.0,0,0,0.0,true
modules/transports/src/main/java/org/apache/synapse/transport/amqp/AMQPSender.java,212.0,28.0,13.0,6.0,80.0,28.0,4.0,veithen@13f79535-47bb-0310-9956-ffa450edef68,1,0.0043859649122807015,17.0,17.0,17.0,17.0,737.7704918032787,8011.4450224199945,1,0,0.916290731874155,true
modules/transports/src/main/java/org/apache/synapse/transport/amqp/AMQPUtils.java,256.0,39.0,53.0,11.0,90.0,46.0,4.0,veithen@13f79535-47bb-0310-9956-ffa450edef68,1,0.0043859649122807015,20.0,20.0,20.0,20.0,737.7704918032787,8011.4450224199945,1,0,0.916290731874155,true
modules/transports/src/main/java/org/apache/synapse/transport/fix/FIXApplicationFactory.java,11.0,4.0,0.0,2.0,0.0,3.0,0.0,veithen@13f79535-47bb-0310-9956-ffa450edef68,0,0.0,0.0,0.0,0.0,0.0,0.0,0.0,0,2,0.0,false
modules/transports/src/main/java/org/apache/synapse/transport/fix/FIXIncomingMessageHandler.java,254.0,25.0,0.0,12.0,64.0,34.0,0.0,veithen@13f79535-47bb-0310-9956-ffa450edef68,0,0.0,0.0,0.0,0.0,0.0,0.0,0.0,0,2,0.0,false
modules/transports/src/main/java/org/apache/synapse/transport/fix/FIXOutTransportInfo.java,34.0,6.0,0.0,5.0,9.0,9.0,5.0,veithen@13f79535-47bb-0310-9956-ffa450edef68,1,0.0043859649122807015,33.0,0.0,0.0,33.0,737.7704918032787,8011.4450224199945,1,1,0.916290731874155,false
modules/transports/src/main/java/org/apache/synapse/transport/fix/FIXSessionFactory.java,307.0,15.0,0.0,12.0,84.0,56.0,5.0,ruwan@13f79535-47bb-0310-9956-ffa450edef68,1,0.0043859649122807015,12.0,0.0,0.0,12.0,737.7704918032787,8011.4450224199945,1,3,0.916290731874155,false
modules/transports/src/main/java/org/apache/synapse/transport/fix/FIXTransportListener.java,54.0,6.0,0.0,4.0,9.0,11.0,0.0,ruwan@13f79535-47bb-0310-9956-ffa450edef68,0,0.0,0.0,0.0,0.0,0.0,0.0,0.0,0,4,0.0,false
modules/transports/src/main/java/org/apache/synapse/transport/fix/FIXTransportSender.java,310.0,16.0,67.0,14.0,89.0,61.0,5.0,veithen@13f79535-47bb-0310-9956-ffa450edef68,1,0.0043859649122807015,17.0,0.0,0.0,17.0,737.7704918032787,8011.4450224199945,1,3,0.916290731874155,false
modules/transports/src/main/java/org/apache/synapse/transport/fix/FIXUtils.java,610.0,23.0,165.0,19.0,157.0,85.0,5.0,hiranya@13f79535-47bb-0310-9956-ffa450edef68,1,0.0043859649122807015,17.0,0.0,0.0,17.0,737.7704918032787,8011.4450224199945,1,4,0.916290731874155,false
modules/transports/src/main/java/org/apache/synapse/transport/nhttp/Axis2HttpRequest.java,257.0,29.0,78.0,17.0,56.0,43.0,16.0,asankha@13f79535-47bb-0310-9956-ffa450edef68,1,0.0043859649122807015,6.0,0.0,0.0,6.0,321.6666666666667,964.8826328312848,1,5,3.1135153092103742,true
modules/transports/src/main/java/org/apache/synapse/transport/nhttp/ClientHandler.java,609.0,37.0,82.0,25.0,219.0,89.0,2.0,ruwan@13f79535-47bb-0310-9956-ffa450edef68,3,0.013157894736842105,18.0,7.0,11.0,7.0,899.9704918032787,8172.881298328473,3,14,0.7191882916909333,true
modules/transports/src/main/java/org/apache/synapse/transport/nhttp/ClientWorker.java,154.0,23.0,0.0,3.0,58.0,14.0,4.0,ruwan@13f79535-47bb-0310-9956-ffa450edef68,1,0.0043859649122807015,7.0,0.0,7.0,0.0,95.0,103.95115532617737,1,8,2.70805020110221,true
modules/transports/src/main/java/org/apache/synapse/transport/nhttp/ConnectionPool.java,85.0,8.0,0.0,4.0,35.0,14.0,0.0,dims@13f79535-47bb-0310-9956-ffa450edef68,0,0.0,0.0,0.0,0.0,0.0,0.0,0.0,0,1,0.0,true
modules/transports/src/main/java/org/apache/synapse/transport/nhttp/HttpCoreNIOListener.java,554.0,32.0,397.0,43.0,119.0,136.0,0.0,asankha@13f79535-47bb-0310-9956-ffa450edef68,0,0.0,0.0,0.0,0.0,0.0,0.0,0.0,0,7,0.0,true
modules/transports/src/main/java/org/apache/synapse/transport/nhttp/HttpCoreNIOSender.java,557.0,45.0,473.0,46.0,166.0,146.0,2.0,asankha@13f79535-47bb-0310-9956-ffa450edef68,2,0.008771929824561403,14.0,11.0,4.0,7.0,832.7704918032787,8115.396177746172,2,10,0.8018954545623604,true
modules/transports/src/main/java/org/apache/synapse/transport/nhttp/LoggingNHttpClientHandler.java,98.0,10.0,0.0,11.0,42.0,24.0,0.0,asankha@13f79535-47bb-0310-9956-ffa450edef68,0,0.0,0.0,0.0,0.0,0.0,0.0,0.0,0,2,0.0,false
modules/transports/src/main/java/org/apache/synapse/transport/nhttp/NHttpConfiguration.java,90.0,6.0,93.0,15.0,21.0,32.0,0.0,asankha@13f79535-47bb-0310-9956-ffa450edef68,0,0.0,0.0,0.0,0.0,0.0,0.0,0.0,0,2,0.0,false
modules/transports/src/main/java/org/apache/synapse/transport/nhttp/NhttpConstants.java,51.0,0.0,0.0,0.0,0.0,0.0,4.0,asankha@13f79535-47bb-0310-9956-ffa450edef68,1,0.0043859649122807015,6.0,0.0,6.0,0.0,95.0,103.95115532617737,1,9,2.70805020110221,true
modules/transports/src/main/java/org/apache/synapse/transport/nhttp/ServerHandler.java,341.0,27.0,31.0,19.0,106.0,57.0,4.0,asankha@13f79535-47bb-0310-9956-ffa450edef68,1,0.0043859649122807015,14.0,7.0,7.0,0.0,737.7704918032787,8011.4450224199945,1,6,0.916290731874155,true
modules/transports/src/main/java/org/apache/synapse/transport/nhttp/ServerWorker.java,535.0,30.0,7.0,15.0,136.0,57.0,2.0,ruwan@13f79535-47bb-0310-9956-ffa450edef68,2,0.008771929824561403,17.0,11.0,11.0,0.0,832.7704918032787,8115.396177746172,2,8,0.8770297199886938,true
modules/transports/src/main/java/org/apache/synapse/transport/nhttp/util/NhttpUtil.java,81.0,8.0,6.0,4.0,29.0,21.0,0.0,asankha@13f79535-47bb-0310-9956-ffa450edef68,0,0.0,0.0,0.0,0.0,0.0,0.0,0.0,0,1,0.0,false
modules/transports/src/main/java/org/apache/synapse/transport/nhttp/util/SharedInputBuffer.java,143.0,7.0,0.0,11.0,24.0,42.0,4.0,veithen@13f79535-47bb-0310-9956-ffa450edef68,1,0.0043859649122807015,33.0,0.0,33.0,0.0,737.7704918032787,8011.4450224199945,1,1,0.916290731874155,true
modules/transports/src/main/java/org/apache/synapse/transport/nhttp/util/SharedOutputBuffer.java,131.0,7.0,0.0,11.0,25.0,40.0,4.0,veithen@13f79535-47bb-0310-9956-ffa450edef68,1,0.0043859649122807015,33.0,0.0,33.0,0.0,737.7704918032787,8011.4450224199945,1,2,0.916290731874155,true
modules/transports/src/main/java/org/apache/synapse/transport/pipe/EndDelimitedProtocol.java,43.0,6.0,0.0,4.0,1.0,7.0,0.0,veithen@13f79535-47bb-0310-9956-ffa450edef68,0,0.0,0.0,0.0,0.0,0.0,0.0,0.0,0,1,0.0,false
modules/transports/src/main/java/org/apache/synapse/transport/pipe/PipeDispatcher.java,31.0,7.0,0.0,4.0,15.0,9.0,0.0,veithen@13f79535-47bb-0310-9956-ffa450edef68,0,0.0,0.0,0.0,0.0,0.0,0.0,0.0,0,1,0.0,false
modules/transports/src/main/java/org/apache/synapse/transport/pipe/PipeEndpoint.java,22.0,3.0,2.0,5.0,2.0,8.0,0.0,veithen@13f79535-47bb-0310-9956-ffa450edef68,0,0.0,0.0,0.0,0.0,0.0,0.0,0.0,0,1,0.0,false
modules/transports/src/main/java/org/apache/synapse/transport/pipe/PipeEndpointListener.java,90.0,11.0,0.0,3.0,34.0,13.0,0.0,veithen@13f79535-47bb-0310-9956-ffa450edef68,0,0.0,0.0,0.0,0.0,0.0,0.0,0.0,0,1,0.0,false
modules/transports/src/main/java/org/apache/synapse/transport/pipe/PipeListener.java,38.0,10.0,1.0,3.0,11.0,9.0,0.0,veithen@13f79535-47bb-0310-9956-ffa450edef68,0,0.0,0.0,0.0,0.0,0.0,0.0,0.0,0,1,0.0,false
modules/transports/src/main/java/org/apache/synapse/transport/vfs/PollTableEntry.java,153.0,3.0,272.0,25.0,12.0,46.0,0.0,veithen@13f79535-47bb-0310-9956-ffa450edef68,0,0.0,0.0,0.0,0.0,0.0,0.0,0.0,0,1,0.0,false
modules/transports/src/main/java/org/apache/synapse/transport/vfs/VFSOutTransportInfo.java,60.0,9.0,25.0,10.0,9.0,17.0,5.0,veithen@13f79535-47bb-0310-9956-ffa450edef68,1,0.0043859649122807015,20.0,0.0,0.0,20.0,737.7704918032787,8011.4450224199945,1,0,0.916290731874155,false
modules/transports/src/main/java/org/apache/synapse/transport/vfs/VFSTransportListener.java,346.0,24.0,7.0,6.0,104.0,34.0,4.0,veithen@13f79535-47bb-0310-9956-ffa450edef68,1,0.0043859649122807015,4.0,4.0,4.0,4.0,737.7704918032787,8011.4450224199945,1,5,0.916290731874155,false
modules/transports/src/main/java/org/apache/synapse/transport/vfs/VFSTransportSender.java,139.0,13.0,4.0,4.0,36.0,18.0,1.0,veithen@13f79535-47bb-0310-9956-ffa450edef68,1,0.0043859649122807015,7.0,0.0,0.0,0.0,737.7704918032787,8011.4450224199945,1,2,0.916290731874155,false
modules/transports/src/main/java/org/apache/synapse/transport/vfs/VFSUtils.java,52.0,8.0,6.0,4.0,10.0,13.0,4.0,veithen@13f79535-47bb-0310-9956-ffa450edef68,1,0.0043859649122807015,20.0,20.0,20.0,20.0,737.7704918032787,8011.4450224199945,1,1,0.916290731874155,false
modules/transports/src/test/java/org/apache/synapse/transport/nhttp/HttpAxisTestClientConfigurator.java,12.0,4.0,0.0,3.0,1.0,8.0,0.0,veithen@13f79535-47bb-0310-9956-ffa450edef68,0,0.0,0.0,0.0,0.0,0.0,0.0,0.0,0,0,0.0,false
modules/transports/src/test/java/org/apache/synapse/transport/nhttp/HttpCoreNIOListenerTest.java,12.0,6.0,0.0,1.0,3.0,3.0,0.0,veithen@13f79535-47bb-0310-9956-ffa450edef68,0,0.0,0.0,0.0,0.0,0.0,0.0,0.0,0,6,0.0,true
modules/transports/src/test/java/org/apache/synapse/transport/vfs/VFSAsyncClient.java,5.0,3.0,0.0,1.0,1.0,2.0,0.0,veithen@13f79535-47bb-0310-9956-ffa450edef68,0,0.0,0.0,0.0,0.0,0.0,0.0,0.0,0,0,0.0,false
modules/transports/src/test/java/org/apache/synapse/transport/vfs/VFSAsyncFileChannel.java,5.0,1.0,0.0,1.0,0.0,1.0,0.0,veithen@13f79535-47bb-0310-9956-ffa450edef68,0,0.0,0.0,0.0,0.0,0.0,0.0,0.0,0,0,0.0,false
modules/transports/src/test/java/org/apache/synapse/transport/vfs/VFSClient.java,18.0,10.0,1.0,3.0,6.0,6.0,0.0,veithen@13f79535-47bb-0310-9956-ffa450edef68,0,0.0,0.0,0.0,0.0,0.0,0.0,0.0,0,2,0.0,false
modules/transports/src/test/java/org/apache/synapse/transport/vfs/VFSFileChannel.java,27.0,6.0,0.0,6.0,9.0,12.0,0.0,veithen@13f79535-47bb-0310-9956-ffa450edef68,0,0.0,0.0,0.0,0.0,0.0,0.0,0.0,0,1,0.0,false
modules/transports/src/test/java/org/apache/synapse/transport/vfs/VFSMockAsyncEndpoint.java,15.0,7.0,0.0,3.0,5.0,7.0,0.0,veithen@13f79535-47bb-0310-9956-ffa450edef68,0,0.0,0.0,0.0,0.0,0.0,0.0,0.0,0,1,0.0,true
modules/transports/src/test/java/org/apache/synapse/transport/vfs/VFSRequestResponseClient.java,11.0,7.0,0.0,2.0,3.0,4.0,0.0,veithen@13f79535-47bb-0310-9956-ffa450edef68,0,0.0,0.0,0.0,0.0,0.0,0.0,0.0,0,0,0.0,false
modules/transports/src/test/java/org/apache/synapse/transport/vfs/VFSRequestResponseFileChannel.java,18.0,5.0,0.0,4.0,3.0,7.0,0.0,veithen@13f79535-47bb-0310-9956-ffa450edef68,0,0.0,0.0,0.0,0.0,0.0,0.0,0.0,0,0,0.0,false
modules/transports/src/test/java/org/apache/synapse/transport/vfs/VFSTestEnvironment.java,12.0,2.0,0.0,3.0,1.0,4.0,0.0,veithen@13f79535-47bb-0310-9956-ffa450edef68,0,0.0,0.0,0.0,0.0,0.0,0.0,0.0,0,0,0.0,false
modules/transports/src/test/java/org/apache/synapse/transport/vfs/VFSTransportTest.java,24.0,11.0,0.0,1.0,11.0,3.0,0.0,veithen@13f79535-47bb-0310-9956-ffa450edef68,0,0.0,0.0,0.0,0.0,0.0,0.0,0.0,0,1,0.0,false
modules/utils/src/main/java/org/apache/synapse/commons/util/MBeanRegistrar.java,62.0,6.0,22.0,8.0,19.0,22.0,56.0,indika@13f79535-47bb-0310-9956-ffa450edef68,1,0.0043859649122807015,50.0,0.0,0.0,50.0,1080.1666666666665,18641.429239250127,1,0,1.2039728043259361,false
modules/utils/src/main/java/org/apache/synapse/commons/util/MBeanRepository.java,8.0,0.0,6.0,4.0,0.0,4.0,47.0,indika@13f79535-47bb-0310-9956-ffa450edef68,1,0.0043859649122807015,33.0,0.0,0.0,33.0,1080.1666666666665,18641.429239250127,1,0,1.2039728043259361,false
modules/utils/src/main/java/org/apache/synapse/commons/util/MiscellaneousUtil.java,177.0,4.0,3.0,6.0,26.0,25.0,56.0,indika@13f79535-47bb-0310-9956-ffa450edef68,1,0.0043859649122807015,17.0,0.0,0.0,17.0,1080.1666666666665,18641.429239250127,1,0,1.2039728043259361,false
modules/utils/src/main/java/org/apache/synapse/commons/util/PropertyHelper.java,122.0,5.0,4.0,5.0,35.0,21.0,28.0,indika@13f79535-47bb-0310-9956-ffa450edef68,2,0.008771929824561403,40.0,0.0,0.0,40.0,1401.8333333333333,19606.311872081413,2,0,1.4655968762082097,false
modules/utils/src/main/java/org/apache/synapse/commons/util/RMIRegistryController.java,101.0,9.0,21.0,10.0,25.0,26.0,32.0,indika@13f79535-47bb-0310-9956-ffa450edef68,1,0.0043859649122807015,60.0,20.0,20.0,40.0,1080.1666666666665,18641.429239250127,1,0,1.2039728043259361,false
modules/utils/src/main/java/org/apache/synapse/commons/util/SynapseUtilException.java,22.0,1.0,10.0,5.0,2.0,5.0,12.0,indika@13f79535-47bb-0310-9956-ffa450edef68,1,0.0043859649122807015,50.0,0.0,0.0,50.0,321.6666666666667,964.8826328312848,1,0,3.1135153092103742,false
modules/utils/src/main/java/org/apache/synapse/commons/util/TemporaryData.java,266.0,4.0,0.0,10.0,19.0,36.0,12.0,indika@13f79535-47bb-0310-9956-ffa450edef68,1,0.0043859649122807015,50.0,0.0,0.0,50.0,321.6666666666667,964.8826328312848,1,0,3.1135153092103742,false
modules/utils/src/main/java/org/apache/synapse/commons/util/datasource/DBPoolView.java,49.0,2.0,21.0,10.0,4.0,17.0,47.0,indika@13f79535-47bb-0310-9956-ffa450edef68,1,0.0043859649122807015,50.0,0.0,0.0,50.0,1080.1666666666665,18641.429239250127,1,0,1.2039728043259361,false
modules/utils/src/main/java/org/apache/synapse/commons/util/datasource/DBPoolViewMBean.java,9.0,1.0,10.0,5.0,0.0,5.0,47.0,indika@13f79535-47bb-0310-9956-ffa450edef68,1,0.0043859649122807015,50.0,0.0,0.0,50.0,1080.1666666666665,18641.429239250127,1,0,1.2039728043259361,false
modules/utils/src/main/java/org/apache/synapse/commons/util/datasource/DataSourceConfigurationConstants.java,62.0,0.0,0.0,0.0,0.0,0.0,32.0,indika@13f79535-47bb-0310-9956-ffa450edef68,1,0.0043859649122807015,29.0,14.0,0.0,14.0,1080.1666666666665,18641.429239250127,1,0,1.2039728043259361,false
modules/utils/src/main/java/org/apache/synapse/commons/util/datasource/DataSourceFinder.java,59.0,8.0,4.0,4.0,9.0,16.0,38.0,indika@13f79535-47bb-0310-9956-ffa450edef68,1,0.0043859649122807015,50.0,0.0,25.0,50.0,1080.1666666666665,18641.429239250127,1,0,1.2039728043259361,false
modules/utils/src/main/java/org/apache/synapse/commons/util/datasource/DataSourceInformation.java,239.0,4.0,2073.0,66.0,5.0,101.0,30.0,indika@13f79535-47bb-0310-9956-ffa450edef68,1,0.0043859649122807015,30.0,10.0,10.0,10.0,1080.1666666666665,18641.429239250127,1,0,1.2039728043259361,false
modules/utils/src/main/java/org/apache/synapse/commons/util/datasource/DataSourceInformationRepository.java,74.0,7.0,12.0,12.0,22.0,32.0,28.0,indika@13f79535-47bb-0310-9956-ffa450edef68,1,0.0043859649122807015,50.0,0.0,33.0,33.0,1080.1666666666665,18641.429239250127,1,0,1.2039728043259361,false
modules/utils/src/main/java/org/apache/synapse/commons/util/datasource/DataSourceInformationRepositoryHelper.java,51.0,8.0,8.0,5.0,15.0,14.0,24.0,indika@13f79535-47bb-0310-9956-ffa450edef68,1,0.0043859649122807015,40.0,0.0,20.0,30.0,1080.1666666666665,18641.429239250127,1,0,1.2039728043259361,false
modules/utils/src/main/java/org/apache/synapse/commons/util/datasource/DataSourceInformationRepositoryListener.java,7.0,1.0,3.0,3.0,0.0,5.0,47.0,indika@13f79535-47bb-0310-9956-ffa450edef68,1,0.0043859649122807015,33.0,0.0,0.0,33.0,1080.1666666666665,18641.429239250127,1,0,1.2039728043259361,false
modules/utils/src/main/java/org/apache/synapse/commons/util/datasource/DataSourceRepository.java,35.0,2.0,15.0,6.0,0.0,11.0,39.0,indika@13f79535-47bb-0310-9956-ffa450edef68,1,0.0043859649122807015,50.0,0.0,0.0,50.0,1080.1666666666665,18641.429239250127,1,0,1.2039728043259361,false
modules/utils/src/main/java/org/apache/synapse/commons/util/datasource/DataSourceRepositoryManager.java,69.0,5.0,8.0,8.0,14.0,20.0,11.0,indika@13f79535-47bb-0310-9956-ffa450edef68,1,0.0043859649122807015,25.0,0.0,25.0,25.0,1080.1666666666665,18641.429239250127,1,0,1.2039728043259361,false
modules/utils/src/main/java/org/apache/synapse/commons/util/datasource/DatasourceMBeanRepository.java,63.0,7.0,31.0,10.0,21.0,19.0,39.0,indika@13f79535-47bb-0310-9956-ffa450edef68,1,0.0043859649122807015,20.0,0.0,0.0,20.0,1080.1666666666665,18641.429239250127,1,0,1.2039728043259361,false
modules/utils/src/main/java/org/apache/synapse/commons/util/datasource/InMemoryDataSourceRepository.java,70.0,9.0,29.0,10.0,18.0,19.0,39.0,indika@13f79535-47bb-0310-9956-ffa450edef68,1,0.0043859649122807015,20.0,0.0,0.0,20.0,1080.1666666666665,18641.429239250127,1,0,1.2039728043259361,false
modules/utils/src/main/java/org/apache/synapse/commons/util/datasource/JNDIBasedDataSourceRepository.java,343.0,12.0,104.0,20.0,104.0,58.0,20.0,indika@13f79535-47bb-0310-9956-ffa450edef68,1,0.0043859649122807015,46.0,8.0,15.0,23.0,1080.1666666666665,18641.429239250127,1,0,1.2039728043259361,false
modules/utils/src/main/java/org/apache/synapse/commons/util/datasource/RepositoryBasedDataSourceFinder.java,46.0,4.0,13.0,7.0,6.0,14.0,8.0,indika@13f79535-47bb-0310-9956-ffa450edef68,1,0.0043859649122807015,50.0,0.0,50.0,25.0,1080.1666666666665,18641.429239250127,1,0,1.2039728043259361,false
modules/utils/src/main/java/org/apache/synapse/commons/util/datasource/factory/DataSourceFactory.java,113.0,8.0,3.0,3.0,56.0,10.0,39.0,indika@13f79535-47bb-0310-9956-ffa450edef68,1,0.0043859649122807015,22.0,11.0,11.0,11.0,1080.1666666666665,18641.429239250127,1,0,1.2039728043259361,false
modules/utils/src/main/java/org/apache/synapse/commons/util/datasource/factory/DataSourceInformationFactory.java,123.0,9.0,1.0,3.0,40.0,10.0,21.0,indika@13f79535-47bb-0310-9956-ffa450edef68,1,0.0043859649122807015,33.0,7.0,13.0,20.0,1080.1666666666665,18641.429239250127,1,0,1.2039728043259361,false
modules/utils/src/main/java/org/apache/synapse/commons/util/datasource/factory/DataSourceInformationListFactory.java,39.0,8.0,0.0,1.0,7.0,4.0,39.0,indika@13f79535-47bb-0310-9956-ffa450edef68,1,0.0043859649122807015,17.0,0.0,0.0,17.0,1080.1666666666665,18641.429239250127,1,0,1.2039728043259361,false
modules/utils/src/main/java/org/apache/synapse/commons/util/datasource/factory/DataSourceInformationRepositoryFactory.java,21.0,6.0,1.0,2.0,7.0,8.0,25.0,indika@13f79535-47bb-0310-9956-ffa450edef68,1,0.0043859649122807015,44.0,0.0,22.0,33.0,1080.1666666666665,18641.429239250127,1,0,1.2039728043259361,false
modules/utils/src/main/java/org/apache/synapse/commons/util/datasource/serializer/DataSourceInformationListSerializer.java,18.0,4.0,0.0,1.0,6.0,4.0,47.0,indika@13f79535-47bb-0310-9956-ffa450edef68,1,0.0043859649122807015,17.0,0.0,0.0,17.0,1080.1666666666665,18641.429239250127,1,0,1.2039728043259361,false
modules/utils/src/main/java/org/apache/synapse/commons/util/datasource/serializer/DataSourceInformationSerializer.java,57.0,3.0,1.0,2.0,40.0,8.0,30.0,indika@13f79535-47bb-0310-9956-ffa450edef68,1,0.0043859649122807015,27.0,9.0,9.0,9.0,1080.1666666666665,18641.429239250127,1,0,1.2039728043259361,false
modules/utils/src/test/java/org/apache/synapse/util/TemporaryDataTest.java,92.0,10.0,15.0,7.0,36.0,17.0,16.0,indika@13f79535-47bb-0310-9956-ffa450edef68,1,0.0043859649122807015,33.0,0.0,0.0,33.0,321.6666666666667,964.8826328312848,1,0,3.1135153092103742,false
