name,LOC,CBO,LCOM,NOM,RFC,WMC,ACS,Ownership,numOfChanges,numberOfFIChanges,ENH,NF,BugFixing,REF,structuralWorkloadSum,semanticWorkloadSum,numberOfDeveloper,pastFaults,MAF,isBuggy
modules/commons/src/main/java/org/apache/synapse/commons/SynapseCommonsException.java,22.0,1.0,10.0,5.0,2.0,5.0,28.0,indika@13f79535-47bb-0310-9956-ffa450edef68,1,0.0024271844660194173,50.0,0.0,50.0,0.0,3672.1056603773586,61275.620915032676,1,0,1.409461420401425,false
modules/commons/src/main/java/org/apache/synapse/commons/datasource/DBPoolView.java,49.0,2.0,21.0,10.0,4.0,17.0,102.0,indika@13f79535-47bb-0310-9956-ffa450edef68,1,0.0024271844660194173,33.0,0.0,0.0,0.0,3672.1056603773586,61275.620915032676,1,0,1.409461420401425,false
modules/commons/src/main/java/org/apache/synapse/commons/datasource/DBPoolViewMBean.java,9.0,1.0,10.0,5.0,0.0,5.0,102.0,indika@13f79535-47bb-0310-9956-ffa450edef68,1,0.0024271844660194173,33.0,0.0,0.0,0.0,3672.1056603773586,61275.620915032676,1,0,1.409461420401425,false
modules/commons/src/main/java/org/apache/synapse/commons/datasource/DataSourceConstants.java,59.0,0.0,0.0,0.0,0.0,0.0,85.0,indika@13f79535-47bb-0310-9956-ffa450edef68,1,0.0024271844660194173,25.0,0.0,0.0,0.0,3672.1056603773586,61275.620915032676,1,0,1.409461420401425,false
modules/commons/src/main/java/org/apache/synapse/commons/datasource/DataSourceFinder.java,59.0,8.0,4.0,4.0,9.0,16.0,87.0,indika@13f79535-47bb-0310-9956-ffa450edef68,1,0.0024271844660194173,40.0,0.0,20.0,0.0,3672.1056603773586,61275.620915032676,1,0,1.409461420401425,false
modules/commons/src/main/java/org/apache/synapse/commons/datasource/DataSourceHelper.java,74.0,5.0,16.0,8.0,11.0,20.0,75.0,indika@13f79535-47bb-0310-9956-ffa450edef68,1,0.0024271844660194173,50.0,0.0,25.0,0.0,3672.1056603773586,61275.620915032676,1,0,1.409461420401425,false
modules/commons/src/main/java/org/apache/synapse/commons/datasource/DataSourceInformation.java,232.0,5.0,1946.0,64.0,5.0,100.0,77.0,indika@13f79535-47bb-0310-9956-ffa450edef68,1,0.0024271844660194173,50.0,0.0,0.0,0.0,3672.1056603773586,61275.620915032676,1,0,1.409461420401425,false
modules/commons/src/main/java/org/apache/synapse/commons/datasource/DataSourceInformationRepository.java,108.0,7.0,12.0,12.0,22.0,35.0,87.0,indika@13f79535-47bb-0310-9956-ffa450edef68,1,0.0024271844660194173,40.0,0.0,20.0,0.0,3672.1056603773586,61275.620915032676,1,0,1.409461420401425,false
modules/commons/src/main/java/org/apache/synapse/commons/datasource/DataSourceInformationRepositoryListener.java,20.0,1.0,3.0,3.0,0.0,6.0,102.0,indika@13f79535-47bb-0310-9956-ffa450edef68,1,0.0024271844660194173,50.0,0.0,0.0,0.0,3672.1056603773586,61275.620915032676,1,0,1.409461420401425,false
modules/commons/src/main/java/org/apache/synapse/commons/datasource/DataSourceRepository.java,35.0,2.0,15.0,6.0,0.0,11.0,102.0,indika@13f79535-47bb-0310-9956-ffa450edef68,1,0.0024271844660194173,50.0,0.0,0.0,0.0,3672.1056603773586,61275.620915032676,1,0,1.409461420401425,false
modules/commons/src/main/java/org/apache/synapse/commons/datasource/DataSourceRepositoryManager.java,71.0,5.0,0.0,7.0,15.0,19.0,75.0,indika@13f79535-47bb-0310-9956-ffa450edef68,1,0.0024271844660194173,67.0,0.0,33.0,0.0,3672.1056603773586,61275.620915032676,1,0,1.409461420401425,false
modules/commons/src/main/java/org/apache/synapse/commons/datasource/DatasourceMBeanRepository.java,62.0,7.0,31.0,10.0,21.0,19.0,75.0,indika@13f79535-47bb-0310-9956-ffa450edef68,1,0.0024271844660194173,40.0,0.0,20.0,0.0,3672.1056603773586,61275.620915032676,1,0,1.409461420401425,false
modules/commons/src/main/java/org/apache/synapse/commons/datasource/InMemoryDataSourceRepository.java,67.0,9.0,20.0,9.0,18.0,17.0,67.0,indika@13f79535-47bb-0310-9956-ffa450edef68,1,0.0024271844660194173,67.0,0.0,33.0,0.0,3672.1056603773586,61275.620915032676,1,0,1.409461420401425,false
modules/commons/src/main/java/org/apache/synapse/commons/datasource/JNDIBasedDataSourceRepository.java,347.0,11.0,63.0,18.0,107.0,55.0,72.0,indika@13f79535-47bb-0310-9956-ffa450edef68,1,0.0024271844660194173,43.0,0.0,14.0,0.0,3672.1056603773586,61275.620915032676,1,0,1.409461420401425,false
modules/commons/src/main/java/org/apache/synapse/commons/datasource/RepositoryBasedDataSourceFinder.java,40.0,4.0,2.0,5.0,6.0,11.0,75.0,indika@13f79535-47bb-0310-9956-ffa450edef68,1,0.0024271844660194173,67.0,0.0,33.0,0.0,3672.1056603773586,61275.620915032676,1,0,1.409461420401425,false
modules/commons/src/main/java/org/apache/synapse/commons/datasource/factory/DataSourceFactory.java,117.0,8.0,4.0,4.0,58.0,12.0,74.0,indika@13f79535-47bb-0310-9956-ffa450edef68,1,0.0024271844660194173,75.0,0.0,25.0,0.0,3672.1056603773586,61275.620915032676,1,0,1.409461420401425,false
modules/commons/src/main/java/org/apache/synapse/commons/datasource/factory/DataSourceInformationFactory.java,118.0,12.0,1.0,3.0,40.0,10.0,71.0,indika@13f79535-47bb-0310-9956-ffa450edef68,1,0.0024271844660194173,33.0,0.0,17.0,0.0,3672.1056603773586,61275.620915032676,1,0,1.409461420401425,false
modules/commons/src/main/java/org/apache/synapse/commons/datasource/factory/DataSourceInformationListFactory.java,45.0,8.0,0.0,1.0,7.0,4.0,85.0,indika@13f79535-47bb-0310-9956-ffa450edef68,1,0.0024271844660194173,33.0,0.0,0.0,0.0,3672.1056603773586,61275.620915032676,1,0,1.409461420401425,false
modules/commons/src/main/java/org/apache/synapse/commons/datasource/factory/DataSourceInformationRepositoryFactory.java,45.0,5.0,3.0,3.0,9.0,11.0,64.0,indika@13f79535-47bb-0310-9956-ffa450edef68,1,0.0024271844660194173,40.0,0.0,0.0,0.0,3672.1056603773586,61275.620915032676,1,0,1.409461420401425,false
modules/commons/src/main/java/org/apache/synapse/commons/datasource/serializer/DataSourceInformationListSerializer.java,24.0,4.0,0.0,1.0,6.0,4.0,85.0,indika@13f79535-47bb-0310-9956-ffa450edef68,1,0.0024271844660194173,100.0,0.0,0.0,0.0,3672.1056603773586,61275.620915032676,1,0,1.409461420401425,false
modules/commons/src/main/java/org/apache/synapse/commons/datasource/serializer/DataSourceInformationSerializer.java,72.0,5.0,1.0,2.0,41.0,8.0,68.0,indika@13f79535-47bb-0310-9956-ffa450edef68,1,0.0024271844660194173,50.0,0.0,0.0,0.0,3672.1056603773586,61275.620915032676,1,0,1.409461420401425,false
modules/commons/src/main/java/org/apache/synapse/commons/jmx/JmxConfigurationConstants.java,26.0,0.0,0.0,0.0,0.0,0.0,90.0,indika@13f79535-47bb-0310-9956-ffa450edef68,1,0.0024271844660194173,33.0,0.0,0.0,0.0,3672.1056603773586,61275.620915032676,1,0,1.409461420401425,false
modules/commons/src/main/java/org/apache/synapse/commons/jmx/JmxInformation.java,101.0,1.0,123.0,18.0,2.0,31.0,94.0,indika@13f79535-47bb-0310-9956-ffa450edef68,1,0.0024271844660194173,25.0,0.0,0.0,0.0,3672.1056603773586,61275.620915032676,1,0,1.409461420401425,false
modules/commons/src/main/java/org/apache/synapse/commons/jmx/JmxInformationFactory.java,118.0,10.0,8.0,5.0,24.0,21.0,83.0,indika@13f79535-47bb-0310-9956-ffa450edef68,1,0.0024271844660194173,33.0,0.0,17.0,0.0,3672.1056603773586,61275.620915032676,1,0,1.409461420401425,false
modules/commons/src/main/java/org/apache/synapse/commons/jmx/JmxSecretAuthenticator.java,29.0,5.0,0.0,2.0,4.0,9.0,80.0,indika@13f79535-47bb-0310-9956-ffa450edef68,1,0.0024271844660194173,40.0,0.0,0.0,0.0,3672.1056603773586,61275.620915032676,1,0,1.409461420401425,false
modules/commons/src/main/java/org/apache/synapse/commons/jmx/MBeanRegistrar.java,62.0,7.0,22.0,8.0,19.0,22.0,69.0,indika@13f79535-47bb-0310-9956-ffa450edef68,1,0.0024271844660194173,40.0,0.0,20.0,0.0,3672.1056603773586,61275.620915032676,1,0,1.409461420401425,false
modules/commons/src/main/java/org/apache/synapse/commons/jmx/MBeanRepository.java,8.0,0.0,6.0,4.0,0.0,4.0,77.0,indika@13f79535-47bb-0310-9956-ffa450edef68,1,0.0024271844660194173,50.0,0.0,0.0,0.0,3672.1056603773586,61275.620915032676,1,0,1.409461420401425,false
modules/commons/src/main/java/org/apache/synapse/commons/security/SecurityConstants.java,10.0,0.0,0.0,0.0,0.0,0.0,111.0,indika@13f79535-47bb-0310-9956-ffa450edef68,1,0.0024271844660194173,50.0,0.0,0.0,0.0,3672.1056603773586,61275.620915032676,1,0,1.409461420401425,false
modules/commons/src/main/java/org/apache/synapse/commons/security/definition/CipherInformation.java,55.0,4.0,54.0,12.0,2.0,19.0,138.0,indika@13f79535-47bb-0310-9956-ffa450edef68,1,0.0024271844660194173,33.0,0.0,0.0,0.0,3672.1056603773586,61275.620915032676,1,0,1.409461420401425,false
modules/commons/src/main/java/org/apache/synapse/commons/security/definition/IdentityKeyStoreInformation.java,38.0,3.0,0.0,4.0,9.0,11.0,95.0,indika@13f79535-47bb-0310-9956-ffa450edef68,1,0.0024271844660194173,67.0,0.0,0.0,0.0,3672.1056603773586,61275.620915032676,1,0,1.409461420401425,false
modules/commons/src/main/java/org/apache/synapse/commons/security/definition/KeyStoreInformation.java,98.0,14.0,39.0,14.0,21.0,32.0,85.0,indika@13f79535-47bb-0310-9956-ffa450edef68,1,0.0024271844660194173,60.0,0.0,20.0,0.0,3672.1056603773586,61275.620915032676,1,0,1.409461420401425,false
modules/commons/src/main/java/org/apache/synapse/commons/security/definition/TrustKeyStoreInformation.java,31.0,2.0,1.0,2.0,7.0,6.0,138.0,indika@13f79535-47bb-0310-9956-ffa450edef68,1,0.0024271844660194173,50.0,0.0,0.0,0.0,3672.1056603773586,61275.620915032676,1,0,1.409461420401425,false
modules/commons/src/main/java/org/apache/synapse/commons/security/definition/factory/KeyStoreInformationFactory.java,96.0,8.0,0.0,3.0,26.0,12.0,93.0,indika@13f79535-47bb-0310-9956-ffa450edef68,1,0.0024271844660194173,67.0,0.0,0.0,33.0,3672.1056603773586,61275.620915032676,1,0,1.409461420401425,false
modules/commons/src/main/java/org/apache/synapse/commons/security/enumeration/CipherOperationMode.java,0.0,0.0,0.0,0.0,0.0,0.0,111.0,indika@13f79535-47bb-0310-9956-ffa450edef68,1,0.0024271844660194173,50.0,0.0,0.0,0.0,3672.1056603773586,61275.620915032676,1,0,1.409461420401425,false
modules/commons/src/main/java/org/apache/synapse/commons/security/enumeration/EncodingType.java,0.0,0.0,0.0,0.0,0.0,0.0,111.0,indika@13f79535-47bb-0310-9956-ffa450edef68,1,0.0024271844660194173,50.0,0.0,0.0,0.0,3672.1056603773586,61275.620915032676,1,0,1.409461420401425,false
modules/commons/src/main/java/org/apache/synapse/commons/security/enumeration/KeyStoreType.java,0.0,0.0,0.0,0.0,0.0,0.0,138.0,indika@13f79535-47bb-0310-9956-ffa450edef68,1,0.0024271844660194173,50.0,0.0,0.0,0.0,3672.1056603773586,61275.620915032676,1,0,1.409461420401425,false
modules/commons/src/main/java/org/apache/synapse/commons/security/interfaces/ICACertsLoader.java,10.0,1.0,0.0,1.0,0.0,3.0,138.0,indika@13f79535-47bb-0310-9956-ffa450edef68,1,0.0024271844660194173,50.0,0.0,0.0,0.0,3672.1056603773586,61275.620915032676,1,0,1.409461420401425,false
modules/commons/src/main/java/org/apache/synapse/commons/security/interfaces/IKeyStoreLoader.java,10.0,1.0,0.0,1.0,0.0,2.0,138.0,indika@13f79535-47bb-0310-9956-ffa450edef68,1,0.0024271844660194173,50.0,0.0,0.0,0.0,3672.1056603773586,61275.620915032676,1,0,1.409461420401425,false
modules/commons/src/main/java/org/apache/synapse/commons/security/keystore/AbstractKeyStoreLoader.java,72.0,13.0,0.0,4.0,12.0,10.0,116.0,indika@13f79535-47bb-0310-9956-ffa450edef68,1,0.0024271844660194173,40.0,0.0,20.0,0.0,3672.1056603773586,61275.620915032676,1,0,1.409461420401425,false
modules/commons/src/main/java/org/apache/synapse/commons/security/keystore/CACertsLoader.java,48.0,14.0,0.0,2.0,11.0,7.0,116.0,indika@13f79535-47bb-0310-9956-ffa450edef68,1,0.0024271844660194173,50.0,0.0,25.0,0.0,3672.1056603773586,61275.620915032676,1,0,1.409461420401425,false
modules/commons/src/main/java/org/apache/synapse/commons/security/keystore/JKSKeyStoreLoader.java,24.0,1.0,0.0,2.0,1.0,4.0,138.0,indika@13f79535-47bb-0310-9956-ffa450edef68,1,0.0024271844660194173,50.0,0.0,0.0,0.0,3672.1056603773586,61275.620915032676,1,0,1.409461420401425,false
modules/commons/src/main/java/org/apache/synapse/commons/security/keystore/PKCS12KeyStoreLoader.java,19.0,1.0,0.0,2.0,1.0,4.0,138.0,indika@13f79535-47bb-0310-9956-ffa450edef68,1,0.0024271844660194173,50.0,0.0,0.0,0.0,3672.1056603773586,61275.620915032676,1,0,1.409461420401425,false
modules/commons/src/main/java/org/apache/synapse/commons/security/keystore/PKCS8KeyStoreLoader.java,138.0,12.0,2.0,4.0,22.0,15.0,116.0,indika@13f79535-47bb-0310-9956-ffa450edef68,1,0.0024271844660194173,40.0,0.0,20.0,0.0,3672.1056603773586,61275.620915032676,1,0,1.409461420401425,false
modules/commons/src/main/java/org/apache/synapse/commons/security/mbean/JMXSecretsProvider.java,37.0,5.0,9.0,7.0,13.0,11.0,116.0,indika@13f79535-47bb-0310-9956-ffa450edef68,1,0.0024271844660194173,67.0,0.0,33.0,0.0,3672.1056603773586,61275.620915032676,1,0,1.409461420401425,false
modules/commons/src/main/java/org/apache/synapse/commons/security/mbean/JMXSecretsProviderMBean.java,20.0,0.0,3.0,3.0,0.0,7.0,138.0,indika@13f79535-47bb-0310-9956-ffa450edef68,1,0.0024271844660194173,50.0,0.0,0.0,0.0,3672.1056603773586,61275.620915032676,1,0,1.409461420401425,false
modules/commons/src/main/java/org/apache/synapse/commons/security/mbean/SecretManagerAdminMBean.java,13.0,0.0,1.0,2.0,0.0,2.0,138.0,indika@13f79535-47bb-0310-9956-ffa450edef68,1,0.0024271844660194173,50.0,0.0,0.0,0.0,3672.1056603773586,61275.620915032676,1,0,1.409461420401425,false
modules/commons/src/main/java/org/apache/synapse/commons/security/secret/AbstractSecretCallbackHandler.java,41.0,3.0,4.0,4.0,11.0,11.0,138.0,indika@13f79535-47bb-0310-9956-ffa450edef68,1,0.0024271844660194173,33.0,0.0,0.0,0.0,3672.1056603773586,61275.620915032676,1,0,1.409461420401425,false
modules/commons/src/main/java/org/apache/synapse/commons/security/secret/MultiSecretCallback.java,20.0,3.0,0.0,2.0,2.0,3.0,138.0,indika@13f79535-47bb-0310-9956-ffa450edef68,1,0.0024271844660194173,50.0,0.0,0.0,0.0,3672.1056603773586,61275.620915032676,1,0,1.409461420401425,false
modules/commons/src/main/java/org/apache/synapse/commons/security/secret/SecretCallback.java,5.0,0.0,0.0,0.0,0.0,0.0,138.0,indika@13f79535-47bb-0310-9956-ffa450edef68,1,0.0024271844660194173,50.0,0.0,0.0,0.0,3672.1056603773586,61275.620915032676,1,0,1.409461420401425,false
modules/commons/src/main/java/org/apache/synapse/commons/security/secret/SecretCallbackHandler.java,10.0,0.0,0.0,1.0,0.0,1.0,138.0,indika@13f79535-47bb-0310-9956-ffa450edef68,1,0.0024271844660194173,50.0,0.0,0.0,0.0,3672.1056603773586,61275.620915032676,1,0,1.409461420401425,false
modules/commons/src/main/java/org/apache/synapse/commons/security/secret/SecretCallbackHandlerFactory.java,62.0,5.0,4.0,4.0,10.0,17.0,116.0,indika@13f79535-47bb-0310-9956-ffa450edef68,1,0.0024271844660194173,50.0,0.0,25.0,0.0,3672.1056603773586,61275.620915032676,1,0,1.409461420401425,false
modules/commons/src/main/java/org/apache/synapse/commons/security/secret/SecretInformation.java,55.0,0.0,25.0,10.0,6.0,19.0,112.0,indika@13f79535-47bb-0310-9956-ffa450edef68,1,0.0024271844660194173,40.0,0.0,0.0,0.0,3672.1056603773586,61275.620915032676,1,0,1.409461420401425,false
modules/commons/src/main/java/org/apache/synapse/commons/security/secret/SecretInformationFactory.java,47.0,5.0,3.0,3.0,11.0,11.0,81.0,indika@13f79535-47bb-0310-9956-ffa450edef68,1,0.0024271844660194173,50.0,0.0,0.0,0.0,3672.1056603773586,61275.620915032676,1,0,1.409461420401425,false
modules/commons/src/main/java/org/apache/synapse/commons/security/secret/SecretLoadingModule.java,28.0,2.0,0.0,2.0,2.0,6.0,138.0,indika@13f79535-47bb-0310-9956-ffa450edef68,1,0.0024271844660194173,33.0,0.0,0.0,0.0,3672.1056603773586,61275.620915032676,1,0,1.409461420401425,false
modules/commons/src/main/java/org/apache/synapse/commons/security/secret/SecretManager.java,163.0,10.0,6.0,8.0,32.0,22.0,76.0,indika@13f79535-47bb-0310-9956-ffa450edef68,1,0.0024271844660194173,60.0,0.0,20.0,0.0,3672.1056603773586,61275.620915032676,1,0,1.409461420401425,false
modules/commons/src/main/java/org/apache/synapse/commons/security/secret/SecretRepository.java,27.0,1.0,6.0,4.0,0.0,9.0,138.0,indika@13f79535-47bb-0310-9956-ffa450edef68,1,0.0024271844660194173,50.0,0.0,0.0,0.0,3672.1056603773586,61275.620915032676,1,0,1.409461420401425,false
modules/commons/src/main/java/org/apache/synapse/commons/security/secret/SecretRepositoryProvider.java,12.0,2.0,0.0,1.0,0.0,2.0,138.0,indika@13f79535-47bb-0310-9956-ffa450edef68,1,0.0024271844660194173,33.0,0.0,0.0,0.0,3672.1056603773586,61275.620915032676,1,0,1.409461420401425,false
modules/commons/src/main/java/org/apache/synapse/commons/security/secret/SingleSecretCallback.java,35.0,0.0,16.0,9.0,0.0,12.0,138.0,indika@13f79535-47bb-0310-9956-ffa450edef68,1,0.0024271844660194173,50.0,0.0,0.0,0.0,3672.1056603773586,61275.620915032676,1,0,1.409461420401425,false
modules/commons/src/main/java/org/apache/synapse/commons/security/secret/handler/HardCodedSecretCallbackHandler.java,8.0,2.0,0.0,1.0,1.0,1.0,138.0,indika@13f79535-47bb-0310-9956-ffa450edef68,1,0.0024271844660194173,25.0,0.0,0.0,0.0,3672.1056603773586,61275.620915032676,1,0,1.409461420401425,false
modules/commons/src/main/java/org/apache/synapse/commons/security/secret/handler/JBossEncryptionSecretCallbackHandler.java,27.0,7.0,1.0,2.0,8.0,5.0,138.0,indika@13f79535-47bb-0310-9956-ffa450edef68,1,0.0024271844660194173,25.0,0.0,0.0,0.0,3672.1056603773586,61275.620915032676,1,0,1.409461420401425,false
modules/commons/src/main/java/org/apache/synapse/commons/security/secret/handler/JMXSecretCallbackHandler.java,16.0,4.0,0.0,1.0,4.0,3.0,114.0,indika@13f79535-47bb-0310-9956-ffa450edef68,1,0.0024271844660194173,25.0,0.0,0.0,0.0,3672.1056603773586,61275.620915032676,1,0,1.409461420401425,false
modules/commons/src/main/java/org/apache/synapse/commons/security/secret/handler/JlineSecretCallbackHandler.java,32.0,4.0,1.0,2.0,5.0,6.0,138.0,indika@13f79535-47bb-0310-9956-ffa450edef68,1,0.0024271844660194173,33.0,0.0,0.0,0.0,3672.1056603773586,61275.620915032676,1,0,1.409461420401425,false
modules/commons/src/main/java/org/apache/synapse/commons/security/secret/handler/SecretManagerSecretCallbackHandler.java,18.0,3.0,0.0,1.0,7.0,4.0,111.0,indika@13f79535-47bb-0310-9956-ffa450edef68,1,0.0024271844660194173,33.0,0.0,0.0,0.0,3672.1056603773586,61275.620915032676,1,0,1.409461420401425,false
modules/commons/src/main/java/org/apache/synapse/commons/security/secret/handler/SharedSecretCallbackHandler.java,15.0,4.0,0.0,1.0,3.0,3.0,111.0,indika@13f79535-47bb-0310-9956-ffa450edef68,1,0.0024271844660194173,25.0,0.0,0.0,0.0,3672.1056603773586,61275.620915032676,1,0,1.409461420401425,false
modules/commons/src/main/java/org/apache/synapse/commons/security/secret/handler/SharedSecretCallbackHandlerCache.java,18.0,1.0,4.0,4.0,0.0,6.0,111.0,indika@13f79535-47bb-0310-9956-ffa450edef68,1,0.0024271844660194173,50.0,0.0,0.0,0.0,3672.1056603773586,61275.620915032676,1,0,1.409461420401425,false
modules/commons/src/main/java/org/apache/synapse/commons/security/secret/repository/filebased/FileBaseSecretRepository.java,146.0,16.0,4.0,5.0,23.0,13.0,112.0,indika@13f79535-47bb-0310-9956-ffa450edef68,1,0.0024271844660194173,67.0,0.0,33.0,0.0,3672.1056603773586,61275.620915032676,1,0,1.409461420401425,false
modules/commons/src/main/java/org/apache/synapse/commons/security/secret/repository/filebased/FileBaseSecretRepositoryProvider.java,12.0,4.0,0.0,1.0,0.0,2.0,138.0,indika@13f79535-47bb-0310-9956-ffa450edef68,1,0.0024271844660194173,50.0,0.0,0.0,0.0,3672.1056603773586,61275.620915032676,1,0,1.409461420401425,false
modules/commons/src/main/java/org/apache/synapse/commons/security/tool/CipherTool.java,266.0,17.0,44.0,12.0,64.0,37.0,75.0,indika@13f79535-47bb-0310-9956-ffa450edef68,1,0.0024271844660194173,50.0,0.0,25.0,0.0,3672.1056603773586,61275.620915032676,1,0,1.409461420401425,false
modules/commons/src/main/java/org/apache/synapse/commons/security/tool/EncodingHelper.java,63.0,11.0,1.0,3.0,10.0,13.0,138.0,indika@13f79535-47bb-0310-9956-ffa450edef68,1,0.0024271844660194173,50.0,0.0,0.0,0.0,3672.1056603773586,61275.620915032676,1,0,1.409461420401425,false
modules/commons/src/main/java/org/apache/synapse/commons/security/wrappers/CipherWrapper.java,106.0,16.0,0.0,5.0,21.0,18.0,116.0,indika@13f79535-47bb-0310-9956-ffa450edef68,1,0.0024271844660194173,50.0,0.0,25.0,0.0,3672.1056603773586,61275.620915032676,1,0,1.409461420401425,false
modules/commons/src/main/java/org/apache/synapse/commons/security/wrappers/IdentityKeyStoreWrapper.java,77.0,5.0,21.0,7.0,1.0,20.0,112.0,indika@13f79535-47bb-0310-9956-ffa450edef68,1,0.0024271844660194173,50.0,0.0,25.0,0.0,3672.1056603773586,61275.620915032676,1,0,1.409461420401425,false
modules/commons/src/main/java/org/apache/synapse/commons/security/wrappers/KeyStoreWrapper.java,134.0,8.0,27.0,11.0,19.0,37.0,98.0,indika@13f79535-47bb-0310-9956-ffa450edef68,1,0.0024271844660194173,60.0,0.0,40.0,0.0,3672.1056603773586,61275.620915032676,1,0,1.409461420401425,false
modules/commons/src/main/java/org/apache/synapse/commons/security/wrappers/TrustKeyStoreWrapper.java,18.0,2.0,1.0,2.0,1.0,5.0,138.0,indika@13f79535-47bb-0310-9956-ffa450edef68,1,0.0024271844660194173,33.0,0.0,0.0,0.0,3672.1056603773586,61275.620915032676,1,0,1.409461420401425,false
modules/commons/src/main/java/org/apache/synapse/commons/util/MiscellaneousUtil.java,148.0,5.0,3.0,6.0,26.0,25.0,119.0,indika@13f79535-47bb-0310-9956-ffa450edef68,1,0.0024271844660194173,29.0,0.0,14.0,0.0,3672.1056603773586,61275.620915032676,1,0,1.409461420401425,false
modules/commons/src/main/java/org/apache/synapse/commons/util/PropertyHelper.java,122.0,6.0,4.0,5.0,35.0,21.0,119.0,indika@13f79535-47bb-0310-9956-ffa450edef68,1,0.0024271844660194173,100.0,0.0,50.0,0.0,3672.1056603773586,61275.620915032676,1,0,1.409461420401425,false
modules/commons/src/main/java/org/apache/synapse/commons/util/RMIRegistryController.java,111.0,12.0,19.0,10.0,27.0,26.0,96.0,indika@13f79535-47bb-0310-9956-ffa450edef68,1,0.0024271844660194173,50.0,0.0,25.0,0.0,3672.1056603773586,61275.620915032676,1,0,1.409461420401425,false
modules/commons/src/main/java/org/apache/synapse/commons/util/TemporaryData.java,266.0,4.0,0.0,10.0,19.0,36.0,110.0,ruwan@13f79535-47bb-0310-9956-ffa450edef68,2,0.0048543689320388345,29.0,14.0,0.0,0.0,4500.105660377359,75130.39516416291,2,0,0.6715081604966363,false
modules/commons/src/test/java/org/apache/synapse/util/TemporaryDataTest.java,92.0,10.0,15.0,7.0,36.0,17.0,165.0,hiranya@13f79535-47bb-0310-9956-ffa450edef68,1,0.0024271844660194173,50.0,0.0,0.0,0.0,3672.1056603773586,61275.620915032676,1,0,1.409461420401425,false
modules/core/src/main/java/org/apache/synapse/Axis2SynapseController.java,565.0,35.0,20.0,33.0,199.0,111.0,24.0,null,2,0.0048543689320388345,13.0,4.0,0.0,4.0,4221.826590609917,66444.53726428591,2,5,0.8202628884774764,false
modules/core/src/main/java/org/apache/synapse/JmxAdapter.java,155.0,17.0,0.0,8.0,37.0,34.0,6.0,indika@13f79535-47bb-0310-9956-ffa450edef68,1,0.0024271844660194173,20.0,0.0,0.0,0.0,3672.1056603773586,61275.620915032676,1,0,1.409461420401425,false
modules/core/src/main/java/org/apache/synapse/MessageContext.java,265.0,11.0,1326.0,52.0,0.0,110.0,0.0,dims@13f79535-47bb-0310-9956-ffa450edef68,0,0.0,0.0,0.0,0.0,0.0,0.0,0.0,0,0,0.0,false
modules/core/src/main/java/org/apache/synapse/Nameable.java,15.0,0.0,1.0,2.0,0.0,3.0,0.0,indika@13f79535-47bb-0310-9956-ffa450edef68,0,0.0,0.0,0.0,0.0,0.0,0.0,0.0,0,0,0.0,false
modules/core/src/main/java/org/apache/synapse/SecretManagerAdminMBeanImpl.java,17.0,5.0,1.0,3.0,3.0,4.0,112.0,indika@13f79535-47bb-0310-9956-ffa450edef68,1,0.0024271844660194173,33.0,0.0,0.0,33.0,3672.1056603773586,61275.620915032676,1,0,1.409461420401425,false
modules/core/src/main/java/org/apache/synapse/ServerConfigurationInformation.java,166.0,8.0,341.0,30.0,27.0,62.0,0.0,indika@13f79535-47bb-0310-9956-ffa450edef68,0,0.0,0.0,0.0,0.0,0.0,0.0,0.0,0,2,0.0,false
modules/core/src/main/java/org/apache/synapse/ServerConfigurationInformationFactory.java,180.0,8.0,8.0,8.0,53.0,32.0,0.0,indika@13f79535-47bb-0310-9956-ffa450edef68,0,0.0,0.0,0.0,0.0,0.0,0.0,0.0,0,2,0.0,false
modules/core/src/main/java/org/apache/synapse/ServerContextInformation.java,45.0,4.0,52.0,12.0,2.0,19.0,0.0,indika@13f79535-47bb-0310-9956-ffa450edef68,0,0.0,0.0,0.0,0.0,0.0,0.0,0.0,0,2,0.0,false
modules/core/src/main/java/org/apache/synapse/ServerManager.java,311.0,7.0,81.0,23.0,74.0,85.0,48.0,null,2,0.0048543689320388345,9.0,0.0,0.0,3.0,4221.826590609917,66444.53726428591,2,11,0.7835301515448057,true
modules/core/src/main/java/org/apache/synapse/ServerManagerView.java,99.0,2.0,0.0,8.0,36.0,28.0,26.0,indika@13f79535-47bb-0310-9956-ffa450edef68,1,0.0024271844660194173,33.0,0.0,0.0,0.0,549.7209302325582,5168.916349253238,1,0,1.4412101187160054,false
modules/core/src/main/java/org/apache/synapse/ServerManagerViewMBean.java,46.0,0.0,28.0,8.0,0.0,24.0,26.0,indika@13f79535-47bb-0310-9956-ffa450edef68,1,0.0024271844660194173,50.0,0.0,0.0,0.0,549.7209302325582,5168.916349253238,1,0,1.4412101187160054,false
modules/core/src/main/java/org/apache/synapse/ServerState.java,0.0,0.0,0.0,0.0,0.0,0.0,26.0,indika@13f79535-47bb-0310-9956-ffa450edef68,1,0.0024271844660194173,33.0,0.0,0.0,0.0,549.7209302325582,5168.916349253238,1,1,1.4412101187160054,false
modules/core/src/main/java/org/apache/synapse/ServerStateDetectionStrategy.java,34.0,2.0,0.0,1.0,8.0,6.0,112.0,indika@13f79535-47bb-0310-9956-ffa450edef68,1,0.0024271844660194173,17.0,0.0,0.0,17.0,3672.1056603773586,61275.620915032676,1,1,1.409461420401425,false
modules/core/src/main/java/org/apache/synapse/SynapseConstants.java,364.0,3.0,0.0,0.0,0.0,0.0,7.0,null,2,0.0048543689320388345,3.0,2.0,2.0,2.0,668.448202959831,5338.8993030001775,2,16,1.9157503960645785,true
modules/core/src/main/java/org/apache/synapse/SynapseController.java,66.0,2.0,78.0,13.0,0.0,24.0,26.0,indika@13f79535-47bb-0310-9956-ffa450edef68,1,0.0024271844660194173,33.0,0.0,0.0,0.0,549.7209302325582,5168.916349253238,1,2,1.4412101187160054,false
modules/core/src/main/java/org/apache/synapse/SynapseControllerFactory.java,90.0,6.0,3.0,6.0,27.0,22.0,0.0,indika@13f79535-47bb-0310-9956-ffa450edef68,0,0.0,0.0,0.0,0.0,0.0,0.0,0.0,0,3,0.0,false
modules/core/src/main/java/org/apache/synapse/SynapseServer.java,47.0,3.0,0.0,4.0,22.0,12.0,26.0,ruwan@13f79535-47bb-0310-9956-ffa450edef68,1,0.0024271844660194173,11.0,0.0,0.0,0.0,549.7209302325582,5168.916349253238,1,4,1.4412101187160054,false
modules/core/src/main/java/org/apache/synapse/aspects/statistics/StatisticsCleaner.java,57.0,3.0,0.0,2.0,10.0,7.0,0.0,indika@13f79535-47bb-0310-9956-ffa450edef68,0,0.0,0.0,0.0,0.0,0.0,0.0,0.0,0,2,0.0,false
modules/core/src/main/java/org/apache/synapse/aspects/statistics/StatisticsCollector.java,49.0,4.0,0.0,6.0,8.0,10.0,6.0,indika@13f79535-47bb-0310-9956-ffa450edef68,1,0.0024271844660194173,10.0,0.0,0.0,0.0,3672.1056603773586,61275.620915032676,1,2,1.409461420401425,false
modules/core/src/main/java/org/apache/synapse/aspects/statistics/StatisticsLog.java,30.0,1.0,0.0,6.0,1.0,10.0,0.0,indika@13f79535-47bb-0310-9956-ffa450edef68,0,0.0,0.0,0.0,0.0,0.0,0.0,0.0,0,1,0.0,false
modules/core/src/main/java/org/apache/synapse/aspects/statistics/StatisticsReporter.java,69.0,8.0,4.0,5.0,26.0,15.0,0.0,indika@13f79535-47bb-0310-9956-ffa450edef68,0,0.0,0.0,0.0,0.0,0.0,0.0,0.0,0,2,0.0,false
modules/core/src/main/java/org/apache/synapse/aspects/statistics/StatisticsUpdateStrategy.java,78.0,3.0,4.0,4.0,12.0,10.0,0.0,indika@13f79535-47bb-0310-9956-ffa450edef68,0,0.0,0.0,0.0,0.0,0.0,0.0,0.0,0,2,0.0,false
modules/core/src/main/java/org/apache/synapse/aspects/statistics/mbean/StatisticsView.java,47.0,8.0,0.0,10.0,25.0,21.0,0.0,indika@13f79535-47bb-0310-9956-ffa450edef68,0,0.0,0.0,0.0,0.0,0.0,0.0,0.0,0,0,0.0,false
modules/core/src/main/java/org/apache/synapse/aspects/statistics/mbean/StatisticsViewMBean.java,12.0,1.0,21.0,7.0,0.0,7.0,0.0,indika@13f79535-47bb-0310-9956-ffa450edef68,0,0.0,0.0,0.0,0.0,0.0,0.0,0.0,0,0,0.0,false
modules/core/src/main/java/org/apache/synapse/aspects/statistics/view/InOutStatisticsView.java,44.0,1.0,0.0,7.0,3.0,14.0,1.0,indika@13f79535-47bb-0310-9956-ffa450edef68,2,0.0048543689320388345,50.0,0.0,25.0,0.0,4221.826590609917,66444.53726428591,2,1,0.7321885889987699,false
modules/core/src/main/java/org/apache/synapse/aspects/statistics/view/PerUserViewStrategy.java,118.0,10.0,0.0,5.0,29.0,16.0,0.0,indika@13f79535-47bb-0310-9956-ffa450edef68,0,0.0,0.0,0.0,0.0,0.0,0.0,0.0,0,3,0.0,false
modules/core/src/main/java/org/apache/synapse/aspects/statistics/view/SystemViewStrategy.java,68.0,10.0,0.0,4.0,20.0,14.0,0.0,indika@13f79535-47bb-0310-9956-ffa450edef68,0,0.0,0.0,0.0,0.0,0.0,0.0,0.0,0,2,0.0,false
modules/core/src/main/java/org/apache/synapse/config/SynapseConfigUtils.java,579.0,27.0,144.0,24.0,156.0,102.0,29.0,indika@13f79535-47bb-0310-9956-ffa450edef68,3,0.007281553398058253,11.0,2.0,0.0,7.0,4536.066590609917,67654.29656475654,3,5,0.5293763781087186,false
modules/core/src/main/java/org/apache/synapse/config/SynapseConfiguration.java,714.0,23.0,1044.0,56.0,152.0,153.0,8.0,null,3,0.007281553398058253,10.0,6.0,1.0,4.0,4536.066590609917,67654.29656475654,3,7,0.6989904662345758,true
modules/core/src/main/java/org/apache/synapse/config/xml/AbstractDBMediatorFactory.java,271.0,16.0,15.0,7.0,65.0,35.0,33.0,indika@13f79535-47bb-0310-9956-ffa450edef68,2,0.0048543689320388345,20.0,4.0,0.0,8.0,4221.826590609917,66444.53726428591,2,8,0.9154087365261534,false
modules/core/src/main/java/org/apache/synapse/config/xml/AbstractMediatorFactory.java,112.0,14.0,15.0,6.0,26.0,15.0,8.0,indika@13f79535-47bb-0310-9956-ffa450edef68,1,0.0024271844660194173,6.0,0.0,6.0,0.0,3672.1056603773586,61275.620915032676,1,3,1.409461420401425,false
modules/core/src/main/java/org/apache/synapse/config/xml/FaultMediatorFactory.java,143.0,8.0,1.0,2.0,24.0,9.0,4.0,ruwan@13f79535-47bb-0310-9956-ffa450edef68,1,0.0024271844660194173,7.0,0.0,0.0,0.0,3672.1056603773586,61275.620915032676,1,9,1.409461420401425,false
modules/core/src/main/java/org/apache/synapse/config/xml/ProxyServiceSerializer.java,187.0,14.0,1.0,2.0,50.0,8.0,0.0,hiranya@13f79535-47bb-0310-9956-ffa450edef68,0,0.0,0.0,0.0,0.0,0.0,0.0,0.0,0,3,0.0,false
modules/core/src/main/java/org/apache/synapse/config/xml/ResourceMapFactory.java,30.0,8.0,1.0,2.0,8.0,7.0,11.0,dims@13f79535-47bb-0310-9956-ffa450edef68,1,0.0024271844660194173,50.0,0.0,0.0,50.0,828.0,13854.77424913024,1,0,1.3198492617117379,false
modules/core/src/main/java/org/apache/synapse/config/xml/ResourceMapSerializer.java,16.0,6.0,0.0,1.0,7.0,3.0,11.0,dims@13f79535-47bb-0310-9956-ffa450edef68,1,0.0024271844660194173,33.0,0.0,0.0,33.0,828.0,13854.77424913024,1,1,1.3198492617117379,false
modules/core/src/main/java/org/apache/synapse/config/xml/SynapseXMLConfigurationFactory.java,192.0,25.0,76.0,13.0,88.0,37.0,3.0,null,3,0.007281553398058253,17.0,7.0,10.0,5.0,4536.066590609917,67654.29656475654,3,6,0.7035259945652299,false
modules/core/src/main/java/org/apache/synapse/config/xml/XSLTMediatorFactory.java,56.0,7.0,1.0,2.0,20.0,9.0,5.0,ruwan@13f79535-47bb-0310-9956-ffa450edef68,1,0.0024271844660194173,7.0,7.0,0.0,0.0,828.0,13854.77424913024,1,4,1.3198492617117379,false
modules/core/src/main/java/org/apache/synapse/config/xml/XSLTMediatorSerializer.java,55.0,7.0,1.0,2.0,22.0,7.0,5.0,veithen@13f79535-47bb-0310-9956-ffa450edef68,1,0.0024271844660194173,8.0,8.0,0.0,0.0,828.0,13854.77424913024,1,1,1.3198492617117379,false
modules/core/src/main/java/org/apache/synapse/config/xml/endpoints/DefaultEndpointFactory.java,81.0,9.0,15.0,6.0,27.0,16.0,10.0,indika@13f79535-47bb-0310-9956-ffa450edef68,2,0.0048543689320388345,11.0,0.0,11.0,0.0,3790.832933104631,61445.60386877962,2,4,1.8998760469072882,true
modules/core/src/main/java/org/apache/synapse/config/xml/endpoints/DefaultEndpointSerializer.java,58.0,8.0,3.0,3.0,21.0,11.0,8.0,null,1,0.0024271844660194173,9.0,0.0,9.0,0.0,3672.1056603773586,61275.620915032676,1,2,1.409461420401425,true
modules/core/src/main/java/org/apache/synapse/config/xml/endpoints/SALoadbalanceEndpointSerializer.java,48.0,12.0,0.0,1.0,14.0,5.0,1.0,null,1,0.0024271844660194173,10.0,0.0,0.0,0.0,3672.1056603773586,61275.620915032676,1,3,1.409461420401425,true
modules/core/src/main/java/org/apache/synapse/config/xml/endpoints/utils/WSDL11EndpointBuilder.java,59.0,27.0,4.0,4.0,11.0,10.0,11.0,null,1,0.0024271844660194173,12.0,0.0,0.0,12.0,828.0,13854.77424913024,1,2,1.3198492617117379,true
modules/core/src/main/java/org/apache/synapse/config/xml/eventing/EventSourceFactory.java,144.0,14.0,4.0,4.0,38.0,19.0,2.0,asanka@13f79535-47bb-0310-9956-ffa450edef68,1,0.0024271844660194173,11.0,0.0,11.0,0.0,59.333333333333336,54.906442593015335,1,2,3.265759410767051,false
modules/core/src/main/java/org/apache/synapse/config/xml/eventing/EventSourceSerializer.java,49.0,11.0,0.0,1.0,22.0,4.0,0.0,asanka@13f79535-47bb-0310-9956-ffa450edef68,0,0.0,0.0,0.0,0.0,0.0,0.0,0.0,0,2,0.0,false
modules/core/src/main/java/org/apache/synapse/core/axis2/AnonymousServiceFactory.java,139.0,13.0,6.0,4.0,18.0,17.0,26.0,ruwan@13f79535-47bb-0310-9956-ffa450edef68,1,0.0024271844660194173,8.0,0.0,0.0,0.0,549.7209302325582,5168.916349253238,1,2,1.4412101187160054,false
modules/core/src/main/java/org/apache/synapse/core/axis2/Axis2FlexibleMEPClient.java,185.0,25.0,3.0,3.0,81.0,16.0,4.0,ruwan@13f79535-47bb-0310-9956-ffa450edef68,3,0.007281553398058253,7.0,2.0,5.0,2.0,4340.55386333719,66614.52021803285,3,18,0.9773959022517016,true
modules/core/src/main/java/org/apache/synapse/core/axis2/Axis2MessageContext.java,363.0,20.0,486.0,61.0,95.0,127.0,0.0,null,0,0.0,0.0,0.0,0.0,0.0,0.0,0.0,0,4,0.0,true
modules/core/src/main/java/org/apache/synapse/core/axis2/Axis2Sender.java,72.0,17.0,3.0,3.0,40.0,10.0,1.0,null,1,0.0024271844660194173,6.0,6.0,6.0,0.0,314.24,1209.7593004706218,1,7,1.8306748854777286,true
modules/core/src/main/java/org/apache/synapse/core/axis2/Axis2TransportHelper.java,134.0,10.0,0.0,7.0,58.0,29.0,26.0,ruwan@13f79535-47bb-0310-9956-ffa450edef68,1,0.0024271844660194173,50.0,0.0,0.0,0.0,549.7209302325582,5168.916349253238,1,0,1.4412101187160054,false
modules/core/src/main/java/org/apache/synapse/core/axis2/ProxyService.java,699.0,36.0,2128.0,69.0,102.0,122.0,8.0,ruwan@13f79535-47bb-0310-9956-ffa450edef68,2,0.0048543689320388345,6.0,2.0,4.0,4.0,1142.24,15064.533549600861,2,11,0.853610301338922,false
modules/core/src/main/java/org/apache/synapse/core/axis2/SynapseAxisServlet.java,22.0,8.0,1.0,2.0,10.0,4.0,26.0,null,1,0.0024271844660194173,12.0,0.0,0.0,0.0,549.7209302325582,5168.916349253238,1,1,1.4412101187160054,false
modules/core/src/main/java/org/apache/synapse/core/axis2/SynapseCallbackReceiver.java,212.0,25.0,0.0,6.0,90.0,25.0,26.0,indika@13f79535-47bb-0310-9956-ffa450edef68,1,0.0024271844660194173,2.0,0.0,0.0,0.0,549.7209302325582,5168.916349253238,1,13,1.4412101187160054,true
modules/core/src/main/java/org/apache/synapse/core/axis2/SynapseDispatcher.java,18.0,9.0,3.0,3.0,5.0,7.0,0.0,dims@13f79535-47bb-0310-9956-ffa450edef68,0,0.0,0.0,0.0,0.0,0.0,0.0,0.0,0,0,0.0,false
modules/core/src/main/java/org/apache/synapse/core/axis2/SynapseMustUnderstandHandler.java,22.0,7.0,0.0,1.0,10.0,6.0,0.0,indika@13f79535-47bb-0310-9956-ffa450edef68,0,0.0,0.0,0.0,0.0,0.0,0.0,0.0,0,0,0.0,false
modules/core/src/main/java/org/apache/synapse/core/axis2/SynapseStartUpServlet.java,33.0,12.0,4.0,4.0,14.0,11.0,26.0,null,1,0.0024271844660194173,10.0,0.0,0.0,0.0,549.7209302325582,5168.916349253238,1,1,1.4412101187160054,false
modules/core/src/main/java/org/apache/synapse/core/axis2/TimeoutHandler.java,92.0,12.0,4.0,4.0,23.0,13.0,0.0,indika@13f79535-47bb-0310-9956-ffa450edef68,0,0.0,0.0,0.0,0.0,0.0,0.0,0.0,0,3,0.0,true
modules/core/src/main/java/org/apache/synapse/endpoints/AbstractEndpoint.java,298.0,14.0,366.0,33.0,71.0,79.0,8.0,null,2,0.0048543689320388345,4.0,2.0,2.0,0.0,3986.3456603773584,62485.3802155033,2,8,0.9269209723796316,true
modules/core/src/main/java/org/apache/synapse/endpoints/AddressEndpoint.java,28.0,2.0,3.0,3.0,12.0,10.0,26.0,indika@13f79535-47bb-0310-9956-ffa450edef68,1,0.0024271844660194173,7.0,0.0,0.0,0.0,549.7209302325582,5168.916349253238,1,4,1.4412101187160054,true
modules/core/src/main/java/org/apache/synapse/endpoints/Endpoint.java,60.0,3.0,55.0,11.0,0.0,25.0,0.0,indika@13f79535-47bb-0310-9956-ffa450edef68,0,0.0,0.0,0.0,0.0,0.0,0.0,0.0,0,3,0.0,true
modules/core/src/main/java/org/apache/synapse/endpoints/EndpointDefinition.java,423.0,5.0,1996.0,65.0,6.0,125.0,12.0,null,1,0.0024271844660194173,10.0,0.0,10.0,0.0,118.72727272727273,169.98295374693993,1,2,3.776585034533042,true
modules/core/src/main/java/org/apache/synapse/eventing/SynapseEventSource.java,298.0,30.0,48.0,16.0,75.0,49.0,5.0,asanka@13f79535-47bb-0310-9956-ffa450edef68,2,0.0048543689320388345,12.0,4.0,8.0,0.0,373.5733333333333,1264.6657430636371,2,5,2.1508837340424636,false
modules/core/src/main/java/org/apache/synapse/eventing/SynapseEventingConstants.java,8.0,0.0,0.0,0.0,0.0,0.0,0.0,asanka@13f79535-47bb-0310-9956-ffa450edef68,0,0.0,0.0,0.0,0.0,0.0,0.0,0.0,0,1,0.0,false
modules/core/src/main/java/org/apache/synapse/eventing/SynapseSubscription.java,16.0,5.0,1.0,2.0,8.0,2.0,0.0,asanka@13f79535-47bb-0310-9956-ffa450edef68,0,0.0,0.0,0.0,0.0,0.0,0.0,0.0,0,2,0.0,false
modules/core/src/main/java/org/apache/synapse/eventing/builders/ResponseMessageBuilder.java,130.0,16.0,6.0,8.0,55.0,22.0,2.0,asanka@13f79535-47bb-0310-9956-ffa450edef68,1,0.0024271844660194173,11.0,0.0,11.0,0.0,59.333333333333336,54.906442593015335,1,3,3.265759410767051,false
modules/core/src/main/java/org/apache/synapse/eventing/builders/SubscriptionMessageBuilder.java,210.0,15.0,75.0,15.0,74.0,42.0,0.0,asanka@13f79535-47bb-0310-9956-ffa450edef68,0,0.0,0.0,0.0,0.0,0.0,0.0,0.0,0,3,0.0,false
modules/core/src/main/java/org/apache/synapse/eventing/filters/TopicBasedEventFilter.java,54.0,11.0,8.0,8.0,10.0,17.0,3.0,hiranya@13f79535-47bb-0310-9956-ffa450edef68,1,0.0024271844660194173,33.0,0.0,0.0,0.0,59.333333333333336,54.906442593015335,1,0,3.265759410767051,false
modules/core/src/main/java/org/apache/synapse/eventing/managers/DefaultInMemorySubscriptionManager.java,124.0,14.0,53.0,15.0,41.0,49.0,2.0,asanka@13f79535-47bb-0310-9956-ffa450edef68,2,0.0048543689320388345,20.0,0.0,13.0,0.0,609.0542635658916,5223.8227918462535,2,2,2.0210621451218893,false
modules/core/src/main/java/org/apache/synapse/mediators/AbstractListMediator.java,76.0,7.0,0.0,9.0,21.0,22.0,26.0,null,1,0.0024271844660194173,10.0,0.0,0.0,0.0,549.7209302325582,5168.916349253238,1,2,1.4412101187160054,true
modules/core/src/main/java/org/apache/synapse/mediators/AbstractMediator.java,207.0,5.0,78.0,20.0,34.0,64.0,8.0,indika@13f79535-47bb-0310-9956-ffa450edef68,1,0.0024271844660194173,6.0,0.0,6.0,0.0,3672.1056603773586,61275.620915032676,1,6,1.409461420401425,true
modules/core/src/main/java/org/apache/synapse/mediators/base/SequenceMediator.java,189.0,10.0,67.0,14.0,21.0,31.0,10.0,indika@13f79535-47bb-0310-9956-ffa450edef68,1,0.0024271844660194173,6.0,6.0,6.0,0.0,314.24,1209.7593004706218,1,3,1.8306748854777286,false
modules/core/src/main/java/org/apache/synapse/mediators/builtin/CacheMediator.java,301.0,29.0,227.0,26.0,71.0,59.0,1.0,null,1,0.0024271844660194173,5.0,0.0,5.0,0.0,549.7209302325582,5168.916349253238,1,2,1.4412101187160054,true
modules/core/src/main/java/org/apache/synapse/mediators/builtin/CalloutMediator.java,182.0,23.0,136.0,20.0,35.0,44.0,0.0,hiranya@13f79535-47bb-0310-9956-ffa450edef68,0,0.0,0.0,0.0,0.0,0.0,0.0,0.0,0,6,0.0,false
modules/core/src/main/java/org/apache/synapse/mediators/builtin/SendMediator.java,52.0,6.0,0.0,5.0,16.0,11.0,1.0,null,2,0.0048543689320388345,13.0,7.0,7.0,7.0,1377.7209302325582,19023.690598383477,2,4,0.6873825096539262,true
modules/core/src/main/java/org/apache/synapse/mediators/db/AbstractDBMediator.java,241.0,16.0,69.0,15.0,58.0,36.0,4.0,indika@13f79535-47bb-0310-9956-ffa450edef68,1,0.0024271844660194173,4.0,0.0,0.0,0.0,3672.1056603773586,61275.620915032676,1,4,1.409461420401425,false
modules/core/src/main/java/org/apache/synapse/mediators/eip/aggregator/AggregateMediator.java,297.0,17.0,134.0,21.0,49.0,52.0,0.0,ruwan@13f79535-47bb-0310-9956-ffa450edef68,0,0.0,0.0,0.0,0.0,0.0,0.0,0.0,0,9,0.0,true
modules/core/src/main/java/org/apache/synapse/mediators/eip/splitter/CloneMediator.java,98.0,16.0,0.0,9.0,26.0,22.0,0.0,null,0,0.0,0.0,0.0,0.0,0.0,0.0,0.0,0,3,0.0,true
modules/core/src/main/java/org/apache/synapse/mediators/eip/splitter/IterateMediator.java,161.0,21.0,41.0,14.0,36.0,31.0,0.0,null,0,0.0,0.0,0.0,0.0,0.0,0.0,0.0,0,5,0.0,true
modules/core/src/main/java/org/apache/synapse/mediators/eventing/EventPublisherMediator.java,18.0,5.0,0.0,3.0,5.0,7.0,0.0,asanka@13f79535-47bb-0310-9956-ffa450edef68,0,0.0,0.0,0.0,0.0,0.0,0.0,0.0,0,3,0.0,false
modules/core/src/main/java/org/apache/synapse/mediators/ext/ClassMediator.java,72.0,9.0,0.0,7.0,18.0,18.0,0.0,null,0,0.0,0.0,0.0,0.0,0.0,0.0,0.0,0,1,0.0,true
modules/core/src/main/java/org/apache/synapse/mediators/filters/SwitchMediator.java,125.0,9.0,0.0,9.0,17.0,28.0,0.0,null,0,0.0,0.0,0.0,0.0,0.0,0.0,0.0,0,6,0.0,true
modules/core/src/main/java/org/apache/synapse/mediators/transform/XSLTMediator.java,372.0,29.0,99.0,19.0,76.0,50.0,5.0,veithen@13f79535-47bb-0310-9956-ffa450edef68,1,0.0024271844660194173,3.0,3.0,0.0,0.0,828.0,13854.77424913024,1,12,1.3198492617117379,false
modules/core/src/main/java/org/apache/synapse/startup/quartz/SimpleQuartz.java,92.0,15.0,0.0,6.0,34.0,19.0,0.0,indika@13f79535-47bb-0310-9956-ffa450edef68,0,0.0,0.0,0.0,0.0,0.0,0.0,0.0,0,1,0.0,false
modules/core/src/main/java/org/apache/synapse/util/ClasspathURLStreamHandler.java,25.0,7.0,0.0,1.0,0.0,2.0,0.0,hiranya@13f79535-47bb-0310-9956-ffa450edef68,0,0.0,0.0,0.0,0.0,0.0,0.0,0.0,0,0,0.0,false
modules/core/src/main/java/org/apache/synapse/util/MessageHelper.java,227.0,23.0,43.0,10.0,142.0,50.0,0.0,ruwan@13f79535-47bb-0310-9956-ffa450edef68,0,0.0,0.0,0.0,0.0,0.0,0.0,0.0,0,6,0.0,false
modules/core/src/main/java/org/apache/synapse/util/jaxp/AXIOMResultBuilder.java,14.0,3.0,1.0,3.0,1.0,5.0,0.0,veithen@13f79535-47bb-0310-9956-ffa450edef68,0,0.0,0.0,0.0,0.0,0.0,0.0,0.0,0,0,0.0,false
modules/core/src/main/java/org/apache/synapse/util/jaxp/AXIOMSourceBuilder.java,10.0,2.0,1.0,2.0,0.0,3.0,0.0,veithen@13f79535-47bb-0310-9956-ffa450edef68,0,0.0,0.0,0.0,0.0,0.0,0.0,0.0,0,1,0.0,false
modules/core/src/main/java/org/apache/synapse/util/jaxp/DOOMResultBuilder.java,25.0,12.0,4.0,4.0,7.0,8.0,0.0,veithen@13f79535-47bb-0310-9956-ffa450edef68,0,0.0,0.0,0.0,0.0,0.0,0.0,0.0,0,1,0.0,false
modules/core/src/main/java/org/apache/synapse/util/resolver/CustomJAXPURIResolver.java,32.0,7.0,0.0,2.0,3.0,7.0,5.0,veithen@13f79535-47bb-0310-9956-ffa450edef68,1,0.0024271844660194173,100.0,100.0,0.0,0.0,828.0,13854.77424913024,1,0,1.3198492617117379,false
modules/core/src/main/java/org/apache/synapse/util/resolver/CustomWSDLLocator.java,48.0,4.0,7.0,7.0,2.0,13.0,11.0,veithen@13f79535-47bb-0310-9956-ffa450edef68,1,0.0024271844660194173,100.0,0.0,0.0,100.0,828.0,13854.77424913024,1,0,1.3198492617117379,false
modules/core/src/main/java/org/apache/synapse/util/resolver/CustomXmlSchemaURIResolver.java,32.0,4.0,1.0,3.0,2.0,6.0,3.0,veithen@13f79535-47bb-0310-9956-ffa450edef68,1,0.0024271844660194173,100.0,0.0,100.0,100.0,828.0,13854.77424913024,1,0,1.3198492617117379,false
modules/core/src/main/java/org/apache/synapse/util/resolver/ResourceMap.java,63.0,12.0,0.0,3.0,11.0,11.0,11.0,veithen@13f79535-47bb-0310-9956-ffa450edef68,1,0.0024271844660194173,100.0,0.0,0.0,100.0,828.0,13854.77424913024,1,0,1.3198492617117379,false
modules/core/src/main/java/org/apache/synapse/util/xpath/SynapseXPath.java,148.0,16.0,28.0,8.0,30.0,36.0,1.0,null,1,0.0024271844660194173,7.0,0.0,0.0,0.0,828.0,13854.77424913024,1,3,1.3198492617117379,false
modules/core/src/test/java/org/apache/synapse/TestMessageContext.java,199.0,15.0,1373.0,54.0,29.0,102.0,0.0,hiranya@13f79535-47bb-0310-9956-ffa450edef68,0,0.0,0.0,0.0,0.0,0.0,0.0,0.0,0,1,0.0,false
modules/core/src/test/java/org/apache/synapse/core/axis2/ProxyServiceTest.java,52.0,11.0,3.0,3.0,21.0,9.0,11.0,veithen@13f79535-47bb-0310-9956-ffa450edef68,1,0.0024271844660194173,25.0,0.0,0.0,25.0,828.0,13854.77424913024,1,2,1.3198492617117379,false
modules/core/src/test/java/org/apache/synapse/mediators/db/DBLookupMediatorTest.java,40.0,8.0,0.0,5.0,26.0,15.0,0.0,ruwan@13f79535-47bb-0310-9956-ffa450edef68,0,0.0,0.0,0.0,0.0,0.0,0.0,0.0,0,1,0.0,false
modules/core/src/test/java/org/apache/synapse/mediators/db/DBReportMediatorTest.java,40.0,11.0,0.0,4.0,28.0,15.0,0.0,ruwan@13f79535-47bb-0310-9956-ffa450edef68,0,0.0,0.0,0.0,0.0,0.0,0.0,0.0,0,2,0.0,false
modules/core/src/test/java/org/apache/synapse/mediators/eip/SplitTestHelperMediator.java,51.0,9.0,0.0,6.0,13.0,14.0,0.0,indika@13f79535-47bb-0310-9956-ffa450edef68,0,0.0,0.0,0.0,0.0,0.0,0.0,0.0,0,0,0.0,false
modules/core/src/test/java/org/apache/synapse/mediators/ext/ClassMediatorTestMediator.java,28.0,5.0,13.0,6.0,0.0,9.0,0.0,indika@13f79535-47bb-0310-9956-ffa450edef68,0,0.0,0.0,0.0,0.0,0.0,0.0,0.0,0,0,0.0,false
modules/core/src/test/java/org/apache/synapse/mediators/transform/XSLTMediatorTest.java,182.0,21.0,118.0,16.0,155.0,52.0,0.0,veithen@13f79535-47bb-0310-9956-ffa450edef68,0,0.0,0.0,0.0,0.0,0.0,0.0,0.0,0,9,0.0,false
modules/core/src/test/java/org/apache/synapse/n2n/SynapseCommodityServiceTest.java,105.0,26.0,15.0,6.0,57.0,19.0,0.0,ruwan@13f79535-47bb-0310-9956-ffa450edef68,0,0.0,0.0,0.0,0.0,0.0,0.0,0.0,0,5,0.0,false
modules/experimental/src/main/java/org/apache/synapse/experimental/DetachMediator.java,23.0,6.0,0.0,5.0,6.0,8.0,0.0,veithen@13f79535-47bb-0310-9956-ffa450edef68,0,0.0,0.0,0.0,0.0,0.0,0.0,0.0,0,0,0.0,false
modules/experimental/src/main/java/org/apache/synapse/experimental/DetachMediatorFactory.java,27.0,7.0,1.0,2.0,5.0,8.0,0.0,veithen@13f79535-47bb-0310-9956-ffa450edef68,0,0.0,0.0,0.0,0.0,0.0,0.0,0.0,0,0,0.0,false
modules/experimental/src/main/java/org/apache/synapse/experimental/ReplaceMediator.java,25.0,6.0,0.0,5.0,8.0,8.0,0.0,veithen@13f79535-47bb-0310-9956-ffa450edef68,0,0.0,0.0,0.0,0.0,0.0,0.0,0.0,0,0,0.0,false
modules/experimental/src/main/java/org/apache/synapse/experimental/ReplaceMediatorFactory.java,27.0,7.0,1.0,2.0,5.0,8.0,0.0,veithen@13f79535-47bb-0310-9956-ffa450edef68,0,0.0,0.0,0.0,0.0,0.0,0.0,0.0,0,0,0.0,false
modules/extensions/src/main/java/org/apache/synapse/format/hessian/HessianMessageBuilder.java,76.0,20.0,0.0,2.0,20.0,13.0,0.0,asankha@13f79535-47bb-0310-9956-ffa450edef68,0,0.0,0.0,0.0,0.0,0.0,0.0,0.0,0,3,0.0,false
modules/extensions/src/main/java/org/apache/synapse/mediators/bsf/ScriptMessageContext.java,245.0,26.0,0.0,61.0,85.0,103.0,0.0,null,0,0.0,0.0,0.0,0.0,0.0,0.0,0.0,0,1,0.0,false
modules/extensions/src/main/java/org/apache/synapse/mediators/spring/SpringMediator.java,102.0,13.0,17.0,10.0,29.0,19.0,0.0,veithen@13f79535-47bb-0310-9956-ffa450edef68,0,0.0,0.0,0.0,0.0,0.0,0.0,0.0,0,0,0.0,false
modules/extensions/src/main/java/org/apache/synapse/mediators/throttle/ThrottleMediator.java,363.0,16.0,112.0,20.0,49.0,46.0,3.0,null,1,0.0024271844660194173,6.0,0.0,0.0,0.0,3672.1056603773586,61275.620915032676,1,0,1.409461420401425,false
modules/handler/src/main/java/org/apache/synapse/handler/SynapseModule.java,32.0,13.0,10.0,5.0,6.0,13.0,2.0,ruwan@13f79535-47bb-0310-9956-ffa450edef68,1,0.0024271844660194173,11.0,0.0,11.0,0.0,549.7209302325582,5168.916349253238,1,3,1.4412101187160054,false
modules/samples/services/SimpleStockQuoteService/src/samples/services/SimpleStockQuoteService.java,35.0,2.0,10.0,5.0,25.0,17.0,2.0,dims@13f79535-47bb-0310-9956-ffa450edef68,1,0.0024271844660194173,33.0,0.0,0.0,0.0,828.0,13854.77424913024,1,0,1.3198492617117379,false
modules/samples/src/main/java/samples/mediators/DiscountQuoteMediator.java,46.0,10.0,24.0,9.0,11.0,15.0,1.0,null,1,0.0024271844660194173,20.0,0.0,20.0,0.0,314.24,1209.7593004706218,1,1,1.8306748854777286,false
modules/samples/src/main/java/samples/userguide/GenericJMSClient.java,88.0,14.0,16.0,8.0,29.0,25.0,2.0,veithen@13f79535-47bb-0310-9956-ffa450edef68,1,0.0024271844660194173,14.0,0.0,14.0,0.0,828.0,13854.77424913024,1,3,1.3198492617117379,false
modules/samples/src/main/java/samples/userguide/StockQuoteCallback.java,19.0,2.0,6.0,4.0,10.0,4.0,1.0,hiranya@13f79535-47bb-0310-9956-ffa450edef68,1,0.0024271844660194173,33.0,0.0,33.0,0.0,828.0,13854.77424913024,1,0,1.3198492617117379,false
modules/samples/src/main/java/samples/userguide/StockQuoteClient.java,200.0,19.0,21.0,7.0,54.0,26.0,1.0,ruwan@13f79535-47bb-0310-9956-ffa450edef68,1,0.0024271844660194173,13.0,7.0,0.0,0.0,828.0,13854.77424913024,1,4,1.3198492617117379,false
modules/tasks/src/main/java/org/apache/synapse/task/DefaultTaskJobDetailFactory.java,45.0,8.0,0.0,1.0,10.0,6.0,26.0,indika@13f79535-47bb-0310-9956-ffa450edef68,1,0.0024271844660194173,17.0,0.0,0.0,0.0,549.7209302325582,5168.916349253238,1,0,1.4412101187160054,false
modules/tasks/src/main/java/org/apache/synapse/task/TaskConstants.java,7.0,0.0,0.0,0.0,0.0,0.0,0.0,indika@13f79535-47bb-0310-9956-ffa450edef68,0,0.0,0.0,0.0,0.0,0.0,0.0,0.0,0,0,0.0,false
modules/tasks/src/main/java/org/apache/synapse/task/TaskDescriptionFactory.java,133.0,11.0,0.0,4.0,37.0,14.0,0.0,indika@13f79535-47bb-0310-9956-ffa450edef68,0,0.0,0.0,0.0,0.0,0.0,0.0,0.0,0,0,0.0,false
modules/tasks/src/main/java/org/apache/synapse/task/TaskDescriptionSerializer.java,56.0,7.0,0.0,1.0,19.0,7.0,0.0,indika@13f79535-47bb-0310-9956-ffa450edef68,0,0.0,0.0,0.0,0.0,0.0,0.0,0.0,0,0,0.0,false
modules/tasks/src/main/java/org/apache/synapse/task/TaskHelper.java,82.0,3.0,6.0,9.0,13.0,21.0,27.0,hiranya@13f79535-47bb-0310-9956-ffa450edef68,2,0.0048543689320388345,50.0,0.0,25.0,0.0,4221.826590609917,66444.53726428591,2,0,0.7321885889987699,false
modules/tasks/src/main/java/org/apache/synapse/task/TaskJobDetailFactory.java,13.0,3.0,0.0,1.0,0.0,4.0,26.0,indika@13f79535-47bb-0310-9956-ffa450edef68,1,0.0024271844660194173,20.0,0.0,0.0,0.0,549.7209302325582,5168.916349253238,1,0,1.4412101187160054,false
modules/tasks/src/main/java/org/apache/synapse/task/TaskScheduler.java,247.0,6.0,0.0,15.0,45.0,56.0,26.0,indika@13f79535-47bb-0310-9956-ffa450edef68,1,0.0024271844660194173,7.0,0.0,0.0,0.0,549.7209302325582,5168.916349253238,1,2,1.4412101187160054,false
modules/transports/core/nhttp/src/main/java/org/apache/synapse/transport/nhttp/Axis2HttpRequest.java,255.0,28.0,107.0,19.0,56.0,46.0,7.0,ruwan@13f79535-47bb-0310-9956-ffa450edef68,2,0.0048543689320388345,13.0,0.0,13.0,0.0,668.448202959831,5338.8993030001775,2,0,1.9157503960645785,false
modules/transports/core/nhttp/src/main/java/org/apache/synapse/transport/nhttp/ClientHandler.java,627.0,37.0,80.0,25.0,232.0,94.0,5.0,hiranya@13f79535-47bb-0310-9956-ffa450edef68,1,0.0024271844660194173,10.0,0.0,7.0,0.0,118.72727272727273,169.98295374693993,1,0,3.776585034533042,false
modules/transports/core/nhttp/src/main/java/org/apache/synapse/transport/nhttp/ClientWorker.java,169.0,23.0,0.0,3.0,61.0,14.0,12.0,hiranya@13f79535-47bb-0310-9956-ffa450edef68,1,0.0024271844660194173,10.0,0.0,10.0,0.0,118.72727272727273,169.98295374693993,1,0,3.776585034533042,false
modules/transports/core/nhttp/src/main/java/org/apache/synapse/transport/nhttp/ConnectionPool.java,85.0,8.0,0.0,4.0,35.0,14.0,0.0,hiranya@13f79535-47bb-0310-9956-ffa450edef68,0,0.0,0.0,0.0,0.0,0.0,0.0,0.0,0,0,0.0,false
modules/transports/core/nhttp/src/main/java/org/apache/synapse/transport/nhttp/HostnameVerifier.java,327.0,10.0,136.0,17.0,5.0,38.0,0.0,asankha@13f79535-47bb-0310-9956-ffa450edef68,0,0.0,0.0,0.0,0.0,0.0,0.0,0.0,0,0,0.0,false
modules/transports/core/nhttp/src/main/java/org/apache/synapse/transport/nhttp/HttpCoreNIOListener.java,554.0,35.0,393.0,43.0,121.0,136.0,3.0,hiranya@13f79535-47bb-0310-9956-ffa450edef68,1,0.0024271844660194173,6.0,0.0,0.0,0.0,549.7209302325582,5168.916349253238,1,0,1.4412101187160054,false
modules/transports/core/nhttp/src/main/java/org/apache/synapse/transport/nhttp/HttpCoreNIOSSLListener.java,124.0,26.0,15.0,6.0,27.0,22.0,0.0,hiranya@13f79535-47bb-0310-9956-ffa450edef68,0,0.0,0.0,0.0,0.0,0.0,0.0,0.0,0,0,0.0,false
modules/transports/core/nhttp/src/main/java/org/apache/synapse/transport/nhttp/HttpCoreNIOSSLSender.java,142.0,20.0,10.0,5.0,28.0,20.0,3.0,hiranya@13f79535-47bb-0310-9956-ffa450edef68,1,0.0024271844660194173,14.0,14.0,0.0,0.0,314.24,1209.7593004706218,1,0,1.8306748854777286,false
modules/transports/core/nhttp/src/main/java/org/apache/synapse/transport/nhttp/HttpCoreNIOSender.java,652.0,46.0,534.0,48.0,181.0,158.0,4.0,hiranya@13f79535-47bb-0310-9956-ffa450edef68,3,0.007281553398058253,18.0,6.0,9.0,0.0,982.688202959831,6548.6586034708,3,0,1.2508777242408153,false
modules/transports/core/nhttp/src/main/java/org/apache/synapse/transport/nhttp/HttpCoreRequestResponseTransport.java,45.0,8.0,10.0,8.0,16.0,16.0,0.0,hiranya@13f79535-47bb-0310-9956-ffa450edef68,0,0.0,0.0,0.0,0.0,0.0,0.0,0.0,0,0,0.0,false
modules/transports/core/nhttp/src/main/java/org/apache/synapse/transport/nhttp/LoggingIOSession.java,149.0,10.0,0.0,21.0,42.0,49.0,0.0,hiranya@13f79535-47bb-0310-9956-ffa450edef68,0,0.0,0.0,0.0,0.0,0.0,0.0,0.0,0,0,0.0,false
modules/transports/core/nhttp/src/main/java/org/apache/synapse/transport/nhttp/LoggingNHttpClientHandler.java,98.0,10.0,0.0,11.0,42.0,24.0,0.0,hiranya@13f79535-47bb-0310-9956-ffa450edef68,0,0.0,0.0,0.0,0.0,0.0,0.0,0.0,0,0,0.0,false
modules/transports/core/nhttp/src/main/java/org/apache/synapse/transport/nhttp/LoggingNHttpClientIOTarget.java,136.0,13.0,0.0,27.0,37.0,57.0,0.0,olegk@13f79535-47bb-0310-9956-ffa450edef68,0,0.0,0.0,0.0,0.0,0.0,0.0,0.0,0,0,0.0,false
modules/transports/core/nhttp/src/main/java/org/apache/synapse/transport/nhttp/LoggingNHttpServerIOTarget.java,135.0,13.0,0.0,27.0,37.0,57.0,0.0,olegk@13f79535-47bb-0310-9956-ffa450edef68,0,0.0,0.0,0.0,0.0,0.0,0.0,0.0,0,0,0.0,false
modules/transports/core/nhttp/src/main/java/org/apache/synapse/transport/nhttp/LoggingNHttpServiceHandler.java,98.0,11.0,0.0,10.0,36.0,24.0,0.0,hiranya@13f79535-47bb-0310-9956-ffa450edef68,0,0.0,0.0,0.0,0.0,0.0,0.0,0.0,0,0,0.0,false
modules/transports/core/nhttp/src/main/java/org/apache/synapse/transport/nhttp/LoggingUtils.java,42.0,7.0,0.0,5.0,15.0,15.0,0.0,hiranya@13f79535-47bb-0310-9956-ffa450edef68,0,0.0,0.0,0.0,0.0,0.0,0.0,0.0,0,0,0.0,false
modules/transports/core/nhttp/src/main/java/org/apache/synapse/transport/nhttp/NHttpConfiguration.java,90.0,3.0,93.0,15.0,20.0,32.0,0.0,ruwan@13f79535-47bb-0310-9956-ffa450edef68,0,0.0,0.0,0.0,0.0,0.0,0.0,0.0,0,0,0.0,true
modules/transports/core/nhttp/src/main/java/org/apache/synapse/transport/nhttp/NhttpConstants.java,64.0,0.0,0.0,0.0,0.0,0.0,7.0,null,2,0.0048543689320388345,8.0,0.0,4.0,0.0,668.448202959831,5338.8993030001775,2,0,1.9157503960645785,false
modules/transports/core/nhttp/src/main/java/org/apache/synapse/transport/nhttp/NoValidateCertTrustManager.java,12.0,3.0,3.0,3.0,0.0,9.0,0.0,asankha@13f79535-47bb-0310-9956-ffa450edef68,0,0.0,0.0,0.0,0.0,0.0,0.0,0.0,0,0,0.0,false
modules/transports/core/nhttp/src/main/java/org/apache/synapse/transport/nhttp/PlainClientIOEventDispatch.java,8.0,5.0,1.0,2.0,2.0,3.0,0.0,hiranya@13f79535-47bb-0310-9956-ffa450edef68,0,0.0,0.0,0.0,0.0,0.0,0.0,0.0,0,0,0.0,false
modules/transports/core/nhttp/src/main/java/org/apache/synapse/transport/nhttp/PlainServerIOEventDispatch.java,8.0,5.0,1.0,2.0,2.0,3.0,0.0,hiranya@13f79535-47bb-0310-9956-ffa450edef68,0,0.0,0.0,0.0,0.0,0.0,0.0,0.0,0,0,0.0,false
modules/transports/core/nhttp/src/main/java/org/apache/synapse/transport/nhttp/SSLClientIOEventDispatch.java,11.0,6.0,3.0,3.0,2.0,4.0,3.0,hiranya@13f79535-47bb-0310-9956-ffa450edef68,1,0.0024271844660194173,14.0,14.0,0.0,0.0,314.24,1209.7593004706218,1,0,1.8306748854777286,false
modules/transports/core/nhttp/src/main/java/org/apache/synapse/transport/nhttp/SSLServerIOEventDispatch.java,11.0,6.0,3.0,3.0,2.0,4.0,0.0,hiranya@13f79535-47bb-0310-9956-ffa450edef68,0,0.0,0.0,0.0,0.0,0.0,0.0,0.0,0,0,0.0,false
modules/transports/core/nhttp/src/main/java/org/apache/synapse/transport/nhttp/ServerHandler.java,352.0,29.0,31.0,19.0,109.0,58.0,12.0,hiranya@13f79535-47bb-0310-9956-ffa450edef68,1,0.0024271844660194173,5.0,0.0,5.0,0.0,118.72727272727273,169.98295374693993,1,0,3.776585034533042,false
modules/transports/core/nhttp/src/main/java/org/apache/synapse/transport/nhttp/ServerWorker.java,623.0,34.0,35.0,18.0,155.0,65.0,6.0,ruwan@13f79535-47bb-0310-9956-ffa450edef68,2,0.0048543689320388345,10.0,0.0,6.0,0.0,668.448202959831,5338.8993030001775,2,0,1.5831542556935378,false
modules/transports/core/nhttp/src/main/java/org/apache/synapse/transport/nhttp/util/GzipMessageFormatterDecorator.java,45.0,10.0,0.0,7.0,11.0,22.0,0.0,asankha@13f79535-47bb-0310-9956-ffa450edef68,0,0.0,0.0,0.0,0.0,0.0,0.0,0.0,0,0,0.0,false
modules/transports/core/nhttp/src/main/java/org/apache/synapse/transport/nhttp/util/MessageFormatterDecoratorFactory.java,31.0,8.0,0.0,1.0,6.0,7.0,0.0,veithen@13f79535-47bb-0310-9956-ffa450edef68,0,0.0,0.0,0.0,0.0,0.0,0.0,0.0,0,0,0.0,false
modules/transports/core/nhttp/src/main/java/org/apache/synapse/transport/nhttp/util/NhttpUtil.java,81.0,7.0,6.0,4.0,28.0,21.0,2.0,asankha@13f79535-47bb-0310-9956-ffa450edef68,1,0.0024271844660194173,50.0,0.0,0.0,0.0,549.7209302325582,5168.916349253238,1,0,1.4412101187160054,false
modules/transports/core/nhttp/src/main/java/org/apache/synapse/transport/nhttp/util/RESTUtil.java,148.0,20.0,6.0,4.0,57.0,27.0,7.0,null,2,0.0048543689320388345,20.0,0.0,20.0,0.0,668.448202959831,5338.8993030001775,2,0,1.9157503960645785,false
modules/transports/core/nhttp/src/test/java/org/apache/synapse/transport/nhttp/HttpAxisTestClientConfigurator.java,12.0,4.0,0.0,3.0,1.0,8.0,36.0,veithen@13f79535-47bb-0310-9956-ffa450edef68,1,0.0024271844660194173,100.0,0.0,100.0,0.0,828.0,13854.77424913024,1,0,1.3198492617117379,false
modules/transports/core/nhttp/src/test/java/org/apache/synapse/transport/nhttp/HttpCoreNIOListenerTest.java,12.0,6.0,0.0,1.0,3.0,3.0,36.0,veithen@13f79535-47bb-0310-9956-ffa450edef68,1,0.0024271844660194173,50.0,0.0,50.0,0.0,828.0,13854.77424913024,1,0,1.3198492617117379,false
modules/transports/core/pipe/src/main/java/org/apache/synapse/transport/pipe/EndDelimitedProtocol.java,43.0,6.0,0.0,4.0,1.0,7.0,0.0,asankha@13f79535-47bb-0310-9956-ffa450edef68,0,0.0,0.0,0.0,0.0,0.0,0.0,0.0,0,0,0.0,false
modules/transports/core/pipe/src/main/java/org/apache/synapse/transport/pipe/PipeConstants.java,8.0,0.0,0.0,1.0,0.0,1.0,0.0,asankha@13f79535-47bb-0310-9956-ffa450edef68,0,0.0,0.0,0.0,0.0,0.0,0.0,0.0,0,0,0.0,false
modules/transports/core/pipe/src/main/java/org/apache/synapse/transport/pipe/PipeDispatcher.java,31.0,7.0,0.0,4.0,15.0,9.0,0.0,asankha@13f79535-47bb-0310-9956-ffa450edef68,0,0.0,0.0,0.0,0.0,0.0,0.0,0.0,0,0,0.0,false
modules/transports/core/pipe/src/main/java/org/apache/synapse/transport/pipe/PipeEndpoint.java,22.0,3.0,2.0,5.0,2.0,8.0,3.0,veithen@13f79535-47bb-0310-9956-ffa450edef68,1,0.0024271844660194173,50.0,0.0,0.0,0.0,828.0,13854.77424913024,1,0,1.3198492617117379,false
modules/transports/core/pipe/src/main/java/org/apache/synapse/transport/pipe/PipeEndpointListener.java,90.0,11.0,0.0,3.0,34.0,13.0,0.0,hiranya@13f79535-47bb-0310-9956-ffa450edef68,0,0.0,0.0,0.0,0.0,0.0,0.0,0.0,0,0,0.0,false
modules/transports/core/pipe/src/main/java/org/apache/synapse/transport/pipe/PipeListener.java,38.0,10.0,1.0,3.0,11.0,9.0,3.0,veithen@13f79535-47bb-0310-9956-ffa450edef68,1,0.0024271844660194173,50.0,0.0,0.0,0.0,828.0,13854.77424913024,1,0,1.3198492617117379,false
modules/transports/core/pipe/src/main/java/org/apache/synapse/transport/pipe/Protocol.java,16.0,2.0,1.0,2.0,0.0,6.0,0.0,asankha@13f79535-47bb-0310-9956-ffa450edef68,0,0.0,0.0,0.0,0.0,0.0,0.0,0.0,0,0,0.0,false
modules/transports/core/pipe/src/main/java/org/apache/synapse/transport/pipe/ProtocolDecoder.java,22.0,0.0,3.0,3.0,0.0,7.0,0.0,asankha@13f79535-47bb-0310-9956-ffa450edef68,0,0.0,0.0,0.0,0.0,0.0,0.0,0.0,0,0,0.0,false
modules/transports/core/pipe/src/main/java/org/apache/synapse/transport/pipe/package-info.java,0.0,0.0,0.0,0.0,0.0,0.0,0.0,asankha@13f79535-47bb-0310-9956-ffa450edef68,0,0.0,0.0,0.0,0.0,0.0,0.0,0.0,0,0,0.0,false
modules/transports/core/pipe/src/test/java/org/apache/synapse/transport/pipe/EndDelimitedProtocolTest.java,38.0,7.0,0.0,1.0,14.0,6.0,36.0,veithen@13f79535-47bb-0310-9956-ffa450edef68,1,0.0024271844660194173,100.0,0.0,100.0,0.0,828.0,13854.77424913024,1,0,1.3198492617117379,false
modules/transports/core/vfs/src/main/java/org/apache/synapse/transport/vfs/FileObjectDataSource.java,31.0,6.0,0.0,6.0,8.0,14.0,0.0,veithen@13f79535-47bb-0310-9956-ffa450edef68,0,0.0,0.0,0.0,0.0,0.0,0.0,0.0,0,0,0.0,false
modules/transports/core/vfs/src/main/java/org/apache/synapse/transport/vfs/PollTableEntry.java,160.0,3.0,321.0,27.0,12.0,49.0,3.0,veithen@13f79535-47bb-0310-9956-ffa450edef68,1,0.0024271844660194173,33.0,0.0,11.0,0.0,828.0,13854.77424913024,1,0,1.3198492617117379,false
modules/transports/core/vfs/src/main/java/org/apache/synapse/transport/vfs/VFSConstants.java,26.0,0.0,0.0,0.0,0.0,0.0,0.0,rajikak@13f79535-47bb-0310-9956-ffa450edef68,0,0.0,0.0,0.0,0.0,0.0,0.0,0.0,0,0,0.0,false
modules/transports/core/vfs/src/main/java/org/apache/synapse/transport/vfs/VFSOutTransportInfo.java,60.0,5.0,25.0,10.0,9.0,17.0,0.0,hiranya@13f79535-47bb-0310-9956-ffa450edef68,0,0.0,0.0,0.0,0.0,0.0,0.0,0.0,0,0,0.0,false
modules/transports/core/vfs/src/main/java/org/apache/synapse/transport/vfs/VFSTransportListener.java,381.0,28.0,7.0,6.0,113.0,33.0,2.0,null,2,0.0048543689320388345,22.0,0.0,11.0,0.0,1377.7209302325582,19023.690598383477,2,0,0.7878543313439963,false
modules/transports/core/vfs/src/main/java/org/apache/synapse/transport/vfs/VFSTransportSender.java,142.0,13.0,4.0,4.0,37.0,18.0,1.0,null,1,0.0024271844660194173,8.0,0.0,8.0,0.0,828.0,13854.77424913024,1,0,1.3198492617117379,false
modules/transports/core/vfs/src/main/java/org/apache/synapse/transport/vfs/VFSUtils.java,52.0,8.0,6.0,4.0,10.0,13.0,0.0,null,0,0.0,0.0,0.0,0.0,0.0,0.0,0.0,0,0,0.0,false
modules/transports/core/vfs/src/test/java/org/apache/synapse/transport/vfs/VFSAsyncClient.java,5.0,3.0,0.0,1.0,1.0,2.0,36.0,veithen@13f79535-47bb-0310-9956-ffa450edef68,1,0.0024271844660194173,100.0,0.0,100.0,0.0,828.0,13854.77424913024,1,0,1.3198492617117379,false
modules/transports/core/vfs/src/test/java/org/apache/synapse/transport/vfs/VFSAsyncFileChannel.java,5.0,1.0,0.0,1.0,0.0,1.0,36.0,veithen@13f79535-47bb-0310-9956-ffa450edef68,1,0.0024271844660194173,100.0,0.0,100.0,0.0,828.0,13854.77424913024,1,0,1.3198492617117379,false
modules/transports/core/vfs/src/test/java/org/apache/synapse/transport/vfs/VFSClient.java,25.0,12.0,0.0,4.0,7.0,8.0,36.0,veithen@13f79535-47bb-0310-9956-ffa450edef68,1,0.0024271844660194173,100.0,0.0,100.0,0.0,828.0,13854.77424913024,1,0,1.3198492617117379,false
modules/transports/core/vfs/src/test/java/org/apache/synapse/transport/vfs/VFSFileChannel.java,35.0,8.0,0.0,6.0,11.0,14.0,36.0,veithen@13f79535-47bb-0310-9956-ffa450edef68,1,0.0024271844660194173,100.0,0.0,100.0,0.0,828.0,13854.77424913024,1,0,1.3198492617117379,false
modules/transports/core/vfs/src/test/java/org/apache/synapse/transport/vfs/VFSMockAsyncEndpoint.java,15.0,7.0,0.0,3.0,5.0,7.0,36.0,veithen@13f79535-47bb-0310-9956-ffa450edef68,1,0.0024271844660194173,100.0,0.0,100.0,0.0,828.0,13854.77424913024,1,0,1.3198492617117379,false
modules/transports/core/vfs/src/test/java/org/apache/synapse/transport/vfs/VFSRequestResponseClient.java,17.0,7.0,0.0,2.0,6.0,6.0,36.0,veithen@13f79535-47bb-0310-9956-ffa450edef68,1,0.0024271844660194173,100.0,0.0,100.0,0.0,828.0,13854.77424913024,1,0,1.3198492617117379,false
modules/transports/core/vfs/src/test/java/org/apache/synapse/transport/vfs/VFSRequestResponseFileChannel.java,18.0,5.0,0.0,4.0,3.0,7.0,36.0,veithen@13f79535-47bb-0310-9956-ffa450edef68,1,0.0024271844660194173,100.0,0.0,100.0,0.0,828.0,13854.77424913024,1,0,1.3198492617117379,false
modules/transports/core/vfs/src/test/java/org/apache/synapse/transport/vfs/VFSTestEnvironment.java,12.0,2.0,0.0,3.0,1.0,4.0,36.0,veithen@13f79535-47bb-0310-9956-ffa450edef68,1,0.0024271844660194173,100.0,0.0,100.0,0.0,828.0,13854.77424913024,1,0,1.3198492617117379,false
modules/transports/core/vfs/src/test/java/org/apache/synapse/transport/vfs/VFSTestUtils.java,33.0,5.0,6.0,4.0,9.0,14.0,36.0,veithen@13f79535-47bb-0310-9956-ffa450edef68,1,0.0024271844660194173,100.0,0.0,100.0,0.0,828.0,13854.77424913024,1,0,1.3198492617117379,false
modules/transports/core/vfs/src/test/java/org/apache/synapse/transport/vfs/VFSTransportTest.java,24.0,11.0,0.0,1.0,11.0,3.0,36.0,veithen@13f79535-47bb-0310-9956-ffa450edef68,1,0.0024271844660194173,33.0,0.0,33.0,0.0,828.0,13854.77424913024,1,0,1.3198492617117379,false
modules/transports/optional/fix/src/main/java/org/apache/synapse/transport/fix/AxisFIXException.java,11.0,0.0,3.0,3.0,0.0,3.0,0.0,asankha@13f79535-47bb-0310-9956-ffa450edef68,0,0.0,0.0,0.0,0.0,0.0,0.0,0.0,0,0,0.0,false
modules/transports/optional/fix/src/main/java/org/apache/synapse/transport/fix/FIXApplicationFactory.java,9.0,4.0,0.0,2.0,0.0,3.0,4.0,hiranya@13f79535-47bb-0310-9956-ffa450edef68,1,0.0024271844660194173,50.0,0.0,50.0,50.0,314.24,1209.7593004706218,1,0,1.8306748854777286,false
modules/transports/optional/fix/src/main/java/org/apache/synapse/transport/fix/FIXConstants.java,63.0,0.0,0.0,0.0,0.0,0.0,4.0,hiranya@13f79535-47bb-0310-9956-ffa450edef68,1,0.0024271844660194173,20.0,20.0,20.0,0.0,314.24,1209.7593004706218,1,0,1.8306748854777286,true
modules/transports/optional/fix/src/main/java/org/apache/synapse/transport/fix/FIXIncomingMessageHandler.java,254.0,25.0,0.0,12.0,64.0,34.0,2.0,hiranya@13f79535-47bb-0310-9956-ffa450edef68,1,0.0024271844660194173,33.0,17.0,33.0,0.0,314.24,1209.7593004706218,1,0,1.8306748854777286,true
modules/transports/optional/fix/src/main/java/org/apache/synapse/transport/fix/FIXOutTransportInfo.java,34.0,6.0,0.0,5.0,9.0,9.0,0.0,asankha@13f79535-47bb-0310-9956-ffa450edef68,0,0.0,0.0,0.0,0.0,0.0,0.0,0.0,0,0,0.0,false
modules/transports/optional/fix/src/main/java/org/apache/synapse/transport/fix/FIXOutgoingMessageHandler.java,118.0,7.0,1.0,6.0,18.0,20.0,1.0,hiranya@13f79535-47bb-0310-9956-ffa450edef68,1,0.0024271844660194173,33.0,0.0,33.0,0.0,314.24,1209.7593004706218,1,0,1.8306748854777286,false
modules/transports/optional/fix/src/main/java/org/apache/synapse/transport/fix/FIXSessionFactory.java,346.0,16.0,0.0,16.0,87.0,66.0,4.0,hiranya@13f79535-47bb-0310-9956-ffa450edef68,1,0.0024271844660194173,9.0,0.0,9.0,9.0,314.24,1209.7593004706218,1,0,1.8306748854777286,false
modules/transports/optional/fix/src/main/java/org/apache/synapse/transport/fix/FIXTransportListener.java,61.0,6.0,0.0,4.0,10.0,12.0,4.0,hiranya@13f79535-47bb-0310-9956-ffa450edef68,1,0.0024271844660194173,25.0,0.0,25.0,25.0,314.24,1209.7593004706218,1,0,1.8306748854777286,false
modules/transports/optional/fix/src/main/java/org/apache/synapse/transport/fix/FIXTransportSender.java,321.0,18.0,69.0,14.0,95.0,64.0,4.0,hiranya@13f79535-47bb-0310-9956-ffa450edef68,1,0.0024271844660194173,25.0,0.0,25.0,25.0,314.24,1209.7593004706218,1,0,1.8306748854777286,false
modules/transports/optional/fix/src/main/java/org/apache/synapse/transport/fix/FIXUtils.java,610.0,23.0,165.0,19.0,157.0,85.0,0.0,hiranya@13f79535-47bb-0310-9956-ffa450edef68,0,0.0,0.0,0.0,0.0,0.0,0.0,0.0,0,0,0.0,false
