name,LOC,CBO,LCOM,NOM,RFC,WMC,ACS,Ownership,numOfChanges,numberOfFIChanges,ENH,NF,BugFixing,REF,structuralWorkloadSum,semanticWorkloadSum,numberOfDeveloper,pastFaults,MAF,isBuggy
modules/commons/src/main/java/org/apache/synapse/commons/datasource/JNDIBasedDataSourceRepository.java,353.0,11.0,61.0,18.0,110.0,56.0,1.0,indika@13f79535-47bb-0310-9956-ffa450edef68,1,0.0196078431372549,14.0,14.0,0.0,14.0,191.42857142857142,680.6547334632212,1,1,1.3862943611198906,false
modules/commons/src/main/java/org/apache/synapse/commons/security/wrappers/CipherWrapper.java,98.0,16.0,0.0,3.0,17.0,16.0,4.0,indika@13f79535-47bb-0310-9956-ffa450edef68,1,0.0196078431372549,25.0,0.0,0.0,0.0,191.42857142857142,680.6547334632212,1,1,1.3862943611198906,false
modules/commons/src/main/java/org/apache/synapse/commons/security/wrappers/IdentityKeyStoreWrapper.java,53.0,4.0,10.0,5.0,1.0,14.0,4.0,indika@13f79535-47bb-0310-9956-ffa450edef68,1,0.0196078431372549,25.0,0.0,0.0,0.0,191.42857142857142,680.6547334632212,1,1,1.3862943611198906,false
modules/commons/src/main/java/org/apache/synapse/commons/security/wrappers/KeyStoreWrapper.java,148.0,9.0,9.0,11.0,20.0,43.0,4.0,indika@13f79535-47bb-0310-9956-ffa450edef68,1,0.0196078431372549,20.0,0.0,0.0,0.0,191.42857142857142,680.6547334632212,1,2,1.3862943611198906,false
modules/commons/src/main/java/org/apache/synapse/commons/security/wrappers/TrustKeyStoreWrapper.java,18.0,2.0,1.0,2.0,1.0,5.0,4.0,indika@13f79535-47bb-0310-9956-ffa450edef68,1,0.0196078431372549,33.0,0.0,0.0,0.0,191.42857142857142,680.6547334632212,1,0,1.3862943611198906,false
modules/core/src/main/java/org/apache/synapse/Axis2SynapseController.java,569.0,35.0,48.0,33.0,195.0,114.0,4.0,null,1,0.0196078431372549,2.0,0.0,0.0,0.0,188.66666666666666,542.6884358740881,1,6,0.8266785731844679,false
modules/core/src/main/java/org/apache/synapse/ServerState.java,0.0,0.0,0.0,0.0,0.0,0.0,0.0,indika@13f79535-47bb-0310-9956-ffa450edef68,0,0.0,0.0,0.0,0.0,0.0,0.0,0.0,0,1,0.0,false
modules/core/src/main/java/org/apache/synapse/SynapseConstants.java,368.0,3.0,0.0,0.0,0.0,0.0,2.0,null,2,0.0392156862745098,3.0,2.0,0.0,0.0,380.0952380952381,1223.3431693373093,2,17,0.41333928659223396,true
modules/core/src/main/java/org/apache/synapse/config/SynapseConfigUtils.java,650.0,33.0,195.0,27.0,179.0,113.0,2.0,indika@13f79535-47bb-0310-9956-ffa450edef68,1,0.0196078431372549,2.0,0.0,0.0,0.0,188.66666666666666,542.6884358740881,1,5,0.8266785731844679,false
modules/core/src/main/java/org/apache/synapse/config/SynapseConfiguration.java,838.0,20.0,1065.0,59.0,185.0,202.0,4.0,null,1,0.0196078431372549,1.0,0.0,0.0,0.0,188.66666666666666,542.6884358740881,1,11,0.8266785731844679,true
modules/core/src/main/java/org/apache/synapse/config/xml/AbstractDBMediatorFactory.java,240.0,13.0,22.0,8.0,60.0,31.0,5.0,indika@13f79535-47bb-0310-9956-ffa450edef68,1,0.0196078431372549,4.0,0.0,0.0,0.0,70.44444444444444,178.84303800536543,1,8,1.6739764335716716,false
modules/core/src/main/java/org/apache/synapse/config/xml/AbstractDBMediatorSerializer.java,147.0,9.0,6.0,4.0,34.0,16.0,5.0,ruwan@13f79535-47bb-0310-9956-ffa450edef68,1,0.0196078431372549,20.0,0.0,0.0,0.0,70.44444444444444,178.84303800536543,1,1,1.6739764335716716,false
modules/core/src/main/java/org/apache/synapse/config/xml/PropertyMediatorFactory.java,66.0,7.0,1.0,2.0,13.0,10.0,6.0,ruwan@13f79535-47bb-0310-9956-ffa450edef68,1,0.0196078431372549,11.0,11.0,11.0,0.0,188.66666666666666,542.6884358740881,1,4,0.8266785731844679,false
modules/core/src/main/java/org/apache/synapse/config/xml/PropertyMediatorSerializer.java,47.0,5.0,1.0,2.0,16.0,7.0,6.0,ruwan@13f79535-47bb-0310-9956-ffa450edef68,1,0.0196078431372549,17.0,17.0,17.0,0.0,188.66666666666666,542.6884358740881,1,1,0.8266785731844679,false
modules/core/src/main/java/org/apache/synapse/config/xml/XMLConfigConstants.java,86.0,3.0,0.0,0.0,0.0,0.0,6.0,null,1,0.0196078431372549,4.0,4.0,4.0,0.0,188.66666666666666,542.6884358740881,1,6,0.8266785731844679,true
modules/core/src/main/java/org/apache/synapse/config/xml/endpoints/DynamicLoadbalanceEndpointSerializer.java,36.0,8.0,0.0,1.0,14.0,4.0,0.0,hiranya@13f79535-47bb-0310-9956-ffa450edef68,0,0.0,0.0,0.0,0.0,0.0,0.0,0.0,0,0,0.0,false
modules/core/src/main/java/org/apache/synapse/config/xml/endpoints/EndpointFactory.java,324.0,16.0,33.0,10.0,60.0,36.0,0.0,ruwan@13f79535-47bb-0310-9956-ffa450edef68,0,0.0,0.0,0.0,0.0,0.0,0.0,0.0,0,4,0.0,true
modules/core/src/main/java/org/apache/synapse/config/xml/endpoints/EndpointSerializer.java,179.0,10.0,19.0,7.0,39.0,21.0,0.0,ruwan@13f79535-47bb-0310-9956-ffa450edef68,0,0.0,0.0,0.0,0.0,0.0,0.0,0.0,0,7,0.0,true
modules/core/src/main/java/org/apache/synapse/config/xml/endpoints/ResolvingEndpointFactory.java,26.0,7.0,3.0,3.0,5.0,7.0,0.0,ruwan@13f79535-47bb-0310-9956-ffa450edef68,0,0.0,0.0,0.0,0.0,0.0,0.0,0.0,0,0,0.0,false
modules/core/src/main/java/org/apache/synapse/config/xml/endpoints/ResolvingEndpointSerializer.java,17.0,7.0,0.0,1.0,7.0,3.0,0.0,hiranya@13f79535-47bb-0310-9956-ffa450edef68,0,0.0,0.0,0.0,0.0,0.0,0.0,0.0,0,0,0.0,false
modules/core/src/main/java/org/apache/synapse/config/xml/endpoints/utils/WSDL11EndpointBuilder.java,59.0,26.0,4.0,4.0,11.0,10.0,2.0,null,1,0.0196078431372549,12.0,0.0,0.0,0.0,191.42857142857142,680.6547334632212,1,2,1.3862943611198906,true
modules/core/src/main/java/org/apache/synapse/core/LoadBalanceMembershipHandler.java,37.0,5.0,15.0,6.0,0.0,13.0,0.0,ruwan@13f79535-47bb-0310-9956-ffa450edef68,0,0.0,0.0,0.0,0.0,0.0,0.0,0.0,0,1,0.0,true
modules/core/src/main/java/org/apache/synapse/core/axis2/Axis2FlexibleMEPClient.java,216.0,30.0,6.0,4.0,99.0,19.0,1.0,ruwan@13f79535-47bb-0310-9956-ffa450edef68,2,0.0392156862745098,4.0,0.0,2.0,0.0,261.87301587301585,859.4977714685866,2,22,0.8369882167858359,true
modules/core/src/main/java/org/apache/synapse/core/axis2/Axis2LoadBalanceMembershipHandler.java,54.0,11.0,1.0,6.0,9.0,15.0,0.0,ruwan@13f79535-47bb-0310-9956-ffa450edef68,0,0.0,0.0,0.0,0.0,0.0,0.0,0.0,0,1,0.0,true
modules/core/src/main/java/org/apache/synapse/core/axis2/Axis2MessageContext.java,376.0,21.0,474.0,61.0,99.0,127.0,0.0,null,0,0.0,0.0,0.0,0.0,0.0,0.0,0.0,0,5,0.0,true
modules/core/src/main/java/org/apache/synapse/core/axis2/DynamicAxisOperation.java,127.0,21.0,3.0,3.0,0.0,4.0,0.0,hiranya@13f79535-47bb-0310-9956-ffa450edef68,0,0.0,0.0,0.0,0.0,0.0,0.0,0.0,0,4,0.0,false
modules/core/src/main/java/org/apache/synapse/core/axis2/ExtensionDeployer.java,120.0,23.0,13.0,7.0,40.0,22.0,0.0,hiranya@13f79535-47bb-0310-9956-ffa450edef68,0,0.0,0.0,0.0,0.0,0.0,0.0,0.0,0,0,0.0,false
modules/core/src/main/java/org/apache/synapse/core/axis2/ProxyService.java,710.0,37.0,2265.0,71.0,105.0,125.0,0.0,ruwan@13f79535-47bb-0310-9956-ffa450edef68,0,0.0,0.0,0.0,0.0,0.0,0.0,0.0,0,14,0.0,false
modules/core/src/main/java/org/apache/synapse/endpoints/AbstractEndpoint.java,339.0,16.0,447.0,35.0,87.0,82.0,1.0,null,2,0.0392156862745098,7.0,2.0,0.0,2.0,380.0952380952381,1223.3431693373093,2,10,0.5632415968466036,true
modules/core/src/main/java/org/apache/synapse/endpoints/DynamicLoadbalanceEndpoint.java,106.0,16.0,7.0,7.0,37.0,15.0,0.0,hiranya@13f79535-47bb-0310-9956-ffa450edef68,0,0.0,0.0,0.0,0.0,0.0,0.0,0.0,0,4,0.0,true
modules/core/src/main/java/org/apache/synapse/endpoints/EndpointContext.java,370.0,7.0,0.0,13.0,43.0,42.0,1.0,null,1,0.0196078431372549,6.0,0.0,6.0,0.0,70.44444444444444,178.84303800536543,1,2,1.6739764335716716,true
modules/core/src/main/java/org/apache/synapse/endpoints/ResolvingEndpoint.java,42.0,8.0,0.0,4.0,14.0,11.0,0.0,rajikak@13f79535-47bb-0310-9956-ffa450edef68,0,0.0,0.0,0.0,0.0,0.0,0.0,0.0,0,0,0.0,false
modules/core/src/main/java/org/apache/synapse/mediators/base/SequenceMediator.java,202.0,10.0,106.0,17.0,21.0,36.0,0.0,indika@13f79535-47bb-0310-9956-ffa450edef68,0,0.0,0.0,0.0,0.0,0.0,0.0,0.0,0,5,0.0,false
modules/core/src/main/java/org/apache/synapse/mediators/builtin/CacheMediator.java,301.0,29.0,227.0,26.0,71.0,59.0,0.0,null,0,0.0,0.0,0.0,0.0,0.0,0.0,0.0,0,3,0.0,true
modules/core/src/main/java/org/apache/synapse/mediators/builtin/PropertyMediator.java,209.0,14.0,69.0,18.0,30.0,39.0,4.0,hiranya@13f79535-47bb-0310-9956-ffa450edef68,1,0.0196078431372549,14.0,7.0,7.0,0.0,188.66666666666666,542.6884358740881,1,3,0.8266785731844679,false
modules/core/src/main/java/org/apache/synapse/mediators/builtin/ValidateMediator.java,213.0,24.0,10.0,9.0,44.0,33.0,1.0,null,1,0.0196078431372549,5.0,0.0,5.0,0.0,70.44444444444444,178.84303800536543,1,4,1.6739764335716716,false
modules/core/src/main/java/org/apache/synapse/mediators/db/AbstractDBMediator.java,328.0,20.0,153.0,22.0,82.0,59.0,5.0,indika@13f79535-47bb-0310-9956-ffa450edef68,1,0.0196078431372549,4.0,0.0,0.0,0.0,70.44444444444444,178.84303800536543,1,4,1.6739764335716716,false
modules/core/src/main/java/org/apache/synapse/mediators/transform/XSLTMediator.java,394.0,29.0,116.0,21.0,81.0,58.0,0.0,veithen@13f79535-47bb-0310-9956-ffa450edef68,0,0.0,0.0,0.0,0.0,0.0,0.0,0.0,0,12,0.0,false
modules/core/src/main/java/org/apache/synapse/startup/quartz/SimpleQuartz.java,98.0,14.0,0.0,6.0,36.0,20.0,4.0,indika@13f79535-47bb-0310-9956-ffa450edef68,1,0.0196078431372549,5.0,0.0,0.0,0.0,188.66666666666666,542.6884358740881,1,2,0.8266785731844679,false
modules/core/src/main/java/org/apache/synapse/util/Replicator.java,60.0,5.0,0.0,3.0,11.0,11.0,0.0,azeez@13f79535-47bb-0310-9956-ffa450edef68,0,0.0,0.0,0.0,0.0,0.0,0.0,0.0,0,0,0.0,false
modules/core/src/main/java/org/apache/synapse/util/xpath/SynapseXPathConstants.java,33.0,0.0,0.0,0.0,0.0,0.0,2.0,ruwan@13f79535-47bb-0310-9956-ffa450edef68,1,0.0196078431372549,25.0,0.0,25.0,0.0,70.44444444444444,178.84303800536543,1,1,1.6739764335716716,false
modules/core/src/main/java/org/apache/synapse/util/xpath/SynapseXPathVariableContext.java,115.0,15.0,0.0,3.0,16.0,14.0,2.0,supun@13f79535-47bb-0310-9956-ffa450edef68,1,0.0196078431372549,10.0,0.0,10.0,0.0,70.44444444444444,178.84303800536543,1,1,1.6739764335716716,false
modules/core/src/test/java/org/apache/synapse/TestMessageContext.java,212.0,16.0,1365.0,54.0,33.0,102.0,0.0,hiranya@13f79535-47bb-0310-9956-ffa450edef68,0,0.0,0.0,0.0,0.0,0.0,0.0,0.0,0,2,0.0,false
modules/core/src/test/java/org/apache/synapse/config/xml/PropertyMediatorSerializationTest.java,41.0,0.0,0.0,7.0,13.0,13.0,6.0,ruwan@13f79535-47bb-0310-9956-ffa450edef68,1,0.0196078431372549,17.0,17.0,17.0,0.0,188.66666666666666,542.6884358740881,1,0,0.8266785731844679,false
modules/core/src/test/java/org/apache/synapse/mediators/builtin/PropertyMediatorTest.java,117.0,10.0,10.0,5.0,47.0,11.0,6.0,hiranya@13f79535-47bb-0310-9956-ffa450edef68,1,0.0196078431372549,14.0,14.0,14.0,0.0,188.66666666666666,542.6884358740881,1,3,0.8266785731844679,false
modules/core/src/test/java/org/apache/synapse/mediators/db/DBLookupMediatorTest.java,41.0,10.0,0.0,5.0,28.0,15.0,5.0,ruwan@13f79535-47bb-0310-9956-ffa450edef68,1,0.0196078431372549,12.0,0.0,0.0,0.0,70.44444444444444,178.84303800536543,1,1,1.6739764335716716,false
modules/core/src/test/java/org/apache/synapse/mediators/db/DBReportMediatorTest.java,41.0,12.0,0.0,4.0,30.0,15.0,5.0,ruwan@13f79535-47bb-0310-9956-ffa450edef68,1,0.0196078431372549,11.0,0.0,0.0,0.0,70.44444444444444,178.84303800536543,1,2,1.6739764335716716,false
modules/extensions/src/main/java/org/apache/synapse/mediators/throttle/ThrottleMediator.java,367.0,16.0,112.0,20.0,50.0,46.0,1.0,null,1,0.0196078431372549,6.0,0.0,0.0,0.0,188.66666666666666,542.6884358740881,1,0,0.8266785731844679,false
modules/tasks/src/main/java/org/apache/synapse/task/SynapseTaskManager.java,89.0,3.0,2.0,9.0,15.0,22.0,4.0,hiranya@13f79535-47bb-0310-9956-ffa450edef68,1,0.0196078431372549,25.0,0.0,0.0,0.0,188.66666666666666,542.6884358740881,1,1,0.8266785731844679,false
modules/transports/core/nhttp/src/main/java/org/apache/synapse/transport/nhttp/ClientWorker.java,186.0,24.0,0.0,4.0,67.0,17.0,1.0,hiranya@13f79535-47bb-0310-9956-ffa450edef68,1,0.0196078431372549,10.0,0.0,10.0,0.0,188.66666666666666,542.6884358740881,1,2,0.8266785731844679,false
modules/transports/core/nhttp/src/main/java/org/apache/synapse/transport/nhttp/ConnectionPool.java,84.0,8.0,0.0,4.0,35.0,14.0,0.0,hiranya@13f79535-47bb-0310-9956-ffa450edef68,0,0.0,0.0,0.0,0.0,0.0,0.0,0.0,0,1,0.0,false
modules/transports/core/nhttp/src/main/java/org/apache/synapse/transport/nhttp/HttpCoreNIOListener.java,557.0,36.0,393.0,43.0,122.0,137.0,0.0,hiranya@13f79535-47bb-0310-9956-ffa450edef68,0,0.0,0.0,0.0,0.0,0.0,0.0,0.0,0,0,0.0,false
modules/transports/core/nhttp/src/main/java/org/apache/synapse/transport/nhttp/HttpCoreNIOSender.java,660.0,47.0,534.0,48.0,187.0,160.0,0.0,hiranya@13f79535-47bb-0310-9956-ffa450edef68,0,0.0,0.0,0.0,0.0,0.0,0.0,0.0,0,3,0.0,false
modules/transports/core/nhttp/src/main/java/org/apache/synapse/transport/nhttp/LoggingIOSession.java,160.0,10.0,0.0,21.0,42.0,48.0,0.0,hiranya@13f79535-47bb-0310-9956-ffa450edef68,0,0.0,0.0,0.0,0.0,0.0,0.0,0.0,0,0,0.0,false
modules/transports/core/nhttp/src/main/java/org/apache/synapse/transport/nhttp/LoggingNHttpClientConnection.java,83.0,18.0,0.0,8.0,8.0,14.0,0.0,hiranya@13f79535-47bb-0310-9956-ffa450edef68,0,0.0,0.0,0.0,0.0,0.0,0.0,0.0,0,0,0.0,false
modules/transports/core/nhttp/src/main/java/org/apache/synapse/transport/nhttp/LoggingNHttpClientHandler.java,79.0,9.0,0.0,11.0,40.0,22.0,0.0,hiranya@13f79535-47bb-0310-9956-ffa450edef68,0,0.0,0.0,0.0,0.0,0.0,0.0,0.0,0,0,0.0,false
modules/transports/core/nhttp/src/main/java/org/apache/synapse/transport/nhttp/LoggingNHttpServerConnection.java,83.0,18.0,0.0,8.0,8.0,14.0,0.0,hiranya@13f79535-47bb-0310-9956-ffa450edef68,0,0.0,0.0,0.0,0.0,0.0,0.0,0.0,0,0,0.0,false
modules/transports/core/nhttp/src/main/java/org/apache/synapse/transport/nhttp/LoggingNHttpServiceHandler.java,79.0,10.0,0.0,10.0,34.0,22.0,0.0,hiranya@13f79535-47bb-0310-9956-ffa450edef68,0,0.0,0.0,0.0,0.0,0.0,0.0,0.0,0,0,0.0,false
modules/transports/core/nhttp/src/main/java/org/apache/synapse/transport/nhttp/LoggingUtils.java,46.0,13.0,8.0,5.0,13.0,17.0,0.0,hiranya@13f79535-47bb-0310-9956-ffa450edef68,0,0.0,0.0,0.0,0.0,0.0,0.0,0.0,0,0,0.0,false
modules/transports/core/nhttp/src/main/java/org/apache/synapse/transport/nhttp/NHttpConfiguration.java,109.0,4.0,104.0,16.0,21.0,36.0,0.0,ruwan@13f79535-47bb-0310-9956-ffa450edef68,0,0.0,0.0,0.0,0.0,0.0,0.0,0.0,0,0,0.0,true
modules/transports/core/nhttp/src/main/java/org/apache/synapse/transport/nhttp/NhttpConstants.java,66.0,0.0,0.0,0.0,0.0,0.0,0.0,null,0,0.0,0.0,0.0,0.0,0.0,0.0,0.0,0,3,0.0,false
modules/transports/core/nhttp/src/main/java/org/apache/synapse/transport/nhttp/PlainClientIOEventDispatch.java,9.0,5.0,1.0,2.0,4.0,3.0,0.0,hiranya@13f79535-47bb-0310-9956-ffa450edef68,0,0.0,0.0,0.0,0.0,0.0,0.0,0.0,0,0,0.0,false
modules/transports/core/nhttp/src/main/java/org/apache/synapse/transport/nhttp/PlainServerIOEventDispatch.java,9.0,5.0,1.0,2.0,4.0,3.0,0.0,hiranya@13f79535-47bb-0310-9956-ffa450edef68,0,0.0,0.0,0.0,0.0,0.0,0.0,0.0,0,0,0.0,false
modules/transports/core/nhttp/src/main/java/org/apache/synapse/transport/nhttp/SSLClientIOEventDispatch.java,28.0,9.0,4.0,4.0,9.0,7.0,0.0,hiranya@13f79535-47bb-0310-9956-ffa450edef68,0,0.0,0.0,0.0,0.0,0.0,0.0,0.0,0,0,0.0,false
modules/transports/core/nhttp/src/main/java/org/apache/synapse/transport/nhttp/SSLServerIOEventDispatch.java,12.0,6.0,3.0,3.0,5.0,4.0,0.0,hiranya@13f79535-47bb-0310-9956-ffa450edef68,0,0.0,0.0,0.0,0.0,0.0,0.0,0.0,0,0,0.0,false
modules/transports/core/nhttp/src/main/java/org/apache/synapse/transport/nhttp/ServerHandler.java,358.0,29.0,31.0,19.0,111.0,59.0,0.0,hiranya@13f79535-47bb-0310-9956-ffa450edef68,0,0.0,0.0,0.0,0.0,0.0,0.0,0.0,0,2,0.0,false
modules/transports/core/nhttp/src/main/java/org/apache/synapse/transport/nhttp/Wire.java,78.0,2.0,49.0,11.0,28.0,19.0,0.0,olegk@13f79535-47bb-0310-9956-ffa450edef68,0,0.0,0.0,0.0,0.0,0.0,0.0,0.0,0,0,0.0,false
