name,LOC,CBO,LCOM,NOM,RFC,WMC,ACS,Ownership,numOfChanges,numberOfFIChanges,ENH,NF,BugFixing,REF,structuralWorkloadSum,semanticWorkloadSum,numberOfDeveloper,pastFaults,MAF,isBuggy
modules/commons/src/main/java/org/apache/synapse/commons/datasource/DBPoolView.java,50.0,2.0,21.0,10.0,4.0,17.0,12.0,indika@13f79535-47bb-0310-9956-ffa450edef68,1,0.0020833333333333333,67.0,67.0,0.0,33.0,1222.0145985401462,62119.71428571428,1,0,2.2512917986064953,false
modules/commons/src/main/java/org/apache/synapse/commons/datasource/DBPoolViewMBean.java,29.0,1.0,10.0,5.0,0.0,10.0,12.0,indika@13f79535-47bb-0310-9956-ffa450edef68,1,0.0020833333333333333,67.0,67.0,0.0,33.0,1222.0145985401462,62119.71428571428,1,0,2.2512917986064953,false
modules/commons/src/main/java/org/apache/synapse/commons/datasource/DataSourceConstants.java,59.0,0.0,0.0,0.0,0.0,0.0,11.0,indika@13f79535-47bb-0310-9956-ffa450edef68,2,0.004166666666666667,75.0,25.0,25.0,25.0,3498.395550921098,209172.23750877313,2,0,1.243560908300799,false
modules/commons/src/main/java/org/apache/synapse/commons/datasource/DataSourceFinder.java,41.0,8.0,0.0,2.0,3.0,12.0,13.0,indika@13f79535-47bb-0310-9956-ffa450edef68,2,0.004166666666666667,40.0,20.0,0.0,40.0,3498.395550921098,209172.23750877313,2,1,1.0013195350302246,false
modules/commons/src/main/java/org/apache/synapse/commons/datasource/DataSourceHelper.java,74.0,5.0,16.0,8.0,11.0,20.0,13.0,indika@13f79535-47bb-0310-9956-ffa450edef68,2,0.004166666666666667,50.0,25.0,0.0,50.0,3498.395550921098,209172.23750877313,2,1,1.0013195350302246,false
modules/commons/src/main/java/org/apache/synapse/commons/datasource/DataSourceInformation.java,235.0,6.0,2006.0,65.0,5.0,103.0,21.0,indika@13f79535-47bb-0310-9956-ffa450edef68,1,0.0020833333333333333,25.0,25.0,0.0,25.0,1222.0145985401462,62119.71428571428,1,0,2.2512917986064953,false
modules/commons/src/main/java/org/apache/synapse/commons/datasource/DataSourceInformationRepository.java,104.0,7.0,0.0,9.0,15.0,33.0,28.0,indika@13f79535-47bb-0310-9956-ffa450edef68,1,0.0020833333333333333,40.0,40.0,20.0,20.0,1222.0145985401462,62119.71428571428,1,1,2.2512917986064953,false
modules/commons/src/main/java/org/apache/synapse/commons/datasource/DataSourceInformationRepositoryListener.java,20.0,1.0,3.0,3.0,0.0,6.0,21.0,indika@13f79535-47bb-0310-9956-ffa450edef68,1,0.0020833333333333333,50.0,50.0,0.0,50.0,1222.0145985401462,62119.71428571428,1,0,2.2512917986064953,false
modules/commons/src/main/java/org/apache/synapse/commons/datasource/DataSourceRepository.java,35.0,2.0,15.0,6.0,0.0,11.0,21.0,indika@13f79535-47bb-0310-9956-ffa450edef68,1,0.0020833333333333333,50.0,50.0,0.0,50.0,1222.0145985401462,62119.71428571428,1,0,2.2512917986064953,false
modules/commons/src/main/java/org/apache/synapse/commons/datasource/DataSourceRepositoryManager.java,94.0,5.0,0.0,7.0,25.0,21.0,21.0,indika@13f79535-47bb-0310-9956-ffa450edef68,1,0.0020833333333333333,33.0,33.0,0.0,33.0,1222.0145985401462,62119.71428571428,1,1,2.2512917986064953,false
modules/commons/src/main/java/org/apache/synapse/commons/datasource/DatasourceMBeanRepository.java,48.0,7.0,3.0,6.0,15.0,14.0,11.0,indika@13f79535-47bb-0310-9956-ffa450edef68,2,0.004166666666666667,60.0,40.0,0.0,20.0,3498.395550921098,209172.23750877313,2,1,1.243560908300799,false
modules/commons/src/main/java/org/apache/synapse/commons/datasource/InMemoryDataSourceRepository.java,62.0,9.0,9.0,7.0,14.0,18.0,21.0,indika@13f79535-47bb-0310-9956-ffa450edef68,1,0.0020833333333333333,33.0,33.0,0.0,33.0,1222.0145985401462,62119.71428571428,1,1,2.2512917986064953,false
modules/commons/src/main/java/org/apache/synapse/commons/datasource/JNDIBasedDataSourceRepository.java,335.0,11.0,18.0,16.0,102.0,56.0,13.0,indika@13f79535-47bb-0310-9956-ffa450edef68,2,0.004166666666666667,29.0,14.0,14.0,14.0,3498.395550921098,209172.23750877313,2,1,1.0013195350302246,false
modules/commons/src/main/java/org/apache/synapse/commons/datasource/RepositoryBasedDataSourceFinder.java,32.0,4.0,0.0,4.0,3.0,10.0,21.0,indika@13f79535-47bb-0310-9956-ffa450edef68,1,0.0020833333333333333,33.0,33.0,0.0,33.0,1222.0145985401462,62119.71428571428,1,1,2.2512917986064953,false
modules/commons/src/main/java/org/apache/synapse/commons/datasource/factory/DataSourceFactory.java,117.0,8.0,4.0,4.0,58.0,12.0,21.0,indika@13f79535-47bb-0310-9956-ffa450edef68,1,0.0020833333333333333,25.0,25.0,0.0,25.0,1222.0145985401462,62119.71428571428,1,1,2.2512917986064953,false
modules/commons/src/main/java/org/apache/synapse/commons/datasource/factory/DataSourceInformationFactory.java,118.0,12.0,1.0,3.0,40.0,10.0,20.0,indika@13f79535-47bb-0310-9956-ffa450edef68,2,0.004166666666666667,50.0,33.0,33.0,17.0,3498.395550921098,209172.23750877313,2,1,1.243560908300799,false
modules/commons/src/main/java/org/apache/synapse/commons/datasource/factory/DataSourceInformationListFactory.java,45.0,8.0,0.0,1.0,7.0,4.0,12.0,indika@13f79535-47bb-0310-9956-ffa450edef68,1,0.0020833333333333333,67.0,67.0,0.0,33.0,1222.0145985401462,62119.71428571428,1,0,2.2512917986064953,false
modules/commons/src/main/java/org/apache/synapse/commons/datasource/factory/DataSourceInformationRepositoryFactory.java,45.0,5.0,3.0,3.0,8.0,10.0,20.0,indika@13f79535-47bb-0310-9956-ffa450edef68,1,0.0020833333333333333,60.0,60.0,20.0,20.0,1222.0145985401462,62119.71428571428,1,0,2.2512917986064953,false
modules/commons/src/main/java/org/apache/synapse/commons/evaluators/AndEvaluator.java,20.0,0.0,1.0,3.0,1.0,8.0,12.0,supun@13f79535-47bb-0310-9956-ffa450edef68,2,0.004166666666666667,80.0,20.0,0.0,20.0,2392.710250714059,80977.58691382062,2,0,1.0017386050820705,false
modules/commons/src/main/java/org/apache/synapse/commons/evaluators/Condition.java,19.0,0.0,2.0,4.0,0.0,6.0,31.0,ruwan@13f79535-47bb-0310-9956-ffa450edef68,2,0.004166666666666667,67.0,33.0,0.0,0.0,3447.0766045548653,165910.39585116517,2,0,0.5431741690931472,false
modules/commons/src/main/java/org/apache/synapse/commons/evaluators/EqualEvaluator.java,43.0,3.0,9.0,6.0,6.0,14.0,12.0,hiranya@13f79535-47bb-0310-9956-ffa450edef68,2,0.004166666666666667,67.0,17.0,0.0,17.0,2392.710250714059,80977.58691382062,2,0,1.0017386050820705,false
modules/commons/src/main/java/org/apache/synapse/commons/evaluators/Evaluator.java,17.0,0.0,1.0,2.0,0.0,8.0,47.0,ruwan@13f79535-47bb-0310-9956-ffa450edef68,1,0.0020833333333333333,100.0,100.0,0.0,0.0,2276.3809523809523,147052.52322305884,1,0,1.137641632573845,false
modules/commons/src/main/java/org/apache/synapse/commons/evaluators/EvaluatorConstants.java,21.0,0.0,0.0,0.0,0.0,0.0,20.0,hiranya@13f79535-47bb-0310-9956-ffa450edef68,3,0.00625,38.0,12.0,0.0,12.0,4669.091203095011,228030.11013687946,3,0,0.4760325439694504,false
modules/commons/src/main/java/org/apache/synapse/commons/evaluators/EvaluatorContext.java,55.0,4.0,6.0,9.0,8.0,18.0,12.0,hiranya@13f79535-47bb-0310-9956-ffa450edef68,2,0.004166666666666667,67.0,17.0,17.0,0.0,3447.0766045548653,165910.39585116517,2,0,0.723326063573908,false
modules/commons/src/main/java/org/apache/synapse/commons/evaluators/EvaluatorException.java,8.0,0.0,1.0,2.0,0.0,2.0,31.0,ruwan@13f79535-47bb-0310-9956-ffa450edef68,2,0.004166666666666667,100.0,50.0,0.0,0.0,3447.0766045548653,165910.39585116517,2,0,0.5431741690931472,false
modules/commons/src/main/java/org/apache/synapse/commons/evaluators/MatchEvaluator.java,56.0,5.0,18.0,9.0,7.0,19.0,43.0,hiranya@13f79535-47bb-0310-9956-ffa450edef68,3,0.00625,57.0,0.0,14.0,14.0,4669.091203095011,228030.11013687946,3,0,0.47501312032133725,false
modules/commons/src/main/java/org/apache/synapse/commons/evaluators/NotEvaluator.java,15.0,0.0,1.0,3.0,1.0,6.0,12.0,indika@13f79535-47bb-0310-9956-ffa450edef68,2,0.004166666666666667,100.0,25.0,0.0,25.0,2392.710250714059,80977.58691382062,2,0,1.0017386050820705,false
modules/commons/src/main/java/org/apache/synapse/commons/evaluators/OrEvaluator.java,20.0,0.0,1.0,3.0,1.0,8.0,12.0,supun@13f79535-47bb-0310-9956-ffa450edef68,2,0.004166666666666667,80.0,20.0,0.0,20.0,2392.710250714059,80977.58691382062,2,0,1.0017386050820705,false
modules/commons/src/main/java/org/apache/synapse/commons/evaluators/Parser.java,88.0,7.0,3.0,6.0,16.0,19.0,40.0,ruwan@13f79535-47bb-0310-9956-ffa450edef68,3,0.00625,83.0,17.0,17.0,17.0,4669.091203095011,228030.11013687946,3,0,0.3843952714576291,false
modules/commons/src/main/java/org/apache/synapse/commons/evaluators/config/AndFactory.java,30.0,9.0,1.0,2.0,13.0,8.0,23.0,indika@13f79535-47bb-0310-9956-ffa450edef68,3,0.00625,100.0,25.0,0.0,25.0,4669.091203095011,228030.11013687946,3,0,0.47501312032133725,false
modules/commons/src/main/java/org/apache/synapse/commons/evaluators/config/ConditionFactory.java,24.0,9.0,1.0,2.0,12.0,6.0,26.0,ruwan@13f79535-47bb-0310-9956-ffa450edef68,2,0.004166666666666667,100.0,33.0,0.0,0.0,3447.0766045548653,165910.39585116517,2,0,0.6327004203846958,false
modules/commons/src/main/java/org/apache/synapse/commons/evaluators/config/EqualFactory.java,38.0,9.0,1.0,2.0,8.0,8.0,19.0,hiranya@13f79535-47bb-0310-9956-ffa450edef68,3,0.00625,56.0,11.0,11.0,11.0,4669.091203095011,228030.11013687946,3,0,0.5285167870422374,false
modules/commons/src/main/java/org/apache/synapse/commons/evaluators/config/EvaluatorFactory.java,12.0,3.0,0.0,1.0,0.0,4.0,23.0,indika@13f79535-47bb-0310-9956-ffa450edef68,3,0.00625,100.0,33.0,0.0,33.0,4669.091203095011,228030.11013687946,3,0,0.4760325439694504,false
modules/commons/src/main/java/org/apache/synapse/commons/evaluators/config/EvaluatorFactoryFinder.java,17.0,3.0,1.0,3.0,2.0,5.0,19.0,ruwan@13f79535-47bb-0310-9956-ffa450edef68,2,0.004166666666666667,100.0,50.0,0.0,0.0,3447.0766045548653,165910.39585116517,2,0,0.5431741690931472,false
modules/commons/src/main/java/org/apache/synapse/commons/evaluators/config/MatchFactory.java,38.0,10.0,1.0,2.0,9.0,8.0,18.0,hiranya@13f79535-47bb-0310-9956-ffa450edef68,3,0.00625,45.0,9.0,9.0,9.0,4669.091203095011,228030.11013687946,3,0,0.3843952714576291,false
modules/commons/src/main/java/org/apache/synapse/commons/evaluators/config/NotFactory.java,19.0,6.0,1.0,2.0,8.0,6.0,23.0,indika@13f79535-47bb-0310-9956-ffa450edef68,3,0.00625,100.0,25.0,0.0,25.0,4669.091203095011,228030.11013687946,3,0,0.47501312032133725,false
modules/commons/src/main/java/org/apache/synapse/commons/evaluators/config/OrFactory.java,30.0,9.0,1.0,2.0,13.0,8.0,23.0,indika@13f79535-47bb-0310-9956-ffa450edef68,3,0.00625,100.0,25.0,0.0,25.0,4669.091203095011,228030.11013687946,3,0,0.47501312032133725,false
modules/commons/src/main/java/org/apache/synapse/commons/executors/BeforeExecuteHandler.java,10.0,0.0,0.0,1.0,0.0,2.0,47.0,ruwan@13f79535-47bb-0310-9956-ffa450edef68,1,0.0020833333333333333,100.0,100.0,0.0,0.0,2276.3809523809523,147052.52322305884,1,0,1.137641632573845,false
modules/commons/src/main/java/org/apache/synapse/commons/executors/ExecutorConstants.java,29.0,0.0,0.0,0.0,0.0,0.0,24.0,ruwan@13f79535-47bb-0310-9956-ffa450edef68,2,0.004166666666666667,67.0,33.0,0.0,33.0,3447.0766045548653,165910.39585116517,2,0,0.5431741690931472,false
modules/commons/src/main/java/org/apache/synapse/commons/executors/Importance.java,27.0,0.0,6.0,4.0,0.0,6.0,47.0,ruwan@13f79535-47bb-0310-9956-ffa450edef68,1,0.0020833333333333333,50.0,50.0,0.0,0.0,2276.3809523809523,147052.52322305884,1,0,1.137641632573845,false
modules/commons/src/main/java/org/apache/synapse/commons/executors/InternalQueue.java,49.0,3.0,28.0,8.0,0.0,16.0,47.0,ruwan@13f79535-47bb-0310-9956-ffa450edef68,1,0.0020833333333333333,50.0,50.0,0.0,0.0,2276.3809523809523,147052.52322305884,1,0,1.137641632573845,false
modules/commons/src/main/java/org/apache/synapse/commons/executors/MultiPriorityBlockingQueue.java,445.0,5.0,0.0,25.0,87.0,87.0,10.0,supun@13f79535-47bb-0310-9956-ffa450edef68,2,0.004166666666666667,86.0,14.0,29.0,29.0,3447.0766045548653,165910.39585116517,2,0,0.8515466188396199,false
modules/commons/src/main/java/org/apache/synapse/commons/executors/NextQueueAlgorithm.java,16.0,1.0,1.0,2.0,0.0,3.0,18.0,ruwan@13f79535-47bb-0310-9956-ffa450edef68,2,0.004166666666666667,100.0,33.0,33.0,0.0,3447.0766045548653,165910.39585116517,2,0,0.6327004203846958,false
modules/commons/src/main/java/org/apache/synapse/commons/executors/PRRNextQueueAlgorithm.java,50.0,1.0,0.0,2.0,4.0,7.0,26.0,ruwan@13f79535-47bb-0310-9956-ffa450edef68,2,0.004166666666666667,67.0,33.0,33.0,0.0,3447.0766045548653,165910.39585116517,2,0,0.5431741690931472,false
modules/commons/src/main/java/org/apache/synapse/commons/executors/PriorityExecutor.java,207.0,6.0,88.0,17.0,9.0,39.0,15.0,ruwan@13f79535-47bb-0310-9956-ffa450edef68,2,0.004166666666666667,57.0,14.0,29.0,0.0,3447.0766045548653,165910.39585116517,2,0,0.723326063573908,false
modules/commons/src/main/java/org/apache/synapse/commons/executors/config/PriorityExecutorFactory.java,155.0,12.0,15.0,6.0,31.0,32.0,26.0,ruwan@13f79535-47bb-0310-9956-ffa450edef68,2,0.004166666666666667,67.0,33.0,33.0,0.0,3447.0766045548653,165910.39585116517,2,0,0.5431741690931472,false
modules/commons/src/main/java/org/apache/synapse/commons/executors/config/PriorityExecutorSerializer.java,55.0,7.0,1.0,2.0,22.0,7.0,18.0,ruwan@13f79535-47bb-0310-9956-ffa450edef68,2,0.004166666666666667,100.0,33.0,67.0,0.0,3447.0766045548653,165910.39585116517,2,0,0.6327004203846958,false
modules/commons/src/main/java/org/apache/synapse/commons/executors/queues/FixedSizeQueue.java,185.0,3.0,32.0,21.0,12.0,50.0,19.0,ruwan@13f79535-47bb-0310-9956-ffa450edef68,2,0.004166666666666667,100.0,33.0,67.0,0.0,3447.0766045548653,165910.39585116517,2,0,0.6327004203846958,false
modules/commons/src/main/java/org/apache/synapse/commons/executors/queues/UnboundedQueue.java,78.0,3.0,40.0,16.0,15.0,33.0,15.0,ruwan@13f79535-47bb-0310-9956-ffa450edef68,2,0.004166666666666667,100.0,25.0,50.0,0.0,3447.0766045548653,165910.39585116517,2,0,0.723326063573908,false
modules/commons/src/test/java/org/apache/synapse/commons/executors/DummyTask.java,26.0,0.0,20.0,8.0,0.0,11.0,5.0,supun@13f79535-47bb-0310-9956-ffa450edef68,1,0.0020833333333333333,100.0,100.0,0.0,0.0,1170.695652173913,18857.87262810633,1,0,1.3350010667323402,false
modules/commons/src/test/java/org/apache/synapse/commons/executors/MultiPriorityBlockingQueueAbstractTest.java,21.0,5.0,1.0,2.0,2.0,6.0,3.0,supun@13f79535-47bb-0310-9956-ffa450edef68,1,0.0020833333333333333,100.0,50.0,0.0,0.0,1170.695652173913,18857.87262810633,1,0,1.3350010667323402,false
modules/commons/src/test/java/org/apache/synapse/commons/executors/MultiPriorityBlockingQueueStressTest.java,146.0,3.0,0.0,8.0,31.0,23.0,5.0,supun@13f79535-47bb-0310-9956-ffa450edef68,1,0.0020833333333333333,100.0,100.0,0.0,0.0,1170.695652173913,18857.87262810633,1,0,1.3350010667323402,false
modules/commons/src/test/java/org/apache/synapse/commons/executors/MultiPriorityBlockingQueueTest.java,170.0,0.0,0.0,16.0,61.0,39.0,5.0,supun@13f79535-47bb-0310-9956-ffa450edef68,1,0.0020833333333333333,100.0,100.0,0.0,0.0,1170.695652173913,18857.87262810633,1,0,1.3350010667323402,false
modules/commons/src/test/java/org/apache/synapse/commons/executors/queues/FixedQueueTest.java,109.0,5.0,0.0,7.0,34.0,16.0,5.0,supun@13f79535-47bb-0310-9956-ffa450edef68,1,0.0020833333333333333,100.0,100.0,0.0,0.0,1170.695652173913,18857.87262810633,1,0,1.3350010667323402,false
modules/core/src/main/java/org/apache/synapse/Axis2SynapseController.java,584.0,35.0,58.0,33.0,205.0,115.0,3.0,null,2,0.004166666666666667,13.0,2.0,6.0,2.0,3044.7542857142857,162589.11883426833,2,6,0.48797277116446236,false
modules/core/src/main/java/org/apache/synapse/FaultHandler.java,81.0,7.0,4.0,5.0,30.0,15.0,0.0,indika@13f79535-47bb-0310-9956-ffa450edef68,0,0.0,0.0,0.0,0.0,0.0,0.0,0.0,0,2,0.0,true
modules/core/src/main/java/org/apache/synapse/Startup.java,30.0,1.0,10.0,5.0,0.0,9.0,3.0,dims@13f79535-47bb-0310-9956-ffa450edef68,1,0.0020833333333333333,25.0,25.0,0.0,0.0,2276.3809523809523,147052.52322305884,1,0,1.137641632573845,false
modules/core/src/main/java/org/apache/synapse/SynapseConstants.java,374.0,3.0,0.0,0.0,0.0,0.0,29.0,null,4,0.008333333333333333,12.0,3.0,8.0,0.0,5437.464536428345,243566.70574808895,4,17,0.18259130529477607,true
modules/core/src/main/java/org/apache/synapse/SynapseLog.java,72.0,1.0,78.0,13.0,0.0,23.0,5.0,veithen@13f79535-47bb-0310-9956-ffa450edef68,1,0.0020833333333333333,20.0,20.0,0.0,0.0,2276.3809523809523,147052.52322305884,1,2,1.137641632573845,false
modules/core/src/main/java/org/apache/synapse/aspects/ComponentType.java,0.0,0.0,0.0,0.0,0.0,0.0,13.0,indika@13f79535-47bb-0310-9956-ffa450edef68,1,0.0020833333333333333,50.0,50.0,0.0,50.0,1222.0145985401462,62119.71428571428,1,0,2.2512917986064953,false
modules/core/src/main/java/org/apache/synapse/aspects/statistics/ErrorLog.java,51.0,0.0,27.0,10.0,0.0,15.0,10.0,indika@13f79535-47bb-0310-9956-ffa450edef68,1,0.0020833333333333333,100.0,100.0,50.0,50.0,1222.0145985401462,62119.71428571428,1,0,2.2512917986064953,false
modules/core/src/main/java/org/apache/synapse/aspects/statistics/ErrorLogFactory.java,46.0,4.0,0.0,2.0,14.0,8.0,10.0,indika@13f79535-47bb-0310-9956-ffa450edef68,1,0.0020833333333333333,100.0,100.0,50.0,50.0,1222.0145985401462,62119.71428571428,1,0,2.2512917986064953,false
modules/core/src/main/java/org/apache/synapse/aspects/statistics/StatisticsCollector.java,52.0,7.0,0.0,6.0,8.0,11.0,7.0,indika@13f79535-47bb-0310-9956-ffa450edef68,1,0.0020833333333333333,30.0,10.0,20.0,10.0,1222.0145985401462,62119.71428571428,1,2,2.2512917986064953,false
modules/core/src/main/java/org/apache/synapse/aspects/statistics/StatisticsLog.java,56.0,1.0,63.0,14.0,1.0,22.0,10.0,indika@13f79535-47bb-0310-9956-ffa450edef68,1,0.0020833333333333333,33.0,33.0,17.0,17.0,1222.0145985401462,62119.71428571428,1,2,2.2512917986064953,false
modules/core/src/main/java/org/apache/synapse/aspects/statistics/StatisticsRecord.java,79.0,6.0,42.0,13.0,11.0,27.0,10.0,indika@13f79535-47bb-0310-9956-ffa450edef68,1,0.0020833333333333333,25.0,12.0,12.0,12.0,1222.0145985401462,62119.71428571428,1,2,2.2512917986064953,false
modules/core/src/main/java/org/apache/synapse/aspects/statistics/StatisticsRecordFactory.java,22.0,5.0,0.0,1.0,5.0,3.0,13.0,indika@13f79535-47bb-0310-9956-ffa450edef68,1,0.0020833333333333333,33.0,33.0,0.0,33.0,1222.0145985401462,62119.71428571428,1,1,2.2512917986064953,false
modules/core/src/main/java/org/apache/synapse/aspects/statistics/StatisticsReporter.java,187.0,8.0,6.0,9.0,70.0,30.0,6.0,indika@13f79535-47bb-0310-9956-ffa450edef68,2,0.004166666666666667,43.0,14.0,29.0,7.0,2392.710250714059,80977.58691382062,2,3,1.648015467761165,false
modules/core/src/main/java/org/apache/synapse/aspects/statistics/StatisticsUpdateStrategy.java,112.0,4.0,0.0,2.0,15.0,9.0,7.0,indika@13f79535-47bb-0310-9956-ffa450edef68,1,0.0020833333333333333,40.0,20.0,40.0,0.0,1222.0145985401462,62119.71428571428,1,3,2.2512917986064953,false
modules/core/src/main/java/org/apache/synapse/aspects/statistics/mbean/StatisticsView.java,47.0,8.0,0.0,10.0,25.0,21.0,21.0,indika@13f79535-47bb-0310-9956-ffa450edef68,1,0.0020833333333333333,20.0,20.0,0.0,20.0,1222.0145985401462,62119.71428571428,1,0,2.2512917986064953,false
modules/core/src/main/java/org/apache/synapse/aspects/statistics/mbean/StatisticsViewMBean.java,12.0,1.0,21.0,7.0,0.0,7.0,21.0,indika@13f79535-47bb-0310-9956-ffa450edef68,1,0.0020833333333333333,25.0,25.0,0.0,25.0,1222.0145985401462,62119.71428571428,1,0,2.2512917986064953,false
modules/core/src/main/java/org/apache/synapse/aspects/statistics/view/PerUserViewStrategy.java,115.0,10.0,0.0,5.0,26.0,16.0,0.0,indika@13f79535-47bb-0310-9956-ffa450edef68,0,0.0,0.0,0.0,0.0,0.0,0.0,0.0,0,4,0.0,false
modules/core/src/main/java/org/apache/synapse/aspects/statistics/view/Statistics.java,113.0,3.0,36.0,12.0,3.0,23.0,7.0,indika@13f79535-47bb-0310-9956-ffa450edef68,1,0.0020833333333333333,50.0,50.0,50.0,0.0,1222.0145985401462,62119.71428571428,1,0,2.2512917986064953,false
modules/core/src/main/java/org/apache/synapse/aspects/statistics/view/SystemViewStrategy.java,65.0,10.0,0.0,4.0,17.0,14.0,0.0,indika@13f79535-47bb-0310-9956-ffa450edef68,0,0.0,0.0,0.0,0.0,0.0,0.0,0.0,0,3,0.0,false
modules/core/src/main/java/org/apache/synapse/config/SynapseConfigUtils.java,667.0,34.0,222.0,28.0,183.0,117.0,17.0,indika@13f79535-47bb-0310-9956-ffa450edef68,2,0.004166666666666667,11.0,5.0,2.0,5.0,2392.710250714059,80977.58691382062,2,5,1.5676312286934766,false
modules/core/src/main/java/org/apache/synapse/config/SynapseConfiguration.java,883.0,20.0,1168.0,61.0,193.0,206.0,9.0,null,3,0.00625,10.0,6.0,6.0,4.0,4215.449937888199,181446.99146237466,3,11,0.1948326076906426,true
modules/core/src/main/java/org/apache/synapse/config/SynapseConfigurationBuilder.java,36.0,14.0,3.0,3.0,6.0,6.0,0.0,null,0,0.0,0.0,0.0,0.0,0.0,0.0,0.0,0,7,0.0,false
modules/core/src/main/java/org/apache/synapse/config/xml/DBReportMediatorFactory.java,26.0,6.0,1.0,2.0,6.0,7.0,4.0,ruwan@13f79535-47bb-0310-9956-ffa450edef68,1,0.0020833333333333333,20.0,0.0,20.0,0.0,2276.3809523809523,147052.52322305884,1,0,1.137641632573845,false
modules/core/src/main/java/org/apache/synapse/config/xml/DBReportMediatorSerializer.java,25.0,3.0,1.0,2.0,10.0,6.0,4.0,ruwan@13f79535-47bb-0310-9956-ffa450edef68,1,0.0020833333333333333,20.0,0.0,20.0,0.0,2276.3809523809523,147052.52322305884,1,0,1.137641632573845,false
modules/core/src/main/java/org/apache/synapse/config/xml/EnqueueMediatorFactory.java,31.0,6.0,1.0,2.0,8.0,7.0,47.0,hiranya@13f79535-47bb-0310-9956-ffa450edef68,1,0.0020833333333333333,25.0,25.0,0.0,0.0,2276.3809523809523,147052.52322305884,1,0,1.137641632573845,false
modules/core/src/main/java/org/apache/synapse/config/xml/EnqueueMediatorSerializer.java,7.0,3.0,1.0,2.0,1.0,3.0,24.0,ruwan@13f79535-47bb-0310-9956-ffa450edef68,2,0.004166666666666667,40.0,20.0,20.0,0.0,3447.0766045548653,165910.39585116517,2,0,0.5431741690931472,true
modules/core/src/main/java/org/apache/synapse/config/xml/LogMediatorFactory.java,73.0,5.0,1.0,2.0,12.0,6.0,5.0,ruwan@13f79535-47bb-0310-9956-ffa450edef68,1,0.0020833333333333333,20.0,20.0,0.0,0.0,2276.3809523809523,147052.52322305884,1,1,1.137641632573845,false
modules/core/src/main/java/org/apache/synapse/config/xml/LogMediatorSerializer.java,30.0,3.0,1.0,2.0,13.0,6.0,5.0,ruwan@13f79535-47bb-0310-9956-ffa450edef68,1,0.0020833333333333333,20.0,20.0,0.0,0.0,2276.3809523809523,147052.52322305884,1,1,1.137641632573845,false
modules/core/src/main/java/org/apache/synapse/config/xml/MediatorFactoryFinder.java,126.0,13.0,8.0,9.0,29.0,29.0,20.0,ruwan@13f79535-47bb-0310-9956-ffa450edef68,1,0.0020833333333333333,18.0,18.0,0.0,0.0,2276.3809523809523,147052.52322305884,1,2,1.137641632573845,false
modules/core/src/main/java/org/apache/synapse/config/xml/MediatorSerializerFinder.java,63.0,9.0,1.0,6.0,20.0,17.0,20.0,ruwan@13f79535-47bb-0310-9956-ffa450edef68,1,0.0020833333333333333,19.0,19.0,0.0,0.0,2276.3809523809523,147052.52322305884,1,2,1.137641632573845,false
modules/core/src/main/java/org/apache/synapse/config/xml/MultiXMLConfigurationBuilder.java,216.0,19.0,0.0,12.0,117.0,57.0,13.0,null,2,0.004166666666666667,15.0,6.0,3.0,6.0,3044.7542857142857,162589.11883426833,2,4,0.6527508559048321,false
modules/core/src/main/java/org/apache/synapse/config/xml/MultiXMLConfigurationSerializer.java,405.0,31.0,39.0,23.0,183.0,103.0,6.0,hiranya@13f79535-47bb-0310-9956-ffa450edef68,3,0.00625,30.0,4.0,11.0,0.0,4215.449937888199,181446.99146237466,3,4,0.21708114685401037,false
modules/core/src/main/java/org/apache/synapse/config/xml/PropertyMediatorFactory.java,89.0,8.0,1.0,2.0,17.0,10.0,3.0,ruwan@13f79535-47bb-0310-9956-ffa450edef68,1,0.0020833333333333333,11.0,0.0,11.0,0.0,2276.3809523809523,147052.52322305884,1,5,1.137641632573845,false
modules/core/src/main/java/org/apache/synapse/config/xml/PropertyMediatorSerializer.java,53.0,5.0,1.0,2.0,18.0,7.0,3.0,ruwan@13f79535-47bb-0310-9956-ffa450edef68,1,0.0020833333333333333,17.0,0.0,17.0,0.0,2276.3809523809523,147052.52322305884,1,2,1.137641632573845,false
modules/core/src/main/java/org/apache/synapse/config/xml/ProxyServiceFactory.java,261.0,19.0,0.0,3.0,50.0,12.0,3.0,ruwan@13f79535-47bb-0310-9956-ffa450edef68,1,0.0020833333333333333,6.0,0.0,0.0,0.0,768.3733333333333,15536.595611209497,1,7,1.2151998669197195,false
modules/core/src/main/java/org/apache/synapse/config/xml/ProxyServiceSerializer.java,190.0,14.0,1.0,2.0,51.0,8.0,5.0,hiranya@13f79535-47bb-0310-9956-ffa450edef68,1,0.0020833333333333333,15.0,0.0,0.0,0.0,768.3733333333333,15536.595611209497,1,3,1.2151998669197195,false
modules/core/src/main/java/org/apache/synapse/config/xml/SynapseXMLConfigurationFactory.java,141.0,23.0,66.0,12.0,63.0,36.0,47.0,null,1,0.0020833333333333333,2.0,2.0,0.0,0.0,2276.3809523809523,147052.52322305884,1,11,1.137641632573845,false
modules/core/src/main/java/org/apache/synapse/config/xml/SynapseXMLConfigurationSerializer.java,99.0,25.0,28.0,8.0,42.0,25.0,27.0,null,2,0.004166666666666667,12.0,6.0,0.0,0.0,3044.7542857142857,162589.11883426833,2,4,0.48327356918683695,false
modules/core/src/main/java/org/apache/synapse/config/xml/XMLConfigConstants.java,87.0,3.0,0.0,0.0,0.0,0.0,47.0,null,1,0.0020833333333333333,4.0,4.0,0.0,0.0,2276.3809523809523,147052.52322305884,1,7,1.137641632573845,true
modules/core/src/main/java/org/apache/synapse/config/xml/endpoints/EndpointFactory.java,340.0,17.0,43.0,11.0,65.0,40.0,10.0,ruwan@13f79535-47bb-0310-9956-ffa450edef68,3,0.00625,12.0,0.0,9.0,0.0,4215.449937888199,181446.99146237466,3,4,0.186039837446488,true
modules/core/src/main/java/org/apache/synapse/config/xml/endpoints/EndpointSerializer.java,182.0,10.0,19.0,7.0,39.0,21.0,10.0,ruwan@13f79535-47bb-0310-9956-ffa450edef68,3,0.00625,11.0,4.0,4.0,0.0,4215.449937888199,181446.99146237466,3,7,0.13066856674052518,true
modules/core/src/main/java/org/apache/synapse/config/xml/endpoints/LoadbalanceEndpointFactory.java,73.0,15.0,4.0,4.0,29.0,14.0,13.0,ruwan@13f79535-47bb-0310-9956-ffa450edef68,2,0.004166666666666667,11.0,5.0,5.0,5.0,2392.710250714059,80977.58691382062,2,5,1.0999992521094724,true
modules/core/src/main/java/org/apache/synapse/config/xml/endpoints/LoadbalanceEndpointSerializer.java,39.0,9.0,0.0,1.0,17.0,5.0,11.0,ruwan@13f79535-47bb-0310-9956-ffa450edef68,2,0.004166666666666667,23.0,0.0,23.0,0.0,1939.0689855072465,34394.46823931583,2,4,0.6186194318957803,true
modules/core/src/main/java/org/apache/synapse/config/xml/endpoints/utils/LoadbalanceAlgorithmFactory.java,41.0,11.0,1.0,2.0,10.0,10.0,3.0,ruwan@13f79535-47bb-0310-9956-ffa450edef68,1,0.0020833333333333333,14.0,14.0,0.0,14.0,1222.0145985401462,62119.71428571428,1,3,2.2512917986064953,true
modules/core/src/main/java/org/apache/synapse/core/axis2/AnonymousServiceFactory.java,144.0,14.0,6.0,4.0,22.0,17.0,1.0,ruwan@13f79535-47bb-0310-9956-ffa450edef68,1,0.0020833333333333333,8.0,0.0,0.0,0.0,1222.0145985401462,62119.71428571428,1,2,2.2512917986064953,false
modules/core/src/main/java/org/apache/synapse/core/axis2/Axis2FlexibleMEPClient.java,223.0,30.0,6.0,4.0,101.0,19.0,3.0,ruwan@13f79535-47bb-0310-9956-ffa450edef68,3,0.00625,9.0,0.0,7.0,0.0,4215.449937888199,181446.99146237466,3,23,0.17717688512027374,true
modules/core/src/main/java/org/apache/synapse/core/axis2/Axis2Sender.java,76.0,18.0,3.0,3.0,43.0,11.0,8.0,null,2,0.004166666666666667,19.0,6.0,12.0,6.0,2392.710250714059,80977.58691382062,2,8,1.3093473863536307,true
modules/core/src/main/java/org/apache/synapse/core/axis2/Axis2SynapseEnvironment.java,246.0,22.0,74.0,16.0,52.0,49.0,3.0,null,2,0.004166666666666667,11.0,3.0,9.0,3.0,1990.3879318734794,77656.30989692378,2,8,1.4299336710659931,true
modules/core/src/main/java/org/apache/synapse/core/axis2/ProxyService.java,731.0,38.0,2402.0,73.0,111.0,128.0,2.0,ruwan@13f79535-47bb-0310-9956-ffa450edef68,2,0.004166666666666667,6.0,2.0,2.0,0.0,3044.7542857142857,162589.11883426833,2,14,0.5528329538429486,false
modules/core/src/main/java/org/apache/synapse/core/axis2/ProxyServiceMessageReceiver.java,160.0,8.0,0.0,6.0,51.0,17.0,8.0,indika@13f79535-47bb-0310-9956-ffa450edef68,1,0.0020833333333333333,10.0,5.0,5.0,5.0,1222.0145985401462,62119.71428571428,1,6,2.2512917986064953,false
modules/core/src/main/java/org/apache/synapse/core/axis2/SynapseCallbackReceiver.java,212.0,26.0,0.0,6.0,91.0,25.0,3.0,indika@13f79535-47bb-0310-9956-ffa450edef68,2,0.004166666666666667,7.0,2.0,7.0,2.0,1990.3879318734794,77656.30989692378,2,14,0.9240496758538319,true
modules/core/src/main/java/org/apache/synapse/core/axis2/SynapseMessageReceiver.java,65.0,12.0,0.0,3.0,34.0,11.0,7.0,indika@13f79535-47bb-0310-9956-ffa450edef68,1,0.0020833333333333333,21.0,7.0,14.0,7.0,1222.0145985401462,62119.71428571428,1,5,2.2512917986064953,false
modules/core/src/main/java/org/apache/synapse/deployers/AbstractSynapseArtifactDeployer.java,234.0,20.0,94.0,17.0,67.0,56.0,6.0,ruwan@13f79535-47bb-0310-9956-ffa450edef68,1,0.0020833333333333333,36.0,0.0,14.0,9.0,2276.3809523809523,147052.52322305884,1,0,1.137641632573845,false
modules/core/src/main/java/org/apache/synapse/deployers/EndpointDeployer.java,123.0,9.0,0.0,4.0,51.0,19.0,7.0,hiranya@13f79535-47bb-0310-9956-ffa450edef68,1,0.0020833333333333333,43.0,0.0,21.0,0.0,2276.3809523809523,147052.52322305884,1,0,1.137641632573845,false
modules/core/src/main/java/org/apache/synapse/deployers/EventSourceDeployer.java,117.0,9.0,0.0,4.0,45.0,19.0,6.0,ruwan@13f79535-47bb-0310-9956-ffa450edef68,1,0.0020833333333333333,57.0,0.0,36.0,14.0,2276.3809523809523,147052.52322305884,1,0,1.137641632573845,false
modules/core/src/main/java/org/apache/synapse/deployers/ExtensionDeployer.java,120.0,23.0,13.0,7.0,40.0,22.0,6.0,supun@13f79535-47bb-0310-9956-ffa450edef68,1,0.0020833333333333333,20.0,0.0,0.0,0.0,2276.3809523809523,147052.52322305884,1,0,1.137641632573845,false
modules/core/src/main/java/org/apache/synapse/deployers/LocalEntryDeployer.java,109.0,9.0,0.0,4.0,46.0,20.0,7.0,ruwan@13f79535-47bb-0310-9956-ffa450edef68,1,0.0020833333333333333,50.0,0.0,25.0,0.0,2276.3809523809523,147052.52322305884,1,0,1.137641632573845,false
modules/core/src/main/java/org/apache/synapse/deployers/ProxyServiceDeployer.java,144.0,10.0,0.0,5.0,55.0,22.0,6.0,ruwan@13f79535-47bb-0310-9956-ffa450edef68,1,0.0020833333333333333,41.0,0.0,24.0,6.0,2276.3809523809523,147052.52322305884,1,0,1.137641632573845,false
modules/core/src/main/java/org/apache/synapse/deployers/SequenceDeployer.java,131.0,11.0,0.0,4.0,55.0,20.0,7.0,ruwan@13f79535-47bb-0310-9956-ffa450edef68,1,0.0020833333333333333,46.0,0.0,23.0,0.0,2276.3809523809523,147052.52322305884,1,0,1.137641632573845,false
modules/core/src/main/java/org/apache/synapse/deployers/SynapseArtifactDeploymentException.java,15.0,0.0,3.0,3.0,0.0,6.0,7.0,ruwan@13f79535-47bb-0310-9956-ffa450edef68,1,0.0020833333333333333,100.0,0.0,100.0,0.0,2276.3809523809523,147052.52322305884,1,0,1.137641632573845,false
modules/core/src/main/java/org/apache/synapse/deployers/SynapseArtifactDeploymentStore.java,183.0,8.0,52.0,17.0,48.0,44.0,5.0,ruwan@13f79535-47bb-0310-9956-ffa450edef68,1,0.0020833333333333333,57.0,0.0,43.0,14.0,2276.3809523809523,147052.52322305884,1,0,1.137641632573845,false
modules/core/src/main/java/org/apache/synapse/deployers/TaskDeployer.java,113.0,8.0,0.0,4.0,49.0,17.0,5.0,hiranya@13f79535-47bb-0310-9956-ffa450edef68,1,0.0020833333333333333,22.0,11.0,11.0,0.0,2276.3809523809523,147052.52322305884,1,0,1.137641632573845,false
modules/core/src/main/java/org/apache/synapse/endpoints/AbstractEndpoint.java,339.0,16.0,447.0,35.0,87.0,82.0,11.0,null,2,0.004166666666666667,7.0,0.0,4.0,0.0,1939.0689855072465,34394.46823931583,2,10,0.6186194318957803,true
modules/core/src/main/java/org/apache/synapse/endpoints/DynamicLoadbalanceEndpoint.java,106.0,16.0,7.0,7.0,38.0,15.0,1.0,hiranya@13f79535-47bb-0310-9956-ffa450edef68,1,0.0020833333333333333,11.0,5.0,5.0,5.0,768.3733333333333,15536.595611209497,1,4,1.2151998669197195,true
modules/core/src/main/java/org/apache/synapse/endpoints/Endpoint.java,70.0,3.0,78.0,13.0,0.0,29.0,9.0,indika@13f79535-47bb-0310-9956-ffa450edef68,1,0.0020833333333333333,9.0,0.0,0.0,0.0,2276.3809523809523,147052.52322305884,1,3,1.137641632573845,true
modules/core/src/main/java/org/apache/synapse/endpoints/LoadbalanceEndpoint.java,247.0,19.0,32.0,13.0,56.0,34.0,1.0,ruwan@13f79535-47bb-0310-9956-ffa450edef68,4,0.008333333333333333,23.0,5.0,14.0,5.0,5437.464536428345,243566.70574808895,4,6,0.09868780614030159,true
modules/core/src/main/java/org/apache/synapse/eventing/builders/SubscriptionMessageBuilder.java,215.0,15.0,75.0,15.0,74.0,42.0,1.0,asanka@13f79535-47bb-0310-9956-ffa450edef68,1,0.0020833333333333333,9.0,9.0,9.0,0.0,0.0,0.0,1,3,5.342334251964811,false
modules/core/src/main/java/org/apache/synapse/eventing/managers/DefaultInMemorySubscriptionManager.java,124.0,12.0,53.0,15.0,38.0,49.0,0.0,asanka@13f79535-47bb-0310-9956-ffa450edef68,0,0.0,0.0,0.0,0.0,0.0,0.0,0.0,0,5,0.0,false
modules/core/src/main/java/org/apache/synapse/executors/SequenceWorker.java,20.0,5.0,0.0,2.0,3.0,5.0,24.0,ruwan@13f79535-47bb-0310-9956-ffa450edef68,2,0.004166666666666667,100.0,50.0,0.0,0.0,3447.0766045548653,165910.39585116517,2,0,0.5431741690931472,false
modules/core/src/main/java/org/apache/synapse/mediators/MediatorFaultHandler.java,61.0,6.0,0.0,5.0,9.0,16.0,0.0,indika@13f79535-47bb-0310-9956-ffa450edef68,0,0.0,0.0,0.0,0.0,0.0,0.0,0.0,0,3,0.0,false
modules/core/src/main/java/org/apache/synapse/mediators/MediatorLog.java,141.0,5.0,0.0,14.0,22.0,31.0,5.0,veithen@13f79535-47bb-0310-9956-ffa450edef68,1,0.0020833333333333333,20.0,20.0,0.0,0.0,2276.3809523809523,147052.52322305884,1,2,1.137641632573845,false
modules/core/src/main/java/org/apache/synapse/mediators/base/SequenceMediator.java,208.0,7.0,106.0,17.0,24.0,36.0,7.0,indika@13f79535-47bb-0310-9956-ffa450edef68,1,0.0020833333333333333,6.0,0.0,6.0,0.0,1222.0145985401462,62119.71428571428,1,5,2.2512917986064953,false
modules/core/src/main/java/org/apache/synapse/mediators/builtin/CalloutMediator.java,213.0,20.0,156.0,21.0,42.0,50.0,1.0,hiranya@13f79535-47bb-0310-9956-ffa450edef68,1,0.0020833333333333333,8.0,0.0,8.0,0.0,768.3733333333333,15536.595611209497,1,6,1.2151998669197195,false
modules/core/src/main/java/org/apache/synapse/mediators/builtin/EnqueueMediator.java,28.0,8.0,15.0,7.0,0.0,10.0,12.0,hiranya@13f79535-47bb-0310-9956-ffa450edef68,2,0.004166666666666667,57.0,14.0,0.0,0.0,3447.0766045548653,165910.39585116517,2,0,0.723326063573908,false
modules/core/src/main/java/org/apache/synapse/mediators/builtin/LogMediator.java,188.0,10.0,70.0,17.0,55.0,47.0,5.0,null,1,0.0020833333333333333,20.0,20.0,0.0,0.0,2276.3809523809523,147052.52322305884,1,1,1.137641632573845,false
modules/core/src/main/java/org/apache/synapse/mediators/builtin/PropertyMediator.java,260.0,15.0,141.0,23.0,38.0,50.0,3.0,hiranya@13f79535-47bb-0310-9956-ffa450edef68,2,0.004166666666666667,21.0,0.0,14.0,0.0,3044.7542857142857,162589.11883426833,2,4,0.5269802090609903,false
modules/core/src/main/java/org/apache/synapse/mediators/db/DBReportMediator.java,48.0,5.0,0.0,3.0,12.0,8.0,4.0,null,1,0.0020833333333333333,20.0,0.0,20.0,0.0,2276.3809523809523,147052.52322305884,1,1,1.137641632573845,false
modules/core/src/main/java/org/apache/synapse/mediators/transaction/TransactionMediator.java,112.0,9.0,0.0,4.0,15.0,11.0,1.0,ruwan@13f79535-47bb-0310-9956-ffa450edef68,1,0.0020833333333333333,17.0,0.0,17.0,0.0,2276.3809523809523,147052.52322305884,1,0,1.137641632573845,false
modules/core/src/main/java/org/apache/synapse/startup/quartz/SimpleQuartz.java,93.0,13.0,0.0,6.0,36.0,20.0,0.0,indika@13f79535-47bb-0310-9956-ffa450edef68,0,0.0,0.0,0.0,0.0,0.0,0.0,0.0,0,2,0.0,false
modules/core/src/main/java/org/apache/synapse/util/MessageHelper.java,302.0,20.0,64.0,12.0,185.0,60.0,8.0,ruwan@13f79535-47bb-0310-9956-ffa450edef68,2,0.004166666666666667,7.0,0.0,3.0,0.0,3447.0766045548653,165910.39585116517,2,7,0.5431741690931472,false
modules/core/src/main/java/org/apache/synapse/util/jaxp/DOOMResultBuilder.java,35.0,12.0,6.0,5.0,9.0,12.0,1.0,veithen@13f79535-47bb-0310-9956-ffa450edef68,1,0.0020833333333333333,25.0,0.0,25.0,0.0,2276.3809523809523,147052.52322305884,1,1,1.137641632573845,false
modules/core/src/main/java/org/apache/synapse/util/xpath/SynapseXPathVariableContext.java,115.0,15.0,0.0,3.0,17.0,14.0,5.0,supun@13f79535-47bb-0310-9956-ffa450edef68,1,0.0020833333333333333,10.0,0.0,0.0,0.0,2276.3809523809523,147052.52322305884,1,2,1.137641632573845,false
modules/extensions/src/main/java/org/apache/synapse/mediators/throttle/ThrottleMediator.java,367.0,16.0,112.0,20.0,50.0,46.0,0.0,null,0,0.0,0.0,0.0,0.0,0.0,0.0,0.0,0,0,0.0,false
modules/extensions/src/main/java/org/apache/synapse/mediators/xquery/MediatorVariable.java,35.0,2.0,18.0,8.0,0.0,13.0,1.0,indika@13f79535-47bb-0310-9956-ffa450edef68,1,0.0020833333333333333,50.0,50.0,0.0,0.0,1222.0145985401462,62119.71428571428,1,0,2.2512917986064953,false
modules/tasks/src/main/java/org/apache/synapse/task/SynapseTaskManager.java,95.0,3.0,5.0,10.0,16.0,24.0,0.0,hiranya@13f79535-47bb-0310-9956-ffa450edef68,0,0.0,0.0,0.0,0.0,0.0,0.0,0.0,0,1,0.0,false
modules/tasks/src/main/java/org/apache/synapse/task/TaskDescriptionRepositoryFactory.java,25.0,4.0,1.0,2.0,5.0,6.0,2.0,indika@13f79535-47bb-0310-9956-ffa450edef68,1,0.0020833333333333333,25.0,0.0,25.0,25.0,1222.0145985401462,62119.71428571428,1,0,2.2512917986064953,false
modules/tasks/src/main/java/org/apache/synapse/task/TaskScheduler.java,247.0,6.0,0.0,15.0,45.0,56.0,3.0,indika@13f79535-47bb-0310-9956-ffa450edef68,2,0.004166666666666667,14.0,0.0,7.0,7.0,3498.395550921098,209172.23750877313,2,2,1.0013195350302246,false
modules/transports/core/nhttp/src/main/java/org/apache/synapse/transport/nhttp/Axis2HttpRequest.java,290.0,28.0,120.0,21.0,65.0,55.0,1.0,ruwan@13f79535-47bb-0310-9956-ffa450edef68,2,0.004166666666666667,33.0,0.0,20.0,0.0,3447.0766045548653,165910.39585116517,2,3,0.5830456260596857,false
modules/transports/core/nhttp/src/main/java/org/apache/synapse/transport/nhttp/ClientHandler.java,709.0,40.0,83.0,26.0,259.0,101.0,3.0,hiranya@13f79535-47bb-0310-9956-ffa450edef68,2,0.004166666666666667,13.0,0.0,10.0,0.0,3044.7542857142857,162589.11883426833,2,2,0.5946960465415052,false
modules/transports/core/nhttp/src/main/java/org/apache/synapse/transport/nhttp/ClientWorker.java,195.0,27.0,0.0,5.0,69.0,19.0,7.0,hiranya@13f79535-47bb-0310-9956-ffa450edef68,1,0.0020833333333333333,20.0,0.0,0.0,0.0,2276.3809523809523,147052.52322305884,1,3,1.137641632573845,false
modules/transports/core/nhttp/src/main/java/org/apache/synapse/transport/nhttp/HttpCoreNIOListener.java,575.0,48.0,462.0,45.0,125.0,142.0,26.0,hiranya@13f79535-47bb-0310-9956-ffa450edef68,1,0.0020833333333333333,12.0,6.0,6.0,0.0,2276.3809523809523,147052.52322305884,1,0,1.137641632573845,false
modules/transports/core/nhttp/src/main/java/org/apache/synapse/transport/nhttp/HttpCoreNIOSender.java,686.0,49.0,486.0,48.0,206.0,162.0,4.0,hiranya@13f79535-47bb-0310-9956-ffa450edef68,2,0.004166666666666667,18.0,0.0,15.0,0.0,3447.0766045548653,165910.39585116517,2,3,0.7199736627339561,false
modules/transports/core/nhttp/src/main/java/org/apache/synapse/transport/nhttp/NHttpConfiguration.java,134.0,6.0,131.0,18.0,28.0,43.0,4.0,ruwan@13f79535-47bb-0310-9956-ffa450edef68,2,0.004166666666666667,36.0,0.0,9.0,0.0,3447.0766045548653,165910.39585116517,2,0,0.6246463464946606,true
modules/transports/core/nhttp/src/main/java/org/apache/synapse/transport/nhttp/NhttpConstants.java,68.0,0.0,0.0,0.0,0.0,0.0,12.0,null,3,0.00625,20.0,4.0,12.0,0.0,4215.449937888199,181446.99146237466,3,3,0.24235462704148425,false
modules/transports/core/nhttp/src/main/java/org/apache/synapse/transport/nhttp/ServerHandler.java,395.0,35.0,31.0,19.0,123.0,63.0,16.0,hiranya@13f79535-47bb-0310-9956-ffa450edef68,2,0.004166666666666667,20.0,5.0,10.0,0.0,3447.0766045548653,165910.39585116517,2,2,0.6246463464946606,false
modules/transports/core/nhttp/src/main/java/org/apache/synapse/transport/nhttp/ServerWorker.java,679.0,34.0,69.0,22.0,179.0,78.0,2.0,ruwan@13f79535-47bb-0310-9956-ffa450edef68,3,0.00625,42.0,0.0,19.0,0.0,4215.449937888199,181446.99146237466,3,2,0.6228280958266501,false
modules/transports/core/nhttp/src/main/java/org/apache/synapse/transport/nhttp/debug/AbstractConnectionDebug.java,49.0,5.0,4.0,4.0,13.0,12.0,7.0,hiranya@13f79535-47bb-0310-9956-ffa450edef68,1,0.0020833333333333333,50.0,0.0,25.0,0.0,2276.3809523809523,147052.52322305884,1,0,1.137641632573845,false
modules/transports/core/nhttp/src/main/java/org/apache/synapse/transport/nhttp/debug/ClientConnectionDebug.java,93.0,7.0,18.0,8.0,18.0,16.0,4.0,hiranya@13f79535-47bb-0310-9956-ffa450edef68,2,0.004166666666666667,100.0,0.0,75.0,0.0,3044.7542857142857,162589.11883426833,2,0,0.5946960465415052,false
modules/transports/core/nhttp/src/main/java/org/apache/synapse/transport/nhttp/debug/NhttpConnectionDebugConfig.java,63.0,3.0,16.0,8.0,6.0,19.0,10.0,hiranya@13f79535-47bb-0310-9956-ffa450edef68,1,0.0020833333333333333,50.0,0.0,0.0,0.0,2276.3809523809523,147052.52322305884,1,0,1.137641632573845,false
modules/transports/core/nhttp/src/main/java/org/apache/synapse/transport/nhttp/debug/ServerConnectionDebug.java,78.0,7.0,5.0,7.0,21.0,12.0,4.0,hiranya@13f79535-47bb-0310-9956-ffa450edef68,2,0.004166666666666667,100.0,0.0,75.0,0.0,3044.7542857142857,162589.11883426833,2,0,0.5946960465415052,false
modules/transports/core/pipe/src/main/java/org/apache/synapse/transport/pipe/PipeEndpointListener.java,90.0,11.0,0.0,3.0,34.0,13.0,0.0,hiranya@13f79535-47bb-0310-9956-ffa450edef68,0,0.0,0.0,0.0,0.0,0.0,0.0,0.0,0,1,0.0,false
modules/transports/core/vfs/src/main/java/org/apache/synapse/transport/vfs/VFSUtils.java,124.0,15.0,4.0,5.0,39.0,25.0,1.0,null,1,0.0020833333333333333,8.0,0.0,8.0,0.0,2276.3809523809523,147052.52322305884,1,0,1.137641632573845,false
