name,LOC,CBO,LCOM,NOM,RFC,WMC,ACS,Ownership,numOfChanges,numberOfFIChanges,ENH,NF,BugFixing,REF,structuralWorkloadSum,semanticWorkloadSum,numberOfDeveloper,pastFaults,MAF,isBuggy
modules/commons/src/main/java/org/apache/synapse/commons/evaluators/Parser.java,85.0,7.0,2.0,5.0,16.0,18.0,0.0,ruwan@13f79535-47bb-0310-9956-ffa450edef68,0,0.0,0.0,0.0,0.0,0.0,0.0,0.0,0,1,0.0,false
modules/commons/src/main/java/org/apache/synapse/commons/evaluators/config/AbstractEvaluatorSerializer.java,39.0,8.0,0.0,3.0,12.0,11.0,0.0,supun@13f79535-47bb-0310-9956-ffa450edef68,0,0.0,0.0,0.0,0.0,0.0,0.0,0.0,0,1,0.0,false
modules/commons/src/main/java/org/apache/synapse/commons/executors/MultiPriorityBlockingQueue.java,445.0,5.0,0.0,25.0,88.0,87.0,0.0,supun@13f79535-47bb-0310-9956-ffa450edef68,0,0.0,0.0,0.0,0.0,0.0,0.0,0.0,0,2,0.0,false
modules/commons/src/main/java/org/apache/synapse/commons/executors/PriorityExecutor.java,218.0,6.0,88.0,17.0,9.0,39.0,0.0,ruwan@13f79535-47bb-0310-9956-ffa450edef68,0,0.0,0.0,0.0,0.0,0.0,0.0,0.0,0,4,0.0,false
modules/commons/src/main/java/org/apache/synapse/commons/util/MiscellaneousUtil.java,174.0,5.0,1.0,7.0,30.0,31.0,1.0,indika@13f79535-47bb-0310-9956-ffa450edef68,1,0.0058823529411764705,14.0,0.0,14.0,0.0,38.0,17.053292315621967,1,2,1.791759469228055,false
modules/commons/src/main/java/org/apache/synapse/commons/util/TemporaryData.java,267.0,5.0,0.0,10.0,19.0,39.0,0.0,ruwan@13f79535-47bb-0310-9956-ffa450edef68,0,0.0,0.0,0.0,0.0,0.0,0.0,0.0,0,0,0.0,false
modules/core/src/main/java/org/apache/synapse/Axis2SynapseController.java,659.0,36.0,32.0,33.0,225.0,119.0,3.0,null,2,0.011764705882352941,4.0,0.0,4.0,0.0,1382.6612903225805,30713.504246754295,2,12,0.5226838870746487,false
modules/core/src/main/java/org/apache/synapse/SynapseConstants.java,410.0,3.0,0.0,0.0,0.0,0.0,81.0,null,2,0.011764705882352941,5.0,0.0,0.0,2.0,1399.3517665130566,30626.1669343383,2,23,0.8064132050902102,true
modules/core/src/main/java/org/apache/synapse/aspects/statistics/StatisticsReporter.java,209.0,8.0,15.0,10.0,71.0,31.0,1.0,indika@13f79535-47bb-0310-9956-ffa450edef68,1,0.0058823529411764705,7.0,0.0,7.0,0.0,8.0,20.36810150136274,1,7,3.4657359027997265,false
modules/core/src/main/java/org/apache/synapse/config/Entry.java,171.0,7.0,373.0,31.0,8.0,58.0,0.0,rajikak@13f79535-47bb-0310-9956-ffa450edef68,0,0.0,0.0,0.0,0.0,0.0,0.0,0.0,0,1,0.0,false
modules/core/src/main/java/org/apache/synapse/config/SynapseConfigUtils.java,611.0,37.0,190.0,25.0,167.0,102.0,0.0,indika@13f79535-47bb-0310-9956-ffa450edef68,0,0.0,0.0,0.0,0.0,0.0,0.0,0.0,0,11,0.0,false
modules/core/src/main/java/org/apache/synapse/config/SynapseConfiguration.java,964.0,22.0,1534.0,68.0,207.0,227.0,3.0,null,2,0.011764705882352941,4.0,0.0,1.0,0.0,1382.6612903225805,30713.504246754295,2,16,0.36582792509610385,true
modules/core/src/main/java/org/apache/synapse/config/SynapsePropertiesLoader.java,52.0,5.0,4.0,4.0,10.0,10.0,0.0,indika@13f79535-47bb-0310-9956-ffa450edef68,0,0.0,0.0,0.0,0.0,0.0,0.0,0.0,0,3,0.0,false
modules/core/src/main/java/org/apache/synapse/config/xml/AbstractDBMediatorFactory.java,240.0,13.0,22.0,8.0,60.0,31.0,1.0,indika@13f79535-47bb-0310-9956-ffa450edef68,1,0.0058823529411764705,8.0,0.0,8.0,0.0,8.0,20.36810150136274,1,10,3.4657359027997265,false
modules/core/src/main/java/org/apache/synapse/config/xml/AbstractMediatorFactory.java,135.0,15.0,28.0,8.0,30.0,23.0,0.0,indika@13f79535-47bb-0310-9956-ffa450edef68,0,0.0,0.0,0.0,0.0,0.0,0.0,0.0,0,5,0.0,false
modules/core/src/main/java/org/apache/synapse/config/xml/AggregateMediatorSerializer.java,11.0,3.0,1.0,2.0,1.0,4.0,0.0,ruwan@13f79535-47bb-0310-9956-ffa450edef68,0,0.0,0.0,0.0,0.0,0.0,0.0,0.0,0,2,0.0,false
modules/core/src/main/java/org/apache/synapse/config/xml/ClassMediatorSerializer.java,37.0,5.0,1.0,2.0,17.0,9.0,0.0,hiranya@13f79535-47bb-0310-9956-ffa450edef68,0,0.0,0.0,0.0,0.0,0.0,0.0,0.0,0,1,0.0,false
modules/core/src/main/java/org/apache/synapse/config/xml/EnrichMediatorFactory.java,144.0,9.0,2.0,5.0,34.0,21.0,3.0,hiranya@13f79535-47bb-0310-9956-ffa450edef68,1,0.0058823529411764705,50.0,25.0,0.0,0.0,1251.1612903225805,30049.114936431717,1,0,0.5753641449035618,false
modules/core/src/main/java/org/apache/synapse/config/xml/EnrichMediatorSerializer.java,65.0,5.0,10.0,5.0,25.0,16.0,3.0,hiranya@13f79535-47bb-0310-9956-ffa450edef68,1,0.0058823529411764705,67.0,33.0,0.0,0.0,1251.1612903225805,30049.114936431717,1,0,0.5753641449035618,false
modules/core/src/main/java/org/apache/synapse/config/xml/IterateMediatorFactory.java,84.0,12.0,1.0,2.0,17.0,10.0,0.0,ruwan@13f79535-47bb-0310-9956-ffa450edef68,0,0.0,0.0,0.0,0.0,0.0,0.0,0.0,0,7,0.0,false
modules/core/src/main/java/org/apache/synapse/config/xml/IterateMediatorSerializer.java,45.0,3.0,1.0,2.0,17.0,8.0,0.0,null,0,0.0,0.0,0.0,0.0,0.0,0.0,0.0,0,1,0.0,false
modules/core/src/main/java/org/apache/synapse/config/xml/MediatorFactoryFinder.java,127.0,14.0,8.0,9.0,29.0,30.0,12.0,ruwan@13f79535-47bb-0310-9956-ffa450edef68,2,0.011764705882352941,12.0,6.0,0.0,6.0,1399.3517665130566,30626.1669343383,2,3,1.1835618070658085,false
modules/core/src/main/java/org/apache/synapse/config/xml/MediatorPropertyFactory.java,69.0,10.0,0.0,1.0,15.0,9.0,5.0,veithen@13f79535-47bb-0310-9956-ffa450edef68,1,0.0058823529411764705,14.0,14.0,0.0,0.0,1251.1612903225805,30049.114936431717,1,3,0.5753641449035618,false
modules/core/src/main/java/org/apache/synapse/config/xml/MediatorPropertySerializer.java,68.0,12.0,4.0,4.0,13.0,9.0,6.0,supun@13f79535-47bb-0310-9956-ffa450edef68,1,0.0058823529411764705,67.0,67.0,0.0,0.0,1251.1612903225805,30049.114936431717,1,1,0.5753641449035618,false
modules/core/src/main/java/org/apache/synapse/config/xml/MediatorSerializerFinder.java,63.0,9.0,1.0,6.0,20.0,17.0,1.0,ruwan@13f79535-47bb-0310-9956-ffa450edef68,1,0.0058823529411764705,6.0,6.0,0.0,0.0,1251.1612903225805,30049.114936431717,1,2,0.5753641449035618,false
modules/core/src/main/java/org/apache/synapse/config/xml/MessageStoreFactory.java,109.0,15.0,6.0,5.0,32.0,19.0,19.0,hiranya@13f79535-47bb-0310-9956-ffa450edef68,1,0.0058823529411764705,11.0,0.0,0.0,11.0,148.19047619047618,577.0519979065831,1,1,3.1780538303479458,false
modules/core/src/main/java/org/apache/synapse/config/xml/MessageStoreSerializer.java,82.0,12.0,1.0,3.0,28.0,11.0,19.0,hiranya@13f79535-47bb-0310-9956-ffa450edef68,1,0.0058823529411764705,17.0,0.0,0.0,17.0,148.19047619047618,577.0519979065831,1,0,3.1780538303479458,false
modules/core/src/main/java/org/apache/synapse/config/xml/MultiXMLConfigurationBuilder.java,249.0,19.0,0.0,13.0,130.0,63.0,0.0,null,0,0.0,0.0,0.0,0.0,0.0,0.0,0.0,0,8,0.0,false
modules/core/src/main/java/org/apache/synapse/config/xml/MultiXMLConfigurationSerializer.java,382.0,31.0,128.0,25.0,177.0,101.0,0.0,hiranya@13f79535-47bb-0310-9956-ffa450edef68,0,0.0,0.0,0.0,0.0,0.0,0.0,0.0,0,8,0.0,false
modules/core/src/main/java/org/apache/synapse/config/xml/ProxyServiceSerializer.java,188.0,14.0,1.0,2.0,52.0,8.0,0.0,hiranya@13f79535-47bb-0310-9956-ffa450edef68,0,0.0,0.0,0.0,0.0,0.0,0.0,0.0,0,4,0.0,false
modules/core/src/main/java/org/apache/synapse/config/xml/RegistryFactory.java,65.0,9.0,4.0,4.0,18.0,15.0,0.0,ruwan@13f79535-47bb-0310-9956-ffa450edef68,0,0.0,0.0,0.0,0.0,0.0,0.0,0.0,0,1,0.0,false
modules/core/src/main/java/org/apache/synapse/config/xml/SynapseXMLConfigurationFactory.java,218.0,24.0,59.0,14.0,73.0,50.0,1.0,null,1,0.0058823529411764705,5.0,0.0,5.0,2.0,131.5,664.3893103225786,1,12,1.8562979903656263,false
modules/core/src/main/java/org/apache/synapse/config/xml/SynapseXMLConfigurationSerializer.java,99.0,25.0,36.0,9.0,46.0,23.0,0.0,null,0,0.0,0.0,0.0,0.0,0.0,0.0,0.0,0,5,0.0,false
modules/core/src/main/java/org/apache/synapse/config/xml/XMLConfigConstants.java,94.0,3.0,0.0,0.0,0.0,0.0,17.0,null,1,0.0058823529411764705,4.0,0.0,0.0,0.0,1251.1612903225805,30049.114936431717,1,8,0.5753641449035618,true
modules/core/src/main/java/org/apache/synapse/config/xml/endpoints/AddressEndpointSerializer.java,32.0,6.0,1.0,2.0,15.0,7.0,0.0,ruwan@13f79535-47bb-0310-9956-ffa450edef68,0,0.0,0.0,0.0,0.0,0.0,0.0,0.0,0,10,0.0,true
modules/core/src/main/java/org/apache/synapse/config/xml/endpoints/DefaultEndpointSerializer.java,58.0,6.0,3.0,3.0,20.0,10.0,0.0,null,0,0.0,0.0,0.0,0.0,0.0,0.0,0.0,0,6,0.0,true
modules/core/src/main/java/org/apache/synapse/config/xml/endpoints/DynamicLoadbalanceEndpointSerializer.java,57.0,12.0,0.0,1.0,20.0,5.0,0.0,hiranya@13f79535-47bb-0310-9956-ffa450edef68,0,0.0,0.0,0.0,0.0,0.0,0.0,0.0,0,4,0.0,false
modules/core/src/main/java/org/apache/synapse/config/xml/endpoints/EndpointFactory.java,385.0,19.0,54.0,12.0,76.0,45.0,4.0,ruwan@13f79535-47bb-0310-9956-ffa450edef68,1,0.0058823529411764705,3.0,0.0,0.0,0.0,1251.1612903225805,30049.114936431717,1,9,0.5753641449035618,true
modules/core/src/main/java/org/apache/synapse/config/xml/endpoints/EndpointSerializer.java,222.0,15.0,41.0,10.0,53.0,32.0,4.0,ruwan@13f79535-47bb-0310-9956-ffa450edef68,1,0.0058823529411764705,4.0,0.0,0.0,0.0,1251.1612903225805,30049.114936431717,1,10,0.5753641449035618,true
modules/core/src/main/java/org/apache/synapse/config/xml/endpoints/FailoverEndpointFactory.java,35.0,9.0,3.0,3.0,11.0,8.0,3.0,ruwan@13f79535-47bb-0310-9956-ffa450edef68,1,0.0058823529411764705,8.0,0.0,8.0,0.0,131.5,664.3893103225786,1,6,1.8562979903656263,true
modules/core/src/main/java/org/apache/synapse/config/xml/endpoints/FailoverEndpointSerializer.java,25.0,5.0,0.0,1.0,10.0,4.0,3.0,hiranya@13f79535-47bb-0310-9956-ffa450edef68,1,0.0058823529411764705,9.0,0.0,9.0,0.0,131.5,664.3893103225786,1,6,1.8562979903656263,true
modules/core/src/main/java/org/apache/synapse/config/xml/endpoints/LoadbalanceEndpointSerializer.java,37.0,7.0,0.0,1.0,19.0,5.0,0.0,ruwan@13f79535-47bb-0310-9956-ffa450edef68,0,0.0,0.0,0.0,0.0,0.0,0.0,0.0,0,8,0.0,true
modules/core/src/main/java/org/apache/synapse/config/xml/endpoints/SALoadbalanceEndpointSerializer.java,46.0,10.0,0.0,1.0,16.0,5.0,0.0,null,0,0.0,0.0,0.0,0.0,0.0,0.0,0.0,0,6,0.0,true
modules/core/src/main/java/org/apache/synapse/config/xml/endpoints/WSDLEndpointFactory.java,78.0,15.0,3.0,3.0,25.0,10.0,1.0,null,1,0.0058823529411764705,8.0,0.0,4.0,0.0,131.5,664.3893103225786,1,9,1.8562979903656263,true
modules/core/src/main/java/org/apache/synapse/config/xml/endpoints/WSDLEndpointSerializer.java,38.0,6.0,0.0,1.0,14.0,3.0,0.0,ruwan@13f79535-47bb-0310-9956-ffa450edef68,0,0.0,0.0,0.0,0.0,0.0,0.0,0.0,0,8,0.0,true
modules/core/src/main/java/org/apache/synapse/core/SynapseEnvironment.java,83.0,13.0,105.0,15.0,0.0,39.0,5.0,ruwan@13f79535-47bb-0310-9956-ffa450edef68,1,0.0058823529411764705,7.0,0.0,7.0,0.0,1251.1612903225805,30049.114936431717,1,4,0.5753641449035618,true
modules/core/src/main/java/org/apache/synapse/core/axis2/Axis2FlexibleMEPClient.java,278.0,32.0,10.0,5.0,106.0,23.0,1.0,ruwan@13f79535-47bb-0310-9956-ffa450edef68,1,0.0058823529411764705,4.0,2.0,2.0,0.0,1251.1612903225805,30049.114936431717,1,27,0.5753641449035618,true
modules/core/src/main/java/org/apache/synapse/core/axis2/Axis2Sender.java,80.0,18.0,3.0,3.0,44.0,11.0,0.0,null,0,0.0,0.0,0.0,0.0,0.0,0.0,0.0,0,10,0.0,true
modules/core/src/main/java/org/apache/synapse/core/axis2/Axis2SynapseEnvironment.java,315.0,26.0,191.0,23.0,62.0,65.0,3.0,null,1,0.0058823529411764705,6.0,3.0,3.0,0.0,1251.1612903225805,30049.114936431717,1,12,0.5753641449035618,true
modules/core/src/main/java/org/apache/synapse/core/axis2/DynamicAxisOperation.java,127.0,21.0,3.0,3.0,0.0,4.0,0.0,hiranya@13f79535-47bb-0310-9956-ffa450edef68,0,0.0,0.0,0.0,0.0,0.0,0.0,0.0,0,5,0.0,false
modules/core/src/main/java/org/apache/synapse/core/axis2/ProxyService.java,736.0,37.0,2402.0,73.0,114.0,128.0,0.0,ruwan@13f79535-47bb-0310-9956-ffa450edef68,0,0.0,0.0,0.0,0.0,0.0,0.0,0.0,0,15,0.0,false
modules/core/src/main/java/org/apache/synapse/core/axis2/SOAPUtils.java,273.0,13.0,0.0,5.0,99.0,28.0,1.0,ruwan@13f79535-47bb-0310-9956-ffa450edef68,1,0.0058823529411764705,11.0,0.0,11.0,0.0,38.0,17.053292315621967,1,3,1.791759469228055,false
modules/core/src/main/java/org/apache/synapse/core/axis2/SynapseAxisServlet.java,25.0,8.0,1.0,2.0,10.0,5.0,0.0,null,0,0.0,0.0,0.0,0.0,0.0,0.0,0.0,0,2,0.0,false
modules/core/src/main/java/org/apache/synapse/core/axis2/SynapseStartUpServlet.java,38.0,12.0,4.0,4.0,14.0,13.0,0.0,null,0,0.0,0.0,0.0,0.0,0.0,0.0,0.0,0,2,0.0,false
modules/core/src/main/java/org/apache/synapse/deployers/AbstractSynapseArtifactDeployer.java,262.0,23.0,139.0,19.0,89.0,70.0,3.0,ruwan@13f79535-47bb-0310-9956-ffa450edef68,3,0.01764705882352941,18.0,0.0,9.0,0.0,1420.6612903225805,30730.557539069916,3,4,0.4802091278757994,false
modules/core/src/main/java/org/apache/synapse/deployers/EventSourceDeployer.java,120.0,11.0,0.0,4.0,43.0,20.0,0.0,ruwan@13f79535-47bb-0310-9956-ffa450edef68,0,0.0,0.0,0.0,0.0,0.0,0.0,0.0,0,9,0.0,false
modules/core/src/main/java/org/apache/synapse/deployers/ExtensionDeployer.java,132.0,23.0,14.0,8.0,42.0,26.0,0.0,supun@13f79535-47bb-0310-9956-ffa450edef68,0,0.0,0.0,0.0,0.0,0.0,0.0,0.0,0,1,0.0,false
modules/core/src/main/java/org/apache/synapse/deployers/PriorityExecutorDeployer.java,111.0,10.0,0.0,4.0,45.0,19.0,4.0,hiranya@13f79535-47bb-0310-9956-ffa450edef68,2,0.011764705882352941,75.0,25.0,0.0,0.0,1382.6612903225805,30713.504246754295,2,0,0.7928058735834587,false
modules/core/src/main/java/org/apache/synapse/deployers/ProxyServiceDeployer.java,166.0,12.0,0.0,5.0,59.0,22.0,0.0,ruwan@13f79535-47bb-0310-9956-ffa450edef68,0,0.0,0.0,0.0,0.0,0.0,0.0,0.0,0,8,0.0,false
modules/core/src/main/java/org/apache/synapse/deployers/SynapseArtifactDeploymentStore.java,170.0,8.0,21.0,15.0,48.0,39.0,2.0,ruwan@13f79535-47bb-0310-9956-ffa450edef68,1,0.0058823529411764705,14.0,0.0,14.0,0.0,1251.1612903225805,30049.114936431717,1,3,0.5753641449035618,false
modules/core/src/main/java/org/apache/synapse/endpoints/AbstractEndpoint.java,469.0,18.0,882.0,48.0,115.0,112.0,5.0,null,2,0.011764705882352941,13.0,4.0,0.0,2.0,1399.3517665130566,30626.1669343383,2,14,0.5585845502779878,true
modules/core/src/main/java/org/apache/synapse/endpoints/DynamicLoadbalanceEndpoint.java,208.0,23.0,84.0,16.0,62.0,38.0,0.0,hiranya@13f79535-47bb-0310-9956-ffa450edef68,0,0.0,0.0,0.0,0.0,0.0,0.0,0.0,0,5,0.0,true
modules/core/src/main/java/org/apache/synapse/endpoints/EndpointContext.java,374.0,7.0,0.0,13.0,45.0,43.0,0.0,null,0,0.0,0.0,0.0,0.0,0.0,0.0,0.0,0,3,0.0,true
modules/core/src/main/java/org/apache/synapse/endpoints/EndpointDefinition.java,443.0,5.0,2258.0,69.0,7.0,131.0,2.0,null,1,0.0058823529411764705,10.0,10.0,0.0,0.0,1251.1612903225805,30049.114936431717,1,4,0.5753641449035618,true
modules/core/src/main/java/org/apache/synapse/endpoints/EndpointView.java,642.0,6.0,150.0,45.0,105.0,175.0,0.0,hiranya@13f79535-47bb-0310-9956-ffa450edef68,0,0.0,0.0,0.0,0.0,0.0,0.0,0.0,0,3,0.0,true
modules/core/src/main/java/org/apache/synapse/endpoints/FailoverEndpoint.java,113.0,5.0,2.0,5.0,28.0,18.0,3.0,indika@13f79535-47bb-0310-9956-ffa450edef68,2,0.011764705882352941,18.0,9.0,9.0,0.0,1382.6612903225805,30713.504246754295,2,5,0.5226838870746487,true
modules/core/src/main/java/org/apache/synapse/endpoints/LoadbalanceEndpoint.java,271.0,13.0,31.0,14.0,69.0,39.0,4.0,ruwan@13f79535-47bb-0310-9956-ffa450edef68,1,0.0058823529411764705,5.0,5.0,0.0,0.0,1251.1612903225805,30049.114936431717,1,10,0.5753641449035618,true
modules/core/src/main/java/org/apache/synapse/endpoints/SALoadbalanceEndpoint.java,175.0,13.0,23.0,10.0,58.0,32.0,4.0,null,1,0.0058823529411764705,8.0,8.0,0.0,0.0,1251.1612903225805,30049.114936431717,1,7,0.5753641449035618,true
modules/core/src/main/java/org/apache/synapse/endpoints/algorithms/WeightedRoundRobin.java,216.0,13.0,33.0,10.0,19.0,25.0,0.0,hiranya@13f79535-47bb-0310-9956-ffa450edef68,0,0.0,0.0,0.0,0.0,0.0,0.0,0.0,0,1,0.0,false
modules/core/src/main/java/org/apache/synapse/endpoints/dispatch/AbstractDispatcher.java,95.0,9.0,22.0,8.0,23.0,26.0,0.0,hiranya@13f79535-47bb-0310-9956-ffa450edef68,0,0.0,0.0,0.0,0.0,0.0,0.0,0.0,0,1,0.0,true
modules/core/src/main/java/org/apache/synapse/endpoints/dispatch/HttpSessionDispatcher.java,42.0,1.0,4.0,5.0,12.0,11.0,0.0,null,0,0.0,0.0,0.0,0.0,0.0,0.0,0.0,0,2,0.0,true
modules/core/src/main/java/org/apache/synapse/endpoints/dispatch/SALSessions.java,315.0,13.0,98.0,20.0,73.0,60.0,0.0,indika@13f79535-47bb-0310-9956-ffa450edef68,0,0.0,0.0,0.0,0.0,0.0,0.0,0.0,0,2,0.0,true
modules/core/src/main/java/org/apache/synapse/endpoints/dispatch/SessionInformation.java,60.0,4.0,43.0,14.0,2.0,23.0,0.0,indika@13f79535-47bb-0310-9956-ffa450edef68,0,0.0,0.0,0.0,0.0,0.0,0.0,0.0,0,1,0.0,true
modules/core/src/main/java/org/apache/synapse/eventing/SynapseSubscription.java,16.0,4.0,1.0,2.0,8.0,2.0,0.0,asanka@13f79535-47bb-0310-9956-ffa450edef68,0,0.0,0.0,0.0,0.0,0.0,0.0,0.0,0,2,0.0,false
modules/core/src/main/java/org/apache/synapse/eventing/builders/ResponseMessageBuilder.java,126.0,17.0,1.0,7.0,54.0,20.0,0.0,asanka@13f79535-47bb-0310-9956-ffa450edef68,0,0.0,0.0,0.0,0.0,0.0,0.0,0.0,0,5,0.0,false
modules/core/src/main/java/org/apache/synapse/eventing/builders/SubscriptionMessageBuilder.java,204.0,12.0,54.0,13.0,69.0,38.0,0.0,asanka@13f79535-47bb-0310-9956-ffa450edef68,0,0.0,0.0,0.0,0.0,0.0,0.0,0.0,0,5,0.0,false
modules/core/src/main/java/org/apache/synapse/mediators/GetPropertyFunction.java,265.0,22.0,0.0,5.0,51.0,18.0,1.0,null,1,0.0058823529411764705,7.0,0.0,0.0,0.0,1251.1612903225805,30049.114936431717,1,5,0.5753641449035618,false
modules/core/src/main/java/org/apache/synapse/mediators/MediatorProperty.java,82.0,8.0,25.0,11.0,8.0,20.0,2.0,ruwan@13f79535-47bb-0310-9956-ffa450edef68,1,0.0058823529411764705,25.0,25.0,0.0,0.0,1251.1612903225805,30049.114936431717,1,3,0.5753641449035618,false
modules/core/src/main/java/org/apache/synapse/mediators/builtin/CalloutMediator.java,217.0,20.0,156.0,21.0,43.0,52.0,0.0,hiranya@13f79535-47bb-0310-9956-ffa450edef68,0,0.0,0.0,0.0,0.0,0.0,0.0,0.0,0,9,0.0,false
modules/core/src/main/java/org/apache/synapse/mediators/builtin/RMSequenceMediator.java,148.0,14.0,83.0,15.0,42.0,41.0,0.0,ruwan@13f79535-47bb-0310-9956-ffa450edef68,0,0.0,0.0,0.0,0.0,0.0,0.0,0.0,0,4,0.0,false
modules/core/src/main/java/org/apache/synapse/mediators/builtin/ValidateMediator.java,213.0,24.0,10.0,9.0,44.0,33.0,13.0,null,1,0.0058823529411764705,21.0,0.0,5.0,0.0,1251.1612903225805,30049.114936431717,1,6,0.5753641449035618,false
modules/core/src/main/java/org/apache/synapse/mediators/db/AbstractDBMediator.java,332.0,20.0,149.0,22.0,82.0,59.0,0.0,indika@13f79535-47bb-0310-9956-ffa450edef68,0,0.0,0.0,0.0,0.0,0.0,0.0,0.0,0,6,0.0,false
modules/core/src/main/java/org/apache/synapse/mediators/db/DBLookupMediator.java,66.0,6.0,0.0,1.0,19.0,6.0,0.0,hiranya@13f79535-47bb-0310-9956-ffa450edef68,0,0.0,0.0,0.0,0.0,0.0,0.0,0.0,0,1,0.0,false
modules/core/src/main/java/org/apache/synapse/mediators/db/Statement.java,95.0,7.0,9.0,6.0,2.0,9.0,0.0,ruwan@13f79535-47bb-0310-9956-ffa450edef68,0,0.0,0.0,0.0,0.0,0.0,0.0,0.0,0,4,0.0,false
modules/core/src/main/java/org/apache/synapse/mediators/eip/splitter/CloneMediator.java,94.0,16.0,0.0,9.0,26.0,22.0,0.0,null,0,0.0,0.0,0.0,0.0,0.0,0.0,0.0,0,4,0.0,true
modules/core/src/main/java/org/apache/synapse/mediators/eip/splitter/IterateMediator.java,161.0,21.0,41.0,14.0,37.0,32.0,0.0,null,0,0.0,0.0,0.0,0.0,0.0,0.0,0.0,0,7,0.0,true
modules/core/src/main/java/org/apache/synapse/mediators/elementary/EnrichMediator.java,48.0,6.0,0.0,5.0,9.0,12.0,3.0,hiranya@13f79535-47bb-0310-9956-ffa450edef68,1,0.0058823529411764705,33.0,33.0,0.0,0.0,1251.1612903225805,30049.114936431717,1,0,0.5753641449035618,false
modules/core/src/main/java/org/apache/synapse/mediators/elementary/Source.java,60.0,20.0,75.0,14.0,7.0,24.0,2.0,null,1,0.0058823529411764705,30.0,10.0,0.0,0.0,1251.1612903225805,30049.114936431717,1,0,0.5753641449035618,false
modules/core/src/main/java/org/apache/synapse/mediators/elementary/Target.java,69.0,12.0,33.0,10.0,5.0,18.0,3.0,hiranya@13f79535-47bb-0310-9956-ffa450edef68,1,0.0058823529411764705,60.0,40.0,0.0,0.0,1251.1612903225805,30049.114936431717,1,0,0.5753641449035618,false
modules/core/src/main/java/org/apache/synapse/mediators/ext/AnnotatedCommandMediator.java,175.0,15.0,8.0,5.0,44.0,21.0,0.0,ruwan@13f79535-47bb-0310-9956-ffa450edef68,0,0.0,0.0,0.0,0.0,0.0,0.0,0.0,0,3,0.0,false
modules/core/src/main/java/org/apache/synapse/mediators/filters/router/ConditionalRouterMediator.java,59.0,9.0,1.0,6.0,18.0,15.0,0.0,hiranya@13f79535-47bb-0310-9956-ffa450edef68,0,0.0,0.0,0.0,0.0,0.0,0.0,0.0,0,1,0.0,false
modules/core/src/main/java/org/apache/synapse/mediators/transform/FaultMediator.java,418.0,16.0,425.0,34.0,108.0,80.0,2.0,ruwan@13f79535-47bb-0310-9956-ffa450edef68,1,0.0058823529411764705,5.0,0.0,0.0,0.0,1251.1612903225805,30049.114936431717,1,9,0.5753641449035618,false
modules/core/src/main/java/org/apache/synapse/mediators/transform/url/RewriteRule.java,66.0,12.0,3.0,6.0,18.0,18.0,0.0,hiranya@13f79535-47bb-0310-9956-ffa450edef68,0,0.0,0.0,0.0,0.0,0.0,0.0,0.0,0,1,0.0,false
modules/core/src/main/java/org/apache/synapse/message/store/AbstractMessageStore.java,117.0,10.0,182.0,21.0,15.0,35.0,19.0,charith@13f79535-47bb-0310-9956-ffa450edef68,1,0.0058823529411764705,10.0,0.0,0.0,10.0,148.19047619047618,577.0519979065831,1,0,3.1780538303479458,false
modules/core/src/main/java/org/apache/synapse/message/store/MessageStore.java,98.0,5.0,171.0,19.0,0.0,36.0,19.0,hiranya@13f79535-47bb-0310-9956-ffa450edef68,1,0.0058823529411764705,12.0,0.0,0.0,12.0,148.19047619047618,577.0519979065831,1,0,3.1780538303479458,false
modules/core/src/main/java/org/apache/synapse/message/store/RedeliveryProcessor.java,174.0,5.0,58.0,13.0,7.0,23.0,19.0,hiranya@13f79535-47bb-0310-9956-ffa450edef68,1,0.0058823529411764705,33.0,0.0,0.0,33.0,148.19047619047618,577.0519979065831,1,0,3.1780538303479458,false
modules/core/src/main/java/org/apache/synapse/registry/AbstractRegistry.java,127.0,9.0,9.0,6.0,28.0,15.0,1.0,null,1,0.0058823529411764705,9.0,0.0,9.0,0.0,1251.1612903225805,30049.114936431717,1,4,0.5753641449035618,true
modules/core/src/main/java/org/apache/synapse/registry/Registry.java,79.0,3.0,78.0,13.0,0.0,23.0,0.0,indika@13f79535-47bb-0310-9956-ffa450edef68,0,0.0,0.0,0.0,0.0,0.0,0.0,0.0,0,2,0.0,true
modules/core/src/main/java/org/apache/synapse/registry/url/SimpleURLRegistry.java,228.0,20.0,50.0,12.0,65.0,40.0,0.0,indika@13f79535-47bb-0310-9956-ffa450edef68,0,0.0,0.0,0.0,0.0,0.0,0.0,0.0,0,4,0.0,true
modules/core/src/main/java/org/apache/synapse/util/ClasspathURLStreamHandler.java,28.0,7.0,0.0,1.0,0.0,2.0,0.0,hiranya@13f79535-47bb-0310-9956-ffa450edef68,0,0.0,0.0,0.0,0.0,0.0,0.0,0.0,0,0,0.0,false
modules/core/src/main/java/org/apache/synapse/util/MessageHelper.java,341.0,21.0,89.0,14.0,196.0,68.0,0.0,ruwan@13f79535-47bb-0310-9956-ffa450edef68,0,0.0,0.0,0.0,0.0,0.0,0.0,0.0,0,8,0.0,false
modules/core/src/main/java/org/apache/synapse/util/PayloadHelper.java,233.0,18.0,124.0,21.0,97.0,67.0,0.0,hiranya@13f79535-47bb-0310-9956-ffa450edef68,0,0.0,0.0,0.0,0.0,0.0,0.0,0.0,0,0,0.0,false
modules/core/src/main/java/org/apache/synapse/util/SimpleMapImpl.java,259.0,14.0,323.0,26.0,70.0,76.0,0.0,hiranya@13f79535-47bb-0310-9956-ffa450edef68,0,0.0,0.0,0.0,0.0,0.0,0.0,0.0,0,0,0.0,false
modules/core/src/main/java/org/apache/synapse/util/UUIDGenerator.java,74.0,5.0,0.0,2.0,20.0,9.0,0.0,hiranya@13f79535-47bb-0310-9956-ffa450edef68,0,0.0,0.0,0.0,0.0,0.0,0.0,0.0,0,1,0.0,false
modules/core/src/main/java/org/apache/synapse/util/xpath/SynapseXPath.java,151.0,15.0,28.0,8.0,32.0,36.0,0.0,null,0,0.0,0.0,0.0,0.0,0.0,0.0,0.0,0,3,0.0,false
modules/core/src/main/java/org/apache/synapse/util/xpath/SynapseXPathFunctionContext.java,46.0,6.0,0.0,2.0,3.0,8.0,4.0,supun@13f79535-47bb-0310-9956-ffa450edef68,1,0.0058823529411764705,33.0,0.0,17.0,0.0,1251.1612903225805,30049.114936431717,1,2,0.5753641449035618,false
modules/core/src/main/java/org/apache/synapse/util/xpath/SynapseXPathVariableContext.java,119.0,16.0,0.0,3.0,18.0,14.0,4.0,supun@13f79535-47bb-0310-9956-ffa450edef68,1,0.0058823529411764705,20.0,0.0,10.0,0.0,1251.1612903225805,30049.114936431717,1,2,0.5753641449035618,false
modules/core/src/main/java/org/apache/synapse/util/xpath/ext/SynapseXpathFunctionContextProvider.java,19.0,3.0,1.0,2.0,0.0,6.0,3.0,supun@13f79535-47bb-0310-9956-ffa450edef68,1,0.0058823529411764705,100.0,0.0,100.0,0.0,1251.1612903225805,30049.114936431717,1,0,0.5753641449035618,false
modules/core/src/main/java/org/apache/synapse/util/xpath/ext/SynapseXpathVariableResolver.java,17.0,3.0,1.0,2.0,0.0,6.0,3.0,supun@13f79535-47bb-0310-9956-ffa450edef68,1,0.0058823529411764705,100.0,0.0,100.0,0.0,1251.1612903225805,30049.114936431717,1,0,0.5753641449035618,false
modules/core/src/main/java/org/apache/synapse/util/xpath/ext/XpathExtensionUtil.java,160.0,9.0,43.0,10.0,34.0,37.0,2.0,hiranya@13f79535-47bb-0310-9956-ffa450edef68,1,0.0058823529411764705,75.0,0.0,25.0,0.0,1251.1612903225805,30049.114936431717,1,0,0.5753641449035618,false
modules/core/src/test/java/org/apache/synapse/config/xml/DBLookupMediatorSerializationTest.java,24.0,0.0,0.0,4.0,7.0,7.0,209.0,hiranya@13f79535-47bb-0310-9956-ffa450edef68,1,0.0058823529411764705,17.0,0.0,0.0,0.0,1251.1612903225805,30049.114936431717,1,2,0.5753641449035618,false
modules/core/src/test/java/org/apache/synapse/config/xml/DBReportMediatorSerializationTest.java,24.0,0.0,0.0,4.0,7.0,10.0,209.0,hiranya@13f79535-47bb-0310-9956-ffa450edef68,1,0.0058823529411764705,33.0,0.0,0.0,0.0,1251.1612903225805,30049.114936431717,1,1,0.5753641449035618,false
modules/core/src/test/java/org/apache/synapse/config/xml/MessageStoreSerializationTest.java,20.0,3.0,1.0,2.0,7.0,4.0,114.0,charith@13f79535-47bb-0310-9956-ffa450edef68,2,0.011764705882352941,29.0,0.0,0.0,14.0,1399.3517665130566,30626.1669343383,2,1,1.1835618070658085,false
modules/core/src/test/java/org/apache/synapse/config/xml/endpoints/AddressEndpointSerializationTest.java,31.0,3.0,6.0,4.0,22.0,9.0,108.0,hiranya@13f79535-47bb-0310-9956-ffa450edef68,1,0.0058823529411764705,33.0,0.0,0.0,0.0,1251.1612903225805,30049.114936431717,1,1,0.5753641449035618,false
modules/core/src/test/java/org/apache/synapse/config/xml/endpoints/LoadBalanceEndpointSerializationTest.java,9.0,3.0,0.0,1.0,5.0,2.0,209.0,hiranya@13f79535-47bb-0310-9956-ffa450edef68,1,0.0058823529411764705,50.0,0.0,0.0,0.0,1251.1612903225805,30049.114936431717,1,1,0.5753641449035618,false
modules/core/src/test/java/org/apache/synapse/eventing/builders/MessageBuilderTest.java,115.0,11.0,15.0,6.0,86.0,23.0,0.0,hiranya@13f79535-47bb-0310-9956-ffa450edef68,0,0.0,0.0,0.0,0.0,0.0,0.0,0.0,0,0,0.0,false
modules/core/src/test/java/org/apache/synapse/eventing/builders/ResponseMessageBuilderTest.java,86.0,11.0,6.0,4.0,58.0,13.0,0.0,hiranya@13f79535-47bb-0310-9956-ffa450edef68,0,0.0,0.0,0.0,0.0,0.0,0.0,0.0,0,0,0.0,false
modules/core/src/test/java/org/apache/synapse/util/SimpleMapTest.java,32.0,4.0,1.0,2.0,29.0,5.0,0.0,hiranya@13f79535-47bb-0310-9956-ffa450edef68,0,0.0,0.0,0.0,0.0,0.0,0.0,0.0,0,1,0.0,false
modules/experimental/src/main/java/org/apache/synapse/experimental/mediators/seda/SEDAQueue.java,46.0,2.0,14.0,8.0,6.0,14.0,0.0,hiranya@13f79535-47bb-0310-9956-ffa450edef68,0,0.0,0.0,0.0,0.0,0.0,0.0,0.0,0,0,0.0,false
modules/experimental/src/main/java/org/apache/synapse/experimental/mediators/seda/SEDAQueueProducer.java,43.0,5.0,0.0,2.0,9.0,6.0,0.0,hiranya@13f79535-47bb-0310-9956-ffa450edef68,0,0.0,0.0,0.0,0.0,0.0,0.0,0.0,0,0,0.0,false
modules/extensions/src/main/java/org/apache/synapse/mediators/bsf/ScriptMediator.java,312.0,16.0,3.0,15.0,46.0,54.0,0.0,null,0,0.0,0.0,0.0,0.0,0.0,0.0,0.0,0,4,0.0,false
modules/extensions/src/main/java/org/apache/synapse/mediators/bsf/ScriptMessageContext.java,259.0,27.0,0.0,61.0,86.0,108.0,2.0,null,1,0.0058823529411764705,10.0,0.0,0.0,0.0,1251.1612903225805,30049.114936431717,1,2,0.5753641449035618,false
modules/extensions/src/test/java/org/apache/synapse/mediators/bsf/GroovyScriptMediatorTest.java,7.0,2.0,0.0,1.0,4.0,2.0,0.0,uswick@13f79535-47bb-0310-9956-ffa450edef68,0,0.0,0.0,0.0,0.0,0.0,0.0,0.0,0,0,0.0,false
modules/migrator/src/main/java/org/apache/synapse/migrator/ConfigurationMigrator.java,47.0,8.0,3.0,3.0,9.0,9.0,0.0,ruwan@13f79535-47bb-0310-9956-ffa450edef68,0,0.0,0.0,0.0,0.0,0.0,0.0,0.0,0,0,0.0,false
modules/samples/src/main/java/samples/mediators/BinaryExtractMediator.java,77.0,10.0,79.0,15.0,15.0,24.0,0.0,hiranya@13f79535-47bb-0310-9956-ffa450edef68,0,0.0,0.0,0.0,0.0,0.0,0.0,0.0,0,2,0.0,false
modules/samples/src/main/java/samples/userguide/EventSender.java,56.0,12.0,3.0,3.0,24.0,10.0,1.0,asanka@13f79535-47bb-0310-9956-ffa450edef68,1,0.0058823529411764705,20.0,0.0,20.0,0.0,1251.1612903225805,30049.114936431717,1,1,0.5753641449035618,false
modules/samples/src/main/java/samples/userguide/JSONClient.java,66.0,13.0,3.0,3.0,29.0,10.0,0.0,hiranya@13f79535-47bb-0310-9956-ffa450edef68,0,0.0,0.0,0.0,0.0,0.0,0.0,0.0,0,2,0.0,true
modules/samples/src/main/java/samples/userguide/LoadbalanceFailoverClient.java,308.0,25.0,30.0,9.0,88.0,40.0,209.0,ruwan@13f79535-47bb-0310-9956-ffa450edef68,1,0.0058823529411764705,9.0,0.0,0.0,0.0,1251.1612903225805,30049.114936431717,1,4,0.5753641449035618,false
modules/samples/src/main/java/samples/userguide/StockQuoteCallback.java,19.0,2.0,6.0,4.0,10.0,4.0,0.0,hiranya@13f79535-47bb-0310-9956-ffa450edef68,0,0.0,0.0,0.0,0.0,0.0,0.0,0.0,0,1,0.0,false
modules/samples/src/main/java/samples/userguide/StockQuoteClient.java,207.0,21.0,21.0,7.0,55.0,26.0,0.0,ruwan@13f79535-47bb-0310-9956-ffa450edef68,0,0.0,0.0,0.0,0.0,0.0,0.0,0.0,0,4,0.0,false
modules/samples/src/main/java/samples/util/SampleAxis2ServerManager.java,101.0,13.0,17.0,7.0,31.0,19.0,0.0,null,0,0.0,0.0,0.0,0.0,0.0,0.0,0.0,0,1,0.0,false
modules/securevault/src/main/java/org/apache/synapse/securevault/SecretResolver.java,95.0,7.0,4.0,8.0,20.0,24.0,1.0,indika@13f79535-47bb-0310-9956-ffa450edef68,1,0.0058823529411764705,50.0,50.0,0.0,50.0,0.0,0.0,1,0,4.564348191467836,false
modules/securevault/src/main/java/org/apache/synapse/securevault/definition/KeyStoreInformation.java,101.0,14.0,51.0,15.0,21.0,34.0,0.0,hiranya@13f79535-47bb-0310-9956-ffa450edef68,0,0.0,0.0,0.0,0.0,0.0,0.0,0.0,0,0,0.0,false
modules/tasks/src/main/java/org/apache/synapse/task/TaskDescriptionSerializer.java,60.0,7.0,0.0,1.0,22.0,7.0,0.0,indika@13f79535-47bb-0310-9956-ffa450edef68,0,0.0,0.0,0.0,0.0,0.0,0.0,0.0,0,0,0.0,false
modules/transports/core/nhttp/src/main/java/org/apache/synapse/transport/nhttp/Axis2HttpRequest.java,290.0,27.0,120.0,21.0,62.0,54.0,0.0,ruwan@13f79535-47bb-0310-9956-ffa450edef68,0,0.0,0.0,0.0,0.0,0.0,0.0,0.0,0,7,0.0,false
modules/transports/core/nhttp/src/main/java/org/apache/synapse/transport/nhttp/ClientHandler.java,813.0,47.0,154.0,29.0,295.0,109.0,3.0,hiranya@13f79535-47bb-0310-9956-ffa450edef68,1,0.0058823529411764705,3.0,0.0,3.0,0.0,148.19047619047618,577.0519979065831,1,6,3.1780538303479458,false
modules/transports/core/nhttp/src/main/java/org/apache/synapse/transport/nhttp/DefaultHttpGetProcessor.java,461.0,28.0,0.0,15.0,145.0,66.0,3.0,hiranya@13f79535-47bb-0310-9956-ffa450edef68,1,0.0058823529411764705,40.0,20.0,40.0,0.0,1251.1612903225805,30049.114936431717,1,0,0.5753641449035618,true
modules/transports/core/nhttp/src/main/java/org/apache/synapse/transport/nhttp/HttpCoreNIOListener.java,633.0,50.0,465.0,47.0,135.0,152.0,3.0,hiranya@13f79535-47bb-0310-9956-ffa450edef68,1,0.0058823529411764705,12.0,6.0,6.0,0.0,1251.1612903225805,30049.114936431717,1,3,0.5753641449035618,false
modules/transports/core/nhttp/src/main/java/org/apache/synapse/transport/nhttp/HttpCoreNIOSender.java,772.0,53.0,631.0,51.0,222.0,178.0,0.0,hiranya@13f79535-47bb-0310-9956-ffa450edef68,0,0.0,0.0,0.0,0.0,0.0,0.0,0.0,0,8,0.0,false
modules/transports/core/nhttp/src/main/java/org/apache/synapse/transport/nhttp/HttpGetRequestProcessor.java,22.0,7.0,1.0,2.0,0.0,4.0,6.0,supun@13f79535-47bb-0310-9956-ffa450edef68,1,0.0058823529411764705,100.0,100.0,100.0,0.0,1251.1612903225805,30049.114936431717,1,0,0.5753641449035618,false
modules/transports/core/nhttp/src/main/java/org/apache/synapse/transport/nhttp/NhttpConstants.java,115.0,0.0,0.0,0.0,0.0,0.0,3.0,null,2,0.011764705882352941,16.0,4.0,16.0,0.0,1399.3517665130566,30626.1669343383,2,6,0.6637014216458494,false
modules/transports/core/nhttp/src/main/java/org/apache/synapse/transport/nhttp/ServerHandler.java,462.0,41.0,14.0,21.0,150.0,74.0,3.0,hiranya@13f79535-47bb-0310-9956-ffa450edef68,1,0.0058823529411764705,15.0,5.0,10.0,0.0,1251.1612903225805,30049.114936431717,1,4,0.5753641449035618,false
modules/transports/core/nhttp/src/main/java/org/apache/synapse/transport/nhttp/ServerWorker.java,403.0,26.0,14.0,16.0,105.0,51.0,3.0,ruwan@13f79535-47bb-0310-9956-ffa450edef68,1,0.0058823529411764705,13.0,3.0,13.0,0.0,1251.1612903225805,30049.114936431717,1,9,0.5753641449035618,false
modules/transports/core/nhttp/src/main/java/org/apache/synapse/transport/nhttp/debug/AbstractConnectionDebug.java,63.0,5.0,4.0,4.0,13.0,12.0,0.0,hiranya@13f79535-47bb-0310-9956-ffa450edef68,0,0.0,0.0,0.0,0.0,0.0,0.0,0.0,0,1,0.0,false
modules/transports/core/nhttp/src/main/java/org/apache/synapse/transport/nhttp/util/RESTUtil.java,134.0,19.0,10.0,5.0,48.0,23.0,0.0,null,0,0.0,0.0,0.0,0.0,0.0,0.0,0.0,0,4,0.0,false
modules/transports/core/vfs/src/main/java/org/apache/synapse/transport/vfs/VFSUtils.java,147.0,17.0,9.0,6.0,44.0,28.0,0.0,null,0,0.0,0.0,0.0,0.0,0.0,0.0,0.0,0,2,0.0,false
modules/transports/optional/fix/src/main/java/org/apache/synapse/transport/fix/FIXIncomingMessageHandler.java,269.0,26.0,0.0,12.0,64.0,35.0,0.0,hiranya@13f79535-47bb-0310-9956-ffa450edef68,0,0.0,0.0,0.0,0.0,0.0,0.0,0.0,0,3,0.0,true
modules/transports/optional/fix/src/main/java/org/apache/synapse/transport/fix/FIXSessionFactory.java,360.0,17.0,0.0,17.0,92.0,71.0,1.0,hiranya@13f79535-47bb-0310-9956-ffa450edef68,1,0.0058823529411764705,18.0,0.0,9.0,9.0,131.5,664.3893103225786,1,4,1.8562979903656263,false
modules/transports/optional/fix/src/main/java/org/apache/synapse/transport/fix/FIXUtils.java,590.0,22.0,165.0,19.0,150.0,84.0,2.0,hiranya@13f79535-47bb-0310-9956-ffa450edef68,1,0.0058823529411764705,14.0,0.0,14.0,0.0,131.5,664.3893103225786,1,2,1.8562979903656263,false
modules/xar-maven-plugin/src/main/java/org/apache/synapse/maven/xar/AbstractXarMojo.java,274.0,38.0,45.0,11.0,87.0,49.0,0.0,hiranya@13f79535-47bb-0310-9956-ffa450edef68,0,0.0,0.0,0.0,0.0,0.0,0.0,0.0,0,0,0.0,false
