name,LOC,CBO,LCOM,NOM,RFC,WMC,ACS,Ownership,numOfChanges,numberOfFIChanges,ENH,NF,BugFixing,REF,structuralWorkloadSum,semanticWorkloadSum,numberOfDeveloper,pastFaults,MAF,isBuggy
modules/commons/src/main/java/org/apache/synapse/commons/builders/XFormURLEncodedBuilder.java,46.0,16.0,3.0,3.0,15.0,16.0,0.0,kasun@13f79535-47bb-0310-9956-ffa450edef68,0,0.0,0.0,0.0,0.0,0.0,0.0,0.0,0,0,0.0,false
modules/commons/src/main/java/org/apache/synapse/commons/evaluators/source/SOAPEnvelopeTextRetriever.java,52.0,10.0,0.0,3.0,12.0,12.0,0.0,hiranya@13f79535-47bb-0310-9956-ffa450edef68,0,0.0,0.0,0.0,0.0,0.0,0.0,0.0,0,0,0.0,false
modules/core/src/main/java/org/apache/synapse/config/SynapseConfigUtils.java,626.0,37.0,215.0,26.0,173.0,106.0,0.0,indika@13f79535-47bb-0310-9956-ffa450edef68,0,0.0,0.0,0.0,0.0,0.0,0.0,0.0,0,13,0.0,false
modules/core/src/main/java/org/apache/synapse/config/xml/EntrySerializer.java,57.0,12.0,1.0,2.0,15.0,7.0,0.0,hiranya@13f79535-47bb-0310-9956-ffa450edef68,0,0.0,0.0,0.0,0.0,0.0,0.0,0.0,0,1,0.0,false
modules/core/src/main/java/org/apache/synapse/config/xml/HeaderMediatorSerializer.java,42.0,4.0,1.0,2.0,18.0,8.0,0.0,veithen@13f79535-47bb-0310-9956-ffa450edef68,0,0.0,0.0,0.0,0.0,0.0,0.0,0.0,0,2,0.0,false
modules/core/src/main/java/org/apache/synapse/config/xml/MultiXMLConfigurationBuilder.java,305.0,27.0,0.0,15.0,187.0,52.0,0.0,null,0,0.0,0.0,0.0,0.0,0.0,0.0,0.0,0,12,0.0,false
modules/core/src/main/java/org/apache/synapse/config/xml/MultiXMLConfigurationSerializer.java,578.0,33.0,118.0,32.0,235.0,132.0,0.0,hiranya@13f79535-47bb-0310-9956-ffa450edef68,0,0.0,0.0,0.0,0.0,0.0,0.0,0.0,0,11,0.0,false
modules/core/src/main/java/org/apache/synapse/config/xml/XMLConfigurationBuilder.java,12.0,7.0,0.0,1.0,6.0,3.0,0.0,dims@13f79535-47bb-0310-9956-ffa450edef68,0,0.0,0.0,0.0,0.0,0.0,0.0,0.0,0,2,0.0,false
modules/core/src/main/java/org/apache/synapse/config/xml/endpoints/EndpointDefinitionFactory.java,238.0,10.0,0.0,3.0,42.0,12.0,0.0,hiranya@13f79535-47bb-0310-9956-ffa450edef68,0,0.0,0.0,0.0,0.0,0.0,0.0,0.0,0,1,0.0,false
modules/core/src/main/java/org/apache/synapse/config/xml/endpoints/EndpointDefinitionSerializer.java,126.0,7.0,0.0,1.0,33.0,5.0,0.0,hiranya@13f79535-47bb-0310-9956-ffa450edef68,0,0.0,0.0,0.0,0.0,0.0,0.0,0.0,0,2,0.0,false
modules/core/src/main/java/org/apache/synapse/core/axis2/Axis2FlexibleMEPClient.java,283.0,32.0,10.0,5.0,107.0,24.0,1.0,ruwan@13f79535-47bb-0310-9956-ffa450edef68,3,0.10714285714285714,7.0,0.0,4.0,0.0,205.83333333333334,200.6014667461934,3,28,0.3334597347752726,true
modules/core/src/main/java/org/apache/synapse/core/axis2/ProxyServiceMessageReceiver.java,164.0,10.0,0.0,6.0,51.0,17.0,1.0,indika@13f79535-47bb-0310-9956-ffa450edef68,1,0.03571428571428571,5.0,0.0,0.0,0.0,102.5,145.08294047577172,1,8,1.0560526742493137,false
modules/core/src/main/java/org/apache/synapse/core/axis2/SynapseCallbackReceiver.java,225.0,28.0,0.0,6.0,94.0,26.0,1.0,indika@13f79535-47bb-0310-9956-ffa450edef68,1,0.03571428571428571,2.0,0.0,0.0,0.0,53.333333333333336,21.067803082918445,1,19,1.749199854809259,true
modules/core/src/main/java/org/apache/synapse/deployers/AbstractSynapseArtifactDeployer.java,271.0,21.0,148.0,20.0,95.0,74.0,0.0,ruwan@13f79535-47bb-0310-9956-ffa450edef68,0,0.0,0.0,0.0,0.0,0.0,0.0,0.0,0,7,0.0,false
modules/core/src/main/java/org/apache/synapse/deployers/MessageProcessorDeployer.java,116.0,12.0,0.0,4.0,51.0,19.0,0.0,charith@13f79535-47bb-0310-9956-ffa450edef68,0,0.0,0.0,0.0,0.0,0.0,0.0,0.0,0,2,0.0,false
modules/core/src/main/java/org/apache/synapse/deployers/MessageStoreDeployer.java,111.0,14.0,0.0,4.0,46.0,19.0,0.0,charith@13f79535-47bb-0310-9956-ffa450edef68,0,0.0,0.0,0.0,0.0,0.0,0.0,0.0,0,1,0.0,false
modules/core/src/main/java/org/apache/synapse/endpoints/AbstractEndpoint.java,479.0,18.0,908.0,49.0,111.0,120.0,0.0,null,0,0.0,0.0,0.0,0.0,0.0,0.0,0.0,0,14,0.0,true
modules/core/src/main/java/org/apache/synapse/endpoints/DynamicLoadbalanceEndpoint.java,217.0,24.0,84.0,16.0,64.0,38.0,0.0,hiranya@13f79535-47bb-0310-9956-ffa450edef68,0,0.0,0.0,0.0,0.0,0.0,0.0,0.0,0,5,0.0,true
modules/core/src/main/java/org/apache/synapse/endpoints/dispatch/AbstractDispatcher.java,95.0,9.0,22.0,8.0,24.0,26.0,0.0,hiranya@13f79535-47bb-0310-9956-ffa450edef68,0,0.0,0.0,0.0,0.0,0.0,0.0,0.0,0,1,0.0,true
modules/core/src/main/java/org/apache/synapse/mediators/eip/splitter/IterateMediator.java,175.0,21.0,64.0,16.0,38.0,35.0,0.0,null,0,0.0,0.0,0.0,0.0,0.0,0.0,0.0,0,8,0.0,true
modules/core/src/main/java/org/apache/synapse/mediators/elementary/Source.java,60.0,21.0,79.0,14.0,7.0,24.0,1.0,null,2,0.07142857142857142,20.0,0.0,10.0,0.0,152.5,179.53366366327498,2,2,0.506746529915259,false
modules/core/src/main/java/org/apache/synapse/mediators/transform/FaultMediator.java,421.0,16.0,425.0,34.0,111.0,80.0,0.0,ruwan@13f79535-47bb-0310-9956-ffa450edef68,0,0.0,0.0,0.0,0.0,0.0,0.0,0.0,0,11,0.0,false
modules/core/src/main/java/org/apache/synapse/mediators/transform/XSLTMediator.java,425.0,21.0,116.0,21.0,88.0,60.0,1.0,veithen@13f79535-47bb-0310-9956-ffa450edef68,1,0.03571428571428571,3.0,0.0,3.0,0.0,0.0,0.0,1,15,3.1354942159291497,false
modules/core/src/main/java/org/apache/synapse/message/processors/forward/BlockingMessageSender.java,114.0,25.0,7.0,7.0,44.0,20.0,0.0,hiranya@13f79535-47bb-0310-9956-ffa450edef68,0,0.0,0.0,0.0,0.0,0.0,0.0,0.0,0,2,0.0,false
modules/core/src/main/java/org/apache/synapse/message/processors/forward/ForwardingJob.java,151.0,17.0,3.0,3.0,33.0,17.0,0.0,hiranya@13f79535-47bb-0310-9956-ffa450edef68,0,0.0,0.0,0.0,0.0,0.0,0.0,0.0,0,3,0.0,false
modules/core/src/main/java/org/apache/synapse/registry/url/SimpleURLRegistry.java,228.0,19.0,50.0,12.0,66.0,40.0,0.0,indika@13f79535-47bb-0310-9956-ffa450edef68,0,0.0,0.0,0.0,0.0,0.0,0.0,0.0,0,5,0.0,true
modules/core/src/main/java/org/apache/synapse/util/AXIOMUtils.java,20.0,5.0,1.0,2.0,1.0,6.0,0.0,veithen@13f79535-47bb-0310-9956-ffa450edef68,0,0.0,0.0,0.0,0.0,0.0,0.0,0.0,0,1,0.0,false
modules/core/src/main/java/org/apache/synapse/util/MessageHelper.java,345.0,21.0,89.0,14.0,198.0,68.0,1.0,ruwan@13f79535-47bb-0310-9956-ffa450edef68,2,0.07142857142857142,7.0,0.0,7.0,0.0,184.5,231.90294635070572,2,11,0.7094790839693411,false
modules/core/src/main/java/org/apache/synapse/util/PayloadHelper.java,233.0,19.0,124.0,21.0,98.0,67.0,0.0,hiranya@13f79535-47bb-0310-9956-ffa450edef68,0,0.0,0.0,0.0,0.0,0.0,0.0,0.0,0,1,0.0,false
modules/core/src/main/java/org/apache/synapse/util/TextFileDataSource.java,55.0,22.0,46.0,12.0,11.0,26.0,0.0,veithen@13f79535-47bb-0310-9956-ffa450edef68,0,0.0,0.0,0.0,0.0,0.0,0.0,0.0,0,1,0.0,false
modules/core/src/main/java/org/apache/synapse/util/jaxp/AXIOMSourceBuilder.java,10.0,3.0,1.0,2.0,1.0,3.0,0.0,veithen@13f79535-47bb-0310-9956-ffa450edef68,0,0.0,0.0,0.0,0.0,0.0,0.0,0.0,0,1,0.0,false
modules/core/src/main/java/org/apache/synapse/util/jaxp/StreamResultBuilder.java,60.0,16.0,0.0,5.0,13.0,13.0,0.0,veithen@13f79535-47bb-0310-9956-ffa450edef68,0,0.0,0.0,0.0,0.0,0.0,0.0,0.0,0,2,0.0,false
modules/core/src/main/java/org/apache/synapse/util/xpath/SynapseXPath.java,202.0,14.0,36.0,9.0,36.0,42.0,0.0,null,0,0.0,0.0,0.0,0.0,0.0,0.0,0.0,0,3,0.0,false
modules/core/src/test/java/org/apache/synapse/TestMessageContextBuilder.java,104.0,24.0,14.0,9.0,25.0,24.0,0.0,veithen@13f79535-47bb-0310-9956-ffa450edef68,0,0.0,0.0,0.0,0.0,0.0,0.0,0.0,0,1,0.0,false
modules/core/src/test/java/org/apache/synapse/config/xml/ConditionalRouterMediatorSerializationTest.java,28.0,0.0,0.0,5.0,8.0,9.0,0.0,supun@13f79535-47bb-0310-9956-ffa450edef68,0,0.0,0.0,0.0,0.0,0.0,0.0,0.0,0,1,0.0,false
modules/core/src/test/java/org/apache/synapse/config/xml/LocalEntryConfigurationTest.java,182.0,10.0,22.0,13.0,109.0,37.0,0.0,hiranya@13f79535-47bb-0310-9956-ffa450edef68,0,0.0,0.0,0.0,0.0,0.0,0.0,0.0,0,2,0.0,false
modules/core/src/test/java/org/apache/synapse/config/xml/SendMediatorSerializationTest.java,97.0,14.0,0.0,7.0,57.0,12.0,0.0,ruwan@13f79535-47bb-0310-9956-ffa450edef68,0,0.0,0.0,0.0,0.0,0.0,0.0,0.0,0,4,0.0,true
modules/samples/src/main/java/samples/userguide/StockQuoteClient.java,212.0,23.0,21.0,7.0,57.0,26.0,1.0,ruwan@13f79535-47bb-0310-9956-ffa450edef68,1,0.03571428571428571,7.0,0.0,7.0,0.0,102.5,145.08294047577172,1,4,1.0560526742493137,false
modules/transports/core/nhttp/src/main/java/org/apache/synapse/transport/nhttp/ClientHandler.java,856.0,50.0,193.0,31.0,323.0,118.0,0.0,hiranya@13f79535-47bb-0310-9956-ffa450edef68,0,0.0,0.0,0.0,0.0,0.0,0.0,0.0,0,9,0.0,false
modules/transports/core/nhttp/src/main/java/org/apache/synapse/transport/nhttp/ClientWorker.java,193.0,26.0,0.0,4.0,68.0,17.0,3.0,hiranya@13f79535-47bb-0310-9956-ffa450edef68,1,0.03571428571428571,10.0,0.0,0.0,0.0,82.0,86.820005874934,1,4,1.749199854809259,false
modules/transports/core/nhttp/src/main/java/org/apache/synapse/transport/nhttp/ListenerContext.java,205.0,31.0,152.0,20.0,26.0,50.0,0.0,hiranya@13f79535-47bb-0310-9956-ffa450edef68,0,0.0,0.0,0.0,0.0,0.0,0.0,0.0,0,0,0.0,false
modules/transports/core/nhttp/src/main/java/org/apache/synapse/transport/nhttp/NhttpConstants.java,126.0,0.0,0.0,0.0,0.0,0.0,3.0,null,1,0.03571428571428571,4.0,0.0,0.0,0.0,82.0,86.820005874934,1,10,1.749199854809259,false
modules/transports/core/nhttp/src/main/java/org/apache/synapse/transport/nhttp/ServerWorker.java,459.0,30.0,12.0,16.0,127.0,51.0,1.0,ruwan@13f79535-47bb-0310-9956-ffa450edef68,1,0.03571428571428571,3.0,3.0,3.0,0.0,102.5,145.08294047577172,1,13,1.0560526742493137,false
modules/transports/core/nhttp/src/main/java/org/apache/synapse/transport/nhttp/debug/AbstractConnectionDebug.java,63.0,4.0,4.0,4.0,13.0,12.0,3.0,hiranya@13f79535-47bb-0310-9956-ffa450edef68,1,0.03571428571428571,25.0,0.0,0.0,25.0,102.5,145.08294047577172,1,1,1.0560526742493137,false
modules/transports/core/nhttp/src/main/java/org/apache/synapse/transport/nhttp/util/RESTUtil.java,167.0,20.0,21.0,7.0,56.0,29.0,0.0,null,0,0.0,0.0,0.0,0.0,0.0,0.0,0.0,0,4,0.0,false
modules/transports/core/vfs/src/main/java/org/apache/synapse/transport/vfs/VFSTransportListener.java,525.0,26.0,20.0,8.0,130.0,44.0,1.0,null,1,0.03571428571428571,6.0,0.0,6.0,0.0,53.333333333333336,21.067803082918445,1,6,1.749199854809259,false
modules/transports/core/vfs/src/main/java/org/apache/synapse/transport/vfs/VFSUtils.java,155.0,19.0,15.0,7.0,49.0,31.0,1.0,null,1,0.03571428571428571,8.0,0.0,8.0,0.0,53.333333333333336,21.067803082918445,1,3,1.749199854809259,false
modules/xar-maven-plugin/src/main/java/org/apache/synapse/maven/xar/AbstractXarMojo.java,274.0,38.0,45.0,11.0,87.0,50.0,0.0,hiranya@13f79535-47bb-0310-9956-ffa450edef68,0,0.0,0.0,0.0,0.0,0.0,0.0,0.0,0,0,0.0,false
