name,LOC,CBO,LCOM,NOM,RFC,WMC,ACS,Ownership,numOfChanges,numberOfFIChanges,ENH,NF,BugFixing,REF,structuralWorkloadSum,semanticWorkloadSum,numberOfDeveloper,pastFaults,MAF,isBuggy
modules/core/src/main/java/org/apache/synapse/Axis2SynapseController.java,649.0,33.0,32.0,33.0,222.0,119.0,33.0,null,2,0.007194244604316547,4.0,2.0,4.0,2.0,3026.994368463395,204678.0744727209,2,14,0.6879681205194034,false
modules/core/src/main/java/org/apache/synapse/SynapseConstants.java,411.0,3.0,0.0,0.0,0.0,0.0,8.0,null,1,0.0035971223021582736,2.0,0.0,0.0,0.0,91.45454545454545,718.1339989726118,1,23,2.3460702049337847,true
modules/core/src/main/java/org/apache/synapse/config/SynapseConfigUtils.java,626.0,37.0,215.0,26.0,173.0,106.0,47.0,indika@13f79535-47bb-0310-9956-ffa450edef68,1,0.0035971223021582736,2.0,2.0,2.0,2.0,2935.5398230088495,203959.94047374828,1,13,0.41616039722491244,false
modules/core/src/main/java/org/apache/synapse/config/SynapseConfiguration.java,1324.0,31.0,2532.0,93.0,306.0,307.0,28.0,null,2,0.007194244604316547,6.0,1.0,4.0,1.0,3026.994368463395,204678.0744727209,2,19,0.3363027045333222,true
modules/core/src/main/java/org/apache/synapse/config/xml/EntryFactory.java,82.0,16.0,4.0,4.0,24.0,16.0,47.0,ruwan@13f79535-47bb-0310-9956-ffa450edef68,1,0.0035971223021582736,12.0,12.0,12.0,12.0,2935.5398230088495,203959.94047374828,1,3,0.41616039722491244,false
modules/core/src/main/java/org/apache/synapse/config/xml/EntrySerializer.java,80.0,13.0,1.0,3.0,21.0,11.0,47.0,hiranya@13f79535-47bb-0310-9956-ffa450edef68,1,0.0035971223021582736,14.0,14.0,14.0,14.0,2935.5398230088495,203959.94047374828,1,1,0.41616039722491244,false
modules/core/src/main/java/org/apache/synapse/config/xml/IEntryFactory.java,3.0,2.0,0.0,1.0,0.0,1.0,47.0,hiranya@13f79535-47bb-0310-9956-ffa450edef68,1,0.0035971223021582736,100.0,100.0,100.0,100.0,2935.5398230088495,203959.94047374828,1,0,0.41616039722491244,false
modules/core/src/main/java/org/apache/synapse/config/xml/IEntrySerializer.java,3.0,2.0,0.0,1.0,0.0,1.0,47.0,hiranya@13f79535-47bb-0310-9956-ffa450edef68,1,0.0035971223021582736,100.0,100.0,100.0,100.0,2935.5398230088495,203959.94047374828,1,0,0.41616039722491244,false
modules/core/src/main/java/org/apache/synapse/config/xml/IterateMediatorSerializer.java,48.0,3.0,1.0,2.0,18.0,8.0,47.0,null,1,0.0035971223021582736,10.0,10.0,10.0,10.0,2935.5398230088495,203959.94047374828,1,1,0.41616039722491244,false
modules/core/src/main/java/org/apache/synapse/config/xml/MediatorFactoryFinder.java,127.0,14.0,8.0,9.0,29.0,30.0,5.0,ruwan@13f79535-47bb-0310-9956-ffa450edef68,1,0.0035971223021582736,6.0,6.0,0.0,0.0,2935.5398230088495,203959.94047374828,1,3,0.41616039722491244,false
modules/core/src/main/java/org/apache/synapse/config/xml/MediatorSerializerFinder.java,63.0,9.0,1.0,6.0,20.0,17.0,5.0,ruwan@13f79535-47bb-0310-9956-ffa450edef68,1,0.0035971223021582736,6.0,6.0,0.0,0.0,2935.5398230088495,203959.94047374828,1,3,0.41616039722491244,false
modules/core/src/main/java/org/apache/synapse/config/xml/MessageProcessorFactory.java,43.0,11.0,3.0,3.0,9.0,9.0,47.0,hiranya@13f79535-47bb-0310-9956-ffa450edef68,1,0.0035971223021582736,33.0,33.0,33.0,33.0,2935.5398230088495,203959.94047374828,1,0,0.41616039722491244,false
modules/core/src/main/java/org/apache/synapse/config/xml/MessageStoreMediatorFactory.java,30.0,7.0,1.0,2.0,5.0,7.0,6.0,hiranya@13f79535-47bb-0310-9956-ffa450edef68,1,0.0035971223021582736,33.0,0.0,0.0,0.0,2935.5398230088495,203959.94047374828,1,0,0.41616039722491244,false
modules/core/src/main/java/org/apache/synapse/config/xml/MessageStoreMediatorSerializer.java,36.0,4.0,1.0,2.0,9.0,7.0,47.0,hiranya@13f79535-47bb-0310-9956-ffa450edef68,1,0.0035971223021582736,33.0,33.0,33.0,33.0,2935.5398230088495,203959.94047374828,1,0,0.41616039722491244,false
modules/core/src/main/java/org/apache/synapse/config/xml/MultiXMLConfigurationBuilder.java,304.0,27.0,0.0,15.0,187.0,51.0,28.0,null,2,0.007194244604316547,12.0,3.0,6.0,6.0,3026.994368463395,204678.0744727209,2,12,0.3363027045333222,false
modules/core/src/main/java/org/apache/synapse/config/xml/MultiXMLConfigurationSerializer.java,581.0,33.0,118.0,32.0,237.0,132.0,47.0,hiranya@13f79535-47bb-0310-9956-ffa450edef68,1,0.0035971223021582736,4.0,4.0,4.0,4.0,2935.5398230088495,203959.94047374828,1,11,0.41616039722491244,false
modules/core/src/main/java/org/apache/synapse/config/xml/OMElementUtils.java,57.0,9.0,0.0,2.0,16.0,12.0,47.0,veithen@13f79535-47bb-0310-9956-ffa450edef68,1,0.0035971223021582736,14.0,14.0,14.0,14.0,2935.5398230088495,203959.94047374828,1,4,0.41616039722491244,false
modules/core/src/main/java/org/apache/synapse/config/xml/PayloadFactoryMediatorFactory.java,75.0,9.0,6.0,4.0,27.0,15.0,5.0,hiranya@13f79535-47bb-0310-9956-ffa450edef68,1,0.0035971223021582736,100.0,100.0,0.0,0.0,2935.5398230088495,203959.94047374828,1,0,0.41616039722491244,false
modules/core/src/main/java/org/apache/synapse/config/xml/PayloadFactoryMediatorSerializer.java,53.0,6.0,1.0,2.0,15.0,10.0,5.0,hiranya@13f79535-47bb-0310-9956-ffa450edef68,1,0.0035971223021582736,100.0,100.0,0.0,0.0,2935.5398230088495,203959.94047374828,1,0,0.41616039722491244,false
modules/core/src/main/java/org/apache/synapse/config/xml/SynapseXMLConfigurationFactory.java,259.0,29.0,184.0,20.0,87.0,64.0,28.0,null,2,0.007194244604316547,10.0,2.0,5.0,5.0,3026.994368463395,204678.0744727209,2,14,0.3363027045333222,false
modules/core/src/main/java/org/apache/synapse/config/xml/SynapseXMLConfigurationSerializer.java,133.0,31.0,78.0,13.0,62.0,31.0,41.0,null,1,0.0035971223021582736,6.0,0.0,0.0,0.0,2935.5398230088495,203959.94047374828,1,5,0.41616039722491244,false
modules/core/src/main/java/org/apache/synapse/config/xml/URLRewriteMediatorFactory.java,150.0,13.0,6.0,4.0,29.0,19.0,0.0,hiranya@13f79535-47bb-0310-9956-ffa450edef68,0,0.0,0.0,0.0,0.0,0.0,0.0,0.0,0,2,0.0,false
modules/core/src/main/java/org/apache/synapse/config/xml/URLRewriteMediatorSerializer.java,109.0,11.0,6.0,4.0,29.0,19.0,0.0,hiranya@13f79535-47bb-0310-9956-ffa450edef68,0,0.0,0.0,0.0,0.0,0.0,0.0,0.0,0,2,0.0,false
modules/core/src/main/java/org/apache/synapse/config/xml/XMLConfigConstants.java,103.0,3.0,0.0,0.0,0.0,0.0,30.0,null,2,0.007194244604316547,8.0,0.0,4.0,0.0,3026.994368463395,204678.0744727209,2,8,0.6879681205194034,true
modules/core/src/main/java/org/apache/synapse/config/xml/endpoints/AddressEndpointSerializer.java,33.0,6.0,1.0,2.0,15.0,7.0,47.0,ruwan@13f79535-47bb-0310-9956-ffa450edef68,1,0.0035971223021582736,5.0,5.0,5.0,5.0,2935.5398230088495,203959.94047374828,1,10,0.41616039722491244,true
modules/core/src/main/java/org/apache/synapse/config/xml/endpoints/DynamicLoadbalanceEndpointFactory.java,76.0,18.0,3.0,3.0,24.0,11.0,47.0,ruwan@13f79535-47bb-0310-9956-ffa450edef68,1,0.0035971223021582736,10.0,10.0,10.0,10.0,2935.5398230088495,203959.94047374828,1,4,0.41616039722491244,true
modules/core/src/main/java/org/apache/synapse/config/xml/endpoints/EndpointDefinitionFactory.java,232.0,10.0,0.0,3.0,42.0,12.0,47.0,hiranya@13f79535-47bb-0310-9956-ffa450edef68,1,0.0035971223021582736,20.0,20.0,20.0,20.0,2935.5398230088495,203959.94047374828,1,1,0.41616039722491244,false
modules/core/src/main/java/org/apache/synapse/config/xml/endpoints/EndpointDefinitionSerializer.java,121.0,7.0,0.0,1.0,33.0,5.0,47.0,hiranya@13f79535-47bb-0310-9956-ffa450edef68,1,0.0035971223021582736,17.0,17.0,17.0,17.0,2935.5398230088495,203959.94047374828,1,2,0.41616039722491244,false
modules/core/src/main/java/org/apache/synapse/config/xml/endpoints/EndpointFactory.java,205.0,19.0,83.0,14.0,39.0,45.0,18.0,ruwan@13f79535-47bb-0310-9956-ffa450edef68,2,0.007194244604316547,9.0,9.0,3.0,3.0,2953.5398230088495,204000.3213693113,2,9,1.1447747911736033,true
modules/core/src/main/java/org/apache/synapse/config/xml/endpoints/EndpointSerializer.java,105.0,25.0,34.0,9.0,20.0,27.0,24.0,ruwan@13f79535-47bb-0310-9956-ffa450edef68,1,0.0035971223021582736,7.0,4.0,7.0,4.0,2935.5398230088495,203959.94047374828,1,10,0.41616039722491244,true
modules/core/src/main/java/org/apache/synapse/config/xml/endpoints/FailoverEndpointSerializer.java,25.0,5.0,0.0,1.0,10.0,4.0,47.0,hiranya@13f79535-47bb-0310-9956-ffa450edef68,1,0.0035971223021582736,9.0,9.0,9.0,9.0,2935.5398230088495,203959.94047374828,1,7,0.41616039722491244,true
modules/core/src/main/java/org/apache/synapse/config/xml/endpoints/LoadbalanceEndpointSerializer.java,37.0,7.0,0.0,1.0,19.0,5.0,47.0,ruwan@13f79535-47bb-0310-9956-ffa450edef68,1,0.0035971223021582736,8.0,8.0,8.0,8.0,2935.5398230088495,203959.94047374828,1,8,0.41616039722491244,true
modules/core/src/main/java/org/apache/synapse/config/xml/endpoints/RecipientListEndpointFactory.java,80.0,15.0,4.0,4.0,28.0,14.0,25.0,hiranya@13f79535-47bb-0310-9956-ffa450edef68,1,0.0035971223021582736,50.0,25.0,25.0,50.0,2935.5398230088495,203959.94047374828,1,0,0.41616039722491244,false
modules/core/src/main/java/org/apache/synapse/config/xml/endpoints/RecipientListEndpointSerializer.java,39.0,7.0,0.0,1.0,18.0,5.0,25.0,hiranya@13f79535-47bb-0310-9956-ffa450edef68,1,0.0035971223021582736,50.0,25.0,25.0,50.0,2935.5398230088495,203959.94047374828,1,0,0.41616039722491244,false
modules/core/src/main/java/org/apache/synapse/config/xml/endpoints/SALoadbalanceEndpointSerializer.java,46.0,10.0,0.0,1.0,16.0,5.0,47.0,null,1,0.0035971223021582736,10.0,10.0,10.0,10.0,2935.5398230088495,203959.94047374828,1,6,0.41616039722491244,true
modules/core/src/main/java/org/apache/synapse/config/xml/endpoints/ServiceDynamicLoadbalanceEndpointFactory.java,108.0,15.0,3.0,3.0,28.0,10.0,6.0,veithen@13f79535-47bb-0310-9956-ffa450edef68,1,0.0035971223021582736,50.0,50.0,0.0,0.0,18.0,40.38089556301239,1,0,2.463853240590168,false
modules/core/src/main/java/org/apache/synapse/config/xml/endpoints/TemplateEndpointSerializer.java,31.0,10.0,0.0,2.0,13.0,6.0,32.0,hiranya@13f79535-47bb-0310-9956-ffa450edef68,1,0.0035971223021582736,50.0,25.0,25.0,50.0,2935.5398230088495,203959.94047374828,1,0,0.41616039722491244,false
modules/core/src/main/java/org/apache/synapse/config/xml/endpoints/WSDLEndpointSerializer.java,39.0,6.0,0.0,1.0,14.0,3.0,47.0,ruwan@13f79535-47bb-0310-9956-ffa450edef68,1,0.0035971223021582736,6.0,6.0,6.0,6.0,2935.5398230088495,203959.94047374828,1,8,0.41616039722491244,true
modules/core/src/main/java/org/apache/synapse/config/xml/rest/APIFactory.java,63.0,10.0,4.0,4.0,23.0,13.0,41.0,uswick@13f79535-47bb-0310-9956-ffa450edef68,1,0.0035971223021582736,33.0,0.0,0.0,0.0,2935.5398230088495,203959.94047374828,1,0,0.41616039722491244,false
modules/core/src/main/java/org/apache/synapse/config/xml/rest/APISerializer.java,30.0,7.0,0.0,1.0,12.0,4.0,41.0,uswick@13f79535-47bb-0310-9956-ffa450edef68,1,0.0035971223021582736,25.0,0.0,0.0,0.0,2935.5398230088495,203959.94047374828,1,0,0.41616039722491244,false
modules/core/src/main/java/org/apache/synapse/config/xml/rest/ResourceFactory.java,88.0,15.0,10.0,5.0,29.0,17.0,41.0,hiranya@13f79535-47bb-0310-9956-ffa450edef68,1,0.0035971223021582736,100.0,0.0,0.0,0.0,2935.5398230088495,203959.94047374828,1,0,0.41616039722491244,false
modules/core/src/main/java/org/apache/synapse/config/xml/rest/ResourceSerializer.java,61.0,10.0,0.0,1.0,18.0,5.0,23.0,hiranya@13f79535-47bb-0310-9956-ffa450edef68,1,0.0035971223021582736,100.0,0.0,0.0,0.0,2935.5398230088495,203959.94047374828,1,0,0.41616039722491244,false
modules/core/src/main/java/org/apache/synapse/core/axis2/Axis2FlexibleMEPClient.java,309.0,33.0,10.0,5.0,107.0,24.0,2.0,ruwan@13f79535-47bb-0310-9956-ffa450edef68,2,0.007194244604316547,4.0,0.0,2.0,2.0,3070.5398230088495,204040.33402896195,2,30,0.8907006745734855,true
modules/core/src/main/java/org/apache/synapse/core/axis2/Axis2SynapseEnvironment.java,355.0,31.0,189.0,23.0,65.0,65.0,41.0,null,1,0.0035971223021582736,3.0,0.0,0.0,0.0,2935.5398230088495,203959.94047374828,1,15,0.41616039722491244,true
modules/core/src/main/java/org/apache/synapse/core/axis2/DynamicAxisOperation.java,139.0,22.0,3.0,3.0,0.0,4.0,4.0,hiranya@13f79535-47bb-0310-9956-ffa450edef68,1,0.0035971223021582736,11.0,0.0,11.0,0.0,2935.5398230088495,203959.94047374828,1,6,0.41616039722491244,false
modules/core/src/main/java/org/apache/synapse/core/axis2/ProxyService.java,774.0,39.0,2461.0,74.0,124.0,133.0,4.0,ruwan@13f79535-47bb-0310-9956-ffa450edef68,1,0.0035971223021582736,2.0,0.0,2.0,0.0,2935.5398230088495,203959.94047374828,1,17,0.41616039722491244,false
modules/core/src/main/java/org/apache/synapse/core/axis2/ProxyServiceMessageReceiver.java,164.0,8.0,0.0,6.0,51.0,17.0,3.0,indika@13f79535-47bb-0310-9956-ffa450edef68,1,0.0035971223021582736,10.0,0.0,10.0,0.0,2935.5398230088495,203959.94047374828,1,8,0.41616039722491244,false
modules/core/src/main/java/org/apache/synapse/core/axis2/ServiceLoadBalanceMembershipHandler.java,96.0,14.0,26.0,9.0,21.0,26.0,3.0,azeez@13f79535-47bb-0310-9956-ffa450edef68,1,0.0035971223021582736,100.0,50.0,0.0,0.0,18.0,40.38089556301239,1,0,2.463853240590168,false
modules/core/src/main/java/org/apache/synapse/deployers/APIDeployer.java,112.0,10.0,0.0,4.0,47.0,20.0,41.0,hiranya@13f79535-47bb-0310-9956-ffa450edef68,1,0.0035971223021582736,100.0,0.0,0.0,0.0,2935.5398230088495,203959.94047374828,1,0,0.41616039722491244,false
modules/core/src/main/java/org/apache/synapse/deployers/AbstractSynapseArtifactDeployer.java,292.0,20.0,162.0,21.0,102.0,78.0,3.0,ruwan@13f79535-47bb-0310-9956-ffa450edef68,1,0.0035971223021582736,14.0,0.0,9.0,5.0,2935.5398230088495,203959.94047374828,1,7,0.41616039722491244,false
modules/core/src/main/java/org/apache/synapse/deployers/ExtensionDeployer.java,132.0,23.0,14.0,8.0,44.0,27.0,7.0,supun@13f79535-47bb-0310-9956-ffa450edef68,1,0.0035971223021582736,20.0,0.0,20.0,20.0,2935.5398230088495,203959.94047374828,1,1,0.41616039722491244,false
modules/core/src/main/java/org/apache/synapse/deployers/PriorityExecutorDeployer.java,113.0,12.0,0.0,4.0,49.0,20.0,7.0,hiranya@13f79535-47bb-0310-9956-ffa450edef68,1,0.0035971223021582736,25.0,0.0,25.0,25.0,2935.5398230088495,203959.94047374828,1,0,0.41616039722491244,false
modules/core/src/main/java/org/apache/synapse/deployers/ProxyServiceDeployer.java,152.0,12.0,0.0,5.0,56.0,22.0,4.0,ruwan@13f79535-47bb-0310-9956-ffa450edef68,2,0.007194244604316547,12.0,0.0,6.0,6.0,3026.994368463395,204678.0744727209,2,9,0.6879681205194034,false
modules/core/src/main/java/org/apache/synapse/deployers/SynapseArtifactDeploymentStore.java,179.0,6.0,5.0,15.0,50.0,41.0,7.0,ruwan@13f79535-47bb-0310-9956-ffa450edef68,1,0.0035971223021582736,14.0,0.0,14.0,14.0,2935.5398230088495,203959.94047374828,1,4,0.41616039722491244,false
modules/core/src/main/java/org/apache/synapse/deployers/TaskDeployer.java,110.0,9.0,0.0,4.0,49.0,19.0,7.0,hiranya@13f79535-47bb-0310-9956-ffa450edef68,1,0.0035971223021582736,11.0,0.0,11.0,11.0,2935.5398230088495,203959.94047374828,1,5,0.41616039722491244,false
modules/core/src/main/java/org/apache/synapse/deployers/TemplateDeployer.java,204.0,16.0,0.0,4.0,64.0,22.0,12.0,hiranya@13f79535-47bb-0310-9956-ffa450edef68,1,0.0035971223021582736,50.0,0.0,25.0,50.0,2935.5398230088495,203959.94047374828,1,1,0.41616039722491244,false
modules/core/src/main/java/org/apache/synapse/endpoints/AbstractEndpoint.java,479.0,18.0,908.0,49.0,111.0,119.0,24.0,null,1,0.0035971223021582736,4.0,2.0,4.0,2.0,2935.5398230088495,203959.94047374828,1,14,0.41616039722491244,true
modules/core/src/main/java/org/apache/synapse/endpoints/DynamicLoadbalanceEndpoint.java,323.0,28.0,162.0,21.0,103.0,58.0,18.0,hiranya@13f79535-47bb-0310-9956-ffa450edef68,2,0.007194244604316547,16.0,11.0,5.0,11.0,2953.5398230088495,204000.3213693113,2,5,0.46221051005185143,true
modules/core/src/main/java/org/apache/synapse/endpoints/DynamicLoadbalanceFaultHandler.java,8.0,3.0,3.0,3.0,0.0,3.0,26.0,hiranya@13f79535-47bb-0310-9956-ffa450edef68,1,0.0035971223021582736,100.0,50.0,50.0,50.0,2935.5398230088495,203959.94047374828,1,0,0.41616039722491244,false
modules/core/src/main/java/org/apache/synapse/endpoints/EndpointContext.java,412.0,8.0,0.0,14.0,54.0,49.0,9.0,null,2,0.007194244604316547,12.0,0.0,6.0,6.0,3055.5398230088495,204050.3633231697,2,4,0.9818614529704627,true
modules/core/src/main/java/org/apache/synapse/endpoints/IndirectEndpoint.java,89.0,10.0,7.0,11.0,23.0,23.0,47.0,indika@13f79535-47bb-0310-9956-ffa450edef68,1,0.0035971223021582736,8.0,8.0,8.0,8.0,2935.5398230088495,203959.94047374828,1,6,0.41616039722491244,true
modules/core/src/main/java/org/apache/synapse/endpoints/RecipientListEndpoint.java,226.0,16.0,74.0,17.0,79.0,47.0,25.0,hiranya@13f79535-47bb-0310-9956-ffa450edef68,1,0.0035971223021582736,50.0,25.0,25.0,50.0,2935.5398230088495,203959.94047374828,1,0,0.41616039722491244,false
modules/core/src/main/java/org/apache/synapse/endpoints/ResolvingEndpoint.java,44.0,8.0,0.0,4.0,14.0,11.0,2.0,rajikak@13f79535-47bb-0310-9956-ffa450edef68,1,0.0035971223021582736,67.0,0.0,67.0,0.0,4.0,5.964711464798957,1,0,3.8501476017100584,false
modules/core/src/main/java/org/apache/synapse/endpoints/ServiceDynamicLoadbalanceEndpoint.java,167.0,23.0,3.0,6.0,39.0,19.0,6.0,azeez@13f79535-47bb-0310-9956-ffa450edef68,1,0.0035971223021582736,100.0,100.0,0.0,0.0,18.0,40.38089556301239,1,0,2.463853240590168,false
modules/core/src/main/java/org/apache/synapse/endpoints/TemplateEndpoint.java,90.0,9.0,21.0,11.0,30.0,27.0,26.0,hiranya@13f79535-47bb-0310-9956-ffa450edef68,1,0.0035971223021582736,29.0,14.0,14.0,29.0,2935.5398230088495,203959.94047374828,1,1,0.41616039722491244,false
modules/core/src/main/java/org/apache/synapse/endpoints/algorithms/AlgorithmContext.java,87.0,6.0,0.0,6.0,6.0,20.0,47.0,indika@13f79535-47bb-0310-9956-ffa450edef68,1,0.0035971223021582736,8.0,8.0,8.0,8.0,2935.5398230088495,203959.94047374828,1,1,0.41616039722491244,true
modules/core/src/main/java/org/apache/synapse/endpoints/algorithms/LoadbalanceAlgorithm.java,44.0,4.0,28.0,8.0,0.0,12.0,47.0,ruwan@13f79535-47bb-0310-9956-ffa450edef68,1,0.0035971223021582736,11.0,11.0,11.0,11.0,2935.5398230088495,203959.94047374828,1,2,0.41616039722491244,true
modules/core/src/main/java/org/apache/synapse/endpoints/algorithms/RoundRobin.java,102.0,8.0,35.0,10.0,17.0,22.0,47.0,ruwan@13f79535-47bb-0310-9956-ffa450edef68,1,0.0035971223021582736,6.0,6.0,6.0,6.0,2935.5398230088495,203959.94047374828,1,2,0.41616039722491244,true
modules/core/src/main/java/org/apache/synapse/endpoints/algorithms/WeightedRRLCAlgorithm.java,336.0,17.0,123.0,18.0,32.0,43.0,47.0,supun@13f79535-47bb-0310-9956-ffa450edef68,1,0.0035971223021582736,20.0,20.0,20.0,20.0,2935.5398230088495,203959.94047374828,1,0,0.41616039722491244,false
modules/core/src/main/java/org/apache/synapse/endpoints/algorithms/WeightedRoundRobin.java,262.0,17.0,55.0,14.0,33.0,37.0,47.0,hiranya@13f79535-47bb-0310-9956-ffa450edef68,1,0.0035971223021582736,17.0,17.0,17.0,17.0,2935.5398230088495,203959.94047374828,1,1,0.41616039722491244,false
modules/core/src/main/java/org/apache/synapse/endpoints/algorithms/WeightedRoundRobinView.java,12.0,0.0,0.0,3.0,2.0,4.0,47.0,hiranya@13f79535-47bb-0310-9956-ffa450edef68,1,0.0035971223021582736,33.0,33.0,33.0,33.0,2935.5398230088495,203959.94047374828,1,0,0.41616039722491244,false
modules/core/src/main/java/org/apache/synapse/endpoints/algorithms/WeightedRoundRobinViewMBean.java,4.0,0.0,1.0,2.0,0.0,2.0,47.0,hiranya@13f79535-47bb-0310-9956-ffa450edef68,1,0.0035971223021582736,33.0,33.0,33.0,33.0,2935.5398230088495,203959.94047374828,1,0,0.41616039722491244,false
modules/core/src/main/java/org/apache/synapse/endpoints/dispatch/AbstractDispatcher.java,105.0,9.0,22.0,8.0,24.0,26.0,47.0,hiranya@13f79535-47bb-0310-9956-ffa450edef68,1,0.0035971223021582736,20.0,20.0,20.0,20.0,2935.5398230088495,203959.94047374828,1,1,0.41616039722491244,true
modules/core/src/main/java/org/apache/synapse/endpoints/dispatch/HttpSessionDispatcher.java,147.0,6.0,22.0,8.0,38.0,26.0,47.0,null,1,0.0035971223021582736,12.0,12.0,12.0,12.0,2935.5398230088495,203959.94047374828,1,2,0.41616039722491244,true
modules/core/src/main/java/org/apache/synapse/endpoints/dispatch/SALSessions.java,319.0,13.0,98.0,20.0,72.0,60.0,47.0,indika@13f79535-47bb-0310-9956-ffa450edef68,1,0.0035971223021582736,11.0,11.0,11.0,11.0,2935.5398230088495,203959.94047374828,1,2,0.41616039722491244,true
modules/core/src/main/java/org/apache/synapse/mediators/Value.java,108.0,11.0,5.0,10.0,14.0,27.0,0.0,supun@13f79535-47bb-0310-9956-ffa450edef68,0,0.0,0.0,0.0,0.0,0.0,0.0,0.0,0,2,0.0,false
modules/core/src/main/java/org/apache/synapse/mediators/builtin/CacheMediator.java,328.0,29.0,255.0,27.0,81.0,62.0,5.0,null,1,0.0035971223021582736,5.0,0.0,5.0,0.0,2935.5398230088495,203959.94047374828,1,4,0.41616039722491244,true
modules/core/src/main/java/org/apache/synapse/mediators/db/AbstractDBMediator.java,397.0,20.0,149.0,22.0,84.0,61.0,7.0,indika@13f79535-47bb-0310-9956-ffa450edef68,1,0.0035971223021582736,4.0,0.0,4.0,0.0,2935.5398230088495,203959.94047374828,1,6,0.41616039722491244,false
modules/core/src/main/java/org/apache/synapse/mediators/eip/splitter/CloneMediator.java,119.0,16.0,34.0,13.0,30.0,30.0,7.0,null,1,0.0035971223021582736,7.0,0.0,7.0,0.0,2935.5398230088495,203959.94047374828,1,5,0.41616039722491244,true
modules/core/src/main/java/org/apache/synapse/mediators/elementary/EnrichMediator.java,48.0,6.0,0.0,5.0,9.0,12.0,7.0,hiranya@13f79535-47bb-0310-9956-ffa450edef68,1,0.0035971223021582736,33.0,0.0,33.0,0.0,2935.5398230088495,203959.94047374828,1,0,0.41616039722491244,false
modules/core/src/main/java/org/apache/synapse/mediators/elementary/Source.java,52.0,11.0,79.0,14.0,3.0,22.0,7.0,null,1,0.0035971223021582736,10.0,0.0,10.0,0.0,2935.5398230088495,203959.94047374828,1,3,0.41616039722491244,false
modules/core/src/main/java/org/apache/synapse/mediators/store/MessageStoreMediator.java,80.0,8.0,14.0,8.0,16.0,17.0,4.0,charith@13f79535-47bb-0310-9956-ffa450edef68,2,0.007194244604316547,38.0,0.0,12.0,0.0,3055.5398230088495,204050.3633231697,2,0,0.6188783864670966,false
modules/core/src/main/java/org/apache/synapse/mediators/template/InvokeMediator.java,60.0,9.0,0.0,7.0,19.0,14.0,12.0,hiranya@13f79535-47bb-0310-9956-ffa450edef68,1,0.0035971223021582736,33.0,0.0,17.0,17.0,2935.5398230088495,203959.94047374828,1,1,0.41616039722491244,false
modules/core/src/main/java/org/apache/synapse/mediators/transform/PayloadFactoryMediator.java,93.0,12.0,9.0,7.0,27.0,20.0,5.0,sadeep@13f79535-47bb-0310-9956-ffa450edef68,1,0.0035971223021582736,25.0,25.0,0.0,0.0,2935.5398230088495,203959.94047374828,1,0,0.41616039722491244,false
modules/core/src/main/java/org/apache/synapse/mediators/transform/XSLTMediator.java,428.0,21.0,116.0,21.0,88.0,60.0,0.0,veithen@13f79535-47bb-0310-9956-ffa450edef68,0,0.0,0.0,0.0,0.0,0.0,0.0,0.0,0,16,0.0,false
modules/core/src/main/java/org/apache/synapse/message/processors/ScheduledMessageProcessor.java,131.0,9.0,5.0,7.0,29.0,25.0,3.0,hiranya@13f79535-47bb-0310-9956-ffa450edef68,1,0.0035971223021582736,25.0,0.0,12.0,0.0,2935.5398230088495,203959.94047374828,1,1,0.41616039722491244,false
modules/core/src/main/java/org/apache/synapse/message/processors/forward/BlockingMessageSender.java,127.0,26.0,7.0,7.0,46.0,21.0,4.0,hiranya@13f79535-47bb-0310-9956-ffa450edef68,2,0.007194244604316547,50.0,0.0,33.0,0.0,3055.5398230088495,204050.3633231697,2,2,0.6188783864670966,false
modules/core/src/main/java/org/apache/synapse/message/processors/forward/ForwardingJob.java,149.0,17.0,3.0,3.0,32.0,17.0,7.0,hiranya@13f79535-47bb-0310-9956-ffa450edef68,2,0.007194244604316547,30.0,0.0,20.0,10.0,3055.5398230088495,204050.3633231697,2,3,0.6188783864670966,false
modules/core/src/main/java/org/apache/synapse/message/processors/forward/MessageForwardingProcessorView.java,158.0,17.0,0.0,12.0,38.0,47.0,10.0,hiranya@13f79535-47bb-0310-9956-ffa450edef68,2,0.007194244604316547,50.0,0.0,25.0,25.0,3055.5398230088495,204050.3633231697,2,0,0.9818614529704627,false
modules/core/src/main/java/org/apache/synapse/message/processors/forward/ScheduledMessageForwardingProcessor.java,86.0,9.0,57.0,14.0,21.0,28.0,3.0,hiranya@13f79535-47bb-0310-9956-ffa450edef68,1,0.0035971223021582736,25.0,0.0,12.0,0.0,2935.5398230088495,203959.94047374828,1,1,0.41616039722491244,false
modules/core/src/main/java/org/apache/synapse/message/processors/sampler/SamplingProcessorView.java,12.0,0.0,6.0,4.0,0.0,4.0,6.0,hiranya@13f79535-47bb-0310-9956-ffa450edef68,1,0.0035971223021582736,50.0,0.0,0.0,0.0,2935.5398230088495,203959.94047374828,1,0,0.41616039722491244,false
modules/core/src/main/java/org/apache/synapse/message/processors/sampler/SamplingProcessorViewMBean.java,18.0,0.0,3.0,3.0,0.0,4.0,41.0,hiranya@13f79535-47bb-0310-9956-ffa450edef68,1,0.0035971223021582736,50.0,0.0,0.0,0.0,2935.5398230088495,203959.94047374828,1,0,0.41616039722491244,false
modules/core/src/main/java/org/apache/synapse/message/store/InMemoryMessageStore.java,116.0,7.0,0.0,10.0,40.0,31.0,4.0,charith@13f79535-47bb-0310-9956-ffa450edef68,1,0.0035971223021582736,10.0,0.0,10.0,0.0,2935.5398230088495,203959.94047374828,1,0,0.41616039722491244,false
modules/core/src/main/java/org/apache/synapse/rest/API.java,236.0,10.0,150.0,21.0,72.0,58.0,41.0,uswick@13f79535-47bb-0310-9956-ffa450edef68,1,0.0035971223021582736,12.0,0.0,0.0,0.0,2935.5398230088495,203959.94047374828,1,0,0.41616039722491244,false
modules/core/src/main/java/org/apache/synapse/rest/AbstractRESTProcessor.java,29.0,4.0,8.0,5.0,2.0,10.0,41.0,hiranya@13f79535-47bb-0310-9956-ffa450edef68,1,0.0035971223021582736,100.0,0.0,0.0,0.0,2935.5398230088495,203959.94047374828,1,0,0.41616039722491244,false
modules/core/src/main/java/org/apache/synapse/rest/Handler.java,4.0,1.0,1.0,2.0,0.0,2.0,41.0,hiranya@13f79535-47bb-0310-9956-ffa450edef68,1,0.0035971223021582736,100.0,0.0,0.0,0.0,2935.5398230088495,203959.94047374828,1,0,0.41616039722491244,false
modules/core/src/main/java/org/apache/synapse/rest/RESTConstants.java,20.0,0.0,0.0,0.0,0.0,0.0,41.0,hiranya@13f79535-47bb-0310-9956-ffa450edef68,1,0.0035971223021582736,20.0,0.0,0.0,0.0,2935.5398230088495,203959.94047374828,1,0,0.41616039722491244,false
modules/core/src/main/java/org/apache/synapse/rest/RESTRequestHandler.java,46.0,6.0,0.0,2.0,17.0,11.0,41.0,hiranya@13f79535-47bb-0310-9956-ffa450edef68,1,0.0035971223021582736,100.0,0.0,0.0,0.0,2935.5398230088495,203959.94047374828,1,0,0.41616039722491244,false
modules/core/src/main/java/org/apache/synapse/rest/RESTUtils.java,55.0,15.0,15.0,6.0,14.0,17.0,41.0,hiranya@13f79535-47bb-0310-9956-ffa450edef68,1,0.0035971223021582736,100.0,0.0,0.0,0.0,2935.5398230088495,203959.94047374828,1,0,0.41616039722491244,false
modules/core/src/main/java/org/apache/synapse/rest/Resource.java,313.0,20.0,355.0,31.0,62.0,72.0,23.0,hiranya@13f79535-47bb-0310-9956-ffa450edef68,1,0.0035971223021582736,100.0,0.0,0.0,0.0,2935.5398230088495,203959.94047374828,1,0,0.41616039722491244,false
modules/core/src/main/java/org/apache/synapse/rest/dispatch/DefaultDispatcher.java,10.0,4.0,0.0,1.0,1.0,4.0,41.0,hiranya@13f79535-47bb-0310-9956-ffa450edef68,1,0.0035971223021582736,100.0,0.0,0.0,0.0,2935.5398230088495,203959.94047374828,1,0,0.41616039722491244,false
modules/core/src/main/java/org/apache/synapse/rest/dispatch/DispatcherHelper.java,3.0,0.0,0.0,1.0,0.0,1.0,41.0,hiranya@13f79535-47bb-0310-9956-ffa450edef68,1,0.0035971223021582736,100.0,0.0,0.0,0.0,2935.5398230088495,203959.94047374828,1,0,0.41616039722491244,false
modules/core/src/main/java/org/apache/synapse/rest/dispatch/RESTDispatcher.java,12.0,3.0,0.0,1.0,0.0,3.0,41.0,hiranya@13f79535-47bb-0310-9956-ffa450edef68,1,0.0035971223021582736,100.0,0.0,0.0,0.0,2935.5398230088495,203959.94047374828,1,0,0.41616039722491244,false
modules/core/src/main/java/org/apache/synapse/rest/dispatch/URITemplateBasedDispatcher.java,19.0,5.0,0.0,1.0,8.0,4.0,41.0,hiranya@13f79535-47bb-0310-9956-ffa450edef68,1,0.0035971223021582736,100.0,0.0,0.0,0.0,2935.5398230088495,203959.94047374828,1,0,0.41616039722491244,false
modules/core/src/main/java/org/apache/synapse/rest/dispatch/URITemplateHelper.java,19.0,3.0,0.0,3.0,0.0,8.0,41.0,hiranya@13f79535-47bb-0310-9956-ffa450edef68,1,0.0035971223021582736,100.0,0.0,0.0,0.0,2935.5398230088495,203959.94047374828,1,0,0.41616039722491244,false
modules/core/src/main/java/org/apache/synapse/rest/dispatch/URLMappingBasedDispatcher.java,51.0,5.0,0.0,1.0,10.0,4.0,41.0,hiranya@13f79535-47bb-0310-9956-ffa450edef68,1,0.0035971223021582736,100.0,0.0,0.0,0.0,2935.5398230088495,203959.94047374828,1,0,0.41616039722491244,false
modules/core/src/main/java/org/apache/synapse/rest/dispatch/URLMappingHelper.java,74.0,1.0,0.0,5.0,13.0,22.0,20.0,hiranya@13f79535-47bb-0310-9956-ffa450edef68,1,0.0035971223021582736,60.0,0.0,20.0,20.0,2935.5398230088495,203959.94047374828,1,0,0.41616039722491244,false
modules/core/src/main/java/org/apache/synapse/util/MessageHelper.java,345.0,21.0,89.0,14.0,197.0,68.0,24.0,ruwan@13f79535-47bb-0310-9956-ffa450edef68,1,0.0035971223021582736,7.0,3.0,3.0,3.0,2935.5398230088495,203959.94047374828,1,13,0.41616039722491244,false
modules/core/src/test/java/org/apache/synapse/TestMessageContextBuilder.java,115.0,23.0,33.0,11.0,29.0,31.0,5.0,veithen@13f79535-47bb-0310-9956-ffa450edef68,1,0.0035971223021582736,20.0,20.0,20.0,0.0,4.0,5.6062775850787645,1,1,3.8501476017100584,false
modules/core/src/test/java/org/apache/synapse/config/xml/LogMediatorSerializationTest.java,71.0,6.0,24.0,9.0,16.0,18.0,47.0,hiranya@13f79535-47bb-0310-9956-ffa450edef68,1,0.0035971223021582736,20.0,20.0,20.0,20.0,2935.5398230088495,203959.94047374828,1,1,0.41616039722491244,false
modules/core/src/test/java/org/apache/synapse/config/xml/rest/APISerializationTest.java,37.0,4.0,10.0,5.0,25.0,10.0,41.0,hiranya@13f79535-47bb-0310-9956-ffa450edef68,1,0.0035971223021582736,33.0,0.0,0.0,0.0,2935.5398230088495,203959.94047374828,1,0,0.41616039722491244,false
modules/core/src/test/java/org/apache/synapse/core/axis2/SOAPConversionTest.java,41.0,8.0,15.0,6.0,35.0,11.0,6.0,hiranya@13f79535-47bb-0310-9956-ffa450edef68,1,0.0035971223021582736,33.0,0.0,0.0,0.0,2935.5398230088495,203959.94047374828,1,1,0.41616039722491244,false
modules/core/src/test/java/org/apache/synapse/mediators/builtin/ValidateMediatorTest.java,190.0,16.0,145.0,18.0,98.0,44.0,5.0,ruwan@13f79535-47bb-0310-9956-ffa450edef68,1,0.0035971223021582736,8.0,8.0,8.0,0.0,4.0,5.6062775850787645,1,5,3.8501476017100584,false
modules/core/src/test/java/org/apache/synapse/rest/APIDispatcherTest.java,113.0,3.0,0.0,5.0,35.0,10.0,41.0,uswick@13f79535-47bb-0310-9956-ffa450edef68,1,0.0035971223021582736,33.0,0.0,0.0,0.0,2935.5398230088495,203959.94047374828,1,0,0.41616039722491244,false
modules/core/src/test/java/org/apache/synapse/rest/RESTMediationTestCase.java,35.0,10.0,3.0,3.0,11.0,10.0,41.0,hiranya@13f79535-47bb-0310-9956-ffa450edef68,1,0.0035971223021582736,100.0,0.0,0.0,0.0,2935.5398230088495,203959.94047374828,1,0,0.41616039722491244,false
modules/core/src/test/java/org/apache/synapse/rest/ResourceTest.java,49.0,11.0,1.0,2.0,29.0,4.0,41.0,hiranya@13f79535-47bb-0310-9956-ffa450edef68,1,0.0035971223021582736,100.0,0.0,0.0,0.0,2935.5398230088495,203959.94047374828,1,0,0.41616039722491244,false
modules/core/src/test/java/org/apache/synapse/rest/URITemplateBasedDispatcherTest.java,107.0,3.0,0.0,4.0,43.0,8.0,41.0,hiranya@13f79535-47bb-0310-9956-ffa450edef68,1,0.0035971223021582736,100.0,0.0,0.0,0.0,2935.5398230088495,203959.94047374828,1,0,0.41616039722491244,false
modules/core/src/test/java/org/apache/synapse/rest/URLMappingBasedDispatcherTest.java,155.0,3.0,0.0,6.0,67.0,12.0,21.0,hiranya@13f79535-47bb-0310-9956-ffa450edef68,1,0.0035971223021582736,67.0,0.0,33.0,0.0,2935.5398230088495,203959.94047374828,1,0,0.41616039722491244,false
modules/extensions/src/main/java/org/apache/synapse/mediators/bsf/ScriptMediator.java,316.0,19.0,3.0,15.0,47.0,54.0,5.0,null,1,0.0035971223021582736,7.0,0.0,7.0,0.0,2935.5398230088495,203959.94047374828,1,4,0.41616039722491244,false
modules/extensions/src/main/java/org/apache/synapse/mediators/throttle/ThrottleMediator.java,369.0,16.0,112.0,20.0,51.0,46.0,5.0,null,1,0.0035971223021582736,12.0,0.0,6.0,0.0,2935.5398230088495,203959.94047374828,1,0,0.41616039722491244,false
modules/integration/src/test/java/org/apache/synapse/samples/framework/Axis2BackEndServerController.java,121.0,10.0,0.0,4.0,7.0,13.0,30.0,hiranya@13f79535-47bb-0310-9956-ffa450edef68,1,0.0035971223021582736,50.0,33.0,0.0,17.0,2935.5398230088495,203959.94047374828,1,0,0.41616039722491244,false
modules/integration/src/test/java/org/apache/synapse/samples/framework/BackEndServerController.java,8.0,0.0,3.0,3.0,0.0,3.0,67.0,hiranya@13f79535-47bb-0310-9956-ffa450edef68,1,0.0035971223021582736,50.0,50.0,0.0,0.0,2935.5398230088495,203959.94047374828,1,0,0.41616039722491244,false
modules/integration/src/test/java/org/apache/synapse/samples/framework/DerbyServerController.java,73.0,11.0,0.0,4.0,20.0,13.0,30.0,hiranya@13f79535-47bb-0310-9956-ffa450edef68,1,0.0035971223021582736,75.0,25.0,0.0,25.0,2935.5398230088495,203959.94047374828,1,0,0.41616039722491244,false
modules/integration/src/test/java/org/apache/synapse/samples/framework/JMSBrokerController.java,41.0,4.0,0.0,4.0,8.0,10.0,43.0,hiranya@13f79535-47bb-0310-9956-ffa450edef68,1,0.0035971223021582736,67.0,33.0,0.0,33.0,2935.5398230088495,203959.94047374828,1,0,0.41616039722491244,false
modules/integration/src/test/java/org/apache/synapse/samples/framework/ProcessController.java,7.0,0.0,1.0,2.0,0.0,2.0,67.0,hiranya@13f79535-47bb-0310-9956-ffa450edef68,1,0.0035971223021582736,50.0,50.0,0.0,0.0,2935.5398230088495,203959.94047374828,1,0,0.41616039722491244,false
modules/integration/src/test/java/org/apache/synapse/samples/framework/SampleClientResult.java,26.0,2.0,9.0,6.0,4.0,9.0,39.0,hiranya@13f79535-47bb-0310-9956-ffa450edef68,1,0.0035971223021582736,100.0,33.0,33.0,67.0,2935.5398230088495,203959.94047374828,1,0,0.41616039722491244,false
modules/integration/src/test/java/org/apache/synapse/samples/framework/SampleConfigConstants.java,36.0,0.0,0.0,0.0,0.0,0.0,67.0,hiranya@13f79535-47bb-0310-9956-ffa450edef68,1,0.0035971223021582736,33.0,33.0,0.0,0.0,2935.5398230088495,203959.94047374828,1,0,0.41616039722491244,false
modules/integration/src/test/java/org/apache/synapse/samples/framework/SynapseProcessController.java,87.0,6.0,0.0,3.0,19.0,12.0,43.0,hiranya@13f79535-47bb-0310-9956-ffa450edef68,1,0.0035971223021582736,67.0,33.0,0.0,33.0,2935.5398230088495,203959.94047374828,1,0,0.41616039722491244,false
modules/integration/src/test/java/org/apache/synapse/samples/framework/SynapseTestCase.java,357.0,18.0,0.0,16.0,119.0,56.0,23.0,hiranya@13f79535-47bb-0310-9956-ffa450edef68,1,0.0035971223021582736,55.0,18.0,9.0,27.0,2935.5398230088495,203959.94047374828,1,0,0.41616039722491244,false
modules/integration/src/test/java/org/apache/synapse/samples/framework/SynapseTestUtils.java,43.0,6.0,1.0,2.0,15.0,11.0,36.0,hiranya@13f79535-47bb-0310-9956-ffa450edef68,1,0.0035971223021582736,40.0,40.0,0.0,0.0,2935.5398230088495,203959.94047374828,1,0,0.41616039722491244,false
modules/integration/src/test/java/org/apache/synapse/samples/framework/TestSamplesHandlerSuite.java,147.0,10.0,0.0,2.0,11.0,6.0,25.0,hiranya@13f79535-47bb-0310-9956-ffa450edef68,1,0.0035971223021582736,28.0,16.0,8.0,4.0,2935.5398230088495,203959.94047374828,1,0,0.41616039722491244,false
modules/integration/src/test/java/org/apache/synapse/samples/framework/clients/EventSampleClient.java,188.0,16.0,0.0,8.0,86.0,27.0,39.0,hiranya@13f79535-47bb-0310-9956-ffa450edef68,1,0.0035971223021582736,100.0,33.0,33.0,67.0,2935.5398230088495,203959.94047374828,1,0,0.41616039722491244,false
modules/integration/src/test/java/org/apache/synapse/samples/framework/clients/JMSSampleClient.java,60.0,7.0,9.0,7.0,19.0,19.0,67.0,hiranya@13f79535-47bb-0310-9956-ffa450edef68,1,0.0035971223021582736,50.0,50.0,0.0,0.0,2935.5398230088495,203959.94047374828,1,0,0.41616039722491244,false
modules/integration/src/test/java/org/apache/synapse/samples/framework/clients/MTOMSwASampleClient.java,104.0,25.0,0.0,3.0,62.0,10.0,39.0,hiranya@13f79535-47bb-0310-9956-ffa450edef68,1,0.0035971223021582736,100.0,33.0,33.0,67.0,2935.5398230088495,203959.94047374828,1,0,0.41616039722491244,false
modules/integration/src/test/java/org/apache/synapse/samples/framework/clients/StockQuoteCallback.java,24.0,4.0,0.0,5.0,12.0,5.0,67.0,hiranya@13f79535-47bb-0310-9956-ffa450edef68,1,0.0035971223021582736,100.0,100.0,0.0,0.0,2935.5398230088495,203959.94047374828,1,0,0.41616039722491244,false
modules/integration/src/test/java/org/apache/synapse/samples/framework/clients/StockQuoteHandler.java,198.0,8.0,45.0,10.0,53.0,41.0,67.0,hiranya@13f79535-47bb-0310-9956-ffa450edef68,1,0.0035971223021582736,50.0,50.0,0.0,0.0,2935.5398230088495,203959.94047374828,1,0,0.41616039722491244,false
modules/integration/src/test/java/org/apache/synapse/samples/framework/clients/StockQuoteSampleClient.java,327.0,30.0,104.0,20.0,141.0,62.0,39.0,hiranya@13f79535-47bb-0310-9956-ffa450edef68,1,0.0035971223021582736,33.0,11.0,11.0,22.0,2935.5398230088495,203959.94047374828,1,0,0.41616039722491244,false
modules/integration/src/test/java/org/apache/synapse/samples/framework/config/Axis2ClientConfiguration.java,23.0,0.0,9.0,6.0,0.0,9.0,30.0,hiranya@13f79535-47bb-0310-9956-ffa450edef68,1,0.0035971223021582736,100.0,0.0,0.0,50.0,2935.5398230088495,203959.94047374828,1,0,0.41616039722491244,false
modules/integration/src/test/java/org/apache/synapse/samples/framework/config/Axis2ServerConfiguration.java,44.0,0.0,54.0,12.0,0.0,18.0,30.0,hiranya@13f79535-47bb-0310-9956-ffa450edef68,1,0.0035971223021582736,50.0,0.0,0.0,25.0,2935.5398230088495,203959.94047374828,1,0,0.41616039722491244,false
modules/integration/src/test/java/org/apache/synapse/samples/framework/config/DerbyConfiguration.java,9.0,0.0,0.0,2.0,0.0,3.0,30.0,hiranya@13f79535-47bb-0310-9956-ffa450edef68,1,0.0035971223021582736,67.0,0.0,0.0,33.0,2935.5398230088495,203959.94047374828,1,0,0.41616039722491244,false
modules/integration/src/test/java/org/apache/synapse/samples/framework/config/JMSBrokerConfiguration.java,23.0,0.0,9.0,6.0,0.0,9.0,30.0,hiranya@13f79535-47bb-0310-9956-ffa450edef68,1,0.0035971223021582736,67.0,0.0,0.0,33.0,2935.5398230088495,203959.94047374828,1,0,0.41616039722491244,false
modules/integration/src/test/java/org/apache/synapse/samples/framework/config/SampleConfiguration.java,57.0,2.0,55.0,15.0,8.0,23.0,37.0,hiranya@13f79535-47bb-0310-9956-ffa450edef68,1,0.0035971223021582736,67.0,0.0,0.0,33.0,2935.5398230088495,203959.94047374828,1,0,0.41616039722491244,false
modules/integration/src/test/java/org/apache/synapse/samples/framework/config/SynapseServerConfiguration.java,44.0,0.0,54.0,12.0,0.0,18.0,30.0,hiranya@13f79535-47bb-0310-9956-ffa450edef68,1,0.0035971223021582736,67.0,0.0,0.0,33.0,2935.5398230088495,203959.94047374828,1,0,0.41616039722491244,false
modules/integration/src/test/java/org/apache/synapse/samples/framework/tests/endpoint/Sample50.java,14.0,5.0,0.0,2.0,4.0,2.0,20.0,hiranya@13f79535-47bb-0310-9956-ffa450edef68,1,0.0035971223021582736,60.0,0.0,20.0,20.0,2935.5398230088495,203959.94047374828,1,0,0.41616039722491244,false
modules/integration/src/test/java/org/apache/synapse/samples/framework/tests/endpoint/Sample51.java,24.0,7.0,0.0,3.0,11.0,5.0,20.0,hiranya@13f79535-47bb-0310-9956-ffa450edef68,1,0.0035971223021582736,60.0,0.0,20.0,20.0,2935.5398230088495,203959.94047374828,1,0,0.41616039722491244,false
modules/integration/src/test/java/org/apache/synapse/samples/framework/tests/endpoint/Sample52.java,14.0,5.0,0.0,2.0,4.0,2.0,20.0,hiranya@13f79535-47bb-0310-9956-ffa450edef68,1,0.0035971223021582736,60.0,0.0,20.0,20.0,2935.5398230088495,203959.94047374828,1,0,0.41616039722491244,false
modules/integration/src/test/java/org/apache/synapse/samples/framework/tests/endpoint/Sample53.java,78.0,6.0,0.0,5.0,18.0,6.0,16.0,hiranya@13f79535-47bb-0310-9956-ffa450edef68,1,0.0035971223021582736,57.0,0.0,14.0,29.0,2935.5398230088495,203959.94047374828,1,0,0.41616039722491244,true
modules/integration/src/test/java/org/apache/synapse/samples/framework/tests/endpoint/Sample54.java,14.0,5.0,0.0,2.0,4.0,2.0,22.0,hiranya@13f79535-47bb-0310-9956-ffa450edef68,1,0.0035971223021582736,50.0,0.0,25.0,25.0,2935.5398230088495,203959.94047374828,1,0,0.41616039722491244,false
modules/integration/src/test/java/org/apache/synapse/samples/framework/tests/endpoint/Sample55.java,32.0,5.0,0.0,3.0,12.0,4.0,21.0,hiranya@13f79535-47bb-0310-9956-ffa450edef68,1,0.0035971223021582736,60.0,0.0,20.0,40.0,2935.5398230088495,203959.94047374828,1,0,0.41616039722491244,false
modules/integration/src/test/java/org/apache/synapse/samples/framework/tests/endpoint/Sample56.java,14.0,5.0,0.0,2.0,4.0,2.0,20.0,hiranya@13f79535-47bb-0310-9956-ffa450edef68,1,0.0035971223021582736,60.0,0.0,20.0,20.0,2935.5398230088495,203959.94047374828,1,0,0.41616039722491244,false
modules/integration/src/test/java/org/apache/synapse/samples/framework/tests/endpoint/Sample57.java,31.0,5.0,0.0,3.0,8.0,4.0,17.0,hiranya@13f79535-47bb-0310-9956-ffa450edef68,1,0.0035971223021582736,67.0,17.0,17.0,33.0,2935.5398230088495,203959.94047374828,1,0,0.41616039722491244,false
modules/integration/src/test/java/org/apache/synapse/samples/framework/tests/endpoint/Sample58.java,29.0,5.0,0.0,3.0,8.0,4.0,22.0,hiranya@13f79535-47bb-0310-9956-ffa450edef68,1,0.0035971223021582736,50.0,0.0,25.0,25.0,2935.5398230088495,203959.94047374828,1,0,0.41616039722491244,false
modules/integration/src/test/java/org/apache/synapse/samples/framework/tests/endpoint/Sample59.java,14.0,5.0,0.0,2.0,4.0,2.0,20.0,hiranya@13f79535-47bb-0310-9956-ffa450edef68,1,0.0035971223021582736,60.0,0.0,20.0,20.0,2935.5398230088495,203959.94047374828,1,0,0.41616039722491244,false
modules/integration/src/test/java/org/apache/synapse/samples/framework/tests/message/Sample0.java,22.0,5.0,0.0,3.0,7.0,3.0,32.0,hiranya@13f79535-47bb-0310-9956-ffa450edef68,1,0.0035971223021582736,67.0,17.0,17.0,17.0,2935.5398230088495,203959.94047374828,1,0,0.41616039722491244,false
modules/integration/src/test/java/org/apache/synapse/samples/framework/tests/message/Sample1.java,14.0,5.0,0.0,2.0,4.0,2.0,38.0,hiranya@13f79535-47bb-0310-9956-ffa450edef68,1,0.0035971223021582736,60.0,20.0,20.0,20.0,2935.5398230088495,203959.94047374828,1,0,0.41616039722491244,false
modules/integration/src/test/java/org/apache/synapse/samples/framework/tests/message/Sample10.java,14.0,5.0,0.0,2.0,4.0,2.0,38.0,hiranya@13f79535-47bb-0310-9956-ffa450edef68,1,0.0035971223021582736,60.0,20.0,20.0,20.0,2935.5398230088495,203959.94047374828,1,0,0.41616039722491244,false
modules/integration/src/test/java/org/apache/synapse/samples/framework/tests/message/Sample11.java,15.0,5.0,0.0,2.0,4.0,2.0,38.0,hiranya@13f79535-47bb-0310-9956-ffa450edef68,1,0.0035971223021582736,60.0,20.0,20.0,20.0,2935.5398230088495,203959.94047374828,1,0,0.41616039722491244,false
modules/integration/src/test/java/org/apache/synapse/samples/framework/tests/message/Sample12.java,15.0,5.0,0.0,2.0,4.0,2.0,38.0,hiranya@13f79535-47bb-0310-9956-ffa450edef68,1,0.0035971223021582736,60.0,20.0,20.0,20.0,2935.5398230088495,203959.94047374828,1,0,0.41616039722491244,false
modules/integration/src/test/java/org/apache/synapse/samples/framework/tests/message/Sample13.java,15.0,5.0,0.0,2.0,4.0,2.0,38.0,hiranya@13f79535-47bb-0310-9956-ffa450edef68,1,0.0035971223021582736,60.0,20.0,20.0,20.0,2935.5398230088495,203959.94047374828,1,0,0.41616039722491244,false
modules/integration/src/test/java/org/apache/synapse/samples/framework/tests/message/Sample15.java,14.0,5.0,0.0,2.0,4.0,2.0,38.0,hiranya@13f79535-47bb-0310-9956-ffa450edef68,1,0.0035971223021582736,60.0,20.0,20.0,20.0,2935.5398230088495,203959.94047374828,1,0,0.41616039722491244,false
modules/integration/src/test/java/org/apache/synapse/samples/framework/tests/message/Sample16.java,15.0,5.0,0.0,2.0,4.0,2.0,38.0,hiranya@13f79535-47bb-0310-9956-ffa450edef68,1,0.0035971223021582736,60.0,20.0,20.0,20.0,2935.5398230088495,203959.94047374828,1,0,0.41616039722491244,false
modules/integration/src/test/java/org/apache/synapse/samples/framework/tests/message/Sample2.java,17.0,5.0,0.0,2.0,4.0,3.0,38.0,hiranya@13f79535-47bb-0310-9956-ffa450edef68,1,0.0035971223021582736,60.0,20.0,20.0,20.0,2935.5398230088495,203959.94047374828,1,0,0.41616039722491244,false
modules/integration/src/test/java/org/apache/synapse/samples/framework/tests/message/Sample3.java,15.0,5.0,0.0,2.0,4.0,2.0,38.0,hiranya@13f79535-47bb-0310-9956-ffa450edef68,1,0.0035971223021582736,60.0,20.0,20.0,20.0,2935.5398230088495,203959.94047374828,1,0,0.41616039722491244,false
modules/integration/src/test/java/org/apache/synapse/samples/framework/tests/message/Sample4.java,27.0,6.0,0.0,2.0,10.0,2.0,49.0,hiranya@13f79535-47bb-0310-9956-ffa450edef68,1,0.0035971223021582736,50.0,25.0,25.0,25.0,2935.5398230088495,203959.94047374828,1,0,0.41616039722491244,false
modules/integration/src/test/java/org/apache/synapse/samples/framework/tests/message/Sample5.java,35.0,6.0,0.0,2.0,10.0,2.0,49.0,hiranya@13f79535-47bb-0310-9956-ffa450edef68,1,0.0035971223021582736,33.0,17.0,17.0,17.0,2935.5398230088495,203959.94047374828,1,0,0.41616039722491244,false
modules/integration/src/test/java/org/apache/synapse/samples/framework/tests/message/Sample6.java,14.0,5.0,0.0,2.0,4.0,2.0,38.0,hiranya@13f79535-47bb-0310-9956-ffa450edef68,1,0.0035971223021582736,60.0,20.0,20.0,20.0,2935.5398230088495,203959.94047374828,1,0,0.41616039722491244,false
modules/integration/src/test/java/org/apache/synapse/samples/framework/tests/message/Sample7.java,21.0,6.0,0.0,2.0,10.0,2.0,49.0,hiranya@13f79535-47bb-0310-9956-ffa450edef68,1,0.0035971223021582736,40.0,20.0,20.0,20.0,2935.5398230088495,203959.94047374828,1,0,0.41616039722491244,false
modules/integration/src/test/java/org/apache/synapse/samples/framework/tests/message/Sample8.java,15.0,5.0,0.0,2.0,4.0,3.0,38.0,hiranya@13f79535-47bb-0310-9956-ffa450edef68,1,0.0035971223021582736,60.0,20.0,20.0,20.0,2935.5398230088495,203959.94047374828,1,0,0.41616039722491244,false
modules/integration/src/test/java/org/apache/synapse/samples/framework/tests/message/Sample9.java,15.0,5.0,0.0,2.0,4.0,2.0,38.0,hiranya@13f79535-47bb-0310-9956-ffa450edef68,1,0.0035971223021582736,60.0,20.0,20.0,20.0,2935.5398230088495,203959.94047374828,1,0,0.41616039722491244,false
modules/integration/src/test/java/org/apache/synapse/samples/framework/tests/proxy/Sample150.java,14.0,5.0,0.0,2.0,5.0,2.0,18.0,hiranya@13f79535-47bb-0310-9956-ffa450edef68,1,0.0035971223021582736,25.0,25.0,0.0,0.0,2935.5398230088495,203959.94047374828,1,0,0.41616039722491244,false
modules/integration/src/test/java/org/apache/synapse/samples/framework/tests/proxy/Sample151.java,17.0,5.0,0.0,2.0,5.0,2.0,18.0,hiranya@13f79535-47bb-0310-9956-ffa450edef68,1,0.0035971223021582736,33.0,33.0,0.0,0.0,2935.5398230088495,203959.94047374828,1,0,0.41616039722491244,false
modules/integration/src/test/java/org/apache/synapse/samples/framework/tests/proxy/Sample152.java,16.0,6.0,0.0,2.0,8.0,3.0,9.0,hiranya@13f79535-47bb-0310-9956-ffa450edef68,1,0.0035971223021582736,50.0,25.0,0.0,0.0,2935.5398230088495,203959.94047374828,1,0,0.41616039722491244,false
modules/integration/src/test/java/org/apache/synapse/samples/framework/tests/proxy/Sample153.java,15.0,5.0,0.0,2.0,5.0,2.0,18.0,hiranya@13f79535-47bb-0310-9956-ffa450edef68,1,0.0035971223021582736,33.0,33.0,0.0,0.0,2935.5398230088495,203959.94047374828,1,0,0.41616039722491244,false
modules/integration/src/test/java/org/apache/synapse/samples/framework/tests/proxy/Sample154.java,15.0,6.0,0.0,2.0,5.0,2.0,18.0,hiranya@13f79535-47bb-0310-9956-ffa450edef68,1,0.0035971223021582736,33.0,33.0,0.0,0.0,2935.5398230088495,203959.94047374828,1,0,0.41616039722491244,false
modules/integration/src/test/java/org/apache/synapse/samples/framework/tests/proxy/Sample155.java,14.0,5.0,0.0,2.0,5.0,2.0,18.0,hiranya@13f79535-47bb-0310-9956-ffa450edef68,1,0.0035971223021582736,20.0,20.0,0.0,0.0,2935.5398230088495,203959.94047374828,1,0,0.41616039722491244,false
modules/integration/src/test/java/org/apache/synapse/samples/framework/tests/proxy/Sample156.java,14.0,5.0,0.0,2.0,5.0,3.0,18.0,hiranya@13f79535-47bb-0310-9956-ffa450edef68,1,0.0035971223021582736,33.0,33.0,0.0,0.0,2935.5398230088495,203959.94047374828,1,0,0.41616039722491244,false
modules/integration/src/test/java/org/apache/synapse/samples/framework/tests/proxy/Sample157.java,87.0,13.0,0.0,2.0,13.0,4.0,18.0,hiranya@13f79535-47bb-0310-9956-ffa450edef68,1,0.0035971223021582736,33.0,33.0,0.0,0.0,2935.5398230088495,203959.94047374828,1,0,0.41616039722491244,false
modules/integration/src/test/java/org/apache/synapse/samples/framework/tests/qos/Sample100.java,15.0,5.0,0.0,2.0,5.0,3.0,6.0,hiranya@13f79535-47bb-0310-9956-ffa450edef68,1,0.0035971223021582736,33.0,33.0,0.0,0.0,2935.5398230088495,203959.94047374828,1,0,0.41616039722491244,false
modules/integration/src/test/java/org/apache/synapse/samples/framework/tests/qos/Sample101.java,15.0,5.0,0.0,2.0,5.0,2.0,6.0,hiranya@13f79535-47bb-0310-9956-ffa450edef68,1,0.0035971223021582736,33.0,33.0,0.0,0.0,2935.5398230088495,203959.94047374828,1,0,0.41616039722491244,false
modules/patches/src/main/java/org/apache/commons/vfs2/provider/AbstractFileName.java,361.0,5.0,378.0,29.0,72.0,98.0,6.0,kasun@13f79535-47bb-0310-9956-ffa450edef68,1,0.0035971223021582736,100.0,100.0,0.0,0.0,135.0,80.39355521367841,1,0,2.751535313041949,false
modules/patches/src/main/java/org/apache/commons/vfs2/provider/ftp/FtpFileNameParser.java,27.0,4.0,3.0,3.0,14.0,8.0,6.0,kasun@13f79535-47bb-0310-9956-ffa450edef68,1,0.0035971223021582736,100.0,100.0,0.0,0.0,135.0,80.39355521367841,1,0,2.751535313041949,false
modules/patches/src/main/java/org/apache/commons/vfs2/provider/ftp/FtpFileProvider.java,48.0,13.0,6.0,4.0,9.0,11.0,6.0,kasun@13f79535-47bb-0310-9956-ffa450edef68,1,0.0035971223021582736,100.0,100.0,0.0,0.0,135.0,80.39355521367841,1,0,2.751535313041949,false
modules/tasks/src/main/java/org/apache/synapse/task/TaskScheduler.java,288.0,6.0,0.0,16.0,55.0,61.0,1.0,indika@13f79535-47bb-0310-9956-ffa450edef68,1,0.0035971223021582736,7.0,0.0,0.0,0.0,120.0,90.42284942141902,1,3,2.9338568698359033,false
modules/transports/core/nhttp/src/main/java/org/apache/synapse/transport/nhttp/Access.java,654.0,14.0,313.0,26.0,38.0,61.0,13.0,hiranya@13f79535-47bb-0310-9956-ffa450edef68,1,0.0035971223021582736,67.0,0.0,33.0,33.0,2935.5398230088495,203959.94047374828,1,0,0.41616039722491244,false
modules/transports/core/nhttp/src/main/java/org/apache/synapse/transport/nhttp/AccessConstants.java,29.0,0.0,0.0,0.0,0.0,0.0,10.0,hiranya@13f79535-47bb-0310-9956-ffa450edef68,1,0.0035971223021582736,100.0,0.0,67.0,33.0,2935.5398230088495,203959.94047374828,1,0,0.41616039722491244,false
modules/transports/core/nhttp/src/main/java/org/apache/synapse/transport/nhttp/AccessHandler.java,12.0,2.0,0.0,1.0,0.0,2.0,9.0,hiranya@13f79535-47bb-0310-9956-ffa450edef68,1,0.0035971223021582736,100.0,0.0,100.0,0.0,2935.5398230088495,203959.94047374828,1,0,0.41616039722491244,false
modules/transports/core/nhttp/src/main/java/org/apache/synapse/transport/nhttp/AccessLogger.java,148.0,9.0,0.0,6.0,21.0,19.0,9.0,hiranya@13f79535-47bb-0310-9956-ffa450edef68,1,0.0035971223021582736,50.0,0.0,50.0,0.0,2935.5398230088495,203959.94047374828,1,0,0.41616039722491244,false
modules/transports/core/nhttp/src/main/java/org/apache/synapse/transport/nhttp/Axis2HttpRequest.java,291.0,27.0,120.0,21.0,62.0,54.0,0.0,ruwan@13f79535-47bb-0310-9956-ffa450edef68,0,0.0,0.0,0.0,0.0,0.0,0.0,0.0,0,8,0.0,false
modules/transports/core/nhttp/src/main/java/org/apache/synapse/transport/nhttp/ClientHandler.java,862.0,50.0,193.0,31.0,323.0,118.0,5.0,hiranya@13f79535-47bb-0310-9956-ffa450edef68,2,0.007194244604316547,7.0,0.0,7.0,3.0,3070.5398230088495,204040.33402896195,2,9,0.8907006745734855,false
modules/transports/core/nhttp/src/main/java/org/apache/synapse/transport/nhttp/ClientWorker.java,220.0,29.0,0.0,4.0,80.0,17.0,9.0,hiranya@13f79535-47bb-0310-9956-ffa450edef68,1,0.0035971223021582736,10.0,0.0,10.0,0.0,2935.5398230088495,203959.94047374828,1,4,0.41616039722491244,false
modules/transports/core/nhttp/src/main/java/org/apache/synapse/transport/nhttp/DefaultHttpGetProcessor.java,506.0,28.0,24.0,17.0,160.0,72.0,9.0,hiranya@13f79535-47bb-0310-9956-ffa450edef68,1,0.0035971223021582736,20.0,0.0,20.0,0.0,2935.5398230088495,203959.94047374828,1,2,0.41616039722491244,true
modules/transports/core/nhttp/src/main/java/org/apache/synapse/transport/nhttp/HttpCoreNIOSender.java,779.0,53.0,631.0,51.0,223.0,178.0,8.0,hiranya@13f79535-47bb-0310-9956-ffa450edef68,2,0.007194244604316547,12.0,0.0,6.0,3.0,3055.5398230088495,204050.3633231697,2,8,0.4832493707588519,false
modules/transports/core/nhttp/src/main/java/org/apache/synapse/transport/nhttp/ListenerContext.java,205.0,31.0,152.0,20.0,26.0,50.0,10.0,hiranya@13f79535-47bb-0310-9956-ffa450edef68,2,0.007194244604316547,15.0,0.0,8.0,8.0,3055.5398230088495,204050.3633231697,2,0,0.9818614529704627,false
modules/transports/core/nhttp/src/main/java/org/apache/synapse/transport/nhttp/NhttpConstants.java,133.0,0.0,0.0,0.0,0.0,0.0,25.0,null,2,0.007194244604316547,8.0,4.0,8.0,4.0,3055.5398230088495,204050.3633231697,2,10,0.9818614529704627,false
modules/transports/core/nhttp/src/main/java/org/apache/synapse/transport/nhttp/util/AccessTimeUtil.java,130.0,4.0,26.0,8.0,18.0,26.0,9.0,hiranya@13f79535-47bb-0310-9956-ffa450edef68,1,0.0035971223021582736,100.0,0.0,100.0,0.0,2935.5398230088495,203959.94047374828,1,0,0.41616039722491244,false
modules/transports/core/vfs/src/main/java/org/apache/synapse/transport/vfs/FileObjectDataSource.java,31.0,6.0,0.0,6.0,8.0,14.0,9.0,veithen@13f79535-47bb-0310-9956-ffa450edef68,1,0.0035971223021582736,25.0,25.0,0.0,0.0,135.0,80.39355521367841,1,0,2.751535313041949,false
modules/transports/core/vfs/src/main/java/org/apache/synapse/transport/vfs/VFSTransportListener.java,525.0,26.0,20.0,8.0,130.0,44.0,9.0,null,1,0.0035971223021582736,6.0,6.0,0.0,0.0,135.0,80.39355521367841,1,7,2.751535313041949,false
modules/transports/core/vfs/src/main/java/org/apache/synapse/transport/vfs/VFSTransportSender.java,201.0,19.0,0.0,5.0,52.0,26.0,9.0,null,1,0.0035971223021582736,8.0,8.0,0.0,0.0,135.0,80.39355521367841,1,1,2.751535313041949,false
modules/transports/core/vfs/src/main/java/org/apache/synapse/transport/vfs/VFSUtils.java,155.0,19.0,15.0,7.0,49.0,31.0,9.0,null,1,0.0035971223021582736,8.0,8.0,0.0,0.0,135.0,80.39355521367841,1,4,2.751535313041949,false
