name,LOC,CBO,LCOM,NOM,RFC,WMC,ACS,Ownership,numOfChanges,numberOfFIChanges,ENH,NF,BugFixing,REF,structuralWorkloadSum,semanticWorkloadSum,numberOfDeveloper,pastFaults,MAF,isBuggy
modules/core/src/main/java/org/apache/synapse/config/SynapseConfiguration.java,1401.0,34.0,3081.0,99.0,318.0,322.0,0.0,null,0,0.0,0.0,0.0,0.0,0.0,0.0,0.0,0,23,0.0,true
modules/core/src/main/java/org/apache/synapse/config/xml/CloneMediatorFactory.java,50.0,9.0,1.0,2.0,13.0,7.0,0.0,ruwan@13f79535-47bb-0310-9956-ffa450edef68,0,0.0,0.0,0.0,0.0,0.0,0.0,0.0,0,3,0.0,false
modules/core/src/main/java/org/apache/synapse/config/xml/IterateMediatorFactory.java,89.0,12.0,1.0,2.0,18.0,10.0,0.0,ruwan@13f79535-47bb-0310-9956-ffa450edef68,0,0.0,0.0,0.0,0.0,0.0,0.0,0.0,0,7,0.0,false
modules/core/src/main/java/org/apache/synapse/config/xml/IterateMediatorSerializer.java,48.0,3.0,1.0,2.0,18.0,8.0,0.0,null,0,0.0,0.0,0.0,0.0,0.0,0.0,0.0,0,2,0.0,false
modules/core/src/main/java/org/apache/synapse/config/xml/SynapseXMLConfigurationFactory.java,273.0,32.0,204.0,21.0,94.0,68.0,0.0,null,0,0.0,0.0,0.0,0.0,0.0,0.0,0.0,0,17,0.0,false
modules/core/src/main/java/org/apache/synapse/config/xml/TemplateMediatorFactory.java,27.0,11.0,1.0,2.0,9.0,7.0,0.0,uswick@13f79535-47bb-0310-9956-ffa450edef68,0,0.0,0.0,0.0,0.0,0.0,0.0,0.0,0,1,0.0,false
modules/core/src/main/java/org/apache/synapse/config/xml/TemplateMediatorSerializer.java,38.0,6.0,6.0,4.0,17.0,11.0,0.0,supun@13f79535-47bb-0310-9956-ffa450edef68,0,0.0,0.0,0.0,0.0,0.0,0.0,0.0,0,0,0.0,false
modules/core/src/main/java/org/apache/synapse/config/xml/TemplateParameterFactory.java,45.0,10.0,0.0,1.0,16.0,7.0,0.0,uswick@13f79535-47bb-0310-9956-ffa450edef68,0,0.0,0.0,0.0,0.0,0.0,0.0,0.0,0,0,0.0,false
modules/core/src/main/java/org/apache/synapse/config/xml/TemplateParameterSerializer.java,52.0,11.0,3.0,3.0,10.0,7.0,0.0,hiranya@13f79535-47bb-0310-9956-ffa450edef68,0,0.0,0.0,0.0,0.0,0.0,0.0,0.0,0,0,0.0,false
modules/core/src/main/java/org/apache/synapse/endpoints/EndpointView.java,748.0,6.0,1303.0,67.0,125.0,216.0,0.0,hiranya@13f79535-47bb-0310-9956-ffa450edef68,0,0.0,0.0,0.0,0.0,0.0,0.0,0.0,0,4,0.0,true
modules/core/src/main/java/org/apache/synapse/libraries/util/LibDeployerUtils.java,319.0,19.0,139.0,18.0,99.0,79.0,0.0,uswick@13f79535-47bb-0310-9956-ffa450edef68,0,0.0,0.0,0.0,0.0,0.0,0.0,0.0,0,1,0.0,false
modules/core/src/main/java/org/apache/synapse/mediators/TemplateParameter.java,35.0,2.0,3.0,7.0,0.0,10.0,0.0,uswick@13f79535-47bb-0310-9956-ffa450edef68,0,0.0,0.0,0.0,0.0,0.0,0.0,0.0,0,0,0.0,false
modules/core/src/main/java/org/apache/synapse/mediators/template/TemplateContext.java,82.0,8.0,7.0,7.0,19.0,20.0,0.0,uswick@13f79535-47bb-0310-9956-ffa450edef68,0,0.0,0.0,0.0,0.0,0.0,0.0,0.0,0,0,0.0,false
modules/core/src/main/java/org/apache/synapse/mediators/template/TemplateMediator.java,86.0,9.0,40.0,12.0,14.0,24.0,0.0,supun@13f79535-47bb-0310-9956-ffa450edef68,0,0.0,0.0,0.0,0.0,0.0,0.0,0.0,0,1,0.0,false
modules/core/src/main/java/org/apache/synapse/mediators/transform/PayloadFactoryMediator.java,115.0,12.0,9.0,7.0,28.0,21.0,1.0,sadeep@13f79535-47bb-0310-9956-ffa450edef68,1,0.041666666666666664,25.0,25.0,0.0,0.0,0.0,0.0,1,1,3.0910424533583156,false
modules/core/src/test/java/org/apache/synapse/config/xml/MessageProcessorSerializationTest.java,39.0,3.0,3.0,3.0,11.0,3.0,0.0,charith@13f79535-47bb-0310-9956-ffa450edef68,0,0.0,0.0,0.0,0.0,0.0,0.0,0.0,0,0,0.0,false
modules/core/src/test/java/org/apache/synapse/config/xml/MessageStoreSerializationTest.java,28.0,3.0,3.0,3.0,11.0,7.0,0.0,charith@13f79535-47bb-0310-9956-ffa450edef68,0,0.0,0.0,0.0,0.0,0.0,0.0,0.0,0,1,0.0,false
modules/core/src/test/java/org/apache/synapse/libraries/eip/AbstractEipLibTestCase.java,14.0,7.0,0.0,1.0,1.0,4.0,27.0,uswick@13f79535-47bb-0310-9956-ffa450edef68,1,0.041666666666666664,50.0,0.0,0.0,0.0,28.0,36.57693222653055,1,0,3.0910424533583156,false
modules/core/src/test/java/org/apache/synapse/libraries/eip/EipLibTest.java,43.0,17.0,0.0,2.0,28.0,6.0,0.0,uswick@13f79535-47bb-0310-9956-ffa450edef68,0,0.0,0.0,0.0,0.0,0.0,0.0,0.0,0,0,0.0,false
modules/integration/src/test/java/org/apache/synapse/samples/framework/clients/StockQuoteSampleClient.java,327.0,31.0,104.0,20.0,141.0,62.0,2.0,hiranya@13f79535-47bb-0310-9956-ffa450edef68,1,0.041666666666666664,11.0,0.0,11.0,0.0,179.41176470588235,893.3805520122327,1,1,0.0953101798043249,false
modules/samples/services/JAXWSStockQuoteService/src/samples/services/GetQuote.java,9.0,2.0,0.0,2.0,0.0,3.0,8.0,veithen@13f79535-47bb-0310-9956-ffa450edef68,1,0.041666666666666664,100.0,100.0,0.0,0.0,179.41176470588235,893.3805520122327,1,0,0.0953101798043249,false
modules/samples/services/JAXWSStockQuoteService/src/samples/services/GetQuoteResponse.java,100.0,4.0,350.0,28.0,0.0,42.0,30.0,veithen@13f79535-47bb-0310-9956-ffa450edef68,1,0.041666666666666664,100.0,50.0,50.0,0.0,179.41176470588235,893.3805520122327,1,0,0.0953101798043249,false
modules/samples/services/JAXWSStockQuoteService/src/samples/services/StockQuoteService.java,32.0,8.0,3.0,3.0,22.0,6.0,30.0,veithen@13f79535-47bb-0310-9956-ffa450edef68,1,0.041666666666666664,100.0,50.0,50.0,0.0,179.41176470588235,893.3805520122327,1,0,0.0953101798043249,false
modules/samples/services/JAXWSStockQuoteService/src/samples/services/package-info.java,0.0,0.0,0.0,0.0,0.0,0.0,30.0,veithen@13f79535-47bb-0310-9956-ffa450edef68,1,0.041666666666666664,100.0,50.0,50.0,0.0,179.41176470588235,893.3805520122327,1,0,0.0953101798043249,false
modules/samples/services/JAXWSStockQuoteService/src/samples/services/wrapper/GetQuoteResponseWrapper.java,9.0,4.0,0.0,2.0,0.0,4.0,37.0,veithen@13f79535-47bb-0310-9956-ffa450edef68,1,0.041666666666666664,100.0,50.0,50.0,0.0,179.41176470588235,893.3805520122327,1,0,0.0953101798043249,false
modules/samples/services/JAXWSStockQuoteService/src/samples/services/wrapper/GetQuoteWrapper.java,9.0,4.0,0.0,2.0,0.0,3.0,37.0,veithen@13f79535-47bb-0310-9956-ffa450edef68,1,0.041666666666666664,100.0,50.0,50.0,0.0,179.41176470588235,893.3805520122327,1,0,0.0953101798043249,false
modules/samples/services/JAXWSStockQuoteService/src/samples/services/wrapper/package-info.java,0.0,0.0,0.0,0.0,0.0,0.0,30.0,veithen@13f79535-47bb-0310-9956-ffa450edef68,1,0.041666666666666664,100.0,50.0,50.0,0.0,179.41176470588235,893.3805520122327,1,0,0.0953101798043249,false
modules/transports/core/vfs/src/main/java/org/apache/synapse/transport/vfs/VFSTransportSender.java,201.0,20.0,0.0,5.0,54.0,26.0,5.0,null,1,0.041666666666666664,8.0,0.0,0.0,0.0,179.41176470588235,893.3805520122327,1,2,0.0953101798043249,false
