name,LOC,CBO,LCOM,NOM,RFC,WMC,ACS,Ownership,numOfChanges,numberOfFIChanges,ENH,NF,BugFixing,REF,structuralWorkloadSum,semanticWorkloadSum,numberOfDeveloper,pastFaults,MAF,isBuggy
modules/commons/src/main/java/org/apache/synapse/commons/datasource/DataSourceFinder.java,47.0,8.0,0.0,2.0,3.0,13.0,0.0,indika@13f79535-47bb-0310-9956-ffa450edef68,0,0.0,0.0,0.0,0.0,0.0,0.0,0.0,0,1,0.0,false
modules/core/src/main/java/org/apache/synapse/Axis2SynapseController.java,715.0,47.0,59.0,35.0,260.0,128.0,11.0,null,1,0.003663003663003663,4.0,2.0,0.0,2.0,3197.0,116689.35328989047,1,16,0.3184537311185346,false
modules/core/src/main/java/org/apache/synapse/ServerContextInformation.java,57.0,5.0,58.0,13.0,2.0,22.0,6.0,indika@13f79535-47bb-0310-9956-ffa450edef68,1,0.003663003663003663,12.0,12.0,0.0,0.0,3197.0,116689.35328989047,1,3,0.3184537311185346,false
modules/core/src/main/java/org/apache/synapse/config/SynapseConfigUtils.java,641.0,37.0,215.0,26.0,181.0,106.0,2.0,indika@13f79535-47bb-0310-9956-ffa450edef68,1,0.003663003663003663,5.0,0.0,0.0,0.0,3197.0,116689.35328989047,1,14,0.3184537311185346,false
modules/core/src/main/java/org/apache/synapse/config/SynapseConfiguration.java,1430.0,34.0,3274.0,101.0,323.0,329.0,1.0,null,1,0.003663003663003663,1.0,0.0,1.0,1.0,3197.0,116689.35328989047,1,23,0.3184537311185346,true
modules/core/src/main/java/org/apache/synapse/config/xml/CalloutMediatorFactory.java,125.0,9.0,1.0,2.0,22.0,9.0,9.0,hiranya@13f79535-47bb-0310-9956-ffa450edef68,1,0.003663003663003663,35.0,0.0,0.0,0.0,3197.0,116689.35328989047,1,4,0.3184537311185346,false
modules/core/src/main/java/org/apache/synapse/config/xml/CalloutMediatorSerializer.java,65.0,3.0,1.0,2.0,22.0,7.0,9.0,hiranya@13f79535-47bb-0310-9956-ffa450edef68,1,0.003663003663003663,40.0,0.0,0.0,0.0,3197.0,116689.35328989047,1,2,0.3184537311185346,false
modules/core/src/main/java/org/apache/synapse/config/xml/EnqueueMediatorSerializer.java,7.0,3.0,1.0,2.0,1.0,4.0,3.0,ruwan@13f79535-47bb-0310-9956-ffa450edef68,1,0.003663003663003663,20.0,20.0,0.0,0.0,3197.0,116689.35328989047,1,1,0.3184537311185346,true
modules/core/src/main/java/org/apache/synapse/config/xml/EnrichMediatorFactory.java,147.0,10.0,2.0,5.0,38.0,21.0,4.0,hiranya@13f79535-47bb-0310-9956-ffa450edef68,1,0.003663003663003663,25.0,25.0,0.0,0.0,3197.0,116689.35328989047,1,1,0.3184537311185346,false
modules/core/src/main/java/org/apache/synapse/config/xml/EnrichMediatorSerializer.java,68.0,6.0,10.0,5.0,27.0,16.0,4.0,hiranya@13f79535-47bb-0310-9956-ffa450edef68,1,0.003663003663003663,33.0,33.0,0.0,0.0,3197.0,116689.35328989047,1,0,0.3184537311185346,false
modules/core/src/main/java/org/apache/synapse/config/xml/InvokeMediatorFactory.java,41.0,9.0,1.0,3.0,14.0,10.0,6.0,hiranya@13f79535-47bb-0310-9956-ffa450edef68,1,0.003663003663003663,25.0,25.0,0.0,0.0,3197.0,116689.35328989047,1,0,0.3184537311185346,false
modules/core/src/main/java/org/apache/synapse/config/xml/MessageStoreMediatorFactory.java,30.0,7.0,1.0,2.0,5.0,7.0,6.0,hiranya@13f79535-47bb-0310-9956-ffa450edef68,1,0.003663003663003663,33.0,33.0,0.0,0.0,3197.0,116689.35328989047,1,0,0.3184537311185346,false
modules/core/src/main/java/org/apache/synapse/config/xml/SamplingThrottleMediatorSerializer.java,35.0,3.0,1.0,2.0,16.0,7.0,3.0,hiranya@13f79535-47bb-0310-9956-ffa450edef68,1,0.003663003663003663,25.0,25.0,0.0,0.0,3197.0,116689.35328989047,1,0,0.3184537311185346,false
modules/core/src/main/java/org/apache/synapse/config/xml/SwitchCase.java,73.0,7.0,2.0,8.0,6.0,21.0,16.0,indika@13f79535-47bb-0310-9956-ffa450edef68,1,0.003663003663003663,14.0,0.0,0.0,14.0,3197.0,116689.35328989047,1,4,0.3184537311185346,false
modules/core/src/main/java/org/apache/synapse/config/xml/SynapseImportFactory.java,29.0,9.0,0.0,2.0,7.0,6.0,16.0,hiranya@13f79535-47bb-0310-9956-ffa450edef68,1,0.003663003663003663,25.0,0.0,0.0,25.0,3197.0,116689.35328989047,1,3,0.3184537311185346,false
modules/core/src/main/java/org/apache/synapse/config/xml/SynapseImportSerializer.java,34.0,10.0,1.0,2.0,7.0,6.0,16.0,hiranya@13f79535-47bb-0310-9956-ffa450edef68,1,0.003663003663003663,20.0,0.0,0.0,20.0,3197.0,116689.35328989047,1,3,0.3184537311185346,false
modules/core/src/main/java/org/apache/synapse/config/xml/SynapseXMLConfigurationFactory.java,294.0,32.0,204.0,21.0,97.0,71.0,0.0,null,0,0.0,0.0,0.0,0.0,0.0,0.0,0.0,0,18,0.0,false
modules/core/src/main/java/org/apache/synapse/config/xml/TemplateMediatorFactory.java,27.0,7.0,1.0,2.0,9.0,7.0,7.0,uswick@13f79535-47bb-0310-9956-ffa450edef68,1,0.003663003663003663,14.0,14.0,0.0,0.0,3197.0,116689.35328989047,1,1,0.3184537311185346,false
modules/core/src/main/java/org/apache/synapse/config/xml/TemplateMediatorSerializer.java,39.0,6.0,6.0,4.0,17.0,11.0,7.0,supun@13f79535-47bb-0310-9956-ffa450edef68,1,0.003663003663003663,17.0,17.0,0.0,0.0,3197.0,116689.35328989047,1,0,0.3184537311185346,false
modules/core/src/main/java/org/apache/synapse/config/xml/TemplateParameterSerializer.java,52.0,11.0,3.0,3.0,10.0,7.0,7.0,hiranya@13f79535-47bb-0310-9956-ffa450edef68,1,0.003663003663003663,50.0,50.0,0.0,0.0,3197.0,116689.35328989047,1,0,0.3184537311185346,false
modules/core/src/main/java/org/apache/synapse/config/xml/ValueFactory.java,98.0,11.0,15.0,6.0,23.0,21.0,6.0,hiranya@13f79535-47bb-0310-9956-ffa450edef68,1,0.003663003663003663,25.0,25.0,0.0,0.0,3197.0,116689.35328989047,1,1,0.3184537311185346,false
modules/core/src/main/java/org/apache/synapse/config/xml/XMLConfigConstants.java,108.0,3.0,0.0,0.0,0.0,0.0,2.0,null,1,0.003663003663003663,4.0,4.0,4.0,0.0,406.22222222222223,1537.0326044414505,1,9,1.5769147207285403,true
modules/core/src/main/java/org/apache/synapse/config/xml/endpoints/DynamicLoadbalanceEndpointFactory.java,84.0,18.0,3.0,3.0,23.0,10.0,3.0,ruwan@13f79535-47bb-0310-9956-ffa450edef68,1,0.003663003663003663,10.0,10.0,0.0,0.0,3197.0,116689.35328989047,1,5,0.3184537311185346,true
modules/core/src/main/java/org/apache/synapse/config/xml/endpoints/EndpointDefinitionSerializer.java,123.0,7.0,0.0,1.0,33.0,5.0,53.0,hiranya@13f79535-47bb-0310-9956-ffa450edef68,1,0.003663003663003663,17.0,0.0,0.0,0.0,3197.0,116689.35328989047,1,4,0.3184537311185346,false
modules/core/src/main/java/org/apache/synapse/config/xml/endpoints/TemplateFactory.java,9.0,11.0,1.0,2.0,1.0,3.0,7.0,hiranya@13f79535-47bb-0310-9956-ffa450edef68,1,0.003663003663003663,25.0,25.0,0.0,0.0,3197.0,116689.35328989047,1,0,0.3184537311185346,false
modules/core/src/main/java/org/apache/synapse/config/xml/endpoints/TemplateSerializer.java,19.0,10.0,0.0,1.0,8.0,4.0,7.0,hiranya@13f79535-47bb-0310-9956-ffa450edef68,1,0.003663003663003663,20.0,20.0,0.0,0.0,3197.0,116689.35328989047,1,1,0.3184537311185346,false
modules/core/src/main/java/org/apache/synapse/config/xml/rest/APIFactory.java,82.0,13.0,4.0,4.0,26.0,14.0,6.0,uswick@13f79535-47bb-0310-9956-ffa450edef68,1,0.003663003663003663,33.0,0.0,0.0,0.0,3197.0,116689.35328989047,1,0,0.3184537311185346,false
modules/core/src/main/java/org/apache/synapse/config/xml/rest/APISerializer.java,37.0,7.0,0.0,1.0,16.0,5.0,6.0,uswick@13f79535-47bb-0310-9956-ffa450edef68,1,0.003663003663003663,25.0,0.0,0.0,0.0,3197.0,116689.35328989047,1,0,0.3184537311185346,false
modules/core/src/main/java/org/apache/synapse/core/axis2/AnonymousServiceFactory.java,137.0,10.0,3.0,3.0,20.0,14.0,25.0,ruwan@13f79535-47bb-0310-9956-ffa450edef68,1,0.003663003663003663,23.0,8.0,0.0,0.0,3197.0,116689.35328989047,1,3,0.3184537311185346,false
modules/core/src/main/java/org/apache/synapse/core/axis2/Axis2LoadBalanceMembershipHandler.java,54.0,11.0,1.0,6.0,9.0,15.0,3.0,ruwan@13f79535-47bb-0310-9956-ffa450edef68,1,0.003663003663003663,12.0,12.0,0.0,0.0,3197.0,116689.35328989047,1,1,0.3184537311185346,true
modules/core/src/main/java/org/apache/synapse/core/axis2/Axis2MessageContext.java,403.0,22.0,569.0,63.0,106.0,135.0,16.0,null,1,0.003663003663003663,5.0,0.0,0.0,5.0,3197.0,116689.35328989047,1,9,0.3184537311185346,true
modules/core/src/main/java/org/apache/synapse/core/axis2/ProxyService.java,779.0,39.0,2606.0,76.0,124.0,137.0,19.0,ruwan@13f79535-47bb-0310-9956-ffa450edef68,1,0.003663003663003663,6.0,0.0,0.0,0.0,3197.0,116689.35328989047,1,19,0.3184537311185346,false
modules/core/src/main/java/org/apache/synapse/core/axis2/SynapseCallbackReceiver.java,279.0,29.0,1.0,10.0,114.0,37.0,20.0,indika@13f79535-47bb-0310-9956-ffa450edef68,1,0.003663003663003663,7.0,2.0,0.0,0.0,3197.0,116689.35328989047,1,19,0.3184537311185346,true
modules/core/src/main/java/org/apache/synapse/core/axis2/SynapseCallbackStoreView.java,12.0,0.0,0.0,3.0,2.0,5.0,6.0,hiranya@13f79535-47bb-0310-9956-ffa450edef68,1,0.003663003663003663,100.0,100.0,0.0,0.0,3197.0,116689.35328989047,1,0,0.3184537311185346,false
modules/core/src/main/java/org/apache/synapse/core/axis2/SynapseCallbackStoreViewMBean.java,15.0,0.0,1.0,2.0,0.0,4.0,6.0,hiranya@13f79535-47bb-0310-9956-ffa450edef68,1,0.003663003663003663,100.0,100.0,0.0,0.0,3197.0,116689.35328989047,1,0,0.3184537311185346,false
modules/core/src/main/java/org/apache/synapse/deployers/ImportDeployer.java,133.0,14.0,4.0,5.0,52.0,24.0,16.0,hiranya@13f79535-47bb-0310-9956-ffa450edef68,1,0.003663003663003663,25.0,0.0,0.0,25.0,3197.0,116689.35328989047,1,3,0.3184537311185346,false
modules/core/src/main/java/org/apache/synapse/endpoints/AbstractEndpoint.java,492.0,20.0,870.0,49.0,119.0,122.0,53.0,null,1,0.003663003663003663,2.0,0.0,0.0,0.0,3197.0,116689.35328989047,1,19,0.3184537311185346,true
modules/core/src/main/java/org/apache/synapse/endpoints/dispatch/AbstractDispatcher.java,104.0,9.0,22.0,8.0,24.0,26.0,4.0,hiranya@13f79535-47bb-0310-9956-ffa450edef68,1,0.003663003663003663,20.0,20.0,0.0,0.0,3197.0,116689.35328989047,1,2,0.3184537311185346,true
modules/core/src/main/java/org/apache/synapse/endpoints/dispatch/HttpSessionDispatcher.java,147.0,6.0,22.0,8.0,38.0,26.0,1.0,null,1,0.003663003663003663,12.0,0.0,0.0,0.0,3197.0,116689.35328989047,1,3,0.3184537311185346,true
modules/core/src/main/java/org/apache/synapse/endpoints/dispatch/SALSessions.java,319.0,13.0,98.0,20.0,72.0,60.0,4.0,indika@13f79535-47bb-0310-9956-ffa450edef68,1,0.003663003663003663,11.0,11.0,0.0,0.0,3197.0,116689.35328989047,1,3,0.3184537311185346,true
modules/core/src/main/java/org/apache/synapse/libraries/model/ArtifactFile.java,41.0,9.0,4.0,4.0,4.0,10.0,12.0,uswick@13f79535-47bb-0310-9956-ffa450edef68,2,0.007326007326007326,40.0,20.0,0.0,20.0,3393.3333333333335,116995.8890561375,2,1,0.9680952231836649,false
modules/core/src/main/java/org/apache/synapse/libraries/model/LibraryArtifact.java,160.0,14.0,86.0,16.0,19.0,41.0,16.0,hiranya@13f79535-47bb-0310-9956-ffa450edef68,1,0.003663003663003663,25.0,0.0,0.0,25.0,3197.0,116689.35328989047,1,1,0.3184537311185346,false
modules/core/src/main/java/org/apache/synapse/mediators/GetPropertyFunction.java,312.0,29.0,0.0,5.0,58.0,20.0,2.0,null,1,0.003663003663003663,7.0,7.0,7.0,0.0,406.22222222222223,1537.0326044414505,1,5,1.5769147207285403,false
modules/core/src/main/java/org/apache/synapse/mediators/Value.java,170.0,10.0,3.0,15.0,30.0,45.0,9.0,supun@13f79535-47bb-0310-9956-ffa450edef68,2,0.007326007326007326,25.0,0.0,12.0,12.0,3285.6666666666665,116745.64565997079,2,2,1.5174013675177198,false
modules/core/src/main/java/org/apache/synapse/mediators/builtin/CalloutMediator.java,310.0,22.0,385.0,31.0,52.0,75.0,9.0,hiranya@13f79535-47bb-0310-9956-ffa450edef68,1,0.003663003663003663,23.0,0.0,0.0,0.0,3197.0,116689.35328989047,1,10,0.3184537311185346,false
modules/core/src/main/java/org/apache/synapse/mediators/builtin/EnqueueMediator.java,31.0,9.0,22.0,8.0,0.0,12.0,3.0,hiranya@13f79535-47bb-0310-9956-ffa450edef68,1,0.003663003663003663,14.0,14.0,0.0,0.0,3197.0,116689.35328989047,1,2,0.3184537311185346,false
modules/core/src/main/java/org/apache/synapse/mediators/db/AbstractDBMediator.java,400.0,20.0,145.0,22.0,82.0,62.0,0.0,indika@13f79535-47bb-0310-9956-ffa450edef68,0,0.0,0.0,0.0,0.0,0.0,0.0,0.0,0,7,0.0,false
modules/core/src/main/java/org/apache/synapse/mediators/db/DBLookupMediator.java,66.0,6.0,0.0,1.0,20.0,6.0,0.0,hiranya@13f79535-47bb-0310-9956-ffa450edef68,0,0.0,0.0,0.0,0.0,0.0,0.0,0.0,0,1,0.0,false
modules/core/src/main/java/org/apache/synapse/mediators/db/DBReportMediator.java,49.0,5.0,0.0,3.0,13.0,8.0,0.0,null,0,0.0,0.0,0.0,0.0,0.0,0.0,0.0,0,2,0.0,false
modules/core/src/main/java/org/apache/synapse/mediators/eip/sample/SamplingThrottleMediator.java,131.0,11.0,57.0,14.0,28.0,27.0,3.0,hiranya@13f79535-47bb-0310-9956-ffa450edef68,1,0.003663003663003663,50.0,50.0,0.0,0.0,3197.0,116689.35328989047,1,0,0.3184537311185346,false
modules/core/src/main/java/org/apache/synapse/mediators/eip/splitter/IterateMediator.java,172.0,20.0,64.0,16.0,36.0,35.0,0.0,null,0,0.0,0.0,0.0,0.0,0.0,0.0,0.0,0,10,0.0,true
modules/core/src/main/java/org/apache/synapse/mediators/elementary/EnrichMediator.java,48.0,6.0,0.0,5.0,9.0,12.0,4.0,hiranya@13f79535-47bb-0310-9956-ffa450edef68,1,0.003663003663003663,33.0,33.0,0.0,0.0,3197.0,116689.35328989047,1,1,0.3184537311185346,false
modules/core/src/main/java/org/apache/synapse/mediators/template/InvokeMediator.java,60.0,9.0,0.0,7.0,19.0,14.0,6.0,hiranya@13f79535-47bb-0310-9956-ffa450edef68,1,0.003663003663003663,17.0,17.0,0.0,0.0,3197.0,116689.35328989047,1,2,0.3184537311185346,false
modules/core/src/main/java/org/apache/synapse/mediators/template/TemplateContext.java,85.0,8.0,7.0,7.0,21.0,20.0,2.0,uswick@13f79535-47bb-0310-9956-ffa450edef68,1,0.003663003663003663,25.0,0.0,25.0,0.0,88.66666666666666,56.29237008032902,1,0,4.102643365036796,false
modules/core/src/main/java/org/apache/synapse/mediators/template/TemplateMediator.java,86.0,9.0,40.0,12.0,14.0,24.0,7.0,supun@13f79535-47bb-0310-9956-ffa450edef68,1,0.003663003663003663,14.0,14.0,0.0,0.0,3197.0,116689.35328989047,1,1,0.3184537311185346,false
modules/core/src/main/java/org/apache/synapse/message/processors/ScheduledMessageProcessor.java,124.0,5.0,5.0,7.0,33.0,25.0,0.0,hiranya@13f79535-47bb-0310-9956-ffa450edef68,0,0.0,0.0,0.0,0.0,0.0,0.0,0.0,0,2,0.0,false
modules/core/src/main/java/org/apache/synapse/message/processors/forward/ForwardingJob.java,155.0,13.0,3.0,3.0,34.0,17.0,11.0,hiranya@13f79535-47bb-0310-9956-ffa450edef68,1,0.003663003663003663,20.0,10.0,0.0,10.0,3197.0,116689.35328989047,1,5,0.3184537311185346,false
modules/core/src/main/java/org/apache/synapse/message/processors/forward/ScheduledMessageForwardingProcessor.java,84.0,7.0,57.0,14.0,22.0,28.0,6.0,hiranya@13f79535-47bb-0310-9956-ffa450edef68,1,0.003663003663003663,12.0,12.0,0.0,0.0,3197.0,116689.35328989047,1,2,0.3184537311185346,false
modules/core/src/main/java/org/apache/synapse/message/processors/resequence/ResequencingJob.java,158.0,16.0,4.0,5.0,38.0,23.0,10.0,hiranya@13f79535-47bb-0310-9956-ffa450edef68,1,0.003663003663003663,67.0,33.0,0.0,33.0,3197.0,116689.35328989047,1,0,0.3184537311185346,false
modules/core/src/main/java/org/apache/synapse/message/processors/resequence/ResequencingProcessor.java,223.0,11.0,166.0,20.0,22.0,39.0,4.0,hiranya@13f79535-47bb-0310-9956-ffa450edef68,1,0.003663003663003663,33.0,33.0,0.0,0.0,3197.0,116689.35328989047,1,0,0.3184537311185346,false
modules/core/src/main/java/org/apache/synapse/message/processors/sampler/SamplingProcessor.java,41.0,6.0,20.0,8.0,11.0,14.0,0.0,charith@13f79535-47bb-0310-9956-ffa450edef68,0,0.0,0.0,0.0,0.0,0.0,0.0,0.0,0,0,0.0,false
modules/core/src/main/java/org/apache/synapse/registry/RegistryEntryImpl.java,74.0,6.0,88.0,17.0,4.0,33.0,2.0,indika@13f79535-47bb-0310-9956-ffa450edef68,1,0.003663003663003663,17.0,0.0,17.0,0.0,196.33333333333331,306.535766247033,1,2,3.004031076368686,true
modules/core/src/main/java/org/apache/synapse/rest/API.java,331.0,15.0,249.0,27.0,84.0,71.0,6.0,uswick@13f79535-47bb-0310-9956-ffa450edef68,1,0.003663003663003663,12.0,0.0,0.0,0.0,3197.0,116689.35328989047,1,1,0.3184537311185346,false
modules/core/src/main/java/org/apache/synapse/rest/RESTConstants.java,30.0,0.0,0.0,0.0,0.0,0.0,6.0,hiranya@13f79535-47bb-0310-9956-ffa450edef68,1,0.003663003663003663,20.0,0.0,0.0,0.0,3197.0,116689.35328989047,1,1,0.3184537311185346,false
modules/core/src/main/java/org/apache/synapse/startup/quartz/SimpleQuartz.java,120.0,16.0,0.0,7.0,46.0,22.0,4.0,indika@13f79535-47bb-0310-9956-ffa450edef68,1,0.003663003663003663,5.0,5.0,0.0,0.0,3197.0,116689.35328989047,1,3,0.3184537311185346,false
modules/core/src/main/java/org/apache/synapse/startup/quartz/SimpleQuartzJob.java,56.0,13.0,0.0,3.0,20.0,10.0,0.0,supun@13f79535-47bb-0310-9956-ffa450edef68,0,0.0,0.0,0.0,0.0,0.0,0.0,0.0,0,0,0.0,false
modules/core/src/main/java/org/apache/synapse/startup/tasks/MessageInjector.java,252.0,20.0,35.0,11.0,35.0,21.0,11.0,indika@13f79535-47bb-0310-9956-ffa450edef68,1,0.003663003663003663,10.0,0.0,0.0,0.0,3197.0,116689.35328989047,1,4,0.3184537311185346,false
modules/core/src/test/java/org/apache/synapse/config/SynapseObserverTest.java,129.0,13.0,0.0,3.0,30.0,3.0,3.0,hiranya@13f79535-47bb-0310-9956-ffa450edef68,1,0.003663003663003663,33.0,33.0,0.0,0.0,3197.0,116689.35328989047,1,1,0.3184537311185346,false
modules/core/src/test/java/org/apache/synapse/config/xml/CalloutMediatorSerializationTest.java,34.0,1.0,0.0,5.0,10.0,6.0,10.0,hiranya@13f79535-47bb-0310-9956-ffa450edef68,1,0.003663003663003663,56.0,0.0,0.0,0.0,3197.0,116689.35328989047,1,0,0.3184537311185346,false
modules/core/src/test/java/org/apache/synapse/config/xml/EnqueueMediatorSerializationTest.java,19.0,0.0,0.0,3.0,5.0,5.0,3.0,hiranya@13f79535-47bb-0310-9956-ffa450edef68,1,0.003663003663003663,100.0,100.0,0.0,0.0,3197.0,116689.35328989047,1,0,0.3184537311185346,false
modules/core/src/test/java/org/apache/synapse/config/xml/EnrichMediatorSerializationTest.java,64.0,0.0,0.0,12.0,23.0,23.0,4.0,hiranya@13f79535-47bb-0310-9956-ffa450edef68,1,0.003663003663003663,100.0,100.0,0.0,0.0,3197.0,116689.35328989047,1,0,0.3184537311185346,false
modules/core/src/test/java/org/apache/synapse/config/xml/InvokeMediatorSerializationTest.java,26.0,0.0,0.0,4.0,11.0,8.0,6.0,hiranya@13f79535-47bb-0310-9956-ffa450edef68,1,0.003663003663003663,100.0,100.0,0.0,0.0,3197.0,116689.35328989047,1,0,0.3184537311185346,false
modules/core/src/test/java/org/apache/synapse/config/xml/MessageStoreMediatorSerializationTest.java,19.0,0.0,0.0,3.0,5.0,5.0,6.0,hiranya@13f79535-47bb-0310-9956-ffa450edef68,1,0.003663003663003663,100.0,100.0,0.0,0.0,3197.0,116689.35328989047,1,0,0.3184537311185346,false
modules/core/src/test/java/org/apache/synapse/config/xml/SamplingThrottleMediatorSerializationTest.java,39.0,0.0,0.0,7.0,13.0,13.0,3.0,hiranya@13f79535-47bb-0310-9956-ffa450edef68,1,0.003663003663003663,100.0,100.0,0.0,0.0,3197.0,116689.35328989047,1,0,0.3184537311185346,false
modules/core/src/test/java/org/apache/synapse/config/xml/endpoints/AddressEndpointSerializationTest.java,39.0,3.0,10.0,5.0,29.0,12.0,0.0,hiranya@13f79535-47bb-0310-9956-ffa450edef68,0,0.0,0.0,0.0,0.0,0.0,0.0,0.0,0,2,0.0,false
modules/core/src/test/java/org/apache/synapse/config/xml/endpoints/DefaultEndpointSerializationTest.java,37.0,3.0,10.0,5.0,25.0,11.0,2.0,hiranya@13f79535-47bb-0310-9956-ffa450edef68,1,0.003663003663003663,100.0,100.0,0.0,0.0,3197.0,116689.35328989047,1,0,0.3184537311185346,false
modules/core/src/test/java/org/apache/synapse/config/xml/endpoints/DynamicLoadbalanceEndpointSerializationTest.java,23.0,3.0,3.0,3.0,15.0,6.0,3.0,hiranya@13f79535-47bb-0310-9956-ffa450edef68,1,0.003663003663003663,100.0,100.0,0.0,0.0,3197.0,116689.35328989047,1,0,0.3184537311185346,false
modules/core/src/test/java/org/apache/synapse/config/xml/endpoints/RecipientListEndpointSerializationTest.java,23.0,3.0,3.0,3.0,15.0,6.0,4.0,hiranya@13f79535-47bb-0310-9956-ffa450edef68,1,0.003663003663003663,100.0,100.0,0.0,0.0,3197.0,116689.35328989047,1,0,0.3184537311185346,false
modules/core/src/test/java/org/apache/synapse/config/xml/rest/APISerializationTest.java,58.0,4.0,28.0,8.0,40.0,16.0,4.0,hiranya@13f79535-47bb-0310-9956-ffa450edef68,1,0.003663003663003663,67.0,33.0,0.0,0.0,3197.0,116689.35328989047,1,0,0.3184537311185346,false
modules/core/src/test/java/org/apache/synapse/config/xml/rest/TestHandler.java,8.0,2.0,1.0,2.0,0.0,4.0,3.0,hiranya@13f79535-47bb-0310-9956-ffa450edef68,1,0.003663003663003663,100.0,100.0,0.0,0.0,3197.0,116689.35328989047,1,0,0.3184537311185346,false
modules/core/src/test/java/org/apache/synapse/config/xml/templates/TemplateSerializationTest.java,42.0,7.0,10.0,5.0,25.0,10.0,7.0,hiranya@13f79535-47bb-0310-9956-ffa450edef68,1,0.003663003663003663,100.0,100.0,0.0,0.0,3197.0,116689.35328989047,1,0,0.3184537311185346,false
modules/core/src/test/java/org/apache/synapse/endpoints/BasicEndpointTest.java,115.0,10.0,6.0,9.0,59.0,18.0,1.0,hiranya@13f79535-47bb-0310-9956-ffa450edef68,1,0.003663003663003663,100.0,100.0,0.0,0.0,3197.0,116689.35328989047,1,0,0.3184537311185346,false
modules/core/src/test/java/org/apache/synapse/endpoints/algorithms/RoundRobinAlgorithmTest.java,100.0,17.0,0.0,5.0,19.0,13.0,1.0,hiranya@13f79535-47bb-0310-9956-ffa450edef68,1,0.003663003663003663,100.0,100.0,0.0,0.0,3197.0,116689.35328989047,1,0,0.3184537311185346,false
modules/core/src/test/java/org/apache/synapse/endpoints/dispatch/HttpSessionDispatcherTest.java,47.0,11.0,1.0,2.0,20.0,8.0,4.0,hiranya@13f79535-47bb-0310-9956-ffa450edef68,1,0.003663003663003663,100.0,100.0,0.0,0.0,3197.0,116689.35328989047,1,0,0.3184537311185346,false
modules/core/src/test/java/org/apache/synapse/endpoints/dispatch/SimpleClientSessionDispatcherTest.java,32.0,12.0,1.0,2.0,21.0,6.0,4.0,hiranya@13f79535-47bb-0310-9956-ffa450edef68,1,0.003663003663003663,100.0,100.0,0.0,0.0,3197.0,116689.35328989047,1,0,0.3184537311185346,false
modules/core/src/test/java/org/apache/synapse/message/store/InMemoryMessageStoreTest.java,91.0,5.0,15.0,6.0,32.0,19.0,2.0,hiranya@13f79535-47bb-0310-9956-ffa450edef68,1,0.003663003663003663,50.0,50.0,0.0,0.0,3197.0,116689.35328989047,1,1,0.3184537311185346,false
modules/core/src/test/java/org/apache/synapse/rest/APIDispatcherTest.java,213.0,5.0,0.0,8.0,58.0,16.0,6.0,uswick@13f79535-47bb-0310-9956-ffa450edef68,1,0.003663003663003663,33.0,0.0,0.0,0.0,3197.0,116689.35328989047,1,0,0.3184537311185346,false
modules/extensions/src/main/java/org/apache/synapse/mediators/bsf/ScriptMediator.java,337.0,20.0,28.0,17.0,53.0,57.0,5.0,null,1,0.003663003663003663,7.0,0.0,7.0,0.0,88.66666666666666,56.29237008032902,1,5,4.102643365036796,false
modules/extensions/src/main/java/org/apache/synapse/mediators/bsf/ScriptMediatorFactory.java,50.0,11.0,3.0,3.0,13.0,15.0,5.0,ruwan@13f79535-47bb-0310-9956-ffa450edef68,1,0.003663003663003663,11.0,0.0,11.0,0.0,88.66666666666666,56.29237008032902,1,3,4.102643365036796,false
modules/extensions/src/test/java/org/apache/synapse/mediators/bsf/GroovyScriptMediatorTest.java,7.0,2.0,0.0,1.0,4.0,2.0,5.0,uswick@13f79535-47bb-0310-9956-ffa450edef68,1,0.003663003663003663,33.0,0.0,33.0,0.0,88.66666666666666,56.29237008032902,1,0,4.102643365036796,false
modules/extensions/src/test/java/org/apache/synapse/mediators/bsf/ScriptMediatorTest.java,28.0,7.0,6.0,4.0,15.0,8.0,5.0,uswick@13f79535-47bb-0310-9956-ffa450edef68,1,0.003663003663003663,33.0,0.0,33.0,0.0,88.66666666666666,56.29237008032902,1,0,4.102643365036796,false
modules/extensions/src/test/java/org/apache/synapse/mediators/bsf/javascript/JavaScriptMediatorTest.java,20.0,4.0,1.0,2.0,8.0,4.0,5.0,uswick@13f79535-47bb-0310-9956-ffa450edef68,1,0.003663003663003663,50.0,0.0,50.0,0.0,88.66666666666666,56.29237008032902,1,0,4.102643365036796,false
modules/integration/src/test/java/org/apache/synapse/samples/framework/AbstractBackEndServerController.java,9.0,2.0,0.0,2.0,1.0,3.0,0.0,hiranya@13f79535-47bb-0310-9956-ffa450edef68,0,0.0,0.0,0.0,0.0,0.0,0.0,0.0,0,0,0.0,false
modules/integration/src/test/java/org/apache/synapse/samples/framework/ActiveMQController.java,37.0,6.0,0.0,3.0,10.0,8.0,0.0,hiranya@13f79535-47bb-0310-9956-ffa450edef68,0,0.0,0.0,0.0,0.0,0.0,0.0,0.0,0,0,0.0,false
modules/integration/src/test/java/org/apache/synapse/samples/framework/Axis2BackEndServerController.java,161.0,14.0,1.0,6.0,10.0,17.0,2.0,hiranya@13f79535-47bb-0310-9956-ffa450edef68,1,0.003663003663003663,17.0,0.0,0.0,0.0,3197.0,116689.35328989047,1,0,0.3184537311185346,false
modules/integration/src/test/java/org/apache/synapse/samples/framework/DerbyServerController.java,86.0,12.0,0.0,4.0,28.0,18.0,0.0,hiranya@13f79535-47bb-0310-9956-ffa450edef68,0,0.0,0.0,0.0,0.0,0.0,0.0,0.0,0,0,0.0,false
modules/integration/src/test/java/org/apache/synapse/samples/framework/MessageCounter.java,35.0,6.0,1.0,3.0,12.0,10.0,0.0,hiranya@13f79535-47bb-0310-9956-ffa450edef68,0,0.0,0.0,0.0,0.0,0.0,0.0,0.0,0,0,0.0,false
modules/integration/src/test/java/org/apache/synapse/samples/framework/ProcessController.java,8.0,0.0,3.0,3.0,0.0,3.0,0.0,hiranya@13f79535-47bb-0310-9956-ffa450edef68,0,0.0,0.0,0.0,0.0,0.0,0.0,0.0,0,0,0.0,false
modules/integration/src/test/java/org/apache/synapse/samples/framework/SynapseProcessController.java,126.0,6.0,1.0,7.0,19.0,22.0,0.0,hiranya@13f79535-47bb-0310-9956-ffa450edef68,0,0.0,0.0,0.0,0.0,0.0,0.0,0.0,0,0,0.0,false
modules/integration/src/test/java/org/apache/synapse/samples/framework/SynapseTestCase.java,231.0,18.0,13.0,15.0,73.0,54.0,9.0,hiranya@13f79535-47bb-0310-9956-ffa450edef68,1,0.003663003663003663,9.0,9.0,0.0,0.0,196.33333333333331,306.535766247033,1,1,3.004031076368686,false
modules/integration/src/test/java/org/apache/synapse/samples/framework/SynapseTestUtils.java,84.0,11.0,21.0,7.0,24.0,33.0,7.0,hiranya@13f79535-47bb-0310-9956-ffa450edef68,1,0.003663003663003663,20.0,20.0,0.0,0.0,3197.0,116689.35328989047,1,0,0.3184537311185346,false
modules/integration/src/test/java/org/apache/synapse/samples/framework/TestSamplesHandlerSuite.java,179.0,16.0,0.0,2.0,11.0,6.0,19.0,hiranya@13f79535-47bb-0310-9956-ffa450edef68,1,0.003663003663003663,24.0,4.0,0.0,0.0,3197.0,116689.35328989047,1,5,0.3184537311185346,false
modules/integration/src/test/java/org/apache/synapse/samples/framework/clients/BasicHttpClient.java,60.0,7.0,3.0,3.0,14.0,16.0,0.0,hiranya@13f79535-47bb-0310-9956-ffa450edef68,0,0.0,0.0,0.0,0.0,0.0,0.0,0.0,0,0,0.0,false
modules/integration/src/test/java/org/apache/synapse/samples/framework/clients/JMSSampleClient.java,58.0,7.0,9.0,7.0,19.0,19.0,0.0,hiranya@13f79535-47bb-0310-9956-ffa450edef68,0,0.0,0.0,0.0,0.0,0.0,0.0,0.0,0,0,0.0,false
modules/integration/src/test/java/org/apache/synapse/samples/framework/clients/StockQuoteSampleClient.java,347.0,31.0,104.0,20.0,146.0,62.0,9.0,hiranya@13f79535-47bb-0310-9956-ffa450edef68,1,0.003663003663003663,11.0,11.0,0.0,0.0,196.33333333333331,306.535766247033,1,5,3.004031076368686,false
modules/integration/src/test/java/org/apache/synapse/samples/framework/config/SampleConfigConstants.java,41.0,0.0,0.0,0.0,0.0,0.0,7.0,hiranya@13f79535-47bb-0310-9956-ffa450edef68,1,0.003663003663003663,50.0,50.0,0.0,0.0,3197.0,116689.35328989047,1,0,0.3184537311185346,false
modules/integration/src/test/java/org/apache/synapse/samples/framework/tests/advanced/Sample350.java,14.0,3.0,1.0,2.0,5.0,2.0,0.0,hiranya@13f79535-47bb-0310-9956-ffa450edef68,0,0.0,0.0,0.0,0.0,0.0,0.0,0.0,0,0,0.0,false
modules/integration/src/test/java/org/apache/synapse/samples/framework/tests/advanced/Sample351.java,14.0,3.0,1.0,2.0,5.0,2.0,0.0,hiranya@13f79535-47bb-0310-9956-ffa450edef68,0,0.0,0.0,0.0,0.0,0.0,0.0,0.0,0,0,0.0,false
modules/integration/src/test/java/org/apache/synapse/samples/framework/tests/advanced/Sample352.java,14.0,3.0,1.0,2.0,5.0,2.0,0.0,hiranya@13f79535-47bb-0310-9956-ffa450edef68,0,0.0,0.0,0.0,0.0,0.0,0.0,0.0,0,0,0.0,false
modules/integration/src/test/java/org/apache/synapse/samples/framework/tests/advanced/Sample353.java,14.0,3.0,1.0,2.0,5.0,3.0,0.0,hiranya@13f79535-47bb-0310-9956-ffa450edef68,0,0.0,0.0,0.0,0.0,0.0,0.0,0.0,0,0,0.0,false
modules/integration/src/test/java/org/apache/synapse/samples/framework/tests/advanced/Sample354.java,14.0,3.0,1.0,2.0,5.0,3.0,0.0,hiranya@13f79535-47bb-0310-9956-ffa450edef68,0,0.0,0.0,0.0,0.0,0.0,0.0,0.0,0,0,0.0,false
modules/integration/src/test/java/org/apache/synapse/samples/framework/tests/advanced/Sample360.java,15.0,3.0,1.0,2.0,5.0,2.0,0.0,hiranya@13f79535-47bb-0310-9956-ffa450edef68,0,0.0,0.0,0.0,0.0,0.0,0.0,0.0,0,0,0.0,false
modules/integration/src/test/java/org/apache/synapse/samples/framework/tests/advanced/Sample361.java,15.0,3.0,1.0,2.0,5.0,2.0,0.0,hiranya@13f79535-47bb-0310-9956-ffa450edef68,0,0.0,0.0,0.0,0.0,0.0,0.0,0.0,0,0,0.0,false
modules/integration/src/test/java/org/apache/synapse/samples/framework/tests/advanced/Sample362.java,15.0,3.0,1.0,2.0,5.0,2.0,0.0,hiranya@13f79535-47bb-0310-9956-ffa450edef68,0,0.0,0.0,0.0,0.0,0.0,0.0,0.0,0,0,0.0,false
modules/integration/src/test/java/org/apache/synapse/samples/framework/tests/advanced/Sample370.java,13.0,3.0,1.0,2.0,5.0,2.0,0.0,hiranya@13f79535-47bb-0310-9956-ffa450edef68,0,0.0,0.0,0.0,0.0,0.0,0.0,0.0,0,0,0.0,false
modules/integration/src/test/java/org/apache/synapse/samples/framework/tests/advanced/Sample371.java,23.0,4.0,1.0,2.0,10.0,3.0,0.0,hiranya@13f79535-47bb-0310-9956-ffa450edef68,0,0.0,0.0,0.0,0.0,0.0,0.0,0.0,0,0,0.0,false
modules/integration/src/test/java/org/apache/synapse/samples/framework/tests/advanced/Sample372.java,13.0,3.0,1.0,2.0,5.0,2.0,0.0,hiranya@13f79535-47bb-0310-9956-ffa450edef68,0,0.0,0.0,0.0,0.0,0.0,0.0,0.0,0,0,0.0,false
modules/integration/src/test/java/org/apache/synapse/samples/framework/tests/advanced/Sample380.java,13.0,3.0,1.0,2.0,5.0,2.0,0.0,hiranya@13f79535-47bb-0310-9956-ffa450edef68,0,0.0,0.0,0.0,0.0,0.0,0.0,0.0,0,0,0.0,false
modules/integration/src/test/java/org/apache/synapse/samples/framework/tests/advanced/Sample390.java,13.0,3.0,1.0,2.0,5.0,2.0,0.0,hiranya@13f79535-47bb-0310-9956-ffa450edef68,0,0.0,0.0,0.0,0.0,0.0,0.0,0.0,0,0,0.0,false
modules/integration/src/test/java/org/apache/synapse/samples/framework/tests/advanced/Sample391.java,13.0,3.0,1.0,2.0,5.0,2.0,0.0,hiranya@13f79535-47bb-0310-9956-ffa450edef68,0,0.0,0.0,0.0,0.0,0.0,0.0,0.0,0,0,0.0,false
modules/integration/src/test/java/org/apache/synapse/samples/framework/tests/advanced/Sample420.java,13.0,3.0,1.0,2.0,5.0,3.0,0.0,hiranya@13f79535-47bb-0310-9956-ffa450edef68,0,0.0,0.0,0.0,0.0,0.0,0.0,0.0,0,0,0.0,false
modules/integration/src/test/java/org/apache/synapse/samples/framework/tests/advanced/Sample430.java,14.0,3.0,1.0,2.0,5.0,3.0,0.0,hiranya@13f79535-47bb-0310-9956-ffa450edef68,0,0.0,0.0,0.0,0.0,0.0,0.0,0.0,0,0,0.0,false
modules/integration/src/test/java/org/apache/synapse/samples/framework/tests/advanced/Sample431.java,13.0,3.0,1.0,2.0,5.0,2.0,12.0,hiranya@13f79535-47bb-0310-9956-ffa450edef68,1,0.003663003663003663,25.0,0.0,0.0,0.0,3197.0,116689.35328989047,1,0,0.3184537311185346,false
modules/integration/src/test/java/org/apache/synapse/samples/framework/tests/advanced/Sample432.java,13.0,3.0,1.0,2.0,5.0,4.0,12.0,hiranya@13f79535-47bb-0310-9956-ffa450edef68,1,0.003663003663003663,100.0,0.0,0.0,0.0,3197.0,116689.35328989047,1,0,0.3184537311185346,false
modules/integration/src/test/java/org/apache/synapse/samples/framework/tests/advanced/Sample450.java,14.0,3.0,1.0,2.0,5.0,2.0,0.0,hiranya@13f79535-47bb-0310-9956-ffa450edef68,0,0.0,0.0,0.0,0.0,0.0,0.0,0.0,0,0,0.0,false
modules/integration/src/test/java/org/apache/synapse/samples/framework/tests/advanced/Sample451.java,17.0,3.0,1.0,2.0,5.0,2.0,0.0,hiranya@13f79535-47bb-0310-9956-ffa450edef68,0,0.0,0.0,0.0,0.0,0.0,0.0,0.0,0,0,0.0,false
modules/integration/src/test/java/org/apache/synapse/samples/framework/tests/advanced/Sample452.java,14.0,3.0,1.0,2.0,5.0,2.0,0.0,hiranya@13f79535-47bb-0310-9956-ffa450edef68,0,0.0,0.0,0.0,0.0,0.0,0.0,0.0,0,0,0.0,false
modules/integration/src/test/java/org/apache/synapse/samples/framework/tests/advanced/Sample460.java,14.0,3.0,1.0,2.0,5.0,2.0,0.0,hiranya@13f79535-47bb-0310-9956-ffa450edef68,0,0.0,0.0,0.0,0.0,0.0,0.0,0.0,0,0,0.0,false
modules/integration/src/test/java/org/apache/synapse/samples/framework/tests/endpoint/Sample50.java,12.0,3.0,1.0,2.0,4.0,2.0,0.0,hiranya@13f79535-47bb-0310-9956-ffa450edef68,0,0.0,0.0,0.0,0.0,0.0,0.0,0.0,0,1,0.0,false
modules/integration/src/test/java/org/apache/synapse/samples/framework/tests/endpoint/Sample51.java,23.0,5.0,3.0,3.0,12.0,5.0,0.0,hiranya@13f79535-47bb-0310-9956-ffa450edef68,0,0.0,0.0,0.0,0.0,0.0,0.0,0.0,0,1,0.0,false
modules/integration/src/test/java/org/apache/synapse/samples/framework/tests/endpoint/Sample52.java,12.0,3.0,1.0,2.0,4.0,2.0,0.0,hiranya@13f79535-47bb-0310-9956-ffa450edef68,0,0.0,0.0,0.0,0.0,0.0,0.0,0.0,0,1,0.0,false
modules/integration/src/test/java/org/apache/synapse/samples/framework/tests/endpoint/Sample53.java,76.0,4.0,0.0,5.0,18.0,6.0,2.0,hiranya@13f79535-47bb-0310-9956-ffa450edef68,1,0.003663003663003663,14.0,0.0,0.0,0.0,3197.0,116689.35328989047,1,1,0.3184537311185346,true
modules/integration/src/test/java/org/apache/synapse/samples/framework/tests/endpoint/Sample54.java,12.0,3.0,1.0,2.0,4.0,2.0,0.0,hiranya@13f79535-47bb-0310-9956-ffa450edef68,0,0.0,0.0,0.0,0.0,0.0,0.0,0.0,0,1,0.0,false
modules/integration/src/test/java/org/apache/synapse/samples/framework/tests/endpoint/Sample55.java,30.0,3.0,1.0,3.0,12.0,4.0,0.0,hiranya@13f79535-47bb-0310-9956-ffa450edef68,0,0.0,0.0,0.0,0.0,0.0,0.0,0.0,0,1,0.0,false
modules/integration/src/test/java/org/apache/synapse/samples/framework/tests/endpoint/Sample56.java,12.0,3.0,1.0,2.0,4.0,2.0,0.0,hiranya@13f79535-47bb-0310-9956-ffa450edef68,0,0.0,0.0,0.0,0.0,0.0,0.0,0.0,0,1,0.0,false
modules/integration/src/test/java/org/apache/synapse/samples/framework/tests/endpoint/Sample57.java,29.0,3.0,1.0,3.0,8.0,4.0,0.0,hiranya@13f79535-47bb-0310-9956-ffa450edef68,0,0.0,0.0,0.0,0.0,0.0,0.0,0.0,0,1,0.0,false
modules/integration/src/test/java/org/apache/synapse/samples/framework/tests/endpoint/Sample58.java,27.0,3.0,1.0,3.0,8.0,4.0,0.0,hiranya@13f79535-47bb-0310-9956-ffa450edef68,0,0.0,0.0,0.0,0.0,0.0,0.0,0.0,0,1,0.0,false
modules/integration/src/test/java/org/apache/synapse/samples/framework/tests/endpoint/Sample59.java,12.0,3.0,1.0,2.0,4.0,2.0,0.0,hiranya@13f79535-47bb-0310-9956-ffa450edef68,0,0.0,0.0,0.0,0.0,0.0,0.0,0.0,0,1,0.0,false
modules/integration/src/test/java/org/apache/synapse/samples/framework/tests/message/Sample0.java,19.0,2.0,3.0,3.0,8.0,3.0,0.0,hiranya@13f79535-47bb-0310-9956-ffa450edef68,0,0.0,0.0,0.0,0.0,0.0,0.0,0.0,0,1,0.0,false
modules/integration/src/test/java/org/apache/synapse/samples/framework/tests/message/Sample1.java,12.0,3.0,1.0,2.0,4.0,2.0,0.0,hiranya@13f79535-47bb-0310-9956-ffa450edef68,0,0.0,0.0,0.0,0.0,0.0,0.0,0.0,0,1,0.0,false
modules/integration/src/test/java/org/apache/synapse/samples/framework/tests/message/Sample10.java,12.0,3.0,1.0,2.0,4.0,2.0,0.0,hiranya@13f79535-47bb-0310-9956-ffa450edef68,0,0.0,0.0,0.0,0.0,0.0,0.0,0.0,0,1,0.0,false
modules/integration/src/test/java/org/apache/synapse/samples/framework/tests/message/Sample11.java,13.0,3.0,1.0,2.0,4.0,2.0,0.0,hiranya@13f79535-47bb-0310-9956-ffa450edef68,0,0.0,0.0,0.0,0.0,0.0,0.0,0.0,0,1,0.0,false
modules/integration/src/test/java/org/apache/synapse/samples/framework/tests/message/Sample12.java,13.0,3.0,1.0,2.0,4.0,2.0,0.0,hiranya@13f79535-47bb-0310-9956-ffa450edef68,0,0.0,0.0,0.0,0.0,0.0,0.0,0.0,0,1,0.0,false
modules/integration/src/test/java/org/apache/synapse/samples/framework/tests/message/Sample13.java,13.0,3.0,1.0,2.0,4.0,2.0,0.0,hiranya@13f79535-47bb-0310-9956-ffa450edef68,0,0.0,0.0,0.0,0.0,0.0,0.0,0.0,0,1,0.0,false
modules/integration/src/test/java/org/apache/synapse/samples/framework/tests/message/Sample15.java,12.0,3.0,1.0,2.0,4.0,2.0,0.0,hiranya@13f79535-47bb-0310-9956-ffa450edef68,0,0.0,0.0,0.0,0.0,0.0,0.0,0.0,0,1,0.0,false
modules/integration/src/test/java/org/apache/synapse/samples/framework/tests/message/Sample16.java,13.0,3.0,1.0,2.0,4.0,2.0,0.0,hiranya@13f79535-47bb-0310-9956-ffa450edef68,0,0.0,0.0,0.0,0.0,0.0,0.0,0.0,0,1,0.0,false
modules/integration/src/test/java/org/apache/synapse/samples/framework/tests/message/Sample2.java,15.0,3.0,1.0,2.0,4.0,3.0,0.0,hiranya@13f79535-47bb-0310-9956-ffa450edef68,0,0.0,0.0,0.0,0.0,0.0,0.0,0.0,0,1,0.0,false
modules/integration/src/test/java/org/apache/synapse/samples/framework/tests/message/Sample3.java,13.0,3.0,1.0,2.0,4.0,2.0,0.0,hiranya@13f79535-47bb-0310-9956-ffa450edef68,0,0.0,0.0,0.0,0.0,0.0,0.0,0.0,0,1,0.0,false
modules/integration/src/test/java/org/apache/synapse/samples/framework/tests/message/Sample4.java,25.0,4.0,1.0,2.0,10.0,2.0,0.0,hiranya@13f79535-47bb-0310-9956-ffa450edef68,0,0.0,0.0,0.0,0.0,0.0,0.0,0.0,0,1,0.0,false
modules/integration/src/test/java/org/apache/synapse/samples/framework/tests/message/Sample5.java,33.0,4.0,1.0,2.0,10.0,3.0,0.0,hiranya@13f79535-47bb-0310-9956-ffa450edef68,0,0.0,0.0,0.0,0.0,0.0,0.0,0.0,0,2,0.0,false
modules/integration/src/test/java/org/apache/synapse/samples/framework/tests/message/Sample6.java,12.0,3.0,1.0,2.0,4.0,2.0,0.0,hiranya@13f79535-47bb-0310-9956-ffa450edef68,0,0.0,0.0,0.0,0.0,0.0,0.0,0.0,0,1,0.0,false
modules/integration/src/test/java/org/apache/synapse/samples/framework/tests/message/Sample7.java,19.0,4.0,1.0,2.0,10.0,2.0,2.0,hiranya@13f79535-47bb-0310-9956-ffa450edef68,1,0.003663003663003663,20.0,0.0,20.0,0.0,3197.0,116689.35328989047,1,1,0.3184537311185346,false
modules/integration/src/test/java/org/apache/synapse/samples/framework/tests/message/Sample8.java,13.0,3.0,1.0,2.0,4.0,3.0,0.0,hiranya@13f79535-47bb-0310-9956-ffa450edef68,0,0.0,0.0,0.0,0.0,0.0,0.0,0.0,0,1,0.0,false
modules/integration/src/test/java/org/apache/synapse/samples/framework/tests/message/Sample9.java,13.0,3.0,1.0,2.0,4.0,2.0,0.0,hiranya@13f79535-47bb-0310-9956-ffa450edef68,0,0.0,0.0,0.0,0.0,0.0,0.0,0.0,0,1,0.0,false
modules/integration/src/test/java/org/apache/synapse/samples/framework/tests/proxy/Sample150.java,19.0,7.0,3.0,3.0,10.0,4.0,0.0,hiranya@13f79535-47bb-0310-9956-ffa450edef68,0,0.0,0.0,0.0,0.0,0.0,0.0,0.0,0,0,0.0,false
modules/integration/src/test/java/org/apache/synapse/samples/framework/tests/proxy/Sample151.java,15.0,3.0,1.0,2.0,5.0,2.0,0.0,hiranya@13f79535-47bb-0310-9956-ffa450edef68,0,0.0,0.0,0.0,0.0,0.0,0.0,0.0,0,0,0.0,false
modules/integration/src/test/java/org/apache/synapse/samples/framework/tests/proxy/Sample152.java,14.0,4.0,1.0,2.0,8.0,3.0,0.0,hiranya@13f79535-47bb-0310-9956-ffa450edef68,0,0.0,0.0,0.0,0.0,0.0,0.0,0.0,0,0,0.0,false
modules/integration/src/test/java/org/apache/synapse/samples/framework/tests/proxy/Sample153.java,13.0,3.0,1.0,2.0,5.0,2.0,0.0,hiranya@13f79535-47bb-0310-9956-ffa450edef68,0,0.0,0.0,0.0,0.0,0.0,0.0,0.0,0,0,0.0,false
modules/integration/src/test/java/org/apache/synapse/samples/framework/tests/proxy/Sample154.java,12.0,3.0,1.0,2.0,5.0,2.0,0.0,hiranya@13f79535-47bb-0310-9956-ffa450edef68,0,0.0,0.0,0.0,0.0,0.0,0.0,0.0,0,0,0.0,false
modules/integration/src/test/java/org/apache/synapse/samples/framework/tests/proxy/Sample155.java,12.0,3.0,1.0,2.0,5.0,2.0,0.0,hiranya@13f79535-47bb-0310-9956-ffa450edef68,0,0.0,0.0,0.0,0.0,0.0,0.0,0.0,0,2,0.0,false
modules/integration/src/test/java/org/apache/synapse/samples/framework/tests/proxy/Sample156.java,12.0,3.0,1.0,2.0,5.0,3.0,0.0,hiranya@13f79535-47bb-0310-9956-ffa450edef68,0,0.0,0.0,0.0,0.0,0.0,0.0,0.0,0,0,0.0,false
modules/integration/src/test/java/org/apache/synapse/samples/framework/tests/proxy/Sample157.java,32.0,5.0,0.0,2.0,9.0,3.0,0.0,hiranya@13f79535-47bb-0310-9956-ffa450edef68,0,0.0,0.0,0.0,0.0,0.0,0.0,0.0,0,0,0.0,false
modules/integration/src/test/java/org/apache/synapse/samples/framework/tests/qos/Sample100.java,13.0,3.0,1.0,2.0,5.0,3.0,0.0,hiranya@13f79535-47bb-0310-9956-ffa450edef68,0,0.0,0.0,0.0,0.0,0.0,0.0,0.0,0,0,0.0,false
modules/integration/src/test/java/org/apache/synapse/samples/framework/tests/qos/Sample101.java,13.0,3.0,1.0,2.0,5.0,2.0,0.0,hiranya@13f79535-47bb-0310-9956-ffa450edef68,0,0.0,0.0,0.0,0.0,0.0,0.0,0.0,0,0,0.0,false
modules/integration/src/test/java/org/apache/synapse/samples/framework/tests/rest/Sample10001.java,13.0,5.0,1.0,2.0,6.0,3.0,0.0,hiranya@13f79535-47bb-0310-9956-ffa450edef68,0,0.0,0.0,0.0,0.0,0.0,0.0,0.0,0,1,0.0,false
modules/integration/src/test/java/org/apache/synapse/samples/framework/tests/rest/Sample800.java,20.0,5.0,3.0,3.0,12.0,5.0,0.0,hiranya@13f79535-47bb-0310-9956-ffa450edef68,0,0.0,0.0,0.0,0.0,0.0,0.0,0.0,0,0,0.0,false
modules/integration/src/test/java/org/apache/synapse/samples/framework/tests/tasks/Sample300.java,12.0,1.0,1.0,2.0,5.0,4.0,0.0,hiranya@13f79535-47bb-0310-9956-ffa450edef68,0,0.0,0.0,0.0,0.0,0.0,0.0,0.0,0,0,0.0,false
modules/integration/src/test/java/org/apache/synapse/samples/framework/tests/tasks/Sample301.java,12.0,1.0,1.0,2.0,5.0,4.0,11.0,hiranya@13f79535-47bb-0310-9956-ffa450edef68,1,0.003663003663003663,100.0,0.0,0.0,0.0,3197.0,116689.35328989047,1,0,0.3184537311185346,false
modules/integration/src/test/java/org/apache/synapse/samples/framework/tests/tasks/Sample302.java,12.0,1.0,1.0,2.0,5.0,4.0,11.0,hiranya@13f79535-47bb-0310-9956-ffa450edef68,1,0.003663003663003663,100.0,0.0,0.0,0.0,3197.0,116689.35328989047,1,0,0.3184537311185346,false
modules/integration/src/test/java/org/apache/synapse/samples/framework/tests/transport/Sample250.java,18.0,3.0,1.0,2.0,8.0,4.0,0.0,hiranya@13f79535-47bb-0310-9956-ffa450edef68,0,0.0,0.0,0.0,0.0,0.0,0.0,0.0,0,0,0.0,false
modules/integration/src/test/java/org/apache/synapse/samples/framework/tests/transport/Sample251.java,18.0,2.0,1.0,2.0,8.0,4.0,0.0,hiranya@13f79535-47bb-0310-9956-ffa450edef68,0,0.0,0.0,0.0,0.0,0.0,0.0,0.0,0,0,0.0,false
modules/samples/services/EJBSampleBeans/src/samples/bean/Location.java,19.0,1.0,2.0,4.0,0.0,6.0,0.0,sadeep@13f79535-47bb-0310-9956-ffa450edef68,0,0.0,0.0,0.0,0.0,0.0,0.0,0.0,0,0,0.0,false
modules/samples/services/EJBSampleBeans/src/samples/bean/Store.java,41.0,1.0,21.0,10.0,0.0,14.0,0.0,sadeep@13f79535-47bb-0310-9956-ffa450edef68,0,0.0,0.0,0.0,0.0,0.0,0.0,0.0,0,0,0.0,false
modules/samples/services/EJBSampleBeans/src/samples/ejb/ShoppingCart.java,8.0,1.0,3.0,3.0,0.0,3.0,0.0,sadeep@13f79535-47bb-0310-9956-ffa450edef68,0,0.0,0.0,0.0,0.0,0.0,0.0,0.0,0,0,0.0,false
modules/samples/services/EJBSampleBeans/src/samples/ejb/ShoppingCartBean.java,25.0,2.0,2.0,4.0,5.0,8.0,0.0,sadeep@13f79535-47bb-0310-9956-ffa450edef68,0,0.0,0.0,0.0,0.0,0.0,0.0,0.0,0,0,0.0,false
modules/samples/services/EJBSampleBeans/src/samples/ejb/StoreLocator.java,6.0,2.0,0.0,1.0,0.0,1.0,0.0,sadeep@13f79535-47bb-0310-9956-ffa450edef68,0,0.0,0.0,0.0,0.0,0.0,0.0,0.0,0,0,0.0,false
modules/samples/services/EJBSampleBeans/src/samples/ejb/StoreLocatorBean.java,8.0,3.0,0.0,1.0,1.0,2.0,0.0,sadeep@13f79535-47bb-0310-9956-ffa450edef68,0,0.0,0.0,0.0,0.0,0.0,0.0,0.0,0,0,0.0,false
modules/samples/services/EJBSampleBeans/src/samples/ejb/StoreRegistry.java,6.0,2.0,0.0,1.0,0.0,1.0,0.0,sadeep@13f79535-47bb-0310-9956-ffa450edef68,0,0.0,0.0,0.0,0.0,0.0,0.0,0.0,0,0,0.0,false
modules/samples/services/EJBSampleBeans/src/samples/ejb/StoreRegistryBean.java,8.0,3.0,0.0,1.0,1.0,2.0,0.0,sadeep@13f79535-47bb-0310-9956-ffa450edef68,0,0.0,0.0,0.0,0.0,0.0,0.0,0.0,0,0,0.0,false
modules/samples/services/EJBSampleBeans/src/samples/util/StoreRegisterUtil.java,22.0,4.0,1.0,3.0,10.0,6.0,0.0,sadeep@13f79535-47bb-0310-9956-ffa450edef68,0,0.0,0.0,0.0,0.0,0.0,0.0,0.0,0,0,0.0,false
modules/samples/src/main/java/samples/userguide/RabbitMQAMQPClient.java,86.0,5.0,1.0,2.0,17.0,8.0,3.0,rajikak@13f79535-47bb-0310-9956-ffa450edef68,1,0.003663003663003663,100.0,67.0,33.0,0.0,406.22222222222223,1537.0326044414505,1,0,1.5769147207285403,false
modules/tasks/src/main/java/org/apache/synapse/task/DefaultTaskJobDetailFactory.java,38.0,9.0,0.0,1.0,10.0,5.0,0.0,indika@13f79535-47bb-0310-9956-ffa450edef68,0,0.0,0.0,0.0,0.0,0.0,0.0,0.0,0,0,0.0,false
modules/tasks/src/main/java/org/apache/synapse/task/DefaultTaskTriggerFactory.java,48.0,5.0,0.0,1.0,22.0,5.0,0.0,indika@13f79535-47bb-0310-9956-ffa450edef68,0,0.0,0.0,0.0,0.0,0.0,0.0,0.0,0,1,0.0,false
modules/tasks/src/main/java/org/apache/synapse/task/TaskScheduler.java,320.0,7.0,0.0,17.0,68.0,68.0,0.0,indika@13f79535-47bb-0310-9956-ffa450edef68,0,0.0,0.0,0.0,0.0,0.0,0.0,0.0,0,3,0.0,false
modules/transports/core/nhttp/src/main/java/org/apache/synapse/transport/nhttp/Access.java,654.0,14.0,313.0,26.0,38.0,61.0,16.0,hiranya@13f79535-47bb-0310-9956-ffa450edef68,1,0.003663003663003663,33.0,0.0,0.0,33.0,3197.0,116689.35328989047,1,1,0.3184537311185346,false
modules/transports/core/nhttp/src/main/java/org/apache/synapse/transport/nhttp/AccessLogger.java,147.0,8.0,0.0,6.0,21.0,19.0,3.0,hiranya@13f79535-47bb-0310-9956-ffa450edef68,1,0.003663003663003663,50.0,0.0,0.0,0.0,3197.0,116689.35328989047,1,1,0.3184537311185346,false
modules/transports/core/nhttp/src/main/java/org/apache/synapse/transport/nhttp/Axis2HttpRequest.java,291.0,27.0,120.0,21.0,62.0,54.0,16.0,ruwan@13f79535-47bb-0310-9956-ffa450edef68,1,0.003663003663003663,7.0,0.0,0.0,7.0,3197.0,116689.35328989047,1,8,0.3184537311185346,false
modules/transports/core/nhttp/src/main/java/org/apache/synapse/transport/nhttp/ClientHandler.java,877.0,47.0,234.0,33.0,328.0,123.0,29.0,hiranya@13f79535-47bb-0310-9956-ffa450edef68,1,0.003663003663003663,17.0,3.0,0.0,3.0,3197.0,116689.35328989047,1,12,0.3184537311185346,false
modules/transports/core/nhttp/src/main/java/org/apache/synapse/transport/nhttp/HttpCoreNIOListener.java,522.0,32.0,373.0,43.0,124.0,135.0,69.0,hiranya@13f79535-47bb-0310-9956-ffa450edef68,1,0.003663003663003663,6.0,6.0,0.0,0.0,3197.0,116689.35328989047,1,5,0.3184537311185346,false
modules/transports/core/nhttp/src/main/java/org/apache/synapse/transport/nhttp/HttpCoreNIOSSLListener.java,124.0,25.0,15.0,6.0,27.0,22.0,69.0,hiranya@13f79535-47bb-0310-9956-ffa450edef68,1,0.003663003663003663,33.0,33.0,0.0,0.0,3197.0,116689.35328989047,1,1,0.3184537311185346,false
modules/transports/core/nhttp/src/main/java/org/apache/synapse/transport/nhttp/HttpCoreNIOSSLSender.java,217.0,26.0,20.0,8.0,61.0,38.0,38.0,hiranya@13f79535-47bb-0310-9956-ffa450edef68,1,0.003663003663003663,43.0,29.0,0.0,14.0,3197.0,116689.35328989047,1,1,0.3184537311185346,false
modules/transports/core/nhttp/src/main/java/org/apache/synapse/transport/nhttp/HttpCoreNIOSender.java,775.0,53.0,682.0,52.0,237.0,182.0,21.0,hiranya@13f79535-47bb-0310-9956-ffa450edef68,2,0.007326007326007326,12.0,3.0,6.0,0.0,3603.222222222222,118226.38589433192,2,12,0.07073383390222776,false
modules/transports/core/nhttp/src/main/java/org/apache/synapse/transport/nhttp/ListenerContext.java,222.0,32.0,174.0,21.0,42.0,54.0,23.0,hiranya@13f79535-47bb-0310-9956-ffa450edef68,3,0.01098901098901099,31.0,15.0,15.0,0.0,3799.5555555555557,118532.92166057896,3,2,0.26474254399365593,false
modules/transports/core/nhttp/src/main/java/org/apache/synapse/transport/nhttp/LoggingNHttpClientConnection.java,110.0,19.0,0.0,9.0,16.0,21.0,38.0,hiranya@13f79535-47bb-0310-9956-ffa450edef68,1,0.003663003663003663,40.0,20.0,0.0,0.0,3197.0,116689.35328989047,1,1,0.3184537311185346,false
modules/transports/core/nhttp/src/main/java/org/apache/synapse/transport/nhttp/LoggingNHttpClientHandler.java,81.0,6.0,0.0,11.0,40.0,30.0,69.0,hiranya@13f79535-47bb-0310-9956-ffa450edef68,1,0.003663003663003663,25.0,25.0,0.0,0.0,3197.0,116689.35328989047,1,1,0.3184537311185346,false
modules/transports/core/nhttp/src/main/java/org/apache/synapse/transport/nhttp/LoggingNHttpServerConnection.java,110.0,19.0,0.0,9.0,16.0,21.0,38.0,hiranya@13f79535-47bb-0310-9956-ffa450edef68,1,0.003663003663003663,40.0,20.0,0.0,0.0,3197.0,116689.35328989047,1,1,0.3184537311185346,false
modules/transports/core/nhttp/src/main/java/org/apache/synapse/transport/nhttp/LoggingNHttpServiceHandler.java,85.0,7.0,0.0,10.0,34.0,30.0,69.0,hiranya@13f79535-47bb-0310-9956-ffa450edef68,1,0.003663003663003663,25.0,25.0,0.0,0.0,3197.0,116689.35328989047,1,1,0.3184537311185346,false
modules/transports/core/nhttp/src/main/java/org/apache/synapse/transport/nhttp/LoggingUtils.java,25.0,10.0,6.0,4.0,6.0,10.0,55.0,hiranya@13f79535-47bb-0310-9956-ffa450edef68,1,0.003663003663003663,17.0,17.0,0.0,0.0,3197.0,116689.35328989047,1,2,0.3184537311185346,false
modules/transports/core/nhttp/src/main/java/org/apache/synapse/transport/nhttp/NHttpConfiguration.java,182.0,8.0,278.0,25.0,37.0,61.0,36.0,ruwan@13f79535-47bb-0310-9956-ffa450edef68,2,0.007326007326007326,18.0,9.0,9.0,0.0,3603.222222222222,118226.38589433192,2,1,0.2545370453635921,true
modules/transports/core/nhttp/src/main/java/org/apache/synapse/transport/nhttp/PlainClientIOEventDispatch.java,13.0,8.0,0.0,1.0,1.0,1.0,69.0,hiranya@13f79535-47bb-0310-9956-ffa450edef68,1,0.003663003663003663,20.0,20.0,0.0,0.0,3197.0,116689.35328989047,1,1,0.3184537311185346,false
modules/transports/core/nhttp/src/main/java/org/apache/synapse/transport/nhttp/PlainServerIOEventDispatch.java,13.0,8.0,0.0,1.0,1.0,1.0,69.0,hiranya@13f79535-47bb-0310-9956-ffa450edef68,1,0.003663003663003663,20.0,20.0,0.0,0.0,3197.0,116689.35328989047,1,1,0.3184537311185346,false
modules/transports/core/nhttp/src/main/java/org/apache/synapse/transport/nhttp/SSLClientIOEventDispatch.java,66.0,17.0,0.0,1.0,1.0,1.0,69.0,hiranya@13f79535-47bb-0310-9956-ffa450edef68,1,0.003663003663003663,14.0,14.0,0.0,0.0,3197.0,116689.35328989047,1,1,0.3184537311185346,false
modules/transports/core/nhttp/src/main/java/org/apache/synapse/transport/nhttp/SSLServerIOEventDispatch.java,13.0,10.0,0.0,1.0,1.0,1.0,69.0,hiranya@13f79535-47bb-0310-9956-ffa450edef68,1,0.003663003663003663,20.0,20.0,0.0,0.0,3197.0,116689.35328989047,1,1,0.3184537311185346,false
modules/transports/core/nhttp/src/main/java/org/apache/synapse/transport/nhttp/ServerHandler.java,493.0,38.0,27.0,23.0,170.0,81.0,38.0,hiranya@13f79535-47bb-0310-9956-ffa450edef68,1,0.003663003663003663,10.0,5.0,0.0,0.0,3197.0,116689.35328989047,1,7,0.3184537311185346,false
modules/transports/core/nhttp/src/main/java/org/apache/synapse/transport/passthru/ClientWorker.java,157.0,24.0,0.0,4.0,54.0,16.0,0.0,hiranya@13f79535-47bb-0310-9956-ffa450edef68,0,0.0,0.0,0.0,0.0,0.0,0.0,0.0,0,4,0.0,false
modules/transports/core/nhttp/src/main/java/org/apache/synapse/transport/passthru/DeliveryAgent.java,146.0,15.0,0.0,6.0,38.0,26.0,0.0,hiranya@13f79535-47bb-0310-9956-ffa450edef68,0,0.0,0.0,0.0,0.0,0.0,0.0,0.0,0,4,0.0,false
modules/transports/core/nhttp/src/main/java/org/apache/synapse/transport/passthru/PassThroughHttpListener.java,292.0,36.0,39.0,19.0,89.0,57.0,17.0,hiranya@13f79535-47bb-0310-9956-ffa450edef68,1,0.003663003663003663,50.0,25.0,8.0,0.0,3197.0,116689.35328989047,1,5,0.3184537311185346,false
modules/transports/core/nhttp/src/main/java/org/apache/synapse/transport/passthru/PassThroughHttpSSLListener.java,111.0,15.0,10.0,5.0,24.0,18.0,50.0,hiranya@13f79535-47bb-0310-9956-ffa450edef68,1,0.003663003663003663,33.0,33.0,0.0,0.0,3197.0,116689.35328989047,1,4,0.3184537311185346,false
modules/transports/core/nhttp/src/main/java/org/apache/synapse/transport/passthru/PassThroughHttpSSLSender.java,229.0,26.0,26.0,8.0,61.0,38.0,38.0,hiranya@13f79535-47bb-0310-9956-ffa450edef68,1,0.003663003663003663,38.0,25.0,0.0,12.0,3197.0,116689.35328989047,1,4,0.3184537311185346,false
modules/transports/core/nhttp/src/main/java/org/apache/synapse/transport/passthru/PassThroughHttpSender.java,446.0,51.0,52.0,20.0,130.0,83.0,19.0,hiranya@13f79535-47bb-0310-9956-ffa450edef68,1,0.003663003663003663,41.0,18.0,12.0,6.0,3197.0,116689.35328989047,1,4,0.3184537311185346,false
modules/transports/core/nhttp/src/main/java/org/apache/synapse/transport/passthru/SSLSourceIOEventDispatch.java,14.0,11.0,0.0,1.0,0.0,1.0,69.0,hiranya@13f79535-47bb-0310-9956-ffa450edef68,1,0.003663003663003663,20.0,20.0,0.0,0.0,3197.0,116689.35328989047,1,4,0.3184537311185346,false
modules/transports/core/nhttp/src/main/java/org/apache/synapse/transport/passthru/SSLTargetIOEventDispatch.java,63.0,18.0,0.0,1.0,0.0,1.0,69.0,hiranya@13f79535-47bb-0310-9956-ffa450edef68,1,0.003663003663003663,17.0,17.0,0.0,0.0,3197.0,116689.35328989047,1,4,0.3184537311185346,false
modules/transports/core/nhttp/src/main/java/org/apache/synapse/transport/passthru/ServerWorker.java,351.0,45.0,0.0,12.0,168.0,49.0,29.0,hiranya@13f79535-47bb-0310-9956-ffa450edef68,1,0.003663003663003663,27.0,18.0,0.0,9.0,3197.0,116689.35328989047,1,5,0.3184537311185346,true
modules/transports/core/nhttp/src/main/java/org/apache/synapse/transport/passthru/SourceContext.java,118.0,3.0,117.0,23.0,30.0,48.0,4.0,hiranya@13f79535-47bb-0310-9956-ffa450edef68,1,0.003663003663003663,17.0,0.0,0.0,0.0,3197.0,116689.35328989047,1,4,0.3184537311185346,false
modules/transports/core/nhttp/src/main/java/org/apache/synapse/transport/passthru/SourceHandler.java,353.0,17.0,0.0,18.0,159.0,75.0,12.0,hiranya@13f79535-47bb-0310-9956-ffa450edef68,1,0.003663003663003663,56.0,6.0,12.0,19.0,3197.0,116689.35328989047,1,5,0.3184537311185346,true
modules/transports/core/nhttp/src/main/java/org/apache/synapse/transport/passthru/SourceIOEventDispatch.java,17.0,9.0,0.0,1.0,1.0,1.0,69.0,hiranya@13f79535-47bb-0310-9956-ffa450edef68,1,0.003663003663003663,20.0,20.0,0.0,0.0,3197.0,116689.35328989047,1,4,0.3184537311185346,false
modules/transports/core/nhttp/src/main/java/org/apache/synapse/transport/passthru/TargetErrorHandler.java,72.0,10.0,2.0,4.0,68.0,15.0,0.0,hiranya@13f79535-47bb-0310-9956-ffa450edef68,0,0.0,0.0,0.0,0.0,0.0,0.0,0.0,0,3,0.0,false
modules/transports/core/nhttp/src/main/java/org/apache/synapse/transport/passthru/TargetHandler.java,359.0,17.0,23.0,19.0,173.0,72.0,25.0,hiranya@13f79535-47bb-0310-9956-ffa450edef68,1,0.003663003663003663,33.0,11.0,0.0,11.0,3197.0,116689.35328989047,1,4,0.3184537311185346,false
modules/transports/core/nhttp/src/main/java/org/apache/synapse/transport/passthru/TargetIOEventDispatch.java,17.0,9.0,0.0,1.0,1.0,1.0,69.0,hiranya@13f79535-47bb-0310-9956-ffa450edef68,1,0.003663003663003663,20.0,20.0,0.0,0.0,3197.0,116689.35328989047,1,4,0.3184537311185346,false
modules/transports/core/nhttp/src/main/java/org/apache/synapse/transport/passthru/TargetRequest.java,234.0,28.0,49.0,15.0,66.0,31.0,26.0,hiranya@13f79535-47bb-0310-9956-ffa450edef68,1,0.003663003663003663,30.0,10.0,0.0,0.0,3197.0,116689.35328989047,1,5,0.3184537311185346,false
modules/transports/core/nhttp/src/main/java/org/apache/synapse/transport/passthru/api/PassThroughNHttpGetProcessor.java,327.0,32.0,49.0,14.0,109.0,52.0,36.0,hiranya@13f79535-47bb-0310-9956-ffa450edef68,1,0.003663003663003663,40.0,20.0,0.0,20.0,3197.0,116689.35328989047,1,1,0.3184537311185346,true
modules/transports/core/nhttp/src/main/java/org/apache/synapse/transport/passthru/config/BaseConfiguration.java,87.0,15.0,18.0,9.0,31.0,21.0,27.0,hiranya@13f79535-47bb-0310-9956-ffa450edef68,2,0.007326007326007326,43.0,14.0,29.0,0.0,3603.222222222222,118226.38589433192,2,4,0.10142655936039036,false
modules/transports/core/nhttp/src/main/java/org/apache/synapse/transport/passthru/config/PassThroughConfiguration.java,151.0,6.0,159.0,19.0,27.0,47.0,35.0,hiranya@13f79535-47bb-0310-9956-ffa450edef68,2,0.007326007326007326,33.0,17.0,17.0,0.0,3603.222222222222,118226.38589433192,2,4,0.2545370453635921,false
modules/transports/core/nhttp/src/main/java/org/apache/synapse/transport/passthru/connections/HostConnections.java,117.0,9.0,0.0,10.0,32.0,23.0,7.0,hiranya@13f79535-47bb-0310-9956-ffa450edef68,1,0.003663003663003663,17.0,0.0,0.0,0.0,3197.0,116689.35328989047,1,3,0.3184537311185346,false
modules/transports/core/nhttp/src/main/java/org/apache/synapse/transport/passthru/connections/TargetConnections.java,112.0,12.0,0.0,6.0,27.0,20.0,6.0,hiranya@13f79535-47bb-0310-9956-ffa450edef68,1,0.003663003663003663,14.0,0.0,0.0,14.0,3197.0,116689.35328989047,1,3,0.3184537311185346,false
modules/transports/core/nhttp/src/main/java/org/apache/synapse/transport/passthru/jmx/ConnectionsView.java,192.0,7.0,175.0,22.0,44.0,51.0,3.0,hiranya@13f79535-47bb-0310-9956-ffa450edef68,1,0.003663003663003663,40.0,0.0,20.0,0.0,3197.0,116689.35328989047,1,3,0.3184537311185346,false
modules/transports/core/nhttp/src/main/java/org/apache/synapse/transport/passthru/jmx/LatencyView.java,172.0,11.0,79.0,14.0,24.0,35.0,4.0,hiranya@13f79535-47bb-0310-9956-ffa450edef68,1,0.003663003663003663,40.0,0.0,0.0,0.0,3197.0,116689.35328989047,1,3,0.3184537311185346,false
modules/transports/core/nhttp/src/main/java/org/apache/synapse/transport/passthru/logging/LoggingNHttpSourceConnection.java,81.0,13.0,0.0,8.0,8.0,14.0,69.0,hiranya@13f79535-47bb-0310-9956-ffa450edef68,1,0.003663003663003663,20.0,20.0,0.0,0.0,3197.0,116689.35328989047,1,4,0.3184537311185346,false
modules/transports/core/nhttp/src/main/java/org/apache/synapse/transport/passthru/logging/LoggingNHttpTargetConnection.java,81.0,13.0,0.0,8.0,8.0,14.0,69.0,hiranya@13f79535-47bb-0310-9956-ffa450edef68,1,0.003663003663003663,20.0,20.0,0.0,0.0,3197.0,116689.35328989047,1,4,0.3184537311185346,false
modules/transports/core/nhttp/src/main/java/org/apache/synapse/transport/passthru/logging/LoggingSourceHandler.java,86.0,7.0,0.0,10.0,35.0,31.0,69.0,hiranya@13f79535-47bb-0310-9956-ffa450edef68,1,0.003663003663003663,20.0,20.0,0.0,0.0,3197.0,116689.35328989047,1,4,0.3184537311185346,false
modules/transports/core/nhttp/src/main/java/org/apache/synapse/transport/passthru/logging/LoggingTargetHandler.java,74.0,6.0,0.0,11.0,36.0,29.0,69.0,hiranya@13f79535-47bb-0310-9956-ffa450edef68,1,0.003663003663003663,20.0,20.0,0.0,0.0,3197.0,116689.35328989047,1,4,0.3184537311185346,false
modules/transports/core/nhttp/src/main/java/org/apache/synapse/transport/passthru/logging/LoggingUtils.java,46.0,10.0,8.0,5.0,13.0,17.0,55.0,hiranya@13f79535-47bb-0310-9956-ffa450edef68,1,0.003663003663003663,20.0,20.0,0.0,0.0,3197.0,116689.35328989047,1,4,0.3184537311185346,false
modules/transports/core/nhttp/src/main/java/org/apache/synapse/transport/utils/sslcert/CertificateVerificationConfig.java,24.0,3.0,0.0,3.0,3.0,7.0,22.0,hiranya@13f79535-47bb-0310-9956-ffa450edef68,1,0.003663003663003663,100.0,50.0,0.0,50.0,3197.0,116689.35328989047,1,0,0.3184537311185346,false
modules/transports/core/nhttp/src/main/java/org/apache/synapse/transport/utils/sslcert/CertificateVerificationException.java,11.0,0.0,3.0,3.0,0.0,8.0,31.0,hiranya@13f79535-47bb-0310-9956-ffa450edef68,1,0.003663003663003663,100.0,100.0,0.0,0.0,3197.0,116689.35328989047,1,0,0.3184537311185346,false
modules/transports/core/nhttp/src/main/java/org/apache/synapse/transport/utils/sslcert/Constants.java,10.0,0.0,0.0,0.0,0.0,0.0,22.0,hiranya@13f79535-47bb-0310-9956-ffa450edef68,1,0.003663003663003663,100.0,50.0,0.0,50.0,3197.0,116689.35328989047,1,0,0.3184537311185346,false
modules/transports/core/nhttp/src/main/java/org/apache/synapse/transport/utils/sslcert/RevocationStatus.java,0.0,0.0,0.0,0.0,0.0,0.0,31.0,hiranya@13f79535-47bb-0310-9956-ffa450edef68,1,0.003663003663003663,100.0,100.0,0.0,0.0,3197.0,116689.35328989047,1,0,0.3184537311185346,false
modules/transports/core/nhttp/src/main/java/org/apache/synapse/transport/utils/sslcert/RevocationVerificationManager.java,73.0,9.0,1.0,3.0,13.0,15.0,22.0,hiranya@13f79535-47bb-0310-9956-ffa450edef68,1,0.003663003663003663,100.0,50.0,0.0,50.0,3197.0,116689.35328989047,1,0,0.3184537311185346,false
modules/transports/core/nhttp/src/main/java/org/apache/synapse/transport/utils/sslcert/RevocationVerifier.java,6.0,1.0,0.0,1.0,0.0,3.0,31.0,hiranya@13f79535-47bb-0310-9956-ffa450edef68,1,0.003663003663003663,100.0,100.0,0.0,0.0,3197.0,116689.35328989047,1,0,0.3184537311185346,false
modules/transports/core/nhttp/src/main/java/org/apache/synapse/transport/utils/sslcert/adaptor/ParentLastClassLoader.java,62.0,7.0,4.0,4.0,17.0,16.0,31.0,hiranya@13f79535-47bb-0310-9956-ffa450edef68,1,0.003663003663003663,100.0,100.0,0.0,0.0,3197.0,116689.35328989047,1,0,0.3184537311185346,false
modules/transports/core/nhttp/src/main/java/org/apache/synapse/transport/utils/sslcert/adaptor/SynapseAdaptorForOcspCrl.java,21.0,5.0,0.0,1.0,6.0,5.0,31.0,hiranya@13f79535-47bb-0310-9956-ffa450edef68,1,0.003663003663003663,100.0,100.0,0.0,0.0,3197.0,116689.35328989047,1,0,0.3184537311185346,false
modules/transports/core/nhttp/src/main/java/org/apache/synapse/transport/utils/sslcert/cache/CacheController.java,26.0,0.0,0.0,7.0,6.0,13.0,17.0,hiranya@13f79535-47bb-0310-9956-ffa450edef68,1,0.003663003663003663,100.0,33.0,0.0,67.0,3197.0,116689.35328989047,1,0,0.3184537311185346,false
modules/transports/core/nhttp/src/main/java/org/apache/synapse/transport/utils/sslcert/cache/CacheControllerMBean.java,30.0,0.0,15.0,6.0,0.0,16.0,22.0,hiranya@13f79535-47bb-0310-9956-ffa450edef68,1,0.003663003663003663,100.0,50.0,0.0,50.0,3197.0,116689.35328989047,1,0,0.3184537311185346,false
modules/transports/core/nhttp/src/main/java/org/apache/synapse/transport/utils/sslcert/cache/CacheManager.java,147.0,9.0,0.0,7.0,20.0,21.0,17.0,hiranya@13f79535-47bb-0310-9956-ffa450edef68,1,0.003663003663003663,100.0,33.0,0.0,67.0,3197.0,116689.35328989047,1,0,0.3184537311185346,false
modules/transports/core/nhttp/src/main/java/org/apache/synapse/transport/utils/sslcert/cache/ManageableCache.java,8.0,0.0,3.0,3.0,0.0,3.0,31.0,hiranya@13f79535-47bb-0310-9956-ffa450edef68,1,0.003663003663003663,100.0,100.0,0.0,0.0,3197.0,116689.35328989047,1,0,0.3184537311185346,false
modules/transports/core/nhttp/src/main/java/org/apache/synapse/transport/utils/sslcert/cache/ManageableCacheValue.java,9.0,0.0,6.0,4.0,0.0,4.0,31.0,hiranya@13f79535-47bb-0310-9956-ffa450edef68,1,0.003663003663003663,100.0,100.0,0.0,0.0,3197.0,116689.35328989047,1,0,0.3184537311185346,false
modules/transports/core/nhttp/src/main/java/org/apache/synapse/transport/utils/sslcert/crl/CRLCache.java,141.0,12.0,0.0,10.0,29.0,26.0,18.0,hiranya@13f79535-47bb-0310-9956-ffa450edef68,1,0.003663003663003663,100.0,50.0,0.0,50.0,3197.0,116689.35328989047,1,0,0.3184537311185346,false
modules/transports/core/nhttp/src/main/java/org/apache/synapse/transport/utils/sslcert/crl/CRLVerifier.java,118.0,15.0,8.0,5.0,27.0,25.0,18.0,hiranya@13f79535-47bb-0310-9956-ffa450edef68,1,0.003663003663003663,100.0,50.0,0.0,50.0,3197.0,116689.35328989047,1,0,0.3184537311185346,false
modules/transports/core/nhttp/src/main/java/org/apache/synapse/transport/utils/sslcert/ocsp/OCSPCache.java,151.0,14.0,0.0,10.0,32.0,28.0,18.0,hiranya@13f79535-47bb-0310-9956-ffa450edef68,1,0.003663003663003663,100.0,50.0,0.0,50.0,3197.0,116689.35328989047,1,0,0.3184537311185346,false
modules/transports/core/nhttp/src/main/java/org/apache/synapse/transport/utils/sslcert/ocsp/OCSPVerifier.java,161.0,16.0,13.0,6.0,43.0,32.0,18.0,hiranya@13f79535-47bb-0310-9956-ffa450edef68,1,0.003663003663003663,100.0,50.0,0.0,50.0,3197.0,116689.35328989047,1,0,0.3184537311185346,false
modules/transports/core/nhttp/src/main/java/org/apache/synapse/transport/utils/sslcert/pathvalidation/CertificatePathValidator.java,51.0,8.0,0.0,3.0,17.0,8.0,31.0,hiranya@13f79535-47bb-0310-9956-ffa450edef68,1,0.003663003663003663,100.0,100.0,0.0,0.0,3197.0,116689.35328989047,1,0,0.3184537311185346,false
modules/transports/core/nhttp/src/main/java/org/apache/synapse/transport/utils/sslcert/pathvalidation/PathChecker.java,60.0,9.0,11.0,6.0,5.0,20.0,31.0,hiranya@13f79535-47bb-0310-9956-ffa450edef68,1,0.003663003663003663,100.0,100.0,0.0,0.0,3197.0,116689.35328989047,1,0,0.3184537311185346,false
modules/transports/core/nhttp/src/test/java/org/apache/synapse/transport/utils/sslcert/CRLVerifierTest.java,64.0,15.0,6.0,4.0,34.0,16.0,22.0,hiranya@13f79535-47bb-0310-9956-ffa450edef68,1,0.003663003663003663,100.0,50.0,0.0,50.0,3197.0,116689.35328989047,1,0,0.3184537311185346,false
modules/transports/core/nhttp/src/test/java/org/apache/synapse/transport/utils/sslcert/OCSPVerifierTest.java,84.0,16.0,6.0,4.0,32.0,17.0,22.0,hiranya@13f79535-47bb-0310-9956-ffa450edef68,1,0.003663003663003663,100.0,50.0,0.0,50.0,3197.0,116689.35328989047,1,0,0.3184537311185346,false
modules/transports/core/nhttp/src/test/java/org/apache/synapse/transport/utils/sslcert/RevocationVerificationTest.java,84.0,8.0,15.0,6.0,22.0,26.0,22.0,hiranya@13f79535-47bb-0310-9956-ffa450edef68,1,0.003663003663003663,100.0,50.0,0.0,50.0,3197.0,116689.35328989047,1,0,0.3184537311185346,false
modules/transports/core/nhttp/src/test/java/org/apache/synapse/transport/utils/sslcert/TestConstants.java,10.0,0.0,0.0,0.0,0.0,0.0,22.0,hiranya@13f79535-47bb-0310-9956-ffa450edef68,1,0.003663003663003663,100.0,50.0,0.0,50.0,3197.0,116689.35328989047,1,0,0.3184537311185346,false
modules/transports/core/nhttp/src/test/java/org/apache/synapse/transport/utils/sslcert/Utils.java,79.0,11.0,21.0,7.0,38.0,28.0,22.0,hiranya@13f79535-47bb-0310-9956-ffa450edef68,1,0.003663003663003663,100.0,50.0,0.0,50.0,3197.0,116689.35328989047,1,0,0.3184537311185346,false
modules/transports/core/vfs/src/main/java/org/apache/synapse/transport/vfs/VFSTransportListener.java,522.0,27.0,20.0,8.0,129.0,44.0,2.0,null,1,0.003663003663003663,6.0,0.0,6.0,0.0,196.33333333333331,306.535766247033,1,7,3.004031076368686,false
modules/transports/optional/amqp/src/main/java/org/apache/synapse/transport/amqp/AMQPOutTransportInfo.java,18.0,3.0,0.0,4.0,1.0,6.0,0.0,rajikak@13f79535-47bb-0310-9956-ffa450edef68,0,0.0,0.0,0.0,0.0,0.0,0.0,0.0,0,0,0.0,false
modules/transports/optional/amqp/src/main/java/org/apache/synapse/transport/amqp/AMQPTransportBuffers.java,61.0,5.0,2.0,5.0,7.0,14.0,11.0,rajikak@13f79535-47bb-0310-9956-ffa450edef68,1,0.003663003663003663,50.0,50.0,0.0,0.0,406.22222222222223,1537.0326044414505,1,0,1.5769147207285403,false
modules/transports/optional/amqp/src/main/java/org/apache/synapse/transport/amqp/AMQPTransportConstant.java,219.0,0.0,0.0,0.0,0.0,0.0,6.0,rajikak@13f79535-47bb-0310-9956-ffa450edef68,1,0.003663003663003663,50.0,50.0,25.0,0.0,406.22222222222223,1537.0326044414505,1,0,1.5769147207285403,false
modules/transports/optional/amqp/src/main/java/org/apache/synapse/transport/amqp/AMQPTransportEndpoint.java,43.0,11.0,2.0,4.0,8.0,12.0,6.0,rajikak@13f79535-47bb-0310-9956-ffa450edef68,1,0.003663003663003663,50.0,50.0,0.0,0.0,406.22222222222223,1537.0326044414505,1,0,1.5769147207285403,false
modules/transports/optional/amqp/src/main/java/org/apache/synapse/transport/amqp/AMQPTransportException.java,14.0,0.0,3.0,3.0,0.0,3.0,0.0,rajikak@13f79535-47bb-0310-9956-ffa450edef68,0,0.0,0.0,0.0,0.0,0.0,0.0,0.0,0,0,0.0,false
modules/transports/optional/amqp/src/main/java/org/apache/synapse/transport/amqp/AMQPTransportListener.java,71.0,9.0,9.0,7.0,21.0,21.0,8.0,rajikak@13f79535-47bb-0310-9956-ffa450edef68,1,0.003663003663003663,67.0,67.0,0.0,0.0,406.22222222222223,1537.0326044414505,1,0,1.5769147207285403,false
modules/transports/optional/amqp/src/main/java/org/apache/synapse/transport/amqp/AMQPTransportMessage.java,108.0,6.0,150.0,20.0,18.0,39.0,0.0,rajikak@13f79535-47bb-0310-9956-ffa450edef68,0,0.0,0.0,0.0,0.0,0.0,0.0,0.0,0,0,0.0,false
modules/transports/optional/amqp/src/main/java/org/apache/synapse/transport/amqp/AMQPTransportSender.java,224.0,27.0,9.0,6.0,66.0,22.0,1.0,rajikak@13f79535-47bb-0310-9956-ffa450edef68,1,0.003663003663003663,50.0,0.0,0.0,50.0,406.22222222222223,1537.0326044414505,1,0,1.5769147207285403,false
modules/transports/optional/amqp/src/main/java/org/apache/synapse/transport/amqp/AMQPTransportUtils.java,190.0,12.0,85.0,15.0,45.0,62.0,0.0,rajikak@13f79535-47bb-0310-9956-ffa450edef68,0,0.0,0.0,0.0,0.0,0.0,0.0,0.0,0,0,0.0,false
modules/transports/optional/amqp/src/main/java/org/apache/synapse/transport/amqp/connectionfactory/AMQPTransportConnectionFactory.java,160.0,18.0,0.0,11.0,27.0,37.0,11.0,rajikak@13f79535-47bb-0310-9956-ffa450edef68,1,0.003663003663003663,50.0,50.0,0.0,0.0,406.22222222222223,1537.0326044414505,1,0,1.5769147207285403,false
modules/transports/optional/amqp/src/main/java/org/apache/synapse/transport/amqp/connectionfactory/AMQPTransportConnectionFactoryManager.java,84.0,9.0,0.0,7.0,17.0,24.0,8.0,rajikak@13f79535-47bb-0310-9956-ffa450edef68,1,0.003663003663003663,67.0,67.0,0.0,0.0,406.22222222222223,1537.0326044414505,1,0,1.5769147207285403,false
modules/transports/optional/amqp/src/main/java/org/apache/synapse/transport/amqp/ha/AMQPTransportHABrokerEntry.java,14.0,2.0,0.0,3.0,0.0,5.0,11.0,rajikak@13f79535-47bb-0310-9956-ffa450edef68,1,0.003663003663003663,100.0,100.0,0.0,0.0,406.22222222222223,1537.0326044414505,1,0,1.5769147207285403,false
modules/transports/optional/amqp/src/main/java/org/apache/synapse/transport/amqp/ha/AMQPTransportHAEntry.java,19.0,1.0,0.0,4.0,0.0,7.0,11.0,rajikak@13f79535-47bb-0310-9956-ffa450edef68,1,0.003663003663003663,100.0,100.0,0.0,0.0,406.22222222222223,1537.0326044414505,1,0,1.5769147207285403,false
modules/transports/optional/amqp/src/main/java/org/apache/synapse/transport/amqp/ha/AMQPTransportReconnectHandler.java,85.0,7.0,0.0,4.0,22.0,11.0,6.0,rajikak@13f79535-47bb-0310-9956-ffa450edef68,1,0.003663003663003663,100.0,67.0,33.0,0.0,406.22222222222223,1537.0326044414505,1,0,1.5769147207285403,false
modules/transports/optional/amqp/src/main/java/org/apache/synapse/transport/amqp/pollingtask/AMQPSimpleConsumerTask.java,52.0,10.0,0.0,2.0,1.0,2.0,2.0,rajikak@13f79535-47bb-0310-9956-ffa450edef68,1,0.003663003663003663,75.0,25.0,25.0,0.0,406.22222222222223,1537.0326044414505,1,0,1.5769147207285403,false
modules/transports/optional/amqp/src/main/java/org/apache/synapse/transport/amqp/pollingtask/AMQPTransportPollingTask.java,486.0,28.0,1018.0,48.0,15.0,73.0,3.0,rajikak@13f79535-47bb-0310-9956-ffa450edef68,1,0.003663003663003663,70.0,20.0,30.0,0.0,406.22222222222223,1537.0326044414505,1,1,1.5769147207285403,false
modules/transports/optional/amqp/src/main/java/org/apache/synapse/transport/amqp/pollingtask/AMQPTransportPollingTaskFactory.java,150.0,10.0,1.0,2.0,55.0,11.0,8.0,rajikak@13f79535-47bb-0310-9956-ffa450edef68,1,0.003663003663003663,50.0,50.0,0.0,0.0,406.22222222222223,1537.0326044414505,1,0,1.5769147207285403,false
modules/transports/optional/amqp/src/main/java/org/apache/synapse/transport/amqp/sendertask/AMQPSender.java,117.0,16.0,9.0,7.0,30.0,14.0,0.0,rajikak@13f79535-47bb-0310-9956-ffa450edef68,0,0.0,0.0,0.0,0.0,0.0,0.0,0.0,0,0,0.0,false
modules/transports/optional/amqp/src/main/java/org/apache/synapse/transport/amqp/sendertask/AMQPSenderCache.java,24.0,1.0,0.0,6.0,5.0,8.0,0.0,rajikak@13f79535-47bb-0310-9956-ffa450edef68,0,0.0,0.0,0.0,0.0,0.0,0.0,0.0,0,0,0.0,false
modules/transports/optional/amqp/src/main/java/org/apache/synapse/transport/amqp/sendertask/AMQPSenderFactory.java,65.0,11.0,0.0,1.0,11.0,5.0,0.0,rajikak@13f79535-47bb-0310-9956-ffa450edef68,0,0.0,0.0,0.0,0.0,0.0,0.0,0.0,0,0,0.0,false
modules/transports/optional/amqp/src/main/java/org/apache/synapse/transport/amqp/tx/AMQPTransportProducerTx.java,30.0,2.0,0.0,3.0,4.0,9.0,0.0,rajikak@13f79535-47bb-0310-9956-ffa450edef68,0,0.0,0.0,0.0,0.0,0.0,0.0,0.0,0,0,0.0,false
modules/transports/optional/amqp/src/test/java/org/apache/synapse/tranport/amqp/AMQPConsumerClient.java,30.0,5.0,0.0,1.0,8.0,6.0,2.0,rajikak@13f79535-47bb-0310-9956-ffa450edef68,1,0.003663003663003663,25.0,0.0,25.0,0.0,406.22222222222223,1537.0326044414505,1,2,1.5769147207285403,false
modules/transports/optional/amqp/src/test/java/org/apache/synapse/tranport/amqp/AMQPProducerClient.java,63.0,4.0,6.0,4.0,15.0,10.0,1.0,rajikak@13f79535-47bb-0310-9956-ffa450edef68,1,0.003663003663003663,60.0,0.0,20.0,0.0,406.22222222222223,1537.0326044414505,1,1,1.5769147207285403,false
modules/transports/optional/amqp/src/test/java/org/apache/synapse/tranport/amqp/AMQPTransportUtilsTest.java,75.0,7.0,66.0,13.0,40.0,28.0,11.0,rajikak@13f79535-47bb-0310-9956-ffa450edef68,1,0.003663003663003663,50.0,50.0,0.0,0.0,406.22222222222223,1537.0326044414505,1,0,1.5769147207285403,false
modules/transports/optional/amqp/src/test/java/org/apache/synapse/tranport/amqp/AMQPTwoWayProducerClient.java,36.0,2.0,1.0,2.0,19.0,7.0,0.0,rajikak@13f79535-47bb-0310-9956-ffa450edef68,0,0.0,0.0,0.0,0.0,0.0,0.0,0.0,0,0,0.0,false
modules/transports/optional/fix/src/main/java/org/apache/synapse/transport/fix/FIXUtils.java,615.0,22.0,184.0,20.0,157.0,90.0,1.0,hiranya@13f79535-47bb-0310-9956-ffa450edef68,1,0.003663003663003663,14.0,0.0,14.0,0.0,3197.0,116689.35328989047,1,4,0.3184537311185346,false
modules/transports/optional/fix/src/main/java/org/apache/synapse/transport/fix/message/FIXMessageBuilder.java,48.0,12.0,0.0,2.0,13.0,9.0,0.0,hiranya@13f79535-47bb-0310-9956-ffa450edef68,0,0.0,0.0,0.0,0.0,0.0,0.0,0.0,0,1,0.0,false
modules/transports/optional/fix/src/main/java/org/apache/synapse/transport/fix/message/FIXMessageFormatter.java,36.0,11.0,10.0,5.0,9.0,18.0,0.0,hiranya@13f79535-47bb-0310-9956-ffa450edef68,0,0.0,0.0,0.0,0.0,0.0,0.0,0.0,0,1,0.0,false
modules/transports/optional/fix/src/test/java/org/apache/synapse/transport/fix/message/FIXMessageBuilderTest.java,12.0,5.0,0.0,1.0,4.0,2.0,0.0,hiranya@13f79535-47bb-0310-9956-ffa450edef68,0,0.0,0.0,0.0,0.0,0.0,0.0,0.0,0,1,0.0,false
modules/transports/optional/fix/src/test/java/org/apache/synapse/transport/fix/message/FIXMessageFormatterTest.java,18.0,9.0,0.0,1.0,11.0,2.0,0.0,hiranya@13f79535-47bb-0310-9956-ffa450edef68,0,0.0,0.0,0.0,0.0,0.0,0.0,0.0,0,1,0.0,false
