name,LOC,CBO,LCOM,NOM,RFC,WMC,ACS,Ownership,numOfChanges,numberOfFIChanges,ENH,NF,BugFixing,REF,structuralWorkloadSum,semanticWorkloadSum,numberOfDeveloper,pastFaults,MAF,isBuggy
modules/core/src/main/java/org/apache/synapse/SynapseConstants.java,418.0,3.0,0.0,0.0,0.0,0.0,0.0,null,0,0.0,0.0,0.0,0.0,0.0,0.0,0.0,0,23,0.0,true
modules/core/src/main/java/org/apache/synapse/config/SynapseConfigUtils.java,668.0,37.0,241.0,27.0,186.0,110.0,0.0,indika@13f79535-47bb-0310-9956-ffa450edef68,0,0.0,0.0,0.0,0.0,0.0,0.0,0.0,0,14,0.0,false
modules/core/src/main/java/org/apache/synapse/config/xml/CalloutMediatorFactory.java,134.0,12.0,1.0,2.0,27.0,9.0,0.0,hiranya@13f79535-47bb-0310-9956-ffa450edef68,0,0.0,0.0,0.0,0.0,0.0,0.0,0.0,0,4,0.0,false
modules/core/src/main/java/org/apache/synapse/config/xml/CalloutMediatorSerializer.java,78.0,5.0,1.0,2.0,25.0,7.0,0.0,hiranya@13f79535-47bb-0310-9956-ffa450edef68,0,0.0,0.0,0.0,0.0,0.0,0.0,0.0,0,2,0.0,false
modules/core/src/main/java/org/apache/synapse/config/xml/MediatorFactoryFinder.java,127.0,14.0,8.0,9.0,29.0,30.0,0.0,ruwan@13f79535-47bb-0310-9956-ffa450edef68,0,0.0,0.0,0.0,0.0,0.0,0.0,0.0,0,3,0.0,false
modules/core/src/main/java/org/apache/synapse/config/xml/MediatorSerializerFinder.java,63.0,9.0,1.0,6.0,20.0,17.0,0.0,ruwan@13f79535-47bb-0310-9956-ffa450edef68,0,0.0,0.0,0.0,0.0,0.0,0.0,0.0,0,3,0.0,false
modules/core/src/main/java/org/apache/synapse/config/xml/ProxyServiceFactory.java,258.0,16.0,0.0,3.0,49.0,12.0,0.0,ruwan@13f79535-47bb-0310-9956-ffa450edef68,0,0.0,0.0,0.0,0.0,0.0,0.0,0.0,0,8,0.0,false
modules/core/src/main/java/org/apache/synapse/config/xml/ProxyServiceSerializer.java,185.0,14.0,1.0,2.0,51.0,8.0,0.0,hiranya@13f79535-47bb-0310-9956-ffa450edef68,0,0.0,0.0,0.0,0.0,0.0,0.0,0.0,0,4,0.0,false
modules/core/src/main/java/org/apache/synapse/config/xml/RegistryFactory.java,66.0,9.0,4.0,4.0,19.0,15.0,0.0,ruwan@13f79535-47bb-0310-9956-ffa450edef68,0,0.0,0.0,0.0,0.0,0.0,0.0,0.0,0,2,0.0,false
modules/core/src/main/java/org/apache/synapse/config/xml/endpoints/AddressEndpointFactory.java,48.0,9.0,6.0,4.0,16.0,11.0,0.0,null,0,0.0,0.0,0.0,0.0,0.0,0.0,0.0,0,9,0.0,true
modules/core/src/main/java/org/apache/synapse/config/xml/endpoints/DefaultEndpointFactory.java,86.0,10.0,15.0,6.0,28.0,17.0,0.0,indika@13f79535-47bb-0310-9956-ffa450edef68,0,0.0,0.0,0.0,0.0,0.0,0.0,0.0,0,8,0.0,true
modules/core/src/main/java/org/apache/synapse/config/xml/endpoints/EndpointDefinitionFactory.java,224.0,10.0,0.0,3.0,40.0,12.0,0.0,hiranya@13f79535-47bb-0310-9956-ffa450edef68,0,0.0,0.0,0.0,0.0,0.0,0.0,0.0,0,2,0.0,false
modules/core/src/main/java/org/apache/synapse/config/xml/endpoints/EndpointDefinitionSerializer.java,116.0,7.0,0.0,1.0,31.0,5.0,0.0,hiranya@13f79535-47bb-0310-9956-ffa450edef68,0,0.0,0.0,0.0,0.0,0.0,0.0,0.0,0,4,0.0,false
modules/core/src/main/java/org/apache/synapse/config/xml/endpoints/ServiceDynamicLoadbalanceEndpointFactory.java,108.0,16.0,3.0,3.0,29.0,10.0,0.0,veithen@13f79535-47bb-0310-9956-ffa450edef68,0,0.0,0.0,0.0,0.0,0.0,0.0,0.0,0,0,0.0,false
modules/core/src/main/java/org/apache/synapse/config/xml/endpoints/WSDLEndpointFactory.java,90.0,17.0,3.0,3.0,29.0,9.0,0.0,null,0,0.0,0.0,0.0,0.0,0.0,0.0,0.0,0,11,0.0,true
modules/core/src/main/java/org/apache/synapse/core/axis2/AnonymousServiceFactory.java,169.0,10.0,13.0,6.0,34.0,28.0,0.0,ruwan@13f79535-47bb-0310-9956-ffa450edef68,0,0.0,0.0,0.0,0.0,0.0,0.0,0.0,0,3,0.0,false
modules/core/src/main/java/org/apache/synapse/core/axis2/Axis2BlockingClient.java,162.0,26.0,25.0,10.0,73.0,26.0,0.0,hiranya@13f79535-47bb-0310-9956-ffa450edef68,0,0.0,0.0,0.0,0.0,0.0,0.0,0.0,0,0,0.0,false
modules/core/src/main/java/org/apache/synapse/core/axis2/Axis2FlexibleMEPClient.java,281.0,25.0,10.0,5.0,96.0,24.0,0.0,ruwan@13f79535-47bb-0310-9956-ffa450edef68,0,0.0,0.0,0.0,0.0,0.0,0.0,0.0,0,33,0.0,true
modules/core/src/main/java/org/apache/synapse/core/axis2/BlockingClientUtils.java,207.0,13.0,10.0,5.0,57.0,21.0,0.0,hiranya@13f79535-47bb-0310-9956-ffa450edef68,0,0.0,0.0,0.0,0.0,0.0,0.0,0.0,0,0,0.0,false
modules/core/src/main/java/org/apache/synapse/core/axis2/ProxyService.java,760.0,39.0,2463.0,74.0,121.0,134.0,0.0,ruwan@13f79535-47bb-0310-9956-ffa450edef68,0,0.0,0.0,0.0,0.0,0.0,0.0,0.0,0,19,0.0,false
modules/core/src/main/java/org/apache/synapse/core/axis2/SOAPUtils.java,284.0,13.0,0.0,5.0,101.0,28.0,0.0,ruwan@13f79535-47bb-0310-9956-ffa450edef68,0,0.0,0.0,0.0,0.0,0.0,0.0,0.0,0,6,0.0,false
modules/core/src/main/java/org/apache/synapse/core/axis2/SynapseCallbackReceiver.java,279.0,28.0,1.0,10.0,114.0,37.0,0.0,indika@13f79535-47bb-0310-9956-ffa450edef68,0,0.0,0.0,0.0,0.0,0.0,0.0,0.0,0,19,0.0,true
modules/core/src/main/java/org/apache/synapse/core/relay/ServiceRequestEarlyBuilder.java,61.0,15.0,3.0,3.0,27.0,14.0,0.0,hiranya@13f79535-47bb-0310-9956-ffa450edef68,0,0.0,0.0,0.0,0.0,0.0,0.0,0.0,0,3,0.0,false
modules/core/src/main/java/org/apache/synapse/endpoints/AbstractEndpoint.java,492.0,20.0,870.0,49.0,118.0,122.0,0.0,null,0,0.0,0.0,0.0,0.0,0.0,0.0,0.0,0,19,0.0,true
modules/core/src/main/java/org/apache/synapse/endpoints/EndpointDefinition.java,438.0,8.0,2055.0,66.0,17.0,129.0,0.0,null,0,0.0,0.0,0.0,0.0,0.0,0.0,0.0,0,4,0.0,true
modules/core/src/main/java/org/apache/synapse/endpoints/IndirectEndpoint.java,98.0,10.0,6.0,12.0,26.0,25.0,0.0,indika@13f79535-47bb-0310-9956-ffa450edef68,0,0.0,0.0,0.0,0.0,0.0,0.0,0.0,0,7,0.0,true
modules/core/src/main/java/org/apache/synapse/libraries/model/ArtifactFile.java,41.0,9.0,4.0,4.0,5.0,10.0,0.0,uswick@13f79535-47bb-0310-9956-ffa450edef68,0,0.0,0.0,0.0,0.0,0.0,0.0,0.0,0,1,0.0,false
modules/core/src/main/java/org/apache/synapse/libraries/util/LibDeployerUtils.java,319.0,19.0,139.0,18.0,101.0,79.0,0.0,uswick@13f79535-47bb-0310-9956-ffa450edef68,0,0.0,0.0,0.0,0.0,0.0,0.0,0.0,0,1,0.0,false
modules/core/src/main/java/org/apache/synapse/mediators/builtin/CalloutMediator.java,376.0,24.0,465.0,35.0,56.0,84.0,0.0,hiranya@13f79535-47bb-0310-9956-ffa450edef68,0,0.0,0.0,0.0,0.0,0.0,0.0,0.0,0,10,0.0,false
modules/core/src/main/java/org/apache/synapse/mediators/builtin/ValidateMediator.java,275.0,29.0,34.0,13.0,55.0,46.0,0.0,null,0,0.0,0.0,0.0,0.0,0.0,0.0,0.0,0,8,0.0,false
modules/core/src/main/java/org/apache/synapse/mediators/transform/HeaderMediator.java,192.0,15.0,51.0,15.0,45.0,36.0,0.0,ruwan@13f79535-47bb-0310-9956-ffa450edef68,0,0.0,0.0,0.0,0.0,0.0,0.0,0.0,0,4,0.0,false
modules/core/src/main/java/org/apache/synapse/message/processors/forward/ForwardingJob.java,148.0,19.0,1.0,2.0,30.0,14.0,0.0,hiranya@13f79535-47bb-0310-9956-ffa450edef68,0,0.0,0.0,0.0,0.0,0.0,0.0,0.0,0,5,0.0,false
modules/core/src/main/java/org/apache/synapse/message/processors/forward/MessageForwardingProcessorView.java,162.0,14.0,0.0,12.0,38.0,48.0,0.0,hiranya@13f79535-47bb-0310-9956-ffa450edef68,0,0.0,0.0,0.0,0.0,0.0,0.0,0.0,0,1,0.0,false
modules/core/src/main/java/org/apache/synapse/message/processors/forward/ScheduledMessageForwardingProcessor.java,67.0,6.0,52.0,12.0,20.0,23.0,0.0,hiranya@13f79535-47bb-0310-9956-ffa450edef68,0,0.0,0.0,0.0,0.0,0.0,0.0,0.0,0,2,0.0,false
modules/core/src/main/java/org/apache/synapse/registry/AbstractRegistry.java,139.0,8.0,9.0,6.0,28.0,15.0,0.0,null,0,0.0,0.0,0.0,0.0,0.0,0.0,0.0,0,6,0.0,true
modules/core/src/main/java/org/apache/synapse/util/MessageHelper.java,260.0,26.0,76.0,13.0,144.0,56.0,0.0,ruwan@13f79535-47bb-0310-9956-ffa450edef68,0,0.0,0.0,0.0,0.0,0.0,0.0,0.0,0,17,0.0,false
modules/core/src/test/java/org/apache/synapse/config/xml/CalloutMediatorSerializationTest.java,57.0,2.0,0.0,9.0,21.0,12.0,0.0,hiranya@13f79535-47bb-0310-9956-ffa450edef68,0,0.0,0.0,0.0,0.0,0.0,0.0,0.0,0,0,0.0,false
modules/core/src/test/java/org/apache/synapse/config/xml/MultiXMLConfigurationBuilderTest.java,31.0,8.0,0.0,1.0,23.0,3.0,0.0,hiranya@13f79535-47bb-0310-9956-ffa450edef68,0,0.0,0.0,0.0,0.0,0.0,0.0,0.0,0,3,0.0,false
modules/core/src/test/java/org/apache/synapse/mediators/transform/HeaderMediatorTest.java,75.0,10.0,8.0,5.0,46.0,12.0,0.0,hiranya@13f79535-47bb-0310-9956-ffa450edef68,0,0.0,0.0,0.0,0.0,0.0,0.0,0.0,0,2,0.0,false
modules/core/src/test/java/org/apache/synapse/registry/DynamicResourceTest.java,109.0,11.0,0.0,3.0,33.0,8.0,0.0,hiranya@13f79535-47bb-0310-9956-ffa450edef68,0,0.0,0.0,0.0,0.0,0.0,0.0,0.0,0,3,0.0,false
modules/core/src/test/java/org/apache/synapse/registry/url/SimpleURLRegistryTest.java,74.0,13.0,1.0,6.0,30.0,13.0,0.0,null,0,0.0,0.0,0.0,0.0,0.0,0.0,0.0,0,5,0.0,false
modules/extensions/src/main/java/org/apache/synapse/mediators/xquery/XQueryMediator.java,533.0,29.0,142.0,20.0,96.0,51.0,0.0,indika@13f79535-47bb-0310-9956-ffa450edef68,0,0.0,0.0,0.0,0.0,0.0,0.0,0.0,0,8,0.0,false
modules/extensions/src/test/java/org/apache/synapse/mediators/throttle/ThrottleMediatorTest.java,176.0,17.0,4.0,4.0,35.0,14.0,0.0,indika@13f79535-47bb-0310-9956-ffa450edef68,0,0.0,0.0,0.0,0.0,0.0,0.0,0.0,0,0,0.0,false
modules/integration/src/test/java/org/apache/synapse/samples/framework/Axis2BackEndServerController.java,162.0,14.0,1.0,6.0,10.0,17.0,0.0,hiranya@13f79535-47bb-0310-9956-ffa450edef68,0,0.0,0.0,0.0,0.0,0.0,0.0,0.0,0,0,0.0,false
modules/integration/src/test/java/org/apache/synapse/samples/framework/EchoHttpServerController.java,133.0,17.0,0.0,3.0,5.0,7.0,3.0,hiranya@13f79535-47bb-0310-9956-ffa450edef68,2,0.2857142857142857,67.0,33.0,33.0,0.0,96.0,39.043378793241246,2,0,0.7205096304045685,false
modules/integration/src/test/java/org/apache/synapse/samples/framework/SynapseTestCase.java,231.0,19.0,13.0,15.0,74.0,54.0,0.0,hiranya@13f79535-47bb-0310-9956-ffa450edef68,0,0.0,0.0,0.0,0.0,0.0,0.0,0.0,0,1,0.0,false
modules/integration/src/test/java/org/apache/synapse/samples/framework/SynapseTestUtils.java,88.0,11.0,21.0,7.0,26.0,33.0,1.0,hiranya@13f79535-47bb-0310-9956-ffa450edef68,1,0.14285714285714285,20.0,0.0,20.0,0.0,38.0,23.474786012133777,1,0,0.262364264467491,false
modules/integration/src/test/java/org/apache/synapse/samples/framework/TestSamplesHandlerSuite.java,181.0,17.0,0.0,2.0,11.0,6.0,0.0,hiranya@13f79535-47bb-0310-9956-ffa450edef68,0,0.0,0.0,0.0,0.0,0.0,0.0,0.0,0,5,0.0,false
modules/integration/src/test/java/org/apache/synapse/samples/framework/clients/BasicHttpClient.java,60.0,7.0,3.0,3.0,16.0,16.0,2.0,hiranya@13f79535-47bb-0310-9956-ffa450edef68,1,0.14285714285714285,20.0,0.0,0.0,0.0,38.0,23.474786012133777,1,0,0.262364264467491,false
modules/integration/src/test/java/org/apache/synapse/samples/framework/clients/StockQuoteSampleClient.java,347.0,31.0,104.0,20.0,147.0,62.0,0.0,hiranya@13f79535-47bb-0310-9956-ffa450edef68,0,0.0,0.0,0.0,0.0,0.0,0.0,0.0,0,5,0.0,false
modules/integration/src/test/java/org/apache/synapse/samples/framework/config/SampleConfigConstants.java,43.0,0.0,0.0,0.0,0.0,0.0,0.0,hiranya@13f79535-47bb-0310-9956-ffa450edef68,0,0.0,0.0,0.0,0.0,0.0,0.0,0.0,0,0,0.0,false
modules/integration/src/test/java/org/apache/synapse/samples/framework/tests/advanced/Sample433.java,13.0,3.0,1.0,2.0,5.0,2.0,0.0,hiranya@13f79535-47bb-0310-9956-ffa450edef68,0,0.0,0.0,0.0,0.0,0.0,0.0,0.0,0,0,0.0,false
modules/integration/src/test/java/org/apache/synapse/samples/framework/tests/advanced/Sample434.java,13.0,3.0,1.0,2.0,5.0,2.0,0.0,hiranya@13f79535-47bb-0310-9956-ffa450edef68,0,0.0,0.0,0.0,0.0,0.0,0.0,0.0,0,0,0.0,false
modules/integration/src/test/java/org/apache/synapse/samples/framework/tests/endpoint/Sample53.java,36.0,4.0,3.0,3.0,14.0,4.0,0.0,hiranya@13f79535-47bb-0310-9956-ffa450edef68,0,0.0,0.0,0.0,0.0,0.0,0.0,0.0,0,1,0.0,true
modules/integration/src/test/java/org/apache/synapse/samples/framework/tests/message/Sample7.java,19.0,4.0,1.0,2.0,10.0,2.0,0.0,hiranya@13f79535-47bb-0310-9956-ffa450edef68,0,0.0,0.0,0.0,0.0,0.0,0.0,0.0,0,2,0.0,false
modules/integration/src/test/java/org/apache/synapse/samples/framework/tests/rest/Sample10002.java,82.0,9.0,9.0,7.0,36.0,30.0,0.0,hiranya@13f79535-47bb-0310-9956-ffa450edef68,0,0.0,0.0,0.0,0.0,0.0,0.0,0.0,0,0,0.0,false
modules/samples/src/main/java/samples/userguide/AMQPConsumer.java,160.0,15.0,10.0,9.0,55.0,23.0,0.0,hiranya@13f79535-47bb-0310-9956-ffa450edef68,0,0.0,0.0,0.0,0.0,0.0,0.0,0.0,0,1,0.0,true
modules/samples/src/main/java/samples/userguide/StockQuoteClient.java,191.0,19.0,21.0,7.0,52.0,26.0,0.0,ruwan@13f79535-47bb-0310-9956-ffa450edef68,0,0.0,0.0,0.0,0.0,0.0,0.0,0.0,0,5,0.0,false
modules/transports/core/nhttp/src/main/java/org/apache/synapse/transport/nhttp/ClientHandler.java,860.0,45.0,238.0,33.0,324.0,123.0,0.0,hiranya@13f79535-47bb-0310-9956-ffa450edef68,0,0.0,0.0,0.0,0.0,0.0,0.0,0.0,0,12,0.0,false
modules/transports/core/nhttp/src/main/java/org/apache/synapse/transport/nhttp/ConnectionPool.java,84.0,8.0,0.0,4.0,35.0,14.0,0.0,hiranya@13f79535-47bb-0310-9956-ffa450edef68,0,0.0,0.0,0.0,0.0,0.0,0.0,0.0,0,1,0.0,false
modules/transports/core/nhttp/src/main/java/org/apache/synapse/transport/nhttp/HttpCoreNIOListener.java,498.0,33.0,339.0,42.0,121.0,129.0,0.0,hiranya@13f79535-47bb-0310-9956-ffa450edef68,0,0.0,0.0,0.0,0.0,0.0,0.0,0.0,0,5,0.0,false
modules/transports/core/nhttp/src/main/java/org/apache/synapse/transport/nhttp/HttpCoreNIOSSLListener.java,120.0,26.0,15.0,6.0,28.0,21.0,0.0,hiranya@13f79535-47bb-0310-9956-ffa450edef68,0,0.0,0.0,0.0,0.0,0.0,0.0,0.0,0,1,0.0,false
modules/transports/core/nhttp/src/main/java/org/apache/synapse/transport/nhttp/HttpCoreNIOSSLSender.java,217.0,27.0,20.0,8.0,62.0,38.0,0.0,hiranya@13f79535-47bb-0310-9956-ffa450edef68,0,0.0,0.0,0.0,0.0,0.0,0.0,0.0,0,1,0.0,false
modules/transports/core/nhttp/src/main/java/org/apache/synapse/transport/nhttp/HttpCoreNIOSender.java,759.0,50.0,682.0,52.0,223.0,179.0,0.0,hiranya@13f79535-47bb-0310-9956-ffa450edef68,0,0.0,0.0,0.0,0.0,0.0,0.0,0.0,0,14,0.0,false
modules/transports/core/nhttp/src/main/java/org/apache/synapse/transport/nhttp/ListenerContext.java,196.0,29.0,160.0,20.0,26.0,49.0,0.0,hiranya@13f79535-47bb-0310-9956-ffa450edef68,0,0.0,0.0,0.0,0.0,0.0,0.0,0.0,0,4,0.0,false
modules/transports/core/nhttp/src/main/java/org/apache/synapse/transport/nhttp/NHttpConfiguration.java,93.0,3.0,145.0,18.0,21.0,37.0,0.0,ruwan@13f79535-47bb-0310-9956-ffa450edef68,0,0.0,0.0,0.0,0.0,0.0,0.0,0.0,0,2,0.0,true
modules/transports/core/nhttp/src/main/java/org/apache/synapse/transport/nhttp/ServerHandler.java,468.0,36.0,27.0,23.0,166.0,81.0,0.0,hiranya@13f79535-47bb-0310-9956-ffa450edef68,0,0.0,0.0,0.0,0.0,0.0,0.0,0.0,0,7,0.0,false
modules/transports/core/nhttp/src/main/java/org/apache/synapse/transport/nhttp/debug/NhttpConnectionDebugConfig.java,63.0,3.0,16.0,8.0,6.0,19.0,0.0,hiranya@13f79535-47bb-0310-9956-ffa450edef68,0,0.0,0.0,0.0,0.0,0.0,0.0,0.0,0,0,0.0,false
modules/transports/core/nhttp/src/main/java/org/apache/synapse/transport/nhttp/util/RESTUtil.java,189.0,26.0,28.0,8.0,65.0,32.0,0.0,null,0,0.0,0.0,0.0,0.0,0.0,0.0,0.0,0,5,0.0,false
modules/transports/core/nhttp/src/main/java/org/apache/synapse/transport/passthru/HttpGetRequestProcessor.java,21.0,6.0,1.0,2.0,0.0,4.0,0.0,hiranya@13f79535-47bb-0310-9956-ffa450edef68,0,0.0,0.0,0.0,0.0,0.0,0.0,0.0,0,1,0.0,false
modules/transports/core/nhttp/src/main/java/org/apache/synapse/transport/passthru/PassThroughConstants.java,80.0,0.0,0.0,0.0,0.0,0.0,0.0,hiranya@13f79535-47bb-0310-9956-ffa450edef68,0,0.0,0.0,0.0,0.0,0.0,0.0,0.0,0,5,0.0,false
modules/transports/core/nhttp/src/main/java/org/apache/synapse/transport/passthru/PassThroughHttpListener.java,305.0,39.0,39.0,19.0,91.0,59.0,0.0,hiranya@13f79535-47bb-0310-9956-ffa450edef68,0,0.0,0.0,0.0,0.0,0.0,0.0,0.0,0,6,0.0,false
modules/transports/core/nhttp/src/main/java/org/apache/synapse/transport/passthru/PassThroughHttpSSLListener.java,111.0,16.0,10.0,5.0,25.0,18.0,0.0,hiranya@13f79535-47bb-0310-9956-ffa450edef68,0,0.0,0.0,0.0,0.0,0.0,0.0,0.0,0,4,0.0,false
modules/transports/core/nhttp/src/main/java/org/apache/synapse/transport/passthru/PassThroughHttpSSLSender.java,229.0,27.0,26.0,8.0,62.0,38.0,0.0,hiranya@13f79535-47bb-0310-9956-ffa450edef68,0,0.0,0.0,0.0,0.0,0.0,0.0,0.0,0,4,0.0,false
modules/transports/core/nhttp/src/main/java/org/apache/synapse/transport/passthru/PassThroughHttpSender.java,445.0,52.0,52.0,20.0,130.0,83.0,0.0,hiranya@13f79535-47bb-0310-9956-ffa450edef68,0,0.0,0.0,0.0,0.0,0.0,0.0,0.0,0,6,0.0,false
modules/transports/core/nhttp/src/main/java/org/apache/synapse/transport/passthru/ServerWorker.java,349.0,44.0,0.0,12.0,168.0,49.0,0.0,hiranya@13f79535-47bb-0310-9956-ffa450edef68,0,0.0,0.0,0.0,0.0,0.0,0.0,0.0,0,5,0.0,true
modules/transports/core/nhttp/src/main/java/org/apache/synapse/transport/passthru/SourceContext.java,120.0,3.0,117.0,23.0,30.0,48.0,0.0,hiranya@13f79535-47bb-0310-9956-ffa450edef68,0,0.0,0.0,0.0,0.0,0.0,0.0,0.0,0,4,0.0,false
modules/transports/core/nhttp/src/main/java/org/apache/synapse/transport/passthru/SourceHandler.java,375.0,15.0,0.0,18.0,166.0,80.0,0.0,hiranya@13f79535-47bb-0310-9956-ffa450edef68,0,0.0,0.0,0.0,0.0,0.0,0.0,0.0,0,7,0.0,true
modules/transports/core/nhttp/src/main/java/org/apache/synapse/transport/passthru/SourceResponse.java,114.0,13.0,0.0,7.0,36.0,17.0,0.0,hiranya@13f79535-47bb-0310-9956-ffa450edef68,0,0.0,0.0,0.0,0.0,0.0,0.0,0.0,0,3,0.0,false
modules/transports/core/nhttp/src/main/java/org/apache/synapse/transport/passthru/TargetContext.java,131.0,4.0,117.0,22.0,27.0,45.0,0.0,hiranya@13f79535-47bb-0310-9956-ffa450edef68,0,0.0,0.0,0.0,0.0,0.0,0.0,0.0,0,3,0.0,false
modules/transports/core/nhttp/src/main/java/org/apache/synapse/transport/passthru/TargetHandler.java,391.0,17.0,0.0,19.0,183.0,76.0,0.0,hiranya@13f79535-47bb-0310-9956-ffa450edef68,0,0.0,0.0,0.0,0.0,0.0,0.0,0.0,0,4,0.0,false
modules/transports/core/nhttp/src/main/java/org/apache/synapse/transport/passthru/TargetRequest.java,233.0,28.0,49.0,15.0,63.0,31.0,0.0,hiranya@13f79535-47bb-0310-9956-ffa450edef68,0,0.0,0.0,0.0,0.0,0.0,0.0,0.0,0,5,0.0,false
modules/transports/core/nhttp/src/main/java/org/apache/synapse/transport/passthru/TargetResponse.java,118.0,9.0,27.0,11.0,29.0,26.0,0.0,hiranya@13f79535-47bb-0310-9956-ffa450edef68,0,0.0,0.0,0.0,0.0,0.0,0.0,0.0,0,3,0.0,false
modules/transports/core/nhttp/src/main/java/org/apache/synapse/transport/passthru/api/PassThroughNHttpGetProcessor.java,335.0,34.0,63.0,15.0,114.0,54.0,0.0,hiranya@13f79535-47bb-0310-9956-ffa450edef68,0,0.0,0.0,0.0,0.0,0.0,0.0,0.0,0,1,0.0,true
modules/transports/core/nhttp/src/main/java/org/apache/synapse/transport/passthru/config/BaseConfiguration.java,64.0,10.0,29.0,10.0,10.0,21.0,0.0,hiranya@13f79535-47bb-0310-9956-ffa450edef68,0,0.0,0.0,0.0,0.0,0.0,0.0,0.0,0,6,0.0,false
modules/transports/core/nhttp/src/main/java/org/apache/synapse/transport/passthru/config/PassThroughConfigPNames.java,53.0,0.0,0.0,0.0,0.0,0.0,0.0,hiranya@13f79535-47bb-0310-9956-ffa450edef68,0,0.0,0.0,0.0,0.0,0.0,0.0,0.0,0,3,0.0,false
modules/transports/core/nhttp/src/main/java/org/apache/synapse/transport/passthru/config/PassThroughConfiguration.java,35.0,1.0,21.0,7.0,5.0,13.0,0.0,hiranya@13f79535-47bb-0310-9956-ffa450edef68,0,0.0,0.0,0.0,0.0,0.0,0.0,0.0,0,5,0.0,false
modules/transports/core/nhttp/src/main/java/org/apache/synapse/transport/passthru/config/SourceConfiguration.java,162.0,17.0,90.0,16.0,24.0,46.0,0.0,hiranya@13f79535-47bb-0310-9956-ffa450edef68,0,0.0,0.0,0.0,0.0,0.0,0.0,0.0,0,3,0.0,true
modules/transports/core/nhttp/src/main/java/org/apache/synapse/transport/passthru/config/TargetConfiguration.java,40.0,5.0,13.0,7.0,3.0,12.0,0.0,hiranya@13f79535-47bb-0310-9956-ffa450edef68,0,0.0,0.0,0.0,0.0,0.0,0.0,0.0,0,3,0.0,false
modules/transports/core/nhttp/src/main/java/org/apache/synapse/transport/passthru/connections/HostConnections.java,117.0,9.0,0.0,10.0,32.0,23.0,0.0,hiranya@13f79535-47bb-0310-9956-ffa450edef68,0,0.0,0.0,0.0,0.0,0.0,0.0,0.0,0,3,0.0,false
modules/transports/core/nhttp/src/main/java/org/apache/synapse/transport/passthru/connections/SourceConnections.java,138.0,9.0,0.0,6.0,33.0,21.0,0.0,hiranya@13f79535-47bb-0310-9956-ffa450edef68,0,0.0,0.0,0.0,0.0,0.0,0.0,0.0,0,3,0.0,false
modules/transports/core/nhttp/src/main/java/org/apache/synapse/transport/passthru/connections/TargetConnections.java,131.0,12.0,0.0,7.0,34.0,25.0,0.0,hiranya@13f79535-47bb-0310-9956-ffa450edef68,0,0.0,0.0,0.0,0.0,0.0,0.0,0.0,0,3,0.0,false
modules/transports/core/nhttp/src/main/java/org/apache/synapse/transport/passthru/jmx/ConnectionsView.java,192.0,7.0,175.0,22.0,44.0,51.0,0.0,hiranya@13f79535-47bb-0310-9956-ffa450edef68,0,0.0,0.0,0.0,0.0,0.0,0.0,0.0,0,4,0.0,false
modules/transports/core/nhttp/src/main/java/org/apache/synapse/transport/passthru/jmx/LatencyView.java,172.0,11.0,79.0,14.0,24.0,35.0,0.0,hiranya@13f79535-47bb-0310-9956-ffa450edef68,0,0.0,0.0,0.0,0.0,0.0,0.0,0.0,0,3,0.0,false
modules/transports/core/nhttp/src/main/java/org/apache/synapse/transport/passthru/util/BufferFactory.java,50.0,5.0,0.0,3.0,7.0,9.0,0.0,hiranya@13f79535-47bb-0310-9956-ffa450edef68,0,0.0,0.0,0.0,0.0,0.0,0.0,0.0,0,3,0.0,false
modules/transports/core/nhttp/src/main/java/org/apache/synapse/transport/passthru/util/PassThroughTransportUtils.java,144.0,23.0,26.0,8.0,57.0,36.0,0.0,hiranya@13f79535-47bb-0310-9956-ffa450edef68,0,0.0,0.0,0.0,0.0,0.0,0.0,0.0,0,3,0.0,false
modules/transports/core/nhttp/src/main/java/org/apache/synapse/transport/passthru/util/RelayUtils.java,156.0,27.0,9.0,6.0,48.0,29.0,0.0,hiranya@13f79535-47bb-0310-9956-ffa450edef68,0,0.0,0.0,0.0,0.0,0.0,0.0,0.0,0,1,0.0,false
modules/transports/core/nhttp/src/main/java/org/apache/synapse/transport/passthru/util/TargetRequestFactory.java,91.0,20.0,3.0,3.0,31.0,17.0,0.0,hiranya@13f79535-47bb-0310-9956-ffa450edef68,0,0.0,0.0,0.0,0.0,0.0,0.0,0.0,0,3,0.0,false
modules/transports/core/nhttp/src/main/java/org/apache/synapse/transport/utils/config/HttpConfigConstants.java,16.0,0.0,0.0,0.0,0.0,0.0,0.0,hiranya@13f79535-47bb-0310-9956-ffa450edef68,0,0.0,0.0,0.0,0.0,0.0,0.0,0.0,0,1,0.0,false
modules/transports/core/nhttp/src/main/java/org/apache/synapse/transport/utils/config/HttpTransportConfiguration.java,173.0,7.0,66.0,13.0,56.0,38.0,5.0,hiranya@13f79535-47bb-0310-9956-ffa450edef68,1,0.14285714285714285,25.0,0.0,0.0,0.0,58.0,15.56859278110747,1,1,2.5649493574615367,false
modules/transports/core/nhttp/src/main/java/org/apache/synapse/transport/utils/logging/LoggingClientEventHandler.java,76.0,9.0,0.0,10.0,29.0,27.0,0.0,hiranya@13f79535-47bb-0310-9956-ffa450edef68,0,0.0,0.0,0.0,0.0,0.0,0.0,0.0,0,0,0.0,false
modules/transports/core/nhttp/src/main/java/org/apache/synapse/transport/utils/logging/LoggingConstants.java,10.0,0.0,0.0,0.0,0.0,0.0,0.0,hiranya@13f79535-47bb-0310-9956-ffa450edef68,0,0.0,0.0,0.0,0.0,0.0,0.0,0.0,0,0,0.0,false
modules/transports/core/nhttp/src/main/java/org/apache/synapse/transport/utils/logging/LoggingIOSession.java,175.0,10.0,0.0,22.0,48.0,53.0,0.0,hiranya@13f79535-47bb-0310-9956-ffa450edef68,0,0.0,0.0,0.0,0.0,0.0,0.0,0.0,0,0,0.0,false
modules/transports/core/nhttp/src/main/java/org/apache/synapse/transport/utils/logging/LoggingNHttpClientConnection.java,32.0,15.0,0.0,6.0,8.0,10.0,0.0,hiranya@13f79535-47bb-0310-9956-ffa450edef68,0,0.0,0.0,0.0,0.0,0.0,0.0,0.0,0,0,0.0,false
modules/transports/core/nhttp/src/main/java/org/apache/synapse/transport/utils/logging/LoggingNHttpClientConnectionFactory.java,67.0,19.0,0.0,2.0,6.0,5.0,0.0,hiranya@13f79535-47bb-0310-9956-ffa450edef68,0,0.0,0.0,0.0,0.0,0.0,0.0,0.0,0,0,0.0,false
modules/transports/core/nhttp/src/main/java/org/apache/synapse/transport/utils/logging/LoggingNHttpSSLClientConnectionFactory.java,31.0,9.0,0.0,3.0,6.0,6.0,0.0,hiranya@13f79535-47bb-0310-9956-ffa450edef68,0,0.0,0.0,0.0,0.0,0.0,0.0,0.0,0,0,0.0,false
modules/transports/core/nhttp/src/main/java/org/apache/synapse/transport/utils/logging/LoggingNHttpSSLServerConnectionFactory.java,17.0,7.0,0.0,2.0,1.0,3.0,0.0,hiranya@13f79535-47bb-0310-9956-ffa450edef68,0,0.0,0.0,0.0,0.0,0.0,0.0,0.0,0,0,0.0,false
modules/transports/core/nhttp/src/main/java/org/apache/synapse/transport/utils/logging/LoggingNHttpServerConnection.java,32.0,15.0,0.0,6.0,8.0,10.0,0.0,hiranya@13f79535-47bb-0310-9956-ffa450edef68,0,0.0,0.0,0.0,0.0,0.0,0.0,0.0,0,0,0.0,false
modules/transports/core/nhttp/src/main/java/org/apache/synapse/transport/utils/logging/LoggingNHttpServerConnectionFactory.java,67.0,19.0,0.0,2.0,6.0,5.0,0.0,hiranya@13f79535-47bb-0310-9956-ffa450edef68,0,0.0,0.0,0.0,0.0,0.0,0.0,0.0,0,0,0.0,false
modules/transports/core/nhttp/src/main/java/org/apache/synapse/transport/utils/logging/LoggingServerEventHandler.java,77.0,9.0,0.0,10.0,29.0,27.0,0.0,hiranya@13f79535-47bb-0310-9956-ffa450edef68,0,0.0,0.0,0.0,0.0,0.0,0.0,0.0,0,0,0.0,false
modules/transports/core/nhttp/src/main/java/org/apache/synapse/transport/utils/logging/LoggingUtils.java,57.0,10.0,15.0,6.0,10.0,14.0,0.0,hiranya@13f79535-47bb-0310-9956-ffa450edef68,0,0.0,0.0,0.0,0.0,0.0,0.0,0.0,0,0,0.0,false
modules/transports/core/nhttp/src/main/java/org/apache/synapse/transport/utils/logging/Wire.java,80.0,2.0,49.0,11.0,28.0,19.0,0.0,hiranya@13f79535-47bb-0310-9956-ffa450edef68,0,0.0,0.0,0.0,0.0,0.0,0.0,0.0,0,0,0.0,false
modules/transports/core/nhttp/src/test/java/org/apache/synapse/transport/utils/config/HttpTransportConfigurationTest.java,68.0,4.0,3.0,3.0,40.0,5.0,5.0,hiranya@13f79535-47bb-0310-9956-ffa450edef68,1,0.14285714285714285,33.0,0.0,0.0,0.0,58.0,15.56859278110747,1,1,2.5649493574615367,false
modules/transports/core/vfs/src/main/java/org/apache/synapse/transport/vfs/VFSConstants.java,62.0,0.0,0.0,0.0,0.0,0.0,0.0,rajikak@13f79535-47bb-0310-9956-ffa450edef68,0,0.0,0.0,0.0,0.0,0.0,0.0,0.0,0,2,0.0,false
modules/transports/core/vfs/src/main/java/org/apache/synapse/transport/vfs/VFSOutTransportInfo.java,104.0,5.0,52.0,13.0,14.0,24.0,0.0,hiranya@13f79535-47bb-0310-9956-ffa450edef68,0,0.0,0.0,0.0,0.0,0.0,0.0,0.0,0,2,0.0,false
modules/transports/core/vfs/src/main/java/org/apache/synapse/transport/vfs/VFSTransportSender.java,232.0,21.0,0.0,6.0,63.0,29.0,0.0,null,0,0.0,0.0,0.0,0.0,0.0,0.0,0.0,0,4,0.0,false
modules/transports/core/vfs/src/main/java/org/apache/synapse/transport/vfs/VFSUtils.java,168.0,17.0,22.0,8.0,50.0,35.0,0.0,null,0,0.0,0.0,0.0,0.0,0.0,0.0,0.0,0,6,0.0,false
