name,LOC,CBO,LCOM,NOM,RFC,WMC,ACS,Ownership,numOfChanges,numberOfFIChanges,ENH,NF,BugFixing,REF,structuralWorkloadSum,semanticWorkloadSum,numberOfDeveloper,pastFaults,MAF,isBuggy
modules/commons/src/main/java/org/apache/synapse/commons/util/MiscellaneousUtil.java,186.0,5.0,1.0,7.0,32.0,31.0,0.0,indika@13f79535-47bb-0310-9956-ffa450edef68,0,0.0,0.0,0.0,0.0,0.0,0.0,0.0,0,4,0.0,false
modules/core/src/main/java/org/apache/synapse/endpoints/DynamicLoadbalanceEndpoint.java,326.0,22.0,162.0,21.0,103.0,58.0,0.0,hiranya@13f79535-47bb-0310-9956-ffa450edef68,0,0.0,0.0,0.0,0.0,0.0,0.0,0.0,0,7,0.0,true
modules/integration/src/test/java/org/apache/synapse/samples/framework/TestSamplesHandlerSuite.java,182.0,18.0,0.0,2.0,11.0,6.0,0.0,hiranya@13f79535-47bb-0310-9956-ffa450edef68,0,0.0,0.0,0.0,0.0,0.0,0.0,0.0,0,6,0.0,false
modules/integration/src/test/java/org/apache/synapse/samples/framework/clients/BasicHttpClient.java,76.0,8.0,6.0,4.0,20.0,21.0,0.0,hiranya@13f79535-47bb-0310-9956-ffa450edef68,0,0.0,0.0,0.0,0.0,0.0,0.0,0.0,0,1,0.0,false
modules/integration/src/test/java/org/apache/synapse/samples/framework/tests/rest/Sample10003.java,10.0,4.0,1.0,2.0,3.0,3.0,0.0,hiranya@13f79535-47bb-0310-9956-ffa450edef68,0,0.0,0.0,0.0,0.0,0.0,0.0,0.0,0,1,0.0,false
modules/transports/core/nhttp/src/main/java/org/apache/synapse/transport/passthru/PassThroughHttpSender.java,451.0,52.0,72.0,21.0,133.0,86.0,0.0,hiranya@13f79535-47bb-0310-9956-ffa450edef68,0,0.0,0.0,0.0,0.0,0.0,0.0,0.0,0,7,0.0,false
modules/transports/core/nhttp/src/main/java/org/apache/synapse/transport/passthru/TargetRequest.java,233.0,28.0,49.0,15.0,63.0,31.0,0.0,hiranya@13f79535-47bb-0310-9956-ffa450edef68,0,0.0,0.0,0.0,0.0,0.0,0.0,0.0,0,6,0.0,false
modules/transports/core/vfs/src/main/java/org/apache/synapse/transport/vfs/VFSOutTransportInfo.java,103.0,5.0,52.0,13.0,13.0,24.0,0.0,hiranya@13f79535-47bb-0310-9956-ffa450edef68,0,0.0,0.0,0.0,0.0,0.0,0.0,0.0,0,2,0.0,false
modules/transports/core/vfs/src/main/java/org/apache/synapse/transport/vfs/VFSTransportSender.java,231.0,20.0,0.0,6.0,63.0,29.0,0.0,null,0,0.0,0.0,0.0,0.0,0.0,0.0,0.0,0,4,0.0,false
