name,LOC,CBO,LCOM,NOM,RFC,WMC,ACS,Ownership,numOfChanges,numberOfFIChanges,ENH,NF,BugFixing,REF,structuralWorkloadSum,semanticWorkloadSum,numberOfDeveloper,pastFaults,MAF,isBuggy
common/src/main/java/org/apache/ivory/IvoryException.java,23.0,0.0,3.0,3.0,0.0,3.0,51.0,sriksun@hotmail.com,2,0.0022471910112359553,17.0,0.0,17.0,17.0,3285.5535348360654,58404.95097037793,2,0,0.3029750909148822,false
common/src/main/java/org/apache/ivory/Util.java,52.0,12.0,10.0,5.0,6.0,15.0,33.0,shwetha.gs@inmobi.com,2,0.0022471910112359553,33.0,33.0,67.0,100.0,2045.8026825633383,16949.235976000266,2,0,1.02633375287495,false
common/src/main/java/org/apache/ivory/converter/CustomDefaultCoordinatorConverter.java,12.0,3.0,3.0,3.0,3.0,5.0,32.0,sriksun@hotmail.com,2,0.0022471910112359553,50.0,25.0,50.0,75.0,3285.5535348360654,58404.95097037793,2,0,0.19992196486055036,false
common/src/main/java/org/apache/ivory/converter/CustomDefaultDatasetToCoordinatorConverter.java,21.0,5.0,3.0,3.0,14.0,6.0,38.0,sriksun@hotmail.com,2,0.0022471910112359553,50.0,0.0,0.0,50.0,3285.5535348360654,58404.95097037793,2,0,0.3029750909148822,false
common/src/main/java/org/apache/ivory/entity/common/Configuration.java,38.0,4.0,0.0,8.0,11.0,15.0,55.0,venkatesh@hortonworks.com,1,0.0022471910112359553,0.0,50.0,0.0,0.0,1984.078125,48035.63636363636,1,0,0.5283919474838898,false
common/src/main/java/org/apache/ivory/entity/parser/DatasetEntityParser.java,28.0,11.0,6.0,4.0,8.0,8.0,57.0,psychidris@gmail.com,1,0.0022471910112359553,100.0,25.0,50.0,25.0,1984.078125,48035.63636363636,1,0,0.5283919474838898,false
common/src/main/java/org/apache/ivory/entity/parser/EntityParser.java,110.0,12.0,32.0,9.0,10.0,24.0,18.0,shwetha.gs@inmobi.com,3,0.006741573033707865,42.0,33.0,25.0,33.0,4029.8808075633383,64984.872339636626,3,0,0.22316493345125243,false
common/src/main/java/org/apache/ivory/entity/parser/EntityParserFactory.java,24.0,1.0,1.0,2.0,0.0,4.0,39.0,psychidris@gmail.com,3,0.0044943820224719105,43.0,29.0,43.0,43.0,4029.8808075633383,64984.872339636626,3,0,0.022397766422386556,false
common/src/main/java/org/apache/ivory/entity/parser/ProcessEntityParser.java,33.0,11.0,6.0,4.0,10.0,8.0,24.0,psychidris@gmail.com,3,0.0044943820224719105,21.0,14.0,18.0,14.0,4029.8808075633383,64984.872339636626,3,0,0.17681100819380902,false
common/src/main/java/org/apache/ivory/entity/parser/ValidationException.java,11.0,1.0,0.0,1.0,0.0,1.0,22.0,shwetha.gs@inmobi.com,2,0.0044943820224719105,33.0,33.0,0.0,33.0,2728.405397727273,54615.55773289505,2,0,0.45222158519288047,false
common/src/main/java/org/apache/ivory/entity/store/ConfigurationStore.java,178.0,21.0,7.0,10.0,51.0,38.0,38.0,shwetha.gs@inmobi.com,3,0.006741573033707865,28.0,8.0,12.0,20.0,4029.8808075633383,64984.872339636626,3,0,0.09564229756639064,false
common/src/main/java/org/apache/ivory/entity/store/StoreAccessException.java,11.0,1.0,1.0,2.0,0.0,2.0,0.0,venkatesh@hortonworks.com,0,0.0,0.0,0.0,0.0,0.0,0.0,0.0,0,0,0.0,false
common/src/main/java/org/apache/ivory/entity/v0/Entity.java,33.0,4.0,0.0,5.0,10.0,11.0,35.0,sriksun@hotmail.com,3,0.0044943820224719105,29.0,0.0,43.0,43.0,4029.8808075633383,64984.872339636626,3,0,0.3861885243473546,false
common/src/main/java/org/apache/ivory/entity/v0/EntityType.java,0.0,0.0,0.0,0.0,0.0,0.0,45.0,psychidris@gmail.com,3,0.0044943820224719105,62.0,25.0,50.0,38.0,4029.8808075633383,64984.872339636626,3,0,0.041996633670040584,false
common/src/main/java/org/apache/ivory/entity/v0/dataset/ACL.java,16.0,4.0,2.0,4.0,0.0,6.0,88.0,psychidris@gmail.com,1,0.0022471910112359553,50.0,100.0,0.0,0.0,1984.078125,48035.63636363636,1,0,0.5283919474838898,false
common/src/main/java/org/apache/ivory/entity/v0/dataset/Attribute.java,22.0,4.0,0.0,6.0,0.0,8.0,44.0,psychidris@gmail.com,1,0.0022471910112359553,0.0,50.0,50.0,0.0,1984.078125,48035.63636363636,1,0,0.5283919474838898,false
common/src/main/java/org/apache/ivory/entity/v0/dataset/Authentication.java,23.0,5.0,9.0,6.0,0.0,9.0,82.0,psychidris@gmail.com,1,0.0022471910112359553,50.0,100.0,0.0,0.0,1984.078125,48035.63636363636,1,0,0.5283919474838898,false
common/src/main/java/org/apache/ivory/entity/v0/dataset/Configuration.java,14.0,7.0,1.0,3.0,0.0,5.0,55.0,psychidris@gmail.com,1,0.0022471910112359553,33.0,67.0,0.0,0.0,1984.078125,48035.63636363636,1,0,0.5283919474838898,false
common/src/main/java/org/apache/ivory/entity/v0/dataset/Consumer.java,23.0,4.0,9.0,6.0,0.0,9.0,82.0,psychidris@gmail.com,1,0.0022471910112359553,50.0,100.0,0.0,0.0,1984.078125,48035.63636363636,1,0,0.5283919474838898,false
common/src/main/java/org/apache/ivory/entity/v0/dataset/Consumers.java,9.0,7.0,0.0,1.0,0.0,3.0,82.0,psychidris@gmail.com,1,0.0022471910112359553,50.0,100.0,0.0,0.0,1984.078125,48035.63636363636,1,0,0.5283919474838898,false
common/src/main/java/org/apache/ivory/entity/v0/dataset/Copy.java,30.0,7.0,15.0,7.0,0.0,12.0,82.0,psychidris@gmail.com,1,0.0022471910112359553,50.0,100.0,0.0,0.0,1984.078125,48035.63636363636,1,0,0.5283919474838898,false
common/src/main/java/org/apache/ivory/entity/v0/dataset/CustomCode.java,9.0,8.0,0.0,2.0,0.0,3.0,82.0,psychidris@gmail.com,1,0.0022471910112359553,50.0,100.0,0.0,0.0,1984.078125,48035.63636363636,1,0,0.5283919474838898,false
common/src/main/java/org/apache/ivory/entity/v0/dataset/DataFlow.java,23.0,8.0,3.0,3.0,0.0,9.0,82.0,psychidris@gmail.com,1,0.0022471910112359553,50.0,100.0,0.0,0.0,1984.078125,48035.63636363636,1,0,0.5283919474838898,false
common/src/main/java/org/apache/ivory/entity/v0/dataset/Dataset.java,116.0,10.0,466.0,32.0,4.0,51.0,45.0,psychidris@gmail.com,1,0.0022471910112359553,67.0,33.0,33.0,17.0,1984.078125,48035.63636363636,1,0,0.5283919474838898,false
common/src/main/java/org/apache/ivory/entity/v0/dataset/Datastore.java,65.0,12.0,135.0,18.0,0.0,27.0,53.0,psychidris@gmail.com,1,0.0022471910112359553,33.0,67.0,33.0,0.0,1984.078125,48035.63636363636,1,0,0.5283919474838898,false
common/src/main/java/org/apache/ivory/entity/v0/dataset/Datastores.java,14.0,7.0,1.0,3.0,0.0,5.0,82.0,psychidris@gmail.com,1,0.0022471910112359553,50.0,100.0,0.0,0.0,1984.078125,48035.63636363636,1,0,0.5283919474838898,false
common/src/main/java/org/apache/ivory/entity/v0/dataset/DateRange.java,16.0,4.0,2.0,4.0,0.0,6.0,82.0,psychidris@gmail.com,1,0.0022471910112359553,50.0,100.0,0.0,0.0,1984.078125,48035.63636363636,1,0,0.5283919474838898,false
common/src/main/java/org/apache/ivory/entity/v0/dataset/Defaults.java,74.0,11.0,104.0,16.0,0.0,24.0,41.0,psychidris@gmail.com,1,0.0022471910112359553,40.0,60.0,20.0,0.0,1984.078125,48035.63636363636,1,0,0.5283919474838898,false
common/src/main/java/org/apache/ivory/entity/v0/dataset/Discovery.java,23.0,4.0,9.0,6.0,0.0,9.0,82.0,psychidris@gmail.com,1,0.0022471910112359553,50.0,100.0,0.0,0.0,1984.078125,48035.63636363636,1,0,0.5283919474838898,false
common/src/main/java/org/apache/ivory/entity/v0/dataset/Export.java,23.0,7.0,6.0,5.0,0.0,9.0,82.0,psychidris@gmail.com,1,0.0022471910112359553,50.0,100.0,0.0,0.0,1984.078125,48035.63636363636,1,0,0.5283919474838898,false
common/src/main/java/org/apache/ivory/entity/v0/dataset/Import.java,37.0,7.0,28.0,9.0,0.0,17.0,82.0,psychidris@gmail.com,1,0.0022471910112359553,50.0,100.0,0.0,0.0,1984.078125,48035.63636363636,1,0,0.5283919474838898,false
common/src/main/java/org/apache/ivory/entity/v0/dataset/Load.java,16.0,5.0,2.0,4.0,0.0,6.0,82.0,psychidris@gmail.com,1,0.0022471910112359553,50.0,100.0,0.0,0.0,1984.078125,48035.63636363636,1,0,0.5283919474838898,false
common/src/main/java/org/apache/ivory/entity/v0/dataset/MetaInfo.java,33.0,9.0,24.0,9.0,1.0,13.0,63.0,psychidris@gmail.com,1,0.0022471910112359553,33.0,67.0,33.0,0.0,1984.078125,48035.63636363636,1,0,0.5283919474838898,false
common/src/main/java/org/apache/ivory/entity/v0/dataset/ObjectFactory.java,292.0,4.0,1035.0,46.0,0.0,93.0,44.0,psychidris@gmail.com,1,0.0022471910112359553,33.0,67.0,33.0,0.0,1984.078125,48035.63636363636,1,0,0.5283919474838898,false
common/src/main/java/org/apache/ivory/entity/v0/dataset/Owner.java,30.0,5.0,20.0,8.0,0.0,12.0,82.0,psychidris@gmail.com,1,0.0022471910112359553,50.0,100.0,0.0,0.0,1984.078125,48035.63636363636,1,0,0.5283919474838898,false
common/src/main/java/org/apache/ivory/entity/v0/dataset/Parameters.java,9.0,7.0,0.0,1.0,0.0,3.0,63.0,psychidris@gmail.com,1,0.0022471910112359553,33.0,67.0,33.0,0.0,1984.078125,48035.63636363636,1,0,0.5283919474838898,false
common/src/main/java/org/apache/ivory/entity/v0/dataset/Partition.java,30.0,6.0,20.0,8.0,0.0,14.0,75.0,psychidris@gmail.com,1,0.0022471910112359553,50.0,100.0,0.0,0.0,1984.078125,48035.63636363636,1,0,0.5283919474838898,false
common/src/main/java/org/apache/ivory/entity/v0/dataset/Path.java,22.0,4.0,3.0,6.0,0.0,8.0,82.0,psychidris@gmail.com,1,0.0022471910112359553,50.0,100.0,0.0,0.0,1984.078125,48035.63636363636,1,0,0.5283919474838898,false
common/src/main/java/org/apache/ivory/entity/v0/dataset/Paths.java,9.0,7.0,0.0,1.0,0.0,3.0,82.0,psychidris@gmail.com,1,0.0022471910112359553,50.0,100.0,0.0,0.0,1984.078125,48035.63636363636,1,0,0.5283919474838898,false
common/src/main/java/org/apache/ivory/entity/v0/dataset/Policies.java,9.0,7.0,0.0,1.0,0.0,3.0,82.0,psychidris@gmail.com,1,0.0022471910112359553,50.0,100.0,0.0,0.0,1984.078125,48035.63636363636,1,0,0.5283919474838898,false
common/src/main/java/org/apache/ivory/entity/v0/dataset/Policy.java,23.0,6.0,9.0,6.0,0.0,9.0,82.0,psychidris@gmail.com,1,0.0022471910112359553,50.0,100.0,0.0,0.0,1984.078125,48035.63636363636,1,0,0.5283919474838898,false
common/src/main/java/org/apache/ivory/entity/v0/dataset/Property.java,22.0,4.0,0.0,6.0,0.0,8.0,59.0,psychidris@gmail.com,1,0.0022471910112359553,50.0,100.0,0.0,0.0,1984.078125,48035.63636363636,1,0,0.5283919474838898,false
common/src/main/java/org/apache/ivory/entity/v0/dataset/Replicate.java,16.0,4.0,2.0,4.0,0.0,6.0,82.0,psychidris@gmail.com,1,0.0022471910112359553,50.0,100.0,0.0,0.0,1984.078125,48035.63636363636,1,0,0.5283919474838898,false
common/src/main/java/org/apache/ivory/entity/v0/dataset/Schema.java,16.0,5.0,2.0,4.0,0.0,6.0,88.0,psychidris@gmail.com,1,0.0022471910112359553,50.0,100.0,0.0,0.0,1984.078125,48035.63636363636,1,0,0.5283919474838898,false
common/src/main/java/org/apache/ivory/entity/v0/dataset/Source.java,30.0,4.0,20.0,8.0,0.0,12.0,55.0,psychidris@gmail.com,1,0.0022471910112359553,50.0,100.0,0.0,0.0,1984.078125,48035.63636363636,1,0,0.5283919474838898,false
common/src/main/java/org/apache/ivory/entity/v0/dataset/SourceDataDefinition.java,16.0,5.0,2.0,4.0,0.0,6.0,63.0,psychidris@gmail.com,1,0.0022471910112359553,33.0,67.0,33.0,0.0,1984.078125,48035.63636363636,1,0,0.5283919474838898,false
common/src/main/java/org/apache/ivory/entity/v0/dataset/SubPartition.java,23.0,4.0,9.0,6.0,0.0,9.0,82.0,psychidris@gmail.com,1,0.0022471910112359553,50.0,100.0,0.0,0.0,1984.078125,48035.63636363636,1,0,0.5283919474838898,false
common/src/main/java/org/apache/ivory/entity/v0/dataset/Target.java,16.0,4.0,2.0,4.0,0.0,6.0,82.0,psychidris@gmail.com,1,0.0022471910112359553,50.0,100.0,0.0,0.0,1984.078125,48035.63636363636,1,0,0.5283919474838898,false
common/src/main/java/org/apache/ivory/entity/v0/dataset/Transform.java,37.0,6.0,35.0,10.0,0.0,15.0,63.0,psychidris@gmail.com,1,0.0022471910112359553,33.0,67.0,33.0,0.0,1984.078125,48035.63636363636,1,0,0.5283919474838898,false
common/src/main/java/org/apache/ivory/entity/v0/dataset/adapter/ConfigurationTypeAdapter.java,21.0,8.0,1.0,2.0,7.0,10.0,44.0,psychidris@gmail.com,1,0.0022471910112359553,40.0,40.0,20.0,0.0,1984.078125,48035.63636363636,1,0,0.5283919474838898,false
common/src/main/java/org/apache/ivory/entity/v0/dataset/adapter/ConsumersMapAdapter.java,19.0,6.0,1.0,2.0,7.0,9.0,55.0,psychidris@gmail.com,1,0.0022471910112359553,50.0,50.0,25.0,0.0,1984.078125,48035.63636363636,1,0,0.5283919474838898,false
common/src/main/java/org/apache/ivory/entity/v0/dataset/adapter/DatastoresMapAdapter.java,21.0,7.0,1.0,2.0,5.0,10.0,55.0,psychidris@gmail.com,1,0.0022471910112359553,50.0,50.0,25.0,0.0,1984.078125,48035.63636363636,1,0,0.5283919474838898,false
common/src/main/java/org/apache/ivory/entity/v0/dataset/adapter/ParametersMapAdapter.java,19.0,6.0,1.0,2.0,9.0,9.0,55.0,psychidris@gmail.com,1,0.0022471910112359553,50.0,50.0,25.0,0.0,1984.078125,48035.63636363636,1,0,0.5283919474838898,false
common/src/main/java/org/apache/ivory/entity/v0/dataset/adapter/PathsMapAdapter.java,19.0,6.0,1.0,2.0,9.0,9.0,55.0,psychidris@gmail.com,1,0.0022471910112359553,50.0,50.0,25.0,0.0,1984.078125,48035.63636363636,1,0,0.5283919474838898,false
common/src/main/java/org/apache/ivory/entity/v0/dataset/adapter/PoliciesMapAdapter.java,19.0,6.0,1.0,2.0,7.0,9.0,55.0,psychidris@gmail.com,1,0.0022471910112359553,50.0,50.0,25.0,0.0,1984.078125,48035.63636363636,1,0,0.5283919474838898,false
common/src/main/java/org/apache/ivory/entity/v0/dataset/package-info.java,0.0,0.0,0.0,0.0,0.0,0.0,49.0,psychidris@gmail.com,1,0.0022471910112359553,50.0,100.0,0.0,0.0,1984.078125,48035.63636363636,1,0,0.5283919474838898,false
common/src/main/java/org/apache/ivory/entity/v0/datastore/Command.java,97.0,20.0,95.0,18.0,10.0,32.0,42.0,psychidris@gmail.com,1,0.0022471910112359553,0.0,50.0,0.0,0.0,1984.078125,48035.63636363636,1,0,0.5283919474838898,false
common/src/main/java/org/apache/ivory/entity/v0/datastore/Configuration.java,14.0,6.0,1.0,3.0,0.0,5.0,55.0,psychidris@gmail.com,1,0.0022471910112359553,0.0,50.0,0.0,0.0,1984.078125,48035.63636363636,1,0,0.5283919474838898,false
common/src/main/java/org/apache/ivory/entity/v0/datastore/Datastore.java,51.0,7.0,77.0,14.0,0.0,21.0,53.0,psychidris@gmail.com,1,0.0022471910112359553,33.0,33.0,33.0,0.0,1984.078125,48035.63636363636,1,0,0.5283919474838898,false
common/src/main/java/org/apache/ivory/entity/v0/datastore/Interface.java,37.0,8.0,28.0,9.0,0.0,15.0,33.0,psychidris@gmail.com,1,0.0022471910112359553,0.0,50.0,0.0,0.0,1984.078125,48035.63636363636,1,0,0.5283919474838898,false
common/src/main/java/org/apache/ivory/entity/v0/datastore/Interfaces.java,14.0,7.0,1.0,3.0,0.0,5.0,33.0,psychidris@gmail.com,1,0.0022471910112359553,0.0,50.0,0.0,0.0,1984.078125,48035.63636363636,1,0,0.5283919474838898,false
common/src/main/java/org/apache/ivory/entity/v0/datastore/ObjectFactory.java,90.0,4.0,91.0,14.0,0.0,28.0,44.0,psychidris@gmail.com,1,0.0022471910112359553,0.0,50.0,0.0,0.0,1984.078125,48035.63636363636,1,0,0.5283919474838898,false
common/src/main/java/org/apache/ivory/entity/v0/datastore/Option.java,22.0,4.0,0.0,6.0,0.0,8.0,42.0,psychidris@gmail.com,1,0.0022471910112359553,0.0,50.0,0.0,0.0,1984.078125,48035.63636363636,1,0,0.5283919474838898,false
common/src/main/java/org/apache/ivory/entity/v0/datastore/Options.java,9.0,7.0,0.0,1.0,0.0,3.0,42.0,psychidris@gmail.com,1,0.0022471910112359553,0.0,50.0,0.0,0.0,1984.078125,48035.63636363636,1,0,0.5283919474838898,false
common/src/main/java/org/apache/ivory/entity/v0/datastore/Property.java,22.0,4.0,0.0,6.0,0.0,8.0,59.0,psychidris@gmail.com,1,0.0022471910112359553,0.0,50.0,0.0,0.0,1984.078125,48035.63636363636,1,0,0.5283919474838898,false
common/src/main/java/org/apache/ivory/entity/v0/datastore/Proxy.java,35.0,4.0,3.0,7.0,0.0,10.0,42.0,psychidris@gmail.com,1,0.0022471910112359553,0.0,50.0,0.0,0.0,1984.078125,48035.63636363636,1,0,0.5283919474838898,false
common/src/main/java/org/apache/ivory/entity/v0/datastore/Sink.java,16.0,10.0,2.0,4.0,0.0,6.0,37.0,psychidris@gmail.com,1,0.0022471910112359553,0.0,33.0,33.0,0.0,1984.078125,48035.63636363636,1,0,0.5283919474838898,false
common/src/main/java/org/apache/ivory/entity/v0/datastore/Source.java,16.0,10.0,2.0,4.0,0.0,6.0,55.0,psychidris@gmail.com,1,0.0022471910112359553,0.0,33.0,33.0,0.0,1984.078125,48035.63636363636,1,0,0.5283919474838898,false
common/src/main/java/org/apache/ivory/entity/v0/datastore/adapter/ConfigurationTypeAdapter.java,17.0,8.0,1.0,2.0,7.0,8.0,44.0,psychidris@gmail.com,1,0.0022471910112359553,0.0,33.0,33.0,0.0,1984.078125,48035.63636363636,1,0,0.5283919474838898,false
common/src/main/java/org/apache/ivory/entity/v0/datastore/adapter/InterfacesMapAdapter.java,17.0,7.0,1.0,2.0,5.0,8.0,31.0,psychidris@gmail.com,1,0.0022471910112359553,0.0,33.0,33.0,0.0,1984.078125,48035.63636363636,1,0,0.5283919474838898,false
common/src/main/java/org/apache/ivory/entity/v0/datastore/adapter/OptionsMapAdapter.java,17.0,6.0,1.0,2.0,9.0,8.0,37.0,psychidris@gmail.com,1,0.0022471910112359553,0.0,33.0,33.0,0.0,1984.078125,48035.63636363636,1,0,0.5283919474838898,false
common/src/main/java/org/apache/ivory/entity/v0/datastore/package-info.java,0.0,0.0,0.0,0.0,0.0,0.0,49.0,psychidris@gmail.com,1,0.0022471910112359553,0.0,50.0,0.0,0.0,1984.078125,48035.63636363636,1,0,0.5283919474838898,false
common/src/main/java/org/apache/ivory/entity/v0/process/ClusterType.java,35.0,5.0,0.0,4.0,0.0,6.0,57.0,psychidris@gmail.com,1,0.0022471910112359553,100.0,0.0,100.0,50.0,1984.078125,48035.63636363636,1,0,0.5283919474838898,false
common/src/main/java/org/apache/ivory/entity/v0/process/ClustersType.java,15.0,5.0,0.0,1.0,0.0,4.0,46.0,psychidris@gmail.com,1,0.0022471910112359553,100.0,0.0,100.0,50.0,1984.078125,48035.63636363636,1,0,0.5283919474838898,false
common/src/main/java/org/apache/ivory/entity/v0/process/InputType.java,80.0,5.0,7.0,10.0,0.0,15.0,51.0,psychidris@gmail.com,1,0.0022471910112359553,100.0,0.0,100.0,50.0,1984.078125,48035.63636363636,1,0,0.5283919474838898,false
common/src/main/java/org/apache/ivory/entity/v0/process/InputsType.java,15.0,5.0,0.0,1.0,0.0,4.0,51.0,psychidris@gmail.com,1,0.0022471910112359553,100.0,0.0,100.0,50.0,1984.078125,48035.63636363636,1,0,0.5283919474838898,false
common/src/main/java/org/apache/ivory/entity/v0/process/LateInputType.java,50.0,5.0,0.0,6.0,0.0,9.0,51.0,psychidris@gmail.com,1,0.0022471910112359553,100.0,0.0,100.0,50.0,1984.078125,48035.63636363636,1,0,0.5283919474838898,false
common/src/main/java/org/apache/ivory/entity/v0/process/LateProcessType.java,60.0,7.0,15.0,7.0,0.0,13.0,51.0,psychidris@gmail.com,1,0.0022471910112359553,100.0,0.0,100.0,50.0,1984.078125,48035.63636363636,1,0,0.5283919474838898,false
common/src/main/java/org/apache/ivory/entity/v0/process/ObjectFactory.java,101.0,4.0,120.0,16.0,0.0,32.0,44.0,psychidris@gmail.com,1,0.0022471910112359553,67.0,0.0,67.0,33.0,1984.078125,48035.63636363636,1,0,0.5283919474838898,false
common/src/main/java/org/apache/ivory/entity/v0/process/OutputType.java,65.0,5.0,2.0,8.0,0.0,12.0,51.0,psychidris@gmail.com,1,0.0022471910112359553,100.0,0.0,100.0,50.0,1984.078125,48035.63636363636,1,0,0.5283919474838898,false
common/src/main/java/org/apache/ivory/entity/v0/process/OutputsType.java,15.0,5.0,0.0,1.0,0.0,4.0,51.0,psychidris@gmail.com,1,0.0022471910112359553,100.0,0.0,100.0,50.0,1984.078125,48035.63636363636,1,0,0.5283919474838898,false
common/src/main/java/org/apache/ivory/entity/v0/process/ProcessType.java,201.0,7.0,299.0,26.0,0.0,39.0,49.0,psychidris@gmail.com,1,0.0022471910112359553,100.0,0.0,67.0,33.0,1984.078125,48035.63636363636,1,0,0.5283919474838898,false
common/src/main/java/org/apache/ivory/entity/v0/process/PropertiesType.java,15.0,5.0,0.0,1.0,0.0,4.0,61.0,psychidris@gmail.com,1,0.0022471910112359553,100.0,0.0,100.0,50.0,1984.078125,48035.63636363636,1,0,0.5283919474838898,false
common/src/main/java/org/apache/ivory/entity/v0/process/PropertyType.java,50.0,5.0,5.0,6.0,2.0,9.0,61.0,psychidris@gmail.com,1,0.0022471910112359553,100.0,0.0,100.0,50.0,1984.078125,48035.63636363636,1,0,0.5283919474838898,false
common/src/main/java/org/apache/ivory/entity/v0/process/RetryType.java,80.0,5.0,7.0,10.0,0.0,15.0,51.0,psychidris@gmail.com,1,0.0022471910112359553,100.0,0.0,100.0,50.0,1984.078125,48035.63636363636,1,0,0.5283919474838898,false
common/src/main/java/org/apache/ivory/entity/v0/process/ValidityType.java,65.0,5.0,2.0,8.0,0.0,12.0,51.0,psychidris@gmail.com,1,0.0022471910112359553,100.0,0.0,100.0,50.0,1984.078125,48035.63636363636,1,0,0.5283919474838898,false
common/src/main/java/org/apache/ivory/entity/v0/process/WorkflowType.java,65.0,5.0,2.0,8.0,0.0,12.0,51.0,psychidris@gmail.com,1,0.0022471910112359553,100.0,0.0,100.0,50.0,1984.078125,48035.63636363636,1,0,0.5283919474838898,false
common/src/main/java/org/apache/ivory/mappers/CoordinatorMapper.java,36.0,5.0,0.0,5.0,5.0,9.0,44.0,sriksun@hotmail.com,2,0.0022471910112359553,50.0,0.0,25.0,50.0,3285.5535348360654,58404.95097037793,2,0,0.3029750909148822,false
common/src/main/java/org/apache/ivory/mappers/CustomMapper.java,10.0,4.0,6.0,4.0,0.0,4.0,44.0,sriksun@hotmail.com,2,0.0022471910112359553,50.0,0.0,25.0,50.0,3285.5535348360654,58404.95097037793,2,0,0.3029750909148822,false
common/src/main/java/org/apache/ivory/mappers/DozerProvider.java,13.0,3.0,1.0,2.0,3.0,2.0,43.0,sriksun@hotmail.com,1,0.0,0.0,0.0,50.0,100.0,1301.4754098360654,10369.314606741573,1,0,1.463852595465765,false
common/src/main/java/org/apache/ivory/util/ApplicationProperties.java,35.0,7.0,6.0,4.0,18.0,12.0,7.0,sriksun@hotmail.com,1,0.0022471910112359553,12.0,0.0,12.0,0.0,1301.4754098360654,10369.314606741573,1,0,1.463852595465765,false
common/src/main/java/org/apache/ivory/util/RuntimeProperties.java,52.0,4.0,3.0,3.0,3.0,9.0,13.0,shwetha.gs@inmobi.com,1,0.0022471910112359553,33.0,0.0,0.0,0.0,1301.4754098360654,10369.314606741573,1,0,1.463852595465765,false
common/src/main/java/org/apache/ivory/util/StartupProperties.java,21.0,3.0,3.0,3.0,2.0,9.0,13.0,shwetha.gs@inmobi.com,1,0.0022471910112359553,33.0,0.0,0.0,0.0,1301.4754098360654,10369.314606741573,1,0,1.463852595465765,false
common/src/test/java/org/apache/ivory/UtilTest.java,18.0,8.0,6.0,4.0,9.0,7.0,49.0,shwetha.gs@inmobi.com,2,0.0022471910112359553,50.0,0.0,100.0,100.0,2045.8026825633383,16949.235976000266,2,0,0.9199519091838181,false
common/src/test/java/org/apache/ivory/converter/CustomDefaultCoordinatorConverterTest.java,14.0,10.0,0.0,2.0,8.0,4.0,32.0,sriksun@hotmail.com,2,0.0022471910112359553,75.0,0.0,50.0,50.0,3285.5535348360654,58404.95097037793,2,0,0.19992196486055036,false
common/src/test/java/org/apache/ivory/entity/engine/JobUtil.java,2.0,0.0,0.0,0.0,0.0,0.0,27.0,shwetha.gs@inmobi.com,2,0.0044943820224719105,50.0,50.0,0.0,0.0,2728.405397727273,54615.55773289505,2,0,0.45222158519288047,false
common/src/test/java/org/apache/ivory/entity/parser/DatasetEntityParserTest.java,19.0,12.0,1.0,2.0,13.0,3.0,44.0,psychidris@gmail.com,2,0.0022471910112359553,60.0,40.0,20.0,20.0,3285.5535348360654,58404.95097037793,2,0,0.2150816535420771,false
common/src/test/java/org/apache/ivory/entity/parser/ProcessEntityParserTest.java,74.0,8.0,0.0,11.0,39.0,22.0,26.0,null,3,0.006741573033707865,17.0,23.0,17.0,17.0,4029.8808075633383,64984.872339636626,3,0,0.06923239232623413,false
common/src/test/java/org/apache/ivory/entity/store/ConfigurationStoreTest.java,33.0,12.0,4.0,5.0,17.0,11.0,48.0,venkatesh@hortonworks.com,1,0.0022471910112359553,67.0,0.0,67.0,33.0,1984.078125,48035.63636363636,1,0,0.5283919474838898,false
common/src/test/java/org/apache/ivory/mappers/DatasetToDefaultCoordinatorTest.java,20.0,16.0,0.0,2.0,7.0,5.0,51.0,sriksun@hotmail.com,2,0.0022471910112359553,67.0,0.0,33.0,67.0,3285.5535348360654,58404.95097037793,2,0,0.20369799518303544,false
common/src/test/java/org/apache/ivory/mappers/ProcessToDefaultCoordinatorTest.java,27.0,17.0,0.0,2.0,26.0,5.0,30.0,psychidris@gmail.com,2,0.0022471910112359553,80.0,0.0,40.0,40.0,3285.5535348360654,58404.95097037793,2,0,0.2150816535420771,false
common/src/test/java/org/apache/ivory/oozie/bundle/BundleUnmarshallingTest.java,11.0,9.0,0.0,1.0,11.0,2.0,32.0,shwetha.gs@inmobi.com,2,0.0044943820224719105,33.0,67.0,33.0,67.0,2728.405397727273,54615.55773289505,2,0,0.7145135368809916,false
common/src/test/java/org/apache/ivory/oozie/coordinator/CoordinatorUnmarshallingTest.java,14.0,8.0,0.0,1.0,12.0,2.0,53.0,shwetha.gs@inmobi.com,2,0.0022471910112359553,33.0,33.0,67.0,100.0,2045.8026825633383,16949.235976000266,2,0,1.02633375287495,false
common/src/test/java/org/apache/ivory/oozie/workflow/WorkflowUnmarshallingTest.java,11.0,8.0,0.0,1.0,11.0,2.0,32.0,shwetha.gs@inmobi.com,2,0.0044943820224719105,33.0,67.0,33.0,67.0,2728.405397727273,54615.55773289505,2,0,0.7145135368809916,false
process/src/main/java/org/apache/ivory/messaging/ArgumentsResolver.java,40.0,0.0,1.0,3.0,16.0,8.0,6.0,sriksun@hotmail.com,1,0.0022471910112359553,50.0,0.0,0.0,50.0,1984.078125,48035.63636363636,1,0,0.5283919474838898,false
process/src/main/java/org/apache/ivory/messaging/MessageProducer.java,43.0,5.0,3.0,6.0,7.0,10.0,4.0,sriksun@hotmail.com,1,0.0022471910112359553,50.0,50.0,0.0,25.0,1984.078125,48035.63636363636,1,0,0.5283919474838898,false
process/src/main/java/org/apache/ivory/messaging/ProcessMessage.java,64.0,0.0,88.0,17.0,0.0,26.0,6.0,sriksun@hotmail.com,1,0.0022471910112359553,50.0,0.0,0.0,50.0,1984.078125,48035.63636363636,1,0,0.5283919474838898,false
process/src/main/java/org/apache/ivory/messaging/ProcessMessageCreator.java,25.0,5.0,0.0,3.0,6.0,7.0,4.0,sriksun@hotmail.com,1,0.0022471910112359553,50.0,50.0,0.0,25.0,1984.078125,48035.63636363636,1,0,0.5283919474838898,false
process/src/test/java/org/apache/ivory/messaging/MessageProducerTest.java,17.0,2.0,0.0,2.0,10.0,3.0,4.0,sriksun@hotmail.com,1,0.0022471910112359553,33.0,33.0,0.0,33.0,1984.078125,48035.63636363636,1,0,0.5283919474838898,false
webapp/src/main/java/org/apache/ivory/Main.java,7.0,2.0,0.0,1.0,1.0,2.0,48.0,sriksun@hotmail.com,1,0.0,0.0,0.0,12.0,12.0,1301.4754098360654,10369.314606741573,1,0,1.463852595465765,false
webapp/src/main/java/org/apache/ivory/listener/ContextStartupListener.java,11.0,5.0,1.0,2.0,2.0,2.0,13.0,sriksun@hotmail.com,2,0.0044943820224719105,12.0,12.0,0.0,0.0,2045.8026825633383,16949.235976000266,2,0,0.9268360900229511,false
webapp/src/main/java/org/apache/ivory/resource/APIResult.java,34.0,7.0,6.0,5.0,5.0,9.0,25.0,shwetha.gs@inmobi.com,3,0.0044943820224719105,40.0,20.0,40.0,60.0,4029.8808075633383,64984.872339636626,3,0,0.031024747773908734,false
webapp/src/main/java/org/apache/ivory/resource/EntityManager.java,187.0,27.0,24.0,9.0,40.0,26.0,31.0,sriksun@hotmail.com,3,0.006741573033707865,24.0,9.0,24.0,27.0,4029.8808075633383,64984.872339636626,3,0,0.1261302387348071,false
webapp/src/main/java/org/apache/ivory/resource/ProcessInstanceManager.java,22.0,3.0,15.0,6.0,0.0,12.0,43.0,psychidris@gmail.com,1,0.0,0.0,0.0,6.0,6.0,1301.4754098360654,10369.314606741573,1,0,1.463852595465765,false
webapp/src/main/java/org/apache/ivory/util/EmbeddedServer.java,18.0,5.0,0.0,3.0,6.0,5.0,66.0,sriksun@hotmail.com,1,0.0,0.0,0.0,100.0,100.0,1301.4754098360654,10369.314606741573,1,0,1.463852595465765,false
webapp/src/test/java/org/apache/ivory/resource/EntityManagerJerseyTest.java,86.0,17.0,11.0,11.0,45.0,21.0,24.0,null,3,0.006741573033707865,15.0,17.0,8.0,17.0,4029.8808075633383,64984.872339636626,3,0,0.026167855121453032,false
webapp/src/test/java/org/apache/ivory/resource/EntityManagerTest.java,57.0,12.0,13.0,7.0,32.0,19.0,33.0,sriksun@hotmail.com,2,0.0022471910112359553,0.0,25.0,50.0,50.0,3285.5535348360654,58404.95097037793,2,0,0.5155182111769938,false
