name,LOC,CBO,LCOM,NOM,RFC,WMC,ACS,Ownership,numOfChanges,numberOfFIChanges,ENH,NF,BugFixing,REF,structuralWorkloadSum,semanticWorkloadSum,numberOfDeveloper,pastFaults,MAF,isBuggy
client/src/main/java/org/apache/ivory/Pair.java,14.0,0.0,1.0,3.0,0.0,5.0,35.0,psychidris@gmail.com,3,0.004395604395604396,33.0,0.0,0.0,33.0,6028.722310048788,182289.5608061367,3,0,0.14998236868238712,false
client/src/main/java/org/apache/ivory/cli/CLIParser.java,108.0,9.0,2.0,5.0,16.0,16.0,136.0,venkatesh@hortonworks.com,1,0.0,0.0,0.0,0.0,0.0,2809.4507772020725,42231.09302325582,1,0,0.8288564324844808,false
client/src/main/java/org/apache/ivory/cli/IvoryCLI.java,317.0,11.0,28.0,12.0,72.0,44.0,40.0,null,3,0.004395604395604396,9.0,18.0,18.0,9.0,5103.988976715455,172778.05481870795,3,0,0.36873404772214546,false
client/src/main/java/org/apache/ivory/client/IvoryCLIException.java,22.0,2.0,6.0,4.0,4.0,7.0,74.0,sriksun@hotmail.com,2,0.002197802197802198,25.0,0.0,25.0,0.0,4860.122310048788,172400.41585260496,2,0,0.3502070546837147,false
client/src/main/java/org/apache/ivory/client/IvoryClient.java,233.0,15.0,232.0,36.0,86.0,111.0,29.0,null,3,0.006593406593406593,13.0,20.0,20.0,7.0,5103.988976715455,172778.05481870795,3,0,0.2753503594152438,false
client/src/main/java/org/apache/ivory/entity/v0/Entity.java,83.0,12.0,91.0,14.0,42.0,38.0,57.0,shwetha.gs@inmobi.com,3,0.0,0.0,0.0,0.0,0.0,6028.722310048788,182289.5608061367,3,0,0.2356301573130788,false
client/src/main/java/org/apache/ivory/entity/v0/EntityType.java,0.0,0.0,0.0,0.0,0.0,0.0,76.0,shwetha.gs@inmobi.com,2,0.0,0.0,0.0,0.0,14.0,3978.050777202073,52120.237976787546,2,0,0.5016711880687834,false
client/src/main/java/org/apache/ivory/entity/v0/cluster/Cluster.java,99.0,12.0,66.0,13.0,0.0,20.0,95.0,shwetha.gs@inmobi.com,2,0.0,0.0,0.0,0.0,0.0,3978.050777202073,52120.237976787546,2,0,0.5997026377432088,false
client/src/main/java/org/apache/ivory/entity/v0/cluster/Interface.java,50.0,4.0,9.0,6.0,0.0,9.0,136.0,shwetha.gs@inmobi.com,1,0.0,0.0,0.0,0.0,0.0,2809.4507772020725,42231.09302325582,1,0,0.8288564324844808,false
client/src/main/java/org/apache/ivory/entity/v0/cluster/Interfaces.java,15.0,6.0,0.0,1.0,0.0,4.0,136.0,shwetha.gs@inmobi.com,1,0.0,0.0,0.0,0.0,0.0,2809.4507772020725,42231.09302325582,1,0,0.8288564324844808,false
client/src/main/java/org/apache/ivory/entity/v0/cluster/Interfacetype.java,0.0,0.0,0.0,0.0,0.0,0.0,136.0,shwetha.gs@inmobi.com,1,0.0,0.0,0.0,0.0,0.0,2809.4507772020725,42231.09302325582,1,0,0.8288564324844808,false
client/src/main/java/org/apache/ivory/entity/v0/cluster/Location.java,35.0,4.0,2.0,4.0,0.0,6.0,136.0,shwetha.gs@inmobi.com,1,0.0,0.0,0.0,0.0,0.0,2809.4507772020725,42231.09302325582,1,0,0.8288564324844808,false
client/src/main/java/org/apache/ivory/entity/v0/cluster/Locations.java,15.0,6.0,0.0,1.0,0.0,4.0,136.0,shwetha.gs@inmobi.com,1,0.0,0.0,0.0,0.0,0.0,2809.4507772020725,42231.09302325582,1,0,0.8288564324844808,false
client/src/main/java/org/apache/ivory/entity/v0/cluster/ObjectFactory.java,59.0,4.0,36.0,9.0,0.0,18.0,136.0,shwetha.gs@inmobi.com,1,0.0,0.0,0.0,0.0,0.0,2809.4507772020725,42231.09302325582,1,0,0.8288564324844808,false
client/src/main/java/org/apache/ivory/entity/v0/cluster/Properties.java,15.0,5.0,0.0,1.0,0.0,4.0,136.0,shwetha.gs@inmobi.com,1,0.0,0.0,0.0,0.0,0.0,2809.4507772020725,42231.09302325582,1,0,0.8288564324844808,false
client/src/main/java/org/apache/ivory/entity/v0/cluster/Property.java,50.0,5.0,5.0,6.0,2.0,9.0,136.0,shwetha.gs@inmobi.com,1,0.0,0.0,0.0,0.0,0.0,2809.4507772020725,42231.09302325582,1,0,0.8288564324844808,false
client/src/main/java/org/apache/ivory/entity/v0/cluster/adapter/InterfacesMapAdapter.java,19.0,7.0,1.0,2.0,6.0,10.0,136.0,shwetha.gs@inmobi.com,1,0.0,0.0,0.0,0.0,0.0,2809.4507772020725,42231.09302325582,1,0,0.8288564324844808,false
client/src/main/java/org/apache/ivory/entity/v0/cluster/adapter/LocationsMapAdapter.java,19.0,6.0,1.0,2.0,6.0,10.0,136.0,shwetha.gs@inmobi.com,1,0.0,0.0,0.0,0.0,0.0,2809.4507772020725,42231.09302325582,1,0,0.8288564324844808,false
client/src/main/java/org/apache/ivory/entity/v0/cluster/adapter/PropertiesMapAdapter.java,19.0,6.0,1.0,2.0,6.0,10.0,136.0,shwetha.gs@inmobi.com,1,0.0,0.0,0.0,0.0,0.0,2809.4507772020725,42231.09302325582,1,0,0.8288564324844808,false
client/src/main/java/org/apache/ivory/entity/v0/cluster/package-info.java,0.0,0.0,0.0,0.0,0.0,0.0,136.0,shwetha.gs@inmobi.com,1,0.0,0.0,0.0,0.0,0.0,2809.4507772020725,42231.09302325582,1,0,0.8288564324844808,false
client/src/main/java/org/apache/ivory/entity/v0/feed/ACL.java,50.0,4.0,9.0,6.0,0.0,9.0,136.0,shwetha.gs@inmobi.com,1,0.0,0.0,0.0,0.0,0.0,2809.4507772020725,42231.09302325582,1,0,0.8288564324844808,false
client/src/main/java/org/apache/ivory/entity/v0/feed/ActionType.java,0.0,0.0,0.0,0.0,0.0,0.0,136.0,shwetha.gs@inmobi.com,1,0.0,0.0,0.0,0.0,0.0,2809.4507772020725,42231.09302325582,1,0,0.8288564324844808,false
client/src/main/java/org/apache/ivory/entity/v0/feed/Cluster.java,65.0,5.0,20.0,8.0,0.0,12.0,95.0,shwetha.gs@inmobi.com,2,0.002197802197802198,0.0,25.0,0.0,0.0,3053.3174438687392,42608.731989358814,2,0,1.4519408900509818,false
client/src/main/java/org/apache/ivory/entity/v0/feed/ClusterType.java,0.0,0.0,0.0,0.0,0.0,0.0,136.0,shwetha.gs@inmobi.com,1,0.0,0.0,0.0,0.0,0.0,2809.4507772020725,42231.09302325582,1,0,0.8288564324844808,false
client/src/main/java/org/apache/ivory/entity/v0/feed/Clusters.java,15.0,6.0,0.0,1.0,0.0,4.0,136.0,shwetha.gs@inmobi.com,1,0.0,0.0,0.0,0.0,0.0,2809.4507772020725,42231.09302325582,1,0,0.8288564324844808,false
client/src/main/java/org/apache/ivory/entity/v0/feed/Feed.java,195.0,11.0,301.0,26.0,4.0,42.0,65.0,shwetha.gs@inmobi.com,2,0.002197802197802198,25.0,25.0,0.0,0.0,3978.050777202073,52120.237976787546,2,0,0.5016711880687834,false
client/src/main/java/org/apache/ivory/entity/v0/feed/LateArrival.java,20.0,4.0,0.0,2.0,0.0,3.0,136.0,shwetha.gs@inmobi.com,1,0.0,0.0,0.0,0.0,0.0,2809.4507772020725,42231.09302325582,1,0,0.8288564324844808,false
client/src/main/java/org/apache/ivory/entity/v0/feed/Location.java,35.0,4.0,2.0,4.0,0.0,6.0,136.0,shwetha.gs@inmobi.com,1,0.0,0.0,0.0,0.0,0.0,2809.4507772020725,42231.09302325582,1,0,0.8288564324844808,false
client/src/main/java/org/apache/ivory/entity/v0/feed/LocationType.java,0.0,0.0,0.0,0.0,0.0,0.0,136.0,shwetha.gs@inmobi.com,1,0.0,0.0,0.0,0.0,0.0,2809.4507772020725,42231.09302325582,1,0,0.8288564324844808,false
client/src/main/java/org/apache/ivory/entity/v0/feed/Locations.java,15.0,5.0,0.0,1.0,0.0,4.0,136.0,shwetha.gs@inmobi.com,1,0.0,0.0,0.0,0.0,0.0,2809.4507772020725,42231.09302325582,1,0,0.8288564324844808,false
client/src/main/java/org/apache/ivory/entity/v0/feed/ObjectFactory.java,101.0,4.0,120.0,16.0,0.0,32.0,136.0,shwetha.gs@inmobi.com,1,0.0,0.0,0.0,0.0,0.0,2809.4507772020725,42231.09302325582,1,0,0.8288564324844808,false
client/src/main/java/org/apache/ivory/entity/v0/feed/Partition.java,25.0,4.0,0.0,4.0,0.0,5.0,136.0,shwetha.gs@inmobi.com,1,0.0,0.0,0.0,0.0,0.0,2809.4507772020725,42231.09302325582,1,0,0.8288564324844808,false
client/src/main/java/org/apache/ivory/entity/v0/feed/Partitions.java,15.0,5.0,0.0,1.0,0.0,4.0,136.0,shwetha.gs@inmobi.com,1,0.0,0.0,0.0,0.0,0.0,2809.4507772020725,42231.09302325582,1,0,0.8288564324844808,false
client/src/main/java/org/apache/ivory/entity/v0/feed/Properties.java,15.0,5.0,0.0,1.0,0.0,4.0,136.0,shwetha.gs@inmobi.com,1,0.0,0.0,0.0,0.0,0.0,2809.4507772020725,42231.09302325582,1,0,0.8288564324844808,false
client/src/main/java/org/apache/ivory/entity/v0/feed/Property.java,50.0,5.0,0.0,6.0,0.0,9.0,136.0,shwetha.gs@inmobi.com,1,0.0,0.0,0.0,0.0,0.0,2809.4507772020725,42231.09302325582,1,0,0.8288564324844808,false
client/src/main/java/org/apache/ivory/entity/v0/feed/Retention.java,55.0,4.0,9.0,6.0,0.0,11.0,95.0,shwetha.gs@inmobi.com,1,0.0,0.0,0.0,0.0,0.0,2809.4507772020725,42231.09302325582,1,0,0.8288564324844808,false
client/src/main/java/org/apache/ivory/entity/v0/feed/RetentionType.java,0.0,0.0,0.0,0.0,0.0,0.0,95.0,shwetha.gs@inmobi.com,1,0.0,0.0,0.0,0.0,0.0,2809.4507772020725,42231.09302325582,1,0,0.8288564324844808,false
client/src/main/java/org/apache/ivory/entity/v0/feed/Schema.java,35.0,4.0,2.0,4.0,0.0,6.0,136.0,shwetha.gs@inmobi.com,1,0.0,0.0,0.0,0.0,0.0,2809.4507772020725,42231.09302325582,1,0,0.8288564324844808,false
client/src/main/java/org/apache/ivory/entity/v0/feed/Validity.java,50.0,4.0,9.0,6.0,0.0,9.0,136.0,shwetha.gs@inmobi.com,1,0.0,0.0,0.0,0.0,0.0,2809.4507772020725,42231.09302325582,1,0,0.8288564324844808,false
client/src/main/java/org/apache/ivory/entity/v0/feed/adapter/LocationsMapAdapter.java,19.0,7.0,1.0,2.0,7.0,10.0,136.0,shwetha.gs@inmobi.com,1,0.0,0.0,0.0,0.0,0.0,2809.4507772020725,42231.09302325582,1,0,0.8288564324844808,false
client/src/main/java/org/apache/ivory/entity/v0/feed/adapter/PropertiesMapAdapter.java,19.0,6.0,1.0,2.0,6.0,10.0,136.0,shwetha.gs@inmobi.com,1,0.0,0.0,0.0,0.0,0.0,2809.4507772020725,42231.09302325582,1,0,0.8288564324844808,false
client/src/main/java/org/apache/ivory/entity/v0/feed/package-info.java,0.0,0.0,0.0,0.0,0.0,0.0,136.0,shwetha.gs@inmobi.com,1,0.0,0.0,0.0,0.0,0.0,2809.4507772020725,42231.09302325582,1,0,0.8288564324844808,false
client/src/main/java/org/apache/ivory/entity/v0/process/Cluster.java,20.0,4.0,0.0,2.0,0.0,3.0,95.0,shwetha.gs@inmobi.com,1,0.0,0.0,0.0,0.0,0.0,2809.4507772020725,42231.09302325582,1,0,0.8288564324844808,false
client/src/main/java/org/apache/ivory/entity/v0/process/Input.java,72.0,4.0,35.0,10.0,0.0,15.0,136.0,shwetha.gs@inmobi.com,1,0.0,0.0,0.0,0.0,0.0,2809.4507772020725,42231.09302325582,1,0,0.8288564324844808,false
client/src/main/java/org/apache/ivory/entity/v0/process/Inputs.java,15.0,5.0,0.0,1.0,0.0,4.0,136.0,shwetha.gs@inmobi.com,1,0.0,0.0,0.0,0.0,0.0,2809.4507772020725,42231.09302325582,1,0,0.8288564324844808,false
client/src/main/java/org/apache/ivory/entity/v0/process/LateInput.java,35.0,4.0,2.0,4.0,0.0,6.0,136.0,shwetha.gs@inmobi.com,1,0.0,0.0,0.0,0.0,0.0,2809.4507772020725,42231.09302325582,1,0,0.8288564324844808,false
client/src/main/java/org/apache/ivory/entity/v0/process/LateProcess.java,60.0,7.0,15.0,7.0,0.0,13.0,97.0,shwetha.gs@inmobi.com,1,0.0,0.0,0.0,0.0,0.0,2809.4507772020725,42231.09302325582,1,0,0.8288564324844808,false
client/src/main/java/org/apache/ivory/entity/v0/process/ObjectFactory.java,95.0,4.0,105.0,15.0,0.0,30.0,136.0,shwetha.gs@inmobi.com,1,0.0,0.0,0.0,0.0,0.0,2809.4507772020725,42231.09302325582,1,0,0.8288564324844808,false
client/src/main/java/org/apache/ivory/entity/v0/process/Output.java,50.0,4.0,9.0,6.0,0.0,9.0,136.0,shwetha.gs@inmobi.com,1,0.0,0.0,0.0,0.0,0.0,2809.4507772020725,42231.09302325582,1,0,0.8288564324844808,false
client/src/main/java/org/apache/ivory/entity/v0/process/Outputs.java,15.0,5.0,0.0,1.0,0.0,4.0,136.0,shwetha.gs@inmobi.com,1,0.0,0.0,0.0,0.0,0.0,2809.4507772020725,42231.09302325582,1,0,0.8288564324844808,false
client/src/main/java/org/apache/ivory/entity/v0/process/Process.java,204.0,7.0,325.0,27.0,0.0,41.0,79.0,shwetha.gs@inmobi.com,2,0.0,0.0,0.0,0.0,0.0,3978.050777202073,52120.237976787546,2,0,0.5997026377432088,false
client/src/main/java/org/apache/ivory/entity/v0/process/Properties.java,15.0,5.0,0.0,1.0,0.0,4.0,136.0,shwetha.gs@inmobi.com,1,0.0,0.0,0.0,0.0,0.0,2809.4507772020725,42231.09302325582,1,0,0.8288564324844808,false
client/src/main/java/org/apache/ivory/entity/v0/process/Property.java,50.0,5.0,5.0,6.0,2.0,9.0,136.0,shwetha.gs@inmobi.com,1,0.0,0.0,0.0,0.0,0.0,2809.4507772020725,42231.09302325582,1,0,0.8288564324844808,false
client/src/main/java/org/apache/ivory/entity/v0/process/Retry.java,65.0,4.0,20.0,8.0,0.0,12.0,97.0,shwetha.gs@inmobi.com,1,0.0,0.0,0.0,0.0,0.0,2809.4507772020725,42231.09302325582,1,0,0.8288564324844808,false
client/src/main/java/org/apache/ivory/entity/v0/process/Validity.java,50.0,4.0,9.0,6.0,0.0,9.0,136.0,shwetha.gs@inmobi.com,1,0.0,0.0,0.0,0.0,0.0,2809.4507772020725,42231.09302325582,1,0,0.8288564324844808,false
client/src/main/java/org/apache/ivory/entity/v0/process/Workflow.java,35.0,4.0,2.0,4.0,0.0,6.0,97.0,shwetha.gs@inmobi.com,1,0.0,0.0,0.0,0.0,0.0,2809.4507772020725,42231.09302325582,1,0,0.8288564324844808,false
client/src/main/java/org/apache/ivory/entity/v0/process/adapter/PropertiesMapAdapter.java,19.0,6.0,1.0,2.0,6.0,10.0,136.0,shwetha.gs@inmobi.com,1,0.0,0.0,0.0,0.0,0.0,2809.4507772020725,42231.09302325582,1,0,0.8288564324844808,false
client/src/main/java/org/apache/ivory/resource/APIResult.java,43.0,7.0,6.0,5.0,4.0,9.0,58.0,shwetha.gs@inmobi.com,2,0.002197802197802198,25.0,0.0,25.0,0.0,4860.122310048788,172400.41585260496,2,0,0.3502070546837147,false
client/src/main/java/org/apache/ivory/resource/EntityList.java,35.0,5.0,0.0,4.0,6.0,8.0,6.0,shwetha.gs@inmobi.com,2,0.0,0.0,0.0,0.0,0.0,3219.2715328467157,140058.46778288088,2,0,0.814200440502388,false
client/src/main/java/org/apache/ivory/resource/ProcessInstancesResult.java,55.0,7.0,0.0,5.0,7.0,10.0,10.0,psychidris@gmail.com,4,0.006593406593406593,40.0,27.0,20.0,40.0,6272.588976715455,182667.1997722397,4,0,0.17384425152022898,false
client/src/test/java/org/apache/ivory/cli/TestCLIParser.java,33.0,5.0,3.0,3.0,18.0,8.0,136.0,venkatesh@hortonworks.com,1,0.0,0.0,0.0,0.0,0.0,2809.4507772020725,42231.09302325582,1,0,0.8288564324844808,false
client/src/test/java/org/apache/ivory/entity/v0/TestEntity.java,17.0,5.0,1.0,2.0,8.0,3.0,0.0,shwetha.gs@inmobi.com,0,0.0,0.0,0.0,0.0,0.0,0.0,0.0,0,0,0.0,false
common/src/main/java/org/apache/ivory/IvoryRuntimException.java,14.0,0.0,1.0,2.0,0.0,2.0,60.0,psychidris@gmail.com,2,0.002197802197802198,20.0,0.0,0.0,20.0,4860.122310048788,172400.41585260496,2,0,0.3353407993624541,false
common/src/main/java/org/apache/ivory/entity/ClusterHelper.java,40.0,3.0,55.0,11.0,17.0,20.0,19.0,sriksun@hotmail.com,1,0.002197802197802198,0.0,8.0,0.0,0.0,2809.4507772020725,42231.09302325582,1,3,0.8288564324844808,false
common/src/main/java/org/apache/ivory/entity/EntityUtil.java,32.0,7.0,10.0,5.0,10.0,16.0,17.0,shwetha.gs@inmobi.com,3,0.002197802197802198,5.0,5.0,0.0,5.0,6028.722310048788,182289.5608061367,3,0,0.2356301573130788,false
common/src/main/java/org/apache/ivory/entity/ExternalId.java,28.0,4.0,1.0,7.0,6.0,16.0,22.0,shwetha.gs@inmobi.com,3,0.0,0.0,0.0,0.0,0.0,6028.722310048788,182289.5608061367,3,0,0.3603779488428256,false
common/src/main/java/org/apache/ivory/entity/common/DateValidator.java,54.0,2.0,0.0,2.0,8.0,7.0,0.0,shwetha.gs@inmobi.com,0,0.0,0.0,0.0,0.0,0.0,0.0,0.0,0,0,0.0,false
common/src/main/java/org/apache/ivory/entity/common/ELParser.java,158.0,3.0,10.0,13.0,25.0,30.0,6.0,sriksun@hotmail.com,2,0.002197802197802198,50.0,0.0,0.0,0.0,4860.122310048788,172400.41585260496,2,0,0.3502070546837147,false
common/src/main/java/org/apache/ivory/entity/parser/ClusterEntityParser.java,8.0,4.0,1.0,2.0,0.0,3.0,0.0,shwetha.gs@inmobi.com,0,0.0,0.0,0.0,0.0,0.0,0.0,0.0,0,1,0.0,false
common/src/main/java/org/apache/ivory/entity/parser/CrossEntityValidations.java,94.0,18.0,15.0,6.0,72.0,24.0,16.0,shwetha.gs@inmobi.com,1,0.002197802197802198,17.0,0.0,0.0,0.0,2050.6715328467153,130169.32282934916,1,0,1.2578520380028393,false
common/src/main/java/org/apache/ivory/entity/parser/EntityParser.java,61.0,10.0,15.0,7.0,9.0,19.0,0.0,shwetha.gs@inmobi.com,0,0.0,0.0,0.0,0.0,0.0,0.0,0.0,0,3,0.0,false
common/src/main/java/org/apache/ivory/entity/parser/EntityParserFactory.java,24.0,1.0,1.0,2.0,0.0,5.0,0.0,psychidris@gmail.com,0,0.0,0.0,0.0,0.0,0.0,0.0,0.0,0,3,0.0,false
common/src/main/java/org/apache/ivory/entity/parser/FeedEntityParser.java,117.0,17.0,36.0,9.0,62.0,37.0,10.0,null,3,0.006593406593406593,8.0,20.0,4.0,4.0,5103.988976715455,172778.05481870795,3,1,0.8528650997009117,false
common/src/main/java/org/apache/ivory/entity/parser/Frequency.java,0.0,0.0,0.0,0.0,0.0,0.0,16.0,shwetha.gs@inmobi.com,1,0.002197802197802198,50.0,0.0,0.0,0.0,2050.6715328467153,130169.32282934916,1,0,1.2578520380028393,false
common/src/main/java/org/apache/ivory/entity/parser/ProcessEntityParser.java,103.0,21.0,21.0,7.0,45.0,26.0,36.0,psychidris@gmail.com,3,0.004395604395604396,7.0,7.0,0.0,4.0,6028.722310048788,182289.5608061367,3,5,0.18745693352897042,false
common/src/main/java/org/apache/ivory/entity/parser/ValidationException.java,15.0,1.0,3.0,3.0,0.0,3.0,0.0,shwetha.gs@inmobi.com,0,0.0,0.0,0.0,0.0,0.0,0.0,0.0,0,0,0.0,false
common/src/main/java/org/apache/ivory/entity/store/ConfigurationStore.java,283.0,21.0,129.0,22.0,94.0,85.0,19.0,shwetha.gs@inmobi.com,3,0.0,0.0,0.0,0.0,0.0,3507.4715328467155,140766.41391933474,3,3,1.2959652250671283,false
common/src/main/java/org/apache/ivory/entity/store/ConfigurationStoreAction.java,56.0,5.0,0.0,4.0,19.0,13.0,14.0,shwetha.gs@inmobi.com,1,0.0,0.0,0.0,25.0,0.0,1168.6000000000001,9889.144953531732,1,0,1.7568432041218272,false
common/src/main/java/org/apache/ivory/entity/store/EntityAlreadyExistsException.java,11.0,1.0,3.0,3.0,0.0,3.0,0.0,sriksun@hotmail.com,0,0.0,0.0,0.0,0.0,0.0,0.0,0.0,0,0,0.0,false
common/src/main/java/org/apache/ivory/entity/v0/EntityGraph.java,140.0,14.0,43.0,10.0,41.0,35.0,13.0,shwetha.gs@inmobi.com,2,0.0,0.0,0.0,0.0,0.0,3219.2715328467157,140058.46778288088,2,0,0.7876682584143557,false
common/src/main/java/org/apache/ivory/entity/v0/EntityIntegrityChecker.java,20.0,6.0,1.0,2.0,11.0,9.0,5.0,sriksun@hotmail.com,1,0.0,0.0,0.0,0.0,0.0,1168.6000000000001,9889.144953531732,1,1,1.7568432041218272,false
common/src/main/java/org/apache/ivory/entity/v0/UnschedulableEntityException.java,15.0,1.0,3.0,3.0,0.0,3.0,0.0,venkatesh@hortonworks.com,0,0.0,0.0,0.0,0.0,0.0,0.0,0.0,0,0,0.0,false
common/src/main/java/org/apache/ivory/expression/ExpressionHelper.java,53.0,8.0,64.0,12.0,20.0,28.0,15.0,null,3,0.004395604395604396,22.0,0.0,0.0,0.0,2582.738199513382,131254.907931906,3,0,1.3884492252742553,false
common/src/main/java/org/apache/ivory/monitors/Dimension.java,0.0,0.0,0.0,0.0,0.0,0.0,0.0,null,0,0.0,0.0,0.0,0.0,0.0,0.0,0.0,0,0,0.0,false
common/src/main/java/org/apache/ivory/monitors/Monitored.java,0.0,0.0,0.0,0.0,0.0,0.0,0.0,null,0,0.0,0.0,0.0,0.0,0.0,0.0,0.0,0,0,0.0,false
common/src/main/java/org/apache/ivory/security/CurrentUser.java,42.0,2.0,4.0,5.0,12.0,19.0,0.0,venkatesh@hortonworks.com,0,0.0,0.0,0.0,0.0,0.0,0.0,0.0,0,0,0.0,false
common/src/main/java/org/apache/ivory/security/IvoryLoginModule.java,34.0,8.0,9.0,6.0,7.0,17.0,0.0,venkatesh@hortonworks.com,0,0.0,0.0,0.0,0.0,0.0,0.0,0.0,0,0,0.0,false
common/src/main/java/org/apache/ivory/security/IvoryPrincipal.java,9.0,1.0,0.0,2.0,0.0,3.0,0.0,venkatesh@hortonworks.com,0,0.0,0.0,0.0,0.0,0.0,0.0,0.0,0,0,0.0,false
common/src/main/java/org/apache/ivory/security/IvorySecurityConfiguration.java,16.0,3.0,0.0,2.0,2.0,5.0,0.0,venkatesh@hortonworks.com,0,0.0,0.0,0.0,0.0,0.0,0.0,0.0,0,0,0.0,false
common/src/main/java/org/apache/ivory/security/SecurityConstants.java,5.0,2.0,0.0,0.0,0.0,0.0,0.0,venkatesh@hortonworks.com,0,0.0,0.0,0.0,0.0,0.0,0.0,0.0,0,0,0.0,false
common/src/main/java/org/apache/ivory/service/ConfigurationChangeListener.java,5.0,2.0,3.0,3.0,0.0,6.0,21.0,shwetha.gs@inmobi.com,2,0.002197802197802198,25.0,0.0,0.0,0.0,1456.8000000000002,10597.091089985593,2,0,2.2767297394190855,false
common/src/main/java/org/apache/ivory/service/IvoryService.java,5.0,1.0,3.0,3.0,0.0,5.0,14.0,sriksun@sriksun.local,2,0.0,0.0,0.0,0.0,0.0,2338.871532846715,130877.26896580301,2,0,1.681500968196441,false
common/src/main/java/org/apache/ivory/service/ServiceInitializer.java,22.0,4.0,0.0,2.0,12.0,7.0,15.0,shwetha.gs@inmobi.com,2,0.0,0.0,0.0,0.0,0.0,3219.2715328467157,140058.46778288088,2,0,0.814200440502388,false
common/src/main/java/org/apache/ivory/service/Services.java,35.0,6.0,3.0,6.0,8.0,16.0,20.0,sriksun@hotmail.com,2,0.002197802197802198,20.0,0.0,0.0,0.0,3219.2715328467157,140058.46778288088,2,0,0.7876682584143557,false
common/src/main/java/org/apache/ivory/transaction/Action.java,90.0,5.0,23.0,11.0,12.0,21.0,12.0,shwetha.gs@inmobi.com,1,0.0,0.0,0.0,0.0,0.0,2050.6715328467153,130169.32282934916,1,0,1.2578520380028393,false
common/src/main/java/org/apache/ivory/transaction/AtomicActions.java,75.0,8.0,0.0,13.0,35.0,31.0,12.0,shwetha.gs@inmobi.com,2,0.002197802197802198,33.0,0.0,33.0,0.0,3219.2715328467157,140058.46778288088,2,0,0.814200440502388,false
common/src/main/java/org/apache/ivory/transaction/Journal.java,7.0,2.0,10.0,5.0,0.0,10.0,12.0,shwetha.gs@inmobi.com,1,0.0,0.0,0.0,0.0,0.0,2050.6715328467153,130169.32282934916,1,0,1.2578520380028393,false
common/src/main/java/org/apache/ivory/transaction/JournalFactory.java,26.0,5.0,6.0,4.0,3.0,9.0,5.0,shwetha.gs@inmobi.com,2,0.0,0.0,0.0,25.0,0.0,3219.2715328467157,140058.46778288088,2,0,0.9539986471206849,false
common/src/main/java/org/apache/ivory/transaction/SharedFileSystemJournal.java,66.0,7.0,8.0,8.0,24.0,27.0,12.0,shwetha.gs@inmobi.com,2,0.002197802197802198,33.0,0.0,33.0,0.0,3219.2715328467157,140058.46778288088,2,0,0.814200440502388,false
common/src/main/java/org/apache/ivory/transaction/TransactionManager.java,44.0,6.0,0.0,6.0,23.0,18.0,3.0,shwetha.gs@inmobi.com,1,0.0,0.0,0.0,0.0,0.0,2809.4507772020725,42231.09302325582,1,0,0.8288564324844808,false
common/src/main/java/org/apache/ivory/update/UpdateHelper.java,67.0,11.0,4.0,4.0,40.0,19.0,0.0,shwetha.gs@inmobi.com,0,0.0,0.0,0.0,0.0,0.0,0.0,0.0,0,0,0.0,false
common/src/main/java/org/apache/ivory/util/ApplicationProperties.java,57.0,6.0,4.0,4.0,16.0,13.0,11.0,sriksun@hotmail.com,2,0.002197802197802198,12.0,0.0,0.0,0.0,1456.8000000000002,10597.091089985593,2,1,1.930996551255935,false
common/src/main/java/org/apache/ivory/util/GenericAlert.java,8.0,2.0,0.0,1.0,0.0,2.0,8.0,shwetha.gs@inmobi.com,1,0.002197802197802198,0.0,33.0,33.0,33.0,2809.4507772020725,42231.09302325582,1,0,0.8288564324844808,false
common/src/main/java/org/apache/ivory/util/ReflectionUtils.java,20.0,1.0,1.0,2.0,6.0,10.0,22.0,shwetha.gs@inmobi.com,3,0.0,0.0,0.0,0.0,0.0,3507.4715328467155,140766.41391933474,3,0,1.0701008785434234,false
common/src/main/java/org/apache/ivory/workflow/WorkflowBuilder.java,11.0,8.0,6.0,4.0,4.0,9.0,24.0,shwetha.gs@inmobi.com,2,0.002197802197802198,0.0,8.0,0.0,0.0,3219.2715328467157,140058.46778288088,2,0,0.7887972902105052,false
common/src/main/java/org/apache/ivory/workflow/WorkflowEngineFactory.java,8.0,4.0,1.0,2.0,1.0,4.0,7.0,sriksun@hotmail.com,1,0.0,0.0,0.0,20.0,0.0,2050.6715328467153,130169.32282934916,1,0,1.2578520380028393,false
common/src/main/java/org/apache/ivory/workflow/engine/WorkflowEngine.java,20.0,6.0,105.0,15.0,0.0,30.0,23.0,shwetha.gs@inmobi.com,2,0.0,0.0,0.0,0.0,0.0,3219.2715328467157,140058.46778288088,2,1,0.9539986471206849,false
common/src/main/java/org/apache/ivory/workflow/engine/WorkflowEngineActionListener.java,10.0,3.0,28.0,8.0,0.0,20.0,27.0,shwetha.gs@inmobi.com,1,0.0,0.0,0.0,0.0,0.0,1168.6000000000001,9889.144953531732,1,0,1.7568432041218272,false
common/src/test/java/org/apache/ivory/entity/AbstractTestBase.java,55.0,17.0,6.0,4.0,24.0,13.0,16.0,shwetha.gs@inmobi.com,2,0.002197802197802198,14.0,29.0,0.0,14.0,3978.050777202073,52120.237976787546,2,0,0.5016711880687834,false
common/src/test/java/org/apache/ivory/entity/EntityTypeTest.java,10.0,3.0,1.0,2.0,6.0,2.0,0.0,venkatesh@hortonworks.com,0,0.0,0.0,0.0,0.0,0.0,0.0,0.0,0,0,0.0,false
common/src/test/java/org/apache/ivory/entity/common/DateValidatorTest.java,25.0,2.0,4.0,5.0,6.0,8.0,0.0,shwetha.gs@inmobi.com,0,0.0,0.0,0.0,0.0,0.0,0.0,0.0,0,0,0.0,false
common/src/test/java/org/apache/ivory/entity/common/ELParserTest.java,195.0,5.0,136.0,17.0,44.0,34.0,6.0,sriksun@hotmail.com,2,0.002197802197802198,50.0,0.0,0.0,0.0,4860.122310048788,172400.41585260496,2,0,0.3502070546837147,false
common/src/test/java/org/apache/ivory/entity/parser/ClusterEntityParserTest.java,31.0,14.0,1.0,2.0,18.0,3.0,24.0,shwetha.gs@inmobi.com,2,0.002197802197802198,0.0,8.0,0.0,0.0,3978.050777202073,52120.237976787546,2,2,0.5997026377432088,false
common/src/test/java/org/apache/ivory/entity/parser/FeedEntityParserTest.java,140.0,20.0,0.0,10.0,102.0,28.0,11.0,shwetha.gs@inmobi.com,3,0.004395604395604396,5.0,19.0,5.0,5.0,4221.91744386874,52497.87694289054,3,1,0.9152389954657851,false
common/src/test/java/org/apache/ivory/entity/parser/FeedUpdateTest.java,80.0,11.0,9.0,7.0,35.0,15.0,26.0,shwetha.gs@inmobi.com,2,0.002197802197802198,20.0,0.0,0.0,0.0,3219.2715328467157,140058.46778288088,2,0,0.814200440502388,false
common/src/test/java/org/apache/ivory/entity/parser/ProcessEntityParserTest.java,134.0,22.0,1.0,14.0,92.0,33.0,11.0,null,2,0.004395604395604396,7.0,10.0,0.0,3.0,4860.122310048788,172400.41585260496,2,5,0.4142531300499648,false
common/src/test/java/org/apache/ivory/entity/store/ConfigurationStoreActionTest.java,65.0,11.0,28.0,8.0,61.0,18.0,0.0,shwetha.gs@inmobi.com,0,0.0,0.0,0.0,0.0,0.0,0.0,0.0,0,0,0.0,false
common/src/test/java/org/apache/ivory/entity/store/ConfigurationStoreTest.java,33.0,12.0,4.0,5.0,17.0,11.0,0.0,venkatesh@hortonworks.com,0,0.0,0.0,0.0,0.0,0.0,0.0,0.0,0,2,0.0,false
common/src/test/java/org/apache/ivory/entity/v0/EntityGraphTest.java,200.0,13.0,16.0,8.0,64.0,19.0,17.0,shwetha.gs@inmobi.com,2,0.0,0.0,0.0,0.0,0.0,3219.2715328467157,140058.46778288088,2,0,0.7876682584143557,false
common/src/test/java/org/apache/ivory/security/CurrentUserTest.java,7.0,2.0,0.0,1.0,5.0,2.0,0.0,venkatesh@hortonworks.com,0,0.0,0.0,0.0,0.0,0.0,0.0,0.0,0,0,0.0,false
common/src/test/java/org/apache/ivory/transaction/ActionTest.java,17.0,3.0,1.0,2.0,12.0,4.0,12.0,shwetha.gs@inmobi.com,1,0.0,0.0,0.0,0.0,0.0,2050.6715328467153,130169.32282934916,1,0,1.2578520380028393,false
common/src/test/java/org/apache/ivory/transaction/AtomicActionsTest.java,68.0,6.0,6.0,4.0,25.0,11.0,12.0,shwetha.gs@inmobi.com,1,0.0,0.0,0.0,0.0,0.0,2050.6715328467153,130169.32282934916,1,0,1.2578520380028393,false
common/src/test/java/org/apache/ivory/transaction/SharedFileSystemJournalTest.java,65.0,8.0,0.0,6.0,34.0,13.0,10.0,shwetha.gs@inmobi.com,4,0.004395604395604396,33.0,0.0,33.0,0.0,3556.804866180049,140878.69236779033,4,0,0.47218967531793354,false
common/src/test/java/org/apache/ivory/transaction/TestAction.java,12.0,1.0,6.0,4.0,0.0,5.0,0.0,shwetha.gs@inmobi.com,0,0.0,0.0,0.0,0.0,0.0,0.0,0.0,0,0,0.0,false
common/src/test/java/org/apache/ivory/update/UpdateHelperTest.java,56.0,16.0,3.0,3.0,36.0,6.0,26.0,shwetha.gs@inmobi.com,2,0.002197802197802198,11.0,0.0,0.0,0.0,3219.2715328467157,140058.46778288088,2,0,0.814200440502388,false
feed/src/main/java/org/apache/ivory/converter/OozieFeedMapper.java,92.0,25.0,26.0,8.0,70.0,26.0,10.0,psychidris@gmail.com,3,0.006593406593406593,15.0,22.0,11.0,7.0,6028.722310048788,182289.5608061367,3,0,0.13461125447287992,false
feed/src/main/java/org/apache/ivory/workflow/OozieFeedWorkflowBuilder.java,49.0,15.0,36.0,9.0,36.0,23.0,21.0,shwetha.gs@inmobi.com,3,0.002197802197802198,0.0,7.0,7.0,0.0,6028.722310048788,182289.5608061367,3,0,0.41703452173831557,false
messaging/src/main/java/org/apache/ivory/messaging/EntityInstanceMessage.java,207.0,10.0,0.0,39.0,89.0,75.0,14.0,psychidris@gmail.com,2,0.004395604395604396,50.0,38.0,0.0,38.0,4860.122310048788,172400.41585260496,2,0,0.4142531300499648,false
messaging/src/main/java/org/apache/ivory/messaging/EntityInstanceMessageCreator.java,25.0,5.0,0.0,3.0,7.0,7.0,19.0,venkatesh@hortonworks.com,1,0.002197802197802198,50.0,50.0,0.0,50.0,2809.4507772020725,42231.09302325582,1,0,0.8288564324844808,false
messaging/src/main/java/org/apache/ivory/messaging/MessageProducer.java,65.0,8.0,0.0,4.0,25.0,14.0,22.0,psychidris@gmail.com,1,0.002197802197802198,40.0,60.0,0.0,40.0,2809.4507772020725,42231.09302325582,1,0,0.8288564324844808,false
messaging/src/main/java/org/apache/ivory/workflow/PreProcessing.java,7.0,0.0,0.0,1.0,1.0,2.0,13.0,shwetha.gs@inmobi.com,2,0.004395604395604396,100.0,67.0,0.0,100.0,3978.050777202073,52120.237976787546,2,0,0.5016711880687834,false
messaging/src/test/java/org/apache/ivory/messaging/FeedProducerTest.java,112.0,21.0,6.0,8.0,49.0,20.0,10.0,sriksun@sriksun.local,1,0.002197802197802198,0.0,50.0,0.0,0.0,2809.4507772020725,42231.09302325582,1,0,0.8288564324844808,false
messaging/src/test/java/org/apache/ivory/messaging/IvoryTopicProducerTest.java,78.0,13.0,7.0,6.0,24.0,16.0,19.0,venkatesh@hortonworks.com,1,0.002197802197802198,0.0,33.0,0.0,0.0,2809.4507772020725,42231.09302325582,1,0,0.8288564324844808,false
messaging/src/test/java/org/apache/ivory/messaging/ProcessProducerTest.java,83.0,13.0,3.0,6.0,24.0,16.0,32.0,psychidris@gmail.com,1,0.002197802197802198,33.0,33.0,0.0,33.0,2809.4507772020725,42231.09302325582,1,0,0.8288564324844808,false
metrics/src/main/java/org/apache/ivory/aspect/AbstractIvoryAspect.java,34.0,7.0,3.0,3.0,10.0,7.0,8.0,psychidris@gmail.com,2,0.002197802197802198,0.0,44.0,22.0,22.0,4860.122310048788,172400.41585260496,2,0,0.48002520069869437,false
metrics/src/main/java/org/apache/ivory/aspect/ResourceMessage.java,30.0,1.0,0.0,6.0,1.0,11.0,10.0,sriksun@hotmail.com,1,0.0,0.0,0.0,0.0,50.0,2050.6715328467153,130169.32282934916,1,0,1.2578520380028393,false
metrics/src/main/java/org/apache/ivory/util/ResourcesReflectionUtil.java,72.0,7.0,9.0,6.0,25.0,19.0,10.0,sriksun@hotmail.com,2,0.002197802197802198,0.0,25.0,0.0,12.0,4860.122310048788,172400.41585260496,2,0,0.41324212878623934,false
oozie/src/main/java/org/apache/ivory/converter/AbstractOozieEntityMapper.java,157.0,26.0,149.0,19.0,78.0,46.0,9.0,null,5,0.01098901098901099,23.0,19.0,13.0,26.0,6560.788976715455,183375.14590869355,5,0,0.08904903032213252,false
oozie/src/main/java/org/apache/ivory/service/SharedLibraryHostingService.java,56.0,21.0,36.0,9.0,23.0,27.0,18.0,shwetha.gs@inmobi.com,4,0.002197802197802198,8.0,0.0,0.0,0.0,6316.922310048788,182997.50694259055,4,0,0.8331089985156805,false
oozie/src/main/java/org/apache/ivory/workflow/OozieWorkflowBuilder.java,20.0,19.0,28.0,8.0,8.0,13.0,15.0,shwetha.gs@inmobi.com,3,0.004395604395604396,11.0,6.0,11.0,0.0,6028.722310048788,182289.5608061367,3,0,0.5505148665834435,false
oozie/src/main/java/org/apache/ivory/workflow/engine/NullBundleJob.java,59.0,4.0,190.0,20.0,0.0,37.0,0.0,shwetha.gs@inmobi.com,0,0.0,0.0,0.0,0.0,0.0,0.0,0.0,0,1,0.0,false
oozie/src/main/java/org/apache/ivory/workflow/engine/NullCoordJob.java,74.0,4.0,300.0,25.0,0.0,47.0,0.0,shwetha.gs@inmobi.com,0,0.0,0.0,0.0,0.0,0.0,0.0,0.0,0,0,0.0,false
oozie/src/main/java/org/apache/ivory/workflow/engine/OozieClientFactory.java,28.0,8.0,3.0,3.0,4.0,12.0,16.0,shwetha.gs@inmobi.com,4,0.002197802197802198,14.0,0.0,0.0,0.0,6316.922310048788,182997.50694259055,4,1,0.44745462240987943,false
oozie/src/main/java/org/apache/ivory/workflow/engine/OozieHouseKeepingService.java,30.0,9.0,28.0,8.0,6.0,22.0,27.0,shwetha.gs@inmobi.com,1,0.0,0.0,0.0,0.0,0.0,1168.6000000000001,9889.144953531732,1,1,1.7568432041218272,false
oozie/src/main/java/org/apache/ivory/workflow/engine/OozieWorkflowEngine.java,483.0,34.0,567.0,39.0,209.0,157.0,9.0,shwetha.gs@inmobi.com,4,0.008791208791208791,16.0,6.0,9.0,6.0,6272.588976715455,182667.1997722397,4,1,0.5628922458475967,false
oozie/src/main/java/org/apache/ivory/workflow/engine/OozieWorkflowEngineAction.java,105.0,11.0,25.0,10.0,47.0,32.0,22.0,shwetha.gs@inmobi.com,2,0.002197802197802198,33.0,0.0,0.0,0.0,3219.2715328467157,140058.46778288088,2,0,0.814200440502388,false
oozie/src/main/java/org/apache/oozie/client/CustomOozieClient.java,33.0,10.0,3.0,3.0,2.0,7.0,18.0,srikanth.sundarrajan@inmobi.com,1,0.0,0.0,0.0,0.0,0.0,288.2,707.9461364538626,1,0,3.4914442595099335,false
oozie/src/test/java/org/apache/ivory/oozie/bundle/BundleUnmarshallingTest.java,12.0,8.0,0.0,1.0,13.0,2.0,10.0,shwetha.gs@inmobi.com,1,0.002197802197802198,0.0,50.0,0.0,0.0,1168.6000000000001,9889.144953531732,1,0,1.7568432041218272,false
oozie/src/test/java/org/apache/ivory/oozie/coordinator/CoordinatorUnmarshallingTest.java,15.0,9.0,0.0,1.0,14.0,2.0,12.0,shwetha.gs@inmobi.com,2,0.004395604395604396,33.0,33.0,0.0,0.0,3978.050777202073,52120.237976787546,2,0,0.5997026377432088,false
oozie/src/test/java/org/apache/ivory/oozie/workflow/WorkflowUnmarshallingTest.java,12.0,9.0,0.0,1.0,13.0,2.0,12.0,shwetha.gs@inmobi.com,2,0.004395604395604396,33.0,33.0,0.0,0.0,3978.050777202073,52120.237976787546,2,0,0.5997026377432088,false
oozie/src/test/java/org/apache/ivory/workflow/engine/OozieWorkflowEngineActionTest.java,119.0,20.0,0.0,16.0,79.0,34.0,27.0,shwetha.gs@inmobi.com,1,0.0,0.0,0.0,0.0,0.0,1168.6000000000001,9889.144953531732,1,0,1.7568432041218272,false
oozie/src/test/java/org/apache/oozie/client/CustomOozieClientTest.java,9.0,2.0,0.0,1.0,3.0,2.0,18.0,srikanth.sundarrajan@inmobi.com,1,0.002197802197802198,17.0,0.0,0.0,0.0,288.2,707.9461364538626,1,0,3.4914442595099335,false
process/src/main/java/org/apache/ivory/converter/OozieProcessMapper.java,160.0,36.0,36.0,9.0,111.0,36.0,9.0,null,5,0.01098901098901099,22.0,18.0,14.0,16.0,6560.788976715455,183375.14590869355,5,1,0.01761172404439737,false
process/src/main/java/org/apache/ivory/latedata/LateDataHandler.java,104.0,12.0,4.0,5.0,50.0,24.0,12.0,sriksun@sriksun.local,3,0.002197802197802198,17.0,0.0,0.0,0.0,5148.322310048788,173108.36198905882,3,0,1.0105696375158613,false
process/src/main/java/org/apache/ivory/latedata/LateDataUtils.java,67.0,12.0,9.0,6.0,30.0,25.0,17.0,shwetha.gs@inmobi.com,1,0.0,0.0,0.0,0.0,0.0,1168.6000000000001,9889.144953531732,1,0,1.7568432041218272,false
process/src/main/java/org/apache/ivory/latedata/NotEnoughPathsException.java,11.0,1.0,3.0,3.0,0.0,3.0,0.0,pracheer.agarwal@inmobi.com,0,0.0,0.0,0.0,0.0,0.0,0.0,0.0,0,0,0.0,false
process/src/main/java/org/apache/ivory/workflow/OozieProcessWorkflowBuilder.java,51.0,11.0,36.0,9.0,47.0,24.0,15.0,shwetha.gs@inmobi.com,4,0.004395604395604396,4.0,4.0,4.0,4.0,6078.055643382121,182401.83925459228,4,1,0.28778864568163676,false
process/src/test/java/org/apache/ivory/converter/AbstractTestBase.java,42.0,6.0,3.0,3.0,11.0,8.0,16.0,shwetha.gs@inmobi.com,0,0.0,0.0,0.0,0.0,0.0,0.0,0.0,0,1,0.0,false
process/src/test/java/org/apache/ivory/converter/OozieProcessMapperLateProcessTest.java,62.0,20.0,0.0,5.0,24.0,11.0,8.0,null,2,0.002197802197802198,20.0,0.0,0.0,20.0,3053.3174438687392,42608.731989358814,2,0,1.0804082213205208,false
process/src/test/java/org/apache/ivory/converter/OozieProcessMapperTest.java,101.0,33.0,43.0,10.0,97.0,26.0,12.0,null,4,0.008791208791208791,16.0,16.0,13.0,10.0,6316.922310048788,182997.50694259055,4,1,0.24466482800671052,false
process/src/test/java/org/apache/ivory/latedata/LateDataHandlerTest.java,211.0,11.0,4.0,13.0,113.0,37.0,20.0,sriksun@sriksun.local,2,0.0,0.0,0.0,0.0,0.0,2338.871532846715,130877.26896580301,2,0,1.681500968196441,false
process/src/test/java/org/apache/ivory/latedata/LateDataUtilsTest.java,21.0,2.0,0.0,1.0,3.0,3.0,6.0,pracheer.agarwal@inmobi.com,0,0.0,0.0,0.0,0.0,0.0,0.0,0.0,0,0,0.0,false
retention/src/main/java/org/apache/ivory/retention/FeedEvictor.java,207.0,32.0,40.0,17.0,93.0,57.0,12.0,sriksun@hotmail.com,2,0.002197802197802198,14.0,14.0,0.0,14.0,4860.122310048788,172400.41585260496,2,0,0.5882679920044414,false
retention/src/test/java/org/apache/ivory/retention/FeedEvictorTest.java,205.0,20.0,37.0,15.0,87.0,47.0,15.0,sriksun@hotmail.com,2,0.002197802197802198,17.0,17.0,0.0,17.0,4860.122310048788,172400.41585260496,2,0,0.47833933453524025,false
retention/src/test/java/org/apache/ivory/workflow/OozieRetentionWorkflowTest.java,123.0,25.0,8.0,8.0,50.0,23.0,10.0,sriksun@hotmail.com,2,0.004395604395604396,33.0,0.0,33.0,17.0,3219.2715328467157,140058.46778288088,2,0,0.8904560234896994,false
test-util/src/main/java/org/apache/ivory/cluster/util/EmbeddedCluster.java,104.0,18.0,37.0,11.0,30.0,28.0,16.0,sriksun@sriksun.local,1,0.0,0.0,0.0,0.0,0.0,2050.6715328467153,130169.32282934916,1,0,1.2578520380028393,false
test-util/src/main/java/org/apache/ivory/oozie/test/security/hack/CustomHadoopAccessorService.java,168.0,21.0,43.0,11.0,52.0,47.0,19.0,sriksun@hotmail.com,1,0.002197802197802198,50.0,0.0,0.0,0.0,2050.6715328467153,130169.32282934916,1,0,1.2578520380028393,false
webapp/src/main/java/org/apache/ivory/IvoryWebException.java,22.0,5.0,6.0,4.0,14.0,10.0,12.0,sriksun@hotmail.com,3,0.004395604395604396,43.0,14.0,57.0,43.0,3219.2715328467157,140058.46778288088,3,0,0.845719374125725,false
webapp/src/main/java/org/apache/ivory/Main.java,7.0,2.0,0.0,1.0,1.0,2.0,25.0,sriksun@hotmail.com,3,0.002197802197802198,12.0,0.0,0.0,0.0,3507.4715328467155,140766.41391933474,3,1,1.0701008785434234,false
webapp/src/main/java/org/apache/ivory/aspect/LoggingAspect.java,6.0,2.0,0.0,1.0,1.0,1.0,21.0,sriksun@hotmail.com,2,0.002197802197802198,50.0,50.0,0.0,50.0,4860.122310048788,172400.41585260496,2,0,0.3502070546837147,false
webapp/src/main/java/org/apache/ivory/aspect/instances/IvoryTopicSubscriber.java,82.0,16.0,0.0,7.0,28.0,17.0,9.0,psychidris@gmail.com,2,0.002197802197802198,0.0,25.0,25.0,12.0,4860.122310048788,172400.41585260496,2,0,0.505710721917839,false
webapp/src/main/java/org/apache/ivory/aspect/instances/ProcessSubscriberService.java,34.0,4.0,2.0,5.0,6.0,9.0,24.0,sriksun@hotmail.com,2,0.002197802197802198,0.0,50.0,0.0,0.0,4860.122310048788,172400.41585260496,2,0,0.3502070546837147,false
webapp/src/main/java/org/apache/ivory/listener/ContextStartupListener.java,53.0,12.0,0.0,3.0,18.0,8.0,15.0,sriksun@hotmail.com,3,0.002197802197802198,12.0,0.0,0.0,0.0,3507.4715328467155,140766.41391933474,3,0,0.8540981762948212,false
webapp/src/main/java/org/apache/ivory/resource/EntityManager.java,258.0,38.0,45.0,18.0,104.0,82.0,12.0,sriksun@hotmail.com,4,0.006593406593406593,9.0,6.0,3.0,6.0,6316.922310048788,182997.50694259055,4,8,0.37993583457338764,false
webapp/src/main/java/org/apache/ivory/resource/JAXBContextResolver.java,22.0,8.0,1.0,2.0,0.0,5.0,27.0,sriksun@hotmail.com,1,0.0,0.0,0.0,0.0,0.0,2050.6715328467153,130169.32282934916,1,0,1.2578520380028393,false
webapp/src/main/java/org/apache/ivory/resource/ProcessInstanceManager.java,162.0,30.0,24.0,12.0,107.0,47.0,12.0,psychidris@gmail.com,3,0.006593406593406593,22.0,33.0,17.0,22.0,6028.722310048788,182289.5608061367,3,1,0.15184762905020177,false
webapp/src/main/java/org/apache/ivory/resource/SchedulableEntityManager.java,109.0,19.0,3.0,6.0,47.0,26.0,19.0,shwetha.gs@inmobi.com,3,0.006593406593406593,20.0,13.0,7.0,7.0,6028.722310048788,182289.5608061367,3,0,0.43962794077922396,false
webapp/src/main/java/org/apache/ivory/security/BasicAuthFilter.java,39.0,8.0,1.0,3.0,14.0,7.0,0.0,null,0,0.0,0.0,0.0,0.0,0.0,0.0,0.0,0,0,0.0,false
webapp/src/main/java/org/apache/ivory/util/RetryHandler.java,26.0,9.0,1.0,2.0,11.0,9.0,4.0,psychidris@gmail.com,1,0.002197802197802198,0.0,83.0,17.0,17.0,2809.4507772020725,42231.09302325582,1,0,0.8288564324844808,false
webapp/src/test/java/org/apache/ivory/aspect/LoggingAspectTest.java,43.0,5.0,2.0,4.0,12.0,12.0,15.0,sriksun@hotmail.com,3,0.002197802197802198,33.0,33.0,33.0,33.0,5103.988976715455,172778.05481870795,3,0,0.5030419919198144,false
webapp/src/test/java/org/apache/ivory/aspect/instances/IvoryTopicSubscriberTest.java,58.0,16.0,0.0,5.0,33.0,12.0,15.0,sriksun@hotmail.com,2,0.002197802197802198,0.0,50.0,0.0,0.0,4860.122310048788,172400.41585260496,2,0,0.3502070546837147,false
webapp/src/test/java/org/apache/ivory/cli/IvoryCLITest.java,251.0,20.0,64.0,21.0,116.0,54.0,4.0,psychidris@gmail.com,2,0.004395604395604396,6.0,25.0,19.0,6.0,3053.3174438687392,42608.731989358814,2,0,0.7704148264112151,false
webapp/src/test/java/org/apache/ivory/resource/AbstractTestBase.java,194.0,47.0,121.0,18.0,93.0,61.0,16.0,shwetha.gs@inmobi.com,2,0.002197802197802198,6.0,0.0,6.0,0.0,3219.2715328467157,140058.46778288088,2,0,0.814200440502388,false
webapp/src/test/java/org/apache/ivory/resource/EntityManagerJerseyTest.java,275.0,29.0,105.0,15.0,147.0,31.0,10.0,null,4,0.004395604395604396,0.0,4.0,6.0,0.0,6272.588976715455,182667.1997722397,4,4,0.6903497926636579,false
webapp/src/test/java/org/apache/ivory/resource/EntityManagerTest.java,58.0,13.0,13.0,7.0,22.0,21.0,15.0,sriksun@hotmail.com,1,0.0,0.0,0.0,0.0,0.0,2050.6715328467153,130169.32282934916,1,2,1.2578520380028393,false
webapp/src/test/java/org/apache/ivory/resource/ProcessInstanceManagerTest.java,83.0,15.0,28.0,8.0,87.0,20.0,23.0,shwetha.gs@inmobi.com,2,0.0,0.0,0.0,0.0,0.0,3219.2715328467157,140058.46778288088,2,0,0.814200440502388,false
webapp/src/test/java/org/apache/ivory/security/BasicAuthFilterTest.java,53.0,15.0,0.0,4.0,33.0,9.0,0.0,venkatesh@hortonworks.com,0,0.0,0.0,0.0,0.0,0.0,0.0,0.0,0,0,0.0,false
webapp/src/test/java/org/apache/ivory/util/ResourcesReflectionUtilTest.java,12.0,2.0,0.0,1.0,4.0,1.0,6.0,sriksun@hotmail.com,2,0.002197802197802198,17.0,25.0,17.0,8.0,4860.122310048788,172400.41585260496,2,0,0.3737701892452622,false
