name,LOC,CBO,LCOM,NOM,RFC,WMC,ACS,Ownership,numOfChanges,numberOfFIChanges,ENH,NF,BugFixing,REF,structuralWorkloadSum,semanticWorkloadSum,numberOfDeveloper,pastFaults,MAF,isBuggy
client/src/main/java/org/apache/ivory/Tag.java,0.0,0.0,0.0,0.0,0.0,0.0,0.0,sriksun@hotmail.com,0,0.0,0.0,0.0,0.0,0.0,0.0,0.0,0,0,0.0,false
client/src/main/java/org/apache/ivory/cli/IvoryCLI.java,417.0,14.0,72.0,16.0,89.0,59.0,0.0,null,0,0.0,0.0,0.0,0.0,0.0,0.0,0.0,0,4,0.0,false
client/src/main/java/org/apache/ivory/entity/v0/Frequency.java,47.0,3.0,19.0,10.0,8.0,21.0,0.0,shwetha.gs@inmobi.com,0,0.0,0.0,0.0,0.0,0.0,0.0,0.0,0,0,0.0,false
client/src/main/java/org/apache/ivory/entity/v0/SchemaHelper.java,22.0,5.0,6.0,4.0,8.0,12.0,0.0,shwetha.gs@inmobi.com,0,0.0,0.0,0.0,0.0,0.0,0.0,0.0,0,0,0.0,false
client/src/main/java/org/apache/ivory/resource/InstancesResult.java,97.0,3.0,3.0,6.0,0.0,7.0,0.0,sriksun@hotmail.com,0,0.0,0.0,0.0,0.0,0.0,0.0,0.0,0,1,0.0,false
client/src/test/java/org/apache/ivory/entity/v0/TestFrequency.java,8.0,2.0,0.0,1.0,5.0,1.0,0.0,shwetha.gs@inmobi.com,0,0.0,0.0,0.0,0.0,0.0,0.0,0.0,0,0,0.0,false
common/src/main/java/org/apache/ivory/cleanup/AbstractCleanupHandler.java,75.0,18.0,26.0,8.0,27.0,28.0,14.0,venkatesh@hortonworks.com,1,0.02857142857142857,50.0,25.0,25.0,50.0,333.2727272727273,483.9303275195932,1,0,1.0647107369924282,false
common/src/main/java/org/apache/ivory/cleanup/FeedCleanupHandler.java,18.0,7.0,1.0,2.0,9.0,5.0,11.0,venkatesh@hortonworks.com,1,0.02857142857142857,50.0,50.0,50.0,50.0,333.2727272727273,483.9303275195932,1,0,1.0647107369924282,false
common/src/main/java/org/apache/ivory/cleanup/ProcessCleanupHandler.java,19.0,7.0,1.0,2.0,10.0,5.0,11.0,venkatesh@hortonworks.com,1,0.02857142857142857,50.0,50.0,50.0,50.0,333.2727272727273,483.9303275195932,1,0,1.0647107369924282,false
common/src/main/java/org/apache/ivory/entity/ClusterHelper.java,59.0,7.0,78.0,13.0,35.0,35.0,15.0,sriksun@hotmail.com,1,0.02857142857142857,8.0,0.0,0.0,8.0,333.2727272727273,483.9303275195932,1,3,1.0647107369924282,false
common/src/main/java/org/apache/ivory/entity/EntityUtil.java,428.0,37.0,1223.0,50.0,167.0,170.0,0.0,shwetha.gs@inmobi.com,0,0.0,0.0,0.0,0.0,0.0,0.0,0.0,0,1,0.0,false
common/src/main/java/org/apache/ivory/entity/ExternalId.java,35.0,5.0,0.0,9.0,10.0,19.0,0.0,shwetha.gs@inmobi.com,0,0.0,0.0,0.0,0.0,0.0,0.0,0.0,0,0,0.0,false
common/src/main/java/org/apache/ivory/entity/FeedHelper.java,56.0,12.0,28.0,8.0,27.0,26.0,0.0,shwetha.gs@inmobi.com,0,0.0,0.0,0.0,0.0,0.0,0.0,0.0,0,0,0.0,false
common/src/main/java/org/apache/ivory/entity/ProcessHelper.java,6.0,2.0,0.0,1.0,3.0,4.0,0.0,shwetha.gs@inmobi.com,0,0.0,0.0,0.0,0.0,0.0,0.0,0.0,0,0,0.0,false
common/src/main/java/org/apache/ivory/entity/WorkflowNameBuilder.java,67.0,7.0,0.0,6.0,5.0,9.0,0.0,shwetha.gs@inmobi.com,0,0.0,0.0,0.0,0.0,0.0,0.0,0.0,0,0,0.0,false
common/src/main/java/org/apache/ivory/entity/parser/ClusterEntityParser.java,20.0,8.0,1.0,2.0,7.0,6.0,15.0,shwetha.gs@inmobi.com,1,0.02857142857142857,12.0,0.0,0.0,12.0,333.2727272727273,483.9303275195932,1,1,1.0647107369924282,false
common/src/main/java/org/apache/ivory/entity/parser/CrossEntityValidations.java,71.0,11.0,10.0,5.0,41.0,21.0,0.0,shwetha.gs@inmobi.com,0,0.0,0.0,0.0,0.0,0.0,0.0,0.0,0,0,0.0,false
common/src/main/java/org/apache/ivory/entity/parser/FeedEntityParser.java,156.0,23.0,43.0,10.0,75.0,44.0,0.0,null,0,0.0,0.0,0.0,0.0,0.0,0.0,0.0,0,4,0.0,false
common/src/main/java/org/apache/ivory/entity/parser/ProcessEntityParser.java,129.0,24.0,21.0,7.0,50.0,28.0,15.0,psychidris@gmail.com,1,0.02857142857142857,4.0,0.0,0.0,4.0,333.2727272727273,483.9303275195932,1,5,1.0647107369924282,false
common/src/main/java/org/apache/ivory/entity/store/ConfigurationStore.java,272.0,25.0,157.0,23.0,94.0,82.0,0.0,shwetha.gs@inmobi.com,0,0.0,0.0,0.0,0.0,0.0,0.0,0.0,0,4,0.0,false
common/src/main/java/org/apache/ivory/group/FeedGroup.java,53.0,10.0,0.0,9.0,18.0,22.0,0.0,shwetha.gs@inmobi.com,0,0.0,0.0,0.0,0.0,0.0,0.0,0.0,0,1,0.0,false
common/src/main/java/org/apache/ivory/service/LogCleanupService.java,40.0,14.0,4.0,4.0,7.0,10.0,0.0,venkatesh@hortonworks.com,0,0.0,0.0,0.0,0.0,0.0,0.0,0.0,0,0,0.0,false
common/src/main/java/org/apache/ivory/service/ServiceInitializer.java,35.0,4.0,0.0,2.0,15.0,9.0,0.0,shwetha.gs@inmobi.com,0,0.0,0.0,0.0,0.0,0.0,0.0,0.0,0,0,0.0,false
common/src/main/java/org/apache/ivory/update/UpdateHelper.java,64.0,15.0,4.0,4.0,29.0,19.0,6.0,shwetha.gs@inmobi.com,1,0.02857142857142857,14.0,14.0,14.0,0.0,178.36363636363637,223.17548676970478,1,0,0.7282385003712154,false
common/src/main/java/org/apache/ivory/util/BuildProperties.java,21.0,3.0,3.0,3.0,2.0,10.0,0.0,sriksun@hotmail.com,0,0.0,0.0,0.0,0.0,0.0,0.0,0.0,0,0,0.0,false
common/src/main/java/org/apache/ivory/util/DeploymentUtil.java,45.0,4.0,15.0,7.0,4.0,14.0,0.0,shwetha.gs@inmobi.com,0,0.0,0.0,0.0,0.0,0.0,0.0,0.0,0,0,0.0,false
common/src/main/java/org/apache/ivory/util/ReflectionUtils.java,26.0,2.0,1.0,2.0,8.0,10.0,0.0,shwetha.gs@inmobi.com,0,0.0,0.0,0.0,0.0,0.0,0.0,0.0,0,0,0.0,false
common/src/main/java/org/apache/ivory/workflow/WorkflowBuilder.java,9.0,7.0,6.0,4.0,4.0,8.0,0.0,shwetha.gs@inmobi.com,0,0.0,0.0,0.0,0.0,0.0,0.0,0.0,0,1,0.0,false
common/src/main/java/org/apache/ivory/workflow/engine/AbstractWorkflowEngine.java,29.0,4.0,171.0,19.0,1.0,37.0,0.0,shwetha.gs@inmobi.com,0,0.0,0.0,0.0,0.0,0.0,0.0,0.0,0,0,0.0,false
common/src/test/java/org/apache/ivory/cleanup/LogCleanupServiceTest.java,68.0,15.0,0.0,4.0,28.0,8.0,11.0,sriksun@sriksun.local,1,0.02857142857142857,33.0,33.0,33.0,33.0,333.2727272727273,483.9303275195932,1,0,1.0647107369924282,false
common/src/test/java/org/apache/ivory/entity/ColoClusterRelationTest.java,36.0,6.0,1.0,2.0,13.0,4.0,0.0,shwetha.gs@inmobi.com,0,0.0,0.0,0.0,0.0,0.0,0.0,0.0,0,0,0.0,false
common/src/test/java/org/apache/ivory/entity/EntityUtilTest.java,114.0,12.0,0.0,16.0,83.0,34.0,0.0,shwetha.gs@inmobi.com,0,0.0,0.0,0.0,0.0,0.0,0.0,0.0,0,0,0.0,false
common/src/test/java/org/apache/ivory/entity/FeedHelperTest.java,20.0,5.0,1.0,2.0,10.0,3.0,0.0,shwetha.gs@inmobi.com,0,0.0,0.0,0.0,0.0,0.0,0.0,0.0,0,0,0.0,false
common/src/test/java/org/apache/ivory/entity/parser/ClusterEntityParserTest.java,34.0,18.0,3.0,3.0,19.0,6.0,0.0,shwetha.gs@inmobi.com,0,0.0,0.0,0.0,0.0,0.0,0.0,0.0,0,2,0.0,false
common/src/test/java/org/apache/ivory/entity/parser/FeedEntityParserTest.java,265.0,26.0,0.0,16.0,182.0,40.0,0.0,shwetha.gs@inmobi.com,0,0.0,0.0,0.0,0.0,0.0,0.0,0.0,0,3,0.0,false
common/src/test/java/org/apache/ivory/entity/parser/ProcessEntityParserTest.java,164.0,20.0,0.0,21.0,131.0,48.0,0.0,null,0,0.0,0.0,0.0,0.0,0.0,0.0,0.0,0,6,0.0,false
common/src/test/java/org/apache/ivory/entity/store/ConfigurationStoreTest.java,33.0,12.0,4.0,5.0,17.0,11.0,0.0,venkatesh@hortonworks.com,0,0.0,0.0,0.0,0.0,0.0,0.0,0.0,0,2,0.0,false
common/src/test/java/org/apache/ivory/entity/v0/EntityGraphTest.java,199.0,13.0,15.0,7.0,63.0,16.0,5.0,shwetha.gs@inmobi.com,1,0.0,0.0,0.0,14.0,0.0,178.36363636363637,223.17548676970478,1,0,0.7282385003712154,false
common/src/test/java/org/apache/ivory/update/UpdateHelperTest.java,76.0,21.0,8.0,5.0,52.0,11.0,0.0,shwetha.gs@inmobi.com,0,0.0,0.0,0.0,0.0,0.0,0.0,0.0,0,0,0.0,false
feed/src/main/java/org/apache/ivory/converter/OozieFeedMapper.java,186.0,32.0,53.0,11.0,143.0,42.0,9.0,psychidris@gmail.com,1,0.02857142857142857,7.0,4.0,4.0,7.0,333.2727272727273,483.9303275195932,1,3,1.0647107369924282,false
feed/src/main/java/org/apache/ivory/workflow/OozieFeedWorkflowBuilder.java,32.0,17.0,6.0,4.0,26.0,15.0,0.0,shwetha.gs@inmobi.com,0,0.0,0.0,0.0,0.0,0.0,0.0,0.0,0,1,0.0,false
feed/src/test/java/org/apache/ivory/converter/OozieFeedMapperTest.java,65.0,22.0,4.0,5.0,30.0,15.0,15.0,psychidris@gmail.com,1,0.02857142857142857,17.0,0.0,0.0,17.0,333.2727272727273,483.9303275195932,1,0,1.0647107369924282,false
messaging/src/main/java/org/apache/ivory/messaging/EntityInstanceMessage.java,143.0,15.0,0.0,17.0,46.0,43.0,0.0,psychidris@gmail.com,0,0.0,0.0,0.0,0.0,0.0,0.0,0.0,0,1,0.0,false
messaging/src/test/java/org/apache/ivory/messaging/FeedProducerTest.java,96.0,22.0,4.0,8.0,41.0,20.0,0.0,sriksun@sriksun.local,0,0.0,0.0,0.0,0.0,0.0,0.0,0.0,0,0,0.0,false
messaging/src/test/java/org/apache/ivory/messaging/IvoryTopicProducerTest.java,71.0,14.0,12.0,8.0,33.0,20.0,0.0,venkatesh@hortonworks.com,0,0.0,0.0,0.0,0.0,0.0,0.0,0.0,0,1,0.0,false
messaging/src/test/java/org/apache/ivory/messaging/ProcessProducerTest.java,71.0,14.0,3.0,6.0,30.0,16.0,0.0,psychidris@gmail.com,0,0.0,0.0,0.0,0.0,0.0,0.0,0.0,0,0,0.0,false
metrics/src/main/java/org/apache/ivory/aspect/GenericAlert.java,26.0,4.0,21.0,7.0,0.0,17.0,0.0,sriksun@hotmail.com,0,0.0,0.0,0.0,0.0,0.0,0.0,0.0,0,1,0.0,false
metrics/src/main/java/org/apache/ivory/monitors/Dimension.java,0.0,0.0,0.0,0.0,0.0,0.0,0.0,venkatesh@hortonworks.com,0,0.0,0.0,0.0,0.0,0.0,0.0,0.0,0,0,0.0,false
metrics/src/main/java/org/apache/ivory/monitors/Monitored.java,0.0,0.0,0.0,0.0,0.0,0.0,0.0,venkatesh@hortonworks.com,0,0.0,0.0,0.0,0.0,0.0,0.0,0.0,0,0,0.0,false
metrics/src/main/java/org/apache/ivory/monitors/TimeTaken.java,0.0,0.0,0.0,0.0,0.0,0.0,0.0,venkatesh@hortonworks.com,0,0.0,0.0,0.0,0.0,0.0,0.0,0.0,0,0,0.0,false
oozie/src/main/java/org/apache/ivory/converter/AbstractOozieEntityMapper.java,211.0,36.0,209.0,22.0,103.0,66.0,3.0,null,1,0.0,0.0,0.0,0.0,0.0,333.2727272727273,483.9303275195932,1,5,1.0647107369924282,false
oozie/src/main/java/org/apache/ivory/logging/LogMover.java,129.0,29.0,16.0,8.0,48.0,31.0,10.0,psychidris@gmail.com,2,0.05714285714285714,25.0,0.0,0.0,12.0,511.6363636363637,707.105814289298,2,1,0.20332743812187648,false
oozie/src/main/java/org/apache/ivory/logging/LogProvider.java,78.0,18.0,19.0,7.0,36.0,27.0,15.0,psychidris@gmail.com,1,0.02857142857142857,11.0,0.0,0.0,11.0,333.2727272727273,483.9303275195932,1,2,1.0647107369924282,false
oozie/src/main/java/org/apache/ivory/service/SharedLibraryHostingService.java,46.0,15.0,19.0,7.0,19.0,24.0,15.0,shwetha.gs@inmobi.com,1,0.02857142857142857,8.0,0.0,0.0,8.0,333.2727272727273,483.9303275195932,1,0,1.0647107369924282,false
oozie/src/main/java/org/apache/ivory/workflow/IvoryPostProcessing.java,125.0,15.0,12.0,12.0,30.0,23.0,0.0,venkatesh@hortonworks.com,0,0.0,0.0,0.0,0.0,0.0,0.0,0.0,0,0,0.0,false
oozie/src/main/java/org/apache/ivory/workflow/OozieWorkflowBuilder.java,26.0,15.0,3.0,3.0,14.0,8.0,11.0,shwetha.gs@inmobi.com,1,0.02857142857142857,6.0,0.0,0.0,6.0,333.2727272727273,483.9303275195932,1,2,1.0647107369924282,false
oozie/src/main/java/org/apache/ivory/workflow/engine/NullBundleJob.java,62.0,4.0,210.0,21.0,0.0,39.0,0.0,shwetha.gs@inmobi.com,0,0.0,0.0,0.0,0.0,0.0,0.0,0.0,0,1,0.0,false
oozie/src/main/java/org/apache/ivory/workflow/engine/NullCoordJob.java,77.0,4.0,325.0,26.0,0.0,49.0,0.0,shwetha.gs@inmobi.com,0,0.0,0.0,0.0,0.0,0.0,0.0,0.0,0,0,0.0,false
oozie/src/main/java/org/apache/ivory/workflow/engine/OozieHouseKeepingService.java,32.0,10.0,28.0,8.0,10.0,24.0,0.0,shwetha.gs@inmobi.com,0,0.0,0.0,0.0,0.0,0.0,0.0,0.0,0,1,0.0,false
oozie/src/main/java/org/apache/ivory/workflow/engine/OozieWorkflowEngine.java,839.0,35.0,1656.0,65.0,355.0,273.0,1.0,shwetha.gs@inmobi.com,1,0.02857142857142857,2.0,2.0,6.0,0.0,178.36363636363637,223.17548676970478,1,15,0.7282385003712154,false
oozie/src/test/java/org/apache/ivory/oozie/workflow/IvoryPostProcessingTest.java,73.0,15.0,0.0,6.0,30.0,18.0,0.0,venkatesh@hortonworks.com,0,0.0,0.0,0.0,0.0,0.0,0.0,0.0,0,0,0.0,false
prism/src/main/java/org/apache/ivory/resource/AbstractEntityManager.java,346.0,35.0,133.0,22.0,147.0,104.0,0.0,shwetha.gs@inmobi.com,0,0.0,0.0,0.0,0.0,0.0,0.0,0.0,0,8,0.0,true
prism/src/main/java/org/apache/ivory/resource/AbstractInstanceManager.java,184.0,20.0,49.0,14.0,100.0,56.0,0.0,shwetha.gs@inmobi.com,0,0.0,0.0,0.0,0.0,0.0,0.0,0.0,0,5,0.0,false
prism/src/main/java/org/apache/ivory/resource/channel/HTTPChannel.java,120.0,26.0,34.0,9.0,48.0,37.0,0.0,sriksun@hotmail.com,0,0.0,0.0,0.0,0.0,0.0,0.0,0.0,0,2,0.0,false
prism/src/main/java/org/apache/ivory/resource/proxy/InstanceManagerProxy.java,134.0,26.0,151.0,18.0,57.0,56.0,0.0,shwetha.gs@inmobi.com,0,0.0,0.0,0.0,0.0,0.0,0.0,0.0,0,1,0.0,false
prism/src/main/java/org/apache/ivory/resource/proxy/SchedulableEntityManagerProxy.java,252.0,32.0,620.0,36.0,99.0,105.0,0.0,shwetha.gs@inmobi.com,0,0.0,0.0,0.0,0.0,0.0,0.0,0.0,0,8,0.0,false
prism/src/test/java/org/apache/ivory/aspect/GenericAlertTest.java,5.0,2.0,0.0,1.0,1.0,2.0,0.0,sriksun@hotmail.com,0,0.0,0.0,0.0,0.0,0.0,0.0,0.0,0,0,0.0,false
process/src/main/java/org/apache/ivory/converter/OozieProcessMapper.java,175.0,36.0,55.0,11.0,131.0,38.0,11.0,null,1,0.02857142857142857,2.0,0.0,0.0,0.0,333.2727272727273,483.9303275195932,1,8,1.0647107369924282,false
process/src/main/java/org/apache/ivory/workflow/OozieProcessWorkflowBuilder.java,68.0,25.0,15.0,6.0,55.0,22.0,11.0,shwetha.gs@inmobi.com,1,0.02857142857142857,4.0,0.0,0.0,0.0,333.2727272727273,483.9303275195932,1,2,1.0647107369924282,false
process/src/test/java/org/apache/ivory/converter/OozieProcessMapperTest.java,142.0,44.0,49.0,11.0,139.0,31.0,4.0,null,1,0.0,0.0,0.0,3.0,0.0,178.36363636363637,223.17548676970478,1,5,0.7282385003712154,false
replication/src/main/java/org/apache/ivory/replication/FeedReplicator.java,62.0,20.0,10.0,5.0,20.0,18.0,12.0,psychidris@gmail.com,2,0.05714285714285714,29.0,14.0,14.0,0.0,511.6363636363637,707.105814289298,2,1,0.20332743812187648,false
rerun/src/main/java/org/apache/ivory/latedata/LateDataHandler.java,99.0,20.0,9.0,6.0,48.0,25.0,19.0,venkatesh@hortonworks.com,1,0.02857142857142857,33.0,0.0,0.0,0.0,333.2727272727273,483.9303275195932,1,0,1.0647107369924282,false
rerun/src/main/java/org/apache/ivory/rerun/handler/LateRerunConsumer.java,67.0,18.0,3.0,3.0,43.0,12.0,0.0,psychidris@gmail.com,0,0.0,0.0,0.0,0.0,0.0,0.0,0.0,0,1,0.0,false
rerun/src/main/java/org/apache/ivory/rerun/handler/LateRerunHandler.java,128.0,24.0,21.0,7.0,60.0,28.0,0.0,shwetha.gs@inmobi.com,0,0.0,0.0,0.0,0.0,0.0,0.0,0.0,0,1,0.0,false
rerun/src/test/java/org/apache/ivory/rerun/queue/ActiveMQTest.java,28.0,6.0,0.0,2.0,12.0,5.0,0.0,venkatesh@hortonworks.com,0,0.0,0.0,0.0,0.0,0.0,0.0,0.0,0,0,0.0,false
retention/src/test/java/org/apache/ivory/retention/FeedEvictorTest.java,205.0,15.0,37.0,15.0,87.0,47.0,11.0,sriksun@hotmail.com,1,0.02857142857142857,17.0,17.0,17.0,17.0,333.2727272727273,483.9303275195932,1,0,1.0647107369924282,false
webapp/src/main/java/org/apache/ivory/Debug.java,46.0,18.0,1.0,2.0,31.0,6.0,0.0,sriksun@hotmail.com,0,0.0,0.0,0.0,0.0,0.0,0.0,0.0,0,2,0.0,false
webapp/src/test/java/org/apache/ivory/cli/IvoryCLITest.java,208.0,9.0,0.0,22.0,98.0,47.0,9.0,psychidris@gmail.com,1,0.0,0.0,0.0,6.0,0.0,178.36363636363637,223.17548676970478,1,7,0.7282385003712154,false
webapp/src/test/java/org/apache/ivory/logging/LogMoverTest.java,72.0,20.0,0.0,6.0,44.0,18.0,13.0,psychidris@gmail.com,2,0.02857142857142857,20.0,0.0,20.0,20.0,511.6363636363637,707.105814289298,2,0,0.3160391564905445,false
webapp/src/test/java/org/apache/ivory/resource/AbstractTestBase.java,263.0,55.0,283.0,27.0,137.0,84.0,9.0,shwetha.gs@inmobi.com,1,0.0,0.0,0.0,6.0,0.0,178.36363636363637,223.17548676970478,1,3,0.7282385003712154,false
webapp/src/test/java/org/apache/ivory/resource/EntityManagerJerseyTest.java,312.0,34.0,210.0,21.0,267.0,44.0,10.0,null,2,0.02857142857142857,2.0,2.0,4.0,2.0,511.6363636363637,707.105814289298,2,9,0.20332743812187648,false
