name,LOC,CBO,LCOM,NOM,RFC,WMC,ACS,Ownership,numOfChanges,numberOfFIChanges,ENH,NF,BugFixing,REF,structuralWorkloadSum,semanticWorkloadSum,numberOfDeveloper,pastFaults,MAF,isBuggy
client/src/main/java/org/apache/falcon/cli/CLIParser.java,108.0,5.0,2.0,5.0,17.0,16.0,0.0,srikanth.sundarrajan@inmobi.com,0,0.0,0.0,0.0,0.0,0.0,0.0,0.0,0,2,0.0,false
client/src/main/java/org/apache/falcon/cli/FalconCLI.java,430.0,16.0,72.0,16.0,94.0,59.0,0.0,null,0,0.0,0.0,0.0,0.0,0.0,0.0,0.0,0,3,0.0,false
client/src/main/java/org/apache/falcon/client/FalconClient.java,386.0,22.0,517.0,47.0,158.0,146.0,0.0,null,0,0.0,0.0,0.0,0.0,0.0,0.0,0.0,0,5,0.0,false
client/src/main/java/org/apache/falcon/entity/v0/EntityType.java,49.0,6.0,16.0,8.0,9.0,19.0,0.0,srikanth.sundarrajan@inmobi.com,0,0.0,0.0,0.0,0.0,0.0,0.0,0.0,0,3,0.0,false
client/src/main/java/org/apache/falcon/entity/v0/Frequency.java,63.0,3.0,19.0,11.0,9.0,23.0,9.0,srikanth.sundarrajan@inmobi.com,1,0.009433962264150943,17.0,0.0,0.0,0.0,879.6129032258065,6701.670323526665,1,2,0.34032580593720285,false
client/src/main/java/org/apache/falcon/resource/APIResult.java,57.0,9.0,11.0,7.0,6.0,13.0,0.0,srikanth.sundarrajan@inmobi.com,0,0.0,0.0,0.0,0.0,0.0,0.0,0.0,0,3,0.0,false
client/src/main/java/org/apache/falcon/resource/EntityList.java,41.0,5.0,0.0,4.0,6.0,8.0,0.0,srikanth.sundarrajan@inmobi.com,0,0.0,0.0,0.0,0.0,0.0,0.0,0.0,0,5,0.0,false
client/src/main/java/org/apache/falcon/resource/InstancesResult.java,106.0,3.0,3.0,6.0,0.0,7.0,0.0,srikanth.sundarrajan@inmobi.com,0,0.0,0.0,0.0,0.0,0.0,0.0,0.0,0,5,0.0,false
common/src/main/java/org/apache/falcon/entity/EntityUtil.java,475.0,24.0,1273.0,51.0,168.0,171.0,24.0,null,1,0.009433962264150943,0.0,4.0,0.0,0.0,223.14285714285714,221.1113409419571,1,3,1.466337068793427,false
common/src/main/java/org/apache/falcon/entity/parser/ClusterEntityParser.java,90.0,17.0,6.0,9.0,44.0,27.0,15.0,null,3,0.018867924528301886,8.0,4.0,4.0,0.0,1179.7557603686637,6945.226833385269,3,2,-0.15190033492551702,true
common/src/main/java/org/apache/falcon/entity/parser/EntityParser.java,65.0,11.0,22.0,8.0,11.0,22.0,0.0,venkatesh@apache.org,0,0.0,0.0,0.0,0.0,0.0,0.0,0.0,0,3,0.0,false
common/src/main/java/org/apache/falcon/entity/parser/ProcessEntityParser.java,134.0,23.0,21.0,7.0,51.0,29.0,14.0,venkatesh@apache.org,2,0.009433962264150943,0.0,7.0,7.0,0.0,1102.7557603686637,6922.781664468622,2,1,0.21018425680536967,false
common/src/main/java/org/apache/falcon/expression/ExpressionHelper.java,129.0,14.0,208.0,25.0,46.0,58.0,0.0,srikanth.sundarrajan@inmobi.com,0,0.0,0.0,0.0,0.0,0.0,0.0,0.0,0,3,0.0,false
common/src/main/java/org/apache/falcon/group/FeedGroup.java,50.0,10.0,0.0,9.0,18.0,21.0,24.0,srikanth.sundarrajan@inmobi.com,1,0.009433962264150943,29.0,0.0,0.0,0.0,879.6129032258065,6701.670323526665,1,2,0.34032580593720285,false
common/src/main/java/org/apache/falcon/security/FalconSecurityConfiguration.java,19.0,3.0,0.0,2.0,3.0,5.0,0.0,srikanth.sundarrajan@inmobi.com,0,0.0,0.0,0.0,0.0,0.0,0.0,0.0,0,3,0.0,false
common/src/main/java/org/apache/falcon/service/LogCleanupService.java,43.0,14.0,4.0,4.0,7.0,10.0,28.0,srikanth.sundarrajan@inmobi.com,1,0.0,0.0,0.0,0.0,0.0,879.6129032258065,6701.670323526665,1,3,0.34032580593720285,false
common/src/main/java/org/apache/falcon/util/ApplicationProperties.java,105.0,13.0,43.0,11.0,31.0,32.0,10.0,srikanth.sundarrajan@inmobi.com,2,0.009433962264150943,9.0,0.0,9.0,9.0,903.6129032258065,6719.363219918598,2,3,1.4526375816993697,false
common/src/main/java/org/apache/falcon/util/DeploymentUtil.java,50.0,4.0,22.0,8.0,4.0,15.0,0.0,srikanth.sundarrajan@inmobi.com,0,0.0,0.0,0.0,0.0,0.0,0.0,0.0,0,3,0.0,false
common/src/main/java/org/apache/falcon/util/RuntimeProperties.java,58.0,4.0,3.0,3.0,3.0,9.0,0.0,srikanth.sundarrajan@inmobi.com,0,0.0,0.0,0.0,0.0,0.0,0.0,0.0,0,3,0.0,false
common/src/main/java/org/apache/falcon/workflow/engine/AbstractWorkflowEngine.java,30.0,8.0,190.0,20.0,1.0,39.0,7.0,null,1,0.0,0.0,0.0,0.0,0.0,77.0,22.445168916647372,1,2,1.466337068793427,false
common/src/test/java/org/apache/falcon/cleanup/LogCleanupServiceTest.java,71.0,14.0,0.0,4.0,25.0,8.0,36.0,srikanth.sundarrajan@inmobi.com,1,0.0,0.0,0.0,0.0,0.0,879.6129032258065,6701.670323526665,1,2,0.34032580593720285,false
common/src/test/java/org/apache/falcon/entity/AbstractTestBase.java,89.0,23.0,1.0,7.0,41.0,22.0,39.0,venkatesh@apache.org,1,0.0,0.0,0.0,0.0,0.0,206.0,633.3333333333333,1,2,3.258096538021482,false
common/src/test/java/org/apache/falcon/entity/ColoClusterRelationTest.java,38.0,5.0,1.0,2.0,14.0,4.0,10.0,srikanth.sundarrajan@inmobi.com,1,0.0,0.0,0.0,0.0,0.0,206.0,633.3333333333333,1,2,3.258096538021482,false
common/src/test/java/org/apache/falcon/entity/parser/ClusterEntityParserTest.java,56.0,18.0,4.0,4.0,26.0,9.0,14.0,null,2,0.009433962264150943,10.0,5.0,0.0,0.0,956.6129032258065,6724.115492443312,2,2,0.0651256349702598,true
common/src/test/java/org/apache/falcon/entity/parser/FeedEntityParserTest.java,283.0,20.0,0.0,17.0,188.0,44.0,18.0,srikanth.sundarrajan@inmobi.com,1,0.009433962264150943,12.0,6.0,0.0,0.0,879.6129032258065,6701.670323526665,1,3,0.34032580593720285,false
common/src/test/java/org/apache/falcon/entity/parser/FeedUpdateTest.java,82.0,11.0,9.0,7.0,35.0,15.0,36.0,srikanth.sundarrajan@inmobi.com,1,0.0,0.0,0.0,0.0,0.0,879.6129032258065,6701.670323526665,1,3,0.34032580593720285,false
common/src/test/java/org/apache/falcon/entity/parser/ProcessEntityParserTest.java,167.0,20.0,0.0,21.0,132.0,48.0,36.0,srikanth.sundarrajan@inmobi.com,1,0.0,0.0,0.0,0.0,0.0,879.6129032258065,6701.670323526665,1,3,0.34032580593720285,false
common/src/test/java/org/apache/falcon/group/FeedGroupMapTest.java,115.0,14.0,3.0,6.0,58.0,13.0,9.0,srikanth.sundarrajan@inmobi.com,2,0.009433962264150943,17.0,0.0,0.0,17.0,1085.6129032258063,7335.003656859998,2,2,1.106063991419397,false
common/src/test/java/org/apache/falcon/update/UpdateHelperTest.java,79.0,21.0,8.0,5.0,53.0,11.0,28.0,srikanth.sundarrajan@inmobi.com,1,0.009433962264150943,12.0,0.0,0.0,0.0,879.6129032258065,6701.670323526665,1,2,0.34032580593720285,false
common/src/test/java/org/apache/falcon/util/ApplicationPropertiesTest.java,53.0,5.0,3.0,3.0,14.0,7.0,14.0,suhas.v@inmobi.com,1,0.0,0.0,0.0,50.0,0.0,24.0,17.69289639193282,1,0,3.951243718581427,false
feed/src/main/java/org/apache/falcon/converter/OozieFeedMapper.java,253.0,28.0,64.0,12.0,164.0,47.0,17.0,srikanth.sundarrajan@inmobi.com,2,0.018867924528301886,19.0,6.0,0.0,0.0,1102.7557603686637,6922.781664468622,2,3,0.11771864407043608,false
feed/src/main/java/org/apache/falcon/workflow/OozieFeedWorkflowBuilder.java,39.0,13.0,6.0,4.0,26.0,15.0,0.0,null,0,0.0,0.0,0.0,0.0,0.0,0.0,0.0,0,4,0.0,false
feed/src/test/java/org/apache/falcon/converter/OozieFeedMapperTest.java,75.0,21.0,4.0,5.0,38.0,15.0,16.0,srikanth.sundarrajan@inmobi.com,2,0.018867924528301886,21.0,5.0,5.0,5.0,1102.7557603686637,6922.781664468622,2,2,0.05949347703245067,false
hadoop-webapp/src/main/java/org/apache/falcon/listener/HadoopStartupListener.java,90.0,10.0,7.0,7.0,36.0,25.0,32.0,srikanth.sundarrajan@inmobi.com,2,0.018867924528301886,18.0,27.0,0.0,0.0,1085.6129032258063,7335.003656859998,2,0,0.42347752881587086,false
messaging/src/main/java/org/apache/falcon/messaging/EntityInstanceMessage.java,149.0,15.0,0.0,17.0,46.0,43.0,0.0,srikanth.sundarrajan@inmobi.com,0,0.0,0.0,0.0,0.0,0.0,0.0,0.0,0,3,0.0,false
messaging/src/test/java/org/apache/falcon/messaging/FeedProducerTest.java,109.0,22.0,4.0,8.0,43.0,20.0,36.0,null,1,0.0,0.0,0.0,0.0,0.0,879.6129032258065,6701.670323526665,1,2,0.34032580593720285,false
metrics/src/main/java/org/apache/falcon/aspect/GenericAlert.java,28.0,4.0,28.0,8.0,0.0,18.0,0.0,venkatesh@apache.org,0,0.0,0.0,0.0,0.0,0.0,0.0,0.0,0,3,0.0,false
oozie-el-extensions/src/main/java/org/apache/oozie/extensions/OozieELExtensions.java,284.0,15.0,193.0,31.0,97.0,101.0,87.0,srikanth.sundarrajan@inmobi.com,1,0.009433962264150943,0.0,17.0,0.0,0.0,206.0,633.3333333333333,1,0,3.258096538021482,false
oozie-el-extensions/src/test/java/org/apache/oozie/extensions/TestOozieELExtensions.java,180.0,15.0,63.0,18.0,91.0,43.0,87.0,srikanth.sundarrajan@inmobi.com,1,0.009433962264150943,0.0,25.0,0.0,0.0,206.0,633.3333333333333,1,0,3.258096538021482,false
oozie/src/main/java/org/apache/falcon/converter/AbstractOozieEntityMapper.java,234.0,34.0,188.0,21.0,102.0,63.0,15.0,srikanth.sundarrajan@inmobi.com,2,0.009433962264150943,0.0,8.0,8.0,0.0,1102.7557603686637,6922.781664468622,2,3,0.21018425680536967,false
oozie/src/main/java/org/apache/falcon/logging/LogMover.java,140.0,30.0,24.0,9.0,51.0,34.0,20.0,srikanth.sundarrajan@inmobi.com,1,0.0,0.0,0.0,0.0,0.0,879.6129032258065,6701.670323526665,1,3,0.34032580593720285,true
oozie/src/main/java/org/apache/falcon/logging/LogProvider.java,81.0,18.0,19.0,7.0,36.0,27.0,0.0,null,0,0.0,0.0,0.0,0.0,0.0,0.0,0.0,0,3,0.0,false
oozie/src/main/java/org/apache/falcon/service/FalconPathFilter.java,6.0,2.0,0.0,1.0,0.0,1.0,0.0,srikanth.sundarrajan@inmobi.com,0,0.0,0.0,0.0,0.0,0.0,0.0,0.0,0,2,0.0,false
oozie/src/main/java/org/apache/falcon/service/SharedLibraryHostingService.java,59.0,15.0,19.0,7.0,19.0,24.0,16.0,null,2,0.009433962264150943,0.0,7.0,7.0,0.0,1102.7557603686637,6922.781664468622,2,2,0.21018425680536967,false
oozie/src/main/java/org/apache/falcon/util/OozieUtils.java,16.0,4.0,1.0,2.0,5.0,4.0,0.0,srikanth.sundarrajan@inmobi.com,0,0.0,0.0,0.0,0.0,0.0,0.0,0.0,0,2,0.0,false
oozie/src/main/java/org/apache/falcon/workflow/FalconPostProcessing.java,136.0,10.0,10.0,13.0,31.0,24.0,11.0,venkatesh@hortonworks.com,2,0.0,0.0,0.0,8.0,8.0,1102.7557603686637,6922.781664468622,2,2,0.21018425680536967,false
oozie/src/main/java/org/apache/falcon/workflow/OozieWorkflowBuilder.java,30.0,15.0,3.0,3.0,14.0,8.0,0.0,venkatesh@apache.org,0,0.0,0.0,0.0,0.0,0.0,0.0,0.0,0,2,0.0,false
oozie/src/main/java/org/apache/falcon/workflow/engine/NullBundleJob.java,65.0,4.0,210.0,21.0,0.0,39.0,0.0,srikanth.sundarrajan@inmobi.com,0,0.0,0.0,0.0,0.0,0.0,0.0,0.0,0,2,0.0,false
oozie/src/main/java/org/apache/falcon/workflow/engine/NullCoordJob.java,80.0,4.0,325.0,26.0,0.0,49.0,0.0,srikanth.sundarrajan@inmobi.com,0,0.0,0.0,0.0,0.0,0.0,0.0,0.0,0,1,0.0,false
oozie/src/main/java/org/apache/falcon/workflow/engine/OozieClientFactory.java,35.0,9.0,10.0,5.0,3.0,16.0,0.0,srikanth.sundarrajan@inmobi.com,0,0.0,0.0,0.0,0.0,0.0,0.0,0.0,0,3,0.0,false
oozie/src/main/java/org/apache/falcon/workflow/engine/OozieHouseKeepingService.java,35.0,10.0,28.0,8.0,10.0,24.0,0.0,null,0,0.0,0.0,0.0,0.0,0.0,0.0,0.0,0,2,0.0,false
oozie/src/main/java/org/apache/falcon/workflow/engine/OozieWorkflowEngine.java,938.0,21.0,1657.0,66.0,373.0,277.0,4.0,null,3,0.009433962264150943,2.0,0.0,0.0,0.0,1179.7557603686637,6945.226833385269,3,3,-0.007612307493424009,false
oozie/src/main/java/org/apache/oozie/client/CustomOozieClient.java,42.0,12.0,6.0,4.0,7.0,10.0,0.0,srikanth.sundarrajan@inmobi.com,0,0.0,0.0,0.0,0.0,0.0,0.0,0.0,0,3,0.0,false
oozie/src/test/java/org/apache/falcon/oozie/bundle/BundleUnmarshallingTest.java,15.0,8.0,0.0,1.0,13.0,2.0,0.0,srikanth.sundarrajan@inmobi.com,0,0.0,0.0,0.0,0.0,0.0,0.0,0.0,0,2,0.0,false
oozie/src/test/java/org/apache/falcon/oozie/coordinator/CoordinatorUnmarshallingTest.java,15.0,9.0,0.0,1.0,14.0,2.0,0.0,srikanth.sundarrajan@inmobi.com,0,0.0,0.0,0.0,0.0,0.0,0.0,0.0,0,2,0.0,false
oozie/src/test/java/org/apache/falcon/oozie/workflow/FalconPostProcessingTest.java,79.0,9.0,0.0,6.0,30.0,18.0,20.0,null,1,0.0,0.0,0.0,0.0,0.0,879.6129032258065,6701.670323526665,1,2,0.34032580593720285,false
oozie/src/test/java/org/apache/falcon/oozie/workflow/WorkflowUnmarshallingTest.java,15.0,9.0,0.0,1.0,13.0,2.0,0.0,srikanth.sundarrajan@inmobi.com,0,0.0,0.0,0.0,0.0,0.0,0.0,0.0,0,2,0.0,false
prism/src/main/java/org/apache/falcon/FalconWebException.java,45.0,7.0,8.0,8.0,31.0,18.0,0.0,venkatesh@hortonworks.com,0,0.0,0.0,0.0,0.0,0.0,0.0,0.0,0,2,0.0,false
prism/src/main/java/org/apache/falcon/Prism.java,24.0,2.0,1.0,2.0,3.0,3.0,28.0,venkatesh@hortonworks.com,1,0.0,0.0,0.0,0.0,0.0,879.6129032258065,6701.670323526665,1,1,0.34032580593720285,false
prism/src/main/java/org/apache/falcon/listener/ContextStartupListener.java,53.0,11.0,0.0,3.0,14.0,8.0,0.0,venkatesh@hortonworks.com,0,0.0,0.0,0.0,0.0,0.0,0.0,0.0,0,2,0.0,false
prism/src/main/java/org/apache/falcon/plugin/ChainableMonitoringPlugin.java,34.0,10.0,1.0,3.0,14.0,7.0,0.0,venkatesh@apache.org,0,0.0,0.0,0.0,0.0,0.0,0.0,0.0,0,2,0.0,false
prism/src/main/java/org/apache/falcon/resource/AbstractEntityManager.java,367.0,31.0,133.0,22.0,147.0,104.0,0.0,null,0,0.0,0.0,0.0,0.0,0.0,0.0,0.0,0,3,0.0,false
prism/src/main/java/org/apache/falcon/resource/AbstractInstanceManager.java,199.0,20.0,49.0,14.0,100.0,56.0,0.0,venkatesh@apache.org,0,0.0,0.0,0.0,0.0,0.0,0.0,0.0,0,2,0.0,false
prism/src/main/java/org/apache/falcon/resource/AbstractSchedulableEntityManager.java,104.0,12.0,3.0,6.0,38.0,25.0,0.0,venkatesh@apache.org,0,0.0,0.0,0.0,0.0,0.0,0.0,0.0,0,2,0.0,false
prism/src/main/java/org/apache/falcon/resource/admin/AdminResource.java,63.0,16.0,6.0,4.0,20.0,14.0,0.0,venkatesh@hortonworks.com,0,0.0,0.0,0.0,0.0,0.0,0.0,0.0,0,2,0.0,false
prism/src/main/java/org/apache/falcon/resource/channel/AbstractChannel.java,21.0,3.0,0.0,1.0,6.0,5.0,0.0,srikanth.sundarrajan@inmobi.com,0,0.0,0.0,0.0,0.0,0.0,0.0,0.0,0,3,0.0,false
prism/src/main/java/org/apache/falcon/resource/channel/Channel.java,7.0,1.0,1.0,2.0,0.0,4.0,0.0,venkatesh@hortonworks.com,0,0.0,0.0,0.0,0.0,0.0,0.0,0.0,0,1,0.0,false
prism/src/main/java/org/apache/falcon/resource/channel/ChannelFactory.java,29.0,4.0,3.0,3.0,6.0,9.0,0.0,venkatesh@apache.org,0,0.0,0.0,0.0,0.0,0.0,0.0,0.0,0,1,0.0,false
prism/src/main/java/org/apache/falcon/resource/channel/HTTPChannel.java,128.0,18.0,34.0,9.0,48.0,36.0,0.0,venkatesh@hortonworks.com,0,0.0,0.0,0.0,0.0,0.0,0.0,0.0,0,2,0.0,false
prism/src/main/java/org/apache/falcon/resource/channel/IPCChannel.java,32.0,7.0,0.0,2.0,7.0,7.0,0.0,venkatesh@hortonworks.com,0,0.0,0.0,0.0,0.0,0.0,0.0,0.0,0,2,0.0,false
prism/src/main/java/org/apache/falcon/resource/channel/MethodKey.java,47.0,1.0,0.0,5.0,7.0,13.0,0.0,srikanth.sundarrajan@inmobi.com,0,0.0,0.0,0.0,0.0,0.0,0.0,0.0,0,3,0.0,false
prism/src/main/java/org/apache/falcon/resource/channel/NullServletRequest.java,170.0,12.0,1431.0,54.0,0.0,108.0,0.0,venkatesh@hortonworks.com,0,0.0,0.0,0.0,0.0,0.0,0.0,0.0,0,1,0.0,false
prism/src/main/java/org/apache/falcon/resource/provider/JAXBContextResolver.java,25.0,10.0,1.0,2.0,0.0,5.0,0.0,venkatesh@hortonworks.com,0,0.0,0.0,0.0,0.0,0.0,0.0,0.0,0,2,0.0,false
prism/src/main/java/org/apache/falcon/resource/proxy/BufferedRequest.java,200.0,13.0,0.0,60.0,64.0,122.0,0.0,srikanth.sundarrajan@inmobi.com,0,0.0,0.0,0.0,0.0,0.0,0.0,0.0,0,2,0.0,false
prism/src/main/java/org/apache/falcon/resource/proxy/InstanceManagerProxy.java,137.0,17.0,151.0,18.0,58.0,56.0,0.0,null,0,0.0,0.0,0.0,0.0,0.0,0.0,0.0,0,3,0.0,false
prism/src/main/java/org/apache/falcon/resource/proxy/SchedulableEntityManagerProxy.java,259.0,25.0,620.0,36.0,99.0,105.0,0.0,null,0,0.0,0.0,0.0,0.0,0.0,0.0,0.0,0,2,0.0,false
prism/src/main/java/org/apache/falcon/security/BasicAuthFilter.java,49.0,12.0,1.0,3.0,18.0,7.0,0.0,venkatesh@hortonworks.com,0,0.0,0.0,0.0,0.0,0.0,0.0,0.0,0,2,0.0,false
prism/src/main/java/org/apache/falcon/service/FalconTopicSubscriber.java,118.0,15.0,1.0,10.0,49.0,28.0,0.0,venkatesh@hortonworks.com,0,0.0,0.0,0.0,0.0,0.0,0.0,0.0,0,3,0.0,false
prism/src/main/java/org/apache/falcon/service/ProcessSubscriberService.java,33.0,2.0,2.0,5.0,6.0,9.0,0.0,venkatesh@hortonworks.com,0,0.0,0.0,0.0,0.0,0.0,0.0,0.0,0,2,0.0,false
prism/src/main/java/org/apache/falcon/service/SLAMonitoringService.java,154.0,15.0,174.0,20.0,29.0,44.0,0.0,srikanth.sundarrajan@inmobi.com,0,0.0,0.0,0.0,0.0,0.0,0.0,0.0,0,2,0.0,false
prism/src/main/java/org/apache/falcon/util/EmbeddedServer.java,21.0,5.0,0.0,3.0,8.0,5.0,28.0,venkatesh@hortonworks.com,1,0.0,0.0,0.0,0.0,0.0,879.6129032258065,6701.670323526665,1,2,0.34032580593720285,false
prism/src/test/java/org/apache/falcon/aspect/GenericAlertTest.java,8.0,2.0,0.0,1.0,1.0,2.0,0.0,venkatesh@hortonworks.com,0,0.0,0.0,0.0,0.0,0.0,0.0,0.0,0,2,0.0,false
prism/src/test/java/org/apache/falcon/aspect/LoggingAspectTest.java,47.0,6.0,2.0,4.0,11.0,12.0,8.0,srikanth.sundarrajan@inmobi.com,1,0.009433962264150943,17.0,0.0,0.0,17.0,879.6129032258065,6701.670323526665,1,2,0.34032580593720285,false
prism/src/test/java/org/apache/falcon/resource/EntityManagerTest.java,57.0,13.0,13.0,7.0,22.0,21.0,0.0,venkatesh@apache.org,0,0.0,0.0,0.0,0.0,0.0,0.0,0.0,0,2,0.0,false
prism/src/test/java/org/apache/falcon/service/FalconTopicSubscriberTest.java,64.0,10.0,0.0,5.0,27.0,12.0,0.0,venkatesh@hortonworks.com,0,0.0,0.0,0.0,0.0,0.0,0.0,0.0,0,2,0.0,false
process/src/main/java/org/apache/falcon/converter/OozieProcessMapper.java,298.0,41.0,210.0,21.0,194.0,78.0,23.0,srikanth.sundarrajan@inmobi.com,2,0.018867924528301886,14.0,7.0,0.0,0.0,1102.7557603686637,6922.781664468622,2,2,0.05949347703245067,false
process/src/main/java/org/apache/falcon/workflow/OozieProcessWorkflowBuilder.java,80.0,21.0,15.0,6.0,55.0,22.0,24.0,srikanth.sundarrajan@inmobi.com,1,0.009433962264150943,12.0,0.0,0.0,0.0,879.6129032258065,6701.670323526665,1,4,0.34032580593720285,false
process/src/test/java/org/apache/falcon/converter/AbstractTestBase.java,49.0,6.0,3.0,3.0,11.0,8.0,39.0,srikanth.sundarrajan@inmobi.com,1,0.0,0.0,0.0,0.0,0.0,879.6129032258065,6701.670323526665,1,3,0.34032580593720285,false
process/src/test/java/org/apache/falcon/converter/OozieProcessMapperLateProcessTest.java,44.0,12.0,0.0,3.0,14.0,7.0,36.0,srikanth.sundarrajan@inmobi.com,1,0.0,0.0,0.0,0.0,0.0,879.6129032258065,6701.670323526665,1,2,0.34032580593720285,false
process/src/test/java/org/apache/falcon/converter/OozieProcessMapperTest.java,149.0,45.0,76.0,13.0,138.0,37.0,28.0,srikanth.sundarrajan@inmobi.com,3,0.02830188679245283,16.0,11.0,5.0,5.0,1308.7557603686635,7556.114997801955,3,2,0.11017661554597113,false
replication/src/main/java/org/apache/falcon/replication/CustomReplicator.java,23.0,7.0,1.0,2.0,7.0,7.0,0.0,venkatesh@hortonworks.com,0,0.0,0.0,0.0,0.0,0.0,0.0,0.0,0,2,0.0,false
replication/src/main/java/org/apache/falcon/replication/FeedReplicator.java,62.0,16.0,10.0,5.0,21.0,17.0,0.0,null,0,0.0,0.0,0.0,0.0,0.0,0.0,0.0,0,3,0.0,false
replication/src/main/java/org/apache/falcon/replication/FilteredCopyListing.java,121.0,9.0,19.0,7.0,16.0,23.0,0.0,venkatesh@hortonworks.com,0,0.0,0.0,0.0,0.0,0.0,0.0,0.0,0,2,0.0,false
replication/src/test/java/org/apache/falcon/replication/FeedReplicatorTest.java,13.0,6.0,0.0,1.0,5.0,2.0,0.0,venkatesh@hortonworks.com,0,0.0,0.0,0.0,0.0,0.0,0.0,0.0,0,1,0.0,false
replication/src/test/java/org/apache/falcon/replication/FilteredCopyListingTest.java,152.0,18.0,46.0,13.0,72.0,36.0,0.0,srikanth.sundarrajan@inmobi.com,0,0.0,0.0,0.0,0.0,0.0,0.0,0.0,0,2,0.0,false
rerun/src/main/java/org/apache/falcon/latedata/LateDataHandler.java,107.0,12.0,9.0,6.0,48.0,25.0,0.0,null,0,0.0,0.0,0.0,0.0,0.0,0.0,0.0,0,3,0.0,false
rerun/src/main/java/org/apache/falcon/rerun/event/LaterunEvent.java,11.0,0.0,1.0,2.0,0.0,3.0,0.0,srikanth.sundarrajan@inmobi.com,0,0.0,0.0,0.0,0.0,0.0,0.0,0.0,0,2,0.0,false
rerun/src/main/java/org/apache/falcon/rerun/event/RerunEvent.java,72.0,3.0,40.0,13.0,3.0,26.0,0.0,srikanth.sundarrajan@inmobi.com,0,0.0,0.0,0.0,0.0,0.0,0.0,0.0,0,4,0.0,false
rerun/src/main/java/org/apache/falcon/rerun/event/RerunEventFactory.java,34.0,3.0,6.0,4.0,14.0,11.0,0.0,srikanth.sundarrajan@inmobi.com,0,0.0,0.0,0.0,0.0,0.0,0.0,0.0,0,2,0.0,false
rerun/src/main/java/org/apache/falcon/rerun/event/RetryEvent.java,24.0,0.0,0.0,5.0,0.0,8.0,0.0,srikanth.sundarrajan@inmobi.com,0,0.0,0.0,0.0,0.0,0.0,0.0,0.0,0,2,0.0,false
rerun/src/main/java/org/apache/falcon/rerun/handler/AbstractRerunConsumer.java,40.0,8.0,1.0,3.0,11.0,5.0,0.0,venkatesh@hortonworks.com,0,0.0,0.0,0.0,0.0,0.0,0.0,0.0,0,2,0.0,false
rerun/src/main/java/org/apache/falcon/rerun/handler/AbstractRerunHandler.java,34.0,9.0,14.0,8.0,7.0,19.0,0.0,venkatesh@hortonworks.com,0,0.0,0.0,0.0,0.0,0.0,0.0,0.0,0,2,0.0,false
rerun/src/main/java/org/apache/falcon/rerun/handler/LateRerunConsumer.java,71.0,12.0,3.0,3.0,43.0,12.0,0.0,venkatesh@hortonworks.com,0,0.0,0.0,0.0,0.0,0.0,0.0,0.0,0,2,0.0,false
rerun/src/main/java/org/apache/falcon/rerun/handler/LateRerunHandler.java,137.0,21.0,21.0,7.0,60.0,28.0,0.0,venkatesh@apache.org,0,0.0,0.0,0.0,0.0,0.0,0.0,0.0,0,4,0.0,false
rerun/src/main/java/org/apache/falcon/rerun/handler/RerunHandlerFactory.java,19.0,4.0,1.0,2.0,0.0,5.0,0.0,srikanth.sundarrajan@inmobi.com,0,0.0,0.0,0.0,0.0,0.0,0.0,0.0,0,2,0.0,false
rerun/src/main/java/org/apache/falcon/rerun/handler/RetryConsumer.java,39.0,6.0,1.0,2.0,27.0,7.0,0.0,venkatesh@hortonworks.com,0,0.0,0.0,0.0,0.0,0.0,0.0,0.0,0,2,0.0,false
rerun/src/main/java/org/apache/falcon/rerun/handler/RetryHandler.java,42.0,10.0,1.0,2.0,17.0,8.0,0.0,venkatesh@hortonworks.com,0,0.0,0.0,0.0,0.0,0.0,0.0,0.0,0,3,0.0,false
rerun/src/main/java/org/apache/falcon/rerun/policy/AbstractRerunPolicy.java,14.0,4.0,6.0,4.0,4.0,9.0,0.0,srikanth.sundarrajan@inmobi.com,0,0.0,0.0,0.0,0.0,0.0,0.0,0.0,0,2,0.0,false
rerun/src/main/java/org/apache/falcon/rerun/policy/ExpBackoffPolicy.java,26.0,4.0,3.0,3.0,11.0,10.0,0.0,srikanth.sundarrajan@inmobi.com,0,0.0,0.0,0.0,0.0,0.0,0.0,0.0,0,2,0.0,false
rerun/src/main/java/org/apache/falcon/rerun/policy/FinalPolicy.java,11.0,3.0,1.0,2.0,1.0,6.0,0.0,srikanth.sundarrajan@inmobi.com,0,0.0,0.0,0.0,0.0,0.0,0.0,0.0,0,2,0.0,false
rerun/src/main/java/org/apache/falcon/rerun/policy/PeriodicPolicy.java,8.0,0.0,0.0,1.0,0.0,2.0,0.0,srikanth.sundarrajan@inmobi.com,0,0.0,0.0,0.0,0.0,0.0,0.0,0.0,0,2,0.0,false
rerun/src/main/java/org/apache/falcon/rerun/policy/RerunPolicyFactory.java,19.0,1.0,1.0,2.0,0.0,5.0,0.0,srikanth.sundarrajan@inmobi.com,0,0.0,0.0,0.0,0.0,0.0,0.0,0.0,0,2,0.0,false
rerun/src/main/java/org/apache/falcon/rerun/queue/ActiveMQueue.java,100.0,9.0,6.0,8.0,33.0,23.0,0.0,venkatesh@hortonworks.com,0,0.0,0.0,0.0,0.0,0.0,0.0,0.0,0,2,0.0,false
rerun/src/main/java/org/apache/falcon/rerun/queue/DelayedQueue.java,12.0,4.0,10.0,5.0,0.0,8.0,0.0,venkatesh@hortonworks.com,0,0.0,0.0,0.0,0.0,0.0,0.0,0.0,0,2,0.0,false
rerun/src/main/java/org/apache/falcon/rerun/queue/InMemoryQueue.java,97.0,10.0,15.0,10.0,45.0,28.0,0.0,venkatesh@hortonworks.com,0,0.0,0.0,0.0,0.0,0.0,0.0,0.0,0,3,0.0,false
rerun/src/main/java/org/apache/falcon/rerun/service/LateRunService.java,24.0,10.0,6.0,4.0,11.0,11.0,0.0,venkatesh@apache.org,0,0.0,0.0,0.0,0.0,0.0,0.0,0.0,0,2,0.0,false
rerun/src/main/java/org/apache/falcon/rerun/service/RetryService.java,24.0,11.0,6.0,4.0,9.0,11.0,0.0,venkatesh@apache.org,0,0.0,0.0,0.0,0.0,0.0,0.0,0.0,0,2,0.0,false
rerun/src/test/java/org/apache/falcon/rerun/AbstractRerunPolicyTest.java,43.0,8.0,10.0,5.0,8.0,13.0,0.0,srikanth.sundarrajan@inmobi.com,0,0.0,0.0,0.0,0.0,0.0,0.0,0.0,0,2,0.0,false
rerun/src/test/java/org/apache/falcon/rerun/handler/TestLateData.java,73.0,18.0,10.0,5.0,36.0,16.0,0.0,venkatesh@hortonworks.com,0,0.0,0.0,0.0,0.0,0.0,0.0,0.0,0,2,0.0,false
rerun/src/test/java/org/apache/falcon/rerun/queue/ActiveMQTest.java,31.0,6.0,0.0,2.0,12.0,5.0,8.0,srikanth.sundarrajan@inmobi.com,1,0.009433962264150943,17.0,0.0,0.0,17.0,879.6129032258065,6701.670323526665,1,2,0.34032580593720285,false
rerun/src/test/java/org/apache/falcon/rerun/queue/InMemoryQueueTest.java,44.0,6.0,1.0,2.0,13.0,7.0,0.0,srikanth.sundarrajan@inmobi.com,0,0.0,0.0,0.0,0.0,0.0,0.0,0.0,0,3,0.0,false
retention/src/main/java/org/apache/falcon/retention/FeedEvictor.java,198.0,39.0,51.0,15.0,94.0,56.0,30.0,null,2,0.009433962264150943,0.0,6.0,0.0,0.0,1102.7557603686637,6922.781664468622,2,3,0.21018425680536967,false
retention/src/test/java/org/apache/falcon/retention/FeedEvictorTest.java,262.0,24.0,27.0,18.0,115.0,55.0,21.0,null,1,0.0,0.0,0.0,6.0,0.0,879.6129032258065,6701.670323526665,1,2,0.34032580593720285,true
test-util/src/main/java/org/apache/falcon/cluster/util/EmbeddedCluster.java,97.0,15.0,40.0,12.0,30.0,30.0,36.0,null,1,0.0,0.0,0.0,0.0,0.0,879.6129032258065,6701.670323526665,1,3,0.34032580593720285,false
test-util/src/main/java/org/apache/falcon/cluster/util/StandAloneCluster.java,22.0,6.0,3.0,3.0,11.0,7.0,0.0,srikanth.sundarrajan@inmobi.com,0,0.0,0.0,0.0,0.0,0.0,0.0,0.0,0,2,0.0,false
webapp/src/main/java/org/apache/falcon/Debug.java,54.0,15.0,3.0,3.0,31.0,7.0,0.0,null,0,0.0,0.0,0.0,0.0,0.0,0.0,0.0,0,4,0.0,false
webapp/src/main/java/org/apache/falcon/Main.java,53.0,8.0,1.0,3.0,13.0,7.0,29.0,srikanth.sundarrajan@inmobi.com,2,0.009433962264150943,0.0,11.0,0.0,0.0,1085.6129032258063,7335.003656859998,2,2,0.5074333443394645,false
webapp/src/main/java/org/apache/falcon/resource/ConfigSyncService.java,14.0,6.0,3.0,3.0,0.0,6.0,0.0,srikanth.sundarrajan@inmobi.com,0,0.0,0.0,0.0,0.0,0.0,0.0,0.0,0,2,0.0,false
webapp/src/main/java/org/apache/falcon/resource/InstanceManager.java,26.0,6.0,21.0,7.0,0.0,14.0,0.0,null,0,0.0,0.0,0.0,0.0,0.0,0.0,0.0,0,2,0.0,false
webapp/src/main/java/org/apache/falcon/resource/SchedulableEntityManager.java,26.0,6.0,21.0,7.0,0.0,14.0,0.0,null,0,0.0,0.0,0.0,0.0,0.0,0.0,0.0,0,2,0.0,false
webapp/src/test/java/org/apache/falcon/cli/FalconCLIIT.java,239.0,10.0,0.0,23.0,111.0,50.0,53.0,venkatesh@apache.org,2,0.009433962264150943,0.0,3.0,0.0,0.0,1085.6129032258063,7335.003656859998,2,0,1.106063991419397,false
webapp/src/test/java/org/apache/falcon/logging/LogMoverIT.java,77.0,25.0,0.0,6.0,52.0,17.0,38.0,srikanth.sundarrajan@inmobi.com,2,0.018867924528301886,20.0,20.0,0.0,20.0,1085.6129032258063,7335.003656859998,2,0,0.6764018816704831,false
webapp/src/test/java/org/apache/falcon/logging/LogProviderIT.java,81.0,20.0,0.0,7.0,24.0,16.0,61.0,srikanth.sundarrajan@inmobi.com,2,0.009433962264150943,0.0,33.0,0.0,0.0,1085.6129032258063,7335.003656859998,2,0,1.106063991419397,false
webapp/src/test/java/org/apache/falcon/resource/ClusterEntityValidationIT.java,37.0,14.0,4.0,4.0,19.0,9.0,16.0,srikanth.sundarrajan@inmobi.com,2,0.009433962264150943,40.0,0.0,0.0,0.0,956.6129032258065,6724.115492443312,2,0,0.05949347703245067,false
webapp/src/test/java/org/apache/falcon/resource/EntityManagerJerseyIT.java,350.0,35.0,274.0,24.0,299.0,50.0,38.0,null,3,0.02830188679245283,4.0,8.0,0.0,0.0,1308.7557603686635,7556.114997801955,3,0,0.5896408489159277,false
webapp/src/test/java/org/apache/falcon/resource/PigProcessIT.java,40.0,7.0,0.0,3.0,16.0,7.0,20.0,srikanth.sundarrajan@inmobi.com,1,0.0,0.0,0.0,0.0,0.0,879.6129032258065,6701.670323526665,1,0,0.34032580593720285,false
webapp/src/test/java/org/apache/falcon/resource/ProcessInstanceManagerIT.java,90.0,14.0,6.0,9.0,86.0,20.0,87.0,venkatesh@hortonworks.com,1,0.009433962264150943,0.0,20.0,0.0,0.0,206.0,633.3333333333333,1,0,3.258096538021482,false
webapp/src/test/java/org/apache/falcon/resource/TestContext.java,363.0,55.0,709.0,42.0,166.0,122.0,31.0,null,3,0.02830188679245283,13.0,9.0,0.0,0.0,1308.7557603686635,7556.114997801955,3,0,0.12169730789774758,false
webapp/src/test/java/org/apache/falcon/security/BasicAuthFilterTest.java,56.0,13.0,0.0,4.0,33.0,9.0,0.0,venkatesh@hortonworks.com,0,0.0,0.0,0.0,0.0,0.0,0.0,0.0,0,2,0.0,false
webapp/src/test/java/org/apache/falcon/util/ResourcesReflectionUtilTest.java,16.0,2.0,0.0,1.0,5.0,1.0,8.0,srikanth.sundarrajan@inmobi.com,1,0.009433962264150943,14.0,0.0,0.0,14.0,879.6129032258065,6701.670323526665,1,2,0.34032580593720285,false
