name,LOC,CBO,LCOM,NOM,RFC,WMC,ACS,Ownership,numOfChanges,numberOfFIChanges,ENH,NF,BugFixing,REF,structuralWorkloadSum,semanticWorkloadSum,numberOfDeveloper,pastFaults,MAF,isBuggy
client/src/main/java/org/apache/falcon/cli/FalconCLI.java,430.0,16.0,72.0,16.0,94.0,59.0,6.0,null,1,0.0,0.0,0.0,0.0,0.0,1198.4,8367.136893280438,1,3,1.55814461804655,false
client/src/main/java/org/apache/falcon/client/FalconClient.java,386.0,22.0,517.0,47.0,158.0,146.0,60.0,null,2,0.007936507936507936,2.0,0.0,0.0,0.0,1407.4769230769232,8724.65853806526,2,5,0.6703731822929435,false
client/src/main/java/org/apache/falcon/entity/v0/Frequency.java,66.0,3.0,20.0,12.0,11.0,25.0,170.0,srikanth.sundarrajan@inmobi.com,1,0.007936507936507936,17.0,0.0,0.0,0.0,1198.4,8367.136893280438,1,2,1.55814461804655,false
client/src/main/java/org/apache/falcon/resource/EntityList.java,46.0,5.0,0.0,5.0,6.0,9.0,3.0,srikanth.sundarrajan@inmobi.com,1,0.0,0.0,0.0,0.0,0.0,209.0769230769231,357.5216447848219,1,5,0.8043728156701697,false
client/src/test/java/org/apache/falcon/entity/v0/TestFrequency.java,12.0,2.0,0.0,1.0,6.0,1.0,170.0,srikanth.sundarrajan@inmobi.com,1,0.007936507936507936,25.0,0.0,0.0,0.0,1198.4,8367.136893280438,1,1,1.55814461804655,false
common/src/main/java/org/apache/falcon/catalog/AbstractCatalogService.java,60.0,3.0,15.0,6.0,0.0,31.0,170.0,srikanth.sundarrajan@inmobi.com,1,0.007936507936507936,9.0,0.0,0.0,0.0,1198.4,8367.136893280438,1,0,1.55814461804655,false
common/src/main/java/org/apache/falcon/catalog/CatalogPartition.java,120.0,1.0,191.0,22.0,0.0,35.0,170.0,srikanth.sundarrajan@inmobi.com,1,0.007936507936507936,33.0,0.0,0.0,0.0,1198.4,8367.136893280438,1,0,1.55814461804655,false
common/src/main/java/org/apache/falcon/catalog/CatalogServiceFactory.java,17.0,3.0,1.0,3.0,4.0,7.0,170.0,srikanth.sundarrajan@inmobi.com,1,0.007936507936507936,25.0,0.0,0.0,0.0,1198.4,8367.136893280438,1,0,1.55814461804655,false
common/src/main/java/org/apache/falcon/catalog/HiveCatalogService.java,123.0,17.0,3.0,10.0,56.0,45.0,170.0,srikanth.sundarrajan@inmobi.com,1,0.007936507936507936,7.0,0.0,0.0,0.0,1198.4,8367.136893280438,1,0,1.55814461804655,false
common/src/main/java/org/apache/falcon/cleanup/AbstractCleanupHandler.java,88.0,19.0,43.0,10.0,30.0,33.0,170.0,venkatesh@apache.org,1,0.007936507936507936,7.0,0.0,0.0,0.0,1198.4,8367.136893280438,1,2,1.55814461804655,false
common/src/main/java/org/apache/falcon/cleanup/FeedCleanupHandler.java,51.0,14.0,3.0,3.0,20.0,13.0,170.0,null,1,0.007936507936507936,10.0,0.0,0.0,0.0,1198.4,8367.136893280438,1,2,1.55814461804655,false
common/src/main/java/org/apache/falcon/entity/CatalogStorage.java,230.0,13.0,83.0,22.0,63.0,61.0,170.0,null,1,0.007936507936507936,8.0,0.0,0.0,0.0,1198.4,8367.136893280438,1,0,1.55814461804655,false
common/src/main/java/org/apache/falcon/entity/ColoClusterRelation.java,42.0,8.0,9.0,6.0,15.0,16.0,0.0,srikanth.sundarrajan@inmobi.com,0,0.0,0.0,0.0,0.0,0.0,0.0,0.0,0,3,0.0,false
common/src/main/java/org/apache/falcon/entity/EntityUtil.java,480.0,24.0,1324.0,52.0,172.0,174.0,101.0,null,2,0.015873015873015872,7.0,0.0,0.0,0.0,1647.2275862068966,9395.327855152937,2,3,0.6622648834325223,false
common/src/main/java/org/apache/falcon/entity/FeedHelper.java,164.0,17.0,171.0,19.0,55.0,68.0,170.0,null,1,0.007936507936507936,5.0,0.0,0.0,0.0,1198.4,8367.136893280438,1,2,1.55814461804655,false
common/src/main/java/org/apache/falcon/entity/FileSystemStorage.java,117.0,10.0,24.0,13.0,28.0,36.0,170.0,null,1,0.007936507936507936,5.0,0.0,0.0,0.0,1198.4,8367.136893280438,1,0,1.55814461804655,false
common/src/main/java/org/apache/falcon/entity/Storage.java,48.0,2.0,10.0,5.0,0.0,18.0,170.0,srikanth.sundarrajan@inmobi.com,1,0.007936507936507936,11.0,0.0,0.0,0.0,1198.4,8367.136893280438,1,0,1.55814461804655,false
common/src/main/java/org/apache/falcon/entity/parser/ClusterEntityParser.java,114.0,19.0,15.0,10.0,51.0,34.0,170.0,null,1,0.007936507936507936,4.0,0.0,0.0,0.0,1198.4,8367.136893280438,1,3,1.55814461804655,true
common/src/main/java/org/apache/falcon/entity/parser/FeedEntityParser.java,239.0,25.0,118.0,16.0,100.0,72.0,86.0,venkatesh@apache.org,2,0.007936507936507936,5.0,0.0,0.0,0.0,1647.2275862068966,9395.327855152937,2,2,0.6622648834325223,false
common/src/main/java/org/apache/falcon/entity/parser/ProcessEntityParser.java,151.0,25.0,36.0,9.0,59.0,41.0,170.0,venkatesh@apache.org,1,0.007936507936507936,7.0,0.0,0.0,0.0,1198.4,8367.136893280438,1,2,1.55814461804655,false
common/src/main/java/org/apache/falcon/entity/store/ConfigurationStore.java,260.0,25.0,139.0,22.0,88.0,74.0,0.0,null,0,0.0,0.0,0.0,0.0,0.0,0.0,0.0,0,3,0.0,false
common/src/main/java/org/apache/falcon/entity/v0/EntityGraph.java,154.0,14.0,26.0,8.0,38.0,30.0,0.0,srikanth.sundarrajan@inmobi.com,0,0.0,0.0,0.0,0.0,0.0,0.0,0.0,0,3,0.0,false
common/src/main/java/org/apache/falcon/group/FeedGroup.java,50.0,11.0,0.0,9.0,18.0,22.0,170.0,srikanth.sundarrajan@inmobi.com,1,0.007936507936507936,14.0,0.0,0.0,0.0,1198.4,8367.136893280438,1,2,1.55814461804655,false
common/src/main/java/org/apache/falcon/group/FeedGroupMap.java,66.0,14.0,30.0,9.0,30.0,27.0,170.0,srikanth.sundarrajan@inmobi.com,1,0.007936507936507936,10.0,0.0,0.0,0.0,1198.4,8367.136893280438,1,3,1.55814461804655,false
common/src/main/java/org/apache/falcon/service/ConfigurationChangeListener.java,8.0,2.0,3.0,3.0,0.0,6.0,0.0,srikanth.sundarrajan@inmobi.com,0,0.0,0.0,0.0,0.0,0.0,0.0,0.0,0,2,0.0,false
common/src/main/java/org/apache/falcon/service/LogCleanupService.java,43.0,14.0,4.0,4.0,7.0,10.0,0.0,srikanth.sundarrajan@inmobi.com,0,0.0,0.0,0.0,0.0,0.0,0.0,0.0,0,3,0.0,false
common/src/main/java/org/apache/falcon/update/UpdateHelper.java,85.0,16.0,8.0,5.0,28.0,20.0,101.0,null,2,0.015873015873015872,10.0,0.0,0.0,0.0,1647.2275862068966,9395.327855152937,2,2,0.6622648834325223,false
common/src/main/java/org/apache/falcon/workflow/engine/AbstractWorkflowEngine.java,30.0,8.0,190.0,20.0,1.0,39.0,89.0,null,2,0.015873015873015872,12.0,0.0,0.0,0.0,1647.2275862068966,9395.327855152937,2,2,0.6622648834325223,false
common/src/test/java/org/apache/falcon/cleanup/LogCleanupServiceTest.java,109.0,20.0,0.0,6.0,39.0,12.0,170.0,srikanth.sundarrajan@inmobi.com,1,0.007936507936507936,10.0,0.0,0.0,0.0,1198.4,8367.136893280438,1,2,1.55814461804655,false
common/src/test/java/org/apache/falcon/entity/CatalogStorageTest.java,128.0,5.0,105.0,15.0,64.0,38.0,170.0,srikanth.sundarrajan@inmobi.com,1,0.007936507936507936,25.0,0.0,0.0,0.0,1198.4,8367.136893280438,1,0,1.55814461804655,false
common/src/test/java/org/apache/falcon/entity/FileSystemStorageTest.java,117.0,7.0,45.0,10.0,45.0,20.0,170.0,null,1,0.007936507936507936,7.0,0.0,0.0,0.0,1198.4,8367.136893280438,1,0,1.55814461804655,false
common/src/test/java/org/apache/falcon/entity/StorageFactoryTest.java,163.0,19.0,13.0,18.0,79.0,62.0,170.0,srikanth.sundarrajan@inmobi.com,1,0.007936507936507936,100.0,0.0,0.0,0.0,1198.4,8367.136893280438,1,0,1.55814461804655,false
common/src/test/java/org/apache/falcon/entity/parser/ClusterEntityParserTest.java,81.0,19.0,3.0,6.0,48.0,14.0,170.0,null,1,0.007936507936507936,5.0,0.0,0.0,0.0,1198.4,8367.136893280438,1,2,1.55814461804655,true
common/src/test/java/org/apache/falcon/entity/parser/FeedEntityParserTest.java,306.0,20.0,0.0,21.0,209.0,54.0,170.0,srikanth.sundarrajan@inmobi.com,1,0.007936507936507936,6.0,0.0,0.0,0.0,1198.4,8367.136893280438,1,3,1.55814461804655,false
common/src/test/java/org/apache/falcon/entity/parser/ProcessEntityParserTest.java,196.0,22.0,0.0,23.0,154.0,55.0,101.0,srikanth.sundarrajan@inmobi.com,2,0.015873015873015872,14.0,0.0,0.0,0.0,1647.2275862068966,9395.327855152937,2,3,0.6622648834325223,false
common/src/test/java/org/apache/falcon/entity/store/ConfigurationStoreTest.java,64.0,15.0,0.0,4.0,21.0,11.0,0.0,srikanth.sundarrajan@inmobi.com,0,0.0,0.0,0.0,0.0,0.0,0.0,0.0,0,3,0.0,false
common/src/test/java/org/apache/falcon/update/UpdateHelperTest.java,116.0,25.0,26.0,8.0,76.0,19.0,101.0,srikanth.sundarrajan@inmobi.com,2,0.015873015873015872,12.0,0.0,0.0,0.0,1647.2275862068966,9395.327855152937,2,2,0.6622648834325223,false
feed/src/main/java/org/apache/falcon/converter/OozieFeedMapper.java,347.0,34.0,10.0,5.0,29.0,19.0,170.0,srikanth.sundarrajan@inmobi.com,1,0.007936507936507936,6.0,0.0,0.0,0.0,1198.4,8367.136893280438,1,3,1.55814461804655,false
feed/src/test/java/org/apache/falcon/converter/OozieFeedMapperTest.java,287.0,41.0,49.0,14.0,175.0,40.0,170.0,srikanth.sundarrajan@inmobi.com,1,0.007936507936507936,5.0,0.0,0.0,0.0,1198.4,8367.136893280438,1,3,1.55814461804655,false
hadoop-dependencies/src/main/java/org/apache/falcon/hadoop/FileSystemExtension.java,5.0,1.0,0.0,0.0,0.0,0.0,0.0,shwethags@gmail.com,0,0.0,0.0,0.0,0.0,0.0,0.0,0.0,0,0,0.0,false
hadoop-webapp/src/main/java/org/apache/falcon/listener/HadoopStartupListener.java,117.0,13.0,39.0,11.0,50.0,37.0,94.0,srikanth.sundarrajan@inmobi.com,1,0.007936507936507936,9.0,0.0,0.0,0.0,1198.4,8367.136893280438,1,0,1.55814461804655,false
messaging/src/main/java/org/apache/falcon/messaging/EntityInstanceMessage.java,149.0,15.0,0.0,17.0,46.0,43.0,170.0,srikanth.sundarrajan@inmobi.com,1,0.007936507936507936,9.0,0.0,0.0,0.0,1198.4,8367.136893280438,1,3,1.55814461804655,false
messaging/src/main/java/org/apache/falcon/messaging/MessageProducer.java,103.0,8.0,15.0,7.0,35.0,20.0,170.0,srikanth.sundarrajan@inmobi.com,1,0.007936507936507936,11.0,0.0,0.0,0.0,1198.4,8367.136893280438,1,2,1.55814461804655,false
messaging/src/test/java/org/apache/falcon/messaging/FeedProducerTest.java,109.0,22.0,4.0,8.0,43.0,20.0,170.0,null,1,0.007936507936507936,8.0,0.0,0.0,0.0,1198.4,8367.136893280438,1,2,1.55814461804655,false
oozie-el-extensions/src/main/java/org/apache/oozie/extensions/OozieELExtensions.java,284.0,15.0,193.0,31.0,97.0,101.0,104.0,srikanth.sundarrajan@inmobi.com,1,0.007936507936507936,17.0,0.0,0.0,0.0,1198.4,8367.136893280438,1,0,1.55814461804655,false
oozie-el-extensions/src/test/java/org/apache/oozie/extensions/TestOozieELExtensions.java,179.0,15.0,63.0,18.0,91.0,43.0,104.0,srikanth.sundarrajan@inmobi.com,1,0.007936507936507936,25.0,0.0,0.0,0.0,1198.4,8367.136893280438,1,0,1.55814461804655,false
oozie/src/main/java/org/apache/falcon/converter/AbstractOozieEntityMapper.java,289.0,36.0,254.0,24.0,119.0,74.0,170.0,srikanth.sundarrajan@inmobi.com,1,0.007936507936507936,8.0,0.0,0.0,0.0,1198.4,8367.136893280438,1,4,1.55814461804655,false
oozie/src/main/java/org/apache/falcon/service/SharedLibraryHostingService.java,116.0,17.0,13.0,7.0,44.0,29.0,33.0,null,1,0.007936507936507936,7.0,0.0,0.0,0.0,448.8275862068965,1028.1909618724992,1,3,1.1526795099383855,false
oozie/src/main/java/org/apache/falcon/workflow/FalconPostProcessing.java,138.0,11.0,10.0,13.0,32.0,25.0,170.0,venkatesh@hortonworks.com,1,0.007936507936507936,8.0,0.0,0.0,0.0,1198.4,8367.136893280438,1,3,1.55814461804655,false
oozie/src/main/java/org/apache/falcon/workflow/engine/NullCoordJob.java,80.0,4.0,325.0,26.0,0.0,49.0,104.0,srikanth.sundarrajan@inmobi.com,1,0.007936507936507936,20.0,0.0,0.0,0.0,1198.4,8367.136893280438,1,1,1.55814461804655,false
oozie/src/main/java/org/apache/falcon/workflow/engine/OozieWorkflowEngine.java,964.0,22.0,1685.0,67.0,392.0,284.0,50.0,null,3,0.015873015873015872,5.0,0.0,0.0,0.0,1647.2275862068966,9395.327855152937,3,3,0.7569267151531074,false
oozie/src/main/java/org/apache/oozie/client/CustomOozieClient.java,52.0,14.0,6.0,4.0,12.0,11.0,3.0,srikanth.sundarrajan@inmobi.com,1,0.0,0.0,0.0,0.0,0.0,209.0769230769231,357.5216447848219,1,3,0.8043728156701697,false
prism/src/main/java/org/apache/falcon/Main.java,51.0,9.0,1.0,3.0,15.0,7.0,86.0,venkatesh@apache.org,2,0.015873015873015872,25.0,0.0,0.0,0.0,1407.4769230769232,8724.65853806526,2,0,0.48811153629841464,false
prism/src/main/java/org/apache/falcon/resource/AbstractEntityManager.java,392.0,31.0,151.0,23.0,155.0,107.0,12.0,null,2,0.007936507936507936,5.0,0.0,0.0,0.0,657.9045092838196,1385.712606657321,2,3,0.28537898224433234,false
prism/src/main/java/org/apache/falcon/resource/admin/AdminResource.java,73.0,16.0,6.0,4.0,21.0,14.0,5.0,venkatesh@hortonworks.com,2,0.0,0.0,0.0,0.0,0.0,1407.4769230769232,8724.65853806526,2,2,0.48811153629841464,false
prism/src/main/java/org/apache/falcon/resource/proxy/SchedulableEntityManagerProxy.java,259.0,25.0,620.0,36.0,99.0,105.0,6.0,null,3,0.007936507936507936,4.0,0.0,0.0,0.0,1856.3045092838197,9752.849499937758,3,2,0.07312002588359201,false
prism/src/main/java/org/apache/falcon/service/FalconTopicSubscriber.java,118.0,15.0,1.0,10.0,49.0,28.0,170.0,venkatesh@hortonworks.com,1,0.007936507936507936,7.0,0.0,0.0,0.0,1198.4,8367.136893280438,1,3,1.55814461804655,false
prism/src/main/java/org/apache/falcon/service/SLAMonitoringService.java,154.0,15.0,174.0,20.0,29.0,44.0,170.0,srikanth.sundarrajan@inmobi.com,1,0.007936507936507936,17.0,0.0,0.0,0.0,1198.4,8367.136893280438,1,2,1.55814461804655,false
prism/src/main/java/org/apache/falcon/util/EmbeddedServer.java,21.0,5.0,0.0,3.0,8.0,5.0,0.0,venkatesh@hortonworks.com,0,0.0,0.0,0.0,0.0,0.0,0.0,0.0,0,2,0.0,false
process/src/main/java/org/apache/falcon/converter/OozieProcessMapper.java,494.0,55.0,595.0,35.0,297.0,129.0,68.0,srikanth.sundarrajan@inmobi.com,3,0.023809523809523808,21.0,0.0,0.0,0.0,1856.3045092838197,9752.849499937758,3,2,0.07312002588359201,false
process/src/main/java/org/apache/falcon/workflow/OozieProcessWorkflowBuilder.java,80.0,21.0,15.0,6.0,53.0,22.0,101.0,srikanth.sundarrajan@inmobi.com,2,0.015873015873015872,12.0,0.0,0.0,0.0,1647.2275862068966,9395.327855152937,2,4,0.6622648834325223,false
process/src/test/java/org/apache/falcon/converter/OozieProcessMapperTest.java,293.0,54.0,133.0,18.0,246.0,55.0,68.0,srikanth.sundarrajan@inmobi.com,3,0.023809523809523808,16.0,0.0,0.0,0.0,1856.3045092838197,9752.849499937758,3,3,0.07312002588359201,false
replication/src/main/java/org/apache/falcon/replication/FeedReplicator.java,84.0,17.0,21.0,7.0,34.0,23.0,101.0,null,2,0.015873015873015872,12.0,0.0,0.0,0.0,1647.2275862068966,9395.327855152937,2,3,0.6622648834325223,false
replication/src/test/java/org/apache/falcon/replication/FeedReplicatorTest.java,15.0,8.0,0.0,1.0,7.0,2.0,170.0,venkatesh@hortonworks.com,1,0.007936507936507936,20.0,0.0,0.0,0.0,1198.4,8367.136893280438,1,1,1.55814461804655,false
rerun/src/main/java/org/apache/falcon/latedata/LateDataHandler.java,182.0,19.0,49.0,11.0,66.0,48.0,170.0,null,1,0.007936507936507936,7.0,0.0,0.0,0.0,1198.4,8367.136893280438,1,3,1.55814461804655,false
rerun/src/main/java/org/apache/falcon/rerun/event/LaterunEvent.java,11.0,0.0,1.0,2.0,0.0,3.0,170.0,srikanth.sundarrajan@inmobi.com,1,0.007936507936507936,17.0,0.0,0.0,0.0,1198.4,8367.136893280438,1,2,1.55814461804655,false
rerun/src/main/java/org/apache/falcon/rerun/event/RerunEvent.java,72.0,3.0,40.0,13.0,3.0,26.0,170.0,srikanth.sundarrajan@inmobi.com,1,0.007936507936507936,12.0,0.0,0.0,0.0,1198.4,8367.136893280438,1,4,1.55814461804655,false
rerun/src/main/java/org/apache/falcon/rerun/event/RerunEventFactory.java,34.0,3.0,6.0,4.0,14.0,11.0,170.0,srikanth.sundarrajan@inmobi.com,1,0.007936507936507936,17.0,0.0,0.0,0.0,1198.4,8367.136893280438,1,2,1.55814461804655,false
rerun/src/main/java/org/apache/falcon/rerun/event/RetryEvent.java,24.0,0.0,0.0,5.0,0.0,8.0,170.0,srikanth.sundarrajan@inmobi.com,1,0.007936507936507936,17.0,0.0,0.0,0.0,1198.4,8367.136893280438,1,2,1.55814461804655,false
rerun/src/main/java/org/apache/falcon/rerun/handler/AbstractRerunHandler.java,34.0,9.0,14.0,8.0,7.0,19.0,170.0,venkatesh@hortonworks.com,1,0.007936507936507936,12.0,0.0,0.0,0.0,1198.4,8367.136893280438,1,2,1.55814461804655,false
rerun/src/main/java/org/apache/falcon/rerun/handler/LateRerunConsumer.java,71.0,13.0,3.0,3.0,44.0,12.0,170.0,venkatesh@hortonworks.com,1,0.007936507936507936,9.0,0.0,0.0,0.0,1198.4,8367.136893280438,1,2,1.55814461804655,false
rerun/src/main/java/org/apache/falcon/rerun/handler/LateRerunHandler.java,139.0,21.0,21.0,7.0,59.0,28.0,86.0,venkatesh@apache.org,2,0.007936507936507936,6.0,0.0,0.0,0.0,1407.4769230769232,8724.65853806526,2,4,0.48811153629841464,false
rerun/src/test/java/org/apache/falcon/rerun/handler/TestLateRerunHandler.java,17.0,8.0,0.0,1.0,8.0,2.0,3.0,suhas.v@inmobi.com,1,0.0,0.0,0.0,0.0,0.0,209.0769230769231,357.5216447848219,1,0,0.8043728156701697,false
retention/src/main/java/org/apache/falcon/retention/FeedEvictor.java,265.0,48.0,139.0,22.0,148.0,83.0,170.0,null,1,0.007936507936507936,6.0,0.0,0.0,0.0,1198.4,8367.136893280438,1,3,1.55814461804655,false
retention/src/test/java/org/apache/falcon/retention/FeedEvictorTest.java,265.0,26.0,47.0,18.0,124.0,55.0,170.0,null,1,0.007936507936507936,6.0,0.0,0.0,0.0,1198.4,8367.136893280438,1,3,1.55814461804655,true
test-util/src/main/java/org/apache/falcon/cluster/util/EmbeddedCluster.java,98.0,15.0,40.0,12.0,30.0,31.0,170.0,null,1,0.007936507936507936,7.0,0.0,0.0,0.0,1198.4,8367.136893280438,1,3,1.55814461804655,false
test-util/src/main/java/org/apache/falcon/cluster/util/StandAloneCluster.java,23.0,6.0,3.0,3.0,11.0,8.0,170.0,srikanth.sundarrajan@inmobi.com,1,0.007936507936507936,14.0,0.0,0.0,0.0,1198.4,8367.136893280438,1,2,1.55814461804655,false
webapp/src/main/java/org/apache/falcon/resource/SchedulableEntityManager.java,26.0,6.0,21.0,7.0,0.0,14.0,5.0,null,2,0.0,0.0,0.0,0.0,0.0,1407.4769230769232,8724.65853806526,2,2,0.48811153629841464,false
webapp/src/test/java/org/apache/falcon/catalog/HiveCatalogServiceIT.java,168.0,19.0,0.0,26.0,92.0,58.0,170.0,null,1,0.007936507936507936,9.0,0.0,0.0,0.0,1198.4,8367.136893280438,1,0,1.55814461804655,false
webapp/src/test/java/org/apache/falcon/late/LateDataHandlerIT.java,108.0,27.0,0.0,8.0,64.0,21.0,170.0,null,1,0.007936507936507936,10.0,0.0,0.0,0.0,1198.4,8367.136893280438,1,0,1.55814461804655,false
webapp/src/test/java/org/apache/falcon/lifecycle/FileSystemFeedReplicationIT.java,144.0,19.0,1.0,7.0,67.0,15.0,170.0,srikanth.sundarrajan@inmobi.com,1,0.007936507936507936,25.0,0.0,0.0,0.0,1198.4,8367.136893280438,1,0,1.55814461804655,false
webapp/src/test/java/org/apache/falcon/lifecycle/TableStorageFeedEvictorIT.java,192.0,39.0,59.0,15.0,74.0,46.0,170.0,null,1,0.007936507936507936,11.0,0.0,0.0,0.0,1198.4,8367.136893280438,1,0,1.55814461804655,false
webapp/src/test/java/org/apache/falcon/lifecycle/TableStorageFeedReplicationIT.java,114.0,24.0,16.0,9.0,63.0,19.0,170.0,sriksun@apache.org,1,0.007936507936507936,20.0,0.0,0.0,0.0,1198.4,8367.136893280438,1,0,1.55814461804655,false
webapp/src/test/java/org/apache/falcon/process/PigProcessIT.java,47.0,17.0,4.0,4.0,30.0,9.0,170.0,venkatesh@apache.org,1,0.007936507936507936,14.0,0.0,0.0,0.0,1198.4,8367.136893280438,1,0,1.55814461804655,false
webapp/src/test/java/org/apache/falcon/process/TableStorageProcessIT.java,98.0,25.0,0.0,10.0,65.0,21.0,170.0,sriksun@apache.org,1,0.007936507936507936,17.0,0.0,0.0,0.0,1198.4,8367.136893280438,1,0,1.55814461804655,false
webapp/src/test/java/org/apache/falcon/resource/EntityManagerJerseyIT.java,393.0,35.0,323.0,26.0,334.0,55.0,12.0,null,2,0.007936507936507936,8.0,0.0,0.0,0.0,657.9045092838196,1385.712606657321,2,0,0.28537898224433234,false
webapp/src/test/java/org/apache/falcon/resource/TestContext.java,308.0,53.0,545.0,38.0,141.0,106.0,68.0,null,3,0.015873015873015872,9.0,0.0,0.0,0.0,1856.3045092838197,9752.849499937758,3,0,0.07312002588359201,false
webapp/src/test/java/org/apache/falcon/util/FSUtils.java,59.0,11.0,10.0,5.0,24.0,16.0,170.0,srikanth.sundarrajan@inmobi.com,1,0.007936507936507936,100.0,0.0,0.0,0.0,1198.4,8367.136893280438,1,0,1.55814461804655,false
webapp/src/test/java/org/apache/falcon/util/HiveTestUtils.java,91.0,14.0,66.0,12.0,54.0,31.0,170.0,null,1,0.007936507936507936,20.0,0.0,0.0,0.0,1198.4,8367.136893280438,1,0,1.55814461804655,false
webapp/src/test/java/org/apache/falcon/util/OozieTestUtils.java,39.0,9.0,3.0,3.0,15.0,11.0,101.0,suhas.v@inmobi.com,2,0.015873015873015872,33.0,0.0,0.0,0.0,1647.2275862068966,9395.327855152937,2,0,0.6622648834325223,false
webapp/src/test/java/org/apache/falcon/validation/ClusterEntityValidationIT.java,37.0,15.0,4.0,4.0,19.0,9.0,170.0,venkatesh@apache.org,1,0.007936507936507936,20.0,0.0,0.0,0.0,1198.4,8367.136893280438,1,0,1.55814461804655,false
webapp/src/test/java/org/apache/falcon/validation/FeedEntityValidationIT.java,66.0,20.0,3.0,6.0,27.0,13.0,170.0,srikanth.sundarrajan@inmobi.com,1,0.007936507936507936,50.0,0.0,0.0,0.0,1198.4,8367.136893280438,1,0,1.55814461804655,false
