name,LOC,CBO,LCOM,NOM,RFC,WMC,ACS,Ownership,numOfChanges,numberOfFIChanges,ENH,NF,BugFixing,REF,structuralWorkloadSum,semanticWorkloadSum,numberOfDeveloper,pastFaults,MAF,isBuggy
client/src/main/java/org/apache/falcon/cli/FalconCLI.java,568.0,19.0,183.0,23.0,119.0,87.0,12.0,null,3,0.0,0.0,0.0,0.0,0.0,2492.3120633442013,29784.17406242791,3,4,-0.01637125895647773,false
client/src/main/java/org/apache/falcon/client/FalconCLIException.java,46.0,5.0,6.0,4.0,10.0,9.0,27.0,srikanth.sundarrajan@inmobi.com,1,0.0,0.0,0.0,0.0,0.0,552.2105263157895,7224.75,1,1,0.4795730802618862,false
client/src/main/java/org/apache/falcon/client/FalconClient.java,477.0,37.0,1072.0,60.0,204.0,186.0,17.0,null,3,0.0,0.0,0.0,0.0,0.0,2492.3120633442013,29784.17406242791,3,6,0.019744725597079738,false
client/src/main/java/org/apache/falcon/entity/v0/SchemaHelper.java,40.0,5.0,15.0,6.0,14.0,18.0,22.0,srikanth.sundarrajan@inmobi.com,1,0.0,0.0,0.0,0.0,0.0,1645.5752212389382,21827.605723844055,1,2,1.252762968495368,false
client/src/main/java/org/apache/falcon/resource/EntityList.java,98.0,9.0,0.0,7.0,18.0,17.0,9.0,srikanth.sundarrajan@inmobi.com,1,0.0,0.0,0.0,0.0,0.0,294.5263157894737,731.8183385838536,1,5,1.252762968495368,false
common/src/main/java/org/apache/falcon/catalog/AbstractCatalogService.java,70.0,3.0,21.0,7.0,0.0,35.0,7.0,srikanth.sundarrajan@inmobi.com,1,0.0,0.0,0.0,0.0,0.0,294.5263157894737,731.8183385838536,1,0,1.252762968495368,false
common/src/main/java/org/apache/falcon/catalog/HiveCatalogService.java,170.0,20.0,19.0,14.0,83.0,61.0,43.0,srikanth.sundarrajan@inmobi.com,2,0.0056179775280898875,7.0,0.0,0.0,0.0,1940.101537028412,22559.42406242791,2,0,0.5596157879354228,false
common/src/main/java/org/apache/falcon/cleanup/FeedCleanupHandler.java,51.0,14.0,3.0,3.0,20.0,13.0,30.0,null,2,0.011235955056179775,20.0,0.0,10.0,0.0,2197.7857475547275,29052.355723844055,2,2,0.10078887471156728,false
common/src/main/java/org/apache/falcon/entity/ClusterHelper.java,90.0,8.0,105.0,15.0,40.0,40.0,43.0,null,2,0.0,0.0,0.0,0.0,7.0,2197.7857475547275,29052.355723844055,2,2,0.10078887471156728,false
common/src/main/java/org/apache/falcon/entity/ColoClusterRelation.java,45.0,8.0,15.0,7.0,16.0,18.0,0.0,srikanth.sundarrajan@inmobi.com,0,0.0,0.0,0.0,0.0,0.0,0.0,0.0,0,3,0.0,false
common/src/main/java/org/apache/falcon/entity/FeedHelper.java,170.0,17.0,190.0,20.0,57.0,70.0,42.0,null,2,0.0056179775280898875,5.0,0.0,5.0,5.0,2197.7857475547275,29052.355723844055,2,2,0.10078887471156728,false
common/src/main/java/org/apache/falcon/entity/FileSystemStorage.java,134.0,11.0,38.0,16.0,41.0,43.0,6.0,null,2,0.0,0.0,0.0,0.0,0.0,2197.7857475547275,29052.355723844055,2,0,0.17302084381868188,false
common/src/main/java/org/apache/falcon/entity/ProcessHelper.java,32.0,7.0,6.0,4.0,8.0,13.0,44.0,venkatesh@apache.org,2,0.0,0.0,0.0,0.0,7.0,2197.7857475547275,29052.355723844055,2,2,0.10078887471156728,false
common/src/main/java/org/apache/falcon/entity/common/FeedDataPath.java,40.0,1.0,2.0,5.0,7.0,12.0,7.0,srikanth.sundarrajan@inmobi.com,1,0.0,0.0,0.0,0.0,0.0,294.5263157894737,731.8183385838536,1,2,1.252762968495368,false
common/src/main/java/org/apache/falcon/entity/parser/FeedEntityParser.java,258.0,28.0,134.0,17.0,113.0,76.0,21.0,venkatesh@apache.org,2,0.011235955056179775,9.0,0.0,5.0,0.0,2197.7857475547275,29052.355723844055,2,2,0.11583736854602245,false
common/src/main/java/org/apache/falcon/entity/store/ConfigurationStore.java,279.0,27.0,164.0,24.0,96.0,80.0,41.0,null,2,0.0056179775280898875,7.0,0.0,0.0,0.0,2197.7857475547275,29052.355723844055,2,3,0.17302084381868188,false
common/src/main/java/org/apache/falcon/entity/v0/EntityGraph.java,157.0,14.0,34.0,9.0,39.0,32.0,79.0,srikanth.sundarrajan@inmobi.com,1,0.0056179775280898875,14.0,0.0,0.0,0.0,1645.5752212389382,21827.605723844055,1,3,1.252762968495368,false
common/src/main/java/org/apache/falcon/group/FeedGroupMap.java,69.0,14.0,39.0,10.0,31.0,29.0,0.0,srikanth.sundarrajan@inmobi.com,0,0.0,0.0,0.0,0.0,0.0,0.0,0.0,0,3,0.0,false
common/src/main/java/org/apache/falcon/metadata/EntityRelationshipGraphBuilder.java,262.0,14.0,424.0,32.0,144.0,108.0,79.0,venkatesh@apache.org,1,0.0056179775280898875,11.0,0.0,0.0,0.0,1645.5752212389382,21827.605723844055,1,0,1.252762968495368,false
common/src/main/java/org/apache/falcon/metadata/GraphUtils.java,37.0,8.0,21.0,7.0,15.0,14.0,79.0,shwetha.gs@inmobi.com,1,0.0056179775280898875,33.0,0.0,0.0,0.0,1645.5752212389382,21827.605723844055,1,0,1.252762968495368,false
common/src/main/java/org/apache/falcon/metadata/InstanceRelationshipGraphBuilder.java,113.0,17.0,58.0,12.0,62.0,40.0,40.0,venkatesh@apache.org,1,0.0056179775280898875,6.0,0.0,0.0,0.0,1645.5752212389382,21827.605723844055,1,0,1.252762968495368,false
common/src/main/java/org/apache/falcon/metadata/LineageArgs.java,0.0,0.0,0.0,0.0,0.0,0.0,0.0,venkatesh@apache.org,0,0.0,0.0,0.0,0.0,0.0,0.0,0.0,0,0,0.0,false
common/src/main/java/org/apache/falcon/metadata/LineageRecorder.java,82.0,22.0,36.0,9.0,34.0,24.0,79.0,venkatesh@apache.org,1,0.0056179775280898875,20.0,0.0,0.0,0.0,1645.5752212389382,21827.605723844055,1,0,1.252762968495368,false
common/src/main/java/org/apache/falcon/metadata/MetadataMappingService.java,174.0,23.0,117.0,22.0,74.0,53.0,79.0,venkatesh@apache.org,1,0.0056179775280898875,9.0,0.0,0.0,0.0,1645.5752212389382,21827.605723844055,1,0,1.252762968495368,false
common/src/main/java/org/apache/falcon/metadata/RelationshipGraphBuilder.java,142.0,11.0,166.0,20.0,62.0,55.0,79.0,venkatesh@apache.org,1,0.0056179775280898875,11.0,0.0,0.0,0.0,1645.5752212389382,21827.605723844055,1,0,1.252762968495368,false
common/src/main/java/org/apache/falcon/metadata/RelationshipLabel.java,0.0,0.0,0.0,0.0,0.0,0.0,0.0,venkatesh@apache.org,0,0.0,0.0,0.0,0.0,0.0,0.0,0.0,0,0,0.0,false
common/src/main/java/org/apache/falcon/metadata/RelationshipProperty.java,0.0,0.0,0.0,0.0,0.0,0.0,0.0,venkatesh@hortonworks.com,0,0.0,0.0,0.0,0.0,0.0,0.0,0.0,0,0,0.0,false
common/src/main/java/org/apache/falcon/metadata/RelationshipType.java,0.0,0.0,0.0,0.0,0.0,0.0,0.0,venkatesh@apache.org,0,0.0,0.0,0.0,0.0,0.0,0.0,0.0,0,0,0.0,false
common/src/main/java/org/apache/falcon/service/ConfigurationChangeListener.java,30.0,2.0,6.0,4.0,0.0,8.0,0.0,srikanth.sundarrajan@inmobi.com,0,0.0,0.0,0.0,0.0,0.0,0.0,0.0,0,2,0.0,false
common/src/main/java/org/apache/falcon/util/ApplicationProperties.java,110.0,13.0,43.0,11.0,33.0,33.0,79.0,srikanth.sundarrajan@inmobi.com,1,0.0056179775280898875,9.0,0.0,0.0,0.0,1645.5752212389382,21827.605723844055,1,4,1.252762968495368,false
common/src/main/java/org/apache/falcon/util/ReflectionUtils.java,47.0,3.0,10.0,5.0,15.0,17.0,0.0,srikanth.sundarrajan@inmobi.com,0,0.0,0.0,0.0,0.0,0.0,0.0,0.0,0,2,0.0,false
common/src/main/java/org/apache/falcon/util/RuntimeProperties.java,60.0,4.0,3.0,3.0,4.0,9.0,40.0,srikanth.sundarrajan@inmobi.com,2,0.011235955056179775,22.0,0.0,0.0,11.0,1940.101537028412,22559.42406242791,2,3,0.5596157879354228,false
common/src/main/java/org/apache/falcon/workflow/WorkflowBuilder.java,19.0,5.0,4.0,5.0,5.0,9.0,114.0,srikanth.sundarrajan@inmobi.com,1,0.0,0.0,0.0,0.0,17.0,1645.5752212389382,21827.605723844055,1,2,1.252762968495368,false
common/src/test/java/org/apache/falcon/entity/FileSystemStorageTest.java,167.0,9.0,114.0,16.0,67.0,31.0,6.0,null,2,0.0,0.0,0.0,0.0,0.0,2197.7857475547275,29052.355723844055,2,0,0.17302084381868188,false
common/src/test/java/org/apache/falcon/entity/parser/FeedEntityParserTest.java,330.0,23.0,0.0,23.0,236.0,59.0,7.0,srikanth.sundarrajan@inmobi.com,1,0.0056179775280898875,6.0,0.0,6.0,0.0,552.2105263157895,7224.75,1,3,0.4795730802618862,false
common/src/test/java/org/apache/falcon/entity/store/ConfigurationStoreTest.java,67.0,15.0,0.0,4.0,21.0,11.0,28.0,srikanth.sundarrajan@inmobi.com,3,0.011235955056179775,22.0,0.0,11.0,11.0,2197.7857475547275,29052.355723844055,3,3,0.8598779697148193,false
common/src/test/java/org/apache/falcon/metadata/LineageRecorderTest.java,32.0,9.0,0.0,4.0,15.0,10.0,0.0,venkatesh@apache.org,0,0.0,0.0,0.0,0.0,0.0,0.0,0.0,0,0,0.0,false
common/src/test/java/org/apache/falcon/metadata/MetadataMappingServiceTest.java,424.0,38.0,554.0,40.0,280.0,102.0,0.0,venkatesh@apache.org,0,0.0,0.0,0.0,0.0,0.0,0.0,0.0,0,0,0.0,false
common/src/test/java/org/apache/falcon/util/ReflectionUtilsTest.java,15.0,4.0,0.0,1.0,2.0,2.0,0.0,shwethags@gmail.com,0,0.0,0.0,0.0,0.0,0.0,0.0,0.0,0,0,0.0,false
feed/src/main/java/org/apache/falcon/workflow/OozieFeedWorkflowBuilder.java,474.0,45.0,43.0,10.0,54.0,35.0,30.0,null,3,0.016853932584269662,19.0,6.0,6.0,6.0,2492.3120633442013,29784.17406242791,3,4,-0.10814672849072227,false
feed/src/test/java/org/apache/falcon/converter/OozieFeedWorkflowBuilderTest.java,425.0,46.0,128.0,21.0,260.0,64.0,34.0,venkatesh@apache.org,3,0.016853932584269662,25.0,12.0,12.0,12.0,2492.3120633442013,29784.17406242791,3,0,-0.1447597158934415,false
hadoop-dependencies/src/main/java/org/apache/falcon/hadoop/JailedFileSystem.java,109.0,17.0,158.0,24.0,71.0,63.0,12.0,venkatesh@apache.org,2,0.0,0.0,0.0,0.0,17.0,2197.7857475547275,29052.355723844055,2,0,0.17302084381868188,false
messaging/src/main/java/org/apache/falcon/messaging/EntityInstanceMessage.java,152.0,15.0,0.0,17.0,47.0,43.0,79.0,srikanth.sundarrajan@inmobi.com,1,0.0056179775280898875,9.0,0.0,0.0,0.0,1645.5752212389382,21827.605723844055,1,3,1.252762968495368,false
messaging/src/main/java/org/apache/falcon/messaging/MessageProducer.java,104.0,8.0,15.0,7.0,35.0,20.0,79.0,srikanth.sundarrajan@inmobi.com,1,0.0056179775280898875,11.0,0.0,0.0,0.0,1645.5752212389382,21827.605723844055,1,2,1.252762968495368,false
metrics/src/main/java/org/apache/falcon/aspect/GenericAlert.java,25.0,4.0,21.0,7.0,0.0,16.0,0.0,venkatesh@apache.org,0,0.0,0.0,0.0,0.0,0.0,0.0,0.0,0,3,0.0,false
oozie/src/main/java/org/apache/falcon/service/SharedLibraryHostingService.java,120.0,18.0,28.0,9.0,49.0,34.0,79.0,null,1,0.0056179775280898875,7.0,0.0,0.0,0.0,1645.5752212389382,21827.605723844055,1,3,1.252762968495368,false
oozie/src/main/java/org/apache/falcon/util/OozieUtils.java,52.0,16.0,4.0,4.0,14.0,11.0,0.0,srikanth.sundarrajan@inmobi.com,0,0.0,0.0,0.0,0.0,0.0,0.0,0.0,0,2,0.0,false
oozie/src/main/java/org/apache/falcon/workflow/FalconPostProcessing.java,163.0,14.0,7.0,14.0,45.0,34.0,79.0,venkatesh@hortonworks.com,1,0.0056179775280898875,8.0,0.0,0.0,0.0,1645.5752212389382,21827.605723844055,1,3,1.252762968495368,false
oozie/src/main/java/org/apache/falcon/workflow/OozieWorkflowBuilder.java,420.0,62.0,733.0,39.0,191.0,113.0,28.0,venkatesh@apache.org,2,0.0056179775280898875,7.0,0.0,0.0,7.0,2197.7857475547275,29052.355723844055,2,2,0.10795605019145982,false
oozie/src/main/java/org/apache/falcon/workflow/engine/OozieWorkflowEngine.java,1044.0,30.0,1967.0,71.0,447.0,305.0,35.0,null,3,0.016853932584269662,5.0,2.0,0.0,2.0,2231.7857475547275,29059.308853772145,3,5,0.3900409060784418,false
oozie/src/test/java/org/apache/falcon/oozie/workflow/FalconPostProcessingTest.java,83.0,9.0,0.0,6.0,30.0,19.0,0.0,null,0,0.0,0.0,0.0,0.0,0.0,0.0,0.0,0,2,0.0,false
prism/src/main/java/org/apache/falcon/Main.java,56.0,10.0,1.0,3.0,17.0,7.0,53.0,venkatesh@apache.org,2,0.0056179775280898875,12.0,0.0,0.0,0.0,2197.7857475547275,29052.355723844055,2,0,0.17302084381868188,false
prism/src/main/java/org/apache/falcon/resource/AbstractEntityManager.java,404.0,29.0,174.0,24.0,163.0,111.0,44.0,null,2,0.0056179775280898875,2.0,0.0,0.0,0.0,1940.101537028412,22559.42406242791,2,3,0.5596157879354228,false
prism/src/main/java/org/apache/falcon/resource/channel/ChannelFactory.java,29.0,4.0,3.0,3.0,6.0,9.0,27.0,venkatesh@apache.org,1,0.0,0.0,0.0,0.0,0.0,552.2105263157895,7224.75,1,1,0.4795730802618862,false
prism/src/main/java/org/apache/falcon/resource/channel/HTTPChannel.java,123.0,25.0,34.0,9.0,48.0,36.0,36.0,venkatesh@hortonworks.com,3,0.0056179775280898875,9.0,0.0,0.0,0.0,2492.3120633442013,29784.17406242791,3,2,-0.1035792829172355,false
prism/src/main/java/org/apache/falcon/resource/channel/SecureHTTPChannel.java,17.0,14.0,0.0,1.0,11.0,4.0,27.0,venkatesh@apache.org,1,0.0,0.0,0.0,0.0,0.0,552.2105263157895,7224.75,1,0,0.4795730802618862,false
prism/src/main/java/org/apache/falcon/resource/metadata/LineageMetadataResource.java,338.0,31.0,63.0,19.0,149.0,76.0,41.0,venkatesh@hortonworks.com,2,0.0056179775280898875,10.0,0.0,0.0,0.0,2197.7857475547275,29052.355723844055,2,0,0.17302084381868188,false
prism/src/main/java/org/apache/falcon/resource/proxy/SchedulableEntityManagerProxy.java,266.0,25.0,656.0,37.0,102.0,107.0,1.0,null,1,0.0,0.0,0.0,0.0,0.0,294.5263157894737,731.8183385838536,1,2,1.252762968495368,false
prism/src/main/java/org/apache/falcon/security/BasicAuthFilter.java,142.0,23.0,20.0,9.0,71.0,29.0,41.0,venkatesh@hortonworks.com,2,0.0056179775280898875,12.0,0.0,0.0,0.0,1677.5752212389382,21830.54735582295,2,2,1.45549552254945,false
prism/src/main/java/org/apache/falcon/security/ClientCertificateFilter.java,48.0,15.0,4.0,4.0,14.0,14.0,27.0,venkatesh@apache.org,1,0.0,0.0,0.0,0.0,0.0,552.2105263157895,7224.75,1,0,0.4795730802618862,false
prism/src/main/java/org/apache/falcon/service/FalconTopicSubscriber.java,125.0,18.0,2.0,9.0,49.0,27.0,40.0,venkatesh@hortonworks.com,2,0.0056179775280898875,7.0,0.0,0.0,7.0,1940.101537028412,22559.42406242791,2,4,0.5596157879354228,false
prism/src/main/java/org/apache/falcon/util/EmbeddedServer.java,33.0,5.0,4.0,5.0,9.0,11.0,70.0,venkatesh@hortonworks.com,2,0.0,0.0,0.0,0.0,12.0,2197.7857475547275,29052.355723844055,2,2,0.17302084381868188,false
prism/src/main/java/org/apache/falcon/util/SecureEmbeddedServer.java,21.0,3.0,1.0,2.0,10.0,3.0,27.0,venkatesh@apache.org,1,0.0,0.0,0.0,0.0,0.0,552.2105263157895,7224.75,1,0,0.4795730802618862,false
prism/src/test/java/org/apache/falcon/resource/metadata/LineageMetadataResourceTest.java,401.0,47.0,569.0,42.0,313.0,98.0,3.0,venkatesh@apache.org,1,0.0,0.0,0.0,0.0,0.0,552.2105263157895,7224.75,1,0,0.4795730802618862,false
prism/src/test/java/org/apache/falcon/security/ClientCertificateFilterTest.java,51.0,14.0,0.0,6.0,35.0,17.0,27.0,venkatesh@apache.org,1,0.0,0.0,0.0,0.0,0.0,552.2105263157895,7224.75,1,0,0.4795730802618862,false
process/src/main/java/org/apache/falcon/workflow/OozieProcessWorkflowBuilder.java,604.0,62.0,820.0,41.0,372.0,156.0,48.0,srikanth.sundarrajan@inmobi.com,2,0.0056179775280898875,12.0,0.0,0.0,6.0,2197.7857475547275,29052.355723844055,2,4,0.17302084381868188,false
process/src/test/java/org/apache/falcon/converter/OozieProcessWorkflowBuilderTest.java,372.0,64.0,187.0,23.0,310.0,69.0,38.0,shwetha.gs@inmobi.com,2,0.0056179775280898875,14.0,0.0,0.0,14.0,2197.7857475547275,29052.355723844055,2,0,0.10078887471156728,false
replication/src/main/java/org/apache/falcon/replication/FeedReplicator.java,88.0,17.0,21.0,7.0,35.0,23.0,30.0,null,2,0.011235955056179775,6.0,6.0,6.0,0.0,1940.101537028412,22559.42406242791,2,3,0.6162488002005553,false
replication/src/test/java/org/apache/falcon/replication/FeedReplicatorTest.java,17.0,8.0,0.0,1.0,9.0,2.0,9.0,venkatesh@hortonworks.com,1,0.0056179775280898875,0.0,20.0,0.0,0.0,294.5263157894737,731.8183385838536,1,1,1.252762968495368,false
retention/src/main/java/org/apache/falcon/retention/FeedEvictor.java,356.0,49.0,166.0,25.0,182.0,101.0,43.0,null,2,0.0056179775280898875,6.0,0.0,0.0,0.0,1940.101537028412,22559.42406242791,2,3,0.5596157879354228,false
retention/src/test/java/org/apache/falcon/retention/FeedEvictorTest.java,306.0,26.0,41.0,19.0,151.0,61.0,0.0,null,0,0.0,0.0,0.0,0.0,0.0,0.0,0.0,0,3,0.0,true
webapp/src/main/java/org/apache/falcon/Debug.java,53.0,18.0,3.0,3.0,30.0,7.0,9.0,null,1,0.0,0.0,0.0,0.0,0.0,294.5263157894737,731.8183385838536,1,4,1.252762968495368,false
webapp/src/test/java/org/apache/falcon/catalog/HiveCatalogServiceIT.java,179.0,22.0,0.0,28.0,99.0,62.0,7.0,null,1,0.0,0.0,0.0,0.0,0.0,294.5263157894737,731.8183385838536,1,0,1.252762968495368,false
webapp/src/test/java/org/apache/falcon/cli/FalconCLIIT.java,249.0,11.0,295.0,26.0,123.0,56.0,16.0,venkatesh@apache.org,1,0.0,0.0,0.0,0.0,0.0,1645.5752212389382,21827.605723844055,1,0,1.252762968495368,false
webapp/src/test/java/org/apache/falcon/cli/FalconCLISmokeIT.java,40.0,7.0,3.0,3.0,15.0,8.0,0.0,venkatesh@hortonworks.com,0,0.0,0.0,0.0,0.0,0.0,0.0,0.0,0,1,0.0,false
webapp/src/test/java/org/apache/falcon/lifecycle/TableStorageFeedEvictorIT.java,341.0,40.0,158.0,24.0,142.0,79.0,7.0,null,1,0.0,0.0,0.0,0.0,0.0,294.5263157894737,731.8183385838536,1,0,1.252762968495368,false
webapp/src/test/java/org/apache/falcon/resource/EntityManagerJerseyIT.java,434.0,50.0,494.0,32.0,372.0,71.0,8.0,null,3,0.011235955056179775,8.0,4.0,0.0,0.0,880.7368421052631,7963.521468511945,3,0,0.6288289095281709,false
webapp/src/test/java/org/apache/falcon/resource/EntityManagerJerseySmokeIT.java,55.0,15.0,8.0,5.0,47.0,13.0,0.0,suhas.v@inmobi.com,0,0.0,0.0,0.0,0.0,0.0,0.0,0.0,0,0,0.0,false
webapp/src/test/java/org/apache/falcon/resource/TestContext.java,257.0,55.0,375.0,30.0,123.0,87.0,19.0,null,1,0.0056179775280898875,4.0,0.0,0.0,0.0,552.2105263157895,7224.75,1,0,0.4795730802618862,false
webapp/src/test/java/org/apache/falcon/security/BasicAuthFilterTest.java,123.0,19.0,8.0,8.0,73.0,18.0,2.0,venkatesh@hortonworks.com,2,0.0056179775280898875,0.0,12.0,0.0,0.0,584.2105263157895,7227.691631978894,2,2,1.0689005784327095,false
