name,LOC,CBO,LCOM,NOM,RFC,WMC,ACS,Ownership,numOfChanges,numberOfFIChanges,ENH,NF,BugFixing,REF,structuralWorkloadSum,semanticWorkloadSum,numberOfDeveloper,pastFaults,MAF,isBuggy
addons/designer/actions/src/main/java/org/apache/falcon/designer/action/configuration/EmailActionConfiguration.java,40.0,1.0,37.0,10.0,0.0,16.0,18.0,shwetha.gs@inmobi.com,1,0.0,0.0,0.0,0.0,0.0,869.2363636363636,4070.6219370629615,1,0,3.0325462466767075,false
addons/designer/actions/src/main/java/org/apache/falcon/designer/primitive/action/EmailAction.java,41.0,4.0,35.0,10.0,2.0,18.0,18.0,shwetha.gs@inmobi.com,1,0.0,0.0,0.0,0.0,0.0,869.2363636363636,4070.6219370629615,1,0,3.0325462466767075,false
addons/designer/core/src/main/java/org/apache/falcon/designer/configuration/ActionConfiguration.java,9.0,0.0,0.0,1.0,0.0,2.0,18.0,shwetha.gs@inmobi.com,1,0.0,0.0,0.0,0.0,0.0,869.2363636363636,4070.6219370629615,1,0,3.0325462466767075,false
addons/designer/core/src/main/java/org/apache/falcon/designer/configuration/Configuration.java,51.0,5.0,8.0,5.0,3.0,11.0,155.0,shwetha.gs@inmobi.com,1,0.0,0.0,0.0,0.0,0.0,869.2363636363636,4070.6219370629615,1,0,3.0325462466767075,false
addons/designer/core/src/main/java/org/apache/falcon/designer/configuration/FlowConfig.java,35.0,0.0,14.0,8.0,0.0,13.0,18.0,shwetha.gs@inmobi.com,1,0.0,0.0,0.0,0.0,0.0,869.2363636363636,4070.6219370629615,1,0,3.0325462466767075,false
addons/designer/core/src/main/java/org/apache/falcon/designer/configuration/SerdeException.java,33.0,0.0,6.0,4.0,0.0,8.0,18.0,shwetha.gs@inmobi.com,1,0.0,0.0,0.0,0.0,0.0,869.2363636363636,4070.6219370629615,1,0,3.0325462466767075,false
addons/designer/core/src/main/java/org/apache/falcon/designer/configuration/TransformConfiguration.java,9.0,0.0,0.0,1.0,0.0,2.0,18.0,shwetha.gs@inmobi.com,1,0.0,0.0,0.0,0.0,0.0,869.2363636363636,4070.6219370629615,1,0,3.0325462466767075,false
addons/designer/core/src/main/java/org/apache/falcon/designer/primitive/Action.java,38.0,6.0,6.0,4.0,4.0,16.0,18.0,shwetha.gs@inmobi.com,1,0.0,0.0,0.0,0.0,0.0,869.2363636363636,4070.6219370629615,1,0,3.0325462466767075,false
addons/designer/core/src/main/java/org/apache/falcon/designer/primitive/Primitive.java,85.0,12.0,78.0,13.0,27.0,30.0,18.0,shwetha.gs@inmobi.com,1,0.0,0.0,0.0,0.0,0.0,869.2363636363636,4070.6219370629615,1,0,3.0325462466767075,false
addons/designer/core/src/main/java/org/apache/falcon/designer/primitive/Transform.java,41.0,5.0,3.0,6.0,1.0,13.0,18.0,shwetha.gs@inmobi.com,1,0.0,0.0,0.0,0.0,0.0,869.2363636363636,4070.6219370629615,1,0,3.0325462466767075,false
addons/designer/core/src/main/java/org/apache/falcon/designer/storage/impl/HDFSStorage.java,54.0,8.0,0.0,4.0,5.0,15.0,18.0,shwetha.gs@inmobi.com,1,0.0,0.0,0.0,0.0,0.0,869.2363636363636,4070.6219370629615,1,0,3.0325462466767075,false
addons/designer/core/src/test/java/org/apache/falcon/designer/storage/impl/HDFSStorageTest.java,41.0,9.0,0.0,2.0,14.0,6.0,18.0,shwetha.gs@inmobi.com,1,0.0,0.0,0.0,0.0,0.0,869.2363636363636,4070.6219370629615,1,0,3.0325462466767075,false
addons/designer/flows/src/main/java/org/apache/falcon/designer/primitive/Flow.java,37.0,1.0,26.0,9.0,0.0,16.0,18.0,shwetha.gs@inmobi.com,1,0.0,0.0,0.0,0.0,0.0,869.2363636363636,4070.6219370629615,1,0,3.0325462466767075,false
client/src/main/java/org/apache/falcon/LifeCycle.java,0.0,0.0,0.0,0.0,0.0,0.0,0.0,shwetha.gs@inmobi.com,0,0.0,0.0,0.0,0.0,0.0,0.0,0.0,0,0,0.0,false
client/src/main/java/org/apache/falcon/cli/FalconCLI.java,746.0,25.0,345.0,30.0,156.0,127.0,18.0,null,2,0.0032102728731942215,7.0,11.0,0.0,2.0,2928.5361038961037,54279.616980240644,2,4,0.8804577542234036,false
client/src/main/java/org/apache/falcon/client/FalconClient.java,583.0,42.0,1440.0,68.0,245.0,226.0,18.0,null,2,0.0032102728731942215,4.0,11.0,0.0,0.0,2928.5361038961037,54279.616980240644,2,6,0.8646474452842909,false
client/src/main/java/org/apache/falcon/entity/v0/AccessControlList.java,11.0,0.0,6.0,4.0,3.0,5.0,10.0,venkatesh@apache.org,1,0.0016051364365971107,0.0,100.0,0.0,0.0,2616.3542857142857,53595.00233073211,1,0,0.8634925463071842,false
client/src/main/java/org/apache/falcon/entity/v0/SchemaHelper.java,40.0,5.0,15.0,6.0,14.0,18.0,182.0,srikanth.sundarrajan@inmobi.com,0,0.0,0.0,0.0,0.0,0.0,0.0,0.0,0,2,0.0,false
client/src/main/java/org/apache/falcon/resource/EntityList.java,119.0,9.0,0.0,8.0,19.0,19.0,17.0,srikanth.sundarrajan@inmobi.com,1,0.0016051364365971107,7.0,14.0,0.0,0.0,2616.3542857142857,53595.00233073211,1,5,0.8634925463071842,false
client/src/main/java/org/apache/falcon/resource/EntitySummaryResult.java,117.0,4.0,3.0,6.0,0.0,7.0,19.0,venkatesh@apache.org,1,0.0016051364365971107,0.0,100.0,0.0,0.0,2616.3542857142857,53595.00233073211,1,0,0.8634925463071842,false
client/src/main/java/org/apache/falcon/resource/InstancesResult.java,116.0,5.0,3.0,6.0,0.0,7.0,94.0,srikanth.sundarrajan@inmobi.com,2,0.0032102728731942215,15.0,8.0,0.0,0.0,2928.5361038961037,54279.616980240644,2,5,1.7452868424378636,false
common/src/main/java/org/apache/falcon/catalog/HiveCatalogService.java,170.0,21.0,19.0,14.0,83.0,61.0,6.0,srikanth.sundarrajan@inmobi.com,1,0.0,0.0,0.0,0.0,0.0,2616.3542857142857,53595.00233073211,1,0,0.8634925463071842,false
common/src/main/java/org/apache/falcon/cleanup/AbstractCleanupHandler.java,83.0,21.0,53.0,11.0,32.0,34.0,30.0,venkatesh@apache.org,1,0.0,0.0,0.0,0.0,7.0,2616.3542857142857,53595.00233073211,1,2,0.8634925463071842,false
common/src/main/java/org/apache/falcon/cleanup/FeedCleanupHandler.java,25.0,5.0,1.0,2.0,12.0,7.0,11.0,null,1,0.0,0.0,0.0,0.0,10.0,2616.3542857142857,53595.00233073211,1,3,0.8634925463071842,false
common/src/main/java/org/apache/falcon/cleanup/ProcessCleanupHandler.java,25.0,5.0,1.0,2.0,12.0,7.0,11.0,srikanth.sundarrajan@inmobi.com,1,0.0,0.0,0.0,0.0,14.0,2616.3542857142857,53595.00233073211,1,2,0.8634925463071842,false
common/src/main/java/org/apache/falcon/entity/CatalogStorage.java,231.0,15.0,105.0,22.0,62.0,60.0,33.0,null,2,0.0016051364365971107,8.0,0.0,0.0,0.0,2928.5361038961037,54279.616980240644,2,0,1.7452868424378636,false
common/src/main/java/org/apache/falcon/entity/ClusterHelper.java,105.0,11.0,120.0,16.0,46.0,45.0,29.0,null,2,0.0032102728731942215,14.0,0.0,0.0,0.0,2928.5361038961037,54279.616980240644,2,2,1.2769393624727878,false
common/src/main/java/org/apache/falcon/entity/EntityUtil.java,587.0,34.0,1889.0,62.0,220.0,209.0,21.0,null,3,0.0032102728731942215,4.0,7.0,4.0,0.0,4151.9736280740535,60490.323920706855,3,3,1.0856094906095193,false
common/src/main/java/org/apache/falcon/entity/FeedHelper.java,184.0,19.0,210.0,21.0,64.0,74.0,19.0,null,4,0.0016051364365971107,5.0,0.0,0.0,0.0,4464.1554462558715,61174.93857021539,4,3,1.269582340937734,false
common/src/main/java/org/apache/falcon/entity/FileSystemStorage.java,170.0,22.0,73.0,19.0,61.0,54.0,19.0,null,3,0.0016051364365971107,5.0,0.0,0.0,0.0,3797.7724675324675,58350.238917303606,3,0,1.1535059389049593,false
common/src/main/java/org/apache/falcon/entity/ProcessHelper.java,76.0,12.0,15.0,6.0,24.0,26.0,11.0,venkatesh@apache.org,2,0.0,0.0,0.0,0.0,0.0,3282.73726443769,56419.70198364389,2,2,0.8438450344293675,false
common/src/main/java/org/apache/falcon/entity/Storage.java,48.0,3.0,10.0,5.0,0.0,16.0,33.0,srikanth.sundarrajan@inmobi.com,2,0.0016051364365971107,11.0,0.0,0.0,0.0,2928.5361038961037,54279.616980240644,2,0,1.7452868424378636,false
common/src/main/java/org/apache/falcon/entity/parser/ClusterEntityParser.java,185.0,27.0,35.0,14.0,80.0,54.0,34.0,null,1,0.0016051364365971107,0.0,4.0,0.0,0.0,2616.3542857142857,53595.00233073211,1,3,0.8634925463071842,true
common/src/main/java/org/apache/falcon/entity/parser/EntityParser.java,77.0,15.0,22.0,8.0,16.0,22.0,34.0,venkatesh@apache.org,1,0.0016051364365971107,0.0,9.0,0.0,0.0,2616.3542857142857,53595.00233073211,1,3,0.8634925463071842,false
common/src/main/java/org/apache/falcon/entity/parser/FeedEntityParser.java,289.0,31.0,151.0,18.0,123.0,82.0,18.0,venkatesh@apache.org,2,0.0,0.0,0.0,0.0,0.0,3485.590649350649,57665.62426779507,2,3,0.9499962781355458,false
common/src/main/java/org/apache/falcon/entity/parser/ProcessEntityParser.java,171.0,28.0,45.0,10.0,65.0,47.0,20.0,venkatesh@apache.org,1,0.0016051364365971107,0.0,7.0,0.0,0.0,2616.3542857142857,53595.00233073211,1,2,0.8634925463071842,false
common/src/main/java/org/apache/falcon/entity/store/ConfigurationStore.java,279.0,28.0,164.0,24.0,96.0,81.0,32.0,null,2,0.0,0.0,0.0,0.0,0.0,3282.73726443769,56419.70198364389,2,3,0.8438450344293675,false
common/src/main/java/org/apache/falcon/entity/v0/EntityGraph.java,157.0,15.0,34.0,9.0,39.0,32.0,0.0,srikanth.sundarrajan@inmobi.com,0,0.0,0.0,0.0,0.0,0.0,0.0,0.0,0,3,0.0,false
common/src/main/java/org/apache/falcon/expression/ExpressionHelper.java,151.0,14.0,244.0,28.0,56.0,65.0,14.0,srikanth.sundarrajan@inmobi.com,2,0.0032102728731942215,20.0,10.0,10.0,0.0,1181.418181818182,4755.236586571496,2,3,2.829813692622625,false
common/src/main/java/org/apache/falcon/hadoop/HadoopClientFactory.java,135.0,14.0,39.0,10.0,31.0,48.0,48.0,venkatesh@apache.org,1,0.0016051364365971107,14.0,0.0,0.0,0.0,2616.3542857142857,53595.00233073211,1,0,0.8634925463071842,false
common/src/main/java/org/apache/falcon/metadata/EntityRelationshipGraphBuilder.java,283.0,17.0,523.0,35.0,152.0,113.0,7.0,venkatesh@apache.org,1,0.0016051364365971107,0.0,33.0,0.0,0.0,2616.3542857142857,53595.00233073211,1,0,0.8634925463071842,false
common/src/main/java/org/apache/falcon/metadata/GraphUtils.java,37.0,9.0,21.0,7.0,15.0,14.0,0.0,shwetha.gs@inmobi.com,0,0.0,0.0,0.0,0.0,0.0,0.0,0.0,0,0,0.0,false
common/src/main/java/org/apache/falcon/metadata/InstanceRelationshipGraphBuilder.java,173.0,23.0,85.0,15.0,97.0,52.0,7.0,venkatesh@apache.org,1,0.0016051364365971107,17.0,11.0,11.0,0.0,2616.3542857142857,53595.00233073211,1,0,0.8634925463071842,false
common/src/main/java/org/apache/falcon/metadata/MetadataMappingService.java,171.0,28.0,131.0,23.0,76.0,59.0,8.0,venkatesh@apache.org,1,0.0016051364365971107,9.0,9.0,0.0,0.0,2616.3542857142857,53595.00233073211,1,0,0.8634925463071842,false
common/src/main/java/org/apache/falcon/metadata/RelationshipGraphBuilder.java,147.0,12.0,207.0,22.0,60.0,55.0,9.0,venkatesh@apache.org,1,0.0016051364365971107,0.0,22.0,0.0,0.0,2616.3542857142857,53595.00233073211,1,0,0.8634925463071842,false
common/src/main/java/org/apache/falcon/metadata/RelationshipLabel.java,0.0,0.0,0.0,0.0,0.0,0.0,8.0,venkatesh@apache.org,1,0.0016051364365971107,0.0,25.0,0.0,0.0,2616.3542857142857,53595.00233073211,1,0,0.8634925463071842,false
common/src/main/java/org/apache/falcon/metadata/RelationshipType.java,0.0,0.0,0.0,0.0,0.0,0.0,16.0,venkatesh@apache.org,1,0.0016051364365971107,0.0,67.0,0.0,0.0,2616.3542857142857,53595.00233073211,1,0,0.8634925463071842,false
common/src/main/java/org/apache/falcon/retention/EvictionHelper.java,44.0,11.0,2.0,4.0,14.0,11.0,9.0,sriksun@apache.org,1,0.0,0.0,0.0,0.0,0.0,2616.3542857142857,53595.00233073211,1,0,0.8634925463071842,false
common/src/main/java/org/apache/falcon/security/AuthenticationInitializationService.java,66.0,11.0,8.0,5.0,20.0,16.0,0.0,ajaynsit@gmail.com,0,0.0,0.0,0.0,0.0,0.0,0.0,0.0,0,0,0.0,false
common/src/main/java/org/apache/falcon/security/AuthorizationProvider.java,25.0,3.0,1.0,2.0,0.0,8.0,42.0,venkatesh@apache.org,1,0.0,0.0,0.0,0.0,0.0,2616.3542857142857,53595.00233073211,1,0,0.8634925463071842,false
common/src/main/java/org/apache/falcon/security/CurrentUser.java,68.0,11.0,22.0,8.0,21.0,29.0,46.0,venkatesh@apache.org,1,0.0,0.0,0.0,0.0,0.0,2616.3542857142857,53595.00233073211,1,2,0.8634925463071842,false
common/src/main/java/org/apache/falcon/security/DefaultAuthorizationProvider.java,204.0,17.0,69.0,15.0,65.0,64.0,25.0,venkatesh@apache.org,1,0.0016051364365971107,0.0,17.0,0.0,0.0,2616.3542857142857,53595.00233073211,1,0,0.8634925463071842,false
common/src/main/java/org/apache/falcon/security/SecurityUtil.java,58.0,7.0,13.0,6.0,13.0,18.0,42.0,suhas.v@inmobi.com,1,0.0,0.0,0.0,0.0,0.0,2616.3542857142857,53595.00233073211,1,0,0.8634925463071842,false
common/src/main/java/org/apache/falcon/service/LogCleanupService.java,43.0,15.0,4.0,4.0,7.0,10.0,11.0,srikanth.sundarrajan@inmobi.com,1,0.0,0.0,0.0,0.0,12.0,2616.3542857142857,53595.00233073211,1,3,0.8634925463071842,false
common/src/main/java/org/apache/falcon/service/ServiceInitializer.java,40.0,5.0,0.0,2.0,15.0,9.0,0.0,srikanth.sundarrajan@inmobi.com,0,0.0,0.0,0.0,0.0,0.0,0.0,0.0,0,2,0.0,false
common/src/main/java/org/apache/falcon/update/UpdateHelper.java,157.0,27.0,13.0,6.0,50.0,31.0,14.0,null,2,0.0032102728731942215,10.0,10.0,0.0,0.0,3282.73726443769,56419.70198364389,2,3,0.8438450344293675,false
common/src/main/java/org/apache/falcon/util/ApplicationProperties.java,110.0,14.0,43.0,11.0,33.0,33.0,0.0,srikanth.sundarrajan@inmobi.com,0,0.0,0.0,0.0,0.0,0.0,0.0,0.0,0,4,0.0,false
common/src/main/java/org/apache/falcon/util/DeploymentUtil.java,50.0,5.0,22.0,8.0,4.0,15.0,0.0,srikanth.sundarrajan@inmobi.com,0,0.0,0.0,0.0,0.0,0.0,0.0,0.0,0,3,0.0,false
common/src/main/java/org/apache/falcon/util/RuntimeProperties.java,60.0,5.0,3.0,3.0,4.0,9.0,0.0,srikanth.sundarrajan@inmobi.com,0,0.0,0.0,0.0,0.0,0.0,0.0,0.0,0,3,0.0,false
common/src/main/java/org/apache/falcon/workflow/WorkflowExecutionArgs.java,0.0,0.0,0.0,0.0,0.0,0.0,13.0,shwetha.gs@inmobi.com,2,0.0,0.0,0.0,0.0,33.0,3485.590649350649,57665.62426779507,2,0,0.9499962781355458,false
common/src/main/java/org/apache/falcon/workflow/WorkflowExecutionContext.java,245.0,23.0,898.0,44.0,89.0,101.0,16.0,venkatesh@apache.org,3,0.0016051364365971107,14.0,0.0,7.0,14.0,4151.9736280740535,60490.323920706855,3,0,0.6287495340221305,false
common/src/main/java/org/apache/falcon/workflow/WorkflowExecutionListener.java,7.0,1.0,1.0,2.0,0.0,4.0,7.0,venkatesh@apache.org,1,0.0,0.0,0.0,0.0,100.0,2616.3542857142857,53595.00233073211,1,0,0.8634925463071842,false
common/src/main/java/org/apache/falcon/workflow/WorkflowJobEndNotificationService.java,83.0,15.0,8.0,8.0,39.0,27.0,9.0,suhas.v@inmobi.com,2,0.0,0.0,0.0,0.0,33.0,3282.73726443769,56419.70198364389,2,0,0.733210116619194,false
common/src/main/java/org/apache/falcon/workflow/engine/AbstractWorkflowEngine.java,33.0,11.0,253.0,23.0,1.0,53.0,28.0,null,1,0.0016051364365971107,6.0,6.0,0.0,0.0,666.3829787234042,2824.699652911784,1,2,2.7140925155581725,false
common/src/test/java/org/apache/falcon/entity/AbstractTestBase.java,92.0,25.0,8.0,8.0,44.0,25.0,26.0,venkatesh@apache.org,1,0.0016051364365971107,8.0,0.0,0.0,0.0,2616.3542857142857,53595.00233073211,1,2,0.8634925463071842,false
common/src/test/java/org/apache/falcon/entity/CatalogStorageTest.java,128.0,5.0,105.0,15.0,66.0,38.0,0.0,srikanth.sundarrajan@inmobi.com,0,0.0,0.0,0.0,0.0,0.0,0.0,0.0,0,0,0.0,false
common/src/test/java/org/apache/falcon/entity/EntityUtilTest.java,137.0,15.0,21.0,18.0,102.0,38.0,9.0,suhas.v@inmobi.com,2,0.0,0.0,0.0,0.0,0.0,3282.73726443769,56419.70198364389,2,2,0.8438450344293675,false
common/src/test/java/org/apache/falcon/entity/FileSystemStorageTest.java,223.0,14.0,130.0,17.0,79.0,34.0,26.0,null,3,0.0032102728731942215,14.0,0.0,0.0,0.0,3797.7724675324675,58350.238917303606,3,0,0.977009337824104,false
common/src/test/java/org/apache/falcon/entity/parser/ClusterEntityParserTest.java,111.0,19.0,16.0,8.0,73.0,18.0,31.0,null,1,0.0016051364365971107,10.0,5.0,0.0,0.0,2616.3542857142857,53595.00233073211,1,2,0.8634925463071842,true
common/src/test/java/org/apache/falcon/entity/parser/FeedEntityParserTest.java,567.0,27.0,124.0,36.0,424.0,98.0,23.0,srikanth.sundarrajan@inmobi.com,1,0.0,0.0,0.0,0.0,0.0,2616.3542857142857,53595.00233073211,1,4,0.8634925463071842,false
common/src/test/java/org/apache/falcon/entity/parser/ProcessEntityParserTest.java,306.0,26.0,0.0,30.0,246.0,73.0,20.0,srikanth.sundarrajan@inmobi.com,2,0.0032102728731942215,7.0,21.0,0.0,0.0,3282.73726443769,56419.70198364389,2,3,0.763807394001123,false
common/src/test/java/org/apache/falcon/entity/store/ConfigurationStoreTest.java,95.0,17.0,0.0,7.0,30.0,18.0,0.0,srikanth.sundarrajan@inmobi.com,0,0.0,0.0,0.0,0.0,0.0,0.0,0.0,0,4,0.0,false
common/src/test/java/org/apache/falcon/hadoop/HadoopClientFactoryTest.java,53.0,11.0,0.0,6.0,34.0,16.0,46.0,venkatesh@apache.org,1,0.0,0.0,0.0,0.0,0.0,2616.3542857142857,53595.00233073211,1,0,0.8634925463071842,false
common/src/test/java/org/apache/falcon/metadata/MetadataMappingServiceTest.java,524.0,42.0,602.0,49.0,345.0,135.0,12.0,venkatesh@apache.org,2,0.0016051364365971107,12.0,12.0,6.0,0.0,3485.590649350649,57665.62426779507,2,0,0.7560431489915391,false
common/src/test/java/org/apache/falcon/security/CurrentUserTest.java,16.0,3.0,1.0,2.0,10.0,5.0,46.0,srikanth.sundarrajan@inmobi.com,1,0.0,0.0,0.0,0.0,0.0,2616.3542857142857,53595.00233073211,1,2,0.8634925463071842,false
common/src/test/java/org/apache/falcon/security/DefaultAuthorizationProviderTest.java,214.0,20.0,0.0,30.0,117.0,88.0,23.0,venkatesh@apache.org,1,0.0016051364365971107,0.0,17.0,0.0,0.0,2616.3542857142857,53595.00233073211,1,0,0.8634925463071842,false
common/src/test/java/org/apache/falcon/security/SecurityUtilTest.java,45.0,3.0,21.0,7.0,22.0,14.0,42.0,suhas.v@inmobi.com,1,0.0,0.0,0.0,0.0,0.0,2616.3542857142857,53595.00233073211,1,0,0.8634925463071842,false
common/src/test/java/org/apache/falcon/update/UpdateHelperTest.java,200.0,33.0,49.0,11.0,131.0,27.0,28.0,srikanth.sundarrajan@inmobi.com,2,0.0032102728731942215,19.0,12.0,0.0,0.0,3282.73726443769,56419.70198364389,2,3,0.8438450344293675,false
common/src/test/java/org/apache/falcon/workflow/WorkflowExecutionContextTest.java,146.0,5.0,0.0,39.0,97.0,79.0,16.0,suhas.v@inmobi.com,3,0.0,0.0,0.0,0.0,50.0,4151.9736280740535,60490.323920706855,3,0,0.8286851928723944,false
common/src/test/java/org/apache/falcon/workflow/WorkflowJobEndNotificationServiceTest.java,72.0,7.0,6.0,9.0,26.0,24.0,12.0,shwetha.gs@inmobi.com,2,0.0,0.0,0.0,0.0,33.0,3485.590649350649,57665.62426779507,2,0,0.9499962781355458,false
falcon-regression/merlin-core/src/main/java/org/apache/falcon/regression/Entities/ClusterMerlin.java,49.0,13.0,6.0,4.0,12.0,12.0,104.0,samarth.gupta@inmobi.com,2,0.0032102728731942215,0.0,22.0,11.0,0.0,2641.8885750962772,70682.98335124705,2,0,1.282121023720541,false
falcon-regression/merlin-core/src/main/java/org/apache/falcon/regression/Entities/FeedMerlin.java,117.0,27.0,55.0,11.0,48.0,25.0,104.0,rostafiychuk@apache.org,2,0.0032102728731942215,0.0,17.0,8.0,0.0,2641.8885750962772,70682.98335124705,2,0,1.282121023720541,false
falcon-regression/merlin-core/src/main/java/org/apache/falcon/regression/Entities/ProcessMerlin.java,176.0,27.0,55.0,11.0,72.0,33.0,85.0,rostafiychuk@apache.org,3,0.004815409309791332,0.0,25.0,8.0,0.0,2913.2731904808925,71608.04888879134,3,0,0.9810492842983103,false
falcon-regression/merlin-core/src/main/java/org/apache/falcon/regression/Entities/TestEntityUtil.java,12.0,4.0,0.0,1.0,3.0,4.0,72.0,raghav@apache.org,1,0.0,0.0,0.0,0.0,0.0,2065.0105263157893,63490.16346985778,1,0,1.853891250335061,false
falcon-regression/merlin-core/src/main/java/org/apache/falcon/regression/core/bundle/Bundle.java,743.0,44.0,2937.0,86.0,450.0,176.0,56.0,rostafiychuk@apache.org,3,0.004815409309791332,5.0,21.0,11.0,5.0,2913.2731904808925,71608.04888879134,3,0,1.0440281968308185,false
falcon-regression/merlin-core/src/main/java/org/apache/falcon/regression/core/enumsAndConstants/FeedType.java,0.0,0.0,0.0,0.0,0.0,0.0,292.0,raghav@apache.org,1,0.0016051364365971107,0.0,50.0,0.0,0.0,2065.0105263157893,63490.16346985778,1,0,1.853891250335061,false
falcon-regression/merlin-core/src/main/java/org/apache/falcon/regression/core/enumsAndConstants/MerlinConstants.java,35.0,6.0,1.0,2.0,3.0,3.0,76.0,rostafiychuk@apache.org,3,0.004815409309791332,7.0,13.0,0.0,7.0,2913.2731904808925,71608.04888879134,3,0,0.9659531531051715,false
falcon-regression/merlin-core/src/main/java/org/apache/falcon/regression/core/enumsAndConstants/RetentionUnit.java,0.0,0.0,0.0,0.0,0.0,0.0,164.0,samarth.gupta@inmobi.com,1,0.0016051364365971107,0.0,50.0,50.0,0.0,2065.0105263157893,63490.16346985778,1,0,1.853891250335061,false
falcon-regression/merlin-core/src/main/java/org/apache/falcon/regression/core/helpers/ClusterEntityHelperImpl.java,57.0,8.0,0.0,17.0,1.0,33.0,98.0,samarth.gupta@inmobi.com,3,0.0032102728731942215,0.0,33.0,17.0,17.0,2913.2731904808925,71608.04888879134,3,0,0.910956195990748,false
falcon-regression/merlin-core/src/main/java/org/apache/falcon/regression/core/helpers/ColoHelper.java,27.0,3.0,2.0,5.0,1.0,9.0,164.0,samarth.gupta@inmobi.com,1,0.0016051364365971107,0.0,33.0,33.0,0.0,2065.0105263157893,63490.16346985778,1,0,1.853891250335061,false
falcon-regression/merlin-core/src/main/java/org/apache/falcon/regression/core/helpers/DataEntityHelperImpl.java,14.0,2.0,3.0,3.0,1.0,5.0,112.0,raghav@apache.org,2,0.0032102728731942215,0.0,50.0,25.0,0.0,2336.3951417004046,64415.229007402064,2,0,1.3590048133620036,false
falcon-regression/merlin-core/src/main/java/org/apache/falcon/regression/core/helpers/LineageHelper.java,249.0,24.0,119.0,31.0,84.0,80.0,292.0,raghav@apache.org,1,0.0016051364365971107,0.0,20.0,0.0,0.0,2065.0105263157893,63490.16346985778,1,0,1.853891250335061,false
falcon-regression/merlin-core/src/main/java/org/apache/falcon/regression/core/helpers/ProcessEntityHelperImpl.java,14.0,2.0,3.0,3.0,1.0,5.0,164.0,samarth.gupta@inmobi.com,1,0.0016051364365971107,0.0,33.0,33.0,0.0,2065.0105263157893,63490.16346985778,1,0,1.853891250335061,false
falcon-regression/merlin-core/src/main/java/org/apache/falcon/regression/core/interfaces/EntityHelperFactory.java,19.0,4.0,1.0,2.0,0.0,4.0,164.0,samarth.gupta@inmobi.com,1,0.0016051364365971107,0.0,33.0,33.0,0.0,2065.0105263157893,63490.16346985778,1,0,1.853891250335061,false
falcon-regression/merlin-core/src/main/java/org/apache/falcon/regression/core/interfaces/IEntityManagerHelper.java,296.0,25.0,1589.0,67.0,132.0,176.0,69.0,rostafiychuk@apache.org,3,0.004815409309791332,6.0,19.0,12.0,6.0,2913.2731904808925,71608.04888879134,3,0,0.8944306872971637,false
falcon-regression/merlin-core/src/main/java/org/apache/falcon/regression/core/response/APIResult.java,80.0,7.0,23.0,14.0,4.0,20.0,117.0,samarth.gupta@inmobi.com,1,0.0016051364365971107,0.0,33.0,33.0,0.0,2065.0105263157893,63490.16346985778,1,0,1.853891250335061,false
falcon-regression/merlin-core/src/main/java/org/apache/falcon/regression/core/response/EntitiesResult.java,12.0,6.0,0.0,2.0,1.0,5.0,164.0,samarth.gupta@inmobi.com,1,0.0016051364365971107,0.0,33.0,33.0,0.0,2065.0105263157893,63490.16346985778,1,0,1.853891250335061,false
falcon-regression/merlin-core/src/main/java/org/apache/falcon/regression/core/response/EntityResult.java,16.0,4.0,0.0,3.0,1.0,7.0,164.0,samarth.gupta@inmobi.com,1,0.0016051364365971107,0.0,25.0,25.0,0.0,2065.0105263157893,63490.16346985778,1,0,1.853891250335061,false
falcon-regression/merlin-core/src/main/java/org/apache/falcon/regression/core/response/InstancesResult.java,110.0,5.0,3.0,6.0,0.0,7.0,94.0,samarth.gupta@inmobi.com,1,0.0016051364365971107,0.0,33.0,33.0,0.0,2065.0105263157893,63490.16346985778,1,0,1.853891250335061,false
falcon-regression/merlin-core/src/main/java/org/apache/falcon/regression/core/response/InstancesSummaryResult.java,47.0,4.0,3.0,6.0,0.0,7.0,158.0,samarth.gupta@inmobi.com,1,0.0016051364365971107,0.0,50.0,0.0,0.0,2065.0105263157893,63490.16346985778,1,0,1.853891250335061,false
falcon-regression/merlin-core/src/main/java/org/apache/falcon/regression/core/response/ResponseKeys.java,10.0,0.0,0.0,1.0,0.0,2.0,164.0,samarth.gupta@inmobi.com,1,0.0016051364365971107,0.0,33.0,33.0,0.0,2065.0105263157893,63490.16346985778,1,0,1.853891250335061,false
falcon-regression/merlin-core/src/main/java/org/apache/falcon/regression/core/response/ServiceResponse.java,45.0,6.0,8.0,9.0,9.0,14.0,112.0,samarth.gupta@inmobi.com,2,0.0032102728731942215,0.0,40.0,20.0,0.0,2336.3951417004046,64415.229007402064,2,0,1.3590048133620036,false
falcon-regression/merlin-core/src/main/java/org/apache/falcon/regression/core/response/lineage/Direction.java,0.0,0.0,0.0,0.0,0.0,0.0,164.0,samarth.gupta@inmobi.com,1,0.0016051364365971107,0.0,50.0,50.0,0.0,2065.0105263157893,63490.16346985778,1,0,1.853891250335061,false
falcon-regression/merlin-core/src/main/java/org/apache/falcon/regression/core/response/lineage/Edge.java,30.0,1.0,2.0,5.0,0.0,10.0,164.0,samarth.gupta@inmobi.com,1,0.0016051364365971107,0.0,17.0,17.0,0.0,2065.0105263157893,63490.16346985778,1,0,1.853891250335061,false
falcon-regression/merlin-core/src/main/java/org/apache/falcon/regression/core/response/lineage/EdgeResult.java,12.0,0.0,0.0,2.0,0.0,4.0,164.0,samarth.gupta@inmobi.com,1,0.0016051364365971107,0.0,50.0,50.0,0.0,2065.0105263157893,63490.16346985778,1,0,1.853891250335061,false
falcon-regression/merlin-core/src/main/java/org/apache/falcon/regression/core/response/lineage/EdgesResult.java,24.0,2.0,0.0,4.0,4.0,11.0,164.0,samarth.gupta@inmobi.com,1,0.0016051364365971107,0.0,20.0,20.0,0.0,2065.0105263157893,63490.16346985778,1,0,1.853891250335061,false
falcon-regression/merlin-core/src/main/java/org/apache/falcon/regression/core/response/lineage/GraphEntity.java,9.0,0.0,0.0,1.0,0.0,2.0,164.0,samarth.gupta@inmobi.com,1,0.0016051364365971107,0.0,33.0,33.0,0.0,2065.0105263157893,63490.16346985778,1,0,1.853891250335061,false
falcon-regression/merlin-core/src/main/java/org/apache/falcon/regression/core/response/lineage/GraphResult.java,10.0,1.0,1.0,2.0,0.0,3.0,164.0,samarth.gupta@inmobi.com,1,0.0016051364365971107,0.0,33.0,33.0,0.0,2065.0105263157893,63490.16346985778,1,0,1.853891250335061,false
falcon-regression/merlin-core/src/main/java/org/apache/falcon/regression/core/response/lineage/NODE_TYPE.java,0.0,0.0,0.0,0.0,0.0,0.0,164.0,samarth.gupta@inmobi.com,1,0.0016051364365971107,0.0,50.0,50.0,0.0,2065.0105263157893,63490.16346985778,1,0,1.853891250335061,false
falcon-regression/merlin-core/src/main/java/org/apache/falcon/regression/core/response/lineage/Vertex.java,84.0,1.0,3.0,10.0,3.0,20.0,164.0,samarth.gupta@inmobi.com,1,0.0016051364365971107,0.0,20.0,20.0,0.0,2065.0105263157893,63490.16346985778,1,0,1.853891250335061,false
falcon-regression/merlin-core/src/main/java/org/apache/falcon/regression/core/response/lineage/VertexIdsResult.java,12.0,1.0,0.0,2.0,1.0,5.0,164.0,samarth.gupta@inmobi.com,1,0.0016051364365971107,0.0,50.0,50.0,0.0,2065.0105263157893,63490.16346985778,1,0,1.853891250335061,false
falcon-regression/merlin-core/src/main/java/org/apache/falcon/regression/core/response/lineage/VertexResult.java,9.0,0.0,0.0,1.0,0.0,2.0,164.0,samarth.gupta@inmobi.com,1,0.0016051364365971107,0.0,50.0,50.0,0.0,2065.0105263157893,63490.16346985778,1,0,1.853891250335061,false
falcon-regression/merlin-core/src/main/java/org/apache/falcon/regression/core/response/lineage/VerticesResult.java,36.0,2.0,3.0,6.0,8.0,17.0,164.0,samarth.gupta@inmobi.com,1,0.0016051364365971107,0.0,33.0,33.0,0.0,2065.0105263157893,63490.16346985778,1,0,1.853891250335061,false
falcon-regression/merlin-core/src/main/java/org/apache/falcon/regression/core/supportClasses/Brother.java,81.0,8.0,0.0,3.0,22.0,10.0,128.0,samarth.gupta@inmobi.com,2,0.0016051364365971107,0.0,25.0,25.0,25.0,2641.8885750962772,70682.98335124705,2,0,1.2047969727126326,false
falcon-regression/merlin-core/src/main/java/org/apache/falcon/regression/core/supportClasses/HadoopFileEditor.java,64.0,13.0,0.0,3.0,19.0,10.0,164.0,raghav@apache.org,1,0.0016051364365971107,0.0,25.0,25.0,0.0,2065.0105263157893,63490.16346985778,1,0,1.853891250335061,false
falcon-regression/merlin-core/src/main/java/org/apache/falcon/regression/core/supportClasses/JmsMessageConsumer.java,52.0,11.0,0.0,3.0,12.0,8.0,110.0,raghav@apache.org,2,0.0016051364365971107,0.0,20.0,20.0,0.0,2336.3951417004046,64415.229007402064,2,0,1.3590048133620036,false
falcon-regression/merlin-core/src/main/java/org/apache/falcon/regression/core/util/AssertUtil.java,242.0,17.0,141.0,18.0,72.0,52.0,87.0,raghav@apache.org,3,0.004815409309791332,0.0,33.0,11.0,0.0,2913.2731904808925,71608.04888879134,3,0,0.910956195990748,false
falcon-regression/merlin-core/src/main/java/org/apache/falcon/regression/core/util/BundleUtil.java,74.0,15.0,55.0,11.0,31.0,36.0,40.0,rostafiychuk@apache.org,3,0.0016051364365971107,0.0,9.0,0.0,5.0,2913.2731904808925,71608.04888879134,3,0,1.0870129515916809,false
falcon-regression/merlin-core/src/main/java/org/apache/falcon/regression/core/util/CleanupUtil.java,93.0,16.0,43.0,11.0,36.0,30.0,122.0,rostafiychuk@apache.org,2,0.0032102728731942215,0.0,18.0,0.0,9.0,2641.8885750962772,70682.98335124705,2,0,1.192216863385017,false
falcon-regression/merlin-core/src/main/java/org/apache/falcon/regression/core/util/Config.java,27.0,4.0,0.0,4.0,6.0,8.0,84.0,raghav@apache.org,2,0.0016051364365971107,0.0,20.0,20.0,0.0,2336.3951417004046,64415.229007402064,2,0,1.373185666757749,false
falcon-regression/merlin-core/src/main/java/org/apache/falcon/regression/core/util/ExecUtil.java,158.0,16.0,8.0,5.0,47.0,19.0,292.0,raghav@apache.org,1,0.0016051364365971107,0.0,33.0,0.0,0.0,2065.0105263157893,63490.16346985778,1,0,1.853891250335061,false
falcon-regression/merlin-core/src/main/java/org/apache/falcon/regression/core/util/Generator.java,25.0,0.0,0.0,4.0,1.0,9.0,164.0,samarth.gupta@inmobi.com,1,0.0016051364365971107,0.0,50.0,50.0,0.0,2065.0105263157893,63490.16346985778,1,0,1.853891250335061,false
falcon-regression/merlin-core/src/main/java/org/apache/falcon/regression/core/util/GraphAssert.java,117.0,9.0,34.0,9.0,48.0,25.0,292.0,raghav@apache.org,1,0.0016051364365971107,0.0,25.0,0.0,0.0,2065.0105263157893,63490.16346985778,1,0,1.853891250335061,false
falcon-regression/merlin-core/src/main/java/org/apache/falcon/regression/core/util/HCatUtil.java,24.0,6.0,3.0,3.0,6.0,8.0,292.0,samarth.gupta@inmobi.com,1,0.0016051364365971107,0.0,33.0,0.0,0.0,2065.0105263157893,63490.16346985778,1,0,1.853891250335061,false
falcon-regression/merlin-core/src/main/java/org/apache/falcon/regression/core/util/HadoopUtil.java,202.0,13.0,141.0,22.0,95.0,79.0,55.0,samarth.gupta@inmobi.com,3,0.0032102728731942215,8.0,8.0,0.0,17.0,2441.506252811516,64763.983745450045,3,0,1.3691089169980761,false
falcon-regression/merlin-core/src/main/java/org/apache/falcon/regression/core/util/InstanceUtil.java,936.0,54.0,1560.0,60.0,353.0,227.0,61.0,rostafiychuk@apache.org,2,0.0016051364365971107,0.0,5.0,9.0,0.0,2641.8885750962772,70682.98335124705,2,0,1.1418739057836924,true
falcon-regression/merlin-core/src/main/java/org/apache/falcon/regression/core/util/KerberosHelper.java,22.0,3.0,1.0,2.0,5.0,6.0,147.0,raghav@apache.org,2,0.0032102728731942215,20.0,20.0,0.0,0.0,2336.3951417004046,64415.229007402064,2,0,1.373185666757749,false
falcon-regression/merlin-core/src/main/java/org/apache/falcon/regression/core/util/MathUtil.java,35.0,0.0,1.0,2.0,2.0,6.0,12.0,arpit@apache.org,2,0.0016051364365971107,0.0,25.0,0.0,25.0,681.9891598915989,7541.574619437253,2,0,2.077774994234488,false
falcon-regression/merlin-core/src/main/java/org/apache/falcon/regression/core/util/OSUtil.java,19.0,1.0,1.0,2.0,1.0,4.0,292.0,rostafiychuk@apache.org,1,0.0016051364365971107,0.0,20.0,0.0,0.0,2065.0105263157893,63490.16346985778,1,0,1.853891250335061,false
falcon-regression/merlin-core/src/main/java/org/apache/falcon/regression/core/util/OozieUtil.java,286.0,25.0,386.0,32.0,189.0,117.0,79.0,rostafiychuk@apache.org,2,0.0032102728731942215,15.0,15.0,15.0,0.0,2641.8885750962772,70682.98335124705,2,0,1.282121023720541,false
falcon-regression/merlin-core/src/main/java/org/apache/falcon/regression/core/util/TimeUtil.java,212.0,11.0,133.0,18.0,68.0,54.0,153.0,raghav@apache.org,2,0.0032102728731942215,25.0,25.0,0.0,25.0,2170.1216374269006,63838.91820790576,2,0,2.096645158225911,false
falcon-regression/merlin-core/src/main/java/org/apache/falcon/regression/core/util/Util.java,426.0,56.0,697.0,39.0,164.0,133.0,74.0,rostafiychuk@apache.org,3,0.0032102728731942215,0.0,10.0,0.0,10.0,2913.2731904808925,71608.04888879134,3,0,0.8944306872971637,false
falcon-regression/merlin-core/src/main/java/org/apache/falcon/regression/core/util/XmlUtil.java,35.0,9.0,8.0,5.0,16.0,12.0,154.0,raghav@apache.org,2,0.0016051364365971107,0.0,33.0,33.0,0.0,2641.8885750962772,70682.98335124705,2,0,1.1418739057836924,false
falcon-regression/merlin-core/src/main/java/org/apache/falcon/request/BaseRequest.java,92.0,25.0,0.0,5.0,31.0,17.0,164.0,rostafiychuk@apache.org,1,0.0016051364365971107,0.0,12.0,12.0,0.0,2065.0105263157893,63490.16346985778,1,0,1.853891250335061,false
falcon-regression/merlin-core/src/main/java/org/apache/falcon/request/RequestKeys.java,16.0,0.0,0.0,1.0,0.0,2.0,164.0,samarth.gupta@inmobi.com,1,0.0016051364365971107,0.0,33.0,33.0,0.0,2065.0105263157893,63490.16346985778,1,0,1.853891250335061,false
falcon-regression/merlin-core/src/main/java/org/apache/falcon/security/FalconAuthorizationToken.java,34.0,8.0,8.0,5.0,12.0,14.0,164.0,raghav@apache.org,1,0.0016051364365971107,0.0,17.0,17.0,0.0,2065.0105263157893,63490.16346985778,1,0,1.853891250335061,false
falcon-regression/merlin/src/main/java/org/apache/falcon/regression/testHelper/BaseTestClass.java,77.0,12.0,1.0,6.0,16.0,18.0,82.0,rostafiychuk@apache.org,2,0.0016051364365971107,0.0,10.0,0.0,20.0,2641.8885750962772,70682.98335124705,2,0,1.1657834521326658,false
falcon-regression/merlin/src/main/java/org/apache/falcon/regression/testHelper/BaseUITestClass.java,19.0,3.0,0.0,3.0,6.0,5.0,292.0,raghav@apache.org,1,0.0016051364365971107,0.0,33.0,0.0,0.0,2065.0105263157893,63490.16346985778,1,0,1.853891250335061,false
falcon-regression/merlin/src/main/java/org/apache/falcon/regression/ui/pages/EntitiesPage.java,79.0,11.0,7.0,6.0,26.0,18.0,292.0,raghav@apache.org,1,0.0016051364365971107,0.0,25.0,0.0,0.0,2065.0105263157893,63490.16346985778,1,0,1.853891250335061,false
falcon-regression/merlin/src/main/java/org/apache/falcon/regression/ui/pages/EntityPage.java,37.0,10.0,4.0,4.0,9.0,9.0,292.0,samarth.gupta@inmobi.com,1,0.0016051364365971107,0.0,33.0,0.0,0.0,2065.0105263157893,63490.16346985778,1,0,1.853891250335061,false
falcon-regression/merlin/src/main/java/org/apache/falcon/regression/ui/pages/Page.java,98.0,10.0,8.0,8.0,18.0,19.0,292.0,raghav@apache.org,1,0.0016051364365971107,0.0,25.0,0.0,0.0,2065.0105263157893,63490.16346985778,1,0,1.853891250335061,false
falcon-regression/merlin/src/main/java/org/apache/falcon/regression/ui/pages/ProcessPage.java,263.0,13.0,0.0,18.0,106.0,61.0,292.0,samarth.gupta@inmobi.com,1,0.0016051364365971107,0.0,33.0,0.0,0.0,2065.0105263157893,63490.16346985778,1,0,1.853891250335061,false
falcon-regression/merlin/src/test/java/org/apache/falcon/regression/AuthorizationTest.java,321.0,38.0,70.0,25.0,277.0,63.0,64.0,rostafiychuk@apache.org,3,0.0016051364365971107,6.0,12.0,6.0,25.0,2913.2731904808925,71608.04888879134,3,0,0.9373230566559381,false
falcon-regression/merlin/src/test/java/org/apache/falcon/regression/ELExp_FutureAndLatestTest.java,55.0,22.0,11.0,6.0,31.0,13.0,78.0,samarth.gupta@inmobi.com,3,0.0016051364365971107,0.0,17.0,0.0,33.0,2746.9996862073885,71031.73808929503,3,0,1.1582353865360968,false
falcon-regression/merlin/src/test/java/org/apache/falcon/regression/ELValidationsTest.java,167.0,31.0,67.0,14.0,77.0,44.0,177.0,rostafiychuk@apache.org,2,0.0016051364365971107,0.0,11.0,0.0,11.0,2641.8885750962772,70682.98335124705,2,0,1.1418739057836924,false
falcon-regression/merlin/src/test/java/org/apache/falcon/regression/EmbeddedPigScriptTest.java,98.0,34.0,2.0,9.0,69.0,19.0,67.0,rostafiychuk@apache.org,3,0.004815409309791332,14.0,7.0,7.0,36.0,2746.9996862073885,71031.73808929503,3,0,1.1440257685039843,false
falcon-regression/merlin/src/test/java/org/apache/falcon/regression/FeedClusterUpdateTest.java,278.0,25.0,0.0,11.0,156.0,23.0,107.0,rostafiychuk@apache.org,2,0.0016051364365971107,0.0,10.0,10.0,20.0,2641.8885750962772,70682.98335124705,2,0,1.2632508597291174,false
falcon-regression/merlin/src/test/java/org/apache/falcon/regression/FeedInstanceStatusTest.java,91.0,24.0,6.0,5.0,39.0,14.0,68.0,rostafiychuk@apache.org,2,0.0032102728731942215,8.0,8.0,17.0,33.0,2641.8885750962772,70682.98335124705,2,0,1.228664284619199,false
falcon-regression/merlin/src/test/java/org/apache/falcon/regression/FeedReplicationTest.java,150.0,37.0,3.0,6.0,90.0,18.0,78.0,rostafiychuk@apache.org,2,0.0016051364365971107,0.0,10.0,5.0,14.0,2641.8885750962772,70682.98335124705,2,0,1.1494172439301054,false
falcon-regression/merlin/src/test/java/org/apache/falcon/regression/FeedResumeTest.java,67.0,19.0,1.0,7.0,34.0,15.0,86.0,rostafiychuk@apache.org,3,0.0032102728731942215,12.0,12.0,0.0,38.0,2746.9996862073885,71031.73808929503,3,0,1.2553369496924365,false
falcon-regression/merlin/src/test/java/org/apache/falcon/regression/FeedScheduleTest.java,76.0,17.0,0.0,8.0,34.0,16.0,104.0,rostafiychuk@apache.org,2,0.0016051364365971107,0.0,17.0,0.0,33.0,2641.8885750962772,70682.98335124705,2,0,1.2632508597291174,false
falcon-regression/merlin/src/test/java/org/apache/falcon/regression/FeedStatusTest.java,89.0,19.0,0.0,8.0,60.0,16.0,104.0,rostafiychuk@apache.org,2,0.0016051364365971107,0.0,17.0,0.0,33.0,2641.8885750962772,70682.98335124705,2,0,1.2632508597291174,false
falcon-regression/merlin/src/test/java/org/apache/falcon/regression/FeedSubmitAndScheduleTest.java,84.0,24.0,6.0,9.0,48.0,19.0,84.0,rostafiychuk@apache.org,2,0.0016051364365971107,0.0,9.0,0.0,27.0,2641.8885750962772,70682.98335124705,2,0,1.3232965644105958,false
falcon-regression/merlin/src/test/java/org/apache/falcon/regression/FeedSubmitTest.java,65.0,14.0,1.0,7.0,26.0,14.0,104.0,rostafiychuk@apache.org,2,0.0016051364365971107,0.0,14.0,0.0,29.0,2641.8885750962772,70682.98335124705,2,0,1.2632508597291174,false
falcon-regression/merlin/src/test/java/org/apache/falcon/regression/FeedSuspendTest.java,79.0,17.0,0.0,8.0,36.0,16.0,104.0,rostafiychuk@apache.org,2,0.0016051364365971107,0.0,17.0,0.0,33.0,2641.8885750962772,70682.98335124705,2,0,1.2632508597291174,false
falcon-regression/merlin/src/test/java/org/apache/falcon/regression/InstanceParamTest.java,87.0,28.0,0.0,7.0,51.0,18.0,99.0,rostafiychuk@apache.org,2,0.0016051364365971107,0.0,9.0,0.0,27.0,2641.8885750962772,70682.98335124705,2,0,1.2632508597291174,false
falcon-regression/merlin/src/test/java/org/apache/falcon/regression/InstanceSummaryTest.java,98.0,30.0,0.0,7.0,48.0,16.0,67.0,rostafiychuk@apache.org,2,0.0016051364365971107,7.0,7.0,13.0,33.0,2641.8885750962772,70682.98335124705,2,0,1.228664284619199,false
falcon-regression/merlin/src/test/java/org/apache/falcon/regression/NewRetryTest.java,679.0,44.0,54.0,29.0,551.0,136.0,65.0,rostafiychuk@apache.org,3,0.0016051364365971107,0.0,6.0,0.0,25.0,2746.9996862073885,71031.73808929503,3,0,1.1008746619885632,false
falcon-regression/merlin/src/test/java/org/apache/falcon/regression/NoOutputProcessTest.java,68.0,26.0,3.0,6.0,46.0,15.0,66.0,rostafiychuk@apache.org,3,0.0032102728731942215,0.0,20.0,10.0,20.0,2913.2731904808925,71608.04888879134,3,0,1.0319816688592462,false
falcon-regression/merlin/src/test/java/org/apache/falcon/regression/ProcessInstanceColoMixedTest.java,106.0,29.0,0.0,5.0,54.0,12.0,92.0,rostafiychuk@apache.org,2,0.0016051364365971107,0.0,9.0,9.0,27.0,2641.8885750962772,70682.98335124705,2,0,1.3232965644105958,false
falcon-regression/merlin/src/test/java/org/apache/falcon/regression/ProcessInstanceKillsTest.java,174.0,25.0,0.0,13.0,103.0,35.0,53.0,rostafiychuk@apache.org,3,0.0032102728731942215,5.0,10.0,0.0,20.0,2746.9996862073885,71031.73808929503,3,0,1.094681605586987,false
falcon-regression/merlin/src/test/java/org/apache/falcon/regression/ProcessInstanceRerunTest.java,178.0,26.0,0.0,12.0,117.0,27.0,60.0,rostafiychuk@apache.org,3,0.0032102728731942215,7.0,13.0,0.0,27.0,2746.9996862073885,71031.73808929503,3,0,1.1008746619885632,false
falcon-regression/merlin/src/test/java/org/apache/falcon/regression/ProcessInstanceResumeTest.java,185.0,24.0,0.0,14.0,89.0,32.0,53.0,rostafiychuk@apache.org,3,0.0032102728731942215,6.0,19.0,12.0,25.0,2746.9996862073885,71031.73808929503,3,0,1.104014113572418,false
falcon-regression/merlin/src/test/java/org/apache/falcon/regression/ProcessInstanceRunningTest.java,110.0,27.0,11.0,10.0,61.0,21.0,67.0,rostafiychuk@apache.org,3,0.0032102728731942215,8.0,15.0,0.0,31.0,2746.9996862073885,71031.73808929503,3,0,1.1440257685039843,false
falcon-regression/merlin/src/test/java/org/apache/falcon/regression/ProcessInstanceStatusTest.java,246.0,33.0,0.0,20.0,143.0,53.0,53.0,rostafiychuk@apache.org,4,0.0032102728731942215,5.0,9.0,9.0,18.0,3018.384301592004,71956.80362683932,4,0,0.9390519679147324,false
falcon-regression/merlin/src/test/java/org/apache/falcon/regression/ProcessInstanceSuspendTest.java,160.0,30.0,0.0,12.0,96.0,30.0,48.0,rostafiychuk@apache.org,3,0.0032102728731942215,5.0,11.0,5.0,21.0,2746.9996862073885,71031.73808929503,3,0,1.21283468589389,false
falcon-regression/merlin/src/test/java/org/apache/falcon/regression/ProcessLibPathTest.java,78.0,23.0,3.0,6.0,44.0,15.0,67.0,samarth.gupta@inmobi.com,2,0.0016051364365971107,8.0,8.0,8.0,25.0,2641.8885750962772,70682.98335124705,2,0,1.2047969727126326,false
falcon-regression/merlin/src/test/java/org/apache/falcon/regression/TestngListener.java,44.0,14.0,24.0,9.0,35.0,14.0,99.0,rostafiychuk@apache.org,3,0.0016051364365971107,0.0,12.0,0.0,0.0,2441.506252811516,64763.983745450045,3,0,1.520840751955904,false
falcon-regression/merlin/src/test/java/org/apache/falcon/regression/hcat/HCatFeedOperationsTest.java,133.0,35.0,4.0,12.0,82.0,27.0,28.0,rostafiychuk@apache.org,3,0.0016051364365971107,0.0,7.0,7.0,14.0,2913.2731904808925,71608.04888879134,3,0,0.9659531531051715,false
falcon-regression/merlin/src/test/java/org/apache/falcon/regression/hcat/HCatProcessTest.java,332.0,42.0,6.0,12.0,241.0,33.0,93.0,rostafiychuk@apache.org,2,0.0016051364365971107,0.0,9.0,0.0,9.0,2641.8885750962772,70682.98335124705,2,0,1.282121023720541,false
falcon-regression/merlin/src/test/java/org/apache/falcon/regression/hcat/HCatReplicationTest.java,161.0,41.0,14.0,9.0,90.0,27.0,66.0,rostafiychuk@apache.org,3,0.0032102728731942215,8.0,8.0,8.0,23.0,2746.9996862073885,71031.73808929503,3,0,1.1008746619885632,false
falcon-regression/merlin/src/test/java/org/apache/falcon/regression/hcat/HCatRetentionTest.java,147.0,41.0,20.0,9.0,81.0,33.0,72.0,rostafiychuk@apache.org,3,0.0016051364365971107,0.0,8.0,0.0,25.0,2746.9996862073885,71031.73808929503,3,0,1.141873905783692,false
falcon-regression/merlin/src/test/java/org/apache/falcon/regression/lineage/LineageApiProcessInstanceTest.java,114.0,30.0,5.0,6.0,64.0,15.0,130.0,rostafiychuk@apache.org,2,0.0016051364365971107,0.0,9.0,0.0,18.0,2641.8885750962772,70682.98335124705,2,0,1.192216863385017,false
falcon-regression/merlin/src/test/java/org/apache/falcon/regression/lineage/LineageApiTest.java,389.0,35.0,0.0,30.0,239.0,79.0,111.0,rostafiychuk@apache.org,2,0.0016051364365971107,0.0,10.0,0.0,30.0,2641.8885750962772,70682.98335124705,2,0,1.2632508597291174,false
falcon-regression/merlin/src/test/java/org/apache/falcon/regression/prism/EntityDryRunTest.java,79.0,23.0,20.0,9.0,53.0,19.0,28.0,rostafiychuk@apache.org,2,0.0032102728731942215,7.0,7.0,14.0,29.0,2641.8885750962772,70682.98335124705,2,0,1.3718797681497172,false
falcon-regression/merlin/src/test/java/org/apache/falcon/regression/prism/FeedDelayParallelTimeoutTest.java,38.0,19.0,6.0,5.0,20.0,11.0,92.0,rostafiychuk@apache.org,2,0.0016051364365971107,0.0,8.0,8.0,25.0,2641.8885750962772,70682.98335124705,2,0,1.3232965644105958,false
falcon-regression/merlin/src/test/java/org/apache/falcon/regression/prism/NewPrismProcessUpdateTest.java,790.0,47.0,268.0,41.0,796.0,142.0,90.0,rostafiychuk@apache.org,2,0.0016051364365971107,8.0,8.0,8.0,23.0,2641.8885750962772,70682.98335124705,2,0,1.1582353865360964,false
falcon-regression/merlin/src/test/java/org/apache/falcon/regression/prism/OptionalInputTest.java,179.0,23.0,0.0,11.0,130.0,41.0,72.0,rostafiychuk@apache.org,3,0.0032102728731942215,9.0,9.0,9.0,18.0,2913.2731904808925,71608.04888879134,3,0,0.9538282287418847,false
falcon-regression/merlin/src/test/java/org/apache/falcon/regression/prism/PrismClusterDeleteTest.java,202.0,18.0,8.0,12.0,87.0,25.0,137.0,rostafiychuk@apache.org,2,0.0016051364365971107,0.0,17.0,0.0,33.0,2641.8885750962772,70682.98335124705,2,0,1.192216863385017,false
falcon-regression/merlin/src/test/java/org/apache/falcon/regression/prism/PrismConcurrentRequestTest.java,182.0,21.0,0.0,11.0,96.0,30.0,106.0,rostafiychuk@apache.org,3,0.0032102728731942215,14.0,14.0,0.0,43.0,2746.9996862073885,71031.73808929503,3,0,1.2632508597291177,false
falcon-regression/merlin/src/test/java/org/apache/falcon/regression/prism/PrismFeedDeleteTest.java,547.0,29.0,0.0,22.0,255.0,50.0,92.0,rostafiychuk@apache.org,2,0.0016051364365971107,0.0,9.0,9.0,27.0,2641.8885750962772,70682.98335124705,2,0,1.3232965644105958,false
falcon-regression/merlin/src/test/java/org/apache/falcon/regression/prism/PrismFeedLateReplicationTest.java,250.0,26.0,6.0,8.0,140.0,35.0,92.0,rostafiychuk@apache.org,2,0.0016051364365971107,0.0,11.0,11.0,33.0,2641.8885750962772,70682.98335124705,2,0,1.3232965644105958,false
falcon-regression/merlin/src/test/java/org/apache/falcon/regression/prism/PrismFeedReplicationPartitionExpTest.java,335.0,31.0,0.0,15.0,184.0,37.0,79.0,rostafiychuk@apache.org,2,0.0016051364365971107,0.0,14.0,7.0,21.0,2641.8885750962772,70682.98335124705,2,0,1.192216863385017,false
falcon-regression/merlin/src/test/java/org/apache/falcon/regression/prism/PrismFeedReplicationUpdateTest.java,117.0,26.0,7.0,6.0,64.0,15.0,92.0,rostafiychuk@apache.org,2,0.0016051364365971107,0.0,8.0,8.0,23.0,2641.8885750962772,70682.98335124705,2,0,1.3232965644105958,false
falcon-regression/merlin/src/test/java/org/apache/falcon/regression/prism/PrismFeedResumeTest.java,172.0,19.0,0.0,14.0,94.0,32.0,137.0,rostafiychuk@apache.org,2,0.0016051364365971107,0.0,17.0,0.0,33.0,2641.8885750962772,70682.98335124705,2,0,1.192216863385017,false
falcon-regression/merlin/src/test/java/org/apache/falcon/regression/prism/PrismFeedScheduleTest.java,40.0,18.0,6.0,5.0,20.0,11.0,137.0,rostafiychuk@apache.org,2,0.0016051364365971107,0.0,17.0,0.0,33.0,2641.8885750962772,70682.98335124705,2,0,1.192216863385017,false
falcon-regression/merlin/src/test/java/org/apache/falcon/regression/prism/PrismFeedSnSTest.java,278.0,27.0,0.0,21.0,149.0,48.0,78.0,rostafiychuk@apache.org,2,0.0016051364365971107,0.0,8.0,8.0,33.0,2641.8885750962772,70682.98335124705,2,0,1.3718797681497172,false
falcon-regression/merlin/src/test/java/org/apache/falcon/regression/prism/PrismFeedSuspendTest.java,195.0,19.0,12.0,13.0,95.0,38.0,103.0,rostafiychuk@apache.org,2,0.0016051364365971107,0.0,14.0,0.0,29.0,2641.8885750962772,70682.98335124705,2,0,1.2632508597291174,false
falcon-regression/merlin/src/test/java/org/apache/falcon/regression/prism/PrismFeedUpdateTest.java,118.0,33.0,15.0,7.0,81.0,18.0,59.0,rostafiychuk@apache.org,3,0.004815409309791332,6.0,12.0,19.0,19.0,2913.2731904808925,71608.04888879134,3,0,1.1430744638347892,false
falcon-regression/merlin/src/test/java/org/apache/falcon/regression/prism/PrismProcessDeleteTest.java,513.0,24.0,0.0,21.0,221.0,53.0,137.0,rostafiychuk@apache.org,2,0.0016051364365971107,0.0,10.0,0.0,20.0,2641.8885750962772,70682.98335124705,2,0,1.192216863385017,false
falcon-regression/merlin/src/test/java/org/apache/falcon/regression/prism/PrismProcessResumeTest.java,259.0,19.0,0.0,14.0,95.0,37.0,137.0,rostafiychuk@apache.org,2,0.0016051364365971107,0.0,14.0,0.0,29.0,2641.8885750962772,70682.98335124705,2,0,1.192216863385017,false
falcon-regression/merlin/src/test/java/org/apache/falcon/regression/prism/PrismProcessScheduleTest.java,237.0,27.0,0.0,16.0,114.0,40.0,70.0,rostafiychuk@apache.org,3,0.0016051364365971107,0.0,15.0,0.0,23.0,2913.2731904808925,71608.04888879134,3,0,0.8944306872971637,false
falcon-regression/merlin/src/test/java/org/apache/falcon/regression/prism/PrismProcessSnSTest.java,130.0,22.0,0.0,10.0,68.0,22.0,104.0,rostafiychuk@apache.org,2,0.0016051364365971107,0.0,10.0,0.0,30.0,2641.8885750962772,70682.98335124705,2,0,1.2632508597291174,false
falcon-regression/merlin/src/test/java/org/apache/falcon/regression/prism/PrismProcessSuspendTest.java,139.0,20.0,0.0,14.0,81.0,33.0,103.0,raghav@apache.org,3,0.0016051364365971107,0.0,14.0,0.0,29.0,2913.2731904808925,71608.04888879134,3,0,0.9015211139950361,false
falcon-regression/merlin/src/test/java/org/apache/falcon/regression/prism/PrismSubmitTest.java,367.0,21.0,0.0,22.0,235.0,65.0,104.0,rostafiychuk@apache.org,3,0.0016051364365971107,0.0,10.0,0.0,30.0,2746.9996862073885,71031.73808929503,3,0,1.2632508597291177,false
falcon-regression/merlin/src/test/java/org/apache/falcon/regression/prism/ProcessPartitionExpVariableTest.java,68.0,27.0,1.0,6.0,36.0,19.0,177.0,rostafiychuk@apache.org,2,0.0016051364365971107,0.0,12.0,0.0,12.0,2641.8885750962772,70682.98335124705,2,0,1.1418739057836924,false
falcon-regression/merlin/src/test/java/org/apache/falcon/regression/prism/RescheduleKilledProcessTest.java,59.0,23.0,11.0,6.0,40.0,13.0,89.0,rostafiychuk@apache.org,2,0.0016051364365971107,0.0,8.0,0.0,25.0,2641.8885750962772,70682.98335124705,2,0,1.1582353865360964,false
falcon-regression/merlin/src/test/java/org/apache/falcon/regression/prism/RescheduleProcessInFinalStatesTest.java,100.0,28.0,6.0,9.0,65.0,22.0,89.0,rostafiychuk@apache.org,2,0.0016051364365971107,0.0,6.0,0.0,19.0,2641.8885750962772,70682.98335124705,2,0,1.1582353865360964,false
falcon-regression/merlin/src/test/java/org/apache/falcon/regression/prism/RetentionTest.java,172.0,40.0,25.0,10.0,72.0,36.0,45.0,rostafiychuk@apache.org,4,0.0032102728731942215,6.0,6.0,0.0,33.0,3018.384301592004,71956.80362683932,4,0,1.0425846749623193,false
falcon-regression/merlin/src/test/java/org/apache/falcon/regression/prism/UpdateAtSpecificTimeTest.java,286.0,38.0,0.0,17.0,211.0,44.0,53.0,rostafiychuk@apache.org,2,0.0032102728731942215,18.0,12.0,24.0,24.0,2641.8885750962772,70682.98335124705,2,0,1.1459628248583782,false
falcon-regression/merlin/src/test/java/org/apache/falcon/regression/ui/LineageGraphTest.java,198.0,35.0,6.0,9.0,109.0,24.0,111.0,rostafiychuk@apache.org,2,0.0016051364365971107,0.0,9.0,0.0,27.0,2641.8885750962772,70682.98335124705,2,0,1.2632508597291174,false
falcon-regression/merlin/src/test/java/org/apache/falcon/regression/ui/ProcessUITest.java,110.0,42.0,6.0,5.0,70.0,14.0,90.0,rostafiychuk@apache.org,2,0.0016051364365971107,0.0,8.0,0.0,31.0,2641.8885750962772,70682.98335124705,2,0,1.3232965644105958,false
falcon-regression/merlin/src/test/resources/OozieExampleInputData/2ndLateData/Configuration.java,38.0,4.0,0.0,8.0,11.0,15.0,155.0,samarth.gupta@inmobi.com,1,0.0016051364365971107,0.0,50.0,0.0,0.0,2065.0105263157893,63490.16346985778,1,0,1.853891250335061,false
falcon-regression/merlin/src/test/resources/OozieExampleInputData/2ndLateData/DateValidator.java,54.0,2.0,0.0,2.0,8.0,7.0,218.0,samarth.gupta@inmobi.com,1,0.0016051364365971107,0.0,50.0,0.0,0.0,2065.0105263157893,63490.16346985778,1,0,1.853891250335061,false
falcon-regression/merlin/src/test/resources/OozieExampleInputData/2ndLateData/TimeUnit.java,0.0,0.0,0.0,0.0,0.0,0.0,292.0,samarth.gupta@inmobi.com,1,0.0016051364365971107,0.0,50.0,0.0,0.0,2065.0105263157893,63490.16346985778,1,0,1.853891250335061,false
falcon-regression/merlin/src/test/resources/OozieExampleInputData/normalInput/EntityInstanceMessage.java.ignore.java,0.0,0.0,0.0,0.0,0.0,0.0,0.0,samarth.gupta@inmobi.com,1,0.0016051364365971107,0.0,50.0,0.0,0.0,2065.0105263157893,63490.16346985778,1,0,1.853891250335061,false
falcon-regression/merlin/src/test/resources/OozieExampleInputData/normalInput/EntityInstanceMessageCreator.java.ignore.java,0.0,0.0,0.0,0.0,0.0,0.0,0.0,samarth.gupta@inmobi.com,1,0.0016051364365971107,0.0,50.0,0.0,0.0,2065.0105263157893,63490.16346985778,1,0,1.853891250335061,false
falcon-regression/merlin/src/test/resources/OozieExampleInputData/normalInput/MessageProducer.java.ignore.java,0.0,0.0,0.0,0.0,0.0,0.0,0.0,samarth.gupta@inmobi.com,1,0.0016051364365971107,0.0,50.0,0.0,0.0,2065.0105263157893,63490.16346985778,1,0,1.853891250335061,false
hadoop-dependencies/src/main/java/org/apache/falcon/hadoop/JailedFileSystem.java,109.0,17.0,158.0,24.0,71.0,63.0,35.0,venkatesh@apache.org,1,0.0016051364365971107,17.0,0.0,0.0,0.0,2616.3542857142857,53595.00233073211,1,0,0.8634925463071842,false
hadoop-webapp/src/main/java/org/apache/falcon/listener/HadoopStartupListener.java,92.0,7.0,21.0,10.0,31.0,32.0,53.0,srikanth.sundarrajan@inmobi.com,1,0.0016051364365971107,9.0,0.0,0.0,0.0,2616.3542857142857,53595.00233073211,1,0,0.8634925463071842,false
messaging/src/main/java/org/apache/falcon/messaging/JMSMessageConsumer.java,99.0,22.0,5.0,10.0,36.0,32.0,21.0,venkatesh@apache.org,1,0.0,0.0,0.0,17.0,0.0,2616.3542857142857,53595.00233073211,1,0,0.8634925463071842,false
messaging/src/main/java/org/apache/falcon/messaging/JMSMessageProducer.java,223.0,25.0,41.0,18.0,77.0,58.0,19.0,venkatesh@apache.org,3,0.0016051364365971107,0.0,11.0,11.0,0.0,4151.9736280740535,60490.323920706855,3,0,0.6303273152509536,false
messaging/src/test/java/org/apache/falcon/messaging/FeedProducerTest.java,114.0,23.0,4.0,8.0,50.0,20.0,30.0,null,3,0.0016051364365971107,8.0,0.0,0.0,0.0,4151.9736280740535,60490.323920706855,3,2,0.8286851928723944,false
messaging/src/test/java/org/apache/falcon/messaging/JMSMessageConsumerTest.java,90.0,21.0,0.0,5.0,38.0,15.0,19.0,suhas.v@inmobi.com,3,0.0,0.0,0.0,0.0,0.0,4151.9736280740535,60490.323920706855,3,0,0.8286851928723944,false
messaging/src/test/java/org/apache/falcon/messaging/JMSMessageProducerTest.java,124.0,18.0,33.0,11.0,78.0,30.0,17.0,suhas.v@inmobi.com,3,0.0,0.0,0.0,17.0,0.0,4151.9736280740535,60490.323920706855,3,0,0.7171527409980518,false
messaging/src/test/java/org/apache/falcon/messaging/ProcessProducerTest.java,85.0,15.0,7.0,7.0,35.0,18.0,23.0,null,3,0.0,0.0,0.0,0.0,0.0,4151.9736280740535,60490.323920706855,3,2,1.1047648141792452,false
metrics/src/main/java/org/apache/falcon/aspect/AbstractFalconAspect.java,30.0,8.0,3.0,3.0,9.0,6.0,20.0,srikanth.sundarrajan@inmobi.com,1,0.0016051364365971107,0.0,29.0,0.0,0.0,2616.3542857142857,53595.00233073211,1,2,0.8634925463071842,false
metrics/src/main/java/org/apache/falcon/aspect/GenericAlert.java,28.0,4.0,28.0,8.0,0.0,19.0,13.0,venkatesh@apache.org,1,0.0016051364365971107,0.0,17.0,8.0,0.0,2616.3542857142857,53595.00233073211,1,3,0.8634925463071842,false
metrics/src/main/java/org/apache/falcon/plugin/LoggingPlugin.java,9.0,3.0,0.0,1.0,1.0,1.0,20.0,venkatesh@apache.org,1,0.0016051364365971107,0.0,33.0,0.0,0.0,2616.3542857142857,53595.00233073211,1,1,0.8634925463071842,false
metrics/src/main/java/org/apache/falcon/util/ResourcesReflectionUtil.java,83.0,8.0,9.0,7.0,25.0,21.0,18.0,srikanth.sundarrajan@inmobi.com,1,0.0016051364365971107,0.0,17.0,0.0,0.0,2616.3542857142857,53595.00233073211,1,2,0.8634925463071842,false
oozie-el-extensions/src/main/java/org/apache/oozie/extensions/OozieELExtensions.java,356.0,18.0,358.0,41.0,127.0,133.0,5.0,srikanth.sundarrajan@inmobi.com,2,0.0032102728731942215,33.0,17.0,17.0,0.0,1181.418181818182,4755.236586571496,2,0,2.829813692622625,false
oozie-el-extensions/src/test/java/org/apache/oozie/extensions/TestOozieELExtensions.java,203.0,16.0,61.0,19.0,94.0,46.0,7.0,srikanth.sundarrajan@inmobi.com,1,0.0016051364365971107,25.0,0.0,0.0,0.0,312.1818181818182,684.6146495085351,1,0,4.013375499688434,false
oozie/src/main/java/org/apache/falcon/logging/DefaultTaskLogRetriever.java,26.0,9.0,1.0,2.0,8.0,10.0,0.0,srikanth.sundarrajan@inmobi.com,0,0.0,0.0,0.0,0.0,0.0,0.0,0.0,0,0,0.0,true
oozie/src/main/java/org/apache/falcon/logging/JobLogMover.java,99.0,24.0,24.0,9.0,51.0,32.0,29.0,suhas.v@inmobi.com,1,0.0016051364365971107,0.0,25.0,0.0,0.0,2616.3542857142857,53595.00233073211,1,0,0.8634925463071842,false
oozie/src/main/java/org/apache/falcon/logging/LogProvider.java,81.0,20.0,19.0,7.0,36.0,27.0,50.0,null,1,0.0,0.0,0.0,0.0,0.0,2616.3542857142857,53595.00233073211,1,3,0.8634925463071842,false
oozie/src/main/java/org/apache/falcon/oozie/OozieBundleBuilder.java,102.0,30.0,28.0,8.0,62.0,26.0,32.0,suhas.v@inmobi.com,3,0.0016051364365971107,12.0,12.0,0.0,0.0,4151.9736280740535,60490.323920706855,3,0,1.2913351851851413,false
oozie/src/main/java/org/apache/falcon/oozie/OozieCoordinatorBuilder.java,107.0,25.0,114.0,16.0,42.0,44.0,29.0,suhas.v@inmobi.com,3,0.0016051364365971107,12.0,12.0,0.0,0.0,4151.9736280740535,60490.323920706855,3,0,1.1388972162869138,false
oozie/src/main/java/org/apache/falcon/oozie/OozieEntityBuilder.java,203.0,39.0,133.0,18.0,73.0,57.0,32.0,suhas.v@inmobi.com,3,0.0016051364365971107,11.0,11.0,0.0,0.0,4151.9736280740535,60490.323920706855,3,0,1.2913351851851413,false
oozie/src/main/java/org/apache/falcon/oozie/OozieOrchestrationWorkflowBuilder.java,246.0,39.0,239.0,23.0,85.0,70.0,34.0,suhas.v@inmobi.com,3,0.0032102728731942215,18.0,9.0,0.0,0.0,4151.9736280740535,60490.323920706855,3,0,1.1388972162869138,false
oozie/src/main/java/org/apache/falcon/oozie/feed/FSReplicationWorkflowBuilder.java,30.0,8.0,1.0,2.0,13.0,5.0,39.0,suhas.v@inmobi.com,1,0.0,0.0,0.0,0.0,0.0,869.2363636363636,4070.6219370629615,1,0,3.0325462466767075,false
oozie/src/main/java/org/apache/falcon/oozie/feed/FeedBundleBuilder.java,23.0,10.0,1.0,2.0,6.0,5.0,20.0,suhas.v@inmobi.com,1,0.0016051364365971107,25.0,25.0,0.0,0.0,666.3829787234042,2824.699652911784,1,0,2.7140925155581725,false
oozie/src/main/java/org/apache/falcon/oozie/feed/FeedReplicationCoordinatorBuilder.java,273.0,40.0,276.0,24.0,172.0,63.0,23.0,venkatesh@apache.org,3,0.0032102728731942215,18.0,6.0,6.0,0.0,4151.9736280740535,60490.323920706855,3,0,0.7617219271544433,false
oozie/src/main/java/org/apache/falcon/oozie/feed/FeedReplicationWorkflowBuilder.java,20.0,12.0,3.0,3.0,9.0,7.0,30.0,suhas.v@inmobi.com,2,0.0016051364365971107,20.0,20.0,0.0,0.0,1535.6193423597679,6895.321589974746,2,0,2.183729590969538,false
oozie/src/main/java/org/apache/falcon/oozie/feed/FeedRetentionCoordinatorBuilder.java,55.0,22.0,3.0,3.0,43.0,10.0,27.0,suhas.v@inmobi.com,3,0.0016051364365971107,17.0,17.0,0.0,0.0,4151.9736280740535,60490.323920706855,3,0,1.4164338461692445,false
oozie/src/main/java/org/apache/falcon/oozie/feed/FeedRetentionWorkflowBuilder.java,56.0,11.0,4.0,4.0,25.0,12.0,30.0,suhas.v@inmobi.com,2,0.0016051364365971107,20.0,20.0,0.0,0.0,1535.6193423597679,6895.321589974746,2,0,2.183729590969538,false
oozie/src/main/java/org/apache/falcon/oozie/feed/HCatReplicationWorkflowBuilder.java,77.0,8.0,1.0,3.0,21.0,9.0,39.0,suhas.v@inmobi.com,1,0.0,0.0,0.0,0.0,0.0,869.2363636363636,4070.6219370629615,1,0,3.0325462466767075,false
oozie/src/main/java/org/apache/falcon/oozie/process/HiveProcessWorkflowBuilder.java,52.0,11.0,6.0,4.0,30.0,11.0,26.0,suhas.v@inmobi.com,2,0.0,0.0,0.0,0.0,0.0,1535.6193423597679,6895.321589974746,2,0,2.180172200557495,false
oozie/src/main/java/org/apache/falcon/oozie/process/OozieProcessWorkflowBuilder.java,14.0,6.0,1.0,2.0,5.0,4.0,39.0,shwetha.gs@inmobi.com,1,0.0,0.0,0.0,0.0,0.0,869.2363636363636,4070.6219370629615,1,0,3.0325462466767075,false
oozie/src/main/java/org/apache/falcon/oozie/process/PigProcessWorkflowBuilder.java,41.0,11.0,3.0,3.0,23.0,10.0,26.0,suhas.v@inmobi.com,2,0.0,0.0,0.0,0.0,0.0,1535.6193423597679,6895.321589974746,2,0,2.180172200557495,false
oozie/src/main/java/org/apache/falcon/oozie/process/ProcessBundleBuilder.java,76.0,25.0,15.0,6.0,38.0,21.0,26.0,venkatesh@apache.org,2,0.0016051364365971107,12.0,12.0,0.0,0.0,3282.73726443769,56419.70198364389,2,0,1.0956453503727333,false
oozie/src/main/java/org/apache/falcon/oozie/process/ProcessExecutionCoordinatorBuilder.java,225.0,39.0,120.0,16.0,155.0,47.0,24.0,suhas.v@inmobi.com,3,0.0016051364365971107,11.0,11.0,0.0,0.0,4151.9736280740535,60490.323920706855,3,0,1.5534817882015899,false
oozie/src/main/java/org/apache/falcon/oozie/process/ProcessExecutionWorkflowBuilder.java,149.0,30.0,55.0,11.0,73.0,43.0,35.0,null,3,0.0016051364365971107,10.0,10.0,0.0,0.0,4151.9736280740535,60490.323920706855,3,0,1.2913351851851413,false
oozie/src/main/java/org/apache/falcon/service/SharedLibraryHostingService.java,120.0,19.0,34.0,9.0,47.0,35.0,26.0,null,2,0.0,0.0,0.0,0.0,0.0,3282.73726443769,56419.70198364389,2,3,1.0956453503727333,false
oozie/src/main/java/org/apache/falcon/util/OozieUtils.java,54.0,16.0,4.0,4.0,14.0,11.0,39.0,srikanth.sundarrajan@inmobi.com,1,0.0,0.0,0.0,0.0,0.0,869.2363636363636,4070.6219370629615,1,2,3.0325462466767075,false
oozie/src/main/java/org/apache/falcon/workflow/FalconPostProcessing.java,41.0,9.0,8.0,5.0,19.0,14.0,8.0,venkatesh@hortonworks.com,1,0.0016051364365971107,0.0,8.0,8.0,0.0,2616.3542857142857,53595.00233073211,1,3,0.8634925463071842,false
oozie/src/main/java/org/apache/falcon/workflow/engine/OozieClientFactory.java,35.0,9.0,10.0,5.0,3.0,16.0,0.0,srikanth.sundarrajan@inmobi.com,0,0.0,0.0,0.0,0.0,0.0,0.0,0.0,0,3,0.0,false
oozie/src/main/java/org/apache/falcon/workflow/engine/OozieHouseKeepingService.java,35.0,12.0,28.0,8.0,9.0,24.0,50.0,null,1,0.0,0.0,0.0,0.0,0.0,2616.3542857142857,53595.00233073211,1,2,0.8634925463071842,false
oozie/src/main/java/org/apache/falcon/workflow/engine/OozieWorkflowEngine.java,1113.0,57.0,2487.0,79.0,486.0,335.0,18.0,null,4,0.004815409309791332,5.0,2.0,4.0,0.0,4464.1554462558715,61174.93857021539,4,5,1.090262918014307,false
oozie/src/main/java/org/apache/oozie/client/ProxyOozieClient.java,445.0,23.0,1951.0,63.0,83.0,220.0,3.0,venkatesh@apache.org,2,0.0,0.0,0.0,0.0,0.0,3282.73726443769,56419.70198364389,2,0,1.0956453503727333,false
oozie/src/test/java/org/apache/falcon/oozie/feed/OozieFeedWorkflowBuilderTest.java,394.0,49.0,93.0,22.0,245.0,64.0,26.0,venkatesh@apache.org,3,0.0032102728731942215,24.0,6.0,6.0,0.0,4151.9736280740535,60490.323920706855,3,0,0.7171527409980518,false
oozie/src/test/java/org/apache/falcon/oozie/process/AbstractTestBase.java,163.0,36.0,105.0,15.0,98.0,51.0,26.0,suhas.v@inmobi.com,3,0.0032102728731942215,38.0,12.0,12.0,0.0,4151.9736280740535,60490.323920706855,3,0,0.8304638880784156,false
oozie/src/test/java/org/apache/falcon/oozie/process/OozieProcessWorkflowBuilderTest.java,463.0,56.0,118.0,24.0,418.0,74.0,20.0,shwetha.gs@inmobi.com,3,0.0032102728731942215,13.0,13.0,0.0,0.0,4151.9736280740535,60490.323920706855,3,0,1.0668887702537693,false
oozie/src/test/java/org/apache/falcon/oozie/workflow/FalconPostProcessingTest.java,94.0,9.0,0.0,8.0,34.0,24.0,14.0,null,3,0.0016051364365971107,0.0,8.0,8.0,0.0,4151.9736280740535,60490.323920706855,3,2,0.7171527409980518,false
oozie/src/versioned-src/v1/java/org/apache/falcon/logging/v1/TaskLogRetrieverV1.java,53.0,13.0,0.0,2.0,27.0,13.0,53.0,srikanth.sundarrajan@inmobi.com,1,0.0016051364365971107,33.0,0.0,0.0,0.0,2616.3542857142857,53595.00233073211,1,0,0.8634925463071842,true
prism/src/main/java/org/apache/falcon/FalconWebException.java,43.0,11.0,16.0,8.0,28.0,16.0,35.0,venkatesh@hortonworks.com,2,0.0016051364365971107,12.0,12.0,0.0,0.0,3282.73726443769,56419.70198364389,2,3,1.0956453503727333,false
prism/src/main/java/org/apache/falcon/Main.java,56.0,11.0,1.0,3.0,17.0,7.0,3.0,venkatesh@apache.org,1,0.0,0.0,0.0,0.0,0.0,2616.3542857142857,53595.00233073211,1,0,0.8634925463071842,false
prism/src/main/java/org/apache/falcon/listener/ContextStartupListener.java,53.0,12.0,0.0,3.0,16.0,8.0,0.0,venkatesh@hortonworks.com,0,0.0,0.0,0.0,0.0,0.0,0.0,0.0,0,2,0.0,false
prism/src/main/java/org/apache/falcon/plugin/ChainableMonitoringPlugin.java,34.0,11.0,1.0,3.0,14.0,7.0,20.0,venkatesh@apache.org,1,0.0016051364365971107,0.0,29.0,0.0,0.0,2616.3542857142857,53595.00233073211,1,2,0.8634925463071842,false
prism/src/main/java/org/apache/falcon/resource/AbstractEntityManager.java,631.0,32.0,549.0,39.0,253.0,178.0,25.0,null,3,0.004815409309791332,7.0,14.0,0.0,0.0,3594.919082619508,57104.316633152426,3,3,0.724508978920231,false
prism/src/main/java/org/apache/falcon/resource/AbstractInstanceManager.java,380.0,18.0,210.0,25.0,184.0,109.0,19.0,venkatesh@apache.org,2,0.0032102728731942215,8.0,16.0,0.0,0.0,2928.5361038961037,54279.616980240644,2,3,0.9033595070732393,false
prism/src/main/java/org/apache/falcon/resource/AbstractSchedulableEntityManager.java,170.0,19.0,16.0,9.0,73.0,38.0,26.0,venkatesh@apache.org,1,0.0016051364365971107,0.0,19.0,0.0,0.0,2616.3542857142857,53595.00233073211,1,2,0.8634925463071842,false
prism/src/main/java/org/apache/falcon/resource/channel/HTTPChannel.java,123.0,26.0,34.0,9.0,48.0,36.0,0.0,venkatesh@hortonworks.com,0,0.0,0.0,0.0,0.0,0.0,0.0,0.0,0,2,0.0,false
prism/src/main/java/org/apache/falcon/resource/channel/IPCChannel.java,32.0,8.0,0.0,2.0,7.0,7.0,0.0,venkatesh@hortonworks.com,0,0.0,0.0,0.0,0.0,0.0,0.0,0.0,0,2,0.0,false
prism/src/main/java/org/apache/falcon/resource/metadata/LineageMetadataResource.java,350.0,33.0,82.0,20.0,159.0,80.0,21.0,venkatesh@hortonworks.com,1,0.0016051364365971107,0.0,10.0,0.0,0.0,2616.3542857142857,53595.00233073211,1,0,0.8634925463071842,false
prism/src/main/java/org/apache/falcon/resource/proxy/InstanceManagerProxy.java,213.0,20.0,286.0,25.0,89.0,98.0,22.0,null,2,0.0032102728731942215,15.0,15.0,0.0,0.0,2928.5361038961037,54279.616980240644,2,3,1.0886281400336884,false
prism/src/main/java/org/apache/falcon/resource/proxy/SchedulableEntityManagerProxy.java,269.0,26.0,693.0,38.0,102.0,109.0,21.0,null,2,0.0032102728731942215,8.0,12.0,0.0,0.0,2928.5361038961037,54279.616980240644,2,2,0.9930667134452462,false
prism/src/main/java/org/apache/falcon/security/FalconAuthenticationFilter.java,142.0,23.0,20.0,9.0,71.0,29.0,24.0,venkatesh@apache.org,1,0.0016051364365971107,0.0,17.0,0.0,0.0,2616.3542857142857,53595.00233073211,1,0,0.8634925463071842,false
prism/src/main/java/org/apache/falcon/security/FalconAuthorizationFilter.java,57.0,13.0,0.0,4.0,16.0,12.0,39.0,venkatesh@apache.org,1,0.0016051364365971107,0.0,7.0,0.0,0.0,2616.3542857142857,53595.00233073211,1,0,0.8634925463071842,false
prism/src/main/java/org/apache/falcon/service/ProcessSubscriberService.java,39.0,4.0,2.0,5.0,9.0,11.0,15.0,venkatesh@hortonworks.com,1,0.0,0.0,0.0,0.0,12.0,2616.3542857142857,53595.00233073211,1,2,0.8634925463071842,false
prism/src/main/java/org/apache/falcon/util/EmbeddedServer.java,34.0,5.0,4.0,5.0,10.0,11.0,3.0,venkatesh@hortonworks.com,1,0.0,0.0,0.0,12.0,0.0,2616.3542857142857,53595.00233073211,1,2,0.8634925463071842,false
prism/src/test/java/org/apache/falcon/aspect/LoggingAspectTest.java,47.0,6.0,2.0,4.0,11.0,12.0,0.0,srikanth.sundarrajan@inmobi.com,0,0.0,0.0,0.0,0.0,0.0,0.0,0.0,0,2,0.0,false
prism/src/test/java/org/apache/falcon/resource/EntityManagerTest.java,144.0,21.0,47.0,11.0,58.0,30.0,17.0,venkatesh@apache.org,1,0.0016051364365971107,12.0,25.0,6.0,0.0,2616.3542857142857,53595.00233073211,1,2,0.8634925463071842,false
prism/src/test/java/org/apache/falcon/resource/metadata/LineageMetadataResourceTest.java,362.0,39.0,415.0,38.0,287.0,93.0,19.0,venkatesh@apache.org,2,0.0016051364365971107,0.0,25.0,0.0,0.0,3485.590649350649,57665.62426779507,2,0,0.7969008628429011,false
prism/src/test/java/org/apache/falcon/security/FalconAuthenticationFilterTest.java,123.0,19.0,8.0,8.0,73.0,18.0,22.0,shwetha.gs@inmobi.com,1,0.0,0.0,0.0,0.0,0.0,2616.3542857142857,53595.00233073211,1,0,0.8634925463071842,false
prism/src/test/java/org/apache/falcon/security/FalconAuthorizationFilterTest.java,81.0,18.0,9.0,7.0,37.0,18.0,42.0,venkatesh@apache.org,1,0.0,0.0,0.0,0.0,0.0,2616.3542857142857,53595.00233073211,1,0,0.8634925463071842,false
replication/src/main/java/org/apache/falcon/replication/CustomReplicator.java,23.0,8.0,1.0,2.0,7.0,7.0,0.0,venkatesh@hortonworks.com,0,0.0,0.0,0.0,0.0,0.0,0.0,0.0,0,2,0.0,false
replication/src/main/java/org/apache/falcon/replication/FeedReplicator.java,88.0,19.0,21.0,7.0,35.0,23.0,21.0,null,2,0.0016051364365971107,0.0,6.0,0.0,0.0,3282.73726443769,56419.70198364389,2,4,0.8438450344293675,false
replication/src/main/java/org/apache/falcon/replication/FilteredCopyListing.java,121.0,10.0,19.0,7.0,16.0,23.0,0.0,venkatesh@hortonworks.com,0,0.0,0.0,0.0,0.0,0.0,0.0,0.0,0,2,0.0,false
rerun/src/main/java/org/apache/falcon/latedata/LateDataHandler.java,186.0,24.0,49.0,11.0,74.0,48.0,36.0,null,2,0.0,0.0,0.0,0.0,0.0,3485.590649350649,57665.62426779507,2,3,1.2548722159320005,false
rerun/src/main/java/org/apache/falcon/rerun/handler/AbstractRerunConsumer.java,41.0,10.0,1.0,3.0,13.0,5.0,50.0,venkatesh@hortonworks.com,1,0.0,0.0,0.0,0.0,0.0,2616.3542857142857,53595.00233073211,1,2,0.8634925463071842,false
rerun/src/main/java/org/apache/falcon/rerun/handler/AbstractRerunHandler.java,31.0,11.0,7.0,7.0,6.0,16.0,5.0,venkatesh@hortonworks.com,1,0.0016051364365971107,0.0,12.0,0.0,0.0,2616.3542857142857,53595.00233073211,1,2,0.8634925463071842,false
rerun/src/main/java/org/apache/falcon/rerun/handler/LateRerunConsumer.java,71.0,15.0,3.0,3.0,47.0,12.0,36.0,venkatesh@hortonworks.com,2,0.0,0.0,0.0,0.0,0.0,3485.590649350649,57665.62426779507,2,2,1.2548722159320005,false
rerun/src/main/java/org/apache/falcon/rerun/handler/LateRerunHandler.java,144.0,26.0,36.0,9.0,71.0,36.0,22.0,venkatesh@apache.org,2,0.0016051364365971107,0.0,6.0,0.0,0.0,3282.73726443769,56419.70198364389,2,4,0.763807394001123,false
rerun/src/main/java/org/apache/falcon/rerun/handler/RetryConsumer.java,39.0,6.0,1.0,2.0,28.0,7.0,0.0,venkatesh@hortonworks.com,0,0.0,0.0,0.0,0.0,0.0,0.0,0.0,0,2,0.0,false
rerun/src/main/java/org/apache/falcon/rerun/handler/RetryHandler.java,47.0,12.0,6.0,4.0,26.0,12.0,5.0,venkatesh@hortonworks.com,1,0.0016051364365971107,0.0,12.0,0.0,0.0,2616.3542857142857,53595.00233073211,1,3,0.8634925463071842,false
rerun/src/main/java/org/apache/falcon/rerun/queue/ActiveMQueue.java,100.0,9.0,6.0,8.0,33.0,23.0,0.0,venkatesh@hortonworks.com,0,0.0,0.0,0.0,0.0,0.0,0.0,0.0,0,2,0.0,false
rerun/src/main/java/org/apache/falcon/rerun/queue/DelayedQueue.java,12.0,5.0,10.0,5.0,0.0,8.0,0.0,venkatesh@hortonworks.com,0,0.0,0.0,0.0,0.0,0.0,0.0,0.0,0,2,0.0,false
rerun/src/main/java/org/apache/falcon/rerun/queue/InMemoryQueue.java,97.0,11.0,15.0,10.0,46.0,28.0,4.0,venkatesh@hortonworks.com,1,0.0,0.0,0.0,0.0,0.0,666.3829787234042,2824.699652911784,1,3,2.7140925155581725,false
rerun/src/main/java/org/apache/falcon/rerun/service/LateRunService.java,21.0,12.0,3.0,3.0,9.0,7.0,6.0,venkatesh@apache.org,1,0.0016051364365971107,0.0,12.0,0.0,12.0,2616.3542857142857,53595.00233073211,1,2,0.8634925463071842,false
rerun/src/main/java/org/apache/falcon/rerun/service/RetryService.java,28.0,14.0,6.0,4.0,13.0,12.0,6.0,venkatesh@apache.org,1,0.0016051364365971107,0.0,14.0,0.0,14.0,2616.3542857142857,53595.00233073211,1,2,0.8634925463071842,false
rerun/src/test/java/org/apache/falcon/rerun/handler/TestLateRerunHandler.java,26.0,8.0,1.0,2.0,10.0,6.0,4.0,suhas.v@inmobi.com,1,0.0,0.0,0.0,0.0,0.0,666.3829787234042,2824.699652911784,1,0,2.7140925155581725,false
retention/src/main/java/org/apache/falcon/retention/FeedEvictor.java,340.0,46.0,161.0,23.0,173.0,96.0,20.0,null,1,0.0,0.0,0.0,0.0,0.0,2616.3542857142857,53595.00233073211,1,3,0.8634925463071842,false
test-util/src/main/java/org/apache/falcon/cluster/util/EmbeddedCluster.java,88.0,14.0,77.0,14.0,29.0,35.0,37.0,null,1,0.0016051364365971107,7.0,0.0,0.0,0.0,2616.3542857142857,53595.00233073211,1,3,0.8634925463071842,false
test-util/src/main/java/org/apache/falcon/cluster/util/EntityBuilderTestUtil.java,106.0,14.0,60.0,12.0,56.0,25.0,19.0,venkatesh@apache.org,1,0.0016051364365971107,33.0,33.0,33.0,0.0,2616.3542857142857,53595.00233073211,1,0,0.8634925463071842,false
test-util/src/main/java/org/apache/falcon/cluster/util/StandAloneCluster.java,23.0,7.0,3.0,3.0,11.0,8.0,53.0,srikanth.sundarrajan@inmobi.com,1,0.0016051364365971107,14.0,0.0,0.0,0.0,2616.3542857142857,53595.00233073211,1,2,0.8634925463071842,false
webapp/src/main/java/org/apache/falcon/resource/InstanceManager.java,35.0,8.0,45.0,10.0,0.0,30.0,22.0,null,2,0.0032102728731942215,17.0,17.0,0.0,0.0,2928.5361038961037,54279.616980240644,2,2,1.0886281400336884,false
webapp/src/main/java/org/apache/falcon/resource/SchedulableEntityManager.java,29.0,6.0,28.0,8.0,0.0,16.0,21.0,null,1,0.0016051364365971107,6.0,17.0,0.0,0.0,2616.3542857142857,53595.00233073211,1,2,0.8634925463071842,false
webapp/src/test/java/org/apache/falcon/cli/FalconCLIIT.java,330.0,13.0,295.0,27.0,147.0,72.0,20.0,venkatesh@apache.org,2,0.0032102728731942215,7.0,17.0,0.0,0.0,2928.5361038961037,54279.616980240644,2,0,0.853397868253861,false
webapp/src/test/java/org/apache/falcon/cli/FalconCLISmokeIT.java,43.0,7.0,3.0,3.0,15.0,8.0,25.0,venkatesh@hortonworks.com,1,0.0016051364365971107,10.0,10.0,0.0,0.0,2616.3542857142857,53595.00233073211,1,1,0.8634925463071842,false
webapp/src/test/java/org/apache/falcon/late/LateDataHandlerIT.java,108.0,27.0,0.0,8.0,64.0,21.0,26.0,null,2,0.0,0.0,0.0,0.0,0.0,3485.590649350649,57665.62426779507,2,0,0.9499962781355458,false
webapp/src/test/java/org/apache/falcon/process/PigProcessIT.java,46.0,17.0,4.0,4.0,31.0,9.0,15.0,venkatesh@apache.org,1,0.0016051364365971107,0.0,29.0,0.0,0.0,2616.3542857142857,53595.00233073211,1,0,0.8634925463071842,false
webapp/src/test/java/org/apache/falcon/resource/EntityManagerJerseyIT.java,443.0,49.0,559.0,34.0,365.0,75.0,17.0,null,3,0.004815409309791332,15.0,15.0,4.0,0.0,4151.9736280740535,60490.323920706855,3,0,0.6670573928998225,false
webapp/src/test/java/org/apache/falcon/resource/EntityManagerJerseySmokeIT.java,54.0,14.0,8.0,5.0,46.0,12.0,28.0,suhas.v@inmobi.com,1,0.0016051364365971107,25.0,25.0,0.0,0.0,666.3829787234042,2824.699652911784,1,0,2.7140925155581725,false
webapp/src/test/java/org/apache/falcon/resource/ProcessInstanceManagerIT.java,128.0,16.0,10.0,12.0,120.0,27.0,25.0,venkatesh@hortonworks.com,1,0.0016051364365971107,20.0,20.0,0.0,0.0,2616.3542857142857,53595.00233073211,1,0,0.8634925463071842,false
webapp/src/test/java/org/apache/falcon/resource/TestContext.java,269.0,56.0,440.0,32.0,133.0,94.0,26.0,null,2,0.0032102728731942215,4.0,17.0,0.0,0.0,3282.73726443769,56419.70198364389,2,0,0.733210116619194,false
webapp/src/test/java/org/apache/falcon/util/OozieTestUtils.java,118.0,20.0,66.0,12.0,50.0,46.0,6.0,suhas.v@inmobi.com,2,0.0016051364365971107,0.0,17.0,0.0,0.0,3282.73726443769,56419.70198364389,2,0,1.0956453503727333,false
webapp/src/test/java/org/apache/falcon/validation/ClusterEntityValidationIT.java,53.0,16.0,4.0,5.0,34.0,11.0,30.0,venkatesh@apache.org,1,0.0016051364365971107,0.0,20.0,0.0,0.0,2616.3542857142857,53595.00233073211,1,0,0.8634925463071842,false
