name,LOC,CBO,LCOM,NOM,RFC,WMC,ACS,Ownership,numOfChanges,numberOfFIChanges,ENH,NF,BugFixing,REF,structuralWorkloadSum,semanticWorkloadSum,numberOfDeveloper,pastFaults,MAF,isBuggy
client/src/main/java/org/apache/falcon/ResponseHelper.java,167.0,9.0,21.0,7.0,66.0,25.0,0.0,suhas.v@inmobi.com,0,0.0,0.0,0.0,0.0,0.0,0.0,0.0,0,0,0.0,false
client/src/main/java/org/apache/falcon/cli/FalconCLI.java,717.0,28.0,208.0,25.0,150.0,109.0,0.0,null,0,0.0,0.0,0.0,0.0,0.0,0.0,0.0,0,6,0.0,false
client/src/main/java/org/apache/falcon/cli/FalconMetadataCLI.java,155.0,12.0,34.0,9.0,32.0,31.0,0.0,venkatesh@apache.org,0,0.0,0.0,0.0,0.0,0.0,0.0,0.0,0,1,0.0,false
client/src/main/java/org/apache/falcon/client/FalconClient.java,558.0,48.0,1356.0,72.0,247.0,241.0,0.0,null,0,0.0,0.0,0.0,0.0,0.0,0.0,0.0,0,8,0.0,false
client/src/main/java/org/apache/falcon/recipe/RecipeTool.java,193.0,27.0,120.0,16.0,79.0,55.0,0.0,suhas.v@inmobi.com,0,0.0,0.0,0.0,0.0,0.0,0.0,0.0,0,0,0.0,false
client/src/main/java/org/apache/falcon/resource/EntityList.java,119.0,9.0,0.0,8.0,19.0,19.0,0.0,srikanth.sundarrajan@inmobi.com,0,0.0,0.0,0.0,0.0,0.0,0.0,0.0,0,5,0.0,false
client/src/main/java/org/apache/falcon/resource/FeedLookupResult.java,103.0,6.0,15.0,7.0,4.0,15.0,0.0,suhas.v@inmobi.com,0,0.0,0.0,0.0,0.0,0.0,0.0,0.0,0,0,0.0,false
client/src/main/java/org/apache/falcon/resource/InstancesResult.java,146.0,3.0,13.0,6.0,2.0,11.0,0.0,srikanth.sundarrajan@inmobi.com,0,0.0,0.0,0.0,0.0,0.0,0.0,0.0,0,5,0.0,false
client/src/main/java/org/apache/falcon/resource/LineageGraphResult.java,96.0,7.0,9.0,7.0,4.0,13.0,0.0,suhas.v@inmobi.com,0,0.0,0.0,0.0,0.0,0.0,0.0,0.0,0,0,0.0,false
common/src/main/java/org/apache/falcon/catalog/AbstractCatalogService.java,112.0,3.0,55.0,11.0,0.0,46.0,0.0,srikanth.sundarrajan@inmobi.com,0,0.0,0.0,0.0,0.0,0.0,0.0,0.0,0,0,0.0,false
common/src/main/java/org/apache/falcon/catalog/CatalogPartitionHandler.java,179.0,36.0,64.0,12.0,97.0,43.0,0.0,suhas.v@inmobi.com,0,0.0,0.0,0.0,0.0,0.0,0.0,0.0,0,0,0.0,false
common/src/main/java/org/apache/falcon/catalog/CatalogServiceFactory.java,22.0,5.0,1.0,3.0,5.0,8.0,0.0,srikanth.sundarrajan@inmobi.com,0,0.0,0.0,0.0,0.0,0.0,0.0,0.0,0,0,0.0,false
common/src/main/java/org/apache/falcon/catalog/HiveCatalogService.java,286.0,24.0,0.0,20.0,145.0,90.0,0.0,srikanth.sundarrajan@inmobi.com,0,0.0,0.0,0.0,0.0,0.0,0.0,0.0,0,0,0.0,false
common/src/main/java/org/apache/falcon/entity/CatalogStorage.java,332.0,31.0,250.0,28.0,116.0,85.0,0.0,null,0,0.0,0.0,0.0,0.0,0.0,0.0,0.0,0,0,0.0,false
common/src/main/java/org/apache/falcon/entity/ClusterHelper.java,126.0,15.0,120.0,16.0,52.0,48.0,0.0,null,0,0.0,0.0,0.0,0.0,0.0,0.0,0.0,0,3,0.0,false
common/src/main/java/org/apache/falcon/entity/EntityUtil.java,590.0,35.0,1951.0,63.0,228.0,210.0,0.0,null,0,0.0,0.0,0.0,0.0,0.0,0.0,0.0,0,6,0.0,false
common/src/main/java/org/apache/falcon/entity/ExternalId.java,40.0,5.0,0.0,9.0,10.0,19.0,0.0,srikanth.sundarrajan@inmobi.com,0,0.0,0.0,0.0,0.0,0.0,0.0,0.0,0,2,0.0,false
common/src/main/java/org/apache/falcon/entity/FeedHelper.java,294.0,25.0,378.0,28.0,111.0,106.0,0.0,null,0,0.0,0.0,0.0,0.0,0.0,0.0,0.0,0,3,0.0,false
common/src/main/java/org/apache/falcon/entity/FileSystemStorage.java,328.0,40.0,256.0,29.0,154.0,99.0,0.0,null,0,0.0,0.0,0.0,0.0,0.0,0.0,0.0,0,0,0.0,false
common/src/main/java/org/apache/falcon/entity/ProcessHelper.java,43.0,8.0,6.0,4.0,9.0,14.0,0.0,venkatesh@apache.org,0,0.0,0.0,0.0,0.0,0.0,0.0,0.0,0,2,0.0,false
common/src/main/java/org/apache/falcon/entity/common/FeedDataPath.java,52.0,2.0,12.0,8.0,7.0,17.0,0.0,srikanth.sundarrajan@inmobi.com,0,0.0,0.0,0.0,0.0,0.0,0.0,0.0,0,2,0.0,false
common/src/main/java/org/apache/falcon/entity/parser/ClusterEntityParser.java,220.0,27.0,36.0,13.0,91.0,53.0,2.0,null,1,0.0,0.0,0.0,0.0,0.0,28.0,2.548085964445022,1,7,1.8718021769015913,true
common/src/main/java/org/apache/falcon/entity/parser/FeedEntityParser.java,331.0,31.0,188.0,20.0,143.0,91.0,0.0,venkatesh@apache.org,0,0.0,0.0,0.0,0.0,0.0,0.0,0.0,0,3,0.0,false
common/src/main/java/org/apache/falcon/entity/parser/ProcessEntityParser.java,197.0,31.0,55.0,11.0,78.0,51.0,0.0,venkatesh@apache.org,0,0.0,0.0,0.0,0.0,0.0,0.0,0.0,0,2,0.0,false
common/src/main/java/org/apache/falcon/entity/store/ConfigurationStore.java,282.0,30.0,188.0,25.0,94.0,83.0,0.0,null,0,0.0,0.0,0.0,0.0,0.0,0.0,0.0,0,3,0.0,false
common/src/main/java/org/apache/falcon/entity/store/FeedLocationStore.java,73.0,17.0,15.0,7.0,27.0,20.0,0.0,suhas.v@inmobi.com,0,0.0,0.0,0.0,0.0,0.0,0.0,0.0,0,0,0.0,false
common/src/main/java/org/apache/falcon/expression/ExpressionHelper.java,168.0,18.0,244.0,29.0,67.0,68.0,0.0,srikanth.sundarrajan@inmobi.com,0,0.0,0.0,0.0,0.0,0.0,0.0,0.0,0,4,0.0,false
common/src/main/java/org/apache/falcon/group/FeedGroupMap.java,69.0,14.0,39.0,10.0,31.0,29.0,0.0,srikanth.sundarrajan@inmobi.com,0,0.0,0.0,0.0,0.0,0.0,0.0,0.0,0,3,0.0,false
common/src/main/java/org/apache/falcon/metadata/EntityRelationshipGraphBuilder.java,289.0,18.0,523.0,35.0,154.0,113.0,0.0,venkatesh@apache.org,0,0.0,0.0,0.0,0.0,0.0,0.0,0.0,0,0,0.0,false
common/src/main/java/org/apache/falcon/metadata/InstanceRelationshipGraphBuilder.java,165.0,20.0,90.0,16.0,97.0,54.0,0.0,venkatesh@apache.org,0,0.0,0.0,0.0,0.0,0.0,0.0,0.0,0,2,0.0,false
common/src/main/java/org/apache/falcon/metadata/MetadataMappingService.java,174.0,28.0,131.0,23.0,77.0,59.0,3.0,venkatesh@apache.org,1,0.011627906976744186,9.0,0.0,0.0,0.0,50.0,15.674114978822416,1,0,1.6486586255873816,false
common/src/main/java/org/apache/falcon/metadata/RelationshipGraphBuilder.java,147.0,12.0,207.0,22.0,60.0,55.0,0.0,venkatesh@apache.org,0,0.0,0.0,0.0,0.0,0.0,0.0,0.0,0,0,0.0,false
common/src/main/java/org/apache/falcon/security/AuthenticationInitializationService.java,94.0,16.0,4.0,5.0,25.0,17.0,0.0,ajaynsit@gmail.com,0,0.0,0.0,0.0,0.0,0.0,0.0,0.0,0,0,0.0,false
common/src/main/java/org/apache/falcon/security/CurrentUser.java,136.0,11.0,22.0,12.0,29.0,50.0,0.0,venkatesh@apache.org,0,0.0,0.0,0.0,0.0,0.0,0.0,0.0,0,2,0.0,false
common/src/main/java/org/apache/falcon/security/DefaultAuthorizationProvider.java,209.0,18.0,79.0,15.0,68.0,66.0,0.0,venkatesh@apache.org,0,0.0,0.0,0.0,0.0,0.0,0.0,0.0,0,2,0.0,false
common/src/main/java/org/apache/falcon/update/UpdateHelper.java,68.0,15.0,3.0,3.0,20.0,13.0,0.0,null,0,0.0,0.0,0.0,0.0,0.0,0.0,0.0,0,3,0.0,false
common/src/main/java/org/apache/falcon/util/ApplicationProperties.java,116.0,15.0,66.0,13.0,35.0,37.0,0.0,srikanth.sundarrajan@inmobi.com,0,0.0,0.0,0.0,0.0,0.0,0.0,0.0,0,4,0.0,false
common/src/main/java/org/apache/falcon/util/FalconRadixUtils.java,222.0,8.0,0.0,0.0,0.0,0.0,0.0,suhas.v@inmobi.com,0,0.0,0.0,0.0,0.0,0.0,0.0,0.0,0,0,0.0,false
common/src/main/java/org/apache/falcon/util/RadixNode.java,84.0,7.0,46.0,16.0,12.0,32.0,0.0,suhas.v@inmobi.com,0,0.0,0.0,0.0,0.0,0.0,0.0,0.0,0,0,0.0,false
common/src/main/java/org/apache/falcon/util/RadixTree.java,300.0,13.0,0.0,12.0,84.0,52.0,0.0,suhas.v@inmobi.com,0,0.0,0.0,0.0,0.0,0.0,0.0,0.0,0,0,0.0,false
common/src/main/java/org/apache/falcon/workflow/WorkflowExecutionContext.java,263.0,25.0,951.0,46.0,102.0,108.0,0.0,venkatesh@apache.org,0,0.0,0.0,0.0,0.0,0.0,0.0,0.0,0,1,0.0,false
common/src/main/java/org/apache/falcon/workflow/WorkflowJobEndNotificationService.java,83.0,15.0,4.0,8.0,40.0,24.0,0.0,suhas.v@inmobi.com,0,0.0,0.0,0.0,0.0,0.0,0.0,0.0,0,0,0.0,false
common/src/test/java/org/apache/falcon/entity/EntityUtilTest.java,155.0,17.0,28.0,21.0,110.0,45.0,0.0,suhas.v@inmobi.com,0,0.0,0.0,0.0,0.0,0.0,0.0,0.0,0,2,0.0,false
common/src/test/java/org/apache/falcon/entity/FeedDataPathTest.java,76.0,3.0,10.0,5.0,20.0,5.0,0.0,suhas.v@inmobi.com,0,0.0,0.0,0.0,0.0,0.0,0.0,0.0,0,0,0.0,false
common/src/test/java/org/apache/falcon/entity/FeedHelperTest.java,51.0,11.0,10.0,5.0,22.0,10.0,0.0,srikanth.sundarrajan@inmobi.com,0,0.0,0.0,0.0,0.0,0.0,0.0,0.0,0,2,0.0,false
common/src/test/java/org/apache/falcon/entity/FileSystemStorageTest.java,328.0,33.0,204.0,21.0,148.0,49.0,0.0,null,0,0.0,0.0,0.0,0.0,0.0,0.0,0.0,0,0,0.0,false
common/src/test/java/org/apache/falcon/entity/parser/ClusterEntityParserTest.java,230.0,27.0,81.0,15.0,187.0,40.0,2.0,null,1,0.0,0.0,0.0,5.0,0.0,28.0,2.548085964445022,1,4,1.8718021769015913,true
common/src/test/java/org/apache/falcon/entity/store/FeedLocationStoreTest.java,157.0,22.0,46.0,17.0,90.0,37.0,0.0,suhas.v@inmobi.com,0,0.0,0.0,0.0,0.0,0.0,0.0,0.0,0,0,0.0,false
falcon-regression/merlin-core/src/main/java/org/apache/falcon/regression/Entities/ClusterMerlin.java,64.0,16.0,15.0,6.0,21.0,17.0,31.0,samarth.gupta@inmobi.com,2,0.011627906976744186,0.0,11.0,0.0,0.0,916.0237154150199,8296.214934805248,2,1,0.7731898882334817,false
falcon-regression/merlin-core/src/main/java/org/apache/falcon/regression/Entities/FeedMerlin.java,282.0,26.0,351.0,27.0,91.0,61.0,31.0,rostafiychuk@apache.org,2,0.011627906976744186,0.0,8.0,0.0,0.0,916.0237154150199,8296.214934805248,2,3,0.7731898882334817,false
falcon-regression/merlin-core/src/main/java/org/apache/falcon/regression/Entities/ProcessMerlin.java,317.0,26.0,378.0,28.0,126.0,56.0,31.0,rostafiychuk@apache.org,2,0.011627906976744186,0.0,8.0,0.0,0.0,916.0237154150199,8296.214934805248,2,2,0.7731898882334817,false
falcon-regression/merlin-core/src/main/java/org/apache/falcon/regression/Entities/TestEntityUtil.java,28.0,8.0,3.0,3.0,9.0,10.0,0.0,raghav@apache.org,0,0.0,0.0,0.0,0.0,0.0,0.0,0.0,0,1,0.0,false
falcon-regression/merlin-core/src/main/java/org/apache/falcon/regression/core/bundle/Bundle.java,671.0,32.0,3482.0,92.0,381.0,165.0,50.0,rostafiychuk@apache.org,1,0.0,0.0,0.0,0.0,0.0,626.5454545454546,7211.105111530196,1,4,1.466337068793427,false
falcon-regression/merlin-core/src/main/java/org/apache/falcon/regression/core/enumsAndConstants/MerlinConstants.java,88.0,5.0,3.0,3.0,6.0,5.0,28.0,rostafiychuk@apache.org,1,0.0,0.0,0.0,0.0,0.0,626.5454545454546,7211.105111530196,1,1,1.466337068793427,false
falcon-regression/merlin-core/src/main/java/org/apache/falcon/regression/core/helpers/FalconClientBuilder.java,126.0,8.0,91.0,15.0,15.0,35.0,50.0,rostafiychuk@apache.org,1,0.0,0.0,0.0,0.0,0.0,626.5454545454546,7211.105111530196,1,0,1.466337068793427,false
falcon-regression/merlin-core/src/main/java/org/apache/falcon/regression/core/helpers/LineageHelper.java,237.0,23.0,119.0,31.0,82.0,79.0,50.0,raghav@apache.org,1,0.0,0.0,0.0,0.0,0.0,626.5454545454546,7211.105111530196,1,1,1.466337068793427,false
falcon-regression/merlin-core/src/main/java/org/apache/falcon/regression/core/helpers/entity/AbstractEntityHelper.java,399.0,29.0,2105.0,79.0,192.0,218.0,13.0,raghav@apache.org,1,0.011627906976744186,0.0,11.0,0.0,0.0,289.47826086956525,1085.1098232750514,1,0,1.466337068793427,false
falcon-regression/merlin-core/src/main/java/org/apache/falcon/regression/core/helpers/entity/ProcessEntityHelper.java,14.0,1.0,3.0,3.0,1.0,5.0,0.0,rostafiychuk@apache.org,0,0.0,0.0,0.0,0.0,0.0,0.0,0.0,0,0,0.0,false
falcon-regression/merlin-core/src/main/java/org/apache/falcon/regression/core/response/lineage/EdgesResult.java,24.0,2.0,0.0,4.0,4.0,11.0,50.0,samarth.gupta@inmobi.com,1,0.0,0.0,0.0,0.0,0.0,626.5454545454546,7211.105111530196,1,2,1.466337068793427,false
falcon-regression/merlin-core/src/main/java/org/apache/falcon/regression/core/response/lineage/VerticesResult.java,36.0,2.0,3.0,6.0,8.0,17.0,50.0,samarth.gupta@inmobi.com,1,0.0,0.0,0.0,0.0,0.0,626.5454545454546,7211.105111530196,1,1,1.466337068793427,false
falcon-regression/merlin-core/src/main/java/org/apache/falcon/regression/core/supportClasses/HadoopFileEditor.java,75.0,13.0,0.0,3.0,19.0,10.0,50.0,raghav@apache.org,1,0.0,0.0,0.0,0.0,0.0,626.5454545454546,7211.105111530196,1,1,1.466337068793427,false
falcon-regression/merlin-core/src/main/java/org/apache/falcon/regression/core/supportClasses/JmsMessageConsumer.java,53.0,11.0,0.0,3.0,13.0,8.0,50.0,raghav@apache.org,1,0.0,0.0,0.0,0.0,0.0,626.5454545454546,7211.105111530196,1,1,1.466337068793427,false
falcon-regression/merlin-core/src/main/java/org/apache/falcon/regression/core/util/AssertUtil.java,291.0,20.0,264.0,24.0,96.0,69.0,0.0,raghav@apache.org,0,0.0,0.0,0.0,0.0,0.0,0.0,0.0,0,2,0.0,false
falcon-regression/merlin-core/src/main/java/org/apache/falcon/regression/core/util/BundleUtil.java,164.0,25.0,105.0,15.0,53.0,50.0,50.0,rostafiychuk@apache.org,1,0.0,0.0,0.0,0.0,0.0,626.5454545454546,7211.105111530196,1,3,1.466337068793427,false
falcon-regression/merlin-core/src/main/java/org/apache/falcon/regression/core/util/CleanupUtil.java,59.0,15.0,13.0,6.0,20.0,16.0,50.0,rostafiychuk@apache.org,1,0.0,0.0,0.0,0.0,0.0,626.5454545454546,7211.105111530196,1,2,1.466337068793427,false
falcon-regression/merlin-core/src/main/java/org/apache/falcon/regression/core/util/ExecUtil.java,135.0,22.0,13.0,6.0,44.0,20.0,50.0,raghav@apache.org,1,0.0,0.0,0.0,0.0,0.0,626.5454545454546,7211.105111530196,1,0,1.466337068793427,false
falcon-regression/merlin-core/src/main/java/org/apache/falcon/regression/core/util/HCatUtil.java,36.0,12.0,6.0,4.0,14.0,11.0,50.0,samarth.gupta@inmobi.com,1,0.0,0.0,0.0,0.0,0.0,626.5454545454546,7211.105111530196,1,0,1.466337068793427,false
falcon-regression/merlin-core/src/main/java/org/apache/falcon/regression/core/util/HadoopUtil.java,386.0,17.0,144.0,25.0,112.0,95.0,50.0,samarth.gupta@inmobi.com,1,0.0,0.0,0.0,0.0,0.0,626.5454545454546,7211.105111530196,1,1,1.466337068793427,false
falcon-regression/merlin-core/src/main/java/org/apache/falcon/regression/core/util/InstanceUtil.java,513.0,37.0,372.0,33.0,205.0,122.0,50.0,rostafiychuk@apache.org,1,0.0,0.0,0.0,0.0,0.0,626.5454545454546,7211.105111530196,1,6,1.466337068793427,true
falcon-regression/merlin-core/src/main/java/org/apache/falcon/regression/core/util/OSUtil.java,21.0,1.0,1.0,2.0,1.0,4.0,0.0,rostafiychuk@apache.org,0,0.0,0.0,0.0,0.0,0.0,0.0,0.0,0,0,0.0,false
falcon-regression/merlin-core/src/main/java/org/apache/falcon/regression/core/util/OozieUtil.java,507.0,25.0,795.0,46.0,255.0,182.0,50.0,rostafiychuk@apache.org,1,0.0,0.0,0.0,0.0,0.0,626.5454545454546,7211.105111530196,1,3,1.466337068793427,false
falcon-regression/merlin-core/src/main/java/org/apache/falcon/regression/core/util/TimeUtil.java,211.0,11.0,133.0,18.0,67.0,54.0,50.0,raghav@apache.org,1,0.0,0.0,0.0,0.0,0.0,626.5454545454546,7211.105111530196,1,0,1.466337068793427,false
falcon-regression/merlin-core/src/main/java/org/apache/falcon/regression/core/util/UIAssert.java,23.0,3.0,1.0,3.0,9.0,9.0,0.0,rostafiychuk@apache.org,0,0.0,0.0,0.0,0.0,0.0,0.0,0.0,0,0,0.0,false
falcon-regression/merlin-core/src/main/java/org/apache/falcon/regression/core/util/Util.java,389.0,47.0,309.0,27.0,118.0,99.0,31.0,rostafiychuk@apache.org,2,0.011627906976744186,0.0,5.0,0.0,0.0,916.0237154150199,8296.214934805248,2,1,0.7731898882334817,false
falcon-regression/merlin-core/src/main/java/org/apache/falcon/request/BaseRequest.java,119.0,36.0,0.0,6.0,36.0,21.0,28.0,rostafiychuk@apache.org,1,0.0,0.0,0.0,0.0,0.0,626.5454545454546,7211.105111530196,1,2,1.466337068793427,false
falcon-regression/merlin-core/src/main/java/org/apache/falcon/request/RequestKeys.java,15.0,0.0,0.0,1.0,0.0,2.0,6.0,samarth.gupta@inmobi.com,1,0.0,0.0,0.0,0.0,0.0,626.5454545454546,7211.105111530196,1,1,1.466337068793427,false
falcon-regression/merlin-core/src/main/java/org/apache/falcon/security/FalconAuthorizationToken.java,54.0,15.0,17.0,7.0,19.0,23.0,50.0,raghav@apache.org,1,0.0,0.0,0.0,0.0,0.0,626.5454545454546,7211.105111530196,1,2,1.466337068793427,false
falcon-regression/merlin/src/main/java/org/apache/falcon/regression/testHelper/BaseTestClass.java,80.0,12.0,1.0,7.0,21.0,23.0,50.0,rostafiychuk@apache.org,1,0.0,0.0,0.0,0.0,0.0,626.5454545454546,7211.105111530196,1,1,1.466337068793427,false
falcon-regression/merlin/src/main/java/org/apache/falcon/regression/ui/pages/EntitiesPage.java,78.0,11.0,7.0,6.0,26.0,18.0,28.0,raghav@apache.org,2,0.0,0.0,0.0,0.0,0.0,916.0237154150199,8296.214934805248,2,1,0.7731898882334817,false
falcon-regression/merlin/src/main/java/org/apache/falcon/regression/ui/pages/EntityPage.java,41.0,10.0,4.0,4.0,9.0,9.0,31.0,samarth.gupta@inmobi.com,1,0.0,0.0,0.0,0.0,0.0,626.5454545454546,7211.105111530196,1,1,1.466337068793427,false
falcon-regression/merlin/src/main/java/org/apache/falcon/regression/ui/pages/Page.java,112.0,10.0,6.0,9.0,18.0,20.0,6.0,raghav@apache.org,1,0.0,0.0,0.0,0.0,0.0,289.47826086956525,1085.1098232750514,1,1,1.466337068793427,false
falcon-regression/merlin/src/main/java/org/apache/falcon/regression/ui/pages/ProcessPage.java,270.0,13.0,0.0,18.0,106.0,61.0,50.0,samarth.gupta@inmobi.com,1,0.0,0.0,0.0,0.0,0.0,626.5454545454546,7211.105111530196,1,1,1.466337068793427,false
falcon-regression/merlin/src/main/java/org/apache/falcon/regression/ui/search/AbstractSearchPage.java,22.0,7.0,4.0,4.0,3.0,6.0,8.0,raghav@apache.org,1,0.011627906976744186,0.0,25.0,0.0,0.0,289.47826086956525,1085.1098232750514,1,0,1.466337068793427,false
falcon-regression/merlin/src/main/java/org/apache/falcon/regression/ui/search/LoginPage.java,72.0,9.0,41.0,11.0,42.0,19.0,0.0,rostafiychuk@apache.org,0,0.0,0.0,0.0,0.0,0.0,0.0,0.0,0,0,0.0,false
falcon-regression/merlin/src/main/java/org/apache/falcon/regression/ui/search/NewClusterPage.java,12.0,5.0,1.0,2.0,1.0,2.0,0.0,rostafiychuk@apache.org,0,0.0,0.0,0.0,0.0,0.0,0.0,0.0,0,0,0.0,false
falcon-regression/merlin/src/main/java/org/apache/falcon/regression/ui/search/NewFeedPage.java,12.0,5.0,1.0,2.0,1.0,2.0,6.0,raghav@apache.org,1,0.0,0.0,0.0,0.0,0.0,289.47826086956525,1085.1098232750514,1,0,1.466337068793427,false
falcon-regression/merlin/src/main/java/org/apache/falcon/regression/ui/search/NewMirrorPage.java,12.0,5.0,1.0,2.0,1.0,2.0,0.0,rostafiychuk@apache.org,0,0.0,0.0,0.0,0.0,0.0,0.0,0.0,0,0,0.0,false
falcon-regression/merlin/src/main/java/org/apache/falcon/regression/ui/search/NewProcessPage.java,12.0,5.0,1.0,2.0,1.0,2.0,6.0,raghav@apache.org,1,0.0,0.0,0.0,0.0,0.0,289.47826086956525,1085.1098232750514,1,0,1.466337068793427,false
falcon-regression/merlin/src/main/java/org/apache/falcon/regression/ui/search/PageHeader.java,119.0,13.0,28.0,13.0,60.0,24.0,8.0,raghav@apache.org,1,0.011627906976744186,0.0,25.0,0.0,0.0,289.47826086956525,1085.1098232750514,1,0,1.466337068793427,false
falcon-regression/merlin/src/main/java/org/apache/falcon/regression/ui/search/SearchPage.java,261.0,16.0,103.0,18.0,76.0,35.0,8.0,raghav@apache.org,2,0.011627906976744186,0.0,20.0,0.0,0.0,916.0237154150199,8296.214934805248,2,0,0.829822900498614,false
falcon-regression/merlin/src/test/java/org/apache/falcon/regression/AuthorizationTest.java,372.0,37.0,29.0,27.0,323.0,71.0,0.0,rostafiychuk@apache.org,0,0.0,0.0,0.0,0.0,0.0,0.0,0.0,0,2,0.0,false
falcon-regression/merlin/src/test/java/org/apache/falcon/regression/CombinedActionsTest.java,103.0,24.0,0.0,4.0,55.0,12.0,50.0,rostafiychuk@apache.org,1,0.0,0.0,0.0,0.0,0.0,626.5454545454546,7211.105111530196,1,0,1.466337068793427,false
falcon-regression/merlin/src/test/java/org/apache/falcon/regression/ELExpCurrentAndLastWeekTest.java,84.0,16.0,18.0,8.0,41.0,23.0,50.0,rostafiychuk@apache.org,1,0.0,0.0,0.0,0.0,0.0,626.5454545454546,7211.105111530196,1,0,1.466337068793427,false
falcon-regression/merlin/src/test/java/org/apache/falcon/regression/ELValidationsTest.java,169.0,29.0,60.0,12.0,72.0,40.0,50.0,rostafiychuk@apache.org,1,0.0,0.0,0.0,0.0,0.0,626.5454545454546,7211.105111530196,1,1,1.466337068793427,false
falcon-regression/merlin/src/test/java/org/apache/falcon/regression/EmbeddedPigScriptTest.java,96.0,31.0,0.0,8.0,66.0,17.0,0.0,rostafiychuk@apache.org,0,0.0,0.0,0.0,0.0,0.0,0.0,0.0,0,2,0.0,false
falcon-regression/merlin/src/test/java/org/apache/falcon/regression/ExternalFSTest.java,88.0,41.0,2.0,8.0,56.0,20.0,0.0,raghav@apache.org,0,0.0,0.0,0.0,0.0,0.0,0.0,0.0,0,2,0.0,false
falcon-regression/merlin/src/test/java/org/apache/falcon/regression/FeedClusterUpdateTest.java,285.0,23.0,0.0,10.0,169.0,21.0,0.0,rostafiychuk@apache.org,0,0.0,0.0,0.0,0.0,0.0,0.0,0.0,0,3,0.0,false
falcon-regression/merlin/src/test/java/org/apache/falcon/regression/FeedInstanceListingTest.java,154.0,28.0,0.0,9.0,115.0,26.0,26.0,rostafiychuk@apache.org,2,0.011627906976744186,20.0,0.0,20.0,0.0,916.0237154150199,8296.214934805248,2,0,0.7731898882334817,false
falcon-regression/merlin/src/test/java/org/apache/falcon/regression/FeedLateRerunTest.java,119.0,22.0,11.0,6.0,49.0,21.0,0.0,rostafiychuk@apache.org,0,0.0,0.0,0.0,0.0,0.0,0.0,0.0,0,2,0.0,false
falcon-regression/merlin/src/test/java/org/apache/falcon/regression/FeedReplicationTest.java,163.0,36.0,9.0,6.0,109.0,19.0,4.0,rostafiychuk@apache.org,1,0.0,0.0,0.0,5.0,0.0,626.5454545454546,7211.105111530196,1,4,1.466337068793427,false
falcon-regression/merlin/src/test/java/org/apache/falcon/regression/FeedSubmitAndScheduleTest.java,79.0,18.0,0.0,8.0,36.0,17.0,0.0,rostafiychuk@apache.org,0,0.0,0.0,0.0,0.0,0.0,0.0,0.0,0,1,0.0,false
falcon-regression/merlin/src/test/java/org/apache/falcon/regression/InstanceParamTest.java,82.0,26.0,0.0,6.0,47.0,15.0,0.0,rostafiychuk@apache.org,0,0.0,0.0,0.0,0.0,0.0,0.0,0.0,0,1,0.0,false
falcon-regression/merlin/src/test/java/org/apache/falcon/regression/InstanceSummaryTest.java,93.0,27.0,0.0,6.0,51.0,14.0,0.0,rostafiychuk@apache.org,0,0.0,0.0,0.0,0.0,0.0,0.0,0.0,0,4,0.0,false
falcon-regression/merlin/src/test/java/org/apache/falcon/regression/LogMoverTest.java,95.0,21.0,0.0,5.0,52.0,16.0,0.0,samarthg@apacge.org,0,0.0,0.0,0.0,0.0,0.0,0.0,0.0,0,0,0.0,false
falcon-regression/merlin/src/test/java/org/apache/falcon/regression/NewRetryTest.java,683.0,40.0,26.0,28.0,555.0,134.0,50.0,rostafiychuk@apache.org,1,0.0,0.0,0.0,0.0,0.0,626.5454545454546,7211.105111530196,1,2,1.466337068793427,false
falcon-regression/merlin/src/test/java/org/apache/falcon/regression/NoOutputProcessTest.java,72.0,23.0,0.0,5.0,42.0,13.0,0.0,rostafiychuk@apache.org,0,0.0,0.0,0.0,0.0,0.0,0.0,0.0,0,2,0.0,false
falcon-regression/merlin/src/test/java/org/apache/falcon/regression/ProcessFrequencyTest.java,75.0,23.0,9.0,6.0,41.0,14.0,0.0,rostafiychuk@apache.org,0,0.0,0.0,0.0,0.0,0.0,0.0,0.0,0,2,0.0,false
falcon-regression/merlin/src/test/java/org/apache/falcon/regression/ProcessInstanceColoMixedTest.java,94.0,25.0,0.0,4.0,53.0,10.0,0.0,rostafiychuk@apache.org,0,0.0,0.0,0.0,0.0,0.0,0.0,0.0,0,2,0.0,false
falcon-regression/merlin/src/test/java/org/apache/falcon/regression/ProcessInstanceKillsTest.java,231.0,26.0,0.0,15.0,162.0,44.0,0.0,rostafiychuk@apache.org,0,0.0,0.0,0.0,0.0,0.0,0.0,0.0,0,3,0.0,false
falcon-regression/merlin/src/test/java/org/apache/falcon/regression/ProcessInstanceRerunTest.java,229.0,25.0,0.0,14.0,161.0,33.0,0.0,rostafiychuk@apache.org,0,0.0,0.0,0.0,0.0,0.0,0.0,0.0,0,2,0.0,false
falcon-regression/merlin/src/test/java/org/apache/falcon/regression/ProcessInstanceResumeTest.java,183.0,20.0,0.0,14.0,100.0,34.0,0.0,rostafiychuk@apache.org,0,0.0,0.0,0.0,0.0,0.0,0.0,0.0,0,3,0.0,false
falcon-regression/merlin/src/test/java/org/apache/falcon/regression/ProcessInstanceRunningTest.java,113.0,24.0,0.0,9.0,65.0,19.0,0.0,rostafiychuk@apache.org,0,0.0,0.0,0.0,0.0,0.0,0.0,0.0,0,0,0.0,false
falcon-regression/merlin/src/test/java/org/apache/falcon/regression/ProcessInstanceStatusTest.java,291.0,33.0,0.0,19.0,212.0,59.0,0.0,rostafiychuk@apache.org,0,0.0,0.0,0.0,0.0,0.0,0.0,0.0,0,5,0.0,false
falcon-regression/merlin/src/test/java/org/apache/falcon/regression/ProcessInstanceSuspendTest.java,157.0,20.0,0.0,11.0,92.0,28.0,0.0,rostafiychuk@apache.org,0,0.0,0.0,0.0,0.0,0.0,0.0,0.0,0,2,0.0,false
falcon-regression/merlin/src/test/java/org/apache/falcon/regression/ProcessLateRerunTest.java,212.0,18.0,0.0,9.0,135.0,28.0,0.0,rostafiychuk@apache.org,0,0.0,0.0,0.0,0.0,0.0,0.0,0.0,0,1,0.0,false
falcon-regression/merlin/src/test/java/org/apache/falcon/regression/ProcessLibPathLoadTest.java,100.0,19.0,20.0,8.0,40.0,20.0,4.0,samarthg@apacge.org,1,0.0,0.0,0.0,33.0,0.0,626.5454545454546,7211.105111530196,1,0,1.466337068793427,false
falcon-regression/merlin/src/test/java/org/apache/falcon/regression/ProcessLibPathTest.java,73.0,21.0,0.0,5.0,39.0,13.0,0.0,samarth.gupta@inmobi.com,0,0.0,0.0,0.0,0.0,0.0,0.0,0.0,0,2,0.0,false
falcon-regression/merlin/src/test/java/org/apache/falcon/regression/ProcessSLATest.java,92.0,13.0,28.0,9.0,70.0,19.0,0.0,samarthg@apacge.org,0,0.0,0.0,0.0,0.0,0.0,0.0,0.0,0,0,0.0,false
falcon-regression/merlin/src/test/java/org/apache/falcon/regression/SearchApiTest.java,246.0,30.0,11.0,6.0,51.0,21.0,0.0,raghav@apache.org,0,0.0,0.0,0.0,0.0,0.0,0.0,0.0,0,0,0.0,false
falcon-regression/merlin/src/test/java/org/apache/falcon/regression/TestngListener.java,88.0,24.0,18.0,12.0,58.0,24.0,0.0,rostafiychuk@apache.org,0,0.0,0.0,0.0,0.0,0.0,0.0,0.0,0,2,0.0,false
falcon-regression/merlin/src/test/java/org/apache/falcon/regression/TouchAPIPrismAndServerTest.java,101.0,16.0,7.0,7.0,54.0,18.0,4.0,samarthg@apacge.org,1,0.0,0.0,0.0,25.0,0.0,626.5454545454546,7211.105111530196,1,0,1.466337068793427,false
falcon-regression/merlin/src/test/java/org/apache/falcon/regression/ValidateAPIPrismAndServerTest.java,170.0,15.0,0.0,16.0,128.0,32.0,0.0,samarthg@apacge.org,0,0.0,0.0,0.0,0.0,0.0,0.0,0.0,0,0,0.0,false
falcon-regression/merlin/src/test/java/org/apache/falcon/regression/entity/EntitiesPatternSearchTest.java,106.0,21.0,24.0,9.0,61.0,24.0,26.0,samarthg@apacge.org,1,0.0,0.0,0.0,25.0,0.0,626.5454545454546,7211.105111530196,1,0,1.466337068793427,false
falcon-regression/merlin/src/test/java/org/apache/falcon/regression/entity/ListEntitiesTest.java,172.0,28.0,45.0,11.0,81.0,36.0,50.0,rostafiychuk@apache.org,1,0.0,0.0,0.0,0.0,0.0,626.5454545454546,7211.105111530196,1,2,1.466337068793427,false
falcon-regression/merlin/src/test/java/org/apache/falcon/regression/hcat/HCatFeedOperationsTest.java,133.0,32.0,0.0,11.0,91.0,25.0,26.0,rostafiychuk@apache.org,1,0.011627906976744186,7.0,0.0,0.0,0.0,626.5454545454546,7211.105111530196,1,2,1.466337068793427,false
falcon-regression/merlin/src/test/java/org/apache/falcon/regression/hcat/HCatProcessTest.java,318.0,40.0,0.0,11.0,239.0,31.0,50.0,rostafiychuk@apache.org,1,0.0,0.0,0.0,0.0,0.0,626.5454545454546,7211.105111530196,1,1,1.466337068793427,false
falcon-regression/merlin/src/test/java/org/apache/falcon/regression/hcat/HCatReplicationTest.java,161.0,41.0,12.0,8.0,99.0,25.0,50.0,rostafiychuk@apache.org,1,0.0,0.0,0.0,0.0,0.0,626.5454545454546,7211.105111530196,1,2,1.466337068793427,false
falcon-regression/merlin/src/test/java/org/apache/falcon/regression/hcat/HCatRetentionTest.java,147.0,38.0,12.0,8.0,80.0,31.0,50.0,rostafiychuk@apache.org,1,0.0,0.0,0.0,0.0,0.0,626.5454545454546,7211.105111530196,1,1,1.466337068793427,false
falcon-regression/merlin/src/test/java/org/apache/falcon/regression/lineage/EntitySummaryTest.java,229.0,39.0,0.0,8.0,120.0,33.0,50.0,rostafiychuk@apache.org,1,0.0,0.0,0.0,0.0,0.0,626.5454545454546,7211.105111530196,1,1,1.466337068793427,false
falcon-regression/merlin/src/test/java/org/apache/falcon/regression/lineage/LineageApiProcessInstanceTest.java,117.0,26.0,0.0,5.0,62.0,13.0,50.0,rostafiychuk@apache.org,1,0.0,0.0,0.0,0.0,0.0,626.5454545454546,7211.105111530196,1,2,1.466337068793427,false
falcon-regression/merlin/src/test/java/org/apache/falcon/regression/lineage/LineageApiTest.java,383.0,31.0,0.0,29.0,237.0,76.0,50.0,rostafiychuk@apache.org,1,0.0,0.0,0.0,0.0,0.0,626.5454545454546,7211.105111530196,1,2,1.466337068793427,false
falcon-regression/merlin/src/test/java/org/apache/falcon/regression/lineage/ListFeedInstancesTest.java,259.0,35.0,0.0,9.0,105.0,28.0,0.0,raghav@apache.org,0,0.0,0.0,0.0,0.0,0.0,0.0,0.0,0,2,0.0,false
falcon-regression/merlin/src/test/java/org/apache/falcon/regression/lineage/ListProcessInstancesTest.java,185.0,21.0,0.0,8.0,61.0,21.0,0.0,rostafiychuk@apache.org,0,0.0,0.0,0.0,0.0,0.0,0.0,0.0,0,1,0.0,false
falcon-regression/merlin/src/test/java/org/apache/falcon/regression/lineage/ProcessPipelineTest.java,87.0,24.0,19.0,7.0,39.0,20.0,50.0,raghav@apache.org,1,0.0,0.0,0.0,0.0,0.0,626.5454545454546,7211.105111530196,1,1,1.466337068793427,false
falcon-regression/merlin/src/test/java/org/apache/falcon/regression/prism/EntityDryRunTest.java,78.0,21.0,24.0,8.0,53.0,19.0,0.0,rostafiychuk@apache.org,0,0.0,0.0,0.0,0.0,0.0,0.0,0.0,0,5,0.0,false
falcon-regression/merlin/src/test/java/org/apache/falcon/regression/prism/FeedDelayTest.java,102.0,20.0,22.0,8.0,55.0,27.0,50.0,samarthg@apacge.org,1,0.0,0.0,0.0,0.0,0.0,626.5454545454546,7211.105111530196,1,2,1.466337068793427,false
falcon-regression/merlin/src/test/java/org/apache/falcon/regression/prism/NewPrismProcessUpdateTest.java,790.0,45.0,230.0,40.0,787.0,140.0,0.0,rostafiychuk@apache.org,0,0.0,0.0,0.0,0.0,0.0,0.0,0.0,0,1,0.0,false
falcon-regression/merlin/src/test/java/org/apache/falcon/regression/prism/OptionalInputTest.java,200.0,20.0,0.0,10.0,130.0,39.0,0.0,rostafiychuk@apache.org,0,0.0,0.0,0.0,0.0,0.0,0.0,0.0,0,2,0.0,false
falcon-regression/merlin/src/test/java/org/apache/falcon/regression/prism/PrismFeedDeleteTest.java,547.0,24.0,0.0,21.0,273.0,48.0,50.0,rostafiychuk@apache.org,1,0.0,0.0,0.0,0.0,0.0,626.5454545454546,7211.105111530196,1,2,1.466337068793427,false
falcon-regression/merlin/src/test/java/org/apache/falcon/regression/prism/PrismFeedLateReplicationTest.java,248.0,24.0,7.0,7.0,160.0,33.0,0.0,rostafiychuk@apache.org,0,0.0,0.0,0.0,0.0,0.0,0.0,0.0,0,2,0.0,false
falcon-regression/merlin/src/test/java/org/apache/falcon/regression/prism/PrismFeedReplicationPartitionExpTest.java,332.0,28.0,0.0,14.0,240.0,35.0,0.0,rostafiychuk@apache.org,0,0.0,0.0,0.0,0.0,0.0,0.0,0.0,0,3,0.0,false
falcon-regression/merlin/src/test/java/org/apache/falcon/regression/prism/PrismFeedReplicationUpdateTest.java,119.0,26.0,6.0,5.0,71.0,13.0,0.0,rostafiychuk@apache.org,0,0.0,0.0,0.0,0.0,0.0,0.0,0.0,0,2,0.0,false
falcon-regression/merlin/src/test/java/org/apache/falcon/regression/prism/PrismFeedSnSTest.java,278.0,21.0,0.0,20.0,152.0,46.0,2.0,rostafiychuk@apache.org,1,0.0,0.0,0.0,8.0,0.0,626.5454545454546,7211.105111530196,1,2,1.466337068793427,false
falcon-regression/merlin/src/test/java/org/apache/falcon/regression/prism/PrismFeedUpdateTest.java,118.0,29.0,5.0,6.0,85.0,16.0,50.0,rostafiychuk@apache.org,1,0.0,0.0,0.0,0.0,0.0,626.5454545454546,7211.105111530196,1,4,1.466337068793427,false
falcon-regression/merlin/src/test/java/org/apache/falcon/regression/prism/PrismProcessDeleteTest.java,512.0,20.0,0.0,20.0,218.0,51.0,50.0,rostafiychuk@apache.org,1,0.0,0.0,0.0,0.0,0.0,626.5454545454546,7211.105111530196,1,1,1.466337068793427,false
falcon-regression/merlin/src/test/java/org/apache/falcon/regression/prism/PrismProcessScheduleTest.java,239.0,22.0,0.0,15.0,115.0,38.0,0.0,rostafiychuk@apache.org,0,0.0,0.0,0.0,0.0,0.0,0.0,0.0,0,3,0.0,false
falcon-regression/merlin/src/test/java/org/apache/falcon/regression/prism/PrismProcessSnSTest.java,153.0,19.0,0.0,11.0,83.0,24.0,0.0,rostafiychuk@apache.org,0,0.0,0.0,0.0,0.0,0.0,0.0,0.0,0,2,0.0,false
falcon-regression/merlin/src/test/java/org/apache/falcon/regression/prism/PrismSubmitTest.java,366.0,17.0,0.0,21.0,232.0,63.0,0.0,rostafiychuk@apache.org,0,0.0,0.0,0.0,0.0,0.0,0.0,0.0,0,1,0.0,false
falcon-regression/merlin/src/test/java/org/apache/falcon/regression/prism/ProcessPartitionExpVariableTest.java,69.0,24.0,0.0,5.0,33.0,17.0,50.0,rostafiychuk@apache.org,1,0.0,0.0,0.0,0.0,0.0,626.5454545454546,7211.105111530196,1,1,1.466337068793427,false
falcon-regression/merlin/src/test/java/org/apache/falcon/regression/prism/RescheduleKilledProcessTest.java,59.0,17.0,8.0,5.0,42.0,11.0,50.0,rostafiychuk@apache.org,1,0.0,0.0,0.0,0.0,0.0,626.5454545454546,7211.105111530196,1,1,1.466337068793427,false
falcon-regression/merlin/src/test/java/org/apache/falcon/regression/prism/RescheduleProcessInFinalStatesTest.java,101.0,28.0,14.0,8.0,62.0,20.0,2.0,rostafiychuk@apache.org,1,0.0,0.0,0.0,0.0,0.0,289.47826086956525,1085.1098232750514,1,2,1.466337068793427,false
falcon-regression/merlin/src/test/java/org/apache/falcon/regression/prism/RetentionTest.java,169.0,37.0,22.0,9.0,69.0,34.0,50.0,rostafiychuk@apache.org,1,0.0,0.0,0.0,0.0,0.0,626.5454545454546,7211.105111530196,1,1,1.466337068793427,false
falcon-regression/merlin/src/test/java/org/apache/falcon/regression/prism/UpdateAtSpecificTimeTest.java,281.0,38.0,0.0,15.0,227.0,41.0,0.0,rostafiychuk@apache.org,0,0.0,0.0,0.0,0.0,0.0,0.0,0.0,0,6,0.0,false
falcon-regression/merlin/src/test/java/org/apache/falcon/regression/searchUI/EntitiesTableReflectionTest.java,89.0,24.0,3.0,7.0,61.0,15.0,6.0,raghav@apache.org,2,0.0,0.0,0.0,0.0,0.0,916.0237154150199,8296.214934805248,2,0,0.7731898882334817,false
falcon-regression/merlin/src/test/java/org/apache/falcon/regression/searchUI/EntitiesTableTest.java,84.0,20.0,9.0,7.0,42.0,16.0,0.0,rostafiychuk@apache.org,0,0.0,0.0,0.0,0.0,0.0,0.0,0.0,0,0,0.0,false
falcon-regression/merlin/src/test/java/org/apache/falcon/regression/searchUI/HomePageTest.java,38.0,14.0,0.0,5.0,26.0,10.0,0.0,rostafiychuk@apache.org,0,0.0,0.0,0.0,0.0,0.0,0.0,0.0,0,0,0.0,false
falcon-regression/merlin/src/test/java/org/apache/falcon/regression/searchUI/LoginTest.java,51.0,11.0,0.0,9.0,30.0,20.0,0.0,rostafiychuk@apache.org,0,0.0,0.0,0.0,0.0,0.0,0.0,0.0,0,0,0.0,false
falcon-regression/merlin/src/test/java/org/apache/falcon/regression/ui/LineageGraphTest.java,199.0,35.0,6.0,9.0,113.0,24.0,50.0,rostafiychuk@apache.org,1,0.0,0.0,0.0,0.0,0.0,626.5454545454546,7211.105111530196,1,2,1.466337068793427,false
falcon-regression/merlin/src/test/java/org/apache/falcon/regression/ui/ProcessUITest.java,110.0,40.0,2.0,4.0,72.0,12.0,6.0,rostafiychuk@apache.org,1,0.0,0.0,0.0,0.0,0.0,289.47826086956525,1085.1098232750514,1,2,1.466337068793427,false
hadoop-dependencies/src/versioned-src/v2/java/org/apache/hadoop/mapred/ClassicClientProtocolProvider.java,28.0,12.0,3.0,3.0,7.0,9.0,0.0,suhas.v@inmobi.com,0,0.0,0.0,0.0,0.0,0.0,0.0,0.0,0,0,0.0,false
messaging/src/main/java/org/apache/falcon/messaging/JMSMessageConsumer.java,95.0,24.0,5.0,10.0,37.0,27.0,0.0,venkatesh@apache.org,0,0.0,0.0,0.0,0.0,0.0,0.0,0.0,0,1,0.0,false
messaging/src/test/java/org/apache/falcon/messaging/FeedProducerTest.java,102.0,26.0,8.0,9.0,53.0,24.0,0.0,null,0,0.0,0.0,0.0,0.0,0.0,0.0,0.0,0,2,0.0,false
messaging/src/test/java/org/apache/falcon/messaging/JMSMessageProducerTest.java,130.0,19.0,33.0,11.0,79.0,30.0,0.0,suhas.v@inmobi.com,0,0.0,0.0,0.0,0.0,0.0,0.0,0.0,0,1,0.0,false
messaging/src/test/java/org/apache/falcon/messaging/ProcessProducerTest.java,81.0,17.0,5.0,7.0,37.0,18.0,0.0,null,0,0.0,0.0,0.0,0.0,0.0,0.0,0.0,0,2,0.0,false
metrics/src/main/java/org/apache/falcon/aspect/GenericAlert.java,34.0,6.0,45.0,10.0,0.0,22.0,0.0,venkatesh@apache.org,0,0.0,0.0,0.0,0.0,0.0,0.0,0.0,0,4,0.0,false
oozie-el-extensions/src/main/java/org/apache/oozie/extensions/OozieELExtensions.java,356.0,18.0,358.0,41.0,127.0,133.0,0.0,srikanth.sundarrajan@inmobi.com,0,0.0,0.0,0.0,0.0,0.0,0.0,0.0,0,1,0.0,false
oozie/src/main/java/org/apache/falcon/logging/JobLogMover.java,108.0,25.0,24.0,9.0,53.0,33.0,0.0,suhas.v@inmobi.com,0,0.0,0.0,0.0,0.0,0.0,0.0,0.0,0,0,0.0,false
oozie/src/main/java/org/apache/falcon/logging/LogProvider.java,90.0,19.0,26.0,8.0,38.0,32.0,0.0,null,0,0.0,0.0,0.0,0.0,0.0,0.0,0.0,0,3,0.0,false
oozie/src/main/java/org/apache/falcon/oozie/OozieBundleBuilder.java,92.0,28.0,28.0,8.0,56.0,24.0,0.0,suhas.v@inmobi.com,0,0.0,0.0,0.0,0.0,0.0,0.0,0.0,0,1,0.0,false
oozie/src/main/java/org/apache/falcon/oozie/OozieEntityBuilder.java,195.0,37.0,114.0,16.0,72.0,52.0,0.0,suhas.v@inmobi.com,0,0.0,0.0,0.0,0.0,0.0,0.0,0.0,0,0,0.0,false
oozie/src/main/java/org/apache/falcon/oozie/OozieOrchestrationWorkflowBuilder.java,243.0,40.0,217.0,22.0,85.0,67.0,0.0,suhas.v@inmobi.com,0,0.0,0.0,0.0,0.0,0.0,0.0,0.0,0,1,0.0,false
oozie/src/main/java/org/apache/falcon/oozie/feed/FSReplicationWorkflowBuilder.java,34.0,8.0,1.0,2.0,14.0,5.0,0.0,suhas.v@inmobi.com,0,0.0,0.0,0.0,0.0,0.0,0.0,0.0,0,0,0.0,false
oozie/src/main/java/org/apache/falcon/oozie/feed/FeedReplicationCoordinatorBuilder.java,294.0,41.0,276.0,24.0,176.0,63.0,0.0,venkatesh@apache.org,0,0.0,0.0,0.0,0.0,0.0,0.0,0.0,0,1,0.0,false
oozie/src/main/java/org/apache/falcon/oozie/feed/FeedReplicationWorkflowBuilder.java,29.0,15.0,6.0,4.0,17.0,10.0,0.0,suhas.v@inmobi.com,0,0.0,0.0,0.0,0.0,0.0,0.0,0.0,0,0,0.0,false
oozie/src/main/java/org/apache/falcon/oozie/feed/HCatReplicationWorkflowBuilder.java,83.0,8.0,1.0,3.0,23.0,9.0,0.0,suhas.v@inmobi.com,0,0.0,0.0,0.0,0.0,0.0,0.0,0.0,0,0,0.0,false
oozie/src/main/java/org/apache/falcon/oozie/process/ProcessExecutionCoordinatorBuilder.java,237.0,39.0,120.0,16.0,155.0,48.0,0.0,suhas.v@inmobi.com,0,0.0,0.0,0.0,0.0,0.0,0.0,0.0,0,0,0.0,false
oozie/src/main/java/org/apache/falcon/oozie/process/ProcessExecutionWorkflowBuilder.java,151.0,32.0,55.0,11.0,75.0,43.0,0.0,null,0,0.0,0.0,0.0,0.0,0.0,0.0,0.0,0,0,0.0,false
oozie/src/main/java/org/apache/falcon/service/SharedLibraryHostingService.java,112.0,19.0,34.0,9.0,45.0,34.0,2.0,null,1,0.0,0.0,0.0,0.0,0.0,50.0,15.674114978822416,1,4,1.6486586255873816,false
oozie/src/main/java/org/apache/falcon/workflow/engine/OozieWorkflowEngine.java,1186.0,53.0,2641.0,82.0,519.0,346.0,0.0,null,0,0.0,0.0,0.0,0.0,0.0,0.0,0.0,0,9,0.0,false
oozie/src/test/java/org/apache/falcon/oozie/feed/OozieFeedWorkflowBuilderTest.java,476.0,55.0,209.0,27.0,303.0,76.0,0.0,venkatesh@apache.org,0,0.0,0.0,0.0,0.0,0.0,0.0,0.0,0,2,0.0,false
oozie/src/test/java/org/apache/falcon/oozie/process/AbstractTestBase.java,163.0,37.0,105.0,15.0,99.0,51.0,0.0,suhas.v@inmobi.com,0,0.0,0.0,0.0,0.0,0.0,0.0,0.0,0,2,0.0,false
oozie/src/test/java/org/apache/falcon/oozie/process/OozieProcessWorkflowBuilderTest.java,462.0,58.0,118.0,24.0,419.0,74.0,0.0,shwetha.gs@inmobi.com,0,0.0,0.0,0.0,0.0,0.0,0.0,0.0,0,1,0.0,false
oozie/src/test/java/org/apache/falcon/oozie/workflow/FalconPostProcessingTest.java,94.0,11.0,14.0,9.0,36.0,26.0,0.0,null,0,0.0,0.0,0.0,0.0,0.0,0.0,0.0,0,3,0.0,false
prism/src/main/java/org/apache/falcon/Main.java,70.0,12.0,9.0,6.0,32.0,16.0,0.0,venkatesh@apache.org,0,0.0,0.0,0.0,0.0,0.0,0.0,0.0,0,0,0.0,false
prism/src/main/java/org/apache/falcon/resource/AbstractEntityManager.java,787.0,49.0,719.0,46.0,307.0,218.0,0.0,null,0,0.0,0.0,0.0,0.0,0.0,0.0,0.0,0,5,0.0,false
prism/src/main/java/org/apache/falcon/resource/AbstractInstanceManager.java,414.0,19.0,316.0,29.0,204.0,131.0,0.0,venkatesh@apache.org,0,0.0,0.0,0.0,0.0,0.0,0.0,0.0,0,4,0.0,false
prism/src/main/java/org/apache/falcon/resource/AbstractSchedulableEntityManager.java,213.0,21.0,13.0,11.0,88.0,50.0,0.0,venkatesh@apache.org,0,0.0,0.0,0.0,0.0,0.0,0.0,0.0,0,3,0.0,false
prism/src/main/java/org/apache/falcon/resource/admin/AdminResource.java,77.0,17.0,6.0,4.0,23.0,14.0,0.0,venkatesh@hortonworks.com,0,0.0,0.0,0.0,0.0,0.0,0.0,0.0,0,2,0.0,false
prism/src/main/java/org/apache/falcon/resource/channel/HTTPChannel.java,129.0,26.0,41.0,10.0,51.0,38.0,0.0,venkatesh@hortonworks.com,0,0.0,0.0,0.0,0.0,0.0,0.0,0.0,0,2,0.0,false
prism/src/main/java/org/apache/falcon/resource/metadata/LineageMetadataResource.java,383.0,44.0,24.0,17.0,150.0,81.0,0.0,venkatesh@hortonworks.com,0,0.0,0.0,0.0,0.0,0.0,0.0,0.0,0,1,0.0,false
prism/src/main/java/org/apache/falcon/resource/metadata/MetadataDiscoveryResource.java,125.0,23.0,55.0,11.0,84.0,41.0,0.0,suhas.v@inmobi.com,0,0.0,0.0,0.0,0.0,0.0,0.0,0.0,0,1,0.0,false
prism/src/main/java/org/apache/falcon/resource/proxy/SchedulableEntityManagerProxy.java,316.0,28.0,1019.0,46.0,122.0,132.0,2.0,null,1,0.0,0.0,0.0,0.0,0.0,50.0,15.674114978822416,1,3,1.6486586255873816,false
prism/src/main/java/org/apache/falcon/security/FalconAuthenticationFilter.java,117.0,23.0,5.0,7.0,53.0,22.0,0.0,venkatesh@apache.org,0,0.0,0.0,0.0,0.0,0.0,0.0,0.0,0,1,0.0,false
prism/src/main/java/org/apache/falcon/security/RemoteUserInHeaderBasedAuthenticationHandler.java,14.0,7.0,0.0,1.0,3.0,5.0,0.0,suhas.v@inmobi.com,0,0.0,0.0,0.0,0.0,0.0,0.0,0.0,0,0,0.0,false
prism/src/main/java/org/apache/falcon/util/Servlets.java,52.0,2.0,6.0,4.0,12.0,10.0,0.0,suhas.v@inmobi.com,0,0.0,0.0,0.0,0.0,0.0,0.0,0.0,0,0,0.0,false
prism/src/test/java/org/apache/falcon/resource/EntityManagerTest.java,222.0,29.0,163.0,19.0,103.0,48.0,0.0,venkatesh@apache.org,0,0.0,0.0,0.0,0.0,0.0,0.0,0.0,0,3,0.0,false
replication/src/main/java/org/apache/falcon/replication/FeedReplicator.java,101.0,21.0,21.0,7.0,39.0,24.0,0.0,null,0,0.0,0.0,0.0,0.0,0.0,0.0,0.0,0,4,0.0,false
retention/src/test/java/org/apache/falcon/retention/FeedEvictorTest.java,326.0,18.0,38.0,20.0,159.0,64.0,2.0,null,1,0.0,0.0,0.0,0.0,0.0,0.0,0.0,1,3,3.258096538021482,true
test-util/src/main/java/org/apache/falcon/cluster/util/EmbeddedCluster.java,88.0,15.0,77.0,14.0,29.0,35.0,0.0,null,0,0.0,0.0,0.0,0.0,0.0,0.0,0.0,0,4,0.0,false
webapp/src/main/java/org/apache/falcon/resource/SchedulableEntityManager.java,38.0,6.0,55.0,11.0,0.0,22.0,0.0,null,0,0.0,0.0,0.0,0.0,0.0,0.0,0.0,0,2,0.0,false
webapp/src/test/java/org/apache/falcon/catalog/CatalogPartitionHandlerIT.java,33.0,11.0,4.0,4.0,17.0,10.0,0.0,suhas.v@inmobi.com,0,0.0,0.0,0.0,0.0,0.0,0.0,0.0,0,0,0.0,false
webapp/src/test/java/org/apache/falcon/catalog/HiveCatalogServiceIT.java,205.0,24.0,0.0,30.0,116.0,68.0,0.0,null,0,0.0,0.0,0.0,0.0,0.0,0.0,0.0,0,1,0.0,false
webapp/src/test/java/org/apache/falcon/cli/FalconCLIIT.java,437.0,17.0,470.0,33.0,198.0,85.0,0.0,venkatesh@apache.org,0,0.0,0.0,0.0,0.0,0.0,0.0,0.0,0,1,0.0,false
webapp/src/test/java/org/apache/falcon/lifecycle/FileSystemFeedReplicationIT.java,144.0,20.0,1.0,7.0,71.0,15.0,0.0,srikanth.sundarrajan@inmobi.com,0,0.0,0.0,0.0,0.0,0.0,0.0,0.0,0,2,0.0,false
webapp/src/test/java/org/apache/falcon/lifecycle/TableStorageFeedEvictorIT.java,340.0,39.0,155.0,23.0,142.0,77.0,0.0,null,0,0.0,0.0,0.0,0.0,0.0,0.0,0.0,0,0,0.0,false
webapp/src/test/java/org/apache/falcon/lifecycle/TableStorageFeedReplicationIT.java,114.0,25.0,16.0,9.0,66.0,19.0,0.0,sriksun@apache.org,0,0.0,0.0,0.0,0.0,0.0,0.0,0.0,0,2,0.0,false
webapp/src/test/java/org/apache/falcon/process/PigProcessIT.java,46.0,18.0,4.0,4.0,32.0,9.0,0.0,venkatesh@apache.org,0,0.0,0.0,0.0,0.0,0.0,0.0,0.0,0,2,0.0,false
webapp/src/test/java/org/apache/falcon/process/TableStorageProcessIT.java,98.0,26.0,0.0,10.0,68.0,21.0,0.0,sriksun@apache.org,0,0.0,0.0,0.0,0.0,0.0,0.0,0.0,0,2,0.0,false
webapp/src/test/java/org/apache/falcon/resource/TestContext.java,350.0,63.0,791.0,42.0,157.0,122.0,0.0,null,0,0.0,0.0,0.0,0.0,0.0,0.0,0.0,0,1,0.0,false
webapp/src/test/java/org/apache/falcon/util/HiveTestUtils.java,96.0,14.0,78.0,13.0,57.0,34.0,0.0,null,0,0.0,0.0,0.0,0.0,0.0,0.0,0.0,0,0,0.0,false
webapp/src/test/java/org/apache/falcon/util/OozieTestUtils.java,132.0,21.0,78.0,13.0,57.0,52.0,0.0,suhas.v@inmobi.com,0,0.0,0.0,0.0,0.0,0.0,0.0,0.0,0,0,0.0,false
webapp/src/test/java/org/apache/falcon/validation/ClusterEntityValidationIT.java,102.0,26.0,7.0,10.0,73.0,21.0,0.0,venkatesh@apache.org,0,0.0,0.0,0.0,0.0,0.0,0.0,0.0,0,1,0.0,false
