name,LOC,CBO,LCOM,NOM,RFC,WMC,ACS,Ownership,numOfChanges,numberOfFIChanges,ENH,NF,BugFixing,REF,structuralWorkloadSum,semanticWorkloadSum,numberOfDeveloper,pastFaults,MAF,isBuggy
application/application-api/src/main/java/org/apache/aries/application/filesystem/ICloseableDirectory.java,9.0,1.0,0.0,1.0,0.0,1.0,84.0,mahrwald@13f79535-47bb-0310-9956-ffa450edef68,1,0.0016286644951140066,100.0,0.0,50.0,50.0,5804.469135802469,171112.5,1,0,1.3113313226464354,false
application/application-api/src/main/java/org/apache/aries/application/filesystem/IDirectory.java,28.0,1.0,10.0,5.0,0.0,14.0,84.0,mahrwald@13f79535-47bb-0310-9956-ffa450edef68,1,0.0016286644951140066,67.0,0.0,33.0,33.0,5804.469135802469,171112.5,1,0,1.3113313226464354,false
application/application-api/src/main/java/org/apache/aries/application/filesystem/IFile.java,53.0,4.0,55.0,11.0,0.0,31.0,63.0,mahrwald@13f79535-47bb-0310-9956-ffa450edef68,1,0.0016286644951140066,67.0,33.0,67.0,33.0,5804.469135802469,171112.5,1,0,1.3113313226464354,false
application/application-api/src/main/java/org/apache/aries/application/management/spi/repository/RepositoryGenerator.java,18.0,5.0,1.0,2.0,0.0,6.0,2.0,ejiang@13f79535-47bb-0310-9956-ffa450edef68,1,0.0016286644951140066,50.0,50.0,0.0,0.0,159.71428571428572,224.0,1,0,2.7200985396183843,false
application/application-deployment-management/src/main/java/org/apache/aries/application/deployment/management/impl/DeploymentManifestManagerImpl.java,430.0,53.0,99.0,23.0,155.0,85.0,35.0,mahrwald@13f79535-47bb-0310-9956-ffa450edef68,1,0.0016286644951140066,42.0,8.0,17.0,25.0,5804.469135802469,171112.5,1,2,1.3113313226464354,true
application/application-itests/src/test/java/org/apache/aries/application/runtime/itests/IsolatedRuntimeTest.java,95.0,31.0,55.0,11.0,68.0,31.0,47.0,mahrwald@13f79535-47bb-0310-9956-ffa450edef68,1,0.0016286644951140066,21.0,0.0,14.0,14.0,5804.469135802469,171112.5,1,2,1.3113313226464354,true
application/application-itests/src/test/java/org/apache/aries/application/runtime/itests/OBRResolverAdvancedTest.java,261.0,52.0,31.0,10.0,129.0,40.0,47.0,null,2,0.003257328990228013,18.0,6.0,6.0,12.0,5964.183421516755,171336.5,2,2,1.1444062266756054,true
application/application-management/src/main/java/org/apache/aries/application/management/impl/AriesApplicationManagerImpl.java,281.0,54.0,115.0,18.0,86.0,59.0,37.0,null,3,0.004885993485342019,44.0,11.0,22.0,11.0,6390.040564373898,172626.58592329882,3,1,1.1919853885105962,true
application/application-modeller/src/main/java/org/apache/aries/application/modelling/impl/ModelledResourceManagerImpl.java,141.0,28.0,3.0,7.0,33.0,27.0,31.0,mahrwald@13f79535-47bb-0310-9956-ffa450edef68,2,0.003257328990228013,42.0,8.0,8.0,8.0,5964.183421516755,171336.5,2,0,1.0926823425026373,true
application/application-obr-resolver/src/main/java/org/apache/aries/application/resolver/obr/impl/OBRCapability.java,74.0,15.0,16.0,8.0,30.0,24.0,0.0,timothyjward@13f79535-47bb-0310-9956-ffa450edef68,0,0.0,0.0,0.0,0.0,0.0,0.0,0.0,0,1,0.0,false
application/application-obr-resolver/src/main/java/org/apache/aries/application/resolver/obr/impl/RepositoryGeneratorImpl.java,213.0,44.0,0.0,12.0,82.0,35.0,49.0,mahrwald@13f79535-47bb-0310-9956-ffa450edef68,2,0.003257328990228013,60.0,20.0,20.0,20.0,5964.183421516755,171336.5,2,0,1.1444062266756054,true
application/application-runtime-framework-management/src/main/java/org/apache/aries/application/runtime/framework/management/BundleFrameworkManagerImpl.java,178.0,28.0,214.0,25.0,50.0,65.0,0.0,cwilkin@13f79535-47bb-0310-9956-ffa450edef68,0,0.0,0.0,0.0,0.0,0.0,0.0,0.0,0,1,0.0,false
application/application-runtime-framework/src/main/java/org/apache/aries/application/runtime/framework/config/BundleFrameworkConfigurationFactoryImpl.java,40.0,12.0,1.0,2.0,19.0,8.0,0.0,gmcdonald@13f79535-47bb-0310-9956-ffa450edef68,0,0.0,0.0,0.0,0.0,0.0,0.0,0.0,0,0,0.0,false
application/application-runtime-framework/src/main/java/org/apache/aries/application/runtime/framework/config/BundleFrameworkConfigurationImpl.java,19.0,2.0,0.0,4.0,0.0,9.0,0.0,gmcdonald@13f79535-47bb-0310-9956-ffa450edef68,0,0.0,0.0,0.0,0.0,0.0,0.0,0.0,0,0,0.0,false
application/application-tooling-repository-generator/src/main/java/org/apache/aries/application/repository/generator/AriesRepositoryGenerator.java,191.0,27.0,15.0,7.0,65.0,32.0,1.0,ejiang@13f79535-47bb-0310-9956-ffa450edef68,1,0.0016286644951140066,100.0,67.0,0.0,33.0,159.71428571428572,224.0,1,0,2.7200985396183843,false
application/application-utils/src/main/java/org/apache/aries/application/impl/DeploymentMetadataFactoryImpl.java,31.0,13.0,15.0,6.0,7.0,21.0,61.0,mahrwald@13f79535-47bb-0310-9956-ffa450edef68,1,0.0016286644951140066,60.0,0.0,40.0,20.0,5804.469135802469,171112.5,1,0,1.3113313226464354,true
application/application-utils/src/main/java/org/apache/aries/application/utils/filesystem/FileSystem.java,13.0,3.0,0.0,1.0,1.0,3.0,83.0,mahrwald@13f79535-47bb-0310-9956-ffa450edef68,1,0.0016286644951140066,67.0,33.0,67.0,33.0,5804.469135802469,171112.5,1,0,1.3113313226464354,false
application/application-utils/src/main/java/org/apache/aries/application/utils/filesystem/FileUtils.java,40.0,6.0,1.0,2.0,10.0,11.0,61.0,mahrwald@13f79535-47bb-0310-9956-ffa450edef68,2,0.003257328990228013,100.0,67.0,33.0,33.0,5964.183421516755,171336.5,2,0,1.6139952989995887,false
application/application-utils/src/main/java/org/apache/aries/application/utils/filesystem/impl/CloseableDirectory.java,88.0,10.0,0.0,22.0,38.0,48.0,84.0,mahrwald@13f79535-47bb-0310-9956-ffa450edef68,1,0.0016286644951140066,100.0,0.0,50.0,50.0,5804.469135802469,171112.5,1,0,1.3113313226464354,false
application/application-utils/src/main/java/org/apache/aries/application/utils/filesystem/impl/DirectoryImpl.java,80.0,9.0,55.0,11.0,16.0,31.0,65.0,mahrwald@13f79535-47bb-0310-9956-ffa450edef68,1,0.0016286644951140066,75.0,25.0,50.0,25.0,5804.469135802469,171112.5,1,0,1.3113313226464354,false
application/application-utils/src/main/java/org/apache/aries/application/utils/filesystem/impl/FileImpl.java,88.0,8.0,0.0,15.0,19.0,38.0,63.0,mahrwald@13f79535-47bb-0310-9956-ffa450edef68,1,0.0016286644951140066,67.0,33.0,67.0,33.0,5804.469135802469,171112.5,1,0,1.3113313226464354,false
application/application-utils/src/main/java/org/apache/aries/application/utils/filesystem/impl/FileSystemImpl.java,63.0,10.0,0.0,3.0,12.0,12.0,49.0,mahrwald@13f79535-47bb-0310-9956-ffa450edef68,1,0.0016286644951140066,100.0,25.0,50.0,25.0,5804.469135802469,171112.5,1,0,1.3113313226464354,false
application/application-utils/src/main/java/org/apache/aries/application/utils/filesystem/impl/NestedCloseableDirectory.java,31.0,6.0,0.0,3.0,7.0,7.0,69.0,mahrwald@13f79535-47bb-0310-9956-ffa450edef68,1,0.0016286644951140066,100.0,0.0,50.0,50.0,5804.469135802469,171112.5,1,0,1.3113313226464354,false
application/application-utils/src/main/java/org/apache/aries/application/utils/filesystem/impl/NestedZipDirectory.java,149.0,18.0,130.0,17.0,48.0,50.0,57.0,mahrwald@13f79535-47bb-0310-9956-ffa450edef68,1,0.0016286644951140066,100.0,0.0,33.0,33.0,5804.469135802469,171112.5,1,0,1.3113313226464354,false
application/application-utils/src/main/java/org/apache/aries/application/utils/filesystem/impl/NestedZipFile.java,127.0,9.0,69.0,19.0,36.0,52.0,59.0,mahrwald@13f79535-47bb-0310-9956-ffa450edef68,1,0.0016286644951140066,100.0,0.0,33.0,33.0,5804.469135802469,171112.5,1,0,1.3113313226464354,false
application/application-utils/src/main/java/org/apache/aries/application/utils/filesystem/impl/ZipCloseableDirectory.java,18.0,4.0,0.0,3.0,1.0,6.0,69.0,mahrwald@13f79535-47bb-0310-9956-ffa450edef68,1,0.0016286644951140066,100.0,0.0,50.0,50.0,5804.469135802469,171112.5,1,0,1.3113313226464354,false
application/application-utils/src/main/java/org/apache/aries/application/utils/filesystem/impl/ZipDirectory.java,165.0,15.0,192.0,21.0,41.0,54.0,45.0,mahrwald@13f79535-47bb-0310-9956-ffa450edef68,1,0.0016286644951140066,83.0,33.0,50.0,17.0,5804.469135802469,171112.5,1,0,1.3113313226464354,false
application/application-utils/src/main/java/org/apache/aries/application/utils/filesystem/impl/ZipFileImpl.java,222.0,12.0,114.0,21.0,35.0,64.0,44.0,mahrwald@13f79535-47bb-0310-9956-ffa450edef68,1,0.0016286644951140066,83.0,33.0,50.0,17.0,5804.469135802469,171112.5,1,0,1.3113313226464354,false
application/application-utils/src/main/java/org/apache/aries/application/utils/manifest/ManifestHeaderProcessor.java,461.0,14.0,120.0,16.0,76.0,61.0,66.0,mahrwald@13f79535-47bb-0310-9956-ffa450edef68,2,0.003257328990228013,50.0,25.0,25.0,25.0,6350.040564373898,172622.29471634098,2,1,1.1049087149435417,false
application/application-utils/src/main/java/org/apache/aries/application/utils/manifest/ManifestProcessor.java,134.0,16.0,15.0,6.0,35.0,28.0,89.0,mahrwald@13f79535-47bb-0310-9956-ffa450edef68,1,0.0016286644951140066,33.0,0.0,33.0,33.0,5804.469135802469,171112.5,1,0,1.3113313226464354,false
application/application-utils/src/test/java/org/apache/aries/application/utils/filesystem/FileSystemTest.java,259.0,25.0,136.0,17.0,142.0,59.0,41.0,mahrwald@13f79535-47bb-0310-9956-ffa450edef68,1,0.0016286644951140066,83.0,33.0,50.0,17.0,5804.469135802469,171112.5,1,0,1.3113313226464354,false
application/application-utils/src/test/java/org/apache/aries/application/utils/filesystem/FileUtilsTest.java,46.0,12.0,0.0,1.0,15.0,4.0,67.0,mahrwald@13f79535-47bb-0310-9956-ffa450edef68,2,0.003257328990228013,100.0,50.0,50.0,50.0,5964.183421516755,171336.5,2,0,1.3225677505724645,false
application/application-utils/src/test/java/org/apache/aries/application/utils/manifest/ManifestHeaderProcessorTest.java,379.0,13.0,66.0,12.0,77.0,41.0,87.0,mahrwald@13f79535-47bb-0310-9956-ffa450edef68,1,0.0016286644951140066,33.0,0.0,33.0,33.0,5804.469135802469,171112.5,1,1,1.3113313226464354,false
blueprint/blueprint-annotation-impl/src/main/java/org/apache/aries/blueprint/annotation/impl/BlueprintAnnotationScannerImpl.java,515.0,54.0,141.0,18.0,196.0,76.0,6.0,mahrwald@13f79535-47bb-0310-9956-ffa450edef68,1,0.0016286644951140066,33.0,0.0,0.0,0.0,5804.469135802469,171112.5,1,0,1.3113313226464354,false
blueprint/blueprint-annotation-itest/src/test/java/org/apache/aries/blueprint/itests/BlueprintAnnotationTest.java,30.0,24.0,1.0,2.0,26.0,4.0,6.0,mahrwald@13f79535-47bb-0310-9956-ffa450edef68,1,0.0016286644951140066,25.0,0.0,0.0,0.0,5804.469135802469,171112.5,1,0,1.3113313226464354,false
blueprint/blueprint-core/src/main/java/org/apache/aries/blueprint/container/AbstractServiceReferenceRecipe.java,403.0,39.0,380.0,32.0,93.0,93.0,82.0,gnodet@13f79535-47bb-0310-9956-ffa450edef68,2,0.003257328990228013,10.0,10.0,0.0,5.0,7525.549135802469,193110.64526483495,2,0,0.6409153291248689,true
blueprint/blueprint-core/src/main/java/org/apache/aries/blueprint/container/BeanRecipe.java,757.0,33.0,733.0,43.0,179.0,136.0,55.0,null,3,0.004885993485342019,20.0,13.0,7.0,7.0,8071.120564373898,194620.43998117594,3,0,0.5523562072419461,true
blueprint/blueprint-core/src/main/java/org/apache/aries/blueprint/container/BlueprintContainerImpl.java,728.0,72.0,473.0,47.0,243.0,154.0,58.0,null,1,0.0016286644951140066,9.0,6.0,0.0,3.0,5804.469135802469,171112.5,1,2,1.3113313226464354,true
blueprint/blueprint-core/src/main/java/org/apache/aries/blueprint/container/BlueprintQuiesceParticipant.java,94.0,17.0,1.0,3.0,5.0,7.0,4.0,timothyjward@13f79535-47bb-0310-9956-ffa450edef68,1,0.0016286644951140066,50.0,0.0,50.0,0.0,1721.08,21998.145264834948,1,0,1.3567936967231928,false
blueprint/blueprint-core/src/main/java/org/apache/aries/blueprint/container/BlueprintRepository.java,286.0,28.0,209.0,27.0,90.0,89.0,81.0,mahrwald@13f79535-47bb-0310-9956-ffa450edef68,2,0.003257328990228013,40.0,20.0,0.0,20.0,7525.549135802469,193110.64526483495,2,1,0.6409153291248689,true
blueprint/blueprint-core/src/main/java/org/apache/aries/blueprint/container/DestroyCallback.java,6.0,0.0,0.0,1.0,0.0,1.0,4.0,timothyjward@13f79535-47bb-0310-9956-ffa450edef68,1,0.0016286644951140066,50.0,0.0,50.0,0.0,1721.08,21998.145264834948,1,0,1.3567936967231928,false
blueprint/blueprint-core/src/main/java/org/apache/aries/blueprint/container/ServiceRecipe.java,410.0,40.0,207.0,27.0,92.0,90.0,43.0,gnodet@13f79535-47bb-0310-9956-ffa450edef68,2,0.003257328990228013,24.0,12.0,6.0,6.0,7525.549135802469,193110.64526483495,2,1,0.7830929585851953,true
blueprint/blueprint-core/src/main/java/org/apache/aries/blueprint/di/AbstractRecipe.java,102.0,10.0,90.0,16.0,27.0,44.0,0.0,mahrwald@13f79535-47bb-0310-9956-ffa450edef68,0,0.0,0.0,0.0,0.0,0.0,0.0,0.0,0,1,0.0,true
blueprint/blueprint-core/src/main/java/org/apache/aries/blueprint/di/ExecutionContext.java,56.0,2.0,66.0,12.0,0.0,25.0,0.0,mahrwald@13f79535-47bb-0310-9956-ffa450edef68,0,0.0,0.0,0.0,0.0,0.0,0.0,0.0,0,1,0.0,false
blueprint/blueprint-core/src/main/java/org/apache/aries/blueprint/di/Repository.java,31.0,5.0,45.0,10.0,0.0,20.0,0.0,mahrwald@13f79535-47bb-0310-9956-ffa450edef68,0,0.0,0.0,0.0,0.0,0.0,0.0,0.0,0,1,0.0,true
blueprint/blueprint-core/src/main/java/org/apache/aries/blueprint/proxy/Collaborator.java,101.0,9.0,0.0,4.0,15.0,20.0,10.0,timothyjward@13f79535-47bb-0310-9956-ffa450edef68,1,0.0016286644951140066,50.0,50.0,0.0,0.0,1721.08,21998.145264834948,1,0,1.3567936967231928,false
blueprint/blueprint-core/src/main/java/org/apache/aries/blueprint/utils/ReflectionUtils.java,539.0,26.0,105.0,15.0,74.0,69.0,79.0,mahrwald@13f79535-47bb-0310-9956-ffa450edef68,2,0.003257328990228013,25.0,12.0,0.0,12.0,7525.549135802469,193110.64526483495,2,2,0.6409153291248689,true
blueprint/blueprint-core/src/test/java/org/apache/aries/blueprint/utils/ReflectionUtilsTest.java,228.0,21.0,219.0,27.0,74.0,64.0,155.0,mahrwald@13f79535-47bb-0310-9956-ffa450edef68,1,0.0016286644951140066,14.0,14.0,0.0,14.0,5804.469135802469,171112.5,1,2,1.3113313226464354,false
blueprint/blueprint-itests/src/test/java/org/apache/aries/blueprint/itests/AbstractIntegrationTest.java,181.0,34.0,121.0,18.0,76.0,61.0,5.0,mahrwald@13f79535-47bb-0310-9956-ffa450edef68,0,0.0,0.0,0.0,0.0,0.0,0.0,0.0,0,1,0.0,false
blueprint/blueprint-itests/src/test/java/org/apache/aries/blueprint/itests/BlueprintContainerTest.java,61.0,20.0,10.0,5.0,42.0,15.0,1.0,mahrwald@13f79535-47bb-0310-9956-ffa450edef68,1,0.0016286644951140066,30.0,0.0,0.0,0.0,5804.469135802469,171112.5,1,2,1.3113313226464354,true
blueprint/blueprint-itests/src/test/java/org/apache/aries/blueprint/itests/FragmentTest.java,27.0,12.0,3.0,3.0,34.0,10.0,0.0,mahrwald@13f79535-47bb-0310-9956-ffa450edef68,0,0.0,0.0,0.0,0.0,0.0,0.0,0.0,0,0,0.0,false
blueprint/blueprint-itests/src/test/java/org/apache/aries/blueprint/itests/QuiesceBlueprintTest.java,197.0,34.0,39.0,10.0,74.0,45.0,4.0,dkulp@13f79535-47bb-0310-9956-ffa450edef68,1,0.0016286644951140066,17.0,0.0,17.0,0.0,1721.08,21998.145264834948,1,0,1.3567936967231928,false
blueprint/blueprint-itests/src/test/java/org/apache/aries/blueprint/itests/TestReferences.java,110.0,25.0,36.0,9.0,60.0,24.0,0.0,not@13f79535-47bb-0310-9956-ffa450edef68,0,0.0,0.0,0.0,0.0,0.0,0.0,0.0,0,2,0.0,false
blueprint/blueprint-itests/src/test/java/org/apache/aries/blueprint/itests/comp/ListFactory.java,12.0,4.0,0.0,1.0,6.0,3.0,0.0,mahrwald@13f79535-47bb-0310-9956-ffa450edef68,0,0.0,0.0,0.0,0.0,0.0,0.0,0.0,0,1,0.0,false
blueprint/blueprint-itests/src/test/java/org/apache/aries/blueprint/itests/comp/Listener.java,18.0,1.0,1.0,2.0,10.0,4.0,0.0,mahrwald@13f79535-47bb-0310-9956-ffa450edef68,0,0.0,0.0,0.0,0.0,0.0,0.0,0.0,0,1,0.0,false
blueprint/blueprint-sample-fragment/src/main/java/org/apache/aries/blueprint/frament/FragmentBean.java,2.0,1.0,0.0,0.0,0.0,0.0,6.0,mahrwald@13f79535-47bb-0310-9956-ffa450edef68,1,0.0016286644951140066,50.0,0.0,0.0,0.0,5804.469135802469,171112.5,1,0,1.3113313226464354,false
blueprint/blueprint-sample/src/main/java/org/apache/aries/blueprint/sample/DestroyTest.java,34.0,0.0,0.0,4.0,4.0,11.0,0.0,not@13f79535-47bb-0310-9956-ffa450edef68,0,0.0,0.0,0.0,0.0,0.0,0.0,0.0,0,1,0.0,false
jndi/jndi-core/src/main/java/org/apache/aries/jndi/ContextHelper.java,159.0,15.0,36.0,9.0,29.0,40.0,8.0,not@13f79535-47bb-0310-9956-ffa450edef68,2,0.003257328990228013,27.0,0.0,9.0,9.0,6350.040564373898,172622.29471634098,2,1,1.3237832514943582,true
jndi/jndi-core/src/main/java/org/apache/aries/jndi/DirObjectFactoryHelper.java,94.0,13.0,10.0,5.0,20.0,25.0,6.0,hughesj@13f79535-47bb-0310-9956-ffa450edef68,1,0.0016286644951140066,14.0,0.0,0.0,0.0,5804.469135802469,171112.5,1,0,1.3113313226464354,false
jndi/jndi-core/src/main/java/org/apache/aries/jndi/OSGiInitialContextFactoryBuilder.java,13.0,8.0,1.0,2.0,4.0,7.0,13.0,gmcdonald@13f79535-47bb-0310-9956-ffa450edef68,1,0.0016286644951140066,25.0,0.0,25.0,0.0,545.5714285714286,1509.794716340974,1,0,2.284780468360539,true
jndi/jndi-core/src/main/java/org/apache/aries/jndi/ObjectFactoryHelper.java,146.0,18.0,22.0,9.0,40.0,47.0,8.0,not@13f79535-47bb-0310-9956-ffa450edef68,2,0.003257328990228013,27.0,0.0,9.0,9.0,6350.040564373898,172622.29471634098,2,0,1.3237832514943582,true
jndi/jndi-core/src/main/java/org/apache/aries/jndi/Tuple.java,8.0,0.0,0.0,1.0,0.0,1.0,6.0,mahrwald@13f79535-47bb-0310-9956-ffa450edef68,1,0.0016286644951140066,50.0,0.0,0.0,0.0,5804.469135802469,171112.5,1,0,1.3113313226464354,false
jndi/jndi-core/src/main/java/org/apache/aries/jndi/Utils.java,150.0,16.0,103.0,15.0,34.0,54.0,23.0,not@13f79535-47bb-0310-9956-ffa450edef68,2,0.003257328990228013,33.0,0.0,17.0,0.0,6350.040564373898,172622.29471634098,2,0,1.1049087149435417,true
jndi/jndi-core/src/main/java/org/apache/aries/jndi/startup/Activator.java,108.0,26.0,16.0,9.0,32.0,26.0,27.0,davidb@13f79535-47bb-0310-9956-ffa450edef68,1,0.0016286644951140066,10.0,0.0,10.0,0.0,545.5714285714286,1509.794716340974,1,1,2.284780468360539,true
jndi/jndi-rmi/src/main/java/org/apache/aries/jndi/rmi/Activator.java,19.0,10.0,0.0,2.0,11.0,3.0,27.0,davidb@13f79535-47bb-0310-9956-ffa450edef68,1,0.0016286644951140066,14.0,0.0,14.0,0.0,545.5714285714286,1509.794716340974,1,1,2.284780468360539,false
jndi/jndi-url/src/main/java/org/apache/aries/jndi/services/ServiceHelper.java,288.0,29.0,36.0,9.0,41.0,36.0,8.0,null,2,0.003257328990228013,30.0,10.0,20.0,0.0,2266.6514285714284,23507.93998117592,2,0,1.0296084523074953,true
jndi/jndi-url/src/main/java/org/apache/aries/jndi/url/BlueprintURLContext.java,325.0,29.0,576.0,37.0,53.0,104.0,13.0,gmcdonald@13f79535-47bb-0310-9956-ffa450edef68,1,0.0016286644951140066,33.0,0.0,33.0,0.0,545.5714285714286,1509.794716340974,1,0,2.284780468360539,false
jndi/jndi-url/src/main/java/org/apache/aries/jndi/url/ServiceRegistryContext.java,92.0,14.0,39.0,10.0,26.0,33.0,13.0,cschneider@13f79535-47bb-0310-9956-ffa450edef68,1,0.0016286644951140066,25.0,0.0,25.0,0.0,545.5714285714286,1509.794716340974,1,0,2.284780468360539,false
jndi/jndi-url/src/test/java/org/apache/aries/jndi/url/ServiceRegistryContextTest.java,393.0,40.0,114.0,24.0,226.0,60.0,6.0,timothyjward@13f79535-47bb-0310-9956-ffa450edef68,1,0.0016286644951140066,67.0,33.0,33.0,0.0,1721.08,21998.145264834948,1,0,1.3567936967231928,false
jpa/jpa-api/src/main/java/org/apache/aries/jpa/container/ManagedPersistenceUnitInfoFactory.java,33.0,8.0,3.0,3.0,0.0,8.0,29.0,timothyjward@13f79535-47bb-0310-9956-ffa450edef68,1,0.0016286644951140066,50.0,50.0,0.0,0.0,1721.08,21998.145264834948,1,0,1.3567936967231928,false
jpa/jpa-api/src/main/java/org/apache/aries/jpa/container/parsing/PersistenceDescriptorParser.java,13.0,2.0,0.0,1.0,0.0,4.0,29.0,timothyjward@13f79535-47bb-0310-9956-ffa450edef68,1,0.0016286644951140066,50.0,50.0,0.0,0.0,1721.08,21998.145264834948,1,0,1.3567936967231928,false
jpa/jpa-blueprint-aries/src/main/java/org/apache/aries/jpa/blueprint/aries/impl/NSHandler.java,315.0,38.0,130.0,20.0,96.0,64.0,2.0,cschneider@13f79535-47bb-0310-9956-ffa450edef68,1,0.0016286644951140066,12.0,0.0,0.0,0.0,545.5714285714286,1509.794716340974,1,0,2.284780468360539,true
jpa/jpa-container-advancedtestbundle/src/main/java/org/apache/aries/jpa/container/advanced/itest/bundle/entities/Car.java,30.0,2.0,20.0,8.0,0.0,12.0,16.0,timothyjward@13f79535-47bb-0310-9956-ffa450edef68,1,0.0016286644951140066,100.0,100.0,0.0,0.0,1721.08,21998.145264834948,1,0,1.3567936967231928,false
jpa/jpa-container-itest/src/test/java/org/apache/aries/jpa/advanced/features/itest/JPAWeavingAndAnnotationScanningTest.java,67.0,29.0,9.0,6.0,44.0,20.0,11.0,timothyjward@13f79535-47bb-0310-9956-ffa450edef68,2,0.003257328990228013,45.0,9.0,18.0,9.0,7525.549135802469,193110.64526483495,2,0,0.8472987983696534,false
jpa/jpa-container-itest/src/test/java/org/apache/aries/jpa/blueprint/aries/itest/JPAInjectionTest.java,89.0,23.0,58.0,12.0,43.0,34.0,29.0,null,1,0.0016286644951140066,8.0,8.0,0.0,0.0,1721.08,21998.145264834948,1,0,1.3567936967231928,false
jpa/jpa-container-itest/src/test/java/org/apache/aries/jpa/container/itest/JPAContainerTest.java,91.0,25.0,69.0,14.0,40.0,39.0,29.0,null,1,0.0016286644951140066,10.0,10.0,0.0,0.0,1721.08,21998.145264834948,1,0,1.3567936967231928,false
jpa/jpa-container-itest/src/test/java/org/apache/aries/jpa/context/itest/JPAContextTest.java,331.0,47.0,178.0,20.0,106.0,60.0,18.0,null,2,0.003257328990228013,21.0,7.0,7.0,7.0,7525.549135802469,193110.64526483495,2,0,0.689971279043875,false
jpa/jpa-container-itest/src/test/java/org/apache/aries/jpa/quiesce/itest/QuiesceJPATest.java,324.0,40.0,64.0,20.0,176.0,54.0,29.0,cschneider@13f79535-47bb-0310-9956-ffa450edef68,1,0.0016286644951140066,14.0,14.0,0.0,0.0,1721.08,21998.145264834948,1,0,1.3567936967231928,false
jpa/jpa-container-itest/src/test/java/org/ops4j/pax/runner/platform/equinox/internal/SsActivator.java,8.0,3.0,0.0,1.0,0.0,3.0,27.0,cschneider@13f79535-47bb-0310-9956-ffa450edef68,1,0.0016286644951140066,33.0,33.0,0.0,0.0,1721.08,21998.145264834948,1,0,1.3567936967231928,false
jpa/jpa-container/src/main/java/org/apache/aries/jpa/container/annotation/impl/AnnotationScanner.java,8.0,2.0,0.0,1.0,0.0,3.0,15.0,timothyjward@13f79535-47bb-0310-9956-ffa450edef68,1,0.0016286644951140066,100.0,50.0,0.0,0.0,1721.08,21998.145264834948,1,0,1.3567936967231928,false
jpa/jpa-container/src/main/java/org/apache/aries/jpa/container/annotation/impl/AnnotationScannerFactory.java,26.0,0.0,0.0,1.0,0.0,3.0,29.0,timothyjward@13f79535-47bb-0310-9956-ffa450edef68,1,0.0016286644951140066,100.0,100.0,0.0,0.0,1721.08,21998.145264834948,1,0,1.3567936967231928,false
jpa/jpa-container/src/main/java/org/apache/aries/jpa/container/annotation/impl/JPAAnnotationScanner.java,22.0,8.0,0.0,1.0,10.0,5.0,29.0,timothyjward@13f79535-47bb-0310-9956-ffa450edef68,1,0.0016286644951140066,100.0,100.0,0.0,0.0,1721.08,21998.145264834948,1,0,1.3567936967231928,false
jpa/jpa-container/src/main/java/org/apache/aries/jpa/container/impl/EntityManagerFactoryManager.java,246.0,25.0,0.0,13.0,58.0,43.0,29.0,cschneider@13f79535-47bb-0310-9956-ffa450edef68,1,0.0016286644951140066,6.0,6.0,0.0,0.0,1721.08,21998.145264834948,1,0,1.3567936967231928,true
jpa/jpa-container/src/main/java/org/apache/aries/jpa/container/impl/PersistenceBundleHelper.java,139.0,15.0,1.0,3.0,33.0,20.0,1.0,not@13f79535-47bb-0310-9956-ffa450edef68,1,0.0016286644951140066,17.0,0.0,0.0,0.0,545.5714285714286,1509.794716340974,1,0,2.284780468360539,false
jpa/jpa-container/src/main/java/org/apache/aries/jpa/container/impl/PersistenceBundleManager.java,477.0,40.0,0.0,20.0,158.0,77.0,29.0,cschneider@13f79535-47bb-0310-9956-ffa450edef68,1,0.0016286644951140066,7.0,7.0,0.0,0.0,1721.08,21998.145264834948,1,0,1.3567936967231928,false
jpa/jpa-container/src/main/java/org/apache/aries/jpa/container/parsing/impl/PersistenceDescriptorParserImpl.java,158.0,12.0,0.0,1.0,15.0,6.0,27.0,timothyjward@13f79535-47bb-0310-9956-ffa450edef68,2,0.003257328990228013,29.0,14.0,0.0,0.0,7525.549135802469,193110.64526483495,2,1,0.6409153291248689,true
jpa/jpa-container/src/main/java/org/apache/aries/jpa/container/unit/impl/ManagedPersistenceUnitInfoFactoryImpl.java,20.0,11.0,1.0,3.0,7.0,11.0,29.0,null,1,0.0016286644951140066,20.0,20.0,0.0,0.0,1721.08,21998.145264834948,1,0,1.3567936967231928,false
jpa/jpa-container/src/main/java/org/apache/aries/jpa/container/unit/impl/ManagedPersistenceUnitInfoImpl.java,15.0,7.0,0.0,4.0,2.0,6.0,29.0,cschneider@13f79535-47bb-0310-9956-ffa450edef68,1,0.0016286644951140066,25.0,25.0,0.0,0.0,1721.08,21998.145264834948,1,0,1.3567936967231928,false
jpa/jpa-container/src/main/java/org/apache/aries/jpa/container/unit/impl/PersistenceUnitInfoImpl.java,120.0,20.0,0.0,20.0,47.0,54.0,16.0,null,2,0.003257328990228013,20.0,10.0,0.0,10.0,7525.549135802469,193110.64526483495,2,0,0.6409153291248689,false
jpa/jpa-container/src/main/java/org/apache/aries/jpa/container/weaving/impl/JPAWeavingHook.java,66.0,12.0,4.0,5.0,21.0,19.0,29.0,timothyjward@13f79535-47bb-0310-9956-ffa450edef68,1,0.0016286644951140066,50.0,50.0,0.0,0.0,1721.08,21998.145264834948,1,0,1.3567936967231928,false
jpa/jpa-container/src/main/java/org/apache/aries/jpa/container/weaving/impl/TransformerRegistry.java,18.0,3.0,1.0,2.0,0.0,4.0,29.0,timothyjward@13f79535-47bb-0310-9956-ffa450edef68,1,0.0016286644951140066,100.0,100.0,0.0,0.0,1721.08,21998.145264834948,1,0,1.3567936967231928,false
jpa/jpa-container/src/main/java/org/apache/aries/jpa/container/weaving/impl/TransformerRegistryFactory.java,27.0,2.0,0.0,1.0,0.0,4.0,29.0,timothyjward@13f79535-47bb-0310-9956-ffa450edef68,1,0.0016286644951140066,50.0,50.0,0.0,0.0,1721.08,21998.145264834948,1,0,1.3567936967231928,true
jpa/jpa-container/src/main/java/org/apache/aries/jpa/container/weaving/impl/WrappingTransformer.java,44.0,11.0,0.0,7.0,13.0,22.0,27.0,mahrwald@13f79535-47bb-0310-9956-ffa450edef68,2,0.003257328990228013,50.0,25.0,0.0,0.0,7525.549135802469,193110.64526483495,2,0,0.6409153291248689,true
jpa/jpa-container/src/test/java/org/apache/aries/jpa/container/parsing/PersistenceXMLParsingTest.java,199.0,19.0,45.0,10.0,88.0,30.0,27.0,timothyjward@13f79535-47bb-0310-9956-ffa450edef68,2,0.003257328990228013,33.0,17.0,0.0,0.0,7525.549135802469,193110.64526483495,2,0,0.6409153291248689,true
jpa/jpa-container/src/test/java/org/apache/aries/jpa/container/weaving/JPAWeavingHookTest.java,83.0,24.0,13.0,6.0,37.0,12.0,29.0,cschneider@13f79535-47bb-0310-9956-ffa450edef68,1,0.0016286644951140066,33.0,33.0,0.0,0.0,1721.08,21998.145264834948,1,0,1.3567936967231928,true
proxy/proxy-api/src/main/java/org/apache/aries/proxy/InvocationListener.java,8.0,1.0,3.0,3.0,0.0,7.0,48.0,timothyjward@13f79535-47bb-0310-9956-ffa450edef68,1,0.0016286644951140066,100.0,0.0,0.0,0.0,1721.08,21998.145264834948,1,0,1.3567936967231928,false
proxy/proxy-api/src/main/java/org/apache/aries/proxy/ProxyManager.java,48.0,3.0,10.0,5.0,0.0,20.0,48.0,timothyjward@13f79535-47bb-0310-9956-ffa450edef68,1,0.0016286644951140066,33.0,0.0,0.0,0.0,1721.08,21998.145264834948,1,1,1.3567936967231928,false
proxy/proxy-api/src/main/java/org/apache/aries/proxy/UnableToProxyException.java,29.0,0.0,15.0,7.0,5.0,8.0,16.0,timothyjward@13f79535-47bb-0310-9956-ffa450edef68,1,0.0016286644951140066,83.0,0.0,50.0,0.0,1721.08,21998.145264834948,1,0,1.3567936967231928,false
proxy/proxy-impl/src/main/java/org/apache/aries/proxy/impl/AbstractProxyManager.java,98.0,11.0,45.0,10.0,33.0,32.0,27.0,timothyjward@13f79535-47bb-0310-9956-ffa450edef68,2,0.003257328990228013,40.0,0.0,20.0,0.0,2266.6514285714284,23507.93998117592,2,1,1.1276399019819205,true
proxy/proxy-impl/src/main/java/org/apache/aries/proxy/impl/AsmProxyManager.java,60.0,14.0,3.0,3.0,16.0,14.0,36.0,timothyjward@13f79535-47bb-0310-9956-ffa450edef68,1,0.0016286644951140066,29.0,0.0,14.0,0.0,1721.08,21998.145264834948,1,0,1.3567936967231928,true
proxy/proxy-impl/src/main/java/org/apache/aries/proxy/impl/DefaultWrapper.java,9.0,2.0,3.0,3.0,0.0,8.0,48.0,timothyjward@13f79535-47bb-0310-9956-ffa450edef68,1,0.0016286644951140066,50.0,0.0,0.0,0.0,1721.08,21998.145264834948,1,0,1.3567936967231928,false
proxy/proxy-impl/src/main/java/org/apache/aries/proxy/impl/JdkProxyManager.java,23.0,8.0,6.0,4.0,12.0,13.0,25.0,timothyjward@13f79535-47bb-0310-9956-ffa450edef68,1,0.0016286644951140066,67.0,0.0,0.0,0.0,1721.08,21998.145264834948,1,0,1.3567936967231928,false
proxy/proxy-impl/src/main/java/org/apache/aries/proxy/impl/NLS.java,3.0,1.0,0.0,0.0,0.0,0.0,1.0,timothyjward@13f79535-47bb-0310-9956-ffa450edef68,1,0.0016286644951140066,50.0,0.0,50.0,0.0,1721.08,21998.145264834948,1,0,1.3567936967231928,false
proxy/proxy-impl/src/main/java/org/apache/aries/proxy/impl/ProxyHandler.java,73.0,5.0,0.0,4.0,19.0,20.0,48.0,timothyjward@13f79535-47bb-0310-9956-ffa450edef68,1,0.0016286644951140066,50.0,0.0,0.0,0.0,1721.08,21998.145264834948,1,0,1.3567936967231928,false
proxy/proxy-impl/src/main/java/org/apache/aries/proxy/impl/ProxyManagerActivator.java,31.0,3.0,1.0,2.0,4.0,6.0,48.0,gnodet@13f79535-47bb-0310-9956-ffa450edef68,1,0.0016286644951140066,14.0,0.0,0.0,0.0,1721.08,21998.145264834948,1,0,1.3567936967231928,true
proxy/proxy-impl/src/main/java/org/apache/aries/proxy/impl/SingleInstanceDispatcher.java,12.0,1.0,0.0,2.0,0.0,4.0,48.0,timothyjward@13f79535-47bb-0310-9956-ffa450edef68,1,0.0016286644951140066,100.0,0.0,0.0,0.0,1721.08,21998.145264834948,1,0,1.3567936967231928,false
proxy/proxy-impl/src/main/java/org/apache/aries/proxy/impl/weaving/AbstractWovenProxyAdapter.java,355.0,29.0,26.0,12.0,100.0,48.0,8.0,timothyjward@13f79535-47bb-0310-9956-ffa450edef68,4,0.006514657980456026,100.0,0.0,50.0,10.0,8071.120564373898,194629.43998117594,4,0,0.8675958802423411,true
proxy/proxy-impl/src/main/java/org/apache/aries/proxy/impl/weaving/AbstractWovenProxyMethodAdapter.java,283.0,19.0,38.0,13.0,79.0,40.0,26.0,timothyjward@13f79535-47bb-0310-9956-ffa450edef68,2,0.003257328990228013,100.0,0.0,67.0,0.0,2266.6514285714284,23507.93998117592,2,0,1.0296084523074953,false
proxy/proxy-impl/src/main/java/org/apache/aries/proxy/impl/weaving/InterfaceCombiningClassAdapter.java,178.0,21.0,4.0,5.0,33.0,23.0,16.0,timothyjward@13f79535-47bb-0310-9956-ffa450edef68,1,0.0016286644951140066,100.0,0.0,75.0,0.0,1721.08,21998.145264834948,1,0,1.3567936967231928,false
proxy/proxy-impl/src/main/java/org/apache/aries/proxy/impl/weaving/InterfaceUsingWovenProxyAdapter.java,21.0,4.0,0.0,4.0,1.0,6.0,25.0,timothyjward@13f79535-47bb-0310-9956-ffa450edef68,1,0.0016286644951140066,100.0,0.0,50.0,0.0,1721.08,21998.145264834948,1,0,1.3567936967231928,false
proxy/proxy-impl/src/main/java/org/apache/aries/proxy/impl/weaving/InterfaceUsingWovenProxyMethodAdapter.java,34.0,4.0,13.0,6.0,10.0,13.0,32.0,timothyjward@13f79535-47bb-0310-9956-ffa450edef68,1,0.0016286644951140066,100.0,0.0,50.0,0.0,1721.08,21998.145264834948,1,0,1.3567936967231928,false
proxy/proxy-impl/src/main/java/org/apache/aries/proxy/impl/weaving/MethodCopyingClassAdapter.java,152.0,14.0,0.0,2.0,14.0,9.0,21.0,ejiang@13f79535-47bb-0310-9956-ffa450edef68,2,0.003257328990228013,57.0,0.0,43.0,0.0,2266.6514285714284,23507.93998117592,2,0,1.026455245013721,false
proxy/proxy-impl/src/main/java/org/apache/aries/proxy/impl/weaving/OSGiFriendlyClassWriter.java,72.0,7.0,0.0,4.0,6.0,10.0,10.0,timothyjward@13f79535-47bb-0310-9956-ffa450edef68,3,0.004885993485342019,100.0,0.0,100.0,0.0,2266.6514285714284,23516.93998117592,3,0,0.9860086411105291,true
proxy/proxy-impl/src/main/java/org/apache/aries/proxy/impl/weaving/ProxyWeavingHook.java,38.0,9.0,0.0,1.0,16.0,7.0,14.0,timothyjward@13f79535-47bb-0310-9956-ffa450edef68,2,0.003257328990228013,44.0,0.0,11.0,0.0,2266.6514285714284,23507.93998117592,2,0,1.026455245013721,true
proxy/proxy-impl/src/main/java/org/apache/aries/proxy/impl/weaving/TypeMethod.java,11.0,2.0,0.0,1.0,0.0,1.0,32.0,timothyjward@13f79535-47bb-0310-9956-ffa450edef68,1,0.0016286644951140066,100.0,0.0,50.0,0.0,1721.08,21998.145264834948,1,0,1.3567936967231928,false
proxy/proxy-impl/src/main/java/org/apache/aries/proxy/impl/weaving/WovenProxyAdapter.java,19.0,4.0,3.0,3.0,1.0,5.0,21.0,timothyjward@13f79535-47bb-0310-9956-ffa450edef68,1,0.0016286644951140066,57.0,0.0,29.0,0.0,1721.08,21998.145264834948,1,0,1.3567936967231928,false
proxy/proxy-impl/src/main/java/org/apache/aries/proxy/impl/weaving/WovenProxyGenerator.java,15.0,8.0,0.0,1.0,3.0,3.0,12.0,timothyjward@13f79535-47bb-0310-9956-ffa450edef68,3,0.004885993485342019,80.0,0.0,40.0,10.0,7525.549135802469,193119.64526483495,3,0,0.8616690410129919,true
proxy/proxy-impl/src/main/java/org/apache/aries/proxy/impl/weaving/WovenProxyMethodAdapter.java,32.0,9.0,8.0,5.0,11.0,12.0,20.0,timothyjward@13f79535-47bb-0310-9956-ffa450edef68,1,0.0016286644951140066,80.0,0.0,60.0,0.0,1721.08,21998.145264834948,1,0,1.3567936967231928,false
proxy/proxy-impl/src/main/java/org/apache/aries/proxy/weaving/WovenProxy.java,14.0,2.0,3.0,3.0,0.0,9.0,48.0,timothyjward@13f79535-47bb-0310-9956-ffa450edef68,1,0.0016286644951140066,100.0,0.0,0.0,0.0,1721.08,21998.145264834948,1,0,1.3567936967231928,false
proxy/proxy-impl/src/test/java/org/apache/aries/blueprint/proxy/AbstractProxyTest.java,223.0,13.0,99.0,22.0,93.0,56.0,34.0,timothyjward@13f79535-47bb-0310-9956-ffa450edef68,1,0.0016286644951140066,50.0,0.0,25.0,0.0,1721.08,21998.145264834948,1,0,1.3567936967231928,true
proxy/proxy-impl/src/test/java/org/apache/aries/blueprint/proxy/InterfaceProxyingTest.java,121.0,15.0,78.0,13.0,31.0,38.0,14.0,timothyjward@13f79535-47bb-0310-9956-ffa450edef68,2,0.003257328990228013,55.0,9.0,18.0,0.0,7525.549135802469,193110.64526483495,2,0,0.6409153291248689,true
proxy/proxy-impl/src/test/java/org/apache/aries/blueprint/proxy/ProxySubclassGeneratorTest.java,158.0,22.0,57.0,14.0,49.0,41.0,48.0,timothyjward@13f79535-47bb-0310-9956-ffa450edef68,1,0.0016286644951140066,11.0,0.0,0.0,0.0,1721.08,21998.145264834948,1,0,1.3567936967231928,true
proxy/proxy-impl/src/test/java/org/apache/aries/blueprint/proxy/ProxyTestClassGeneral.java,36.0,0.0,36.0,9.0,3.0,17.0,48.0,timothyjward@13f79535-47bb-0310-9956-ffa450edef68,1,0.0016286644951140066,50.0,0.0,0.0,0.0,1721.08,21998.145264834948,1,0,1.3567936967231928,false
proxy/proxy-impl/src/test/java/org/apache/aries/blueprint/proxy/ProxyTestClassInnerClasses.java,30.0,1.0,0.0,0.0,0.0,0.0,7.0,timothyjward@13f79535-47bb-0310-9956-ffa450edef68,1,0.0016286644951140066,50.0,0.0,50.0,0.0,1721.08,21998.145264834948,1,0,1.3567936967231928,false
proxy/proxy-impl/src/test/java/org/apache/aries/blueprint/proxy/ProxyTestClassSuper.java,21.0,0.0,15.0,6.0,3.0,8.0,48.0,timothyjward@13f79535-47bb-0310-9956-ffa450edef68,1,0.0016286644951140066,50.0,0.0,0.0,0.0,1721.08,21998.145264834948,1,0,1.3567936967231928,false
proxy/proxy-impl/src/test/java/org/apache/aries/blueprint/proxy/ProxyTestClassUnweavableChild.java,5.0,0.0,0.0,1.0,0.0,1.0,48.0,timothyjward@13f79535-47bb-0310-9956-ffa450edef68,1,0.0016286644951140066,100.0,0.0,0.0,0.0,1721.08,21998.145264834948,1,0,1.3567936967231928,false
proxy/proxy-impl/src/test/java/org/apache/aries/blueprint/proxy/ProxyTestClassUnweavableChildWithDefaultMethodWrongPackageParent.java,2.0,1.0,0.0,0.0,0.0,0.0,27.0,timothyjward@13f79535-47bb-0310-9956-ffa450edef68,1,0.0016286644951140066,100.0,0.0,50.0,0.0,1721.08,21998.145264834948,1,0,1.3567936967231928,false
proxy/proxy-impl/src/test/java/org/apache/aries/blueprint/proxy/ProxyTestClassUnweavableChildWithFinalMethodParent.java,5.0,0.0,0.0,1.0,0.0,1.0,48.0,timothyjward@13f79535-47bb-0310-9956-ffa450edef68,1,0.0016286644951140066,100.0,0.0,0.0,0.0,1721.08,21998.145264834948,1,0,1.3567936967231928,false
proxy/proxy-impl/src/test/java/org/apache/aries/blueprint/proxy/ProxyTestClassUnweavableGrandParent.java,7.0,0.0,1.0,2.0,0.0,3.0,48.0,timothyjward@13f79535-47bb-0310-9956-ffa450edef68,1,0.0016286644951140066,100.0,0.0,0.0,0.0,1721.08,21998.145264834948,1,0,1.3567936967231928,false
proxy/proxy-impl/src/test/java/org/apache/aries/blueprint/proxy/ProxyTestClassUnweavableSibling.java,8.0,0.0,0.0,1.0,0.0,1.0,4.0,mahrwald@13f79535-47bb-0310-9956-ffa450edef68,1,0.0016286644951140066,100.0,0.0,100.0,0.0,5804.469135802469,171112.5,1,0,1.3113313226464354,false
proxy/proxy-impl/src/test/java/org/apache/aries/blueprint/proxy/ProxyTestClassUnweavableSuper.java,8.0,0.0,1.0,2.0,0.0,3.0,48.0,timothyjward@13f79535-47bb-0310-9956-ffa450edef68,1,0.0016286644951140066,100.0,0.0,0.0,0.0,1721.08,21998.145264834948,1,0,1.3567936967231928,false
proxy/proxy-impl/src/test/java/org/apache/aries/blueprint/proxy/ProxyTestClassUnweavableSuperWithFinalMethod.java,8.0,0.0,1.0,2.0,0.0,3.0,48.0,timothyjward@13f79535-47bb-0310-9956-ffa450edef68,1,0.0016286644951140066,100.0,0.0,0.0,0.0,1721.08,21998.145264834948,1,0,1.3567936967231928,false
proxy/proxy-impl/src/test/java/org/apache/aries/blueprint/proxy/ProxyTestInterface.java,4.0,1.0,0.0,1.0,0.0,1.0,3.0,timothyjward@13f79535-47bb-0310-9956-ffa450edef68,1,0.0016286644951140066,50.0,0.0,50.0,0.0,1721.08,21998.145264834948,1,0,1.3567936967231928,true
proxy/proxy-impl/src/test/java/org/apache/aries/blueprint/proxy/WovenProxyGeneratorTest.java,202.0,26.0,168.0,20.0,89.0,59.0,11.0,timothyjward@13f79535-47bb-0310-9956-ffa450edef68,2,0.003257328990228013,47.0,0.0,27.0,0.0,7525.549135802469,193110.64526483495,2,0,0.9401827535666755,true
proxy/proxy-impl/src/test/java/org/apache/aries/blueprint/proxy/pkg/ProxyTestClassUnweavableSuperWithDefaultMethodWrongPackageParent.java,8.0,1.0,1.0,2.0,0.0,3.0,48.0,timothyjward@13f79535-47bb-0310-9956-ffa450edef68,1,0.0016286644951140066,100.0,0.0,0.0,0.0,1721.08,21998.145264834948,1,0,1.3567936967231928,false
proxy/proxy-itests/src/test/java/org/apache/aries/proxy/itests/AbstractProxyTest.java,183.0,23.0,28.0,8.0,60.0,20.0,34.0,null,1,0.0016286644951140066,10.0,0.0,0.0,0.0,1721.08,21998.145264834948,1,0,1.3567936967231928,true
proxy/proxy-itests/src/test/java/org/apache/aries/proxy/itests/BasicProxyTest.java,46.0,17.0,6.0,4.0,26.0,11.0,48.0,null,1,0.0016286644951140066,20.0,0.0,0.0,0.0,1721.08,21998.145264834948,1,0,1.3567936967231928,false
proxy/proxy-itests/src/test/java/org/apache/aries/proxy/itests/WeavingProxyTest.java,41.0,17.0,6.0,4.0,23.0,10.0,48.0,ejiang@13f79535-47bb-0310-9956-ffa450edef68,1,0.0016286644951140066,14.0,0.0,0.0,0.0,1721.08,21998.145264834948,1,0,1.3567936967231928,true
proxy/proxy-itests/src/test/java/org/ops4j/pax/runner/platform/equinox/internal/SsActivator.java,8.0,3.0,0.0,1.0,0.0,3.0,27.0,timothyjward@13f79535-47bb-0310-9956-ffa450edef68,1,0.0016286644951140066,33.0,0.0,0.0,0.0,1721.08,21998.145264834948,1,0,1.3567936967231928,false
quiesce/quiesce-manager/src/main/java/org/apache/aries/quiesce/manager/impl/QuiesceManagerImpl.java,265.0,29.0,28.0,9.0,20.0,25.0,2.0,gmcdonald@13f79535-47bb-0310-9956-ffa450edef68,1,0.0016286644951140066,33.0,0.0,0.0,0.0,545.5714285714286,1509.794716340974,1,0,2.284780468360539,false
samples-sandbox/goat/goat-api/src/main/java/org/apache/aries/samples/goat/api/ComponentInfo.java,11.0,2.0,3.0,3.0,0.0,5.0,0.0,zoe@13f79535-47bb-0310-9956-ffa450edef68,0,0.0,0.0,0.0,0.0,0.0,0.0,0.0,0,1,0.0,false
samples-sandbox/goat/goat-api/src/main/java/org/apache/aries/samples/goat/api/ComponentInfoProvider.java,28.0,1.0,3.0,3.0,0.0,8.0,0.0,zoe@13f79535-47bb-0310-9956-ffa450edef68,0,0.0,0.0,0.0,0.0,0.0,0.0,0.0,0,1,0.0,false
samples-sandbox/goat/goat-api/src/main/java/org/apache/aries/samples/goat/api/ModelInfoService.java,8.0,0.0,3.0,3.0,0.0,3.0,0.0,zoe@13f79535-47bb-0310-9956-ffa450edef68,0,0.0,0.0,0.0,0.0,0.0,0.0,0.0,0,1,0.0,false
samples-sandbox/goat/goat-api/src/main/java/org/apache/aries/samples/goat/api/ParameterizedRelationshipAspect.java,8.0,1.0,1.0,2.0,0.0,2.0,0.0,zoe@13f79535-47bb-0310-9956-ffa450edef68,0,0.0,0.0,0.0,0.0,0.0,0.0,0.0,0,1,0.0,false
samples-sandbox/goat/goat-api/src/main/java/org/apache/aries/samples/goat/api/RelationshipAspect.java,3.0,0.0,0.0,1.0,0.0,1.0,0.0,zoe@13f79535-47bb-0310-9956-ffa450edef68,0,0.0,0.0,0.0,0.0,0.0,0.0,0.0,0,1,0.0,false
samples-sandbox/goat/goat-api/src/main/java/org/apache/aries/samples/goat/api/RelationshipInfo.java,7.0,1.0,10.0,5.0,0.0,5.0,0.0,zoe@13f79535-47bb-0310-9956-ffa450edef68,0,0.0,0.0,0.0,0.0,0.0,0.0,0.0,0,1,0.0,false
samples-sandbox/goat/goat-api/src/main/java/org/apache/aries/samples/goat/api/RelationshipInfoProvider.java,8.0,1.0,1.0,2.0,0.0,2.0,0.0,zoe@13f79535-47bb-0310-9956-ffa450edef68,0,0.0,0.0,0.0,0.0,0.0,0.0,0.0,0,1,0.0,false
samples-sandbox/goat/goat-api/src/main/java/org/apache/aries/samples/goat/api/VersionedRelationshipAspect.java,4.0,0.0,1.0,2.0,0.0,2.0,0.0,zoe@13f79535-47bb-0310-9956-ffa450edef68,0,0.0,0.0,0.0,0.0,0.0,0.0,0.0,0,1,0.0,false
samples-sandbox/goat/goat-api/src/main/java/org/apache/aries/samples/goat/info/ComponentInfoImpl.java,23.0,3.0,9.0,6.0,0.0,9.0,0.0,zoe@13f79535-47bb-0310-9956-ffa450edef68,0,0.0,0.0,0.0,0.0,0.0,0.0,0.0,0,1,0.0,false
samples-sandbox/goat/goat-api/src/main/java/org/apache/aries/samples/goat/info/RelationshipInfoImpl.java,37.0,4.0,35.0,10.0,0.0,15.0,0.0,zoe@13f79535-47bb-0310-9956-ffa450edef68,0,0.0,0.0,0.0,0.0,0.0,0.0,0.0,0,1,0.0,false
samples-sandbox/goat/goat-bundlecontext-modelprovider/src/main/java/org/apache/aries/samples/goat/bundlecontextmodel/BundleContextInfoProvider.java,182.0,24.0,71.0,15.0,81.0,40.0,0.0,zoe@13f79535-47bb-0310-9956-ffa450edef68,0,0.0,0.0,0.0,0.0,0.0,0.0,0.0,0,1,0.0,false
samples-sandbox/goat/goat-dummy-provider/src/main/java/org/apache/aries/samples/goat/dummy/DummyInfoProvider.java,43.0,7.0,0.0,4.0,5.0,7.0,0.0,zoe@13f79535-47bb-0310-9956-ffa450edef68,0,0.0,0.0,0.0,0.0,0.0,0.0,0.0,0,1,0.0,false
samples-sandbox/goat/goat-dummy-provider/src/main/java/org/apache/aries/samples/goat/dummy/DummyModelService.java,13.0,3.0,3.0,3.0,0.0,6.0,0.0,zoe@13f79535-47bb-0310-9956-ffa450edef68,0,0.0,0.0,0.0,0.0,0.0,0.0,0.0,0,1,0.0,false
samples-sandbox/goat/goat-dummy-provider/src/main/java/org/apache/aries/samples/goat/dummy/DummyRelationshipProvider.java,64.0,7.0,1.0,3.0,6.0,4.0,0.0,zoe@13f79535-47bb-0310-9956-ffa450edef68,0,0.0,0.0,0.0,0.0,0.0,0.0,0.0,0,1,0.0,false
samples-sandbox/goat/goat-dummy2-provider/src/main/java/org/apache/aries/samples/goat/dummy/DummyInfoProvider.java,43.0,7.0,0.0,4.0,5.0,7.0,0.0,zoe@13f79535-47bb-0310-9956-ffa450edef68,0,0.0,0.0,0.0,0.0,0.0,0.0,0.0,0,1,0.0,false
samples-sandbox/goat/goat-dummy2-provider/src/main/java/org/apache/aries/samples/goat/dummy/DummyModelService2.java,13.0,3.0,3.0,3.0,0.0,6.0,0.0,zoe@13f79535-47bb-0310-9956-ffa450edef68,0,0.0,0.0,0.0,0.0,0.0,0.0,0.0,0,1,0.0,false
samples-sandbox/goat/goat-dummy2-provider/src/main/java/org/apache/aries/samples/goat/dummy/DummyRelationshipProvider.java,64.0,7.0,1.0,3.0,6.0,4.0,0.0,zoe@13f79535-47bb-0310-9956-ffa450edef68,0,0.0,0.0,0.0,0.0,0.0,0.0,0.0,0,1,0.0,false
samples-sandbox/goat/goat-info-enhancer/src/main/java/org/apache/aries/samples/goat/enhancer/Activator.java,9.0,2.0,0.0,2.0,1.0,4.0,27.0,zoe@13f79535-47bb-0310-9956-ffa450edef68,0,0.0,0.0,0.0,0.0,0.0,0.0,0.0,0,1,0.0,false
samples-sandbox/goat/goat-info-enhancer/src/main/java/org/apache/aries/samples/goat/enhancer/ModelInfoEnhancerService.java,171.0,13.0,50.0,17.0,75.0,41.0,0.0,zoe@13f79535-47bb-0310-9956-ffa450edef68,0,0.0,0.0,0.0,0.0,0.0,0.0,0.0,0,1,0.0,false
samples-sandbox/goat/goat-info-enhancer/src/main/java/org/apache/aries/samples/goat/enhancer/ServiceInterceptor.java,60.0,11.0,0.0,4.0,21.0,14.0,0.0,zoe@13f79535-47bb-0310-9956-ffa450edef68,0,0.0,0.0,0.0,0.0,0.0,0.0,0.0,0,1,0.0,false
samples-sandbox/goat/goat-web/src/main/java/org/apache/aries/samples/goat/web/ServerSideClass.java,170.0,20.0,13.0,6.0,40.0,21.0,0.0,zoe@13f79535-47bb-0310-9956-ffa450edef68,0,0.0,0.0,0.0,0.0,0.0,0.0,0.0,0,1,0.0,false
samples/blueprint/helloworld/helloworld-client/src/main/java/org/apache/aries/samples/blueprint/helloworld/client/HelloWorldClient.java,12.0,1.0,1.0,3.0,1.0,4.0,0.0,davidb@13f79535-47bb-0310-9956-ffa450edef68,0,0.0,0.0,0.0,0.0,0.0,0.0,0.0,0,0,0.0,false
samples/blueprint/helloworld/helloworld-itests/src/test/java/org/apache/aries/samples/blueprint/helloworld/itests/AbstractIntegrationTest.java,163.0,30.0,143.0,18.0,57.0,64.0,5.0,zoe@13f79535-47bb-0310-9956-ffa450edef68,0,0.0,0.0,0.0,0.0,0.0,0.0,0.0,0,0,0.0,false
samples/blueprint/helloworld/helloworld-itests/src/test/java/org/apache/aries/samples/blueprint/helloworld/itests/HelloworldSampleTest.java,18.0,17.0,1.0,2.0,13.0,5.0,1.0,cumminsh@13f79535-47bb-0310-9956-ffa450edef68,1,0.0016286644951140066,25.0,0.0,0.0,0.0,545.5714285714286,1509.794716340974,1,0,2.284780468360539,true
samples/twitter/twitter-bundle/src/main/java/org/apache/aries/sample/twitter/TwitterQuery.java,19.0,8.0,1.0,2.0,8.0,6.0,0.0,not@13f79535-47bb-0310-9956-ffa450edef68,0,0.0,0.0,0.0,0.0,0.0,0.0,0.0,0,0,0.0,false
samples/twitter/twitter-itests/src/test/java/org/apache/aries/sample/twitter/itest/AbstractIntegrationTest.java,124.0,29.0,83.0,14.0,37.0,53.0,5.0,cumminsh@13f79535-47bb-0310-9956-ffa450edef68,0,0.0,0.0,0.0,0.0,0.0,0.0,0.0,0,0,0.0,true
samples/twitter/twitter-itests/src/test/java/org/apache/aries/sample/twitter/itest/TwitterTest.java,59.0,28.0,1.0,2.0,40.0,7.0,0.0,null,0,0.0,0.0,0.0,0.0,0.0,0.0,0.0,0,0,0.0,true
spi-fly/contrib/pilot_using_weavinghook/SpiFlyTests/src/org/apache/aries/spifly/ProviderBundleTrackerCustomizerTest.java,34.0,14.0,0.0,1.0,31.0,3.0,27.0,davidb@13f79535-47bb-0310-9956-ffa450edef68,1,0.0016286644951140066,33.0,0.0,0.0,0.0,1468.8695652173913,6743.28813559322,1,1,1.6214862509502748,false
spi-fly/spi-fly-core-old/src/main/java/org/apache/aries/spifly/Activator.java,49.0,10.0,2.0,4.0,6.0,8.0,27.0,davidb@13f79535-47bb-0310-9956-ffa450edef68,1,0.0016286644951140066,50.0,0.0,50.0,50.0,1468.8695652173913,6743.28813559322,1,0,1.6214862509502748,false
spi-fly/spi-fly-core-old/src/main/java/org/apache/aries/spifly/HeaderParser.java,76.0,4.0,0.0,1.0,9.0,7.0,57.0,davidb@13f79535-47bb-0310-9956-ffa450edef68,1,0.0016286644951140066,50.0,0.0,50.0,50.0,1468.8695652173913,6743.28813559322,1,0,1.6214862509502748,false
spi-fly/spi-fly-core-old/src/main/java/org/apache/aries/spifly/SPIBundleTrackerCustomizer.java,115.0,16.0,13.0,7.0,36.0,18.0,16.0,davidb@13f79535-47bb-0310-9956-ffa450edef68,1,0.0016286644951140066,50.0,0.0,50.0,50.0,1468.8695652173913,6743.28813559322,1,0,1.6214862509502748,false
spi-fly/spi-fly-core-old/src/main/java/org/apache/aries/spifly/SPIClassloaderAdviceServiceImpl.java,9.0,1.0,0.0,2.0,0.0,3.0,16.0,davidb@13f79535-47bb-0310-9956-ffa450edef68,1,0.0016286644951140066,50.0,0.0,50.0,50.0,1468.8695652173913,6743.28813559322,1,0,1.6214862509502748,false
spi-fly/spi-fly-core-old/src/main/java/org/apache/aries/spifly/api/SPIClassloaderAdviceService.java,3.0,0.0,0.0,1.0,0.0,1.0,57.0,davidb@13f79535-47bb-0310-9956-ffa450edef68,1,0.0016286644951140066,50.0,0.0,50.0,50.0,1468.8695652173913,6743.28813559322,1,0,1.6214862509502748,false
spi-fly/spi-fly-core-old/src/main/java/org/apache/aries/spifly/api/SpiFlyConstants.java,10.0,0.0,0.0,0.0,0.0,0.0,57.0,davidb@13f79535-47bb-0310-9956-ffa450edef68,1,0.0016286644951140066,50.0,0.0,50.0,50.0,1468.8695652173913,6743.28813559322,1,0,1.6214862509502748,false
spi-fly/spi-fly-core-old/src/test/java/org/apache/aries/spifly/ActivatorTest.java,50.0,10.0,3.0,3.0,27.0,10.0,16.0,davidb@13f79535-47bb-0310-9956-ffa450edef68,1,0.0016286644951140066,50.0,0.0,50.0,50.0,1468.8695652173913,6743.28813559322,1,0,1.6214862509502748,false
spi-fly/spi-fly-core-old/src/test/java/org/apache/aries/spifly/SPIBundleTrackerCustomizerTest.java,128.0,18.0,45.0,10.0,99.0,30.0,16.0,davidb@13f79535-47bb-0310-9956-ffa450edef68,1,0.0016286644951140066,50.0,0.0,50.0,50.0,1468.8695652173913,6743.28813559322,1,0,1.6214862509502748,false
spi-fly/spi-fly-core/src/main/java/org/apache/aries/spifly/ArgRestrictions.java,41.0,4.0,0.0,4.0,13.0,11.0,98.0,davidb@13f79535-47bb-0310-9956-ffa450edef68,0,0.0,0.0,0.0,0.0,0.0,0.0,0.0,0,1,0.0,false
spi-fly/spi-fly-core/src/main/java/org/apache/aries/spifly/BaseActivator.java,134.0,19.0,50.0,12.0,44.0,32.0,4.0,davidb@13f79535-47bb-0310-9956-ffa450edef68,1,0.0016286644951140066,12.0,0.0,6.0,0.0,1468.8695652173913,6743.28813559322,1,0,1.6214862509502748,false
spi-fly/spi-fly-core/src/main/java/org/apache/aries/spifly/BundleDescriptor.java,28.0,1.0,0.0,6.0,0.0,9.0,52.0,davidb@13f79535-47bb-0310-9956-ffa450edef68,1,0.0016286644951140066,33.0,0.0,0.0,0.0,1468.8695652173913,6743.28813559322,1,1,1.6214862509502748,false
spi-fly/spi-fly-core/src/main/java/org/apache/aries/spifly/ConsumerBundleTrackerCustomizer.java,19.0,3.0,0.0,4.0,4.0,6.0,6.0,davidb@13f79535-47bb-0310-9956-ffa450edef68,1,0.0016286644951140066,33.0,0.0,0.0,0.0,1468.8695652173913,6743.28813559322,1,0,1.6214862509502748,false
spi-fly/spi-fly-core/src/main/java/org/apache/aries/spifly/ConsumerHeaderProcessor.java,111.0,7.0,0.0,1.0,17.0,7.0,7.0,davidb@13f79535-47bb-0310-9956-ffa450edef68,1,0.0016286644951140066,18.0,0.0,0.0,0.0,1468.8695652173913,6743.28813559322,1,0,1.6214862509502748,false
spi-fly/spi-fly-core/src/main/java/org/apache/aries/spifly/ConsumerRestriction.java,20.0,1.0,0.0,3.0,4.0,8.0,98.0,davidb@13f79535-47bb-0310-9956-ffa450edef68,0,0.0,0.0,0.0,0.0,0.0,0.0,0.0,0,1,0.0,false
spi-fly/spi-fly-core/src/main/java/org/apache/aries/spifly/HeaderParser.java,78.0,4.0,1.0,2.0,9.0,8.0,57.0,davidb@13f79535-47bb-0310-9956-ffa450edef68,0,0.0,0.0,0.0,0.0,0.0,0.0,0.0,0,1,0.0,false
spi-fly/spi-fly-core/src/main/java/org/apache/aries/spifly/MethodRestriction.java,26.0,1.0,0.0,5.0,3.0,10.0,98.0,davidb@13f79535-47bb-0310-9956-ffa450edef68,0,0.0,0.0,0.0,0.0,0.0,0.0,0.0,0,1,0.0,false
spi-fly/spi-fly-core/src/main/java/org/apache/aries/spifly/MultiDelegationClassloader.java,43.0,7.0,0.0,5.0,8.0,20.0,98.0,davidb@13f79535-47bb-0310-9956-ffa450edef68,0,0.0,0.0,0.0,0.0,0.0,0.0,0.0,0,1,0.0,false
spi-fly/spi-fly-core/src/main/java/org/apache/aries/spifly/Pair.java,42.0,0.0,0.0,6.0,3.0,13.0,98.0,davidb@13f79535-47bb-0310-9956-ffa450edef68,0,0.0,0.0,0.0,0.0,0.0,0.0,0.0,0,1,0.0,false
spi-fly/spi-fly-core/src/main/java/org/apache/aries/spifly/ProviderBundleTrackerCustomizer.java,109.0,18.0,7.0,7.0,37.0,21.0,27.0,davidb@13f79535-47bb-0310-9956-ffa450edef68,1,0.0016286644951140066,11.0,4.0,0.0,0.0,1468.8695652173913,6743.28813559322,1,1,1.6214862509502748,false
spi-fly/spi-fly-core/src/main/java/org/apache/aries/spifly/Streams.java,29.0,4.0,3.0,3.0,5.0,8.0,98.0,davidb@13f79535-47bb-0310-9956-ffa450edef68,0,0.0,0.0,0.0,0.0,0.0,0.0,0.0,0,1,0.0,false
spi-fly/spi-fly-core/src/main/java/org/apache/aries/spifly/Util.java,132.0,16.0,19.0,7.0,58.0,30.0,24.0,davidb@13f79535-47bb-0310-9956-ffa450edef68,1,0.0016286644951140066,31.0,15.0,8.0,8.0,1468.8695652173913,6743.28813559322,1,1,1.6214862509502748,false
spi-fly/spi-fly-core/src/main/java/org/apache/aries/spifly/WeavingData.java,74.0,3.0,0.0,8.0,3.0,17.0,53.0,davidb@13f79535-47bb-0310-9956-ffa450edef68,1,0.0016286644951140066,33.0,0.0,0.0,0.0,1468.8695652173913,6743.28813559322,1,1,1.6214862509502748,false
spi-fly/spi-fly-core/src/main/java/org/apache/aries/spifly/api/SpiFlyConstants.java,6.0,0.0,0.0,0.0,0.0,0.0,57.0,davidb@13f79535-47bb-0310-9956-ffa450edef68,0,0.0,0.0,0.0,0.0,0.0,0.0,0.0,0,1,0.0,false
spi-fly/spi-fly-core/src/test/java/org/apache/aries/mytest/MySPI.java,3.0,0.0,0.0,1.0,0.0,1.0,98.0,davidb@13f79535-47bb-0310-9956-ffa450edef68,0,0.0,0.0,0.0,0.0,0.0,0.0,0.0,0,0,0.0,false
spi-fly/spi-fly-core/src/test/java/org/apache/aries/spifly/AltTestClient.java.todo,0.0,0.0,0.0,0.0,0.0,0.0,0.0,davidb@13f79535-47bb-0310-9956-ffa450edef68,1,0.0016286644951140066,50.0,0.0,0.0,0.0,1468.8695652173913,6743.28813559322,1,0,1.6214862509502748,false
spi-fly/spi-fly-core/src/test/java/org/apache/aries/spifly/JaxpClient.java,5.0,1.0,0.0,1.0,2.0,2.0,53.0,davidb@13f79535-47bb-0310-9956-ffa450edef68,0,0.0,0.0,0.0,0.0,0.0,0.0,0.0,0,0,0.0,false
spi-fly/spi-fly-core/src/test/java/org/apache/aries/spifly/MySPIImpl.java,5.0,1.0,0.0,1.0,0.0,2.0,98.0,davidb@13f79535-47bb-0310-9956-ffa450edef68,0,0.0,0.0,0.0,0.0,0.0,0.0,0.0,0,0,0.0,false
spi-fly/spi-fly-core/src/test/java/org/apache/aries/spifly/ProviderBundleTrackerCustomizerTest.java,38.0,15.0,1.0,2.0,31.0,5.0,27.0,davidb@13f79535-47bb-0310-9956-ffa450edef68,1,0.0016286644951140066,30.0,10.0,10.0,0.0,1468.8695652173913,6743.28813559322,1,0,1.6214862509502748,false
spi-fly/spi-fly-core/src/test/java/org/apache/aries/spifly/UnaffectedTestClient.java.todo,0.0,0.0,0.0,0.0,0.0,0.0,0.0,davidb@13f79535-47bb-0310-9956-ffa450edef68,1,0.0016286644951140066,50.0,0.0,0.0,0.0,1468.8695652173913,6743.28813559322,1,0,1.6214862509502748,false
spi-fly/spi-fly-core/src/test/java/org/apache/aries/spifly/UtilTest.java,10.0,4.0,0.0,1.0,6.0,1.0,34.0,davidb@13f79535-47bb-0310-9956-ffa450edef68,1,0.0016286644951140066,29.0,14.0,0.0,0.0,1468.8695652173913,6743.28813559322,1,0,1.6214862509502748,false
spi-fly/spi-fly-core/src/test/java/org/apache/aries/spifly/impl1/MySPIImpl1.java,5.0,1.0,0.0,1.0,2.0,2.0,98.0,davidb@13f79535-47bb-0310-9956-ffa450edef68,0,0.0,0.0,0.0,0.0,0.0,0.0,0.0,0,0,0.0,false
spi-fly/spi-fly-dynamic-bundle/src/main/java/org/apache/aries/spifly/dynamic/ClientWeavingHook.java,24.0,11.0,0.0,2.0,18.0,3.0,52.0,davidb@13f79535-47bb-0310-9956-ffa450edef68,1,0.0016286644951140066,17.0,0.0,0.0,0.0,1468.8695652173913,6743.28813559322,1,0,1.6214862509502748,false
spi-fly/spi-fly-dynamic-bundle/src/main/java/org/apache/aries/spifly/dynamic/DynamicWeavingActivator.java,12.0,6.0,0.0,2.0,3.0,4.0,14.0,davidb@13f79535-47bb-0310-9956-ffa450edef68,1,0.0016286644951140066,25.0,25.0,0.0,25.0,1468.8695652173913,6743.28813559322,1,0,1.6214862509502748,false
spi-fly/spi-fly-dynamic-bundle/src/test/java/org/apache/aries/mytest/AltSPI.java,3.0,0.0,0.0,1.0,0.0,1.0,98.0,davidb@13f79535-47bb-0310-9956-ffa450edef68,0,0.0,0.0,0.0,0.0,0.0,0.0,0.0,0,0,0.0,false
spi-fly/spi-fly-dynamic-bundle/src/test/java/org/apache/aries/mytest/MySPI.java,3.0,0.0,0.0,1.0,0.0,1.0,98.0,davidb@13f79535-47bb-0310-9956-ffa450edef68,0,0.0,0.0,0.0,0.0,0.0,0.0,0.0,0,0,0.0,false
spi-fly/spi-fly-dynamic-bundle/src/test/java/org/apache/aries/spifly/dynamic/AltTestClient.java,10.0,2.0,0.0,1.0,2.0,3.0,38.0,davidb@13f79535-47bb-0310-9956-ffa450edef68,1,0.0016286644951140066,100.0,0.0,0.0,0.0,1468.8695652173913,6743.28813559322,1,0,1.6214862509502748,false
spi-fly/spi-fly-dynamic-bundle/src/test/java/org/apache/aries/spifly/dynamic/ClientWeavingHookTest.java,538.0,35.0,60.0,25.0,291.0,77.0,16.0,davidb@13f79535-47bb-0310-9956-ffa450edef68,1,0.0016286644951140066,44.0,19.0,12.0,6.0,1468.8695652173913,6743.28813559322,1,0,1.6214862509502748,true
spi-fly/spi-fly-dynamic-bundle/src/test/java/org/apache/aries/spifly/dynamic/JaxpClient.java,5.0,1.0,0.0,1.0,2.0,2.0,53.0,davidb@13f79535-47bb-0310-9956-ffa450edef68,1,0.0016286644951140066,100.0,0.0,0.0,0.0,1468.8695652173913,6743.28813559322,1,0,1.6214862509502748,false
spi-fly/spi-fly-dynamic-bundle/src/test/java/org/apache/aries/spifly/dynamic/TestClient.java,10.0,2.0,0.0,1.0,4.0,3.0,98.0,davidb@13f79535-47bb-0310-9956-ffa450edef68,0,0.0,0.0,0.0,0.0,0.0,0.0,0.0,0,0,0.0,false
spi-fly/spi-fly-dynamic-bundle/src/test/java/org/apache/aries/spifly/dynamic/UnaffectedTestClient.java,10.0,2.0,0.0,1.0,4.0,3.0,40.0,davidb@13f79535-47bb-0310-9956-ffa450edef68,1,0.0016286644951140066,100.0,100.0,0.0,100.0,1468.8695652173913,6743.28813559322,1,0,1.6214862509502748,false
spi-fly/spi-fly-dynamic-bundle/src/test/java/org/apache/aries/spifly/dynamic/impl1/MySPIImpl1.java,5.0,1.0,0.0,1.0,2.0,2.0,98.0,davidb@13f79535-47bb-0310-9956-ffa450edef68,0,0.0,0.0,0.0,0.0,0.0,0.0,0.0,0,0,0.0,false
spi-fly/spi-fly-dynamic-bundle/src/test/java/org/apache/aries/spifly/dynamic/impl2/AltSPIImpl1.java,5.0,1.0,0.0,1.0,0.0,2.0,56.0,davidb@13f79535-47bb-0310-9956-ffa450edef68,1,0.0016286644951140066,100.0,100.0,0.0,100.0,1468.8695652173913,6743.28813559322,1,0,1.6214862509502748,false
spi-fly/spi-fly-dynamic-bundle/src/test/java/org/apache/aries/spifly/dynamic/impl2/MySPIImpl2.java,5.0,1.0,0.0,1.0,1.0,2.0,56.0,davidb@13f79535-47bb-0310-9956-ffa450edef68,1,0.0016286644951140066,100.0,100.0,0.0,100.0,1468.8695652173913,6743.28813559322,1,0,1.6214862509502748,false
spi-fly/spi-fly-dynamic-bundle/src/test/java/org/apache/aries/spifly/dynamic/impl2/MySPIImpl3.java,5.0,1.0,0.0,1.0,1.0,2.0,40.0,davidb@13f79535-47bb-0310-9956-ffa450edef68,1,0.0016286644951140066,100.0,100.0,0.0,100.0,1468.8695652173913,6743.28813559322,1,0,1.6214862509502748,false
spi-fly/spi-fly-dynamic-bundle/src/test/java/org/apache/aries/spifly/dynamic/impl2_123/MySPIImpl2B.java,5.0,1.0,0.0,1.0,0.0,2.0,53.0,davidb@13f79535-47bb-0310-9956-ffa450edef68,1,0.0016286644951140066,100.0,0.0,0.0,0.0,1468.8695652173913,6743.28813559322,1,0,1.6214862509502748,false
spi-fly/spi-fly-dynamic-bundle/src/test/java/org/apache/aries/spifly/dynamic/impl3/MyAltDocumentBuilderFactory.java,15.0,3.0,10.0,5.0,0.0,13.0,53.0,davidb@13f79535-47bb-0310-9956-ffa450edef68,1,0.0016286644951140066,100.0,0.0,0.0,0.0,1468.8695652173913,6743.28813559322,1,0,1.6214862509502748,false
spi-fly/spi-fly-dynamic-bundle/src/test/java/org/apache/aries/spifly/dynamic/impl4/AltSPIImpl2.java,5.0,1.0,0.0,1.0,0.0,2.0,56.0,davidb@13f79535-47bb-0310-9956-ffa450edef68,1,0.0016286644951140066,50.0,50.0,0.0,50.0,1468.8695652173913,6743.28813559322,1,0,1.6214862509502748,false
spi-fly/spi-fly-dynamic-bundle/src/test/java/org/apache/aries/spifly/dynamic/impl4/MySPIImpl4.java,5.0,1.0,0.0,1.0,0.0,2.0,56.0,davidb@13f79535-47bb-0310-9956-ffa450edef68,1,0.0016286644951140066,100.0,100.0,0.0,100.0,1468.8695652173913,6743.28813559322,1,0,1.6214862509502748,false
spi-fly/spi-fly-examples/spi-fly-example-client1-bundle/src/main/java/org/apache/aries/spifly/client/bundle/Activator.java,8.0,3.0,1.0,2.0,2.0,4.0,27.0,davidb@13f79535-47bb-0310-9956-ffa450edef68,1,0.0016286644951140066,100.0,0.0,0.0,50.0,1468.8695652173913,6743.28813559322,1,0,1.6214862509502748,false
spi-fly/spi-fly-examples/spi-fly-example-client1-jar/src/main/java/org/apache/aries/spifly/client/jar/Consumer.java,11.0,2.0,0.0,1.0,5.0,3.0,6.0,davidb@13f79535-47bb-0310-9956-ffa450edef68,1,0.0016286644951140066,100.0,0.0,0.0,100.0,1468.8695652173913,6743.28813559322,1,0,1.6214862509502748,false
spi-fly/spi-fly-examples/spi-fly-example-client2-bundle/src/main/java/org/apache/aries/spifly/examples/client2/impl/Activator.java,11.0,4.0,1.0,2.0,3.0,5.0,27.0,davidb@13f79535-47bb-0310-9956-ffa450edef68,1,0.0016286644951140066,100.0,50.0,0.0,0.0,1468.8695652173913,6743.28813559322,1,0,1.6214862509502748,false
spi-fly/spi-fly-examples/spi-fly-example-provider1-jar/src/main/java/org/apache/aries/spifly/mysvc/impl/SPIProviderImpl.java,5.0,1.0,0.0,1.0,0.0,2.0,33.0,davidb@13f79535-47bb-0310-9956-ffa450edef68,1,0.0016286644951140066,100.0,100.0,0.0,0.0,1468.8695652173913,6743.28813559322,1,0,1.6214862509502748,false
spi-fly/spi-fly-examples/spi-fly-example-provider2-bundle/src/main/java/org/apache/aries/spifly/mysvc/impl2/SPIProviderImpl.java,5.0,1.0,0.0,1.0,0.0,2.0,33.0,davidb@13f79535-47bb-0310-9956-ffa450edef68,1,0.0016286644951140066,100.0,0.0,0.0,50.0,1468.8695652173913,6743.28813559322,1,0,1.6214862509502748,false
spi-fly/spi-fly-examples/spi-fly-example-spi-bundle/src/main/java/org/apache/aries/spifly/mysvc/SPIProvider.java,3.0,0.0,0.0,1.0,0.0,1.0,43.0,davidb@13f79535-47bb-0310-9956-ffa450edef68,1,0.0016286644951140066,100.0,0.0,0.0,50.0,1468.8695652173913,6743.28813559322,1,0,1.6214862509502748,false
spi-fly/spi-fly-itests-old/src/main/java/org/apache/aries/spifly/aop/sample/Activator.java,11.0,4.0,1.0,2.0,8.0,6.0,27.0,davidb@13f79535-47bb-0310-9956-ffa450edef68,0,0.0,0.0,0.0,0.0,0.0,0.0,0.0,0,0,0.0,false
spi-fly/spi-fly-itests-old/src/main/java/org/apache/aries/spifly/aop/sample/HeaderParser.java,76.0,4.0,0.0,1.0,9.0,7.0,57.0,davidb@13f79535-47bb-0310-9956-ffa450edef68,0,0.0,0.0,0.0,0.0,0.0,0.0,0.0,0,0,0.0,false
spi-fly/spi-fly-itests-old/src/main/java/org/apache/aries/spifly/aop/sample/TestImpl.java,13.0,3.0,0.0,1.0,7.0,2.0,0.0,davidb@13f79535-47bb-0310-9956-ffa450edef68,0,0.0,0.0,0.0,0.0,0.0,0.0,0.0,0,0,0.0,false
spi-fly/spi-fly-itests-old/src/main/java/org/apache/aries/spifly/aop/sample/interf/TestInterface.java,3.0,1.0,0.0,1.0,0.0,1.0,6.0,davidb@13f79535-47bb-0310-9956-ffa450edef68,0,0.0,0.0,0.0,0.0,0.0,0.0,0.0,0,0,0.0,false
spi-fly/spi-fly-itests-old/src/test/java/org/apache/aries/spifly/AbstractIntegrationTest.java,111.0,21.0,47.0,11.0,36.0,35.0,5.0,davidb@13f79535-47bb-0310-9956-ffa450edef68,0,0.0,0.0,0.0,0.0,0.0,0.0,0.0,0,0,0.0,false
spi-fly/spi-fly-itests-old/src/test/java/org/apache/aries/spifly/CustomizerWithAopTest.java,83.0,35.0,66.0,12.0,75.0,35.0,0.0,davidb@13f79535-47bb-0310-9956-ffa450edef68,0,0.0,0.0,0.0,0.0,0.0,0.0,0.0,0,0,0.0,false
spi-fly/spi-fly-itests-old/src/test/java/org/apache/aries/spifly/SPIBundleTrackerCustomizerTest.java,36.0,20.0,6.0,4.0,27.0,13.0,16.0,davidb@13f79535-47bb-0310-9956-ffa450edef68,0,0.0,0.0,0.0,0.0,0.0,0.0,0.0,0,0,0.0,false
spi-fly/spi-fly-itests-old/src/test/java/org/apache/aries/spifly/sample/TestDomBuilderFactory.java,15.0,3.0,10.0,5.0,0.0,12.0,0.0,davidb@13f79535-47bb-0310-9956-ffa450edef68,0,0.0,0.0,0.0,0.0,0.0,0.0,0.0,0,0,0.0,false
spi-fly/spi-fly-itests-old/src/test/java/org/apache/aries/spifly/sample/TestSaxParserFactory.java,10.0,6.0,3.0,3.0,0.0,7.0,0.0,davidb@13f79535-47bb-0310-9956-ffa450edef68,0,0.0,0.0,0.0,0.0,0.0,0.0,0.0,0,0,0.0,false
spi-fly/spi-fly-static-bundle/src/main/java/org/apache/aries/spifly/staticbundle/StaticWeavingActivator.java,8.0,4.0,1.0,2.0,0.0,4.0,0.0,davidb@13f79535-47bb-0310-9956-ffa450edef68,0,0.0,0.0,0.0,0.0,0.0,0.0,0.0,0,0,0.0,false
spi-fly/spi-fly-static-tool/src/main/java/org/apache/aries/spifly/statictool/DirTree.java,23.0,3.0,0.0,2.0,5.0,7.0,0.0,davidb@13f79535-47bb-0310-9956-ffa450edef68,0,0.0,0.0,0.0,0.0,0.0,0.0,0.0,0,0,0.0,false
spi-fly/spi-fly-static-tool/src/main/java/org/apache/aries/spifly/statictool/Main.java,209.0,25.0,76.0,13.0,98.0,48.0,5.0,davidb@13f79535-47bb-0310-9956-ffa450edef68,1,0.0016286644951140066,29.0,12.0,12.0,12.0,1468.8695652173913,6743.28813559322,1,0,1.6214862509502748,true
spi-fly/spi-fly-static-tool/src/test/java/org/apache/aries/spifly/statictool/MainTest.java,58.0,12.0,10.0,5.0,31.0,11.0,0.0,davidb@13f79535-47bb-0310-9956-ffa450edef68,0,0.0,0.0,0.0,0.0,0.0,0.0,0.0,0,0,0.0,false
spi-fly/spi-fly-weaver/src/main/java/org/apache/aries/spifly/weaver/TCCLSetterVisitor.java,112.0,12.0,8.0,5.0,23.0,12.0,50.0,davidb@13f79535-47bb-0310-9956-ffa450edef68,1,0.0016286644951140066,12.0,0.0,0.0,0.0,1468.8695652173913,6743.28813559322,1,0,1.6214862509502748,false
subsystem/subsystem-api/src/main/java/org/apache/aries/subsystem/Subsystem.java,116.0,5.0,136.0,17.0,0.0,56.0,50.0,gmcdonald@13f79535-47bb-0310-9956-ffa450edef68,1,0.0016286644951140066,33.0,0.0,0.0,0.0,820.1538461538462,6699.110419331034,1,0,3.7316994512968646,false
subsystem/subsystem-api/src/main/java/org/apache/aries/subsystem/SubsystemConstants.java,265.0,0.0,0.0,0.0,0.0,0.0,50.0,gmcdonald@13f79535-47bb-0310-9956-ffa450edef68,1,0.0016286644951140066,33.0,0.0,0.0,0.0,820.1538461538462,6699.110419331034,1,0,3.7316994512968646,false
subsystem/subsystem-api/src/main/java/org/apache/aries/subsystem/SubsystemException.java,33.0,0.0,6.0,4.0,0.0,6.0,50.0,gmcdonald@13f79535-47bb-0310-9956-ffa450edef68,1,0.0016286644951140066,33.0,0.0,0.0,0.0,820.1538461538462,6699.110419331034,1,0,3.7316994512968646,false
subsystem/subsystem-api/src/main/java/org/apache/aries/subsystem/spi/Capability.java,27.0,1.0,6.0,4.0,0.0,12.0,50.0,gcc@13f79535-47bb-0310-9956-ffa450edef68,1,0.0016286644951140066,50.0,0.0,0.0,0.0,820.1538461538462,6699.110419331034,1,0,3.7316994512968646,false
subsystem/subsystem-api/src/main/java/org/apache/aries/subsystem/spi/Requirement.java,27.0,1.0,6.0,4.0,0.0,12.0,50.0,gcc@13f79535-47bb-0310-9956-ffa450edef68,1,0.0016286644951140066,50.0,0.0,0.0,0.0,820.1538461538462,6699.110419331034,1,0,3.7316994512968646,false
subsystem/subsystem-api/src/main/java/org/apache/aries/subsystem/spi/Resource.java,44.0,4.0,3.0,3.0,0.0,8.0,50.0,gmcdonald@13f79535-47bb-0310-9956-ffa450edef68,1,0.0016286644951140066,33.0,0.0,0.0,0.0,820.1538461538462,6699.110419331034,1,0,3.7316994512968646,false
subsystem/subsystem-api/src/main/java/org/apache/aries/subsystem/spi/ResourceOperation.java,36.0,2.0,10.0,5.0,0.0,11.0,50.0,gcc@13f79535-47bb-0310-9956-ffa450edef68,1,0.0016286644951140066,50.0,0.0,0.0,0.0,820.1538461538462,6699.110419331034,1,0,3.7316994512968646,false
subsystem/subsystem-api/src/main/java/org/apache/aries/subsystem/spi/ResourceProcessor.java,12.0,1.0,0.0,1.0,0.0,4.0,50.0,gmcdonald@13f79535-47bb-0310-9956-ffa450edef68,1,0.0016286644951140066,33.0,0.0,0.0,0.0,820.1538461538462,6699.110419331034,1,0,3.7316994512968646,false
subsystem/subsystem-core/src/main/java/org/apache/aries/subsystem/core/ResourceConverter.java,18.0,2.0,1.0,2.0,0.0,7.0,28.0,gcc@13f79535-47bb-0310-9956-ffa450edef68,1,0.0016286644951140066,33.0,0.0,0.0,0.0,820.1538461538462,6699.110419331034,1,0,3.7316994512968646,false
subsystem/subsystem-core/src/main/java/org/apache/aries/subsystem/core/ResourceResolver.java,18.0,3.0,1.0,2.0,0.0,6.0,7.0,gcc@13f79535-47bb-0310-9956-ffa450edef68,1,0.0016286644951140066,33.0,0.0,0.0,0.0,820.1538461538462,6699.110419331034,1,0,3.7316994512968646,false
subsystem/subsystem-core/src/main/java/org/apache/aries/subsystem/core/SubsystemEvent.java,49.0,1.0,0.0,4.0,0.0,11.0,28.0,gcc@13f79535-47bb-0310-9956-ffa450edef68,1,0.0016286644951140066,33.0,0.0,0.0,0.0,820.1538461538462,6699.110419331034,1,0,3.7316994512968646,false
subsystem/subsystem-core/src/main/java/org/apache/aries/subsystem/core/SubsystemListener.java,10.0,0.0,0.0,1.0,0.0,1.0,28.0,gcc@13f79535-47bb-0310-9956-ffa450edef68,1,0.0016286644951140066,50.0,0.0,0.0,0.0,820.1538461538462,6699.110419331034,1,0,3.7316994512968646,false
subsystem/subsystem-core/src/main/java/org/apache/aries/subsystem/core/internal/Activator.java,71.0,19.0,0.0,10.0,31.0,25.0,27.0,jwross@13f79535-47bb-0310-9956-ffa450edef68,1,0.0016286644951140066,3.0,0.0,0.0,0.0,820.1538461538462,6699.110419331034,1,0,3.7316994512968646,true
subsystem/subsystem-core/src/main/java/org/apache/aries/subsystem/core/internal/BundleResourceProcessor.java,144.0,12.0,151.0,18.0,88.0,47.0,50.0,gmcdonald@13f79535-47bb-0310-9956-ffa450edef68,1,0.0016286644951140066,25.0,0.0,0.0,0.0,820.1538461538462,6699.110419331034,1,0,3.7316994512968646,false
subsystem/subsystem-core/src/main/java/org/apache/aries/subsystem/core/internal/NoOpResolver.java,26.0,12.0,1.0,2.0,7.0,9.0,50.0,gmcdonald@13f79535-47bb-0310-9956-ffa450edef68,1,0.0016286644951140066,33.0,0.0,0.0,0.0,820.1538461538462,6699.110419331034,1,0,3.7316994512968646,false
subsystem/subsystem-core/src/main/java/org/apache/aries/subsystem/core/internal/ResourceImpl.java,40.0,11.0,6.0,9.0,8.0,19.0,50.0,gmcdonald@13f79535-47bb-0310-9956-ffa450edef68,1,0.0016286644951140066,33.0,0.0,0.0,0.0,820.1538461538462,6699.110419331034,1,0,3.7316994512968646,false
subsystem/subsystem-core/src/main/java/org/apache/aries/subsystem/core/internal/ResourceResolverImpl.java,166.0,31.0,4.0,8.0,65.0,32.0,50.0,gmcdonald@13f79535-47bb-0310-9956-ffa450edef68,1,0.0016286644951140066,25.0,0.0,0.0,0.0,820.1538461538462,6699.110419331034,1,0,3.7316994512968646,false
subsystem/subsystem-core/src/main/java/org/apache/aries/subsystem/core/internal/RootSubsystem.java,41.0,7.0,78.0,13.0,3.0,25.0,50.0,jwross@13f79535-47bb-0310-9956-ffa450edef68,1,0.0016286644951140066,17.0,0.0,0.0,0.0,820.1538461538462,6699.110419331034,1,0,3.7316994512968646,false
subsystem/subsystem-core/src/main/java/org/apache/aries/subsystem/core/internal/SubsystemEventDispatcher.java,83.0,23.0,18.0,9.0,31.0,25.0,50.0,gmcdonald@13f79535-47bb-0310-9956-ffa450edef68,1,0.0016286644951140066,33.0,0.0,0.0,0.0,820.1538461538462,6699.110419331034,1,0,3.7316994512968646,false
subsystem/subsystem-core/src/main/java/org/apache/aries/subsystem/core/internal/SubsystemImpl.java,317.0,31.0,806.0,44.0,106.0,121.0,50.0,gmcdonald@13f79535-47bb-0310-9956-ffa450edef68,1,0.0016286644951140066,25.0,0.0,0.0,0.0,820.1538461538462,6699.110419331034,1,0,3.7316994512968646,false
subsystem/subsystem-core/src/main/java/org/apache/aries/subsystem/core/internal/SubsystemResourceProcessor.java,363.0,45.0,624.0,36.0,128.0,96.0,50.0,gcc@13f79535-47bb-0310-9956-ffa450edef68,1,0.0016286644951140066,20.0,0.0,0.0,0.0,820.1538461538462,6699.110419331034,1,0,3.7316994512968646,true
subsystem/subsystem-core/src/main/java/org/apache/aries/subsystem/core/internal/SubsystemServiceFactory.java,18.0,7.0,0.0,3.0,3.0,5.0,50.0,gcc@13f79535-47bb-0310-9956-ffa450edef68,1,0.0016286644951140066,25.0,0.0,0.0,0.0,820.1538461538462,6699.110419331034,1,0,3.7316994512968646,false
subsystem/subsystem-install/src/main/java/org/apache/aries/subsystem/install/internal/SubsystemInstaller.java,61.0,9.0,16.0,8.0,23.0,24.0,50.0,gmcdonald@13f79535-47bb-0310-9956-ffa450edef68,1,0.0016286644951140066,50.0,0.0,0.0,0.0,820.1538461538462,6699.110419331034,1,0,3.7316994512968646,false
subsystem/subsystem-itests/src/test/java/org/apache/aries/subsystem/itests/AbstractIntegrationTest.java,113.0,23.0,66.0,13.0,40.0,47.0,5.0,gmcdonald@13f79535-47bb-0310-9956-ffa450edef68,0,0.0,0.0,0.0,0.0,0.0,0.0,0.0,0,0,0.0,false
subsystem/subsystem-itests/src/test/java/org/apache/aries/subsystem/itests/SubsystemAdmin2Test.java,33.0,19.0,3.0,3.0,32.0,9.0,50.0,gcc@13f79535-47bb-0310-9956-ffa450edef68,1,0.0016286644951140066,20.0,0.0,0.0,0.0,820.1538461538462,6699.110419331034,1,0,3.7316994512968646,false
subsystem/subsystem-itests/src/test/java/org/apache/aries/subsystem/itests/SubsystemAdminTest.java,37.0,18.0,3.0,3.0,34.0,9.0,50.0,gcc@13f79535-47bb-0310-9956-ffa450edef68,1,0.0016286644951140066,20.0,0.0,0.0,0.0,820.1538461538462,6699.110419331034,1,0,3.7316994512968646,false
subsystem/subsystem-itests/src/test/java/org/ops4j/pax/runner/platform/equinox/internal/SsActivator.java,8.0,3.0,0.0,1.0,0.0,3.0,27.0,jwross@13f79535-47bb-0310-9956-ffa450edef68,0,0.0,0.0,0.0,0.0,0.0,0.0,0.0,0,0,0.0,true
subsystem/subsystem-obr/src/main/java/org/apache/aries/subsystem/obr/internal/Activator.java,20.0,7.0,0.0,3.0,7.0,7.0,27.0,gmcdonald@13f79535-47bb-0310-9956-ffa450edef68,1,0.0016286644951140066,33.0,0.0,0.0,0.0,820.1538461538462,6699.110419331034,1,0,3.7316994512968646,false
subsystem/subsystem-obr/src/main/java/org/apache/aries/subsystem/obr/internal/ObrResourceImpl.java,34.0,9.0,20.0,9.0,5.0,18.0,50.0,gmcdonald@13f79535-47bb-0310-9956-ffa450edef68,1,0.0016286644951140066,33.0,0.0,0.0,0.0,820.1538461538462,6699.110419331034,1,0,3.7316994512968646,false
subsystem/subsystem-obr/src/main/java/org/apache/aries/subsystem/obr/internal/ObrResourceResolver.java,87.0,21.0,4.0,4.0,30.0,20.0,50.0,gmcdonald@13f79535-47bb-0310-9956-ffa450edef68,1,0.0016286644951140066,33.0,0.0,0.0,0.0,820.1538461538462,6699.110419331034,1,0,3.7316994512968646,false
subsystem/subsystem-obr/src/main/java/org/apache/aries/subsystem/obr/internal/ResourceImpl.java,38.0,9.0,26.0,9.0,2.0,18.0,50.0,gmcdonald@13f79535-47bb-0310-9956-ffa450edef68,1,0.0016286644951140066,33.0,0.0,0.0,0.0,820.1538461538462,6699.110419331034,1,0,3.7316994512968646,false
subsystem/subsystem-scope-api/src/main/java/org/apache/aries/subsystem/scope/InstallInfo.java,40.0,3.0,0.0,4.0,3.0,12.0,0.0,gmcdonald@13f79535-47bb-0310-9956-ffa450edef68,0,0.0,0.0,0.0,0.0,0.0,0.0,0.0,0,0,0.0,false
subsystem/subsystem-scope-api/src/main/java/org/apache/aries/subsystem/scope/Scope.java,39.0,4.0,28.0,8.0,0.0,22.0,0.0,gmcdonald@13f79535-47bb-0310-9956-ffa450edef68,0,0.0,0.0,0.0,0.0,0.0,0.0,0.0,0,0,0.0,false
subsystem/subsystem-scope-api/src/main/java/org/apache/aries/subsystem/scope/ScopeUpdate.java,59.0,5.0,36.0,9.0,0.0,27.0,0.0,gmcdonald@13f79535-47bb-0310-9956-ffa450edef68,0,0.0,0.0,0.0,0.0,0.0,0.0,0.0,0,0,0.0,false
subsystem/subsystem-scope-api/src/main/java/org/apache/aries/subsystem/scope/SharePolicy.java,51.0,1.0,0.0,4.0,2.0,11.0,0.0,gmcdonald@13f79535-47bb-0310-9956-ffa450edef68,0,0.0,0.0,0.0,0.0,0.0,0.0,0.0,0,0,0.0,false
subsystem/subsystem-scope-impl/src/main/java/org/apache/aries/subsystem/scope/impl/IdGenerator.java,12.0,0.0,1.0,3.0,0.0,4.0,50.0,gcc@13f79535-47bb-0310-9956-ffa450edef68,1,0.0016286644951140066,100.0,0.0,0.0,0.0,820.1538461538462,6699.110419331034,1,0,3.7316994512968646,false
subsystem/subsystem-scope-impl/src/main/java/org/apache/aries/subsystem/scope/impl/ScopeImpl.java,77.0,10.0,131.0,19.0,11.0,35.0,50.0,gmcdonald@13f79535-47bb-0310-9956-ffa450edef68,1,0.0016286644951140066,33.0,0.0,0.0,0.0,820.1538461538462,6699.110419331034,1,0,3.7316994512968646,false
subsystem/subsystem-scope-impl/src/main/java/org/apache/aries/subsystem/scope/impl/ScopeManager.java,197.0,23.0,190.0,25.0,124.0,76.0,50.0,gcc@13f79535-47bb-0310-9956-ffa450edef68,1,0.0016286644951140066,50.0,0.0,0.0,0.0,820.1538461538462,6699.110419331034,1,0,3.7316994512968646,false
subsystem/subsystem-scope-impl/src/main/java/org/apache/aries/subsystem/scope/impl/ScopeUpdateImpl.java,150.0,14.0,32.0,21.0,60.0,59.0,50.0,gmcdonald@13f79535-47bb-0310-9956-ffa450edef68,1,0.0016286644951140066,33.0,0.0,0.0,0.0,820.1538461538462,6699.110419331034,1,0,3.7316994512968646,false
subsystem/subsystem-scope-impl/src/main/java/org/apache/aries/subsystem/scope/impl/Scopes.java,218.0,23.0,145.0,23.0,87.0,66.0,50.0,gcc@13f79535-47bb-0310-9956-ffa450edef68,1,0.0016286644951140066,100.0,0.0,0.0,0.0,820.1538461538462,6699.110419331034,1,0,3.7316994512968646,false
subsystem/subsystem-scope-impl/src/main/java/org/apache/aries/subsystem/scope/impl/SharePolicies.java,73.0,6.0,1.0,7.0,22.0,14.0,50.0,gcc@13f79535-47bb-0310-9956-ffa450edef68,1,0.0016286644951140066,100.0,0.0,0.0,0.0,820.1538461538462,6699.110419331034,1,0,3.7316994512968646,false
subsystem/subsystem-scope-impl/src/main/java/org/apache/aries/subsystem/scope/internal/Activator.java,36.0,10.0,9.0,7.0,7.0,12.0,27.0,gmcdonald@13f79535-47bb-0310-9956-ffa450edef68,1,0.0016286644951140066,33.0,0.0,0.0,0.0,820.1538461538462,6699.110419331034,1,0,3.7316994512968646,false
subsystem/subsystem-scope-itests/src/test/bundles/tb1/org/apache/aries/subsystem/scope/itests/tb1/Activator.java,19.0,8.0,1.0,2.0,14.0,4.0,27.0,gcc@13f79535-47bb-0310-9956-ffa450edef68,0,0.0,0.0,0.0,0.0,0.0,0.0,0.0,0,0,0.0,false
subsystem/subsystem-scope-itests/src/test/bundles/tb3/org/apache/aries/subsystem/scope/itests/tb3/Activator.java,18.0,7.0,1.0,3.0,5.0,7.0,27.0,gcc@13f79535-47bb-0310-9956-ffa450edef68,0,0.0,0.0,0.0,0.0,0.0,0.0,0.0,0,0,0.0,false
subsystem/subsystem-scope-itests/src/test/bundles/tb4/org/apache/aries/subsystem/scope/itests/tb4/Activator.java,17.0,8.0,4.0,4.0,8.0,9.0,27.0,cschneider@13f79535-47bb-0310-9956-ffa450edef68,0,0.0,0.0,0.0,0.0,0.0,0.0,0.0,0,0,0.0,false
subsystem/subsystem-scope-itests/src/test/bundles/tb7/org/apache/aries/subsystem/scope/itests/tb7/Activator.java,11.0,5.0,0.0,2.0,2.0,4.0,27.0,gcc@13f79535-47bb-0310-9956-ffa450edef68,0,0.0,0.0,0.0,0.0,0.0,0.0,0.0,0,0,0.0,false
subsystem/subsystem-scope-itests/src/test/java/org/apache/aries/subsystem/scope/itests/AbstractIntegrationTest.java,124.0,26.0,73.0,14.0,45.0,50.0,5.0,cschneider@13f79535-47bb-0310-9956-ffa450edef68,0,0.0,0.0,0.0,0.0,0.0,0.0,0.0,0,0,0.0,false
subsystem/subsystem-scope-itests/src/test/java/org/apache/aries/subsystem/scope/itests/AbstractTest.java,141.0,31.0,225.0,22.0,86.0,59.0,50.0,cschneider@13f79535-47bb-0310-9956-ffa450edef68,1,0.0016286644951140066,33.0,0.0,0.0,0.0,820.1538461538462,6699.110419331034,1,0,3.7316994512968646,false
subsystem/subsystem-scope-itests/src/test/java/org/apache/aries/subsystem/scope/itests/BasicTest.java,78.0,16.0,6.0,4.0,52.0,12.0,50.0,cschneider@13f79535-47bb-0310-9956-ffa450edef68,1,0.0016286644951140066,33.0,0.0,0.0,0.0,820.1538461538462,6699.110419331034,1,0,3.7316994512968646,false
subsystem/subsystem-scope-itests/src/test/java/org/apache/aries/subsystem/scope/itests/BundleProvider.java,4.0,2.0,1.0,2.0,0.0,2.0,0.0,gcc@13f79535-47bb-0310-9956-ffa450edef68,0,0.0,0.0,0.0,0.0,0.0,0.0,0.0,0,0,0.0,false
subsystem/subsystem-scope-itests/src/test/java/org/apache/aries/subsystem/scope/itests/BundleVisibilityTest.java,66.0,16.0,1.0,2.0,49.0,5.0,50.0,cschneider@13f79535-47bb-0310-9956-ffa450edef68,1,0.0016286644951140066,33.0,0.0,0.0,0.0,820.1538461538462,6699.110419331034,1,0,3.7316994512968646,false
subsystem/subsystem-scope-itests/src/test/java/org/apache/aries/subsystem/scope/itests/GetScopeServiceTest.java,86.0,11.0,6.0,4.0,63.0,8.0,50.0,cschneider@13f79535-47bb-0310-9956-ffa450edef68,1,0.0016286644951140066,33.0,0.0,0.0,0.0,820.1538461538462,6699.110419331034,1,0,3.7316994512968646,false
subsystem/subsystem-scope-itests/src/test/java/org/apache/aries/subsystem/scope/itests/JarCreator.java,64.0,8.0,3.0,3.0,22.0,9.0,0.0,gcc@13f79535-47bb-0310-9956-ffa450edef68,0,0.0,0.0,0.0,0.0,0.0,0.0,0.0,0,0,0.0,false
subsystem/subsystem-scope-itests/src/test/java/org/apache/aries/subsystem/scope/itests/MoveBundleTest.java,73.0,9.0,1.0,2.0,29.0,5.0,50.0,cschneider@13f79535-47bb-0310-9956-ffa450edef68,1,0.0016286644951140066,33.0,0.0,0.0,0.0,820.1538461538462,6699.110419331034,1,0,3.7316994512968646,false
subsystem/subsystem-scope-itests/src/test/java/org/apache/aries/subsystem/scope/itests/PersistenceTest.java,109.0,15.0,6.0,4.0,62.0,11.0,50.0,cschneider@13f79535-47bb-0310-9956-ffa450edef68,1,0.0016286644951140066,50.0,0.0,0.0,0.0,820.1538461538462,6699.110419331034,1,0,3.7316994512968646,false
subsystem/subsystem-scope-itests/src/test/java/org/apache/aries/subsystem/scope/itests/ScopeAdminTest.java,345.0,39.0,37.0,10.0,161.0,44.0,34.0,cschneider@13f79535-47bb-0310-9956-ffa450edef68,1,0.0016286644951140066,50.0,0.0,0.0,25.0,820.1538461538462,6699.110419331034,1,0,3.7316994512968646,false
subsystem/subsystem-scope-itests/src/test/java/org/apache/aries/subsystem/scope/itests/ScopeProvider.java,3.0,1.0,0.0,1.0,0.0,1.0,0.0,gcc@13f79535-47bb-0310-9956-ffa450edef68,0,0.0,0.0,0.0,0.0,0.0,0.0,0.0,0,0,0.0,false
subsystem/subsystem-scope-itests/src/test/java/org/apache/aries/subsystem/scope/itests/ScopeSecurityTest.java,178.0,38.0,6.0,4.0,80.0,15.0,0.0,cschneider@13f79535-47bb-0310-9956-ffa450edef68,0,0.0,0.0,0.0,0.0,0.0,0.0,0.0,0,0,0.0,false
subsystem/subsystem-scope-itests/src/test/java/org/apache/aries/subsystem/scope/itests/Service.java,2.0,0.0,0.0,0.0,0.0,0.0,0.0,gcc@13f79535-47bb-0310-9956-ffa450edef68,0,0.0,0.0,0.0,0.0,0.0,0.0,0.0,0,0,0.0,false
subsystem/subsystem-scope-itests/src/test/java/org/apache/aries/subsystem/scope/itests/ServiceVisibilityTest.java,54.0,11.0,1.0,2.0,37.0,5.0,50.0,cschneider@13f79535-47bb-0310-9956-ffa450edef68,1,0.0016286644951140066,33.0,0.0,0.0,0.0,820.1538461538462,6699.110419331034,1,0,3.7316994512968646,false
subsystem/subsystem-scope-itests/src/test/java/org/apache/aries/subsystem/scope/itests/SharePolicyTest.java,139.0,12.0,6.0,4.0,71.0,9.0,50.0,cschneider@13f79535-47bb-0310-9956-ffa450edef68,1,0.0016286644951140066,33.0,0.0,0.0,0.0,820.1538461538462,6699.110419331034,1,0,3.7316994512968646,false
subsystem/subsystem-scope-itests/src/test/java/org/apache/aries/subsystem/scope/itests/UninstallBundleTest.java,30.0,12.0,0.0,3.0,21.0,7.0,50.0,cschneider@13f79535-47bb-0310-9956-ffa450edef68,1,0.0016286644951140066,33.0,0.0,0.0,0.0,820.1538461538462,6699.110419331034,1,0,3.7316994512968646,false
subsystem/subsystem-scope-itests/src/test/java/org/apache/aries/subsystem/scope/itests/Utils.java,45.0,5.0,10.0,5.0,9.0,21.0,23.0,gcc@13f79535-47bb-0310-9956-ffa450edef68,1,0.0016286644951140066,50.0,0.0,0.0,0.0,820.1538461538462,6699.110419331034,1,0,3.7316994512968646,false
subsystem/subsystem-scope-itests/src/test/java/org/ops4j/pax/runner/platform/equinox/internal/SsActivator.java,8.0,3.0,0.0,1.0,0.0,3.0,27.0,cschneider@13f79535-47bb-0310-9956-ffa450edef68,0,0.0,0.0,0.0,0.0,0.0,0.0,0.0,0,0,0.0,false
testsupport/testsupport-unit/src/main/java/org/apache/aries/unittest/fixture/ArchiveFixture.java,314.0,15.0,3.0,3.0,3.0,7.0,0.0,gmcdonald@13f79535-47bb-0310-9956-ffa450edef68,0,0.0,0.0,0.0,0.0,0.0,0.0,0.0,0,0,0.0,false
transaction/transaction-itests/src/test/java/org/apache/aries/transaction/itests/AbstractIntegrationTest.java,90.0,28.0,58.0,12.0,39.0,36.0,5.0,null,1,0.0016286644951140066,10.0,0.0,0.0,0.0,1721.08,21998.145264834948,1,0,1.3567936967231928,false
transaction/transaction-itests/src/test/java/org/ops4j/pax/runner/platform/equinox/internal/SsActivator.java,8.0,3.0,0.0,1.0,0.0,3.0,27.0,timothyjward@13f79535-47bb-0310-9956-ffa450edef68,1,0.0016286644951140066,33.0,0.0,0.0,0.0,1721.08,21998.145264834948,1,0,1.3567936967231928,false
transaction/transaction-wrappers/src/main/java/org/apache/aries/transaction/jdbc/Activator.java,73.0,15.0,0.0,6.0,31.0,17.0,27.0,gnodet@13f79535-47bb-0310-9956-ffa450edef68,0,0.0,0.0,0.0,0.0,0.0,0.0,0.0,0,0,0.0,false
util/src/main/java/org/apache/aries/util/AriesFrameworkUtil.java,69.0,7.0,4.0,4.0,7.0,20.0,8.0,djencks@13f79535-47bb-0310-9956-ffa450edef68,1,0.0016286644951140066,12.0,0.0,0.0,12.0,5804.469135802469,171112.5,1,0,1.3113313226464354,true
util/src/main/java/org/apache/aries/util/internal/DefaultWorker.java,94.0,13.0,33.0,10.0,31.0,22.0,11.0,djencks@13f79535-47bb-0310-9956-ffa450edef68,1,0.0016286644951140066,17.0,0.0,0.0,17.0,5804.469135802469,171112.5,1,0,1.3113313226464354,true
util/src/main/java/org/apache/aries/util/internal/EquinoxWorker.java,31.0,2.0,1.0,2.0,4.0,7.0,0.0,gmcdonald@13f79535-47bb-0310-9956-ffa450edef68,0,0.0,0.0,0.0,0.0,0.0,0.0,0.0,0,0,0.0,true
util/src/main/java/org/apache/aries/util/service/registry/ServicePair.java,37.0,4.0,0.0,7.0,6.0,14.0,3.0,not@13f79535-47bb-0310-9956-ffa450edef68,1,0.0016286644951140066,67.0,0.0,0.0,33.0,545.5714285714286,1509.794716340974,1,0,2.284780468360539,true
