name,LOC,CBO,LCOM,NOM,RFC,WMC,ACS,Ownership,numOfChanges,numberOfFIChanges,ENH,NF,BugFixing,REF,structuralWorkloadSum,semanticWorkloadSum,numberOfDeveloper,pastFaults,MAF,isBuggy
application/application-api/src/main/java/org/apache/aries/application/InvalidAttributeException.java,14.0,0.0,3.0,3.0,0.0,3.0,2.0,gmcdonald@13f79535-47bb-0310-9956-ffa450edef68,1,0.002785515320334262,50.0,0.0,50.0,0.0,177.55555555555557,152.4045376428587,1,0,2.631888840136646,false
application/application-api/src/main/java/org/apache/aries/application/modelling/ModellerException.java,11.0,0.0,3.0,3.0,0.0,3.0,1.0,gmcdonald@13f79535-47bb-0310-9956-ffa450edef68,1,0.002785515320334262,50.0,50.0,50.0,0.0,177.55555555555557,152.4045376428587,1,0,2.631888840136646,false
application/application-deployment-management/src/main/java/org/apache/aries/application/deployment/management/impl/DeploymentManifestManagerImpl.java,431.0,53.0,99.0,23.0,153.0,84.0,0.0,mahrwald@13f79535-47bb-0310-9956-ffa450edef68,0,0.0,0.0,0.0,0.0,0.0,0.0,0.0,0,4,0.0,true
application/application-itests/src/test/java/org/apache/aries/application/runtime/itests/BasicAppManagerTest.java,59.0,20.0,10.0,5.0,54.0,16.0,13.0,null,1,0.002785515320334262,9.0,0.0,0.0,0.0,1187.7627118644068,3840.731897004931,1,2,1.6386370671263626,true
application/application-itests/src/test/java/org/apache/aries/application/runtime/itests/BasicNoOpResolverTest.java,44.0,20.0,6.0,4.0,40.0,14.0,13.0,null,1,0.002785515320334262,10.0,0.0,0.0,0.0,1187.7627118644068,3840.731897004931,1,2,1.6386370671263626,true
application/application-itests/src/test/java/org/apache/aries/application/runtime/itests/IsolatedCfgAdminRuntimeTest.java,281.0,47.0,41.0,10.0,61.0,33.0,13.0,jwross@13f79535-47bb-0310-9956-ffa450edef68,1,0.002785515320334262,14.0,0.0,0.0,0.0,1187.7627118644068,3840.731897004931,1,0,1.6386370671263626,true
application/application-itests/src/test/java/org/apache/aries/application/runtime/itests/IsolatedRuntimeTest.java,131.0,36.0,78.0,13.0,106.0,44.0,13.0,mahrwald@13f79535-47bb-0310-9956-ffa450edef68,1,0.002785515320334262,7.0,0.0,0.0,0.0,1187.7627118644068,3840.731897004931,1,4,1.6386370671263626,true
application/application-itests/src/test/java/org/apache/aries/application/runtime/itests/MinimumImportsTest.java,70.0,30.0,3.0,3.0,43.0,14.0,13.0,null,1,0.002785515320334262,10.0,0.0,0.0,0.0,1187.7627118644068,3840.731897004931,1,2,1.6386370671263626,true
application/application-itests/src/test/java/org/apache/aries/application/runtime/itests/OBRAppManagerTest.java,56.0,27.0,3.0,3.0,43.0,13.0,13.0,null,1,0.002785515320334262,10.0,0.0,0.0,0.0,1187.7627118644068,3840.731897004931,1,2,1.6386370671263626,true
application/application-itests/src/test/java/org/apache/aries/application/runtime/itests/OBRResolverAdvancedTest.java,266.0,55.0,29.0,10.0,140.0,40.0,24.0,null,1,0.002785515320334262,12.0,0.0,0.0,0.0,1187.7627118644068,3840.731897004931,1,3,1.6386370671263626,true
application/application-itests/src/test/java/org/apache/aries/application/runtime/itests/OBRResolverTest.java,136.0,49.0,33.0,10.0,99.0,31.0,24.0,null,1,0.002785515320334262,17.0,0.0,0.0,0.0,1187.7627118644068,3840.731897004931,1,2,1.6386370671263626,true
application/application-itests/src/test/java/org/apache/aries/application/runtime/itests/UpdateAppTest.java,109.0,42.0,72.0,13.0,102.0,43.0,13.0,null,1,0.002785515320334262,10.0,0.0,0.0,0.0,1187.7627118644068,3840.731897004931,1,2,1.6386370671263626,true
application/application-management/src/main/java/org/apache/aries/application/management/impl/AriesApplicationManagerImpl.java,296.0,56.0,115.0,18.0,97.0,59.0,1.0,null,2,0.005571030640668524,22.0,0.0,11.0,11.0,1443.916558018253,4162.071309199039,2,3,1.494796030900472,true
application/application-modeller-common-test/src/test/java/org/apache/aries/application/modelling/impl/ParserProxyTest.java,129.0,34.0,21.0,10.0,55.0,25.0,0.0,mahrwald@13f79535-47bb-0310-9956-ffa450edef68,0,0.0,0.0,0.0,0.0,0.0,0.0,0.0,0,1,0.0,true
application/application-modeller/src/main/java/org/apache/aries/application/modelling/impl/AbstractParserProxy.java,250.0,42.0,57.0,15.0,79.0,54.0,0.0,mahrwald@13f79535-47bb-0310-9956-ffa450edef68,0,0.0,0.0,0.0,0.0,0.0,0.0,0.0,0,3,0.0,true
application/application-modeller/src/main/java/org/apache/aries/application/modelling/impl/DeployedBundlesImpl.java,307.0,28.0,0.0,17.0,83.0,70.0,0.0,gmcdonald@13f79535-47bb-0310-9956-ffa450edef68,0,0.0,0.0,0.0,0.0,0.0,0.0,0.0,0,0,0.0,false
application/application-modeller/src/main/java/org/apache/aries/application/modelling/impl/ImportedServiceImpl.java,203.0,23.0,0.0,17.0,46.0,49.0,2.0,mahrwald@13f79535-47bb-0310-9956-ffa450edef68,1,0.002785515320334262,33.0,0.0,33.0,0.0,177.55555555555557,152.4045376428587,1,1,2.631888840136646,false
application/application-modeller/src/main/java/org/apache/aries/application/modelling/impl/ModelledResourceImpl.java,206.0,34.0,0.0,18.0,41.0,51.0,0.0,mahrwald@13f79535-47bb-0310-9956-ffa450edef68,0,0.0,0.0,0.0,0.0,0.0,0.0,0.0,0,1,0.0,false
application/application-modeller/src/main/java/org/apache/aries/application/modelling/impl/ModelledResourceManagerImpl.java,244.0,35.0,85.0,15.0,54.0,60.0,0.0,mahrwald@13f79535-47bb-0310-9956-ffa450edef68,0,0.0,0.0,0.0,0.0,0.0,0.0,0.0,0,1,0.0,true
application/application-modeller/src/main/java/org/apache/aries/application/modelling/utils/impl/ModellingHelperImpl.java,98.0,26.0,9.0,7.0,33.0,26.0,0.0,mahrwald@13f79535-47bb-0310-9956-ffa450edef68,0,0.0,0.0,0.0,0.0,0.0,0.0,0.0,0,1,0.0,true
application/application-obr-resolver/src/main/java/org/apache/aries/application/resolver/obr/impl/OBRCapability.java,78.0,16.0,16.0,8.0,31.0,25.0,0.0,timothyjward@13f79535-47bb-0310-9956-ffa450edef68,0,0.0,0.0,0.0,0.0,0.0,0.0,0.0,0,1,0.0,false
application/application-obr-resolver/src/main/java/org/apache/aries/application/resolver/obr/impl/RepositoryGeneratorImpl.java,213.0,44.0,0.0,12.0,82.0,35.0,0.0,mahrwald@13f79535-47bb-0310-9956-ffa450edef68,0,0.0,0.0,0.0,0.0,0.0,0.0,0.0,0,1,0.0,true
application/application-obr-resolver/src/main/java/org/apache/aries/application/resolver/obr/impl/ResourceWrapper.java,45.0,5.0,0.0,13.0,11.0,25.0,0.0,gawor@13f79535-47bb-0310-9956-ffa450edef68,0,0.0,0.0,0.0,0.0,0.0,0.0,0.0,0,0,0.0,false
application/application-resolve-transform-cm-itests/src/test/java/org/apache/aries/application/resolve/transform/cm/itest/ConfigurationPostResolverTest.java,176.0,30.0,6.0,4.0,23.0,12.0,13.0,jbonofre@13f79535-47bb-0310-9956-ffa450edef68,1,0.002785515320334262,20.0,0.0,0.0,0.0,1187.7627118644068,3840.731897004931,1,0,1.6386370671263626,false
application/application-runtime-framework/src/main/java/org/apache/aries/application/runtime/framework/config/BundleFrameworkConfigurationFactoryImpl.java,46.0,12.0,1.0,2.0,20.0,8.0,1.0,gmcdonald@13f79535-47bb-0310-9956-ffa450edef68,1,0.002785515320334262,33.0,0.0,0.0,0.0,256.15384615384613,321.33941219410815,1,0,2.7372493557944724,false
application/application-utils/src/main/java/org/apache/aries/application/impl/ApplicationMetadataImpl.java,142.0,23.0,67.0,15.0,29.0,40.0,0.0,mahrwald@13f79535-47bb-0310-9956-ffa450edef68,0,0.0,0.0,0.0,0.0,0.0,0.0,0.0,0,1,0.0,false
application/application-utils/src/main/java/org/apache/aries/application/impl/DeploymentContentImpl.java,65.0,7.0,0.0,13.0,16.0,30.0,0.0,mahrwald@13f79535-47bb-0310-9956-ffa450edef68,0,0.0,0.0,0.0,0.0,0.0,0.0,0.0,0,1,0.0,false
blueprint/blueprint-cm/src/main/java/org/apache/aries/blueprint/compendium/cm/CmNamespaceHandler.java,473.0,43.0,391.0,30.0,198.0,96.0,0.0,gnodet@13f79535-47bb-0310-9956-ffa450edef68,0,0.0,0.0,0.0,0.0,0.0,0.0,0.0,0,2,0.0,true
blueprint/blueprint-cm/src/main/java/org/apache/aries/blueprint/compendium/cm/CmPropertyPlaceholder.java,117.0,11.0,60.0,17.0,30.0,35.0,0.0,mahrwald@13f79535-47bb-0310-9956-ffa450edef68,0,0.0,0.0,0.0,0.0,0.0,0.0,0.0,0,0,0.0,true
blueprint/blueprint-core/src/main/java/org/apache/aries/blueprint/ExtendedBlueprintContainer.java,5.0,0.0,0.0,0.0,0.0,0.0,0.0,mahrwald@13f79535-47bb-0310-9956-ffa450edef68,0,0.0,0.0,0.0,0.0,0.0,0.0,0.0,0,0,0.0,false
blueprint/blueprint-core/src/main/java/org/apache/aries/blueprint/container/AbstractServiceReferenceRecipe.java,423.0,32.0,404.0,33.0,98.0,98.0,0.0,gnodet@13f79535-47bb-0310-9956-ffa450edef68,0,0.0,0.0,0.0,0.0,0.0,0.0,0.0,0,0,0.0,true
blueprint/blueprint-core/src/main/java/org/apache/aries/blueprint/container/AggregateConverter.java,416.0,32.0,174.0,21.0,119.0,88.0,17.0,mahrwald@13f79535-47bb-0310-9956-ffa450edef68,1,0.002785515320334262,25.0,0.0,0.0,0.0,866.9811320754717,4766.825606275518,1,0,2.9885637840753785,true
blueprint/blueprint-core/src/main/java/org/apache/aries/blueprint/container/BeanRecipe.java,853.0,36.0,891.0,47.0,193.0,150.0,17.0,null,1,0.002785515320334262,7.0,0.0,0.0,0.0,866.9811320754717,4766.825606275518,1,1,2.9885637840753785,true
blueprint/blueprint-core/src/main/java/org/apache/aries/blueprint/container/BlueprintContainerImpl.java,750.0,77.0,637.0,51.0,251.0,162.0,17.0,null,1,0.002785515320334262,3.0,0.0,0.0,0.0,866.9811320754717,4766.825606275518,1,3,2.9885637840753785,true
blueprint/blueprint-core/src/main/java/org/apache/aries/blueprint/container/BlueprintExtender.java,327.0,39.0,189.0,23.0,105.0,70.0,0.0,gnodet@13f79535-47bb-0310-9956-ffa450edef68,0,0.0,0.0,0.0,0.0,0.0,0.0,0.0,0,0,0.0,true
blueprint/blueprint-core/src/main/java/org/apache/aries/blueprint/container/BlueprintRepository.java,311.0,29.0,264.0,29.0,97.0,97.0,17.0,mahrwald@13f79535-47bb-0310-9956-ffa450edef68,1,0.002785515320334262,20.0,0.0,0.0,0.0,866.9811320754717,4766.825606275518,1,1,2.9885637840753785,true
blueprint/blueprint-core/src/main/java/org/apache/aries/blueprint/container/RecipeBuilder.java,263.0,45.0,77.0,19.0,119.0,64.0,17.0,timothyjward@13f79535-47bb-0310-9956-ffa450edef68,1,0.002785515320334262,14.0,0.0,0.0,0.0,866.9811320754717,4766.825606275518,1,0,2.9885637840753785,true
blueprint/blueprint-core/src/main/java/org/apache/aries/blueprint/container/ReferenceListRecipe.java,300.0,17.0,7.0,7.0,24.0,25.0,2.0,gnodet@13f79535-47bb-0310-9956-ffa450edef68,1,0.002785515320334262,8.0,0.0,8.0,0.0,256.15384615384613,321.33941219410815,1,2,2.7372493557944724,true
blueprint/blueprint-core/src/main/java/org/apache/aries/blueprint/container/ReferenceRecipe.java,203.0,23.0,19.0,14.0,55.0,46.0,1.0,gnodet@13f79535-47bb-0310-9956-ffa450edef68,2,0.005571030640668524,12.0,0.0,12.0,0.0,433.70940170940173,473.74394983696686,2,1,1.9914219174056136,true
blueprint/blueprint-core/src/main/java/org/apache/aries/blueprint/container/ServiceRecipe.java,437.0,44.0,201.0,27.0,98.0,91.0,17.0,gnodet@13f79535-47bb-0310-9956-ffa450edef68,1,0.002785515320334262,6.0,0.0,0.0,0.0,866.9811320754717,4766.825606275518,1,2,2.9885637840753785,true
blueprint/blueprint-core/src/main/java/org/apache/aries/blueprint/container/Voidable.java,3.0,0.0,0.0,1.0,0.0,1.0,0.0,cumminsh@13f79535-47bb-0310-9956-ffa450edef68,0,0.0,0.0,0.0,0.0,0.0,0.0,0.0,0,0,0.0,false
blueprint/blueprint-core/src/main/java/org/apache/aries/blueprint/di/AbstractRecipe.java,105.0,10.0,106.0,17.0,29.0,47.0,17.0,mahrwald@13f79535-47bb-0310-9956-ffa450edef68,1,0.002785515320334262,25.0,0.0,0.0,0.0,866.9811320754717,4766.825606275518,1,1,2.9885637840753785,true
blueprint/blueprint-core/src/main/java/org/apache/aries/blueprint/di/CollectionRecipe.java,86.0,13.0,0.0,5.0,16.0,20.0,17.0,timothyjward@13f79535-47bb-0310-9956-ffa450edef68,1,0.002785515320334262,50.0,0.0,0.0,0.0,866.9811320754717,4766.825606275518,1,0,2.9885637840753785,true
blueprint/blueprint-core/src/main/java/org/apache/aries/blueprint/di/MapRecipe.java,114.0,14.0,9.0,7.0,18.0,30.0,17.0,cumminsh@13f79535-47bb-0310-9956-ffa450edef68,1,0.002785515320334262,33.0,0.0,0.0,0.0,866.9811320754717,4766.825606275518,1,0,2.9885637840753785,true
blueprint/blueprint-core/src/main/java/org/apache/aries/blueprint/di/RefRecipe.java,37.0,4.0,0.0,6.0,8.0,14.0,17.0,timothyjward@13f79535-47bb-0310-9956-ffa450edef68,1,0.002785515320334262,50.0,0.0,0.0,0.0,866.9811320754717,4766.825606275518,1,0,2.9885637840753785,true
blueprint/blueprint-core/src/main/java/org/apache/aries/blueprint/di/Repository.java,33.0,5.0,66.0,12.0,0.0,24.0,33.0,mahrwald@13f79535-47bb-0310-9956-ffa450edef68,1,0.002785515320334262,33.0,0.0,0.0,0.0,866.9811320754717,4766.825606275518,1,1,2.9885637840753785,true
blueprint/blueprint-core/src/main/java/org/apache/aries/blueprint/di/ValueRecipe.java,38.0,5.0,0.0,5.0,5.0,13.0,17.0,timothyjward@13f79535-47bb-0310-9956-ffa450edef68,1,0.002785515320334262,50.0,0.0,0.0,0.0,866.9811320754717,4766.825606275518,1,0,2.9885637840753785,true
blueprint/blueprint-core/src/main/java/org/apache/aries/blueprint/ext/AbstractPropertyPlaceholder.java,371.0,39.0,98.0,21.0,100.0,67.0,0.0,gnodet@13f79535-47bb-0310-9956-ffa450edef68,0,0.0,0.0,0.0,0.0,0.0,0.0,0.0,0,0,0.0,true
blueprint/blueprint-core/src/main/java/org/apache/aries/blueprint/ext/PlaceholdersUtils.java,32.0,9.0,1.0,2.0,11.0,9.0,0.0,gnodet@13f79535-47bb-0310-9956-ffa450edef68,0,0.0,0.0,0.0,0.0,0.0,0.0,0.0,0,0,0.0,true
blueprint/blueprint-core/src/main/java/org/apache/aries/blueprint/ext/PropertyPlaceholder.java,137.0,11.0,154.0,20.0,12.0,45.0,0.0,timothyjward@13f79535-47bb-0310-9956-ffa450edef68,0,0.0,0.0,0.0,0.0,0.0,0.0,0.0,0,0,0.0,true
blueprint/blueprint-core/src/main/java/org/apache/aries/blueprint/ext/evaluator/PropertyEvaluator.java,3.0,1.0,0.0,1.0,0.0,1.0,0.0,timothyjward@13f79535-47bb-0310-9956-ffa450edef68,0,0.0,0.0,0.0,0.0,0.0,0.0,0.0,0,0,0.0,false
blueprint/blueprint-core/src/main/java/org/apache/aries/blueprint/ext/impl/ExtNamespaceHandler.java,298.0,42.0,245.0,23.0,109.0,80.0,0.0,gnodet@13f79535-47bb-0310-9956-ffa450edef68,0,0.0,0.0,0.0,0.0,0.0,0.0,0.0,0,0,0.0,true
blueprint/blueprint-core/src/main/java/org/apache/aries/blueprint/namespace/NamespaceHandlerRegistryImpl.java,600.0,42.0,58.0,16.0,99.0,63.0,0.0,gnodet@13f79535-47bb-0310-9956-ffa450edef68,0,0.0,0.0,0.0,0.0,0.0,0.0,0.0,0,2,0.0,true
blueprint/blueprint-core/src/main/java/org/apache/aries/blueprint/services/ExtendedBlueprintContainer.java,26.0,16.0,91.0,14.0,0.0,17.0,0.0,gnodet@13f79535-47bb-0310-9956-ffa450edef68,0,0.0,0.0,0.0,0.0,0.0,0.0,0.0,0,0,0.0,false
blueprint/blueprint-core/src/main/java/org/apache/aries/blueprint/utils/BundleDelegatingClassLoader.java,89.0,10.0,0.0,10.0,17.0,34.0,0.0,timothyjward@13f79535-47bb-0310-9956-ffa450edef68,0,0.0,0.0,0.0,0.0,0.0,0.0,0.0,0,0,0.0,false
blueprint/blueprint-core/src/test/java/org/apache/aries/blueprint/AbstractBlueprintTest.java,39.0,11.0,36.0,9.0,8.0,22.0,0.0,mahrwald@13f79535-47bb-0310-9956-ffa450edef68,0,0.0,0.0,0.0,0.0,0.0,0.0,0.0,0,0,0.0,false
blueprint/blueprint-core/src/test/java/org/apache/aries/blueprint/ReferencesTest.java,28.0,11.0,6.0,4.0,4.0,11.0,0.0,gnodet@13f79535-47bb-0310-9956-ffa450edef68,0,0.0,0.0,0.0,0.0,0.0,0.0,0.0,0,0,0.0,false
blueprint/blueprint-core/src/test/java/org/apache/aries/blueprint/TestBlueprintContainer.java,47.0,15.0,0.0,5.0,19.0,15.0,10.0,gnodet@13f79535-47bb-0310-9956-ffa450edef68,1,0.002785515320334262,25.0,0.0,0.0,0.0,866.9811320754717,4766.825606275518,1,0,2.9885637840753785,true
blueprint/blueprint-core/src/test/java/org/apache/aries/blueprint/WiringTest.java,310.0,33.0,136.0,17.0,127.0,40.0,10.0,timothyjward@13f79535-47bb-0310-9956-ffa450edef68,1,0.002785515320334262,40.0,0.0,0.0,0.0,866.9811320754717,4766.825606275518,1,0,2.9885637840753785,true
blueprint/blueprint-core/src/test/java/org/apache/aries/blueprint/container/AggregateConverterTest.java,176.0,12.0,0.0,11.0,41.0,22.0,17.0,gnodet@13f79535-47bb-0310-9956-ffa450edef68,1,0.002785515320334262,33.0,0.0,0.0,0.0,866.9811320754717,4766.825606275518,1,0,2.9885637840753785,true
blueprint/blueprint-core/src/test/java/org/apache/aries/blueprint/ext/PropertyPlaceholderTest.java,36.0,6.0,20.0,8.0,10.0,13.0,0.0,gnodet@13f79535-47bb-0310-9956-ffa450edef68,0,0.0,0.0,0.0,0.0,0.0,0.0,0.0,0,0,0.0,true
blueprint/blueprint-core/src/test/java/org/apache/aries/blueprint/pojos/ConverterA.java,14.0,4.0,1.0,2.0,4.0,9.0,17.0,timothyjward@13f79535-47bb-0310-9956-ffa450edef68,1,0.002785515320334262,50.0,0.0,0.0,0.0,866.9811320754717,4766.825606275518,1,0,2.9885637840753785,true
blueprint/blueprint-itests/src/test/java/org/apache/aries/blueprint/itests/Helper.java,71.0,19.0,15.0,6.0,39.0,13.0,5.0,null,1,0.002785515320334262,10.0,0.0,0.0,0.0,1187.7627118644068,3840.731897004931,1,1,1.6386370671263626,false
blueprint/blueprint-jexl-evaluator/src/main/java/org/apache/aries/blueprint/jexl/evaluator/JexlPropertyEvaluator.java,68.0,7.0,93.0,15.0,8.0,34.0,0.0,timothyjward@13f79535-47bb-0310-9956-ffa450edef68,0,0.0,0.0,0.0,0.0,0.0,0.0,0.0,0,1,0.0,false
blueprint/blueprint-parser/src/main/java/org/apache/aries/blueprint/ExtendedReferenceMetadata.java,4.0,2.0,1.0,2.0,0.0,2.0,0.0,mahrwald@13f79535-47bb-0310-9956-ffa450edef68,0,0.0,0.0,0.0,0.0,0.0,0.0,0.0,0,0,0.0,false
blueprint/blueprint-parser/src/main/java/org/apache/aries/blueprint/mutable/MutableReferenceMetadata.java,9.0,2.0,3.0,3.0,0.0,3.0,0.0,mahrwald@13f79535-47bb-0310-9956-ffa450edef68,0,0.0,0.0,0.0,0.0,0.0,0.0,0.0,0,0,0.0,false
blueprint/blueprint-parser/src/main/java/org/apache/aries/blueprint/mutable/MutableServiceReferenceMetadata.java,20.0,4.0,45.0,10.0,0.0,11.0,0.0,mahrwald@13f79535-47bb-0310-9956-ffa450edef68,0,0.0,0.0,0.0,0.0,0.0,0.0,0.0,0,1,0.0,false
blueprint/blueprint-parser/src/main/java/org/apache/aries/blueprint/reflect/ReferenceMetadataImpl.java,36.0,3.0,20.0,9.0,1.0,13.0,0.0,mahrwald@13f79535-47bb-0310-9956-ffa450edef68,0,0.0,0.0,0.0,0.0,0.0,0.0,0.0,0,0,0.0,false
blueprint/blueprint-testbundlea/src/main/java/org/apache/aries/blueprint/testbundlea/NSHandlerFive.java,31.0,16.0,4.0,4.0,13.0,10.0,0.0,dkulp@13f79535-47bb-0310-9956-ffa450edef68,0,0.0,0.0,0.0,0.0,0.0,0.0,0.0,0,0,0.0,false
blueprint/blueprint-testbundlea/src/main/java/org/apache/aries/blueprint/testbundlea/NSHandlerFour.java,27.0,16.0,6.0,4.0,11.0,9.0,0.0,dkulp@13f79535-47bb-0310-9956-ffa450edef68,0,0.0,0.0,0.0,0.0,0.0,0.0,0.0,0,1,0.0,false
blueprint/blueprint-testbundlea/src/main/java/org/apache/aries/blueprint/testbundlea/NSHandlerSeven.java,30.0,16.0,4.0,4.0,12.0,10.0,0.0,dkulp@13f79535-47bb-0310-9956-ffa450edef68,0,0.0,0.0,0.0,0.0,0.0,0.0,0.0,0,0,0.0,false
blueprint/blueprint-testbundlea/src/main/java/org/apache/aries/blueprint/testbundlea/NSHandlerSix.java,30.0,16.0,4.0,4.0,12.0,10.0,0.0,dkulp@13f79535-47bb-0310-9956-ffa450edef68,0,0.0,0.0,0.0,0.0,0.0,0.0,0.0,0,0,0.0,false
blueprint/blueprint-testbundlea/src/main/java/org/apache/aries/blueprint/testbundlea/TestBean.java,4.0,0.0,0.0,1.0,0.0,1.0,0.0,dkulp@13f79535-47bb-0310-9956-ffa450edef68,0,0.0,0.0,0.0,0.0,0.0,0.0,0.0,0,0,0.0,false
ejb/ejb-modeller-itest/src/test/java/org/apache/aries/ejb/container/itest/AbstractEJBModellerTest.java,193.0,22.0,118.0,16.0,139.0,33.0,0.0,timothyjward@13f79535-47bb-0310-9956-ffa450edef68,0,0.0,0.0,0.0,0.0,0.0,0.0,0.0,0,0,0.0,false
ejb/ejb-modeller-itest/src/test/java/org/apache/aries/ejb/container/itest/ApplicationStandaloneModellerTest.java,6.0,3.0,0.0,1.0,1.0,2.0,0.0,timothyjward@13f79535-47bb-0310-9956-ffa450edef68,0,0.0,0.0,0.0,0.0,0.0,0.0,0.0,0,0,0.0,false
ejb/ejb-modeller-itest/src/test/java/org/apache/aries/ejb/container/itest/EJBModellingTest.java,10.0,13.0,1.0,2.0,9.0,4.0,5.0,timothyjward@13f79535-47bb-0310-9956-ffa450edef68,1,0.002785515320334262,14.0,0.0,0.0,0.0,1187.7627118644068,3840.731897004931,1,1,1.6386370671263626,false
ejb/openejb-extender-itest/src/test/java/org/apache/aries/ejb/openejb/extender/itest/AbstractOpenEJBTest.java,13.0,13.0,3.0,3.0,15.0,6.0,14.0,jbonofre@13f79535-47bb-0310-9956-ffa450edef68,1,0.002785515320334262,25.0,0.0,0.0,0.0,1187.7627118644068,3840.731897004931,1,1,1.6386370671263626,false
jmx/jmx-core/src/main/java/org/apache/aries/jmx/AbstractCompendiumHandler.java,82.0,8.0,0.0,8.0,23.0,19.0,0.0,gnodet@13f79535-47bb-0310-9956-ffa450edef68,0,0.0,0.0,0.0,0.0,0.0,0.0,0.0,0,0,0.0,true
jmx/jmx-itests/src/test/java/org/apache/aries/jmx/test/blueprint/BlueprintMBeanTest.java,105.0,30.0,3.0,3.0,40.0,10.0,14.0,null,1,0.002785515320334262,11.0,0.0,0.0,0.0,1187.7627118644068,3840.731897004931,1,0,1.6386370671263626,true
jndi/jndi-core/src/main/java/org/apache/aries/jndi/ContextHelper.java,166.0,17.0,36.0,9.0,33.0,40.0,1.0,not@13f79535-47bb-0310-9956-ffa450edef68,2,0.005571030640668524,18.0,0.0,9.0,0.0,1443.916558018253,4162.071309199039,2,2,1.494796030900472,true
jndi/jndi-core/src/main/java/org/apache/aries/jndi/DirObjectFactoryHelper.java,106.0,13.0,15.0,6.0,23.0,28.0,3.0,hughesj@13f79535-47bb-0310-9956-ffa450edef68,2,0.005571030640668524,29.0,14.0,0.0,0.0,433.70940170940173,473.74394983696686,2,0,1.9914219174056136,false
jndi/jndi-core/src/main/java/org/apache/aries/jndi/ObjectFactoryHelper.java,196.0,20.0,50.0,12.0,56.0,61.0,3.0,not@13f79535-47bb-0310-9956-ffa450edef68,2,0.005571030640668524,18.0,9.0,0.0,0.0,433.70940170940173,473.74394983696686,2,2,1.9914219174056136,true
jndi/jndi-core/src/main/java/org/apache/aries/jndi/Tuple.java,8.0,0.0,0.0,1.0,0.0,1.0,0.0,mahrwald@13f79535-47bb-0310-9956-ffa450edef68,0,0.0,0.0,0.0,0.0,0.0,0.0,0.0,0,0,0.0,false
jndi/jndi-core/src/test/java/org/apache/aries/jndi/ObjectFactoryTest.java,110.0,21.0,0.0,12.0,59.0,37.0,3.0,jbonofre@13f79535-47bb-0310-9956-ffa450edef68,2,0.005571030640668524,50.0,25.0,0.0,0.0,433.70940170940173,473.74394983696686,2,0,1.9914219174056136,false
jndi/jndi-url-itest-web/src/main/java/org/apache/aries/jndiurl/itest/JndiUrlItestServlet.java,24.0,8.0,0.0,1.0,12.0,3.0,0.0,gmcdonald@13f79535-47bb-0310-9956-ffa450edef68,0,0.0,0.0,0.0,0.0,0.0,0.0,0.0,0,0,0.0,false
jndi/jndi-url-itest/src/test/java/org/apache/aries/jndi/itests/JndiUrlIntegrationTest.java,73.0,15.0,21.0,7.0,31.0,23.0,8.0,null,2,0.005571030640668524,31.0,8.0,0.0,15.0,1656.162711864407,5315.2578614628355,2,1,0.9972815357641847,false
jndi/jndi-url/src/main/java/org/apache/aries/jndi/services/ServiceHelper.java,288.0,29.0,36.0,9.0,41.0,36.0,0.0,null,0,0.0,0.0,0.0,0.0,0.0,0.0,0.0,0,2,0.0,true
jndi/jndi-url/src/main/java/org/apache/aries/jndi/url/BlueprintURLContext.java,326.0,29.0,576.0,37.0,53.0,104.0,0.0,gmcdonald@13f79535-47bb-0310-9956-ffa450edef68,0,0.0,0.0,0.0,0.0,0.0,0.0,0.0,0,1,0.0,false
jndi/jndi-url/src/main/java/org/apache/aries/jndi/url/ServiceRegistryContext.java,93.0,15.0,39.0,10.0,26.0,33.0,0.0,cschneider@13f79535-47bb-0310-9956-ffa450edef68,0,0.0,0.0,0.0,0.0,0.0,0.0,0.0,0,1,0.0,false
jpa/jpa-blueprint-aries/src/main/java/org/apache/aries/jpa/blueprint/aries/impl/NSHandler.java,276.0,37.0,44.0,13.0,89.0,45.0,0.0,cschneider@13f79535-47bb-0310-9956-ffa450edef68,0,0.0,0.0,0.0,0.0,0.0,0.0,0.0,0,1,0.0,true
jpa/jpa-blueprint-aries/src/test/java/org/apache/aries/jpa/blueprint/aries/test/NSHandlerTest.java,319.0,40.0,0.0,22.0,258.0,30.0,0.0,cschneider@13f79535-47bb-0310-9956-ffa450edef68,0,0.0,0.0,0.0,0.0,0.0,0.0,0.0,0,1,0.0,true
jpa/jpa-container-itest/src/test/java/org/apache/aries/jpa/advanced/features/itest/EclipseLinkWeavingAndAnnotationScanningTest.java,5.0,13.0,0.0,1.0,3.0,2.0,2.0,mahrwald@13f79535-47bb-0310-9956-ffa450edef68,1,0.002785515320334262,29.0,0.0,0.0,29.0,177.55555555555557,152.4045376428587,1,0,2.631888840136646,false
jpa/jpa-container-itest/src/test/java/org/apache/aries/jpa/advanced/features/itest/JPAWeavingAndAnnotationScanningTest.java,18.0,12.0,1.0,2.0,21.0,4.0,14.0,timothyjward@13f79535-47bb-0310-9956-ffa450edef68,1,0.002785515320334262,9.0,0.0,0.0,0.0,1187.7627118644068,3840.731897004931,1,2,1.6386370671263626,false
jpa/jpa-container-itest/src/test/java/org/apache/aries/jpa/blueprint/aries/itest/JPAInjectionTest.java,23.0,10.0,6.0,4.0,23.0,9.0,14.0,null,1,0.002785515320334262,8.0,0.0,0.0,0.0,1187.7627118644068,3840.731897004931,1,0,1.6386370671263626,false
jpa/jpa-container-itest/src/test/java/org/apache/aries/jpa/container/itest/JPAContainerDataSourceFactoryTest.java,71.0,28.0,3.0,3.0,45.0,8.0,14.0,cschneider@13f79535-47bb-0310-9956-ffa450edef68,1,0.002785515320334262,11.0,0.0,0.0,0.0,1187.7627118644068,3840.731897004931,1,0,1.6386370671263626,false
jpa/jpa-container-itest/src/test/java/org/apache/aries/jpa/container/itest/JPAContainerTest.java,19.0,9.0,10.0,5.0,16.0,10.0,14.0,null,1,0.002785515320334262,10.0,0.0,0.0,0.0,1187.7627118644068,3840.731897004931,1,0,1.6386370671263626,false
jpa/jpa-container-itest/src/test/java/org/apache/aries/jpa/context/itest/EclipseLinkContextTest.java,5.0,7.0,0.0,1.0,2.0,2.0,3.0,mahrwald@13f79535-47bb-0310-9956-ffa450edef68,1,0.002785515320334262,17.0,0.0,0.0,17.0,177.55555555555557,152.4045376428587,1,0,2.631888840136646,false
jpa/jpa-container-itest/src/test/java/org/apache/aries/jpa/context/itest/EclipseLinkStartupTest.java,14.0,13.0,1.0,2.0,12.0,6.0,8.0,cschneider@13f79535-47bb-0310-9956-ffa450edef68,2,0.005571030640668524,22.0,0.0,0.0,11.0,1365.3182674199625,3993.1364346477894,2,1,1.442115773071559,false
jpa/jpa-container-itest/src/test/java/org/apache/aries/jpa/context/itest/JPAContextTest.java,266.0,33.0,78.0,13.0,89.0,35.0,14.0,null,1,0.002785515320334262,7.0,0.0,0.0,0.0,1187.7627118644068,3840.731897004931,1,1,1.6386370671263626,false
jpa/jpa-container/src/main/java/org/apache/aries/jpa/container/weaving/impl/WrappingTransformer.java,44.0,12.0,0.0,7.0,14.0,22.0,2.0,mahrwald@13f79535-47bb-0310-9956-ffa450edef68,1,0.002785515320334262,25.0,25.0,0.0,0.0,866.9811320754717,4766.825606275518,1,1,2.9885637840753785,true
jpa/jpa-container/src/test/java/org/apache/aries/jpa/container/weaving/JPAWeavingHookTest.java,148.0,25.0,1.0,14.0,104.0,31.0,2.0,cschneider@13f79535-47bb-0310-9956-ffa450edef68,1,0.002785515320334262,33.0,33.0,0.0,0.0,866.9811320754717,4766.825606275518,1,0,2.9885637840753785,true
proxy/proxy-api/src/main/java/org/apache/aries/proxy/weavinghook/ProxyWeavingController.java,12.0,1.0,0.0,1.0,0.0,4.0,8.0,not@13f79535-47bb-0310-9956-ffa450edef68,1,0.002785515320334262,100.0,100.0,0.0,0.0,256.15384615384613,321.33941219410815,1,0,2.7372493557944724,false
proxy/proxy-api/src/main/java/org/apache/aries/proxy/weavinghook/WeavingHelper.java,18.0,1.0,1.0,2.0,0.0,7.0,8.0,not@13f79535-47bb-0310-9956-ffa450edef68,1,0.002785515320334262,100.0,100.0,0.0,0.0,256.15384615384613,321.33941219410815,1,0,2.7372493557944724,false
proxy/proxy-impl/src/main/java/org/apache/aries/proxy/impl/AbstractProxyManager.java,98.0,11.0,45.0,10.0,33.0,33.0,4.0,timothyjward@13f79535-47bb-0310-9956-ffa450edef68,1,0.002785515320334262,20.0,0.0,0.0,0.0,866.9811320754717,4766.825606275518,1,2,2.9885637840753785,true
proxy/proxy-impl/src/main/java/org/apache/aries/proxy/impl/AsmProxyManager.java,79.0,16.0,15.0,6.0,26.0,27.0,21.0,timothyjward@13f79535-47bb-0310-9956-ffa450edef68,1,0.002785515320334262,14.0,0.0,0.0,0.0,866.9811320754717,4766.825606275518,1,1,2.9885637840753785,true
proxy/proxy-impl/src/main/java/org/apache/aries/proxy/impl/ProxyManagerActivator.java,31.0,3.0,1.0,2.0,5.0,6.0,0.0,gnodet@13f79535-47bb-0310-9956-ffa450edef68,0,0.0,0.0,0.0,0.0,0.0,0.0,0.0,0,0,0.0,true
proxy/proxy-impl/src/main/java/org/apache/aries/proxy/impl/common/AbstractWovenProxyAdapter.java,406.0,31.0,44.0,17.0,115.0,61.0,13.0,timothyjward@13f79535-47bb-0310-9956-ffa450edef68,2,0.005571030640668524,29.0,7.0,7.0,0.0,2054.7438439398784,8607.557503280448,2,5,1.4137836017448084,true
proxy/proxy-impl/src/main/java/org/apache/aries/proxy/impl/common/AbstractWovenProxyMethodAdapter.java,281.0,20.0,15.0,11.0,77.0,36.0,21.0,timothyjward@13f79535-47bb-0310-9956-ffa450edef68,1,0.002785515320334262,25.0,0.0,0.0,0.0,866.9811320754717,4766.825606275518,1,1,2.9885637840753785,true
proxy/proxy-impl/src/main/java/org/apache/aries/proxy/impl/common/ConstructorFinder.java,15.0,5.0,1.0,3.0,2.0,7.0,15.0,ejiang@13f79535-47bb-0310-9956-ffa450edef68,1,0.002785515320334262,50.0,25.0,0.0,0.0,1187.7627118644068,3840.731897004931,1,1,1.6386370671263626,true
proxy/proxy-impl/src/main/java/org/apache/aries/proxy/impl/common/MethodCopyingClassAdapter.java,121.0,14.0,0.0,2.0,15.0,11.0,18.0,timothyjward@13f79535-47bb-0310-9956-ffa450edef68,1,0.002785515320334262,50.0,0.0,0.0,0.0,866.9811320754717,4766.825606275518,1,0,2.9885637840753785,true
proxy/proxy-impl/src/main/java/org/apache/aries/proxy/impl/common/OSGiFriendlyClassVisitor.java,15.0,5.0,0.0,2.0,1.0,4.0,15.0,ejiang@13f79535-47bb-0310-9956-ffa450edef68,1,0.002785515320334262,67.0,33.0,0.0,0.0,1187.7627118644068,3840.731897004931,1,0,1.6386370671263626,true
proxy/proxy-impl/src/main/java/org/apache/aries/proxy/impl/common/OSGiFriendlyClassWriter.java,85.0,8.0,0.0,3.0,6.0,10.0,7.0,timothyjward@13f79535-47bb-0310-9956-ffa450edef68,2,0.005571030640668524,60.0,0.0,20.0,0.0,1508.2427118644068,4691.0386583493055,2,2,1.4893812378600781,true
proxy/proxy-impl/src/main/java/org/apache/aries/proxy/impl/common/WovenProxyAbstractMethodAdapter.java,29.0,4.0,6.0,4.0,10.0,9.0,21.0,timothyjward@13f79535-47bb-0310-9956-ffa450edef68,1,0.002785515320334262,50.0,0.0,0.0,0.0,866.9811320754717,4766.825606275518,1,0,2.9885637840753785,false
proxy/proxy-impl/src/main/java/org/apache/aries/proxy/impl/common/WovenProxyConcreteMethodAdapter.java,26.0,7.0,1.0,3.0,11.0,8.0,21.0,timothyjward@13f79535-47bb-0310-9956-ffa450edef68,1,0.002785515320334262,50.0,0.0,0.0,0.0,866.9811320754717,4766.825606275518,1,0,2.9885637840753785,false
proxy/proxy-impl/src/main/java/org/apache/aries/proxy/impl/gen/Constants.java,5.0,0.0,0.0,0.0,0.0,0.0,17.0,ejiang@13f79535-47bb-0310-9956-ffa450edef68,1,0.002785515320334262,67.0,33.0,0.0,0.0,1187.7627118644068,3840.731897004931,1,0,1.6386370671263626,false
proxy/proxy-impl/src/main/java/org/apache/aries/proxy/impl/gen/ProxySubclassAdapter.java,290.0,14.0,22.0,13.0,75.0,31.0,11.0,null,1,0.002785515320334262,25.0,8.0,0.0,0.0,1187.7627118644068,3840.731897004931,1,0,1.6386370671263626,true
proxy/proxy-impl/src/main/java/org/apache/aries/proxy/impl/gen/ProxySubclassGenerator.java,232.0,22.0,0.0,9.0,66.0,37.0,1.0,null,1,0.002785515320334262,20.0,0.0,20.0,0.0,866.9811320754717,4766.825606275518,1,0,2.9885637840753785,true
proxy/proxy-impl/src/main/java/org/apache/aries/proxy/impl/gen/ProxySubclassHierarchyAdapter.java,39.0,10.0,43.0,10.0,6.0,14.0,15.0,ejiang@13f79535-47bb-0310-9956-ffa450edef68,1,0.002785515320334262,50.0,25.0,0.0,0.0,1187.7627118644068,3840.731897004931,1,0,1.6386370671263626,true
proxy/proxy-impl/src/main/java/org/apache/aries/proxy/impl/interfaces/InterfaceCombiningClassAdapter.java,105.0,15.0,4.0,5.0,30.0,19.0,11.0,timothyjward@13f79535-47bb-0310-9956-ffa450edef68,3,0.008356545961002786,45.0,9.0,0.0,0.0,2375.2238439398784,9457.864264624823,3,2,1.1045293729914896,true
proxy/proxy-impl/src/main/java/org/apache/aries/proxy/impl/interfaces/InterfaceProxyGenerator.java,62.0,17.0,6.0,4.0,21.0,14.0,17.0,timothyjward@13f79535-47bb-0310-9956-ffa450edef68,2,0.005571030640668524,33.0,11.0,0.0,0.0,2054.7438439398784,8607.557503280448,2,2,1.4520984711478881,true
proxy/proxy-impl/src/main/java/org/apache/aries/proxy/impl/interfaces/InterfaceUsingWovenProxyAdapter.java,20.0,8.0,1.0,2.0,1.0,6.0,21.0,timothyjward@13f79535-47bb-0310-9956-ffa450edef68,1,0.002785515320334262,20.0,0.0,0.0,0.0,866.9811320754717,4766.825606275518,1,1,2.9885637840753785,true
proxy/proxy-impl/src/main/java/org/apache/aries/proxy/impl/interfaces/ProxyClassLoader.java,104.0,20.0,4.0,4.0,28.0,18.0,21.0,timothyjward@13f79535-47bb-0310-9956-ffa450edef68,1,0.002785515320334262,12.0,0.0,0.0,0.0,866.9811320754717,4766.825606275518,1,2,2.9885637840753785,true
proxy/proxy-impl/src/main/java/org/apache/aries/proxy/impl/weaving/ProxyWeavingHook.java,112.0,17.0,28.0,9.0,46.0,32.0,6.0,timothyjward@13f79535-47bb-0310-9956-ffa450edef68,2,0.005571030640668524,22.0,11.0,0.0,0.0,576.6338461538461,1171.6461735384823,2,1,1.8602397851718684,true
proxy/proxy-impl/src/main/java/org/apache/aries/proxy/impl/weaving/SyntheticSerialVerUIDAdder.java,32.0,5.0,0.0,4.0,5.0,7.0,15.0,ejiang@13f79535-47bb-0310-9956-ffa450edef68,1,0.002785515320334262,40.0,20.0,0.0,0.0,1187.7627118644068,3840.731897004931,1,0,1.6386370671263626,true
proxy/proxy-impl/src/main/java/org/apache/aries/proxy/impl/weaving/WovenProxyAdapter.java,34.0,7.0,4.0,4.0,2.0,10.0,21.0,timothyjward@13f79535-47bb-0310-9956-ffa450edef68,1,0.002785515320334262,14.0,0.0,0.0,0.0,866.9811320754717,4766.825606275518,1,3,2.9885637840753785,false
proxy/proxy-impl/src/main/java/org/apache/aries/proxy/impl/weaving/WovenProxyGenerator.java,15.0,9.0,0.0,1.0,4.0,3.0,11.0,timothyjward@13f79535-47bb-0310-9956-ffa450edef68,2,0.005571030640668524,20.0,0.0,0.0,0.0,1508.2427118644068,4691.0386583493055,2,4,1.3109336408378134,true
proxy/proxy-impl/src/main/java/org/apache/aries/proxy/synthesizer/Synthesizer.java,42.0,6.0,0.0,1.0,4.0,4.0,15.0,ejiang@13f79535-47bb-0310-9956-ffa450edef68,1,0.002785515320334262,50.0,25.0,0.0,0.0,1187.7627118644068,3840.731897004931,1,0,1.6386370671263626,true
proxy/proxy-impl/src/test/java/org/apache/aries/blueprint/proxy/AbstractProxyTest.java,238.0,13.0,325.0,26.0,116.0,69.0,21.0,timothyjward@13f79535-47bb-0310-9956-ffa450edef68,1,0.002785515320334262,25.0,0.0,0.0,0.0,866.9811320754717,4766.825606275518,1,1,2.9885637840753785,true
proxy/proxy-impl/src/test/java/org/apache/aries/blueprint/proxy/InterfaceProxyingTest.java,163.0,25.0,49.0,14.0,56.0,33.0,17.0,timothyjward@13f79535-47bb-0310-9956-ffa450edef68,1,0.002785515320334262,9.0,0.0,0.0,0.0,1187.7627118644068,3840.731897004931,1,4,1.6386370671263626,true
proxy/proxy-impl/src/test/java/org/apache/aries/blueprint/proxy/ProxySubclassGeneratorTest.java,159.0,22.0,57.0,14.0,53.0,42.0,21.0,timothyjward@13f79535-47bb-0310-9956-ffa450edef68,1,0.002785515320334262,11.0,0.0,0.0,0.0,866.9811320754717,4766.825606275518,1,0,2.9885637840753785,true
proxy/proxy-impl/src/test/java/org/apache/aries/blueprint/proxy/ProxyTestClassAbstract.java,3.0,0.0,0.0,1.0,0.0,1.0,0.0,timothyjward@13f79535-47bb-0310-9956-ffa450edef68,0,0.0,0.0,0.0,0.0,0.0,0.0,0.0,0,0,0.0,true
proxy/proxy-impl/src/test/java/org/apache/aries/blueprint/proxy/ProxyTestClassChildOfAbstract.java,8.0,1.0,1.0,2.0,0.0,5.0,0.0,cumminsh@13f79535-47bb-0310-9956-ffa450edef68,0,0.0,0.0,0.0,0.0,0.0,0.0,0.0,0,0,0.0,true
proxy/proxy-impl/src/test/java/org/apache/aries/blueprint/proxy/ProxyTestClassGeneralWithNoDefaultOrProtectedAccess.java,36.0,0.0,36.0,9.0,3.0,17.0,21.0,timothyjward@13f79535-47bb-0310-9956-ffa450edef68,1,0.002785515320334262,100.0,0.0,0.0,0.0,866.9811320754717,4766.825606275518,1,0,2.9885637840753785,false
proxy/proxy-impl/src/test/java/org/apache/aries/blueprint/proxy/ProxyTestClassSuperWithNoDefaultOrProtectedAccess.java,21.0,0.0,15.0,6.0,3.0,8.0,21.0,timothyjward@13f79535-47bb-0310-9956-ffa450edef68,1,0.002785515320334262,100.0,0.0,0.0,0.0,866.9811320754717,4766.825606275518,1,0,2.9885637840753785,false
proxy/proxy-impl/src/test/java/org/apache/aries/blueprint/proxy/WovenProxyGeneratorTest.java,302.0,35.0,361.0,30.0,153.0,88.0,13.0,timothyjward@13f79535-47bb-0310-9956-ffa450edef68,2,0.005571030640668524,13.0,0.0,0.0,0.0,1187.4611320754716,5617.132367619892,2,6,1.9858969993123212,true
proxy/proxy-impl/src/test/java/org/apache/aries/blueprint/proxy/WovenProxyPlusSubclassGeneratorTest.java,143.0,29.0,145.0,18.0,52.0,54.0,21.0,gnodet@13f79535-47bb-0310-9956-ffa450edef68,1,0.002785515320334262,50.0,0.0,0.0,0.0,866.9811320754717,4766.825606275518,1,0,2.9885637840753785,true
proxy/proxy-impl/src/test/java/org/apache/aries/blueprint/proxy/WovenSubclassGeneratorTest.java,179.0,24.0,128.0,17.0,69.0,58.0,21.0,timothyjward@13f79535-47bb-0310-9956-ffa450edef68,1,0.002785515320334262,100.0,0.0,0.0,0.0,866.9811320754717,4766.825606275518,1,0,2.9885637840753785,false
proxy/proxy-impl/src/test/java/org/apache/aries/proxy/impl/weaving/ProxyWeavingHookTest.java,35.0,7.0,6.0,4.0,17.0,14.0,0.0,gnodet@13f79535-47bb-0310-9956-ffa450edef68,0,0.0,0.0,0.0,0.0,0.0,0.0,0.0,0,0,0.0,false
proxy/proxy-itests/src/test/java/org/apache/aries/proxy/itests/BasicProxyTest.java,44.0,18.0,6.0,4.0,26.0,11.0,14.0,null,1,0.002785515320334262,20.0,0.0,0.0,0.0,1187.7627118644068,3840.731897004931,1,0,1.6386370671263626,false
proxy/proxy-itests/src/test/java/org/apache/aries/proxy/itests/WeavingProxyTest.java,59.0,20.0,21.0,7.0,32.0,17.0,7.0,ejiang@13f79535-47bb-0310-9956-ffa450edef68,2,0.005571030640668524,43.0,14.0,0.0,0.0,1443.916558018253,4162.071309199039,2,0,1.368326995054253,true
samples/blog/blog-itests/src/test/java/org/apache/aries/samples/blog/itests/JdbcBlogSampleWithEbaTest.java,36.0,20.0,1.0,2.0,29.0,6.0,14.0,null,1,0.002785515320334262,12.0,0.0,0.0,0.0,1187.7627118644068,3840.731897004931,1,1,1.6386370671263626,true
samples/blog/blog-itests/src/test/java/org/apache/aries/samples/blog/itests/JpaBlogSampleWithEbaTest.java,43.0,18.0,1.0,2.0,29.0,6.0,14.0,null,1,0.002785515320334262,12.0,0.0,0.0,0.0,1187.7627118644068,3840.731897004931,1,1,1.6386370671263626,true
samples/blog/blog-itests/src/test/java/org/apache/aries/samples/blog/itests/QuiesceBlogSampleWithEbaTest.java,77.0,21.0,1.0,2.0,32.0,6.0,14.0,null,1,0.002785515320334262,12.0,0.0,0.0,0.0,1187.7627118644068,3840.731897004931,1,1,1.6386370671263626,true
samples/blog/blog-web/src/main/java/org/apache/aries/samples/blog/web/util/HTMLOutput.java,133.0,3.0,10.0,5.0,8.0,8.0,1.0,gmcdonald@13f79535-47bb-0310-9956-ffa450edef68,1,0.002785515320334262,33.0,0.0,33.0,0.0,0.0,0.0,1,1,3.548179572010801,true
samples/blueprint/helloworld/helloworld-itests/src/test/java/org/apache/aries/samples/blueprint/helloworld/itests/HelloworldSampleTest.java,30.0,14.0,3.0,3.0,20.0,9.0,14.0,cumminsh@13f79535-47bb-0310-9956-ffa450edef68,1,0.002785515320334262,25.0,0.0,0.0,0.0,1187.7627118644068,3840.731897004931,1,0,1.6386370671263626,true
samples/twitter/twitter-itests/src/test/java/org/apache/aries/sample/twitter/itest/TwitterTest.java,59.0,28.0,1.0,2.0,40.0,7.0,14.0,null,1,0.002785515320334262,20.0,0.0,0.0,0.0,1187.7627118644068,3840.731897004931,1,0,1.6386370671263626,true
sandbox/jmx-next/jmx-api/src/main/java/org/osgi/jmx/Item.java,109.0,8.0,0.0,5.0,7.0,19.0,0.0,davidb@13f79535-47bb-0310-9956-ffa450edef68,0,0.0,0.0,0.0,0.0,0.0,0.0,0.0,0,0,0.0,true
sandbox/jmx-next/jmx-api/src/main/java/org/osgi/jmx/JmxConstants.java,149.0,7.0,0.0,1.0,0.0,1.0,0.0,davidb@13f79535-47bb-0310-9956-ffa450edef68,0,0.0,0.0,0.0,0.0,0.0,0.0,0.0,0,0,0.0,true
sandbox/jmx-next/jmx-api/src/main/java/org/osgi/jmx/framework/BundleStateMBean.java,429.0,8.0,351.0,27.0,0.0,100.0,0.0,davidb@13f79535-47bb-0310-9956-ffa450edef68,0,0.0,0.0,0.0,0.0,0.0,0.0,0.0,0,0,0.0,true
sandbox/jmx-next/jmx-api/src/main/java/org/osgi/jmx/framework/FrameworkMBean.java,294.0,6.0,528.0,33.0,0.0,130.0,0.0,davidb@13f79535-47bb-0310-9956-ffa450edef68,0,0.0,0.0,0.0,0.0,0.0,0.0,0.0,0,0,0.0,true
sandbox/jmx-next/jmx-api/src/main/java/org/osgi/jmx/framework/ServiceStateMBean.java,133.0,8.0,45.0,10.0,0.0,33.0,0.0,davidb@13f79535-47bb-0310-9956-ffa450edef68,0,0.0,0.0,0.0,0.0,0.0,0.0,0.0,0,0,0.0,true
sandbox/jmx-next/jmx-api/src/main/java/org/osgi/jmx/framework/wiring/BundleWiringStateMBean.java,144.0,10.0,28.0,8.0,0.0,40.0,1.0,davidb@13f79535-47bb-0310-9956-ffa450edef68,1,0.002785515320334262,27.0,0.0,0.0,13.0,468.4,1474.5259644579044,1,1,1.5332765514685365,true
sandbox/jmx-next/jmx-blueprint-api/src/main/java/org/apache/aries/jmx/blueprint/Item.java,107.0,8.0,0.0,5.0,8.0,19.0,0.0,davidb@13f79535-47bb-0310-9956-ffa450edef68,0,0.0,0.0,0.0,0.0,0.0,0.0,0.0,0,0,0.0,true
sandbox/jmx-next/jmx-blueprint-api/src/main/java/org/apache/aries/jmx/blueprint/JmxConstants.java,17.0,2.0,0.0,1.0,0.0,1.0,0.0,davidb@13f79535-47bb-0310-9956-ffa450edef68,0,0.0,0.0,0.0,0.0,0.0,0.0,0.0,0,0,0.0,true
sandbox/jmx-next/jmx-core-whiteboard/src/main/java/org/apache/aries/jmx/core/whiteboard/Activator.java,291.0,35.0,150.0,32.0,80.0,94.0,18.0,davidb@13f79535-47bb-0310-9956-ffa450edef68,0,0.0,0.0,0.0,0.0,0.0,0.0,0.0,0,0,0.0,true
sandbox/jmx-next/jmx-core/src/main/java/org/apache/aries/jmx/AbstractCompendiumHandler.java,93.0,9.0,13.0,10.0,26.0,23.0,0.0,davidb@13f79535-47bb-0310-9956-ffa450edef68,0,0.0,0.0,0.0,0.0,0.0,0.0,0.0,0,0,0.0,true
sandbox/jmx-next/jmx-core/src/main/java/org/apache/aries/jmx/agent/JMXAgentImpl.java,223.0,28.0,0.0,11.0,29.0,30.0,0.0,davidb@13f79535-47bb-0310-9956-ffa450edef68,0,0.0,0.0,0.0,0.0,0.0,0.0,0.0,0,0,0.0,true
sandbox/jmx-next/jmx-core/src/main/java/org/apache/aries/jmx/cm/ConfigurationAdminMBeanHandler.java,35.0,8.0,3.0,3.0,3.0,7.0,0.0,davidb@13f79535-47bb-0310-9956-ffa450edef68,0,0.0,0.0,0.0,0.0,0.0,0.0,0.0,0,0,0.0,true
sandbox/jmx-next/jmx-core/src/main/java/org/apache/aries/jmx/codec/BatchResolveResult.java,19.0,6.0,0.0,2.0,1.0,5.0,0.0,davidb@13f79535-47bb-0310-9956-ffa450edef68,0,0.0,0.0,0.0,0.0,0.0,0.0,0.0,0,0,0.0,true
sandbox/jmx-next/jmx-core/src/main/java/org/apache/aries/jmx/codec/BundleWiringData.java,141.0,15.0,48.0,12.0,57.0,45.0,3.0,davidb@13f79535-47bb-0310-9956-ffa450edef68,1,0.002785515320334262,6.0,0.0,0.0,6.0,468.4,1474.5259644579044,1,0,1.5332765514685365,true
sandbox/jmx-next/jmx-core/src/main/java/org/apache/aries/jmx/codec/ServiceData.java,111.0,23.0,9.0,10.0,24.0,28.0,0.0,davidb@13f79535-47bb-0310-9956-ffa450edef68,0,0.0,0.0,0.0,0.0,0.0,0.0,0.0,0,0,0.0,true
sandbox/jmx-next/jmx-core/src/main/java/org/apache/aries/jmx/framework/BundleState.java,317.0,47.0,0.0,39.0,91.0,124.0,0.0,davidb@13f79535-47bb-0310-9956-ffa450edef68,0,0.0,0.0,0.0,0.0,0.0,0.0,0.0,0,0,0.0,true
sandbox/jmx-next/jmx-core/src/main/java/org/apache/aries/jmx/framework/BundleStateMBeanHandler.java,73.0,13.0,0.0,5.0,8.0,11.0,0.0,davidb@13f79535-47bb-0310-9956-ffa450edef68,0,0.0,0.0,0.0,0.0,0.0,0.0,0.0,0,0,0.0,true
sandbox/jmx-next/jmx-core/src/main/java/org/apache/aries/jmx/framework/Framework.java,572.0,22.0,372.0,41.0,138.0,174.0,2.0,davidb@13f79535-47bb-0310-9956-ffa450edef68,1,0.002785515320334262,22.0,0.0,22.0,0.0,468.4,1474.5259644579044,1,0,1.5332765514685365,true
sandbox/jmx-next/jmx-core/src/main/java/org/apache/aries/jmx/framework/FrameworkMBeanHandler.java,54.0,11.0,4.0,5.0,5.0,8.0,0.0,davidb@13f79535-47bb-0310-9956-ffa450edef68,0,0.0,0.0,0.0,0.0,0.0,0.0,0.0,0,0,0.0,true
sandbox/jmx-next/jmx-core/src/main/java/org/apache/aries/jmx/framework/PackageStateMBeanHandler.java,52.0,10.0,4.0,5.0,5.0,8.0,0.0,davidb@13f79535-47bb-0310-9956-ffa450edef68,0,0.0,0.0,0.0,0.0,0.0,0.0,0.0,0,0,0.0,true
sandbox/jmx-next/jmx-core/src/main/java/org/apache/aries/jmx/framework/ServiceStateMBeanHandler.java,49.0,10.0,2.0,5.0,4.0,10.0,0.0,davidb@13f79535-47bb-0310-9956-ffa450edef68,0,0.0,0.0,0.0,0.0,0.0,0.0,0.0,0,0,0.0,true
sandbox/jmx-next/jmx-core/src/main/java/org/apache/aries/jmx/framework/wiring/BundleWiringState.java,107.0,19.0,6.0,13.0,69.0,41.0,2.0,davidb@13f79535-47bb-0310-9956-ffa450edef68,1,0.002785515320334262,40.0,0.0,20.0,10.0,468.4,1474.5259644579044,1,0,1.5332765514685365,true
sandbox/jmx-next/jmx-core/src/main/java/org/apache/aries/jmx/framework/wiring/BundleWiringStateMBeanHandler.java,29.0,9.0,4.0,5.0,3.0,9.0,0.0,davidb@13f79535-47bb-0310-9956-ffa450edef68,0,0.0,0.0,0.0,0.0,0.0,0.0,0.0,0,0,0.0,true
sandbox/jmx-next/jmx-core/src/main/java/org/apache/aries/jmx/permissionadmin/PermissionAdminMBeanHandler.java,35.0,8.0,3.0,3.0,2.0,6.0,0.0,davidb@13f79535-47bb-0310-9956-ffa450edef68,0,0.0,0.0,0.0,0.0,0.0,0.0,0.0,0,0,0.0,true
sandbox/jmx-next/jmx-core/src/main/java/org/apache/aries/jmx/provisioning/ProvisioningServiceMBeanHandler.java,35.0,8.0,3.0,3.0,3.0,7.0,0.0,davidb@13f79535-47bb-0310-9956-ffa450edef68,0,0.0,0.0,0.0,0.0,0.0,0.0,0.0,0,0,0.0,true
sandbox/jmx-next/jmx-core/src/main/java/org/apache/aries/jmx/useradmin/UserAdminMBeanHandler.java,36.0,9.0,3.0,3.0,2.0,6.0,0.0,davidb@13f79535-47bb-0310-9956-ffa450edef68,0,0.0,0.0,0.0,0.0,0.0,0.0,0.0,0,0,0.0,true
sandbox/jmx-next/jmx-core/src/main/java/org/apache/aries/jmx/util/ObjectNameUtils.java,7.0,2.0,1.0,2.0,3.0,3.0,2.0,davidb@13f79535-47bb-0310-9956-ffa450edef68,1,0.002785515320334262,33.0,0.0,0.0,0.0,468.4,1474.5259644579044,1,0,1.5332765514685365,true
sandbox/jmx-next/jmx-core/src/test/java/org/apache/aries/jmx/CompendiumHandlerTest.java,64.0,17.0,0.0,3.0,34.0,7.0,0.0,davidb@13f79535-47bb-0310-9956-ffa450edef68,0,0.0,0.0,0.0,0.0,0.0,0.0,0.0,0,0,0.0,true
sandbox/jmx-next/jmx-core/src/test/java/org/apache/aries/jmx/codec/BundleDataTest.java,159.0,53.0,15.0,6.0,55.0,15.0,0.0,davidb@13f79535-47bb-0310-9956-ffa450edef68,0,0.0,0.0,0.0,0.0,0.0,0.0,0.0,0,0,0.0,true
sandbox/jmx-next/jmx-core/src/test/java/org/apache/aries/jmx/codec/ServiceDataTest.java,99.0,33.0,1.0,2.0,35.0,10.0,0.0,davidb@13f79535-47bb-0310-9956-ffa450edef68,0,0.0,0.0,0.0,0.0,0.0,0.0,0.0,0,0,0.0,true
sandbox/jmx-next/jmx-core/src/test/java/org/apache/aries/jmx/framework/BundleStateMBeanHandlerTest.java,27.0,12.0,0.0,1.0,15.0,3.0,0.0,davidb@13f79535-47bb-0310-9956-ffa450edef68,0,0.0,0.0,0.0,0.0,0.0,0.0,0.0,0,0,0.0,true
sandbox/jmx-next/jmx-core/src/test/java/org/apache/aries/jmx/framework/FrameworkTest.java,367.0,17.0,0.0,28.0,300.0,84.0,0.0,davidb@13f79535-47bb-0310-9956-ffa450edef68,0,0.0,0.0,0.0,0.0,0.0,0.0,0.0,0,0,0.0,true
sandbox/jmx-next/jmx-core/src/test/java/org/apache/aries/jmx/framework/ServiceStateMBeanHandlerTest.java,16.0,8.0,0.0,1.0,9.0,2.0,0.0,davidb@13f79535-47bb-0310-9956-ffa450edef68,0,0.0,0.0,0.0,0.0,0.0,0.0,0.0,0,0,0.0,true
sandbox/jmx-next/jmx-itests/src/test/java/org/apache/aries/jmx/AbstractIntegrationTest.java,63.0,13.0,7.0,7.0,25.0,22.0,14.0,davidb@13f79535-47bb-0310-9956-ffa450edef68,0,0.0,0.0,0.0,0.0,0.0,0.0,0.0,0,0,0.0,true
sandbox/jmx-next/jmx-itests/src/test/java/org/apache/aries/jmx/framework/BundleStateMBeanTest.java,172.0,43.0,45.0,10.0,100.0,34.0,0.0,davidb@13f79535-47bb-0310-9956-ffa450edef68,0,0.0,0.0,0.0,0.0,0.0,0.0,0.0,0,0,0.0,true
sandbox/jmx-next/jmx-itests/src/test/java/org/apache/aries/jmx/framework/FrameworkMBeanTest.java,227.0,48.0,45.0,10.0,151.0,29.0,2.0,davidb@13f79535-47bb-0310-9956-ffa450edef68,1,0.002785515320334262,18.0,0.0,18.0,0.0,468.4,1474.5259644579044,1,0,1.5332765514685365,true
sandbox/jmx-next/jmx-itests/src/test/java/org/apache/aries/jmx/framework/PackageStateMBeanTest.java,38.0,22.0,6.0,4.0,31.0,8.0,0.0,davidb@13f79535-47bb-0310-9956-ffa450edef68,0,0.0,0.0,0.0,0.0,0.0,0.0,0.0,0,1,0.0,true
sandbox/jmx-next/jmx-itests/src/test/java/org/apache/aries/jmx/framework/ServiceStateMBeanTest.java,186.0,43.0,55.0,11.0,124.0,35.0,0.0,davidb@13f79535-47bb-0310-9956-ffa450edef68,0,0.0,0.0,0.0,0.0,0.0,0.0,0.0,0,0,0.0,true
sandbox/jmx-next/jmx-itests/src/test/java/org/apache/aries/jmx/framework/Streams.java,29.0,4.0,3.0,3.0,5.0,8.0,0.0,davidb@13f79535-47bb-0310-9956-ffa450edef68,0,0.0,0.0,0.0,0.0,0.0,0.0,0.0,0,0,0.0,true
sandbox/jmx-next/jmx-itests/src/test/java/org/apache/aries/jmx/framework/wiring/BundleWiringStateMBeanTest.java,239.0,35.0,153.0,18.0,164.0,43.0,0.0,davidb@13f79535-47bb-0310-9956-ffa450edef68,0,0.0,0.0,0.0,0.0,0.0,0.0,0.0,0,1,0.0,true
sandbox/jmx-next/jmx-itests/src/test/java/org/apache/aries/jmx/test/bundlea/impl/A2.java,5.0,0.0,0.0,0.0,0.0,0.0,0.0,davidb@13f79535-47bb-0310-9956-ffa450edef68,0,0.0,0.0,0.0,0.0,0.0,0.0,0.0,0,0,0.0,true
spi-fly/spi-fly-core/src/main/java/org/apache/aries/spifly/BaseActivator.java,164.0,23.0,58.0,13.0,59.0,38.0,9.0,davidb@13f79535-47bb-0310-9956-ffa450edef68,1,0.002785515320334262,12.0,0.0,0.0,6.0,468.4,1474.5259644579044,1,2,1.5332765514685365,false
spi-fly/spi-fly-core/src/main/java/org/apache/aries/spifly/BundleDescriptor.java,40.0,2.0,0.0,8.0,0.0,12.0,0.0,davidb@13f79535-47bb-0310-9956-ffa450edef68,0,0.0,0.0,0.0,0.0,0.0,0.0,0.0,0,1,0.0,false
spi-fly/spi-fly-core/src/main/java/org/apache/aries/spifly/ConsumerHeaderProcessor.java,143.0,13.0,3.0,3.0,31.0,15.0,6.0,davidb@13f79535-47bb-0310-9956-ffa450edef68,1,0.002785515320334262,36.0,0.0,0.0,27.0,468.4,1474.5259644579044,1,0,1.5332765514685365,false
spi-fly/spi-fly-core/src/main/java/org/apache/aries/spifly/ProviderBundleTrackerCustomizer.java,172.0,24.0,14.0,8.0,60.0,28.0,4.0,davidb@13f79535-47bb-0310-9956-ffa450edef68,1,0.002785515320334262,30.0,7.0,4.0,11.0,468.4,1474.5259644579044,1,1,1.5332765514685365,false
spi-fly/spi-fly-core/src/main/java/org/apache/aries/spifly/Util.java,154.0,17.0,26.0,8.0,63.0,37.0,43.0,davidb@13f79535-47bb-0310-9956-ffa450edef68,0,0.0,0.0,0.0,0.0,0.0,0.0,0.0,0,2,0.0,false
spi-fly/spi-fly-core/src/main/java/org/apache/aries/spifly/api/SpiFlyConstants.java,14.0,0.0,0.0,0.0,0.0,0.0,6.0,davidb@13f79535-47bb-0310-9956-ffa450edef68,1,0.002785515320334262,35.0,0.0,0.0,12.0,468.4,1474.5259644579044,1,1,1.5332765514685365,false
spi-fly/spi-fly-core/src/test/java/org/apache/aries/mytest/MySPI2.java,3.0,0.0,0.0,1.0,0.0,1.0,0.0,davidb@13f79535-47bb-0310-9956-ffa450edef68,0,0.0,0.0,0.0,0.0,0.0,0.0,0.0,0,0,0.0,false
spi-fly/spi-fly-core/src/test/java/org/apache/aries/spifly/ProviderBundleTrackerCustomizerGenericCapabilityTest.java,277.0,30.0,253.0,23.0,182.0,65.0,5.0,davidb@13f79535-47bb-0310-9956-ffa450edef68,1,0.002785515320334262,41.0,6.0,0.0,18.0,468.4,1474.5259644579044,1,0,1.5332765514685365,false
spi-fly/spi-fly-core/src/test/java/org/apache/aries/spifly/UtilTest.java,60.0,18.0,13.0,6.0,36.0,12.0,0.0,davidb@13f79535-47bb-0310-9956-ffa450edef68,0,0.0,0.0,0.0,0.0,0.0,0.0,0.0,0,0,0.0,false
spi-fly/spi-fly-core/src/test/java/org/apache/aries/spifly/impl4/MySPIImpl4a.java,5.0,1.0,0.0,1.0,0.0,2.0,0.0,davidb@13f79535-47bb-0310-9956-ffa450edef68,0,0.0,0.0,0.0,0.0,0.0,0.0,0.0,0,0,0.0,false
spi-fly/spi-fly-core/src/test/java/org/apache/aries/spifly/impl4/MySPIImpl4b.java,5.0,1.0,0.0,1.0,0.0,2.0,0.0,davidb@13f79535-47bb-0310-9956-ffa450edef68,0,0.0,0.0,0.0,0.0,0.0,0.0,0.0,0,0,0.0,false
spi-fly/spi-fly-core/src/test/java/org/apache/aries/spifly/impl4/MySPIImpl4c.java,5.0,1.0,0.0,1.0,0.0,2.0,0.0,davidb@13f79535-47bb-0310-9956-ffa450edef68,0,0.0,0.0,0.0,0.0,0.0,0.0,0.0,0,0,0.0,false
spi-fly/spi-fly-dynamic-bundle/src/main/java/org/apache/aries/spifly/dynamic/ClientWeavingHook.java,24.0,11.0,0.0,2.0,19.0,3.0,0.0,davidb@13f79535-47bb-0310-9956-ffa450edef68,0,0.0,0.0,0.0,0.0,0.0,0.0,0.0,0,1,0.0,false
spi-fly/spi-fly-dynamic-bundle/src/main/java/org/apache/aries/spifly/dynamic/OSGiFriendlyClassWriter.java,85.0,8.0,0.0,5.0,5.0,13.0,7.0,davidb@13f79535-47bb-0310-9956-ffa450edef68,0,0.0,0.0,0.0,0.0,0.0,0.0,0.0,0,1,0.0,false
spi-fly/spi-fly-dynamic-bundle/src/test/java/org/apache/aries/spifly/dynamic/ClientWeavingHookGenericCapabilityTest.java,516.0,36.0,49.0,22.0,260.0,68.0,6.0,davidb@13f79535-47bb-0310-9956-ffa450edef68,1,0.002785515320334262,27.0,7.0,7.0,13.0,468.4,1474.5259644579044,1,1,1.5332765514685365,false
spi-fly/spi-fly-dynamic-bundle/src/test/java/org/apache/aries/spifly/dynamic/ClientWeavingHookOSGi43Test.java,278.0,36.0,33.0,10.0,99.0,30.0,0.0,davidb@13f79535-47bb-0310-9956-ffa450edef68,0,0.0,0.0,0.0,0.0,0.0,0.0,0.0,0,0,0.0,false
spi-fly/spi-fly-dynamic-bundle/src/test/java/org/apache/aries/spifly/dynamic/ClientWeavingHookTest.java,572.0,36.0,79.0,27.0,319.0,81.0,10.0,davidb@13f79535-47bb-0310-9956-ffa450edef68,1,0.002785515320334262,6.0,0.0,0.0,6.0,468.4,1474.5259644579044,1,3,1.5332765514685365,true
spi-fly/spi-fly-static-tool/src/main/java/org/apache/aries/spifly/statictool/Main.java,212.0,26.0,76.0,13.0,102.0,48.0,10.0,davidb@13f79535-47bb-0310-9956-ffa450edef68,1,0.002785515320334262,6.0,0.0,0.0,6.0,468.4,1474.5259644579044,1,2,1.5332765514685365,true
subsystem/subsystem-api/src/main/java/org/osgi/service/repository/ContentNamespace.java,51.0,1.0,0.0,1.0,0.0,1.0,36.0,jwross@13f79535-47bb-0310-9956-ffa450edef68,1,0.002785515320334262,50.0,12.0,38.0,12.0,1320.7065868263473,56991.59901191474,1,0,1.3791258716412782,false
subsystem/subsystem-api/src/main/java/org/osgi/service/repository/Repository.java,33.0,6.0,1.0,2.0,0.0,10.0,33.0,jwross@13f79535-47bb-0310-9956-ffa450edef68,1,0.002785515320334262,55.0,9.0,45.0,18.0,1320.7065868263473,56991.59901191474,1,0,1.3791258716412782,false
subsystem/subsystem-api/src/main/java/org/osgi/service/repository/RepositoryContent.java,13.0,3.0,0.0,1.0,0.0,6.0,45.0,jwross@13f79535-47bb-0310-9956-ffa450edef68,1,0.002785515320334262,57.0,0.0,57.0,14.0,1320.7065868263473,56991.59901191474,1,0,1.3791258716412782,false
subsystem/subsystem-api/src/main/java/org/osgi/service/repository/package-info.java,0.0,0.0,0.0,0.0,0.0,0.0,89.0,jwross@13f79535-47bb-0310-9956-ffa450edef68,1,0.002785515320334262,20.0,0.0,20.0,0.0,1320.7065868263473,56991.59901191474,1,0,1.3791258716412782,false
subsystem/subsystem-api/src/main/java/org/osgi/service/resolver/Environment.java,33.0,10.0,6.0,4.0,0.0,19.0,37.0,jwross@13f79535-47bb-0310-9956-ffa450edef68,1,0.002785515320334262,75.0,12.0,62.0,25.0,1320.7065868263473,56991.59901191474,1,0,1.3791258716412782,false
subsystem/subsystem-api/src/main/java/org/osgi/service/resolver/ResolutionException.java,51.0,4.0,4.0,4.0,3.0,12.0,43.0,jwross@13f79535-47bb-0310-9956-ffa450edef68,1,0.002785515320334262,57.0,0.0,57.0,14.0,1320.7065868263473,56991.59901191474,1,0,1.3791258716412782,false
subsystem/subsystem-api/src/main/java/org/osgi/service/resolver/Resolver.java,17.0,5.0,0.0,1.0,0.0,5.0,38.0,jwross@13f79535-47bb-0310-9956-ffa450edef68,1,0.002785515320334262,56.0,0.0,56.0,11.0,1320.7065868263473,56991.59901191474,1,0,1.3791258716412782,false
subsystem/subsystem-api/src/main/java/org/osgi/service/resolver/Synthesized.java,10.0,3.0,0.0,1.0,0.0,2.0,49.0,jwross@13f79535-47bb-0310-9956-ffa450edef68,1,0.002785515320334262,100.0,0.0,100.0,0.0,1320.7065868263473,56991.59901191474,1,0,1.3791258716412782,false
subsystem/subsystem-api/src/main/java/org/osgi/service/resolver/package-info.java,0.0,0.0,0.0,0.0,0.0,0.0,89.0,jwross@13f79535-47bb-0310-9956-ffa450edef68,1,0.002785515320334262,25.0,0.0,25.0,0.0,1320.7065868263473,56991.59901191474,1,0,1.3791258716412782,false
subsystem/subsystem-api/src/main/java/org/osgi/service/subsystem/Subsystem.java,116.0,11.0,120.0,16.0,0.0,79.0,42.0,jwross@13f79535-47bb-0310-9956-ffa450edef68,1,0.002785515320334262,62.0,25.0,38.0,25.0,1320.7065868263473,56991.59901191474,1,0,1.3791258716412782,false
subsystem/subsystem-api/src/main/java/org/osgi/service/subsystem/SubsystemConstants.java,109.0,1.0,0.0,0.0,0.0,0.0,32.0,jwross@13f79535-47bb-0310-9956-ffa450edef68,1,0.002785515320334262,62.0,25.0,38.0,12.0,1320.7065868263473,56991.59901191474,1,0,1.3791258716412782,false
subsystem/subsystem-api/src/main/java/org/osgi/service/subsystem/SubsystemPermission.java,347.0,20.0,0.0,17.0,44.0,66.0,89.0,jwross@13f79535-47bb-0310-9956-ffa450edef68,1,0.002785515320334262,50.0,0.0,50.0,0.0,1320.7065868263473,56991.59901191474,1,0,1.3791258716412782,false
subsystem/subsystem-api/src/main/java/org/osgi/service/subsystem/package-info.java,0.0,0.0,0.0,0.0,0.0,0.0,89.0,jwross@13f79535-47bb-0310-9956-ffa450edef68,1,0.002785515320334262,33.0,0.0,33.0,0.0,1320.7065868263473,56991.59901191474,1,0,1.3791258716412782,false
subsystem/subsystem-core/src/main/java/org/apache/aries/subsystem/core/ResourceHelper.java,65.0,16.0,36.0,9.0,28.0,25.0,47.0,jwross@13f79535-47bb-0310-9956-ffa450edef68,1,0.002785515320334262,57.0,14.0,43.0,29.0,1320.7065868263473,56991.59901191474,1,0,1.3791258716412782,false
subsystem/subsystem-core/src/main/java/org/apache/aries/subsystem/core/archive/BundleManifestVersionHeader.java,10.0,1.0,1.0,2.0,0.0,4.0,89.0,jwross@13f79535-47bb-0310-9956-ffa450edef68,1,0.002785515320334262,50.0,0.0,50.0,0.0,1320.7065868263473,56991.59901191474,1,0,1.3791258716412782,false
subsystem/subsystem-core/src/main/java/org/apache/aries/subsystem/core/archive/BundleSymbolicNameHeader.java,6.0,1.0,0.0,1.0,0.0,1.0,89.0,jwross@13f79535-47bb-0310-9956-ffa450edef68,1,0.002785515320334262,50.0,0.0,50.0,0.0,1320.7065868263473,56991.59901191474,1,0,1.3791258716412782,false
subsystem/subsystem-core/src/main/java/org/apache/aries/subsystem/core/archive/BundleVersionHeader.java,10.0,2.0,1.0,2.0,0.0,2.0,53.0,jwross@13f79535-47bb-0310-9956-ffa450edef68,1,0.002785515320334262,67.0,33.0,33.0,0.0,1320.7065868263473,56991.59901191474,1,0,1.3791258716412782,false
subsystem/subsystem-core/src/main/java/org/apache/aries/subsystem/core/archive/DeploymentManifest.java,77.0,25.0,55.0,11.0,35.0,30.0,20.0,jwross@13f79535-47bb-0310-9956-ffa450edef68,1,0.002785515320334262,60.0,34.0,17.0,17.0,1320.7065868263473,56991.59901191474,1,1,1.3791258716412782,true
subsystem/subsystem-core/src/main/java/org/apache/aries/subsystem/core/archive/ExportPackageHeader.java,38.0,11.0,15.0,6.0,21.0,16.0,41.0,jwross@13f79535-47bb-0310-9956-ffa450edef68,1,0.002785515320334262,50.0,30.0,20.0,20.0,1320.7065868263473,56991.59901191474,1,0,1.3791258716412782,false
subsystem/subsystem-core/src/main/java/org/apache/aries/subsystem/core/archive/GenericClause.java,64.0,7.0,0.0,8.0,21.0,25.0,89.0,jwross@13f79535-47bb-0310-9956-ffa450edef68,1,0.002785515320334262,33.0,0.0,33.0,0.0,1320.7065868263473,56991.59901191474,1,0,1.3791258716412782,false
subsystem/subsystem-core/src/main/java/org/apache/aries/subsystem/core/archive/Grammar.java,42.0,1.0,0.0,0.0,0.0,0.0,23.0,jwross@13f79535-47bb-0310-9956-ffa450edef68,1,0.002785515320334262,57.0,36.0,21.0,7.0,1320.7065868263473,56991.59901191474,1,0,1.3791258716412782,true
subsystem/subsystem-core/src/main/java/org/apache/aries/subsystem/core/archive/HeaderFactory.java,13.0,0.0,0.0,1.0,1.0,3.0,21.0,jwross@13f79535-47bb-0310-9956-ffa450edef68,1,0.002785515320334262,57.0,29.0,14.0,7.0,1320.7065868263473,56991.59901191474,1,0,1.3791258716412782,false
subsystem/subsystem-core/src/main/java/org/apache/aries/subsystem/core/archive/Manifest.java,48.0,11.0,14.0,9.0,30.0,27.0,89.0,jwross@13f79535-47bb-0310-9956-ffa450edef68,1,0.002785515320334262,25.0,0.0,25.0,0.0,1320.7065868263473,56991.59901191474,1,0,1.3791258716412782,false
subsystem/subsystem-core/src/main/java/org/apache/aries/subsystem/core/archive/SubsystemArchive.java,266.0,36.0,574.0,37.0,166.0,109.0,28.0,jwross@13f79535-47bb-0310-9956-ffa450edef68,1,0.002785515320334262,67.0,25.0,42.0,33.0,1320.7065868263473,56991.59901191474,1,0,1.3791258716412782,false
subsystem/subsystem-core/src/main/java/org/apache/aries/subsystem/core/archive/SubsystemContentHeader.java,76.0,10.0,0.0,4.0,23.0,14.0,35.0,jwross@13f79535-47bb-0310-9956-ffa450edef68,1,0.002785515320334262,38.0,19.0,19.0,12.0,1320.7065868263473,56991.59901191474,1,0,1.3791258716412782,true
subsystem/subsystem-core/src/main/java/org/apache/aries/subsystem/core/archive/SubsystemManifest.java,63.0,17.0,45.0,10.0,17.0,27.0,24.0,jwross@13f79535-47bb-0310-9956-ffa450edef68,1,0.002785515320334262,67.0,43.0,24.0,24.0,1320.7065868263473,56991.59901191474,1,0,1.3791258716412782,false
subsystem/subsystem-core/src/main/java/org/apache/aries/subsystem/core/archive/SubsystemManifestVersionHeader.java,10.0,1.0,1.0,2.0,0.0,4.0,52.0,jwross@13f79535-47bb-0310-9956-ffa450edef68,1,0.002785515320334262,67.0,33.0,33.0,33.0,1320.7065868263473,56991.59901191474,1,0,1.3791258716412782,false
subsystem/subsystem-core/src/main/java/org/apache/aries/subsystem/core/archive/SubsystemSymbolicNameHeader.java,6.0,0.0,0.0,1.0,0.0,1.0,89.0,jwross@13f79535-47bb-0310-9956-ffa450edef68,1,0.002785515320334262,50.0,0.0,50.0,0.0,1320.7065868263473,56991.59901191474,1,0,1.3791258716412782,false
subsystem/subsystem-core/src/main/java/org/apache/aries/subsystem/core/archive/SymbolicNameHeader.java,10.0,1.0,1.0,2.0,8.0,5.0,89.0,jwross@13f79535-47bb-0310-9956-ffa450edef68,1,0.002785515320334262,50.0,0.0,50.0,0.0,1320.7065868263473,56991.59901191474,1,0,1.3791258716412782,false
subsystem/subsystem-core/src/main/java/org/apache/aries/subsystem/core/internal/Activator.java,76.0,14.0,0.0,7.0,23.0,16.0,18.0,jwross@13f79535-47bb-0310-9956-ffa450edef68,1,0.002785515320334262,16.0,8.0,3.0,5.0,1320.7065868263473,56991.59901191474,1,2,1.3791258716412782,true
subsystem/subsystem-core/src/main/java/org/apache/aries/subsystem/core/internal/AriesSubsystem.java,734.0,61.0,1829.0,70.0,346.0,244.0,16.0,jwross@13f79535-47bb-0310-9956-ffa450edef68,1,0.002785515320334262,53.0,32.0,18.0,16.0,1320.7065868263473,56991.59901191474,1,2,1.3791258716412782,true
subsystem/subsystem-core/src/main/java/org/apache/aries/subsystem/core/internal/DataFile.java,83.0,15.0,0.0,11.0,15.0,27.0,52.0,jwross@13f79535-47bb-0310-9956-ffa450edef68,1,0.002785515320334262,100.0,50.0,50.0,50.0,1320.7065868263473,56991.59901191474,1,0,1.3791258716412782,false
subsystem/subsystem-core/src/main/java/org/apache/aries/subsystem/core/internal/OsgiContentCapability.java,23.0,6.0,7.0,6.0,4.0,11.0,76.0,jwross@13f79535-47bb-0310-9956-ffa450edef68,1,0.002785515320334262,40.0,0.0,40.0,20.0,1320.7065868263473,56991.59901191474,1,0,1.3791258716412782,false
subsystem/subsystem-core/src/main/java/org/apache/aries/subsystem/core/internal/OsgiIdentityCapability.java,34.0,10.0,4.0,9.0,10.0,16.0,33.0,jwross@13f79535-47bb-0310-9956-ffa450edef68,1,0.002785515320334262,54.0,38.0,23.0,31.0,1320.7065868263473,56991.59901191474,1,0,1.3791258716412782,false
subsystem/subsystem-core/src/main/java/org/apache/aries/subsystem/core/internal/OsgiIdentityRequirement.java,58.0,14.0,59.0,14.0,22.0,27.0,49.0,jwross@13f79535-47bb-0310-9956-ffa450edef68,1,0.002785515320334262,36.0,18.0,27.0,27.0,1320.7065868263473,56991.59901191474,1,1,1.3791258716412782,true
subsystem/subsystem-core/src/main/java/org/apache/aries/subsystem/core/internal/RegionContextBundleHelper.java,56.0,11.0,4.0,5.0,26.0,20.0,10.0,jwross@13f79535-47bb-0310-9956-ffa450edef68,1,0.002785515320334262,46.0,31.0,15.0,15.0,1320.7065868263473,56991.59901191474,1,0,1.3791258716412782,true
subsystem/subsystem-core/src/main/java/org/apache/aries/subsystem/core/internal/ServiceProvider.java,4.0,1.0,1.0,2.0,0.0,2.0,89.0,jwross@13f79535-47bb-0310-9956-ffa450edef68,1,0.002785515320334262,100.0,0.0,100.0,0.0,1320.7065868263473,56991.59901191474,1,0,1.3791258716412782,false
subsystem/subsystem-core/src/main/java/org/apache/aries/subsystem/core/internal/ServiceProviderImpl.java,62.0,11.0,0.0,6.0,21.0,17.0,89.0,jwross@13f79535-47bb-0310-9956-ffa450edef68,1,0.002785515320334262,50.0,0.0,50.0,0.0,1320.7065868263473,56991.59901191474,1,0,1.3791258716412782,false
subsystem/subsystem-core/src/main/java/org/apache/aries/subsystem/core/internal/StaticDataFile.java,49.0,15.0,9.0,6.0,9.0,15.0,52.0,jwross@13f79535-47bb-0310-9956-ffa450edef68,1,0.002785515320334262,100.0,50.0,50.0,50.0,1320.7065868263473,56991.59901191474,1,0,1.3791258716412782,false
subsystem/subsystem-core/src/main/java/org/apache/aries/subsystem/core/internal/SubsystemServiceRegistrar.java,41.0,9.0,1.0,6.0,22.0,16.0,13.0,jwross@13f79535-47bb-0310-9956-ffa450edef68,1,0.002785515320334262,33.0,33.0,11.0,22.0,1320.7065868263473,56991.59901191474,1,0,1.3791258716412782,false
subsystem/subsystem-core/src/main/java/org/apache/aries/subsystem/core/internal/SubsystemSynchronousBundleListener.java,41.0,8.0,0.0,1.0,6.0,4.0,44.0,jwross@13f79535-47bb-0310-9956-ffa450edef68,1,0.002785515320334262,57.0,14.0,29.0,29.0,1320.7065868263473,56991.59901191474,1,0,1.3791258716412782,false
subsystem/subsystem-core/src/main/java/org/apache/aries/subsystem/core/internal/SubsystemUri.java,34.0,9.0,0.0,4.0,9.0,12.0,44.0,davidb@13f79535-47bb-0310-9956-ffa450edef68,1,0.002785515320334262,43.0,29.0,29.0,29.0,1320.7065868263473,56991.59901191474,1,0,1.3791258716412782,false
subsystem/subsystem-core/src/main/java/org/apache/aries/subsystem/core/obr/SubsystemEnvironment.java,165.0,28.0,0.0,15.0,77.0,46.0,30.0,jwross@13f79535-47bb-0310-9956-ffa450edef68,1,0.002785515320334262,50.0,17.0,25.0,25.0,1320.7065868263473,56991.59901191474,1,1,1.3791258716412782,true
subsystem/subsystem-core/src/main/java/org/apache/aries/subsystem/core/obr/SubsystemResolver.java,48.0,23.0,3.0,3.0,30.0,10.0,56.0,jwross@13f79535-47bb-0310-9956-ffa450edef68,1,0.002785515320334262,50.0,0.0,33.0,17.0,1320.7065868263473,56991.59901191474,1,0,1.3791258716412782,false
subsystem/subsystem-core/src/main/java/org/apache/aries/subsystem/core/obr/felix/FelixCapabilityAdapter.java,27.0,5.0,2.0,5.0,8.0,12.0,76.0,jwross@13f79535-47bb-0310-9956-ffa450edef68,1,0.002785515320334262,33.0,0.0,33.0,17.0,1320.7065868263473,56991.59901191474,1,1,1.3791258716412782,false
subsystem/subsystem-core/src/main/java/org/apache/aries/subsystem/core/obr/felix/FelixRepositoryAdapter.java,91.0,21.0,0.0,4.0,27.0,16.0,47.0,jwross@13f79535-47bb-0310-9956-ffa450edef68,1,0.002785515320334262,50.0,12.0,38.0,25.0,1320.7065868263473,56991.59901191474,1,0,1.3791258716412782,false
subsystem/subsystem-core/src/main/java/org/apache/aries/subsystem/core/obr/felix/FelixResourceAdapter.java,58.0,14.0,9.0,7.0,26.0,21.0,42.0,jwross@13f79535-47bb-0310-9956-ffa450edef68,1,0.002785515320334262,50.0,10.0,40.0,20.0,1320.7065868263473,56991.59901191474,1,1,1.3791258716412782,false
subsystem/subsystem-core/src/main/java/org/apache/aries/subsystem/core/obr/felix/OsgiCapabilityAdapter.java,37.0,7.0,0.0,6.0,19.0,16.0,76.0,jwross@13f79535-47bb-0310-9956-ffa450edef68,1,0.002785515320334262,33.0,0.0,33.0,17.0,1320.7065868263473,56991.59901191474,1,1,1.3791258716412782,false
subsystem/subsystem-core/src/main/java/org/apache/aries/subsystem/core/obr/felix/OsgiRequirementAdapter.java,37.0,9.0,8.0,8.0,9.0,18.0,76.0,jwross@13f79535-47bb-0310-9956-ffa450edef68,1,0.002785515320334262,40.0,0.0,40.0,20.0,1320.7065868263473,56991.59901191474,1,0,1.3791258716412782,false
subsystem/subsystem-core/src/main/java/org/apache/aries/subsystem/core/obr/felix/RepositoryAdminRepository.java,49.0,15.0,1.0,3.0,16.0,11.0,47.0,jwross@13f79535-47bb-0310-9956-ffa450edef68,1,0.002785515320334262,57.0,14.0,43.0,29.0,1320.7065868263473,56991.59901191474,1,0,1.3791258716412782,false
subsystem/subsystem-core/src/main/java/org/apache/aries/subsystem/core/resource/AbstractCapability.java,19.0,1.0,3.0,3.0,16.0,8.0,76.0,jwross@13f79535-47bb-0310-9956-ffa450edef68,1,0.002785515320334262,67.0,0.0,67.0,33.0,1320.7065868263473,56991.59901191474,1,0,1.3791258716412782,false
subsystem/subsystem-core/src/main/java/org/apache/aries/subsystem/core/resource/AbstractRequirement.java,19.0,2.0,3.0,3.0,16.0,8.0,56.0,jwross@13f79535-47bb-0310-9956-ffa450edef68,1,0.002785515320334262,75.0,25.0,75.0,50.0,1320.7065868263473,56991.59901191474,1,0,1.3791258716412782,false
subsystem/subsystem-core/src/main/java/org/apache/aries/subsystem/core/resource/BasicCapability.java,28.0,4.0,2.0,5.0,2.0,12.0,76.0,jwross@13f79535-47bb-0310-9956-ffa450edef68,1,0.002785515320334262,67.0,0.0,67.0,33.0,1320.7065868263473,56991.59901191474,1,0,1.3791258716412782,false
subsystem/subsystem-core/src/main/java/org/apache/aries/subsystem/core/resource/BasicRequirement.java,30.0,8.0,3.0,6.0,5.0,13.0,36.0,jwross@13f79535-47bb-0310-9956-ffa450edef68,1,0.002785515320334262,67.0,0.0,33.0,33.0,1320.7065868263473,56991.59901191474,1,0,1.3791258716412782,false
subsystem/subsystem-core/src/main/java/org/apache/aries/subsystem/core/resource/BundleResource.java,55.0,15.0,0.0,6.0,16.0,21.0,26.0,jwross@13f79535-47bb-0310-9956-ffa450edef68,1,0.002785515320334262,71.0,29.0,43.0,14.0,1320.7065868263473,56991.59901191474,1,0,1.3791258716412782,false
subsystem/subsystem-core/src/main/java/org/apache/aries/subsystem/core/resource/SubsystemDirectoryResource.java,28.0,19.0,6.0,5.0,13.0,13.0,33.0,jwross@13f79535-47bb-0310-9956-ffa450edef68,1,0.002785515320334262,88.0,62.0,38.0,50.0,1320.7065868263473,56991.59901191474,1,0,1.3791258716412782,false
subsystem/subsystem-core/src/main/java/org/apache/aries/subsystem/core/resource/SubsystemFileResource.java,47.0,22.0,2.0,5.0,16.0,14.0,24.0,jwross@13f79535-47bb-0310-9956-ffa450edef68,1,0.002785515320334262,80.0,40.0,40.0,27.0,1320.7065868263473,56991.59901191474,1,0,1.3791258716412782,false
subsystem/subsystem-core/src/main/java/org/apache/aries/subsystem/core/resource/SubsystemStreamResource.java,50.0,22.0,2.0,5.0,18.0,14.0,27.0,jwross@13f79535-47bb-0310-9956-ffa450edef68,1,0.002785515320334262,92.0,58.0,50.0,33.0,1320.7065868263473,56991.59901191474,1,0,1.3791258716412782,false
subsystem/subsystem-core/src/main/java/org/apache/felix/resolver/FelixCapability.java,3.0,1.0,0.0,1.0,0.0,1.0,89.0,jwross@13f79535-47bb-0310-9956-ffa450edef68,1,0.002785515320334262,50.0,0.0,50.0,0.0,1320.7065868263473,56991.59901191474,1,0,1.3791258716412782,false
subsystem/subsystem-core/src/main/java/org/apache/felix/resolver/FelixEnvironment.java,4.0,3.0,1.0,2.0,0.0,4.0,56.0,jwross@13f79535-47bb-0310-9956-ffa450edef68,1,0.002785515320334262,75.0,0.0,50.0,25.0,1320.7065868263473,56991.59901191474,1,0,1.3791258716412782,false
subsystem/subsystem-core/src/main/java/org/apache/felix/resolver/FelixResolver.java,4.0,9.0,1.0,2.0,0.0,2.0,56.0,jwross@13f79535-47bb-0310-9956-ffa450edef68,1,0.002785515320334262,75.0,0.0,50.0,25.0,1320.7065868263473,56991.59901191474,1,0,1.3791258716412782,false
subsystem/subsystem-core/src/main/java/org/apache/felix/resolver/Logger.java,8.0,0.0,1.0,2.0,0.0,3.0,46.0,jwross@13f79535-47bb-0310-9956-ffa450edef68,1,0.002785515320334262,50.0,0.0,50.0,0.0,1320.7065868263473,56991.59901191474,1,0,1.3791258716412782,false
subsystem/subsystem-core/src/main/java/org/apache/felix/resolver/impl/Activator.java,8.0,2.0,1.0,2.0,0.0,4.0,18.0,jwross@13f79535-47bb-0310-9956-ffa450edef68,1,0.002785515320334262,50.0,0.0,50.0,0.0,1320.7065868263473,56991.59901191474,1,0,1.3791258716412782,false
subsystem/subsystem-core/src/main/java/org/apache/felix/resolver/impl/Candidates.java,483.0,24.0,10.0,21.0,140.0,82.0,49.0,jwross@13f79535-47bb-0310-9956-ffa450edef68,1,0.002785515320334262,80.0,20.0,40.0,40.0,1320.7065868263473,56991.59901191474,1,0,1.3791258716412782,false
subsystem/subsystem-core/src/main/java/org/apache/felix/resolver/impl/EnvironmentAdaptor.java,23.0,10.0,1.0,7.0,4.0,15.0,56.0,jwross@13f79535-47bb-0310-9956-ffa450edef68,1,0.002785515320334262,75.0,0.0,50.0,25.0,1320.7065868263473,56991.59901191474,1,0,1.3791258716412782,false
subsystem/subsystem-core/src/main/java/org/apache/felix/resolver/impl/HostResource.java,55.0,7.0,0.0,6.0,9.0,15.0,49.0,jwross@13f79535-47bb-0310-9956-ffa450edef68,1,0.002785515320334262,80.0,20.0,40.0,40.0,1320.7065868263473,56991.59901191474,1,0,1.3791258716412782,false
subsystem/subsystem-core/src/main/java/org/apache/felix/resolver/impl/HostedCapability.java,54.0,4.0,0.0,9.0,11.0,20.0,37.0,jwross@13f79535-47bb-0310-9956-ffa450edef68,1,0.002785515320334262,80.0,20.0,40.0,40.0,1320.7065868263473,56991.59901191474,1,0,1.3791258716412782,false
subsystem/subsystem-core/src/main/java/org/apache/felix/resolver/impl/HostedRequirement.java,51.0,5.0,0.0,10.0,9.0,21.0,49.0,jwross@13f79535-47bb-0310-9956-ffa450edef68,1,0.002785515320334262,80.0,20.0,40.0,40.0,1320.7065868263473,56991.59901191474,1,0,1.3791258716412782,false
subsystem/subsystem-core/src/main/java/org/apache/felix/resolver/impl/ResolverImpl.java,853.0,26.0,339.0,27.0,277.0,117.0,41.0,jwross@13f79535-47bb-0310-9956-ffa450edef68,1,0.002785515320334262,83.0,33.0,33.0,33.0,1320.7065868263473,56991.59901191474,1,0,1.3791258716412782,false
subsystem/subsystem-core/src/main/java/org/apache/felix/resolver/impl/Util.java,58.0,11.0,15.0,6.0,30.0,25.0,43.0,jwross@13f79535-47bb-0310-9956-ffa450edef68,1,0.002785515320334262,83.0,33.0,50.0,33.0,1320.7065868263473,56991.59901191474,1,0,1.3791258716412782,false
subsystem/subsystem-core/src/main/java/org/apache/felix/resolver/impl/WireImpl.java,27.0,6.0,1.0,6.0,0.0,11.0,56.0,jwross@13f79535-47bb-0310-9956-ffa450edef68,1,0.002785515320334262,75.0,0.0,50.0,25.0,1320.7065868263473,56991.59901191474,1,0,1.3791258716412782,false
subsystem/subsystem-core/src/test/java/org/apache/aries/subsystem/core/Temp.java,14.0,5.0,0.0,1.0,7.0,2.0,89.0,jwross@13f79535-47bb-0310-9956-ffa450edef68,1,0.002785515320334262,50.0,0.0,50.0,0.0,1320.7065868263473,56991.59901191474,1,0,1.3791258716412782,true
subsystem/subsystem-itests/src/test/java/org/apache/aries/subsystem/itests/BasicTest.java,96.0,17.0,10.0,5.0,35.0,22.0,7.0,jwross@13f79535-47bb-0310-9956-ffa450edef68,1,0.002785515320334262,40.0,20.0,10.0,0.0,1320.7065868263473,56991.59901191474,1,0,1.3791258716412782,false
subsystem/subsystem-itests/src/test/java/org/apache/aries/subsystem/itests/FeatureTest.java,216.0,19.0,91.0,14.0,97.0,47.0,29.0,jwross@13f79535-47bb-0310-9956-ffa450edef68,1,0.002785515320334262,35.0,17.0,17.0,17.0,1320.7065868263473,56991.59901191474,1,1,1.3791258716412782,true
subsystem/subsystem-itests/src/test/java/org/apache/aries/subsystem/itests/InstallTest.java,38.0,12.0,3.0,3.0,13.0,11.0,28.0,jwross@13f79535-47bb-0310-9956-ffa450edef68,1,0.002785515320334262,19.0,5.0,10.0,0.0,1320.7065868263473,56991.59901191474,1,1,1.3791258716412782,true
subsystem/subsystem-itests/src/test/java/org/apache/aries/subsystem/itests/IntegrationTest.java,122.0,24.0,79.0,14.0,44.0,48.0,38.0,jwross@13f79535-47bb-0310-9956-ffa450edef68,1,0.002785515320334262,43.0,29.0,14.0,14.0,1320.7065868263473,56991.59901191474,1,0,1.3791258716412782,false
subsystem/subsystem-itests/src/test/java/org/apache/aries/subsystem/itests/RootSubsystemTest.java,49.0,9.0,21.0,7.0,34.0,10.0,9.0,jwross@13f79535-47bb-0310-9956-ffa450edef68,1,0.002785515320334262,21.0,14.0,7.0,14.0,1320.7065868263473,56991.59901191474,1,0,1.3791258716412782,true
subsystem/subsystem-itests/src/test/java/org/apache/aries/subsystem/itests/SubsystemTest.java,333.0,40.0,1025.0,47.0,184.0,88.0,19.0,jwross@13f79535-47bb-0310-9956-ffa450edef68,1,0.002785515320334262,26.0,17.0,9.0,9.0,1320.7065868263473,56991.59901191474,1,2,1.3791258716412782,true
subsystem/subsystem-itests/src/test/java/org/apache/aries/subsystem/itests/util/RepositoryGenerator.java,221.0,34.0,229.0,23.0,79.0,65.0,60.0,jwross@13f79535-47bb-0310-9956-ffa450edef68,1,0.002785515320334262,30.0,10.0,20.0,20.0,1320.7065868263473,56991.59901191474,1,0,1.3791258716412782,false
transaction/transaction-blueprint/src/main/java/org/apache/aries/transaction/Constants.java,15.0,3.0,0.0,0.0,0.0,0.0,17.0,cschneider@13f79535-47bb-0310-9956-ffa450edef68,1,0.002785515320334262,25.0,0.0,0.0,0.0,866.9811320754717,4766.825606275518,1,1,2.9885637840753785,false
transaction/transaction-blueprint/src/main/java/org/apache/aries/transaction/annotations/Transaction.java,0.0,0.0,0.0,0.0,0.0,0.0,27.0,cumminsh@13f79535-47bb-0310-9956-ffa450edef68,1,0.002785515320334262,50.0,0.0,0.0,0.0,866.9811320754717,4766.825606275518,1,0,2.9885637840753785,false
transaction/transaction-blueprint/src/main/java/org/apache/aries/transaction/annotations/TransactionPropagationType.java,0.0,0.0,0.0,0.0,0.0,0.0,27.0,cumminsh@13f79535-47bb-0310-9956-ffa450edef68,1,0.002785515320334262,50.0,0.0,0.0,0.0,866.9811320754717,4766.825606275518,1,0,2.9885637840753785,false
transaction/transaction-blueprint/src/main/java/org/apache/aries/transaction/parsing/AnnotationParser.java,43.0,9.0,8.0,5.0,13.0,14.0,27.0,cumminsh@13f79535-47bb-0310-9956-ffa450edef68,1,0.002785515320334262,25.0,0.0,0.0,0.0,866.9811320754717,4766.825606275518,1,0,2.9885637840753785,false
transaction/transaction-blueprint/src/main/java/org/apache/aries/transaction/parsing/TxElementHandler.java,133.0,28.0,29.0,10.0,53.0,28.0,14.0,mahrwald@13f79535-47bb-0310-9956-ffa450edef68,1,0.002785515320334262,18.0,0.0,9.0,0.0,866.9811320754717,4766.825606275518,1,4,2.9885637840753785,true
transaction/transaction-blueprint/src/test/java/org/apache/aries/transaction/AnnotationEnablingNameSpaceHandlerTest.java,24.0,9.0,1.0,2.0,18.0,5.0,27.0,cschneider@13f79535-47bb-0310-9956-ffa450edef68,1,0.002785515320334262,33.0,0.0,0.0,0.0,866.9811320754717,4766.825606275518,1,0,2.9885637840753785,false
transaction/transaction-blueprint/src/test/java/org/apache/aries/transaction/AnnotationParserTest.java,55.0,15.0,0.0,6.0,31.0,17.0,27.0,cumminsh@13f79535-47bb-0310-9956-ffa450edef68,1,0.002785515320334262,25.0,0.0,0.0,0.0,866.9811320754717,4766.825606275518,1,0,2.9885637840753785,false
transaction/transaction-blueprint/src/test/java/org/apache/aries/transaction/BaseNameSpaceHandlerSetup.java,42.0,24.0,0.0,3.0,21.0,7.0,27.0,mahrwald@13f79535-47bb-0310-9956-ffa450edef68,1,0.002785515320334262,17.0,0.0,0.0,0.0,866.9811320754717,4766.825606275518,1,0,2.9885637840753785,false
transaction/transaction-blueprint/src/test/java/org/apache/aries/transaction/BundleWideNameSpaceHandlerTest.java,67.0,5.0,36.0,9.0,27.0,18.0,27.0,mahrwald@13f79535-47bb-0310-9956-ffa450edef68,1,0.002785515320334262,17.0,0.0,0.0,0.0,866.9811320754717,4766.825606275518,1,1,2.9885637840753785,false
transaction/transaction-blueprint/src/test/java/org/apache/aries/transaction/NameSpaceHandlerTest.java,121.0,8.0,231.0,22.0,63.0,51.0,27.0,mahrwald@13f79535-47bb-0310-9956-ffa450edef68,1,0.002785515320334262,17.0,0.0,0.0,0.0,866.9811320754717,4766.825606275518,1,1,2.9885637840753785,false
transaction/transaction-blueprint/src/test/java/org/apache/aries/transaction/pojo/AnnotatedPojo.java,10.0,2.0,3.0,3.0,0.0,5.0,27.0,cumminsh@13f79535-47bb-0310-9956-ffa450edef68,1,0.002785515320334262,50.0,0.0,0.0,0.0,866.9811320754717,4766.825606275518,1,0,2.9885637840753785,false
transaction/transaction-blueprint/src/test/java/org/apache/aries/transaction/pojo/BadlyAnnotatedPojo1.java,12.0,2.0,6.0,4.0,0.0,6.0,27.0,cumminsh@13f79535-47bb-0310-9956-ffa450edef68,1,0.002785515320334262,50.0,0.0,0.0,0.0,866.9811320754717,4766.825606275518,1,0,2.9885637840753785,false
transaction/transaction-blueprint/src/test/java/org/apache/aries/transaction/pojo/BadlyAnnotatedPojo2.java,12.0,2.0,6.0,4.0,0.0,6.0,27.0,cumminsh@13f79535-47bb-0310-9956-ffa450edef68,1,0.002785515320334262,33.0,0.0,0.0,0.0,866.9811320754717,4766.825606275518,1,0,2.9885637840753785,false
transaction/transaction-itests/src/test/java/org/apache/aries/transaction/itests/AbstractIntegrationTest.java,5.0,9.0,0.0,1.0,9.0,3.0,14.0,null,1,0.002785515320334262,10.0,0.0,0.0,0.0,1187.7627118644068,3840.731897004931,1,0,1.6386370671263626,false
util/util-r42/src/main/java/org/apache/aries/util/AriesFrameworkUtil.java,70.0,7.0,4.0,4.0,7.0,20.0,1.0,not@13f79535-47bb-0310-9956-ffa450edef68,1,0.002785515320334262,50.0,0.0,0.0,0.0,256.15384615384613,321.33941219410815,1,0,2.7372493557944724,true
util/util-r42/src/main/java/org/apache/aries/util/FragmentBuilder.java,179.0,17.0,96.0,16.0,56.0,46.0,0.0,djencks@13f79535-47bb-0310-9956-ffa450edef68,0,0.0,0.0,0.0,0.0,0.0,0.0,0.0,0,0,0.0,true
util/util-r42/src/main/java/org/apache/aries/util/IORuntimeException.java,25.0,1.0,3.0,3.0,0.0,4.0,0.0,davidb@13f79535-47bb-0310-9956-ffa450edef68,0,0.0,0.0,0.0,0.0,0.0,0.0,0.0,0,1,0.0,false
util/util-r42/src/main/java/org/apache/aries/util/ManifestHeaderUtils.java,39.0,3.0,1.0,2.0,8.0,11.0,0.0,djencks@13f79535-47bb-0310-9956-ffa450edef68,0,0.0,0.0,0.0,0.0,0.0,0.0,0.0,0,0,0.0,true
util/util-r42/src/main/java/org/apache/aries/util/VersionRange.java,336.0,4.0,26.0,21.0,38.0,78.0,0.0,dkulp@13f79535-47bb-0310-9956-ffa450edef68,0,0.0,0.0,0.0,0.0,0.0,0.0,0.0,0,0,0.0,true
util/util-r42/src/main/java/org/apache/aries/util/filesystem/FileSystem.java,21.0,8.0,1.0,2.0,2.0,5.0,0.0,djencks@13f79535-47bb-0310-9956-ffa450edef68,0,0.0,0.0,0.0,0.0,0.0,0.0,0.0,0,0,0.0,true
util/util-r42/src/main/java/org/apache/aries/util/filesystem/FileUtils.java,40.0,6.0,1.0,2.0,10.0,11.0,0.0,dkulp@13f79535-47bb-0310-9956-ffa450edef68,0,0.0,0.0,0.0,0.0,0.0,0.0,0.0,0,0,0.0,true
util/util-r42/src/main/java/org/apache/aries/util/filesystem/ICloseableDirectory.java,9.0,1.0,0.0,1.0,0.0,1.0,0.0,djencks@13f79535-47bb-0310-9956-ffa450edef68,0,0.0,0.0,0.0,0.0,0.0,0.0,0.0,0,0,0.0,true
util/util-r42/src/main/java/org/apache/aries/util/filesystem/IDirectory.java,28.0,1.0,10.0,5.0,0.0,14.0,0.0,djencks@13f79535-47bb-0310-9956-ffa450edef68,0,0.0,0.0,0.0,0.0,0.0,0.0,0.0,0,0,0.0,true
util/util-r42/src/main/java/org/apache/aries/util/filesystem/IFile.java,53.0,4.0,55.0,11.0,0.0,31.0,0.0,djencks@13f79535-47bb-0310-9956-ffa450edef68,0,0.0,0.0,0.0,0.0,0.0,0.0,0.0,0,0,0.0,true
util/util-r42/src/main/java/org/apache/aries/util/filesystem/impl/CloseableDirectory.java,88.0,11.0,0.0,22.0,39.0,48.0,0.0,djencks@13f79535-47bb-0310-9956-ffa450edef68,0,0.0,0.0,0.0,0.0,0.0,0.0,0.0,0,0,0.0,true
util/util-r42/src/main/java/org/apache/aries/util/filesystem/impl/DirectoryImpl.java,80.0,9.0,55.0,11.0,16.0,31.0,0.0,djencks@13f79535-47bb-0310-9956-ffa450edef68,0,0.0,0.0,0.0,0.0,0.0,0.0,0.0,0,0,0.0,true
util/util-r42/src/main/java/org/apache/aries/util/filesystem/impl/FileImpl.java,97.0,9.0,0.0,15.0,20.0,39.0,0.0,davidb@13f79535-47bb-0310-9956-ffa450edef68,0,0.0,0.0,0.0,0.0,0.0,0.0,0.0,0,1,0.0,true
util/util-r42/src/main/java/org/apache/aries/util/filesystem/impl/FileSystemImpl.java,83.0,12.0,6.0,4.0,13.0,21.0,0.0,davidb@13f79535-47bb-0310-9956-ffa450edef68,0,0.0,0.0,0.0,0.0,0.0,0.0,0.0,0,1,0.0,true
util/util-r42/src/main/java/org/apache/aries/util/filesystem/impl/InputStreamClosableDirectory.java,10.0,2.0,0.0,2.0,1.0,2.0,0.0,djencks@13f79535-47bb-0310-9956-ffa450edef68,0,0.0,0.0,0.0,0.0,0.0,0.0,0.0,0,0,0.0,true
util/util-r42/src/main/java/org/apache/aries/util/filesystem/impl/NestedCloseableDirectory.java,31.0,6.0,0.0,3.0,7.0,7.0,0.0,djencks@13f79535-47bb-0310-9956-ffa450edef68,0,0.0,0.0,0.0,0.0,0.0,0.0,0.0,0,0,0.0,true
util/util-r42/src/main/java/org/apache/aries/util/filesystem/impl/NestedZipDirectory.java,145.0,17.0,136.0,17.0,44.0,53.0,0.0,davidb@13f79535-47bb-0310-9956-ffa450edef68,0,0.0,0.0,0.0,0.0,0.0,0.0,0.0,0,1,0.0,true
util/util-r42/src/main/java/org/apache/aries/util/filesystem/impl/NestedZipFile.java,127.0,9.0,69.0,19.0,36.0,52.0,0.0,djencks@13f79535-47bb-0310-9956-ffa450edef68,0,0.0,0.0,0.0,0.0,0.0,0.0,0.0,0,0,0.0,true
util/util-r42/src/main/java/org/apache/aries/util/filesystem/impl/ZipCloseableDirectory.java,18.0,4.0,0.0,3.0,1.0,6.0,0.0,djencks@13f79535-47bb-0310-9956-ffa450edef68,0,0.0,0.0,0.0,0.0,0.0,0.0,0.0,0,0,0.0,true
util/util-r42/src/main/java/org/apache/aries/util/filesystem/impl/ZipDirectory.java,163.0,14.0,192.0,21.0,40.0,55.0,0.0,davidb@13f79535-47bb-0310-9956-ffa450edef68,0,0.0,0.0,0.0,0.0,0.0,0.0,0.0,0,1,0.0,true
util/util-r42/src/main/java/org/apache/aries/util/filesystem/impl/ZipFileImpl.java,223.0,11.0,110.0,21.0,36.0,68.0,0.0,davidb@13f79535-47bb-0310-9956-ffa450edef68,0,0.0,0.0,0.0,0.0,0.0,0.0,0.0,0,1,0.0,true
util/util-r42/src/main/java/org/apache/aries/util/internal/BundleToClassLoaderAdapter.java,70.0,12.0,0.0,9.0,16.0,27.0,0.0,djencks@13f79535-47bb-0310-9956-ffa450edef68,0,0.0,0.0,0.0,0.0,0.0,0.0,0.0,0,0,0.0,true
util/util-r42/src/main/java/org/apache/aries/util/internal/DefaultWorker.java,95.0,12.0,33.0,10.0,31.0,22.0,0.0,djencks@13f79535-47bb-0310-9956-ffa450edef68,0,0.0,0.0,0.0,0.0,0.0,0.0,0.0,0,0,0.0,true
util/util-r42/src/main/java/org/apache/aries/util/internal/EquinoxWorker.java,31.0,2.0,1.0,2.0,4.0,7.0,0.0,djencks@13f79535-47bb-0310-9956-ffa450edef68,0,0.0,0.0,0.0,0.0,0.0,0.0,0.0,0,0,0.0,true
util/util-r42/src/main/java/org/apache/aries/util/internal/FelixWorker.java,44.0,4.0,0.0,2.0,2.0,8.0,0.0,djencks@13f79535-47bb-0310-9956-ffa450edef68,0,0.0,0.0,0.0,0.0,0.0,0.0,0.0,0,0,0.0,true
util/util-r42/src/main/java/org/apache/aries/util/internal/FrameworkUtilWorker.java,4.0,1.0,1.0,2.0,0.0,2.0,0.0,djencks@13f79535-47bb-0310-9956-ffa450edef68,0,0.0,0.0,0.0,0.0,0.0,0.0,0.0,0,0,0.0,true
util/util-r42/src/main/java/org/apache/aries/util/internal/MessageUtil.java,17.0,2.0,0.0,1.0,2.0,4.0,0.0,djencks@13f79535-47bb-0310-9956-ffa450edef68,0,0.0,0.0,0.0,0.0,0.0,0.0,0.0,0,0,0.0,true
util/util-r42/src/main/java/org/apache/aries/util/io/IOUtils.java,201.0,20.0,78.0,13.0,48.0,48.0,0.0,djencks@13f79535-47bb-0310-9956-ffa450edef68,0,0.0,0.0,0.0,0.0,0.0,0.0,0.0,0,0,0.0,true
util/util-r42/src/main/java/org/apache/aries/util/io/RememberingInputStream.java,122.0,3.0,18.0,12.0,11.0,36.0,0.0,djencks@13f79535-47bb-0310-9956-ffa450edef68,0,0.0,0.0,0.0,0.0,0.0,0.0,0.0,0,0,0.0,true
util/util-r42/src/main/java/org/apache/aries/util/log/Logger.java,50.0,4.0,10.0,5.0,9.0,10.0,46.0,davidb@13f79535-47bb-0310-9956-ffa450edef68,1,0.002785515320334262,100.0,100.0,0.0,0.0,468.4,1474.5259644579044,1,0,1.5332765514685365,false
util/util-r42/src/main/java/org/apache/aries/util/manifest/BundleManifest.java,127.0,15.0,19.0,11.0,28.0,43.0,17.0,davidb@13f79535-47bb-0310-9956-ffa450edef68,0,0.0,0.0,0.0,0.0,0.0,0.0,0.0,0,1,0.0,true
util/util-r42/src/main/java/org/apache/aries/util/manifest/Constants.java,3.0,0.0,0.0,0.0,0.0,0.0,17.0,djencks@13f79535-47bb-0310-9956-ffa450edef68,0,0.0,0.0,0.0,0.0,0.0,0.0,0.0,0,0,0.0,true
util/util-r42/src/main/java/org/apache/aries/util/manifest/ManifestHeaderProcessor.java,541.0,12.0,171.0,19.0,107.0,77.0,0.0,davidb@13f79535-47bb-0310-9956-ffa450edef68,0,0.0,0.0,0.0,0.0,0.0,0.0,0.0,0,1,0.0,true
util/util-r42/src/main/java/org/apache/aries/util/manifest/ManifestProcessor.java,134.0,15.0,15.0,6.0,35.0,28.0,0.0,timothyjward@13f79535-47bb-0310-9956-ffa450edef68,0,0.0,0.0,0.0,0.0,0.0,0.0,0.0,0,0,0.0,true
util/util-r42/src/main/java/org/apache/aries/util/nls/MessageUtil.java,96.0,9.0,19.0,7.0,12.0,24.0,0.0,djencks@13f79535-47bb-0310-9956-ffa450edef68,0,0.0,0.0,0.0,0.0,0.0,0.0,0.0,0,0,0.0,true
util/util-r42/src/main/java/org/apache/aries/util/service/registry/ServicePair.java,37.0,4.0,0.0,7.0,6.0,14.0,0.0,djencks@13f79535-47bb-0310-9956-ffa450edef68,0,0.0,0.0,0.0,0.0,0.0,0.0,0.0,0,0,0.0,true
util/util-r42/src/main/java/org/apache/aries/util/tracker/BundleTrackerFactory.java,59.0,6.0,0.0,5.0,10.0,14.0,0.0,djencks@13f79535-47bb-0310-9956-ffa450edef68,0,0.0,0.0,0.0,0.0,0.0,0.0,0.0,0,0,0.0,true
util/util-r42/src/main/java/org/apache/aries/util/tracker/InternalRecursiveBundleTracker.java,79.0,9.0,0.0,6.0,22.0,17.0,1.0,cumminsh@13f79535-47bb-0310-9956-ffa450edef68,1,0.002785515320334262,33.0,0.0,0.0,0.0,256.15384615384613,321.33941219410815,1,0,2.7372493557944724,true
util/util-r42/src/main/java/org/apache/aries/util/tracker/SingleServiceTracker.java,113.0,9.0,0.0,9.0,28.0,26.0,0.0,timothyjward@13f79535-47bb-0310-9956-ffa450edef68,0,0.0,0.0,0.0,0.0,0.0,0.0,0.0,0,0,0.0,true
util/util-r42/src/test/java/org/apache/aries/util/BundleToClassLoaderAdapterTest.java,33.0,6.0,15.0,6.0,23.0,14.0,0.0,djencks@13f79535-47bb-0310-9956-ffa450edef68,0,0.0,0.0,0.0,0.0,0.0,0.0,0.0,0,0,0.0,true
util/util-r42/src/test/java/org/apache/aries/util/FragmentUtilsTest.java,57.0,10.0,8.0,5.0,18.0,14.0,0.0,djencks@13f79535-47bb-0310-9956-ffa450edef68,0,0.0,0.0,0.0,0.0,0.0,0.0,0.0,0,0,0.0,true
util/util-r42/src/test/java/org/apache/aries/util/SingleServiceTrackerTest.java,37.0,10.0,0.0,6.0,25.0,7.0,0.0,timothyjward@13f79535-47bb-0310-9956-ffa450edef68,0,0.0,0.0,0.0,0.0,0.0,0.0,0.0,0,0,0.0,true
util/util-r42/src/test/java/org/apache/aries/util/VersionRangeTest.java,209.0,8.0,45.0,10.0,39.0,16.0,0.0,djencks@13f79535-47bb-0310-9956-ffa450edef68,0,0.0,0.0,0.0,0.0,0.0,0.0,0.0,0,0,0.0,true
util/util-r42/src/test/java/org/apache/aries/util/filesystem/FileSystemTest.java,314.0,25.0,190.0,20.0,170.0,73.0,0.0,davidb@13f79535-47bb-0310-9956-ffa450edef68,0,0.0,0.0,0.0,0.0,0.0,0.0,0.0,0,1,0.0,true
util/util-r42/src/test/java/org/apache/aries/util/filesystem/FileUtilsTest.java,46.0,14.0,0.0,1.0,15.0,4.0,0.0,dkulp@13f79535-47bb-0310-9956-ffa450edef68,0,0.0,0.0,0.0,0.0,0.0,0.0,0.0,0,0,0.0,true
util/util-r42/src/test/java/org/apache/aries/util/filesystem/IOUtilsTest.java,133.0,20.0,43.0,15.0,41.0,53.0,0.0,cschneider@13f79535-47bb-0310-9956-ffa450edef68,0,0.0,0.0,0.0,0.0,0.0,0.0,0.0,0,0,0.0,true
util/util-r42/src/test/java/org/apache/aries/util/log/LoggerTest.java,116.0,13.0,0.0,6.0,33.0,9.0,4.0,davidb@13f79535-47bb-0310-9956-ffa450edef68,1,0.002785515320334262,100.0,100.0,0.0,0.0,468.4,1474.5259644579044,1,0,1.5332765514685365,false
util/util-r42/src/test/java/org/apache/aries/util/manifest/BundleManifestTest.java,37.0,13.0,4.0,4.0,21.0,11.0,0.0,timothyjward@13f79535-47bb-0310-9956-ffa450edef68,0,0.0,0.0,0.0,0.0,0.0,0.0,0.0,0,0,0.0,true
util/util-r42/src/test/java/org/apache/aries/util/manifest/ManifestHeaderProcessorTest.java,438.0,16.0,153.0,18.0,109.0,55.0,0.0,davidb@13f79535-47bb-0310-9956-ffa450edef68,0,0.0,0.0,0.0,0.0,0.0,0.0,0.0,0,2,0.0,true
util/util/src/main/java/org/apache/aries/util/AriesFrameworkUtil.java,75.0,8.0,4.0,4.0,7.0,20.0,1.0,djencks@13f79535-47bb-0310-9956-ffa450edef68,0,0.0,0.0,0.0,0.0,0.0,0.0,0.0,0,0,0.0,true
util/util/src/main/java/org/apache/aries/util/internal/R43Worker.java,14.0,2.0,1.0,2.0,2.0,4.0,0.0,timothyjward@13f79535-47bb-0310-9956-ffa450edef68,0,0.0,0.0,0.0,0.0,0.0,0.0,0.0,0,0,0.0,true
util/util/src/main/java/org/apache/aries/util/tracker/RecursiveBundleTracker.java,50.0,6.0,0.0,4.0,4.0,9.0,0.0,cumminsh@13f79535-47bb-0310-9956-ffa450edef68,0,0.0,0.0,0.0,0.0,0.0,0.0,0.0,0,1,0.0,true
util/util/src/main/java/org/apache/aries/util/tracker/hook/BundleHookBundleTracker.java,422.0,14.0,7.0,6.0,5.0,9.0,0.0,gnodet@13f79535-47bb-0310-9956-ffa450edef68,0,0.0,0.0,0.0,0.0,0.0,0.0,0.0,0,0,0.0,true
util/util/src/test/java/org/apache/aries/util/RecursiveBundleTrackerTest.java,61.0,16.0,41.0,10.0,25.0,13.0,0.0,cumminsh@13f79535-47bb-0310-9956-ffa450edef68,0,0.0,0.0,0.0,0.0,0.0,0.0,0.0,0,0,0.0,true
versioning/org.apache.aries.versioning.plugin/src/main/java/org/apache/aries/versioning/mojo/CLVersionCheckerMojo.java,8.0,0.0,0.0,0.0,0.0,0.0,3.0,hughesj@13f79535-47bb-0310-9956-ffa450edef68,1,0.002785515320334262,50.0,0.0,50.0,0.0,320.47999999999996,850.3067613443741,1,0,2.369524575669155,true
versioning/org.apache.aries.versioning.plugin/src/main/java/org/apache/aries/versioning/mojo/VersionCheckerMojo.java,133.0,21.0,8.0,5.0,38.0,19.0,3.0,djencks@13f79535-47bb-0310-9956-ffa450edef68,1,0.002785515320334262,80.0,0.0,20.0,0.0,320.47999999999996,850.3067613443741,1,0,2.369524575669155,true
versioning/versioning-checker/src/main/java/org/apache/aries/versioning/check/BundleCompatibility.java,410.0,29.0,148.0,21.0,115.0,68.0,4.0,ejiang@13f79535-47bb-0310-9956-ffa450edef68,1,0.002785515320334262,38.0,0.0,0.0,12.0,320.47999999999996,850.3067613443741,1,0,2.369524575669155,false
versioning/versioning-checker/src/main/java/org/apache/aries/versioning/check/BundleInfo.java,17.0,2.0,0.0,3.0,0.0,7.0,5.0,djencks@13f79535-47bb-0310-9956-ffa450edef68,1,0.002785515320334262,100.0,0.0,0.0,50.0,320.47999999999996,850.3067613443741,1,0,2.369524575669155,false
versioning/versioning-checker/src/main/java/org/apache/aries/versioning/check/SemanticVersioningChecker.java,116.0,21.0,0.0,5.0,43.0,25.0,8.0,ejiang@13f79535-47bb-0310-9956-ffa450edef68,1,0.002785515320334262,67.0,0.0,17.0,33.0,320.47999999999996,850.3067613443741,1,0,2.369524575669155,false
versioning/versioning-checker/src/main/java/org/apache/aries/versioning/check/VersionChange.java,49.0,1.0,8.0,8.0,8.0,16.0,4.0,djencks@13f79535-47bb-0310-9956-ffa450edef68,1,0.002785515320334262,100.0,0.0,0.0,0.0,320.47999999999996,850.3067613443741,1,0,2.369524575669155,false
versioning/versioning-checker/src/main/java/org/apache/aries/versioning/utils/BinaryCompatibilityStatus.java,7.0,1.0,1.0,2.0,1.0,3.0,11.0,ejiang@13f79535-47bb-0310-9956-ffa450edef68,1,0.002785515320334262,50.0,0.0,25.0,25.0,320.47999999999996,850.3067613443741,1,0,2.369524575669155,false
versioning/versioning-checker/src/main/java/org/apache/aries/versioning/utils/ClassDeclaration.java,488.0,13.0,534.0,36.0,162.0,112.0,8.0,ejiang@13f79535-47bb-0310-9956-ffa450edef68,1,0.002785515320334262,33.0,0.0,22.0,11.0,320.47999999999996,850.3067613443741,1,0,2.369524575669155,false
versioning/versioning-checker/src/main/java/org/apache/aries/versioning/utils/EmptyClassVisitor.java,26.0,5.0,45.0,10.0,0.0,13.0,10.0,ejiang@13f79535-47bb-0310-9956-ffa450edef68,2,0.005571030640668524,75.0,0.0,25.0,0.0,1508.2427118644068,4691.0386583493055,2,0,1.4893812378600781,false
versioning/versioning-checker/src/main/java/org/apache/aries/versioning/utils/FieldDeclaration.java,31.0,0.0,6.0,5.0,5.0,11.0,18.0,ejiang@13f79535-47bb-0310-9956-ffa450edef68,1,0.002785515320334262,33.0,0.0,0.0,0.0,320.47999999999996,850.3067613443741,1,0,2.369524575669155,false
versioning/versioning-checker/src/main/java/org/apache/aries/versioning/utils/GenericDeclaration.java,60.0,2.0,0.0,11.0,10.0,29.0,18.0,ejiang@13f79535-47bb-0310-9956-ffa450edef68,1,0.002785515320334262,33.0,0.0,0.0,0.0,320.47999999999996,850.3067613443741,1,0,2.369524575669155,false
versioning/versioning-checker/src/main/java/org/apache/aries/versioning/utils/MethodDeclaration.java,32.0,1.0,0.0,5.0,6.0,12.0,18.0,ejiang@13f79535-47bb-0310-9956-ffa450edef68,1,0.002785515320334262,33.0,0.0,0.0,0.0,320.47999999999996,850.3067613443741,1,0,2.369524575669155,false
versioning/versioning-checker/src/main/java/org/apache/aries/versioning/utils/SemanticVersioningClassVisitor.java,60.0,7.0,44.0,12.0,8.0,20.0,13.0,ejiang@13f79535-47bb-0310-9956-ffa450edef68,2,0.005571030640668524,50.0,0.0,0.0,0.0,1508.2427118644068,4691.0386583493055,2,0,1.3109336408378134,false
versioning/versioning-checker/src/main/java/org/apache/aries/versioning/utils/SemanticVersioningUtils.java,148.0,6.0,15.0,7.0,24.0,23.0,13.0,ejiang@13f79535-47bb-0310-9956-ffa450edef68,2,0.005571030640668524,40.0,0.0,0.0,0.0,1508.2427118644068,4691.0386583493055,2,0,1.3109336408378134,false
versioning/versioning-checker/src/main/java/org/apache/aries/versioning/utils/SerialVersionClassVisitor.java,13.0,3.0,1.0,2.0,1.0,4.0,13.0,ejiang@13f79535-47bb-0310-9956-ffa450edef68,2,0.005571030640668524,50.0,0.0,0.0,0.0,1508.2427118644068,4691.0386583493055,2,0,1.3109336408378134,false
versioning/versioning-checker/src/test/java/org/apache/aries/versioning/tests/BinaryCompatibilityTest.java,1207.0,29.0,0.0,53.0,536.0,129.0,7.0,ejiang@13f79535-47bb-0310-9956-ffa450edef68,1,0.002785515320334262,60.0,0.0,20.0,20.0,320.47999999999996,850.3067613443741,1,0,2.369524575669155,false
versioning/versioning-checker/src/test/java/org/apache/aries/versioning/tests/SemanticVersionUtilsTest.java,34.0,3.0,0.0,1.0,2.0,4.0,18.0,ejiang@13f79535-47bb-0310-9956-ffa450edef68,1,0.002785515320334262,50.0,0.0,0.0,0.0,320.47999999999996,850.3067613443741,1,0,2.369524575669155,false
versioning/versioning-checker/src/test/java/versioning/java/files/TestA.java,10.0,0.0,0.0,2.0,2.0,4.0,18.0,ejiang@13f79535-47bb-0310-9956-ffa450edef68,1,0.002785515320334262,50.0,0.0,0.0,0.0,320.47999999999996,850.3067613443741,1,0,2.369524575669155,false
versioning/versioning-checker/src/test/java/versioning/java/files/TestB.java,4.0,0.0,0.0,1.0,0.0,1.0,18.0,ejiang@13f79535-47bb-0310-9956-ffa450edef68,1,0.002785515320334262,50.0,0.0,0.0,0.0,320.47999999999996,850.3067613443741,1,0,2.369524575669155,false
versioning/versioning-checker/src/test/java/versioning/java/files/TestBChild.java,3.0,0.0,0.0,1.0,0.0,1.0,18.0,ejiang@13f79535-47bb-0310-9956-ffa450edef68,1,0.002785515320334262,50.0,0.0,0.0,0.0,320.47999999999996,850.3067613443741,1,0,2.369524575669155,false
versioning/versioning-checker/src/test/java/versioning/java/files/TestC.java,9.0,0.0,1.0,2.0,2.0,4.0,18.0,ejiang@13f79535-47bb-0310-9956-ffa450edef68,1,0.002785515320334262,50.0,0.0,0.0,0.0,320.47999999999996,850.3067613443741,1,0,2.369524575669155,false
web/web-itests/src/test/java/org/apache/aries/web/converter/itest/WabConverterITest.java,123.0,36.0,79.0,14.0,55.0,44.0,9.0,cschneider@13f79535-47bb-0310-9956-ffa450edef68,1,0.002785515320334262,20.0,0.0,0.0,0.0,1187.7627118644068,3840.731897004931,1,0,1.6386370671263626,false
web/web-urlhandler/src/main/java/org/apache/aries/web/converter/impl/PackageFinder.java,266.0,13.0,256.0,24.0,45.0,59.0,9.0,cschneider@13f79535-47bb-0310-9956-ffa450edef68,1,0.002785515320334262,33.0,0.0,0.0,0.0,1187.7627118644068,3840.731897004931,1,0,1.6386370671263626,false
