name,LOC,CBO,LCOM,NOM,RFC,WMC,ACS,Ownership,numOfChanges,numberOfFIChanges,ENH,NF,BugFixing,REF,structuralWorkloadSum,semanticWorkloadSum,numberOfDeveloper,pastFaults,MAF,isBuggy
application/application-management/src/main/java/org/apache/aries/application/management/impl/AriesApplicationManagerImpl.java,307.0,56.0,115.0,18.0,99.0,61.0,0.0,null,0,0.0,0.0,0.0,0.0,0.0,0.0,0.0,0,4,0.0,true
application/application-runtime-framework-management/src/main/java/org/apache/aries/application/runtime/framework/management/SharedBundleFramework.java,68.0,14.0,0.0,2.0,6.0,7.0,157.0,timothyjward@13f79535-47bb-0310-9956-ffa450edef68,1,0.003105590062111801,20.0,0.0,0.0,20.0,973.8775510204082,2692.188535361289,1,2,1.0134544803278027,false
blueprint/blueprint-core/src/main/java/org/apache/aries/blueprint/container/BeanRecipe.java,857.0,36.0,891.0,47.0,194.0,151.0,1.0,null,1,0.003105590062111801,7.0,0.0,0.0,0.0,38.0,28.85266143204259,1,1,4.212127597878484,true
blueprint/blueprint-core/src/main/java/org/apache/aries/blueprint/container/ReferenceListRecipe.java,304.0,17.0,7.0,7.0,24.0,25.0,3.0,gnodet@13f79535-47bb-0310-9956-ffa450edef68,1,0.003105590062111801,8.0,0.0,0.0,0.0,973.8775510204082,2692.188535361289,1,3,1.0134544803278027,true
blueprint/blueprint-core/src/main/java/org/apache/aries/blueprint/container/ReferenceRecipe.java,217.0,23.0,19.0,14.0,55.0,48.0,2.0,gnodet@13f79535-47bb-0310-9956-ffa450edef68,2,0.006211180124223602,12.0,0.0,6.0,0.0,1129.2108843537414,2936.9390944240045,2,3,1.1676051601550612,true
blueprint/blueprint-core/src/main/java/org/apache/aries/blueprint/di/AbstractRecipe.java,125.0,12.0,123.0,18.0,36.0,51.0,4.0,mahrwald@13f79535-47bb-0310-9956-ffa450edef68,1,0.003105590062111801,25.0,0.0,0.0,0.0,38.0,28.85266143204259,1,1,4.212127597878484,true
blueprint/blueprint-core/src/test/java/org/apache/aries/blueprint/BeanLoadingTest.java,16.0,3.0,1.0,2.0,10.0,4.0,4.0,sergeyb@13f79535-47bb-0310-9956-ffa450edef68,1,0.003105590062111801,100.0,0.0,0.0,0.0,38.0,28.85266143204259,1,0,4.212127597878484,false
blueprint/blueprint-core/src/test/java/org/apache/aries/blueprint/pojos/SimpleBean.java,4.0,0.0,0.0,0.0,0.0,0.0,4.0,sergeyb@13f79535-47bb-0310-9956-ffa450edef68,1,0.003105590062111801,100.0,0.0,0.0,0.0,38.0,28.85266143204259,1,0,4.212127597878484,false
ejb/ejb-modeller/src/main/java/org/apache/aries/ejb/modelling/impl/EJBModeller.java,30.0,12.0,1.0,3.0,12.0,10.0,0.0,ejiang@13f79535-47bb-0310-9956-ffa450edef68,0,0.0,0.0,0.0,0.0,0.0,0.0,0.0,0,4,0.0,false
ejb/ejb-modeller/src/main/java/org/apache/aries/ejb/modelling/impl/ParsedEJBServices.java,38.0,9.0,0.0,5.0,12.0,13.0,0.0,ejiang@13f79535-47bb-0310-9956-ffa450edef68,0,0.0,0.0,0.0,0.0,0.0,0.0,0.0,0,0,0.0,false
ejb/ejb-modeller/src/test/java/org/apache/aries/ejb/modelling/impl/EJBModellerTest.java,44.0,11.0,0.0,6.0,23.0,16.0,0.0,ejiang@13f79535-47bb-0310-9956-ffa450edef68,0,0.0,0.0,0.0,0.0,0.0,0.0,0.0,0,0,0.0,false
ejb/ejb-modeller/src/test/java/org/apache/aries/ejb/modelling/impl/ParsedEJBServicesTest.java,48.0,6.0,15.0,6.0,40.0,12.0,0.0,ejiang@13f79535-47bb-0310-9956-ffa450edef68,0,0.0,0.0,0.0,0.0,0.0,0.0,0.0,0,0,0.0,false
ejb/openejb-extender/src/main/java/org/apache/aries/ejb/openejb/extender/RunningApplication.java,178.0,34.0,21.0,10.0,62.0,28.0,0.0,ejiang@13f79535-47bb-0310-9956-ffa450edef68,0,0.0,0.0,0.0,0.0,0.0,0.0,0.0,0,1,0.0,false
jmx/jmx-core/src/main/java/org/apache/aries/jmx/AbstractCompendiumHandler.java,82.0,8.0,0.0,8.0,22.0,19.0,5.0,gnodet@13f79535-47bb-0310-9956-ffa450edef68,1,0.003105590062111801,12.0,0.0,12.0,0.0,155.33333333333334,244.7505590627158,1,0,2.70805020110221,true
jmx/jmx-core/src/main/java/org/apache/aries/jmx/agent/JMXAgent.java,55.0,3.0,45.0,10.0,0.0,13.0,5.0,gnodet@13f79535-47bb-0310-9956-ffa450edef68,1,0.003105590062111801,17.0,0.0,17.0,0.0,155.33333333333334,244.7505590627158,1,0,2.70805020110221,true
jmx/jmx-core/src/main/java/org/apache/aries/jmx/agent/JMXAgentContext.java,78.0,5.0,0.0,9.0,6.0,12.0,5.0,gnodet@13f79535-47bb-0310-9956-ffa450edef68,1,0.003105590062111801,17.0,0.0,17.0,0.0,155.33333333333334,244.7505590627158,1,0,2.70805020110221,true
jmx/jmx-core/src/main/java/org/apache/aries/jmx/agent/JMXAgentImpl.java,255.0,27.0,0.0,12.0,42.0,34.0,5.0,gnodet@13f79535-47bb-0310-9956-ffa450edef68,1,0.003105590062111801,12.0,0.0,12.0,0.0,155.33333333333334,244.7505590627158,1,0,2.70805020110221,true
jmx/jmx-core/src/test/java/org/apache/aries/jmx/CompendiumHandlerTest.java,60.0,11.0,0.0,3.0,31.0,7.0,5.0,gnodet@13f79535-47bb-0310-9956-ffa450edef68,1,0.003105590062111801,20.0,0.0,20.0,0.0,155.33333333333334,244.7505590627158,1,0,2.70805020110221,true
jmx/jmx-itests/src/test/java/org/apache/aries/jmx/test/blueprint/BlueprintMBeanTest.java,105.0,31.0,3.0,3.0,41.0,10.0,83.0,null,1,0.003105590062111801,11.0,0.0,0.0,11.0,973.8775510204082,2692.188535361289,1,0,1.0134544803278027,true
jndi/jndi-core/src/main/java/org/apache/aries/jndi/ContextHelper.java,171.0,17.0,45.0,10.0,35.0,42.0,0.0,not@13f79535-47bb-0310-9956-ffa450edef68,0,0.0,0.0,0.0,0.0,0.0,0.0,0.0,0,3,0.0,true
jndi/jndi-core/src/main/java/org/apache/aries/jndi/startup/Activator.java,110.0,26.0,16.0,9.0,33.0,26.0,20.0,davidb@13f79535-47bb-0310-9956-ffa450edef68,0,0.0,0.0,0.0,0.0,0.0,0.0,0.0,0,3,0.0,true
jpa/jpa-container-itest/src/test/java/org/apache/aries/jpa/blueprint/aries/itest/JPAInjectionTest.java,23.0,11.0,6.0,4.0,24.0,9.0,165.0,null,1,0.003105590062111801,8.0,0.0,0.0,8.0,973.8775510204082,2692.188535361289,1,0,1.0134544803278027,false
jpa/jpa-container-itest/src/test/java/org/apache/aries/jpa/container/itest/JPAContainerTest.java,19.0,10.0,10.0,5.0,17.0,10.0,165.0,null,1,0.003105590062111801,10.0,0.0,0.0,10.0,973.8775510204082,2692.188535361289,1,0,1.0134544803278027,false
jpa/jpa-container-itest/src/test/java/org/apache/aries/jpa/context/itest/JPAContextTest.java,266.0,34.0,78.0,13.0,90.0,35.0,165.0,null,1,0.003105590062111801,7.0,0.0,0.0,7.0,973.8775510204082,2692.188535361289,1,1,1.0134544803278027,false
jpa/jpa-container-itest/src/test/java/org/apache/aries/jpa/quiesce/itest/QuiesceJPATest.java,252.0,27.0,55.0,11.0,163.0,25.0,165.0,cschneider@13f79535-47bb-0310-9956-ffa450edef68,1,0.003105590062111801,14.0,0.0,0.0,14.0,973.8775510204082,2692.188535361289,1,0,1.0134544803278027,false
jpa/jpa-container/src/main/java/org/apache/aries/jpa/container/impl/EntityManagerFactoryManager.java,346.0,26.0,0.0,19.0,131.0,65.0,5.0,cschneider@13f79535-47bb-0310-9956-ffa450edef68,2,0.006211180124223602,12.0,0.0,0.0,0.0,1034.544217687075,Infinity,2,1,2.2662174488231708,true
jpa/jpa-container/src/test/java/org/apache/aries/jpa/container/PersistenceBundleLifecycleTest.java,791.0,46.0,0.0,54.0,557.0,121.0,5.0,cschneider@13f79535-47bb-0310-9956-ffa450edef68,2,0.006211180124223602,15.0,0.0,0.0,0.0,1034.544217687075,Infinity,2,0,2.2662174488231708,false
proxy/proxy-impl/src/main/java/org/apache/aries/proxy/impl/ProxyUtils.java,26.0,4.0,0.0,1.0,1.0,4.0,0.0,ejiang@13f79535-47bb-0310-9956-ffa450edef68,0,0.0,0.0,0.0,0.0,0.0,0.0,0.0,0,2,0.0,true
proxy/proxy-impl/src/main/java/org/apache/aries/proxy/impl/common/AbstractWovenProxyAdapter.java,405.0,31.0,44.0,17.0,115.0,61.0,0.0,timothyjward@13f79535-47bb-0310-9956-ffa450edef68,0,0.0,0.0,0.0,0.0,0.0,0.0,0.0,0,6,0.0,true
proxy/proxy-impl/src/main/java/org/apache/aries/proxy/impl/gen/ProxySubclassAdapter.java,300.0,17.0,22.0,13.0,79.0,31.0,3.0,null,2,0.006211180124223602,17.0,8.0,0.0,0.0,973.8775510204082,2692.188535361289,2,0,1.7169113044891158,true
proxy/proxy-impl/src/main/java/org/apache/aries/proxy/impl/interfaces/InterfaceCombiningClassAdapter.java,105.0,16.0,4.0,5.0,31.0,19.0,0.0,timothyjward@13f79535-47bb-0310-9956-ffa450edef68,0,0.0,0.0,0.0,0.0,0.0,0.0,0.0,0,2,0.0,true
proxy/proxy-itests/src/test/java/org/apache/aries/proxy/itests/WeavingProxyTest.java,66.0,23.0,15.0,6.0,32.0,16.0,11.0,ejiang@13f79535-47bb-0310-9956-ffa450edef68,1,0.003105590062111801,14.0,14.0,0.0,0.0,973.8775510204082,2692.188535361289,1,0,1.0134544803278027,true
samples/blog/blog-itests/src/test/java/org/apache/aries/samples/blog/itests/AbstractIntegrationTest.java,159.0,29.0,139.0,18.0,52.0,62.0,8.0,cumminsh@13f79535-47bb-0310-9956-ffa450edef68,1,0.003105590062111801,25.0,0.0,0.0,0.0,973.8775510204082,2692.188535361289,1,1,1.0134544803278027,true
samples/blog/blog-itests/src/test/java/org/apache/aries/samples/blog/itests/JdbcBlogSampleWithEbaTest.java,35.0,20.0,1.0,2.0,28.0,6.0,8.0,null,1,0.003105590062111801,12.0,0.0,0.0,0.0,973.8775510204082,2692.188535361289,1,1,1.0134544803278027,true
samples/blog/blog-itests/src/test/java/org/apache/aries/samples/blog/itests/JpaBlogSampleWithEbaTest.java,42.0,18.0,1.0,2.0,28.0,6.0,8.0,null,1,0.003105590062111801,12.0,0.0,0.0,0.0,973.8775510204082,2692.188535361289,1,1,1.0134544803278027,true
samples/blog/blog-itests/src/test/java/org/apache/aries/samples/blog/itests/QuiesceBlogSampleWithEbaTest.java,76.0,21.0,1.0,2.0,31.0,6.0,8.0,null,1,0.003105590062111801,12.0,0.0,0.0,0.0,973.8775510204082,2692.188535361289,1,1,1.0134544803278027,true
samples/twitter/twitter-itests/src/test/java/org/apache/aries/sample/twitter/itest/AbstractIntegrationTest.java,117.0,27.0,70.0,13.0,31.0,50.0,8.0,cumminsh@13f79535-47bb-0310-9956-ffa450edef68,1,0.003105590062111801,33.0,0.0,0.0,0.0,973.8775510204082,2692.188535361289,1,0,1.0134544803278027,true
samples/twitter/twitter-itests/src/test/java/org/apache/aries/sample/twitter/itest/TwitterTest.java,58.0,28.0,1.0,2.0,39.0,7.0,8.0,null,1,0.003105590062111801,20.0,0.0,0.0,0.0,973.8775510204082,2692.188535361289,1,0,1.0134544803278027,true
sandbox/jmx-next/jmx-api/src/main/java/org/osgi/jmx/framework/wiring/BundleWiringStateMBean.java,286.0,10.0,28.0,8.0,0.0,40.0,5.0,davidb@13f79535-47bb-0310-9956-ffa450edef68,1,0.003105590062111801,7.0,0.0,0.0,0.0,392.3333333333333,1916.9155528213828,1,1,1.9095425048844386,true
sandbox/jmx-next/jmx-api/src/main/java/org/osgi/jmx/service/useradmin/UserAdminMBean.java,324.0,7.0,465.0,31.0,0.0,118.0,4.0,davidb@13f79535-47bb-0310-9956-ffa450edef68,1,0.003105590062111801,60.0,0.0,0.0,0.0,392.3333333333333,1916.9155528213828,1,0,1.9095425048844386,true
sandbox/jmx-next/jmx-core/src/main/java/org/apache/aries/jmx/AbstractCompendiumHandler.java,93.0,9.0,13.0,10.0,24.0,23.0,5.0,davidb@13f79535-47bb-0310-9956-ffa450edef68,1,0.003105590062111801,20.0,0.0,0.0,0.0,392.3333333333333,1916.9155528213828,1,0,1.9095425048844386,true
sandbox/jmx-next/jmx-core/src/main/java/org/apache/aries/jmx/agent/JMXAgent.java,55.0,3.0,45.0,10.0,0.0,13.0,5.0,davidb@13f79535-47bb-0310-9956-ffa450edef68,1,0.003105590062111801,33.0,0.0,0.0,0.0,392.3333333333333,1916.9155528213828,1,0,1.9095425048844386,true
sandbox/jmx-next/jmx-core/src/main/java/org/apache/aries/jmx/agent/JMXAgentContext.java,78.0,5.0,0.0,9.0,6.0,12.0,5.0,davidb@13f79535-47bb-0310-9956-ffa450edef68,1,0.003105590062111801,33.0,0.0,0.0,0.0,392.3333333333333,1916.9155528213828,1,0,1.9095425048844386,true
sandbox/jmx-next/jmx-core/src/main/java/org/apache/aries/jmx/agent/JMXAgentImpl.java,258.0,28.0,0.0,12.0,42.0,34.0,5.0,davidb@13f79535-47bb-0310-9956-ffa450edef68,1,0.003105590062111801,17.0,0.0,0.0,0.0,392.3333333333333,1916.9155528213828,1,0,1.9095425048844386,true
sandbox/jmx-next/jmx-core/src/main/java/org/apache/aries/jmx/codec/GroupData.java,89.0,11.0,0.0,7.0,12.0,17.0,4.0,davidb@13f79535-47bb-0310-9956-ffa450edef68,1,0.003105590062111801,60.0,0.0,0.0,0.0,392.3333333333333,1916.9155528213828,1,0,1.9095425048844386,true
sandbox/jmx-next/jmx-core/src/main/java/org/apache/aries/jmx/codec/PropertyData.java,272.0,26.0,0.0,17.0,29.0,67.0,0.0,davidb@13f79535-47bb-0310-9956-ffa450edef68,0,0.0,0.0,0.0,0.0,0.0,0.0,0.0,0,1,0.0,true
sandbox/jmx-next/jmx-core/src/main/java/org/apache/aries/jmx/codec/RoleData.java,123.0,16.0,25.0,10.0,27.0,28.0,4.0,davidb@13f79535-47bb-0310-9956-ffa450edef68,1,0.003105590062111801,60.0,0.0,0.0,0.0,392.3333333333333,1916.9155528213828,1,0,1.9095425048844386,true
sandbox/jmx-next/jmx-core/src/main/java/org/apache/aries/jmx/codec/UserData.java,65.0,12.0,8.0,5.0,14.0,13.0,4.0,davidb@13f79535-47bb-0310-9956-ffa450edef68,1,0.003105590062111801,60.0,0.0,0.0,0.0,392.3333333333333,1916.9155528213828,1,0,1.9095425048844386,true
sandbox/jmx-next/jmx-core/src/main/java/org/apache/aries/jmx/framework/BundleState.java,348.0,49.0,0.0,40.0,104.0,130.0,5.0,davidb@13f79535-47bb-0310-9956-ffa450edef68,1,0.003105590062111801,12.0,0.0,0.0,0.0,392.3333333333333,1916.9155528213828,1,0,1.9095425048844386,true
sandbox/jmx-next/jmx-core/src/main/java/org/apache/aries/jmx/framework/ServiceState.java,231.0,39.0,97.0,22.0,67.0,76.0,3.0,davidb@13f79535-47bb-0310-9956-ffa450edef68,1,0.003105590062111801,30.0,0.0,0.0,0.0,392.3333333333333,1916.9155528213828,1,0,1.9095425048844386,true
sandbox/jmx-next/jmx-core/src/main/java/org/apache/aries/jmx/framework/wiring/BundleWiringState.java,114.0,19.0,6.0,13.0,71.0,41.0,0.0,davidb@13f79535-47bb-0310-9956-ffa450edef68,0,0.0,0.0,0.0,0.0,0.0,0.0,0.0,0,2,0.0,true
sandbox/jmx-next/jmx-core/src/test/java/org/apache/aries/jmx/CompendiumHandlerTest.java,64.0,17.0,0.0,3.0,34.0,7.0,5.0,davidb@13f79535-47bb-0310-9956-ffa450edef68,1,0.003105590062111801,25.0,0.0,0.0,0.0,392.3333333333333,1916.9155528213828,1,0,1.9095425048844386,true
sandbox/jmx-next/jmx-core/src/test/java/org/apache/aries/jmx/codec/PropertyDataTest.java,237.0,27.0,36.0,9.0,80.0,12.0,0.0,davidb@13f79535-47bb-0310-9956-ffa450edef68,0,0.0,0.0,0.0,0.0,0.0,0.0,0.0,0,1,0.0,true
sandbox/jmx-next/jmx-core/src/test/java/org/apache/aries/jmx/framework/BundleStateTest.java,102.0,30.0,3.0,3.0,60.0,12.0,5.0,davidb@13f79535-47bb-0310-9956-ffa450edef68,1,0.003105590062111801,33.0,0.0,0.0,0.0,392.3333333333333,1916.9155528213828,1,0,1.9095425048844386,true
sandbox/jmx-next/jmx-core/src/test/java/org/apache/aries/jmx/framework/ServiceStateTest.java,106.0,36.0,3.0,3.0,60.0,12.0,3.0,davidb@13f79535-47bb-0310-9956-ffa450edef68,1,0.003105590062111801,60.0,0.0,0.0,0.0,392.3333333333333,1916.9155528213828,1,0,1.9095425048844386,true
sandbox/jmx-next/jmx-itests/src/test/java/org/apache/aries/jmx/framework/BundleStateMBeanTest.java,222.0,47.0,78.0,13.0,130.0,43.0,5.0,davidb@13f79535-47bb-0310-9956-ffa450edef68,1,0.003105590062111801,9.0,0.0,0.0,0.0,392.3333333333333,1916.9155528213828,1,0,1.9095425048844386,true
sandbox/jmx-next/jmx-itests/src/test/java/org/apache/aries/jmx/framework/ServiceStateMBeanTest.java,236.0,46.0,91.0,14.0,152.0,44.0,3.0,davidb@13f79535-47bb-0310-9956-ffa450edef68,1,0.003105590062111801,14.0,0.0,0.0,0.0,392.3333333333333,1916.9155528213828,1,0,1.9095425048844386,true
sandbox/jmx-next/jmx-itests/src/test/java/org/apache/aries/jmx/test/blueprint/BlueprintMBeanTest.java,105.0,33.0,3.0,3.0,41.0,10.0,83.0,davidb@13f79535-47bb-0310-9956-ffa450edef68,1,0.003105590062111801,33.0,0.0,33.0,0.0,392.3333333333333,1916.9155528213828,1,0,1.9095425048844386,true
spi-fly/spi-fly-core/src/main/java/org/apache/aries/spifly/BaseActivator.java,162.0,22.0,58.0,13.0,59.0,39.0,3.0,davidb@13f79535-47bb-0310-9956-ffa450edef68,1,0.003105590062111801,6.0,0.0,0.0,6.0,392.3333333333333,1916.9155528213828,1,2,1.9095425048844386,false
spi-fly/spi-fly-core/src/main/java/org/apache/aries/spifly/ConsumerBundleTrackerCustomizer.java,24.0,3.0,0.0,4.0,4.0,8.0,0.0,davidb@13f79535-47bb-0310-9956-ffa450edef68,0,0.0,0.0,0.0,0.0,0.0,0.0,0.0,0,0,0.0,false
spi-fly/spi-fly-core/src/main/java/org/apache/aries/spifly/ConsumerHeaderProcessor.java,167.0,16.0,10.0,5.0,41.0,23.0,0.0,davidb@13f79535-47bb-0310-9956-ffa450edef68,0,0.0,0.0,0.0,0.0,0.0,0.0,0.0,0,0,0.0,false
spi-fly/spi-fly-core/src/main/java/org/apache/aries/spifly/ProviderBundleTrackerCustomizer.java,229.0,28.0,52.0,12.0,85.0,47.0,2.0,davidb@13f79535-47bb-0310-9956-ffa450edef68,1,0.003105590062111801,15.0,4.0,11.0,7.0,392.3333333333333,1916.9155528213828,1,2,1.9095425048844386,false
spi-fly/spi-fly-core/src/main/java/org/apache/aries/spifly/api/SpiFlyConstants.java,16.0,0.0,0.0,0.0,0.0,0.0,5.0,davidb@13f79535-47bb-0310-9956-ffa450edef68,1,0.003105590062111801,6.0,0.0,6.0,0.0,392.3333333333333,1916.9155528213828,1,1,1.9095425048844386,false
spi-fly/spi-fly-core/src/test/java/org/apache/aries/spifly/ProviderBundleTrackerCustomizerGenericCapabilityTest.java,331.0,32.0,276.0,24.0,225.0,71.0,4.0,davidb@13f79535-47bb-0310-9956-ffa450edef68,1,0.003105590062111801,12.0,0.0,6.0,6.0,392.3333333333333,1916.9155528213828,1,0,1.9095425048844386,false
spi-fly/spi-fly-core/src/test/java/org/apache/aries/spifly/ProviderBundleTrackerCustomizerTest.java,112.0,22.0,36.0,9.0,83.0,23.0,5.0,davidb@13f79535-47bb-0310-9956-ffa450edef68,1,0.003105590062111801,10.0,0.0,10.0,0.0,392.3333333333333,1916.9155528213828,1,1,1.9095425048844386,false
spi-fly/spi-fly-dynamic-bundle/src/test/java/org/apache/aries/spifly/dynamic/ClientWeavingHookGenericCapabilityTest.java,485.0,37.0,39.0,19.0,237.0,61.0,0.0,davidb@13f79535-47bb-0310-9956-ffa450edef68,0,0.0,0.0,0.0,0.0,0.0,0.0,0.0,0,2,0.0,false
spi-fly/spi-fly-dynamic-bundle/src/test/java/org/apache/aries/spifly/dynamic/ClientWeavingHookTest.java,572.0,36.0,79.0,27.0,319.0,81.0,0.0,davidb@13f79535-47bb-0310-9956-ffa450edef68,0,0.0,0.0,0.0,0.0,0.0,0.0,0.0,0,3,0.0,true
spi-fly/spi-fly-dynamic-bundle/src/test/java/org/apache/aries/spifly/dynamic/impl4/AltSPIImpl2.java,5.0,1.0,0.0,1.0,0.0,2.0,0.0,davidb@13f79535-47bb-0310-9956-ffa450edef68,0,0.0,0.0,0.0,0.0,0.0,0.0,0.0,0,0,0.0,false
spi-fly/spi-fly-dynamic-bundle/src/test/java/org/apache/aries/spifly/dynamic/impl5/MySPIImpl5.java,5.0,1.0,0.0,1.0,0.0,2.0,0.0,davidb@13f79535-47bb-0310-9956-ffa450edef68,0,0.0,0.0,0.0,0.0,0.0,0.0,0.0,0,1,0.0,false
spi-fly/spi-fly-static-tool/src/main/java/org/apache/aries/spifly/statictool/Main.java,212.0,26.0,76.0,13.0,102.0,48.0,0.0,davidb@13f79535-47bb-0310-9956-ffa450edef68,0,0.0,0.0,0.0,0.0,0.0,0.0,0.0,0,2,0.0,true
spi-fly/spi-fly-weaver/src/main/java/org/apache/aries/spifly/weaver/TCCLSetterVisitor.java,132.0,14.0,8.0,5.0,24.0,14.0,2.0,davidb@13f79535-47bb-0310-9956-ffa450edef68,1,0.003105590062111801,38.0,0.0,25.0,0.0,392.3333333333333,1916.9155528213828,1,0,1.9095425048844386,false
subsystem/subsystem-api/src/main/java/org/osgi/service/repository/ContentNamespace.java,25.0,1.0,0.0,1.0,0.0,1.0,0.0,jwross@13f79535-47bb-0310-9956-ffa450edef68,0,0.0,0.0,0.0,0.0,0.0,0.0,0.0,0,3,0.0,false
subsystem/subsystem-api/src/main/java/org/osgi/service/repository/Repository.java,18.0,5.0,0.0,1.0,0.0,4.0,14.0,jwross@13f79535-47bb-0310-9956-ffa450edef68,1,0.003105590062111801,9.0,0.0,0.0,0.0,1812.086124401914,88151.04818116532,1,5,1.349926716949016,false
subsystem/subsystem-api/src/main/java/org/osgi/service/repository/RepositoryContent.java,13.0,2.0,0.0,1.0,0.0,3.0,14.0,jwross@13f79535-47bb-0310-9956-ffa450edef68,1,0.003105590062111801,14.0,0.0,0.0,0.0,1812.086124401914,88151.04818116532,1,4,1.349926716949016,false
subsystem/subsystem-api/src/main/java/org/osgi/service/repository/package-info.java,0.0,0.0,0.0,0.0,0.0,0.0,14.0,jwross@13f79535-47bb-0310-9956-ffa450edef68,1,0.003105590062111801,20.0,0.0,0.0,0.0,1812.086124401914,88151.04818116532,1,1,1.349926716949016,false
subsystem/subsystem-api/src/main/java/org/osgi/service/resolver/HostedCapability.java,18.0,2.0,1.0,2.0,0.0,4.0,25.0,jwross@13f79535-47bb-0310-9956-ffa450edef68,1,0.003105590062111801,17.0,0.0,0.0,0.0,1812.086124401914,88151.04818116532,1,4,1.349926716949016,false
subsystem/subsystem-api/src/main/java/org/osgi/service/resolver/ResolutionException.java,49.0,4.0,0.0,5.0,5.0,14.0,25.0,jwross@13f79535-47bb-0310-9956-ffa450edef68,1,0.003105590062111801,14.0,0.0,0.0,0.0,1812.086124401914,88151.04818116532,1,4,1.349926716949016,false
subsystem/subsystem-api/src/main/java/org/osgi/service/resolver/ResolveContext.java,48.0,8.0,21.0,7.0,2.0,26.0,14.0,jwross@13f79535-47bb-0310-9956-ffa450edef68,1,0.003105590062111801,33.0,0.0,0.0,0.0,1812.086124401914,88151.04818116532,1,1,1.349926716949016,false
subsystem/subsystem-api/src/main/java/org/osgi/service/resolver/Resolver.java,15.0,4.0,0.0,1.0,0.0,5.0,25.0,jwross@13f79535-47bb-0310-9956-ffa450edef68,1,0.003105590062111801,11.0,0.0,0.0,0.0,1812.086124401914,88151.04818116532,1,5,1.349926716949016,false
subsystem/subsystem-api/src/main/java/org/osgi/service/resolver/package-info.java,0.0,0.0,0.0,0.0,0.0,0.0,14.0,jwross@13f79535-47bb-0310-9956-ffa450edef68,1,0.003105590062111801,25.0,0.0,0.0,0.0,1812.086124401914,88151.04818116532,1,1,1.349926716949016,false
subsystem/subsystem-api/src/main/java/org/osgi/service/subsystem/Subsystem.java,116.0,8.0,120.0,16.0,0.0,81.0,14.0,jwross@13f79535-47bb-0310-9956-ffa450edef68,1,0.003105590062111801,12.0,0.0,0.0,0.0,1812.086124401914,88151.04818116532,1,3,1.349926716949016,false
subsystem/subsystem-api/src/main/java/org/osgi/service/subsystem/SubsystemConstants.java,125.0,0.0,0.0,1.0,0.0,1.0,14.0,jwross@13f79535-47bb-0310-9956-ffa450edef68,1,0.003105590062111801,12.0,0.0,0.0,0.0,1812.086124401914,88151.04818116532,1,3,1.349926716949016,false
subsystem/subsystem-api/src/main/java/org/osgi/service/subsystem/SubsystemException.java,35.0,0.0,6.0,4.0,0.0,7.0,14.0,jwross@13f79535-47bb-0310-9956-ffa450edef68,1,0.003105590062111801,50.0,0.0,0.0,0.0,1812.086124401914,88151.04818116532,1,0,1.349926716949016,false
subsystem/subsystem-api/src/main/java/org/osgi/service/subsystem/SubsystemPermission.java,347.0,20.0,0.0,17.0,44.0,66.0,14.0,jwross@13f79535-47bb-0310-9956-ffa450edef68,1,0.003105590062111801,50.0,0.0,0.0,0.0,1812.086124401914,88151.04818116532,1,1,1.349926716949016,false
subsystem/subsystem-api/src/main/java/org/osgi/service/subsystem/package-info.java,0.0,0.0,0.0,0.0,0.0,0.0,14.0,jwross@13f79535-47bb-0310-9956-ffa450edef68,1,0.003105590062111801,33.0,0.0,0.0,0.0,1812.086124401914,88151.04818116532,1,1,1.349926716949016,false
subsystem/subsystem-core/src/main/java/org/apache/aries/subsystem/core/archive/AbstractAttribute.java,11.0,0.0,3.0,3.0,7.0,5.0,0.0,jwross@13f79535-47bb-0310-9956-ffa450edef68,0,0.0,0.0,0.0,0.0,0.0,0.0,0.0,0,0,0.0,false
subsystem/subsystem-core/src/main/java/org/apache/aries/subsystem/core/archive/AbstractDirective.java,11.0,0.0,3.0,3.0,4.0,5.0,0.0,jwross@13f79535-47bb-0310-9956-ffa450edef68,0,0.0,0.0,0.0,0.0,0.0,0.0,0.0,0,0,0.0,false
subsystem/subsystem-core/src/main/java/org/apache/aries/subsystem/core/archive/AbstractHeader.java,33.0,9.0,3.0,6.0,15.0,14.0,0.0,jwross@13f79535-47bb-0310-9956-ffa450edef68,0,0.0,0.0,0.0,0.0,0.0,0.0,0.0,0,2,0.0,false
subsystem/subsystem-core/src/main/java/org/apache/aries/subsystem/core/archive/AbstractParameter.java,14.0,0.0,0.0,3.0,0.0,5.0,0.0,jwross@13f79535-47bb-0310-9956-ffa450edef68,0,0.0,0.0,0.0,0.0,0.0,0.0,0.0,0,0,0.0,false
subsystem/subsystem-core/src/main/java/org/apache/aries/subsystem/core/archive/AttributeFactory.java,12.0,1.0,0.0,1.0,3.0,4.0,0.0,jwross@13f79535-47bb-0310-9956-ffa450edef68,0,0.0,0.0,0.0,0.0,0.0,0.0,0.0,0,0,0.0,false
subsystem/subsystem-core/src/main/java/org/apache/aries/subsystem/core/archive/BundleManifest.java,10.0,1.0,1.0,2.0,3.0,4.0,0.0,jwross@13f79535-47bb-0310-9956-ffa450edef68,0,0.0,0.0,0.0,0.0,0.0,0.0,0.0,0,0,0.0,false
subsystem/subsystem-core/src/main/java/org/apache/aries/subsystem/core/archive/BundleVersionAttribute.java,20.0,3.0,4.0,5.0,4.0,7.0,0.0,jwross@13f79535-47bb-0310-9956-ffa450edef68,0,0.0,0.0,0.0,0.0,0.0,0.0,0.0,0,0,0.0,false
subsystem/subsystem-core/src/main/java/org/apache/aries/subsystem/core/archive/BundleVersionHeader.java,11.0,2.0,1.0,2.0,0.0,2.0,84.0,jwross@13f79535-47bb-0310-9956-ffa450edef68,1,0.003105590062111801,33.0,33.0,0.0,0.0,1812.086124401914,88151.04818116532,1,1,1.349926716949016,false
subsystem/subsystem-core/src/main/java/org/apache/aries/subsystem/core/archive/CapabilityHeader.java,3.0,3.0,0.0,1.0,0.0,1.0,84.0,jwross@13f79535-47bb-0310-9956-ffa450edef68,1,0.003105590062111801,50.0,50.0,0.0,0.0,1812.086124401914,88151.04818116532,1,0,1.349926716949016,false
subsystem/subsystem-core/src/main/java/org/apache/aries/subsystem/core/archive/DeployedContentHeader.java,44.0,6.0,1.0,3.0,12.0,8.0,17.0,jwross@13f79535-47bb-0310-9956-ffa450edef68,1,0.003105590062111801,38.0,25.0,12.0,12.0,1812.086124401914,88151.04818116532,1,1,1.349926716949016,true
subsystem/subsystem-core/src/main/java/org/apache/aries/subsystem/core/archive/DeploymentManifest.java,111.0,16.0,90.0,16.0,50.0,41.0,43.0,jwross@13f79535-47bb-0310-9956-ffa450edef68,1,0.003105590062111801,20.0,14.0,6.0,11.0,1812.086124401914,88151.04818116532,1,7,1.349926716949016,true
subsystem/subsystem-core/src/main/java/org/apache/aries/subsystem/core/archive/Directive.java,3.0,0.0,0.0,1.0,0.0,1.0,0.0,jwross@13f79535-47bb-0310-9956-ffa450edef68,0,0.0,0.0,0.0,0.0,0.0,0.0,0.0,0,0,0.0,false
subsystem/subsystem-core/src/main/java/org/apache/aries/subsystem/core/archive/DirectiveFactory.java,11.0,0.0,0.0,1.0,2.0,3.0,0.0,jwross@13f79535-47bb-0310-9956-ffa450edef68,0,0.0,0.0,0.0,0.0,0.0,0.0,0.0,0,1,0.0,true
subsystem/subsystem-core/src/main/java/org/apache/aries/subsystem/core/archive/EffectiveDirective.java,25.0,1.0,6.0,5.0,5.0,9.0,84.0,jwross@13f79535-47bb-0310-9956-ffa450edef68,1,0.003105590062111801,33.0,33.0,0.0,0.0,1812.086124401914,88151.04818116532,1,0,1.349926716949016,false
subsystem/subsystem-core/src/main/java/org/apache/aries/subsystem/core/archive/ExportPackageCapability.java,26.0,7.0,2.0,5.0,5.0,14.0,76.0,jwross@13f79535-47bb-0310-9956-ffa450edef68,1,0.003105590062111801,50.0,25.0,0.0,25.0,1812.086124401914,88151.04818116532,1,0,1.349926716949016,false
subsystem/subsystem-core/src/main/java/org/apache/aries/subsystem/core/archive/ExportPackageHeader.java,133.0,12.0,7.0,6.0,15.0,18.0,20.0,jwross@13f79535-47bb-0310-9956-ffa450edef68,1,0.003105590062111801,20.0,10.0,10.0,10.0,1812.086124401914,88151.04818116532,1,2,1.349926716949016,false
subsystem/subsystem-core/src/main/java/org/apache/aries/subsystem/core/archive/FilterDirective.java,15.0,3.0,1.0,2.0,5.0,5.0,84.0,jwross@13f79535-47bb-0310-9956-ffa450edef68,1,0.003105590062111801,50.0,50.0,0.0,0.0,1812.086124401914,88151.04818116532,1,1,1.349926716949016,false
subsystem/subsystem-core/src/main/java/org/apache/aries/subsystem/core/archive/GenericClause.java,64.0,7.0,0.0,8.0,21.0,25.0,4.0,jwross@13f79535-47bb-0310-9956-ffa450edef68,1,0.003105590062111801,33.0,0.0,33.0,0.0,1812.086124401914,88151.04818116532,1,1,1.349926716949016,false
subsystem/subsystem-core/src/main/java/org/apache/aries/subsystem/core/archive/GenericHeader.java,62.0,4.0,7.0,6.0,8.0,12.0,4.0,jwross@13f79535-47bb-0310-9956-ffa450edef68,1,0.003105590062111801,50.0,0.0,50.0,0.0,1812.086124401914,88151.04818116532,1,0,1.349926716949016,false
subsystem/subsystem-core/src/main/java/org/apache/aries/subsystem/core/archive/Grammar.java,61.0,1.0,0.0,0.0,0.0,0.0,11.0,jwross@13f79535-47bb-0310-9956-ffa450edef68,1,0.003105590062111801,7.0,7.0,0.0,0.0,1812.086124401914,88151.04818116532,1,3,1.349926716949016,true
subsystem/subsystem-core/src/main/java/org/apache/aries/subsystem/core/archive/HeaderFactory.java,22.0,0.0,0.0,1.0,1.0,3.0,17.0,jwross@13f79535-47bb-0310-9956-ffa450edef68,1,0.003105590062111801,14.0,14.0,7.0,7.0,1812.086124401914,88151.04818116532,1,2,1.349926716949016,false
subsystem/subsystem-core/src/main/java/org/apache/aries/subsystem/core/archive/ImportPackageHeader.java,153.0,15.0,16.0,8.0,17.0,20.0,4.0,jwross@13f79535-47bb-0310-9956-ffa450edef68,1,0.003105590062111801,8.0,0.0,8.0,0.0,1812.086124401914,88151.04818116532,1,4,1.349926716949016,true
subsystem/subsystem-core/src/main/java/org/apache/aries/subsystem/core/archive/ImportPackageRequirement.java,29.0,7.0,4.0,5.0,12.0,12.0,52.0,jwross@13f79535-47bb-0310-9956-ffa450edef68,1,0.003105590062111801,38.0,25.0,12.0,12.0,1812.086124401914,88151.04818116532,1,4,1.349926716949016,false
subsystem/subsystem-core/src/main/java/org/apache/aries/subsystem/core/archive/Parameter.java,4.0,0.0,1.0,2.0,0.0,2.0,0.0,jwross@13f79535-47bb-0310-9956-ffa450edef68,0,0.0,0.0,0.0,0.0,0.0,0.0,0.0,0,0,0.0,false
subsystem/subsystem-core/src/main/java/org/apache/aries/subsystem/core/archive/PreferredProviderHeader.java,136.0,14.0,22.0,9.0,18.0,24.0,41.0,jwross@13f79535-47bb-0310-9956-ffa450edef68,1,0.003105590062111801,100.0,60.0,20.0,20.0,1812.086124401914,88151.04818116532,1,0,1.349926716949016,false
subsystem/subsystem-core/src/main/java/org/apache/aries/subsystem/core/archive/PreferredProviderRequirement.java,24.0,6.0,4.0,5.0,8.0,11.0,76.0,jwross@13f79535-47bb-0310-9956-ffa450edef68,1,0.003105590062111801,100.0,50.0,0.0,50.0,1812.086124401914,88151.04818116532,1,0,1.349926716949016,false
subsystem/subsystem-core/src/main/java/org/apache/aries/subsystem/core/archive/ProvideBundleCapability.java,52.0,7.0,5.0,7.0,21.0,19.0,76.0,jwross@13f79535-47bb-0310-9956-ffa450edef68,1,0.003105590062111801,67.0,33.0,0.0,33.0,1812.086124401914,88151.04818116532,1,1,1.349926716949016,false
subsystem/subsystem-core/src/main/java/org/apache/aries/subsystem/core/archive/ProvideCapabilityCapability.java,26.0,5.0,2.0,5.0,7.0,14.0,76.0,jwross@13f79535-47bb-0310-9956-ffa450edef68,1,0.003105590062111801,67.0,33.0,0.0,33.0,1812.086124401914,88151.04818116532,1,0,1.349926716949016,false
subsystem/subsystem-core/src/main/java/org/apache/aries/subsystem/core/archive/ProvideCapabilityHeader.java,116.0,12.0,7.0,6.0,14.0,17.0,0.0,jwross@13f79535-47bb-0310-9956-ffa450edef68,0,0.0,0.0,0.0,0.0,0.0,0.0,0.0,0,0,0.0,false
subsystem/subsystem-core/src/main/java/org/apache/aries/subsystem/core/archive/ProvisionPolicyDirective.java,28.0,1.0,0.0,5.0,7.0,12.0,84.0,jwross@13f79535-47bb-0310-9956-ffa450edef68,1,0.003105590062111801,50.0,50.0,0.0,0.0,1812.086124401914,88151.04818116532,1,0,1.349926716949016,false
subsystem/subsystem-core/src/main/java/org/apache/aries/subsystem/core/archive/ProvisionResourceHeader.java,56.0,7.0,4.0,5.0,20.0,15.0,22.0,jwross@13f79535-47bb-0310-9956-ffa450edef68,1,0.003105590062111801,43.0,29.0,29.0,29.0,1812.086124401914,88151.04818116532,1,1,1.349926716949016,true
subsystem/subsystem-core/src/main/java/org/apache/aries/subsystem/core/archive/RequireBundleHeader.java,142.0,13.0,14.0,8.0,16.0,20.0,60.0,jwross@13f79535-47bb-0310-9956-ffa450edef68,1,0.003105590062111801,29.0,29.0,0.0,14.0,1812.086124401914,88151.04818116532,1,1,1.349926716949016,false
subsystem/subsystem-core/src/main/java/org/apache/aries/subsystem/core/archive/RequireBundleRequirement.java,24.0,6.0,4.0,5.0,8.0,11.0,76.0,jwross@13f79535-47bb-0310-9956-ffa450edef68,1,0.003105590062111801,40.0,20.0,0.0,20.0,1812.086124401914,88151.04818116532,1,1,1.349926716949016,false
subsystem/subsystem-core/src/main/java/org/apache/aries/subsystem/core/archive/RequireCapabilityHeader.java,126.0,14.0,14.0,8.0,16.0,20.0,84.0,jwross@13f79535-47bb-0310-9956-ffa450edef68,1,0.003105590062111801,17.0,17.0,0.0,0.0,1812.086124401914,88151.04818116532,1,1,1.349926716949016,false
subsystem/subsystem-core/src/main/java/org/apache/aries/subsystem/core/archive/RequireCapabilityRequirement.java,24.0,6.0,4.0,5.0,6.0,11.0,51.0,jwross@13f79535-47bb-0310-9956-ffa450edef68,1,0.003105590062111801,43.0,29.0,14.0,14.0,1812.086124401914,88151.04818116532,1,1,1.349926716949016,true
subsystem/subsystem-core/src/main/java/org/apache/aries/subsystem/core/archive/RequirementHeader.java,3.0,3.0,0.0,1.0,0.0,1.0,84.0,jwross@13f79535-47bb-0310-9956-ffa450edef68,1,0.003105590062111801,50.0,50.0,0.0,0.0,1812.086124401914,88151.04818116532,1,0,1.349926716949016,false
subsystem/subsystem-core/src/main/java/org/apache/aries/subsystem/core/archive/ResolutionDirective.java,24.0,1.0,2.0,5.0,5.0,11.0,0.0,jwross@13f79535-47bb-0310-9956-ffa450edef68,0,0.0,0.0,0.0,0.0,0.0,0.0,0.0,0,0,0.0,false
subsystem/subsystem-core/src/main/java/org/apache/aries/subsystem/core/archive/StartOrderDirective.java,11.0,1.0,0.0,2.0,1.0,3.0,4.0,jwross@13f79535-47bb-0310-9956-ffa450edef68,1,0.003105590062111801,50.0,50.0,0.0,0.0,1812.086124401914,88151.04818116532,1,0,1.349926716949016,false
subsystem/subsystem-core/src/main/java/org/apache/aries/subsystem/core/archive/SubsystemArchive.java,92.0,19.0,2.0,9.0,32.0,34.0,39.0,jwross@13f79535-47bb-0310-9956-ffa450edef68,1,0.003105590062111801,33.0,8.0,8.0,33.0,1812.086124401914,88151.04818116532,1,5,1.349926716949016,false
subsystem/subsystem-core/src/main/java/org/apache/aries/subsystem/core/archive/SubsystemContentHeader.java,102.0,15.0,16.0,8.0,35.0,24.0,24.0,jwross@13f79535-47bb-0310-9956-ffa450edef68,1,0.003105590062111801,38.0,19.0,12.0,12.0,1812.086124401914,88151.04818116532,1,3,1.349926716949016,true
subsystem/subsystem-core/src/main/java/org/apache/aries/subsystem/core/archive/SubsystemExportServiceCapability.java,26.0,7.0,6.0,5.0,8.0,12.0,76.0,jwross@13f79535-47bb-0310-9956-ffa450edef68,1,0.003105590062111801,67.0,33.0,0.0,33.0,1812.086124401914,88151.04818116532,1,0,1.349926716949016,false
subsystem/subsystem-core/src/main/java/org/apache/aries/subsystem/core/archive/SubsystemExportServiceHeader.java,108.0,13.0,7.0,6.0,14.0,17.0,0.0,jwross@13f79535-47bb-0310-9956-ffa450edef68,0,0.0,0.0,0.0,0.0,0.0,0.0,0.0,0,0,0.0,true
subsystem/subsystem-core/src/main/java/org/apache/aries/subsystem/core/archive/SubsystemImportServiceHeader.java,114.0,13.0,7.0,6.0,15.0,17.0,84.0,jwross@13f79535-47bb-0310-9956-ffa450edef68,1,0.003105590062111801,12.0,12.0,0.0,0.0,1812.086124401914,88151.04818116532,1,1,1.349926716949016,true
subsystem/subsystem-core/src/main/java/org/apache/aries/subsystem/core/archive/SubsystemImportServiceRequirement.java,25.0,7.0,6.0,5.0,8.0,11.0,76.0,jwross@13f79535-47bb-0310-9956-ffa450edef68,1,0.003105590062111801,33.0,17.0,0.0,17.0,1812.086124401914,88151.04818116532,1,1,1.349926716949016,true
subsystem/subsystem-core/src/main/java/org/apache/aries/subsystem/core/archive/SubsystemManifest.java,182.0,22.0,187.0,23.0,74.0,58.0,38.0,jwross@13f79535-47bb-0310-9956-ffa450edef68,1,0.003105590062111801,24.0,24.0,10.0,10.0,1812.086124401914,88151.04818116532,1,5,1.349926716949016,false
subsystem/subsystem-core/src/main/java/org/apache/aries/subsystem/core/archive/SubsystemManifestVersionHeader.java,15.0,2.0,1.0,3.0,2.0,7.0,0.0,jwross@13f79535-47bb-0310-9956-ffa450edef68,0,0.0,0.0,0.0,0.0,0.0,0.0,0.0,0,1,0.0,false
subsystem/subsystem-core/src/main/java/org/apache/aries/subsystem/core/archive/SubsystemTypeHeader.java,134.0,8.0,36.0,12.0,15.0,25.0,0.0,jwross@13f79535-47bb-0310-9956-ffa450edef68,0,0.0,0.0,0.0,0.0,0.0,0.0,0.0,0,0,0.0,false
subsystem/subsystem-core/src/main/java/org/apache/aries/subsystem/core/archive/SubsystemVersionHeader.java,14.0,1.0,1.0,3.0,0.0,3.0,0.0,jwross@13f79535-47bb-0310-9956-ffa450edef68,0,0.0,0.0,0.0,0.0,0.0,0.0,0.0,0,1,0.0,false
subsystem/subsystem-core/src/main/java/org/apache/aries/subsystem/core/archive/TypeAttribute.java,18.0,1.0,6.0,4.0,2.0,7.0,11.0,jwross@13f79535-47bb-0310-9956-ffa450edef68,1,0.003105590062111801,25.0,25.0,0.0,0.0,1812.086124401914,88151.04818116532,1,0,1.349926716949016,true
subsystem/subsystem-core/src/main/java/org/apache/aries/subsystem/core/archive/TypedAttribute.java,28.0,1.0,0.0,4.0,4.0,7.0,84.0,jwross@13f79535-47bb-0310-9956-ffa450edef68,1,0.003105590062111801,50.0,50.0,0.0,0.0,1812.086124401914,88151.04818116532,1,0,1.349926716949016,false
subsystem/subsystem-core/src/main/java/org/apache/aries/subsystem/core/archive/VersionAttribute.java,13.0,2.0,3.0,3.0,3.0,4.0,0.0,jwross@13f79535-47bb-0310-9956-ffa450edef68,0,0.0,0.0,0.0,0.0,0.0,0.0,0.0,0,1,0.0,false
subsystem/subsystem-core/src/main/java/org/apache/aries/subsystem/core/archive/VersionHeader.java,13.0,1.0,1.0,3.0,2.0,4.0,0.0,jwross@13f79535-47bb-0310-9956-ffa450edef68,0,0.0,0.0,0.0,0.0,0.0,0.0,0.0,0,1,0.0,false
subsystem/subsystem-core/src/main/java/org/apache/aries/subsystem/core/archive/VersionRangeAttribute.java,20.0,3.0,4.0,5.0,4.0,7.0,32.0,jwross@13f79535-47bb-0310-9956-ffa450edef68,1,0.003105590062111801,43.0,29.0,29.0,29.0,1812.086124401914,88151.04818116532,1,1,1.349926716949016,true
subsystem/subsystem-core/src/main/java/org/apache/aries/subsystem/core/archive/VisibilityDirective.java,24.0,1.0,2.0,5.0,5.0,9.0,84.0,jwross@13f79535-47bb-0310-9956-ffa450edef68,1,0.003105590062111801,50.0,50.0,0.0,0.0,1812.086124401914,88151.04818116532,1,0,1.349926716949016,false
subsystem/subsystem-core/src/main/java/org/apache/aries/subsystem/core/internal/AbstractCapability.java,19.0,1.0,3.0,3.0,16.0,8.0,73.0,jwross@13f79535-47bb-0310-9956-ffa450edef68,1,0.003105590062111801,67.0,33.0,0.0,33.0,1812.086124401914,88151.04818116532,1,0,1.349926716949016,false
subsystem/subsystem-core/src/main/java/org/apache/aries/subsystem/core/internal/AbstractRequirement.java,19.0,1.0,3.0,3.0,18.0,8.0,73.0,jwross@13f79535-47bb-0310-9956-ffa450edef68,1,0.003105590062111801,100.0,50.0,0.0,50.0,1812.086124401914,88151.04818116532,1,0,1.349926716949016,false
subsystem/subsystem-core/src/main/java/org/apache/aries/subsystem/core/internal/Activator.java,175.0,25.0,135.0,23.0,43.0,59.0,20.0,jwross@13f79535-47bb-0310-9956-ffa450edef68,1,0.003105590062111801,18.0,8.0,8.0,13.0,1812.086124401914,88151.04818116532,1,3,1.349926716949016,true
subsystem/subsystem-core/src/main/java/org/apache/aries/subsystem/core/internal/AriesSubsystem.java,548.0,62.0,1819.0,71.0,356.0,231.0,22.0,jwross@13f79535-47bb-0310-9956-ffa450edef68,1,0.003105590062111801,28.0,14.0,11.0,14.0,1812.086124401914,88151.04818116532,1,12,1.349926716949016,true
subsystem/subsystem-core/src/main/java/org/apache/aries/subsystem/core/internal/BasicCapability.java,28.0,4.0,2.0,5.0,2.0,12.0,60.0,jwross@13f79535-47bb-0310-9956-ffa450edef68,1,0.003105590062111801,75.0,50.0,25.0,50.0,1812.086124401914,88151.04818116532,1,0,1.349926716949016,true
subsystem/subsystem-core/src/main/java/org/apache/aries/subsystem/core/internal/BasicRequirement.java,30.0,8.0,3.0,6.0,5.0,13.0,60.0,jwross@13f79535-47bb-0310-9956-ffa450edef68,1,0.003105590062111801,75.0,50.0,25.0,50.0,1812.086124401914,88151.04818116532,1,0,1.349926716949016,true
subsystem/subsystem-core/src/main/java/org/apache/aries/subsystem/core/internal/BundleEventHook.java,48.0,11.0,9.0,6.0,34.0,22.0,43.0,jwross@13f79535-47bb-0310-9956-ffa450edef68,1,0.003105590062111801,31.0,15.0,8.0,23.0,1812.086124401914,88151.04818116532,1,0,1.349926716949016,true
subsystem/subsystem-core/src/main/java/org/apache/aries/subsystem/core/internal/BundleResource.java,69.0,23.0,0.0,6.0,18.0,23.0,42.0,jwross@13f79535-47bb-0310-9956-ffa450edef68,1,0.003105590062111801,23.0,15.0,15.0,8.0,1812.086124401914,88151.04818116532,1,0,1.349926716949016,true
subsystem/subsystem-core/src/main/java/org/apache/aries/subsystem/core/internal/BundleResourceInstaller.java,33.0,8.0,10.0,5.0,13.0,12.0,41.0,jwross@13f79535-47bb-0310-9956-ffa450edef68,1,0.003105590062111801,31.0,23.0,15.0,23.0,1812.086124401914,88151.04818116532,1,0,1.349926716949016,true
subsystem/subsystem-core/src/main/java/org/apache/aries/subsystem/core/internal/BundleResourceUninstaller.java,29.0,5.0,15.0,6.0,12.0,13.0,43.0,jwross@13f79535-47bb-0310-9956-ffa450edef68,1,0.003105590062111801,50.0,33.0,33.0,33.0,1812.086124401914,88151.04818116532,1,0,1.349926716949016,true
subsystem/subsystem-core/src/main/java/org/apache/aries/subsystem/core/internal/CompositeRepository.java,24.0,10.0,0.0,4.0,7.0,9.0,73.0,jwross@13f79535-47bb-0310-9956-ffa450edef68,1,0.003105590062111801,100.0,50.0,0.0,50.0,1812.086124401914,88151.04818116532,1,0,1.349926716949016,false
subsystem/subsystem-core/src/main/java/org/apache/aries/subsystem/core/internal/Constants.java,10.0,1.0,0.0,1.0,0.0,1.0,34.0,jwross@13f79535-47bb-0310-9956-ffa450edef68,1,0.003105590062111801,60.0,60.0,20.0,0.0,1812.086124401914,88151.04818116532,1,0,1.349926716949016,true
subsystem/subsystem-core/src/main/java/org/apache/aries/subsystem/core/internal/ContentRepository.java,37.0,10.0,16.0,8.0,14.0,19.0,76.0,jwross@13f79535-47bb-0310-9956-ffa450edef68,1,0.003105590062111801,100.0,50.0,0.0,50.0,1812.086124401914,88151.04818116532,1,0,1.349926716949016,false
subsystem/subsystem-core/src/main/java/org/apache/aries/subsystem/core/internal/DependencyCalculator.java,81.0,18.0,0.0,2.0,8.0,6.0,64.0,jwross@13f79535-47bb-0310-9956-ffa450edef68,1,0.003105590062111801,33.0,17.0,0.0,17.0,1812.086124401914,88151.04818116532,1,0,1.349926716949016,true
subsystem/subsystem-core/src/main/java/org/apache/aries/subsystem/core/internal/GetBundleContextAction.java,11.0,4.0,0.0,2.0,8.0,4.0,42.0,jwross@13f79535-47bb-0310-9956-ffa450edef68,1,0.003105590062111801,60.0,40.0,0.0,20.0,1812.086124401914,88151.04818116532,1,0,1.349926716949016,false
subsystem/subsystem-core/src/main/java/org/apache/aries/subsystem/core/internal/GetSubsystemHeadersAction.java,15.0,5.0,0.0,2.0,8.0,5.0,42.0,jwross@13f79535-47bb-0310-9956-ffa450edef68,1,0.003105590062111801,75.0,50.0,0.0,25.0,1812.086124401914,88151.04818116532,1,0,1.349926716949016,false
subsystem/subsystem-core/src/main/java/org/apache/aries/subsystem/core/internal/InstallAction.java,79.0,9.0,11.0,7.0,29.0,18.0,25.0,jwross@13f79535-47bb-0310-9956-ffa450edef68,1,0.003105590062111801,62.0,38.0,38.0,31.0,1812.086124401914,88151.04818116532,1,0,1.349926716949016,true
subsystem/subsystem-core/src/main/java/org/apache/aries/subsystem/core/internal/InstallResourceComparator.java,15.0,5.0,1.0,2.0,7.0,5.0,76.0,jwross@13f79535-47bb-0310-9956-ffa450edef68,1,0.003105590062111801,100.0,50.0,0.0,50.0,1812.086124401914,88151.04818116532,1,0,1.349926716949016,false
subsystem/subsystem-core/src/main/java/org/apache/aries/subsystem/core/internal/LocalRepository.java,17.0,8.0,1.0,3.0,7.0,8.0,73.0,jwross@13f79535-47bb-0310-9956-ffa450edef68,1,0.003105590062111801,100.0,50.0,0.0,50.0,1812.086124401914,88151.04818116532,1,0,1.349926716949016,false
subsystem/subsystem-core/src/main/java/org/apache/aries/subsystem/core/internal/Location.java,21.0,6.0,0.0,5.0,5.0,14.0,58.0,jwross@13f79535-47bb-0310-9956-ffa450edef68,1,0.003105590062111801,30.0,10.0,10.0,20.0,1812.086124401914,88151.04818116532,1,0,1.349926716949016,true
subsystem/subsystem-core/src/main/java/org/apache/aries/subsystem/core/internal/OsgiContentCapability.java,23.0,5.0,7.0,6.0,4.0,11.0,68.0,jwross@13f79535-47bb-0310-9956-ffa450edef68,1,0.003105590062111801,20.0,0.0,0.0,20.0,1812.086124401914,88151.04818116532,1,2,1.349926716949016,false
subsystem/subsystem-core/src/main/java/org/apache/aries/subsystem/core/internal/OsgiIdentityCapability.java,34.0,11.0,4.0,9.0,12.0,16.0,34.0,jwross@13f79535-47bb-0310-9956-ffa450edef68,1,0.003105590062111801,15.0,0.0,8.0,8.0,1812.086124401914,88151.04818116532,1,3,1.349926716949016,false
subsystem/subsystem-core/src/main/java/org/apache/aries/subsystem/core/internal/OsgiIdentityRequirement.java,58.0,12.0,59.0,14.0,22.0,27.0,68.0,jwross@13f79535-47bb-0310-9956-ffa450edef68,1,0.003105590062111801,9.0,0.0,0.0,9.0,1812.086124401914,88151.04818116532,1,4,1.349926716949016,true
subsystem/subsystem-core/src/main/java/org/apache/aries/subsystem/core/internal/PreferredProviderRepository.java,54.0,12.0,20.0,9.0,30.0,26.0,52.0,jwross@13f79535-47bb-0310-9956-ffa450edef68,1,0.003105590062111801,80.0,60.0,20.0,60.0,1812.086124401914,88151.04818116532,1,0,1.349926716949016,false
subsystem/subsystem-core/src/main/java/org/apache/aries/subsystem/core/internal/RawSubsystemResource.java,232.0,37.0,548.0,37.0,126.0,121.0,40.0,jwross@13f79535-47bb-0310-9956-ffa450edef68,1,0.003105590062111801,32.0,21.0,16.0,21.0,1812.086124401914,88151.04818116532,1,0,1.349926716949016,true
subsystem/subsystem-core/src/main/java/org/apache/aries/subsystem/core/internal/Region.java,21.0,7.0,6.0,4.0,6.0,9.0,52.0,jwross@13f79535-47bb-0310-9956-ffa450edef68,1,0.003105590062111801,100.0,50.0,0.0,100.0,1812.086124401914,88151.04818116532,1,0,1.349926716949016,false
subsystem/subsystem-core/src/main/java/org/apache/aries/subsystem/core/internal/RegionContextBundleHelper.java,41.0,11.0,0.0,4.0,24.0,15.0,47.0,jwross@13f79535-47bb-0310-9956-ffa450edef68,1,0.003105590062111801,23.0,15.0,8.0,15.0,1812.086124401914,88151.04818116532,1,2,1.349926716949016,true
subsystem/subsystem-core/src/main/java/org/apache/aries/subsystem/core/internal/RepositoryServiceRepository.java,38.0,12.0,4.0,4.0,11.0,11.0,31.0,jwross@13f79535-47bb-0310-9956-ffa450edef68,1,0.003105590062111801,100.0,50.0,0.0,0.0,1812.086124401914,88151.04818116532,1,0,1.349926716949016,false
subsystem/subsystem-core/src/main/java/org/apache/aries/subsystem/core/internal/ResourceHelper.java,66.0,18.0,36.0,9.0,30.0,25.0,46.0,jwross@13f79535-47bb-0310-9956-ffa450edef68,1,0.003105590062111801,29.0,14.0,14.0,14.0,1812.086124401914,88151.04818116532,1,0,1.349926716949016,true
subsystem/subsystem-core/src/main/java/org/apache/aries/subsystem/core/internal/ResourceInstaller.java,44.0,3.0,0.0,10.0,26.0,19.0,30.0,jwross@13f79535-47bb-0310-9956-ffa450edef68,1,0.003105590062111801,50.0,42.0,33.0,25.0,1812.086124401914,88151.04818116532,1,0,1.349926716949016,true
subsystem/subsystem-core/src/main/java/org/apache/aries/subsystem/core/internal/ResourceReferences.java,50.0,8.0,16.0,8.0,22.0,18.0,53.0,jwross@13f79535-47bb-0310-9956-ffa450edef68,1,0.003105590062111801,50.0,25.0,25.0,25.0,1812.086124401914,88151.04818116532,1,0,1.349926716949016,false
subsystem/subsystem-core/src/main/java/org/apache/aries/subsystem/core/internal/ResourceUninstaller.java,45.0,5.0,0.0,11.0,21.0,23.0,41.0,jwross@13f79535-47bb-0310-9956-ffa450edef68,1,0.003105590062111801,57.0,43.0,29.0,43.0,1812.086124401914,88151.04818116532,1,0,1.349926716949016,true
subsystem/subsystem-core/src/main/java/org/apache/aries/subsystem/core/internal/RootSubsystem.java,53.0,11.0,136.0,17.0,2.0,36.0,36.0,jwross@13f79535-47bb-0310-9956-ffa450edef68,1,0.003105590062111801,17.0,17.0,0.0,17.0,1812.086124401914,88151.04818116532,1,1,1.349926716949016,false
subsystem/subsystem-core/src/main/java/org/apache/aries/subsystem/core/internal/SecurityManager.java,19.0,2.0,10.0,5.0,6.0,8.0,45.0,jwross@13f79535-47bb-0310-9956-ffa450edef68,1,0.003105590062111801,100.0,50.0,0.0,0.0,1812.086124401914,88151.04818116532,1,0,1.349926716949016,false
subsystem/subsystem-core/src/main/java/org/apache/aries/subsystem/core/internal/SharingPolicyValidator.java,35.0,7.0,0.0,2.0,4.0,3.0,84.0,jwross@13f79535-47bb-0310-9956-ffa450edef68,1,0.003105590062111801,25.0,25.0,0.0,0.0,1812.086124401914,88151.04818116532,1,1,1.349926716949016,true
subsystem/subsystem-core/src/main/java/org/apache/aries/subsystem/core/internal/StartAction.java,41.0,9.0,0.0,2.0,20.0,7.0,28.0,jwross@13f79535-47bb-0310-9956-ffa450edef68,1,0.003105590062111801,29.0,14.0,10.0,19.0,1812.086124401914,88151.04818116532,1,0,1.349926716949016,true
subsystem/subsystem-core/src/main/java/org/apache/aries/subsystem/core/internal/StartResourceComparator.java,16.0,3.0,1.0,3.0,4.0,6.0,32.0,jwross@13f79535-47bb-0310-9956-ffa450edef68,1,0.003105590062111801,100.0,100.0,33.0,0.0,1812.086124401914,88151.04818116532,1,0,1.349926716949016,false
subsystem/subsystem-core/src/main/java/org/apache/aries/subsystem/core/internal/SubsystemGraph.java,84.0,9.0,0.0,8.0,31.0,23.0,34.0,jwross@13f79535-47bb-0310-9956-ffa450edef68,1,0.003105590062111801,67.0,50.0,50.0,33.0,1812.086124401914,88151.04818116532,1,0,1.349926716949016,false
subsystem/subsystem-core/src/main/java/org/apache/aries/subsystem/core/internal/SubsystemIdentifier.java,13.0,0.0,0.0,3.0,0.0,7.0,84.0,jwross@13f79535-47bb-0310-9956-ffa450edef68,1,0.003105590062111801,50.0,50.0,0.0,0.0,1812.086124401914,88151.04818116532,1,0,1.349926716949016,false
subsystem/subsystem-core/src/main/java/org/apache/aries/subsystem/core/internal/SubsystemManifestValidator.java,29.0,6.0,3.0,3.0,22.0,15.0,26.0,jwross@13f79535-47bb-0310-9956-ffa450edef68,1,0.003105590062111801,50.0,50.0,30.0,10.0,1812.086124401914,88151.04818116532,1,1,1.349926716949016,false
subsystem/subsystem-core/src/main/java/org/apache/aries/subsystem/core/internal/SubsystemResolverHook.java,41.0,12.0,10.0,5.0,33.0,15.0,23.0,jwross@13f79535-47bb-0310-9956-ffa450edef68,1,0.003105590062111801,30.0,20.0,10.0,20.0,1812.086124401914,88151.04818116532,1,1,1.349926716949016,false
subsystem/subsystem-core/src/main/java/org/apache/aries/subsystem/core/internal/SubsystemResource.java,236.0,27.0,601.0,47.0,120.0,123.0,25.0,jwross@13f79535-47bb-0310-9956-ffa450edef68,1,0.003105590062111801,39.0,19.0,19.0,19.0,1812.086124401914,88151.04818116532,1,0,1.349926716949016,true
subsystem/subsystem-core/src/main/java/org/apache/aries/subsystem/core/internal/SubsystemResourceInstaller.java,30.0,5.0,10.0,5.0,15.0,12.0,32.0,jwross@13f79535-47bb-0310-9956-ffa450edef68,1,0.003105590062111801,43.0,36.0,29.0,29.0,1812.086124401914,88151.04818116532,1,0,1.349926716949016,true
subsystem/subsystem-core/src/main/java/org/apache/aries/subsystem/core/internal/SubsystemResourceUninstaller.java,57.0,7.0,21.0,7.0,34.0,22.0,37.0,jwross@13f79535-47bb-0310-9956-ffa450edef68,1,0.003105590062111801,56.0,44.0,33.0,44.0,1812.086124401914,88151.04818116532,1,0,1.349926716949016,true
subsystem/subsystem-core/src/main/java/org/apache/aries/subsystem/core/internal/SubsystemServiceRegistrar.java,84.0,13.0,13.0,10.0,60.0,29.0,37.0,jwross@13f79535-47bb-0310-9956-ffa450edef68,1,0.003105590062111801,44.0,44.0,22.0,22.0,1812.086124401914,88151.04818116532,1,1,1.349926716949016,false
subsystem/subsystem-core/src/main/java/org/apache/aries/subsystem/core/internal/SubsystemUri.java,53.0,12.0,0.0,6.0,13.0,19.0,0.0,davidb@13f79535-47bb-0310-9956-ffa450edef68,0,0.0,0.0,0.0,0.0,0.0,0.0,0.0,0,2,0.0,false
subsystem/subsystem-core/src/main/java/org/apache/aries/subsystem/core/internal/Subsystems.java,120.0,9.0,172.0,24.0,38.0,50.0,32.0,jwross@13f79535-47bb-0310-9956-ffa450edef68,1,0.003105590062111801,43.0,36.0,29.0,29.0,1812.086124401914,88151.04818116532,1,0,1.349926716949016,true
subsystem/subsystem-core/src/main/java/org/apache/aries/subsystem/core/internal/SystemRepository.java,22.0,8.0,4.0,4.0,9.0,9.0,44.0,jwross@13f79535-47bb-0310-9956-ffa450edef68,1,0.003105590062111801,80.0,60.0,20.0,40.0,1812.086124401914,88151.04818116532,1,0,1.349926716949016,false
subsystem/subsystem-core/src/main/java/org/apache/aries/subsystem/core/internal/TargetRegion.java,33.0,4.0,0.0,5.0,20.0,18.0,46.0,jwross@13f79535-47bb-0310-9956-ffa450edef68,1,0.003105590062111801,50.0,50.0,25.0,0.0,1812.086124401914,88151.04818116532,1,0,1.349926716949016,false
subsystem/subsystem-core/src/main/java/org/apache/aries/subsystem/core/internal/ThreadLocalSubsystem.java,11.0,0.0,0.0,2.0,3.0,3.0,84.0,jwross@13f79535-47bb-0310-9956-ffa450edef68,1,0.003105590062111801,33.0,33.0,0.0,0.0,1812.086124401914,88151.04818116532,1,0,1.349926716949016,false
subsystem/subsystem-core/src/main/java/org/apache/aries/subsystem/core/internal/Utils.java,12.0,1.0,3.0,3.0,14.0,8.0,41.0,jwross@13f79535-47bb-0310-9956-ffa450edef68,1,0.003105590062111801,50.0,38.0,25.0,38.0,1812.086124401914,88151.04818116532,1,0,1.349926716949016,true
subsystem/subsystem-itests/src/test/java/org/apache/aries/subsystem/itests/ApplicationTest.java,154.0,29.0,104.0,17.0,75.0,51.0,39.0,jwross@13f79535-47bb-0310-9956-ffa450edef68,2,0.006211180124223602,17.0,0.0,0.0,8.0,1997.1449479313258,90905.04818116532,2,2,1.0481592060138865,true
subsystem/subsystem-itests/src/test/java/org/apache/aries/subsystem/itests/BasicTest.java,96.0,17.0,10.0,5.0,35.0,22.0,10.0,jwross@13f79535-47bb-0310-9956-ffa450edef68,1,0.003105590062111801,10.0,0.0,0.0,0.0,185.05882352941177,2754.0,1,1,2.132686056198648,false
subsystem/subsystem-itests/src/test/java/org/apache/aries/subsystem/itests/CompositeTest.java,181.0,11.0,81.0,18.0,57.0,47.0,84.0,jwross@13f79535-47bb-0310-9956-ffa450edef68,1,0.003105590062111801,10.0,10.0,0.0,0.0,1812.086124401914,88151.04818116532,1,1,1.349926716949016,false
subsystem/subsystem-itests/src/test/java/org/apache/aries/subsystem/itests/DependencyLifeCycleTest.java,86.0,12.0,0.0,10.0,39.0,26.0,84.0,cschneider@13f79535-47bb-0310-9956-ffa450edef68,1,0.003105590062111801,25.0,25.0,0.0,0.0,1812.086124401914,88151.04818116532,1,0,1.349926716949016,false
subsystem/subsystem-itests/src/test/java/org/apache/aries/subsystem/itests/FeatureTest.java,217.0,19.0,91.0,14.0,97.0,47.0,28.0,jwross@13f79535-47bb-0310-9956-ffa450edef68,2,0.006211180124223602,22.0,13.0,9.0,13.0,1997.1449479313258,90905.04818116532,2,5,1.0060761612607545,true
subsystem/subsystem-itests/src/test/java/org/apache/aries/subsystem/itests/InstallTest.java,38.0,12.0,3.0,3.0,13.0,11.0,8.0,jwross@13f79535-47bb-0310-9956-ffa450edef68,1,0.003105590062111801,10.0,5.0,0.0,0.0,185.05882352941177,2754.0,1,3,2.132686056198648,true
subsystem/subsystem-itests/src/test/java/org/apache/aries/subsystem/itests/IntegrationTest.java,122.0,24.0,79.0,14.0,44.0,49.0,0.0,jwross@13f79535-47bb-0310-9956-ffa450edef68,0,0.0,0.0,0.0,0.0,0.0,0.0,0.0,0,1,0.0,false
subsystem/subsystem-itests/src/test/java/org/apache/aries/subsystem/itests/ProvisionPolicyTest.java,161.0,13.0,42.0,16.0,54.0,44.0,84.0,cschneider@13f79535-47bb-0310-9956-ffa450edef68,1,0.003105590062111801,25.0,25.0,0.0,0.0,1812.086124401914,88151.04818116532,1,0,1.349926716949016,false
subsystem/subsystem-itests/src/test/java/org/apache/aries/subsystem/itests/RootSubsystemTest.java,38.0,8.0,15.0,6.0,28.0,8.0,84.0,jwross@13f79535-47bb-0310-9956-ffa450edef68,1,0.003105590062111801,7.0,7.0,0.0,0.0,1812.086124401914,88151.04818116532,1,1,1.349926716949016,true
subsystem/subsystem-itests/src/test/java/org/apache/aries/subsystem/itests/SubsystemTest.java,531.0,56.0,3605.0,87.0,279.0,181.0,23.0,jwross@13f79535-47bb-0310-9956-ffa450edef68,2,0.006211180124223602,14.0,3.0,3.0,9.0,1997.1449479313258,90905.04818116532,2,8,1.0880678810226097,true
subsystem/subsystem-itests/src/test/java/org/apache/aries/subsystem/itests/obr/felix/FelixCapabilityAdapter.java,27.0,5.0,2.0,5.0,8.0,12.0,37.0,cschneider@13f79535-47bb-0310-9956-ffa450edef68,1,0.003105590062111801,67.0,0.0,0.0,67.0,1812.086124401914,88151.04818116532,1,0,1.349926716949016,false
subsystem/subsystem-itests/src/test/java/org/apache/aries/subsystem/itests/obr/felix/FelixProperty.java,33.0,6.0,7.0,7.0,4.0,16.0,22.0,jwross@13f79535-47bb-0310-9956-ffa450edef68,1,0.003105590062111801,100.0,0.0,0.0,100.0,1812.086124401914,88151.04818116532,1,0,1.349926716949016,false
subsystem/subsystem-itests/src/test/java/org/apache/aries/subsystem/itests/obr/felix/FelixRepositoryAdapter.java,91.0,21.0,0.0,4.0,27.0,16.0,37.0,jwross@13f79535-47bb-0310-9956-ffa450edef68,1,0.003105590062111801,100.0,0.0,0.0,100.0,1812.086124401914,88151.04818116532,1,0,1.349926716949016,false
subsystem/subsystem-itests/src/test/java/org/apache/aries/subsystem/itests/obr/felix/FelixRequirementAdapter.java,31.0,8.0,1.0,6.0,9.0,14.0,22.0,jwross@13f79535-47bb-0310-9956-ffa450edef68,1,0.003105590062111801,100.0,0.0,0.0,100.0,1812.086124401914,88151.04818116532,1,0,1.349926716949016,false
subsystem/subsystem-itests/src/test/java/org/apache/aries/subsystem/itests/obr/felix/FelixResourceAdapter.java,63.0,13.0,9.0,7.0,26.0,22.0,37.0,jwross@13f79535-47bb-0310-9956-ffa450edef68,1,0.003105590062111801,100.0,0.0,0.0,100.0,1812.086124401914,88151.04818116532,1,0,1.349926716949016,false
subsystem/subsystem-itests/src/test/java/org/apache/aries/subsystem/itests/obr/felix/OsgiCapabilityAdapter.java,37.0,7.0,0.0,6.0,19.0,16.0,22.0,jwross@13f79535-47bb-0310-9956-ffa450edef68,1,0.003105590062111801,100.0,0.0,0.0,100.0,1812.086124401914,88151.04818116532,1,0,1.349926716949016,false
subsystem/subsystem-itests/src/test/java/org/apache/aries/subsystem/itests/obr/felix/OsgiRequirementAdapter.java,37.0,9.0,8.0,8.0,9.0,18.0,37.0,jwross@13f79535-47bb-0310-9956-ffa450edef68,1,0.003105590062111801,100.0,0.0,0.0,100.0,1812.086124401914,88151.04818116532,1,0,1.349926716949016,false
subsystem/subsystem-itests/src/test/java/org/apache/aries/subsystem/itests/obr/felix/OsgiResourceAdapter.java,48.0,9.0,10.0,12.0,15.0,27.0,37.0,cschneider@13f79535-47bb-0310-9956-ffa450edef68,1,0.003105590062111801,67.0,0.0,0.0,67.0,1812.086124401914,88151.04818116532,1,0,1.349926716949016,false
subsystem/subsystem-itests/src/test/java/org/apache/aries/subsystem/itests/obr/felix/RepositoryAdminRepository.java,51.0,16.0,1.0,3.0,18.0,11.0,22.0,jwross@13f79535-47bb-0310-9956-ffa450edef68,1,0.003105590062111801,100.0,0.0,0.0,100.0,1812.086124401914,88151.04818116532,1,0,1.349926716949016,false
subsystem/subsystem-itests/src/test/java/org/apache/aries/subsystem/itests/util/RepositoryDescriptorGenerator.java,119.0,15.0,45.0,10.0,81.0,25.0,68.0,jwross@13f79535-47bb-0310-9956-ffa450edef68,1,0.003105590062111801,25.0,0.0,0.0,25.0,1812.086124401914,88151.04818116532,1,1,1.349926716949016,false
subsystem/subsystem-itests/src/test/java/org/apache/aries/subsystem/itests/util/RepositoryGenerator.java,221.0,34.0,229.0,23.0,79.0,65.0,45.0,jwross@13f79535-47bb-0310-9956-ffa450edef68,1,0.003105590062111801,20.0,0.0,0.0,20.0,1812.086124401914,88151.04818116532,1,2,1.349926716949016,false
subsystem/subsystem-itests/src/test/java/org/apache/aries/subsystem/itests/util/TestCapability.java,49.0,5.0,2.0,5.0,2.0,11.0,84.0,jwross@13f79535-47bb-0310-9956-ffa450edef68,1,0.003105590062111801,33.0,33.0,0.0,0.0,1812.086124401914,88151.04818116532,1,2,1.349926716949016,false
subsystem/subsystem-itests/src/test/java/org/apache/aries/subsystem/itests/util/TestRepository.java,35.0,10.0,0.0,2.0,6.0,5.0,76.0,jwross@13f79535-47bb-0310-9956-ffa450edef68,1,0.003105590062111801,50.0,25.0,0.0,25.0,1812.086124401914,88151.04818116532,1,2,1.349926716949016,false
subsystem/subsystem-itests/src/test/java/org/apache/aries/subsystem/itests/util/TestRepositoryContent.java,35.0,6.0,0.0,2.0,0.0,5.0,84.0,jwross@13f79535-47bb-0310-9956-ffa450edef68,1,0.003105590062111801,20.0,20.0,0.0,0.0,1812.086124401914,88151.04818116532,1,4,1.349926716949016,false
subsystem/subsystem-itests/src/test/java/org/apache/aries/subsystem/itests/util/TestResource.java,38.0,6.0,0.0,3.0,16.0,10.0,84.0,jwross@13f79535-47bb-0310-9956-ffa450edef68,1,0.003105590062111801,33.0,33.0,0.0,0.0,1812.086124401914,88151.04818116532,1,2,1.349926716949016,false
testsupport/testsupport-unit/src/main/java/org/apache/aries/itest/ExtraOptions.java,101.0,18.0,36.0,9.0,43.0,36.0,8.0,cumminsh@13f79535-47bb-0310-9956-ffa450edef68,1,0.003105590062111801,33.0,0.0,0.0,0.0,973.8775510204082,2692.188535361289,1,0,1.0134544803278027,true
transaction/transaction-manager/src/main/java/org/apache/aries/transaction/Activator.java,45.0,9.0,2.0,4.0,13.0,11.0,20.0,gnodet@13f79535-47bb-0310-9956-ffa450edef68,2,0.006211180124223602,50.0,17.0,17.0,0.0,1129.2108843537414,2936.9390944240045,2,1,1.5066707925492615,true
transaction/transaction-manager/src/main/java/org/apache/aries/transaction/TransactionManagerService.java,144.0,23.0,0.0,6.0,25.0,26.0,1.0,gnodet@13f79535-47bb-0310-9956-ffa450edef68,1,0.003105590062111801,22.0,11.0,0.0,0.0,155.33333333333334,244.7505590627158,1,1,2.70805020110221,true
transaction/transaction-wrappers/src/main/java/org/apache/aries/transaction/jdbc/ConnectionWrapper.java,264.0,23.0,0.0,52.0,90.0,153.0,3.0,cumminsh@13f79535-47bb-0310-9956-ffa450edef68,1,0.003105590062111801,25.0,0.0,0.0,0.0,973.8775510204082,2692.188535361289,1,1,1.0134544803278027,false
transaction/transaction-wrappers/src/main/java/org/apache/aries/transaction/jdbc/XADatasourceEnlistingWrapper.java,127.0,15.0,27.0,15.0,30.0,43.0,3.0,cumminsh@13f79535-47bb-0310-9956-ffa450edef68,1,0.003105590062111801,25.0,0.0,0.0,0.0,973.8775510204082,2692.188535361289,1,1,1.0134544803278027,false
util/util/src/main/java/org/apache/aries/util/tracker/hook/BundleHookBundleTracker.java,434.0,14.0,7.0,6.0,9.0,11.0,1.0,gnodet@13f79535-47bb-0310-9956-ffa450edef68,1,0.003105590062111801,50.0,0.0,0.0,0.0,155.33333333333334,244.7505590627158,1,0,2.70805020110221,true
versioning/versioning-checker/src/main/java/org/apache/aries/versioning/utils/ClassDeclaration.java,473.0,13.0,529.0,35.0,162.0,110.0,0.0,ejiang@13f79535-47bb-0310-9956-ffa450edef68,0,0.0,0.0,0.0,0.0,0.0,0.0,0.0,0,2,0.0,false
