name,LOC,CBO,LCOM,NOM,RFC,WMC,ACS,Ownership,numOfChanges,numberOfFIChanges,ENH,NF,BugFixing,REF,structuralWorkloadSum,semanticWorkloadSum,numberOfDeveloper,pastFaults,MAF,isBuggy
application/application-itests/src/test/java/org/apache/aries/application/runtime/itests/BasicAppManagerTest.java,65.0,21.0,21.0,7.0,61.0,20.0,11.0,null,1,0.003875968992248062,18.0,9.0,9.0,0.0,1026.111111111111,19184.4,1,2,2.4799926349855714,true
application/application-itests/src/test/java/org/apache/aries/application/runtime/itests/BasicNoOpResolverTest.java,50.0,21.0,15.0,6.0,47.0,18.0,11.0,null,1,0.003875968992248062,20.0,10.0,10.0,0.0,1026.111111111111,19184.4,1,2,2.4799926349855714,true
application/application-itests/src/test/java/org/apache/aries/application/runtime/itests/IsolatedCfgAdminRuntimeTest.java,287.0,48.0,62.0,12.0,68.0,39.0,11.0,jwross@13f79535-47bb-0310-9956-ffa450edef68,1,0.003875968992248062,29.0,14.0,14.0,0.0,1026.111111111111,19184.4,1,0,2.4799926349855714,true
application/application-itests/src/test/java/org/apache/aries/application/runtime/itests/IsolatedRuntimeTest.java,137.0,37.0,105.0,15.0,113.0,48.0,11.0,mahrwald@13f79535-47bb-0310-9956-ffa450edef68,1,0.003875968992248062,14.0,7.0,7.0,0.0,1026.111111111111,19184.4,1,4,2.4799926349855714,true
application/application-itests/src/test/java/org/apache/aries/application/runtime/itests/MinimumImportsTest.java,76.0,31.0,10.0,5.0,50.0,18.0,11.0,null,1,0.003875968992248062,20.0,10.0,10.0,0.0,1026.111111111111,19184.4,1,2,2.4799926349855714,true
application/application-itests/src/test/java/org/apache/aries/application/runtime/itests/OBRAppManagerTest.java,62.0,28.0,10.0,5.0,50.0,17.0,11.0,null,1,0.003875968992248062,20.0,10.0,10.0,0.0,1026.111111111111,19184.4,1,2,2.4799926349855714,true
application/application-itests/src/test/java/org/apache/aries/application/runtime/itests/OBRResolverAdvancedTest.java,272.0,56.0,50.0,12.0,147.0,44.0,11.0,null,1,0.003875968992248062,12.0,6.0,6.0,0.0,1026.111111111111,19184.4,1,3,2.4799926349855714,true
application/application-itests/src/test/java/org/apache/aries/application/runtime/itests/OBRResolverTest.java,142.0,50.0,54.0,12.0,106.0,35.0,11.0,null,1,0.003875968992248062,17.0,8.0,8.0,0.0,1026.111111111111,19184.4,1,2,2.4799926349855714,true
application/application-itests/src/test/java/org/apache/aries/application/runtime/itests/UpdateAppTest.java,115.0,43.0,99.0,15.0,109.0,47.0,11.0,null,1,0.003875968992248062,20.0,10.0,10.0,0.0,1026.111111111111,19184.4,1,2,2.4799926349855714,true
application/application-itests/src/test/java/org/ops4j/pax/runner/platform/equinox/internal/SsActivator.java,8.0,3.0,0.0,1.0,0.0,3.0,10.0,jbonofre@13f79535-47bb-0310-9956-ffa450edef68,1,0.003875968992248062,33.0,0.0,33.0,0.0,1026.111111111111,19184.4,1,0,2.4799926349855714,true
application/application-modeller/src/main/java/org/apache/aries/application/modelling/impl/AbstractParserProxy.java,250.0,42.0,57.0,15.0,79.0,54.0,1.0,mahrwald@13f79535-47bb-0310-9956-ffa450edef68,1,0.003875968992248062,12.0,0.0,0.0,0.0,519.925925925926,1616.0414045212324,1,3,0.33992647148930055,true
application/application-utils/src/main/java/org/apache/aries/application/utils/manifest/ContentFactory.java,20.0,4.0,1.0,2.0,1.0,6.0,2.0,cumminsh@13f79535-47bb-0310-9956-ffa450edef68,1,0.003875968992248062,33.0,33.0,0.0,0.0,519.925925925926,1616.0414045212324,1,1,0.33992647148930055,false
application/application-utils/src/main/java/org/apache/aries/application/utils/service/ExportedServiceHelper.java,85.0,10.0,10.0,5.0,25.0,16.0,2.0,cumminsh@13f79535-47bb-0310-9956-ffa450edef68,1,0.003875968992248062,50.0,50.0,0.0,0.0,519.925925925926,1616.0414045212324,1,0,0.33992647148930055,false
blueprint/blueprint-cm/src/main/java/org/apache/aries/blueprint/compendium/cm/BaseManagedServiceFactory.java,181.0,14.0,91.0,18.0,52.0,53.0,4.0,gnodet@13f79535-47bb-0310-9956-ffa450edef68,1,0.003875968992248062,100.0,0.0,100.0,100.0,1264.111111111111,21316.0,1,0,2.156205557891674,false
blueprint/blueprint-cm/src/main/java/org/apache/aries/blueprint/compendium/cm/CmManagedProperties.java,209.0,25.0,134.0,24.0,55.0,52.0,11.0,cschneider@13f79535-47bb-0310-9956-ffa450edef68,1,0.003875968992248062,14.0,0.0,0.0,0.0,1264.111111111111,21316.0,1,0,2.156205557891674,true
blueprint/blueprint-cm/src/main/java/org/apache/aries/blueprint/compendium/cm/CmManagedServiceFactory.java,199.0,23.0,244.0,25.0,62.0,61.0,2.0,null,2,0.007751937984496124,33.0,11.0,11.0,11.0,1784.037037037037,22932.04140452123,2,0,0.9142650274627366,true
blueprint/blueprint-cm/src/main/java/org/apache/aries/blueprint/compendium/cm/CmNamespaceHandler.java,518.0,43.0,482.0,33.0,222.0,103.0,7.0,gnodet@13f79535-47bb-0310-9956-ffa450edef68,1,0.003875968992248062,27.0,0.0,9.0,9.0,1264.111111111111,21316.0,1,2,2.156205557891674,true
blueprint/blueprint-cm/src/main/java/org/apache/aries/blueprint/compendium/cm/CmProperties.java,112.0,13.0,77.0,18.0,24.0,36.0,6.0,mahrwald@13f79535-47bb-0310-9956-ffa450edef68,1,0.003875968992248062,33.0,0.0,0.0,0.0,1264.111111111111,21316.0,1,0,2.156205557891674,false
blueprint/blueprint-cm/src/main/java/org/apache/aries/blueprint/compendium/cm/ManagedObjectManager.java,60.0,11.0,0.0,2.0,15.0,4.0,11.0,jbonofre@13f79535-47bb-0310-9956-ffa450edef68,1,0.003875968992248062,25.0,0.0,0.0,0.0,1264.111111111111,21316.0,1,0,2.156205557891674,true
blueprint/blueprint-cm/src/test/java/org/apache/aries/blueprint/compendium/cm/BaseTest.java,55.0,7.0,3.0,10.0,13.0,24.0,11.0,cschneider@13f79535-47bb-0310-9956-ffa450edef68,1,0.003875968992248062,50.0,0.0,0.0,0.0,1264.111111111111,21316.0,1,0,2.156205557891674,true
blueprint/blueprint-cm/src/test/java/org/apache/aries/blueprint/compendium/cm/CmPropertiesTest.java,22.0,10.0,1.0,2.0,15.0,4.0,6.0,cschneider@13f79535-47bb-0310-9956-ffa450edef68,1,0.003875968992248062,50.0,0.0,0.0,0.0,1264.111111111111,21316.0,1,0,2.156205557891674,false
blueprint/blueprint-cm/src/test/java/org/apache/aries/blueprint/compendium/cm/Foo.java,25.0,1.0,15.0,7.0,0.0,10.0,9.0,cschneider@13f79535-47bb-0310-9956-ffa450edef68,1,0.003875968992248062,33.0,0.0,0.0,0.0,1264.111111111111,21316.0,1,0,2.156205557891674,true
blueprint/blueprint-cm/src/test/java/org/apache/aries/blueprint/compendium/cm/FooInterface.java,3.0,1.0,0.0,1.0,0.0,1.0,11.0,cschneider@13f79535-47bb-0310-9956-ffa450edef68,1,0.003875968992248062,50.0,0.0,0.0,0.0,1264.111111111111,21316.0,1,0,2.156205557891674,true
blueprint/blueprint-cm/src/test/java/org/apache/aries/blueprint/compendium/cm/Helper.java,596.0,41.0,837.0,43.0,167.0,159.0,11.0,gnodet@13f79535-47bb-0310-9956-ffa450edef68,1,0.003875968992248062,50.0,0.0,0.0,0.0,1264.111111111111,21316.0,1,0,2.156205557891674,true
blueprint/blueprint-cm/src/test/java/org/apache/aries/blueprint/compendium/cm/ManagedServiceFactoryTest.java,80.0,9.0,6.0,4.0,42.0,8.0,7.0,gnodet@13f79535-47bb-0310-9956-ffa450edef68,1,0.003875968992248062,33.0,0.0,17.0,17.0,1264.111111111111,21316.0,1,0,2.156205557891674,true
blueprint/blueprint-core/src/main/java/org/apache/aries/blueprint/container/AbstractServiceReferenceRecipe.java,460.0,38.0,577.0,38.0,115.0,113.0,2.0,gnodet@13f79535-47bb-0310-9956-ffa450edef68,1,0.003875968992248062,10.0,0.0,0.0,0.0,1264.111111111111,21316.0,1,0,2.156205557891674,true
blueprint/blueprint-core/src/main/java/org/apache/aries/blueprint/container/AggregateConverter.java,439.0,32.0,195.0,22.0,125.0,93.0,2.0,mahrwald@13f79535-47bb-0310-9956-ffa450edef68,1,0.003875968992248062,25.0,0.0,0.0,0.0,1264.111111111111,21316.0,1,0,2.156205557891674,true
blueprint/blueprint-core/src/main/java/org/apache/aries/blueprint/container/BeanRecipe.java,860.0,36.0,885.0,47.0,194.0,151.0,2.0,null,1,0.003875968992248062,20.0,0.0,0.0,0.0,1264.111111111111,21316.0,1,1,2.156205557891674,true
blueprint/blueprint-core/src/main/java/org/apache/aries/blueprint/container/BlueprintContainerImpl.java,747.0,74.0,586.0,48.0,247.0,156.0,2.0,null,1,0.003875968992248062,16.0,3.0,6.0,3.0,1264.111111111111,21316.0,1,3,2.156205557891674,true
blueprint/blueprint-core/src/main/java/org/apache/aries/blueprint/container/BlueprintDomainCombiner.java,12.0,5.0,0.0,3.0,1.0,5.0,3.0,gnodet@13f79535-47bb-0310-9956-ffa450edef68,1,0.003875968992248062,100.0,0.0,100.0,0.0,1264.111111111111,21316.0,1,0,2.156205557891674,false
blueprint/blueprint-core/src/main/java/org/apache/aries/blueprint/container/BlueprintProtectionDomain.java,15.0,3.0,0.0,2.0,2.0,4.0,3.0,gnodet@13f79535-47bb-0310-9956-ffa450edef68,1,0.003875968992248062,100.0,0.0,100.0,0.0,1264.111111111111,21316.0,1,0,2.156205557891674,false
blueprint/blueprint-core/src/main/java/org/apache/aries/blueprint/container/ReferenceListRecipe.java,304.0,17.0,7.0,7.0,24.0,25.0,1.0,gnodet@13f79535-47bb-0310-9956-ffa450edef68,1,0.003875968992248062,8.0,0.0,8.0,0.0,1264.111111111111,21316.0,1,3,2.156205557891674,true
blueprint/blueprint-core/src/main/java/org/apache/aries/blueprint/container/ReferenceRecipe.java,214.0,21.0,18.0,13.0,51.0,47.0,1.0,gnodet@13f79535-47bb-0310-9956-ffa450edef68,1,0.003875968992248062,12.0,0.0,0.0,0.0,1264.111111111111,21316.0,1,4,2.156205557891674,true
blueprint/blueprint-core/src/main/java/org/apache/aries/blueprint/container/Voidable.java,3.0,0.0,0.0,1.0,0.0,1.0,1.0,cumminsh@13f79535-47bb-0310-9956-ffa450edef68,1,0.003875968992248062,50.0,50.0,0.0,0.0,519.925925925926,1616.0414045212324,1,0,0.33992647148930055,false
blueprint/blueprint-core/src/main/java/org/apache/aries/blueprint/di/MapRecipe.java,124.0,14.0,16.0,8.0,21.0,34.0,4.0,cumminsh@13f79535-47bb-0310-9956-ffa450edef68,1,0.003875968992248062,33.0,33.0,0.0,0.0,519.925925925926,1616.0414045212324,1,0,0.33992647148930055,true
blueprint/blueprint-core/src/test/java/org/apache/aries/blueprint/WiringTest.java,351.0,38.0,171.0,19.0,139.0,42.0,4.0,timothyjward@13f79535-47bb-0310-9956-ffa450edef68,1,0.003875968992248062,20.0,20.0,0.0,0.0,519.925925925926,1616.0414045212324,1,0,0.33992647148930055,true
blueprint/blueprint-core/src/test/java/org/apache/aries/blueprint/container/AggregateConverterTest.java,209.0,14.0,0.0,13.0,48.0,28.0,2.0,gnodet@13f79535-47bb-0310-9956-ffa450edef68,1,0.003875968992248062,33.0,0.0,0.0,0.0,1264.111111111111,21316.0,1,0,2.156205557891674,true
blueprint/blueprint-core/src/test/java/org/apache/aries/blueprint/container/BeanRecipeTest.java,104.0,9.0,15.0,6.0,37.0,14.0,2.0,gnodet@13f79535-47bb-0310-9956-ffa450edef68,1,0.003875968992248062,40.0,20.0,20.0,0.0,1264.111111111111,21316.0,1,0,2.156205557891674,true
blueprint/blueprint-core/src/test/java/org/apache/aries/blueprint/pojos/Multiple.java,49.0,2.0,91.0,15.0,1.0,22.0,4.0,cumminsh@13f79535-47bb-0310-9956-ffa450edef68,1,0.003875968992248062,50.0,50.0,0.0,0.0,519.925925925926,1616.0414045212324,1,0,0.33992647148930055,false
blueprint/blueprint-itests/src/test/java/org/apache/aries/blueprint/itests/TestConfigAdmin.java,99.0,19.0,10.0,5.0,66.0,11.0,1.0,gnodet@13f79535-47bb-0310-9956-ffa450edef68,2,0.007751937984496124,38.0,12.0,25.0,0.0,1784.037037037037,22932.04140452123,2,0,0.9142650274627366,false
ejb/ejb-modeller/src/main/java/org/apache/aries/ejb/modelling/impl/IDirectoryFinder.java,61.0,13.0,0.0,3.0,7.0,10.0,4.0,cumminsh@13f79535-47bb-0310-9956-ffa450edef68,1,0.003875968992248062,50.0,50.0,0.0,0.0,519.925925925926,1616.0414045212324,1,0,0.33992647148930055,false
esa-maven-plugin/src/main/java/org/apache/aries/plugin/esa/EsaMojo.java,367.0,20.0,56.0,16.0,108.0,64.0,18.0,gawor@13f79535-47bb-0310-9956-ffa450edef68,1,0.003875968992248062,29.0,29.0,0.0,14.0,31.555555555555554,67.54521188122355,1,0,5.313205979041787,true
esa-maven-plugin/src/test/java/org/apache/aries/plugin/esa/EsaMojoTest.java,200.0,11.0,36.0,9.0,91.0,28.0,18.0,gawor@13f79535-47bb-0310-9956-ffa450edef68,1,0.003875968992248062,22.0,22.0,0.0,11.0,31.555555555555554,67.54521188122355,1,0,5.313205979041787,true
esa-maven-plugin/src/test/java/org/apache/aries/plugin/esa/stubs/EsaArtifactStub.java,53.0,2.0,79.0,14.0,4.0,25.0,32.0,davidb@13f79535-47bb-0310-9956-ffa450edef68,1,0.003875968992248062,50.0,50.0,0.0,50.0,31.555555555555554,67.54521188122355,1,0,5.313205979041787,true
esa-maven-plugin/src/test/java/org/apache/aries/plugin/esa/stubs/EsaMavenProjectStub.java,75.0,11.0,55.0,11.0,29.0,28.0,32.0,gawor@13f79535-47bb-0310-9956-ffa450edef68,1,0.003875968992248062,50.0,50.0,0.0,50.0,31.555555555555554,67.54521188122355,1,0,5.313205979041787,true
esa-maven-plugin/src/test/java/org/apache/aries/plugin/esa/stubs/EsaMavenProjectStub2.java,5.0,1.0,0.0,1.0,1.0,2.0,32.0,gcc@13f79535-47bb-0310-9956-ffa450edef68,1,0.003875968992248062,100.0,100.0,0.0,100.0,31.555555555555554,67.54521188122355,1,0,5.313205979041787,false
esa-maven-plugin/src/test/java/org/apache/aries/plugin/esa/stubs/EsaMavenProjectStub3.java,5.0,1.0,0.0,1.0,1.0,3.0,32.0,gcc@13f79535-47bb-0310-9956-ffa450edef68,1,0.003875968992248062,100.0,100.0,0.0,100.0,31.555555555555554,67.54521188122355,1,0,5.313205979041787,false
esa-maven-plugin/src/test/java/org/apache/aries/plugin/esa/stubs/EsaMavenProjectStub4.java,5.0,1.0,0.0,1.0,1.0,3.0,32.0,gcc@13f79535-47bb-0310-9956-ffa450edef68,1,0.003875968992248062,100.0,100.0,0.0,100.0,31.555555555555554,67.54521188122355,1,0,5.313205979041787,false
esa-maven-plugin/src/test/java/org/apache/aries/plugin/esa/stubs/EsaMavenProjectStub5.java,5.0,1.0,0.0,1.0,1.0,2.0,32.0,gcc@13f79535-47bb-0310-9956-ffa450edef68,1,0.003875968992248062,100.0,100.0,0.0,100.0,31.555555555555554,67.54521188122355,1,0,5.313205979041787,false
esa-maven-plugin/src/test/java/org/apache/aries/plugin/esa/stubs/EsaMavenProjectStub6.java,5.0,1.0,0.0,1.0,1.0,2.0,32.0,gcc@13f79535-47bb-0310-9956-ffa450edef68,1,0.003875968992248062,100.0,100.0,0.0,100.0,31.555555555555554,67.54521188122355,1,0,5.313205979041787,false
jmx/jmx-core/src/main/java/org/apache/aries/jmx/AbstractCompendiumHandler.java,102.0,8.0,4.0,9.0,28.0,24.0,1.0,gnodet@13f79535-47bb-0310-9956-ffa450edef68,1,0.003875968992248062,12.0,0.0,12.0,0.0,1264.111111111111,21316.0,1,1,2.156205557891674,true
jpa/jpa-container/src/main/java/org/apache/aries/jpa/container/impl/EntityManagerFactoryManager.java,346.0,26.0,0.0,19.0,131.0,65.0,2.0,cschneider@13f79535-47bb-0310-9956-ffa450edef68,1,0.003875968992248062,6.0,6.0,6.0,0.0,30.0,3.1754545520320123,1,1,6.0063531596017325,true
jpa/jpa-container/src/main/java/org/apache/aries/jpa/container/parsing/impl/PersistenceDescriptorParserImpl.java,47.0,13.0,0.0,1.0,16.0,5.0,6.0,timothyjward@13f79535-47bb-0310-9956-ffa450edef68,1,0.003875968992248062,14.0,0.0,14.0,0.0,34.0,9.472601717923036,1,2,6.0063531596017325,true
jpa/jpa-container/src/main/java/org/apache/aries/jpa/container/parsing/impl/SchemaLocatingHandler.java,57.0,9.0,3.0,3.0,11.0,14.0,6.0,cschneider@13f79535-47bb-0310-9956-ffa450edef68,1,0.003875968992248062,33.0,0.0,33.0,0.0,34.0,9.472601717923036,1,0,6.0063531596017325,true
jpa/jpa-container/src/test/java/org/apache/aries/jpa/container/PersistenceBundleLifecycleTest.java,793.0,46.0,0.0,54.0,557.0,121.0,2.0,cschneider@13f79535-47bb-0310-9956-ffa450edef68,1,0.003875968992248062,8.0,8.0,8.0,0.0,30.0,3.1754545520320123,1,0,6.0063531596017325,false
jpa/jpa-container/src/test/java/org/apache/aries/jpa/container/parsing/PersistenceXMLParsingTest.java,227.0,19.0,66.0,12.0,103.0,37.0,6.0,timothyjward@13f79535-47bb-0310-9956-ffa450edef68,1,0.003875968992248062,17.0,0.0,17.0,0.0,34.0,9.472601717923036,1,0,6.0063531596017325,true
proxy/proxy-impl/src/main/java/org/apache/aries/proxy/impl/gen/ProxyClassInstantiationException.java,8.0,1.0,0.0,1.0,0.0,1.0,0.0,cumminsh@13f79535-47bb-0310-9956-ffa450edef68,0,0.0,0.0,0.0,0.0,0.0,0.0,0.0,0,0,0.0,false
proxy/proxy-impl/src/main/java/org/apache/aries/proxy/impl/gen/ProxySubclassAdapter.java,302.0,18.0,22.0,13.0,80.0,31.0,5.0,null,1,0.003875968992248062,8.0,0.0,0.0,0.0,376.62857142857143,1138.4675289134389,1,0,3.0619141804352923,true
proxy/proxy-impl/src/main/java/org/apache/aries/proxy/impl/gen/ProxySubclassGenerator.java,237.0,23.0,0.0,9.0,68.0,38.0,5.0,null,1,0.003875968992248062,20.0,0.0,0.0,0.0,376.62857142857143,1138.4675289134389,1,1,3.0619141804352923,true
proxy/proxy-impl/src/test/java/org/apache/aries/blueprint/proxy/ProxySubclassGeneratorTest.java,159.0,22.0,57.0,14.0,53.0,42.0,5.0,timothyjward@13f79535-47bb-0310-9956-ffa450edef68,1,0.003875968992248062,11.0,0.0,0.0,0.0,376.62857142857143,1138.4675289134389,1,0,3.0619141804352923,true
proxy/proxy-impl/src/test/java/org/apache/aries/blueprint/proxy/ProxyTestClassChildOfAbstract.java,8.0,1.0,1.0,2.0,0.0,5.0,1.0,cumminsh@13f79535-47bb-0310-9956-ffa450edef68,1,0.003875968992248062,50.0,0.0,0.0,0.0,519.925925925926,1616.0414045212324,1,0,0.33992647148930055,true
proxy/proxy-itests/src/test/java/org/apache/aries/proxy/itests/AbstractBasicProxyTest.java,41.0,18.0,3.0,3.0,21.0,9.0,0.0,cumminsh@13f79535-47bb-0310-9956-ffa450edef68,0,0.0,0.0,0.0,0.0,0.0,0.0,0.0,0,0,0.0,true
proxy/proxy-itests/src/test/java/org/apache/aries/proxy/itests/AbstractProxyTest.java,187.0,22.0,45.0,10.0,57.0,21.0,0.0,null,0,0.0,0.0,0.0,0.0,0.0,0.0,0.0,0,0,0.0,true
proxy/proxy-itests/src/test/java/org/apache/aries/proxy/itests/AbstractWeavingProxyTest.java,63.0,23.0,10.0,5.0,26.0,14.0,0.0,cumminsh@13f79535-47bb-0310-9956-ffa450edef68,0,0.0,0.0,0.0,0.0,0.0,0.0,0.0,0,0,0.0,true
proxy/proxy-itests/src/test/java/org/apache/aries/proxy/itests/BasicProxyBundlesTest.java,11.0,23.0,1.0,2.0,8.0,4.0,0.0,cumminsh@13f79535-47bb-0310-9956-ffa450edef68,0,0.0,0.0,0.0,0.0,0.0,0.0,0.0,0,0,0.0,true
proxy/proxy-itests/src/test/java/org/apache/aries/proxy/itests/BasicProxyUberBundleTest.java,11.0,23.0,1.0,2.0,8.0,4.0,0.0,cumminsh@13f79535-47bb-0310-9956-ffa450edef68,0,0.0,0.0,0.0,0.0,0.0,0.0,0.0,0,0,0.0,true
proxy/proxy-itests/src/test/java/org/apache/aries/proxy/itests/WeavingProxyBundlesTest.java,8.0,23.0,0.0,1.0,4.0,2.0,0.0,cumminsh@13f79535-47bb-0310-9956-ffa450edef68,0,0.0,0.0,0.0,0.0,0.0,0.0,0.0,0,0,0.0,true
proxy/proxy-itests/src/test/java/org/apache/aries/proxy/itests/WeavingProxyUberBundleTest.java,8.0,23.0,0.0,1.0,4.0,2.0,0.0,cumminsh@13f79535-47bb-0310-9956-ffa450edef68,0,0.0,0.0,0.0,0.0,0.0,0.0,0.0,0,0,0.0,true
spi-fly/spi-fly-core/src/main/java/org/apache/aries/spifly/BaseActivator.java,172.0,24.0,65.0,14.0,68.0,42.0,16.0,davidb@13f79535-47bb-0310-9956-ffa450edef68,1,0.003875968992248062,6.0,0.0,0.0,6.0,525.2258064516129,1824.703661230032,1,2,3.608457886803362,false
spi-fly/spi-fly-core/src/main/java/org/apache/aries/spifly/ProviderBundleTrackerCustomizer.java,231.0,28.0,44.0,12.0,87.0,47.0,16.0,davidb@13f79535-47bb-0310-9956-ffa450edef68,1,0.003875968992248062,4.0,0.0,0.0,4.0,525.2258064516129,1824.703661230032,1,5,3.608457886803362,false
spi-fly/spi-fly-core/src/main/java/org/apache/aries/spifly/ProviderServiceFactory.java,16.0,3.0,1.0,3.0,1.0,6.0,0.0,davidb@13f79535-47bb-0310-9956-ffa450edef68,0,0.0,0.0,0.0,0.0,0.0,0.0,0.0,0,1,0.0,false
spi-fly/spi-fly-core/src/main/java/org/apache/aries/spifly/api/SpiFlyConstants.java,17.0,0.0,0.0,0.0,0.0,0.0,16.0,davidb@13f79535-47bb-0310-9956-ffa450edef68,1,0.003875968992248062,6.0,0.0,0.0,6.0,525.2258064516129,1824.703661230032,1,2,3.608457886803362,false
spi-fly/spi-fly-core/src/test/java/org/apache/aries/spifly/ProviderBundleTrackerCustomizerGenericCapabilityTest.java,371.0,31.0,276.0,24.0,211.0,69.0,16.0,davidb@13f79535-47bb-0310-9956-ffa450edef68,1,0.003875968992248062,6.0,0.0,0.0,6.0,525.2258064516129,1824.703661230032,1,1,3.608457886803362,false
spi-fly/spi-fly-core/src/test/java/org/apache/aries/spifly/ProviderBundleTrackerCustomizerTest.java,110.0,19.0,36.0,9.0,84.0,23.0,16.0,davidb@13f79535-47bb-0310-9956-ffa450edef68,1,0.003875968992248062,10.0,0.0,0.0,10.0,525.2258064516129,1824.703661230032,1,2,3.608457886803362,false
spi-fly/spi-fly-dynamic-bundle/src/main/java/org/apache/aries/spifly/dynamic/OSGiFriendlyClassWriter.java,77.0,6.0,0.0,3.0,5.0,10.0,0.0,davidb@13f79535-47bb-0310-9956-ffa450edef68,0,0.0,0.0,0.0,0.0,0.0,0.0,0.0,0,1,0.0,false
spi-fly/spi-fly-weaver/src/main/java/org/apache/aries/spifly/weaver/TCCLSetterVisitor.java,125.0,13.0,8.0,5.0,21.0,13.0,5.0,davidb@13f79535-47bb-0310-9956-ffa450edef68,1,0.003875968992248062,12.0,12.0,0.0,0.0,525.2258064516129,1824.703661230032,1,2,3.608457886803362,false
subsystem/subsystem-core/src/main/java/org/apache/aries/subsystem/core/archive/AriesSubsystemParentsHeader.java,155.0,17.0,44.0,12.0,29.0,32.0,21.0,jwross@13f79535-47bb-0310-9956-ffa450edef68,1,0.003875968992248062,33.0,33.0,0.0,0.0,1026.111111111111,19184.4,1,1,2.4799926349855714,true
subsystem/subsystem-core/src/main/java/org/apache/aries/subsystem/core/archive/BundleManifestVersionHeader.java,10.0,1.0,1.0,2.0,0.0,4.0,0.0,jwross@13f79535-47bb-0310-9956-ffa450edef68,0,0.0,0.0,0.0,0.0,0.0,0.0,0.0,0,1,0.0,false
subsystem/subsystem-core/src/main/java/org/apache/aries/subsystem/core/archive/BundleSymbolicNameHeader.java,6.0,1.0,0.0,1.0,0.0,1.0,0.0,jwross@13f79535-47bb-0310-9956-ffa450edef68,0,0.0,0.0,0.0,0.0,0.0,0.0,0.0,0,1,0.0,false
subsystem/subsystem-core/src/main/java/org/apache/aries/subsystem/core/archive/BundleVersionHeader.java,11.0,2.0,1.0,2.0,0.0,2.0,0.0,jwross@13f79535-47bb-0310-9956-ffa450edef68,0,0.0,0.0,0.0,0.0,0.0,0.0,0.0,0,1,0.0,false
subsystem/subsystem-core/src/main/java/org/apache/aries/subsystem/core/archive/CapabilityHeader.java,3.0,3.0,0.0,1.0,0.0,1.0,0.0,jwross@13f79535-47bb-0310-9956-ffa450edef68,0,0.0,0.0,0.0,0.0,0.0,0.0,0.0,0,0,0.0,false
subsystem/subsystem-core/src/main/java/org/apache/aries/subsystem/core/archive/ClauseTokenizer.java,28.0,3.0,1.0,3.0,9.0,10.0,0.0,jwross@13f79535-47bb-0310-9956-ffa450edef68,0,0.0,0.0,0.0,0.0,0.0,0.0,0.0,0,1,0.0,false
subsystem/subsystem-core/src/main/java/org/apache/aries/subsystem/core/archive/DeployedContentHeader.java,152.0,16.0,44.0,12.0,35.0,34.0,12.0,jwross@13f79535-47bb-0310-9956-ffa450edef68,1,0.003875968992248062,25.0,25.0,0.0,12.0,1026.111111111111,19184.4,1,2,2.4799926349855714,true
subsystem/subsystem-core/src/main/java/org/apache/aries/subsystem/core/archive/DeployedContentRequirement.java,24.0,6.0,4.0,5.0,8.0,11.0,0.0,jwross@13f79535-47bb-0310-9956-ffa450edef68,0,0.0,0.0,0.0,0.0,0.0,0.0,0.0,0,0,0.0,false
subsystem/subsystem-core/src/main/java/org/apache/aries/subsystem/core/archive/DeployedVersionAttribute.java,18.0,3.0,0.0,4.0,4.0,7.0,0.0,jwross@13f79535-47bb-0310-9956-ffa450edef68,0,0.0,0.0,0.0,0.0,0.0,0.0,0.0,0,0,0.0,false
subsystem/subsystem-core/src/main/java/org/apache/aries/subsystem/core/archive/DeploymentManifest.java,188.0,23.0,123.0,18.0,52.0,46.0,21.0,jwross@13f79535-47bb-0310-9956-ffa450edef68,1,0.003875968992248062,3.0,3.0,0.0,0.0,1026.111111111111,19184.4,1,9,2.4799926349855714,true
subsystem/subsystem-core/src/main/java/org/apache/aries/subsystem/core/archive/EffectiveDirective.java,25.0,1.0,6.0,5.0,5.0,9.0,0.0,jwross@13f79535-47bb-0310-9956-ffa450edef68,0,0.0,0.0,0.0,0.0,0.0,0.0,0.0,0,0,0.0,false
subsystem/subsystem-core/src/main/java/org/apache/aries/subsystem/core/archive/ExportPackageCapability.java,26.0,7.0,2.0,5.0,5.0,14.0,0.0,jwross@13f79535-47bb-0310-9956-ffa450edef68,0,0.0,0.0,0.0,0.0,0.0,0.0,0.0,0,0,0.0,false
subsystem/subsystem-core/src/main/java/org/apache/aries/subsystem/core/archive/ExportPackageHeader.java,118.0,12.0,7.0,6.0,12.0,17.0,0.0,jwross@13f79535-47bb-0310-9956-ffa450edef68,0,0.0,0.0,0.0,0.0,0.0,0.0,0.0,0,3,0.0,false
subsystem/subsystem-core/src/main/java/org/apache/aries/subsystem/core/archive/FilterDirective.java,15.0,3.0,1.0,2.0,5.0,5.0,0.0,jwross@13f79535-47bb-0310-9956-ffa450edef68,0,0.0,0.0,0.0,0.0,0.0,0.0,0.0,0,1,0.0,false
subsystem/subsystem-core/src/main/java/org/apache/aries/subsystem/core/archive/HeaderFactory.java,23.0,0.0,0.0,1.0,1.0,3.0,0.0,jwross@13f79535-47bb-0310-9956-ffa450edef68,0,0.0,0.0,0.0,0.0,0.0,0.0,0.0,0,3,0.0,false
subsystem/subsystem-core/src/main/java/org/apache/aries/subsystem/core/archive/ImportPackageRequirement.java,32.0,7.0,4.0,5.0,15.0,13.0,0.0,jwross@13f79535-47bb-0310-9956-ffa450edef68,0,0.0,0.0,0.0,0.0,0.0,0.0,0.0,0,5,0.0,false
subsystem/subsystem-core/src/main/java/org/apache/aries/subsystem/core/archive/PreferredProviderHeader.java,137.0,14.0,22.0,9.0,18.0,24.0,0.0,jwross@13f79535-47bb-0310-9956-ffa450edef68,0,0.0,0.0,0.0,0.0,0.0,0.0,0.0,0,1,0.0,false
subsystem/subsystem-core/src/main/java/org/apache/aries/subsystem/core/archive/PreferredProviderRequirement.java,24.0,6.0,4.0,5.0,8.0,11.0,0.0,jwross@13f79535-47bb-0310-9956-ffa450edef68,0,0.0,0.0,0.0,0.0,0.0,0.0,0.0,0,0,0.0,false
subsystem/subsystem-core/src/main/java/org/apache/aries/subsystem/core/archive/ProvideBundleCapability.java,52.0,7.0,5.0,7.0,21.0,19.0,0.0,jwross@13f79535-47bb-0310-9956-ffa450edef68,0,0.0,0.0,0.0,0.0,0.0,0.0,0.0,0,1,0.0,false
subsystem/subsystem-core/src/main/java/org/apache/aries/subsystem/core/archive/ProvideCapabilityCapability.java,26.0,5.0,2.0,5.0,7.0,14.0,0.0,jwross@13f79535-47bb-0310-9956-ffa450edef68,0,0.0,0.0,0.0,0.0,0.0,0.0,0.0,0,0,0.0,false
subsystem/subsystem-core/src/main/java/org/apache/aries/subsystem/core/archive/ProvisionPolicyDirective.java,28.0,1.0,0.0,5.0,7.0,12.0,0.0,jwross@13f79535-47bb-0310-9956-ffa450edef68,0,0.0,0.0,0.0,0.0,0.0,0.0,0.0,0,0,0.0,false
subsystem/subsystem-core/src/main/java/org/apache/aries/subsystem/core/archive/ProvisionResourceHeader.java,148.0,16.0,44.0,12.0,35.0,34.0,0.0,jwross@13f79535-47bb-0310-9956-ffa450edef68,0,0.0,0.0,0.0,0.0,0.0,0.0,0.0,0,3,0.0,true
subsystem/subsystem-core/src/main/java/org/apache/aries/subsystem/core/archive/ProvisionResourceRequirement.java,24.0,6.0,4.0,5.0,8.0,11.0,0.0,jwross@13f79535-47bb-0310-9956-ffa450edef68,0,0.0,0.0,0.0,0.0,0.0,0.0,0.0,0,1,0.0,false
subsystem/subsystem-core/src/main/java/org/apache/aries/subsystem/core/archive/ReferenceCountDirective.java,12.0,0.0,3.0,3.0,3.0,4.0,21.0,jwross@13f79535-47bb-0310-9956-ffa450edef68,1,0.003875968992248062,50.0,50.0,0.0,0.0,1026.111111111111,19184.4,1,1,2.4799926349855714,true
subsystem/subsystem-core/src/main/java/org/apache/aries/subsystem/core/archive/RequireBundleHeader.java,140.0,13.0,14.0,8.0,14.0,20.0,0.0,jwross@13f79535-47bb-0310-9956-ffa450edef68,0,0.0,0.0,0.0,0.0,0.0,0.0,0.0,0,1,0.0,false
subsystem/subsystem-core/src/main/java/org/apache/aries/subsystem/core/archive/RequireBundleRequirement.java,24.0,6.0,4.0,5.0,8.0,11.0,3.0,jwross@13f79535-47bb-0310-9956-ffa450edef68,1,0.003875968992248062,20.0,0.0,20.0,0.0,1026.111111111111,19184.4,1,1,2.4799926349855714,false
subsystem/subsystem-core/src/main/java/org/apache/aries/subsystem/core/archive/RequireCapabilityHeader.java,126.0,14.0,14.0,8.0,16.0,20.0,0.0,jwross@13f79535-47bb-0310-9956-ffa450edef68,0,0.0,0.0,0.0,0.0,0.0,0.0,0.0,0,1,0.0,false
subsystem/subsystem-core/src/main/java/org/apache/aries/subsystem/core/archive/RequireCapabilityRequirement.java,25.0,6.0,4.0,5.0,6.0,11.0,3.0,jwross@13f79535-47bb-0310-9956-ffa450edef68,1,0.003875968992248062,29.0,0.0,14.0,0.0,1026.111111111111,19184.4,1,2,2.4799926349855714,true
subsystem/subsystem-core/src/main/java/org/apache/aries/subsystem/core/archive/RequirementHeader.java,3.0,3.0,0.0,1.0,0.0,1.0,0.0,jwross@13f79535-47bb-0310-9956-ffa450edef68,0,0.0,0.0,0.0,0.0,0.0,0.0,0.0,0,0,0.0,false
subsystem/subsystem-core/src/main/java/org/apache/aries/subsystem/core/archive/SubsystemContentHeader.java,166.0,16.0,56.0,13.0,36.0,35.0,0.0,jwross@13f79535-47bb-0310-9956-ffa450edef68,0,0.0,0.0,0.0,0.0,0.0,0.0,0.0,0,5,0.0,true
subsystem/subsystem-core/src/main/java/org/apache/aries/subsystem/core/archive/SubsystemContentRequirement.java,24.0,6.0,4.0,5.0,8.0,11.0,0.0,jwross@13f79535-47bb-0310-9956-ffa450edef68,0,0.0,0.0,0.0,0.0,0.0,0.0,0.0,0,0,0.0,false
subsystem/subsystem-core/src/main/java/org/apache/aries/subsystem/core/archive/SubsystemExportServiceCapability.java,26.0,7.0,6.0,5.0,8.0,12.0,0.0,jwross@13f79535-47bb-0310-9956-ffa450edef68,0,0.0,0.0,0.0,0.0,0.0,0.0,0.0,0,0,0.0,false
subsystem/subsystem-core/src/main/java/org/apache/aries/subsystem/core/archive/SubsystemImportServiceHeader.java,114.0,13.0,7.0,6.0,15.0,17.0,18.0,jwross@13f79535-47bb-0310-9956-ffa450edef68,1,0.003875968992248062,12.0,12.0,12.0,0.0,1026.111111111111,19184.4,1,1,2.4799926349855714,true
subsystem/subsystem-core/src/main/java/org/apache/aries/subsystem/core/archive/SubsystemImportServiceRequirement.java,25.0,7.0,6.0,5.0,8.0,11.0,18.0,jwross@13f79535-47bb-0310-9956-ffa450edef68,1,0.003875968992248062,17.0,17.0,17.0,0.0,1026.111111111111,19184.4,1,1,2.4799926349855714,true
subsystem/subsystem-core/src/main/java/org/apache/aries/subsystem/core/archive/SubsystemManifest.java,185.0,23.0,210.0,24.0,75.0,62.0,0.0,jwross@13f79535-47bb-0310-9956-ffa450edef68,0,0.0,0.0,0.0,0.0,0.0,0.0,0.0,0,7,0.0,false
subsystem/subsystem-core/src/main/java/org/apache/aries/subsystem/core/archive/SymbolicNameHeader.java,10.0,1.0,1.0,2.0,8.0,5.0,0.0,jwross@13f79535-47bb-0310-9956-ffa450edef68,0,0.0,0.0,0.0,0.0,0.0,0.0,0.0,0,1,0.0,false
subsystem/subsystem-core/src/main/java/org/apache/aries/subsystem/core/archive/TypedAttribute.java,28.0,1.0,0.0,4.0,4.0,7.0,0.0,jwross@13f79535-47bb-0310-9956-ffa450edef68,0,0.0,0.0,0.0,0.0,0.0,0.0,0.0,0,0,0.0,false
subsystem/subsystem-core/src/main/java/org/apache/aries/subsystem/core/archive/VersionRangeAttribute.java,24.0,3.0,3.0,6.0,6.0,9.0,0.0,jwross@13f79535-47bb-0310-9956-ffa450edef68,0,0.0,0.0,0.0,0.0,0.0,0.0,0.0,0,3,0.0,true
subsystem/subsystem-core/src/main/java/org/apache/aries/subsystem/core/archive/VisibilityDirective.java,24.0,1.0,2.0,5.0,5.0,9.0,0.0,jwross@13f79535-47bb-0310-9956-ffa450edef68,0,0.0,0.0,0.0,0.0,0.0,0.0,0.0,0,0,0.0,false
subsystem/subsystem-core/src/main/java/org/apache/aries/subsystem/core/internal/AbstractAction.java,27.0,2.0,0.0,4.0,5.0,12.0,21.0,jwross@13f79535-47bb-0310-9956-ffa450edef68,1,0.003875968992248062,11.0,11.0,0.0,0.0,1026.111111111111,19184.4,1,1,2.4799926349855714,true
subsystem/subsystem-core/src/main/java/org/apache/aries/subsystem/core/internal/AbstractCapability.java,19.0,1.0,3.0,3.0,16.0,8.0,0.0,jwross@13f79535-47bb-0310-9956-ffa450edef68,0,0.0,0.0,0.0,0.0,0.0,0.0,0.0,0,0,0.0,false
subsystem/subsystem-core/src/main/java/org/apache/aries/subsystem/core/internal/AbstractRequirement.java,19.0,1.0,3.0,3.0,18.0,8.0,0.0,jwross@13f79535-47bb-0310-9956-ffa450edef68,0,0.0,0.0,0.0,0.0,0.0,0.0,0.0,0,0,0.0,false
subsystem/subsystem-core/src/main/java/org/apache/aries/subsystem/core/internal/Activator.java,177.0,25.0,131.0,23.0,41.0,60.0,12.0,jwross@13f79535-47bb-0310-9956-ffa450edef68,2,0.007751937984496124,11.0,5.0,3.0,0.0,1402.7396825396825,20322.86752891344,2,6,2.0631378767291935,true
subsystem/subsystem-core/src/main/java/org/apache/aries/subsystem/core/internal/AriesSubsystem.java,295.0,37.0,946.0,45.0,202.0,136.0,9.0,jwross@13f79535-47bb-0310-9956-ffa450edef68,1,0.003875968992248062,5.0,4.0,0.0,2.0,1026.111111111111,19184.4,1,18,2.4799926349855714,true
subsystem/subsystem-core/src/main/java/org/apache/aries/subsystem/core/internal/BasicCapability.java,31.0,5.0,3.0,6.0,5.0,13.0,18.0,jwross@13f79535-47bb-0310-9956-ffa450edef68,1,0.003875968992248062,25.0,25.0,25.0,0.0,1026.111111111111,19184.4,1,1,2.4799926349855714,true
subsystem/subsystem-core/src/main/java/org/apache/aries/subsystem/core/internal/BasicRequirement.java,36.0,9.0,0.0,7.0,8.0,14.0,18.0,jwross@13f79535-47bb-0310-9956-ffa450edef68,1,0.003875968992248062,25.0,25.0,25.0,0.0,1026.111111111111,19184.4,1,1,2.4799926349855714,true
subsystem/subsystem-core/src/main/java/org/apache/aries/subsystem/core/internal/BundleEventHook.java,48.0,11.0,9.0,6.0,34.0,22.0,18.0,jwross@13f79535-47bb-0310-9956-ffa450edef68,1,0.003875968992248062,8.0,8.0,8.0,0.0,1026.111111111111,19184.4,1,1,2.4799926349855714,true
subsystem/subsystem-core/src/main/java/org/apache/aries/subsystem/core/internal/BundleResource.java,60.0,21.0,0.0,7.0,19.0,24.0,11.0,jwross@13f79535-47bb-0310-9956-ffa450edef68,1,0.003875968992248062,15.0,15.0,15.0,8.0,1026.111111111111,19184.4,1,2,2.4799926349855714,true
subsystem/subsystem-core/src/main/java/org/apache/aries/subsystem/core/internal/BundleResourceInstaller.java,34.0,8.0,10.0,5.0,13.0,13.0,14.0,jwross@13f79535-47bb-0310-9956-ffa450edef68,1,0.003875968992248062,23.0,23.0,15.0,8.0,1026.111111111111,19184.4,1,2,2.4799926349855714,true
subsystem/subsystem-core/src/main/java/org/apache/aries/subsystem/core/internal/BundleResourceUninstaller.java,29.0,5.0,15.0,6.0,12.0,13.0,9.0,jwross@13f79535-47bb-0310-9956-ffa450edef68,1,0.003875968992248062,33.0,17.0,17.0,17.0,1026.111111111111,19184.4,1,2,2.4799926349855714,true
subsystem/subsystem-core/src/main/java/org/apache/aries/subsystem/core/internal/CompositeRepository.java,24.0,10.0,0.0,4.0,7.0,9.0,0.0,jwross@13f79535-47bb-0310-9956-ffa450edef68,0,0.0,0.0,0.0,0.0,0.0,0.0,0.0,0,0,0.0,false
subsystem/subsystem-core/src/main/java/org/apache/aries/subsystem/core/internal/Constants.java,10.0,1.0,0.0,1.0,0.0,1.0,0.0,jwross@13f79535-47bb-0310-9956-ffa450edef68,0,0.0,0.0,0.0,0.0,0.0,0.0,0.0,0,1,0.0,true
subsystem/subsystem-core/src/main/java/org/apache/aries/subsystem/core/internal/ContentRepository.java,37.0,10.0,16.0,8.0,14.0,19.0,0.0,jwross@13f79535-47bb-0310-9956-ffa450edef68,0,0.0,0.0,0.0,0.0,0.0,0.0,0.0,0,0,0.0,false
subsystem/subsystem-core/src/main/java/org/apache/aries/subsystem/core/internal/DependencyCalculator.java,81.0,18.0,0.0,2.0,8.0,6.0,4.0,jwross@13f79535-47bb-0310-9956-ffa450edef68,1,0.003875968992248062,17.0,0.0,0.0,0.0,1026.111111111111,19184.4,1,0,2.4799926349855714,true
subsystem/subsystem-core/src/main/java/org/apache/aries/subsystem/core/internal/GetBundleContextAction.java,11.0,4.0,0.0,2.0,8.0,4.0,0.0,jwross@13f79535-47bb-0310-9956-ffa450edef68,0,0.0,0.0,0.0,0.0,0.0,0.0,0.0,0,0,0.0,false
subsystem/subsystem-core/src/main/java/org/apache/aries/subsystem/core/internal/GetSubsystemHeadersAction.java,15.0,5.0,0.0,2.0,7.0,5.0,0.0,jwross@13f79535-47bb-0310-9956-ffa450edef68,0,0.0,0.0,0.0,0.0,0.0,0.0,0.0,0,0,0.0,false
subsystem/subsystem-core/src/main/java/org/apache/aries/subsystem/core/internal/InstallAction.java,79.0,12.0,3.0,7.0,25.0,20.0,18.0,jwross@13f79535-47bb-0310-9956-ffa450edef68,1,0.003875968992248062,8.0,8.0,8.0,0.0,1026.111111111111,19184.4,1,5,2.4799926349855714,true
subsystem/subsystem-core/src/main/java/org/apache/aries/subsystem/core/internal/InstallResourceComparator.java,15.0,5.0,1.0,2.0,7.0,5.0,0.0,jwross@13f79535-47bb-0310-9956-ffa450edef68,0,0.0,0.0,0.0,0.0,0.0,0.0,0.0,0,0,0.0,false
subsystem/subsystem-core/src/main/java/org/apache/aries/subsystem/core/internal/LocalRepository.java,17.0,8.0,1.0,3.0,7.0,8.0,0.0,jwross@13f79535-47bb-0310-9956-ffa450edef68,0,0.0,0.0,0.0,0.0,0.0,0.0,0.0,0,0,0.0,false
subsystem/subsystem-core/src/main/java/org/apache/aries/subsystem/core/internal/Location.java,21.0,6.0,0.0,5.0,5.0,14.0,6.0,jwross@13f79535-47bb-0310-9956-ffa450edef68,2,0.007751937984496124,20.0,0.0,0.0,0.0,1402.7396825396825,20322.86752891344,2,1,2.0778062271504867,true
subsystem/subsystem-core/src/main/java/org/apache/aries/subsystem/core/internal/PreferredProviderRepository.java,55.0,12.0,20.0,9.0,30.0,28.0,0.0,jwross@13f79535-47bb-0310-9956-ffa450edef68,0,0.0,0.0,0.0,0.0,0.0,0.0,0.0,0,1,0.0,false
subsystem/subsystem-core/src/main/java/org/apache/aries/subsystem/core/internal/RawSubsystemResource.java,246.0,37.0,702.0,41.0,149.0,137.0,11.0,jwross@13f79535-47bb-0310-9956-ffa450edef68,1,0.003875968992248062,11.0,5.0,5.0,0.0,1026.111111111111,19184.4,1,3,2.4799926349855714,true
subsystem/subsystem-core/src/main/java/org/apache/aries/subsystem/core/internal/RegionContextBundleHelper.java,42.0,11.0,0.0,4.0,24.0,14.0,0.0,jwross@13f79535-47bb-0310-9956-ffa450edef68,0,0.0,0.0,0.0,0.0,0.0,0.0,0.0,0,3,0.0,true
subsystem/subsystem-core/src/main/java/org/apache/aries/subsystem/core/internal/RepositoryServiceRepository.java,38.0,12.0,4.0,4.0,11.0,11.0,0.0,jwross@13f79535-47bb-0310-9956-ffa450edef68,0,0.0,0.0,0.0,0.0,0.0,0.0,0.0,0,0,0.0,false
subsystem/subsystem-core/src/main/java/org/apache/aries/subsystem/core/internal/ResourceHelper.java,64.0,16.0,36.0,9.0,29.0,25.0,0.0,jwross@13f79535-47bb-0310-9956-ffa450edef68,0,0.0,0.0,0.0,0.0,0.0,0.0,0.0,0,1,0.0,true
subsystem/subsystem-core/src/main/java/org/apache/aries/subsystem/core/internal/ResourceInstaller.java,63.0,9.0,0.0,12.0,34.0,35.0,21.0,jwross@13f79535-47bb-0310-9956-ffa450edef68,1,0.003875968992248062,8.0,8.0,0.0,0.0,1026.111111111111,19184.4,1,4,2.4799926349855714,true
subsystem/subsystem-core/src/main/java/org/apache/aries/subsystem/core/internal/ResourceReferences.java,50.0,8.0,16.0,8.0,22.0,18.0,0.0,jwross@13f79535-47bb-0310-9956-ffa450edef68,0,0.0,0.0,0.0,0.0,0.0,0.0,0.0,0,1,0.0,false
subsystem/subsystem-core/src/main/java/org/apache/aries/subsystem/core/internal/ResourceUninstaller.java,55.0,8.0,0.0,10.0,27.0,24.0,21.0,jwross@13f79535-47bb-0310-9956-ffa450edef68,1,0.003875968992248062,14.0,14.0,0.0,0.0,1026.111111111111,19184.4,1,2,2.4799926349855714,true
subsystem/subsystem-core/src/main/java/org/apache/aries/subsystem/core/internal/SecurityManager.java,19.0,2.0,10.0,5.0,6.0,8.0,0.0,jwross@13f79535-47bb-0310-9956-ffa450edef68,0,0.0,0.0,0.0,0.0,0.0,0.0,0.0,0,0,0.0,false
subsystem/subsystem-core/src/main/java/org/apache/aries/subsystem/core/internal/SharingPolicyValidator.java,35.0,7.0,0.0,2.0,4.0,3.0,18.0,jwross@13f79535-47bb-0310-9956-ffa450edef68,1,0.003875968992248062,25.0,25.0,25.0,0.0,1026.111111111111,19184.4,1,1,2.4799926349855714,true
subsystem/subsystem-core/src/main/java/org/apache/aries/subsystem/core/internal/StartAction.java,150.0,34.0,85.0,15.0,105.0,56.0,6.0,jwross@13f79535-47bb-0310-9956-ffa450edef68,1,0.003875968992248062,19.0,10.0,0.0,0.0,1026.111111111111,19184.4,1,2,2.4799926349855714,true
subsystem/subsystem-core/src/main/java/org/apache/aries/subsystem/core/internal/StartResourceComparator.java,16.0,3.0,1.0,3.0,4.0,6.0,0.0,jwross@13f79535-47bb-0310-9956-ffa450edef68,0,0.0,0.0,0.0,0.0,0.0,0.0,0.0,0,1,0.0,false
subsystem/subsystem-core/src/main/java/org/apache/aries/subsystem/core/internal/StopAction.java,56.0,16.0,10.0,5.0,35.0,20.0,21.0,jwross@13f79535-47bb-0310-9956-ffa450edef68,1,0.003875968992248062,9.0,9.0,0.0,0.0,1026.111111111111,19184.4,1,2,2.4799926349855714,true
subsystem/subsystem-core/src/main/java/org/apache/aries/subsystem/core/internal/SubsystemGraph.java,86.0,9.0,0.0,8.0,31.0,23.0,0.0,jwross@13f79535-47bb-0310-9956-ffa450edef68,0,0.0,0.0,0.0,0.0,0.0,0.0,0.0,0,3,0.0,false
subsystem/subsystem-core/src/main/java/org/apache/aries/subsystem/core/internal/SubsystemIdentifier.java,13.0,0.0,0.0,3.0,0.0,7.0,0.0,jwross@13f79535-47bb-0310-9956-ffa450edef68,0,0.0,0.0,0.0,0.0,0.0,0.0,0.0,0,0,0.0,false
subsystem/subsystem-core/src/main/java/org/apache/aries/subsystem/core/internal/SubsystemManifestValidator.java,23.0,5.0,1.0,2.0,17.0,11.0,0.0,jwross@13f79535-47bb-0310-9956-ffa450edef68,0,0.0,0.0,0.0,0.0,0.0,0.0,0.0,0,4,0.0,false
subsystem/subsystem-core/src/main/java/org/apache/aries/subsystem/core/internal/SubsystemResolverHook.java,41.0,12.0,10.0,5.0,31.0,15.0,0.0,jwross@13f79535-47bb-0310-9956-ffa450edef68,0,0.0,0.0,0.0,0.0,0.0,0.0,0.0,0,2,0.0,false
subsystem/subsystem-core/src/main/java/org/apache/aries/subsystem/core/internal/SubsystemResource.java,468.0,53.0,1678.0,68.0,289.0,227.0,6.0,jwross@13f79535-47bb-0310-9956-ffa450edef68,2,0.007751937984496124,16.0,6.0,3.0,3.0,1402.7396825396825,20322.86752891344,2,6,2.095974520537328,true
subsystem/subsystem-core/src/main/java/org/apache/aries/subsystem/core/internal/SubsystemResourceInstaller.java,72.0,9.0,66.0,12.0,48.0,34.0,21.0,jwross@13f79535-47bb-0310-9956-ffa450edef68,1,0.003875968992248062,7.0,7.0,0.0,0.0,1026.111111111111,19184.4,1,4,2.4799926349855714,true
subsystem/subsystem-core/src/main/java/org/apache/aries/subsystem/core/internal/SubsystemResourceUninstaller.java,69.0,7.0,28.0,8.0,38.0,23.0,0.0,jwross@13f79535-47bb-0310-9956-ffa450edef68,0,0.0,0.0,0.0,0.0,0.0,0.0,0.0,0,3,0.0,true
subsystem/subsystem-core/src/main/java/org/apache/aries/subsystem/core/internal/SubsystemServiceRegistrar.java,89.0,13.0,11.0,11.0,63.0,32.0,0.0,jwross@13f79535-47bb-0310-9956-ffa450edef68,0,0.0,0.0,0.0,0.0,0.0,0.0,0.0,0,3,0.0,false
subsystem/subsystem-core/src/main/java/org/apache/aries/subsystem/core/internal/Subsystems.java,187.0,18.0,174.0,24.0,72.0,44.0,21.0,jwross@13f79535-47bb-0310-9956-ffa450edef68,1,0.003875968992248062,7.0,7.0,0.0,0.0,1026.111111111111,19184.4,1,4,2.4799926349855714,true
subsystem/subsystem-core/src/main/java/org/apache/aries/subsystem/core/internal/SystemRepository.java,23.0,8.0,4.0,4.0,9.0,10.0,0.0,jwross@13f79535-47bb-0310-9956-ffa450edef68,0,0.0,0.0,0.0,0.0,0.0,0.0,0.0,0,1,0.0,false
subsystem/subsystem-core/src/main/java/org/apache/aries/subsystem/core/internal/TargetRegion.java,33.0,4.0,0.0,5.0,20.0,18.0,0.0,jwross@13f79535-47bb-0310-9956-ffa450edef68,0,0.0,0.0,0.0,0.0,0.0,0.0,0.0,0,1,0.0,false
subsystem/subsystem-core/src/main/java/org/apache/aries/subsystem/core/internal/ThreadLocalSubsystem.java,11.0,0.0,0.0,2.0,3.0,3.0,0.0,jwross@13f79535-47bb-0310-9956-ffa450edef68,0,0.0,0.0,0.0,0.0,0.0,0.0,0.0,0,0,0.0,false
subsystem/subsystem-core/src/main/java/org/apache/aries/subsystem/core/internal/UninstallAction.java,21.0,2.0,1.0,2.0,10.0,5.0,21.0,jwross@13f79535-47bb-0310-9956-ffa450edef68,1,0.003875968992248062,14.0,14.0,0.0,0.0,1026.111111111111,19184.4,1,2,2.4799926349855714,true
subsystem/subsystem-core/src/main/java/org/apache/aries/subsystem/core/internal/Utils.java,61.0,9.0,66.0,12.0,39.0,30.0,21.0,jwross@13f79535-47bb-0310-9956-ffa450edef68,1,0.003875968992248062,12.0,12.0,0.0,0.0,1026.111111111111,19184.4,1,2,2.4799926349855714,true
subsystem/subsystem-itests-api-bundle/src/main/java/org/apache/aries/subsystem/itests/hello/api/Hello.java,3.0,0.0,0.0,1.0,0.0,1.0,0.0,mnuttall@13f79535-47bb-0310-9956-ffa450edef68,0,0.0,0.0,0.0,0.0,0.0,0.0,0.0,0,0,0.0,false
subsystem/subsystem-itests/src/test/bundles/dynamicImport/org/apache/aries/subsystem/itests/dynamicImport/Activator.java,14.0,4.0,0.0,2.0,5.0,5.0,12.0,mnuttall@13f79535-47bb-0310-9956-ffa450edef68,0,0.0,0.0,0.0,0.0,0.0,0.0,0.0,0,0,0.0,false
subsystem/subsystem-itests/src/test/bundles/dynamicImport/org/apache/aries/subsystem/itests/dynamicImport/DynamicImportHelloImpl.java,8.0,1.0,1.0,2.0,1.0,3.0,0.0,mnuttall@13f79535-47bb-0310-9956-ffa450edef68,0,0.0,0.0,0.0,0.0,0.0,0.0,0.0,0,0,0.0,false
subsystem/subsystem-itests/src/test/bundles/helloImpl/org/apache/aries/subsystem/itests/hello/impl/Activator.java,12.0,4.0,0.0,2.0,2.0,5.0,12.0,mnuttall@13f79535-47bb-0310-9956-ffa450edef68,1,0.003875968992248062,50.0,0.0,0.0,0.0,376.62857142857143,1138.4675289134389,1,0,3.0619141804352923,false
subsystem/subsystem-itests/src/test/bundles/helloImpl/org/apache/aries/subsystem/itests/hello/impl/HelloImpl.java,5.0,1.0,0.0,1.0,0.0,2.0,4.0,mnuttall@13f79535-47bb-0310-9956-ffa450edef68,1,0.003875968992248062,50.0,0.0,0.0,0.0,376.62857142857143,1138.4675289134389,1,0,3.0619141804352923,false
subsystem/subsystem-itests/src/test/java/org/apache/aries/subsystem/ctt/itests/SubsystemDependencyTestBase.java,150.0,20.0,53.0,15.0,63.0,35.0,5.0,mnuttall@13f79535-47bb-0310-9956-ffa450edef68,1,0.003875968992248062,60.0,30.0,0.0,0.0,376.62857142857143,1138.4675289134389,1,0,3.0619141804352923,true
subsystem/subsystem-itests/src/test/java/org/apache/aries/subsystem/ctt/itests/SubsystemDependency_4ATest.java,47.0,9.0,3.0,6.0,22.0,19.0,2.0,jwross@13f79535-47bb-0310-9956-ffa450edef68,2,0.007751937984496124,33.0,33.0,0.0,0.0,1402.7396825396825,20322.86752891344,2,0,2.0778062271504867,true
subsystem/subsystem-itests/src/test/java/org/apache/aries/subsystem/ctt/itests/SubsystemDependency_4BTest.java,55.0,11.0,0.0,6.0,26.0,20.0,3.0,mnuttall@13f79535-47bb-0310-9956-ffa450edef68,1,0.003875968992248062,40.0,20.0,20.0,0.0,376.62857142857143,1138.4675289134389,1,0,3.0619141804352923,false
subsystem/subsystem-itests/src/test/java/org/apache/aries/subsystem/ctt/itests/SubsystemDependency_4CTest.java,83.0,13.0,17.0,10.0,33.0,29.0,2.0,mnuttall@13f79535-47bb-0310-9956-ffa450edef68,2,0.007751937984496124,50.0,50.0,0.0,0.0,1402.7396825396825,20322.86752891344,2,0,2.3540986494540537,false
subsystem/subsystem-itests/src/test/java/org/apache/aries/subsystem/ctt/itests/SubsystemDependency_4DTest.java,53.0,9.0,14.0,8.0,24.0,24.0,2.0,cschneider@13f79535-47bb-0310-9956-ffa450edef68,1,0.003875968992248062,50.0,25.0,0.0,0.0,376.62857142857143,1138.4675289134389,1,0,3.0619141804352923,false
subsystem/subsystem-itests/src/test/java/org/apache/aries/subsystem/ctt/itests/SubsystemDependency_4E1Test.java,150.0,15.0,91.0,18.0,58.0,47.0,4.0,cschneider@13f79535-47bb-0310-9956-ffa450edef68,1,0.003875968992248062,50.0,0.0,0.0,0.0,376.62857142857143,1138.4675289134389,1,0,3.0619141804352923,false
subsystem/subsystem-itests/src/test/java/org/apache/aries/subsystem/ctt/itests/SubsystemDependency_4E2Test.java,141.0,15.0,88.0,17.0,60.0,45.0,4.0,cschneider@13f79535-47bb-0310-9956-ffa450edef68,1,0.003875968992248062,50.0,0.0,0.0,0.0,376.62857142857143,1138.4675289134389,1,0,3.0619141804352923,false
subsystem/subsystem-itests/src/test/java/org/apache/aries/subsystem/itests/ApplicationTest.java,135.0,25.0,88.0,16.0,68.0,47.0,11.0,jwross@13f79535-47bb-0310-9956-ffa450edef68,2,0.007751937984496124,17.0,8.0,8.0,8.0,1402.7396825396825,20322.86752891344,2,2,2.0778062271504867,true
subsystem/subsystem-itests/src/test/java/org/apache/aries/subsystem/itests/BasicTest.java,77.0,11.0,6.0,4.0,28.0,18.0,17.0,jwross@13f79535-47bb-0310-9956-ffa450edef68,1,0.003875968992248062,10.0,0.0,0.0,0.0,376.62857142857143,1138.4675289134389,1,1,3.0619141804352923,false
subsystem/subsystem-itests/src/test/java/org/apache/aries/subsystem/itests/CompositeTest.java,181.0,11.0,81.0,18.0,57.0,47.0,17.0,jwross@13f79535-47bb-0310-9956-ffa450edef68,1,0.003875968992248062,10.0,0.0,0.0,0.0,376.62857142857143,1138.4675289134389,1,1,3.0619141804352923,false
subsystem/subsystem-itests/src/test/java/org/apache/aries/subsystem/itests/DependencyLifeCycleTest.java,86.0,12.0,0.0,10.0,39.0,26.0,17.0,cschneider@13f79535-47bb-0310-9956-ffa450edef68,1,0.003875968992248062,25.0,0.0,0.0,0.0,376.62857142857143,1138.4675289134389,1,0,3.0619141804352923,false
subsystem/subsystem-itests/src/test/java/org/apache/aries/subsystem/itests/DynamicImportTest.java,50.0,21.0,6.0,4.0,24.0,13.0,5.0,mnuttall@13f79535-47bb-0310-9956-ffa450edef68,1,0.003875968992248062,40.0,0.0,10.0,0.0,376.62857142857143,1138.4675289134389,1,1,3.0619141804352923,false
subsystem/subsystem-itests/src/test/java/org/apache/aries/subsystem/itests/FeatureTest.java,197.0,13.0,78.0,13.0,89.0,43.0,9.0,jwross@13f79535-47bb-0310-9956-ffa450edef68,2,0.007751937984496124,9.0,0.0,0.0,0.0,1402.7396825396825,20322.86752891344,2,7,2.0778062271504867,true
subsystem/subsystem-itests/src/test/java/org/apache/aries/subsystem/itests/HelloWorldTest.java,27.0,11.0,3.0,3.0,12.0,8.0,12.0,mnuttall@13f79535-47bb-0310-9956-ffa450edef68,1,0.003875968992248062,33.0,0.0,0.0,0.0,376.62857142857143,1138.4675289134389,1,0,3.0619141804352923,false
subsystem/subsystem-itests/src/test/java/org/apache/aries/subsystem/itests/InstallTest.java,19.0,6.0,1.0,2.0,6.0,7.0,10.0,jwross@13f79535-47bb-0310-9956-ffa450edef68,2,0.007751937984496124,10.0,0.0,0.0,0.0,1402.7396825396825,20322.86752891344,2,3,2.0778062271504867,true
subsystem/subsystem-itests/src/test/java/org/apache/aries/subsystem/itests/IntegrationTest.java,122.0,24.0,79.0,14.0,44.0,50.0,3.0,jwross@13f79535-47bb-0310-9956-ffa450edef68,2,0.007751937984496124,29.0,14.0,14.0,0.0,1402.7396825396825,20322.86752891344,2,1,2.0778062271504867,false
subsystem/subsystem-itests/src/test/java/org/apache/aries/subsystem/itests/NoRequirementFilterTest.java,53.0,11.0,3.0,7.0,18.0,19.0,10.0,jwross@13f79535-47bb-0310-9956-ffa450edef68,2,0.007751937984496124,40.0,0.0,0.0,0.0,1402.7396825396825,20322.86752891344,2,1,2.0778062271504867,true
subsystem/subsystem-itests/src/test/java/org/apache/aries/subsystem/itests/OptionalDependenciesTest.java,40.0,10.0,0.0,6.0,13.0,17.0,10.0,jwross@13f79535-47bb-0310-9956-ffa450edef68,2,0.007751937984496124,40.0,0.0,20.0,0.0,1402.7396825396825,20322.86752891344,2,1,2.0778062271504867,false
subsystem/subsystem-itests/src/test/java/org/apache/aries/subsystem/itests/ProvisionPolicyTest.java,161.0,13.0,42.0,16.0,54.0,44.0,17.0,cschneider@13f79535-47bb-0310-9956-ffa450edef68,1,0.003875968992248062,25.0,0.0,0.0,0.0,376.62857142857143,1138.4675289134389,1,0,3.0619141804352923,false
subsystem/subsystem-itests/src/test/java/org/apache/aries/subsystem/itests/RootSubsystemTest.java,38.0,8.0,15.0,6.0,28.0,8.0,7.0,jwross@13f79535-47bb-0310-9956-ffa450edef68,2,0.007751937984496124,43.0,21.0,14.0,7.0,1402.7396825396825,20322.86752891344,2,1,2.1264183503608867,true
subsystem/subsystem-itests/src/test/java/org/apache/aries/subsystem/itests/SubsystemTest.java,551.0,56.0,3692.0,88.0,287.0,186.0,7.0,jwross@13f79535-47bb-0310-9956-ffa450edef68,2,0.007751937984496124,18.0,6.0,3.0,3.0,1402.7396825396825,20322.86752891344,2,10,2.043266679598097,true
subsystem/subsystem-itests/src/test/java/org/apache/aries/subsystem/itests/util/TestCapability.java,49.0,5.0,2.0,5.0,2.0,11.0,0.0,jwross@13f79535-47bb-0310-9956-ffa450edef68,0,0.0,0.0,0.0,0.0,0.0,0.0,0.0,0,2,0.0,false
subsystem/subsystem-itests/src/test/java/org/apache/aries/subsystem/itests/util/TestRepository.java,35.0,10.0,0.0,2.0,6.0,5.0,0.0,jwross@13f79535-47bb-0310-9956-ffa450edef68,0,0.0,0.0,0.0,0.0,0.0,0.0,0.0,0,2,0.0,false
subsystem/subsystem-itests/src/test/java/org/apache/aries/subsystem/itests/util/TestRepositoryContent.java,35.0,6.0,0.0,2.0,0.0,5.0,0.0,jwross@13f79535-47bb-0310-9956-ffa450edef68,0,0.0,0.0,0.0,0.0,0.0,0.0,0.0,0,4,0.0,false
subsystem/subsystem-itests/src/test/java/org/apache/aries/subsystem/itests/util/TestResource.java,38.0,6.0,0.0,3.0,16.0,10.0,0.0,jwross@13f79535-47bb-0310-9956-ffa450edef68,0,0.0,0.0,0.0,0.0,0.0,0.0,0.0,0,2,0.0,false
transaction/transaction-blueprint/src/main/java/org/apache/aries/transaction/annotations/Transaction.java,0.0,0.0,0.0,0.0,0.0,0.0,7.0,cumminsh@13f79535-47bb-0310-9956-ffa450edef68,1,0.003875968992248062,50.0,50.0,0.0,0.0,519.925925925926,1616.0414045212324,1,0,0.33992647148930055,false
transaction/transaction-blueprint/src/main/java/org/apache/aries/transaction/annotations/TransactionPropagationType.java,0.0,0.0,0.0,0.0,0.0,0.0,7.0,cumminsh@13f79535-47bb-0310-9956-ffa450edef68,1,0.003875968992248062,50.0,50.0,0.0,0.0,519.925925925926,1616.0414045212324,1,0,0.33992647148930055,false
transaction/transaction-blueprint/src/main/java/org/apache/aries/transaction/parsing/AnnotationParser.java,43.0,9.0,8.0,5.0,13.0,14.0,7.0,cumminsh@13f79535-47bb-0310-9956-ffa450edef68,1,0.003875968992248062,25.0,25.0,0.0,0.0,519.925925925926,1616.0414045212324,1,0,0.33992647148930055,false
transaction/transaction-blueprint/src/test/java/org/apache/aries/transaction/AnnotationParserTest.java,55.0,15.0,0.0,6.0,31.0,17.0,7.0,cumminsh@13f79535-47bb-0310-9956-ffa450edef68,1,0.003875968992248062,25.0,25.0,0.0,0.0,519.925925925926,1616.0414045212324,1,0,0.33992647148930055,false
transaction/transaction-blueprint/src/test/java/org/apache/aries/transaction/pojo/AnnotatedPojo.java,10.0,2.0,3.0,3.0,0.0,5.0,7.0,cumminsh@13f79535-47bb-0310-9956-ffa450edef68,1,0.003875968992248062,50.0,50.0,0.0,0.0,519.925925925926,1616.0414045212324,1,0,0.33992647148930055,false
transaction/transaction-blueprint/src/test/java/org/apache/aries/transaction/pojo/BadlyAnnotatedPojo1.java,12.0,2.0,6.0,4.0,0.0,6.0,7.0,cumminsh@13f79535-47bb-0310-9956-ffa450edef68,1,0.003875968992248062,50.0,50.0,0.0,0.0,519.925925925926,1616.0414045212324,1,0,0.33992647148930055,false
transaction/transaction-blueprint/src/test/java/org/apache/aries/transaction/pojo/BadlyAnnotatedPojo2.java,12.0,2.0,6.0,4.0,0.0,6.0,7.0,cumminsh@13f79535-47bb-0310-9956-ffa450edef68,1,0.003875968992248062,33.0,33.0,0.0,0.0,519.925925925926,1616.0414045212324,1,0,0.33992647148930055,false
transaction/transaction-manager/src/main/java/org/apache/aries/transaction/HOWLLog.java,270.0,26.0,39.0,42.0,73.0,83.0,2.0,gnodet@13f79535-47bb-0310-9956-ffa450edef68,1,0.003875968992248062,50.0,0.0,0.0,0.0,1264.111111111111,21316.0,1,0,2.156205557891674,true
transaction/transaction-manager/src/main/java/org/apache/aries/transaction/TransactionManagerService.java,148.0,18.0,0.0,6.0,25.0,26.0,2.0,gnodet@13f79535-47bb-0310-9956-ffa450edef68,1,0.003875968992248062,33.0,0.0,11.0,0.0,1264.111111111111,21316.0,1,1,2.156205557891674,true
transaction/transaction-manager/src/main/java/org/apache/aries/transaction/XidFactoryImpl.java,72.0,3.0,8.0,8.0,7.0,20.0,4.0,gnodet@13f79535-47bb-0310-9956-ffa450edef68,1,0.003875968992248062,50.0,0.0,50.0,0.0,1264.111111111111,21316.0,1,0,2.156205557891674,false
transaction/transaction-manager/src/main/java/org/objectweb/howl/log/Logger.java,276.0,1.0,17.0,18.0,30.0,73.0,1.0,gnodet@13f79535-47bb-0310-9956-ffa450edef68,1,0.003875968992248062,100.0,0.0,0.0,0.0,1264.111111111111,21316.0,1,0,2.156205557891674,false
transaction/transaction-manager/src/test/java/org/apache/aries/transaction/LogTest.java,108.0,14.0,6.0,4.0,22.0,13.0,2.0,gnodet@13f79535-47bb-0310-9956-ffa450edef68,1,0.003875968992248062,50.0,50.0,0.0,0.0,1264.111111111111,21316.0,1,0,2.156205557891674,false
transaction/transaction-manager/src/test/java/org/apache/aries/transaction/XidFactoryImplTest.java,30.0,7.0,1.0,2.0,14.0,4.0,4.0,gnodet@13f79535-47bb-0310-9956-ffa450edef68,1,0.003875968992248062,50.0,0.0,50.0,0.0,1264.111111111111,21316.0,1,0,2.156205557891674,false
util/util-r42/src/main/java/org/apache/aries/util/tracker/InternalRecursiveBundleTracker.java,81.0,9.0,0.0,6.0,22.0,17.0,0.0,cumminsh@13f79535-47bb-0310-9956-ffa450edef68,0,0.0,0.0,0.0,0.0,0.0,0.0,0.0,0,0,0.0,true
util/util/src/main/java/org/apache/aries/util/tracker/RecursiveBundleTracker.java,62.0,6.0,0.0,4.0,4.0,12.0,1.0,cumminsh@13f79535-47bb-0310-9956-ffa450edef68,1,0.003875968992248062,25.0,25.0,0.0,0.0,1026.111111111111,19184.4,1,1,2.4799926349855714,true
util/util/src/test/java/org/apache/aries/util/RecursiveBundleTrackerTest.java,61.0,16.0,41.0,10.0,25.0,13.0,0.0,cumminsh@13f79535-47bb-0310-9956-ffa450edef68,0,0.0,0.0,0.0,0.0,0.0,0.0,0.0,0,0,0.0,true
