name,LOC,CBO,LCOM,NOM,RFC,WMC,ACS,Ownership,numOfChanges,numberOfFIChanges,ENH,NF,BugFixing,REF,structuralWorkloadSum,semanticWorkloadSum,numberOfDeveloper,pastFaults,MAF,isBuggy
blueprint/blueprint-core/src/main/java/org/apache/aries/blueprint/container/AbstractServiceReferenceRecipe.java,489.0,39.0,593.0,39.0,125.0,121.0,0.0,gnodet@13f79535-47bb-0310-9956-ffa450edef68,0,0.0,0.0,0.0,0.0,0.0,0.0,0.0,0,3,0.0,true
blueprint/blueprint-core/src/main/java/org/apache/aries/blueprint/container/BeanRecipe.java,860.0,37.0,885.0,47.0,194.0,151.0,13.0,null,0,0.0,0.0,0.0,0.0,0.0,0.0,0.0,0,2,0.0,true
blueprint/blueprint-core/src/main/java/org/apache/aries/blueprint/container/BlueprintContainerImpl.java,776.0,75.0,723.0,51.0,245.0,171.0,6.0,null,2,0.02531645569620253,6.0,0.0,3.0,0.0,333.55555555555554,1386.9178337747762,2,10,2.789707655561401,true
blueprint/blueprint-core/src/main/java/org/apache/aries/blueprint/container/BlueprintExtender.java,406.0,36.0,262.0,28.0,139.0,94.0,1.0,gnodet@13f79535-47bb-0310-9956-ffa450edef68,2,0.02531645569620253,17.0,0.0,0.0,0.0,333.55555555555554,1386.9178337747762,2,2,2.032540347395472,true
blueprint/blueprint-core/src/main/java/org/apache/aries/blueprint/container/ExecutorServiceWrapper.java,89.0,6.0,4.0,9.0,28.0,28.0,0.0,gnodet@13f79535-47bb-0310-9956-ffa450edef68,0,0.0,0.0,0.0,0.0,0.0,0.0,0.0,0,1,0.0,false
blueprint/blueprint-core/src/main/java/org/apache/aries/blueprint/container/ReferenceListRecipe.java,303.0,17.0,7.0,7.0,24.0,25.0,0.0,gnodet@13f79535-47bb-0310-9956-ffa450edef68,0,0.0,0.0,0.0,0.0,0.0,0.0,0.0,0,4,0.0,true
blueprint/blueprint-core/src/main/java/org/apache/aries/blueprint/container/ReferenceRecipe.java,215.0,21.0,30.0,13.0,51.0,47.0,0.0,gnodet@13f79535-47bb-0310-9956-ffa450edef68,0,0.0,0.0,0.0,0.0,0.0,0.0,0.0,0,4,0.0,true
blueprint/blueprint-core/src/main/java/org/apache/aries/blueprint/container/ServiceRecipe.java,439.0,44.0,185.0,27.0,99.0,91.0,0.0,gnodet@13f79535-47bb-0310-9956-ffa450edef68,0,0.0,0.0,0.0,0.0,0.0,0.0,0.0,0,3,0.0,true
blueprint/blueprint-core/src/test/java/org/apache/aries/blueprint/TestBlueprintContainer.java,47.0,15.0,0.0,5.0,19.0,15.0,0.0,gnodet@13f79535-47bb-0310-9956-ffa450edef68,0,0.0,0.0,0.0,0.0,0.0,0.0,0.0,0,2,0.0,true
blueprint/blueprint-core/src/test/java/org/apache/aries/blueprint/container/BeanRecipeTest.java,215.0,11.0,21.0,7.0,45.0,17.0,0.0,gnodet@13f79535-47bb-0310-9956-ffa450edef68,0,0.0,0.0,0.0,0.0,0.0,0.0,0.0,0,3,0.0,true
blueprint/blueprint-noosgi/src/main/java/org/apache/aries/blueprint/container/BlueprintContainerImpl.java,266.0,21.0,72.0,21.0,82.0,69.0,6.0,gnodet@13f79535-47bb-0310-9956-ffa450edef68,1,0.012658227848101266,50.0,33.0,0.0,0.0,333.55555555555554,1386.9178337747762,1,0,1.7346010553881064,true
blueprint/blueprint-noosgi/src/main/java/org/apache/aries/blueprint/container/GenericType.java,181.0,6.0,15.0,10.0,39.0,39.0,15.0,gnodet@13f79535-47bb-0310-9956-ffa450edef68,1,0.012658227848101266,100.0,0.0,0.0,0.0,333.55555555555554,1386.9178337747762,1,0,1.7346010553881064,false
blueprint/blueprint-noosgi/src/main/java/org/apache/aries/blueprint/container/NoOsgiBlueprintRepository.java,19.0,6.0,1.0,2.0,3.0,7.0,15.0,gnodet@13f79535-47bb-0310-9956-ffa450edef68,1,0.012658227848101266,100.0,0.0,0.0,0.0,333.55555555555554,1386.9178337747762,1,0,1.7346010553881064,false
blueprint/blueprint-noosgi/src/main/java/org/apache/aries/blueprint/container/NoOsgiRecipeBuilder.java,214.0,10.0,59.0,15.0,91.0,47.0,15.0,gnodet@13f79535-47bb-0310-9956-ffa450edef68,1,0.012658227848101266,100.0,0.0,0.0,0.0,333.55555555555554,1386.9178337747762,1,0,1.7346010553881064,false
blueprint/blueprint-noosgi/src/main/java/org/apache/aries/blueprint/container/SimpleNamespaceHandlerSet.java,40.0,12.0,22.0,8.0,10.0,18.0,15.0,gnodet@13f79535-47bb-0310-9956-ffa450edef68,1,0.012658227848101266,50.0,0.0,0.0,0.0,333.55555555555554,1386.9178337747762,1,0,1.7346010553881064,true
blueprint/blueprint-noosgi/src/main/java/org/apache/aries/blueprint/ext/AbstractPropertyPlaceholder.java,279.0,30.0,91.0,19.0,71.0,56.0,11.0,gnodet@13f79535-47bb-0310-9956-ffa450edef68,1,0.012658227848101266,100.0,50.0,0.0,0.0,333.55555555555554,1386.9178337747762,1,0,1.7346010553881064,false
blueprint/blueprint-noosgi/src/main/java/org/apache/aries/blueprint/ext/PropertyPlaceholder.java,142.0,11.0,154.0,20.0,17.0,45.0,5.0,gnodet@13f79535-47bb-0310-9956-ffa450edef68,1,0.012658227848101266,100.0,67.0,0.0,0.0,333.55555555555554,1386.9178337747762,1,0,1.7346010553881064,false
blueprint/blueprint-noosgi/src/main/java/org/apache/aries/blueprint/ext/impl/ExtNamespaceHandler.java,288.0,14.0,204.0,21.0,104.0,77.0,5.0,gnodet@13f79535-47bb-0310-9956-ffa450edef68,1,0.012658227848101266,100.0,50.0,0.0,0.0,333.55555555555554,1386.9178337747762,1,0,1.7346010553881064,false
blueprint/blueprint-noosgi/src/main/java/org/apache/aries/blueprint/services/ExtendedBlueprintContainer.java,8.0,7.0,15.0,6.0,0.0,7.0,9.0,gnodet@13f79535-47bb-0310-9956-ffa450edef68,1,0.012658227848101266,100.0,67.0,0.0,0.0,333.55555555555554,1386.9178337747762,1,0,1.7346010553881064,false
blueprint/blueprint-noosgi/src/test/java/org.apache.aries.blueprint/BlueprintContainerTest.java,18.0,6.0,1.0,2.0,17.0,4.0,8.0,gnodet@13f79535-47bb-0310-9956-ffa450edef68,1,0.012658227848101266,75.0,25.0,0.0,0.0,333.55555555555554,1386.9178337747762,1,0,1.7346010553881064,false
blueprint/blueprint-noosgi/src/test/java/org.apache.aries.blueprint/sample/Bar.java,19.0,1.0,0.0,5.0,1.0,8.0,15.0,gnodet@13f79535-47bb-0310-9956-ffa450edef68,1,0.012658227848101266,50.0,0.0,0.0,0.0,333.55555555555554,1386.9178337747762,1,0,1.7346010553881064,false
blueprint/blueprint-noosgi/src/test/java/org.apache.aries.blueprint/sample/CurrencyTypeConverter.java,8.0,3.0,1.0,2.0,4.0,7.0,14.0,gnodet@13f79535-47bb-0310-9956-ffa450edef68,1,0.012658227848101266,50.0,0.0,0.0,0.0,333.55555555555554,1386.9178337747762,1,0,1.7346010553881064,false
blueprint/blueprint-noosgi/src/test/java/org.apache.aries.blueprint/sample/DateTypeConverter.java,12.0,5.0,1.0,3.0,4.0,9.0,14.0,gnodet@13f79535-47bb-0310-9956-ffa450edef68,1,0.012658227848101266,50.0,0.0,0.0,0.0,333.55555555555554,1386.9178337747762,1,0,1.7346010553881064,false
blueprint/blueprint-noosgi/src/test/java/org.apache.aries.blueprint/sample/Foo.java,63.0,4.0,96.0,17.0,2.0,26.0,17.0,gnodet@13f79535-47bb-0310-9956-ffa450edef68,1,0.012658227848101266,50.0,0.0,0.0,0.0,333.55555555555554,1386.9178337747762,1,0,1.7346010553881064,false
jmx/jmx-blueprint-core/src/main/java/org/apache/aries/jmx/blueprint/impl/Activator.java,95.0,17.0,0.0,4.0,10.0,8.0,4.0,gnodet@13f79535-47bb-0310-9956-ffa450edef68,0,0.0,0.0,0.0,0.0,0.0,0.0,0.0,0,1,0.0,true
jmx/jmx-core/src/main/java/org/apache/aries/jmx/agent/JMXAgentImpl.java,263.0,29.0,0.0,12.0,43.0,35.0,0.0,gnodet@13f79535-47bb-0310-9956-ffa450edef68,0,0.0,0.0,0.0,0.0,0.0,0.0,0.0,0,2,0.0,true
jmx/jmx-core/src/main/java/org/apache/aries/jmx/codec/GroupData.java,99.0,11.0,0.0,8.0,12.0,18.0,6.0,davidb@13f79535-47bb-0310-9956-ffa450edef68,1,0.012658227848101266,20.0,0.0,0.0,0.0,0.0,7.20585981189549,1,1,0.5676695227425194,true
jmx/jmx-core/src/main/java/org/apache/aries/jmx/codec/RoleData.java,131.0,16.0,25.0,11.0,27.0,29.0,6.0,davidb@13f79535-47bb-0310-9956-ffa450edef68,1,0.012658227848101266,20.0,0.0,0.0,0.0,0.0,7.20585981189549,1,1,0.5676695227425194,true
jmx/jmx-core/src/main/java/org/apache/aries/jmx/codec/UserData.java,73.0,12.0,13.0,6.0,14.0,14.0,6.0,davidb@13f79535-47bb-0310-9956-ffa450edef68,1,0.012658227848101266,25.0,0.0,0.0,0.0,0.0,7.20585981189549,1,1,0.5676695227425194,true
jndi/jndi-core/src/main/java/org/apache/aries/jndi/DirObjectFactoryHelper.java,106.0,13.0,15.0,6.0,23.0,28.0,0.0,hughesj@13f79535-47bb-0310-9956-ffa450edef68,0,0.0,0.0,0.0,0.0,0.0,0.0,0.0,0,0,0.0,false
jpa/jpa-container-context/src/main/java/org/apache/aries/jpa/container/context/impl/GlobalPersistenceManager.java,220.0,22.0,0.0,14.0,79.0,42.0,0.0,timothyjward@13f79535-47bb-0310-9956-ffa450edef68,0,0.0,0.0,0.0,0.0,0.0,0.0,0.0,0,1,0.0,false
proxy/proxy-impl/src/main/java/org/apache/aries/proxy/impl/ProxyManagerActivator.java,35.0,6.0,0.0,2.0,7.0,6.0,0.0,gnodet@13f79535-47bb-0310-9956-ffa450edef68,0,0.0,0.0,0.0,0.0,0.0,0.0,0.0,0,0,0.0,true
subsystem/subsystem-core/src/main/java/org/apache/aries/subsystem/core/archive/ProvideCapabilityHeader.java,121.0,12.0,7.0,6.0,14.0,17.0,0.0,jwross@13f79535-47bb-0310-9956-ffa450edef68,0,0.0,0.0,0.0,0.0,0.0,0.0,0.0,0,0,0.0,false
subsystem/subsystem-core/src/main/java/org/apache/aries/subsystem/core/internal/AbstractCapability.java,19.0,1.0,3.0,3.0,16.0,8.0,12.0,jwross@13f79535-47bb-0310-9956-ffa450edef68,0,0.0,0.0,0.0,0.0,0.0,0.0,0.0,0,0,0.0,false
subsystem/subsystem-core/src/main/java/org/apache/aries/subsystem/core/internal/Activator.java,205.0,27.0,178.0,25.0,47.0,65.0,4.0,jwross@13f79535-47bb-0310-9956-ffa450edef68,1,0.012658227848101266,3.0,3.0,3.0,3.0,597.5384615384615,1923.1837786115811,1,9,1.6475896783984767,true
subsystem/subsystem-core/src/main/java/org/apache/aries/subsystem/core/internal/BundleDirectory.java,123.0,15.0,159.0,19.0,16.0,45.0,0.0,jwross@13f79535-47bb-0310-9956-ffa450edef68,0,0.0,0.0,0.0,0.0,0.0,0.0,0.0,0,0,0.0,false
subsystem/subsystem-core/src/main/java/org/apache/aries/subsystem/core/internal/BundleEventHook.java,87.0,13.0,35.0,11.0,41.0,33.0,4.0,jwross@13f79535-47bb-0310-9956-ffa450edef68,1,0.012658227848101266,15.0,15.0,15.0,8.0,597.5384615384615,1923.1837786115811,1,4,1.6475896783984767,true
subsystem/subsystem-core/src/main/java/org/apache/aries/subsystem/core/internal/BundleResource.java,146.0,38.0,78.0,21.0,101.0,60.0,1.0,jwross@13f79535-47bb-0310-9956-ffa450edef68,1,0.012658227848101266,8.0,0.0,8.0,0.0,597.5384615384615,1923.1837786115811,1,5,1.6475896783984767,true
subsystem/subsystem-core/src/main/java/org/apache/aries/subsystem/core/internal/BundleResourceInstaller.java,109.0,21.0,10.0,5.0,14.0,13.0,0.0,jwross@13f79535-47bb-0310-9956-ffa450edef68,0,0.0,0.0,0.0,0.0,0.0,0.0,0.0,0,7,0.0,true
subsystem/subsystem-core/src/main/java/org/apache/aries/subsystem/core/internal/BundleRevisionResource.java,75.0,16.0,3.0,7.0,45.0,24.0,5.0,davidb@13f79535-47bb-0310-9956-ffa450edef68,1,0.012658227848101266,14.0,14.0,0.0,0.0,597.5384615384615,1923.1837786115811,1,0,1.6475896783984767,true
subsystem/subsystem-core/src/main/java/org/apache/aries/subsystem/core/internal/Constants.java,11.0,1.0,0.0,1.0,0.0,1.0,0.0,jwross@13f79535-47bb-0310-9956-ffa450edef68,0,0.0,0.0,0.0,0.0,0.0,0.0,0.0,0,2,0.0,true
subsystem/subsystem-core/src/main/java/org/apache/aries/subsystem/core/internal/DependencyCalculator.java,83.0,18.0,0.0,2.0,8.0,6.0,0.0,jwross@13f79535-47bb-0310-9956-ffa450edef68,0,0.0,0.0,0.0,0.0,0.0,0.0,0.0,0,1,0.0,true
subsystem/subsystem-core/src/main/java/org/apache/aries/subsystem/core/internal/RawSubsystemResource.java,333.0,45.0,941.0,47.0,182.0,156.0,0.0,jwross@13f79535-47bb-0310-9956-ffa450edef68,0,0.0,0.0,0.0,0.0,0.0,0.0,0.0,0,8,0.0,true
subsystem/subsystem-core/src/main/java/org/apache/aries/subsystem/core/internal/RegionContextBundleHelper.java,44.0,12.0,0.0,4.0,25.0,14.0,0.0,jwross@13f79535-47bb-0310-9956-ffa450edef68,0,0.0,0.0,0.0,0.0,0.0,0.0,0.0,0,3,0.0,true
subsystem/subsystem-core/src/main/java/org/apache/aries/subsystem/core/internal/ResourceInstaller.java,81.0,8.0,0.0,15.0,38.0,44.0,0.0,jwross@13f79535-47bb-0310-9956-ffa450edef68,0,0.0,0.0,0.0,0.0,0.0,0.0,0.0,0,6,0.0,true
subsystem/subsystem-core/src/main/java/org/apache/aries/subsystem/core/internal/SubsystemResource.java,513.0,57.0,1702.0,77.0,323.0,256.0,1.0,jwross@13f79535-47bb-0310-9956-ffa450edef68,1,0.012658227848101266,3.0,3.0,3.0,0.0,597.5384615384615,1923.1837786115811,1,11,1.6475896783984767,true
subsystem/subsystem-core/src/main/java/org/apache/aries/subsystem/core/internal/SubsystemResourceInstaller.java,84.0,13.0,105.0,15.0,52.0,43.0,2.0,jwross@13f79535-47bb-0310-9956-ffa450edef68,1,0.012658227848101266,14.0,7.0,7.0,7.0,597.5384615384615,1923.1837786115811,1,5,1.6475896783984767,true
subsystem/subsystem-core/src/main/java/org/apache/aries/subsystem/core/internal/Subsystems.java,205.0,19.0,205.0,26.0,79.0,54.0,3.0,jwross@13f79535-47bb-0310-9956-ffa450edef68,1,0.012658227848101266,7.0,0.0,7.0,0.0,597.5384615384615,1923.1837786115811,1,7,1.6475896783984767,true
subsystem/subsystem-itests/src/test/java/org/apache/aries/subsystem/itests/BundleEventHookTest.java,139.0,28.0,0.0,11.0,89.0,36.0,3.0,jwross@13f79535-47bb-0310-9956-ffa450edef68,1,0.012658227848101266,40.0,40.0,20.0,0.0,597.5384615384615,1923.1837786115811,1,0,1.6475896783984767,false
subsystem/subsystem-itests/src/test/java/org/apache/aries/subsystem/itests/ResolutionTest.java,67.0,14.0,9.0,7.0,26.0,20.0,1.0,jwross@13f79535-47bb-0310-9956-ffa450edef68,1,0.012658227848101266,17.0,0.0,0.0,0.0,597.5384615384615,1923.1837786115811,1,1,1.6475896783984767,false
subsystem/subsystem-itests/src/test/java/org/apache/aries/subsystem/itests/ServiceDependencyTest.java,173.0,21.0,187.0,23.0,80.0,75.0,0.0,jwross@13f79535-47bb-0310-9956-ffa450edef68,0,0.0,0.0,0.0,0.0,0.0,0.0,0.0,0,1,0.0,true
subsystem/subsystem-itests/src/test/java/org/apache/aries/subsystem/itests/SubsystemTest.java,709.0,65.0,6719.0,118.0,367.0,253.0,3.0,jwross@13f79535-47bb-0310-9956-ffa450edef68,1,0.012658227848101266,9.0,6.0,5.0,2.0,597.5384615384615,1923.1837786115811,1,15,1.6475896783984767,true
subsystem/subsystem-itests/src/test/java/org/apache/aries/subsystem/itests/UnmanagedBundleTest.java,84.0,8.0,0.0,6.0,31.0,17.0,4.0,cschneider@13f79535-47bb-0310-9956-ffa450edef68,1,0.012658227848101266,25.0,25.0,25.0,25.0,597.5384615384615,1923.1837786115811,1,2,1.6475896783984767,false
subsystem/subsystem-obr/src/main/java/org/apache/aries/subsystem/obr/internal/AbstractCapability.java,19.0,1.0,3.0,3.0,16.0,8.0,12.0,jwross@13f79535-47bb-0310-9956-ffa450edef68,1,0.012658227848101266,100.0,0.0,0.0,100.0,597.5384615384615,1923.1837786115811,1,0,1.6475896783984767,false
subsystem/subsystem-obr/src/main/java/org/apache/aries/subsystem/obr/internal/AbstractRequirement.java,19.0,1.0,3.0,3.0,18.0,8.0,12.0,jwross@13f79535-47bb-0310-9956-ffa450edef68,1,0.012658227848101266,100.0,0.0,0.0,100.0,597.5384615384615,1923.1837786115811,1,0,1.6475896783984767,false
subsystem/subsystem-obr/src/main/java/org/apache/aries/subsystem/obr/internal/Activator.java,23.0,10.0,0.0,4.0,13.0,9.0,4.0,gmcdonald@13f79535-47bb-0310-9956-ffa450edef68,0,0.0,0.0,0.0,0.0,0.0,0.0,0.0,0,0,0.0,false
subsystem/subsystem-obr/src/main/java/org/apache/aries/subsystem/obr/internal/FelixCapabilityAdapter.java,25.0,4.0,2.0,5.0,9.0,13.0,7.0,jwross@13f79535-47bb-0310-9956-ffa450edef68,1,0.012658227848101266,50.0,0.0,25.0,25.0,597.5384615384615,1923.1837786115811,1,0,1.6475896783984767,false
subsystem/subsystem-obr/src/main/java/org/apache/aries/subsystem/obr/internal/FelixProperty.java,33.0,6.0,7.0,7.0,4.0,16.0,0.0,jwross@13f79535-47bb-0310-9956-ffa450edef68,0,0.0,0.0,0.0,0.0,0.0,0.0,0.0,0,0,0.0,false
subsystem/subsystem-obr/src/main/java/org/apache/aries/subsystem/obr/internal/FelixRepositoryAdapter.java,85.0,17.0,0.0,4.0,26.0,16.0,12.0,jwross@13f79535-47bb-0310-9956-ffa450edef68,1,0.012658227848101266,33.0,0.0,0.0,33.0,597.5384615384615,1923.1837786115811,1,0,1.6475896783984767,false
subsystem/subsystem-obr/src/main/java/org/apache/aries/subsystem/obr/internal/FelixRequirementAdapter.java,27.0,6.0,1.0,6.0,9.0,13.0,6.0,jwross@13f79535-47bb-0310-9956-ffa450edef68,1,0.012658227848101266,50.0,0.0,25.0,25.0,597.5384615384615,1923.1837786115811,1,0,1.6475896783984767,false
subsystem/subsystem-obr/src/main/java/org/apache/aries/subsystem/obr/internal/FelixResourceAdapter.java,64.0,11.0,9.0,7.0,33.0,21.0,12.0,jwross@13f79535-47bb-0310-9956-ffa450edef68,1,0.012658227848101266,33.0,0.0,0.0,33.0,597.5384615384615,1923.1837786115811,1,0,1.6475896783984767,false
subsystem/subsystem-obr/src/main/java/org/apache/aries/subsystem/obr/internal/NamespaceTranslator.java,20.0,7.0,1.0,2.0,3.0,6.0,0.0,jwross@13f79535-47bb-0310-9956-ffa450edef68,0,0.0,0.0,0.0,0.0,0.0,0.0,0.0,0,0,0.0,false
subsystem/subsystem-obr/src/main/java/org/apache/aries/subsystem/obr/internal/OsgiCapabilityAdapter.java,33.0,6.0,0.0,6.0,19.0,15.0,0.0,jwross@13f79535-47bb-0310-9956-ffa450edef68,0,0.0,0.0,0.0,0.0,0.0,0.0,0.0,0,0,0.0,false
subsystem/subsystem-obr/src/main/java/org/apache/aries/subsystem/obr/internal/OsgiContentCapability.java,23.0,5.0,7.0,6.0,4.0,11.0,12.0,jwross@13f79535-47bb-0310-9956-ffa450edef68,1,0.012658227848101266,50.0,0.0,0.0,50.0,597.5384615384615,1923.1837786115811,1,0,1.6475896783984767,false
subsystem/subsystem-obr/src/main/java/org/apache/aries/subsystem/obr/internal/OsgiIdentityCapability.java,25.0,6.0,7.0,6.0,3.0,11.0,12.0,jwross@13f79535-47bb-0310-9956-ffa450edef68,1,0.012658227848101266,50.0,0.0,0.0,50.0,597.5384615384615,1923.1837786115811,1,0,1.6475896783984767,false
subsystem/subsystem-obr/src/main/java/org/apache/aries/subsystem/obr/internal/OsgiRequirementAdapter.java,33.0,7.0,8.0,8.0,9.0,17.0,7.0,jwross@13f79535-47bb-0310-9956-ffa450edef68,1,0.012658227848101266,50.0,0.0,25.0,25.0,597.5384615384615,1923.1837786115811,1,0,1.6475896783984767,false
subsystem/subsystem-obr/src/main/java/org/apache/aries/subsystem/obr/internal/OsgiResourceAdapter.java,48.0,8.0,10.0,12.0,15.0,27.0,12.0,jwross@13f79535-47bb-0310-9956-ffa450edef68,1,0.012658227848101266,33.0,0.0,0.0,33.0,597.5384615384615,1923.1837786115811,1,0,1.6475896783984767,false
subsystem/subsystem-obr/src/main/java/org/apache/aries/subsystem/obr/internal/RepositoryAdminRepository.java,46.0,16.0,1.0,3.0,17.0,10.0,0.0,jwross@13f79535-47bb-0310-9956-ffa450edef68,0,0.0,0.0,0.0,0.0,0.0,0.0,0.0,0,0,0.0,false
subsystem/subsystem-obr/src/main/java/org/apache/aries/subsystem/obr/internal/ResourceHelper.java,54.0,15.0,28.0,8.0,25.0,22.0,7.0,jwross@13f79535-47bb-0310-9956-ffa450edef68,1,0.012658227848101266,100.0,0.0,0.0,100.0,597.5384615384615,1923.1837786115811,1,0,1.6475896783984767,false
util/util/src/main/java/org/apache/aries/util/tracker/hook/BundleHookBundleTracker.java,591.0,14.0,0.0,14.0,26.0,53.0,0.0,gnodet@13f79535-47bb-0310-9956-ffa450edef68,0,0.0,0.0,0.0,0.0,0.0,0.0,0.0,0,0,0.0,true
versioning/versioning-checker/src/main/java/org/apache/aries/versioning/check/BundleCompatibility.java,424.0,30.0,132.0,20.0,112.0,68.0,1.0,ejiang@13f79535-47bb-0310-9956-ffa450edef68,1,0.012658227848101266,12.0,0.0,0.0,12.0,38.0,13.141363146292228,1,0,3.844814255734696,false
versioning/versioning-checker/src/main/java/org/apache/aries/versioning/utils/ClassDeclaration.java,471.0,12.0,529.0,35.0,161.0,110.0,0.0,ejiang@13f79535-47bb-0310-9956-ffa450edef68,0,0.0,0.0,0.0,0.0,0.0,0.0,0.0,0,2,0.0,false
versioning/versioning-checker/src/main/java/org/apache/aries/versioning/utils/SemanticVersioningUtils.java,142.0,4.0,15.0,7.0,24.0,23.0,0.0,ejiang@13f79535-47bb-0310-9956-ffa450edef68,0,0.0,0.0,0.0,0.0,0.0,0.0,0.0,0,0,0.0,false
versioning/versioning-checker/src/test/java/org/apache/aries/versioning/tests/BinaryCompatibilityTest.java,1207.0,29.0,0.0,53.0,536.0,129.0,0.0,ejiang@13f79535-47bb-0310-9956-ffa450edef68,0,0.0,0.0,0.0,0.0,0.0,0.0,0.0,0,1,0.0,false
versioning/versioning-plugin/src/main/java/org/apache/aries/versioning/mojo/VersionCheckerMojo.java,148.0,21.0,8.0,5.0,42.0,21.0,0.0,dkulp@13f79535-47bb-0310-9956-ffa450edef68,0,0.0,0.0,0.0,0.0,0.0,0.0,0.0,0,0,0.0,true
