name,LOC,CBO,LCOM,NOM,RFC,WMC,ACS,Ownership,numOfChanges,numberOfFIChanges,ENH,NF,BugFixing,REF,structuralWorkloadSum,semanticWorkloadSum,numberOfDeveloper,pastFaults,MAF,isBuggy
application/application-runtime-isolated/src/main/java/org/apache/aries/application/runtime/isolated/impl/ApplicationContextManagerImpl.java,138.0,25.0,0.0,12.0,44.0,35.0,0.0,not@13f79535-47bb-0310-9956-ffa450edef68,0,0.0,0.0,0.0,0.0,0.0,0.0,0.0,0,1,0.0,true
blueprint/blueprint-core/src/main/java/org/apache/aries/blueprint/container/BlueprintContainerImpl.java,782.0,75.0,723.0,51.0,245.0,172.0,10.0,null,1,0.0136986301369863,3.0,3.0,0.0,0.0,630.9756097560976,4628.027627888929,1,11,2.4849066497880004,true
blueprint/blueprint-core/src/main/java/org/apache/aries/blueprint/container/BlueprintExtender.java,409.0,36.0,250.0,28.0,140.0,93.0,0.0,gnodet@13f79535-47bb-0310-9956-ffa450edef68,0,0.0,0.0,0.0,0.0,0.0,0.0,0.0,0,2,0.0,true
blueprint/blueprint-noosgi/src/main/java/org/apache/aries/blueprint/container/BeanRecipe.java,817.0,33.0,865.0,46.0,174.0,145.0,0.0,gnodet@13f79535-47bb-0310-9956-ffa450edef68,0,0.0,0.0,0.0,0.0,0.0,0.0,0.0,0,1,0.0,false
blueprint/blueprint-noosgi/src/main/java/org/apache/aries/blueprint/container/BlueprintContainerImpl.java,281.0,22.0,126.0,24.0,87.0,78.0,10.0,gnodet@13f79535-47bb-0310-9956-ffa450edef68,1,0.0136986301369863,17.0,0.0,0.0,0.0,630.9756097560976,4628.027627888929,1,0,2.4849066497880004,true
blueprint/blueprint-noosgi/src/main/java/org/apache/aries/blueprint/container/SimpleNamespaceHandlerSet.java,57.0,14.0,16.0,9.0,18.0,19.0,2.0,gnodet@13f79535-47bb-0310-9956-ffa450edef68,1,0.0136986301369863,50.0,0.0,0.0,0.0,630.9756097560976,4628.027627888929,1,0,2.4849066497880004,true
blueprint/blueprint-noosgi/src/main/java/org/apache/aries/blueprint/ext/PropertyPlaceholder.java,142.0,11.0,154.0,20.0,18.0,45.0,0.0,gnodet@13f79535-47bb-0310-9956-ffa450edef68,0,0.0,0.0,0.0,0.0,0.0,0.0,0.0,0,0,0.0,false
blueprint/blueprint-noosgi/src/main/java/org/apache/aries/blueprint/ext/impl/ExtNamespaceHandler.java,361.0,17.0,345.0,27.0,127.0,104.0,19.0,gnodet@13f79535-47bb-0310-9956-ffa450edef68,0,0.0,0.0,0.0,0.0,0.0,0.0,0.0,0,0,0.0,false
blueprint/blueprint-noosgi/src/main/java/org/apache/aries/blueprint/services/ExtendedBlueprintContainer.java,9.0,7.0,21.0,7.0,0.0,8.0,0.0,gnodet@13f79535-47bb-0310-9956-ffa450edef68,0,0.0,0.0,0.0,0.0,0.0,0.0,0.0,0,0,0.0,false
blueprint/blueprint-noosgi/src/test/java/org.apache.aries.blueprint/BlueprintContainerTest.java,29.0,6.0,3.0,3.0,28.0,6.0,0.0,gnodet@13f79535-47bb-0310-9956-ffa450edef68,0,0.0,0.0,0.0,0.0,0.0,0.0,0.0,0,0,0.0,false
blueprint/blueprint-sample-war/src/main/java/org/apache/aries/blueprint/sample/Account.java,12.0,0.0,0.0,3.0,0.0,4.0,0.0,gnodet@13f79535-47bb-0310-9956-ffa450edef68,0,0.0,0.0,0.0,0.0,0.0,0.0,0.0,0,1,0.0,false
blueprint/blueprint-sample-war/src/main/java/org/apache/aries/blueprint/sample/AccountFactory.java,12.0,0.0,1.0,3.0,0.0,5.0,0.0,gnodet@13f79535-47bb-0310-9956-ffa450edef68,0,0.0,0.0,0.0,0.0,0.0,0.0,0.0,0,1,0.0,false
blueprint/blueprint-sample-war/src/main/java/org/apache/aries/blueprint/sample/AccountsServlet.java,25.0,8.0,0.0,1.0,12.0,3.0,0.0,gnodet@13f79535-47bb-0310-9956-ffa450edef68,0,0.0,0.0,0.0,0.0,0.0,0.0,0.0,0,1,0.0,false
blueprint/blueprint-sample-war/src/main/java/org/apache/aries/blueprint/sample/CurrencyTypeConverter.java,8.0,3.0,1.0,2.0,4.0,7.0,0.0,gnodet@13f79535-47bb-0310-9956-ffa450edef68,0,0.0,0.0,0.0,0.0,0.0,0.0,0.0,0,1,0.0,false
blueprint/blueprint-sample-war/src/main/java/org/apache/aries/blueprint/sample/DateTypeConverter.java,12.0,5.0,1.0,3.0,4.0,9.0,0.0,gnodet@13f79535-47bb-0310-9956-ffa450edef68,0,0.0,0.0,0.0,0.0,0.0,0.0,0.0,0,1,0.0,false
blueprint/blueprint-sample-war/src/main/java/org/apache/aries/blueprint/sample/Foo.java,56.0,4.0,75.0,15.0,2.0,23.0,0.0,gnodet@13f79535-47bb-0310-9956-ffa450edef68,0,0.0,0.0,0.0,0.0,0.0,0.0,0.0,0,1,0.0,false
blueprint/blueprint-sample-war/src/main/java/org/apache/aries/blueprint/sample/StaticAccountFactory.java,5.0,0.0,0.0,1.0,0.0,2.0,0.0,gnodet@13f79535-47bb-0310-9956-ffa450edef68,0,0.0,0.0,0.0,0.0,0.0,0.0,0.0,0,1,0.0,false
blueprint/blueprint-web/src/main/java/org/apache/aries/blueprint/web/BlueprintContextListener.java,61.0,14.0,0.0,2.0,21.0,7.0,0.0,sergeyb@13f79535-47bb-0310-9956-ffa450edef68,0,0.0,0.0,0.0,0.0,0.0,0.0,0.0,0,3,0.0,false
jmx/jmx-api/src/main/java/org/osgi/jmx/framework/FrameworkMBean.java,294.0,6.0,528.0,33.0,0.0,130.0,0.0,davidb@13f79535-47bb-0310-9956-ffa450edef68,0,0.0,0.0,0.0,0.0,0.0,0.0,0.0,0,2,0.0,true
jpa/jpa-container/src/main/java/org/apache/aries/jpa/container/unit/impl/TempBundleDelegatingClassLoader.java,128.0,16.0,41.0,11.0,35.0,35.0,0.0,timothyjward@13f79535-47bb-0310-9956-ffa450edef68,0,0.0,0.0,0.0,0.0,0.0,0.0,0.0,0,0,0.0,false
jpa/jpa-container/src/main/java/org/apache/aries/jpa/container/weaving/impl/TransformerRegistryFactory.java,31.0,5.0,0.0,1.0,0.0,4.0,0.0,timothyjward@13f79535-47bb-0310-9956-ffa450edef68,0,0.0,0.0,0.0,0.0,0.0,0.0,0.0,0,1,0.0,true
samples/twitter/twitter-bundle/src/main/java/org/apache/aries/sample/twitter/TwitterQuery.java,19.0,8.0,1.0,2.0,8.0,6.0,1.0,not@13f79535-47bb-0310-9956-ffa450edef68,1,0.0136986301369863,50.0,0.0,0.0,0.0,0.0,0.0,1,0,4.0943445622221,false
subsystem/subsystem-api/src/main/java/org/apache/aries/subsystem/AriesSubsystem.java,22.0,7.0,6.0,4.0,0.0,11.0,0.0,jwross@13f79535-47bb-0310-9956-ffa450edef68,0,0.0,0.0,0.0,0.0,0.0,0.0,0.0,0,0,0.0,false
subsystem/subsystem-core/src/main/java/org/apache/aries/subsystem/core/internal/AbstractAction.java,38.0,5.0,0.0,4.0,13.0,15.0,1.0,jwross@13f79535-47bb-0310-9956-ffa450edef68,1,0.0136986301369863,33.0,0.0,11.0,11.0,200.1818181818182,5819.000000000001,1,2,0.8362480242006186,true
subsystem/subsystem-core/src/main/java/org/apache/aries/subsystem/core/internal/BasicSubsystem.java,409.0,45.0,1357.0,54.0,263.0,171.0,3.0,jwross@13f79535-47bb-0310-9956-ffa450edef68,1,0.0136986301369863,20.0,0.0,20.0,0.0,200.1818181818182,5819.000000000001,1,1,0.8362480242006186,true
subsystem/subsystem-core/src/main/java/org/apache/aries/subsystem/core/internal/BundleRevisionResource.java,75.0,16.0,3.0,7.0,45.0,24.0,2.0,davidb@13f79535-47bb-0310-9956-ffa450edef68,1,0.0136986301369863,29.0,0.0,0.0,0.0,200.1818181818182,5819.000000000001,1,0,0.8362480242006186,true
subsystem/subsystem-core/src/main/java/org/apache/aries/subsystem/core/internal/RegionUpdater.java,85.0,14.0,0.0,13.0,62.0,45.0,0.0,jwross@13f79535-47bb-0310-9956-ffa450edef68,0,0.0,0.0,0.0,0.0,0.0,0.0,0.0,0,0,0.0,false
subsystem/subsystem-core/src/main/java/org/apache/aries/subsystem/core/internal/ResourceHelper.java,98.0,23.0,55.0,11.0,46.0,33.0,0.0,jwross@13f79535-47bb-0310-9956-ffa450edef68,0,0.0,0.0,0.0,0.0,0.0,0.0,0.0,0,2,0.0,true
subsystem/subsystem-core/src/main/java/org/apache/aries/subsystem/core/internal/StartAction.java,164.0,35.0,79.0,15.0,116.0,56.0,5.0,jwross@13f79535-47bb-0310-9956-ffa450edef68,1,0.0136986301369863,5.0,0.0,0.0,5.0,200.1818181818182,5819.000000000001,1,4,0.8362480242006186,true
subsystem/subsystem-core/src/main/java/org/apache/aries/subsystem/core/internal/StopAction.java,57.0,16.0,10.0,5.0,33.0,20.0,3.0,jwross@13f79535-47bb-0310-9956-ffa450edef68,1,0.0136986301369863,9.0,0.0,9.0,0.0,200.1818181818182,5819.000000000001,1,4,0.8362480242006186,true
subsystem/subsystem-core/src/main/java/org/apache/aries/subsystem/core/internal/SubsystemResource.java,513.0,57.0,1702.0,77.0,323.0,256.0,0.0,jwross@13f79535-47bb-0310-9956-ffa450edef68,0,0.0,0.0,0.0,0.0,0.0,0.0,0.0,0,12,0.0,true
subsystem/subsystem-core/src/main/java/org/apache/aries/subsystem/core/internal/SubsystemResourceInstaller.java,84.0,12.0,105.0,15.0,52.0,43.0,5.0,jwross@13f79535-47bb-0310-9956-ffa450edef68,1,0.0136986301369863,7.0,0.0,0.0,7.0,200.1818181818182,5819.000000000001,1,6,0.8362480242006186,true
subsystem/subsystem-core/src/main/java/org/apache/aries/subsystem/core/internal/SubsystemServiceRegistrar.java,109.0,13.0,13.0,10.0,59.0,31.0,1.0,jwross@13f79535-47bb-0310-9956-ffa450edef68,1,0.0136986301369863,11.0,0.0,11.0,0.0,200.1818181818182,5819.000000000001,1,3,0.8362480242006186,false
subsystem/subsystem-core/src/main/java/org/apache/aries/subsystem/core/internal/Subsystems.java,206.0,20.0,205.0,26.0,85.0,54.0,0.0,jwross@13f79535-47bb-0310-9956-ffa450edef68,0,0.0,0.0,0.0,0.0,0.0,0.0,0.0,0,8,0.0,true
subsystem/subsystem-core/src/main/java/org/apache/aries/subsystem/core/internal/UninstallAction.java,21.0,2.0,1.0,2.0,10.0,5.0,0.0,jwross@13f79535-47bb-0310-9956-ffa450edef68,0,0.0,0.0,0.0,0.0,0.0,0.0,0.0,0,3,0.0,true
subsystem/subsystem-core/src/test/java/org/apache/aries/subsystem/core/archive/ImportPackageHeaderTest.java,32.0,4.0,15.0,6.0,16.0,9.0,0.0,jwross@13f79535-47bb-0310-9956-ffa450edef68,0,0.0,0.0,0.0,0.0,0.0,0.0,0.0,0,0,0.0,true
subsystem/subsystem-core/src/test/java/org/apache/aries/subsystem/core/internal/LocationTest.java,26.0,5.0,0.0,1.0,8.0,3.0,0.0,davidb@13f79535-47bb-0310-9956-ffa450edef68,0,0.0,0.0,0.0,0.0,0.0,0.0,0.0,0,1,0.0,true
subsystem/subsystem-core/src/test/java/org/apache/aries/subsystem/core/internal/ResourceHelperTest.java,32.0,8.0,15.0,6.0,48.0,6.0,0.0,jwross@13f79535-47bb-0310-9956-ffa450edef68,0,0.0,0.0,0.0,0.0,0.0,0.0,0.0,0,0,0.0,true
subsystem/subsystem-itests/src/test/classes/a/A.java,2.0,0.0,0.0,0.0,0.0,0.0,8.0,jwross@13f79535-47bb-0310-9956-ffa450edef68,1,0.0136986301369863,100.0,100.0,100.0,100.0,200.1818181818182,5819.000000000001,1,0,0.8362480242006186,false
subsystem/subsystem-itests/src/test/classes/b/B.java,2.0,0.0,0.0,0.0,0.0,0.0,8.0,jwross@13f79535-47bb-0310-9956-ffa450edef68,1,0.0136986301369863,100.0,100.0,100.0,100.0,200.1818181818182,5819.000000000001,1,0,0.8362480242006186,false
subsystem/subsystem-itests/src/test/java/org/apache/aries/subsystem/itests/AriesSubsystemTest.java,196.0,30.0,49.0,19.0,105.0,47.0,0.0,jwross@13f79535-47bb-0310-9956-ffa450edef68,0,0.0,0.0,0.0,0.0,0.0,0.0,0.0,0,1,0.0,true
subsystem/subsystem-itests/src/test/java/org/apache/aries/subsystem/itests/BundleEventHookTest.java,139.0,21.0,0.0,11.0,89.0,36.0,0.0,jwross@13f79535-47bb-0310-9956-ffa450edef68,0,0.0,0.0,0.0,0.0,0.0,0.0,0.0,0,1,0.0,false
subsystem/subsystem-itests/src/test/java/org/apache/aries/subsystem/itests/DynamicImportTest.java,114.0,33.0,20.0,9.0,62.0,28.0,0.0,mnuttall@13f79535-47bb-0310-9956-ffa450edef68,0,0.0,0.0,0.0,0.0,0.0,0.0,0.0,0,2,0.0,false
subsystem/subsystem-itests/src/test/java/org/apache/aries/subsystem/itests/FeatureTest.java,198.0,13.0,78.0,13.0,90.0,43.0,0.0,jwross@13f79535-47bb-0310-9956-ffa450edef68,0,0.0,0.0,0.0,0.0,0.0,0.0,0.0,0,8,0.0,true
subsystem/subsystem-itests/src/test/java/org/apache/aries/subsystem/itests/InstallTest.java,151.0,22.0,81.0,15.0,71.0,42.0,8.0,jwross@13f79535-47bb-0310-9956-ffa450edef68,1,0.0136986301369863,5.0,5.0,5.0,5.0,200.1818181818182,5819.000000000001,1,6,0.8362480242006186,true
subsystem/subsystem-itests/src/test/java/org/apache/aries/subsystem/itests/ResolutionTest.java,72.0,16.0,9.0,7.0,33.0,20.0,5.0,jwross@13f79535-47bb-0310-9956-ffa450edef68,1,0.0136986301369863,33.0,17.0,0.0,17.0,200.1818181818182,5819.000000000001,1,1,0.8362480242006186,false
subsystem/subsystem-itests/src/test/java/org/apache/aries/subsystem/itests/SubsystemTest.java,724.0,65.0,7076.0,121.0,373.0,261.0,2.0,jwross@13f79535-47bb-0310-9956-ffa450edef68,1,0.0136986301369863,2.0,2.0,0.0,0.0,200.1818181818182,5819.000000000001,1,18,0.8362480242006186,true
subsystem/subsystem-obr/src/main/java/org/apache/aries/subsystem/obr/internal/FelixCapabilityAdapter.java,26.0,5.0,2.0,5.0,10.0,13.0,0.0,jwross@13f79535-47bb-0310-9956-ffa450edef68,0,0.0,0.0,0.0,0.0,0.0,0.0,0.0,0,1,0.0,false
subsystem/subsystem-obr/src/main/java/org/apache/aries/subsystem/obr/internal/FelixRequirementAdapter.java,34.0,6.0,5.0,7.0,13.0,16.0,0.0,jwross@13f79535-47bb-0310-9956-ffa450edef68,0,0.0,0.0,0.0,0.0,0.0,0.0,0.0,0,1,0.0,false
subsystem/subsystem-obr/src/main/java/org/apache/aries/subsystem/obr/internal/OsgiRequirementAdapter.java,34.0,8.0,0.0,8.0,12.0,17.0,0.0,jwross@13f79535-47bb-0310-9956-ffa450edef68,0,0.0,0.0,0.0,0.0,0.0,0.0,0.0,0,1,0.0,false
subsystem/subsystem-obr/src/test/java/org/apache/aries/subsystem/obr/internal/FelixCapabilityAdapterTest.java,56.0,10.0,15.0,6.0,54.0,9.0,0.0,jwross@13f79535-47bb-0310-9956-ffa450edef68,0,0.0,0.0,0.0,0.0,0.0,0.0,0.0,0,0,0.0,false
subsystem/subsystem-obr/src/test/java/org/apache/aries/subsystem/obr/internal/FelixRequirementAdapterTest.java,34.0,6.0,6.0,4.0,36.0,8.0,0.0,jwross@13f79535-47bb-0310-9956-ffa450edef68,0,0.0,0.0,0.0,0.0,0.0,0.0,0.0,0,0,0.0,false
subsystem/subsystem-obr/src/test/java/org/apache/aries/subsystem/obr/internal/OsgiRequirementAdapterTest.java,41.0,13.0,10.0,5.0,37.0,5.0,0.0,jwross@13f79535-47bb-0310-9956-ffa450edef68,0,0.0,0.0,0.0,0.0,0.0,0.0,0.0,0,0,0.0,false
util/util-r42/src/main/java/org/apache/aries/util/manifest/ManifestProcessor.java,135.0,15.0,15.0,6.0,36.0,28.0,3.0,timothyjward@13f79535-47bb-0310-9956-ffa450edef68,1,0.0136986301369863,50.0,0.0,50.0,0.0,50.0,16.30630927369841,1,0,0.958850346292951,true
util/util-r42/src/main/java/org/apache/aries/util/tracker/SingleServiceTracker.java,132.0,9.0,0.0,9.0,28.0,26.0,0.0,timothyjward@13f79535-47bb-0310-9956-ffa450edef68,0,0.0,0.0,0.0,0.0,0.0,0.0,0.0,0,1,0.0,true
util/util-r42/src/test/java/org/apache/aries/util/SingleServiceTrackerTest.java,93.0,14.0,0.0,13.0,72.0,21.0,0.0,timothyjward@13f79535-47bb-0310-9956-ffa450edef68,0,0.0,0.0,0.0,0.0,0.0,0.0,0.0,0,1,0.0,true
util/util-r42/src/test/java/org/apache/aries/util/manifest/BundleManifestTest.java,85.0,15.0,0.0,11.0,65.0,30.0,3.0,timothyjward@13f79535-47bb-0310-9956-ffa450edef68,1,0.0136986301369863,50.0,0.0,50.0,0.0,50.0,16.30630927369841,1,0,0.958850346292951,true
versioning/versioning-checker/src/main/java/org/apache/aries/versioning/check/BundleCompatibility.java,424.0,30.0,132.0,20.0,112.0,68.0,0.0,ejiang@13f79535-47bb-0310-9956-ffa450edef68,0,0.0,0.0,0.0,0.0,0.0,0.0,0.0,0,0,0.0,false
