name,LOC,CBO,LCOM,NOM,RFC,WMC,ACS,Ownership,numOfChanges,numberOfFIChanges,ENH,NF,BugFixing,REF,structuralWorkloadSum,semanticWorkloadSum,numberOfDeveloper,pastFaults,MAF,isBuggy
blueprint/blueprint-core/src/main/java/org/apache/aries/blueprint/container/AbstractServiceReferenceRecipe.java,527.0,41.0,514.0,37.0,125.0,117.0,11.0,gnodet@13f79535-47bb-0310-9956-ffa450edef68,1,0.03225806451612903,5.0,5.0,0.0,0.0,327.4,601.4023072776235,1,5,0.4495250979021948,true
blueprint/blueprint-core/src/main/java/org/apache/aries/blueprint/container/BlueprintContainerImpl.java,782.0,75.0,794.0,53.0,244.0,175.0,1.0,null,1,0.03225806451612903,3.0,0.0,0.0,0.0,327.4,601.4023072776235,1,11,0.4495250979021948,true
blueprint/blueprint-core/src/main/java/org/apache/aries/blueprint/container/BlueprintExtender.java,445.0,37.0,278.0,29.0,142.0,95.0,2.0,gnodet@13f79535-47bb-0310-9956-ffa450edef68,1,0.03225806451612903,6.0,0.0,0.0,0.0,38.0,6.306967516919587,1,2,2.114532861491106,true
blueprint/blueprint-core/src/main/java/org/apache/aries/blueprint/container/ReferenceRecipe.java,219.0,22.0,14.0,13.0,54.0,47.0,11.0,gnodet@13f79535-47bb-0310-9956-ffa450edef68,1,0.03225806451612903,6.0,6.0,0.0,0.0,327.4,601.4023072776235,1,5,0.4495250979021948,true
blueprint/blueprint-core/src/main/java/org/apache/aries/blueprint/ext/impl/ExtNamespaceHandler.java,346.0,42.0,321.0,26.0,122.0,92.0,5.0,gnodet@13f79535-47bb-0310-9956-ffa450edef68,1,0.03225806451612903,43.0,14.0,0.0,0.0,327.4,601.4023072776235,1,0,0.4495250979021948,true
blueprint/blueprint-core/src/main/java/org/apache/aries/blueprint/services/BlueprintExtenderService.java,27.0,3.0,6.0,4.0,0.0,11.0,1.0,sergeyb@13f79535-47bb-0310-9956-ffa450edef68,2,0.06451612903225806,100.0,50.0,0.0,0.0,365.4,607.7092747945431,2,0,0.5888817991367051,false
blueprint/blueprint-parser/src/main/java/org/apache/aries/blueprint/ExtendedReferenceMetadata.java,5.0,2.0,3.0,3.0,0.0,3.0,11.0,mahrwald@13f79535-47bb-0310-9956-ffa450edef68,1,0.03225806451612903,33.0,33.0,0.0,0.0,327.4,601.4023072776235,1,0,0.4495250979021948,false
blueprint/blueprint-parser/src/main/java/org/apache/aries/blueprint/mutable/MutableReferenceMetadata.java,10.0,2.0,6.0,4.0,0.0,4.0,11.0,mahrwald@13f79535-47bb-0310-9956-ffa450edef68,1,0.03225806451612903,33.0,33.0,0.0,0.0,327.4,601.4023072776235,1,0,0.4495250979021948,false
blueprint/blueprint-parser/src/main/java/org/apache/aries/blueprint/reflect/ReferenceMetadataImpl.java,46.0,4.0,37.0,11.0,3.0,17.0,11.0,mahrwald@13f79535-47bb-0310-9956-ffa450edef68,1,0.03225806451612903,33.0,33.0,0.0,0.0,327.4,601.4023072776235,1,0,0.4495250979021948,false
blueprint/blueprint-web-osgi/src/main/java/org/apache/aries/blueprint/web/BlueprintContextListener.java,90.0,11.0,8.0,5.0,25.0,18.0,6.0,sergeyb@13f79535-47bb-0310-9956-ffa450edef68,1,0.03225806451612903,100.0,100.0,0.0,0.0,38.0,6.306967516919587,1,0,2.114532861491106,false
proxy/proxy-impl/src/main/java/org/apache/aries/proxy/impl/ProxyManagerActivator.java,33.0,4.0,0.0,2.0,7.0,6.0,2.0,gnodet@13f79535-47bb-0310-9956-ffa450edef68,1,0.03225806451612903,14.0,0.0,0.0,0.0,327.4,601.4023072776235,1,1,0.4495250979021948,true
proxy/proxy-impl/src/main/java/org/apache/aries/proxy/impl/weaving/ProxyWeavingHook.java,121.0,20.0,28.0,9.0,49.0,33.0,2.0,timothyjward@13f79535-47bb-0310-9956-ffa450edef68,1,0.03225806451612903,11.0,0.0,0.0,0.0,327.4,601.4023072776235,1,2,0.4495250979021948,true
