name,LOC,CBO,LCOM,NOM,RFC,WMC,ACS,Ownership,numOfChanges,numberOfFIChanges,ENH,NF,BugFixing,REF,structuralWorkloadSum,semanticWorkloadSum,numberOfDeveloper,pastFaults,MAF,isBuggy
blueprint/blueprint-maven-plugin/src/main/java/org/apache/aries/blueprint/plugin/Generator.java,129.0,14.0,0.0,11.0,49.0,34.0,16.0,cschneider@13f79535-47bb-0310-9956-ffa450edef68,1,0.010526315789473684,33.0,0.0,0.0,0.0,933.7777777777778,5677.345493989309,1,0,1.4294665329850993,true
blueprint/blueprint-maven-plugin/src/main/java/org/apache/aries/blueprint/plugin/model/Bean.java,96.0,11.0,28.0,9.0,27.0,26.0,10.0,cschneider@13f79535-47bb-0310-9956-ffa450edef68,1,0.010526315789473684,40.0,0.0,0.0,0.0,933.7777777777778,5677.345493989309,1,0,1.4294665329850993,true
blueprint/blueprint-maven-plugin/src/main/java/org/apache/aries/blueprint/plugin/model/BeanRef.java,53.0,4.0,10.0,8.0,16.0,18.0,16.0,cschneider@13f79535-47bb-0310-9956-ffa450edef68,1,0.010526315789473684,100.0,0.0,0.0,0.0,933.7777777777778,5677.345493989309,1,0,1.4294665329850993,false
blueprint/blueprint-maven-plugin/src/main/java/org/apache/aries/blueprint/plugin/model/Context.java,74.0,12.0,0.0,9.0,16.0,20.0,10.0,cschneider@13f79535-47bb-0310-9956-ffa450edef68,1,0.010526315789473684,50.0,0.0,0.0,0.0,933.7777777777778,5677.345493989309,1,0,1.4294665329850993,false
blueprint/blueprint-maven-plugin/src/main/java/org/apache/aries/blueprint/plugin/model/Matcher.java,3.0,0.0,0.0,1.0,0.0,1.0,16.0,cschneider@13f79535-47bb-0310-9956-ffa450edef68,1,0.010526315789473684,50.0,0.0,0.0,0.0,933.7777777777778,5677.345493989309,1,0,1.4294665329850993,false
blueprint/blueprint-maven-plugin/src/main/java/org/apache/aries/blueprint/plugin/model/OsgiServiceRef.java,10.0,1.0,0.0,1.0,1.0,1.0,16.0,cschneider@13f79535-47bb-0310-9956-ffa450edef68,1,0.010526315789473684,100.0,0.0,0.0,0.0,933.7777777777778,5677.345493989309,1,0,1.4294665329850993,false
blueprint/blueprint-maven-plugin/src/main/java/org/apache/aries/blueprint/plugin/model/ProducedBean.java,9.0,0.0,0.0,1.0,0.0,1.0,16.0,cschneider@13f79535-47bb-0310-9956-ffa450edef68,1,0.010526315789473684,100.0,0.0,0.0,0.0,933.7777777777778,5677.345493989309,1,0,1.4294665329850993,false
blueprint/blueprint-maven-plugin/src/main/java/org/apache/aries/blueprint/plugin/model/Property.java,54.0,6.0,1.0,6.0,14.0,14.0,16.0,cschneider@13f79535-47bb-0310-9956-ffa450edef68,1,0.010526315789473684,33.0,0.0,0.0,0.0,933.7777777777778,5677.345493989309,1,0,1.4294665329850993,false
blueprint/blueprint-maven-plugin/src/test/java/org/apache/aries/blueprint/plugin/GeneratorTest.java,34.0,21.0,1.0,2.0,19.0,5.0,0.0,cschneider@13f79535-47bb-0310-9956-ffa450edef68,0,0.0,0.0,0.0,0.0,0.0,0.0,0.0,0,0,0.0,true
blueprint/blueprint-maven-plugin/src/test/java/org/apache/aries/blueprint/plugin/Namespaces.java,20.0,4.0,0.0,4.0,3.0,9.0,1.0,cschneider@13f79535-47bb-0310-9956-ffa450edef68,0,0.0,0.0,0.0,0.0,0.0,0.0,0.0,0,0,0.0,true
blueprint/blueprint-maven-plugin/src/test/java/org/apache/aries/blueprint/plugin/model/BeanTest.java,50.0,9.0,6.0,4.0,24.0,4.0,10.0,cschneider@13f79535-47bb-0310-9956-ffa450edef68,1,0.010526315789473684,50.0,0.0,0.0,0.0,933.7777777777778,5677.345493989309,1,0,1.4294665329850993,true
blueprint/blueprint-maven-plugin/src/test/java/org/apache/aries/blueprint/plugin/model/ContextTest.java,37.0,12.0,15.0,6.0,16.0,8.0,10.0,cschneider@13f79535-47bb-0310-9956-ffa450edef68,1,0.010526315789473684,67.0,0.0,0.0,0.0,933.7777777777778,5677.345493989309,1,0,1.4294665329850993,false
blueprint/blueprint-maven-plugin/src/test/java/org/apache/aries/blueprint/plugin/model/PropertyTest.java,40.0,8.0,15.0,6.0,15.0,14.0,16.0,cschneider@13f79535-47bb-0310-9956-ffa450edef68,1,0.010526315789473684,50.0,0.0,0.0,0.0,933.7777777777778,5677.345493989309,1,0,1.4294665329850993,false
blueprint/blueprint-maven-plugin/src/test/java/org/apache/aries/blueprint/plugin/test/MyBean1.java,11.0,7.0,3.0,3.0,0.0,3.0,0.0,cschneider@13f79535-47bb-0310-9956-ffa450edef68,0,0.0,0.0,0.0,0.0,0.0,0.0,0.0,0,0,0.0,true
blueprint/blueprint-maven-plugin/src/test/java/org/apache/aries/blueprint/plugin/test/MyBean3.java,6.0,6.0,0.0,0.0,0.0,0.0,16.0,cschneider@13f79535-47bb-0310-9956-ffa450edef68,1,0.010526315789473684,33.0,0.0,0.0,0.0,933.7777777777778,5677.345493989309,1,0,1.4294665329850993,false
blueprint/blueprint-maven-plugin/src/test/java/org/apache/aries/blueprint/plugin/test/MyBean4.java,3.0,3.0,0.0,0.0,0.0,0.0,5.0,cschneider@13f79535-47bb-0310-9956-ffa450edef68,1,0.010526315789473684,100.0,0.0,0.0,0.0,933.7777777777778,5677.345493989309,1,0,1.4294665329850993,false
blueprint/blueprint-maven-plugin/src/test/java/org/apache/aries/blueprint/plugin/test/MyFactoryBean.java,6.0,3.0,0.0,1.0,0.0,2.0,16.0,cschneider@13f79535-47bb-0310-9956-ffa450edef68,1,0.010526315789473684,100.0,0.0,0.0,0.0,933.7777777777778,5677.345493989309,1,0,1.4294665329850993,false
blueprint/blueprint-maven-plugin/src/test/java/org/apache/aries/blueprint/plugin/test/MyProduced.java,10.0,1.0,0.0,2.0,0.0,3.0,16.0,cschneider@13f79535-47bb-0310-9956-ffa450edef68,1,0.010526315789473684,100.0,0.0,0.0,0.0,933.7777777777778,5677.345493989309,1,0,1.4294665329850993,false
blueprint/blueprint-noosgi/src/main/java/org/apache/aries/blueprint/container/BlueprintContainerImpl.java,294.0,43.0,185.0,27.0,89.0,85.0,0.0,gnodet@13f79535-47bb-0310-9956-ffa450edef68,0,0.0,0.0,0.0,0.0,0.0,0.0,0.0,0,0,0.0,true
blueprint/blueprint-web/src/main/java/org/apache/aries/blueprint/web/BlueprintContextListener.java,65.0,13.0,1.0,3.0,22.0,9.0,2.0,sergeyb@13f79535-47bb-0310-9956-ffa450edef68,1,0.010526315789473684,14.0,0.0,0.0,0.0,34.0,7.0522294781070665,1,3,3.56953269648137,false
esa-ant-task/src/main/java/org/apache/aries/ant/taskdefs/BundleSelector.java,33.0,5.0,0.0,1.0,5.0,6.0,10.0,davidb@13f79535-47bb-0310-9956-ffa450edef68,1,0.010526315789473684,100.0,0.0,0.0,0.0,59.0,33.1260149072438,1,0,0.7969439742415888,false
esa-ant-task/src/main/java/org/apache/aries/ant/taskdefs/Constants.java,24.0,0.0,0.0,0.0,0.0,0.0,10.0,davidb@13f79535-47bb-0310-9956-ffa450edef68,1,0.010526315789473684,100.0,0.0,0.0,0.0,59.0,33.1260149072438,1,0,0.7969439742415888,false
esa-ant-task/src/main/java/org/apache/aries/ant/taskdefs/EsaTask.java,135.0,17.0,46.0,12.0,22.0,25.0,10.0,davidb@13f79535-47bb-0310-9956-ffa450edef68,1,0.010526315789473684,100.0,0.0,0.0,0.0,59.0,33.1260149072438,1,0,0.7969439742415888,false
esa-ant-task/src/test/java/org/apache/aries/ant/taskdefs/EsaTaskTest.java,96.0,12.0,3.0,3.0,52.0,9.0,10.0,davidb@13f79535-47bb-0310-9956-ffa450edef68,1,0.010526315789473684,100.0,0.0,0.0,0.0,59.0,33.1260149072438,1,0,0.7969439742415888,false
jmx/jmx-core/src/main/java/org/apache/aries/jmx/agent/JMXAgentImpl.java,198.0,29.0,0.0,7.0,34.0,20.0,1.0,gnodet@13f79535-47bb-0310-9956-ffa450edef68,1,0.010526315789473684,12.0,0.0,12.0,0.0,58.666666666666664,47.730401721661515,1,2,2.4709204078132605,true
jpa/jpa-container-eclipselink-adapter/src/main/java/org/apache/aries/jpa/eclipselink/adapter/Activator.java,90.0,21.0,0.0,5.0,38.0,18.0,13.0,mahrwald@13f79535-47bb-0310-9956-ffa450edef68,0,0.0,0.0,0.0,0.0,0.0,0.0,0.0,0,2,0.0,false
jpa/jpa-container-itest/src/test/java/org/apache/aries/jpa/itest/AbstractJPAItest.java,76.0,21.0,178.0,20.0,49.0,49.0,0.0,cschneider@13f79535-47bb-0310-9956-ffa450edef68,0,0.0,0.0,0.0,0.0,0.0,0.0,0.0,0,4,0.0,false
subsystem/subsystem-core/src/main/java/org/apache/aries/subsystem/core/internal/StartAction.java,237.0,39.0,10.0,17.0,137.0,62.0,1.0,jwross@13f79535-47bb-0310-9956-ffa450edef68,1,0.010526315789473684,5.0,5.0,0.0,0.0,97.0,26.4083205389494,1,5,2.065455299705096,true
