name,LOC,CBO,LCOM,NOM,RFC,WMC,ACS,Ownership,numOfChanges,numberOfFIChanges,ENH,NF,BugFixing,REF,structuralWorkloadSum,semanticWorkloadSum,numberOfDeveloper,pastFaults,MAF,isBuggy
extras/src/main/java/org/apache/shindig/extras/ShindigExtrasGuiceModule.java,12.0,3.0,1.0,2.0,6.0,2.0,4.0,ssievers@13f79535-47bb-0310-9956-ffa450edef68,1,0.0015151515151515152,43.0,14.0,14.0,14.0,4748.443113772455,297708.72172989254,1,0,0.5300278307499267,false
extras/src/main/java/org/apache/shindig/extras/as/ActivityStreamsGuiceModule.java,10.0,6.0,0.0,1.0,7.0,1.0,15.0,lindner@13f79535-47bb-0310-9956-ffa450edef68,1,0.0015151515151515152,50.0,0.0,0.0,25.0,4748.443113772455,297708.72172989254,1,0,0.5300278307499267,false
extras/src/main/java/org/apache/shindig/extras/as/core/model/ActivityEntryImpl.java,84.0,3.0,150.0,21.0,0.0,31.0,13.0,lindner@13f79535-47bb-0310-9956-ffa450edef68,1,0.0015151515151515152,33.0,0.0,0.0,0.0,4748.443113772455,297708.72172989254,1,0,0.5300278307499267,false
extras/src/main/java/org/apache/shindig/extras/as/core/model/ActivityObjectImpl.java,140.0,2.0,493.0,35.0,0.0,52.0,13.0,lindner@13f79535-47bb-0310-9956-ffa450edef68,1,0.0015151515151515152,33.0,0.0,0.0,0.0,4748.443113772455,297708.72172989254,1,0,0.5300278307499267,false
extras/src/main/java/org/apache/shindig/extras/as/core/model/ActivityStreamImpl.java,44.0,3.0,25.0,11.0,0.0,16.0,15.0,hnguy@13f79535-47bb-0310-9956-ffa450edef68,1,0.0015151515151515152,33.0,0.0,0.0,0.0,4748.443113772455,297708.72172989254,1,0,0.5300278307499267,false
extras/src/main/java/org/apache/shindig/extras/as/opensocial/model/ActivityEntry.java,42.0,4.0,288.0,25.0,0.0,27.0,13.0,lindner@13f79535-47bb-0310-9956-ffa450edef68,1,0.0015151515151515152,33.0,0.0,0.0,0.0,4748.443113772455,297708.72172989254,1,0,0.5300278307499267,false
extras/src/main/java/org/apache/shindig/extras/as/opensocial/model/ActivityObject.java,46.0,4.0,628.0,36.0,0.0,37.0,13.0,lindner@13f79535-47bb-0310-9956-ffa450edef68,1,0.0015151515151515152,33.0,0.0,0.0,0.0,4748.443113772455,297708.72172989254,1,0,0.5300278307499267,false
extras/src/main/java/org/apache/shindig/extras/as/opensocial/model/ActivityStream.java,22.0,4.0,64.0,12.0,0.0,13.0,13.0,hnguy@13f79535-47bb-0310-9956-ffa450edef68,1,0.0015151515151515152,50.0,0.0,0.0,0.0,4748.443113772455,297708.72172989254,1,0,0.5300278307499267,false
extras/src/main/java/org/apache/shindig/extras/as/opensocial/service/ActivityStreamsHandler.java,63.0,18.0,7.0,7.0,42.0,23.0,15.0,lindner@13f79535-47bb-0310-9956-ffa450edef68,1,0.0015151515151515152,14.0,0.0,0.0,0.0,4748.443113772455,297708.72172989254,1,0,0.5300278307499267,false
extras/src/main/java/org/apache/shindig/extras/as/opensocial/spi/ActivityStreamService.java,60.0,9.0,10.0,5.0,0.0,20.0,15.0,lindner@13f79535-47bb-0310-9956-ffa450edef68,1,0.0015151515151515152,33.0,0.0,0.0,0.0,4748.443113772455,297708.72172989254,1,0,0.5300278307499267,false
extras/src/main/java/org/apache/shindig/extras/as/sample/ActivityStreamsJsonDbService.java,120.0,22.0,0.0,7.0,59.0,36.0,10.0,lindner@13f79535-47bb-0310-9956-ffa450edef68,1,0.0015151515151515152,57.0,0.0,14.0,14.0,4748.443113772455,297708.72172989254,1,0,0.5300278307499267,false
java/common/src/main/java/org/apache/shindig/auth/AbstractSecurityToken.java,12.0,0.0,1.0,2.0,2.0,4.0,17.0,lindner@13f79535-47bb-0310-9956-ffa450edef68,1,0.0015151515151515152,20.0,20.0,0.0,0.0,4748.443113772455,297708.72172989254,1,0,0.5300278307499267,false
java/common/src/main/java/org/apache/shindig/auth/AnonymousSecurityToken.java,57.0,1.0,89.0,15.0,1.0,27.0,9.0,lindner@13f79535-47bb-0310-9956-ffa450edef68,1,0.0015151515151515152,22.0,22.0,0.0,0.0,4748.443113772455,297708.72172989254,1,0,0.5300278307499267,false
java/common/src/main/java/org/apache/shindig/auth/AuthenticationServletFilter.java,98.0,21.0,4.0,4.0,19.0,14.0,38.0,lindner@13f79535-47bb-0310-9956-ffa450edef68,1,0.0015151515151515152,8.0,0.0,8.0,0.0,4748.443113772455,297708.72172989254,1,0,0.5300278307499267,false
java/common/src/main/java/org/apache/shindig/auth/BasicSecurityToken.java,128.0,5.0,6.0,16.0,17.0,36.0,17.0,hsaputra@13f79535-47bb-0310-9956-ffa450edef68,1,0.0015151515151515152,25.0,25.0,0.0,0.0,4748.443113772455,297708.72172989254,1,0,0.5300278307499267,false
java/common/src/main/java/org/apache/shindig/auth/BasicSecurityTokenDecoder.java,48.0,6.0,3.0,3.0,16.0,10.0,21.0,zhoresh@13f79535-47bb-0310-9956-ffa450edef68,2,0.0030303030303030303,67.0,33.0,0.0,33.0,5504.89472667568,310204.62297404057,2,0,0.8280195468030754,false
java/common/src/main/java/org/apache/shindig/auth/BlobCrypterSecurityToken.java,155.0,4.0,226.0,25.0,17.0,51.0,21.0,hsaputra@13f79535-47bb-0310-9956-ffa450edef68,2,0.0030303030303030303,29.0,14.0,0.0,14.0,5504.89472667568,310204.62297404057,2,0,0.8280195468030754,false
java/common/src/main/java/org/apache/shindig/auth/BlobCrypterSecurityTokenDecoder.java,76.0,11.0,4.0,4.0,9.0,19.0,21.0,zhoresh@13f79535-47bb-0310-9956-ffa450edef68,2,0.0030303030303030303,50.0,25.0,0.0,25.0,5504.89472667568,310204.62297404057,2,0,0.8280195468030754,false
java/common/src/main/java/org/apache/shindig/auth/DefaultSecurityTokenDecoder.java,28.0,4.0,0.0,3.0,4.0,11.0,13.0,zhoresh@13f79535-47bb-0310-9956-ffa450edef68,2,0.0030303030303030303,50.0,0.0,25.0,25.0,5504.89472667568,310204.62297404057,2,0,0.8280195468030754,false
java/common/src/main/java/org/apache/shindig/auth/ForwardingSecurityToken.java,51.0,0.0,0.0,15.0,14.0,29.0,17.0,ssievers@13f79535-47bb-0310-9956-ffa450edef68,1,0.0015151515151515152,25.0,25.0,0.0,0.0,4748.443113772455,297708.72172989254,1,0,0.5300278307499267,false
java/common/src/main/java/org/apache/shindig/auth/OAuthConstants.java,11.0,0.0,0.0,1.0,0.0,1.0,5.0,ssievers@13f79535-47bb-0310-9956-ffa450edef68,1,0.0015151515151515152,20.0,20.0,0.0,0.0,4748.443113772455,297708.72172989254,1,0,0.5300278307499267,false
java/common/src/main/java/org/apache/shindig/auth/OAuthUtil.java,65.0,9.0,21.0,7.0,6.0,25.0,24.0,ssievers@13f79535-47bb-0310-9956-ffa450edef68,2,0.0030303030303030303,40.0,0.0,20.0,20.0,6386.506605835947,382994.97172989254,2,0,0.29121405357172914,false
java/common/src/main/java/org/apache/shindig/auth/SecurityToken.java,63.0,0.0,91.0,14.0,0.0,41.0,20.0,lindner@13f79535-47bb-0310-9956-ffa450edef68,2,0.0030303030303030303,50.0,17.0,0.0,17.0,5504.89472667568,310204.62297404057,2,0,0.5542729268638431,false
java/common/src/main/java/org/apache/shindig/auth/SecurityTokenDecoder.java,21.0,2.0,1.0,2.0,0.0,7.0,25.0,zhoresh@13f79535-47bb-0310-9956-ffa450edef68,1,0.0015151515151515152,33.0,0.0,0.0,33.0,756.4516129032257,12495.901244148046,1,0,2.512305623976115,false
java/common/src/main/java/org/apache/shindig/auth/UrlParameterAuthenticationHandler.java,63.0,8.0,15.0,7.0,21.0,20.0,5.0,lindner@13f79535-47bb-0310-9956-ffa450edef68,2,0.0030303030303030303,50.0,7.0,0.0,14.0,5504.89472667568,310204.62297404057,2,0,0.403094054350973,true
java/common/src/main/java/org/apache/shindig/common/JsonSerializer.java,336.0,12.0,100.0,16.0,59.0,73.0,14.0,ssievers@13f79535-47bb-0310-9956-ffa450edef68,2,0.0030303030303030303,33.0,0.0,0.0,33.0,6386.506605835947,382994.97172989254,2,0,0.29121405357172914,false
java/common/src/main/java/org/apache/shindig/common/JsonUtil.java,71.0,9.0,6.0,4.0,19.0,16.0,31.0,lindner@13f79535-47bb-0310-9956-ffa450edef68,1,0.0015151515151515152,25.0,0.0,0.0,25.0,4748.443113772455,297708.72172989254,1,0,0.5300278307499267,false
java/common/src/main/java/org/apache/shindig/common/Pairs.java,10.0,0.0,1.0,2.0,0.0,3.0,15.0,lindner@13f79535-47bb-0310-9956-ffa450edef68,1,0.0015151515151515152,33.0,0.0,0.0,33.0,4748.443113772455,297708.72172989254,1,0,0.5300278307499267,false
java/common/src/main/java/org/apache/shindig/common/cache/Cache.java,29.0,0.0,10.0,5.0,0.0,14.0,20.0,lindner@13f79535-47bb-0310-9956-ffa450edef68,1,0.0015151515151515152,50.0,0.0,0.0,0.0,4748.443113772455,297708.72172989254,1,0,0.5300278307499267,false
java/common/src/main/java/org/apache/shindig/common/cache/CacheProvider.java,10.0,1.0,0.0,1.0,0.0,4.0,20.0,lindner@13f79535-47bb-0310-9956-ffa450edef68,1,0.0015151515151515152,20.0,0.0,0.0,0.0,4748.443113772455,297708.72172989254,1,0,0.5300278307499267,false
java/common/src/main/java/org/apache/shindig/common/cache/LruCacheProvider.java,60.0,10.0,2.0,4.0,11.0,13.0,2.0,lindner@13f79535-47bb-0310-9956-ffa450edef68,1,0.0015151515151515152,20.0,0.0,0.0,0.0,265.52000000000004,848.1275048597689,1,0,3.243193132518907,false
java/common/src/main/java/org/apache/shindig/common/cache/ehcache/EhCacheCacheProvider.java,60.0,17.0,3.0,6.0,15.0,19.0,17.0,lindner@13f79535-47bb-0310-9956-ffa450edef68,2,0.0030303030303030303,21.0,7.0,0.0,7.0,5013.9631137724555,298556.8492347523,2,0,1.7022905303011004,true
java/common/src/main/java/org/apache/shindig/common/crypto/BlobCrypter.java,21.0,1.0,1.0,2.0,0.0,8.0,20.0,ssievers@13f79535-47bb-0310-9956-ffa450edef68,1,0.0015151515151515152,25.0,0.0,0.0,0.0,4748.443113772455,297708.72172989254,1,0,0.5300278307499267,false
java/common/src/main/java/org/apache/shindig/common/crypto/Crypto.java,166.0,8.0,47.0,11.0,29.0,32.0,43.0,ssievers@13f79535-47bb-0310-9956-ffa450edef68,1,0.0015151515151515152,29.0,0.0,14.0,14.0,4748.443113772455,297708.72172989254,1,0,0.5300278307499267,false
java/common/src/main/java/org/apache/shindig/common/servlet/GuiceServletContextListener.java,47.0,11.0,0.0,2.0,14.0,6.0,3.0,lindner@13f79535-47bb-0310-9956-ffa450edef68,1,0.0015151515151515152,7.0,7.0,0.0,0.0,117.0,125.10149133097455,1,0,4.709530201312334,false
java/common/src/main/java/org/apache/shindig/common/servlet/HttpUtil.java,93.0,5.0,41.0,11.0,15.0,28.0,20.0,lindner@13f79535-47bb-0310-9956-ffa450edef68,3,0.004545454545454545,38.0,8.0,8.0,15.0,7142.9582187391725,395490.87297404057,3,0,0.15794621151462884,false
java/common/src/main/java/org/apache/shindig/common/servlet/InjectedFilter.java,17.0,6.0,0.0,1.0,4.0,3.0,3.0,henning@13f79535-47bb-0310-9956-ffa450edef68,1,0.0015151515151515152,33.0,33.0,0.0,0.0,117.0,125.10149133097455,1,0,4.709530201312334,false
java/common/src/main/java/org/apache/shindig/common/servlet/InjectedServlet.java,18.0,6.0,0.0,1.0,4.0,3.0,3.0,chirag@13f79535-47bb-0310-9956-ffa450edef68,1,0.0015151515151515152,25.0,25.0,0.0,0.0,117.0,125.10149133097455,1,0,4.709530201312334,false
java/common/src/main/java/org/apache/shindig/common/servlet/UserAgent.java,41.0,2.0,2.0,4.0,6.0,9.0,10.0,johnh@13f79535-47bb-0310-9956-ffa450edef68,2,0.0030303030303030303,40.0,0.0,0.0,0.0,6386.506605835947,382994.97172989254,2,0,0.29121405357172914,false
java/common/src/main/java/org/apache/shindig/common/uri/UriBuilder.java,344.0,10.0,240.0,36.0,57.0,81.0,15.0,lindner@13f79535-47bb-0310-9956-ffa450edef68,1,0.0015151515151515152,14.0,0.0,0.0,14.0,4748.443113772455,297708.72172989254,1,0,0.5300278307499267,false
java/common/src/main/java/org/apache/shindig/common/uri/UriParser.java,11.0,0.0,0.0,1.0,0.0,2.0,20.0,lindner@13f79535-47bb-0310-9956-ffa450edef68,1,0.0015151515151515152,50.0,0.0,0.0,0.0,4748.443113772455,297708.72172989254,1,0,0.5300278307499267,false
java/common/src/main/java/org/apache/shindig/common/util/CharsetUtil.java,21.0,3.0,1.0,2.0,4.0,5.0,48.0,lindner@13f79535-47bb-0310-9956-ffa450edef68,1,0.0015151515151515152,12.0,0.0,0.0,12.0,4748.443113772455,297708.72172989254,1,0,0.5300278307499267,false
java/common/src/main/java/org/apache/shindig/common/util/DateUtil.java,59.0,7.0,19.0,7.0,9.0,22.0,48.0,ssievers@13f79535-47bb-0310-9956-ffa450edef68,1,0.0015151515151515152,25.0,0.0,0.0,25.0,4748.443113772455,297708.72172989254,1,0,0.5300278307499267,false
java/common/src/main/java/org/apache/shindig/common/util/FutureUtil.java,38.0,5.0,28.0,8.0,17.0,20.0,48.0,lindner@13f79535-47bb-0310-9956-ffa450edef68,1,0.0015151515151515152,20.0,0.0,0.0,20.0,4748.443113772455,297708.72172989254,1,0,0.5300278307499267,false
java/common/src/main/java/org/apache/shindig/common/util/HashUtil.java,52.0,2.0,3.0,3.0,7.0,11.0,15.0,lindner@13f79535-47bb-0310-9956-ffa450edef68,2,0.0030303030303030303,50.0,0.0,0.0,25.0,5504.89472667568,310204.62297404057,2,0,0.4632621344376655,false
java/common/src/main/java/org/apache/shindig/common/util/ImmediateFuture.java,57.0,3.0,78.0,13.0,0.0,26.0,48.0,ssievers@13f79535-47bb-0310-9956-ffa450edef68,1,0.0015151515151515152,20.0,0.0,0.0,20.0,4748.443113772455,297708.72172989254,1,0,0.5300278307499267,false
java/common/src/main/java/org/apache/shindig/common/util/JsonConversionUtil.java,163.0,12.0,28.0,8.0,52.0,40.0,25.0,lindner@13f79535-47bb-0310-9956-ffa450edef68,1,0.0015151515151515152,25.0,12.0,0.0,12.0,4748.443113772455,297708.72172989254,1,1,0.5300278307499267,false
java/common/src/main/java/org/apache/shindig/common/util/ResourceLoader.java,61.0,6.0,10.0,5.0,11.0,16.0,48.0,lindner@13f79535-47bb-0310-9956-ffa450edef68,1,0.0015151515151515152,20.0,0.0,0.0,20.0,4748.443113772455,297708.72172989254,1,0,0.5300278307499267,false
java/common/src/main/java/org/apache/shindig/common/util/Utf8UrlCoder.java,23.0,3.0,3.0,3.0,2.0,9.0,48.0,lindner@13f79535-47bb-0310-9956-ffa450edef68,1,0.0015151515151515152,50.0,0.0,0.0,50.0,4748.443113772455,297708.72172989254,1,0,0.5300278307499267,false
java/common/src/main/java/org/apache/shindig/common/xml/DomUtil.java,49.0,9.0,10.0,5.0,18.0,16.0,48.0,lindner@13f79535-47bb-0310-9956-ffa450edef68,1,0.0015151515151515152,50.0,0.0,0.0,50.0,4748.443113772455,297708.72172989254,1,0,0.5300278307499267,false
java/common/src/main/java/org/apache/shindig/common/xml/XmlUtil.java,256.0,16.0,149.0,18.0,35.0,56.0,26.0,lindner@13f79535-47bb-0310-9956-ffa450edef68,1,0.0015151515151515152,20.0,0.0,0.0,10.0,4748.443113772455,297708.72172989254,1,0,0.5300278307499267,false
java/common/src/main/java/org/apache/shindig/config/AbstractContainerConfig.java,47.0,4.0,28.0,8.0,10.0,20.0,13.0,johnh@13f79535-47bb-0310-9956-ffa450edef68,1,0.0015151515151515152,20.0,0.0,0.0,0.0,4748.443113772455,297708.72172989254,1,0,0.5300278307499267,false
java/common/src/main/java/org/apache/shindig/config/ContainerConfig.java,38.0,4.0,28.0,8.0,0.0,27.0,13.0,null,1,0.0015151515151515152,20.0,0.0,0.0,0.0,4748.443113772455,297708.72172989254,1,0,0.5300278307499267,false
java/common/src/main/java/org/apache/shindig/config/DynamicConfigProperty.java,30.0,6.0,8.0,5.0,4.0,10.0,38.0,lindner@13f79535-47bb-0310-9956-ffa450edef68,1,0.0015151515151515152,20.0,0.0,20.0,0.0,4748.443113772455,297708.72172989254,1,0,0.5300278307499267,false
java/common/src/main/java/org/apache/shindig/config/JsonContainerConfig.java,286.0,28.0,79.0,19.0,95.0,71.0,3.0,lindner@13f79535-47bb-0310-9956-ffa450edef68,2,0.0030303030303030303,33.0,8.0,8.0,0.0,5504.89472667568,310204.62297404057,2,0,0.4632621344376655,false
java/common/src/main/java/org/apache/shindig/expressions/OpensocialFunctions.java,60.0,7.0,10.0,5.0,6.0,20.0,48.0,lindner@13f79535-47bb-0310-9956-ffa450edef68,1,0.0015151515151515152,17.0,0.0,0.0,17.0,4748.443113772455,297708.72172989254,1,0,0.5300278307499267,false
java/common/src/main/java/org/apache/shindig/expressions/ShindigTypeConverter.java,103.0,9.0,24.0,9.0,22.0,34.0,20.0,ssievers@13f79535-47bb-0310-9956-ffa450edef68,1,0.0015151515151515152,50.0,0.0,0.0,25.0,4748.443113772455,297708.72172989254,1,0,0.5300278307499267,false
java/common/src/main/java/org/apache/shindig/protocol/ApiServlet.java,89.0,22.0,53.0,11.0,20.0,24.0,17.0,null,2,0.0030303030303030303,33.0,7.0,7.0,13.0,4820.443113772455,297764.80829309486,2,0,0.7268964452122313,false
java/common/src/main/java/org/apache/shindig/protocol/BaseRequestItem.java,237.0,23.0,228.0,24.0,71.0,87.0,48.0,lindner@13f79535-47bb-0310-9956-ffa450edef68,1,0.0015151515151515152,11.0,0.0,0.0,11.0,4748.443113772455,297708.72172989254,1,0,0.5300278307499267,true
java/common/src/main/java/org/apache/shindig/protocol/ContentTypes.java,57.0,4.0,3.0,3.0,8.0,8.0,26.0,lindner@13f79535-47bb-0310-9956-ffa450edef68,1,0.0015151515151515152,50.0,12.0,12.0,38.0,4748.443113772455,297708.72172989254,1,0,0.5300278307499267,false
java/common/src/main/java/org/apache/shindig/protocol/DataServiceServlet.java,152.0,16.0,32.0,9.0,56.0,35.0,17.0,lindner@13f79535-47bb-0310-9956-ffa450edef68,2,0.0030303030303030303,29.0,0.0,6.0,12.0,4820.443113772455,297764.80829309486,2,0,0.7268964452122313,false
java/common/src/main/java/org/apache/shindig/protocol/DefaultHandlerRegistry.java,480.0,28.0,16.0,9.0,42.0,34.0,14.0,lindner@13f79535-47bb-0310-9956-ffa450edef68,3,0.004545454545454545,25.0,8.0,8.0,8.0,4993.776447105788,298046.80309845204,3,1,2.0474752478680918,false
java/common/src/main/java/org/apache/shindig/protocol/HandlerPreconditions.java,27.0,2.0,10.0,5.0,4.0,13.0,48.0,lindner@13f79535-47bb-0310-9956-ffa450edef68,1,0.0015151515151515152,50.0,0.0,0.0,50.0,4748.443113772455,297708.72172989254,1,0,0.5300278307499267,false
java/common/src/main/java/org/apache/shindig/protocol/HandlerRegistry.java,29.0,3.0,10.0,5.0,0.0,9.0,20.0,ssievers@13f79535-47bb-0310-9956-ffa450edef68,1,0.0015151515151515152,33.0,0.0,0.0,0.0,4748.443113772455,297708.72172989254,1,0,0.5300278307499267,false
java/common/src/main/java/org/apache/shindig/protocol/JsonRpcServlet.java,221.0,26.0,87.0,14.0,87.0,49.0,9.0,lindner@13f79535-47bb-0310-9956-ffa450edef68,2,0.0030303030303030303,26.0,0.0,9.0,4.0,4820.443113772455,297764.80829309486,2,1,0.6605258202173656,true
java/common/src/main/java/org/apache/shindig/protocol/RestfulCollection.java,81.0,1.0,72.0,17.0,3.0,27.0,6.0,null,2,0.0030303030303030303,25.0,25.0,0.0,12.0,5504.89472667568,310204.62297404057,2,0,0.8280195468030754,false
java/common/src/main/java/org/apache/shindig/protocol/conversion/BeanAtomConverter.java,66.0,11.0,10.0,5.0,23.0,15.0,38.0,lindner@13f79535-47bb-0310-9956-ffa450edef68,1,0.0015151515151515152,25.0,0.0,25.0,0.0,4748.443113772455,297708.72172989254,1,0,0.5300278307499267,false
java/common/src/main/java/org/apache/shindig/protocol/conversion/BeanConverter.java,12.0,1.0,6.0,4.0,0.0,6.0,20.0,ssievers@13f79535-47bb-0310-9956-ffa450edef68,1,0.0015151515151515152,25.0,0.0,0.0,0.0,4748.443113772455,297708.72172989254,1,0,0.5300278307499267,false
java/common/src/main/java/org/apache/shindig/protocol/conversion/BeanXmlConverter.java,64.0,11.0,10.0,5.0,20.0,14.0,38.0,lindner@13f79535-47bb-0310-9956-ffa450edef68,1,0.0015151515151515152,25.0,0.0,25.0,0.0,4748.443113772455,297708.72172989254,1,0,0.5300278307499267,false
java/common/src/main/java/org/apache/shindig/protocol/conversion/xstream/DataCollectionConverter.java,121.0,11.0,6.0,4.0,19.0,11.0,14.0,ssievers@13f79535-47bb-0310-9956-ffa450edef68,1,0.0015151515151515152,20.0,0.0,0.0,20.0,4748.443113772455,297708.72172989254,1,0,0.5300278307499267,true
java/common/src/main/java/org/apache/shindig/protocol/conversion/xstream/GuiceBeanConverter.java,102.0,11.0,0.0,10.0,49.0,32.0,11.0,ssievers@13f79535-47bb-0310-9956-ffa450edef68,1,0.0015151515151515152,25.0,25.0,0.0,25.0,4748.443113772455,297708.72172989254,1,0,0.5300278307499267,false
java/common/src/main/java/org/apache/shindig/protocol/conversion/xstream/InterfaceClassMapper.java,164.0,9.0,5.0,6.0,18.0,24.0,38.0,ssievers@13f79535-47bb-0310-9956-ffa450edef68,1,0.0015151515151515152,25.0,0.0,25.0,0.0,4748.443113772455,297708.72172989254,1,0,0.5300278307499267,false
java/common/src/main/java/org/apache/shindig/protocol/conversion/xstream/MapConverter.java,99.0,9.0,6.0,4.0,18.0,13.0,5.0,lindner@13f79535-47bb-0310-9956-ffa450edef68,1,0.0015151515151515152,60.0,0.0,20.0,40.0,4748.443113772455,297708.72172989254,1,0,0.5300278307499267,false
java/common/src/main/java/org/apache/shindig/protocol/conversion/xstream/RestfullCollectionConverter.java,55.0,7.0,6.0,4.0,13.0,7.0,14.0,hsaputra@13f79535-47bb-0310-9956-ffa450edef68,1,0.0015151515151515152,17.0,0.0,0.0,17.0,4748.443113772455,297708.72172989254,1,0,0.5300278307499267,false
java/common/src/test/java/org/apache/shindig/auth/BlobCrypterSecurityTokenTest.java,58.0,10.0,0.0,4.0,42.0,8.0,22.0,rbaxter85@13f79535-47bb-0310-9956-ffa450edef68,1,0.0015151515151515152,12.0,0.0,0.0,0.0,4748.443113772455,297708.72172989254,1,0,0.5300278307499267,true
java/common/src/test/java/org/apache/shindig/common/EasyMockTestCase.java,68.0,6.0,16.0,9.0,18.0,19.0,20.0,ssievers@13f79535-47bb-0310-9956-ffa450edef68,1,0.0015151515151515152,50.0,0.0,0.0,25.0,4748.443113772455,297708.72172989254,1,0,0.5300278307499267,false
java/common/src/test/java/org/apache/shindig/common/servlet/HttpUtilTest.java,71.0,15.0,0.0,11.0,36.0,13.0,26.0,lindner@13f79535-47bb-0310-9956-ffa450edef68,1,0.0015151515151515152,40.0,0.0,0.0,0.0,4748.443113772455,297708.72172989254,1,0,0.5300278307499267,false
java/common/src/test/java/org/apache/shindig/common/testing/FakeGadgetToken.java,149.0,7.0,327.0,27.0,13.0,56.0,21.0,null,2,0.0030303030303030303,22.0,11.0,0.0,11.0,5504.89472667568,310204.62297404057,2,0,0.8280195468030754,false
java/common/src/test/java/org/apache/shindig/common/uri/UriBuilderTest.java,225.0,14.0,703.0,38.0,259.0,43.0,39.0,ssievers@13f79535-47bb-0310-9956-ffa450edef68,1,0.0015151515151515152,17.0,0.0,0.0,0.0,4748.443113772455,297708.72172989254,1,0,0.5300278307499267,false
java/common/src/test/java/org/apache/shindig/common/util/JsonConversionUtilTest.java,96.0,11.0,21.0,7.0,30.0,19.0,0.0,ssievers@13f79535-47bb-0310-9956-ffa450edef68,0,0.0,0.0,0.0,0.0,0.0,0.0,0.0,0,1,0.0,false
java/common/src/test/java/org/apache/shindig/common/xml/XmlUtilTest.java,57.0,8.0,0.0,7.0,16.0,19.0,4.0,lindner@13f79535-47bb-0310-9956-ffa450edef68,1,0.0015151515151515152,50.0,0.0,0.0,0.0,4748.443113772455,297708.72172989254,1,0,0.5300278307499267,false
java/common/src/test/java/org/apache/shindig/protocol/ContentTypesTest.java,29.0,2.0,28.0,8.0,9.0,17.0,11.0,lindner@13f79535-47bb-0310-9956-ffa450edef68,1,0.0015151515151515152,33.0,33.0,0.0,33.0,4748.443113772455,297708.72172989254,1,0,0.5300278307499267,false
java/common/src/test/java/org/apache/shindig/protocol/DataServiceServletTest.java,116.0,18.0,26.0,12.0,66.0,35.0,26.0,lindner@13f79535-47bb-0310-9956-ffa450edef68,1,0.0015151515151515152,22.0,0.0,0.0,0.0,4748.443113772455,297708.72172989254,1,0,0.5300278307499267,false
java/common/src/test/java/org/apache/shindig/protocol/JsonRpcServletTest.java,268.0,28.0,0.0,23.0,242.0,72.0,17.0,lindner@13f79535-47bb-0310-9956-ffa450edef68,1,0.0015151515151515152,50.0,0.0,12.0,0.0,4748.443113772455,297708.72172989254,1,0,0.5300278307499267,false
java/common/src/test/java/org/apache/shindig/protocol/conversion/BeanJsonConverterInjectedClassTest.java,56.0,5.0,0.0,2.0,5.0,5.0,20.0,ssievers@13f79535-47bb-0310-9956-ffa450edef68,1,0.0015151515151515152,25.0,0.0,0.0,0.0,4748.443113772455,297708.72172989254,1,0,0.5300278307499267,false
java/common/src/test/java/org/apache/shindig/protocol/conversion/BeanXmlConverterTest.java,30.0,14.0,0.0,3.0,11.0,8.0,3.0,lindner@13f79535-47bb-0310-9956-ffa450edef68,1,0.0015151515151515152,25.0,0.0,0.0,0.0,4748.443113772455,297708.72172989254,1,0,0.5300278307499267,false
java/gadgets/src/main/java/org/apache/shindig/gadgets/AbstractSpecFactory.java,155.0,12.0,0.0,4.0,13.0,17.0,38.0,null,1,0.0015151515151515152,6.0,0.0,6.0,0.0,4748.443113772455,297708.72172989254,1,1,0.5300278307499267,false
java/gadgets/src/main/java/org/apache/shindig/gadgets/BasicGadgetBlacklist.java,63.0,14.0,0.0,4.0,19.0,16.0,26.0,lindner@13f79535-47bb-0310-9956-ffa450edef68,1,0.0015151515151515152,40.0,0.0,0.0,40.0,4748.443113772455,297708.72172989254,1,0,0.5300278307499267,false
java/gadgets/src/main/java/org/apache/shindig/gadgets/DefaultGuiceModule.java,69.0,30.0,21.0,7.0,31.0,11.0,10.0,lindner@13f79535-47bb-0310-9956-ffa450edef68,2,0.0030303030303030303,32.0,16.0,0.0,8.0,6386.506605835947,382994.97172989254,2,1,0.23091108967753798,true
java/gadgets/src/main/java/org/apache/shindig/gadgets/DefaultMessageBundleFactory.java,57.0,12.0,10.0,5.0,17.0,15.0,22.0,lindner@13f79535-47bb-0310-9956-ffa450edef68,1,0.0015151515151515152,17.0,0.0,0.0,0.0,4748.443113772455,297708.72172989254,1,0,0.5300278307499267,false
java/gadgets/src/main/java/org/apache/shindig/gadgets/FeedProcessor.java,118.0,17.0,0.0,1.0,27.0,9.0,0.0,lindner@13f79535-47bb-0310-9956-ffa450edef68,0,0.0,0.0,0.0,0.0,0.0,0.0,0.0,0,0,0.0,false
java/gadgets/src/main/java/org/apache/shindig/gadgets/FetchResponseUtils.java,50.0,5.0,6.0,4.0,19.0,10.0,31.0,lindner@13f79535-47bb-0310-9956-ffa450edef68,1,0.0015151515151515152,33.0,0.0,0.0,33.0,4748.443113772455,297708.72172989254,1,1,0.5300278307499267,false
java/gadgets/src/main/java/org/apache/shindig/gadgets/GadgetContext.java,97.0,5.0,0.0,16.0,14.0,42.0,0.0,null,0,0.0,0.0,0.0,0.0,0.0,0.0,0.0,0,0,0.0,true
java/gadgets/src/main/java/org/apache/shindig/gadgets/GadgetSpecFactory.java,9.0,2.0,0.0,1.0,0.0,3.0,20.0,ssievers@13f79535-47bb-0310-9956-ffa450edef68,1,0.0015151515151515152,25.0,0.0,0.0,0.0,4748.443113772455,297708.72172989254,1,0,0.5300278307499267,true
java/gadgets/src/main/java/org/apache/shindig/gadgets/LockedDomainService.java,24.0,1.0,3.0,3.0,0.0,12.0,20.0,lindner@13f79535-47bb-0310-9956-ffa450edef68,1,0.0015151515151515152,20.0,0.0,0.0,0.0,4748.443113772455,297708.72172989254,1,0,0.5300278307499267,false
java/gadgets/src/main/java/org/apache/shindig/gadgets/MessageBundleFactory.java,15.0,4.0,0.0,1.0,0.0,5.0,0.0,ssievers@13f79535-47bb-0310-9956-ffa450edef68,0,0.0,0.0,0.0,0.0,0.0,0.0,0.0,0,0,0.0,false
java/gadgets/src/main/java/org/apache/shindig/gadgets/config/ConfigContributor.java,15.0,2.0,1.0,2.0,0.0,6.0,28.0,ssievers@13f79535-47bb-0310-9956-ffa450edef68,1,0.0015151515151515152,33.0,33.0,0.0,0.0,4748.443113772455,297708.72172989254,1,0,0.5300278307499267,false
java/gadgets/src/main/java/org/apache/shindig/gadgets/config/CoreUtilConfigContributor.java,32.0,7.0,1.0,2.0,14.0,5.0,8.0,lindner@13f79535-47bb-0310-9956-ffa450edef68,1,0.0015151515151515152,36.0,18.0,0.0,0.0,4748.443113772455,297708.72172989254,1,0,0.5300278307499267,true
java/gadgets/src/main/java/org/apache/shindig/gadgets/config/OsapiServicesConfigContributor.java,32.0,7.0,4.0,4.0,7.0,5.0,16.0,lindner@13f79535-47bb-0310-9956-ffa450edef68,1,0.0015151515151515152,50.0,25.0,0.0,0.0,4748.443113772455,297708.72172989254,1,0,0.5300278307499267,false
java/gadgets/src/main/java/org/apache/shindig/gadgets/config/ShindigAuthConfigContributor.java,38.0,11.0,1.0,3.0,9.0,5.0,19.0,lindner@13f79535-47bb-0310-9956-ffa450edef68,2,0.0030303030303030303,43.0,14.0,0.0,14.0,5504.89472667568,310204.62297404057,2,0,0.5542729268638431,false
java/gadgets/src/main/java/org/apache/shindig/gadgets/config/XhrwrapperConfigContributor.java,40.0,9.0,3.0,3.0,14.0,7.0,16.0,lindner@13f79535-47bb-0310-9956-ffa450edef68,1,0.0015151515151515152,40.0,20.0,0.0,0.0,4748.443113772455,297708.72172989254,1,0,0.5300278307499267,false
java/gadgets/src/main/java/org/apache/shindig/gadgets/encoding/EncodingDetector.java,72.0,3.0,3.0,3.0,2.0,12.0,25.0,lindner@13f79535-47bb-0310-9956-ffa450edef68,2,0.0030303030303030303,40.0,0.0,20.0,20.0,5504.89472667568,310204.62297404057,2,0,0.8280195468030754,false
java/gadgets/src/main/java/org/apache/shindig/gadgets/features/BrowserSpecificFeatureResource.java,182.0,11.0,0.0,7.0,24.0,20.0,0.0,lindner@13f79535-47bb-0310-9956-ffa450edef68,0,0.0,0.0,0.0,0.0,0.0,0.0,0.0,0,1,0.0,false
java/gadgets/src/main/java/org/apache/shindig/gadgets/features/FeatureParser.java,121.0,14.0,1.0,2.0,27.0,12.0,18.0,johnh@13f79535-47bb-0310-9956-ffa450edef68,1,0.0015151515151515152,22.0,0.0,0.0,11.0,4748.443113772455,297708.72172989254,1,0,0.5300278307499267,false
java/gadgets/src/main/java/org/apache/shindig/gadgets/features/FeatureRegistry.java,422.0,30.0,113.0,18.0,129.0,78.0,23.0,lindner@13f79535-47bb-0310-9956-ffa450edef68,1,0.0015151515151515152,15.0,3.0,6.0,3.0,4748.443113772455,297708.72172989254,1,1,0.5300278307499267,true
java/gadgets/src/main/java/org/apache/shindig/gadgets/features/FeatureResourceLoader.java,130.0,11.0,26.0,8.0,18.0,26.0,20.0,null,2,0.0030303030303030303,12.0,6.0,12.0,0.0,6386.506605835947,382994.97172989254,2,0,0.29121405357172914,false
java/gadgets/src/main/java/org/apache/shindig/gadgets/http/AbstractHttpCache.java,126.0,3.0,136.0,17.0,66.0,56.0,11.0,null,2,0.0030303030303030303,16.0,0.0,5.0,5.0,2394.5151049667174,97782.15124414804,2,1,1.160050798039507,true
java/gadgets/src/main/java/org/apache/shindig/gadgets/http/BasicHttpFetcher.java,243.0,63.0,31.0,11.0,96.0,39.0,4.0,lindner@13f79535-47bb-0310-9956-ffa450edef68,4,0.006060606060606061,24.0,6.0,6.0,9.0,7214.9582187391725,395546.9595372429,4,2,0.2988746810110652,true
java/gadgets/src/main/java/org/apache/shindig/gadgets/http/DefaultRequestPipeline.java,84.0,10.0,1.0,3.0,21.0,15.0,17.0,null,2,0.0030303030303030303,17.0,9.0,9.0,17.0,6386.506605835947,382994.97172989254,2,1,0.6491927912037398,false
java/gadgets/src/main/java/org/apache/shindig/gadgets/http/HttpRequest.java,367.0,18.0,769.0,47.0,40.0,126.0,7.0,lindner@13f79535-47bb-0310-9956-ffa450edef68,3,0.004545454545454545,27.0,0.0,9.0,0.0,6652.0266058359475,383843.0992347523,3,1,0.6386929115926423,false
java/gadgets/src/main/java/org/apache/shindig/gadgets/http/HttpResponse.java,430.0,29.0,347.0,35.0,113.0,109.0,4.0,null,3,0.004545454545454545,20.0,8.0,8.0,0.0,7142.9582187391725,395490.87297404057,3,1,0.44975214140695696,true
java/gadgets/src/main/java/org/apache/shindig/gadgets/http/HttpResponseBuilder.java,206.0,17.0,259.0,30.0,72.0,74.0,10.0,lindner@13f79535-47bb-0310-9956-ffa450edef68,2,0.0030303030303030303,31.0,6.0,12.0,12.0,6386.506605835947,382994.97172989254,2,1,0.2204828864460684,true
java/gadgets/src/main/java/org/apache/shindig/gadgets/http/HttpResponseMetadataHelper.java,50.0,8.0,3.0,3.0,17.0,10.0,38.0,lindner@13f79535-47bb-0310-9956-ffa450edef68,1,0.0015151515151515152,12.0,0.0,12.0,0.0,4748.443113772455,297708.72172989254,1,0,0.5300278307499267,false
java/gadgets/src/main/java/org/apache/shindig/gadgets/http/InvalidationHandler.java,44.0,12.0,0.0,2.0,16.0,7.0,14.0,ssievers@13f79535-47bb-0310-9956-ffa450edef68,1,0.0015151515151515152,25.0,0.0,0.0,25.0,4748.443113772455,297708.72172989254,1,0,0.5300278307499267,false
java/gadgets/src/main/java/org/apache/shindig/gadgets/oauth/AccessorInfoBuilder.java,52.0,4.0,29.0,10.0,1.0,13.0,12.0,chirag@13f79535-47bb-0310-9956-ffa450edef68,1,0.0015151515151515152,33.0,33.0,33.0,0.0,265.52000000000004,848.1275048597689,1,0,3.243193132518907,false
java/gadgets/src/main/java/org/apache/shindig/gadgets/oauth/BasicOAuthStore.java,160.0,15.0,123.0,18.0,45.0,38.0,14.0,lindner@13f79535-47bb-0310-9956-ffa450edef68,1,0.0015151515151515152,12.0,0.0,0.0,12.0,4748.443113772455,297708.72172989254,1,0,0.5300278307499267,false
java/gadgets/src/main/java/org/apache/shindig/gadgets/oauth/GadgetOAuthCallbackGenerator.java,60.0,16.0,4.0,5.0,24.0,17.0,17.0,lindner@13f79535-47bb-0310-9956-ffa450edef68,2,0.0030303030303030303,25.0,12.0,12.0,12.0,1903.5834920634918,86134.37750485977,2,0,1.6477967044562192,false
java/gadgets/src/main/java/org/apache/shindig/gadgets/oauth/GadgetOAuthTokenStore.java,185.0,18.0,33.0,11.0,65.0,52.0,12.0,null,1,0.0015151515151515152,20.0,20.0,20.0,0.0,265.52000000000004,848.1275048597689,1,0,3.243193132518907,false
java/gadgets/src/main/java/org/apache/shindig/gadgets/oauth/OAuthCallbackGenerator.java,6.0,2.0,0.0,1.0,0.0,2.0,16.0,chirag@13f79535-47bb-0310-9956-ffa450edef68,2,0.0030303030303030303,50.0,25.0,25.0,0.0,5013.9631137724555,298556.8492347523,2,0,1.1934633010744715,false
java/gadgets/src/main/java/org/apache/shindig/gadgets/oauth/OAuthError.java,0.0,0.0,0.0,0.0,0.0,0.0,12.0,chirag@13f79535-47bb-0310-9956-ffa450edef68,1,0.0015151515151515152,25.0,25.0,25.0,0.0,265.52000000000004,848.1275048597689,1,0,3.243193132518907,false
java/gadgets/src/main/java/org/apache/shindig/gadgets/oauth/OAuthModule.java,83.0,18.0,0.0,1.0,4.0,1.0,19.0,lindner@13f79535-47bb-0310-9956-ffa450edef68,1,0.0015151515151515152,20.0,0.0,10.0,0.0,4748.443113772455,297708.72172989254,1,0,0.5300278307499267,false
java/gadgets/src/main/java/org/apache/shindig/gadgets/oauth/OAuthRequest.java,658.0,32.0,186.0,36.0,268.0,155.0,5.0,lindner@13f79535-47bb-0310-9956-ffa450edef68,4,0.006060606060606061,25.0,7.0,11.0,7.0,5772.414726675681,311055.1217531811,4,3,0.8010798529382204,true
java/gadgets/src/main/java/org/apache/shindig/gadgets/oauth/OAuthRequestException.java,90.0,1.0,0.0,11.0,10.0,29.0,30.0,ssievers@13f79535-47bb-0310-9956-ffa450edef68,2,0.0030303030303030303,40.0,20.0,20.0,20.0,5013.9631137724555,298556.8492347523,2,0,1.1934633010744715,false
java/gadgets/src/main/java/org/apache/shindig/gadgets/oauth/OAuthResponseParams.java,170.0,14.0,71.0,15.0,30.0,38.0,32.0,lindner@13f79535-47bb-0310-9956-ffa450edef68,2,0.0030303030303030303,30.0,10.0,20.0,10.0,5013.9631137724555,298556.8492347523,2,0,0.7979020963781072,false
java/gadgets/src/main/java/org/apache/shindig/gadgets/oauth/OAuthStore.java,91.0,4.0,6.0,4.0,0.0,16.0,20.0,ssievers@13f79535-47bb-0310-9956-ffa450edef68,1,0.0015151515151515152,20.0,0.0,0.0,0.0,4748.443113772455,297708.72172989254,1,0,0.5300278307499267,false
java/gadgets/src/main/java/org/apache/shindig/gadgets/oauth/testing/FakeOAuthServiceProvider.java,597.0,36.0,441.0,34.0,126.0,96.0,4.0,lindner@13f79535-47bb-0310-9956-ffa450edef68,3,0.004545454545454545,67.0,11.0,33.0,22.0,6388.506605835947,382997.3430041733,3,0,0.6935948466008008,false
java/gadgets/src/main/java/org/apache/shindig/gadgets/parse/CompactHtmlSerializer.java,56.0,4.0,10.0,5.0,17.0,20.0,4.0,ssievers@13f79535-47bb-0310-9956-ffa450edef68,1,0.0015151515151515152,25.0,0.0,0.0,0.0,4748.443113772455,297708.72172989254,1,0,0.5300278307499267,false
java/gadgets/src/main/java/org/apache/shindig/gadgets/parse/GadgetHtmlParser.java,259.0,20.0,108.0,16.0,98.0,50.0,8.0,null,2,0.0030303030303030303,24.0,0.0,12.0,6.0,2394.5151049667174,97782.15124414804,2,2,1.144762239510287,true
java/gadgets/src/main/java/org/apache/shindig/gadgets/parse/HtmlSerializer.java,6.0,2.0,0.0,1.0,0.0,1.0,20.0,ssievers@13f79535-47bb-0310-9956-ffa450edef68,1,0.0015151515151515152,33.0,0.0,0.0,0.0,4748.443113772455,297708.72172989254,1,0,0.5300278307499267,false
java/gadgets/src/main/java/org/apache/shindig/gadgets/parse/caja/CajaCssSanitizer.java,155.0,19.0,0.0,8.0,58.0,29.0,20.0,null,2,0.0030303030303030303,13.0,7.0,7.0,0.0,4876.776447105788,297921.7016071211,2,0,1.6712190235881899,false
java/gadgets/src/main/java/org/apache/shindig/gadgets/parse/caja/CajaCssUtils.java,35.0,5.0,6.0,4.0,16.0,11.0,15.0,ssievers@13f79535-47bb-0310-9956-ffa450edef68,1,0.0015151515151515152,25.0,0.0,0.0,25.0,4748.443113772455,297708.72172989254,1,0,0.5300278307499267,false
java/gadgets/src/main/java/org/apache/shindig/gadgets/parse/caja/CajaHtmlParser.java,82.0,20.0,21.0,7.0,37.0,26.0,20.0,null,2,0.0030303030303030303,31.0,0.0,15.0,23.0,6386.506605835947,382994.97172989254,2,1,0.29121405357172914,true
java/gadgets/src/main/java/org/apache/shindig/gadgets/parse/caja/CajaHtmlSerializer.java,9.0,7.0,0.0,1.0,3.0,2.0,16.0,jasvir@13f79535-47bb-0310-9956-ffa450edef68,1,0.0015151515151515152,25.0,0.0,25.0,25.0,1638.0634920634918,85286.25,1,0,1.4386946375134222,true
java/gadgets/src/main/java/org/apache/shindig/gadgets/parse/caja/old/CajaCssSanitizer.java,140.0,17.0,0.0,7.0,51.0,25.0,20.0,johnh@13f79535-47bb-0310-9956-ffa450edef68,2,0.0030303030303030303,80.0,0.0,20.0,40.0,6386.506605835947,382994.97172989254,2,0,0.1948593878219922,false
java/gadgets/src/main/java/org/apache/shindig/gadgets/parse/nekohtml/NekoSimplifiedHtmlParser.java,382.0,35.0,21.0,7.0,37.0,23.0,11.0,lindner@13f79535-47bb-0310-9956-ffa450edef68,2,0.0030303030303030303,30.0,10.0,0.0,20.0,6386.506605835947,382994.97172989254,2,1,0.1964025980429457,false
java/gadgets/src/main/java/org/apache/shindig/gadgets/preload/HttpPreloader.java,50.0,18.0,3.0,3.0,24.0,8.0,0.0,woodser@13f79535-47bb-0310-9956-ffa450edef68,0,0.0,0.0,0.0,0.0,0.0,0.0,0.0,0,0,0.0,false
java/gadgets/src/main/java/org/apache/shindig/gadgets/preload/PipelineExecutor.java,116.0,17.0,0.0,2.0,13.0,9.0,17.0,lindner@13f79535-47bb-0310-9956-ffa450edef68,2,0.0030303030303030303,43.0,0.0,29.0,0.0,5504.89472667568,310204.62297404057,2,0,0.5542729268638431,false
java/gadgets/src/main/java/org/apache/shindig/gadgets/preload/PipelinedDataPreloader.java,260.0,31.0,17.0,7.0,33.0,32.0,14.0,lindner@13f79535-47bb-0310-9956-ffa450edef68,1,0.0015151515151515152,29.0,0.0,14.0,14.0,4748.443113772455,297708.72172989254,1,0,0.5300278307499267,false
java/gadgets/src/main/java/org/apache/shindig/gadgets/render/DefaultServiceFetcher.java,84.0,20.0,2.0,5.0,30.0,18.0,14.0,null,1,0.0015151515151515152,7.0,0.0,7.0,0.0,4748.443113772455,297708.72172989254,1,0,0.5300278307499267,true
java/gadgets/src/main/java/org/apache/shindig/gadgets/render/OpenSocialI18NGadgetRewriter.java,78.0,15.0,15.0,6.0,29.0,26.0,2.0,johnh@13f79535-47bb-0310-9956-ffa450edef68,1,0.0015151515151515152,17.0,17.0,0.0,0.0,1638.0634920634918,85286.25,1,2,1.4386946375134222,false
java/gadgets/src/main/java/org/apache/shindig/gadgets/render/ProxyRenderer.java,88.0,19.0,6.0,5.0,50.0,18.0,35.0,lindner@13f79535-47bb-0310-9956-ffa450edef68,1,0.0015151515151515152,29.0,0.0,0.0,14.0,4748.443113772455,297708.72172989254,1,0,0.5300278307499267,false
java/gadgets/src/main/java/org/apache/shindig/gadgets/render/RenderModule.java,19.0,5.0,10.0,5.0,4.0,9.0,32.0,johnh@13f79535-47bb-0310-9956-ffa450edef68,1,0.0015151515151515152,14.0,0.0,0.0,0.0,1638.0634920634918,85286.25,1,0,1.4386946375134222,false
java/gadgets/src/main/java/org/apache/shindig/gadgets/render/RenderingGadgetRewriter.java,260.0,41.0,50.0,12.0,131.0,36.0,16.0,null,3,0.004545454545454545,10.0,5.0,2.0,5.0,6458.506605835947,383051.05829309486,3,2,0.816229260792372,true
java/gadgets/src/main/java/org/apache/shindig/gadgets/render/RenderingResults.java,64.0,3.0,0.0,9.0,5.0,20.0,48.0,ssievers@13f79535-47bb-0310-9956-ffa450edef68,1,0.0015151515151515152,33.0,0.0,0.0,33.0,4748.443113772455,297708.72172989254,1,0,0.5300278307499267,false
java/gadgets/src/main/java/org/apache/shindig/gadgets/render/SanitizingGadgetRewriter.java,247.0,24.0,13.0,6.0,10.0,15.0,28.0,johnh@13f79535-47bb-0310-9956-ffa450edef68,1,0.0015151515151515152,14.0,0.0,0.0,14.0,4748.443113772455,297708.72172989254,1,1,0.5300278307499267,false
java/gadgets/src/main/java/org/apache/shindig/gadgets/render/SanitizingResponseRewriter.java,85.0,15.0,0.0,4.0,31.0,16.0,24.0,lindner@13f79535-47bb-0310-9956-ffa450edef68,2,0.0030303030303030303,18.0,0.0,9.0,9.0,6386.506605835947,382994.97172989254,2,0,0.29121405357172914,false
java/gadgets/src/main/java/org/apache/shindig/gadgets/render/old/SanitizingGadgetRewriter.java,278.0,24.0,10.0,5.0,15.0,12.0,28.0,johnh@13f79535-47bb-0310-9956-ffa450edef68,2,0.0030303030303030303,43.0,0.0,14.0,29.0,6386.506605835947,382994.97172989254,2,0,0.4992915336307775,false
java/gadgets/src/main/java/org/apache/shindig/gadgets/render/old/SanitizingProxyingLinkRewriterFactory.java,3.0,3.0,0.0,1.0,0.0,1.0,26.0,johnh@13f79535-47bb-0310-9956-ffa450edef68,2,0.0030303030303030303,67.0,0.0,0.0,0.0,6386.506605835947,382994.97172989254,2,0,0.29121405357172914,false
java/gadgets/src/main/java/org/apache/shindig/gadgets/render/old/SanitizingRequestRewriter.java,85.0,14.0,0.0,4.0,34.0,14.0,29.0,johnh@13f79535-47bb-0310-9956-ffa450edef68,2,0.0030303030303030303,60.0,0.0,40.0,20.0,6386.506605835947,382994.97172989254,2,0,0.4992915336307775,false
java/gadgets/src/main/java/org/apache/shindig/gadgets/rewrite/AbsolutePathReferenceVisitor.java,26.0,9.0,1.0,2.0,16.0,9.0,3.0,johnh@13f79535-47bb-0310-9956-ffa450edef68,2,0.0030303030303030303,25.0,8.0,0.0,8.0,2394.5151049667174,97782.15124414804,2,0,1.160050798039507,true
java/gadgets/src/main/java/org/apache/shindig/gadgets/rewrite/CaptureRewriter.java,19.0,3.0,2.0,4.0,0.0,6.0,32.0,johnh@13f79535-47bb-0310-9956-ffa450edef68,1,0.0015151515151515152,25.0,0.0,25.0,25.0,1638.0634920634918,85286.25,1,0,1.4386946375134222,false
java/gadgets/src/main/java/org/apache/shindig/gadgets/rewrite/ConcatVisitor.java,149.0,14.0,8.0,8.0,55.0,30.0,2.0,lindner@13f79535-47bb-0310-9956-ffa450edef68,1,0.0015151515151515152,14.0,0.0,7.0,0.0,4748.443113772455,297708.72172989254,1,0,0.5300278307499267,true
java/gadgets/src/main/java/org/apache/shindig/gadgets/rewrite/ContentRewriterFeature.java,279.0,19.0,0.0,0.0,0.0,0.0,7.0,lindner@13f79535-47bb-0310-9956-ffa450edef68,1,0.0015151515151515152,21.0,0.0,0.0,0.0,4748.443113772455,297708.72172989254,1,1,0.5300278307499267,false
java/gadgets/src/main/java/org/apache/shindig/gadgets/rewrite/CssResponseRewriter.java,149.0,22.0,13.0,7.0,45.0,30.0,15.0,lindner@13f79535-47bb-0310-9956-ffa450edef68,3,0.004545454545454545,27.0,13.0,7.0,7.0,6514.83993916928,383207.9516071211,3,0,1.5518121349990912,false
java/gadgets/src/main/java/org/apache/shindig/gadgets/rewrite/DefaultResponseRewriterRegistry.java,24.0,8.0,0.0,2.0,4.0,6.0,23.0,ssievers@13f79535-47bb-0310-9956-ffa450edef68,1,0.0015151515151515152,17.0,17.0,17.0,17.0,1638.0634920634918,85286.25,1,0,1.4386946375134222,false
java/gadgets/src/main/java/org/apache/shindig/gadgets/rewrite/DomWalker.java,147.0,14.0,36.0,9.0,17.0,19.0,17.0,johnh@13f79535-47bb-0310-9956-ffa450edef68,3,0.004545454545454545,42.0,0.0,8.0,17.0,7142.9582187391725,395490.87297404057,3,1,0.5214129342200269,false
java/gadgets/src/main/java/org/apache/shindig/gadgets/rewrite/MutableContent.java,158.0,15.0,27.0,15.0,19.0,41.0,2.0,johnh@13f79535-47bb-0310-9956-ffa450edef68,2,0.0030303030303030303,25.0,0.0,12.0,0.0,2394.5151049667174,97782.15124414804,2,1,1.144762239510287,false
java/gadgets/src/main/java/org/apache/shindig/gadgets/rewrite/PipelineDataGadgetRewriter.java,68.0,16.0,1.0,3.0,37.0,9.0,24.0,lindner@13f79535-47bb-0310-9956-ffa450edef68,2,0.0030303030303030303,25.0,0.0,12.0,0.0,6386.506605835947,382994.97172989254,2,0,0.29121405357172914,false
java/gadgets/src/main/java/org/apache/shindig/gadgets/rewrite/ProxyingVisitor.java,58.0,13.0,0.0,4.0,27.0,15.0,2.0,johnh@13f79535-47bb-0310-9956-ffa450edef68,1,0.0015151515151515152,29.0,0.0,7.0,0.0,1638.0634920634918,85286.25,1,0,1.4386946375134222,false
java/gadgets/src/main/java/org/apache/shindig/gadgets/rewrite/ResponseRewriter.java,3.0,2.0,0.0,1.0,0.0,2.0,23.0,ssievers@13f79535-47bb-0310-9956-ffa450edef68,1,0.0015151515151515152,25.0,25.0,25.0,25.0,1638.0634920634918,85286.25,1,0,1.4386946375134222,false
java/gadgets/src/main/java/org/apache/shindig/gadgets/rewrite/ResponseRewriterRegistry.java,12.0,3.0,0.0,1.0,0.0,5.0,23.0,null,1,0.0015151515151515152,20.0,20.0,20.0,20.0,1638.0634920634918,85286.25,1,0,1.4386946375134222,false
java/gadgets/src/main/java/org/apache/shindig/gadgets/rewrite/RewriteModule.java,22.0,15.0,15.0,6.0,4.0,11.0,11.0,johnh@13f79535-47bb-0310-9956-ffa450edef68,4,0.006060606060606061,35.0,15.0,8.0,15.0,2732.0351049667174,98686.36531221015,4,0,1.042176135741144,false
java/gadgets/src/main/java/org/apache/shindig/gadgets/rewrite/RewriterUtils.java,45.0,3.0,36.0,9.0,18.0,25.0,31.0,lindner@13f79535-47bb-0310-9956-ffa450edef68,2,0.0030303030303030303,43.0,0.0,14.0,43.0,6386.506605835947,382994.97172989254,2,0,0.1964025980429457,false
java/gadgets/src/main/java/org/apache/shindig/gadgets/rewrite/StyleTagExtractorContentRewriter.java,14.0,9.0,0.0,2.0,2.0,3.0,11.0,johnh@13f79535-47bb-0310-9956-ffa450edef68,1,0.0015151515151515152,14.0,0.0,0.0,14.0,1638.0634920634918,85286.25,1,0,1.4386946375134222,false
java/gadgets/src/main/java/org/apache/shindig/gadgets/rewrite/StyleTagExtractorVisitor.java,44.0,9.0,0.0,3.0,20.0,11.0,11.0,johnh@13f79535-47bb-0310-9956-ffa450edef68,1,0.0015151515151515152,17.0,0.0,0.0,17.0,1638.0634920634918,85286.25,1,1,1.4386946375134222,false
java/gadgets/src/main/java/org/apache/shindig/gadgets/rewrite/TemplateRewriter.java,255.0,43.0,45.0,11.0,108.0,45.0,16.0,lindner@13f79535-47bb-0310-9956-ffa450edef68,2,0.0030303030303030303,14.0,5.0,5.0,0.0,6386.506605835947,382994.97172989254,2,2,0.1964025980429457,false
java/gadgets/src/main/java/org/apache/shindig/gadgets/rewrite/image/BMPOptimizer.java,22.0,8.0,10.0,5.0,3.0,10.0,23.0,ssievers@13f79535-47bb-0310-9956-ffa450edef68,1,0.0015151515151515152,25.0,25.0,25.0,25.0,1638.0634920634918,85286.25,1,0,1.4386946375134222,false
java/gadgets/src/main/java/org/apache/shindig/gadgets/rewrite/image/BaseOptimizer.java,130.0,19.0,33.0,10.0,26.0,23.0,30.0,lindner@13f79535-47bb-0310-9956-ffa450edef68,2,0.0030303030303030303,20.0,10.0,20.0,10.0,6386.506605835947,382994.97172989254,2,1,0.29121405357172914,true
java/gadgets/src/main/java/org/apache/shindig/gadgets/rewrite/image/BasicImageRewriter.java,292.0,30.0,190.0,21.0,88.0,67.0,22.0,null,2,0.0030303030303030303,28.0,6.0,17.0,11.0,6386.506605835947,382994.97172989254,2,0,0.2204828864460684,false
java/gadgets/src/main/java/org/apache/shindig/gadgets/rewrite/image/GIFOptimizer.java,34.0,7.0,13.0,6.0,6.0,18.0,23.0,ssievers@13f79535-47bb-0310-9956-ffa450edef68,1,0.0015151515151515152,33.0,33.0,33.0,33.0,1638.0634920634918,85286.25,1,0,1.4386946375134222,false
java/gadgets/src/main/java/org/apache/shindig/gadgets/rewrite/image/ImageUtils.java,117.0,9.0,10.0,5.0,28.0,21.0,48.0,ssievers@13f79535-47bb-0310-9956-ffa450edef68,1,0.0015151515151515152,33.0,0.0,0.0,33.0,4748.443113772455,297708.72172989254,1,0,0.5300278307499267,false
java/gadgets/src/main/java/org/apache/shindig/gadgets/rewrite/image/JPEGOptimizer.java,48.0,10.0,13.0,6.0,12.0,16.0,23.0,ssievers@13f79535-47bb-0310-9956-ffa450edef68,1,0.0015151515151515152,14.0,14.0,14.0,14.0,1638.0634920634918,85286.25,1,0,1.4386946375134222,false
java/gadgets/src/main/java/org/apache/shindig/gadgets/rewrite/image/PNGOptimizer.java,67.0,10.0,13.0,6.0,20.0,15.0,23.0,null,1,0.0015151515151515152,20.0,20.0,20.0,20.0,1638.0634920634918,85286.25,1,0,1.4386946375134222,false
java/gadgets/src/main/java/org/apache/shindig/gadgets/rewrite/old/ConcatLinkRewriterFactory.java,3.0,3.0,0.0,1.0,0.0,1.0,26.0,johnh@13f79535-47bb-0310-9956-ffa450edef68,2,0.0030303030303030303,67.0,0.0,0.0,0.0,6386.506605835947,382994.97172989254,2,0,0.29121405357172914,false
java/gadgets/src/main/java/org/apache/shindig/gadgets/rewrite/old/CssRequestRewriter.java,116.0,27.0,2.0,5.0,44.0,24.0,32.0,johnh@13f79535-47bb-0310-9956-ffa450edef68,2,0.0030303030303030303,75.0,0.0,50.0,25.0,6386.506605835947,382994.97172989254,2,0,0.4992915336307775,false
java/gadgets/src/main/java/org/apache/shindig/gadgets/rewrite/old/HTMLContentRewriter.java,204.0,27.0,89.0,15.0,127.0,59.0,22.0,johnh@13f79535-47bb-0310-9956-ffa450edef68,2,0.0030303030303030303,75.0,0.0,25.0,25.0,6386.506605835947,382994.97172989254,2,0,0.4992915336307775,false
java/gadgets/src/main/java/org/apache/shindig/gadgets/rewrite/old/LinkRewriter.java,6.0,1.0,0.0,1.0,0.0,1.0,26.0,johnh@13f79535-47bb-0310-9956-ffa450edef68,2,0.0030303030303030303,67.0,0.0,0.0,0.0,6386.506605835947,382994.97172989254,2,0,0.29121405357172914,false
java/gadgets/src/main/java/org/apache/shindig/gadgets/rewrite/old/ProxyingLinkRewriterFactory.java,3.0,3.0,0.0,1.0,0.0,1.0,26.0,johnh@13f79535-47bb-0310-9956-ffa450edef68,2,0.0030303030303030303,67.0,0.0,0.0,0.0,6386.506605835947,382994.97172989254,2,0,0.29121405357172914,false
java/gadgets/src/main/java/org/apache/shindig/gadgets/servlet/AuthenticationModule.java,10.0,8.0,1.0,2.0,1.0,3.0,0.0,lindner@13f79535-47bb-0310-9956-ffa450edef68,0,0.0,0.0,0.0,0.0,0.0,0.0,0.0,0,0,0.0,false
java/gadgets/src/main/java/org/apache/shindig/gadgets/servlet/CajaContentRewriter.java,156.0,36.0,41.0,11.0,92.0,30.0,16.0,null,5,0.007575757575757576,26.0,3.0,12.0,12.0,7536.811552072506,396551.9803561289,5,1,0.23423939351571033,true
java/gadgets/src/main/java/org/apache/shindig/gadgets/servlet/ConcatProxyServlet.java,171.0,22.0,9.0,6.0,33.0,18.0,14.0,lindner@13f79535-47bb-0310-9956-ffa450edef68,3,0.004545454545454545,17.0,3.0,14.0,6.0,6652.0266058359475,383843.0992347523,3,3,0.27370671859190354,true
java/gadgets/src/main/java/org/apache/shindig/gadgets/servlet/GadgetRenderingServlet.java,70.0,16.0,11.0,6.0,32.0,21.0,10.0,lindner@13f79535-47bb-0310-9956-ffa450edef68,3,0.004545454545454545,24.0,0.0,6.0,18.0,6458.506605835947,383051.05829309486,3,1,0.816229260792372,false
java/gadgets/src/main/java/org/apache/shindig/gadgets/servlet/HtmlAccelServlet.java,153.0,19.0,54.0,12.0,61.0,39.0,13.0,lindner@13f79535-47bb-0310-9956-ffa450edef68,2,0.0030303030303030303,41.0,0.0,9.0,27.0,6386.506605835947,382994.97172989254,2,0,0.24691816826971236,false
java/gadgets/src/main/java/org/apache/shindig/gadgets/servlet/HttpGadgetContext.java,235.0,11.0,212.0,24.0,36.0,76.0,10.0,lindner@13f79535-47bb-0310-9956-ffa450edef68,1,0.0015151515151515152,17.0,0.0,8.0,8.0,4748.443113772455,297708.72172989254,1,0,0.5300278307499267,true
java/gadgets/src/main/java/org/apache/shindig/gadgets/servlet/HttpRequestHandler.java,336.0,27.0,76.0,13.0,63.0,42.0,23.0,null,2,0.0030303030303030303,11.0,0.0,11.0,6.0,6386.506605835947,382994.97172989254,2,0,0.29121405357172914,false
java/gadgets/src/main/java/org/apache/shindig/gadgets/servlet/JsServlet.java,109.0,24.0,13.0,7.0,41.0,17.0,13.0,lindner@13f79535-47bb-0310-9956-ffa450edef68,3,0.004545454545454545,31.0,14.0,7.0,10.0,7142.9582187391725,395490.87297404057,3,0,0.10352131821830712,true
java/gadgets/src/main/java/org/apache/shindig/gadgets/servlet/JsonRpcHandler.java,123.0,22.0,1.0,3.0,17.0,11.0,9.0,lindner@13f79535-47bb-0310-9956-ffa450edef68,2,0.0030303030303030303,60.0,0.0,0.0,20.0,6386.506605835947,382994.97172989254,2,1,0.1964025980429457,false
java/gadgets/src/main/java/org/apache/shindig/gadgets/servlet/MakeRequestHandler.java,157.0,25.0,22.0,8.0,61.0,31.0,25.0,null,1,0.0015151515151515152,7.0,0.0,7.0,7.0,1638.0634920634918,85286.25,1,0,1.4386946375134222,true
java/gadgets/src/main/java/org/apache/shindig/gadgets/servlet/ProxyBase.java,134.0,17.0,43.0,10.0,34.0,38.0,12.0,johnh@13f79535-47bb-0310-9956-ffa450edef68,3,0.004545454545454545,64.0,9.0,36.0,36.0,7142.9582187391725,395490.87297404057,3,0,0.3767486568202738,false
java/gadgets/src/main/java/org/apache/shindig/gadgets/servlet/ProxyHandler.java,98.0,20.0,1.0,3.0,39.0,12.0,13.0,johnh@13f79535-47bb-0310-9956-ffa450edef68,3,0.004545454545454545,28.0,10.0,21.0,14.0,7142.9582187391725,395490.87297404057,3,0,0.6932579820151215,true
java/gadgets/src/main/java/org/apache/shindig/gadgets/servlet/RpcServlet.java,88.0,13.0,7.0,6.0,29.0,19.0,15.0,lindner@13f79535-47bb-0310-9956-ffa450edef68,2,0.0030303030303030303,43.0,0.0,21.0,7.0,6386.506605835947,382994.97172989254,2,0,0.23091108967753798,true
java/gadgets/src/main/java/org/apache/shindig/gadgets/spec/ModulePrefs.java,559.0,30.0,797.0,42.0,82.0,107.0,14.0,lindner@13f79535-47bb-0310-9956-ffa450edef68,1,0.0015151515151515152,19.0,0.0,6.0,0.0,4748.443113772455,297708.72172989254,1,0,0.5300278307499267,false
java/gadgets/src/main/java/org/apache/shindig/gadgets/spec/OAuthService.java,164.0,8.0,50.0,13.0,20.0,36.0,9.0,lindner@13f79535-47bb-0310-9956-ffa450edef68,1,0.0015151515151515152,29.0,0.0,0.0,14.0,4748.443113772455,297708.72172989254,1,0,0.5300278307499267,false
java/gadgets/src/main/java/org/apache/shindig/gadgets/spec/PipelinedData.java,495.0,25.0,155.0,19.0,68.0,65.0,3.0,ssievers@13f79535-47bb-0310-9956-ffa450edef68,2,0.0030303030303030303,33.0,17.0,0.0,17.0,5013.9631137724555,298556.8492347523,2,0,1.1934633010744715,false
java/gadgets/src/main/java/org/apache/shindig/gadgets/templates/ContainerTagLibraryFactory.java,45.0,15.0,8.0,5.0,8.0,11.0,38.0,lindner@13f79535-47bb-0310-9956-ffa450edef68,1,0.0015151515151515152,20.0,0.0,20.0,0.0,4748.443113772455,297708.72172989254,1,0,0.5300278307499267,false
java/gadgets/src/main/java/org/apache/shindig/gadgets/templates/DefaultTemplateProcessor.java,319.0,27.0,75.0,15.0,95.0,47.0,31.0,lindner@13f79535-47bb-0310-9956-ffa450edef68,1,0.0015151515151515152,25.0,0.0,12.0,0.0,4748.443113772455,297708.72172989254,1,0,0.5300278307499267,false
java/gadgets/src/main/java/org/apache/shindig/gadgets/templates/MessageELResolver.java,82.0,10.0,28.0,9.0,19.0,28.0,10.0,ssievers@13f79535-47bb-0310-9956-ffa450edef68,1,0.0015151515151515152,33.0,0.0,0.0,33.0,4748.443113772455,297708.72172989254,1,0,0.5300278307499267,false
java/gadgets/src/main/java/org/apache/shindig/gadgets/templates/NullTemplateLibrary.java,21.0,4.0,10.0,5.0,0.0,9.0,48.0,ssievers@13f79535-47bb-0310-9956-ffa450edef68,1,0.0015151515151515152,33.0,0.0,0.0,33.0,4748.443113772455,297708.72172989254,1,0,0.5300278307499267,false
java/gadgets/src/main/java/org/apache/shindig/gadgets/templates/TemplateLibrary.java,12.0,1.0,6.0,4.0,0.0,5.0,20.0,ssievers@13f79535-47bb-0310-9956-ffa450edef68,1,0.0015151515151515152,33.0,0.0,0.0,0.0,4748.443113772455,297708.72172989254,1,0,0.5300278307499267,false
java/gadgets/src/main/java/org/apache/shindig/gadgets/templates/TemplateModule.java,18.0,9.0,1.0,2.0,7.0,2.0,13.0,lindner@13f79535-47bb-0310-9956-ffa450edef68,1,0.0015151515151515152,29.0,14.0,0.0,0.0,4748.443113772455,297708.72172989254,1,0,0.5300278307499267,false
java/gadgets/src/main/java/org/apache/shindig/gadgets/templates/tags/TagHandler.java,24.0,3.0,3.0,3.0,0.0,7.0,20.0,ssievers@13f79535-47bb-0310-9956-ffa450edef68,1,0.0015151515151515152,33.0,0.0,0.0,0.0,4748.443113772455,297708.72172989254,1,0,0.5300278307499267,false
java/gadgets/src/main/java/org/apache/shindig/gadgets/uri/ConcatUriManager.java,130.0,6.0,20.0,9.0,6.0,24.0,27.0,johnh@13f79535-47bb-0310-9956-ffa450edef68,1,0.0015151515151515152,17.0,0.0,8.0,8.0,4748.443113772455,297708.72172989254,1,3,0.5300278307499267,true
java/gadgets/src/main/java/org/apache/shindig/gadgets/uri/DefaultConcatUriManager.java,117.0,13.0,9.0,7.0,45.0,26.0,9.0,lindner@13f79535-47bb-0310-9956-ffa450edef68,2,0.0030303030303030303,17.0,4.0,4.0,4.0,6386.506605835947,382994.97172989254,2,3,0.1948593878219922,true
java/gadgets/src/main/java/org/apache/shindig/gadgets/uri/DefaultIframeUriManager.java,202.0,19.0,90.0,16.0,70.0,45.0,15.0,null,3,0.004545454545454545,20.0,3.0,3.0,13.0,7142.9582187391725,395490.87297404057,3,2,0.30333660162868736,true
java/gadgets/src/main/java/org/apache/shindig/gadgets/uri/DefaultJsUriManager.java,104.0,10.0,18.0,8.0,35.0,23.0,10.0,null,2,0.0030303030303030303,10.0,3.0,3.0,3.0,2394.5151049667174,97782.15124414804,2,2,1.160050798039507,true
java/gadgets/src/main/java/org/apache/shindig/gadgets/uri/DefaultProxyUriManager.java,142.0,15.0,1.0,6.0,48.0,24.0,12.0,lindner@13f79535-47bb-0310-9956-ffa450edef68,2,0.0030303030303030303,13.0,3.0,0.0,6.0,6386.506605835947,382994.97172989254,2,2,0.1948593878219922,true
java/gadgets/src/main/java/org/apache/shindig/gadgets/uri/HashShaLockedDomainPrefixGenerator.java,6.0,3.0,0.0,1.0,3.0,2.0,48.0,lindner@13f79535-47bb-0310-9956-ffa450edef68,1,0.0015151515151515152,17.0,0.0,0.0,17.0,4748.443113772455,297708.72172989254,1,0,0.5300278307499267,true
java/gadgets/src/main/java/org/apache/shindig/gadgets/uri/JsUriManager.java,43.0,5.0,1.0,2.0,0.0,6.0,26.0,null,2,0.0030303030303030303,9.0,0.0,5.0,5.0,5504.89472667568,310204.62297404057,2,0,0.8280195468030754,false
java/gadgets/src/main/java/org/apache/shindig/gadgets/uri/ProxyUriBase.java,172.0,10.0,84.0,20.0,44.0,52.0,20.0,johnh@13f79535-47bb-0310-9956-ffa450edef68,2,0.0030303030303030303,13.0,0.0,4.0,4.0,5013.9631137724555,298556.8492347523,2,1,0.7979020963781072,false
java/gadgets/src/main/java/org/apache/shindig/gadgets/uri/ProxyUriManager.java,128.0,10.0,1.0,2.0,0.0,6.0,9.0,johnh@13f79535-47bb-0310-9956-ffa450edef68,2,0.0030303030303030303,13.0,7.0,13.0,7.0,6386.506605835947,382994.97172989254,2,3,0.29121405357172914,true
java/gadgets/src/main/java/org/apache/shindig/gadgets/uri/UriCommon.java,13.0,0.0,0.0,2.0,0.0,3.0,4.0,null,3,0.004545454545454545,15.0,10.0,0.0,0.0,6652.0266058359475,383843.0992347523,3,0,0.6386929115926423,false
java/gadgets/src/main/java/org/apache/shindig/gadgets/variables/BidiSubstituter.java,26.0,6.0,0.0,2.0,7.0,3.0,15.0,ssievers@13f79535-47bb-0310-9956-ffa450edef68,1,0.0015151515151515152,25.0,0.0,0.0,0.0,4748.443113772455,297708.72172989254,1,0,0.5300278307499267,false
java/gadgets/src/main/java/org/apache/shindig/gadgets/variables/MessageSubstituter.java,13.0,6.0,0.0,2.0,6.0,3.0,15.0,ssievers@13f79535-47bb-0310-9956-ffa450edef68,1,0.0015151515151515152,20.0,0.0,0.0,0.0,4748.443113772455,297708.72172989254,1,0,0.5300278307499267,false
java/gadgets/src/main/java/org/apache/shindig/gadgets/variables/ModuleSubstituter.java,8.0,3.0,0.0,1.0,3.0,2.0,15.0,ssievers@13f79535-47bb-0310-9956-ffa450edef68,1,0.0015151515151515152,25.0,0.0,0.0,0.0,4748.443113772455,297708.72172989254,1,0,0.5300278307499267,true
java/gadgets/src/main/java/org/apache/shindig/gadgets/variables/Substituter.java,13.0,3.0,0.0,1.0,0.0,4.0,15.0,ssievers@13f79535-47bb-0310-9956-ffa450edef68,1,0.0015151515151515152,25.0,0.0,0.0,0.0,4748.443113772455,297708.72172989254,1,0,0.5300278307499267,false
java/gadgets/src/main/java/org/apache/shindig/gadgets/variables/SubstituterModule.java,23.0,7.0,0.0,1.0,4.0,1.0,15.0,lindner@13f79535-47bb-0310-9956-ffa450edef68,1,0.0015151515151515152,50.0,0.0,0.0,0.0,4748.443113772455,297708.72172989254,1,0,0.5300278307499267,false
java/gadgets/src/main/java/org/apache/shindig/gadgets/variables/Substitutions.java,110.0,3.0,2.0,8.0,21.0,26.0,15.0,ssievers@13f79535-47bb-0310-9956-ffa450edef68,1,0.0015151515151515152,25.0,0.0,0.0,0.0,4748.443113772455,297708.72172989254,1,0,0.5300278307499267,false
java/gadgets/src/main/java/org/apache/shindig/gadgets/variables/UserPrefSubstituter.java,19.0,5.0,0.0,1.0,6.0,3.0,15.0,ssievers@13f79535-47bb-0310-9956-ffa450edef68,2,0.0030303030303030303,33.0,0.0,0.0,17.0,6386.506605835947,382994.97172989254,2,0,0.29121405357172914,false
java/gadgets/src/main/java/org/apache/shindig/gadgets/variables/VariableSubstituter.java,20.0,7.0,0.0,2.0,3.0,5.0,15.0,ssievers@13f79535-47bb-0310-9956-ffa450edef68,1,0.0015151515151515152,25.0,0.0,0.0,0.0,4748.443113772455,297708.72172989254,1,0,0.5300278307499267,false
java/gadgets/src/test/java/org/apache/shindig/gadgets/DefaultGadgetSpecFactoryTest.java,196.0,17.0,0.0,24.0,157.0,55.0,24.0,null,2,0.0030303030303030303,30.0,0.0,0.0,20.0,6386.506605835947,382994.97172989254,2,1,0.1964025980429457,false
java/gadgets/src/test/java/org/apache/shindig/gadgets/DefaultMessageBundleFactoryTest.java,181.0,23.0,0.0,15.0,109.0,38.0,31.0,lindner@13f79535-47bb-0310-9956-ffa450edef68,2,0.0030303030303030303,29.0,0.0,0.0,14.0,6386.506605835947,382994.97172989254,2,0,0.29121405357172914,false
java/gadgets/src/test/java/org/apache/shindig/gadgets/FeedProcessorTest.java,167.0,5.0,0.0,13.0,56.0,27.0,0.0,lindner@13f79535-47bb-0310-9956-ffa450edef68,0,0.0,0.0,0.0,0.0,0.0,0.0,0.0,0,0,0.0,false
java/gadgets/src/test/java/org/apache/shindig/gadgets/FetchResponseUtilsTest.java,25.0,5.0,6.0,4.0,19.0,8.0,0.0,johnh@13f79535-47bb-0310-9956-ffa450edef68,0,0.0,0.0,0.0,0.0,0.0,0.0,0.0,0,0,0.0,false
java/gadgets/src/test/java/org/apache/shindig/gadgets/GadgetTest.java,39.0,11.0,0.0,2.0,27.0,6.0,0.0,ssievers@13f79535-47bb-0310-9956-ffa450edef68,0,0.0,0.0,0.0,0.0,0.0,0.0,0.0,0,0,0.0,false
java/gadgets/src/test/java/org/apache/shindig/gadgets/HashLockedDomainServiceTest.java,132.0,16.0,0.0,8.0,68.0,15.0,0.0,lindner@13f79535-47bb-0310-9956-ffa450edef68,0,0.0,0.0,0.0,0.0,0.0,0.0,0.0,0,0,0.0,false
java/gadgets/src/test/java/org/apache/shindig/gadgets/encoding/EncodingDetectorTest.java,49.0,7.0,45.0,10.0,43.0,21.0,21.0,zhoresh@13f79535-47bb-0310-9956-ffa450edef68,2,0.0030303030303030303,75.0,0.0,25.0,0.0,5504.89472667568,310204.62297404057,2,0,0.5542729268638431,false
java/gadgets/src/test/java/org/apache/shindig/gadgets/features/FeatureParserTest.java,54.0,5.0,1.0,2.0,14.0,5.0,22.0,ssievers@13f79535-47bb-0310-9956-ffa450edef68,1,0.0015151515151515152,17.0,0.0,0.0,0.0,4748.443113772455,297708.72172989254,1,0,0.5300278307499267,false
java/gadgets/src/test/java/org/apache/shindig/gadgets/features/FeatureRegistryTest.java,501.0,23.0,613.0,51.0,270.0,118.0,11.0,johnh@13f79535-47bb-0310-9956-ffa450edef68,2,0.0030303030303030303,29.0,14.0,0.0,7.0,6386.506605835947,382994.97172989254,2,0,0.1948593878219922,true
java/gadgets/src/test/java/org/apache/shindig/gadgets/features/FeatureResourceLoaderTest.java,115.0,23.0,0.0,13.0,114.0,29.0,20.0,ssievers@13f79535-47bb-0310-9956-ffa450edef68,2,0.0030303030303030303,25.0,12.0,12.0,0.0,6386.506605835947,382994.97172989254,2,0,0.29121405357172914,false
java/gadgets/src/test/java/org/apache/shindig/gadgets/http/AbstractHttpCacheTest.java,182.0,17.0,0.0,22.0,148.0,31.0,22.0,null,2,0.0030303030303030303,29.0,12.0,12.0,12.0,6386.506605835947,382994.97172989254,2,1,0.4022162477987674,true
java/gadgets/src/test/java/org/apache/shindig/gadgets/http/AbstractHttpFetcherTest.java,187.0,10.0,0.0,21.0,128.0,53.0,14.0,ssievers@13f79535-47bb-0310-9956-ffa450edef68,2,0.0030303030303030303,33.0,17.0,17.0,17.0,6386.506605835947,382994.97172989254,2,0,0.29121405357172914,false
java/gadgets/src/test/java/org/apache/shindig/gadgets/http/DefaultInvalidationServiceTest.java,125.0,13.0,0.0,9.0,73.0,18.0,14.0,johnh@13f79535-47bb-0310-9956-ffa450edef68,2,0.0030303030303030303,29.0,29.0,14.0,29.0,1766.396825396825,85499.22987722854,2,0,2.1255524269699375,false
java/gadgets/src/test/java/org/apache/shindig/gadgets/http/DefaultRequestPipelineTest.java,175.0,10.0,0.0,10.0,54.0,21.0,23.0,null,1,0.0015151515151515152,10.0,10.0,10.0,10.0,1638.0634920634918,85286.25,1,1,1.4386946375134222,false
java/gadgets/src/test/java/org/apache/shindig/gadgets/http/HttpResponseBuilderTest.java,113.0,17.0,136.0,17.0,106.0,18.0,23.0,null,1,0.0015151515151515152,12.0,12.0,12.0,12.0,1638.0634920634918,85286.25,1,1,1.4386946375134222,false
java/gadgets/src/test/java/org/apache/shindig/gadgets/http/HttpResponseTest.java,246.0,9.0,655.0,39.0,247.0,84.0,2.0,null,3,0.004545454545454545,40.0,20.0,10.0,0.0,7142.9582187391725,395490.87297404057,3,0,0.7086126582139767,true
java/gadgets/src/test/java/org/apache/shindig/gadgets/oauth/BasicOAuthStoreTest.java,87.0,13.0,0.0,5.0,37.0,11.0,0.0,ssievers@13f79535-47bb-0310-9956-ffa450edef68,0,0.0,0.0,0.0,0.0,0.0,0.0,0.0,0,0,0.0,false
java/gadgets/src/test/java/org/apache/shindig/gadgets/oauth/GadgetOAuthCallbackGeneratorTest.java,143.0,23.0,0.0,9.0,109.0,27.0,27.0,lindner@13f79535-47bb-0310-9956-ffa450edef68,3,0.004545454545454545,56.0,22.0,11.0,22.0,6652.0266058359475,383843.0992347523,3,0,0.3041237132231873,false
java/gadgets/src/test/java/org/apache/shindig/gadgets/oauth/GadgetTokenStoreTest.java,297.0,17.0,0.0,19.0,172.0,41.0,17.0,chirag@13f79535-47bb-0310-9956-ffa450edef68,2,0.0030303030303030303,50.0,25.0,25.0,25.0,1903.5834920634918,86134.37750485977,2,0,1.6477967044562192,false
java/gadgets/src/test/java/org/apache/shindig/gadgets/oauth/OAuthRequestTest.java,1389.0,44.0,2676.0,129.0,902.0,308.0,11.0,lindner@13f79535-47bb-0310-9956-ffa450edef68,2,0.0030303030303030303,25.0,25.0,8.0,0.0,5013.9631137724555,298556.8492347523,2,1,0.7979020963781072,false
java/gadgets/src/test/java/org/apache/shindig/gadgets/oauth/OAuthResponseParamsTest.java,146.0,15.0,35.0,14.0,82.0,21.0,12.0,null,1,0.0015151515151515152,20.0,20.0,20.0,0.0,265.52000000000004,848.1275048597689,1,0,3.243193132518907,false
java/gadgets/src/test/java/org/apache/shindig/gadgets/parse/AbstractParserAndSerializerTest.java,51.0,3.0,0.0,10.0,20.0,21.0,0.0,ssievers@13f79535-47bb-0310-9956-ffa450edef68,0,0.0,0.0,0.0,0.0,0.0,0.0,0.0,0,1,0.0,false
java/gadgets/src/test/java/org/apache/shindig/gadgets/parse/AbstractParsingTestBase.java,59.0,11.0,6.0,4.0,18.0,15.0,7.0,lindner@13f79535-47bb-0310-9956-ffa450edef68,1,0.0015151515151515152,17.0,0.0,0.0,0.0,1638.0634920634918,85286.25,1,1,1.4386946375134222,false
java/gadgets/src/test/java/org/apache/shindig/gadgets/parse/caja/CajaCssSanitizerTest.java,56.0,8.0,0.0,8.0,23.0,19.0,12.0,johnh@13f79535-47bb-0310-9956-ffa450edef68,1,0.0015151515151515152,9.0,0.0,9.0,9.0,1638.0634920634918,85286.25,1,0,1.4386946375134222,true
java/gadgets/src/test/java/org/apache/shindig/gadgets/parse/caja/CajaSocialMarkupHtmlParserTest.java,26.0,5.0,28.0,8.0,1.0,10.0,10.0,ssievers@13f79535-47bb-0310-9956-ffa450edef68,1,0.0015151515151515152,50.0,0.0,50.0,25.0,1638.0634920634918,85286.25,1,0,1.4386946375134222,true
java/gadgets/src/test/java/org/apache/shindig/gadgets/parse/caja/old/CajaCssSanitizerTest.java,64.0,9.0,0.0,10.0,23.0,24.0,12.0,johnh@13f79535-47bb-0310-9956-ffa450edef68,2,0.0030303030303030303,83.0,0.0,17.0,67.0,6386.506605835947,382994.97172989254,2,0,0.4022162477987674,true
java/gadgets/src/test/java/org/apache/shindig/gadgets/parse/nekohtml/NekoParserAndSerializeTest.java,31.0,5.0,15.0,6.0,12.0,14.0,0.0,ssievers@13f79535-47bb-0310-9956-ffa450edef68,0,0.0,0.0,0.0,0.0,0.0,0.0,0.0,0,1,0.0,false
java/gadgets/src/test/java/org/apache/shindig/gadgets/preload/HttpPreloaderTest.java,130.0,22.0,1.0,11.0,105.0,24.0,7.0,ssievers@13f79535-47bb-0310-9956-ffa450edef68,1,0.0015151515151515152,33.0,0.0,0.0,0.0,1638.0634920634918,85286.25,1,0,1.4386946375134222,false
java/gadgets/src/test/java/org/apache/shindig/gadgets/preload/PipelineExecutorTest.java,166.0,32.0,48.0,13.0,116.0,42.0,33.0,lindner@13f79535-47bb-0310-9956-ffa450edef68,1,0.0015151515151515152,60.0,0.0,20.0,20.0,4748.443113772455,297708.72172989254,1,0,0.5300278307499267,false
java/gadgets/src/test/java/org/apache/shindig/gadgets/preload/PipelinedDataPreloaderTest.java,241.0,27.0,61.0,18.0,187.0,43.0,10.0,ssievers@13f79535-47bb-0310-9956-ffa450edef68,2,0.0030303030303030303,33.0,0.0,17.0,0.0,6386.506605835947,382994.97172989254,2,0,0.29121405357172914,false
java/gadgets/src/test/java/org/apache/shindig/gadgets/process/ProcessorTest.java,120.0,21.0,0.0,15.0,43.0,38.0,15.0,zhoresh@13f79535-47bb-0310-9956-ffa450edef68,1,0.0015151515151515152,12.0,0.0,0.0,0.0,4748.443113772455,297708.72172989254,1,0,0.5300278307499267,true
java/gadgets/src/test/java/org/apache/shindig/gadgets/render/DefaultServiceFetcherTest.java,72.0,19.0,0.0,6.0,46.0,18.0,20.0,lindner@13f79535-47bb-0310-9956-ffa450edef68,1,0.0015151515151515152,40.0,0.0,10.0,0.0,4748.443113772455,297708.72172989254,1,0,0.5300278307499267,true
java/gadgets/src/test/java/org/apache/shindig/gadgets/render/FakeMessageBundleFactory.java,12.0,5.0,0.0,1.0,3.0,3.0,0.0,ssievers@13f79535-47bb-0310-9956-ffa450edef68,0,0.0,0.0,0.0,0.0,0.0,0.0,0.0,0,0,0.0,false
java/gadgets/src/test/java/org/apache/shindig/gadgets/render/OpenSocialI18NGadgetRewriterTest.java,64.0,7.0,0.0,11.0,20.0,23.0,2.0,ssievers@13f79535-47bb-0310-9956-ffa450edef68,1,0.0015151515151515152,25.0,25.0,0.0,0.0,1638.0634920634918,85286.25,1,1,1.4386946375134222,false
java/gadgets/src/test/java/org/apache/shindig/gadgets/render/ProxyRendererTest.java,202.0,29.0,58.0,17.0,75.0,39.0,19.0,ssievers@13f79535-47bb-0310-9956-ffa450edef68,1,0.0015151515151515152,29.0,0.0,14.0,14.0,1638.0634920634918,85286.25,1,0,1.4386946375134222,true
java/gadgets/src/test/java/org/apache/shindig/gadgets/render/RenderingGadgetRewriterTest.java,488.0,59.0,1092.0,52.0,303.0,138.0,25.0,lindner@13f79535-47bb-0310-9956-ffa450edef68,2,0.0030303030303030303,23.0,8.0,0.0,12.0,6386.506605835947,382994.97172989254,2,0,0.23091108967753798,true
java/gadgets/src/test/java/org/apache/shindig/gadgets/render/SanitizingGadgetRewriterTest.java,197.0,28.0,65.0,31.0,130.0,83.0,15.0,johnh@13f79535-47bb-0310-9956-ffa450edef68,3,0.004545454545454545,33.0,8.0,8.0,17.0,6514.83993916928,383207.9516071211,3,1,0.8618096499908607,true
java/gadgets/src/test/java/org/apache/shindig/gadgets/render/SanitizingProxyUriManagerTest.java,79.0,18.0,0.0,6.0,62.0,21.0,24.0,johnh@13f79535-47bb-0310-9956-ffa450edef68,2,0.0030303030303030303,40.0,0.0,0.0,20.0,6386.506605835947,382994.97172989254,2,0,0.29121405357172914,false
java/gadgets/src/test/java/org/apache/shindig/gadgets/render/SanitizingResponseRewriterTest.java,68.0,20.0,0.0,9.0,47.0,26.0,12.0,null,3,0.004545454545454545,38.0,12.0,0.0,12.0,6514.83993916928,383207.9516071211,3,0,0.9571967266017878,false
java/gadgets/src/test/java/org/apache/shindig/gadgets/render/old/SanitizingGadgetRewriterTest.java,197.0,27.0,65.0,31.0,130.0,83.0,15.0,johnh@13f79535-47bb-0310-9956-ffa450edef68,2,0.0030303030303030303,57.0,0.0,14.0,29.0,6386.506605835947,382994.97172989254,2,0,0.6491927912037398,true
java/gadgets/src/test/java/org/apache/shindig/gadgets/render/old/SanitizingRequestRewriterTest.java,68.0,19.0,0.0,9.0,47.0,26.0,23.0,johnh@13f79535-47bb-0310-9956-ffa450edef68,2,0.0030303030303030303,67.0,0.0,33.0,33.0,6386.506605835947,382994.97172989254,2,0,0.6491927912037398,true
java/gadgets/src/test/java/org/apache/shindig/gadgets/rewrite/ConcatVisitorTest.java,396.0,18.0,173.0,30.0,210.0,65.0,8.0,lindner@13f79535-47bb-0310-9956-ffa450edef68,1,0.0015151515151515152,14.0,0.0,7.0,0.0,4748.443113772455,297708.72172989254,1,1,0.5300278307499267,true
java/gadgets/src/test/java/org/apache/shindig/gadgets/rewrite/CssResponseRewriterTest.java,109.0,19.0,18.0,12.0,82.0,29.0,18.0,null,2,0.0030303030303030303,27.0,9.0,0.0,9.0,1766.396825396825,85499.22987722854,2,0,1.7221837825629165,false
java/gadgets/src/test/java/org/apache/shindig/gadgets/rewrite/DefaultContentRewriterRegistryTest.java,36.0,14.0,0.0,3.0,18.0,9.0,32.0,johnh@13f79535-47bb-0310-9956-ffa450edef68,1,0.0015151515151515152,25.0,0.0,12.0,12.0,1638.0634920634918,85286.25,1,0,1.4386946375134222,false
java/gadgets/src/test/java/org/apache/shindig/gadgets/rewrite/DomWalkerTest.java,123.0,12.0,0.0,8.0,74.0,22.0,11.0,johnh@13f79535-47bb-0310-9956-ffa450edef68,3,0.004545454545454545,57.0,0.0,0.0,0.0,7142.9582187391725,395490.87297404057,3,0,0.4402099115983036,false
java/gadgets/src/test/java/org/apache/shindig/gadgets/rewrite/DomWalkerTestBase.java,67.0,21.0,22.0,8.0,41.0,20.0,39.0,johnh@13f79535-47bb-0310-9956-ffa450edef68,1,0.0015151515151515152,20.0,0.0,0.0,0.0,4748.443113772455,297708.72172989254,1,0,0.5300278307499267,false
java/gadgets/src/test/java/org/apache/shindig/gadgets/rewrite/MutableContentTest.java,69.0,16.0,0.0,6.0,64.0,17.0,3.0,johnh@13f79535-47bb-0310-9956-ffa450edef68,2,0.0030303030303030303,22.0,0.0,0.0,0.0,6386.506605835947,382994.97172989254,2,1,0.29121405357172914,false
java/gadgets/src/test/java/org/apache/shindig/gadgets/rewrite/PipelineDataGadgetRewriterTest.java,139.0,38.0,14.0,12.0,80.0,36.0,26.0,ssievers@13f79535-47bb-0310-9956-ffa450edef68,1,0.0015151515151515152,50.0,0.0,25.0,0.0,4748.443113772455,297708.72172989254,1,0,0.5300278307499267,false
java/gadgets/src/test/java/org/apache/shindig/gadgets/rewrite/ProxyingVisitorTest.java,72.0,21.0,36.0,9.0,49.0,22.0,10.0,johnh@13f79535-47bb-0310-9956-ffa450edef68,2,0.0030303030303030303,45.0,0.0,9.0,0.0,6386.506605835947,382994.97172989254,2,0,0.7565588526225351,false
java/gadgets/src/test/java/org/apache/shindig/gadgets/rewrite/RewriterTestBase.java,130.0,24.0,79.0,15.0,32.0,41.0,25.0,null,2,0.0030303030303030303,33.0,0.0,17.0,17.0,6386.506605835947,382994.97172989254,2,0,0.29121405357172914,true
java/gadgets/src/test/java/org/apache/shindig/gadgets/rewrite/StyleTagExtractorVisitorTest.java,145.0,24.0,134.0,17.0,113.0,43.0,21.0,johnh@13f79535-47bb-0310-9956-ffa450edef68,2,0.0030303030303030303,38.0,12.0,0.0,25.0,6386.506605835947,382994.97172989254,2,0,0.1964025980429457,false
java/gadgets/src/test/java/org/apache/shindig/gadgets/rewrite/TemplateRewriterTest.java,175.0,35.0,70.0,29.0,107.0,68.0,0.0,chirag@13f79535-47bb-0310-9956-ffa450edef68,0,0.0,0.0,0.0,0.0,0.0,0.0,0.0,0,0,0.0,false
java/gadgets/src/test/java/org/apache/shindig/gadgets/rewrite/image/BMPOptimizerTest.java,37.0,9.0,4.0,4.0,18.0,13.0,23.0,ssievers@13f79535-47bb-0310-9956-ffa450edef68,1,0.0015151515151515152,25.0,25.0,25.0,25.0,1638.0634920634918,85286.25,1,0,1.4386946375134222,false
java/gadgets/src/test/java/org/apache/shindig/gadgets/rewrite/image/GIFOptimizerTest.java,35.0,6.0,6.0,4.0,19.0,12.0,23.0,ssievers@13f79535-47bb-0310-9956-ffa450edef68,1,0.0015151515151515152,33.0,33.0,33.0,33.0,1638.0634920634918,85286.25,1,0,1.4386946375134222,false
java/gadgets/src/test/java/org/apache/shindig/gadgets/rewrite/image/ImageRewriterTest.java,181.0,17.0,0.0,25.0,135.0,60.0,21.0,lindner@13f79535-47bb-0310-9956-ffa450edef68,2,0.0030303030303030303,33.0,11.0,11.0,11.0,6386.506605835947,382994.97172989254,2,0,0.1964025980429457,false
java/gadgets/src/test/java/org/apache/shindig/gadgets/rewrite/image/JPEGOptimizerTest.java,53.0,5.0,36.0,9.0,29.0,20.0,23.0,johnh@13f79535-47bb-0310-9956-ffa450edef68,1,0.0015151515151515152,14.0,14.0,14.0,14.0,1638.0634920634918,85286.25,1,0,1.4386946375134222,true
java/gadgets/src/test/java/org/apache/shindig/gadgets/rewrite/image/PNGOptimizerTest.java,27.0,6.0,6.0,4.0,19.0,9.0,23.0,ssievers@13f79535-47bb-0310-9956-ffa450edef68,1,0.0015151515151515152,33.0,33.0,33.0,33.0,1638.0634920634918,85286.25,1,0,1.4386946375134222,false
java/gadgets/src/test/java/org/apache/shindig/gadgets/rewrite/old/BaseRewriterTestCase.java,175.0,32.0,121.0,18.0,35.0,52.0,27.0,johnh@13f79535-47bb-0310-9956-ffa450edef68,2,0.0030303030303030303,71.0,0.0,29.0,29.0,6386.506605835947,382994.97172989254,2,1,0.4022162477987674,true
java/gadgets/src/test/java/org/apache/shindig/gadgets/rewrite/old/CssRequestRewriterTest.java,92.0,21.0,0.0,10.0,80.0,23.0,26.0,johnh@13f79535-47bb-0310-9956-ffa450edef68,1,0.0015151515151515152,40.0,0.0,20.0,20.0,1638.0634920634918,85286.25,1,1,1.4386946375134222,false
java/gadgets/src/test/java/org/apache/shindig/gadgets/rewrite/old/HTMLContentRewriterTest.java,132.0,15.0,0.0,15.0,122.0,37.0,21.0,johnh@13f79535-47bb-0310-9956-ffa450edef68,2,0.0030303030303030303,57.0,0.0,29.0,29.0,6386.506605835947,382994.97172989254,2,1,0.6491927912037398,true
java/gadgets/src/test/java/org/apache/shindig/gadgets/servlet/GadgetRenderingServletTest.java,96.0,18.0,0.0,11.0,113.0,25.0,23.0,johnh@13f79535-47bb-0310-9956-ffa450edef68,2,0.0030303030303030303,50.0,0.0,0.0,33.0,6386.506605835947,382994.97172989254,2,1,0.4992915336307775,false
java/gadgets/src/test/java/org/apache/shindig/gadgets/servlet/HtmlAccelServletTest.java,154.0,18.0,0.0,11.0,181.0,31.0,8.0,johnh@13f79535-47bb-0310-9956-ffa450edef68,3,0.004545454545454545,45.0,5.0,15.0,25.0,7142.9582187391725,395490.87297404057,3,0,0.7732828627423574,true
java/gadgets/src/test/java/org/apache/shindig/gadgets/servlet/HttpGadgetContextTest.java,52.0,7.0,28.0,8.0,51.0,10.0,0.0,ssievers@13f79535-47bb-0310-9956-ffa450edef68,0,0.0,0.0,0.0,0.0,0.0,0.0,0.0,0,0,0.0,false
java/gadgets/src/test/java/org/apache/shindig/gadgets/servlet/HttpRequestHandlerTest.java,289.0,39.0,0.0,19.0,293.0,60.0,23.0,null,1,0.0015151515151515152,25.0,0.0,12.0,25.0,1638.0634920634918,85286.25,1,0,1.4386946375134222,false
java/gadgets/src/test/java/org/apache/shindig/gadgets/servlet/JsonRpcHandlerTest.java,149.0,23.0,1.0,7.0,53.0,25.0,9.0,johnh@13f79535-47bb-0310-9956-ffa450edef68,2,0.0030303030303030303,67.0,0.0,0.0,22.0,6386.506605835947,382994.97172989254,2,0,0.1964025980429457,false
java/gadgets/src/test/java/org/apache/shindig/gadgets/servlet/ProxyHandlerTest.java,208.0,19.0,78.0,21.0,182.0,55.0,11.0,johnh@13f79535-47bb-0310-9956-ffa450edef68,4,0.006060606060606061,32.0,14.0,23.0,23.0,7271.2915520725055,395703.8528512691,4,3,0.7028032833454918,false
java/gadgets/src/test/java/org/apache/shindig/gadgets/servlet/RpcServletTest.java,84.0,14.0,3.0,10.0,59.0,32.0,16.0,lindner@13f79535-47bb-0310-9956-ffa450edef68,1,0.0015151515151515152,71.0,0.0,0.0,0.0,4748.443113772455,297708.72172989254,1,0,0.5300278307499267,false
java/gadgets/src/test/java/org/apache/shindig/gadgets/servlet/ServletTestFixture.java,12.0,11.0,0.0,0.0,0.0,0.0,20.0,johnh@13f79535-47bb-0310-9956-ffa450edef68,1,0.0015151515151515152,40.0,0.0,20.0,40.0,1638.0634920634918,85286.25,1,0,1.4386946375134222,false
java/gadgets/src/test/java/org/apache/shindig/gadgets/spec/OAuthServiceTest.java,96.0,6.0,0.0,14.0,50.0,33.0,1.0,ssievers@13f79535-47bb-0310-9956-ffa450edef68,1,0.0015151515151515152,33.0,0.0,33.0,0.0,4748.443113772455,297708.72172989254,1,0,0.5300278307499267,false
java/gadgets/src/test/java/org/apache/shindig/gadgets/spec/OAuthSpecTest.java,35.0,4.0,0.0,4.0,27.0,8.0,4.0,ssievers@13f79535-47bb-0310-9956-ffa450edef68,1,0.0015151515151515152,33.0,0.0,0.0,0.0,4748.443113772455,297708.72172989254,1,0,0.5300278307499267,false
java/gadgets/src/test/java/org/apache/shindig/gadgets/templates/tags/IfTagHandlerTest.java,36.0,16.0,0.0,4.0,24.0,12.0,39.0,ssievers@13f79535-47bb-0310-9956-ffa450edef68,1,0.0015151515151515152,33.0,0.0,0.0,0.0,4748.443113772455,297708.72172989254,1,0,0.5300278307499267,false
java/gadgets/src/test/java/org/apache/shindig/gadgets/templates/tags/RepeatTagHandlerTest.java,42.0,16.0,0.0,4.0,28.0,12.0,39.0,ssievers@13f79535-47bb-0310-9956-ffa450edef68,1,0.0015151515151515152,33.0,0.0,0.0,0.0,4748.443113772455,297708.72172989254,1,0,0.5300278307499267,false
java/gadgets/src/test/java/org/apache/shindig/gadgets/templates/tags/TemplateBasedTagHandlerTest.java,70.0,25.0,85.0,14.0,27.0,33.0,12.0,null,2,0.0030303030303030303,38.0,12.0,0.0,0.0,6386.506605835947,382994.97172989254,2,0,0.1964025980429457,false
java/gadgets/src/test/java/org/apache/shindig/gadgets/uri/AllJsIframeVersionerTest.java,34.0,13.0,0.0,6.0,21.0,8.0,39.0,null,1,0.0015151515151515152,12.0,0.0,0.0,0.0,4748.443113772455,297708.72172989254,1,0,0.5300278307499267,true
java/gadgets/src/test/java/org/apache/shindig/gadgets/uri/DefaultConcatUriManagerTest.java,341.0,18.0,599.0,43.0,257.0,72.0,17.0,lindner@13f79535-47bb-0310-9956-ffa450edef68,2,0.0030303030303030303,27.0,7.0,0.0,7.0,6386.506605835947,382994.97172989254,2,2,0.1948593878219922,true
java/gadgets/src/test/java/org/apache/shindig/gadgets/uri/DefaultIframeUriManagerTest.java,430.0,29.0,131.0,31.0,308.0,37.0,22.0,null,2,0.0030303030303030303,20.0,0.0,0.0,7.0,5504.89472667568,310204.62297404057,2,0,0.5542729268638431,true
java/gadgets/src/test/java/org/apache/shindig/gadgets/uri/DefaultJsUriManagerTest.java,227.0,20.0,0.0,20.0,195.0,26.0,15.0,null,3,0.004545454545454545,14.0,5.0,5.0,0.0,7142.9582187391725,395490.87297404057,3,2,0.39506374207837824,true
java/gadgets/src/test/java/org/apache/shindig/gadgets/uri/DefaultJsVersionerTest.java,89.0,20.0,0.0,8.0,56.0,15.0,39.0,zhoresh@13f79535-47bb-0310-9956-ffa450edef68,1,0.0015151515151515152,14.0,0.0,0.0,0.0,4748.443113772455,297708.72172989254,1,0,0.5300278307499267,false
java/gadgets/src/test/java/org/apache/shindig/gadgets/uri/DefaultProxyUriManagerTest.java,308.0,18.0,670.0,40.0,225.0,100.0,26.0,johnh@13f79535-47bb-0310-9956-ffa450edef68,2,0.0030303030303030303,22.0,6.0,0.0,11.0,4876.776447105788,297921.7016071211,2,0,0.8848618728302224,true
java/gadgets/src/test/java/org/apache/shindig/gadgets/uri/UriManagerTestBase.java,64.0,18.0,0.0,5.0,41.0,13.0,15.0,lindner@13f79535-47bb-0310-9956-ffa450edef68,2,0.0030303030303030303,33.0,0.0,8.0,8.0,6386.506605835947,382994.97172989254,2,0,0.1948593878219922,false
java/gadgets/src/test/java/org/apache/shindig/gadgets/variables/BidiSubstituterTest.java,29.0,7.0,15.0,6.0,9.0,12.0,6.0,ssievers@13f79535-47bb-0310-9956-ffa450edef68,1,0.0015151515151515152,50.0,0.0,0.0,0.0,4748.443113772455,297708.72172989254,1,0,0.5300278307499267,false
java/gadgets/src/test/java/org/apache/shindig/gadgets/variables/MessageSubstituterTest.java,12.0,7.0,0.0,1.0,4.0,2.0,15.0,ssievers@13f79535-47bb-0310-9956-ffa450edef68,1,0.0015151515151515152,33.0,0.0,0.0,0.0,4748.443113772455,297708.72172989254,1,0,0.5300278307499267,false
java/gadgets/src/test/java/org/apache/shindig/gadgets/variables/ModuleSubstituterTest.java,23.0,7.0,0.0,4.0,8.0,11.0,15.0,ssievers@13f79535-47bb-0310-9956-ffa450edef68,1,0.0015151515151515152,25.0,0.0,0.0,0.0,4748.443113772455,297708.72172989254,1,0,0.5300278307499267,true
java/gadgets/src/test/java/org/apache/shindig/gadgets/variables/UserPrefSubstituterTest.java,42.0,10.0,4.0,5.0,9.0,13.0,15.0,ssievers@13f79535-47bb-0310-9956-ffa450edef68,1,0.0015151515151515152,25.0,0.0,0.0,0.0,4748.443113772455,297708.72172989254,1,0,0.5300278307499267,false
java/gadgets/src/test/java/org/apache/shindig/gadgets/variables/VariableSubstituterTest.java,48.0,13.0,19.0,7.0,25.0,17.0,8.0,lindner@13f79535-47bb-0310-9956-ffa450edef68,1,0.0015151515151515152,29.0,0.0,0.0,0.0,4748.443113772455,297708.72172989254,1,0,0.5300278307499267,false
java/samples/src/main/java/org/apache/shindig/social/opensocial/jpa/MediaItemDb.java,420.0,22.0,1007.0,47.0,2.0,70.0,2.0,lindner@13f79535-47bb-0310-9956-ffa450edef68,1,0.0015151515151515152,43.0,14.0,29.0,14.0,4748.443113772455,297708.72172989254,1,0,0.5300278307499267,true
java/samples/src/main/java/org/apache/shindig/social/opensocial/jpa/spi/ActivityServiceDb.java,157.0,22.0,8.0,8.0,77.0,29.0,4.0,null,2,0.0030303030303030303,33.0,0.0,11.0,22.0,5013.9631137724555,298556.8492347523,2,0,1.7022905303011004,false
java/samples/src/main/java/org/apache/shindig/social/opensocial/jpa/spi/PersonServiceDb.java,174.0,20.0,4.0,5.0,46.0,26.0,6.0,null,2,0.0030303030303030303,25.0,0.0,12.0,12.0,5013.9631137724555,298556.8492347523,2,0,1.1934633010744715,false
java/samples/src/test/java/org/apache/shindig/social/opensocial/jpa/spi/SpiDatabaseBootstrap.java,507.0,40.0,85.0,14.0,253.0,39.0,7.0,null,1,0.0015151515151515152,22.0,0.0,0.0,22.0,141.42857142857144,372.6343958089062,1,0,4.709530201312334,false
java/samples/src/test/java/org/apache/shindig/social/opensocial/jpa/spi/SpiTestUtil.java,278.0,38.0,105.0,15.0,214.0,28.0,13.0,ssievers@13f79535-47bb-0310-9956-ffa450edef68,1,0.0015151515151515152,14.0,0.0,0.0,14.0,141.42857142857144,372.6343958089062,1,0,4.709530201312334,false
java/samples/src/test/java/org/apache/shindig/social/opensocial/jpa/spi/integration/JpaRestfulTestConfigHelper.java,31.0,18.0,1.0,2.0,15.0,4.0,1.0,ssievers@13f79535-47bb-0310-9956-ffa450edef68,1,0.0015151515151515152,17.0,0.0,17.0,0.0,4748.443113772455,297708.72172989254,1,0,0.5300278307499267,false
java/samples/src/test/java/org/apache/shindig/social/opensocial/jpa/test/PersonPopulate.java,294.0,34.0,165.0,19.0,176.0,56.0,25.0,null,2,0.0030303030303030303,40.0,0.0,20.0,20.0,4889.871685201027,298081.35612570145,2,0,1.926631835471185,false
java/server/src/main/java/org/apache/shindig/sample/container/SampleContainerGuiceModule.java,6.0,4.0,0.0,1.0,5.0,1.0,8.0,jcian@13f79535-47bb-0310-9956-ffa450edef68,1,0.0015151515151515152,33.0,0.0,0.0,33.0,4748.443113772455,297708.72172989254,1,0,0.5300278307499267,false
java/server/src/main/java/org/apache/shindig/sample/container/SampleContainerHandler.java,53.0,17.0,2.0,5.0,14.0,18.0,13.0,jcian@13f79535-47bb-0310-9956-ffa450edef68,1,0.0015151515151515152,50.0,0.0,0.0,50.0,4748.443113772455,297708.72172989254,1,0,0.5300278307499267,false
java/server/src/main/java/org/apache/shindig/sample/shiro/SampleShiroRealm.java,29.0,15.0,1.0,2.0,8.0,9.0,10.0,jcian@13f79535-47bb-0310-9956-ffa450edef68,1,0.0015151515151515152,50.0,0.0,0.0,50.0,4748.443113772455,297708.72172989254,1,0,0.5300278307499267,false
java/server/src/main/java/org/apache/shindig/sample/shiro/ShiroGuiceModule.java,5.0,1.0,0.0,1.0,1.0,1.0,8.0,jcian@13f79535-47bb-0310-9956-ffa450edef68,1,0.0015151515151515152,50.0,0.0,0.0,50.0,4748.443113772455,297708.72172989254,1,0,0.5300278307499267,false
java/server/src/test/java/org/apache/shindig/server/endtoend/EndToEndServer.java,115.0,32.0,7.0,6.0,17.0,12.0,8.0,lindner@13f79535-47bb-0310-9956-ffa450edef68,1,0.0015151515151515152,38.0,0.0,8.0,8.0,4748.443113772455,297708.72172989254,1,0,0.5300278307499267,false
java/server/src/test/java/org/apache/shindig/server/endtoend/EndToEndTest.java,248.0,37.0,661.0,38.0,98.0,90.0,15.0,null,3,0.004545454545454545,31.0,8.0,4.0,4.0,7142.9582187391725,395490.87297404057,3,2,0.21304320990742975,true
java/social-api/src/main/java/org/apache/shindig/social/core/config/SocialApiGuiceModule.java,29.0,22.0,1.0,2.0,11.0,4.0,6.0,lindner@13f79535-47bb-0310-9956-ffa450edef68,1,0.0015151515151515152,18.0,0.0,0.0,18.0,4748.443113772455,297708.72172989254,1,0,0.5300278307499267,false
java/social-api/src/main/java/org/apache/shindig/social/core/model/AlbumImpl.java,70.0,4.0,153.0,19.0,0.0,28.0,8.0,ssievers@13f79535-47bb-0310-9956-ffa450edef68,1,0.0015151515151515152,25.0,0.0,0.0,0.0,4748.443113772455,297708.72172989254,1,0,0.5300278307499267,false
java/social-api/src/main/java/org/apache/shindig/social/core/model/MediaItemImpl.java,159.0,2.0,886.0,44.0,0.0,65.0,5.0,ssievers@13f79535-47bb-0310-9956-ffa450edef68,1,0.0015151515151515152,17.0,17.0,17.0,0.0,4748.443113772455,297708.72172989254,1,0,0.5300278307499267,true
java/social-api/src/main/java/org/apache/shindig/social/core/model/PersonImpl.java,504.0,17.0,8251.0,130.0,24.0,208.0,4.0,ssievers@13f79535-47bb-0310-9956-ffa450edef68,1,0.0015151515151515152,33.0,0.0,0.0,0.0,4748.443113772455,297708.72172989254,1,0,0.5300278307499267,false
java/social-api/src/main/java/org/apache/shindig/social/core/oauth/OAuthAuthenticationHandler.java,140.0,25.0,54.0,12.0,47.0,47.0,7.0,lindner@13f79535-47bb-0310-9956-ffa450edef68,2,0.0030303030303030303,45.0,18.0,0.0,27.0,4865.443113772455,297833.8232212235,2,0,0.8655258813242204,false
java/social-api/src/main/java/org/apache/shindig/social/core/oauth/OAuthSecurityToken.java,57.0,3.0,57.0,14.0,1.0,26.0,17.0,lindner@13f79535-47bb-0310-9956-ffa450edef68,1,0.0015151515151515152,17.0,17.0,0.0,0.0,4748.443113772455,297708.72172989254,1,0,0.5300278307499267,false
java/social-api/src/main/java/org/apache/shindig/social/core/util/xstream/XStream081Configuration.java,117.0,55.0,13.0,6.0,15.0,11.0,15.0,lindner@13f79535-47bb-0310-9956-ffa450edef68,1,0.0015151515151515152,12.0,0.0,0.0,6.0,4748.443113772455,297708.72172989254,1,0,0.5300278307499267,true
java/social-api/src/main/java/org/apache/shindig/social/opensocial/model/Address.java,133.0,7.0,247.0,23.0,1.0,41.0,38.0,ssievers@13f79535-47bb-0310-9956-ffa450edef68,1,0.0015151515151515152,20.0,0.0,20.0,0.0,4748.443113772455,297708.72172989254,1,0,0.5300278307499267,false
java/social-api/src/main/java/org/apache/shindig/social/opensocial/model/Album.java,119.0,4.0,188.0,20.0,0.0,52.0,8.0,ssievers@13f79535-47bb-0310-9956-ffa450edef68,1,0.0015151515151515152,33.0,0.0,0.0,0.0,4748.443113772455,297708.72172989254,1,0,0.5300278307499267,false
java/social-api/src/main/java/org/apache/shindig/social/opensocial/model/MediaItem.java,261.0,3.0,1063.0,47.0,0.0,85.0,5.0,ssievers@13f79535-47bb-0310-9956-ffa450edef68,1,0.0015151515151515152,17.0,17.0,17.0,0.0,4748.443113772455,297708.72172989254,1,0,0.5300278307499267,true
java/social-api/src/main/java/org/apache/shindig/social/opensocial/model/Person.java,696.0,12.0,8373.0,130.0,2.0,380.0,21.0,ssievers@13f79535-47bb-0310-9956-ffa450edef68,1,0.0015151515151515152,40.0,0.0,20.0,0.0,4748.443113772455,297708.72172989254,1,0,0.5300278307499267,false
java/social-api/src/main/java/org/apache/shindig/social/opensocial/oauth/OAuthEntry.java,155.0,2.0,461.0,34.0,3.0,53.0,5.0,ssievers@13f79535-47bb-0310-9956-ffa450edef68,1,0.0015151515151515152,25.0,0.0,0.0,0.0,117.0,125.10149133097455,1,0,4.709530201312334,false
java/social-api/src/main/java/org/apache/shindig/social/opensocial/service/PersonHandler.java,58.0,19.0,2.0,4.0,25.0,12.0,4.0,lindner@13f79535-47bb-0310-9956-ffa450edef68,1,0.0015151515151515152,11.0,0.0,0.0,0.0,4748.443113772455,297708.72172989254,1,0,0.5300278307499267,false
java/social-api/src/main/java/org/apache/shindig/social/opensocial/service/SocialRequestItem.java,36.0,13.0,10.0,5.0,10.0,13.0,15.0,ssievers@13f79535-47bb-0310-9956-ffa450edef68,1,0.0015151515151515152,20.0,0.0,0.0,20.0,4748.443113772455,297708.72172989254,1,0,0.5300278307499267,false
java/social-api/src/main/java/org/apache/shindig/social/opensocial/spi/PersonService.java,40.0,6.0,1.0,2.0,0.0,6.0,4.0,ssievers@13f79535-47bb-0310-9956-ffa450edef68,1,0.0015151515151515152,20.0,0.0,0.0,0.0,4748.443113772455,297708.72172989254,1,0,0.5300278307499267,false
java/social-api/src/main/java/org/apache/shindig/social/sample/SampleModule.java,13.0,10.0,0.0,1.0,5.0,1.0,11.0,lindner@13f79535-47bb-0310-9956-ffa450edef68,1,0.0015151515151515152,45.0,0.0,0.0,36.0,4748.443113772455,297708.72172989254,1,0,0.5300278307499267,false
java/social-api/src/main/java/org/apache/shindig/social/sample/oauth/SampleOAuthDataStore.java,85.0,19.0,14.0,9.0,53.0,20.0,23.0,lindner@13f79535-47bb-0310-9956-ffa450edef68,2,0.0030303030303030303,33.0,11.0,0.0,11.0,4865.443113772455,297833.8232212235,2,0,1.2866811193092496,false
java/social-api/src/main/java/org/apache/shindig/social/sample/oauth/SampleOAuthServlet.java,177.0,25.0,23.0,10.0,75.0,34.0,5.0,lindner@13f79535-47bb-0310-9956-ffa450edef68,2,0.0030303030303030303,38.0,12.0,0.0,12.0,4865.443113772455,297833.8232212235,2,0,1.2866811193092496,false
java/social-api/src/main/java/org/apache/shindig/social/sample/spi/JsonDbOpensocialService.java,444.0,38.0,30.0,28.0,201.0,132.0,1.0,lindner@13f79535-47bb-0310-9956-ffa450edef68,1,0.0015151515151515152,4.0,0.0,0.0,0.0,4748.443113772455,297708.72172989254,1,1,0.5300278307499267,true
java/social-api/src/test/java/org/apache/shindig/social/SocialApiTestsGuiceModule.java,22.0,23.0,0.0,1.0,6.0,1.0,7.0,lindner@13f79535-47bb-0310-9956-ffa450edef68,1,0.0015151515151515152,33.0,11.0,0.0,11.0,4748.443113772455,297708.72172989254,1,0,0.5300278307499267,false
java/social-api/src/test/java/org/apache/shindig/social/core/oauth/OAuthAuthenticationHanderTest.java,269.0,21.0,33.0,27.0,176.0,88.0,18.0,null,2,0.0030303030303030303,38.0,12.0,0.0,12.0,4865.443113772455,297833.8232212235,2,0,1.2866811193092496,false
java/social-api/src/test/java/org/apache/shindig/social/dataservice/integration/AbstractLargeRestfulTests.java,183.0,41.0,69.0,14.0,93.0,49.0,8.0,lindner@13f79535-47bb-0310-9956-ffa450edef68,1,0.0015151515151515152,38.0,0.0,12.0,12.0,4748.443113772455,297708.72172989254,1,0,0.5300278307499267,false
java/social-api/src/test/java/org/apache/shindig/social/dataservice/integration/RestfulJsonPeopleTest.java,292.0,32.0,89.0,14.0,246.0,36.0,0.0,lindner@13f79535-47bb-0310-9956-ffa450edef68,0,0.0,0.0,0.0,0.0,0.0,0.0,0.0,0,0,0.0,false
java/social-api/src/test/java/org/apache/shindig/social/dataservice/integration/RestfulXmlPeopleTest.java,333.0,31.0,89.0,14.0,259.0,31.0,0.0,rbaxter85@13f79535-47bb-0310-9956-ffa450edef68,0,0.0,0.0,0.0,0.0,0.0,0.0,0.0,0,0,0.0,false
java/social-api/src/test/java/org/apache/shindig/social/opensocial/service/AppDataHandlerTest.java,133.0,28.0,22.0,13.0,117.0,38.0,39.0,lindner@13f79535-47bb-0310-9956-ffa450edef68,1,0.0015151515151515152,20.0,0.0,0.0,0.0,4748.443113772455,297708.72172989254,1,0,0.5300278307499267,false
java/social-api/src/test/java/org/apache/shindig/social/opensocial/service/MessageHandlerTest.java,31.0,21.0,0.0,2.0,16.0,6.0,39.0,lindner@13f79535-47bb-0310-9956-ffa450edef68,1,0.0015151515151515152,17.0,0.0,0.0,0.0,4748.443113772455,297708.72172989254,1,0,0.5300278307499267,false
java/social-api/src/test/java/org/apache/shindig/social/opensocial/util/BeanXStreamAtomConverterTest.java,110.0,28.0,0.0,8.0,57.0,18.0,5.0,lindner@13f79535-47bb-0310-9956-ffa450edef68,1,0.0015151515151515152,20.0,20.0,20.0,0.0,4748.443113772455,297708.72172989254,1,0,0.5300278307499267,true
