name,LOC,CBO,LCOM,NOM,RFC,WMC,ACS,Ownership,numOfChanges,numberOfFIChanges,ENH,NF,BugFixing,REF,structuralWorkloadSum,semanticWorkloadSum,numberOfDeveloper,pastFaults,MAF,isBuggy
extras/src/main/java/org/apache/shindig/extras/as/core/model/ActionLinkImpl.java,36.0,1.0,6.0,5.0,0.0,7.0,47.0,lindner@13f79535-47bb-0310-9956-ffa450edef68,1,0.0022271714922048997,17.0,0.0,0.0,17.0,3129.417840375587,131089.8756914278,1,1,0.9760099665757773,false
extras/src/main/java/org/apache/shindig/extras/as/core/model/ActivityEntryImpl.java,192.0,6.0,378.0,29.0,0.0,43.0,28.0,lindner@13f79535-47bb-0310-9956-ffa450edef68,1,0.0022271714922048997,33.0,0.0,0.0,17.0,3129.417840375587,131089.8756914278,1,0,0.9760099665757773,false
extras/src/main/java/org/apache/shindig/extras/as/core/model/ActivityObjectImpl.java,192.0,6.0,378.0,29.0,0.0,43.0,28.0,lindner@13f79535-47bb-0310-9956-ffa450edef68,1,0.0022271714922048997,33.0,0.0,0.0,17.0,3129.417840375587,131089.8756914278,1,0,0.9760099665757773,false
extras/src/main/java/org/apache/shindig/extras/as/core/model/MediaLinkImpl.java,75.0,1.0,45.0,11.0,0.0,16.0,34.0,lindner@13f79535-47bb-0310-9956-ffa450edef68,1,0.0022271714922048997,33.0,0.0,0.0,17.0,3129.417840375587,131089.8756914278,1,1,0.9760099665757773,false
extras/src/main/java/org/apache/shindig/extras/as/core/model/StandardLinkImpl.java,49.0,1.0,15.0,7.0,0.0,10.0,34.0,hnguy@13f79535-47bb-0310-9956-ffa450edef68,1,0.0022271714922048997,67.0,0.0,0.0,33.0,3129.417840375587,131089.8756914278,1,0,0.9760099665757773,false
extras/src/main/java/org/apache/shindig/extras/as/opensocial/model/ActivityEntry.java,193.0,5.0,516.0,33.0,0.0,51.0,28.0,lindner@13f79535-47bb-0310-9956-ffa450edef68,1,0.0022271714922048997,33.0,0.0,0.0,17.0,3129.417840375587,131089.8756914278,1,0,0.9760099665757773,false
extras/src/main/java/org/apache/shindig/extras/as/opensocial/model/ActivityObject.java,162.0,5.0,433.0,30.0,0.0,58.0,28.0,lindner@13f79535-47bb-0310-9956-ffa450edef68,1,0.0022271714922048997,33.0,0.0,0.0,17.0,3129.417840375587,131089.8756914278,1,0,0.9760099665757773,false
extras/src/main/java/org/apache/shindig/extras/as/opensocial/model/MediaLink.java,79.0,3.0,64.0,12.0,0.0,20.0,34.0,lindner@13f79535-47bb-0310-9956-ffa450edef68,1,0.0022271714922048997,33.0,0.0,0.0,17.0,3129.417840375587,131089.8756914278,1,1,0.9760099665757773,false
extras/src/main/java/org/apache/shindig/extras/as/opensocial/model/StandardLink.java,18.0,3.0,26.0,8.0,0.0,9.0,34.0,hnguy@13f79535-47bb-0310-9956-ffa450edef68,1,0.0022271714922048997,67.0,0.0,0.0,33.0,3129.417840375587,131089.8756914278,1,0,0.9760099665757773,false
extras/src/main/java/org/apache/shindig/extras/as/opensocial/service/ActivityStreamsHandler.java,85.0,18.0,1.0,6.0,41.0,24.0,24.0,lindner@13f79535-47bb-0310-9956-ffa450edef68,1,0.0022271714922048997,29.0,0.0,14.0,14.0,3129.417840375587,131089.8756914278,1,0,0.9760099665757773,false
extras/src/main/java/org/apache/shindig/extras/as/sample/ActivityStreamsJsonDbService.java,153.0,22.0,0.0,7.0,57.0,37.0,24.0,lindner@13f79535-47bb-0310-9956-ffa450edef68,1,0.0022271714922048997,29.0,0.0,14.0,14.0,3129.417840375587,131089.8756914278,1,1,0.9760099665757773,false
extras/src/test/java/org/apache/shindig/extras/as/ActivityStreamsTestsGuiceModule.java,21.0,24.0,0.0,1.0,7.0,1.0,26.0,lindner@13f79535-47bb-0310-9956-ffa450edef68,1,0.0022271714922048997,100.0,0.0,0.0,50.0,3129.417840375587,131089.8756914278,1,0,0.9760099665757773,false
extras/src/test/java/org/apache/shindig/extras/as/dataservice/integration/AbstractActivityStreamsRestfulTests.java,183.0,41.0,69.0,14.0,93.0,49.0,21.0,hsaputra@13f79535-47bb-0310-9956-ffa450edef68,2,0.004454342984409799,100.0,0.0,0.0,67.0,3410.891524586113,131720.43529883435,2,0,0.9367489546903163,false
extras/src/test/java/org/apache/shindig/extras/as/dataservice/integration/RestfulJsonActivityEntryTest.java,71.0,10.0,9.0,6.0,38.0,20.0,27.0,lindner@13f79535-47bb-0310-9956-ffa450edef68,1,0.0022271714922048997,100.0,0.0,0.0,50.0,3129.417840375587,131089.8756914278,1,0,0.9760099665757773,false
extras/src/test/java/org/apache/shindig/extras/as/opensocial/service/ActivityStreamsHandlerTest.java,107.0,32.0,24.0,12.0,106.0,33.0,26.0,lindner@13f79535-47bb-0310-9956-ffa450edef68,1,0.0022271714922048997,100.0,0.0,0.0,50.0,3129.417840375587,131089.8756914278,1,0,0.9760099665757773,false
extras/src/test/java/org/apache/shindig/extras/as/sample/spi/ActivityStreamsJsonDbServiceTest.java,38.0,16.0,0.0,5.0,28.0,12.0,26.0,lindner@13f79535-47bb-0310-9956-ffa450edef68,1,0.0022271714922048997,100.0,0.0,0.0,50.0,3129.417840375587,131089.8756914278,1,0,0.9760099665757773,false
java/common/src/main/java/org/apache/shindig/auth/AuthInfo.java,34.0,2.0,0.0,3.0,2.0,8.0,7.0,zhoresh@13f79535-47bb-0310-9956-ffa450edef68,2,0.004454342984409799,50.0,25.0,0.0,25.0,589.0986842105264,2285.26968499372,2,0,1.7893498260100804,false
java/common/src/main/java/org/apache/shindig/auth/AuthInfoUtil.java,69.0,1.0,0.0,8.0,10.0,17.0,27.0,hsaputra@13f79535-47bb-0310-9956-ffa450edef68,2,0.004454342984409799,67.0,0.0,0.0,33.0,3410.891524586113,131720.43529883435,2,0,1.1787425206298594,false
java/common/src/main/java/org/apache/shindig/auth/AuthenticationServletFilter.java,98.0,23.0,4.0,4.0,20.0,14.0,25.0,lindner@13f79535-47bb-0310-9956-ffa450edef68,3,0.0066815144766146995,33.0,0.0,8.0,8.0,3808.5278882224766,135669.52066980605,3,1,1.1268326794352987,false
java/common/src/main/java/org/apache/shindig/auth/BasicSecurityTokenCodec.java,52.0,6.0,6.0,4.0,16.0,12.0,0.0,null,0,0.0,0.0,0.0,0.0,0.0,0.0,0.0,0,0,0.0,false
java/common/src/main/java/org/apache/shindig/auth/BlobCrypterSecurityTokenCodec.java,102.0,14.0,9.0,7.0,15.0,27.0,0.0,rbaxter85@13f79535-47bb-0310-9956-ffa450edef68,0,0.0,0.0,0.0,0.0,0.0,0.0,0.0,0,0,0.0,true
java/common/src/main/java/org/apache/shindig/auth/DefaultSecurityTokenCodec.java,32.0,4.0,0.0,4.0,5.0,14.0,0.0,zhoresh@13f79535-47bb-0310-9956-ffa450edef68,0,0.0,0.0,0.0,0.0,0.0,0.0,0.0,0,0,0.0,false
java/common/src/main/java/org/apache/shindig/auth/SecurityTokenCodec.java,23.0,2.0,3.0,3.0,0.0,9.0,0.0,zhoresh@13f79535-47bb-0310-9956-ffa450edef68,0,0.0,0.0,0.0,0.0,0.0,0.0,0.0,0,0,0.0,false
java/common/src/main/java/org/apache/shindig/auth/UrlParameterAuthenticationHandler.java,59.0,9.0,13.0,7.0,17.0,20.0,5.0,lindner@13f79535-47bb-0310-9956-ffa450edef68,2,0.004454342984409799,21.0,7.0,0.0,7.0,3410.891524586113,131720.43529883435,2,0,0.9367489546903163,true
java/common/src/main/java/org/apache/shindig/common/Nullable.java,0.0,0.0,0.0,0.0,0.0,0.0,0.0,ssievers@13f79535-47bb-0310-9956-ffa450edef68,0,0.0,0.0,0.0,0.0,0.0,0.0,0.0,0,0,0.0,false
java/common/src/main/java/org/apache/shindig/common/cache/LruCacheProvider.java,57.0,12.0,2.0,4.0,13.0,11.0,42.0,lindner@13f79535-47bb-0310-9956-ffa450edef68,2,0.004454342984409799,40.0,0.0,0.0,0.0,3527.0542040119503,135038.9610623995,2,0,1.7680700188006826,false
java/common/src/main/java/org/apache/shindig/common/cache/ehcache/EhCacheCacheProvider.java,45.0,19.0,0.0,5.0,14.0,15.0,5.0,lindner@13f79535-47bb-0310-9956-ffa450edef68,1,0.0022271714922048997,7.0,0.0,7.0,7.0,3129.417840375587,131089.8756914278,1,1,0.9760099665757773,true
java/common/src/main/java/org/apache/shindig/common/logging/i18n/MessageKeys.java,84.0,0.0,0.0,0.0,0.0,0.0,46.0,ssievers@13f79535-47bb-0310-9956-ffa450edef68,1,0.0022271714922048997,14.0,0.0,0.0,0.0,397.6363636363636,3949.085370971702,1,0,3.9464244321454784,false
java/common/src/main/java/org/apache/shindig/common/servlet/GuiceServletContextListener.java,95.0,11.0,1.0,3.0,22.0,11.0,12.0,lindner@13f79535-47bb-0310-9956-ffa450edef68,1,0.0022271714922048997,27.0,0.0,13.0,13.0,3129.417840375587,131089.8756914278,1,0,0.9760099665757773,false
java/common/src/main/java/org/apache/shindig/common/servlet/InjectedServlet.java,44.0,10.0,0.0,4.0,7.0,10.0,0.0,chirag@13f79535-47bb-0310-9956-ffa450edef68,0,0.0,0.0,0.0,0.0,0.0,0.0,0.0,0,1,0.0,false
java/common/src/main/java/org/apache/shindig/common/uri/Uri.java,295.0,10.0,157.0,23.0,65.0,73.0,28.0,lindner@13f79535-47bb-0310-9956-ffa450edef68,1,0.0022271714922048997,20.0,0.0,0.0,10.0,3129.417840375587,131089.8756914278,1,1,0.9760099665757773,false
java/common/src/main/java/org/apache/shindig/common/xml/XmlUtil.java,273.0,17.0,149.0,18.0,36.0,57.0,30.0,lindner@13f79535-47bb-0310-9956-ffa450edef68,2,0.004454342984409799,30.0,0.0,10.0,0.0,3527.0542040119503,135038.9610623995,2,0,1.3296339534708648,false
java/common/src/main/java/org/apache/shindig/config/BasicContainerConfig.java,237.0,12.0,52.0,12.0,21.0,33.0,3.0,johnh@13f79535-47bb-0310-9956-ffa450edef68,2,0.004454342984409799,38.0,0.0,12.0,0.0,3843.725532683279,155320.61713905493,2,0,0.7211752601285182,false
java/common/src/main/java/org/apache/shindig/config/ContainerConfig.java,90.0,4.0,45.0,10.0,0.0,33.0,0.0,null,0,0.0,0.0,0.0,0.0,0.0,0.0,0.0,0,0,0.0,false
java/common/src/main/java/org/apache/shindig/config/DynamicConfigProperty.java,34.0,7.0,8.0,5.0,5.0,11.0,42.0,lindner@13f79535-47bb-0310-9956-ffa450edef68,2,0.004454342984409799,40.0,0.0,0.0,0.0,3527.0542040119503,135038.9610623995,2,1,1.7680700188006826,false
java/common/src/main/java/org/apache/shindig/config/ExpressionContainerConfig.java,115.0,11.0,4.0,5.0,7.0,12.0,5.0,johnh@13f79535-47bb-0310-9956-ffa450edef68,1,0.0022271714922048997,20.0,0.0,0.0,0.0,714.3076923076923,24230.74144762715,1,0,1.548529159347108,false
java/common/src/main/java/org/apache/shindig/config/JsonContainerConfig.java,32.0,7.0,3.0,3.0,10.0,9.0,0.0,lindner@13f79535-47bb-0310-9956-ffa450edef68,0,0.0,0.0,0.0,0.0,0.0,0.0,0.0,0,1,0.0,false
java/common/src/main/java/org/apache/shindig/config/JsonContainerConfigLoader.java,207.0,20.0,66.0,13.0,63.0,50.0,32.0,null,3,0.0066815144766146995,33.0,0.0,0.0,0.0,4241.361896319643,159269.70251002663,3,0,0.8220226103211175,false
java/common/src/main/java/org/apache/shindig/expressions/OpensocialFunctions.java,80.0,8.0,21.0,7.0,8.0,26.0,19.0,lindner@13f79535-47bb-0310-9956-ffa450edef68,1,0.0022271714922048997,17.0,0.0,0.0,17.0,3129.417840375587,131089.8756914278,1,1,0.9760099665757773,false
java/common/src/main/java/org/apache/shindig/protocol/ApiServlet.java,91.0,23.0,43.0,10.0,20.0,22.0,32.0,null,3,0.0066815144766146995,20.0,0.0,0.0,7.0,3808.5278882224766,135669.52066980605,3,1,1.46478898950692,false
java/common/src/main/java/org/apache/shindig/protocol/BaseRequestItem.java,240.0,24.0,240.0,25.0,73.0,90.0,21.0,lindner@13f79535-47bb-0310-9956-ffa450edef68,2,0.004454342984409799,22.0,0.0,0.0,0.0,3437.042840375587,132744.58576901496,2,0,0.8934700913960533,true
java/common/src/main/java/org/apache/shindig/protocol/ContentTypes.java,57.0,4.0,3.0,3.0,8.0,8.0,39.0,lindner@13f79535-47bb-0310-9956-ffa450edef68,1,0.0022271714922048997,25.0,0.0,0.0,0.0,3129.417840375587,131089.8756914278,1,1,0.9760099665757773,false
java/common/src/main/java/org/apache/shindig/protocol/DataServiceServlet.java,156.0,16.0,32.0,9.0,56.0,35.0,12.0,lindner@13f79535-47bb-0310-9956-ffa450edef68,2,0.004454342984409799,24.0,0.0,6.0,12.0,3410.891524586113,131720.43529883435,2,1,1.1787425206298594,false
java/common/src/main/java/org/apache/shindig/protocol/DefaultHandlerRegistry.java,497.0,31.0,16.0,9.0,43.0,33.0,13.0,lindner@13f79535-47bb-0310-9956-ffa450edef68,2,0.004454342984409799,25.0,0.0,0.0,17.0,3410.891524586113,131720.43529883435,2,2,1.5340021110996678,false
java/common/src/main/java/org/apache/shindig/protocol/JsonRpcServlet.java,221.0,27.0,87.0,14.0,87.0,49.0,37.0,lindner@13f79535-47bb-0310-9956-ffa450edef68,1,0.0022271714922048997,4.0,0.0,0.0,0.0,3129.417840375587,131089.8756914278,1,3,0.9760099665757773,true
java/common/src/main/java/org/apache/shindig/protocol/Operation.java,0.0,0.0,0.0,0.0,0.0,0.0,1.0,ssievers@13f79535-47bb-0310-9956-ffa450edef68,1,0.0022271714922048997,20.0,0.0,20.0,20.0,281.47368421052636,630.5596074065434,1,0,2.7677694358038325,false
java/common/src/main/java/org/apache/shindig/protocol/conversion/BeanDelegator.java,276.0,14.0,81.0,15.0,84.0,56.0,33.0,zhoresh@13f79535-47bb-0310-9956-ffa450edef68,1,0.0022271714922048997,7.0,0.0,0.0,7.0,3129.417840375587,131089.8756914278,1,5,0.9760099665757773,true
java/common/src/main/java/org/apache/shindig/protocol/conversion/BeanFilter.java,131.0,18.0,4.0,4.0,36.0,17.0,37.0,zhoresh@13f79535-47bb-0310-9956-ffa450edef68,1,0.0022271714922048997,17.0,0.0,0.0,0.0,3129.417840375587,131089.8756914278,1,0,0.9760099665757773,false
java/common/src/test/java/org/apache/shindig/auth/AuthInfoUtilTest.java,13.0,5.0,1.0,2.0,6.0,4.0,13.0,hsaputra@13f79535-47bb-0310-9956-ffa450edef68,1,0.0022271714922048997,33.0,0.0,0.0,33.0,281.47368421052636,630.5596074065434,1,0,2.7677694358038325,false
java/common/src/test/java/org/apache/shindig/auth/BasicSecurityTokenCodecTest.java,9.0,3.0,0.0,2.0,2.0,5.0,0.0,zhoresh@13f79535-47bb-0310-9956-ffa450edef68,0,0.0,0.0,0.0,0.0,0.0,0.0,0.0,0,0,0.0,false
java/common/src/test/java/org/apache/shindig/auth/BlobCrypterSecurityTokenCodecTest.java,163.0,17.0,0.0,13.0,106.0,34.0,0.0,null,0,0.0,0.0,0.0,0.0,0.0,0.0,0.0,0,0,0.0,false
java/common/src/test/java/org/apache/shindig/auth/DefaultSecurityTokenCodecTest.java,63.0,10.0,6.0,4.0,21.0,11.0,0.0,zhoresh@13f79535-47bb-0310-9956-ffa450edef68,0,0.0,0.0,0.0,0.0,0.0,0.0,0.0,0,0,0.0,false
java/common/src/test/java/org/apache/shindig/auth/UrlParameterAuthenticationHandlerTest.java,58.0,8.0,0.0,10.0,22.0,25.0,19.0,lindner@13f79535-47bb-0310-9956-ffa450edef68,1,0.0022271714922048997,38.0,12.0,0.0,0.0,3129.417840375587,131089.8756914278,1,0,0.9760099665757773,true
java/common/src/test/java/org/apache/shindig/common/JsonSerializerTest.java,184.0,18.0,274.0,24.0,74.0,58.0,37.0,lindner@13f79535-47bb-0310-9956-ffa450edef68,1,0.0022271714922048997,20.0,0.0,0.0,0.0,3129.417840375587,131089.8756914278,1,1,0.9760099665757773,false
java/common/src/test/java/org/apache/shindig/common/cache/ehcache/EhCacheCacheProviderTest.java,21.0,6.0,0.0,2.0,9.0,5.0,5.0,ssievers@13f79535-47bb-0310-9956-ffa450edef68,1,0.0022271714922048997,17.0,0.0,17.0,17.0,3129.417840375587,131089.8756914278,1,0,0.9760099665757773,true
java/common/src/test/java/org/apache/shindig/common/servlet/HttpServletResponseRecorder.java,97.0,13.0,144.0,21.0,20.0,37.0,41.0,mhermanto@13f79535-47bb-0310-9956-ffa450edef68,1,0.0022271714922048997,25.0,0.0,0.0,0.0,3129.417840375587,131089.8756914278,1,1,0.9760099665757773,false
java/common/src/test/java/org/apache/shindig/common/testing/FakeGadgetToken.java,152.0,7.0,327.0,27.0,13.0,56.0,0.0,null,0,0.0,0.0,0.0,0.0,0.0,0.0,0.0,0,0,0.0,false
java/common/src/test/java/org/apache/shindig/config/BasicContainerConfigTest.java,147.0,12.0,0.0,16.0,152.0,43.0,4.0,ssievers@13f79535-47bb-0310-9956-ffa450edef68,1,0.0022271714922048997,25.0,0.0,12.0,0.0,714.3076923076923,24230.74144762715,1,0,1.548529159347108,false
java/common/src/test/java/org/apache/shindig/config/ExpressionContainerConfigTest.java,28.0,5.0,6.0,4.0,15.0,9.0,0.0,zhoresh@13f79535-47bb-0310-9956-ffa450edef68,0,0.0,0.0,0.0,0.0,0.0,0.0,0.0,0,0,0.0,false
java/common/src/test/java/org/apache/shindig/config/JsonContainerConfigLoaderTest.java,153.0,15.0,0.0,16.0,95.0,38.0,4.0,null,1,0.0022271714922048997,25.0,0.0,12.0,0.0,714.3076923076923,24230.74144762715,1,0,1.548529159347108,false
java/common/src/test/java/org/apache/shindig/config/JsonContainerConfigTest.java,135.0,15.0,46.0,13.0,84.0,40.0,0.0,ssievers@13f79535-47bb-0310-9956-ffa450edef68,0,0.0,0.0,0.0,0.0,0.0,0.0,0.0,0,0,0.0,false
java/common/src/test/java/org/apache/shindig/expressions/OpensocialFunctionsTest.java,65.0,8.0,0.0,12.0,42.0,22.0,0.0,chirag@13f79535-47bb-0310-9956-ffa450edef68,0,0.0,0.0,0.0,0.0,0.0,0.0,0.0,0,1,0.0,false
java/common/src/test/java/org/apache/shindig/protocol/BaseRequestItemTest.java,99.0,13.0,0.0,12.0,47.0,27.0,2.0,zhoresh@13f79535-47bb-0310-9956-ffa450edef68,1,0.0022271714922048997,25.0,0.0,0.0,0.0,307.625,1654.7100775871766,1,0,2.1972245773362196,false
java/common/src/test/java/org/apache/shindig/protocol/DataServiceServletTest.java,116.0,18.0,26.0,12.0,66.0,35.0,25.0,lindner@13f79535-47bb-0310-9956-ffa450edef68,2,0.004454342984409799,22.0,0.0,0.0,11.0,3410.891524586113,131720.43529883435,2,0,1.1787425206298594,false
java/common/src/test/java/org/apache/shindig/protocol/conversion/BeanDelegatorTest.java,198.0,9.0,0.0,16.0,59.0,22.0,33.0,zhoresh@13f79535-47bb-0310-9956-ffa450edef68,1,0.0022271714922048997,14.0,0.0,0.0,14.0,3129.417840375587,131089.8756914278,1,1,0.9760099665757773,false
java/gadgets/src/main/java/org/apache/shindig/gadgets/AbstractSpecFactory.java,160.0,13.0,0.0,4.0,13.0,17.0,42.0,null,2,0.004454342984409799,12.0,0.0,0.0,0.0,3527.0542040119503,135038.9610623995,2,2,1.7680700188006826,false
java/gadgets/src/main/java/org/apache/shindig/gadgets/DefaultGuiceModule.java,72.0,25.0,10.0,5.0,24.0,9.0,13.0,lindner@13f79535-47bb-0310-9956-ffa450edef68,2,0.004454342984409799,11.0,5.0,3.0,5.0,3843.725532683279,155320.61713905493,2,2,0.5691223824014974,true
java/gadgets/src/main/java/org/apache/shindig/gadgets/FeedProcessor.java,14.0,2.0,0.0,1.0,0.0,4.0,0.0,lindner@13f79535-47bb-0310-9956-ffa450edef68,0,0.0,0.0,0.0,0.0,0.0,0.0,0.0,0,0,0.0,false
java/gadgets/src/main/java/org/apache/shindig/gadgets/FeedProcessorImpl.java,118.0,17.0,0.0,1.0,27.0,9.0,2.0,lindner@13f79535-47bb-0310-9956-ffa450edef68,1,0.0022271714922048997,20.0,0.0,0.0,0.0,714.3076923076923,24230.74144762715,1,0,1.548529159347108,false
java/gadgets/src/main/java/org/apache/shindig/gadgets/GadgetContext.java,103.0,5.0,0.0,17.0,15.0,44.0,0.0,null,0,0.0,0.0,0.0,0.0,0.0,0.0,0.0,0,0,0.0,true
java/gadgets/src/main/java/org/apache/shindig/gadgets/HashLockedDomainService.java,111.0,12.0,22.0,12.0,35.0,34.0,42.0,rbaxter85@13f79535-47bb-0310-9956-ffa450edef68,2,0.004454342984409799,17.0,0.0,0.0,0.0,3527.0542040119503,135038.9610623995,2,0,1.7680700188006826,true
java/gadgets/src/main/java/org/apache/shindig/gadgets/RenderingContext.java,0.0,0.0,0.0,0.0,0.0,0.0,2.0,null,3,0.0066815144766146995,45.0,9.0,0.0,9.0,1098.599358974359,26084.960108140673,3,0,1.1778658194067422,false
java/gadgets/src/main/java/org/apache/shindig/gadgets/config/DefaultConfigContributorModule.java,15.0,2.0,1.0,2.0,5.0,2.0,2.0,ssievers@13f79535-47bb-0310-9956-ffa450edef68,1,0.0022271714922048997,33.0,33.0,0.0,0.0,714.3076923076923,24230.74144762715,1,0,1.548529159347108,false
java/gadgets/src/main/java/org/apache/shindig/gadgets/features/ApiDirective.java,40.0,0.0,0.0,7.0,3.0,14.0,16.0,ssievers@13f79535-47bb-0310-9956-ffa450edef68,1,0.0022271714922048997,33.0,33.0,0.0,0.0,714.3076923076923,24230.74144762715,1,0,1.548529159347108,false
java/gadgets/src/main/java/org/apache/shindig/gadgets/features/FeatureParser.java,148.0,14.0,1.0,2.0,28.0,12.0,9.0,johnh@13f79535-47bb-0310-9956-ffa450edef68,1,0.0022271714922048997,22.0,22.0,0.0,0.0,714.3076923076923,24230.74144762715,1,0,1.548529159347108,false
java/gadgets/src/main/java/org/apache/shindig/gadgets/features/FeatureRegistry.java,448.0,32.0,92.0,17.0,129.0,75.0,20.0,lindner@13f79535-47bb-0310-9956-ffa450edef68,4,0.008908685968819599,27.0,12.0,0.0,3.0,4318.028562986309,159469.211092953,4,3,0.5632652893540173,true
java/gadgets/src/main/java/org/apache/shindig/gadgets/features/FeatureResourceLoader.java,198.0,16.0,53.0,11.0,18.0,32.0,22.0,null,3,0.0066815144766146995,25.0,6.0,6.0,0.0,4241.361896319643,159269.70251002663,3,2,0.9651524085139502,false
java/gadgets/src/main/java/org/apache/shindig/gadgets/features/TestFeatureRegistry.java,80.0,11.0,1.0,3.0,2.0,7.0,3.0,johnh@13f79535-47bb-0310-9956-ffa450edef68,2,0.004454342984409799,60.0,40.0,20.0,0.0,3843.725532683279,155320.61713905493,2,0,0.7211752601285182,false
java/gadgets/src/main/java/org/apache/shindig/gadgets/http/AbstractHttpCache.java,126.0,5.0,136.0,17.0,71.0,54.0,0.0,null,0,0.0,0.0,0.0,0.0,0.0,0.0,0.0,0,2,0.0,true
java/gadgets/src/main/java/org/apache/shindig/gadgets/http/BasicHttpFetcher.java,307.0,70.0,38.0,12.0,114.0,48.0,39.0,lindner@13f79535-47bb-0310-9956-ffa450edef68,2,0.004454342984409799,15.0,0.0,0.0,3.0,3527.0542040119503,135038.9610623995,2,4,1.0696904361515298,true
java/gadgets/src/main/java/org/apache/shindig/gadgets/http/DefaultInvalidationService.java,94.0,9.0,16.0,8.0,31.0,23.0,37.0,woodser@13f79535-47bb-0310-9956-ffa450edef68,1,0.0022271714922048997,25.0,0.0,0.0,0.0,3129.417840375587,131089.8756914278,1,0,0.9760099665757773,false
java/gadgets/src/main/java/org/apache/shindig/gadgets/http/DefaultRequestPipeline.java,108.0,16.0,4.0,4.0,34.0,20.0,9.0,null,2,0.004454342984409799,9.0,0.0,4.0,9.0,564.3277027027027,5142.210396231033,2,3,1.7177994041897442,false
java/gadgets/src/main/java/org/apache/shindig/gadgets/http/HttpRequest.java,377.0,19.0,862.0,49.0,40.0,130.0,19.0,lindner@13f79535-47bb-0310-9956-ffa450edef68,1,0.0022271714922048997,9.0,0.0,0.0,9.0,3129.417840375587,131089.8756914278,1,2,0.9760099665757773,false
java/gadgets/src/main/java/org/apache/shindig/gadgets/http/HttpResponse.java,443.0,32.0,443.0,38.0,117.0,115.0,21.0,null,2,0.004454342984409799,12.0,0.0,0.0,8.0,3437.042840375587,132744.58576901496,2,4,0.746567335201112,true
java/gadgets/src/main/java/org/apache/shindig/gadgets/http/HttpResponseMetadataHelper.java,56.0,10.0,3.0,3.0,18.0,11.0,34.0,lindner@13f79535-47bb-0310-9956-ffa450edef68,2,0.004454342984409799,38.0,0.0,0.0,12.0,3527.0542040119503,135038.9610623995,2,1,1.3296339534708648,false
java/gadgets/src/main/java/org/apache/shindig/gadgets/http/InvalidationHandler.java,44.0,12.0,0.0,2.0,16.0,7.0,37.0,ssievers@13f79535-47bb-0310-9956-ffa450edef68,1,0.0022271714922048997,25.0,0.0,0.0,0.0,3129.417840375587,131089.8756914278,1,0,0.9760099665757773,false
java/gadgets/src/main/java/org/apache/shindig/gadgets/http/MultipleResourceHttpFetcher.java,94.0,10.0,4.0,4.0,11.0,11.0,10.0,ssievers@13f79535-47bb-0310-9956-ffa450edef68,1,0.0022271714922048997,33.0,0.0,0.0,17.0,3129.417840375587,131089.8756914278,1,1,0.9760099665757773,false
java/gadgets/src/main/java/org/apache/shindig/gadgets/oauth/GadgetOAuthCallbackGenerator.java,60.0,16.0,4.0,5.0,24.0,17.0,37.0,lindner@13f79535-47bb-0310-9956-ffa450edef68,1,0.0022271714922048997,12.0,0.0,0.0,0.0,3129.417840375587,131089.8756914278,1,1,0.9760099665757773,false
java/gadgets/src/main/java/org/apache/shindig/gadgets/oauth/OAuthArguments.java,301.0,9.0,432.0,40.0,33.0,75.0,41.0,lindner@13f79535-47bb-0310-9956-ffa450edef68,1,0.0022271714922048997,17.0,0.0,0.0,0.0,3129.417840375587,131089.8756914278,1,1,0.9760099665757773,false
java/gadgets/src/main/java/org/apache/shindig/gadgets/oauth/OAuthModule.java,99.0,19.0,0.0,1.0,4.0,1.0,42.0,lindner@13f79535-47bb-0310-9956-ffa450edef68,2,0.004454342984409799,20.0,0.0,0.0,0.0,3527.0542040119503,135038.9610623995,2,1,1.7680700188006826,false
java/gadgets/src/main/java/org/apache/shindig/gadgets/oauth/OAuthRequest.java,660.0,37.0,186.0,36.0,271.0,153.0,36.0,lindner@13f79535-47bb-0310-9956-ffa450edef68,2,0.004454342984409799,14.0,0.0,0.0,4.0,3527.0542040119503,135038.9610623995,2,6,1.1562784383493943,true
java/gadgets/src/main/java/org/apache/shindig/gadgets/oauth/OAuthResponseParams.java,209.0,13.0,95.0,18.0,46.0,51.0,23.0,lindner@13f79535-47bb-0310-9956-ffa450edef68,2,0.004454342984409799,20.0,0.0,0.0,0.0,705.2613636363636,5603.795448558879,2,2,2.3786773241809036,false
java/gadgets/src/main/java/org/apache/shindig/gadgets/parse/DefaultHtmlSerializer.java,99.0,9.0,15.0,6.0,38.0,22.0,33.0,null,1,0.0022271714922048997,12.0,0.0,0.0,12.0,3129.417840375587,131089.8756914278,1,2,0.9760099665757773,true
java/gadgets/src/main/java/org/apache/shindig/gadgets/parse/GadgetHtmlParser.java,264.0,22.0,108.0,16.0,103.0,51.0,39.0,null,2,0.004454342984409799,18.0,0.0,0.0,6.0,3527.0542040119503,135038.9610623995,2,4,1.3296339534708648,true
java/gadgets/src/main/java/org/apache/shindig/gadgets/parse/HtmlSerialization.java,110.0,11.0,35.0,10.0,27.0,29.0,0.0,chirag@13f79535-47bb-0310-9956-ffa450edef68,0,0.0,0.0,0.0,0.0,0.0,0.0,0.0,0,0,0.0,false
java/gadgets/src/main/java/org/apache/shindig/gadgets/parse/SocialDataTags.java,39.0,10.0,1.0,3.0,17.0,9.0,0.0,ssievers@13f79535-47bb-0310-9956-ffa450edef68,0,0.0,0.0,0.0,0.0,0.0,0.0,0.0,0,0,0.0,false
java/gadgets/src/main/java/org/apache/shindig/gadgets/parse/caja/CajaCssSanitizer.java,174.0,21.0,8.0,9.0,64.0,33.0,38.0,null,2,0.004454342984409799,27.0,0.0,0.0,7.0,3527.0542040119503,135038.9610623995,2,1,1.1562784383493943,false
java/gadgets/src/main/java/org/apache/shindig/gadgets/parse/caja/CajaHtmlParser.java,75.0,23.0,21.0,7.0,28.0,24.0,0.0,null,0,0.0,0.0,0.0,0.0,0.0,0.0,0.0,0,3,0.0,true
java/gadgets/src/main/java/org/apache/shindig/gadgets/parse/caja/VanillaCajaHtmlParser.java,41.0,13.0,8.0,5.0,10.0,13.0,0.0,ssievers@13f79535-47bb-0310-9956-ffa450edef68,0,0.0,0.0,0.0,0.0,0.0,0.0,0.0,0,0,0.0,false
java/gadgets/src/main/java/org/apache/shindig/gadgets/parse/caja/VanillaCajaHtmlSerializer.java,18.0,9.0,0.0,1.0,7.0,4.0,37.0,lindner@13f79535-47bb-0310-9956-ffa450edef68,1,0.0022271714922048997,33.0,0.0,0.0,17.0,3129.417840375587,131089.8756914278,1,0,0.9760099665757773,false
java/gadgets/src/main/java/org/apache/shindig/gadgets/parse/nekohtml/NekoSimplifiedHtmlParser.java,336.0,36.0,21.0,7.0,37.0,23.0,0.0,lindner@13f79535-47bb-0310-9956-ffa450edef68,0,0.0,0.0,0.0,0.0,0.0,0.0,0.0,0,1,0.0,false
java/gadgets/src/main/java/org/apache/shindig/gadgets/preload/PipelineExecutor.java,123.0,18.0,0.0,2.0,15.0,9.0,42.0,lindner@13f79535-47bb-0310-9956-ffa450edef68,2,0.004454342984409799,29.0,0.0,0.0,0.0,3527.0542040119503,135038.9610623995,2,2,1.7680700188006826,false
java/gadgets/src/main/java/org/apache/shindig/gadgets/process/Processor.java,71.0,17.0,0.0,3.0,21.0,13.0,28.0,null,3,0.0066815144766146995,23.0,0.0,0.0,0.0,3834.6792040119503,136693.67113998666,3,1,1.2746073700177152,true
java/gadgets/src/main/java/org/apache/shindig/gadgets/render/CajaResponseRewriter.java,112.0,47.0,9.0,6.0,69.0,23.0,42.0,null,2,0.004454342984409799,20.0,0.0,0.0,0.0,3527.0542040119503,135038.9610623995,2,1,1.7680700188006826,false
java/gadgets/src/main/java/org/apache/shindig/gadgets/render/DefaultServiceFetcher.java,91.0,21.0,2.0,5.0,31.0,18.0,42.0,null,2,0.004454342984409799,14.0,0.0,0.0,0.0,3527.0542040119503,135038.9610623995,2,1,1.7680700188006826,true
java/gadgets/src/main/java/org/apache/shindig/gadgets/render/GadgetRewritersProvider.java,13.0,5.0,0.0,2.0,0.0,3.0,2.0,lindner@13f79535-47bb-0310-9956-ffa450edef68,1,0.0022271714922048997,14.0,0.0,0.0,0.0,307.625,1654.7100775871766,1,0,2.1972245773362196,false
java/gadgets/src/main/java/org/apache/shindig/gadgets/render/ProxyRenderer.java,88.0,19.0,6.0,5.0,50.0,18.0,0.0,lindner@13f79535-47bb-0310-9956-ffa450edef68,0,0.0,0.0,0.0,0.0,0.0,0.0,0.0,0,1,0.0,false
java/gadgets/src/main/java/org/apache/shindig/gadgets/render/Renderer.java,90.0,16.0,6.0,5.0,40.0,18.0,28.0,null,3,0.0066815144766146995,27.0,0.0,0.0,0.0,4241.361896319643,159269.70251002663,3,1,1.058375564021345,false
java/gadgets/src/main/java/org/apache/shindig/gadgets/render/RenderingGadgetRewriter.java,256.0,43.0,50.0,12.0,133.0,38.0,30.0,null,4,0.008908685968819599,12.0,2.0,0.0,0.0,4548.986896319643,160924.4125876138,4,3,0.5966605801859499,true
java/gadgets/src/main/java/org/apache/shindig/gadgets/render/SanitizingProxyUriManager.java,24.0,4.0,0.0,3.0,4.0,8.0,0.0,johnh@13f79535-47bb-0310-9956-ffa450edef68,0,0.0,0.0,0.0,0.0,0.0,0.0,0.0,0,1,0.0,false
java/gadgets/src/main/java/org/apache/shindig/gadgets/render/SanitizingResponseRewriter.java,97.0,18.0,0.0,4.0,37.0,14.0,30.0,lindner@13f79535-47bb-0310-9956-ffa450edef68,2,0.004454342984409799,36.0,0.0,0.0,0.0,3527.0542040119503,135038.9610623995,2,1,1.7680700188006826,false
java/gadgets/src/main/java/org/apache/shindig/gadgets/rewrite/AbsolutePathReferenceRewriter.java,11.0,5.0,1.0,2.0,1.0,3.0,2.0,zhoresh@13f79535-47bb-0310-9956-ffa450edef68,1,0.0022271714922048997,17.0,0.0,17.0,0.0,256.7027027027027,3487.5003186438566,1,0,2.624668592163159,true
java/gadgets/src/main/java/org/apache/shindig/gadgets/rewrite/AbsolutePathReferenceVisitor.java,115.0,16.0,30.0,9.0,34.0,30.0,13.0,johnh@13f79535-47bb-0310-9956-ffa450edef68,3,0.0066815144766146995,25.0,0.0,8.0,0.0,3783.756906714653,138526.46138104337,3,1,1.4170887082933619,true
java/gadgets/src/main/java/org/apache/shindig/gadgets/rewrite/AccelResponseRewriterRegistry.java,0.0,0.0,0.0,0.0,0.0,0.0,15.0,johnh@13f79535-47bb-0310-9956-ffa450edef68,1,0.0022271714922048997,20.0,0.0,20.0,20.0,256.7027027027027,3487.5003186438566,1,0,2.624668592163159,false
java/gadgets/src/main/java/org/apache/shindig/gadgets/rewrite/ConcatVisitor.java,175.0,14.0,25.0,10.0,62.0,38.0,37.0,lindner@13f79535-47bb-0310-9956-ffa450edef68,1,0.0022271714922048997,7.0,0.0,0.0,0.0,3129.417840375587,131089.8756914278,1,5,0.9760099665757773,true
java/gadgets/src/main/java/org/apache/shindig/gadgets/rewrite/ContentRewriterFeature.java,286.0,21.0,0.0,0.0,0.0,0.0,27.0,lindner@13f79535-47bb-0310-9956-ffa450edef68,2,0.004454342984409799,21.0,0.0,7.0,0.0,3386.1205430782893,134577.37601007166,2,2,0.8890486734767584,false
java/gadgets/src/main/java/org/apache/shindig/gadgets/rewrite/ContextAwareRegistry.java,34.0,10.0,0.0,3.0,6.0,9.0,15.0,gagan@13f79535-47bb-0310-9956-ffa450edef68,1,0.0022271714922048997,50.0,0.0,50.0,50.0,256.7027027027027,3487.5003186438566,1,0,2.624668592163159,false
java/gadgets/src/main/java/org/apache/shindig/gadgets/rewrite/CssResponseRewriter.java,166.0,29.0,20.0,8.0,59.0,33.0,40.0,lindner@13f79535-47bb-0310-9956-ffa450edef68,2,0.004454342984409799,20.0,0.0,0.0,0.0,3527.0542040119503,135038.9610623995,2,1,1.3296339534708648,false
java/gadgets/src/main/java/org/apache/shindig/gadgets/rewrite/ImageAttributeRewriter.java,128.0,29.0,0.0,1.0,0.0,1.0,29.0,lindner@13f79535-47bb-0310-9956-ffa450edef68,2,0.004454342984409799,38.0,0.0,0.0,0.0,3527.0542040119503,135038.9610623995,2,2,1.3296339534708648,false
java/gadgets/src/main/java/org/apache/shindig/gadgets/rewrite/MutableContent.java,179.0,20.0,48.0,17.0,31.0,45.0,29.0,johnh@13f79535-47bb-0310-9956-ffa450edef68,3,0.0066815144766146995,19.0,0.0,0.0,6.0,4241.361896319643,159269.70251002663,3,3,1.058375564021345,false
java/gadgets/src/main/java/org/apache/shindig/gadgets/rewrite/OsTemplateXmlLoaderRewriter.java,128.0,20.0,0.0,2.0,5.0,5.0,28.0,lindner@13f79535-47bb-0310-9956-ffa450edef68,1,0.0022271714922048997,50.0,0.0,0.0,33.0,3129.417840375587,131089.8756914278,1,1,0.9760099665757773,false
java/gadgets/src/main/java/org/apache/shindig/gadgets/rewrite/PipelineDataGadgetRewriter.java,71.0,17.0,1.0,3.0,38.0,10.0,42.0,lindner@13f79535-47bb-0310-9956-ffa450edef68,2,0.004454342984409799,25.0,0.0,0.0,0.0,3527.0542040119503,135038.9610623995,2,1,1.7680700188006826,false
java/gadgets/src/main/java/org/apache/shindig/gadgets/rewrite/ProxyingVisitor.java,41.0,14.0,0.0,2.0,19.0,6.0,42.0,johnh@13f79535-47bb-0310-9956-ffa450edef68,2,0.004454342984409799,14.0,0.0,0.0,0.0,3527.0542040119503,135038.9610623995,2,3,1.7680700188006826,false
java/gadgets/src/main/java/org/apache/shindig/gadgets/rewrite/ResourceMutateVisitor.java,70.0,12.0,0.0,6.0,25.0,16.0,37.0,lindner@13f79535-47bb-0310-9956-ffa450edef68,1,0.0022271714922048997,25.0,0.0,0.0,0.0,3129.417840375587,131089.8756914278,1,1,0.9760099665757773,false
java/gadgets/src/main/java/org/apache/shindig/gadgets/rewrite/ResponseRewriterList.java,0.0,0.0,0.0,0.0,0.0,0.0,15.0,ssievers@13f79535-47bb-0310-9956-ffa450edef68,1,0.0022271714922048997,33.0,0.0,33.0,33.0,256.7027027027027,3487.5003186438566,1,0,2.624668592163159,false
java/gadgets/src/main/java/org/apache/shindig/gadgets/rewrite/ResponseRewriterRegistry.java,14.0,3.0,0.0,1.0,0.0,6.0,15.0,null,1,0.0022271714922048997,20.0,0.0,20.0,20.0,256.7027027027027,3487.5003186438566,1,1,2.624668592163159,false
java/gadgets/src/main/java/org/apache/shindig/gadgets/rewrite/RewriteModule.java,78.0,25.0,103.0,15.0,26.0,25.0,8.0,johnh@13f79535-47bb-0310-9956-ffa450edef68,4,0.008908685968819599,27.0,0.0,12.0,12.0,4408.053235385982,160462.82753528596,4,2,0.8362506058316896,false
java/gadgets/src/main/java/org/apache/shindig/gadgets/rewrite/RewritePath.java,33.0,1.0,0.0,7.0,5.0,15.0,8.0,lindner@13f79535-47bb-0310-9956-ffa450edef68,1,0.0022271714922048997,67.0,0.0,67.0,33.0,256.7027027027027,3487.5003186438566,1,0,2.624668592163159,false
java/gadgets/src/main/java/org/apache/shindig/gadgets/rewrite/RewriterRegistry.java,0.0,0.0,0.0,0.0,0.0,0.0,15.0,gagan@13f79535-47bb-0310-9956-ffa450edef68,1,0.0022271714922048997,100.0,0.0,100.0,100.0,256.7027027027027,3487.5003186438566,1,0,2.624668592163159,false
java/gadgets/src/main/java/org/apache/shindig/gadgets/rewrite/RewriterUtils.java,53.0,5.0,45.0,10.0,22.0,28.0,0.0,lindner@13f79535-47bb-0310-9956-ffa450edef68,0,0.0,0.0,0.0,0.0,0.0,0.0,0.0,0,1,0.0,false
java/gadgets/src/main/java/org/apache/shindig/gadgets/rewrite/StyleTagExtractorContentRewriter.java,18.0,7.0,0.0,2.0,2.0,3.0,0.0,johnh@13f79535-47bb-0310-9956-ffa450edef68,0,0.0,0.0,0.0,0.0,0.0,0.0,0.0,0,0,0.0,false
java/gadgets/src/main/java/org/apache/shindig/gadgets/rewrite/StyleTagProxyEmbeddedUrlsRewriter.java,17.0,6.0,0.0,2.0,1.0,3.0,1.0,johnh@13f79535-47bb-0310-9956-ffa450edef68,1,0.0022271714922048997,25.0,0.0,25.0,25.0,256.7027027027027,3487.5003186438566,1,0,2.624668592163159,false
java/gadgets/src/main/java/org/apache/shindig/gadgets/rewrite/TemplateRewriter.java,256.0,44.0,45.0,11.0,108.0,44.0,39.0,lindner@13f79535-47bb-0310-9956-ffa450edef68,2,0.004454342984409799,24.0,0.0,0.0,5.0,3527.0542040119503,135038.9610623995,2,3,1.0696904361515298,false
java/gadgets/src/main/java/org/apache/shindig/gadgets/rewrite/image/BaseOptimizer.java,134.0,21.0,24.0,9.0,27.0,21.0,7.0,lindner@13f79535-47bb-0310-9956-ffa450edef68,1,0.0022271714922048997,10.0,0.0,10.0,0.0,256.7027027027027,3487.5003186438566,1,4,2.624668592163159,true
java/gadgets/src/main/java/org/apache/shindig/gadgets/rewrite/image/BasicImageRewriter.java,370.0,31.0,266.0,25.0,105.0,87.0,18.0,null,4,0.008908685968819599,33.0,0.0,11.0,11.0,4498.064599022346,162757.2028286705,4,3,0.786390435973652,false
java/gadgets/src/main/java/org/apache/shindig/gadgets/rewrite/image/JPEGOptimizer.java,50.0,10.0,13.0,6.0,14.0,16.0,5.0,ssievers@13f79535-47bb-0310-9956-ffa450edef68,1,0.0022271714922048997,29.0,0.0,29.0,0.0,256.7027027027027,3487.5003186438566,1,2,2.624668592163159,false
java/gadgets/src/main/java/org/apache/shindig/gadgets/rewrite/image/JpegImageUtils.java,27.0,12.0,1.0,3.0,0.0,4.0,15.0,ssievers@13f79535-47bb-0310-9956-ffa450edef68,2,0.004454342984409799,50.0,17.0,17.0,0.0,3386.1205430782893,134577.37601007166,2,0,0.8890486734767584,false
java/gadgets/src/main/java/org/apache/shindig/gadgets/rewrite/image/OptimizerConfig.java,61.0,2.0,16.0,8.0,2.0,19.0,7.0,gagan@13f79535-47bb-0310-9956-ffa450edef68,1,0.0022271714922048997,20.0,0.0,20.0,0.0,256.7027027027027,3487.5003186438566,1,2,2.624668592163159,true
java/gadgets/src/main/java/org/apache/shindig/gadgets/rewrite/image/PNGOptimizer.java,64.0,7.0,13.0,6.0,15.0,15.0,5.0,null,1,0.0022271714922048997,20.0,0.0,0.0,0.0,3129.417840375587,131089.8756914278,1,2,0.9760099665757773,false
java/gadgets/src/main/java/org/apache/shindig/gadgets/servlet/AccelHandler.java,108.0,23.0,11.0,6.0,36.0,29.0,18.0,johnh@13f79535-47bb-0310-9956-ffa450edef68,2,0.004454342984409799,14.0,0.0,9.0,5.0,3386.1205430782893,134577.37601007166,2,7,1.4386015486725525,true
java/gadgets/src/main/java/org/apache/shindig/gadgets/servlet/CajaContentRewriter.java,260.0,68.0,98.0,16.0,140.0,52.0,19.0,null,2,0.004454342984409799,9.0,3.0,3.0,0.0,453.6363636363636,3990.4460927262417,2,8,3.7720083842239625,true
java/gadgets/src/main/java/org/apache/shindig/gadgets/servlet/ConcatProxyServlet.java,241.0,34.0,28.0,9.0,46.0,29.0,26.0,lindner@13f79535-47bb-0310-9956-ffa450edef68,3,0.0066815144766146995,17.0,0.0,6.0,6.0,3783.756906714653,138526.46138104337,3,9,0.8782922532871633,true
java/gadgets/src/main/java/org/apache/shindig/gadgets/servlet/GadgetRenderingServlet.java,126.0,19.0,41.0,10.0,52.0,31.0,40.0,lindner@13f79535-47bb-0310-9956-ffa450edef68,2,0.004454342984409799,18.0,0.0,0.0,0.0,3527.0542040119503,135038.9610623995,2,3,1.3296339534708648,false
java/gadgets/src/main/java/org/apache/shindig/gadgets/servlet/GadgetsHandler.java,456.0,32.0,252.0,28.0,47.0,84.0,12.0,zhoresh@13f79535-47bb-0310-9956-ffa450edef68,4,0.008908685968819599,38.0,10.0,14.0,10.0,3569.7095070422533,132985.45507369586,4,1,1.076406605978703,false
java/gadgets/src/main/java/org/apache/shindig/gadgets/servlet/GadgetsHandlerApi.java,68.0,5.0,0.0,2.0,0.0,3.0,8.0,null,4,0.008908685968819599,28.0,7.0,10.0,10.0,3569.7095070422533,132985.45507369586,4,2,1.3685231518951393,true
java/gadgets/src/main/java/org/apache/shindig/gadgets/servlet/GadgetsHandlerService.java,303.0,52.0,38.0,21.0,177.0,69.0,5.0,zhoresh@13f79535-47bb-0310-9956-ffa450edef68,4,0.008908685968819599,29.0,9.0,11.0,7.0,4207.350532683279,157016.68793839664,4,4,1.0254019916861112,true
java/gadgets/src/main/java/org/apache/shindig/gadgets/servlet/HtmlAccelServlet.java,31.0,11.0,1.0,3.0,10.0,7.0,5.0,lindner@13f79535-47bb-0310-9956-ffa450edef68,1,0.0022271714922048997,5.0,0.0,0.0,0.0,3129.417840375587,131089.8756914278,1,3,0.9760099665757773,false
java/gadgets/src/main/java/org/apache/shindig/gadgets/servlet/HttpGadgetContext.java,235.0,11.0,212.0,24.0,36.0,76.0,15.0,lindner@13f79535-47bb-0310-9956-ffa450edef68,2,0.004454342984409799,25.0,0.0,0.0,25.0,3410.891524586113,131720.43529883435,2,1,0.9367489546903163,true
java/gadgets/src/main/java/org/apache/shindig/gadgets/servlet/HttpRequestHandler.java,344.0,32.0,74.0,13.0,66.0,42.0,10.0,null,2,0.004454342984409799,17.0,6.0,11.0,6.0,971.010395010395,27718.241766271007,2,3,1.2707281353243123,false
java/gadgets/src/main/java/org/apache/shindig/gadgets/servlet/JsHandler.java,91.0,13.0,0.0,2.0,19.0,7.0,11.0,johnh@13f79535-47bb-0310-9956-ffa450edef68,3,0.0066815144766146995,38.0,25.0,0.0,6.0,3920.3921993499457,155520.12572198128,3,0,0.9038031495511647,false
java/gadgets/src/main/java/org/apache/shindig/gadgets/servlet/JsServlet.java,123.0,18.0,33.0,10.0,49.0,29.0,18.0,lindner@13f79535-47bb-0310-9956-ffa450edef68,3,0.0066815144766146995,14.0,3.0,0.0,7.0,4151.350532683279,156975.3272166421,3,2,0.38472264661880273,true
java/gadgets/src/main/java/org/apache/shindig/gadgets/servlet/MakeRequestHandler.java,206.0,32.0,47.0,11.0,78.0,44.0,14.0,null,2,0.004454342984409799,7.0,0.0,3.0,7.0,538.1763869132291,4118.0599260504005,2,4,2.0030718334235504,true
java/gadgets/src/main/java/org/apache/shindig/gadgets/servlet/MakeRequestServlet.java,26.0,6.0,1.0,3.0,6.0,7.0,0.0,lindner@13f79535-47bb-0310-9956-ffa450edef68,0,0.0,0.0,0.0,0.0,0.0,0.0,0.0,0,2,0.0,false
java/gadgets/src/main/java/org/apache/shindig/gadgets/servlet/OAuthCallbackServlet.java,32.0,13.0,0.0,2.0,17.0,6.0,0.0,lindner@13f79535-47bb-0310-9956-ffa450edef68,0,0.0,0.0,0.0,0.0,0.0,0.0,0.0,0,2,0.0,true
java/gadgets/src/main/java/org/apache/shindig/gadgets/servlet/ProxyHandler.java,78.0,20.0,8.0,5.0,32.0,19.0,18.0,johnh@13f79535-47bb-0310-9956-ffa450edef68,2,0.004454342984409799,10.0,0.0,3.0,3.0,3386.1205430782893,134577.37601007166,2,8,0.8890486734767584,true
java/gadgets/src/main/java/org/apache/shindig/gadgets/servlet/ProxyServlet.java,48.0,14.0,0.0,4.0,17.0,9.0,42.0,lindner@13f79535-47bb-0310-9956-ffa450edef68,2,0.004454342984409799,12.0,0.0,0.0,0.0,3527.0542040119503,135038.9610623995,2,3,1.7680700188006826,true
java/gadgets/src/main/java/org/apache/shindig/gadgets/servlet/RpcServlet.java,88.0,14.0,7.0,6.0,31.0,19.0,46.0,lindner@13f79535-47bb-0310-9956-ffa450edef68,1,0.0022271714922048997,7.0,0.0,0.0,0.0,397.6363636363636,3949.085370971702,1,3,3.9464244321454784,true
java/gadgets/src/main/java/org/apache/shindig/gadgets/servlet/ServletUtil.java,159.0,21.0,43.0,10.0,73.0,39.0,28.0,lindner@13f79535-47bb-0310-9956-ffa450edef68,1,0.0022271714922048997,13.0,0.0,0.0,7.0,3129.417840375587,131089.8756914278,1,3,0.9760099665757773,false
java/gadgets/src/main/java/org/apache/shindig/gadgets/spec/GadgetSpec.java,199.0,16.0,23.0,14.0,47.0,38.0,21.0,lindner@13f79535-47bb-0310-9956-ffa450edef68,1,0.0022271714922048997,12.0,0.0,0.0,0.0,3129.417840375587,131089.8756914278,1,0,0.9760099665757773,false
java/gadgets/src/main/java/org/apache/shindig/gadgets/spec/PipelinedData.java,515.0,25.0,174.0,20.0,72.0,68.0,3.0,ssievers@13f79535-47bb-0310-9956-ffa450edef68,1,0.0022271714922048997,17.0,0.0,0.0,0.0,3129.417840375587,131089.8756914278,1,0,0.9760099665757773,false
java/gadgets/src/main/java/org/apache/shindig/gadgets/spec/View.java,261.0,15.0,117.0,22.0,44.0,54.0,0.0,ssievers@13f79535-47bb-0310-9956-ffa450edef68,0,0.0,0.0,0.0,0.0,0.0,0.0,0.0,0,1,0.0,false
java/gadgets/src/main/java/org/apache/shindig/gadgets/templates/ContainerTagLibraryFactory.java,45.0,15.0,8.0,5.0,8.0,11.0,37.0,lindner@13f79535-47bb-0310-9956-ffa450edef68,1,0.0022271714922048997,20.0,0.0,0.0,0.0,3129.417840375587,131089.8756914278,1,1,0.9760099665757773,false
java/gadgets/src/main/java/org/apache/shindig/gadgets/templates/DefaultTemplateProcessor.java,323.0,28.0,75.0,15.0,97.0,47.0,42.0,lindner@13f79535-47bb-0310-9956-ffa450edef68,2,0.004454342984409799,25.0,0.0,0.0,0.0,3527.0542040119503,135038.9610623995,2,1,1.7680700188006826,false
java/gadgets/src/main/java/org/apache/shindig/gadgets/templates/tags/FlashTagHandler.java,313.0,24.0,9.0,6.0,58.0,19.0,26.0,johnh@13f79535-47bb-0310-9956-ffa450edef68,2,0.004454342984409799,29.0,14.0,0.0,0.0,3843.725532683279,155320.61713905493,2,0,0.5691223824014974,false
java/gadgets/src/main/java/org/apache/shindig/gadgets/uri/AllJsIframeVersioner.java,25.0,6.0,0.0,3.0,10.0,7.0,16.0,rbaxter85@13f79535-47bb-0310-9956-ffa450edef68,1,0.0022271714922048997,14.0,14.0,0.0,0.0,714.3076923076923,24230.74144762715,1,0,1.548529159347108,true
java/gadgets/src/main/java/org/apache/shindig/gadgets/uri/DefaultAccelUriManager.java,36.0,11.0,6.0,5.0,17.0,11.0,37.0,johnh@13f79535-47bb-0310-9956-ffa450edef68,1,0.0022271714922048997,14.0,0.0,0.0,0.0,3129.417840375587,131089.8756914278,1,2,0.9760099665757773,false
java/gadgets/src/main/java/org/apache/shindig/gadgets/uri/DefaultConcatUriManager.java,127.0,13.0,5.0,7.0,51.0,26.0,0.0,lindner@13f79535-47bb-0310-9956-ffa450edef68,0,0.0,0.0,0.0,0.0,0.0,0.0,0.0,0,4,0.0,true
java/gadgets/src/main/java/org/apache/shindig/gadgets/uri/DefaultIframeUriManager.java,223.0,21.0,107.0,18.0,86.0,48.0,23.0,null,2,0.004454342984409799,7.0,3.0,3.0,0.0,3206.0845070422533,131289.38427435415,2,4,1.2622695629614427,true
java/gadgets/src/main/java/org/apache/shindig/gadgets/uri/DefaultJsUriManager.java,111.0,13.0,18.0,8.0,39.0,24.0,13.0,null,4,0.008908685968819599,19.0,10.0,0.0,0.0,4228.017199349945,157174.83579956845,4,3,0.5707288112134801,true
java/gadgets/src/main/java/org/apache/shindig/gadgets/uri/DefaultJsVersioner.java,43.0,11.0,8.0,5.0,15.0,12.0,12.0,zhoresh@13f79535-47bb-0310-9956-ffa450edef68,2,0.004454342984409799,50.0,25.0,0.0,0.0,1021.9326923076923,25885.45152521433,2,0,1.1797296877817183,false
java/gadgets/src/main/java/org/apache/shindig/gadgets/uri/DefaultProxyUriManager.java,160.0,18.0,1.0,6.0,54.0,24.0,37.0,lindner@13f79535-47bb-0310-9956-ffa450edef68,1,0.0022271714922048997,3.0,0.0,0.0,0.0,3129.417840375587,131089.8756914278,1,3,0.9760099665757773,true
java/gadgets/src/main/java/org/apache/shindig/gadgets/uri/JsUriManager.java,99.0,9.0,1.0,2.0,0.0,7.0,9.0,null,4,0.008908685968819599,45.0,18.0,0.0,14.0,4228.017199349945,157174.83579956845,4,1,0.6349289450940527,false
java/gadgets/src/main/java/org/apache/shindig/gadgets/uri/ProxyUriBase.java,221.0,12.0,128.0,25.0,48.0,64.0,18.0,johnh@13f79535-47bb-0310-9956-ffa450edef68,3,0.0066815144766146995,13.0,9.0,0.0,0.0,4151.350532683279,156975.3272166421,3,3,0.475308945751592,false
java/gadgets/src/main/java/org/apache/shindig/gadgets/uri/ProxyUriManager.java,168.0,11.0,1.0,2.0,0.0,6.0,0.0,johnh@13f79535-47bb-0310-9956-ffa450edef68,0,0.0,0.0,0.0,0.0,0.0,0.0,0.0,0,7,0.0,true
java/gadgets/src/main/java/org/apache/shindig/gadgets/uri/UriCommon.java,16.0,0.0,0.0,2.0,0.0,3.0,8.0,null,2,0.004454342984409799,15.0,10.0,0.0,0.0,790.9743589743589,24430.250030553496,2,1,1.3741131114255918,false
java/gadgets/src/main/java/org/apache/shindig/gadgets/uri/UriUtils.java,183.0,15.0,37.0,10.0,53.0,40.0,27.0,lindner@13f79535-47bb-0310-9956-ffa450edef68,3,0.0066815144766146995,26.0,0.0,5.0,5.0,3783.756906714653,138526.46138104337,3,5,0.9495540455739593,true
java/gadgets/src/test/java/org/apache/shindig/gadgets/FeedProcessorImplTest.java,167.0,5.0,0.0,13.0,56.0,27.0,0.0,lindner@13f79535-47bb-0310-9956-ffa450edef68,0,0.0,0.0,0.0,0.0,0.0,0.0,0.0,0,0,0.0,false
java/gadgets/src/test/java/org/apache/shindig/gadgets/HashLockedDomainServiceTest.java,148.0,18.0,0.0,10.0,69.0,20.0,0.0,lindner@13f79535-47bb-0310-9956-ffa450edef68,0,0.0,0.0,0.0,0.0,0.0,0.0,0.0,0,0,0.0,false
java/gadgets/src/test/java/org/apache/shindig/gadgets/features/FeatureParserTest.java,73.0,7.0,1.0,2.0,19.0,5.0,9.0,ssievers@13f79535-47bb-0310-9956-ffa450edef68,1,0.0022271714922048997,33.0,33.0,0.0,0.0,714.3076923076923,24230.74144762715,1,0,1.548529159347108,false
java/gadgets/src/test/java/org/apache/shindig/gadgets/features/FeatureRegistryTest.java,459.0,19.0,385.0,46.0,315.0,103.0,10.0,johnh@13f79535-47bb-0310-9956-ffa450edef68,1,0.0022271714922048997,14.0,14.0,0.0,0.0,714.3076923076923,24230.74144762715,1,0,1.548529159347108,true
java/gadgets/src/test/java/org/apache/shindig/gadgets/http/AbstractHttpCacheTest.java,205.0,18.0,0.0,25.0,171.0,37.0,0.0,null,0,0.0,0.0,0.0,0.0,0.0,0.0,0.0,0,3,0.0,true
java/gadgets/src/test/java/org/apache/shindig/gadgets/http/DefaultRequestPipelineTest.java,219.0,13.0,30.0,16.0,104.0,42.0,4.0,null,1,0.0022271714922048997,10.0,0.0,0.0,10.0,307.625,1654.7100775871766,1,2,2.1972245773362196,false
java/gadgets/src/test/java/org/apache/shindig/gadgets/http/HttpResponseTest.java,260.0,11.0,644.0,41.0,252.0,87.0,4.0,null,1,0.0022271714922048997,10.0,0.0,0.0,10.0,307.625,1654.7100775871766,1,1,2.1972245773362196,true
java/gadgets/src/test/java/org/apache/shindig/gadgets/http/MultipleResourceHttpFetcherTest.java,57.0,13.0,0.0,5.0,36.0,14.0,0.0,ssievers@13f79535-47bb-0310-9956-ffa450edef68,0,0.0,0.0,0.0,0.0,0.0,0.0,0.0,0,1,0.0,false
java/gadgets/src/test/java/org/apache/shindig/gadgets/oauth/OAuthRequestTest.java,1389.0,44.0,2676.0,129.0,903.0,308.0,46.0,lindner@13f79535-47bb-0310-9956-ffa450edef68,1,0.0022271714922048997,8.0,0.0,0.0,0.0,397.6363636363636,3949.085370971702,1,2,3.9464244321454784,false
java/gadgets/src/test/java/org/apache/shindig/gadgets/oauth/OAuthResponseParamsTest.java,146.0,15.0,35.0,14.0,82.0,21.0,46.0,null,1,0.0022271714922048997,20.0,0.0,0.0,0.0,397.6363636363636,3949.085370971702,1,1,3.9464244321454784,false
java/gadgets/src/test/java/org/apache/shindig/gadgets/parse/AbstractSocialMarkupHtmlParserTest.java,80.0,13.0,1.0,10.0,62.0,16.0,37.0,johnh@13f79535-47bb-0310-9956-ffa450edef68,1,0.0022271714922048997,17.0,0.0,0.0,0.0,3129.417840375587,131089.8756914278,1,1,0.9760099665757773,false
java/gadgets/src/test/java/org/apache/shindig/gadgets/parse/DefaultHtmlSerializerTest.java,40.0,6.0,10.0,5.0,36.0,11.0,0.0,chirag@13f79535-47bb-0310-9956-ffa450edef68,0,0.0,0.0,0.0,0.0,0.0,0.0,0.0,0,2,0.0,true
java/gadgets/src/test/java/org/apache/shindig/gadgets/parse/HtmlSerializationTest.java,18.0,9.0,0.0,2.0,8.0,7.0,4.0,jasvir@13f79535-47bb-0310-9956-ffa450edef68,1,0.0022271714922048997,17.0,0.0,17.0,0.0,3129.417840375587,131089.8756914278,1,0,0.9760099665757773,false
java/gadgets/src/test/java/org/apache/shindig/gadgets/parse/ParseTreeSerializerBenchmark.java,101.0,13.0,7.0,7.0,32.0,19.0,0.0,chirag@13f79535-47bb-0310-9956-ffa450edef68,0,0.0,0.0,0.0,0.0,0.0,0.0,0.0,0,0,0.0,false
java/gadgets/src/test/java/org/apache/shindig/gadgets/parse/caja/CajaCssSanitizerTest.java,92.0,13.0,0.0,13.0,37.0,32.0,0.0,johnh@13f79535-47bb-0310-9956-ffa450edef68,0,0.0,0.0,0.0,0.0,0.0,0.0,0.0,0,3,0.0,true
java/gadgets/src/test/java/org/apache/shindig/gadgets/parse/caja/VanillaCajaHtmlParserTest.java,48.0,7.0,0.0,7.0,19.0,16.0,0.0,ssievers@13f79535-47bb-0310-9956-ffa450edef68,0,0.0,0.0,0.0,0.0,0.0,0.0,0.0,0,0,0.0,false
java/gadgets/src/test/java/org/apache/shindig/gadgets/process/ProcessorTest.java,129.0,21.0,2.0,17.0,49.0,42.0,0.0,zhoresh@13f79535-47bb-0310-9956-ffa450edef68,0,0.0,0.0,0.0,0.0,0.0,0.0,0.0,0,0,0.0,true
java/gadgets/src/test/java/org/apache/shindig/gadgets/render/DefaultServiceFetcherTest.java,73.0,19.0,0.0,6.0,48.0,19.0,16.0,lindner@13f79535-47bb-0310-9956-ffa450edef68,1,0.0022271714922048997,10.0,10.0,0.0,0.0,714.3076923076923,24230.74144762715,1,1,1.548529159347108,true
java/gadgets/src/test/java/org/apache/shindig/gadgets/render/HtmlRendererTest.java,71.0,21.0,6.0,8.0,22.0,21.0,1.0,zhoresh@13f79535-47bb-0310-9956-ffa450edef68,1,0.0022271714922048997,25.0,0.0,25.0,0.0,307.625,1654.7100775871766,1,0,2.1972245773362196,false
java/gadgets/src/test/java/org/apache/shindig/gadgets/render/RendererTest.java,179.0,19.0,0.0,19.0,75.0,37.0,2.0,johnh@13f79535-47bb-0310-9956-ffa450edef68,1,0.0022271714922048997,14.0,0.0,0.0,0.0,714.3076923076923,24230.74144762715,1,0,1.548529159347108,false
java/gadgets/src/test/java/org/apache/shindig/gadgets/render/RenderingGadgetRewriterTest.java,505.0,59.0,1092.0,52.0,313.0,138.0,19.0,lindner@13f79535-47bb-0310-9956-ffa450edef68,3,0.0066815144766146995,12.0,4.0,0.0,4.0,4151.350532683279,156975.3272166421,3,0,0.475308945751592,true
java/gadgets/src/test/java/org/apache/shindig/gadgets/render/SanitizingGadgetRewriterTest.java,197.0,29.0,65.0,31.0,132.0,83.0,5.0,johnh@13f79535-47bb-0310-9956-ffa450edef68,1,0.0022271714922048997,8.0,0.0,8.0,0.0,256.7027027027027,3487.5003186438566,1,3,2.624668592163159,true
java/gadgets/src/test/java/org/apache/shindig/gadgets/render/SanitizingProxyUriManagerTest.java,85.0,16.0,0.0,6.0,61.0,21.0,0.0,johnh@13f79535-47bb-0310-9956-ffa450edef68,0,0.0,0.0,0.0,0.0,0.0,0.0,0.0,0,1,0.0,false
java/gadgets/src/test/java/org/apache/shindig/gadgets/render/SanitizingResponseRewriterTest.java,71.0,19.0,0.0,9.0,48.0,26.0,5.0,null,1,0.0022271714922048997,12.0,0.0,12.0,0.0,256.7027027027027,3487.5003186438566,1,2,2.624668592163159,false
java/gadgets/src/test/java/org/apache/shindig/gadgets/rewrite/BaseRewriterTestCase.java,146.0,28.0,94.0,16.0,33.0,43.0,23.0,johnh@13f79535-47bb-0310-9956-ffa450edef68,2,0.004454342984409799,18.0,0.0,9.0,0.0,3386.1205430782893,134577.37601007166,2,2,1.1071920988095227,true
java/gadgets/src/test/java/org/apache/shindig/gadgets/rewrite/ConcatVisitorTest.java,667.0,23.0,284.0,48.0,373.0,106.0,41.0,lindner@13f79535-47bb-0310-9956-ffa450edef68,1,0.0022271714922048997,7.0,0.0,0.0,0.0,3129.417840375587,131089.8756914278,1,5,0.9760099665757773,true
java/gadgets/src/test/java/org/apache/shindig/gadgets/rewrite/ContentRewriterFeatureTestCase.java,130.0,4.0,300.0,25.0,94.0,51.0,0.0,johnh@13f79535-47bb-0310-9956-ffa450edef68,0,0.0,0.0,0.0,0.0,0.0,0.0,0.0,0,2,0.0,false
java/gadgets/src/test/java/org/apache/shindig/gadgets/rewrite/ContentRewriterFeatureTestCaseOS9.java,131.0,5.0,210.0,21.0,94.0,42.0,0.0,johnh@13f79535-47bb-0310-9956-ffa450edef68,0,0.0,0.0,0.0,0.0,0.0,0.0,0.0,0,2,0.0,false
java/gadgets/src/test/java/org/apache/shindig/gadgets/rewrite/ContentTypeCharsetRemoverRewriterTest.java,43.0,8.0,0.0,4.0,16.0,10.0,0.0,chirag@13f79535-47bb-0310-9956-ffa450edef68,0,0.0,0.0,0.0,0.0,0.0,0.0,0.0,0,1,0.0,true
java/gadgets/src/test/java/org/apache/shindig/gadgets/rewrite/ContextAwareRegistryTest.java,67.0,15.0,1.0,3.0,21.0,5.0,15.0,gagan@13f79535-47bb-0310-9956-ffa450edef68,1,0.0022271714922048997,50.0,0.0,50.0,50.0,256.7027027027027,3487.5003186438566,1,0,2.624668592163159,false
java/gadgets/src/test/java/org/apache/shindig/gadgets/rewrite/CssResponseRewriterTest.java,129.0,25.0,19.0,14.0,93.0,34.0,0.0,null,0,0.0,0.0,0.0,0.0,0.0,0.0,0.0,0,0,0.0,false
java/gadgets/src/test/java/org/apache/shindig/gadgets/rewrite/DomWalkerTest.java,141.0,10.0,6.0,9.0,86.0,26.0,0.0,johnh@13f79535-47bb-0310-9956-ffa450edef68,0,0.0,0.0,0.0,0.0,0.0,0.0,0.0,0,0,0.0,false
java/gadgets/src/test/java/org/apache/shindig/gadgets/rewrite/DomWalkerTestBase.java,67.0,21.0,22.0,8.0,41.0,21.0,0.0,johnh@13f79535-47bb-0310-9956-ffa450edef68,0,0.0,0.0,0.0,0.0,0.0,0.0,0.0,0,0,0.0,false
java/gadgets/src/test/java/org/apache/shindig/gadgets/rewrite/ImageAttributeRewriterTest.java,74.0,20.0,24.0,12.0,60.0,28.0,0.0,ssievers@13f79535-47bb-0310-9956-ffa450edef68,0,0.0,0.0,0.0,0.0,0.0,0.0,0.0,0,1,0.0,false
java/gadgets/src/test/java/org/apache/shindig/gadgets/rewrite/RewriteModuleTest.java,55.0,17.0,0.0,4.0,19.0,8.0,15.0,woodser@13f79535-47bb-0310-9956-ffa450edef68,1,0.0022271714922048997,33.0,0.0,33.0,33.0,256.7027027027027,3487.5003186438566,1,0,2.624668592163159,false
java/gadgets/src/test/java/org/apache/shindig/gadgets/rewrite/RewriterTestBase.java,130.0,25.0,79.0,15.0,33.0,41.0,23.0,null,2,0.004454342984409799,17.0,0.0,8.0,0.0,3386.1205430782893,134577.37601007166,2,3,1.1071920988095227,true
java/gadgets/src/test/java/org/apache/shindig/gadgets/rewrite/StyleTagExtractorVisitorTest.java,145.0,24.0,134.0,17.0,116.0,44.0,33.0,johnh@13f79535-47bb-0310-9956-ffa450edef68,1,0.0022271714922048997,12.0,0.0,0.0,12.0,3129.417840375587,131089.8756914278,1,0,0.9760099665757773,false
java/gadgets/src/test/java/org/apache/shindig/gadgets/rewrite/StyleTagProxyEmbeddedUrlsVisitorTest.java,40.0,24.0,2.0,4.0,23.0,10.0,0.0,null,0,0.0,0.0,0.0,0.0,0.0,0.0,0.0,0,0,0.0,false
java/gadgets/src/test/java/org/apache/shindig/gadgets/rewrite/TemplateRewriterTest.java,175.0,35.0,70.0,29.0,107.0,68.0,0.0,chirag@13f79535-47bb-0310-9956-ffa450edef68,0,0.0,0.0,0.0,0.0,0.0,0.0,0.0,0,0,0.0,false
java/gadgets/src/test/java/org/apache/shindig/gadgets/rewrite/image/ImageRewriterTest.java,181.0,17.0,0.0,25.0,135.0,60.0,0.0,lindner@13f79535-47bb-0310-9956-ffa450edef68,0,0.0,0.0,0.0,0.0,0.0,0.0,0.0,0,1,0.0,false
java/gadgets/src/test/java/org/apache/shindig/gadgets/rewrite/image/JPEGOptimizerTest.java,66.0,5.0,66.0,12.0,42.0,27.0,5.0,johnh@13f79535-47bb-0310-9956-ffa450edef68,1,0.0022271714922048997,29.0,0.0,29.0,0.0,256.7027027027027,3487.5003186438566,1,1,2.624668592163159,true
java/gadgets/src/test/java/org/apache/shindig/gadgets/rewrite/image/JpegImageUtilsTest.java,34.0,4.0,10.0,5.0,27.0,11.0,5.0,ssievers@13f79535-47bb-0310-9956-ffa450edef68,1,0.0022271714922048997,33.0,33.0,0.0,0.0,3129.417840375587,131089.8756914278,1,0,0.9760099665757773,false
java/gadgets/src/test/java/org/apache/shindig/gadgets/rewrite/image/OptimizerConfigTest.java,17.0,2.0,3.0,3.0,6.0,3.0,7.0,ssievers@13f79535-47bb-0310-9956-ffa450edef68,1,0.0022271714922048997,25.0,0.0,25.0,0.0,256.7027027027027,3487.5003186438566,1,2,2.624668592163159,true
java/gadgets/src/test/java/org/apache/shindig/gadgets/servlet/CajaContentRewriterTest.java,73.0,27.0,26.0,8.0,45.0,25.0,4.0,null,2,0.004454342984409799,18.0,9.0,9.0,0.0,3185.417840375587,131131.23641318234,2,0,2.114643609080655,false
java/gadgets/src/test/java/org/apache/shindig/gadgets/servlet/ConcatProxyServletTest.java,186.0,19.0,54.0,21.0,132.0,47.0,21.0,lindner@13f79535-47bb-0310-9956-ffa450edef68,1,0.0022271714922048997,17.0,0.0,8.0,0.0,3129.417840375587,131089.8756914278,1,3,0.9760099665757773,true
java/gadgets/src/test/java/org/apache/shindig/gadgets/servlet/GadgetsHandlerServiceTest.java,401.0,33.0,0.0,36.0,373.0,86.0,5.0,zhoresh@13f79535-47bb-0310-9956-ffa450edef68,4,0.008908685968819599,31.0,3.0,14.0,7.0,4207.350532683279,157016.68793839664,4,0,1.2581104246653312,true
java/gadgets/src/test/java/org/apache/shindig/gadgets/servlet/GadgetsHandlerTest.java,453.0,47.0,0.0,34.0,393.0,90.0,6.0,null,4,0.008908685968819599,22.0,9.0,6.0,6.0,4207.350532683279,157016.68793839664,4,2,1.3508737524399168,false
java/gadgets/src/test/java/org/apache/shindig/gadgets/servlet/HtmlAccelServletTest.java,179.0,26.0,0.0,11.0,189.0,31.0,20.0,johnh@13f79535-47bb-0310-9956-ffa450edef68,2,0.004454342984409799,10.0,0.0,5.0,0.0,3386.1205430782893,134577.37601007166,2,4,1.1071920988095227,true
java/gadgets/src/test/java/org/apache/shindig/gadgets/servlet/HttpGadgetContextTest.java,52.0,7.0,28.0,8.0,51.0,10.0,13.0,ssievers@13f79535-47bb-0310-9956-ffa450edef68,1,0.0022271714922048997,20.0,0.0,0.0,20.0,281.47368421052636,630.5596074065434,1,0,2.7677694358038325,false
java/gadgets/src/test/java/org/apache/shindig/gadgets/servlet/HttpRequestHandlerTest.java,306.0,42.0,0.0,21.0,307.0,66.0,0.0,null,0,0.0,0.0,0.0,0.0,0.0,0.0,0.0,0,1,0.0,false
java/gadgets/src/test/java/org/apache/shindig/gadgets/servlet/JsServletTest.java,83.0,10.0,0.0,6.0,81.0,21.0,6.0,johnh@13f79535-47bb-0310-9956-ffa450edef68,2,0.004454342984409799,21.0,14.0,0.0,7.0,1021.9326923076923,25885.45152521433,2,0,1.1282467970486656,true
java/gadgets/src/test/java/org/apache/shindig/gadgets/servlet/MakeRequestHandlerTest.java,347.0,30.0,252.0,37.0,373.0,78.0,7.0,null,2,0.004454342984409799,12.0,0.0,0.0,6.0,995.7813765182186,24861.301055033695,2,4,1.465002117015525,true
java/gadgets/src/test/java/org/apache/shindig/gadgets/servlet/MakeRequestServletTest.java,83.0,15.0,1.0,10.0,77.0,22.0,0.0,null,0,0.0,0.0,0.0,0.0,0.0,0.0,0.0,0,1,0.0,false
java/gadgets/src/test/java/org/apache/shindig/gadgets/servlet/ProxyHandlerTest.java,267.0,30.0,0.0,25.0,207.0,66.0,2.0,johnh@13f79535-47bb-0310-9956-ffa450edef68,1,0.0022271714922048997,5.0,0.0,0.0,0.0,3129.417840375587,131089.8756914278,1,9,0.9760099665757773,false
java/gadgets/src/test/java/org/apache/shindig/gadgets/servlet/ServletTestFixture.java,18.0,14.0,0.0,1.0,0.0,2.0,0.0,johnh@13f79535-47bb-0310-9956-ffa450edef68,0,0.0,0.0,0.0,0.0,0.0,0.0,0.0,0,1,0.0,false
java/gadgets/src/test/java/org/apache/shindig/gadgets/servlet/ServletUtilTest.java,156.0,22.0,153.0,18.0,136.0,41.0,0.0,lindner@13f79535-47bb-0310-9956-ffa450edef68,0,0.0,0.0,0.0,0.0,0.0,0.0,0.0,0,3,0.0,false
java/gadgets/src/test/java/org/apache/shindig/gadgets/spec/PipelinedDataTest.java,190.0,21.0,0.0,16.0,166.0,34.0,3.0,ssievers@13f79535-47bb-0310-9956-ffa450edef68,1,0.0022271714922048997,17.0,0.0,0.0,0.0,3129.417840375587,131089.8756914278,1,0,0.9760099665757773,false
java/gadgets/src/test/java/org/apache/shindig/gadgets/spec/ViewTest.java,142.0,12.0,0.0,20.0,97.0,43.0,0.0,ssievers@13f79535-47bb-0310-9956-ffa450edef68,0,0.0,0.0,0.0,0.0,0.0,0.0,0.0,0,1,0.0,false
java/gadgets/src/test/java/org/apache/shindig/gadgets/templates/tags/FlashTagHandlerTest.java,169.0,36.0,0.0,8.0,98.0,20.0,16.0,johnh@13f79535-47bb-0310-9956-ffa450edef68,1,0.0022271714922048997,20.0,20.0,0.0,0.0,714.3076923076923,24230.74144762715,1,1,1.548529159347108,false
java/gadgets/src/test/java/org/apache/shindig/gadgets/templates/tags/TemplateBasedTagHandlerTest.java,70.0,26.0,85.0,14.0,27.0,33.0,0.0,null,0,0.0,0.0,0.0,0.0,0.0,0.0,0.0,0,0,0.0,false
java/gadgets/src/test/java/org/apache/shindig/gadgets/uri/AllJsIframeVersionerTest.java,37.0,13.0,0.0,6.0,22.0,8.0,16.0,null,1,0.0022271714922048997,12.0,12.0,0.0,0.0,714.3076923076923,24230.74144762715,1,0,1.548529159347108,true
java/gadgets/src/test/java/org/apache/shindig/gadgets/uri/DefaultAccelUriManagerTest.java,52.0,9.0,0.0,6.0,29.0,14.0,0.0,johnh@13f79535-47bb-0310-9956-ffa450edef68,0,0.0,0.0,0.0,0.0,0.0,0.0,0.0,0,3,0.0,false
java/gadgets/src/test/java/org/apache/shindig/gadgets/uri/DefaultConcatUriManagerTest.java,344.0,18.0,769.0,43.0,264.0,72.0,33.0,lindner@13f79535-47bb-0310-9956-ffa450edef68,1,0.0022271714922048997,7.0,0.0,0.0,7.0,3129.417840375587,131089.8756914278,1,2,0.9760099665757773,true
java/gadgets/src/test/java/org/apache/shindig/gadgets/uri/DefaultIframeUriManagerTest.java,436.0,31.0,126.0,32.0,314.0,66.0,0.0,null,0,0.0,0.0,0.0,0.0,0.0,0.0,0.0,0,0,0.0,true
java/gadgets/src/test/java/org/apache/shindig/gadgets/uri/DefaultJsUriManagerTest.java,284.0,22.0,0.0,25.0,244.0,42.0,8.0,null,3,0.0066815144766146995,18.0,9.0,0.0,0.0,1098.599358974359,26084.960108140673,3,3,1.1797296877817185,true
java/gadgets/src/test/java/org/apache/shindig/gadgets/uri/DefaultJsVersionerTest.java,92.0,19.0,0.0,8.0,59.0,15.0,12.0,zhoresh@13f79535-47bb-0310-9956-ffa450edef68,2,0.004454342984409799,29.0,14.0,0.0,0.0,1021.9326923076923,25885.45152521433,2,0,1.1797296877817183,false
java/gadgets/src/test/java/org/apache/shindig/gadgets/uri/DefaultProxyUriManagerTest.java,366.0,16.0,880.0,45.0,276.0,113.0,19.0,johnh@13f79535-47bb-0310-9956-ffa450edef68,2,0.004454342984409799,11.0,6.0,0.0,6.0,3437.042840375587,132744.58576901496,2,2,0.8934700913960533,true
java/gadgets/src/test/java/org/apache/shindig/gadgets/uri/JsUriManagerTest.java,47.0,12.0,0.0,4.0,40.0,8.0,7.0,mhermanto@13f79535-47bb-0310-9956-ffa450edef68,2,0.004454342984409799,62.0,38.0,0.0,0.0,790.9743589743589,24430.250030553496,2,0,1.7072941090097857,false
java/gadgets/src/test/java/org/apache/shindig/gadgets/uri/PassthruManager.java,42.0,7.0,11.0,6.0,19.0,12.0,0.0,ssievers@13f79535-47bb-0310-9956-ffa450edef68,0,0.0,0.0,0.0,0.0,0.0,0.0,0.0,0,1,0.0,false
java/gadgets/src/test/java/org/apache/shindig/gadgets/uri/ProxyUriManagerTest.java,36.0,8.0,3.0,6.0,10.0,16.0,0.0,gagan@13f79535-47bb-0310-9956-ffa450edef68,0,0.0,0.0,0.0,0.0,0.0,0.0,0.0,0,1,0.0,false
java/gadgets/src/test/java/org/apache/shindig/gadgets/uri/UriManagerTestBase.java,70.0,19.0,0.0,5.0,43.0,13.0,0.0,lindner@13f79535-47bb-0310-9956-ffa450edef68,0,0.0,0.0,0.0,0.0,0.0,0.0,0.0,0,1,0.0,false
java/gadgets/src/test/java/org/apache/shindig/gadgets/variables/SubstitutionsTest.java,84.0,6.0,0.0,12.0,35.0,26.0,37.0,lindner@13f79535-47bb-0310-9956-ffa450edef68,1,0.0022271714922048997,50.0,0.0,0.0,0.0,3129.417840375587,131089.8756914278,1,0,0.9760099665757773,false
java/samples/src/main/java/org/apache/shindig/social/opensocial/jpa/eclipselink/Bootstrap.java,61.0,25.0,0.0,3.0,9.0,6.0,42.0,ssievers@13f79535-47bb-0310-9956-ffa450edef68,2,0.004454342984409799,33.0,0.0,0.0,0.0,3527.0542040119503,135038.9610623995,2,0,1.7680700188006826,false
java/samples/src/main/java/org/apache/shindig/social/opensocial/jpa/hibernate/Bootstrap.java,35.0,10.0,4.0,4.0,6.0,7.0,42.0,ssievers@13f79535-47bb-0310-9956-ffa450edef68,2,0.004454342984409799,29.0,0.0,0.0,0.0,3527.0542040119503,135038.9610623995,2,0,1.7680700188006826,false
java/server/src/test/java/org/apache/shindig/server/endtoend/EndToEndTest.java,250.0,37.0,661.0,38.0,100.0,90.0,0.0,null,0,0.0,0.0,0.0,0.0,0.0,0.0,0.0,0,3,0.0,true
java/social-api/src/main/java/org/apache/shindig/social/core/config/SocialApiGuiceModule.java,29.0,24.0,1.0,2.0,11.0,4.0,27.0,lindner@13f79535-47bb-0310-9956-ffa450edef68,2,0.004454342984409799,27.0,0.0,0.0,27.0,3410.891524586113,131720.43529883435,2,0,0.9367489546903163,false
java/social-api/src/main/java/org/apache/shindig/social/core/oauth/OAuthAuthenticationHandler.java,140.0,26.0,54.0,12.0,47.0,47.0,37.0,lindner@13f79535-47bb-0310-9956-ffa450edef68,1,0.0022271714922048997,9.0,0.0,0.0,0.0,3129.417840375587,131089.8756914278,1,0,0.9760099665757773,false
java/social-api/src/main/java/org/apache/shindig/social/opensocial/service/MessageHandler.java,83.0,14.0,0.0,5.0,48.0,17.0,0.0,ssievers@13f79535-47bb-0310-9956-ffa450edef68,0,0.0,0.0,0.0,0.0,0.0,0.0,0.0,0,0,0.0,false
java/social-api/src/main/java/org/apache/shindig/social/sample/spi/JsonDbOpensocialService.java,860.0,42.0,0.0,42.0,352.0,223.0,19.0,lindner@13f79535-47bb-0310-9956-ffa450edef68,1,0.0022271714922048997,11.0,0.0,0.0,7.0,3129.417840375587,131089.8756914278,1,2,0.9760099665757773,true
java/social-api/src/test/java/org/apache/shindig/social/core/oauth/FakeOAuthRequest.java,113.0,16.0,11.0,6.0,42.0,25.0,37.0,ssievers@13f79535-47bb-0310-9956-ffa450edef68,1,0.0022271714922048997,25.0,0.0,0.0,0.0,3129.417840375587,131089.8756914278,1,0,0.9760099665757773,false
java/social-api/src/test/java/org/apache/shindig/social/dataservice/integration/AbstractLargeRestfulTests.java,183.0,41.0,69.0,14.0,93.0,49.0,13.0,lindner@13f79535-47bb-0310-9956-ffa450edef68,1,0.0022271714922048997,12.0,0.0,0.0,12.0,281.47368421052636,630.5596074065434,1,1,2.7677694358038325,false
java/social-api/src/test/java/org/apache/shindig/social/opensocial/service/ActivityHandlerTest.java,104.0,32.0,24.0,12.0,106.0,33.0,0.0,ssievers@13f79535-47bb-0310-9956-ffa450edef68,0,0.0,0.0,0.0,0.0,0.0,0.0,0.0,0,0,0.0,false
java/social-api/src/test/java/org/apache/shindig/social/opensocial/service/AlbumHandlerTest.java,37.0,19.0,13.0,6.0,13.0,14.0,41.0,ssievers@13f79535-47bb-0310-9956-ffa450edef68,1,0.0022271714922048997,14.0,0.0,0.0,0.0,3129.417840375587,131089.8756914278,1,0,0.9760099665757773,false
java/social-api/src/test/java/org/apache/shindig/social/opensocial/service/MediaItemHandlerTest.java,37.0,18.0,13.0,6.0,13.0,14.0,41.0,lindner@13f79535-47bb-0310-9956-ffa450edef68,1,0.0022271714922048997,12.0,0.0,0.0,0.0,3129.417840375587,131089.8756914278,1,0,0.9760099665757773,true
java/social-api/src/test/java/org/apache/shindig/social/opensocial/service/PersonHandlerTest.java,120.0,34.0,0.0,8.0,109.0,25.0,0.0,ssievers@13f79535-47bb-0310-9956-ffa450edef68,0,0.0,0.0,0.0,0.0,0.0,0.0,0.0,0,0,0.0,false
java/social-api/src/test/java/org/apache/shindig/social/opensocial/util/XSDValidator.java,125.0,15.0,3.0,6.0,39.0,23.0,34.0,lindner@13f79535-47bb-0310-9956-ffa450edef68,2,0.004454342984409799,67.0,0.0,0.0,33.0,3527.0542040119503,135038.9610623995,2,0,1.1562784383493943,false
