name,LOC,CBO,LCOM,NOM,RFC,WMC,ACS,Ownership,numOfChanges,numberOfFIChanges,ENH,NF,BugFixing,REF,structuralWorkloadSum,semanticWorkloadSum,numberOfDeveloper,pastFaults,MAF,isBuggy
java/common/src/main/java/org/apache/shindig/auth/AuthenticationServletFilter.java,113.0,25.0,17.0,7.0,23.0,21.0,2.0,lindner@13f79535-47bb-0310-9956-ffa450edef68,1,0.0048543689320388345,8.0,8.0,8.0,0.0,202.6153846153846,390.0560607798154,1,2,2.4849066497880004,false
java/common/src/main/java/org/apache/shindig/common/PropertiesModule.java,69.0,10.0,25.0,10.0,26.0,23.0,11.0,lindner@13f79535-47bb-0310-9956-ffa450edef68,3,0.014563106796116505,23.0,15.0,0.0,8.0,1346.5939177101968,8428.36663419083,3,1,0.8790699748976727,false
java/common/src/main/java/org/apache/shindig/common/servlet/Authority.java,15.0,0.0,1.0,2.0,0.0,4.0,15.0,woodser@13f79535-47bb-0310-9956-ffa450edef68,1,0.0048543689320388345,25.0,25.0,0.0,0.0,583.2093023255813,4549.373781350792,1,0,1.2886558915559745,false
java/common/src/main/java/org/apache/shindig/common/servlet/BasicAuthority.java,29.0,7.0,8.0,5.0,14.0,10.0,8.0,ssievers@13f79535-47bb-0310-9956-ffa450edef68,1,0.0048543689320388345,29.0,14.0,14.0,0.0,583.2093023255813,4549.373781350792,1,0,1.2886558915559745,false
java/common/src/main/java/org/apache/shindig/common/servlet/BasicAuthorityProvider.java,18.0,3.0,0.0,3.0,0.0,5.0,15.0,hsaputra@13f79535-47bb-0310-9956-ffa450edef68,1,0.0048543689320388345,67.0,33.0,0.0,0.0,583.2093023255813,4549.373781350792,1,0,1.2886558915559745,false
java/common/src/main/java/org/apache/shindig/common/servlet/GuiceServletContextListener.java,102.0,12.0,1.0,3.0,29.0,11.0,10.0,lindner@13f79535-47bb-0310-9956-ffa450edef68,3,0.014563106796116505,33.0,13.0,7.0,13.0,1346.5939177101968,8428.36663419083,3,2,0.8864016984221204,false
java/common/src/main/java/org/apache/shindig/common/servlet/HostFilter.java,13.0,7.0,3.0,3.0,2.0,5.0,13.0,lindner@13f79535-47bb-0310-9956-ffa450edef68,2,0.009708737864077669,60.0,20.0,0.0,0.0,1143.978533094812,8038.310573411014,2,0,0.9424178425269609,false
java/common/src/main/java/org/apache/shindig/common/servlet/ServletRequestContext.java,34.0,1.0,0.0,4.0,11.0,7.0,13.0,ssievers@13f79535-47bb-0310-9956-ffa450edef68,2,0.009708737864077669,60.0,20.0,0.0,0.0,1143.978533094812,8038.310573411014,2,0,0.9424178425269609,false
java/common/src/main/java/org/apache/shindig/common/util/OpenSocialVersion.java,101.0,3.0,1.0,7.0,6.0,24.0,11.0,ssievers@13f79535-47bb-0310-9956-ffa450edef68,1,0.0048543689320388345,33.0,0.0,0.0,33.0,583.2093023255813,4549.373781350792,1,0,1.2886558915559745,false
java/common/src/main/java/org/apache/shindig/config/JsonContainerConfig.java,32.0,7.0,3.0,3.0,10.0,9.0,17.0,lindner@13f79535-47bb-0310-9956-ffa450edef68,1,0.0048543689320388345,8.0,8.0,0.0,0.0,560.7692307692308,3488.936792060222,1,1,2.159484249353372,false
java/common/src/main/java/org/apache/shindig/config/JsonContainerConfigLoader.java,210.0,19.0,66.0,13.0,66.0,50.0,9.0,null,2,0.009708737864077669,17.0,8.0,0.0,8.0,763.3846153846155,3878.992852840038,2,0,1.6290482690107408,false
java/common/src/main/java/org/apache/shindig/protocol/BaseRequestItem.java,244.0,25.0,240.0,25.0,74.0,91.0,0.0,lindner@13f79535-47bb-0310-9956-ffa450edef68,0,0.0,0.0,0.0,0.0,0.0,0.0,0.0,0,1,0.0,true
java/common/src/main/java/org/apache/shindig/protocol/DataServiceServlet.java,149.0,18.0,51.0,11.0,59.0,41.0,0.0,lindner@13f79535-47bb-0310-9956-ffa450edef68,0,0.0,0.0,0.0,0.0,0.0,0.0,0.0,0,3,0.0,false
java/common/src/main/java/org/apache/shindig/protocol/conversion/BeanDelegator.java,299.0,17.0,81.0,15.0,85.0,56.0,0.0,zhoresh@13f79535-47bb-0310-9956-ffa450edef68,0,0.0,0.0,0.0,0.0,0.0,0.0,0.0,0,5,0.0,true
java/common/src/main/java/org/apache/shindig/protocol/conversion/BeanJsonConverter.java,220.0,31.0,118.0,16.0,77.0,56.0,15.0,ssievers@13f79535-47bb-0310-9956-ffa450edef68,1,0.0048543689320388345,14.0,0.0,0.0,0.0,560.7692307692308,3488.936792060222,1,0,2.159484249353372,true
java/common/src/main/java/org/apache/shindig/protocol/conversion/xstream/ExtendableBeanConverter.java,28.0,9.0,3.0,3.0,10.0,8.0,15.0,woodser@13f79535-47bb-0310-9956-ffa450edef68,1,0.0048543689320388345,33.0,0.0,0.0,0.0,560.7692307692308,3488.936792060222,1,0,2.159484249353372,false
java/common/src/main/java/org/apache/shindig/protocol/model/ExtendableBean.java,5.0,2.0,0.0,0.0,0.0,0.0,15.0,woodser@13f79535-47bb-0310-9956-ffa450edef68,1,0.0048543689320388345,50.0,0.0,0.0,0.0,560.7692307692308,3488.936792060222,1,0,2.159484249353372,false
java/common/src/main/java/org/apache/shindig/protocol/model/ExtendableBeanImpl.java,6.0,1.0,0.0,0.0,0.0,0.0,15.0,woodser@13f79535-47bb-0310-9956-ffa450edef68,1,0.0048543689320388345,50.0,0.0,0.0,0.0,560.7692307692308,3488.936792060222,1,0,2.159484249353372,false
java/common/src/test/java/org/apache/shindig/auth/AuthenticationServletFilterTest.java,36.0,9.0,0.0,3.0,7.0,6.0,6.0,lindner@13f79535-47bb-0310-9956-ffa450edef68,3,0.014563106796116505,60.0,20.0,20.0,20.0,1101.1931079935976,7038.511115450135,3,0,0.6299985076209325,false
java/common/src/test/java/org/apache/shindig/auth/UrlParameterAuthenticationHandlerTest.java,58.0,6.0,0.0,10.0,22.0,25.0,0.0,lindner@13f79535-47bb-0310-9956-ffa450edef68,0,0.0,0.0,0.0,0.0,0.0,0.0,0.0,0,1,0.0,true
java/common/src/test/java/org/apache/shindig/common/servlet/BasicAuthorityProviderTest.java,27.0,3.0,3.0,3.0,11.0,3.0,15.0,hsaputra@13f79535-47bb-0310-9956-ffa450edef68,1,0.0048543689320388345,50.0,50.0,0.0,0.0,583.2093023255813,4549.373781350792,1,0,1.2886558915559745,false
java/common/src/test/java/org/apache/shindig/config/JsonContainerConfigLoaderTest.java,153.0,15.0,0.0,16.0,95.0,38.0,17.0,null,1,0.0048543689320388345,12.0,12.0,0.0,0.0,560.7692307692308,3488.936792060222,1,1,2.159484249353372,false
java/common/src/test/java/org/apache/shindig/protocol/BaseRequestItemTest.java,102.0,13.0,0.0,13.0,48.0,29.0,0.0,zhoresh@13f79535-47bb-0310-9956-ffa450edef68,0,0.0,0.0,0.0,0.0,0.0,0.0,0.0,0,1,0.0,false
java/gadgets/src/main/java/org/apache/shindig/gadgets/DefaultGuiceModule.java,78.0,31.0,10.0,5.0,25.0,9.0,15.0,lindner@13f79535-47bb-0310-9956-ffa450edef68,1,0.0048543689320388345,5.0,3.0,0.0,0.0,583.2093023255813,4549.373781350792,1,6,1.2886558915559745,true
java/gadgets/src/main/java/org/apache/shindig/gadgets/DefaultMessageBundleFactory.java,57.0,12.0,10.0,5.0,17.0,15.0,0.0,lindner@13f79535-47bb-0310-9956-ffa450edef68,0,0.0,0.0,0.0,0.0,0.0,0.0,0.0,0,0,0.0,false
java/gadgets/src/main/java/org/apache/shindig/gadgets/Gadget.java,158.0,16.0,108.0,20.0,43.0,57.0,11.0,lindner@13f79535-47bb-0310-9956-ffa450edef68,1,0.0048543689320388345,9.0,0.0,0.0,9.0,583.2093023255813,4549.373781350792,1,1,1.2886558915559745,false
java/gadgets/src/main/java/org/apache/shindig/gadgets/GadgetContext.java,115.0,5.0,0.0,19.0,17.0,49.0,15.0,null,1,0.0048543689320388345,9.0,0.0,0.0,0.0,238.76923076923075,866.0219585122696,1,1,2.9704144655697013,true
java/gadgets/src/main/java/org/apache/shindig/gadgets/HashLockedDomainService.java,111.0,12.0,22.0,12.0,33.0,34.0,0.0,rbaxter85@13f79535-47bb-0310-9956-ffa450edef68,0,0.0,0.0,0.0,0.0,0.0,0.0,0.0,0,0,0.0,true
java/gadgets/src/main/java/org/apache/shindig/gadgets/JsCompileMode.java,0.0,0.0,0.0,0.0,0.0,0.0,0.0,mhermanto@13f79535-47bb-0310-9956-ffa450edef68,0,0.0,0.0,0.0,0.0,0.0,0.0,0.0,0,1,0.0,false
java/gadgets/src/main/java/org/apache/shindig/gadgets/MessageBundleFactory.java,16.0,4.0,0.0,1.0,0.0,5.0,0.0,ssievers@13f79535-47bb-0310-9956-ffa450edef68,0,0.0,0.0,0.0,0.0,0.0,0.0,0.0,0,0,0.0,false
java/gadgets/src/main/java/org/apache/shindig/gadgets/config/ConfigProcessor.java,3.0,4.0,0.0,1.0,0.0,1.0,0.0,zhoresh@13f79535-47bb-0310-9956-ffa450edef68,0,0.0,0.0,0.0,0.0,0.0,0.0,0.0,0,0,0.0,false
java/gadgets/src/main/java/org/apache/shindig/gadgets/config/CoreUtilConfigContributor.java,40.0,9.0,1.0,3.0,14.0,6.0,16.0,lindner@13f79535-47bb-0310-9956-ffa450edef68,1,0.0048543689320388345,9.0,0.0,0.0,0.0,583.2093023255813,4549.373781350792,1,0,1.2886558915559745,true
java/gadgets/src/main/java/org/apache/shindig/gadgets/config/DefaultConfigContributorModule.java,16.0,2.0,1.0,2.0,7.0,2.0,0.0,ssievers@13f79535-47bb-0310-9956-ffa450edef68,0,0.0,0.0,0.0,0.0,0.0,0.0,0.0,0,0,0.0,false
java/gadgets/src/main/java/org/apache/shindig/gadgets/config/DefaultConfigProcessor.java,41.0,8.0,0.0,4.0,8.0,9.0,2.0,ssievers@13f79535-47bb-0310-9956-ffa450edef68,1,0.0048543689320388345,25.0,0.0,0.0,0.0,315.3684210526316,2099.0812733195266,1,0,1.4122698475231512,false
java/gadgets/src/main/java/org/apache/shindig/gadgets/features/BrowserSpecificFeatureResource.java,189.0,13.0,0.0,9.0,26.0,24.0,0.0,lindner@13f79535-47bb-0310-9956-ffa450edef68,0,0.0,0.0,0.0,0.0,0.0,0.0,0.0,0,2,0.0,false
java/gadgets/src/main/java/org/apache/shindig/gadgets/features/DefaultFeatureFile.java,56.0,6.0,0.0,14.0,11.0,31.0,0.0,zhoresh@13f79535-47bb-0310-9956-ffa450edef68,0,0.0,0.0,0.0,0.0,0.0,0.0,0.0,0,0,0.0,false
java/gadgets/src/main/java/org/apache/shindig/gadgets/features/DefaultFeatureFileSystem.java,11.0,2.0,1.0,2.0,1.0,5.0,0.0,zhoresh@13f79535-47bb-0310-9956-ffa450edef68,0,0.0,0.0,0.0,0.0,0.0,0.0,0.0,0,0,0.0,false
java/gadgets/src/main/java/org/apache/shindig/gadgets/features/DefaultFeatureRegistryProvider.java,15.0,4.0,0.0,2.0,0.0,5.0,0.0,zhoresh@13f79535-47bb-0310-9956-ffa450edef68,0,0.0,0.0,0.0,0.0,0.0,0.0,0.0,0,0,0.0,false
java/gadgets/src/main/java/org/apache/shindig/gadgets/features/FeatureFile.java,51.0,4.0,55.0,11.0,0.0,31.0,0.0,zhoresh@13f79535-47bb-0310-9956-ffa450edef68,0,0.0,0.0,0.0,0.0,0.0,0.0,0.0,0,0,0.0,false
java/gadgets/src/main/java/org/apache/shindig/gadgets/features/FeatureFileSystem.java,17.0,2.0,1.0,2.0,0.0,8.0,0.0,zhoresh@13f79535-47bb-0310-9956-ffa450edef68,0,0.0,0.0,0.0,0.0,0.0,0.0,0.0,0,0,0.0,false
java/gadgets/src/main/java/org/apache/shindig/gadgets/features/FeatureRegistry.java,489.0,33.0,132.0,20.0,135.0,80.0,1.0,lindner@13f79535-47bb-0310-9956-ffa450edef68,2,0.009708737864077669,6.0,3.0,0.0,3.0,517.9838056680162,2489.1373340993423,2,5,1.2554410680956303,true
java/gadgets/src/main/java/org/apache/shindig/gadgets/features/FeatureRegistryProvider.java,6.0,2.0,0.0,1.0,0.0,2.0,0.0,zhoresh@13f79535-47bb-0310-9956-ffa450edef68,0,0.0,0.0,0.0,0.0,0.0,0.0,0.0,0,0,0.0,false
java/gadgets/src/main/java/org/apache/shindig/gadgets/features/FeatureResourceLoader.java,223.0,14.0,41.0,10.0,18.0,33.0,0.0,null,0,0.0,0.0,0.0,0.0,0.0,0.0,0.0,0,5,0.0,false
java/gadgets/src/main/java/org/apache/shindig/gadgets/features/TestFeatureRegistry.java,119.0,15.0,2.0,4.0,3.0,10.0,0.0,johnh@13f79535-47bb-0310-9956-ffa450edef68,0,0.0,0.0,0.0,0.0,0.0,0.0,0.0,0,1,0.0,false
java/gadgets/src/main/java/org/apache/shindig/gadgets/http/BasicHttpFetcher.java,308.0,72.0,38.0,12.0,116.0,48.0,0.0,lindner@13f79535-47bb-0310-9956-ffa450edef68,0,0.0,0.0,0.0,0.0,0.0,0.0,0.0,0,6,0.0,true
java/gadgets/src/main/java/org/apache/shindig/gadgets/http/HttpResponseBuilder.java,247.0,18.0,379.0,34.0,84.0,84.0,16.0,lindner@13f79535-47bb-0310-9956-ffa450edef68,1,0.0048543689320388345,6.0,0.0,0.0,0.0,583.2093023255813,4549.373781350792,1,6,1.2886558915559745,true
java/gadgets/src/main/java/org/apache/shindig/gadgets/js/AddJslInfoVariableProcessor.java,40.0,10.0,4.0,4.0,18.0,11.0,1.0,null,1,0.0048543689320388345,25.0,0.0,0.0,0.0,315.3684210526316,2099.0812733195266,1,0,1.4122698475231512,false
java/gadgets/src/main/java/org/apache/shindig/gadgets/js/AddJslLoadedVariableProcessor.java,46.0,12.0,4.0,4.0,22.0,15.0,7.0,null,2,0.009708737864077669,38.0,25.0,0.0,0.0,380.54700854700855,1210.3595170036554,2,0,2.082643029816095,false
java/gadgets/src/main/java/org/apache/shindig/gadgets/js/AddOnloadFunctionProcessor.java,28.0,5.0,1.0,2.0,9.0,8.0,3.0,johnh@13f79535-47bb-0310-9956-ffa450edef68,1,0.0048543689320388345,22.0,22.0,11.0,11.0,315.3684210526316,2099.0812733195266,1,2,1.4122698475231512,false
java/gadgets/src/main/java/org/apache/shindig/gadgets/js/AnonFuncWrappingProcessor.java,9.0,1.0,0.0,1.0,4.0,4.0,0.0,johnh@13f79535-47bb-0310-9956-ffa450edef68,0,0.0,0.0,0.0,0.0,0.0,0.0,0.0,0,2,0.0,false
java/gadgets/src/main/java/org/apache/shindig/gadgets/js/CajaJsSubtractingProcessor.java,26.0,5.0,1.0,2.0,14.0,7.0,0.0,ssievers@13f79535-47bb-0310-9956-ffa450edef68,0,0.0,0.0,0.0,0.0,0.0,0.0,0.0,0,1,0.0,false
java/gadgets/src/main/java/org/apache/shindig/gadgets/js/CompilationProcessor.java,28.0,4.0,0.0,2.0,16.0,6.0,3.0,mhermanto@13f79535-47bb-0310-9956-ffa450edef68,1,0.0048543689320388345,10.0,0.0,0.0,0.0,238.76923076923075,866.0219585122696,1,4,2.9704144655697013,false
java/gadgets/src/main/java/org/apache/shindig/gadgets/js/ConfigInjectionProcessor.java,45.0,16.0,1.0,3.0,21.0,10.0,4.0,johnh@13f79535-47bb-0310-9956-ffa450edef68,3,0.014563106796116505,50.0,8.0,8.0,8.0,695.9154295996401,3309.440790323182,3,1,0.9286806243802812,false
java/gadgets/src/main/java/org/apache/shindig/gadgets/js/DefaultJsProcessorRegistry.java,21.0,3.0,0.0,2.0,1.0,6.0,6.0,johnh@13f79535-47bb-0310-9956-ffa450edef68,2,0.009708737864077669,40.0,0.0,0.0,20.0,457.1461988304094,2443.4188318109123,2,1,1.1213090747982908,true
java/gadgets/src/main/java/org/apache/shindig/gadgets/js/ExportJsProcessor.java,151.0,20.0,24.0,8.0,56.0,31.0,6.0,mhermanto@13f79535-47bb-0310-9956-ffa450edef68,4,0.019417475728155338,62.0,23.0,23.0,15.0,1279.1247319252213,7858.814571673974,4,0,0.6377436609806331,false
java/gadgets/src/main/java/org/apache/shindig/gadgets/js/GetJsContentProcessor.java,62.0,14.0,1.0,3.0,23.0,11.0,4.0,johnh@13f79535-47bb-0310-9956-ffa450edef68,1,0.0048543689320388345,8.0,8.0,0.0,0.0,141.77777777777777,344.33755849138566,1,4,2.216642663193321,false
java/gadgets/src/main/java/org/apache/shindig/gadgets/js/JsContent.java,33.0,2.0,0.0,7.0,0.0,13.0,3.0,mhermanto@13f79535-47bb-0310-9956-ffa450edef68,3,0.014563106796116505,33.0,11.0,11.0,22.0,505.1461988304094,2503.153519735254,3,2,1.7943105506538934,false
java/gadgets/src/main/java/org/apache/shindig/gadgets/js/JsLoadProcessor.java,53.0,9.0,4.0,5.0,19.0,16.0,8.0,johnh@13f79535-47bb-0310-9956-ffa450edef68,2,0.009708737864077669,25.0,0.0,0.0,0.0,554.1376518218624,2965.103231831796,2,2,1.4981949759864808,false
java/gadgets/src/main/java/org/apache/shindig/gadgets/js/JsRequestBuilder.java,33.0,6.0,4.0,4.0,5.0,10.0,5.0,johnh@13f79535-47bb-0310-9956-ffa450edef68,1,0.0048543689320388345,40.0,20.0,0.0,20.0,315.3684210526316,2099.0812733195266,1,2,1.4122698475231512,false
java/gadgets/src/main/java/org/apache/shindig/gadgets/js/JsResponse.java,89.0,2.0,29.0,10.0,8.0,25.0,0.0,mhermanto@13f79535-47bb-0310-9956-ffa450edef68,0,0.0,0.0,0.0,0.0,0.0,0.0,0.0,0,3,0.0,false
java/gadgets/src/main/java/org/apache/shindig/gadgets/js/JsResponseBuilder.java,210.0,5.0,168.0,25.0,47.0,59.0,9.0,mhermanto@13f79535-47bb-0310-9956-ffa450edef68,3,0.014563106796116505,18.0,6.0,6.0,12.0,946.577723378213,6708.189742594661,3,3,1.4849816267747777,false
java/gadgets/src/main/java/org/apache/shindig/gadgets/js/JsServingPipelineModule.java,13.0,6.0,3.0,3.0,2.0,6.0,5.0,mhermanto@13f79535-47bb-0310-9956-ffa450edef68,2,0.009708737864077669,38.0,15.0,15.0,15.0,457.1461988304094,2443.4188318109123,2,2,1.2218818699159963,true
java/gadgets/src/main/java/org/apache/shindig/gadgets/js/SeparatorCommentingProcessor.java,30.0,2.0,1.0,2.0,10.0,8.0,0.0,mhermanto@13f79535-47bb-0310-9956-ffa450edef68,0,0.0,0.0,0.0,0.0,0.0,0.0,0.0,0,2,0.0,false
java/gadgets/src/main/java/org/apache/shindig/gadgets/parse/GadgetHtmlParser.java,273.0,20.0,133.0,18.0,103.0,55.0,0.0,null,0,0.0,0.0,0.0,0.0,0.0,0.0,0.0,0,5,0.0,true
java/gadgets/src/main/java/org/apache/shindig/gadgets/parse/caja/CajaHtmlParser.java,80.0,25.0,28.0,8.0,29.0,25.0,0.0,null,0,0.0,0.0,0.0,0.0,0.0,0.0,0.0,0,4,0.0,true
java/gadgets/src/main/java/org/apache/shindig/gadgets/parse/caja/CajaHtmlSerializer.java,14.0,4.0,0.0,1.0,2.0,4.0,0.0,jasvir@13f79535-47bb-0310-9956-ffa450edef68,0,0.0,0.0,0.0,0.0,0.0,0.0,0.0,0,1,0.0,true
java/gadgets/src/main/java/org/apache/shindig/gadgets/parse/caja/VanillaCajaHtmlSerializer.java,19.0,9.0,0.0,1.0,7.0,4.0,0.0,lindner@13f79535-47bb-0310-9956-ffa450edef68,0,0.0,0.0,0.0,0.0,0.0,0.0,0.0,0,1,0.0,false
java/gadgets/src/main/java/org/apache/shindig/gadgets/parse/nekohtml/NekoSimplifiedHtmlParser.java,335.0,36.0,21.0,7.0,37.0,23.0,11.0,lindner@13f79535-47bb-0310-9956-ffa450edef68,1,0.0048543689320388345,10.0,0.0,0.0,10.0,583.2093023255813,4549.373781350792,1,1,1.2886558915559745,false
java/gadgets/src/main/java/org/apache/shindig/gadgets/process/Processor.java,77.0,18.0,2.0,4.0,24.0,16.0,15.0,null,1,0.0048543689320388345,8.0,0.0,0.0,0.0,238.76923076923075,866.0219585122696,1,2,2.9704144655697013,true
java/gadgets/src/main/java/org/apache/shindig/gadgets/render/Renderer.java,84.0,16.0,2.0,4.0,33.0,14.0,0.0,null,0,0.0,0.0,0.0,0.0,0.0,0.0,0.0,0,3,0.0,false
java/gadgets/src/main/java/org/apache/shindig/gadgets/render/RenderingGadgetRewriter.java,279.0,54.0,145.0,19.0,151.0,56.0,9.0,null,3,0.014563106796116505,7.0,2.0,2.0,0.0,558.1376518218624,2969.8376847519426,3,4,1.5834696977393898,true
java/gadgets/src/main/java/org/apache/shindig/gadgets/rewrite/CacheEnforcementVisitor.java,102.0,17.0,20.0,8.0,30.0,27.0,2.0,gagan@13f79535-47bb-0310-9956-ffa450edef68,1,0.0048543689320388345,17.0,17.0,17.0,0.0,86.0,116.9337277173416,1,5,3.951243718581427,true
java/gadgets/src/main/java/org/apache/shindig/gadgets/rewrite/PipelineDataGadgetRewriter.java,71.0,17.0,1.0,3.0,36.0,10.0,0.0,lindner@13f79535-47bb-0310-9956-ffa450edef68,0,0.0,0.0,0.0,0.0,0.0,0.0,0.0,0,1,0.0,false
java/gadgets/src/main/java/org/apache/shindig/gadgets/rewrite/ResponseRewriterList.java,0.0,0.0,0.0,0.0,0.0,0.0,0.0,ssievers@13f79535-47bb-0310-9956-ffa450edef68,0,0.0,0.0,0.0,0.0,0.0,0.0,0.0,0,2,0.0,false
java/gadgets/src/main/java/org/apache/shindig/gadgets/rewrite/TemplateRewriter.java,255.0,45.0,45.0,11.0,110.0,44.0,0.0,lindner@13f79535-47bb-0310-9956-ffa450edef68,0,0.0,0.0,0.0,0.0,0.0,0.0,0.0,0,3,0.0,false
java/gadgets/src/main/java/org/apache/shindig/gadgets/rewrite/js/DefaultJsCompiler.java,26.0,8.0,3.0,3.0,12.0,9.0,0.0,johnh@13f79535-47bb-0310-9956-ffa450edef68,0,0.0,0.0,0.0,0.0,0.0,0.0,0.0,0,4,0.0,false
java/gadgets/src/main/java/org/apache/shindig/gadgets/rewrite/js/JsCompiler.java,20.0,5.0,1.0,2.0,0.0,4.0,0.0,mhermanto@13f79535-47bb-0310-9956-ffa450edef68,0,0.0,0.0,0.0,0.0,0.0,0.0,0.0,0,4,0.0,false
java/gadgets/src/main/java/org/apache/shindig/gadgets/servlet/AccelHandler.java,97.0,24.0,6.0,5.0,32.0,21.0,16.0,johnh@13f79535-47bb-0310-9956-ffa450edef68,1,0.0048543689320388345,5.0,0.0,0.0,0.0,583.2093023255813,4549.373781350792,1,10,1.2886558915559745,true
java/gadgets/src/main/java/org/apache/shindig/gadgets/servlet/CajaContentRewriter.java,265.0,70.0,90.0,16.0,134.0,52.0,8.0,null,2,0.009708737864077669,9.0,0.0,0.0,6.0,611.2093023255813,4555.0493856959065,2,11,1.9651021542381666,true
java/gadgets/src/main/java/org/apache/shindig/gadgets/servlet/ConcatProxyServlet.java,257.0,36.0,26.0,9.0,48.0,29.0,4.0,lindner@13f79535-47bb-0310-9956-ffa450edef68,1,0.0048543689320388345,3.0,0.0,3.0,0.0,86.0,116.9337277173416,1,13,3.951243718581427,true
java/gadgets/src/main/java/org/apache/shindig/gadgets/servlet/GadgetsHandler.java,466.0,32.0,252.0,28.0,47.0,84.0,0.0,zhoresh@13f79535-47bb-0310-9956-ffa450edef68,0,0.0,0.0,0.0,0.0,0.0,0.0,0.0,0,4,0.0,false
java/gadgets/src/main/java/org/apache/shindig/gadgets/servlet/GadgetsHandlerApi.java,68.0,6.0,0.0,2.0,0.0,3.0,0.0,null,0,0.0,0.0,0.0,0.0,0.0,0.0,0.0,0,5,0.0,true
java/gadgets/src/main/java/org/apache/shindig/gadgets/servlet/GadgetsHandlerService.java,324.0,55.0,43.0,22.0,182.0,74.0,4.0,zhoresh@13f79535-47bb-0310-9956-ffa450edef68,1,0.0048543689320388345,2.0,0.0,0.0,2.0,583.2093023255813,4549.373781350792,1,12,1.2886558915559745,true
java/gadgets/src/main/java/org/apache/shindig/gadgets/servlet/HttpGadgetContext.java,218.0,12.0,224.0,25.0,45.0,71.0,15.0,lindner@13f79535-47bb-0310-9956-ffa450edef68,1,0.0048543689320388345,8.0,0.0,0.0,0.0,238.76923076923075,866.0219585122696,1,1,2.9704144655697013,true
java/gadgets/src/main/java/org/apache/shindig/gadgets/servlet/MakeRequestHandler.java,211.0,33.0,47.0,11.0,80.0,45.0,0.0,null,0,0.0,0.0,0.0,0.0,0.0,0.0,0.0,0,5,0.0,true
java/gadgets/src/main/java/org/apache/shindig/gadgets/servlet/ProxyHandler.java,94.0,22.0,13.0,6.0,35.0,23.0,3.0,johnh@13f79535-47bb-0310-9956-ffa450edef68,2,0.009708737864077669,7.0,0.0,3.0,0.0,288.61538461538464,506.989788497157,2,9,2.524928003624768,true
java/gadgets/src/main/java/org/apache/shindig/gadgets/servlet/RpcSwfServlet.java,47.0,12.0,2.0,5.0,11.0,13.0,0.0,ssievers@13f79535-47bb-0310-9956-ffa450edef68,0,0.0,0.0,0.0,0.0,0.0,0.0,0.0,0,1,0.0,false
java/gadgets/src/main/java/org/apache/shindig/gadgets/spec/Feature.java,116.0,11.0,0.0,10.0,31.0,27.0,0.0,ssievers@13f79535-47bb-0310-9956-ffa450edef68,0,0.0,0.0,0.0,0.0,0.0,0.0,0.0,0,0,0.0,false
java/gadgets/src/main/java/org/apache/shindig/gadgets/spec/LocaleSpec.java,90.0,9.0,6.0,9.0,24.0,23.0,0.0,ssievers@13f79535-47bb-0310-9956-ffa450edef68,0,0.0,0.0,0.0,0.0,0.0,0.0,0.0,0,0,0.0,false
java/gadgets/src/main/java/org/apache/shindig/gadgets/spec/ModulePrefs.java,664.0,30.0,965.0,46.0,97.0,120.0,11.0,lindner@13f79535-47bb-0310-9956-ffa450edef68,1,0.0048543689320388345,6.0,0.0,0.0,6.0,583.2093023255813,4549.373781350792,1,1,1.2886558915559745,false
java/gadgets/src/main/java/org/apache/shindig/gadgets/uri/ConcatUriManager.java,141.0,7.0,20.0,9.0,6.0,24.0,6.0,johnh@13f79535-47bb-0310-9956-ffa450edef68,1,0.0048543689320388345,8.0,0.0,8.0,0.0,86.0,116.9337277173416,1,5,3.951243718581427,true
java/gadgets/src/main/java/org/apache/shindig/gadgets/uri/DefaultConcatUriManager.java,187.0,14.0,54.0,13.0,76.0,39.0,10.0,lindner@13f79535-47bb-0310-9956-ffa450edef68,4,0.019417475728155338,22.0,4.0,4.0,9.0,1545.3469541474437,10254.325574447883,4,5,0.6878828795038574,true
java/gadgets/src/main/java/org/apache/shindig/gadgets/uri/DefaultIframeUriManager.java,235.0,22.0,123.0,19.0,88.0,49.0,9.0,null,4,0.019417475728155338,13.0,3.0,0.0,7.0,1661.9623387628283,10527.447907510355,4,6,0.45003479843523375,true
java/gadgets/src/main/java/org/apache/shindig/gadgets/uri/DefaultJsUriManager.java,146.0,17.0,20.0,9.0,55.0,26.0,8.0,null,4,0.019417475728155338,23.0,3.0,3.0,6.0,1698.1161849166745,11003.413805242812,4,4,0.42925431776307166,true
java/gadgets/src/main/java/org/apache/shindig/gadgets/uri/DefaultProxyUriManager.java,174.0,20.0,5.0,7.0,59.0,26.0,10.0,lindner@13f79535-47bb-0310-9956-ffa450edef68,4,0.019417475728155338,16.0,3.0,3.0,6.0,1545.3469541474437,10254.325574447883,4,3,0.6878828795038574,true
java/gadgets/src/main/java/org/apache/shindig/gadgets/uri/JsUriManager.java,176.0,10.0,1.0,2.0,0.0,7.0,3.0,null,3,0.014563106796116505,14.0,0.0,5.0,0.0,558.1376518218624,2969.8376847519426,3,2,1.5834696977393898,false
java/gadgets/src/main/java/org/apache/shindig/gadgets/uri/ProxyUriBase.java,225.0,14.0,153.0,26.0,52.0,67.0,2.0,johnh@13f79535-47bb-0310-9956-ffa450edef68,1,0.0048543689320388345,9.0,0.0,0.0,0.0,315.3684210526316,2099.0812733195266,1,4,1.4122698475231512,false
java/gadgets/src/main/java/org/apache/shindig/gadgets/uri/ProxyUriManager.java,169.0,11.0,1.0,2.0,0.0,6.0,6.0,johnh@13f79535-47bb-0310-9956-ffa450edef68,1,0.0048543689320388345,7.0,0.0,7.0,0.0,86.0,116.9337277173416,1,7,3.951243718581427,true
java/gadgets/src/main/java/org/apache/shindig/gadgets/uri/UriCommon.java,16.0,0.0,0.0,2.0,0.0,3.0,0.0,null,0,0.0,0.0,0.0,0.0,0.0,0.0,0.0,0,2,0.0,false
java/gadgets/src/main/java/org/apache/shindig/gadgets/variables/BidiSubstituter.java,26.0,6.0,0.0,2.0,8.0,3.0,0.0,ssievers@13f79535-47bb-0310-9956-ffa450edef68,0,0.0,0.0,0.0,0.0,0.0,0.0,0.0,0,0,0.0,false
java/gadgets/src/main/java/org/apache/shindig/gadgets/variables/MessageSubstituter.java,14.0,6.0,0.0,2.0,7.0,3.0,0.0,ssievers@13f79535-47bb-0310-9956-ffa450edef68,0,0.0,0.0,0.0,0.0,0.0,0.0,0.0,0,0,0.0,false
java/gadgets/src/main/java15/org/apache/shindig/gadgets/js/JsCompilerModule.java,7.0,1.0,0.0,1.0,0.0,1.0,16.0,null,1,0.0048543689320388345,20.0,0.0,0.0,0.0,583.2093023255813,4549.373781350792,1,1,1.2886558915559745,false
java/gadgets/src/main/java16/org/apache/shindig/gadgets/js/JsCompilerModule.java,7.0,1.0,0.0,1.0,0.0,1.0,16.0,lindner@13f79535-47bb-0310-9956-ffa450edef68,1,0.0048543689320388345,12.0,0.0,0.0,0.0,583.2093023255813,4549.373781350792,1,2,1.2886558915559745,false
java/gadgets/src/main/java16/org/apache/shindig/gadgets/rewrite/js/ClosureJsCompiler.java,258.0,36.0,166.0,20.0,79.0,48.0,6.0,null,3,0.014563106796116505,18.0,0.0,0.0,3.0,1137.3469541474437,7514.477013182589,3,7,0.8584401441810612,false
java/gadgets/src/test/java/org/apache/shindig/gadgets/DefaultMessageBundleFactoryTest.java,197.0,23.0,0.0,17.0,119.0,42.0,0.0,lindner@13f79535-47bb-0310-9956-ffa450edef68,0,0.0,0.0,0.0,0.0,0.0,0.0,0.0,0,1,0.0,false
java/gadgets/src/test/java/org/apache/shindig/gadgets/GadgetTest.java,73.0,13.0,0.0,4.0,69.0,14.0,0.0,ssievers@13f79535-47bb-0310-9956-ffa450edef68,0,0.0,0.0,0.0,0.0,0.0,0.0,0.0,0,0,0.0,false
java/gadgets/src/test/java/org/apache/shindig/gadgets/HashLockedDomainServiceTest.java,148.0,18.0,0.0,10.0,70.0,20.0,0.0,lindner@13f79535-47bb-0310-9956-ffa450edef68,0,0.0,0.0,0.0,0.0,0.0,0.0,0.0,0,0,0.0,false
java/gadgets/src/test/java/org/apache/shindig/gadgets/JsCompileModeTest.java,8.0,2.0,0.0,1.0,2.0,1.0,0.0,ssievers@13f79535-47bb-0310-9956-ffa450edef68,0,0.0,0.0,0.0,0.0,0.0,0.0,0.0,0,0,0.0,false
java/gadgets/src/test/java/org/apache/shindig/gadgets/config/DefaultConfigProcessorTest.java,65.0,16.0,0.0,6.0,35.0,14.0,2.0,ssievers@13f79535-47bb-0310-9956-ffa450edef68,1,0.0048543689320388345,33.0,0.0,0.0,0.0,315.3684210526316,2099.0812733195266,1,0,1.4122698475231512,false
java/gadgets/src/test/java/org/apache/shindig/gadgets/features/FeatureResourceLoaderTest.java,160.0,26.0,0.0,15.0,131.0,33.0,16.0,ssievers@13f79535-47bb-0310-9956-ffa450edef68,1,0.0048543689320388345,12.0,0.0,0.0,0.0,583.2093023255813,4549.373781350792,1,1,1.2886558915559745,false
java/gadgets/src/test/java/org/apache/shindig/gadgets/js/AddJslInfoVariableProcessorTest.java,55.0,12.0,0.0,5.0,37.0,14.0,2.0,ssievers@13f79535-47bb-0310-9956-ffa450edef68,2,0.009708737864077669,33.0,0.0,17.0,0.0,457.1461988304094,2443.4188318109123,2,0,1.1213090747982908,false
java/gadgets/src/test/java/org/apache/shindig/gadgets/js/AddJslLoadedVariableProcessorTest.java,70.0,19.0,0.0,8.0,39.0,18.0,7.0,zhoresh@13f79535-47bb-0310-9956-ffa450edef68,2,0.009708737864077669,50.0,33.0,0.0,0.0,380.54700854700855,1210.3595170036554,2,0,2.082643029816095,false
java/gadgets/src/test/java/org/apache/shindig/gadgets/js/AddOnloadFunctionProcessorTest.java,65.0,7.0,0.0,6.0,58.0,19.0,5.0,johnh@13f79535-47bb-0310-9956-ffa450edef68,1,0.0048543689320388345,20.0,20.0,20.0,20.0,315.3684210526316,2099.0812733195266,1,2,1.4122698475231512,false
java/gadgets/src/test/java/org/apache/shindig/gadgets/js/AnonFuncWrappingProcessorTest.java,29.0,8.0,6.0,4.0,17.0,10.0,0.0,ssievers@13f79535-47bb-0310-9956-ffa450edef68,0,0.0,0.0,0.0,0.0,0.0,0.0,0.0,0,2,0.0,false
java/gadgets/src/test/java/org/apache/shindig/gadgets/js/CajaJsSubtractingProcessorTest.java,57.0,17.0,0.0,6.0,42.0,14.0,8.0,mhermanto@13f79535-47bb-0310-9956-ffa450edef68,1,0.0048543689320388345,17.0,17.0,17.0,0.0,48.0,59.734687924342055,1,1,5.049856007249537,false
java/gadgets/src/test/java/org/apache/shindig/gadgets/js/CompilationProcessorTest.java,51.0,19.0,0.0,4.0,57.0,11.0,5.0,mhermanto@13f79535-47bb-0310-9956-ffa450edef68,2,0.009708737864077669,15.0,8.0,8.0,0.0,286.7692307692307,925.7566464366117,2,3,3.3169880558496736,false
java/gadgets/src/test/java/org/apache/shindig/gadgets/js/ConfigInjectionProcessorTest.java,198.0,26.0,86.0,20.0,133.0,51.0,5.0,johnh@13f79535-47bb-0310-9956-ffa450edef68,3,0.014563106796116505,50.0,12.0,12.0,0.0,695.9154295996401,3309.440790323182,3,1,0.9631784351124135,false
java/gadgets/src/test/java/org/apache/shindig/gadgets/js/DefaultJsProcessorRegistryTest.java,51.0,6.0,0.0,5.0,24.0,14.0,4.0,johnh@13f79535-47bb-0310-9956-ffa450edef68,1,0.0048543689320388345,12.0,0.0,0.0,0.0,141.77777777777777,344.33755849138566,1,3,2.216642663193321,true
java/gadgets/src/test/java/org/apache/shindig/gadgets/js/ExportJsProcessorTest.java,136.0,23.0,61.0,14.0,94.0,31.0,5.0,mhermanto@13f79535-47bb-0310-9956-ffa450edef68,4,0.019417475728155338,69.0,31.0,38.0,8.0,743.9154295996401,3369.1754782475236,4,0,1.042807885216636,false
java/gadgets/src/test/java/org/apache/shindig/gadgets/js/GetJsContentProcessorTest.java,121.0,22.0,0.0,12.0,86.0,28.0,6.0,mhermanto@13f79535-47bb-0310-9956-ffa450edef68,2,0.009708737864077669,14.0,14.0,7.0,0.0,189.77777777777777,404.0722464157277,2,4,2.9401021546614836,false
java/gadgets/src/test/java/org/apache/shindig/gadgets/js/JsLoadProcessorTest.java,80.0,9.0,0.0,8.0,55.0,23.0,15.0,mhermanto@13f79535-47bb-0310-9956-ffa450edef68,1,0.0048543689320388345,14.0,0.0,0.0,0.0,238.76923076923075,866.0219585122696,1,2,2.9704144655697013,false
java/gadgets/src/test/java/org/apache/shindig/gadgets/js/JsResponseBuilderTest.java,29.0,4.0,0.0,3.0,15.0,6.0,8.0,ssievers@13f79535-47bb-0310-9956-ffa450edef68,1,0.0048543689320388345,25.0,25.0,25.0,0.0,48.0,59.734687924342055,1,0,5.049856007249537,false
java/gadgets/src/test/java/org/apache/shindig/gadgets/js/SeparatorCommentingProcessorTest.java,85.0,11.0,0.0,9.0,65.0,24.0,8.0,ssievers@13f79535-47bb-0310-9956-ffa450edef68,1,0.0048543689320388345,25.0,25.0,25.0,0.0,48.0,59.734687924342055,1,2,5.049856007249537,false
java/gadgets/src/test/java/org/apache/shindig/gadgets/parse/HtmlSerializationTest.java,26.0,10.0,0.0,3.0,11.0,11.0,0.0,jasvir@13f79535-47bb-0310-9956-ffa450edef68,0,0.0,0.0,0.0,0.0,0.0,0.0,0.0,0,2,0.0,false
java/gadgets/src/test/java/org/apache/shindig/gadgets/parse/caja/VanillaCajaHtmlSerializerTest.java,21.0,5.0,0.0,3.0,8.0,9.0,0.0,ssievers@13f79535-47bb-0310-9956-ffa450edef68,0,0.0,0.0,0.0,0.0,0.0,0.0,0.0,0,1,0.0,false
java/gadgets/src/test/java/org/apache/shindig/gadgets/process/ProcessorTest.java,135.0,23.0,19.0,18.0,49.0,45.0,15.0,zhoresh@13f79535-47bb-0310-9956-ffa450edef68,1,0.0048543689320388345,12.0,0.0,0.0,0.0,238.76923076923075,866.0219585122696,1,0,2.9704144655697013,true
java/gadgets/src/test/java/org/apache/shindig/gadgets/render/FakeMessageBundleFactory.java,12.0,5.0,0.0,1.0,3.0,3.0,0.0,ssievers@13f79535-47bb-0310-9956-ffa450edef68,0,0.0,0.0,0.0,0.0,0.0,0.0,0.0,0,0,0.0,false
java/gadgets/src/test/java/org/apache/shindig/gadgets/render/RenderingGadgetRewriterTest.java,621.0,66.0,1518.0,61.0,395.0,168.0,9.0,lindner@13f79535-47bb-0310-9956-ffa450edef68,2,0.009708737864077669,8.0,0.0,0.0,4.0,821.9785330948121,5415.395739863062,2,1,1.4363879980028926,true
java/gadgets/src/test/java/org/apache/shindig/gadgets/rewrite/CacheEnforcementVisitorTest.java,129.0,27.0,0.0,14.0,102.0,31.0,2.0,gagan@13f79535-47bb-0310-9956-ffa450edef68,1,0.0048543689320388345,12.0,12.0,12.0,0.0,86.0,116.9337277173416,1,4,3.951243718581427,true
java/gadgets/src/test/java/org/apache/shindig/gadgets/servlet/CajaContentRewriterTest.java,95.0,28.0,41.0,10.0,57.0,26.0,16.0,null,1,0.0048543689320388345,9.0,0.0,0.0,0.0,583.2093023255813,4549.373781350792,1,2,1.2886558915559745,false
java/gadgets/src/test/java/org/apache/shindig/gadgets/servlet/FakeProcessor.java,53.0,13.0,1.0,3.0,9.0,7.0,0.0,null,0,0.0,0.0,0.0,0.0,0.0,0.0,0.0,0,2,0.0,false
java/gadgets/src/test/java/org/apache/shindig/gadgets/servlet/GadgetsHandlerServiceTest.java,438.0,40.0,0.0,39.0,424.0,94.0,10.0,zhoresh@13f79535-47bb-0310-9956-ffa450edef68,1,0.0048543689320388345,3.0,3.0,0.0,0.0,315.3684210526316,2099.0812733195266,1,7,1.4122698475231512,true
java/gadgets/src/test/java/org/apache/shindig/gadgets/servlet/GadgetsHandlerTest.java,460.0,52.0,0.0,34.0,390.0,91.0,10.0,null,1,0.0048543689320388345,3.0,3.0,0.0,0.0,315.3684210526316,2099.0812733195266,1,6,1.4122698475231512,false
java/gadgets/src/test/java/org/apache/shindig/gadgets/servlet/JsServletTest.java,134.0,27.0,0.0,11.0,131.0,36.0,8.0,johnh@13f79535-47bb-0310-9956-ffa450edef68,4,0.019417475728155338,29.0,7.0,0.0,7.0,1279.1247319252213,7858.814571673974,4,3,0.5857013558406463,true
java/gadgets/src/test/java/org/apache/shindig/gadgets/servlet/MakeRequestHandlerTest.java,381.0,32.0,249.0,39.0,398.0,84.0,0.0,null,0,0.0,0.0,0.0,0.0,0.0,0.0,0.0,0,4,0.0,true
java/gadgets/src/test/java/org/apache/shindig/gadgets/servlet/MakeRequestServletTest.java,84.0,16.0,1.0,10.0,77.0,22.0,0.0,null,0,0.0,0.0,0.0,0.0,0.0,0.0,0.0,0,1,0.0,false
java/gadgets/src/test/java/org/apache/shindig/gadgets/servlet/ProxyHandlerTest.java,298.0,32.0,0.0,28.0,228.0,74.0,4.0,johnh@13f79535-47bb-0310-9956-ffa450edef68,1,0.0048543689320388345,5.0,0.0,5.0,0.0,86.0,116.9337277173416,1,9,3.951243718581427,false
java/gadgets/src/test/java/org/apache/shindig/gadgets/spec/FeatureTest.java,65.0,6.0,21.0,7.0,34.0,15.0,0.0,ssievers@13f79535-47bb-0310-9956-ffa450edef68,0,0.0,0.0,0.0,0.0,0.0,0.0,0.0,0,0,0.0,false
java/gadgets/src/test/java/org/apache/shindig/gadgets/spec/LocaleSpecTest.java,60.0,4.0,0.0,8.0,43.0,16.0,0.0,ssievers@13f79535-47bb-0310-9956-ffa450edef68,0,0.0,0.0,0.0,0.0,0.0,0.0,0.0,0,0,0.0,false
java/gadgets/src/test/java/org/apache/shindig/gadgets/spec/ModulePrefsTest.java,199.0,13.0,0.0,19.0,148.0,39.0,0.0,lindner@13f79535-47bb-0310-9956-ffa450edef68,0,0.0,0.0,0.0,0.0,0.0,0.0,0.0,0,0,0.0,false
java/gadgets/src/test/java/org/apache/shindig/gadgets/uri/DefaultConcatUriManagerTest.java,379.0,20.0,890.0,45.0,291.0,76.0,6.0,lindner@13f79535-47bb-0310-9956-ffa450edef68,1,0.0048543689320388345,7.0,0.0,7.0,0.0,86.0,116.9337277173416,1,3,3.951243718581427,true
java/gadgets/src/test/java/org/apache/shindig/gadgets/uri/DefaultIframeUriManagerTest.java,472.0,31.0,121.0,34.0,351.0,70.0,3.0,null,1,0.0048543689320388345,7.0,0.0,0.0,7.0,202.6153846153846,390.0560607798154,1,1,2.4849066497880004,true
java/gadgets/src/test/java/org/apache/shindig/gadgets/uri/DefaultJsUriManagerTest.java,324.0,21.0,0.0,28.0,281.0,48.0,3.0,null,2,0.009708737864077669,9.0,0.0,5.0,0.0,554.1376518218624,2965.103231831796,2,4,1.4981949759864808,true
java/gadgets/src/test/java/org/apache/shindig/gadgets/uri/DefaultProxyUriManagerTest.java,366.0,16.0,880.0,45.0,276.0,113.0,6.0,johnh@13f79535-47bb-0310-9956-ffa450edef68,1,0.0048543689320388345,6.0,0.0,6.0,0.0,86.0,116.9337277173416,1,2,3.951243718581427,true
java/gadgets/src/test/java/org/apache/shindig/gadgets/uri/JsUriManagerTest.java,68.0,14.0,0.0,5.0,55.0,10.0,4.0,mhermanto@13f79535-47bb-0310-9956-ffa450edef68,1,0.0048543689320388345,12.0,0.0,0.0,12.0,583.2093023255813,4549.373781350792,1,0,1.2886558915559745,false
java/gadgets/src/test/java/org/apache/shindig/gadgets/uri/UriManagerTestBase.java,71.0,19.0,0.0,5.0,44.0,13.0,0.0,lindner@13f79535-47bb-0310-9956-ffa450edef68,0,0.0,0.0,0.0,0.0,0.0,0.0,0.0,0,2,0.0,false
java/gadgets/src/test/java/org/apache/shindig/gadgets/variables/VariableSubstituterTest.java,48.0,13.0,19.0,7.0,25.0,17.0,0.0,lindner@13f79535-47bb-0310-9956-ffa450edef68,0,0.0,0.0,0.0,0.0,0.0,0.0,0.0,0,0,0.0,false
java/gadgets/src/test/java16/org/apache/shindig/gadgets/rewrite/js/ClosureJsCompilerTest.java,169.0,26.0,81.0,19.0,129.0,41.0,6.0,null,2,0.009708737864077669,18.0,0.0,0.0,9.0,821.9785330948121,5415.395739863062,2,3,1.4363879980028926,false
java/server/src/test/java/org/apache/shindig/server/endtoend/EndToEndTest.java,252.0,37.0,699.0,39.0,100.0,92.0,2.0,null,1,0.0048543689320388345,4.0,0.0,4.0,0.0,560.7692307692308,3488.936792060222,1,4,2.159484249353372,true
java/social-api/src/main/java/org/apache/shindig/social/core/config/SocialApiGuiceModule.java,30.0,28.0,1.0,2.0,12.0,4.0,0.0,lindner@13f79535-47bb-0310-9956-ffa450edef68,0,0.0,0.0,0.0,0.0,0.0,0.0,0.0,0,0,0.0,false
java/social-api/src/main/java/org/apache/shindig/social/core/model/ActivityEntryImpl.java,222.0,5.0,466.0,32.0,2.0,51.0,11.0,woodser@13f79535-47bb-0310-9956-ffa450edef68,1,0.0048543689320388345,45.0,9.0,9.0,0.0,560.7692307692308,3488.936792060222,1,1,2.159484249353372,false
java/social-api/src/main/java/org/apache/shindig/social/core/model/ActivityObjectImpl.java,193.0,5.0,378.0,29.0,0.0,43.0,17.0,woodser@13f79535-47bb-0310-9956-ffa450edef68,1,0.0048543689320388345,38.0,12.0,12.0,0.0,560.7692307692308,3488.936792060222,1,1,2.159484249353372,false
java/social-api/src/main/java/org/apache/shindig/social/core/model/EmbeddedExperienceImpl.java,62.0,1.0,28.0,9.0,0.0,13.0,9.0,hsaputra@13f79535-47bb-0310-9956-ffa450edef68,2,0.009708737864077669,50.0,25.0,0.0,0.0,1143.978533094812,8038.310573411014,2,0,1.030922889894728,false
java/social-api/src/main/java/org/apache/shindig/social/core/model/MediaLinkImpl.java,76.0,3.0,45.0,11.0,0.0,16.0,9.0,woodser@13f79535-47bb-0310-9956-ffa450edef68,1,0.0048543689320388345,33.0,0.0,17.0,0.0,560.7692307692308,3488.936792060222,1,1,2.159484249353372,false
java/social-api/src/main/java/org/apache/shindig/social/core/oauth/OAuthAuthenticationHandler.java,141.0,25.0,52.0,12.0,47.0,47.0,0.0,lindner@13f79535-47bb-0310-9956-ffa450edef68,0,0.0,0.0,0.0,0.0,0.0,0.0,0.0,0,0,0.0,false
java/social-api/src/main/java/org/apache/shindig/social/core/oauth/OAuthValidatorProvider.java,12.0,6.0,0.0,2.0,1.0,3.0,0.0,hsaputra@13f79535-47bb-0310-9956-ffa450edef68,0,0.0,0.0,0.0,0.0,0.0,0.0,0.0,0,0,0.0,false
java/social-api/src/main/java/org/apache/shindig/social/core/util/atom/AtomEntry.java,68.0,7.0,1.0,2.0,12.0,6.0,33.0,woodser@13f79535-47bb-0310-9956-ffa450edef68,1,0.0048543689320388345,14.0,14.0,0.0,0.0,560.7692307692308,3488.936792060222,1,1,2.159484249353372,true
java/social-api/src/main/java/org/apache/shindig/social/core/util/xstream/XStream081Configuration.java,115.0,61.0,8.0,5.0,14.0,9.0,20.0,lindner@13f79535-47bb-0310-9956-ffa450edef68,1,0.0048543689320388345,19.0,6.0,0.0,0.0,560.7692307692308,3488.936792060222,1,1,2.159484249353372,true
java/social-api/src/main/java/org/apache/shindig/social/opensocial/model/ActivityEntry.java,176.0,4.0,494.0,32.0,0.0,51.0,13.0,woodser@13f79535-47bb-0310-9956-ffa450edef68,1,0.0048543689320388345,36.0,9.0,0.0,0.0,560.7692307692308,3488.936792060222,1,1,2.159484249353372,false
java/social-api/src/main/java/org/apache/shindig/social/opensocial/model/ActivityObject.java,166.0,5.0,433.0,30.0,0.0,47.0,24.0,woodser@13f79535-47bb-0310-9956-ffa450edef68,1,0.0048543689320388345,29.0,14.0,0.0,0.0,560.7692307692308,3488.936792060222,1,1,2.159484249353372,false
java/social-api/src/main/java/org/apache/shindig/social/opensocial/model/EmbeddedExperience.java,66.0,3.0,43.0,10.0,0.0,22.0,9.0,hsaputra@13f79535-47bb-0310-9956-ffa450edef68,2,0.009708737864077669,50.0,25.0,0.0,0.0,1143.978533094812,8038.310573411014,2,0,1.030922889894728,false
java/social-api/src/main/java/org/apache/shindig/social/opensocial/model/MediaLink.java,76.0,4.0,64.0,12.0,0.0,21.0,24.0,woodser@13f79535-47bb-0310-9956-ffa450edef68,1,0.0048543689320388345,33.0,17.0,0.0,0.0,560.7692307692308,3488.936792060222,1,1,2.159484249353372,false
java/social-api/src/main/java/org/apache/shindig/social/opensocial/spi/ActivityStreamService.java,78.0,6.0,15.0,6.0,0.0,30.0,33.0,woodser@13f79535-47bb-0310-9956-ffa450edef68,1,0.0048543689320388345,20.0,20.0,0.0,0.0,560.7692307692308,3488.936792060222,1,1,2.159484249353372,false
java/social-api/src/main/java/org/apache/shindig/social/sample/oauth/SampleOAuthServlet.java,178.0,23.0,29.0,11.0,75.0,35.0,0.0,lindner@13f79535-47bb-0310-9956-ffa450edef68,0,0.0,0.0,0.0,0.0,0.0,0.0,0.0,0,0,0.0,false
java/social-api/src/main/java/org/apache/shindig/social/sample/spi/JsonDbOpensocialService.java,1034.0,44.0,0.0,49.0,430.0,265.0,17.0,lindner@13f79535-47bb-0310-9956-ffa450edef68,2,0.009708737864077669,11.0,4.0,0.0,0.0,1143.978533094812,8038.310573411014,2,3,1.23269396179276,true
java/social-api/src/test/java/org/apache/shindig/social/SocialApiTestsGuiceModule.java,26.0,25.0,0.0,1.0,7.0,1.0,17.0,lindner@13f79535-47bb-0310-9956-ffa450edef68,1,0.0048543689320388345,11.0,11.0,0.0,0.0,560.7692307692308,3488.936792060222,1,0,2.159484249353372,false
java/social-api/src/test/java/org/apache/shindig/social/core/oauth/OAuthAuthenticationHanderTest.java,270.0,23.0,33.0,27.0,176.0,88.0,0.0,null,0,0.0,0.0,0.0,0.0,0.0,0.0,0.0,0,0,0.0,false
java/social-api/src/test/java/org/apache/shindig/social/dataservice/integration/RestfulAtomActivityEntryTest.java,18.0,2.0,1.0,3.0,8.0,6.0,33.0,woodser@13f79535-47bb-0310-9956-ffa450edef68,1,0.0048543689320388345,14.0,14.0,0.0,0.0,560.7692307692308,3488.936792060222,1,3,2.159484249353372,false
java/social-api/src/test/java/org/apache/shindig/social/dataservice/integration/RestfulJsonActivityEntryTest.java,60.0,2.0,0.0,8.0,32.0,16.0,24.0,null,1,0.0048543689320388345,20.0,10.0,0.0,0.0,560.7692307692308,3488.936792060222,1,2,2.159484249353372,false
java/social-api/src/test/java/org/apache/shindig/social/dataservice/integration/RestfulXmlActivityEntryTest.java,18.0,2.0,1.0,3.0,8.0,6.0,33.0,lindner@13f79535-47bb-0310-9956-ffa450edef68,1,0.0048543689320388345,12.0,12.0,0.0,0.0,560.7692307692308,3488.936792060222,1,3,2.159484249353372,false
java/social-api/src/test/java/org/apache/shindig/social/dataservice/integration/TestUtils.java,81.0,19.0,10.0,5.0,29.0,28.0,9.0,woodser@13f79535-47bb-0310-9956-ffa450edef68,1,0.0048543689320388345,17.0,0.0,17.0,0.0,560.7692307692308,3488.936792060222,1,2,2.159484249353372,false
java/social-api/src/test/java/org/apache/shindig/social/opensocial/service/ActivityStreamHandlerTest.java,121.0,32.0,0.0,12.0,130.0,33.0,33.0,woodser@13f79535-47bb-0310-9956-ffa450edef68,1,0.0048543689320388345,14.0,14.0,0.0,0.0,560.7692307692308,3488.936792060222,1,1,2.159484249353372,false
java/social-api/src/test/java/org/apache/shindig/social/opensocial/service/MessageHandlerTest.java,31.0,22.0,0.0,2.0,16.0,6.0,0.0,lindner@13f79535-47bb-0310-9956-ffa450edef68,0,0.0,0.0,0.0,0.0,0.0,0.0,0.0,0,0,0.0,false
java/social-api/src/test/java/org/apache/shindig/social/sample/spi/JsonDbOpensocialServiceTest.java,163.0,24.0,0.0,20.0,164.0,43.0,33.0,null,1,0.0048543689320388345,8.0,8.0,0.0,0.0,560.7692307692308,3488.936792060222,1,1,2.159484249353372,true
