name,LOC,CBO,LCOM,NOM,RFC,WMC,ACS,Ownership,numOfChanges,numberOfFIChanges,ENH,NF,BugFixing,REF,structuralWorkloadSum,semanticWorkloadSum,numberOfDeveloper,pastFaults,MAF,isBuggy
java/common/src/main/java/org/apache/shindig/auth/AnonymousSecurityToken.java,57.0,1.0,89.0,15.0,1.0,27.0,54.0,lindner@13f79535-47bb-0310-9956-ffa450edef68,2,0.0053475935828877,22.0,0.0,11.0,22.0,2140.999349381913,35665.95508368593,2,0,0.4757481431045131,false
java/common/src/main/java/org/apache/shindig/auth/BlobCrypterSecurityToken.java,155.0,4.0,226.0,25.0,17.0,51.0,17.0,hsaputra@13f79535-47bb-0310-9956-ffa450edef68,2,0.0053475935828877,29.0,0.0,0.0,14.0,1463.8620689655172,17565.25557157407,2,1,0.6249946373825114,false
java/common/src/main/java/org/apache/shindig/auth/BlobCrypterSecurityTokenCodec.java,106.0,16.0,9.0,7.0,18.0,28.0,11.0,rbaxter85@13f79535-47bb-0310-9956-ffa450edef68,3,0.008021390374331552,31.0,0.0,6.0,6.0,2528.654521795706,37744.50398316389,3,0,0.26063031132651515,true
java/common/src/main/java/org/apache/shindig/common/crypto/BasicBlobCrypter.java,163.0,17.0,43.0,11.0,44.0,37.0,16.0,lindner@13f79535-47bb-0310-9956-ffa450edef68,2,0.0053475935828877,17.0,0.0,0.0,8.0,2140.999349381913,35665.95508368593,2,0,0.4757481431045131,true
java/common/src/main/java/org/apache/shindig/common/servlet/Authority.java,20.0,0.0,3.0,3.0,0.0,6.0,4.0,woodser@13f79535-47bb-0310-9956-ffa450edef68,1,0.00267379679144385,25.0,0.0,0.0,0.0,1813.830985915493,23972.660607791528,1,0,2.7454377331738304,false
java/common/src/main/java/org/apache/shindig/common/servlet/BasicAuthority.java,28.0,6.0,13.0,6.0,16.0,11.0,9.0,ssievers@13f79535-47bb-0310-9956-ffa450edef68,2,0.0053475935828877,29.0,0.0,0.0,0.0,2201.4861583292864,26051.20950726949,2,1,1.457498519176967,false
java/common/src/main/java/org/apache/shindig/common/servlet/HostFilter.java,13.0,7.0,3.0,3.0,2.0,5.0,1.0,lindner@13f79535-47bb-0310-9956-ffa450edef68,1,0.00267379679144385,20.0,0.0,0.0,20.0,387.65517241379314,2078.5488994779616,1,0,1.555853666299994,false
java/common/src/main/java/org/apache/shindig/config/JsonContainerConfigLoader.java,214.0,20.0,66.0,13.0,67.0,50.0,2.0,null,2,0.0053475935828877,17.0,17.0,0.0,8.0,457.65517241379314,2230.8114638770544,2,0,2.083880003424651,false
java/common/src/main/java/org/apache/shindig/protocol/JsonRpcServlet.java,223.0,27.0,87.0,14.0,87.0,50.0,40.0,lindner@13f79535-47bb-0310-9956-ffa450edef68,2,0.0053475935828877,9.0,4.0,4.0,4.0,1452.4476252439817,22257.797311067785,2,3,0.7134599914620504,true
java/common/src/test/java/org/apache/shindig/auth/BlobCrypterSecurityTokenCodecTest.java,165.0,17.0,0.0,13.0,106.0,34.0,10.0,null,3,0.008021390374331552,36.0,0.0,0.0,9.0,2528.654521795706,37744.50398316389,3,0,0.20379779996353942,false
java/common/src/test/java/org/apache/shindig/auth/DefaultSecurityTokenCodecTest.java,63.0,11.0,6.0,4.0,20.0,11.0,16.0,zhoresh@13f79535-47bb-0310-9956-ffa450edef68,2,0.0053475935828877,33.0,0.0,0.0,17.0,2140.999349381913,35665.95508368593,2,0,0.4757481431045131,false
java/common/src/test/java/org/apache/shindig/common/servlet/BasicAuthorityTest.java,27.0,2.0,3.0,3.0,8.0,3.0,14.0,hsaputra@13f79535-47bb-0310-9956-ffa450edef68,1,0.00267379679144385,50.0,0.0,0.0,0.0,387.65517241379314,2078.5488994779616,1,0,1.555853666299994,false
java/gadgets/src/main/java/org/apache/shindig/gadgets/DefaultGuiceModule.java,78.0,31.0,10.0,5.0,24.0,9.0,14.0,lindner@13f79535-47bb-0310-9956-ffa450edef68,1,0.00267379679144385,3.0,0.0,0.0,0.0,387.65517241379314,2078.5488994779616,1,6,1.555853666299994,true
java/gadgets/src/main/java/org/apache/shindig/gadgets/FeedProcessorImpl.java,140.0,20.0,0.0,1.0,33.0,9.0,80.0,lindner@13f79535-47bb-0310-9956-ffa450edef68,1,0.00267379679144385,20.0,0.0,20.0,20.0,1064.7924528301887,20179.248411589822,1,0,1.2573606777439974,false
java/gadgets/src/main/java/org/apache/shindig/gadgets/JsCompileMode.java,0.0,0.0,0.0,0.0,0.0,0.0,9.0,mhermanto@13f79535-47bb-0310-9956-ffa450edef68,1,0.00267379679144385,14.0,0.0,0.0,0.0,1064.7924528301887,20179.248411589822,1,1,1.2573606777439974,false
java/gadgets/src/main/java/org/apache/shindig/gadgets/features/FeatureParser.java,155.0,14.0,1.0,2.0,29.0,12.0,0.0,johnh@13f79535-47bb-0310-9956-ffa450edef68,0,0.0,0.0,0.0,0.0,0.0,0.0,0.0,0,0,0.0,false
java/gadgets/src/main/java/org/apache/shindig/gadgets/features/FeatureRegistry.java,492.0,33.0,132.0,20.0,135.0,80.0,65.0,lindner@13f79535-47bb-0310-9956-ffa450edef68,2,0.0053475935828877,6.0,3.0,3.0,3.0,2140.999349381913,35665.95508368593,2,5,0.4757481431045131,true
java/gadgets/src/main/java/org/apache/shindig/gadgets/http/AbstractHttpCache.java,157.0,8.0,178.0,20.0,78.0,62.0,61.0,null,2,0.0053475935828877,11.0,5.0,0.0,0.0,1883.830985915493,24124.92317219062,2,5,2.678672036861569,true
java/gadgets/src/main/java/org/apache/shindig/gadgets/js/AddJslInfoVariableProcessor.java,46.0,10.0,4.0,4.0,19.0,12.0,80.0,null,1,0.00267379679144385,12.0,0.0,12.0,12.0,1064.7924528301887,20179.248411589822,1,0,1.2573606777439974,false
java/gadgets/src/main/java/org/apache/shindig/gadgets/js/AddJslLoadedVariableProcessor.java,32.0,8.0,3.0,3.0,15.0,12.0,80.0,null,1,0.00267379679144385,12.0,0.0,12.0,12.0,1064.7924528301887,20179.248411589822,1,0,1.2573606777439974,false
java/gadgets/src/main/java/org/apache/shindig/gadgets/js/AddOnloadFunctionProcessor.java,28.0,5.0,1.0,2.0,9.0,8.0,80.0,johnh@13f79535-47bb-0310-9956-ffa450edef68,1,0.00267379679144385,11.0,0.0,11.0,11.0,1064.7924528301887,20179.248411589822,1,3,1.2573606777439974,false
java/gadgets/src/main/java/org/apache/shindig/gadgets/js/BaseSurfaceJsProcessor.java,96.0,17.0,24.0,8.0,39.0,27.0,0.0,ssievers@13f79535-47bb-0310-9956-ffa450edef68,0,0.0,0.0,0.0,0.0,0.0,0.0,0.0,0,0,0.0,false
java/gadgets/src/main/java/org/apache/shindig/gadgets/js/CompilationProcessor.java,28.0,4.0,0.0,2.0,16.0,6.0,9.0,mhermanto@13f79535-47bb-0310-9956-ffa450edef68,1,0.00267379679144385,10.0,0.0,0.0,0.0,1064.7924528301887,20179.248411589822,1,4,1.2573606777439974,false
java/gadgets/src/main/java/org/apache/shindig/gadgets/js/ConfigInjectionProcessor.java,53.0,16.0,6.0,5.0,26.0,13.0,0.0,johnh@13f79535-47bb-0310-9956-ffa450edef68,0,0.0,0.0,0.0,0.0,0.0,0.0,0.0,0,2,0.0,false
java/gadgets/src/main/java/org/apache/shindig/gadgets/js/DeferJsProcessor.java,64.0,12.0,10.0,5.0,28.0,19.0,80.0,ssievers@13f79535-47bb-0310-9956-ffa450edef68,1,0.00267379679144385,14.0,0.0,14.0,14.0,1064.7924528301887,20179.248411589822,1,1,1.2573606777439974,false
java/gadgets/src/main/java/org/apache/shindig/gadgets/js/ExportJsProcessor.java,68.0,11.0,6.0,4.0,26.0,16.0,80.0,mhermanto@13f79535-47bb-0310-9956-ffa450edef68,1,0.00267379679144385,8.0,0.0,8.0,8.0,1064.7924528301887,20179.248411589822,1,3,1.2573606777439974,false
java/gadgets/src/main/java/org/apache/shindig/gadgets/js/JsLoadProcessor.java,61.0,9.0,3.0,6.0,19.0,18.0,0.0,johnh@13f79535-47bb-0310-9956-ffa450edef68,0,0.0,0.0,0.0,0.0,0.0,0.0,0.0,0,2,0.0,false
java/gadgets/src/main/java/org/apache/shindig/gadgets/js/JsRequest.java,71.0,5.0,12.0,8.0,12.0,17.0,80.0,ssievers@13f79535-47bb-0310-9956-ffa450edef68,1,0.00267379679144385,20.0,0.0,20.0,20.0,1064.7924528301887,20179.248411589822,1,1,1.2573606777439974,false
java/gadgets/src/main/java/org/apache/shindig/gadgets/js/JsRequestBuilder.java,35.0,7.0,2.0,4.0,5.0,10.0,0.0,johnh@13f79535-47bb-0310-9956-ffa450edef68,0,0.0,0.0,0.0,0.0,0.0,0.0,0.0,0,2,0.0,false
java/gadgets/src/main/java/org/apache/shindig/gadgets/js/JsServingPipelineModule.java,14.0,6.0,3.0,3.0,3.0,6.0,0.0,mhermanto@13f79535-47bb-0310-9956-ffa450edef68,0,0.0,0.0,0.0,0.0,0.0,0.0,0.0,0,4,0.0,true
java/gadgets/src/main/java/org/apache/shindig/gadgets/oauth/BasicOAuthStore.java,167.0,17.0,139.0,19.0,47.0,39.0,47.0,lindner@13f79535-47bb-0310-9956-ffa450edef68,2,0.0053475935828877,25.0,0.0,12.0,12.0,1452.4476252439817,22257.797311067785,2,0,0.7134599914620504,false
java/gadgets/src/main/java/org/apache/shindig/gadgets/oauth/OAuthModule.java,100.0,20.0,0.0,1.0,4.0,1.0,14.0,lindner@13f79535-47bb-0310-9956-ffa450edef68,1,0.00267379679144385,10.0,0.0,0.0,0.0,387.65517241379314,2078.5488994779616,1,1,1.555853666299994,false
java/gadgets/src/main/java/org/apache/shindig/gadgets/oauth/OAuthResponseParams.java,209.0,14.0,95.0,18.0,46.0,51.0,1.0,lindner@13f79535-47bb-0310-9956-ffa450edef68,1,0.00267379679144385,10.0,0.0,0.0,0.0,1064.7924528301887,20179.248411589822,1,2,1.2573606777439974,false
java/gadgets/src/main/java/org/apache/shindig/gadgets/process/Processor.java,77.0,18.0,2.0,4.0,24.0,16.0,27.0,null,1,0.00267379679144385,15.0,15.0,0.0,0.0,1076.2068965517242,15486.706672096108,1,2,1.080429969584919,true
java/gadgets/src/main/java/org/apache/shindig/gadgets/render/DefaultServiceFetcher.java,99.0,22.0,5.0,6.0,33.0,20.0,32.0,null,3,0.008021390374331552,21.0,0.0,7.0,7.0,3266.278611159475,46230.45791885931,3,1,0.7542717370711642,true
java/gadgets/src/main/java/org/apache/shindig/gadgets/render/RenderingGadgetRewriter.java,280.0,53.0,143.0,19.0,155.0,56.0,65.0,null,2,0.0053475935828877,5.0,2.0,2.0,2.0,2140.999349381913,35665.95508368593,2,5,0.4757481431045131,true
java/gadgets/src/main/java/org/apache/shindig/gadgets/render/SanitizingGadgetRewriter.java,251.0,25.0,13.0,6.0,10.0,15.0,80.0,johnh@13f79535-47bb-0310-9956-ffa450edef68,1,0.00267379679144385,7.0,0.0,7.0,7.0,1064.7924528301887,20179.248411589822,1,1,1.2573606777439974,false
java/gadgets/src/main/java/org/apache/shindig/gadgets/servlet/CajaContentRewriter.java,264.0,70.0,90.0,16.0,133.0,52.0,0.0,null,0,0.0,0.0,0.0,0.0,0.0,0.0,0.0,0,11,0.0,true
java/gadgets/src/main/java/org/apache/shindig/gadgets/servlet/ETaggingHttpResponse.java,148.0,15.0,3.0,11.0,36.0,28.0,3.0,ssievers@13f79535-47bb-0310-9956-ffa450edef68,1,0.00267379679144385,20.0,0.0,20.0,0.0,70.0,152.2625643990926,1,0,3.9982007016691985,false
java/gadgets/src/main/java/org/apache/shindig/gadgets/servlet/GadgetsHandlerApi.java,68.0,9.0,0.0,2.0,0.0,3.0,11.0,null,3,0.008021390374331552,24.0,7.0,7.0,0.0,2528.654521795706,37744.50398316389,3,5,0.4216765777608673,true
java/gadgets/src/main/java/org/apache/shindig/gadgets/servlet/GadgetsHandlerService.java,324.0,57.0,43.0,22.0,182.0,74.0,35.0,zhoresh@13f79535-47bb-0310-9956-ffa450edef68,2,0.0053475935828877,11.0,2.0,4.0,4.0,2140.999349381913,35665.95508368593,2,12,0.47819058583929386,true
java/gadgets/src/main/java/org/apache/shindig/gadgets/servlet/ProxyHandler.java,105.0,25.0,19.0,7.0,39.0,27.0,51.0,johnh@13f79535-47bb-0310-9956-ffa450edef68,1,0.00267379679144385,3.0,3.0,0.0,0.0,1076.2068965517242,15486.706672096108,1,10,1.080429969584919,true
java/gadgets/src/main/java/org/apache/shindig/gadgets/servlet/ProxyServlet.java,82.0,16.0,13.0,7.0,28.0,20.0,80.0,lindner@13f79535-47bb-0310-9956-ffa450edef68,1,0.00267379679144385,6.0,0.0,6.0,6.0,1064.7924528301887,20179.248411589822,1,4,1.2573606777439974,true
java/gadgets/src/main/java/org/apache/shindig/gadgets/spec/GadgetSpec.java,217.0,18.0,29.0,15.0,50.0,42.0,0.0,lindner@13f79535-47bb-0310-9956-ffa450edef68,0,0.0,0.0,0.0,0.0,0.0,0.0,0.0,0,0,0.0,false
java/gadgets/src/main/java/org/apache/shindig/gadgets/spec/LinkSpec.java,59.0,4.0,0.0,8.0,9.0,17.0,3.0,hsaputra@13f79535-47bb-0310-9956-ffa450edef68,1,0.00267379679144385,50.0,50.0,0.0,0.0,387.65517241379314,2078.5488994779616,1,0,1.555853666299994,false
java/gadgets/src/main/java/org/apache/shindig/gadgets/spec/OAuthService.java,173.0,8.0,50.0,13.0,20.0,36.0,61.0,lindner@13f79535-47bb-0310-9956-ffa450edef68,2,0.0053475935828877,29.0,0.0,0.0,0.0,2878.6234387456816,44151.909019381346,2,0,1.3082520248989686,false
java/gadgets/src/main/java/org/apache/shindig/gadgets/uri/DefaultConcatUriManager.java,187.0,13.0,50.0,13.0,75.0,39.0,47.0,lindner@13f79535-47bb-0310-9956-ffa450edef68,2,0.0053475935828877,9.0,0.0,4.0,4.0,1452.4476252439817,22257.797311067785,2,6,0.7134599914620504,true
java/gadgets/src/main/java/org/apache/shindig/gadgets/uri/DefaultIframeUriManager.java,235.0,21.0,123.0,19.0,87.0,49.0,39.0,null,3,0.008021390374331552,10.0,3.0,3.0,7.0,2528.654521795706,37744.50398316389,3,6,0.19926914920819394,true
java/gadgets/src/main/java/org/apache/shindig/gadgets/uri/DefaultJsUriManager.java,149.0,16.0,20.0,9.0,55.0,26.0,47.0,null,2,0.0053475935828877,6.0,0.0,3.0,3.0,1452.4476252439817,22257.797311067785,2,5,0.7134599914620504,true
java/gadgets/src/main/java/org/apache/shindig/gadgets/uri/DefaultJsVersioner.java,43.0,11.0,8.0,5.0,20.0,12.0,0.0,zhoresh@13f79535-47bb-0310-9956-ffa450edef68,0,0.0,0.0,0.0,0.0,0.0,0.0,0.0,0,0,0.0,false
java/gadgets/src/main/java/org/apache/shindig/gadgets/uri/DefaultProxyUriManager.java,174.0,19.0,5.0,7.0,58.0,26.0,47.0,lindner@13f79535-47bb-0310-9956-ffa450edef68,2,0.0053475935828877,6.0,0.0,3.0,3.0,1452.4476252439817,22257.797311067785,2,4,0.7134599914620504,true
java/gadgets/src/main/java/org/apache/shindig/gadgets/uri/JsUriManager.java,176.0,10.0,1.0,2.0,0.0,7.0,0.0,null,0,0.0,0.0,0.0,0.0,0.0,0.0,0.0,0,3,0.0,false
java/gadgets/src/main/java/org/apache/shindig/gadgets/uri/ProxyUriBase.java,237.0,15.0,188.0,28.0,55.0,72.0,52.0,johnh@13f79535-47bb-0310-9956-ffa450edef68,2,0.0053475935828877,9.0,4.0,4.0,9.0,2140.999349381913,35665.95508368593,2,4,0.4757481431045131,false
java/gadgets/src/main/java16/org/apache/shindig/gadgets/js/JsCompilerModule.java,8.0,3.0,0.0,1.0,2.0,1.0,9.0,lindner@13f79535-47bb-0310-9956-ffa450edef68,1,0.00267379679144385,12.0,0.0,0.0,0.0,1064.7924528301887,20179.248411589822,1,2,1.2573606777439974,false
java/gadgets/src/main/java16/org/apache/shindig/gadgets/rewrite/js/ClosureJsCompiler.java,295.0,41.0,160.0,20.0,90.0,53.0,44.0,null,1,0.00267379679144385,6.0,0.0,3.0,3.0,1064.7924528301887,20179.248411589822,1,7,1.2573606777439974,false
java/gadgets/src/test/java/org/apache/shindig/gadgets/FeedProcessorImplTest.java,171.0,5.0,0.0,13.0,56.0,27.0,0.0,lindner@13f79535-47bb-0310-9956-ffa450edef68,0,0.0,0.0,0.0,0.0,0.0,0.0,0.0,0,0,0.0,false
java/gadgets/src/test/java/org/apache/shindig/gadgets/http/AbstractHttpCacheTest.java,261.0,19.0,0.0,28.0,202.0,41.0,3.0,null,1,0.00267379679144385,6.0,6.0,0.0,0.0,70.0,152.2625643990926,1,6,3.9982007016691985,true
java/gadgets/src/test/java/org/apache/shindig/gadgets/js/AddJslInfoVariableProcessorTest.java,63.0,12.0,0.0,6.0,47.0,18.0,0.0,ssievers@13f79535-47bb-0310-9956-ffa450edef68,0,0.0,0.0,0.0,0.0,0.0,0.0,0.0,0,1,0.0,false
java/gadgets/src/test/java/org/apache/shindig/gadgets/js/AddJslLoadedVariableProcessorTest.java,40.0,10.0,0.0,4.0,21.0,10.0,0.0,zhoresh@13f79535-47bb-0310-9956-ffa450edef68,0,0.0,0.0,0.0,0.0,0.0,0.0,0.0,0,0,0.0,false
java/gadgets/src/test/java/org/apache/shindig/gadgets/js/CompilationProcessorTest.java,51.0,19.0,0.0,4.0,57.0,11.0,9.0,mhermanto@13f79535-47bb-0310-9956-ffa450edef68,1,0.00267379679144385,8.0,0.0,0.0,0.0,1064.7924528301887,20179.248411589822,1,4,1.2573606777439974,false
java/gadgets/src/test/java/org/apache/shindig/gadgets/js/ConfigInjectionProcessorTest.java,198.0,26.0,86.0,20.0,133.0,51.0,0.0,johnh@13f79535-47bb-0310-9956-ffa450edef68,0,0.0,0.0,0.0,0.0,0.0,0.0,0.0,0,2,0.0,false
java/gadgets/src/test/java/org/apache/shindig/gadgets/js/DeferJsProcessorTest.java,100.0,24.0,43.0,11.0,79.0,25.0,0.0,ssievers@13f79535-47bb-0310-9956-ffa450edef68,0,0.0,0.0,0.0,0.0,0.0,0.0,0.0,0,1,0.0,false
java/gadgets/src/test/java/org/apache/shindig/gadgets/js/ExportJsProcessorTest.java,141.0,23.0,75.0,15.0,99.0,33.0,0.0,mhermanto@13f79535-47bb-0310-9956-ffa450edef68,0,0.0,0.0,0.0,0.0,0.0,0.0,0.0,0,5,0.0,false
java/gadgets/src/test/java/org/apache/shindig/gadgets/js/JsRequestBuilderTest.java,84.0,14.0,0.0,5.0,64.0,15.0,0.0,ssievers@13f79535-47bb-0310-9956-ffa450edef68,0,0.0,0.0,0.0,0.0,0.0,0.0,0.0,0,1,0.0,false
java/gadgets/src/test/java/org/apache/shindig/gadgets/render/CajaResponseRewriterTest.java,41.0,10.0,9.0,6.0,24.0,13.0,0.0,chirag@13f79535-47bb-0310-9956-ffa450edef68,0,0.0,0.0,0.0,0.0,0.0,0.0,0.0,0,0,0.0,false
java/gadgets/src/test/java/org/apache/shindig/gadgets/render/SanitizingGadgetRewriterTest.java,197.0,29.0,65.0,31.0,132.0,83.0,0.0,johnh@13f79535-47bb-0310-9956-ffa450edef68,0,0.0,0.0,0.0,0.0,0.0,0.0,0.0,0,4,0.0,true
java/gadgets/src/test/java/org/apache/shindig/gadgets/servlet/ETagFilterTest.java,77.0,15.0,0.0,3.0,25.0,10.0,3.0,ssievers@13f79535-47bb-0310-9956-ffa450edef68,1,0.00267379679144385,33.0,0.0,33.0,0.0,70.0,152.2625643990926,1,0,3.9982007016691985,false
java/gadgets/src/test/java/org/apache/shindig/gadgets/servlet/ETaggingHttpResponseTest.java,188.0,14.0,0.0,19.0,132.0,48.0,3.0,ssievers@13f79535-47bb-0310-9956-ffa450edef68,1,0.00267379679144385,20.0,0.0,20.0,0.0,70.0,152.2625643990926,1,0,3.9982007016691985,false
java/gadgets/src/test/java/org/apache/shindig/gadgets/servlet/GadgetsHandlerServiceTest.java,438.0,40.0,0.0,39.0,424.0,94.0,31.0,zhoresh@13f79535-47bb-0310-9956-ffa450edef68,1,0.00267379679144385,10.0,3.0,3.0,3.0,1076.2068965517242,15486.706672096108,1,7,1.080429969584919,true
java/gadgets/src/test/java/org/apache/shindig/gadgets/servlet/GadgetsHandlerTest.java,460.0,52.0,0.0,34.0,390.0,91.0,23.0,null,1,0.00267379679144385,12.0,3.0,6.0,3.0,1076.2068965517242,15486.706672096108,1,6,1.080429969584919,false
java/gadgets/src/test/java/org/apache/shindig/gadgets/servlet/JsServletTest.java,134.0,27.0,0.0,11.0,131.0,36.0,0.0,johnh@13f79535-47bb-0310-9956-ffa450edef68,0,0.0,0.0,0.0,0.0,0.0,0.0,0.0,0,3,0.0,true
java/gadgets/src/test/java/org/apache/shindig/gadgets/servlet/ProxyServletTest.java,129.0,14.0,0.0,15.0,112.0,40.0,0.0,ssievers@13f79535-47bb-0310-9956-ffa450edef68,0,0.0,0.0,0.0,0.0,0.0,0.0,0.0,0,3,0.0,false
java/gadgets/src/test/java/org/apache/shindig/gadgets/spec/GadgetSpecTest.java,65.0,9.0,0.0,8.0,42.0,18.0,0.0,zhoresh@13f79535-47bb-0310-9956-ffa450edef68,0,0.0,0.0,0.0,0.0,0.0,0.0,0.0,0,0,0.0,false
java/gadgets/src/test/java/org/apache/shindig/gadgets/spec/LinkSpecTest.java,67.0,5.0,0.0,9.0,30.0,19.0,3.0,hsaputra@13f79535-47bb-0310-9956-ffa450edef68,1,0.00267379679144385,50.0,50.0,0.0,0.0,387.65517241379314,2078.5488994779616,1,0,1.555853666299994,false
java/gadgets/src/test/java/org/apache/shindig/gadgets/uri/DefaultIframeUriManagerTest.java,472.0,31.0,121.0,34.0,351.0,70.0,14.0,null,2,0.0053475935828877,13.0,7.0,7.0,7.0,2140.999349381913,35665.95508368593,2,1,0.4757481431045131,true
java/gadgets/src/test/java/org/apache/shindig/gadgets/uri/DefaultJsUriManagerTest.java,317.0,23.0,0.0,26.0,280.0,44.0,0.0,null,0,0.0,0.0,0.0,0.0,0.0,0.0,0.0,0,5,0.0,true
java/gadgets/src/test/java/org/apache/shindig/gadgets/uri/DefaultJsVersionerTest.java,98.0,21.0,0.0,8.0,60.0,15.0,0.0,zhoresh@13f79535-47bb-0310-9956-ffa450edef68,0,0.0,0.0,0.0,0.0,0.0,0.0,0.0,0,2,0.0,false
java/gadgets/src/test/java16/org/apache/shindig/gadgets/rewrite/js/ClosureJsCompilerTest.java,195.0,32.0,85.0,19.0,168.0,42.0,0.0,null,0,0.0,0.0,0.0,0.0,0.0,0.0,0.0,0,3,0.0,false
java/server/src/test/java/org/apache/shindig/server/endtoend/EndToEndTest.java,251.0,37.0,699.0,39.0,99.0,92.0,9.0,null,1,0.00267379679144385,4.0,0.0,0.0,0.0,1064.7924528301887,20179.248411589822,1,5,1.2573606777439974,true
java/social-api/src/main/java/org/apache/shindig/social/core/model/ActivityEntryImpl.java,237.0,5.0,466.0,32.0,17.0,51.0,0.0,woodser@13f79535-47bb-0310-9956-ffa450edef68,0,0.0,0.0,0.0,0.0,0.0,0.0,0.0,0,2,0.0,false
java/social-api/src/main/java/org/apache/shindig/social/core/model/ActivityObjectImpl.java,207.0,5.0,378.0,29.0,14.0,43.0,0.0,woodser@13f79535-47bb-0310-9956-ffa450edef68,0,0.0,0.0,0.0,0.0,0.0,0.0,0.0,0,2,0.0,false
java/social-api/src/main/java/org/apache/shindig/social/core/model/MediaLinkImpl.java,81.0,3.0,45.0,11.0,5.0,16.0,0.0,woodser@13f79535-47bb-0310-9956-ffa450edef68,0,0.0,0.0,0.0,0.0,0.0,0.0,0.0,0,2,0.0,false
java/social-api/src/main/java/org/apache/shindig/social/core/oauth/OAuthSecurityToken.java,60.0,3.0,57.0,14.0,1.0,26.0,15.0,lindner@13f79535-47bb-0310-9956-ffa450edef68,2,0.0053475935828877,33.0,0.0,0.0,17.0,1463.8620689655172,17565.25557157407,2,0,0.6249946373825114,false
java/social-api/src/main/java/org/apache/shindig/social/sample/oauth/SampleOAuthDataStore.java,88.0,19.0,14.0,9.0,53.0,20.0,2.0,lindner@13f79535-47bb-0310-9956-ffa450edef68,1,0.00267379679144385,11.0,0.0,0.0,11.0,387.65517241379314,2078.5488994779616,1,0,1.555853666299994,false
java/social-api/src/main/java/org/apache/shindig/social/sample/spi/JsonDbOpensocialService.java,1045.0,45.0,0.0,50.0,433.0,267.0,26.0,lindner@13f79535-47bb-0310-9956-ffa450edef68,3,0.008021390374331552,14.0,0.0,11.0,4.0,2528.654521795706,37744.50398316389,3,3,0.3226537241423084,true
