name,LOC,CBO,LCOM,NOM,RFC,WMC,ACS,Ownership,numOfChanges,numberOfFIChanges,ENH,NF,BugFixing,REF,structuralWorkloadSum,semanticWorkloadSum,numberOfDeveloper,pastFaults,MAF,isBuggy
java/common/src/main/java/org/apache/shindig/auth/AbstractSecurityToken.java,285.0,6.0,1087.0,51.0,46.0,110.0,0.0,lindner@13f79535-47bb-0310-9956-ffa450edef68,0,0.0,0.0,0.0,0.0,0.0,0.0,0.0,0,1,0.0,false
java/common/src/main/java/org/apache/shindig/auth/AnonymousSecurityToken.java,33.0,3.0,36.0,9.0,10.0,15.0,0.0,lindner@13f79535-47bb-0310-9956-ffa450edef68,0,0.0,0.0,0.0,0.0,0.0,0.0,0.0,0,1,0.0,false
java/common/src/main/java/org/apache/shindig/auth/BasicSecurityToken.java,32.0,1.0,21.0,7.0,11.0,15.0,0.0,hsaputra@13f79535-47bb-0310-9956-ffa450edef68,0,0.0,0.0,0.0,0.0,0.0,0.0,0.0,0,0,0.0,false
java/common/src/main/java/org/apache/shindig/auth/BasicSecurityTokenCodec.java,60.0,6.0,6.0,4.0,21.0,13.0,68.0,null,1,0.007692307692307693,12.0,0.0,0.0,0.0,797.7575757575758,13702.080877132146,1,1,1.7635885922613588,false
java/common/src/main/java/org/apache/shindig/auth/BlobCrypterSecurityToken.java,52.0,2.0,28.0,8.0,23.0,20.0,0.0,hsaputra@13f79535-47bb-0310-9956-ffa450edef68,0,0.0,0.0,0.0,0.0,0.0,0.0,0.0,0,1,0.0,false
java/common/src/main/java/org/apache/shindig/auth/BlobCrypterSecurityTokenCodec.java,114.0,13.0,1.0,7.0,25.0,29.0,38.0,rbaxter85@13f79535-47bb-0310-9956-ffa450edef68,2,0.015384615384615385,12.0,6.0,0.0,0.0,852.4242424242424,13760.590745400534,2,1,1.6197475560354682,true
java/common/src/main/java/org/apache/shindig/auth/DefaultSecurityTokenCodec.java,35.0,5.0,0.0,5.0,5.0,15.0,9.0,zhoresh@13f79535-47bb-0310-9956-ffa450edef68,1,0.007692307692307693,14.0,14.0,0.0,0.0,54.666666666666664,58.50986826838654,1,1,2.8622008809294686,false
java/common/src/main/java/org/apache/shindig/auth/SecurityToken.java,63.0,0.0,91.0,14.0,0.0,41.0,0.0,lindner@13f79535-47bb-0310-9956-ffa450edef68,0,0.0,0.0,0.0,0.0,0.0,0.0,0.0,0,0,0.0,false
java/common/src/main/java/org/apache/shindig/auth/SecurityTokenCodec.java,26.0,2.0,3.0,3.0,0.0,9.0,0.0,zhoresh@13f79535-47bb-0310-9956-ffa450edef68,0,0.0,0.0,0.0,0.0,0.0,0.0,0.0,0,1,0.0,false
java/common/src/main/java/org/apache/shindig/common/PropertiesModule.java,68.0,10.0,25.0,10.0,26.0,23.0,0.0,lindner@13f79535-47bb-0310-9956-ffa450edef68,0,0.0,0.0,0.0,0.0,0.0,0.0,0.0,0,2,0.0,false
java/common/src/main/java/org/apache/shindig/common/crypto/BasicBlobCrypter.java,141.0,17.0,39.0,10.0,39.0,32.0,68.0,lindner@13f79535-47bb-0310-9956-ffa450edef68,1,0.007692307692307693,8.0,0.0,0.0,0.0,797.7575757575758,13702.080877132146,1,0,1.7635885922613588,true
java/common/src/main/java/org/apache/shindig/common/crypto/BlobCrypter.java,19.0,1.0,1.0,2.0,0.0,7.0,0.0,ssievers@13f79535-47bb-0310-9956-ffa450edef68,0,0.0,0.0,0.0,0.0,0.0,0.0,0.0,0,0,0.0,false
java/common/src/main/java/org/apache/shindig/common/crypto/BlobExpiredException.java,15.0,1.0,1.0,2.0,0.0,2.0,0.0,ssievers@13f79535-47bb-0310-9956-ffa450edef68,0,0.0,0.0,0.0,0.0,0.0,0.0,0.0,0,0,0.0,false
java/common/src/main/java/org/apache/shindig/common/logging/i18n/MessageKeys.java,85.0,0.0,0.0,0.0,0.0,0.0,0.0,ssievers@13f79535-47bb-0310-9956-ffa450edef68,0,0.0,0.0,0.0,0.0,0.0,0.0,0.0,0,0,0.0,false
java/common/src/main/java/org/apache/shindig/common/servlet/BasicAuthority.java,28.0,6.0,13.0,6.0,16.0,11.0,68.0,ssievers@13f79535-47bb-0310-9956-ffa450edef68,1,0.007692307692307693,14.0,0.0,0.0,0.0,797.7575757575758,13702.080877132146,1,1,1.7635885922613588,false
java/common/src/main/java/org/apache/shindig/common/servlet/GuiceServletContextListener.java,100.0,12.0,1.0,3.0,29.0,11.0,68.0,lindner@13f79535-47bb-0310-9956-ffa450edef68,1,0.007692307692307693,7.0,0.0,0.0,0.0,797.7575757575758,13702.080877132146,1,4,1.7635885922613588,false
java/common/src/main/java/org/apache/shindig/common/util/CharsetUtil.java,27.0,3.0,3.0,3.0,7.0,8.0,68.0,lindner@13f79535-47bb-0310-9956-ffa450edef68,1,0.007692307692307693,12.0,0.0,0.0,0.0,797.7575757575758,13702.080877132146,1,0,1.7635885922613588,false
java/common/src/main/java/org/apache/shindig/common/util/JsonConversionUtil.java,163.0,12.0,28.0,8.0,52.0,40.0,68.0,lindner@13f79535-47bb-0310-9956-ffa450edef68,1,0.007692307692307693,12.0,0.0,0.0,0.0,797.7575757575758,13702.080877132146,1,1,1.7635885922613588,false
java/common/src/main/java/org/apache/shindig/common/util/ResourceLoader.java,83.0,6.0,15.0,6.0,15.0,22.0,9.0,lindner@13f79535-47bb-0310-9956-ffa450edef68,1,0.007692307692307693,20.0,20.0,0.0,0.0,54.666666666666664,58.50986826838654,1,1,2.8622008809294686,false
java/common/src/main/java/org/apache/shindig/common/util/StringEncoding.java,68.0,4.0,1.0,3.0,7.0,12.0,68.0,ssievers@13f79535-47bb-0310-9956-ffa450edef68,1,0.007692307692307693,20.0,0.0,0.0,0.0,797.7575757575758,13702.080877132146,1,0,1.7635885922613588,false
java/common/src/main/java/org/apache/shindig/common/xml/XmlUtil.java,273.0,17.0,149.0,18.0,36.0,57.0,0.0,lindner@13f79535-47bb-0310-9956-ffa450edef68,0,0.0,0.0,0.0,0.0,0.0,0.0,0.0,0,1,0.0,false
java/common/src/main/java/org/apache/shindig/config/ContainerConfigELResolver.java,82.0,5.0,19.0,7.0,9.0,20.0,0.0,ssievers@13f79535-47bb-0310-9956-ffa450edef68,0,0.0,0.0,0.0,0.0,0.0,0.0,0.0,0,1,0.0,false
java/common/src/main/java/org/apache/shindig/config/JsonContainerConfigLoader.java,227.0,21.0,58.0,13.0,72.0,51.0,9.0,null,1,0.007692307692307693,8.0,8.0,0.0,0.0,54.666666666666664,58.50986826838654,1,0,2.8622008809294686,false
java/common/src/main/java/org/apache/shindig/expressions/OpensocialFunctions.java,75.0,8.0,21.0,7.0,9.0,24.0,68.0,lindner@13f79535-47bb-0310-9956-ffa450edef68,1,0.007692307692307693,17.0,0.0,0.0,0.0,797.7575757575758,13702.080877132146,1,1,1.7635885922613588,false
java/common/src/main/java/org/apache/shindig/expressions/jasper/JasperTypeConverter.java,9.0,2.0,0.0,1.0,0.0,2.0,0.0,lindner@13f79535-47bb-0310-9956-ffa450edef68,0,0.0,0.0,0.0,0.0,0.0,0.0,0.0,0,1,0.0,false
java/common/src/main/java/org/apache/shindig/protocol/ApiServlet.java,91.0,23.0,43.0,10.0,20.0,22.0,0.0,null,0,0.0,0.0,0.0,0.0,0.0,0.0,0.0,0,1,0.0,false
java/common/src/main/java/org/apache/shindig/protocol/DataServiceServlet.java,149.0,18.0,51.0,11.0,59.0,41.0,68.0,lindner@13f79535-47bb-0310-9956-ffa450edef68,1,0.007692307692307693,6.0,0.0,0.0,0.0,797.7575757575758,13702.080877132146,1,3,1.7635885922613588,false
java/common/src/main/java/org/apache/shindig/protocol/DefaultHandlerRegistry.java,497.0,31.0,16.0,9.0,43.0,33.0,68.0,lindner@13f79535-47bb-0310-9956-ffa450edef68,1,0.007692307692307693,8.0,0.0,0.0,0.0,797.7575757575758,13702.080877132146,1,2,1.7635885922613588,false
java/common/src/main/java/org/apache/shindig/protocol/JsonRpcServlet.java,222.0,27.0,87.0,14.0,87.0,50.0,68.0,lindner@13f79535-47bb-0310-9956-ffa450edef68,1,0.007692307692307693,4.0,0.0,0.0,0.0,797.7575757575758,13702.080877132146,1,4,1.7635885922613588,true
java/common/src/main/java/org/apache/shindig/protocol/conversion/BeanDelegator.java,298.0,17.0,81.0,15.0,84.0,56.0,68.0,zhoresh@13f79535-47bb-0310-9956-ffa450edef68,1,0.007692307692307693,7.0,0.0,0.0,0.0,797.7575757575758,13702.080877132146,1,6,1.7635885922613588,true
java/common/src/main/java/org/apache/shindig/protocol/conversion/BeanFilter.java,131.0,18.0,4.0,4.0,36.0,17.0,0.0,zhoresh@13f79535-47bb-0310-9956-ffa450edef68,0,0.0,0.0,0.0,0.0,0.0,0.0,0.0,0,1,0.0,false
java/common/src/main/java/org/apache/shindig/protocol/conversion/xstream/ClassFieldMapping.java,62.0,0.0,0.0,5.0,2.0,11.0,0.0,ssievers@13f79535-47bb-0310-9956-ffa450edef68,0,0.0,0.0,0.0,0.0,0.0,0.0,0.0,0,1,0.0,false
java/common/src/test/java/org/apache/shindig/auth/BasicSecurityTokenCodecTest.java,6.0,1.0,0.0,1.0,0.0,3.0,0.0,zhoresh@13f79535-47bb-0310-9956-ffa450edef68,0,0.0,0.0,0.0,0.0,0.0,0.0,0.0,0,0,0.0,false
java/common/src/test/java/org/apache/shindig/auth/BlobCrypterSecurityTokenCodecTest.java,140.0,15.0,0.0,11.0,92.0,29.0,9.0,null,1,0.007692307692307693,9.0,9.0,0.0,0.0,54.666666666666664,58.50986826838654,1,0,2.8622008809294686,false
java/common/src/test/java/org/apache/shindig/auth/BlobCrypterSecurityTokenTest.java,52.0,12.0,0.0,3.0,38.0,6.0,68.0,rbaxter85@13f79535-47bb-0310-9956-ffa450edef68,1,0.007692307692307693,12.0,0.0,0.0,0.0,797.7575757575758,13702.080877132146,1,0,1.7635885922613588,true
java/common/src/test/java/org/apache/shindig/auth/DefaultSecurityTokenCodecTest.java,59.0,9.0,6.0,4.0,20.0,10.0,9.0,zhoresh@13f79535-47bb-0310-9956-ffa450edef68,1,0.007692307692307693,17.0,17.0,0.0,0.0,54.666666666666664,58.50986826838654,1,0,2.8622008809294686,false
java/common/src/test/java/org/apache/shindig/auth/UrlParameterAuthenticationHandlerTest.java,58.0,6.0,0.0,10.0,22.0,24.0,0.0,lindner@13f79535-47bb-0310-9956-ffa450edef68,0,0.0,0.0,0.0,0.0,0.0,0.0,0.0,0,2,0.0,true
java/common/src/test/java/org/apache/shindig/common/crypto/BlobCrypterTest.java,93.0,8.0,0.0,12.0,50.0,28.0,0.0,ssievers@13f79535-47bb-0310-9956-ffa450edef68,0,0.0,0.0,0.0,0.0,0.0,0.0,0.0,0,0,0.0,false
java/common/src/test/java/org/apache/shindig/common/servlet/HttpUtilTest.java,71.0,15.0,0.0,11.0,36.0,13.0,68.0,lindner@13f79535-47bb-0310-9956-ffa450edef68,1,0.007692307692307693,20.0,0.0,0.0,0.0,797.7575757575758,13702.080877132146,1,0,1.7635885922613588,false
java/common/src/test/java/org/apache/shindig/common/testing/FakeGadgetToken.java,92.0,7.0,167.0,19.0,10.0,37.0,0.0,null,0,0.0,0.0,0.0,0.0,0.0,0.0,0.0,0,1,0.0,false
java/common/src/test/java/org/apache/shindig/common/testing/FakeHttpServletRequest.java,582.0,31.0,3413.0,87.0,110.0,212.0,68.0,lindner@13f79535-47bb-0310-9956-ffa450edef68,1,0.007692307692307693,33.0,0.0,0.0,0.0,797.7575757575758,13702.080877132146,1,1,1.7635885922613588,false
java/common/src/test/java/org/apache/shindig/common/util/CharsetUtilTest.java,29.0,4.0,3.0,3.0,9.0,4.0,68.0,ssievers@13f79535-47bb-0310-9956-ffa450edef68,1,0.007692307692307693,20.0,0.0,0.0,0.0,797.7575757575758,13702.080877132146,1,0,1.7635885922613588,false
java/common/src/test/java/org/apache/shindig/config/JsonContainerConfigLoaderTest.java,188.0,17.0,0.0,20.0,123.0,46.0,5.0,null,1,0.007692307692307693,25.0,25.0,0.0,0.0,54.666666666666664,58.50986826838654,1,1,2.8622008809294686,false
java/gadgets/src/main/java/org/apache/shindig/gadgets/AbstractLockedDomainService.java,83.0,6.0,35.0,10.0,8.0,23.0,0.0,hsaputra@13f79535-47bb-0310-9956-ffa450edef68,0,0.0,0.0,0.0,0.0,0.0,0.0,0.0,0,0,0.0,true
java/gadgets/src/main/java/org/apache/shindig/gadgets/AuthType.java,0.0,0.0,0.0,0.0,0.0,0.0,0.0,woodser@13f79535-47bb-0310-9956-ffa450edef68,0,0.0,0.0,0.0,0.0,0.0,0.0,0.0,0,0,0.0,false
java/gadgets/src/main/java/org/apache/shindig/gadgets/DefaultGuiceModule.java,78.0,31.0,10.0,5.0,24.0,9.0,1.0,lindner@13f79535-47bb-0310-9956-ffa450edef68,1,0.007692307692307693,3.0,3.0,0.0,0.0,62.30769230769231,266.43985088203686,1,6,2.3025850929940455,true
java/gadgets/src/main/java/org/apache/shindig/gadgets/FeedProcessorImpl.java,140.0,20.0,0.0,1.0,32.0,9.0,0.0,lindner@13f79535-47bb-0310-9956-ffa450edef68,0,0.0,0.0,0.0,0.0,0.0,0.0,0.0,0,1,0.0,false
java/gadgets/src/main/java/org/apache/shindig/gadgets/Gadget.java,152.0,16.0,108.0,20.0,43.0,55.0,0.0,lindner@13f79535-47bb-0310-9956-ffa450edef68,0,0.0,0.0,0.0,0.0,0.0,0.0,0.0,0,2,0.0,false
java/gadgets/src/main/java/org/apache/shindig/gadgets/GadgetException.java,47.0,1.0,0.0,10.0,0.0,12.0,0.0,johnh@13f79535-47bb-0310-9956-ffa450edef68,0,0.0,0.0,0.0,0.0,0.0,0.0,0.0,0,1,0.0,false
java/gadgets/src/main/java/org/apache/shindig/gadgets/HashLockedDomainService.java,156.0,20.0,41.0,11.0,40.0,41.0,0.0,rbaxter85@13f79535-47bb-0310-9956-ffa450edef68,0,0.0,0.0,0.0,0.0,0.0,0.0,0.0,0,0,0.0,true
java/gadgets/src/main/java/org/apache/shindig/gadgets/LockedDomainService.java,35.0,1.0,10.0,5.0,0.0,19.0,0.0,lindner@13f79535-47bb-0310-9956-ffa450edef68,0,0.0,0.0,0.0,0.0,0.0,0.0,0.0,0,0,0.0,false
java/gadgets/src/main/java/org/apache/shindig/gadgets/RenderingContext.java,0.0,0.0,0.0,0.0,0.0,0.0,0.0,null,0,0.0,0.0,0.0,0.0,0.0,0.0,0.0,0,0,0.0,false
java/gadgets/src/main/java/org/apache/shindig/gadgets/admin/BasicGadgetAdminStore.java,280.0,24.0,134.0,20.0,82.0,72.0,0.0,hsaputra@13f79535-47bb-0310-9956-ffa450edef68,0,0.0,0.0,0.0,0.0,0.0,0.0,0.0,0,0,0.0,false
java/gadgets/src/main/java/org/apache/shindig/gadgets/admin/ContainerAdminData.java,147.0,6.0,0.0,12.0,27.0,39.0,0.0,rbaxter85@13f79535-47bb-0310-9956-ffa450edef68,0,0.0,0.0,0.0,0.0,0.0,0.0,0.0,0,0,0.0,false
java/gadgets/src/main/java/org/apache/shindig/gadgets/admin/FeatureAdminData.java,127.0,3.0,0.0,15.0,16.0,34.0,0.0,rbaxter85@13f79535-47bb-0310-9956-ffa450edef68,0,0.0,0.0,0.0,0.0,0.0,0.0,0.0,0,0,0.0,false
java/gadgets/src/main/java/org/apache/shindig/gadgets/admin/GadgetAdminData.java,47.0,1.0,0.0,6.0,3.0,13.0,0.0,rbaxter85@13f79535-47bb-0310-9956-ffa450edef68,0,0.0,0.0,0.0,0.0,0.0,0.0,0.0,0,0,0.0,false
java/gadgets/src/main/java/org/apache/shindig/gadgets/admin/GadgetAdminModule.java,34.0,8.0,0.0,1.0,2.0,1.0,0.0,lindner@13f79535-47bb-0310-9956-ffa450edef68,0,0.0,0.0,0.0,0.0,0.0,0.0,0.0,0,1,0.0,false
java/gadgets/src/main/java/org/apache/shindig/gadgets/admin/GadgetAdminStore.java,57.0,2.0,28.0,8.0,0.0,24.0,0.0,hsaputra@13f79535-47bb-0310-9956-ffa450edef68,0,0.0,0.0,0.0,0.0,0.0,0.0,0.0,0,0,0.0,false
java/gadgets/src/main/java/org/apache/shindig/gadgets/admin/ServerAdminData.java,81.0,5.0,0.0,10.0,13.0,21.0,0.0,hsaputra@13f79535-47bb-0310-9956-ffa450edef68,0,0.0,0.0,0.0,0.0,0.0,0.0,0.0,0,0,0.0,false
java/gadgets/src/main/java/org/apache/shindig/gadgets/config/CoreUtilConfigContributor.java,42.0,10.0,1.0,3.0,15.0,6.0,0.0,lindner@13f79535-47bb-0310-9956-ffa450edef68,0,0.0,0.0,0.0,0.0,0.0,0.0,0.0,0,0,0.0,true
java/gadgets/src/main/java/org/apache/shindig/gadgets/config/ShindigAuthConfigContributor.java,38.0,10.0,1.0,3.0,9.0,5.0,0.0,lindner@13f79535-47bb-0310-9956-ffa450edef68,0,0.0,0.0,0.0,0.0,0.0,0.0,0.0,0,0,0.0,false
java/gadgets/src/main/java/org/apache/shindig/gadgets/config/XhrwrapperConfigContributor.java,51.0,10.0,6.0,4.0,19.0,8.0,0.0,lindner@13f79535-47bb-0310-9956-ffa450edef68,0,0.0,0.0,0.0,0.0,0.0,0.0,0.0,0,0,0.0,false
java/gadgets/src/main/java/org/apache/shindig/gadgets/features/BrowserSpecificFeatureResource.java,189.0,13.0,0.0,9.0,26.0,24.0,68.0,lindner@13f79535-47bb-0310-9956-ffa450edef68,1,0.007692307692307693,8.0,0.0,0.0,0.0,797.7575757575758,13702.080877132146,1,2,1.7635885922613588,false
java/gadgets/src/main/java/org/apache/shindig/gadgets/features/FeatureRegistry.java,485.0,33.0,132.0,20.0,135.0,78.0,68.0,lindner@13f79535-47bb-0310-9956-ffa450edef68,1,0.007692307692307693,3.0,0.0,0.0,0.0,797.7575757575758,13702.080877132146,1,6,1.7635885922613588,true
java/gadgets/src/main/java/org/apache/shindig/gadgets/features/FeatureResource.java,71.0,2.0,15.0,6.0,0.0,17.0,0.0,ssievers@13f79535-47bb-0310-9956-ffa450edef68,0,0.0,0.0,0.0,0.0,0.0,0.0,0.0,0,2,0.0,false
java/gadgets/src/main/java/org/apache/shindig/gadgets/features/FeatureResourceLoader.java,223.0,14.0,41.0,10.0,18.0,33.0,0.0,null,0,0.0,0.0,0.0,0.0,0.0,0.0,0.0,0,5,0.0,false
java/gadgets/src/main/java/org/apache/shindig/gadgets/http/AbstractHttpCache.java,157.0,8.0,178.0,20.0,78.0,64.0,0.0,null,0,0.0,0.0,0.0,0.0,0.0,0.0,0.0,0,5,0.0,true
java/gadgets/src/main/java/org/apache/shindig/gadgets/http/BasicHttpFetcher.java,308.0,70.0,38.0,12.0,115.0,48.0,23.0,lindner@13f79535-47bb-0310-9956-ffa450edef68,1,0.007692307692307693,9.0,0.0,6.0,0.0,797.7575757575758,13702.080877132146,1,7,1.7635885922613588,true
java/gadgets/src/main/java/org/apache/shindig/gadgets/http/DefaultInvalidationService.java,94.0,9.0,16.0,8.0,31.0,23.0,0.0,woodser@13f79535-47bb-0310-9956-ffa450edef68,0,0.0,0.0,0.0,0.0,0.0,0.0,0.0,0,0,0.0,false
java/gadgets/src/main/java/org/apache/shindig/gadgets/http/DefaultRequestPipeline.java,113.0,17.0,4.0,4.0,35.0,20.0,0.0,null,0,0.0,0.0,0.0,0.0,0.0,0.0,0.0,0,6,0.0,false
java/gadgets/src/main/java/org/apache/shindig/gadgets/http/HttpRequest.java,389.0,20.0,955.0,51.0,41.0,135.0,68.0,lindner@13f79535-47bb-0310-9956-ffa450edef68,1,0.007692307692307693,9.0,0.0,0.0,0.0,797.7575757575758,13702.080877132146,1,2,1.7635885922613588,false
java/gadgets/src/main/java/org/apache/shindig/gadgets/http/HttpResponse.java,452.0,33.0,512.0,40.0,122.0,119.0,68.0,null,1,0.007692307692307693,4.0,0.0,0.0,0.0,797.7575757575758,13702.080877132146,1,7,1.7635885922613588,true
java/gadgets/src/main/java/org/apache/shindig/gadgets/http/HttpResponseBuilder.java,247.0,18.0,379.0,34.0,84.0,84.0,68.0,lindner@13f79535-47bb-0310-9956-ffa450edef68,1,0.007692307692307693,6.0,0.0,0.0,0.0,797.7575757575758,13702.080877132146,1,6,1.7635885922613588,true
java/gadgets/src/main/java/org/apache/shindig/gadgets/js/AddJslInfoVariableProcessor.java,46.0,10.0,4.0,4.0,19.0,12.0,68.0,null,1,0.007692307692307693,12.0,0.0,0.0,0.0,797.7575757575758,13702.080877132146,1,1,1.7635885922613588,false
java/gadgets/src/main/java/org/apache/shindig/gadgets/js/AddJslLoadedVariableProcessor.java,32.0,7.0,3.0,3.0,15.0,12.0,68.0,null,1,0.007692307692307693,12.0,0.0,0.0,0.0,797.7575757575758,13702.080877132146,1,1,1.7635885922613588,false
java/gadgets/src/main/java/org/apache/shindig/gadgets/js/AddOnloadFunctionProcessor.java,28.0,5.0,1.0,2.0,9.0,8.0,68.0,johnh@13f79535-47bb-0310-9956-ffa450edef68,1,0.007692307692307693,11.0,0.0,0.0,0.0,797.7575757575758,13702.080877132146,1,4,1.7635885922613588,false
java/gadgets/src/main/java/org/apache/shindig/gadgets/js/DeferJsProcessor.java,64.0,12.0,10.0,5.0,28.0,19.0,0.0,ssievers@13f79535-47bb-0310-9956-ffa450edef68,0,0.0,0.0,0.0,0.0,0.0,0.0,0.0,0,2,0.0,false
java/gadgets/src/main/java/org/apache/shindig/gadgets/js/ExportJsProcessor.java,68.0,11.0,6.0,4.0,26.0,16.0,0.0,mhermanto@13f79535-47bb-0310-9956-ffa450edef68,0,0.0,0.0,0.0,0.0,0.0,0.0,0.0,0,4,0.0,false
java/gadgets/src/main/java/org/apache/shindig/gadgets/js/JsRequest.java,69.0,5.0,12.0,8.0,9.0,17.0,0.0,ssievers@13f79535-47bb-0310-9956-ffa450edef68,0,0.0,0.0,0.0,0.0,0.0,0.0,0.0,0,2,0.0,false
java/gadgets/src/main/java/org/apache/shindig/gadgets/js/JsResponseBuilder.java,210.0,6.0,168.0,25.0,47.0,59.0,0.0,mhermanto@13f79535-47bb-0310-9956-ffa450edef68,0,0.0,0.0,0.0,0.0,0.0,0.0,0.0,0,5,0.0,false
java/gadgets/src/main/java/org/apache/shindig/gadgets/js/SeparatorCommentingProcessor.java,30.0,2.0,1.0,2.0,10.0,8.0,0.0,mhermanto@13f79535-47bb-0310-9956-ffa450edef68,0,0.0,0.0,0.0,0.0,0.0,0.0,0.0,0,3,0.0,false
java/gadgets/src/main/java/org/apache/shindig/gadgets/oauth/BasicOAuthStore.java,167.0,16.0,139.0,19.0,47.0,39.0,0.0,lindner@13f79535-47bb-0310-9956-ffa450edef68,0,0.0,0.0,0.0,0.0,0.0,0.0,0.0,0,1,0.0,false
java/gadgets/src/main/java/org/apache/shindig/gadgets/oauth/GadgetOAuthCallbackGenerator.java,60.0,16.0,4.0,5.0,24.0,17.0,0.0,lindner@13f79535-47bb-0310-9956-ffa450edef68,0,0.0,0.0,0.0,0.0,0.0,0.0,0.0,0,1,0.0,false
java/gadgets/src/main/java/org/apache/shindig/gadgets/oauth/GadgetOAuthTokenStore.java,185.0,18.0,33.0,11.0,66.0,52.0,0.0,null,0,0.0,0.0,0.0,0.0,0.0,0.0,0.0,0,1,0.0,false
java/gadgets/src/main/java/org/apache/shindig/gadgets/oauth/OAuthArguments.java,291.0,10.0,432.0,40.0,33.0,75.0,0.0,lindner@13f79535-47bb-0310-9956-ffa450edef68,0,0.0,0.0,0.0,0.0,0.0,0.0,0.0,0,2,0.0,false
java/gadgets/src/main/java/org/apache/shindig/gadgets/oauth/OAuthCallbackState.java,40.0,4.0,0.0,5.0,7.0,11.0,0.0,ssievers@13f79535-47bb-0310-9956-ffa450edef68,0,0.0,0.0,0.0,0.0,0.0,0.0,0.0,0,0,0.0,false
java/gadgets/src/main/java/org/apache/shindig/gadgets/oauth/OAuthCallbackStateToken.java,41.0,3.0,41.0,10.0,5.0,18.0,0.0,rbaxter85@13f79535-47bb-0310-9956-ffa450edef68,0,0.0,0.0,0.0,0.0,0.0,0.0,0.0,0,0,0.0,false
java/gadgets/src/main/java/org/apache/shindig/gadgets/oauth/OAuthClientState.java,164.0,8.0,154.0,24.0,33.0,47.0,0.0,ssievers@13f79535-47bb-0310-9956-ffa450edef68,0,0.0,0.0,0.0,0.0,0.0,0.0,0.0,0,0,0.0,false
java/gadgets/src/main/java/org/apache/shindig/gadgets/oauth/OAuthModule.java,100.0,20.0,0.0,1.0,4.0,1.0,68.0,lindner@13f79535-47bb-0310-9956-ffa450edef68,1,0.007692307692307693,10.0,0.0,0.0,0.0,797.7575757575758,13702.080877132146,1,1,1.7635885922613588,false
java/gadgets/src/main/java/org/apache/shindig/gadgets/oauth/OAuthRequest.java,660.0,34.0,186.0,36.0,271.0,153.0,68.0,lindner@13f79535-47bb-0310-9956-ffa450edef68,1,0.007692307692307693,4.0,0.0,0.0,0.0,797.7575757575758,13702.080877132146,1,7,1.7635885922613588,true
java/gadgets/src/main/java/org/apache/shindig/gadgets/oauth2/BasicOAuth2Accessor.java,225.0,0.0,706.0,44.0,27.0,71.0,12.0,woodser@13f79535-47bb-0310-9956-ffa450edef68,1,0.007692307692307693,25.0,25.0,0.0,0.0,62.30769230769231,266.43985088203686,1,0,2.3025850929940455,false
java/gadgets/src/main/java/org/apache/shindig/gadgets/oauth2/BasicOAuth2Message.java,164.0,10.0,0.0,21.0,41.0,43.0,0.0,woodser@13f79535-47bb-0310-9956-ffa450edef68,0,0.0,0.0,0.0,0.0,0.0,0.0,0.0,0,0,0.0,false
java/gadgets/src/main/java/org/apache/shindig/gadgets/oauth2/BasicOAuth2Request.java,613.0,21.0,0.0,21.0,180.0,85.0,12.0,ssievers@13f79535-47bb-0310-9956-ffa450edef68,1,0.007692307692307693,7.0,7.0,0.0,0.0,62.30769230769231,266.43985088203686,1,1,2.3025850929940455,true
java/gadgets/src/main/java/org/apache/shindig/gadgets/oauth2/BasicOAuth2Store.java,290.0,11.0,0.0,15.0,118.0,56.0,0.0,ssievers@13f79535-47bb-0310-9956-ffa450edef68,0,0.0,0.0,0.0,0.0,0.0,0.0,0.0,0,0,0.0,true
java/gadgets/src/main/java/org/apache/shindig/gadgets/oauth2/GadgetOAuth2TokenStore.java,179.0,12.0,0.0,5.0,42.0,23.0,0.0,woodser@13f79535-47bb-0310-9956-ffa450edef68,0,0.0,0.0,0.0,0.0,0.0,0.0,0.0,0,1,0.0,false
java/gadgets/src/main/java/org/apache/shindig/gadgets/oauth2/OAuth2Accessor.java,147.0,2.0,496.0,32.0,0.0,67.0,12.0,woodser@13f79535-47bb-0310-9956-ffa450edef68,1,0.007692307692307693,25.0,25.0,0.0,0.0,62.30769230769231,266.43985088203686,1,0,2.3025850929940455,false
java/gadgets/src/main/java/org/apache/shindig/gadgets/oauth2/OAuth2Arguments.java,95.0,9.0,31.0,14.0,22.0,32.0,0.0,woodser@13f79535-47bb-0310-9956-ffa450edef68,0,0.0,0.0,0.0,0.0,0.0,0.0,0.0,0,1,0.0,false
java/gadgets/src/main/java/org/apache/shindig/gadgets/oauth2/OAuth2Error.java,0.0,0.0,0.0,0.0,0.0,0.0,0.0,woodser@13f79535-47bb-0310-9956-ffa450edef68,0,0.0,0.0,0.0,0.0,0.0,0.0,0.0,0,0,0.0,false
java/gadgets/src/main/java/org/apache/shindig/gadgets/oauth2/OAuth2FetcherConfig.java,29.0,2.0,0.0,4.0,1.0,10.0,0.0,woodser@13f79535-47bb-0310-9956-ffa450edef68,0,0.0,0.0,0.0,0.0,0.0,0.0,0.0,0,0,0.0,false
java/gadgets/src/main/java/org/apache/shindig/gadgets/oauth2/OAuth2GadgetContext.java,32.0,3.0,5.0,6.0,3.0,11.0,0.0,woodser@13f79535-47bb-0310-9956-ffa450edef68,0,0.0,0.0,0.0,0.0,0.0,0.0,0.0,0,0,0.0,false
java/gadgets/src/main/java/org/apache/shindig/gadgets/oauth2/OAuth2Message.java,141.0,2.0,190.0,20.0,0.0,34.0,0.0,woodser@13f79535-47bb-0310-9956-ffa450edef68,0,0.0,0.0,0.0,0.0,0.0,0.0,0.0,0,0,0.0,false
java/gadgets/src/main/java/org/apache/shindig/gadgets/oauth2/OAuth2MessageModule.java,15.0,3.0,0.0,1.0,2.0,1.0,0.0,woodser@13f79535-47bb-0310-9956-ffa450edef68,0,0.0,0.0,0.0,0.0,0.0,0.0,0.0,0,0,0.0,false
java/gadgets/src/main/java/org/apache/shindig/gadgets/oauth2/OAuth2Module.java,72.0,21.0,0.0,1.0,2.0,1.0,12.0,ssievers@13f79535-47bb-0310-9956-ffa450edef68,1,0.007692307692307693,17.0,17.0,0.0,0.0,62.30769230769231,266.43985088203686,1,0,2.3025850929940455,false
java/gadgets/src/main/java/org/apache/shindig/gadgets/oauth2/OAuth2Request.java,11.0,2.0,0.0,1.0,0.0,2.0,0.0,woodser@13f79535-47bb-0310-9956-ffa450edef68,0,0.0,0.0,0.0,0.0,0.0,0.0,0.0,0,0,0.0,false
java/gadgets/src/main/java/org/apache/shindig/gadgets/oauth2/OAuth2RequestException.java,45.0,0.0,0.0,5.0,5.0,11.0,0.0,woodser@13f79535-47bb-0310-9956-ffa450edef68,0,0.0,0.0,0.0,0.0,0.0,0.0,0.0,0,0,0.0,false
java/gadgets/src/main/java/org/apache/shindig/gadgets/oauth2/OAuth2ResponseParams.java,84.0,8.0,15.0,7.0,8.0,13.0,0.0,woodser@13f79535-47bb-0310-9956-ffa450edef68,0,0.0,0.0,0.0,0.0,0.0,0.0,0.0,0,0,0.0,false
java/gadgets/src/main/java/org/apache/shindig/gadgets/oauth2/OAuth2Store.java,82.0,2.0,55.0,11.0,0.0,35.0,0.0,ssievers@13f79535-47bb-0310-9956-ffa450edef68,0,0.0,0.0,0.0,0.0,0.0,0.0,0.0,0,0,0.0,false
java/gadgets/src/main/java/org/apache/shindig/gadgets/oauth2/OAuth2Token.java,124.0,2.0,298.0,25.0,0.0,59.0,0.0,woodser@13f79535-47bb-0310-9956-ffa450edef68,0,0.0,0.0,0.0,0.0,0.0,0.0,0.0,0,0,0.0,false
java/gadgets/src/main/java/org/apache/shindig/gadgets/oauth2/OAuth2Utils.java,128.0,15.0,6.0,4.0,36.0,20.0,68.0,ssievers@13f79535-47bb-0310-9956-ffa450edef68,1,0.007692307692307693,17.0,0.0,0.0,0.0,797.7575757575758,13702.080877132146,1,1,1.7635885922613588,true
java/gadgets/src/main/java/org/apache/shindig/gadgets/oauth2/handler/AuthorizationEndpointResponseHandler.java,33.0,4.0,6.0,4.0,0.0,10.0,0.0,woodser@13f79535-47bb-0310-9956-ffa450edef68,0,0.0,0.0,0.0,0.0,0.0,0.0,0.0,0,0,0.0,false
java/gadgets/src/main/java/org/apache/shindig/gadgets/oauth2/handler/BasicAuthenticationHandler.java,43.0,5.0,10.0,5.0,9.0,11.0,8.0,ssievers@13f79535-47bb-0310-9956-ffa450edef68,1,0.007692307692307693,29.0,29.0,0.0,0.0,62.30769230769231,266.43985088203686,1,1,2.3025850929940455,false
java/gadgets/src/main/java/org/apache/shindig/gadgets/oauth2/handler/BearerTokenHandler.java,54.0,9.0,8.0,5.0,20.0,11.0,0.0,woodser@13f79535-47bb-0310-9956-ffa450edef68,0,0.0,0.0,0.0,0.0,0.0,0.0,0.0,0,0,0.0,false
java/gadgets/src/main/java/org/apache/shindig/gadgets/oauth2/handler/ClientAuthenticationHandler.java,16.0,2.0,1.0,2.0,0.0,6.0,0.0,woodser@13f79535-47bb-0310-9956-ffa450edef68,0,0.0,0.0,0.0,0.0,0.0,0.0,0.0,0,0,0.0,false
java/gadgets/src/main/java/org/apache/shindig/gadgets/oauth2/handler/ClientCredentialsGrantTypeHandler.java,106.0,12.0,24.0,8.0,39.0,26.0,8.0,ssievers@13f79535-47bb-0310-9956-ffa450edef68,1,0.007692307692307693,22.0,22.0,0.0,0.0,62.30769230769231,266.43985088203686,1,0,2.3025850929940455,true
java/gadgets/src/main/java/org/apache/shindig/gadgets/oauth2/handler/CodeAuthorizationResponseHandler.java,184.0,17.0,16.0,8.0,56.0,31.0,4.0,ssievers@13f79535-47bb-0310-9956-ffa450edef68,1,0.007692307692307693,11.0,11.0,0.0,0.0,62.30769230769231,266.43985088203686,1,1,2.3025850929940455,true
java/gadgets/src/main/java/org/apache/shindig/gadgets/oauth2/handler/CodeGrantTypeHandler.java,53.0,9.0,26.0,8.0,14.0,18.0,12.0,ssievers@13f79535-47bb-0310-9956-ffa450edef68,1,0.007692307692307693,17.0,17.0,0.0,0.0,62.30769230769231,266.43985088203686,1,1,2.3025850929940455,false
java/gadgets/src/main/java/org/apache/shindig/gadgets/oauth2/handler/GrantRequestHandler.java,36.0,3.0,15.0,6.0,0.0,16.0,0.0,woodser@13f79535-47bb-0310-9956-ffa450edef68,0,0.0,0.0,0.0,0.0,0.0,0.0,0.0,0,0,0.0,false
java/gadgets/src/main/java/org/apache/shindig/gadgets/oauth2/handler/MacTokenHandler.java,163.0,10.0,64.0,12.0,54.0,34.0,0.0,ssievers@13f79535-47bb-0310-9956-ffa450edef68,0,0.0,0.0,0.0,0.0,0.0,0.0,0.0,0,0,0.0,false
java/gadgets/src/main/java/org/apache/shindig/gadgets/oauth2/handler/OAuth2HandlerError.java,35.0,2.0,0.0,5.0,2.0,10.0,0.0,woodser@13f79535-47bb-0310-9956-ffa450edef68,0,0.0,0.0,0.0,0.0,0.0,0.0,0.0,0,0,0.0,false
java/gadgets/src/main/java/org/apache/shindig/gadgets/oauth2/handler/OAuth2HandlerModule.java,26.0,6.0,15.0,6.0,8.0,12.0,0.0,woodser@13f79535-47bb-0310-9956-ffa450edef68,0,0.0,0.0,0.0,0.0,0.0,0.0,0.0,0,0,0.0,false
java/gadgets/src/main/java/org/apache/shindig/gadgets/oauth2/handler/ResourceRequestHandler.java,16.0,3.0,1.0,2.0,0.0,6.0,0.0,woodser@13f79535-47bb-0310-9956-ffa450edef68,0,0.0,0.0,0.0,0.0,0.0,0.0,0.0,0,0,0.0,false
java/gadgets/src/main/java/org/apache/shindig/gadgets/oauth2/handler/StandardAuthenticationHandler.java,47.0,4.0,10.0,5.0,8.0,11.0,8.0,ssievers@13f79535-47bb-0310-9956-ffa450edef68,1,0.007692307692307693,33.0,33.0,0.0,0.0,62.30769230769231,266.43985088203686,1,0,2.3025850929940455,false
java/gadgets/src/main/java/org/apache/shindig/gadgets/oauth2/handler/TokenAuthorizationResponseHandler.java,139.0,11.0,8.0,5.0,50.0,16.0,0.0,ssievers@13f79535-47bb-0310-9956-ffa450edef68,0,0.0,0.0,0.0,0.0,0.0,0.0,0.0,0,1,0.0,false
java/gadgets/src/main/java/org/apache/shindig/gadgets/oauth2/handler/TokenEndpointResponseHandler.java,19.0,2.0,1.0,2.0,0.0,5.0,0.0,woodser@13f79535-47bb-0310-9956-ffa450edef68,0,0.0,0.0,0.0,0.0,0.0,0.0,0.0,0,0,0.0,false
java/gadgets/src/main/java/org/apache/shindig/gadgets/oauth2/logger/FilteredLogger.java,99.0,6.0,46.0,20.0,31.0,37.0,0.0,woodser@13f79535-47bb-0310-9956-ffa450edef68,0,0.0,0.0,0.0,0.0,0.0,0.0,0.0,0,0,0.0,false
java/gadgets/src/main/java/org/apache/shindig/gadgets/oauth2/persistence/OAuth2Cache.java,113.0,4.0,136.0,17.0,0.0,43.0,0.0,woodser@13f79535-47bb-0310-9956-ffa450edef68,0,0.0,0.0,0.0,0.0,0.0,0.0,0.0,0,0,0.0,false
java/gadgets/src/main/java/org/apache/shindig/gadgets/oauth2/persistence/OAuth2CacheException.java,9.0,0.0,0.0,1.0,0.0,1.0,0.0,woodser@13f79535-47bb-0310-9956-ffa450edef68,0,0.0,0.0,0.0,0.0,0.0,0.0,0.0,0,0,0.0,false
java/gadgets/src/main/java/org/apache/shindig/gadgets/oauth2/persistence/OAuth2Client.java,168.0,4.0,426.0,33.0,5.0,57.0,0.0,ssievers@13f79535-47bb-0310-9956-ffa450edef68,0,0.0,0.0,0.0,0.0,0.0,0.0,0.0,0,1,0.0,false
java/gadgets/src/main/java/org/apache/shindig/gadgets/oauth2/persistence/OAuth2Encrypter.java,17.0,0.0,1.0,2.0,0.0,6.0,0.0,woodser@13f79535-47bb-0310-9956-ffa450edef68,0,0.0,0.0,0.0,0.0,0.0,0.0,0.0,0,0,0.0,false
java/gadgets/src/main/java/org/apache/shindig/gadgets/oauth2/persistence/OAuth2EncryptionException.java,9.0,1.0,0.0,1.0,0.0,1.0,0.0,woodser@13f79535-47bb-0310-9956-ffa450edef68,0,0.0,0.0,0.0,0.0,0.0,0.0,0.0,0,0,0.0,false
java/gadgets/src/main/java/org/apache/shindig/gadgets/oauth2/persistence/OAuth2PersistenceException.java,9.0,0.0,0.0,1.0,0.0,1.0,0.0,woodser@13f79535-47bb-0310-9956-ffa450edef68,0,0.0,0.0,0.0,0.0,0.0,0.0,0.0,0,0,0.0,false
java/gadgets/src/main/java/org/apache/shindig/gadgets/oauth2/persistence/OAuth2Persister.java,61.0,6.0,28.0,8.0,0.0,22.0,0.0,woodser@13f79535-47bb-0310-9956-ffa450edef68,0,0.0,0.0,0.0,0.0,0.0,0.0,0.0,0,0,0.0,false
java/gadgets/src/main/java/org/apache/shindig/gadgets/oauth2/persistence/OAuth2TokenPersistence.java,195.0,7.0,421.0,34.0,16.0,64.0,0.0,ssievers@13f79535-47bb-0310-9956-ffa450edef68,0,0.0,0.0,0.0,0.0,0.0,0.0,0.0,0,1,0.0,false
java/gadgets/src/main/java/org/apache/shindig/gadgets/oauth2/persistence/sample/InMemoryCache.java,95.0,11.0,81.0,18.0,39.0,46.0,0.0,ssievers@13f79535-47bb-0310-9956-ffa450edef68,0,0.0,0.0,0.0,0.0,0.0,0.0,0.0,0,1,0.0,false
java/gadgets/src/main/java/org/apache/shindig/gadgets/oauth2/persistence/sample/JSONOAuth2Persister.java,228.0,26.0,127.0,18.0,84.0,53.0,0.0,ssievers@13f79535-47bb-0310-9956-ffa450edef68,0,0.0,0.0,0.0,0.0,0.0,0.0,0.0,0,1,0.0,false
java/gadgets/src/main/java/org/apache/shindig/gadgets/oauth2/persistence/sample/NoOpEncrypter.java,13.0,4.0,3.0,3.0,0.0,7.0,0.0,woodser@13f79535-47bb-0310-9956-ffa450edef68,0,0.0,0.0,0.0,0.0,0.0,0.0,0.0,0,0,0.0,false
java/gadgets/src/main/java/org/apache/shindig/gadgets/oauth2/persistence/sample/OAuth2GadgetBinding.java,62.0,0.0,0.0,8.0,2.0,19.0,0.0,woodser@13f79535-47bb-0310-9956-ffa450edef68,0,0.0,0.0,0.0,0.0,0.0,0.0,0.0,0,1,0.0,false
java/gadgets/src/main/java/org/apache/shindig/gadgets/oauth2/persistence/sample/OAuth2PersistenceModule.java,10.0,4.0,0.0,1.0,2.0,1.0,0.0,woodser@13f79535-47bb-0310-9956-ffa450edef68,0,0.0,0.0,0.0,0.0,0.0,0.0,0.0,0,0,0.0,false
java/gadgets/src/main/java/org/apache/shindig/gadgets/oauth2/persistence/sample/OAuth2Provider.java,75.0,1.0,63.0,15.0,2.0,27.0,0.0,woodser@13f79535-47bb-0310-9956-ffa450edef68,0,0.0,0.0,0.0,0.0,0.0,0.0,0.0,0,0,0.0,false
java/gadgets/src/main/java/org/apache/shindig/gadgets/parse/CompactHtmlSerializer.java,56.0,4.0,10.0,5.0,17.0,20.0,68.0,ssievers@13f79535-47bb-0310-9956-ffa450edef68,1,0.007692307692307693,25.0,0.0,0.0,0.0,797.7575757575758,13702.080877132146,1,0,1.7635885922613588,false
java/gadgets/src/main/java/org/apache/shindig/gadgets/parse/GadgetHtmlParser.java,273.0,20.0,133.0,18.0,103.0,55.0,0.0,null,0,0.0,0.0,0.0,0.0,0.0,0.0,0.0,0,6,0.0,true
java/gadgets/src/main/java/org/apache/shindig/gadgets/parse/nekohtml/NekoSimplifiedHtmlParser.java,335.0,34.0,21.0,7.0,37.0,23.0,68.0,lindner@13f79535-47bb-0310-9956-ffa450edef68,1,0.007692307692307693,10.0,0.0,0.0,0.0,797.7575757575758,13702.080877132146,1,2,1.7635885922613588,false
java/gadgets/src/main/java/org/apache/shindig/gadgets/preload/HttpPreloader.java,50.0,19.0,3.0,3.0,25.0,8.0,0.0,woodser@13f79535-47bb-0310-9956-ffa450edef68,0,0.0,0.0,0.0,0.0,0.0,0.0,0.0,0,0,0.0,false
java/gadgets/src/main/java/org/apache/shindig/gadgets/preload/PipelinedDataPreloader.java,260.0,31.0,17.0,7.0,33.0,32.0,68.0,lindner@13f79535-47bb-0310-9956-ffa450edef68,1,0.007692307692307693,14.0,0.0,0.0,0.0,797.7575757575758,13702.080877132146,1,1,1.7635885922613588,false
java/gadgets/src/main/java/org/apache/shindig/gadgets/process/Processor.java,77.0,18.0,2.0,4.0,26.0,16.0,0.0,null,0,0.0,0.0,0.0,0.0,0.0,0.0,0.0,0,2,0.0,true
java/gadgets/src/main/java/org/apache/shindig/gadgets/render/DefaultServiceFetcher.java,99.0,22.0,5.0,6.0,33.0,20.0,0.0,null,0,0.0,0.0,0.0,0.0,0.0,0.0,0.0,0,2,0.0,true
java/gadgets/src/main/java/org/apache/shindig/gadgets/render/HtmlRenderer.java,51.0,11.0,1.0,3.0,14.0,10.0,1.0,hsaputra@13f79535-47bb-0310-9956-ffa450edef68,1,0.007692307692307693,25.0,0.0,0.0,0.0,78.0,541.0507959556336,1,1,1.4759065198095778,false
java/gadgets/src/main/java/org/apache/shindig/gadgets/render/ProxyRenderer.java,89.0,20.0,6.0,5.0,51.0,18.0,0.0,lindner@13f79535-47bb-0310-9956-ffa450edef68,0,0.0,0.0,0.0,0.0,0.0,0.0,0.0,0,1,0.0,false
java/gadgets/src/main/java/org/apache/shindig/gadgets/render/Renderer.java,84.0,16.0,2.0,4.0,33.0,14.0,0.0,null,0,0.0,0.0,0.0,0.0,0.0,0.0,0.0,0,3,0.0,false
java/gadgets/src/main/java/org/apache/shindig/gadgets/render/RenderingGadgetRewriter.java,291.0,54.0,143.0,19.0,164.0,58.0,68.0,null,1,0.007692307692307693,2.0,0.0,0.0,0.0,797.7575757575758,13702.080877132146,1,6,1.7635885922613588,true
java/gadgets/src/main/java/org/apache/shindig/gadgets/render/SanitizingGadgetRewriter.java,251.0,25.0,13.0,6.0,10.0,15.0,0.0,johnh@13f79535-47bb-0310-9956-ffa450edef68,0,0.0,0.0,0.0,0.0,0.0,0.0,0.0,0,2,0.0,false
java/gadgets/src/main/java/org/apache/shindig/gadgets/render/SanitizingResponseRewriter.java,91.0,18.0,0.0,4.0,37.0,12.0,0.0,lindner@13f79535-47bb-0310-9956-ffa450edef68,0,0.0,0.0,0.0,0.0,0.0,0.0,0.0,0,2,0.0,false
java/gadgets/src/main/java/org/apache/shindig/gadgets/rewrite/ContentRewriterFeature.java,284.0,21.0,0.0,0.0,0.0,0.0,7.0,lindner@13f79535-47bb-0310-9956-ffa450edef68,1,0.007692307692307693,7.0,7.0,0.0,0.0,78.0,541.0507959556336,1,4,1.4759065198095778,false
java/gadgets/src/main/java/org/apache/shindig/gadgets/rewrite/CssResponseRewriter.java,166.0,29.0,20.0,8.0,59.0,33.0,68.0,lindner@13f79535-47bb-0310-9956-ffa450edef68,1,0.007692307692307693,7.0,0.0,0.0,0.0,797.7575757575758,13702.080877132146,1,3,1.7635885922613588,false
java/gadgets/src/main/java/org/apache/shindig/gadgets/rewrite/DefaultResponseRewriterRegistry.java,25.0,8.0,0.0,2.0,4.0,6.0,0.0,ssievers@13f79535-47bb-0310-9956-ffa450edef68,0,0.0,0.0,0.0,0.0,0.0,0.0,0.0,0,1,0.0,false
java/gadgets/src/main/java/org/apache/shindig/gadgets/rewrite/ImageAttributeRewriter.java,128.0,29.0,0.0,1.0,0.0,1.0,0.0,lindner@13f79535-47bb-0310-9956-ffa450edef68,0,0.0,0.0,0.0,0.0,0.0,0.0,0.0,0,3,0.0,false
java/gadgets/src/main/java/org/apache/shindig/gadgets/rewrite/ImageResizeRewriter.java,107.0,14.0,0.0,2.0,3.0,3.0,37.0,lindner@13f79535-47bb-0310-9956-ffa450edef68,2,0.015384615384615385,22.0,11.0,0.0,0.0,875.7575757575758,14243.13167308778,2,3,0.9266003754755229,false
java/gadgets/src/main/java/org/apache/shindig/gadgets/rewrite/ProxyingContentRewriter.java,18.0,8.0,0.0,2.0,3.0,3.0,7.0,johnh@13f79535-47bb-0310-9956-ffa450edef68,1,0.007692307692307693,12.0,12.0,0.0,0.0,78.0,541.0507959556336,1,0,1.4759065198095778,false
java/gadgets/src/main/java/org/apache/shindig/gadgets/rewrite/RewriteModule.java,78.0,25.0,103.0,15.0,26.0,25.0,1.0,johnh@13f79535-47bb-0310-9956-ffa450edef68,1,0.007692307692307693,4.0,0.0,0.0,4.0,78.0,541.0507959556336,1,5,1.4759065198095778,false
java/gadgets/src/main/java/org/apache/shindig/gadgets/rewrite/RewritePath.java,33.0,1.0,0.0,7.0,5.0,15.0,0.0,lindner@13f79535-47bb-0310-9956-ffa450edef68,0,0.0,0.0,0.0,0.0,0.0,0.0,0.0,0,3,0.0,false
java/gadgets/src/main/java/org/apache/shindig/gadgets/rewrite/ScriptConcatContentRewriter.java,22.0,12.0,0.0,2.0,3.0,4.0,7.0,lindner@13f79535-47bb-0310-9956-ffa450edef68,1,0.007692307692307693,14.0,14.0,0.0,0.0,78.0,541.0507959556336,1,2,1.4759065198095778,false
java/gadgets/src/main/java/org/apache/shindig/gadgets/rewrite/StyleConcatContentRewriter.java,22.0,11.0,0.0,2.0,3.0,4.0,7.0,lindner@13f79535-47bb-0310-9956-ffa450edef68,1,0.007692307692307693,14.0,14.0,0.0,0.0,78.0,541.0507959556336,1,2,1.4759065198095778,false
java/gadgets/src/main/java/org/apache/shindig/gadgets/rewrite/StyleTagExtractorContentRewriter.java,18.0,7.0,0.0,2.0,3.0,3.0,7.0,johnh@13f79535-47bb-0310-9956-ffa450edef68,1,0.007692307692307693,14.0,14.0,0.0,0.0,78.0,541.0507959556336,1,0,1.4759065198095778,false
java/gadgets/src/main/java/org/apache/shindig/gadgets/rewrite/TemplateRewriter.java,255.0,45.0,45.0,11.0,110.0,44.0,1.0,lindner@13f79535-47bb-0310-9956-ffa450edef68,1,0.007692307692307693,5.0,0.0,0.0,5.0,78.0,541.0507959556336,1,3,1.4759065198095778,false
java/gadgets/src/main/java/org/apache/shindig/gadgets/rewrite/image/JpegImageUtils.java,27.0,11.0,1.0,3.0,0.0,4.0,0.0,ssievers@13f79535-47bb-0310-9956-ffa450edef68,0,0.0,0.0,0.0,0.0,0.0,0.0,0.0,0,2,0.0,false
java/gadgets/src/main/java/org/apache/shindig/gadgets/rewrite/js/DefaultJsCompiler.java,26.0,8.0,3.0,3.0,12.0,9.0,0.0,johnh@13f79535-47bb-0310-9956-ffa450edef68,0,0.0,0.0,0.0,0.0,0.0,0.0,0.0,0,5,0.0,false
java/gadgets/src/main/java/org/apache/shindig/gadgets/servlet/ConcatProxyServlet.java,266.0,37.0,35.0,10.0,51.0,34.0,34.0,lindner@13f79535-47bb-0310-9956-ffa450edef68,2,0.015384615384615385,6.0,0.0,0.0,0.0,887.3575757575758,13816.195235429619,2,15,1.2731739657554955,true
java/gadgets/src/main/java/org/apache/shindig/gadgets/servlet/GadgetRenderingServlet.java,126.0,19.0,41.0,10.0,52.0,31.0,68.0,lindner@13f79535-47bb-0310-9956-ffa450edef68,1,0.007692307692307693,6.0,0.0,0.0,0.0,797.7575757575758,13702.080877132146,1,3,1.7635885922613588,false
java/gadgets/src/main/java/org/apache/shindig/gadgets/servlet/GadgetsHandlerApi.java,73.0,7.0,0.0,2.0,0.0,3.0,11.0,null,2,0.015384615384615385,10.0,0.0,0.0,0.0,136.26666666666665,175.14953353794553,2,7,1.0704414117014134,true
java/gadgets/src/main/java/org/apache/shindig/gadgets/servlet/GadgetsHandlerService.java,359.0,65.0,57.0,23.0,202.0,78.0,9.0,zhoresh@13f79535-47bb-0310-9956-ffa450edef68,3,0.023076923076923078,9.0,0.0,0.0,2.0,214.26666666666665,716.200329493579,3,14,0.6094725441096462,true
java/gadgets/src/main/java/org/apache/shindig/gadgets/servlet/HtmlAccelServlet.java,31.0,11.0,1.0,3.0,10.0,7.0,0.0,lindner@13f79535-47bb-0310-9956-ffa450edef68,0,0.0,0.0,0.0,0.0,0.0,0.0,0.0,0,6,0.0,false
java/gadgets/src/main/java/org/apache/shindig/gadgets/servlet/HttpRequestHandler.java,353.0,33.0,74.0,13.0,68.0,44.0,0.0,null,0,0.0,0.0,0.0,0.0,0.0,0.0,0.0,0,5,0.0,false
java/gadgets/src/main/java/org/apache/shindig/gadgets/servlet/MakeRequestHandler.java,245.0,39.0,70.0,13.0,90.0,50.0,68.0,null,1,0.007692307692307693,3.0,0.0,0.0,0.0,797.7575757575758,13702.080877132146,1,6,1.7635885922613588,true
java/gadgets/src/main/java/org/apache/shindig/gadgets/servlet/ModuleCacheKey.java,148.0,9.0,2.0,4.0,3.0,8.0,0.0,ssievers@13f79535-47bb-0310-9956-ffa450edef68,0,0.0,0.0,0.0,0.0,0.0,0.0,0.0,0,2,0.0,false
java/gadgets/src/main/java/org/apache/shindig/gadgets/servlet/OAuth2CallbackServlet.java,98.0,14.0,2.0,5.0,31.0,17.0,0.0,ddumont@13f79535-47bb-0310-9956-ffa450edef68,0,0.0,0.0,0.0,0.0,0.0,0.0,0.0,0,1,0.0,true
java/gadgets/src/main/java/org/apache/shindig/gadgets/servlet/ProxyHandler.java,105.0,24.0,19.0,7.0,41.0,27.0,68.0,johnh@13f79535-47bb-0310-9956-ffa450edef68,1,0.007692307692307693,3.0,0.0,0.0,0.0,797.7575757575758,13702.080877132146,1,10,1.7635885922613588,true
java/gadgets/src/main/java/org/apache/shindig/gadgets/servlet/ProxyServlet.java,79.0,17.0,13.0,7.0,29.0,19.0,0.0,lindner@13f79535-47bb-0310-9956-ffa450edef68,0,0.0,0.0,0.0,0.0,0.0,0.0,0.0,0,5,0.0,true
java/gadgets/src/main/java/org/apache/shindig/gadgets/servlet/RpcSwfServlet.java,45.0,12.0,2.0,5.0,11.0,13.0,0.0,ssievers@13f79535-47bb-0310-9956-ffa450edef68,0,0.0,0.0,0.0,0.0,0.0,0.0,0.0,0,2,0.0,false
java/gadgets/src/main/java/org/apache/shindig/gadgets/servlet/ServletUtil.java,169.0,21.0,76.0,13.0,77.0,44.0,68.0,lindner@13f79535-47bb-0310-9956-ffa450edef68,1,0.007692307692307693,7.0,0.0,0.0,0.0,797.7575757575758,13702.080877132146,1,5,1.7635885922613588,false
java/gadgets/src/main/java/org/apache/shindig/gadgets/spec/BaseOAuthService.java,104.0,6.0,33.0,10.0,11.0,25.0,0.0,woodser@13f79535-47bb-0310-9956-ffa450edef68,0,0.0,0.0,0.0,0.0,0.0,0.0,0.0,0,0,0.0,false
java/gadgets/src/main/java/org/apache/shindig/gadgets/spec/ExternalServices.java,50.0,7.0,1.0,3.0,12.0,6.0,2.0,hsaputra@13f79535-47bb-0310-9956-ffa450edef68,1,0.007692307692307693,60.0,20.0,0.0,0.0,78.0,541.0507959556336,1,0,1.4759065198095778,false
java/gadgets/src/main/java/org/apache/shindig/gadgets/spec/Feature.java,116.0,11.0,0.0,10.0,31.0,27.0,68.0,ssievers@13f79535-47bb-0310-9956-ffa450edef68,1,0.007692307692307693,14.0,0.0,0.0,0.0,797.7575757575758,13702.080877132146,1,1,1.7635885922613588,false
java/gadgets/src/main/java/org/apache/shindig/gadgets/spec/GadgetSpec.java,230.0,18.0,42.0,16.0,50.0,44.0,2.0,lindner@13f79535-47bb-0310-9956-ffa450edef68,1,0.007692307692307693,19.0,6.0,0.0,0.0,78.0,541.0507959556336,1,0,1.4759065198095778,false
java/gadgets/src/main/java/org/apache/shindig/gadgets/spec/LocaleSpec.java,90.0,9.0,6.0,9.0,24.0,23.0,68.0,ssievers@13f79535-47bb-0310-9956-ffa450edef68,1,0.007692307692307693,17.0,0.0,0.0,0.0,797.7575757575758,13702.080877132146,1,1,1.7635885922613588,false
java/gadgets/src/main/java/org/apache/shindig/gadgets/spec/ModulePrefs.java,695.0,30.0,1009.0,47.0,97.0,122.0,68.0,lindner@13f79535-47bb-0310-9956-ffa450edef68,1,0.007692307692307693,6.0,0.0,0.0,0.0,797.7575757575758,13702.080877132146,1,2,1.7635885922613588,false
java/gadgets/src/main/java/org/apache/shindig/gadgets/spec/OAuth2Service.java,62.0,4.0,7.0,6.0,8.0,15.0,0.0,woodser@13f79535-47bb-0310-9956-ffa450edef68,0,0.0,0.0,0.0,0.0,0.0,0.0,0.0,0,0,0.0,false
java/gadgets/src/main/java/org/apache/shindig/gadgets/spec/OAuth2Spec.java,50.0,7.0,0.0,4.0,16.0,13.0,0.0,woodser@13f79535-47bb-0310-9956-ffa450edef68,0,0.0,0.0,0.0,0.0,0.0,0.0,0.0,0,0,0.0,false
java/gadgets/src/main/java/org/apache/shindig/gadgets/spec/OAuthService.java,85.0,4.0,7.0,6.0,9.0,16.0,0.0,lindner@13f79535-47bb-0310-9956-ffa450edef68,0,0.0,0.0,0.0,0.0,0.0,0.0,0.0,0,0,0.0,false
java/gadgets/src/main/java/org/apache/shindig/gadgets/templates/TemplateProcessor.java,31.0,5.0,10.0,5.0,0.0,8.0,0.0,lindner@13f79535-47bb-0310-9956-ffa450edef68,0,0.0,0.0,0.0,0.0,0.0,0.0,0.0,0,1,0.0,false
java/gadgets/src/main/java/org/apache/shindig/gadgets/templates/XmlTemplateLibrary.java,215.0,15.0,83.0,15.0,48.0,43.0,34.0,lindner@13f79535-47bb-0310-9956-ffa450edef68,2,0.015384615384615385,25.0,0.0,0.0,0.0,875.7575757575758,14243.13167308778,2,1,0.9266003754755229,false
java/gadgets/src/main/java/org/apache/shindig/gadgets/templates/tags/CompositeTagRegistry.java,19.0,2.0,0.0,2.0,1.0,5.0,0.0,ssievers@13f79535-47bb-0310-9956-ffa450edef68,0,0.0,0.0,0.0,0.0,0.0,0.0,0.0,0,1,0.0,false
java/gadgets/src/main/java/org/apache/shindig/gadgets/templates/tags/FlashTagHandler.java,313.0,24.0,9.0,6.0,58.0,19.0,68.0,johnh@13f79535-47bb-0310-9956-ffa450edef68,1,0.007692307692307693,14.0,0.0,0.0,0.0,797.7575757575758,13702.080877132146,1,0,1.7635885922613588,false
java/gadgets/src/main/java/org/apache/shindig/gadgets/uri/DefaultConcatUriManager.java,186.0,13.0,50.0,13.0,75.0,39.0,68.0,lindner@13f79535-47bb-0310-9956-ffa450edef68,1,0.007692307692307693,4.0,0.0,0.0,0.0,797.7575757575758,13702.080877132146,1,7,1.7635885922613588,true
java/gadgets/src/main/java/org/apache/shindig/gadgets/uri/DefaultIframeUriManager.java,184.0,20.0,85.0,15.0,66.0,38.0,41.0,null,2,0.015384615384615385,7.0,0.0,0.0,0.0,887.3575757575758,13816.195235429619,2,7,1.2731739657554955,true
java/gadgets/src/main/java/org/apache/shindig/gadgets/uri/DefaultJsUriManager.java,149.0,17.0,20.0,9.0,55.0,26.0,68.0,null,1,0.007692307692307693,3.0,0.0,0.0,0.0,797.7575757575758,13702.080877132146,1,6,1.7635885922613588,true
java/gadgets/src/main/java/org/apache/shindig/gadgets/uri/DefaultProxyUriManager.java,173.0,19.0,5.0,7.0,58.0,26.0,68.0,lindner@13f79535-47bb-0310-9956-ffa450edef68,1,0.007692307692307693,3.0,0.0,0.0,0.0,797.7575757575758,13702.080877132146,1,5,1.7635885922613588,true
java/gadgets/src/main/java/org/apache/shindig/gadgets/uri/HashShaLockedDomainPrefixGenerator.java,12.0,3.0,1.0,2.0,4.0,4.0,0.0,lindner@13f79535-47bb-0310-9956-ffa450edef68,0,0.0,0.0,0.0,0.0,0.0,0.0,0.0,0,0,0.0,true
java/gadgets/src/main/java/org/apache/shindig/gadgets/uri/LockedDomainPrefixGenerator.java,7.0,2.0,1.0,2.0,0.0,2.0,0.0,lindner@13f79535-47bb-0310-9956-ffa450edef68,0,0.0,0.0,0.0,0.0,0.0,0.0,0.0,0,0,0.0,false
java/gadgets/src/main/java/org/apache/shindig/gadgets/uri/ProxyUriBase.java,233.0,15.0,188.0,28.0,55.0,72.0,68.0,johnh@13f79535-47bb-0310-9956-ffa450edef68,1,0.007692307692307693,4.0,0.0,0.0,0.0,797.7575757575758,13702.080877132146,1,5,1.7635885922613588,false
java/gadgets/src/main/java/org/apache/shindig/gadgets/uri/UriStatus.java,0.0,0.0,0.0,0.0,0.0,0.0,0.0,lindner@13f79535-47bb-0310-9956-ffa450edef68,0,0.0,0.0,0.0,0.0,0.0,0.0,0.0,0,0,0.0,false
java/gadgets/src/main/java/org/apache/shindig/gadgets/uri/UriUtils.java,183.0,12.0,37.0,10.0,53.0,40.0,68.0,lindner@13f79535-47bb-0310-9956-ffa450edef68,1,0.007692307692307693,5.0,0.0,0.0,0.0,797.7575757575758,13702.080877132146,1,7,1.7635885922613588,true
java/gadgets/src/main/java/org/apache/shindig/gadgets/variables/UserPrefSubstituter.java,19.0,5.0,0.0,1.0,7.0,3.0,68.0,ssievers@13f79535-47bb-0310-9956-ffa450edef68,1,0.007692307692307693,17.0,0.0,0.0,0.0,797.7575757575758,13702.080877132146,1,0,1.7635885922613588,false
java/gadgets/src/main/java16/org/apache/shindig/gadgets/rewrite/js/ClosureJsCompiler.java,295.0,41.0,160.0,20.0,90.0,53.0,68.0,null,1,0.007692307692307693,3.0,0.0,0.0,0.0,797.7575757575758,13702.080877132146,1,8,1.7635885922613588,false
java/gadgets/src/test/java/org/apache/shindig/gadgets/AuthTypeTest.java,16.0,2.0,0.0,1.0,3.0,1.0,0.0,woodser@13f79535-47bb-0310-9956-ffa450edef68,0,0.0,0.0,0.0,0.0,0.0,0.0,0.0,0,0,0.0,false
java/gadgets/src/test/java/org/apache/shindig/gadgets/HashLockedDomainServiceTest.java,149.0,19.0,0.0,10.0,71.0,23.0,0.0,lindner@13f79535-47bb-0310-9956-ffa450edef68,0,0.0,0.0,0.0,0.0,0.0,0.0,0.0,0,0,0.0,false
java/gadgets/src/test/java/org/apache/shindig/gadgets/admin/BasicGadgetAdminStoreTest.java,288.0,25.0,0.0,27.0,179.0,54.0,0.0,rbaxter85@13f79535-47bb-0310-9956-ffa450edef68,0,0.0,0.0,0.0,0.0,0.0,0.0,0.0,0,1,0.0,false
java/gadgets/src/test/java/org/apache/shindig/gadgets/admin/ContainerAdminDataTest.java,145.0,15.0,0.0,9.0,27.0,12.0,0.0,rbaxter85@13f79535-47bb-0310-9956-ffa450edef68,0,0.0,0.0,0.0,0.0,0.0,0.0,0.0,0,0,0.0,false
java/gadgets/src/test/java/org/apache/shindig/gadgets/admin/FeatureAdminDataTest.java,146.0,11.0,0.0,13.0,46.0,16.0,0.0,rbaxter85@13f79535-47bb-0310-9956-ffa450edef68,0,0.0,0.0,0.0,0.0,0.0,0.0,0.0,0,0,0.0,false
java/gadgets/src/test/java/org/apache/shindig/gadgets/admin/GadgetAdminDataTest.java,62.0,10.0,0.0,5.0,9.0,8.0,0.0,rbaxter85@13f79535-47bb-0310-9956-ffa450edef68,0,0.0,0.0,0.0,0.0,0.0,0.0,0.0,0,0,0.0,false
java/gadgets/src/test/java/org/apache/shindig/gadgets/admin/ServerAdminDataTest.java,143.0,14.0,0.0,10.0,32.0,13.0,0.0,rbaxter85@13f79535-47bb-0310-9956-ffa450edef68,0,0.0,0.0,0.0,0.0,0.0,0.0,0.0,0,0,0.0,false
java/gadgets/src/test/java/org/apache/shindig/gadgets/http/DefaultInvalidationServiceTest.java,125.0,12.0,0.0,9.0,72.0,18.0,0.0,johnh@13f79535-47bb-0310-9956-ffa450edef68,0,0.0,0.0,0.0,0.0,0.0,0.0,0.0,0,1,0.0,false
java/gadgets/src/test/java/org/apache/shindig/gadgets/http/DefaultRequestPipelineTest.java,238.0,15.0,30.0,16.0,104.0,42.0,12.0,null,1,0.007692307692307693,10.0,10.0,0.0,0.0,62.30769230769231,266.43985088203686,1,2,2.3025850929940455,false
java/gadgets/src/test/java/org/apache/shindig/gadgets/http/EchoServer.java,53.0,11.0,0.0,1.0,1.0,2.0,68.0,ssievers@13f79535-47bb-0310-9956-ffa450edef68,1,0.007692307692307693,33.0,0.0,0.0,0.0,797.7575757575758,13702.080877132146,1,0,1.7635885922613588,false
java/gadgets/src/test/java/org/apache/shindig/gadgets/oauth/GadgetOAuthCallbackGeneratorTest.java,143.0,23.0,0.0,9.0,109.0,27.0,0.0,lindner@13f79535-47bb-0310-9956-ffa450edef68,0,0.0,0.0,0.0,0.0,0.0,0.0,0.0,0,1,0.0,false
java/gadgets/src/test/java/org/apache/shindig/gadgets/oauth/OAuthClientStateTest.java,62.0,7.0,0.0,7.0,37.0,14.0,0.0,ssievers@13f79535-47bb-0310-9956-ffa450edef68,0,0.0,0.0,0.0,0.0,0.0,0.0,0.0,0,0,0.0,false
java/gadgets/src/test/java/org/apache/shindig/gadgets/oauth/OAuthRequestTest.java,1389.0,44.0,2676.0,129.0,903.0,308.0,68.0,lindner@13f79535-47bb-0310-9956-ffa450edef68,1,0.007692307692307693,8.0,0.0,0.0,0.0,797.7575757575758,13702.080877132146,1,2,1.7635885922613588,false
java/gadgets/src/test/java/org/apache/shindig/gadgets/oauth2/GadgetOAuth2TokenStoreTest.java,66.0,6.0,0.0,7.0,59.0,15.0,0.0,woodser@13f79535-47bb-0310-9956-ffa450edef68,0,0.0,0.0,0.0,0.0,0.0,0.0,0.0,0,0,0.0,false
java/gadgets/src/test/java/org/apache/shindig/gadgets/oauth2/MockUtils.java,347.0,38.0,411.0,31.0,129.0,85.0,0.0,ssievers@13f79535-47bb-0310-9956-ffa450edef68,0,0.0,0.0,0.0,0.0,0.0,0.0,0.0,0,0,0.0,true
java/gadgets/src/test/java/org/apache/shindig/gadgets/oauth2/OAuth2ArgumentsTest.java,115.0,11.0,0.0,13.0,90.0,29.0,0.0,woodser@13f79535-47bb-0310-9956-ffa450edef68,0,0.0,0.0,0.0,0.0,0.0,0.0,0.0,0,0,0.0,false
java/gadgets/src/test/java/org/apache/shindig/gadgets/oauth2/OAuth2ErrorTest.java,17.0,2.0,3.0,3.0,6.0,6.0,0.0,woodser@13f79535-47bb-0310-9956-ffa450edef68,0,0.0,0.0,0.0,0.0,0.0,0.0,0.0,0,0,0.0,false
java/gadgets/src/test/java/org/apache/shindig/gadgets/oauth2/OAuth2FetcherConfigTest.java,30.0,4.0,10.0,5.0,18.0,10.0,0.0,woodser@13f79535-47bb-0310-9956-ffa450edef68,0,0.0,0.0,0.0,0.0,0.0,0.0,0.0,0,0,0.0,false
java/gadgets/src/test/java/org/apache/shindig/gadgets/oauth2/OAuth2GadgetContextTest.java,30.0,5.0,0.0,2.0,22.0,5.0,0.0,woodser@13f79535-47bb-0310-9956-ffa450edef68,0,0.0,0.0,0.0,0.0,0.0,0.0,0.0,0,0,0.0,false
java/gadgets/src/test/java/org/apache/shindig/gadgets/oauth2/OAuth2MessageModuleTest.java,7.0,3.0,0.0,1.0,3.0,2.0,0.0,woodser@13f79535-47bb-0310-9956-ffa450edef68,0,0.0,0.0,0.0,0.0,0.0,0.0,0.0,0,0,0.0,false
java/gadgets/src/test/java/org/apache/shindig/gadgets/oauth2/OAuth2ModuleTest.java,7.0,3.0,0.0,1.0,3.0,2.0,0.0,woodser@13f79535-47bb-0310-9956-ffa450edef68,0,0.0,0.0,0.0,0.0,0.0,0.0,0.0,0,0,0.0,false
java/gadgets/src/test/java/org/apache/shindig/gadgets/oauth2/OAuth2RequestExceptionTest.java,38.0,2.0,10.0,5.0,20.0,10.0,0.0,woodser@13f79535-47bb-0310-9956-ffa450edef68,0,0.0,0.0,0.0,0.0,0.0,0.0,0.0,0,0,0.0,false
java/gadgets/src/test/java/org/apache/shindig/gadgets/oauth2/OAuth2ResponseParamsTest.java,213.0,7.0,210.0,21.0,65.0,42.0,0.0,woodser@13f79535-47bb-0310-9956-ffa450edef68,0,0.0,0.0,0.0,0.0,0.0,0.0,0.0,0,0,0.0,false
java/gadgets/src/test/java/org/apache/shindig/gadgets/oauth2/handler/BasicAuthenticationHandlerTest.java,53.0,9.0,15.0,6.0,38.0,12.0,0.0,woodser@13f79535-47bb-0310-9956-ffa450edef68,0,0.0,0.0,0.0,0.0,0.0,0.0,0.0,0,0,0.0,false
java/gadgets/src/test/java/org/apache/shindig/gadgets/oauth2/handler/BearerTokenHandlerTest.java,59.0,9.0,15.0,6.0,42.0,12.0,0.0,woodser@13f79535-47bb-0310-9956-ffa450edef68,0,0.0,0.0,0.0,0.0,0.0,0.0,0.0,0,0,0.0,false
java/gadgets/src/test/java/org/apache/shindig/gadgets/oauth2/handler/ClientCredentialsGrantTypeHandlerTest.java,91.0,8.0,0.0,15.0,38.0,31.0,0.0,woodser@13f79535-47bb-0310-9956-ffa450edef68,0,0.0,0.0,0.0,0.0,0.0,0.0,0.0,0,0,0.0,true
java/gadgets/src/test/java/org/apache/shindig/gadgets/oauth2/handler/CodeAuthorizationResponseHandlerTest.java,286.0,28.0,0.0,13.0,68.0,28.0,0.0,woodser@13f79535-47bb-0310-9956-ffa450edef68,0,0.0,0.0,0.0,0.0,0.0,0.0,0.0,0,0,0.0,false
java/gadgets/src/test/java/org/apache/shindig/gadgets/oauth2/handler/CodeGrantTypeHandlerTest.java,68.0,6.0,0.0,12.0,30.0,25.0,12.0,woodser@13f79535-47bb-0310-9956-ffa450edef68,1,0.007692307692307693,25.0,25.0,0.0,0.0,62.30769230769231,266.43985088203686,1,0,2.3025850929940455,false
java/gadgets/src/test/java/org/apache/shindig/gadgets/oauth2/handler/MacTokenHandlerTest.java,65.0,9.0,21.0,7.0,50.0,14.0,0.0,woodser@13f79535-47bb-0310-9956-ffa450edef68,0,0.0,0.0,0.0,0.0,0.0,0.0,0.0,0,0,0.0,false
java/gadgets/src/test/java/org/apache/shindig/gadgets/oauth2/handler/OAuth2HandlerErrorTest.java,40.0,3.0,10.0,5.0,22.0,10.0,0.0,woodser@13f79535-47bb-0310-9956-ffa450edef68,0,0.0,0.0,0.0,0.0,0.0,0.0,0.0,0,0,0.0,false
java/gadgets/src/test/java/org/apache/shindig/gadgets/oauth2/handler/OAuth2HandlerModuleTest.java,45.0,8.0,15.0,6.0,25.0,12.0,0.0,woodser@13f79535-47bb-0310-9956-ffa450edef68,0,0.0,0.0,0.0,0.0,0.0,0.0,0.0,0,0,0.0,false
java/gadgets/src/test/java/org/apache/shindig/gadgets/oauth2/handler/StandardAuthenticationHandlerTest.java,65.0,9.0,15.0,6.0,39.0,12.0,0.0,woodser@13f79535-47bb-0310-9956-ffa450edef68,0,0.0,0.0,0.0,0.0,0.0,0.0,0.0,0,0,0.0,false
java/gadgets/src/test/java/org/apache/shindig/gadgets/oauth2/handler/TokenAuthorizationResponseHandlerTest.java,108.0,12.0,0.0,11.0,93.0,23.0,0.0,woodser@13f79535-47bb-0310-9956-ffa450edef68,0,0.0,0.0,0.0,0.0,0.0,0.0,0.0,0,0,0.0,false
java/gadgets/src/test/java/org/apache/shindig/gadgets/oauth2/logger/FilteredLoggerTest.java,137.0,5.0,231.0,22.0,54.0,44.0,0.0,woodser@13f79535-47bb-0310-9956-ffa450edef68,0,0.0,0.0,0.0,0.0,0.0,0.0,0.0,0,0,0.0,false
java/gadgets/src/test/java/org/apache/shindig/gadgets/oauth2/persistence/OAuth2CacheExceptionTest.java,10.0,2.0,0.0,1.0,5.0,2.0,0.0,woodser@13f79535-47bb-0310-9956-ffa450edef68,0,0.0,0.0,0.0,0.0,0.0,0.0,0.0,0,0,0.0,false
java/gadgets/src/test/java/org/apache/shindig/gadgets/oauth2/persistence/OAuth2ClientTest.java,489.0,6.0,495.0,43.0,367.0,87.0,0.0,woodser@13f79535-47bb-0310-9956-ffa450edef68,0,0.0,0.0,0.0,0.0,0.0,0.0,0.0,0,0,0.0,false
java/gadgets/src/test/java/org/apache/shindig/gadgets/oauth2/persistence/OAuth2EncryptionExceptionTest.java,11.0,2.0,0.0,1.0,6.0,2.0,0.0,woodser@13f79535-47bb-0310-9956-ffa450edef68,0,0.0,0.0,0.0,0.0,0.0,0.0,0.0,0,0,0.0,false
java/gadgets/src/test/java/org/apache/shindig/gadgets/oauth2/persistence/OAuth2PersistenceExceptionTest.java,10.0,2.0,0.0,1.0,5.0,2.0,0.0,woodser@13f79535-47bb-0310-9956-ffa450edef68,0,0.0,0.0,0.0,0.0,0.0,0.0,0.0,0,0,0.0,false
java/gadgets/src/test/java/org/apache/shindig/gadgets/oauth2/persistence/OAuth2TokenPersistenceTest.java,506.0,6.0,474.0,44.0,381.0,89.0,0.0,woodser@13f79535-47bb-0310-9956-ffa450edef68,0,0.0,0.0,0.0,0.0,0.0,0.0,0.0,0,0,0.0,false
java/gadgets/src/test/java/org/apache/shindig/gadgets/oauth2/persistence/sample/InMemoryCacheTest.java,180.0,14.0,0.0,24.0,133.0,49.0,0.0,woodser@13f79535-47bb-0310-9956-ffa450edef68,0,0.0,0.0,0.0,0.0,0.0,0.0,0.0,0,0,0.0,false
java/gadgets/src/test/java/org/apache/shindig/gadgets/oauth2/persistence/sample/JSONOAuth2PersisterTest.java,54.0,9.0,0.0,3.0,24.0,10.0,0.0,woodser@13f79535-47bb-0310-9956-ffa450edef68,0,0.0,0.0,0.0,0.0,0.0,0.0,0.0,0,0,0.0,false
java/gadgets/src/test/java/org/apache/shindig/gadgets/oauth2/persistence/sample/NoOpEncrypterTest.java,45.0,3.0,21.0,7.0,19.0,14.0,0.0,woodser@13f79535-47bb-0310-9956-ffa450edef68,0,0.0,0.0,0.0,0.0,0.0,0.0,0.0,0,0,0.0,false
java/gadgets/src/test/java/org/apache/shindig/gadgets/oauth2/persistence/sample/OAuth2GadgetBindingTest.java,53.0,3.0,0.0,11.0,26.0,22.0,0.0,woodser@13f79535-47bb-0310-9956-ffa450edef68,0,0.0,0.0,0.0,0.0,0.0,0.0,0.0,0,0,0.0,false
java/gadgets/src/test/java/org/apache/shindig/gadgets/oauth2/persistence/sample/OAuth2PersistenceModuleTest.java,7.0,3.0,0.0,1.0,3.0,2.0,0.0,woodser@13f79535-47bb-0310-9956-ffa450edef68,0,0.0,0.0,0.0,0.0,0.0,0.0,0.0,0,0,0.0,false
java/gadgets/src/test/java/org/apache/shindig/gadgets/oauth2/persistence/sample/OAuth2ProviderTest.java,97.0,4.0,0.0,15.0,57.0,30.0,0.0,woodser@13f79535-47bb-0310-9956-ffa450edef68,0,0.0,0.0,0.0,0.0,0.0,0.0,0.0,0,0,0.0,false
java/gadgets/src/test/java/org/apache/shindig/gadgets/parse/AbstractParsingTestBase.java,59.0,11.0,6.0,4.0,18.0,15.0,68.0,lindner@13f79535-47bb-0310-9956-ffa450edef68,1,0.007692307692307693,17.0,0.0,0.0,0.0,797.7575757575758,13702.080877132146,1,1,1.7635885922613588,false
java/gadgets/src/test/java/org/apache/shindig/gadgets/parse/AbstractSocialMarkupHtmlParserTest.java,80.0,13.0,1.0,10.0,62.0,16.0,68.0,johnh@13f79535-47bb-0310-9956-ffa450edef68,1,0.007692307692307693,17.0,0.0,0.0,0.0,797.7575757575758,13702.080877132146,1,1,1.7635885922613588,false
java/gadgets/src/test/java/org/apache/shindig/gadgets/process/ProcessorTest.java,133.0,22.0,19.0,18.0,86.0,44.0,0.0,zhoresh@13f79535-47bb-0310-9956-ffa450edef68,0,0.0,0.0,0.0,0.0,0.0,0.0,0.0,0,0,0.0,true
java/gadgets/src/test/java/org/apache/shindig/gadgets/render/RendererTest.java,185.0,19.0,0.0,19.0,75.0,37.0,0.0,johnh@13f79535-47bb-0310-9956-ffa450edef68,0,0.0,0.0,0.0,0.0,0.0,0.0,0.0,0,0,0.0,false
java/gadgets/src/test/java/org/apache/shindig/gadgets/render/RenderingGadgetRewriterTest.java,705.0,65.0,1807.0,67.0,467.0,188.0,0.0,lindner@13f79535-47bb-0310-9956-ffa450edef68,0,0.0,0.0,0.0,0.0,0.0,0.0,0.0,0,1,0.0,true
java/gadgets/src/test/java/org/apache/shindig/gadgets/rewrite/BaseTagRemoverRewriterTest.java,49.0,10.0,0.0,5.0,41.0,10.0,68.0,zhoresh@13f79535-47bb-0310-9956-ffa450edef68,1,0.007692307692307693,25.0,0.0,0.0,0.0,797.7575757575758,13702.080877132146,1,1,1.7635885922613588,false
java/gadgets/src/test/java/org/apache/shindig/gadgets/rewrite/CssResponseRewriterTest.java,129.0,25.0,19.0,14.0,93.0,34.0,68.0,null,1,0.007692307692307693,9.0,0.0,0.0,0.0,797.7575757575758,13702.080877132146,1,0,1.7635885922613588,false
java/gadgets/src/test/java/org/apache/shindig/gadgets/rewrite/ImageResizeRewriterTest.java,41.0,16.0,1.0,3.0,23.0,7.0,37.0,ssievers@13f79535-47bb-0310-9956-ffa450edef68,2,0.015384615384615385,33.0,17.0,0.0,0.0,875.7575757575758,14243.13167308778,2,1,0.9266003754755229,false
java/gadgets/src/test/java/org/apache/shindig/gadgets/rewrite/RewriteModuleTest.java,55.0,22.0,0.0,4.0,19.0,8.0,0.0,woodser@13f79535-47bb-0310-9956-ffa450edef68,0,0.0,0.0,0.0,0.0,0.0,0.0,0.0,0,1,0.0,false
java/gadgets/src/test/java/org/apache/shindig/gadgets/rewrite/StyleTagProxyEmbeddedUrlsVisitorTest.java,40.0,29.0,2.0,4.0,23.0,10.0,68.0,null,1,0.007692307692307693,8.0,0.0,0.0,0.0,797.7575757575758,13702.080877132146,1,0,1.7635885922613588,false
java/gadgets/src/test/java/org/apache/shindig/gadgets/servlet/FakeProcessor.java,53.0,13.0,1.0,3.0,8.0,7.0,0.0,null,0,0.0,0.0,0.0,0.0,0.0,0.0,0.0,0,2,0.0,false
java/gadgets/src/test/java/org/apache/shindig/gadgets/servlet/GadgetsHandlerServiceTest.java,495.0,56.0,0.0,46.0,486.0,110.0,16.0,zhoresh@13f79535-47bb-0310-9956-ffa450edef68,2,0.015384615384615385,7.0,0.0,0.0,0.0,136.26666666666665,175.14953353794553,2,8,1.129332929529605,true
java/gadgets/src/test/java/org/apache/shindig/gadgets/servlet/GadgetsHandlerTest.java,541.0,66.0,0.0,42.0,480.0,111.0,16.0,null,2,0.015384615384615385,6.0,0.0,0.0,0.0,136.26666666666665,175.14953353794553,2,8,1.129332929529605,false
java/gadgets/src/test/java/org/apache/shindig/gadgets/servlet/MakeRequestHandlerTest.java,392.0,39.0,221.0,39.0,401.0,85.0,0.0,null,0,0.0,0.0,0.0,0.0,0.0,0.0,0.0,0,4,0.0,true
java/gadgets/src/test/java/org/apache/shindig/gadgets/servlet/MakeRequestServletTest.java,98.0,28.0,1.0,10.0,83.0,22.0,0.0,null,0,0.0,0.0,0.0,0.0,0.0,0.0,0.0,0,1,0.0,false
java/gadgets/src/test/java/org/apache/shindig/gadgets/servlet/ProxyHandlerTest.java,310.0,32.0,22.0,29.0,235.0,75.0,0.0,johnh@13f79535-47bb-0310-9956-ffa450edef68,0,0.0,0.0,0.0,0.0,0.0,0.0,0.0,0,10,0.0,false
java/gadgets/src/test/java/org/apache/shindig/gadgets/servlet/ServletTestFixture.java,19.0,15.0,0.0,1.0,0.0,2.0,0.0,johnh@13f79535-47bb-0310-9956-ffa450edef68,0,0.0,0.0,0.0,0.0,0.0,0.0,0.0,0,1,0.0,false
java/gadgets/src/test/java/org/apache/shindig/gadgets/spec/ModulePrefsTest.java,216.0,13.0,0.0,20.0,156.0,41.0,0.0,lindner@13f79535-47bb-0310-9956-ffa450edef68,0,0.0,0.0,0.0,0.0,0.0,0.0,0.0,0,0,0.0,false
java/gadgets/src/test/java/org/apache/shindig/gadgets/templates/tags/TemplateBasedTagHandlerTest.java,70.0,31.0,85.0,14.0,27.0,33.0,0.0,null,0,0.0,0.0,0.0,0.0,0.0,0.0,0.0,0,0,0.0,false
java/gadgets/src/test/java/org/apache/shindig/gadgets/uri/DefaultConcatUriManagerTest.java,379.0,20.0,890.0,45.0,291.0,76.0,68.0,lindner@13f79535-47bb-0310-9956-ffa450edef68,1,0.007692307692307693,7.0,0.0,0.0,0.0,797.7575757575758,13702.080877132146,1,4,1.7635885922613588,true
java/gadgets/src/test/java/org/apache/shindig/gadgets/uri/DefaultIframeUriManagerTest.java,411.0,33.0,128.0,29.0,306.0,61.0,14.0,null,1,0.007692307692307693,7.0,0.0,0.0,0.0,89.6,114.11435829747238,1,2,2.169053700369523,true
java/gadgets/src/test/java/org/apache/shindig/gadgets/uri/HashShaLockedDomainPrefixGeneratorTest.java,13.0,3.0,0.0,2.0,4.0,2.0,0.0,rbaxter85@13f79535-47bb-0310-9956-ffa450edef68,0,0.0,0.0,0.0,0.0,0.0,0.0,0.0,0,0,0.0,false
java/gadgets/src/test/java/org/apache/shindig/gadgets/uri/UriManagerTestBase.java,72.0,19.0,0.0,5.0,45.0,13.0,14.0,lindner@13f79535-47bb-0310-9956-ffa450edef68,1,0.007692307692307693,8.0,0.0,0.0,0.0,89.6,114.11435829747238,1,2,2.169053700369523,false
java/samples/src/test/java/org/apache/shindig/social/opensocial/jpa/spi/SpiDatabaseBootstrap.java,507.0,40.0,85.0,14.0,253.0,39.0,0.0,null,0,0.0,0.0,0.0,0.0,0.0,0.0,0.0,0,1,0.0,false
java/samples/src/test/java/org/apache/shindig/social/opensocial/jpa/spi/integration/JpaRestfulJsonDataTest.java,28.0,5.0,0.0,2.0,7.0,6.0,0.0,ssievers@13f79535-47bb-0310-9956-ffa450edef68,0,0.0,0.0,0.0,0.0,0.0,0.0,0.0,0,1,0.0,false
java/samples/src/test/java/org/apache/shindig/social/opensocial/jpa/spi/integration/JpaTestGuiceModule.java,64.0,42.0,0.0,2.0,4.0,2.0,0.0,lindner@13f79535-47bb-0310-9956-ffa450edef68,0,0.0,0.0,0.0,0.0,0.0,0.0,0.0,0,1,0.0,false
java/server/src/test/java/org/apache/shindig/server/endtoend/EndToEndServer.java,117.0,37.0,7.0,6.0,19.0,12.0,0.0,lindner@13f79535-47bb-0310-9956-ffa450edef68,0,0.0,0.0,0.0,0.0,0.0,0.0,0.0,0,2,0.0,false
java/social-api/src/main/java/org/apache/shindig/social/core/oauth/AuthenticationHandlerProvider.java,12.0,8.0,0.0,2.0,1.0,3.0,1.0,ssievers@13f79535-47bb-0310-9956-ffa450edef68,1,0.007692307692307693,17.0,0.0,17.0,17.0,78.0,541.0507959556336,1,0,1.4759065198095778,false
java/social-api/src/main/java/org/apache/shindig/social/core/oauth/OAuthAuthenticationHandler.java,141.0,25.0,52.0,12.0,47.0,47.0,68.0,lindner@13f79535-47bb-0310-9956-ffa450edef68,1,0.007692307692307693,9.0,0.0,0.0,0.0,797.7575757575758,13702.080877132146,1,0,1.7635885922613588,false
java/social-api/src/main/java/org/apache/shindig/social/core/oauth/OAuthSecurityToken.java,38.0,3.0,26.0,8.0,8.0,14.0,0.0,lindner@13f79535-47bb-0310-9956-ffa450edef68,0,0.0,0.0,0.0,0.0,0.0,0.0,0.0,0,0,0.0,false
java/social-api/src/main/java/org/apache/shindig/social/core/oauth2/OAuth2AuthenticationHandler.java,40.0,8.0,4.0,4.0,4.0,11.0,0.0,ssievers@13f79535-47bb-0310-9956-ffa450edef68,0,0.0,0.0,0.0,0.0,0.0,0.0,0.0,0,0,0.0,false
java/social-api/src/main/java/org/apache/shindig/social/core/oauth2/OAuth2AuthorizationHandler.java,65.0,6.0,0.0,2.0,25.0,8.0,0.0,woodser@13f79535-47bb-0310-9956-ffa450edef68,0,0.0,0.0,0.0,0.0,0.0,0.0,0.0,0,0,0.0,false
java/social-api/src/main/java/org/apache/shindig/social/core/oauth2/OAuth2Client.java,151.0,0.0,150.0,20.0,2.0,31.0,0.0,woodser@13f79535-47bb-0310-9956-ffa450edef68,0,0.0,0.0,0.0,0.0,0.0,0.0,0.0,0,0,0.0,false
java/social-api/src/main/java/org/apache/shindig/social/core/oauth2/OAuth2Code.java,169.0,2.0,183.0,22.0,2.0,33.0,0.0,woodser@13f79535-47bb-0310-9956-ffa450edef68,0,0.0,0.0,0.0,0.0,0.0,0.0,0.0,0,0,0.0,false
java/social-api/src/main/java/org/apache/shindig/social/core/oauth2/OAuth2DataService.java,66.0,0.0,45.0,10.0,0.0,23.0,0.0,woodser@13f79535-47bb-0310-9956-ffa450edef68,0,0.0,0.0,0.0,0.0,0.0,0.0,0.0,0,0,0.0,false
java/social-api/src/main/java/org/apache/shindig/social/core/oauth2/OAuth2DataServiceImpl.java,134.0,15.0,24.0,12.0,51.0,41.0,0.0,woodser@13f79535-47bb-0310-9956-ffa450edef68,0,0.0,0.0,0.0,0.0,0.0,0.0,0.0,0,1,0.0,false
java/social-api/src/main/java/org/apache/shindig/social/core/oauth2/OAuth2Exception.java,22.0,0.0,0.0,2.0,1.0,4.0,0.0,woodser@13f79535-47bb-0310-9956-ffa450edef68,0,0.0,0.0,0.0,0.0,0.0,0.0,0.0,0,0,0.0,false
java/social-api/src/main/java/org/apache/shindig/social/core/oauth2/OAuth2NormalizedRequest.java,197.0,24.0,186.0,20.0,79.0,60.0,0.0,ssievers@13f79535-47bb-0310-9956-ffa450edef68,0,0.0,0.0,0.0,0.0,0.0,0.0,0.0,0,1,0.0,false
java/social-api/src/main/java/org/apache/shindig/social/core/oauth2/OAuth2NormalizedResponse.java,112.0,2.0,0.0,30.0,22.0,44.0,0.0,woodser@13f79535-47bb-0310-9956-ffa450edef68,0,0.0,0.0,0.0,0.0,0.0,0.0,0.0,0,0,0.0,false
java/social-api/src/main/java/org/apache/shindig/social/core/oauth2/OAuth2Service.java,49.0,0.0,55.0,11.0,0.0,17.0,0.0,woodser@13f79535-47bb-0310-9956-ffa450edef68,0,0.0,0.0,0.0,0.0,0.0,0.0,0.0,0,0,0.0,false
java/social-api/src/main/java/org/apache/shindig/social/core/oauth2/OAuth2ServiceImpl.java,127.0,21.0,16.0,13.0,57.0,33.0,0.0,null,0,0.0,0.0,0.0,0.0,0.0,0.0,0.0,0,1,0.0,false
java/social-api/src/main/java/org/apache/shindig/social/core/oauth2/OAuth2Servlet.java,65.0,15.0,8.0,5.0,21.0,15.0,0.0,ssievers@13f79535-47bb-0310-9956-ffa450edef68,0,0.0,0.0,0.0,0.0,0.0,0.0,0.0,0,1,0.0,true
java/social-api/src/main/java/org/apache/shindig/social/core/oauth2/OAuth2TokenHandler.java,54.0,6.0,1.0,3.0,23.0,10.0,0.0,ssievers@13f79535-47bb-0310-9956-ffa450edef68,0,0.0,0.0,0.0,0.0,0.0,0.0,0.0,0,0,0.0,false
java/social-api/src/main/java/org/apache/shindig/social/core/oauth2/OAuth2Types.java,70.0,0.0,1.0,14.0,0.0,19.0,0.0,woodser@13f79535-47bb-0310-9956-ffa450edef68,0,0.0,0.0,0.0,0.0,0.0,0.0,0.0,0,0,0.0,false
java/social-api/src/main/java/org/apache/shindig/social/core/oauth2/OAuth2Utils.java,29.0,2.0,1.0,2.0,6.0,6.0,68.0,woodser@13f79535-47bb-0310-9956-ffa450edef68,0,0.0,0.0,0.0,0.0,0.0,0.0,0.0,0,0,0.0,false
java/social-api/src/main/java/org/apache/shindig/social/core/oauth2/validators/AccessTokenRequestValidator.java,61.0,11.0,0.0,2.0,14.0,8.0,0.0,woodser@13f79535-47bb-0310-9956-ffa450edef68,0,0.0,0.0,0.0,0.0,0.0,0.0,0.0,0,0,0.0,false
java/social-api/src/main/java/org/apache/shindig/social/core/oauth2/validators/AuthCodeGrantValidator.java,45.0,10.0,1.0,3.0,15.0,7.0,0.0,woodser@13f79535-47bb-0310-9956-ffa450edef68,0,0.0,0.0,0.0,0.0,0.0,0.0,0.0,0,0,0.0,false
java/social-api/src/main/java/org/apache/shindig/social/core/oauth2/validators/AuthorizationCodeRequestValidator.java,36.0,8.0,0.0,2.0,9.0,6.0,0.0,woodser@13f79535-47bb-0310-9956-ffa450edef68,0,0.0,0.0,0.0,0.0,0.0,0.0,0.0,0,0,0.0,false
java/social-api/src/main/java/org/apache/shindig/social/core/oauth2/validators/ClientCredentialsGrantValidator.java,31.0,10.0,4.0,5.0,12.0,9.0,0.0,woodser@13f79535-47bb-0310-9956-ffa450edef68,0,0.0,0.0,0.0,0.0,0.0,0.0,0.0,0,0,0.0,false
java/social-api/src/main/java/org/apache/shindig/social/core/oauth2/validators/DefaultResourceRequestValidator.java,28.0,8.0,4.0,4.0,9.0,9.0,0.0,woodser@13f79535-47bb-0310-9956-ffa450edef68,0,0.0,0.0,0.0,0.0,0.0,0.0,0.0,0,1,0.0,false
java/social-api/src/main/java/org/apache/shindig/social/core/oauth2/validators/OAuth2GrantValidator.java,9.0,0.0,0.0,1.0,0.0,1.0,0.0,woodser@13f79535-47bb-0310-9956-ffa450edef68,0,0.0,0.0,0.0,0.0,0.0,0.0,0.0,0,0,0.0,false
java/social-api/src/main/java/org/apache/shindig/social/core/oauth2/validators/OAuth2ProtectedResourceValidator.java,12.0,2.0,0.0,1.0,0.0,4.0,0.0,woodser@13f79535-47bb-0310-9956-ffa450edef68,0,0.0,0.0,0.0,0.0,0.0,0.0,0.0,0,0,0.0,false
java/social-api/src/main/java/org/apache/shindig/social/core/oauth2/validators/OAuth2RequestValidator.java,11.0,2.0,0.0,1.0,0.0,3.0,0.0,woodser@13f79535-47bb-0310-9956-ffa450edef68,0,0.0,0.0,0.0,0.0,0.0,0.0,0.0,0,0,0.0,false
java/social-api/src/main/java/org/apache/shindig/social/sample/SampleModule.java,18.0,16.0,0.0,1.0,5.0,1.0,0.0,lindner@13f79535-47bb-0310-9956-ffa450edef68,0,0.0,0.0,0.0,0.0,0.0,0.0,0.0,0,0,0.0,false
java/social-api/src/main/java/org/apache/shindig/social/sample/spi/JsonDbOpensocialService.java,1043.0,45.0,0.0,50.0,433.0,267.0,10.0,lindner@13f79535-47bb-0310-9956-ffa450edef68,1,0.007692307692307693,4.0,0.0,4.0,0.0,154.0,74.3312971336489,1,6,2.8622008809294686,true
java/social-api/src/test/java/org/apache/shindig/social/SocialApiTestsGuiceModule.java,28.0,29.0,0.0,1.0,7.0,1.0,0.0,lindner@13f79535-47bb-0310-9956-ffa450edef68,0,0.0,0.0,0.0,0.0,0.0,0.0,0.0,0,0,0.0,false
java/social-api/src/test/java/org/apache/shindig/social/core/config/SocialApiGuiceModuleTest.java,24.0,16.0,1.0,3.0,11.0,5.0,0.0,woodser@13f79535-47bb-0310-9956-ffa450edef68,0,0.0,0.0,0.0,0.0,0.0,0.0,0.0,0,0,0.0,false
java/social-api/src/test/java/org/apache/shindig/social/core/oauth/AuthenticationProviderHandlerTest.java,33.0,12.0,0.0,1.0,5.0,1.0,0.0,woodser@13f79535-47bb-0310-9956-ffa450edef68,0,0.0,0.0,0.0,0.0,0.0,0.0,0.0,0,0,0.0,false
java/social-api/src/test/java/org/apache/shindig/social/core/oauth/MockServletOutputStream.java,12.0,2.0,0.0,2.0,2.0,3.0,0.0,woodser@13f79535-47bb-0310-9956-ffa450edef68,0,0.0,0.0,0.0,0.0,0.0,0.0,0.0,0,0,0.0,false
java/social-api/src/test/java/org/apache/shindig/social/core/oauth/OAuth2AuthCodeFlowTest.java,470.0,17.0,0.0,16.0,354.0,55.0,0.0,ssievers@13f79535-47bb-0310-9956-ffa450edef68,0,0.0,0.0,0.0,0.0,0.0,0.0,0.0,0,0,0.0,true
java/social-api/src/test/java/org/apache/shindig/social/core/oauth/OAuth2AuthenticationHandlerTest.java,39.0,8.0,0.0,5.0,14.0,14.0,0.0,woodser@13f79535-47bb-0310-9956-ffa450edef68,0,0.0,0.0,0.0,0.0,0.0,0.0,0.0,0,0,0.0,false
java/social-api/src/test/java/org/apache/shindig/social/core/oauth/OAuth2ClientCredentialFlowTest.java,107.0,10.0,0.0,5.0,84.0,18.0,0.0,ssievers@13f79535-47bb-0310-9956-ffa450edef68,0,0.0,0.0,0.0,0.0,0.0,0.0,0.0,0,0,0.0,true
java/social-api/src/test/java/org/apache/shindig/social/core/oauth/OAuth2ImplicitFlowTest.java,119.0,12.0,0.0,5.0,94.0,19.0,0.0,woodser@13f79535-47bb-0310-9956-ffa450edef68,0,0.0,0.0,0.0,0.0,0.0,0.0,0.0,0,0,0.0,false
java/social-api/src/test/java/org/apache/shindig/social/core/oauth/OAuthAuthenticationHanderTest.java,270.0,23.0,33.0,27.0,176.0,88.0,0.0,null,0,0.0,0.0,0.0,0.0,0.0,0.0,0.0,0,0,0.0,false
java/social-api/src/test/java/org/apache/shindig/social/dataservice/integration/AbstractLargeRestfulTests.java,184.0,41.0,69.0,14.0,93.0,49.0,0.0,lindner@13f79535-47bb-0310-9956-ffa450edef68,0,0.0,0.0,0.0,0.0,0.0,0.0,0.0,0,1,0.0,false
java/social-api/src/test/java/org/apache/shindig/social/opensocial/util/BeanXStreamConverterTest.java,130.0,34.0,0.0,13.0,69.0,29.0,68.0,ssievers@13f79535-47bb-0310-9956-ffa450edef68,1,0.007692307692307693,25.0,0.0,0.0,0.0,797.7575757575758,13702.080877132146,1,0,1.7635885922613588,false
