name,LOC,CBO,LCOM,NOM,RFC,WMC,ACS,Ownership,numOfChanges,numberOfFIChanges,ENH,NF,BugFixing,REF,structuralWorkloadSum,semanticWorkloadSum,numberOfDeveloper,pastFaults,MAF,isBuggy
java/common/src/main/java/org/apache/shindig/protocol/BaseRequestItem.java,260.0,25.0,271.0,27.0,79.0,98.0,0.0,lindner@13f79535-47bb-0310-9956-ffa450edef68,0,0.0,0.0,0.0,0.0,0.0,0.0,0.0,0,2,0.0,true
java/social-api/src/main/java/org/apache/shindig/social/core/oauth2/OAuth2ServiceImpl.java,117.0,14.0,21.0,14.0,50.0,33.0,0.0,null,0,0.0,0.0,0.0,0.0,0.0,0.0,0.0,0,4,0.0,false
java/social-api/src/main/java/org/apache/shindig/social/core/oauth2/OAuth2TokenHandler.java,48.0,8.0,1.0,3.0,20.0,9.0,0.0,ssievers@13f79535-47bb-0310-9956-ffa450edef68,0,0.0,0.0,0.0,0.0,0.0,0.0,0.0,0,3,0.0,false
java/social-api/src/main/java/org/apache/shindig/social/opensocial/service/ActivityHandler.java,65.0,18.0,1.0,6.0,42.0,21.0,0.0,lindner@13f79535-47bb-0310-9956-ffa450edef68,0,0.0,0.0,0.0,0.0,0.0,0.0,0.0,0,1,0.0,false
java/social-api/src/main/java/org/apache/shindig/social/opensocial/service/ActivityStreamHandler.java,94.0,18.0,0.0,6.0,54.0,24.0,0.0,ssievers@13f79535-47bb-0310-9956-ffa450edef68,0,0.0,0.0,0.0,0.0,0.0,0.0,0.0,0,3,0.0,false
java/social-api/src/main/java/org/apache/shindig/social/opensocial/service/AlbumHandler.java,59.0,17.0,0.0,6.0,47.0,22.0,0.0,lindner@13f79535-47bb-0310-9956-ffa450edef68,0,0.0,0.0,0.0,0.0,0.0,0.0,0.0,0,2,0.0,false
java/social-api/src/main/java/org/apache/shindig/social/opensocial/service/GroupHandler.java,19.0,11.0,0.0,2.0,9.0,5.0,0.0,lindner@13f79535-47bb-0310-9956-ffa450edef68,0,0.0,0.0,0.0,0.0,0.0,0.0,0.0,0,0,0.0,false
java/social-api/src/main/java/org/apache/shindig/social/opensocial/service/MediaItemHandler.java,96.0,17.0,6.0,8.0,54.0,28.0,0.0,lindner@13f79535-47bb-0310-9956-ffa450edef68,0,0.0,0.0,0.0,0.0,0.0,0.0,0.0,0,2,0.0,true
java/social-api/src/main/java/org/apache/shindig/social/opensocial/service/MessageHandler.java,87.0,15.0,0.0,5.0,51.0,17.0,0.0,ssievers@13f79535-47bb-0310-9956-ffa450edef68,0,0.0,0.0,0.0,0.0,0.0,0.0,0.0,0,2,0.0,false
java/social-api/src/main/java/org/apache/shindig/social/opensocial/service/PersonHandler.java,82.0,22.0,7.0,6.0,41.0,23.0,0.0,lindner@13f79535-47bb-0310-9956-ffa450edef68,0,0.0,0.0,0.0,0.0,0.0,0.0,0.0,0,2,0.0,false
java/social-api/src/main/java/org/apache/shindig/social/opensocial/spi/CollectionOptions.java,121.0,12.0,139.0,22.0,24.0,40.0,0.0,ssievers@13f79535-47bb-0310-9956-ffa450edef68,0,0.0,0.0,0.0,0.0,0.0,0.0,0.0,0,3,0.0,false
java/social-api/src/main/java/org/apache/shindig/social/opensocial/spi/CollectionOptionsFactory.java,13.0,1.0,0.0,1.0,0.0,2.0,0.0,ankon@13f79535-47bb-0310-9956-ffa450edef68,0,0.0,0.0,0.0,0.0,0.0,0.0,0.0,0,0,0.0,false
java/social-api/src/main/java/org/apache/shindig/social/sample/spi/JsonDbOpensocialService.java,1135.0,51.0,0.0,53.0,471.0,282.0,0.0,lindner@13f79535-47bb-0310-9956-ffa450edef68,0,0.0,0.0,0.0,0.0,0.0,0.0,0.0,0,9,0.0,true
java/social-api/src/test/java/org/apache/shindig/social/core/oauth2/OAuth2TokenHandlerTest.java,14.0,4.0,6.0,4.0,11.0,4.0,0.0,ankon@13f79535-47bb-0310-9956-ffa450edef68,0,0.0,0.0,0.0,0.0,0.0,0.0,0.0,0,1,0.0,false
java/social-api/src/test/java/org/apache/shindig/social/opensocial/service/ActivityHandlerTest.java,104.0,33.0,24.0,12.0,106.0,33.0,0.0,ssievers@13f79535-47bb-0310-9956-ffa450edef68,0,0.0,0.0,0.0,0.0,0.0,0.0,0.0,0,2,0.0,false
java/social-api/src/test/java/org/apache/shindig/social/opensocial/service/ActivityStreamHandlerTest.java,121.0,33.0,0.0,12.0,130.0,33.0,0.0,woodser@13f79535-47bb-0310-9956-ffa450edef68,0,0.0,0.0,0.0,0.0,0.0,0.0,0.0,0,3,0.0,false
java/social-api/src/test/java/org/apache/shindig/social/opensocial/service/AlbumHandlerTest.java,37.0,18.0,13.0,6.0,13.0,14.0,0.0,ssievers@13f79535-47bb-0310-9956-ffa450edef68,0,0.0,0.0,0.0,0.0,0.0,0.0,0.0,0,2,0.0,false
java/social-api/src/test/java/org/apache/shindig/social/opensocial/service/MediaItemHandlerTest.java,55.0,20.0,20.0,8.0,23.0,16.0,0.0,lindner@13f79535-47bb-0310-9956-ffa450edef68,0,0.0,0.0,0.0,0.0,0.0,0.0,0.0,0,2,0.0,true
java/social-api/src/test/java/org/apache/shindig/social/opensocial/service/MessageHandlerTest.java,31.0,23.0,0.0,2.0,16.0,6.0,0.0,lindner@13f79535-47bb-0310-9956-ffa450edef68,0,0.0,0.0,0.0,0.0,0.0,0.0,0.0,0,1,0.0,false
java/social-api/src/test/java/org/apache/shindig/social/opensocial/service/PersonHandlerTest.java,141.0,37.0,0.0,10.0,136.0,31.0,0.0,ssievers@13f79535-47bb-0310-9956-ffa450edef68,0,0.0,0.0,0.0,0.0,0.0,0.0,0.0,0,2,0.0,false
java/social-api/src/test/java/org/apache/shindig/social/sample/spi/JsonDbOpensocialServiceTest.java,221.0,29.0,0.0,26.0,222.0,56.0,0.0,null,0,0.0,0.0,0.0,0.0,0.0,0.0,0.0,0,4,0.0,true
