name,LOC,CBO,LCOM,NOM,RFC,WMC,ACS,Ownership,numOfChanges,numberOfFIChanges,ENH,NF,BugFixing,REF,structuralWorkloadSum,semanticWorkloadSum,numberOfDeveloper,pastFaults,MAF,isBuggy
java/common/src/main/java/org/apache/shindig/protocol/ContentTypes.java,60.0,4.0,3.0,3.0,10.0,9.0,0.0,lindner@13f79535-47bb-0310-9956-ffa450edef68,0,0.0,0.0,0.0,0.0,0.0,0.0,0.0,0,1,0.0,false
java/common/src/test/java/org/apache/shindig/protocol/ContentTypesTest.java,35.0,2.0,45.0,10.0,11.0,21.0,0.0,lindner@13f79535-47bb-0310-9956-ffa450edef68,0,0.0,0.0,0.0,0.0,0.0,0.0,0.0,0,0,0.0,false
java/gadgets/src/main/java/org/apache/shindig/gadgets/oauth2/handler/ClientCredentialsGrantTypeHandler.java,107.0,13.0,24.0,8.0,43.0,26.0,0.0,ssievers@13f79535-47bb-0310-9956-ffa450edef68,0,0.0,0.0,0.0,0.0,0.0,0.0,0.0,0,2,0.0,true
java/gadgets/src/test/java/org/apache/shindig/gadgets/oauth2/handler/ClientCredentialsGrantTypeHandlerTest.java,95.0,8.0,0.0,15.0,44.0,31.0,0.0,woodser@13f79535-47bb-0310-9956-ffa450edef68,0,0.0,0.0,0.0,0.0,0.0,0.0,0.0,0,1,0.0,true
java/social-api/src/main/java/org/apache/shindig/social/core/oauth2/OAuth2Servlet.java,73.0,15.0,4.0,5.0,26.0,17.0,0.0,ssievers@13f79535-47bb-0310-9956-ffa450edef68,0,0.0,0.0,0.0,0.0,0.0,0.0,0.0,0,3,0.0,true
java/social-api/src/test/java/org/apache/shindig/social/core/oauth/OAuth2AuthCodeFlowTest.java,484.0,17.0,0.0,17.0,364.0,59.0,0.0,ssievers@13f79535-47bb-0310-9956-ffa450edef68,0,0.0,0.0,0.0,0.0,0.0,0.0,0.0,0,2,0.0,true
java/social-api/src/test/java/org/apache/shindig/social/core/oauth/OAuth2ClientCredentialFlowTest.java,121.0,11.0,0.0,6.0,92.0,21.0,0.0,ssievers@13f79535-47bb-0310-9956-ffa450edef68,0,0.0,0.0,0.0,0.0,0.0,0.0,0.0,0,2,0.0,true
