name,LOC,CBO,LCOM,NOM,RFC,WMC,ACS,Ownership,numOfChanges,numberOfFIChanges,ENH,NF,BugFixing,REF,structuralWorkloadSum,semanticWorkloadSum,numberOfDeveloper,pastFaults,MAF,isBuggy
bundleplugin/src/main/java/org/apache/felix/bundleplugin/BundlePlugin.java,362.0,28.0,166.0,24.0,156.0,79.0,1.0,mcculls@13f79535-47bb-0310-9956-ffa450edef68,3,0.004392386530014641,14.0,1.0,5.0,3.0,2238.827699567857,55371.4450192879,3,1,1.438405949508022,true
bundleplugin/src/main/java/org/apache/felix/bundleplugin/DependencyEmbedder.java,228.0,11.0,87.0,15.0,60.0,53.0,1.0,mcculls@13f79535-47bb-0310-9956-ffa450edef68,1,0.0014641288433382138,20.0,0.0,3.0,3.0,370.81481481481484,2612.310283593113,1,0,1.991293154903131,false
bundleplugin/src/main/java/org/apache/felix/bundleplugin/ManifestPlugin.java,83.0,11.0,15.0,6.0,30.0,26.0,2.0,mcculls@13f79535-47bb-0310-9956-ffa450edef68,1,0.0014641288433382138,7.0,0.0,2.0,0.0,370.81481481481484,2612.310283593113,1,2,1.991293154903131,true
bundleplugin/src/test/java/org/apache/felix/bundleplugin/BundleAllPluginTest.java,58.0,9.0,0.0,4.0,29.0,9.0,2.0,mcculls@13f79535-47bb-0310-9956-ffa450edef68,1,0.0014641288433382138,8.0,0.0,8.0,0.0,370.81481481481484,2612.310283593113,1,1,1.991293154903131,false
bundlerepository/src/main/java/org/apache/felix/bundlerepository/LocalRepositoryImpl.java,166.0,5.0,20.0,9.0,9.0,17.0,0.0,rickhall@13f79535-47bb-0310-9956-ffa450edef68,0,0.0,0.0,0.0,0.0,0.0,0.0,0.0,0,1,0.0,false
configadmin/src/main/java/org/apache/felix/cm/file/FilePersistenceManager.java,277.0,14.0,43.0,11.0,36.0,46.0,2.0,fmeschbe@13f79535-47bb-0310-9956-ffa450edef68,2,0.0029282576866764276,15.0,0.0,15.0,0.0,2217.483014623172,55303.99401690697,2,0,0.6754386709803873,false
configadmin/src/main/java/org/apache/felix/cm/impl/ConfigurationAdminImpl.java,69.0,6.0,0.0,11.0,21.0,33.0,4.0,fmeschbe@13f79535-47bb-0310-9956-ffa450edef68,2,0.0029282576866764276,17.0,0.0,6.0,0.0,2217.483014623172,55303.99401690697,2,0,0.6054846416613833,false
configadmin/src/main/java/org/apache/felix/cm/impl/ConfigurationImpl.java,197.0,9.0,0.0,23.0,41.0,57.0,4.0,fmeschbe@13f79535-47bb-0310-9956-ffa450edef68,2,0.0029282576866764276,9.0,0.0,3.0,0.0,2217.483014623172,55303.99401690697,2,0,0.6054846416613833,false
configadmin/src/main/java/org/apache/felix/cm/impl/ConfigurationManager.java,714.0,34.0,176.0,24.0,122.0,82.0,1.0,fmeschbe@13f79535-47bb-0310-9956-ffa450edef68,1,0.0014641288433382138,8.0,0.0,2.0,2.0,464.74285714285713,2823.9359949880427,1,1,1.7483469762927415,true
configadmin/src/main/java/org/apache/felix/cm/impl/Factory.java,90.0,7.0,7.0,15.0,20.0,36.0,37.0,fmeschbe@13f79535-47bb-0310-9956-ffa450edef68,1,0.0014641288433382138,14.0,0.0,0.0,0.0,1752.740157480315,52480.05802191892,1,0,0.9888247267879237,false
configadmin/src/main/java/org/apache/felix/cm/impl/RankingComparator.java,44.0,3.0,0.0,4.0,4.0,9.0,4.0,cziegeler@13f79535-47bb-0310-9956-ffa450edef68,1,0.0014641288433382138,29.0,0.0,0.0,0.0,1752.740157480315,52480.05802191892,1,1,0.9888247267879237,false
dependencymanager/src/main/java/org/apache/felix/dependencymanager/ConfigurationDependency.java,85.0,7.0,38.0,12.0,12.0,26.0,0.0,marrs@13f79535-47bb-0310-9956-ffa450edef68,0,0.0,0.0,0.0,0.0,0.0,0.0,0.0,0,3,0.0,false
dependencymanager/src/main/java/org/apache/felix/dependencymanager/ServiceDependency.java,328.0,7.0,403.0,34.0,51.0,104.0,0.0,marrs@13f79535-47bb-0310-9956-ffa450edef68,0,0.0,0.0,0.0,0.0,0.0,0.0,0.0,0,3,0.0,false
dependencymanager/src/main/java/org/apache/felix/dependencymanager/ServiceImpl.java,660.0,13.0,1538.0,61.0,195.0,139.0,0.0,marrs@13f79535-47bb-0310-9956-ffa450edef68,0,0.0,0.0,0.0,0.0,0.0,0.0,0.0,0,2,0.0,false
eventadmin/impl/src/main/java/org/apache/felix/eventadmin/impl/Activator.java,126.0,31.0,34.0,9.0,30.0,25.0,213.0,cziegeler@13f79535-47bb-0310-9956-ffa450edef68,1,0.0014641288433382138,33.0,11.0,0.0,22.0,1752.740157480315,52480.05802191892,1,0,0.9888247267879237,false
eventadmin/impl/src/main/java/org/apache/felix/eventadmin/impl/handler/BlacklistingHandlerTasks.java,107.0,12.0,1.0,7.0,26.0,22.0,1.0,pauls@13f79535-47bb-0310-9956-ffa450edef68,1,0.0014641288433382138,14.0,0.0,14.0,0.0,1752.740157480315,52480.05802191892,1,0,0.9888247267879237,true
examples/extenderbased.circle/src/main/java/org/apache/felix/example/extenderbased/circle/Circle.java,21.0,8.0,0.0,1.0,5.0,2.0,0.0,rickhall@13f79535-47bb-0310-9956-ffa450edef68,0,0.0,0.0,0.0,0.0,0.0,0.0,0.0,0,0,0.0,false
examples/extenderbased.host/src/main/java/org/apache/felix/example/extenderbased/host/Activator.java,100.0,12.0,13.0,7.0,34.0,17.0,213.0,rickhall@13f79535-47bb-0310-9956-ffa450edef68,0,0.0,0.0,0.0,0.0,0.0,0.0,0.0,0,0,0.0,false
examples/extenderbased.host/src/main/java/org/apache/felix/example/extenderbased/host/BundleTracker.java,86.0,6.0,1.0,7.0,26.0,20.0,0.0,rickhall@13f79535-47bb-0310-9956-ffa450edef68,0,0.0,0.0,0.0,0.0,0.0,0.0,0.0,0,0,0.0,false
examples/extenderbased.host/src/main/java/org/apache/felix/example/extenderbased/host/DefaultShape.java,58.0,7.0,1.0,3.0,11.0,8.0,0.0,rickhall@13f79535-47bb-0310-9956-ffa450edef68,0,0.0,0.0,0.0,0.0,0.0,0.0,0.0,0,0,0.0,false
examples/extenderbased.host/src/main/java/org/apache/felix/example/extenderbased/host/DrawingFrame.java,180.0,5.0,28.0,12.0,48.0,32.0,0.0,rickhall@13f79535-47bb-0310-9956-ffa450edef68,0,0.0,0.0,0.0,0.0,0.0,0.0,0.0,0,0,0.0,false
examples/extenderbased.host/src/main/java/org/apache/felix/example/extenderbased/host/ShapeComponent.java,28.0,3.0,0.0,2.0,5.0,5.0,0.0,rickhall@13f79535-47bb-0310-9956-ffa450edef68,0,0.0,0.0,0.0,0.0,0.0,0.0,0.0,0,0,0.0,false
examples/extenderbased.host/src/main/java/org/apache/felix/example/extenderbased/host/ShapeTracker.java,96.0,5.0,4.0,5.0,12.0,17.0,0.0,rickhall@13f79535-47bb-0310-9956-ffa450edef68,0,0.0,0.0,0.0,0.0,0.0,0.0,0.0,0,0,0.0,false
examples/extenderbased.host/src/main/java/org/apache/felix/example/extenderbased/host/extension/SimpleShape.java,23.0,2.0,0.0,1.0,0.0,2.0,0.0,rickhall@13f79535-47bb-0310-9956-ffa450edef68,0,0.0,0.0,0.0,0.0,0.0,0.0,0.0,0,0,0.0,false
examples/extenderbased.square/src/main/java/org/apache/felix/example/extenderbased/square/Square.java,21.0,8.0,0.0,1.0,5.0,2.0,0.0,rickhall@13f79535-47bb-0310-9956-ffa450edef68,0,0.0,0.0,0.0,0.0,0.0,0.0,0.0,0,0,0.0,false
examples/extenderbased.triangle/src/main/java/org/apache/felix/example/extenderbased/triangle/Triangle.java,29.0,8.0,0.0,1.0,8.0,2.0,0.0,rickhall@13f79535-47bb-0310-9956-ffa450edef68,0,0.0,0.0,0.0,0.0,0.0,0.0,0.0,0,0,0.0,false
examples/servicebased.circle/src/main/java/org/apache/felix/example/servicebased/circle/Activator.java,44.0,10.0,1.0,2.0,5.0,4.0,213.0,rickhall@13f79535-47bb-0310-9956-ffa450edef68,0,0.0,0.0,0.0,0.0,0.0,0.0,0.0,0,1,0.0,false
examples/servicebased.host/src/main/java/org/apache/felix/example/servicebased/host/Activator.java,100.0,12.0,13.0,7.0,34.0,17.0,213.0,rickhall@13f79535-47bb-0310-9956-ffa450edef68,0,0.0,0.0,0.0,0.0,0.0,0.0,0.0,0,2,0.0,false
examples/servicebased.host/src/main/java/org/apache/felix/example/servicebased/host/DefaultShape.java,64.0,7.0,0.0,4.0,10.0,10.0,0.0,rickhall@13f79535-47bb-0310-9956-ffa450edef68,0,0.0,0.0,0.0,0.0,0.0,0.0,0.0,0,0,0.0,false
examples/servicebased.host/src/main/java/org/apache/felix/example/servicebased/host/DrawingFrame.java,180.0,5.0,28.0,12.0,48.0,32.0,0.0,rickhall@13f79535-47bb-0310-9956-ffa450edef68,0,0.0,0.0,0.0,0.0,0.0,0.0,0.0,0,1,0.0,false
examples/servicebased.host/src/main/java/org/apache/felix/example/servicebased/host/ShapeComponent.java,28.0,3.0,0.0,2.0,5.0,5.0,0.0,rickhall@13f79535-47bb-0310-9956-ffa450edef68,0,0.0,0.0,0.0,0.0,0.0,0.0,0.0,0,1,0.0,false
examples/servicebased.host/src/main/java/org/apache/felix/example/servicebased/host/ShapeTracker.java,111.0,4.0,5.0,6.0,12.0,20.0,0.0,rickhall@13f79535-47bb-0310-9956-ffa450edef68,0,0.0,0.0,0.0,0.0,0.0,0.0,0.0,0,1,0.0,false
examples/servicebased.host/src/main/java/org/apache/felix/example/servicebased/host/service/SimpleShape.java,19.0,2.0,0.0,1.0,0.0,2.0,0.0,rickhall@13f79535-47bb-0310-9956-ffa450edef68,0,0.0,0.0,0.0,0.0,0.0,0.0,0.0,0,1,0.0,false
examples/servicebased.square/src/main/java/org/apache/felix/example/servicebased/square/Activator.java,44.0,10.0,1.0,2.0,5.0,4.0,213.0,rickhall@13f79535-47bb-0310-9956-ffa450edef68,0,0.0,0.0,0.0,0.0,0.0,0.0,0.0,0,1,0.0,false
examples/servicebased.triangle/src/main/java/org/apache/felix/example/servicebased/triangle/Activator.java,52.0,10.0,1.0,2.0,5.0,4.0,213.0,rickhall@13f79535-47bb-0310-9956-ffa450edef68,0,0.0,0.0,0.0,0.0,0.0,0.0,0.0,0,1,0.0,false
framework/src/main/java/org/apache/felix/framework/BundleContextImpl.java,241.0,5.0,63.0,30.0,61.0,79.0,0.0,rickhall@13f79535-47bb-0310-9956-ffa450edef68,0,0.0,0.0,0.0,0.0,0.0,0.0,0.0,0,0,0.0,true
framework/src/main/java/org/apache/felix/framework/BundleImpl.java,222.0,5.0,3.0,27.0,64.0,81.0,1.0,rickhall@13f79535-47bb-0310-9956-ffa450edef68,1,0.0014641288433382138,1.0,0.0,0.0,0.0,115.27272727272727,279.0767137758653,1,0,2.907583886777286,true
framework/src/main/java/org/apache/felix/framework/BundleInfo.java,303.0,7.0,319.0,34.0,65.0,85.0,34.0,rickhall@13f79535-47bb-0310-9956-ffa450edef68,0,0.0,0.0,0.0,0.0,0.0,0.0,0.0,0,0,0.0,false
framework/src/main/java/org/apache/felix/framework/ExportedPackageImpl.java,47.0,5.0,0.0,8.0,12.0,19.0,0.0,rickhall@13f79535-47bb-0310-9956-ffa450edef68,0,0.0,0.0,0.0,0.0,0.0,0.0,0.0,0,0,0.0,true
framework/src/main/java/org/apache/felix/framework/ExtensionManager.java,271.0,34.0,395.0,30.0,98.0,79.0,1.0,rickhall@13f79535-47bb-0310-9956-ffa450edef68,1,0.0014641288433382138,3.0,1.0,2.0,0.0,105.55555555555556,858.8588173518019,1,0,2.4612967841488667,true
framework/src/main/java/org/apache/felix/framework/Felix.java,2318.0,13.0,5754.0,116.0,685.0,464.0,1.0,rickhall@13f79535-47bb-0310-9956-ffa450edef68,2,0.0029282576866764276,2.0,0.0,1.0,0.0,220.82828282828282,1137.9355311276672,2,4,2.122307350939667,true
framework/src/main/java/org/apache/felix/framework/FelixBundle.java,3.0,1.0,0.0,1.0,0.0,1.0,0.0,rickhall@13f79535-47bb-0310-9956-ffa450edef68,0,0.0,0.0,0.0,0.0,0.0,0.0,0.0,0,0,0.0,false
framework/src/main/java/org/apache/felix/framework/FilterImpl.java,176.0,7.0,37.0,10.0,20.0,37.0,17.0,rickhall@13f79535-47bb-0310-9956-ffa450edef68,1,0.0014641288433382138,5.0,0.0,5.0,0.0,105.55555555555556,858.8588173518019,1,0,2.4612967841488667,true
framework/src/main/java/org/apache/felix/framework/FindEntriesEnumeration.java,134.0,1.0,7.0,6.0,37.0,29.0,0.0,rickhall@13f79535-47bb-0310-9956-ffa450edef68,0,0.0,0.0,0.0,0.0,0.0,0.0,0.0,0,0,0.0,false
framework/src/main/java/org/apache/felix/framework/GetEntryPathsEnumeration.java,44.0,2.0,0.0,4.0,16.0,16.0,0.0,rickhall@13f79535-47bb-0310-9956-ffa450edef68,0,0.0,0.0,0.0,0.0,0.0,0.0,0.0,0,0,0.0,false
framework/src/main/java/org/apache/felix/framework/PackageAdminImpl.java,167.0,4.0,54.0,16.0,39.0,47.0,0.0,rickhall@13f79535-47bb-0310-9956-ffa450edef68,0,0.0,0.0,0.0,0.0,0.0,0.0,0.0,0,1,0.0,true
framework/src/main/java/org/apache/felix/framework/ServiceReferenceImpl.java,79.0,4.0,0.0,10.0,17.0,26.0,44.0,pauls@13f79535-47bb-0310-9956-ffa450edef68,1,0.0014641288433382138,10.0,0.0,10.0,0.0,105.55555555555556,858.8588173518019,1,0,2.4612967841488667,true
framework/src/main/java/org/apache/felix/framework/StartLevelActivator.java,18.0,1.0,0.0,3.0,4.0,5.0,0.0,rickhall@13f79535-47bb-0310-9956-ffa450edef68,0,0.0,0.0,0.0,0.0,0.0,0.0,0.0,0,0,0.0,false
framework/src/main/java/org/apache/felix/framework/StartLevelImpl.java,128.0,5.0,0.0,11.0,31.0,31.0,0.0,rickhall@13f79535-47bb-0310-9956-ffa450edef68,0,0.0,0.0,0.0,0.0,0.0,0.0,0.0,0,0,0.0,true
framework/src/main/java/org/apache/felix/framework/SystemBundleArchive.java,82.0,11.0,284.0,25.0,1.0,66.0,2.0,rickhall@13f79535-47bb-0310-9956-ffa450edef68,2,0.0029282576866764276,33.0,17.0,17.0,17.0,220.82828282828282,1137.9355311276672,2,0,1.991293154903131,false
framework/src/main/java/org/apache/felix/framework/URLHandlersActivator.java,20.0,4.0,0.0,3.0,4.0,3.0,0.0,pauls@13f79535-47bb-0310-9956-ffa450edef68,0,0.0,0.0,0.0,0.0,0.0,0.0,0.0,0,0,0.0,false
framework/src/main/java/org/apache/felix/framework/URLHandlersBundleURLConnection.java,93.0,7.0,11.0,7.0,28.0,26.0,1.0,rickhall@13f79535-47bb-0310-9956-ffa450edef68,1,0.0014641288433382138,4.0,4.0,0.0,0.0,115.27272727272727,279.0767137758653,1,0,2.907583886777286,true
framework/src/main/java/org/apache/felix/framework/URLHandlersContentHandlerProxy.java,35.0,7.0,1.0,3.0,11.0,9.0,0.0,pauls@13f79535-47bb-0310-9956-ffa450edef68,0,0.0,0.0,0.0,0.0,0.0,0.0,0.0,0,0,0.0,true
framework/src/main/java/org/apache/felix/framework/URLHandlersStreamHandlerProxy.java,97.0,6.0,76.0,13.0,34.0,43.0,0.0,pauls@13f79535-47bb-0310-9956-ffa450edef68,0,0.0,0.0,0.0,0.0,0.0,0.0,0.0,0,0,0.0,true
framework/src/main/java/org/apache/felix/framework/cache/BundleArchive.java,654.0,6.0,0.0,28.0,172.0,129.0,9.0,rickhall@13f79535-47bb-0310-9956-ffa450edef68,2,0.0029282576866764276,12.0,0.0,0.0,0.0,1858.2957130358707,53338.91683927072,2,0,0.8431345776134251,false
framework/src/main/java/org/apache/felix/framework/cache/BundleCache.java,178.0,4.0,11.0,11.0,51.0,47.0,3.0,rickhall@13f79535-47bb-0310-9956-ffa450edef68,1,0.0014641288433382138,3.0,3.0,3.0,0.0,115.27272727272727,279.0767137758653,1,0,2.907583886777286,false
framework/src/main/java/org/apache/felix/framework/cache/BundleRevision.java,74.0,4.0,30.0,9.0,0.0,36.0,8.0,rickhall@13f79535-47bb-0310-9956-ffa450edef68,2,0.0029282576866764276,27.0,0.0,0.0,7.0,1858.2957130358707,53338.91683927072,2,0,0.7946075965093511,true
framework/src/main/java/org/apache/felix/framework/cache/DirectoryRevision.java,75.0,14.0,0.0,6.0,27.0,22.0,8.0,rickhall@13f79535-47bb-0310-9956-ffa450edef68,2,0.0029282576866764276,21.0,0.0,0.0,5.0,1858.2957130358707,53338.91683927072,2,0,0.7946075965093511,true
framework/src/main/java/org/apache/felix/framework/cache/JarRevision.java,218.0,21.0,0.0,10.0,81.0,43.0,8.0,rickhall@13f79535-47bb-0310-9956-ffa450edef68,2,0.0029282576866764276,15.0,0.0,0.0,4.0,1858.2957130358707,53338.91683927072,2,0,0.7946075965093511,true
framework/src/main/java/org/apache/felix/framework/searchpolicy/R4SearchPolicyCore.java,1491.0,40.0,1489.0,58.0,472.0,276.0,6.0,rickhall@13f79535-47bb-0310-9956-ffa450edef68,3,0.004392386530014641,13.0,0.0,4.0,2.0,1973.568440308598,53617.99355304659,3,3,0.7880376745324467,true
framework/src/main/java/org/apache/felix/framework/util/EventDispatcher.java,461.0,19.0,106.0,20.0,62.0,74.0,5.0,rickhall@13f79535-47bb-0310-9956-ffa450edef68,3,0.004392386530014641,17.0,0.0,5.0,5.0,1858.2957130358707,53338.91683927072,3,2,1.472881878633238,true
framework/src/main/java/org/apache/felix/framework/util/SecureAction.java,605.0,10.0,0.0,29.0,158.0,159.0,0.0,rickhall@13f79535-47bb-0310-9956-ffa450edef68,0,0.0,0.0,0.0,0.0,0.0,0.0,0.0,0,0,0.0,true
framework/src/main/java/org/apache/felix/framework/util/Util.java,178.0,5.0,66.0,12.0,39.0,55.0,245.0,rickhall@13f79535-47bb-0310-9956-ffa450edef68,1,0.0014641288433382138,3.0,0.0,0.0,3.0,115.27272727272727,279.0767137758653,1,1,2.907583886777286,true
framework/src/main/java/org/apache/felix/framework/util/ldap/Parser.java,1034.0,5.0,140.0,24.0,109.0,99.0,1.0,pauls@13f79535-47bb-0310-9956-ffa450edef68,1,0.0014641288433382138,6.0,6.0,6.0,0.0,105.55555555555556,858.8588173518019,1,0,2.4612967841488667,true
framework/src/main/java/org/apache/felix/framework/util/manifestparser/ManifestParser.java,596.0,8.0,157.0,22.0,161.0,99.0,1.0,rickhall@13f79535-47bb-0310-9956-ffa450edef68,1,0.0014641288433382138,1.0,0.0,0.0,0.0,105.55555555555556,858.8588173518019,1,1,2.4612967841488667,true
framework/src/main/java/org/apache/felix/framework/util/manifestparser/R4LibraryClause.java,319.0,5.0,127.0,18.0,56.0,67.0,0.0,rickhall@13f79535-47bb-0310-9956-ffa450edef68,0,0.0,0.0,0.0,0.0,0.0,0.0,0.0,0,0,0.0,false
framework/src/main/java/org/apache/felix/framework/util/manifestparser/Requirement.java,181.0,6.0,59.0,15.0,32.0,47.0,20.0,rickhall@13f79535-47bb-0310-9956-ffa450edef68,0,0.0,0.0,0.0,0.0,0.0,0.0,0.0,0,2,0.0,false
framework/src/main/java/org/osgi/framework/AdminPermission.java,224.0,14.0,69.0,15.0,41.0,41.0,8.0,cziegeler@13f79535-47bb-0310-9956-ffa450edef68,2,0.0029282576866764276,33.0,0.0,0.0,8.0,1858.2957130358707,53338.91683927072,2,0,0.7946075965093511,true
framework/src/main/java/org/osgi/util/tracker/ServiceTracker.java,652.0,2.0,58.0,21.0,44.0,87.0,0.0,rickhall@13f79535-47bb-0310-9956-ffa450edef68,0,0.0,0.0,0.0,0.0,0.0,0.0,0.0,0,1,0.0,false
framework/src/main/java/org/osgi/util/tracker/ServiceTrackerCustomizer.java,24.0,1.0,3.0,3.0,0.0,9.0,0.0,rickhall@13f79535-47bb-0310-9956-ffa450edef68,0,0.0,0.0,0.0,0.0,0.0,0.0,0.0,0,1,0.0,false
http.jetty/src/main/java/org/apache/felix/http/jetty/OsgiResourceHandler.java,100.0,10.0,5.0,6.0,27.0,23.0,11.0,joes@13f79535-47bb-0310-9956-ffa450edef68,1,0.0014641288433382138,25.0,0.0,0.0,0.0,464.74285714285713,2823.9359949880427,1,0,1.7483469762927415,false
ipojo/annotations/src/main/java/org/apache/felix/ipojo/annotations/Attribute.java,0.0,0.0,0.0,0.0,0.0,0.0,28.0,clement@13f79535-47bb-0310-9956-ffa450edef68,1,0.0014641288433382138,100.0,100.0,0.0,0.0,1380.1016949152543,167099.80000000002,1,0,2.0966536705609573,false
ipojo/annotations/src/main/java/org/apache/felix/ipojo/annotations/Bind.java,0.0,0.0,0.0,0.0,0.0,0.0,24.0,clement@13f79535-47bb-0310-9956-ffa450edef68,1,0.0014641288433382138,20.0,20.0,0.0,0.0,1380.1016949152543,167099.80000000002,1,0,2.0966536705609573,false
ipojo/annotations/src/main/java/org/apache/felix/ipojo/annotations/Component.java,0.0,0.0,0.0,0.0,0.0,0.0,30.0,clement@13f79535-47bb-0310-9956-ffa450edef68,1,0.0014641288433382138,12.0,12.0,0.0,0.0,1380.1016949152543,167099.80000000002,1,0,2.0966536705609573,false
ipojo/annotations/src/main/java/org/apache/felix/ipojo/annotations/Element.java,0.0,0.0,0.0,0.0,0.0,0.0,43.0,clement@13f79535-47bb-0310-9956-ffa450edef68,1,0.0014641288433382138,100.0,100.0,0.0,0.0,1380.1016949152543,167099.80000000002,1,0,2.0966536705609573,false
ipojo/annotations/src/main/java/org/apache/felix/ipojo/annotations/Invalidate.java,0.0,0.0,0.0,0.0,0.0,0.0,24.0,clement@13f79535-47bb-0310-9956-ffa450edef68,1,0.0014641288433382138,50.0,50.0,0.0,0.0,1380.1016949152543,167099.80000000002,1,0,2.0966536705609573,false
ipojo/annotations/src/main/java/org/apache/felix/ipojo/annotations/Property.java,0.0,0.0,0.0,0.0,0.0,0.0,45.0,clement@13f79535-47bb-0310-9956-ffa450edef68,1,0.0014641288433382138,20.0,20.0,0.0,0.0,1380.1016949152543,167099.80000000002,1,0,2.0966536705609573,false
ipojo/annotations/src/main/java/org/apache/felix/ipojo/annotations/Provides.java,0.0,0.0,0.0,0.0,0.0,0.0,16.0,clement@13f79535-47bb-0310-9956-ffa450edef68,1,0.0014641288433382138,40.0,40.0,0.0,0.0,1380.1016949152543,167099.80000000002,1,0,2.0966536705609573,false
ipojo/annotations/src/main/java/org/apache/felix/ipojo/annotations/Requires.java,0.0,0.0,0.0,0.0,0.0,0.0,24.0,clement@13f79535-47bb-0310-9956-ffa450edef68,1,0.0014641288433382138,12.0,12.0,0.0,0.0,1380.1016949152543,167099.80000000002,1,0,2.0966536705609573,false
ipojo/annotations/src/main/java/org/apache/felix/ipojo/annotations/ServiceProperty.java,0.0,0.0,0.0,0.0,0.0,0.0,24.0,clement@13f79535-47bb-0310-9956-ffa450edef68,1,0.0014641288433382138,25.0,25.0,0.0,0.0,1380.1016949152543,167099.80000000002,1,0,2.0966536705609573,false
ipojo/annotations/src/main/java/org/apache/felix/ipojo/annotations/SubElement.java,0.0,0.0,0.0,0.0,0.0,0.0,16.0,clement@13f79535-47bb-0310-9956-ffa450edef68,1,0.0014641288433382138,100.0,100.0,0.0,0.0,1380.1016949152543,167099.80000000002,1,0,2.0966536705609573,false
ipojo/annotations/src/main/java/org/apache/felix/ipojo/annotations/Unbind.java,0.0,0.0,0.0,0.0,0.0,0.0,24.0,clement@13f79535-47bb-0310-9956-ffa450edef68,1,0.0014641288433382138,17.0,17.0,0.0,0.0,1380.1016949152543,167099.80000000002,1,0,2.0966536705609573,false
ipojo/annotations/src/main/java/org/apache/felix/ipojo/annotations/Validate.java,0.0,0.0,0.0,0.0,0.0,0.0,24.0,clement@13f79535-47bb-0310-9956-ffa450edef68,1,0.0014641288433382138,50.0,50.0,0.0,0.0,1380.1016949152543,167099.80000000002,1,0,2.0966536705609573,false
ipojo/ant/src/main/java/org/apache/felix/ipojo/task/IPojoTask.java,99.0,4.0,0.0,4.0,12.0,8.0,3.0,clement@13f79535-47bb-0310-9956-ffa450edef68,1,0.0014641288433382138,15.0,8.0,0.0,0.0,1380.1016949152543,167099.80000000002,1,0,2.0966536705609573,false
ipojo/arch/src/main/java/org/apache/felix/ipojo/arch/ArchCommandImpl.java,127.0,6.0,24.0,8.0,26.0,22.0,87.0,clement@13f79535-47bb-0310-9956-ffa450edef68,1,0.0014641288433382138,10.0,10.0,0.0,0.0,1380.1016949152543,167099.80000000002,1,0,2.0966536705609573,false
ipojo/core/src/main/java/org/apache/felix/ipojo/ComponentFactory.java,577.0,19.0,59.0,23.0,85.0,88.0,27.0,clement@13f79535-47bb-0310-9956-ffa450edef68,1,0.0014641288433382138,19.0,14.0,14.0,6.0,1380.1016949152543,167099.80000000002,1,2,2.0966536705609573,false
ipojo/core/src/main/java/org/apache/felix/ipojo/ComponentInstance.java,84.0,4.0,78.0,13.0,0.0,23.0,87.0,clement@13f79535-47bb-0310-9956-ffa450edef68,1,0.0014641288433382138,17.0,17.0,0.0,0.0,1380.1016949152543,167099.80000000002,1,1,2.0966536705609573,false
ipojo/core/src/main/java/org/apache/felix/ipojo/CompositeHandler.java,47.0,3.0,21.0,7.0,3.0,10.0,69.0,clement@13f79535-47bb-0310-9956-ffa450edef68,1,0.0014641288433382138,33.0,33.0,17.0,0.0,1380.1016949152543,167099.80000000002,1,1,2.0966536705609573,false
ipojo/core/src/main/java/org/apache/felix/ipojo/CompositeManager.java,413.0,10.0,48.0,25.0,59.0,81.0,41.0,clement@13f79535-47bb-0310-9956-ffa450edef68,1,0.0014641288433382138,43.0,43.0,29.0,14.0,1380.1016949152543,167099.80000000002,1,1,2.0966536705609573,false
ipojo/core/src/main/java/org/apache/felix/ipojo/DefaultServiceContext.java,114.0,6.0,0.0,11.0,10.0,32.0,87.0,pauls@13f79535-47bb-0310-9956-ffa450edef68,1,0.0014641288433382138,25.0,25.0,0.0,0.0,1380.1016949152543,167099.80000000002,1,1,2.0966536705609573,false
ipojo/core/src/main/java/org/apache/felix/ipojo/Extender.java,229.0,14.0,10.0,9.0,53.0,40.0,35.0,clement@13f79535-47bb-0310-9956-ffa450edef68,1,0.0014641288433382138,12.0,4.0,4.0,4.0,1380.1016949152543,167099.80000000002,1,2,2.0966536705609573,false
ipojo/core/src/main/java/org/apache/felix/ipojo/Factory.java,43.0,2.0,15.0,6.0,0.0,20.0,37.0,clement@13f79535-47bb-0310-9956-ffa450edef68,1,0.0014641288433382138,17.0,17.0,8.0,0.0,1380.1016949152543,167099.80000000002,1,1,2.0966536705609573,false
ipojo/core/src/main/java/org/apache/felix/ipojo/Handler.java,82.0,3.0,66.0,12.0,3.0,22.0,52.0,clement@13f79535-47bb-0310-9956-ffa450edef68,1,0.0014641288433382138,27.0,27.0,18.0,9.0,1380.1016949152543,167099.80000000002,1,1,2.0966536705609573,false
ipojo/core/src/main/java/org/apache/felix/ipojo/IPojoConfiguration.java,18.0,10.0,0.0,0.0,0.0,0.0,47.0,clement@13f79535-47bb-0310-9956-ffa450edef68,1,0.0014641288433382138,40.0,40.0,20.0,0.0,1380.1016949152543,167099.80000000002,1,0,2.0966536705609573,false
ipojo/core/src/main/java/org/apache/felix/ipojo/IPojoContext.java,249.0,13.0,0.0,26.0,22.0,65.0,52.0,clement@13f79535-47bb-0310-9956-ffa450edef68,1,0.0014641288433382138,17.0,17.0,8.0,0.0,1380.1016949152543,167099.80000000002,1,1,2.0966536705609573,false
ipojo/core/src/main/java/org/apache/felix/ipojo/InstanceCreator.java,171.0,7.0,0.0,4.0,34.0,16.0,52.0,clement@13f79535-47bb-0310-9956-ffa450edef68,1,0.0014641288433382138,18.0,18.0,12.0,6.0,1380.1016949152543,167099.80000000002,1,1,2.0966536705609573,false
ipojo/core/src/main/java/org/apache/felix/ipojo/InstanceManager.java,718.0,15.0,457.0,42.0,112.0,136.0,23.0,clement@13f79535-47bb-0310-9956-ffa450edef68,1,0.0014641288433382138,22.0,15.0,17.0,5.0,1380.1016949152543,167099.80000000002,1,2,2.0966536705609573,false
ipojo/core/src/main/java/org/apache/felix/ipojo/Nullable.java,6.0,0.0,0.0,0.0,0.0,0.0,0.0,clement@13f79535-47bb-0310-9956-ffa450edef68,0,0.0,0.0,0.0,0.0,0.0,0.0,0.0,0,1,0.0,false
ipojo/core/src/main/java/org/apache/felix/ipojo/PolicyServiceContext.java,245.0,7.0,0.0,11.0,8.0,51.0,52.0,clement@13f79535-47bb-0310-9956-ffa450edef68,1,0.0014641288433382138,33.0,33.0,17.0,0.0,1380.1016949152543,167099.80000000002,1,0,2.0966536705609573,false
ipojo/core/src/main/java/org/apache/felix/ipojo/ServiceContext.java,83.0,5.0,45.0,10.0,0.0,31.0,87.0,clement@13f79535-47bb-0310-9956-ffa450edef68,1,0.0014641288433382138,14.0,14.0,0.0,0.0,1380.1016949152543,167099.80000000002,1,1,2.0966536705609573,false
ipojo/core/src/main/java/org/apache/felix/ipojo/UnacceptableConfiguration.java,17.0,0.0,0.0,1.0,0.0,1.0,0.0,clement@13f79535-47bb-0310-9956-ffa450edef68,0,0.0,0.0,0.0,0.0,0.0,0.0,0.0,0,1,0.0,false
ipojo/core/src/main/java/org/apache/felix/ipojo/architecture/ComponentDescription.java,141.0,2.0,17.0,10.0,12.0,26.0,49.0,clement@13f79535-47bb-0310-9956-ffa450edef68,1,0.0014641288433382138,38.0,25.0,12.0,0.0,1380.1016949152543,167099.80000000002,1,1,2.0966536705609573,false
ipojo/core/src/main/java/org/apache/felix/ipojo/architecture/PropertyDescription.java,50.0,0.0,0.0,4.0,0.0,8.0,0.0,clement@13f79535-47bb-0310-9956-ffa450edef68,0,0.0,0.0,0.0,0.0,0.0,0.0,0.0,0,0,0.0,false
ipojo/core/src/main/java/org/apache/felix/ipojo/composite/CompositeServiceContext.java,265.0,15.0,0.0,19.0,43.0,53.0,53.0,clement@13f79535-47bb-0310-9956-ffa450edef68,1,0.0014641288433382138,29.0,29.0,14.0,14.0,1380.1016949152543,167099.80000000002,1,1,2.0966536705609573,false
ipojo/core/src/main/java/org/apache/felix/ipojo/composite/FactoryProxy.java,78.0,6.0,0.0,7.0,6.0,21.0,69.0,clement@13f79535-47bb-0310-9956-ffa450edef68,1,0.0014641288433382138,29.0,29.0,14.0,0.0,1380.1016949152543,167099.80000000002,1,1,2.0966536705609573,false
ipojo/core/src/main/java/org/apache/felix/ipojo/composite/ServiceReferenceImpl.java,68.0,3.0,9.0,7.0,2.0,20.0,44.0,clement@13f79535-47bb-0310-9956-ffa450edef68,1,0.0014641288433382138,20.0,20.0,0.0,0.0,1380.1016949152543,167099.80000000002,1,1,2.0966536705609573,false
ipojo/core/src/main/java/org/apache/felix/ipojo/composite/ServiceRegistrationImpl.java,182.0,12.0,16.0,12.0,27.0,35.0,87.0,clement@13f79535-47bb-0310-9956-ffa450edef68,1,0.0014641288433382138,20.0,20.0,0.0,0.0,1380.1016949152543,167099.80000000002,1,1,2.0966536705609573,false
ipojo/core/src/main/java/org/apache/felix/ipojo/composite/ServiceRegistry.java,255.0,12.0,59.0,15.0,42.0,43.0,46.0,clement@13f79535-47bb-0310-9956-ffa450edef68,1,0.0014641288433382138,33.0,17.0,0.0,0.0,1380.1016949152543,167099.80000000002,1,1,2.0966536705609573,false
ipojo/core/src/main/java/org/apache/felix/ipojo/composite/architecture/ArchitectureHandler.java,67.0,10.0,0.0,4.0,14.0,8.0,75.0,clement@13f79535-47bb-0310-9956-ffa450edef68,1,0.0014641288433382138,17.0,17.0,0.0,0.0,1380.1016949152543,167099.80000000002,1,1,2.0966536705609573,false
ipojo/core/src/main/java/org/apache/felix/ipojo/composite/instance/InstanceHandler.java,345.0,21.0,2.0,13.0,71.0,54.0,48.0,clement@13f79535-47bb-0310-9956-ffa450edef68,1,0.0014641288433382138,43.0,29.0,14.0,0.0,1380.1016949152543,167099.80000000002,1,1,2.0966536705609573,false
ipojo/core/src/main/java/org/apache/felix/ipojo/composite/instance/InstanceHandlerDescription.java,54.0,5.0,0.0,2.0,8.0,6.0,87.0,clement@13f79535-47bb-0310-9956-ffa450edef68,1,0.0014641288433382138,20.0,20.0,0.0,0.0,1380.1016949152543,167099.80000000002,1,1,2.0966536705609573,false
ipojo/core/src/main/java/org/apache/felix/ipojo/composite/service/importer/ImportExportHandler.java,230.0,12.0,0.0,11.0,34.0,29.0,52.0,clement@13f79535-47bb-0310-9956-ffa450edef68,1,0.0014641288433382138,33.0,33.0,17.0,0.0,1380.1016949152543,167099.80000000002,1,1,2.0966536705609573,false
ipojo/core/src/main/java/org/apache/felix/ipojo/composite/service/importer/ServiceExporter.java,274.0,13.0,0.0,11.0,58.0,38.0,64.0,clement@13f79535-47bb-0310-9956-ffa450edef68,1,0.0014641288433382138,33.0,33.0,17.0,17.0,1380.1016949152543,167099.80000000002,1,1,2.0966536705609573,false
ipojo/core/src/main/java/org/apache/felix/ipojo/composite/service/importer/ServiceImporter.java,326.0,14.0,50.0,17.0,61.0,52.0,41.0,clement@13f79535-47bb-0310-9956-ffa450edef68,1,0.0014641288433382138,43.0,43.0,29.0,14.0,1380.1016949152543,167099.80000000002,1,1,2.0966536705609573,false
ipojo/core/src/main/java/org/apache/felix/ipojo/composite/service/instantiator/ServiceInstantiatorDescription.java,52.0,9.0,0.0,2.0,13.0,6.0,87.0,clement@13f79535-47bb-0310-9956-ffa450edef68,1,0.0014641288433382138,20.0,20.0,0.0,0.0,1380.1016949152543,167099.80000000002,1,1,2.0966536705609573,false
ipojo/core/src/main/java/org/apache/felix/ipojo/composite/service/instantiator/ServiceInstantiatorHandler.java,138.0,9.0,0.0,9.0,29.0,23.0,48.0,clement@13f79535-47bb-0310-9956-ffa450edef68,1,0.0014641288433382138,43.0,29.0,14.0,0.0,1380.1016949152543,167099.80000000002,1,1,2.0966536705609573,false
ipojo/core/src/main/java/org/apache/felix/ipojo/composite/service/instantiator/SvcInstance.java,314.0,17.0,0.0,16.0,94.0,53.0,37.0,clement@13f79535-47bb-0310-9956-ffa450edef68,1,0.0014641288433382138,38.0,25.0,12.0,12.0,1380.1016949152543,167099.80000000002,1,1,2.0966536705609573,false
ipojo/core/src/main/java/org/apache/felix/ipojo/composite/service/provides/CompositionException.java,29.0,0.0,0.0,2.0,0.0,3.0,0.0,pauls@13f79535-47bb-0310-9956-ffa450edef68,0,0.0,0.0,0.0,0.0,0.0,0.0,0.0,0,1,0.0,false
ipojo/core/src/main/java/org/apache/felix/ipojo/composite/service/provides/CompositionMetadata.java,277.0,17.0,0.0,10.0,80.0,39.0,52.0,clement@13f79535-47bb-0310-9956-ffa450edef68,1,0.0014641288433382138,25.0,25.0,12.0,0.0,1380.1016949152543,167099.80000000002,1,1,2.0966536705609573,false
ipojo/core/src/main/java/org/apache/felix/ipojo/composite/service/provides/MethodMetadata.java,118.0,3.0,50.0,13.0,10.0,26.0,52.0,clement@13f79535-47bb-0310-9956-ffa450edef68,0,0.0,0.0,0.0,0.0,0.0,0.0,0.0,0,1,0.0,false
ipojo/core/src/main/java/org/apache/felix/ipojo/composite/service/provides/POJOWriter.java,287.0,12.0,28.0,8.0,86.0,30.0,87.0,clement@13f79535-47bb-0310-9956-ffa450edef68,1,0.0014641288433382138,20.0,20.0,0.0,0.0,1380.1016949152543,167099.80000000002,1,1,2.0966536705609573,false
ipojo/core/src/main/java/org/apache/felix/ipojo/composite/service/provides/ProvidedServiceHandler.java,288.0,19.0,11.0,14.0,79.0,47.0,32.0,clement@13f79535-47bb-0310-9956-ffa450edef68,1,0.0014641288433382138,50.0,30.0,30.0,10.0,1380.1016949152543,167099.80000000002,1,1,2.0966536705609573,false
ipojo/core/src/main/java/org/apache/felix/ipojo/composite/service/provides/SpecificationMetadata.java,148.0,12.0,25.0,11.0,34.0,27.0,87.0,clement@13f79535-47bb-0310-9956-ffa450edef68,1,0.0014641288433382138,14.0,14.0,0.0,0.0,1380.1016949152543,167099.80000000002,1,1,2.0966536705609573,false
ipojo/core/src/main/java/org/apache/felix/ipojo/handlers/architecture/ArchitectureHandler.java,67.0,10.0,0.0,4.0,14.0,8.0,75.0,clement@13f79535-47bb-0310-9956-ffa450edef68,1,0.0014641288433382138,22.0,22.0,11.0,0.0,1380.1016949152543,167099.80000000002,1,0,2.0966536705609573,false
ipojo/core/src/main/java/org/apache/felix/ipojo/handlers/configuration/ConfigurableProperty.java,327.0,6.0,0.0,10.0,54.0,29.0,31.0,clement@13f79535-47bb-0310-9956-ffa450edef68,1,0.0014641288433382138,56.0,44.0,44.0,0.0,1380.1016949152543,167099.80000000002,1,0,2.0966536705609573,false
ipojo/core/src/main/java/org/apache/felix/ipojo/handlers/configuration/ConfigurationHandler.java,310.0,16.0,0.0,11.0,61.0,41.0,29.0,clement@13f79535-47bb-0310-9956-ffa450edef68,1,0.0014641288433382138,14.0,6.0,11.0,0.0,1380.1016949152543,167099.80000000002,1,1,2.0966536705609573,false
ipojo/core/src/main/java/org/apache/felix/ipojo/handlers/dependency/Dependency.java,562.0,15.0,210.0,32.0,127.0,104.0,24.0,clement@13f79535-47bb-0310-9956-ffa450edef68,1,0.0014641288433382138,18.0,14.0,11.0,5.0,1380.1016949152543,167099.80000000002,1,1,2.0966536705609573,false
ipojo/core/src/main/java/org/apache/felix/ipojo/handlers/dependency/DependencyDescription.java,101.0,3.0,31.0,11.0,1.0,21.0,13.0,clement@13f79535-47bb-0310-9956-ffa450edef68,1,0.0014641288433382138,15.0,8.0,8.0,0.0,1380.1016949152543,167099.80000000002,1,1,2.0966536705609573,false
ipojo/core/src/main/java/org/apache/felix/ipojo/handlers/dependency/DependencyHandler.java,399.0,15.0,33.0,19.0,86.0,67.0,21.0,clement@13f79535-47bb-0310-9956-ffa450edef68,1,0.0014641288433382138,28.0,19.0,17.0,8.0,1380.1016949152543,167099.80000000002,1,0,2.0966536705609573,false
ipojo/core/src/main/java/org/apache/felix/ipojo/handlers/dependency/DependencyHandlerDescription.java,85.0,7.0,0.0,4.0,16.0,13.0,33.0,clement@13f79535-47bb-0310-9956-ffa450edef68,1,0.0014641288433382138,33.0,20.0,20.0,0.0,1380.1016949152543,167099.80000000002,1,0,2.0966536705609573,false
ipojo/core/src/main/java/org/apache/felix/ipojo/handlers/dependency/ServiceUsage.java,63.0,2.0,10.0,5.0,1.0,9.0,10.0,clement@13f79535-47bb-0310-9956-ffa450edef68,1,0.0014641288433382138,17.0,0.0,0.0,0.0,1380.1016949152543,167099.80000000002,1,0,2.0966536705609573,false
ipojo/core/src/main/java/org/apache/felix/ipojo/handlers/lifecycle/callback/LifecycleCallbackHandler.java,151.0,9.0,3.0,6.0,21.0,22.0,50.0,clement@13f79535-47bb-0310-9956-ffa450edef68,1,0.0014641288433382138,23.0,23.0,15.0,0.0,1380.1016949152543,167099.80000000002,1,0,2.0966536705609573,false
ipojo/core/src/main/java/org/apache/felix/ipojo/handlers/lifecycle/controller/ControllerHandler.java,96.0,7.0,1.0,6.0,15.0,14.0,48.0,clement@13f79535-47bb-0310-9956-ffa450edef68,1,0.0014641288433382138,38.0,38.0,25.0,0.0,1380.1016949152543,167099.80000000002,1,0,2.0966536705609573,false
ipojo/core/src/main/java/org/apache/felix/ipojo/handlers/providedservice/ProvidedService.java,261.0,9.0,87.0,18.0,42.0,55.0,44.0,clement@13f79535-47bb-0310-9956-ffa450edef68,1,0.0014641288433382138,13.0,13.0,10.0,3.0,1380.1016949152543,167099.80000000002,1,0,2.0966536705609573,false
ipojo/core/src/main/java/org/apache/felix/ipojo/handlers/providedservice/ProvidedServiceHandler.java,410.0,18.0,44.0,16.0,92.0,55.0,32.0,clement@13f79535-47bb-0310-9956-ffa450edef68,1,0.0014641288433382138,18.0,15.0,12.0,3.0,1380.1016949152543,167099.80000000002,1,0,2.0966536705609573,false
ipojo/core/src/main/java/org/apache/felix/ipojo/handlers/providedservice/ProvidedServiceHandlerDescription.java,78.0,5.0,0.0,4.0,14.0,13.0,50.0,clement@13f79535-47bb-0310-9956-ffa450edef68,1,0.0014641288433382138,25.0,17.0,8.0,0.0,1380.1016949152543,167099.80000000002,1,0,2.0966536705609573,false
ipojo/core/src/main/java/org/apache/felix/ipojo/parser/ParseUtils.java,44.0,1.0,1.0,2.0,9.0,9.0,34.0,clement@13f79535-47bb-0310-9956-ffa450edef68,1,0.0014641288433382138,18.0,18.0,18.0,0.0,1380.1016949152543,167099.80000000002,1,0,2.0966536705609573,false
ipojo/manipulator/src/main/java/org/apache/felix/ipojo/manipulation/ClassChecker.java,110.0,10.0,13.0,7.0,12.0,20.0,38.0,clement@13f79535-47bb-0310-9956-ffa450edef68,1,0.0014641288433382138,12.0,12.0,6.0,0.0,1380.1016949152543,167099.80000000002,1,1,2.0966536705609573,false
ipojo/manipulator/src/main/java/org/apache/felix/ipojo/manipulation/ConstructorCodeAdapter.java,127.0,4.0,11.0,7.0,8.0,20.0,28.0,clement@13f79535-47bb-0310-9956-ffa450edef68,1,0.0014641288433382138,12.0,6.0,12.0,0.0,1380.1016949152543,167099.80000000002,1,1,2.0966536705609573,false
ipojo/manipulator/src/main/java/org/apache/felix/ipojo/manipulation/FieldAdapter.java,498.0,7.0,1.0,7.0,62.0,21.0,26.0,clement@13f79535-47bb-0310-9956-ffa450edef68,1,0.0014641288433382138,38.0,25.0,38.0,25.0,1380.1016949152543,167099.80000000002,1,0,2.0966536705609573,false
ipojo/manipulator/src/main/java/org/apache/felix/ipojo/manipulation/ManipulationProperty.java,80.0,0.0,0.0,1.0,0.0,3.0,87.0,clement@13f79535-47bb-0310-9956-ffa450edef68,1,0.0014641288433382138,11.0,11.0,0.0,0.0,1380.1016949152543,167099.80000000002,1,1,2.0966536705609573,false
ipojo/manipulator/src/main/java/org/apache/felix/ipojo/manipulation/Manipulator.java,152.0,15.0,0.0,3.0,48.0,15.0,47.0,clement@13f79535-47bb-0310-9956-ffa450edef68,1,0.0014641288433382138,17.0,11.0,11.0,0.0,1380.1016949152543,167099.80000000002,1,2,2.0966536705609573,false
ipojo/manipulator/src/main/java/org/apache/felix/ipojo/manipulation/MethodCodeAdapter.java,132.0,5.0,0.0,5.0,32.0,16.0,4.0,clement@13f79535-47bb-0310-9956-ffa450edef68,1,0.0014641288433382138,8.0,0.0,8.0,0.0,1380.1016949152543,167099.80000000002,1,0,2.0966536705609573,false
ipojo/manipulator/src/main/java/org/apache/felix/ipojo/manipulation/PojoAdapter.java,278.0,11.0,83.0,15.0,43.0,27.0,34.0,clement@13f79535-47bb-0310-9956-ffa450edef68,1,0.0014641288433382138,42.0,25.0,25.0,0.0,1380.1016949152543,167099.80000000002,1,2,2.0966536705609573,false
ipojo/manipulator/src/main/java/org/apache/felix/ipojo/manipulation/annotations/FieldCollector.java,221.0,5.0,0.0,2.0,4.0,5.0,28.0,clement@13f79535-47bb-0310-9956-ffa450edef68,1,0.0014641288433382138,19.0,19.0,6.0,0.0,1380.1016949152543,167099.80000000002,1,0,2.0966536705609573,false
ipojo/manipulator/src/main/java/org/apache/felix/ipojo/manipulation/annotations/MetadataCollector.java,329.0,7.0,0.0,6.0,3.0,12.0,16.0,clement@13f79535-47bb-0310-9956-ffa450edef68,1,0.0014641288433382138,8.0,8.0,0.0,0.0,1380.1016949152543,167099.80000000002,1,0,2.0966536705609573,false
ipojo/manipulator/src/main/java/org/apache/felix/ipojo/manipulation/annotations/MethodCollector.java,298.0,4.0,0.0,7.0,14.0,17.0,28.0,clement@13f79535-47bb-0310-9956-ffa450edef68,1,0.0014641288433382138,14.0,14.0,5.0,0.0,1380.1016949152543,167099.80000000002,1,0,2.0966536705609573,false
ipojo/manipulator/src/main/java/org/apache/felix/ipojo/manipulator/Pojoization.java,571.0,28.0,158.0,20.0,137.0,77.0,42.0,clement@13f79535-47bb-0310-9956-ffa450edef68,1,0.0014641288433382138,7.0,6.0,2.0,0.0,1380.1016949152543,167099.80000000002,1,4,2.0966536705609573,false
ipojo/manipulator/src/main/java/org/apache/felix/ipojo/manipulator/QuotedTokenizer.java,164.0,2.0,26.0,9.0,17.0,31.0,0.0,clement@13f79535-47bb-0310-9956-ffa450edef68,0,0.0,0.0,0.0,0.0,0.0,0.0,0.0,0,0,0.0,false
ipojo/manipulator/src/main/java/org/apache/felix/ipojo/xml/parser/XMLMetadataParser.java,211.0,6.0,85.0,15.0,16.0,46.0,54.0,clement@13f79535-47bb-0310-9956-ffa450edef68,1,0.0014641288433382138,23.0,23.0,8.0,0.0,1380.1016949152543,167099.80000000002,1,0,2.0966536705609573,false
ipojo/metadata/src/main/java/org/apache/felix/ipojo/metadata/Attribute.java,60.0,0.0,0.0,5.0,2.0,8.0,28.0,clement@13f79535-47bb-0310-9956-ffa450edef68,1,0.0014641288433382138,17.0,17.0,17.0,0.0,1380.1016949152543,167099.80000000002,1,0,2.0966536705609573,false
ipojo/metadata/src/main/java/org/apache/felix/ipojo/metadata/Element.java,402.0,0.0,47.0,22.0,53.0,88.0,43.0,clement@13f79535-47bb-0310-9956-ffa450edef68,1,0.0014641288433382138,18.0,18.0,9.0,0.0,1380.1016949152543,167099.80000000002,1,0,2.0966536705609573,false
ipojo/plugin/src/main/java/org/apache/felix/ipojo/plugin/ManipulatorMojo.java,67.0,5.0,0.0,1.0,12.0,4.0,14.0,clement@13f79535-47bb-0310-9956-ffa450edef68,1,0.0014641288433382138,9.0,5.0,0.0,0.0,1380.1016949152543,167099.80000000002,1,1,2.0966536705609573,false
main/src/main/java/org/apache/felix/main/Main.java,238.0,7.0,10.0,5.0,66.0,31.0,2.0,rickhall@13f79535-47bb-0310-9956-ffa450edef68,1,0.0014641288433382138,3.0,3.0,0.0,0.0,115.27272727272727,279.0767137758653,1,0,2.907583886777286,false
metatype/src/main/java/org/apache/felix/metatype/MetaDataReader.java,333.0,10.0,21.0,22.0,113.0,92.0,1.0,fmeschbe@13f79535-47bb-0310-9956-ffa450edef68,1,0.0014641288433382138,5.0,0.0,0.0,0.0,1752.740157480315,52480.05802191892,1,0,0.9888247267879237,false
metatype/src/main/java/org/apache/felix/metatype/internal/MetaTypeInformationImpl.java,104.0,16.0,33.0,15.0,37.0,33.0,8.0,fmeschbe@13f79535-47bb-0310-9956-ffa450edef68,1,0.0014641288433382138,7.0,0.0,0.0,0.0,1752.740157480315,52480.05802191892,1,0,0.9888247267879237,false
mosgi/console.gui/src/main/java/org/apache/felix/mosgi/console/gui/NodePanel.java,119.0,27.0,0.0,5.0,46.0,15.0,1.0,sfrenot@13f79535-47bb-0310-9956-ffa450edef68,1,0.0014641288433382138,33.0,0.0,0.0,0.0,0.0,0.0,1,1,4.987025428457122,false
org.apache.felix.daemon/src/main/java/org/apache/felix/daemon/Service.java,164.0,12.0,10.0,8.0,25.0,29.0,41.0,joes@13f79535-47bb-0310-9956-ffa450edef68,0,0.0,0.0,0.0,0.0,0.0,0.0,0.0,0,0,0.0,false
prefs/src/main/java/org/apache/felix/prefs/BackingStore.java,42.0,1.0,15.0,6.0,0.0,20.0,0.0,cziegeler@13f79535-47bb-0310-9956-ffa450edef68,0,0.0,0.0,0.0,0.0,0.0,0.0,0.0,0,0,0.0,false
prefs/src/main/java/org/apache/felix/prefs/BackingStoreManager.java,9.0,0.0,0.0,1.0,0.0,1.0,0.0,marrs@13f79535-47bb-0310-9956-ffa450edef68,0,0.0,0.0,0.0,0.0,0.0,0.0,0.0,0,0,0.0,true
prefs/src/main/java/org/apache/felix/prefs/ChangeSet.java,119.0,4.0,0.0,11.0,14.0,25.0,0.0,cziegeler@13f79535-47bb-0310-9956-ffa450edef68,0,0.0,0.0,0.0,0.0,0.0,0.0,0.0,0,0,0.0,false
prefs/src/main/java/org/apache/felix/prefs/PreferencesDescription.java,17.0,0.0,0.0,3.0,0.0,7.0,0.0,cziegeler@13f79535-47bb-0310-9956-ffa450edef68,0,0.0,0.0,0.0,0.0,0.0,0.0,0.0,0,0,0.0,false
prefs/src/main/java/org/apache/felix/prefs/PreferencesImpl.java,566.0,10.0,627.0,43.0,128.0,115.0,0.0,cziegeler@13f79535-47bb-0310-9956-ffa450edef68,0,0.0,0.0,0.0,0.0,0.0,0.0,0.0,0,0,0.0,false
prefs/src/main/java/org/apache/felix/prefs/impl/DataFileBackingStoreImpl.java,148.0,14.0,6.0,9.0,41.0,35.0,0.0,cziegeler@13f79535-47bb-0310-9956-ffa450edef68,0,0.0,0.0,0.0,0.0,0.0,0.0,0.0,0,0,0.0,true
prefs/src/main/java/org/apache/felix/prefs/impl/PreferencesManager.java,172.0,17.0,2.0,9.0,38.0,29.0,0.0,cziegeler@13f79535-47bb-0310-9956-ffa450edef68,0,0.0,0.0,0.0,0.0,0.0,0.0,0.0,0,0,0.0,true
prefs/src/main/java/org/apache/felix/prefs/impl/PreferencesServiceImpl.java,84.0,11.0,0.0,5.0,15.0,18.0,1.0,marrs@13f79535-47bb-0310-9956-ffa450edef68,1,0.0014641288433382138,25.0,0.0,25.0,0.0,1752.740157480315,52480.05802191892,1,0,0.9888247267879237,false
prefs/src/main/java/org/apache/felix/prefs/impl/StreamBackingStoreImpl.java,148.0,13.0,45.0,10.0,58.0,30.0,0.0,cziegeler@13f79535-47bb-0310-9956-ffa450edef68,0,0.0,0.0,0.0,0.0,0.0,0.0,0.0,0,0,0.0,false
scr/src/main/java/org/apache/felix/scr/AbstractComponentManager.java,364.0,12.0,538.0,37.0,112.0,96.0,4.0,fmeschbe@13f79535-47bb-0310-9956-ffa450edef68,2,0.0029282576866764276,80.0,13.0,20.0,13.0,2217.483014623172,55303.99401690697,2,0,1.1711987258423004,false
scr/src/main/java/org/apache/felix/scr/Activator.java,232.0,14.0,27.0,11.0,66.0,49.0,213.0,joes@13f79535-47bb-0310-9956-ffa450edef68,1,0.0014641288433382138,25.0,0.0,25.0,0.0,464.74285714285713,2823.9359949880427,1,0,1.7483469762927415,false
scr/src/main/java/org/apache/felix/scr/BundleComponentActivator.java,255.0,15.0,30.0,12.0,67.0,49.0,6.0,fmeschbe@13f79535-47bb-0310-9956-ffa450edef68,1,0.0014641288433382138,40.0,0.0,20.0,0.0,464.74285714285713,2823.9359949880427,1,0,1.7483469762927415,false
scr/src/main/java/org/apache/felix/scr/ComponentActorThread.java,47.0,2.0,0.0,4.0,10.0,10.0,7.0,fmeschbe@13f79535-47bb-0310-9956-ffa450edef68,1,0.0014641288433382138,50.0,0.0,50.0,25.0,464.74285714285713,2823.9359949880427,1,0,1.7483469762927415,false
scr/src/main/java/org/apache/felix/scr/ComponentFactoryImpl.java,90.0,12.0,70.0,13.0,35.0,27.0,6.0,fmeschbe@13f79535-47bb-0310-9956-ffa450edef68,2,0.0029282576866764276,70.0,0.0,20.0,20.0,2217.483014623172,55303.99401690697,2,0,0.7399293360902048,false
scr/src/main/java/org/apache/felix/scr/ComponentManager.java,26.0,0.0,10.0,5.0,0.0,7.0,7.0,joes@13f79535-47bb-0310-9956-ffa450edef68,1,0.0014641288433382138,25.0,0.0,0.0,25.0,1752.740157480315,52480.05802191892,1,0,0.9888247267879237,false
scr/src/main/java/org/apache/felix/scr/ComponentMetadata.java,200.0,6.0,57.0,18.0,14.0,58.0,3.0,joes@13f79535-47bb-0310-9956-ffa450edef68,1,0.0014641288433382138,50.0,0.0,25.0,25.0,464.74285714285713,2823.9359949880427,1,0,1.7483469762927415,false
scr/src/main/java/org/apache/felix/scr/ComponentRegistry.java,56.0,10.0,4.0,8.0,14.0,17.0,7.0,fmeschbe@13f79535-47bb-0310-9956-ffa450edef68,2,0.0029282576866764276,67.0,0.0,17.0,33.0,2217.483014623172,55303.99401690697,2,0,0.6754386709803873,false
scr/src/main/java/org/apache/felix/scr/DelayedComponentManager.java,36.0,4.0,15.0,6.0,6.0,11.0,7.0,fmeschbe@13f79535-47bb-0310-9956-ffa450edef68,2,0.0029282576866764276,50.0,0.0,33.0,17.0,2217.483014623172,55303.99401690697,2,0,0.858658724829656,false
scr/src/main/java/org/apache/felix/scr/DependencyManager.java,357.0,13.0,0.0,19.0,120.0,75.0,3.0,fmeschbe@13f79535-47bb-0310-9956-ffa450edef68,2,0.0029282576866764276,82.0,6.0,24.0,18.0,2217.483014623172,55303.99401690697,2,0,1.2297274795036444,false
scr/src/main/java/org/apache/felix/scr/ImmediateComponentManager.java,141.0,10.0,18.0,9.0,41.0,27.0,6.0,fmeschbe@13f79535-47bb-0310-9956-ffa450edef68,2,0.0029282576866764276,75.0,17.0,25.0,8.0,2217.483014623172,55303.99401690697,2,0,0.858658724829656,false
scr/src/main/java/org/apache/felix/scr/ManagerFactory.java,18.0,1.0,0.0,1.0,5.0,6.0,10.0,joes@13f79535-47bb-0310-9956-ffa450edef68,1,0.0014641288433382138,33.0,0.0,33.0,0.0,464.74285714285713,2823.9359949880427,1,0,1.7483469762927415,false
scr/src/main/java/org/apache/felix/scr/ServiceFactoryComponentManager.java,66.0,7.0,19.0,7.0,14.0,13.0,7.0,fmeschbe@13f79535-47bb-0310-9956-ffa450edef68,1,0.0014641288433382138,40.0,0.0,40.0,0.0,464.74285714285713,2823.9359949880427,1,0,1.7483469762927415,false
scr/src/main/java/org/apache/felix/scr/XmlHandler.java,152.0,5.0,13.0,7.0,26.0,17.0,2.0,fmeschbe@13f79535-47bb-0310-9956-ffa450edef68,2,0.0029282576866764276,71.0,14.0,14.0,14.0,2217.483014623172,55303.99401690697,2,0,0.6196219595805943,false
scr/src/main/java/org/apache/felix/scr/parser/KXml2SAXHandler.java,29.0,1.0,15.0,6.0,0.0,10.0,3.0,joes@13f79535-47bb-0310-9956-ffa450edef68,1,0.0014641288433382138,33.0,0.0,0.0,0.0,1752.740157480315,52480.05802191892,1,0,0.9888247267879237,false
scr/src/main/java/org/apache/felix/scr/parser/KXml2SAXParser.java,45.0,5.0,1.0,2.0,19.0,9.0,2.0,fmeschbe@13f79535-47bb-0310-9956-ffa450edef68,2,0.0029282576866764276,67.0,17.0,17.0,17.0,2217.483014623172,55303.99401690697,2,0,0.6163701445453198,false
scrplugin/src/main/java/org/apache/felix/scrplugin/Constants.java,38.0,1.0,0.0,0.0,0.0,0.0,130.0,cziegeler@13f79535-47bb-0310-9956-ffa450edef68,1,0.0014641288433382138,10.0,0.0,0.0,0.0,1752.740157480315,52480.05802191892,1,0,0.9888247267879237,false
scrplugin/src/main/java/org/apache/felix/scrplugin/SCRDescriptorMojo.java,413.0,32.0,19.0,7.0,144.0,39.0,18.0,cziegeler@13f79535-47bb-0310-9956-ffa450edef68,2,0.0029282576866764276,25.0,4.0,7.0,0.0,2217.483014623172,55303.99401690697,2,0,0.607561495204043,false
scrplugin/src/main/java/org/apache/felix/scrplugin/om/AbstractObject.java,17.0,1.0,0.0,2.0,2.0,5.0,54.0,fmeschbe@13f79535-47bb-0310-9956-ffa450edef68,1,0.0014641288433382138,20.0,0.0,0.0,0.0,1752.740157480315,52480.05802191892,1,0,0.9888247267879237,false
scrplugin/src/main/java/org/apache/felix/scrplugin/om/Component.java,218.0,8.0,319.0,27.0,35.0,49.0,30.0,cziegeler@13f79535-47bb-0310-9956-ffa450edef68,2,0.0029282576866764276,26.0,0.0,9.0,4.0,2217.483014623172,55303.99401690697,2,0,0.6054846416613833,false
scrplugin/src/main/java/org/apache/felix/scrplugin/om/Components.java,27.0,2.0,0.0,3.0,1.0,4.0,54.0,fmeschbe@13f79535-47bb-0310-9956-ffa450edef68,1,0.0014641288433382138,25.0,0.0,0.0,0.0,1752.740157480315,52480.05802191892,1,0,0.9888247267879237,false
scrplugin/src/main/java/org/apache/felix/scrplugin/om/Implementation.java,20.0,0.0,0.0,4.0,0.0,5.0,54.0,fmeschbe@13f79535-47bb-0310-9956-ffa450edef68,1,0.0014641288433382138,50.0,0.0,0.0,0.0,1752.740157480315,52480.05802191892,1,0,0.9888247267879237,false
scrplugin/src/main/java/org/apache/felix/scrplugin/om/Interface.java,38.0,4.0,8.0,5.0,5.0,9.0,54.0,fmeschbe@13f79535-47bb-0310-9956-ffa450edef68,1,0.0014641288433382138,17.0,0.0,0.0,0.0,1752.740157480315,52480.05802191892,1,0,0.9888247267879237,false
scrplugin/src/main/java/org/apache/felix/scrplugin/om/Property.java,52.0,2.0,41.0,11.0,0.0,15.0,45.0,fmeschbe@13f79535-47bb-0310-9956-ffa450edef68,1,0.0014641288433382138,22.0,0.0,0.0,0.0,1752.740157480315,52480.05802191892,1,0,0.9888247267879237,false
scrplugin/src/main/java/org/apache/felix/scrplugin/om/Reference.java,135.0,6.0,125.0,19.0,19.0,38.0,41.0,cziegeler@13f79535-47bb-0310-9956-ffa450edef68,1,0.0014641288433382138,20.0,0.0,0.0,0.0,1752.740157480315,52480.05802191892,1,0,0.9888247267879237,false
scrplugin/src/main/java/org/apache/felix/scrplugin/om/Service.java,37.0,4.0,7.0,7.0,5.0,11.0,41.0,fmeschbe@13f79535-47bb-0310-9956-ffa450edef68,2,0.0029282576866764276,33.0,0.0,11.0,0.0,2217.483014623172,55303.99401690697,2,0,0.6054846416613833,false
scrplugin/src/main/java/org/apache/felix/scrplugin/om/metatype/AttributeDefinition.java,70.0,1.0,94.0,16.0,0.0,28.0,46.0,fmeschbe@13f79535-47bb-0310-9956-ffa450edef68,2,0.0029282576866764276,40.0,20.0,20.0,0.0,2217.483014623172,55303.99401690697,2,0,0.6754386709803873,false
scrplugin/src/main/java/org/apache/felix/scrplugin/om/metatype/Designate.java,16.0,0.0,2.0,4.0,0.0,6.0,54.0,fmeschbe@13f79535-47bb-0310-9956-ffa450edef68,1,0.0014641288433382138,33.0,0.0,0.0,0.0,1752.740157480315,52480.05802191892,1,0,0.9888247267879237,false
scrplugin/src/main/java/org/apache/felix/scrplugin/om/metatype/MTObject.java,9.0,0.0,0.0,2.0,0.0,3.0,54.0,fmeschbe@13f79535-47bb-0310-9956-ffa450edef68,1,0.0014641288433382138,50.0,0.0,0.0,0.0,1752.740157480315,52480.05802191892,1,0,0.9888247267879237,false
scrplugin/src/main/java/org/apache/felix/scrplugin/om/metatype/MetaData.java,19.0,2.0,2.0,5.0,2.0,7.0,54.0,fmeschbe@13f79535-47bb-0310-9956-ffa450edef68,1,0.0014641288433382138,33.0,0.0,0.0,0.0,1752.740157480315,52480.05802191892,1,0,0.9888247267879237,false
scrplugin/src/main/java/org/apache/felix/scrplugin/om/metatype/OCD.java,30.0,2.0,20.0,8.0,0.0,12.0,54.0,fmeschbe@13f79535-47bb-0310-9956-ffa450edef68,1,0.0014641288433382138,33.0,0.0,0.0,0.0,1752.740157480315,52480.05802191892,1,0,0.9888247267879237,false
scrplugin/src/main/java/org/apache/felix/scrplugin/tags/JavaClassDescription.java,63.0,1.0,66.0,12.0,0.0,28.0,54.0,cziegeler@13f79535-47bb-0310-9956-ffa450edef68,1,0.0014641288433382138,11.0,0.0,0.0,0.0,1752.740157480315,52480.05802191892,1,0,0.9888247267879237,false
scrplugin/src/main/java/org/apache/felix/scrplugin/tags/JavaClassDescriptorManager.java,259.0,30.0,21.0,11.0,64.0,48.0,47.0,cziegeler@13f79535-47bb-0310-9956-ffa450edef68,1,0.0014641288433382138,11.0,0.0,0.0,0.0,1752.740157480315,52480.05802191892,1,0,0.9888247267879237,false
scrplugin/src/main/java/org/apache/felix/scrplugin/tags/JavaField.java,9.0,0.0,6.0,4.0,0.0,4.0,54.0,fmeschbe@13f79535-47bb-0310-9956-ffa450edef68,1,0.0014641288433382138,33.0,0.0,0.0,0.0,1752.740157480315,52480.05802191892,1,0,0.9888247267879237,false
scrplugin/src/main/java/org/apache/felix/scrplugin/tags/JavaMethod.java,10.0,0.0,10.0,5.0,0.0,5.0,54.0,fmeschbe@13f79535-47bb-0310-9956-ffa450edef68,1,0.0014641288433382138,33.0,0.0,0.0,0.0,1752.740157480315,52480.05802191892,1,0,0.9888247267879237,false
scrplugin/src/main/java/org/apache/felix/scrplugin/tags/JavaParameter.java,6.0,0.0,0.0,1.0,0.0,1.0,54.0,fmeschbe@13f79535-47bb-0310-9956-ffa450edef68,1,0.0014641288433382138,50.0,0.0,0.0,0.0,1752.740157480315,52480.05802191892,1,0,0.9888247267879237,false
scrplugin/src/main/java/org/apache/felix/scrplugin/tags/JavaTag.java,12.0,1.0,21.0,7.0,0.0,7.0,54.0,fmeschbe@13f79535-47bb-0310-9956-ffa450edef68,1,0.0014641288433382138,25.0,0.0,0.0,0.0,1752.740157480315,52480.05802191892,1,0,0.9888247267879237,false
scrplugin/src/main/java/org/apache/felix/scrplugin/tags/ModifiableJavaClassDescription.java,3.0,1.0,0.0,1.0,0.0,2.0,5.0,fmeschbe@13f79535-47bb-0310-9956-ffa450edef68,1,0.0014641288433382138,50.0,0.0,0.0,0.0,1752.740157480315,52480.05802191892,1,0,0.9888247267879237,false
scrplugin/src/main/java/org/apache/felix/scrplugin/tags/cl/ClassLoaderJavaClassDescription.java,139.0,14.0,33.0,14.0,29.0,43.0,40.0,cziegeler@13f79535-47bb-0310-9956-ffa450edef68,2,0.0029282576866764276,14.0,0.0,5.0,0.0,2217.483014623172,55303.99401690697,2,0,0.6054846416613833,false
scrplugin/src/main/java/org/apache/felix/scrplugin/tags/cl/ClassLoaderJavaMethod.java,41.0,4.0,0.0,6.0,7.0,14.0,54.0,fmeschbe@13f79535-47bb-0310-9956-ffa450edef68,1,0.0014641288433382138,33.0,0.0,0.0,0.0,1752.740157480315,52480.05802191892,1,0,0.9888247267879237,false
scrplugin/src/main/java/org/apache/felix/scrplugin/tags/cl/ClassLoaderJavaParameter.java,15.0,1.0,0.0,2.0,0.0,3.0,54.0,fmeschbe@13f79535-47bb-0310-9956-ffa450edef68,1,0.0014641288433382138,33.0,0.0,0.0,0.0,1752.740157480315,52480.05802191892,1,0,0.9888247267879237,false
scrplugin/src/main/java/org/apache/felix/scrplugin/tags/cl/ClassLoaderJavaTag.java,72.0,7.0,16.0,8.0,14.0,19.0,54.0,fmeschbe@13f79535-47bb-0310-9956-ffa450edef68,1,0.0014641288433382138,11.0,0.0,0.0,0.0,1752.740157480315,52480.05802191892,1,0,0.9888247267879237,false
scrplugin/src/main/java/org/apache/felix/scrplugin/tags/qdox/QDoxJavaClassDescription.java,234.0,24.0,0.0,16.0,55.0,61.0,28.0,cziegeler@13f79535-47bb-0310-9956-ffa450edef68,1,0.0014641288433382138,30.0,4.0,17.0,9.0,1752.740157480315,52480.05802191892,1,0,0.9888247267879237,false
scrplugin/src/main/java/org/apache/felix/scrplugin/tags/qdox/QDoxJavaField.java,39.0,4.0,0.0,5.0,5.0,10.0,54.0,cziegeler@13f79535-47bb-0310-9956-ffa450edef68,1,0.0014641288433382138,17.0,0.0,0.0,0.0,1752.740157480315,52480.05802191892,1,0,0.9888247267879237,false
scrplugin/src/main/java/org/apache/felix/scrplugin/tags/qdox/QDoxJavaMethod.java,47.0,2.0,0.0,6.0,5.0,13.0,54.0,fmeschbe@13f79535-47bb-0310-9956-ffa450edef68,1,0.0014641288433382138,33.0,0.0,0.0,0.0,1752.740157480315,52480.05802191892,1,0,0.9888247267879237,false
scrplugin/src/main/java/org/apache/felix/scrplugin/tags/qdox/QDoxJavaParameter.java,15.0,1.0,0.0,2.0,2.0,3.0,54.0,fmeschbe@13f79535-47bb-0310-9956-ffa450edef68,1,0.0014641288433382138,33.0,0.0,0.0,0.0,1752.740157480315,52480.05802191892,1,0,0.9888247267879237,false
scrplugin/src/main/java/org/apache/felix/scrplugin/tags/qdox/QDoxJavaTag.java,58.0,5.0,2.0,9.0,8.0,16.0,54.0,fmeschbe@13f79535-47bb-0310-9956-ffa450edef68,1,0.0014641288433382138,17.0,0.0,0.0,0.0,1752.740157480315,52480.05802191892,1,0,0.9888247267879237,false
scrplugin/src/main/java/org/apache/felix/scrplugin/xml/ComponentDescriptorIO.java,324.0,18.0,0.0,9.0,64.0,36.0,36.0,cziegeler@13f79535-47bb-0310-9956-ffa450edef68,1,0.0014641288433382138,17.0,8.0,8.0,4.0,1752.740157480315,52480.05802191892,1,0,0.9888247267879237,false
scrplugin/src/main/java/org/apache/felix/scrplugin/xml/IOUtils.java,261.0,24.0,4.0,5.0,25.0,20.0,3.0,fmeschbe@13f79535-47bb-0310-9956-ffa450edef68,1,0.0014641288433382138,29.0,14.0,29.0,14.0,1752.740157480315,52480.05802191892,1,0,0.9888247267879237,false
scrplugin/src/main/java/org/apache/felix/scrplugin/xml/MetaTypeIO.java,118.0,14.0,0.0,6.0,56.0,21.0,41.0,cziegeler@13f79535-47bb-0310-9956-ffa450edef68,1,0.0014641288433382138,30.0,10.0,20.0,10.0,1752.740157480315,52480.05802191892,1,0,0.9888247267879237,false
shell/src/main/java/org/apache/felix/shell/impl/PsCommandImpl.java,106.0,8.0,13.0,6.0,21.0,17.0,2.0,cziegeler@13f79535-47bb-0310-9956-ffa450edef68,2,0.0029282576866764276,57.0,0.0,0.0,14.0,1858.2957130358707,53338.91683927072,2,0,0.7946075965093511,true
tools/mangen/src/main/java/org/apache/felix/tool/mangen/rule/Force.java,45.0,6.0,10.0,5.0,15.0,12.0,0.0,walkerr@13f79535-47bb-0310-9956-ffa450edef68,0,0.0,0.0,0.0,0.0,0.0,0.0,0.0,0,0,0.0,false
tools/maven2/maven-felix-plugin/src/main/java/org/apache/felix/tools/maven/felix/plugin/FelixRunMojo.java,146.0,16.0,1.0,2.0,31.0,11.0,0.0,joes@13f79535-47bb-0310-9956-ffa450edef68,0,0.0,0.0,0.0,0.0,0.0,0.0,0.0,0,0,0.0,false
tools/maven2/maven-osgi-plugin/src/main/java/org/apache/felix/tools/maven/plugin/OsgiJarMojo.java,614.0,12.0,176.0,24.0,236.0,107.0,0.0,joes@13f79535-47bb-0310-9956-ffa450edef68,0,0.0,0.0,0.0,0.0,0.0,0.0,0.0,0,0,0.0,false
upnp/basedriver/src/main/java/org/apache/felix/upnp/basedriver/Activator.java,63.0,19.0,0.0,3.0,17.0,7.0,213.0,lenzi@13f79535-47bb-0310-9956-ffa450edef68,1,0.0014641288433382138,8.0,0.0,8.0,8.0,6977.112426035504,93824.39130434782,1,0,3.3775875160230218,false
upnp/basedriver/src/main/java/org/apache/felix/upnp/basedriver/controller/impl/DriverControllerImpl.java,73.0,7.0,0.0,10.0,26.0,26.0,276.0,lenzi@13f79535-47bb-0310-9956-ffa450edef68,1,0.0014641288433382138,20.0,0.0,20.0,20.0,6977.112426035504,93824.39130434782,1,0,3.3775875160230218,false
upnp/basedriver/src/main/java/org/apache/felix/upnp/basedriver/export/ActionDispatcher.java,13.0,3.0,1.0,2.0,0.0,3.0,276.0,lenzi@13f79535-47bb-0310-9956-ffa450edef68,1,0.0014641288433382138,50.0,0.0,50.0,50.0,6977.112426035504,93824.39130434782,1,0,3.3775875160230218,false
upnp/basedriver/src/main/java/org/apache/felix/upnp/basedriver/export/BuildDevice.java,178.0,19.0,15.0,6.0,91.0,22.0,223.0,lenzi@13f79535-47bb-0310-9956-ffa450edef68,1,0.0014641288433382138,14.0,0.0,14.0,14.0,6977.112426035504,93824.39130434782,1,0,3.3775875160230218,false
upnp/basedriver/src/main/java/org/apache/felix/upnp/basedriver/export/DeviceNode.java,120.0,7.0,25.0,15.0,31.0,49.0,276.0,lenzi@13f79535-47bb-0310-9956-ffa450edef68,1,0.0014641288433382138,50.0,0.0,50.0,50.0,6977.112426035504,93824.39130434782,1,0,3.3775875160230218,false
upnp/basedriver/src/main/java/org/apache/felix/upnp/basedriver/export/ExporterUPnPEventListener.java,30.0,7.0,0.0,2.0,12.0,6.0,276.0,lenzi@13f79535-47bb-0310-9956-ffa450edef68,1,0.0014641288433382138,20.0,0.0,20.0,20.0,6977.112426035504,93824.39130434782,1,0,3.3775875160230218,false
upnp/basedriver/src/main/java/org/apache/felix/upnp/basedriver/export/GeneralActionListener.java,94.0,18.0,0.0,4.0,26.0,12.0,221.0,lenzi@13f79535-47bb-0310-9956-ffa450edef68,1,0.0014641288433382138,50.0,0.0,50.0,25.0,6977.112426035504,93824.39130434782,1,0,3.3775875160230218,false
upnp/basedriver/src/main/java/org/apache/felix/upnp/basedriver/export/RootDeviceExportingQueue.java,39.0,1.0,0.0,4.0,10.0,11.0,276.0,lenzi@13f79535-47bb-0310-9956-ffa450edef68,1,0.0014641288433382138,100.0,0.0,100.0,100.0,6977.112426035504,93824.39130434782,1,0,3.3775875160230218,false
upnp/basedriver/src/main/java/org/apache/felix/upnp/basedriver/export/RootDeviceListener.java,111.0,10.0,9.0,6.0,29.0,18.0,276.0,lenzi@13f79535-47bb-0310-9956-ffa450edef68,1,0.0014641288433382138,100.0,0.0,100.0,100.0,6977.112426035504,93824.39130434782,1,0,3.3775875160230218,false
upnp/basedriver/src/main/java/org/apache/felix/upnp/basedriver/export/ThreadExporter.java,255.0,20.0,48.0,13.0,78.0,44.0,276.0,lenzi@13f79535-47bb-0310-9956-ffa450edef68,1,0.0014641288433382138,33.0,0.0,33.0,33.0,6977.112426035504,93824.39130434782,1,0,3.3775875160230218,false
upnp/basedriver/src/main/java/org/apache/felix/upnp/basedriver/importer/core/MyCtrlPoint.java,566.0,43.0,77.0,18.0,196.0,75.0,276.0,lenzi@13f79535-47bb-0310-9956-ffa450edef68,1,0.0014641288433382138,17.0,0.0,17.0,17.0,6977.112426035504,93824.39130434782,1,0,3.3775875160230218,false
upnp/basedriver/src/main/java/org/apache/felix/upnp/basedriver/importer/core/OSGiDeviceInfo.java,18.0,2.0,0.0,3.0,0.0,5.0,276.0,lenzi@13f79535-47bb-0310-9956-ffa450edef68,1,0.0014641288433382138,50.0,0.0,50.0,50.0,6977.112426035504,93824.39130434782,1,0,3.3775875160230218,false
upnp/basedriver/src/main/java/org/apache/felix/upnp/basedriver/importer/core/event/message/FirstMessage.java,37.0,3.0,8.0,8.0,3.0,14.0,276.0,lenzi@13f79535-47bb-0310-9956-ffa450edef68,1,0.0014641288433382138,50.0,0.0,50.0,50.0,6977.112426035504,93824.39130434782,1,0,3.3775875160230218,false
upnp/basedriver/src/main/java/org/apache/felix/upnp/basedriver/importer/core/event/message/ListenerModified.java,18.0,2.0,0.0,3.0,0.0,6.0,276.0,lenzi@13f79535-47bb-0310-9956-ffa450edef68,1,0.0014641288433382138,50.0,0.0,50.0,50.0,6977.112426035504,93824.39130434782,1,0,3.3775875160230218,false
upnp/basedriver/src/main/java/org/apache/felix/upnp/basedriver/importer/core/event/message/ListenerUnRegistration.java,13.0,1.0,0.0,2.0,0.0,3.0,276.0,lenzi@13f79535-47bb-0310-9956-ffa450edef68,1,0.0014641288433382138,50.0,0.0,50.0,50.0,6977.112426035504,93824.39130434782,1,0,3.3775875160230218,false
upnp/basedriver/src/main/java/org/apache/felix/upnp/basedriver/importer/core/event/message/SidExipired.java,18.0,1.0,0.0,3.0,0.0,5.0,276.0,lenzi@13f79535-47bb-0310-9956-ffa450edef68,1,0.0014641288433382138,50.0,0.0,50.0,50.0,6977.112426035504,93824.39130434782,1,0,3.3775875160230218,false
upnp/basedriver/src/main/java/org/apache/felix/upnp/basedriver/importer/core/event/message/StateChanged.java,36.0,3.0,5.0,6.0,2.0,11.0,276.0,lenzi@13f79535-47bb-0310-9956-ffa450edef68,1,0.0014641288433382138,50.0,0.0,50.0,50.0,6977.112426035504,93824.39130434782,1,0,3.3775875160230218,false
upnp/basedriver/src/main/java/org/apache/felix/upnp/basedriver/importer/core/event/structs/Listener2Sids.java,25.0,3.0,0.0,4.0,7.0,7.0,276.0,lenzi@13f79535-47bb-0310-9956-ffa450edef68,1,0.0014641288433382138,50.0,0.0,50.0,50.0,6977.112426035504,93824.39130434782,1,0,3.3775875160230218,false
upnp/basedriver/src/main/java/org/apache/felix/upnp/basedriver/importer/core/event/structs/Monitor.java,138.0,9.0,0.0,9.0,62.0,26.0,276.0,lenzi@13f79535-47bb-0310-9956-ffa450edef68,1,0.0014641288433382138,50.0,0.0,50.0,50.0,6977.112426035504,93824.39130434782,1,0,3.3775875160230218,false
upnp/basedriver/src/main/java/org/apache/felix/upnp/basedriver/importer/core/event/structs/NotifierQueue.java,29.0,1.0,0.0,4.0,8.0,13.0,276.0,lenzi@13f79535-47bb-0310-9956-ffa450edef68,1,0.0014641288433382138,50.0,0.0,50.0,50.0,6977.112426035504,93824.39130434782,1,0,3.3775875160230218,false
upnp/basedriver/src/main/java/org/apache/felix/upnp/basedriver/importer/core/event/structs/Sid2Listeners.java,48.0,4.0,0.0,7.0,14.0,14.0,276.0,lenzi@13f79535-47bb-0310-9956-ffa450edef68,1,0.0014641288433382138,50.0,0.0,50.0,50.0,6977.112426035504,93824.39130434782,1,0,3.3775875160230218,false
upnp/basedriver/src/main/java/org/apache/felix/upnp/basedriver/importer/core/event/structs/SidRenewer.java,19.0,2.0,0.0,4.0,3.0,5.0,276.0,lenzi@13f79535-47bb-0310-9956-ffa450edef68,1,0.0014641288433382138,50.0,0.0,50.0,50.0,6977.112426035504,93824.39130434782,1,0,3.3775875160230218,false
upnp/basedriver/src/main/java/org/apache/felix/upnp/basedriver/importer/core/event/structs/SidsListenersMaps.java,39.0,3.0,0.0,10.0,9.0,14.0,276.0,lenzi@13f79535-47bb-0310-9956-ffa450edef68,1,0.0014641288433382138,50.0,0.0,50.0,50.0,6977.112426035504,93824.39130434782,1,0,3.3775875160230218,false
upnp/basedriver/src/main/java/org/apache/felix/upnp/basedriver/importer/core/event/structs/StateVarsToNotify.java,32.0,3.0,3.0,6.0,9.0,12.0,276.0,lenzi@13f79535-47bb-0310-9956-ffa450edef68,1,0.0014641288433382138,50.0,0.0,50.0,50.0,6977.112426035504,93824.39130434782,1,0,3.3775875160230218,false
upnp/basedriver/src/main/java/org/apache/felix/upnp/basedriver/importer/core/event/structs/SubscriptionQueue.java,29.0,1.0,0.0,4.0,8.0,12.0,276.0,lenzi@13f79535-47bb-0310-9956-ffa450edef68,1,0.0014641288433382138,50.0,0.0,50.0,50.0,6977.112426035504,93824.39130434782,1,0,3.3775875160230218,false
upnp/basedriver/src/main/java/org/apache/felix/upnp/basedriver/importer/core/event/thread/Notifier.java,29.0,4.0,0.0,3.0,7.0,8.0,276.0,lenzi@13f79535-47bb-0310-9956-ffa450edef68,1,0.0014641288433382138,50.0,0.0,50.0,50.0,6977.112426035504,93824.39130434782,1,0,3.3775875160230218,false
upnp/basedriver/src/main/java/org/apache/felix/upnp/basedriver/importer/core/event/thread/Renewer.java,52.0,4.0,0.0,2.0,5.0,10.0,276.0,lenzi@13f79535-47bb-0310-9956-ffa450edef68,1,0.0014641288433382138,50.0,0.0,50.0,50.0,6977.112426035504,93824.39130434782,1,0,3.3775875160230218,false
upnp/basedriver/src/main/java/org/apache/felix/upnp/basedriver/importer/core/event/thread/SubScriber.java,52.0,10.0,0.0,3.0,13.0,6.0,276.0,lenzi@13f79535-47bb-0310-9956-ffa450edef68,1,0.0014641288433382138,50.0,0.0,50.0,50.0,6977.112426035504,93824.39130434782,1,0,3.3775875160230218,false
upnp/basedriver/src/main/java/org/apache/felix/upnp/basedriver/importer/core/upnp/UPnPActionImpl.java,78.0,10.0,0.0,7.0,30.0,22.0,276.0,lenzi@13f79535-47bb-0310-9956-ffa450edef68,1,0.0014641288433382138,25.0,0.0,25.0,25.0,6977.112426035504,93824.39130434782,1,0,3.3775875160230218,false
upnp/basedriver/src/main/java/org/apache/felix/upnp/basedriver/importer/core/upnp/UPnPDeviceImpl.java,71.0,10.0,0.0,7.0,12.0,18.0,276.0,lenzi@13f79535-47bb-0310-9956-ffa450edef68,1,0.0014641288433382138,33.0,0.0,33.0,33.0,6977.112426035504,93824.39130434782,1,0,3.3775875160230218,false
upnp/basedriver/src/main/java/org/apache/felix/upnp/basedriver/importer/core/upnp/UPnPIconImpl.java,41.0,7.0,0.0,7.0,14.0,17.0,276.0,lenzi@13f79535-47bb-0310-9956-ffa450edef68,1,0.0014641288433382138,33.0,0.0,33.0,33.0,6977.112426035504,93824.39130434782,1,0,3.3775875160230218,false
upnp/basedriver/src/main/java/org/apache/felix/upnp/basedriver/importer/core/upnp/UPnPServiceImpl.java,65.0,10.0,4.0,9.0,21.0,22.0,276.0,lenzi@13f79535-47bb-0310-9956-ffa450edef68,1,0.0014641288433382138,33.0,0.0,33.0,33.0,6977.112426035504,93824.39130434782,1,0,3.3775875160230218,false
upnp/basedriver/src/main/java/org/apache/felix/upnp/basedriver/importer/core/upnp/UPnPStateVariableImpl.java,125.0,7.0,0.0,10.0,29.0,27.0,276.0,lenzi@13f79535-47bb-0310-9956-ffa450edef68,1,0.0014641288433382138,25.0,0.0,25.0,25.0,6977.112426035504,93824.39130434782,1,0,3.3775875160230218,false
upnp/basedriver/src/main/java/org/apache/felix/upnp/basedriver/importer/util/DeviceSetup.java,57.0,16.0,0.0,1.0,29.0,4.0,276.0,lenzi@13f79535-47bb-0310-9956-ffa450edef68,1,0.0014641288433382138,33.0,0.0,33.0,33.0,6977.112426035504,93824.39130434782,1,0,3.3775875160230218,false
upnp/basedriver/src/main/java/org/apache/felix/upnp/basedriver/importer/util/HTTPRequestForIcon.java,44.0,2.0,0.0,2.0,10.0,6.0,276.0,lenzi@13f79535-47bb-0310-9956-ffa450edef68,1,0.0014641288433382138,25.0,0.0,25.0,25.0,6977.112426035504,93824.39130434782,1,0,3.3775875160230218,false
upnp/basedriver/src/main/java/org/apache/felix/upnp/basedriver/importer/util/ParseLocation.java,6.0,0.0,0.0,1.0,1.0,2.0,276.0,lenzi@13f79535-47bb-0310-9956-ffa450edef68,1,0.0014641288433382138,33.0,0.0,33.0,33.0,6977.112426035504,93824.39130434782,1,0,3.3775875160230218,false
upnp/basedriver/src/main/java/org/apache/felix/upnp/basedriver/importer/util/ParseUSN.java,38.0,0.0,2.0,5.0,2.0,11.0,276.0,lenzi@13f79535-47bb-0310-9956-ffa450edef68,1,0.0014641288433382138,33.0,0.0,33.0,33.0,6977.112426035504,93824.39130434782,1,0,3.3775875160230218,false
upnp/basedriver/src/main/java/org/apache/felix/upnp/basedriver/tool/Logger.java,162.0,9.0,109.0,18.0,36.0,38.0,238.0,lenzi@13f79535-47bb-0310-9956-ffa450edef68,1,0.0014641288433382138,33.0,0.0,33.0,33.0,6977.112426035504,93824.39130434782,1,0,3.3775875160230218,false
upnp/basedriver/src/main/java/org/apache/felix/upnp/basedriver/tool/Util.java,53.0,5.0,15.0,6.0,15.0,21.0,245.0,lenzi@13f79535-47bb-0310-9956-ffa450edef68,1,0.0014641288433382138,33.0,0.0,33.0,33.0,6977.112426035504,93824.39130434782,1,0,3.3775875160230218,false
upnp/extra/src/main/java/org/apache/felix/upnp/extra/controller/DevicesInfo.java,22.0,0.0,3.0,3.0,0.0,9.0,276.0,lenzi@13f79535-47bb-0310-9956-ffa450edef68,1,0.0014641288433382138,50.0,0.0,50.0,50.0,6977.112426035504,93824.39130434782,1,0,3.3775875160230218,false
upnp/extra/src/main/java/org/apache/felix/upnp/extra/controller/DriverController.java,33.0,1.0,10.0,5.0,0.0,11.0,276.0,lenzi@13f79535-47bb-0310-9956-ffa450edef68,1,0.0014641288433382138,50.0,0.0,50.0,50.0,6977.112426035504,93824.39130434782,1,0,3.3775875160230218,false
upnp/extra/src/main/java/org/apache/felix/upnp/extra/util/Constants.java,6.0,0.0,0.0,0.0,0.0,0.0,130.0,lenzi@13f79535-47bb-0310-9956-ffa450edef68,1,0.0014641288433382138,33.0,0.0,33.0,33.0,6977.112426035504,93824.39130434782,1,0,3.3775875160230218,false
upnp/extra/src/main/java/org/apache/felix/upnp/extra/util/Converter.java,193.0,6.0,6.0,4.0,29.0,22.0,276.0,lenzi@13f79535-47bb-0310-9956-ffa450edef68,1,0.0014641288433382138,25.0,0.0,25.0,25.0,6977.112426035504,93824.39130434782,1,0,3.3775875160230218,false
upnp/extra/src/main/java/org/apache/xerces/impl/dv/util/Base64.java,207.0,0.0,17.0,7.0,10.0,24.0,276.0,lenzi@13f79535-47bb-0310-9956-ffa450edef68,1,0.0014641288433382138,50.0,0.0,50.0,50.0,6977.112426035504,93824.39130434782,1,0,3.3775875160230218,false
upnp/extra/src/main/java/org/apache/xerces/impl/dv/util/HexBin.java,76.0,0.0,1.0,2.0,2.0,8.0,276.0,lenzi@13f79535-47bb-0310-9956-ffa450edef68,1,0.0014641288433382138,50.0,0.0,50.0,50.0,6977.112426035504,93824.39130434782,1,0,3.3775875160230218,false
upnp/samples/binarylight/src/main/java/org/apache/felix/upnp/sample/binaryLight/Activator.java,45.0,8.0,0.0,4.0,14.0,8.0,213.0,lenzi@13f79535-47bb-0310-9956-ffa450edef68,1,0.0014641288433382138,33.0,0.0,33.0,33.0,6977.112426035504,93824.39130434782,1,0,3.3775875160230218,false
upnp/samples/binarylight/src/main/java/org/apache/felix/upnp/sample/binaryLight/EventSource.java,6.0,1.0,6.0,4.0,0.0,4.0,276.0,lenzi@13f79535-47bb-0310-9956-ffa450edef68,1,0.0014641288433382138,50.0,0.0,50.0,50.0,6977.112426035504,93824.39130434782,1,0,3.3775875160230218,false
upnp/samples/binarylight/src/main/java/org/apache/felix/upnp/sample/binaryLight/GetStatusAction.java,32.0,4.0,17.0,7.0,2.0,14.0,276.0,lenzi@13f79535-47bb-0310-9956-ffa450edef68,1,0.0014641288433382138,50.0,0.0,50.0,50.0,6977.112426035504,93824.39130434782,1,0,3.3775875160230218,false
upnp/samples/binarylight/src/main/java/org/apache/felix/upnp/sample/binaryLight/GetTargetAction.java,32.0,4.0,17.0,7.0,2.0,14.0,276.0,lenzi@13f79535-47bb-0310-9956-ffa450edef68,1,0.0014641288433382138,50.0,0.0,50.0,50.0,6977.112426035504,93824.39130434782,1,0,3.3775875160230218,false
upnp/samples/binarylight/src/main/java/org/apache/felix/upnp/sample/binaryLight/LightDevice.java,73.0,8.0,14.0,9.0,11.0,19.0,276.0,lenzi@13f79535-47bb-0310-9956-ffa450edef68,1,0.0014641288433382138,33.0,0.0,33.0,33.0,6977.112426035504,93824.39130434782,1,0,3.3775875160230218,false
upnp/samples/binarylight/src/main/java/org/apache/felix/upnp/sample/binaryLight/LightIcon.java,20.0,3.0,15.0,6.0,1.0,15.0,276.0,lenzi@13f79535-47bb-0310-9956-ffa450edef68,1,0.0014641288433382138,50.0,0.0,50.0,50.0,6977.112426035504,93824.39130434782,1,0,3.3775875160230218,false
upnp/samples/binarylight/src/main/java/org/apache/felix/upnp/sample/binaryLight/LightModel.java,65.0,2.0,1.0,11.0,9.0,19.0,276.0,lenzi@13f79535-47bb-0310-9956-ffa450edef68,1,0.0014641288433382138,25.0,0.0,25.0,25.0,6977.112426035504,93824.39130434782,1,0,3.3775875160230218,false
upnp/samples/binarylight/src/main/java/org/apache/felix/upnp/sample/binaryLight/LightUI.java,89.0,16.0,11.0,7.0,46.0,20.0,276.0,lenzi@13f79535-47bb-0310-9956-ffa450edef68,1,0.0014641288433382138,33.0,0.0,33.0,33.0,6977.112426035504,93824.39130434782,1,0,3.3775875160230218,false
upnp/samples/binarylight/src/main/java/org/apache/felix/upnp/sample/binaryLight/PowerSwitchService.java,44.0,4.0,18.0,8.0,6.0,17.0,276.0,lenzi@13f79535-47bb-0310-9956-ffa450edef68,1,0.0014641288433382138,33.0,0.0,33.0,33.0,6977.112426035504,93824.39130434782,1,0,3.3775875160230218,false
upnp/samples/binarylight/src/main/java/org/apache/felix/upnp/sample/binaryLight/PresentationServlet.java,39.0,6.0,8.0,5.0,11.0,9.0,276.0,lenzi@13f79535-47bb-0310-9956-ffa450edef68,1,0.0014641288433382138,100.0,0.0,100.0,100.0,6977.112426035504,93824.39130434782,1,0,3.3775875160230218,false
upnp/samples/binarylight/src/main/java/org/apache/felix/upnp/sample/binaryLight/SetTargetAction.java,31.0,3.0,17.0,7.0,3.0,14.0,276.0,lenzi@13f79535-47bb-0310-9956-ffa450edef68,1,0.0014641288433382138,50.0,0.0,50.0,50.0,6977.112426035504,93824.39130434782,1,0,3.3775875160230218,false
upnp/samples/binarylight/src/main/java/org/apache/felix/upnp/sample/binaryLight/StatusStateVariable.java,33.0,1.0,45.0,10.0,0.0,19.0,276.0,lenzi@13f79535-47bb-0310-9956-ffa450edef68,1,0.0014641288433382138,33.0,0.0,33.0,33.0,6977.112426035504,93824.39130434782,1,0,3.3775875160230218,false
upnp/samples/binarylight/src/main/java/org/apache/felix/upnp/sample/binaryLight/TargetStateVariable.java,33.0,1.0,45.0,10.0,0.0,19.0,276.0,lenzi@13f79535-47bb-0310-9956-ffa450edef68,1,0.0014641288433382138,33.0,0.0,33.0,33.0,6977.112426035504,93824.39130434782,1,0,3.3775875160230218,false
upnp/samples/binarylight/src/main/java/org/apache/felix/upnp/sample/binaryLight/UPnPEventNotifier.java,139.0,15.0,0.0,8.0,43.0,22.0,276.0,lenzi@13f79535-47bb-0310-9956-ffa450edef68,1,0.0014641288433382138,50.0,0.0,50.0,50.0,6977.112426035504,93824.39130434782,1,0,3.3775875160230218,false
upnp/samples/clock/src/main/java/org/apache/felix/upnp/sample/clock/Activator.java,25.0,5.0,0.0,3.0,8.0,5.0,213.0,lenzi@13f79535-47bb-0310-9956-ffa450edef68,1,0.0014641288433382138,100.0,0.0,100.0,100.0,6977.112426035504,93824.39130434782,1,0,3.3775875160230218,false
upnp/samples/clock/src/main/java/org/apache/felix/upnp/sample/clock/Clock.java,49.0,1.0,46.0,12.0,21.0,28.0,276.0,lenzi@13f79535-47bb-0310-9956-ffa450edef68,1,0.0014641288433382138,33.0,0.0,33.0,33.0,6977.112426035504,93824.39130434782,1,0,3.3775875160230218,false
upnp/samples/clock/src/main/java/org/apache/felix/upnp/sample/clock/ClockDevice.java,67.0,7.0,29.0,10.0,9.0,19.0,276.0,lenzi@13f79535-47bb-0310-9956-ffa450edef68,1,0.0014641288433382138,11.0,0.0,11.0,11.0,6977.112426035504,93824.39130434782,1,0,3.3775875160230218,false
upnp/samples/clock/src/main/java/org/apache/felix/upnp/sample/clock/ClockFrame.java,67.0,8.0,3.0,7.0,26.0,14.0,276.0,lenzi@13f79535-47bb-0310-9956-ffa450edef68,1,0.0014641288433382138,25.0,0.0,25.0,25.0,6977.112426035504,93824.39130434782,1,0,3.3775875160230218,false
upnp/samples/clock/src/main/java/org/apache/felix/upnp/sample/clock/ClockIcon.java,20.0,3.0,15.0,6.0,1.0,15.0,276.0,lenzi@13f79535-47bb-0310-9956-ffa450edef68,1,0.0014641288433382138,33.0,0.0,33.0,33.0,6977.112426035504,93824.39130434782,1,0,3.3775875160230218,false
upnp/samples/clock/src/main/java/org/apache/felix/upnp/sample/clock/ClockPane.java,95.0,9.0,56.0,12.0,38.0,25.0,276.0,lenzi@13f79535-47bb-0310-9956-ffa450edef68,1,0.0014641288433382138,50.0,0.0,50.0,50.0,6977.112426035504,93824.39130434782,1,0,3.3775875160230218,false
upnp/samples/clock/src/main/java/org/apache/felix/upnp/sample/clock/EventSource.java,6.0,1.0,6.0,4.0,0.0,4.0,276.0,lenzi@13f79535-47bb-0310-9956-ffa450edef68,1,0.0014641288433382138,50.0,0.0,50.0,50.0,6977.112426035504,93824.39130434782,1,0,3.3775875160230218,false
upnp/samples/clock/src/main/java/org/apache/felix/upnp/sample/clock/GetTimeAction.java,30.0,4.0,15.0,7.0,2.0,14.0,276.0,lenzi@13f79535-47bb-0310-9956-ffa450edef68,1,0.0014641288433382138,50.0,0.0,50.0,50.0,6977.112426035504,93824.39130434782,1,0,3.3775875160230218,false
upnp/samples/clock/src/main/java/org/apache/felix/upnp/sample/clock/ResultStateVariable.java,34.0,1.0,45.0,10.0,0.0,19.0,276.0,lenzi@13f79535-47bb-0310-9956-ffa450edef68,1,0.0014641288433382138,33.0,0.0,33.0,33.0,6977.112426035504,93824.39130434782,1,0,3.3775875160230218,false
upnp/samples/clock/src/main/java/org/apache/felix/upnp/sample/clock/SetTimeAction.java,36.0,3.0,15.0,7.0,7.0,16.0,276.0,lenzi@13f79535-47bb-0310-9956-ffa450edef68,1,0.0014641288433382138,33.0,0.0,33.0,33.0,6977.112426035504,93824.39130434782,1,0,3.3775875160230218,false
upnp/samples/clock/src/main/java/org/apache/felix/upnp/sample/clock/TimeStateVariable.java,41.0,1.0,60.0,12.0,4.0,22.0,276.0,lenzi@13f79535-47bb-0310-9956-ffa450edef68,1,0.0014641288433382138,20.0,0.0,20.0,20.0,6977.112426035504,93824.39130434782,1,0,3.3775875160230218,false
upnp/samples/clock/src/main/java/org/apache/felix/upnp/sample/clock/TimerService.java,40.0,4.0,18.0,8.0,6.0,17.0,276.0,lenzi@13f79535-47bb-0310-9956-ffa450edef68,1,0.0014641288433382138,33.0,0.0,33.0,33.0,6977.112426035504,93824.39130434782,1,0,3.3775875160230218,false
upnp/samples/clock/src/main/java/org/apache/felix/upnp/sample/clock/UPnPEventNotifier.java,145.0,16.0,0.0,8.0,44.0,22.0,276.0,lenzi@13f79535-47bb-0310-9956-ffa450edef68,1,0.0014641288433382138,50.0,0.0,50.0,50.0,6977.112426035504,93824.39130434782,1,0,3.3775875160230218,false
upnp/samples/tv/src/main/java/org/apache/felix/upnp/sample/tv/Activator.java,26.0,5.0,0.0,3.0,8.0,5.0,213.0,lenzi@13f79535-47bb-0310-9956-ffa450edef68,1,0.0014641288433382138,100.0,0.0,100.0,100.0,6977.112426035504,93824.39130434782,1,0,3.3775875160230218,false
upnp/samples/tv/src/main/java/org/apache/felix/upnp/sample/tv/EventSource.java,6.0,1.0,6.0,4.0,0.0,4.0,276.0,lenzi@13f79535-47bb-0310-9956-ffa450edef68,1,0.0014641288433382138,50.0,0.0,50.0,50.0,6977.112426035504,93824.39130434782,1,0,3.3775875160230218,false
upnp/samples/tv/src/main/java/org/apache/felix/upnp/sample/tv/GetPowerAction.java,30.0,4.0,15.0,7.0,2.0,14.0,276.0,lenzi@13f79535-47bb-0310-9956-ffa450edef68,1,0.0014641288433382138,33.0,0.0,33.0,33.0,6977.112426035504,93824.39130434782,1,0,3.3775875160230218,false
upnp/samples/tv/src/main/java/org/apache/felix/upnp/sample/tv/PowerService.java,41.0,4.0,18.0,8.0,6.0,17.0,276.0,lenzi@13f79535-47bb-0310-9956-ffa450edef68,1,0.0014641288433382138,33.0,0.0,33.0,33.0,6977.112426035504,93824.39130434782,1,0,3.3775875160230218,false
upnp/samples/tv/src/main/java/org/apache/felix/upnp/sample/tv/PowerStateVariable.java,51.0,1.0,83.0,14.0,2.0,27.0,276.0,lenzi@13f79535-47bb-0310-9956-ffa450edef68,1,0.0014641288433382138,33.0,0.0,33.0,33.0,6977.112426035504,93824.39130434782,1,0,3.3775875160230218,false
upnp/samples/tv/src/main/java/org/apache/felix/upnp/sample/tv/ResultStateVariable.java,33.0,1.0,45.0,10.0,0.0,19.0,276.0,lenzi@13f79535-47bb-0310-9956-ffa450edef68,1,0.0014641288433382138,33.0,0.0,33.0,33.0,6977.112426035504,93824.39130434782,1,0,3.3775875160230218,false
upnp/samples/tv/src/main/java/org/apache/felix/upnp/sample/tv/SetPowerAction.java,37.0,4.0,15.0,7.0,4.0,16.0,276.0,lenzi@13f79535-47bb-0310-9956-ffa450edef68,1,0.0014641288433382138,33.0,0.0,33.0,33.0,6977.112426035504,93824.39130434782,1,0,3.3775875160230218,false
upnp/samples/tv/src/main/java/org/apache/felix/upnp/sample/tv/TvDevice.java,160.0,14.0,161.0,22.0,33.0,42.0,276.0,furfari@13f79535-47bb-0310-9956-ffa450edef68,1,0.0014641288433382138,10.0,0.0,10.0,10.0,6977.112426035504,93824.39130434782,1,0,3.3775875160230218,false
upnp/samples/tv/src/main/java/org/apache/felix/upnp/sample/tv/TvFrame.java,64.0,7.0,0.0,7.0,26.0,14.0,276.0,lenzi@13f79535-47bb-0310-9956-ffa450edef68,1,0.0014641288433382138,25.0,0.0,25.0,25.0,6977.112426035504,93824.39130434782,1,0,3.3775875160230218,false
upnp/samples/tv/src/main/java/org/apache/felix/upnp/sample/tv/TvIcon.java,20.0,3.0,15.0,6.0,1.0,15.0,276.0,lenzi@13f79535-47bb-0310-9956-ffa450edef68,1,0.0014641288433382138,33.0,0.0,33.0,33.0,6977.112426035504,93824.39130434782,1,0,3.3775875160230218,false
upnp/samples/tv/src/main/java/org/apache/felix/upnp/sample/tv/TvPane.java,102.0,9.0,44.0,12.0,35.0,21.0,276.0,lenzi@13f79535-47bb-0310-9956-ffa450edef68,1,0.0014641288433382138,33.0,0.0,33.0,33.0,6977.112426035504,93824.39130434782,1,0,3.3775875160230218,false
upnp/samples/tv/src/main/java/org/apache/felix/upnp/sample/tv/UPnPEventNotifier.java,145.0,16.0,0.0,8.0,48.0,24.0,276.0,lenzi@13f79535-47bb-0310-9956-ffa450edef68,1,0.0014641288433382138,50.0,0.0,50.0,50.0,6977.112426035504,93824.39130434782,1,0,3.3775875160230218,false
upnp/samples/tv/src/main/java/org/apache/felix/upnp/sample/tv/UPnPStateVariableDescriptor.java,3.0,1.0,0.0,1.0,0.0,1.0,276.0,lenzi@13f79535-47bb-0310-9956-ffa450edef68,1,0.0014641288433382138,50.0,0.0,50.0,50.0,6977.112426035504,93824.39130434782,1,0,3.3775875160230218,false
upnp/samples/tv/src/main/java/org/apache/felix/upnp/sample/tv/UPnPSubscriber.java,25.0,7.0,0.0,3.0,6.0,4.0,276.0,lenzi@13f79535-47bb-0310-9956-ffa450edef68,1,0.0014641288433382138,50.0,0.0,50.0,50.0,6977.112426035504,93824.39130434782,1,0,3.3775875160230218,false
upnp/tester/src/main/java/org/apache/felix/upnp/tester/Activator.java,18.0,2.0,0.0,2.0,1.0,4.0,213.0,lenzi@13f79535-47bb-0310-9956-ffa450edef68,1,0.0014641288433382138,100.0,0.0,100.0,100.0,6977.112426035504,93824.39130434782,1,0,3.3775875160230218,false
upnp/tester/src/main/java/org/apache/felix/upnp/tester/ControlPoint.java,246.0,29.0,91.0,15.0,82.0,40.0,276.0,lenzi@13f79535-47bb-0310-9956-ffa450edef68,1,0.0014641288433382138,33.0,0.0,33.0,33.0,6977.112426035504,93824.39130434782,1,0,3.3775875160230218,false
upnp/tester/src/main/java/org/apache/felix/upnp/tester/Mediator.java,51.0,3.0,77.0,14.0,0.0,21.0,276.0,lenzi@13f79535-47bb-0310-9956-ffa450edef68,1,0.0014641288433382138,33.0,0.0,33.0,33.0,6977.112426035504,93824.39130434782,1,0,3.3775875160230218,false
upnp/tester/src/main/java/org/apache/felix/upnp/tester/UPnPSubscriber.java,44.0,3.0,0.0,3.0,6.0,5.0,276.0,lenzi@13f79535-47bb-0310-9956-ffa450edef68,1,0.0014641288433382138,33.0,0.0,33.0,33.0,6977.112426035504,93824.39130434782,1,0,3.3775875160230218,false
upnp/tester/src/main/java/org/apache/felix/upnp/tester/discovery/DeviceChangeListener.java,4.0,0.0,1.0,2.0,0.0,2.0,276.0,lenzi@13f79535-47bb-0310-9956-ffa450edef68,1,0.0014641288433382138,100.0,0.0,100.0,100.0,6977.112426035504,93824.39130434782,1,0,3.3775875160230218,false
upnp/tester/src/main/java/org/apache/felix/upnp/tester/discovery/DeviceNode.java,133.0,3.0,34.0,16.0,34.0,52.0,276.0,lenzi@13f79535-47bb-0310-9956-ffa450edef68,1,0.0014641288433382138,33.0,0.0,33.0,33.0,6977.112426035504,93824.39130434782,1,0,3.3775875160230218,false
upnp/tester/src/main/java/org/apache/felix/upnp/tester/discovery/DeviceNodeListener.java,4.0,0.0,1.0,2.0,0.0,2.0,276.0,lenzi@13f79535-47bb-0310-9956-ffa450edef68,1,0.0014641288433382138,50.0,0.0,50.0,50.0,6977.112426035504,93824.39130434782,1,0,3.3775875160230218,false
upnp/tester/src/main/java/org/apache/felix/upnp/tester/discovery/DevicesList.java,24.0,1.0,0.0,6.0,5.0,12.0,276.0,lenzi@13f79535-47bb-0310-9956-ffa450edef68,1,0.0014641288433382138,50.0,0.0,50.0,50.0,6977.112426035504,93824.39130434782,1,0,3.3775875160230218,false
upnp/tester/src/main/java/org/apache/felix/upnp/tester/discovery/DriverProxy.java,80.0,3.0,0.0,12.0,28.0,31.0,276.0,lenzi@13f79535-47bb-0310-9956-ffa450edef68,1,0.0014641288433382138,25.0,0.0,25.0,25.0,6977.112426035504,93824.39130434782,1,0,3.3775875160230218,false
upnp/tester/src/main/java/org/apache/felix/upnp/tester/discovery/RootDeviceListener.java,188.0,5.0,60.0,13.0,52.0,38.0,276.0,lenzi@13f79535-47bb-0310-9956-ffa450edef68,1,0.0014641288433382138,50.0,0.0,50.0,50.0,6977.112426035504,93824.39130434782,1,0,3.3775875160230218,false
upnp/tester/src/main/java/org/apache/felix/upnp/tester/gui/ActionPanel.java,84.0,29.0,0.0,6.0,50.0,15.0,276.0,lenzi@13f79535-47bb-0310-9956-ffa450edef68,1,0.0014641288433382138,25.0,0.0,25.0,25.0,6977.112426035504,93824.39130434782,1,0,3.3775875160230218,false
upnp/tester/src/main/java/org/apache/felix/upnp/tester/gui/LogPanel.java,28.0,6.0,0.0,4.0,8.0,4.0,276.0,lenzi@13f79535-47bb-0310-9956-ffa450edef68,1,0.0014641288433382138,50.0,0.0,50.0,50.0,6977.112426035504,93824.39130434782,1,0,3.3775875160230218,false
upnp/tester/src/main/java/org/apache/felix/upnp/tester/gui/PropertiesViewer.java,90.0,19.0,21.0,10.0,41.0,19.0,276.0,lenzi@13f79535-47bb-0310-9956-ffa450edef68,1,0.0014641288433382138,33.0,0.0,33.0,33.0,6977.112426035504,93824.39130434782,1,0,3.3775875160230218,false
upnp/tester/src/main/java/org/apache/felix/upnp/tester/gui/SubscriptionPanel.java,93.0,15.0,76.0,13.0,50.0,28.0,276.0,lenzi@13f79535-47bb-0310-9956-ffa450edef68,1,0.0014641288433382138,33.0,0.0,33.0,33.0,6977.112426035504,93824.39130434782,1,0,3.3775875160230218,false
upnp/tester/src/main/java/org/apache/felix/upnp/tester/gui/TreeViewer.java,166.0,29.0,56.0,13.0,88.0,26.0,276.0,lenzi@13f79535-47bb-0310-9956-ffa450edef68,1,0.0014641288433382138,33.0,0.0,33.0,33.0,6977.112426035504,93824.39130434782,1,0,3.3775875160230218,false
upnp/tester/src/main/java/org/apache/felix/upnp/tester/gui/UPnPDeviceTreeNode.java,72.0,19.0,0.0,6.0,20.0,17.0,276.0,lenzi@13f79535-47bb-0310-9956-ffa450edef68,1,0.0014641288433382138,33.0,0.0,33.0,33.0,6977.112426035504,93824.39130434782,1,0,3.3775875160230218,false
upnp/tester/src/main/java/org/apache/felix/upnp/tester/gui/Util.java,66.0,3.0,3.0,3.0,15.0,15.0,245.0,lenzi@13f79535-47bb-0310-9956-ffa450edef68,1,0.0014641288433382138,50.0,0.0,50.0,50.0,6977.112426035504,93824.39130434782,1,0,3.3775875160230218,false
upnp/tester/src/main/java/org/apache/felix/upnp/tester/test.java,34.0,6.0,3.0,3.0,11.0,8.0,276.0,lenzi@13f79535-47bb-0310-9956-ffa450edef68,1,0.0014641288433382138,33.0,0.0,33.0,33.0,6977.112426035504,93824.39130434782,1,0,3.3775875160230218,false
