name,LOC,CBO,LCOM,NOM,RFC,WMC,ACS,Ownership,numOfChanges,numberOfFIChanges,ENH,NF,BugFixing,REF,structuralWorkloadSum,semanticWorkloadSum,numberOfDeveloper,pastFaults,MAF,isBuggy
bundleplugin/src/main/java/org/apache/felix/bundleplugin/BundleAllPlugin.java,331.0,33.0,151.0,18.0,124.0,74.0,8.0,mcculls@13f79535-47bb-0310-9956-ffa450edef68,1,0.002325581395348837,14.0,0.0,0.0,5.0,413.74468085106383,3384.0,1,2,0.9787083614425885,false
bundleplugin/src/main/java/org/apache/felix/bundleplugin/BundlePlugin.java,505.0,40.0,164.0,24.0,203.0,83.0,2.0,mcculls@13f79535-47bb-0310-9956-ffa450edef68,2,0.004651162790697674,16.0,5.0,2.0,4.0,697.6719535783366,7490.666666666667,2,8,0.8974087908185835,true
bundleplugin/src/main/java/org/apache/felix/bundleplugin/DependencyEmbedder.java,232.0,11.0,87.0,15.0,61.0,53.0,4.0,mcculls@13f79535-47bb-0310-9956-ffa450edef68,1,0.002325581395348837,23.0,0.0,0.0,10.0,413.74468085106383,3384.0,1,1,0.9787083614425885,false
bundleplugin/src/main/java/org/apache/felix/bundleplugin/JarPluginConfiguration.java,28.0,10.0,3.0,3.0,6.0,8.0,7.0,mcculls@13f79535-47bb-0310-9956-ffa450edef68,1,0.002325581395348837,60.0,20.0,0.0,0.0,413.74468085106383,3384.0,1,0,0.9787083614425885,false
bundleplugin/src/main/java/org/apache/felix/bundleplugin/ManifestPlugin.java,79.0,12.0,15.0,6.0,31.0,25.0,6.0,mcculls@13f79535-47bb-0310-9956-ffa450edef68,1,0.002325581395348837,10.0,2.0,0.0,2.0,413.74468085106383,3384.0,1,3,0.9787083614425885,true
bundleplugin/src/main/java/org/apache/felix/bundleplugin/OBRInstall.java,82.0,14.0,3.0,3.0,25.0,15.0,8.0,mcculls@13f79535-47bb-0310-9956-ffa450edef68,1,0.002325581395348837,62.0,15.0,0.0,38.0,413.74468085106383,3384.0,1,1,0.9787083614425885,false
bundleplugin/src/main/java/org/apache/felix/bundleplugin/PackageVersionAnalyzer.java,35.0,5.0,0.0,1.0,12.0,5.0,6.0,mcculls@13f79535-47bb-0310-9956-ffa450edef68,1,0.002325581395348837,30.0,10.0,0.0,10.0,413.74468085106383,3384.0,1,0,0.9787083614425885,false
bundleplugin/src/test/java/org/apache/felix/bundleplugin/BundleAllPluginTest.java,58.0,8.0,0.0,4.0,29.0,9.0,3.0,mcculls@13f79535-47bb-0310-9956-ffa450edef68,1,0.002325581395348837,25.0,8.0,0.0,8.0,413.74468085106383,3384.0,1,2,0.9787083614425885,false
bundleplugin/src/test/java/org/apache/felix/bundleplugin/BundlePluginTest.java,87.0,8.0,0.0,4.0,20.0,9.0,6.0,mcculls@13f79535-47bb-0310-9956-ffa450edef68,1,0.002325581395348837,7.0,0.0,0.0,0.0,413.74468085106383,3384.0,1,1,0.9787083614425885,false
bundlerepository/src/main/java/org/apache/felix/bundlerepository/RepositoryImpl.java,117.0,11.0,48.0,12.0,23.0,34.0,16.0,gnodet@13f79535-47bb-0310-9956-ffa450edef68,0,0.0,0.0,0.0,0.0,0.0,0.0,0.0,0,0,0.0,false
bundlerepository/src/main/java/org/apache/felix/bundlerepository/VersionRange.java,69.0,1.0,2.0,8.0,10.0,22.0,47.0,joes@13f79535-47bb-0310-9956-ffa450edef68,0,0.0,0.0,0.0,0.0,0.0,0.0,0.0,0,0,0.0,false
configadmin/src/main/java/org/apache/felix/cm/impl/ConfigurationAdapter.java,104.0,3.0,0.0,13.0,23.0,25.0,6.0,fmeschbe@13f79535-47bb-0310-9956-ffa450edef68,1,0.002325581395348837,10.0,0.0,0.0,5.0,635.8260869565217,3802.9532977107037,1,0,1.1146639976786177,false
configadmin/src/main/java/org/apache/felix/cm/impl/ConfigurationManager.java,722.0,9.0,176.0,24.0,122.0,81.0,4.0,fmeschbe@13f79535-47bb-0310-9956-ffa450edef68,2,0.004651162790697674,3.0,0.0,1.0,1.0,919.7533596837945,7909.619964377371,2,3,1.1680763729731711,true
configadmin/src/main/java/org/apache/felix/cm/impl/PersistenceManagerProxy.java,61.0,4.0,0.0,8.0,10.0,18.0,10.0,joes@13f79535-47bb-0310-9956-ffa450edef68,1,0.002325581395348837,25.0,0.0,0.0,25.0,635.8260869565217,3802.9532977107037,1,0,1.1146639976786177,false
dependencymanager/src/main/java/org/apache/felix/dependencymanager/ServiceImpl.java,659.0,4.0,1538.0,61.0,195.0,139.0,7.0,marrs@13f79535-47bb-0310-9956-ffa450edef68,2,0.004651162790697674,10.0,0.0,5.0,10.0,1097.1304347826087,27258.20657382146,2,2,2.392307720953517,false
eventadmin/impl/src/main/java/org/apache/felix/eventadmin/impl/dispatch/TaskHandler.java,80.0,3.0,0.0,4.0,11.0,20.0,1.0,pauls@13f79535-47bb-0310-9956-ffa450edef68,1,0.002325581395348837,25.0,0.0,25.0,0.0,635.8260869565217,3802.9532977107037,1,0,1.1146639976786177,false
framework/src/main/java/org/apache/felix/framework/ExtensionManager.java,302.0,36.0,608.0,37.0,98.0,96.0,4.0,rickhall@13f79535-47bb-0310-9956-ffa450edef68,1,0.002325581395348837,4.0,1.0,3.0,1.0,77.23076923076924,1138.6038449909315,1,2,2.3820971559217794,true
framework/src/main/java/org/apache/felix/framework/Felix.java,2247.0,13.0,5736.0,116.0,686.0,464.0,3.0,rickhall@13f79535-47bb-0310-9956-ffa450edef68,2,0.004651162790697674,3.0,1.0,2.0,1.0,260.99547511312215,3892.6038449909315,2,8,1.8048507823904965,true
framework/src/main/java/org/apache/felix/framework/Logger.java,152.0,3.0,77.0,14.0,26.0,39.0,1.0,rickhall@13f79535-47bb-0310-9956-ffa450edef68,1,0.002325581395348837,25.0,0.0,25.0,0.0,183.76470588235293,2754.0,1,0,2.613898769979104,false
framework/src/main/java/org/apache/felix/framework/ServiceReferenceImpl.java,82.0,4.0,0.0,10.0,17.0,26.0,0.0,pauls@13f79535-47bb-0310-9956-ffa450edef68,0,0.0,0.0,0.0,0.0,0.0,0.0,0.0,0,1,0.0,true
framework/src/main/java/org/apache/felix/framework/ServiceRegistry.java,324.0,3.0,152.0,21.0,67.0,77.0,1.0,rickhall@13f79535-47bb-0310-9956-ffa450edef68,1,0.002325581395348837,4.0,2.0,0.0,2.0,183.76470588235293,2754.0,1,0,2.613898769979104,true
framework/src/main/java/org/apache/felix/framework/SystemBundleArchive.java,79.0,10.0,260.0,24.0,1.0,63.0,0.0,rickhall@13f79535-47bb-0310-9956-ffa450edef68,0,0.0,0.0,0.0,0.0,0.0,0.0,0.0,0,1,0.0,false
framework/src/main/java/org/apache/felix/framework/URLHandlers.java,167.0,5.0,7.0,6.0,26.0,24.0,2.0,pauls@13f79535-47bb-0310-9956-ffa450edef68,1,0.002325581395348837,4.0,4.0,4.0,0.0,77.23076923076924,1138.6038449909315,1,0,2.3820971559217794,true
framework/src/main/java/org/apache/felix/framework/URLHandlersBundleURLConnection.java,92.0,7.0,18.0,8.0,22.0,24.0,2.0,rickhall@13f79535-47bb-0310-9956-ffa450edef68,1,0.002325581395348837,4.0,0.0,4.0,0.0,77.23076923076924,1138.6038449909315,1,0,2.3820971559217794,true
framework/src/main/java/org/apache/felix/framework/cache/DirectoryRevision.java,80.0,14.0,0.0,6.0,29.0,23.0,3.0,rickhall@13f79535-47bb-0310-9956-ffa450edef68,2,0.004651162790697674,11.0,5.0,5.0,0.0,260.99547511312215,3892.6038449909315,2,0,1.8048507823904965,true
framework/src/main/java/org/apache/felix/framework/cache/JarRevision.java,219.0,21.0,0.0,10.0,83.0,43.0,3.0,rickhall@13f79535-47bb-0310-9956-ffa450edef68,1,0.002325581395348837,4.0,4.0,4.0,0.0,183.76470588235293,2754.0,1,0,2.613898769979104,true
framework/src/main/java/org/apache/felix/framework/searchpolicy/ContentClassLoader.java,154.0,13.0,0.0,12.0,31.0,39.0,3.0,rickhall@13f79535-47bb-0310-9956-ffa450edef68,2,0.004651162790697674,22.0,11.0,0.0,0.0,260.99547511312215,3892.6038449909315,2,1,1.8048507823904965,true
framework/src/main/java/org/apache/felix/framework/searchpolicy/ContentLoaderImpl.java,133.0,9.0,101.0,18.0,34.0,47.0,7.0,rickhall@13f79535-47bb-0310-9956-ffa450edef68,1,0.002325581395348837,15.0,8.0,8.0,8.0,77.23076923076924,1138.6038449909315,1,0,2.3820971559217794,false
framework/src/main/java/org/apache/felix/framework/searchpolicy/R4SearchPolicyCore.java,1523.0,40.0,1521.0,59.0,483.0,283.0,6.0,rickhall@13f79535-47bb-0310-9956-ffa450edef68,2,0.004651162790697674,7.0,0.0,0.0,2.0,260.99547511312215,3892.6038449909315,2,5,1.9001173969985161,true
framework/src/main/java/org/apache/felix/framework/util/EventDispatcher.java,466.0,19.0,98.0,20.0,64.0,75.0,0.0,rickhall@13f79535-47bb-0310-9956-ffa450edef68,0,0.0,0.0,0.0,0.0,0.0,0.0,0.0,0,4,0.0,true
framework/src/main/java/org/apache/felix/framework/util/FelixConstants.java,27.0,0.0,0.0,0.0,0.0,0.0,3.0,rickhall@13f79535-47bb-0310-9956-ffa450edef68,1,0.002325581395348837,5.0,0.0,0.0,5.0,183.76470588235293,2754.0,1,0,2.613898769979104,true
framework/src/main/java/org/apache/felix/framework/util/Util.java,178.0,5.0,66.0,12.0,39.0,55.0,7.0,rickhall@13f79535-47bb-0310-9956-ffa450edef68,0,0.0,0.0,0.0,0.0,0.0,0.0,0.0,0,1,0.0,true
framework/src/main/java/org/apache/felix/framework/util/ldap/Parser.java,1053.0,5.0,140.0,24.0,108.0,100.0,1.0,pauls@13f79535-47bb-0310-9956-ffa450edef68,1,0.002325581395348837,6.0,6.0,0.0,0.0,77.23076923076924,1138.6038449909315,1,1,2.3820971559217794,true
framework/src/main/java/org/apache/felix/framework/util/manifestparser/ManifestParser.java,615.0,8.0,179.0,23.0,165.0,104.0,3.0,rickhall@13f79535-47bb-0310-9956-ffa450edef68,1,0.002325581395348837,1.0,0.0,0.0,0.0,77.23076923076924,1138.6038449909315,1,1,2.3820971559217794,true
framework/src/main/java/org/apache/felix/framework/util/manifestparser/R4Library.java,97.0,4.0,2.0,8.0,10.0,23.0,3.0,rickhall@13f79535-47bb-0310-9956-ffa450edef68,1,0.002325581395348837,8.0,0.0,0.0,0.0,77.23076923076924,1138.6038449909315,1,0,2.3820971559217794,true
framework/src/main/java/org/apache/felix/framework/util/manifestparser/R4LibraryClause.java,323.0,5.0,127.0,18.0,57.0,67.0,1.0,rickhall@13f79535-47bb-0310-9956-ffa450edef68,1,0.002325581395348837,6.0,0.0,0.0,0.0,77.23076923076924,1138.6038449909315,1,0,2.3820971559217794,false
framework/src/main/java/org/apache/felix/moduleloader/ContentDirectoryContent.java,96.0,4.0,0.0,9.0,19.0,29.0,3.0,joes@13f79535-47bb-0310-9956-ffa450edef68,1,0.002325581395348837,33.0,33.0,33.0,0.0,183.76470588235293,2754.0,1,0,2.613898769979104,false
framework/src/main/java/org/apache/felix/moduleloader/IModuleFactory.java,14.0,0.0,36.0,9.0,0.0,10.0,14.0,joes@13f79535-47bb-0310-9956-ffa450edef68,1,0.002325581395348837,25.0,0.0,0.0,25.0,77.23076923076924,1138.6038449909315,1,0,2.3820971559217794,false
framework/src/main/java/org/apache/felix/moduleloader/JarContent.java,173.0,4.0,0.0,11.0,24.0,36.0,2.0,joes@13f79535-47bb-0310-9956-ffa450edef68,1,0.002325581395348837,33.0,33.0,0.0,0.0,77.23076923076924,1138.6038449909315,1,0,2.3820971559217794,false
framework/src/main/java/org/apache/felix/moduleloader/ModuleFactoryImpl.java,157.0,3.0,26.0,13.0,25.0,39.0,14.0,pauls@13f79535-47bb-0310-9956-ffa450edef68,1,0.002325581395348837,20.0,0.0,0.0,20.0,77.23076923076924,1138.6038449909315,1,0,2.3820971559217794,false
framework/src/main/java/org/apache/felix/moduleloader/ModuleListener.java,21.0,1.0,3.0,3.0,0.0,4.0,0.0,joes@13f79535-47bb-0310-9956-ffa450edef68,0,0.0,0.0,0.0,0.0,0.0,0.0,0.0,0,0,0.0,false
http.jetty/src/main/java/org/apache/felix/http/jetty/Activator.java,124.0,16.0,0.0,5.0,41.0,21.0,18.0,marrs@13f79535-47bb-0310-9956-ffa450edef68,0,0.0,0.0,0.0,0.0,0.0,0.0,0.0,0,0,0.0,false
http.jetty/src/main/java/org/apache/felix/http/jetty/DefaultContextImpl.java,22.0,5.0,4.0,4.0,4.0,9.0,0.0,joes@13f79535-47bb-0310-9956-ffa450edef68,0,0.0,0.0,0.0,0.0,0.0,0.0,0.0,0,0,0.0,false
http.jetty/src/main/java/org/apache/felix/http/jetty/HttpServiceImpl.java,141.0,15.0,20.0,12.0,41.0,34.0,0.0,fmeschbe@13f79535-47bb-0310-9956-ffa450edef68,0,0.0,0.0,0.0,0.0,0.0,0.0,0.0,0,0,0.0,false
http.jetty/src/main/java/org/apache/felix/http/jetty/OsgiResourceHandler.java,102.0,18.0,5.0,6.0,27.0,23.0,0.0,joes@13f79535-47bb-0310-9956-ffa450edef68,0,0.0,0.0,0.0,0.0,0.0,0.0,0.0,0,0,0.0,false
http.jetty/src/main/java/org/apache/felix/http/jetty/ServletContextGroup.java,135.0,18.0,138.0,29.0,50.0,54.0,0.0,fmeschbe@13f79535-47bb-0310-9956-ffa450edef68,0,0.0,0.0,0.0,0.0,0.0,0.0,0.0,0,0,0.0,false
http.jetty/src/main/java/org/mortbay/jetty/servlet/DummyServletHttpRequest.java,5.0,1.0,0.0,1.0,0.0,1.0,0.0,joes@13f79535-47bb-0310-9956-ffa450edef68,0,0.0,0.0,0.0,0.0,0.0,0.0,0.0,0,0,0.0,false
http.jetty/src/main/java/org/mortbay/jetty/servlet/DummyServletHttpResponse.java,5.0,1.0,0.0,1.0,0.0,1.0,0.0,joes@13f79535-47bb-0310-9956-ffa450edef68,0,0.0,0.0,0.0,0.0,0.0,0.0,0.0,0,0,0.0,false
http.jetty/src/main/java/org/mortbay/jetty/servlet/OsgiServletHandler.java,20.0,8.0,6.0,4.0,4.0,7.0,0.0,fmeschbe@13f79535-47bb-0310-9956-ffa450edef68,0,0.0,0.0,0.0,0.0,0.0,0.0,0.0,0,0,0.0,false
http.jetty/src/main/java/org/mortbay/jetty/servlet/OsgiServletHolder.java,51.0,13.0,6.0,8.0,15.0,20.0,0.0,joes@13f79535-47bb-0310-9956-ffa450edef68,0,0.0,0.0,0.0,0.0,0.0,0.0,0.0,0,0,0.0,false
ipojo/annotations/src/main/java/org/apache/felix/ipojo/annotations/Controller.java,0.0,0.0,0.0,0.0,0.0,0.0,0.0,clement@13f79535-47bb-0310-9956-ffa450edef68,0,0.0,0.0,0.0,0.0,0.0,0.0,0.0,0,0,0.0,false
ipojo/annotations/src/main/java/org/apache/felix/ipojo/annotations/Provides.java,0.0,0.0,0.0,0.0,0.0,0.0,0.0,clement@13f79535-47bb-0310-9956-ffa450edef68,0,0.0,0.0,0.0,0.0,0.0,0.0,0.0,0,0,0.0,false
ipojo/ant/src/main/java/org/apache/felix/ipojo/task/IPojoTask.java,119.0,4.0,2.0,5.0,13.0,11.0,0.0,clement@13f79535-47bb-0310-9956-ffa450edef68,0,0.0,0.0,0.0,0.0,0.0,0.0,0.0,0,0,0.0,false
ipojo/arch/src/main/java/org/apache/felix/ipojo/arch/ArchCommandImpl.java,157.0,7.0,32.0,9.0,35.0,28.0,0.0,clement@13f79535-47bb-0310-9956-ffa450edef68,0,0.0,0.0,0.0,0.0,0.0,0.0,0.0,0,0,0.0,false
ipojo/core/src/main/java/org/apache/felix/ipojo/ComponentFactory.java,922.0,23.0,426.0,40.0,147.0,139.0,124.0,clement@13f79535-47bb-0310-9956-ffa450edef68,0,0.0,0.0,0.0,0.0,0.0,0.0,0.0,0,7,0.0,false
ipojo/core/src/main/java/org/apache/felix/ipojo/ComponentInstance.java,79.0,3.0,66.0,12.0,0.0,20.0,124.0,clement@13f79535-47bb-0310-9956-ffa450edef68,0,0.0,0.0,0.0,0.0,0.0,0.0,0.0,0,1,0.0,false
ipojo/core/src/main/java/org/apache/felix/ipojo/CompositeFactory.java,325.0,15.0,85.0,14.0,84.0,57.0,0.0,clement@13f79535-47bb-0310-9956-ffa450edef68,0,0.0,0.0,0.0,0.0,0.0,0.0,0.0,0,2,0.0,false
ipojo/core/src/main/java/org/apache/felix/ipojo/CompositeHandler.java,33.0,0.0,0.0,3.0,4.0,6.0,0.0,clement@13f79535-47bb-0310-9956-ffa450edef68,0,0.0,0.0,0.0,0.0,0.0,0.0,0.0,0,2,0.0,false
ipojo/core/src/main/java/org/apache/felix/ipojo/CompositeManager.java,343.0,10.0,27.0,23.0,58.0,63.0,0.0,clement@13f79535-47bb-0310-9956-ffa450edef68,0,0.0,0.0,0.0,0.0,0.0,0.0,0.0,0,3,0.0,false
ipojo/core/src/main/java/org/apache/felix/ipojo/ConfigurationException.java,47.0,0.0,0.0,3.0,0.0,7.0,124.0,clement@13f79535-47bb-0310-9956-ffa450edef68,0,0.0,0.0,0.0,0.0,0.0,0.0,0.0,0,1,0.0,false
ipojo/core/src/main/java/org/apache/felix/ipojo/Extender.java,214.0,14.0,10.0,9.0,49.0,37.0,0.0,clement@13f79535-47bb-0310-9956-ffa450edef68,0,0.0,0.0,0.0,0.0,0.0,0.0,0.0,0,3,0.0,false
ipojo/core/src/main/java/org/apache/felix/ipojo/Factory.java,96.0,5.0,91.0,14.0,0.0,34.0,0.0,clement@13f79535-47bb-0310-9956-ffa450edef68,0,0.0,0.0,0.0,0.0,0.0,0.0,0.0,0,2,0.0,false
ipojo/core/src/main/java/org/apache/felix/ipojo/FactoryStateListener.java,12.0,0.0,0.0,1.0,0.0,1.0,0.0,clement@13f79535-47bb-0310-9956-ffa450edef68,0,0.0,0.0,0.0,0.0,0.0,0.0,0.0,0,0,0.0,false
ipojo/core/src/main/java/org/apache/felix/ipojo/Handler.java,117.0,5.0,85.0,14.0,5.0,24.0,0.0,clement@13f79535-47bb-0310-9956-ffa450edef68,0,0.0,0.0,0.0,0.0,0.0,0.0,0.0,0,3,0.0,false
ipojo/core/src/main/java/org/apache/felix/ipojo/HandlerFactory.java,254.0,13.0,29.0,11.0,59.0,39.0,0.0,clement@13f79535-47bb-0310-9956-ffa450edef68,0,0.0,0.0,0.0,0.0,0.0,0.0,0.0,0,2,0.0,false
ipojo/core/src/main/java/org/apache/felix/ipojo/HandlerManager.java,113.0,3.0,0.0,8.0,16.0,21.0,18.0,clement@13f79535-47bb-0310-9956-ffa450edef68,1,0.002325581395348837,11.0,11.0,11.0,0.0,544.421052631579,4816.5,1,1,3.9576335166801986,false
ipojo/core/src/main/java/org/apache/felix/ipojo/IPojoConfiguration.java,22.0,10.0,0.0,0.0,0.0,0.0,0.0,clement@13f79535-47bb-0310-9956-ffa450edef68,0,0.0,0.0,0.0,0.0,0.0,0.0,0.0,0,1,0.0,false
ipojo/core/src/main/java/org/apache/felix/ipojo/IPojoContext.java,301.0,13.0,0.0,26.0,22.0,81.0,0.0,clement@13f79535-47bb-0310-9956-ffa450edef68,0,0.0,0.0,0.0,0.0,0.0,0.0,0.0,0,2,0.0,false
ipojo/core/src/main/java/org/apache/felix/ipojo/InstanceCreator.java,250.0,7.0,4.0,8.0,50.0,32.0,0.0,clement@13f79535-47bb-0310-9956-ffa450edef68,0,0.0,0.0,0.0,0.0,0.0,0.0,0.0,0,3,0.0,false
ipojo/core/src/main/java/org/apache/felix/ipojo/InstanceManager.java,654.0,14.0,290.0,36.0,108.0,123.0,18.0,clement@13f79535-47bb-0310-9956-ffa450edef68,1,0.002325581395348837,2.0,2.0,2.0,0.0,544.421052631579,4816.5,1,9,3.9576335166801986,false
ipojo/core/src/main/java/org/apache/felix/ipojo/MissingHandlerException.java,32.0,1.0,0.0,2.0,2.0,4.0,0.0,clement@13f79535-47bb-0310-9956-ffa450edef68,0,0.0,0.0,0.0,0.0,0.0,0.0,0.0,0,0,0.0,false
ipojo/core/src/main/java/org/apache/felix/ipojo/PolicyServiceContext.java,351.0,14.0,0.0,23.0,20.0,79.0,0.0,clement@13f79535-47bb-0310-9956-ffa450edef68,0,0.0,0.0,0.0,0.0,0.0,0.0,0.0,0,1,0.0,false
ipojo/core/src/main/java/org/apache/felix/ipojo/PrimitiveHandler.java,70.0,0.0,22.0,8.0,4.0,19.0,0.0,clement@13f79535-47bb-0310-9956-ffa450edef68,0,0.0,0.0,0.0,0.0,0.0,0.0,0.0,0,1,0.0,false
ipojo/core/src/main/java/org/apache/felix/ipojo/ServiceContext.java,83.0,6.0,45.0,10.0,0.0,31.0,0.0,clement@13f79535-47bb-0310-9956-ffa450edef68,0,0.0,0.0,0.0,0.0,0.0,0.0,0.0,0,1,0.0,false
ipojo/core/src/main/java/org/apache/felix/ipojo/architecture/ComponentDescription.java,158.0,7.0,32.0,12.0,27.0,29.0,0.0,clement@13f79535-47bb-0310-9956-ffa450edef68,0,0.0,0.0,0.0,0.0,0.0,0.0,0.0,0,2,0.0,false
ipojo/core/src/main/java/org/apache/felix/ipojo/architecture/HandlerDescription.java,59.0,4.0,0.0,5.0,7.0,12.0,0.0,clement@13f79535-47bb-0310-9956-ffa450edef68,0,0.0,0.0,0.0,0.0,0.0,0.0,0.0,0,0,0.0,false
ipojo/core/src/main/java/org/apache/felix/ipojo/architecture/InstanceDescription.java,181.0,3.0,26.0,13.0,10.0,29.0,18.0,clement@13f79535-47bb-0310-9956-ffa450edef68,1,0.002325581395348837,10.0,10.0,10.0,0.0,544.421052631579,4816.5,1,0,3.9576335166801986,false
ipojo/core/src/main/java/org/apache/felix/ipojo/composite/CompositeServiceContext.java,389.0,22.0,180.0,33.0,54.0,83.0,0.0,clement@13f79535-47bb-0310-9956-ffa450edef68,0,0.0,0.0,0.0,0.0,0.0,0.0,0.0,0,2,0.0,false
ipojo/core/src/main/java/org/apache/felix/ipojo/composite/FactoryProxy.java,117.0,12.0,0.0,15.0,14.0,35.0,0.0,clement@13f79535-47bb-0310-9956-ffa450edef68,0,0.0,0.0,0.0,0.0,0.0,0.0,0.0,0,2,0.0,false
ipojo/core/src/main/java/org/apache/felix/ipojo/composite/ServiceReferenceImpl.java,73.0,3.0,7.0,7.0,4.0,19.0,0.0,clement@13f79535-47bb-0310-9956-ffa450edef68,0,0.0,0.0,0.0,0.0,0.0,0.0,0.0,0,1,0.0,false
ipojo/core/src/main/java/org/apache/felix/ipojo/composite/ServiceRegistrationImpl.java,182.0,12.0,16.0,12.0,27.0,35.0,0.0,clement@13f79535-47bb-0310-9956-ffa450edef68,0,0.0,0.0,0.0,0.0,0.0,0.0,0.0,0,1,0.0,false
ipojo/core/src/main/java/org/apache/felix/ipojo/composite/ServiceRegistry.java,255.0,12.0,23.0,15.0,43.0,45.0,1.0,clement@13f79535-47bb-0310-9956-ffa450edef68,0,0.0,0.0,0.0,0.0,0.0,0.0,0.0,0,1,0.0,false
ipojo/core/src/main/java/org/apache/felix/ipojo/composite/StringMap.java,98.0,3.0,15.0,6.0,6.0,15.0,0.0,pauls@13f79535-47bb-0310-9956-ffa450edef68,0,0.0,0.0,0.0,0.0,0.0,0.0,0.0,0,0,0.0,false
ipojo/core/src/main/java/org/apache/felix/ipojo/composite/architecture/ArchitectureHandler.java,40.0,6.0,4.0,4.0,4.0,5.0,0.0,clement@13f79535-47bb-0310-9956-ffa450edef68,0,0.0,0.0,0.0,0.0,0.0,0.0,0.0,0,1,0.0,false
ipojo/core/src/main/java/org/apache/felix/ipojo/composite/instance/InstanceHandler.java,327.0,17.0,0.0,13.0,62.0,52.0,0.0,clement@13f79535-47bb-0310-9956-ffa450edef68,0,0.0,0.0,0.0,0.0,0.0,0.0,0.0,0,2,0.0,false
ipojo/core/src/main/java/org/apache/felix/ipojo/composite/instance/InstanceHandlerDescription.java,60.0,7.0,0.0,2.0,12.0,8.0,0.0,clement@13f79535-47bb-0310-9956-ffa450edef68,0,0.0,0.0,0.0,0.0,0.0,0.0,0.0,0,1,0.0,false
ipojo/core/src/main/java/org/apache/felix/ipojo/composite/service/importer/ExportDescription.java,41.0,5.0,0.0,2.0,7.0,6.0,0.0,clement@13f79535-47bb-0310-9956-ffa450edef68,0,0.0,0.0,0.0,0.0,0.0,0.0,0.0,0,0,0.0,false
ipojo/core/src/main/java/org/apache/felix/ipojo/composite/service/importer/ExportHandler.java,132.0,10.0,2.0,8.0,21.0,24.0,0.0,clement@13f79535-47bb-0310-9956-ffa450edef68,0,0.0,0.0,0.0,0.0,0.0,0.0,0.0,0,1,0.0,false
ipojo/core/src/main/java/org/apache/felix/ipojo/composite/service/importer/ImportDescription.java,48.0,5.0,0.0,2.0,8.0,6.0,0.0,clement@13f79535-47bb-0310-9956-ffa450edef68,0,0.0,0.0,0.0,0.0,0.0,0.0,0.0,0,0,0.0,false
ipojo/core/src/main/java/org/apache/felix/ipojo/composite/service/importer/ImportHandler.java,143.0,11.0,0.0,8.0,21.0,22.0,0.0,clement@13f79535-47bb-0310-9956-ffa450edef68,0,0.0,0.0,0.0,0.0,0.0,0.0,0.0,0,2,0.0,false
ipojo/core/src/main/java/org/apache/felix/ipojo/composite/service/importer/ServiceExporter.java,237.0,12.0,20.0,12.0,43.0,35.0,0.0,clement@13f79535-47bb-0310-9956-ffa450edef68,0,0.0,0.0,0.0,0.0,0.0,0.0,0.0,0,2,0.0,false
ipojo/core/src/main/java/org/apache/felix/ipojo/composite/service/importer/ServiceImporter.java,307.0,13.0,71.0,18.0,48.0,51.0,0.0,clement@13f79535-47bb-0310-9956-ffa450edef68,0,0.0,0.0,0.0,0.0,0.0,0.0,0.0,0,3,0.0,false
ipojo/core/src/main/java/org/apache/felix/ipojo/composite/service/instantiator/ServiceInstantiatorDescription.java,51.0,10.0,0.0,2.0,13.0,6.0,0.0,clement@13f79535-47bb-0310-9956-ffa450edef68,0,0.0,0.0,0.0,0.0,0.0,0.0,0.0,0,1,0.0,false
ipojo/core/src/main/java/org/apache/felix/ipojo/composite/service/instantiator/ServiceInstantiatorHandler.java,114.0,8.0,0.0,8.0,22.0,21.0,0.0,clement@13f79535-47bb-0310-9956-ffa450edef68,0,0.0,0.0,0.0,0.0,0.0,0.0,0.0,0,2,0.0,false
ipojo/core/src/main/java/org/apache/felix/ipojo/composite/service/instantiator/SvcInstance.java,309.0,19.0,42.0,17.0,71.0,53.0,0.0,clement@13f79535-47bb-0310-9956-ffa450edef68,0,0.0,0.0,0.0,0.0,0.0,0.0,0.0,0,2,0.0,false
ipojo/core/src/main/java/org/apache/felix/ipojo/composite/service/provides/CompositionMetadata.java,283.0,15.0,0.0,10.0,69.0,39.0,18.0,clement@13f79535-47bb-0310-9956-ffa450edef68,1,0.002325581395348837,12.0,12.0,12.0,0.0,544.421052631579,4816.5,1,2,3.9576335166801986,false
ipojo/core/src/main/java/org/apache/felix/ipojo/composite/service/provides/MethodMetadata.java,88.0,1.0,20.0,9.0,8.0,22.0,18.0,clement@13f79535-47bb-0310-9956-ffa450edef68,1,0.002325581395348837,20.0,20.0,20.0,0.0,544.421052631579,4816.5,1,1,3.9576335166801986,false
ipojo/core/src/main/java/org/apache/felix/ipojo/composite/service/provides/POJOWriter.java,274.0,7.0,28.0,8.0,84.0,29.0,18.0,clement@13f79535-47bb-0310-9956-ffa450edef68,1,0.002325581395348837,20.0,20.0,20.0,0.0,544.421052631579,4816.5,1,1,3.9576335166801986,false
ipojo/core/src/main/java/org/apache/felix/ipojo/composite/service/provides/ProvidedService.java,172.0,13.0,19.0,11.0,34.0,28.0,18.0,pauls@13f79535-47bb-0310-9956-ffa450edef68,0,0.0,0.0,0.0,0.0,0.0,0.0,0.0,0,0,0.0,false
ipojo/core/src/main/java/org/apache/felix/ipojo/composite/service/provides/ProvidedServiceHandler.java,296.0,25.0,40.0,13.0,74.0,51.0,0.0,clement@13f79535-47bb-0310-9956-ffa450edef68,0,0.0,0.0,0.0,0.0,0.0,0.0,0.0,0,4,0.0,false
ipojo/core/src/main/java/org/apache/felix/ipojo/composite/service/provides/ProvidedServiceHandlerDescription.java,40.0,6.0,0.0,2.0,6.0,5.0,0.0,pauls@13f79535-47bb-0310-9956-ffa450edef68,0,0.0,0.0,0.0,0.0,0.0,0.0,0.0,0,0,0.0,false
ipojo/core/src/main/java/org/apache/felix/ipojo/composite/service/provides/ServiceExporter.java,280.0,13.0,0.0,12.0,59.0,41.0,0.0,pauls@13f79535-47bb-0310-9956-ffa450edef68,0,0.0,0.0,0.0,0.0,0.0,0.0,0.0,0,0,0.0,false
ipojo/core/src/main/java/org/apache/felix/ipojo/composite/service/provides/SpecificationMetadata.java,114.0,5.0,11.0,10.0,14.0,25.0,18.0,clement@13f79535-47bb-0310-9956-ffa450edef68,1,0.002325581395348837,14.0,14.0,14.0,0.0,544.421052631579,4816.5,1,1,3.9576335166801986,false
ipojo/core/src/main/java/org/apache/felix/ipojo/handlers/architecture/ArchitectureHandler.java,40.0,6.0,4.0,4.0,4.0,5.0,0.0,clement@13f79535-47bb-0310-9956-ffa450edef68,0,0.0,0.0,0.0,0.0,0.0,0.0,0.0,0,1,0.0,false
ipojo/core/src/main/java/org/apache/felix/ipojo/handlers/configuration/ConfigurableProperty.java,456.0,8.0,8.0,13.0,68.0,44.0,2.0,clement@13f79535-47bb-0310-9956-ffa450edef68,1,0.002325581395348837,11.0,11.0,11.0,0.0,544.421052631579,4816.5,1,4,3.9576335166801986,false
ipojo/core/src/main/java/org/apache/felix/ipojo/handlers/configuration/ConfigurationHandler.java,289.0,17.0,0.0,11.0,61.0,47.0,0.0,clement@13f79535-47bb-0310-9956-ffa450edef68,0,0.0,0.0,0.0,0.0,0.0,0.0,0.0,0,5,0.0,false
ipojo/core/src/main/java/org/apache/felix/ipojo/handlers/dependency/Dependency.java,590.0,20.0,272.0,32.0,104.0,97.0,9.0,clement@13f79535-47bb-0310-9956-ffa450edef68,1,0.002325581395348837,5.0,5.0,5.0,0.0,544.421052631579,4816.5,1,6,3.9576335166801986,false
ipojo/core/src/main/java/org/apache/felix/ipojo/handlers/dependency/DependencyCallback.java,182.0,5.0,1.0,7.0,22.0,25.0,0.0,clement@13f79535-47bb-0310-9956-ffa450edef68,0,0.0,0.0,0.0,0.0,0.0,0.0,0.0,0,3,0.0,false
ipojo/core/src/main/java/org/apache/felix/ipojo/handlers/dependency/DependencyHandler.java,329.0,14.0,0.0,13.0,58.0,50.0,18.0,clement@13f79535-47bb-0310-9956-ffa450edef68,1,0.002325581395348837,3.0,3.0,3.0,0.0,544.421052631579,4816.5,1,6,3.9576335166801986,false
ipojo/core/src/main/java/org/apache/felix/ipojo/handlers/dependency/DependencyHandlerDescription.java,88.0,8.0,0.0,4.0,15.0,13.0,0.0,clement@13f79535-47bb-0310-9956-ffa450edef68,0,0.0,0.0,0.0,0.0,0.0,0.0,0.0,0,3,0.0,false
ipojo/core/src/main/java/org/apache/felix/ipojo/handlers/dependency/NullableObject.java,69.0,2.0,0.0,1.0,2.0,4.0,18.0,clement@13f79535-47bb-0310-9956-ffa450edef68,1,0.002325581395348837,33.0,33.0,33.0,0.0,544.421052631579,4816.5,1,0,3.9576335166801986,false
ipojo/core/src/main/java/org/apache/felix/ipojo/handlers/lifecycle/callback/LifecycleCallback.java,61.0,3.0,0.0,5.0,4.0,10.0,0.0,clement@13f79535-47bb-0310-9956-ffa450edef68,0,0.0,0.0,0.0,0.0,0.0,0.0,0.0,0,0,0.0,false
ipojo/core/src/main/java/org/apache/felix/ipojo/handlers/lifecycle/callback/LifecycleCallbackHandler.java,133.0,10.0,2.0,5.0,18.0,20.0,18.0,clement@13f79535-47bb-0310-9956-ffa450edef68,1,0.002325581395348837,8.0,8.0,8.0,0.0,544.421052631579,4816.5,1,2,3.9576335166801986,false
ipojo/core/src/main/java/org/apache/felix/ipojo/handlers/lifecycle/controller/ControllerHandler.java,90.0,10.0,9.0,6.0,15.0,14.0,0.0,clement@13f79535-47bb-0310-9956-ffa450edef68,0,0.0,0.0,0.0,0.0,0.0,0.0,0.0,0,2,0.0,false
ipojo/core/src/main/java/org/apache/felix/ipojo/handlers/providedservice/Property.java,314.0,6.0,25.0,14.0,44.0,31.0,2.0,clement@13f79535-47bb-0310-9956-ffa450edef68,1,0.002325581395348837,12.0,12.0,12.0,0.0,544.421052631579,4816.5,1,2,3.9576335166801986,false
ipojo/core/src/main/java/org/apache/felix/ipojo/handlers/providedservice/ProvidedService.java,258.0,9.0,87.0,18.0,44.0,55.0,18.0,clement@13f79535-47bb-0310-9956-ffa450edef68,1,0.002325581395348837,3.0,3.0,3.0,0.0,544.421052631579,4816.5,1,4,3.9576335166801986,false
ipojo/core/src/main/java/org/apache/felix/ipojo/handlers/providedservice/ProvidedServiceHandler.java,465.0,25.0,115.0,19.0,106.0,74.0,0.0,clement@13f79535-47bb-0310-9956-ffa450edef68,0,0.0,0.0,0.0,0.0,0.0,0.0,0.0,0,4,0.0,false
ipojo/core/src/main/java/org/apache/felix/ipojo/handlers/providedservice/ProvidedServiceHandlerDescription.java,78.0,6.0,0.0,4.0,13.0,13.0,0.0,clement@13f79535-47bb-0310-9956-ffa450edef68,0,0.0,0.0,0.0,0.0,0.0,0.0,0.0,0,1,0.0,false
ipojo/core/src/main/java/org/apache/felix/ipojo/parser/FieldMetadata.java,102.0,1.0,0.0,6.0,9.0,15.0,0.0,clement@13f79535-47bb-0310-9956-ffa450edef68,0,0.0,0.0,0.0,0.0,0.0,0.0,0.0,0,1,0.0,false
ipojo/core/src/main/java/org/apache/felix/ipojo/parser/ManifestMetadataParser.java,248.0,4.0,15.0,10.0,25.0,43.0,0.0,clement@13f79535-47bb-0310-9956-ffa450edef68,0,0.0,0.0,0.0,0.0,0.0,0.0,0.0,0,2,0.0,false
ipojo/core/src/main/java/org/apache/felix/ipojo/parser/ManipulationMetadata.java,213.0,1.0,51.0,14.0,23.0,55.0,0.0,clement@13f79535-47bb-0310-9956-ffa450edef68,0,0.0,0.0,0.0,0.0,0.0,0.0,0.0,0,1,0.0,false
ipojo/core/src/main/java/org/apache/felix/ipojo/parser/MethodMetadata.java,59.0,1.0,0.0,5.0,6.0,13.0,18.0,clement@13f79535-47bb-0310-9956-ffa450edef68,0,0.0,0.0,0.0,0.0,0.0,0.0,0.0,0,1,0.0,false
ipojo/core/src/main/java/org/apache/felix/ipojo/parser/ParseUtils.java,68.0,3.0,3.0,3.0,16.0,15.0,0.0,clement@13f79535-47bb-0310-9956-ffa450edef68,0,0.0,0.0,0.0,0.0,0.0,0.0,0.0,0,2,0.0,false
ipojo/core/src/main/java/org/apache/felix/ipojo/util/Callback.java,266.0,4.0,13.0,10.0,35.0,40.0,18.0,clement@13f79535-47bb-0310-9956-ffa450edef68,1,0.002325581395348837,6.0,6.0,6.0,0.0,544.421052631579,4816.5,1,2,3.9576335166801986,false
ipojo/core/src/main/java/org/apache/felix/ipojo/util/Logger.java,120.0,3.0,0.0,4.0,9.0,9.0,1.0,clement@13f79535-47bb-0310-9956-ffa450edef68,0,0.0,0.0,0.0,0.0,0.0,0.0,0.0,0,1,0.0,false
ipojo/core/src/main/java/org/apache/felix/ipojo/util/ServiceReferenceRankingComparator.java,54.0,3.0,0.0,1.0,4.0,5.0,0.0,clement@13f79535-47bb-0310-9956-ffa450edef68,0,0.0,0.0,0.0,0.0,0.0,0.0,0.0,0,1,0.0,false
ipojo/core/src/main/java/org/apache/felix/ipojo/util/Tracker.java,598.0,12.0,40.0,20.0,45.0,86.0,0.0,clement@13f79535-47bb-0310-9956-ffa450edef68,0,0.0,0.0,0.0,0.0,0.0,0.0,0.0,0,2,0.0,false
ipojo/core/src/main/java/org/apache/felix/ipojo/util/TrackerCustomizer.java,29.0,1.0,6.0,4.0,0.0,12.0,0.0,clement@13f79535-47bb-0310-9956-ffa450edef68,0,0.0,0.0,0.0,0.0,0.0,0.0,0.0,0,1,0.0,false
ipojo/event.admin.handler/src/main/java/org/apache/felix/ipojo/handler/event/EventAdminSubscriberHandler.java,177.0,18.0,9.0,6.0,43.0,24.0,0.0,clement@13f79535-47bb-0310-9956-ffa450edef68,0,0.0,0.0,0.0,0.0,0.0,0.0,0.0,0,0,0.0,false
ipojo/event.admin.handler/src/main/java/org/apache/felix/ipojo/handler/event/EventAdminSubscriberMetadata.java,142.0,7.0,57.0,14.0,14.0,31.0,0.0,clement@13f79535-47bb-0310-9956-ffa450edef68,0,0.0,0.0,0.0,0.0,0.0,0.0,0.0,0,0,0.0,false
ipojo/event.admin.handler/src/main/java/org/apache/felix/ipojo/handler/event/EventUtil.java,39.0,0.0,1.0,2.0,5.0,8.0,0.0,clement@13f79535-47bb-0310-9956-ffa450edef68,0,0.0,0.0,0.0,0.0,0.0,0.0,0.0,0,0,0.0,false
ipojo/jmx.handler/src/main/java/org/apache/felix/ipojo/handlers/jmx/DynamicMBeanImpl.java,259.0,22.0,0.0,10.0,58.0,43.0,0.0,clement@13f79535-47bb-0310-9956-ffa450edef68,0,0.0,0.0,0.0,0.0,0.0,0.0,0.0,0,0,0.0,false
ipojo/jmx.handler/src/main/java/org/apache/felix/ipojo/handlers/jmx/JmxConfigFieldMap.java,236.0,4.0,91.0,18.0,27.0,54.0,0.0,clement@13f79535-47bb-0310-9956-ffa450edef68,0,0.0,0.0,0.0,0.0,0.0,0.0,0.0,0,0,0.0,false
ipojo/jmx.handler/src/main/java/org/apache/felix/ipojo/handlers/jmx/MBeanHandler.java,175.0,10.0,7.0,7.0,38.0,23.0,0.0,clement@13f79535-47bb-0310-9956-ffa450edef68,0,0.0,0.0,0.0,0.0,0.0,0.0,0.0,0,0,0.0,false
ipojo/jmx.handler/src/main/java/org/apache/felix/ipojo/handlers/jmx/MethodField.java,49.0,2.0,0.0,7.0,4.0,14.0,0.0,clement@13f79535-47bb-0310-9956-ffa450edef68,0,0.0,0.0,0.0,0.0,0.0,0.0,0.0,0,0,0.0,false
ipojo/jmx.handler/src/main/java/org/apache/felix/ipojo/handlers/jmx/NotificationField.java,39.0,1.0,0.0,2.0,0.0,5.0,0.0,clement@13f79535-47bb-0310-9956-ffa450edef68,0,0.0,0.0,0.0,0.0,0.0,0.0,0.0,0,0,0.0,false
ipojo/jmx.handler/src/main/java/org/apache/felix/ipojo/handlers/jmx/PropertyField.java,98.0,0.0,108.0,16.0,9.0,32.0,0.0,clement@13f79535-47bb-0310-9956-ffa450edef68,0,0.0,0.0,0.0,0.0,0.0,0.0,0.0,0,0,0.0,false
ipojo/manipulator/src/main/java/org/apache/felix/ipojo/manipulation/ClassChecker.java,134.0,10.0,18.0,8.0,16.0,24.0,18.0,clement@13f79535-47bb-0310-9956-ffa450edef68,1,0.002325581395348837,6.0,6.0,6.0,0.0,544.421052631579,4816.5,1,2,3.9576335166801986,false
ipojo/manipulator/src/main/java/org/apache/felix/ipojo/manipulation/ConstructorCodeAdapter.java,224.0,6.0,31.0,11.0,38.0,33.0,2.0,clement@13f79535-47bb-0310-9956-ffa450edef68,1,0.002325581395348837,6.0,0.0,6.0,0.0,544.421052631579,4816.5,1,3,3.9576335166801986,false
ipojo/manipulator/src/main/java/org/apache/felix/ipojo/manipulation/FieldAdapter.java,357.0,7.0,1.0,7.0,62.0,21.0,0.0,clement@13f79535-47bb-0310-9956-ffa450edef68,0,0.0,0.0,0.0,0.0,0.0,0.0,0.0,0,3,0.0,false
ipojo/manipulator/src/main/java/org/apache/felix/ipojo/manipulation/ManipulationProperty.java,80.0,0.0,0.0,1.0,0.0,3.0,0.0,clement@13f79535-47bb-0310-9956-ffa450edef68,0,0.0,0.0,0.0,0.0,0.0,0.0,0.0,0,1,0.0,false
ipojo/manipulator/src/main/java/org/apache/felix/ipojo/manipulation/Manipulator.java,130.0,13.0,0.0,3.0,37.0,14.0,0.0,clement@13f79535-47bb-0310-9956-ffa450edef68,0,0.0,0.0,0.0,0.0,0.0,0.0,0.0,0,4,0.0,false
ipojo/manipulator/src/main/java/org/apache/felix/ipojo/manipulation/MethodCodeAdapter.java,138.0,6.0,0.0,5.0,33.0,17.0,2.0,clement@13f79535-47bb-0310-9956-ffa450edef68,1,0.002325581395348837,8.0,0.0,8.0,0.0,544.421052631579,4816.5,1,1,3.9576335166801986,false
ipojo/manipulator/src/main/java/org/apache/felix/ipojo/manipulation/PojoAdapter.java,308.0,14.0,83.0,15.0,47.0,30.0,18.0,clement@13f79535-47bb-0310-9956-ffa450edef68,1,0.002325581395348837,8.0,8.0,8.0,0.0,544.421052631579,4816.5,1,5,3.9576335166801986,false
ipojo/manipulator/src/main/java/org/apache/felix/ipojo/manipulation/annotations/CustomAnnotationVisitor.java,184.0,5.0,1.0,7.0,18.0,17.0,0.0,clement@13f79535-47bb-0310-9956-ffa450edef68,0,0.0,0.0,0.0,0.0,0.0,0.0,0.0,0,0,0.0,false
ipojo/manipulator/src/main/java/org/apache/felix/ipojo/manipulation/annotations/FieldCollector.java,243.0,5.0,0.0,2.0,10.0,6.0,0.0,clement@13f79535-47bb-0310-9956-ffa450edef68,0,0.0,0.0,0.0,0.0,0.0,0.0,0.0,0,1,0.0,false
ipojo/manipulator/src/main/java/org/apache/felix/ipojo/manipulation/annotations/MetadataCollector.java,275.0,12.0,22.0,9.0,15.0,20.0,0.0,clement@13f79535-47bb-0310-9956-ffa450edef68,0,0.0,0.0,0.0,0.0,0.0,0.0,0.0,0,0,0.0,false
ipojo/manipulator/src/main/java/org/apache/felix/ipojo/manipulation/annotations/MethodCollector.java,301.0,4.0,0.0,7.0,24.0,19.0,0.0,clement@13f79535-47bb-0310-9956-ffa450edef68,0,0.0,0.0,0.0,0.0,0.0,0.0,0.0,0,1,0.0,false
ipojo/manipulator/src/main/java/org/apache/felix/ipojo/manipulator/Pojoization.java,562.0,29.0,164.0,20.0,125.0,74.0,0.0,clement@13f79535-47bb-0310-9956-ffa450edef68,0,0.0,0.0,0.0,0.0,0.0,0.0,0.0,0,5,0.0,false
ipojo/manipulator/src/main/java/org/apache/felix/ipojo/xml/parser/XMLMetadataParser.java,221.0,6.0,85.0,15.0,15.0,46.0,0.0,clement@13f79535-47bb-0310-9956-ffa450edef68,0,0.0,0.0,0.0,0.0,0.0,0.0,0.0,0,1,0.0,false
ipojo/metadata/src/main/java/org/apache/felix/ipojo/metadata/Attribute.java,61.0,0.0,0.0,5.0,3.0,10.0,0.0,clement@13f79535-47bb-0310-9956-ffa450edef68,0,0.0,0.0,0.0,0.0,0.0,0.0,0.0,0,1,0.0,false
ipojo/metadata/src/main/java/org/apache/felix/ipojo/metadata/Element.java,339.0,7.0,102.0,21.0,63.0,73.0,0.0,clement@13f79535-47bb-0310-9956-ffa450edef68,0,0.0,0.0,0.0,0.0,0.0,0.0,0.0,0,1,0.0,false
ipojo/plugin/src/main/java/org/apache/felix/ipojo/plugin/ManipulatorMojo.java,116.0,9.0,0.0,2.0,19.0,8.0,1.0,clement@13f79535-47bb-0310-9956-ffa450edef68,1,0.002325581395348837,5.0,0.0,5.0,0.0,544.421052631579,4816.5,1,1,3.9576335166801986,false
jmood/src/main/java/org/apache/felix/jmood/compendium/ConfigAdminManager.java,263.0,19.0,54.0,20.0,70.0,75.0,0.0,joes@13f79535-47bb-0310-9956-ffa450edef68,0,0.0,0.0,0.0,0.0,0.0,0.0,0.0,0,1,0.0,false
jmood/src/test/java/org/apache/felix/jmood/FelixLauncher.java,125.0,10.0,44.0,13.0,42.0,37.0,0.0,joes@13f79535-47bb-0310-9956-ffa450edef68,0,0.0,0.0,0.0,0.0,0.0,0.0,0.0,0,1,0.0,false
main/src/main/java/org/apache/felix/main/AutoActivator.java,114.0,7.0,8.0,5.0,27.0,14.0,2.0,rickhall@13f79535-47bb-0310-9956-ffa450edef68,1,0.002325581395348837,12.0,0.0,0.0,0.0,183.76470588235293,2754.0,1,0,2.613898769979104,false
main/src/main/java/org/apache/felix/main/Main.java,256.0,7.0,10.0,5.0,69.0,31.0,1.0,rickhall@13f79535-47bb-0310-9956-ffa450edef68,2,0.004651162790697674,15.0,0.0,0.0,3.0,819.5907928388747,6556.953297710704,2,0,1.3411931940496529,false
maven-obr-plugin/src/main/java/org/apache/felix/obr/plugin/Capability.java,62.0,5.0,7.0,6.0,9.0,10.0,17.0,mcculls@13f79535-47bb-0310-9956-ffa450edef68,1,0.002325581395348837,100.0,0.0,20.0,60.0,413.74468085106383,3384.0,1,0,0.9787083614425885,false
maven-obr-plugin/src/main/java/org/apache/felix/obr/plugin/Category.java,34.0,3.0,1.0,3.0,3.0,6.0,17.0,mcculls@13f79535-47bb-0310-9956-ffa450edef68,1,0.002325581395348837,100.0,0.0,20.0,60.0,413.74468085106383,3384.0,1,0,0.9787083614425885,false
maven-obr-plugin/src/main/java/org/apache/felix/obr/plugin/Config.java,49.0,0.0,0.0,5.0,0.0,11.0,20.0,mcculls@13f79535-47bb-0310-9956-ffa450edef68,1,0.002325581395348837,100.0,0.0,25.0,25.0,413.74468085106383,3384.0,1,0,0.9787083614425885,false
maven-obr-plugin/src/main/java/org/apache/felix/obr/plugin/ExtractBindexInfo.java,208.0,15.0,0.0,13.0,55.0,55.0,15.0,mcculls@13f79535-47bb-0310-9956-ffa450edef68,1,0.002325581395348837,100.0,0.0,33.0,67.0,413.74468085106383,3384.0,1,0,0.9787083614425885,false
maven-obr-plugin/src/main/java/org/apache/felix/obr/plugin/ObrCleanRepo.java,194.0,29.0,13.0,6.0,60.0,31.0,14.0,mcculls@13f79535-47bb-0310-9956-ffa450edef68,1,0.002325581395348837,88.0,0.0,12.0,62.0,413.74468085106383,3384.0,1,0,0.9787083614425885,false
maven-obr-plugin/src/main/java/org/apache/felix/obr/plugin/ObrDeploy.java,236.0,17.0,0.0,1.0,34.0,10.0,10.0,mcculls@13f79535-47bb-0310-9956-ffa450edef68,1,0.002325581395348837,92.0,8.0,17.0,33.0,413.74468085106383,3384.0,1,0,0.9787083614425885,false
maven-obr-plugin/src/main/java/org/apache/felix/obr/plugin/ObrDeployFile.java,220.0,15.0,0.0,1.0,30.0,9.0,11.0,mcculls@13f79535-47bb-0310-9956-ffa450edef68,1,0.002325581395348837,91.0,9.0,18.0,27.0,413.74468085106383,3384.0,1,0,0.9787083614425885,false
maven-obr-plugin/src/main/java/org/apache/felix/obr/plugin/ObrInstall.java,107.0,8.0,0.0,1.0,25.0,8.0,10.0,mcculls@13f79535-47bb-0310-9956-ffa450edef68,1,0.002325581395348837,100.0,20.0,0.0,40.0,413.74468085106383,3384.0,1,0,0.9787083614425885,false
maven-obr-plugin/src/main/java/org/apache/felix/obr/plugin/ObrInstallFile.java,121.0,7.0,0.0,1.0,20.0,6.0,14.0,mcculls@13f79535-47bb-0310-9956-ffa450edef68,1,0.002325581395348837,89.0,11.0,11.0,44.0,413.74468085106383,3384.0,1,0,0.9787083614425885,false
maven-obr-plugin/src/main/java/org/apache/felix/obr/plugin/ObrUpdate.java,396.0,27.0,0.0,10.0,118.0,50.0,11.0,mcculls@13f79535-47bb-0310-9956-ffa450edef68,1,0.002325581395348837,100.0,9.0,9.0,55.0,413.74468085106383,3384.0,1,0,0.9787083614425885,false
maven-obr-plugin/src/main/java/org/apache/felix/obr/plugin/PElement.java,76.0,3.0,15.0,7.0,5.0,13.0,20.0,mcculls@13f79535-47bb-0310-9956-ffa450edef68,1,0.002325581395348837,100.0,0.0,25.0,50.0,413.74468085106383,3384.0,1,0,0.9787083614425885,false
maven-obr-plugin/src/main/java/org/apache/felix/obr/plugin/PathFile.java,496.0,7.0,401.0,31.0,103.0,113.0,16.0,mcculls@13f79535-47bb-0310-9956-ffa450edef68,1,0.002325581395348837,100.0,0.0,20.0,60.0,413.74468085106383,3384.0,1,0,0.9787083614425885,false
maven-obr-plugin/src/main/java/org/apache/felix/obr/plugin/RemoteFileManager.java,174.0,20.0,1.0,7.0,33.0,31.0,14.0,mcculls@13f79535-47bb-0310-9956-ffa450edef68,1,0.002325581395348837,100.0,0.0,29.0,57.0,413.74468085106383,3384.0,1,0,0.9787083614425885,false
maven-obr-plugin/src/main/java/org/apache/felix/obr/plugin/Require.java,129.0,3.0,66.0,13.0,9.0,27.0,20.0,mcculls@13f79535-47bb-0310-9956-ffa450edef68,1,0.002325581395348837,100.0,0.0,25.0,50.0,413.74468085106383,3384.0,1,0,0.9787083614425885,false
maven-obr-plugin/src/main/java/org/apache/felix/obr/plugin/ResourcesBundle.java,433.0,8.0,659.0,38.0,94.0,82.0,15.0,mcculls@13f79535-47bb-0310-9956-ffa450edef68,1,0.002325581395348837,100.0,0.0,17.0,50.0,413.74468085106383,3384.0,1,0,0.9787083614425885,false
maven-obr-plugin/src/main/java/org/apache/felix/obr/plugin/XmlHelper.java,64.0,2.0,3.0,3.0,17.0,13.0,27.0,mcculls@13f79535-47bb-0310-9956-ffa450edef68,1,0.002325581395348837,100.0,0.0,0.0,50.0,413.74468085106383,3384.0,1,0,0.9787083614425885,false
maven-obr-plugin/src/main/java/org/osgi/impl/bundle/obr/resource/BundleInfo.java,360.0,5.0,33.0,23.0,163.0,83.0,34.0,clement@13f79535-47bb-0310-9956-ffa450edef68,1,0.002325581395348837,50.0,50.0,50.0,0.0,544.421052631579,4816.5,1,1,3.9576335166801986,false
maven-obr-plugin/src/main/java/org/osgi/impl/bundle/obr/resource/CapabilityImpl.java,64.0,3.0,9.0,7.0,23.0,19.0,16.0,clement@13f79535-47bb-0310-9956-ffa450edef68,1,0.002325581395348837,50.0,50.0,50.0,0.0,544.421052631579,4816.5,1,1,3.9576335166801986,false
maven-obr-plugin/src/main/java/org/osgi/impl/bundle/obr/resource/FilterImpl.java,322.0,3.0,22.0,9.0,19.0,30.0,16.0,clement@13f79535-47bb-0310-9956-ffa450edef68,1,0.002325581395348837,50.0,50.0,50.0,0.0,544.421052631579,4816.5,1,1,3.9576335166801986,false
maven-obr-plugin/src/main/java/org/osgi/impl/bundle/obr/resource/Manifest.java,286.0,2.0,665.0,38.0,67.0,121.0,16.0,clement@13f79535-47bb-0310-9956-ffa450edef68,1,0.002325581395348837,50.0,50.0,50.0,0.0,544.421052631579,4816.5,1,1,3.9576335166801986,false
maven-obr-plugin/src/main/java/org/osgi/impl/bundle/obr/resource/ManifestEntry.java,64.0,1.0,9.0,11.0,5.0,28.0,16.0,clement@13f79535-47bb-0310-9956-ffa450edef68,1,0.002325581395348837,50.0,50.0,50.0,0.0,544.421052631579,4816.5,1,1,3.9576335166801986,false
maven-obr-plugin/src/main/java/org/osgi/impl/bundle/obr/resource/Parameter.java,27.0,0.0,0.0,2.0,3.0,7.0,16.0,clement@13f79535-47bb-0310-9956-ffa450edef68,1,0.002325581395348837,50.0,50.0,50.0,0.0,544.421052631579,4816.5,1,1,3.9576335166801986,false
maven-obr-plugin/src/main/java/org/osgi/impl/bundle/obr/resource/RepositoryImpl.java,250.0,7.0,37.0,14.0,66.0,47.0,16.0,clement@13f79535-47bb-0310-9956-ffa450edef68,1,0.002325581395348837,50.0,50.0,50.0,0.0,544.421052631579,4816.5,1,1,3.9576335166801986,false
maven-obr-plugin/src/main/java/org/osgi/impl/bundle/obr/resource/RequirementImpl.java,108.0,2.0,79.0,19.0,26.0,38.0,16.0,clement@13f79535-47bb-0310-9956-ffa450edef68,1,0.002325581395348837,50.0,50.0,50.0,0.0,544.421052631579,4816.5,1,1,3.9576335166801986,false
maven-obr-plugin/src/main/java/org/osgi/impl/bundle/obr/resource/ResourceImpl.java,245.0,6.0,573.0,46.0,78.0,105.0,16.0,clement@13f79535-47bb-0310-9956-ffa450edef68,1,0.002325581395348837,50.0,50.0,50.0,0.0,544.421052631579,4816.5,1,1,3.9576335166801986,false
maven-obr-plugin/src/main/java/org/osgi/impl/bundle/obr/resource/StringSet.java,7.0,1.0,0.0,1.0,4.0,2.0,16.0,clement@13f79535-47bb-0310-9956-ffa450edef68,1,0.002325581395348837,50.0,50.0,50.0,0.0,544.421052631579,4816.5,1,1,3.9576335166801986,false
maven-obr-plugin/src/main/java/org/osgi/impl/bundle/obr/resource/Tag.java,375.0,3.0,325.0,35.0,101.0,93.0,16.0,clement@13f79535-47bb-0310-9956-ffa450edef68,1,0.002325581395348837,50.0,50.0,50.0,0.0,544.421052631579,4816.5,1,1,3.9576335166801986,false
maven-obr-plugin/src/main/java/org/osgi/impl/bundle/obr/resource/VersionRange.java,69.0,2.0,0.0,8.0,14.0,22.0,47.0,clement@13f79535-47bb-0310-9956-ffa450edef68,2,0.004651162790697674,67.0,33.0,33.0,33.0,958.1657334826427,8200.5,2,1,1.7750237585014483,false
metatype/src/main/java/org/apache/felix/metatype/AD.java,280.0,4.0,295.0,26.0,32.0,54.0,10.0,fmeschbe@13f79535-47bb-0310-9956-ffa450edef68,1,0.002325581395348837,6.0,0.0,0.0,6.0,635.8260869565217,3802.9532977107037,1,0,1.1146639976786177,false
metatype/src/main/java/org/apache/felix/metatype/MetaDataReader.java,331.0,10.0,21.0,22.0,113.0,92.0,10.0,fmeschbe@13f79535-47bb-0310-9956-ffa450edef68,1,0.002325581395348837,5.0,0.0,0.0,5.0,635.8260869565217,3802.9532977107037,1,0,1.1146639976786177,false
metatype/src/main/java/org/apache/felix/metatype/internal/Activator.java,125.0,8.0,6.0,9.0,26.0,24.0,18.0,fmeschbe@13f79535-47bb-0310-9956-ffa450edef68,1,0.002325581395348837,14.0,0.0,0.0,14.0,635.8260869565217,3802.9532977107037,1,0,1.1146639976786177,false
metatype/src/main/java/org/apache/felix/metatype/internal/LocalizedAttributeDefinition.java,75.0,3.0,0.0,10.0,14.0,21.0,10.0,joes@13f79535-47bb-0310-9956-ffa450edef68,1,0.002325581395348837,33.0,0.0,0.0,33.0,635.8260869565217,3802.9532977107037,1,0,1.1146639976786177,false
metatype/src/main/java/org/apache/felix/metatype/internal/LocalizedObjectClassDefinition.java,131.0,10.0,0.0,6.0,26.0,19.0,10.0,fmeschbe@13f79535-47bb-0310-9956-ffa450edef68,1,0.002325581395348837,11.0,0.0,0.0,11.0,635.8260869565217,3802.9532977107037,1,0,1.1146639976786177,false
metatype/src/main/java/org/apache/felix/metatype/internal/ServiceMetaTypeInformation.java,110.0,3.0,0.0,4.0,23.0,16.0,10.0,fmeschbe@13f79535-47bb-0310-9956-ffa450edef68,1,0.002325581395348837,10.0,0.0,0.0,10.0,635.8260869565217,3802.9532977107037,1,0,1.1146639976786177,false
org.osgi.service.obr/src/main/java/org/osgi/service/obr/Capability.java,15.0,1.0,1.0,2.0,0.0,3.0,17.0,mcculls@13f79535-47bb-0310-9956-ffa450edef68,0,0.0,0.0,0.0,0.0,0.0,0.0,0.0,0,1,0.0,false
org.osgi.service.obr/src/main/java/org/osgi/service/obr/CapabilityProvider.java,11.0,0.0,0.0,1.0,0.0,4.0,0.0,mcculls@13f79535-47bb-0310-9956-ffa450edef68,0,0.0,0.0,0.0,0.0,0.0,0.0,0.0,0,1,0.0,false
org.osgi.service.obr/src/main/java/org/osgi/service/obr/Repository.java,20.0,1.0,6.0,4.0,0.0,8.0,0.0,gnodet@13f79535-47bb-0310-9956-ffa450edef68,0,0.0,0.0,0.0,0.0,0.0,0.0,0.0,0,1,0.0,false
org.osgi.service.obr/src/main/java/org/osgi/service/obr/RepositoryAdmin.java,32.0,1.0,15.0,6.0,0.0,11.0,0.0,gnodet@13f79535-47bb-0310-9956-ffa450edef68,0,0.0,0.0,0.0,0.0,0.0,0.0,0.0,0,1,0.0,false
org.osgi.service.obr/src/main/java/org/osgi/service/obr/RepositoryPermission.java,9.0,1.0,0.0,1.0,0.0,1.0,0.0,mcculls@13f79535-47bb-0310-9956-ffa450edef68,0,0.0,0.0,0.0,0.0,0.0,0.0,0.0,0,1,0.0,false
org.osgi.service.obr/src/main/java/org/osgi/service/obr/Requirement.java,19.0,0.0,21.0,7.0,0.0,7.0,0.0,mcculls@13f79535-47bb-0310-9956-ffa450edef68,0,0.0,0.0,0.0,0.0,0.0,0.0,0.0,0,1,0.0,false
org.osgi.service.obr/src/main/java/org/osgi/service/obr/Resolver.java,11.0,0.0,36.0,9.0,0.0,9.0,0.0,gnodet@13f79535-47bb-0310-9956-ffa450edef68,0,0.0,0.0,0.0,0.0,0.0,0.0,0.0,0,1,0.0,false
org.osgi.service.obr/src/main/java/org/osgi/service/obr/Resource.java,28.0,3.0,45.0,10.0,0.0,10.0,0.0,gnodet@13f79535-47bb-0310-9956-ffa450edef68,0,0.0,0.0,0.0,0.0,0.0,0.0,0.0,0,1,0.0,false
prefs/src/main/java/org/apache/felix/prefs/ChangeSet.java,119.0,1.0,0.0,11.0,14.0,26.0,8.0,cziegeler@13f79535-47bb-0310-9956-ffa450edef68,1,0.002325581395348837,33.0,0.0,33.0,33.0,635.8260869565217,3802.9532977107037,1,0,1.1146639976786177,false
prefs/src/main/java/org/apache/felix/prefs/PreferencesImpl.java,564.0,5.0,627.0,43.0,128.0,115.0,8.0,cziegeler@13f79535-47bb-0310-9956-ffa450edef68,1,0.002325581395348837,17.0,0.0,17.0,17.0,635.8260869565217,3802.9532977107037,1,0,1.1146639976786177,false
prefs/src/main/java/org/apache/felix/prefs/impl/DataFileBackingStoreImpl.java,148.0,5.0,6.0,9.0,41.0,35.0,8.0,cziegeler@13f79535-47bb-0310-9956-ffa450edef68,1,0.002325581395348837,20.0,0.0,20.0,20.0,635.8260869565217,3802.9532977107037,1,0,1.1146639976786177,true
prefs/src/main/java/org/apache/felix/prefs/impl/PreferencesManager.java,172.0,7.0,2.0,9.0,38.0,29.0,8.0,cziegeler@13f79535-47bb-0310-9956-ffa450edef68,1,0.002325581395348837,20.0,0.0,20.0,20.0,635.8260869565217,3802.9532977107037,1,0,1.1146639976786177,true
prefs/src/main/java/org/apache/felix/prefs/impl/PreferencesServiceImpl.java,84.0,11.0,0.0,5.0,15.0,18.0,0.0,marrs@13f79535-47bb-0310-9956-ffa450edef68,0,0.0,0.0,0.0,0.0,0.0,0.0,0.0,0,1,0.0,false
prefs/src/main/java/org/apache/felix/prefs/impl/StreamBackingStoreImpl.java,148.0,5.0,45.0,10.0,58.0,30.0,8.0,cziegeler@13f79535-47bb-0310-9956-ffa450edef68,1,0.002325581395348837,33.0,0.0,33.0,33.0,635.8260869565217,3802.9532977107037,1,0,1.1146639976786177,false
scr/src/main/java/org/apache/felix/scr/Component.java,99.0,2.0,91.0,14.0,0.0,24.0,15.0,fmeschbe@13f79535-47bb-0310-9956-ffa450edef68,1,0.002325581395348837,6.0,6.0,6.0,6.0,283.92727272727274,4106.666666666667,1,0,3.184443628446717,false
scr/src/main/java/org/apache/felix/scr/Reference.java,45.0,1.0,45.0,10.0,0.0,22.0,48.0,fmeschbe@13f79535-47bb-0310-9956-ffa450edef68,1,0.002325581395348837,9.0,9.0,9.0,9.0,283.92727272727274,4106.666666666667,1,0,3.184443628446717,false
scr/src/main/java/org/apache/felix/scr/ScrService.java,22.0,1.0,3.0,3.0,0.0,10.0,48.0,cziegeler@13f79535-47bb-0310-9956-ffa450edef68,1,0.002325581395348837,20.0,20.0,20.0,20.0,283.92727272727274,4106.666666666667,1,0,3.184443628446717,false
scr/src/main/java/org/apache/felix/scr/impl/AbstractComponentManager.java,406.0,6.0,771.0,47.0,129.0,123.0,25.0,fmeschbe@13f79535-47bb-0310-9956-ffa450edef68,2,0.004651162790697674,12.0,4.0,4.0,8.0,919.7533596837945,7909.619964377371,2,0,1.8580029165625374,false
scr/src/main/java/org/apache/felix/scr/impl/Activator.java,237.0,14.0,27.0,11.0,68.0,50.0,18.0,fmeschbe@13f79535-47bb-0310-9956-ffa450edef68,1,0.002325581395348837,2.0,2.0,2.0,2.0,283.92727272727274,4106.666666666667,1,0,3.184443628446717,false
scr/src/main/java/org/apache/felix/scr/impl/BundleComponentActivator.java,255.0,15.0,30.0,12.0,67.0,49.0,48.0,fmeschbe@13f79535-47bb-0310-9956-ffa450edef68,1,0.002325581395348837,3.0,3.0,3.0,3.0,283.92727272727274,4106.666666666667,1,0,3.184443628446717,true
scr/src/main/java/org/apache/felix/scr/impl/ComponentActorThread.java,47.0,2.0,0.0,4.0,10.0,10.0,48.0,fmeschbe@13f79535-47bb-0310-9956-ffa450edef68,1,0.002325581395348837,9.0,9.0,9.0,9.0,283.92727272727274,4106.666666666667,1,0,3.184443628446717,false
scr/src/main/java/org/apache/felix/scr/impl/ComponentContextImpl.java,72.0,7.0,0.0,12.0,20.0,25.0,48.0,fmeschbe@13f79535-47bb-0310-9956-ffa450edef68,1,0.002325581395348837,25.0,25.0,25.0,25.0,283.92727272727274,4106.666666666667,1,0,3.184443628446717,false
scr/src/main/java/org/apache/felix/scr/impl/ComponentFactoryImpl.java,89.0,6.0,70.0,13.0,35.0,28.0,34.0,fmeschbe@13f79535-47bb-0310-9956-ffa450edef68,2,0.004651162790697674,15.0,8.0,8.0,15.0,919.7533596837945,7909.619964377371,2,0,1.4564066325027216,false
scr/src/main/java/org/apache/felix/scr/impl/ComponentManager.java,26.0,1.0,10.0,5.0,0.0,7.0,48.0,fmeschbe@13f79535-47bb-0310-9956-ffa450edef68,1,0.002325581395348837,50.0,50.0,50.0,50.0,283.92727272727274,4106.666666666667,1,0,3.184443628446717,false
scr/src/main/java/org/apache/felix/scr/impl/ComponentMetadata.java,200.0,6.0,57.0,18.0,14.0,58.0,48.0,fmeschbe@13f79535-47bb-0310-9956-ffa450edef68,1,0.002325581395348837,10.0,10.0,10.0,10.0,283.92727272727274,4106.666666666667,1,0,3.184443628446717,false
scr/src/main/java/org/apache/felix/scr/impl/ComponentRegistry.java,82.0,13.0,7.0,10.0,25.0,25.0,48.0,fmeschbe@13f79535-47bb-0310-9956-ffa450edef68,1,0.002325581395348837,3.0,3.0,3.0,3.0,283.92727272727274,4106.666666666667,1,0,3.184443628446717,false
scr/src/main/java/org/apache/felix/scr/impl/DelayedComponentManager.java,36.0,4.0,15.0,6.0,6.0,11.0,48.0,fmeschbe@13f79535-47bb-0310-9956-ffa450edef68,1,0.002325581395348837,14.0,14.0,14.0,14.0,283.92727272727274,4106.666666666667,1,0,3.184443628446717,false
scr/src/main/java/org/apache/felix/scr/impl/DependencyManager.java,517.0,5.0,173.0,35.0,163.0,128.0,25.0,fmeschbe@13f79535-47bb-0310-9956-ffa450edef68,2,0.004651162790697674,14.0,5.0,5.0,14.0,919.7533596837945,7909.619964377371,2,0,1.8580029165625374,false
scr/src/main/java/org/apache/felix/scr/impl/ImmediateComponentManager.java,176.0,12.0,44.0,12.0,58.0,36.0,48.0,fmeschbe@13f79535-47bb-0310-9956-ffa450edef68,1,0.002325581395348837,7.0,7.0,7.0,7.0,283.92727272727274,4106.666666666667,1,0,3.184443628446717,false
scr/src/main/java/org/apache/felix/scr/impl/ManagerFactory.java,18.0,1.0,0.0,1.0,5.0,6.0,48.0,fmeschbe@13f79535-47bb-0310-9956-ffa450edef68,1,0.002325581395348837,50.0,50.0,50.0,50.0,283.92727272727274,4106.666666666667,1,0,3.184443628446717,false
scr/src/main/java/org/apache/felix/scr/impl/PropertyMetadata.java,177.0,4.0,6.0,9.0,23.0,29.0,48.0,fmeschbe@13f79535-47bb-0310-9956-ffa450edef68,1,0.002325581395348837,20.0,20.0,20.0,20.0,283.92727272727274,4106.666666666667,1,0,3.184443628446717,false
scr/src/main/java/org/apache/felix/scr/impl/ReadOnlyDictionary.java,37.0,2.0,0.0,8.0,5.0,17.0,48.0,fmeschbe@13f79535-47bb-0310-9956-ffa450edef68,1,0.002325581395348837,50.0,50.0,50.0,50.0,283.92727272727274,4106.666666666667,1,0,3.184443628446717,false
scr/src/main/java/org/apache/felix/scr/impl/ReferenceMetadata.java,189.0,1.0,101.0,19.0,4.0,64.0,34.0,cziegeler@13f79535-47bb-0310-9956-ffa450edef68,2,0.004651162790697674,33.0,17.0,17.0,33.0,919.7533596837945,7909.619964377371,2,0,1.4564066325027216,false
scr/src/main/java/org/apache/felix/scr/impl/ScrCommand.java,287.0,13.0,58.0,12.0,71.0,41.0,1.0,fmeschbe@13f79535-47bb-0310-9956-ffa450edef68,1,0.002325581395348837,3.0,3.0,0.0,0.0,283.92727272727274,4106.666666666667,1,0,3.184443628446717,true
scr/src/main/java/org/apache/felix/scr/impl/ServiceFactoryComponentManager.java,66.0,7.0,19.0,7.0,14.0,13.0,48.0,fmeschbe@13f79535-47bb-0310-9956-ffa450edef68,1,0.002325581395348837,12.0,12.0,12.0,12.0,283.92727272727274,4106.666666666667,1,0,3.184443628446717,false
scr/src/main/java/org/apache/felix/scr/impl/ServiceMetadata.java,56.0,4.0,0.0,5.0,7.0,16.0,48.0,fmeschbe@13f79535-47bb-0310-9956-ffa450edef68,1,0.002325581395348837,20.0,20.0,20.0,20.0,283.92727272727274,4106.666666666667,1,0,3.184443628446717,false
scr/src/main/java/org/apache/felix/scr/impl/XmlHandler.java,195.0,7.0,20.0,9.0,41.0,23.0,34.0,fmeschbe@13f79535-47bb-0310-9956-ffa450edef68,2,0.004651162790697674,22.0,11.0,11.0,22.0,919.7533596837945,7909.619964377371,2,0,1.4564066325027216,false
scr/src/main/java/org/apache/felix/scr/impl/parser/KXml2SAXHandler.java,29.0,1.0,15.0,6.0,0.0,10.0,48.0,fmeschbe@13f79535-47bb-0310-9956-ffa450edef68,1,0.002325581395348837,33.0,33.0,33.0,33.0,283.92727272727274,4106.666666666667,1,0,3.184443628446717,false
scr/src/main/java/org/apache/felix/scr/impl/parser/KXml2SAXParser.java,45.0,5.0,1.0,2.0,19.0,9.0,34.0,fmeschbe@13f79535-47bb-0310-9956-ffa450edef68,2,0.004651162790697674,29.0,14.0,14.0,29.0,919.7533596837945,7909.619964377371,2,0,1.4564066325027216,false
scr/src/main/java/org/apache/felix/scr/impl/parser/ParseException.java,10.0,0.0,0.0,2.0,0.0,3.0,48.0,fmeschbe@13f79535-47bb-0310-9956-ffa450edef68,1,0.002325581395348837,50.0,50.0,50.0,50.0,283.92727272727274,4106.666666666667,1,0,3.184443628446717,false
scrplugin/src/main/java/org/apache/felix/scrplugin/Constants.java,40.0,1.0,0.0,0.0,0.0,0.0,23.0,cziegeler@13f79535-47bb-0310-9956-ffa450edef68,2,0.004651162790697674,10.0,10.0,5.0,5.0,919.7533596837945,7909.619964377371,2,0,1.4564066325027216,false
scrplugin/src/main/java/org/apache/felix/scrplugin/SCRDescriptorMojo.java,493.0,12.0,64.0,12.0,175.0,59.0,3.0,cziegeler@13f79535-47bb-0310-9956-ffa450edef68,2,0.004651162790697674,21.0,5.0,4.0,7.0,919.7533596837945,7909.619964377371,2,4,1.0697737607518343,false
scrplugin/src/main/java/org/apache/felix/scrplugin/om/AbstractObject.java,15.0,1.0,0.0,2.0,2.0,4.0,6.0,fmeschbe@13f79535-47bb-0310-9956-ffa450edef68,1,0.002325581395348837,20.0,0.0,0.0,0.0,635.8260869565217,3802.9532977107037,1,0,1.1146639976786177,false
scrplugin/src/main/java/org/apache/felix/scrplugin/om/Component.java,224.0,3.0,315.0,27.0,39.0,50.0,15.0,cziegeler@13f79535-47bb-0310-9956-ffa450edef68,2,0.004651162790697674,13.0,4.0,4.0,0.0,919.7533596837945,7909.619964377371,2,2,1.1680763729731711,false
scrplugin/src/main/java/org/apache/felix/scrplugin/om/Property.java,55.0,2.0,37.0,11.0,4.0,16.0,2.0,fmeschbe@13f79535-47bb-0310-9956-ffa450edef68,0,0.0,0.0,0.0,0.0,0.0,0.0,0.0,0,0,0.0,false
scrplugin/src/main/java/org/apache/felix/scrplugin/om/Service.java,61.0,2.0,10.0,8.0,13.0,17.0,5.0,fmeschbe@13f79535-47bb-0310-9956-ffa450edef68,1,0.002325581395348837,11.0,0.0,11.0,0.0,635.8260869565217,3802.9532977107037,1,1,1.1146639976786177,false
scrplugin/src/main/java/org/apache/felix/scrplugin/om/metatype/AttributeDefinition.java,70.0,1.0,94.0,16.0,0.0,28.0,65.0,fmeschbe@13f79535-47bb-0310-9956-ffa450edef68,1,0.002325581395348837,20.0,0.0,0.0,0.0,635.8260869565217,3802.9532977107037,1,1,1.1146639976786177,false
scrplugin/src/main/java/org/apache/felix/scrplugin/tags/JavaClassDescription.java,73.0,1.0,66.0,12.0,0.0,36.0,6.0,cziegeler@13f79535-47bb-0310-9956-ffa450edef68,1,0.002325581395348837,56.0,11.0,33.0,11.0,635.8260869565217,3802.9532977107037,1,0,1.1146639976786177,false
scrplugin/src/main/java/org/apache/felix/scrplugin/tags/JavaClassDescriptorManager.java,257.0,30.0,21.0,11.0,64.0,48.0,4.0,cziegeler@13f79535-47bb-0310-9956-ffa450edef68,1,0.002325581395348837,21.0,16.0,16.0,5.0,635.8260869565217,3802.9532977107037,1,0,1.1146639976786177,false
scrplugin/src/main/java/org/apache/felix/scrplugin/tags/JavaMethod.java,11.0,0.0,10.0,5.0,0.0,5.0,5.0,fmeschbe@13f79535-47bb-0310-9956-ffa450edef68,1,0.002325581395348837,33.0,0.0,33.0,0.0,635.8260869565217,3802.9532977107037,1,0,1.1146639976786177,false
scrplugin/src/main/java/org/apache/felix/scrplugin/tags/cl/ClassLoaderJavaClassDescription.java,164.0,7.0,0.0,14.0,35.0,48.0,5.0,cziegeler@13f79535-47bb-0310-9956-ffa450edef68,2,0.004651162790697674,36.0,9.0,18.0,5.0,919.7533596837945,7909.619964377371,2,1,0.9966162902681934,false
scrplugin/src/main/java/org/apache/felix/scrplugin/tags/cl/ClassLoaderJavaField.java,35.0,4.0,4.0,5.0,3.0,9.0,5.0,fmeschbe@13f79535-47bb-0310-9956-ffa450edef68,1,0.002325581395348837,75.0,50.0,25.0,25.0,635.8260869565217,3802.9532977107037,1,0,1.1146639976786177,false
scrplugin/src/main/java/org/apache/felix/scrplugin/tags/cl/ClassLoaderJavaMethod.java,44.0,4.0,0.0,6.0,7.0,14.0,10.0,fmeschbe@13f79535-47bb-0310-9956-ffa450edef68,1,0.002325581395348837,33.0,0.0,0.0,0.0,635.8260869565217,3802.9532977107037,1,0,1.1146639976786177,false
scrplugin/src/main/java/org/apache/felix/scrplugin/tags/cl/ClassLoaderJavaParameter.java,15.0,1.0,0.0,2.0,0.0,3.0,10.0,fmeschbe@13f79535-47bb-0310-9956-ffa450edef68,1,0.002325581395348837,33.0,0.0,0.0,0.0,635.8260869565217,3802.9532977107037,1,0,1.1146639976786177,false
scrplugin/src/main/java/org/apache/felix/scrplugin/tags/cl/ClassLoaderJavaTag.java,75.0,7.0,16.0,8.0,14.0,19.0,10.0,fmeschbe@13f79535-47bb-0310-9956-ffa450edef68,1,0.002325581395348837,11.0,0.0,0.0,0.0,635.8260869565217,3802.9532977107037,1,0,1.1146639976786177,false
scrplugin/src/main/java/org/apache/felix/scrplugin/tags/qdox/QDoxJavaClassDescription.java,241.0,11.0,0.0,16.0,57.0,61.0,5.0,cziegeler@13f79535-47bb-0310-9956-ffa450edef68,2,0.004651162790697674,30.0,4.0,13.0,4.0,919.7533596837945,7909.619964377371,2,4,1.0002304837856513,false
scrplugin/src/main/java/org/apache/felix/scrplugin/tags/qdox/QDoxJavaField.java,39.0,4.0,0.0,5.0,5.0,10.0,7.0,cziegeler@13f79535-47bb-0310-9956-ffa450edef68,1,0.002325581395348837,67.0,33.0,33.0,17.0,635.8260869565217,3802.9532977107037,1,0,1.1146639976786177,false
scrplugin/src/main/java/org/apache/felix/scrplugin/tags/qdox/QDoxJavaMethod.java,47.0,2.0,0.0,6.0,5.0,13.0,10.0,fmeschbe@13f79535-47bb-0310-9956-ffa450edef68,1,0.002325581395348837,33.0,0.0,0.0,0.0,635.8260869565217,3802.9532977107037,1,0,1.1146639976786177,false
scrplugin/src/main/java/org/apache/felix/scrplugin/tags/qdox/QDoxJavaParameter.java,15.0,1.0,0.0,2.0,2.0,3.0,10.0,fmeschbe@13f79535-47bb-0310-9956-ffa450edef68,1,0.002325581395348837,33.0,0.0,0.0,0.0,635.8260869565217,3802.9532977107037,1,0,1.1146639976786177,false
scrplugin/src/main/java/org/apache/felix/scrplugin/tags/qdox/QDoxJavaTag.java,58.0,5.0,2.0,9.0,8.0,16.0,10.0,fmeschbe@13f79535-47bb-0310-9956-ffa450edef68,1,0.002325581395348837,17.0,0.0,0.0,0.0,635.8260869565217,3802.9532977107037,1,0,1.1146639976786177,false
scrplugin/src/main/java/org/apache/felix/scrplugin/xml/ComponentDescriptorIO.java,324.0,18.0,0.0,9.0,64.0,36.0,10.0,cziegeler@13f79535-47bb-0310-9956-ffa450edef68,1,0.002325581395348837,4.0,0.0,0.0,0.0,635.8260869565217,3802.9532977107037,1,2,1.1146639976786177,false
upnp/basedriver/src/main/java/org/apache/felix/upnp/basedriver/Activator.java,130.0,21.0,0.0,8.0,41.0,25.0,18.0,lenzi@13f79535-47bb-0310-9956-ffa450edef68,2,0.004651162790697674,92.0,46.0,31.0,38.0,1682.3,9417.983423032412,2,1,2.7559172368942537,false
upnp/basedriver/src/main/java/org/apache/felix/upnp/basedriver/controller/DevicesInfo.java,22.0,0.0,3.0,3.0,0.0,9.0,27.0,furfari@13f79535-47bb-0310-9956-ffa450edef68,1,0.002325581395348837,50.0,50.0,0.0,0.0,1418.5,8946.040188595765,1,0,3.351497713109883,false
upnp/basedriver/src/main/java/org/apache/felix/upnp/basedriver/controller/DriverController.java,33.0,1.0,10.0,5.0,0.0,11.0,27.0,furfari@13f79535-47bb-0310-9956-ffa450edef68,1,0.002325581395348837,50.0,50.0,0.0,0.0,1418.5,8946.040188595765,1,0,3.351497713109883,false
upnp/basedriver/src/main/java/org/apache/felix/upnp/basedriver/controller/impl/DriverControllerImpl.java,96.0,7.0,0.0,10.0,28.0,29.0,28.0,lenzi@13f79535-47bb-0310-9956-ffa450edef68,1,0.002325581395348837,60.0,60.0,0.0,20.0,1418.5,8946.040188595765,1,1,3.351497713109883,false
upnp/basedriver/src/main/java/org/apache/felix/upnp/basedriver/export/BuildDevice.java,191.0,19.0,15.0,6.0,91.0,24.0,22.0,lenzi@13f79535-47bb-0310-9956-ffa450edef68,2,0.004651162790697674,57.0,43.0,29.0,29.0,1682.3,9417.983423032412,2,1,2.7586858802810132,false
upnp/basedriver/src/main/java/org/apache/felix/upnp/basedriver/export/ExporterUPnPEventListener.java,41.0,9.0,0.0,2.0,16.0,6.0,13.0,lenzi@13f79535-47bb-0310-9956-ffa450edef68,2,0.004651162790697674,60.0,20.0,40.0,0.0,1682.3,9417.983423032412,2,1,2.848764008456504,false
upnp/basedriver/src/main/java/org/apache/felix/upnp/basedriver/export/GeneralActionListener.java,95.0,18.0,0.0,4.0,27.0,12.0,40.0,lenzi@13f79535-47bb-0310-9956-ffa450edef68,1,0.002325581395348837,50.0,50.0,0.0,25.0,1418.5,8946.040188595765,1,2,3.351497713109883,false
upnp/basedriver/src/main/java/org/apache/felix/upnp/basedriver/export/ThreadExporter.java,254.0,20.0,48.0,13.0,77.0,44.0,3.0,lenzi@13f79535-47bb-0310-9956-ffa450edef68,1,0.002325581395348837,33.0,33.0,33.0,33.0,263.8,471.9432344366476,1,1,3.552168408572034,false
upnp/basedriver/src/main/java/org/apache/felix/upnp/basedriver/importer/core/MyCtrlPoint.java,581.0,43.0,61.0,18.0,198.0,76.0,16.0,lenzi@13f79535-47bb-0310-9956-ffa450edef68,2,0.004651162790697674,50.0,33.0,33.0,0.0,1682.3,9417.983423032412,2,1,2.848764008456504,false
upnp/basedriver/src/main/java/org/apache/felix/upnp/basedriver/importer/core/upnp/UPnPActionImpl.java,78.0,10.0,0.0,7.0,30.0,22.0,40.0,lenzi@13f79535-47bb-0310-9956-ffa450edef68,1,0.002325581395348837,50.0,50.0,0.0,25.0,1418.5,8946.040188595765,1,1,3.351497713109883,false
upnp/basedriver/src/main/java/org/apache/felix/upnp/basedriver/importer/core/upnp/UPnPDeviceImpl.java,71.0,10.0,0.0,7.0,12.0,18.0,54.0,lenzi@13f79535-47bb-0310-9956-ffa450edef68,1,0.002325581395348837,33.0,33.0,0.0,33.0,1418.5,8946.040188595765,1,1,3.351497713109883,false
upnp/basedriver/src/main/java/org/apache/felix/upnp/basedriver/importer/core/upnp/UPnPIconImpl.java,41.0,7.0,0.0,7.0,14.0,17.0,12.0,lenzi@13f79535-47bb-0310-9956-ffa450edef68,1,0.002325581395348837,33.0,33.0,33.0,0.0,263.8,471.9432344366476,1,1,3.552168408572034,false
upnp/basedriver/src/main/java/org/apache/felix/upnp/basedriver/importer/core/upnp/UPnPServiceImpl.java,70.0,10.0,4.0,9.0,22.0,22.0,12.0,lenzi@13f79535-47bb-0310-9956-ffa450edef68,1,0.002325581395348837,33.0,33.0,33.0,0.0,263.8,471.9432344366476,1,1,3.552168408572034,false
upnp/basedriver/src/main/java/org/apache/felix/upnp/basedriver/importer/core/upnp/UPnPStateVariableImpl.java,177.0,8.0,0.0,13.0,31.0,37.0,15.0,lenzi@13f79535-47bb-0310-9956-ffa450edef68,2,0.004651162790697674,50.0,50.0,25.0,25.0,1682.3,9417.983423032412,2,1,2.7586858802810132,false
upnp/basedriver/src/main/java/org/apache/felix/upnp/basedriver/importer/util/DeviceSetup.java,57.0,16.0,0.0,1.0,29.0,4.0,27.0,lenzi@13f79535-47bb-0310-9956-ffa450edef68,1,0.002325581395348837,33.0,33.0,0.0,0.0,1418.5,8946.040188595765,1,1,3.351497713109883,false
upnp/basedriver/src/main/java/org/apache/felix/upnp/basedriver/importer/util/HTTPRequestForIcon.java,47.0,6.0,0.0,2.0,10.0,6.0,33.0,lenzi@13f79535-47bb-0310-9956-ffa450edef68,2,0.004651162790697674,50.0,50.0,25.0,25.0,1682.3,9417.983423032412,2,1,2.7586858802810132,false
upnp/basedriver/src/main/java/org/apache/felix/upnp/basedriver/importer/util/ParseLocation.java,10.0,0.0,0.0,1.0,1.0,2.0,12.0,lenzi@13f79535-47bb-0310-9956-ffa450edef68,1,0.002325581395348837,33.0,33.0,33.0,0.0,263.8,471.9432344366476,1,1,3.552168408572034,false
upnp/basedriver/src/main/java/org/apache/felix/upnp/basedriver/importer/util/ParseUSN.java,38.0,0.0,2.0,5.0,2.0,11.0,12.0,lenzi@13f79535-47bb-0310-9956-ffa450edef68,1,0.002325581395348837,33.0,33.0,33.0,0.0,263.8,471.9432344366476,1,1,3.552168408572034,false
upnp/basedriver/src/main/java/org/apache/felix/upnp/basedriver/importer/util/StringSplitter.java,17.0,1.0,0.0,1.0,5.0,4.0,12.0,lenzi@13f79535-47bb-0310-9956-ffa450edef68,1,0.002325581395348837,100.0,100.0,100.0,0.0,263.8,471.9432344366476,1,0,3.552168408572034,false
upnp/basedriver/src/main/java/org/apache/felix/upnp/basedriver/util/Constants.java,42.0,0.0,0.0,0.0,0.0,0.0,23.0,lenzi@13f79535-47bb-0310-9956-ffa450edef68,2,0.004651162790697674,100.0,75.0,25.0,25.0,1682.3,9417.983423032412,2,0,2.7586858802810132,false
upnp/basedriver/src/main/java/org/apache/felix/upnp/basedriver/util/Converter.java,195.0,9.0,6.0,4.0,29.0,22.0,24.0,lenzi@13f79535-47bb-0310-9956-ffa450edef68,1,0.002325581395348837,67.0,67.0,0.0,33.0,1418.5,8946.040188595765,1,0,3.351497713109883,false
upnp/basedriver/src/main/java/org/apache/xerces/impl/dv/util/Base64.java,207.0,0.0,17.0,7.0,10.0,24.0,27.0,lenzi@13f79535-47bb-0310-9956-ffa450edef68,1,0.002325581395348837,50.0,50.0,0.0,0.0,1418.5,8946.040188595765,1,0,3.351497713109883,false
upnp/basedriver/src/main/java/org/apache/xerces/impl/dv/util/HexBin.java,76.0,0.0,1.0,2.0,2.0,8.0,27.0,lenzi@13f79535-47bb-0310-9956-ffa450edef68,1,0.002325581395348837,50.0,50.0,0.0,0.0,1418.5,8946.040188595765,1,0,3.351497713109883,false
upnp/extra/src/main/java/org/apache/felix/upnp/extra/util/EventSource.java,6.0,1.0,6.0,4.0,0.0,4.0,48.0,lenzi@13f79535-47bb-0310-9956-ffa450edef68,1,0.002325581395348837,67.0,33.0,0.0,67.0,1418.5,8946.040188595765,1,0,3.351497713109883,false
upnp/extra/src/main/java/org/apache/felix/upnp/extra/util/UPnPEventNotifier.java,185.0,17.0,15.0,11.0,49.0,30.0,38.0,lenzi@13f79535-47bb-0310-9956-ffa450edef68,2,0.004651162790697674,75.0,25.0,50.0,25.0,1682.3,9417.983423032412,2,0,2.848764008456504,false
upnp/extra/src/main/java/org/apache/felix/upnp/extra/util/UPnPSubscriber.java,85.0,11.0,43.0,11.0,20.0,21.0,44.0,lenzi@13f79535-47bb-0310-9956-ffa450edef68,1,0.002325581395348837,67.0,33.0,0.0,67.0,1418.5,8946.040188595765,1,0,3.351497713109883,false
upnp/samples/binarylight/src/main/java/org/apache/felix/upnp/sample/binaryLight/Activator.java,45.0,9.0,0.0,4.0,14.0,8.0,18.0,lenzi@13f79535-47bb-0310-9956-ffa450edef68,1,0.002325581395348837,33.0,0.0,0.0,33.0,1418.5,8946.040188595765,1,1,3.351497713109883,false
upnp/samples/binarylight/src/main/java/org/apache/felix/upnp/sample/binaryLight/LightModel.java,68.0,3.0,1.0,11.0,9.0,19.0,39.0,lenzi@13f79535-47bb-0310-9956-ffa450edef68,1,0.002325581395348837,50.0,25.0,0.0,50.0,1418.5,8946.040188595765,1,1,3.351497713109883,false
upnp/samples/binarylight/src/main/java/org/apache/felix/upnp/sample/binaryLight/LightUI.java,124.0,18.0,0.0,9.0,65.0,31.0,24.0,lenzi@13f79535-47bb-0310-9956-ffa450edef68,1,0.002325581395348837,33.0,0.0,0.0,33.0,1418.5,8946.040188595765,1,1,3.351497713109883,false
upnp/samples/binarylight/src/main/java/org/apache/felix/upnp/sample/binaryLight/actions/GetStatusAction.java,32.0,5.0,17.0,7.0,2.0,14.0,24.0,lenzi@13f79535-47bb-0310-9956-ffa450edef68,1,0.002325581395348837,50.0,0.0,0.0,50.0,1418.5,8946.040188595765,1,0,3.351497713109883,false
upnp/samples/binarylight/src/main/java/org/apache/felix/upnp/sample/binaryLight/actions/GetTargetAction.java,32.0,5.0,17.0,7.0,2.0,14.0,24.0,lenzi@13f79535-47bb-0310-9956-ffa450edef68,1,0.002325581395348837,50.0,0.0,0.0,50.0,1418.5,8946.040188595765,1,0,3.351497713109883,false
upnp/samples/binarylight/src/main/java/org/apache/felix/upnp/sample/binaryLight/actions/SetTargetAction.java,31.0,4.0,17.0,7.0,3.0,14.0,24.0,lenzi@13f79535-47bb-0310-9956-ffa450edef68,1,0.002325581395348837,50.0,0.0,0.0,50.0,1418.5,8946.040188595765,1,0,3.351497713109883,false
upnp/samples/binarylight/src/main/java/org/apache/felix/upnp/sample/binaryLight/devices/LightDevice.java,73.0,13.0,14.0,9.0,11.0,19.0,34.0,lenzi@13f79535-47bb-0310-9956-ffa450edef68,1,0.002325581395348837,20.0,0.0,0.0,20.0,1418.5,8946.040188595765,1,0,3.351497713109883,false
upnp/samples/binarylight/src/main/java/org/apache/felix/upnp/sample/binaryLight/icons/LightIcon.java,20.0,3.0,15.0,6.0,1.0,15.0,24.0,lenzi@13f79535-47bb-0310-9956-ffa450edef68,1,0.002325581395348837,50.0,0.0,0.0,50.0,1418.5,8946.040188595765,1,0,3.351497713109883,false
upnp/samples/binarylight/src/main/java/org/apache/felix/upnp/sample/binaryLight/services/PowerSwitchService.java,44.0,10.0,18.0,8.0,6.0,17.0,34.0,lenzi@13f79535-47bb-0310-9956-ffa450edef68,1,0.002325581395348837,33.0,0.0,0.0,33.0,1418.5,8946.040188595765,1,0,3.351497713109883,false
upnp/samples/binarylight/src/main/java/org/apache/felix/upnp/sample/binaryLight/statevariables/StatusStateVariable.java,38.0,2.0,53.0,11.0,1.0,21.0,27.0,lenzi@13f79535-47bb-0310-9956-ffa450edef68,2,0.004651162790697674,67.0,0.0,33.0,33.0,1682.3,9417.983423032412,2,0,2.7586858802810132,false
upnp/samples/binarylight/src/main/java/org/apache/felix/upnp/sample/binaryLight/statevariables/TargetStateVariable.java,33.0,1.0,45.0,10.0,0.0,19.0,34.0,lenzi@13f79535-47bb-0310-9956-ffa450edef68,1,0.002325581395348837,50.0,0.0,0.0,50.0,1418.5,8946.040188595765,1,0,3.351497713109883,false
upnp/samples/clock/src/main/java/org/apache/felix/upnp/sample/clock/Clock.java,49.0,1.0,46.0,12.0,21.0,28.0,54.0,lenzi@13f79535-47bb-0310-9956-ffa450edef68,1,0.002325581395348837,33.0,33.0,0.0,33.0,1418.5,8946.040188595765,1,1,3.351497713109883,false
upnp/samples/clock/src/main/java/org/apache/felix/upnp/sample/clock/ClockDevice.java,68.0,10.0,25.0,10.0,11.0,19.0,29.0,lenzi@13f79535-47bb-0310-9956-ffa450edef68,2,0.004651162790697674,33.0,11.0,11.0,22.0,1682.3,9417.983423032412,2,1,2.781873776635787,false
upnp/samples/clock/src/main/java/org/apache/felix/upnp/sample/clock/ClockFrame.java,67.0,8.0,3.0,7.0,26.0,14.0,40.0,lenzi@13f79535-47bb-0310-9956-ffa450edef68,1,0.002325581395348837,50.0,50.0,0.0,25.0,1418.5,8946.040188595765,1,1,3.351497713109883,false
upnp/samples/clock/src/main/java/org/apache/felix/upnp/sample/clock/ClockIcon.java,20.0,3.0,15.0,6.0,1.0,15.0,54.0,lenzi@13f79535-47bb-0310-9956-ffa450edef68,1,0.002325581395348837,33.0,33.0,0.0,33.0,1418.5,8946.040188595765,1,1,3.351497713109883,false
upnp/samples/clock/src/main/java/org/apache/felix/upnp/sample/clock/ResultStateVariable.java,34.0,1.0,45.0,10.0,0.0,19.0,54.0,lenzi@13f79535-47bb-0310-9956-ffa450edef68,1,0.002325581395348837,33.0,33.0,0.0,33.0,1418.5,8946.040188595765,1,1,3.351497713109883,false
upnp/samples/clock/src/main/java/org/apache/felix/upnp/sample/clock/SetTimeAction.java,38.0,4.0,15.0,7.0,9.0,17.0,9.0,lenzi@13f79535-47bb-0310-9956-ffa450edef68,1,0.002325581395348837,33.0,0.0,33.0,0.0,263.8,471.9432344366476,1,1,3.552168408572034,false
upnp/samples/clock/src/main/java/org/apache/felix/upnp/sample/clock/TimeStateVariable.java,44.0,2.0,66.0,13.0,6.0,24.0,31.0,lenzi@13f79535-47bb-0310-9956-ffa450edef68,2,0.004651162790697674,40.0,20.0,20.0,20.0,1682.3,9417.983423032412,2,1,2.7586858802810132,false
upnp/samples/tv/src/main/java/org/apache/felix/upnp/sample/tv/GetPowerAction.java,30.0,4.0,15.0,7.0,2.0,14.0,54.0,lenzi@13f79535-47bb-0310-9956-ffa450edef68,1,0.002325581395348837,33.0,33.0,0.0,33.0,1418.5,8946.040188595765,1,1,3.351497713109883,false
upnp/samples/tv/src/main/java/org/apache/felix/upnp/sample/tv/PowerService.java,41.0,4.0,18.0,8.0,6.0,17.0,54.0,lenzi@13f79535-47bb-0310-9956-ffa450edef68,1,0.002325581395348837,33.0,33.0,0.0,33.0,1418.5,8946.040188595765,1,1,3.351497713109883,false
upnp/samples/tv/src/main/java/org/apache/felix/upnp/sample/tv/PowerStateVariable.java,51.0,3.0,83.0,14.0,2.0,27.0,54.0,lenzi@13f79535-47bb-0310-9956-ffa450edef68,1,0.002325581395348837,33.0,33.0,0.0,33.0,1418.5,8946.040188595765,1,1,3.351497713109883,false
upnp/samples/tv/src/main/java/org/apache/felix/upnp/sample/tv/ResultStateVariable.java,33.0,1.0,45.0,10.0,0.0,19.0,54.0,lenzi@13f79535-47bb-0310-9956-ffa450edef68,1,0.002325581395348837,33.0,33.0,0.0,33.0,1418.5,8946.040188595765,1,1,3.351497713109883,false
upnp/samples/tv/src/main/java/org/apache/felix/upnp/sample/tv/SetPowerAction.java,37.0,4.0,15.0,7.0,4.0,16.0,54.0,lenzi@13f79535-47bb-0310-9956-ffa450edef68,1,0.002325581395348837,33.0,33.0,0.0,33.0,1418.5,8946.040188595765,1,1,3.351497713109883,false
upnp/samples/tv/src/main/java/org/apache/felix/upnp/sample/tv/TvDevice.java,162.0,16.0,161.0,22.0,35.0,42.0,21.0,furfari@13f79535-47bb-0310-9956-ffa450edef68,1,0.002325581395348837,40.0,20.0,10.0,30.0,1418.5,8946.040188595765,1,1,3.351497713109883,false
upnp/samples/tv/src/main/java/org/apache/felix/upnp/sample/tv/TvFrame.java,64.0,7.0,0.0,7.0,26.0,14.0,40.0,lenzi@13f79535-47bb-0310-9956-ffa450edef68,1,0.002325581395348837,50.0,50.0,0.0,25.0,1418.5,8946.040188595765,1,1,3.351497713109883,false
upnp/samples/tv/src/main/java/org/apache/felix/upnp/sample/tv/TvIcon.java,20.0,3.0,15.0,6.0,1.0,15.0,54.0,lenzi@13f79535-47bb-0310-9956-ffa450edef68,1,0.002325581395348837,33.0,33.0,0.0,33.0,1418.5,8946.040188595765,1,1,3.351497713109883,false
upnp/samples/tv/src/main/java/org/apache/felix/upnp/sample/tv/TvPane.java,102.0,9.0,44.0,12.0,35.0,21.0,54.0,lenzi@13f79535-47bb-0310-9956-ffa450edef68,1,0.002325581395348837,33.0,33.0,0.0,33.0,1418.5,8946.040188595765,1,1,3.351497713109883,false
upnp/tester/src/main/java/org/apache/felix/upnp/tester/ControlPoint.java,246.0,29.0,91.0,15.0,82.0,40.0,54.0,lenzi@13f79535-47bb-0310-9956-ffa450edef68,1,0.002325581395348837,33.0,33.0,0.0,33.0,1418.5,8946.040188595765,1,1,3.351497713109883,false
upnp/tester/src/main/java/org/apache/felix/upnp/tester/Mediator.java,51.0,6.0,77.0,14.0,0.0,21.0,54.0,lenzi@13f79535-47bb-0310-9956-ffa450edef68,1,0.002325581395348837,33.0,33.0,0.0,33.0,1418.5,8946.040188595765,1,1,3.351497713109883,false
upnp/tester/src/main/java/org/apache/felix/upnp/tester/UPnPSubscriber.java,44.0,9.0,0.0,3.0,6.0,5.0,44.0,lenzi@13f79535-47bb-0310-9956-ffa450edef68,1,0.002325581395348837,33.0,33.0,0.0,33.0,1418.5,8946.040188595765,1,1,3.351497713109883,false
upnp/tester/src/main/java/org/apache/felix/upnp/tester/discovery/DeviceNode.java,133.0,7.0,34.0,16.0,34.0,52.0,54.0,lenzi@13f79535-47bb-0310-9956-ffa450edef68,1,0.002325581395348837,33.0,33.0,0.0,33.0,1418.5,8946.040188595765,1,1,3.351497713109883,false
upnp/tester/src/main/java/org/apache/felix/upnp/tester/discovery/DevicesList.java,24.0,2.0,0.0,6.0,5.0,12.0,54.0,lenzi@13f79535-47bb-0310-9956-ffa450edef68,1,0.002325581395348837,50.0,50.0,0.0,50.0,1418.5,8946.040188595765,1,1,3.351497713109883,false
upnp/tester/src/main/java/org/apache/felix/upnp/tester/discovery/DriverProxy.java,80.0,8.0,0.0,12.0,28.0,31.0,40.0,lenzi@13f79535-47bb-0310-9956-ffa450edef68,1,0.002325581395348837,50.0,50.0,0.0,25.0,1418.5,8946.040188595765,1,1,3.351497713109883,false
upnp/tester/src/main/java/org/apache/felix/upnp/tester/discovery/RootDeviceListener.java,188.0,11.0,60.0,13.0,52.0,38.0,54.0,lenzi@13f79535-47bb-0310-9956-ffa450edef68,1,0.002325581395348837,50.0,50.0,0.0,50.0,1418.5,8946.040188595765,1,1,3.351497713109883,false
upnp/tester/src/main/java/org/apache/felix/upnp/tester/gui/ActionPanel.java,84.0,29.0,0.0,6.0,50.0,15.0,40.0,lenzi@13f79535-47bb-0310-9956-ffa450edef68,1,0.002325581395348837,50.0,50.0,0.0,25.0,1418.5,8946.040188595765,1,1,3.351497713109883,false
upnp/tester/src/main/java/org/apache/felix/upnp/tester/gui/PropertiesViewer.java,90.0,19.0,21.0,10.0,41.0,19.0,54.0,lenzi@13f79535-47bb-0310-9956-ffa450edef68,1,0.002325581395348837,33.0,33.0,0.0,33.0,1418.5,8946.040188595765,1,1,3.351497713109883,false
upnp/tester/src/main/java/org/apache/felix/upnp/tester/gui/SubscriptionPanel.java,93.0,15.0,76.0,13.0,50.0,28.0,54.0,lenzi@13f79535-47bb-0310-9956-ffa450edef68,1,0.002325581395348837,33.0,33.0,0.0,33.0,1418.5,8946.040188595765,1,1,3.351497713109883,false
upnp/tester/src/main/java/org/apache/felix/upnp/tester/gui/TreeViewer.java,166.0,29.0,56.0,13.0,88.0,26.0,54.0,lenzi@13f79535-47bb-0310-9956-ffa450edef68,1,0.002325581395348837,33.0,33.0,0.0,33.0,1418.5,8946.040188595765,1,1,3.351497713109883,false
upnp/tester/src/main/java/org/apache/felix/upnp/tester/gui/UPnPDeviceTreeNode.java,72.0,19.0,0.0,6.0,20.0,17.0,54.0,lenzi@13f79535-47bb-0310-9956-ffa450edef68,1,0.002325581395348837,33.0,33.0,0.0,33.0,1418.5,8946.040188595765,1,1,3.351497713109883,false
upnp/tester/src/main/java/org/apache/felix/upnp/tester/test.java,34.0,6.0,3.0,3.0,11.0,8.0,54.0,lenzi@13f79535-47bb-0310-9956-ffa450edef68,1,0.002325581395348837,33.0,33.0,0.0,33.0,1418.5,8946.040188595765,1,1,3.351497713109883,false
