name,LOC,CBO,LCOM,NOM,RFC,WMC,ACS,Ownership,numOfChanges,numberOfFIChanges,ENH,NF,BugFixing,REF,structuralWorkloadSum,semanticWorkloadSum,numberOfDeveloper,pastFaults,MAF,isBuggy
bundleplugin/src/main/java/org/apache/felix/bundleplugin/AntPlugin.java,34.0,12.0,0.0,1.0,21.0,5.0,3.0,cziegeler@13f79535-47bb-0310-9956-ffa450edef68,1,0.0012077294685990338,14.0,14.0,0.0,0.0,408.135593220339,10015.828377261021,1,0,1.252762968495368,false
bundleplugin/src/main/java/org/apache/felix/bundleplugin/BundleAllPlugin.java,335.0,34.0,151.0,18.0,125.0,74.0,1.0,mcculls@13f79535-47bb-0310-9956-ffa450edef68,1,0.0012077294685990338,10.0,0.0,0.0,0.0,408.135593220339,10015.828377261021,1,2,1.252762968495368,false
bundleplugin/src/main/java/org/apache/felix/bundleplugin/BundleInfo.java,58.0,7.0,4.0,4.0,26.0,11.0,36.0,cziegeler@13f79535-47bb-0310-9956-ffa450edef68,0,0.0,0.0,0.0,0.0,0.0,0.0,0.0,0,0,0.0,false
bundleplugin/src/main/java/org/apache/felix/bundleplugin/BundlePlugin.java,557.0,43.0,380.0,29.0,247.0,103.0,2.0,mcculls@13f79535-47bb-0310-9956-ffa450edef68,1,0.0012077294685990338,5.0,1.0,1.0,1.0,408.135593220339,10015.828377261021,1,11,1.252762968495368,true
bundleplugin/src/main/java/org/apache/felix/bundleplugin/DependencyEmbedder.java,258.0,12.0,100.0,16.0,69.0,56.0,2.0,mcculls@13f79535-47bb-0310-9956-ffa450edef68,1,0.0012077294685990338,7.0,0.0,3.0,0.0,408.135593220339,10015.828377261021,1,1,1.252762968495368,false
bundleplugin/src/main/java/org/apache/felix/bundleplugin/JarPluginConfiguration.java,28.0,10.0,3.0,3.0,6.0,8.0,0.0,mcculls@13f79535-47bb-0310-9956-ffa450edef68,0,0.0,0.0,0.0,0.0,0.0,0.0,0.0,0,0,0.0,false
bundleplugin/src/main/java/org/apache/felix/bundleplugin/ManifestPlugin.java,86.0,12.0,15.0,6.0,37.0,26.0,0.0,mcculls@13f79535-47bb-0310-9956-ffa450edef68,0,0.0,0.0,0.0,0.0,0.0,0.0,0.0,0,3,0.0,true
bundleplugin/src/main/java/org/apache/felix/bundleplugin/PackageVersionAnalyzer.java,25.0,5.0,0.0,1.0,12.0,5.0,0.0,mcculls@13f79535-47bb-0310-9956-ffa450edef68,0,0.0,0.0,0.0,0.0,0.0,0.0,0.0,0,0,0.0,false
bundleplugin/src/main/java/org/apache/felix/bundleplugin/WrapPlugin.java,12.0,1.0,0.0,1.0,3.0,2.0,0.0,mcculls@13f79535-47bb-0310-9956-ffa450edef68,0,0.0,0.0,0.0,0.0,0.0,0.0,0.0,0,0,0.0,false
bundleplugin/src/main/java/org/apache/felix/obrplugin/AbstractFileMojo.java,74.0,6.0,0.0,1.0,9.0,7.0,36.0,cziegeler@13f79535-47bb-0310-9956-ffa450edef68,1,0.0012077294685990338,50.0,0.0,0.0,0.0,408.135593220339,10015.828377261021,1,0,1.252762968495368,false
bundleplugin/src/main/java/org/apache/felix/obrplugin/Capability.java,62.0,5.0,7.0,6.0,9.0,10.0,36.0,gnodet@13f79535-47bb-0310-9956-ffa450edef68,1,0.0012077294685990338,50.0,0.0,0.0,0.0,408.135593220339,10015.828377261021,1,0,1.252762968495368,false
bundleplugin/src/main/java/org/apache/felix/obrplugin/Category.java,34.0,3.0,1.0,3.0,3.0,6.0,36.0,gnodet@13f79535-47bb-0310-9956-ffa450edef68,1,0.0012077294685990338,50.0,0.0,0.0,0.0,408.135593220339,10015.828377261021,1,0,1.252762968495368,false
bundleplugin/src/main/java/org/apache/felix/obrplugin/Config.java,53.0,1.0,3.0,7.0,0.0,14.0,36.0,mcculls@13f79535-47bb-0310-9956-ffa450edef68,1,0.0012077294685990338,100.0,0.0,0.0,0.0,408.135593220339,10015.828377261021,1,0,1.252762968495368,false
bundleplugin/src/main/java/org/apache/felix/obrplugin/ExtractBindexInfo.java,189.0,15.0,0.0,12.0,53.0,47.0,36.0,gnodet@13f79535-47bb-0310-9956-ffa450edef68,1,0.0012077294685990338,33.0,0.0,0.0,0.0,408.135593220339,10015.828377261021,1,0,1.252762968495368,false
bundleplugin/src/main/java/org/apache/felix/obrplugin/ObrCleanRepo.java,175.0,28.0,8.0,5.0,54.0,24.0,23.0,cziegeler@13f79535-47bb-0310-9956-ffa450edef68,1,0.0012077294685990338,29.0,14.0,0.0,0.0,408.135593220339,10015.828377261021,1,0,1.252762968495368,false
bundleplugin/src/main/java/org/apache/felix/obrplugin/ObrDeploy.java,174.0,15.0,1.0,3.0,49.0,18.0,10.0,mcculls@13f79535-47bb-0310-9956-ffa450edef68,1,0.0012077294685990338,44.0,12.0,0.0,4.0,408.135593220339,10015.828377261021,1,0,1.252762968495368,false
bundleplugin/src/main/java/org/apache/felix/obrplugin/ObrDeployFile.java,130.0,10.0,0.0,1.0,33.0,7.0,15.0,mcculls@13f79535-47bb-0310-9956-ffa450edef68,1,0.0012077294685990338,40.0,7.0,0.0,7.0,408.135593220339,10015.828377261021,1,0,1.252762968495368,false
bundleplugin/src/main/java/org/apache/felix/obrplugin/ObrInstall.java,99.0,10.0,0.0,2.0,26.0,11.0,12.0,mcculls@13f79535-47bb-0310-9956-ffa450edef68,1,0.0012077294685990338,53.0,16.0,0.0,0.0,408.135593220339,10015.828377261021,1,0,1.252762968495368,false
bundleplugin/src/main/java/org/apache/felix/obrplugin/ObrInstallFile.java,55.0,7.0,0.0,1.0,16.0,5.0,17.0,mcculls@13f79535-47bb-0310-9956-ffa450edef68,1,0.0012077294685990338,62.0,12.0,0.0,0.0,408.135593220339,10015.828377261021,1,0,1.252762968495368,false
bundleplugin/src/main/java/org/apache/felix/obrplugin/ObrUpdate.java,389.0,27.0,0.0,12.0,120.0,53.0,17.0,mcculls@13f79535-47bb-0310-9956-ffa450edef68,1,0.0012077294685990338,38.0,8.0,0.0,0.0,408.135593220339,10015.828377261021,1,0,1.252762968495368,false
bundleplugin/src/main/java/org/apache/felix/obrplugin/ObrUtils.java,95.0,8.0,8.0,5.0,26.0,21.0,24.0,mcculls@13f79535-47bb-0310-9956-ffa450edef68,1,0.0012077294685990338,60.0,20.0,0.0,0.0,408.135593220339,10015.828377261021,1,0,1.252762968495368,false
bundleplugin/src/main/java/org/apache/felix/obrplugin/PElement.java,76.0,3.0,15.0,7.0,5.0,13.0,36.0,gnodet@13f79535-47bb-0310-9956-ffa450edef68,1,0.0012077294685990338,50.0,0.0,0.0,0.0,408.135593220339,10015.828377261021,1,0,1.252762968495368,false
bundleplugin/src/main/java/org/apache/felix/obrplugin/PomHelper.java,35.0,11.0,1.0,2.0,8.0,8.0,36.0,mcculls@13f79535-47bb-0310-9956-ffa450edef68,1,0.0012077294685990338,100.0,0.0,0.0,0.0,408.135593220339,10015.828377261021,1,0,1.252762968495368,false
bundleplugin/src/main/java/org/apache/felix/obrplugin/RemoteFileManager.java,236.0,20.0,7.0,10.0,51.0,43.0,36.0,gnodet@13f79535-47bb-0310-9956-ffa450edef68,1,0.0012077294685990338,33.0,0.0,0.0,0.0,408.135593220339,10015.828377261021,1,0,1.252762968495368,false
bundleplugin/src/main/java/org/apache/felix/obrplugin/Require.java,129.0,3.0,66.0,13.0,9.0,27.0,36.0,gnodet@13f79535-47bb-0310-9956-ffa450edef68,1,0.0012077294685990338,50.0,0.0,0.0,0.0,408.135593220339,10015.828377261021,1,0,1.252762968495368,false
bundleplugin/src/main/java/org/apache/felix/obrplugin/ResourcesBundle.java,447.0,8.0,734.0,40.0,95.0,84.0,20.0,mcculls@13f79535-47bb-0310-9956-ffa450edef68,1,0.0012077294685990338,67.0,17.0,0.0,0.0,408.135593220339,10015.828377261021,1,0,1.252762968495368,false
bundleplugin/src/main/java/org/apache/felix/obrplugin/XmlHelper.java,64.0,2.0,3.0,3.0,17.0,13.0,36.0,mcculls@13f79535-47bb-0310-9956-ffa450edef68,1,0.0012077294685990338,100.0,0.0,0.0,0.0,408.135593220339,10015.828377261021,1,0,1.252762968495368,false
bundleplugin/src/main/java/org/osgi/impl/bundle/obr/resource/BundleInfo.java,360.0,5.0,33.0,23.0,163.0,83.0,36.0,gnodet@13f79535-47bb-0310-9956-ffa450edef68,1,0.0012077294685990338,11.0,0.0,0.0,0.0,408.135593220339,10015.828377261021,1,0,1.252762968495368,false
bundleplugin/src/main/java/org/osgi/impl/bundle/obr/resource/CapabilityImpl.java,64.0,3.0,9.0,7.0,23.0,19.0,36.0,gnodet@13f79535-47bb-0310-9956-ffa450edef68,1,0.0012077294685990338,33.0,0.0,0.0,0.0,408.135593220339,10015.828377261021,1,0,1.252762968495368,false
bundleplugin/src/main/java/org/osgi/impl/bundle/obr/resource/FilterImpl.java,322.0,3.0,22.0,9.0,19.0,30.0,13.0,gnodet@13f79535-47bb-0310-9956-ffa450edef68,1,0.0012077294685990338,33.0,0.0,0.0,0.0,408.135593220339,10015.828377261021,1,0,1.252762968495368,false
bundleplugin/src/main/java/org/osgi/impl/bundle/obr/resource/Manifest.java,286.0,2.0,665.0,38.0,67.0,121.0,36.0,gnodet@13f79535-47bb-0310-9956-ffa450edef68,1,0.0012077294685990338,33.0,0.0,0.0,0.0,408.135593220339,10015.828377261021,1,0,1.252762968495368,false
bundleplugin/src/main/java/org/osgi/impl/bundle/obr/resource/ManifestEntry.java,64.0,1.0,9.0,11.0,5.0,28.0,36.0,gnodet@13f79535-47bb-0310-9956-ffa450edef68,1,0.0012077294685990338,25.0,0.0,0.0,0.0,408.135593220339,10015.828377261021,1,0,1.252762968495368,false
bundleplugin/src/main/java/org/osgi/impl/bundle/obr/resource/Parameter.java,27.0,0.0,0.0,2.0,3.0,7.0,36.0,gnodet@13f79535-47bb-0310-9956-ffa450edef68,1,0.0012077294685990338,33.0,0.0,0.0,0.0,408.135593220339,10015.828377261021,1,0,1.252762968495368,false
bundleplugin/src/main/java/org/osgi/impl/bundle/obr/resource/RepositoryImpl.java,250.0,7.0,37.0,14.0,66.0,47.0,18.0,gnodet@13f79535-47bb-0310-9956-ffa450edef68,1,0.0012077294685990338,33.0,0.0,0.0,0.0,408.135593220339,10015.828377261021,1,0,1.252762968495368,false
bundleplugin/src/main/java/org/osgi/impl/bundle/obr/resource/RequirementImpl.java,108.0,2.0,79.0,19.0,26.0,38.0,36.0,gnodet@13f79535-47bb-0310-9956-ffa450edef68,1,0.0012077294685990338,33.0,0.0,0.0,0.0,408.135593220339,10015.828377261021,1,0,1.252762968495368,false
bundleplugin/src/main/java/org/osgi/impl/bundle/obr/resource/ResourceImpl.java,245.0,6.0,573.0,46.0,78.0,105.0,19.0,gnodet@13f79535-47bb-0310-9956-ffa450edef68,1,0.0012077294685990338,33.0,0.0,0.0,0.0,408.135593220339,10015.828377261021,1,0,1.252762968495368,false
bundleplugin/src/main/java/org/osgi/impl/bundle/obr/resource/StringSet.java,7.0,1.0,0.0,1.0,4.0,2.0,36.0,gnodet@13f79535-47bb-0310-9956-ffa450edef68,1,0.0012077294685990338,33.0,0.0,0.0,0.0,408.135593220339,10015.828377261021,1,0,1.252762968495368,false
bundleplugin/src/main/java/org/osgi/impl/bundle/obr/resource/Tag.java,375.0,3.0,325.0,35.0,101.0,93.0,36.0,gnodet@13f79535-47bb-0310-9956-ffa450edef68,1,0.0012077294685990338,33.0,0.0,0.0,0.0,408.135593220339,10015.828377261021,1,0,1.252762968495368,false
bundleplugin/src/main/java/org/osgi/impl/bundle/obr/resource/VersionRange.java,69.0,2.0,0.0,8.0,14.0,22.0,36.0,gnodet@13f79535-47bb-0310-9956-ffa450edef68,1,0.0012077294685990338,25.0,0.0,0.0,0.0,408.135593220339,10015.828377261021,1,0,1.252762968495368,false
bundleplugin/src/test/java/org/apache/felix/bundleplugin/AbstractBundlePluginTest.java,18.0,3.0,1.0,2.0,5.0,5.0,0.0,rickhall@13f79535-47bb-0310-9956-ffa450edef68,0,0.0,0.0,0.0,0.0,0.0,0.0,0.0,0,0,0.0,false
bundleplugin/src/test/java/org/apache/felix/bundleplugin/BundleAllPluginTest.java,58.0,7.0,0.0,4.0,29.0,9.0,0.0,mcculls@13f79535-47bb-0310-9956-ffa450edef68,0,0.0,0.0,0.0,0.0,0.0,0.0,0.0,0,2,0.0,false
bundleplugin/src/test/java/org/apache/felix/bundleplugin/BundlePluginTest.java,94.0,9.0,8.0,5.0,25.0,11.0,2.0,mcculls@13f79535-47bb-0310-9956-ffa450edef68,1,0.0012077294685990338,3.0,0.0,0.0,0.0,408.135593220339,10015.828377261021,1,1,1.252762968495368,false
bundlerepository/src/main/java/org/apache/felix/bundlerepository/ObrCommandImpl.java,690.0,7.0,158.0,20.0,141.0,96.0,2.0,rickhall@13f79535-47bb-0310-9956-ffa450edef68,1,0.0012077294685990338,12.0,12.0,0.0,0.0,408.135593220339,10015.828377261021,1,0,1.252762968495368,false
bundlerepository/src/main/java/org/apache/felix/bundlerepository/RepositoryAdminImpl.java,107.0,5.0,0.0,8.0,33.0,29.0,0.0,rickhall@13f79535-47bb-0310-9956-ffa450edef68,0,0.0,0.0,0.0,0.0,0.0,0.0,0.0,0,0,0.0,false
bundlerepository/src/main/java/org/apache/felix/bundlerepository/RepositoryImpl.java,128.0,12.0,58.0,13.0,26.0,39.0,18.0,gnodet@13f79535-47bb-0310-9956-ffa450edef68,1,0.0012077294685990338,10.0,0.0,0.0,0.0,780.2068965517242,5938.176470588235,1,0,0.9824726387554563,false
bundlerepository/src/main/java/org/apache/felix/bundlerepository/ResourceImpl.java,144.0,5.0,114.0,21.0,37.0,46.0,19.0,gnodet@13f79535-47bb-0310-9956-ffa450edef68,1,0.0012077294685990338,8.0,8.0,0.0,0.0,408.135593220339,10015.828377261021,1,0,1.252762968495368,true
configadmin/src/main/java/org/apache/felix/cm/impl/ConfigurationAdapter.java,104.0,3.0,0.0,13.0,23.0,25.0,0.0,fmeschbe@13f79535-47bb-0310-9956-ffa450edef68,0,0.0,0.0,0.0,0.0,0.0,0.0,0.0,0,0,0.0,false
configadmin/src/main/java/org/apache/felix/cm/impl/ConfigurationImpl.java,218.0,9.0,34.0,25.0,44.0,60.0,2.0,fmeschbe@13f79535-47bb-0310-9956-ffa450edef68,1,0.0012077294685990338,3.0,0.0,3.0,0.0,280.2,961.5281564354765,1,1,3.115981401705568,false
configadmin/src/main/java/org/apache/felix/cm/impl/ConfigurationManager.java,792.0,9.0,231.0,26.0,126.0,84.0,2.0,fmeschbe@13f79535-47bb-0310-9956-ffa450edef68,1,0.0012077294685990338,2.0,1.0,1.0,0.0,280.2,961.5281564354765,1,4,3.115981401705568,true
configadmin/src/main/java/org/apache/felix/cm/impl/UpdateThread.java,48.0,2.0,0.0,4.0,9.0,10.0,3.0,fmeschbe@13f79535-47bb-0310-9956-ffa450edef68,1,0.0012077294685990338,12.0,12.0,0.0,0.0,280.2,961.5281564354765,1,0,3.115981401705568,false
configadmin/src/test/java/org/apache/felix/cm/file/FilePersistenceManagerConstructorTest.java,106.0,4.0,6.0,5.0,12.0,9.0,0.0,fmeschbe@13f79535-47bb-0310-9956-ffa450edef68,0,0.0,0.0,0.0,0.0,0.0,0.0,0.0,0,0,0.0,false
dependencymanager/src/main/java/org/apache/felix/dependencymanager/ConfigurationDependency.java,85.0,7.0,38.0,12.0,12.0,26.0,0.0,marrs@13f79535-47bb-0310-9956-ffa450edef68,0,0.0,0.0,0.0,0.0,0.0,0.0,0.0,0,4,0.0,false
dependencymanager/src/main/java/org/apache/felix/dependencymanager/Service.java,128.0,3.0,231.0,22.0,0.0,52.0,7.0,marrs@13f79535-47bb-0310-9956-ffa450edef68,0,0.0,0.0,0.0,0.0,0.0,0.0,0.0,0,2,0.0,false
dependencymanager/src/main/java/org/apache/felix/dependencymanager/ServiceDependency.java,340.0,7.0,403.0,34.0,51.0,104.0,1.0,marrs@13f79535-47bb-0310-9956-ffa450edef68,1,0.0012077294685990338,4.0,0.0,0.0,0.0,0.0,0.0,1,4,5.313205979041787,false
dependencymanager/src/main/java/org/apache/felix/dependencymanager/ServiceImpl.java,659.0,13.0,1538.0,61.0,195.0,139.0,0.0,marrs@13f79535-47bb-0310-9956-ffa450edef68,0,0.0,0.0,0.0,0.0,0.0,0.0,0.0,0,3,0.0,false
deploymentadmin/src/main/java/org/apache/felix/deploymentadmin/AbstractDeploymentPackage.java,269.0,14.0,809.0,43.0,35.0,120.0,8.0,christian@13f79535-47bb-0310-9956-ffa450edef68,1,0.0012077294685990338,50.0,0.0,50.0,0.0,41.0,410.8630805795261,1,0,3.926911617921897,false
deploymentadmin/src/main/java/org/apache/felix/deploymentadmin/AbstractInfo.java,100.0,3.0,9.0,6.0,8.0,25.0,0.0,christian@13f79535-47bb-0310-9956-ffa450edef68,0,0.0,0.0,0.0,0.0,0.0,0.0,0.0,0,0,0.0,false
deploymentadmin/src/main/java/org/apache/felix/deploymentadmin/Activator.java,12.0,7.0,1.0,2.0,8.0,4.0,4.0,christian@13f79535-47bb-0310-9956-ffa450edef68,0,0.0,0.0,0.0,0.0,0.0,0.0,0.0,0,0,0.0,false
deploymentadmin/src/main/java/org/apache/felix/deploymentadmin/BundleInfoImpl.java,59.0,4.0,4.0,5.0,7.0,16.0,4.0,christian@13f79535-47bb-0310-9956-ffa450edef68,1,0.0012077294685990338,33.0,0.0,33.0,33.0,41.0,410.8630805795261,1,0,3.926911617921897,false
deploymentadmin/src/main/java/org/apache/felix/deploymentadmin/Constants.java,14.0,0.0,0.0,0.0,0.0,0.0,5.0,christian@13f79535-47bb-0310-9956-ffa450edef68,1,0.0012077294685990338,50.0,0.0,50.0,25.0,41.0,410.8630805795261,1,0,3.926911617921897,false
deploymentadmin/src/main/java/org/apache/felix/deploymentadmin/DeploymentAdminImpl.java,240.0,33.0,57.0,14.0,49.0,41.0,7.0,christian@13f79535-47bb-0310-9956-ffa450edef68,1,0.0012077294685990338,60.0,0.0,60.0,20.0,41.0,410.8630805795261,1,0,3.926911617921897,false
deploymentadmin/src/main/java/org/apache/felix/deploymentadmin/DeploymentPackageManifest.java,112.0,8.0,24.0,9.0,18.0,31.0,11.0,christian@13f79535-47bb-0310-9956-ffa450edef68,1,0.0012077294685990338,33.0,0.0,33.0,0.0,41.0,410.8630805795261,1,0,3.926911617921897,false
deploymentadmin/src/main/java/org/apache/felix/deploymentadmin/ExplodingOutputtingInputStream.java,176.0,22.0,41.0,10.0,48.0,33.0,0.0,christian@13f79535-47bb-0310-9956-ffa450edef68,0,0.0,0.0,0.0,0.0,0.0,0.0,0.0,0,0,0.0,false
deploymentadmin/src/main/java/org/apache/felix/deploymentadmin/FileDeploymentPackage.java,56.0,11.0,13.0,7.0,18.0,24.0,6.0,christian@13f79535-47bb-0310-9956-ffa450edef68,1,0.0012077294685990338,33.0,0.0,33.0,0.0,41.0,410.8630805795261,1,0,3.926911617921897,false
deploymentadmin/src/main/java/org/apache/felix/deploymentadmin/NonCloseableStream.java,54.0,2.0,2.0,13.0,8.0,32.0,6.0,christian@13f79535-47bb-0310-9956-ffa450edef68,1,0.0012077294685990338,50.0,0.0,50.0,0.0,41.0,410.8630805795261,1,0,3.926911617921897,false
deploymentadmin/src/main/java/org/apache/felix/deploymentadmin/OutputtingInputStream.java,50.0,3.0,0.0,5.0,7.0,16.0,0.0,christian@13f79535-47bb-0310-9956-ffa450edef68,0,0.0,0.0,0.0,0.0,0.0,0.0,0.0,0,0,0.0,false
deploymentadmin/src/main/java/org/apache/felix/deploymentadmin/ResourceInfoImpl.java,23.0,2.0,0.0,2.0,1.0,6.0,0.0,christian@13f79535-47bb-0310-9956-ffa450edef68,0,0.0,0.0,0.0,0.0,0.0,0.0,0.0,0,0,0.0,false
deploymentadmin/src/main/java/org/apache/felix/deploymentadmin/Semaphore.java,89.0,0.0,0.0,5.0,8.0,17.0,0.0,christian@13f79535-47bb-0310-9956-ffa450edef68,0,0.0,0.0,0.0,0.0,0.0,0.0,0.0,0,0,0.0,false
deploymentadmin/src/main/java/org/apache/felix/deploymentadmin/StreamDeploymentPackage.java,53.0,9.0,7.0,6.0,14.0,19.0,6.0,christian@13f79535-47bb-0310-9956-ffa450edef68,1,0.0012077294685990338,33.0,0.0,33.0,0.0,41.0,410.8630805795261,1,0,3.926911617921897,false
deploymentadmin/src/main/java/org/apache/felix/deploymentadmin/VersionRange.java,113.0,1.0,10.0,9.0,10.0,28.0,36.0,christian@13f79535-47bb-0310-9956-ffa450edef68,0,0.0,0.0,0.0,0.0,0.0,0.0,0.0,0,0,0.0,false
deploymentadmin/src/main/java/org/apache/felix/deploymentadmin/spi/Command.java,66.0,4.0,6.0,8.0,15.0,21.0,11.0,christian@13f79535-47bb-0310-9956-ffa450edef68,1,0.0012077294685990338,33.0,0.0,33.0,0.0,41.0,410.8630805795261,1,0,3.926911617921897,false
deploymentadmin/src/main/java/org/apache/felix/deploymentadmin/spi/CommitResourceCommand.java,57.0,8.0,0.0,4.0,20.0,12.0,11.0,christian@13f79535-47bb-0310-9956-ffa450edef68,1,0.0012077294685990338,33.0,0.0,33.0,0.0,41.0,410.8630805795261,1,0,3.926911617921897,false
deploymentadmin/src/main/java/org/apache/felix/deploymentadmin/spi/DeploymentSessionImpl.java,117.0,15.0,38.0,12.0,21.0,30.0,11.0,christian@13f79535-47bb-0310-9956-ffa450edef68,1,0.0012077294685990338,33.0,0.0,33.0,0.0,41.0,410.8630805795261,1,0,3.926911617921897,false
deploymentadmin/src/main/java/org/apache/felix/deploymentadmin/spi/DropBundleCommand.java,47.0,8.0,0.0,1.0,13.0,6.0,6.0,christian@13f79535-47bb-0310-9956-ffa450edef68,1,0.0012077294685990338,50.0,0.0,50.0,0.0,41.0,410.8630805795261,1,0,3.926911617921897,false
deploymentadmin/src/main/java/org/apache/felix/deploymentadmin/spi/DropResourceCommand.java,42.0,7.0,0.0,2.0,14.0,5.0,11.0,christian@13f79535-47bb-0310-9956-ffa450edef68,1,0.0012077294685990338,33.0,0.0,33.0,0.0,41.0,410.8630805795261,1,0,3.926911617921897,false
deploymentadmin/src/main/java/org/apache/felix/deploymentadmin/spi/GetStorageAreaCommand.java,32.0,8.0,0.0,2.0,9.0,7.0,0.0,christian@13f79535-47bb-0310-9956-ffa450edef68,0,0.0,0.0,0.0,0.0,0.0,0.0,0.0,0,0,0.0,false
deploymentadmin/src/main/java/org/apache/felix/deploymentadmin/spi/ProcessResourceCommand.java,74.0,11.0,0.0,2.0,21.0,8.0,7.0,christian@13f79535-47bb-0310-9956-ffa450edef68,1,0.0012077294685990338,50.0,0.0,50.0,25.0,41.0,410.8630805795261,1,0,3.926911617921897,false
deploymentadmin/src/main/java/org/apache/felix/deploymentadmin/spi/SnapshotCommand.java,166.0,16.0,13.0,6.0,42.0,27.0,0.0,christian@13f79535-47bb-0310-9956-ffa450edef68,0,0.0,0.0,0.0,0.0,0.0,0.0,0.0,0,0,0.0,false
deploymentadmin/src/main/java/org/apache/felix/deploymentadmin/spi/StartBundleCommand.java,77.0,9.0,0.0,1.0,14.0,5.0,2.0,christian@13f79535-47bb-0310-9956-ffa450edef68,1,0.0012077294685990338,33.0,0.0,33.0,0.0,41.0,410.8630805795261,1,0,3.926911617921897,false
deploymentadmin/src/main/java/org/apache/felix/deploymentadmin/spi/StartCustomizerCommand.java,54.0,8.0,0.0,1.0,14.0,6.0,0.0,christian@13f79535-47bb-0310-9956-ffa450edef68,0,0.0,0.0,0.0,0.0,0.0,0.0,0.0,0,0,0.0,false
deploymentadmin/src/main/java/org/apache/felix/deploymentadmin/spi/StopBundleCommand.java,41.0,6.0,0.0,1.0,9.0,6.0,0.0,christian@13f79535-47bb-0310-9956-ffa450edef68,0,0.0,0.0,0.0,0.0,0.0,0.0,0.0,0,0,0.0,false
deploymentadmin/src/main/java/org/apache/felix/deploymentadmin/spi/UpdateCommand.java,113.0,13.0,0.0,1.0,23.0,8.0,11.0,christian@13f79535-47bb-0310-9956-ffa450edef68,1,0.0012077294685990338,33.0,0.0,33.0,0.0,41.0,410.8630805795261,1,0,3.926911617921897,false
deploymentadmin/src/main/java/org/osgi/application/ApplicationContext.java,103.0,4.0,55.0,11.0,0.0,46.0,0.0,christian@13f79535-47bb-0310-9956-ffa450edef68,0,0.0,0.0,0.0,0.0,0.0,0.0,0.0,0,0,0.0,false
deploymentadmin/src/main/java/org/osgi/application/ApplicationServiceEvent.java,28.0,2.0,0.0,2.0,0.0,7.0,0.0,christian@13f79535-47bb-0310-9956-ffa450edef68,0,0.0,0.0,0.0,0.0,0.0,0.0,0.0,0,0,0.0,false
deploymentadmin/src/main/java/org/osgi/application/ApplicationServiceListener.java,13.0,2.0,0.0,1.0,0.0,2.0,0.0,christian@13f79535-47bb-0310-9956-ffa450edef68,0,0.0,0.0,0.0,0.0,0.0,0.0,0.0,0,0,0.0,false
deploymentadmin/src/main/java/org/osgi/application/Framework.java,21.0,1.0,1.0,2.0,1.0,6.0,0.0,christian@13f79535-47bb-0310-9956-ffa450edef68,0,0.0,0.0,0.0,0.0,0.0,0.0,0.0,0,0,0.0,false
deploymentadmin/src/main/java/org/osgi/service/application/ApplicationAdminPermission.java,224.0,3.0,0.0,11.0,35.0,52.0,0.0,christian@13f79535-47bb-0310-9956-ffa450edef68,0,0.0,0.0,0.0,0.0,0.0,0.0,0.0,0,0,0.0,false
deploymentadmin/src/main/java/org/osgi/service/application/ApplicationDescriptor.java,412.0,6.0,46.0,13.0,21.0,63.0,0.0,christian@13f79535-47bb-0310-9956-ffa450edef68,0,0.0,0.0,0.0,0.0,0.0,0.0,0.0,0,0,0.0,false
deploymentadmin/src/main/java/org/osgi/service/application/ApplicationException.java,78.0,0.0,0.0,6.0,0.0,11.0,0.0,christian@13f79535-47bb-0310-9956-ffa450edef68,0,0.0,0.0,0.0,0.0,0.0,0.0,0.0,0,0,0.0,false
deploymentadmin/src/main/java/org/osgi/service/application/ApplicationHandle.java,170.0,4.0,7.0,6.0,6.0,23.0,0.0,christian@13f79535-47bb-0310-9956-ffa450edef68,0,0.0,0.0,0.0,0.0,0.0,0.0,0.0,0,0,0.0,false
deploymentadmin/src/main/java/org/osgi/service/application/ScheduledApplication.java,86.0,1.0,21.0,7.0,0.0,29.0,0.0,christian@13f79535-47bb-0310-9956-ffa450edef68,0,0.0,0.0,0.0,0.0,0.0,0.0,0.0,0,0,0.0,false
deploymentadmin/src/main/java/org/osgi/service/cm/Configuration.java,70.0,2.0,45.0,10.0,0.0,43.0,0.0,christian@13f79535-47bb-0310-9956-ffa450edef68,0,0.0,0.0,0.0,0.0,0.0,0.0,0.0,0,0,0.0,false
deploymentadmin/src/main/java/org/osgi/service/cm/ConfigurationAdmin.java,58.0,3.0,10.0,5.0,0.0,24.0,0.0,christian@13f79535-47bb-0310-9956-ffa450edef68,0,0.0,0.0,0.0,0.0,0.0,0.0,0.0,0,0,0.0,false
deploymentadmin/src/main/java/org/osgi/service/cm/ConfigurationEvent.java,74.0,1.0,2.0,5.0,0.0,12.0,0.0,christian@13f79535-47bb-0310-9956-ffa450edef68,0,0.0,0.0,0.0,0.0,0.0,0.0,0.0,0,0,0.0,false
deploymentadmin/src/main/java/org/osgi/service/cm/ConfigurationException.java,69.0,0.0,0.0,6.0,0.0,18.0,394.0,christian@13f79535-47bb-0310-9956-ffa450edef68,0,0.0,0.0,0.0,0.0,0.0,0.0,0.0,0,0,0.0,false
deploymentadmin/src/main/java/org/osgi/service/cm/ConfigurationListener.java,12.0,0.0,0.0,1.0,0.0,2.0,0.0,christian@13f79535-47bb-0310-9956-ffa450edef68,0,0.0,0.0,0.0,0.0,0.0,0.0,0.0,0,0,0.0,false
deploymentadmin/src/main/java/org/osgi/service/cm/ConfigurationPermission.java,63.0,3.0,13.0,6.0,6.0,19.0,0.0,christian@13f79535-47bb-0310-9956-ffa450edef68,0,0.0,0.0,0.0,0.0,0.0,0.0,0.0,0,0,0.0,false
deploymentadmin/src/main/java/org/osgi/service/cm/ConfigurationPlugin.java,21.0,2.0,0.0,1.0,0.0,5.0,0.0,christian@13f79535-47bb-0310-9956-ffa450edef68,0,0.0,0.0,0.0,0.0,0.0,0.0,0.0,0,0,0.0,false
deploymentadmin/src/main/java/org/osgi/service/cm/ManagedService.java,12.0,1.0,0.0,1.0,0.0,4.0,0.0,christian@13f79535-47bb-0310-9956-ffa450edef68,0,0.0,0.0,0.0,0.0,0.0,0.0,0.0,0,0,0.0,false
deploymentadmin/src/main/java/org/osgi/service/cm/ManagedServiceFactory.java,23.0,1.0,3.0,3.0,0.0,10.0,0.0,christian@13f79535-47bb-0310-9956-ffa450edef68,0,0.0,0.0,0.0,0.0,0.0,0.0,0.0,0,0,0.0,false
deploymentadmin/src/main/java/org/osgi/service/component/ComponentConstants.java,26.0,0.0,0.0,0.0,0.0,0.0,0.0,christian@13f79535-47bb-0310-9956-ffa450edef68,0,0.0,0.0,0.0,0.0,0.0,0.0,0.0,0,0,0.0,false
deploymentadmin/src/main/java/org/osgi/service/component/ComponentContext.java,63.0,2.0,45.0,10.0,0.0,41.0,0.0,christian@13f79535-47bb-0310-9956-ffa450edef68,0,0.0,0.0,0.0,0.0,0.0,0.0,0.0,0,0,0.0,false
deploymentadmin/src/main/java/org/osgi/service/component/ComponentException.java,52.0,0.0,0.0,5.0,0.0,14.0,0.0,christian@13f79535-47bb-0310-9956-ffa450edef68,0,0.0,0.0,0.0,0.0,0.0,0.0,0.0,0,0,0.0,false
deploymentadmin/src/main/java/org/osgi/service/component/ComponentFactory.java,13.0,1.0,0.0,1.0,0.0,5.0,137.0,christian@13f79535-47bb-0310-9956-ffa450edef68,0,0.0,0.0,0.0,0.0,0.0,0.0,0.0,0,0,0.0,false
deploymentadmin/src/main/java/org/osgi/service/component/ComponentInstance.java,15.0,0.0,1.0,2.0,0.0,5.0,0.0,christian@13f79535-47bb-0310-9956-ffa450edef68,0,0.0,0.0,0.0,0.0,0.0,0.0,0.0,0,0,0.0,false
deploymentadmin/src/main/java/org/osgi/service/deploymentadmin/BundleInfo.java,15.0,1.0,1.0,2.0,0.0,4.0,36.0,christian@13f79535-47bb-0310-9956-ffa450edef68,0,0.0,0.0,0.0,0.0,0.0,0.0,0.0,0,0,0.0,false
deploymentadmin/src/main/java/org/osgi/service/deploymentadmin/DeploymentAdmin.java,51.0,2.0,10.0,5.0,0.0,23.0,0.0,christian@13f79535-47bb-0310-9956-ffa450edef68,0,0.0,0.0,0.0,0.0,0.0,0.0,0.0,0,0,0.0,false
deploymentadmin/src/main/java/org/osgi/service/deploymentadmin/DeploymentAdminPermission.java,138.0,5.0,0.0,7.0,12.0,29.0,0.0,christian@13f79535-47bb-0310-9956-ffa450edef68,0,0.0,0.0,0.0,0.0,0.0,0.0,0.0,0,0,0.0,false
deploymentadmin/src/main/java/org/osgi/service/deploymentadmin/DeploymentException.java,123.0,1.0,0.0,6.0,0.0,9.0,0.0,christian@13f79535-47bb-0310-9956-ffa450edef68,0,0.0,0.0,0.0,0.0,0.0,0.0,0.0,0,0,0.0,false
deploymentadmin/src/main/java/org/osgi/service/deploymentadmin/DeploymentPackage.java,91.0,1.0,78.0,13.0,0.0,52.0,0.0,christian@13f79535-47bb-0310-9956-ffa450edef68,0,0.0,0.0,0.0,0.0,0.0,0.0,0.0,0,0,0.0,false
deploymentadmin/src/main/java/org/osgi/service/deploymentadmin/spi/DeploymentCustomizerPermission.java,104.0,4.0,0.0,7.0,12.0,27.0,0.0,christian@13f79535-47bb-0310-9956-ffa450edef68,0,0.0,0.0,0.0,0.0,0.0,0.0,0.0,0,0,0.0,false
deploymentadmin/src/main/java/org/osgi/service/deploymentadmin/spi/DeploymentSession.java,26.0,1.0,3.0,3.0,0.0,10.0,0.0,christian@13f79535-47bb-0310-9956-ffa450edef68,0,0.0,0.0,0.0,0.0,0.0,0.0,0.0,0,0,0.0,false
deploymentadmin/src/main/java/org/osgi/service/deploymentadmin/spi/ResourceProcessor.java,46.0,1.0,28.0,8.0,0.0,23.0,0.0,christian@13f79535-47bb-0310-9956-ffa450edef68,0,0.0,0.0,0.0,0.0,0.0,0.0,0.0,0,0,0.0,false
deploymentadmin/src/main/java/org/osgi/service/deploymentadmin/spi/ResourceProcessorException.java,67.0,1.0,0.0,6.0,0.0,9.0,0.0,christian@13f79535-47bb-0310-9956-ffa450edef68,0,0.0,0.0,0.0,0.0,0.0,0.0,0.0,0,0,0.0,false
deploymentadmin/src/main/java/org/osgi/service/event/Event.java,131.0,2.0,0.0,10.0,22.0,31.0,0.0,christian@13f79535-47bb-0310-9956-ffa450edef68,0,0.0,0.0,0.0,0.0,0.0,0.0,0.0,0,0,0.0,false
deploymentadmin/src/main/java/org/osgi/service/event/EventAdmin.java,18.0,0.0,1.0,2.0,0.0,10.0,0.0,christian@13f79535-47bb-0310-9956-ffa450edef68,0,0.0,0.0,0.0,0.0,0.0,0.0,0.0,0,0,0.0,false
deploymentadmin/src/main/java/org/osgi/service/event/EventConstants.java,81.0,1.0,0.0,0.0,0.0,0.0,0.0,christian@13f79535-47bb-0310-9956-ffa450edef68,0,0.0,0.0,0.0,0.0,0.0,0.0,0.0,0,0,0.0,false
deploymentadmin/src/main/java/org/osgi/service/event/EventHandler.java,12.0,0.0,0.0,1.0,0.0,2.0,0.0,christian@13f79535-47bb-0310-9956-ffa450edef68,0,0.0,0.0,0.0,0.0,0.0,0.0,0.0,0,0,0.0,false
deploymentadmin/src/main/java/org/osgi/service/event/TopicPermission.java,211.0,5.0,24.0,12.0,23.0,42.0,0.0,christian@13f79535-47bb-0310-9956-ffa450edef68,0,0.0,0.0,0.0,0.0,0.0,0.0,0.0,0,0,0.0,false
deploymentadmin/src/main/java/org/osgi/service/io/ConnectionFactory.java,19.0,2.0,0.0,1.0,0.0,5.0,0.0,christian@13f79535-47bb-0310-9956-ffa450edef68,0,0.0,0.0,0.0,0.0,0.0,0.0,0.0,0,0,0.0,false
deploymentadmin/src/main/java/org/osgi/service/io/ConnectorService.java,94.0,3.0,21.0,7.0,0.0,35.0,0.0,christian@13f79535-47bb-0310-9956-ffa450edef68,0,0.0,0.0,0.0,0.0,0.0,0.0,0.0,0,0,0.0,false
deploymentadmin/src/main/java/org/osgi/service/log/LogEntry.java,43.0,2.0,15.0,6.0,0.0,17.0,0.0,christian@13f79535-47bb-0310-9956-ffa450edef68,0,0.0,0.0,0.0,0.0,0.0,0.0,0.0,0,0,0.0,false
deploymentadmin/src/main/java/org/osgi/service/log/LogListener.java,16.0,1.0,0.0,1.0,0.0,3.0,0.0,christian@13f79535-47bb-0310-9956-ffa450edef68,0,0.0,0.0,0.0,0.0,0.0,0.0,0.0,0,0,0.0,false
deploymentadmin/src/main/java/org/osgi/service/log/LogReaderService.java,28.0,1.0,3.0,3.0,0.0,7.0,0.0,christian@13f79535-47bb-0310-9956-ffa450edef68,0,0.0,0.0,0.0,0.0,0.0,0.0,0.0,0,0,0.0,false
deploymentadmin/src/main/java/org/osgi/service/log/LogService.java,66.0,1.0,6.0,4.0,0.0,5.0,0.0,christian@13f79535-47bb-0310-9956-ffa450edef68,0,0.0,0.0,0.0,0.0,0.0,0.0,0.0,0,0,0.0,false
deploymentadmin/src/main/java/org/osgi/service/metatype/AttributeDefinition.java,98.0,0.0,36.0,9.0,0.0,30.0,0.0,christian@13f79535-47bb-0310-9956-ffa450edef68,0,0.0,0.0,0.0,0.0,0.0,0.0,0.0,0,0,0.0,false
deploymentadmin/src/main/java/org/osgi/service/metatype/MetaTypeInformation.java,22.0,1.0,3.0,3.0,0.0,9.0,0.0,christian@13f79535-47bb-0310-9956-ffa450edef68,0,0.0,0.0,0.0,0.0,0.0,0.0,0.0,0,0,0.0,false
deploymentadmin/src/main/java/org/osgi/service/metatype/MetaTypeProvider.java,19.0,0.0,1.0,2.0,0.0,8.0,0.0,christian@13f79535-47bb-0310-9956-ffa450edef68,0,0.0,0.0,0.0,0.0,0.0,0.0,0.0,0,0,0.0,false
deploymentadmin/src/main/java/org/osgi/service/metatype/MetaTypeService.java,17.0,1.0,0.0,1.0,0.0,4.0,0.0,christian@13f79535-47bb-0310-9956-ffa450edef68,0,0.0,0.0,0.0,0.0,0.0,0.0,0.0,0,0,0.0,false
deploymentadmin/src/main/java/org/osgi/service/metatype/ObjectClassDefinition.java,46.0,2.0,10.0,5.0,0.0,15.0,0.0,christian@13f79535-47bb-0310-9956-ffa450edef68,0,0.0,0.0,0.0,0.0,0.0,0.0,0.0,0,0,0.0,false
deploymentadmin/src/main/java/org/osgi/service/monitor/MonitorAdmin.java,82.0,0.0,45.0,10.0,0.0,46.0,0.0,christian@13f79535-47bb-0310-9956-ffa450edef68,0,0.0,0.0,0.0,0.0,0.0,0.0,0.0,0,0,0.0,false
deploymentadmin/src/main/java/org/osgi/service/monitor/MonitorListener.java,12.0,0.0,0.0,1.0,0.0,4.0,0.0,christian@13f79535-47bb-0310-9956-ffa450edef68,0,0.0,0.0,0.0,0.0,0.0,0.0,0.0,0,0,0.0,false
deploymentadmin/src/main/java/org/osgi/service/monitor/MonitorPermission.java,166.0,3.0,0.0,9.0,27.0,36.0,0.0,christian@13f79535-47bb-0310-9956-ffa450edef68,0,0.0,0.0,0.0,0.0,0.0,0.0,0.0,0,0,0.0,false
deploymentadmin/src/main/java/org/osgi/service/monitor/Monitorable.java,38.0,0.0,10.0,5.0,0.0,21.0,0.0,christian@13f79535-47bb-0310-9956-ffa450edef68,0,0.0,0.0,0.0,0.0,0.0,0.0,0.0,0,0,0.0,false
deploymentadmin/src/main/java/org/osgi/service/monitor/MonitoringJob.java,39.0,0.0,21.0,7.0,0.0,26.0,0.0,christian@13f79535-47bb-0310-9956-ffa450edef68,0,0.0,0.0,0.0,0.0,0.0,0.0,0.0,0,0,0.0,false
deploymentadmin/src/main/java/org/osgi/service/monitor/StatusVariable.java,267.0,2.0,0.0,20.0,16.0,72.0,0.0,christian@13f79535-47bb-0310-9956-ffa450edef68,0,0.0,0.0,0.0,0.0,0.0,0.0,0.0,0,0,0.0,false
deploymentadmin/src/main/java/org/osgi/service/prefs/BackingStoreException.java,47.0,0.0,0.0,4.0,0.0,10.0,0.0,christian@13f79535-47bb-0310-9956-ffa450edef68,0,0.0,0.0,0.0,0.0,0.0,0.0,0.0,0,0,0.0,false
deploymentadmin/src/main/java/org/osgi/service/prefs/Preferences.java,229.0,0.0,325.0,26.0,0.0,109.0,0.0,christian@13f79535-47bb-0310-9956-ffa450edef68,0,0.0,0.0,0.0,0.0,0.0,0.0,0.0,0,0,0.0,false
deploymentadmin/src/main/java/org/osgi/service/prefs/PreferencesService.java,21.0,0.0,3.0,3.0,0.0,10.0,0.0,christian@13f79535-47bb-0310-9956-ffa450edef68,0,0.0,0.0,0.0,0.0,0.0,0.0,0.0,0,0,0.0,false
deploymentadmin/src/main/java/org/osgi/util/gsm/IMEICondition.java,46.0,5.0,1.0,3.0,8.0,9.0,0.0,christian@13f79535-47bb-0310-9956-ffa450edef68,0,0.0,0.0,0.0,0.0,0.0,0.0,0.0,0,0,0.0,false
deploymentadmin/src/main/java/org/osgi/util/gsm/IMSICondition.java,47.0,5.0,1.0,3.0,8.0,9.0,0.0,christian@13f79535-47bb-0310-9956-ffa450edef68,0,0.0,0.0,0.0,0.0,0.0,0.0,0.0,0,0,0.0,false
deploymentadmin/src/main/java/org/osgi/util/mobile/UserPromptCondition.java,142.0,6.0,0.0,7.0,14.0,37.0,0.0,christian@13f79535-47bb-0310-9956-ffa450edef68,0,0.0,0.0,0.0,0.0,0.0,0.0,0.0,0,0,0.0,false
deploymentadmin/src/main/java/org/osgi/util/tracker/ServiceTracker.java,652.0,2.0,58.0,21.0,44.0,87.0,0.0,christian@13f79535-47bb-0310-9956-ffa450edef68,0,0.0,0.0,0.0,0.0,0.0,0.0,0.0,0,0,0.0,false
deploymentadmin/src/main/java/org/osgi/util/tracker/ServiceTrackerCustomizer.java,24.0,1.0,3.0,3.0,0.0,9.0,0.0,christian@13f79535-47bb-0310-9956-ffa450edef68,0,0.0,0.0,0.0,0.0,0.0,0.0,0.0,0,0,0.0,false
deploymentadmin/src/main/java/org/osgi/util/xml/XMLParserActivator.java,289.0,5.0,26.0,12.0,52.0,48.0,0.0,christian@13f79535-47bb-0310-9956-ffa450edef68,0,0.0,0.0,0.0,0.0,0.0,0.0,0.0,0,0,0.0,false
examples/extenderbased.host/src/main/java/org/apache/felix/example/extenderbased/host/Activator.java,101.0,13.0,13.0,7.0,34.0,17.0,4.0,rickhall@13f79535-47bb-0310-9956-ffa450edef68,0,0.0,0.0,0.0,0.0,0.0,0.0,0.0,0,0,0.0,false
examples/servicebased.host/src/main/java/org/apache/felix/example/servicebased/host/Activator.java,101.0,13.0,13.0,7.0,34.0,17.0,4.0,rickhall@13f79535-47bb-0310-9956-ffa450edef68,0,0.0,0.0,0.0,0.0,0.0,0.0,0.0,0,2,0.0,false
fileinstall/src/main/java/org/apache/felix/fileinstall/DirectoryWatcher.java,271.0,5.0,59.0,14.0,88.0,52.0,6.0,rickhall@13f79535-47bb-0310-9956-ffa450edef68,1,0.0012077294685990338,3.0,0.0,0.0,0.0,105.68,1745.0857863894241,1,0,3.521446509813732,true
fileinstall/src/main/java/org/apache/felix/fileinstall/FileInstall.java,59.0,5.0,0.0,6.0,19.0,15.0,6.0,gnodet@13f79535-47bb-0310-9956-ffa450edef68,1,0.0012077294685990338,7.0,0.0,0.0,0.0,105.68,1745.0857863894241,1,0,3.521446509813732,true
framework/security/src/main/java/org/apache/felix/framework/SecurityActivator.java,130.0,22.0,4.0,4.0,46.0,18.0,31.0,pauls@13f79535-47bb-0310-9956-ffa450edef68,1,0.0012077294685990338,100.0,0.0,0.0,50.0,780.2068965517242,5938.176470588235,1,0,0.9824726387554563,false
framework/security/src/main/java/org/apache/felix/framework/SecurityProviderImpl.java,58.0,10.0,0.0,5.0,23.0,14.0,25.0,pauls@13f79535-47bb-0310-9956-ffa450edef68,1,0.0012077294685990338,100.0,0.0,0.0,33.0,780.2068965517242,5938.176470588235,1,0,0.9824726387554563,false
framework/security/src/main/java/org/apache/felix/framework/security/SecurityConstants.java,14.0,1.0,0.0,0.0,0.0,0.0,31.0,pauls@13f79535-47bb-0310-9956-ffa450edef68,1,0.0012077294685990338,100.0,0.0,0.0,50.0,780.2068965517242,5938.176470588235,1,0,0.9824726387554563,false
framework/security/src/main/java/org/apache/felix/framework/security/condpermadmin/ConditionalPermissionAdminImpl.java,239.0,24.0,59.0,15.0,72.0,53.0,25.0,pauls@13f79535-47bb-0310-9956-ffa450edef68,1,0.0012077294685990338,100.0,0.0,0.0,33.0,780.2068965517242,5938.176470588235,1,0,0.9824726387554563,false
framework/security/src/main/java/org/apache/felix/framework/security/condpermadmin/ConditionalPermissionInfoImpl.java,122.0,8.0,0.0,14.0,22.0,28.0,31.0,pauls@13f79535-47bb-0310-9956-ffa450edef68,1,0.0012077294685990338,100.0,0.0,0.0,50.0,780.2068965517242,5938.176470588235,1,0,0.9824726387554563,false
framework/security/src/main/java/org/apache/felix/framework/security/condpermadmin/DomainGripper.java,57.0,10.0,6.0,5.0,10.0,15.0,25.0,pauls@13f79535-47bb-0310-9956-ffa450edef68,1,0.0012077294685990338,100.0,0.0,0.0,33.0,780.2068965517242,5938.176470588235,1,0,0.9824726387554563,false
framework/security/src/main/java/org/apache/felix/framework/security/permissionadmin/PermissionAdminImpl.java,163.0,14.0,0.0,10.0,40.0,37.0,25.0,pauls@13f79535-47bb-0310-9956-ffa450edef68,1,0.0012077294685990338,100.0,0.0,0.0,33.0,780.2068965517242,5938.176470588235,1,0,0.9824726387554563,false
framework/security/src/main/java/org/apache/felix/framework/security/util/BundleInputStream.java,107.0,12.0,0.0,3.0,24.0,16.0,31.0,pauls@13f79535-47bb-0310-9956-ffa450edef68,1,0.0012077294685990338,100.0,0.0,0.0,50.0,780.2068965517242,5938.176470588235,1,0,0.9824726387554563,false
framework/security/src/main/java/org/apache/felix/framework/security/util/Conditions.java,233.0,16.0,11.0,7.0,43.0,25.0,24.0,pauls@13f79535-47bb-0310-9956-ffa450edef68,1,0.0012077294685990338,100.0,0.0,0.0,67.0,780.2068965517242,5938.176470588235,1,0,0.9824726387554563,false
framework/security/src/main/java/org/apache/felix/framework/security/util/LocalPermissions.java,79.0,15.0,0.0,3.0,27.0,14.0,31.0,pauls@13f79535-47bb-0310-9956-ffa450edef68,1,0.0012077294685990338,100.0,0.0,0.0,50.0,780.2068965517242,5938.176470588235,1,0,0.9824726387554563,false
framework/security/src/main/java/org/apache/felix/framework/security/util/Permissions.java,323.0,22.0,11.0,10.0,57.0,35.0,25.0,pauls@13f79535-47bb-0310-9956-ffa450edef68,1,0.0012077294685990338,100.0,0.0,0.0,33.0,780.2068965517242,5938.176470588235,1,0,0.9824726387554563,false
framework/security/src/main/java/org/apache/felix/framework/security/util/PropertiesCache.java,133.0,14.0,0.0,5.0,50.0,24.0,31.0,pauls@13f79535-47bb-0310-9956-ffa450edef68,1,0.0012077294685990338,100.0,0.0,0.0,50.0,780.2068965517242,5938.176470588235,1,0,0.9824726387554563,false
framework/security/src/main/java/org/apache/felix/framework/security/util/TrustManager.java,100.0,8.0,0.0,6.0,35.0,19.0,31.0,pauls@13f79535-47bb-0310-9956-ffa450edef68,1,0.0012077294685990338,100.0,0.0,0.0,50.0,780.2068965517242,5938.176470588235,1,0,0.9824726387554563,false
framework/security/src/main/java/org/apache/felix/framework/security/verifier/BundleDNParser.java,277.0,19.0,27.0,10.0,73.0,46.0,31.0,pauls@13f79535-47bb-0310-9956-ffa450edef68,1,0.0012077294685990338,100.0,0.0,0.0,50.0,780.2068965517242,5938.176470588235,1,0,0.9824726387554563,false
framework/security/src/main/java/org/apache/felix/framework/security/verifier/SignerMatcher.java,317.0,4.0,39.0,10.0,27.0,51.0,31.0,pauls@13f79535-47bb-0310-9956-ffa450edef68,1,0.0012077294685990338,100.0,0.0,0.0,50.0,780.2068965517242,5938.176470588235,1,0,0.9824726387554563,false
framework/security/src/main/java/org/apache/felix/framework/security/verifier/SubjectDNParser.java,249.0,8.0,13.0,6.0,27.0,32.0,31.0,pauls@13f79535-47bb-0310-9956-ffa450edef68,1,0.0012077294685990338,100.0,0.0,0.0,50.0,780.2068965517242,5938.176470588235,1,0,0.9824726387554563,false
framework/security/src/main/java/org/osgi/service/condpermadmin/BundleLocationCondition.java,65.0,5.0,6.0,4.0,12.0,16.0,31.0,pauls@13f79535-47bb-0310-9956-ffa450edef68,1,0.0012077294685990338,100.0,0.0,0.0,50.0,780.2068965517242,5938.176470588235,1,0,0.9824726387554563,false
framework/security/src/main/java/org/osgi/service/condpermadmin/BundleSignerCondition.java,45.0,11.0,3.0,3.0,6.0,11.0,31.0,pauls@13f79535-47bb-0310-9956-ffa450edef68,1,0.0012077294685990338,100.0,0.0,0.0,50.0,780.2068965517242,5938.176470588235,1,0,0.9824726387554563,false
framework/src/main/java/org/apache/felix/framework/BundleContextImpl.java,238.0,5.0,63.0,30.0,60.0,79.0,0.0,rickhall@13f79535-47bb-0310-9956-ffa450edef68,0,0.0,0.0,0.0,0.0,0.0,0.0,0.0,0,0,0.0,true
framework/src/main/java/org/apache/felix/framework/BundleImpl.java,231.0,5.0,0.0,27.0,67.0,82.0,1.0,rickhall@13f79535-47bb-0310-9956-ffa450edef68,1,0.0012077294685990338,2.0,1.0,0.0,0.0,780.2068965517242,5938.176470588235,1,0,0.9824726387554563,true
framework/src/main/java/org/apache/felix/framework/BundleInfo.java,313.0,8.0,378.0,36.0,70.0,90.0,36.0,rickhall@13f79535-47bb-0310-9956-ffa450edef68,0,0.0,0.0,0.0,0.0,0.0,0.0,0.0,0,0,0.0,false
framework/src/main/java/org/apache/felix/framework/BundleProtectionDomain.java,30.0,2.0,0.0,7.0,4.0,14.0,2.0,pauls@13f79535-47bb-0310-9956-ffa450edef68,1,0.0012077294685990338,6.0,6.0,6.0,0.0,780.2068965517242,5938.176470588235,1,0,0.9824726387554563,true
framework/src/main/java/org/apache/felix/framework/ExtensionManager.java,315.0,35.0,758.0,41.0,103.0,101.0,8.0,rickhall@13f79535-47bb-0310-9956-ffa450edef68,2,0.0024154589371980675,3.0,2.0,1.0,1.0,885.8868965517242,7683.2622569776595,2,5,1.1922830941467355,true
framework/src/main/java/org/apache/felix/framework/Felix.java,2275.0,13.0,6198.0,120.0,685.0,472.0,4.0,rickhall@13f79535-47bb-0310-9956-ffa450edef68,2,0.0024154589371980675,2.0,1.0,0.0,0.0,885.8868965517242,7683.2622569776595,2,13,1.1922830941467355,true
framework/src/main/java/org/apache/felix/framework/FilterImpl.java,180.0,7.0,37.0,10.0,20.0,37.0,13.0,rickhall@13f79535-47bb-0310-9956-ffa450edef68,1,0.0012077294685990338,10.0,5.0,5.0,0.0,780.2068965517242,5938.176470588235,1,1,0.9824726387554563,true
framework/src/main/java/org/apache/felix/framework/PackageAdminImpl.java,168.0,4.0,54.0,16.0,37.0,47.0,0.0,rickhall@13f79535-47bb-0310-9956-ffa450edef68,0,0.0,0.0,0.0,0.0,0.0,0.0,0.0,0,1,0.0,true
framework/src/main/java/org/apache/felix/framework/ServiceRegistrationImpl.java,157.0,6.0,15.0,15.0,38.0,39.0,160.0,rickhall@13f79535-47bb-0310-9956-ffa450edef68,2,0.0024154589371980675,5.0,2.0,2.0,0.0,885.8868965517242,7683.2622569776595,2,0,1.558812393724649,true
framework/src/main/java/org/apache/felix/framework/ServiceRegistry.java,387.0,3.0,150.0,21.0,82.0,83.0,200.0,rickhall@13f79535-47bb-0310-9956-ffa450edef68,1,0.0012077294685990338,2.0,2.0,2.0,0.0,105.68,1745.0857863894241,1,0,3.521446509813732,true
framework/src/main/java/org/apache/felix/framework/SystemBundleArchive.java,73.0,10.0,215.0,22.0,1.0,57.0,22.0,rickhall@13f79535-47bb-0310-9956-ffa450edef68,1,0.0012077294685990338,17.0,17.0,0.0,17.0,105.68,1745.0857863894241,1,1,3.521446509813732,false
framework/src/main/java/org/apache/felix/framework/URLHandlers.java,308.0,5.0,0.0,11.0,73.0,49.0,7.0,pauls@13f79535-47bb-0310-9956-ffa450edef68,1,0.0012077294685990338,4.0,0.0,0.0,0.0,780.2068965517242,5938.176470588235,1,1,0.9824726387554563,true
framework/src/main/java/org/apache/felix/framework/URLHandlersActivator.java,18.0,4.0,0.0,3.0,4.0,3.0,7.0,pauls@13f79535-47bb-0310-9956-ffa450edef68,1,0.0012077294685990338,12.0,0.0,0.0,0.0,780.2068965517242,5938.176470588235,1,0,0.9824726387554563,false
framework/src/main/java/org/apache/felix/framework/URLHandlersBundleStreamHandler.java,28.0,3.0,0.0,3.0,8.0,7.0,7.0,pauls@13f79535-47bb-0310-9956-ffa450edef68,1,0.0012077294685990338,10.0,0.0,0.0,0.0,780.2068965517242,5938.176470588235,1,0,0.9824726387554563,true
framework/src/main/java/org/apache/felix/framework/URLHandlersBundleURLConnection.java,92.0,7.0,18.0,8.0,22.0,24.0,7.0,rickhall@13f79535-47bb-0310-9956-ffa450edef68,1,0.0012077294685990338,4.0,0.0,0.0,0.0,780.2068965517242,5938.176470588235,1,1,0.9824726387554563,true
framework/src/main/java/org/apache/felix/framework/URLHandlersContentHandlerProxy.java,42.0,7.0,1.0,3.0,14.0,10.0,7.0,pauls@13f79535-47bb-0310-9956-ffa450edef68,1,0.0012077294685990338,8.0,0.0,0.0,0.0,780.2068965517242,5938.176470588235,1,0,0.9824726387554563,true
framework/src/main/java/org/apache/felix/framework/URLHandlersServiceTracker.java,92.0,2.0,0.0,4.0,28.0,17.0,7.0,pauls@13f79535-47bb-0310-9956-ffa450edef68,1,0.0012077294685990338,17.0,0.0,0.0,0.0,780.2068965517242,5938.176470588235,1,0,0.9824726387554563,false
framework/src/main/java/org/apache/felix/framework/URLHandlersStreamHandlerProxy.java,131.0,11.0,93.0,15.0,47.0,50.0,7.0,pauls@13f79535-47bb-0310-9956-ffa450edef68,1,0.0012077294685990338,5.0,0.0,0.0,0.0,780.2068965517242,5938.176470588235,1,0,0.9824726387554563,true
framework/src/main/java/org/apache/felix/framework/cache/BundleRevision.java,56.0,4.0,15.0,7.0,0.0,24.0,22.0,rickhall@13f79535-47bb-0310-9956-ffa450edef68,1,0.0012077294685990338,7.0,7.0,0.0,7.0,105.68,1745.0857863894241,1,0,3.521446509813732,true
framework/src/main/java/org/apache/felix/framework/cache/ContentDirectoryContent.java,101.0,5.0,0.0,10.0,24.0,35.0,22.0,rickhall@13f79535-47bb-0310-9956-ffa450edef68,1,0.0012077294685990338,9.0,9.0,0.0,9.0,105.68,1745.0857863894241,1,0,3.521446509813732,true
framework/src/main/java/org/apache/felix/framework/cache/DirectoryContent.java,156.0,4.0,0.0,10.0,28.0,36.0,22.0,rickhall@13f79535-47bb-0310-9956-ffa450edef68,1,0.0012077294685990338,5.0,5.0,0.0,5.0,105.68,1745.0857863894241,1,0,3.521446509813732,true
framework/src/main/java/org/apache/felix/framework/cache/DirectoryRevision.java,41.0,14.0,0.0,4.0,17.0,13.0,22.0,rickhall@13f79535-47bb-0310-9956-ffa450edef68,1,0.0012077294685990338,5.0,5.0,0.0,5.0,105.68,1745.0857863894241,1,1,3.521446509813732,true
framework/src/main/java/org/apache/felix/framework/cache/JarContent.java,329.0,10.0,0.0,15.0,62.0,55.0,22.0,rickhall@13f79535-47bb-0310-9956-ffa450edef68,1,0.0012077294685990338,4.0,4.0,0.0,4.0,105.68,1745.0857863894241,1,0,3.521446509813732,true
framework/src/main/java/org/apache/felix/framework/cache/JarRevision.java,73.0,12.0,3.0,6.0,31.0,20.0,22.0,rickhall@13f79535-47bb-0310-9956-ffa450edef68,1,0.0012077294685990338,4.0,4.0,0.0,4.0,105.68,1745.0857863894241,1,1,3.521446509813732,true
framework/src/main/java/org/apache/felix/framework/ext/SecurityProvider.java,5.0,3.0,3.0,3.0,0.0,4.0,2.0,pauls@13f79535-47bb-0310-9956-ffa450edef68,1,0.0012077294685990338,25.0,25.0,25.0,0.0,780.2068965517242,5938.176470588235,1,0,0.9824726387554563,false
framework/src/main/java/org/apache/felix/framework/searchpolicy/ContentClassLoader.java,164.0,13.0,0.0,12.0,33.0,41.0,22.0,rickhall@13f79535-47bb-0310-9956-ffa450edef68,1,0.0012077294685990338,11.0,11.0,0.0,11.0,105.68,1745.0857863894241,1,1,3.521446509813732,true
framework/src/main/java/org/apache/felix/framework/searchpolicy/ContentLoaderImpl.java,178.0,16.0,118.0,20.0,49.0,55.0,11.0,rickhall@13f79535-47bb-0310-9956-ffa450edef68,2,0.0024154589371980675,15.0,8.0,8.0,8.0,885.8868965517242,7683.2622569776595,2,1,1.558812393724649,false
framework/src/main/java/org/apache/felix/framework/searchpolicy/R4SearchPolicyCore.java,1556.0,42.0,1509.0,59.0,492.0,287.0,6.0,rickhall@13f79535-47bb-0310-9956-ffa450edef68,2,0.0024154589371980675,9.0,4.0,4.0,2.0,885.8868965517242,7683.2622569776595,2,5,1.558812393724649,true
framework/src/main/java/org/apache/felix/framework/searchpolicy/R4WireModule.java,74.0,8.0,2.0,9.0,18.0,27.0,0.0,rickhall@13f79535-47bb-0310-9956-ffa450edef68,0,0.0,0.0,0.0,0.0,0.0,0.0,0.0,0,0,0.0,true
framework/src/main/java/org/apache/felix/framework/util/CompoundEnumeration.java,47.0,2.0,5.0,6.0,9.0,17.0,0.0,pauls@13f79535-47bb-0310-9956-ffa450edef68,0,0.0,0.0,0.0,0.0,0.0,0.0,0.0,0,0,0.0,true
framework/src/main/java/org/apache/felix/framework/util/IteratorToEnumeration.java,14.0,2.0,0.0,3.0,2.0,7.0,0.0,joes@13f79535-47bb-0310-9956-ffa450edef68,0,0.0,0.0,0.0,0.0,0.0,0.0,0.0,0,0,0.0,false
framework/src/main/java/org/apache/felix/framework/util/JarFileX.java,40.0,5.0,21.0,7.0,4.0,21.0,22.0,rickhall@13f79535-47bb-0310-9956-ffa450edef68,1,0.0012077294685990338,33.0,33.0,0.0,33.0,105.68,1745.0857863894241,1,0,3.521446509813732,false
framework/src/main/java/org/apache/felix/framework/util/SecureAction.java,791.0,12.0,0.0,37.0,215.0,208.0,11.0,rickhall@13f79535-47bb-0310-9956-ffa450edef68,2,0.0024154589371980675,5.0,5.0,0.0,2.0,885.8868965517242,7683.2622569776595,2,0,1.558812393724649,true
framework/src/main/java/org/apache/felix/framework/util/ldap/Parser.java,1062.0,5.0,164.0,25.0,111.0,103.0,2.0,pauls@13f79535-47bb-0310-9956-ffa450edef68,1,0.0012077294685990338,12.0,6.0,0.0,6.0,780.2068965517242,5938.176470588235,1,1,0.9824726387554563,true
framework/src/main/java/org/apache/felix/framework/util/manifestparser/ManifestParser.java,614.0,8.0,183.0,23.0,165.0,104.0,22.0,rickhall@13f79535-47bb-0310-9956-ffa450edef68,1,0.0012077294685990338,1.0,1.0,0.0,1.0,105.68,1745.0857863894241,1,1,3.521446509813732,true
framework/src/main/java/org/apache/felix/framework/util/manifestparser/R4Library.java,90.0,1.0,4.0,9.0,7.0,24.0,22.0,rickhall@13f79535-47bb-0310-9956-ffa450edef68,1,0.0012077294685990338,8.0,8.0,0.0,8.0,105.68,1745.0857863894241,1,0,3.521446509813732,true
framework/src/main/java/org/apache/felix/framework/util/manifestparser/R4LibraryClause.java,323.0,5.0,127.0,18.0,57.0,67.0,22.0,rickhall@13f79535-47bb-0310-9956-ffa450edef68,1,0.0012077294685990338,6.0,6.0,0.0,6.0,105.68,1745.0857863894241,1,0,3.521446509813732,false
framework/src/main/java/org/apache/felix/moduleloader/IContent.java,46.0,3.0,28.0,8.0,0.0,25.0,22.0,rickhall@13f79535-47bb-0310-9956-ffa450edef68,1,0.0012077294685990338,20.0,20.0,0.0,20.0,105.68,1745.0857863894241,1,0,3.521446509813732,false
framework/src/main/java/org/apache/felix/moduleloader/IContentLoader.java,17.0,4.0,105.0,15.0,0.0,17.0,0.0,rickhall@13f79535-47bb-0310-9956-ffa450edef68,0,0.0,0.0,0.0,0.0,0.0,0.0,0.0,0,0,0.0,false
framework/src/main/java/org/apache/felix/moduleloader/IModule.java,10.0,2.0,28.0,8.0,0.0,8.0,0.0,rickhall@13f79535-47bb-0310-9956-ffa450edef68,0,0.0,0.0,0.0,0.0,0.0,0.0,0.0,0,0,0.0,false
framework/src/main/java/org/apache/felix/moduleloader/IModuleFactory.java,13.0,0.0,28.0,8.0,0.0,9.0,0.0,joes@13f79535-47bb-0310-9956-ffa450edef68,0,0.0,0.0,0.0,0.0,0.0,0.0,0.0,0,0,0.0,false
framework/src/main/java/org/apache/felix/moduleloader/ModuleFactoryImpl.java,152.0,3.0,14.0,12.0,24.0,38.0,0.0,pauls@13f79535-47bb-0310-9956-ffa450edef68,0,0.0,0.0,0.0,0.0,0.0,0.0,0.0,0,0,0.0,false
framework/src/main/java/org/apache/felix/moduleloader/ModuleImpl.java,105.0,3.0,76.0,16.0,19.0,37.0,0.0,rickhall@13f79535-47bb-0310-9956-ffa450edef68,0,0.0,0.0,0.0,0.0,0.0,0.0,0.0,0,1,0.0,false
http.jetty/src/main/java/org/apache/felix/http/jetty/Activator.java,149.0,21.0,0.0,7.0,52.0,26.0,4.0,marrs@13f79535-47bb-0310-9956-ffa450edef68,1,0.0012077294685990338,9.0,0.0,0.0,0.0,280.2,961.5281564354765,1,0,3.115981401705568,false
http.jetty/src/main/java/org/apache/felix/http/jetty/HttpServiceImpl.java,115.0,19.0,20.0,12.0,32.0,31.0,11.0,fmeschbe@13f79535-47bb-0310-9956-ffa450edef68,1,0.0012077294685990338,20.0,0.0,0.0,0.0,280.2,961.5281564354765,1,0,3.115981401705568,false
http.jetty/src/main/java/org/apache/felix/http/jetty/LogServiceLog.java,54.0,4.0,70.0,13.0,15.0,27.0,11.0,fmeschbe@13f79535-47bb-0310-9956-ffa450edef68,1,0.0012077294685990338,50.0,0.0,0.0,0.0,280.2,961.5281564354765,1,0,3.115981401705568,false
http.jetty/src/main/java/org/apache/felix/http/jetty/ServletContextGroup.java,179.0,21.0,152.0,36.0,68.0,73.0,11.0,fmeschbe@13f79535-47bb-0310-9956-ffa450edef68,1,0.0012077294685990338,17.0,0.0,0.0,0.0,280.2,961.5281564354765,1,0,3.115981401705568,false
http.jetty/src/main/java/org/mortbay/jetty/servlet/OsgiResourceHolder.java,114.0,21.0,30.0,9.0,30.0,30.0,6.0,fmeschbe@13f79535-47bb-0310-9956-ffa450edef68,1,0.0012077294685990338,29.0,0.0,0.0,0.0,280.2,961.5281564354765,1,0,3.115981401705568,false
http.jetty/src/main/java/org/mortbay/jetty/servlet/OsgiServletHandler.java,54.0,8.0,6.0,4.0,15.0,12.0,11.0,fmeschbe@13f79535-47bb-0310-9956-ffa450edef68,1,0.0012077294685990338,20.0,0.0,0.0,0.0,280.2,961.5281564354765,1,0,3.115981401705568,false
http.jetty/src/main/java/org/mortbay/jetty/servlet/OsgiServletHolder.java,73.0,15.0,6.0,8.0,17.0,20.0,11.0,joes@13f79535-47bb-0310-9956-ffa450edef68,1,0.0012077294685990338,25.0,0.0,0.0,0.0,280.2,961.5281564354765,1,0,3.115981401705568,false
ipojo/core/src/main/java/org/apache/felix/ipojo/handlers/configuration/ConfigurableProperty.java,658.0,8.0,44.0,16.0,101.0,65.0,394.0,clement@13f79535-47bb-0310-9956-ffa450edef68,1,0.0012077294685990338,11.0,11.0,0.0,0.0,12876.773162939297,800077.0687094209,1,5,2.605155777939577,false
ipojo/core/src/main/java/org/apache/felix/ipojo/handlers/providedservice/Property.java,324.0,6.0,17.0,14.0,46.0,35.0,141.0,clement@13f79535-47bb-0310-9956-ffa450edef68,1,0.0012077294685990338,12.0,12.0,0.0,0.0,12876.773162939297,800077.0687094209,1,3,2.605155777939577,false
maven-obr-plugin/src/main/java/org/apache/felix/obr/plugin/AbstractFileMojo.java,74.0,6.0,0.0,1.0,9.0,7.0,36.0,mcculls@13f79535-47bb-0310-9956-ffa450edef68,0,0.0,0.0,0.0,0.0,0.0,0.0,0.0,0,0,0.0,false
maven-obr-plugin/src/main/java/org/apache/felix/obr/plugin/Capability.java,62.0,5.0,7.0,6.0,9.0,10.0,36.0,mcculls@13f79535-47bb-0310-9956-ffa450edef68,0,0.0,0.0,0.0,0.0,0.0,0.0,0.0,0,1,0.0,false
maven-obr-plugin/src/main/java/org/apache/felix/obr/plugin/Category.java,34.0,3.0,1.0,3.0,3.0,6.0,36.0,mcculls@13f79535-47bb-0310-9956-ffa450edef68,0,0.0,0.0,0.0,0.0,0.0,0.0,0.0,0,1,0.0,false
maven-obr-plugin/src/main/java/org/apache/felix/obr/plugin/Config.java,53.0,1.0,3.0,7.0,0.0,14.0,36.0,mcculls@13f79535-47bb-0310-9956-ffa450edef68,0,0.0,0.0,0.0,0.0,0.0,0.0,0.0,0,1,0.0,false
maven-obr-plugin/src/main/java/org/apache/felix/obr/plugin/ExtractBindexInfo.java,189.0,15.0,0.0,12.0,53.0,47.0,36.0,mcculls@13f79535-47bb-0310-9956-ffa450edef68,0,0.0,0.0,0.0,0.0,0.0,0.0,0.0,0,2,0.0,false
maven-obr-plugin/src/main/java/org/apache/felix/obr/plugin/ObrCleanRepo.java,175.0,28.0,8.0,5.0,54.0,24.0,23.0,mcculls@13f79535-47bb-0310-9956-ffa450edef68,1,0.0012077294685990338,12.0,12.0,0.0,0.0,408.135593220339,10015.828377261021,1,1,1.252762968495368,false
maven-obr-plugin/src/main/java/org/apache/felix/obr/plugin/ObrDeploy.java,124.0,13.0,1.0,2.0,36.0,13.0,10.0,mcculls@13f79535-47bb-0310-9956-ffa450edef68,1,0.0012077294685990338,8.0,8.0,0.0,0.0,408.135593220339,10015.828377261021,1,2,1.252762968495368,false
maven-obr-plugin/src/main/java/org/apache/felix/obr/plugin/ObrDeployFile.java,122.0,10.0,0.0,1.0,30.0,7.0,15.0,mcculls@13f79535-47bb-0310-9956-ffa450edef68,1,0.0012077294685990338,9.0,9.0,0.0,0.0,408.135593220339,10015.828377261021,1,2,1.252762968495368,false
maven-obr-plugin/src/main/java/org/apache/felix/obr/plugin/ObrInstall.java,56.0,10.0,0.0,1.0,14.0,6.0,12.0,mcculls@13f79535-47bb-0310-9956-ffa450edef68,0,0.0,0.0,0.0,0.0,0.0,0.0,0.0,0,0,0.0,false
maven-obr-plugin/src/main/java/org/apache/felix/obr/plugin/ObrInstallFile.java,52.0,7.0,0.0,1.0,13.0,5.0,17.0,mcculls@13f79535-47bb-0310-9956-ffa450edef68,1,0.0012077294685990338,11.0,11.0,0.0,0.0,408.135593220339,10015.828377261021,1,1,1.252762968495368,false
maven-obr-plugin/src/main/java/org/apache/felix/obr/plugin/ObrUpdate.java,378.0,27.0,0.0,10.0,114.0,49.0,17.0,mcculls@13f79535-47bb-0310-9956-ffa450edef68,0,0.0,0.0,0.0,0.0,0.0,0.0,0.0,0,1,0.0,false
maven-obr-plugin/src/main/java/org/apache/felix/obr/plugin/ObrUtils.java,94.0,7.0,8.0,5.0,26.0,21.0,24.0,mcculls@13f79535-47bb-0310-9956-ffa450edef68,0,0.0,0.0,0.0,0.0,0.0,0.0,0.0,0,0,0.0,false
maven-obr-plugin/src/main/java/org/apache/felix/obr/plugin/PElement.java,76.0,3.0,15.0,7.0,5.0,13.0,36.0,mcculls@13f79535-47bb-0310-9956-ffa450edef68,0,0.0,0.0,0.0,0.0,0.0,0.0,0.0,0,1,0.0,false
maven-obr-plugin/src/main/java/org/apache/felix/obr/plugin/PomHelper.java,35.0,11.0,1.0,2.0,8.0,8.0,36.0,mcculls@13f79535-47bb-0310-9956-ffa450edef68,0,0.0,0.0,0.0,0.0,0.0,0.0,0.0,0,0,0.0,false
maven-obr-plugin/src/main/java/org/apache/felix/obr/plugin/RemoteFileManager.java,236.0,20.0,7.0,10.0,51.0,43.0,36.0,mcculls@13f79535-47bb-0310-9956-ffa450edef68,0,0.0,0.0,0.0,0.0,0.0,0.0,0.0,0,2,0.0,false
maven-obr-plugin/src/main/java/org/apache/felix/obr/plugin/Require.java,129.0,3.0,66.0,13.0,9.0,27.0,36.0,mcculls@13f79535-47bb-0310-9956-ffa450edef68,0,0.0,0.0,0.0,0.0,0.0,0.0,0.0,0,1,0.0,false
maven-obr-plugin/src/main/java/org/apache/felix/obr/plugin/ResourcesBundle.java,429.0,8.0,659.0,38.0,94.0,81.0,20.0,mcculls@13f79535-47bb-0310-9956-ffa450edef68,0,0.0,0.0,0.0,0.0,0.0,0.0,0.0,0,1,0.0,false
maven-obr-plugin/src/main/java/org/apache/felix/obr/plugin/XmlHelper.java,64.0,2.0,3.0,3.0,17.0,13.0,36.0,mcculls@13f79535-47bb-0310-9956-ffa450edef68,0,0.0,0.0,0.0,0.0,0.0,0.0,0.0,0,0,0.0,false
metatype/src/main/java/org/apache/felix/metatype/AD.java,280.0,4.0,295.0,26.0,32.0,54.0,1.0,fmeschbe@13f79535-47bb-0310-9956-ffa450edef68,1,0.0012077294685990338,6.0,0.0,0.0,0.0,280.2,961.5281564354765,1,0,3.115981401705568,false
metatype/src/main/java/org/apache/felix/metatype/MetaDataReader.java,331.0,10.0,21.0,22.0,113.0,92.0,6.0,fmeschbe@13f79535-47bb-0310-9956-ffa450edef68,2,0.0024154589371980675,10.0,0.0,5.0,0.0,321.2,1372.3912370150026,2,0,2.8282993292537872,false
scr/src/main/java/org/apache/felix/scr/impl/AbstractComponentManager.java,406.0,6.0,771.0,47.0,128.0,123.0,0.0,fmeschbe@13f79535-47bb-0310-9956-ffa450edef68,0,0.0,0.0,0.0,0.0,0.0,0.0,0.0,0,1,0.0,false
scr/src/main/java/org/apache/felix/scr/impl/BundleComponentActivator.java,256.0,15.0,30.0,12.0,67.0,49.0,4.0,fmeschbe@13f79535-47bb-0310-9956-ffa450edef68,1,0.0012077294685990338,3.0,3.0,0.0,0.0,280.2,961.5281564354765,1,1,3.115981401705568,true
scr/src/main/java/org/apache/felix/scr/impl/ComponentFactoryImpl.java,90.0,6.0,70.0,13.0,38.0,28.0,4.0,fmeschbe@13f79535-47bb-0310-9956-ffa450edef68,1,0.0012077294685990338,8.0,8.0,0.0,0.0,280.2,961.5281564354765,1,1,3.115981401705568,false
scr/src/main/java/org/apache/felix/scr/impl/DependencyManager.java,518.0,5.0,173.0,35.0,163.0,128.0,4.0,fmeschbe@13f79535-47bb-0310-9956-ffa450edef68,1,0.0012077294685990338,5.0,5.0,0.0,0.0,280.2,961.5281564354765,1,1,3.115981401705568,false
scr/src/main/java/org/apache/felix/scr/impl/ImmediateComponentManager.java,177.0,12.0,44.0,12.0,61.0,36.0,4.0,fmeschbe@13f79535-47bb-0310-9956-ffa450edef68,1,0.0012077294685990338,7.0,7.0,0.0,0.0,280.2,961.5281564354765,1,1,3.115981401705568,false
scrplugin/src/main/java/org/apache/felix/scrplugin/Constants.java,43.0,1.0,0.0,0.0,0.0,0.0,5.0,cziegeler@13f79535-47bb-0310-9956-ffa450edef68,0,0.0,0.0,0.0,0.0,0.0,0.0,0.0,0,1,0.0,false
scrplugin/src/main/java/org/apache/felix/scrplugin/PropertyHandler.java,250.0,10.0,24.0,8.0,70.0,34.0,7.0,cziegeler@13f79535-47bb-0310-9956-ffa450edef68,1,0.0012077294685990338,6.0,0.0,6.0,0.0,14.5,132.02431549550283,1,1,2.368766999875347,false
scrplugin/src/main/java/org/apache/felix/scrplugin/SCRDescriptorMojo.java,389.0,11.0,34.0,9.0,131.0,43.0,1.0,cziegeler@13f79535-47bb-0310-9956-ffa450edef68,1,0.0012077294685990338,7.0,4.0,2.0,0.0,14.5,132.02431549550283,1,6,2.368766999875347,false
scrplugin/src/main/java/org/apache/felix/scrplugin/om/Component.java,224.0,3.0,315.0,27.0,38.0,50.0,9.0,cziegeler@13f79535-47bb-0310-9956-ffa450edef68,1,0.0012077294685990338,4.0,0.0,4.0,0.0,14.5,132.02431549550283,1,3,2.368766999875347,false
scrplugin/src/main/java/org/apache/felix/scrplugin/om/Property.java,83.0,2.0,145.0,19.0,4.0,28.0,141.0,fmeschbe@13f79535-47bb-0310-9956-ffa450edef68,1,0.0012077294685990338,11.0,0.0,11.0,0.0,14.5,132.02431549550283,1,0,2.368766999875347,false
scrplugin/src/main/java/org/apache/felix/scrplugin/om/Service.java,63.0,2.0,10.0,8.0,14.0,18.0,7.0,fmeschbe@13f79535-47bb-0310-9956-ffa450edef68,1,0.0012077294685990338,11.0,0.0,11.0,0.0,14.5,132.02431549550283,1,2,2.368766999875347,false
scrplugin/src/main/java/org/apache/felix/scrplugin/tags/ClassUtil.java,34.0,2.0,0.0,1.0,7.0,5.0,0.0,fmeschbe@13f79535-47bb-0310-9956-ffa450edef68,0,0.0,0.0,0.0,0.0,0.0,0.0,0.0,0,0,0.0,false
scrplugin/src/main/java/org/apache/felix/scrplugin/tags/JavaClassDescription.java,85.0,1.0,91.0,14.0,0.0,42.0,0.0,cziegeler@13f79535-47bb-0310-9956-ffa450edef68,0,0.0,0.0,0.0,0.0,0.0,0.0,0.0,0,3,0.0,false
scrplugin/src/main/java/org/apache/felix/scrplugin/tags/JavaClassDescriptionInheritanceComparator.java,44.0,2.0,1.0,2.0,6.0,8.0,0.0,cziegeler@13f79535-47bb-0310-9956-ffa450edef68,0,0.0,0.0,0.0,0.0,0.0,0.0,0.0,0,0,0.0,false
scrplugin/src/main/java/org/apache/felix/scrplugin/tags/JavaClassDescriptorManager.java,310.0,20.0,19.0,11.0,80.0,53.0,1.0,cziegeler@13f79535-47bb-0310-9956-ffa450edef68,1,0.0012077294685990338,21.0,16.0,0.0,0.0,14.5,132.02431549550283,1,3,2.368766999875347,false
scrplugin/src/main/java/org/apache/felix/scrplugin/tags/JavaField.java,24.0,0.0,6.0,4.0,0.0,7.0,0.0,fmeschbe@13f79535-47bb-0310-9956-ffa450edef68,0,0.0,0.0,0.0,0.0,0.0,0.0,0.0,0,0,0.0,false
scrplugin/src/main/java/org/apache/felix/scrplugin/tags/cl/ClassLoaderJavaClassDescription.java,205.0,6.0,24.0,17.0,43.0,58.0,7.0,cziegeler@13f79535-47bb-0310-9956-ffa450edef68,1,0.0012077294685990338,5.0,0.0,5.0,0.0,14.5,132.02431549550283,1,5,2.368766999875347,false
scrplugin/src/main/java/org/apache/felix/scrplugin/tags/cl/ClassLoaderJavaField.java,35.0,2.0,0.0,5.0,6.0,9.0,0.0,fmeschbe@13f79535-47bb-0310-9956-ffa450edef68,0,0.0,0.0,0.0,0.0,0.0,0.0,0.0,0,1,0.0,false
scrplugin/src/main/java/org/apache/felix/scrplugin/tags/cl/ClassLoaderJavaTag.java,132.0,5.0,11.0,10.0,21.0,24.0,7.0,fmeschbe@13f79535-47bb-0310-9956-ffa450edef68,1,0.0012077294685990338,11.0,0.0,11.0,0.0,14.5,132.02431549550283,1,0,2.368766999875347,false
scrplugin/src/main/java/org/apache/felix/scrplugin/tags/qdox/QDoxJavaClassDescription.java,324.0,11.0,0.0,21.0,71.0,78.0,0.0,cziegeler@13f79535-47bb-0310-9956-ffa450edef68,0,0.0,0.0,0.0,0.0,0.0,0.0,0.0,0,7,0.0,false
scrplugin/src/main/java/org/apache/felix/scrplugin/tags/qdox/QDoxJavaField.java,56.0,2.0,0.0,5.0,10.0,12.0,0.0,cziegeler@13f79535-47bb-0310-9956-ffa450edef68,0,0.0,0.0,0.0,0.0,0.0,0.0,0.0,0,2,0.0,false
scrplugin/src/main/java/org/apache/felix/scrplugin/xml/ComponentDescriptorIO.java,343.0,10.0,0.0,9.0,70.0,36.0,3.0,cziegeler@13f79535-47bb-0310-9956-ffa450edef68,1,0.0012077294685990338,12.0,0.0,8.0,0.0,14.5,132.02431549550283,1,2,2.368766999875347,false
shell/src/main/java/org/apache/felix/shell/impl/Activator.java,178.0,5.0,0.0,4.0,18.0,12.0,4.0,rickhall@13f79535-47bb-0310-9956-ffa450edef68,0,0.0,0.0,0.0,0.0,0.0,0.0,0.0,0,1,0.0,false
upnp/basedriver/src/main/java/org/apache/felix/upnp/basedriver/export/ExporterUPnPEventListener.java,41.0,8.0,0.0,2.0,16.0,6.0,4.0,lenzi@13f79535-47bb-0310-9956-ffa450edef68,1,0.0012077294685990338,20.0,0.0,20.0,20.0,4.0,8.576633724876597,1,3,2.8282993292537872,false
upnp/basedriver/src/main/java/org/apache/felix/upnp/basedriver/export/ThreadExporter.java,254.0,19.0,48.0,13.0,77.0,44.0,4.0,lenzi@13f79535-47bb-0310-9956-ffa450edef68,1,0.0012077294685990338,33.0,0.0,33.0,33.0,4.0,8.576633724876597,1,2,2.8282993292537872,false
upnp/basedriver/src/main/java/org/apache/felix/upnp/basedriver/tool/Logger.java,162.0,9.0,109.0,18.0,36.0,38.0,102.0,lenzi@13f79535-47bb-0310-9956-ffa450edef68,1,0.0012077294685990338,33.0,0.0,33.0,33.0,4.0,8.576633724876597,1,1,2.8282993292537872,false
