name,LOC,CBO,LCOM,NOM,RFC,WMC,ACS,Ownership,numOfChanges,numberOfFIChanges,ENH,NF,BugFixing,REF,structuralWorkloadSum,semanticWorkloadSum,numberOfDeveloper,pastFaults,MAF,isBuggy
bundleplugin/src/main/java/org/apache/felix/bundleplugin/BundlePlugin.java,653.0,47.0,535.0,34.0,293.0,121.0,1.0,mcculls@13f79535-47bb-0310-9956-ffa450edef68,2,0.005988023952095809,4.0,1.0,3.0,0.0,218.57142857142856,368.37270107558277,2,18,3.1644021912356206,true
bundleplugin/src/main/java/org/apache/felix/bundleplugin/ManifestPlugin.java,113.0,17.0,15.0,6.0,61.0,27.0,2.0,mcculls@13f79535-47bb-0310-9956-ffa450edef68,1,0.0029940119760479044,2.0,0.0,2.0,0.0,0.0,9.245347752540598,1,4,3.9544437213120984,true
bundleplugin/src/main/java/org/apache/felix/bundleplugin/PackageVersionAnalyzer.java,6.0,5.0,0.0,0.0,0.0,0.0,0.0,mcculls@13f79535-47bb-0310-9956-ffa450edef68,0,0.0,0.0,0.0,0.0,0.0,0.0,0.0,0,0,0.0,false
bundleplugin/src/test/java/org/apache/felix/bundleplugin/BundlePluginTest.java,113.0,11.0,15.0,7.0,36.0,16.0,0.0,mcculls@13f79535-47bb-0310-9956-ffa450edef68,0,0.0,0.0,0.0,0.0,0.0,0.0,0.0,0,2,0.0,false
bundlerepository/src/main/java/org/apache/felix/bundlerepository/impl/RepositoryAdminImpl.java,157.0,24.0,72.0,16.0,55.0,50.0,1.0,gnodet@13f79535-47bb-0310-9956-ffa450edef68,1,0.0029940119760479044,14.0,0.0,0.0,14.0,76.25,811.6550990086521,1,1,1.7388700053076822,false
coordinator/src/main/java/org/apache/felix/coordination/impl/Activator.java,78.0,14.0,0.0,2.0,8.0,5.0,9.0,fmeschbe@13f79535-47bb-0310-9956-ffa450edef68,1,0.0029940119760479044,25.0,0.0,12.0,0.0,1446.2298850574712,15771.4032476183,1,1,1.7759112769880314,false
coordinator/src/main/java/org/apache/felix/coordination/impl/CoordinationImpl.java,202.0,8.0,76.0,20.0,23.0,51.0,16.0,fmeschbe@13f79535-47bb-0310-9956-ffa450edef68,1,0.0029940119760479044,20.0,0.0,10.0,0.0,1446.2298850574712,15771.4032476183,1,3,1.7759112769880314,false
coordinator/src/main/java/org/apache/felix/coordination/impl/CoordinationMgr.java,159.0,19.0,26.0,17.0,47.0,51.0,16.0,fmeschbe@13f79535-47bb-0310-9956-ffa450edef68,1,0.0029940119760479044,29.0,0.0,14.0,0.0,1446.2298850574712,15771.4032476183,1,1,1.7759112769880314,false
coordinator/src/main/java/org/apache/felix/coordination/impl/CoordinatorImpl.java,85.0,8.0,0.0,14.0,22.0,28.0,16.0,fmeschbe@13f79535-47bb-0310-9956-ffa450edef68,1,0.0029940119760479044,29.0,0.0,14.0,0.0,1446.2298850574712,15771.4032476183,1,1,1.7759112769880314,false
coordinator/src/main/java/org/apache/felix/coordination/impl/CrdCommand.java,31.0,8.0,15.0,6.0,4.0,9.0,16.0,fmeschbe@13f79535-47bb-0310-9956-ffa450edef68,1,0.0029940119760479044,67.0,0.0,33.0,0.0,1446.2298850574712,15771.4032476183,1,0,1.7759112769880314,false
coordinator/src/main/java/org/apache/felix/jmx/service/coordination/CoordinatorMBean.java,81.0,7.0,6.0,4.0,0.0,15.0,22.0,fmeschbe@13f79535-47bb-0310-9956-ffa450edef68,1,0.0029940119760479044,33.0,0.0,0.0,0.0,1446.2298850574712,15771.4032476183,1,0,1.7759112769880314,false
coordinator/src/main/java/org/apache/felix/jmx/service/coordination/package-info.java,0.0,0.0,0.0,0.0,0.0,0.0,22.0,fmeschbe@13f79535-47bb-0310-9956-ffa450edef68,1,0.0029940119760479044,33.0,0.0,0.0,0.0,1446.2298850574712,15771.4032476183,1,0,1.7759112769880314,false
coordinator/src/main/java/org/apache/felix/service/coordination/Coordination.java,77.0,2.0,45.0,10.0,0.0,38.0,22.0,fmeschbe@13f79535-47bb-0310-9956-ffa450edef68,1,0.0029940119760479044,25.0,0.0,0.0,0.0,1446.2298850574712,15771.4032476183,1,1,1.7759112769880314,false
coordinator/src/main/java/org/apache/felix/service/coordination/CoordinationException.java,46.0,0.0,0.0,3.0,0.0,6.0,22.0,fmeschbe@13f79535-47bb-0310-9956-ffa450edef68,1,0.0029940119760479044,33.0,0.0,0.0,0.0,1446.2298850574712,15771.4032476183,1,0,1.7759112769880314,false
coordinator/src/main/java/org/apache/felix/service/coordination/CoordinationPermission.java,36.0,1.0,1.0,2.0,0.0,5.0,22.0,fmeschbe@13f79535-47bb-0310-9956-ffa450edef68,1,0.0029940119760479044,33.0,0.0,0.0,0.0,1446.2298850574712,15771.4032476183,1,0,1.7759112769880314,false
coordinator/src/main/java/org/apache/felix/service/coordination/Coordinator.java,56.0,1.0,28.0,8.0,0.0,25.0,22.0,fmeschbe@13f79535-47bb-0310-9956-ffa450edef68,1,0.0029940119760479044,25.0,0.0,0.0,0.0,1446.2298850574712,15771.4032476183,1,1,1.7759112769880314,false
coordinator/src/main/java/org/apache/felix/service/coordination/Participant.java,19.0,0.0,1.0,2.0,0.0,6.0,22.0,fmeschbe@13f79535-47bb-0310-9956-ffa450edef68,1,0.0029940119760479044,33.0,0.0,0.0,0.0,1446.2298850574712,15771.4032476183,1,0,1.7759112769880314,false
coordinator/src/main/java/org/apache/felix/service/coordination/package-info.java,0.0,0.0,0.0,0.0,0.0,0.0,22.0,fmeschbe@13f79535-47bb-0310-9956-ffa450edef68,1,0.0029940119760479044,33.0,0.0,0.0,0.0,1446.2298850574712,15771.4032476183,1,0,1.7759112769880314,false
coordinator/src/test/java/org/apache/felix/coordination/impl/CoordinatorImplTest.java,259.0,4.0,0.0,10.0,88.0,22.0,16.0,fmeschbe@13f79535-47bb-0310-9956-ffa450edef68,1,0.0029940119760479044,67.0,0.0,33.0,0.0,1446.2298850574712,15771.4032476183,1,1,1.7759112769880314,false
dependencymanager/compat/src/main/java/org/apache/felix/dependencymanager/impl/ServiceImpl.java,128.0,10.0,0.0,24.0,33.0,45.0,2.0,pderop@13f79535-47bb-0310-9956-ffa450edef68,1,0.0029940119760479044,11.0,0.0,0.0,11.0,1124.5333333333333,4665.64924340922,1,2,2.9736144683003722,true
dependencymanager/core/src/main/java/org/apache/felix/dm/BundleDependency.java,77.0,1.0,55.0,11.0,0.0,41.0,8.0,marrs@13f79535-47bb-0310-9956-ffa450edef68,0,0.0,0.0,0.0,0.0,0.0,0.0,0.0,0,0,0.0,false
dependencymanager/core/src/main/java/org/apache/felix/dm/Component.java,148.0,3.0,378.0,28.0,0.0,66.0,9.0,pderop@13f79535-47bb-0310-9956-ffa450edef68,1,0.0029940119760479044,25.0,0.0,25.0,25.0,335.4782608695652,1257.1871539765336,1,0,2.750470916986162,false
dependencymanager/core/src/main/java/org/apache/felix/dm/DependencyService.java,27.0,0.0,45.0,10.0,0.0,10.0,0.0,pderop@13f79535-47bb-0310-9956-ffa450edef68,0,0.0,0.0,0.0,0.0,0.0,0.0,0.0,0,1,0.0,false
dependencymanager/core/src/main/java/org/apache/felix/dm/InvocationUtil.java,40.0,4.0,1.0,2.0,11.0,12.0,11.0,marrs@13f79535-47bb-0310-9956-ffa450edef68,1,0.0029940119760479044,12.0,0.0,12.0,12.0,335.4782608695652,1257.1871539765336,1,0,2.750470916986162,false
dependencymanager/core/src/main/java/org/apache/felix/dm/ServiceUtil.java,91.0,3.0,6.0,4.0,12.0,17.0,0.0,marrs@13f79535-47bb-0310-9956-ffa450edef68,0,0.0,0.0,0.0,0.0,0.0,0.0,0.0,0,0,0.0,false
dependencymanager/core/src/main/java/org/apache/felix/dm/impl/AbstractDecorator.java,191.0,15.0,0.0,19.0,65.0,45.0,4.0,pderop@13f79535-47bb-0310-9956-ffa450edef68,1,0.0029940119760479044,6.0,0.0,6.0,0.0,335.4782608695652,1257.1871539765336,1,4,2.750470916986162,true
dependencymanager/core/src/main/java/org/apache/felix/dm/impl/AdapterServiceImpl.java,57.0,9.0,0.0,1.0,7.0,1.0,0.0,marrs@13f79535-47bb-0310-9956-ffa450edef68,0,0.0,0.0,0.0,0.0,0.0,0.0,0.0,0,4,0.0,false
dependencymanager/core/src/main/java/org/apache/felix/dm/impl/ComponentImpl.java,909.0,24.0,2988.0,85.0,268.0,196.0,3.0,marrs@13f79535-47bb-0310-9956-ffa450edef68,1,0.0029940119760479044,19.0,0.0,14.0,5.0,335.4782608695652,1257.1871539765336,1,2,2.750470916986162,false
dependencymanager/core/src/main/java/org/apache/felix/dm/impl/FactoryConfigurationAdapterServiceImpl.java,182.0,17.0,1.0,2.0,10.0,2.0,9.0,pderop@13f79535-47bb-0310-9956-ffa450edef68,1,0.0029940119760479044,8.0,0.0,8.0,8.0,335.4782608695652,1257.1871539765336,1,0,2.750470916986162,true
dependencymanager/core/src/main/java/org/apache/felix/dm/impl/FilterService.java,177.0,9.0,0.0,29.0,45.0,60.0,9.0,pderop@13f79535-47bb-0310-9956-ffa450edef68,1,0.0029940119760479044,9.0,0.0,9.0,9.0,335.4782608695652,1257.1871539765336,1,2,2.750470916986162,false
dependencymanager/core/src/main/java/org/apache/felix/dm/impl/dependencies/BundleDependencyImpl.java,393.0,20.0,834.0,45.0,74.0,132.0,9.0,marrs@13f79535-47bb-0310-9956-ffa450edef68,1,0.0029940119760479044,5.0,0.0,5.0,5.0,335.4782608695652,1257.1871539765336,1,5,2.750470916986162,false
dependencymanager/core/src/main/java/org/apache/felix/dm/impl/dependencies/ConfigurationDependencyImpl.java,274.0,22.0,497.0,35.0,50.0,88.0,1.0,marrs@13f79535-47bb-0310-9956-ffa450edef68,1,0.0029940119760479044,5.0,0.0,0.0,0.0,335.4782608695652,1257.1871539765336,1,5,2.750470916986162,false
dependencymanager/core/src/main/java/org/apache/felix/dm/impl/dependencies/ResourceDependencyImpl.java,342.0,18.0,656.0,40.0,68.0,107.0,9.0,marrs@13f79535-47bb-0310-9956-ffa450edef68,1,0.0029940119760479044,5.0,0.0,5.0,5.0,335.4782608695652,1257.1871539765336,1,5,2.750470916986162,false
dependencymanager/core/src/main/java/org/apache/felix/dm/impl/dependencies/ServiceDependencyImpl.java,719.0,28.0,1022.0,53.0,114.0,189.0,3.0,marrs@13f79535-47bb-0310-9956-ffa450edef68,1,0.0029940119760479044,10.0,0.0,7.0,2.0,335.4782608695652,1257.1871539765336,1,9,2.750470916986162,true
dependencymanager/core/src/main/java/org/apache/felix/dm/tracker/ServiceTracker.java,797.0,15.0,57.0,23.0,61.0,90.0,0.0,marrs@13f79535-47bb-0310-9956-ffa450edef68,0,0.0,0.0,0.0,0.0,0.0,0.0,0.0,0,3,0.0,false
dependencymanager/runtime/src/main/java/org/apache/felix/dm/runtime/ServiceLifecycleHandler.java,211.0,24.0,18.0,8.0,55.0,42.0,17.0,pderop@13f79535-47bb-0310-9956-ffa450edef68,1,0.0029940119760479044,4.0,0.0,4.0,4.0,1124.5333333333333,4665.64924340922,1,7,2.9736144683003722,false
dependencymanager/test/src/test/java/org/apache/felix/dm/test/AbstractServiceDependencyTest.java,56.0,12.0,1.0,2.0,18.0,4.0,3.0,pderop@13f79535-47bb-0310-9956-ffa450edef68,1,0.0029940119760479044,9.0,0.0,9.0,0.0,335.4782608695652,1257.1871539765336,1,2,2.750470916986162,false
dependencymanager/test/src/test/java/org/apache/felix/dm/test/AdapterAndConsumerTest.java,61.0,11.0,1.0,2.0,18.0,4.0,0.0,pderop@13f79535-47bb-0310-9956-ffa450edef68,0,0.0,0.0,0.0,0.0,0.0,0.0,0.0,0,0,0.0,false
dependencymanager/test/src/test/java/org/apache/felix/dm/test/AdapterWithAspectTest.java,104.0,13.0,1.0,2.0,20.0,5.0,0.0,marrs@13f79535-47bb-0310-9956-ffa450edef68,0,0.0,0.0,0.0,0.0,0.0,0.0,0.0,0,1,0.0,true
dependencymanager/test/src/test/java/org/apache/felix/dm/test/AdapterWithExtraDependenciesTest.java,53.0,11.0,1.0,2.0,18.0,4.0,0.0,marrs@13f79535-47bb-0310-9956-ffa450edef68,0,0.0,0.0,0.0,0.0,0.0,0.0,0.0,0,1,0.0,false
dependencymanager/test/src/test/java/org/apache/felix/dm/test/AdapterWithInstanceBoundDependencyTest.java,84.0,11.0,1.0,2.0,18.0,4.0,0.0,pderop@13f79535-47bb-0310-9956-ffa450edef68,0,0.0,0.0,0.0,0.0,0.0,0.0,0.0,0,0,0.0,false
dependencymanager/test/src/test/java/org/apache/felix/dm/test/AspectBaseTest.java,150.0,18.0,6.0,4.0,59.0,6.0,0.0,marrs@13f79535-47bb-0310-9956-ffa450edef68,0,0.0,0.0,0.0,0.0,0.0,0.0,0.0,0,0,0.0,false
dependencymanager/test/src/test/java/org/apache/felix/dm/test/AspectDynamicsTest.java,99.0,11.0,1.0,2.0,19.0,4.0,0.0,marrs@13f79535-47bb-0310-9956-ffa450edef68,0,0.0,0.0,0.0,0.0,0.0,0.0,0.0,0,1,0.0,false
dependencymanager/test/src/test/java/org/apache/felix/dm/test/ComponentLifeCycleTest.java,59.0,11.0,3.0,3.0,18.0,7.0,0.0,pderop@13f79535-47bb-0310-9956-ffa450edef68,0,0.0,0.0,0.0,0.0,0.0,0.0,0.0,0,1,0.0,false
dependencymanager/test/src/test/java/org/apache/felix/dm/test/DynamicProxyAspectTest.java,115.0,15.0,1.0,2.0,22.0,5.0,3.0,pderop@13f79535-47bb-0310-9956-ffa450edef68,1,0.0029940119760479044,14.0,0.0,14.0,0.0,335.4782608695652,1257.1871539765336,1,1,2.750470916986162,false
dependencymanager/test/src/test/java/org/apache/felix/dm/test/Ensure.java,100.0,2.0,4.0,9.0,16.0,20.0,0.0,pderop@13f79535-47bb-0310-9956-ffa450edef68,0,0.0,0.0,0.0,0.0,0.0,0.0,0.0,0,1,0.0,false
dependencymanager/test/src/test/java/org/apache/felix/dm/test/FELIX2344_ExtraDependencyWithAutoConfigTest.java,53.0,12.0,1.0,2.0,14.0,5.0,0.0,pderop@13f79535-47bb-0310-9956-ffa450edef68,0,0.0,0.0,0.0,0.0,0.0,0.0,0.0,0,0,0.0,false
dependencymanager/test/src/test/java/org/apache/felix/dm/test/FELIX2369_ExtraDependencyTest.java,53.0,15.0,1.0,2.0,14.0,4.0,0.0,pderop@13f79535-47bb-0310-9956-ffa450edef68,0,0.0,0.0,0.0,0.0,0.0,0.0,0.0,0,1,0.0,false
dependencymanager/test/src/test/java/org/apache/felix/dm/test/FELIX_2696_ConfigurationAndServiceDependencyTest.java,63.0,18.0,1.0,2.0,19.0,4.0,1.0,marrs@13f79535-47bb-0310-9956-ffa450edef68,1,0.0029940119760479044,100.0,50.0,0.0,50.0,335.4782608695652,1257.1871539765336,1,0,2.750470916986162,false
dependencymanager/test/src/test/java/org/apache/felix/dm/test/FactoryConfigurationAdapterTest.java,137.0,17.0,1.0,2.0,22.0,4.0,0.0,pderop@13f79535-47bb-0310-9956-ffa450edef68,0,0.0,0.0,0.0,0.0,0.0,0.0,0.0,0,2,0.0,false
dependencymanager/test/src/test/java/org/apache/felix/dm/test/MultipleExtraDependenciesTest.java,106.0,14.0,3.0,3.0,33.0,5.0,0.0,pderop@13f79535-47bb-0310-9956-ffa450edef68,0,0.0,0.0,0.0,0.0,0.0,0.0,0.0,0,1,0.0,false
dependencymanager/test/src/test/java/org/apache/felix/dm/test/MultipleExtraDependencyTest2.java,136.0,13.0,1.0,2.0,17.0,4.0,0.0,pderop@13f79535-47bb-0310-9956-ffa450edef68,0,0.0,0.0,0.0,0.0,0.0,0.0,0.0,0,0,0.0,false
dependencymanager/test/src/test/java/org/apache/felix/dm/test/ResourceAdapterDependencyAddAndRemoveTest.java,158.0,25.0,1.0,2.0,22.0,5.0,0.0,pderop@13f79535-47bb-0310-9956-ffa450edef68,0,0.0,0.0,0.0,0.0,0.0,0.0,0.0,0,0,0.0,false
dependencymanager/test/src/test/java/org/apache/felix/dm/test/ResourceAdapterDependencyAddAndRemoveTest2.java,170.0,26.0,1.0,2.0,23.0,5.0,0.0,pderop@13f79535-47bb-0310-9956-ffa450edef68,0,0.0,0.0,0.0,0.0,0.0,0.0,0.0,0,0,0.0,false
dependencymanager/test/src/test/java/org/apache/felix/dm/test/ResourceDependencyTest.java,139.0,25.0,1.0,2.0,21.0,4.0,0.0,pderop@13f79535-47bb-0310-9956-ffa450edef68,0,0.0,0.0,0.0,0.0,0.0,0.0,0.0,0,1,0.0,false
dependencymanager/test/src/test/java/org/apache/felix/dm/test/ServiceDependencyComponentLifeCycleTest.java,91.0,16.0,1.0,2.0,23.0,6.0,3.0,marrs@13f79535-47bb-0310-9956-ffa450edef68,1,0.0029940119760479044,20.0,0.0,20.0,0.0,335.4782608695652,1257.1871539765336,1,0,2.750470916986162,false
dependencymanager/test/src/test/java/org/apache/felix/dm/test/ServiceDependencyInjectionTest.java,66.0,12.0,1.0,2.0,18.0,4.0,0.0,marrs@13f79535-47bb-0310-9956-ffa450edef68,0,0.0,0.0,0.0,0.0,0.0,0.0,0.0,0,0,0.0,false
dependencymanager/test/src/test/java/org/apache/felix/dm/test/ServiceDependencyThroughCallbackInstanceTest.java,44.0,11.0,10.0,5.0,20.0,10.0,1.0,pderop@13f79535-47bb-0310-9956-ffa450edef68,1,0.0029940119760479044,50.0,25.0,0.0,0.0,335.4782608695652,1257.1871539765336,1,0,2.750470916986162,false
dependencymanager/test/src/test/java/org/apache/felix/dm/test/ServiceTrackerTest.java,86.0,16.0,6.0,4.0,43.0,6.0,0.0,pderop@13f79535-47bb-0310-9956-ffa450edef68,0,0.0,0.0,0.0,0.0,0.0,0.0,0.0,0,0,0.0,false
dependencymanager/test/src/test/java/org/apache/felix/dm/test/ServiceUpdateTest.java,150.0,25.0,1.0,2.0,21.0,5.0,0.0,pderop@13f79535-47bb-0310-9956-ffa450edef68,0,0.0,0.0,0.0,0.0,0.0,0.0,0.0,0,1,0.0,false
deploymentadmin/autoconf/src/main/java/org/apache/felix/deployment/rp/autoconf/Activator.java,12.0,10.0,1.0,2.0,9.0,4.0,9.0,marrs@13f79535-47bb-0310-9956-ffa450edef68,0,0.0,0.0,0.0,0.0,0.0,0.0,0.0,0,2,0.0,false
deploymentadmin/service/src/main/java/org/apache/felix/deploymentadmin/Activator.java,11.0,7.0,1.0,2.0,8.0,4.0,9.0,marrs@13f79535-47bb-0310-9956-ffa450edef68,0,0.0,0.0,0.0,0.0,0.0,0.0,0.0,0,1,0.0,false
deploymentadmin/service/src/main/java/org/apache/felix/deploymentadmin/DeploymentAdminImpl.java,240.0,33.0,57.0,14.0,48.0,41.0,2.0,christian@13f79535-47bb-0310-9956-ffa450edef68,1,0.0029940119760479044,25.0,0.0,25.0,0.0,335.4782608695652,1257.1871539765336,1,1,2.750470916986162,false
deploymentadmin/service/src/main/java/org/apache/felix/deploymentadmin/spi/Command.java,66.0,4.0,6.0,8.0,14.0,21.0,2.0,christian@13f79535-47bb-0310-9956-ffa450edef68,1,0.0029940119760479044,33.0,0.0,33.0,0.0,335.4782608695652,1257.1871539765336,1,0,2.750470916986162,false
eventadmin/impl/src/main/java/org/apache/felix/eventadmin/impl/Configuration.java,249.0,12.0,42.0,12.0,45.0,39.0,0.0,cziegeler@13f79535-47bb-0310-9956-ffa450edef68,0,0.0,0.0,0.0,0.0,0.0,0.0,0.0,0,1,0.0,false
eventadmin/impl/src/main/java/org/apache/felix/eventadmin/impl/MetaTypeProviderImpl.java,121.0,6.0,30.0,9.0,5.0,21.0,16.0,cziegeler@13f79535-47bb-0310-9956-ffa450edef68,0,0.0,0.0,0.0,0.0,0.0,0.0,0.0,0,1,0.0,false
eventadmin/impl/src/main/java/org/apache/felix/eventadmin/impl/util/LogWrapper.java,263.0,10.0,9.0,14.0,52.0,40.0,0.0,pauls@13f79535-47bb-0310-9956-ffa450edef68,0,0.0,0.0,0.0,0.0,0.0,0.0,0.0,0,1,0.0,false
fileinstall/src/main/java/org/apache/felix/fileinstall/internal/BundleTransformer.java,34.0,7.0,1.0,2.0,7.0,9.0,0.0,gnodet@13f79535-47bb-0310-9956-ffa450edef68,0,0.0,0.0,0.0,0.0,0.0,0.0,0.0,0,2,0.0,true
fileinstall/src/main/java/org/apache/felix/fileinstall/internal/ConfigInstaller.java,189.0,23.0,67.0,14.0,69.0,51.0,1.0,gnodet@13f79535-47bb-0310-9956-ffa450edef68,2,0.005988023952095809,22.0,4.0,0.0,0.0,2011.7203647416413,23228.4619888027,2,1,1.3994230671667263,true
fileinstall/src/main/java/org/apache/felix/fileinstall/internal/DirectoryWatcher.java,721.0,35.0,397.0,35.0,255.0,140.0,1.0,gnodet@13f79535-47bb-0310-9956-ffa450edef68,2,0.005988023952095809,5.0,2.0,0.0,0.0,218.57142857142856,364.050030942492,2,5,1.789733060254595,true
fileinstall/src/main/java/org/apache/felix/fileinstall/internal/FileInstall.java,227.0,10.0,71.0,15.0,57.0,48.0,1.0,gnodet@13f79535-47bb-0310-9956-ffa450edef68,2,0.005988023952095809,10.0,3.0,0.0,0.0,218.57142857142856,364.050030942492,2,3,1.789733060254595,true
fileinstall/src/main/java/org/apache/felix/fileinstall/internal/Util.java,221.0,23.0,34.0,9.0,38.0,30.0,0.0,gnodet@13f79535-47bb-0310-9956-ffa450edef68,0,0.0,0.0,0.0,0.0,0.0,0.0,0.0,0,6,0.0,true
fileinstall/src/test/java/org/apache/felix/fileinstall/internal/ConfigInstallerTest.java,128.0,12.0,0.0,10.0,57.0,26.0,2.0,gnodet@13f79535-47bb-0310-9956-ffa450edef68,1,0.0029940119760479044,9.0,0.0,0.0,0.0,218.57142857142856,359.12735332304214,1,0,1.9175617940510583,false
framework.security/src/main/java/org/apache/felix/framework/security/condpermadmin/ConditionalPermissionAdminImpl.java,673.0,56.0,880.0,45.0,113.0,130.0,4.0,pauls@13f79535-47bb-0310-9956-ffa450edef68,1,0.0029940119760479044,11.0,0.0,0.0,0.0,59.0,34.61547900306266,1,0,2.6107089746110037,true
framework.security/src/main/java/org/apache/felix/framework/security/util/BundleInputStream.java,107.0,13.0,0.0,3.0,24.0,16.0,4.0,pauls@13f79535-47bb-0310-9956-ffa450edef68,1,0.0029940119760479044,12.0,0.0,0.0,0.0,59.0,34.61547900306266,1,0,2.6107089746110037,true
framework/src/main/java/org/apache/felix/framework/BundleImpl.java,683.0,10.0,1966.0,72.0,264.0,215.0,2.0,rickhall@13f79535-47bb-0310-9956-ffa450edef68,1,0.0029940119760479044,2.0,0.0,0.0,0.0,76.25,811.6550990086521,1,10,1.7388700053076822,true
framework/src/main/java/org/apache/felix/framework/ExtensionManager.java,393.0,35.0,267.0,26.0,94.0,72.0,0.0,rickhall@13f79535-47bb-0310-9956-ffa450edef68,0,0.0,0.0,0.0,0.0,0.0,0.0,0.0,0,18,0.0,true
framework/src/main/java/org/apache/felix/framework/Felix.java,2455.0,58.0,5524.0,113.0,589.0,434.0,1.0,rickhall@13f79535-47bb-0310-9956-ffa450edef68,2,0.005988023952095809,3.0,0.0,1.0,0.0,294.82142857142856,1170.7824523316942,2,50,1.2742059395181695,true
framework/src/main/java/org/apache/felix/framework/ModuleImpl.java,1284.0,54.0,1774.0,65.0,249.0,230.0,0.0,rickhall@13f79535-47bb-0310-9956-ffa450edef68,0,0.0,0.0,0.0,0.0,0.0,0.0,0.0,0,16,0.0,true
framework/src/main/java/org/apache/felix/framework/ServiceRegistrationImpl.java,322.0,14.0,14.0,16.0,39.0,50.0,0.0,rickhall@13f79535-47bb-0310-9956-ffa450edef68,0,0.0,0.0,0.0,0.0,0.0,0.0,0.0,0,7,0.0,true
framework/src/main/java/org/apache/felix/framework/ServiceRegistry.java,427.0,7.0,220.0,25.0,97.0,96.0,1.0,rickhall@13f79535-47bb-0310-9956-ffa450edef68,1,0.0029940119760479044,2.0,0.0,2.0,0.0,76.25,811.6550990086521,1,4,1.7388700053076822,true
framework/src/main/java/org/apache/felix/framework/URLHandlersBundleURLConnection.java,115.0,8.0,22.0,9.0,26.0,28.0,1.0,rickhall@13f79535-47bb-0310-9956-ffa450edef68,1,0.0029940119760479044,4.0,0.0,4.0,0.0,76.25,811.6550990086521,1,3,1.7388700053076822,true
framework/src/main/java/org/apache/felix/framework/cache/BundleArchive.java,775.0,6.0,68.0,41.0,239.0,180.0,0.0,rickhall@13f79535-47bb-0310-9956-ffa450edef68,0,0.0,0.0,0.0,0.0,0.0,0.0,0.0,0,4,0.0,false
framework/src/main/java/org/apache/felix/framework/cache/BundleCache.java,199.0,7.0,23.0,11.0,62.0,47.0,1.0,rickhall@13f79535-47bb-0310-9956-ffa450edef68,2,0.005988023952095809,13.0,3.0,7.0,0.0,135.25,846.2705780117147,2,5,1.3944946030147045,false
framework/src/main/java/org/apache/felix/framework/cache/ContentDirectoryContent.java,79.0,6.0,0.0,10.0,24.0,32.0,0.0,rickhall@13f79535-47bb-0310-9956-ffa450edef68,0,0.0,0.0,0.0,0.0,0.0,0.0,0.0,0,1,0.0,true
framework/src/main/java/org/apache/felix/framework/cache/DirectoryContent.java,202.0,9.0,0.0,10.0,60.0,41.0,1.0,rickhall@13f79535-47bb-0310-9956-ffa450edef68,1,0.0029940119760479044,10.0,0.0,0.0,0.0,76.25,811.6550990086521,1,2,1.7388700053076822,true
framework/src/main/java/org/apache/felix/framework/cache/JarContent.java,287.0,18.0,0.0,14.0,75.0,53.0,5.0,rickhall@13f79535-47bb-0310-9956-ffa450edef68,1,0.0029940119760479044,4.0,0.0,4.0,0.0,76.25,811.6550990086521,1,5,1.7388700053076822,true
framework/src/main/java/org/apache/felix/framework/cache/JarRevision.java,153.0,14.0,5.0,7.0,42.0,28.0,1.0,rickhall@13f79535-47bb-0310-9956-ffa450edef68,2,0.005988023952095809,19.0,4.0,7.0,0.0,135.25,846.2705780117147,2,1,1.4128353756301588,true
framework/src/main/java/org/apache/felix/framework/resolver/Content.java,48.0,4.0,28.0,8.0,0.0,26.0,0.0,rickhall@13f79535-47bb-0310-9956-ffa450edef68,0,0.0,0.0,0.0,0.0,0.0,0.0,0.0,0,0,0.0,true
framework/src/main/java/org/apache/felix/framework/resolver/Module.java,26.0,11.0,231.0,22.0,0.0,25.0,0.0,rickhall@13f79535-47bb-0310-9956-ffa450edef68,0,0.0,0.0,0.0,0.0,0.0,0.0,0.0,0,1,0.0,true
framework/src/main/java/org/apache/felix/framework/resolver/ResolverImpl.java,760.0,21.0,231.0,23.0,253.0,109.0,1.0,rickhall@13f79535-47bb-0310-9956-ffa450edef68,1,0.0029940119760479044,5.0,0.0,1.0,1.0,76.25,811.6550990086521,1,10,1.7388700053076822,true
framework/src/main/java/org/apache/felix/framework/resolver/WireImpl.java,65.0,6.0,0.0,10.0,24.0,29.0,0.0,rickhall@13f79535-47bb-0310-9956-ffa450edef68,0,0.0,0.0,0.0,0.0,0.0,0.0,0.0,0,2,0.0,true
framework/src/main/java/org/apache/felix/framework/resolver/WireModuleImpl.java,66.0,6.0,0.0,10.0,11.0,27.0,0.0,rickhall@13f79535-47bb-0310-9956-ffa450edef68,0,0.0,0.0,0.0,0.0,0.0,0.0,0.0,0,1,0.0,true
framework/src/main/java/org/apache/felix/framework/util/EventDispatcher.java,657.0,31.0,210.0,25.0,79.0,89.0,16.0,rickhall@13f79535-47bb-0310-9956-ffa450edef68,0,0.0,0.0,0.0,0.0,0.0,0.0,0.0,0,8,0.0,true
framework/src/main/java/org/apache/felix/framework/util/FelixConstants.java,30.0,0.0,0.0,0.0,0.0,0.0,0.0,rickhall@13f79535-47bb-0310-9956-ffa450edef68,0,0.0,0.0,0.0,0.0,0.0,0.0,0.0,0,3,0.0,true
framework/src/main/java/org/apache/felix/framework/util/MapToDictionary.java,39.0,1.0,0.0,9.0,8.0,19.0,0.0,joes@13f79535-47bb-0310-9956-ffa450edef68,0,0.0,0.0,0.0,0.0,0.0,0.0,0.0,0,1,0.0,false
framework/src/main/java/org/apache/felix/framework/util/SecureAction.java,888.0,8.0,0.0,42.0,259.0,246.0,3.0,rickhall@13f79535-47bb-0310-9956-ffa450edef68,1,0.0029940119760479044,5.0,0.0,2.0,0.0,76.25,811.6550990086521,1,5,1.7388700053076822,true
framework/src/main/java/org/apache/felix/framework/util/Util.java,284.0,17.0,120.0,16.0,69.0,76.0,0.0,rickhall@13f79535-47bb-0310-9956-ffa450edef68,0,0.0,0.0,0.0,0.0,0.0,0.0,0.0,0,5,0.0,true
framework/src/main/java/org/apache/felix/framework/util/ZipFileX.java,24.0,5.0,6.0,4.0,2.0,10.0,5.0,rickhall@13f79535-47bb-0310-9956-ffa450edef68,1,0.0029940119760479044,50.0,0.0,50.0,0.0,76.25,811.6550990086521,1,0,1.7388700053076822,false
gogo/command/src/main/java/org/apache/felix/gogo/command/Basic.java,629.0,33.0,253.0,30.0,180.0,110.0,0.0,rickhall@13f79535-47bb-0310-9956-ffa450edef68,0,0.0,0.0,0.0,0.0,0.0,0.0,0.0,0,2,0.0,false
gogo/runtime/src/main/java/org/apache/felix/gogo/api/CommandSessionListener.java,8.0,1.0,3.0,3.0,0.0,4.0,6.0,gnodet@13f79535-47bb-0310-9956-ffa450edef68,1,0.0029940119760479044,100.0,0.0,0.0,0.0,218.57142857142856,359.12735332304214,1,0,1.9175617940510583,false
gogo/runtime/src/main/java/org/apache/felix/gogo/runtime/Closure.java,404.0,10.0,0.0,17.0,102.0,73.0,1.0,dbaum@13f79535-47bb-0310-9956-ffa450edef68,1,0.0029940119760479044,7.0,0.0,0.0,0.0,218.57142857142856,359.12735332304214,1,3,1.9175617940510583,true
gogo/runtime/src/main/java/org/apache/felix/gogo/runtime/CommandProcessorImpl.java,173.0,19.0,193.0,23.0,55.0,56.0,6.0,gnodet@13f79535-47bb-0310-9956-ffa450edef68,1,0.0029940119760479044,12.0,6.0,0.0,0.0,218.57142857142856,359.12735332304214,1,2,1.9175617940510583,true
gogo/runtime/src/main/java/org/apache/felix/gogo/runtime/CommandSessionImpl.java,228.0,15.0,34.0,12.0,43.0,34.0,3.0,gnodet@13f79535-47bb-0310-9956-ffa450edef68,1,0.0029940119760479044,13.0,13.0,0.0,0.0,218.57142857142856,359.12735332304214,1,2,1.9175617940510583,true
gogo/runtime/src/main/java/org/apache/felix/gogo/runtime/activator/Activator.java,108.0,17.0,0.0,10.0,42.0,32.0,9.0,gnodet@13f79535-47bb-0310-9956-ffa450edef68,1,0.0029940119760479044,18.0,9.0,0.0,0.0,218.57142857142856,359.12735332304214,1,2,1.9175617940510583,true
gogo/runtime/src/main/java/org/apache/felix/gogo/runtime/activator/EventAdminListener.java,22.0,7.0,4.0,4.0,6.0,6.0,6.0,gnodet@13f79535-47bb-0310-9956-ffa450edef68,1,0.0029940119760479044,67.0,33.0,0.0,0.0,218.57142857142856,359.12735332304214,1,0,1.9175617940510583,false
gogo/shell/src/main/java/org/apache/felix/gogo/shell/Shell.java,134.0,15.0,32.0,9.0,56.0,29.0,0.0,dbaum@13f79535-47bb-0310-9956-ffa450edef68,0,0.0,0.0,0.0,0.0,0.0,0.0,0.0,0,0,0.0,false
gogo/shell/src/main/java/org/apache/felix/gogo/shell/Telnet.java,107.0,10.0,0.0,7.0,29.0,19.0,1.0,dbaum@13f79535-47bb-0310-9956-ffa450edef68,1,0.0029940119760479044,17.0,17.0,0.0,0.0,0.0,0.0,1,0,5.746203190540153,false
http/base/src/main/java/org/apache/felix/http/base/internal/AbstractHttpActivator.java,23.0,0.0,0.0,5.0,3.0,10.0,16.0,fmeschbe@13f79535-47bb-0310-9956-ffa450edef68,1,0.0029940119760479044,50.0,0.0,0.0,0.0,1446.2298850574712,15771.4032476183,1,0,1.7759112769880314,false
http/base/src/main/java/org/apache/felix/http/base/internal/DispatcherServlet.java,56.0,11.0,0.0,4.0,10.0,6.0,16.0,cziegeler@13f79535-47bb-0310-9956-ffa450edef68,1,0.0029940119760479044,14.0,0.0,0.0,0.0,1446.2298850574712,15771.4032476183,1,0,1.7759112769880314,false
http/base/src/main/java/org/apache/felix/http/base/internal/EventDispatcher.java,24.0,4.0,0.0,6.0,10.0,6.0,16.0,cziegeler@13f79535-47bb-0310-9956-ffa450edef68,1,0.0029940119760479044,50.0,0.0,0.0,0.0,1446.2298850574712,15771.4032476183,1,0,1.7759112769880314,false
http/base/src/main/java/org/apache/felix/http/base/internal/HttpServiceController.java,75.0,14.0,1.0,10.0,9.0,20.0,11.0,cziegeler@13f79535-47bb-0310-9956-ffa450edef68,1,0.0029940119760479044,8.0,0.0,0.0,0.0,1446.2298850574712,15771.4032476183,1,0,1.7759112769880314,false
http/base/src/main/java/org/apache/felix/http/base/internal/context/ServletContextImpl.java,136.0,21.0,302.0,28.0,42.0,62.0,11.0,cziegeler@13f79535-47bb-0310-9956-ffa450edef68,1,0.0029940119760479044,14.0,0.0,0.0,0.0,1446.2298850574712,15771.4032476183,1,1,1.7759112769880314,false
http/base/src/main/java/org/apache/felix/http/base/internal/context/ServletContextManager.java,26.0,6.0,0.0,3.0,3.0,6.0,11.0,fmeschbe@13f79535-47bb-0310-9956-ffa450edef68,1,0.0029940119760479044,33.0,0.0,0.0,0.0,1446.2298850574712,15771.4032476183,1,0,1.7759112769880314,false
http/base/src/main/java/org/apache/felix/http/base/internal/handler/HandlerRegistry.java,85.0,7.0,1.0,11.0,32.0,21.0,2.0,cziegeler@13f79535-47bb-0310-9956-ffa450edef68,1,0.0029940119760479044,3.0,0.0,0.0,0.0,1446.2298850574712,15771.4032476183,1,0,1.7759112769880314,false
http/base/src/main/java/org/apache/felix/http/base/internal/handler/ServletHandler.java,51.0,7.0,0.0,9.0,15.0,21.0,1.0,cziegeler@13f79535-47bb-0310-9956-ffa450edef68,1,0.0029940119760479044,4.0,0.0,4.0,0.0,1446.2298850574712,15771.4032476183,1,1,1.7759112769880314,false
http/base/src/main/java/org/apache/felix/http/base/internal/listener/AbstractListenerManager.java,50.0,5.0,0.0,5.0,4.0,12.0,16.0,cziegeler@13f79535-47bb-0310-9956-ffa450edef68,1,0.0029940119760479044,33.0,0.0,0.0,0.0,1446.2298850574712,15771.4032476183,1,0,1.7759112769880314,false
http/base/src/main/java/org/apache/felix/http/base/internal/listener/HttpSessionAttributeListenerManager.java,26.0,4.0,6.0,4.0,12.0,7.0,16.0,cziegeler@13f79535-47bb-0310-9956-ffa450edef68,1,0.0029940119760479044,33.0,0.0,0.0,0.0,1446.2298850574712,15771.4032476183,1,0,1.7759112769880314,false
http/base/src/main/java/org/apache/felix/http/base/internal/listener/HttpSessionListenerManager.java,20.0,4.0,3.0,3.0,8.0,5.0,16.0,cziegeler@13f79535-47bb-0310-9956-ffa450edef68,1,0.0029940119760479044,33.0,0.0,0.0,0.0,1446.2298850574712,15771.4032476183,1,0,1.7759112769880314,false
http/base/src/main/java/org/apache/felix/http/base/internal/listener/ServletContextAttributeListenerManager.java,26.0,4.0,6.0,4.0,12.0,7.0,16.0,cziegeler@13f79535-47bb-0310-9956-ffa450edef68,1,0.0029940119760479044,33.0,0.0,0.0,0.0,1446.2298850574712,15771.4032476183,1,0,1.7759112769880314,false
http/base/src/main/java/org/apache/felix/http/base/internal/listener/ServletRequestAttributeListenerManager.java,26.0,4.0,6.0,4.0,12.0,7.0,16.0,cziegeler@13f79535-47bb-0310-9956-ffa450edef68,1,0.0029940119760479044,33.0,0.0,0.0,0.0,1446.2298850574712,15771.4032476183,1,0,1.7759112769880314,false
http/base/src/main/java/org/apache/felix/http/base/internal/listener/ServletRequestListenerManager.java,20.0,4.0,3.0,3.0,8.0,5.0,16.0,cziegeler@13f79535-47bb-0310-9956-ffa450edef68,1,0.0029940119760479044,33.0,0.0,0.0,0.0,1446.2298850574712,15771.4032476183,1,0,1.7759112769880314,false
http/base/src/main/java/org/apache/felix/http/base/internal/service/HttpServiceFactory.java,16.0,6.0,1.0,3.0,1.0,4.0,11.0,cziegeler@13f79535-47bb-0310-9956-ffa450edef68,1,0.0029940119760479044,17.0,0.0,0.0,0.0,1446.2298850574712,15771.4032476183,1,0,1.7759112769880314,false
http/base/src/main/java/org/apache/felix/http/base/internal/service/HttpServiceImpl.java,105.0,11.0,47.0,14.0,29.0,35.0,6.0,cziegeler@13f79535-47bb-0310-9956-ffa450edef68,1,0.0029940119760479044,14.0,0.0,3.0,0.0,1446.2298850574712,15771.4032476183,1,0,1.7759112769880314,false
http/base/src/test/java/org/apache/felix/http/base/internal/context/ServletContextImplTest.java,146.0,13.0,0.0,14.0,72.0,20.0,11.0,cziegeler@13f79535-47bb-0310-9956-ffa450edef68,1,0.0029940119760479044,22.0,0.0,0.0,0.0,1446.2298850574712,15771.4032476183,1,1,1.7759112769880314,false
http/base/src/test/java/org/apache/felix/http/base/internal/context/ServletContextManagerTest.java,20.0,7.0,0.0,2.0,6.0,3.0,11.0,cziegeler@13f79535-47bb-0310-9956-ffa450edef68,1,0.0029940119760479044,40.0,0.0,0.0,0.0,1446.2298850574712,15771.4032476183,1,0,1.7759112769880314,false
http/base/src/test/java/org/apache/felix/http/base/internal/handler/ServletHandlerTest.java,88.0,8.0,0.0,12.0,71.0,28.0,1.0,cziegeler@13f79535-47bb-0310-9956-ffa450edef68,1,0.0029940119760479044,8.0,0.0,8.0,0.0,1446.2298850574712,15771.4032476183,1,0,1.7759112769880314,false
http/bridge/src/main/java/org/apache/felix/http/bridge/internal/BridgeActivator.java,16.0,6.0,0.0,1.0,8.0,3.0,1.0,cziegeler@13f79535-47bb-0310-9956-ffa450edef68,1,0.0029940119760479044,20.0,0.0,0.0,0.0,1446.2298850574712,15771.4032476183,1,0,1.7759112769880314,false
http/jetty/src/main/java/org/apache/felix/http/jetty/internal/JettyActivator.java,12.0,1.0,0.0,2.0,6.0,4.0,2.0,srs@13f79535-47bb-0310-9956-ffa450edef68,1,0.0029940119760479044,17.0,17.0,0.0,0.0,1446.2298850574712,15771.4032476183,1,0,1.7759112769880314,false
http/jetty/src/main/java/org/apache/felix/http/jetty/internal/JettyConfig.java,171.0,4.0,148.0,20.0,16.0,44.0,1.0,fmeschbe@13f79535-47bb-0310-9956-ffa450edef68,1,0.0029940119760479044,9.0,3.0,0.0,0.0,1446.2298850574712,15771.4032476183,1,0,1.7759112769880314,true
http/jetty/src/main/java/org/apache/felix/http/jetty/internal/JettyManagedService.java,16.0,5.0,0.0,4.0,2.0,5.0,3.0,fmeschbe@13f79535-47bb-0310-9956-ffa450edef68,1,0.0029940119760479044,100.0,0.0,0.0,0.0,1446.2298850574712,15771.4032476183,1,0,1.7759112769880314,false
http/jetty/src/main/java/org/apache/felix/http/jetty/internal/JettyService.java,179.0,18.0,5.0,11.0,63.0,31.0,2.0,fmeschbe@13f79535-47bb-0310-9956-ffa450edef68,1,0.0029940119760479044,8.0,4.0,0.0,0.0,1446.2298850574712,15771.4032476183,1,1,1.7759112769880314,true
http/proxy/src/main/java/org/apache/felix/http/proxy/DispatcherTracker.java,58.0,7.0,18.0,9.0,14.0,21.0,2.0,fmeschbe@13f79535-47bb-0310-9956-ffa450edef68,1,0.0029940119760479044,50.0,0.0,0.0,0.0,1446.2298850574712,15771.4032476183,1,0,1.7759112769880314,false
http/proxy/src/main/java/org/apache/felix/http/proxy/ProxyListener.java,98.0,14.0,12.0,12.0,23.0,27.0,1.0,fmeschbe@13f79535-47bb-0310-9956-ffa450edef68,1,0.0029940119760479044,100.0,50.0,0.0,0.0,1446.2298850574712,15771.4032476183,1,0,1.7759112769880314,false
ipojo/annotations/src/main/java/org/apache/felix/ipojo/annotations/Component.java,0.0,0.0,0.0,0.0,0.0,0.0,9.0,clement@13f79535-47bb-0310-9956-ffa450edef68,0,0.0,0.0,0.0,0.0,0.0,0.0,0.0,0,5,0.0,false
ipojo/annotations/src/main/java/org/apache/felix/ipojo/annotations/Property.java,0.0,0.0,0.0,0.0,0.0,0.0,21.0,clement@13f79535-47bb-0310-9956-ffa450edef68,1,0.0029940119760479044,20.0,0.0,0.0,0.0,1793.148936170213,22869.33463547966,1,2,1.5120966859428937,false
ipojo/annotations/src/main/java/org/apache/felix/ipojo/annotations/Provides.java,0.0,0.0,0.0,0.0,0.0,0.0,0.0,clement@13f79535-47bb-0310-9956-ffa450edef68,0,0.0,0.0,0.0,0.0,0.0,0.0,0.0,0,2,0.0,false
ipojo/annotations/src/main/java/org/apache/felix/ipojo/annotations/Requires.java,0.0,0.0,0.0,0.0,0.0,0.0,26.0,clement@13f79535-47bb-0310-9956-ffa450edef68,1,0.0029940119760479044,12.0,0.0,0.0,0.0,1793.148936170213,22869.33463547966,1,4,1.5120966859428937,false
ipojo/annotations/src/main/java/org/apache/felix/ipojo/annotations/StaticServiceProperty.java,0.0,0.0,0.0,0.0,0.0,0.0,0.0,clement@13f79535-47bb-0310-9956-ffa450edef68,0,0.0,0.0,0.0,0.0,0.0,0.0,0.0,0,1,0.0,false
ipojo/annotations/src/main/java/org/apache/felix/ipojo/handler/temporal/Requires.java,0.0,0.0,0.0,0.0,0.0,0.0,26.0,clement@13f79535-47bb-0310-9956-ffa450edef68,1,0.0029940119760479044,25.0,0.0,25.0,25.0,1793.148936170213,22869.33463547966,1,2,1.5120966859428937,false
ipojo/annotations/src/main/java/org/apache/felix/ipojo/handler/temporal/Temporal.java,0.0,0.0,0.0,0.0,0.0,0.0,11.0,clement@13f79535-47bb-0310-9956-ffa450edef68,1,0.0029940119760479044,25.0,0.0,25.0,25.0,1793.148936170213,22869.33463547966,1,0,1.5120966859428937,false
ipojo/annotations/src/main/java/org/apache/felix/ipojo/handlers/event/Publisher.java,0.0,0.0,0.0,0.0,0.0,0.0,8.0,clement@13f79535-47bb-0310-9956-ffa450edef68,0,0.0,0.0,0.0,0.0,0.0,0.0,0.0,0,3,0.0,false
ipojo/annotations/src/main/java/org/apache/felix/ipojo/handlers/event/Publishes.java,0.0,0.0,0.0,0.0,0.0,0.0,0.0,clement@13f79535-47bb-0310-9956-ffa450edef68,0,0.0,0.0,0.0,0.0,0.0,0.0,0.0,0,1,0.0,false
ipojo/annotations/src/main/java/org/apache/felix/ipojo/handlers/event/Subscriber.java,0.0,0.0,0.0,0.0,0.0,0.0,0.0,clement@13f79535-47bb-0310-9956-ffa450edef68,0,0.0,0.0,0.0,0.0,0.0,0.0,0.0,0,2,0.0,false
ipojo/annotations/src/main/java/org/apache/felix/ipojo/handlers/jmx/Config.java,0.0,0.0,0.0,0.0,0.0,0.0,0.0,clement@13f79535-47bb-0310-9956-ffa450edef68,0,0.0,0.0,0.0,0.0,0.0,0.0,0.0,0,3,0.0,false
ipojo/annotations/src/main/java/org/apache/felix/ipojo/handlers/jmx/JMXBean.java,0.0,0.0,0.0,0.0,0.0,0.0,0.0,clement@13f79535-47bb-0310-9956-ffa450edef68,0,0.0,0.0,0.0,0.0,0.0,0.0,0.0,0,1,0.0,false
ipojo/annotations/src/main/java/org/apache/felix/ipojo/handlers/jmx/JMXMethod.java,0.0,0.0,0.0,0.0,0.0,0.0,0.0,clement@13f79535-47bb-0310-9956-ffa450edef68,0,0.0,0.0,0.0,0.0,0.0,0.0,0.0,0,1,0.0,false
ipojo/annotations/src/main/java/org/apache/felix/ipojo/handlers/jmx/JMXProperty.java,0.0,0.0,0.0,0.0,0.0,0.0,0.0,clement@13f79535-47bb-0310-9956-ffa450edef68,0,0.0,0.0,0.0,0.0,0.0,0.0,0.0,0,1,0.0,false
ipojo/annotations/src/main/java/org/apache/felix/ipojo/handlers/jmx/Method.java,0.0,0.0,0.0,0.0,0.0,0.0,0.0,clement@13f79535-47bb-0310-9956-ffa450edef68,0,0.0,0.0,0.0,0.0,0.0,0.0,0.0,0,2,0.0,false
ipojo/annotations/src/main/java/org/apache/felix/ipojo/handlers/jmx/Property.java,0.0,0.0,0.0,0.0,0.0,0.0,21.0,clement@13f79535-47bb-0310-9956-ffa450edef68,0,0.0,0.0,0.0,0.0,0.0,0.0,0.0,0,2,0.0,false
ipojo/annotations/src/main/java/org/apache/felix/ipojo/whiteboard/Whiteboards.java,0.0,0.0,0.0,0.0,0.0,0.0,0.0,clement@13f79535-47bb-0310-9956-ffa450edef68,0,0.0,0.0,0.0,0.0,0.0,0.0,0.0,0,1,0.0,false
ipojo/ant/src/main/java/org/apache/felix/ipojo/task/IPojoTask.java,211.0,5.0,22.0,9.0,20.0,19.0,16.0,clement@13f79535-47bb-0310-9956-ffa450edef68,1,0.0029940119760479044,8.0,8.0,8.0,0.0,1793.148936170213,22869.33463547966,1,7,1.5120966859428937,false
ipojo/api/src/main/java/org/apache/felix/ipojo/api/Dependency.java,332.0,5.0,121.0,19.0,7.0,47.0,13.0,clement@13f79535-47bb-0310-9956-ffa450edef68,1,0.0029940119760479044,17.0,17.0,0.0,0.0,1793.148936170213,22869.33463547966,1,2,1.5120966859428937,false
ipojo/api/src/main/java/org/apache/felix/ipojo/api/Property.java,153.0,5.0,11.0,10.0,7.0,28.0,21.0,clement@13f79535-47bb-0310-9956-ffa450edef68,1,0.0029940119760479044,25.0,25.0,0.0,0.0,1793.148936170213,22869.33463547966,1,0,1.5120966859428937,false
ipojo/api/src/main/java/org/apache/felix/ipojo/api/Service.java,247.0,9.0,57.0,14.0,27.0,41.0,6.0,clement@13f79535-47bb-0310-9956-ffa450edef68,1,0.0029940119760479044,12.0,12.0,0.0,0.0,1793.148936170213,22869.33463547966,1,3,1.5120966859428937,false
ipojo/api/src/test/java/org/apache/felix/ipojo/api/DependencyTest.java,97.0,2.0,55.0,11.0,55.0,11.0,6.0,clement@13f79535-47bb-0310-9956-ffa450edef68,1,0.0029940119760479044,50.0,50.0,0.0,0.0,1793.148936170213,22869.33463547966,1,0,1.5120966859428937,false
ipojo/api/src/test/java/org/apache/felix/ipojo/api/PropertyTest.java,26.0,2.0,3.0,3.0,16.0,3.0,6.0,clement@13f79535-47bb-0310-9956-ffa450edef68,1,0.0029940119760479044,50.0,50.0,0.0,0.0,1793.148936170213,22869.33463547966,1,0,1.5120966859428937,false
ipojo/api/src/test/java/org/apache/felix/ipojo/api/ServiceTest.java,38.0,4.0,6.0,4.0,20.0,6.0,6.0,clement@13f79535-47bb-0310-9956-ffa450edef68,1,0.0029940119760479044,50.0,50.0,0.0,0.0,1793.148936170213,22869.33463547966,1,0,1.5120966859428937,false
ipojo/composite/src/main/java/org/apache/felix/ipojo/composite/instance/InstanceHandler.java,340.0,17.0,18.0,13.0,75.0,55.0,6.0,clement@13f79535-47bb-0310-9956-ffa450edef68,1,0.0029940119760479044,14.0,0.0,14.0,0.0,1793.148936170213,22869.33463547966,1,0,1.5120966859428937,false
ipojo/composite/src/main/java/org/apache/felix/ipojo/composite/service/instantiator/ServiceDependencyHandler.java,296.0,21.0,0.0,12.0,60.0,43.0,6.0,clement@13f79535-47bb-0310-9956-ffa450edef68,1,0.0029940119760479044,20.0,0.0,20.0,0.0,1793.148936170213,22869.33463547966,1,1,1.5120966859428937,false
ipojo/core/src/main/java/org/apache/felix/ipojo/ComponentFactory.java,395.0,20.0,176.0,20.0,52.0,68.0,21.0,clement@13f79535-47bb-0310-9956-ffa450edef68,1,0.0029940119760479044,6.0,0.0,0.0,3.0,1793.148936170213,22869.33463547966,1,22,1.5120966859428937,false
ipojo/core/src/main/java/org/apache/felix/ipojo/ConstructorInjector.java,18.0,0.0,1.0,2.0,0.0,5.0,41.0,clement@13f79535-47bb-0310-9956-ffa450edef68,1,0.0029940119760479044,50.0,0.0,0.0,0.0,1793.148936170213,22869.33463547966,1,0,1.5120966859428937,false
ipojo/core/src/main/java/org/apache/felix/ipojo/ErrorHandler.java,20.0,0.0,1.0,2.0,0.0,2.0,13.0,clement@13f79535-47bb-0310-9956-ffa450edef68,1,0.0029940119760479044,50.0,50.0,50.0,0.0,1793.148936170213,22869.33463547966,1,0,1.5120966859428937,false
ipojo/core/src/main/java/org/apache/felix/ipojo/HandlerManager.java,179.0,5.0,0.0,10.0,25.0,32.0,41.0,clement@13f79535-47bb-0310-9956-ffa450edef68,1,0.0029940119760479044,11.0,0.0,0.0,0.0,1793.148936170213,22869.33463547966,1,5,1.5120966859428937,false
ipojo/core/src/main/java/org/apache/felix/ipojo/HandlerManagerFactory.java,144.0,6.0,26.0,9.0,14.0,27.0,41.0,clement@13f79535-47bb-0310-9956-ffa450edef68,1,0.0029940119760479044,12.0,0.0,0.0,0.0,1793.148936170213,22869.33463547966,1,3,1.5120966859428937,false
ipojo/core/src/main/java/org/apache/felix/ipojo/IPojoFactory.java,772.0,18.0,392.0,36.0,118.0,112.0,13.0,clement@13f79535-47bb-0310-9956-ffa450edef68,1,0.0029940119760479044,5.0,5.0,5.0,0.0,1793.148936170213,22869.33463547966,1,14,1.5120966859428937,false
ipojo/core/src/main/java/org/apache/felix/ipojo/InstanceCreator.java,299.0,9.0,0.0,8.0,57.0,27.0,13.0,clement@13f79535-47bb-0310-9956-ffa450edef68,1,0.0029940119760479044,6.0,6.0,6.0,0.0,1793.148936170213,22869.33463547966,1,10,1.5120966859428937,false
ipojo/core/src/main/java/org/apache/felix/ipojo/InstanceManager.java,1007.0,16.0,522.0,44.0,161.0,170.0,17.0,clement@13f79535-47bb-0310-9956-ffa450edef68,1,0.0029940119760479044,12.0,5.0,10.0,2.0,1793.148936170213,22869.33463547966,1,24,1.5120966859428937,false
ipojo/core/src/main/java/org/apache/felix/ipojo/PrimitiveHandler.java,157.0,3.0,100.0,16.0,4.0,41.0,27.0,clement@13f79535-47bb-0310-9956-ffa450edef68,1,0.0029940119760479044,22.0,11.0,11.0,0.0,1793.148936170213,22869.33463547966,1,3,1.5120966859428937,false
ipojo/core/src/main/java/org/apache/felix/ipojo/handlers/configuration/ConfigurationHandler.java,478.0,23.0,35.0,14.0,115.0,59.0,15.0,clement@13f79535-47bb-0310-9956-ffa450edef68,1,0.0029940119760479044,8.0,0.0,3.0,0.0,1793.148936170213,22869.33463547966,1,20,1.5120966859428937,false
ipojo/core/src/main/java/org/apache/felix/ipojo/handlers/dependency/Dependency.java,880.0,25.0,617.0,42.0,119.0,127.0,13.0,clement@13f79535-47bb-0310-9956-ffa450edef68,1,0.0029940119760479044,9.0,5.0,7.0,0.0,1793.148936170213,22869.33463547966,1,29,1.5120966859428937,false
ipojo/core/src/main/java/org/apache/felix/ipojo/handlers/dependency/DependencyHandler.java,488.0,23.0,34.0,13.0,85.0,50.0,41.0,clement@13f79535-47bb-0310-9956-ffa450edef68,1,0.0029940119760479044,3.0,0.0,0.0,0.0,1793.148936170213,22869.33463547966,1,20,1.5120966859428937,false
ipojo/core/src/main/java/org/apache/felix/ipojo/handlers/dependency/ProxyGenerator.java,140.0,7.0,4.0,5.0,44.0,15.0,5.0,clement@13f79535-47bb-0310-9956-ffa450edef68,1,0.0029940119760479044,25.0,25.0,25.0,0.0,1793.148936170213,22869.33463547966,1,2,1.5120966859428937,false
ipojo/core/src/main/java/org/apache/felix/ipojo/handlers/lifecycle/controller/ControllerHandler.java,112.0,9.0,7.0,6.0,22.0,18.0,0.0,clement@13f79535-47bb-0310-9956-ffa450edef68,0,0.0,0.0,0.0,0.0,0.0,0.0,0.0,0,5,0.0,false
ipojo/core/src/main/java/org/apache/felix/ipojo/handlers/providedservice/ProvidedService.java,694.0,26.0,192.0,25.0,96.0,89.0,13.0,clement@13f79535-47bb-0310-9956-ffa450edef68,1,0.0029940119760479044,3.0,3.0,3.0,0.0,1793.148936170213,22869.33463547966,1,20,1.5120966859428937,false
ipojo/core/src/main/java/org/apache/felix/ipojo/parser/ManifestMetadataParser.java,449.0,8.0,78.0,16.0,65.0,80.0,0.0,clement@13f79535-47bb-0310-9956-ffa450edef68,0,0.0,0.0,0.0,0.0,0.0,0.0,0.0,0,13,0.0,false
ipojo/core/src/main/java/org/apache/felix/ipojo/parser/MethodMetadata.java,134.0,3.0,9.0,7.0,26.0,24.0,41.0,clement@13f79535-47bb-0310-9956-ffa450edef68,1,0.0029940119760479044,10.0,0.0,0.0,0.0,1793.148936170213,22869.33463547966,1,3,1.5120966859428937,false
ipojo/core/src/main/java/org/apache/felix/ipojo/parser/PojoMetadata.java,218.0,2.0,80.0,16.0,25.0,56.0,41.0,clement@13f79535-47bb-0310-9956-ffa450edef68,1,0.0029940119760479044,14.0,0.0,0.0,0.0,1793.148936170213,22869.33463547966,1,4,1.5120966859428937,false
ipojo/core/src/main/java/org/apache/felix/ipojo/util/Callback.java,205.0,5.0,10.0,12.0,23.0,42.0,0.0,clement@13f79535-47bb-0310-9956-ffa450edef68,0,0.0,0.0,0.0,0.0,0.0,0.0,0.0,0,7,0.0,false
ipojo/core/src/main/java/org/apache/felix/ipojo/util/Logger.java,315.0,6.0,9.0,10.0,36.0,29.0,6.0,clement@13f79535-47bb-0310-9956-ffa450edef68,1,0.0029940119760479044,13.0,13.0,13.0,0.0,1793.148936170213,22869.33463547966,1,6,1.5120966859428937,false
ipojo/core/src/main/java/org/apache/felix/ipojo/util/Property.java,595.0,12.0,178.0,24.0,72.0,85.0,21.0,clement@13f79535-47bb-0310-9956-ffa450edef68,1,0.0029940119760479044,14.0,5.0,5.0,0.0,1793.148936170213,22869.33463547966,1,10,1.5120966859428937,false
ipojo/core/src/test/java/org/apache/felix/ipojo/handlers/dependency/SmartProxyTest.java,118.0,18.0,3.0,3.0,31.0,5.0,3.0,clement@13f79535-47bb-0310-9956-ffa450edef68,1,0.0029940119760479044,33.0,33.0,17.0,0.0,1793.148936170213,22869.33463547966,1,0,1.5120966859428937,false
ipojo/core/src/test/java/org/apache/felix/ipojo/parser/ManipulationMetadataTest.java,176.0,7.0,72.0,13.0,62.0,37.0,41.0,clement@13f79535-47bb-0310-9956-ffa450edef68,1,0.0029940119760479044,50.0,0.0,0.0,0.0,1793.148936170213,22869.33463547966,1,0,1.5120966859428937,false
ipojo/core/src/test/java/org/apache/felix/ipojo/parser/PojoMetadataTest.java,237.0,8.0,70.0,13.0,64.0,29.0,41.0,clement@13f79535-47bb-0310-9956-ffa450edef68,1,0.0029940119760479044,50.0,0.0,0.0,0.0,1793.148936170213,22869.33463547966,1,0,1.5120966859428937,false
ipojo/core/src/test/java/org/apache/felix/ipojo/util/ManifestMetadataParserTest.java,54.0,5.0,3.0,3.0,21.0,9.0,0.0,clement@13f79535-47bb-0310-9956-ffa450edef68,0,0.0,0.0,0.0,0.0,0.0,0.0,0.0,0,2,0.0,false
ipojo/handler/eventadmin/src/main/java/org/apache/felix/ipojo/handlers/event/publisher/EventAdminPublisherHandler.java,150.0,15.0,13.0,7.0,29.0,19.0,8.0,clement@13f79535-47bb-0310-9956-ffa450edef68,1,0.0029940119760479044,11.0,0.0,0.0,0.0,1793.148936170213,22869.33463547966,1,5,1.5120966859428937,false
ipojo/handler/eventadmin/src/main/java/org/apache/felix/ipojo/handlers/event/publisher/EventAdminPublisherHandlerDescription.java,59.0,8.0,0.0,3.0,15.0,9.0,8.0,clement@13f79535-47bb-0310-9956-ffa450edef68,1,0.0029940119760479044,50.0,0.0,0.0,0.0,1793.148936170213,22869.33463547966,1,0,1.5120966859428937,false
ipojo/handler/eventadmin/src/main/java/org/apache/felix/ipojo/handlers/event/publisher/EventAdminPublisherMetadata.java,156.0,4.0,8.0,8.0,6.0,21.0,8.0,clement@13f79535-47bb-0310-9956-ffa450edef68,1,0.0029940119760479044,8.0,0.0,0.0,0.0,1793.148936170213,22869.33463547966,1,7,1.5120966859428937,false
ipojo/handler/eventadmin/src/main/java/org/apache/felix/ipojo/handlers/event/publisher/Publisher.java,36.0,1.0,15.0,6.0,0.0,14.0,8.0,clement@13f79535-47bb-0310-9956-ffa450edef68,1,0.0029940119760479044,25.0,0.0,0.0,0.0,1793.148936170213,22869.33463547966,1,1,1.5120966859428937,false
ipojo/handler/eventadmin/src/main/java/org/apache/felix/ipojo/handlers/event/publisher/PublisherDescription.java,45.0,0.0,0.0,5.0,4.0,12.0,8.0,clement@13f79535-47bb-0310-9956-ffa450edef68,1,0.0029940119760479044,50.0,0.0,0.0,0.0,1793.148936170213,22869.33463547966,1,0,1.5120966859428937,false
ipojo/handler/eventadmin/src/main/java/org/apache/felix/ipojo/handlers/event/publisher/PublisherImpl.java,94.0,3.0,1.0,7.0,6.0,14.0,8.0,clement@13f79535-47bb-0310-9956-ffa450edef68,1,0.0029940119760479044,20.0,0.0,0.0,0.0,1793.148936170213,22869.33463547966,1,2,1.5120966859428937,false
ipojo/handler/eventadmin/src/main/java/org/apache/felix/ipojo/handlers/event/subscriber/EventAdminSubscriberHandler.java,253.0,25.0,7.0,7.0,59.0,27.0,4.0,clement@13f79535-47bb-0310-9956-ffa450edef68,1,0.0029940119760479044,20.0,0.0,10.0,0.0,1793.148936170213,22869.33463547966,1,3,1.5120966859428937,false
ipojo/handler/eventadmin/src/main/java/org/apache/felix/ipojo/handlers/event/subscriber/EventAdminSubscriberHandlerDescription.java,33.0,3.0,0.0,2.0,1.0,5.0,8.0,clement@13f79535-47bb-0310-9956-ffa450edef68,1,0.0029940119760479044,50.0,0.0,0.0,0.0,1793.148936170213,22869.33463547966,1,0,1.5120966859428937,false
ipojo/handler/eventadmin/src/main/java/org/apache/felix/ipojo/handlers/event/subscriber/EventAdminSubscriberMetadata.java,204.0,7.0,21.0,10.0,9.0,29.0,0.0,clement@13f79535-47bb-0310-9956-ffa450edef68,0,0.0,0.0,0.0,0.0,0.0,0.0,0.0,0,7,0.0,false
ipojo/handler/jmx/src/main/java/org/apache/felix/ipojo/handlers/jmx/DynamicMBeanImpl.java,250.0,23.0,0.0,10.0,57.0,44.0,0.0,clement@13f79535-47bb-0310-9956-ffa450edef68,0,0.0,0.0,0.0,0.0,0.0,0.0,0.0,0,6,0.0,false
ipojo/handler/jmx/src/main/java/org/apache/felix/ipojo/handlers/jmx/MBeanHandler.java,503.0,21.0,45.0,14.0,70.0,54.0,0.0,clement@13f79535-47bb-0310-9956-ffa450edef68,0,0.0,0.0,0.0,0.0,0.0,0.0,0.0,0,8,0.0,false
ipojo/handler/temporal/src/main/java/org/apache/felix/ipojo/handler/temporal/TemporalHandler.java,176.0,14.0,4.0,5.0,32.0,14.0,11.0,clement@13f79535-47bb-0310-9956-ffa450edef68,1,0.0029940119760479044,12.0,0.0,12.0,12.0,1793.148936170213,22869.33463547966,1,4,1.5120966859428937,false
ipojo/handler/whiteboard/src/main/java/org/apache/felix/ipojo/handler/wbp/WhiteBoardPatternHandler.java,81.0,8.0,0.0,4.0,12.0,12.0,0.0,clement@13f79535-47bb-0310-9956-ffa450edef68,0,0.0,0.0,0.0,0.0,0.0,0.0,0.0,0,4,0.0,false
ipojo/junit4osgi/maven-junit4osgi-plugin/src/main/java/org/apache/felix/ipojo/junit4osgi/plugin/XMLReport.java,245.0,22.0,49.0,11.0,65.0,34.0,1.0,clement@13f79535-47bb-0310-9956-ffa450edef68,1,0.0029940119760479044,20.0,0.0,20.0,0.0,1793.148936170213,22869.33463547966,1,3,1.5120966859428937,false
ipojo/manipulator/src/main/java/org/apache/felix/ipojo/manipulation/MethodCreator.java,820.0,15.0,21.0,19.0,192.0,65.0,23.0,clement@13f79535-47bb-0310-9956-ffa450edef68,1,0.0029940119760479044,11.0,0.0,0.0,5.0,1793.148936170213,22869.33463547966,1,11,1.5120966859428937,false
ipojo/manipulator/src/main/java/org/apache/felix/ipojo/manipulation/annotations/CustomAnnotationVisitor.java,246.0,6.0,0.0,9.0,25.0,22.0,21.0,clement@13f79535-47bb-0310-9956-ffa450edef68,1,0.0029940119760479044,29.0,0.0,14.0,0.0,1793.148936170213,22869.33463547966,1,3,1.5120966859428937,false
ipojo/manipulator/src/main/java/org/apache/felix/ipojo/manipulation/annotations/FieldCollector.java,301.0,6.0,0.0,2.0,10.0,6.0,0.0,clement@13f79535-47bb-0310-9956-ffa450edef68,0,0.0,0.0,0.0,0.0,0.0,0.0,0.0,0,11,0.0,false
ipojo/manipulator/src/main/java/org/apache/felix/ipojo/manipulation/annotations/MetadataCollector.java,518.0,22.0,52.0,13.0,19.0,33.0,22.0,clement@13f79535-47bb-0310-9956-ffa450edef68,1,0.0029940119760479044,8.0,4.0,0.0,0.0,1793.148936170213,22869.33463547966,1,12,1.5120966859428937,false
ipojo/manipulator/src/main/java/org/apache/felix/ipojo/manipulation/annotations/MethodCollector.java,537.0,6.0,0.0,10.0,41.0,30.0,21.0,clement@13f79535-47bb-0310-9956-ffa450edef68,1,0.0029940119760479044,10.0,0.0,5.0,0.0,1793.148936170213,22869.33463547966,1,12,1.5120966859428937,false
ipojo/manipulator/src/main/java/org/apache/felix/ipojo/manipulation/annotations/PropertyAnnotationParser.java,107.0,4.0,0.0,4.0,7.0,9.0,0.0,clement@13f79535-47bb-0310-9956-ffa450edef68,0,0.0,0.0,0.0,0.0,0.0,0.0,0.0,0,1,0.0,false
ipojo/manipulator/src/main/java/org/apache/felix/ipojo/manipulator/ManifestAttributeFilter.java,12.0,1.0,0.0,1.0,0.0,3.0,5.0,clement@13f79535-47bb-0310-9956-ffa450edef68,1,0.0029940119760479044,50.0,0.0,0.0,50.0,1793.148936170213,22869.33463547966,1,0,1.5120966859428937,false
ipojo/manipulator/src/main/java/org/apache/felix/ipojo/manipulator/Pojoization.java,976.0,39.0,541.0,38.0,236.0,149.0,5.0,clement@13f79535-47bb-0310-9956-ffa450edef68,1,0.0029940119760479044,11.0,2.0,4.0,4.0,1793.148936170213,22869.33463547966,1,28,1.5120966859428937,false
ipojo/manipulator/src/test/java/org/apache/felix/ipojo/ComponentInstance.java,5.0,0.0,0.0,0.0,0.0,0.0,41.0,clement@13f79535-47bb-0310-9956-ffa450edef68,1,0.0029940119760479044,50.0,0.0,0.0,0.0,1793.148936170213,22869.33463547966,1,0,1.5120966859428937,false
ipojo/manipulator/src/test/java/org/apache/felix/ipojo/InstanceManager.java,11.0,1.0,1.0,2.0,0.0,4.0,17.0,clement@13f79535-47bb-0310-9956-ffa450edef68,1,0.0029940119760479044,50.0,0.0,0.0,0.0,1793.148936170213,22869.33463547966,1,0,1.5120966859428937,false
ipojo/manipulator/src/test/java/org/apache/felix/ipojo/Pojo.java,5.0,0.0,0.0,0.0,0.0,0.0,41.0,clement@13f79535-47bb-0310-9956-ffa450edef68,1,0.0029940119760479044,50.0,0.0,0.0,0.0,1793.148936170213,22869.33463547966,1,0,1.5120966859428937,false
ipojo/manipulator/src/test/java/org/apache/felix/ipojo/manipulation/ManipulatorTest.java,217.0,14.0,15.0,6.0,100.0,31.0,23.0,clement@13f79535-47bb-0310-9956-ffa450edef68,1,0.0029940119760479044,33.0,0.0,0.0,17.0,1793.148936170213,22869.33463547966,1,0,1.5120966859428937,false
ipojo/manipulator/src/test/java/org/apache/felix/ipojo/manipulation/PojoizationTest.java,27.0,4.0,3.0,3.0,12.0,3.0,41.0,clement@13f79535-47bb-0310-9956-ffa450edef68,1,0.0029940119760479044,33.0,0.0,0.0,0.0,1793.148936170213,22869.33463547966,1,0,1.5120966859428937,false
ipojo/manipulator/src/test/java/test/Child.java,11.0,0.0,3.0,3.0,1.0,4.0,41.0,clement@13f79535-47bb-0310-9956-ffa450edef68,1,0.0029940119760479044,50.0,0.0,0.0,0.0,1793.148936170213,22869.33463547966,1,0,1.5120966859428937,false
ipojo/manipulator/src/test/java/test/NoValidConstructor.java,9.0,0.0,0.0,2.0,0.0,3.0,41.0,clement@13f79535-47bb-0310-9956-ffa450edef68,1,0.0029940119760479044,50.0,0.0,0.0,0.0,1793.148936170213,22869.33463547966,1,0,1.5120966859428937,false
ipojo/manipulator/src/test/java/test/Parent.java,9.0,0.0,0.0,2.0,1.0,3.0,41.0,clement@13f79535-47bb-0310-9956-ffa450edef68,1,0.0029940119760479044,50.0,0.0,0.0,0.0,1793.148936170213,22869.33463547966,1,0,1.5120966859428937,false
ipojo/manipulator/src/test/java/test/PojoWithInner.java,11.0,0.0,0.0,1.0,1.0,2.0,41.0,clement@13f79535-47bb-0310-9956-ffa450edef68,1,0.0029940119760479044,50.0,0.0,0.0,0.0,1793.148936170213,22869.33463547966,1,0,1.5120966859428937,false
ipojo/manipulator/src/test/java/test/SimplePojo.java,6.0,0.0,0.0,1.0,0.0,2.0,41.0,clement@13f79535-47bb-0310-9956-ffa450edef68,1,0.0029940119760479044,50.0,0.0,0.0,0.0,1793.148936170213,22869.33463547966,1,0,1.5120966859428937,false
ipojo/manipulator/src/test/resources/tests.manipulation.java5.jar,0.0,0.0,0.0,0.0,0.0,0.0,0.0,clement@13f79535-47bb-0310-9956-ffa450edef68,1,0.0029940119760479044,50.0,0.0,0.0,0.0,1793.148936170213,22869.33463547966,1,0,1.5120966859428937,false
ipojo/plugin/src/main/java/org/apache/felix/ipojo/plugin/ManipulatorMojo.java,181.0,10.0,2.0,4.0,32.0,13.0,5.0,clement@13f79535-47bb-0310-9956-ffa450edef68,1,0.0029940119760479044,18.0,9.0,14.0,0.0,1793.148936170213,22869.33463547966,1,9,1.5120966859428937,false
ipojo/plugin/src/main/resources/archetype-resources/src/main/java/HelloComponent.java,5.0,2.0,0.0,1.0,1.0,2.0,6.0,clement@13f79535-47bb-0310-9956-ffa450edef68,1,0.0029940119760479044,50.0,50.0,50.0,0.0,1793.148936170213,22869.33463547966,1,0,1.5120966859428937,false
ipojo/tests/composite/service-instance/src/main/java/org/apache/felix/ipojo/test/composite/instantiator/ConfigurableInstantiation.java,61.0,8.0,4.0,5.0,33.0,8.0,6.0,clement@13f79535-47bb-0310-9956-ffa450edef68,1,0.0029940119760479044,17.0,0.0,17.0,0.0,1793.148936170213,22869.33463547966,1,1,1.5120966859428937,false
ipojo/tests/composite/service-instance/src/main/java/org/apache/felix/ipojo/test/composite/instantiator/ConfigurationTest.java,52.0,9.0,0.0,4.0,30.0,10.0,6.0,clement@13f79535-47bb-0310-9956-ffa450edef68,1,0.0029940119760479044,50.0,0.0,50.0,0.0,1793.148936170213,22869.33463547966,1,0,1.5120966859428937,false
ipojo/tests/composite/service-instance/src/main/java/org/apache/felix/ipojo/test/composite/instantiator/InstantiatorTestSuite.java,14.0,5.0,0.0,1.0,1.0,2.0,6.0,clement@13f79535-47bb-0310-9956-ffa450edef68,1,0.0029940119760479044,25.0,0.0,25.0,0.0,1793.148936170213,22869.33463547966,1,0,1.5120966859428937,false
ipojo/tests/core/annotations/src/main/java/org/apache/felix/ipojo/test/scenarios/annotations/AnnotationsTestSuite.java,24.0,4.0,0.0,1.0,1.0,3.0,0.0,clement@13f79535-47bb-0310-9956-ffa450edef68,0,0.0,0.0,0.0,0.0,0.0,0.0,0.0,0,4,0.0,false
ipojo/tests/core/annotations/src/main/java/org/apache/felix/ipojo/test/scenarios/annotations/EventAdmin.java,198.0,3.0,233.0,23.0,98.0,35.0,0.0,clement@13f79535-47bb-0310-9956-ffa450edef68,0,0.0,0.0,0.0,0.0,0.0,0.0,0.0,0,3,0.0,false
ipojo/tests/core/annotations/src/main/java/org/apache/felix/ipojo/test/scenarios/annotations/Factory.java,56.0,3.0,0.0,8.0,27.0,8.0,0.0,clement@13f79535-47bb-0310-9956-ffa450edef68,0,0.0,0.0,0.0,0.0,0.0,0.0,0.0,0,2,0.0,false
ipojo/tests/core/annotations/src/main/java/org/apache/felix/ipojo/test/scenarios/annotations/JMX.java,38.0,3.0,0.0,3.0,10.0,3.0,0.0,clement@13f79535-47bb-0310-9956-ffa450edef68,0,0.0,0.0,0.0,0.0,0.0,0.0,0.0,0,3,0.0,false
ipojo/tests/core/annotations/src/main/java/org/apache/felix/ipojo/test/scenarios/annotations/ServiceProdiving.java,124.0,7.0,0.0,10.0,53.0,17.0,0.0,clement@13f79535-47bb-0310-9956-ffa450edef68,0,0.0,0.0,0.0,0.0,0.0,0.0,0.0,0,5,0.0,false
ipojo/tests/core/annotations/src/main/java/org/apache/felix/ipojo/test/scenarios/annotations/TemporalDependencies.java,134.0,3.0,0.0,14.0,66.0,21.0,11.0,clement@13f79535-47bb-0310-9956-ffa450edef68,1,0.0029940119760479044,20.0,0.0,20.0,20.0,1793.148936170213,22869.33463547966,1,1,1.5120966859428937,false
ipojo/tests/core/annotations/src/main/java/org/apache/felix/ipojo/test/scenarios/annotations/WhiteBoard.java,62.0,3.0,0.0,4.0,17.0,7.0,0.0,clement@13f79535-47bb-0310-9956-ffa450edef68,0,0.0,0.0,0.0,0.0,0.0,0.0,0.0,0,2,0.0,false
ipojo/tests/core/annotations/src/main/java/org/apache/felix/ipojo/test/scenarios/component/Factory.java,2.0,1.0,0.0,0.0,0.0,0.0,0.0,clement@13f79535-47bb-0310-9956-ffa450edef68,0,0.0,0.0,0.0,0.0,0.0,0.0,0.0,0,1,0.0,false
ipojo/tests/core/annotations/src/main/java/org/apache/felix/ipojo/test/scenarios/component/FactoryDeprecated.java,2.0,1.0,0.0,0.0,0.0,0.0,0.0,clement@13f79535-47bb-0310-9956-ffa450edef68,0,0.0,0.0,0.0,0.0,0.0,0.0,0.0,0,1,0.0,false
ipojo/tests/core/annotations/src/main/java/org/apache/felix/ipojo/test/scenarios/component/FactoryMethod.java,5.0,1.0,0.0,1.0,0.0,2.0,0.0,clement@13f79535-47bb-0310-9956-ffa450edef68,0,0.0,0.0,0.0,0.0,0.0,0.0,0.0,0,2,0.0,false
ipojo/tests/core/annotations/src/main/java/org/apache/felix/ipojo/test/scenarios/component/FactoryMethodDeprecated.java,5.0,1.0,0.0,1.0,0.0,2.0,0.0,clement@13f79535-47bb-0310-9956-ffa450edef68,0,0.0,0.0,0.0,0.0,0.0,0.0,0.0,0,1,0.0,false
ipojo/tests/core/annotations/src/main/java/org/apache/felix/ipojo/test/scenarios/component/ProvidesStaticProperties.java,34.0,7.0,36.0,9.0,0.0,18.0,0.0,clement@13f79535-47bb-0310-9956-ffa450edef68,0,0.0,0.0,0.0,0.0,0.0,0.0,0.0,0,1,0.0,false
ipojo/tests/core/annotations/src/main/java/org/apache/felix/ipojo/test/scenarios/component/error/AbstractClass.java,3.0,1.0,0.0,0.0,0.0,0.0,3.0,clement@13f79535-47bb-0310-9956-ffa450edef68,1,0.0029940119760479044,50.0,50.0,0.0,0.0,1793.148936170213,22869.33463547966,1,0,1.5120966859428937,false
ipojo/tests/core/annotations/src/main/java/org/apache/felix/ipojo/test/scenarios/component/event/PubSub.java,11.0,3.0,3.0,3.0,0.0,3.0,0.0,clement@13f79535-47bb-0310-9956-ffa450edef68,0,0.0,0.0,0.0,0.0,0.0,0.0,0.0,0,2,0.0,false
ipojo/tests/core/annotations/src/main/java/org/apache/felix/ipojo/test/scenarios/component/event/PubSubDeprecated.java,11.0,3.0,3.0,3.0,0.0,3.0,0.0,clement@13f79535-47bb-0310-9956-ffa450edef68,0,0.0,0.0,0.0,0.0,0.0,0.0,0.0,0,1,0.0,false
ipojo/tests/core/annotations/src/main/java/org/apache/felix/ipojo/test/scenarios/component/event/PubSubWithPublishes.java,11.0,4.0,3.0,3.0,0.0,3.0,0.0,clement@13f79535-47bb-0310-9956-ffa450edef68,0,0.0,0.0,0.0,0.0,0.0,0.0,0.0,0,1,0.0,false
ipojo/tests/core/annotations/src/main/java/org/apache/felix/ipojo/test/scenarios/component/jmx/JMXDeprecated.java,10.0,4.0,0.0,2.0,1.0,3.0,0.0,clement@13f79535-47bb-0310-9956-ffa450edef68,0,0.0,0.0,0.0,0.0,0.0,0.0,0.0,0,1,0.0,false
ipojo/tests/core/annotations/src/main/java/org/apache/felix/ipojo/test/scenarios/component/jmx/JMXSimple.java,10.0,4.0,0.0,2.0,1.0,3.0,0.0,clement@13f79535-47bb-0310-9956-ffa450edef68,0,0.0,0.0,0.0,0.0,0.0,0.0,0.0,0,3,0.0,false
ipojo/tests/core/annotations/src/main/java/org/apache/felix/ipojo/test/scenarios/component/temporal/Temporal.java,3.0,3.0,0.0,0.0,0.0,0.0,11.0,clement@13f79535-47bb-0310-9956-ffa450edef68,1,0.0029940119760479044,50.0,0.0,50.0,50.0,1793.148936170213,22869.33463547966,1,0,1.5120966859428937,false
ipojo/tests/core/annotations/src/main/java/org/apache/felix/ipojo/test/scenarios/component/whiteboard/WhiteBoards.java,8.0,4.0,3.0,3.0,0.0,4.0,0.0,clement@13f79535-47bb-0310-9956-ffa450edef68,0,0.0,0.0,0.0,0.0,0.0,0.0,0.0,0,1,0.0,false
ipojo/tests/core/configuration/src/main/java/org/apache/felix/ipojo/test/scenarios/component/FooProviderType1.java,92.0,4.0,106.0,16.0,3.0,31.0,0.0,clement@13f79535-47bb-0310-9956-ffa450edef68,0,0.0,0.0,0.0,0.0,0.0,0.0,0.0,0,2,0.0,false
ipojo/tests/core/configuration/src/main/java/org/apache/felix/ipojo/test/scenarios/component/FooProviderType2.java,75.0,3.0,83.0,14.0,3.0,26.0,0.0,clement@13f79535-47bb-0310-9956-ffa450edef68,0,0.0,0.0,0.0,0.0,0.0,0.0,0.0,0,1,0.0,false
ipojo/tests/core/configuration/src/main/java/org/apache/felix/ipojo/test/scenarios/configuration/ConfigurationTestSuite.java,21.0,3.0,0.0,1.0,1.0,3.0,0.0,clement@13f79535-47bb-0310-9956-ffa450edef68,0,0.0,0.0,0.0,0.0,0.0,0.0,0.0,0,3,0.0,false
ipojo/tests/core/configuration/src/main/java/org/apache/felix/ipojo/test/scenarios/configuration/UpdatedNoArgMethodAndManagedService.java,231.0,8.0,0.0,6.0,70.0,10.0,0.0,clement@13f79535-47bb-0310-9956-ffa450edef68,0,0.0,0.0,0.0,0.0,0.0,0.0,0.0,0,1,0.0,false
ipojo/tests/core/configuration/src/main/java/org/apache/felix/ipojo/test/scenarios/configuration/UpdatedNoArgMethodAndManagedServiceFactory.java,209.0,8.0,1.0,7.0,84.0,12.0,0.0,clement@13f79535-47bb-0310-9956-ffa450edef68,0,0.0,0.0,0.0,0.0,0.0,0.0,0.0,0,1,0.0,false
ipojo/tests/core/external-handlers/src/main/java/org/apache/felix/ipojo/test/scenarios/component/CheckServiceHandler.java,69.0,9.0,14.0,9.0,12.0,20.0,0.0,clement@13f79535-47bb-0310-9956-ffa450edef68,0,0.0,0.0,0.0,0.0,0.0,0.0,0.0,0,1,0.0,false
ipojo/tests/core/external-handlers/src/main/java/org/apache/felix/ipojo/test/scenarios/eh/AutoHandlerTest.java,48.0,8.0,0.0,4.0,24.0,6.0,0.0,clement@13f79535-47bb-0310-9956-ffa450edef68,0,0.0,0.0,0.0,0.0,0.0,0.0,0.0,0,1,0.0,false
ipojo/tests/core/external-handlers/src/main/java/org/apache/felix/ipojo/test/scenarios/eh/ExternalHandlerTestSuite.java,8.0,4.0,0.0,1.0,1.0,2.0,0.0,clement@13f79535-47bb-0310-9956-ffa450edef68,0,0.0,0.0,0.0,0.0,0.0,0.0,0.0,0,1,0.0,false
ipojo/tests/core/factories/src/main/java/org/apache/felix/ipojo/test/scenarios/component/ReconfigurableSimpleType.java,32.0,0.0,2.0,4.0,5.0,9.0,4.0,clement@13f79535-47bb-0310-9956-ffa450edef68,1,0.0029940119760479044,80.0,40.0,20.0,0.0,1793.148936170213,22869.33463547966,1,0,1.5120966859428937,false
ipojo/tests/core/factories/src/main/java/org/apache/felix/ipojo/test/scenarios/factories/FactoryTestSuite.java,12.0,3.0,0.0,1.0,1.0,2.0,6.0,clement@13f79535-47bb-0310-9956-ffa450edef68,1,0.0029940119760479044,20.0,0.0,20.0,0.0,1793.148936170213,22869.33463547966,1,0,1.5120966859428937,false
ipojo/tests/core/factories/src/main/java/org/apache/felix/ipojo/test/scenarios/factories/ReconfigurationTest.java,252.0,15.0,8.0,8.0,86.0,26.0,4.0,clement@13f79535-47bb-0310-9956-ffa450edef68,1,0.0029940119760479044,75.0,50.0,25.0,0.0,1793.148936170213,22869.33463547966,1,0,1.5120966859428937,false
ipojo/tests/core/factories/src/main/java/org/apache/felix/ipojo/test/scenarios/util/Utils.java,306.0,14.0,190.0,20.0,63.0,96.0,5.0,clement@13f79535-47bb-0310-9956-ffa450edef68,1,0.0029940119760479044,20.0,20.0,0.0,0.0,1793.148936170213,22869.33463547966,1,0,1.5120966859428937,false
ipojo/tests/core/lifecycle-controller/src/main/java/org/apache/felix/ipojo/test/scenarios/component/ConfigurableLifecycleControllerTest.java,11.0,2.0,0.0,2.0,1.0,4.0,0.0,clement@13f79535-47bb-0310-9956-ffa450edef68,0,0.0,0.0,0.0,0.0,0.0,0.0,0.0,0,1,0.0,false
ipojo/tests/core/lifecycle-controller/src/main/java/org/apache/felix/ipojo/test/scenarios/lfc/ConfigurableLifeCycleControllerTest.java,89.0,10.0,0.0,3.0,30.0,7.0,0.0,clement@13f79535-47bb-0310-9956-ffa450edef68,0,0.0,0.0,0.0,0.0,0.0,0.0,0.0,0,1,0.0,false
ipojo/tests/core/lifecycle-controller/src/main/java/org/apache/felix/ipojo/test/scenarios/lfc/LifeCycleControllerTestSuite.java,9.0,3.0,0.0,1.0,1.0,3.0,0.0,clement@13f79535-47bb-0310-9956-ffa450edef68,0,0.0,0.0,0.0,0.0,0.0,0.0,0.0,0,1,0.0,false
ipojo/tests/core/logger/src/test/java/org/apache/felix/ipojo/tests/core/ErrorHandlerTest.java,63.0,29.0,0.0,5.0,29.0,11.0,13.0,clement@13f79535-47bb-0310-9956-ffa450edef68,1,0.0029940119760479044,50.0,50.0,50.0,0.0,1793.148936170213,22869.33463547966,1,0,1.5120966859428937,false
ipojo/tests/core/logger/src/test/java/org/apache/felix/ipojo/tests/core/ManifestLoggerInfoTest.java,58.0,38.0,9.0,6.0,47.0,17.0,13.0,clement@13f79535-47bb-0310-9956-ffa450edef68,1,0.0029940119760479044,20.0,20.0,20.0,0.0,1793.148936170213,22869.33463547966,1,0,1.5120966859428937,false
ipojo/tests/core/logger/src/test/java/org/apache/felix/ipojo/tests/core/component/MyErroneousComponent.java,7.0,1.0,1.0,2.0,0.0,3.0,13.0,clement@13f79535-47bb-0310-9956-ffa450edef68,1,0.0029940119760479044,50.0,50.0,50.0,0.0,1793.148936170213,22869.33463547966,1,0,1.5120966859428937,false
ipojo/tests/core/service-dependency/src/main/java/org/apache/felix/ipojo/test/scenarios/component/inner/C1.java,5.0,1.0,0.0,1.0,0.0,2.0,8.0,clement@13f79535-47bb-0310-9956-ffa450edef68,1,0.0029940119760479044,50.0,0.0,50.0,0.0,1793.148936170213,22869.33463547966,1,0,1.5120966859428937,false
ipojo/tests/core/service-dependency/src/main/java/org/apache/felix/ipojo/test/scenarios/component/inner/C2.java,6.0,1.0,0.0,1.0,1.0,2.0,8.0,clement@13f79535-47bb-0310-9956-ffa450edef68,1,0.0029940119760479044,50.0,0.0,50.0,0.0,1793.148936170213,22869.33463547966,1,0,1.5120966859428937,false
ipojo/tests/core/service-dependency/src/main/java/org/apache/felix/ipojo/test/scenarios/component/inner/C3.java,14.0,0.0,0.0,2.0,4.0,4.0,8.0,clement@13f79535-47bb-0310-9956-ffa450edef68,1,0.0029940119760479044,50.0,0.0,50.0,0.0,1793.148936170213,22869.33463547966,1,0,1.5120966859428937,false
ipojo/tests/core/service-dependency/src/main/java/org/apache/felix/ipojo/test/scenarios/component/inner/MyFilter.java,3.0,0.0,0.0,1.0,0.0,1.0,8.0,clement@13f79535-47bb-0310-9956-ffa450edef68,1,0.0029940119760479044,50.0,0.0,50.0,0.0,1793.148936170213,22869.33463547966,1,0,1.5120966859428937,false
ipojo/tests/core/service-dependency/src/main/java/org/apache/felix/ipojo/test/scenarios/service/dependency/DependencyTestSuite.java,42.0,5.0,0.0,1.0,3.0,3.0,8.0,clement@13f79535-47bb-0310-9956-ffa450edef68,1,0.0029940119760479044,12.0,0.0,12.0,0.0,1793.148936170213,22869.33463547966,1,5,1.5120966859428937,false
ipojo/tests/core/service-dependency/src/main/java/org/apache/felix/ipojo/test/scenarios/service/dependency/inner/InnerProxyMixTest.java,37.0,6.0,0.0,3.0,10.0,3.0,8.0,clement@13f79535-47bb-0310-9956-ffa450edef68,1,0.0029940119760479044,50.0,0.0,50.0,0.0,1793.148936170213,22869.33463547966,1,0,1.5120966859428937,false
ipojo/tests/core/service-dependency/src/main/java/org/apache/felix/ipojo/test/scenarios/service/dependency/service/Call.java,3.0,0.0,0.0,1.0,0.0,1.0,8.0,clement@13f79535-47bb-0310-9956-ffa450edef68,1,0.0029940119760479044,50.0,0.0,50.0,0.0,1793.148936170213,22869.33463547966,1,0,1.5120966859428937,false
ipojo/tests/handler/eventadmin/src/main/java/org/apache/felix/ipojo/test/EahTestSuite.java,19.0,3.0,0.0,1.0,1.0,2.0,0.0,clement@13f79535-47bb-0310-9956-ffa450edef68,0,0.0,0.0,0.0,0.0,0.0,0.0,0.0,0,3,0.0,false
ipojo/tests/handler/eventadmin/src/main/java/org/apache/felix/ipojo/test/GoodTestsWithNewAttributes.java,475.0,18.0,12.0,8.0,61.0,22.0,0.0,clement@13f79535-47bb-0310-9956-ffa450edef68,0,0.0,0.0,0.0,0.0,0.0,0.0,0.0,0,0,0.0,false
ipojo/tests/handler/eventadmin/src/main/java/org/apache/felix/ipojo/test/PublishesTests.java,491.0,20.0,12.0,8.0,70.0,24.0,0.0,clement@13f79535-47bb-0310-9956-ffa450edef68,0,0.0,0.0,0.0,0.0,0.0,0.0,0.0,0,1,0.0,false
ipojo/tests/handler/eventadmin/src/main/java/org/apache/felix/ipojo/test/util/EahTestUtils.java,154.0,3.0,0.0,16.0,17.0,36.0,0.0,clement@13f79535-47bb-0310-9956-ffa450edef68,0,0.0,0.0,0.0,0.0,0.0,0.0,0.0,0,2,0.0,false
ipojo/tests/handler/eventadmin/src/main/java/org/apache/felix/ipojo/test/util/IPojoTestUtils.java,268.0,11.0,136.0,17.0,60.0,78.0,0.0,clement@13f79535-47bb-0310-9956-ffa450edef68,0,0.0,0.0,0.0,0.0,0.0,0.0,0.0,0,2,0.0,false
ipojo/tests/handler/jmx/src/main/java/org/apache/felix/ipojo/test/JmxTestSuite.java,16.0,3.0,0.0,1.0,1.0,2.0,0.0,clement@13f79535-47bb-0310-9956-ffa450edef68,0,0.0,0.0,0.0,0.0,0.0,0.0,0.0,0,0,0.0,false
ipojo/tests/handler/jmx/src/main/java/org/apache/felix/ipojo/test/MBeanTests.java,137.0,19.0,0.0,7.0,33.0,19.0,0.0,clement@13f79535-47bb-0310-9956-ffa450edef68,0,0.0,0.0,0.0,0.0,0.0,0.0,0.0,0,0,0.0,false
ipojo/tests/handler/jmx/src/main/java/org/apache/felix/ipojo/test/component/SimpleManagedComponent.java,27.0,1.0,0.0,2.0,0.0,4.0,0.0,clement@13f79535-47bb-0310-9956-ffa450edef68,0,0.0,0.0,0.0,0.0,0.0,0.0,0.0,0,0,0.0,false
ipojo/tests/handler/jmx/src/main/java/org/apache/felix/ipojo/test/component/SimpleManagedComponentAnnotated.java,27.0,5.0,0.0,2.0,0.0,4.0,0.0,clement@13f79535-47bb-0310-9956-ffa450edef68,0,0.0,0.0,0.0,0.0,0.0,0.0,0.0,0,0,0.0,false
ipojo/tests/handler/jmx/src/main/java/org/apache/felix/ipojo/test/component/SimpleManagedComponentAnnotatedDeprecated.java,27.0,5.0,0.0,2.0,0.0,4.0,0.0,clement@13f79535-47bb-0310-9956-ffa450edef68,0,0.0,0.0,0.0,0.0,0.0,0.0,0.0,0,0,0.0,false
ipojo/tests/handler/temporal/src/main/java/org/apache/felix/ipojo/test/scenarios/temporal/TemporalTest.java,243.0,6.0,28.0,8.0,90.0,16.0,22.0,clement@13f79535-47bb-0310-9956-ffa450edef68,1,0.0029940119760479044,50.0,0.0,50.0,50.0,1793.148936170213,22869.33463547966,1,0,1.5120966859428937,false
ipojo/tests/handler/temporal/src/main/java/org/apache/felix/ipojo/test/scenarios/temporal/TemporalTestSuite.java,13.0,4.0,0.0,1.0,1.0,2.0,11.0,clement@13f79535-47bb-0310-9956-ffa450edef68,1,0.0029940119760479044,20.0,0.0,20.0,20.0,1793.148936170213,22869.33463547966,1,1,1.5120966859428937,false
ipojo/tests/handler/whiteboard/src/main/java/org/apache/felix/ipojo/test/WbpTests.java,180.0,11.0,0.0,7.0,73.0,15.0,0.0,clement@13f79535-47bb-0310-9956-ffa450edef68,0,0.0,0.0,0.0,0.0,0.0,0.0,0.0,0,2,0.0,false
ipojo/tests/manipulator/metadata/src/main/java/org/apache/felix/ipojo/test/scenarios/component/Child.java,5.0,0.0,0.0,1.0,0.0,1.0,41.0,clement@13f79535-47bb-0310-9956-ffa450edef68,1,0.0029940119760479044,50.0,0.0,0.0,0.0,1793.148936170213,22869.33463547966,1,0,1.5120966859428937,false
ipojo/tests/manipulator/metadata/src/main/java/org/apache/felix/ipojo/test/scenarios/component/Multiconstructor.java,10.0,0.0,3.0,3.0,0.0,3.0,41.0,clement@13f79535-47bb-0310-9956-ffa450edef68,1,0.0029940119760479044,50.0,0.0,0.0,0.0,1793.148936170213,22869.33463547966,1,0,1.5120966859428937,false
ipojo/tests/manipulator/metadata/src/main/java/org/apache/felix/ipojo/test/scenarios/component/Parent.java,9.0,0.0,0.0,2.0,0.0,3.0,41.0,clement@13f79535-47bb-0310-9956-ffa450edef68,1,0.0029940119760479044,50.0,0.0,0.0,0.0,1793.148936170213,22869.33463547966,1,0,1.5120966859428937,false
main/src/main/java/org/apache/felix/main/AutoProcessor.java,229.0,4.0,10.0,5.0,70.0,21.0,0.0,rickhall@13f79535-47bb-0310-9956-ffa450edef68,0,0.0,0.0,0.0,0.0,0.0,0.0,0.0,0,1,0.0,true
metatype/src/main/java/org/apache/felix/metatype/MetaDataReader.java,360.0,10.0,4.0,24.0,121.0,101.0,2.0,fmeschbe@13f79535-47bb-0310-9956-ffa450edef68,1,0.0029940119760479044,5.0,5.0,0.0,0.0,335.4782608695652,1257.1871539765336,1,2,2.750470916986162,false
metatype/src/test/java/org/apache/felix/metatype/MetaDataReaderTest.java,100.0,6.0,39.0,10.0,49.0,22.0,2.0,null,1,0.0029940119760479044,9.0,9.0,0.0,0.0,335.4782608695652,1257.1871539765336,1,0,2.750470916986162,false
scr/src/main/java/org/apache/felix/scr/impl/Activator.java,238.0,14.0,19.0,11.0,62.0,44.0,9.0,fmeschbe@13f79535-47bb-0310-9956-ffa450edef68,1,0.0029940119760479044,10.0,5.0,2.0,2.0,1446.2298850574712,15771.4032476183,1,1,1.7759112769880314,false
scr/src/main/java/org/apache/felix/scr/impl/ScrCommand.java,288.0,14.0,18.0,9.0,80.0,33.0,3.0,fmeschbe@13f79535-47bb-0310-9956-ffa450edef68,1,0.0029940119760479044,7.0,3.0,0.0,0.0,1446.2298850574712,15771.4032476183,1,1,1.7759112769880314,true
scr/src/main/java/org/apache/felix/scr/impl/ScrGogoCommand.java,27.0,1.0,0.0,7.0,6.0,12.0,5.0,fmeschbe@13f79535-47bb-0310-9956-ffa450edef68,1,0.0029940119760479044,50.0,50.0,0.0,0.0,1446.2298850574712,15771.4032476183,1,0,1.7759112769880314,false
scr/src/main/java/org/apache/felix/scr/impl/ScrShellCommand.java,107.0,3.0,11.0,6.0,13.0,15.0,5.0,djencks@13f79535-47bb-0310-9956-ffa450edef68,1,0.0029940119760479044,17.0,17.0,0.0,0.0,1446.2298850574712,15771.4032476183,1,0,1.7759112769880314,true
scrplugin/annotations/src/main/java/org/apache/felix/scr/annotations/Activate.java,0.0,0.0,0.0,0.0,0.0,0.0,0.0,cziegeler@13f79535-47bb-0310-9956-ffa450edef68,0,0.0,0.0,0.0,0.0,0.0,0.0,0.0,0,1,0.0,false
scrplugin/annotations/src/main/java/org/apache/felix/scr/annotations/AutoDetect.java,7.0,0.0,0.0,1.0,0.0,1.0,0.0,fmeschbe@13f79535-47bb-0310-9956-ffa450edef68,0,0.0,0.0,0.0,0.0,0.0,0.0,0.0,0,0,0.0,false
scrplugin/annotations/src/main/java/org/apache/felix/scr/annotations/Component.java,0.0,0.0,0.0,0.0,0.0,0.0,9.0,cziegeler@13f79535-47bb-0310-9956-ffa450edef68,0,0.0,0.0,0.0,0.0,0.0,0.0,0.0,0,1,0.0,false
scrplugin/annotations/src/main/java/org/apache/felix/scr/annotations/ConfigurationPolicy.java,0.0,0.0,0.0,0.0,0.0,0.0,0.0,cziegeler@13f79535-47bb-0310-9956-ffa450edef68,0,0.0,0.0,0.0,0.0,0.0,0.0,0.0,0,0,0.0,false
scrplugin/annotations/src/main/java/org/apache/felix/scr/annotations/Deactivate.java,0.0,0.0,0.0,0.0,0.0,0.0,0.0,cziegeler@13f79535-47bb-0310-9956-ffa450edef68,0,0.0,0.0,0.0,0.0,0.0,0.0,0.0,0,1,0.0,false
scrplugin/annotations/src/main/java/org/apache/felix/scr/annotations/Modified.java,0.0,0.0,0.0,0.0,0.0,0.0,0.0,cziegeler@13f79535-47bb-0310-9956-ffa450edef68,0,0.0,0.0,0.0,0.0,0.0,0.0,0.0,0,1,0.0,false
scrplugin/annotations/src/main/java/org/apache/felix/scr/annotations/Properties.java,0.0,0.0,0.0,0.0,0.0,0.0,0.0,cziegeler@13f79535-47bb-0310-9956-ffa450edef68,0,0.0,0.0,0.0,0.0,0.0,0.0,0.0,0,1,0.0,false
scrplugin/annotations/src/main/java/org/apache/felix/scr/annotations/Property.java,0.0,0.0,0.0,0.0,0.0,0.0,21.0,cziegeler@13f79535-47bb-0310-9956-ffa450edef68,0,0.0,0.0,0.0,0.0,0.0,0.0,0.0,0,1,0.0,false
scrplugin/annotations/src/main/java/org/apache/felix/scr/annotations/PropertyOption.java,0.0,0.0,0.0,0.0,0.0,0.0,0.0,cziegeler@13f79535-47bb-0310-9956-ffa450edef68,0,0.0,0.0,0.0,0.0,0.0,0.0,0.0,0,1,0.0,false
scrplugin/annotations/src/main/java/org/apache/felix/scr/annotations/PropertyUnbounded.java,0.0,0.0,0.0,0.0,0.0,0.0,0.0,fmeschbe@13f79535-47bb-0310-9956-ffa450edef68,0,0.0,0.0,0.0,0.0,0.0,0.0,0.0,0,0,0.0,false
scrplugin/annotations/src/main/java/org/apache/felix/scr/annotations/Reference.java,0.0,0.0,0.0,0.0,0.0,0.0,0.0,cziegeler@13f79535-47bb-0310-9956-ffa450edef68,0,0.0,0.0,0.0,0.0,0.0,0.0,0.0,0,1,0.0,false
scrplugin/annotations/src/main/java/org/apache/felix/scr/annotations/ReferenceCardinality.java,0.0,0.0,0.0,0.0,0.0,0.0,0.0,fmeschbe@13f79535-47bb-0310-9956-ffa450edef68,0,0.0,0.0,0.0,0.0,0.0,0.0,0.0,0,0,0.0,false
scrplugin/annotations/src/main/java/org/apache/felix/scr/annotations/ReferencePolicy.java,0.0,0.0,0.0,0.0,0.0,0.0,0.0,cziegeler@13f79535-47bb-0310-9956-ffa450edef68,0,0.0,0.0,0.0,0.0,0.0,0.0,0.0,0,0,0.0,false
scrplugin/annotations/src/main/java/org/apache/felix/scr/annotations/ReferenceStrategy.java,0.0,0.0,0.0,0.0,0.0,0.0,0.0,cziegeler@13f79535-47bb-0310-9956-ffa450edef68,0,0.0,0.0,0.0,0.0,0.0,0.0,0.0,0,0,0.0,false
scrplugin/annotations/src/main/java/org/apache/felix/scr/annotations/References.java,0.0,0.0,0.0,0.0,0.0,0.0,0.0,cziegeler@13f79535-47bb-0310-9956-ffa450edef68,0,0.0,0.0,0.0,0.0,0.0,0.0,0.0,0,1,0.0,false
scrplugin/annotations/src/main/java/org/apache/felix/scr/annotations/Service.java,0.0,0.0,0.0,0.0,0.0,0.0,6.0,cziegeler@13f79535-47bb-0310-9956-ffa450edef68,0,0.0,0.0,0.0,0.0,0.0,0.0,0.0,0,1,0.0,false
scrplugin/annotations/src/main/java/org/apache/felix/scr/annotations/Services.java,0.0,0.0,0.0,0.0,0.0,0.0,0.0,cziegeler@13f79535-47bb-0310-9956-ffa450edef68,0,0.0,0.0,0.0,0.0,0.0,0.0,0.0,0,1,0.0,false
scrplugin/annotations/src/main/java/org/apache/felix/scr/annotations/package-info.java,0.0,0.0,0.0,0.0,0.0,0.0,22.0,fmeschbe@13f79535-47bb-0310-9956-ffa450edef68,0,0.0,0.0,0.0,0.0,0.0,0.0,0.0,0,0,0.0,false
scrplugin/annotations/src/main/java/org/apache/felix/scr/annotations/sling/SlingFilter.java,0.0,0.0,0.0,0.0,0.0,0.0,0.0,cziegeler@13f79535-47bb-0310-9956-ffa450edef68,0,0.0,0.0,0.0,0.0,0.0,0.0,0.0,0,1,0.0,false
scrplugin/annotations/src/main/java/org/apache/felix/scr/annotations/sling/SlingFilterScope.java,0.0,0.0,0.0,0.0,0.0,0.0,0.0,cziegeler@13f79535-47bb-0310-9956-ffa450edef68,0,0.0,0.0,0.0,0.0,0.0,0.0,0.0,0,0,0.0,false
scrplugin/annotations/src/main/java/org/apache/felix/scr/annotations/sling/SlingServlet.java,0.0,0.0,0.0,0.0,0.0,0.0,0.0,cziegeler@13f79535-47bb-0310-9956-ffa450edef68,0,0.0,0.0,0.0,0.0,0.0,0.0,0.0,0,1,0.0,false
scrplugin/annotations/src/main/java/org/apache/felix/scrplugin/tags/annotation/defaulttag/ComponentTag.java,108.0,13.0,0.0,19.0,55.0,42.0,0.0,cziegeler@13f79535-47bb-0310-9956-ffa450edef68,0,0.0,0.0,0.0,0.0,0.0,0.0,0.0,0,1,0.0,false
scrplugin/annotations/src/main/java/org/apache/felix/scrplugin/tags/annotation/defaulttag/DefaultAnnotationTagProvider.java,42.0,14.0,0.0,1.0,7.0,5.0,0.0,cziegeler@13f79535-47bb-0310-9956-ffa450edef68,0,0.0,0.0,0.0,0.0,0.0,0.0,0.0,0,1,0.0,false
scrplugin/annotations/src/main/java/org/apache/felix/scrplugin/tags/annotation/defaulttag/PropertyTag.java,246.0,14.0,0.0,21.0,65.0,54.0,0.0,cziegeler@13f79535-47bb-0310-9956-ffa450edef68,0,0.0,0.0,0.0,0.0,0.0,0.0,0.0,0,1,0.0,false
scrplugin/annotations/src/main/java/org/apache/felix/scrplugin/tags/annotation/defaulttag/ReferenceTag.java,65.0,13.0,0.0,13.0,27.0,27.0,0.0,cziegeler@13f79535-47bb-0310-9956-ffa450edef68,0,0.0,0.0,0.0,0.0,0.0,0.0,0.0,0,1,0.0,false
scrplugin/annotations/src/main/java/org/apache/felix/scrplugin/tags/annotation/defaulttag/ServiceTag.java,38.0,9.0,0.0,6.0,9.0,13.0,0.0,cziegeler@13f79535-47bb-0310-9956-ffa450edef68,0,0.0,0.0,0.0,0.0,0.0,0.0,0.0,0,1,0.0,false
scrplugin/annotations/src/main/java/org/apache/felix/scrplugin/tags/annotation/defaulttag/package-info.java,0.0,0.0,0.0,0.0,0.0,0.0,22.0,cziegeler@13f79535-47bb-0310-9956-ffa450edef68,0,0.0,0.0,0.0,0.0,0.0,0.0,0.0,0,0,0.0,false
scrplugin/annotations/src/main/java/org/apache/felix/scrplugin/tags/annotation/sling/SlingAnnotationTagProvider.java,70.0,10.0,0.0,1.0,15.0,5.0,0.0,cziegeler@13f79535-47bb-0310-9956-ffa450edef68,0,0.0,0.0,0.0,0.0,0.0,0.0,0.0,0,1,0.0,false
scrplugin/annotations/src/main/java/org/apache/felix/scrplugin/tags/annotation/sling/SlingFilterComponentTag.java,36.0,6.0,1.0,3.0,2.0,6.0,0.0,cziegeler@13f79535-47bb-0310-9956-ffa450edef68,0,0.0,0.0,0.0,0.0,0.0,0.0,0.0,0,1,0.0,false
scrplugin/annotations/src/main/java/org/apache/felix/scrplugin/tags/annotation/sling/SlingFilterServiceTag.java,18.0,6.0,3.0,3.0,0.0,5.0,0.0,cziegeler@13f79535-47bb-0310-9956-ffa450edef68,0,0.0,0.0,0.0,0.0,0.0,0.0,0.0,0,1,0.0,false
scrplugin/annotations/src/main/java/org/apache/felix/scrplugin/tags/annotation/sling/SlingServletComponentTag.java,17.0,6.0,3.0,3.0,1.0,5.0,0.0,cziegeler@13f79535-47bb-0310-9956-ffa450edef68,0,0.0,0.0,0.0,0.0,0.0,0.0,0.0,0,1,0.0,false
scrplugin/annotations/src/main/java/org/apache/felix/scrplugin/tags/annotation/sling/SlingServletPropertyTag.java,59.0,8.0,0.0,4.0,4.0,9.0,0.0,cziegeler@13f79535-47bb-0310-9956-ffa450edef68,0,0.0,0.0,0.0,0.0,0.0,0.0,0.0,0,1,0.0,false
scrplugin/annotations/src/main/java/org/apache/felix/scrplugin/tags/annotation/sling/SlingServletServiceTag.java,18.0,6.0,3.0,3.0,0.0,5.0,0.0,cziegeler@13f79535-47bb-0310-9956-ffa450edef68,0,0.0,0.0,0.0,0.0,0.0,0.0,0.0,0,1,0.0,false
scrplugin/generator/src/main/java/org/apache/felix/scrplugin/Constants.java,94.0,1.0,0.0,0.0,0.0,0.0,0.0,cziegeler@13f79535-47bb-0310-9956-ffa450edef68,0,0.0,0.0,0.0,0.0,0.0,0.0,0.0,0,0,0.0,false
scrplugin/generator/src/main/java/org/apache/felix/scrplugin/JavaClassDescriptorManager.java,375.0,14.0,107.0,18.0,63.0,75.0,0.0,cziegeler@13f79535-47bb-0310-9956-ffa450edef68,0,0.0,0.0,0.0,0.0,0.0,0.0,0.0,0,0,0.0,false
scrplugin/generator/src/main/java/org/apache/felix/scrplugin/Log.java,99.0,0.0,153.0,18.0,0.0,30.0,17.0,cziegeler@13f79535-47bb-0310-9956-ffa450edef68,0,0.0,0.0,0.0,0.0,0.0,0.0,0.0,0,0,0.0,false
scrplugin/generator/src/main/java/org/apache/felix/scrplugin/SCRDescriptorException.java,27.0,1.0,5.0,6.0,4.0,8.0,0.0,cziegeler@13f79535-47bb-0310-9956-ffa450edef68,0,0.0,0.0,0.0,0.0,0.0,0.0,0.0,0,0,0.0,false
scrplugin/generator/src/main/java/org/apache/felix/scrplugin/SCRDescriptorFailureException.java,9.0,0.0,1.0,2.0,0.0,2.0,0.0,cziegeler@13f79535-47bb-0310-9956-ffa450edef68,0,0.0,0.0,0.0,0.0,0.0,0.0,0.0,0,0,0.0,false
scrplugin/generator/src/main/java/org/apache/felix/scrplugin/SCRDescriptorGenerator.java,545.0,10.0,168.0,20.0,164.0,71.0,0.0,cziegeler@13f79535-47bb-0310-9956-ffa450edef68,0,0.0,0.0,0.0,0.0,0.0,0.0,0.0,0,0,0.0,false
scrplugin/generator/src/main/java/org/apache/felix/scrplugin/helper/IssueLog.java,56.0,4.0,8.0,8.0,9.0,16.0,0.0,cziegeler@13f79535-47bb-0310-9956-ffa450edef68,0,0.0,0.0,0.0,0.0,0.0,0.0,0.0,0,0,0.0,false
scrplugin/generator/src/main/java/org/apache/felix/scrplugin/helper/PropertyHandler.java,300.0,9.0,37.0,10.0,78.0,45.0,0.0,cziegeler@13f79535-47bb-0310-9956-ffa450edef68,0,0.0,0.0,0.0,0.0,0.0,0.0,0.0,0,0,0.0,false
scrplugin/generator/src/main/java/org/apache/felix/scrplugin/helper/StringUtils.java,18.0,0.0,3.0,3.0,5.0,7.0,0.0,cziegeler@13f79535-47bb-0310-9956-ffa450edef68,0,0.0,0.0,0.0,0.0,0.0,0.0,0.0,0,0,0.0,false
scrplugin/generator/src/main/java/org/apache/felix/scrplugin/om/AbstractObject.java,18.0,2.0,0.0,4.0,8.0,5.0,0.0,cziegeler@13f79535-47bb-0310-9956-ffa450edef68,0,0.0,0.0,0.0,0.0,0.0,0.0,0.0,0,0,0.0,false
scrplugin/generator/src/main/java/org/apache/felix/scrplugin/om/Component.java,383.0,6.0,567.0,38.0,36.0,79.0,9.0,cziegeler@13f79535-47bb-0310-9956-ffa450edef68,0,0.0,0.0,0.0,0.0,0.0,0.0,0.0,0,0,0.0,false
scrplugin/generator/src/main/java/org/apache/felix/scrplugin/om/Components.java,43.0,2.0,2.0,5.0,1.0,7.0,0.0,cziegeler@13f79535-47bb-0310-9956-ffa450edef68,0,0.0,0.0,0.0,0.0,0.0,0.0,0.0,0,0,0.0,false
scrplugin/generator/src/main/java/org/apache/felix/scrplugin/om/Implementation.java,20.0,0.0,0.0,4.0,0.0,5.0,0.0,cziegeler@13f79535-47bb-0310-9956-ffa450edef68,0,0.0,0.0,0.0,0.0,0.0,0.0,0.0,0,0,0.0,false
scrplugin/generator/src/main/java/org/apache/felix/scrplugin/om/Interface.java,38.0,4.0,8.0,5.0,4.0,9.0,0.0,cziegeler@13f79535-47bb-0310-9956-ffa450edef68,0,0.0,0.0,0.0,0.0,0.0,0.0,0.0,0,0,0.0,false
scrplugin/generator/src/main/java/org/apache/felix/scrplugin/om/Property.java,94.0,3.0,141.0,19.0,4.0,29.0,21.0,cziegeler@13f79535-47bb-0310-9956-ffa450edef68,0,0.0,0.0,0.0,0.0,0.0,0.0,0.0,0,0,0.0,false
scrplugin/generator/src/main/java/org/apache/felix/scrplugin/om/Reference.java,233.0,7.0,261.0,26.0,22.0,51.0,0.0,cziegeler@13f79535-47bb-0310-9956-ffa450edef68,0,0.0,0.0,0.0,0.0,0.0,0.0,0.0,0,0,0.0,false
scrplugin/generator/src/main/java/org/apache/felix/scrplugin/om/Service.java,61.0,5.0,20.0,8.0,13.0,18.0,6.0,cziegeler@13f79535-47bb-0310-9956-ffa450edef68,0,0.0,0.0,0.0,0.0,0.0,0.0,0.0,0,0,0.0,false
scrplugin/generator/src/main/java/org/apache/felix/scrplugin/om/metatype/AttributeDefinition.java,70.0,1.0,94.0,16.0,0.0,28.0,0.0,cziegeler@13f79535-47bb-0310-9956-ffa450edef68,0,0.0,0.0,0.0,0.0,0.0,0.0,0.0,0,0,0.0,false
scrplugin/generator/src/main/java/org/apache/felix/scrplugin/om/metatype/Designate.java,23.0,0.0,5.0,6.0,0.0,9.0,0.0,cziegeler@13f79535-47bb-0310-9956-ffa450edef68,0,0.0,0.0,0.0,0.0,0.0,0.0,0.0,0,0,0.0,false
scrplugin/generator/src/main/java/org/apache/felix/scrplugin/om/metatype/MTObject.java,9.0,0.0,0.0,2.0,0.0,3.0,0.0,cziegeler@13f79535-47bb-0310-9956-ffa450edef68,0,0.0,0.0,0.0,0.0,0.0,0.0,0.0,0,0,0.0,false
scrplugin/generator/src/main/java/org/apache/felix/scrplugin/om/metatype/MetaData.java,23.0,2.0,9.0,6.0,2.0,9.0,0.0,cziegeler@13f79535-47bb-0310-9956-ffa450edef68,0,0.0,0.0,0.0,0.0,0.0,0.0,0.0,0,0,0.0,false
scrplugin/generator/src/main/java/org/apache/felix/scrplugin/om/metatype/OCD.java,30.0,2.0,20.0,8.0,0.0,12.0,0.0,cziegeler@13f79535-47bb-0310-9956-ffa450edef68,0,0.0,0.0,0.0,0.0,0.0,0.0,0.0,0,0,0.0,false
scrplugin/generator/src/main/java/org/apache/felix/scrplugin/tags/ClassUtil.java,50.0,2.0,1.0,2.0,11.0,9.0,0.0,cziegeler@13f79535-47bb-0310-9956-ffa450edef68,0,0.0,0.0,0.0,0.0,0.0,0.0,0.0,0,0,0.0,false
scrplugin/generator/src/main/java/org/apache/felix/scrplugin/tags/JavaClassDescription.java,92.0,1.0,105.0,15.0,0.0,47.0,0.0,cziegeler@13f79535-47bb-0310-9956-ffa450edef68,0,0.0,0.0,0.0,0.0,0.0,0.0,0.0,0,0,0.0,false
scrplugin/generator/src/main/java/org/apache/felix/scrplugin/tags/JavaClassDescriptionInheritanceComparator.java,42.0,2.0,1.0,2.0,6.0,8.0,0.0,cziegeler@13f79535-47bb-0310-9956-ffa450edef68,0,0.0,0.0,0.0,0.0,0.0,0.0,0.0,0,0,0.0,false
scrplugin/generator/src/main/java/org/apache/felix/scrplugin/tags/JavaField.java,24.0,0.0,6.0,4.0,0.0,7.0,0.0,cziegeler@13f79535-47bb-0310-9956-ffa450edef68,0,0.0,0.0,0.0,0.0,0.0,0.0,0.0,0,0,0.0,false
scrplugin/generator/src/main/java/org/apache/felix/scrplugin/tags/JavaMethod.java,11.0,0.0,10.0,5.0,0.0,5.0,0.0,cziegeler@13f79535-47bb-0310-9956-ffa450edef68,0,0.0,0.0,0.0,0.0,0.0,0.0,0.0,0,0,0.0,false
scrplugin/generator/src/main/java/org/apache/felix/scrplugin/tags/JavaParameter.java,6.0,0.0,0.0,1.0,0.0,1.0,0.0,cziegeler@13f79535-47bb-0310-9956-ffa450edef68,0,0.0,0.0,0.0,0.0,0.0,0.0,0.0,0,0,0.0,false
scrplugin/generator/src/main/java/org/apache/felix/scrplugin/tags/JavaTag.java,13.0,1.0,28.0,8.0,0.0,8.0,0.0,cziegeler@13f79535-47bb-0310-9956-ffa450edef68,0,0.0,0.0,0.0,0.0,0.0,0.0,0.0,0,0,0.0,false
scrplugin/generator/src/main/java/org/apache/felix/scrplugin/tags/ModifiableJavaClassDescription.java,3.0,1.0,0.0,1.0,0.0,2.0,0.0,cziegeler@13f79535-47bb-0310-9956-ffa450edef68,0,0.0,0.0,0.0,0.0,0.0,0.0,0.0,0,0,0.0,false
scrplugin/generator/src/main/java/org/apache/felix/scrplugin/tags/annotation/AbstractTag.java,91.0,3.0,45.0,11.0,9.0,23.0,0.0,cziegeler@13f79535-47bb-0310-9956-ffa450edef68,0,0.0,0.0,0.0,0.0,0.0,0.0,0.0,0,1,0.0,false
scrplugin/generator/src/main/java/org/apache/felix/scrplugin/tags/annotation/AnnotationJavaClassDescription.java,78.0,6.0,15.0,6.0,20.0,21.0,0.0,cziegeler@13f79535-47bb-0310-9956-ffa450edef68,0,0.0,0.0,0.0,0.0,0.0,0.0,0.0,0,0,0.0,false
scrplugin/generator/src/main/java/org/apache/felix/scrplugin/tags/annotation/AnnotationJavaField.java,47.0,2.0,0.0,5.0,12.0,11.0,0.0,cziegeler@13f79535-47bb-0310-9956-ffa450edef68,0,0.0,0.0,0.0,0.0,0.0,0.0,0.0,0,0,0.0,false
scrplugin/generator/src/main/java/org/apache/felix/scrplugin/tags/annotation/AnnotationTagProvider.java,13.0,4.0,0.0,1.0,0.0,3.0,0.0,cziegeler@13f79535-47bb-0310-9956-ffa450edef68,0,0.0,0.0,0.0,0.0,0.0,0.0,0.0,0,0,0.0,false
scrplugin/generator/src/main/java/org/apache/felix/scrplugin/tags/annotation/AnnotationTagProviderManager.java,94.0,7.0,13.0,6.0,21.0,22.0,0.0,cziegeler@13f79535-47bb-0310-9956-ffa450edef68,0,0.0,0.0,0.0,0.0,0.0,0.0,0.0,0,0,0.0,false
scrplugin/generator/src/main/java/org/apache/felix/scrplugin/tags/annotation/Util.java,311.0,6.0,153.0,18.0,64.0,84.0,0.0,cziegeler@13f79535-47bb-0310-9956-ffa450edef68,0,0.0,0.0,0.0,0.0,0.0,0.0,0.0,0,1,0.0,false
scrplugin/generator/src/main/java/org/apache/felix/scrplugin/tags/annotation/package-info.java,0.0,0.0,0.0,0.0,0.0,0.0,22.0,cziegeler@13f79535-47bb-0310-9956-ffa450edef68,0,0.0,0.0,0.0,0.0,0.0,0.0,0.0,0,0,0.0,false
scrplugin/generator/src/main/java/org/apache/felix/scrplugin/tags/cl/ClassLoaderJavaClassDescription.java,208.0,14.0,24.0,17.0,44.0,58.0,0.0,cziegeler@13f79535-47bb-0310-9956-ffa450edef68,0,0.0,0.0,0.0,0.0,0.0,0.0,0.0,0,0,0.0,false
scrplugin/generator/src/main/java/org/apache/felix/scrplugin/tags/cl/ClassLoaderJavaField.java,35.0,2.0,0.0,5.0,6.0,9.0,0.0,cziegeler@13f79535-47bb-0310-9956-ffa450edef68,0,0.0,0.0,0.0,0.0,0.0,0.0,0.0,0,0,0.0,false
scrplugin/generator/src/main/java/org/apache/felix/scrplugin/tags/cl/ClassLoaderJavaMethod.java,44.0,4.0,0.0,6.0,7.0,14.0,0.0,cziegeler@13f79535-47bb-0310-9956-ffa450edef68,0,0.0,0.0,0.0,0.0,0.0,0.0,0.0,0,0,0.0,false
scrplugin/generator/src/main/java/org/apache/felix/scrplugin/tags/cl/ClassLoaderJavaParameter.java,15.0,1.0,0.0,2.0,0.0,3.0,0.0,cziegeler@13f79535-47bb-0310-9956-ffa450edef68,0,0.0,0.0,0.0,0.0,0.0,0.0,0.0,0,0,0.0,false
scrplugin/generator/src/main/java/org/apache/felix/scrplugin/tags/cl/ClassLoaderJavaTag.java,141.0,5.0,21.0,11.0,24.0,26.0,0.0,cziegeler@13f79535-47bb-0310-9956-ffa450edef68,0,0.0,0.0,0.0,0.0,0.0,0.0,0.0,0,0,0.0,false
scrplugin/generator/src/main/java/org/apache/felix/scrplugin/tags/qdox/QDoxJavaClassDescription.java,346.0,12.0,0.0,22.0,75.0,83.0,0.0,cziegeler@13f79535-47bb-0310-9956-ffa450edef68,0,0.0,0.0,0.0,0.0,0.0,0.0,0.0,0,0,0.0,false
scrplugin/generator/src/main/java/org/apache/felix/scrplugin/tags/qdox/QDoxJavaField.java,56.0,2.0,0.0,5.0,10.0,12.0,0.0,cziegeler@13f79535-47bb-0310-9956-ffa450edef68,0,0.0,0.0,0.0,0.0,0.0,0.0,0.0,0,0,0.0,false
scrplugin/generator/src/main/java/org/apache/felix/scrplugin/tags/qdox/QDoxJavaMethod.java,47.0,2.0,0.0,6.0,5.0,13.0,0.0,cziegeler@13f79535-47bb-0310-9956-ffa450edef68,0,0.0,0.0,0.0,0.0,0.0,0.0,0.0,0,0,0.0,false
scrplugin/generator/src/main/java/org/apache/felix/scrplugin/tags/qdox/QDoxJavaParameter.java,15.0,1.0,0.0,2.0,2.0,3.0,0.0,cziegeler@13f79535-47bb-0310-9956-ffa450edef68,0,0.0,0.0,0.0,0.0,0.0,0.0,0.0,0,0,0.0,false
scrplugin/generator/src/main/java/org/apache/felix/scrplugin/tags/qdox/QDoxJavaTag.java,67.0,3.0,0.0,10.0,12.0,19.0,1.0,cziegeler@13f79535-47bb-0310-9956-ffa450edef68,1,0.0029940119760479044,25.0,0.0,0.0,0.0,66.66666666666667,31.591239185950887,1,0,3.9544437213120984,false
scrplugin/generator/src/main/java/org/apache/felix/scrplugin/xml/ComponentDescriptorIO.java,464.0,19.0,10.0,9.0,87.0,38.0,0.0,cziegeler@13f79535-47bb-0310-9956-ffa450edef68,0,0.0,0.0,0.0,0.0,0.0,0.0,0.0,0,0,0.0,false
scrplugin/generator/src/main/java/org/apache/felix/scrplugin/xml/IOUtils.java,278.0,8.0,15.0,7.0,27.0,25.0,0.0,cziegeler@13f79535-47bb-0310-9956-ffa450edef68,0,0.0,0.0,0.0,0.0,0.0,0.0,0.0,0,0,0.0,false
scrplugin/generator/src/main/java/org/apache/felix/scrplugin/xml/MetaTypeIO.java,136.0,14.0,3.0,6.0,66.0,21.0,0.0,cziegeler@13f79535-47bb-0310-9956-ffa450edef68,0,0.0,0.0,0.0,0.0,0.0,0.0,0.0,0,0,0.0,false
scrplugin/maven-scr-plugin/src/main/java/org/apache/felix/scrplugin/mojo/MavenJavaClassDescriptorManager.java,89.0,9.0,0.0,5.0,33.0,19.0,1.0,cziegeler@13f79535-47bb-0310-9956-ffa450edef68,2,0.005988023952095809,29.0,0.0,0.0,0.0,1512.896551724138,15802.994486804251,2,0,2.1720303185901195,false
scrplugin/maven-scr-plugin/src/main/java/org/apache/felix/scrplugin/mojo/MavenLog.java,72.0,1.0,0.0,20.0,22.0,30.0,0.0,cziegeler@13f79535-47bb-0310-9956-ffa450edef68,0,0.0,0.0,0.0,0.0,0.0,0.0,0.0,0,0,0.0,false
scrplugin/maven-scr-plugin/src/main/java/org/apache/felix/scrplugin/mojo/SCRDescriptorMojo.java,177.0,13.0,0.0,5.0,53.0,21.0,0.0,cziegeler@13f79535-47bb-0310-9956-ffa450edef68,0,0.0,0.0,0.0,0.0,0.0,0.0,0.0,0,0,0.0,false
scrplugin/scrtask/src/main/java/org/apache/felix/scrplugin/ant/AntJavaClassDescriptorManager.java,54.0,12.0,10.0,8.0,14.0,25.0,0.0,cziegeler@13f79535-47bb-0310-9956-ffa450edef68,0,0.0,0.0,0.0,0.0,0.0,0.0,0.0,0,0,0.0,false
scrplugin/scrtask/src/main/java/org/apache/felix/scrplugin/ant/AntLog.java,60.0,3.0,15.0,19.0,16.0,25.0,0.0,cziegeler@13f79535-47bb-0310-9956-ffa450edef68,0,0.0,0.0,0.0,0.0,0.0,0.0,0.0,0,0,0.0,false
scrplugin/scrtask/src/main/java/org/apache/felix/scrplugin/ant/SCRDescriptorTask.java,136.0,9.0,81.0,15.0,36.0,25.0,0.0,cziegeler@13f79535-47bb-0310-9956-ffa450edef68,0,0.0,0.0,0.0,0.0,0.0,0.0,0.0,0,0,0.0,false
sigil/common/core/src/org/apache/felix/sigil/common/core/repository/SystemRepository.java,86.0,16.0,4.0,5.0,25.0,14.0,3.0,dsavage@13f79535-47bb-0310-9956-ffa450edef68,1,0.0029940119760479044,25.0,0.0,0.0,0.0,0.0,3.594124648590477,1,1,5.746203190540153,true
sigil/common/core/src/org/apache/felix/sigil/common/core/repository/SystemRepositoryProvider.java,38.0,8.0,6.0,4.0,10.0,15.0,3.0,dsavage@13f79535-47bb-0310-9956-ffa450edef68,1,0.0029940119760479044,25.0,0.0,0.0,0.0,0.0,3.594124648590477,1,1,5.746203190540153,false
utils/src/main/java/org/apache/felix/utils/collections/DictionaryAsMap.java,55.0,7.0,0.0,8.0,14.0,20.0,0.0,gnodet@13f79535-47bb-0310-9956-ffa450edef68,0,0.0,0.0,0.0,0.0,0.0,0.0,0.0,0,0,0.0,false
utils/src/main/java/org/apache/felix/utils/properties/InterpolationHelper.java,96.0,15.0,8.0,5.0,19.0,19.0,0.0,gnodet@13f79535-47bb-0310-9956-ffa450edef68,0,0.0,0.0,0.0,0.0,0.0,0.0,0.0,0,0,0.0,false
utils/src/main/java/org/apache/felix/utils/properties/Properties.java,651.0,20.0,247.0,26.0,66.0,82.0,0.0,gnodet@13f79535-47bb-0310-9956-ffa450edef68,0,0.0,0.0,0.0,0.0,0.0,0.0,0.0,0,0,0.0,false
utils/src/test/java/org/apache/felix/utils/properties/InterpolationHelperTest.java,65.0,3.0,0.0,8.0,27.0,13.0,0.0,gnodet@13f79535-47bb-0310-9956-ffa450edef68,0,0.0,0.0,0.0,0.0,0.0,0.0,0.0,0,0,0.0,false
utils/src/test/java/org/apache/felix/utils/properties/MockBundleContext.java,76.0,14.0,251.0,23.0,2.0,46.0,0.0,gnodet@13f79535-47bb-0310-9956-ffa450edef68,0,0.0,0.0,0.0,0.0,0.0,0.0,0.0,0,0,0.0,false
utils/src/test/java/org/apache/felix/utils/properties/PropertiesTest.java,48.0,5.0,1.0,3.0,12.0,6.0,0.0,gnodet@13f79535-47bb-0310-9956-ffa450edef68,0,0.0,0.0,0.0,0.0,0.0,0.0,0.0,0,0,0.0,false
webconsole/src/main/java/org/apache/felix/webconsole/ConfigurationPrinter.java,45.0,1.0,1.0,2.0,0.0,4.0,0.0,cziegeler@13f79535-47bb-0310-9956-ffa450edef68,0,0.0,0.0,0.0,0.0,0.0,0.0,0.0,0,0,0.0,false
webconsole/src/main/java/org/apache/felix/webconsole/WebConsoleConstants.java,61.0,0.0,0.0,0.0,0.0,0.0,0.0,fmeschbe@13f79535-47bb-0310-9956-ffa450edef68,0,0.0,0.0,0.0,0.0,0.0,0.0,0.0,0,1,0.0,false
webconsole/src/main/java/org/apache/felix/webconsole/WebConsoleSecurityProvider.java,20.0,0.0,1.0,2.0,0.0,6.0,0.0,fmeschbe@13f79535-47bb-0310-9956-ffa450edef68,0,0.0,0.0,0.0,0.0,0.0,0.0,0.0,0,1,0.0,false
webconsole/src/main/java/org/apache/felix/webconsole/WebConsoleSecurityProvider2.java,17.0,2.0,0.0,1.0,0.0,5.0,0.0,vvalchev@13f79535-47bb-0310-9956-ffa450edef68,0,0.0,0.0,0.0,0.0,0.0,0.0,0.0,0,0,0.0,false
webconsole/src/main/java/org/apache/felix/webconsole/internal/WebConsolePluginAdapter.java,132.0,8.0,21.0,11.0,27.0,31.0,1.0,fmeschbe@13f79535-47bb-0310-9956-ffa450edef68,1,0.0029940119760479044,7.0,0.0,0.0,0.0,66.66666666666667,31.591239185950887,1,3,3.9544437213120984,false
webconsole/src/main/java/org/apache/felix/webconsole/internal/compendium/ComponentsServlet.java,387.0,31.0,151.0,18.0,111.0,61.0,0.0,fmeschbe@13f79535-47bb-0310-9956-ffa450edef68,0,0.0,0.0,0.0,0.0,0.0,0.0,0.0,0,7,0.0,false
webconsole/src/main/java/org/apache/felix/webconsole/internal/compendium/ConfigManager.java,659.0,39.0,135.0,18.0,204.0,94.0,1.0,fmeschbe@13f79535-47bb-0310-9956-ffa450edef68,1,0.0029940119760479044,2.0,0.0,0.0,0.0,218.57142857142856,359.12735332304214,1,12,1.9175617940510583,false
webconsole/src/main/java/org/apache/felix/webconsole/internal/compendium/LogServlet.java,111.0,15.0,34.0,9.0,46.0,28.0,0.0,fmeschbe@13f79535-47bb-0310-9956-ffa450edef68,0,0.0,0.0,0.0,0.0,0.0,0.0,0.0,0,2,0.0,false
webconsole/src/main/java/org/apache/felix/webconsole/internal/core/BundlesServlet.java,1015.0,56.0,1366.0,53.0,313.0,183.0,1.0,cziegeler@13f79535-47bb-0310-9956-ffa450edef68,1,0.0029940119760479044,1.0,0.0,0.0,1.0,66.66666666666667,31.591239185950887,1,10,3.9544437213120984,false
webconsole/src/main/java/org/apache/felix/webconsole/internal/core/PermissionsConfigurationPrinter.java,106.0,10.0,6.0,4.0,23.0,15.0,1.0,vvalchev@13f79535-47bb-0310-9956-ffa450edef68,1,0.0029940119760479044,17.0,0.0,17.0,0.0,4.0,4.774711932283976,1,2,4.647590901872044,false
webconsole/src/main/java/org/apache/felix/webconsole/internal/deppack/DepPackServlet.java,143.0,19.0,4.0,5.0,47.0,21.0,0.0,vvalchev@13f79535-47bb-0310-9956-ffa450edef68,0,0.0,0.0,0.0,0.0,0.0,0.0,0.0,0,3,0.0,false
webconsole/src/main/java/org/apache/felix/webconsole/internal/misc/ConfigurationPrinterAdapter.java,181.0,7.0,4.0,9.0,18.0,30.0,0.0,fmeschbe@13f79535-47bb-0310-9956-ffa450edef68,0,0.0,0.0,0.0,0.0,0.0,0.0,0.0,0,0,0.0,false
webconsole/src/main/java/org/apache/felix/webconsole/internal/misc/ConfigurationRender.java,395.0,14.0,74.0,13.0,87.0,42.0,1.0,fmeschbe@13f79535-47bb-0310-9956-ffa450edef68,1,0.0029940119760479044,2.0,0.0,2.0,0.0,4.0,4.774711932283976,1,6,4.647590901872044,false
webconsole/src/main/java/org/apache/felix/webconsole/internal/misc/LicenseServlet.java,226.0,22.0,26.0,8.0,63.0,34.0,0.0,fmeschbe@13f79535-47bb-0310-9956-ffa450edef68,0,0.0,0.0,0.0,0.0,0.0,0.0,0.0,0,4,0.0,false
webconsole/src/main/java/org/apache/felix/webconsole/internal/obr/BundleRepositoryRender.java,179.0,9.0,4.0,9.0,44.0,27.0,0.0,fmeschbe@13f79535-47bb-0310-9956-ffa450edef68,0,0.0,0.0,0.0,0.0,0.0,0.0,0.0,0,7,0.0,false
webconsole/src/main/java/org/apache/felix/webconsole/internal/servlet/ConfigurationListener2.java,136.0,11.0,33.0,10.0,20.0,23.0,0.0,vvalchev@13f79535-47bb-0310-9956-ffa450edef68,0,0.0,0.0,0.0,0.0,0.0,0.0,0.0,0,4,0.0,false
webconsole/src/main/java/org/apache/felix/webconsole/internal/servlet/OsgiManager.java,508.0,47.0,192.0,24.0,125.0,77.0,0.0,fmeschbe@13f79535-47bb-0310-9956-ffa450edef68,0,0.0,0.0,0.0,0.0,0.0,0.0,0.0,0,16,0.0,false
webconsole/src/main/java/org/apache/felix/webconsole/internal/servlet/OsgiManagerHttpContext.java,102.0,10.0,5.0,7.0,26.0,24.0,0.0,fmeschbe@13f79535-47bb-0310-9956-ffa450edef68,0,0.0,0.0,0.0,0.0,0.0,0.0,0.0,0,2,0.0,false
webconsole/src/main/java/org/apache/felix/webconsole/internal/servlet/PluginHolder.java,447.0,23.0,130.0,20.0,45.0,50.0,0.0,fmeschbe@13f79535-47bb-0310-9956-ffa450edef68,0,0.0,0.0,0.0,0.0,0.0,0.0,0.0,0,2,0.0,false
