name,LOC,CBO,LCOM,NOM,RFC,WMC,ACS,Ownership,numOfChanges,numberOfFIChanges,ENH,NF,BugFixing,REF,structuralWorkloadSum,semanticWorkloadSum,numberOfDeveloper,pastFaults,MAF,isBuggy
bundleplugin/src/main/java/org/apache/felix/bundleplugin/AbstractDependencyFilter.java,136.0,7.0,53.0,11.0,30.0,35.0,0.0,mcculls@13f79535-47bb-0310-9956-ffa450edef68,0,0.0,0.0,0.0,0.0,0.0,0.0,0.0,0,2,0.0,false
bundleplugin/src/main/java/org/apache/felix/bundleplugin/BundleAllPlugin.java,339.0,34.0,134.0,17.0,124.0,71.0,2.0,mcculls@13f79535-47bb-0310-9956-ffa450edef68,1,0.002688172043010753,5.0,0.0,0.0,0.0,0.0,0.0,1,2,5.948034989180646,false
bundleplugin/src/main/java/org/apache/felix/bundleplugin/BundlePlugin.java,721.0,31.0,594.0,36.0,322.0,131.0,0.0,mcculls@13f79535-47bb-0310-9956-ffa450edef68,0,0.0,0.0,0.0,0.0,0.0,0.0,0.0,0,22,0.0,true
bundleplugin/src/main/java/org/apache/felix/bundleplugin/ManifestPlugin.java,113.0,17.0,15.0,6.0,63.0,27.0,0.0,mcculls@13f79535-47bb-0310-9956-ffa450edef68,0,0.0,0.0,0.0,0.0,0.0,0.0,0.0,0,5,0.0,true
bundlerepository/src/main/java/org/apache/felix/bundlerepository/impl/DataModelHelperImpl.java,699.0,36.0,1768.0,60.0,306.0,206.0,4.0,gnodet@13f79535-47bb-0310-9956-ffa450edef68,1,0.002688172043010753,17.0,0.0,0.0,0.0,76.0,Infinity,1,1,3.86859344750081,true
configadmin/src/main/java/org/apache/felix/cm/file/FilePersistenceManager.java,378.0,19.0,217.0,22.0,64.0,77.0,0.0,fmeschbe@13f79535-47bb-0310-9956-ffa450edef68,0,0.0,0.0,0.0,0.0,0.0,0.0,0.0,0,4,0.0,false
configadmin/src/main/java/org/apache/felix/cm/impl/ConfigurationImpl.java,223.0,8.0,101.0,22.0,58.0,59.0,0.0,fmeschbe@13f79535-47bb-0310-9956-ffa450edef68,0,0.0,0.0,0.0,0.0,0.0,0.0,0.0,0,5,0.0,false
configadmin/src/main/java/org/apache/felix/cm/impl/ConfigurationManager.java,1074.0,9.0,455.0,34.0,156.0,118.0,1.0,fmeschbe@13f79535-47bb-0310-9956-ffa450edef68,1,0.002688172043010753,1.0,0.0,0.0,0.0,66.0,24.08115400804155,1,15,3.6454498961866,true
configadmin/src/main/java/org/apache/felix/cm/impl/UpdateThread.java,86.0,2.0,0.0,5.0,19.0,16.0,0.0,fmeschbe@13f79535-47bb-0310-9956-ffa450edef68,0,0.0,0.0,0.0,0.0,0.0,0.0,0.0,0,1,0.0,false
configadmin/src/test/java/org/apache/felix/cm/integration/FELIX2813_ConfigurationAdminStartupTest.java,54.0,18.0,1.0,3.0,19.0,10.0,0.0,fmeschbe@13f79535-47bb-0310-9956-ffa450edef68,0,0.0,0.0,0.0,0.0,0.0,0.0,0.0,0,0,0.0,false
coordinator/src/main/java/org/apache/felix/coordinator/impl/Activator.java,78.0,14.0,0.0,2.0,8.0,5.0,24.0,cziegeler@13f79535-47bb-0310-9956-ffa450edef68,0,0.0,0.0,0.0,0.0,0.0,0.0,0.0,0,1,0.0,false
coordinator/src/main/java/org/apache/felix/coordinator/impl/CoordinationImpl.java,189.0,9.0,85.0,19.0,31.0,51.0,0.0,cziegeler@13f79535-47bb-0310-9956-ffa450edef68,0,0.0,0.0,0.0,0.0,0.0,0.0,0.0,0,1,0.0,false
coordinator/src/main/java/org/apache/felix/coordinator/impl/CoordinationMgr.java,167.0,20.0,71.0,18.0,51.0,53.0,0.0,cziegeler@13f79535-47bb-0310-9956-ffa450edef68,0,0.0,0.0,0.0,0.0,0.0,0.0,0.0,0,1,0.0,false
coordinator/src/main/java/org/apache/felix/coordinator/impl/CoordinatorImpl.java,87.0,8.0,0.0,15.0,23.0,30.0,0.0,cziegeler@13f79535-47bb-0310-9956-ffa450edef68,0,0.0,0.0,0.0,0.0,0.0,0.0,0.0,0,1,0.0,false
coordinator/src/main/java/org/apache/felix/coordinator/impl/CrdCommand.java,31.0,8.0,15.0,6.0,4.0,9.0,0.0,cziegeler@13f79535-47bb-0310-9956-ffa450edef68,0,0.0,0.0,0.0,0.0,0.0,0.0,0.0,0,1,0.0,false
coordinator/src/main/java/org/apache/felix/jmx/service/coordinator/CoordinatorMBean.java,81.0,7.0,6.0,4.0,0.0,15.0,0.0,cziegeler@13f79535-47bb-0310-9956-ffa450edef68,0,0.0,0.0,0.0,0.0,0.0,0.0,0.0,0,0,0.0,false
coordinator/src/main/java/org/apache/felix/jmx/service/coordinator/package-info.java,0.0,0.0,0.0,0.0,0.0,0.0,0.0,cziegeler@13f79535-47bb-0310-9956-ffa450edef68,0,0.0,0.0,0.0,0.0,0.0,0.0,0.0,0,0,0.0,false
coordinator/src/main/java/org/apache/felix/service/coordinator/Coordination.java,82.0,2.0,78.0,13.0,0.0,51.0,0.0,cziegeler@13f79535-47bb-0310-9956-ffa450edef68,0,0.0,0.0,0.0,0.0,0.0,0.0,0.0,0,0,0.0,false
coordinator/src/main/java/org/apache/felix/service/coordinator/CoordinationException.java,91.0,0.0,0.0,6.0,3.0,13.0,0.0,cziegeler@13f79535-47bb-0310-9956-ffa450edef68,0,0.0,0.0,0.0,0.0,0.0,0.0,0.0,0,0,0.0,false
coordinator/src/main/java/org/apache/felix/service/coordinator/CoordinationPermission.java,36.0,1.0,1.0,2.0,0.0,5.0,0.0,cziegeler@13f79535-47bb-0310-9956-ffa450edef68,0,0.0,0.0,0.0,0.0,0.0,0.0,0.0,0,0,0.0,false
coordinator/src/main/java/org/apache/felix/service/coordinator/Coordinator.java,61.0,1.0,28.0,8.0,0.0,28.0,0.0,cziegeler@13f79535-47bb-0310-9956-ffa450edef68,0,0.0,0.0,0.0,0.0,0.0,0.0,0.0,0,0,0.0,false
coordinator/src/main/java/org/apache/felix/service/coordinator/Participant.java,19.0,0.0,1.0,2.0,0.0,6.0,0.0,cziegeler@13f79535-47bb-0310-9956-ffa450edef68,0,0.0,0.0,0.0,0.0,0.0,0.0,0.0,0,0,0.0,false
coordinator/src/main/java/org/apache/felix/service/coordinator/package-info.java,0.0,0.0,0.0,0.0,0.0,0.0,0.0,cziegeler@13f79535-47bb-0310-9956-ffa450edef68,0,0.0,0.0,0.0,0.0,0.0,0.0,0.0,0,0,0.0,false
coordinator/src/test/java/org/apache/felix/coordinator/impl/CoordinatorImplTest.java,261.0,6.0,0.0,10.0,90.0,22.0,0.0,cziegeler@13f79535-47bb-0310-9956-ffa450edef68,0,0.0,0.0,0.0,0.0,0.0,0.0,0.0,0,1,0.0,false
dependencymanager/annotation/src/main/java/org/apache/felix/dm/annotation/api/AdapterService.java,0.0,0.0,0.0,0.0,0.0,0.0,21.0,pderop@13f79535-47bb-0310-9956-ffa450edef68,1,0.002688172043010753,14.0,14.0,7.0,7.0,1310.857142857143,9252.186643882886,1,5,2.3104488294542604,false
dependencymanager/annotation/src/main/java/org/apache/felix/dm/annotation/api/AspectService.java,0.0,0.0,0.0,0.0,0.0,0.0,21.0,pderop@13f79535-47bb-0310-9956-ffa450edef68,1,0.002688172043010753,14.0,14.0,7.0,7.0,1310.857142857143,9252.186643882886,1,3,2.3104488294542604,false
dependencymanager/annotation/src/main/java/org/apache/felix/dm/annotation/api/BundleAdapterService.java,0.0,0.0,0.0,0.0,0.0,0.0,30.0,pderop@13f79535-47bb-0310-9956-ffa450edef68,1,0.002688172043010753,7.0,7.0,0.0,0.0,1310.857142857143,9252.186643882886,1,7,2.3104488294542604,false
dependencymanager/annotation/src/main/java/org/apache/felix/dm/annotation/api/BundleDependency.java,0.0,0.0,0.0,0.0,0.0,0.0,34.0,pderop@13f79535-47bb-0310-9956-ffa450edef68,1,0.002688172043010753,11.0,11.0,0.0,0.0,1310.857142857143,9252.186643882886,1,3,2.3104488294542604,false
dependencymanager/annotation/src/main/java/org/apache/felix/dm/annotation/api/Composition.java,0.0,0.0,0.0,0.0,0.0,0.0,15.0,pderop@13f79535-47bb-0310-9956-ffa450edef68,1,0.002688172043010753,33.0,17.0,17.0,0.0,1310.857142857143,9252.186643882886,1,1,2.3104488294542604,false
dependencymanager/annotation/src/main/java/org/apache/felix/dm/annotation/api/ConfigurationDependency.java,0.0,0.0,0.0,0.0,0.0,0.0,30.0,pderop@13f79535-47bb-0310-9956-ffa450edef68,1,0.002688172043010753,12.0,12.0,0.0,0.0,1310.857142857143,9252.186643882886,1,2,2.3104488294542604,false
dependencymanager/annotation/src/main/java/org/apache/felix/dm/annotation/api/Destroy.java,0.0,0.0,0.0,0.0,0.0,0.0,30.0,pderop@13f79535-47bb-0310-9956-ffa450edef68,1,0.002688172043010753,25.0,25.0,0.0,0.0,1310.857142857143,9252.186643882886,1,0,2.3104488294542604,false
dependencymanager/annotation/src/main/java/org/apache/felix/dm/annotation/api/FactoryConfigurationAdapterService.java,0.0,0.0,0.0,0.0,0.0,0.0,30.0,pderop@13f79535-47bb-0310-9956-ffa450edef68,1,0.002688172043010753,12.0,12.0,0.0,0.0,1310.857142857143,9252.186643882886,1,2,2.3104488294542604,false
dependencymanager/annotation/src/main/java/org/apache/felix/dm/annotation/api/Init.java,0.0,0.0,0.0,0.0,0.0,0.0,30.0,pderop@13f79535-47bb-0310-9956-ffa450edef68,1,0.002688172043010753,25.0,25.0,0.0,0.0,1310.857142857143,9252.186643882886,1,0,2.3104488294542604,false
dependencymanager/annotation/src/main/java/org/apache/felix/dm/annotation/api/LifecycleController.java,0.0,0.0,0.0,0.0,0.0,0.0,15.0,pderop@13f79535-47bb-0310-9956-ffa450edef68,1,0.002688172043010753,29.0,14.0,14.0,0.0,1310.857142857143,9252.186643882886,1,2,2.3104488294542604,false
dependencymanager/annotation/src/main/java/org/apache/felix/dm/annotation/api/PropertyMetaData.java,0.0,0.0,0.0,0.0,0.0,0.0,34.0,pderop@13f79535-47bb-0310-9956-ffa450edef68,1,0.002688172043010753,14.0,14.0,0.0,0.0,1310.857142857143,9252.186643882886,1,2,2.3104488294542604,false
dependencymanager/annotation/src/main/java/org/apache/felix/dm/annotation/api/ResourceAdapterService.java,0.0,0.0,0.0,0.0,0.0,0.0,30.0,pderop@13f79535-47bb-0310-9956-ffa450edef68,1,0.002688172043010753,9.0,9.0,0.0,0.0,1310.857142857143,9252.186643882886,1,4,2.3104488294542604,false
dependencymanager/annotation/src/main/java/org/apache/felix/dm/annotation/api/ResourceDependency.java,0.0,0.0,0.0,0.0,0.0,0.0,34.0,pderop@13f79535-47bb-0310-9956-ffa450edef68,1,0.002688172043010753,14.0,14.0,0.0,0.0,1310.857142857143,9252.186643882886,1,1,2.3104488294542604,false
dependencymanager/annotation/src/main/java/org/apache/felix/dm/annotation/api/ServiceDependency.java,0.0,0.0,0.0,0.0,0.0,0.0,30.0,pderop@13f79535-47bb-0310-9956-ffa450edef68,1,0.002688172043010753,8.0,8.0,0.0,0.0,1310.857142857143,9252.186643882886,1,5,2.3104488294542604,false
dependencymanager/annotation/src/main/java/org/apache/felix/dm/annotation/api/Start.java,0.0,0.0,0.0,0.0,0.0,0.0,30.0,pderop@13f79535-47bb-0310-9956-ffa450edef68,1,0.002688172043010753,17.0,17.0,0.0,0.0,1310.857142857143,9252.186643882886,1,1,2.3104488294542604,false
dependencymanager/annotation/src/main/java/org/apache/felix/dm/annotation/api/Stop.java,0.0,0.0,0.0,0.0,0.0,0.0,30.0,pderop@13f79535-47bb-0310-9956-ffa450edef68,1,0.002688172043010753,25.0,25.0,0.0,0.0,1310.857142857143,9252.186643882886,1,0,2.3104488294542604,false
dependencymanager/annotation/src/main/java/org/apache/felix/dm/annotation/plugin/bnd/AnnotationCollector.java,546.0,29.0,0.0,26.0,146.0,72.0,21.0,pderop@13f79535-47bb-0310-9956-ffa450edef68,1,0.002688172043010753,4.0,4.0,2.0,2.0,1310.857142857143,9252.186643882886,1,13,2.3104488294542604,false
dependencymanager/annotation/src/main/java/org/apache/felix/dm/annotation/plugin/bnd/AnnotationPlugin.java,66.0,9.0,4.0,4.0,25.0,10.0,21.0,pderop@13f79535-47bb-0310-9956-ffa450edef68,1,0.002688172043010753,22.0,22.0,11.0,11.0,1310.857142857143,9252.186643882886,1,1,2.3104488294542604,false
dependencymanager/annotation/src/main/java/org/apache/felix/dm/annotation/plugin/bnd/BndLogger.java,31.0,2.0,0.0,7.0,7.0,10.0,21.0,pderop@13f79535-47bb-0310-9956-ffa450edef68,1,0.002688172043010753,50.0,50.0,25.0,25.0,1310.857142857143,9252.186643882886,1,0,2.3104488294542604,false
dependencymanager/annotation/src/main/java/org/apache/felix/dm/annotation/plugin/bnd/DescriptorGenerator.java,112.0,13.0,11.0,7.0,19.0,20.0,21.0,pderop@13f79535-47bb-0310-9956-ffa450edef68,1,0.002688172043010753,17.0,17.0,8.0,8.0,1310.857142857143,9252.186643882886,1,3,2.3104488294542604,false
dependencymanager/annotation/src/main/java/org/apache/felix/dm/annotation/plugin/bnd/Logger.java,28.0,0.0,15.0,6.0,2.0,10.0,14.0,pderop@13f79535-47bb-0310-9956-ffa450edef68,1,0.002688172043010753,67.0,67.0,33.0,33.0,1310.857142857143,9252.186643882886,1,0,2.3104488294542604,false
dependencymanager/annotation/src/main/java/org/apache/felix/dm/annotation/plugin/mvn/AnnotationMojo.java,106.0,10.0,3.0,3.0,31.0,13.0,21.0,pderop@13f79535-47bb-0310-9956-ffa450edef68,1,0.002688172043010753,12.0,12.0,6.0,6.0,1310.857142857143,9252.186643882886,1,6,2.3104488294542604,false
dependencymanager/annotation/src/main/java/org/apache/felix/dm/annotation/plugin/mvn/MvnLogger.java,27.0,2.0,0.0,6.0,11.0,13.0,21.0,pderop@13f79535-47bb-0310-9956-ffa450edef68,1,0.002688172043010753,67.0,67.0,33.0,33.0,1310.857142857143,9252.186643882886,1,0,2.3104488294542604,false
dependencymanager/compat/src/main/java/org/apache/felix/dependencymanager/ConfigurationDependency.java,22.0,0.0,10.0,5.0,0.0,8.0,30.0,pderop@13f79535-47bb-0310-9956-ffa450edef68,0,0.0,0.0,0.0,0.0,0.0,0.0,0.0,0,0,0.0,false
dependencymanager/compat/src/main/java/org/apache/felix/dependencymanager/DependencyActivatorBase.java,77.0,4.0,8.0,8.0,8.0,19.0,21.0,pderop@13f79535-47bb-0310-9956-ffa450edef68,0,0.0,0.0,0.0,0.0,0.0,0.0,0.0,0,0,0.0,false
dependencymanager/compat/src/main/java/org/apache/felix/dependencymanager/impl/ConfigurationDependencyImpl.java,38.0,2.0,0.0,7.0,7.0,14.0,0.0,pderop@13f79535-47bb-0310-9956-ffa450edef68,0,0.0,0.0,0.0,0.0,0.0,0.0,0.0,0,0,0.0,true
dependencymanager/compat/src/main/java/org/apache/felix/dependencymanager/impl/ServiceImpl.java,138.0,11.0,0.0,25.0,39.0,47.0,0.0,pderop@13f79535-47bb-0310-9956-ffa450edef68,0,0.0,0.0,0.0,0.0,0.0,0.0,0.0,0,2,0.0,true
dependencymanager/core/src/main/java/org/apache/felix/dm/DependencyActivatorBase.java,212.0,5.0,0.0,26.0,26.0,57.0,21.0,pderop@13f79535-47bb-0310-9956-ffa450edef68,1,0.002688172043010753,7.0,7.0,4.0,4.0,2608.4914285714285,135163.95961720025,1,5,1.4706981747024395,false
dependencymanager/core/src/main/java/org/apache/felix/dm/DependencyManager.java,207.0,17.0,191.0,23.0,5.0,64.0,15.0,marrs@13f79535-47bb-0310-9956-ffa450edef68,1,0.002688172043010753,11.0,6.0,4.0,2.0,2608.4914285714285,135163.95961720025,1,9,1.4706981747024395,true
dependencymanager/core/src/main/java/org/apache/felix/dm/impl/AdapterServiceImpl.java,75.0,10.0,0.0,1.0,7.0,1.0,16.0,marrs@13f79535-47bb-0310-9956-ffa450edef68,1,0.002688172043010753,16.0,11.0,5.0,5.0,2608.4914285714285,135163.95961720025,1,4,1.4706981747024395,false
dependencymanager/core/src/main/java/org/apache/felix/dm/impl/AspectServiceImpl.java,100.0,11.0,1.0,2.0,9.0,5.0,16.0,marrs@13f79535-47bb-0310-9956-ffa450edef68,1,0.002688172043010753,20.0,13.0,7.0,7.0,2608.4914285714285,135163.95961720025,1,5,1.4706981747024395,false
dependencymanager/core/src/main/java/org/apache/felix/dm/impl/ComponentImpl.java,909.0,24.0,2988.0,85.0,268.0,196.0,12.0,marrs@13f79535-47bb-0310-9956-ffa450edef68,1,0.002688172043010753,19.0,5.0,14.0,5.0,2608.4914285714285,135163.95961720025,1,5,1.4706981747024395,false
dependencymanager/core/src/main/java/org/apache/felix/dm/impl/dependencies/ServiceDependencyImpl.java,746.0,28.0,1163.0,54.0,116.0,187.0,1.0,marrs@13f79535-47bb-0310-9956-ffa450edef68,1,0.002688172043010753,2.0,0.0,0.0,0.0,2608.4914285714285,135163.95961720025,1,12,1.4706981747024395,true
dependencymanager/core/src/main/java/org/apache/felix/dm/impl/dependencies/TemporalServiceDependencyImpl.java,117.0,11.0,18.0,8.0,16.0,27.0,39.0,pderop@13f79535-47bb-0310-9956-ffa450edef68,1,0.002688172043010753,11.0,11.0,11.0,11.0,2608.4914285714285,135163.95961720025,1,2,1.4706981747024395,false
dependencymanager/runtime/src/main/java/org/apache/felix/dm/runtime/AbstractBuilder.java,44.0,5.0,6.0,4.0,8.0,10.0,19.0,pderop@13f79535-47bb-0310-9956-ffa450edef68,1,0.002688172043010753,14.0,14.0,14.0,0.0,1310.857142857143,9252.186643882886,1,1,2.3104488294542604,false
dependencymanager/runtime/src/main/java/org/apache/felix/dm/runtime/Activator.java,17.0,6.0,1.0,2.0,15.0,6.0,24.0,pderop@13f79535-47bb-0310-9956-ffa450edef68,1,0.002688172043010753,8.0,8.0,8.0,0.0,1310.857142857143,9252.186643882886,1,4,2.3104488294542604,false
dependencymanager/runtime/src/main/java/org/apache/felix/dm/runtime/AdapterServiceBuilder.java,54.0,5.0,1.0,2.0,12.0,7.0,16.0,pderop@13f79535-47bb-0310-9956-ffa450edef68,1,0.002688172043010753,12.0,12.0,12.0,6.0,1310.857142857143,9252.186643882886,1,5,2.3104488294542604,false
dependencymanager/runtime/src/main/java/org/apache/felix/dm/runtime/AspectServiceBuilder.java,49.0,5.0,1.0,2.0,14.0,7.0,16.0,pderop@13f79535-47bb-0310-9956-ffa450edef68,1,0.002688172043010753,13.0,13.0,13.0,7.0,1310.857142857143,9252.186643882886,1,3,2.3104488294542604,false
dependencymanager/runtime/src/main/java/org/apache/felix/dm/runtime/BundleAdapterServiceBuilder.java,28.0,5.0,1.0,2.0,14.0,6.0,19.0,pderop@13f79535-47bb-0310-9956-ffa450edef68,1,0.002688172043010753,7.0,7.0,7.0,0.0,1310.857142857143,9252.186643882886,1,5,2.3104488294542604,false
dependencymanager/runtime/src/main/java/org/apache/felix/dm/runtime/ComponentBuilder.java,43.0,7.0,1.0,2.0,16.0,7.0,19.0,pderop@13f79535-47bb-0310-9956-ffa450edef68,1,0.002688172043010753,20.0,20.0,20.0,0.0,1310.857142857143,9252.186643882886,1,1,2.3104488294542604,false
dependencymanager/runtime/src/main/java/org/apache/felix/dm/runtime/DependencyBuilder.java,154.0,8.0,25.0,11.0,51.0,33.0,19.0,pderop@13f79535-47bb-0310-9956-ffa450edef68,1,0.002688172043010753,12.0,12.0,12.0,0.0,1310.857142857143,9252.186643882886,1,1,2.3104488294542604,false
dependencymanager/runtime/src/main/java/org/apache/felix/dm/runtime/DependencyManagerRuntime.java,108.0,10.0,13.0,7.0,32.0,17.0,5.0,pderop@13f79535-47bb-0310-9956-ffa450edef68,2,0.005376344086021506,31.0,8.0,8.0,15.0,3919.3485714285716,144416.14626108314,2,2,1.5381760211474969,false
dependencymanager/runtime/src/main/java/org/apache/felix/dm/runtime/DescriptorParser.java,31.0,8.0,0.0,2.0,8.0,5.0,19.0,pderop@13f79535-47bb-0310-9956-ffa450edef68,1,0.002688172043010753,7.0,7.0,7.0,0.0,1310.857142857143,9252.186643882886,1,7,2.3104488294542604,false
dependencymanager/runtime/src/main/java/org/apache/felix/dm/runtime/FactoryConfigurationAdapterServiceBuilder.java,28.0,5.0,1.0,2.0,13.0,6.0,19.0,pderop@13f79535-47bb-0310-9956-ffa450edef68,1,0.002688172043010753,7.0,7.0,7.0,0.0,1310.857142857143,9252.186643882886,1,5,2.3104488294542604,false
dependencymanager/runtime/src/main/java/org/apache/felix/dm/runtime/FactorySet.java,320.0,12.0,83.0,18.0,60.0,50.0,10.0,pderop@13f79535-47bb-0310-9956-ffa450edef68,1,0.002688172043010753,18.0,9.0,18.0,0.0,1310.857142857143,9252.186643882886,1,3,2.3104488294542604,false
dependencymanager/runtime/src/main/java/org/apache/felix/dm/runtime/InvocationUtil.java,48.0,6.0,3.0,3.0,13.0,14.0,24.0,pderop@13f79535-47bb-0310-9956-ffa450edef68,1,0.002688172043010753,20.0,20.0,20.0,0.0,1310.857142857143,9252.186643882886,1,1,2.3104488294542604,false
dependencymanager/runtime/src/main/java/org/apache/felix/dm/runtime/JSONMetaData.java,181.0,7.0,48.0,16.0,35.0,61.0,10.0,pderop@13f79535-47bb-0310-9956-ffa450edef68,1,0.002688172043010753,33.0,17.0,17.0,17.0,1310.857142857143,9252.186643882886,1,1,2.3104488294542604,false
dependencymanager/runtime/src/main/java/org/apache/felix/dm/runtime/Log.java,40.0,1.0,0.0,9.0,16.0,18.0,19.0,pderop@13f79535-47bb-0310-9956-ffa450edef68,1,0.002688172043010753,14.0,14.0,14.0,0.0,1310.857142857143,9252.186643882886,1,3,2.3104488294542604,false
dependencymanager/runtime/src/main/java/org/apache/felix/dm/runtime/ResourceAdapterServiceBuilder.java,28.0,5.0,1.0,2.0,13.0,6.0,19.0,pderop@13f79535-47bb-0310-9956-ffa450edef68,1,0.002688172043010753,6.0,6.0,6.0,0.0,1310.857142857143,9252.186643882886,1,7,2.3104488294542604,false
dependencymanager/runtime/src/main/java/org/apache/felix/dm/runtime/SerialExecutor.java,47.0,1.0,2.0,4.0,9.0,8.0,0.0,pderop@13f79535-47bb-0310-9956-ffa450edef68,0,0.0,0.0,0.0,0.0,0.0,0.0,0.0,0,2,0.0,false
dependencymanager/runtime/src/main/java/org/apache/felix/dm/runtime/ServiceLifecycleHandler.java,227.0,16.0,14.0,8.0,59.0,42.0,5.0,pderop@13f79535-47bb-0310-9956-ffa450edef68,1,0.002688172043010753,16.0,12.0,4.0,4.0,1310.857142857143,9252.186643882886,1,8,2.3104488294542604,false
dependencymanager/runtime/src/main/java/org/apache/felix/dm/runtime/ToggleServiceDependency.java,93.0,6.0,127.0,18.0,8.0,32.0,10.0,pderop@13f79535-47bb-0310-9956-ffa450edef68,1,0.002688172043010753,33.0,17.0,33.0,0.0,1310.857142857143,9252.186643882886,1,3,2.3104488294542604,false
dependencymanager/test/src/main/java/org/apache/felix/dm/test/bundle/annotation/adapter/AdapterTest.java,71.0,10.0,0.0,0.0,0.0,0.0,17.0,pderop@13f79535-47bb-0310-9956-ffa450edef68,1,0.002688172043010753,22.0,11.0,0.0,22.0,1310.857142857143,9252.186643882886,1,0,2.3104488294542604,false
dependencymanager/test/src/main/java/org/apache/felix/dm/test/bundle/annotation/aspect/AspectChainTest.java,99.0,8.0,0.0,0.0,0.0,0.0,30.0,pderop@13f79535-47bb-0310-9956-ffa450edef68,1,0.002688172043010753,50.0,25.0,0.0,50.0,1310.857142857143,9252.186643882886,1,0,2.3104488294542604,false
dependencymanager/test/src/main/java/org/apache/felix/dm/test/bundle/annotation/aspectlifecycle/ServiceProviderAspect.java,26.0,7.0,0.0,6.0,5.0,9.0,31.0,pderop@13f79535-47bb-0310-9956-ffa450edef68,0,0.0,0.0,0.0,0.0,0.0,0.0,0.0,0,1,0.0,false
dependencymanager/test/src/main/java/org/apache/felix/dm/test/bundle/annotation/bundledependency/Consumer.java,28.0,7.0,0.0,4.0,4.0,8.0,0.0,pderop@13f79535-47bb-0310-9956-ffa450edef68,0,0.0,0.0,0.0,0.0,0.0,0.0,0.0,0,0,0.0,false
dependencymanager/test/src/main/java/org/apache/felix/dm/test/bundle/annotation/bundledependency/ServiceConsumer.java,11.0,4.0,0.0,1.0,2.0,1.0,0.0,pderop@13f79535-47bb-0310-9956-ffa450edef68,0,0.0,0.0,0.0,0.0,0.0,0.0,0.0,0,0,0.0,false
dependencymanager/test/src/main/java/org/apache/felix/dm/test/bundle/annotation/bundledependency/ServiceProvider.java,16.0,6.0,0.0,2.0,4.0,4.0,31.0,pderop@13f79535-47bb-0310-9956-ffa450edef68,0,0.0,0.0,0.0,0.0,0.0,0.0,0.0,0,0,0.0,false
dependencymanager/test/src/main/java/org/apache/felix/dm/test/bundle/annotation/composite/Composite.java,20.0,1.0,0.0,4.0,5.0,4.0,31.0,pderop@13f79535-47bb-0310-9956-ffa450edef68,1,0.002688172043010753,33.0,33.0,0.0,33.0,1310.857142857143,9252.186643882886,1,0,2.3104488294542604,false
dependencymanager/test/src/main/java/org/apache/felix/dm/test/bundle/annotation/composite/CompositeService.java,44.0,10.0,0.0,5.0,7.0,7.0,31.0,pderop@13f79535-47bb-0310-9956-ffa450edef68,1,0.002688172043010753,17.0,17.0,0.0,17.0,1310.857142857143,9252.186643882886,1,1,2.3104488294542604,false
dependencymanager/test/src/main/java/org/apache/felix/dm/test/bundle/annotation/composite/Dependency1.java,9.0,5.0,1.0,2.0,2.0,2.0,31.0,pderop@13f79535-47bb-0310-9956-ffa450edef68,1,0.002688172043010753,20.0,20.0,0.0,20.0,1310.857142857143,9252.186643882886,1,0,2.3104488294542604,false
dependencymanager/test/src/main/java/org/apache/felix/dm/test/bundle/annotation/composite/Dependency2.java,9.0,5.0,1.0,2.0,2.0,2.0,31.0,pderop@13f79535-47bb-0310-9956-ffa450edef68,1,0.002688172043010753,20.0,20.0,0.0,20.0,1310.857142857143,9252.186643882886,1,0,2.3104488294542604,false
dependencymanager/test/src/main/java/org/apache/felix/dm/test/bundle/annotation/extraproperties/ExtraAdapterServiceProperties.java,41.0,8.0,0.0,0.0,0.0,0.0,0.0,pderop@13f79535-47bb-0310-9956-ffa450edef68,0,0.0,0.0,0.0,0.0,0.0,0.0,0.0,0,2,0.0,false
dependencymanager/test/src/main/java/org/apache/felix/dm/test/bundle/annotation/extraproperties/ExtraAspectServiceProperties.java,38.0,8.0,0.0,0.0,0.0,0.0,0.0,pderop@13f79535-47bb-0310-9956-ffa450edef68,0,0.0,0.0,0.0,0.0,0.0,0.0,0.0,0,1,0.0,false
dependencymanager/test/src/main/java/org/apache/felix/dm/test/bundle/annotation/extraproperties/ExtraFactoryServiceProperties.java,44.0,10.0,0.0,0.0,0.0,0.0,0.0,pderop@13f79535-47bb-0310-9956-ffa450edef68,0,0.0,0.0,0.0,0.0,0.0,0.0,0.0,0,1,0.0,false
dependencymanager/test/src/main/java/org/apache/felix/dm/test/bundle/annotation/factory/ExtraDependency1.java,4.0,2.0,0.0,1.0,0.0,1.0,0.0,pderop@13f79535-47bb-0310-9956-ffa450edef68,0,0.0,0.0,0.0,0.0,0.0,0.0,0.0,0,0,0.0,false
dependencymanager/test/src/main/java/org/apache/felix/dm/test/bundle/annotation/factory/ExtraDependency2.java,5.0,2.0,0.0,1.0,1.0,1.0,0.0,pderop@13f79535-47bb-0310-9956-ffa450edef68,0,0.0,0.0,0.0,0.0,0.0,0.0,0.0,0,0,0.0,false
dependencymanager/test/src/main/java/org/apache/felix/dm/test/bundle/annotation/factory/MyService.java,67.0,11.0,0.0,7.0,13.0,12.0,31.0,pderop@13f79535-47bb-0310-9956-ffa450edef68,1,0.002688172043010753,10.0,10.0,0.0,10.0,1310.857142857143,9252.186643882886,1,0,2.3104488294542604,false
dependencymanager/test/src/main/java/org/apache/felix/dm/test/bundle/annotation/factoryconfadapter/ServiceProvider.java,22.0,7.0,0.0,4.0,4.0,5.0,31.0,pderop@13f79535-47bb-0310-9956-ffa450edef68,0,0.0,0.0,0.0,0.0,0.0,0.0,0.0,0,0,0.0,false
dependencymanager/test/src/main/java/org/apache/felix/dm/test/bundle/annotation/multiple/ServiceConsumer.java,11.0,5.0,0.0,2.0,3.0,2.0,0.0,pderop@13f79535-47bb-0310-9956-ffa450edef68,0,0.0,0.0,0.0,0.0,0.0,0.0,0.0,0,0,0.0,false
dependencymanager/test/src/main/java/org/apache/felix/dm/test/bundle/annotation/multiple/ServiceProvider.java,20.0,6.0,0.0,5.0,4.0,5.0,31.0,pderop@13f79535-47bb-0310-9956-ffa450edef68,0,0.0,0.0,0.0,0.0,0.0,0.0,0.0,0,0,0.0,false
dependencymanager/test/src/main/java/org/apache/felix/dm/test/bundle/annotation/multiple/ServiceProvider2.java,25.0,6.0,3.0,6.0,5.0,8.0,31.0,pderop@13f79535-47bb-0310-9956-ffa450edef68,0,0.0,0.0,0.0,0.0,0.0,0.0,0.0,0,0,0.0,false
dependencymanager/test/src/main/java/org/apache/felix/dm/test/bundle/annotation/propagate/ServiceDependencyPropagateTest.java,26.0,6.0,0.0,0.0,0.0,0.0,43.0,pderop@13f79535-47bb-0310-9956-ffa450edef68,1,0.002688172043010753,20.0,20.0,0.0,20.0,1310.857142857143,9252.186643882886,1,0,2.3104488294542604,false
dependencymanager/test/src/main/java/org/apache/felix/dm/test/bundle/annotation/publisher/AdapterServiceTestWithPublisher.java,57.0,10.0,0.0,0.0,0.0,0.0,31.0,pderop@13f79535-47bb-0310-9956-ffa450edef68,1,0.002688172043010753,20.0,20.0,0.0,20.0,1310.857142857143,9252.186643882886,1,1,2.3104488294542604,false
dependencymanager/test/src/main/java/org/apache/felix/dm/test/bundle/annotation/publisher/BundleAdapterServiceTestWithPublisher.java,46.0,11.0,0.0,0.0,0.0,0.0,31.0,pderop@13f79535-47bb-0310-9956-ffa450edef68,1,0.002688172043010753,20.0,20.0,0.0,20.0,1310.857142857143,9252.186643882886,1,1,2.3104488294542604,false
dependencymanager/test/src/main/java/org/apache/felix/dm/test/bundle/annotation/publisher/FactoryConfigurationAdapterServiceTestWithPublisher.java,55.0,15.0,0.0,0.0,0.0,0.0,31.0,pderop@13f79535-47bb-0310-9956-ffa450edef68,1,0.002688172043010753,20.0,20.0,0.0,20.0,1310.857142857143,9252.186643882886,1,1,2.3104488294542604,false
dependencymanager/test/src/main/java/org/apache/felix/dm/test/bundle/annotation/publisher/FactoryServiceTestWthPublisher.java,52.0,12.0,0.0,0.0,0.0,0.0,31.0,pderop@13f79535-47bb-0310-9956-ffa450edef68,1,0.002688172043010753,12.0,12.0,0.0,12.0,1310.857142857143,9252.186643882886,1,3,2.3104488294542604,false
dependencymanager/test/src/main/java/org/apache/felix/dm/test/bundle/annotation/publisher/ResourceAdapterServiceTestWithPublisher.java,110.0,19.0,0.0,0.0,0.0,0.0,31.0,pderop@13f79535-47bb-0310-9956-ffa450edef68,1,0.002688172043010753,17.0,17.0,0.0,17.0,1310.857142857143,9252.186643882886,1,1,2.3104488294542604,false
dependencymanager/test/src/main/java/org/apache/felix/dm/test/bundle/annotation/publisher/ServiceTestWthPublisher.java,39.0,9.0,0.0,0.0,0.0,0.0,31.0,pderop@13f79535-47bb-0310-9956-ffa450edef68,1,0.002688172043010753,14.0,14.0,0.0,14.0,1310.857142857143,9252.186643882886,1,3,2.3104488294542604,false
dependencymanager/test/src/main/java/org/apache/felix/dm/test/bundle/annotation/resource/ResourceConsumer.java,30.0,8.0,0.0,4.0,9.0,7.0,0.0,pderop@13f79535-47bb-0310-9956-ffa450edef68,0,0.0,0.0,0.0,0.0,0.0,0.0,0.0,0,1,0.0,false
dependencymanager/test/src/main/java/org/apache/felix/dm/test/bundle/annotation/resource/ResourceConsumerField.java,13.0,7.0,0.0,1.0,4.0,2.0,0.0,pderop@13f79535-47bb-0310-9956-ffa450edef68,0,0.0,0.0,0.0,0.0,0.0,0.0,0.0,0,0,0.0,false
dependencymanager/test/src/main/java/org/apache/felix/dm/test/bundle/annotation/resource/ResourceProvider.java,67.0,13.0,0.0,5.0,18.0,14.0,0.0,pderop@13f79535-47bb-0310-9956-ffa450edef68,0,0.0,0.0,0.0,0.0,0.0,0.0,0.0,0,1,0.0,false
dependencymanager/test/src/main/java/org/apache/felix/dm/test/bundle/annotation/resource/ServiceConsumer.java,11.0,4.0,0.0,1.0,2.0,1.0,0.0,pderop@13f79535-47bb-0310-9956-ffa450edef68,0,0.0,0.0,0.0,0.0,0.0,0.0,0.0,0,1,0.0,false
dependencymanager/test/src/main/java/org/apache/felix/dm/test/bundle/annotation/simple/Consumer.java,14.0,5.0,0.0,2.0,3.0,2.0,0.0,pderop@13f79535-47bb-0310-9956-ffa450edef68,0,0.0,0.0,0.0,0.0,0.0,0.0,0.0,0,0,0.0,false
dependencymanager/test/src/main/java/org/apache/felix/dm/test/bundle/annotation/simple/Producer.java,15.0,5.0,0.0,3.0,3.0,3.0,0.0,pderop@13f79535-47bb-0310-9956-ffa450edef68,0,0.0,0.0,0.0,0.0,0.0,0.0,0.0,0,0,0.0,false
dependencymanager/test/src/main/java/org/apache/felix/dm/test/bundle/annotation/temporal/TemporalTest.java,32.0,5.0,1.0,3.0,6.0,5.0,0.0,pderop@13f79535-47bb-0310-9956-ffa450edef68,0,0.0,0.0,0.0,0.0,0.0,0.0,0.0,0,0,0.0,false
dependencymanager/test/src/test/java/org/apache/felix/dm/test/Base.java,91.0,9.0,24.0,9.0,27.0,22.0,43.0,pderop@13f79535-47bb-0310-9956-ffa450edef68,2,0.005376344086021506,20.0,10.0,10.0,10.0,3919.3485714285716,144416.14626108314,2,1,1.1974263215184044,false
dependencymanager/test/src/test/java/org/apache/felix/dm/test/BundleGenerator.java,108.0,9.0,6.0,5.0,29.0,20.0,2.0,pderop@13f79535-47bb-0310-9956-ffa450edef68,1,0.002688172043010753,29.0,0.0,0.0,0.0,1310.857142857143,9252.186643882886,1,0,2.3104488294542604,false
dependencymanager/test/src/test/java/org/apache/felix/dm/test/ComponentLifeCycleTest.java,174.0,15.0,10.0,5.0,34.0,11.0,28.0,pderop@13f79535-47bb-0310-9956-ffa450edef68,1,0.002688172043010753,20.0,10.0,20.0,0.0,2608.4914285714285,135163.95961720025,1,1,1.4706981747024395,false
dependencymanager/test/src/test/java/org/apache/felix/dm/test/FELIX2696_ConfigurationAndServiceDependencyTest.java,61.0,18.0,1.0,2.0,19.0,4.0,56.0,pderop@13f79535-47bb-0310-9956-ffa450edef68,1,0.002688172043010753,25.0,0.0,25.0,0.0,2608.4914285714285,135163.95961720025,1,0,1.4706981747024395,false
dependencymanager/test/src/test/java/org/apache/felix/dm/test/annotation/AdapterAnnotationTest.java,35.0,14.0,6.0,4.0,21.0,9.0,30.0,pderop@13f79535-47bb-0310-9956-ffa450edef68,2,0.005376344086021506,27.0,9.0,9.0,18.0,3919.3485714285716,144416.14626108314,2,0,1.394017776242174,false
dependencymanager/test/src/test/java/org/apache/felix/dm/test/annotation/AnnotationBase.java,61.0,9.0,4.0,5.0,13.0,11.0,31.0,pderop@13f79535-47bb-0310-9956-ffa450edef68,1,0.002688172043010753,9.0,9.0,0.0,9.0,1310.857142857143,9252.186643882886,1,2,2.3104488294542604,false
dependencymanager/test/src/test/java/org/apache/felix/dm/test/annotation/AspectAnnotationTest.java,25.0,14.0,1.0,2.0,16.0,4.0,30.0,pderop@13f79535-47bb-0310-9956-ffa450edef68,2,0.005376344086021506,30.0,10.0,10.0,20.0,3919.3485714285716,144416.14626108314,2,0,1.394017776242174,false
dependencymanager/test/src/test/java/org/apache/felix/dm/test/annotation/CompositeAnnotationsTest.java,17.0,13.0,1.0,2.0,15.0,4.0,43.0,pderop@13f79535-47bb-0310-9956-ffa450edef68,2,0.005376344086021506,25.0,12.0,12.0,12.0,3919.3485714285716,144416.14626108314,2,0,1.1974263215184044,false
dependencymanager/test/src/test/java/org/apache/felix/dm/test/annotation/PropagateAnnotationTest.java,16.0,13.0,1.0,2.0,14.0,5.0,43.0,pderop@13f79535-47bb-0310-9956-ffa450edef68,2,0.005376344086021506,50.0,25.0,25.0,25.0,3919.3485714285716,144416.14626108314,2,0,1.1974263215184044,false
dependencymanager/test/src/test/java/org/apache/felix/dm/test/annotation/PublisherAnnotationTest.java,56.0,13.0,21.0,7.0,29.0,15.0,43.0,pderop@13f79535-47bb-0310-9956-ffa450edef68,2,0.005376344086021506,29.0,14.0,14.0,14.0,3919.3485714285716,144416.14626108314,2,3,1.1974263215184044,false
dependencymanager/test/src/test/java/org/apache/felix/dm/test/annotation/ResourceAnnotationTest.java,55.0,15.0,6.0,4.0,32.0,7.0,56.0,pderop@13f79535-47bb-0310-9956-ffa450edef68,1,0.002688172043010753,9.0,0.0,9.0,0.0,2608.4914285714285,135163.95961720025,1,2,1.4706981747024395,false
deploymentadmin/autoconf/src/main/java/org/apache/felix/deployment/rp/autoconf/AutoConfResourceProcessor.java,424.0,32.0,11.0,14.0,117.0,66.0,0.0,marrs@13f79535-47bb-0310-9956-ffa450edef68,0,0.0,0.0,0.0,0.0,0.0,0.0,0.0,0,0,0.0,false
deploymentadmin/service/src/main/java/org/apache/felix/deploymentadmin/ExplodingOutputtingInputStream.java,176.0,22.0,41.0,10.0,48.0,33.0,60.0,christian@13f79535-47bb-0310-9956-ffa450edef68,1,0.002688172043010753,33.0,0.0,0.0,33.0,2608.4914285714285,135163.95961720025,1,0,1.4706981747024395,false
eventadmin/impl/src/main/java/org/apache/felix/eventadmin/impl/EventAdminImpl.java,81.0,6.0,8.0,8.0,8.0,23.0,7.0,pauls@13f79535-47bb-0310-9956-ffa450edef68,1,0.002688172043010753,14.0,0.0,0.0,14.0,617.3000000000001,4434.122919886117,1,0,1.6042295673269622,false
eventadmin/impl/src/main/java/org/apache/felix/eventadmin/impl/dispatch/DefaultThreadPool.java,67.0,3.0,15.0,6.0,16.0,13.0,1.0,cziegeler@13f79535-47bb-0310-9956-ffa450edef68,1,0.002688172043010753,29.0,0.0,0.0,0.0,617.3000000000001,4434.122919886117,1,0,1.6042295673269622,false
eventadmin/impl/src/main/java/org/apache/felix/eventadmin/impl/handler/BlacklistingHandlerTasks.java,103.0,7.0,1.0,7.0,24.0,22.0,7.0,pauls@13f79535-47bb-0310-9956-ffa450edef68,1,0.002688172043010753,14.0,0.0,0.0,14.0,617.3000000000001,4434.122919886117,1,1,1.6042295673269622,true
eventadmin/impl/src/main/java/org/apache/felix/eventadmin/impl/handler/HandlerTasks.java,12.0,2.0,0.0,1.0,0.0,3.0,7.0,pauls@13f79535-47bb-0310-9956-ffa450edef68,1,0.002688172043010753,20.0,0.0,0.0,20.0,617.3000000000001,4434.122919886117,1,0,1.6042295673269622,false
eventadmin/impl/src/main/java/org/apache/felix/eventadmin/impl/security/PermissionsUtil.java,38.0,1.0,1.0,2.0,0.0,12.0,7.0,cziegeler@13f79535-47bb-0310-9956-ffa450edef68,1,0.002688172043010753,33.0,0.0,0.0,33.0,617.3000000000001,4434.122919886117,1,0,1.6042295673269622,false
eventadmin/impl/src/main/java/org/apache/felix/eventadmin/impl/tasks/AsyncDeliverTasks.java,79.0,2.0,0.0,2.0,5.0,6.0,7.0,cziegeler@13f79535-47bb-0310-9956-ffa450edef68,1,0.002688172043010753,8.0,0.0,0.0,8.0,617.3000000000001,4434.122919886117,1,0,1.6042295673269622,true
eventadmin/impl/src/main/java/org/apache/felix/eventadmin/impl/tasks/DeliverTask.java,11.0,1.0,0.0,1.0,0.0,1.0,7.0,pauls@13f79535-47bb-0310-9956-ffa450edef68,1,0.002688172043010753,25.0,0.0,0.0,25.0,617.3000000000001,4434.122919886117,1,0,1.6042295673269622,false
eventadmin/impl/src/main/java/org/apache/felix/eventadmin/impl/tasks/SyncDeliverTasks.java,178.0,4.0,2.0,5.0,32.0,18.0,7.0,cziegeler@13f79535-47bb-0310-9956-ffa450edef68,1,0.002688172043010753,6.0,0.0,0.0,6.0,617.3000000000001,4434.122919886117,1,0,1.6042295673269622,true
fileinstall/src/main/java/org/apache/felix/fileinstall/internal/ConfigInstaller.java,204.0,11.0,96.0,16.0,74.0,55.0,1.0,gnodet@13f79535-47bb-0310-9956-ffa450edef68,1,0.002688172043010753,7.0,4.0,0.0,0.0,617.3000000000001,4434.122919886117,1,1,1.6042295673269622,true
fileinstall/src/main/java/org/apache/felix/fileinstall/internal/DirectoryWatcher.java,733.0,35.0,397.0,35.0,257.0,141.0,0.0,gnodet@13f79535-47bb-0310-9956-ffa450edef68,0,0.0,0.0,0.0,0.0,0.0,0.0,0.0,0,5,0.0,true
fileinstall/src/main/java/org/apache/felix/fileinstall/internal/FileInstall.java,241.0,10.0,86.0,16.0,62.0,50.0,0.0,gnodet@13f79535-47bb-0310-9956-ffa450edef68,0,0.0,0.0,0.0,0.0,0.0,0.0,0.0,0,3,0.0,true
framework.security/src/main/java/org/apache/felix/framework/security/condpermadmin/ConditionalPermissionAdminImpl.java,676.0,56.0,925.0,46.0,113.0,132.0,1.0,pauls@13f79535-47bb-0310-9956-ffa450edef68,1,0.002688172043010753,11.0,11.0,0.0,0.0,190.82352941176472,2994.2540066026745,1,0,1.8371611250073347,true
framework/src/main/java/org/apache/felix/framework/BundleContextImpl.java,193.0,5.0,77.0,30.0,56.0,75.0,2.0,rickhall@13f79535-47bb-0310-9956-ffa450edef68,1,0.002688172043010753,6.0,3.0,0.0,0.0,190.82352941176472,2994.2540066026745,1,0,1.8371611250073347,true
framework/src/main/java/org/apache/felix/framework/BundleImpl.java,689.0,12.0,1897.0,71.0,272.0,214.0,7.0,rickhall@13f79535-47bb-0310-9956-ffa450edef68,1,0.002688172043010753,3.0,1.0,1.0,1.0,190.82352941176472,2994.2540066026745,1,10,1.8371611250073347,true
framework/src/main/java/org/apache/felix/framework/ExtensionManager.java,398.0,35.0,293.0,27.0,94.0,74.0,9.0,rickhall@13f79535-47bb-0310-9956-ffa450edef68,2,0.005376344086021506,2.0,0.0,1.0,1.0,190.82352941176472,2997.554940635577,2,18,1.0971045668385622,true
framework/src/main/java/org/apache/felix/framework/Felix.java,2579.0,57.0,5547.0,114.0,607.0,454.0,4.0,rickhall@13f79535-47bb-0310-9956-ffa450edef68,1,0.002688172043010753,4.0,1.0,1.0,2.0,190.82352941176472,2994.2540066026745,1,52,1.8371611250073347,true
framework/src/main/java/org/apache/felix/framework/Logger.java,164.0,3.0,110.0,16.0,28.0,43.0,14.0,rickhall@13f79535-47bb-0310-9956-ffa450edef68,0,0.0,0.0,0.0,0.0,0.0,0.0,0.0,0,3,0.0,false
framework/src/main/java/org/apache/felix/framework/ModuleImpl.java,1266.0,55.0,1569.0,62.0,264.0,228.0,6.0,rickhall@13f79535-47bb-0310-9956-ffa450edef68,2,0.005376344086021506,8.0,1.0,1.0,6.0,190.82352941176472,2997.554940635577,2,16,1.4136421274021176,true
framework/src/main/java/org/apache/felix/framework/PackageAdminImpl.java,213.0,12.0,38.0,16.0,66.0,56.0,2.0,rickhall@13f79535-47bb-0310-9956-ffa450edef68,2,0.005376344086021506,9.0,3.0,3.0,0.0,266.82352941176475,Infinity,2,5,2.5549351717081716,true
framework/src/main/java/org/apache/felix/framework/ResolverStateImpl.java,158.0,22.0,8.0,9.0,62.0,34.0,9.0,rickhall@13f79535-47bb-0310-9956-ffa450edef68,1,0.002688172043010753,20.0,0.0,0.0,13.0,190.82352941176472,2994.2540066026745,1,0,1.8371611250073347,true
framework/src/main/java/org/apache/felix/framework/ServiceRegistrationImpl.java,322.0,14.0,14.0,16.0,39.0,50.0,1.0,rickhall@13f79535-47bb-0310-9956-ffa450edef68,1,0.002688172043010753,2.0,0.0,2.0,2.0,190.82352941176472,2994.2540066026745,1,7,1.8371611250073347,true
framework/src/main/java/org/apache/felix/framework/URLHandlersBundleURLConnection.java,119.0,8.0,22.0,9.0,27.0,28.0,0.0,rickhall@13f79535-47bb-0310-9956-ffa450edef68,0,0.0,0.0,0.0,0.0,0.0,0.0,0.0,0,4,0.0,true
framework/src/main/java/org/apache/felix/framework/capabilityset/Capability.java,15.0,2.0,21.0,7.0,0.0,7.0,11.0,rickhall@13f79535-47bb-0310-9956-ffa450edef68,1,0.002688172043010753,17.0,0.0,0.0,17.0,190.82352941176472,2994.2540066026745,1,0,1.8371611250073347,true
framework/src/main/java/org/apache/felix/framework/capabilityset/CapabilitySet.java,321.0,14.0,120.0,17.0,100.0,76.0,14.0,rickhall@13f79535-47bb-0310-9956-ffa450edef68,1,0.002688172043010753,6.0,0.0,0.0,6.0,190.82352941176472,2994.2540066026745,1,3,1.8371611250073347,true
framework/src/main/java/org/apache/felix/framework/capabilityset/SimpleFilter.java,348.0,2.0,69.0,14.0,55.0,63.0,11.0,rickhall@13f79535-47bb-0310-9956-ffa450edef68,1,0.002688172043010753,6.0,0.0,0.0,6.0,190.82352941176472,2994.2540066026745,1,1,1.8371611250073347,false
framework/src/main/java/org/apache/felix/framework/resolver/Candidates.java,526.0,20.0,6.0,20.0,148.0,77.0,4.0,rickhall@13f79535-47bb-0310-9956-ffa450edef68,1,0.002688172043010753,31.0,2.0,5.0,14.0,190.82352941176472,2994.2540066026745,1,0,1.8371611250073347,true
framework/src/main/java/org/apache/felix/framework/resolver/HostModule.java,120.0,13.0,273.0,27.0,19.0,59.0,9.0,rickhall@13f79535-47bb-0310-9956-ffa450edef68,1,0.002688172043010753,17.0,0.0,0.0,17.0,190.82352941176472,2994.2540066026745,1,0,1.8371611250073347,true
framework/src/main/java/org/apache/felix/framework/resolver/HostedCapability.java,63.0,4.0,0.0,12.0,14.0,26.0,9.0,rickhall@13f79535-47bb-0310-9956-ffa450edef68,1,0.002688172043010753,10.0,0.0,0.0,10.0,190.82352941176472,2994.2540066026745,1,0,1.8371611250073347,true
framework/src/main/java/org/apache/felix/framework/resolver/HostedRequirement.java,54.0,4.0,0.0,11.0,11.0,23.0,9.0,rickhall@13f79535-47bb-0310-9956-ffa450edef68,1,0.002688172043010753,14.0,0.0,0.0,14.0,190.82352941176472,2994.2540066026745,1,0,1.8371611250073347,true
framework/src/main/java/org/apache/felix/framework/resolver/Module.java,27.0,11.0,253.0,23.0,0.0,26.0,17.0,rickhall@13f79535-47bb-0310-9956-ffa450edef68,1,0.002688172043010753,8.0,0.0,0.0,8.0,190.82352941176472,2994.2540066026745,1,1,1.8371611250073347,true
framework/src/main/java/org/apache/felix/framework/resolver/Resolver.java,9.0,6.0,1.0,2.0,0.0,2.0,14.0,rickhall@13f79535-47bb-0310-9956-ffa450edef68,1,0.002688172043010753,13.0,0.0,0.0,13.0,190.82352941176472,2994.2540066026745,1,1,1.8371611250073347,true
framework/src/main/java/org/apache/felix/framework/resolver/ResolverImpl.java,804.0,20.0,313.0,26.0,260.0,119.0,3.0,rickhall@13f79535-47bb-0310-9956-ffa450edef68,1,0.002688172043010753,16.0,1.0,4.0,8.0,190.82352941176472,2994.2540066026745,1,11,1.8371611250073347,true
framework/src/main/java/org/apache/felix/framework/resolver/WireImpl.java,65.0,6.0,0.0,10.0,26.0,29.0,10.0,rickhall@13f79535-47bb-0310-9956-ffa450edef68,1,0.002688172043010753,17.0,0.0,0.0,17.0,190.82352941176472,2994.2540066026745,1,2,1.8371611250073347,true
framework/src/main/java/org/apache/felix/framework/resolver/WireModuleImpl.java,66.0,6.0,0.0,10.0,11.0,27.0,10.0,rickhall@13f79535-47bb-0310-9956-ffa450edef68,1,0.002688172043010753,20.0,0.0,0.0,20.0,190.82352941176472,2994.2540066026745,1,1,1.8371611250073347,true
framework/src/main/java/org/apache/felix/framework/util/manifestparser/ManifestParser.java,814.0,12.0,640.0,37.0,245.0,161.0,11.0,rickhall@13f79535-47bb-0310-9956-ffa450edef68,1,0.002688172043010753,1.0,0.0,0.0,1.0,190.82352941176472,2994.2540066026745,1,10,1.8371611250073347,true
framework/src/main/java/org/apache/felix/framework/util/manifestparser/R4Library.java,104.0,4.0,4.0,9.0,11.0,24.0,0.0,rickhall@13f79535-47bb-0310-9956-ffa450edef68,0,0.0,0.0,0.0,0.0,0.0,0.0,0.0,0,2,0.0,true
framework/src/main/java/org/apache/felix/framework/util/manifestparser/RequirementImpl.java,94.0,10.0,18.0,9.0,25.0,24.0,11.0,rickhall@13f79535-47bb-0310-9956-ffa450edef68,1,0.002688172043010753,12.0,0.0,0.0,12.0,190.82352941176472,2994.2540066026745,1,1,1.8371611250073347,true
framework/src/test/java/org/apache/felix/framework/StartStopBundleTest.java,82.0,18.0,6.0,4.0,37.0,12.0,0.0,davidb@13f79535-47bb-0310-9956-ffa450edef68,0,0.0,0.0,0.0,0.0,0.0,0.0,0.0,0,1,0.0,false
gogo/runtime/src/main/java/org/apache/felix/gogo/runtime/CommandProcessorImpl.java,183.0,20.0,193.0,23.0,56.0,57.0,1.0,gnodet@13f79535-47bb-0310-9956-ffa450edef68,1,0.002688172043010753,6.0,0.0,6.0,0.0,0.0,0.0,1,2,5.2548878086207,true
gogo/runtime/src/main/java/org/apache/felix/gogo/runtime/Reflective.java,181.0,12.0,3.0,3.0,30.0,19.0,1.0,dbaum@13f79535-47bb-0310-9956-ffa450edef68,1,0.002688172043010753,9.0,0.0,0.0,0.0,0.0,0.0,1,4,5.948034989180646,true
http/api/src/main/java/org/apache/felix/http/api/CometdService.java,3.0,2.0,0.0,1.0,0.0,2.0,18.0,fmeschbe@13f79535-47bb-0310-9956-ffa450edef68,1,0.002688172043010753,50.0,50.0,0.0,0.0,114.66666666666666,53.7985176379025,1,0,5.948034989180646,false
http/base/src/main/java/org/apache/felix/http/base/internal/HttpServiceController.java,85.0,14.0,7.0,11.0,13.0,22.0,0.0,cziegeler@13f79535-47bb-0310-9956-ffa450edef68,0,0.0,0.0,0.0,0.0,0.0,0.0,0.0,0,0,0.0,false
http/base/src/main/java/org/apache/felix/http/base/internal/context/ServletContextImpl.java,150.0,21.0,254.0,28.0,48.0,63.0,0.0,cziegeler@13f79535-47bb-0310-9956-ffa450edef68,0,0.0,0.0,0.0,0.0,0.0,0.0,0.0,0,1,0.0,false
http/base/src/main/java/org/apache/felix/http/base/internal/context/ServletContextManager.java,28.0,6.0,0.0,3.0,3.0,6.0,0.0,fmeschbe@13f79535-47bb-0310-9956-ffa450edef68,0,0.0,0.0,0.0,0.0,0.0,0.0,0.0,0,0,0.0,false
http/base/src/main/java/org/apache/felix/http/base/internal/service/HttpServiceFactory.java,18.0,6.0,1.0,3.0,1.0,4.0,0.0,cziegeler@13f79535-47bb-0310-9956-ffa450edef68,0,0.0,0.0,0.0,0.0,0.0,0.0,0.0,0,0,0.0,false
http/base/src/main/java/org/apache/felix/http/base/internal/service/HttpServiceImpl.java,105.0,11.0,47.0,14.0,29.0,35.0,0.0,cziegeler@13f79535-47bb-0310-9956-ffa450edef68,0,0.0,0.0,0.0,0.0,0.0,0.0,0.0,0,1,0.0,false
http/base/src/test/java/org/apache/felix/http/base/internal/context/ServletContextImplTest.java,400.0,16.0,0.0,18.0,108.0,24.0,0.0,cziegeler@13f79535-47bb-0310-9956-ffa450edef68,0,0.0,0.0,0.0,0.0,0.0,0.0,0.0,0,1,0.0,false
http/base/src/test/java/org/apache/felix/http/base/internal/context/ServletContextManagerTest.java,20.0,7.0,0.0,2.0,6.0,3.0,0.0,cziegeler@13f79535-47bb-0310-9956-ffa450edef68,0,0.0,0.0,0.0,0.0,0.0,0.0,0.0,0,0,0.0,false
http/bundle/src/main/java/org/apache/felix/http/bundle/internal/CombinedActivator.java,49.0,6.0,0.0,2.0,4.0,7.0,18.0,srs@13f79535-47bb-0310-9956-ffa450edef68,1,0.002688172043010753,50.0,50.0,0.0,0.0,114.66666666666666,53.7985176379025,1,0,5.948034989180646,false
http/cometd/src/main/java/org/apache/felix/http/cometd/internal/CometdActivator.java,12.0,1.0,0.0,2.0,3.0,4.0,18.0,jawi@13f79535-47bb-0310-9956-ffa450edef68,1,0.002688172043010753,50.0,50.0,0.0,0.0,114.66666666666666,53.7985176379025,1,0,5.948034989180646,false
http/cometd/src/main/java/org/apache/felix/http/cometd/internal/CometdConfig.java,35.0,3.0,6.0,5.0,6.0,9.0,18.0,tmoloney@13f79535-47bb-0310-9956-ffa450edef68,1,0.002688172043010753,100.0,100.0,0.0,0.0,114.66666666666666,53.7985176379025,1,0,5.948034989180646,false
http/cometd/src/main/java/org/apache/felix/http/cometd/internal/CometdServiceImpl.java,73.0,15.0,15.0,10.0,23.0,20.0,18.0,fmeschbe@13f79535-47bb-0310-9956-ffa450edef68,1,0.002688172043010753,33.0,33.0,0.0,0.0,114.66666666666666,53.7985176379025,1,0,5.948034989180646,false
http/proxy/src/main/java/org/apache/felix/http/proxy/ProxyListener.java,99.0,14.0,12.0,12.0,23.0,27.0,0.0,fmeschbe@13f79535-47bb-0310-9956-ffa450edef68,0,0.0,0.0,0.0,0.0,0.0,0.0,0.0,0,0,0.0,false
http/samples/cometd/src/main/java/org/apache/felix/http/samples/cometd/Activator.java,54.0,11.0,14.0,8.0,17.0,17.0,24.0,fmeschbe@13f79535-47bb-0310-9956-ffa450edef68,1,0.002688172043010753,33.0,33.0,0.0,0.0,114.66666666666666,53.7985176379025,1,0,5.948034989180646,false
http/samples/cometd/src/main/java/org/apache/felix/http/samples/cometd/TimeServlet.java,55.0,16.0,8.0,5.0,15.0,9.0,18.0,uiterlix@13f79535-47bb-0310-9956-ffa450edef68,1,0.002688172043010753,50.0,50.0,0.0,0.0,114.66666666666666,53.7985176379025,1,0,5.948034989180646,false
http/whiteboard/src/main/java/org/apache/felix/http/whiteboard/internal/manager/ExtenderManagerImpl.java,143.0,11.0,50.0,17.0,44.0,40.0,1.0,fmeschbe@13f79535-47bb-0310-9956-ffa450edef68,1,0.002688172043010753,14.0,0.0,14.0,0.0,2608.4914285714285,135163.95961720025,1,2,1.4706981747024395,false
ipojo/core/src/main/java/org/apache/felix/ipojo/PrimitiveInstanceDescription.java,125.0,13.0,28.0,8.0,22.0,32.0,0.0,clement@13f79535-47bb-0310-9956-ffa450edef68,0,0.0,0.0,0.0,0.0,0.0,0.0,0.0,0,2,0.0,false
ipojo/core/src/main/java/org/apache/felix/ipojo/handlers/configuration/ConfigurationHandler.java,479.0,23.0,35.0,14.0,115.0,59.0,1.0,clement@13f79535-47bb-0310-9956-ffa450edef68,1,0.002688172043010753,3.0,0.0,0.0,0.0,144.88888888888889,165.20407659825435,1,21,2.729159164312445,false
ipojo/core/src/main/java/org/apache/felix/ipojo/handlers/providedservice/ProvidedService.java,708.0,26.0,184.0,25.0,97.0,91.0,1.0,clement@13f79535-47bb-0310-9956-ffa450edef68,1,0.002688172043010753,5.0,3.0,5.0,0.0,144.88888888888889,165.20407659825435,1,21,2.729159164312445,false
ipojo/core/src/main/java/org/apache/felix/ipojo/handlers/providedservice/ProvidedServiceHandler.java,526.0,29.0,113.0,19.0,120.0,74.0,0.0,clement@13f79535-47bb-0310-9956-ffa450edef68,0,0.0,0.0,0.0,0.0,0.0,0.0,0.0,0,22,0.0,false
ipojo/manipulator/src/main/java/org/apache/felix/ipojo/manipulation/annotations/CustomAnnotationVisitor.java,261.0,6.0,0.0,9.0,26.0,22.0,0.0,clement@13f79535-47bb-0310-9956-ffa450edef68,0,0.0,0.0,0.0,0.0,0.0,0.0,0.0,0,4,0.0,false
ipojo/manipulator/src/main/java/org/apache/felix/ipojo/manipulator/Pojoization.java,988.0,39.0,579.0,39.0,240.0,155.0,0.0,clement@13f79535-47bb-0310-9956-ffa450edef68,0,0.0,0.0,0.0,0.0,0.0,0.0,0.0,0,30,0.0,false
ipojo/plugin/src/main/java/org/apache/felix/ipojo/plugin/ManipulatorMojo.java,202.0,11.0,1.0,3.0,35.0,12.0,0.0,clement@13f79535-47bb-0310-9956-ffa450edef68,0,0.0,0.0,0.0,0.0,0.0,0.0,0.0,0,12,0.0,false
ipojo/tests/api/src/test/java/org/apache/felix/ipojo/tests/api/CompositeTest.java,106.0,34.0,0.0,11.0,116.0,27.0,1.0,clement@13f79535-47bb-0310-9956-ffa450edef68,1,0.002688172043010753,17.0,0.0,17.0,0.0,144.88888888888889,165.20407659825435,1,2,2.729159164312445,false
ipojo/tests/core/annotations/src/main/java/org/apache/felix/ipojo/test/scenarios/component/NoAnnotation.java,2.0,0.0,0.0,0.0,0.0,0.0,0.0,clement@13f79535-47bb-0310-9956-ffa450edef68,0,0.0,0.0,0.0,0.0,0.0,0.0,0.0,0,1,0.0,false
ipojo/tests/core/service-providing/src/main/java/org/apache/felix/ipojo/test/scenarios/component/SimpleClass.java,5.0,0.0,0.0,1.0,0.0,2.0,0.0,clement@13f79535-47bb-0310-9956-ffa450edef68,0,0.0,0.0,0.0,0.0,0.0,0.0,0.0,0,1,0.0,false
ipojo/tests/core/service-providing/src/main/java/org/apache/felix/ipojo/test/scenarios/ps/SimplePS.java,29.0,7.0,1.0,2.0,17.0,2.0,0.0,clement@13f79535-47bb-0310-9956-ffa450edef68,0,0.0,0.0,0.0,0.0,0.0,0.0,0.0,0,1,0.0,false
ipojo/tests/manipulator/creation/src/main/java/org/apache/felix/ipojo/test/scenarios/component/CallSuperSuperConstructorWithNew.java,6.0,0.0,0.0,1.0,1.0,1.0,6.0,clement@13f79535-47bb-0310-9956-ffa450edef68,1,0.002688172043010753,50.0,0.0,0.0,0.0,144.88888888888889,165.20407659825435,1,0,2.729159164312445,false
ipojo/tests/manipulator/creation/src/main/java/org/apache/felix/ipojo/test/scenarios/component/ParentClass2.java,5.0,0.0,0.0,1.0,0.0,1.0,6.0,clement@13f79535-47bb-0310-9956-ffa450edef68,1,0.002688172043010753,50.0,0.0,0.0,0.0,144.88888888888889,165.20407659825435,1,0,2.729159164312445,false
ipojo/tests/manipulator/creation/src/main/java/org/apache/felix/ipojo/test/scenarios/component/SuperParentClass.java,10.0,0.0,0.0,2.0,2.0,2.0,6.0,clement@13f79535-47bb-0310-9956-ffa450edef68,1,0.002688172043010753,50.0,0.0,0.0,0.0,144.88888888888889,165.20407659825435,1,0,2.729159164312445,false
ipojo/tests/manipulator/creation/src/main/java/org/apache/felix/ipojo/test/scenarios/manipulation/POJOCreation.java,198.0,9.0,0.0,15.0,101.0,19.0,6.0,clement@13f79535-47bb-0310-9956-ffa450edef68,1,0.002688172043010753,12.0,0.0,0.0,0.0,144.88888888888889,165.20407659825435,1,2,2.729159164312445,false
log/src/main/java/org/apache/felix/log/LogListenerThread.java,86.0,5.0,0.0,6.0,13.0,13.0,1.0,rickhall@13f79535-47bb-0310-9956-ffa450edef68,1,0.002688172043010753,20.0,0.0,20.0,0.0,190.82352941176472,2994.2540066026745,1,0,1.8371611250073347,true
main/src/main/java/org/apache/felix/main/AutoProcessor.java,229.0,4.0,10.0,5.0,70.0,21.0,1.0,rickhall@13f79535-47bb-0310-9956-ffa450edef68,1,0.002688172043010753,17.0,0.0,0.0,0.0,190.82352941176472,2994.2540066026745,1,1,1.8371611250073347,true
metatype/src/main/java/org/apache/felix/metatype/DefaultMetaTypeProvider.java,96.0,13.0,1.0,7.0,24.0,19.0,1.0,fmeschbe@13f79535-47bb-0310-9956-ffa450edef68,1,0.002688172043010753,12.0,0.0,12.0,0.0,66.0,24.08115400804155,1,0,3.6454498961866,false
scr/src/main/java/org/apache/felix/scr/impl/Activator.java,229.0,13.0,9.0,10.0,59.0,41.0,24.0,fmeschbe@13f79535-47bb-0310-9956-ffa450edef68,0,0.0,0.0,0.0,0.0,0.0,0.0,0.0,0,2,0.0,false
scr/src/main/java/org/apache/felix/scr/impl/BundleComponentActivator.java,326.0,23.0,148.0,21.0,95.0,75.0,0.0,fmeschbe@13f79535-47bb-0310-9956-ffa450edef68,0,0.0,0.0,0.0,0.0,0.0,0.0,0.0,0,3,0.0,true
scr/src/main/java/org/apache/felix/scr/impl/ComponentActorThread.java,54.0,2.0,7.0,6.0,10.0,13.0,0.0,fmeschbe@13f79535-47bb-0310-9956-ffa450edef68,0,0.0,0.0,0.0,0.0,0.0,0.0,0.0,0,4,0.0,false
scr/src/main/java/org/apache/felix/scr/impl/ComponentRegistry.java,269.0,22.0,85.0,18.0,60.0,53.0,0.0,fmeschbe@13f79535-47bb-0310-9956-ffa450edef68,0,0.0,0.0,0.0,0.0,0.0,0.0,0.0,0,2,0.0,false
scr/src/main/java/org/apache/felix/scr/impl/ScrCommand.java,293.0,15.0,18.0,9.0,80.0,33.0,0.0,fmeschbe@13f79535-47bb-0310-9956-ffa450edef68,0,0.0,0.0,0.0,0.0,0.0,0.0,0.0,0,1,0.0,true
scr/src/main/java/org/apache/felix/scr/impl/config/ConfigurationSupport.java,161.0,16.0,32.0,9.0,49.0,32.0,0.0,djencks@13f79535-47bb-0310-9956-ffa450edef68,0,0.0,0.0,0.0,0.0,0.0,0.0,0.0,0,0,0.0,false
scr/src/main/java/org/apache/felix/scr/impl/config/ImmediateComponentHolder.java,212.0,11.0,3.0,15.0,48.0,50.0,0.0,djencks@13f79535-47bb-0310-9956-ffa450edef68,0,0.0,0.0,0.0,0.0,0.0,0.0,0.0,0,0,0.0,false
scr/src/main/java/org/apache/felix/scr/impl/config/ScrConfiguration.java,92.0,6.0,0.0,8.0,22.0,20.0,0.0,fmeschbe@13f79535-47bb-0310-9956-ffa450edef68,0,0.0,0.0,0.0,0.0,0.0,0.0,0.0,0,0,0.0,false
scr/src/main/java/org/apache/felix/scr/impl/config/ScrManagedService.java,15.0,3.0,0.0,3.0,1.0,5.0,0.0,fmeschbe@13f79535-47bb-0310-9956-ffa450edef68,0,0.0,0.0,0.0,0.0,0.0,0.0,0.0,0,0,0.0,false
scr/src/main/java/org/apache/felix/scr/impl/config/ScrManagedServiceMetaTypeProvider.java,97.0,6.0,34.0,9.0,8.0,20.0,0.0,fmeschbe@13f79535-47bb-0310-9956-ffa450edef68,0,0.0,0.0,0.0,0.0,0.0,0.0,0.0,0,0,0.0,false
scr/src/main/java/org/apache/felix/scr/impl/config/ScrManagedServiceServiceFactory.java,20.0,5.0,1.0,3.0,2.0,5.0,0.0,fmeschbe@13f79535-47bb-0310-9956-ffa450edef68,0,0.0,0.0,0.0,0.0,0.0,0.0,0.0,0,0,0.0,false
scr/src/main/java/org/apache/felix/scr/impl/helper/BaseMethod.java,292.0,10.0,125.0,18.0,50.0,59.0,0.0,fmeschbe@13f79535-47bb-0310-9956-ffa450edef68,0,0.0,0.0,0.0,0.0,0.0,0.0,0.0,0,3,0.0,false
scr/src/main/java/org/apache/felix/scr/impl/manager/AbstractComponentManager.java,667.0,23.0,1458.0,61.0,134.0,145.0,0.0,djencks@13f79535-47bb-0310-9956-ffa450edef68,0,0.0,0.0,0.0,0.0,0.0,0.0,0.0,0,3,0.0,true
scr/src/main/java/org/apache/felix/scr/impl/manager/DependencyManager.java,605.0,24.0,451.0,50.0,182.0,163.0,15.0,djencks@13f79535-47bb-0310-9956-ffa450edef68,0,0.0,0.0,0.0,0.0,0.0,0.0,0.0,0,6,0.0,true
scr/src/main/java/org/apache/felix/scr/impl/manager/ImmediateComponentManager.java,241.0,16.0,109.0,19.0,72.0,53.0,0.0,djencks@13f79535-47bb-0310-9956-ffa450edef68,0,0.0,0.0,0.0,0.0,0.0,0.0,0.0,0,4,0.0,false
scr/src/test/java/org/apache/felix/scr/impl/config/ConfiguredComponentHolderTest.java,129.0,9.0,15.0,6.0,40.0,11.0,0.0,djencks@13f79535-47bb-0310-9956-ffa450edef68,0,0.0,0.0,0.0,0.0,0.0,0.0,0.0,0,1,0.0,false
scr/src/test/java/org/apache/felix/scr/integration/ComponentTestBase.java,168.0,32.0,96.0,16.0,69.0,52.0,0.0,djencks@13f79535-47bb-0310-9956-ffa450edef68,0,0.0,0.0,0.0,0.0,0.0,0.0,0.0,0,2,0.0,true
scr/src/test/java/org/apache/felix/scr/integration/ServiceBindTest.java,847.0,15.0,45.0,10.0,152.0,14.0,0.0,fmeschbe@13f79535-47bb-0310-9956-ffa450edef68,0,0.0,0.0,0.0,0.0,0.0,0.0,0.0,0,1,0.0,false
scr/src/test/java/org/apache/felix/scr/integration/components/SimpleComponent2.java,25.0,2.0,0.0,7.0,4.0,8.0,0.0,fmeschbe@13f79535-47bb-0310-9956-ffa450edef68,0,0.0,0.0,0.0,0.0,0.0,0.0,0.0,0,0,0.0,false
scr/src/test/java/org/apache/felix/scr/integration/components/SimpleService2.java,3.0,0.0,0.0,1.0,0.0,1.0,0.0,fmeschbe@13f79535-47bb-0310-9956-ffa450edef68,0,0.0,0.0,0.0,0.0,0.0,0.0,0.0,0,0,0.0,false
scr/src/test/java/org/apache/felix/scr/integration/components/SimpleService2Impl.java,60.0,4.0,21.0,11.0,17.0,21.0,0.0,fmeschbe@13f79535-47bb-0310-9956-ffa450edef68,0,0.0,0.0,0.0,0.0,0.0,0.0,0.0,0,0,0.0,false
scrplugin/annotations/src/main/java/org/apache/felix/scr/annotations/Property.java,0.0,0.0,0.0,0.0,0.0,0.0,16.0,cziegeler@13f79535-47bb-0310-9956-ffa450edef68,1,0.002688172043010753,17.0,0.0,0.0,0.0,617.3000000000001,4434.122919886117,1,1,1.6042295673269622,false
scrplugin/annotations/src/main/java/org/apache/felix/scr/annotations/Service.java,0.0,0.0,0.0,0.0,0.0,0.0,6.0,cziegeler@13f79535-47bb-0310-9956-ffa450edef68,1,0.002688172043010753,25.0,0.0,0.0,0.0,617.3000000000001,4434.122919886117,1,1,1.6042295673269622,false
scrplugin/annotations/src/main/java/org/apache/felix/scr/annotations/Services.java,0.0,0.0,0.0,0.0,0.0,0.0,3.0,cziegeler@13f79535-47bb-0310-9956-ffa450edef68,1,0.002688172043010753,40.0,20.0,0.0,0.0,617.3000000000001,4434.122919886117,1,1,1.6042295673269622,false
scrplugin/annotations/src/main/java/org/apache/felix/scr/annotations/sling/SlingFilterScope.java,0.0,0.0,0.0,0.0,0.0,0.0,2.0,cziegeler@13f79535-47bb-0310-9956-ffa450edef68,1,0.002688172043010753,33.0,33.0,0.0,0.0,617.3000000000001,4434.122919886117,1,0,1.6042295673269622,false
scrplugin/annotations/src/main/java/org/apache/felix/scrplugin/tags/annotation/defaulttag/ComponentTag.java,111.0,9.0,0.0,20.0,55.0,44.0,11.0,cziegeler@13f79535-47bb-0310-9956-ffa450edef68,1,0.002688172043010753,38.0,0.0,38.0,0.0,617.3000000000001,4434.122919886117,1,1,1.6042295673269622,false
scrplugin/annotations/src/main/java/org/apache/felix/scrplugin/tags/annotation/defaulttag/DefaultAnnotationTagProvider.java,42.0,8.0,0.0,1.0,9.0,5.0,6.0,cziegeler@13f79535-47bb-0310-9956-ffa450edef68,1,0.002688172043010753,25.0,0.0,0.0,0.0,617.3000000000001,4434.122919886117,1,1,1.6042295673269622,false
scrplugin/annotations/src/main/java/org/apache/felix/scrplugin/tags/annotation/defaulttag/PropertyTag.java,270.0,8.0,0.0,23.0,69.0,58.0,7.0,cziegeler@13f79535-47bb-0310-9956-ffa450edef68,1,0.002688172043010753,60.0,0.0,40.0,0.0,617.3000000000001,4434.122919886117,1,1,1.6042295673269622,false
scrplugin/annotations/src/main/java/org/apache/felix/scrplugin/tags/annotation/defaulttag/ReferenceTag.java,68.0,9.0,0.0,14.0,27.0,29.0,10.0,cziegeler@13f79535-47bb-0310-9956-ffa450edef68,1,0.002688172043010753,57.0,0.0,43.0,0.0,617.3000000000001,4434.122919886117,1,1,1.6042295673269622,false
scrplugin/annotations/src/main/java/org/apache/felix/scrplugin/tags/annotation/defaulttag/ServiceTag.java,51.0,8.0,0.0,8.0,12.0,18.0,8.0,cziegeler@13f79535-47bb-0310-9956-ffa450edef68,1,0.002688172043010753,60.0,0.0,30.0,10.0,617.3000000000001,4434.122919886117,1,1,1.6042295673269622,false
scrplugin/annotations/src/main/java/org/apache/felix/scrplugin/tags/annotation/sling/SlingAnnotationTagProvider.java,70.0,6.0,0.0,1.0,15.0,5.0,3.0,cziegeler@13f79535-47bb-0310-9956-ffa450edef68,1,0.002688172043010753,29.0,14.0,0.0,0.0,617.3000000000001,4434.122919886117,1,1,1.6042295673269622,false
scrplugin/annotations/src/main/java/org/apache/felix/scrplugin/tags/annotation/sling/SlingFilterComponentTag.java,39.0,6.0,4.0,4.0,2.0,8.0,11.0,cziegeler@13f79535-47bb-0310-9956-ffa450edef68,1,0.002688172043010753,50.0,0.0,50.0,0.0,617.3000000000001,4434.122919886117,1,1,1.6042295673269622,false
scrplugin/annotations/src/main/java/org/apache/felix/scrplugin/tags/annotation/sling/SlingFilterServiceTag.java,21.0,6.0,6.0,4.0,0.0,7.0,11.0,cziegeler@13f79535-47bb-0310-9956-ffa450edef68,1,0.002688172043010753,50.0,0.0,50.0,0.0,617.3000000000001,4434.122919886117,1,1,1.6042295673269622,false
scrplugin/annotations/src/main/java/org/apache/felix/scrplugin/tags/annotation/sling/SlingServletComponentTag.java,20.0,6.0,6.0,4.0,1.0,7.0,9.0,cziegeler@13f79535-47bb-0310-9956-ffa450edef68,1,0.002688172043010753,57.0,0.0,43.0,0.0,617.3000000000001,4434.122919886117,1,1,1.6042295673269622,false
scrplugin/annotations/src/main/java/org/apache/felix/scrplugin/tags/annotation/sling/SlingServletPropertyTag.java,62.0,6.0,4.0,5.0,4.0,11.0,11.0,cziegeler@13f79535-47bb-0310-9956-ffa450edef68,1,0.002688172043010753,43.0,0.0,43.0,0.0,617.3000000000001,4434.122919886117,1,1,1.6042295673269622,false
scrplugin/annotations/src/main/java/org/apache/felix/scrplugin/tags/annotation/sling/SlingServletServiceTag.java,21.0,6.0,6.0,4.0,0.0,7.0,11.0,cziegeler@13f79535-47bb-0310-9956-ffa450edef68,1,0.002688172043010753,50.0,0.0,50.0,0.0,617.3000000000001,4434.122919886117,1,1,1.6042295673269622,false
scrplugin/generator/src/main/java/org/apache/felix/scrplugin/SCRDescriptorGenerator.java,562.0,11.0,188.0,21.0,169.0,77.0,2.0,cziegeler@13f79535-47bb-0310-9956-ffa450edef68,1,0.002688172043010753,4.0,0.0,0.0,0.0,617.3000000000001,4434.122919886117,1,0,1.6042295673269622,false
scrplugin/generator/src/main/java/org/apache/felix/scrplugin/helper/IssueLog.java,73.0,2.0,0.0,7.0,11.0,13.0,2.0,cziegeler@13f79535-47bb-0310-9956-ffa450edef68,1,0.002688172043010753,20.0,0.0,0.0,0.0,617.3000000000001,4434.122919886117,1,0,1.6042295673269622,false
scrplugin/generator/src/main/java/org/apache/felix/scrplugin/helper/PropertyHandler.java,303.0,9.0,37.0,10.0,81.0,45.0,1.0,cziegeler@13f79535-47bb-0310-9956-ffa450edef68,1,0.002688172043010753,50.0,0.0,0.0,0.0,617.3000000000001,4434.122919886117,1,0,1.6042295673269622,false
scrplugin/generator/src/main/java/org/apache/felix/scrplugin/om/AbstractObject.java,18.0,2.0,0.0,4.0,8.0,5.0,14.0,cziegeler@13f79535-47bb-0310-9956-ffa450edef68,1,0.002688172043010753,17.0,0.0,17.0,0.0,617.3000000000001,4434.122919886117,1,0,1.6042295673269622,false
scrplugin/generator/src/main/java/org/apache/felix/scrplugin/om/Component.java,383.0,6.0,567.0,38.0,36.0,79.0,20.0,cziegeler@13f79535-47bb-0310-9956-ffa450edef68,1,0.002688172043010753,12.0,0.0,12.0,0.0,617.3000000000001,4434.122919886117,1,0,1.6042295673269622,false
scrplugin/generator/src/main/java/org/apache/felix/scrplugin/om/Reference.java,244.0,5.0,261.0,26.0,23.0,52.0,1.0,cziegeler@13f79535-47bb-0310-9956-ffa450edef68,1,0.002688172043010753,22.0,0.0,0.0,0.0,617.3000000000001,4434.122919886117,1,0,1.6042295673269622,false
scrplugin/generator/src/main/java/org/apache/felix/scrplugin/tags/JavaTag.java,20.0,1.0,36.0,9.0,0.0,11.0,14.0,cziegeler@13f79535-47bb-0310-9956-ffa450edef68,1,0.002688172043010753,33.0,0.0,33.0,0.0,617.3000000000001,4434.122919886117,1,0,1.6042295673269622,false
scrplugin/generator/src/main/java/org/apache/felix/scrplugin/tags/annotation/AbstractTag.java,95.0,3.0,56.0,12.0,9.0,24.0,14.0,cziegeler@13f79535-47bb-0310-9956-ffa450edef68,1,0.002688172043010753,25.0,0.0,25.0,0.0,617.3000000000001,4434.122919886117,1,1,1.6042295673269622,false
scrplugin/generator/src/main/java/org/apache/felix/scrplugin/tags/annotation/Util.java,350.0,7.0,171.0,19.0,72.0,90.0,4.0,cziegeler@13f79535-47bb-0310-9956-ffa450edef68,1,0.002688172043010753,50.0,0.0,12.0,0.0,617.3000000000001,4434.122919886117,1,1,1.6042295673269622,false
scrplugin/generator/src/main/java/org/apache/felix/scrplugin/tags/cl/ClassLoaderJavaTag.java,147.0,5.0,32.0,12.0,25.0,28.0,14.0,cziegeler@13f79535-47bb-0310-9956-ffa450edef68,1,0.002688172043010753,25.0,0.0,25.0,0.0,617.3000000000001,4434.122919886117,1,0,1.6042295673269622,false
scrplugin/generator/src/main/java/org/apache/felix/scrplugin/tags/qdox/QDoxJavaClassDescription.java,359.0,12.0,0.0,22.0,75.0,84.0,1.0,cziegeler@13f79535-47bb-0310-9956-ffa450edef68,1,0.002688172043010753,33.0,0.0,33.0,0.0,617.3000000000001,4434.122919886117,1,0,1.6042295673269622,false
scrplugin/generator/src/main/java/org/apache/felix/scrplugin/tags/qdox/QDoxJavaTag.java,73.0,3.0,9.0,11.0,13.0,21.0,14.0,cziegeler@13f79535-47bb-0310-9956-ffa450edef68,1,0.002688172043010753,25.0,0.0,25.0,0.0,617.3000000000001,4434.122919886117,1,0,1.6042295673269622,false
scrplugin/maven-scr-plugin/src/main/java/org/apache/felix/scrplugin/mojo/MavenJavaClassDescriptorManager.java,89.0,9.0,0.0,5.0,33.0,19.0,0.0,cziegeler@13f79535-47bb-0310-9956-ffa450edef68,0,0.0,0.0,0.0,0.0,0.0,0.0,0.0,0,0,0.0,false
sigil/common/core/src/org/apache/felix/sigil/common/model/ModelElementSupport.java,544.0,15.0,321.0,34.0,133.0,124.0,1.0,dsavage@13f79535-47bb-0310-9956-ffa450edef68,1,0.002688172043010753,33.0,0.0,0.0,0.0,54.0,23.159858928883153,1,1,4.561740628060756,false
sigil/eclipse/core/src/org/apache/felix/sigil/eclipse/repository/ResolutionMonitorAdapter.java,18.0,5.0,0.0,5.0,3.0,6.0,1.0,dsavage@13f79535-47bb-0310-9956-ffa450edef68,1,0.002688172043010753,50.0,50.0,0.0,0.0,54.0,23.159858928883153,1,0,4.561740628060756,false
sigil/gogo/junit/src/org/apache/felix/sigil/gogo/junit/Activator.java,31.0,10.0,3.0,3.0,12.0,8.0,24.0,dsavage@13f79535-47bb-0310-9956-ffa450edef68,1,0.002688172043010753,12.0,0.0,0.0,0.0,54.0,23.159858928883153,1,1,4.561740628060756,false
utils/src/main/java/org/apache/felix/utils/properties/Properties.java,694.0,14.0,375.0,31.0,72.0,99.0,2.0,gnodet@13f79535-47bb-0310-9956-ffa450edef68,1,0.002688172043010753,11.0,11.0,0.0,0.0,76.0,Infinity,1,0,3.86859344750081,false
utils/src/test/java/org/apache/felix/utils/properties/PropertiesTest.java,60.0,5.0,0.0,4.0,21.0,8.0,2.0,gnodet@13f79535-47bb-0310-9956-ffa450edef68,1,0.002688172043010753,14.0,14.0,0.0,0.0,76.0,Infinity,1,0,3.86859344750081,false
webconsole/src/main/java/org/apache/felix/webconsole/internal/WebConsolePluginAdapter.java,137.0,8.0,21.0,11.0,28.0,32.0,0.0,fmeschbe@13f79535-47bb-0310-9956-ffa450edef68,0,0.0,0.0,0.0,0.0,0.0,0.0,0.0,0,3,0.0,false
webconsole/src/main/java/org/apache/felix/webconsole/internal/compendium/ConfigManager.java,665.0,39.0,135.0,18.0,206.0,95.0,2.0,fmeschbe@13f79535-47bb-0310-9956-ffa450edef68,1,0.002688172043010753,2.0,0.0,2.0,0.0,66.0,24.08115400804155,1,12,3.6454498961866,false
webconsole/src/main/java/org/apache/felix/webconsole/internal/compendium/ConfigManagerBase.java,177.0,13.0,91.0,14.0,36.0,48.0,2.0,fmeschbe@13f79535-47bb-0310-9956-ffa450edef68,1,0.002688172043010753,6.0,0.0,6.0,0.0,66.0,24.08115400804155,1,1,3.6454498961866,false
webconsole/src/main/java/org/apache/felix/webconsole/internal/core/BundlesServlet.java,1022.0,23.0,1366.0,53.0,315.0,183.0,0.0,cziegeler@13f79535-47bb-0310-9956-ffa450edef68,0,0.0,0.0,0.0,0.0,0.0,0.0,0.0,0,10,0.0,false
webconsole/src/main/java/org/apache/felix/webconsole/internal/i18n/ResourceBundleCache.java,89.0,8.0,3.0,6.0,26.0,17.0,1.0,fmeschbe@13f79535-47bb-0310-9956-ffa450edef68,1,0.002688172043010753,9.0,0.0,9.0,0.0,66.0,24.08115400804155,1,3,3.6454498961866,false
