name,LOC,CBO,LCOM,NOM,RFC,WMC,ACS,Ownership,numOfChanges,numberOfFIChanges,ENH,NF,BugFixing,REF,structuralWorkloadSum,semanticWorkloadSum,numberOfDeveloper,pastFaults,MAF,isBuggy
bundleplugin/src/main/java/org/apache/felix/bundleplugin/AbstractDependencyFilter.java,149.0,9.0,53.0,11.0,35.0,35.0,0.0,mcculls@13f79535-47bb-0310-9956-ffa450edef68,0,0.0,0.0,0.0,0.0,0.0,0.0,0.0,0,2,0.0,false
bundleplugin/src/main/java/org/apache/felix/bundleplugin/BundleAllPlugin.java,343.0,34.0,134.0,17.0,126.0,71.0,0.0,mcculls@13f79535-47bb-0310-9956-ffa450edef68,0,0.0,0.0,0.0,0.0,0.0,0.0,0.0,0,3,0.0,false
bundleplugin/src/main/java/org/apache/felix/bundleplugin/BundlePlugin.java,920.0,53.0,857.0,43.0,396.0,169.0,1.0,mcculls@13f79535-47bb-0310-9956-ffa450edef68,1,0.0019569471624266144,3.0,1.0,1.0,1.0,54.285714285714285,120.4443883830646,1,24,2.561599270576255,true
bundleplugin/src/main/java/org/apache/felix/bundleplugin/DependencyEmbedder.java,176.0,9.0,16.0,9.0,54.0,29.0,0.0,mcculls@13f79535-47bb-0310-9956-ffa450edef68,0,0.0,0.0,0.0,0.0,0.0,0.0,0.0,0,3,0.0,false
bundleplugin/src/main/java/org/apache/felix/bundleplugin/DependencyExcluder.java,26.0,3.0,0.0,4.0,4.0,11.0,0.0,mcculls@13f79535-47bb-0310-9956-ffa450edef68,0,0.0,0.0,0.0,0.0,0.0,0.0,0.0,0,0,0.0,false
bundleplugin/src/main/java/org/apache/felix/bundleplugin/ManifestPlugin.java,111.0,17.0,15.0,6.0,49.0,25.0,1.0,mcculls@13f79535-47bb-0310-9956-ffa450edef68,1,0.0019569471624266144,7.0,0.0,2.0,0.0,54.285714285714285,120.4443883830646,1,5,2.561599270576255,true
bundleplugin/src/main/java/org/apache/felix/obrplugin/ObrIndex.java,164.0,18.0,8.0,5.0,51.0,24.0,0.0,gnodet@13f79535-47bb-0310-9956-ffa450edef68,0,0.0,0.0,0.0,0.0,0.0,0.0,0.0,0,1,0.0,false
bundleplugin/src/main/java/org/apache/felix/obrplugin/ObrRemoteClean.java,297.0,39.0,13.0,6.0,81.0,34.0,1.0,mcculls@13f79535-47bb-0310-9956-ffa450edef68,1,0.0019569471624266144,10.0,0.0,0.0,0.0,54.285714285714285,120.4443883830646,1,3,2.561599270576255,false
bundleplugin/src/main/java/org/apache/felix/obrplugin/ObrUpdate.java,233.0,22.0,0.0,7.0,61.0,31.0,0.0,mcculls@13f79535-47bb-0310-9956-ffa450edef68,0,0.0,0.0,0.0,0.0,0.0,0.0,0.0,0,3,0.0,false
bundleplugin/src/main/java/org/apache/felix/obrplugin/RemoteFileManager.java,235.0,20.0,7.0,10.0,51.0,43.0,1.0,gnodet@13f79535-47bb-0310-9956-ffa450edef68,1,0.0019569471624266144,33.0,0.0,33.0,0.0,54.285714285714285,120.4443883830646,1,0,2.561599270576255,false
bundleplugin/src/test/java/org/apache/felix/bundleplugin/AbstractBundlePluginTest.java,25.0,4.0,3.0,3.0,8.0,8.0,0.0,rickhall@13f79535-47bb-0310-9956-ffa450edef68,0,0.0,0.0,0.0,0.0,0.0,0.0,0.0,0,0,0.0,false
bundleplugin/src/test/java/org/apache/felix/bundleplugin/BundlePluginTest.java,226.0,19.0,1.0,14.0,122.0,35.0,2.0,mcculls@13f79535-47bb-0310-9956-ffa450edef68,1,0.0019569471624266144,3.0,0.0,3.0,0.0,54.285714285714285,120.4443883830646,1,2,2.561599270576255,false
bundlerepository/src/main/java/org/apache/felix/bundlerepository/impl/ResolverImpl.java,461.0,7.0,219.0,26.0,124.0,96.0,1.0,gnodet@13f79535-47bb-0310-9956-ffa450edef68,1,0.0019569471624266144,8.0,0.0,0.0,0.0,40.0,48.212304884840776,1,3,3.6176519448255684,true
configadmin/src/main/java/org/apache/felix/cm/file/ConfigurationHandler.java,488.0,20.0,167.0,22.0,92.0,101.0,0.0,fmeschbe@13f79535-47bb-0310-9956-ffa450edef68,0,0.0,0.0,0.0,0.0,0.0,0.0,0.0,0,0,0.0,false
configadmin/src/main/java/org/apache/felix/cm/impl/CaseInsensitiveDictionary.java,155.0,10.0,0.0,13.0,54.0,41.0,0.0,fmeschbe@13f79535-47bb-0310-9956-ffa450edef68,0,0.0,0.0,0.0,0.0,0.0,0.0,0.0,0,1,0.0,false
configadmin/src/main/java/org/apache/felix/cm/impl/ConfigurationAdapter.java,111.0,4.0,0.0,13.0,36.0,25.0,2.0,fmeschbe@13f79535-47bb-0310-9956-ffa450edef68,1,0.0019569471624266144,20.0,5.0,5.0,0.0,1463.83908045977,19730.558892004552,1,3,1.5539587601138718,false
configadmin/src/main/java/org/apache/felix/cm/impl/ConfigurationAdminImpl.java,112.0,7.0,0.0,11.0,39.0,39.0,2.0,fmeschbe@13f79535-47bb-0310-9956-ffa450edef68,1,0.0019569471624266144,11.0,6.0,11.0,6.0,1463.83908045977,19730.558892004552,1,4,1.5539587601138718,false
configadmin/src/main/java/org/apache/felix/cm/impl/ConfigurationBase.java,45.0,4.0,11.0,7.0,5.0,16.0,5.0,fmeschbe@13f79535-47bb-0310-9956-ffa450edef68,1,0.0019569471624266144,11.0,0.0,11.0,0.0,1463.83908045977,19730.558892004552,1,2,1.5539587601138718,false
configadmin/src/main/java/org/apache/felix/cm/impl/ConfigurationImpl.java,249.0,8.0,150.0,25.0,74.0,66.0,2.0,fmeschbe@13f79535-47bb-0310-9956-ffa450edef68,1,0.0019569471624266144,6.0,3.0,0.0,3.0,1463.83908045977,19730.558892004552,1,6,1.5539587601138718,false
configadmin/src/main/java/org/apache/felix/cm/impl/ConfigurationManager.java,1138.0,10.0,554.0,37.0,156.0,132.0,1.0,fmeschbe@13f79535-47bb-0310-9956-ffa450edef68,1,0.0019569471624266144,11.0,3.0,6.0,2.0,1463.83908045977,19730.558892004552,1,18,1.5539587601138718,true
configadmin/src/main/java/org/apache/felix/cm/impl/Factory.java,56.0,6.0,25.0,10.0,18.0,26.0,0.0,fmeschbe@13f79535-47bb-0310-9956-ffa450edef68,0,0.0,0.0,0.0,0.0,0.0,0.0,0.0,0,1,0.0,false
configadmin/src/main/java/org/apache/felix/cm/impl/RankingComparator.java,45.0,4.0,3.0,3.0,4.0,9.0,0.0,cziegeler@13f79535-47bb-0310-9956-ffa450edef68,0,0.0,0.0,0.0,0.0,0.0,0.0,0.0,0,2,0.0,false
configadmin/src/main/java/org/apache/felix/cm/impl/UpdateThread.java,82.0,2.0,0.0,5.0,17.0,16.0,0.0,fmeschbe@13f79535-47bb-0310-9956-ffa450edef68,0,0.0,0.0,0.0,0.0,0.0,0.0,0.0,0,2,0.0,false
configadmin/src/main/java/org/osgi/service/cm/ConfigurationEvent.java,83.0,1.0,2.0,5.0,0.0,13.0,0.0,fmeschbe@13f79535-47bb-0310-9956-ffa450edef68,0,0.0,0.0,0.0,0.0,0.0,0.0,0.0,0,0,0.0,false
configadmin/src/main/java/org/osgi/service/cm/ConfigurationPermission.java,294.0,15.0,40.0,13.0,35.0,47.0,0.0,fmeschbe@13f79535-47bb-0310-9956-ffa450edef68,0,0.0,0.0,0.0,0.0,0.0,0.0,0.0,0,0,0.0,false
configadmin/src/test/java/org/apache/felix/cm/file/FilePersistenceManagerTest.java,128.0,10.0,124.0,17.0,43.0,37.0,0.0,fmeschbe@13f79535-47bb-0310-9956-ffa450edef68,0,0.0,0.0,0.0,0.0,0.0,0.0,0.0,0,0,0.0,false
configadmin/src/test/java/org/apache/felix/cm/impl/ConfigurationManagerTest.java,172.0,8.0,47.0,11.0,41.0,22.0,0.0,fmeschbe@13f79535-47bb-0310-9956-ffa450edef68,0,0.0,0.0,0.0,0.0,0.0,0.0,0.0,0,0,0.0,true
configadmin/src/test/java/org/apache/felix/cm/impl/ManagedServiceHolderTest.java,63.0,3.0,15.0,6.0,20.0,18.0,0.0,fmeschbe@13f79535-47bb-0310-9956-ffa450edef68,0,0.0,0.0,0.0,0.0,0.0,0.0,0.0,0,0,0.0,false
configadmin/src/test/java/org/apache/felix/cm/impl/RankingComparatorTest.java,142.0,12.0,0.0,7.0,25.0,7.0,0.0,fmeschbe@13f79535-47bb-0310-9956-ffa450edef68,0,0.0,0.0,0.0,0.0,0.0,0.0,0.0,0,1,0.0,false
configadmin/src/test/java/org/apache/felix/cm/integration/ConfigurationBaseTest.java,267.0,13.0,45.0,10.0,104.0,20.0,5.0,fmeschbe@13f79535-47bb-0310-9956-ffa450edef68,1,0.0019569471624266144,6.0,0.0,6.0,0.0,1463.83908045977,19730.558892004552,1,0,1.5539587601138718,false
configadmin/src/test/java/org/apache/felix/cm/integration/ConfigurationBindingTest.java,539.0,16.0,111.0,18.0,204.0,39.0,2.0,fmeschbe@13f79535-47bb-0310-9956-ffa450edef68,1,0.0019569471624266144,14.0,0.0,7.0,0.0,1463.83908045977,19730.558892004552,1,1,1.5539587601138718,false
configadmin/src/test/java/org/apache/felix/cm/integration/ConfigurationTestBase.java,180.0,36.0,88.0,16.0,69.0,53.0,0.0,fmeschbe@13f79535-47bb-0310-9956-ffa450edef68,0,0.0,0.0,0.0,0.0,0.0,0.0,0.0,0,2,0.0,false
configadmin/src/test/java/org/apache/felix/cm/integration/MultiServiceFactoryPIDTest.java,125.0,10.0,6.0,4.0,61.0,12.0,2.0,fmeschbe@13f79535-47bb-0310-9956-ffa450edef68,1,0.0019569471624266144,20.0,0.0,20.0,0.0,1463.83908045977,19730.558892004552,1,0,1.5539587601138718,false
configadmin/src/test/java/org/apache/felix/cm/integration/MultiServicePIDTest.java,125.0,10.0,6.0,4.0,52.0,12.0,2.0,fmeschbe@13f79535-47bb-0310-9956-ffa450edef68,1,0.0019569471624266144,33.0,0.0,17.0,0.0,1463.83908045977,19730.558892004552,1,0,1.5539587601138718,false
configadmin/src/test/java/org/apache/felix/cm/integration/helper/ManagedServiceFactoryTestActivator.java,17.0,5.0,0.0,3.0,5.0,5.0,0.0,fmeschbe@13f79535-47bb-0310-9956-ffa450edef68,0,0.0,0.0,0.0,0.0,0.0,0.0,0.0,0,0,0.0,false
configadmin/src/test/java/org/apache/felix/cm/integration/helper/ManagedServiceTestActivator.java,17.0,5.0,0.0,3.0,5.0,5.0,0.0,fmeschbe@13f79535-47bb-0310-9956-ffa450edef68,0,0.0,0.0,0.0,0.0,0.0,0.0,0.0,0,0,0.0,false
dependencymanager/core/src/main/java/org/apache/felix/dm/ComponentDependencyDeclaration.java,46.0,0.0,3.0,3.0,0.0,3.0,6.0,pderop@13f79535-47bb-0310-9956-ffa450edef68,1,0.0019569471624266144,33.0,0.0,0.0,0.0,571.2222222222223,4111.251465026828,1,0,2.8067217286092396,false
dependencymanager/core/src/main/java/org/apache/felix/dm/DependencyActivatorBase.java,197.0,4.0,0.0,25.0,21.0,54.0,4.0,pderop@13f79535-47bb-0310-9956-ffa450edef68,1,0.0019569471624266144,11.0,4.0,0.0,4.0,571.2222222222223,4111.251465026828,1,6,2.8067217286092396,false
dependencymanager/core/src/main/java/org/apache/felix/dm/DependencyManager.java,286.0,27.0,271.0,27.0,21.0,78.0,4.0,marrs@13f79535-47bb-0310-9956-ffa450edef68,1,0.0019569471624266144,6.0,2.0,0.0,2.0,571.2222222222223,4111.251465026828,1,13,2.8067217286092396,true
dependencymanager/core/src/main/java/org/apache/felix/dm/ServiceDependency.java,119.0,1.0,136.0,17.0,0.0,63.0,0.0,pderop@13f79535-47bb-0310-9956-ffa450edef68,0,0.0,0.0,0.0,0.0,0.0,0.0,0.0,0,0,0.0,false
dependencymanager/core/src/main/java/org/apache/felix/dm/ServiceUtil.java,124.0,4.0,28.0,8.0,19.0,31.0,0.0,marrs@13f79535-47bb-0310-9956-ffa450edef68,0,0.0,0.0,0.0,0.0,0.0,0.0,0.0,0,1,0.0,false
dependencymanager/core/src/main/java/org/apache/felix/dm/impl/ComponentImpl.java,962.0,24.0,3238.0,88.0,278.0,208.0,0.0,marrs@13f79535-47bb-0310-9956-ffa450edef68,0,0.0,0.0,0.0,0.0,0.0,0.0,0.0,0,9,0.0,false
dependencymanager/core/src/main/java/org/apache/felix/dm/impl/dependencies/BundleDependencyImpl.java,392.0,20.0,792.0,44.0,72.0,130.0,6.0,marrs@13f79535-47bb-0310-9956-ffa450edef68,1,0.0019569471624266144,5.0,0.0,0.0,0.0,571.2222222222223,4111.251465026828,1,7,2.8067217286092396,false
dependencymanager/core/src/main/java/org/apache/felix/dm/impl/dependencies/ConfigurationDependencyImpl.java,270.0,22.0,463.0,34.0,47.0,86.0,6.0,marrs@13f79535-47bb-0310-9956-ffa450edef68,1,0.0019569471624266144,5.0,0.0,0.0,0.0,571.2222222222223,4111.251465026828,1,6,2.8067217286092396,false
dependencymanager/core/src/main/java/org/apache/felix/dm/impl/dependencies/DependencyBase.java,37.0,4.0,7.0,7.0,3.0,12.0,6.0,marrs@13f79535-47bb-0310-9956-ffa450edef68,1,0.0019569471624266144,9.0,0.0,0.0,0.0,571.2222222222223,4111.251465026828,1,5,2.8067217286092396,false
dependencymanager/core/src/main/java/org/apache/felix/dm/impl/dependencies/ResourceDependencyImpl.java,341.0,18.0,617.0,39.0,66.0,105.0,5.0,marrs@13f79535-47bb-0310-9956-ffa450edef68,1,0.0019569471624266144,9.0,5.0,0.0,5.0,571.2222222222223,4111.251465026828,1,7,2.8067217286092396,false
dependencymanager/core/src/main/java/org/apache/felix/dm/impl/dependencies/ServiceDependencyImpl.java,881.0,31.0,1567.0,62.0,170.0,220.0,5.0,marrs@13f79535-47bb-0310-9956-ffa450edef68,1,0.0019569471624266144,5.0,0.0,0.0,0.0,571.2222222222223,4111.251465026828,1,12,2.8067217286092396,true
dependencymanager/core/src/main/java/org/apache/felix/dm/tracker/ServiceTracker.java,906.0,20.0,80.0,24.0,62.0,93.0,1.0,marrs@13f79535-47bb-0310-9956-ffa450edef68,1,0.0019569471624266144,8.0,8.0,0.0,8.0,571.2222222222223,4111.251465026828,1,3,2.8067217286092396,false
dependencymanager/test/src/test/java/org/apache/felix/dm/test/AspectAwareServiceDependencyTest.java,53.0,11.0,1.0,2.0,19.0,4.0,0.0,pderop@13f79535-47bb-0310-9956-ffa450edef68,0,0.0,0.0,0.0,0.0,0.0,0.0,0.0,0,0,0.0,false
deploymentadmin/autoconf/src/main/java/org/apache/felix/deployment/rp/autoconf/AutoConfResourceProcessor.java,424.0,32.0,11.0,14.0,118.0,66.0,2.0,marrs@13f79535-47bb-0310-9956-ffa450edef68,1,0.0019569471624266144,40.0,20.0,20.0,10.0,571.2222222222223,4111.251465026828,1,0,2.8067217286092396,false
deploymentadmin/deploymentadmin/src/main/java/org/apache/felix/deploymentadmin/AbstractDeploymentPackage.java,309.0,16.0,1068.0,49.0,40.0,137.0,0.0,marrs@13f79535-47bb-0310-9956-ffa450edef68,0,0.0,0.0,0.0,0.0,0.0,0.0,0.0,0,1,0.0,true
deploymentadmin/deploymentadmin/src/main/java/org/apache/felix/deploymentadmin/DeploymentAdminImpl.java,273.0,33.0,55.0,15.0,56.0,46.0,0.0,marrs@13f79535-47bb-0310-9956-ffa450edef68,0,0.0,0.0,0.0,0.0,0.0,0.0,0.0,0,1,0.0,true
deploymentadmin/deploymentadmin/src/main/java/org/apache/felix/deploymentadmin/FileDeploymentPackage.java,56.0,11.0,13.0,7.0,18.0,24.0,0.0,marrs@13f79535-47bb-0310-9956-ffa450edef68,0,0.0,0.0,0.0,0.0,0.0,0.0,0.0,0,1,0.0,false
deploymentadmin/deploymentadmin/src/main/java/org/apache/felix/deploymentadmin/StreamDeploymentPackage.java,53.0,9.0,7.0,6.0,14.0,19.0,0.0,marrs@13f79535-47bb-0310-9956-ffa450edef68,0,0.0,0.0,0.0,0.0,0.0,0.0,0.0,0,1,0.0,false
deploymentadmin/deploymentadmin/src/main/java/org/apache/felix/deploymentadmin/spi/SnapshotCommand.java,166.0,16.0,13.0,6.0,42.0,27.0,1.0,marrs@13f79535-47bb-0310-9956-ffa450edef68,1,0.0019569471624266144,12.0,0.0,12.0,0.0,571.2222222222223,4111.251465026828,1,0,2.8067217286092396,true
deploymentadmin/deploymentadmin/src/main/java/org/apache/felix/deploymentadmin/spi/StartBundleCommand.java,76.0,8.0,0.0,1.0,14.0,5.0,0.0,marrs@13f79535-47bb-0310-9956-ffa450edef68,0,0.0,0.0,0.0,0.0,0.0,0.0,0.0,0,1,0.0,false
deploymentadmin/deploymentadmin/src/main/java/org/apache/felix/deploymentadmin/spi/UpdateCommand.java,113.0,13.0,0.0,1.0,23.0,8.0,0.0,marrs@13f79535-47bb-0310-9956-ffa450edef68,0,0.0,0.0,0.0,0.0,0.0,0.0,0.0,0,1,0.0,false
framework.security/src/main/java/org/apache/felix/framework/SecurityProviderImpl.java,64.0,10.0,0.0,4.0,16.0,13.0,1.0,pauls@13f79535-47bb-0310-9956-ffa450edef68,1,0.0019569471624266144,11.0,0.0,11.0,0.0,34.0,10.499371115934512,1,1,2.8067217286092396,true
framework.security/src/main/java/org/apache/felix/framework/security/util/Permissions.java,354.0,25.0,30.0,12.0,75.0,43.0,0.0,pauls@13f79535-47bb-0310-9956-ffa450edef68,0,0.0,0.0,0.0,0.0,0.0,0.0,0.0,0,3,0.0,true
framework/src/main/java/org/apache/felix/framework/BundleContextImpl.java,207.0,20.0,163.0,34.0,65.0,84.0,0.0,rickhall@13f79535-47bb-0310-9956-ffa450edef68,0,0.0,0.0,0.0,0.0,0.0,0.0,0.0,0,2,0.0,true
framework/src/main/java/org/apache/felix/framework/BundleImpl.java,705.0,26.0,2125.0,74.0,272.0,217.0,1.0,rickhall@13f79535-47bb-0310-9956-ffa450edef68,1,0.0019569471624266144,1.0,0.0,0.0,0.0,40.0,48.212304884840776,1,13,3.6176519448255684,true
framework/src/main/java/org/apache/felix/framework/BundleProtectionDomain.java,44.0,7.0,8.0,8.0,13.0,19.0,1.0,pauls@13f79535-47bb-0310-9956-ffa450edef68,1,0.0019569471624266144,6.0,0.0,6.0,0.0,34.0,10.499371115934512,1,2,2.8067217286092396,true
framework/src/main/java/org/apache/felix/framework/BundleRevisionImpl.java,336.0,25.0,423.0,34.0,115.0,106.0,1.0,rickhall@13f79535-47bb-0310-9956-ffa450edef68,1,0.0019569471624266144,3.0,0.0,0.0,0.0,40.0,48.212304884840776,1,2,3.6176519448255684,true
framework/src/main/java/org/apache/felix/framework/ExtensionManager.java,443.0,39.0,318.0,28.0,102.0,79.0,0.0,rickhall@13f79535-47bb-0310-9956-ffa450edef68,0,0.0,0.0,0.0,0.0,0.0,0.0,0.0,0,20,0.0,true
framework/src/main/java/org/apache/felix/framework/Felix.java,2555.0,52.0,5764.0,120.0,658.0,470.0,0.0,rickhall@13f79535-47bb-0310-9956-ffa450edef68,0,0.0,0.0,0.0,0.0,0.0,0.0,0.0,0,64,0.0,true
framework/src/main/java/org/apache/felix/framework/StatefulResolver.java,725.0,40.0,0.0,15.0,162.0,65.0,0.0,rickhall@13f79535-47bb-0310-9956-ffa450edef68,0,0.0,0.0,0.0,0.0,0.0,0.0,0.0,0,3,0.0,true
framework/src/main/java/org/apache/felix/framework/cache/BundleCache.java,214.0,8.0,23.0,11.0,63.0,47.0,0.0,rickhall@13f79535-47bb-0310-9956-ffa450edef68,0,0.0,0.0,0.0,0.0,0.0,0.0,0.0,0,7,0.0,false
framework/src/main/java/org/apache/felix/framework/capabilityset/CapabilitySet.java,360.0,16.0,129.0,18.0,110.0,79.0,0.0,rickhall@13f79535-47bb-0310-9956-ffa450edef68,0,0.0,0.0,0.0,0.0,0.0,0.0,0.0,0,5,0.0,true
framework/src/main/java/org/apache/felix/framework/capabilityset/SimpleFilter.java,399.0,5.0,77.0,15.0,69.0,68.0,0.0,rickhall@13f79535-47bb-0310-9956-ffa450edef68,0,0.0,0.0,0.0,0.0,0.0,0.0,0.0,0,3,0.0,false
framework/src/main/java/org/apache/felix/framework/resolver/Candidates.java,485.0,26.0,10.0,21.0,133.0,82.0,2.0,rickhall@13f79535-47bb-0310-9956-ffa450edef68,1,0.0019569471624266144,2.0,0.0,0.0,0.0,40.0,48.212304884840776,1,5,3.6176519448255684,true
framework/src/main/java/org/apache/felix/framework/resolver/ResolverImpl.java,849.0,23.0,241.0,23.0,262.0,108.0,1.0,rickhall@13f79535-47bb-0310-9956-ffa450edef68,0,0.0,0.0,0.0,0.0,0.0,0.0,0.0,0,18,0.0,true
framework/src/main/java/org/apache/felix/framework/util/EventDispatcher.java,594.0,31.0,304.0,28.0,132.0,105.0,0.0,rickhall@13f79535-47bb-0310-9956-ffa450edef68,0,0.0,0.0,0.0,0.0,0.0,0.0,0.0,0,11,0.0,true
framework/src/main/java/org/apache/felix/framework/util/SecureAction.java,1146.0,20.0,0.0,55.0,337.0,312.0,1.0,rickhall@13f79535-47bb-0310-9956-ffa450edef68,1,0.0019569471624266144,5.0,0.0,5.0,0.0,34.0,10.499371115934512,1,6,2.8067217286092396,true
framework/src/main/java/org/apache/felix/framework/util/manifestparser/ManifestParser.java,958.0,15.0,835.0,42.0,236.0,178.0,2.0,rickhall@13f79535-47bb-0310-9956-ffa450edef68,1,0.0019569471624266144,1.0,0.0,0.0,0.0,40.0,48.212304884840776,1,12,3.6176519448255684,true
framework/src/test/java/org/apache/felix/framework/capabilityset/SimpleFilterTest.java,46.0,2.0,0.0,1.0,4.0,1.0,0.0,rickhall@13f79535-47bb-0310-9956-ffa450edef68,0,0.0,0.0,0.0,0.0,0.0,0.0,0.0,0,1,0.0,false
http/jetty/src/main/java/org/apache/felix/http/jetty/internal/JettyConfig.java,277.0,7.0,373.0,30.0,28.0,69.0,4.0,fmeschbe@13f79535-47bb-0310-9956-ffa450edef68,1,0.0019569471624266144,3.0,3.0,0.0,0.0,1463.83908045977,19730.558892004552,1,0,1.5539587601138718,true
http/jetty/src/main/java/org/apache/felix/http/jetty/internal/JettyService.java,208.0,21.0,0.0,13.0,93.0,33.0,4.0,fmeschbe@13f79535-47bb-0310-9956-ffa450edef68,1,0.0019569471624266144,2.0,2.0,0.0,0.0,1463.83908045977,19730.558892004552,1,1,1.5539587601138718,true
http/whiteboard/src/main/java/org/apache/felix/http/whiteboard/HttpWhiteboardConstants.java,28.0,0.0,0.0,1.0,0.0,1.0,19.0,fmeschbe@13f79535-47bb-0310-9956-ffa450edef68,1,0.0019569471624266144,100.0,100.0,0.0,0.0,1463.83908045977,19730.558892004552,1,0,1.5539587601138718,false
http/whiteboard/src/main/java/org/apache/felix/http/whiteboard/internal/WhiteboardActivator.java,35.0,13.0,0.0,4.0,13.0,7.0,9.0,fmeschbe@13f79535-47bb-0310-9956-ffa450edef68,1,0.0019569471624266144,50.0,33.0,0.0,0.0,1463.83908045977,19730.558892004552,1,1,1.5539587601138718,false
http/whiteboard/src/main/java/org/apache/felix/http/whiteboard/internal/manager/AbstractMapping.java,32.0,4.0,20.0,9.0,0.0,13.0,19.0,fmeschbe@13f79535-47bb-0310-9956-ffa450edef68,1,0.0019569471624266144,50.0,50.0,0.0,0.0,1463.83908045977,19730.558892004552,1,0,1.5539587601138718,false
http/whiteboard/src/main/java/org/apache/felix/http/whiteboard/internal/manager/DefaultHttpContext.java,21.0,5.0,8.0,5.0,7.0,10.0,7.0,fmeschbe@13f79535-47bb-0310-9956-ffa450edef68,1,0.0019569471624266144,50.0,0.0,0.0,0.0,1463.83908045977,19730.558892004552,1,0,1.5539587601138718,false
http/whiteboard/src/main/java/org/apache/felix/http/whiteboard/internal/manager/ExtenderManager.java,197.0,15.0,26.0,24.0,66.0,56.0,19.0,cziegeler@13f79535-47bb-0310-9956-ffa450edef68,1,0.0019569471624266144,33.0,33.0,0.0,0.0,1463.83908045977,19730.558892004552,1,0,1.5539587601138718,false
http/whiteboard/src/main/java/org/apache/felix/http/whiteboard/internal/manager/FilterMapping.java,45.0,5.0,8.0,8.0,11.0,17.0,13.0,fmeschbe@13f79535-47bb-0310-9956-ffa450edef68,1,0.0019569471624266144,40.0,20.0,0.0,0.0,1463.83908045977,19730.558892004552,1,0,1.5539587601138718,false
http/whiteboard/src/main/java/org/apache/felix/http/whiteboard/internal/manager/HttpContextManager.java,149.0,9.0,5.0,10.0,39.0,27.0,13.0,fmeschbe@13f79535-47bb-0310-9956-ffa450edef68,1,0.0019569471624266144,33.0,17.0,0.0,0.0,1463.83908045977,19730.558892004552,1,0,1.5539587601138718,false
http/whiteboard/src/main/java/org/apache/felix/http/whiteboard/internal/manager/HttpWhiteboardWebConsolePlugin.java,195.0,11.0,133.0,18.0,91.0,43.0,5.0,fmeschbe@13f79535-47bb-0310-9956-ffa450edef68,1,0.0019569471624266144,100.0,50.0,0.0,0.0,1463.83908045977,19730.558892004552,1,0,1.5539587601138718,false
http/whiteboard/src/main/java/org/apache/felix/http/whiteboard/internal/manager/ServletMapping.java,32.0,4.0,0.0,5.0,9.0,11.0,13.0,fmeschbe@13f79535-47bb-0310-9956-ffa450edef68,1,0.0019569471624266144,40.0,20.0,0.0,0.0,1463.83908045977,19730.558892004552,1,0,1.5539587601138718,false
http/whiteboard/src/main/java/org/apache/felix/http/whiteboard/internal/tracker/AbstractTracker.java,20.0,3.0,21.0,7.0,3.0,10.0,19.0,cziegeler@13f79535-47bb-0310-9956-ffa450edef68,1,0.0019569471624266144,25.0,25.0,0.0,0.0,1463.83908045977,19730.558892004552,1,0,1.5539587601138718,false
http/whiteboard/src/main/java/org/apache/felix/http/whiteboard/internal/tracker/FilterTracker.java,17.0,4.0,0.0,4.0,4.0,5.0,19.0,cziegeler@13f79535-47bb-0310-9956-ffa450edef68,1,0.0019569471624266144,20.0,20.0,0.0,0.0,1463.83908045977,19730.558892004552,1,0,1.5539587601138718,false
http/whiteboard/src/main/java/org/apache/felix/http/whiteboard/internal/tracker/HttpContextTracker.java,17.0,4.0,0.0,4.0,4.0,5.0,19.0,cziegeler@13f79535-47bb-0310-9956-ffa450edef68,1,0.0019569471624266144,33.0,33.0,0.0,0.0,1463.83908045977,19730.558892004552,1,0,1.5539587601138718,false
http/whiteboard/src/main/java/org/apache/felix/http/whiteboard/internal/tracker/HttpServiceTracker.java,15.0,4.0,0.0,4.0,2.0,5.0,19.0,fmeschbe@13f79535-47bb-0310-9956-ffa450edef68,1,0.0019569471624266144,50.0,50.0,0.0,0.0,1463.83908045977,19730.558892004552,1,0,1.5539587601138718,false
http/whiteboard/src/main/java/org/apache/felix/http/whiteboard/internal/tracker/ServletTracker.java,17.0,4.0,0.0,4.0,4.0,5.0,19.0,cziegeler@13f79535-47bb-0310-9956-ffa450edef68,1,0.0019569471624266144,20.0,20.0,0.0,0.0,1463.83908045977,19730.558892004552,1,0,1.5539587601138718,false
http/whiteboard/src/main/java/org/apache/felix/http/whiteboard/package-info.java,0.0,0.0,0.0,0.0,0.0,0.0,22.0,fmeschbe@13f79535-47bb-0310-9956-ffa450edef68,1,0.0019569471624266144,100.0,100.0,0.0,0.0,1463.83908045977,19730.558892004552,1,0,1.5539587601138718,false
http/whiteboard/src/test/java/org/apache/felix/http/whiteboard/internal/manager/ExtenderManagerTest.java,535.0,18.0,0.0,13.0,222.0,18.0,19.0,cziegeler@13f79535-47bb-0310-9956-ffa450edef68,1,0.0019569471624266144,33.0,33.0,0.0,0.0,1463.83908045977,19730.558892004552,1,0,1.5539587601138718,false
http/whiteboard/src/test/java/org/apache/felix/http/whiteboard/internal/manager/FilterMappingTest.java,100.0,10.0,0.0,5.0,63.0,6.0,19.0,fmeschbe@13f79535-47bb-0310-9956-ffa450edef68,1,0.0019569471624266144,100.0,100.0,0.0,0.0,1463.83908045977,19730.558892004552,1,0,1.5539587601138718,false
http/whiteboard/src/test/java/org/apache/felix/http/whiteboard/internal/manager/HttpContextManagerTest.java,204.0,14.0,0.0,11.0,108.0,16.0,19.0,fmeschbe@13f79535-47bb-0310-9956-ffa450edef68,1,0.0019569471624266144,100.0,100.0,0.0,0.0,1463.83908045977,19730.558892004552,1,0,1.5539587601138718,false
http/whiteboard/src/test/java/org/apache/felix/http/whiteboard/internal/manager/ServletMappingTest.java,96.0,10.0,0.0,5.0,60.0,6.0,19.0,fmeschbe@13f79535-47bb-0310-9956-ffa450edef68,1,0.0019569471624266144,100.0,100.0,0.0,0.0,1463.83908045977,19730.558892004552,1,0,1.5539587601138718,false
httplite/minimum/src/main/java/org/apache/felix/httplite/osgi/Activator.java,92.0,10.0,13.0,6.0,23.0,17.0,34.0,kgilmer@13f79535-47bb-0310-9956-ffa450edef68,1,0.0019569471624266144,100.0,0.0,0.0,33.0,1251.3333333333333,6124.799999999999,1,0,1.091923300517313,false
httplite/minimum/src/main/java/org/apache/felix/httplite/osgi/DefaultContextImpl.java,32.0,5.0,4.0,4.0,4.0,8.0,69.0,kgilmer@13f79535-47bb-0310-9956-ffa450edef68,1,0.0019569471624266144,100.0,0.0,0.0,50.0,1251.3333333333333,6124.799999999999,1,0,1.091923300517313,false
httplite/minimum/src/main/java/org/apache/felix/httplite/osgi/HttpServiceFactoryImpl.java,77.0,8.0,0.0,4.0,14.0,13.0,40.0,kgilmer@13f79535-47bb-0310-9956-ffa450edef68,1,0.0019569471624266144,100.0,0.0,40.0,20.0,1251.3333333333333,6124.799999999999,1,0,1.091923300517313,false
httplite/minimum/src/main/java/org/apache/felix/httplite/osgi/HttpServiceImpl.java,167.0,17.0,6.0,12.0,40.0,43.0,47.0,kgilmer@13f79535-47bb-0310-9956-ffa450edef68,1,0.0019569471624266144,100.0,0.0,0.0,33.0,1251.3333333333333,6124.799999999999,1,0,1.091923300517313,false
httplite/minimum/src/main/java/org/apache/felix/httplite/osgi/Logger.java,217.0,9.0,106.0,16.0,29.0,43.0,55.0,kgilmer@13f79535-47bb-0310-9956-ffa450edef68,1,0.0019569471624266144,100.0,0.0,0.0,50.0,1251.3333333333333,6124.799999999999,1,0,1.091923300517313,false
httplite/minimum/src/main/java/org/apache/felix/httplite/osgi/ServiceRegistration.java,130.0,6.0,13.0,11.0,0.0,26.0,69.0,kgilmer@13f79535-47bb-0310-9956-ffa450edef68,1,0.0019569471624266144,100.0,0.0,0.0,50.0,1251.3333333333333,6124.799999999999,1,0,1.091923300517313,false
httplite/minimum/src/main/java/org/apache/felix/httplite/osgi/ServiceRegistrationHandler.java,12.0,2.0,0.0,1.0,0.0,3.0,55.0,kgilmer@13f79535-47bb-0310-9956-ffa450edef68,1,0.0019569471624266144,100.0,0.0,0.0,50.0,1251.3333333333333,6124.799999999999,1,0,1.091923300517313,false
httplite/minimum/src/main/java/org/apache/felix/httplite/osgi/ServiceRegistrationResolver.java,32.0,4.0,6.0,4.0,0.0,10.0,69.0,kgilmer@13f79535-47bb-0310-9956-ffa450edef68,1,0.0019569471624266144,100.0,0.0,0.0,50.0,1251.3333333333333,6124.799999999999,1,0,1.091923300517313,false
httplite/minimum/src/main/java/org/apache/felix/httplite/server/Connection.java,157.0,13.0,1.0,3.0,29.0,15.0,48.0,kgilmer@13f79535-47bb-0310-9956-ffa450edef68,1,0.0019569471624266144,100.0,0.0,0.0,33.0,1251.3333333333333,6124.799999999999,1,0,1.091923300517313,false
httplite/minimum/src/main/java/org/apache/felix/httplite/server/ResourceHandler.java,61.0,11.0,0.0,3.0,19.0,12.0,36.0,kgilmer@13f79535-47bb-0310-9956-ffa450edef68,1,0.0019569471624266144,100.0,0.0,40.0,40.0,1251.3333333333333,6124.799999999999,1,0,1.091923300517313,false
httplite/minimum/src/main/java/org/apache/felix/httplite/server/Server.java,229.0,9.0,13.0,11.0,24.0,38.0,36.0,kgilmer@13f79535-47bb-0310-9956-ffa450edef68,1,0.0019569471624266144,100.0,0.0,25.0,25.0,1251.3333333333333,6124.799999999999,1,0,1.091923300517313,false
httplite/minimum/src/main/java/org/apache/felix/httplite/server/ServletHandler.java,42.0,7.0,0.0,2.0,12.0,4.0,69.0,kgilmer@13f79535-47bb-0310-9956-ffa450edef68,1,0.0019569471624266144,100.0,0.0,0.0,50.0,1251.3333333333333,6124.799999999999,1,0,1.091923300517313,false
httplite/minimum/src/main/java/org/apache/felix/httplite/server/ThreadGate.java,22.0,0.0,0.0,2.0,2.0,6.0,69.0,kgilmer@13f79535-47bb-0310-9956-ffa450edef68,1,0.0019569471624266144,100.0,0.0,0.0,50.0,1251.3333333333333,6124.799999999999,1,0,1.091923300517313,false
httplite/minimum/src/main/java/org/apache/felix/httplite/server/ThreadPool.java,162.0,4.0,0.0,8.0,20.0,32.0,47.0,kgilmer@13f79535-47bb-0310-9956-ffa450edef68,1,0.0019569471624266144,100.0,0.0,33.0,33.0,1251.3333333333333,6124.799999999999,1,0,1.091923300517313,false
httplite/minimum/src/main/java/org/apache/felix/httplite/servlet/ConcreteServletInputStream.java,61.0,3.0,0.0,11.0,14.0,30.0,69.0,kgilmer@13f79535-47bb-0310-9956-ffa450edef68,1,0.0019569471624266144,100.0,0.0,0.0,50.0,1251.3333333333333,6124.799999999999,1,0,1.091923300517313,false
httplite/minimum/src/main/java/org/apache/felix/httplite/servlet/HttpConstants.java,117.0,2.0,0.0,0.0,0.0,0.0,69.0,kgilmer@13f79535-47bb-0310-9956-ffa450edef68,1,0.0019569471624266144,100.0,0.0,0.0,50.0,1251.3333333333333,6124.799999999999,1,0,1.091923300517313,false
httplite/minimum/src/main/java/org/apache/felix/httplite/servlet/HttpServletRequestImpl.java,537.0,31.0,1912.0,65.0,119.0,185.0,36.0,kgilmer@13f79535-47bb-0310-9956-ffa450edef68,1,0.0019569471624266144,100.0,0.0,0.0,20.0,1251.3333333333333,6124.799999999999,1,0,1.091923300517313,false
httplite/minimum/src/main/java/org/apache/felix/httplite/servlet/HttpServletResponseImpl.java,413.0,22.0,793.0,46.0,93.0,111.0,36.0,kgilmer@13f79535-47bb-0310-9956-ffa450edef68,1,0.0019569471624266144,100.0,25.0,0.0,25.0,1251.3333333333333,6124.799999999999,1,0,1.091923300517313,false
httplite/minimum/src/main/java/org/apache/felix/httplite/servlet/ServletConfigImpl.java,36.0,4.0,0.0,5.0,3.0,11.0,69.0,kgilmer@13f79535-47bb-0310-9956-ffa450edef68,1,0.0019569471624266144,100.0,0.0,0.0,50.0,1251.3333333333333,6124.799999999999,1,0,1.091923300517313,false
httplite/minimum/src/main/java/org/apache/felix/httplite/servlet/ServletContextImpl.java,126.0,16.0,271.0,26.0,16.0,57.0,56.0,kgilmer@13f79535-47bb-0310-9956-ffa450edef68,1,0.0019569471624266144,100.0,0.0,0.0,50.0,1251.3333333333333,6124.799999999999,1,0,1.091923300517313,false
httplite/minimum/src/main/java/org/apache/felix/httplite/servlet/ServletOutputStreamImpl.java,15.0,3.0,0.0,2.0,1.0,3.0,69.0,kgilmer@13f79535-47bb-0310-9956-ffa450edef68,1,0.0019569471624266144,100.0,0.0,0.0,50.0,1251.3333333333333,6124.799999999999,1,0,1.091923300517313,false
httplite/minimum/src/main/java/org/apache/felix/httplite/servlet/UnimplementedAPIException.java,6.0,0.0,0.0,0.0,0.0,0.0,69.0,kgilmer@13f79535-47bb-0310-9956-ffa450edef68,1,0.0019569471624266144,100.0,0.0,0.0,50.0,1251.3333333333333,6124.799999999999,1,0,1.091923300517313,false
httplite/minimum/src/test/java/org/apache/felix/httplite/osgi/test/AbstractHttpliteTestCase.java,45.0,8.0,6.0,4.0,10.0,14.0,56.0,kgilmer@13f79535-47bb-0310-9956-ffa450edef68,1,0.0019569471624266144,100.0,50.0,0.0,0.0,1251.3333333333333,6124.799999999999,1,0,1.091923300517313,false
httplite/minimum/src/test/java/org/apache/felix/httplite/osgi/test/AbstractPojoSRTestCase.java,21.0,6.0,0.0,2.0,9.0,6.0,56.0,kgilmer@13f79535-47bb-0310-9956-ffa450edef68,1,0.0019569471624266144,100.0,50.0,0.0,0.0,1251.3333333333333,6124.799999999999,1,0,1.091923300517313,false
httplite/minimum/src/test/java/org/apache/felix/httplite/osgi/test/BasicTestingServlet.java,117.0,10.0,73.0,18.0,26.0,37.0,56.0,kgilmer@13f79535-47bb-0310-9956-ffa450edef68,1,0.0019569471624266144,100.0,50.0,0.0,0.0,1251.3333333333333,6124.799999999999,1,0,1.091923300517313,false
httplite/minimum/src/test/java/org/apache/felix/httplite/osgi/test/cases/TestOSGiService.java,75.0,5.0,15.0,6.0,20.0,14.0,56.0,kgilmer@13f79535-47bb-0310-9956-ffa450edef68,1,0.0019569471624266144,100.0,50.0,0.0,0.0,1251.3333333333333,6124.799999999999,1,0,1.091923300517313,false
httplite/minimum/src/test/java/org/apache/felix/httplite/osgi/test/cases/TestParameters.java,56.0,10.0,1.0,2.0,29.0,8.0,56.0,kgilmer@13f79535-47bb-0310-9956-ffa450edef68,1,0.0019569471624266144,100.0,50.0,0.0,0.0,1251.3333333333333,6124.799999999999,1,0,1.091923300517313,false
httplite/minimum/src/test/java/org/apache/felix/httplite/osgi/test/cases/TestQueryString.java,34.0,8.0,0.0,1.0,14.0,4.0,56.0,kgilmer@13f79535-47bb-0310-9956-ffa450edef68,1,0.0019569471624266144,100.0,50.0,0.0,0.0,1251.3333333333333,6124.799999999999,1,0,1.091923300517313,false
httplite/minimum/src/test/java/org/apache/felix/httplite/osgi/test/cases/TestRequestPath.java,23.0,7.0,1.0,2.0,18.0,4.0,56.0,kgilmer@13f79535-47bb-0310-9956-ffa450edef68,1,0.0019569471624266144,100.0,50.0,0.0,0.0,1251.3333333333333,6124.799999999999,1,0,1.091923300517313,false
httplite/minimum/src/test/java/org/apache/felix/httplite/osgi/test/cases/TestResources.java,32.0,5.0,1.0,2.0,18.0,5.0,56.0,kgilmer@13f79535-47bb-0310-9956-ffa450edef68,1,0.0019569471624266144,100.0,50.0,0.0,0.0,1251.3333333333333,6124.799999999999,1,0,1.091923300517313,false
httplite/minimum/src/test/java/org/apache/felix/httplite/osgi/test/cases/TestServletContainer.java,146.0,8.0,28.0,8.0,78.0,21.0,56.0,kgilmer@13f79535-47bb-0310-9956-ffa450edef68,1,0.0019569471624266144,100.0,50.0,0.0,0.0,1251.3333333333333,6124.799999999999,1,0,1.091923300517313,false
ipojo/annotations/src/main/java/org/apache/felix/ipojo/handler/temporal/Temporal.java,0.0,0.0,0.0,0.0,0.0,0.0,1.0,clement@13f79535-47bb-0310-9956-ffa450edef68,1,0.0019569471624266144,25.0,25.0,0.0,0.0,3610.220338983051,116880.84317615432,1,1,2.033531840375758,false
ipojo/core/src/main/java/org/apache/felix/ipojo/Extender.java,588.0,21.0,0.0,12.0,105.0,51.0,0.0,clement@13f79535-47bb-0310-9956-ffa450edef68,0,0.0,0.0,0.0,0.0,0.0,0.0,0.0,0,16,0.0,false
ipojo/core/src/main/java/org/apache/felix/ipojo/Factory.java,107.0,5.0,120.0,16.0,0.0,44.0,0.0,clement@13f79535-47bb-0310-9956-ffa450edef68,0,0.0,0.0,0.0,0.0,0.0,0.0,0.0,0,6,0.0,false
ipojo/core/src/main/java/org/apache/felix/ipojo/HandlerManagerFactory.java,143.0,6.0,26.0,9.0,14.0,27.0,0.0,clement@13f79535-47bb-0310-9956-ffa450edef68,0,0.0,0.0,0.0,0.0,0.0,0.0,0.0,0,4,0.0,false
ipojo/core/src/main/java/org/apache/felix/ipojo/IPOJOURLHandler.java,161.0,12.0,3.0,6.0,40.0,27.0,40.0,clement@13f79535-47bb-0310-9956-ffa450edef68,1,0.0019569471624266144,50.0,0.0,50.0,0.0,3610.220338983051,116880.84317615432,1,0,2.033531840375758,false
ipojo/core/src/main/java/org/apache/felix/ipojo/IPojoContext.java,379.0,15.0,0.0,31.0,36.0,107.0,0.0,clement@13f79535-47bb-0310-9956-ffa450edef68,0,0.0,0.0,0.0,0.0,0.0,0.0,0.0,0,6,0.0,false
ipojo/core/src/main/java/org/apache/felix/ipojo/IPojoFactory.java,780.0,18.0,424.0,37.0,118.0,114.0,4.0,clement@13f79535-47bb-0310-9956-ffa450edef68,1,0.0019569471624266144,5.0,0.0,5.0,0.0,3610.220338983051,116880.84317615432,1,16,2.033531840375758,false
ipojo/core/src/main/java/org/apache/felix/ipojo/InstanceManager.java,1022.0,17.0,522.0,44.0,163.0,172.0,83.0,clement@13f79535-47bb-0310-9956-ffa450edef68,0,0.0,0.0,0.0,0.0,0.0,0.0,0.0,0,29,0.0,false
ipojo/core/src/main/java/org/apache/felix/ipojo/MethodInterceptor.java,33.0,3.0,6.0,4.0,0.0,11.0,0.0,clement@13f79535-47bb-0310-9956-ffa450edef68,0,0.0,0.0,0.0,0.0,0.0,0.0,0.0,0,3,0.0,false
ipojo/core/src/main/java/org/apache/felix/ipojo/PolicyServiceContext.java,382.0,16.0,0.0,28.0,29.0,94.0,0.0,clement@13f79535-47bb-0310-9956-ffa450edef68,0,0.0,0.0,0.0,0.0,0.0,0.0,0.0,0,3,0.0,false
ipojo/core/src/main/java/org/apache/felix/ipojo/PrimitiveHandler.java,157.0,4.0,100.0,16.0,4.0,41.0,0.0,clement@13f79535-47bb-0310-9956-ffa450edef68,0,0.0,0.0,0.0,0.0,0.0,0.0,0.0,0,5,0.0,false
ipojo/core/src/main/java/org/apache/felix/ipojo/ServiceContext.java,84.0,6.0,45.0,10.0,0.0,32.0,0.0,clement@13f79535-47bb-0310-9956-ffa450edef68,0,0.0,0.0,0.0,0.0,0.0,0.0,0.0,0,3,0.0,false
ipojo/core/src/main/java/org/apache/felix/ipojo/handlers/configuration/ConfigurationHandler.java,485.0,23.0,35.0,14.0,116.0,59.0,0.0,clement@13f79535-47bb-0310-9956-ffa450edef68,0,0.0,0.0,0.0,0.0,0.0,0.0,0.0,0,24,0.0,false
ipojo/core/src/main/java/org/apache/felix/ipojo/handlers/dependency/Dependency.java,880.0,26.0,617.0,42.0,119.0,127.0,0.0,clement@13f79535-47bb-0310-9956-ffa450edef68,0,0.0,0.0,0.0,0.0,0.0,0.0,0.0,0,33,0.0,false
ipojo/core/src/main/java/org/apache/felix/ipojo/handlers/dependency/DependencyHandler.java,488.0,23.0,34.0,13.0,85.0,50.0,1.0,clement@13f79535-47bb-0310-9956-ffa450edef68,1,0.0019569471624266144,3.0,0.0,3.0,3.0,3610.220338983051,116880.84317615432,1,20,2.033531840375758,false
ipojo/core/src/main/java/org/apache/felix/ipojo/handlers/providedservice/ProvidedService.java,765.0,27.0,166.0,25.0,111.0,96.0,1.0,clement@13f79535-47bb-0310-9956-ffa450edef68,1,0.0019569471624266144,3.0,0.0,3.0,0.0,3610.220338983051,116880.84317615432,1,27,2.033531840375758,false
ipojo/core/src/main/java/org/apache/felix/ipojo/util/DependencyModel.java,769.0,16.0,570.0,45.0,108.0,144.0,0.0,clement@13f79535-47bb-0310-9956-ffa450edef68,0,0.0,0.0,0.0,0.0,0.0,0.0,0.0,0,15,0.0,false
ipojo/core/src/main/java/org/apache/felix/ipojo/util/Property.java,606.0,12.0,194.0,25.0,72.0,87.0,13.0,clement@13f79535-47bb-0310-9956-ffa450edef68,0,0.0,0.0,0.0,0.0,0.0,0.0,0.0,0,14,0.0,false
ipojo/core/src/test/java/org/apache/felix/ipojo/test/MockBundle.java,95.0,10.0,423.0,30.0,3.0,66.0,0.0,clement@13f79535-47bb-0310-9956-ffa450edef68,0,0.0,0.0,0.0,0.0,0.0,0.0,0.0,0,1,0.0,false
ipojo/handler/eventadmin/src/main/java/org/apache/felix/ipojo/handlers/event/publisher/EventAdminPublisherHandler.java,150.0,15.0,13.0,7.0,29.0,19.0,0.0,clement@13f79535-47bb-0310-9956-ffa450edef68,0,0.0,0.0,0.0,0.0,0.0,0.0,0.0,0,6,0.0,false
ipojo/handler/eventadmin/src/main/java/org/apache/felix/ipojo/handlers/event/subscriber/EventAdminSubscriberHandler.java,254.0,25.0,5.0,7.0,59.0,27.0,0.0,clement@13f79535-47bb-0310-9956-ffa450edef68,0,0.0,0.0,0.0,0.0,0.0,0.0,0.0,0,5,0.0,false
ipojo/handler/temporal/src/main/java/org/apache/felix/ipojo/handler/temporal/TemporalDependency.java,442.0,14.0,90.0,17.0,47.0,60.0,0.0,clement@13f79535-47bb-0310-9956-ffa450edef68,0,0.0,0.0,0.0,0.0,0.0,0.0,0.0,0,8,0.0,false
ipojo/handler/temporal/src/main/java/org/apache/felix/ipojo/handler/temporal/TemporalHandler.java,226.0,15.0,9.0,6.0,39.0,20.0,6.0,clement@13f79535-47bb-0310-9956-ffa450edef68,1,0.0019569471624266144,12.0,12.0,12.0,0.0,3610.220338983051,116880.84317615432,1,5,2.033531840375758,false
ipojo/junit4osgi/maven-junit4osgi-plugin/src/main/java/org/apache/felix/ipojo/junit4osgi/plugin/Junit4osgiPlugin.java,551.0,33.0,48.0,13.0,123.0,63.0,0.0,clement@13f79535-47bb-0310-9956-ffa450edef68,0,0.0,0.0,0.0,0.0,0.0,0.0,0.0,0,3,0.0,false
ipojo/manipulator/bnd-ipojo-plugin/src/main/java/org/apache/felix/ipojo/bnd/BndJarResourceStore.java,75.0,17.0,0.0,7.0,26.0,19.0,11.0,clement@13f79535-47bb-0310-9956-ffa450edef68,1,0.0019569471624266144,10.0,10.0,0.0,10.0,3610.220338983051,116880.84317615432,1,0,2.033531840375758,false
ipojo/manipulator/bnd-ipojo-plugin/src/main/java/org/apache/felix/ipojo/bnd/BndReporter.java,41.0,4.0,0.0,7.0,8.0,11.0,13.0,clement@13f79535-47bb-0310-9956-ffa450edef68,1,0.0019569471624266144,50.0,50.0,0.0,50.0,3610.220338983051,116880.84317615432,1,0,2.033531840375758,false
ipojo/manipulator/bnd-ipojo-plugin/src/main/java/org/apache/felix/ipojo/bnd/ByteArrayResource.java,14.0,1.0,0.0,2.0,1.0,4.0,13.0,clement@13f79535-47bb-0310-9956-ffa450edef68,1,0.0019569471624266144,33.0,33.0,0.0,33.0,3610.220338983051,116880.84317615432,1,0,2.033531840375758,false
ipojo/manipulator/bnd-ipojo-plugin/src/main/java/org/apache/felix/ipojo/bnd/PojoizationPlugin.java,75.0,19.0,6.0,5.0,21.0,15.0,13.0,clement@13f79535-47bb-0310-9956-ffa450edef68,1,0.0019569471624266144,14.0,14.0,0.0,14.0,3610.220338983051,116880.84317615432,1,0,2.033531840375758,false
ipojo/manipulator/bnd-ipojo-plugin/src/main/java/org/apache/felix/ipojo/bnd/ResourceMetadataProvider.java,34.0,9.0,0.0,3.0,6.0,7.0,13.0,clement@13f79535-47bb-0310-9956-ffa450edef68,1,0.0019569471624266144,25.0,25.0,0.0,25.0,3610.220338983051,116880.84317615432,1,0,2.033531840375758,false
ipojo/manipulator/bnd-ipojo-plugin/src/test/java/org/apache/felix/ipojo/bnd/PojoizationPluginTestCase.java,41.0,18.0,0.0,4.0,34.0,8.0,11.0,clement@13f79535-47bb-0310-9956-ffa450edef68,1,0.0019569471624266144,33.0,33.0,0.0,33.0,3610.220338983051,116880.84317615432,1,0,2.033531840375758,false
ipojo/manipulator/ipojo-ant-task/src/main/java/org/apache/felix/ipojo/task/AntReporter.java,31.0,2.0,0.0,5.0,16.0,9.0,20.0,clement@13f79535-47bb-0310-9956-ffa450edef68,1,0.0019569471624266144,100.0,100.0,0.0,100.0,3610.220338983051,116880.84317615432,1,0,2.033531840375758,false
ipojo/manipulator/ipojo-ant-task/src/main/java/org/apache/felix/ipojo/task/IPojoTask.java,212.0,6.0,22.0,9.0,21.0,19.0,20.0,clement@13f79535-47bb-0310-9956-ffa450edef68,1,0.0019569471624266144,25.0,25.0,0.0,25.0,3610.220338983051,116880.84317615432,1,0,2.033531840375758,false
ipojo/manipulator/manipulator/src/main/java/org/apache/felix/ipojo/manipulation/ClassChecker.java,536.0,11.0,29.0,10.0,18.0,30.0,111.0,clement@13f79535-47bb-0310-9956-ffa450edef68,1,0.0019569471624266144,7.0,7.0,0.0,7.0,3610.220338983051,116880.84317615432,1,0,2.033531840375758,false
ipojo/manipulator/manipulator/src/main/java/org/apache/felix/ipojo/manipulation/ConstructorCodeAdapter.java,150.0,6.0,22.0,8.0,10.0,24.0,111.0,clement@13f79535-47bb-0310-9956-ffa450edef68,1,0.0019569471624266144,17.0,17.0,0.0,17.0,3610.220338983051,116880.84317615432,1,0,2.033531840375758,false
ipojo/manipulator/manipulator/src/main/java/org/apache/felix/ipojo/manipulation/InnerClassAdapter.java,39.0,5.0,0.0,2.0,0.0,4.0,111.0,clement@13f79535-47bb-0310-9956-ffa450edef68,1,0.0019569471624266144,11.0,11.0,0.0,11.0,3610.220338983051,116880.84317615432,1,0,2.033531840375758,false
ipojo/manipulator/manipulator/src/main/java/org/apache/felix/ipojo/manipulation/InnerClassManipulator.java,38.0,6.0,0.0,2.0,3.0,4.0,111.0,clement@13f79535-47bb-0310-9956-ffa450edef68,1,0.0019569471624266144,20.0,20.0,0.0,20.0,3610.220338983051,116880.84317615432,1,0,2.033531840375758,false
ipojo/manipulator/manipulator/src/main/java/org/apache/felix/ipojo/manipulation/ManipulationProperty.java,80.0,0.0,0.0,1.0,0.0,3.0,111.0,clement@13f79535-47bb-0310-9956-ffa450edef68,1,0.0019569471624266144,50.0,50.0,0.0,50.0,3610.220338983051,116880.84317615432,1,0,2.033531840375758,false
ipojo/manipulator/manipulator/src/main/java/org/apache/felix/ipojo/manipulation/Manipulator.java,97.0,10.0,0.0,4.0,19.0,13.0,74.0,clement@13f79535-47bb-0310-9956-ffa450edef68,1,0.0019569471624266144,17.0,8.0,8.0,8.0,3610.220338983051,116880.84317615432,1,0,2.033531840375758,false
ipojo/manipulator/manipulator/src/main/java/org/apache/felix/ipojo/manipulation/MethodCodeAdapter.java,82.0,5.0,4.0,4.0,3.0,14.0,111.0,clement@13f79535-47bb-0310-9956-ffa450edef68,1,0.0019569471624266144,33.0,33.0,0.0,33.0,3610.220338983051,116880.84317615432,1,0,2.033531840375758,false
ipojo/manipulator/manipulator/src/main/java/org/apache/felix/ipojo/manipulation/MethodCreator.java,820.0,14.0,21.0,19.0,192.0,65.0,111.0,clement@13f79535-47bb-0310-9956-ffa450edef68,1,0.0019569471624266144,10.0,10.0,0.0,10.0,3610.220338983051,116880.84317615432,1,0,2.033531840375758,false
ipojo/manipulator/manipulator/src/main/java/org/apache/felix/ipojo/manipulation/MethodDescriptor.java,135.0,8.0,24.0,9.0,15.0,23.0,111.0,clement@13f79535-47bb-0310-9956-ffa450edef68,1,0.0019569471624266144,14.0,14.0,0.0,14.0,3610.220338983051,116880.84317615432,1,0,2.033531840375758,false
ipojo/manipulator/manipulator/src/main/java/org/apache/felix/ipojo/manipulation/annotations/CustomAnnotationVisitor.java,261.0,6.0,0.0,9.0,26.0,22.0,111.0,clement@13f79535-47bb-0310-9956-ffa450edef68,1,0.0019569471624266144,25.0,25.0,0.0,25.0,3610.220338983051,116880.84317615432,1,0,2.033531840375758,false
ipojo/manipulator/manipulator/src/main/java/org/apache/felix/ipojo/manipulation/annotations/FieldCollector.java,301.0,6.0,0.0,2.0,10.0,6.0,111.0,clement@13f79535-47bb-0310-9956-ffa450edef68,1,0.0019569471624266144,50.0,50.0,0.0,50.0,3610.220338983051,116880.84317615432,1,0,2.033531840375758,false
ipojo/manipulator/manipulator/src/main/java/org/apache/felix/ipojo/manipulation/annotations/MetadataCollector.java,518.0,23.0,52.0,13.0,19.0,33.0,111.0,clement@13f79535-47bb-0310-9956-ffa450edef68,1,0.0019569471624266144,50.0,50.0,0.0,50.0,3610.220338983051,116880.84317615432,1,0,2.033531840375758,false
ipojo/manipulator/manipulator/src/main/java/org/apache/felix/ipojo/manipulation/annotations/MethodCollector.java,537.0,5.0,0.0,10.0,41.0,30.0,111.0,clement@13f79535-47bb-0310-9956-ffa450edef68,1,0.0019569471624266144,33.0,33.0,0.0,33.0,3610.220338983051,116880.84317615432,1,0,2.033531840375758,false
ipojo/manipulator/manipulator/src/main/java/org/apache/felix/ipojo/manipulation/annotations/PropertyAnnotationParser.java,107.0,4.0,0.0,4.0,7.0,9.0,111.0,clement@13f79535-47bb-0310-9956-ffa450edef68,1,0.0019569471624266144,50.0,50.0,0.0,50.0,3610.220338983051,116880.84317615432,1,0,2.033531840375758,false
ipojo/manipulator/manipulator/src/main/java/org/apache/felix/ipojo/manipulator/ManifestAttributeFilter.java,12.0,1.0,0.0,1.0,0.0,3.0,111.0,clement@13f79535-47bb-0310-9956-ffa450edef68,1,0.0019569471624266144,50.0,50.0,0.0,50.0,3610.220338983051,116880.84317615432,1,0,2.033531840375758,false
ipojo/manipulator/manipulator/src/main/java/org/apache/felix/ipojo/manipulator/ManifestProvider.java,11.0,1.0,0.0,1.0,0.0,3.0,111.0,clement@13f79535-47bb-0310-9956-ffa450edef68,1,0.0019569471624266144,50.0,50.0,0.0,50.0,3610.220338983051,116880.84317615432,1,0,2.033531840375758,false
ipojo/manipulator/manipulator/src/main/java/org/apache/felix/ipojo/manipulator/ManipulationEngine.java,95.0,5.0,2.0,5.0,17.0,11.0,111.0,clement@13f79535-47bb-0310-9956-ffa450edef68,1,0.0019569471624266144,17.0,17.0,0.0,17.0,3610.220338983051,116880.84317615432,1,0,2.033531840375758,false
ipojo/manipulator/manipulator/src/main/java/org/apache/felix/ipojo/manipulator/ManipulationResultVisitor.java,21.0,1.0,3.0,3.0,0.0,3.0,111.0,clement@13f79535-47bb-0310-9956-ffa450edef68,1,0.0019569471624266144,50.0,50.0,0.0,50.0,3610.220338983051,116880.84317615432,1,0,2.033531840375758,false
ipojo/manipulator/manipulator/src/main/java/org/apache/felix/ipojo/manipulator/ManipulationUnit.java,37.0,2.0,0.0,4.0,1.0,8.0,111.0,clement@13f79535-47bb-0310-9956-ffa450edef68,1,0.0019569471624266144,50.0,50.0,0.0,50.0,3610.220338983051,116880.84317615432,1,0,2.033531840375758,false
ipojo/manipulator/manipulator/src/main/java/org/apache/felix/ipojo/manipulator/ManipulationVisitor.java,21.0,1.0,3.0,3.0,0.0,6.0,111.0,clement@13f79535-47bb-0310-9956-ffa450edef68,1,0.0019569471624266144,50.0,50.0,0.0,50.0,3610.220338983051,116880.84317615432,1,0,2.033531840375758,false
ipojo/manipulator/manipulator/src/main/java/org/apache/felix/ipojo/manipulator/MetadataProvider.java,12.0,3.0,0.0,1.0,0.0,4.0,111.0,clement@13f79535-47bb-0310-9956-ffa450edef68,1,0.0019569471624266144,50.0,50.0,0.0,50.0,3610.220338983051,116880.84317615432,1,0,2.033531840375758,false
ipojo/manipulator/manipulator/src/main/java/org/apache/felix/ipojo/manipulator/Pojoization.java,217.0,23.0,0.0,11.0,56.0,30.0,111.0,clement@13f79535-47bb-0310-9956-ffa450edef68,1,0.0019569471624266144,14.0,14.0,0.0,14.0,3610.220338983051,116880.84317615432,1,0,2.033531840375758,false
ipojo/manipulator/manipulator/src/main/java/org/apache/felix/ipojo/manipulator/QuotedTokenizer.java,160.0,2.0,26.0,9.0,17.0,31.0,111.0,clement@13f79535-47bb-0310-9956-ffa450edef68,1,0.0019569471624266144,50.0,50.0,0.0,50.0,3610.220338983051,116880.84317615432,1,0,2.033531840375758,false
ipojo/manipulator/manipulator/src/main/java/org/apache/felix/ipojo/manipulator/Reporter.java,38.0,1.0,15.0,6.0,0.0,9.0,111.0,clement@13f79535-47bb-0310-9956-ffa450edef68,1,0.0019569471624266144,50.0,50.0,0.0,50.0,3610.220338983051,116880.84317615432,1,0,2.033531840375758,false
ipojo/manipulator/manipulator/src/main/java/org/apache/felix/ipojo/manipulator/ResourceStore.java,40.0,2.0,15.0,6.0,0.0,19.0,111.0,clement@13f79535-47bb-0310-9956-ffa450edef68,1,0.0019569471624266144,50.0,50.0,0.0,50.0,3610.220338983051,116880.84317615432,1,0,2.033531840375758,false
ipojo/manipulator/manipulator/src/main/java/org/apache/felix/ipojo/manipulator/ResourceVisitor.java,11.0,0.0,0.0,1.0,0.0,2.0,111.0,clement@13f79535-47bb-0310-9956-ffa450edef68,1,0.0019569471624266144,50.0,50.0,0.0,50.0,3610.220338983051,116880.84317615432,1,0,2.033531840375758,false
ipojo/manipulator/manipulator/src/main/java/org/apache/felix/ipojo/manipulator/manifest/DirectManifestProvider.java,20.0,2.0,0.0,2.0,0.0,5.0,111.0,clement@13f79535-47bb-0310-9956-ffa450edef68,1,0.0019569471624266144,50.0,50.0,0.0,50.0,3610.220338983051,116880.84317615432,1,0,2.033531840375758,false
ipojo/manipulator/manipulator/src/main/java/org/apache/felix/ipojo/manipulator/manifest/FileManifestProvider.java,29.0,7.0,0.0,2.0,2.0,6.0,111.0,clement@13f79535-47bb-0310-9956-ffa450edef68,1,0.0019569471624266144,50.0,50.0,0.0,50.0,3610.220338983051,116880.84317615432,1,0,2.033531840375758,false
ipojo/manipulator/manipulator/src/main/java/org/apache/felix/ipojo/manipulator/metadata/AnnotationMetadataProvider.java,54.0,10.0,0.0,4.0,17.0,16.0,111.0,clement@13f79535-47bb-0310-9956-ffa450edef68,1,0.0019569471624266144,17.0,17.0,0.0,17.0,3610.220338983051,116880.84317615432,1,0,2.033531840375758,false
ipojo/manipulator/manipulator/src/main/java/org/apache/felix/ipojo/manipulator/metadata/CacheableMetadataProvider.java,24.0,5.0,0.0,2.0,2.0,5.0,111.0,clement@13f79535-47bb-0310-9956-ffa450edef68,1,0.0019569471624266144,50.0,50.0,0.0,50.0,3610.220338983051,116880.84317615432,1,0,2.033531840375758,false
ipojo/manipulator/manipulator/src/main/java/org/apache/felix/ipojo/manipulator/metadata/CompositeMetadataProvider.java,54.0,6.0,11.0,6.0,13.0,17.0,111.0,clement@13f79535-47bb-0310-9956-ffa450edef68,1,0.0019569471624266144,50.0,50.0,0.0,50.0,3610.220338983051,116880.84317615432,1,0,2.033531840375758,false
ipojo/manipulator/manipulator/src/main/java/org/apache/felix/ipojo/manipulator/metadata/EmptyMetadataProvider.java,9.0,5.0,0.0,1.0,0.0,3.0,111.0,clement@13f79535-47bb-0310-9956-ffa450edef68,1,0.0019569471624266144,50.0,50.0,0.0,50.0,3610.220338983051,116880.84317615432,1,0,2.033531840375758,false
ipojo/manipulator/manipulator/src/main/java/org/apache/felix/ipojo/manipulator/metadata/FileMetadataProvider.java,67.0,10.0,2.0,5.0,17.0,14.0,111.0,clement@13f79535-47bb-0310-9956-ffa450edef68,1,0.0019569471624266144,33.0,33.0,0.0,33.0,3610.220338983051,116880.84317615432,1,0,2.033531840375758,true
ipojo/manipulator/manipulator/src/main/java/org/apache/felix/ipojo/manipulator/metadata/StreamMetadataProvider.java,58.0,17.0,0.0,3.0,14.0,8.0,111.0,clement@13f79535-47bb-0310-9956-ffa450edef68,1,0.0019569471624266144,50.0,50.0,0.0,50.0,3610.220338983051,116880.84317615432,1,0,2.033531840375758,false
ipojo/manipulator/manipulator/src/main/java/org/apache/felix/ipojo/manipulator/render/ManipulatedMetadataFilter.java,15.0,3.0,0.0,1.0,4.0,4.0,111.0,clement@13f79535-47bb-0310-9956-ffa450edef68,1,0.0019569471624266144,33.0,33.0,0.0,33.0,3610.220338983051,116880.84317615432,1,0,2.033531840375758,false
ipojo/manipulator/manipulator/src/main/java/org/apache/felix/ipojo/manipulator/render/MetadataFilter.java,12.0,1.0,0.0,1.0,0.0,3.0,111.0,clement@13f79535-47bb-0310-9956-ffa450edef68,1,0.0019569471624266144,50.0,50.0,0.0,50.0,3610.220338983051,116880.84317615432,1,0,2.033531840375758,false
ipojo/manipulator/manipulator/src/main/java/org/apache/felix/ipojo/manipulator/render/MetadataRenderer.java,72.0,4.0,34.0,9.0,21.0,18.0,111.0,clement@13f79535-47bb-0310-9956-ffa450edef68,1,0.0019569471624266144,50.0,50.0,0.0,50.0,3610.220338983051,116880.84317615432,1,0,2.033531840375758,false
ipojo/manipulator/manipulator/src/main/java/org/apache/felix/ipojo/manipulator/reporter/EmptyReporter.java,46.0,4.0,28.0,8.0,1.0,17.0,111.0,clement@13f79535-47bb-0310-9956-ffa450edef68,1,0.0019569471624266144,100.0,100.0,0.0,100.0,3610.220338983051,116880.84317615432,1,0,2.033531840375758,false
ipojo/manipulator/manipulator/src/main/java/org/apache/felix/ipojo/manipulator/reporter/SystemReporter.java,62.0,1.0,0.0,8.0,25.0,21.0,111.0,clement@13f79535-47bb-0310-9956-ffa450edef68,1,0.0019569471624266144,50.0,50.0,0.0,50.0,3610.220338983051,116880.84317615432,1,0,2.033531840375758,false
ipojo/manipulator/manipulator/src/main/java/org/apache/felix/ipojo/manipulator/store/DirectoryResourceStore.java,98.0,14.0,42.0,13.0,27.0,29.0,111.0,clement@13f79535-47bb-0310-9956-ffa450edef68,1,0.0019569471624266144,20.0,20.0,0.0,20.0,3610.220338983051,116880.84317615432,1,0,2.033531840375758,false
ipojo/manipulator/manipulator/src/main/java/org/apache/felix/ipojo/manipulator/store/JarFileResourceStore.java,139.0,19.0,53.0,14.0,38.0,39.0,111.0,clement@13f79535-47bb-0310-9956-ffa450edef68,1,0.0019569471624266144,25.0,25.0,0.0,25.0,3610.220338983051,116880.84317615432,1,0,2.033531840375758,false
ipojo/manipulator/manipulator/src/main/java/org/apache/felix/ipojo/manipulator/store/ManifestBuilder.java,22.0,4.0,3.0,3.0,0.0,5.0,111.0,clement@13f79535-47bb-0310-9956-ffa450edef68,1,0.0019569471624266144,50.0,50.0,0.0,50.0,3610.220338983051,116880.84317615432,1,0,2.033531840375758,false
ipojo/manipulator/manipulator/src/main/java/org/apache/felix/ipojo/manipulator/store/ResourceMapper.java,18.0,0.0,1.0,2.0,0.0,6.0,111.0,clement@13f79535-47bb-0310-9956-ffa450edef68,1,0.0019569471624266144,50.0,50.0,0.0,50.0,3610.220338983051,116880.84317615432,1,0,2.033531840375758,false
ipojo/manipulator/manipulator/src/main/java/org/apache/felix/ipojo/manipulator/store/builder/DefaultManifestBuilder.java,183.0,15.0,30.0,9.0,41.0,27.0,74.0,clement@13f79535-47bb-0310-9956-ffa450edef68,1,0.0019569471624266144,33.0,33.0,0.0,33.0,3610.220338983051,116880.84317615432,1,0,2.033531840375758,false
ipojo/manipulator/manipulator/src/main/java/org/apache/felix/ipojo/manipulator/store/mapper/FileSystemResourceMapper.java,37.0,2.0,3.0,6.0,6.0,10.0,111.0,clement@13f79535-47bb-0310-9956-ffa450edef68,1,0.0019569471624266144,50.0,50.0,0.0,50.0,3610.220338983051,116880.84317615432,1,0,2.033531840375758,false
ipojo/manipulator/manipulator/src/main/java/org/apache/felix/ipojo/manipulator/store/mapper/IdentityResourceMapper.java,12.0,1.0,1.0,2.0,0.0,4.0,111.0,clement@13f79535-47bb-0310-9956-ffa450edef68,1,0.0019569471624266144,50.0,50.0,0.0,50.0,3610.220338983051,116880.84317615432,1,0,2.033531840375758,false
ipojo/manipulator/manipulator/src/main/java/org/apache/felix/ipojo/manipulator/store/mapper/WABResourceMapper.java,18.0,1.0,0.0,2.0,3.0,7.0,111.0,clement@13f79535-47bb-0310-9956-ffa450edef68,1,0.0019569471624266144,33.0,33.0,0.0,33.0,3610.220338983051,116880.84317615432,1,0,2.033531840375758,false
ipojo/manipulator/manipulator/src/main/java/org/apache/felix/ipojo/manipulator/util/Collections5.java,34.0,1.0,1.0,2.0,6.0,8.0,111.0,clement@13f79535-47bb-0310-9956-ffa450edef68,1,0.0019569471624266144,100.0,100.0,0.0,100.0,3610.220338983051,116880.84317615432,1,0,2.033531840375758,false
ipojo/manipulator/manipulator/src/main/java/org/apache/felix/ipojo/manipulator/util/Metadatas.java,73.0,4.0,15.0,6.0,17.0,19.0,111.0,clement@13f79535-47bb-0310-9956-ffa450edef68,1,0.0019569471624266144,50.0,50.0,0.0,50.0,3610.220338983051,116880.84317615432,1,0,2.033531840375758,false
ipojo/manipulator/manipulator/src/main/java/org/apache/felix/ipojo/manipulator/util/Streams.java,62.0,5.0,6.0,4.0,8.0,14.0,111.0,clement@13f79535-47bb-0310-9956-ffa450edef68,1,0.0019569471624266144,50.0,50.0,0.0,50.0,3610.220338983051,116880.84317615432,1,0,2.033531840375758,false
ipojo/manipulator/manipulator/src/main/java/org/apache/felix/ipojo/manipulator/util/Strings.java,28.0,0.0,3.0,3.0,5.0,8.0,111.0,clement@13f79535-47bb-0310-9956-ffa450edef68,1,0.0019569471624266144,50.0,50.0,0.0,50.0,3610.220338983051,116880.84317615432,1,0,2.033531840375758,false
ipojo/manipulator/manipulator/src/main/java/org/apache/felix/ipojo/manipulator/visitor/ManipulationAdapter.java,19.0,3.0,0.0,4.0,3.0,5.0,111.0,clement@13f79535-47bb-0310-9956-ffa450edef68,1,0.0019569471624266144,50.0,50.0,0.0,50.0,3610.220338983051,116880.84317615432,1,0,2.033531840375758,false
ipojo/manipulator/manipulator/src/main/java/org/apache/felix/ipojo/manipulator/visitor/ManipulationResultAdapter.java,19.0,2.0,0.0,4.0,3.0,4.0,111.0,clement@13f79535-47bb-0310-9956-ffa450edef68,1,0.0019569471624266144,50.0,50.0,0.0,50.0,3610.220338983051,116880.84317615432,1,0,2.033531840375758,false
ipojo/manipulator/manipulator/src/main/java/org/apache/felix/ipojo/manipulator/visitor/check/CheckFieldConsistencyResultVisitor.java,51.0,7.0,7.0,6.0,9.0,12.0,111.0,clement@13f79535-47bb-0310-9956-ffa450edef68,1,0.0019569471624266144,50.0,50.0,0.0,50.0,3610.220338983051,116880.84317615432,1,0,2.033531840375758,false
ipojo/manipulator/manipulator/src/main/java/org/apache/felix/ipojo/manipulator/visitor/check/CheckFieldConsistencyVisitor.java,19.0,5.0,1.0,3.0,2.0,4.0,111.0,clement@13f79535-47bb-0310-9956-ffa450edef68,1,0.0019569471624266144,50.0,50.0,0.0,50.0,3610.220338983051,116880.84317615432,1,0,2.033531840375758,false
ipojo/manipulator/manipulator/src/main/java/org/apache/felix/ipojo/manipulator/visitor/writer/ManipulatedResourcesWriter.java,41.0,9.0,0.0,6.0,12.0,9.0,111.0,clement@13f79535-47bb-0310-9956-ffa450edef68,1,0.0019569471624266144,50.0,50.0,0.0,50.0,3610.220338983051,116880.84317615432,1,0,2.033531840375758,false
ipojo/manipulator/manipulator/src/main/java/org/apache/felix/ipojo/manipulator/visitor/writer/ManipulatedResultWriter.java,23.0,4.0,2.0,5.0,2.0,6.0,111.0,clement@13f79535-47bb-0310-9956-ffa450edef68,1,0.0019569471624266144,50.0,50.0,0.0,50.0,3610.220338983051,116880.84317615432,1,0,2.033531840375758,false
ipojo/manipulator/manipulator/src/main/java/org/apache/felix/ipojo/xml/parser/ParseException.java,17.0,0.0,0.0,1.0,0.0,1.0,111.0,clement@13f79535-47bb-0310-9956-ffa450edef68,1,0.0019569471624266144,50.0,50.0,0.0,50.0,3610.220338983051,116880.84317615432,1,0,2.033531840375758,false
ipojo/manipulator/manipulator/src/main/java/org/apache/felix/ipojo/xml/parser/SchemaResolver.java,38.0,5.0,1.0,2.0,7.0,8.0,111.0,clement@13f79535-47bb-0310-9956-ffa450edef68,1,0.0019569471624266144,50.0,50.0,0.0,50.0,3610.220338983051,116880.84317615432,1,0,2.033531840375758,false
ipojo/manipulator/manipulator/src/main/java/org/apache/felix/ipojo/xml/parser/XMLMetadataParser.java,206.0,8.0,124.0,17.0,16.0,50.0,111.0,clement@13f79535-47bb-0310-9956-ffa450edef68,1,0.0019569471624266144,33.0,33.0,0.0,33.0,3610.220338983051,116880.84317615432,1,0,2.033531840375758,false
ipojo/manipulator/manipulator/src/test/java/org/apache/felix/ipojo/ComponentInstance.java,5.0,0.0,0.0,0.0,0.0,0.0,83.0,clement@13f79535-47bb-0310-9956-ffa450edef68,1,0.0019569471624266144,67.0,67.0,33.0,33.0,3610.220338983051,116880.84317615432,1,0,2.033531840375758,false
ipojo/manipulator/manipulator/src/test/java/org/apache/felix/ipojo/InstanceManager.java,11.0,1.0,1.0,2.0,0.0,4.0,83.0,clement@13f79535-47bb-0310-9956-ffa450edef68,1,0.0019569471624266144,50.0,50.0,25.0,25.0,3610.220338983051,116880.84317615432,1,0,2.033531840375758,false
ipojo/manipulator/manipulator/src/test/java/org/apache/felix/ipojo/Pojo.java,5.0,0.0,0.0,0.0,0.0,0.0,83.0,clement@13f79535-47bb-0310-9956-ffa450edef68,1,0.0019569471624266144,67.0,67.0,33.0,33.0,3610.220338983051,116880.84317615432,1,0,2.033531840375758,false
ipojo/manipulator/manipulator/src/test/java/org/apache/felix/ipojo/manipulation/ManipulatorTest.java,239.0,13.0,28.0,8.0,116.0,36.0,83.0,clement@13f79535-47bb-0310-9956-ffa450edef68,1,0.0019569471624266144,18.0,18.0,9.0,9.0,3610.220338983051,116880.84317615432,1,0,2.033531840375758,false
ipojo/manipulator/manipulator/src/test/java/org/apache/felix/ipojo/manipulation/PojoizationTest.java,30.0,4.0,3.0,3.0,15.0,3.0,83.0,clement@13f79535-47bb-0310-9956-ffa450edef68,1,0.0019569471624266144,50.0,50.0,25.0,25.0,3610.220338983051,116880.84317615432,1,0,2.033531840375758,false
ipojo/manipulator/manipulator/src/test/java/org/apache/felix/ipojo/manipulator/ManipulationEngineTestCase.java,44.0,17.0,4.0,4.0,37.0,11.0,111.0,clement@13f79535-47bb-0310-9956-ffa450edef68,1,0.0019569471624266144,33.0,33.0,0.0,33.0,3610.220338983051,116880.84317615432,1,0,2.033531840375758,false
ipojo/manipulator/manipulator/src/test/java/org/apache/felix/ipojo/manipulator/manifest/DirectManifestProviderTestCase.java,7.0,2.0,0.0,1.0,2.0,3.0,111.0,clement@13f79535-47bb-0310-9956-ffa450edef68,1,0.0019569471624266144,50.0,50.0,0.0,50.0,3610.220338983051,116880.84317615432,1,0,2.033531840375758,false
ipojo/manipulator/manipulator/src/test/java/org/apache/felix/ipojo/manipulator/manifest/FileManifestProviderTestCase.java,9.0,3.0,0.0,1.0,5.0,3.0,111.0,clement@13f79535-47bb-0310-9956-ffa450edef68,1,0.0019569471624266144,50.0,50.0,0.0,50.0,3610.220338983051,116880.84317615432,1,0,2.033531840375758,false
ipojo/manipulator/manipulator/src/test/java/org/apache/felix/ipojo/manipulator/metadata/AnnotationMetadataProviderTestCase.java,39.0,14.0,1.0,2.0,9.0,5.0,111.0,clement@13f79535-47bb-0310-9956-ffa450edef68,1,0.0019569471624266144,25.0,25.0,0.0,25.0,3610.220338983051,116880.84317615432,1,0,2.033531840375758,false
ipojo/manipulator/manipulator/src/test/java/org/apache/felix/ipojo/manipulator/metadata/CacheableMetadataProviderTestCase.java,13.0,5.0,0.0,1.0,7.0,4.0,111.0,clement@13f79535-47bb-0310-9956-ffa450edef68,1,0.0019569471624266144,50.0,50.0,0.0,50.0,3610.220338983051,116880.84317615432,1,0,2.033531840375758,false
ipojo/manipulator/manipulator/src/test/java/org/apache/felix/ipojo/manipulator/metadata/CompositeMetadataProviderTestCase.java,53.0,10.0,9.0,6.0,30.0,16.0,111.0,clement@13f79535-47bb-0310-9956-ffa450edef68,1,0.0019569471624266144,50.0,50.0,0.0,50.0,3610.220338983051,116880.84317615432,1,0,2.033531840375758,false
ipojo/manipulator/manipulator/src/test/java/org/apache/felix/ipojo/manipulator/metadata/EmptyMetadataProviderTestCase.java,6.0,1.0,0.0,1.0,3.0,2.0,111.0,clement@13f79535-47bb-0310-9956-ffa450edef68,1,0.0019569471624266144,50.0,50.0,0.0,50.0,3610.220338983051,116880.84317615432,1,0,2.033531840375758,false
ipojo/manipulator/manipulator/src/test/java/org/apache/felix/ipojo/manipulator/metadata/FileMetadataProviderTestCase.java,18.0,6.0,1.0,2.0,10.0,4.0,111.0,clement@13f79535-47bb-0310-9956-ffa450edef68,1,0.0019569471624266144,50.0,50.0,0.0,50.0,3610.220338983051,116880.84317615432,1,0,2.033531840375758,false
ipojo/manipulator/manipulator/src/test/java/org/apache/felix/ipojo/manipulator/metadata/StreamMetadataProviderTestCase.java,21.0,9.0,1.0,2.0,13.0,5.0,111.0,clement@13f79535-47bb-0310-9956-ffa450edef68,1,0.0019569471624266144,50.0,50.0,0.0,50.0,3610.220338983051,116880.84317615432,1,0,2.033531840375758,false
ipojo/manipulator/manipulator/src/test/java/org/apache/felix/ipojo/manipulator/render/ManipulatedMetadataFilterTestCase.java,26.0,6.0,0.0,5.0,13.0,10.0,111.0,clement@13f79535-47bb-0310-9956-ffa450edef68,1,0.0019569471624266144,33.0,33.0,0.0,33.0,3610.220338983051,116880.84317615432,1,0,2.033531840375758,false
ipojo/manipulator/manipulator/src/test/java/org/apache/felix/ipojo/manipulator/render/MetadataRendererTestCase.java,58.0,4.0,0.0,10.0,23.0,21.0,111.0,clement@13f79535-47bb-0310-9956-ffa450edef68,1,0.0019569471624266144,50.0,50.0,0.0,50.0,3610.220338983051,116880.84317615432,1,0,2.033531840375758,false
ipojo/manipulator/manipulator/src/test/java/org/apache/felix/ipojo/manipulator/store/DirectoryResourceStoreTestCase.java,37.0,13.0,0.0,6.0,18.0,14.0,111.0,clement@13f79535-47bb-0310-9956-ffa450edef68,1,0.0019569471624266144,50.0,50.0,0.0,50.0,3610.220338983051,116880.84317615432,1,0,2.033531840375758,false
ipojo/manipulator/manipulator/src/test/java/org/apache/felix/ipojo/manipulator/store/JarFileResourceStoreTestCase.java,35.0,9.0,0.0,5.0,23.0,12.0,111.0,clement@13f79535-47bb-0310-9956-ffa450edef68,1,0.0019569471624266144,50.0,50.0,0.0,50.0,3610.220338983051,116880.84317615432,1,0,2.033531840375758,false
ipojo/manipulator/manipulator/src/test/java/org/apache/felix/ipojo/manipulator/store/builder/DefaultManifestBuilderTestCase.java,38.0,11.0,0.0,4.0,23.0,13.0,111.0,clement@13f79535-47bb-0310-9956-ffa450edef68,1,0.0019569471624266144,33.0,33.0,0.0,33.0,3610.220338983051,116880.84317615432,1,0,2.033531840375758,false
ipojo/manipulator/manipulator/src/test/java/org/apache/felix/ipojo/manipulator/store/mapper/FileSystemResourceMapperTestCase.java,27.0,6.0,3.0,3.0,18.0,6.0,111.0,clement@13f79535-47bb-0310-9956-ffa450edef68,1,0.0019569471624266144,50.0,50.0,0.0,50.0,3610.220338983051,116880.84317615432,1,0,2.033531840375758,false
ipojo/manipulator/manipulator/src/test/java/org/apache/felix/ipojo/manipulator/store/mapper/IdentityResourceMapperTestCase.java,12.0,2.0,1.0,2.0,4.0,4.0,111.0,clement@13f79535-47bb-0310-9956-ffa450edef68,1,0.0019569471624266144,50.0,50.0,0.0,50.0,3610.220338983051,116880.84317615432,1,0,2.033531840375758,false
ipojo/manipulator/manipulator/src/test/java/org/apache/felix/ipojo/manipulator/store/mapper/WABResourceMapperTestCase.java,22.0,3.0,3.0,3.0,6.0,7.0,111.0,clement@13f79535-47bb-0310-9956-ffa450edef68,1,0.0019569471624266144,33.0,33.0,0.0,33.0,3610.220338983051,116880.84317615432,1,0,2.033531840375758,false
ipojo/manipulator/manipulator/src/test/java/org/apache/felix/ipojo/manipulator/util/StreamsTestCase.java,25.0,7.0,6.0,4.0,13.0,10.0,111.0,clement@13f79535-47bb-0310-9956-ffa450edef68,1,0.0019569471624266144,50.0,50.0,0.0,50.0,3610.220338983051,116880.84317615432,1,0,2.033531840375758,false
ipojo/manipulator/manipulator/src/test/java/org/apache/felix/ipojo/manipulator/util/StringsTestCase.java,10.0,2.0,0.0,2.0,4.0,6.0,111.0,clement@13f79535-47bb-0310-9956-ffa450edef68,1,0.0019569471624266144,50.0,50.0,0.0,50.0,3610.220338983051,116880.84317615432,1,0,2.033531840375758,false
ipojo/manipulator/manipulator/src/test/java/org/apache/felix/ipojo/manipulator/visitor/check/CheckFieldConsistencyResultVisitorTestCase.java,41.0,8.0,8.0,5.0,19.0,13.0,111.0,clement@13f79535-47bb-0310-9956-ffa450edef68,1,0.0019569471624266144,50.0,50.0,0.0,50.0,3610.220338983051,116880.84317615432,1,0,2.033531840375758,false
ipojo/manipulator/manipulator/src/test/java/org/apache/felix/ipojo/manipulator/visitor/writer/ManipulatedResourcesWriterTestCase.java,23.0,7.0,1.0,3.0,14.0,8.0,111.0,clement@13f79535-47bb-0310-9956-ffa450edef68,1,0.0019569471624266144,50.0,50.0,0.0,50.0,3610.220338983051,116880.84317615432,1,0,2.033531840375758,false
ipojo/manipulator/manipulator/src/test/java/org/apache/felix/ipojo/manipulator/visitor/writer/ManipulatedResultWriterTestCase.java,18.0,5.0,1.0,3.0,11.0,7.0,111.0,clement@13f79535-47bb-0310-9956-ffa450edef68,1,0.0019569471624266144,50.0,50.0,0.0,50.0,3610.220338983051,116880.84317615432,1,0,2.033531840375758,false
ipojo/manipulator/manipulator/src/test/java/test/AnnotatedComponent.java,3.0,2.0,0.0,0.0,0.0,0.0,83.0,clement@13f79535-47bb-0310-9956-ffa450edef68,1,0.0019569471624266144,50.0,50.0,25.0,25.0,3610.220338983051,116880.84317615432,1,0,2.033531840375758,false
ipojo/manipulator/manipulator/src/test/java/test/Child.java,11.0,0.0,3.0,3.0,1.0,4.0,83.0,clement@13f79535-47bb-0310-9956-ffa450edef68,1,0.0019569471624266144,67.0,67.0,33.0,33.0,3610.220338983051,116880.84317615432,1,0,2.033531840375758,false
ipojo/manipulator/manipulator/src/test/java/test/ClusterDaemon.java,13.0,1.0,0.0,1.0,0.0,2.0,83.0,clement@13f79535-47bb-0310-9956-ffa450edef68,1,0.0019569471624266144,67.0,67.0,33.0,33.0,3610.220338983051,116880.84317615432,1,0,2.033531840375758,false
ipojo/manipulator/manipulator/src/test/java/test/ConstructorCheck.java,6.0,0.0,0.0,1.0,0.0,1.0,83.0,clement@13f79535-47bb-0310-9956-ffa450edef68,1,0.0019569471624266144,67.0,67.0,33.0,33.0,3610.220338983051,116880.84317615432,1,0,2.033531840375758,false
ipojo/manipulator/manipulator/src/test/java/test/NoValidConstructor.java,9.0,0.0,0.0,2.0,0.0,3.0,83.0,clement@13f79535-47bb-0310-9956-ffa450edef68,1,0.0019569471624266144,67.0,67.0,33.0,33.0,3610.220338983051,116880.84317615432,1,0,2.033531840375758,false
ipojo/manipulator/manipulator/src/test/java/test/Parent.java,9.0,0.0,0.0,2.0,1.0,3.0,83.0,clement@13f79535-47bb-0310-9956-ffa450edef68,1,0.0019569471624266144,67.0,67.0,33.0,33.0,3610.220338983051,116880.84317615432,1,0,2.033531840375758,false
ipojo/manipulator/manipulator/src/test/java/test/PojoWithInner.java,11.0,0.0,0.0,1.0,1.0,2.0,83.0,clement@13f79535-47bb-0310-9956-ffa450edef68,1,0.0019569471624266144,40.0,40.0,20.0,20.0,3610.220338983051,116880.84317615432,1,0,2.033531840375758,false
ipojo/manipulator/manipulator/src/test/java/test/SimplePojo.java,6.0,0.0,0.0,1.0,0.0,2.0,83.0,clement@13f79535-47bb-0310-9956-ffa450edef68,1,0.0019569471624266144,67.0,67.0,33.0,33.0,3610.220338983051,116880.84317615432,1,0,2.033531840375758,false
ipojo/manipulator/manipulator/src/test/resources/tests.manipulation.java5.jar,0.0,0.0,0.0,0.0,0.0,0.0,0.0,clement@13f79535-47bb-0310-9956-ffa450edef68,1,0.0019569471624266144,100.0,100.0,0.0,100.0,3610.220338983051,116880.84317615432,1,0,2.033531840375758,false
ipojo/manipulator/maven-ipojo-plugin/src/main/java/org/apache/felix/ipojo/plugin/ManipulatorMojo.java,203.0,12.0,1.0,3.0,35.0,12.0,27.0,clement@13f79535-47bb-0310-9956-ffa450edef68,1,0.0019569471624266144,33.0,33.0,0.0,33.0,3610.220338983051,116880.84317615432,1,0,2.033531840375758,false
ipojo/manipulator/maven-ipojo-plugin/src/main/java/org/apache/felix/ipojo/plugin/MavenReporter.java,55.0,2.0,0.0,5.0,20.0,17.0,27.0,clement@13f79535-47bb-0310-9956-ffa450edef68,1,0.0019569471624266144,100.0,100.0,0.0,100.0,3610.220338983051,116880.84317615432,1,0,2.033531840375758,false
ipojo/manipulator/maven-ipojo-plugin/src/main/resources/archetype-resources/src/main/java/HelloComponent.java,5.0,2.0,0.0,1.0,1.0,2.0,27.0,clement@13f79535-47bb-0310-9956-ffa450edef68,1,0.0019569471624266144,100.0,100.0,0.0,100.0,3610.220338983051,116880.84317615432,1,0,2.033531840375758,false
ipojo/tests/core/configuration/src/main/java/org/apache/felix/ipojo/test/scenarios/configuration/ManagedServiceConfigurableProperties.java,452.0,9.0,2.0,13.0,162.0,24.0,0.0,clement@13f79535-47bb-0310-9956-ffa450edef68,0,0.0,0.0,0.0,0.0,0.0,0.0,0.0,0,2,0.0,false
ipojo/tests/core/factories/src/main/java/org/apache/felix/ipojo/test/scenarios/factories/ComponentDesc.java,203.0,9.0,4.0,8.0,56.0,17.0,0.0,clement@13f79535-47bb-0310-9956-ffa450edef68,0,0.0,0.0,0.0,0.0,0.0,0.0,0.0,0,1,0.0,false
ipojo/tests/handler/temporal/src/main/java/org/apache/felix/ipojo/test/scenarios/temporal/FilterTest.java,185.0,8.0,6.0,4.0,56.0,6.0,6.0,clement@13f79535-47bb-0310-9956-ffa450edef68,1,0.0019569471624266144,50.0,50.0,50.0,0.0,3610.220338983051,116880.84317615432,1,0,2.033531840375758,false
ipojo/tests/handler/temporal/src/main/java/org/apache/felix/ipojo/test/scenarios/temporal/TemporalTestSuite.java,14.0,4.0,0.0,1.0,1.0,2.0,6.0,clement@13f79535-47bb-0310-9956-ffa450edef68,1,0.0019569471624266144,20.0,20.0,20.0,0.0,3610.220338983051,116880.84317615432,1,2,2.033531840375758,false
ipojo/tests/online-manipulator/src/test/java/org/apache/felix/ipojo/online/manipulator/test/OnlineManipulatorTest.java,199.0,31.0,69.0,19.0,156.0,55.0,40.0,clement@13f79535-47bb-0310-9956-ffa450edef68,1,0.0019569471624266144,25.0,0.0,25.0,0.0,3610.220338983051,116880.84317615432,1,1,2.033531840375758,false
metatype/src/main/java/org/apache/felix/metatype/AD.java,290.0,4.0,291.0,26.0,33.0,54.0,9.0,fmeschbe@13f79535-47bb-0310-9956-ffa450edef68,1,0.0019569471624266144,6.0,6.0,0.0,0.0,571.2222222222223,4111.251465026828,1,0,2.8067217286092396,false
metatype/src/main/java/org/apache/felix/metatype/Attribute.java,40.0,0.0,2.0,5.0,5.0,12.0,9.0,null,1,0.0019569471624266144,17.0,17.0,0.0,0.0,571.2222222222223,4111.251465026828,1,1,2.8067217286092396,false
metatype/src/main/java/org/apache/felix/metatype/DefaultMetaTypeProvider.java,96.0,13.0,1.0,7.0,24.0,19.0,0.0,fmeschbe@13f79535-47bb-0310-9956-ffa450edef68,0,0.0,0.0,0.0,0.0,0.0,0.0,0.0,0,1,0.0,false
metatype/src/main/java/org/apache/felix/metatype/MetaData.java,45.0,4.0,20.0,8.0,5.0,14.0,9.0,fmeschbe@13f79535-47bb-0310-9956-ffa450edef68,1,0.0019569471624266144,11.0,11.0,0.0,0.0,571.2222222222223,4111.251465026828,1,1,2.8067217286092396,false
metatype/src/main/java/org/apache/felix/metatype/MetaDataReader.java,358.0,10.0,13.0,23.0,118.0,96.0,9.0,fmeschbe@13f79535-47bb-0310-9956-ffa450edef68,1,0.0019569471624266144,5.0,5.0,0.0,0.0,571.2222222222223,4111.251465026828,1,4,2.8067217286092396,false
metatype/src/main/java/org/apache/felix/metatype/OCD.java,62.0,3.0,54.0,12.0,3.0,20.0,9.0,joes@13f79535-47bb-0310-9956-ffa450edef68,1,0.0019569471624266144,25.0,25.0,0.0,0.0,571.2222222222223,4111.251465026828,1,1,2.8067217286092396,false
metatype/src/main/java/org/apache/felix/metatype/internal/LocalizedObjectClassDefinition.java,127.0,10.0,0.0,6.0,26.0,19.0,0.0,fmeschbe@13f79535-47bb-0310-9956-ffa450edef68,0,0.0,0.0,0.0,0.0,0.0,0.0,0.0,0,2,0.0,false
metatype/src/main/java/org/apache/felix/metatype/internal/MetaTypeInformationImpl.java,116.0,16.0,33.0,15.0,38.0,37.0,0.0,fmeschbe@13f79535-47bb-0310-9956-ffa450edef68,0,0.0,0.0,0.0,0.0,0.0,0.0,0.0,0,1,0.0,false
metatype/src/test/java/org/apache/felix/metatype/MetaDataReaderTest.java,116.0,6.0,60.0,12.0,59.0,29.0,9.0,null,1,0.0019569471624266144,9.0,9.0,0.0,0.0,571.2222222222223,4111.251465026828,1,1,2.8067217286092396,false
scr/src/main/java/org/apache/felix/scr/impl/BundleComponentActivator.java,319.0,23.0,148.0,21.0,93.0,75.0,0.0,fmeschbe@13f79535-47bb-0310-9956-ffa450edef68,0,0.0,0.0,0.0,0.0,0.0,0.0,0.0,0,4,0.0,true
scr/src/main/java/org/apache/felix/scr/impl/config/ScrConfiguration.java,106.0,6.0,0.0,10.0,25.0,24.0,0.0,fmeschbe@13f79535-47bb-0310-9956-ffa450edef68,0,0.0,0.0,0.0,0.0,0.0,0.0,0.0,0,0,0.0,false
scr/src/main/java/org/apache/felix/scr/impl/config/ScrManagedServiceMetaTypeProvider.java,99.0,6.0,34.0,9.0,9.0,20.0,0.0,fmeschbe@13f79535-47bb-0310-9956-ffa450edef68,0,0.0,0.0,0.0,0.0,0.0,0.0,0.0,0,0,0.0,false
scr/src/main/java/org/apache/felix/scr/impl/manager/AbstractComponentManager.java,685.0,23.0,1519.0,62.0,137.0,148.0,1.0,djencks@13f79535-47bb-0310-9956-ffa450edef68,1,0.0019569471624266144,1.0,0.0,0.0,1.0,1463.83908045977,19730.558892004552,1,3,1.5539587601138718,true
scr/src/main/java/org/apache/felix/scr/impl/manager/DelayedComponentManager.java,47.0,6.0,9.0,7.0,8.0,14.0,0.0,fmeschbe@13f79535-47bb-0310-9956-ffa450edef68,0,0.0,0.0,0.0,0.0,0.0,0.0,0.0,0,1,0.0,false
scr/src/main/java/org/apache/felix/scr/impl/metadata/PropertyMetadata.java,216.0,3.0,0.0,10.0,26.0,37.0,0.0,fmeschbe@13f79535-47bb-0310-9956-ffa450edef68,0,0.0,0.0,0.0,0.0,0.0,0.0,0.0,0,1,0.0,false
scr/src/test/java/org/apache/felix/scr/impl/BundleComponentActivatorTest.java,104.0,8.0,45.0,10.0,55.0,39.0,0.0,fmeschbe@13f79535-47bb-0310-9956-ffa450edef68,0,0.0,0.0,0.0,0.0,0.0,0.0,0.0,0,0,0.0,false
scr/src/test/java/org/apache/felix/scr/impl/metadata/ComponentMetadataTest.java,551.0,4.0,76.0,44.0,244.0,95.0,0.0,fmeschbe@13f79535-47bb-0310-9956-ffa450edef68,0,0.0,0.0,0.0,0.0,0.0,0.0,0.0,0,1,0.0,false
scr/src/test/java/org/apache/felix/scr/impl/metadata/XmlHandlerTest.java,271.0,14.0,181.0,23.0,153.0,74.0,0.0,fmeschbe@13f79535-47bb-0310-9956-ffa450edef68,0,0.0,0.0,0.0,0.0,0.0,0.0,0.0,0,1,0.0,false
scr/src/test/java/org/apache/felix/scr/integration/ServiceComponentTest.java,110.0,13.0,6.0,4.0,53.0,8.0,0.0,fmeschbe@13f79535-47bb-0310-9956-ffa450edef68,0,0.0,0.0,0.0,0.0,0.0,0.0,0.0,0,0,0.0,false
scrplugin/annotations/src/main/java/org/apache/felix/scr/annotations/Activate.java,0.0,0.0,0.0,0.0,0.0,0.0,13.0,cziegeler@13f79535-47bb-0310-9956-ffa450edef68,1,0.0019569471624266144,33.0,0.0,0.0,0.0,427.1794871794872,2789.8272324497616,1,1,4.310799125385514,false
scrplugin/annotations/src/main/java/org/apache/felix/scr/annotations/Component.java,0.0,0.0,0.0,0.0,0.0,0.0,13.0,cziegeler@13f79535-47bb-0310-9956-ffa450edef68,1,0.0019569471624266144,12.0,0.0,0.0,0.0,427.1794871794872,2789.8272324497616,1,1,4.310799125385514,false
scrplugin/annotations/src/main/java/org/apache/felix/scr/annotations/Deactivate.java,0.0,0.0,0.0,0.0,0.0,0.0,13.0,cziegeler@13f79535-47bb-0310-9956-ffa450edef68,1,0.0019569471624266144,33.0,0.0,0.0,0.0,427.1794871794872,2789.8272324497616,1,1,4.310799125385514,false
scrplugin/annotations/src/main/java/org/apache/felix/scr/annotations/Modified.java,0.0,0.0,0.0,0.0,0.0,0.0,13.0,cziegeler@13f79535-47bb-0310-9956-ffa450edef68,1,0.0019569471624266144,33.0,0.0,0.0,0.0,427.1794871794872,2789.8272324497616,1,1,4.310799125385514,false
scrplugin/annotations/src/main/java/org/apache/felix/scr/annotations/Properties.java,0.0,0.0,0.0,0.0,0.0,0.0,13.0,cziegeler@13f79535-47bb-0310-9956-ffa450edef68,1,0.0019569471624266144,33.0,0.0,0.0,0.0,427.1794871794872,2789.8272324497616,1,1,4.310799125385514,false
scrplugin/annotations/src/main/java/org/apache/felix/scr/annotations/Property.java,0.0,0.0,0.0,0.0,0.0,0.0,13.0,cziegeler@13f79535-47bb-0310-9956-ffa450edef68,1,0.0019569471624266144,17.0,0.0,0.0,0.0,427.1794871794872,2789.8272324497616,1,1,4.310799125385514,false
scrplugin/annotations/src/main/java/org/apache/felix/scr/annotations/PropertyOption.java,0.0,0.0,0.0,0.0,0.0,0.0,13.0,cziegeler@13f79535-47bb-0310-9956-ffa450edef68,1,0.0019569471624266144,25.0,0.0,0.0,0.0,427.1794871794872,2789.8272324497616,1,1,4.310799125385514,false
scrplugin/annotations/src/main/java/org/apache/felix/scr/annotations/Reference.java,0.0,0.0,0.0,0.0,0.0,0.0,13.0,cziegeler@13f79535-47bb-0310-9956-ffa450edef68,1,0.0019569471624266144,25.0,0.0,0.0,0.0,427.1794871794872,2789.8272324497616,1,1,4.310799125385514,false
scrplugin/annotations/src/main/java/org/apache/felix/scr/annotations/References.java,0.0,0.0,0.0,0.0,0.0,0.0,13.0,cziegeler@13f79535-47bb-0310-9956-ffa450edef68,1,0.0019569471624266144,33.0,0.0,0.0,0.0,427.1794871794872,2789.8272324497616,1,1,4.310799125385514,false
scrplugin/annotations/src/main/java/org/apache/felix/scr/annotations/Service.java,0.0,0.0,0.0,0.0,0.0,0.0,13.0,cziegeler@13f79535-47bb-0310-9956-ffa450edef68,1,0.0019569471624266144,25.0,0.0,0.0,0.0,427.1794871794872,2789.8272324497616,1,1,4.310799125385514,false
scrplugin/annotations/src/main/java/org/apache/felix/scr/annotations/Services.java,0.0,0.0,0.0,0.0,0.0,0.0,13.0,cziegeler@13f79535-47bb-0310-9956-ffa450edef68,1,0.0019569471624266144,20.0,0.0,0.0,0.0,427.1794871794872,2789.8272324497616,1,1,4.310799125385514,false
scrplugin/annotations/src/main/java/org/apache/felix/scr/annotations/sling/SlingFilter.java,0.0,0.0,0.0,0.0,0.0,0.0,13.0,cziegeler@13f79535-47bb-0310-9956-ffa450edef68,1,0.0019569471624266144,20.0,0.0,0.0,0.0,427.1794871794872,2789.8272324497616,1,1,4.310799125385514,false
scrplugin/annotations/src/main/java/org/apache/felix/scr/annotations/sling/SlingServlet.java,0.0,0.0,0.0,0.0,0.0,0.0,13.0,cziegeler@13f79535-47bb-0310-9956-ffa450edef68,1,0.0019569471624266144,25.0,0.0,0.0,0.0,427.1794871794872,2789.8272324497616,1,1,4.310799125385514,false
webconsole-plugins/packageadmin/src/main/java/org/apache/felix/webconsole/plugins/packageadmin/internal/Activator.java,40.0,4.0,0.0,4.0,9.0,7.0,34.0,fmeschbe@13f79535-47bb-0310-9956-ffa450edef68,0,0.0,0.0,0.0,0.0,0.0,0.0,0.0,0,0,0.0,false
webconsole-plugins/packageadmin/src/main/java/org/apache/felix/webconsole/plugins/packageadmin/internal/DependencyFinderPlugin.java,144.0,18.0,32.0,9.0,46.0,23.0,0.0,vvalchev@13f79535-47bb-0310-9956-ffa450edef68,0,0.0,0.0,0.0,0.0,0.0,0.0,0.0,0,0,0.0,false
webconsole-plugins/packageadmin/src/main/java/org/apache/felix/webconsole/plugins/packageadmin/internal/PackageAdminPlugin.java,172.0,11.0,28.0,9.0,51.0,30.0,0.0,fmeschbe@13f79535-47bb-0310-9956-ffa450edef68,0,0.0,0.0,0.0,0.0,0.0,0.0,0.0,0,0,0.0,false
webconsole-plugins/packageadmin/src/test/java/org/apache/felix/webconsole/plugins/packageadmin/internal/DependencyFinderPluginTest.java,20.0,4.0,3.0,3.0,13.0,3.0,0.0,vvalchev@13f79535-47bb-0310-9956-ffa450edef68,0,0.0,0.0,0.0,0.0,0.0,0.0,0.0,0,0,0.0,false
webconsole/src/main/java/org/apache/felix/webconsole/AbstractWebConsolePlugin.java,478.0,11.0,439.0,31.0,110.0,110.0,17.0,fmeschbe@13f79535-47bb-0310-9956-ffa450edef68,1,0.0019569471624266144,8.0,4.0,6.0,0.0,1463.83908045977,19730.558892004552,1,13,1.5539587601138718,false
webconsole/src/main/java/org/apache/felix/webconsole/DefaultVariableResolver.java,49.0,2.0,10.0,5.0,2.0,8.0,34.0,fmeschbe@13f79535-47bb-0310-9956-ffa450edef68,1,0.0019569471624266144,50.0,50.0,50.0,0.0,1463.83908045977,19730.558892004552,1,0,1.5539587601138718,false
webconsole/src/main/java/org/apache/felix/webconsole/SimpleWebConsolePlugin.java,109.0,7.0,20.0,9.0,18.0,23.0,34.0,fmeschbe@13f79535-47bb-0310-9956-ffa450edef68,1,0.0019569471624266144,33.0,33.0,33.0,0.0,1463.83908045977,19730.558892004552,1,0,1.5539587601138718,false
webconsole/src/main/java/org/apache/felix/webconsole/WebConsoleUtil.java,239.0,17.0,55.0,11.0,49.0,45.0,34.0,fmeschbe@13f79535-47bb-0310-9956-ffa450edef68,1,0.0019569471624266144,13.0,13.0,13.0,0.0,1463.83908045977,19730.558892004552,1,3,1.5539587601138718,false
webconsole/src/main/java/org/apache/felix/webconsole/internal/Util.java,144.0,8.0,10.0,5.0,19.0,18.0,34.0,fmeschbe@13f79535-47bb-0310-9956-ffa450edef68,1,0.0019569471624266144,13.0,13.0,13.0,0.0,1463.83908045977,19730.558892004552,1,1,1.5539587601138718,false
webconsole/src/main/java/org/apache/felix/webconsole/internal/WebConsolePluginAdapter.java,137.0,8.0,21.0,11.0,28.0,32.0,34.0,fmeschbe@13f79535-47bb-0310-9956-ffa450edef68,1,0.0019569471624266144,14.0,14.0,14.0,0.0,1463.83908045977,19730.558892004552,1,3,1.5539587601138718,false
webconsole/src/main/java/org/apache/felix/webconsole/internal/compendium/ConfigManager.java,826.0,40.0,242.0,24.0,237.0,122.0,10.0,fmeschbe@13f79535-47bb-0310-9956-ffa450edef68,1,0.0019569471624266144,14.0,6.0,4.0,0.0,1463.83908045977,19730.558892004552,1,13,1.5539587601138718,false
webconsole/src/main/java/org/apache/felix/webconsole/internal/compendium/ConfigManagerBase.java,176.0,13.0,91.0,14.0,36.0,48.0,23.0,fmeschbe@13f79535-47bb-0310-9956-ffa450edef68,1,0.0019569471624266144,18.0,12.0,12.0,0.0,1463.83908045977,19730.558892004552,1,2,1.5539587601138718,false
webconsole/src/main/java/org/apache/felix/webconsole/internal/compendium/ConfigurationAdminConfigurationPrinter.java,63.0,13.0,3.0,3.0,25.0,11.0,34.0,fmeschbe@13f79535-47bb-0310-9956-ffa450edef68,1,0.0019569471624266144,29.0,29.0,29.0,0.0,1463.83908045977,19730.558892004552,1,0,1.5539587601138718,false
webconsole/src/main/java/org/apache/felix/webconsole/internal/compendium/LogServlet.java,115.0,15.0,34.0,9.0,46.0,26.0,18.0,fmeschbe@13f79535-47bb-0310-9956-ffa450edef68,2,0.003913894324853229,31.0,15.0,31.0,0.0,1467.83908045977,19733.528976678637,2,2,1.7527542249259194,false
webconsole/src/main/java/org/apache/felix/webconsole/internal/compendium/WireAdminConfigurationPrinter.java,137.0,10.0,6.0,4.0,29.0,13.0,34.0,vvalchev@13f79535-47bb-0310-9956-ffa450edef68,1,0.0019569471624266144,33.0,33.0,33.0,0.0,1463.83908045977,19730.558892004552,1,2,1.5539587601138718,false
webconsole/src/main/java/org/apache/felix/webconsole/internal/core/BaseUpdateInstallHelper.java,76.0,9.0,14.0,9.0,16.0,21.0,1.0,fmeschbe@13f79535-47bb-0310-9956-ffa450edef68,1,0.0019569471624266144,11.0,0.0,0.0,0.0,1463.83908045977,19730.558892004552,1,2,1.5539587601138718,false
webconsole/src/main/java/org/apache/felix/webconsole/internal/core/BundlesConfigurationPrinter.java,126.0,7.0,22.0,8.0,26.0,21.0,34.0,fmeschbe@13f79535-47bb-0310-9956-ffa450edef68,1,0.0019569471624266144,40.0,40.0,40.0,0.0,1463.83908045977,19730.558892004552,1,0,1.5539587601138718,false
webconsole/src/main/java/org/apache/felix/webconsole/internal/core/BundlesServlet.java,1011.0,23.0,1213.0,50.0,306.0,176.0,34.0,cziegeler@13f79535-47bb-0310-9956-ffa450edef68,1,0.0019569471624266144,3.0,3.0,3.0,0.0,1463.83908045977,19730.558892004552,1,12,1.5539587601138718,false
webconsole/src/main/java/org/apache/felix/webconsole/internal/core/PermissionsConfigurationPrinter.java,106.0,11.0,6.0,4.0,23.0,15.0,34.0,vvalchev@13f79535-47bb-0310-9956-ffa450edef68,1,0.0019569471624266144,33.0,33.0,33.0,0.0,1463.83908045977,19730.558892004552,1,3,1.5539587601138718,false
webconsole/src/main/java/org/apache/felix/webconsole/internal/core/ServicesServlet.java,218.0,20.0,103.0,15.0,77.0,48.0,34.0,fmeschbe@13f79535-47bb-0310-9956-ffa450edef68,1,0.0019569471624266144,10.0,10.0,10.0,0.0,1463.83908045977,19730.558892004552,1,4,1.5539587601138718,false
webconsole/src/main/java/org/apache/felix/webconsole/internal/i18n/CombinedEnumeration.java,46.0,4.0,0.0,4.0,7.0,12.0,34.0,fmeschbe@13f79535-47bb-0310-9956-ffa450edef68,1,0.0019569471624266144,67.0,67.0,67.0,0.0,1463.83908045977,19730.558892004552,1,1,1.5539587601138718,false
webconsole/src/main/java/org/apache/felix/webconsole/internal/i18n/CombinedResourceBundle.java,29.0,4.0,0.0,4.0,2.0,8.0,34.0,fmeschbe@13f79535-47bb-0310-9956-ffa450edef68,1,0.0019569471624266144,50.0,50.0,50.0,0.0,1463.83908045977,19730.558892004552,1,1,1.5539587601138718,false
webconsole/src/main/java/org/apache/felix/webconsole/internal/i18n/ConsolePropertyResourceBundle.java,29.0,10.0,0.0,3.0,11.0,8.0,34.0,fmeschbe@13f79535-47bb-0310-9956-ffa450edef68,1,0.0019569471624266144,50.0,50.0,50.0,0.0,1463.83908045977,19730.558892004552,1,1,1.5539587601138718,false
webconsole/src/main/java/org/apache/felix/webconsole/internal/i18n/ResourceBundleCache.java,89.0,8.0,3.0,6.0,26.0,17.0,34.0,fmeschbe@13f79535-47bb-0310-9956-ffa450edef68,1,0.0019569471624266144,18.0,18.0,18.0,0.0,1463.83908045977,19730.558892004552,1,4,1.5539587601138718,false
webconsole/src/main/java/org/apache/felix/webconsole/internal/i18n/ResourceBundleManager.java,58.0,8.0,0.0,4.0,13.0,7.0,34.0,fmeschbe@13f79535-47bb-0310-9956-ffa450edef68,1,0.0019569471624266144,40.0,40.0,40.0,0.0,1463.83908045977,19730.558892004552,1,1,1.5539587601138718,false
webconsole/src/main/java/org/apache/felix/webconsole/internal/misc/ConfigurationPrinterAdapter.java,181.0,7.0,4.0,9.0,18.0,30.0,34.0,fmeschbe@13f79535-47bb-0310-9956-ffa450edef68,1,0.0019569471624266144,33.0,33.0,33.0,0.0,1463.83908045977,19730.558892004552,1,0,1.5539587601138718,false
webconsole/src/main/java/org/apache/felix/webconsole/internal/misc/ConfigurationRender.java,382.0,16.0,74.0,13.0,82.0,42.0,34.0,fmeschbe@13f79535-47bb-0310-9956-ffa450edef68,1,0.0019569471624266144,4.0,4.0,4.0,0.0,1463.83908045977,19730.558892004552,1,8,1.5539587601138718,false
webconsole/src/main/java/org/apache/felix/webconsole/internal/misc/LicenseServlet.java,228.0,22.0,26.0,8.0,63.0,35.0,23.0,fmeschbe@13f79535-47bb-0310-9956-ffa450edef68,1,0.0019569471624266144,17.0,11.0,11.0,0.0,1463.83908045977,19730.558892004552,1,4,1.5539587601138718,false
webconsole/src/main/java/org/apache/felix/webconsole/internal/misc/SystemPropertiesPrinter.java,15.0,6.0,1.0,2.0,7.0,4.0,34.0,fmeschbe@13f79535-47bb-0310-9956-ffa450edef68,1,0.0019569471624266144,67.0,67.0,67.0,0.0,1463.83908045977,19730.558892004552,1,0,1.5539587601138718,false
webconsole/src/main/java/org/apache/felix/webconsole/internal/misc/ThreadPrinter.java,60.0,2.0,6.0,4.0,27.0,11.0,34.0,vvalchev@13f79535-47bb-0310-9956-ffa450edef68,1,0.0019569471624266144,33.0,33.0,33.0,0.0,1463.83908045977,19730.558892004552,1,0,1.5539587601138718,false
webconsole/src/main/java/org/apache/felix/webconsole/internal/servlet/Base64.java,721.0,2.0,694.0,41.0,51.0,145.0,35.0,fmeschbe@13f79535-47bb-0310-9956-ffa450edef68,1,0.0019569471624266144,50.0,50.0,50.0,0.0,1463.83908045977,19730.558892004552,1,0,1.5539587601138718,false
webconsole/src/main/java/org/apache/felix/webconsole/internal/servlet/ConfigurationListener.java,21.0,5.0,0.0,4.0,7.0,6.0,20.0,fmeschbe@13f79535-47bb-0310-9956-ffa450edef68,1,0.0019569471624266144,25.0,12.0,12.0,0.0,1463.83908045977,19730.558892004552,1,0,1.5539587601138718,false
webconsole/src/main/java/org/apache/felix/webconsole/internal/servlet/ConfigurationListener2.java,137.0,12.0,33.0,10.0,22.0,23.0,11.0,vvalchev@13f79535-47bb-0310-9956-ffa450edef68,1,0.0019569471624266144,33.0,8.0,8.0,0.0,1463.83908045977,19730.558892004552,1,4,1.5539587601138718,false
webconsole/src/main/java/org/apache/felix/webconsole/internal/servlet/ConfigurationUtil.java,116.0,5.0,15.0,6.0,23.0,21.0,18.0,fmeschbe@13f79535-47bb-0310-9956-ffa450edef68,1,0.0019569471624266144,67.0,33.0,33.0,0.0,1463.83908045977,19730.558892004552,1,0,1.5539587601138718,false
webconsole/src/main/java/org/apache/felix/webconsole/internal/servlet/OsgiManager.java,503.0,47.0,174.0,24.0,127.0,78.0,13.0,fmeschbe@13f79535-47bb-0310-9956-ffa450edef68,2,0.003913894324853229,7.0,2.0,3.0,0.0,1467.83908045977,19733.528976678637,2,16,1.6108179575348043,false
webconsole/src/main/java/org/apache/felix/webconsole/internal/servlet/PluginHolder.java,443.0,23.0,130.0,20.0,44.0,50.0,34.0,fmeschbe@13f79535-47bb-0310-9956-ffa450edef68,1,0.0019569471624266144,15.0,15.0,15.0,0.0,1463.83908045977,19730.558892004552,1,2,1.5539587601138718,false
webconsole/src/main/java/org/apache/felix/webconsole/internal/system/VMStatPlugin.java,152.0,16.0,17.0,7.0,46.0,27.0,34.0,fmeschbe@13f79535-47bb-0310-9956-ffa450edef68,1,0.0019569471624266144,15.0,15.0,15.0,0.0,1463.83908045977,19730.558892004552,1,2,1.5539587601138718,false
webconsole/src/main/java/org/apache/felix/webconsole/package-info.java,0.0,0.0,0.0,0.0,0.0,0.0,22.0,fmeschbe@13f79535-47bb-0310-9956-ffa450edef68,1,0.0019569471624266144,100.0,100.0,67.0,0.0,1463.83908045977,19730.558892004552,1,0,1.5539587601138718,false
webconsole/src/test/java/org/apache/felix/webconsole/AbstractWebConsolePluginTest.java,87.0,5.0,0.0,5.0,16.0,11.0,34.0,fmeschbe@13f79535-47bb-0310-9956-ffa450edef68,1,0.0019569471624266144,67.0,67.0,67.0,0.0,1463.83908045977,19730.558892004552,1,0,1.5539587601138718,false
