name,LOC,CBO,LCOM,NOM,RFC,WMC,ACS,Ownership,numOfChanges,numberOfFIChanges,ENH,NF,BugFixing,REF,structuralWorkloadSum,semanticWorkloadSum,numberOfDeveloper,pastFaults,MAF,isBuggy
bundleplugin/src/main/java/org/apache/felix/bundleplugin/BundlePlugin.java,931.0,54.0,857.0,43.0,406.0,171.0,0.0,mcculls@13f79535-47bb-0310-9956-ffa450edef68,0,0.0,0.0,0.0,0.0,0.0,0.0,0.0,0,26,0.0,true
bundleplugin/src/main/java/org/apache/felix/bundleplugin/ManifestPlugin.java,136.0,18.0,21.0,7.0,67.0,30.0,0.0,mcculls@13f79535-47bb-0310-9956-ffa450edef68,0,0.0,0.0,0.0,0.0,0.0,0.0,0.0,0,6,0.0,true
bundleplugin/src/main/java/org/apache/maven/shared/dependency/tree/DependencyTreeResolutionListener.java,306.0,13.0,234.0,25.0,90.0,74.0,0.0,mcculls@13f79535-47bb-0310-9956-ffa450edef68,0,0.0,0.0,0.0,0.0,0.0,0.0,0.0,0,1,0.0,false
bundleplugin/src/test/java/org/apache/felix/bundleplugin/ArtifactStubFactory.java,34.0,5.0,6.0,4.0,6.0,14.0,0.0,mcculls@13f79535-47bb-0310-9956-ffa450edef68,0,0.0,0.0,0.0,0.0,0.0,0.0,0.0,0,1,0.0,false
bundleplugin/src/test/java/org/apache/felix/bundleplugin/BundlePluginTest.java,226.0,18.0,1.0,14.0,122.0,35.0,0.0,mcculls@13f79535-47bb-0310-9956-ffa450edef68,0,0.0,0.0,0.0,0.0,0.0,0.0,0.0,0,3,0.0,false
configadmin/src/main/java/org/apache/felix/cm/impl/ConfigurationAdapter.java,125.0,4.0,0.0,14.0,43.0,28.0,0.0,fmeschbe@13f79535-47bb-0310-9956-ffa450edef68,0,0.0,0.0,0.0,0.0,0.0,0.0,0.0,0,4,0.0,false
configadmin/src/main/java/org/apache/felix/cm/impl/ConfigurationAdminImpl.java,112.0,7.0,0.0,11.0,38.0,39.0,0.0,fmeschbe@13f79535-47bb-0310-9956-ffa450edef68,0,0.0,0.0,0.0,0.0,0.0,0.0,0.0,0,6,0.0,false
configadmin/src/main/java/org/apache/felix/cm/impl/ConfigurationBase.java,51.0,4.0,12.0,8.0,6.0,19.0,0.0,fmeschbe@13f79535-47bb-0310-9956-ffa450edef68,0,0.0,0.0,0.0,0.0,0.0,0.0,0.0,0,3,0.0,false
configadmin/src/main/java/org/apache/felix/cm/impl/ConfigurationImpl.java,258.0,8.0,189.0,27.0,83.0,73.0,3.0,fmeschbe@13f79535-47bb-0310-9956-ffa450edef68,1,0.0018181818181818182,3.0,3.0,0.0,0.0,373.6470588235294,3603.18466013623,1,6,1.8476399276225115,false
configadmin/src/main/java/org/apache/felix/cm/impl/ConfigurationManager.java,1159.0,10.0,587.0,38.0,163.0,135.0,3.0,fmeschbe@13f79535-47bb-0310-9956-ffa450edef68,1,0.0018181818181818182,1.0,1.0,0.0,0.0,373.6470588235294,3603.18466013623,1,23,1.8476399276225115,true
configadmin/src/test/java/org/apache/felix/cm/impl/ConfigurationAdapterTest.java,91.0,11.0,0.0,5.0,37.0,11.0,0.0,fmeschbe@13f79535-47bb-0310-9956-ffa450edef68,0,0.0,0.0,0.0,0.0,0.0,0.0,0.0,0,1,0.0,false
configadmin/src/test/java/org/apache/felix/cm/integration/ConfigurationBaseTest.java,521.0,15.0,231.0,22.0,194.0,60.0,3.0,fmeschbe@13f79535-47bb-0310-9956-ffa450edef68,1,0.0018181818181818182,6.0,6.0,0.0,0.0,373.6470588235294,3603.18466013623,1,1,1.8476399276225115,false
dependencymanager/core/src/main/java/org/apache/felix/dm/DependencyActivatorBase.java,219.0,3.0,0.0,28.0,24.0,60.0,0.0,pderop@13f79535-47bb-0310-9956-ffa450edef68,0,0.0,0.0,0.0,0.0,0.0,0.0,0.0,0,6,0.0,false
dependencymanager/core/src/main/java/org/apache/felix/dm/DependencyManager.java,314.0,28.0,385.0,31.0,21.0,88.0,7.0,marrs@13f79535-47bb-0310-9956-ffa450edef68,1,0.0018181818181818182,2.0,0.0,0.0,0.0,46.0,65.9230656541438,1,13,3.0177111802727663,true
dependencymanager/core/src/main/java/org/apache/felix/dm/ResourceHandler.java,54.0,2.0,0.0,6.0,0.0,9.0,0.0,marrs@13f79535-47bb-0310-9956-ffa450edef68,0,0.0,0.0,0.0,0.0,0.0,0.0,0.0,0,2,0.0,false
dependencymanager/core/src/main/java/org/apache/felix/dm/impl/AbstractDecorator.java,212.0,14.0,0.0,21.0,48.0,44.0,1.0,pderop@13f79535-47bb-0310-9956-ffa450edef68,1,0.0018181818181818182,12.0,6.0,12.0,0.0,46.0,65.9230656541438,1,6,3.0177111802727663,true
dependencymanager/core/src/main/java/org/apache/felix/dm/impl/AdapterServiceImpl.java,89.0,10.0,1.0,2.0,14.0,2.0,2.0,marrs@13f79535-47bb-0310-9956-ffa450edef68,1,0.0018181818181818182,11.0,5.0,5.0,0.0,46.0,65.9230656541438,1,5,3.0177111802727663,false
dependencymanager/core/src/main/java/org/apache/felix/dm/impl/AspectServiceImpl.java,103.0,11.0,1.0,2.0,9.0,5.0,3.0,marrs@13f79535-47bb-0310-9956-ffa450edef68,1,0.0018181818181818182,7.0,0.0,0.0,0.0,46.0,65.9230656541438,1,6,3.0177111802727663,false
dependencymanager/core/src/main/java/org/apache/felix/dm/impl/ResourceAdapterServiceImpl.java,72.0,9.0,0.0,2.0,14.0,2.0,0.0,pderop@13f79535-47bb-0310-9956-ffa450edef68,0,0.0,0.0,0.0,0.0,0.0,0.0,0.0,0,4,0.0,true
dependencymanager/core/src/main/java/org/apache/felix/dm/impl/dependencies/ResourceDependencyImpl.java,396.0,19.0,986.0,48.0,84.0,118.0,0.0,marrs@13f79535-47bb-0310-9956-ffa450edef68,0,0.0,0.0,0.0,0.0,0.0,0.0,0.0,0,7,0.0,false
dependencymanager/core/src/main/java/org/apache/felix/dm/impl/dependencies/ServiceDependencyImpl.java,886.0,31.0,1567.0,62.0,170.0,221.0,1.0,marrs@13f79535-47bb-0310-9956-ffa450edef68,1,0.0018181818181818182,2.0,2.0,2.0,0.0,46.0,65.9230656541438,1,12,3.0177111802727663,true
dependencymanager/core/src/main/java/org/apache/felix/dm/impl/index/AdapterFilterIndex.java,187.0,19.0,90.0,16.0,49.0,41.0,2.0,uiterlix@13f79535-47bb-0310-9956-ffa450edef68,1,0.0018181818181818182,38.0,0.0,0.0,12.0,46.0,65.9230656541438,1,0,3.0177111802727663,true
dependencymanager/core/src/main/java/org/apache/felix/dm/impl/index/AspectFilterIndex.java,210.0,22.0,90.0,16.0,56.0,41.0,2.0,marrs@13f79535-47bb-0310-9956-ffa450edef68,1,0.0018181818181818182,22.0,11.0,11.0,0.0,46.0,65.9230656541438,1,0,3.0177111802727663,true
dependencymanager/core/src/main/java/org/apache/felix/dm/tracker/ServiceTracker.java,920.0,20.0,80.0,24.0,62.0,93.0,46.0,marrs@13f79535-47bb-0310-9956-ffa450edef68,1,0.0018181818181818182,8.0,8.0,8.0,0.0,46.0,65.9230656541438,1,3,3.0177111802727663,false
dependencymanager/test/src/test/java/org/apache/felix/dm/test/AdapterWithAspectCallbacksTest.java,153.0,17.0,1.0,2.0,22.0,5.0,1.0,pderop@13f79535-47bb-0310-9956-ffa450edef68,1,0.0018181818181818182,50.0,50.0,0.0,0.0,46.0,65.9230656541438,1,0,3.0177111802727663,false
dependencymanager/test/src/test/java/org/apache/felix/dm/test/AdapterWithAspectTest.java,134.0,12.0,1.0,2.0,20.0,5.0,0.0,marrs@13f79535-47bb-0310-9956-ffa450edef68,0,0.0,0.0,0.0,0.0,0.0,0.0,0.0,0,3,0.0,true
dependencymanager/test/src/test/java/org/apache/felix/dm/test/FELIX3186_AspectAdapterTest.java,70.0,12.0,1.0,2.0,21.0,5.0,0.0,pderop@13f79535-47bb-0310-9956-ffa450edef68,0,0.0,0.0,0.0,0.0,0.0,0.0,0.0,0,1,0.0,false
dependencymanager/test/src/test/java/org/apache/felix/dm/test/FELIX3337_UpdatedConfigurationDependencyWithPropagationTest.java,79.0,19.0,1.0,2.0,22.0,4.0,0.0,pderop@13f79535-47bb-0310-9956-ffa450edef68,0,0.0,0.0,0.0,0.0,0.0,0.0,0.0,0,2,0.0,false
deploymentadmin/autoconf/src/main/java/org/apache/felix/deployment/rp/autoconf/Activator.java,13.0,11.0,1.0,2.0,9.0,4.0,9.0,marrs@13f79535-47bb-0310-9956-ffa450edef68,0,0.0,0.0,0.0,0.0,0.0,0.0,0.0,0,3,0.0,false
deploymentadmin/autoconf/src/main/java/org/apache/felix/deployment/rp/autoconf/AutoConfResource.java,70.0,2.0,38.0,12.0,5.0,30.0,0.0,christian@13f79535-47bb-0310-9956-ffa450edef68,0,0.0,0.0,0.0,0.0,0.0,0.0,0.0,0,1,0.0,false
deploymentadmin/autoconf/src/main/java/org/apache/felix/deployment/rp/autoconf/AutoConfResourceProcessor.java,491.0,42.0,21.0,18.0,140.0,80.0,1.0,marrs@13f79535-47bb-0310-9956-ffa450edef68,1,0.0018181818181818182,10.0,0.0,0.0,0.0,66.0,39.59439863220601,1,2,3.6054978451748854,false
deploymentadmin/autoconf/src/main/java/org/apache/felix/deployment/rp/autoconf/PersistencyManager.java,98.0,11.0,0.0,5.0,17.0,18.0,0.0,christian@13f79535-47bb-0310-9956-ffa450edef68,0,0.0,0.0,0.0,0.0,0.0,0.0,0.0,0,2,0.0,false
deploymentadmin/autoconf/src/test/java/org/apache/felix/deployment/rp/autoconf/AutoConfResourceProcessorTest.java,293.0,18.0,325.0,26.0,83.0,78.0,0.0,marrs@13f79535-47bb-0310-9956-ffa450edef68,0,0.0,0.0,0.0,0.0,0.0,0.0,0.0,0,1,0.0,false
deploymentadmin/autoconf/src/test/java/org/apache/felix/deployment/rp/autoconf/DefaultNullObject.java,43.0,2.0,0.0,1.0,2.0,5.0,0.0,marrs@13f79535-47bb-0310-9956-ffa450edef68,0,0.0,0.0,0.0,0.0,0.0,0.0,0.0,0,0,0.0,false
deploymentadmin/autoconf/src/test/java/org/apache/felix/deployment/rp/autoconf/Utils.java,89.0,6.0,15.0,6.0,33.0,27.0,0.0,marrs@13f79535-47bb-0310-9956-ffa450edef68,0,0.0,0.0,0.0,0.0,0.0,0.0,0.0,0,1,0.0,false
deploymentadmin/deploymentadmin/src/main/java/org/apache/felix/deploymentadmin/ExplodingOutputtingInputStream.java,179.0,22.0,41.0,10.0,49.0,34.0,1.0,marrs@13f79535-47bb-0310-9956-ffa450edef68,1,0.0018181818181818182,9.0,0.0,9.0,0.0,66.0,39.59439863220601,1,1,3.6054978451748854,true
deploymentadmin/deploymentadmin/src/main/java/org/apache/felix/deploymentadmin/OutputtingInputStream.java,50.0,3.0,0.0,5.0,7.0,16.0,0.0,marrs@13f79535-47bb-0310-9956-ffa450edef68,0,0.0,0.0,0.0,0.0,0.0,0.0,0.0,0,0,0.0,true
deploymentadmin/deploymentadmin/src/main/java/org/apache/felix/deploymentadmin/spi/ProcessResourceCommand.java,75.0,11.0,0.0,2.0,23.0,8.0,0.0,marrs@13f79535-47bb-0310-9956-ffa450edef68,0,0.0,0.0,0.0,0.0,0.0,0.0,0.0,0,0,0.0,true
deploymentadmin/deploymentadmin/src/test/java/org/apache/felix/deploymentadmin/ExplodingOutputtingInputStreamTest.java,88.0,9.0,1.0,2.0,25.0,8.0,0.0,marrs@13f79535-47bb-0310-9956-ffa450edef68,0,0.0,0.0,0.0,0.0,0.0,0.0,0.0,0,0,0.0,true
eventadmin/impl/src/main/java/org/apache/felix/eventadmin/impl/Configuration.java,242.0,11.0,42.0,12.0,45.0,39.0,0.0,cziegeler@13f79535-47bb-0310-9956-ffa450edef68,0,0.0,0.0,0.0,0.0,0.0,0.0,0.0,0,1,0.0,false
eventadmin/impl/src/main/java/org/apache/felix/eventadmin/impl/MetaTypeProviderImpl.java,119.0,6.0,30.0,9.0,5.0,21.0,0.0,cziegeler@13f79535-47bb-0310-9956-ffa450edef68,0,0.0,0.0,0.0,0.0,0.0,0.0,0.0,0,1,0.0,false
eventadmin/impl/src/main/java/org/apache/felix/eventadmin/impl/adapter/AbstractAdapter.java,21.0,2.0,1.0,3.0,0.0,7.0,0.0,cziegeler@13f79535-47bb-0310-9956-ffa450edef68,0,0.0,0.0,0.0,0.0,0.0,0.0,0.0,0,0,0.0,false
eventadmin/impl/src/main/java/org/apache/felix/eventadmin/impl/handler/EventAdminImpl.java,80.0,4.0,3.0,7.0,13.0,18.0,0.0,cziegeler@13f79535-47bb-0310-9956-ffa450edef68,0,0.0,0.0,0.0,0.0,0.0,0.0,0.0,0,0,0.0,false
eventadmin/impl/src/main/java/org/apache/felix/eventadmin/impl/handler/EventHandlerProxy.java,217.0,4.0,1.0,11.0,31.0,34.0,1.0,cziegeler@13f79535-47bb-0310-9956-ffa450edef68,1,0.0018181818181818182,14.0,0.0,0.0,0.0,0.0,0.0,1,0,5.214935757608986,false
eventadmin/impl/src/main/java/org/apache/felix/eventadmin/impl/handler/EventHandlerTracker.java,284.0,6.0,22.0,9.0,40.0,31.0,0.0,cziegeler@13f79535-47bb-0310-9956-ffa450edef68,0,0.0,0.0,0.0,0.0,0.0,0.0,0.0,0,0,0.0,false
eventadmin/impl/src/main/java/org/apache/felix/eventadmin/impl/security/EventAdminSecurityDecorator.java,72.0,4.0,0.0,7.0,11.0,25.0,0.0,pauls@13f79535-47bb-0310-9956-ffa450edef68,0,0.0,0.0,0.0,0.0,0.0,0.0,0.0,0,0,0.0,false
eventadmin/impl/src/main/java/org/apache/felix/eventadmin/impl/security/PermissionsUtil.java,44.0,2.0,0.0,2.0,0.0,12.0,0.0,cziegeler@13f79535-47bb-0310-9956-ffa450edef68,0,0.0,0.0,0.0,0.0,0.0,0.0,0.0,0,0,0.0,false
eventadmin/impl/src/main/java/org/apache/felix/eventadmin/impl/tasks/AsyncDeliverTasks.java,78.0,2.0,0.0,2.0,5.0,6.0,0.0,cziegeler@13f79535-47bb-0310-9956-ffa450edef68,0,0.0,0.0,0.0,0.0,0.0,0.0,0.0,0,0,0.0,true
eventadmin/impl/src/main/java/org/apache/felix/eventadmin/impl/tasks/DefaultThreadPool.java,62.0,2.0,15.0,6.0,15.0,12.0,0.0,cziegeler@13f79535-47bb-0310-9956-ffa450edef68,0,0.0,0.0,0.0,0.0,0.0,0.0,0.0,0,0,0.0,true
eventadmin/impl/src/main/java/org/apache/felix/eventadmin/impl/tasks/SyncDeliverTasks.java,80.0,5.0,0.0,5.0,15.0,13.0,0.0,cziegeler@13f79535-47bb-0310-9956-ffa450edef68,0,0.0,0.0,0.0,0.0,0.0,0.0,0.0,0,0,0.0,true
examples/extenderbased.circle/src/main/java/org/apache/felix/example/extenderbased/circle/Circle.java,21.0,7.0,0.0,1.0,5.0,2.0,13.0,rickhall@13f79535-47bb-0310-9956-ffa450edef68,1,0.0018181818181818182,50.0,0.0,0.0,0.0,1601.687074829932,58735.77947829493,1,0,2.2192034840549946,false
examples/extenderbased.host/src/main/java/org/apache/felix/example/extenderbased/host/Activator.java,59.0,7.0,0.0,5.0,28.0,11.0,9.0,rickhall@13f79535-47bb-0310-9956-ffa450edef68,1,0.0018181818181818182,50.0,0.0,0.0,0.0,1601.687074829932,58735.77947829493,1,0,2.2192034840549946,false
examples/extenderbased.host/src/main/java/org/apache/felix/example/extenderbased/host/DefaultShape.java,58.0,7.0,1.0,3.0,11.0,8.0,12.0,rickhall@13f79535-47bb-0310-9956-ffa450edef68,1,0.0018181818181818182,50.0,0.0,0.0,0.0,1601.687074829932,58735.77947829493,1,0,2.2192034840549946,false
examples/extenderbased.host/src/main/java/org/apache/felix/example/extenderbased/host/DrawingFrame.java,180.0,18.0,28.0,12.0,48.0,32.0,12.0,rickhall@13f79535-47bb-0310-9956-ffa450edef68,1,0.0018181818181818182,33.0,0.0,0.0,0.0,1601.687074829932,58735.77947829493,1,0,2.2192034840549946,false
examples/extenderbased.host/src/main/java/org/apache/felix/example/extenderbased/host/ShapeBundleTracker.java,82.0,9.0,1.0,7.0,19.0,17.0,7.0,rickhall@13f79535-47bb-0310-9956-ffa450edef68,1,0.0018181818181818182,100.0,0.0,0.0,0.0,1601.687074829932,58735.77947829493,1,0,2.2192034840549946,false
examples/extenderbased.host/src/main/java/org/apache/felix/example/extenderbased/host/ShapeComponent.java,28.0,6.0,0.0,2.0,5.0,5.0,13.0,rickhall@13f79535-47bb-0310-9956-ffa450edef68,1,0.0018181818181818182,50.0,0.0,0.0,0.0,1601.687074829932,58735.77947829493,1,0,2.2192034840549946,false
examples/extenderbased.host/src/main/java/org/apache/felix/example/extenderbased/host/launch/Application.java,55.0,8.0,1.0,3.0,14.0,12.0,7.0,rickhall@13f79535-47bb-0310-9956-ffa450edef68,1,0.0018181818181818182,100.0,0.0,0.0,0.0,1601.687074829932,58735.77947829493,1,0,2.2192034840549946,false
examples/extenderbased.host/src/main/java/org/apache/felix/example/extenderbased/host/launch/ConfigUtil.java,58.0,5.0,10.0,5.0,14.0,12.0,7.0,rickhall@13f79535-47bb-0310-9956-ffa450edef68,1,0.0018181818181818182,100.0,0.0,0.0,0.0,1601.687074829932,58735.77947829493,1,0,2.2192034840549946,false
examples/extenderbased.square/src/main/java/org/apache/felix/example/extenderbased/square/Square.java,21.0,7.0,0.0,1.0,5.0,2.0,13.0,rickhall@13f79535-47bb-0310-9956-ffa450edef68,1,0.0018181818181818182,50.0,0.0,0.0,0.0,1601.687074829932,58735.77947829493,1,0,2.2192034840549946,false
examples/extenderbased.triangle/src/main/java/org/apache/felix/example/extenderbased/triangle/Triangle.java,29.0,7.0,0.0,1.0,8.0,2.0,13.0,rickhall@13f79535-47bb-0310-9956-ffa450edef68,1,0.0018181818181818182,50.0,0.0,0.0,0.0,1601.687074829932,58735.77947829493,1,0,2.2192034840549946,false
examples/servicebased.circle/src/main/java/org/apache/felix/example/servicebased/circle/Activator.java,44.0,12.0,1.0,2.0,5.0,4.0,9.0,rickhall@13f79535-47bb-0310-9956-ffa450edef68,1,0.0018181818181818182,50.0,0.0,0.0,0.0,1601.687074829932,58735.77947829493,1,1,2.2192034840549946,false
examples/servicebased.host/src/main/java/org/apache/felix/example/servicebased/host/Activator.java,59.0,7.0,0.0,5.0,28.0,11.0,9.0,rickhall@13f79535-47bb-0310-9956-ffa450edef68,1,0.0018181818181818182,29.0,14.0,0.0,0.0,1601.687074829932,58735.77947829493,1,2,2.2192034840549946,false
examples/servicebased.host/src/main/java/org/apache/felix/example/servicebased/host/DefaultShape.java,64.0,7.0,0.0,4.0,10.0,10.0,12.0,rickhall@13f79535-47bb-0310-9956-ffa450edef68,1,0.0018181818181818182,50.0,50.0,0.0,0.0,1601.687074829932,58735.77947829493,1,0,2.2192034840549946,false
examples/servicebased.host/src/main/java/org/apache/felix/example/servicebased/host/DrawingFrame.java,180.0,18.0,28.0,12.0,48.0,32.0,12.0,rickhall@13f79535-47bb-0310-9956-ffa450edef68,1,0.0018181818181818182,50.0,25.0,0.0,0.0,1601.687074829932,58735.77947829493,1,1,2.2192034840549946,false
examples/servicebased.host/src/main/java/org/apache/felix/example/servicebased/host/ShapeComponent.java,28.0,6.0,0.0,2.0,5.0,5.0,13.0,rickhall@13f79535-47bb-0310-9956-ffa450edef68,1,0.0018181818181818182,50.0,0.0,0.0,0.0,1601.687074829932,58735.77947829493,1,1,2.2192034840549946,false
examples/servicebased.host/src/main/java/org/apache/felix/example/servicebased/host/ShapeTracker.java,111.0,6.0,0.0,6.0,12.0,20.0,11.0,rickhall@13f79535-47bb-0310-9956-ffa450edef68,1,0.0018181818181818182,50.0,25.0,0.0,0.0,1601.687074829932,58735.77947829493,1,1,2.2192034840549946,false
examples/servicebased.host/src/main/java/org/apache/felix/example/servicebased/host/launch/Application.java,55.0,8.0,1.0,3.0,14.0,12.0,7.0,rickhall@13f79535-47bb-0310-9956-ffa450edef68,1,0.0018181818181818182,100.0,100.0,0.0,0.0,1601.687074829932,58735.77947829493,1,0,2.2192034840549946,false
examples/servicebased.host/src/main/java/org/apache/felix/example/servicebased/host/launch/ConfigUtil.java,58.0,5.0,10.0,5.0,14.0,12.0,7.0,rickhall@13f79535-47bb-0310-9956-ffa450edef68,1,0.0018181818181818182,100.0,100.0,0.0,0.0,1601.687074829932,58735.77947829493,1,0,2.2192034840549946,false
examples/servicebased.square/src/main/java/org/apache/felix/example/servicebased/square/Activator.java,44.0,12.0,1.0,2.0,5.0,4.0,9.0,rickhall@13f79535-47bb-0310-9956-ffa450edef68,1,0.0018181818181818182,50.0,0.0,0.0,0.0,1601.687074829932,58735.77947829493,1,1,2.2192034840549946,false
examples/servicebased.trapezoid/src/main/java/org/apache/felix/example/servicebased/trapezoid/Activator.java,52.0,12.0,1.0,2.0,5.0,4.0,9.0,rickhall@13f79535-47bb-0310-9956-ffa450edef68,1,0.0018181818181818182,50.0,0.0,0.0,0.0,1601.687074829932,58735.77947829493,1,0,2.2192034840549946,false
examples/servicebased.triangle/src/main/java/org/apache/felix/example/servicebased/triangle/Activator.java,52.0,12.0,1.0,2.0,5.0,4.0,9.0,rickhall@13f79535-47bb-0310-9956-ffa450edef68,1,0.0018181818181818182,50.0,0.0,0.0,0.0,1601.687074829932,58735.77947829493,1,1,2.2192034840549946,false
fileinstall/src/main/java/org/apache/felix/fileinstall/internal/ConfigInstaller.java,225.0,11.0,119.0,18.0,80.0,61.0,2.0,gnodet@13f79535-47bb-0310-9956-ffa450edef68,1,0.0018181818181818182,19.0,0.0,4.0,0.0,94.5,117.74733937510413,1,1,1.8137383759468302,true
fileinstall/src/main/java/org/apache/felix/fileinstall/internal/DirectoryWatcher.java,875.0,42.0,453.0,38.0,307.0,160.0,1.0,gnodet@13f79535-47bb-0310-9956-ffa450edef68,1,0.0018181818181818182,15.0,2.0,3.0,3.0,94.5,117.74733937510413,1,6,1.8137383759468302,true
fileinstall/src/main/java/org/apache/felix/fileinstall/internal/FileInstall.java,253.0,29.0,94.0,17.0,70.0,52.0,2.0,gnodet@13f79535-47bb-0310-9956-ffa450edef68,1,0.0018181818181818182,10.0,3.0,0.0,0.0,94.5,117.74733937510413,1,3,1.8137383759468302,true
fileinstall/src/main/java/org/apache/felix/fileinstall/internal/Scanner.java,122.0,9.0,27.0,10.0,32.0,34.0,4.0,gnodet@13f79535-47bb-0310-9956-ffa450edef68,1,0.0018181818181818182,8.0,0.0,0.0,0.0,94.5,117.74733937510413,1,3,1.8137383759468302,true
fileinstall/src/main/java/org/apache/felix/fileinstall/internal/Util.java,226.0,19.0,34.0,9.0,38.0,30.0,8.0,gnodet@13f79535-47bb-0310-9956-ffa450edef68,1,0.0018181818181818182,6.0,0.0,6.0,0.0,94.5,117.74733937510413,1,6,1.8137383759468302,true
fileinstall/src/test/java/org/apache/felix/fileinstall/internal/ConfigInstallerTest.java,127.0,12.0,36.0,13.0,76.0,33.0,2.0,gnodet@13f79535-47bb-0310-9956-ffa450edef68,1,0.0018181818181818182,36.0,0.0,9.0,0.0,94.5,117.74733937510413,1,0,1.8137383759468302,false
fileinstall/src/test/java/org/apache/felix/fileinstall/internal/DirectoryWatcherTest.java,146.0,10.0,0.0,13.0,106.0,31.0,2.0,gnodet@13f79535-47bb-0310-9956-ffa450edef68,1,0.0018181818181818182,23.0,0.0,8.0,0.0,94.5,117.74733937510413,1,0,1.8137383759468302,true
framework/src/main/java/org/apache/felix/framework/BundleWiringImpl.java,1344.0,55.0,677.0,42.0,290.0,176.0,29.0,rickhall@13f79535-47bb-0310-9956-ffa450edef68,2,0.0036363636363636364,6.0,3.0,0.0,3.0,1696.187074829932,58853.526817670034,2,9,1.5555020624091453,true
framework/src/main/java/org/apache/felix/framework/Felix.java,2557.0,52.0,5764.0,120.0,658.0,470.0,6.0,rickhall@13f79535-47bb-0310-9956-ffa450edef68,2,0.0036363636363636364,1.0,0.0,0.0,0.0,1696.187074829932,58853.526817670034,2,64,1.447534279724127,true
framework/src/main/java/org/apache/felix/framework/FrameworkStartLevelImpl.java,172.0,10.0,0.0,11.0,31.0,29.0,0.0,rickhall@13f79535-47bb-0310-9956-ffa450edef68,0,0.0,0.0,0.0,0.0,0.0,0.0,0.0,0,2,0.0,true
framework/src/main/java/org/apache/felix/framework/ResolveContextImpl.java,49.0,13.0,17.0,10.0,7.0,20.0,21.0,rickhall@13f79535-47bb-0310-9956-ffa450edef68,1,0.0018181818181818182,20.0,0.0,0.0,20.0,1601.687074829932,58735.77947829493,1,0,2.2192034840549946,true
framework/src/main/java/org/apache/felix/framework/StatefulResolver.java,721.0,38.0,261.0,30.0,291.0,132.0,16.0,rickhall@13f79535-47bb-0310-9956-ffa450edef68,1,0.0018181818181818182,3.0,0.0,0.0,3.0,1601.687074829932,58735.77947829493,1,3,2.2192034840549946,true
framework/src/main/java/org/apache/felix/framework/resolver/Candidates.java,500.0,23.0,10.0,21.0,139.0,82.0,14.0,rickhall@13f79535-47bb-0310-9956-ffa450edef68,1,0.0018181818181818182,2.0,0.0,0.0,2.0,1601.687074829932,58735.77947829493,1,5,2.2192034840549946,true
framework/src/main/java/org/apache/felix/framework/resolver/HostedCapability.java,4.0,2.0,1.0,2.0,0.0,2.0,21.0,rickhall@13f79535-47bb-0310-9956-ffa450edef68,1,0.0018181818181818182,10.0,0.0,0.0,10.0,1601.687074829932,58735.77947829493,1,1,2.2192034840549946,true
framework/src/main/java/org/apache/felix/framework/resolver/ResolveContext.java,15.0,8.0,21.0,7.0,2.0,10.0,21.0,gnodet@13f79535-47bb-0310-9956-ffa450edef68,1,0.0018181818181818182,50.0,0.0,0.0,50.0,1601.687074829932,58735.77947829493,1,0,2.2192034840549946,false
framework/src/main/java/org/apache/felix/framework/resolver/Resolver.java,4.0,7.0,1.0,2.0,0.0,2.0,21.0,rickhall@13f79535-47bb-0310-9956-ffa450edef68,1,0.0018181818181818182,7.0,0.0,0.0,7.0,1601.687074829932,58735.77947829493,1,2,2.2192034840549946,true
framework/src/main/java/org/apache/felix/framework/resolver/ResolverImpl.java,859.0,25.0,264.0,24.0,265.0,114.0,6.0,rickhall@13f79535-47bb-0310-9956-ffa450edef68,1,0.0018181818181818182,3.0,0.0,1.0,1.0,1601.687074829932,58735.77947829493,1,18,2.2192034840549946,true
framework/src/main/java/org/apache/felix/framework/resolver/ShadowList.java,80.0,5.0,0.0,25.0,23.0,47.0,21.0,gnodet@13f79535-47bb-0310-9956-ffa450edef68,1,0.0018181818181818182,50.0,0.0,0.0,50.0,1601.687074829932,58735.77947829493,1,0,2.2192034840549946,false
framework/src/main/java/org/apache/felix/framework/resolver/SimpleHostedCapability.java,23.0,3.0,0.0,6.0,3.0,11.0,44.0,gnodet@13f79535-47bb-0310-9956-ffa450edef68,1,0.0018181818181818182,67.0,0.0,0.0,67.0,1601.687074829932,58735.77947829493,1,0,2.2192034840549946,false
framework/src/main/java/org/apache/felix/framework/resolver/WrappedCapability.java,58.0,5.0,0.0,10.0,15.0,22.0,44.0,rickhall@13f79535-47bb-0310-9956-ffa450edef68,1,0.0018181818181818182,40.0,0.0,0.0,40.0,1601.687074829932,58735.77947829493,1,0,2.2192034840549946,false
framework/src/main/java/org/apache/felix/framework/resolver/WrappedRequirement.java,55.0,4.0,0.0,11.0,14.0,23.0,21.0,gnodet@13f79535-47bb-0310-9956-ffa450edef68,1,0.0018181818181818182,25.0,0.0,0.0,25.0,1601.687074829932,58735.77947829493,1,0,2.2192034840549946,false
framework/src/main/java/org/apache/felix/framework/resolver/WrappedRevision.java,70.0,11.0,0.0,11.0,12.0,25.0,38.0,gnodet@13f79535-47bb-0310-9956-ffa450edef68,1,0.0018181818181818182,75.0,25.0,0.0,50.0,1601.687074829932,58735.77947829493,1,0,2.2192034840549946,false
framework/src/main/java/org/apache/felix/framework/util/Util.java,404.0,22.0,171.0,19.0,87.0,90.0,8.0,rickhall@13f79535-47bb-0310-9956-ffa450edef68,1,0.0018181818181818182,3.0,0.0,0.0,0.0,1601.687074829932,58735.77947829493,1,5,2.2192034840549946,true
http/jetty/src/main/java/org/apache/felix/http/jetty/internal/JettyConfig.java,298.0,7.0,432.0,32.0,35.0,75.0,0.0,fmeschbe@13f79535-47bb-0310-9956-ffa450edef68,0,0.0,0.0,0.0,0.0,0.0,0.0,0.0,0,0,0.0,true
http/jetty/src/main/java/org/apache/felix/http/jetty/internal/JettyService.java,209.0,21.0,0.0,13.0,94.0,33.0,0.0,fmeschbe@13f79535-47bb-0310-9956-ffa450edef68,0,0.0,0.0,0.0,0.0,0.0,0.0,0.0,0,1,0.0,true
http/whiteboard/src/main/java/org/apache/felix/http/whiteboard/internal/manager/HttpWhiteboardWebConsolePlugin.java,215.0,13.0,151.0,19.0,98.0,48.0,0.0,fmeschbe@13f79535-47bb-0310-9956-ffa450edef68,0,0.0,0.0,0.0,0.0,0.0,0.0,0.0,0,0,0.0,false
httplite/core/src/main/java/org/apache/felix/httplite/osgi/Activator.java,92.0,10.0,13.0,6.0,23.0,17.0,9.0,kgilmer@13f79535-47bb-0310-9956-ffa450edef68,0,0.0,0.0,0.0,0.0,0.0,0.0,0.0,0,1,0.0,false
httplite/core/src/main/java/org/apache/felix/httplite/osgi/DefaultContextImpl.java,32.0,5.0,4.0,4.0,4.0,8.0,0.0,kgilmer@13f79535-47bb-0310-9956-ffa450edef68,0,0.0,0.0,0.0,0.0,0.0,0.0,0.0,0,0,0.0,false
httplite/core/src/main/java/org/apache/felix/httplite/osgi/HttpServiceFactoryImpl.java,89.0,8.0,0.0,5.0,25.0,18.0,0.0,kgilmer@13f79535-47bb-0310-9956-ffa450edef68,0,0.0,0.0,0.0,0.0,0.0,0.0,0.0,0,0,0.0,false
httplite/core/src/main/java/org/apache/felix/httplite/osgi/HttpServiceImpl.java,167.0,17.0,6.0,12.0,40.0,43.0,0.0,kgilmer@13f79535-47bb-0310-9956-ffa450edef68,0,0.0,0.0,0.0,0.0,0.0,0.0,0.0,0,0,0.0,false
httplite/core/src/main/java/org/apache/felix/httplite/osgi/Logger.java,217.0,9.0,106.0,16.0,29.0,43.0,312.0,kgilmer@13f79535-47bb-0310-9956-ffa450edef68,0,0.0,0.0,0.0,0.0,0.0,0.0,0.0,0,0,0.0,false
httplite/core/src/main/java/org/apache/felix/httplite/osgi/ServiceRegistration.java,130.0,6.0,13.0,11.0,0.0,26.0,90.0,kgilmer@13f79535-47bb-0310-9956-ffa450edef68,0,0.0,0.0,0.0,0.0,0.0,0.0,0.0,0,0,0.0,false
httplite/core/src/main/java/org/apache/felix/httplite/osgi/ServiceRegistrationHandler.java,12.0,2.0,0.0,1.0,0.0,3.0,0.0,kgilmer@13f79535-47bb-0310-9956-ffa450edef68,0,0.0,0.0,0.0,0.0,0.0,0.0,0.0,0,0,0.0,false
httplite/core/src/main/java/org/apache/felix/httplite/osgi/ServiceRegistrationResolver.java,32.0,4.0,6.0,4.0,0.0,10.0,0.0,kgilmer@13f79535-47bb-0310-9956-ffa450edef68,0,0.0,0.0,0.0,0.0,0.0,0.0,0.0,0,0,0.0,false
httplite/core/src/main/java/org/apache/felix/httplite/server/Connection.java,157.0,13.0,1.0,3.0,29.0,15.0,0.0,kgilmer@13f79535-47bb-0310-9956-ffa450edef68,0,0.0,0.0,0.0,0.0,0.0,0.0,0.0,0,0,0.0,false
httplite/core/src/main/java/org/apache/felix/httplite/server/ResourceHandler.java,68.0,11.0,0.0,3.0,20.0,14.0,0.0,kgilmer@13f79535-47bb-0310-9956-ffa450edef68,0,0.0,0.0,0.0,0.0,0.0,0.0,0.0,0,0,0.0,false
httplite/core/src/main/java/org/apache/felix/httplite/server/Server.java,228.0,9.0,13.0,11.0,22.0,35.0,0.0,kgilmer@13f79535-47bb-0310-9956-ffa450edef68,0,0.0,0.0,0.0,0.0,0.0,0.0,0.0,0,1,0.0,false
httplite/core/src/main/java/org/apache/felix/httplite/server/ServletHandler.java,42.0,7.0,0.0,2.0,12.0,4.0,0.0,kgilmer@13f79535-47bb-0310-9956-ffa450edef68,0,0.0,0.0,0.0,0.0,0.0,0.0,0.0,0,0,0.0,false
httplite/core/src/main/java/org/apache/felix/httplite/server/ThreadGate.java,22.0,0.0,0.0,2.0,2.0,6.0,0.0,kgilmer@13f79535-47bb-0310-9956-ffa450edef68,0,0.0,0.0,0.0,0.0,0.0,0.0,0.0,0,0,0.0,false
httplite/core/src/main/java/org/apache/felix/httplite/server/ThreadPool.java,163.0,4.0,0.0,8.0,20.0,32.0,0.0,kgilmer@13f79535-47bb-0310-9956-ffa450edef68,0,0.0,0.0,0.0,0.0,0.0,0.0,0.0,0,0,0.0,false
httplite/core/src/main/java/org/apache/felix/httplite/servlet/ConcreteServletInputStream.java,61.0,3.0,0.0,11.0,14.0,30.0,0.0,kgilmer@13f79535-47bb-0310-9956-ffa450edef68,0,0.0,0.0,0.0,0.0,0.0,0.0,0.0,0,0,0.0,false
httplite/core/src/main/java/org/apache/felix/httplite/servlet/HttpConstants.java,117.0,2.0,0.0,0.0,0.0,0.0,0.0,kgilmer@13f79535-47bb-0310-9956-ffa450edef68,0,0.0,0.0,0.0,0.0,0.0,0.0,0.0,0,0,0.0,false
httplite/core/src/main/java/org/apache/felix/httplite/servlet/HttpServletRequestImpl.java,556.0,31.0,1977.0,66.0,121.0,190.0,0.0,kgilmer@13f79535-47bb-0310-9956-ffa450edef68,0,0.0,0.0,0.0,0.0,0.0,0.0,0.0,0,1,0.0,false
httplite/core/src/main/java/org/apache/felix/httplite/servlet/HttpServletResponseImpl.java,439.0,21.0,841.0,47.0,104.0,115.0,0.0,kgilmer@13f79535-47bb-0310-9956-ffa450edef68,0,0.0,0.0,0.0,0.0,0.0,0.0,0.0,0,1,0.0,false
httplite/core/src/main/java/org/apache/felix/httplite/servlet/ServletConfigImpl.java,36.0,4.0,0.0,5.0,3.0,11.0,0.0,kgilmer@13f79535-47bb-0310-9956-ffa450edef68,0,0.0,0.0,0.0,0.0,0.0,0.0,0.0,0,0,0.0,false
httplite/core/src/main/java/org/apache/felix/httplite/servlet/ServletContextImpl.java,126.0,16.0,271.0,26.0,16.0,57.0,0.0,kgilmer@13f79535-47bb-0310-9956-ffa450edef68,0,0.0,0.0,0.0,0.0,0.0,0.0,0.0,0,0,0.0,false
httplite/core/src/main/java/org/apache/felix/httplite/servlet/ServletOutputStreamImpl.java,15.0,3.0,0.0,2.0,1.0,3.0,0.0,kgilmer@13f79535-47bb-0310-9956-ffa450edef68,0,0.0,0.0,0.0,0.0,0.0,0.0,0.0,0,0,0.0,false
httplite/core/src/main/java/org/apache/felix/httplite/servlet/UnimplementedAPIException.java,6.0,0.0,0.0,0.0,0.0,0.0,0.0,kgilmer@13f79535-47bb-0310-9956-ffa450edef68,0,0.0,0.0,0.0,0.0,0.0,0.0,0.0,0,0,0.0,false
httplite/core/src/test/java/org/apache/felix/httplite/osgi/test/AbstractHttpliteTestCase.java,45.0,8.0,6.0,4.0,10.0,14.0,0.0,kgilmer@13f79535-47bb-0310-9956-ffa450edef68,0,0.0,0.0,0.0,0.0,0.0,0.0,0.0,0,0,0.0,false
httplite/core/src/test/java/org/apache/felix/httplite/osgi/test/AbstractPojoSRTestCase.java,21.0,6.0,0.0,2.0,9.0,6.0,0.0,kgilmer@13f79535-47bb-0310-9956-ffa450edef68,0,0.0,0.0,0.0,0.0,0.0,0.0,0.0,0,0,0.0,false
httplite/core/src/test/java/org/apache/felix/httplite/osgi/test/BasicTestingServlet.java,117.0,10.0,73.0,18.0,26.0,37.0,0.0,kgilmer@13f79535-47bb-0310-9956-ffa450edef68,0,0.0,0.0,0.0,0.0,0.0,0.0,0.0,0,0,0.0,false
httplite/core/src/test/java/org/apache/felix/httplite/osgi/test/cases/TestCookies.java,127.0,12.0,3.0,3.0,31.0,8.0,0.0,kgilmer@13f79535-47bb-0310-9956-ffa450edef68,0,0.0,0.0,0.0,0.0,0.0,0.0,0.0,0,0,0.0,false
httplite/core/src/test/java/org/apache/felix/httplite/osgi/test/cases/TestOSGiService.java,75.0,5.0,15.0,6.0,20.0,14.0,0.0,kgilmer@13f79535-47bb-0310-9956-ffa450edef68,0,0.0,0.0,0.0,0.0,0.0,0.0,0.0,0,0,0.0,false
httplite/core/src/test/java/org/apache/felix/httplite/osgi/test/cases/TestParameters.java,56.0,10.0,1.0,2.0,29.0,8.0,0.0,kgilmer@13f79535-47bb-0310-9956-ffa450edef68,0,0.0,0.0,0.0,0.0,0.0,0.0,0.0,0,0,0.0,false
httplite/core/src/test/java/org/apache/felix/httplite/osgi/test/cases/TestQueryString.java,34.0,8.0,0.0,1.0,14.0,4.0,0.0,kgilmer@13f79535-47bb-0310-9956-ffa450edef68,0,0.0,0.0,0.0,0.0,0.0,0.0,0.0,0,0,0.0,false
httplite/core/src/test/java/org/apache/felix/httplite/osgi/test/cases/TestRequestPath.java,23.0,7.0,1.0,2.0,18.0,4.0,0.0,kgilmer@13f79535-47bb-0310-9956-ffa450edef68,0,0.0,0.0,0.0,0.0,0.0,0.0,0.0,0,0,0.0,false
httplite/core/src/test/java/org/apache/felix/httplite/osgi/test/cases/TestResources.java,32.0,5.0,1.0,2.0,18.0,5.0,0.0,kgilmer@13f79535-47bb-0310-9956-ffa450edef68,0,0.0,0.0,0.0,0.0,0.0,0.0,0.0,0,0,0.0,false
httplite/core/src/test/java/org/apache/felix/httplite/osgi/test/cases/TestServletContainer.java,146.0,8.0,28.0,8.0,78.0,21.0,0.0,kgilmer@13f79535-47bb-0310-9956-ffa450edef68,0,0.0,0.0,0.0,0.0,0.0,0.0,0.0,0,0,0.0,false
ipojo/annotations/src/main/java/org/apache/felix/ipojo/handler/temporal/Temporal.java,0.0,0.0,0.0,0.0,0.0,0.0,304.0,clement@13f79535-47bb-0310-9956-ffa450edef68,1,0.0018181818181818182,50.0,0.0,0.0,0.0,5189.3650793650795,107721.3698630137,1,1,1.5260563034950494,false
ipojo/composite/src/main/java/org/apache/felix/ipojo/composite/CompositeFactory.java,122.0,19.0,34.0,9.0,21.0,29.0,307.0,clement@13f79535-47bb-0310-9956-ffa450edef68,1,0.0018181818181818182,20.0,0.0,0.0,0.0,5189.3650793650795,107721.3698630137,1,3,1.5260563034950494,false
ipojo/composite/src/main/java/org/apache/felix/ipojo/composite/CompositeManager.java,340.0,16.0,49.0,23.0,52.0,60.0,456.0,clement@13f79535-47bb-0310-9956-ffa450edef68,1,0.0018181818181818182,17.0,0.0,0.0,0.0,5189.3650793650795,107721.3698630137,1,3,1.5260563034950494,false
ipojo/composite/src/main/java/org/apache/felix/ipojo/composite/instance/InstanceHandler.java,352.0,17.0,15.0,14.0,79.0,58.0,304.0,clement@13f79535-47bb-0310-9956-ffa450edef68,1,0.0018181818181818182,29.0,0.0,14.0,0.0,5189.3650793650795,107721.3698630137,1,3,1.5260563034950494,false
ipojo/core/src/main/java/org/apache/felix/ipojo/ComponentFactory.java,495.0,22.0,176.0,20.0,52.0,68.0,456.0,clement@13f79535-47bb-0310-9956-ffa450edef68,1,0.0018181818181818182,3.0,0.0,0.0,0.0,5189.3650793650795,107721.3698630137,1,23,1.5260563034950494,false
ipojo/core/src/main/java/org/apache/felix/ipojo/IPojoFactory.java,780.0,18.0,424.0,37.0,118.0,114.0,304.0,clement@13f79535-47bb-0310-9956-ffa450edef68,1,0.0018181818181818182,5.0,0.0,0.0,0.0,5189.3650793650795,107721.3698630137,1,17,1.5260563034950494,false
ipojo/manipulator/bnd-ipojo-plugin/src/main/java/org/apache/felix/ipojo/bnd/BndJarResourceStore.java,75.0,16.0,0.0,7.0,27.0,19.0,1.0,clement@13f79535-47bb-0310-9956-ffa450edef68,1,0.0018181818181818182,10.0,0.0,10.0,0.0,5189.3650793650795,107721.3698630137,1,0,1.5260563034950494,false
ipojo/manipulator/bnd-ipojo-plugin/src/main/java/org/apache/felix/ipojo/bnd/PojoizationPlugin.java,76.0,19.0,6.0,5.0,22.0,15.0,1.0,clement@13f79535-47bb-0310-9956-ffa450edef68,1,0.0018181818181818182,14.0,0.0,0.0,0.0,5189.3650793650795,107721.3698630137,1,0,1.5260563034950494,false
ipojo/manipulator/manipulator/src/main/java/org/apache/felix/ipojo/manipulation/Manipulator.java,97.0,10.0,0.0,4.0,19.0,13.0,0.0,clement@13f79535-47bb-0310-9956-ffa450edef68,0,0.0,0.0,0.0,0.0,0.0,0.0,0.0,0,1,0.0,false
ipojo/manipulator/manipulator/src/main/java/org/apache/felix/ipojo/manipulation/MethodCreator.java,825.0,14.0,21.0,19.0,193.0,66.0,5.0,clement@13f79535-47bb-0310-9956-ffa450edef68,1,0.0018181818181818182,20.0,0.0,20.0,10.0,5189.3650793650795,107721.3698630137,1,0,1.5260563034950494,false
ipojo/manipulator/maven-ipojo-plugin/src/main/java/org/apache/felix/ipojo/plugin/ManipulatorMojo.java,204.0,12.0,1.0,3.0,35.0,12.0,1.0,clement@13f79535-47bb-0310-9956-ffa450edef68,1,0.0018181818181818182,33.0,0.0,33.0,0.0,5189.3650793650795,107721.3698630137,1,0,1.5260563034950494,false
ipojo/tests/handler/transaction/src/test/java/org/apache/felix/ipojo/transaction/test/TestAnnotations.java,65.0,29.0,11.0,6.0,33.0,16.0,0.0,clement@13f79535-47bb-0310-9956-ffa450edef68,0,0.0,0.0,0.0,0.0,0.0,0.0,0.0,0,2,0.0,false
ipojo/tests/handler/transaction/src/test/java/org/apache/felix/ipojo/transaction/test/TestInstallation.java,52.0,38.0,4.0,5.0,39.0,12.0,0.0,clement@13f79535-47bb-0310-9956-ffa450edef68,0,0.0,0.0,0.0,0.0,0.0,0.0,0.0,0,2,0.0,false
ipojo/tests/handler/transaction/src/test/java/org/apache/felix/ipojo/transaction/test/TestInvalidation.java,58.0,37.0,9.0,6.0,41.0,14.0,0.0,clement@13f79535-47bb-0310-9956-ffa450edef68,0,0.0,0.0,0.0,0.0,0.0,0.0,0.0,0,2,0.0,false
ipojo/tests/handler/transaction/src/test/java/org/apache/felix/ipojo/transaction/test/TestMandatory.java,261.0,37.0,0.0,17.0,210.0,34.0,0.0,clement@13f79535-47bb-0310-9956-ffa450edef68,0,0.0,0.0,0.0,0.0,0.0,0.0,0.0,0,2,0.0,false
ipojo/tests/handler/transaction/src/test/java/org/apache/felix/ipojo/transaction/test/TestNever.java,90.0,37.0,0.0,9.0,74.0,17.0,0.0,clement@13f79535-47bb-0310-9956-ffa450edef68,0,0.0,0.0,0.0,0.0,0.0,0.0,0.0,0,2,0.0,false
ipojo/tests/handler/transaction/src/test/java/org/apache/felix/ipojo/transaction/test/TestNotSupported.java,271.0,37.0,0.0,17.0,225.0,34.0,0.0,clement@13f79535-47bb-0310-9956-ffa450edef68,0,0.0,0.0,0.0,0.0,0.0,0.0,0.0,0,2,0.0,false
ipojo/tests/handler/transaction/src/test/java/org/apache/felix/ipojo/transaction/test/TestRequires.java,273.0,37.0,0.0,17.0,225.0,34.0,0.0,clement@13f79535-47bb-0310-9956-ffa450edef68,0,0.0,0.0,0.0,0.0,0.0,0.0,0.0,0,2,0.0,false
ipojo/tests/handler/transaction/src/test/java/org/apache/felix/ipojo/transaction/test/TestRequiresNew.java,131.0,37.0,0.0,10.0,100.0,21.0,0.0,clement@13f79535-47bb-0310-9956-ffa450edef68,0,0.0,0.0,0.0,0.0,0.0,0.0,0.0,0,2,0.0,false
ipojo/tests/handler/transaction/src/test/java/org/apache/felix/ipojo/transaction/test/TestSupported.java,274.0,37.0,0.0,17.0,225.0,34.0,0.0,clement@13f79535-47bb-0310-9956-ffa450edef68,0,0.0,0.0,0.0,0.0,0.0,0.0,0.0,0,2,0.0,false
metatype/src/main/java/org/apache/felix/metatype/AD.java,290.0,7.0,291.0,26.0,33.0,54.0,0.0,fmeschbe@13f79535-47bb-0310-9956-ffa450edef68,0,0.0,0.0,0.0,0.0,0.0,0.0,0.0,0,0,0.0,false
metatype/src/main/java/org/apache/felix/metatype/Attribute.java,40.0,0.0,2.0,5.0,5.0,12.0,0.0,null,0,0.0,0.0,0.0,0.0,0.0,0.0,0.0,0,1,0.0,false
metatype/src/main/java/org/apache/felix/metatype/Designate.java,84.0,0.0,54.0,12.0,0.0,18.0,0.0,joes@13f79535-47bb-0310-9956-ffa450edef68,0,0.0,0.0,0.0,0.0,0.0,0.0,0.0,0,0,0.0,false
metatype/src/main/java/org/apache/felix/metatype/DesignateObject.java,25.0,2.0,2.0,4.0,1.0,7.0,0.0,joes@13f79535-47bb-0310-9956-ffa450edef68,0,0.0,0.0,0.0,0.0,0.0,0.0,0.0,0,0,0.0,false
metatype/src/main/java/org/apache/felix/metatype/MetaData.java,45.0,4.0,20.0,8.0,5.0,14.0,0.0,fmeschbe@13f79535-47bb-0310-9956-ffa450edef68,0,0.0,0.0,0.0,0.0,0.0,0.0,0.0,0,1,0.0,false
metatype/src/main/java/org/apache/felix/metatype/MetaDataReader.java,383.0,13.0,4.0,24.0,129.0,99.0,0.0,fmeschbe@13f79535-47bb-0310-9956-ffa450edef68,0,0.0,0.0,0.0,0.0,0.0,0.0,0.0,0,4,0.0,false
metatype/src/main/java/org/apache/felix/metatype/OCD.java,62.0,3.0,54.0,12.0,3.0,20.0,0.0,joes@13f79535-47bb-0310-9956-ffa450edef68,0,0.0,0.0,0.0,0.0,0.0,0.0,0.0,0,1,0.0,false
metatype/src/main/java/org/apache/felix/metatype/OptionalAttributes.java,12.0,2.0,0.0,2.0,1.0,4.0,0.0,marrs@13f79535-47bb-0310-9956-ffa450edef68,0,0.0,0.0,0.0,0.0,0.0,0.0,0.0,0,0,0.0,false
metatype/src/test/java/org/apache/felix/metatype/MetaDataReaderTest.java,128.0,6.0,72.0,13.0,68.0,31.0,0.0,null,0,0.0,0.0,0.0,0.0,0.0,0.0,0.0,0,1,0.0,false
prefs/src/main/java/org/apache/felix/prefs/BackingStoreManager.java,9.0,1.0,0.0,1.0,0.0,2.0,2.0,marrs@13f79535-47bb-0310-9956-ffa450edef68,1,0.0018181818181818182,33.0,0.0,0.0,0.0,66.0,39.59439863220601,1,0,3.6054978451748854,true
prefs/src/main/java/org/apache/felix/prefs/impl/DataFileBackingStoreImpl.java,152.0,5.0,3.0,10.0,41.0,36.0,1.0,cziegeler@13f79535-47bb-0310-9956-ffa450edef68,1,0.0018181818181818182,20.0,20.0,0.0,0.0,66.0,39.59439863220601,1,1,3.6054978451748854,true
prefs/src/main/java/org/apache/felix/prefs/impl/PreferencesManager.java,182.0,7.0,2.0,9.0,38.0,30.0,2.0,cziegeler@13f79535-47bb-0310-9956-ffa450edef68,1,0.0018181818181818182,20.0,0.0,0.0,0.0,66.0,39.59439863220601,1,2,3.6054978451748854,true
scr/src/main/java/org/apache/felix/scr/component/ExtComponentContext.java,11.0,2.0,0.0,1.0,0.0,4.0,15.0,fmeschbe@13f79535-47bb-0310-9956-ffa450edef68,1,0.0018181818181818182,67.0,67.0,0.0,0.0,373.6470588235294,3603.18466013623,1,0,1.8476399276225115,false
scr/src/main/java/org/apache/felix/scr/impl/Activator.java,233.0,13.0,9.0,10.0,59.0,41.0,9.0,fmeschbe@13f79535-47bb-0310-9956-ffa450edef68,1,0.0018181818181818182,2.0,0.0,0.0,0.0,373.6470588235294,3603.18466013623,1,2,1.8476399276225115,false
scr/src/main/java/org/apache/felix/scr/impl/BundleComponentActivator.java,325.0,23.0,148.0,21.0,93.0,75.0,4.0,fmeschbe@13f79535-47bb-0310-9956-ffa450edef68,1,0.0018181818181818182,3.0,0.0,0.0,0.0,373.6470588235294,3603.18466013623,1,4,1.8476399276225115,true
scr/src/main/java/org/apache/felix/scr/impl/config/ConfigurationSupport.java,165.0,16.0,32.0,9.0,49.0,33.0,4.0,djencks@13f79535-47bb-0310-9956-ffa450edef68,1,0.0018181818181818182,3.0,0.0,0.0,0.0,373.6470588235294,3603.18466013623,1,0,1.8476399276225115,false
scr/src/main/java/org/apache/felix/scr/impl/helper/ActivateMethod.java,135.0,5.0,36.0,9.0,25.0,33.0,15.0,fmeschbe@13f79535-47bb-0310-9956-ffa450edef68,1,0.0018181818181818182,12.0,6.0,0.0,0.0,373.6470588235294,3603.18466013623,1,2,1.8476399276225115,false
scr/src/main/java/org/apache/felix/scr/impl/helper/BaseMethod.java,295.0,10.0,125.0,18.0,50.0,59.0,15.0,fmeschbe@13f79535-47bb-0310-9956-ffa450edef68,1,0.0018181818181818182,7.0,4.0,0.0,0.0,373.6470588235294,3603.18466013623,1,5,1.8476399276225115,false
scr/src/main/java/org/apache/felix/scr/impl/manager/AbstractComponentManager.java,724.0,24.0,1581.0,63.0,147.0,155.0,10.0,djencks@13f79535-47bb-0310-9956-ffa450edef68,1,0.0018181818181818182,3.0,1.0,0.0,0.0,373.6470588235294,3603.18466013623,1,3,1.8476399276225115,true
scr/src/main/java/org/apache/felix/scr/impl/manager/ComponentContextImpl.java,58.0,9.0,15.0,15.0,21.0,26.0,13.0,djencks@13f79535-47bb-0310-9956-ffa450edef68,1,0.0018181818181818182,11.0,7.0,0.0,0.0,373.6470588235294,3603.18466013623,1,0,1.8476399276225115,false
scr/src/main/java/org/apache/felix/scr/impl/manager/ComponentFactoryImpl.java,235.0,19.0,146.0,21.0,63.0,54.0,11.0,djencks@13f79535-47bb-0310-9956-ffa450edef68,1,0.0018181818181818182,5.0,3.0,0.0,0.0,373.6470588235294,3603.18466013623,1,3,1.8476399276225115,false
scr/src/main/java/org/apache/felix/scr/impl/manager/DependencyManager.java,620.0,24.0,425.0,50.0,185.0,164.0,7.0,djencks@13f79535-47bb-0310-9956-ffa450edef68,1,0.0018181818181818182,4.0,1.0,0.0,0.0,373.6470588235294,3603.18466013623,1,6,1.8476399276225115,true
scr/src/main/java/org/apache/felix/scr/impl/manager/ImmediateComponentManager.java,253.0,16.0,116.0,20.0,76.0,55.0,10.0,djencks@13f79535-47bb-0310-9956-ffa450edef68,1,0.0018181818181818182,4.0,2.0,0.0,0.0,373.6470588235294,3603.18466013623,1,4,1.8476399276225115,false
scr/src/main/java/org/apache/felix/scr/impl/manager/ServiceFactoryComponentManager.java,75.0,11.0,26.0,8.0,14.0,18.0,0.0,djencks@13f79535-47bb-0310-9956-ffa450edef68,0,0.0,0.0,0.0,0.0,0.0,0.0,0.0,0,0,0.0,false
scr/src/main/java/org/apache/felix/scr/impl/metadata/ReferenceMetadata.java,233.0,4.0,106.0,21.0,13.0,69.0,8.0,cziegeler@13f79535-47bb-0310-9956-ffa450edef68,1,0.0018181818181818182,7.0,7.0,0.0,0.0,373.6470588235294,3603.18466013623,1,1,1.8476399276225115,true
scr/src/test/java/org/apache/felix/scr/impl/helper/ActivateMethodTest.java,170.0,13.0,76.0,20.0,49.0,45.0,20.0,fmeschbe@13f79535-47bb-0310-9956-ffa450edef68,1,0.0018181818181818182,6.0,6.0,0.0,0.0,373.6470588235294,3603.18466013623,1,1,1.8476399276225115,false
scr/src/test/java/org/apache/felix/scr/impl/metadata/instances/BaseObject.java,44.0,3.0,64.0,12.0,10.0,13.0,0.0,fmeschbe@13f79535-47bb-0310-9956-ffa450edef68,0,0.0,0.0,0.0,0.0,0.0,0.0,0.0,0,1,0.0,false
scr/src/test/java/org/apache/felix/scr/impl/metadata/instances2/Level2Object.java,20.0,3.0,15.0,6.0,6.0,6.0,0.0,fmeschbe@13f79535-47bb-0310-9956-ffa450edef68,0,0.0,0.0,0.0,0.0,0.0,0.0,0.0,0,1,0.0,false
scr/src/test/java/org/apache/felix/scr/integration/ComponentFactoryTest.java,419.0,18.0,0.0,6.0,145.0,23.0,4.0,djencks@13f79535-47bb-0310-9956-ffa450edef68,1,0.0018181818181818182,4.0,0.0,0.0,0.0,373.6470588235294,3603.18466013623,1,2,1.8476399276225115,true
scr/src/test/java/org/apache/felix/scr/integration/ComponentTestBase.java,174.0,32.0,108.0,17.0,70.0,55.0,7.0,djencks@13f79535-47bb-0310-9956-ffa450edef68,1,0.0018181818181818182,4.0,4.0,0.0,0.0,373.6470588235294,3603.18466013623,1,2,1.8476399276225115,true
scr/src/test/java/org/apache/felix/scr/integration/MutablePropertiesTest.java,32.0,11.0,1.0,2.0,16.0,2.0,13.0,fmeschbe@13f79535-47bb-0310-9956-ffa450edef68,1,0.0018181818181818182,43.0,29.0,0.0,0.0,373.6470588235294,3603.18466013623,1,0,1.8476399276225115,true
scr/src/test/java/org/apache/felix/scr/integration/components/MutatingService.java,3.0,1.0,0.0,1.0,0.0,1.0,11.0,fmeschbe@13f79535-47bb-0310-9956-ffa450edef68,1,0.0018181818181818182,100.0,100.0,0.0,0.0,373.6470588235294,3603.18466013623,1,0,1.8476399276225115,false
scr/src/test/java/org/apache/felix/scr/integration/components/MutatingServiceImpl.java,11.0,3.0,0.0,3.0,1.0,4.0,13.0,fmeschbe@13f79535-47bb-0310-9956-ffa450edef68,1,0.0018181818181818182,75.0,50.0,0.0,0.0,373.6470588235294,3603.18466013623,1,0,1.8476399276225115,false
scr/src/test/java/org/apache/felix/scr/integration/components/SimpleServiceImpl.java,64.0,4.0,21.0,11.0,17.0,25.0,4.0,fmeschbe@13f79535-47bb-0310-9956-ffa450edef68,1,0.0018181818181818182,17.0,0.0,0.0,0.0,373.6470588235294,3603.18466013623,1,1,1.8476399276225115,false
webconsole-plugins/gogo/src/main/java/org/apache/felix/webconsole/plugins/gogo/impl/Activator.java,15.0,3.0,0.0,2.0,4.0,5.0,9.0,fmeschbe@13f79535-47bb-0310-9956-ffa450edef68,0,0.0,0.0,0.0,0.0,0.0,0.0,0.0,0,0,0.0,false
webconsole-plugins/gogo/src/main/java/org/apache/felix/webconsole/plugins/gogo/impl/AggregateCompleter.java,18.0,5.0,1.0,2.0,0.0,2.0,0.0,fmeschbe@13f79535-47bb-0310-9956-ffa450edef68,0,0.0,0.0,0.0,0.0,0.0,0.0,0.0,0,0,0.0,false
webconsole-plugins/gogo/src/main/java/org/apache/felix/webconsole/plugins/gogo/impl/CloseShellException.java,2.0,0.0,0.0,0.0,0.0,0.0,0.0,fmeschbe@13f79535-47bb-0310-9956-ffa450edef68,0,0.0,0.0,0.0,0.0,0.0,0.0,0.0,0,0,0.0,false
webconsole-plugins/gogo/src/main/java/org/apache/felix/webconsole/plugins/gogo/impl/CommandSessionHolder.java,12.0,1.0,0.0,3.0,3.0,4.0,0.0,fmeschbe@13f79535-47bb-0310-9956-ffa450edef68,0,0.0,0.0,0.0,0.0,0.0,0.0,0.0,0,0,0.0,false
webconsole-plugins/gogo/src/main/java/org/apache/felix/webconsole/plugins/gogo/impl/CommandsCompleter.java,40.0,6.0,0.0,4.0,12.0,11.0,0.0,fmeschbe@13f79535-47bb-0310-9956-ffa450edef68,0,0.0,0.0,0.0,0.0,0.0,0.0,0.0,0,0,0.0,false
webconsole-plugins/gogo/src/main/java/org/apache/felix/webconsole/plugins/gogo/impl/Console.java,354.0,25.0,10.0,13.0,82.0,41.0,0.0,fmeschbe@13f79535-47bb-0310-9956-ffa450edef68,0,0.0,0.0,0.0,0.0,0.0,0.0,0.0,0,0,0.0,false
webconsole-plugins/gogo/src/main/java/org/apache/felix/webconsole/plugins/gogo/impl/GogoPlugin.java,163.0,16.0,19.0,7.0,28.0,18.0,0.0,fmeschbe@13f79535-47bb-0310-9956-ffa450edef68,0,0.0,0.0,0.0,0.0,0.0,0.0,0.0,0,0,0.0,false
webconsole-plugins/gogo/src/main/java/org/apache/felix/webconsole/plugins/gogo/impl/NameScoping.java,43.0,1.0,3.0,3.0,10.0,10.0,0.0,fmeschbe@13f79535-47bb-0310-9956-ffa450edef68,0,0.0,0.0,0.0,0.0,0.0,0.0,0.0,0,0,0.0,false
webconsole-plugins/gogo/src/main/java/org/apache/felix/webconsole/plugins/gogo/impl/Parser.java,327.0,2.0,2.0,20.0,76.0,82.0,0.0,fmeschbe@13f79535-47bb-0310-9956-ffa450edef68,0,0.0,0.0,0.0,0.0,0.0,0.0,0.0,0,0,0.0,false
webconsole-plugins/gogo/src/main/java/org/apache/felix/webconsole/plugins/gogo/impl/StringsCompleter.java,28.0,6.0,4.0,8.0,2.0,12.0,0.0,fmeschbe@13f79535-47bb-0310-9956-ffa450edef68,0,0.0,0.0,0.0,0.0,0.0,0.0,0.0,0,0,0.0,false
webconsole-plugins/gogo/src/main/java/org/apache/felix/webconsole/plugins/gogo/impl/Terminal.java,1613.0,7.0,6049.0,123.0,302.0,234.0,0.0,fmeschbe@13f79535-47bb-0310-9956-ffa450edef68,0,0.0,0.0,0.0,0.0,0.0,0.0,0.0,0,0,0.0,false
webconsole-plugins/gogo/src/main/java/org/apache/felix/webconsole/plugins/gogo/impl/WebTerminal.java,19.0,1.0,6.0,5.0,0.0,9.0,0.0,fmeschbe@13f79535-47bb-0310-9956-ffa450edef68,0,0.0,0.0,0.0,0.0,0.0,0.0,0.0,0,0,0.0,false
webconsole-plugins/upnp/src/main/java/org/apache/felix/webconsole/plugins/upnp/internal/Activator.java,63.0,9.0,0.0,5.0,10.0,13.0,9.0,vvalchev@13f79535-47bb-0310-9956-ffa450edef68,1,0.0018181818181818182,50.0,0.0,50.0,17.0,348.1904761904762,700.0190725774104,1,0,1.5773495978825998,true
webconsole-plugins/upnp/src/main/java/org/apache/felix/webconsole/plugins/upnp/internal/ConfigurationPrinterImpl.java,122.0,13.0,15.0,7.0,40.0,22.0,2.0,vvalchev@13f79535-47bb-0310-9956-ffa450edef68,1,0.0018181818181818182,100.0,0.0,100.0,0.0,348.1904761904762,700.0190725774104,1,0,1.5773495978825998,false
webconsole-plugins/upnp/src/main/java/org/apache/felix/webconsole/plugins/upnp/internal/ControlServlet.java,308.0,28.0,121.0,18.0,126.0,79.0,1.0,vvalchev@13f79535-47bb-0310-9956-ffa450edef68,1,0.0018181818181818182,25.0,0.0,25.0,0.0,348.1904761904762,700.0190725774104,1,0,1.5773495978825998,true
webconsole-plugins/upnp/src/main/java/org/apache/felix/webconsole/plugins/upnp/internal/WebConsolePlugin.java,65.0,7.0,0.0,6.0,8.0,14.0,7.0,vvalchev@13f79535-47bb-0310-9956-ffa450edef68,1,0.0018181818181818182,25.0,0.0,25.0,0.0,348.1904761904762,700.0190725774104,1,0,1.5773495978825998,true
webconsole/src/main/java/org/apache/felix/webconsole/AbstractWebConsolePlugin.java,498.0,13.0,439.0,31.0,117.0,112.0,1.0,fmeschbe@13f79535-47bb-0310-9956-ffa450edef68,1,0.0018181818181818182,2.0,0.0,2.0,0.0,348.1904761904762,700.0190725774104,1,16,1.5773495978825998,false
webconsole/src/main/java/org/apache/felix/webconsole/DefaultVariableResolver.java,49.0,2.0,10.0,5.0,2.0,8.0,0.0,fmeschbe@13f79535-47bb-0310-9956-ffa450edef68,0,0.0,0.0,0.0,0.0,0.0,0.0,0.0,0,2,0.0,false
webconsole/src/main/java/org/apache/felix/webconsole/SimpleWebConsolePlugin.java,110.0,8.0,20.0,9.0,21.0,23.0,0.0,fmeschbe@13f79535-47bb-0310-9956-ffa450edef68,0,0.0,0.0,0.0,0.0,0.0,0.0,0.0,0,2,0.0,false
webconsole/src/main/java/org/apache/felix/webconsole/WebConsoleUtil.java,240.0,18.0,55.0,11.0,52.0,45.0,0.0,fmeschbe@13f79535-47bb-0310-9956-ffa450edef68,0,0.0,0.0,0.0,0.0,0.0,0.0,0.0,0,5,0.0,false
webconsole/src/main/java/org/apache/felix/webconsole/internal/Util.java,147.0,8.0,10.0,5.0,19.0,18.0,8.0,fmeschbe@13f79535-47bb-0310-9956-ffa450edef68,0,0.0,0.0,0.0,0.0,0.0,0.0,0.0,0,3,0.0,false
webconsole/src/main/java/org/apache/felix/webconsole/internal/WebConsolePluginAdapter.java,137.0,8.0,21.0,11.0,28.0,32.0,0.0,fmeschbe@13f79535-47bb-0310-9956-ffa450edef68,0,0.0,0.0,0.0,0.0,0.0,0.0,0.0,0,5,0.0,false
webconsole/src/main/java/org/apache/felix/webconsole/internal/compendium/ConfigManager.java,836.0,41.0,242.0,24.0,251.0,122.0,1.0,fmeschbe@13f79535-47bb-0310-9956-ffa450edef68,1,0.0018181818181818182,2.0,0.0,2.0,0.0,348.1904761904762,700.0190725774104,1,15,1.5773495978825998,false
webconsole/src/main/java/org/apache/felix/webconsole/internal/compendium/ConfigManagerBase.java,176.0,13.0,91.0,14.0,36.0,48.0,0.0,fmeschbe@13f79535-47bb-0310-9956-ffa450edef68,0,0.0,0.0,0.0,0.0,0.0,0.0,0.0,0,4,0.0,false
webconsole/src/main/java/org/apache/felix/webconsole/internal/compendium/ConfigurationAdminConfigurationPrinter.java,77.0,15.0,3.0,3.0,32.0,11.0,6.0,fmeschbe@13f79535-47bb-0310-9956-ffa450edef68,1,0.0018181818181818182,14.0,0.0,14.0,0.0,348.1904761904762,700.0190725774104,1,2,1.5773495978825998,false
webconsole/src/main/java/org/apache/felix/webconsole/internal/compendium/LogServlet.java,148.0,19.0,43.0,10.0,60.0,29.0,0.0,fmeschbe@13f79535-47bb-0310-9956-ffa450edef68,0,0.0,0.0,0.0,0.0,0.0,0.0,0.0,0,6,0.0,false
webconsole/src/main/java/org/apache/felix/webconsole/internal/compendium/PreferencesConfigurationPrinter.java,53.0,7.0,3.0,3.0,18.0,14.0,6.0,vvalchev@13f79535-47bb-0310-9956-ffa450edef68,1,0.0018181818181818182,33.0,0.0,33.0,0.0,348.1904761904762,700.0190725774104,1,0,1.5773495978825998,false
webconsole/src/main/java/org/apache/felix/webconsole/internal/compendium/WireAdminConfigurationPrinter.java,137.0,10.0,6.0,4.0,29.0,13.0,6.0,vvalchev@13f79535-47bb-0310-9956-ffa450edef68,1,0.0018181818181818182,17.0,0.0,17.0,0.0,348.1904761904762,700.0190725774104,1,4,1.5773495978825998,false
webconsole/src/main/java/org/apache/felix/webconsole/internal/core/BundlesConfigurationPrinter.java,128.0,7.0,22.0,8.0,30.0,22.0,6.0,fmeschbe@13f79535-47bb-0310-9956-ffa450edef68,1,0.0018181818181818182,20.0,0.0,20.0,0.0,348.1904761904762,700.0190725774104,1,2,1.5773495978825998,false
webconsole/src/main/java/org/apache/felix/webconsole/internal/core/BundlesServlet.java,1022.0,23.0,1366.0,53.0,317.0,182.0,0.0,cziegeler@13f79535-47bb-0310-9956-ffa450edef68,0,0.0,0.0,0.0,0.0,0.0,0.0,0.0,0,14,0.0,false
webconsole/src/main/java/org/apache/felix/webconsole/internal/core/PermissionsConfigurationPrinter.java,106.0,11.0,6.0,4.0,23.0,15.0,0.0,vvalchev@13f79535-47bb-0310-9956-ffa450edef68,0,0.0,0.0,0.0,0.0,0.0,0.0,0.0,0,5,0.0,false
webconsole/src/main/java/org/apache/felix/webconsole/internal/core/ServicesServlet.java,217.0,20.0,103.0,15.0,77.0,47.0,6.0,fmeschbe@13f79535-47bb-0310-9956-ffa450edef68,1,0.0018181818181818182,5.0,0.0,5.0,0.0,348.1904761904762,700.0190725774104,1,6,1.5773495978825998,false
webconsole/src/main/java/org/apache/felix/webconsole/internal/i18n/CombinedEnumeration.java,46.0,4.0,0.0,4.0,7.0,12.0,0.0,fmeschbe@13f79535-47bb-0310-9956-ffa450edef68,0,0.0,0.0,0.0,0.0,0.0,0.0,0.0,0,3,0.0,false
webconsole/src/main/java/org/apache/felix/webconsole/internal/i18n/CombinedResourceBundle.java,29.0,4.0,0.0,4.0,2.0,8.0,0.0,fmeschbe@13f79535-47bb-0310-9956-ffa450edef68,0,0.0,0.0,0.0,0.0,0.0,0.0,0.0,0,3,0.0,false
webconsole/src/main/java/org/apache/felix/webconsole/internal/i18n/ConsolePropertyResourceBundle.java,25.0,7.0,0.0,3.0,7.0,7.0,0.0,fmeschbe@13f79535-47bb-0310-9956-ffa450edef68,0,0.0,0.0,0.0,0.0,0.0,0.0,0.0,0,3,0.0,false
webconsole/src/main/java/org/apache/felix/webconsole/internal/i18n/ResourceBundleCache.java,89.0,8.0,3.0,6.0,26.0,17.0,0.0,fmeschbe@13f79535-47bb-0310-9956-ffa450edef68,0,0.0,0.0,0.0,0.0,0.0,0.0,0.0,0,6,0.0,false
webconsole/src/main/java/org/apache/felix/webconsole/internal/i18n/ResourceBundleManager.java,58.0,8.0,0.0,4.0,13.0,7.0,0.0,fmeschbe@13f79535-47bb-0310-9956-ffa450edef68,0,0.0,0.0,0.0,0.0,0.0,0.0,0.0,0,3,0.0,false
webconsole/src/main/java/org/apache/felix/webconsole/internal/misc/ConfigurationPrinterAdapter.java,181.0,7.0,4.0,9.0,18.0,30.0,0.0,fmeschbe@13f79535-47bb-0310-9956-ffa450edef68,0,0.0,0.0,0.0,0.0,0.0,0.0,0.0,0,2,0.0,false
webconsole/src/main/java/org/apache/felix/webconsole/internal/misc/ConfigurationRender.java,385.0,16.0,74.0,13.0,88.0,42.0,0.0,fmeschbe@13f79535-47bb-0310-9956-ffa450edef68,0,0.0,0.0,0.0,0.0,0.0,0.0,0.0,0,10,0.0,false
webconsole/src/main/java/org/apache/felix/webconsole/internal/misc/LicenseServlet.java,228.0,22.0,26.0,8.0,63.0,35.0,0.0,fmeschbe@13f79535-47bb-0310-9956-ffa450edef68,0,0.0,0.0,0.0,0.0,0.0,0.0,0.0,0,6,0.0,false
webconsole/src/main/java/org/apache/felix/webconsole/internal/misc/SystemPropertiesPrinter.java,15.0,6.0,1.0,2.0,7.0,4.0,0.0,fmeschbe@13f79535-47bb-0310-9956-ffa450edef68,0,0.0,0.0,0.0,0.0,0.0,0.0,0.0,0,2,0.0,false
webconsole/src/main/java/org/apache/felix/webconsole/internal/misc/ThreadPrinter.java,103.0,5.0,10.0,5.0,45.0,14.0,3.0,vvalchev@13f79535-47bb-0310-9956-ffa450edef68,1,0.0018181818181818182,50.0,0.0,50.0,0.0,348.1904761904762,700.0190725774104,1,2,1.5773495978825998,false
webconsole/src/main/java/org/apache/felix/webconsole/internal/servlet/ConfigurationSupport.java,133.0,12.0,31.0,10.0,22.0,22.0,4.0,fmeschbe@13f79535-47bb-0310-9956-ffa450edef68,0,0.0,0.0,0.0,0.0,0.0,0.0,0.0,0,1,0.0,false
webconsole/src/main/java/org/apache/felix/webconsole/internal/servlet/ConfigurationUtil.java,116.0,5.0,15.0,6.0,23.0,21.0,0.0,fmeschbe@13f79535-47bb-0310-9956-ffa450edef68,0,0.0,0.0,0.0,0.0,0.0,0.0,0.0,0,2,0.0,false
webconsole/src/main/java/org/apache/felix/webconsole/internal/servlet/OsgiManager.java,544.0,50.0,247.0,27.0,147.0,89.0,1.0,fmeschbe@13f79535-47bb-0310-9956-ffa450edef68,1,0.0018181818181818182,1.0,0.0,1.0,0.0,348.1904761904762,700.0190725774104,1,19,1.5773495978825998,false
webconsole/src/main/java/org/apache/felix/webconsole/internal/servlet/PluginHolder.java,443.0,23.0,130.0,20.0,44.0,50.0,0.0,fmeschbe@13f79535-47bb-0310-9956-ffa450edef68,0,0.0,0.0,0.0,0.0,0.0,0.0,0.0,0,4,0.0,false
webconsole/src/main/java/org/apache/felix/webconsole/internal/system/VMStatPlugin.java,152.0,16.0,17.0,7.0,46.0,27.0,0.0,fmeschbe@13f79535-47bb-0310-9956-ffa450edef68,0,0.0,0.0,0.0,0.0,0.0,0.0,0.0,0,4,0.0,false
webconsole/src/test/java/org/apache/felix/webconsole/AbstractWebConsolePluginTest.java,87.0,5.0,0.0,5.0,16.0,11.0,0.0,fmeschbe@13f79535-47bb-0310-9956-ffa450edef68,0,0.0,0.0,0.0,0.0,0.0,0.0,0.0,0,2,0.0,false
