name,LOC,CBO,LCOM,NOM,RFC,WMC,ACS,Ownership,numOfChanges,numberOfFIChanges,ENH,NF,BugFixing,REF,structuralWorkloadSum,semanticWorkloadSum,numberOfDeveloper,pastFaults,MAF,isBuggy
bundleplugin/src/main/java/aQute/bnd/build/ProjectBuilder.java,134.0,7.0,6.0,13.0,40.0,42.0,14.0,mcculls@13f79535-47bb-0310-9956-ffa450edef68,1,0.0016181229773462784,9.0,0.0,0.0,0.0,57.5,272.9210628636169,1,0,4.087655574071304,false
bundleplugin/src/main/java/aQute/bnd/build/WorkspaceRepository.java,144.0,8.0,49.0,14.0,48.0,50.0,0.0,mcculls@13f79535-47bb-0310-9956-ffa450edef68,0,0.0,0.0,0.0,0.0,0.0,0.0,0.0,0,0,0.0,false
bundleplugin/src/main/java/aQute/bnd/build/model/BndEditModel.java,563.0,13.0,4248.0,101.0,195.0,184.0,0.0,mcculls@13f79535-47bb-0310-9956-ffa450edef68,0,0.0,0.0,0.0,0.0,0.0,0.0,0.0,0,0,0.0,false
bundleplugin/src/main/java/aQute/bnd/differ/Baseline.java,218.0,10.0,145.0,19.0,52.0,59.0,0.0,mcculls@13f79535-47bb-0310-9956-ffa450edef68,0,0.0,0.0,0.0,0.0,0.0,0.0,0.0,0,0,0.0,false
bundleplugin/src/main/java/aQute/bnd/differ/DiffPluginImpl.java,144.0,12.0,21.0,7.0,38.0,28.0,2.0,mcculls@13f79535-47bb-0310-9956-ffa450edef68,1,0.0016181229773462784,14.0,0.0,0.0,0.0,57.5,272.9210628636169,1,0,4.087655574071304,false
bundleplugin/src/main/java/aQute/bnd/help/Syntax.java,45.0,3.0,7.0,7.0,0.0,13.0,14.0,mcculls@13f79535-47bb-0310-9956-ffa450edef68,1,0.0016181229773462784,9.0,0.0,0.0,0.0,57.5,272.9210628636169,1,0,4.087655574071304,false
bundleplugin/src/main/java/aQute/bnd/osgi/Analyzer.java,1739.0,27.0,5121.0,107.0,751.0,387.0,14.0,mcculls@13f79535-47bb-0310-9956-ffa450edef68,1,0.0016181229773462784,9.0,0.0,0.0,0.0,57.5,272.9210628636169,1,2,4.087655574071304,false
bundleplugin/src/main/java/aQute/bnd/osgi/Builder.java,1078.0,19.0,1582.0,57.0,473.0,233.0,0.0,mcculls@13f79535-47bb-0310-9956-ffa450edef68,0,0.0,0.0,0.0,0.0,0.0,0.0,0.0,0,1,0.0,false
bundleplugin/src/main/java/aQute/bnd/osgi/Clazz.java,1177.0,10.0,2085.0,74.0,199.0,242.0,3.0,mcculls@13f79535-47bb-0310-9956-ffa450edef68,1,0.0016181229773462784,14.0,0.0,14.0,0.0,57.5,272.9210628636169,1,1,4.087655574071304,false
bundleplugin/src/main/java/aQute/bnd/osgi/Domain.java,258.0,9.0,1939.0,63.0,123.0,125.0,14.0,mcculls@13f79535-47bb-0310-9956-ffa450edef68,1,0.0016181229773462784,17.0,0.0,0.0,0.0,57.5,272.9210628636169,1,0,4.087655574071304,false
bundleplugin/src/main/java/aQute/bnd/osgi/Macro.java,743.0,9.0,763.0,50.0,235.0,194.0,14.0,mcculls@13f79535-47bb-0310-9956-ffa450edef68,1,0.0016181229773462784,11.0,0.0,0.0,0.0,57.5,272.9210628636169,1,2,4.087655574071304,false
bundleplugin/src/main/java/aQute/bnd/osgi/Verifier.java,581.0,12.0,519.0,38.0,235.0,146.0,14.0,mcculls@13f79535-47bb-0310-9956-ffa450edef68,1,0.0016181229773462784,14.0,0.0,0.0,0.0,57.5,272.9210628636169,1,0,4.087655574071304,false
bundleplugin/src/main/java/aQute/bnd/osgi/resource/CapReqBuilder.java,62.0,5.0,26.0,13.0,18.0,33.0,14.0,mcculls@13f79535-47bb-0310-9956-ffa450edef68,1,0.0016181229773462784,33.0,0.0,0.0,0.0,57.5,272.9210628636169,1,0,4.087655574071304,false
bundleplugin/src/main/java/aQute/bnd/service/RepositoryPlugin.java,101.0,4.0,21.0,7.0,0.0,23.0,0.0,mcculls@13f79535-47bb-0310-9956-ffa450edef68,0,0.0,0.0,0.0,0.0,0.0,0.0,0.0,0,0,0.0,false
bundleplugin/src/main/java/aQute/bnd/version/Version.java,117.0,1.0,0.0,17.0,12.0,43.0,14.0,mcculls@13f79535-47bb-0310-9956-ffa450edef68,1,0.0016181229773462784,25.0,0.0,0.0,0.0,57.5,272.9210628636169,1,0,4.087655574071304,false
bundleplugin/src/main/java/aQute/lib/converter/Converter.java,190.0,5.0,169.0,19.0,80.0,73.0,0.0,mcculls@13f79535-47bb-0310-9956-ffa450edef68,0,0.0,0.0,0.0,0.0,0.0,0.0,0.0,0,0,0.0,false
bundleplugin/src/main/java/aQute/lib/deployer/FileRepo.java,487.0,15.0,148.0,36.0,130.0,112.0,3.0,mcculls@13f79535-47bb-0310-9956-ffa450edef68,1,0.0016181229773462784,6.0,0.0,6.0,0.0,57.5,272.9210628636169,1,0,4.087655574071304,false
bundleplugin/src/main/java/aQute/lib/getopt/CommandLine.java,311.0,9.0,77.0,14.0,119.0,61.0,3.0,mcculls@13f79535-47bb-0310-9956-ffa450edef68,1,0.0016181229773462784,14.0,0.0,14.0,0.0,57.5,272.9210628636169,1,0,4.087655574071304,false
bundleplugin/src/main/java/aQute/lib/io/IO.java,396.0,5.0,1538.0,56.0,113.0,167.0,14.0,mcculls@13f79535-47bb-0310-9956-ffa450edef68,1,0.0016181229773462784,11.0,0.0,0.0,0.0,57.5,272.9210628636169,1,0,4.087655574071304,false
bundleplugin/src/main/java/aQute/libg/command/Command.java,248.0,7.0,209.0,23.0,66.0,55.0,2.0,mcculls@13f79535-47bb-0310-9956-ffa450edef68,1,0.0016181229773462784,9.0,0.0,0.0,0.0,57.5,272.9210628636169,1,0,4.087655574071304,false
bundleplugin/src/main/java/aQute/libg/tuple/Pair.java,44.0,1.0,0.0,8.0,3.0,17.0,14.0,mcculls@13f79535-47bb-0310-9956-ffa450edef68,1,0.0016181229773462784,14.0,0.0,0.0,0.0,57.5,272.9210628636169,1,0,4.087655574071304,false
bundleplugin/src/main/java/org/apache/felix/bundleplugin/BlueprintPlugin.java,248.0,27.0,9.0,6.0,74.0,30.0,1.0,gnodet@13f79535-47bb-0310-9956-ffa450edef68,1,0.0016181229773462784,6.0,0.0,6.0,0.0,57.5,272.9210628636169,1,1,4.087655574071304,false
bundlerepository/src/main/java/org/apache/felix/bundlerepository/impl/LocalRepositoryImpl.java,77.0,11.0,19.0,11.0,29.0,25.0,1.0,gnodet@13f79535-47bb-0310-9956-ffa450edef68,1,0.0016181229773462784,14.0,0.0,0.0,0.0,193.2,777.4395730816226,1,1,2.8638801424491884,false
configadmin/src/main/java/org/apache/felix/cm/file/FilePersistenceManager.java,378.0,19.0,217.0,22.0,64.0,77.0,0.0,fmeschbe@13f79535-47bb-0310-9956-ffa450edef68,0,0.0,0.0,0.0,0.0,0.0,0.0,0.0,0,5,0.0,false
configadmin/src/main/java/org/apache/felix/cm/impl/ConfigurationAdapter.java,127.0,4.0,0.0,15.0,47.0,30.0,4.0,fmeschbe@13f79535-47bb-0310-9956-ffa450edef68,1,0.0016181229773462784,5.0,5.0,0.0,0.0,277.0967741935484,1723.0406183675473,1,5,2.3648889763302003,false
configadmin/src/main/java/org/apache/felix/cm/impl/ConfigurationAdminImpl.java,128.0,7.0,0.0,12.0,43.0,43.0,4.0,fmeschbe@13f79535-47bb-0310-9956-ffa450edef68,1,0.0016181229773462784,6.0,6.0,0.0,0.0,277.0967741935484,1723.0406183675473,1,6,2.3648889763302003,false
configadmin/src/main/java/org/apache/felix/cm/impl/ConfigurationImpl.java,281.0,9.0,279.0,31.0,97.0,82.0,0.0,fmeschbe@13f79535-47bb-0310-9956-ffa450edef68,0,0.0,0.0,0.0,0.0,0.0,0.0,0.0,0,7,0.0,false
configadmin/src/main/java/org/apache/felix/cm/impl/ConfigurationManager.java,1051.0,38.0,577.0,38.0,181.0,139.0,2.0,fmeschbe@13f79535-47bb-0310-9956-ffa450edef68,1,0.0016181229773462784,2.0,1.0,0.0,0.0,277.0967741935484,1723.0406183675473,1,26,2.3648889763302003,true
configadmin/src/main/java/org/apache/felix/cm/impl/helper/BaseTracker.java,126.0,15.0,63.0,15.0,37.0,38.0,0.0,fmeschbe@13f79535-47bb-0310-9956-ffa450edef68,0,0.0,0.0,0.0,0.0,0.0,0.0,0.0,0,4,0.0,false
configadmin/src/main/java/org/apache/felix/cm/impl/helper/ConfigurationMap.java,78.0,5.0,25.0,11.0,19.0,26.0,0.0,fmeschbe@13f79535-47bb-0310-9956-ffa450edef68,0,0.0,0.0,0.0,0.0,0.0,0.0,0.0,0,1,0.0,false
configadmin/src/main/java/org/apache/felix/cm/impl/helper/ManagedServiceFactoryTracker.java,57.0,4.0,10.0,5.0,18.0,14.0,0.0,fmeschbe@13f79535-47bb-0310-9956-ffa450edef68,0,0.0,0.0,0.0,0.0,0.0,0.0,0.0,0,3,0.0,false
configadmin/src/main/java/org/apache/felix/cm/impl/helper/ManagedServiceTracker.java,67.0,5.0,13.0,6.0,15.0,16.0,0.0,fmeschbe@13f79535-47bb-0310-9956-ffa450edef68,0,0.0,0.0,0.0,0.0,0.0,0.0,0.0,0,3,0.0,false
configadmin/src/test/java/org/apache/felix/cm/integration/ConfigurationAdminUpdateStressTest.java,163.0,22.0,32.0,9.0,24.0,14.0,6.0,fmeschbe@13f79535-47bb-0310-9956-ffa450edef68,1,0.0016181229773462784,20.0,0.0,0.0,0.0,168.6153846153846,261.7052641898834,1,1,3.6176519448255684,false
configadmin/src/test/java/org/apache/felix/cm/integration/ConfigurationBaseTest.java,645.0,15.0,378.0,28.0,240.0,82.0,4.0,fmeschbe@13f79535-47bb-0310-9956-ffa450edef68,1,0.0016181229773462784,6.0,6.0,0.0,0.0,277.0967741935484,1723.0406183675473,1,2,2.3648889763302003,false
configadmin/src/test/java/org/apache/felix/cm/integration/ConfigurationTestBase.java,183.0,33.0,100.0,17.0,70.0,55.0,6.0,fmeschbe@13f79535-47bb-0310-9956-ffa450edef68,1,0.0016181229773462784,10.0,0.0,0.0,0.0,168.6153846153846,261.7052641898834,1,2,3.6176519448255684,false
configadmin/src/test/java/org/apache/felix/cm/integration/helper/ManagedServiceFactoryTestActivator.java,17.0,5.0,0.0,3.0,5.0,5.0,6.0,fmeschbe@13f79535-47bb-0310-9956-ffa450edef68,1,0.0016181229773462784,25.0,0.0,0.0,0.0,168.6153846153846,261.7052641898834,1,0,3.6176519448255684,false
configadmin/src/test/java/org/apache/felix/cm/integration/helper/ManagedServiceTestActivator.java,17.0,5.0,0.0,3.0,5.0,5.0,6.0,fmeschbe@13f79535-47bb-0310-9956-ffa450edef68,1,0.0016181229773462784,25.0,0.0,0.0,0.0,168.6153846153846,261.7052641898834,1,0,3.6176519448255684,false
dependencymanager/annotation/src/main/java/org/apache/felix/dm/annotation/plugin/bnd/AnnotationPlugin.java,95.0,10.0,4.0,5.0,37.0,14.0,3.0,pderop@13f79535-47bb-0310-9956-ffa450edef68,1,0.0016181229773462784,11.0,0.0,0.0,0.0,172.66666666666669,256.97775651705683,1,2,2.9245047642656234,false
dependencymanager/annotation/src/main/java/org/apache/felix/dm/annotation/plugin/mvn/AnnotationMojo.java,174.0,16.0,10.0,5.0,51.0,21.0,3.0,pderop@13f79535-47bb-0310-9956-ffa450edef68,1,0.0016181229773462784,12.0,0.0,0.0,0.0,172.66666666666669,256.97775651705683,1,7,2.9245047642656234,false
dependencymanager/core/src/main/java/org/apache/felix/dm/Component.java,161.0,3.0,378.0,28.0,0.0,68.0,12.0,pderop@13f79535-47bb-0310-9956-ffa450edef68,1,0.0016181229773462784,25.0,25.0,0.0,0.0,10.285714285714286,557.66856000673,1,1,2.9245047642656234,false
dependencymanager/core/src/main/java/org/apache/felix/dm/ConfigurationDependency.java,42.0,0.0,28.0,8.0,0.0,17.0,12.0,pderop@13f79535-47bb-0310-9956-ffa450edef68,1,0.0016181229773462784,25.0,25.0,0.0,0.0,10.285714285714286,557.66856000673,1,0,2.9245047642656234,false
dependencymanager/core/src/main/java/org/apache/felix/dm/Dependency.java,67.0,1.0,66.0,12.0,0.0,29.0,70.0,marrs@13f79535-47bb-0310-9956-ffa450edef68,1,0.0016181229773462784,20.0,20.0,0.0,0.0,10.285714285714286,557.66856000673,1,1,2.9245047642656234,false
dependencymanager/core/src/main/java/org/apache/felix/dm/DependencyActivation.java,16.0,0.0,1.0,2.0,0.0,2.0,12.0,pderop@13f79535-47bb-0310-9956-ffa450edef68,1,0.0016181229773462784,25.0,25.0,0.0,0.0,10.285714285714286,557.66856000673,1,2,2.9245047642656234,false
dependencymanager/core/src/main/java/org/apache/felix/dm/DependencyActivatorBase.java,219.0,3.0,0.0,28.0,24.0,60.0,12.0,pderop@13f79535-47bb-0310-9956-ffa450edef68,1,0.0016181229773462784,4.0,4.0,0.0,0.0,10.285714285714286,557.66856000673,1,6,2.9245047642656234,false
dependencymanager/core/src/main/java/org/apache/felix/dm/DependencyManager.java,329.0,28.0,379.0,31.0,20.0,88.0,4.0,marrs@13f79535-47bb-0310-9956-ffa450edef68,1,0.0016181229773462784,4.0,2.0,0.0,0.0,10.285714285714286,557.66856000673,1,13,2.9245047642656234,true
dependencymanager/core/src/main/java/org/apache/felix/dm/DependencyService.java,54.0,1.0,45.0,10.0,0.0,18.0,12.0,pderop@13f79535-47bb-0310-9956-ffa450edef68,1,0.0016181229773462784,14.0,14.0,0.0,0.0,10.285714285714286,557.66856000673,1,2,2.9245047642656234,false
dependencymanager/core/src/main/java/org/apache/felix/dm/InvocationUtil.java,146.0,7.0,3.0,3.0,15.0,18.0,12.0,marrs@13f79535-47bb-0310-9956-ffa450edef68,1,0.0016181229773462784,12.0,12.0,0.0,0.0,10.285714285714286,557.66856000673,1,3,2.9245047642656234,false
dependencymanager/core/src/main/java/org/apache/felix/dm/PropertyMetaData.java,42.0,0.0,28.0,8.0,0.0,20.0,12.0,marrs@13f79535-47bb-0310-9956-ffa450edef68,1,0.0016181229773462784,20.0,20.0,0.0,0.0,10.285714285714286,557.66856000673,1,1,2.9245047642656234,false
dependencymanager/core/src/main/java/org/apache/felix/dm/ResourceDependency.java,81.0,1.0,66.0,12.0,0.0,39.0,12.0,marrs@13f79535-47bb-0310-9956-ffa450edef68,1,0.0016181229773462784,14.0,14.0,0.0,0.0,10.285714285714286,557.66856000673,1,2,2.9245047642656234,false
dependencymanager/core/src/main/java/org/apache/felix/dm/ResourceUtil.java,19.0,3.0,0.0,1.0,6.0,3.0,12.0,marrs@13f79535-47bb-0310-9956-ffa450edef68,1,0.0016181229773462784,20.0,20.0,0.0,0.0,10.285714285714286,557.66856000673,1,2,2.9245047642656234,false
dependencymanager/core/src/main/java/org/apache/felix/dm/ServiceDependency.java,123.0,1.0,136.0,17.0,0.0,64.0,12.0,pderop@13f79535-47bb-0310-9956-ffa450edef68,1,0.0016181229773462784,14.0,14.0,0.0,0.0,10.285714285714286,557.66856000673,1,0,2.9245047642656234,false
dependencymanager/core/src/main/java/org/apache/felix/dm/impl/index/AbstractFactoryFilterIndex.java,57.0,8.0,19.0,7.0,15.0,12.0,3.0,pderop@13f79535-47bb-0310-9956-ffa450edef68,2,0.003236245954692557,67.0,0.0,67.0,0.0,10.285714285714286,563.7533708743109,2,0,3.6176519448255684,true
dependencymanager/core/src/main/java/org/apache/felix/dm/impl/index/AdapterFilterIndex.java,167.0,19.0,21.0,10.0,45.0,32.0,3.0,uiterlix@13f79535-47bb-0310-9956-ffa450edef68,2,0.003236245954692557,25.0,0.0,25.0,0.0,10.285714285714286,563.7533708743109,2,1,3.6176519448255684,true
dependencymanager/core/src/main/java/org/apache/felix/dm/impl/index/AspectFilterIndex.java,200.0,21.0,27.0,10.0,48.0,33.0,3.0,marrs@13f79535-47bb-0310-9956-ffa450edef68,2,0.003236245954692557,22.0,0.0,22.0,0.0,10.285714285714286,563.7533708743109,2,2,3.6176519448255684,true
fileinstall/src/main/java/org/apache/felix/fileinstall/internal/FileInstall.java,292.0,18.0,87.0,18.0,82.0,57.0,1.0,gnodet@13f79535-47bb-0310-9956-ffa450edef68,1,0.0016181229773462784,3.0,0.0,3.0,0.0,168.6153846153846,261.7052641898834,1,4,3.6176519448255684,true
framework/src/main/java/org/apache/felix/framework/BundleContextImpl.java,207.0,20.0,169.0,34.0,65.0,84.0,7.0,rickhall@13f79535-47bb-0310-9956-ffa450edef68,1,0.0016181229773462784,3.0,0.0,0.0,0.0,168.6153846153846,261.7052641898834,1,2,3.6176519448255684,true
framework/src/main/java/org/apache/felix/framework/BundleImpl.java,701.0,26.0,2125.0,74.0,268.0,216.0,3.0,rickhall@13f79535-47bb-0310-9956-ffa450edef68,2,0.003236245954692557,4.0,1.0,1.0,0.0,361.8153846153846,1039.144837271506,2,14,2.489987948424475,true
framework/src/main/java/org/apache/felix/framework/Felix.java,2610.0,52.0,6003.0,122.0,676.0,481.0,2.0,rickhall@13f79535-47bb-0310-9956-ffa450edef68,2,0.003236245954692557,3.0,0.0,1.0,0.0,361.8153846153846,1039.144837271506,2,66,2.511928255796923,true
framework/src/main/java/org/apache/felix/framework/FrameworkStartLevelImpl.java,176.0,10.0,0.0,12.0,32.0,30.0,7.0,rickhall@13f79535-47bb-0310-9956-ffa450edef68,1,0.0016181229773462784,12.0,0.0,0.0,0.0,168.6153846153846,261.7052641898834,1,2,3.6176519448255684,true
framework/src/main/java/org/apache/felix/framework/FrameworkWiringImpl.java,86.0,9.0,0.0,9.0,20.0,22.0,7.0,cziegeler@13f79535-47bb-0310-9956-ffa450edef68,1,0.0016181229773462784,11.0,0.0,0.0,0.0,168.6153846153846,261.7052641898834,1,0,3.6176519448255684,true
framework/src/main/java/org/apache/felix/framework/ServiceRegistry.java,432.0,13.0,251.0,26.0,110.0,101.0,4.0,rickhall@13f79535-47bb-0310-9956-ffa450edef68,1,0.0016181229773462784,4.0,0.0,2.0,0.0,168.6153846153846,261.7052641898834,1,7,3.6176519448255684,true
framework/src/main/java/org/apache/felix/framework/URLHandlers.java,385.0,15.0,68.0,17.0,72.0,60.0,0.0,pauls@13f79535-47bb-0310-9956-ffa450edef68,0,0.0,0.0,0.0,0.0,0.0,0.0,0.0,0,9,0.0,true
framework/src/main/java/org/apache/felix/framework/util/manifestparser/ManifestParser.java,958.0,15.0,835.0,42.0,235.0,178.0,1.0,rickhall@13f79535-47bb-0310-9956-ffa450edef68,1,0.0016181229773462784,3.0,0.0,0.0,0.0,193.2,777.4395730816226,1,12,2.8638801424491884,true
framework/src/test/java/org/apache/felix/framework/ServiceRegistryTest.java,229.0,13.0,66.0,12.0,124.0,12.0,7.0,rickhall@13f79535-47bb-0310-9956-ffa450edef68,1,0.0016181229773462784,12.0,0.0,0.0,0.0,168.6153846153846,261.7052641898834,1,1,3.6176519448255684,true
framework/src/test/java/org/apache/felix/framework/util/EventDispatcherTest.java,89.0,20.0,21.0,7.0,50.0,12.0,21.0,rickhall@13f79535-47bb-0310-9956-ffa450edef68,1,0.0016181229773462784,8.0,0.0,0.0,0.0,168.6153846153846,261.7052641898834,1,2,3.6176519448255684,true
http/base/src/main/java/org/apache/felix/http/base/internal/handler/FilterHandler.java,57.0,6.0,13.0,10.0,17.0,24.0,0.0,cziegeler@13f79535-47bb-0310-9956-ffa450edef68,0,0.0,0.0,0.0,0.0,0.0,0.0,0.0,0,1,0.0,false
httplite/core/src/main/java/org/apache/felix/httplite/osgi/Activator.java,93.0,10.0,13.0,6.0,23.0,17.0,21.0,kgilmer@13f79535-47bb-0310-9956-ffa450edef68,1,0.0016181229773462784,33.0,33.0,0.0,0.0,37.0,31.645647036688437,1,1,4.310799125385514,false
httplite/core/src/main/java/org/apache/felix/httplite/server/Server.java,253.0,9.0,14.0,12.0,26.0,39.0,1.0,kgilmer@13f79535-47bb-0310-9956-ffa450edef68,1,0.0016181229773462784,50.0,25.0,25.0,0.0,37.0,31.645647036688437,1,1,4.310799125385514,false
httplite/core/src/main/java/org/apache/felix/httplite/servlet/HttpConstants.java,117.0,2.0,0.0,0.0,0.0,0.0,2.0,kgilmer@13f79535-47bb-0310-9956-ffa450edef68,1,0.0016181229773462784,50.0,0.0,50.0,0.0,37.0,31.645647036688437,1,0,4.310799125385514,false
httplite/core/src/main/java/org/apache/felix/httplite/servlet/HttpServletRequestImpl.java,557.0,32.0,1977.0,66.0,123.0,190.0,2.0,kgilmer@13f79535-47bb-0310-9956-ffa450edef68,1,0.0016181229773462784,25.0,0.0,25.0,0.0,37.0,31.645647036688437,1,2,4.310799125385514,false
httplite/core/src/test/java/org/apache/felix/httplite/osgi/test/cases/TestParameters.java,56.0,10.0,1.0,2.0,29.0,8.0,1.0,kgilmer@13f79535-47bb-0310-9956-ffa450edef68,1,0.0016181229773462784,50.0,0.0,50.0,0.0,37.0,31.645647036688437,1,0,4.310799125385514,false
ipojo/handler/eventadmin/src/main/java/org/apache/felix/ipojo/handlers/event/EventUtil.java,107.0,1.0,10.0,5.0,17.0,20.0,6.0,clement@13f79535-47bb-0310-9956-ffa450edef68,1,0.0016181229773462784,14.0,0.0,14.0,0.0,6458.20382165605,140782.63834249164,1,3,2.4012566205010755,false
ipojo/handler/eventadmin/src/main/java/org/apache/felix/ipojo/handlers/event/subscriber/EventAdminSubscriberHandler.java,254.0,16.0,5.0,7.0,59.0,27.0,6.0,clement@13f79535-47bb-0310-9956-ffa450edef68,1,0.0016181229773462784,10.0,0.0,10.0,0.0,6458.20382165605,140782.63834249164,1,5,2.4012566205010755,false
ipojo/junit4osgi/maven-junit4osgi-plugin/src/main/java/org/apache/felix/ipojo/junit4osgi/plugin/Junit4osgiPlugin.java,551.0,33.0,48.0,13.0,123.0,63.0,0.0,clement@13f79535-47bb-0310-9956-ffa450edef68,0,0.0,0.0,0.0,0.0,0.0,0.0,0.0,0,3,0.0,false
ipojo/junit4osgi/swing-runner/src/main/java/org/apache/felix/ipojo/junit4osgi/command/SwingRunner.java,377.0,13.0,181.0,23.0,136.0,45.0,2.0,clement@13f79535-47bb-0310-9956-ffa450edef68,1,0.0016181229773462784,50.0,0.0,0.0,0.0,6458.20382165605,140782.63834249164,1,0,2.4012566205010755,false
ipojo/manipulator/bnd-ipojo-plugin/src/main/java/org/apache/felix/ipojo/bnd/BndJarResourceStore.java,140.0,25.0,0.0,10.0,51.0,32.0,9.0,clement@13f79535-47bb-0310-9956-ffa450edef68,1,0.0016181229773462784,10.0,10.0,10.0,0.0,158.22222222222223,245.85451502077228,1,1,4.087655574071304,false
ipojo/manipulator/bnd-ipojo-plugin/src/main/java/org/apache/felix/ipojo/bnd/Manifests.java,24.0,3.0,3.0,3.0,5.0,10.0,9.0,guillaume@13f79535-47bb-0310-9956-ffa450edef68,1,0.0016181229773462784,50.0,50.0,50.0,0.0,158.22222222222223,245.85451502077228,1,0,4.087655574071304,false
ipojo/manipulator/bnd-ipojo-plugin/src/main/java/org/apache/felix/ipojo/bnd/PojoizationPlugin.java,93.0,20.0,14.0,8.0,27.0,26.0,5.0,clement@13f79535-47bb-0310-9956-ffa450edef68,1,0.0016181229773462784,29.0,29.0,14.0,14.0,158.22222222222223,245.85451502077228,1,0,4.087655574071304,false
ipojo/manipulator/bnd-ipojo-plugin/src/main/java/org/apache/felix/ipojo/bnd/ResourceMetadataProvider.java,34.0,9.0,0.0,3.0,6.0,7.0,9.0,clement@13f79535-47bb-0310-9956-ffa450edef68,1,0.0016181229773462784,25.0,25.0,25.0,0.0,158.22222222222223,245.85451502077228,1,0,4.087655574071304,false
ipojo/manipulator/bnd-ipojo-plugin/src/test/java/org/apache/felix/ipojo/bnd/BndJarResourceStoreTestCase.java,81.0,19.0,3.0,6.0,65.0,12.0,9.0,clement@13f79535-47bb-0310-9956-ffa450edef68,1,0.0016181229773462784,33.0,33.0,33.0,0.0,158.22222222222223,245.85451502077228,1,0,4.087655574071304,false
ipojo/manipulator/bnd-ipojo-plugin/src/test/java/org/apache/felix/ipojo/bnd/EmptyComponent.java,5.0,0.0,0.0,0.0,0.0,0.0,9.0,guillaume@13f79535-47bb-0310-9956-ffa450edef68,1,0.0016181229773462784,100.0,100.0,100.0,0.0,158.22222222222223,245.85451502077228,1,0,4.087655574071304,false
ipojo/manipulator/manipulator/src/main/java/org/apache/felix/ipojo/manipulation/ConstructorCodeAdapter.java,167.0,7.0,30.0,9.0,12.0,30.0,0.0,clement@13f79535-47bb-0310-9956-ffa450edef68,0,0.0,0.0,0.0,0.0,0.0,0.0,0.0,0,2,0.0,false
ipojo/manipulator/manipulator/src/main/java/org/apache/felix/ipojo/manipulator/metadata/AnnotationMetadataProvider.java,60.0,12.0,0.0,5.0,18.0,16.0,0.0,clement@13f79535-47bb-0310-9956-ffa450edef68,0,0.0,0.0,0.0,0.0,0.0,0.0,0.0,0,1,0.0,false
ipojo/manipulator/manipulator/src/main/java/org/apache/felix/ipojo/manipulator/metadata/annotation/ClassMetadataCollector.java,97.0,10.0,0.0,8.0,13.0,17.0,1.0,clement@13f79535-47bb-0310-9956-ffa450edef68,1,0.0016181229773462784,11.0,0.0,11.0,0.0,0.0,0.0,1,1,5.697093486505405,false
ipojo/manipulator/manipulator/src/main/java/org/apache/felix/ipojo/manipulator/metadata/annotation/ComponentWorkbench.java,83.0,7.0,37.0,11.0,5.0,23.0,0.0,clement@13f79535-47bb-0310-9956-ffa450edef68,0,0.0,0.0,0.0,0.0,0.0,0.0,0.0,0,1,0.0,false
ipojo/manipulator/manipulator/src/main/java/org/apache/felix/ipojo/manipulator/metadata/annotation/FieldMetadataCollector.java,32.0,5.0,0.0,2.0,5.0,3.0,0.0,clement@13f79535-47bb-0310-9956-ffa450edef68,0,0.0,0.0,0.0,0.0,0.0,0.0,0.0,0,1,0.0,false
ipojo/manipulator/manipulator/src/main/java/org/apache/felix/ipojo/manipulator/metadata/annotation/MethodMetadataCollector.java,47.0,6.0,0.0,3.0,10.0,6.0,0.0,clement@13f79535-47bb-0310-9956-ffa450edef68,0,0.0,0.0,0.0,0.0,0.0,0.0,0.0,0,1,0.0,false
ipojo/manipulator/manipulator/src/main/java/org/apache/felix/ipojo/manipulator/metadata/annotation/module/DefaultBindingModule.java,189.0,51.0,253.0,23.0,78.0,60.0,0.0,clement@13f79535-47bb-0310-9956-ffa450edef68,0,0.0,0.0,0.0,0.0,0.0,0.0,0.0,0,1,0.0,false
ipojo/manipulator/manipulator/src/main/java/org/apache/felix/ipojo/manipulator/metadata/annotation/registry/Binding.java,27.0,3.0,9.0,6.0,0.0,9.0,0.0,clement@13f79535-47bb-0310-9956-ffa450edef68,0,0.0,0.0,0.0,0.0,0.0,0.0,0.0,0,1,0.0,false
ipojo/manipulator/manipulator/src/main/java/org/apache/felix/ipojo/manipulator/metadata/annotation/registry/BindingRegistry.java,43.0,8.0,0.0,5.0,7.0,11.0,0.0,clement@13f79535-47bb-0310-9956-ffa450edef68,0,0.0,0.0,0.0,0.0,0.0,0.0,0.0,0,1,0.0,false
ipojo/manipulator/manipulator/src/main/java/org/apache/felix/ipojo/manipulator/metadata/annotation/registry/Selection.java,70.0,13.0,12.0,9.0,14.0,21.0,0.0,clement@13f79535-47bb-0310-9956-ffa450edef68,0,0.0,0.0,0.0,0.0,0.0,0.0,0.0,0,1,0.0,false
ipojo/manipulator/manipulator/src/main/java/org/apache/felix/ipojo/manipulator/metadata/annotation/visitor/ComponentVisitor.java,94.0,6.0,0.0,5.0,18.0,12.0,0.0,clement@13f79535-47bb-0310-9956-ffa450edef68,0,0.0,0.0,0.0,0.0,0.0,0.0,0.0,0,1,0.0,false
ipojo/manipulator/manipulator/src/main/java/org/apache/felix/ipojo/manipulator/metadata/annotation/visitor/ControllerVisitor.java,22.0,5.0,0.0,2.0,3.0,2.0,0.0,clement@13f79535-47bb-0310-9956-ffa450edef68,0,0.0,0.0,0.0,0.0,0.0,0.0,0.0,0,1,0.0,false
ipojo/manipulator/manipulator/src/main/java/org/apache/felix/ipojo/manipulator/metadata/annotation/visitor/FieldPropertyVisitor.java,107.0,4.0,2.0,4.0,7.0,9.0,0.0,clement@13f79535-47bb-0310-9956-ffa450edef68,0,0.0,0.0,0.0,0.0,0.0,0.0,0.0,0,1,0.0,false
ipojo/manipulator/manipulator/src/main/java/org/apache/felix/ipojo/manipulator/metadata/annotation/visitor/HandlerDeclarationVisitor.java,90.0,14.0,17.0,7.0,27.0,16.0,3.0,clement@13f79535-47bb-0310-9956-ffa450edef68,1,0.0016181229773462784,33.0,33.0,33.0,0.0,158.22222222222223,245.85451502077228,1,1,4.087655574071304,false
ipojo/manipulator/manipulator/src/main/java/org/apache/felix/ipojo/manipulator/metadata/annotation/visitor/HandlerVisitor.java,52.0,6.0,0.0,3.0,10.0,7.0,0.0,clement@13f79535-47bb-0310-9956-ffa450edef68,0,0.0,0.0,0.0,0.0,0.0,0.0,0.0,0,1,0.0,false
ipojo/manipulator/manipulator/src/main/java/org/apache/felix/ipojo/manipulator/metadata/annotation/visitor/InstantiateVisitor.java,31.0,5.0,0.0,3.0,6.0,4.0,0.0,clement@13f79535-47bb-0310-9956-ffa450edef68,0,0.0,0.0,0.0,0.0,0.0,0.0,0.0,0,1,0.0,false
ipojo/manipulator/manipulator/src/main/java/org/apache/felix/ipojo/manipulator/metadata/annotation/visitor/LifecycleVisitor.java,25.0,5.0,0.0,2.0,5.0,3.0,0.0,clement@13f79535-47bb-0310-9956-ffa450edef68,0,0.0,0.0,0.0,0.0,0.0,0.0,0.0,0,1,0.0,false
ipojo/manipulator/manipulator/src/main/java/org/apache/felix/ipojo/manipulator/metadata/annotation/visitor/MethodPropertyVisitor.java,108.0,5.0,0.0,5.0,15.0,15.0,0.0,clement@13f79535-47bb-0310-9956-ffa450edef68,0,0.0,0.0,0.0,0.0,0.0,0.0,0.0,0,1,0.0,false
ipojo/manipulator/manipulator/src/main/java/org/apache/felix/ipojo/manipulator/metadata/annotation/visitor/ParameterPropertyVisitor.java,31.0,5.0,0.0,2.0,5.0,2.0,0.0,clement@13f79535-47bb-0310-9956-ffa450edef68,0,0.0,0.0,0.0,0.0,0.0,0.0,0.0,0,1,0.0,false
ipojo/manipulator/manipulator/src/main/java/org/apache/felix/ipojo/manipulator/metadata/annotation/visitor/PostRegistrationVisitor.java,19.0,5.0,0.0,2.0,4.0,3.0,0.0,clement@13f79535-47bb-0310-9956-ffa450edef68,0,0.0,0.0,0.0,0.0,0.0,0.0,0.0,0,1,0.0,false
ipojo/manipulator/manipulator/src/main/java/org/apache/felix/ipojo/manipulator/metadata/annotation/visitor/PostUnregistrationVisitor.java,19.0,5.0,0.0,2.0,4.0,3.0,0.0,clement@13f79535-47bb-0310-9956-ffa450edef68,0,0.0,0.0,0.0,0.0,0.0,0.0,0.0,0,1,0.0,false
ipojo/manipulator/manipulator/src/main/java/org/apache/felix/ipojo/manipulator/metadata/annotation/visitor/ProvidesVisitor.java,86.0,6.0,0.0,5.0,7.0,10.0,0.0,clement@13f79535-47bb-0310-9956-ffa450edef68,0,0.0,0.0,0.0,0.0,0.0,0.0,0.0,0,1,0.0,false
ipojo/manipulator/manipulator/src/main/java/org/apache/felix/ipojo/manipulator/metadata/annotation/visitor/RequiresVisitor.java,163.0,6.0,0.0,3.0,9.0,7.0,0.0,clement@13f79535-47bb-0310-9956-ffa450edef68,0,0.0,0.0,0.0,0.0,0.0,0.0,0.0,0,1,0.0,false
ipojo/manipulator/manipulator/src/main/java/org/apache/felix/ipojo/manipulator/metadata/annotation/visitor/ServiceControllerVisitor.java,47.0,5.0,0.0,3.0,6.0,5.0,0.0,clement@13f79535-47bb-0310-9956-ffa450edef68,0,0.0,0.0,0.0,0.0,0.0,0.0,0.0,0,1,0.0,false
ipojo/manipulator/manipulator/src/main/java/org/apache/felix/ipojo/manipulator/metadata/annotation/visitor/UpdatedVisitor.java,16.0,6.0,0.0,2.0,2.0,2.0,0.0,clement@13f79535-47bb-0310-9956-ffa450edef68,0,0.0,0.0,0.0,0.0,0.0,0.0,0.0,0,1,0.0,false
ipojo/manipulator/manipulator/src/main/java/org/apache/felix/ipojo/manipulator/metadata/annotation/visitor/bind/AbstractBindVisitor.java,147.0,6.0,9.0,7.0,14.0,19.0,0.0,clement@13f79535-47bb-0310-9956-ffa450edef68,0,0.0,0.0,0.0,0.0,0.0,0.0,0.0,0,1,0.0,false
ipojo/manipulator/manipulator/src/main/java/org/apache/felix/ipojo/manipulator/metadata/annotation/visitor/bind/Action.java,0.0,0.0,0.0,0.0,0.0,0.0,0.0,clement@13f79535-47bb-0310-9956-ffa450edef68,0,0.0,0.0,0.0,0.0,0.0,0.0,0.0,0,1,0.0,false
ipojo/manipulator/manipulator/src/main/java/org/apache/felix/ipojo/manipulator/metadata/annotation/visitor/bind/MethodBindVisitor.java,37.0,5.0,0.0,2.0,11.0,5.0,0.0,clement@13f79535-47bb-0310-9956-ffa450edef68,0,0.0,0.0,0.0,0.0,0.0,0.0,0.0,0,1,0.0,false
ipojo/manipulator/manipulator/src/main/java/org/apache/felix/ipojo/manipulator/metadata/annotation/visitor/bind/ParameterBindVisitor.java,27.0,3.0,0.0,2.0,6.0,3.0,0.0,clement@13f79535-47bb-0310-9956-ffa450edef68,0,0.0,0.0,0.0,0.0,0.0,0.0,0.0,0,1,0.0,false
ipojo/manipulator/manipulator/src/main/java/org/apache/felix/ipojo/manipulator/metadata/annotation/visitor/generic/FieldGenericVisitor.java,9.0,5.0,0.0,1.0,1.0,1.0,0.0,clement@13f79535-47bb-0310-9956-ffa450edef68,0,0.0,0.0,0.0,0.0,0.0,0.0,0.0,0,1,0.0,false
ipojo/manipulator/manipulator/src/main/java/org/apache/felix/ipojo/manipulator/metadata/annotation/visitor/generic/GenericVisitor.java,69.0,7.0,0.0,5.0,11.0,11.0,0.0,clement@13f79535-47bb-0310-9956-ffa450edef68,0,0.0,0.0,0.0,0.0,0.0,0.0,0.0,0,1,0.0,false
ipojo/manipulator/manipulator/src/main/java/org/apache/felix/ipojo/manipulator/metadata/annotation/visitor/generic/MethodGenericVisitor.java,9.0,6.0,0.0,1.0,2.0,1.0,0.0,clement@13f79535-47bb-0310-9956-ffa450edef68,0,0.0,0.0,0.0,0.0,0.0,0.0,0.0,0,1,0.0,false
ipojo/manipulator/manipulator/src/main/java/org/apache/felix/ipojo/manipulator/metadata/annotation/visitor/generic/ParameterGenericVisitor.java,19.0,6.0,0.0,2.0,4.0,2.0,0.0,clement@13f79535-47bb-0310-9956-ffa450edef68,0,0.0,0.0,0.0,0.0,0.0,0.0,0.0,0,1,0.0,false
ipojo/manipulator/manipulator/src/main/java/org/apache/felix/ipojo/manipulator/metadata/annotation/visitor/generic/RootGenericVisitor.java,62.0,3.0,0.0,4.0,9.0,11.0,0.0,clement@13f79535-47bb-0310-9956-ffa450edef68,0,0.0,0.0,0.0,0.0,0.0,0.0,0.0,0,1,0.0,false
ipojo/manipulator/manipulator/src/main/java/org/apache/felix/ipojo/manipulator/metadata/annotation/visitor/generic/SubArrayVisitor.java,85.0,6.0,0.0,5.0,6.0,11.0,0.0,clement@13f79535-47bb-0310-9956-ffa450edef68,0,0.0,0.0,0.0,0.0,0.0,0.0,0.0,0,1,0.0,false
ipojo/manipulator/manipulator/src/main/java/org/apache/felix/ipojo/manipulator/metadata/annotation/visitor/generic/TypeGenericVisitor.java,8.0,3.0,0.0,1.0,0.0,1.0,0.0,clement@13f79535-47bb-0310-9956-ffa450edef68,0,0.0,0.0,0.0,0.0,0.0,0.0,0.0,0,1,0.0,false
ipojo/manipulator/manipulator/src/main/java/org/apache/felix/ipojo/manipulator/metadata/annotation/visitor/util/Bindings.java,81.0,24.0,64.0,12.0,61.0,25.0,0.0,guillaume@13f79535-47bb-0310-9956-ffa450edef68,0,0.0,0.0,0.0,0.0,0.0,0.0,0.0,0,1,0.0,false
ipojo/manipulator/manipulator/src/main/java/org/apache/felix/ipojo/manipulator/metadata/annotation/visitor/util/Elements.java,31.0,3.0,1.0,2.0,7.0,6.0,0.0,clement@13f79535-47bb-0310-9956-ffa450edef68,0,0.0,0.0,0.0,0.0,0.0,0.0,0.0,0,1,0.0,false
ipojo/manipulator/manipulator/src/main/java/org/apache/felix/ipojo/manipulator/metadata/annotation/visitor/util/Names.java,51.0,1.0,3.0,3.0,9.0,11.0,0.0,clement@13f79535-47bb-0310-9956-ffa450edef68,0,0.0,0.0,0.0,0.0,0.0,0.0,0.0,0,1,0.0,false
ipojo/manipulator/manipulator/src/main/java/org/apache/felix/ipojo/manipulator/spi/AbsBindingModule.java,85.0,13.0,0.0,2.0,1.0,4.0,0.0,clement@13f79535-47bb-0310-9956-ffa450edef68,0,0.0,0.0,0.0,0.0,0.0,0.0,0.0,0,1,0.0,false
ipojo/manipulator/manipulator/src/main/java/org/apache/felix/ipojo/manipulator/spi/AnnotationVisitorFactory.java,10.0,1.0,0.0,1.0,0.0,3.0,0.0,clement@13f79535-47bb-0310-9956-ffa450edef68,0,0.0,0.0,0.0,0.0,0.0,0.0,0.0,0,1,0.0,false
ipojo/manipulator/manipulator/src/main/java/org/apache/felix/ipojo/manipulator/spi/BindingContext.java,39.0,5.0,9.0,7.0,0.0,13.0,0.0,clement@13f79535-47bb-0310-9956-ffa450edef68,0,0.0,0.0,0.0,0.0,0.0,0.0,0.0,0,1,0.0,false
ipojo/manipulator/manipulator/src/main/java/org/apache/felix/ipojo/manipulator/spi/Module.java,10.0,1.0,0.0,1.0,0.0,1.0,0.0,clement@13f79535-47bb-0310-9956-ffa450edef68,0,0.0,0.0,0.0,0.0,0.0,0.0,0.0,0,1,0.0,false
ipojo/manipulator/manipulator/src/main/java/org/apache/felix/ipojo/manipulator/spi/Predicate.java,13.0,0.0,0.0,1.0,0.0,4.0,0.0,clement@13f79535-47bb-0310-9956-ffa450edef68,0,0.0,0.0,0.0,0.0,0.0,0.0,0.0,0,1,0.0,false
ipojo/manipulator/manipulator/src/main/java/org/apache/felix/ipojo/manipulator/spi/helper/Predicates.java,159.0,12.0,78.0,13.0,19.0,37.0,0.0,clement@13f79535-47bb-0310-9956-ffa450edef68,0,0.0,0.0,0.0,0.0,0.0,0.0,0.0,0,1,0.0,false
ipojo/manipulator/manipulator/src/test/java/org/apache/felix/ipojo/manipulation/ManipulatedClassLoader.java,20.0,0.0,1.0,3.0,2.0,8.0,0.0,clement@13f79535-47bb-0310-9956-ffa450edef68,0,0.0,0.0,0.0,0.0,0.0,0.0,0.0,0,1,0.0,false
ipojo/manipulator/manipulator/src/test/java/org/apache/felix/ipojo/manipulation/ManipulatorTest.java,291.0,12.0,45.0,10.0,153.0,46.0,0.0,clement@13f79535-47bb-0310-9956-ffa450edef68,0,0.0,0.0,0.0,0.0,0.0,0.0,0.0,0,3,0.0,false
ipojo/manipulator/manipulator/src/test/java/org/apache/felix/ipojo/manipulator/metadata/annotation/ComponentWorkbenchTestCase.java,42.0,3.0,6.0,4.0,22.0,8.0,3.0,clement@13f79535-47bb-0310-9956-ffa450edef68,1,0.0016181229773462784,50.0,50.0,50.0,0.0,158.22222222222223,245.85451502077228,1,1,4.087655574071304,false
ipojo/manipulator/manipulator/src/test/java/org/apache/felix/ipojo/manipulator/metadata/annotation/registry/BindingRegistryTestCase.java,33.0,10.0,0.0,4.0,22.0,8.0,0.0,clement@13f79535-47bb-0310-9956-ffa450edef68,0,0.0,0.0,0.0,0.0,0.0,0.0,0.0,0,1,0.0,false
ipojo/manipulator/manipulator/src/test/java/org/apache/felix/ipojo/manipulator/metadata/annotation/registry/SelectionTestCase.java,122.0,26.0,0.0,16.0,92.0,28.0,0.0,guillaume@13f79535-47bb-0310-9956-ffa450edef68,0,0.0,0.0,0.0,0.0,0.0,0.0,0.0,0,1,0.0,false
ipojo/manipulator/manipulator/src/test/java/org/apache/felix/ipojo/manipulator/metadata/annotation/visitor/ComponentVisitorTestCase.java,49.0,6.0,10.0,5.0,31.0,10.0,0.0,clement@13f79535-47bb-0310-9956-ffa450edef68,0,0.0,0.0,0.0,0.0,0.0,0.0,0.0,0,1,0.0,false
ipojo/manipulator/manipulator/src/test/java/org/apache/felix/ipojo/manipulator/spi/AbsBindingModuleTestCase.java,98.0,9.0,45.0,10.0,72.0,15.0,0.0,clement@13f79535-47bb-0310-9956-ffa450edef68,0,0.0,0.0,0.0,0.0,0.0,0.0,0.0,0,1,0.0,false
ipojo/manipulator/manipulator/src/test/java/test/DoubleArray.java,15.0,0.0,1.0,2.0,3.0,3.0,0.0,clement@13f79535-47bb-0310-9956-ffa450edef68,0,0.0,0.0,0.0,0.0,0.0,0.0,0.0,0,1,0.0,false
ipojo/manipulator/manipulator/src/test/java/test/NonSunClass.java,12.0,0.0,0.0,1.0,0.0,2.0,0.0,clement@13f79535-47bb-0310-9956-ffa450edef68,0,0.0,0.0,0.0,0.0,0.0,0.0,0.0,0,0,0.0,false
ipojo/manipulator/manipulator/src/test/java/test/PlentyOfAnnotations.java,16.0,3.0,3.0,3.0,0.0,3.0,0.0,clement@13f79535-47bb-0310-9956-ffa450edef68,0,0.0,0.0,0.0,0.0,0.0,0.0,0.0,0,1,0.0,false
ipojo/runtime/core/src/main/java/org/apache/felix/ipojo/ComponentFactory.java,495.0,22.0,176.0,20.0,52.0,68.0,2.0,clement@13f79535-47bb-0310-9956-ffa450edef68,1,0.0016181229773462784,10.0,0.0,10.0,0.0,6458.20382165605,140782.63834249164,1,1,2.4012566205010755,false
ipojo/runtime/core/src/main/java/org/apache/felix/ipojo/Extender.java,591.0,21.0,0.0,12.0,105.0,51.0,65.0,clement@13f79535-47bb-0310-9956-ffa450edef68,1,0.0016181229773462784,33.0,0.0,33.0,0.0,6458.20382165605,140782.63834249164,1,0,2.4012566205010755,false
ipojo/runtime/core/src/main/java/org/apache/felix/ipojo/HandlerManagerFactory.java,149.0,6.0,27.0,10.0,17.0,31.0,2.0,clement@13f79535-47bb-0310-9956-ffa450edef68,1,0.0016181229773462784,20.0,0.0,20.0,20.0,6458.20382165605,140782.63834249164,1,0,2.4012566205010755,false
ipojo/runtime/core/src/main/java/org/apache/felix/ipojo/IPojoFactory.java,859.0,19.0,404.0,36.0,117.0,113.0,2.0,clement@13f79535-47bb-0310-9956-ffa450edef68,1,0.0016181229773462784,9.0,0.0,9.0,4.0,6458.20382165605,140782.63834249164,1,2,2.4012566205010755,false
ipojo/runtime/core/src/main/java/org/apache/felix/ipojo/InstanceManager.java,1062.0,13.0,560.0,45.0,175.0,179.0,0.0,clement@13f79535-47bb-0310-9956-ffa450edef68,0,0.0,0.0,0.0,0.0,0.0,0.0,0.0,0,4,0.0,false
ipojo/runtime/core/src/main/java/org/apache/felix/ipojo/architecture/ComponentTypeDescription.java,220.0,11.0,71.0,18.0,44.0,48.0,1.0,clement@13f79535-47bb-0310-9956-ffa450edef68,1,0.0016181229773462784,17.0,0.0,17.0,17.0,158.22222222222223,245.85451502077228,1,1,4.087655574071304,false
ipojo/runtime/core/src/test/java/org/apache/felix/ipojo/handlers/dependency/SmartProxyTest.java,58.0,11.0,3.0,3.0,31.0,5.0,0.0,clement@13f79535-47bb-0310-9956-ffa450edef68,0,0.0,0.0,0.0,0.0,0.0,0.0,0.0,0,0,0.0,false
ipojo/runtime/core/src/test/java/org/apache/felix/ipojo/handlers/providedservice/ComponentTestWithAnotherSuperClass.java,5.0,2.0,0.0,1.0,0.0,1.0,0.0,clement@13f79535-47bb-0310-9956-ffa450edef68,0,0.0,0.0,0.0,0.0,0.0,0.0,0.0,0,0,0.0,false
ipojo/runtime/core/src/test/java/org/apache/felix/ipojo/handlers/providedservice/ComponentTestWithSuperClass.java,2.0,1.0,0.0,0.0,0.0,0.0,0.0,clement@13f79535-47bb-0310-9956-ffa450edef68,0,0.0,0.0,0.0,0.0,0.0,0.0,0.0,0,0,0.0,false
ipojo/runtime/core/src/test/java/org/apache/felix/ipojo/handlers/providedservice/ProvidedServiceHandlerTest.java,102.0,16.0,0.0,6.0,58.0,16.0,0.0,clement@13f79535-47bb-0310-9956-ffa450edef68,0,0.0,0.0,0.0,0.0,0.0,0.0,0.0,0,0,0.0,false
ipojo/runtime/core/src/test/java/org/apache/felix/ipojo/parser/MethodMetadataTest.java,83.0,5.0,120.0,16.0,14.0,20.0,0.0,clement@13f79535-47bb-0310-9956-ffa450edef68,0,0.0,0.0,0.0,0.0,0.0,0.0,0.0,0,0,0.0,false
ipojo/runtime/core/src/test/java/org/apache/felix/ipojo/test/MockBundle.java,95.0,10.0,423.0,30.0,3.0,66.0,0.0,clement@13f79535-47bb-0310-9956-ffa450edef68,0,0.0,0.0,0.0,0.0,0.0,0.0,0.0,0,0,0.0,false
ipojo/tests/api/src/test/java/org/apache/felix/ipojo/tests/api/PrimitiveComponentTest.java,74.0,31.0,7.0,11.0,68.0,22.0,2.0,clement@13f79535-47bb-0310-9956-ffa450edef68,1,0.0016181229773462784,14.0,14.0,14.0,0.0,6458.20382165605,140782.63834249164,1,3,2.4012566205010755,false
ipojo/tests/api/src/test/java/org/apache/felix/ipojo/tests/api/SingletonComponentTest.java,91.0,26.0,18.0,12.0,79.0,24.0,2.0,clement@13f79535-47bb-0310-9956-ffa450edef68,1,0.0016181229773462784,17.0,17.0,17.0,0.0,6458.20382165605,140782.63834249164,1,2,2.4012566205010755,false
ipojo/tests/core/service-dependency/src/main/java/org/apache/felix/ipojo/test/scenarios/service/dependency/ProxyTest.java,143.0,11.0,28.0,8.0,130.0,17.0,0.0,clement@13f79535-47bb-0310-9956-ffa450edef68,0,0.0,0.0,0.0,0.0,0.0,0.0,0.0,0,3,0.0,false
jaas/src/main/java/org/apache/felix/jaas/LoginContextFactory.java,3.0,4.0,0.0,1.0,0.0,2.0,0.0,fmeschbe@13f79535-47bb-0310-9956-ffa450edef68,0,0.0,0.0,0.0,0.0,0.0,0.0,0.0,0,0,0.0,false
jaas/src/main/java/org/apache/felix/jaas/LoginModuleFactory.java,8.0,1.0,0.0,1.0,0.0,1.0,0.0,fmeschbe@13f79535-47bb-0310-9956-ffa450edef68,0,0.0,0.0,0.0,0.0,0.0,0.0,0.0,0,0,0.0,false
jaas/src/main/java/org/apache/felix/jaas/boot/ProxyLoginModule.java,30.0,5.0,0.0,5.0,7.0,15.0,0.0,fmeschbe@13f79535-47bb-0310-9956-ffa450edef68,0,0.0,0.0,0.0,0.0,0.0,0.0,0.0,0,0,0.0,false
jaas/src/main/java/org/apache/felix/jaas/boot/package-info.java,0.0,0.0,0.0,0.0,0.0,0.0,28.0,fmeschbe@13f79535-47bb-0310-9956-ffa450edef68,0,0.0,0.0,0.0,0.0,0.0,0.0,0.0,0,0,0.0,false
jaas/src/main/java/org/apache/felix/jaas/internal/Activator.java,28.0,2.0,0.0,2.0,2.0,5.0,21.0,chetanm@13f79535-47bb-0310-9956-ffa450edef68,0,0.0,0.0,0.0,0.0,0.0,0.0,0.0,0,0,0.0,false
jaas/src/main/java/org/apache/felix/jaas/internal/BundleLoginModuleCreator.java,103.0,10.0,5.0,7.0,21.0,24.0,0.0,fmeschbe@13f79535-47bb-0310-9956-ffa450edef68,0,0.0,0.0,0.0,0.0,0.0,0.0,0.0,0,0,0.0,false
jaas/src/main/java/org/apache/felix/jaas/internal/ConfigLoginModuleProvider.java,37.0,4.0,2.0,8.0,2.0,16.0,0.0,fmeschbe@13f79535-47bb-0310-9956-ffa450edef68,0,0.0,0.0,0.0,0.0,0.0,0.0,0.0,0,0,0.0,false
jaas/src/main/java/org/apache/felix/jaas/internal/ConfigSpiOsgi.java,313.0,25.0,53.0,18.0,64.0,45.0,0.0,fmeschbe@13f79535-47bb-0310-9956-ffa450edef68,0,0.0,0.0,0.0,0.0,0.0,0.0,0.0,0,0,0.0,false
jaas/src/main/java/org/apache/felix/jaas/internal/ControlFlag.java,0.0,0.0,0.0,0.0,0.0,0.0,0.0,fmeschbe@13f79535-47bb-0310-9956-ffa450edef68,0,0.0,0.0,0.0,0.0,0.0,0.0,0.0,0,0,0.0,false
jaas/src/main/java/org/apache/felix/jaas/internal/JaasConfigFactory.java,71.0,14.0,11.0,6.0,28.0,18.0,0.0,fmeschbe@13f79535-47bb-0310-9956-ffa450edef68,0,0.0,0.0,0.0,0.0,0.0,0.0,0.0,0,0,0.0,false
jaas/src/main/java/org/apache/felix/jaas/internal/JaasWebConsolePlugin.java,172.0,16.0,51.0,11.0,63.0,31.0,0.0,fmeschbe@13f79535-47bb-0310-9956-ffa450edef68,0,0.0,0.0,0.0,0.0,0.0,0.0,0.0,0,0,0.0,false
jaas/src/main/java/org/apache/felix/jaas/internal/Logger.java,20.0,3.0,6.0,4.0,6.0,7.0,6.0,fmeschbe@13f79535-47bb-0310-9956-ffa450edef68,0,0.0,0.0,0.0,0.0,0.0,0.0,0.0,0,0,0.0,false
jaas/src/main/java/org/apache/felix/jaas/internal/LoginModuleCreator.java,6.0,1.0,0.0,1.0,0.0,1.0,0.0,fmeschbe@13f79535-47bb-0310-9956-ffa450edef68,0,0.0,0.0,0.0,0.0,0.0,0.0,0.0,0,0,0.0,false
jaas/src/main/java/org/apache/felix/jaas/internal/LoginModuleProvider.java,7.0,4.0,10.0,5.0,0.0,5.0,0.0,fmeschbe@13f79535-47bb-0310-9956-ffa450edef68,0,0.0,0.0,0.0,0.0,0.0,0.0,0.0,0,0,0.0,false
jaas/src/main/java/org/apache/felix/jaas/internal/OsgiLoginModuleProvider.java,38.0,7.0,10.0,9.0,10.0,17.0,0.0,fmeschbe@13f79535-47bb-0310-9956-ffa450edef68,0,0.0,0.0,0.0,0.0,0.0,0.0,0.0,0,0,0.0,false
jaas/src/main/java/org/apache/felix/jaas/internal/Util.java,112.0,1.0,28.0,8.0,22.0,27.0,5.0,fmeschbe@13f79535-47bb-0310-9956-ffa450edef68,0,0.0,0.0,0.0,0.0,0.0,0.0,0.0,0,0,0.0,false
jaas/src/main/java/org/apache/felix/jaas/package-info.java,0.0,0.0,0.0,0.0,0.0,0.0,28.0,fmeschbe@13f79535-47bb-0310-9956-ffa450edef68,0,0.0,0.0,0.0,0.0,0.0,0.0,0.0,0,0,0.0,false
metatype/src/main/java/org/apache/felix/metatype/AD.java,272.0,7.0,299.0,26.0,27.0,53.0,0.0,fmeschbe@13f79535-47bb-0310-9956-ffa450edef68,0,0.0,0.0,0.0,0.0,0.0,0.0,0.0,0,2,0.0,false
metatype/src/main/java/org/apache/felix/metatype/ADValidator.java,242.0,3.0,36.0,9.0,47.0,50.0,0.0,jawi@13f79535-47bb-0310-9956-ffa450edef68,0,0.0,0.0,0.0,0.0,0.0,0.0,0.0,0,2,0.0,false
metatype/src/main/java/org/apache/felix/metatype/MetaData.java,50.0,4.0,20.0,8.0,6.0,15.0,0.0,fmeschbe@13f79535-47bb-0310-9956-ffa450edef68,0,0.0,0.0,0.0,0.0,0.0,0.0,0.0,0,1,0.0,false
metatype/src/main/java/org/apache/felix/metatype/MetaDataReader.java,394.0,13.0,4.0,24.0,131.0,102.0,0.0,fmeschbe@13f79535-47bb-0310-9956-ffa450edef68,0,0.0,0.0,0.0,0.0,0.0,0.0,0.0,0,4,0.0,false
metatype/src/main/java/org/apache/felix/metatype/OptionalAttributes.java,12.0,2.0,0.0,2.0,1.0,4.0,0.0,marrs@13f79535-47bb-0310-9956-ffa450edef68,0,0.0,0.0,0.0,0.0,0.0,0.0,0.0,0,0,0.0,false
metatype/src/main/java/org/apache/felix/metatype/internal/Activator.java,129.0,8.0,6.0,9.0,27.0,25.0,21.0,fmeschbe@13f79535-47bb-0310-9956-ffa450edef68,0,0.0,0.0,0.0,0.0,0.0,0.0,0.0,0,0,0.0,false
metatype/src/main/java/org/apache/felix/metatype/internal/BaseProviderHolder.java,44.0,5.0,6.0,5.0,9.0,13.0,0.0,fmeschbe@13f79535-47bb-0310-9956-ffa450edef68,0,0.0,0.0,0.0,0.0,0.0,0.0,0.0,0,0,0.0,false
metatype/src/main/java/org/apache/felix/metatype/internal/LocalizedBase.java,61.0,2.0,4.0,4.0,6.0,15.0,0.0,joes@13f79535-47bb-0310-9956-ffa450edef68,0,0.0,0.0,0.0,0.0,0.0,0.0,0.0,0,1,0.0,false
metatype/src/main/java/org/apache/felix/metatype/internal/LocalizedObjectClassDefinition.java,128.0,10.0,0.0,6.0,27.0,19.0,0.0,fmeschbe@13f79535-47bb-0310-9956-ffa450edef68,0,0.0,0.0,0.0,0.0,0.0,0.0,0.0,0,3,0.0,false
metatype/src/main/java/org/apache/felix/metatype/internal/ManagedServiceHolder.java,39.0,4.0,5.0,6.0,10.0,13.0,0.0,fmeschbe@13f79535-47bb-0310-9956-ffa450edef68,0,0.0,0.0,0.0,0.0,0.0,0.0,0.0,0,0,0.0,false
metatype/src/main/java/org/apache/felix/metatype/internal/ManagedServiceTracker.java,27.0,5.0,0.0,4.0,7.0,8.0,0.0,fmeschbe@13f79535-47bb-0310-9956-ffa450edef68,0,0.0,0.0,0.0,0.0,0.0,0.0,0.0,0,0,0.0,false
metatype/src/main/java/org/apache/felix/metatype/internal/MetaTypeInformationImpl.java,142.0,16.0,29.0,18.0,43.0,46.0,0.0,fmeschbe@13f79535-47bb-0310-9956-ffa450edef68,0,0.0,0.0,0.0,0.0,0.0,0.0,0.0,0,2,0.0,false
metatype/src/main/java/org/apache/felix/metatype/internal/MetaTypeProviderHolder.java,25.0,3.0,0.0,4.0,6.0,7.0,0.0,fmeschbe@13f79535-47bb-0310-9956-ffa450edef68,0,0.0,0.0,0.0,0.0,0.0,0.0,0.0,0,0,0.0,false
metatype/src/main/java/org/apache/felix/metatype/internal/MetaTypeProviderTracker.java,20.0,4.0,0.0,4.0,6.0,6.0,0.0,fmeschbe@13f79535-47bb-0310-9956-ffa450edef68,0,0.0,0.0,0.0,0.0,0.0,0.0,0.0,0,1,0.0,false
metatype/src/main/java/org/apache/felix/metatype/internal/MetaTypeServiceImpl.java,158.0,19.0,35.0,11.0,69.0,38.0,0.0,fmeschbe@13f79535-47bb-0310-9956-ffa450edef68,0,0.0,0.0,0.0,0.0,0.0,0.0,0.0,0,1,0.0,false
metatype/src/main/java/org/apache/felix/metatype/internal/ServiceMetaTypeInformation.java,25.0,2.0,3.0,3.0,4.0,6.0,0.0,fmeschbe@13f79535-47bb-0310-9956-ffa450edef68,0,0.0,0.0,0.0,0.0,0.0,0.0,0.0,0,1,0.0,false
metatype/src/main/java/org/apache/felix/metatype/internal/l10n/BundleResources.java,117.0,13.0,5.0,7.0,32.0,26.0,0.0,fmeschbe@13f79535-47bb-0310-9956-ffa450edef68,0,0.0,0.0,0.0,0.0,0.0,0.0,0.0,0,0,0.0,false
metatype/src/main/java/org/apache/felix/metatype/internal/l10n/Resources.java,21.0,1.0,0.0,4.0,1.0,7.0,0.0,joes@13f79535-47bb-0310-9956-ffa450edef68,0,0.0,0.0,0.0,0.0,0.0,0.0,0.0,0,0,0.0,false
metatype/src/test/java/org/apache/felix/metatype/ADTest.java,130.0,2.0,76.0,13.0,41.0,16.0,0.0,jawi@13f79535-47bb-0310-9956-ffa450edef68,0,0.0,0.0,0.0,0.0,0.0,0.0,0.0,0,2,0.0,false
metatype/src/test/java/org/apache/felix/metatype/ADValidatorTest.java,198.0,4.0,21.0,7.0,54.0,7.0,0.0,jawi@13f79535-47bb-0310-9956-ffa450edef68,0,0.0,0.0,0.0,0.0,0.0,0.0,0.0,0,2,0.0,false
metatype/src/test/java/org/apache/felix/metatype/MetaDataReaderTest.java,128.0,6.0,72.0,13.0,68.0,29.0,0.0,null,0,0.0,0.0,0.0,0.0,0.0,0.0,0.0,0,1,0.0,false
metatype/src/test/java/org/apache/felix/metatype/MockBundle.java,84.0,10.0,343.0,27.0,10.0,50.0,0.0,joes@13f79535-47bb-0310-9956-ffa450edef68,0,0.0,0.0,0.0,0.0,0.0,0.0,0.0,0,0,0.0,false
metatype/src/test/java/org/apache/felix/metatype/MockBundleContext.java,176.0,21.0,323.0,27.0,20.0,50.0,0.0,joes@13f79535-47bb-0310-9956-ffa450edef68,0,0.0,0.0,0.0,0.0,0.0,0.0,0.0,0,0,0.0,false
metatype/src/test/java/org/apache/felix/metatype/internal/MetaTypeServiceImplTest.java,102.0,13.0,0.0,6.0,42.0,12.0,0.0,joes@13f79535-47bb-0310-9956-ffa450edef68,0,0.0,0.0,0.0,0.0,0.0,0.0,0.0,0,0,0.0,false
resolver/src/main/java/org/apache/felix/resolver/ResolverImpl.java,1023.0,26.0,376.0,28.0,308.0,130.0,3.0,rickhall@13f79535-47bb-0310-9956-ffa450edef68,1,0.0016181229773462784,7.0,0.0,0.0,0.0,193.2,777.4395730816226,1,3,2.8638801424491884,true
resolver/src/main/java/org/apache/felix/resolver/Util.java,52.0,9.0,21.0,7.0,30.0,25.0,5.0,rickhall@13f79535-47bb-0310-9956-ffa450edef68,1,0.0016181229773462784,33.0,0.0,0.0,0.0,193.2,777.4395730816226,1,1,2.8638801424491884,false
resolver/src/main/java/org/apache/felix/resolver/test/GenericCapability.java,33.0,6.0,12.0,8.0,4.0,13.0,5.0,davidb@13f79535-47bb-0310-9956-ffa450edef68,1,0.0016181229773462784,50.0,0.0,0.0,0.0,193.2,777.4395730816226,1,0,2.8638801424491884,false
resolver/src/main/java/org/apache/felix/resolver/test/GenericRequirement.java,33.0,6.0,12.0,8.0,4.0,13.0,5.0,davidb@13f79535-47bb-0310-9956-ffa450edef68,1,0.0016181229773462784,50.0,0.0,0.0,0.0,193.2,777.4395730816226,1,0,2.8638801424491884,false
resolver/src/main/java/org/apache/felix/resolver/test/Main.java,243.0,18.0,21.0,7.0,58.0,15.0,3.0,rickhall@13f79535-47bb-0310-9956-ffa450edef68,1,0.0016181229773462784,20.0,0.0,0.0,0.0,193.2,777.4395730816226,1,0,2.8638801424491884,false
scr/src/main/java/org/apache/felix/scr/Component.java,172.0,3.0,253.0,23.0,0.0,51.0,12.0,fmeschbe@13f79535-47bb-0310-9956-ffa450edef68,0,0.0,0.0,0.0,0.0,0.0,0.0,0.0,0,3,0.0,false
scr/src/main/java/org/apache/felix/scr/Reference.java,55.0,1.0,66.0,12.0,0.0,28.0,6.0,fmeschbe@13f79535-47bb-0310-9956-ffa450edef68,1,0.0016181229773462784,18.0,9.0,0.0,18.0,294.0851063829787,3910.455375348214,1,1,1.8052731883947777,false
scr/src/main/java/org/apache/felix/scr/impl/Activator.java,221.0,13.0,0.0,9.0,58.0,37.0,21.0,fmeschbe@13f79535-47bb-0310-9956-ffa450edef68,1,0.0016181229773462784,5.0,2.0,0.0,2.0,294.0851063829787,3910.455375348214,1,4,1.8052731883947777,false
scr/src/main/java/org/apache/felix/scr/impl/BundleComponentActivator.java,331.0,24.0,77.0,19.0,85.0,67.0,9.0,fmeschbe@13f79535-47bb-0310-9956-ffa450edef68,1,0.0016181229773462784,11.0,0.0,3.0,0.0,294.0851063829787,3910.455375348214,1,5,1.8052731883947777,true
scr/src/main/java/org/apache/felix/scr/impl/ComponentActorThread.java,69.0,2.0,3.0,6.0,14.0,16.0,0.0,fmeschbe@13f79535-47bb-0310-9956-ffa450edef68,0,0.0,0.0,0.0,0.0,0.0,0.0,0.0,0,5,0.0,false
scr/src/main/java/org/apache/felix/scr/impl/ComponentRegistry.java,378.0,30.0,188.0,24.0,98.0,73.0,10.0,fmeschbe@13f79535-47bb-0310-9956-ffa450edef68,1,0.0016181229773462784,10.0,3.0,3.0,3.0,294.0851063829787,3910.455375348214,1,2,1.8052731883947777,false
scr/src/main/java/org/apache/felix/scr/impl/ScrCommand.java,303.0,16.0,20.0,9.0,80.0,32.0,6.0,fmeschbe@13f79535-47bb-0310-9956-ffa450edef68,1,0.0016181229773462784,20.0,3.0,3.0,7.0,294.0851063829787,3910.455375348214,1,1,1.8052731883947777,true
scr/src/main/java/org/apache/felix/scr/impl/config/ComponentHolder.java,46.0,5.0,36.0,9.0,0.0,11.0,19.0,djencks@13f79535-47bb-0310-9956-ffa450edef68,1,0.0016181229773462784,6.0,0.0,0.0,0.0,294.0851063829787,3910.455375348214,1,2,1.8052731883947777,false
scr/src/main/java/org/apache/felix/scr/impl/config/ConfigurationSupport.java,186.0,17.0,32.0,9.0,54.0,36.0,14.0,djencks@13f79535-47bb-0310-9956-ffa450edef68,0,0.0,0.0,0.0,0.0,0.0,0.0,0.0,0,2,0.0,false
scr/src/main/java/org/apache/felix/scr/impl/config/ImmediateComponentHolder.java,272.0,14.0,54.0,17.0,61.0,56.0,2.0,djencks@13f79535-47bb-0310-9956-ffa450edef68,1,0.0016181229773462784,20.0,0.0,8.0,4.0,294.0851063829787,3910.455375348214,1,4,1.8052731883947777,false
scr/src/main/java/org/apache/felix/scr/impl/helper/ActivateMethod.java,139.0,4.0,36.0,9.0,25.0,33.0,15.0,fmeschbe@13f79535-47bb-0310-9956-ffa450edef68,1,0.0016181229773462784,6.0,0.0,0.0,0.0,294.0851063829787,3910.455375348214,1,2,1.8052731883947777,false
scr/src/main/java/org/apache/felix/scr/impl/helper/BaseMethod.java,306.0,9.0,148.0,20.0,47.0,64.0,15.0,fmeschbe@13f79535-47bb-0310-9956-ffa450edef68,1,0.0016181229773462784,4.0,0.0,0.0,0.0,294.0851063829787,3910.455375348214,1,5,1.8052731883947777,false
scr/src/main/java/org/apache/felix/scr/impl/helper/BindMethod.java,300.0,9.0,43.0,11.0,55.0,52.0,10.0,djencks@13f79535-47bb-0310-9956-ffa450edef68,1,0.0016181229773462784,8.0,0.0,4.0,0.0,294.0851063829787,3910.455375348214,1,1,1.8052731883947777,false
scr/src/main/java/org/apache/felix/scr/impl/helper/BindMethods.java,22.0,1.0,0.0,4.0,4.0,7.0,15.0,cziegeler@13f79535-47bb-0310-9956-ffa450edef68,1,0.0016181229773462784,17.0,0.0,0.0,0.0,294.0851063829787,3910.455375348214,1,0,1.8052731883947777,false
scr/src/main/java/org/apache/felix/scr/impl/helper/ComponentMethods.java,37.0,5.0,2.0,5.0,14.0,13.0,15.0,djencks@13f79535-47bb-0310-9956-ffa450edef68,1,0.0016181229773462784,12.0,0.0,0.0,0.0,294.0851063829787,3910.455375348214,1,0,1.8052731883947777,false
scr/src/main/java/org/apache/felix/scr/impl/helper/DeactivateMethod.java,12.0,0.0,3.0,3.0,1.0,5.0,15.0,fmeschbe@13f79535-47bb-0310-9956-ffa450edef68,1,0.0016181229773462784,10.0,0.0,0.0,0.0,294.0851063829787,3910.455375348214,1,0,1.8052731883947777,false
scr/src/main/java/org/apache/felix/scr/impl/helper/Logger.java,28.0,1.0,3.0,3.0,0.0,10.0,6.0,fmeschbe@13f79535-47bb-0310-9956-ffa450edef68,1,0.0016181229773462784,33.0,0.0,0.0,0.0,294.0851063829787,3910.455375348214,1,0,1.8052731883947777,false
scr/src/main/java/org/apache/felix/scr/impl/helper/MethodResult.java,24.0,1.0,0.0,3.0,0.0,5.0,19.0,fmeschbe@13f79535-47bb-0310-9956-ffa450edef68,1,0.0016181229773462784,50.0,0.0,0.0,0.0,294.0851063829787,3910.455375348214,1,0,1.8052731883947777,false
scr/src/main/java/org/apache/felix/scr/impl/helper/ModifiedMethod.java,11.0,0.0,3.0,3.0,0.0,7.0,15.0,fmeschbe@13f79535-47bb-0310-9956-ffa450edef68,1,0.0016181229773462784,12.0,0.0,0.0,0.0,294.0851063829787,3910.455375348214,1,0,1.8052731883947777,false
scr/src/main/java/org/apache/felix/scr/impl/helper/UnbindMethod.java,11.0,0.0,1.0,2.0,0.0,3.0,15.0,djencks@13f79535-47bb-0310-9956-ffa450edef68,1,0.0016181229773462784,12.0,0.0,0.0,0.0,294.0851063829787,3910.455375348214,1,0,1.8052731883947777,false
scr/src/main/java/org/apache/felix/scr/impl/helper/UpdatedMethod.java,11.0,0.0,1.0,2.0,0.0,3.0,15.0,djencks@13f79535-47bb-0310-9956-ffa450edef68,1,0.0016181229773462784,14.0,0.0,0.0,0.0,294.0851063829787,3910.455375348214,1,0,1.8052731883947777,false
scr/src/main/java/org/apache/felix/scr/impl/manager/AbstractComponentManager.java,985.0,33.0,3379.0,91.0,191.0,218.0,6.0,djencks@13f79535-47bb-0310-9956-ffa450edef68,1,0.0016181229773462784,9.0,2.0,1.0,0.0,294.0851063829787,3910.455375348214,1,16,1.8052731883947777,true
scr/src/main/java/org/apache/felix/scr/impl/manager/ComponentFactoryImpl.java,236.0,19.0,393.0,30.0,76.0,70.0,8.0,djencks@13f79535-47bb-0310-9956-ffa450edef68,1,0.0016181229773462784,6.0,1.0,1.0,0.0,294.0851063829787,3910.455375348214,1,11,1.8052731883947777,false
scr/src/main/java/org/apache/felix/scr/impl/manager/ConfigurationComponentFactoryImpl.java,111.0,12.0,0.0,8.0,34.0,22.0,19.0,djencks@13f79535-47bb-0310-9956-ffa450edef68,1,0.0016181229773462784,4.0,0.0,0.0,0.0,294.0851063829787,3910.455375348214,1,2,1.8052731883947777,false
scr/src/main/java/org/apache/felix/scr/impl/manager/DelayedComponentManager.java,13.0,4.0,0.0,1.0,0.0,1.0,19.0,fmeschbe@13f79535-47bb-0310-9956-ffa450edef68,1,0.0016181229773462784,6.0,0.0,0.0,0.0,294.0851063829787,3910.455375348214,1,2,1.8052731883947777,false
scr/src/main/java/org/apache/felix/scr/impl/manager/DependencyManager.java,1086.0,27.0,92.0,40.0,191.0,136.0,4.0,djencks@13f79535-47bb-0310-9956-ffa450edef68,2,0.003236245954692557,19.0,1.0,5.0,5.0,571.1818805765272,5633.495993715762,2,15,1.6637732430517742,true
scr/src/main/java/org/apache/felix/scr/impl/manager/ImmediateComponentManager.java,372.0,17.0,366.0,32.0,122.0,85.0,6.0,djencks@13f79535-47bb-0310-9956-ffa450edef68,1,0.0016181229773462784,11.0,1.0,2.0,1.0,294.0851063829787,3910.455375348214,1,15,1.8052731883947777,false
scr/src/main/java/org/apache/felix/scr/impl/manager/RefPair.java,32.0,1.0,3.0,7.0,0.0,12.0,12.0,djencks@13f79535-47bb-0310-9956-ffa450edef68,1,0.0016181229773462784,20.0,0.0,10.0,0.0,294.0851063829787,3910.455375348214,1,0,1.8052731883947777,false
scr/src/main/java/org/apache/felix/scr/impl/manager/ServiceFactoryComponentManager.java,140.0,15.0,11.0,15.0,51.0,37.0,8.0,djencks@13f79535-47bb-0310-9956-ffa450edef68,1,0.0016181229773462784,14.0,0.0,0.0,2.0,294.0851063829787,3910.455375348214,1,6,1.8052731883947777,false
scr/src/main/java/org/apache/felix/scr/impl/manager/ServiceTracker.java,956.0,18.0,20.0,28.0,78.0,106.0,4.0,djencks@13f79535-47bb-0310-9956-ffa450edef68,1,0.0016181229773462784,77.0,8.0,31.0,8.0,294.0851063829787,3910.455375348214,1,0,1.8052731883947777,true
scr/src/main/java/org/apache/felix/scr/impl/manager/ServiceTrackerCustomizer.java,30.0,1.0,6.0,4.0,0.0,11.0,4.0,djencks@13f79535-47bb-0310-9956-ffa450edef68,1,0.0016181229773462784,83.0,17.0,33.0,17.0,294.0851063829787,3910.455375348214,1,0,1.8052731883947777,true
scr/src/main/java/org/apache/felix/scr/impl/metadata/ComponentMetadata.java,474.0,11.0,575.0,42.0,29.0,129.0,19.0,fmeschbe@13f79535-47bb-0310-9956-ffa450edef68,1,0.0016181229773462784,4.0,0.0,0.0,0.0,294.0851063829787,3910.455375348214,1,0,1.8052731883947777,false
scr/src/main/java/org/apache/felix/scr/impl/metadata/PropertyMetadata.java,216.0,3.0,0.0,10.0,26.0,37.0,19.0,fmeschbe@13f79535-47bb-0310-9956-ffa450edef68,1,0.0016181229773462784,12.0,0.0,0.0,0.0,294.0851063829787,3910.455375348214,1,2,1.8052731883947777,false
scr/src/main/java/org/apache/felix/scr/impl/metadata/ServiceMetadata.java,51.0,3.0,0.0,5.0,5.0,15.0,19.0,djencks@13f79535-47bb-0310-9956-ffa450edef68,1,0.0016181229773462784,12.0,0.0,0.0,0.0,294.0851063829787,3910.455375348214,1,0,1.8052731883947777,false
scr/src/main/java/org/apache/felix/scr/impl/metadata/XmlHandler.java,261.0,14.0,20.0,9.0,50.0,23.0,12.0,djencks@13f79535-47bb-0310-9956-ffa450edef68,1,0.0016181229773462784,9.0,0.0,0.0,0.0,294.0851063829787,3910.455375348214,1,0,1.8052731883947777,true
scr/src/test/java/org/apache/felix/scr/impl/MockLogger.java,17.0,3.0,4.0,4.0,4.0,9.0,6.0,fmeschbe@13f79535-47bb-0310-9956-ffa450edef68,1,0.0016181229773462784,25.0,0.0,0.0,0.0,294.0851063829787,3910.455375348214,1,0,1.8052731883947777,false
scr/src/test/java/org/apache/felix/scr/impl/helper/ActivateMethodTest.java,170.0,13.0,76.0,20.0,49.0,45.0,15.0,fmeschbe@13f79535-47bb-0310-9956-ffa450edef68,1,0.0016181229773462784,6.0,0.0,0.0,0.0,294.0851063829787,3910.455375348214,1,1,1.8052731883947777,false
scr/src/test/java/org/apache/felix/scr/impl/helper/BindMethodTest.java,276.0,13.0,739.0,39.0,50.0,42.0,15.0,djencks@13f79535-47bb-0310-9956-ffa450edef68,1,0.0016181229773462784,6.0,0.0,0.0,0.0,294.0851063829787,3910.455375348214,1,0,1.8052731883947777,false
scr/src/test/java/org/apache/felix/scr/impl/metadata/ComponentMetadataTest.java,614.0,4.0,120.0,49.0,257.0,105.0,19.0,fmeschbe@13f79535-47bb-0310-9956-ffa450edef68,1,0.0016181229773462784,7.0,0.0,0.0,0.0,294.0851063829787,3910.455375348214,1,1,1.8052731883947777,false
scr/src/test/java/org/apache/felix/scr/integration/CircularReferenceTest.java,217.0,11.0,36.0,9.0,96.0,13.0,4.0,djencks@13f79535-47bb-0310-9956-ffa450edef68,1,0.0016181229773462784,8.0,0.0,8.0,0.0,294.0851063829787,3910.455375348214,1,0,1.8052731883947777,false
scr/src/test/java/org/apache/felix/scr/integration/ComponentActivationTest.java,132.0,7.0,36.0,9.0,90.0,9.0,0.0,fmeschbe@13f79535-47bb-0310-9956-ffa450edef68,0,0.0,0.0,0.0,0.0,0.0,0.0,0.0,0,1,0.0,false
scr/src/test/java/org/apache/felix/scr/integration/ComponentConcurrencyTest.java,29.0,8.0,1.0,2.0,11.0,5.0,0.0,pderop@13f79535-47bb-0310-9956-ffa450edef68,0,0.0,0.0,0.0,0.0,0.0,0.0,0.0,0,2,0.0,false
scr/src/test/java/org/apache/felix/scr/integration/ComponentFactoryTest.java,340.0,18.0,0.0,6.0,132.0,20.0,0.0,djencks@13f79535-47bb-0310-9956-ffa450edef68,0,0.0,0.0,0.0,0.0,0.0,0.0,0.0,0,5,0.0,true
scr/src/test/java/org/apache/felix/scr/integration/ComponentTestBase.java,522.0,53.0,162.0,20.0,118.0,67.0,2.0,djencks@13f79535-47bb-0310-9956-ffa450edef68,1,0.0016181229773462784,4.0,0.0,2.0,2.0,294.0851063829787,3910.455375348214,1,4,1.8052731883947777,true
scr/src/test/java/org/apache/felix/scr/integration/Felix3680Test.java,32.0,8.0,1.0,2.0,13.0,6.0,0.0,pderop@13f79535-47bb-0310-9956-ffa450edef68,0,0.0,0.0,0.0,0.0,0.0,0.0,0.0,0,1,0.0,false
scr/src/test/java/org/apache/felix/scr/integration/Felix3680_2Test.java,29.0,8.0,1.0,2.0,13.0,6.0,3.0,djencks@13f79535-47bb-0310-9956-ffa450edef68,1,0.0016181229773462784,14.0,0.0,0.0,14.0,294.0851063829787,3910.455375348214,1,1,1.8052731883947777,false
scr/src/test/java/org/apache/felix/scr/integration/components/ActivatorComponent.java,35.0,3.0,2.0,5.0,5.0,11.0,0.0,fmeschbe@13f79535-47bb-0310-9956-ffa450edef68,0,0.0,0.0,0.0,0.0,0.0,0.0,0.0,0,1,0.0,false
scr/src/test/java/org/apache/felix/scr/integration/components/circular/B.java,19.0,3.0,0.0,4.0,2.0,5.0,1.0,djencks@13f79535-47bb-0310-9956-ffa450edef68,1,0.0016181229773462784,50.0,0.0,50.0,0.0,294.0851063829787,3910.455375348214,1,0,1.8052731883947777,false
scr/src/test/java/org/apache/felix/scr/integration/components/felix3680/B.java,6.0,0.0,1.0,2.0,0.0,2.0,1.0,pderop@13f79535-47bb-0310-9956-ffa450edef68,0,0.0,0.0,0.0,0.0,0.0,0.0,0.0,0,0,0.0,false
scr/src/test/java/org/apache/felix/scr/integration/components/felix3680/C.java,6.0,0.0,1.0,2.0,0.0,2.0,0.0,pderop@13f79535-47bb-0310-9956-ffa450edef68,0,0.0,0.0,0.0,0.0,0.0,0.0,0.0,0,0,0.0,false
scr/src/test/java/org/apache/felix/scr/integration/components/felix3680/D.java,6.0,0.0,1.0,2.0,0.0,2.0,0.0,pderop@13f79535-47bb-0310-9956-ffa450edef68,0,0.0,0.0,0.0,0.0,0.0,0.0,0.0,0,0,0.0,false
scr/src/test/java/org/apache/felix/scr/integration/components/felix3680/E.java,6.0,0.0,1.0,2.0,0.0,2.0,0.0,pderop@13f79535-47bb-0310-9956-ffa450edef68,0,0.0,0.0,0.0,0.0,0.0,0.0,0.0,0,0,0.0,false
scr/src/test/java/org/apache/felix/scr/integration/components/felix3680/F.java,8.0,0.0,3.0,3.0,0.0,3.0,0.0,pderop@13f79535-47bb-0310-9956-ffa450edef68,0,0.0,0.0,0.0,0.0,0.0,0.0,0.0,0,0,0.0,false
scr/src/test/java/org/apache/felix/scr/integration/components/felix3680/G.java,8.0,0.0,3.0,3.0,0.0,3.0,0.0,pderop@13f79535-47bb-0310-9956-ffa450edef68,0,0.0,0.0,0.0,0.0,0.0,0.0,0.0,0,0,0.0,false
scr/src/test/java/org/apache/felix/scr/integration/components/felix3680/H.java,8.0,0.0,3.0,3.0,0.0,3.0,0.0,pderop@13f79535-47bb-0310-9956-ffa450edef68,0,0.0,0.0,0.0,0.0,0.0,0.0,0.0,0,0,0.0,false
scr/src/test/java/org/apache/felix/scr/integration/components/felix3680/I.java,8.0,0.0,3.0,3.0,0.0,3.0,0.0,pderop@13f79535-47bb-0310-9956-ffa450edef68,0,0.0,0.0,0.0,0.0,0.0,0.0,0.0,0,0,0.0,false
scr/src/test/java/org/apache/felix/scr/integration/components/felix3680/J.java,8.0,0.0,3.0,3.0,0.0,3.0,0.0,pderop@13f79535-47bb-0310-9956-ffa450edef68,0,0.0,0.0,0.0,0.0,0.0,0.0,0.0,0,0,0.0,false
scr/src/test/java/org/apache/felix/scr/integration/components/felix3680/K.java,6.0,0.0,1.0,2.0,0.0,2.0,0.0,pderop@13f79535-47bb-0310-9956-ffa450edef68,0,0.0,0.0,0.0,0.0,0.0,0.0,0.0,0,0,0.0,false
scr/src/test/java/org/apache/felix/scr/integration/components/felix3680/Main.java,189.0,14.0,13.0,10.0,25.0,24.0,3.0,pderop@13f79535-47bb-0310-9956-ffa450edef68,0,0.0,0.0,0.0,0.0,0.0,0.0,0.0,0,2,0.0,false
scr/src/test/java/org/apache/felix/scr/integration/components/felix3680_2/A.java,24.0,0.0,55.0,11.0,0.0,11.0,0.0,pderop@13f79535-47bb-0310-9956-ffa450edef68,0,0.0,0.0,0.0,0.0,0.0,0.0,0.0,0,0,0.0,false
scr/src/test/java/org/apache/felix/scr/integration/components/felix3680_2/B.java,2.0,0.0,0.0,0.0,0.0,0.0,1.0,pderop@13f79535-47bb-0310-9956-ffa450edef68,0,0.0,0.0,0.0,0.0,0.0,0.0,0.0,0,0,0.0,false
scr/src/test/java/org/apache/felix/scr/integration/components/felix3680_2/C.java,2.0,0.0,0.0,0.0,0.0,0.0,0.0,pderop@13f79535-47bb-0310-9956-ffa450edef68,0,0.0,0.0,0.0,0.0,0.0,0.0,0.0,0,0,0.0,false
scr/src/test/java/org/apache/felix/scr/integration/components/felix3680_2/D.java,2.0,0.0,0.0,0.0,0.0,0.0,0.0,pderop@13f79535-47bb-0310-9956-ffa450edef68,0,0.0,0.0,0.0,0.0,0.0,0.0,0.0,0,0,0.0,false
scr/src/test/java/org/apache/felix/scr/integration/components/felix3680_2/E.java,2.0,0.0,0.0,0.0,0.0,0.0,0.0,pderop@13f79535-47bb-0310-9956-ffa450edef68,0,0.0,0.0,0.0,0.0,0.0,0.0,0.0,0,0,0.0,false
scr/src/test/java/org/apache/felix/scr/integration/components/felix3680_2/F.java,2.0,0.0,0.0,0.0,0.0,0.0,0.0,pderop@13f79535-47bb-0310-9956-ffa450edef68,0,0.0,0.0,0.0,0.0,0.0,0.0,0.0,0,0,0.0,false
scr/src/test/java/org/apache/felix/scr/integration/components/felix3680_2/G.java,2.0,0.0,0.0,0.0,0.0,0.0,0.0,pderop@13f79535-47bb-0310-9956-ffa450edef68,0,0.0,0.0,0.0,0.0,0.0,0.0,0.0,0,0,0.0,false
scr/src/test/java/org/apache/felix/scr/integration/components/felix3680_2/H.java,2.0,0.0,0.0,0.0,0.0,0.0,0.0,pderop@13f79535-47bb-0310-9956-ffa450edef68,0,0.0,0.0,0.0,0.0,0.0,0.0,0.0,0,0,0.0,false
scr/src/test/java/org/apache/felix/scr/integration/components/felix3680_2/I.java,2.0,0.0,0.0,0.0,0.0,0.0,0.0,pderop@13f79535-47bb-0310-9956-ffa450edef68,0,0.0,0.0,0.0,0.0,0.0,0.0,0.0,0,0,0.0,false
scr/src/test/java/org/apache/felix/scr/integration/components/felix3680_2/J.java,2.0,0.0,0.0,0.0,0.0,0.0,0.0,pderop@13f79535-47bb-0310-9956-ffa450edef68,0,0.0,0.0,0.0,0.0,0.0,0.0,0.0,0,0,0.0,false
scr/src/test/java/org/apache/felix/scr/integration/components/felix3680_2/K.java,2.0,0.0,0.0,0.0,0.0,0.0,0.0,pderop@13f79535-47bb-0310-9956-ffa450edef68,0,0.0,0.0,0.0,0.0,0.0,0.0,0.0,0,0,0.0,false
scr/src/test/java/org/apache/felix/scr/integration/components/felix3680_2/Main.java,187.0,12.0,14.0,9.0,24.0,20.0,3.0,djencks@13f79535-47bb-0310-9956-ffa450edef68,1,0.0016181229773462784,33.0,0.0,17.0,17.0,294.0851063829787,3910.455375348214,1,1,1.8052731883947777,false
scrplugin/ds-annotations/src/main/java/org/apache/felix/scrplugin/ds/DSAnnotationProcessor.java,205.0,28.0,21.0,7.0,77.0,25.0,1.0,cziegeler@13f79535-47bb-0310-9956-ffa450edef68,1,0.0016181229773462784,8.0,0.0,0.0,0.0,1118.867469879518,6972.0,1,0,1.4629869819081451,false
scrplugin/generator/src/main/java/org/apache/felix/scrplugin/SCRDescriptorGenerator.java,414.0,30.0,25.0,11.0,161.0,41.0,1.0,cziegeler@13f79535-47bb-0310-9956-ffa450edef68,1,0.0016181229773462784,7.0,0.0,0.0,0.0,1118.867469879518,6972.0,1,0,1.4629869819081451,false
scrplugin/generator/src/main/java/org/apache/felix/scrplugin/helper/ClassModifier.java,89.0,11.0,3.0,3.0,33.0,15.0,1.0,cziegeler@13f79535-47bb-0310-9956-ffa450edef68,1,0.0016181229773462784,11.0,0.0,11.0,0.0,1118.867469879518,6972.0,1,1,1.4629869819081451,false
scrplugin/generator/src/main/java/org/apache/felix/scrplugin/helper/ClassScanner.java,510.0,43.0,46.0,13.0,104.0,66.0,1.0,cziegeler@13f79535-47bb-0310-9956-ffa450edef68,1,0.0016181229773462784,25.0,0.0,0.0,5.0,1118.867469879518,6972.0,1,0,1.4629869819081451,false
scrplugin/generator/src/main/java/org/apache/felix/scrplugin/helper/Validator.java,421.0,19.0,0.0,12.0,136.0,62.0,2.0,cziegeler@13f79535-47bb-0310-9956-ffa450edef68,1,0.0016181229773462784,11.0,0.0,0.0,0.0,1118.867469879518,6972.0,1,0,1.4629869819081451,false
scrplugin/generator/src/main/java/org/apache/felix/scrplugin/xml/ComponentDescriptorIO.java,622.0,35.0,12.0,9.0,118.0,41.0,2.0,cziegeler@13f79535-47bb-0310-9956-ffa450edef68,1,0.0016181229773462784,19.0,3.0,0.0,0.0,1118.867469879518,6972.0,1,1,1.4629869819081451,false
scrplugin/maven-scr-plugin/src/it/basic-build-it/src/main/java/org/apache/felix/scr/SimpleDSComponent.java,18.0,10.0,1.0,3.0,2.0,3.0,6.0,cziegeler@13f79535-47bb-0310-9956-ffa450edef68,1,0.0016181229773462784,100.0,0.0,0.0,0.0,1118.867469879518,6972.0,1,0,1.4629869819081451,false
scrplugin/maven-scr-plugin/src/it/external-annotations-it/src/main/java/org/apache/felix/scr/SimpleDSComponent.java,20.0,11.0,8.0,5.0,2.0,5.0,6.0,cziegeler@13f79535-47bb-0310-9956-ffa450edef68,1,0.0016181229773462784,50.0,0.0,0.0,0.0,1118.867469879518,6972.0,1,0,1.4629869819081451,false
scrplugin/maven-scr-plugin/src/main/java/org/apache/felix/scrplugin/mojo/MavenProjectScanner.java,156.0,12.0,21.0,10.0,55.0,34.0,2.0,cziegeler@13f79535-47bb-0310-9956-ffa450edef68,1,0.0016181229773462784,17.0,0.0,0.0,0.0,1118.867469879518,6972.0,1,0,1.4629869819081451,false
scrplugin/maven-scr-plugin/src/main/java/org/apache/felix/scrplugin/mojo/SCRDescriptorMojo.java,286.0,31.0,19.0,10.0,97.0,39.0,2.0,cziegeler@13f79535-47bb-0310-9956-ffa450edef68,1,0.0016181229773462784,3.0,0.0,0.0,0.0,1118.867469879518,6972.0,1,0,1.4629869819081451,false
useradmin/filestore/src/main/java/org/apache/felix/useradmin/filestore/ResettableTimer.java,83.0,5.0,0.0,6.0,10.0,15.0,35.0,jawi@13f79535-47bb-0310-9956-ffa450edef68,1,0.0016181229773462784,50.0,0.0,50.0,50.0,454.3030303030303,2134.338322939771,1,0,2.7013612129514133,false
useradmin/filestore/src/main/java/org/apache/felix/useradmin/filestore/RoleRepositoryFileStore.java,187.0,21.0,46.0,12.0,29.0,34.0,18.0,jawi@13f79535-47bb-0310-9956-ffa450edef68,1,0.0016181229773462784,67.0,0.0,33.0,33.0,454.3030303030303,2134.338322939771,1,0,2.7013612129514133,false
useradmin/filestore/src/main/java/org/apache/felix/useradmin/filestore/RoleRepositoryMemoryStore.java,45.0,12.0,0.0,4.0,15.0,17.0,23.0,jawi@13f79535-47bb-0310-9956-ffa450edef68,1,0.0016181229773462784,67.0,0.0,33.0,33.0,454.3030303030303,2134.338322939771,1,0,2.7013612129514133,false
useradmin/filestore/src/main/java/org/apache/felix/useradmin/filestore/RoleRepositorySerializer.java,346.0,19.0,134.0,17.0,103.0,82.0,35.0,jawi@13f79535-47bb-0310-9956-ffa450edef68,1,0.0016181229773462784,50.0,0.0,50.0,50.0,454.3030303030303,2134.338322939771,1,0,2.7013612129514133,false
useradmin/filestore/src/main/java/org/apache/felix/useradmin/filestore/osgi/Activator.java,20.0,8.0,0.0,2.0,6.0,5.0,21.0,jawi@13f79535-47bb-0310-9956-ffa450edef68,1,0.0016181229773462784,50.0,0.0,50.0,50.0,454.3030303030303,2134.338322939771,1,0,2.7013612129514133,false
useradmin/filestore/src/test/java/org/apache/felix/useradmin/filestore/RoleRepositoryFileStorePerformanceTest.java,103.0,8.0,39.0,11.0,36.0,22.0,35.0,jawi@13f79535-47bb-0310-9956-ffa450edef68,1,0.0016181229773462784,50.0,0.0,50.0,50.0,454.3030303030303,2134.338322939771,1,0,2.7013612129514133,false
useradmin/filestore/src/test/java/org/apache/felix/useradmin/filestore/RoleRepositorySerializerTest.java,277.0,17.0,100.0,20.0,120.0,42.0,35.0,jawi@13f79535-47bb-0310-9956-ffa450edef68,1,0.0016181229773462784,50.0,0.0,50.0,50.0,454.3030303030303,2134.338322939771,1,0,2.7013612129514133,false
useradmin/itest/src/test/java/org/apache/felix/useradmin/itest/BaseIntegrationTest.java,70.0,20.0,3.0,6.0,25.0,21.0,18.0,jawi@13f79535-47bb-0310-9956-ffa450edef68,1,0.0016181229773462784,40.0,0.0,20.0,20.0,454.3030303030303,2134.338322939771,1,0,2.7013612129514133,true
useradmin/itest/src/test/java/org/apache/felix/useradmin/itest/FileStoreInitializationTest.java,42.0,11.0,0.0,1.0,16.0,3.0,35.0,jawi@13f79535-47bb-0310-9956-ffa450edef68,1,0.0016181229773462784,33.0,0.0,33.0,33.0,454.3030303030303,2134.338322939771,1,0,2.7013612129514133,true
useradmin/itest/src/test/java/org/apache/felix/useradmin/itest/UserAdminIntegrationTest.java,69.0,9.0,1.0,2.0,31.0,4.0,0.0,jawi@13f79535-47bb-0310-9956-ffa450edef68,0,0.0,0.0,0.0,0.0,0.0,0.0,0.0,0,0,0.0,true
useradmin/mongodb/src/main/java/org/apache/felix/useradmin/mongodb/MongoDBStore.java,253.0,22.0,67.0,15.0,62.0,54.0,15.0,jawi@13f79535-47bb-0310-9956-ffa450edef68,1,0.0016181229773462784,50.0,0.0,33.0,17.0,454.3030303030303,2134.338322939771,1,1,2.7013612129514133,true
useradmin/mongodb/src/main/java/org/apache/felix/useradmin/mongodb/MongoSerializerHelper.java,158.0,12.0,33.0,10.0,44.0,31.0,35.0,jawi@13f79535-47bb-0310-9956-ffa450edef68,1,0.0016181229773462784,33.0,0.0,33.0,33.0,454.3030303030303,2134.338322939771,1,0,2.7013612129514133,true
useradmin/mongodb/src/main/java/org/apache/felix/useradmin/mongodb/osgi/Activator.java,27.0,8.0,0.0,2.0,6.0,5.0,21.0,jawi@13f79535-47bb-0310-9956-ffa450edef68,1,0.0016181229773462784,50.0,0.0,50.0,50.0,454.3030303030303,2134.338322939771,1,0,2.7013612129514133,false
useradmin/useradmin/src/main/java/org/apache/felix/useradmin/RoleFactory.java,55.0,6.0,10.0,5.0,3.0,11.0,35.0,jawi@13f79535-47bb-0310-9956-ffa450edef68,1,0.0016181229773462784,50.0,0.0,50.0,50.0,454.3030303030303,2134.338322939771,1,0,2.7013612129514133,false
useradmin/useradmin/src/main/java/org/apache/felix/useradmin/RoleRepositoryStore.java,37.0,1.0,6.0,4.0,0.0,18.0,23.0,jawi@13f79535-47bb-0310-9956-ffa450edef68,1,0.0016181229773462784,67.0,0.0,33.0,33.0,454.3030303030303,2134.338322939771,1,0,2.7013612129514133,false
useradmin/useradmin/src/main/java/org/apache/felix/useradmin/impl/AuthorizationImpl.java,57.0,6.0,2.0,5.0,14.0,14.0,0.0,jawi@13f79535-47bb-0310-9956-ffa450edef68,0,0.0,0.0,0.0,0.0,0.0,0.0,0.0,0,0,0.0,false
useradmin/useradmin/src/main/java/org/apache/felix/useradmin/impl/RoleChecker.java,71.0,4.0,3.0,3.0,10.0,16.0,0.0,jawi@13f79535-47bb-0310-9956-ffa450edef68,0,0.0,0.0,0.0,0.0,0.0,0.0,0.0,0,0,0.0,false
useradmin/useradmin/src/main/java/org/apache/felix/useradmin/impl/RoleRepository.java,300.0,11.0,58.0,16.0,42.0,69.0,23.0,jawi@13f79535-47bb-0310-9956-ffa450edef68,1,0.0016181229773462784,50.0,0.0,25.0,25.0,454.3030303030303,2134.338322939771,1,0,2.7013612129514133,false
useradmin/useradmin/src/main/java/org/apache/felix/useradmin/impl/UserAdminImpl.java,127.0,12.0,31.0,15.0,26.0,32.0,23.0,jawi@13f79535-47bb-0310-9956-ffa450edef68,1,0.0016181229773462784,67.0,0.0,33.0,33.0,454.3030303030303,2134.338322939771,1,0,2.7013612129514133,false
useradmin/useradmin/src/main/java/org/apache/felix/useradmin/impl/role/GroupImpl.java,103.0,6.0,0.0,8.0,21.0,22.0,35.0,jawi@13f79535-47bb-0310-9956-ffa450edef68,1,0.0016181229773462784,25.0,0.0,25.0,25.0,454.3030303030303,2134.338322939771,1,0,2.7013612129514133,false
useradmin/useradmin/src/main/java/org/apache/felix/useradmin/impl/role/ObservableDictionary.java,189.0,5.0,0.0,14.0,21.0,42.0,35.0,jawi@13f79535-47bb-0310-9956-ffa450edef68,1,0.0016181229773462784,50.0,0.0,50.0,50.0,454.3030303030303,2134.338322939771,1,0,2.7013612129514133,false
useradmin/useradmin/src/main/java/org/apache/felix/useradmin/impl/role/ObservableGroup.java,71.0,2.0,17.0,7.0,13.0,26.0,35.0,jawi@13f79535-47bb-0310-9956-ffa450edef68,1,0.0016181229773462784,100.0,0.0,100.0,100.0,454.3030303030303,2134.338322939771,1,0,2.7013612129514133,false
useradmin/useradmin/src/main/java/org/apache/felix/useradmin/impl/role/ObservableProperties.java,49.0,2.0,10.0,5.0,0.0,16.0,35.0,jawi@13f79535-47bb-0310-9956-ffa450edef68,1,0.0016181229773462784,50.0,0.0,50.0,50.0,454.3030303030303,2134.338322939771,1,0,2.7013612129514133,false
useradmin/useradmin/src/main/java/org/apache/felix/useradmin/impl/role/ObservableRole.java,112.0,8.0,22.0,12.0,12.0,31.0,35.0,jawi@13f79535-47bb-0310-9956-ffa450edef68,1,0.0016181229773462784,100.0,0.0,100.0,100.0,454.3030303030303,2134.338322939771,1,0,2.7013612129514133,false
useradmin/useradmin/src/main/java/org/apache/felix/useradmin/impl/role/ObservableUser.java,28.0,3.0,0.0,4.0,5.0,10.0,35.0,jawi@13f79535-47bb-0310-9956-ffa450edef68,1,0.0016181229773462784,100.0,0.0,100.0,100.0,454.3030303030303,2134.338322939771,1,0,2.7013612129514133,false
useradmin/useradmin/src/main/java/org/apache/felix/useradmin/impl/role/RoleImpl.java,87.0,4.0,8.0,8.0,6.0,18.0,35.0,jawi@13f79535-47bb-0310-9956-ffa450edef68,1,0.0016181229773462784,25.0,0.0,25.0,25.0,454.3030303030303,2134.338322939771,1,0,2.7013612129514133,false
useradmin/useradmin/src/main/java/org/apache/felix/useradmin/impl/role/UserImpl.java,70.0,5.0,4.0,5.0,4.0,10.0,35.0,jawi@13f79535-47bb-0310-9956-ffa450edef68,1,0.0016181229773462784,25.0,0.0,25.0,25.0,454.3030303030303,2134.338322939771,1,0,2.7013612129514133,false
useradmin/useradmin/src/main/java/org/apache/felix/useradmin/osgi/RoleRepositoryStoreHelper.java,47.0,4.0,15.0,6.0,10.0,19.0,23.0,jawi@13f79535-47bb-0310-9956-ffa450edef68,1,0.0016181229773462784,50.0,0.0,25.0,25.0,454.3030303030303,2134.338322939771,1,1,2.7013612129514133,false
useradmin/useradmin/src/main/java/org/apache/felix/useradmin/osgi/ServiceContext.java,38.0,3.0,0.0,3.0,4.0,3.0,35.0,jawi@13f79535-47bb-0310-9956-ffa450edef68,1,0.0016181229773462784,50.0,0.0,50.0,50.0,454.3030303030303,2134.338322939771,1,0,2.7013612129514133,false
useradmin/useradmin/src/test/java/org/apache/felix/useradmin/impl/AuthorizationImplTest.java,181.0,8.0,0.0,7.0,29.0,13.0,35.0,jawi@13f79535-47bb-0310-9956-ffa450edef68,1,0.0016181229773462784,50.0,0.0,50.0,50.0,454.3030303030303,2134.338322939771,1,0,2.7013612129514133,false
useradmin/useradmin/src/test/java/org/apache/felix/useradmin/impl/CustomRoleImplTest.java,374.0,20.0,0.0,32.0,122.0,54.0,23.0,jawi@13f79535-47bb-0310-9956-ffa450edef68,1,0.0016181229773462784,100.0,0.0,50.0,50.0,454.3030303030303,2134.338322939771,1,0,2.7013612129514133,false
useradmin/useradmin/src/test/java/org/apache/felix/useradmin/impl/EventDispatcherTest.java,204.0,14.0,49.0,14.0,46.0,33.0,21.0,jawi@13f79535-47bb-0310-9956-ffa450edef68,1,0.0016181229773462784,50.0,0.0,50.0,50.0,454.3030303030303,2134.338322939771,1,0,2.7013612129514133,false
useradmin/useradmin/src/test/java/org/apache/felix/useradmin/impl/MemoryRoleRepositoryStore.java,45.0,11.0,0.0,4.0,15.0,17.0,23.0,jawi@13f79535-47bb-0310-9956-ffa450edef68,1,0.0016181229773462784,67.0,0.0,33.0,33.0,454.3030303030303,2134.338322939771,1,0,2.7013612129514133,false
useradmin/useradmin/src/test/java/org/apache/felix/useradmin/impl/RoleCheckerTest.java,148.0,5.0,0.0,10.0,50.0,14.0,35.0,jawi@13f79535-47bb-0310-9956-ffa450edef68,1,0.0016181229773462784,50.0,0.0,50.0,50.0,454.3030303030303,2134.338322939771,1,0,2.7013612129514133,false
useradmin/useradmin/src/test/java/org/apache/felix/useradmin/impl/RoleRepositorySecurityTest.java,94.0,3.0,0.0,9.0,11.0,20.0,23.0,jawi@13f79535-47bb-0310-9956-ffa450edef68,1,0.0016181229773462784,67.0,0.0,33.0,33.0,454.3030303030303,2134.338322939771,1,0,2.7013612129514133,false
useradmin/useradmin/src/test/java/org/apache/felix/useradmin/impl/RoleRepositoryTest.java,414.0,10.0,418.0,56.0,167.0,96.0,23.0,jawi@13f79535-47bb-0310-9956-ffa450edef68,1,0.0016181229773462784,67.0,0.0,33.0,33.0,454.3030303030303,2134.338322939771,1,0,2.7013612129514133,false
useradmin/useradmin/src/test/java/org/apache/felix/useradmin/impl/UserAdminImplTest.java,660.0,12.0,0.0,53.0,262.0,76.0,23.0,jawi@13f79535-47bb-0310-9956-ffa450edef68,1,0.0016181229773462784,50.0,0.0,25.0,25.0,454.3030303030303,2134.338322939771,1,0,2.7013612129514133,false
utils/src/test/java/org/apache/felix/utils/properties/PropertiesTest.java,99.0,7.0,0.0,8.0,47.0,16.0,0.0,gnodet@13f79535-47bb-0310-9956-ffa450edef68,0,0.0,0.0,0.0,0.0,0.0,0.0,0.0,0,0,0.0,false
webconsole-plugins/ds/src/main/java/org/apache/felix/webconsole/plugins/ds/internal/WebConsolePlugin.java,389.0,28.0,151.0,18.0,107.0,58.0,25.0,vvalchev@13f79535-47bb-0310-9956-ffa450edef68,1,0.0016181229773462784,25.0,0.0,0.0,0.0,277.0967741935484,1723.0406183675473,1,1,2.3648889763302003,false
webconsole-plugins/gogo/src/main/java/org/apache/felix/webconsole/plugins/gogo/impl/GogoPlugin.java,71.0,7.0,13.0,6.0,20.0,13.0,1.0,fmeschbe@13f79535-47bb-0310-9956-ffa450edef68,1,0.0016181229773462784,25.0,0.0,0.0,0.0,277.0967741935484,1723.0406183675473,1,0,2.3648889763302003,false
webconsole/src/main/java/org/apache/felix/webconsole/AbstractWebConsolePlugin.java,560.0,14.0,604.0,36.0,139.0,124.0,18.0,fmeschbe@13f79535-47bb-0310-9956-ffa450edef68,1,0.0016181229773462784,6.0,4.0,0.0,0.0,277.0967741935484,1723.0406183675473,1,17,2.3648889763302003,false
webconsole/src/main/java/org/apache/felix/webconsole/SimpleWebConsolePlugin.java,131.0,8.0,37.0,11.0,24.0,27.0,8.0,fmeschbe@13f79535-47bb-0310-9956-ffa450edef68,1,0.0016181229773462784,33.0,17.0,0.0,0.0,277.0967741935484,1723.0406183675473,1,2,2.3648889763302003,false
webconsole/src/main/java/org/apache/felix/webconsole/WebConsoleConstants.java,66.0,0.0,0.0,0.0,0.0,0.0,16.0,fmeschbe@13f79535-47bb-0310-9956-ffa450edef68,1,0.0016181229773462784,7.0,7.0,0.0,0.0,277.0967741935484,1723.0406183675473,1,1,2.3648889763302003,false
webconsole/src/main/java/org/apache/felix/webconsole/internal/OsgiManagerPlugin.java,22.0,1.0,1.0,2.0,0.0,4.0,16.0,fmeschbe@13f79535-47bb-0310-9956-ffa450edef68,1,0.0016181229773462784,25.0,25.0,0.0,0.0,277.0967741935484,1723.0406183675473,1,0,2.3648889763302003,false
webconsole/src/main/java/org/apache/felix/webconsole/internal/compendium/LogServlet.java,148.0,19.0,43.0,10.0,60.0,29.0,8.0,fmeschbe@13f79535-47bb-0310-9956-ffa450edef68,1,0.0016181229773462784,15.0,8.0,0.0,0.0,277.0967741935484,1723.0406183675473,1,6,2.3648889763302003,false
webconsole/src/main/java/org/apache/felix/webconsole/internal/configuration/ConfigAdminSupport.java,397.0,32.0,62.0,16.0,129.0,70.0,9.0,vvalchev@13f79535-47bb-0310-9956-ffa450edef68,1,0.0016181229773462784,20.0,0.0,0.0,10.0,277.0967741935484,1723.0406183675473,1,0,2.3648889763302003,false
webconsole/src/main/java/org/apache/felix/webconsole/internal/configuration/ConfigManager.java,232.0,16.0,13.0,7.0,74.0,30.0,9.0,cziegeler@13f79535-47bb-0310-9956-ffa450edef68,1,0.0016181229773462784,29.0,0.0,0.0,14.0,277.0967741935484,1723.0406183675473,1,0,2.3648889763302003,false
webconsole/src/main/java/org/apache/felix/webconsole/internal/configuration/ConfigurationAdminConfigurationPrinter.java,77.0,15.0,3.0,3.0,31.0,11.0,10.0,fmeschbe@13f79535-47bb-0310-9956-ffa450edef68,1,0.0016181229773462784,100.0,0.0,0.0,100.0,277.0967741935484,1723.0406183675473,1,0,2.3648889763302003,false
webconsole/src/main/java/org/apache/felix/webconsole/internal/configuration/MetaTypeServiceSupport.java,174.0,12.0,74.0,13.0,37.0,46.0,14.0,vvalchev@13f79535-47bb-0310-9956-ffa450edef68,1,0.0016181229773462784,33.0,0.0,0.0,33.0,277.0967741935484,1723.0406183675473,1,0,2.3648889763302003,false
webconsole/src/main/java/org/apache/felix/webconsole/internal/configuration/MetaTypeSupport.java,247.0,13.0,28.0,9.0,53.0,40.0,14.0,vvalchev@13f79535-47bb-0310-9956-ffa450edef68,1,0.0016181229773462784,50.0,0.0,0.0,50.0,277.0967741935484,1723.0406183675473,1,0,2.3648889763302003,false
webconsole/src/main/java/org/apache/felix/webconsole/internal/configuration/MetatypePropertyDescriptor.java,31.0,1.0,0.0,8.0,10.0,15.0,14.0,vvalchev@13f79535-47bb-0310-9956-ffa450edef68,1,0.0016181229773462784,50.0,0.0,0.0,50.0,277.0967741935484,1723.0406183675473,1,0,2.3648889763302003,false
webconsole/src/main/java/org/apache/felix/webconsole/internal/configuration/PropertyDescriptor.java,40.0,0.0,35.0,10.0,0.0,19.0,14.0,vvalchev@13f79535-47bb-0310-9956-ffa450edef68,1,0.0016181229773462784,50.0,0.0,0.0,50.0,277.0967741935484,1723.0406183675473,1,0,2.3648889763302003,false
webconsole/src/main/java/org/apache/felix/webconsole/internal/core/BundlesServlet.java,1059.0,59.0,1469.0,55.0,344.0,190.0,6.0,cziegeler@13f79535-47bb-0310-9956-ffa450edef68,2,0.003236245954692557,4.0,1.0,1.0,1.0,1395.9642440730663,8695.040618367548,2,15,1.4277408098947024,false
webconsole/src/main/java/org/apache/felix/webconsole/internal/core/ServicesServlet.java,229.0,22.0,132.0,17.0,80.0,50.0,16.0,fmeschbe@13f79535-47bb-0310-9956-ffa450edef68,1,0.0016181229773462784,5.0,5.0,0.0,0.0,277.0967741935484,1723.0406183675473,1,8,2.3648889763302003,false
webconsole/src/main/java/org/apache/felix/webconsole/internal/misc/ConfigurationRender.java,385.0,16.0,74.0,13.0,88.0,42.0,9.0,fmeschbe@13f79535-47bb-0310-9956-ffa450edef68,2,0.003236245954692557,4.0,4.0,0.0,0.0,1395.9642440730663,8695.040618367548,2,10,1.2207907985592272,false
webconsole/src/main/java/org/apache/felix/webconsole/internal/misc/LicenseServlet.java,228.0,22.0,26.0,8.0,63.0,35.0,16.0,fmeschbe@13f79535-47bb-0310-9956-ffa450edef68,1,0.0016181229773462784,6.0,6.0,0.0,0.0,277.0967741935484,1723.0406183675473,1,6,2.3648889763302003,false
webconsole/src/main/java/org/apache/felix/webconsole/internal/servlet/ConfigurationMetatypeSupport.java,129.0,10.0,34.0,9.0,21.0,21.0,9.0,fmeschbe@13f79535-47bb-0310-9956-ffa450edef68,1,0.0016181229773462784,100.0,0.0,0.0,50.0,277.0967741935484,1723.0406183675473,1,0,2.3648889763302003,false
webconsole/src/main/java/org/apache/felix/webconsole/internal/servlet/ConfigurationSupport.java,9.0,2.0,0.0,2.0,1.0,2.0,14.0,fmeschbe@13f79535-47bb-0310-9956-ffa450edef68,1,0.0016181229773462784,20.0,0.0,0.0,20.0,277.0967741935484,1723.0406183675473,1,1,2.3648889763302003,false
webconsole/src/main/java/org/apache/felix/webconsole/internal/servlet/ConfigurationUtil.java,117.0,5.0,15.0,6.0,25.0,21.0,5.0,fmeschbe@13f79535-47bb-0310-9956-ffa450edef68,1,0.0016181229773462784,17.0,0.0,0.0,0.0,277.0967741935484,1723.0406183675473,1,2,2.3648889763302003,false
webconsole/src/main/java/org/apache/felix/webconsole/internal/servlet/OsgiManager.java,560.0,50.0,247.0,27.0,151.0,90.0,5.0,fmeschbe@13f79535-47bb-0310-9956-ffa450edef68,2,0.003236245954692557,6.0,1.0,0.0,1.0,1395.9642440730663,8695.040618367548,2,20,1.6841061539076017,false
webconsole/src/main/java/org/apache/felix/webconsole/internal/servlet/PluginHolder.java,483.0,23.0,150.0,21.0,52.0,55.0,5.0,fmeschbe@13f79535-47bb-0310-9956-ffa450edef68,1,0.0016181229773462784,31.0,15.0,0.0,0.0,277.0967741935484,1723.0406183675473,1,4,2.3648889763302003,false
webconsole/src/main/java/org/apache/felix/webconsole/internal/system/VMStatPlugin.java,160.0,16.0,24.0,8.0,48.0,30.0,16.0,fmeschbe@13f79535-47bb-0310-9956-ffa450edef68,1,0.0016181229773462784,8.0,8.0,0.0,0.0,277.0967741935484,1723.0406183675473,1,5,2.3648889763302003,false
