name,LOC,CBO,LCOM,NOM,RFC,WMC,ACS,Ownership,numOfChanges,numberOfFIChanges,ENH,NF,BugFixing,REF,structuralWorkloadSum,semanticWorkloadSum,numberOfDeveloper,pastFaults,MAF,isBuggy
configadmin/src/main/java/org/apache/felix/cm/file/FilePersistenceManager.java,424.0,22.0,239.0,23.0,72.0,78.0,3.0,fmeschbe@13f79535-47bb-0310-9956-ffa450edef68,1,0.0035460992907801418,8.0,8.0,8.0,0.0,264.25,409.9879604507622,1,6,2.5477075510270306,false
configadmin/src/main/java/org/apache/felix/cm/impl/helper/BaseTracker.java,129.0,17.0,78.0,16.0,39.0,40.0,4.0,fmeschbe@13f79535-47bb-0310-9956-ffa450edef68,1,0.0035460992907801418,10.0,10.0,0.0,0.0,264.25,409.9879604507622,1,4,2.5477075510270306,false
configadmin/src/main/java/org/apache/felix/cm/impl/helper/ManagedServiceFactoryTracker.java,90.0,9.0,36.0,9.0,29.0,29.0,4.0,fmeschbe@13f79535-47bb-0310-9956-ffa450edef68,1,0.0035460992907801418,12.0,12.0,0.0,0.0,264.25,409.9879604507622,1,3,2.5477075510270306,false
configadmin/src/main/java/org/apache/felix/cm/impl/helper/ManagedServiceTracker.java,86.0,9.0,26.0,8.0,21.0,25.0,4.0,fmeschbe@13f79535-47bb-0310-9956-ffa450edef68,1,0.0035460992907801418,11.0,11.0,0.0,0.0,264.25,409.9879604507622,1,3,2.5477075510270306,false
configadmin/src/test/java/org/apache/felix/cm/file/FilePersistenceManagerTest.java,180.0,10.0,170.0,21.0,58.0,44.0,3.0,fmeschbe@13f79535-47bb-0310-9956-ffa450edef68,1,0.0035460992907801418,11.0,11.0,11.0,0.0,264.25,409.9879604507622,1,0,2.5477075510270306,false
configadmin/src/test/java/org/apache/felix/cm/integration/ConfigurationBaseTest.java,797.0,20.0,496.0,32.0,278.0,90.0,1.0,fmeschbe@13f79535-47bb-0310-9956-ffa450edef68,1,0.0035460992907801418,6.0,6.0,0.0,0.0,264.25,409.9879604507622,1,2,2.5477075510270306,false
coordinator/src/main/java/org/apache/felix/coordinator/impl/Activator.java,33.0,8.0,0.0,2.0,7.0,3.0,6.0,cziegeler@13f79535-47bb-0310-9956-ffa450edef68,1,0.0035460992907801418,86.0,14.0,14.0,43.0,421.20000000000005,3757.043212251411,1,1,1.676879193229633,false
coordinator/src/main/java/org/apache/felix/coordinator/impl/CoordinationHolder.java,124.0,5.0,0.0,21.0,20.0,41.0,6.0,cziegeler@13f79535-47bb-0310-9956-ffa450edef68,1,0.0035460992907801418,100.0,0.0,0.0,0.0,421.20000000000005,3757.043212251411,1,0,1.676879193229633,false
coordinator/src/main/java/org/apache/felix/coordinator/impl/CoordinationImpl.java,329.0,13.0,24.0,24.0,67.0,67.0,4.0,cziegeler@13f79535-47bb-0310-9956-ffa450edef68,1,0.0035460992907801418,92.0,8.0,50.0,8.0,421.20000000000005,3757.043212251411,1,1,1.676879193229633,false
coordinator/src/main/java/org/apache/felix/coordinator/impl/CoordinationMgr.java,216.0,16.0,74.0,17.0,63.0,54.0,4.0,cziegeler@13f79535-47bb-0310-9956-ffa450edef68,1,0.0035460992907801418,92.0,0.0,54.0,15.0,421.20000000000005,3757.043212251411,1,1,1.676879193229633,false
coordinator/src/main/java/org/apache/felix/coordinator/impl/CoordinatorImpl.java,194.0,10.0,0.0,20.0,43.0,51.0,5.0,cziegeler@13f79535-47bb-0310-9956-ffa450edef68,1,0.0035460992907801418,91.0,9.0,45.0,9.0,421.20000000000005,3757.043212251411,1,1,1.676879193229633,false
coordinator/src/main/java/org/apache/felix/coordinator/impl/LogWrapper.java,229.0,11.0,74.0,16.0,32.0,34.0,5.0,cziegeler@13f79535-47bb-0310-9956-ffa450edef68,1,0.0035460992907801418,100.0,100.0,0.0,0.0,421.20000000000005,3757.043212251411,1,0,1.676879193229633,false
coordinator/src/test/java/org/apache/felix/coordinator/impl/CoordinatorImplTest.java,274.0,4.0,0.0,10.0,92.0,25.0,5.0,cziegeler@13f79535-47bb-0310-9956-ffa450edef68,1,0.0035460992907801418,89.0,0.0,44.0,22.0,421.20000000000005,3757.043212251411,1,1,1.676879193229633,false
dependencymanager/annotation/src/main/java/org/apache/felix/dm/annotation/api/Property.java,0.0,0.0,0.0,0.0,0.0,0.0,3.0,pderop@13f79535-47bb-0310-9956-ffa450edef68,1,0.0035460992907801418,8.0,0.0,0.0,0.0,574.6285714285714,3358.6773339786905,1,5,1.5668782980153044,false
dependencymanager/annotation/src/main/java/org/apache/felix/dm/annotation/plugin/bnd/AnnotationCollector.java,799.0,34.0,0.0,32.0,177.0,101.0,3.0,pderop@13f79535-47bb-0310-9956-ffa450edef68,1,0.0035460992907801418,2.0,0.0,0.0,0.0,574.6285714285714,3358.6773339786905,1,14,1.5668782980153044,false
dependencymanager/annotation/src/main/java/org/apache/felix/dm/annotation/plugin/bnd/EntryWriter.java,163.0,8.0,11.0,11.0,32.0,39.0,3.0,pderop@13f79535-47bb-0310-9956-ffa450edef68,1,0.0035460992907801418,12.0,0.0,0.0,0.0,574.6285714285714,3358.6773339786905,1,1,1.5668782980153044,false
dependencymanager/core/src/main/java/org/apache/felix/dm/ComponentDeclaration.java,50.0,2.0,28.0,8.0,0.0,8.0,1.0,pderop@13f79535-47bb-0310-9956-ffa450edef68,1,0.0035460992907801418,25.0,25.0,0.0,0.0,574.6285714285714,3358.6773339786905,1,1,1.5668782980153044,false
dependencymanager/core/src/main/java/org/apache/felix/dm/DependencyActivatorBase.java,220.0,3.0,0.0,28.0,24.0,60.0,0.0,pderop@13f79535-47bb-0310-9956-ffa450edef68,0,0.0,0.0,0.0,0.0,0.0,0.0,0.0,0,6,0.0,false
dependencymanager/core/src/main/java/org/apache/felix/dm/DependencyManager.java,334.0,28.0,379.0,31.0,22.0,88.0,3.0,marrs@13f79535-47bb-0310-9956-ffa450edef68,1,0.0035460992907801418,2.0,2.0,0.0,0.0,38.0,6.457157455405567,1,14,5.438079308923196,true
dependencymanager/core/src/main/java/org/apache/felix/dm/DependencyService.java,66.0,1.0,66.0,12.0,0.0,22.0,1.0,pderop@13f79535-47bb-0310-9956-ffa450edef68,1,0.0035460992907801418,14.0,14.0,14.0,0.0,574.6285714285714,3358.6773339786905,1,2,1.5668782980153044,false
dependencymanager/core/src/main/java/org/apache/felix/dm/impl/AbstractDecorator.java,220.0,14.0,0.0,22.0,48.0,48.0,1.0,pderop@13f79535-47bb-0310-9956-ffa450edef68,1,0.0035460992907801418,6.0,6.0,0.0,0.0,574.6285714285714,3358.6773339786905,1,8,1.5668782980153044,true
dependencymanager/core/src/main/java/org/apache/felix/dm/impl/AdapterServiceImpl.java,92.0,12.0,1.0,2.0,14.0,2.0,1.0,marrs@13f79535-47bb-0310-9956-ffa450edef68,1,0.0035460992907801418,5.0,0.0,0.0,0.0,574.6285714285714,3358.6773339786905,1,6,1.5668782980153044,false
dependencymanager/core/src/main/java/org/apache/felix/dm/impl/AspectServiceImpl.java,148.0,18.0,1.0,3.0,18.0,11.0,1.0,marrs@13f79535-47bb-0310-9956-ffa450edef68,1,0.0035460992907801418,13.0,13.0,0.0,0.0,574.6285714285714,3358.6773339786905,1,6,1.5668782980153044,false
dependencymanager/core/src/main/java/org/apache/felix/dm/impl/BlockingSerialExecutor.java,41.0,1.0,0.0,1.0,8.0,5.0,0.0,pderop@13f79535-47bb-0310-9956-ffa450edef68,0,0.0,0.0,0.0,0.0,0.0,0.0,0.0,0,0,0.0,false
dependencymanager/core/src/main/java/org/apache/felix/dm/impl/ComponentImpl.java,1049.0,26.0,3574.0,93.0,294.0,224.0,1.0,marrs@13f79535-47bb-0310-9956-ffa450edef68,1,0.0035460992907801418,10.0,10.0,0.0,5.0,574.6285714285714,3358.6773339786905,1,10,1.5668782980153044,false
dependencymanager/core/src/main/java/org/apache/felix/dm/impl/FactoryConfigurationAdapterServiceImpl.java,191.0,18.0,0.0,3.0,12.0,5.0,1.0,pderop@13f79535-47bb-0310-9956-ffa450edef68,1,0.0035460992907801418,8.0,8.0,0.0,0.0,574.6285714285714,3358.6773339786905,1,2,1.5668782980153044,true
dependencymanager/core/src/main/java/org/apache/felix/dm/impl/FilterService.java,199.0,12.0,0.0,36.0,52.0,74.0,1.0,pderop@13f79535-47bb-0310-9956-ffa450edef68,1,0.0035460992907801418,18.0,9.0,0.0,0.0,574.6285714285714,3358.6773339786905,1,4,1.5668782980153044,false
dependencymanager/core/src/main/java/org/apache/felix/dm/impl/Logger.java,148.0,10.0,47.0,11.0,30.0,37.0,0.0,pderop@13f79535-47bb-0310-9956-ffa450edef68,0,0.0,0.0,0.0,0.0,0.0,0.0,0.0,0,1,0.0,false
dependencymanager/core/src/main/java/org/apache/felix/dm/impl/ResourceAdapterServiceImpl.java,78.0,9.0,0.0,3.0,14.0,4.0,1.0,pderop@13f79535-47bb-0310-9956-ffa450edef68,1,0.0035460992907801418,6.0,6.0,0.0,0.0,574.6285714285714,3358.6773339786905,1,4,1.5668782980153044,true
dependencymanager/core/src/main/java/org/apache/felix/dm/impl/dependencies/BundleDependencyImpl.java,392.0,20.0,792.0,44.0,72.0,130.0,2.0,marrs@13f79535-47bb-0310-9956-ffa450edef68,1,0.0035460992907801418,5.0,0.0,0.0,0.0,574.6285714285714,3358.6773339786905,1,7,1.5668782980153044,false
dependencymanager/core/src/main/java/org/apache/felix/dm/impl/dependencies/DependencyBase.java,37.0,4.0,7.0,7.0,3.0,12.0,0.0,marrs@13f79535-47bb-0310-9956-ffa450edef68,0,0.0,0.0,0.0,0.0,0.0,0.0,0.0,0,5,0.0,false
dependencymanager/core/src/main/java/org/apache/felix/dm/impl/dependencies/ServiceDependencyImpl.java,1152.0,32.0,2636.0,80.0,229.0,256.0,1.0,marrs@13f79535-47bb-0310-9956-ffa450edef68,1,0.0035460992907801418,7.0,2.0,2.0,5.0,574.6285714285714,3358.6773339786905,1,16,1.5668782980153044,true
dependencymanager/core/src/main/java/org/apache/felix/dm/impl/dependencies/TemporalServiceDependencyImpl.java,119.0,11.0,16.0,8.0,16.0,27.0,0.0,pderop@13f79535-47bb-0310-9956-ffa450edef68,0,0.0,0.0,0.0,0.0,0.0,0.0,0.0,0,3,0.0,false
dependencymanager/core/src/main/java/org/apache/felix/dm/tracker/AbstractTracked.java,276.0,4.0,40.0,17.0,32.0,54.0,0.0,marrs@13f79535-47bb-0310-9956-ffa450edef68,0,0.0,0.0,0.0,0.0,0.0,0.0,0.0,0,0,0.0,false
dependencymanager/core/src/main/java/org/apache/felix/dm/tracker/ServiceTracker.java,942.0,21.0,80.0,25.0,64.0,96.0,4.0,marrs@13f79535-47bb-0310-9956-ffa450edef68,0,0.0,0.0,0.0,0.0,0.0,0.0,0.0,0,4,0.0,false
dependencymanager/runtime/src/main/java/org/apache/felix/dm/runtime/JSONMetaData.java,300.0,8.0,15.0,19.0,65.0,80.0,1.0,pderop@13f79535-47bb-0310-9956-ffa450edef68,1,0.0035460992907801418,17.0,0.0,0.0,0.0,574.6285714285714,3358.6773339786905,1,2,1.5668782980153044,false
dependencymanager/shell/src/main/java/org/apache/felix/dm/shell/Activator.java,14.0,3.0,1.0,2.0,3.0,4.0,6.0,pderop@13f79535-47bb-0310-9956-ffa450edef68,1,0.0035460992907801418,22.0,0.0,0.0,11.0,574.6285714285714,3358.6773339786905,1,1,1.5668782980153044,false
dependencymanager/shell/src/main/java/org/apache/felix/dm/shell/ComponentId.java,53.0,0.0,0.0,8.0,4.0,17.0,5.0,pderop@13f79535-47bb-0310-9956-ffa450edef68,1,0.0035460992907801418,50.0,50.0,0.0,0.0,574.6285714285714,3358.6773339786905,1,0,1.5668782980153044,false
dependencymanager/shell/src/main/java/org/apache/felix/dm/shell/DMCommand.java,507.0,22.0,215.0,22.0,135.0,87.0,3.0,pderop@13f79535-47bb-0310-9956-ffa450edef68,1,0.0035460992907801418,36.0,14.0,7.0,0.0,574.6285714285714,3358.6773339786905,1,2,1.5668782980153044,false
dependencymanager/shell/src/test/java/org/apache/felix/dm/shell/DMCommandTest.java,124.0,19.0,0.0,12.0,112.0,13.0,3.0,pderop@13f79535-47bb-0310-9956-ffa450edef68,1,0.0035460992907801418,75.0,50.0,25.0,0.0,574.6285714285714,3358.6773339786905,1,0,1.5668782980153044,false
dependencymanager/test/src/main/java/org/apache/felix/dm/test/components/AdapterAnnotation.java,108.0,10.0,0.0,0.0,0.0,0.0,0.0,pderop@13f79535-47bb-0310-9956-ffa450edef68,0,0.0,0.0,0.0,0.0,0.0,0.0,0.0,0,0,0.0,false
dependencymanager/test/src/main/java/org/apache/felix/dm/test/components/AdapterServiceTestWithPublisher.java,58.0,9.0,0.0,0.0,0.0,0.0,0.0,pderop@13f79535-47bb-0310-9956-ffa450edef68,0,0.0,0.0,0.0,0.0,0.0,0.0,0.0,0,0,0.0,false
dependencymanager/test/src/main/java/org/apache/felix/dm/test/components/AspectAnnotation.java,137.0,10.0,0.0,0.0,0.0,0.0,0.0,pderop@13f79535-47bb-0310-9956-ffa450edef68,0,0.0,0.0,0.0,0.0,0.0,0.0,0.0,0,0,0.0,false
dependencymanager/test/src/main/java/org/apache/felix/dm/test/components/AspectLifecycleAnnotation.java,47.0,7.0,0.0,0.0,0.0,0.0,0.0,pderop@13f79535-47bb-0310-9956-ffa450edef68,0,0.0,0.0,0.0,0.0,0.0,0.0,0.0,0,0,0.0,false
dependencymanager/test/src/main/java/org/apache/felix/dm/test/components/AspectLifecycleWithDynamicProxyAnnotation.java,57.0,10.0,0.0,0.0,0.0,0.0,0.0,pderop@13f79535-47bb-0310-9956-ffa450edef68,0,0.0,0.0,0.0,0.0,0.0,0.0,0.0,0,0,0.0,false
dependencymanager/test/src/main/java/org/apache/felix/dm/test/components/BundleAdapterServiceTestWithPublisher.java,46.0,10.0,0.0,0.0,0.0,0.0,0.0,pderop@13f79535-47bb-0310-9956-ffa450edef68,0,0.0,0.0,0.0,0.0,0.0,0.0,0.0,0,1,0.0,false
dependencymanager/test/src/main/java/org/apache/felix/dm/test/components/BundleDependencyAnnotation.java,94.0,11.0,0.0,0.0,0.0,0.0,0.0,pderop@13f79535-47bb-0310-9956-ffa450edef68,0,0.0,0.0,0.0,0.0,0.0,0.0,0.0,0,0,0.0,false
dependencymanager/test/src/main/java/org/apache/felix/dm/test/components/CompositeAnnotations.java,102.0,12.0,0.0,0.0,0.0,0.0,0.0,pderop@13f79535-47bb-0310-9956-ffa450edef68,0,0.0,0.0,0.0,0.0,0.0,0.0,0.0,0,0,0.0,false
dependencymanager/test/src/main/java/org/apache/felix/dm/test/components/Ensure.java,128.0,2.0,44.0,13.0,24.0,29.0,0.0,pderop@13f79535-47bb-0310-9956-ffa450edef68,0,0.0,0.0,0.0,0.0,0.0,0.0,0.0,0,0,0.0,false
dependencymanager/test/src/main/java/org/apache/felix/dm/test/components/ExtraAdapterServiceProperties.java,42.0,7.0,0.0,0.0,0.0,0.0,0.0,pderop@13f79535-47bb-0310-9956-ffa450edef68,0,0.0,0.0,0.0,0.0,0.0,0.0,0.0,0,0,0.0,false
dependencymanager/test/src/main/java/org/apache/felix/dm/test/components/ExtraAspectServiceProperties.java,39.0,7.0,0.0,0.0,0.0,0.0,0.0,pderop@13f79535-47bb-0310-9956-ffa450edef68,0,0.0,0.0,0.0,0.0,0.0,0.0,0.0,0,0,0.0,false
dependencymanager/test/src/main/java/org/apache/felix/dm/test/components/ExtraFactoryServiceProperties.java,46.0,9.0,0.0,0.0,0.0,0.0,0.0,pderop@13f79535-47bb-0310-9956-ffa450edef68,0,0.0,0.0,0.0,0.0,0.0,0.0,0.0,0,0,0.0,false
dependencymanager/test/src/main/java/org/apache/felix/dm/test/components/ExtraServiceProperties.java,34.0,6.0,0.0,0.0,0.0,0.0,0.0,pderop@13f79535-47bb-0310-9956-ffa450edef68,0,0.0,0.0,0.0,0.0,0.0,0.0,0.0,0,0,0.0,false
dependencymanager/test/src/main/java/org/apache/felix/dm/test/components/FactoryConfigurationAdapterAnnotation.java,92.0,12.0,0.0,0.0,0.0,0.0,0.0,pderop@13f79535-47bb-0310-9956-ffa450edef68,0,0.0,0.0,0.0,0.0,0.0,0.0,0.0,0,0,0.0,false
dependencymanager/test/src/main/java/org/apache/felix/dm/test/components/FactoryConfigurationAdapterServiceTestWithPublisher.java,57.0,14.0,0.0,0.0,0.0,0.0,0.0,pderop@13f79535-47bb-0310-9956-ffa450edef68,0,0.0,0.0,0.0,0.0,0.0,0.0,0.0,0,0,0.0,false
dependencymanager/test/src/main/java/org/apache/felix/dm/test/components/FactoryServiceTestWthPublisher.java,55.0,11.0,0.0,0.0,0.0,0.0,0.0,pderop@13f79535-47bb-0310-9956-ffa450edef68,0,0.0,0.0,0.0,0.0,0.0,0.0,0.0,0,0,0.0,false
dependencymanager/test/src/main/java/org/apache/felix/dm/test/components/Felix4050.java,87.0,15.0,0.0,0.0,0.0,0.0,0.0,pderop@13f79535-47bb-0310-9956-ffa450edef68,0,0.0,0.0,0.0,0.0,0.0,0.0,0.0,0,0,0.0,false
dependencymanager/test/src/main/java/org/apache/felix/dm/test/components/Felix4357.java,60.0,9.0,1.0,3.0,16.0,4.0,2.0,pderop@13f79535-47bb-0310-9956-ffa450edef68,1,0.0035460992907801418,50.0,50.0,0.0,0.0,574.6285714285714,3358.6773339786905,1,0,1.5668782980153044,true
dependencymanager/test/src/main/java/org/apache/felix/dm/test/components/MultipleAnnotations.java,67.0,6.0,0.0,0.0,0.0,0.0,0.0,pderop@13f79535-47bb-0310-9956-ffa450edef68,0,0.0,0.0,0.0,0.0,0.0,0.0,0.0,0,0,0.0,false
dependencymanager/test/src/main/java/org/apache/felix/dm/test/components/PropagateAnnotation.java,27.0,5.0,0.0,0.0,0.0,0.0,0.0,pderop@13f79535-47bb-0310-9956-ffa450edef68,0,0.0,0.0,0.0,0.0,0.0,0.0,0.0,0,0,0.0,false
dependencymanager/test/src/main/java/org/apache/felix/dm/test/components/ResourceAdapterServiceTestWithPublisher.java,112.0,19.0,0.0,0.0,0.0,0.0,0.0,pderop@13f79535-47bb-0310-9956-ffa450edef68,0,0.0,0.0,0.0,0.0,0.0,0.0,0.0,0,0,0.0,false
dependencymanager/test/src/main/java/org/apache/felix/dm/test/components/ResourceAnnotation.java,181.0,21.0,0.0,0.0,0.0,0.0,0.0,pderop@13f79535-47bb-0310-9956-ffa450edef68,0,0.0,0.0,0.0,0.0,0.0,0.0,0.0,0,0,0.0,false
dependencymanager/test/src/main/java/org/apache/felix/dm/test/components/ServiceFactoryAnnotation.java,106.0,10.0,0.0,0.0,0.0,0.0,0.0,pderop@13f79535-47bb-0310-9956-ffa450edef68,0,0.0,0.0,0.0,0.0,0.0,0.0,0.0,0,0,0.0,false
dependencymanager/test/src/main/java/org/apache/felix/dm/test/components/ServiceTestWthPublisher.java,40.0,8.0,0.0,0.0,0.0,0.0,0.0,pderop@13f79535-47bb-0310-9956-ffa450edef68,0,0.0,0.0,0.0,0.0,0.0,0.0,0.0,0,0,0.0,false
dependencymanager/test/src/main/java/org/apache/felix/dm/test/components/SimpleAnnotations.java,93.0,14.0,0.0,0.0,0.0,0.0,0.0,pderop@13f79535-47bb-0310-9956-ffa450edef68,0,0.0,0.0,0.0,0.0,0.0,0.0,0.0,0,0,0.0,false
dependencymanager/test/src/main/java/org/apache/felix/dm/test/components/TemporalAnnotations.java,33.0,4.0,1.0,3.0,6.0,5.0,0.0,pderop@13f79535-47bb-0310-9956-ffa450edef68,0,0.0,0.0,0.0,0.0,0.0,0.0,0.0,0,0,0.0,false
dependencymanager/test/src/main/java/org/apache/felix/dm/test/components/Utils.java,17.0,0.0,1.0,2.0,7.0,4.0,0.0,pderop@13f79535-47bb-0310-9956-ffa450edef68,0,0.0,0.0,0.0,0.0,0.0,0.0,0.0,0,0,0.0,false
dependencymanager/test/src/test/java/org/apache/felix/dm/test/integration/annotations/AdapterAnnotationTest.java,51.0,11.0,6.0,4.0,11.0,9.0,0.0,pderop@13f79535-47bb-0310-9956-ffa450edef68,0,0.0,0.0,0.0,0.0,0.0,0.0,0.0,0,0,0.0,false
dependencymanager/test/src/test/java/org/apache/felix/dm/test/integration/annotations/AspectAnnotationTest.java,25.0,11.0,1.0,2.0,5.0,3.0,0.0,pderop@13f79535-47bb-0310-9956-ffa450edef68,0,0.0,0.0,0.0,0.0,0.0,0.0,0.0,0,0,0.0,false
dependencymanager/test/src/test/java/org/apache/felix/dm/test/integration/annotations/AspectLifecycleAnnotationTest.java,18.0,8.0,1.0,2.0,3.0,3.0,0.0,pderop@13f79535-47bb-0310-9956-ffa450edef68,0,0.0,0.0,0.0,0.0,0.0,0.0,0.0,0,0,0.0,false
dependencymanager/test/src/test/java/org/apache/felix/dm/test/integration/annotations/AspectLifecycleWithDynamicProxyAnnotationTest.java,18.0,8.0,1.0,2.0,3.0,3.0,0.0,pderop@13f79535-47bb-0310-9956-ffa450edef68,0,0.0,0.0,0.0,0.0,0.0,0.0,0.0,0,0,0.0,false
dependencymanager/test/src/test/java/org/apache/felix/dm/test/integration/annotations/BundleDependencyAnnotationTest.java,30.0,7.0,3.0,3.0,8.0,4.0,0.0,pderop@13f79535-47bb-0310-9956-ffa450edef68,0,0.0,0.0,0.0,0.0,0.0,0.0,0.0,0,1,0.0,false
dependencymanager/test/src/test/java/org/apache/felix/dm/test/integration/annotations/CompositeAnnotationsTest.java,20.0,9.0,1.0,2.0,4.0,2.0,0.0,pderop@13f79535-47bb-0310-9956-ffa450edef68,0,0.0,0.0,0.0,0.0,0.0,0.0,0.0,0,1,0.0,false
dependencymanager/test/src/test/java/org/apache/felix/dm/test/integration/annotations/ExtraServicePropertiesTest.java,44.0,10.0,10.0,5.0,12.0,9.0,0.0,pderop@13f79535-47bb-0310-9956-ffa450edef68,0,0.0,0.0,0.0,0.0,0.0,0.0,0.0,0,0,0.0,false
dependencymanager/test/src/test/java/org/apache/felix/dm/test/integration/annotations/FactoryConfigurationAdapterAnnotationTest.java,38.0,11.0,1.0,2.0,13.0,5.0,0.0,pderop@13f79535-47bb-0310-9956-ffa450edef68,0,0.0,0.0,0.0,0.0,0.0,0.0,0.0,0,0,0.0,false
dependencymanager/test/src/test/java/org/apache/felix/dm/test/integration/annotations/Felix4050Test.java,15.0,7.0,1.0,2.0,3.0,2.0,0.0,pderop@13f79535-47bb-0310-9956-ffa450edef68,0,0.0,0.0,0.0,0.0,0.0,0.0,0.0,0,0,0.0,false
dependencymanager/test/src/test/java/org/apache/felix/dm/test/integration/annotations/Felix4357Test.java,14.0,7.0,1.0,2.0,3.0,2.0,1.0,pderop@13f79535-47bb-0310-9956-ffa450edef68,1,0.0035460992907801418,67.0,33.0,0.0,33.0,574.6285714285714,3358.6773339786905,1,0,1.5668782980153044,true
dependencymanager/test/src/test/java/org/apache/felix/dm/test/integration/annotations/MultipleAnnotationsTest.java,16.0,7.0,1.0,2.0,4.0,2.0,0.0,pderop@13f79535-47bb-0310-9956-ffa450edef68,0,0.0,0.0,0.0,0.0,0.0,0.0,0.0,0,1,0.0,false
dependencymanager/test/src/test/java/org/apache/felix/dm/test/integration/annotations/PropagateAnnotationTest.java,14.0,7.0,1.0,2.0,3.0,2.0,0.0,pderop@13f79535-47bb-0310-9956-ffa450edef68,0,0.0,0.0,0.0,0.0,0.0,0.0,0.0,0,0,0.0,false
dependencymanager/test/src/test/java/org/apache/felix/dm/test/integration/annotations/PublisherAnnotationTest.java,59.0,12.0,21.0,7.0,18.0,13.0,0.0,pderop@13f79535-47bb-0310-9956-ffa450edef68,0,0.0,0.0,0.0,0.0,0.0,0.0,0.0,0,0,0.0,false
dependencymanager/test/src/test/java/org/apache/felix/dm/test/integration/annotations/ResourceAnnotationTest.java,47.0,7.0,6.0,4.0,13.0,6.0,0.0,pderop@13f79535-47bb-0310-9956-ffa450edef68,0,0.0,0.0,0.0,0.0,0.0,0.0,0.0,0,1,0.0,false
dependencymanager/test/src/test/java/org/apache/felix/dm/test/integration/annotations/ServiceFactoryAnnotationTest.java,25.0,12.0,1.0,3.0,17.0,4.0,0.0,pderop@13f79535-47bb-0310-9956-ffa450edef68,0,0.0,0.0,0.0,0.0,0.0,0.0,0.0,0,0,0.0,false
dependencymanager/test/src/test/java/org/apache/felix/dm/test/integration/annotations/SimpleAnnotationsTest.java,19.0,8.0,1.0,2.0,5.0,3.0,0.0,pderop@13f79535-47bb-0310-9956-ffa450edef68,0,0.0,0.0,0.0,0.0,0.0,0.0,0.0,0,1,0.0,false
dependencymanager/test/src/test/java/org/apache/felix/dm/test/integration/annotations/TemporalAnnotationsTest.java,33.0,9.0,1.0,2.0,10.0,2.0,0.0,pderop@13f79535-47bb-0310-9956-ffa450edef68,0,0.0,0.0,0.0,0.0,0.0,0.0,0.0,0,0,0.0,false
dependencymanager/test/src/test/java/org/apache/felix/dm/test/integration/api/AbstractServiceDependencyTest.java,53.0,8.0,0.0,1.0,11.0,1.0,0.0,pderop@13f79535-47bb-0310-9956-ffa450edef68,0,0.0,0.0,0.0,0.0,0.0,0.0,0.0,0,0,0.0,false
dependencymanager/test/src/test/java/org/apache/felix/dm/test/integration/api/AdapterAndConsumerTest.java,58.0,7.0,0.0,1.0,11.0,1.0,0.0,pderop@13f79535-47bb-0310-9956-ffa450edef68,0,0.0,0.0,0.0,0.0,0.0,0.0,0.0,0,0,0.0,false
dependencymanager/test/src/test/java/org/apache/felix/dm/test/integration/api/AdapterWithAspectCallbacksTest.java,151.0,13.0,0.0,1.0,16.0,2.0,0.0,pderop@13f79535-47bb-0310-9956-ffa450edef68,0,0.0,0.0,0.0,0.0,0.0,0.0,0.0,0,0,0.0,false
dependencymanager/test/src/test/java/org/apache/felix/dm/test/integration/api/AdapterWithAspectTest.java,131.0,8.0,0.0,1.0,13.0,2.0,0.0,pderop@13f79535-47bb-0310-9956-ffa450edef68,0,0.0,0.0,0.0,0.0,0.0,0.0,0.0,0,0,0.0,false
dependencymanager/test/src/test/java/org/apache/felix/dm/test/integration/api/AdapterWithExtraDependenciesTest.java,52.0,7.0,0.0,1.0,11.0,1.0,0.0,pderop@13f79535-47bb-0310-9956-ffa450edef68,0,0.0,0.0,0.0,0.0,0.0,0.0,0.0,0,0,0.0,false
dependencymanager/test/src/test/java/org/apache/felix/dm/test/integration/api/AdapterWithInstanceBoundDependencyTest.java,81.0,7.0,0.0,1.0,11.0,1.0,0.0,pderop@13f79535-47bb-0310-9956-ffa450edef68,0,0.0,0.0,0.0,0.0,0.0,0.0,0.0,0,0,0.0,false
dependencymanager/test/src/test/java/org/apache/felix/dm/test/integration/api/AdapterWithModifiedInstanceBoundDependencyTest.java,81.0,11.0,0.0,1.0,14.0,1.0,2.0,pderop@13f79535-47bb-0310-9956-ffa450edef68,1,0.0035460992907801418,50.0,50.0,0.0,0.0,574.6285714285714,3358.6773339786905,1,0,1.5668782980153044,false
dependencymanager/test/src/test/java/org/apache/felix/dm/test/integration/api/AdapterWithPropagationTest.java,65.0,11.0,0.0,1.0,14.0,1.0,0.0,pderop@13f79535-47bb-0310-9956-ffa450edef68,0,0.0,0.0,0.0,0.0,0.0,0.0,0.0,0,1,0.0,false
dependencymanager/test/src/test/java/org/apache/felix/dm/test/integration/api/AspectAwareServiceDependencyTest.java,50.0,7.0,0.0,1.0,12.0,1.0,1.0,pderop@13f79535-47bb-0310-9956-ffa450edef68,1,0.0035460992907801418,33.0,0.0,0.0,33.0,574.6285714285714,3358.6773339786905,1,0,1.5668782980153044,false
dependencymanager/test/src/test/java/org/apache/felix/dm/test/integration/api/AspectBaseTest.java,147.0,14.0,3.0,3.0,52.0,3.0,0.0,pderop@13f79535-47bb-0310-9956-ffa450edef68,0,0.0,0.0,0.0,0.0,0.0,0.0,0.0,0,0,0.0,false
dependencymanager/test/src/test/java/org/apache/felix/dm/test/integration/api/AspectChainTest.java,66.0,7.0,0.0,1.0,11.0,1.0,0.0,pderop@13f79535-47bb-0310-9956-ffa450edef68,0,0.0,0.0,0.0,0.0,0.0,0.0,0.0,0,0,0.0,false
dependencymanager/test/src/test/java/org/apache/felix/dm/test/integration/api/AspectDynamicsTest.java,96.0,7.0,0.0,1.0,12.0,1.0,0.0,pderop@13f79535-47bb-0310-9956-ffa450edef68,0,0.0,0.0,0.0,0.0,0.0,0.0,0.0,0,0,0.0,false
dependencymanager/test/src/test/java/org/apache/felix/dm/test/integration/api/AspectRaceTest.java,231.0,17.0,1.0,2.0,25.0,7.0,1.0,pderop@13f79535-47bb-0310-9956-ffa450edef68,1,0.0035460992907801418,33.0,0.0,0.0,17.0,574.6285714285714,3358.6773339786905,1,1,1.5668782980153044,false
dependencymanager/test/src/test/java/org/apache/felix/dm/test/integration/api/AspectWhiteboardTest.java,120.0,13.0,0.0,1.0,16.0,1.0,0.0,pderop@13f79535-47bb-0310-9956-ffa450edef68,0,0.0,0.0,0.0,0.0,0.0,0.0,0.0,0,0,0.0,false
dependencymanager/test/src/test/java/org/apache/felix/dm/test/integration/api/AspectWithPropagationTest.java,422.0,19.0,0.0,6.0,96.0,19.0,1.0,pderop@13f79535-47bb-0310-9956-ffa450edef68,1,0.0035460992907801418,40.0,40.0,0.0,0.0,574.6285714285714,3358.6773339786905,1,0,1.5668782980153044,false
dependencymanager/test/src/test/java/org/apache/felix/dm/test/integration/api/BundleDependencyTest.java,73.0,9.0,1.0,2.0,19.0,2.0,0.0,pderop@13f79535-47bb-0310-9956-ffa450edef68,0,0.0,0.0,0.0,0.0,0.0,0.0,0.0,0,0,0.0,false
dependencymanager/test/src/test/java/org/apache/felix/dm/test/integration/api/ComponentLifeCycleTest.java,227.0,11.0,10.0,5.0,34.0,10.0,0.0,pderop@13f79535-47bb-0310-9956-ffa450edef68,0,0.0,0.0,0.0,0.0,0.0,0.0,0.0,0,0,0.0,false
dependencymanager/test/src/test/java/org/apache/felix/dm/test/integration/api/CompositionTest.java,59.0,7.0,0.0,1.0,12.0,1.0,0.0,pderop@13f79535-47bb-0310-9956-ffa450edef68,0,0.0,0.0,0.0,0.0,0.0,0.0,0.0,0,0,0.0,false
dependencymanager/test/src/test/java/org/apache/felix/dm/test/integration/api/ConfigurationDependencyTest.java,84.0,15.0,1.0,2.0,28.0,2.0,0.0,pderop@13f79535-47bb-0310-9956-ffa450edef68,0,0.0,0.0,0.0,0.0,0.0,0.0,0.0,0,0,0.0,false
dependencymanager/test/src/test/java/org/apache/felix/dm/test/integration/api/CustomDependencyTest.java,135.0,12.0,0.0,1.0,5.0,1.0,0.0,pderop@13f79535-47bb-0310-9956-ffa450edef68,0,0.0,0.0,0.0,0.0,0.0,0.0,0.0,0,0,0.0,false
dependencymanager/test/src/test/java/org/apache/felix/dm/test/integration/api/DynamicProxyAspectTest.java,119.0,11.0,0.0,1.0,16.0,2.0,0.0,pderop@13f79535-47bb-0310-9956-ffa450edef68,0,0.0,0.0,0.0,0.0,0.0,0.0,0.0,0,0,0.0,false
dependencymanager/test/src/test/java/org/apache/felix/dm/test/integration/api/FELIX2078_ServiceDependencyTest.java,55.0,7.0,1.0,2.0,23.0,2.0,0.0,pderop@13f79535-47bb-0310-9956-ffa450edef68,0,0.0,0.0,0.0,0.0,0.0,0.0,0.0,0,0,0.0,false
dependencymanager/test/src/test/java/org/apache/felix/dm/test/integration/api/FELIX2344_ExtraDependencyWithAutoConfigTest.java,50.0,8.0,0.0,1.0,7.0,2.0,0.0,pderop@13f79535-47bb-0310-9956-ffa450edef68,0,0.0,0.0,0.0,0.0,0.0,0.0,0.0,0,0,0.0,false
dependencymanager/test/src/test/java/org/apache/felix/dm/test/integration/api/FELIX2344_ExtraDependencyWithCallbackTest.java,58.0,8.0,0.0,1.0,8.0,2.0,0.0,pderop@13f79535-47bb-0310-9956-ffa450edef68,0,0.0,0.0,0.0,0.0,0.0,0.0,0.0,0,0,0.0,false
dependencymanager/test/src/test/java/org/apache/felix/dm/test/integration/api/FELIX2348_ResourceAdapterTest.java,86.0,21.0,0.0,1.0,9.0,2.0,0.0,pderop@13f79535-47bb-0310-9956-ffa450edef68,0,0.0,0.0,0.0,0.0,0.0,0.0,0.0,0,0,0.0,false
dependencymanager/test/src/test/java/org/apache/felix/dm/test/integration/api/FELIX2369_ExtraDependencyTest.java,47.0,11.0,0.0,1.0,7.0,1.0,0.0,pderop@13f79535-47bb-0310-9956-ffa450edef68,0,0.0,0.0,0.0,0.0,0.0,0.0,0.0,0,0,0.0,false
dependencymanager/test/src/test/java/org/apache/felix/dm/test/integration/api/FELIX2696_ConfigurationAndServiceDependencyTest.java,58.0,14.0,0.0,1.0,12.0,1.0,0.0,pderop@13f79535-47bb-0310-9956-ffa450edef68,0,0.0,0.0,0.0,0.0,0.0,0.0,0.0,0,0,0.0,false
dependencymanager/test/src/test/java/org/apache/felix/dm/test/integration/api/FELIX2955_ShellCommandTest.java,78.0,14.0,1.0,2.0,17.0,8.0,3.0,pderop@13f79535-47bb-0310-9956-ffa450edef68,1,0.0035460992907801418,33.0,33.0,0.0,0.0,574.6285714285714,3358.6773339786905,1,0,1.5668782980153044,false
dependencymanager/test/src/test/java/org/apache/felix/dm/test/integration/api/FELIX3008_FilterIndexStartupTest.java,37.0,11.0,0.0,1.0,14.0,2.0,0.0,pderop@13f79535-47bb-0310-9956-ffa450edef68,0,0.0,0.0,0.0,0.0,0.0,0.0,0.0,0,0,0.0,false
dependencymanager/test/src/test/java/org/apache/felix/dm/test/integration/api/FELIX3057_EmptyServiceReferenceArray.java,20.0,10.0,3.0,3.0,9.0,7.0,0.0,pderop@13f79535-47bb-0310-9956-ffa450edef68,0,0.0,0.0,0.0,0.0,0.0,0.0,0.0,0,0,0.0,false
dependencymanager/test/src/test/java/org/apache/felix/dm/test/integration/api/FELIX3186_AspectAdapterTest.java,67.0,8.0,0.0,1.0,14.0,2.0,0.0,pderop@13f79535-47bb-0310-9956-ffa450edef68,0,0.0,0.0,0.0,0.0,0.0,0.0,0.0,0,0,0.0,false
dependencymanager/test/src/test/java/org/apache/felix/dm/test/integration/api/FELIX3337_UpdatedConfigurationDependencyWithPropagationTest.java,76.0,15.0,0.0,1.0,15.0,1.0,0.0,pderop@13f79535-47bb-0310-9956-ffa450edef68,0,0.0,0.0,0.0,0.0,0.0,0.0,0.0,0,0,0.0,false
dependencymanager/test/src/test/java/org/apache/felix/dm/test/integration/api/FELIX4361_ConcurrentComponentListingTest.java,62.0,14.0,6.0,4.0,29.0,16.0,2.0,pderop@13f79535-47bb-0310-9956-ffa450edef68,1,0.0035460992907801418,50.0,50.0,0.0,0.0,38.0,6.457157455405567,1,0,5.438079308923196,false
dependencymanager/test/src/test/java/org/apache/felix/dm/test/integration/api/FactoryConfigurationAdapterTest.java,135.0,14.0,0.0,1.0,16.0,1.0,0.0,pderop@13f79535-47bb-0310-9956-ffa450edef68,0,0.0,0.0,0.0,0.0,0.0,0.0,0.0,0,0,0.0,false
dependencymanager/test/src/test/java/org/apache/felix/dm/test/integration/api/FilterIndexResourceAdapterTest.java,106.0,24.0,0.0,1.0,11.0,2.0,0.0,pderop@13f79535-47bb-0310-9956-ffa450edef68,0,0.0,0.0,0.0,0.0,0.0,0.0,0.0,0,0,0.0,false
dependencymanager/test/src/test/java/org/apache/felix/dm/test/integration/api/ModifiedBundleDependencyTest.java,74.0,10.0,0.0,1.0,17.0,2.0,2.0,pderop@13f79535-47bb-0310-9956-ffa450edef68,1,0.0035460992907801418,50.0,50.0,0.0,0.0,574.6285714285714,3358.6773339786905,1,0,1.5668782980153044,false
dependencymanager/test/src/test/java/org/apache/felix/dm/test/integration/api/MultipleExtraDependenciesTest.java,105.0,10.0,1.0,2.0,28.0,2.0,0.0,pderop@13f79535-47bb-0310-9956-ffa450edef68,0,0.0,0.0,0.0,0.0,0.0,0.0,0.0,0,0,0.0,false
dependencymanager/test/src/test/java/org/apache/felix/dm/test/integration/api/MultipleExtraDependencyTest.java,106.0,8.0,0.0,1.0,14.0,1.0,0.0,pderop@13f79535-47bb-0310-9956-ffa450edef68,0,0.0,0.0,0.0,0.0,0.0,0.0,0.0,0,0,0.0,false
dependencymanager/test/src/test/java/org/apache/felix/dm/test/integration/api/MultipleExtraDependencyTest2.java,139.0,11.0,0.0,1.0,11.0,1.0,0.0,pderop@13f79535-47bb-0310-9956-ffa450edef68,0,0.0,0.0,0.0,0.0,0.0,0.0,0.0,0,1,0.0,false
dependencymanager/test/src/test/java/org/apache/felix/dm/test/integration/api/MultipleServiceDependencyTest.java,108.0,9.0,3.0,3.0,36.0,3.0,0.0,pderop@13f79535-47bb-0310-9956-ffa450edef68,0,0.0,0.0,0.0,0.0,0.0,0.0,0.0,0,0,0.0,false
dependencymanager/test/src/test/java/org/apache/felix/dm/test/integration/api/ResourceAdapterDependencyAddAndRemoveTest.java,155.0,22.0,0.0,1.0,15.0,2.0,0.0,pderop@13f79535-47bb-0310-9956-ffa450edef68,0,0.0,0.0,0.0,0.0,0.0,0.0,0.0,0,0,0.0,false
dependencymanager/test/src/test/java/org/apache/felix/dm/test/integration/api/ResourceAdapterDependencyAddAndRemoveTest2.java,158.0,23.0,0.0,1.0,16.0,2.0,1.0,pderop@13f79535-47bb-0310-9956-ffa450edef68,1,0.0035460992907801418,25.0,0.0,0.0,25.0,574.6285714285714,3358.6773339786905,1,1,1.5668782980153044,false
dependencymanager/test/src/test/java/org/apache/felix/dm/test/integration/api/ResourceAdapterTest.java,104.0,21.0,0.0,1.0,10.0,2.0,0.0,pderop@13f79535-47bb-0310-9956-ffa450edef68,0,0.0,0.0,0.0,0.0,0.0,0.0,0.0,0,0,0.0,false
dependencymanager/test/src/test/java/org/apache/felix/dm/test/integration/api/ResourceDependencyTest.java,136.0,22.0,0.0,1.0,14.0,1.0,0.0,pderop@13f79535-47bb-0310-9956-ffa450edef68,0,0.0,0.0,0.0,0.0,0.0,0.0,0.0,0,0,0.0,false
dependencymanager/test/src/test/java/org/apache/felix/dm/test/integration/api/ServiceDependencyComponentLifeCycleTest.java,88.0,12.0,0.0,1.0,16.0,3.0,0.0,pderop@13f79535-47bb-0310-9956-ffa450edef68,0,0.0,0.0,0.0,0.0,0.0,0.0,0.0,0,0,0.0,false
dependencymanager/test/src/test/java/org/apache/felix/dm/test/integration/api/ServiceDependencyInjectionTest.java,63.0,8.0,0.0,1.0,11.0,1.0,0.0,pderop@13f79535-47bb-0310-9956-ffa450edef68,0,0.0,0.0,0.0,0.0,0.0,0.0,0.0,0,0,0.0,false
dependencymanager/test/src/test/java/org/apache/felix/dm/test/integration/api/ServiceDependencyPropagateTest.java,86.0,11.0,1.0,2.0,27.0,2.0,0.0,pderop@13f79535-47bb-0310-9956-ffa450edef68,0,0.0,0.0,0.0,0.0,0.0,0.0,0.0,0,0,0.0,false
dependencymanager/test/src/test/java/org/apache/felix/dm/test/integration/api/ServiceDependencyTest.java,54.0,7.0,0.0,1.0,11.0,1.0,0.0,pderop@13f79535-47bb-0310-9956-ffa450edef68,0,0.0,0.0,0.0,0.0,0.0,0.0,0.0,0,0,0.0,false
dependencymanager/test/src/test/java/org/apache/felix/dm/test/integration/api/ServiceDependencyThroughCallbackInstanceTest.java,42.0,7.0,6.0,4.0,14.0,7.0,0.0,pderop@13f79535-47bb-0310-9956-ffa450edef68,0,0.0,0.0,0.0,0.0,0.0,0.0,0.0,0,0,0.0,false
dependencymanager/test/src/test/java/org/apache/felix/dm/test/integration/api/ServiceTrackerTest.java,83.0,11.0,3.0,3.0,36.0,3.0,0.0,pderop@13f79535-47bb-0310-9956-ffa450edef68,0,0.0,0.0,0.0,0.0,0.0,0.0,0.0,0,0,0.0,false
dependencymanager/test/src/test/java/org/apache/felix/dm/test/integration/api/ServiceUpdateTest.java,148.0,22.0,0.0,1.0,15.0,2.0,0.0,pderop@13f79535-47bb-0310-9956-ffa450edef68,0,0.0,0.0,0.0,0.0,0.0,0.0,0.0,0,0,0.0,false
dependencymanager/test/src/test/java/org/apache/felix/dm/test/integration/api/SharingDependenciesWithMultipleServicesTest.java,187.0,23.0,6.0,4.0,39.0,5.0,0.0,pderop@13f79535-47bb-0310-9956-ffa450edef68,0,0.0,0.0,0.0,0.0,0.0,0.0,0.0,0,0,0.0,false
dependencymanager/test/src/test/java/org/apache/felix/dm/test/integration/api/TemporalServiceDependencyTest.java,60.0,7.0,0.0,1.0,11.0,1.0,0.0,pderop@13f79535-47bb-0310-9956-ffa450edef68,0,0.0,0.0,0.0,0.0,0.0,0.0,0.0,0,0,0.0,false
dependencymanager/test/src/test/java/org/apache/felix/dm/test/integration/common/TestBase.java,239.0,35.0,311.0,27.0,80.0,61.0,1.0,pderop@13f79535-47bb-0310-9956-ffa450edef68,1,0.0035460992907801418,38.0,23.0,15.0,0.0,574.6285714285714,3358.6773339786905,1,1,1.5668782980153044,false
deploymentadmin/autoconf/src/main/java/org/apache/felix/deployment/rp/autoconf/Activator.java,13.0,10.0,1.0,2.0,10.0,4.0,6.0,marrs@13f79535-47bb-0310-9956-ffa450edef68,0,0.0,0.0,0.0,0.0,0.0,0.0,0.0,0,4,0.0,false
deploymentadmin/autoconf/src/main/java/org/apache/felix/deployment/rp/autoconf/AutoConfResourceProcessor.java,476.0,41.0,19.0,18.0,138.0,78.0,0.0,marrs@13f79535-47bb-0310-9956-ffa450edef68,0,0.0,0.0,0.0,0.0,0.0,0.0,0.0,0,4,0.0,false
deploymentadmin/autoconf/src/test/java/org/apache/felix/deployment/rp/autoconf/AutoConfResourceProcessorTest.java,316.0,18.0,465.0,31.0,83.0,83.0,0.0,marrs@13f79535-47bb-0310-9956-ffa450edef68,0,0.0,0.0,0.0,0.0,0.0,0.0,0.0,0,2,0.0,false
deploymentadmin/deploymentadmin/src/main/java/org/apache/felix/deploymentadmin/spi/StopBundleCommand.java,71.0,7.0,1.0,2.0,19.0,12.0,18.0,marrs@13f79535-47bb-0310-9956-ffa450edef68,1,0.0035460992907801418,11.0,11.0,11.0,0.0,938.5263157894738,4941.13226627422,1,2,2.5477075510270306,false
deploymentadmin/itest/src/test/java/org/apache/felix/deploymentadmin/itest/BaseIntegrationTest.java,170.0,32.0,303.0,26.0,87.0,75.0,16.0,jawi@13f79535-47bb-0310-9956-ffa450edef68,0,0.0,0.0,0.0,0.0,0.0,0.0,0.0,0,1,0.0,true
deploymentadmin/itest/src/test/java/org/apache/felix/deploymentadmin/itest/InstallFixPackageTest.java,331.0,12.0,105.0,15.0,262.0,59.0,0.0,marrs@13f79535-47bb-0310-9956-ffa450edef68,0,0.0,0.0,0.0,0.0,0.0,0.0,0.0,0,1,0.0,true
deploymentadmin/testbundles/bundleapi1/src/main/java/org/apache/felix/deploymentadmin/test/bundleapi/MyService.java,4.0,0.0,1.0,2.0,0.0,2.0,0.0,marrs@13f79535-47bb-0310-9956-ffa450edef68,0,0.0,0.0,0.0,0.0,0.0,0.0,0.0,0,1,0.0,false
deploymentadmin/testbundles/bundleapi2/src/main/java/org/apache/felix/deploymentadmin/test/bundleapi/MyService.java,4.0,0.0,1.0,2.0,0.0,2.0,0.0,marrs@13f79535-47bb-0310-9956-ffa450edef68,0,0.0,0.0,0.0,0.0,0.0,0.0,0.0,0,1,0.0,false
deploymentadmin/testbundles/bundleimpl1/src/main/java/org/apache/felix/deploymentadmin/test/bundleimpl/MyServiceImpl.java,6.0,1.0,1.0,2.0,0.0,2.0,0.0,marrs@13f79535-47bb-0310-9956-ffa450edef68,0,0.0,0.0,0.0,0.0,0.0,0.0,0.0,0,1,0.0,false
deploymentadmin/testbundles/bundleimpl2/src/main/java/org/apache/felix/deploymentadmin/test/bundleimpl/MyServiceImpl.java,6.0,1.0,1.0,2.0,0.0,2.0,0.0,marrs@13f79535-47bb-0310-9956-ffa450edef68,0,0.0,0.0,0.0,0.0,0.0,0.0,0.0,0,1,0.0,false
fileinstall/src/main/java/org/apache/felix/fileinstall/internal/DirectoryWatcher.java,972.0,43.0,750.0,45.0,346.0,185.0,1.0,gnodet@13f79535-47bb-0310-9956-ffa450edef68,1,0.0035460992907801418,7.0,0.0,5.0,0.0,250.26666666666668,910.2572478550363,1,10,2.1422424429188665,true
fileinstall/src/main/java/org/apache/felix/fileinstall/internal/FileInstall.java,287.0,18.0,87.0,18.0,82.0,56.0,1.0,gnodet@13f79535-47bb-0310-9956-ffa450edef68,1,0.0035460992907801418,7.0,0.0,7.0,0.0,250.26666666666668,910.2572478550363,1,5,2.1422424429188665,true
framework/src/main/java/org/apache/felix/framework/BundleImpl.java,746.0,39.0,2119.0,74.0,271.0,218.0,2.0,rickhall@13f79535-47bb-0310-9956-ffa450edef68,2,0.0070921985815602835,6.0,0.0,0.0,0.0,473.7714285714286,3815.699084737812,2,15,1.5849450182399054,true
framework/src/main/java/org/apache/felix/framework/BundleWiringImpl.java,1434.0,60.0,989.0,50.0,305.0,194.0,2.0,rickhall@13f79535-47bb-0310-9956-ffa450edef68,2,0.0070921985815602835,3.0,0.0,2.0,0.0,372.2488479262673,1250.8409778784414,2,11,2.788920625649177,true
framework/src/main/java/org/apache/felix/framework/Felix.java,2635.0,52.0,5999.0,122.0,681.0,483.0,2.0,rickhall@13f79535-47bb-0310-9956-ffa450edef68,2,0.0070921985815602835,1.0,0.0,0.0,0.0,473.7714285714286,3815.699084737812,2,71,1.7576190926879738,true
framework/src/main/java/org/apache/felix/framework/ServiceRegistry.java,430.0,13.0,251.0,26.0,110.0,101.0,4.0,rickhall@13f79535-47bb-0310-9956-ffa450edef68,1,0.0035460992907801418,2.0,0.0,0.0,0.0,421.20000000000005,3757.043212251411,1,9,1.676879193229633,true
framework/src/main/java/org/apache/felix/framework/URLHandlers.java,385.0,15.0,68.0,17.0,72.0,60.0,0.0,pauls@13f79535-47bb-0310-9956-ffa450edef68,0,0.0,0.0,0.0,0.0,0.0,0.0,0.0,0,10,0.0,true
framework/src/main/java/org/apache/felix/framework/capabilityset/CapabilitySet.java,372.0,18.0,129.0,18.0,115.0,80.0,2.0,rickhall@13f79535-47bb-0310-9956-ffa450edef68,2,0.0070921985815602835,6.0,0.0,0.0,0.0,473.7714285714286,3815.699084737812,2,5,2.0596131142994185,true
framework/src/main/java/org/apache/felix/framework/resolver/ResolverImpl.java,867.0,25.0,264.0,24.0,265.0,114.0,26.0,rickhall@13f79535-47bb-0310-9956-ffa450edef68,0,0.0,0.0,0.0,0.0,0.0,0.0,0.0,0,19,0.0,true
framework/src/main/java/org/apache/felix/framework/util/EventDispatcher.java,600.0,32.0,304.0,28.0,132.0,105.0,2.0,rickhall@13f79535-47bb-0310-9956-ffa450edef68,2,0.0070921985815602835,5.0,2.0,0.0,0.0,473.7714285714286,3815.699084737812,2,11,2.0596131142994185,true
framework/src/main/java/org/apache/felix/framework/util/SecureAction.java,1168.0,20.0,0.0,56.0,343.0,317.0,4.0,rickhall@13f79535-47bb-0310-9956-ffa450edef68,1,0.0035460992907801418,2.0,0.0,0.0,0.0,421.20000000000005,3757.043212251411,1,8,1.676879193229633,true
framework/src/main/java/org/apache/felix/framework/util/manifestparser/ManifestParser.java,992.0,17.0,877.0,43.0,244.0,185.0,2.0,rickhall@13f79535-47bb-0310-9956-ffa450edef68,3,0.010638297872340425,6.0,1.0,3.0,0.0,793.4488479262673,5007.884190129853,3,12,1.904406484554339,true
framework/src/test/java/org/apache/felix/framework/CollisionHookTest.java,167.0,14.0,36.0,9.0,100.0,32.0,3.0,cziegeler@13f79535-47bb-0310-9956-ffa450edef68,2,0.0070921985815602835,75.0,0.0,0.0,0.0,473.7714285714286,3815.699084737812,2,0,1.7576190926879738,false
framework/src/test/java/org/apache/felix/framework/RequirementsCapabilitiesTest.java,145.0,20.0,11.0,7.0,46.0,18.0,4.0,davidb@13f79535-47bb-0310-9956-ffa450edef68,1,0.0035460992907801418,50.0,0.0,50.0,0.0,319.6774193548387,1192.1851053920407,1,0,3.1354942159291497,false
framework/src/test/java/org/apache/felix/framework/StartStopBundleTest.java,93.0,17.0,10.0,5.0,42.0,16.0,4.0,davidb@13f79535-47bb-0310-9956-ffa450edef68,1,0.0035460992907801418,25.0,0.0,25.0,0.0,319.6774193548387,1192.1851053920407,1,1,3.1354942159291497,false
framework/src/test/java/org/apache/felix/framework/util/EventDispatcherTest.java,86.0,20.0,21.0,7.0,46.0,12.0,1.0,rickhall@13f79535-47bb-0310-9956-ffa450edef68,1,0.0035460992907801418,8.0,0.0,0.0,8.0,421.20000000000005,3757.043212251411,1,2,1.676879193229633,true
framework/src/test/java/org/apache/felix/framework/util/manifestparser/ManifestParserTest.java,45.0,9.0,3.0,3.0,18.0,10.0,2.0,bob@13f79535-47bb-0310-9956-ffa450edef68,2,0.0070921985815602835,40.0,20.0,0.0,0.0,473.7714285714286,3815.699084737812,2,0,2.0596131142994185,false
gogo/runtime/src/main/java/org/apache/felix/gogo/runtime/CommandProcessorImpl.java,187.0,20.0,193.0,23.0,56.0,57.0,2.0,gnodet@13f79535-47bb-0310-9956-ffa450edef68,1,0.0035460992907801418,6.0,0.0,0.0,0.0,250.26666666666668,910.2572478550363,1,3,2.1422424429188665,true
gogo/runtime/src/main/java/org/apache/felix/gogo/runtime/CommandSessionImpl.java,231.0,18.0,34.0,12.0,43.0,35.0,2.0,gnodet@13f79535-47bb-0310-9956-ffa450edef68,1,0.0035460992907801418,7.0,0.0,0.0,0.0,250.26666666666668,910.2572478550363,1,2,2.1422424429188665,true
gogo/runtime/src/main/java/org/apache/felix/gogo/runtime/threadio/Marker.java,28.0,2.0,0.0,5.0,3.0,8.0,4.0,gnodet@13f79535-47bb-0310-9956-ffa450edef68,1,0.0035460992907801418,50.0,0.0,0.0,0.0,250.26666666666668,910.2572478550363,1,0,2.1422424429188665,false
gogo/runtime/src/main/java/org/apache/felix/gogo/runtime/threadio/ThreadIOImpl.java,63.0,4.0,1.0,7.0,16.0,16.0,2.0,gnodet@13f79535-47bb-0310-9956-ffa450edef68,1,0.0035460992907801418,25.0,0.0,12.0,0.0,250.26666666666668,910.2572478550363,1,0,2.1422424429188665,false
gogo/runtime/src/main/java/org/apache/felix/gogo/runtime/threadio/ThreadInputStream.java,46.0,2.0,62.0,12.0,20.0,27.0,4.0,gnodet@13f79535-47bb-0310-9956-ffa450edef68,1,0.0035460992907801418,25.0,0.0,0.0,0.0,250.26666666666668,910.2572478550363,1,1,2.1422424429188665,false
gogo/runtime/src/main/java/org/apache/felix/gogo/runtime/threadio/ThreadPrintStream.java,122.0,4.0,662.0,37.0,67.0,52.0,4.0,gnodet@13f79535-47bb-0310-9956-ffa450edef68,1,0.0035460992907801418,17.0,0.0,0.0,0.0,250.26666666666668,910.2572478550363,1,1,2.1422424429188665,false
http/base/src/main/java/org/apache/felix/http/base/internal/service/ResourceServlet.java,104.0,10.0,15.0,7.0,32.0,23.0,0.0,srs@13f79535-47bb-0310-9956-ffa450edef68,0,0.0,0.0,0.0,0.0,0.0,0.0,0.0,0,0,0.0,false
http/cometd/src/main/java/org/apache/felix/http/cometd/internal/CometdActivator.java,11.0,1.0,0.0,2.0,3.0,4.0,0.0,jawi@13f79535-47bb-0310-9956-ffa450edef68,0,0.0,0.0,0.0,0.0,0.0,0.0,0.0,0,0,0.0,false
http/jetty/src/main/java/org/apache/felix/http/jetty/internal/JettyActivator.java,12.0,1.0,0.0,2.0,6.0,4.0,0.0,srs@13f79535-47bb-0310-9956-ffa450edef68,0,0.0,0.0,0.0,0.0,0.0,0.0,0.0,0,0,0.0,false
http/jetty/src/main/java/org/apache/felix/http/jetty/internal/JettyConfig.java,359.0,11.0,600.0,36.0,77.0,90.0,3.0,fmeschbe@13f79535-47bb-0310-9956-ffa450edef68,2,0.0070921985815602835,9.0,3.0,0.0,0.0,685.45,4167.0311727021735,2,5,1.6209172634664184,true
http/jetty/src/main/java/org/apache/felix/http/jetty/internal/JettyLogger.java,59.0,3.0,84.0,16.0,17.0,32.0,0.0,srs@13f79535-47bb-0310-9956-ffa450edef68,0,0.0,0.0,0.0,0.0,0.0,0.0,0.0,0,4,0.0,true
http/jetty/src/main/java/org/apache/felix/http/jetty/internal/JettyService.java,511.0,50.0,385.0,38.0,254.0,110.0,6.0,fmeschbe@13f79535-47bb-0310-9956-ffa450edef68,3,0.010638297872340425,10.0,4.0,2.0,0.0,1623.9763157894738,9108.163438976393,3,5,1.318621711481407,true
http/jetty/src/main/java/org/apache/felix/http/jetty/internal/MBeanServerTracker.java,18.0,6.0,0.0,3.0,6.0,4.0,0.0,jawi@13f79535-47bb-0310-9956-ffa450edef68,0,0.0,0.0,0.0,0.0,0.0,0.0,0.0,0,3,0.0,true
http/jetty/src/main/java/org/apache/felix/http/jetty/internal/WebAppBundleContext.java,66.0,10.0,10.0,5.0,15.0,21.0,0.0,jawi@13f79535-47bb-0310-9956-ffa450edef68,0,0.0,0.0,0.0,0.0,0.0,0.0,0.0,0,2,0.0,true
http/jetty/src/main/java/org/apache/felix/http/jetty/internal/WebEvent.java,56.0,5.0,15.0,6.0,13.0,13.0,0.0,fmeschbe@13f79535-47bb-0310-9956-ffa450edef68,0,0.0,0.0,0.0,0.0,0.0,0.0,0.0,0,2,0.0,true
http/jetty/src/test/java/org/apache/felix/http/jetty/internal/JettyConfigTest.java,61.0,6.0,0.0,6.0,27.0,9.0,0.0,jawi@13f79535-47bb-0310-9956-ffa450edef68,0,0.0,0.0,0.0,0.0,0.0,0.0,0.0,0,0,0.0,false
http/sslfilter/src/main/java/org/apache/felix/http/sslfilter/internal/HttpServiceTracker.java,33.0,9.0,0.0,3.0,7.0,7.0,0.0,cziegeler@13f79535-47bb-0310-9956-ffa450edef68,0,0.0,0.0,0.0,0.0,0.0,0.0,0.0,0,1,0.0,false
http/sslfilter/src/main/java/org/apache/felix/http/sslfilter/internal/LogServiceTracker.java,17.0,4.0,3.0,3.0,3.0,4.0,0.0,cziegeler@13f79535-47bb-0310-9956-ffa450edef68,0,0.0,0.0,0.0,0.0,0.0,0.0,0.0,0,1,0.0,false
http/sslfilter/src/main/java/org/apache/felix/http/sslfilter/internal/SslFilter.java,28.0,10.0,3.0,3.0,5.0,7.0,0.0,fmeschbe@13f79535-47bb-0310-9956-ffa450edef68,0,0.0,0.0,0.0,0.0,0.0,0.0,0.0,0,1,0.0,false
http/sslfilter/src/main/java/org/apache/felix/http/sslfilter/internal/SslFilterActivator.java,20.0,2.0,0.0,2.0,2.0,3.0,0.0,cziegeler@13f79535-47bb-0310-9956-ffa450edef68,0,0.0,0.0,0.0,0.0,0.0,0.0,0.0,0,1,0.0,false
http/sslfilter/src/main/java/org/apache/felix/http/sslfilter/internal/SslFilterRequest.java,47.0,10.0,6.0,5.0,15.0,14.0,0.0,fmeschbe@13f79535-47bb-0310-9956-ffa450edef68,0,0.0,0.0,0.0,0.0,0.0,0.0,0.0,0,2,0.0,false
http/sslfilter/src/main/java/org/apache/felix/http/sslfilter/internal/SystemLogger.java,38.0,2.0,0.0,7.0,8.0,12.0,0.0,jawi@13f79535-47bb-0310-9956-ffa450edef68,0,0.0,0.0,0.0,0.0,0.0,0.0,0.0,0,1,0.0,false
http/sslfilter/src/test/java/org/apache/felix/http/sslfilter/internal/SslFilterRequestTest.java,38.0,8.0,3.0,3.0,17.0,6.0,0.0,cziegeler@13f79535-47bb-0310-9956-ffa450edef68,0,0.0,0.0,0.0,0.0,0.0,0.0,0.0,0,1,0.0,false
http/whiteboard/src/main/java/org/apache/felix/http/whiteboard/internal/manager/HttpContextManager.java,153.0,9.0,5.0,10.0,39.0,27.0,0.0,fmeschbe@13f79535-47bb-0310-9956-ffa450edef68,0,0.0,0.0,0.0,0.0,0.0,0.0,0.0,0,0,0.0,false
ipojo/manipulator/annotations/src/main/java/org/apache/felix/ipojo/annotations/Component.java,0.0,0.0,0.0,0.0,0.0,0.0,4.0,clement@13f79535-47bb-0310-9956-ffa450edef68,2,0.0070921985815602835,60.0,0.0,40.0,0.0,1040.3999999999999,6674.844431879105,2,1,2.342312171219092,false
ipojo/manipulator/manipulator-it/ipojo-manipulator-manipulation-test/src/main/java/org/apache/felix/ipojo/runtime/core/components/InnerClasses.java,159.0,6.0,4.0,4.0,4.0,9.0,2.0,clement@13f79535-47bb-0310-9956-ffa450edef68,1,0.0035460992907801418,33.0,0.0,0.0,0.0,1040.3999999999999,6599.477876124788,1,1,1.749199854809259,false
ipojo/manipulator/manipulator-it/ipojo-manipulator-manipulation-test/src/test/java/org/apache/felix/ipojo/runtime/core/TestNestedClasses.java,143.0,14.0,0.0,13.0,49.0,15.0,2.0,clement@13f79535-47bb-0310-9956-ffa450edef68,1,0.0035460992907801418,33.0,0.0,0.0,0.0,1040.3999999999999,6599.477876124788,1,1,1.749199854809259,false
ipojo/manipulator/manipulator-it/online-manipulator-it/src/main/java/org/apache/felix/ipojo/test/online/components/MyProviderWithAnnotations.java,5.0,4.0,0.0,1.0,0.0,2.0,3.0,clement@13f79535-47bb-0310-9956-ffa450edef68,1,0.0035460992907801418,100.0,0.0,100.0,0.0,1040.3999999999999,6599.477876124788,1,0,1.749199854809259,false
ipojo/manipulator/manipulator-it/online-manipulator-it/src/test/java/org/apache/felix/ipojo/test/online/OnlineManipulatorTest.java,297.0,31.0,85.0,22.0,189.0,68.0,3.0,clement@13f79535-47bb-0310-9956-ffa450edef68,1,0.0035460992907801418,20.0,0.0,20.0,0.0,1040.3999999999999,6599.477876124788,1,1,1.749199854809259,false
ipojo/manipulator/manipulator/src/main/java/org/apache/felix/ipojo/manipulation/ClassChecker.java,611.0,9.0,207.0,22.0,47.0,59.0,4.0,clement@13f79535-47bb-0310-9956-ffa450edef68,1,0.0035460992907801418,7.0,0.0,7.0,0.0,1040.3999999999999,6599.477876124788,1,6,1.749199854809259,false
ipojo/manipulator/manipulator/src/main/java/org/apache/felix/ipojo/manipulation/InnerClassChecker.java,25.0,3.0,0.0,2.0,3.0,5.0,4.0,clement@13f79535-47bb-0310-9956-ffa450edef68,1,0.0035460992907801418,33.0,0.0,33.0,0.0,1040.3999999999999,6599.477876124788,1,1,1.749199854809259,false
ipojo/manipulator/manipulator/src/main/java/org/apache/felix/ipojo/manipulator/metadata/annotation/module/DefaultBindingModule.java,189.0,36.0,253.0,23.0,81.0,60.0,3.0,clement@13f79535-47bb-0310-9956-ffa450edef68,1,0.0035460992907801418,29.0,29.0,0.0,29.0,1040.3999999999999,6599.477876124788,1,2,1.749199854809259,false
ipojo/manipulator/manipulator/src/main/java/org/apache/felix/ipojo/manipulator/metadata/annotation/visitor/RequiresVisitor.java,213.0,6.0,2.0,5.0,15.0,14.0,6.0,clement@13f79535-47bb-0310-9956-ffa450edef68,1,0.0035460992907801418,20.0,20.0,0.0,20.0,1040.3999999999999,6599.477876124788,1,3,1.749199854809259,false
ipojo/manipulator/manipulator/src/main/java/org/apache/felix/ipojo/manipulator/metadata/annotation/visitor/generic/GenericVisitorFactory.java,29.0,7.0,1.0,3.0,4.0,9.0,6.0,clement@13f79535-47bb-0310-9956-ffa450edef68,1,0.0035460992907801418,25.0,25.0,0.0,25.0,1040.3999999999999,6599.477876124788,1,1,1.749199854809259,false
ipojo/manipulator/manipulator/src/main/java/org/apache/felix/ipojo/manipulator/metadata/annotation/visitor/generic/RootGenericVisitor.java,62.0,3.0,0.0,4.0,9.0,11.0,6.0,clement@13f79535-47bb-0310-9956-ffa450edef68,1,0.0035460992907801418,50.0,50.0,0.0,50.0,1040.3999999999999,6599.477876124788,1,1,1.749199854809259,false
ipojo/manipulator/manipulator/src/test/java/org/apache/felix/ipojo/manipulation/InnerClassAdapterTest.java,272.0,18.0,85.0,14.0,145.0,43.0,4.0,clement@13f79535-47bb-0310-9956-ffa450edef68,1,0.0035460992907801418,38.0,12.0,12.0,12.0,1040.3999999999999,6599.477876124788,1,2,1.749199854809259,false
ipojo/manipulator/manipulator/src/test/java/org/apache/felix/ipojo/manipulation/ManipulatedClassLoader.java,56.0,5.0,0.0,8.0,16.0,20.0,4.0,clement@13f79535-47bb-0310-9956-ffa450edef68,1,0.0035460992907801418,12.0,0.0,12.0,0.0,1040.3999999999999,6599.477876124788,1,4,1.749199854809259,false
ipojo/manipulator/manipulator/src/test/java/test/inner/ComponentWithInnerClasses.java,58.0,2.0,15.0,6.0,3.0,12.0,4.0,clement@13f79535-47bb-0310-9956-ffa450edef68,1,0.0035460992907801418,40.0,20.0,0.0,20.0,1040.3999999999999,6599.477876124788,1,2,1.749199854809259,false
ipojo/manipulator/online-manipulator/src/main/java/org/apache/felix/ipojo/online/manipulator/IPOJOURLHandler.java,160.0,12.0,3.0,6.0,40.0,27.0,3.0,clement@13f79535-47bb-0310-9956-ffa450edef68,1,0.0035460992907801418,25.0,0.0,25.0,0.0,1040.3999999999999,6599.477876124788,1,0,1.749199854809259,false
ipojo/runtime/api/src/main/java/org/apache/felix/ipojo/api/PrimitiveComponentType.java,457.0,12.0,294.0,28.0,54.0,69.0,0.0,clement@13f79535-47bb-0310-9956-ffa450edef68,0,0.0,0.0,0.0,0.0,0.0,0.0,0.0,0,2,0.0,false
ipojo/runtime/composite/src/main/java/org/apache/felix/ipojo/composite/service/provides/CompositionMetadata.java,285.0,14.0,0.0,10.0,71.0,40.0,0.0,clement@13f79535-47bb-0310-9956-ffa450edef68,0,0.0,0.0,0.0,0.0,0.0,0.0,0.0,0,1,0.0,false
ipojo/runtime/core-it/ipojo-core-logger-test/src/test/java/org/apache/felix/ipojo/runtime/core/TestErrorHandler.java,52.0,27.0,3.0,3.0,29.0,9.0,1.0,clement@13f79535-47bb-0310-9956-ffa450edef68,1,0.0035460992907801418,50.0,0.0,0.0,0.0,1040.3999999999999,6599.477876124788,1,0,1.749199854809259,false
ipojo/runtime/core-it/ipojo-core-service-dependency-interceptor-test/src/main/java/org/apache/felix/ipojo/runtime/core/test/interceptors/TrackerAndRankerInterceptor.java,84.0,14.0,24.0,8.0,15.0,24.0,2.0,clement@13f79535-47bb-0310-9956-ffa450edef68,1,0.0035460992907801418,100.0,100.0,0.0,0.0,1040.3999999999999,6599.477876124788,1,0,1.749199854809259,false
ipojo/runtime/core-it/ipojo-core-service-dependency-interceptor-test/src/test/java/org/apache/felix/ipojo/runtime/core/test/dependencies/TestCombinationOfInterceptors.java,36.0,8.0,1.0,2.0,15.0,3.0,2.0,clement@13f79535-47bb-0310-9956-ffa450edef68,1,0.0035460992907801418,100.0,50.0,0.0,0.0,1040.3999999999999,6599.477876124788,1,0,1.749199854809259,false
ipojo/runtime/core/src/main/java/org/apache/felix/ipojo/Factory.java,127.0,5.0,153.0,18.0,0.0,48.0,0.0,clement@13f79535-47bb-0310-9956-ffa450edef68,0,0.0,0.0,0.0,0.0,0.0,0.0,0.0,0,2,0.0,false
ipojo/runtime/core/src/main/java/org/apache/felix/ipojo/IPojoFactory.java,885.0,16.0,506.0,40.0,131.0,126.0,2.0,clement@13f79535-47bb-0310-9956-ffa450edef68,1,0.0035460992907801418,4.0,0.0,4.0,0.0,1040.3999999999999,6599.477876124788,1,16,1.749199854809259,false
ipojo/runtime/core/src/main/java/org/apache/felix/ipojo/architecture/PropertyDescription.java,163.0,4.0,12.0,12.0,9.0,32.0,1.0,clement@13f79535-47bb-0310-9956-ffa450edef68,1,0.0035460992907801418,33.0,33.0,33.0,0.0,1040.3999999999999,6599.477876124788,1,1,1.749199854809259,false
ipojo/runtime/core/src/main/java/org/apache/felix/ipojo/dependency/impl/ServiceReferenceManager.java,737.0,14.0,0.0,51.0,250.0,139.0,0.0,clement@13f79535-47bb-0310-9956-ffa450edef68,0,0.0,0.0,0.0,0.0,0.0,0.0,0.0,0,4,0.0,false
ipojo/runtime/core/src/main/java/org/apache/felix/ipojo/dependency/interceptors/ServiceBindingInterceptor.java,22.0,3.0,1.0,2.0,0.0,6.0,0.0,clement@13f79535-47bb-0310-9956-ffa450edef68,0,0.0,0.0,0.0,0.0,0.0,0.0,0.0,0,2,0.0,false
ipojo/runtime/core/src/main/java/org/apache/felix/ipojo/handlers/configuration/ConfigurationHandlerDescription.java,107.0,6.0,0.0,7.0,11.0,23.0,0.0,clement@13f79535-47bb-0310-9956-ffa450edef68,0,0.0,0.0,0.0,0.0,0.0,0.0,0.0,0,2,0.0,false
ipojo/runtime/core/src/main/java/org/apache/felix/ipojo/handlers/providedservice/ProvidedService.java,866.0,10.0,293.0,31.0,123.0,108.0,1.0,clement@13f79535-47bb-0310-9956-ffa450edef68,1,0.0035460992907801418,10.0,0.0,10.0,0.0,1040.3999999999999,6599.477876124788,1,5,1.749199854809259,false
ipojo/runtime/core/src/main/java/org/apache/felix/ipojo/parser/MethodMetadata.java,194.0,7.0,14.0,9.0,28.0,35.0,0.0,clement@13f79535-47bb-0310-9956-ffa450edef68,0,0.0,0.0,0.0,0.0,0.0,0.0,0.0,0,2,0.0,false
jaas/src/main/java/org/apache/felix/jaas/LoginContextFactory.java,14.0,5.0,0.0,1.0,0.0,5.0,0.0,fmeschbe@13f79535-47bb-0310-9956-ffa450edef68,0,0.0,0.0,0.0,0.0,0.0,0.0,0.0,0,0,0.0,false
jaas/src/main/java/org/apache/felix/jaas/LoginModuleFactory.java,18.0,2.0,0.0,1.0,0.0,2.0,4.0,fmeschbe@13f79535-47bb-0310-9956-ffa450edef68,1,0.0035460992907801418,20.0,20.0,0.0,0.0,264.25,409.9879604507622,1,0,2.5477075510270306,false
metatype/src/main/java/org/apache/felix/metatype/AD.java,315.0,7.0,299.0,26.0,29.0,56.0,0.0,fmeschbe@13f79535-47bb-0310-9956-ffa450edef68,0,0.0,0.0,0.0,0.0,0.0,0.0,0.0,0,2,0.0,false
metatype/src/test/java/org/apache/felix/metatype/ADTest.java,165.0,4.0,114.0,16.0,52.0,21.0,0.0,jawi@13f79535-47bb-0310-9956-ffa450edef68,0,0.0,0.0,0.0,0.0,0.0,0.0,0.0,0,2,0.0,false
scr/src/main/java/org/apache/felix/scr/impl/Activator.java,234.0,15.0,51.0,14.0,46.0,42.0,6.0,fmeschbe@13f79535-47bb-0310-9956-ffa450edef68,0,0.0,0.0,0.0,0.0,0.0,0.0,0.0,0,6,0.0,false
scr/src/main/java/org/apache/felix/scr/impl/BundleComponentActivator.java,333.0,27.0,79.0,19.0,84.0,67.0,0.0,fmeschbe@13f79535-47bb-0310-9956-ffa450edef68,0,0.0,0.0,0.0,0.0,0.0,0.0,0.0,0,10,0.0,true
scr/src/main/java/org/apache/felix/scr/impl/ComponentRegistry.java,376.0,32.0,188.0,24.0,100.0,76.0,1.0,fmeschbe@13f79535-47bb-0310-9956-ffa450edef68,1,0.0035460992907801418,3.0,0.0,3.0,0.0,250.26666666666668,910.2572478550363,1,5,2.1422424429188665,false
scr/src/main/java/org/apache/felix/scr/impl/config/ComponentHolder.java,62.0,6.0,55.0,11.0,0.0,20.0,0.0,djencks@13f79535-47bb-0310-9956-ffa450edef68,0,0.0,0.0,0.0,0.0,0.0,0.0,0.0,0,3,0.0,false
scr/src/main/java/org/apache/felix/scr/impl/config/ConfigurableComponentHolder.java,288.0,15.0,72.0,21.0,69.0,65.0,0.0,djencks@13f79535-47bb-0310-9956-ffa450edef68,0,0.0,0.0,0.0,0.0,0.0,0.0,0.0,0,1,0.0,true
scr/src/main/java/org/apache/felix/scr/impl/config/ConfigurationSupport.java,384.0,29.0,99.0,15.0,96.0,58.0,5.0,djencks@13f79535-47bb-0310-9956-ffa450edef68,1,0.0035460992907801418,3.0,0.0,3.0,0.0,141.6470588235294,319.0158625799173,1,8,2.953172659135195,false
scr/src/main/java/org/apache/felix/scr/impl/config/ScrConfiguration.java,166.0,7.0,47.0,18.0,36.0,39.0,0.0,fmeschbe@13f79535-47bb-0310-9956-ffa450edef68,0,0.0,0.0,0.0,0.0,0.0,0.0,0.0,0,2,0.0,false
scr/src/main/java/org/apache/felix/scr/impl/manager/AbstractComponentManager.java,876.0,40.0,5179.0,107.0,261.0,258.0,4.0,djencks@13f79535-47bb-0310-9956-ffa450edef68,1,0.0035460992907801418,2.0,0.0,1.0,0.0,141.6470588235294,319.0158625799173,1,34,2.953172659135195,true
scr/src/main/java/org/apache/felix/scr/impl/manager/ComponentContextImpl.java,130.0,12.0,4.0,16.0,31.0,35.0,4.0,djencks@13f79535-47bb-0310-9956-ffa450edef68,1,0.0035460992907801418,7.0,0.0,7.0,0.0,141.6470588235294,319.0158625799173,1,6,2.953172659135195,false
scr/src/main/java/org/apache/felix/scr/impl/manager/ComponentFactoryImpl.java,254.0,21.0,381.0,30.0,72.0,71.0,3.0,djencks@13f79535-47bb-0310-9956-ffa450edef68,1,0.0035460992907801418,1.0,0.0,0.0,0.0,141.6470588235294,319.0158625799173,1,18,2.953172659135195,false
scr/src/main/java/org/apache/felix/scr/impl/manager/ConfigurationComponentFactoryImpl.java,122.0,14.0,3.0,10.0,41.0,28.0,0.0,djencks@13f79535-47bb-0310-9956-ffa450edef68,0,0.0,0.0,0.0,0.0,0.0,0.0,0.0,0,4,0.0,false
scr/src/main/java/org/apache/felix/scr/impl/manager/DependencyManager.java,1217.0,31.0,189.0,42.0,174.0,138.0,3.0,djencks@13f79535-47bb-0310-9956-ffa450edef68,1,0.0035460992907801418,4.0,0.0,2.0,1.0,141.6470588235294,319.0158625799173,1,37,2.953172659135195,true
scr/src/main/java/org/apache/felix/scr/impl/manager/EdgeInfo.java,72.0,3.0,29.0,11.0,11.0,23.0,0.0,djencks@13f79535-47bb-0310-9956-ffa450edef68,0,0.0,0.0,0.0,0.0,0.0,0.0,0.0,0,4,0.0,false
scr/src/main/java/org/apache/felix/scr/impl/manager/RefPair.java,43.0,2.0,19.0,10.0,4.0,18.0,4.0,djencks@13f79535-47bb-0310-9956-ffa450edef68,1,0.0035460992907801418,10.0,0.0,10.0,0.0,141.6470588235294,319.0158625799173,1,2,2.953172659135195,false
scr/src/main/java/org/apache/felix/scr/impl/manager/ServiceFactoryComponentManager.java,112.0,17.0,63.0,15.0,42.0,37.0,3.0,djencks@13f79535-47bb-0310-9956-ffa450edef68,1,0.0035460992907801418,2.0,0.0,0.0,0.0,141.6470588235294,319.0158625799173,1,11,2.953172659135195,false
scr/src/main/java/org/apache/felix/scr/impl/manager/ServiceTracker.java,963.0,18.0,14.0,28.0,77.0,106.0,4.0,djencks@13f79535-47bb-0310-9956-ffa450edef68,1,0.0035460992907801418,15.0,0.0,8.0,8.0,141.6470588235294,319.0158625799173,1,5,2.953172659135195,true
scr/src/main/java/org/apache/felix/scr/impl/manager/SingleComponentManager.java,506.0,20.0,430.0,36.0,152.0,101.0,4.0,djencks@13f79535-47bb-0310-9956-ffa450edef68,1,0.0035460992907801418,12.0,0.0,8.0,0.0,141.6470588235294,319.0158625799173,1,1,2.953172659135195,true
scr/src/test/java/org/apache/felix/scr/impl/config/ConfiguredComponentHolderTest.java,129.0,11.0,15.0,6.0,38.0,11.0,0.0,djencks@13f79535-47bb-0310-9956-ffa450edef68,0,0.0,0.0,0.0,0.0,0.0,0.0,0.0,0,2,0.0,false
scr/src/test/java/org/apache/felix/scr/impl/helper/ActivateMethodTest.java,170.0,13.0,76.0,20.0,49.0,45.0,0.0,fmeschbe@13f79535-47bb-0310-9956-ffa450edef68,0,0.0,0.0,0.0,0.0,0.0,0.0,0.0,0,1,0.0,false
scr/src/test/java/org/apache/felix/scr/impl/helper/BindMethodTest.java,276.0,13.0,739.0,39.0,50.0,42.0,0.0,djencks@13f79535-47bb-0310-9956-ffa450edef68,0,0.0,0.0,0.0,0.0,0.0,0.0,0.0,0,0,0.0,false
scr/src/test/java/org/apache/felix/scr/integration/CircularFactoryTest.java,13.0,8.0,0.0,1.0,5.0,3.0,0.0,djencks@13f79535-47bb-0310-9956-ffa450edef68,0,0.0,0.0,0.0,0.0,0.0,0.0,0.0,0,1,0.0,false
scr/src/test/java/org/apache/felix/scr/integration/ComponentDisposeTest.java,84.0,9.0,1.0,2.0,26.0,8.0,0.0,fmeschbe@13f79535-47bb-0310-9956-ffa450edef68,0,0.0,0.0,0.0,0.0,0.0,0.0,0.0,0,2,0.0,false
scr/src/test/java/org/apache/felix/scr/integration/ComponentFactoryTest.java,406.0,20.0,0.0,8.0,179.0,25.0,0.0,djencks@13f79535-47bb-0310-9956-ffa450edef68,0,0.0,0.0,0.0,0.0,0.0,0.0,0.0,0,6,0.0,true
scr/src/test/java/org/apache/felix/scr/integration/ComponentTestBase.java,565.0,55.0,268.0,25.0,125.0,82.0,4.0,djencks@13f79535-47bb-0310-9956-ffa450edef68,1,0.0035460992907801418,4.0,0.0,2.0,0.0,141.6470588235294,319.0158625799173,1,6,2.953172659135195,true
scr/src/test/java/org/apache/felix/scr/integration/Felix4350Test.java,63.0,14.0,36.0,9.0,19.0,16.0,2.0,gnodet@13f79535-47bb-0310-9956-ffa450edef68,2,0.0070921985815602835,50.0,33.0,17.0,0.0,391.91372549019604,1229.2731104349537,2,0,1.7760383466961631,false
scr/src/test/java/org/apache/felix/scr/integration/LocateTest.java,28.0,11.0,0.0,1.0,15.0,2.0,5.0,djencks@13f79535-47bb-0310-9956-ffa450edef68,1,0.0035460992907801418,50.0,0.0,0.0,0.0,141.6470588235294,319.0158625799173,1,0,2.953172659135195,false
scr/src/test/java/org/apache/felix/scr/integration/components/Felix4350Component.java,20.0,0.0,11.0,6.0,0.0,6.0,3.0,gnodet@13f79535-47bb-0310-9956-ffa450edef68,1,0.0035460992907801418,50.0,50.0,0.0,0.0,250.26666666666668,910.2572478550363,1,0,2.1422424429188665,false
scr/src/test/java/org/apache/felix/scr/integration/components/circularFactory/FactoryClient.java,11.0,2.0,6.0,4.0,1.0,4.0,0.0,djencks@13f79535-47bb-0310-9956-ffa450edef68,0,0.0,0.0,0.0,0.0,0.0,0.0,0.0,0,1,0.0,false
scr/src/test/java/org/apache/felix/scr/integration/components/circularFactory/FactoryInstance.java,2.0,0.0,0.0,0.0,0.0,0.0,0.0,djencks@13f79535-47bb-0310-9956-ffa450edef68,0,0.0,0.0,0.0,0.0,0.0,0.0,0.0,0,1,0.0,false
scr/src/test/java/org/apache/felix/scr/integration/components/deadlock/Consumer.java,11.0,2.0,3.0,3.0,1.0,3.0,5.0,djencks@13f79535-47bb-0310-9956-ffa450edef68,1,0.0035460992907801418,100.0,0.0,0.0,0.0,141.6470588235294,319.0158625799173,1,0,2.953172659135195,false
scr/src/test/java/org/apache/felix/scr/integration/components/deadlock/TestComponent.java,42.0,2.0,0.0,7.0,5.0,13.0,5.0,djencks@13f79535-47bb-0310-9956-ffa450edef68,1,0.0035460992907801418,100.0,0.0,0.0,0.0,141.6470588235294,319.0158625799173,1,0,2.953172659135195,false
useradmin/itest/src/test/java/org/apache/felix/useradmin/itest/BaseIntegrationTest.java,70.0,20.0,3.0,6.0,25.0,21.0,16.0,jawi@13f79535-47bb-0310-9956-ffa450edef68,1,0.0035460992907801418,20.0,20.0,0.0,0.0,938.5263157894738,4941.13226627422,1,1,2.5477075510270306,true
utils/src/main/java/org/apache/felix/utils/extender/AbstractExtender.java,244.0,17.0,287.0,27.0,51.0,74.0,1.0,gnodet@13f79535-47bb-0310-9956-ffa450edef68,1,0.0035460992907801418,20.0,0.0,0.0,20.0,250.26666666666668,910.2572478550363,1,3,2.1422424429188665,false
utils/src/main/java/org/apache/felix/utils/properties/InterpolationHelper.java,140.0,3.0,26.0,8.0,23.0,30.0,2.0,gnodet@13f79535-47bb-0310-9956-ffa450edef68,1,0.0035460992907801418,44.0,11.0,0.0,0.0,250.26666666666668,910.2572478550363,1,0,2.1422424429188665,false
utils/src/main/java/org/apache/felix/utils/properties/Properties.java,761.0,25.0,547.0,38.0,98.0,121.0,2.0,gnodet@13f79535-47bb-0310-9956-ffa450edef68,1,0.0035460992907801418,22.0,0.0,0.0,0.0,250.26666666666668,910.2572478550363,1,0,2.1422424429188665,false
utils/src/test/java/org/apache/felix/utils/properties/InterpolationHelperTest.java,101.0,4.0,0.0,10.0,36.0,17.0,2.0,gnodet@13f79535-47bb-0310-9956-ffa450edef68,1,0.0035460992907801418,29.0,0.0,0.0,0.0,250.26666666666668,910.2572478550363,1,1,2.1422424429188665,false
utils/src/test/java/org/apache/felix/utils/properties/PropertiesTest.java,142.0,8.0,0.0,10.0,53.0,21.0,2.0,gnodet@13f79535-47bb-0310-9956-ffa450edef68,1,0.0035460992907801418,29.0,0.0,0.0,0.0,250.26666666666668,910.2572478550363,1,0,2.1422424429188665,false
webconsole-plugins/memoryusage/src/main/java/org/apache/felix/webconsole/plugins/memoryusage/internal/Activator.java,61.0,8.0,0.0,5.0,2.0,10.0,6.0,fmeschbe@13f79535-47bb-0310-9956-ffa450edef68,0,0.0,0.0,0.0,0.0,0.0,0.0,0.0,0,1,0.0,false
webconsole-plugins/memoryusage/src/main/java/org/apache/felix/webconsole/plugins/memoryusage/internal/MemoryUsageConstants.java,53.0,0.0,0.0,1.0,0.0,4.0,0.0,fmeschbe@13f79535-47bb-0310-9956-ffa450edef68,0,0.0,0.0,0.0,0.0,0.0,0.0,0.0,0,1,0.0,false
webconsole-plugins/obr/src/main/java/org/apache/felix/webconsole/plugins/obr/internal/WebConsolePlugin.java,186.0,8.0,13.0,10.0,44.0,29.0,6.0,vvalchev@13f79535-47bb-0310-9956-ffa450edef68,0,0.0,0.0,0.0,0.0,0.0,0.0,0.0,0,0,0.0,false
webconsole-plugins/packageadmin/src/main/java/org/apache/felix/webconsole/plugins/packageadmin/internal/WebConsolePlugin.java,178.0,28.0,44.0,12.0,69.0,46.0,6.0,vvalchev@13f79535-47bb-0310-9956-ffa450edef68,1,0.0035460992907801418,25.0,0.0,0.0,0.0,264.25,409.9879604507622,1,2,2.5477075510270306,true
webconsole-plugins/script-console/src/main/java/org/apache/felix/webconsole/plugins/scriptconsole/internal/ScriptConsolePlugin.java,188.0,22.0,91.0,15.0,71.0,49.0,0.0,fmeschbe@13f79535-47bb-0310-9956-ffa450edef68,0,0.0,0.0,0.0,0.0,0.0,0.0,0.0,0,0,0.0,false
webconsole-plugins/shell/src/main/java/org/apache/felix/webconsole/plugins/shell/internal/WebConsolePlugin.java,81.0,13.0,6.0,5.0,22.0,15.0,6.0,vvalchev@13f79535-47bb-0310-9956-ffa450edef68,0,0.0,0.0,0.0,0.0,0.0,0.0,0.0,0,0,0.0,false
webconsole-plugins/upnp/src/main/java/org/apache/felix/webconsole/plugins/upnp/internal/WebConsolePlugin.java,69.0,7.0,5.0,7.0,8.0,16.0,6.0,vvalchev@13f79535-47bb-0310-9956-ffa450edef68,0,0.0,0.0,0.0,0.0,0.0,0.0,0.0,0,1,0.0,true
webconsole-plugins/useradmin/src/main/java/org/apache/felix/webconsole/plugins/useradmin/internal/WebConsolePlugin.java,164.0,17.0,41.0,10.0,60.0,33.0,6.0,vvalchev@13f79535-47bb-0310-9956-ffa450edef68,0,0.0,0.0,0.0,0.0,0.0,0.0,0.0,0,1,0.0,false
webconsole/src/main/java/org/apache/felix/webconsole/internal/configuration/ConfigManager.java,236.0,16.0,13.0,7.0,76.0,30.0,0.0,cziegeler@13f79535-47bb-0310-9956-ffa450edef68,0,0.0,0.0,0.0,0.0,0.0,0.0,0.0,0,0,0.0,false
webconsole/src/main/java/org/apache/felix/webconsole/internal/servlet/ConfigurationSupport.java,43.0,7.0,1.0,3.0,16.0,10.0,5.0,fmeschbe@13f79535-47bb-0310-9956-ffa450edef68,0,0.0,0.0,0.0,0.0,0.0,0.0,0.0,0,1,0.0,false
webconsole/src/main/java/org/apache/felix/webconsole/internal/servlet/OsgiManager.java,563.0,50.0,247.0,27.0,152.0,90.0,0.0,fmeschbe@13f79535-47bb-0310-9956-ffa450edef68,0,0.0,0.0,0.0,0.0,0.0,0.0,0.0,0,20,0.0,false
webconsole/src/main/java/org/apache/felix/webconsole/internal/servlet/OsgiManagerHttpContext.java,112.0,10.0,12.0,8.0,30.0,27.0,0.0,fmeschbe@13f79535-47bb-0310-9956-ffa450edef68,0,0.0,0.0,0.0,0.0,0.0,0.0,0.0,0,2,0.0,false
webconsole/src/main/java/org/apache/felix/webconsole/internal/servlet/Password.java,90.0,3.0,31.0,10.0,26.0,32.0,0.0,fmeschbe@13f79535-47bb-0310-9956-ffa450edef68,0,0.0,0.0,0.0,0.0,0.0,0.0,0.0,0,0,0.0,false
