name,LOC,CBO,LCOM,NOM,RFC,WMC,ACS,Ownership,numOfChanges,numberOfFIChanges,ENH,NF,BugFixing,REF,structuralWorkloadSum,semanticWorkloadSum,numberOfDeveloper,pastFaults,MAF,isBuggy
bundleplugin/src/main/java/org/apache/felix/bundleplugin/BundlePlugin.java,1009.0,59.0,855.0,43.0,442.0,176.0,1.0,mcculls@13f79535-47bb-0310-9956-ffa450edef68,1,0.007352941176470588,1.0,0.0,1.0,0.0,720.7826086956521,6955.334361845805,1,27,0.9614111671546247,true
bundleplugin/src/main/java/org/apache/felix/bundleplugin/baseline/AbstractBaselinePlugin.java,328.0,36.0,130.0,17.0,96.0,53.0,0.0,cziegeler@13f79535-47bb-0310-9956-ffa450edef68,0,0.0,0.0,0.0,0.0,0.0,0.0,0.0,0,1,0.0,false
bundlerepository/src/main/java/org/apache/felix/bundlerepository/impl/LocalResourceImpl.java,66.0,12.0,16.0,8.0,29.0,20.0,9.0,gnodet@13f79535-47bb-0310-9956-ffa450edef68,1,0.007352941176470588,14.0,14.0,14.0,0.0,217.2,310.5886917706631,1,1,3.0155349008501706,true
bundlerepository/src/main/java/org/apache/felix/bundlerepository/impl/ResourceComparator.java,18.0,2.0,0.0,1.0,2.0,4.0,1.0,cziegeler@13f79535-47bb-0310-9956-ffa450edef68,1,0.007352941176470588,50.0,0.0,0.0,0.0,720.7826086956521,6955.334361845805,1,0,0.9614111671546247,false
bundlerepository/src/main/java/org/apache/felix/bundlerepository/impl/ResourceImpl.java,183.0,20.0,203.0,26.0,59.0,67.0,3.0,gnodet@13f79535-47bb-0310-9956-ffa450edef68,1,0.007352941176470588,17.0,0.0,17.0,0.0,217.2,310.5886917706631,1,2,3.0155349008501706,false
bundlerepository/src/test/java/org/apache/felix/bundlerepository/impl/OSGiRepositoryImplTest.java,141.0,26.0,21.0,7.0,105.0,20.0,9.0,davidb@13f79535-47bb-0310-9956-ffa450edef68,1,0.007352941176470588,20.0,20.0,20.0,0.0,217.2,310.5886917706631,1,2,3.0155349008501706,false
bundlerepository/src/test/java/org/apache/felix/bundlerepository/impl/OSGiRepositoryXMLTest.java,77.0,21.0,6.0,4.0,58.0,9.0,9.0,davidb@13f79535-47bb-0310-9956-ffa450edef68,1,0.007352941176470588,25.0,25.0,25.0,0.0,217.2,310.5886917706631,1,1,3.0155349008501706,false
bundlerepository/src/test/java/org/apache/felix/bundlerepository/impl/RepositoryAdminTest.java,48.0,17.0,6.0,4.0,37.0,13.0,9.0,gnodet@13f79535-47bb-0310-9956-ffa450edef68,1,0.007352941176470588,20.0,20.0,20.0,0.0,217.2,310.5886917706631,1,0,3.0155349008501706,false
bundlerepository/src/test/java/org/apache/felix/bundlerepository/impl/RepositoryImplTest.java,70.0,18.0,21.0,7.0,47.0,17.0,9.0,davidb@13f79535-47bb-0310-9956-ffa450edef68,1,0.007352941176470588,17.0,17.0,17.0,0.0,217.2,310.5886917706631,1,2,3.0155349008501706,false
bundlerepository/src/test/java/org/apache/felix/bundlerepository/impl/ResolverImplTest.java,101.0,20.0,45.0,10.0,100.0,31.0,9.0,gnodet@13f79535-47bb-0310-9956-ffa450edef68,1,0.007352941176470588,20.0,20.0,20.0,0.0,217.2,310.5886917706631,1,0,3.0155349008501706,false
bundlerepository/src/test/java/org/apache/felix/bundlerepository/impl/ResourceImplTest.java,56.0,4.0,6.0,4.0,32.0,4.0,3.0,davidb@13f79535-47bb-0310-9956-ffa450edef68,1,0.007352941176470588,100.0,0.0,100.0,0.0,217.2,310.5886917706631,1,0,3.0155349008501706,false
bundlerepository/src/test/java/org/apache/felix/bundlerepository/impl/StaxParserTest.java,108.0,19.0,28.0,8.0,63.0,24.0,9.0,gnodet@13f79535-47bb-0310-9956-ffa450edef68,1,0.007352941176470588,20.0,20.0,20.0,0.0,217.2,310.5886917706631,1,0,3.0155349008501706,false
configadmin/src/main/java/org/apache/felix/cm/impl/CachingPersistenceManagerProxy.java,144.0,13.0,0.0,7.0,43.0,30.0,1.0,fmeschbe@13f79535-47bb-0310-9956-ffa450edef68,1,0.007352941176470588,25.0,0.0,0.0,0.0,280.22222222222223,664.8563198066927,1,0,1.7346010553881064,false
dependencymanager/test/src/test/java/org/apache/felix/dm/test/integration/common/TestBase.java,245.0,35.0,281.0,27.0,85.0,69.0,4.0,pderop@13f79535-47bb-0310-9956-ffa450edef68,1,0.007352941176470588,8.0,0.0,0.0,0.0,0.0,0.0,1,4,4.624972813284271,false
eventadmin/impl/src/main/java/org/apache/felix/eventadmin/impl/Configuration.java,299.0,19.0,54.0,13.0,52.0,46.0,2.0,cziegeler@13f79535-47bb-0310-9956-ffa450edef68,1,0.007352941176470588,24.0,6.0,6.0,0.0,720.7826086956521,6955.334361845805,1,1,0.9614111671546247,false
eventadmin/impl/src/main/java/org/apache/felix/eventadmin/impl/MetaTypeProviderImpl.java,128.0,8.0,30.0,9.0,5.0,21.0,2.0,cziegeler@13f79535-47bb-0310-9956-ffa450edef68,1,0.007352941176470588,30.0,20.0,0.0,0.0,720.7826086956521,6955.334361845805,1,1,0.9614111671546247,false
eventadmin/impl/src/main/java/org/apache/felix/eventadmin/impl/handler/EventAdminImpl.java,102.0,7.0,6.0,8.0,19.0,25.0,0.0,cziegeler@13f79535-47bb-0310-9956-ffa450edef68,0,0.0,0.0,0.0,0.0,0.0,0.0,0.0,0,0,0.0,false
eventadmin/impl/src/main/java/org/apache/felix/eventadmin/impl/handler/EventHandlerProxy.java,281.0,11.0,10.0,12.0,36.0,38.0,6.0,cziegeler@13f79535-47bb-0310-9956-ffa450edef68,1,0.007352941176470588,14.0,0.0,0.0,0.0,720.7826086956521,6955.334361845805,1,0,0.9614111671546247,false
eventadmin/impl/src/main/java/org/apache/felix/eventadmin/impl/handler/EventHandlerTracker.java,288.0,13.0,41.0,11.0,45.0,38.0,2.0,cziegeler@13f79535-47bb-0310-9956-ffa450edef68,1,0.007352941176470588,17.0,0.0,0.0,0.0,720.7826086956521,6955.334361845805,1,0,0.9614111671546247,false
eventadmin/impl/src/main/java/org/apache/felix/eventadmin/impl/security/SecureEventAdminFactory.java,39.0,4.0,4.0,4.0,1.0,8.0,0.0,pauls@13f79535-47bb-0310-9956-ffa450edef68,0,0.0,0.0,0.0,0.0,0.0,0.0,0.0,0,0,0.0,false
eventadmin/impl/src/main/java/org/apache/felix/eventadmin/impl/tasks/AsyncDeliverTasks.java,105.0,5.0,0.0,2.0,9.0,5.0,2.0,cziegeler@13f79535-47bb-0310-9956-ffa450edef68,1,0.007352941176470588,25.0,0.0,0.0,0.0,720.7826086956521,6955.334361845805,1,0,0.9614111671546247,true
eventadmin/impl/src/main/java/org/apache/felix/eventadmin/impl/tasks/BlacklistLatch.java,50.0,6.0,0.0,4.0,10.0,8.0,6.0,cziegeler@13f79535-47bb-0310-9956-ffa450edef68,1,0.007352941176470588,100.0,0.0,0.0,0.0,720.7826086956521,6955.334361845805,1,0,0.9614111671546247,false
eventadmin/impl/src/main/java/org/apache/felix/eventadmin/impl/tasks/DefaultThreadPool.java,80.0,5.0,11.0,7.0,13.0,17.0,2.0,cziegeler@13f79535-47bb-0310-9956-ffa450edef68,1,0.007352941176470588,60.0,20.0,0.0,0.0,720.7826086956521,6955.334361845805,1,0,0.9614111671546247,true
eventadmin/impl/src/main/java/org/apache/felix/eventadmin/impl/tasks/HandlerTask.java,84.0,4.0,0.0,7.0,17.0,18.0,6.0,pauls@13f79535-47bb-0310-9956-ffa450edef68,1,0.007352941176470588,14.0,0.0,0.0,0.0,720.7826086956521,6955.334361845805,1,0,0.9614111671546247,false
eventadmin/impl/src/main/java/org/apache/felix/eventadmin/impl/tasks/SyncDeliverTasks.java,52.0,4.0,0.0,3.0,12.0,6.0,5.0,cziegeler@13f79535-47bb-0310-9956-ffa450edef68,1,0.007352941176470588,12.0,0.0,0.0,0.0,720.7826086956521,6955.334361845805,1,0,0.9614111671546247,true
eventadmin/impl/src/test/java/org/apache/felix/eventadmin/ittests/AbstractTest.java,244.0,31.0,57.0,15.0,61.0,47.0,3.0,cziegeler@13f79535-47bb-0310-9956-ffa450edef68,1,0.007352941176470588,50.0,50.0,0.0,0.0,720.7826086956521,6955.334361845805,1,0,0.9614111671546247,false
eventadmin/impl/src/test/java/org/apache/felix/eventadmin/ittests/Listener.java,29.0,6.0,0.0,4.0,5.0,6.0,0.0,cziegeler@13f79535-47bb-0310-9956-ffa450edef68,0,0.0,0.0,0.0,0.0,0.0,0.0,0.0,0,0,0.0,false
eventadmin/impl/src/test/java/org/apache/felix/eventadmin/ittests/StressTestIT.java,29.0,1.0,0.0,2.0,4.0,3.0,3.0,cziegeler@13f79535-47bb-0310-9956-ffa450edef68,1,0.007352941176470588,50.0,50.0,0.0,0.0,720.7826086956521,6955.334361845805,1,0,0.9614111671546247,false
eventadmin/impl/src/test/java/org/apache/felix/eventadmin/perftests/PerformanceTestIT.java,210.0,29.0,69.0,14.0,58.0,31.0,2.0,cziegeler@13f79535-47bb-0310-9956-ffa450edef68,1,0.007352941176470588,100.0,100.0,0.0,0.0,720.7826086956521,6955.334361845805,1,0,0.9614111671546247,false
fileinstall/src/main/java/org/apache/felix/fileinstall/internal/ConfigInstaller.java,217.0,11.0,119.0,18.0,79.0,59.0,1.0,gnodet@13f79535-47bb-0310-9956-ffa450edef68,1,0.007352941176470588,4.0,0.0,4.0,0.0,280.22222222222223,664.8563198066927,1,2,1.7346010553881064,true
fileinstall/src/main/java/org/apache/felix/fileinstall/internal/WatcherScanner.java,110.0,9.0,0.0,3.0,20.0,12.0,1.0,gnodet@13f79535-47bb-0310-9956-ffa450edef68,1,0.007352941176470588,33.0,0.0,33.0,0.0,280.22222222222223,664.8563198066927,1,0,1.7346010553881064,false
fileinstall/src/test/java/org/apache/felix/fileinstall/internal/ConfigInstallerTest.java,130.0,12.0,36.0,13.0,77.0,33.0,1.0,gnodet@13f79535-47bb-0310-9956-ffa450edef68,1,0.007352941176470588,9.0,0.0,9.0,0.0,280.22222222222223,664.8563198066927,1,2,1.7346010553881064,false
framework/src/main/java/org/apache/felix/framework/BundleContextImpl.java,279.0,24.0,238.0,36.0,70.0,89.0,0.0,rickhall@13f79535-47bb-0310-9956-ffa450edef68,0,0.0,0.0,0.0,0.0,0.0,0.0,0.0,0,2,0.0,true
framework/src/main/java/org/apache/felix/framework/BundleImpl.java,750.0,39.0,2119.0,74.0,271.0,219.0,3.0,rickhall@13f79535-47bb-0310-9956-ffa450edef68,1,0.007352941176470588,1.0,0.0,0.0,0.0,217.2,310.5886917706631,1,15,3.0155349008501706,true
framework/src/main/java/org/apache/felix/framework/BundleProtectionDomain.java,248.0,27.0,16.0,9.0,12.0,21.0,2.0,pauls@13f79535-47bb-0310-9956-ffa450edef68,1,0.007352941176470588,6.0,0.0,0.0,0.0,2.0,8.966108418768385,1,4,4.624972813284271,true
framework/src/main/java/org/apache/felix/framework/BundleWiringImpl.java,1448.0,60.0,1011.0,51.0,305.0,196.0,2.0,rickhall@13f79535-47bb-0310-9956-ffa450edef68,1,0.007352941176470588,5.0,3.0,2.0,0.0,54.0,55.611867326890774,1,13,2.322387720290225,true
framework/src/main/java/org/apache/felix/framework/Felix.java,2685.0,81.0,6244.0,124.0,692.0,494.0,4.0,rickhall@13f79535-47bb-0310-9956-ffa450edef68,1,0.007352941176470588,0.0,0.0,0.0,0.0,720.7826086956521,6955.334361845805,1,73,0.9614111671546247,true
framework/src/main/java/org/apache/felix/framework/FrameworkStartLevelImpl.java,176.0,10.0,0.0,12.0,32.0,30.0,0.0,rickhall@13f79535-47bb-0310-9956-ffa450edef68,0,0.0,0.0,0.0,0.0,0.0,0.0,0.0,0,2,0.0,true
framework/src/main/java/org/apache/felix/framework/FrameworkWiringImpl.java,89.0,12.0,0.0,10.0,20.0,24.0,4.0,cziegeler@13f79535-47bb-0310-9956-ffa450edef68,1,0.007352941176470588,11.0,0.0,0.0,0.0,720.7826086956521,6955.334361845805,1,0,0.9614111671546247,true
framework/src/main/java/org/apache/felix/framework/ServiceRegistrationImpl.java,373.0,25.0,4.0,16.0,41.0,51.0,0.0,rickhall@13f79535-47bb-0310-9956-ffa450edef68,0,0.0,0.0,0.0,0.0,0.0,0.0,0.0,0,8,0.0,true
framework/src/main/java/org/apache/felix/framework/ServiceRegistry.java,447.0,23.0,239.0,26.0,112.0,100.0,0.0,rickhall@13f79535-47bb-0310-9956-ffa450edef68,0,0.0,0.0,0.0,0.0,0.0,0.0,0.0,0,10,0.0,true
framework/src/main/java/org/apache/felix/framework/StatefulResolver.java,802.0,40.0,297.0,30.0,301.0,131.0,4.0,rickhall@13f79535-47bb-0310-9956-ffa450edef68,1,0.007352941176470588,3.0,0.0,0.0,0.0,720.7826086956521,6955.334361845805,1,7,0.9614111671546247,true
framework/src/main/java/org/apache/felix/framework/URLHandlersActivator.java,47.0,8.0,0.0,6.0,14.0,14.0,0.0,pauls@13f79535-47bb-0310-9956-ffa450edef68,0,0.0,0.0,0.0,0.0,0.0,0.0,0.0,0,0,0.0,false
framework/src/main/java/org/apache/felix/framework/WovenClassImpl.java,227.0,12.0,0.0,36.0,72.0,93.0,3.0,bob@13f79535-47bb-0310-9956-ffa450edef68,1,0.007352941176470588,25.0,12.0,12.0,0.0,54.0,55.611867326890774,1,0,2.322387720290225,true
framework/src/main/java/org/apache/felix/framework/util/EventDispatcher.java,600.0,32.0,304.0,28.0,132.0,105.0,0.0,rickhall@13f79535-47bb-0310-9956-ffa450edef68,0,0.0,0.0,0.0,0.0,0.0,0.0,0.0,0,11,0.0,true
framework/src/main/java/org/apache/felix/framework/util/SecureAction.java,1211.0,21.0,0.0,58.0,354.0,328.0,1.0,rickhall@13f79535-47bb-0310-9956-ffa450edef68,2,0.014705882352941176,5.0,2.0,0.0,0.0,56.0,64.57797574565916,2,8,2.7805330862273028,true
framework/src/main/java/org/osgi/dto/DTO.java,193.0,7.0,28.0,8.0,44.0,31.0,0.0,cziegeler@13f79535-47bb-0310-9956-ffa450edef68,0,0.0,0.0,0.0,0.0,0.0,0.0,0.0,0,0,0.0,false
framework/src/main/java/org/osgi/dto/package-info.java,0.0,0.0,0.0,0.0,0.0,0.0,9.0,cziegeler@13f79535-47bb-0310-9956-ffa450edef68,0,0.0,0.0,0.0,0.0,0.0,0.0,0.0,0,0,0.0,false
framework/src/main/java/org/osgi/framework/AdaptPermission.java,281.0,17.0,10.0,16.0,38.0,63.0,0.0,rickhall@13f79535-47bb-0310-9956-ffa450edef68,0,0.0,0.0,0.0,0.0,0.0,0.0,0.0,0,0,0.0,true
framework/src/main/java/org/osgi/framework/AdminPermission.java,470.0,18.0,3.0,18.0,47.0,68.0,0.0,cziegeler@13f79535-47bb-0310-9956-ffa450edef68,0,0.0,0.0,0.0,0.0,0.0,0.0,0.0,0,0,0.0,true
framework/src/main/java/org/osgi/framework/AllServiceListener.java,10.0,1.0,0.0,0.0,0.0,0.0,0.0,rickhall@13f79535-47bb-0310-9956-ffa450edef68,0,0.0,0.0,0.0,0.0,0.0,0.0,0.0,0,0,0.0,true
framework/src/main/java/org/osgi/framework/Bundle.java,283.0,11.0,378.0,28.0,0.0,129.0,0.0,rickhall@13f79535-47bb-0310-9956-ffa450edef68,0,0.0,0.0,0.0,0.0,0.0,0.0,0.0,0,0,0.0,true
framework/src/main/java/org/osgi/framework/BundleActivator.java,19.0,1.0,1.0,2.0,0.0,10.0,0.0,rickhall@13f79535-47bb-0310-9956-ffa450edef68,0,0.0,0.0,0.0,0.0,0.0,0.0,0.0,0,0,0.0,true
framework/src/main/java/org/osgi/framework/BundleContext.java,261.0,5.0,378.0,28.0,0.0,119.0,0.0,rickhall@13f79535-47bb-0310-9956-ffa450edef68,0,0.0,0.0,0.0,0.0,0.0,0.0,0.0,0,0,0.0,true
framework/src/main/java/org/osgi/framework/BundleEvent.java,126.0,1.0,0.0,5.0,0.0,13.0,0.0,rickhall@13f79535-47bb-0310-9956-ffa450edef68,0,0.0,0.0,0.0,0.0,0.0,0.0,0.0,0,0,0.0,true
framework/src/main/java/org/osgi/framework/BundleException.java,148.0,0.0,20.0,8.0,1.0,25.0,0.0,rickhall@13f79535-47bb-0310-9956-ffa450edef68,0,0.0,0.0,0.0,0.0,0.0,0.0,0.0,0,0,0.0,true
framework/src/main/java/org/osgi/framework/BundleListener.java,13.0,2.0,0.0,1.0,0.0,2.0,0.0,rickhall@13f79535-47bb-0310-9956-ffa450edef68,0,0.0,0.0,0.0,0.0,0.0,0.0,0.0,0,0,0.0,true
framework/src/main/java/org/osgi/framework/BundlePermission.java,224.0,14.0,38.0,12.0,17.0,42.0,0.0,rickhall@13f79535-47bb-0310-9956-ffa450edef68,0,0.0,0.0,0.0,0.0,0.0,0.0,0.0,0,0,0.0,true
framework/src/main/java/org/osgi/framework/BundleReference.java,13.0,1.0,0.0,1.0,0.0,2.0,0.0,rickhall@13f79535-47bb-0310-9956-ffa450edef68,0,0.0,0.0,0.0,0.0,0.0,0.0,0.0,0,0,0.0,true
framework/src/main/java/org/osgi/framework/CapabilityPermission.java,352.0,20.0,4.0,16.0,38.0,62.0,0.0,rickhall@13f79535-47bb-0310-9956-ffa450edef68,0,0.0,0.0,0.0,0.0,0.0,0.0,0.0,0,0,0.0,true
framework/src/main/java/org/osgi/framework/Configurable.java,14.0,0.0,0.0,1.0,0.0,4.0,0.0,rickhall@13f79535-47bb-0310-9956-ffa450edef68,0,0.0,0.0,0.0,0.0,0.0,0.0,0.0,0,0,0.0,true
framework/src/main/java/org/osgi/framework/Constants.java,683.0,3.0,0.0,0.0,0.0,0.0,0.0,rickhall@13f79535-47bb-0310-9956-ffa450edef68,0,0.0,0.0,0.0,0.0,0.0,0.0,0.0,0,0,0.0,true
framework/src/main/java/org/osgi/framework/Filter.java,52.0,3.0,21.0,7.0,0.0,24.0,0.0,rickhall@13f79535-47bb-0310-9956-ffa450edef68,0,0.0,0.0,0.0,0.0,0.0,0.0,0.0,0,0,0.0,true
framework/src/main/java/org/osgi/framework/FrameworkEvent.java,117.0,3.0,0.0,5.0,0.0,13.0,0.0,rickhall@13f79535-47bb-0310-9956-ffa450edef68,0,0.0,0.0,0.0,0.0,0.0,0.0,0.0,0,0,0.0,true
framework/src/main/java/org/osgi/framework/FrameworkListener.java,13.0,2.0,0.0,1.0,0.0,2.0,0.0,rickhall@13f79535-47bb-0310-9956-ffa450edef68,0,0.0,0.0,0.0,0.0,0.0,0.0,0.0,0,0,0.0,true
framework/src/main/java/org/osgi/framework/FrameworkUtil.java,1559.0,17.0,10.0,5.0,6.0,18.0,0.0,rickhall@13f79535-47bb-0310-9956-ffa450edef68,0,0.0,0.0,0.0,0.0,0.0,0.0,0.0,0,1,0.0,true
framework/src/main/java/org/osgi/framework/InvalidSyntaxException.java,69.0,0.0,3.0,6.0,3.0,17.0,0.0,rickhall@13f79535-47bb-0310-9956-ffa450edef68,0,0.0,0.0,0.0,0.0,0.0,0.0,0.0,0,0,0.0,true
framework/src/main/java/org/osgi/framework/PackagePermission.java,320.0,18.0,4.0,16.0,38.0,63.0,0.0,rickhall@13f79535-47bb-0310-9956-ffa450edef68,0,0.0,0.0,0.0,0.0,0.0,0.0,0.0,0,0,0.0,true
framework/src/main/java/org/osgi/framework/PrototypeServiceFactory.java,27.0,1.0,1.0,2.0,0.0,8.0,0.0,cziegeler@13f79535-47bb-0310-9956-ffa450edef68,0,0.0,0.0,0.0,0.0,0.0,0.0,0.0,0,0,0.0,false
framework/src/main/java/org/osgi/framework/ServiceEvent.java,64.0,2.0,0.0,3.0,0.0,8.0,0.0,rickhall@13f79535-47bb-0310-9956-ffa450edef68,0,0.0,0.0,0.0,0.0,0.0,0.0,0.0,0,0,0.0,true
framework/src/main/java/org/osgi/framework/ServiceException.java,87.0,0.0,2.0,5.0,0.0,14.0,0.0,rickhall@13f79535-47bb-0310-9956-ffa450edef68,0,0.0,0.0,0.0,0.0,0.0,0.0,0.0,0,0,0.0,true
framework/src/main/java/org/osgi/framework/ServiceFactory.java,25.0,1.0,1.0,2.0,0.0,9.0,0.0,rickhall@13f79535-47bb-0310-9956-ffa450edef68,0,0.0,0.0,0.0,0.0,0.0,0.0,0.0,0,0,0.0,true
framework/src/main/java/org/osgi/framework/ServiceListener.java,14.0,2.0,0.0,1.0,0.0,2.0,0.0,rickhall@13f79535-47bb-0310-9956-ffa450edef68,0,0.0,0.0,0.0,0.0,0.0,0.0,0.0,0,0,0.0,true
framework/src/main/java/org/osgi/framework/ServiceObjects.java,31.0,1.0,3.0,3.0,0.0,13.0,0.0,cziegeler@13f79535-47bb-0310-9956-ffa450edef68,0,0.0,0.0,0.0,0.0,0.0,0.0,0.0,0,0,0.0,false
framework/src/main/java/org/osgi/framework/ServicePermission.java,445.0,21.0,32.0,17.0,54.0,70.0,0.0,rickhall@13f79535-47bb-0310-9956-ffa450edef68,0,0.0,0.0,0.0,0.0,0.0,0.0,0.0,0,0,0.0,true
framework/src/main/java/org/osgi/framework/ServiceReference.java,54.0,2.0,15.0,6.0,0.0,26.0,0.0,rickhall@13f79535-47bb-0310-9956-ffa450edef68,0,0.0,0.0,0.0,0.0,0.0,0.0,0.0,0,0,0.0,true
framework/src/main/java/org/osgi/framework/ServiceRegistration.java,29.0,2.0,3.0,3.0,0.0,12.0,0.0,rickhall@13f79535-47bb-0310-9956-ffa450edef68,0,0.0,0.0,0.0,0.0,0.0,0.0,0.0,0,0,0.0,true
framework/src/main/java/org/osgi/framework/SignerProperty.java,69.0,4.0,0.0,5.0,9.0,13.0,0.0,rickhall@13f79535-47bb-0310-9956-ffa450edef68,0,0.0,0.0,0.0,0.0,0.0,0.0,0.0,0,0,0.0,true
framework/src/main/java/org/osgi/framework/SynchronousBundleListener.java,9.0,1.0,0.0,0.0,0.0,0.0,0.0,rickhall@13f79535-47bb-0310-9956-ffa450edef68,0,0.0,0.0,0.0,0.0,0.0,0.0,0.0,0,0,0.0,true
framework/src/main/java/org/osgi/framework/UnfilteredServiceListener.java,10.0,2.0,0.0,0.0,0.0,0.0,0.0,cziegeler@13f79535-47bb-0310-9956-ffa450edef68,0,0.0,0.0,0.0,0.0,0.0,0.0,0.0,0,0,0.0,false
framework/src/main/java/org/osgi/framework/Version.java,271.0,2.0,0.0,16.0,20.0,63.0,0.0,rickhall@13f79535-47bb-0310-9956-ffa450edef68,0,0.0,0.0,0.0,0.0,0.0,0.0,0.0,0,0,0.0,true
framework/src/main/java/org/osgi/framework/VersionRange.java,410.0,2.0,0.0,17.0,32.0,71.0,0.0,cziegeler@13f79535-47bb-0310-9956-ffa450edef68,0,0.0,0.0,0.0,0.0,0.0,0.0,0.0,0,0,0.0,false
framework/src/main/java/org/osgi/framework/dto/BundleDTO.java,32.0,2.0,0.0,0.0,0.0,0.0,0.0,cziegeler@13f79535-47bb-0310-9956-ffa450edef68,0,0.0,0.0,0.0,0.0,0.0,0.0,0.0,0,0,0.0,false
framework/src/main/java/org/osgi/framework/dto/FrameworkDTO.java,22.0,4.0,0.0,0.0,0.0,0.0,0.0,cziegeler@13f79535-47bb-0310-9956-ffa450edef68,0,0.0,0.0,0.0,0.0,0.0,0.0,0.0,0,0,0.0,false
framework/src/main/java/org/osgi/framework/dto/ServiceReferenceDTO.java,27.0,4.0,0.0,0.0,0.0,0.0,0.0,cziegeler@13f79535-47bb-0310-9956-ffa450edef68,0,0.0,0.0,0.0,0.0,0.0,0.0,0.0,0,0,0.0,false
framework/src/main/java/org/osgi/framework/dto/package-info.java,0.0,0.0,0.0,0.0,0.0,0.0,9.0,cziegeler@13f79535-47bb-0310-9956-ffa450edef68,0,0.0,0.0,0.0,0.0,0.0,0.0,0.0,0,0,0.0,false
framework/src/main/java/org/osgi/framework/hooks/bundle/CollisionHook.java,22.0,5.0,0.0,1.0,0.0,2.0,0.0,cziegeler@13f79535-47bb-0310-9956-ffa450edef68,0,0.0,0.0,0.0,0.0,0.0,0.0,0.0,0,0,0.0,false
framework/src/main/java/org/osgi/framework/hooks/bundle/EventHook.java,13.0,4.0,0.0,1.0,0.0,3.0,0.0,cziegeler@13f79535-47bb-0310-9956-ffa450edef68,0,0.0,0.0,0.0,0.0,0.0,0.0,0.0,0,1,0.0,false
framework/src/main/java/org/osgi/framework/hooks/bundle/FindHook.java,13.0,5.0,0.0,1.0,0.0,5.0,0.0,cziegeler@13f79535-47bb-0310-9956-ffa450edef68,0,0.0,0.0,0.0,0.0,0.0,0.0,0.0,0,1,0.0,false
framework/src/main/java/org/osgi/framework/hooks/bundle/package-info.java,0.0,0.0,0.0,0.0,0.0,0.0,9.0,cziegeler@13f79535-47bb-0310-9956-ffa450edef68,0,0.0,0.0,0.0,0.0,0.0,0.0,0.0,0,0,0.0,false
framework/src/main/java/org/osgi/framework/hooks/resolver/ResolverHook.java,29.0,9.0,6.0,4.0,0.0,8.0,0.0,cziegeler@13f79535-47bb-0310-9956-ffa450edef68,0,0.0,0.0,0.0,0.0,0.0,0.0,0.0,0,1,0.0,false
framework/src/main/java/org/osgi/framework/hooks/resolver/ResolverHookFactory.java,14.0,5.0,0.0,1.0,0.0,5.0,0.0,cziegeler@13f79535-47bb-0310-9956-ffa450edef68,0,0.0,0.0,0.0,0.0,0.0,0.0,0.0,0,1,0.0,false
framework/src/main/java/org/osgi/framework/hooks/resolver/package-info.java,0.0,0.0,0.0,0.0,0.0,0.0,9.0,cziegeler@13f79535-47bb-0310-9956-ffa450edef68,0,0.0,0.0,0.0,0.0,0.0,0.0,0.0,0,0,0.0,false
framework/src/main/java/org/osgi/framework/hooks/service/EventHook.java,14.0,4.0,0.0,1.0,0.0,3.0,0.0,rickhall@13f79535-47bb-0310-9956-ffa450edef68,0,0.0,0.0,0.0,0.0,0.0,0.0,0.0,0,1,0.0,false
framework/src/main/java/org/osgi/framework/hooks/service/EventListenerHook.java,14.0,6.0,0.0,1.0,0.0,3.0,0.0,cziegeler@13f79535-47bb-0310-9956-ffa450edef68,0,0.0,0.0,0.0,0.0,0.0,0.0,0.0,0,1,0.0,false
framework/src/main/java/org/osgi/framework/hooks/service/FindHook.java,16.0,4.0,0.0,1.0,0.0,4.0,0.0,rickhall@13f79535-47bb-0310-9956-ffa450edef68,0,0.0,0.0,0.0,0.0,0.0,0.0,0.0,0,1,0.0,false
framework/src/main/java/org/osgi/framework/hooks/service/ListenerHook.java,49.0,4.0,1.0,2.0,0.0,6.0,0.0,rickhall@13f79535-47bb-0310-9956-ffa450edef68,0,0.0,0.0,0.0,0.0,0.0,0.0,0.0,0,1,0.0,false
framework/src/main/java/org/osgi/framework/hooks/service/package-info.java,0.0,0.0,0.0,0.0,0.0,0.0,9.0,cziegeler@13f79535-47bb-0310-9956-ffa450edef68,0,0.0,0.0,0.0,0.0,0.0,0.0,0.0,0,0,0.0,false
framework/src/main/java/org/osgi/framework/hooks/weaving/WeavingException.java,22.0,0.0,1.0,2.0,0.0,4.0,0.0,cziegeler@13f79535-47bb-0310-9956-ffa450edef68,0,0.0,0.0,0.0,0.0,0.0,0.0,0.0,0,1,0.0,false
framework/src/main/java/org/osgi/framework/hooks/weaving/WeavingHook.java,13.0,1.0,0.0,1.0,0.0,3.0,0.0,cziegeler@13f79535-47bb-0310-9956-ffa450edef68,0,0.0,0.0,0.0,0.0,0.0,0.0,0.0,0,1,0.0,false
framework/src/main/java/org/osgi/framework/hooks/weaving/WovenClass.java,83.0,4.0,36.0,9.0,0.0,29.0,0.0,cziegeler@13f79535-47bb-0310-9956-ffa450edef68,0,0.0,0.0,0.0,0.0,0.0,0.0,0.0,0,1,0.0,false
framework/src/main/java/org/osgi/framework/hooks/weaving/WovenClassListener.java,13.0,1.0,0.0,1.0,0.0,3.0,0.0,cziegeler@13f79535-47bb-0310-9956-ffa450edef68,0,0.0,0.0,0.0,0.0,0.0,0.0,0.0,0,0,0.0,false
framework/src/main/java/org/osgi/framework/hooks/weaving/package-info.java,0.0,0.0,0.0,0.0,0.0,0.0,9.0,cziegeler@13f79535-47bb-0310-9956-ffa450edef68,0,0.0,0.0,0.0,0.0,0.0,0.0,0.0,0,0,0.0,false
framework/src/main/java/org/osgi/framework/launch/Framework.java,132.0,9.0,153.0,18.0,0.0,62.0,0.0,rickhall@13f79535-47bb-0310-9956-ffa450edef68,0,0.0,0.0,0.0,0.0,0.0,0.0,0.0,0,1,0.0,false
framework/src/main/java/org/osgi/framework/launch/FrameworkFactory.java,14.0,3.0,0.0,1.0,0.0,5.0,0.0,rickhall@13f79535-47bb-0310-9956-ffa450edef68,0,0.0,0.0,0.0,0.0,0.0,0.0,0.0,0,2,0.0,false
framework/src/main/java/org/osgi/framework/launch/package-info.java,0.0,0.0,0.0,0.0,0.0,0.0,9.0,cziegeler@13f79535-47bb-0310-9956-ffa450edef68,0,0.0,0.0,0.0,0.0,0.0,0.0,0.0,0,0,0.0,false
framework/src/main/java/org/osgi/framework/namespace/AbstractWiringNamespace.java,17.0,2.0,0.0,1.0,0.0,1.0,0.0,cziegeler@13f79535-47bb-0310-9956-ffa450edef68,0,0.0,0.0,0.0,0.0,0.0,0.0,0.0,0,0,0.0,false
framework/src/main/java/org/osgi/framework/namespace/BundleNamespace.java,44.0,1.0,0.0,1.0,0.0,1.0,0.0,cziegeler@13f79535-47bb-0310-9956-ffa450edef68,0,0.0,0.0,0.0,0.0,0.0,0.0,0.0,0,0,0.0,false
framework/src/main/java/org/osgi/framework/namespace/ExecutionEnvironmentNamespace.java,17.0,1.0,0.0,1.0,0.0,1.0,0.0,cziegeler@13f79535-47bb-0310-9956-ffa450edef68,0,0.0,0.0,0.0,0.0,0.0,0.0,0.0,0,0,0.0,false
framework/src/main/java/org/osgi/framework/namespace/HostNamespace.java,61.0,1.0,0.0,1.0,0.0,1.0,0.0,cziegeler@13f79535-47bb-0310-9956-ffa450edef68,0,0.0,0.0,0.0,0.0,0.0,0.0,0.0,0,0,0.0,false
framework/src/main/java/org/osgi/framework/namespace/IdentityNamespace.java,75.0,1.0,0.0,1.0,0.0,1.0,0.0,cziegeler@13f79535-47bb-0310-9956-ffa450edef68,0,0.0,0.0,0.0,0.0,0.0,0.0,0.0,0,0,0.0,false
framework/src/main/java/org/osgi/framework/namespace/NativeNamespace.java,29.0,2.0,0.0,1.0,0.0,1.0,0.0,cziegeler@13f79535-47bb-0310-9956-ffa450edef68,0,0.0,0.0,0.0,0.0,0.0,0.0,0.0,0,0,0.0,false
framework/src/main/java/org/osgi/framework/namespace/PackageNamespace.java,34.0,1.0,0.0,1.0,0.0,1.0,0.0,cziegeler@13f79535-47bb-0310-9956-ffa450edef68,0,0.0,0.0,0.0,0.0,0.0,0.0,0.0,0,0,0.0,false
framework/src/main/java/org/osgi/framework/namespace/package-info.java,0.0,0.0,0.0,0.0,0.0,0.0,9.0,cziegeler@13f79535-47bb-0310-9956-ffa450edef68,0,0.0,0.0,0.0,0.0,0.0,0.0,0.0,0,0,0.0,false
framework/src/main/java/org/osgi/framework/package-info.java,0.0,0.0,0.0,0.0,0.0,0.0,9.0,cziegeler@13f79535-47bb-0310-9956-ffa450edef68,0,0.0,0.0,0.0,0.0,0.0,0.0,0.0,0,0,0.0,false
framework/src/main/java/org/osgi/framework/startlevel/BundleStartLevel.java,36.0,3.0,6.0,4.0,0.0,17.0,0.0,pauls@13f79535-47bb-0310-9956-ffa450edef68,0,0.0,0.0,0.0,0.0,0.0,0.0,0.0,0,0,0.0,true
framework/src/main/java/org/osgi/framework/startlevel/FrameworkStartLevel.java,33.0,4.0,6.0,4.0,0.0,15.0,0.0,rickhall@13f79535-47bb-0310-9956-ffa450edef68,0,0.0,0.0,0.0,0.0,0.0,0.0,0.0,0,0,0.0,true
framework/src/main/java/org/osgi/framework/startlevel/dto/BundleStartLevelDTO.java,27.0,2.0,0.0,0.0,0.0,0.0,0.0,cziegeler@13f79535-47bb-0310-9956-ffa450edef68,0,0.0,0.0,0.0,0.0,0.0,0.0,0.0,0,0,0.0,false
framework/src/main/java/org/osgi/framework/startlevel/dto/FrameworkStartLevelDTO.java,17.0,2.0,0.0,0.0,0.0,0.0,0.0,cziegeler@13f79535-47bb-0310-9956-ffa450edef68,0,0.0,0.0,0.0,0.0,0.0,0.0,0.0,0,0,0.0,false
framework/src/main/java/org/osgi/framework/startlevel/dto/package-info.java,0.0,0.0,0.0,0.0,0.0,0.0,9.0,cziegeler@13f79535-47bb-0310-9956-ffa450edef68,0,0.0,0.0,0.0,0.0,0.0,0.0,0.0,0,0,0.0,false
framework/src/main/java/org/osgi/framework/startlevel/package-info.java,0.0,0.0,0.0,0.0,0.0,0.0,9.0,cziegeler@13f79535-47bb-0310-9956-ffa450edef68,0,0.0,0.0,0.0,0.0,0.0,0.0,0.0,0,0,0.0,false
framework/src/main/java/org/osgi/framework/wiring/BundleCapability.java,33.0,4.0,10.0,5.0,0.0,14.0,0.0,rickhall@13f79535-47bb-0310-9956-ffa450edef68,0,0.0,0.0,0.0,0.0,0.0,0.0,0.0,0,0,0.0,true
framework/src/main/java/org/osgi/framework/wiring/BundleRequirement.java,39.0,4.0,15.0,6.0,0.0,19.0,0.0,rickhall@13f79535-47bb-0310-9956-ffa450edef68,0,0.0,0.0,0.0,0.0,0.0,0.0,0.0,0,0,0.0,true
framework/src/main/java/org/osgi/framework/wiring/BundleRevision.java,76.0,12.0,28.0,8.0,0.0,26.0,0.0,rickhall@13f79535-47bb-0310-9956-ffa450edef68,0,0.0,0.0,0.0,0.0,0.0,0.0,0.0,0,0,0.0,true
framework/src/main/java/org/osgi/framework/wiring/BundleRevisions.java,12.0,4.0,0.0,1.0,0.0,4.0,0.0,rickhall@13f79535-47bb-0310-9956-ffa450edef68,0,0.0,0.0,0.0,0.0,0.0,0.0,0.0,0,0,0.0,true
framework/src/main/java/org/osgi/framework/wiring/BundleWire.java,39.0,2.0,15.0,6.0,0.0,18.0,0.0,rickhall@13f79535-47bb-0310-9956-ffa450edef68,0,0.0,0.0,0.0,0.0,0.0,0.0,0.0,0,0,0.0,true
framework/src/main/java/org/osgi/framework/wiring/BundleWiring.java,119.0,13.0,105.0,15.0,0.0,58.0,0.0,rickhall@13f79535-47bb-0310-9956-ffa450edef68,0,0.0,0.0,0.0,0.0,0.0,0.0,0.0,0,0,0.0,true
framework/src/main/java/org/osgi/framework/wiring/FrameworkWiring.java,42.0,6.0,10.0,5.0,0.0,21.0,0.0,rickhall@13f79535-47bb-0310-9956-ffa450edef68,0,0.0,0.0,0.0,0.0,0.0,0.0,0.0,0,0,0.0,true
framework/src/main/java/org/osgi/framework/wiring/dto/BundleRevisionDTO.java,27.0,2.0,0.0,0.0,0.0,0.0,0.0,cziegeler@13f79535-47bb-0310-9956-ffa450edef68,0,0.0,0.0,0.0,0.0,0.0,0.0,0.0,0,0,0.0,false
framework/src/main/java/org/osgi/framework/wiring/dto/BundleWireDTO.java,19.0,3.0,0.0,0.0,0.0,0.0,0.0,cziegeler@13f79535-47bb-0310-9956-ffa450edef68,0,0.0,0.0,0.0,0.0,0.0,0.0,0.0,0,0,0.0,false
framework/src/main/java/org/osgi/framework/wiring/dto/BundleWiringDTO.java,41.0,4.0,0.0,0.0,0.0,0.0,0.0,cziegeler@13f79535-47bb-0310-9956-ffa450edef68,0,0.0,0.0,0.0,0.0,0.0,0.0,0.0,0,0,0.0,false
framework/src/main/java/org/osgi/framework/wiring/dto/package-info.java,0.0,0.0,0.0,0.0,0.0,0.0,9.0,cziegeler@13f79535-47bb-0310-9956-ffa450edef68,0,0.0,0.0,0.0,0.0,0.0,0.0,0.0,0,0,0.0,false
framework/src/main/java/org/osgi/framework/wiring/package-info.java,0.0,0.0,0.0,0.0,0.0,0.0,9.0,cziegeler@13f79535-47bb-0310-9956-ffa450edef68,0,0.0,0.0,0.0,0.0,0.0,0.0,0.0,0,0,0.0,false
framework/src/main/java/org/osgi/resource/Capability.java,38.0,2.0,15.0,6.0,0.0,17.0,0.0,cziegeler@13f79535-47bb-0310-9956-ffa450edef68,0,0.0,0.0,0.0,0.0,0.0,0.0,0.0,0,0,0.0,false
framework/src/main/java/org/osgi/resource/Namespace.java,76.0,1.0,0.0,1.0,0.0,2.0,0.0,cziegeler@13f79535-47bb-0310-9956-ffa450edef68,0,0.0,0.0,0.0,0.0,0.0,0.0,0.0,0,0,0.0,false
framework/src/main/java/org/osgi/resource/Requirement.java,38.0,2.0,15.0,6.0,0.0,18.0,0.0,cziegeler@13f79535-47bb-0310-9956-ffa450edef68,0,0.0,0.0,0.0,0.0,0.0,0.0,0.0,0,0,0.0,false
framework/src/main/java/org/osgi/resource/Resource.java,30.0,2.0,6.0,4.0,0.0,11.0,0.0,cziegeler@13f79535-47bb-0310-9956-ffa450edef68,0,0.0,0.0,0.0,0.0,0.0,0.0,0.0,0,0,0.0,false
framework/src/main/java/org/osgi/resource/Wire.java,38.0,1.0,15.0,6.0,0.0,17.0,0.0,cziegeler@13f79535-47bb-0310-9956-ffa450edef68,0,0.0,0.0,0.0,0.0,0.0,0.0,0.0,0,0,0.0,false
framework/src/main/java/org/osgi/resource/Wiring.java,36.0,2.0,10.0,5.0,0.0,18.0,0.0,cziegeler@13f79535-47bb-0310-9956-ffa450edef68,0,0.0,0.0,0.0,0.0,0.0,0.0,0.0,0,0,0.0,false
framework/src/main/java/org/osgi/resource/dto/CapabilityDTO.java,32.0,3.0,0.0,0.0,0.0,0.0,0.0,cziegeler@13f79535-47bb-0310-9956-ffa450edef68,0,0.0,0.0,0.0,0.0,0.0,0.0,0.0,0,0,0.0,false
framework/src/main/java/org/osgi/resource/dto/CapabilityRefDTO.java,17.0,1.0,0.0,0.0,0.0,0.0,0.0,cziegeler@13f79535-47bb-0310-9956-ffa450edef68,0,0.0,0.0,0.0,0.0,0.0,0.0,0.0,0,0,0.0,false
framework/src/main/java/org/osgi/resource/dto/RequirementDTO.java,32.0,3.0,0.0,0.0,0.0,0.0,0.0,cziegeler@13f79535-47bb-0310-9956-ffa450edef68,0,0.0,0.0,0.0,0.0,0.0,0.0,0.0,0,0,0.0,false
framework/src/main/java/org/osgi/resource/dto/RequirementRefDTO.java,17.0,1.0,0.0,0.0,0.0,0.0,0.0,cziegeler@13f79535-47bb-0310-9956-ffa450edef68,0,0.0,0.0,0.0,0.0,0.0,0.0,0.0,0,0,0.0,false
framework/src/main/java/org/osgi/resource/dto/ResourceDTO.java,21.0,3.0,0.0,0.0,0.0,0.0,0.0,cziegeler@13f79535-47bb-0310-9956-ffa450edef68,0,0.0,0.0,0.0,0.0,0.0,0.0,0.0,0,0,0.0,false
framework/src/main/java/org/osgi/resource/dto/WireDTO.java,29.0,2.0,0.0,0.0,0.0,0.0,0.0,cziegeler@13f79535-47bb-0310-9956-ffa450edef68,0,0.0,0.0,0.0,0.0,0.0,0.0,0.0,0,0,0.0,false
framework/src/main/java/org/osgi/resource/dto/WiringDTO.java,37.0,3.0,0.0,0.0,0.0,0.0,0.0,cziegeler@13f79535-47bb-0310-9956-ffa450edef68,0,0.0,0.0,0.0,0.0,0.0,0.0,0.0,0,0,0.0,false
framework/src/main/java/org/osgi/resource/dto/package-info.java,0.0,0.0,0.0,0.0,0.0,0.0,9.0,cziegeler@13f79535-47bb-0310-9956-ffa450edef68,0,0.0,0.0,0.0,0.0,0.0,0.0,0.0,0,0,0.0,false
framework/src/main/java/org/osgi/resource/package-info.java,0.0,0.0,0.0,0.0,0.0,0.0,9.0,cziegeler@13f79535-47bb-0310-9956-ffa450edef68,0,0.0,0.0,0.0,0.0,0.0,0.0,0.0,0,0,0.0,false
framework/src/main/java/org/osgi/service/packageadmin/ExportedPackage.java,41.0,2.0,15.0,6.0,0.0,19.0,0.0,cziegeler@13f79535-47bb-0310-9956-ffa450edef68,0,0.0,0.0,0.0,0.0,0.0,0.0,0.0,0,1,0.0,false
framework/src/main/java/org/osgi/service/packageadmin/PackageAdmin.java,100.0,1.0,55.0,11.0,0.0,46.0,0.0,cziegeler@13f79535-47bb-0310-9956-ffa450edef68,0,0.0,0.0,0.0,0.0,0.0,0.0,0.0,0,1,0.0,false
framework/src/main/java/org/osgi/service/packageadmin/RequiredBundle.java,35.0,2.0,10.0,5.0,0.0,15.0,0.0,cziegeler@13f79535-47bb-0310-9956-ffa450edef68,0,0.0,0.0,0.0,0.0,0.0,0.0,0.0,0,1,0.0,false
framework/src/main/java/org/osgi/service/packageadmin/package-info.java,0.0,0.0,0.0,0.0,0.0,0.0,9.0,cziegeler@13f79535-47bb-0310-9956-ffa450edef68,0,0.0,0.0,0.0,0.0,0.0,0.0,0.0,0,0,0.0,false
framework/src/main/java/org/osgi/service/startlevel/StartLevel.java,66.0,1.0,28.0,8.0,0.0,33.0,0.0,cziegeler@13f79535-47bb-0310-9956-ffa450edef68,0,0.0,0.0,0.0,0.0,0.0,0.0,0.0,0,1,0.0,false
framework/src/main/java/org/osgi/service/startlevel/package-info.java,0.0,0.0,0.0,0.0,0.0,0.0,9.0,cziegeler@13f79535-47bb-0310-9956-ffa450edef68,0,0.0,0.0,0.0,0.0,0.0,0.0,0.0,0,0,0.0,false
framework/src/main/java/org/osgi/service/url/AbstractURLStreamHandlerService.java,88.0,5.0,49.0,11.0,3.0,22.0,0.0,cziegeler@13f79535-47bb-0310-9956-ffa450edef68,0,0.0,0.0,0.0,0.0,0.0,0.0,0.0,0,1,0.0,false
framework/src/main/java/org/osgi/service/url/URLConstants.java,14.0,1.0,0.0,0.0,0.0,0.0,0.0,cziegeler@13f79535-47bb-0310-9956-ffa450edef68,0,0.0,0.0,0.0,0.0,0.0,0.0,0.0,0,1,0.0,false
framework/src/main/java/org/osgi/service/url/URLStreamHandlerService.java,46.0,4.0,36.0,9.0,0.0,11.0,0.0,cziegeler@13f79535-47bb-0310-9956-ffa450edef68,0,0.0,0.0,0.0,0.0,0.0,0.0,0.0,0,1,0.0,false
framework/src/main/java/org/osgi/service/url/URLStreamHandlerSetter.java,16.0,2.0,1.0,2.0,0.0,3.0,0.0,cziegeler@13f79535-47bb-0310-9956-ffa450edef68,0,0.0,0.0,0.0,0.0,0.0,0.0,0.0,0,1,0.0,false
framework/src/main/java/org/osgi/service/url/package-info.java,0.0,0.0,0.0,0.0,0.0,0.0,9.0,cziegeler@13f79535-47bb-0310-9956-ffa450edef68,0,0.0,0.0,0.0,0.0,0.0,0.0,0.0,0,0,0.0,false
framework/src/main/java/org/osgi/util/tracker/AbstractTracked.java,286.0,5.0,22.0,17.0,33.0,58.0,0.0,cziegeler@13f79535-47bb-0310-9956-ffa450edef68,0,0.0,0.0,0.0,0.0,0.0,0.0,0.0,0,1,0.0,false
framework/src/main/java/org/osgi/util/tracker/BundleTracker.java,293.0,6.0,0.0,14.0,26.0,53.0,0.0,cziegeler@13f79535-47bb-0310-9956-ffa450edef68,0,0.0,0.0,0.0,0.0,0.0,0.0,0.0,0,1,0.0,false
framework/src/main/java/org/osgi/util/tracker/BundleTrackerCustomizer.java,30.0,3.0,3.0,3.0,0.0,10.0,0.0,cziegeler@13f79535-47bb-0310-9956-ffa450edef68,0,0.0,0.0,0.0,0.0,0.0,0.0,0.0,0,1,0.0,false
framework/src/main/java/org/osgi/util/tracker/ServiceTracker.java,617.0,12.0,38.0,25.0,69.0,100.0,0.0,rickhall@13f79535-47bb-0310-9956-ffa450edef68,0,0.0,0.0,0.0,0.0,0.0,0.0,0.0,0,2,0.0,false
framework/src/main/java/org/osgi/util/tracker/ServiceTrackerCustomizer.java,27.0,2.0,3.0,3.0,0.0,10.0,0.0,rickhall@13f79535-47bb-0310-9956-ffa450edef68,0,0.0,0.0,0.0,0.0,0.0,0.0,0.0,0,2,0.0,false
framework/src/main/java/org/osgi/util/tracker/package-info.java,0.0,0.0,0.0,0.0,0.0,0.0,9.0,cziegeler@13f79535-47bb-0310-9956-ffa450edef68,0,0.0,0.0,0.0,0.0,0.0,0.0,0.0,0,0,0.0,false
framework/src/test/java/org/apache/felix/framework/CollisionHookTest.java,167.0,14.0,36.0,9.0,100.0,32.0,0.0,cziegeler@13f79535-47bb-0310-9956-ffa450edef68,0,0.0,0.0,0.0,0.0,0.0,0.0,0.0,0,0,0.0,false
framework/src/test/java/org/apache/felix/framework/PackageAdminImplTest.java,83.0,16.0,0.0,5.0,37.0,16.0,0.0,davidb@13f79535-47bb-0310-9956-ffa450edef68,0,0.0,0.0,0.0,0.0,0.0,0.0,0.0,0,2,0.0,false
framework/src/test/java/org/apache/felix/framework/StartStopBundleTest.java,94.0,17.0,10.0,5.0,42.0,16.0,0.0,davidb@13f79535-47bb-0310-9956-ffa450edef68,0,0.0,0.0,0.0,0.0,0.0,0.0,0.0,0,3,0.0,false
gogo/runtime/src/main/java/org/apache/felix/gogo/runtime/Closure.java,416.0,6.0,0.0,18.0,106.0,77.0,11.0,dbaum@13f79535-47bb-0310-9956-ffa450edef68,1,0.007352941176470588,7.0,0.0,0.0,0.0,280.22222222222223,664.8563198066927,1,4,1.7346010553881064,true
gogo/runtime/src/main/java/org/apache/felix/gogo/runtime/CommandProcessorImpl.java,207.0,24.0,265.0,26.0,62.0,64.0,6.0,gnodet@13f79535-47bb-0310-9956-ffa450edef68,1,0.007352941176470588,12.0,0.0,0.0,0.0,280.22222222222223,664.8563198066927,1,3,1.7346010553881064,true
gogo/runtime/src/main/java/org/apache/felix/gogo/runtime/CommandSessionImpl.java,236.0,18.0,36.0,13.0,44.0,37.0,11.0,gnodet@13f79535-47bb-0310-9956-ffa450edef68,1,0.007352941176470588,7.0,0.0,0.0,0.0,280.22222222222223,664.8563198066927,1,3,1.7346010553881064,true
gogo/runtime/src/main/java/org/apache/felix/gogo/runtime/Expression.java,976.0,5.0,709.0,67.0,211.0,175.0,11.0,gnodet@13f79535-47bb-0310-9956-ffa450edef68,1,0.007352941176470588,33.0,0.0,0.0,0.0,280.22222222222223,664.8563198066927,1,0,1.7346010553881064,false
gogo/runtime/src/main/java/org/apache/felix/gogo/runtime/Parser.java,101.0,4.0,0.0,5.0,21.0,28.0,11.0,dbaum@13f79535-47bb-0310-9956-ffa450edef68,1,0.007352941176470588,25.0,0.0,0.0,0.0,280.22222222222223,664.8563198066927,1,1,1.7346010553881064,false
gogo/runtime/src/main/java/org/apache/felix/gogo/runtime/Tokenizer.java,309.0,0.0,159.0,26.0,42.0,81.0,11.0,dbaum@13f79535-47bb-0310-9956-ffa450edef68,1,0.007352941176470588,14.0,0.0,0.0,0.0,280.22222222222223,664.8563198066927,1,1,1.7346010553881064,false
gogo/runtime/src/main/java/org/apache/felix/gogo/runtime/activator/Activator.java,118.0,22.0,0.0,10.0,52.0,33.0,7.0,gnodet@13f79535-47bb-0310-9956-ffa450edef68,1,0.007352941176470588,9.0,0.0,0.0,0.0,280.22222222222223,664.8563198066927,1,2,1.7346010553881064,true
gogo/runtime/src/test/java/org/apache/felix/gogo/runtime/Context.java,34.0,2.0,0.0,5.0,9.0,8.0,11.0,gnodet@13f79535-47bb-0310-9956-ffa450edef68,1,0.007352941176470588,12.0,0.0,0.0,0.0,280.22222222222223,664.8563198066927,1,2,1.7346010553881064,true
gogo/runtime/src/test/java/org/apache/felix/gogo/runtime/TestParser.java,243.0,13.0,313.0,26.0,79.0,54.0,11.0,dbaum@13f79535-47bb-0310-9956-ffa450edef68,1,0.007352941176470588,12.0,0.0,0.0,0.0,280.22222222222223,664.8563198066927,1,2,1.7346010553881064,true
gogo/runtime/src/test/java/org/apache/felix/gogo/runtime/TestParser3.java,22.0,2.0,1.0,2.0,9.0,6.0,11.0,gnodet@13f79535-47bb-0310-9956-ffa450edef68,1,0.007352941176470588,33.0,0.0,0.0,0.0,280.22222222222223,664.8563198066927,1,0,1.7346010553881064,false
gogo/runtime/src/test/java/org/apache/felix/gogo/runtime/expr/ExpressionTest.java,23.0,4.0,0.0,1.0,4.0,2.0,11.0,gnodet@13f79535-47bb-0310-9956-ffa450edef68,1,0.007352941176470588,33.0,0.0,0.0,0.0,280.22222222222223,664.8563198066927,1,0,1.7346010553881064,false
http/base/src/main/java/org/apache/felix/http/base/internal/handler/HandlerRegistry.java,83.0,8.0,13.0,11.0,36.0,21.0,3.0,cziegeler@13f79535-47bb-0310-9956-ffa450edef68,2,0.014705882352941176,6.0,0.0,3.0,3.0,401.8666666666667,423.380139833351,2,1,1.9758141300102525,false
http/base/src/test/java/org/apache/felix/http/base/internal/handler/HandlerRegistryTest.java,152.0,14.0,24.0,9.0,79.0,39.0,2.0,cziegeler@13f79535-47bb-0310-9956-ffa450edef68,1,0.007352941176470588,14.0,0.0,0.0,14.0,217.2,310.5886917706631,1,0,3.0155349008501706,false
http/jetty/src/main/java/org/apache/felix/http/jetty/internal/JettyConfig.java,414.0,12.0,790.0,41.0,86.0,100.0,2.0,fmeschbe@13f79535-47bb-0310-9956-ffa450edef68,3,0.022058823529411766,9.0,6.0,3.0,0.0,945.4492753623188,7082.092123672122,3,6,1.3065958847216153,true
http/sslfilter/src/main/java/org/apache/felix/http/sslfilter/internal/SslFilterRequest.java,46.0,15.0,15.0,6.0,16.0,16.0,2.0,fmeschbe@13f79535-47bb-0310-9956-ffa450edef68,1,0.007352941176470588,17.0,0.0,0.0,0.0,720.7826086956521,6955.334361845805,1,2,0.9614111671546247,false
http/sslfilter/src/test/java/org/apache/felix/http/sslfilter/internal/SslFilterRequestTest.java,56.0,9.0,6.0,4.0,23.0,8.0,2.0,cziegeler@13f79535-47bb-0310-9956-ffa450edef68,1,0.007352941176470588,25.0,0.0,0.0,0.0,720.7826086956521,6955.334361845805,1,1,0.9614111671546247,false
http/sslfilter/src/test/java/org/apache/felix/http/sslfilter/internal/SslFilterResponseTest.java,202.0,17.0,0.0,10.0,43.0,22.0,3.0,fmeschbe@13f79535-47bb-0310-9956-ffa450edef68,2,0.014705882352941176,50.0,25.0,0.0,0.0,224.66666666666666,126.75776182631756,2,0,2.43395949594733,false
http/whiteboard/src/main/java/org/apache/felix/http/whiteboard/internal/manager/ExtenderManager.java,202.0,15.0,46.0,25.0,71.0,57.0,0.0,cziegeler@13f79535-47bb-0310-9956-ffa450edef68,0,0.0,0.0,0.0,0.0,0.0,0.0,0.0,0,0,0.0,false
http/whiteboard/src/main/java/org/apache/felix/http/whiteboard/internal/manager/HttpContextManager.java,153.0,9.0,5.0,10.0,39.0,27.0,0.0,fmeschbe@13f79535-47bb-0310-9956-ffa450edef68,0,0.0,0.0,0.0,0.0,0.0,0.0,0.0,0,0,0.0,false
http/whiteboard/src/main/java/org/apache/felix/http/whiteboard/internal/tracker/AbstractTracker.java,20.0,3.0,21.0,7.0,4.0,10.0,0.0,cziegeler@13f79535-47bb-0310-9956-ffa450edef68,0,0.0,0.0,0.0,0.0,0.0,0.0,0.0,0,0,0.0,false
http/whiteboard/src/main/java/org/apache/felix/http/whiteboard/internal/tracker/FilterTracker.java,17.0,4.0,0.0,4.0,4.0,5.0,0.0,cziegeler@13f79535-47bb-0310-9956-ffa450edef68,0,0.0,0.0,0.0,0.0,0.0,0.0,0.0,0,0,0.0,false
http/whiteboard/src/main/java/org/apache/felix/http/whiteboard/internal/tracker/ServletTracker.java,17.0,4.0,0.0,4.0,4.0,5.0,0.0,cziegeler@13f79535-47bb-0310-9956-ffa450edef68,0,0.0,0.0,0.0,0.0,0.0,0.0,0.0,0,0,0.0,false
http/whiteboard/src/test/java/org/apache/felix/http/whiteboard/internal/manager/ExtenderManagerTest.java,578.0,19.0,0.0,16.0,265.0,23.0,1.0,cziegeler@13f79535-47bb-0310-9956-ffa450edef68,1,0.007352941176470588,33.0,0.0,33.0,33.0,720.7826086956521,6955.334361845805,1,0,0.9614111671546247,false
ipojo/manipulator/manipulator/src/main/java/org/apache/felix/ipojo/manipulator/metadata/annotation/module/DefaultBindingModule.java,190.0,21.0,253.0,23.0,82.0,60.0,0.0,clement@13f79535-47bb-0310-9956-ffa450edef68,0,0.0,0.0,0.0,0.0,0.0,0.0,0.0,0,5,0.0,false
ipojo/runtime/core/src/main/java/org/apache/felix/ipojo/handlers/providedservice/ProvidedServiceHandler.java,522.0,25.0,127.0,19.0,123.0,71.0,0.0,clement@13f79535-47bb-0310-9956-ffa450edef68,0,0.0,0.0,0.0,0.0,0.0,0.0,0.0,0,3,0.0,false
metatype/src/main/java/org/apache/felix/metatype/internal/MetaTypeServiceImpl.java,158.0,18.0,35.0,11.0,69.0,38.0,2.0,fmeschbe@13f79535-47bb-0310-9956-ffa450edef68,1,0.007352941176470588,9.0,0.0,0.0,0.0,720.7826086956521,6955.334361845805,1,1,0.9614111671546247,false
resolver/src/main/java/org/apache/felix/resolver/Candidates.java,643.0,24.0,8.0,25.0,177.0,98.0,2.0,gnodet@13f79535-47bb-0310-9956-ffa450edef68,1,0.007352941176470588,9.0,0.0,0.0,0.0,280.22222222222223,664.8563198066927,1,6,1.7346010553881064,true
resolver/src/main/java/org/apache/felix/resolver/ResolverImpl.java,1088.0,27.0,372.0,28.0,334.0,132.0,1.0,rickhall@13f79535-47bb-0310-9956-ffa450edef68,1,0.007352941176470588,10.0,0.0,0.0,0.0,280.22222222222223,664.8563198066927,1,4,1.7346010553881064,true
resolver/src/test/java/org/apache/felix/resolver/test/BundleCapability.java,32.0,7.0,14.0,8.0,7.0,13.0,0.0,davidb@13f79535-47bb-0310-9956-ffa450edef68,0,0.0,0.0,0.0,0.0,0.0,0.0,0.0,0,1,0.0,false
resolver/src/test/java/org/apache/felix/resolver/test/BundleRequirement.java,26.0,7.0,9.0,6.0,5.0,11.0,0.0,davidb@13f79535-47bb-0310-9956-ffa450edef68,0,0.0,0.0,0.0,0.0,0.0,0.0,0.0,0,1,0.0,false
resolver/src/test/java/org/apache/felix/resolver/test/GenericCapability.java,33.0,6.0,12.0,8.0,4.0,13.0,0.0,davidb@13f79535-47bb-0310-9956-ffa450edef68,0,0.0,0.0,0.0,0.0,0.0,0.0,0.0,0,1,0.0,false
resolver/src/test/java/org/apache/felix/resolver/test/GenericRequirement.java,33.0,6.0,12.0,8.0,4.0,13.0,0.0,davidb@13f79535-47bb-0310-9956-ffa450edef68,0,0.0,0.0,0.0,0.0,0.0,0.0,0.0,0,1,0.0,false
resolver/src/test/java/org/apache/felix/resolver/test/IdentityCapability.java,27.0,5.0,9.0,6.0,5.0,11.0,0.0,davidb@13f79535-47bb-0310-9956-ffa450edef68,0,0.0,0.0,0.0,0.0,0.0,0.0,0.0,0,1,0.0,false
resolver/src/test/java/org/apache/felix/resolver/test/Main.java,280.0,20.0,28.0,8.0,69.0,17.0,2.0,davidb@13f79535-47bb-0310-9956-ffa450edef68,0,0.0,0.0,0.0,0.0,0.0,0.0,0.0,0,1,0.0,false
resolver/src/test/java/org/apache/felix/resolver/test/PackageCapability.java,32.0,6.0,14.0,8.0,7.0,13.0,0.0,davidb@13f79535-47bb-0310-9956-ffa450edef68,0,0.0,0.0,0.0,0.0,0.0,0.0,0.0,0,1,0.0,false
resolver/src/test/java/org/apache/felix/resolver/test/PackageRequirement.java,26.0,6.0,9.0,6.0,5.0,11.0,0.0,davidb@13f79535-47bb-0310-9956-ffa450edef68,0,0.0,0.0,0.0,0.0,0.0,0.0,0.0,0,1,0.0,false
resolver/src/test/java/org/apache/felix/resolver/test/ResolveContextImpl.java,32.0,10.0,13.0,7.0,2.0,13.0,4.0,davidb@13f79535-47bb-0310-9956-ffa450edef68,0,0.0,0.0,0.0,0.0,0.0,0.0,0.0,0,1,0.0,false
resolver/src/test/java/org/apache/felix/resolver/test/ResolverTest.java,456.0,25.0,120.0,16.0,150.0,44.0,0.0,davidb@13f79535-47bb-0310-9956-ffa450edef68,0,0.0,0.0,0.0,0.0,0.0,0.0,0.0,0,1,0.0,true
resolver/src/test/java/org/apache/felix/resolver/test/ResourceImpl.java,45.0,6.0,9.0,7.0,12.0,14.0,3.0,davidb@13f79535-47bb-0310-9956-ffa450edef68,0,0.0,0.0,0.0,0.0,0.0,0.0,0.0,0,1,0.0,false
scr/src/main/java/org/apache/felix/scr/impl/ScrCommand.java,365.0,27.0,49.0,15.0,76.0,51.0,0.0,fmeschbe@13f79535-47bb-0310-9956-ffa450edef68,0,0.0,0.0,0.0,0.0,0.0,0.0,0.0,0,2,0.0,true
scr/src/main/java/org/apache/felix/scr/impl/config/ComponentManager.java,12.0,3.0,6.0,4.0,0.0,4.0,0.0,djencks@13f79535-47bb-0310-9956-ffa450edef68,0,0.0,0.0,0.0,0.0,0.0,0.0,0.0,0,0,0.0,false
scr/src/main/java/org/apache/felix/scr/impl/config/ConfigurableComponentHolder.java,529.0,28.0,151.0,30.0,120.0,103.0,1.0,djencks@13f79535-47bb-0310-9956-ffa450edef68,1,0.007352941176470588,5.0,0.0,5.0,0.0,137.75,383.3577456205303,1,3,3.0155349008501706,true
scr/src/main/java/org/apache/felix/scr/impl/config/ReferenceManager.java,16.0,2.0,6.0,4.0,0.0,7.0,0.0,cziegeler@13f79535-47bb-0310-9956-ffa450edef68,0,0.0,0.0,0.0,0.0,0.0,0.0,0.0,0,0,0.0,false
scr/src/main/java/org/apache/felix/scr/impl/helper/ActivateMethod.java,171.0,11.0,18.0,9.0,32.0,34.0,7.0,fmeschbe@13f79535-47bb-0310-9956-ffa450edef68,1,0.007352941176470588,6.0,0.0,0.0,6.0,720.7826086956521,6955.334361845805,1,3,0.9614111671546247,false
scr/src/main/java/org/apache/felix/scr/impl/helper/ActivatorParameter.java,14.0,1.0,0.0,3.0,0.0,5.0,0.0,djencks@13f79535-47bb-0310-9956-ffa450edef68,0,0.0,0.0,0.0,0.0,0.0,0.0,0.0,0,0,0.0,false
scr/src/main/java/org/apache/felix/scr/impl/helper/Annotations.java,143.0,12.0,4.0,4.0,54.0,17.0,0.0,djencks@13f79535-47bb-0310-9956-ffa450edef68,0,0.0,0.0,0.0,0.0,0.0,0.0,0.0,0,0,0.0,false
scr/src/main/java/org/apache/felix/scr/impl/helper/BaseMethod.java,311.0,12.0,191.0,22.0,51.0,68.0,11.0,fmeschbe@13f79535-47bb-0310-9956-ffa450edef68,1,0.007352941176470588,7.0,0.0,0.0,4.0,720.7826086956521,6955.334361845805,1,6,0.9614111671546247,false
scr/src/main/java/org/apache/felix/scr/impl/helper/BindMethod.java,392.0,18.0,48.0,12.0,68.0,60.0,11.0,djencks@13f79535-47bb-0310-9956-ffa450edef68,1,0.007352941176470588,8.0,0.0,0.0,4.0,720.7826086956521,6955.334361845805,1,4,0.9614111671546247,false
scr/src/main/java/org/apache/felix/scr/impl/helper/BindMethods.java,23.0,2.0,0.0,4.0,5.0,7.0,12.0,cziegeler@13f79535-47bb-0310-9956-ffa450edef68,1,0.007352941176470588,33.0,0.0,0.0,0.0,720.7826086956521,6955.334361845805,1,0,0.9614111671546247,false
scr/src/main/java/org/apache/felix/scr/impl/helper/BindParameters.java,14.0,2.0,0.0,3.0,0.0,5.0,0.0,djencks@13f79535-47bb-0310-9956-ffa450edef68,0,0.0,0.0,0.0,0.0,0.0,0.0,0.0,0,0,0.0,false
scr/src/main/java/org/apache/felix/scr/impl/helper/Coercions.java,299.0,4.0,91.0,14.0,56.0,64.0,0.0,djencks@13f79535-47bb-0310-9956-ffa450edef68,0,0.0,0.0,0.0,0.0,0.0,0.0,0.0,0,0,0.0,true
scr/src/main/java/org/apache/felix/scr/impl/helper/ComponentMethods.java,37.0,5.0,2.0,5.0,12.0,13.0,15.0,djencks@13f79535-47bb-0310-9956-ffa450edef68,1,0.007352941176470588,12.0,0.0,0.0,0.0,720.7826086956521,6955.334361845805,1,0,0.9614111671546247,false
scr/src/main/java/org/apache/felix/scr/impl/helper/DeactivateMethod.java,11.0,1.0,3.0,3.0,0.0,5.0,0.0,fmeschbe@13f79535-47bb-0310-9956-ffa450edef68,0,0.0,0.0,0.0,0.0,0.0,0.0,0.0,0,0,0.0,false
scr/src/main/java/org/apache/felix/scr/impl/helper/ModifiedMethod.java,11.0,1.0,3.0,3.0,0.0,7.0,0.0,fmeschbe@13f79535-47bb-0310-9956-ffa450edef68,0,0.0,0.0,0.0,0.0,0.0,0.0,0.0,0,0,0.0,false
scr/src/main/java/org/apache/felix/scr/impl/helper/ReadOnlyDictionary.java,98.0,8.0,0.0,18.0,22.0,44.0,1.0,fmeschbe@13f79535-47bb-0310-9956-ffa450edef68,1,0.007352941176470588,11.0,0.0,0.0,0.0,720.7826086956521,6955.334361845805,1,2,0.9614111671546247,false
scr/src/main/java/org/apache/felix/scr/impl/helper/UnbindMethod.java,11.0,2.0,1.0,2.0,0.0,3.0,15.0,djencks@13f79535-47bb-0310-9956-ffa450edef68,1,0.007352941176470588,12.0,0.0,0.0,0.0,720.7826086956521,6955.334361845805,1,0,0.9614111671546247,false
scr/src/main/java/org/apache/felix/scr/impl/helper/UpdatedMethod.java,11.0,2.0,1.0,2.0,0.0,3.0,15.0,djencks@13f79535-47bb-0310-9956-ffa450edef68,1,0.007352941176470588,14.0,0.0,0.0,0.0,720.7826086956521,6955.334361845805,1,0,0.9614111671546247,false
scr/src/main/java/org/apache/felix/scr/impl/manager/AbstractComponentManager.java,810.0,45.0,3736.0,89.0,250.0,221.0,0.0,djencks@13f79535-47bb-0310-9956-ffa450edef68,0,0.0,0.0,0.0,0.0,0.0,0.0,0.0,0,38,0.0,true
scr/src/main/java/org/apache/felix/scr/impl/manager/ComponentContextImpl.java,131.0,11.0,18.0,17.0,31.0,36.0,0.0,djencks@13f79535-47bb-0310-9956-ffa450edef68,0,0.0,0.0,0.0,0.0,0.0,0.0,0.0,0,8,0.0,false
scr/src/main/java/org/apache/felix/scr/impl/manager/ComponentFactoryImpl.java,199.0,20.0,264.0,25.0,49.0,56.0,0.0,djencks@13f79535-47bb-0310-9956-ffa450edef68,0,0.0,0.0,0.0,0.0,0.0,0.0,0.0,0,20,0.0,false
scr/src/main/java/org/apache/felix/scr/impl/manager/DependencyManager.java,1226.0,30.0,255.0,43.0,187.0,144.0,12.0,djencks@13f79535-47bb-0310-9956-ffa450edef68,1,0.007352941176470588,1.0,0.0,0.0,0.0,720.7826086956521,6955.334361845805,1,41,0.9614111671546247,true
scr/src/main/java/org/apache/felix/scr/impl/manager/MultiplePrototypeRefPair.java,38.0,9.0,3.0,7.0,12.0,15.0,0.0,cziegeler@13f79535-47bb-0310-9956-ffa450edef68,0,0.0,0.0,0.0,0.0,0.0,0.0,0.0,0,0,0.0,false
scr/src/main/java/org/apache/felix/scr/impl/manager/RefPair.java,33.0,3.0,49.0,11.0,0.0,15.0,0.0,djencks@13f79535-47bb-0310-9956-ffa450edef68,0,0.0,0.0,0.0,0.0,0.0,0.0,0.0,0,3,0.0,false
scr/src/main/java/org/apache/felix/scr/impl/manager/ServiceFactoryComponentManager.java,103.0,13.0,36.0,13.0,38.0,32.0,0.0,djencks@13f79535-47bb-0310-9956-ffa450edef68,0,0.0,0.0,0.0,0.0,0.0,0.0,0.0,0,11,0.0,false
scr/src/main/java/org/apache/felix/scr/impl/manager/SingleComponentManager.java,472.0,24.0,403.0,35.0,147.0,96.0,10.0,djencks@13f79535-47bb-0310-9956-ffa450edef68,1,0.007352941176470588,4.0,0.0,0.0,0.0,720.7826086956521,6955.334361845805,1,5,0.9614111671546247,true
scr/src/main/java/org/apache/felix/scr/impl/manager/SinglePrototypeRefPair.java,28.0,6.0,0.0,4.0,9.0,9.0,0.0,cziegeler@13f79535-47bb-0310-9956-ffa450edef68,0,0.0,0.0,0.0,0.0,0.0,0.0,0.0,0,0,0.0,false
scr/src/main/java/org/apache/felix/scr/impl/manager/SingleRefPair.java,37.0,5.0,3.0,6.0,11.0,13.0,0.0,djencks@13f79535-47bb-0310-9956-ffa450edef68,0,0.0,0.0,0.0,0.0,0.0,0.0,0.0,0,0,0.0,false
scr/src/main/java/org/apache/felix/scr/impl/metadata/ComponentMetadata.java,556.0,17.0,770.0,52.0,35.0,154.0,8.0,fmeschbe@13f79535-47bb-0310-9956-ffa450edef68,1,0.007352941176470588,8.0,0.0,4.0,0.0,720.7826086956521,6955.334361845805,1,0,0.9614111671546247,false
scr/src/main/java/org/apache/felix/scr/impl/metadata/DSVersion.java,0.0,0.0,0.0,0.0,0.0,0.0,0.0,djencks@13f79535-47bb-0310-9956-ffa450edef68,0,0.0,0.0,0.0,0.0,0.0,0.0,0.0,0,0,0.0,false
scr/src/main/java/org/apache/felix/scr/impl/metadata/PropertyMetadata.java,216.0,3.0,0.0,10.0,27.0,37.0,0.0,fmeschbe@13f79535-47bb-0310-9956-ffa450edef68,0,0.0,0.0,0.0,0.0,0.0,0.0,0.0,0,3,0.0,false
scr/src/main/java/org/apache/felix/scr/impl/metadata/ReferenceMetadata.java,303.0,3.0,201.0,27.0,19.0,86.0,8.0,cziegeler@13f79535-47bb-0310-9956-ffa450edef68,1,0.007352941176470588,27.0,0.0,0.0,7.0,720.7826086956521,6955.334361845805,1,1,0.9614111671546247,true
scr/src/main/java/org/apache/felix/scr/impl/metadata/ServiceMetadata.java,80.0,2.0,0.0,6.0,8.0,19.0,0.0,djencks@13f79535-47bb-0310-9956-ffa450edef68,0,0.0,0.0,0.0,0.0,0.0,0.0,0.0,0,0,0.0,false
scr/src/main/java/org/apache/felix/scr/impl/metadata/XmlHandler.java,294.0,14.0,20.0,9.0,56.0,23.0,6.0,djencks@13f79535-47bb-0310-9956-ffa450edef68,1,0.007352941176470588,14.0,0.0,5.0,0.0,720.7826086956521,6955.334361845805,1,1,0.9614111671546247,true
scr/src/main/java/org/apache/felix/scr/impl/runtime/ServiceComponentRuntimeImpl.java,219.0,27.0,159.0,19.0,107.0,59.0,6.0,cziegeler@13f79535-47bb-0310-9956-ffa450edef68,1,0.007352941176470588,13.0,0.0,0.0,0.0,720.7826086956521,6955.334361845805,1,1,0.9614111671546247,false
scr/src/main/java/org/osgi/service/component/runtime/dto/ComponentConfigurationDTO.java,49.0,3.0,0.0,0.0,0.0,0.0,2.0,djencks@13f79535-47bb-0310-9956-ffa450edef68,1,0.007352941176470588,25.0,0.0,0.0,0.0,137.75,383.3577456205303,1,0,3.0155349008501706,true
scr/src/main/java/org/osgi/service/component/runtime/dto/ComponentDescriptionDTO.java,68.0,3.0,0.0,0.0,0.0,0.0,0.0,djencks@13f79535-47bb-0310-9956-ffa450edef68,0,0.0,0.0,0.0,0.0,0.0,0.0,0.0,0,0,0.0,false
scr/src/main/java/org/osgi/service/component/runtime/dto/ReferenceDTO.java,83.0,1.0,0.0,0.0,0.0,0.0,2.0,cziegeler@13f79535-47bb-0310-9956-ffa450edef68,1,0.007352941176470588,25.0,0.0,0.0,0.0,137.75,383.3577456205303,1,0,3.0155349008501706,true
scr/src/main/java/org/osgi/service/component/runtime/dto/SatisfiedReferenceDTO.java,21.0,2.0,0.0,0.0,0.0,0.0,0.0,djencks@13f79535-47bb-0310-9956-ffa450edef68,0,0.0,0.0,0.0,0.0,0.0,0.0,0.0,0,0,0.0,false
scr/src/main/java/org/osgi/service/component/runtime/dto/UnsatisfiedReferenceDTO.java,21.0,2.0,0.0,0.0,0.0,0.0,0.0,djencks@13f79535-47bb-0310-9956-ffa450edef68,0,0.0,0.0,0.0,0.0,0.0,0.0,0.0,0,0,0.0,false
scr/src/test/java/org/apache/felix/scr/impl/SCRCommandlTest.java,17.0,9.0,1.0,2.0,5.0,3.0,0.0,djencks@13f79535-47bb-0310-9956-ffa450edef68,0,0.0,0.0,0.0,0.0,0.0,0.0,0.0,0,0,0.0,false
scr/src/test/java/org/apache/felix/scr/impl/config/ConfiguredComponentHolderTest.java,109.0,13.0,15.0,6.0,37.0,9.0,0.0,djencks@13f79535-47bb-0310-9956-ffa450edef68,0,0.0,0.0,0.0,0.0,0.0,0.0,0.0,0,3,0.0,false
scr/src/test/java/org/apache/felix/scr/impl/helper/ActivateMethodTest.java,235.0,22.0,191.0,26.0,62.0,54.0,15.0,fmeschbe@13f79535-47bb-0310-9956-ffa450edef68,1,0.007352941176470588,6.0,0.0,0.0,0.0,720.7826086956521,6955.334361845805,1,1,0.9614111671546247,false
scr/src/test/java/org/apache/felix/scr/impl/helper/AnnotationTest.java,325.0,9.0,295.0,27.0,196.0,54.0,0.0,djencks@13f79535-47bb-0310-9956-ffa450edef68,0,0.0,0.0,0.0,0.0,0.0,0.0,0.0,0,0,0.0,false
scr/src/test/java/org/apache/felix/scr/impl/helper/BindMethodTest.java,301.0,21.0,944.0,44.0,57.0,49.0,0.0,djencks@13f79535-47bb-0310-9956-ffa450edef68,0,0.0,0.0,0.0,0.0,0.0,0.0,0.0,0,0,0.0,false
scr/src/test/java/org/apache/felix/scr/impl/manager/components/T1.java,237.0,2.0,0.0,26.0,9.0,103.0,0.0,fmeschbe@13f79535-47bb-0310-9956-ffa450edef68,0,0.0,0.0,0.0,0.0,0.0,0.0,0.0,0,1,0.0,false
scr/src/test/java/org/apache/felix/scr/impl/manager/components/T1MapSR.java,10.0,2.0,0.0,1.0,1.0,5.0,0.0,djencks@13f79535-47bb-0310-9956-ffa450edef68,0,0.0,0.0,0.0,0.0,0.0,0.0,0.0,0,0,0.0,false
scr/src/test/java/org/apache/felix/scr/impl/metadata/ComponentMetadataTest.java,614.0,5.0,120.0,49.0,260.0,105.0,0.0,fmeschbe@13f79535-47bb-0310-9956-ffa450edef68,0,0.0,0.0,0.0,0.0,0.0,0.0,0.0,0,1,0.0,false
scr/src/test/java/org/apache/felix/scr/impl/metadata/XmlHandlerTest.java,284.0,14.0,228.0,25.0,163.0,78.0,0.0,fmeschbe@13f79535-47bb-0310-9956-ffa450edef68,0,0.0,0.0,0.0,0.0,0.0,0.0,0.0,0,1,0.0,false
scr/src/test/java/org/apache/felix/scr/impl/metadata/instances/BaseObject.java,47.0,3.0,76.0,13.0,11.0,14.0,0.0,fmeschbe@13f79535-47bb-0310-9956-ffa450edef68,0,0.0,0.0,0.0,0.0,0.0,0.0,0.0,0,1,0.0,false
scr/src/test/java/org/apache/felix/scr/impl/runtime/ServiceComponentRuntimeImplTest.java,23.0,6.0,3.0,3.0,8.0,3.0,0.0,djencks@13f79535-47bb-0310-9956-ffa450edef68,0,0.0,0.0,0.0,0.0,0.0,0.0,0.0,0,0,0.0,false
scr/src/test/java/org/apache/felix/scr/integration/AnnoConfigTest.java,166.0,16.0,66.0,12.0,104.0,23.0,0.0,djencks@13f79535-47bb-0310-9956-ffa450edef68,0,0.0,0.0,0.0,0.0,0.0,0.0,0.0,0,0,0.0,false
scr/src/test/java/org/apache/felix/scr/integration/CircularReferenceTest.java,174.0,11.0,36.0,9.0,69.0,17.0,0.0,djencks@13f79535-47bb-0310-9956-ffa450edef68,0,0.0,0.0,0.0,0.0,0.0,0.0,0.0,0,2,0.0,false
scr/src/test/java/org/apache/felix/scr/integration/ComponentActivationTest.java,92.0,8.0,105.0,15.0,41.0,30.0,0.0,fmeschbe@13f79535-47bb-0310-9956-ffa450edef68,0,0.0,0.0,0.0,0.0,0.0,0.0,0.0,0,1,0.0,false
scr/src/test/java/org/apache/felix/scr/integration/ComponentConfigurationPidTest.java,40.0,7.0,1.0,2.0,18.0,4.0,0.0,pderop@13f79535-47bb-0310-9956-ffa450edef68,0,0.0,0.0,0.0,0.0,0.0,0.0,0.0,0,0,0.0,false
scr/src/test/java/org/apache/felix/scr/integration/ComponentConfigurationTest.java,344.0,12.0,91.0,14.0,126.0,34.0,0.0,fmeschbe@13f79535-47bb-0310-9956-ffa450edef68,0,0.0,0.0,0.0,0.0,0.0,0.0,0.0,0,5,0.0,false
scr/src/test/java/org/apache/felix/scr/integration/ComponentEnableTest.java,18.0,12.0,0.0,1.0,6.0,2.0,0.0,djencks@13f79535-47bb-0310-9956-ffa450edef68,0,0.0,0.0,0.0,0.0,0.0,0.0,0.0,0,1,0.0,false
scr/src/test/java/org/apache/felix/scr/integration/ComponentFactoryTest.java,205.0,18.0,66.0,12.0,95.0,31.0,0.0,djencks@13f79535-47bb-0310-9956-ffa450edef68,0,0.0,0.0,0.0,0.0,0.0,0.0,0.0,0,8,0.0,true
scr/src/test/java/org/apache/felix/scr/integration/ComponentTestBase.java,629.0,66.0,732.0,44.0,178.0,134.0,0.0,djencks@13f79535-47bb-0310-9956-ffa450edef68,0,0.0,0.0,0.0,0.0,0.0,0.0,0.0,0,9,0.0,true
scr/src/test/java/org/apache/felix/scr/integration/PersistentComponentFactoryTest.java,196.0,18.0,66.0,12.0,95.0,29.0,0.0,djencks@13f79535-47bb-0310-9956-ffa450edef68,0,0.0,0.0,0.0,0.0,0.0,0.0,0.0,0,2,0.0,true
scr/src/test/java/org/apache/felix/scr/integration/ServiceBindGreedyTest.java,762.0,15.0,45.0,10.0,139.0,20.0,0.0,djencks@13f79535-47bb-0310-9956-ffa450edef68,0,0.0,0.0,0.0,0.0,0.0,0.0,0.0,0,1,0.0,false
scr/src/test/java/org/apache/felix/scr/integration/ServiceBindTest.java,762.0,15.0,45.0,10.0,141.0,20.0,0.0,fmeschbe@13f79535-47bb-0310-9956-ffa450edef68,0,0.0,0.0,0.0,0.0,0.0,0.0,0.0,0,2,0.0,false
scr/src/test/java/org/apache/felix/scr/integration/ServiceChangedTest.java,396.0,7.0,28.0,8.0,103.0,24.0,0.0,fmeschbe@13f79535-47bb-0310-9956-ffa450edef68,0,0.0,0.0,0.0,0.0,0.0,0.0,0.0,0,1,0.0,false
scr/src/test/java/org/apache/felix/scr/integration/TargetPropertyTest.java,48.0,13.0,21.0,7.0,15.0,13.0,0.0,djencks@13f79535-47bb-0310-9956-ffa450edef68,0,0.0,0.0,0.0,0.0,0.0,0.0,0.0,0,0,0.0,true
scr/src/test/java/org/apache/felix/scr/integration/components/EnableComponent.java,15.0,1.0,0.0,4.0,2.0,4.0,0.0,djencks@13f79535-47bb-0310-9956-ffa450edef68,0,0.0,0.0,0.0,0.0,0.0,0.0,0.0,0,1,0.0,false
scr/src/test/java/org/apache/felix/scr/integration/components/annoconfig/AnnoComponent.java,23.0,9.0,3.0,3.0,0.0,4.0,0.0,djencks@13f79535-47bb-0310-9956-ffa450edef68,0,0.0,0.0,0.0,0.0,0.0,0.0,0.0,0,0,0.0,false
scrplugin/annotations/src/main/java/org/apache/felix/scrplugin/processing/SlingAnnotationProcessor.java,150.0,15.0,15.0,6.0,43.0,16.0,2.0,cziegeler@13f79535-47bb-0310-9956-ffa450edef68,1,0.007352941176470588,14.0,0.0,0.0,0.0,720.7826086956521,6955.334361845805,1,1,0.9614111671546247,false
scrplugin/ds-annotations/src/main/java/org/apache/felix/scrplugin/ds/DSAnnotationProcessor.java,235.0,28.0,21.0,7.0,84.0,26.0,0.0,cziegeler@13f79535-47bb-0310-9956-ffa450edef68,0,0.0,0.0,0.0,0.0,0.0,0.0,0.0,0,1,0.0,false
scrplugin/generator/src/main/java/org/apache/felix/scrplugin/Options.java,132.0,3.0,104.0,16.0,2.0,32.0,0.0,cziegeler@13f79535-47bb-0310-9956-ffa450edef68,0,0.0,0.0,0.0,0.0,0.0,0.0,0.0,0,0,0.0,false
scrplugin/generator/src/main/java/org/apache/felix/scrplugin/SCRDescriptorGenerator.java,489.0,30.0,12.0,13.0,186.0,53.0,0.0,cziegeler@13f79535-47bb-0310-9956-ffa450edef68,0,0.0,0.0,0.0,0.0,0.0,0.0,0.0,0,3,0.0,false
scrplugin/generator/src/main/java/org/apache/felix/scrplugin/annotations/ScannedAnnotation.java,132.0,1.0,0.0,11.0,16.0,32.0,0.0,cziegeler@13f79535-47bb-0310-9956-ffa450edef68,0,0.0,0.0,0.0,0.0,0.0,0.0,0.0,0,0,0.0,false
scrplugin/generator/src/main/java/org/apache/felix/scrplugin/description/ReferenceDescription.java,125.0,2.0,365.0,30.0,28.0,47.0,0.0,cziegeler@13f79535-47bb-0310-9956-ffa450edef68,0,0.0,0.0,0.0,0.0,0.0,0.0,0.0,0,0,0.0,false
scrplugin/generator/src/main/java/org/apache/felix/scrplugin/helper/Validator.java,471.0,19.0,0.0,12.0,144.0,64.0,0.0,cziegeler@13f79535-47bb-0310-9956-ffa450edef68,0,0.0,0.0,0.0,0.0,0.0,0.0,0.0,0,4,0.0,false
scrplugin/maven-scr-plugin/src/main/java/org/apache/felix/scrplugin/mojo/SCRDescriptorMojo.java,380.0,32.0,32.0,13.0,134.0,54.0,0.0,cziegeler@13f79535-47bb-0310-9956-ffa450edef68,0,0.0,0.0,0.0,0.0,0.0,0.0,0.0,0,0,0.0,false
webconsole-plugins/ds/src/main/java/org/apache/felix/webconsole/plugins/ds/internal/Activator.java,69.0,9.0,0.0,5.0,10.0,13.0,7.0,vvalchev@13f79535-47bb-0310-9956-ffa450edef68,0,0.0,0.0,0.0,0.0,0.0,0.0,0.0,0,2,0.0,true
webconsole-plugins/ds/src/main/java/org/apache/felix/webconsole/plugins/ds/internal/ComponentConfigurationPrinter.java,144.0,15.0,26.0,8.0,53.0,23.0,0.0,vvalchev@13f79535-47bb-0310-9956-ffa450edef68,0,0.0,0.0,0.0,0.0,0.0,0.0,0.0,0,2,0.0,true
webconsole-plugins/ds/src/main/java/org/apache/felix/webconsole/plugins/ds/internal/InfoProvider.java,40.0,12.0,2.0,5.0,14.0,12.0,0.0,vvalchev@13f79535-47bb-0310-9956-ffa450edef68,0,0.0,0.0,0.0,0.0,0.0,0.0,0.0,0,1,0.0,false
webconsole-plugins/event/src/main/java/org/apache/felix/webconsole/plugins/event/internal/EventListener.java,40.0,2.0,0.0,5.0,13.0,5.0,0.0,vvalchev@13f79535-47bb-0310-9956-ffa450edef68,0,0.0,0.0,0.0,0.0,0.0,0.0,0.0,0,2,0.0,false
webconsole-plugins/event/src/main/java/org/apache/felix/webconsole/plugins/event/internal/PluginServlet.java,269.0,12.0,92.0,16.0,74.0,49.0,0.0,vvalchev@13f79535-47bb-0310-9956-ffa450edef68,0,0.0,0.0,0.0,0.0,0.0,0.0,0.0,0,4,0.0,false
webconsole-plugins/event/src/main/java/org/apache/felix/webconsole/plugins/event/internal/converter/BundleEventConverter.java,54.0,2.0,0.0,1.0,5.0,5.0,0.0,vvalchev@13f79535-47bb-0310-9956-ffa450edef68,0,0.0,0.0,0.0,0.0,0.0,0.0,0.0,0,2,0.0,false
webconsole-plugins/obr/src/main/java/org/apache/felix/webconsole/plugins/obr/internal/FelixBundleRepositoryRenderHelper.java,147.0,17.0,21.0,7.0,60.0,34.0,0.0,vvalchev@13f79535-47bb-0310-9956-ffa450edef68,0,0.0,0.0,0.0,0.0,0.0,0.0,0.0,0,0,0.0,false
webconsole-plugins/obr/src/main/java/org/apache/felix/webconsole/plugins/obr/internal/OsgiBundleRepositoryRenderHelper.java,135.0,15.0,15.0,6.0,57.0,27.0,0.0,vvalchev@13f79535-47bb-0310-9956-ffa450edef68,0,0.0,0.0,0.0,0.0,0.0,0.0,0.0,0,0,0.0,false
webconsole-plugins/upnp/src/main/java/org/apache/felix/webconsole/plugins/upnp/internal/Base64.java,721.0,2.0,694.0,41.0,53.0,145.0,0.0,vvalchev@13f79535-47bb-0310-9956-ffa450edef68,0,0.0,0.0,0.0,0.0,0.0,0.0,0.0,0,1,0.0,false
webconsole-plugins/upnp/src/main/java/org/apache/felix/webconsole/plugins/upnp/internal/ControlServlet.java,275.0,28.0,53.0,14.0,94.0,58.0,0.0,vvalchev@13f79535-47bb-0310-9956-ffa450edef68,0,0.0,0.0,0.0,0.0,0.0,0.0,0.0,0,7,0.0,true
webconsole/src/main/java/org/apache/felix/webconsole/AbstractWebConsolePlugin.java,579.0,17.0,677.0,38.0,145.0,132.0,1.0,fmeschbe@13f79535-47bb-0310-9956-ffa450edef68,1,0.007352941176470588,4.0,0.0,4.0,0.0,81.77777777777777,138.27873910438365,1,17,2.5455312716044354,false
webconsole/src/main/java/org/apache/felix/webconsole/WebConsoleUtil.java,244.0,19.0,55.0,11.0,53.0,45.0,2.0,fmeschbe@13f79535-47bb-0310-9956-ffa450edef68,1,0.007352941176470588,7.0,0.0,7.0,0.0,81.77777777777777,138.27873910438365,1,5,2.5455312716044354,false
webconsole/src/main/java/org/apache/felix/webconsole/internal/configuration/ConfigAdminSupport.java,398.0,32.0,62.0,16.0,129.0,70.0,4.0,vvalchev@13f79535-47bb-0310-9956-ffa450edef68,1,0.007352941176470588,30.0,0.0,30.0,0.0,81.77777777777777,138.27873910438365,1,0,2.5455312716044354,false
webconsole/src/main/java/org/apache/felix/webconsole/internal/core/BundlesServlet.java,1083.0,59.0,1469.0,55.0,350.0,191.0,0.0,cziegeler@13f79535-47bb-0310-9956-ffa450edef68,0,0.0,0.0,0.0,0.0,0.0,0.0,0.0,0,20,0.0,false
webconsole/src/main/java/org/apache/felix/webconsole/internal/misc/LicenseServlet.java,231.0,22.0,26.0,8.0,64.0,35.0,0.0,fmeschbe@13f79535-47bb-0310-9956-ffa450edef68,0,0.0,0.0,0.0,0.0,0.0,0.0,0.0,0,7,0.0,false
webconsole/src/main/java/org/apache/felix/webconsole/internal/servlet/ConfigurationSupport.java,68.0,11.0,8.0,5.0,21.0,19.0,0.0,fmeschbe@13f79535-47bb-0310-9956-ffa450edef68,0,0.0,0.0,0.0,0.0,0.0,0.0,0.0,0,2,0.0,false
webconsole/src/main/java/org/apache/felix/webconsole/internal/servlet/OsgiManager.java,583.0,53.0,274.0,28.0,156.0,97.0,0.0,fmeschbe@13f79535-47bb-0310-9956-ffa450edef68,0,0.0,0.0,0.0,0.0,0.0,0.0,0.0,0,21,0.0,false
