name,LOC,CBO,LCOM,NOM,RFC,WMC,numOfChanges,bccm,structuralWorkloadSum,semanticWorkloadSum,numberOfDeveloper,isBuggy
src/contrib/src/org/apache/poi/contrib/poibrowser/PropertySetDescriptorRenderer.java,30.0,7.0,3.0,3.0,5.0,7.0,2,0.00749063670411985,876.0043620501635,29565.18910840272,2,false
src/examples/src/org/apache/poi/hssf/usermodel/examples/BigExample.java,65.0,4.0,0.0,1.0,22.0,4.0,0,0.0,0.0,0.0,0,false
src/examples/src/org/apache/poi/hssf/usermodel/examples/Borders.java,8.0,4.0,0.0,1.0,0.0,2.0,1,0.003745318352059925,353.4,1941.6825919068674,1,false
src/examples/src/org/apache/poi/hssf/usermodel/examples/FrillsAndFills.java,26.0,4.0,0.0,1.0,11.0,2.0,0,0.0,0.0,0.0,0,false
src/examples/src/org/apache/poi/hssf/usermodel/examples/NewLinesInCells.java,29.0,3.0,0.0,1.0,14.0,2.0,1,0.003745318352059925,353.4,1941.6825919068674,1,false
src/java/org/apache/poi/dev/RecordGenerator.java,67.0,5.0,1.0,2.0,24.0,11.0,1,0.003745318352059925,760.2900763358779,29349.21060107973,1,false
src/java/org/apache/poi/hpsf/ClassID.java,41.0,1.0,6.0,4.0,0.0,8.0,3,0.011235955056179775,938.0784361242377,30515.50249909015,3,true
src/java/org/apache/poi/hpsf/DocumentSummaryInformation.java,164.0,3.0,120.0,16.0,18.0,56.0,2,0.00749063670411985,876.0043620501635,29565.18910840272,2,true
src/java/org/apache/poi/hpsf/HPSFException.java,57.0,0.0,4.0,5.0,0.0,8.0,1,0.003745318352059925,760.2900763358779,29349.21060107973,1,false
src/java/org/apache/poi/hpsf/HPSFRuntimeException.java,58.0,0.0,4.0,5.0,0.0,8.0,1,0.003745318352059925,760.2900763358779,29349.21060107973,1,true
src/java/org/apache/poi/hpsf/IllegalPropertySetDataException.java,47.0,0.0,6.0,4.0,0.0,4.0,1,0.003745318352059925,760.2900763358779,29349.21060107973,1,false
src/java/org/apache/poi/hpsf/MarkUnsupportedException.java,40.0,0.0,6.0,4.0,0.0,8.0,1,0.003745318352059925,760.2900763358779,29349.21060107973,1,false
src/java/org/apache/poi/hpsf/NoPropertySetStreamException.java,43.0,0.0,6.0,4.0,0.0,8.0,1,0.003745318352059925,760.2900763358779,29349.21060107973,1,false
src/java/org/apache/poi/hpsf/NoSingleSectionException.java,42.0,0.0,6.0,4.0,0.0,8.0,1,0.003745318352059925,760.2900763358779,29349.21060107973,1,false
src/java/org/apache/poi/hpsf/Property.java,168.0,2.0,5.0,6.0,5.0,23.0,2,0.00749063670411985,876.0043620501635,29565.18910840272,2,true
src/java/org/apache/poi/hpsf/PropertySet.java,348.0,5.0,164.0,21.0,41.0,74.0,2,0.00749063670411985,876.0043620501635,29565.18910840272,2,true
src/java/org/apache/poi/hpsf/PropertySetFactory.java,38.0,1.0,0.0,1.0,2.0,6.0,1,0.003745318352059925,760.2900763358779,29349.21060107973,1,true
src/java/org/apache/poi/hpsf/Section.java,182.0,3.0,37.0,11.0,12.0,38.0,2,0.00749063670411985,876.0043620501635,29565.18910840272,2,true
src/java/org/apache/poi/hpsf/SpecialPropertySet.java,95.0,2.0,0.0,10.0,9.0,23.0,1,0.003745318352059925,760.2900763358779,29349.21060107973,1,true
src/java/org/apache/poi/hpsf/SummaryInformation.java,201.0,3.0,171.0,19.0,21.0,50.0,1,0.003745318352059925,760.2900763358779,29349.21060107973,1,true
src/java/org/apache/poi/hpsf/Thumbnail.java,212.0,1.0,13.0,7.0,9.0,20.0,1,0.003745318352059925,760.2900763358779,29349.21060107973,1,true
src/java/org/apache/poi/hpsf/UnexpectedPropertySetTypeException.java,43.0,0.0,6.0,4.0,0.0,8.0,1,0.003745318352059925,760.2900763358779,29349.21060107973,1,false
src/java/org/apache/poi/hpsf/Util.java,111.0,1.0,10.0,5.0,1.0,14.0,1,0.003745318352059925,760.2900763358779,29349.21060107973,1,false
src/java/org/apache/poi/hpsf/Variant.java,290.0,0.0,0.0,0.0,0.0,0.0,1,0.003745318352059925,760.2900763358779,29349.21060107973,1,true
src/java/org/apache/poi/hpsf/wellknown/PropertyIDMap.java,243.0,1.0,15.0,6.0,7.0,18.0,2,0.00749063670411985,876.0043620501635,29565.18910840272,2,true
src/java/org/apache/poi/hpsf/wellknown/SectionIDMap.java,113.0,1.0,15.0,6.0,7.0,20.0,1,0.003745318352059925,760.2900763358779,29349.21060107973,1,false
src/java/org/apache/poi/hssf/dev/BiffViewer.java,532.0,8.0,0.0,9.0,37.0,36.0,3,0.011235955056179775,1337.4678541136557,33256.81259777546,3,true
src/java/org/apache/poi/hssf/dev/FormulaViewer.java,175.0,14.0,32.0,9.0,41.0,28.0,3,0.011235955056179775,1337.4678541136557,33256.81259777546,3,true
src/java/org/apache/poi/hssf/eventmodel/AbortableHSSFListener.java,32.0,2.0,1.0,2.0,0.0,5.0,0,0.0,0.0,0.0,0,false
src/java/org/apache/poi/hssf/eventmodel/HSSFEventFactory.java,119.0,9.0,15.0,6.0,12.0,26.0,1,0.003745318352059925,760.2900763358779,29349.21060107973,1,true
src/java/org/apache/poi/hssf/eventmodel/HSSFRequest.java,84.0,5.0,0.0,4.0,10.0,14.0,0,0.0,0.0,0.0,0,false
src/java/org/apache/poi/hssf/eventmodel/HSSFUserException.java,53.0,0.0,4.0,5.0,0.0,8.0,0,0.0,0.0,0.0,0,false
src/java/org/apache/poi/hssf/model/Sheet.java,1214.0,9.0,2509.0,83.0,274.0,213.0,3,0.011235955056179775,1337.4678541136557,33256.81259777546,3,true
src/java/org/apache/poi/hssf/model/Workbook.java,1353.0,7.0,1716.0,68.0,199.0,174.0,3,0.011235955056179775,1337.4678541136557,33256.81259777546,3,true
src/java/org/apache/poi/hssf/record/AreaFormatRecord.java,191.0,1.0,188.0,25.0,20.0,61.0,0,0.0,0.0,0.0,0,true
src/java/org/apache/poi/hssf/record/AreaRecord.java,127.0,1.0,40.0,17.0,16.0,41.0,0,0.0,0.0,0.0,0,true
src/java/org/apache/poi/hssf/record/AxisLineFormatRecord.java,93.0,1.0,37.0,11.0,7.0,23.0,0,0.0,0.0,0.0,0,true
src/java/org/apache/poi/hssf/record/AxisOptionsRecord.java,335.0,1.0,437.0,43.0,39.0,89.0,1,0.003745318352059925,760.2900763358779,29349.21060107973,1,true
src/java/org/apache/poi/hssf/record/AxisParentRecord.java,151.0,1.0,113.0,19.0,13.0,43.0,0,0.0,0.0,0.0,0,true
src/java/org/apache/poi/hssf/record/AxisRecord.java,154.0,1.0,113.0,19.0,13.0,43.0,0,0.0,0.0,0.0,0,true
src/java/org/apache/poi/hssf/record/AxisUsedRecord.java,79.0,1.0,37.0,11.0,7.0,23.0,0,0.0,0.0,0.0,0,true
src/java/org/apache/poi/hssf/record/BarRecord.java,176.0,1.0,87.0,23.0,21.0,56.0,0,0.0,0.0,0.0,0,true
src/java/org/apache/poi/hssf/record/BlankRecord.java,189.0,1.0,207.0,22.0,23.0,55.0,1,0.003745318352059925,760.2900763358779,29349.21060107973,1,true
src/java/org/apache/poi/hssf/record/BoolErrRecord.java,232.0,1.0,306.0,28.0,26.0,72.0,1,0.003745318352059925,760.2900763358779,29349.21060107973,1,true
src/java/org/apache/poi/hssf/record/CategorySeriesAxisRecord.java,175.0,1.0,127.0,23.0,19.0,47.0,0,0.0,0.0,0.0,0,true
src/java/org/apache/poi/hssf/record/CellValueRecordInterface.java,51.0,0.0,36.0,9.0,0.0,18.0,1,0.003745318352059925,760.2900763358779,29349.21060107973,1,true
src/java/org/apache/poi/hssf/record/ChartRecord.java,127.0,1.0,88.0,17.0,11.0,38.0,0,0.0,0.0,0.0,0,true
src/java/org/apache/poi/hssf/record/ContinueRecord.java,135.0,2.0,60.0,13.0,11.0,24.0,1,0.003745318352059925,353.4,1941.6825919068674,1,true
src/java/org/apache/poi/hssf/record/DBCellRecord.java,119.0,2.0,73.0,15.0,16.0,33.0,1,0.003745318352059925,760.2900763358779,29349.21060107973,1,true
src/java/org/apache/poi/hssf/record/DatRecord.java,143.0,1.0,33.0,19.0,19.0,35.0,0,0.0,0.0,0.0,0,true
src/java/org/apache/poi/hssf/record/DataFormatRecord.java,143.0,1.0,105.0,19.0,13.0,46.0,0,0.0,0.0,0.0,0,true
src/java/org/apache/poi/hssf/record/DefaultDataLabelTextPropertiesRecord.java,90.0,1.0,37.0,11.0,7.0,23.0,0,0.0,0.0,0.0,0,true
src/java/org/apache/poi/hssf/record/ExternSheetRecord.java,139.0,2.0,59.0,14.0,18.0,31.0,1,0.003745318352059925,760.2900763358779,29349.21060107973,1,true
src/java/org/apache/poi/hssf/record/ExternSheetSubRecord.java,131.0,1.0,87.0,15.0,11.0,32.0,1,0.003745318352059925,760.2900763358779,29349.21060107973,1,true
src/java/org/apache/poi/hssf/record/FontBasisRecord.java,143.0,1.0,113.0,19.0,11.0,43.0,0,0.0,0.0,0.0,0,true
src/java/org/apache/poi/hssf/record/FontIndexRecord.java,79.0,1.0,37.0,11.0,7.0,23.0,0,0.0,0.0,0.0,0,true
src/java/org/apache/poi/hssf/record/FooterRecord.java,108.0,2.0,60.0,13.0,12.0,26.0,0,0.0,0.0,0.0,0,true
src/java/org/apache/poi/hssf/record/FormulaRecord.java,328.0,4.0,474.0,36.0,60.0,93.0,2,0.00749063670411985,984.0678541136557,31315.130005868596,2,true
src/java/org/apache/poi/hssf/record/FrameRecord.java,135.0,1.0,64.0,17.0,14.0,36.0,0,0.0,0.0,0.0,0,true
src/java/org/apache/poi/hssf/record/HeaderRecord.java,109.0,2.0,60.0,13.0,11.0,26.0,0,0.0,0.0,0.0,0,true
src/java/org/apache/poi/hssf/record/LabelRecord.java,158.0,2.0,196.0,21.0,11.0,50.0,1,0.003745318352059925,760.2900763358779,29349.21060107973,1,true
src/java/org/apache/poi/hssf/record/LabelSSTRecord.java,178.0,1.0,246.0,24.0,27.0,55.0,1,0.003745318352059925,760.2900763358779,29349.21060107973,1,true
src/java/org/apache/poi/hssf/record/LegendRecord.java,302.0,1.0,289.0,35.0,33.0,75.0,1,0.003745318352059925,760.2900763358779,29349.21060107973,1,true
src/java/org/apache/poi/hssf/record/LineFormatRecord.java,234.0,1.0,164.0,25.0,22.0,61.0,0,0.0,0.0,0.0,0,true
src/java/org/apache/poi/hssf/record/LinkedDataRecord.java,187.0,1.0,134.0,21.0,14.0,53.0,0,0.0,0.0,0.0,0,true
src/java/org/apache/poi/hssf/record/MergeCellsRecord.java,174.0,2.0,13.0,14.0,14.0,31.0,1,0.003745318352059925,760.2900763358779,29349.21060107973,1,false
src/java/org/apache/poi/hssf/record/MulBlankRecord.java,129.0,1.0,75.0,14.0,11.0,33.0,2,0.00749063670411985,1113.6900763358778,31290.893192986598,2,true
src/java/org/apache/poi/hssf/record/MulRKRecord.java,128.0,3.0,85.0,15.0,18.0,36.0,1,0.003745318352059925,760.2900763358779,29349.21060107973,1,true
src/java/org/apache/poi/hssf/record/NameRecord.java,504.0,8.0,853.0,47.0,63.0,96.0,2,0.00749063670411985,984.0678541136557,31315.130005868596,2,true
src/java/org/apache/poi/hssf/record/NumberFormatIndexRecord.java,79.0,1.0,37.0,11.0,7.0,26.0,0,0.0,0.0,0.0,0,true
src/java/org/apache/poi/hssf/record/NumberRecord.java,194.0,2.0,246.0,24.0,27.0,59.0,1,0.003745318352059925,760.2900763358779,29349.21060107973,1,true
src/java/org/apache/poi/hssf/record/ObjectLinkRecord.java,128.0,1.0,67.0,15.0,9.0,33.0,1,0.003745318352059925,760.2900763358779,29349.21060107973,1,true
src/java/org/apache/poi/hssf/record/PlotAreaRecord.java,63.0,1.0,30.0,9.0,4.0,18.0,1,0.003745318352059925,760.2900763358779,29349.21060107973,1,true
src/java/org/apache/poi/hssf/record/PlotGrowthRecord.java,95.0,1.0,50.0,13.0,9.0,28.0,0,0.0,0.0,0.0,0,true
src/java/org/apache/poi/hssf/record/RKRecord.java,182.0,2.0,233.0,23.0,31.0,49.0,1,0.003745318352059925,760.2900763358779,29349.21060107973,1,true
src/java/org/apache/poi/hssf/record/RecordFactory.java,161.0,5.0,4.0,5.0,31.0,24.0,2,0.00749063670411985,1113.6900763358778,31290.893192986598,2,true
src/java/org/apache/poi/hssf/record/RecordProcessor.java,70.0,2.0,0.0,8.0,10.0,16.0,1,0.003745318352059925,353.4,1941.6825919068674,1,true
src/java/org/apache/poi/hssf/record/RowRecord.java,305.0,2.0,426.0,36.0,38.0,78.0,1,0.003745318352059925,760.2900763358779,29349.21060107973,1,true
src/java/org/apache/poi/hssf/record/SCLRecord.java,95.0,1.0,50.0,13.0,8.0,28.0,1,0.003745318352059925,760.2900763358779,29349.21060107973,1,true
src/java/org/apache/poi/hssf/record/SSTDeserializer.java,360.0,3.0,133.0,23.0,55.0,59.0,1,0.003745318352059925,353.4,1941.6825919068674,1,true
src/java/org/apache/poi/hssf/record/SSTRecord.java,357.0,5.0,83.0,23.0,36.0,55.0,1,0.003745318352059925,353.4,1941.6825919068674,1,true
src/java/org/apache/poi/hssf/record/SSTRecordHeader.java,32.0,2.0,0.0,2.0,2.0,4.0,1,0.003745318352059925,353.4,1941.6825919068674,1,false
src/java/org/apache/poi/hssf/record/SSTRecordSizeCalculator.java,137.0,2.0,0.0,7.0,18.0,20.0,1,0.003745318352059925,353.4,1941.6825919068674,1,true
src/java/org/apache/poi/hssf/record/SSTSerializer.java,101.0,2.0,1.0,7.0,27.0,20.0,1,0.003745318352059925,353.4,1941.6825919068674,1,true
src/java/org/apache/poi/hssf/record/SelectionRecord.java,152.0,2.0,135.0,19.0,16.0,34.0,1,0.003745318352059925,760.2900763358779,29349.21060107973,1,true
src/java/org/apache/poi/hssf/record/SeriesChartGroupIndexRecord.java,79.0,1.0,37.0,11.0,7.0,23.0,0,0.0,0.0,0.0,0,true
src/java/org/apache/poi/hssf/record/SeriesIndexRecord.java,79.0,1.0,37.0,11.0,7.0,23.0,1,0.003745318352059925,760.2900763358779,29349.21060107973,1,true
src/java/org/apache/poi/hssf/record/SeriesLabelsRecord.java,175.0,1.0,7.0,23.0,25.0,56.0,0,0.0,0.0,0.0,0,true
src/java/org/apache/poi/hssf/record/SeriesListRecord.java,79.0,1.0,29.0,11.0,7.0,23.0,0,0.0,0.0,0.0,0,true
src/java/org/apache/poi/hssf/record/SeriesRecord.java,201.0,1.0,142.0,21.0,12.0,48.0,0,0.0,0.0,0.0,0,true
src/java/org/apache/poi/hssf/record/SeriesTextRecord.java,127.0,1.0,80.0,17.0,12.0,38.0,1,0.003745318352059925,760.2900763358779,29349.21060107973,1,true
src/java/org/apache/poi/hssf/record/SeriesToChartGroupRecord.java,79.0,1.0,37.0,11.0,7.0,23.0,1,0.003745318352059925,760.2900763358779,29349.21060107973,1,true
src/java/org/apache/poi/hssf/record/SheetPropertiesRecord.java,186.0,1.0,55.0,23.0,23.0,45.0,0,0.0,0.0,0.0,0,true
src/java/org/apache/poi/hssf/record/SupBookRecord.java,92.0,2.0,50.0,13.0,8.0,26.0,1,0.003745318352059925,760.2900763358779,29349.21060107973,1,true
src/java/org/apache/poi/hssf/record/TextRecord.java,510.0,1.0,826.0,61.0,62.0,120.0,0,0.0,0.0,0.0,0,true
src/java/org/apache/poi/hssf/record/TickRecord.java,287.0,1.0,438.0,37.0,30.0,84.0,1,0.003745318352059925,760.2900763358779,29349.21060107973,1,true
src/java/org/apache/poi/hssf/record/UnicodeString.java,203.0,2.0,230.0,25.0,34.0,57.0,2,0.00749063670411985,1113.6900763358778,31290.893192986598,2,true
src/java/org/apache/poi/hssf/record/UnitsRecord.java,79.0,1.0,37.0,11.0,7.0,23.0,0,0.0,0.0,0.0,0,true
src/java/org/apache/poi/hssf/record/ValueRangeRecord.java,303.0,1.0,223.0,39.0,41.0,75.0,0,0.0,0.0,0.0,0,true
src/java/org/apache/poi/hssf/record/aggregates/RowRecordsAggregate.java,100.0,7.0,13.0,14.0,20.0,36.0,1,0.003745318352059925,223.7777777777778,1965.9194047888661,1,true
src/java/org/apache/poi/hssf/record/aggregates/ValueRecordsAggregate.java,100.0,6.0,18.0,13.0,21.0,35.0,0,0.0,0.0,0.0,0,true
src/java/org/apache/poi/hssf/record/formula/AbstractFunctionPtg.java,1136.0,1.0,83.0,14.0,14.0,30.0,2,0.00749063670411985,984.0678541136557,31315.130005868596,2,true
src/java/org/apache/poi/hssf/record/formula/AddPtg.java,48.0,1.0,36.0,9.0,3.0,15.0,2,0.00749063670411985,984.0678541136557,31315.130005868596,2,true
src/java/org/apache/poi/hssf/record/formula/Area3DPtg.java,131.0,2.0,293.0,27.0,36.0,43.0,2,0.00749063670411985,984.0678541136557,31315.130005868596,2,true
src/java/org/apache/poi/hssf/record/formula/AreaPtg.java,185.0,4.0,119.0,27.0,44.0,41.0,2,0.00749063670411985,984.0678541136557,31315.130005868596,2,true
src/java/org/apache/poi/hssf/record/formula/AttrPtg.java,127.0,3.0,143.0,22.0,32.0,42.0,2,0.00749063670411985,984.0678541136557,31315.130005868596,2,true
src/java/org/apache/poi/hssf/record/formula/ConcatPtg.java,34.0,1.0,26.0,8.0,2.0,13.0,1,0.003745318352059925,760.2900763358779,29349.21060107973,1,true
src/java/org/apache/poi/hssf/record/formula/DividePtg.java,36.0,1.0,28.0,8.0,3.0,13.0,1,0.003745318352059925,760.2900763358779,29349.21060107973,1,true
src/java/org/apache/poi/hssf/record/formula/ExpPtg.java,28.0,0.0,15.0,6.0,0.0,9.0,2,0.00749063670411985,984.0678541136557,31315.130005868596,2,true
src/java/org/apache/poi/hssf/record/formula/FormulaParser.java,501.0,5.0,566.0,41.0,116.0,105.0,2,0.00749063670411985,984.0678541136557,31315.130005868596,2,true
src/java/org/apache/poi/hssf/record/formula/FuncPtg.java,25.0,1.0,1.0,3.0,3.0,6.0,1,0.003745318352059925,223.7777777777778,1965.9194047888661,1,true
src/java/org/apache/poi/hssf/record/formula/FuncVarPtg.java,35.0,1.0,6.0,4.0,4.0,8.0,2,0.00749063670411985,984.0678541136557,31315.130005868596,2,true
src/java/org/apache/poi/hssf/record/formula/IntPtg.java,37.0,1.0,26.0,8.0,7.0,13.0,2,0.00749063670411985,984.0678541136557,31315.130005868596,2,true
src/java/org/apache/poi/hssf/record/formula/MemErrPtg.java,41.0,1.0,33.0,10.0,2.0,15.0,2,0.00749063670411985,984.0678541136557,31315.130005868596,2,true
src/java/org/apache/poi/hssf/record/formula/MissingArgPtg.java,24.0,0.0,15.0,6.0,0.0,9.0,2,0.00749063670411985,984.0678541136557,31315.130005868596,2,true
src/java/org/apache/poi/hssf/record/formula/MultiplyPtg.java,47.0,1.0,45.0,10.0,6.0,17.0,1,0.003745318352059925,760.2900763358779,29349.21060107973,1,true
src/java/org/apache/poi/hssf/record/formula/NamePtg.java,35.0,1.0,15.0,6.0,1.0,9.0,2,0.00749063670411985,984.0678541136557,31315.130005868596,2,true
src/java/org/apache/poi/hssf/record/formula/NumberPtg.java,45.0,1.0,26.0,8.0,7.0,13.0,2,0.00749063670411985,984.0678541136557,31315.130005868596,2,true
src/java/org/apache/poi/hssf/record/formula/OperationPtg.java,23.0,1.0,6.0,4.0,0.0,6.0,1,0.003745318352059925,223.7777777777778,1965.9194047888661,1,true
src/java/org/apache/poi/hssf/record/formula/ParenthesisPtg.java,36.0,1.0,36.0,9.0,0.0,15.0,2,0.00749063670411985,984.0678541136557,31315.130005868596,2,true
src/java/org/apache/poi/hssf/record/formula/PowerPtg.java,36.0,1.0,28.0,8.0,3.0,13.0,2,0.00749063670411985,984.0678541136557,31315.130005868596,2,true
src/java/org/apache/poi/hssf/record/formula/Ptg.java,174.0,2.0,34.0,9.0,8.0,21.0,2,0.00749063670411985,984.0678541136557,31315.130005868596,2,true
src/java/org/apache/poi/hssf/record/formula/Ref3DPtg.java,93.0,2.0,139.0,19.0,23.0,30.0,2,0.00749063670411985,984.0678541136557,31315.130005868596,2,true
src/java/org/apache/poi/hssf/record/formula/ReferencePtg.java,83.0,3.0,36.0,17.0,26.0,26.0,2,0.00749063670411985,984.0678541136557,31315.130005868596,2,true
src/java/org/apache/poi/hssf/record/formula/StringPtg.java,46.0,1.0,22.0,8.0,8.0,13.0,2,0.00749063670411985,984.0678541136557,31315.130005868596,2,true
src/java/org/apache/poi/hssf/record/formula/SubtractPtg.java,33.0,1.0,28.0,8.0,2.0,13.0,1,0.003745318352059925,760.2900763358779,29349.21060107973,1,true
src/java/org/apache/poi/hssf/record/formula/UnknownPtg.java,24.0,0.0,15.0,6.0,0.0,9.0,2,0.00749063670411985,984.0678541136557,31315.130005868596,2,true
src/java/org/apache/poi/hssf/usermodel/HSSFCell.java,638.0,14.0,2.0,28.0,66.0,89.0,3,0.011235955056179775,1337.4678541136557,33256.81259777546,3,true
src/java/org/apache/poi/hssf/usermodel/HSSFCellStyle.java,649.0,1.0,0.0,42.0,50.0,105.0,1,0.003745318352059925,760.2900763358779,29349.21060107973,1,true
src/java/org/apache/poi/hssf/usermodel/HSSFDateUtil.java,121.0,3.0,26.0,8.0,17.0,28.0,1,0.003745318352059925,223.7777777777778,1965.9194047888661,1,true
src/java/org/apache/poi/hssf/usermodel/HSSFFont.java,238.0,1.0,0.0,20.0,20.0,34.0,0,0.0,0.0,0.0,0,true
src/java/org/apache/poi/hssf/usermodel/HSSFFooter.java,175.0,1.0,88.0,16.0,13.0,38.0,1,0.003745318352059925,760.2900763358779,29349.21060107973,1,true
src/java/org/apache/poi/hssf/usermodel/HSSFHeader.java,175.0,1.0,88.0,16.0,13.0,38.0,1,0.003745318352059925,760.2900763358779,29349.21060107973,1,true
src/java/org/apache/poi/hssf/usermodel/HSSFName.java,88.0,9.0,0.0,8.0,18.0,13.0,2,0.00749063670411985,984.0678541136557,31315.130005868596,2,true
src/java/org/apache/poi/hssf/usermodel/HSSFPrintSetup.java,281.0,1.0,0.0,39.0,38.0,61.0,2,0.00749063670411985,984.0678541136557,31315.130005868596,2,false
src/java/org/apache/poi/hssf/usermodel/HSSFRow.java,278.0,6.0,86.0,24.0,53.0,61.0,1,0.003745318352059925,760.2900763358779,29349.21060107973,1,true
src/java/org/apache/poi/hssf/usermodel/HSSFSheet.java,487.0,12.0,0.0,52.0,111.0,124.0,2,0.00749063670411985,1113.6900763358778,31290.893192986598,2,true
src/java/org/apache/poi/hssf/usermodel/HSSFWorkbook.java,377.0,12.0,0.0,33.0,76.0,80.0,1,0.003745318352059925,760.2900763358779,29349.21060107973,1,true
src/java/org/apache/poi/hssf/util/AreaReference.java,48.0,0.0,0.0,5.0,7.0,11.0,1,0.003745318352059925,223.7777777777778,1965.9194047888661,1,true
src/java/org/apache/poi/hssf/util/CellReference.java,113.0,0.0,17.0,11.0,15.0,28.0,1,0.003745318352059925,223.7777777777778,1965.9194047888661,1,true
src/java/org/apache/poi/hssf/util/HSSFColor.java,768.0,1.0,10.0,5.0,1.0,10.0,1,0.003745318352059925,760.2900763358779,29349.21060107973,1,true
src/java/org/apache/poi/hssf/util/RKUtil.java,31.0,0.0,1.0,2.0,1.0,5.0,0,0.0,0.0,0.0,0,false
src/java/org/apache/poi/hssf/util/RangeAddress.java,282.0,0.0,291.0,30.0,52.0,100.0,0,0.0,0.0,0.0,0,true
src/java/org/apache/poi/util/CommonsLogger.java,86.0,3.0,0.0,3.0,18.0,8.0,1,0.003745318352059925,0.0,21.65903426200159,1,false
src/java/org/apache/poi/util/HexDump.java,193.0,1.0,53.0,11.0,24.0,38.0,2,0.00749063670411985,469.1142857142857,2157.6610992298592,2,true
src/java/org/apache/poi/util/HexRead.java,139.0,6.0,6.0,4.0,14.0,24.0,1,0.003745318352059925,353.4,1941.6825919068674,1,true
src/java/org/apache/poi/util/LittleEndian.java,417.0,3.0,595.0,35.0,38.0,83.0,2,0.00749063670411985,1113.6900763358778,31290.893192986598,2,true
src/java/org/apache/poi/util/NullLogger.java,291.0,1.0,231.0,22.0,0.0,40.0,1,0.003745318352059925,0.0,21.65903426200159,1,false
src/java/org/apache/poi/util/POILogFactory.java,47.0,3.0,3.0,3.0,9.0,11.0,1,0.003745318352059925,0.0,21.65903426200159,1,true
src/java/org/apache/poi/util/POILogger.java,417.0,1.0,325.0,26.0,56.0,59.0,1,0.003745318352059925,0.0,21.65903426200159,1,true
src/java/org/apache/poi/util/StringUtil.java,189.0,3.0,36.0,9.0,21.0,32.0,1,0.003745318352059925,760.2900763358779,29349.21060107973,1,true
src/java/org/apache/poi/util/SystemOutLogger.java,31.0,2.0,1.0,3.0,1.0,5.0,1,0.003745318352059925,0.0,21.65903426200159,1,true
src/scratchpad/src/org/apache/poi/generator/FieldIterator.java,66.0,0.0,4.0,5.0,10.0,19.0,1,0.003745318352059925,760.2900763358779,29349.21060107973,1,false
src/scratchpad/src/org/apache/poi/generator/RecordUtil.java,92.0,1.0,55.0,11.0,41.0,40.0,1,0.003745318352059925,760.2900763358779,29349.21060107973,1,false
src/scratchpad/src/org/apache/poi/hdf/generator/HDFFieldIterator.java,22.0,1.0,1.0,2.0,3.0,6.0,0,0.0,0.0,0.0,0,false
src/scratchpad/src/org/apache/poi/hdf/generator/HDFRecordUtil.java,69.0,1.0,21.0,7.0,17.0,22.0,0,0.0,0.0,0.0,0,false
src/scratchpad/src/org/apache/poi/hdf/model/HDFObjectFactory.java,268.0,11.0,0.0,12.0,63.0,35.0,1,0.003745318352059925,62.07407407407407,950.3133906874291,1,true
src/scratchpad/src/org/apache/poi/hdf/model/hdftypes/CharacterProperties.java,31.0,1.0,1.0,2.0,16.0,4.0,1,0.003745318352059925,62.07407407407407,950.3133906874291,1,false
src/scratchpad/src/org/apache/poi/hdf/model/hdftypes/FormattedDiskPage.java,39.0,1.0,2.0,4.0,3.0,7.0,1,0.003745318352059925,62.07407407407407,950.3133906874291,1,false
src/scratchpad/src/org/apache/poi/hdf/model/hdftypes/ParagraphProperties.java,60.0,1.0,1.0,2.0,36.0,4.0,1,0.003745318352059925,62.07407407407407,950.3133906874291,1,false
src/scratchpad/src/org/apache/poi/hdf/model/hdftypes/PropertyNode.java,53.0,0.0,0.0,5.0,1.0,14.0,1,0.003745318352059925,62.07407407407407,950.3133906874291,1,false
src/scratchpad/src/org/apache/poi/hdf/model/hdftypes/SectionProperties.java,24.0,1.0,0.0,1.0,16.0,1.0,1,0.003745318352059925,62.07407407407407,950.3133906874291,1,false
src/scratchpad/src/org/apache/poi/hdf/model/hdftypes/StyleSheet.java,1250.0,3.0,54.0,12.0,236.0,60.0,1,0.003745318352059925,62.07407407407407,950.3133906874291,1,false
src/scratchpad/src/org/apache/poi/hdf/model/hdftypes/TableCellDescriptor.java,33.0,2.0,1.0,2.0,9.0,3.0,1,0.003745318352059925,62.07407407407407,950.3133906874291,1,false
src/scratchpad/src/org/apache/poi/hdf/model/hdftypes/TableProperties.java,8.0,1.0,0.0,1.0,0.0,1.0,1,0.003745318352059925,62.07407407407407,950.3133906874291,1,false
src/scratchpad/src/org/apache/poi/hdf/model/hdftypes/TextPiece.java,25.0,0.0,0.0,2.0,0.0,4.0,1,0.003745318352059925,62.07407407407407,950.3133906874291,1,false
src/scratchpad/src/org/apache/poi/hdf/model/hdftypes/definitions/CHPAbstractType.java,926.0,5.0,8479.0,142.0,54.0,341.0,1,0.003745318352059925,62.07407407407407,950.3133906874291,1,false
src/scratchpad/src/org/apache/poi/hdf/model/hdftypes/definitions/DOPAbstractType.java,2266.0,5.0,38225.0,294.0,335.0,563.0,0,0.0,0.0,0.0,0,false
src/scratchpad/src/org/apache/poi/hdf/model/hdftypes/definitions/FIBAbstractType.java,4628.0,5.0,134570.0,524.0,303.0,1272.0,0,0.0,0.0,0.0,0,false
src/scratchpad/src/org/apache/poi/hdf/model/hdftypes/definitions/PAPAbstractType.java,926.0,5.0,9823.0,142.0,6.0,347.0,1,0.003745318352059925,62.07407407407407,950.3133906874291,1,false
src/scratchpad/src/org/apache/poi/hdf/model/hdftypes/definitions/SEPAbstractType.java,783.0,5.0,7022.0,120.0,0.0,298.0,1,0.003745318352059925,62.07407407407407,950.3133906874291,1,false
src/scratchpad/src/org/apache/poi/hdf/model/hdftypes/definitions/TAPAbstractType.java,224.0,5.0,529.0,34.0,0.0,83.0,1,0.003745318352059925,62.07407407407407,950.3133906874291,1,false
src/scratchpad/src/org/apache/poi/hdf/model/hdftypes/definitions/TCAbstractType.java,198.0,5.0,119.0,30.0,16.0,57.0,1,0.003745318352059925,62.07407407407407,950.3133906874291,1,false
src/testcases/org/apache/poi/hssf/record/TestAxisLineFormatRecord.java,25.0,1.0,1.0,3.0,7.0,5.0,0,0.0,0.0,0.0,0,false
src/testcases/org/apache/poi/hssf/record/TestAxisOptionsRecord.java,65.0,1.0,4.0,4.0,41.0,7.0,1,0.003745318352059925,760.2900763358779,29349.21060107973,1,false
src/testcases/org/apache/poi/hssf/record/TestAxisParentRecord.java,33.0,1.0,1.0,3.0,15.0,5.0,0,0.0,0.0,0.0,0,false
src/testcases/org/apache/poi/hssf/record/TestFormulaRecord.java,24.0,1.0,3.0,3.0,10.0,3.0,1,0.003745318352059925,760.2900763358779,29349.21060107973,1,true
src/testcases/org/apache/poi/hssf/record/TestLegendRecord.java,49.0,1.0,1.0,3.0,31.0,5.0,1,0.003745318352059925,760.2900763358779,29349.21060107973,1,false
src/testcases/org/apache/poi/hssf/record/TestLineFormatRecord.java,36.0,1.0,1.0,3.0,18.0,5.0,0,0.0,0.0,0.0,0,false
src/testcases/org/apache/poi/hssf/record/TestLinkedDataRecord.java,33.0,1.0,1.0,3.0,15.0,5.0,0,0.0,0.0,0.0,0,false
src/testcases/org/apache/poi/hssf/record/TestObjectLinkRecord.java,29.0,1.0,1.0,3.0,11.0,5.0,1,0.003745318352059925,760.2900763358779,29349.21060107973,1,false
src/testcases/org/apache/poi/hssf/record/TestPlotAreaRecord.java,23.0,1.0,1.0,3.0,5.0,5.0,1,0.003745318352059925,760.2900763358779,29349.21060107973,1,false
src/testcases/org/apache/poi/hssf/record/TestSCLRecord.java,27.0,1.0,1.0,3.0,9.0,5.0,2,0.00749063670411985,984.0678541136557,31315.130005868596,2,false
src/testcases/org/apache/poi/hssf/record/TestSSTDeserializer.java,64.0,4.0,0.0,6.0,21.0,11.0,1,0.003745318352059925,353.4,1941.6825919068674,1,true
src/testcases/org/apache/poi/hssf/record/TestSSTRecord.java,322.0,9.0,24.0,9.0,74.0,23.0,1,0.003745318352059925,353.4,1941.6825919068674,1,true
src/testcases/org/apache/poi/hssf/record/TestSeriesChartGroupIndexRecord.java,25.0,1.0,1.0,3.0,7.0,5.0,0,0.0,0.0,0.0,0,false
src/testcases/org/apache/poi/hssf/record/TestSeriesIndexRecord.java,25.0,1.0,1.0,3.0,7.0,5.0,1,0.003745318352059925,760.2900763358779,29349.21060107973,1,false
src/testcases/org/apache/poi/hssf/record/TestSeriesTextRecord.java,31.0,1.0,1.0,3.0,13.0,5.0,1,0.003745318352059925,760.2900763358779,29349.21060107973,1,false
src/testcases/org/apache/poi/hssf/record/TestSeriesToChartGroupRecord.java,25.0,1.0,1.0,3.0,7.0,5.0,1,0.003745318352059925,760.2900763358779,29349.21060107973,1,false
src/testcases/org/apache/poi/hssf/record/TestSheetPropertiesRecord.java,36.0,1.0,1.0,3.0,18.0,5.0,0,0.0,0.0,0.0,0,false
src/testcases/org/apache/poi/hssf/record/TestSupBookRecord.java,39.0,1.0,4.0,4.0,11.0,6.0,1,0.003745318352059925,760.2900763358779,29349.21060107973,1,true
src/testcases/org/apache/poi/hssf/record/TestTextRecord.java,73.0,1.0,1.0,3.0,55.0,5.0,0,0.0,0.0,0.0,0,false
src/testcases/org/apache/poi/hssf/record/TestTickRecord.java,59.0,1.0,4.0,4.0,35.0,7.0,1,0.003745318352059925,760.2900763358779,29349.21060107973,1,false
src/testcases/org/apache/poi/hssf/record/aggregates/TestRowRecordsAggregate.java,22.0,1.0,3.0,3.0,7.0,3.0,1,0.003745318352059925,223.7777777777778,1965.9194047888661,1,true
src/testcases/org/apache/poi/hssf/record/formula/TestFormulaParser.java,56.0,1.0,36.0,9.0,17.0,10.0,2,0.00749063670411985,984.0678541136557,31315.130005868596,2,false
src/testcases/org/apache/poi/hssf/usermodel/SanityChecker.java,51.0,6.0,6.0,4.0,22.0,10.0,0,0.0,0.0,0.0,0,false
src/testcases/org/apache/poi/hssf/usermodel/TestCellStyle.java,131.0,3.0,10.0,5.0,62.0,10.0,0,0.0,0.0,0.0,0,true
src/testcases/org/apache/poi/hssf/usermodel/TestFormulas.java,505.0,14.0,435.0,30.0,169.0,84.0,1,0.003745318352059925,223.7777777777778,1965.9194047888661,1,true
src/testcases/org/apache/poi/hssf/usermodel/TestHSSFRow.java,56.0,4.0,3.0,3.0,22.0,5.0,0,0.0,0.0,0.0,0,true
src/testcases/org/apache/poi/hssf/usermodel/TestHSSFSheet.java,101.0,7.0,15.0,6.0,48.0,10.0,0,0.0,0.0,0.0,0,true
src/testcases/org/apache/poi/hssf/usermodel/TestNamedRange.java,47.0,7.0,3.0,3.0,15.0,7.0,1,0.003745318352059925,223.7777777777778,1965.9194047888661,1,true
src/testcases/org/apache/poi/hssf/usermodel/TestReadWriteChart.java,41.0,8.0,3.0,3.0,21.0,7.0,0,0.0,0.0,0.0,0,false
src/testcases/org/apache/poi/hssf/usermodel/TestWorkbook.java,413.0,10.0,85.0,15.0,135.0,49.0,1,0.003745318352059925,760.2900763358779,29349.21060107973,1,true
src/testcases/org/apache/poi/hssf/util/TestAreaReference.java,21.0,1.0,1.0,2.0,8.0,2.0,1,0.003745318352059925,223.7777777777778,1965.9194047888661,1,true
src/testcases/org/apache/poi/hssf/util/TestCellReference.java,73.0,1.0,45.0,10.0,58.0,10.0,1,0.003745318352059925,223.7777777777778,1965.9194047888661,1,true
src/testcases/org/apache/poi/hssf/util/TestRKUtil.java,16.0,1.0,1.0,2.0,2.0,3.0,0,0.0,0.0,0.0,0,false
src/testcases/org/apache/poi/util/TestLittleEndian.java,284.0,3.0,139.0,18.0,44.0,41.0,2,0.00749063670411985,1113.6900763358778,31290.893192986598,2,true
src/testcases/org/apache/poi/util/TestPOILogFactory.java,40.0,2.0,3.0,3.0,4.0,4.0,1,0.003745318352059925,353.4,1941.6825919068674,1,false
src/testcases/org/apache/poi/util/TestPOILogger.java,26.0,1.0,1.0,2.0,3.0,4.0,1,0.003745318352059925,353.4,1941.6825919068674,1,true
