name,LOC,CBO,LCOM,NOM,RFC,WMC,numOfChanges,bccm,structuralWorkloadSum,semanticWorkloadSum,numberOfDeveloper,isBuggy
src/contrib/src/org/apache/poi/contrib/poibrowser/Codec.java,133.0,3.0,45.0,10.0,23.0,30.0,0,0.0,0.0,0.0,0,false
src/contrib/src/org/apache/poi/contrib/poibrowser/POIBrowser.java,64.0,5.0,3.0,3.0,17.0,7.0,0,0.0,0.0,0.0,0,false
src/contrib/src/org/apache/poi/contrib/poibrowser/PropertySetDescriptorRenderer.java,89.0,7.0,3.0,3.0,49.0,12.0,0,0.0,0.0,0.0,0,false
src/contrib/src/org/apache/poi/hssf/contrib/view/SVBorder.java,333.0,3.0,13.0,10.0,27.0,34.0,0,0.0,0.0,0.0,0,true
src/contrib/src/org/apache/poi/hssf/contrib/view/SVFractionalFormat.java,180.0,1.0,22.0,8.0,12.0,34.0,0,0.0,0.0,0.0,0,true
src/contrib/src/org/apache/poi/hssf/contrib/view/SVRowHeader.java,54.0,7.0,0.0,1.0,3.0,1.0,0,0.0,0.0,0.0,0,false
src/contrib/src/org/apache/poi/hssf/contrib/view/SVTableCellEditor.java,135.0,9.0,49.0,11.0,36.0,26.0,0,0.0,0.0,0.0,0,true
src/contrib/src/org/apache/poi/hssf/contrib/view/SVTableCellRenderer.java,177.0,12.0,34.0,9.0,39.0,18.0,0,0.0,0.0,0.0,0,true
src/contrib/src/org/apache/poi/hssf/contrib/view/SVTableModel.java,46.0,5.0,12.0,8.0,10.0,18.0,0,0.0,0.0,0.0,0,false
src/contrib/src/org/apache/poi/hssf/contrib/view/SVTableUtils.java,64.0,5.0,3.0,3.0,7.0,9.0,0,0.0,0.0,0.0,0,true
src/contrib/src/org/apache/poi/hssf/contrib/view/SViewer.java,144.0,9.0,97.0,15.0,35.0,32.0,0,0.0,0.0,0.0,0,false
src/contrib/src/org/apache/poi/hssf/contrib/view/SViewerPanel.java,237.0,7.0,20.0,9.0,47.0,20.0,0,0.0,0.0,0.0,0,true
src/contrib/src/org/apache/poi/hssf/usermodel/contrib/HSSFCellUtil.java,156.0,7.0,28.0,8.0,38.0,29.0,2,0.009389671361502348,629.2500651890482,17170.105041533803,2,true
src/contrib/src/org/apache/poi/hssf/usermodel/contrib/HSSFRegionUtil.java,162.0,8.0,36.0,9.0,48.0,34.0,1,0.004694835680751174,432.7076923076923,13833.237218313714,1,true
src/examples/src/org/apache/poi/hssf/usermodel/examples/BigExample.java,65.0,4.0,0.0,1.0,22.0,4.0,1,0.004694835680751174,432.7076923076923,13833.237218313714,1,false
src/examples/src/org/apache/poi/hssf/usermodel/examples/Borders.java,26.0,4.0,0.0,1.0,16.0,2.0,0,0.0,0.0,0.0,0,false
src/examples/src/org/apache/poi/hssf/usermodel/examples/ConvienceFunctions.java,22.0,4.0,0.0,1.0,11.0,2.0,2,0.009389671361502348,629.2500651890482,17170.105041533803,2,false
src/examples/src/org/apache/poi/hssf/usermodel/examples/CreateDateCells.java,23.0,4.0,0.0,1.0,10.0,2.0,1,0.004694835680751174,432.7076923076923,13833.237218313714,1,false
src/java/org/apache/poi/hpsf/ClassID.java,56.0,2.0,4.0,4.0,1.0,8.0,0,0.0,0.0,0.0,0,true
src/java/org/apache/poi/hpsf/Property.java,153.0,2.0,5.0,6.0,5.0,22.0,0,0.0,0.0,0.0,0,true
src/java/org/apache/poi/hpsf/PropertySet.java,340.0,5.0,164.0,21.0,41.0,78.0,0,0.0,0.0,0.0,0,true
src/java/org/apache/poi/hpsf/Section.java,156.0,3.0,37.0,11.0,12.0,38.0,0,0.0,0.0,0.0,0,true
src/java/org/apache/poi/hpsf/wellknown/PropertyIDMap.java,150.0,1.0,15.0,6.0,7.0,18.0,0,0.0,0.0,0.0,0,true
src/java/org/apache/poi/hssf/dev/BiffViewer.java,545.0,8.0,0.0,9.0,37.0,36.0,1,0.004694835680751174,432.7076923076923,13833.237218313714,1,true
src/java/org/apache/poi/hssf/dev/FormulaViewer.java,175.0,15.0,32.0,9.0,41.0,28.0,0,0.0,0.0,0.0,0,true
src/java/org/apache/poi/hssf/dev/HSSF.java,175.0,11.0,0.0,4.0,36.0,15.0,1,0.004694835680751174,432.7076923076923,13833.237218313714,1,true
src/java/org/apache/poi/hssf/eventmodel/HSSFEventFactory.java,121.0,9.0,15.0,6.0,13.0,26.0,2,0.009389671361502348,629.2500651890482,17170.105041533803,2,true
src/java/org/apache/poi/hssf/model/FormulaParser.java,573.0,7.0,614.0,44.0,142.0,117.0,3,0.014084507042253521,657.2500651890482,17180.98915234295,3,true
src/java/org/apache/poi/hssf/model/Sheet.java,1350.0,5.0,2856.0,88.0,292.0,232.0,3,0.014084507042253521,692.3088887184599,17425.958562419197,3,true
src/java/org/apache/poi/hssf/model/Workbook.java,1448.0,10.0,2035.0,74.0,232.0,200.0,2,0.009389671361502348,495.76651583710407,14089.09073919911,2,true
src/java/org/apache/poi/hssf/record/AreaFormatRecord.java,201.0,1.0,177.0,26.0,20.0,64.0,2,0.009389671361502348,629.2500651890482,17170.105041533803,2,true
src/java/org/apache/poi/hssf/record/AreaRecord.java,132.0,1.0,37.0,18.0,16.0,44.0,2,0.009389671361502348,629.2500651890482,17170.105041533803,2,true
src/java/org/apache/poi/hssf/record/AxisLineFormatRecord.java,98.0,1.0,40.0,12.0,7.0,25.0,2,0.009389671361502348,629.2500651890482,17170.105041533803,2,true
src/java/org/apache/poi/hssf/record/AxisOptionsRecord.java,348.0,1.0,408.0,44.0,39.0,91.0,2,0.009389671361502348,629.2500651890482,17170.105041533803,2,true
src/java/org/apache/poi/hssf/record/AxisParentRecord.java,160.0,1.0,108.0,20.0,13.0,45.0,2,0.009389671361502348,629.2500651890482,17170.105041533803,2,true
src/java/org/apache/poi/hssf/record/AxisRecord.java,163.0,1.0,108.0,20.0,13.0,45.0,2,0.009389671361502348,629.2500651890482,17170.105041533803,2,true
src/java/org/apache/poi/hssf/record/AxisUsedRecord.java,84.0,1.0,40.0,12.0,7.0,25.0,2,0.009389671361502348,629.2500651890482,17170.105041533803,2,true
src/java/org/apache/poi/hssf/record/BOFRecord.java,226.0,1.0,163.0,22.0,20.0,40.0,1,0.004694835680751174,432.7076923076923,13833.237218313714,1,true
src/java/org/apache/poi/hssf/record/BarRecord.java,183.0,1.0,76.0,24.0,21.0,59.0,2,0.009389671361502348,629.2500651890482,17170.105041533803,2,true
src/java/org/apache/poi/hssf/record/BlankRecord.java,197.0,1.0,215.0,23.0,23.0,57.0,1,0.004694835680751174,432.7076923076923,13833.237218313714,1,true
src/java/org/apache/poi/hssf/record/BoolErrRecord.java,242.0,1.0,306.0,29.0,26.0,74.0,1,0.004694835680751174,432.7076923076923,13833.237218313714,1,true
src/java/org/apache/poi/hssf/record/BottomMarginRecord.java,78.0,1.0,37.0,11.0,7.0,23.0,1,0.004694835680751174,63.05882352941177,255.8535208853953,1,true
src/java/org/apache/poi/hssf/record/BoundSheetRecord.java,175.0,2.0,136.0,20.0,24.0,42.0,0,0.0,0.0,0.0,0,true
src/java/org/apache/poi/hssf/record/CalcCountRecord.java,84.0,1.0,48.0,12.0,8.0,24.0,1,0.004694835680751174,432.7076923076923,13833.237218313714,1,true
src/java/org/apache/poi/hssf/record/CalcModeRecord.java,100.0,1.0,48.0,12.0,8.0,24.0,1,0.004694835680751174,432.7076923076923,13833.237218313714,1,true
src/java/org/apache/poi/hssf/record/CategorySeriesAxisRecord.java,183.0,1.0,118.0,24.0,19.0,49.0,2,0.009389671361502348,629.2500651890482,17170.105041533803,2,true
src/java/org/apache/poi/hssf/record/CellValueRecordInterface.java,53.0,0.0,45.0,10.0,0.0,19.0,1,0.004694835680751174,432.7076923076923,13833.237218313714,1,true
src/java/org/apache/poi/hssf/record/ChartRecord.java,135.0,1.0,85.0,18.0,11.0,40.0,2,0.009389671361502348,629.2500651890482,17170.105041533803,2,true
src/java/org/apache/poi/hssf/record/DBCellRecord.java,119.0,1.0,73.0,15.0,16.0,33.0,1,0.004694835680751174,196.54237288135593,3336.8678232200878,1,true
src/java/org/apache/poi/hssf/record/DatRecord.java,148.0,1.0,28.0,20.0,19.0,37.0,2,0.009389671361502348,629.2500651890482,17170.105041533803,2,true
src/java/org/apache/poi/hssf/record/DataFormatRecord.java,151.0,1.0,100.0,20.0,13.0,49.0,2,0.009389671361502348,629.2500651890482,17170.105041533803,2,true
src/java/org/apache/poi/hssf/record/DefaultColWidthRecord.java,80.0,1.0,48.0,12.0,8.0,24.0,1,0.004694835680751174,432.7076923076923,13833.237218313714,1,true
src/java/org/apache/poi/hssf/record/DefaultDataLabelTextPropertiesRecord.java,95.0,1.0,40.0,12.0,7.0,25.0,2,0.009389671361502348,629.2500651890482,17170.105041533803,2,true
src/java/org/apache/poi/hssf/record/DefaultRowHeightRecord.java,99.0,1.0,63.0,14.0,10.0,27.0,1,0.004694835680751174,432.7076923076923,13833.237218313714,1,true
src/java/org/apache/poi/hssf/record/DeltaRecord.java,80.0,1.0,48.0,12.0,8.0,22.0,1,0.004694835680751174,432.7076923076923,13833.237218313714,1,true
src/java/org/apache/poi/hssf/record/DimensionsRecord.java,142.0,1.0,101.0,18.0,16.0,39.0,1,0.004694835680751174,432.7076923076923,13833.237218313714,1,true
src/java/org/apache/poi/hssf/record/EOFRecord.java,62.0,1.0,39.0,10.0,4.0,19.0,1,0.004694835680751174,432.7076923076923,13833.237218313714,1,true
src/java/org/apache/poi/hssf/record/ExtendedFormatRecord.java,1132.0,2.0,3249.0,95.0,127.0,204.0,0,0.0,0.0,0.0,0,true
src/java/org/apache/poi/hssf/record/ExternSheetRecord.java,139.0,2.0,59.0,14.0,18.0,31.0,0,0.0,0.0,0.0,0,true
src/java/org/apache/poi/hssf/record/FontBasisRecord.java,152.0,1.0,108.0,20.0,11.0,45.0,2,0.009389671361502348,629.2500651890482,17170.105041533803,2,true
src/java/org/apache/poi/hssf/record/FontIndexRecord.java,84.0,1.0,40.0,12.0,7.0,25.0,2,0.009389671361502348,629.2500651890482,17170.105041533803,2,true
src/java/org/apache/poi/hssf/record/FontRecord.java,353.0,3.0,496.0,37.0,42.0,69.0,1,0.004694835680751174,196.54237288135593,3336.8678232200878,1,true
src/java/org/apache/poi/hssf/record/FooterRecord.java,115.0,2.0,63.0,14.0,12.0,28.0,2,0.009389671361502348,495.76651583710407,14089.09073919911,2,true
src/java/org/apache/poi/hssf/record/FormatRecord.java,130.0,2.0,73.0,15.0,13.0,38.0,2,0.009389671361502348,495.76651583710407,14089.09073919911,2,true
src/java/org/apache/poi/hssf/record/FormulaRecord.java,348.0,4.0,460.0,37.0,63.0,97.0,2,0.009389671361502348,629.2500651890482,17170.105041533803,2,true
src/java/org/apache/poi/hssf/record/FrameRecord.java,141.0,1.0,61.0,18.0,14.0,38.0,2,0.009389671361502348,629.2500651890482,17170.105041533803,2,true
src/java/org/apache/poi/hssf/record/GridsetRecord.java,86.0,1.0,40.0,12.0,6.0,25.0,1,0.004694835680751174,432.7076923076923,13833.237218313714,1,true
src/java/org/apache/poi/hssf/record/GutsRecord.java,136.0,1.0,105.0,18.0,14.0,35.0,1,0.004694835680751174,432.7076923076923,13833.237218313714,1,true
src/java/org/apache/poi/hssf/record/HCenterRecord.java,84.0,1.0,40.0,12.0,6.0,24.0,1,0.004694835680751174,432.7076923076923,13833.237218313714,1,true
src/java/org/apache/poi/hssf/record/HeaderRecord.java,116.0,2.0,63.0,14.0,11.0,28.0,2,0.009389671361502348,495.76651583710407,14089.09073919911,2,true
src/java/org/apache/poi/hssf/record/IndexRecord.java,124.0,2.0,97.0,18.0,22.0,36.0,1,0.004694835680751174,432.7076923076923,13833.237218313714,1,true
src/java/org/apache/poi/hssf/record/IterationRecord.java,87.0,1.0,40.0,12.0,6.0,26.0,1,0.004694835680751174,432.7076923076923,13833.237218313714,1,true
src/java/org/apache/poi/hssf/record/LabelRecord.java,169.0,2.0,203.0,22.0,11.0,52.0,1,0.004694835680751174,432.7076923076923,13833.237218313714,1,true
src/java/org/apache/poi/hssf/record/LabelSSTRecord.java,187.0,1.0,252.0,25.0,27.0,57.0,1,0.004694835680751174,432.7076923076923,13833.237218313714,1,true
src/java/org/apache/poi/hssf/record/LeftMarginRecord.java,78.0,1.0,37.0,11.0,7.0,23.0,1,0.004694835680751174,63.05882352941177,255.8535208853953,1,true
src/java/org/apache/poi/hssf/record/LegendRecord.java,313.0,1.0,268.0,36.0,33.0,77.0,2,0.009389671361502348,629.2500651890482,17170.105041533803,2,true
src/java/org/apache/poi/hssf/record/LineFormatRecord.java,243.0,1.0,153.0,26.0,22.0,64.0,2,0.009389671361502348,629.2500651890482,17170.105041533803,2,true
src/java/org/apache/poi/hssf/record/LinkedDataRecord.java,196.0,1.0,127.0,22.0,14.0,56.0,2,0.009389671361502348,629.2500651890482,17170.105041533803,2,true
src/java/org/apache/poi/hssf/record/Margin.java,15.0,1.0,1.0,2.0,0.0,4.0,1,0.004694835680751174,63.05882352941177,255.8535208853953,1,false
src/java/org/apache/poi/hssf/record/MulBlankRecord.java,131.0,1.0,75.0,14.0,12.0,33.0,0,0.0,0.0,0.0,0,true
src/java/org/apache/poi/hssf/record/NameRecord.java,551.0,10.0,826.0,48.0,67.0,101.0,1,0.004694835680751174,432.7076923076923,13833.237218313714,1,true
src/java/org/apache/poi/hssf/record/NumberFormatIndexRecord.java,84.0,1.0,40.0,12.0,7.0,29.0,2,0.009389671361502348,629.2500651890482,17170.105041533803,2,true
src/java/org/apache/poi/hssf/record/NumberRecord.java,203.0,2.0,252.0,25.0,27.0,61.0,1,0.004694835680751174,432.7076923076923,13833.237218313714,1,true
src/java/org/apache/poi/hssf/record/ObjectLinkRecord.java,135.0,1.0,66.0,16.0,9.0,35.0,2,0.009389671361502348,629.2500651890482,17170.105041533803,2,true
src/java/org/apache/poi/hssf/record/PaletteRecord.java,70.0,3.0,18.0,9.0,9.0,20.0,0,0.0,0.0,0.0,0,true
src/java/org/apache/poi/hssf/record/PlotAreaRecord.java,67.0,1.0,39.0,10.0,4.0,20.0,2,0.009389671361502348,629.2500651890482,17170.105041533803,2,true
src/java/org/apache/poi/hssf/record/PlotGrowthRecord.java,101.0,1.0,51.0,14.0,9.0,30.0,2,0.009389671361502348,629.2500651890482,17170.105041533803,2,true
src/java/org/apache/poi/hssf/record/PrintGridlinesRecord.java,84.0,1.0,40.0,12.0,6.0,24.0,1,0.004694835680751174,432.7076923076923,13833.237218313714,1,true
src/java/org/apache/poi/hssf/record/PrintHeadersRecord.java,85.0,1.0,40.0,12.0,6.0,24.0,1,0.004694835680751174,432.7076923076923,13833.237218313714,1,true
src/java/org/apache/poi/hssf/record/PrintSetupRecord.java,244.0,2.0,642.0,48.0,53.0,76.0,1,0.004694835680751174,432.7076923076923,13833.237218313714,1,true
src/java/org/apache/poi/hssf/record/RKRecord.java,191.0,2.0,242.0,24.0,31.0,51.0,1,0.004694835680751174,432.7076923076923,13833.237218313714,1,true
src/java/org/apache/poi/hssf/record/Record.java,132.0,0.0,81.0,15.0,10.0,36.0,1,0.004694835680751174,432.7076923076923,13833.237218313714,1,true
src/java/org/apache/poi/hssf/record/RecordFactory.java,161.0,5.0,4.0,5.0,31.0,24.0,0,0.0,0.0,0.0,0,true
src/java/org/apache/poi/hssf/record/RefModeRecord.java,85.0,1.0,48.0,12.0,8.0,22.0,1,0.004694835680751174,432.7076923076923,13833.237218313714,1,true
src/java/org/apache/poi/hssf/record/RightMarginRecord.java,78.0,1.0,37.0,11.0,7.0,23.0,1,0.004694835680751174,63.05882352941177,255.8535208853953,1,true
src/java/org/apache/poi/hssf/record/RowRecord.java,318.0,2.0,408.0,37.0,38.0,80.0,1,0.004694835680751174,432.7076923076923,13833.237218313714,1,true
src/java/org/apache/poi/hssf/record/SCLRecord.java,101.0,1.0,51.0,14.0,8.0,30.0,2,0.009389671361502348,629.2500651890482,17170.105041533803,2,true
src/java/org/apache/poi/hssf/record/SSTRecord.java,359.0,6.0,83.0,23.0,36.0,55.0,0,0.0,0.0,0.0,0,true
src/java/org/apache/poi/hssf/record/SSTRecordSizeCalculator.java,140.0,4.0,0.0,8.0,18.0,22.0,0,0.0,0.0,0.0,0,true
src/java/org/apache/poi/hssf/record/SSTSerializer.java,115.0,4.0,0.0,10.0,29.0,27.0,0,0.0,0.0,0.0,0,true
src/java/org/apache/poi/hssf/record/SaveRecalcRecord.java,79.0,1.0,40.0,12.0,6.0,24.0,1,0.004694835680751174,432.7076923076923,13833.237218313714,1,true
src/java/org/apache/poi/hssf/record/SelectionRecord.java,163.0,2.0,132.0,20.0,16.0,36.0,1,0.004694835680751174,432.7076923076923,13833.237218313714,1,true
src/java/org/apache/poi/hssf/record/SeriesChartGroupIndexRecord.java,84.0,1.0,40.0,12.0,7.0,25.0,2,0.009389671361502348,629.2500651890482,17170.105041533803,2,true
src/java/org/apache/poi/hssf/record/SeriesIndexRecord.java,84.0,1.0,40.0,12.0,7.0,25.0,2,0.009389671361502348,629.2500651890482,17170.105041533803,2,true
src/java/org/apache/poi/hssf/record/SeriesLabelsRecord.java,180.0,1.0,0.0,24.0,25.0,59.0,2,0.009389671361502348,629.2500651890482,17170.105041533803,2,true
src/java/org/apache/poi/hssf/record/SeriesListRecord.java,84.0,1.0,30.0,12.0,7.0,25.0,2,0.009389671361502348,629.2500651890482,17170.105041533803,2,true
src/java/org/apache/poi/hssf/record/SeriesRecord.java,211.0,1.0,135.0,22.0,12.0,50.0,2,0.009389671361502348,629.2500651890482,17170.105041533803,2,true
src/java/org/apache/poi/hssf/record/SeriesTextRecord.java,135.0,1.0,75.0,18.0,12.0,40.0,2,0.009389671361502348,629.2500651890482,17170.105041533803,2,true
src/java/org/apache/poi/hssf/record/SeriesToChartGroupRecord.java,84.0,1.0,40.0,12.0,7.0,25.0,2,0.009389671361502348,629.2500651890482,17170.105041533803,2,true
src/java/org/apache/poi/hssf/record/SheetPropertiesRecord.java,192.0,1.0,46.0,24.0,23.0,47.0,2,0.009389671361502348,629.2500651890482,17170.105041533803,2,true
src/java/org/apache/poi/hssf/record/StringRecord.java,131.0,2.0,55.0,15.0,15.0,37.0,1,0.004694835680751174,196.54237288135593,3336.8678232200878,1,true
src/java/org/apache/poi/hssf/record/TextRecord.java,526.0,1.0,779.0,62.0,62.0,122.0,2,0.009389671361502348,629.2500651890482,17170.105041533803,2,true
src/java/org/apache/poi/hssf/record/TickRecord.java,301.0,1.0,415.0,38.0,30.0,86.0,2,0.009389671361502348,629.2500651890482,17170.105041533803,2,true
src/java/org/apache/poi/hssf/record/TopMarginRecord.java,78.0,1.0,37.0,11.0,7.0,23.0,1,0.004694835680751174,63.05882352941177,255.8535208853953,1,true
src/java/org/apache/poi/hssf/record/UnicodeString.java,218.0,2.0,230.0,25.0,34.0,58.0,0,0.0,0.0,0.0,0,true
src/java/org/apache/poi/hssf/record/UnitsRecord.java,84.0,1.0,40.0,12.0,7.0,25.0,2,0.009389671361502348,629.2500651890482,17170.105041533803,2,true
src/java/org/apache/poi/hssf/record/UnknownRecord.java,94.0,1.0,1.0,10.0,6.0,20.0,1,0.004694835680751174,432.7076923076923,13833.237218313714,1,true
src/java/org/apache/poi/hssf/record/VCenterRecord.java,84.0,1.0,40.0,12.0,6.0,24.0,1,0.004694835680751174,432.7076923076923,13833.237218313714,1,true
src/java/org/apache/poi/hssf/record/WSBoolRecord.java,224.0,2.0,167.0,30.0,33.0,58.0,1,0.004694835680751174,432.7076923076923,13833.237218313714,1,true
src/java/org/apache/poi/hssf/record/WindowTwoRecord.java,388.0,2.0,306.0,48.0,58.0,93.0,1,0.004694835680751174,432.7076923076923,13833.237218313714,1,true
src/java/org/apache/poi/hssf/record/aggregates/FormulaRecordAggregate.java,95.0,1.0,0.0,22.0,14.0,55.0,1,0.004694835680751174,196.54237288135593,3336.8678232200878,1,true
src/java/org/apache/poi/hssf/record/aggregates/RowRecordsAggregate.java,112.0,7.0,27.0,15.0,25.0,39.0,1,0.004694835680751174,432.7076923076923,13833.237218313714,1,true
src/java/org/apache/poi/hssf/record/aggregates/ValueRecordsAggregate.java,120.0,4.0,31.0,14.0,27.0,39.0,2,0.009389671361502348,629.2500651890482,17170.105041533803,2,true
src/java/org/apache/poi/hssf/record/formula/AbstractFunctionPtg.java,1142.0,3.0,77.0,14.0,14.0,30.0,1,0.004694835680751174,432.7076923076923,13833.237218313714,1,true
src/java/org/apache/poi/hssf/record/formula/AddPtg.java,52.0,2.0,45.0,10.0,2.0,17.0,1,0.004694835680751174,432.7076923076923,13833.237218313714,1,true
src/java/org/apache/poi/hssf/record/formula/Area3DPtg.java,184.0,7.0,264.0,32.0,59.0,49.0,2,0.009389671361502348,629.2500651890482,17170.105041533803,2,true
src/java/org/apache/poi/hssf/record/formula/AreaPtg.java,196.0,5.0,130.0,29.0,44.0,44.0,1,0.004694835680751174,432.7076923076923,13833.237218313714,1,true
src/java/org/apache/poi/hssf/record/formula/AttrPtg.java,143.0,4.0,144.0,24.0,33.0,46.0,1,0.004694835680751174,432.7076923076923,13833.237218313714,1,true
src/java/org/apache/poi/hssf/record/formula/ConcatPtg.java,38.0,2.0,34.0,9.0,2.0,15.0,1,0.004694835680751174,432.7076923076923,13833.237218313714,1,true
src/java/org/apache/poi/hssf/record/formula/DividePtg.java,42.0,2.0,36.0,9.0,3.0,15.0,1,0.004694835680751174,432.7076923076923,13833.237218313714,1,true
src/java/org/apache/poi/hssf/record/formula/EqualPtg.java,39.0,2.0,36.0,9.0,3.0,15.0,1,0.004694835680751174,432.7076923076923,13833.237218313714,1,true
src/java/org/apache/poi/hssf/record/formula/ExpPtg.java,32.0,1.0,21.0,7.0,0.0,11.0,1,0.004694835680751174,432.7076923076923,13833.237218313714,1,true
src/java/org/apache/poi/hssf/record/formula/FuncPtg.java,36.0,1.0,8.0,5.0,3.0,9.0,1,0.004694835680751174,432.7076923076923,13833.237218313714,1,true
src/java/org/apache/poi/hssf/record/formula/FuncVarPtg.java,46.0,1.0,15.0,6.0,4.0,11.0,1,0.004694835680751174,432.7076923076923,13833.237218313714,1,true
src/java/org/apache/poi/hssf/record/formula/IntPtg.java,45.0,2.0,39.0,10.0,7.0,16.0,1,0.004694835680751174,432.7076923076923,13833.237218313714,1,true
src/java/org/apache/poi/hssf/record/formula/MemErrPtg.java,48.0,2.0,33.0,11.0,2.0,17.0,1,0.004694835680751174,432.7076923076923,13833.237218313714,1,true
src/java/org/apache/poi/hssf/record/formula/MissingArgPtg.java,28.0,1.0,21.0,7.0,0.0,11.0,1,0.004694835680751174,432.7076923076923,13833.237218313714,1,true
src/java/org/apache/poi/hssf/record/formula/MultiplyPtg.java,52.0,2.0,55.0,11.0,6.0,19.0,1,0.004694835680751174,432.7076923076923,13833.237218313714,1,true
src/java/org/apache/poi/hssf/record/formula/NamePtg.java,45.0,2.0,26.0,8.0,1.0,12.0,1,0.004694835680751174,432.7076923076923,13833.237218313714,1,true
src/java/org/apache/poi/hssf/record/formula/NumberPtg.java,53.0,2.0,39.0,10.0,7.0,16.0,1,0.004694835680751174,432.7076923076923,13833.237218313714,1,true
src/java/org/apache/poi/hssf/record/formula/ParenthesisPtg.java,40.0,2.0,45.0,10.0,0.0,17.0,1,0.004694835680751174,432.7076923076923,13833.237218313714,1,true
src/java/org/apache/poi/hssf/record/formula/PowerPtg.java,40.0,2.0,36.0,9.0,3.0,15.0,1,0.004694835680751174,432.7076923076923,13833.237218313714,1,true
src/java/org/apache/poi/hssf/record/formula/Ptg.java,179.0,3.0,43.0,10.0,8.0,22.0,2,0.009389671361502348,629.2500651890482,17170.105041533803,2,true
src/java/org/apache/poi/hssf/record/formula/Ref3DPtg.java,117.0,6.0,113.0,22.0,37.0,34.0,1,0.004694835680751174,432.7076923076923,13833.237218313714,1,true
src/java/org/apache/poi/hssf/record/formula/ReferencePtg.java,92.0,4.0,47.0,19.0,26.0,29.0,1,0.004694835680751174,432.7076923076923,13833.237218313714,1,true
src/java/org/apache/poi/hssf/record/formula/StringPtg.java,54.0,2.0,33.0,10.0,8.0,16.0,2,0.009389671361502348,460.7076923076923,13844.121329122863,2,true
src/java/org/apache/poi/hssf/record/formula/SubtractPtg.java,37.0,2.0,36.0,9.0,2.0,15.0,1,0.004694835680751174,432.7076923076923,13833.237218313714,1,true
src/java/org/apache/poi/hssf/record/formula/UnknownPtg.java,28.0,1.0,21.0,7.0,0.0,11.0,1,0.004694835680751174,432.7076923076923,13833.237218313714,1,true
src/java/org/apache/poi/hssf/usermodel/HSSFCell.java,653.0,17.0,18.0,29.0,73.0,93.0,2,0.009389671361502348,629.2500651890482,17170.105041533803,2,true
src/java/org/apache/poi/hssf/usermodel/HSSFCellStyle.java,656.0,1.0,0.0,42.0,50.0,110.0,1,0.004694835680751174,432.7076923076923,13833.237218313714,1,true
src/java/org/apache/poi/hssf/usermodel/HSSFDataFormat.java,202.0,7.0,0.0,8.0,30.0,32.0,3,0.014084507042253521,692.3088887184599,17425.958562419197,3,true
src/java/org/apache/poi/hssf/usermodel/HSSFName.java,90.0,10.0,0.0,8.0,18.0,13.0,0,0.0,0.0,0.0,0,true
src/java/org/apache/poi/hssf/usermodel/HSSFSheet.java,522.0,13.0,0.0,56.0,118.0,131.0,2,0.009389671361502348,495.76651583710407,14089.09073919911,2,true
src/java/org/apache/poi/hssf/usermodel/HSSFWorkbook.java,483.0,17.0,40.0,41.0,109.0,104.0,3,0.014084507042253521,692.3088887184599,17425.958562419197,3,true
src/java/org/apache/poi/hssf/util/HSSFColor.java,819.0,1.0,13.0,6.0,2.0,13.0,0,0.0,0.0,0.0,0,true
src/java/org/apache/poi/hssf/util/SheetReferences.java,17.0,2.0,0.0,3.0,2.0,4.0,0,0.0,0.0,0.0,0,false
src/java/org/apache/poi/poifs/filesystem/POIFSFileSystem.java,243.0,20.0,106.0,17.0,74.0,51.0,1,0.004694835680751174,432.7076923076923,13833.237218313714,1,true
src/java/org/apache/poi/poifs/property/PropertyConstants.java,9.0,0.0,0.0,0.0,0.0,0.0,0,0.0,0.0,0.0,0,false
src/java/org/apache/poi/poifs/storage/HeaderBlockConstants.java,16.0,6.0,0.0,0.0,0.0,0.0,1,0.004694835680751174,432.7076923076923,13833.237218313714,1,true
src/java/org/apache/poi/poifs/storage/HeaderBlockWriter.java,117.0,7.0,0.0,7.0,9.0,14.0,1,0.004694835680751174,432.7076923076923,13833.237218313714,1,true
src/java/org/apache/poi/poifs/storage/SmallBlockTableWriter.java,78.0,5.0,3.0,6.0,16.0,16.0,1,0.004694835680751174,432.7076923076923,13833.237218313714,1,true
src/java/org/apache/poi/util/HexDump.java,191.0,1.0,53.0,11.0,26.0,38.0,1,0.004694835680751174,432.7076923076923,13833.237218313714,1,true
src/java/org/apache/poi/util/LittleEndian.java,418.0,3.0,595.0,35.0,39.0,85.0,1,0.004694835680751174,196.54237288135593,3336.8678232200878,1,true
src/java/org/apache/poi/util/StringUtil.java,203.0,3.0,45.0,10.0,22.0,34.0,1,0.004694835680751174,432.7076923076923,13833.237218313714,1,true
src/scratchpad/src/org/apache/poi/hdf/event/EventBridge.java,311.0,5.0,112.0,20.0,84.0,44.0,0,0.0,0.0,0.0,0,false
src/scratchpad/src/org/apache/poi/hdf/event/HDFLowLevelParsingListener.java,15.0,8.0,78.0,13.0,0.0,13.0,0,0.0,0.0,0.0,0,false
src/scratchpad/src/org/apache/poi/hdf/event/HDFParsingListener.java,11.0,5.0,36.0,9.0,0.0,9.0,0,0.0,0.0,0.0,0,false
src/scratchpad/src/org/apache/poi/hdf/extractor/WordDocument.java,1272.0,10.0,848.0,48.0,218.0,154.0,1,0.004694835680751174,0.0,0.0,1,true
src/scratchpad/src/org/apache/poi/hdf/model/HDFDocument.java,11.0,4.0,1.0,2.0,0.0,4.0,0,0.0,0.0,0.0,0,false
src/scratchpad/src/org/apache/poi/hdf/model/HDFObjectFactory.java,378.0,15.0,0.0,16.0,117.0,55.0,0,0.0,0.0,0.0,0,true
src/scratchpad/src/org/apache/poi/hdf/model/HDFObjectModel.java,81.0,10.0,89.0,14.0,5.0,14.0,0,0.0,0.0,0.0,0,false
src/scratchpad/src/org/apache/poi/hdf/model/hdftypes/CHPFormattedDiskPage.java,39.0,1.0,1.0,2.0,2.0,5.0,0,0.0,0.0,0.0,0,false
src/scratchpad/src/org/apache/poi/hdf/model/hdftypes/FormattedDiskPage.java,52.0,1.0,2.0,5.0,3.0,8.0,0,0.0,0.0,0.0,0,false
src/scratchpad/src/org/apache/poi/hdf/model/hdftypes/HeaderFooter.java,34.0,0.0,0.0,4.0,0.0,9.0,0,0.0,0.0,0.0,0,false
src/scratchpad/src/org/apache/poi/hdf/model/hdftypes/PAPFormattedDiskPage.java,41.0,1.0,1.0,2.0,2.0,6.0,0,0.0,0.0,0.0,0,false
src/scratchpad/src/org/apache/poi/hdf/model/hdftypes/PlexOfCps.java,43.0,0.0,0.0,4.0,0.0,8.0,0,0.0,0.0,0.0,0,false
src/scratchpad/src/org/apache/poi/hdf/model/hdftypes/StyleSheet.java,1250.0,3.0,54.0,12.0,236.0,60.0,0,0.0,0.0,0.0,0,false
src/scratchpad/src/org/apache/poi/hdf/model/util/BTreeSet.java,497.0,2.0,30.0,12.0,11.0,26.0,0,0.0,0.0,0.0,0,true
src/scratchpad/src/org/apache/poi/hdf/model/util/NumberFormatter.java,35.0,0.0,1.0,2.0,1.0,4.0,0,0.0,0.0,0.0,0,false
src/scratchpad/src/org/apache/poi/hdf/model/util/ParsingState.java,22.0,1.0,0.0,5.0,0.0,8.0,0,0.0,0.0,0.0,0,false
src/testcases/org/apache/poi/hpsf/basic/POIFile.java,29.0,1.0,9.0,6.0,0.0,9.0,0,0.0,0.0,0.0,0,false
src/testcases/org/apache/poi/hpsf/basic/TestBasic.java,92.0,4.0,3.0,6.0,21.0,16.0,0,0.0,0.0,0.0,0,false
src/testcases/org/apache/poi/hpsf/basic/Util.java,81.0,3.0,6.0,4.0,40.0,16.0,0,0.0,0.0,0.0,0,false
src/testcases/org/apache/poi/hssf/model/TestFormulaParser.java,56.0,2.0,36.0,9.0,17.0,10.0,1,0.004694835680751174,432.7076923076923,13833.237218313714,1,true
src/testcases/org/apache/poi/hssf/record/TestBoundSheetRecord.java,24.0,1.0,3.0,3.0,10.0,5.0,0,0.0,0.0,0.0,0,true
src/testcases/org/apache/poi/hssf/record/TestSSTRecordSizeCalculator.java,63.0,6.0,0.0,9.0,33.0,16.0,0,0.0,0.0,0.0,0,false
src/testcases/org/apache/poi/hssf/record/TestStringRecord.java,25.0,1.0,1.0,3.0,7.0,5.0,0,0.0,0.0,0.0,0,false
src/testcases/org/apache/poi/hssf/usermodel/TestCellStyle.java,128.0,3.0,10.0,5.0,59.0,10.0,1,0.004694835680751174,432.7076923076923,13833.237218313714,1,true
src/testcases/org/apache/poi/hssf/usermodel/TestFormulas.java,600.0,14.0,528.0,33.0,216.0,90.0,2,0.009389671361502348,460.7076923076923,13844.121329122863,2,true
src/testcases/org/apache/poi/hssf/usermodel/TestHSSFSheet.java,112.0,7.0,21.0,7.0,57.0,12.0,2,0.009389671361502348,495.76651583710407,14089.09073919911,2,true
src/testcases/org/apache/poi/hssf/usermodel/TestNamedRange.java,53.0,7.0,3.0,3.0,20.0,7.0,1,0.004694835680751174,196.54237288135593,3336.8678232200878,1,true
src/testcases/org/apache/poi/hssf/usermodel/TestWorkbook.java,431.0,10.0,100.0,16.0,144.0,53.0,2,0.009389671361502348,495.76651583710407,14089.09073919911,2,true
src/testcases/org/apache/poi/hssf/util/TestSheetReferences.java,22.0,1.0,1.0,2.0,4.0,3.0,0,0.0,0.0,0.0,0,false
src/testcases/org/apache/poi/poifs/storage/TestHeaderBlockWriter.java,140.0,5.0,15.0,6.0,21.0,15.0,1,0.004694835680751174,432.7076923076923,13833.237218313714,1,true
src/testcases/org/apache/poi/util/TestLittleEndian.java,293.0,3.0,139.0,18.0,47.0,42.0,1,0.004694835680751174,196.54237288135593,3336.8678232200878,1,true
src/testcases/org/apache/poi/util/TestStringUtil.java,150.0,2.0,45.0,10.0,24.0,24.0,1,0.004694835680751174,432.7076923076923,13833.237218313714,1,true
