name,LOC,CBO,LCOM,NOM,RFC,WMC,numOfChanges,bccm,structuralWorkloadSum,semanticWorkloadSum,numberOfDeveloper,isBuggy
src/contrib/src/org/apache/poi/hssf/contrib/view/SVFractionalFormat.java,180.0,1.0,22.0,8.0,12.0,34.0,0,0.0,0.0,0.0,0,true
src/contrib/src/org/apache/poi/hssf/contrib/view/SVRowHeader.java,54.0,7.0,0.0,1.0,3.0,1.0,0,0.0,0.0,0.0,0,false
src/contrib/src/org/apache/poi/hssf/contrib/view/SVTableCellEditor.java,135.0,9.0,49.0,11.0,36.0,26.0,0,0.0,0.0,0.0,0,true
src/contrib/src/org/apache/poi/hssf/contrib/view/SVTableCellRenderer.java,177.0,12.0,34.0,9.0,39.0,18.0,0,0.0,0.0,0.0,0,true
src/contrib/src/org/apache/poi/hssf/contrib/view/SVTableModel.java,46.0,5.0,12.0,8.0,10.0,18.0,0,0.0,0.0,0.0,0,false
src/contrib/src/org/apache/poi/hssf/contrib/view/SVTableUtils.java,64.0,5.0,3.0,3.0,7.0,9.0,0,0.0,0.0,0.0,0,true
src/contrib/src/org/apache/poi/hssf/contrib/view/SViewer.java,144.0,9.0,97.0,15.0,35.0,32.0,0,0.0,0.0,0.0,0,false
src/contrib/src/org/apache/poi/hssf/contrib/view/SViewerPanel.java,237.0,7.0,20.0,9.0,47.0,20.0,0,0.0,0.0,0.0,0,true
src/contrib/src/org/apache/poi/hssf/usermodel/contrib/HSSFCellUtil.java,169.0,7.0,28.0,8.0,38.0,29.0,0,0.0,0.0,0.0,0,true
src/contrib/src/org/apache/poi/hssf/usermodel/contrib/HSSFRegionUtil.java,162.0,8.0,36.0,9.0,48.0,34.0,0,0.0,0.0,0.0,0,true
src/examples/src/org/apache/poi/hssf/usermodel/examples/Alignment.java,35.0,3.0,1.0,2.0,10.0,4.0,0,0.0,0.0,0.0,0,false
src/examples/src/org/apache/poi/hssf/usermodel/examples/BigExample.java,65.0,4.0,0.0,1.0,22.0,4.0,0,0.0,0.0,0.0,0,false
src/examples/src/org/apache/poi/hssf/usermodel/examples/Borders.java,26.0,4.0,0.0,1.0,16.0,2.0,0,0.0,0.0,0.0,0,false
src/examples/src/org/apache/poi/hssf/usermodel/examples/CellTypes.java,15.0,7.0,0.0,1.0,7.0,2.0,0,0.0,0.0,0.0,0,false
src/examples/src/org/apache/poi/hssf/usermodel/examples/CreateCells.java,19.0,6.0,0.0,1.0,6.0,2.0,0,0.0,0.0,0.0,0,false
src/examples/src/org/apache/poi/hssf/usermodel/examples/CreateDateCells.java,23.0,4.0,0.0,1.0,10.0,2.0,0,0.0,0.0,0.0,0,false
src/examples/src/org/apache/poi/hssf/usermodel/examples/FrillsAndFills.java,26.0,4.0,0.0,1.0,11.0,2.0,0,0.0,0.0,0.0,0,false
src/examples/src/org/apache/poi/hssf/usermodel/examples/MergedCells.java,17.0,4.0,0.0,1.0,7.0,2.0,0,0.0,0.0,0.0,0,false
src/examples/src/org/apache/poi/hssf/usermodel/examples/NewLinesInCells.java,29.0,3.0,0.0,1.0,14.0,2.0,0,0.0,0.0,0.0,0,false
src/examples/src/org/apache/poi/hssf/usermodel/examples/NewSheet.java,14.0,4.0,0.0,1.0,3.0,2.0,0,0.0,0.0,0.0,0,true
src/examples/src/org/apache/poi/hssf/usermodel/examples/NewWorkbook.java,12.0,3.0,0.0,1.0,2.0,2.0,0,0.0,0.0,0.0,0,false
src/examples/src/org/apache/poi/hssf/usermodel/examples/ReadWriteWorkbook.java,20.0,8.0,0.0,1.0,8.0,3.0,0,0.0,0.0,0.0,0,false
src/examples/src/org/apache/poi/hssf/usermodel/examples/RepeatingRowsAndColumns.java,26.0,5.0,0.0,1.0,13.0,2.0,0,0.0,0.0,0.0,0,false
src/examples/src/org/apache/poi/hssf/usermodel/examples/SplitAndFreezePanes.java,19.0,4.0,0.0,1.0,5.0,2.0,0,0.0,0.0,0.0,0,false
src/examples/src/org/apache/poi/hssf/usermodel/examples/WorkingWithFonts.java,24.0,3.0,0.0,1.0,14.0,2.0,0,0.0,0.0,0.0,0,false
src/examples/src/org/apache/poi/hssf/usermodel/examples/ZoomSheet.java,14.0,4.0,0.0,1.0,4.0,2.0,0,0.0,0.0,0.0,0,false
src/java/org/apache/poi/dev/RecordGenerator.java,67.0,5.0,1.0,2.0,24.0,11.0,0,0.0,0.0,0.0,0,false
src/java/org/apache/poi/hssf/dev/BiffViewer.java,551.0,8.0,0.0,9.0,37.0,36.0,0,0.0,0.0,0.0,0,true
src/java/org/apache/poi/hssf/dev/EFBiffViewer.java,45.0,7.0,8.0,5.0,12.0,12.0,0,0.0,0.0,0.0,0,true
src/java/org/apache/poi/hssf/dev/EFHSSF.java,99.0,9.0,9.0,6.0,29.0,17.0,0,0.0,0.0,0.0,0,false
src/java/org/apache/poi/hssf/dev/FormulaViewer.java,175.0,15.0,32.0,9.0,41.0,28.0,0,0.0,0.0,0.0,0,true
src/java/org/apache/poi/hssf/dev/HSSF.java,175.0,11.0,0.0,4.0,36.0,15.0,1,0.005494505494505495,17.333333333333332,185.84952386841474,1,true
src/java/org/apache/poi/hssf/eventmodel/ERFListener.java,15.0,1.0,0.0,1.0,0.0,4.0,0,0.0,0.0,0.0,0,false
src/java/org/apache/poi/hssf/eventmodel/EventRecordFactory.java,249.0,87.0,12.0,9.0,39.0,41.0,0,0.0,0.0,0.0,0,true
src/java/org/apache/poi/hssf/eventmodel/ModelFactory.java,73.0,10.0,2.0,5.0,10.0,14.0,0,0.0,0.0,0.0,0,true
src/java/org/apache/poi/hssf/eventmodel/ModelFactoryListener.java,13.0,1.0,0.0,1.0,0.0,2.0,0,0.0,0.0,0.0,0,false
src/java/org/apache/poi/hssf/eventusermodel/AbortableHSSFListener.java,32.0,2.0,1.0,2.0,0.0,5.0,0,0.0,0.0,0.0,0,false
src/java/org/apache/poi/hssf/eventusermodel/HSSFEventFactory.java,120.0,9.0,15.0,6.0,12.0,26.0,0,0.0,0.0,0.0,0,true
src/java/org/apache/poi/hssf/eventusermodel/HSSFListener.java,14.0,1.0,0.0,1.0,0.0,1.0,0,0.0,0.0,0.0,0,false
src/java/org/apache/poi/hssf/eventusermodel/HSSFRequest.java,84.0,5.0,0.0,4.0,10.0,14.0,0,0.0,0.0,0.0,0,true
src/java/org/apache/poi/hssf/model/FormulaParser.java,728.0,6.0,650.0,53.0,183.0,147.0,0,0.0,0.0,0.0,0,true
src/java/org/apache/poi/hssf/model/Sheet.java,1582.0,5.0,3527.0,98.0,338.0,264.0,4,0.02197802197802198,290.46233766233763,1887.355120678671,4,true
src/java/org/apache/poi/hssf/model/Workbook.java,1568.0,9.0,2593.0,83.0,290.0,236.0,2,0.01098901098901099,136.13333333333333,1664.070622205685,2,true
src/java/org/apache/poi/hssf/model/WorkbookRecordList.java,138.0,5.0,225.0,27.0,45.0,43.0,0,0.0,0.0,0.0,0,true
src/java/org/apache/poi/hssf/record/AreaFormatRecord.java,209.0,1.0,177.0,26.0,21.0,64.0,0,0.0,0.0,0.0,0,true
src/java/org/apache/poi/hssf/record/AreaRecord.java,135.0,1.0,37.0,18.0,17.0,44.0,0,0.0,0.0,0.0,0,true
src/java/org/apache/poi/hssf/record/AxisLineFormatRecord.java,101.0,1.0,40.0,12.0,8.0,25.0,0,0.0,0.0,0.0,0,true
src/java/org/apache/poi/hssf/record/AxisOptionsRecord.java,359.0,1.0,408.0,44.0,40.0,91.0,0,0.0,0.0,0.0,0,true
src/java/org/apache/poi/hssf/record/AxisParentRecord.java,167.0,1.0,108.0,20.0,14.0,45.0,0,0.0,0.0,0.0,0,true
src/java/org/apache/poi/hssf/record/AxisRecord.java,170.0,1.0,108.0,20.0,14.0,45.0,0,0.0,0.0,0.0,0,true
src/java/org/apache/poi/hssf/record/AxisUsedRecord.java,87.0,1.0,40.0,12.0,8.0,25.0,0,0.0,0.0,0.0,0,true
src/java/org/apache/poi/hssf/record/BOFRecord.java,226.0,1.0,163.0,22.0,20.0,40.0,0,0.0,0.0,0.0,0,true
src/java/org/apache/poi/hssf/record/BackupRecord.java,74.0,1.0,43.0,11.0,8.0,20.0,0,0.0,0.0,0.0,0,true
src/java/org/apache/poi/hssf/record/BarRecord.java,187.0,1.0,86.0,24.0,22.0,59.0,0,0.0,0.0,0.0,0,true
src/java/org/apache/poi/hssf/record/BeginRecord.java,54.0,1.0,30.0,9.0,4.0,17.0,0,0.0,0.0,0.0,0,true
src/java/org/apache/poi/hssf/record/BlankRecord.java,197.0,1.0,215.0,23.0,23.0,57.0,0,0.0,0.0,0.0,0,true
src/java/org/apache/poi/hssf/record/BookBoolRecord.java,74.0,1.0,37.0,11.0,7.0,20.0,0,0.0,0.0,0.0,0,true
src/java/org/apache/poi/hssf/record/BoolErrRecord.java,248.0,1.0,321.0,30.0,26.0,75.0,0,0.0,0.0,0.0,0,true
src/java/org/apache/poi/hssf/record/BottomMarginRecord.java,83.0,1.0,40.0,12.0,7.0,25.0,2,0.01098901098901099,106.57142857142857,260.00123349216955,2,true
src/java/org/apache/poi/hssf/record/BoundSheetRecord.java,175.0,2.0,136.0,20.0,25.0,42.0,0,0.0,0.0,0.0,0,true
src/java/org/apache/poi/hssf/record/CalcCountRecord.java,84.0,1.0,48.0,12.0,8.0,24.0,0,0.0,0.0,0.0,0,true
src/java/org/apache/poi/hssf/record/CalcModeRecord.java,100.0,1.0,48.0,12.0,8.0,24.0,0,0.0,0.0,0.0,0,true
src/java/org/apache/poi/hssf/record/CategorySeriesAxisRecord.java,189.0,1.0,118.0,24.0,20.0,49.0,0,0.0,0.0,0.0,0,true
src/java/org/apache/poi/hssf/record/CellValueRecordInterface.java,53.0,0.0,45.0,10.0,0.0,19.0,0,0.0,0.0,0.0,0,true
src/java/org/apache/poi/hssf/record/ChartFormatRecord.java,104.0,2.0,121.0,19.0,18.0,32.0,0,0.0,0.0,0.0,0,true
src/java/org/apache/poi/hssf/record/ChartRecord.java,141.0,1.0,85.0,18.0,12.0,40.0,0,0.0,0.0,0.0,0,true
src/java/org/apache/poi/hssf/record/CodepageRecord.java,81.0,1.0,43.0,11.0,8.0,22.0,0,0.0,0.0,0.0,0,true
src/java/org/apache/poi/hssf/record/ColumnInfoRecord.java,214.0,2.0,189.0,26.0,24.0,51.0,0,0.0,0.0,0.0,0,true
src/java/org/apache/poi/hssf/record/ContinueRecord.java,138.0,2.0,46.0,13.0,12.0,24.0,1,0.005494505494505495,118.8,1478.2210983372702,1,true
src/java/org/apache/poi/hssf/record/CountryRecord.java,92.0,1.0,60.0,13.0,10.0,23.0,0,0.0,0.0,0.0,0,true
src/java/org/apache/poi/hssf/record/DBCellRecord.java,119.0,1.0,73.0,15.0,16.0,33.0,0,0.0,0.0,0.0,0,true
src/java/org/apache/poi/hssf/record/DSFRecord.java,74.0,1.0,43.0,11.0,8.0,20.0,0,0.0,0.0,0.0,0,true
src/java/org/apache/poi/hssf/record/DatRecord.java,151.0,1.0,28.0,20.0,20.0,37.0,0,0.0,0.0,0.0,0,true
src/java/org/apache/poi/hssf/record/DataFormatRecord.java,157.0,1.0,100.0,20.0,14.0,49.0,0,0.0,0.0,0.0,0,true
src/java/org/apache/poi/hssf/record/DateWindow1904Record.java,74.0,1.0,43.0,11.0,8.0,20.0,0,0.0,0.0,0.0,0,true
src/java/org/apache/poi/hssf/record/DefaultColWidthRecord.java,80.0,1.0,48.0,12.0,8.0,24.0,0,0.0,0.0,0.0,0,true
src/java/org/apache/poi/hssf/record/DefaultDataLabelTextPropertiesRecord.java,98.0,1.0,40.0,12.0,8.0,25.0,0,0.0,0.0,0.0,0,true
src/java/org/apache/poi/hssf/record/DefaultRowHeightRecord.java,99.0,1.0,63.0,14.0,10.0,27.0,0,0.0,0.0,0.0,0,true
src/java/org/apache/poi/hssf/record/DeltaRecord.java,80.0,1.0,48.0,12.0,8.0,22.0,0,0.0,0.0,0.0,0,true
src/java/org/apache/poi/hssf/record/DimensionsRecord.java,142.0,1.0,101.0,18.0,16.0,39.0,0,0.0,0.0,0.0,0,true
src/java/org/apache/poi/hssf/record/EOFRecord.java,62.0,1.0,39.0,10.0,4.0,19.0,0,0.0,0.0,0.0,0,true
src/java/org/apache/poi/hssf/record/EndRecord.java,54.0,1.0,30.0,9.0,4.0,17.0,0,0.0,0.0,0.0,0,true
src/java/org/apache/poi/hssf/record/ExtSSTInfoSubRecord.java,65.0,1.0,64.0,13.0,12.0,19.0,1,0.005494505494505495,17.333333333333332,185.84952386841474,1,false
src/java/org/apache/poi/hssf/record/ExtSSTRecord.java,108.0,2.0,45.0,15.0,24.0,30.0,1,0.005494505494505495,17.333333333333332,185.84952386841474,1,true
src/java/org/apache/poi/hssf/record/ExtendedFormatRecord.java,1132.0,2.0,3249.0,95.0,127.0,204.0,0,0.0,0.0,0.0,0,true
src/java/org/apache/poi/hssf/record/ExternSheetRecord.java,139.0,2.0,59.0,14.0,18.0,31.0,1,0.005494505494505495,17.333333333333332,185.84952386841474,1,true
src/java/org/apache/poi/hssf/record/FnGroupCountRecord.java,78.0,1.0,43.0,11.0,7.0,20.0,0,0.0,0.0,0.0,0,true
src/java/org/apache/poi/hssf/record/FontBasisRecord.java,159.0,1.0,108.0,20.0,12.0,45.0,0,0.0,0.0,0.0,0,true
src/java/org/apache/poi/hssf/record/FontIndexRecord.java,87.0,1.0,40.0,12.0,8.0,25.0,0,0.0,0.0,0.0,0,true
src/java/org/apache/poi/hssf/record/FontRecord.java,355.0,3.0,496.0,37.0,43.0,70.0,0,0.0,0.0,0.0,0,true
src/java/org/apache/poi/hssf/record/FooterRecord.java,115.0,2.0,63.0,14.0,13.0,28.0,0,0.0,0.0,0.0,0,true
src/java/org/apache/poi/hssf/record/FormatRecord.java,147.0,2.0,66.0,17.0,14.0,43.0,0,0.0,0.0,0.0,0,true
src/java/org/apache/poi/hssf/record/FormulaRecord.java,366.0,4.0,460.0,37.0,67.0,99.0,3,0.016483516483516484,246.46233766233766,1828.0830931046135,3,true
src/java/org/apache/poi/hssf/record/FrameRecord.java,145.0,1.0,61.0,18.0,15.0,38.0,0,0.0,0.0,0.0,0,true
src/java/org/apache/poi/hssf/record/GridsetRecord.java,86.0,1.0,40.0,12.0,6.0,25.0,0,0.0,0.0,0.0,0,true
src/java/org/apache/poi/hssf/record/GutsRecord.java,136.0,1.0,105.0,18.0,14.0,35.0,0,0.0,0.0,0.0,0,true
src/java/org/apache/poi/hssf/record/HCenterRecord.java,84.0,1.0,40.0,12.0,6.0,24.0,0,0.0,0.0,0.0,0,true
src/java/org/apache/poi/hssf/record/HeaderRecord.java,116.0,2.0,63.0,14.0,12.0,28.0,0,0.0,0.0,0.0,0,true
src/java/org/apache/poi/hssf/record/HideObjRecord.java,82.0,1.0,43.0,11.0,8.0,20.0,0,0.0,0.0,0.0,0,true
src/java/org/apache/poi/hssf/record/IndexRecord.java,124.0,2.0,97.0,18.0,22.0,36.0,0,0.0,0.0,0.0,0,true
src/java/org/apache/poi/hssf/record/InterfaceEndRecord.java,56.0,1.0,30.0,9.0,4.0,17.0,0,0.0,0.0,0.0,0,true
src/java/org/apache/poi/hssf/record/InterfaceHdrRecord.java,79.0,1.0,43.0,11.0,8.0,22.0,0,0.0,0.0,0.0,0,true
src/java/org/apache/poi/hssf/record/IterationRecord.java,87.0,1.0,40.0,12.0,6.0,26.0,0,0.0,0.0,0.0,0,true
src/java/org/apache/poi/hssf/record/LabelRecord.java,169.0,2.0,203.0,22.0,12.0,52.0,0,0.0,0.0,0.0,0,true
src/java/org/apache/poi/hssf/record/LabelSSTRecord.java,187.0,1.0,252.0,25.0,27.0,57.0,0,0.0,0.0,0.0,0,true
src/java/org/apache/poi/hssf/record/LeftMarginRecord.java,83.0,1.0,40.0,12.0,7.0,25.0,1,0.005494505494505495,6.0,35.319034292683014,1,true
src/java/org/apache/poi/hssf/record/LegendRecord.java,322.0,1.0,268.0,36.0,34.0,77.0,0,0.0,0.0,0.0,0,true
src/java/org/apache/poi/hssf/record/LineFormatRecord.java,250.0,1.0,153.0,26.0,23.0,64.0,0,0.0,0.0,0.0,0,true
src/java/org/apache/poi/hssf/record/LinkedDataFormulaField.java,66.0,4.0,6.0,9.0,23.0,24.0,0,0.0,0.0,0.0,0,false
src/java/org/apache/poi/hssf/record/LinkedDataRecord.java,205.0,1.0,117.0,22.0,19.0,57.0,0,0.0,0.0,0.0,0,true
src/java/org/apache/poi/hssf/record/MMSRecord.java,92.0,1.0,60.0,13.0,9.0,23.0,0,0.0,0.0,0.0,0,true
src/java/org/apache/poi/hssf/record/Margin.java,15.0,1.0,1.0,2.0,0.0,4.0,1,0.005494505494505495,6.0,35.319034292683014,1,false
src/java/org/apache/poi/hssf/record/MergeCellsRecord.java,180.0,2.0,11.0,15.0,14.0,33.0,0,0.0,0.0,0.0,0,false
src/java/org/apache/poi/hssf/record/MulBlankRecord.java,131.0,1.0,75.0,14.0,12.0,33.0,0,0.0,0.0,0.0,0,true
src/java/org/apache/poi/hssf/record/MulRKRecord.java,128.0,3.0,85.0,15.0,18.0,36.0,0,0.0,0.0,0.0,0,true
src/java/org/apache/poi/hssf/record/NameRecord.java,662.0,10.0,1212.0,56.0,85.0,119.0,2,0.01098901098901099,219.37142857142857,1702.9032975367568,2,true
src/java/org/apache/poi/hssf/record/NumberFormatIndexRecord.java,87.0,1.0,40.0,12.0,8.0,29.0,0,0.0,0.0,0.0,0,true
src/java/org/apache/poi/hssf/record/NumberRecord.java,203.0,2.0,252.0,25.0,27.0,61.0,0,0.0,0.0,0.0,0,true
src/java/org/apache/poi/hssf/record/ObjectLinkRecord.java,140.0,1.0,66.0,16.0,10.0,35.0,0,0.0,0.0,0.0,0,true
src/java/org/apache/poi/hssf/record/PaletteRecord.java,125.0,3.0,40.0,13.0,15.0,31.0,0,0.0,0.0,0.0,0,true
src/java/org/apache/poi/hssf/record/PaneRecord.java,173.0,1.0,108.0,20.0,12.0,45.0,0,0.0,0.0,0.0,0,true
src/java/org/apache/poi/hssf/record/PasswordRecord.java,73.0,1.0,43.0,11.0,8.0,20.0,1,0.005494505494505495,118.8,1478.2210983372702,1,true
src/java/org/apache/poi/hssf/record/PasswordRev4Record.java,74.0,1.0,43.0,11.0,8.0,20.0,0,0.0,0.0,0.0,0,true
src/java/org/apache/poi/hssf/record/PlotAreaRecord.java,69.0,1.0,39.0,10.0,4.0,20.0,0,0.0,0.0,0.0,0,true
src/java/org/apache/poi/hssf/record/PlotGrowthRecord.java,105.0,1.0,51.0,14.0,10.0,30.0,0,0.0,0.0,0.0,0,true
src/java/org/apache/poi/hssf/record/PrecisionRecord.java,79.0,1.0,37.0,11.0,6.0,22.0,0,0.0,0.0,0.0,0,true
src/java/org/apache/poi/hssf/record/PrintGridlinesRecord.java,84.0,1.0,40.0,12.0,6.0,24.0,0,0.0,0.0,0.0,0,true
src/java/org/apache/poi/hssf/record/PrintHeadersRecord.java,85.0,1.0,40.0,12.0,6.0,24.0,0,0.0,0.0,0.0,0,true
src/java/org/apache/poi/hssf/record/PrintSetupRecord.java,244.0,2.0,642.0,48.0,53.0,76.0,0,0.0,0.0,0.0,0,true
src/java/org/apache/poi/hssf/record/ProtectRecord.java,85.0,1.0,48.0,12.0,8.0,24.0,0,0.0,0.0,0.0,0,true
src/java/org/apache/poi/hssf/record/ProtectionRev4Record.java,79.0,1.0,43.0,11.0,8.0,22.0,0,0.0,0.0,0.0,0,true
src/java/org/apache/poi/hssf/record/RKRecord.java,191.0,2.0,242.0,24.0,31.0,51.0,0,0.0,0.0,0.0,0,true
src/java/org/apache/poi/hssf/record/RecalcIdRecord.java,100.0,1.0,58.0,13.0,7.0,26.0,0,0.0,0.0,0.0,0,true
src/java/org/apache/poi/hssf/record/Record.java,118.0,0.0,105.0,15.0,10.0,36.0,1,0.005494505494505495,17.333333333333332,185.84952386841474,1,true
src/java/org/apache/poi/hssf/record/RecordFactory.java,164.0,5.0,4.0,5.0,31.0,25.0,0,0.0,0.0,0.0,0,true
src/java/org/apache/poi/hssf/record/RecordFormatException.java,9.0,0.0,0.0,1.0,0.0,1.0,0,0.0,0.0,0.0,0,false
src/java/org/apache/poi/hssf/record/RecordProcessor.java,73.0,2.0,0.0,9.0,10.0,18.0,1,0.005494505494505495,17.333333333333332,185.84952386841474,1,true
src/java/org/apache/poi/hssf/record/RefModeRecord.java,85.0,1.0,48.0,12.0,8.0,22.0,0,0.0,0.0,0.0,0,true
src/java/org/apache/poi/hssf/record/RefreshAllRecord.java,79.0,1.0,37.0,11.0,6.0,22.0,0,0.0,0.0,0.0,0,true
src/java/org/apache/poi/hssf/record/RightMarginRecord.java,83.0,1.0,40.0,12.0,7.0,25.0,1,0.005494505494505495,6.0,35.319034292683014,1,true
src/java/org/apache/poi/hssf/record/RowRecord.java,318.0,2.0,408.0,37.0,38.0,80.0,0,0.0,0.0,0.0,0,true
src/java/org/apache/poi/hssf/record/SCLRecord.java,105.0,1.0,51.0,14.0,9.0,30.0,0,0.0,0.0,0.0,0,true
src/java/org/apache/poi/hssf/record/SSTDeserializer.java,360.0,3.0,133.0,23.0,55.0,59.0,0,0.0,0.0,0.0,0,true
src/java/org/apache/poi/hssf/record/SSTRecord.java,399.0,5.0,106.0,25.0,42.0,63.0,1,0.005494505494505495,17.333333333333332,185.84952386841474,1,true
src/java/org/apache/poi/hssf/record/SSTRecordHeader.java,32.0,2.0,0.0,2.0,2.0,4.0,0,0.0,0.0,0.0,0,false
src/java/org/apache/poi/hssf/record/SSTRecordSizeCalculator.java,142.0,4.0,0.0,8.0,18.0,22.0,1,0.005494505494505495,17.333333333333332,185.84952386841474,1,true
src/java/org/apache/poi/hssf/record/SSTSerializer.java,146.0,4.0,0.0,12.0,31.0,32.0,1,0.005494505494505495,17.333333333333332,185.84952386841474,1,true
src/java/org/apache/poi/hssf/record/SaveRecalcRecord.java,79.0,1.0,40.0,12.0,6.0,24.0,0,0.0,0.0,0.0,0,true
src/java/org/apache/poi/hssf/record/SelectionRecord.java,163.0,2.0,132.0,20.0,16.0,36.0,0,0.0,0.0,0.0,0,true
src/java/org/apache/poi/hssf/record/SeriesChartGroupIndexRecord.java,87.0,1.0,40.0,12.0,8.0,25.0,0,0.0,0.0,0.0,0,true
src/java/org/apache/poi/hssf/record/SeriesIndexRecord.java,87.0,1.0,40.0,12.0,8.0,25.0,0,0.0,0.0,0.0,0,true
src/java/org/apache/poi/hssf/record/SeriesLabelsRecord.java,183.0,1.0,0.0,24.0,26.0,59.0,0,0.0,0.0,0.0,0,true
src/java/org/apache/poi/hssf/record/SeriesListRecord.java,87.0,1.0,30.0,12.0,8.0,25.0,0,0.0,0.0,0.0,0,true
src/java/org/apache/poi/hssf/record/SeriesRecord.java,219.0,1.0,135.0,22.0,13.0,50.0,0,0.0,0.0,0.0,0,true
src/java/org/apache/poi/hssf/record/SeriesTextRecord.java,141.0,1.0,75.0,18.0,13.0,40.0,0,0.0,0.0,0.0,0,true
src/java/org/apache/poi/hssf/record/SeriesToChartGroupRecord.java,87.0,1.0,40.0,12.0,8.0,25.0,0,0.0,0.0,0.0,0,true
src/java/org/apache/poi/hssf/record/SharedFormulaRecord.java,94.0,1.0,27.0,11.0,8.0,25.0,1,0.005494505494505495,27.090909090909093,125.17979556785667,1,true
src/java/org/apache/poi/hssf/record/SheetPropertiesRecord.java,196.0,1.0,46.0,24.0,24.0,47.0,0,0.0,0.0,0.0,0,true
src/java/org/apache/poi/hssf/record/StringRecord.java,138.0,2.0,52.0,16.0,16.0,39.0,0,0.0,0.0,0.0,0,true
src/java/org/apache/poi/hssf/record/StyleRecord.java,214.0,2.0,198.0,24.0,27.0,57.0,1,0.005494505494505495,118.8,1478.2210983372702,1,true
src/java/org/apache/poi/hssf/record/SupBookRecord.java,92.0,1.0,50.0,13.0,8.0,26.0,0,0.0,0.0,0.0,0,true
src/java/org/apache/poi/hssf/record/TabIdRecord.java,86.0,1.0,37.0,11.0,7.0,23.0,0,0.0,0.0,0.0,0,true
src/java/org/apache/poi/hssf/record/TextRecord.java,540.0,1.0,779.0,62.0,63.0,122.0,0,0.0,0.0,0.0,0,true
src/java/org/apache/poi/hssf/record/TickRecord.java,313.0,1.0,415.0,38.0,31.0,86.0,0,0.0,0.0,0.0,0,true
src/java/org/apache/poi/hssf/record/TopMarginRecord.java,83.0,1.0,40.0,12.0,7.0,25.0,1,0.005494505494505495,6.0,35.319034292683014,1,true
src/java/org/apache/poi/hssf/record/UnicodeString.java,227.0,3.0,230.0,25.0,37.0,60.0,0,0.0,0.0,0.0,0,true
src/java/org/apache/poi/hssf/record/UnitsRecord.java,87.0,1.0,40.0,12.0,8.0,25.0,0,0.0,0.0,0.0,0,true
src/java/org/apache/poi/hssf/record/UnknownRecord.java,94.0,1.0,1.0,10.0,6.0,20.0,1,0.005494505494505495,17.333333333333332,185.84952386841474,1,true
src/java/org/apache/poi/hssf/record/UseSelFSRecord.java,80.0,1.0,43.0,11.0,8.0,22.0,0,0.0,0.0,0.0,0,true
src/java/org/apache/poi/hssf/record/VCenterRecord.java,84.0,1.0,40.0,12.0,6.0,24.0,0,0.0,0.0,0.0,0,true
src/java/org/apache/poi/hssf/record/ValueRangeRecord.java,321.0,1.0,198.0,40.0,42.0,77.0,0,0.0,0.0,0.0,0,true
src/java/org/apache/poi/hssf/record/WSBoolRecord.java,224.0,2.0,167.0,30.0,33.0,58.0,0,0.0,0.0,0.0,0,true
src/java/org/apache/poi/hssf/record/WindowOneRecord.java,299.0,2.0,456.0,37.0,39.0,59.0,0,0.0,0.0,0.0,0,true
src/java/org/apache/poi/hssf/record/WindowProtectRecord.java,78.0,1.0,37.0,11.0,6.0,22.0,0,0.0,0.0,0.0,0,true
src/java/org/apache/poi/hssf/record/WindowTwoRecord.java,388.0,2.0,306.0,48.0,58.0,93.0,0,0.0,0.0,0.0,0,true
src/java/org/apache/poi/hssf/record/WriteAccessRecord.java,89.0,2.0,37.0,11.0,14.0,24.0,0,0.0,0.0,0.0,0,true
src/java/org/apache/poi/hssf/record/aggregates/FormulaRecordAggregate.java,138.0,1.0,0.0,27.0,17.0,65.0,2,0.01098901098901099,219.37142857142857,1702.9032975367568,2,true
src/java/org/apache/poi/hssf/record/aggregates/RowRecordsAggregate.java,99.0,7.0,31.0,14.0,20.0,33.0,2,0.01098901098901099,127.66233766233766,349.8619947673432,2,true
src/java/org/apache/poi/hssf/record/aggregates/ValueRecordsAggregate.java,123.0,4.0,31.0,14.0,28.0,39.0,1,0.005494505494505495,27.090909090909093,125.17979556785667,1,true
src/java/org/apache/poi/hssf/record/formula/AbstractFunctionPtg.java,1140.0,3.0,77.0,14.0,14.0,29.0,0,0.0,0.0,0.0,0,true
src/java/org/apache/poi/hssf/record/formula/AddPtg.java,52.0,2.0,45.0,10.0,2.0,17.0,0,0.0,0.0,0.0,0,true
src/java/org/apache/poi/hssf/record/formula/Area3DPtg.java,198.0,7.0,227.0,34.0,52.0,54.0,1,0.005494505494505495,118.8,1478.2210983372702,1,true
src/java/org/apache/poi/hssf/record/formula/AreaPtg.java,196.0,5.0,130.0,29.0,44.0,44.0,1,0.005494505494505495,118.8,1478.2210983372702,1,true
src/java/org/apache/poi/hssf/record/formula/AttrPtg.java,148.0,4.0,146.0,25.0,31.0,47.0,0,0.0,0.0,0.0,0,true
src/java/org/apache/poi/hssf/record/formula/BoolPtg.java,45.0,2.0,3.0,10.0,1.0,16.0,0,0.0,0.0,0.0,0,true
src/java/org/apache/poi/hssf/record/formula/ConcatPtg.java,38.0,2.0,34.0,9.0,2.0,15.0,0,0.0,0.0,0.0,0,true
src/java/org/apache/poi/hssf/record/formula/DividePtg.java,42.0,2.0,36.0,9.0,3.0,15.0,0,0.0,0.0,0.0,0,true
src/java/org/apache/poi/hssf/record/formula/EqualPtg.java,39.0,2.0,36.0,9.0,3.0,15.0,0,0.0,0.0,0.0,0,true
src/java/org/apache/poi/hssf/record/formula/ExpPtg.java,40.0,1.0,15.0,7.0,3.0,14.0,1,0.005494505494505495,100.57142857142857,224.68219919948655,1,true
src/java/org/apache/poi/hssf/record/formula/FuncPtg.java,52.0,1.0,15.0,7.0,6.0,13.0,1,0.005494505494505495,118.8,1478.2210983372702,1,true
src/java/org/apache/poi/hssf/record/formula/FuncVarPtg.java,55.0,1.0,28.0,8.0,7.0,15.0,1,0.005494505494505495,118.8,1478.2210983372702,1,true
src/java/org/apache/poi/hssf/record/formula/GreaterEqualPtg.java,40.0,1.0,36.0,9.0,3.0,15.0,1,0.005494505494505495,118.8,1478.2210983372702,1,true
src/java/org/apache/poi/hssf/record/formula/GreaterThanPtg.java,83.0,2.0,43.0,10.0,2.0,20.0,0,0.0,0.0,0.0,0,true
src/java/org/apache/poi/hssf/record/formula/IntPtg.java,45.0,2.0,39.0,10.0,7.0,16.0,0,0.0,0.0,0.0,0,true
src/java/org/apache/poi/hssf/record/formula/LessEqualPtg.java,40.0,1.0,36.0,9.0,3.0,15.0,1,0.005494505494505495,118.8,1478.2210983372702,1,true
src/java/org/apache/poi/hssf/record/formula/LessThanPtg.java,94.0,2.0,43.0,10.0,2.0,20.0,0,0.0,0.0,0.0,0,true
src/java/org/apache/poi/hssf/record/formula/MemErrPtg.java,48.0,2.0,33.0,11.0,2.0,17.0,0,0.0,0.0,0.0,0,true
src/java/org/apache/poi/hssf/record/formula/MemFuncPtg.java,44.0,2.0,15.0,10.0,2.0,17.0,0,0.0,0.0,0.0,0,true
src/java/org/apache/poi/hssf/record/formula/MissingArgPtg.java,28.0,1.0,21.0,7.0,0.0,11.0,0,0.0,0.0,0.0,0,true
src/java/org/apache/poi/hssf/record/formula/MultiplyPtg.java,52.0,2.0,55.0,11.0,6.0,19.0,0,0.0,0.0,0.0,0,true
src/java/org/apache/poi/hssf/record/formula/NamePtg.java,45.0,2.0,26.0,8.0,1.0,12.0,1,0.005494505494505495,118.8,1478.2210983372702,1,true
src/java/org/apache/poi/hssf/record/formula/NameXPtg.java,48.0,2.0,22.0,8.0,2.0,12.0,1,0.005494505494505495,118.8,1478.2210983372702,1,true
src/java/org/apache/poi/hssf/record/formula/NotEqualPtg.java,40.0,2.0,36.0,9.0,3.0,15.0,1,0.005494505494505495,118.8,1478.2210983372702,1,true
src/java/org/apache/poi/hssf/record/formula/NumberPtg.java,53.0,2.0,39.0,10.0,7.0,16.0,0,0.0,0.0,0.0,0,true
src/java/org/apache/poi/hssf/record/formula/OperationPtg.java,23.0,1.0,6.0,4.0,0.0,6.0,0,0.0,0.0,0.0,0,true
src/java/org/apache/poi/hssf/record/formula/ParenthesisPtg.java,40.0,2.0,45.0,10.0,0.0,17.0,0,0.0,0.0,0.0,0,true
src/java/org/apache/poi/hssf/record/formula/PowerPtg.java,40.0,2.0,36.0,9.0,3.0,15.0,0,0.0,0.0,0.0,0,true
src/java/org/apache/poi/hssf/record/formula/Ptg.java,208.0,3.0,43.0,10.0,8.0,22.0,1,0.005494505494505495,118.8,1478.2210983372702,1,true
src/java/org/apache/poi/hssf/record/formula/Ref3DPtg.java,117.0,6.0,113.0,22.0,37.0,34.0,1,0.005494505494505495,118.8,1478.2210983372702,1,true
src/java/org/apache/poi/hssf/record/formula/ReferencePtg.java,92.0,4.0,47.0,19.0,26.0,29.0,1,0.005494505494505495,118.8,1478.2210983372702,1,true
src/java/org/apache/poi/hssf/record/formula/StringPtg.java,54.0,2.0,33.0,10.0,8.0,16.0,1,0.005494505494505495,118.8,1478.2210983372702,1,true
src/java/org/apache/poi/hssf/record/formula/SubtractPtg.java,37.0,2.0,36.0,9.0,2.0,15.0,0,0.0,0.0,0.0,0,true
src/java/org/apache/poi/hssf/record/formula/UnionPtg.java,41.0,1.0,36.0,9.0,2.0,15.0,0,0.0,0.0,0.0,0,true
src/java/org/apache/poi/hssf/record/formula/UnknownPtg.java,28.0,1.0,21.0,7.0,0.0,11.0,0,0.0,0.0,0.0,0,true
src/java/org/apache/poi/hssf/usermodel/HSSFCell.java,667.0,17.0,31.0,30.0,77.0,96.0,1,0.005494505494505495,27.090909090909093,125.17979556785667,1,true
src/java/org/apache/poi/hssf/usermodel/HSSFCellStyle.java,656.0,1.0,0.0,42.0,50.0,110.0,0,0.0,0.0,0.0,0,true
src/java/org/apache/poi/hssf/usermodel/HSSFDataFormat.java,207.0,6.0,0.0,8.0,32.0,32.0,0,0.0,0.0,0.0,0,true
src/java/org/apache/poi/hssf/usermodel/HSSFDateUtil.java,164.0,3.0,43.0,10.0,19.0,34.0,0,0.0,0.0,0.0,0,true
src/java/org/apache/poi/hssf/usermodel/HSSFErrorConstants.java,13.0,0.0,0.0,0.0,0.0,0.0,0,0.0,0.0,0.0,0,false
src/java/org/apache/poi/hssf/usermodel/HSSFFont.java,238.0,1.0,0.0,20.0,20.0,34.0,0,0.0,0.0,0.0,0,true
src/java/org/apache/poi/hssf/usermodel/HSSFFooter.java,175.0,1.0,88.0,16.0,13.0,38.0,1,0.005494505494505495,44.0,59.27202757405755,1,true
src/java/org/apache/poi/hssf/usermodel/HSSFHeader.java,175.0,1.0,88.0,16.0,13.0,38.0,1,0.005494505494505495,44.0,59.27202757405755,1,true
src/java/org/apache/poi/hssf/usermodel/HSSFName.java,78.0,4.0,0.0,7.0,15.0,11.0,0,0.0,0.0,0.0,0,true
src/java/org/apache/poi/hssf/usermodel/HSSFPalette.java,96.0,2.0,0.0,4.0,3.0,10.0,1,0.005494505494505495,118.8,1478.2210983372702,1,true
src/java/org/apache/poi/hssf/usermodel/HSSFPrintSetup.java,249.0,1.0,0.0,39.0,38.0,61.0,1,0.005494505494505495,44.0,59.27202757405755,1,false
src/java/org/apache/poi/hssf/usermodel/HSSFRow.java,278.0,6.0,86.0,24.0,53.0,61.0,1,0.005494505494505495,27.090909090909093,125.17979556785667,1,true
src/java/org/apache/poi/hssf/usermodel/HSSFSheet.java,701.0,17.0,103.0,66.0,163.0,157.0,3,0.016483516483516484,171.66233766233765,409.1340223414008,3,true
src/java/org/apache/poi/hssf/usermodel/HSSFWorkbook.java,656.0,30.0,52.0,52.0,157.0,138.0,2,0.01098901098901099,71.0909090909091,184.45182314191422,2,true
src/java/org/apache/poi/hssf/util/AreaReference.java,56.0,0.0,0.0,5.0,7.0,13.0,1,0.005494505494505495,100.57142857142857,224.68219919948655,1,true
src/java/org/apache/poi/hssf/util/CellReference.java,122.0,0.0,26.0,12.0,16.0,30.0,1,0.005494505494505495,100.57142857142857,224.68219919948655,1,true
src/java/org/apache/poi/hssf/util/HSSFColor.java,978.0,1.0,15.0,6.0,2.0,13.0,0,0.0,0.0,0.0,0,true
src/java/org/apache/poi/hssf/util/RKUtil.java,31.0,0.0,1.0,2.0,1.0,5.0,0,0.0,0.0,0.0,0,false
src/java/org/apache/poi/hssf/util/RangeAddress.java,291.0,0.0,291.0,30.0,52.0,100.0,0,0.0,0.0,0.0,0,true
src/java/org/apache/poi/hssf/util/Region.java,125.0,1.0,78.0,16.0,10.0,37.0,0,0.0,0.0,0.0,0,false
src/java/org/apache/poi/hssf/util/SheetReferences.java,17.0,2.0,0.0,3.0,2.0,4.0,0,0.0,0.0,0.0,0,false
src/java/org/apache/poi/poifs/common/POIFSConstants.java,10.0,0.0,0.0,0.0,0.0,0.0,0,0.0,0.0,0.0,0,true
src/java/org/apache/poi/poifs/dev/POIFSViewEngine.java,62.0,2.0,1.0,2.0,15.0,11.0,0,0.0,0.0,0.0,0,false
src/java/org/apache/poi/poifs/dev/POIFSViewable.java,39.0,1.0,6.0,4.0,0.0,9.0,0,0.0,0.0,0.0,0,false
src/java/org/apache/poi/poifs/dev/POIFSViewer.java,44.0,3.0,1.0,2.0,12.0,8.0,0,0.0,0.0,0.0,0,false
src/java/org/apache/poi/poifs/eventfilesystem/POIFSReader.java,166.0,13.0,3.0,7.0,31.0,23.0,0,0.0,0.0,0.0,0,true
src/java/org/apache/poi/poifs/eventfilesystem/POIFSReaderEvent.java,39.0,2.0,0.0,4.0,0.0,7.0,0,0.0,0.0,0.0,0,false
src/java/org/apache/poi/poifs/eventfilesystem/POIFSReaderListener.java,13.0,0.0,0.0,1.0,0.0,2.0,0,0.0,0.0,0.0,0,false
src/java/org/apache/poi/poifs/eventfilesystem/POIFSReaderRegistry.java,83.0,3.0,0.0,6.0,18.0,16.0,0,0.0,0.0,0.0,0,false
src/java/org/apache/poi/poifs/filesystem/BATManaged.java,18.0,0.0,1.0,2.0,0.0,4.0,0,0.0,0.0,0.0,0,false
src/java/org/apache/poi/poifs/filesystem/DirectoryEntry.java,63.0,2.0,21.0,7.0,0.0,20.0,0,0.0,0.0,0.0,0,false
src/java/org/apache/poi/poifs/filesystem/DirectoryNode.java,229.0,6.0,57.0,18.0,41.0,56.0,0,0.0,0.0,0.0,0,true
src/java/org/apache/poi/poifs/filesystem/DocumentDescriptor.java,65.0,0.0,0.0,4.0,8.0,15.0,0,0.0,0.0,0.0,0,false
src/java/org/apache/poi/poifs/filesystem/DocumentEntry.java,12.0,0.0,0.0,1.0,0.0,2.0,0,0.0,0.0,0.0,0,false
src/java/org/apache/poi/poifs/filesystem/DocumentInputStream.java,320.0,1.0,0.0,13.0,15.0,53.0,0,0.0,0.0,0.0,0,false
src/java/org/apache/poi/poifs/filesystem/DocumentNode.java,84.0,3.0,30.0,9.0,7.0,23.0,0,0.0,0.0,0.0,0,false
src/java/org/apache/poi/poifs/filesystem/DocumentOutputStream.java,105.0,2.0,4.0,8.0,8.0,26.0,0,0.0,0.0,0.0,0,false
src/java/org/apache/poi/poifs/filesystem/Entry.java,49.0,0.0,15.0,6.0,0.0,22.0,0,0.0,0.0,0.0,0,false
src/java/org/apache/poi/poifs/filesystem/EntryNode.java,103.0,3.0,19.0,10.0,7.0,35.0,0,0.0,0.0,0.0,0,false
src/java/org/apache/poi/poifs/filesystem/POIFSDocument.java,392.0,12.0,0.0,16.0,34.0,47.0,0,0.0,0.0,0.0,0,true
src/java/org/apache/poi/poifs/filesystem/POIFSDocumentPath.java,173.0,1.0,0.0,9.0,10.0,36.0,0,0.0,0.0,0.0,0,true
src/java/org/apache/poi/poifs/filesystem/POIFSFileSystem.java,243.0,20.0,106.0,17.0,74.0,51.0,0,0.0,0.0,0.0,0,true
src/java/org/apache/poi/poifs/filesystem/POIFSWriterEvent.java,49.0,0.0,2.0,5.0,0.0,9.0,0,0.0,0.0,0.0,0,false
src/java/org/apache/poi/poifs/filesystem/POIFSWriterListener.java,13.0,0.0,0.0,1.0,0.0,2.0,0,0.0,0.0,0.0,0,false
src/java/org/apache/poi/poifs/property/Child.java,29.0,0.0,6.0,4.0,0.0,8.0,0,0.0,0.0,0.0,0,false
src/java/org/apache/poi/poifs/property/DirectoryProperty.java,160.0,3.0,0.0,8.0,23.0,23.0,0,0.0,0.0,0.0,0,false
src/java/org/apache/poi/poifs/property/DocumentProperty.java,63.0,1.0,9.0,7.0,4.0,13.0,0,0.0,0.0,0.0,0,false
src/java/org/apache/poi/poifs/property/Parent.java,31.0,2.0,6.0,4.0,0.0,7.0,0,0.0,0.0,0.0,0,false
src/java/org/apache/poi/poifs/property/Property.java,338.0,8.0,251.0,30.0,32.0,65.0,0,0.0,0.0,0.0,0,false
src/java/org/apache/poi/poifs/property/PropertyConstants.java,9.0,0.0,0.0,0.0,0.0,0.0,0,0.0,0.0,0.0,0,false
src/java/org/apache/poi/poifs/property/PropertyFactory.java,46.0,4.0,1.0,2.0,3.0,8.0,0,0.0,0.0,0.0,0,false
src/java/org/apache/poi/poifs/property/PropertyTable.java,128.0,9.0,0.0,11.0,24.0,26.0,0,0.0,0.0,0.0,0,true
src/java/org/apache/poi/poifs/property/RootProperty.java,31.0,4.0,3.0,3.0,4.0,3.0,0,0.0,0.0,0.0,0,false
src/java/org/apache/poi/poifs/storage/BATBlock.java,131.0,7.0,19.0,11.0,7.0,27.0,0,0.0,0.0,0.0,0,true
src/java/org/apache/poi/poifs/storage/BigBlock.java,32.0,2.0,3.0,3.0,2.0,10.0,0,0.0,0.0,0.0,0,true
src/java/org/apache/poi/poifs/storage/BlockAllocationTableReader.java,158.0,7.0,1.0,7.0,22.0,27.0,0,0.0,0.0,0.0,0,true
src/java/org/apache/poi/poifs/storage/BlockAllocationTableWriter.java,108.0,8.0,0.0,8.0,10.0,23.0,0,0.0,0.0,0.0,0,true
src/java/org/apache/poi/poifs/storage/BlockList.java,35.0,1.0,6.0,4.0,0.0,12.0,0,0.0,0.0,0.0,0,true
src/java/org/apache/poi/poifs/storage/BlockListImpl.java,77.0,2.0,0.0,6.0,1.0,17.0,0,0.0,0.0,0.0,0,true
src/java/org/apache/poi/poifs/storage/BlockWritable.java,14.0,2.0,0.0,1.0,0.0,3.0,0,0.0,0.0,0.0,0,false
src/java/org/apache/poi/poifs/storage/DocumentBlock.java,116.0,8.0,0.0,9.0,8.0,25.0,1,0.005494505494505495,118.8,1478.2210983372702,1,true
src/java/org/apache/poi/poifs/storage/HeaderBlockConstants.java,16.0,6.0,0.0,0.0,0.0,0.0,0,0.0,0.0,0.0,0,true
src/java/org/apache/poi/poifs/storage/HeaderBlockReader.java,77.0,8.0,9.0,7.0,8.0,16.0,1,0.005494505494505495,118.8,1478.2210983372702,1,true
src/java/org/apache/poi/poifs/storage/HeaderBlockWriter.java,117.0,7.0,0.0,7.0,9.0,14.0,0,0.0,0.0,0.0,0,true
src/java/org/apache/poi/poifs/storage/ListManagedBlock.java,13.0,1.0,0.0,1.0,0.0,4.0,0,0.0,0.0,0.0,0,false
src/java/org/apache/poi/poifs/storage/PropertyBlock.java,59.0,7.0,4.0,5.0,4.0,12.0,0,0.0,0.0,0.0,0,true
src/java/org/apache/poi/poifs/storage/RawDataBlock.java,48.0,2.0,0.0,3.0,2.0,13.0,1,0.005494505494505495,118.8,1478.2210983372702,1,true
src/java/org/apache/poi/poifs/storage/RawDataBlockList.java,23.0,2.0,0.0,1.0,4.0,5.0,0,0.0,0.0,0.0,0,true
src/java/org/apache/poi/poifs/storage/SmallBlockTableReader.java,22.0,3.0,0.0,1.0,3.0,3.0,0,0.0,0.0,0.0,0,true
src/java/org/apache/poi/poifs/storage/SmallBlockTableWriter.java,78.0,5.0,3.0,6.0,16.0,16.0,0,0.0,0.0,0.0,0,true
src/java/org/apache/poi/poifs/storage/SmallDocumentBlock.java,156.0,3.0,4.0,12.0,15.0,36.0,0,0.0,0.0,0.0,0,true
src/java/org/apache/poi/poifs/storage/SmallDocumentBlockList.java,13.0,1.0,0.0,1.0,2.0,1.0,0,0.0,0.0,0.0,0,true
src/java/org/apache/poi/util/BinaryTree.java,1447.0,1.0,2793.0,87.0,218.0,262.0,0,0.0,0.0,0.0,0,false
src/java/org/apache/poi/util/BitField.java,206.0,0.0,107.0,18.0,14.0,64.0,0,0.0,0.0,0.0,0,false
src/java/org/apache/poi/util/BlockingInputStream.java,59.0,2.0,0.0,10.0,9.0,28.0,0,0.0,0.0,0.0,0,false
src/java/org/apache/poi/util/ByteField.java,123.0,2.0,21.0,11.0,7.0,29.0,0,0.0,0.0,0.0,0,true
src/java/org/apache/poi/util/CommonsLogger.java,86.0,3.0,0.0,3.0,18.0,8.0,0,0.0,0.0,0.0,0,false
src/java/org/apache/poi/util/FixedField.java,37.0,2.0,6.0,4.0,0.0,11.0,0,0.0,0.0,0.0,0,false
src/java/org/apache/poi/util/HexDump.java,218.0,1.0,64.0,12.0,30.0,45.0,1,0.005494505494505495,17.333333333333332,185.84952386841474,1,true
src/java/org/apache/poi/util/HexRead.java,142.0,3.0,10.0,5.0,16.0,27.0,1,0.005494505494505495,17.333333333333332,185.84952386841474,1,true
src/java/org/apache/poi/util/IntList.java,433.0,1.0,0.0,25.0,20.0,91.0,1,0.005494505494505495,27.090909090909093,125.17979556785667,1,false
src/java/org/apache/poi/util/IntegerField.java,125.0,2.0,9.0,11.0,8.0,29.0,0,0.0,0.0,0.0,0,false
src/java/org/apache/poi/util/LittleEndian.java,396.0,3.0,595.0,35.0,39.0,84.0,1,0.005494505494505495,27.090909090909093,125.17979556785667,1,true
src/java/org/apache/poi/util/LittleEndianConsts.java,12.0,0.0,0.0,0.0,0.0,0.0,0,0.0,0.0,0.0,0,false
src/java/org/apache/poi/util/LongField.java,121.0,2.0,9.0,11.0,8.0,29.0,0,0.0,0.0,0.0,0,false
src/java/org/apache/poi/util/NullLogger.java,291.0,1.0,231.0,22.0,0.0,40.0,0,0.0,0.0,0.0,0,false
src/java/org/apache/poi/util/POILogFactory.java,47.0,3.0,3.0,3.0,9.0,11.0,0,0.0,0.0,0.0,0,true
src/java/org/apache/poi/util/POILogger.java,417.0,1.0,325.0,26.0,56.0,59.0,0,0.0,0.0,0.0,0,true
src/java/org/apache/poi/util/ShortField.java,121.0,2.0,9.0,11.0,8.0,29.0,0,0.0,0.0,0.0,0,false
src/java/org/apache/poi/util/ShortList.java,433.0,1.0,0.0,25.0,20.0,91.0,0,0.0,0.0,0.0,0,false
src/java/org/apache/poi/util/StringUtil.java,158.0,1.0,66.0,12.0,22.0,40.0,1,0.005494505494505495,6.0,35.319034292683014,1,true
src/java/org/apache/poi/util/SystemOutLogger.java,31.0,2.0,1.0,3.0,1.0,5.0,0,0.0,0.0,0.0,0,true
src/scratchpad/src/org/apache/poi/generator/FieldIterator.java,87.0,0.0,3.0,6.0,18.0,23.0,0,0.0,0.0,0.0,0,false
src/scratchpad/src/org/apache/poi/generator/RecordUtil.java,133.0,1.0,105.0,15.0,55.0,54.0,0,0.0,0.0,0.0,0,false
src/scratchpad/src/org/apache/poi/hdf/extractor/CHP.java,142.0,0.0,0.0,3.0,1.0,6.0,0,0.0,0.0,0.0,0,false
src/scratchpad/src/org/apache/poi/hdf/extractor/FontTable.java,31.0,0.0,0.0,2.0,5.0,6.0,0,0.0,0.0,0.0,0,false
src/scratchpad/src/org/apache/poi/hdf/extractor/HeaderFooter.java,34.0,0.0,0.0,4.0,0.0,9.0,0,0.0,0.0,0.0,0,false
src/scratchpad/src/org/apache/poi/hdf/extractor/NewOleFile.java,156.0,2.0,32.0,9.0,30.0,36.0,0,0.0,0.0,0.0,0,false
src/scratchpad/src/org/apache/poi/hdf/extractor/PAP.java,99.0,0.0,0.0,2.0,1.0,4.0,0,0.0,0.0,0.0,0,false
src/scratchpad/src/org/apache/poi/hdf/extractor/PropertySet.java,30.0,0.0,0.0,3.0,0.0,5.0,0,0.0,0.0,0.0,0,false
src/scratchpad/src/org/apache/poi/hdf/extractor/SEP.java,73.0,0.0,0.0,1.0,0.0,1.0,0,0.0,0.0,0.0,0,false
src/scratchpad/src/org/apache/poi/hdf/extractor/StyleDescription.java,79.0,0.0,18.0,9.0,2.0,18.0,0,0.0,0.0,0.0,0,false
src/scratchpad/src/org/apache/poi/hdf/extractor/StyleSheet.java,1099.0,1.0,54.0,12.0,46.0,51.0,0,0.0,0.0,0.0,0,false
src/scratchpad/src/org/apache/poi/hdf/extractor/TAP.java,23.0,0.0,0.0,1.0,0.0,1.0,0,0.0,0.0,0.0,0,false
src/scratchpad/src/org/apache/poi/hdf/extractor/TC.java,41.0,0.0,1.0,2.0,1.0,3.0,0,0.0,0.0,0.0,0,false
src/scratchpad/src/org/apache/poi/hdf/extractor/TableRow.java,18.0,1.0,0.0,3.0,0.0,5.0,0,0.0,0.0,0.0,0,false
src/scratchpad/src/org/apache/poi/hdf/extractor/TextPiece.java,19.0,1.0,1.0,3.0,0.0,5.0,0,0.0,0.0,0.0,0,false
src/scratchpad/src/org/apache/poi/hdf/extractor/Utils.java,28.0,0.0,15.0,6.0,4.0,12.0,0,0.0,0.0,0.0,0,false
src/scratchpad/src/org/apache/poi/hdf/extractor/WordDocument.java,1274.0,10.0,896.0,49.0,218.0,156.0,0,0.0,0.0,0.0,0,true
src/scratchpad/src/org/apache/poi/hdf/extractor/data/DOP.java,15.0,0.0,0.0,1.0,0.0,1.0,0,0.0,0.0,0.0,0,false
src/scratchpad/src/org/apache/poi/hdf/extractor/data/LFO.java,11.0,0.0,0.0,1.0,0.0,1.0,0,0.0,0.0,0.0,0,false
src/scratchpad/src/org/apache/poi/hdf/extractor/data/LFOLVL.java,13.0,0.0,0.0,1.0,0.0,1.0,0,0.0,0.0,0.0,0,false
src/scratchpad/src/org/apache/poi/hdf/extractor/data/LST.java,13.0,0.0,0.0,1.0,0.0,1.0,0,0.0,0.0,0.0,0,false
src/scratchpad/src/org/apache/poi/hdf/extractor/data/LVL.java,32.0,0.0,1.0,2.0,1.0,4.0,0,0.0,0.0,0.0,0,false
src/scratchpad/src/org/apache/poi/hdf/extractor/data/ListTables.java,121.0,2.0,6.0,5.0,18.0,16.0,0,0.0,0.0,0.0,0,true
src/scratchpad/src/org/apache/poi/hdf/extractor/util/BTreeSet.java,456.0,1.0,29.0,11.0,6.0,20.0,0,0.0,0.0,0.0,0,true
src/scratchpad/src/org/apache/poi/hdf/extractor/util/ChpxNode.java,12.0,0.0,1.0,2.0,0.0,3.0,0,0.0,0.0,0.0,0,false
src/scratchpad/src/org/apache/poi/hdf/extractor/util/NumberFormatter.java,35.0,0.0,1.0,2.0,1.0,4.0,0,0.0,0.0,0.0,0,false
src/scratchpad/src/org/apache/poi/hdf/extractor/util/PapxNode.java,12.0,0.0,1.0,2.0,0.0,3.0,0,0.0,0.0,0.0,0,false
src/scratchpad/src/org/apache/poi/hdf/extractor/util/PropertyNode.java,35.0,0.0,0.0,5.0,1.0,11.0,0,0.0,0.0,0.0,0,false
src/scratchpad/src/org/apache/poi/hdf/extractor/util/SepxNode.java,16.0,0.0,3.0,3.0,1.0,5.0,0,0.0,0.0,0.0,0,false
src/scratchpad/src/org/apache/poi/hdf/generator/HDFFieldIterator.java,39.0,2.0,3.0,3.0,8.0,11.0,1,0.005494505494505495,412.7164179104478,6927.07227023781,1,false
src/scratchpad/src/org/apache/poi/hdf/generator/HDFRecordUtil.java,69.0,1.0,21.0,7.0,17.0,22.0,0,0.0,0.0,0.0,0,false
src/scratchpad/src/org/apache/poi/hdf/model/HDFObjectFactory.java,378.0,15.0,0.0,16.0,118.0,55.0,0,0.0,0.0,0.0,0,true
src/scratchpad/src/org/apache/poi/hdf/model/hdftypes/CHPFormattedDiskPage.java,39.0,1.0,1.0,2.0,2.0,5.0,1,0.005494505494505495,412.7164179104478,6927.07227023781,1,false
src/scratchpad/src/org/apache/poi/hdf/model/hdftypes/CharacterProperties.java,31.0,1.0,1.0,2.0,16.0,4.0,0,0.0,0.0,0.0,0,false
src/scratchpad/src/org/apache/poi/hdf/model/hdftypes/ChpxNode.java,12.0,0.0,1.0,2.0,0.0,3.0,0,0.0,0.0,0.0,0,false
src/scratchpad/src/org/apache/poi/hdf/model/hdftypes/DocumentProperties.java,25.0,1.0,0.0,1.0,1.0,1.0,1,0.005494505494505495,412.7164179104478,6927.07227023781,1,false
src/scratchpad/src/org/apache/poi/hdf/model/hdftypes/FileInformationBlock.java,12.0,3.0,0.0,1.0,1.0,2.0,1,0.005494505494505495,412.7164179104478,6927.07227023781,1,false
src/scratchpad/src/org/apache/poi/hdf/model/hdftypes/FontTable.java,28.0,1.0,0.0,2.0,3.0,5.0,0,0.0,0.0,0.0,0,false
src/scratchpad/src/org/apache/poi/hdf/model/hdftypes/FormattedDiskPage.java,52.0,1.0,2.0,5.0,3.0,8.0,1,0.005494505494505495,412.7164179104478,6927.07227023781,1,false
src/scratchpad/src/org/apache/poi/hdf/model/hdftypes/HeaderFooter.java,34.0,0.0,0.0,4.0,0.0,9.0,0,0.0,0.0,0.0,0,false
src/scratchpad/src/org/apache/poi/hdf/model/hdftypes/LFO.java,11.0,0.0,0.0,1.0,0.0,1.0,0,0.0,0.0,0.0,0,false
src/scratchpad/src/org/apache/poi/hdf/model/hdftypes/LFOLVL.java,13.0,0.0,0.0,1.0,0.0,1.0,0,0.0,0.0,0.0,0,false
src/scratchpad/src/org/apache/poi/hdf/model/hdftypes/LST.java,13.0,0.0,0.0,1.0,0.0,1.0,0,0.0,0.0,0.0,0,false
src/scratchpad/src/org/apache/poi/hdf/model/hdftypes/LVL.java,34.0,0.0,1.0,2.0,1.0,4.0,0,0.0,0.0,0.0,0,false
src/scratchpad/src/org/apache/poi/hdf/model/hdftypes/ListTables.java,132.0,2.0,6.0,5.0,18.0,18.0,0,0.0,0.0,0.0,0,true
src/scratchpad/src/org/apache/poi/hdf/model/hdftypes/PAPFormattedDiskPage.java,41.0,1.0,1.0,2.0,2.0,6.0,1,0.005494505494505495,412.7164179104478,6927.07227023781,1,false
src/scratchpad/src/org/apache/poi/hdf/model/hdftypes/PapxNode.java,12.0,0.0,1.0,2.0,0.0,3.0,0,0.0,0.0,0.0,0,false
src/scratchpad/src/org/apache/poi/hdf/model/hdftypes/ParagraphProperties.java,60.0,1.0,1.0,2.0,36.0,4.0,0,0.0,0.0,0.0,0,false
src/scratchpad/src/org/apache/poi/hdf/model/hdftypes/PlexOfCps.java,43.0,0.0,0.0,4.0,0.0,8.0,1,0.005494505494505495,412.7164179104478,6927.07227023781,1,false
src/scratchpad/src/org/apache/poi/hdf/model/hdftypes/PropertyNode.java,53.0,0.0,0.0,5.0,1.0,14.0,1,0.005494505494505495,412.7164179104478,6927.07227023781,1,false
src/scratchpad/src/org/apache/poi/hdf/model/hdftypes/SectionProperties.java,24.0,1.0,0.0,1.0,16.0,1.0,0,0.0,0.0,0.0,0,false
src/scratchpad/src/org/apache/poi/hdf/model/hdftypes/SepxNode.java,16.0,0.0,3.0,3.0,1.0,5.0,0,0.0,0.0,0.0,0,false
src/scratchpad/src/org/apache/poi/hdf/model/hdftypes/StyleDescription.java,79.0,1.0,18.0,9.0,2.0,18.0,1,0.005494505494505495,412.7164179104478,6927.07227023781,1,false
src/scratchpad/src/org/apache/poi/hdf/model/hdftypes/StyleSheet.java,1250.0,3.0,54.0,12.0,236.0,60.0,1,0.005494505494505495,412.7164179104478,6927.07227023781,1,false
src/scratchpad/src/org/apache/poi/hdf/model/hdftypes/TableCellDescriptor.java,33.0,2.0,1.0,2.0,9.0,3.0,0,0.0,0.0,0.0,0,false
src/scratchpad/src/org/apache/poi/hdf/model/hdftypes/TableProperties.java,8.0,1.0,0.0,1.0,0.0,1.0,0,0.0,0.0,0.0,0,false
src/scratchpad/src/org/apache/poi/hdf/model/hdftypes/TextPiece.java,25.0,0.0,0.0,2.0,0.0,4.0,1,0.005494505494505495,412.7164179104478,6927.07227023781,1,false
src/scratchpad/src/org/apache/poi/hdf/model/hdftypes/definitions/CHPAbstractType.java,926.0,5.0,8479.0,142.0,54.0,341.0,1,0.005494505494505495,412.7164179104478,6927.07227023781,1,false
src/scratchpad/src/org/apache/poi/hdf/model/hdftypes/definitions/DOPAbstractType.java,2370.0,5.0,37953.0,295.0,337.0,565.0,1,0.005494505494505495,412.7164179104478,6927.07227023781,1,false
src/scratchpad/src/org/apache/poi/hdf/model/hdftypes/definitions/FIBAbstractType.java,5072.0,5.0,131982.0,521.0,303.0,1259.0,1,0.005494505494505495,412.7164179104478,6927.07227023781,1,false
src/scratchpad/src/org/apache/poi/hdf/model/hdftypes/definitions/PAPAbstractType.java,926.0,5.0,9823.0,142.0,6.0,347.0,1,0.005494505494505495,412.7164179104478,6927.07227023781,1,false
src/scratchpad/src/org/apache/poi/hdf/model/hdftypes/definitions/SEPAbstractType.java,783.0,5.0,7022.0,120.0,0.0,298.0,1,0.005494505494505495,412.7164179104478,6927.07227023781,1,false
src/scratchpad/src/org/apache/poi/hdf/model/hdftypes/definitions/TAPAbstractType.java,224.0,5.0,529.0,34.0,0.0,83.0,1,0.005494505494505495,412.7164179104478,6927.07227023781,1,false
src/scratchpad/src/org/apache/poi/hdf/model/hdftypes/definitions/TCAbstractType.java,198.0,5.0,119.0,30.0,16.0,57.0,1,0.005494505494505495,412.7164179104478,6927.07227023781,1,false
src/scratchpad/src/org/apache/poi/hdf/model/util/BTreeSet.java,497.0,2.0,30.0,12.0,11.0,26.0,0,0.0,0.0,0.0,0,true
src/scratchpad/src/org/apache/poi/hdf/model/util/NumberFormatter.java,35.0,0.0,1.0,2.0,1.0,4.0,0,0.0,0.0,0.0,0,false
src/scratchpad/src/org/apache/poi/hssf/usermodel/HSSFChart.java,607.0,5.0,1485.0,55.0,353.0,111.0,0,0.0,0.0,0.0,0,true
src/scratchpad/src/org/apache/poi/hwpf/HWPFDocument.java,51.0,6.0,1.0,2.0,17.0,6.0,1,0.005494505494505495,412.7164179104478,6927.07227023781,1,true
src/scratchpad/src/org/apache/poi/hwpf/model/hdftypes/CHPBinTable.java,54.0,6.0,0.0,3.0,19.0,8.0,1,0.005494505494505495,412.7164179104478,6927.07227023781,1,false
src/scratchpad/src/org/apache/poi/hwpf/model/hdftypes/CHPFormattedDiskPage.java,97.0,3.0,7.0,7.0,17.0,17.0,1,0.005494505494505495,412.7164179104478,6927.07227023781,1,false
src/scratchpad/src/org/apache/poi/hwpf/model/hdftypes/CHPX.java,12.0,0.0,1.0,2.0,0.0,3.0,1,0.005494505494505495,412.7164179104478,6927.07227023781,1,false
src/scratchpad/src/org/apache/poi/hwpf/model/hdftypes/ComplexFileTable.java,30.0,3.0,0.0,2.0,6.0,7.0,1,0.005494505494505495,412.7164179104478,6927.07227023781,1,false
src/scratchpad/src/org/apache/poi/hwpf/model/hdftypes/DocumentProperties.java,9.0,2.0,0.0,1.0,0.0,1.0,1,0.005494505494505495,412.7164179104478,6927.07227023781,1,false
src/scratchpad/src/org/apache/poi/hwpf/model/hdftypes/Ffn.java,58.0,2.0,3.0,7.0,6.0,13.0,1,0.005494505494505495,412.7164179104478,6927.07227023781,1,false
src/scratchpad/src/org/apache/poi/hwpf/model/hdftypes/FileInformationBlock.java,12.0,3.0,0.0,1.0,1.0,2.0,1,0.005494505494505495,412.7164179104478,6927.07227023781,1,false
src/scratchpad/src/org/apache/poi/hwpf/model/hdftypes/FontTable.java,58.0,2.0,0.0,7.0,7.0,18.0,1,0.005494505494505495,412.7164179104478,6927.07227023781,1,false
src/scratchpad/src/org/apache/poi/hwpf/model/hdftypes/FormattedDiskPage.java,56.0,1.0,7.0,6.0,3.0,9.0,1,0.005494505494505495,412.7164179104478,6927.07227023781,1,false
src/scratchpad/src/org/apache/poi/hwpf/model/hdftypes/HDFType.java,5.0,0.0,0.0,0.0,0.0,0.0,1,0.005494505494505495,412.7164179104478,6927.07227023781,1,false
src/scratchpad/src/org/apache/poi/hwpf/model/hdftypes/PAPBinTable.java,54.0,6.0,0.0,3.0,19.0,8.0,1,0.005494505494505495,412.7164179104478,6927.07227023781,1,false
src/scratchpad/src/org/apache/poi/hwpf/model/hdftypes/PAPFormattedDiskPage.java,119.0,4.0,12.0,8.0,20.0,21.0,1,0.005494505494505495,412.7164179104478,6927.07227023781,1,false
src/scratchpad/src/org/apache/poi/hwpf/model/hdftypes/PAPX.java,23.0,0.0,0.0,4.0,1.0,8.0,1,0.005494505494505495,412.7164179104478,6927.07227023781,1,false
src/scratchpad/src/org/apache/poi/hwpf/model/hdftypes/ParagraphHeight.java,38.0,4.0,0.0,4.0,6.0,8.0,1,0.005494505494505495,412.7164179104478,6927.07227023781,1,false
src/scratchpad/src/org/apache/poi/hwpf/model/hdftypes/PieceDescriptor.java,55.0,2.0,0.0,7.0,4.0,16.0,1,0.005494505494505495,412.7164179104478,6927.07227023781,1,false
src/scratchpad/src/org/apache/poi/hwpf/model/hdftypes/PlexOfCps.java,77.0,2.0,0.0,9.0,15.0,18.0,1,0.005494505494505495,412.7164179104478,6927.07227023781,1,false
src/scratchpad/src/org/apache/poi/hwpf/model/hdftypes/PropertyNode.java,67.0,0.0,0.0,6.0,4.0,19.0,1,0.005494505494505495,412.7164179104478,6927.07227023781,1,false
src/scratchpad/src/org/apache/poi/hwpf/model/hdftypes/SEPX.java,13.0,0.0,1.0,3.0,0.0,5.0,1,0.005494505494505495,412.7164179104478,6927.07227023781,1,false
src/scratchpad/src/org/apache/poi/hwpf/model/hdftypes/SectionDescriptor.java,35.0,1.0,0.0,5.0,4.0,7.0,1,0.005494505494505495,412.7164179104478,6927.07227023781,1,false
src/scratchpad/src/org/apache/poi/hwpf/model/hdftypes/SectionTable.java,44.0,5.0,0.0,2.0,22.0,7.0,1,0.005494505494505495,412.7164179104478,6927.07227023781,1,false
src/scratchpad/src/org/apache/poi/hwpf/model/hdftypes/StyleDescription.java,170.0,3.0,0.0,7.0,10.0,23.0,1,0.005494505494505495,412.7164179104478,6927.07227023781,1,false
src/scratchpad/src/org/apache/poi/hwpf/model/hdftypes/StyleSheet.java,163.0,5.0,3.0,6.0,5.0,24.0,1,0.005494505494505495,412.7164179104478,6927.07227023781,1,false
src/scratchpad/src/org/apache/poi/hwpf/model/hdftypes/TextPiece.java,36.0,0.0,0.0,4.0,2.0,10.0,1,0.005494505494505495,412.7164179104478,6927.07227023781,1,false
src/scratchpad/src/org/apache/poi/hwpf/model/hdftypes/TextPieceTable.java,61.0,4.0,0.0,3.0,25.0,13.0,1,0.005494505494505495,412.7164179104478,6927.07227023781,1,false
src/scratchpad/src/org/apache/poi/hwpf/model/hdftypes/definitions/CHPAbstractType.java,926.0,5.0,8479.0,142.0,54.0,341.0,1,0.005494505494505495,412.7164179104478,6927.07227023781,1,false
src/scratchpad/src/org/apache/poi/hwpf/model/hdftypes/definitions/DOPAbstractType.java,2370.0,5.0,37953.0,295.0,337.0,565.0,1,0.005494505494505495,412.7164179104478,6927.07227023781,1,false
src/scratchpad/src/org/apache/poi/hwpf/model/hdftypes/definitions/FIBAbstractType.java,5072.0,5.0,131982.0,521.0,303.0,1259.0,1,0.005494505494505495,412.7164179104478,6927.07227023781,1,false
src/scratchpad/src/org/apache/poi/hwpf/model/hdftypes/definitions/PAPAbstractType.java,926.0,5.0,9823.0,142.0,6.0,347.0,1,0.005494505494505495,412.7164179104478,6927.07227023781,1,false
src/scratchpad/src/org/apache/poi/hwpf/model/hdftypes/definitions/SEPAbstractType.java,783.0,5.0,7022.0,120.0,0.0,298.0,1,0.005494505494505495,412.7164179104478,6927.07227023781,1,false
src/scratchpad/src/org/apache/poi/hwpf/model/hdftypes/definitions/TAPAbstractType.java,224.0,5.0,529.0,34.0,0.0,83.0,1,0.005494505494505495,412.7164179104478,6927.07227023781,1,false
src/scratchpad/src/org/apache/poi/hwpf/model/hdftypes/definitions/TCAbstractType.java,198.0,5.0,119.0,30.0,16.0,57.0,1,0.005494505494505495,412.7164179104478,6927.07227023781,1,false
src/scratchpad/src/org/apache/poi/hwpf/model/io/HWPFFileSystem.java,10.0,2.0,0.0,2.0,2.0,3.0,1,0.005494505494505495,412.7164179104478,6927.07227023781,1,false
src/scratchpad/src/org/apache/poi/hwpf/model/io/HWPFOutputStream.java,21.0,1.0,0.0,5.0,0.0,6.0,1,0.005494505494505495,412.7164179104478,6927.07227023781,1,false
src/scratchpad/testcases/org/apache/poi/hdf/model/TestHDFDocument.java,75.0,3.0,21.0,7.0,12.0,18.0,0,0.0,0.0,0.0,0,true
src/scratchpad/testcases/org/apache/poi/hwpf/HWPFDocFixture.java,28.0,4.0,3.0,3.0,7.0,6.0,1,0.005494505494505495,412.7164179104478,6927.07227023781,1,true
src/scratchpad/testcases/org/apache/poi/hwpf/model/hdftypes/TestCHPBinTable.java,41.0,5.0,0.0,4.0,13.0,8.0,1,0.005494505494505495,412.7164179104478,6927.07227023781,1,false
src/scratchpad/testcases/org/apache/poi/hwpf/model/hdftypes/TestPAPBinTable.java,40.0,5.0,0.0,4.0,14.0,8.0,1,0.005494505494505495,412.7164179104478,6927.07227023781,1,false
src/scratchpad/testcases/org/apache/poi/hwpf/model/hdftypes/TestPlexOfCps.java,41.0,3.0,2.0,4.0,13.0,8.0,1,0.005494505494505495,412.7164179104478,6927.07227023781,1,false
src/scratchpad/testcases/org/apache/poi/hwpf/model/hdftypes/TestSectionTable.java,39.0,5.0,0.0,4.0,12.0,8.0,1,0.005494505494505495,412.7164179104478,6927.07227023781,1,false
src/scratchpad/testcases/org/apache/poi/hwpf/model/hdftypes/TestStyleSheet.java,32.0,4.0,0.0,4.0,7.0,8.0,1,0.005494505494505495,412.7164179104478,6927.07227023781,1,false
src/testcases/org/apache/poi/hpsf/basic/POIFile.java,29.0,1.0,9.0,6.0,0.0,9.0,1,0.005494505494505495,154.28571428571428,765.614458619734,1,false
src/testcases/org/apache/poi/hpsf/basic/TestBasic.java,92.0,4.0,3.0,6.0,21.0,17.0,1,0.005494505494505495,154.28571428571428,765.614458619734,1,false
src/testcases/org/apache/poi/hpsf/basic/TestUnicode.java,48.0,4.0,4.0,4.0,13.0,8.0,1,0.005494505494505495,154.28571428571428,765.614458619734,1,true
src/testcases/org/apache/poi/hpsf/basic/Util.java,97.0,3.0,10.0,5.0,41.0,21.0,1,0.005494505494505495,154.28571428571428,765.614458619734,1,false
src/testcases/org/apache/poi/hssf/HSSFTests.java,79.0,67.0,1.0,2.0,2.0,4.0,1,0.005494505494505495,100.57142857142857,224.68219919948655,1,true
src/testcases/org/apache/poi/hssf/model/SheetTest.java,147.0,16.0,45.0,10.0,48.0,18.0,1,0.005494505494505495,100.57142857142857,224.68219919948655,1,true
src/testcases/org/apache/poi/hssf/model/TestFormulaParser.java,179.0,3.0,171.0,19.0,67.0,27.0,0,0.0,0.0,0.0,0,true
src/testcases/org/apache/poi/hssf/record/TestAreaFormatRecord.java,38.0,1.0,1.0,3.0,20.0,5.0,0,0.0,0.0,0.0,0,false
src/testcases/org/apache/poi/hssf/record/TestAreaRecord.java,30.0,1.0,1.0,3.0,12.0,5.0,0,0.0,0.0,0.0,0,false
src/testcases/org/apache/poi/hssf/record/TestAxisLineFormatRecord.java,25.0,1.0,1.0,3.0,7.0,5.0,0,0.0,0.0,0.0,0,false
src/testcases/org/apache/poi/hssf/record/TestAxisOptionsRecord.java,65.0,1.0,4.0,4.0,41.0,7.0,0,0.0,0.0,0.0,0,false
src/testcases/org/apache/poi/hssf/record/TestAxisParentRecord.java,33.0,1.0,1.0,3.0,15.0,5.0,0,0.0,0.0,0.0,0,false
src/testcases/org/apache/poi/hssf/record/TestAxisRecord.java,33.0,1.0,1.0,3.0,15.0,5.0,0,0.0,0.0,0.0,0,false
src/testcases/org/apache/poi/hssf/record/TestAxisUsedRecord.java,25.0,1.0,1.0,3.0,7.0,5.0,0,0.0,0.0,0.0,0,false
src/testcases/org/apache/poi/hssf/record/TestBarRecord.java,36.0,1.0,1.0,3.0,18.0,5.0,0,0.0,0.0,0.0,0,false
src/testcases/org/apache/poi/hssf/record/TestBoundSheetRecord.java,24.0,1.0,3.0,3.0,10.0,5.0,0,0.0,0.0,0.0,0,true
src/testcases/org/apache/poi/hssf/record/TestCategorySeriesAxisRecord.java,36.0,1.0,1.0,3.0,18.0,5.0,0,0.0,0.0,0.0,0,false
src/testcases/org/apache/poi/hssf/record/TestChartRecord.java,31.0,1.0,1.0,3.0,13.0,5.0,0,0.0,0.0,0.0,0,false
src/testcases/org/apache/poi/hssf/record/TestDatRecord.java,32.0,1.0,1.0,3.0,14.0,5.0,0,0.0,0.0,0.0,0,false
src/testcases/org/apache/poi/hssf/record/TestDataFormatRecord.java,33.0,1.0,1.0,3.0,15.0,5.0,0,0.0,0.0,0.0,0,false
src/testcases/org/apache/poi/hssf/record/TestDefaultDataLabelTextPropertiesRecord.java,25.0,1.0,1.0,3.0,7.0,5.0,0,0.0,0.0,0.0,0,false
src/testcases/org/apache/poi/hssf/record/TestFontBasisRecord.java,33.0,1.0,1.0,3.0,15.0,5.0,0,0.0,0.0,0.0,0,false
src/testcases/org/apache/poi/hssf/record/TestFontIndexRecord.java,25.0,1.0,1.0,3.0,7.0,5.0,0,0.0,0.0,0.0,0,false
src/testcases/org/apache/poi/hssf/record/TestFormulaRecord.java,72.0,1.0,10.0,5.0,21.0,8.0,0,0.0,0.0,0.0,0,true
src/testcases/org/apache/poi/hssf/record/TestFrameRecord.java,31.0,1.0,1.0,3.0,13.0,5.0,0,0.0,0.0,0.0,0,false
src/testcases/org/apache/poi/hssf/record/TestLegendRecord.java,49.0,1.0,1.0,3.0,31.0,5.0,0,0.0,0.0,0.0,0,false
src/testcases/org/apache/poi/hssf/record/TestLineFormatRecord.java,36.0,1.0,1.0,3.0,18.0,5.0,0,0.0,0.0,0.0,0,false
src/testcases/org/apache/poi/hssf/record/TestLinkedDataRecord.java,61.0,3.0,1.0,3.0,39.0,5.0,0,0.0,0.0,0.0,0,false
src/testcases/org/apache/poi/hssf/record/TestNameRecord.java,17.0,1.0,0.0,1.0,5.0,2.0,1,0.005494505494505495,100.57142857142857,224.68219919948655,1,true
src/testcases/org/apache/poi/hssf/record/TestNumberFormatIndexRecord.java,25.0,1.0,1.0,3.0,7.0,5.0,0,0.0,0.0,0.0,0,false
src/testcases/org/apache/poi/hssf/record/TestObjectLinkRecord.java,29.0,1.0,1.0,3.0,11.0,5.0,0,0.0,0.0,0.0,0,false
src/testcases/org/apache/poi/hssf/record/TestPaletteRecord.java,27.0,4.0,1.0,2.0,12.0,3.0,0,0.0,0.0,0.0,0,false
src/testcases/org/apache/poi/hssf/record/TestPaneRecord.java,33.0,1.0,1.0,3.0,15.0,5.0,0,0.0,0.0,0.0,0,false
src/testcases/org/apache/poi/hssf/record/TestPlotAreaRecord.java,23.0,1.0,1.0,3.0,5.0,5.0,0,0.0,0.0,0.0,0,false
src/testcases/org/apache/poi/hssf/record/TestPlotGrowthRecord.java,27.0,1.0,1.0,3.0,9.0,5.0,0,0.0,0.0,0.0,0,false
src/testcases/org/apache/poi/hssf/record/TestRecordFactory.java,98.0,2.0,10.0,5.0,33.0,10.0,0,0.0,0.0,0.0,0,true
src/testcases/org/apache/poi/hssf/record/TestSCLRecord.java,27.0,1.0,1.0,3.0,9.0,5.0,0,0.0,0.0,0.0,0,false
src/testcases/org/apache/poi/hssf/record/TestSSTDeserializer.java,64.0,4.0,0.0,6.0,21.0,11.0,0,0.0,0.0,0.0,0,true
src/testcases/org/apache/poi/hssf/record/TestSSTRecord.java,322.0,9.0,24.0,9.0,74.0,23.0,0,0.0,0.0,0.0,0,true
src/testcases/org/apache/poi/hssf/record/TestSSTRecordSizeCalculator.java,63.0,6.0,0.0,9.0,33.0,16.0,0,0.0,0.0,0.0,0,false
src/testcases/org/apache/poi/hssf/record/TestSeriesChartGroupIndexRecord.java,25.0,1.0,1.0,3.0,7.0,5.0,0,0.0,0.0,0.0,0,false
src/testcases/org/apache/poi/hssf/record/TestSeriesIndexRecord.java,25.0,1.0,1.0,3.0,7.0,5.0,0,0.0,0.0,0.0,0,false
src/testcases/org/apache/poi/hssf/record/TestSeriesLabelsRecord.java,36.0,1.0,1.0,3.0,18.0,5.0,0,0.0,0.0,0.0,0,false
src/testcases/org/apache/poi/hssf/record/TestSeriesListRecord.java,27.0,1.0,1.0,3.0,7.0,5.0,0,0.0,0.0,0.0,0,false
src/testcases/org/apache/poi/hssf/record/TestSeriesRecord.java,35.0,1.0,1.0,3.0,17.0,5.0,0,0.0,0.0,0.0,0,false
src/testcases/org/apache/poi/hssf/record/TestSeriesTextRecord.java,31.0,1.0,1.0,3.0,13.0,5.0,0,0.0,0.0,0.0,0,false
src/testcases/org/apache/poi/hssf/record/TestSeriesToChartGroupRecord.java,25.0,1.0,1.0,3.0,7.0,5.0,0,0.0,0.0,0.0,0,false
src/testcases/org/apache/poi/hssf/record/TestSheetPropertiesRecord.java,36.0,1.0,1.0,3.0,18.0,5.0,0,0.0,0.0,0.0,0,false
src/testcases/org/apache/poi/hssf/record/TestStringRecord.java,25.0,1.0,1.0,3.0,7.0,5.0,0,0.0,0.0,0.0,0,false
src/testcases/org/apache/poi/hssf/record/TestSupBookRecord.java,39.0,1.0,4.0,4.0,11.0,6.0,0,0.0,0.0,0.0,0,true
src/testcases/org/apache/poi/hssf/record/TestTextRecord.java,73.0,1.0,1.0,3.0,55.0,5.0,0,0.0,0.0,0.0,0,false
src/testcases/org/apache/poi/hssf/record/TestTickRecord.java,59.0,1.0,4.0,4.0,35.0,7.0,0,0.0,0.0,0.0,0,false
src/testcases/org/apache/poi/hssf/record/TestUnitsRecord.java,25.0,1.0,1.0,3.0,7.0,5.0,0,0.0,0.0,0.0,0,false
src/testcases/org/apache/poi/hssf/record/TestValueRangeRecord.java,52.0,1.0,1.0,3.0,34.0,5.0,0,0.0,0.0,0.0,0,false
src/testcases/org/apache/poi/hssf/record/aggregates/TestRowRecordsAggregate.java,22.0,1.0,3.0,3.0,7.0,3.0,0,0.0,0.0,0.0,0,true
src/testcases/org/apache/poi/hssf/record/aggregates/TestValueRecordsAggregate.java,26.0,6.0,3.0,3.0,9.0,4.0,0,0.0,0.0,0.0,0,true
src/testcases/org/apache/poi/hssf/record/formula/TestFuncPtg.java,30.0,1.0,3.0,3.0,6.0,4.0,0,0.0,0.0,0.0,0,true
src/testcases/org/apache/poi/hssf/usermodel/SanityChecker.java,114.0,5.0,10.0,5.0,22.0,10.0,0,0.0,0.0,0.0,0,false
src/testcases/org/apache/poi/hssf/usermodel/TestCellStyle.java,128.0,3.0,10.0,5.0,59.0,10.0,0,0.0,0.0,0.0,0,true
src/testcases/org/apache/poi/hssf/usermodel/TestCloneSheet.java,22.0,4.0,1.0,2.0,5.0,3.0,0,0.0,0.0,0.0,0,false
src/testcases/org/apache/poi/hssf/usermodel/TestFormulas.java,728.0,7.0,630.0,36.0,263.0,100.0,0,0.0,0.0,0.0,0,true
src/testcases/org/apache/poi/hssf/usermodel/TestHSSFCell.java,153.0,15.0,15.0,6.0,75.0,13.0,0,0.0,0.0,0.0,0,true
src/testcases/org/apache/poi/hssf/usermodel/TestHSSFDateUtil.java,29.0,3.0,1.0,2.0,5.0,4.0,0,0.0,0.0,0.0,0,true
src/testcases/org/apache/poi/hssf/usermodel/TestHSSFPalette.java,93.0,9.0,0.0,8.0,32.0,14.0,0,0.0,0.0,0.0,0,true
src/testcases/org/apache/poi/hssf/usermodel/TestHSSFRow.java,56.0,4.0,3.0,3.0,22.0,5.0,0,0.0,0.0,0.0,0,true
src/testcases/org/apache/poi/hssf/usermodel/TestHSSFSheet.java,180.0,11.0,66.0,12.0,92.0,21.0,1,0.005494505494505495,100.57142857142857,224.68219919948655,1,true
src/testcases/org/apache/poi/hssf/usermodel/TestHSSFSheetOrder.java,22.0,2.0,1.0,2.0,4.0,4.0,0,0.0,0.0,0.0,0,false
src/testcases/org/apache/poi/hssf/usermodel/TestHSSFSheetSetOrder.java,22.0,2.0,1.0,2.0,4.0,4.0,0,0.0,0.0,0.0,0,false
src/testcases/org/apache/poi/hssf/usermodel/TestNamedRange.java,292.0,6.0,91.0,14.0,119.0,37.0,0,0.0,0.0,0.0,0,true
src/testcases/org/apache/poi/hssf/usermodel/TestReadWriteChart.java,41.0,8.0,3.0,3.0,21.0,7.0,0,0.0,0.0,0.0,0,false
src/testcases/org/apache/poi/hssf/usermodel/TestSanityChecker.java,113.0,5.0,45.0,10.0,20.0,12.0,0,0.0,0.0,0.0,0,true
src/testcases/org/apache/poi/hssf/usermodel/TestSheetShiftRows.java,87.0,6.0,3.0,3.0,15.0,9.0,0,0.0,0.0,0.0,0,true
src/testcases/org/apache/poi/hssf/usermodel/TestWorkbook.java,482.0,13.0,133.0,18.0,172.0,60.0,1,0.005494505494505495,44.0,59.27202757405755,1,true
src/testcases/org/apache/poi/hssf/util/TestAreaReference.java,36.0,4.0,6.0,4.0,14.0,4.0,1,0.005494505494505495,100.57142857142857,224.68219919948655,1,true
src/testcases/org/apache/poi/hssf/util/TestCellReference.java,73.0,1.0,45.0,10.0,58.0,10.0,0,0.0,0.0,0.0,0,true
src/testcases/org/apache/poi/hssf/util/TestRKUtil.java,16.0,1.0,1.0,2.0,2.0,3.0,0,0.0,0.0,0.0,0,false
src/testcases/org/apache/poi/hssf/util/TestRangeAddress.java,17.0,1.0,3.0,3.0,3.0,3.0,0,0.0,0.0,0.0,0,true
src/testcases/org/apache/poi/hssf/util/TestSheetReferences.java,22.0,1.0,1.0,2.0,4.0,3.0,0,0.0,0.0,0.0,0,false
src/testcases/org/apache/poi/poifs/eventfilesystem/Listener.java,14.0,0.0,0.0,1.0,0.0,2.0,0,0.0,0.0,0.0,0,false
src/testcases/org/apache/poi/poifs/eventfilesystem/TestPOIFSReaderRegistry.java,90.0,3.0,4.0,4.0,14.0,11.0,0,0.0,0.0,0.0,0,false
src/testcases/org/apache/poi/poifs/filesystem/ReaderWriter.java,98.0,5.0,0.0,4.0,29.0,11.0,0,0.0,0.0,0.0,0,false
src/testcases/org/apache/poi/poifs/filesystem/TestDirectoryNode.java,125.0,5.0,15.0,6.0,45.0,15.0,0,0.0,0.0,0.0,0,false
src/testcases/org/apache/poi/poifs/filesystem/TestDocument.java,131.0,8.0,15.0,6.0,22.0,21.0,1,0.005494505494505495,118.8,1478.2210983372702,1,false
src/testcases/org/apache/poi/poifs/filesystem/TestDocumentDescriptor.java,83.0,1.0,3.0,3.0,5.0,8.0,0,0.0,0.0,0.0,0,false
src/testcases/org/apache/poi/poifs/filesystem/TestDocumentInputStream.java,256.0,6.0,0.0,9.0,39.0,30.0,0,0.0,0.0,0.0,0,false
src/testcases/org/apache/poi/poifs/filesystem/TestDocumentNode.java,43.0,5.0,3.0,3.0,11.0,6.0,0,0.0,0.0,0.0,0,false
src/testcases/org/apache/poi/poifs/filesystem/TestDocumentOutputStream.java,126.0,6.0,15.0,6.0,26.0,20.0,0,0.0,0.0,0.0,0,false
src/testcases/org/apache/poi/poifs/filesystem/TestPOIFSDocumentPath.java,159.0,1.0,15.0,6.0,22.0,18.0,0,0.0,0.0,0.0,0,true
src/testcases/org/apache/poi/poifs/property/LocalProperty.java,23.0,0.0,3.0,3.0,2.0,4.0,0,0.0,0.0,0.0,0,false
src/testcases/org/apache/poi/poifs/property/TestDirectoryProperty.java,220.0,4.0,24.0,12.0,52.0,35.0,0,0.0,0.0,0.0,0,false
src/testcases/org/apache/poi/poifs/property/TestDocumentProperty.java,102.0,4.0,15.0,6.0,18.0,19.0,0,0.0,0.0,0.0,0,false
src/testcases/org/apache/poi/poifs/property/TestPropertyFactory.java,63.0,4.0,3.0,3.0,10.0,8.0,0,0.0,0.0,0.0,0,false
src/testcases/org/apache/poi/poifs/property/TestPropertyTable.java,117.0,5.0,6.0,4.0,20.0,11.0,0,0.0,0.0,0.0,0,true
src/testcases/org/apache/poi/poifs/property/TestRootProperty.java,104.0,4.0,22.0,8.0,24.0,21.0,0,0.0,0.0,0.0,0,false
src/testcases/org/apache/poi/poifs/storage/LocalProperty.java,21.0,1.0,3.0,3.0,1.0,4.0,0,0.0,0.0,0.0,0,false
src/testcases/org/apache/poi/poifs/storage/LocalRawDataBlockList.java,116.0,4.0,6.0,8.0,10.0,25.0,0,0.0,0.0,0.0,0,true
src/testcases/org/apache/poi/poifs/storage/TestBATBlock.java,159.0,3.0,55.0,11.0,26.0,26.0,0,0.0,0.0,0.0,0,true
src/testcases/org/apache/poi/poifs/storage/TestBlockAllocationTableReader.java,143.0,6.0,10.0,5.0,22.0,20.0,0,0.0,0.0,0.0,0,true
src/testcases/org/apache/poi/poifs/storage/TestBlockAllocationTableWriter.java,112.0,6.0,15.0,6.0,17.0,14.0,0,0.0,0.0,0.0,0,true
src/testcases/org/apache/poi/poifs/storage/TestBlockListImpl.java,169.0,5.0,15.0,6.0,22.0,21.0,0,0.0,0.0,0.0,0,true
src/testcases/org/apache/poi/poifs/storage/TestDocumentBlock.java,98.0,3.0,9.0,6.0,18.0,19.0,0,0.0,0.0,0.0,0,true
src/testcases/org/apache/poi/poifs/storage/TestHeaderBlockReader.java,48.0,5.0,3.0,3.0,6.0,7.0,0,0.0,0.0,0.0,0,false
src/testcases/org/apache/poi/poifs/storage/TestHeaderBlockWriter.java,140.0,5.0,15.0,6.0,21.0,15.0,0,0.0,0.0,0.0,0,true
src/testcases/org/apache/poi/poifs/storage/TestPropertyBlock.java,161.0,4.0,10.0,5.0,10.0,13.0,0,0.0,0.0,0.0,0,true
src/testcases/org/apache/poi/poifs/storage/TestRawDataBlock.java,70.0,2.0,10.0,5.0,10.0,13.0,0,0.0,0.0,0.0,0,true
src/testcases/org/apache/poi/poifs/storage/TestRawDataBlockList.java,56.0,2.0,10.0,5.0,3.0,12.0,0,0.0,0.0,0.0,0,true
src/testcases/org/apache/poi/poifs/storage/TestSmallBlockTableReader.java,34.0,5.0,3.0,3.0,4.0,5.0,0,0.0,0.0,0.0,0,true
src/testcases/org/apache/poi/poifs/storage/TestSmallBlockTableWriter.java,48.0,6.0,3.0,3.0,10.0,5.0,0,0.0,0.0,0.0,0,true
src/testcases/org/apache/poi/poifs/storage/TestSmallDocumentBlock.java,171.0,3.0,26.0,8.0,36.0,27.0,0,0.0,0.0,0.0,0,true
src/testcases/org/apache/poi/poifs/storage/TestSmallDocumentBlockList.java,46.0,2.0,3.0,3.0,5.0,7.0,0,0.0,0.0,0.0,0,true
src/testcases/org/apache/poi/util/LocalTestNode.java,70.0,0.0,16.0,8.0,11.0,16.0,0,0.0,0.0,0.0,0,true
src/testcases/org/apache/poi/util/TestBinaryTree.java,2048.0,2.0,406.0,29.0,350.0,101.0,0,0.0,0.0,0.0,0,true
src/testcases/org/apache/poi/util/TestBitField.java,179.0,1.0,0.0,17.0,39.0,21.0,0,0.0,0.0,0.0,0,false
src/testcases/org/apache/poi/util/TestByteField.java,126.0,2.0,1.0,7.0,19.0,15.0,0,0.0,0.0,0.0,0,false
src/testcases/org/apache/poi/util/TestHexDump.java,191.0,2.0,15.0,6.0,13.0,16.0,0,0.0,0.0,0.0,0,false
src/testcases/org/apache/poi/util/TestIntList.java,476.0,1.0,190.0,20.0,86.0,55.0,0,0.0,0.0,0.0,0,false
src/testcases/org/apache/poi/util/TestIntegerField.java,144.0,2.0,1.0,7.0,18.0,15.0,0,0.0,0.0,0.0,0,false
src/testcases/org/apache/poi/util/TestLittleEndian.java,293.0,3.0,139.0,18.0,47.0,42.0,0,0.0,0.0,0.0,0,true
src/testcases/org/apache/poi/util/TestLongField.java,164.0,2.0,1.0,7.0,18.0,15.0,0,0.0,0.0,0.0,0,true
src/testcases/org/apache/poi/util/TestPOILogFactory.java,40.0,2.0,3.0,3.0,4.0,4.0,0,0.0,0.0,0.0,0,false
src/testcases/org/apache/poi/util/TestPOILogger.java,26.0,1.0,1.0,2.0,3.0,4.0,0,0.0,0.0,0.0,0,true
src/testcases/org/apache/poi/util/TestShortField.java,134.0,2.0,1.0,7.0,18.0,15.0,0,0.0,0.0,0.0,0,false
src/testcases/org/apache/poi/util/TestShortList.java,476.0,1.0,190.0,20.0,86.0,55.0,0,0.0,0.0,0.0,0,false
src/testcases/org/apache/poi/util/TestStringUtil.java,156.0,2.0,55.0,11.0,25.0,27.0,0,0.0,0.0,0.0,0,true
