name,LOC,CBO,LCOM,NOM,RFC,WMC,numOfChanges,bccm,structuralWorkloadSum,semanticWorkloadSum,numberOfDeveloper,isBuggy
src/contrib/src/org/apache/poi/contrib/poibrowser/Codec.java,142.0,4.0,55.0,11.0,26.0,32.0,1,0.00819672131147541,411.3207547169811,2598.125123387484,1,false
src/examples/src/org/apache/poi/hpsf/examples/CopyCompare.java,312.0,29.0,3.0,3.0,26.0,22.0,1,0.00819672131147541,411.3207547169811,2598.125123387484,1,false
src/examples/src/org/apache/poi/hpsf/examples/ReadCustomPropertySets.java,65.0,13.0,3.0,3.0,4.0,6.0,0,0.0,0.0,0.0,0,false
src/examples/src/org/apache/poi/hpsf/examples/ReadTitle.java,38.0,7.0,0.0,1.0,2.0,4.0,0,0.0,0.0,0.0,0,false
src/examples/src/org/apache/poi/hpsf/examples/WriteAuthorAndTitle.java,217.0,28.0,0.0,1.0,6.0,3.0,1,0.00819672131147541,411.3207547169811,2598.125123387484,1,false
src/examples/src/org/apache/poi/hpsf/examples/WriteTitle.java,36.0,12.0,0.0,1.0,12.0,4.0,0,0.0,0.0,0.0,0,false
src/java/org/apache/poi/hpsf/ClassID.java,129.0,1.0,0.0,9.0,5.0,25.0,1,0.00819672131147541,411.3207547169811,2598.125123387484,1,true
src/java/org/apache/poi/hpsf/DocumentSummaryInformation.java,169.0,4.0,136.0,17.0,31.0,60.0,0,0.0,0.0,0.0,0,true
src/java/org/apache/poi/hpsf/IllegalPropertySetDataException.java,40.0,0.0,6.0,4.0,0.0,4.0,0,0.0,0.0,0.0,0,false
src/java/org/apache/poi/hpsf/MutableProperty.java,63.0,2.0,15.0,6.0,10.0,10.0,1,0.00819672131147541,411.3207547169811,2598.125123387484,1,true
src/java/org/apache/poi/hpsf/MutablePropertySet.java,143.0,10.0,45.0,10.0,30.0,22.0,0,0.0,0.0,0.0,0,true
src/java/org/apache/poi/hpsf/MutableSection.java,325.0,9.0,73.0,18.0,63.0,54.0,1,0.00819672131147541,411.3207547169811,2598.125123387484,1,true
src/java/org/apache/poi/hpsf/Property.java,229.0,5.0,0.0,10.0,32.0,37.0,1,0.00819672131147541,411.3207547169811,2598.125123387484,1,true
src/java/org/apache/poi/hpsf/PropertySet.java,411.0,7.0,220.0,24.0,62.0,90.0,1,0.00819672131147541,411.3207547169811,2598.125123387484,1,true
src/java/org/apache/poi/hpsf/PropertySetFactory.java,32.0,3.0,0.0,1.0,3.0,7.0,0,0.0,0.0,0.0,0,true
src/java/org/apache/poi/hpsf/Section.java,349.0,9.0,131.0,18.0,44.0,64.0,1,0.00819672131147541,411.3207547169811,2598.125123387484,1,true
src/java/org/apache/poi/hpsf/SummaryInformation.java,199.0,2.0,171.0,19.0,22.0,53.0,1,0.00819672131147541,411.3207547169811,2598.125123387484,1,true
src/java/org/apache/poi/hpsf/TypeWriter.java,93.0,3.0,15.0,6.0,13.0,25.0,1,0.00819672131147541,411.3207547169811,2598.125123387484,1,false
src/java/org/apache/poi/hpsf/Util.java,223.0,5.0,76.0,13.0,16.0,42.0,0,0.0,0.0,0.0,0,false
src/java/org/apache/poi/hpsf/VariantSupport.java,278.0,8.0,13.0,6.0,28.0,32.0,1,0.00819672131147541,411.3207547169811,2598.125123387484,1,true
src/java/org/apache/poi/hpsf/wellknown/PropertyIDMap.java,281.0,1.0,15.0,6.0,7.0,19.0,0,0.0,0.0,0.0,0,true
src/java/org/apache/poi/hssf/dev/EFBiffViewer.java,45.0,10.0,8.0,5.0,12.0,12.0,0,0.0,0.0,0.0,0,true
src/java/org/apache/poi/hssf/dev/EFHSSF.java,99.0,12.0,9.0,6.0,29.0,17.0,0,0.0,0.0,0.0,0,false
src/java/org/apache/poi/hssf/model/Sheet.java,1651.0,5.0,5166.0,116.0,365.0,301.0,0,0.0,0.0,0.0,0,true
src/java/org/apache/poi/hssf/model/Workbook.java,1574.0,9.0,2593.0,83.0,290.0,238.0,1,0.00819672131147541,0.0,0.0,1,true
src/java/org/apache/poi/hssf/model/WorkbookRecordList.java,138.0,5.0,225.0,27.0,45.0,45.0,0,0.0,0.0,0.0,0,true
src/java/org/apache/poi/hssf/record/BoolErrRecord.java,255.0,1.0,321.0,30.0,26.0,78.0,0,0.0,0.0,0.0,0,true
src/java/org/apache/poi/hssf/record/BoundSheetRecord.java,179.0,2.0,136.0,20.0,27.0,44.0,1,0.00819672131147541,411.3207547169811,2598.125123387484,1,true
src/java/org/apache/poi/hssf/record/DBCellRecord.java,127.0,1.0,88.0,16.0,16.0,35.0,0,0.0,0.0,0.0,0,true
src/java/org/apache/poi/hssf/record/ExtSSTInfoSubRecord.java,66.0,1.0,64.0,13.0,12.0,19.0,0,0.0,0.0,0.0,0,false
src/java/org/apache/poi/hssf/record/ExtSSTRecord.java,126.0,2.0,88.0,17.0,24.0,35.0,0,0.0,0.0,0.0,0,true
src/java/org/apache/poi/hssf/record/IndexRecord.java,130.0,2.0,115.0,19.0,22.0,39.0,0,0.0,0.0,0.0,0,true
src/java/org/apache/poi/hssf/record/LabelRecord.java,184.0,2.0,217.0,23.0,19.0,54.0,0,0.0,0.0,0.0,0,true
src/java/org/apache/poi/hssf/record/MergeCellsRecord.java,185.0,3.0,11.0,15.0,18.0,34.0,1,0.00819672131147541,24.0,3.156850747863079,1,false
src/java/org/apache/poi/hssf/record/SSTDeserializer.java,374.0,3.0,105.0,23.0,61.0,60.0,0,0.0,0.0,0.0,0,true
src/java/org/apache/poi/hssf/record/SSTRecord.java,399.0,5.0,106.0,25.0,43.0,63.0,0,0.0,0.0,0.0,0,true
src/java/org/apache/poi/hssf/record/SSTSerializer.java,149.0,4.0,0.0,12.0,32.0,32.0,0,0.0,0.0,0.0,0,true
src/java/org/apache/poi/hssf/record/StringRecord.java,141.0,2.0,68.0,17.0,16.0,41.0,0,0.0,0.0,0.0,0,true
src/java/org/apache/poi/hssf/record/aggregates/RowRecordsAggregate.java,232.0,8.0,70.0,24.0,54.0,73.0,0,0.0,0.0,0.0,0,true
src/java/org/apache/poi/hssf/record/aggregates/ValueRecordsAggregate.java,366.0,8.0,387.0,31.0,99.0,92.0,0,0.0,0.0,0.0,0,true
src/java/org/apache/poi/hssf/usermodel/HSSFFont.java,238.0,1.0,0.0,20.0,20.0,34.0,1,0.00819672131147541,411.3207547169811,2598.125123387484,1,true
src/java/org/apache/poi/hssf/usermodel/HSSFWorkbook.java,670.0,23.0,52.0,52.0,158.0,143.0,1,0.00819672131147541,411.3207547169811,2598.125123387484,1,true
src/java/org/apache/poi/poifs/filesystem/DirectoryEntry.java,73.0,3.0,36.0,9.0,0.0,24.0,0,0.0,0.0,0.0,0,false
src/java/org/apache/poi/poifs/filesystem/DirectoryNode.java,243.0,7.0,94.0,20.0,45.0,60.0,0,0.0,0.0,0.0,0,true
src/java/org/apache/poi/poifs/filesystem/POIFSFileSystem.java,244.0,20.0,106.0,17.0,76.0,51.0,0,0.0,0.0,0.0,0,true
src/java/org/apache/poi/poifs/property/Property.java,368.0,9.0,284.0,32.0,34.0,72.0,0,0.0,0.0,0.0,0,false
src/scratchpad/src/org/apache/poi/hdf/generator/HDFFieldIterator.java,42.0,2.0,3.0,3.0,7.0,11.0,1,0.00819672131147541,121.1578947368421,3611.216165705015,1,false
src/scratchpad/src/org/apache/poi/hwpf/HWPFDocument.java,197.0,12.0,10.0,9.0,61.0,22.0,1,0.00819672131147541,121.1578947368421,3611.216165705015,1,true
src/scratchpad/src/org/apache/poi/hwpf/Range.java,223.0,26.0,57.0,27.0,106.0,63.0,1,0.00819672131147541,121.1578947368421,3611.216165705015,1,false
src/scratchpad/src/org/apache/poi/hwpf/model/hdftypes/CHPBinTable.java,121.0,7.0,0.0,6.0,37.0,18.0,1,0.00819672131147541,121.1578947368421,3611.216165705015,1,false
src/scratchpad/src/org/apache/poi/hwpf/model/hdftypes/CHPFormattedDiskPage.java,97.0,3.0,7.0,7.0,17.0,17.0,2,0.01639344262295082,532.4786494538232,6209.341289092499,2,false
src/scratchpad/src/org/apache/poi/hwpf/model/hdftypes/CHPX.java,15.0,1.0,3.0,3.0,2.0,5.0,1,0.00819672131147541,121.1578947368421,3611.216165705015,1,false
src/scratchpad/src/org/apache/poi/hwpf/model/hdftypes/DocumentProperties.java,9.0,2.0,0.0,1.0,0.0,1.0,1,0.00819672131147541,121.1578947368421,3611.216165705015,1,false
src/scratchpad/src/org/apache/poi/hwpf/model/hdftypes/FileInformationBlock.java,41.0,5.0,3.0,3.0,11.0,9.0,1,0.00819672131147541,121.1578947368421,3611.216165705015,1,false
src/scratchpad/src/org/apache/poi/hwpf/model/hdftypes/ListData.java,56.0,2.0,0.0,6.0,5.0,14.0,1,0.00819672131147541,121.1578947368421,3611.216165705015,1,false
src/scratchpad/src/org/apache/poi/hwpf/model/hdftypes/ListFormatOverride.java,44.0,1.0,0.0,6.0,4.0,10.0,1,0.00819672131147541,121.1578947368421,3611.216165705015,1,false
src/scratchpad/src/org/apache/poi/hwpf/model/hdftypes/ListFormatOverrideLevel.java,34.0,2.0,0.0,3.0,8.0,6.0,1,0.00819672131147541,121.1578947368421,3611.216165705015,1,false
src/scratchpad/src/org/apache/poi/hwpf/model/hdftypes/ListLevel.java,85.0,2.0,0.0,3.0,8.0,7.0,1,0.00819672131147541,121.1578947368421,3611.216165705015,1,false
src/scratchpad/src/org/apache/poi/hwpf/model/hdftypes/ListTables.java,64.0,5.0,0.0,3.0,21.0,8.0,1,0.00819672131147541,121.1578947368421,3611.216165705015,1,false
src/scratchpad/src/org/apache/poi/hwpf/model/hdftypes/PAPBinTable.java,93.0,6.0,0.0,5.0,31.0,15.0,1,0.00819672131147541,121.1578947368421,3611.216165705015,1,false
src/scratchpad/src/org/apache/poi/hwpf/model/hdftypes/PAPX.java,35.0,3.0,9.0,6.0,5.0,14.0,1,0.00819672131147541,121.1578947368421,3611.216165705015,1,false
src/scratchpad/src/org/apache/poi/hwpf/model/hdftypes/PropertyNode.java,81.0,3.0,11.0,10.0,5.0,24.0,2,0.01639344262295082,532.4786494538232,6209.341289092499,2,false
src/scratchpad/src/org/apache/poi/hwpf/model/hdftypes/SectionTable.java,57.0,5.0,0.0,4.0,28.0,11.0,1,0.00819672131147541,121.1578947368421,3611.216165705015,1,false
src/scratchpad/src/org/apache/poi/hwpf/model/hdftypes/StyleDescription.java,158.0,6.0,21.0,11.0,15.0,28.0,1,0.00819672131147541,121.1578947368421,3611.216165705015,1,false
src/scratchpad/src/org/apache/poi/hwpf/model/hdftypes/StyleSheet.java,189.0,8.0,0.0,8.0,21.0,27.0,2,0.01639344262295082,532.4786494538232,6209.341289092499,2,false
src/scratchpad/src/org/apache/poi/hwpf/model/hdftypes/TextPiece.java,48.0,1.0,0.0,6.0,4.0,16.0,2,0.01639344262295082,532.4786494538232,6209.341289092499,2,false
src/scratchpad/src/org/apache/poi/hwpf/model/hdftypes/TextPieceTable.java,92.0,6.0,0.0,6.0,33.0,20.0,1,0.00819672131147541,121.1578947368421,3611.216165705015,1,false
src/scratchpad/src/org/apache/poi/hwpf/model/hdftypes/UPX.java,16.0,1.0,0.0,4.0,1.0,7.0,1,0.00819672131147541,121.1578947368421,3611.216165705015,1,false
src/scratchpad/src/org/apache/poi/hwpf/model/hdftypes/definitions/CHPAbstractType.java,926.0,6.0,8479.0,142.0,54.0,341.0,1,0.00819672131147541,121.1578947368421,3611.216165705015,1,false
src/scratchpad/src/org/apache/poi/hwpf/model/hdftypes/definitions/DOPAbstractType.java,2268.0,6.0,37937.0,295.0,337.0,565.0,1,0.00819672131147541,121.1578947368421,3611.216165705015,1,false
src/scratchpad/src/org/apache/poi/hwpf/model/hdftypes/definitions/FIBAbstractType.java,4594.0,6.0,131982.0,521.0,302.0,1259.0,1,0.00819672131147541,121.1578947368421,3611.216165705015,1,false
src/scratchpad/src/org/apache/poi/hwpf/model/hdftypes/definitions/PAPAbstractType.java,926.0,6.0,9823.0,142.0,6.0,347.0,1,0.00819672131147541,121.1578947368421,3611.216165705015,1,false
src/scratchpad/src/org/apache/poi/hwpf/model/hdftypes/definitions/SEPAbstractType.java,783.0,6.0,7022.0,120.0,0.0,298.0,1,0.00819672131147541,121.1578947368421,3611.216165705015,1,false
src/scratchpad/src/org/apache/poi/hwpf/model/hdftypes/definitions/TAPAbstractType.java,224.0,6.0,529.0,34.0,0.0,83.0,1,0.00819672131147541,121.1578947368421,3611.216165705015,1,false
src/scratchpad/src/org/apache/poi/hwpf/model/hdftypes/definitions/TCAbstractType.java,246.0,6.0,98.0,33.0,35.0,61.0,1,0.00819672131147541,121.1578947368421,3611.216165705015,1,false
src/scratchpad/src/org/apache/poi/hwpf/sprm/CharacterSprmCompresser.java,196.0,5.0,1.0,2.0,44.0,5.0,1,0.00819672131147541,121.1578947368421,3611.216165705015,1,false
src/scratchpad/src/org/apache/poi/hwpf/sprm/CharacterSprmCompressor.java,194.0,5.0,1.0,2.0,43.0,5.0,1,0.00819672131147541,121.1578947368421,3611.216165705015,1,false
src/scratchpad/src/org/apache/poi/hwpf/sprm/CharacterSprmUncompressor.java,414.0,6.0,10.0,5.0,80.0,23.0,1,0.00819672131147541,121.1578947368421,3611.216165705015,1,true
src/scratchpad/src/org/apache/poi/hwpf/sprm/ParagraphSprmCompressor.java,183.0,5.0,1.0,2.0,63.0,5.0,1,0.00819672131147541,121.1578947368421,3611.216165705015,1,true
src/scratchpad/src/org/apache/poi/hwpf/sprm/ParagraphSprmUncompressor.java,309.0,10.0,6.0,4.0,94.0,17.0,1,0.00819672131147541,121.1578947368421,3611.216165705015,1,true
src/scratchpad/src/org/apache/poi/hwpf/sprm/SectionSprmCompressor.java,154.0,10.0,1.0,2.0,54.0,4.0,1,0.00819672131147541,121.1578947368421,3611.216165705015,1,false
src/scratchpad/src/org/apache/poi/hwpf/sprm/SectionSprmUncompressor.java,182.0,2.0,3.0,3.0,56.0,10.0,1,0.00819672131147541,121.1578947368421,3611.216165705015,1,false
src/scratchpad/src/org/apache/poi/hwpf/sprm/SprmBuffer.java,48.0,1.0,0.0,7.0,11.0,9.0,1,0.00819672131147541,121.1578947368421,3611.216165705015,1,false
src/scratchpad/src/org/apache/poi/hwpf/sprm/SprmIterator.java,22.0,0.0,0.0,3.0,1.0,5.0,1,0.00819672131147541,121.1578947368421,3611.216165705015,1,false
src/scratchpad/src/org/apache/poi/hwpf/sprm/SprmOperation.java,83.0,2.0,0.0,8.0,4.0,19.0,1,0.00819672131147541,121.1578947368421,3611.216165705015,1,false
src/scratchpad/src/org/apache/poi/hwpf/sprm/SprmUncompressor.java,18.0,0.0,1.0,2.0,0.0,5.0,1,0.00819672131147541,121.1578947368421,3611.216165705015,1,false
src/scratchpad/src/org/apache/poi/hwpf/sprm/SprmUtils.java,68.0,2.0,10.0,5.0,10.0,13.0,1,0.00819672131147541,121.1578947368421,3611.216165705015,1,false
src/scratchpad/src/org/apache/poi/hwpf/sprm/TableSprmCompressor.java,62.0,7.0,1.0,2.0,20.0,5.0,1,0.00819672131147541,121.1578947368421,3611.216165705015,1,false
src/scratchpad/src/org/apache/poi/hwpf/sprm/TableSprmUncompressor.java,146.0,4.0,3.0,3.0,30.0,12.0,1,0.00819672131147541,121.1578947368421,3611.216165705015,1,false
src/scratchpad/src/org/apache/poi/hwpf/usermodel/BorderCode.java,36.0,2.0,9.0,7.0,4.0,14.0,1,0.00819672131147541,121.1578947368421,3611.216165705015,1,true
src/scratchpad/src/org/apache/poi/hwpf/usermodel/CharacterProperties.java,263.0,3.0,361.0,39.0,58.0,98.0,1,0.00819672131147541,121.1578947368421,3611.216165705015,1,true
src/scratchpad/src/org/apache/poi/hwpf/usermodel/CharacterRange.java,8.0,2.0,1.0,2.0,0.0,2.0,1,0.00819672131147541,121.1578947368421,3611.216165705015,1,false
src/scratchpad/src/org/apache/poi/hwpf/usermodel/CharacterRun.java,263.0,3.0,361.0,39.0,58.0,98.0,1,0.00819672131147541,121.1578947368421,3611.216165705015,1,true
src/scratchpad/src/org/apache/poi/hwpf/usermodel/DateAndTime.java,28.0,2.0,4.0,5.0,2.0,9.0,1,0.00819672131147541,121.1578947368421,3611.216165705015,1,false
src/scratchpad/src/org/apache/poi/hwpf/usermodel/LineSpacingDescriptor.java,27.0,1.0,3.0,7.0,2.0,11.0,1,0.00819672131147541,121.1578947368421,3611.216165705015,1,false
src/scratchpad/src/org/apache/poi/hwpf/usermodel/Paragraph.java,88.0,3.0,1.0,2.0,3.0,4.0,1,0.00819672131147541,121.1578947368421,3611.216165705015,1,true
src/scratchpad/src/org/apache/poi/hwpf/usermodel/ParagraphProperties.java,88.0,3.0,1.0,2.0,3.0,4.0,1,0.00819672131147541,121.1578947368421,3611.216165705015,1,true
src/scratchpad/src/org/apache/poi/hwpf/usermodel/ParagraphRange.java,8.0,2.0,1.0,2.0,0.0,2.0,1,0.00819672131147541,121.1578947368421,3611.216165705015,1,false
src/scratchpad/src/org/apache/poi/hwpf/usermodel/Section.java,18.0,1.0,1.0,2.0,1.0,4.0,1,0.00819672131147541,121.1578947368421,3611.216165705015,1,false
src/scratchpad/src/org/apache/poi/hwpf/usermodel/SectionProperties.java,18.0,1.0,1.0,2.0,1.0,4.0,1,0.00819672131147541,121.1578947368421,3611.216165705015,1,false
src/scratchpad/src/org/apache/poi/hwpf/usermodel/SectionRange.java,8.0,2.0,1.0,2.0,0.0,2.0,1,0.00819672131147541,121.1578947368421,3611.216165705015,1,false
src/scratchpad/src/org/apache/poi/hwpf/usermodel/ShadingDescriptor.java,21.0,2.0,4.0,5.0,2.0,8.0,1,0.00819672131147541,121.1578947368421,3611.216165705015,1,false
src/scratchpad/src/org/apache/poi/hwpf/usermodel/TableCellDescriptor.java,18.0,1.0,3.0,3.0,2.0,6.0,1,0.00819672131147541,121.1578947368421,3611.216165705015,1,false
src/scratchpad/src/org/apache/poi/hwpf/usermodel/TableProperties.java,23.0,1.0,1.0,2.0,1.0,5.0,1,0.00819672131147541,121.1578947368421,3611.216165705015,1,false
src/testcases/org/apache/poi/hpsf/basic/TestBasic.java,144.0,18.0,16.0,9.0,43.0,33.0,0,0.0,0.0,0.0,0,false
src/testcases/org/apache/poi/hpsf/basic/TestClassID.java,74.0,3.0,10.0,5.0,11.0,10.0,1,0.00819672131147541,411.3207547169811,2598.125123387484,1,false
src/testcases/org/apache/poi/hpsf/basic/TestEmptyProperties.java,109.0,13.0,3.0,6.0,33.0,23.0,0,0.0,0.0,0.0,0,false
src/testcases/org/apache/poi/hpsf/basic/TestWrite.java,492.0,39.0,159.0,19.0,146.0,65.0,2,0.01639344262295082,462.92075471698115,2649.058849599191,2,true
src/testcases/org/apache/poi/hssf/model/TestFormulaParser.java,206.0,2.0,231.0,22.0,79.0,31.0,1,0.00819672131147541,51.599999999999994,50.933726211706826,1,true
src/testcases/org/apache/poi/hssf/record/TestBoundSheetRecord.java,43.0,1.0,6.0,4.0,12.0,8.0,0,0.0,0.0,0.0,0,true
src/testcases/org/apache/poi/hssf/record/TestMergeCellsRecord.java,25.0,2.0,0.0,1.0,7.0,2.0,1,0.00819672131147541,24.0,3.156850747863079,1,true
src/testcases/org/apache/poi/hssf/record/TestSSTDeserializer.java,64.0,4.0,0.0,6.0,21.0,11.0,0,0.0,0.0,0.0,0,true
src/testcases/org/apache/poi/hssf/record/TestSSTRecord.java,321.0,9.0,24.0,9.0,73.0,23.0,0,0.0,0.0,0.0,0,true
src/testcases/org/apache/poi/hssf/usermodel/TestBugs.java,286.0,8.0,190.0,20.0,106.0,45.0,1,0.00819672131147541,51.599999999999994,50.933726211706826,1,true
src/testcases/org/apache/poi/hssf/usermodel/TestCloneSheet.java,23.0,4.0,1.0,2.0,6.0,3.0,0,0.0,0.0,0.0,0,false
src/testcases/org/apache/poi/hssf/usermodel/TestHSSFCell.java,153.0,15.0,15.0,6.0,75.0,13.0,0,0.0,0.0,0.0,0,true
src/testcases/org/apache/poi/hssf/usermodel/TestSheetShiftRows.java,98.0,6.0,6.0,4.0,20.0,11.0,0,0.0,0.0,0.0,0,true
src/testcases/org/apache/poi/poifs/property/TestDocumentProperty.java,102.0,4.0,15.0,6.0,18.0,19.0,0,0.0,0.0,0.0,0,false
src/testcases/org/apache/poi/poifs/property/TestRootProperty.java,105.0,4.0,22.0,8.0,26.0,21.0,0,0.0,0.0,0.0,0,false
