name,LOC,CBO,LCOM,NOM,RFC,WMC,numOfChanges,bccm,structuralWorkloadSum,semanticWorkloadSum,numberOfDeveloper,isBuggy
src/contrib/src/org/apache/poi/hssf/contrib/view/SVFractionalFormat.java,180.0,1.0,22.0,8.0,12.0,34.0,1,0.001076426264800861,7089.5646606914215,912384.3533763174,1,true
src/contrib/src/org/apache/poi/hssf/contrib/view/SVTableCellEditor.java,135.0,9.0,49.0,11.0,36.0,26.0,1,0.001076426264800861,7089.5646606914215,912384.3533763174,1,true
src/contrib/src/org/apache/poi/hssf/contrib/view/SVTableUtils.java,61.0,5.0,3.0,3.0,7.0,9.0,1,0.001076426264800861,7089.5646606914215,912384.3533763174,1,true
src/contrib/src/org/apache/poi/hssf/usermodel/contrib/HSSFRegionUtil.java,162.0,8.0,36.0,9.0,48.0,34.0,1,0.001076426264800861,7089.5646606914215,912384.3533763174,1,true
src/java/org/apache/poi/dev/RecordGenerator.java,67.0,5.0,1.0,2.0,24.0,11.0,1,0.001076426264800861,7089.5646606914215,912384.3533763174,1,false
src/java/org/apache/poi/hpsf/Property.java,229.0,5.0,0.0,10.0,32.0,38.0,1,0.001076426264800861,7089.5646606914215,912384.3533763174,1,true
src/java/org/apache/poi/hssf/eventusermodel/AbortableHSSFListener.java,32.0,2.0,1.0,2.0,0.0,5.0,1,0.001076426264800861,7089.5646606914215,912384.3533763174,1,false
src/java/org/apache/poi/hssf/eventusermodel/HSSFEventFactory.java,119.0,9.0,15.0,6.0,12.0,26.0,1,0.001076426264800861,7089.5646606914215,912384.3533763174,1,true
src/java/org/apache/poi/hssf/eventusermodel/HSSFListener.java,14.0,1.0,0.0,1.0,0.0,1.0,1,0.001076426264800861,7089.5646606914215,912384.3533763174,1,false
src/java/org/apache/poi/hssf/eventusermodel/HSSFRequest.java,84.0,5.0,0.0,4.0,10.0,14.0,1,0.001076426264800861,7089.5646606914215,912384.3533763174,1,true
src/java/org/apache/poi/hssf/model/FormulaParser.java,757.0,5.0,632.0,53.0,187.0,150.0,1,0.001076426264800861,7089.5646606914215,912384.3533763174,1,true
src/java/org/apache/poi/hssf/record/BOFRecord.java,226.0,1.0,163.0,22.0,20.0,40.0,1,0.001076426264800861,7089.5646606914215,912384.3533763174,1,true
src/java/org/apache/poi/hssf/record/BookBoolRecord.java,74.0,1.0,37.0,11.0,7.0,20.0,1,0.001076426264800861,7089.5646606914215,912384.3533763174,1,true
src/java/org/apache/poi/hssf/record/BoundSheetRecord.java,179.0,2.0,136.0,20.0,27.0,44.0,1,0.001076426264800861,7089.5646606914215,912384.3533763174,1,true
src/java/org/apache/poi/hssf/record/CodepageRecord.java,81.0,1.0,43.0,11.0,8.0,22.0,1,0.001076426264800861,7089.5646606914215,912384.3533763174,1,true
src/java/org/apache/poi/hssf/record/ExtendedFormatRecord.java,1132.0,2.0,3249.0,95.0,127.0,204.0,1,0.001076426264800861,7089.5646606914215,912384.3533763174,1,true
src/java/org/apache/poi/hssf/record/PaletteRecord.java,125.0,3.0,40.0,13.0,15.0,31.0,1,0.001076426264800861,7089.5646606914215,912384.3533763174,1,true
src/java/org/apache/poi/hssf/record/formula/AbstractFunctionPtg.java,1144.0,2.0,77.0,14.0,14.0,30.0,1,0.001076426264800861,7089.5646606914215,912384.3533763174,1,true
src/java/org/apache/poi/hssf/record/formula/Area3DPtg.java,200.0,7.0,227.0,34.0,54.0,56.0,1,0.001076426264800861,7089.5646606914215,912384.3533763174,1,true
src/java/org/apache/poi/hssf/record/formula/AreaPtg.java,197.0,5.0,130.0,29.0,45.0,45.0,1,0.001076426264800861,7089.5646606914215,912384.3533763174,1,true
src/java/org/apache/poi/hssf/record/formula/GreaterThanPtg.java,82.0,2.0,43.0,10.0,2.0,20.0,1,0.001076426264800861,7089.5646606914215,912384.3533763174,1,true
src/java/org/apache/poi/hssf/record/formula/LessThanPtg.java,93.0,2.0,43.0,10.0,2.0,20.0,1,0.001076426264800861,7089.5646606914215,912384.3533763174,1,true
src/java/org/apache/poi/hssf/record/formula/Ptg.java,217.0,3.0,53.0,11.0,10.0,26.0,1,0.001076426264800861,7089.5646606914215,912384.3533763174,1,true
src/java/org/apache/poi/hssf/usermodel/HSSFDateUtil.java,154.0,3.0,43.0,10.0,19.0,34.0,1,0.001076426264800861,7089.5646606914215,912384.3533763174,1,true
src/java/org/apache/poi/hssf/usermodel/HSSFFont.java,238.0,1.0,0.0,20.0,20.0,34.0,1,0.001076426264800861,7089.5646606914215,912384.3533763174,1,true
src/java/org/apache/poi/hssf/usermodel/HSSFFooter.java,178.0,1.0,88.0,16.0,13.0,38.0,1,0.001076426264800861,7089.5646606914215,912384.3533763174,1,true
src/java/org/apache/poi/hssf/usermodel/HSSFHeader.java,178.0,1.0,88.0,16.0,13.0,38.0,1,0.001076426264800861,7089.5646606914215,912384.3533763174,1,true
src/java/org/apache/poi/hssf/usermodel/HSSFName.java,76.0,4.0,0.0,7.0,14.0,11.0,1,0.001076426264800861,7089.5646606914215,912384.3533763174,1,true
src/java/org/apache/poi/hssf/usermodel/HSSFPrintSetup.java,302.0,1.0,0.0,39.0,38.0,61.0,1,0.001076426264800861,7089.5646606914215,912384.3533763174,1,false
src/java/org/apache/poi/hssf/usermodel/HSSFRow.java,274.0,7.0,0.0,28.0,54.0,66.0,1,0.001076426264800861,7089.5646606914215,912384.3533763174,1,true
src/java/org/apache/poi/hssf/usermodel/HSSFWorkbook.java,670.0,23.0,52.0,52.0,158.0,143.0,1,0.001076426264800861,7089.5646606914215,912384.3533763174,1,true
src/java/org/apache/poi/hssf/util/Region.java,125.0,1.0,78.0,16.0,10.0,37.0,1,0.001076426264800861,7089.5646606914215,912384.3533763174,1,false
src/java/org/apache/poi/poifs/filesystem/POIFSDocumentPath.java,171.0,1.0,0.0,9.0,10.0,36.0,1,0.001076426264800861,7089.5646606914215,912384.3533763174,1,true
src/java/org/apache/poi/poifs/storage/BlockAllocationTableWriter.java,106.0,8.0,0.0,8.0,10.0,23.0,1,0.001076426264800861,7089.5646606914215,912384.3533763174,1,true
src/java/org/apache/poi/poifs/storage/SmallBlockTableWriter.java,76.0,5.0,3.0,6.0,16.0,16.0,1,0.001076426264800861,7089.5646606914215,912384.3533763174,1,true
src/java/org/apache/poi/util/CommonsLogger.java,85.0,3.0,0.0,3.0,18.0,8.0,1,0.001076426264800861,7089.5646606914215,912384.3533763174,1,false
src/java/org/apache/poi/util/LittleEndian.java,396.0,3.0,595.0,35.0,39.0,84.0,1,0.001076426264800861,684.8767123287671,29763.339622641513,1,true
src/java/org/apache/poi/util/NullLogger.java,290.0,1.0,231.0,22.0,0.0,40.0,1,0.001076426264800861,7089.5646606914215,912384.3533763174,1,false
src/java/org/apache/poi/util/POILogger.java,416.0,1.0,325.0,26.0,56.0,59.0,1,0.001076426264800861,7089.5646606914215,912384.3533763174,1,true
src/java/org/apache/poi/util/StringUtil.java,227.0,4.0,66.0,12.0,22.0,45.0,1,0.001076426264800861,7089.5646606914215,912384.3533763174,1,true
src/scratchpad/src/org/apache/poi/hdf/model/hdftypes/PropertyNode.java,53.0,0.0,0.0,5.0,1.0,14.0,1,0.001076426264800861,7089.5646606914215,912384.3533763174,1,false
src/scratchpad/src/org/apache/poi/hwpf/HWPFDocument.java,218.0,17.0,19.0,11.0,69.0,28.0,1,0.001076426264800861,684.8767123287671,29763.339622641513,1,true
src/scratchpad/src/org/apache/poi/hwpf/HWPFTestCase.java,15.0,5.0,1.0,3.0,2.0,5.0,1,0.001076426264800861,684.8767123287671,29763.339622641513,1,false
src/scratchpad/src/org/apache/poi/hwpf/model/CHPBinTable.java,126.0,8.0,0.0,6.0,38.0,18.0,1,0.001076426264800861,684.8767123287671,29763.339622641513,1,true
src/scratchpad/src/org/apache/poi/hwpf/model/CHPFormattedDiskPage.java,97.0,3.0,7.0,7.0,17.0,17.0,2,0.002152852529601722,7774.441373020189,942147.692998959,2,true
src/scratchpad/src/org/apache/poi/hwpf/model/CHPX.java,24.0,3.0,6.0,4.0,4.0,7.0,2,0.002152852529601722,7774.441373020189,942147.692998959,2,true
src/scratchpad/src/org/apache/poi/hwpf/model/CachedPropertyNode.java,18.0,2.0,4.0,4.0,1.0,7.0,2,0.002152852529601722,7774.441373020189,942147.692998959,2,false
src/scratchpad/src/org/apache/poi/hwpf/model/ComplexFileTable.java,33.0,3.0,0.0,3.0,6.0,9.0,2,0.002152852529601722,7774.441373020189,942147.692998959,2,false
src/scratchpad/src/org/apache/poi/hwpf/model/DocumentProperties.java,9.0,2.0,0.0,1.0,0.0,1.0,2,0.002152852529601722,7774.441373020189,942147.692998959,2,false
src/scratchpad/src/org/apache/poi/hwpf/model/FIBFieldHandler.java,157.0,6.0,0.0,8.0,11.0,17.0,2,0.002152852529601722,7774.441373020189,942147.692998959,2,true
src/scratchpad/src/org/apache/poi/hwpf/model/FIBLongHandler.java,55.0,3.0,0.0,5.0,4.0,10.0,2,0.002152852529601722,7774.441373020189,942147.692998959,2,false
src/scratchpad/src/org/apache/poi/hwpf/model/FIBShortHandler.java,34.0,3.0,0.0,4.0,2.0,9.0,2,0.002152852529601722,7774.441373020189,942147.692998959,2,false
src/scratchpad/src/org/apache/poi/hwpf/model/Ffn.java,133.0,3.0,11.0,15.0,18.0,32.0,2,0.002152852529601722,7774.441373020189,942147.692998959,2,false
src/scratchpad/src/org/apache/poi/hwpf/model/FileInformationBlock.java,166.0,8.0,0.0,46.0,49.0,73.0,2,0.002152852529601722,7774.441373020189,942147.692998959,2,true
src/scratchpad/src/org/apache/poi/hwpf/model/FontTable.java,81.0,4.0,0.0,10.0,14.0,25.0,2,0.002152852529601722,7774.441373020189,942147.692998959,2,false
src/scratchpad/src/org/apache/poi/hwpf/model/FormattedDiskPage.java,56.0,1.0,7.0,6.0,3.0,9.0,2,0.002152852529601722,7774.441373020189,942147.692998959,2,false
src/scratchpad/src/org/apache/poi/hwpf/model/GenericPropertyNode.java,8.0,0.0,1.0,2.0,0.0,3.0,2,0.002152852529601722,7774.441373020189,942147.692998959,2,false
src/scratchpad/src/org/apache/poi/hwpf/model/HDFType.java,5.0,0.0,0.0,0.0,0.0,0.0,2,0.002152852529601722,7774.441373020189,942147.692998959,2,false
src/scratchpad/src/org/apache/poi/hwpf/model/ListData.java,92.0,3.0,0.0,12.0,8.0,27.0,2,0.002152852529601722,7774.441373020189,942147.692998959,2,false
src/scratchpad/src/org/apache/poi/hwpf/model/ListFormatOverride.java,67.0,2.0,0.0,10.0,6.0,20.0,2,0.002152852529601722,7774.441373020189,942147.692998959,2,false
src/scratchpad/src/org/apache/poi/hwpf/model/ListFormatOverrideLevel.java,59.0,3.0,0.0,8.0,12.0,20.0,2,0.002152852529601722,7774.441373020189,942147.692998959,2,false
src/scratchpad/src/org/apache/poi/hwpf/model/ListLevel.java,142.0,7.0,0.0,15.0,13.0,28.0,2,0.002152852529601722,7774.441373020189,942147.692998959,2,true
src/scratchpad/src/org/apache/poi/hwpf/model/ListTables.java,131.0,8.0,0.0,9.0,42.0,27.0,2,0.002152852529601722,7774.441373020189,942147.692998959,2,true
src/scratchpad/src/org/apache/poi/hwpf/model/PAPBinTable.java,118.0,7.0,0.0,6.0,40.0,21.0,1,0.001076426264800861,684.8767123287671,29763.339622641513,1,true
src/scratchpad/src/org/apache/poi/hwpf/model/PAPFormattedDiskPage.java,136.0,5.0,12.0,8.0,21.0,21.0,2,0.002152852529601722,7774.441373020189,942147.692998959,2,true
src/scratchpad/src/org/apache/poi/hwpf/model/PAPX.java,46.0,4.0,9.0,7.0,8.0,16.0,2,0.002152852529601722,7774.441373020189,942147.692998959,2,true
src/scratchpad/src/org/apache/poi/hwpf/model/ParagraphHeight.java,40.0,4.0,4.0,5.0,6.0,9.0,2,0.002152852529601722,7774.441373020189,942147.692998959,2,false
src/scratchpad/src/org/apache/poi/hwpf/model/PieceDescriptor.java,55.0,2.0,0.0,7.0,4.0,16.0,2,0.002152852529601722,7774.441373020189,942147.692998959,2,false
src/scratchpad/src/org/apache/poi/hwpf/model/PlexOfCps.java,77.0,2.0,0.0,9.0,15.0,18.0,2,0.002152852529601722,7774.441373020189,942147.692998959,2,false
src/scratchpad/src/org/apache/poi/hwpf/model/PropertyNode.java,66.0,3.0,0.0,8.0,5.0,20.0,2,0.002152852529601722,7774.441373020189,942147.692998959,2,true
src/scratchpad/src/org/apache/poi/hwpf/model/SEPX.java,23.0,4.0,4.0,5.0,3.0,10.0,2,0.002152852529601722,7774.441373020189,942147.692998959,2,true
src/scratchpad/src/org/apache/poi/hwpf/model/SectionDescriptor.java,39.0,1.0,0.0,6.0,4.0,10.0,2,0.002152852529601722,7774.441373020189,942147.692998959,2,false
src/scratchpad/src/org/apache/poi/hwpf/model/SectionTable.java,57.0,5.0,0.0,4.0,28.0,11.0,1,0.001076426264800861,684.8767123287671,29763.339622641513,1,true
src/scratchpad/src/org/apache/poi/hwpf/model/StyleDescription.java,158.0,6.0,21.0,11.0,15.0,28.0,2,0.002152852529601722,7774.441373020189,942147.692998959,2,false
src/scratchpad/src/org/apache/poi/hwpf/model/StyleSheet.java,200.0,8.0,0.0,8.0,21.0,29.0,2,0.002152852529601722,7774.441373020189,942147.692998959,2,true
src/scratchpad/src/org/apache/poi/hwpf/model/TextPiece.java,52.0,1.0,0.0,7.0,8.0,18.0,1,0.001076426264800861,684.8767123287671,29763.339622641513,1,true
src/scratchpad/src/org/apache/poi/hwpf/model/TextPieceTable.java,92.0,6.0,0.0,6.0,33.0,20.0,1,0.001076426264800861,684.8767123287671,29763.339622641513,1,true
src/scratchpad/src/org/apache/poi/hwpf/model/UPX.java,16.0,1.0,0.0,4.0,1.0,7.0,2,0.002152852529601722,7774.441373020189,942147.692998959,2,false
src/scratchpad/src/org/apache/poi/hwpf/model/UnhandledDataStructure.java,10.0,0.0,0.0,2.0,1.0,3.0,2,0.002152852529601722,7774.441373020189,942147.692998959,2,false
src/scratchpad/src/org/apache/poi/hwpf/model/types/CHPAbstractType.java,926.0,6.0,8479.0,142.0,54.0,341.0,2,0.002152852529601722,7774.441373020189,942147.692998959,2,false
src/scratchpad/src/org/apache/poi/hwpf/model/types/DOPAbstractType.java,2268.0,6.0,37937.0,295.0,337.0,565.0,2,0.002152852529601722,7774.441373020189,942147.692998959,2,false
src/scratchpad/src/org/apache/poi/hwpf/model/types/FIBAbstractType.java,544.0,6.0,1257.0,71.0,77.0,134.0,2,0.002152852529601722,7774.441373020189,942147.692998959,2,false
src/scratchpad/src/org/apache/poi/hwpf/model/types/PAPAbstractType.java,965.0,6.0,10684.0,148.0,6.0,364.0,2,0.002152852529601722,7774.441373020189,942147.692998959,2,true
src/scratchpad/src/org/apache/poi/hwpf/model/types/SEPAbstractType.java,783.0,6.0,7022.0,120.0,0.0,298.0,2,0.002152852529601722,7774.441373020189,942147.692998959,2,false
src/scratchpad/src/org/apache/poi/hwpf/model/types/TAPAbstractType.java,224.0,6.0,529.0,34.0,0.0,83.0,2,0.002152852529601722,7774.441373020189,942147.692998959,2,false
src/scratchpad/src/org/apache/poi/hwpf/model/types/TCAbstractType.java,246.0,6.0,98.0,33.0,35.0,61.0,2,0.002152852529601722,7774.441373020189,942147.692998959,2,true
src/scratchpad/src/org/apache/poi/hwpf/sprm/CharacterSprmCompressor.java,197.0,5.0,1.0,2.0,44.0,5.0,2,0.002152852529601722,7774.441373020189,942147.692998959,2,false
src/scratchpad/src/org/apache/poi/hwpf/sprm/CharacterSprmUncompressor.java,417.0,6.0,10.0,5.0,81.0,23.0,2,0.002152852529601722,7774.441373020189,942147.692998959,2,true
src/scratchpad/src/org/apache/poi/hwpf/sprm/ParagraphSprmCompressor.java,192.0,5.0,1.0,2.0,67.0,6.0,2,0.002152852529601722,7774.441373020189,942147.692998959,2,true
src/scratchpad/src/org/apache/poi/hwpf/sprm/ParagraphSprmUncompressor.java,321.0,12.0,6.0,4.0,99.0,18.0,2,0.002152852529601722,7774.441373020189,942147.692998959,2,true
src/scratchpad/src/org/apache/poi/hwpf/sprm/SectionSprmCompressor.java,154.0,10.0,1.0,2.0,54.0,4.0,2,0.002152852529601722,7774.441373020189,942147.692998959,2,false
src/scratchpad/src/org/apache/poi/hwpf/sprm/SectionSprmUncompressor.java,176.0,2.0,3.0,3.0,55.0,8.0,2,0.002152852529601722,7774.441373020189,942147.692998959,2,false
src/scratchpad/src/org/apache/poi/hwpf/sprm/SprmBuffer.java,72.0,2.0,0.0,12.0,15.0,17.0,2,0.002152852529601722,7774.441373020189,942147.692998959,2,false
src/scratchpad/src/org/apache/poi/hwpf/sprm/SprmOperation.java,99.0,2.0,6.0,9.0,6.0,23.0,2,0.002152852529601722,7774.441373020189,942147.692998959,2,false
src/scratchpad/src/org/apache/poi/hwpf/sprm/SprmUtils.java,76.0,2.0,15.0,6.0,13.0,15.0,2,0.002152852529601722,7774.441373020189,942147.692998959,2,false
src/scratchpad/src/org/apache/poi/hwpf/sprm/TableSprmCompressor.java,55.0,7.0,1.0,2.0,20.0,5.0,2,0.002152852529601722,7774.441373020189,942147.692998959,2,false
src/scratchpad/src/org/apache/poi/hwpf/sprm/TableSprmUncompressor.java,142.0,4.0,3.0,3.0,30.0,11.0,2,0.002152852529601722,7774.441373020189,942147.692998959,2,false
src/scratchpad/src/org/apache/poi/hwpf/usermodel/CharacterProperties.java,260.0,3.0,1126.0,48.0,18.0,77.0,2,0.002152852529601722,7774.441373020189,942147.692998959,2,true
src/scratchpad/src/org/apache/poi/hwpf/usermodel/CharacterRun.java,265.0,6.0,0.0,52.0,92.0,80.0,1,0.001076426264800861,684.8767123287671,29763.339622641513,1,true
src/scratchpad/src/org/apache/poi/hwpf/usermodel/DropCapSpecifier.java,14.0,2.0,1.0,3.0,1.0,6.0,1,0.001076426264800861,684.8767123287671,29763.339622641513,1,false
src/scratchpad/src/org/apache/poi/hwpf/usermodel/LineSpacingDescriptor.java,32.0,1.0,10.0,8.0,4.0,13.0,1,0.001076426264800861,684.8767123287671,29763.339622641513,1,false
src/scratchpad/src/org/apache/poi/hwpf/usermodel/List.java,34.0,8.0,0.0,6.0,14.0,8.0,1,0.001076426264800861,684.8767123287671,29763.339622641513,1,false
src/scratchpad/src/org/apache/poi/hwpf/usermodel/ListEntry.java,13.0,5.0,1.0,2.0,6.0,3.0,2,0.002152852529601722,7774.441373020189,942147.692998959,2,true
src/scratchpad/src/org/apache/poi/hwpf/usermodel/Paragraph.java,306.0,7.0,0.0,63.0,106.0,106.0,2,0.002152852529601722,7774.441373020189,942147.692998959,2,true
src/scratchpad/src/org/apache/poi/hwpf/usermodel/ParagraphProperties.java,247.0,3.0,1431.0,54.0,3.0,90.0,2,0.002152852529601722,7774.441373020189,942147.692998959,2,true
src/scratchpad/src/org/apache/poi/hwpf/usermodel/Range.java,320.0,30.0,58.0,29.0,134.0,67.0,1,0.001076426264800861,684.8767123287671,29763.339622641513,1,true
src/scratchpad/src/org/apache/poi/hwpf/usermodel/Section.java,15.0,1.0,1.0,3.0,4.0,6.0,2,0.002152852529601722,7774.441373020189,942147.692998959,2,false
src/scratchpad/src/org/apache/poi/hwpf/usermodel/SectionProperties.java,38.0,4.0,3.0,3.0,6.0,10.0,2,0.002152852529601722,7774.441373020189,942147.692998959,2,false
src/scratchpad/src/org/apache/poi/hwpf/usermodel/ShadingDescriptor.java,24.0,2.0,9.0,6.0,2.0,9.0,2,0.002152852529601722,7774.441373020189,942147.692998959,2,false
src/scratchpad/src/org/apache/poi/hwpf/usermodel/Table.java,27.0,1.0,0.0,4.0,7.0,10.0,2,0.002152852529601722,7774.441373020189,942147.692998959,2,false
src/scratchpad/src/org/apache/poi/hwpf/usermodel/TableCell.java,7.0,0.0,0.0,1.0,0.0,1.0,2,0.002152852529601722,7774.441373020189,942147.692998959,2,true
src/scratchpad/src/org/apache/poi/hwpf/usermodel/TableCellDescriptor.java,22.0,1.0,3.0,3.0,2.0,6.0,2,0.002152852529601722,7774.441373020189,942147.692998959,2,false
src/scratchpad/src/org/apache/poi/hwpf/usermodel/TableIterator.java,37.0,1.0,0.0,4.0,8.0,12.0,2,0.002152852529601722,7774.441373020189,942147.692998959,2,false
src/scratchpad/src/org/apache/poi/hwpf/usermodel/TableProperties.java,41.0,1.0,3.0,3.0,1.0,7.0,2,0.002152852529601722,7774.441373020189,942147.692998959,2,false
src/scratchpad/src/org/apache/poi/hwpf/usermodel/TableRow.java,61.0,2.0,0.0,11.0,26.0,21.0,2,0.002152852529601722,7774.441373020189,942147.692998959,2,true
src/scratchpad/testcases/org/apache/poi/hwpf/AllTests.java,19.0,1.0,1.0,2.0,1.0,4.0,2,0.002152852529601722,7774.441373020189,942147.692998959,2,false
src/scratchpad/testcases/org/apache/poi/hwpf/HWPFDocFixture.java,34.0,5.0,3.0,3.0,9.0,6.0,2,0.002152852529601722,7774.441373020189,942147.692998959,2,true
src/scratchpad/testcases/org/apache/poi/hwpf/model/TestCHPBinTable.java,41.0,5.0,0.0,4.0,13.0,8.0,2,0.002152852529601722,7774.441373020189,942147.692998959,2,true
src/scratchpad/testcases/org/apache/poi/hwpf/model/TestDocumentProperties.java,37.0,4.0,0.0,4.0,13.0,10.0,2,0.002152852529601722,7774.441373020189,942147.692998959,2,true
src/scratchpad/testcases/org/apache/poi/hwpf/model/TestFileInformationBlock.java,30.0,3.0,0.0,4.0,9.0,11.0,2,0.002152852529601722,7774.441373020189,942147.692998959,2,true
src/scratchpad/testcases/org/apache/poi/hwpf/model/TestFontTable.java,30.0,5.0,0.0,4.0,9.0,8.0,2,0.002152852529601722,7774.441373020189,942147.692998959,2,true
src/scratchpad/testcases/org/apache/poi/hwpf/model/TestListTables.java,16.0,5.0,1.0,2.0,8.0,4.0,2,0.002152852529601722,7774.441373020189,942147.692998959,2,false
src/scratchpad/testcases/org/apache/poi/hwpf/model/TestPAPBinTable.java,40.0,5.0,0.0,4.0,14.0,8.0,2,0.002152852529601722,7774.441373020189,942147.692998959,2,true
src/scratchpad/testcases/org/apache/poi/hwpf/model/TestPlexOfCps.java,41.0,3.0,2.0,4.0,13.0,8.0,2,0.002152852529601722,7774.441373020189,942147.692998959,2,true
src/scratchpad/testcases/org/apache/poi/hwpf/model/TestSectionTable.java,39.0,5.0,0.0,4.0,12.0,8.0,2,0.002152852529601722,7774.441373020189,942147.692998959,2,true
src/scratchpad/testcases/org/apache/poi/hwpf/model/TestStyleSheet.java,32.0,4.0,0.0,4.0,7.0,8.0,2,0.002152852529601722,7774.441373020189,942147.692998959,2,true
src/scratchpad/testcases/org/apache/poi/hwpf/model/TestTextPieceTable.java,33.0,5.0,0.0,4.0,9.0,8.0,2,0.002152852529601722,7774.441373020189,942147.692998959,2,true
src/testcases/org/apache/poi/hpsf/basic/TestWrite.java,494.0,40.0,159.0,19.0,149.0,65.0,1,0.001076426264800861,7089.5646606914215,912384.3533763174,1,true
src/testcases/org/apache/poi/hssf/model/TestFormulaParser.java,247.0,20.0,325.0,26.0,95.0,35.0,1,0.001076426264800861,7089.5646606914215,912384.3533763174,1,true
src/testcases/org/apache/poi/hssf/usermodel/TestBugs.java,329.0,8.0,210.0,21.0,115.0,47.0,1,0.001076426264800861,7089.5646606914215,912384.3533763174,1,true
