name,LOC,CBO,LCOM,NOM,RFC,WMC,numOfChanges,bccm,structuralWorkloadSum,semanticWorkloadSum,numberOfDeveloper,isBuggy
src/contrib/src/org/apache/poi/contrib/metrics/FontMetricsDumper.java,42.0,4.0,0.0,1.0,12.0,3.0,0,0.0,0.0,0.0,0,false
src/contrib/src/org/apache/poi/contrib/poibrowser/Codec.java,142.0,4.0,55.0,11.0,26.0,32.0,0,0.0,0.0,0.0,0,false
src/contrib/src/org/apache/poi/contrib/poibrowser/DocumentDescriptor.java,43.0,2.0,0.0,1.0,8.0,3.0,0,0.0,0.0,0.0,0,false
src/contrib/src/org/apache/poi/contrib/poibrowser/DocumentDescriptorRenderer.java,38.0,3.0,1.0,2.0,9.0,5.0,0,0.0,0.0,0.0,0,false
src/contrib/src/org/apache/poi/contrib/poibrowser/ExtendableTreeCellRenderer.java,75.0,4.0,3.0,6.0,16.0,21.0,0,0.0,0.0,0.0,0,false
src/contrib/src/org/apache/poi/contrib/poibrowser/POIBrowser.java,65.0,11.0,3.0,3.0,17.0,7.0,1,0.0045662100456621,170.96,565.1672486608097,1,false
src/contrib/src/org/apache/poi/contrib/poibrowser/PropertySetDescriptor.java,28.0,9.0,0.0,2.0,1.0,4.0,1,0.0045662100456621,170.96,565.1672486608097,1,false
src/contrib/src/org/apache/poi/contrib/poibrowser/PropertySetDescriptorRenderer.java,92.0,13.0,3.0,3.0,49.0,12.0,0,0.0,0.0,0.0,0,false
src/contrib/src/org/apache/poi/contrib/poibrowser/TreeReaderListener.java,130.0,10.0,0.0,5.0,19.0,17.0,0,0.0,0.0,0.0,0,false
src/contrib/src/org/apache/poi/contrib/poibrowser/Util.java,21.0,2.0,0.0,1.0,4.0,2.0,0,0.0,0.0,0.0,0,false
src/contrib/src/org/apache/poi/hssf/contrib/view/SVBorder.java,333.0,3.0,13.0,10.0,27.0,34.0,0,0.0,0.0,0.0,0,true
src/contrib/src/org/apache/poi/hssf/contrib/view/SVFractionalFormat.java,180.0,1.0,22.0,8.0,12.0,34.0,0,0.0,0.0,0.0,0,true
src/contrib/src/org/apache/poi/hssf/contrib/view/SVRowHeader.java,54.0,7.0,0.0,1.0,3.0,1.0,0,0.0,0.0,0.0,0,false
src/contrib/src/org/apache/poi/hssf/contrib/view/SVTableCellEditor.java,135.0,9.0,49.0,11.0,36.0,26.0,0,0.0,0.0,0.0,0,true
src/contrib/src/org/apache/poi/hssf/contrib/view/SVTableCellRenderer.java,177.0,12.0,34.0,9.0,39.0,18.0,0,0.0,0.0,0.0,0,true
src/contrib/src/org/apache/poi/hssf/contrib/view/SVTableModel.java,46.0,5.0,12.0,8.0,10.0,18.0,0,0.0,0.0,0.0,0,false
src/contrib/src/org/apache/poi/hssf/contrib/view/SVTableUtils.java,61.0,5.0,3.0,3.0,7.0,9.0,0,0.0,0.0,0.0,0,true
src/contrib/src/org/apache/poi/hssf/contrib/view/SViewer.java,144.0,9.0,97.0,15.0,35.0,32.0,0,0.0,0.0,0.0,0,false
src/contrib/src/org/apache/poi/hssf/contrib/view/SViewerPanel.java,237.0,7.0,20.0,9.0,47.0,20.0,0,0.0,0.0,0.0,0,true
src/contrib/src/org/apache/poi/hssf/usermodel/contrib/HSSFCellUtil.java,169.0,7.0,28.0,8.0,38.0,29.0,0,0.0,0.0,0.0,0,true
src/contrib/src/org/apache/poi/hssf/usermodel/contrib/HSSFRegionUtil.java,161.0,6.0,36.0,9.0,48.0,34.0,1,0.0045662100456621,1167.037037037037,107193.97975194867,1,true
src/examples/src/org/apache/poi/hpsf/examples/CopyCompare.java,314.0,30.0,3.0,3.0,26.0,22.0,1,0.0045662100456621,170.96,565.1672486608097,1,false
src/examples/src/org/apache/poi/hpsf/examples/ReadCustomPropertySets.java,65.0,13.0,3.0,3.0,4.0,6.0,0,0.0,0.0,0.0,0,false
src/examples/src/org/apache/poi/hpsf/examples/ReadTitle.java,38.0,7.0,0.0,1.0,2.0,4.0,0,0.0,0.0,0.0,0,false
src/examples/src/org/apache/poi/hpsf/examples/WriteAuthorAndTitle.java,217.0,28.0,0.0,1.0,6.0,3.0,1,0.0045662100456621,170.96,565.1672486608097,1,false
src/examples/src/org/apache/poi/hpsf/examples/WriteTitle.java,37.0,12.0,0.0,1.0,13.0,4.0,1,0.0045662100456621,170.96,565.1672486608097,1,false
src/examples/src/org/apache/poi/hssf/usermodel/examples/Alignment.java,35.0,3.0,1.0,2.0,10.0,4.0,0,0.0,0.0,0.0,0,false
src/examples/src/org/apache/poi/hssf/usermodel/examples/BigExample.java,65.0,4.0,0.0,1.0,22.0,4.0,0,0.0,0.0,0.0,0,false
src/examples/src/org/apache/poi/hssf/usermodel/examples/Borders.java,26.0,4.0,0.0,1.0,16.0,2.0,0,0.0,0.0,0.0,0,false
src/examples/src/org/apache/poi/hssf/usermodel/examples/CellTypes.java,15.0,7.0,0.0,1.0,7.0,2.0,0,0.0,0.0,0.0,0,false
src/examples/src/org/apache/poi/hssf/usermodel/examples/CreateCells.java,19.0,6.0,0.0,1.0,6.0,2.0,0,0.0,0.0,0.0,0,false
src/examples/src/org/apache/poi/hssf/usermodel/examples/CreateDateCells.java,23.0,4.0,0.0,1.0,10.0,2.0,0,0.0,0.0,0.0,0,false
src/examples/src/org/apache/poi/hssf/usermodel/examples/EventExample.java,62.0,8.0,1.0,2.0,17.0,10.0,0,0.0,0.0,0.0,0,false
src/examples/src/org/apache/poi/hssf/usermodel/examples/FrillsAndFills.java,26.0,4.0,0.0,1.0,11.0,2.0,0,0.0,0.0,0.0,0,false
src/examples/src/org/apache/poi/hssf/usermodel/examples/MergedCells.java,17.0,4.0,0.0,1.0,7.0,2.0,0,0.0,0.0,0.0,0,false
src/examples/src/org/apache/poi/hssf/usermodel/examples/NewLinesInCells.java,29.0,3.0,0.0,1.0,14.0,2.0,0,0.0,0.0,0.0,0,false
src/examples/src/org/apache/poi/hssf/usermodel/examples/NewSheet.java,14.0,4.0,0.0,1.0,3.0,2.0,0,0.0,0.0,0.0,0,true
src/examples/src/org/apache/poi/hssf/usermodel/examples/NewWorkbook.java,12.0,3.0,0.0,1.0,2.0,2.0,0,0.0,0.0,0.0,0,false
src/examples/src/org/apache/poi/hssf/usermodel/examples/OfficeDrawing.java,165.0,4.0,45.0,10.0,65.0,13.0,0,0.0,0.0,0.0,0,false
src/examples/src/org/apache/poi/hssf/usermodel/examples/OfficeDrawingWithGraphics.java,60.0,4.0,1.0,2.0,26.0,5.0,0,0.0,0.0,0.0,0,false
src/examples/src/org/apache/poi/hssf/usermodel/examples/ReadWriteWorkbook.java,20.0,8.0,0.0,1.0,8.0,3.0,1,0.0045662100456621,1167.037037037037,107193.97975194867,1,false
src/examples/src/org/apache/poi/hssf/usermodel/examples/RepeatingRowsAndColumns.java,26.0,5.0,0.0,1.0,13.0,2.0,0,0.0,0.0,0.0,0,false
src/examples/src/org/apache/poi/hssf/usermodel/examples/SplitAndFreezePanes.java,19.0,4.0,0.0,1.0,5.0,2.0,0,0.0,0.0,0.0,0,false
src/examples/src/org/apache/poi/hssf/usermodel/examples/WorkingWithFonts.java,24.0,3.0,0.0,1.0,14.0,2.0,0,0.0,0.0,0.0,0,false
src/examples/src/org/apache/poi/hssf/usermodel/examples/ZoomSheet.java,14.0,4.0,0.0,1.0,4.0,2.0,0,0.0,0.0,0.0,0,false
src/java/org/apache/poi/ddf/DefaultEscherRecordFactory.java,76.0,4.0,3.0,3.0,11.0,13.0,0,0.0,0.0,0.0,0,true
src/java/org/apache/poi/ddf/EscherArrayProperty.java,103.0,4.0,71.0,14.0,39.0,32.0,0,0.0,0.0,0.0,0,true
src/java/org/apache/poi/ddf/EscherBSERecord.java,275.0,4.0,251.0,30.0,18.0,57.0,0,0.0,0.0,0.0,0,true
src/java/org/apache/poi/ddf/EscherBlipRecord.java,317.0,9.0,281.0,31.0,26.0,60.0,0,0.0,0.0,0.0,0,true
src/java/org/apache/poi/ddf/EscherBoolProperty.java,30.0,0.0,3.0,3.0,0.0,5.0,0,0.0,0.0,0.0,0,true
src/java/org/apache/poi/ddf/EscherChildAnchorRecord.java,137.0,2.0,27.0,14.0,14.0,36.0,0,0.0,0.0,0.0,0,true
src/java/org/apache/poi/ddf/EscherClientAnchorRecord.java,241.0,3.0,167.0,26.0,17.0,59.0,0,0.0,0.0,0.0,0,true
src/java/org/apache/poi/ddf/EscherClientDataRecord.java,90.0,3.0,0.0,8.0,16.0,21.0,0,0.0,0.0,0.0,0,true
src/java/org/apache/poi/ddf/EscherComplexProperty.java,103.0,5.0,0.0,9.0,15.0,20.0,0,0.0,0.0,0.0,0,true
src/java/org/apache/poi/ddf/EscherContainerRecord.java,112.0,6.0,25.0,10.0,49.0,28.0,0,0.0,0.0,0.0,0,true
src/java/org/apache/poi/ddf/EscherDgRecord.java,104.0,2.0,20.0,12.0,16.0,25.0,0,0.0,0.0,0.0,0,true
src/java/org/apache/poi/ddf/EscherDggRecord.java,165.0,5.0,36.0,17.0,25.0,40.0,0,0.0,0.0,0.0,0,true
src/java/org/apache/poi/ddf/EscherDump.java,418.0,8.0,36.0,9.0,26.0,32.0,0,0.0,0.0,0.0,0,false
src/java/org/apache/poi/ddf/EscherOptRecord.java,118.0,4.0,0.0,12.0,41.0,29.0,0,0.0,0.0,0.0,0,true
src/java/org/apache/poi/ddf/EscherProperties.java,580.0,2.0,3.0,6.0,9.0,12.0,0,0.0,0.0,0.0,0,true
src/java/org/apache/poi/ddf/EscherProperty.java,54.0,0.0,3.0,10.0,1.0,18.0,0,0.0,0.0,0.0,0,true
src/java/org/apache/poi/ddf/EscherPropertyFactory.java,54.0,5.0,0.0,1.0,10.0,5.0,0,0.0,0.0,0.0,0,false
src/java/org/apache/poi/ddf/EscherPropertyMetaData.java,34.0,0.0,0.0,4.0,0.0,6.0,0,0.0,0.0,0.0,0,false
src/java/org/apache/poi/ddf/EscherRGBProperty.java,21.0,0.0,10.0,5.0,0.0,9.0,0,0.0,0.0,0.0,0,true
src/java/org/apache/poi/ddf/EscherRecord.java,197.0,4.0,164.0,20.0,15.0,46.0,0,0.0,0.0,0.0,0,true
src/java/org/apache/poi/ddf/EscherRecordFactory.java,12.0,0.0,0.0,1.0,0.0,1.0,0,0.0,0.0,0.0,0,false
src/java/org/apache/poi/ddf/EscherSerializationListener.java,20.0,0.0,1.0,2.0,0.0,4.0,0,0.0,0.0,0.0,0,false
src/java/org/apache/poi/ddf/EscherShapePathProperty.java,14.0,0.0,0.0,1.0,0.0,1.0,0,0.0,0.0,0.0,0,false
src/java/org/apache/poi/ddf/EscherSimpleProperty.java,71.0,2.0,0.0,8.0,9.0,16.0,0,0.0,0.0,0.0,0,true
src/java/org/apache/poi/ddf/EscherSpRecord.java,153.0,2.0,19.0,11.0,19.0,27.0,0,0.0,0.0,0.0,0,true
src/java/org/apache/poi/ddf/EscherSpgrRecord.java,131.0,3.0,27.0,14.0,14.0,30.0,0,0.0,0.0,0.0,0,true
src/java/org/apache/poi/ddf/EscherSplitMenuColorsRecord.java,115.0,3.0,27.0,14.0,14.0,31.0,0,0.0,0.0,0.0,0,true
src/java/org/apache/poi/ddf/EscherTextboxRecord.java,108.0,6.0,8.0,8.0,30.0,25.0,0,0.0,0.0,0.0,0,true
src/java/org/apache/poi/ddf/NullEscherSerializationListener.java,10.0,0.0,1.0,2.0,0.0,3.0,0,0.0,0.0,0.0,0,false
src/java/org/apache/poi/ddf/UnknownEscherRecord.java,120.0,5.0,33.0,11.0,39.0,28.0,0,0.0,0.0,0.0,0,true
src/java/org/apache/poi/dev/RecordGenerator.java,59.0,5.0,1.0,2.0,24.0,11.0,0,0.0,0.0,0.0,0,false
src/java/org/apache/poi/hpsf/ClassID.java,129.0,1.0,0.0,9.0,5.0,25.0,1,0.0045662100456621,170.96,565.1672486608097,1,true
src/java/org/apache/poi/hpsf/Constants.java,25.0,0.0,0.0,0.0,0.0,0.0,1,0.0045662100456621,170.96,565.1672486608097,1,false
src/java/org/apache/poi/hpsf/DocumentSummaryInformation.java,169.0,4.0,136.0,17.0,31.0,60.0,1,0.0045662100456621,170.96,565.1672486608097,1,true
src/java/org/apache/poi/hpsf/HPSFException.java,57.0,0.0,4.0,5.0,0.0,10.0,0,0.0,0.0,0.0,0,false
src/java/org/apache/poi/hpsf/HPSFRuntimeException.java,87.0,2.0,8.0,8.0,7.0,15.0,0,0.0,0.0,0.0,0,true
src/java/org/apache/poi/hpsf/IllegalPropertySetDataException.java,40.0,0.0,6.0,4.0,0.0,4.0,0,0.0,0.0,0.0,0,false
src/java/org/apache/poi/hpsf/IllegalVariantTypeException.java,27.0,1.0,1.0,2.0,2.0,2.0,1,0.0045662100456621,170.96,565.1672486608097,1,false
src/java/org/apache/poi/hpsf/MarkUnsupportedException.java,38.0,0.0,6.0,4.0,0.0,4.0,0,0.0,0.0,0.0,0,false
src/java/org/apache/poi/hpsf/MutableProperty.java,63.0,2.0,15.0,6.0,10.0,10.0,1,0.0045662100456621,170.96,565.1672486608097,1,true
src/java/org/apache/poi/hpsf/MutablePropertySet.java,143.0,10.0,45.0,10.0,30.0,22.0,1,0.0045662100456621,170.96,565.1672486608097,1,true
src/java/org/apache/poi/hpsf/MutableSection.java,332.0,12.0,91.0,19.0,63.0,58.0,1,0.0045662100456621,170.96,565.1672486608097,1,true
src/java/org/apache/poi/hpsf/NoFormatIDException.java,38.0,0.0,6.0,4.0,0.0,4.0,0,0.0,0.0,0.0,0,false
src/java/org/apache/poi/hpsf/NoPropertySetStreamException.java,40.0,0.0,6.0,4.0,0.0,4.0,0,0.0,0.0,0.0,0,false
src/java/org/apache/poi/hpsf/NoSingleSectionException.java,41.0,0.0,6.0,4.0,0.0,4.0,0,0.0,0.0,0.0,0,false
src/java/org/apache/poi/hpsf/Property.java,225.0,5.0,0.0,10.0,32.0,38.0,1,0.0045662100456621,170.96,565.1672486608097,1,true
src/java/org/apache/poi/hpsf/PropertySet.java,413.0,7.0,220.0,24.0,62.0,90.0,1,0.0045662100456621,170.96,565.1672486608097,1,true
src/java/org/apache/poi/hpsf/PropertySetFactory.java,34.0,4.0,0.0,1.0,3.0,7.0,1,0.0045662100456621,170.96,565.1672486608097,1,true
src/java/org/apache/poi/hpsf/ReadingNotSupportedException.java,20.0,0.0,0.0,1.0,0.0,1.0,0,0.0,0.0,0.0,0,false
src/java/org/apache/poi/hpsf/Section.java,343.0,9.0,127.0,18.0,44.0,64.0,1,0.0045662100456621,170.96,565.1672486608097,1,true
src/java/org/apache/poi/hpsf/SpecialPropertySet.java,90.0,1.0,0.0,10.0,9.0,21.0,0,0.0,0.0,0.0,0,true
src/java/org/apache/poi/hpsf/SummaryInformation.java,199.0,2.0,171.0,19.0,22.0,53.0,1,0.0045662100456621,170.96,565.1672486608097,1,true
src/java/org/apache/poi/hpsf/Thumbnail.java,187.0,1.0,13.0,7.0,9.0,21.0,0,0.0,0.0,0.0,0,true
src/java/org/apache/poi/hpsf/TypeWriter.java,93.0,3.0,15.0,6.0,13.0,25.0,0,0.0,0.0,0.0,0,false
src/java/org/apache/poi/hpsf/UnexpectedPropertySetTypeException.java,46.0,0.0,6.0,4.0,0.0,6.0,0,0.0,0.0,0.0,0,false
src/java/org/apache/poi/hpsf/UnsupportedVariantTypeException.java,20.0,1.0,0.0,1.0,2.0,2.0,1,0.0045662100456621,170.96,565.1672486608097,1,false
src/java/org/apache/poi/hpsf/Util.java,223.0,5.0,76.0,13.0,16.0,42.0,0,0.0,0.0,0.0,0,false
src/java/org/apache/poi/hpsf/Variant.java,408.0,3.0,1.0,2.0,3.0,5.0,0,0.0,0.0,0.0,0,true
src/java/org/apache/poi/hpsf/VariantSupport.java,287.0,8.0,13.0,6.0,28.0,33.0,1,0.0045662100456621,170.96,565.1672486608097,1,true
src/java/org/apache/poi/hpsf/VariantTypeException.java,37.0,0.0,0.0,3.0,0.0,5.0,1,0.0045662100456621,170.96,565.1672486608097,1,false
src/java/org/apache/poi/hpsf/WritingNotSupportedException.java,20.0,0.0,0.0,1.0,0.0,1.0,1,0.0045662100456621,170.96,565.1672486608097,1,false
src/java/org/apache/poi/hpsf/wellknown/PropertyIDMap.java,281.0,1.0,15.0,6.0,7.0,19.0,1,0.0045662100456621,170.96,565.1672486608097,1,true
src/java/org/apache/poi/hpsf/wellknown/SectionIDMap.java,111.0,1.0,15.0,6.0,7.0,20.0,0,0.0,0.0,0.0,0,false
src/java/org/apache/poi/hssf/dev/BiffViewer.java,578.0,8.0,1.0,10.0,38.0,36.0,1,0.0045662100456621,1167.037037037037,107193.97975194867,1,true
src/java/org/apache/poi/hssf/dev/EFBiffViewer.java,45.0,10.0,8.0,5.0,12.0,12.0,1,0.0045662100456621,1167.037037037037,107193.97975194867,1,true
src/java/org/apache/poi/hssf/dev/EFHSSF.java,99.0,12.0,9.0,6.0,29.0,17.0,1,0.0045662100456621,1167.037037037037,107193.97975194867,1,false
src/java/org/apache/poi/hssf/dev/FormulaViewer.java,175.0,14.0,32.0,9.0,41.0,28.0,1,0.0045662100456621,1167.037037037037,107193.97975194867,1,true
src/java/org/apache/poi/hssf/dev/HSSF.java,159.0,6.0,1.0,3.0,36.0,13.0,1,0.0045662100456621,1167.037037037037,107193.97975194867,1,true
src/java/org/apache/poi/hssf/eventmodel/ERFListener.java,15.0,1.0,0.0,1.0,0.0,4.0,1,0.0045662100456621,1167.037037037037,107193.97975194867,1,false
src/java/org/apache/poi/hssf/eventmodel/EventRecordFactory.java,249.0,87.0,12.0,9.0,39.0,41.0,1,0.0045662100456621,1167.037037037037,107193.97975194867,1,true
src/java/org/apache/poi/hssf/eventmodel/ModelFactory.java,73.0,10.0,2.0,5.0,10.0,14.0,1,0.0045662100456621,1167.037037037037,107193.97975194867,1,true
src/java/org/apache/poi/hssf/eventmodel/ModelFactoryListener.java,13.0,1.0,0.0,1.0,0.0,2.0,1,0.0045662100456621,1167.037037037037,107193.97975194867,1,false
src/java/org/apache/poi/hssf/eventusermodel/AbortableHSSFListener.java,32.0,2.0,1.0,2.0,0.0,5.0,1,0.0045662100456621,1167.037037037037,107193.97975194867,1,false
src/java/org/apache/poi/hssf/eventusermodel/HSSFEventFactory.java,119.0,9.0,15.0,6.0,12.0,26.0,1,0.0045662100456621,1167.037037037037,107193.97975194867,1,true
src/java/org/apache/poi/hssf/eventusermodel/HSSFListener.java,14.0,1.0,0.0,1.0,0.0,1.0,1,0.0045662100456621,1167.037037037037,107193.97975194867,1,false
src/java/org/apache/poi/hssf/eventusermodel/HSSFRequest.java,84.0,5.0,0.0,4.0,10.0,14.0,1,0.0045662100456621,1167.037037037037,107193.97975194867,1,true
src/java/org/apache/poi/hssf/eventusermodel/HSSFUserException.java,53.0,0.0,4.0,5.0,0.0,8.0,1,0.0045662100456621,1167.037037037037,107193.97975194867,1,false
src/java/org/apache/poi/hssf/model/AbstractShape.java,91.0,3.0,15.0,6.0,14.0,18.0,1,0.0045662100456621,1167.037037037037,107193.97975194867,1,true
src/java/org/apache/poi/hssf/model/ConvertAnchor.java,34.0,6.0,0.0,1.0,21.0,4.0,1,0.0045662100456621,1167.037037037037,107193.97975194867,1,true
src/java/org/apache/poi/hssf/model/DrawingManager.java,78.0,4.0,0.0,7.0,27.0,19.0,1,0.0045662100456621,1167.037037037037,107193.97975194867,1,true
src/java/org/apache/poi/hssf/model/FormulaParser.java,755.0,5.0,632.0,53.0,187.0,150.0,0,0.0,0.0,0.0,0,true
src/java/org/apache/poi/hssf/model/LineShape.java,74.0,3.0,2.0,5.0,22.0,14.0,1,0.0045662100456621,1167.037037037037,107193.97975194867,1,true
src/java/org/apache/poi/hssf/model/Model.java,6.0,0.0,0.0,0.0,0.0,0.0,1,0.0045662100456621,1167.037037037037,107193.97975194867,1,false
src/java/org/apache/poi/hssf/model/PolygonShape.java,102.0,9.0,2.0,5.0,29.0,14.0,1,0.0045662100456621,1167.037037037037,107193.97975194867,1,true
src/java/org/apache/poi/hssf/model/Sheet.java,1823.0,5.0,6827.0,131.0,413.0,361.0,1,0.0045662100456621,1167.037037037037,107193.97975194867,1,true
src/java/org/apache/poi/hssf/model/SimpleFilledShape.java,74.0,7.0,7.0,6.0,20.0,17.0,1,0.0045662100456621,1167.037037037037,107193.97975194867,1,true
src/java/org/apache/poi/hssf/model/TextboxShape.java,109.0,3.0,16.0,8.0,35.0,18.0,1,0.0045662100456621,1167.037037037037,107193.97975194867,1,true
src/java/org/apache/poi/hssf/model/Workbook.java,1618.0,10.0,2758.0,85.0,315.0,246.0,1,0.0045662100456621,1167.037037037037,107193.97975194867,1,true
src/java/org/apache/poi/hssf/model/WorkbookRecordList.java,138.0,5.0,225.0,27.0,45.0,45.0,1,0.0045662100456621,1167.037037037037,107193.97975194867,1,true
src/java/org/apache/poi/hssf/record/AbstractEscherHolderRecord.java,127.0,8.0,46.0,17.0,32.0,42.0,1,0.0045662100456621,1167.037037037037,107193.97975194867,1,true
src/java/org/apache/poi/hssf/record/AreaFormatRecord.java,209.0,1.0,177.0,26.0,21.0,64.0,0,0.0,0.0,0.0,0,true
src/java/org/apache/poi/hssf/record/AreaRecord.java,135.0,1.0,37.0,18.0,17.0,44.0,0,0.0,0.0,0.0,0,true
src/java/org/apache/poi/hssf/record/AxisLineFormatRecord.java,101.0,1.0,40.0,12.0,8.0,25.0,0,0.0,0.0,0.0,0,true
src/java/org/apache/poi/hssf/record/AxisOptionsRecord.java,359.0,1.0,408.0,44.0,40.0,91.0,0,0.0,0.0,0.0,0,true
src/java/org/apache/poi/hssf/record/AxisParentRecord.java,167.0,1.0,108.0,20.0,14.0,45.0,0,0.0,0.0,0.0,0,true
src/java/org/apache/poi/hssf/record/AxisRecord.java,170.0,1.0,108.0,20.0,14.0,45.0,0,0.0,0.0,0.0,0,true
src/java/org/apache/poi/hssf/record/AxisUsedRecord.java,87.0,1.0,40.0,12.0,8.0,25.0,0,0.0,0.0,0.0,0,true
src/java/org/apache/poi/hssf/record/BOFRecord.java,226.0,1.0,163.0,22.0,20.0,40.0,1,0.0045662100456621,1167.037037037037,107193.97975194867,1,true
src/java/org/apache/poi/hssf/record/BackupRecord.java,74.0,1.0,43.0,11.0,8.0,20.0,0,0.0,0.0,0.0,0,true
src/java/org/apache/poi/hssf/record/BarRecord.java,187.0,1.0,86.0,24.0,22.0,59.0,0,0.0,0.0,0.0,0,true
src/java/org/apache/poi/hssf/record/BeginRecord.java,54.0,1.0,30.0,9.0,4.0,17.0,0,0.0,0.0,0.0,0,true
src/java/org/apache/poi/hssf/record/BlankRecord.java,197.0,1.0,215.0,23.0,23.0,57.0,0,0.0,0.0,0.0,0,true
src/java/org/apache/poi/hssf/record/BookBoolRecord.java,74.0,1.0,37.0,11.0,7.0,20.0,1,0.0045662100456621,1167.037037037037,107193.97975194867,1,true
src/java/org/apache/poi/hssf/record/BoolErrRecord.java,255.0,1.0,321.0,30.0,26.0,78.0,1,0.0045662100456621,1167.037037037037,107193.97975194867,1,true
src/java/org/apache/poi/hssf/record/BottomMarginRecord.java,83.0,1.0,40.0,12.0,7.0,25.0,1,0.0045662100456621,1167.037037037037,107193.97975194867,1,true
src/java/org/apache/poi/hssf/record/BoundSheetRecord.java,179.0,2.0,136.0,20.0,27.0,44.0,1,0.0045662100456621,1167.037037037037,107193.97975194867,1,true
src/java/org/apache/poi/hssf/record/CalcCountRecord.java,84.0,1.0,48.0,12.0,8.0,24.0,0,0.0,0.0,0.0,0,true
src/java/org/apache/poi/hssf/record/CalcModeRecord.java,100.0,1.0,48.0,12.0,8.0,24.0,0,0.0,0.0,0.0,0,true
src/java/org/apache/poi/hssf/record/CategorySeriesAxisRecord.java,189.0,1.0,118.0,24.0,20.0,49.0,0,0.0,0.0,0.0,0,true
src/java/org/apache/poi/hssf/record/CellValueRecordInterface.java,53.0,0.0,45.0,10.0,0.0,19.0,0,0.0,0.0,0.0,0,true
src/java/org/apache/poi/hssf/record/ChartFormatRecord.java,104.0,2.0,121.0,19.0,18.0,32.0,0,0.0,0.0,0.0,0,true
src/java/org/apache/poi/hssf/record/ChartRecord.java,141.0,1.0,85.0,18.0,12.0,40.0,0,0.0,0.0,0.0,0,true
src/java/org/apache/poi/hssf/record/CodepageRecord.java,81.0,1.0,43.0,11.0,8.0,22.0,1,0.0045662100456621,1167.037037037037,107193.97975194867,1,true
src/java/org/apache/poi/hssf/record/ColumnInfoRecord.java,214.0,2.0,189.0,26.0,24.0,51.0,0,0.0,0.0,0.0,0,true
src/java/org/apache/poi/hssf/record/CommonObjectDataSubRecord.java,336.0,1.0,203.0,30.0,27.0,64.0,0,0.0,0.0,0.0,0,true
src/java/org/apache/poi/hssf/record/ContinueRecord.java,146.0,2.0,49.0,14.0,13.0,26.0,0,0.0,0.0,0.0,0,true
src/java/org/apache/poi/hssf/record/CountryRecord.java,92.0,1.0,60.0,13.0,10.0,23.0,0,0.0,0.0,0.0,0,true
src/java/org/apache/poi/hssf/record/CustomField.java,28.0,0.0,6.0,4.0,0.0,8.0,1,0.0045662100456621,1167.037037037037,107193.97975194867,1,false
src/java/org/apache/poi/hssf/record/DBCellRecord.java,127.0,1.0,88.0,16.0,16.0,35.0,1,0.0045662100456621,1167.037037037037,107193.97975194867,1,true
src/java/org/apache/poi/hssf/record/DSFRecord.java,74.0,1.0,43.0,11.0,8.0,20.0,0,0.0,0.0,0.0,0,true
src/java/org/apache/poi/hssf/record/DatRecord.java,151.0,1.0,28.0,20.0,20.0,37.0,0,0.0,0.0,0.0,0,true
src/java/org/apache/poi/hssf/record/DataFormatRecord.java,157.0,1.0,100.0,20.0,14.0,49.0,0,0.0,0.0,0.0,0,true
src/java/org/apache/poi/hssf/record/DateWindow1904Record.java,74.0,1.0,43.0,11.0,8.0,20.0,0,0.0,0.0,0.0,0,true
src/java/org/apache/poi/hssf/record/DefaultColWidthRecord.java,80.0,1.0,48.0,12.0,8.0,24.0,0,0.0,0.0,0.0,0,true
src/java/org/apache/poi/hssf/record/DefaultDataLabelTextPropertiesRecord.java,98.0,1.0,40.0,12.0,8.0,25.0,0,0.0,0.0,0.0,0,true
src/java/org/apache/poi/hssf/record/DefaultRowHeightRecord.java,99.0,1.0,63.0,14.0,10.0,27.0,0,0.0,0.0,0.0,0,true
src/java/org/apache/poi/hssf/record/DeltaRecord.java,80.0,1.0,48.0,12.0,8.0,22.0,0,0.0,0.0,0.0,0,true
src/java/org/apache/poi/hssf/record/DimensionsRecord.java,142.0,1.0,101.0,18.0,16.0,39.0,0,0.0,0.0,0.0,0,true
src/java/org/apache/poi/hssf/record/DrawingGroupRecord.java,17.0,0.0,10.0,5.0,0.0,7.0,1,0.0045662100456621,1167.037037037037,107193.97975194867,1,true
src/java/org/apache/poi/hssf/record/DrawingRecord.java,60.0,1.0,19.0,11.0,4.0,23.0,1,0.0045662100456621,1167.037037037037,107193.97975194867,1,true
src/java/org/apache/poi/hssf/record/DrawingRecordForBiffViewer.java,21.0,0.0,10.0,5.0,0.0,10.0,1,0.0045662100456621,1167.037037037037,107193.97975194867,1,false
src/java/org/apache/poi/hssf/record/DrawingSelectionRecord.java,17.0,0.0,10.0,5.0,0.0,7.0,1,0.0045662100456621,1167.037037037037,107193.97975194867,1,false
src/java/org/apache/poi/hssf/record/EOFRecord.java,62.0,1.0,39.0,10.0,4.0,19.0,0,0.0,0.0,0.0,0,true
src/java/org/apache/poi/hssf/record/EndRecord.java,54.0,1.0,30.0,9.0,4.0,17.0,0,0.0,0.0,0.0,0,true
src/java/org/apache/poi/hssf/record/EndSubRecord.java,69.0,1.0,39.0,10.0,4.0,20.0,0,0.0,0.0,0.0,0,true
src/java/org/apache/poi/hssf/record/EscherAggregate.java,539.0,7.0,159.0,23.0,128.0,61.0,1,0.0045662100456621,1167.037037037037,107193.97975194867,1,true
src/java/org/apache/poi/hssf/record/ExtSSTInfoSubRecord.java,66.0,1.0,64.0,13.0,12.0,19.0,1,0.0045662100456621,1167.037037037037,107193.97975194867,1,false
src/java/org/apache/poi/hssf/record/ExtSSTRecord.java,126.0,2.0,88.0,17.0,24.0,35.0,1,0.0045662100456621,1167.037037037037,107193.97975194867,1,true
src/java/org/apache/poi/hssf/record/ExtendedFormatRecord.java,1132.0,2.0,3249.0,95.0,127.0,204.0,1,0.0045662100456621,1167.037037037037,107193.97975194867,1,true
src/java/org/apache/poi/hssf/record/ExternSheetRecord.java,139.0,2.0,59.0,14.0,18.0,31.0,1,0.0045662100456621,1167.037037037037,107193.97975194867,1,true
src/java/org/apache/poi/hssf/record/ExternSheetSubRecord.java,131.0,1.0,87.0,15.0,11.0,32.0,0,0.0,0.0,0.0,0,true
src/java/org/apache/poi/hssf/record/FnGroupCountRecord.java,78.0,1.0,43.0,11.0,7.0,20.0,0,0.0,0.0,0.0,0,true
src/java/org/apache/poi/hssf/record/FontBasisRecord.java,159.0,1.0,108.0,20.0,12.0,45.0,0,0.0,0.0,0.0,0,true
src/java/org/apache/poi/hssf/record/FontIndexRecord.java,87.0,1.0,40.0,12.0,8.0,25.0,0,0.0,0.0,0.0,0,true
src/java/org/apache/poi/hssf/record/FontRecord.java,355.0,3.0,496.0,37.0,43.0,70.0,0,0.0,0.0,0.0,0,true
src/java/org/apache/poi/hssf/record/FooterRecord.java,115.0,2.0,63.0,14.0,13.0,28.0,0,0.0,0.0,0.0,0,true
src/java/org/apache/poi/hssf/record/FormatRecord.java,147.0,2.0,66.0,17.0,14.0,43.0,0,0.0,0.0,0.0,0,true
src/java/org/apache/poi/hssf/record/FormulaRecord.java,375.0,4.0,473.0,38.0,69.0,101.0,1,0.0045662100456621,1167.037037037037,107193.97975194867,1,true
src/java/org/apache/poi/hssf/record/FrameRecord.java,145.0,1.0,61.0,18.0,15.0,38.0,0,0.0,0.0,0.0,0,true
src/java/org/apache/poi/hssf/record/GridsetRecord.java,86.0,1.0,40.0,12.0,6.0,25.0,0,0.0,0.0,0.0,0,true
src/java/org/apache/poi/hssf/record/GroupMarkerSubRecord.java,73.0,1.0,19.0,10.0,8.0,21.0,0,0.0,0.0,0.0,0,true
src/java/org/apache/poi/hssf/record/GutsRecord.java,136.0,1.0,105.0,18.0,14.0,35.0,0,0.0,0.0,0.0,0,true
src/java/org/apache/poi/hssf/record/HCenterRecord.java,84.0,1.0,40.0,12.0,6.0,24.0,0,0.0,0.0,0.0,0,true
src/java/org/apache/poi/hssf/record/HeaderRecord.java,116.0,2.0,63.0,14.0,12.0,28.0,0,0.0,0.0,0.0,0,true
src/java/org/apache/poi/hssf/record/HideObjRecord.java,82.0,1.0,43.0,11.0,8.0,20.0,0,0.0,0.0,0.0,0,true
src/java/org/apache/poi/hssf/record/HorizontalPageBreakRecord.java,41.0,0.0,8.0,5.0,0.0,6.0,0,0.0,0.0,0.0,0,false
src/java/org/apache/poi/hssf/record/IndexRecord.java,130.0,2.0,115.0,19.0,22.0,39.0,1,0.0045662100456621,1167.037037037037,107193.97975194867,1,true
src/java/org/apache/poi/hssf/record/InterfaceEndRecord.java,56.0,1.0,30.0,9.0,4.0,17.0,0,0.0,0.0,0.0,0,true
src/java/org/apache/poi/hssf/record/InterfaceHdrRecord.java,79.0,1.0,43.0,11.0,8.0,22.0,0,0.0,0.0,0.0,0,true
src/java/org/apache/poi/hssf/record/IterationRecord.java,87.0,1.0,40.0,12.0,6.0,26.0,0,0.0,0.0,0.0,0,true
src/java/org/apache/poi/hssf/record/LabelRecord.java,184.0,2.0,217.0,23.0,19.0,54.0,1,0.0045662100456621,1167.037037037037,107193.97975194867,1,true
src/java/org/apache/poi/hssf/record/LabelSSTRecord.java,187.0,1.0,252.0,25.0,27.0,57.0,0,0.0,0.0,0.0,0,true
src/java/org/apache/poi/hssf/record/LeftMarginRecord.java,83.0,1.0,40.0,12.0,7.0,25.0,1,0.0045662100456621,1167.037037037037,107193.97975194867,1,true
src/java/org/apache/poi/hssf/record/LegendRecord.java,322.0,1.0,268.0,36.0,34.0,77.0,0,0.0,0.0,0.0,0,true
src/java/org/apache/poi/hssf/record/LineFormatRecord.java,250.0,1.0,153.0,26.0,23.0,64.0,0,0.0,0.0,0.0,0,true
src/java/org/apache/poi/hssf/record/LinkedDataFormulaField.java,66.0,4.0,6.0,9.0,23.0,24.0,0,0.0,0.0,0.0,0,false
src/java/org/apache/poi/hssf/record/LinkedDataRecord.java,205.0,1.0,117.0,22.0,19.0,57.0,0,0.0,0.0,0.0,0,true
src/java/org/apache/poi/hssf/record/MMSRecord.java,92.0,1.0,60.0,13.0,9.0,23.0,0,0.0,0.0,0.0,0,true
src/java/org/apache/poi/hssf/record/Margin.java,15.0,1.0,1.0,2.0,0.0,4.0,1,0.0045662100456621,1167.037037037037,107193.97975194867,1,false
src/java/org/apache/poi/hssf/record/MergeCellsRecord.java,185.0,3.0,11.0,15.0,18.0,34.0,1,0.0045662100456621,1167.037037037037,107193.97975194867,1,false
src/java/org/apache/poi/hssf/record/MulBlankRecord.java,131.0,1.0,75.0,14.0,12.0,33.0,0,0.0,0.0,0.0,0,true
src/java/org/apache/poi/hssf/record/MulRKRecord.java,128.0,3.0,85.0,15.0,18.0,36.0,0,0.0,0.0,0.0,0,true
src/java/org/apache/poi/hssf/record/NameRecord.java,710.0,10.0,1483.0,62.0,86.0,137.0,1,0.0045662100456621,1167.037037037037,107193.97975194867,1,true
src/java/org/apache/poi/hssf/record/NumberFormatIndexRecord.java,87.0,1.0,40.0,12.0,8.0,29.0,0,0.0,0.0,0.0,0,true
src/java/org/apache/poi/hssf/record/NumberRecord.java,203.0,2.0,252.0,25.0,27.0,61.0,0,0.0,0.0,0.0,0,true
src/java/org/apache/poi/hssf/record/ObjRecord.java,105.0,4.0,0.0,14.0,26.0,31.0,0,0.0,0.0,0.0,0,true
src/java/org/apache/poi/hssf/record/ObjectLinkRecord.java,140.0,1.0,66.0,16.0,10.0,35.0,0,0.0,0.0,0.0,0,true
src/java/org/apache/poi/hssf/record/PageBreakRecord.java,177.0,7.0,104.0,17.0,31.0,46.0,0,0.0,0.0,0.0,0,true
src/java/org/apache/poi/hssf/record/PaletteRecord.java,125.0,3.0,40.0,13.0,15.0,31.0,1,0.0045662100456621,1167.037037037037,107193.97975194867,1,true
src/java/org/apache/poi/hssf/record/PaneRecord.java,173.0,1.0,108.0,20.0,12.0,45.0,0,0.0,0.0,0.0,0,true
src/java/org/apache/poi/hssf/record/PasswordRecord.java,81.0,1.0,48.0,12.0,9.0,22.0,0,0.0,0.0,0.0,0,true
src/java/org/apache/poi/hssf/record/PasswordRev4Record.java,74.0,1.0,43.0,11.0,8.0,20.0,0,0.0,0.0,0.0,0,true
src/java/org/apache/poi/hssf/record/PlotAreaRecord.java,69.0,1.0,39.0,10.0,4.0,20.0,0,0.0,0.0,0.0,0,true
src/java/org/apache/poi/hssf/record/PlotGrowthRecord.java,105.0,1.0,51.0,14.0,10.0,30.0,0,0.0,0.0,0.0,0,true
src/java/org/apache/poi/hssf/record/PrecisionRecord.java,79.0,1.0,37.0,11.0,6.0,22.0,0,0.0,0.0,0.0,0,true
src/java/org/apache/poi/hssf/record/PrintGridlinesRecord.java,84.0,1.0,40.0,12.0,6.0,24.0,0,0.0,0.0,0.0,0,true
src/java/org/apache/poi/hssf/record/PrintHeadersRecord.java,85.0,1.0,40.0,12.0,6.0,24.0,0,0.0,0.0,0.0,0,true
src/java/org/apache/poi/hssf/record/PrintSetupRecord.java,244.0,2.0,642.0,48.0,53.0,76.0,0,0.0,0.0,0.0,0,true
src/java/org/apache/poi/hssf/record/ProtectRecord.java,85.0,1.0,40.0,12.0,6.0,24.0,0,0.0,0.0,0.0,0,true
src/java/org/apache/poi/hssf/record/ProtectionRev4Record.java,79.0,1.0,37.0,11.0,6.0,22.0,0,0.0,0.0,0.0,0,true
src/java/org/apache/poi/hssf/record/RKRecord.java,191.0,2.0,242.0,24.0,31.0,51.0,0,0.0,0.0,0.0,0,true
src/java/org/apache/poi/hssf/record/RecalcIdRecord.java,100.0,1.0,58.0,13.0,7.0,26.0,0,0.0,0.0,0.0,0,true
src/java/org/apache/poi/hssf/record/Record.java,118.0,0.0,105.0,15.0,10.0,36.0,0,0.0,0.0,0.0,0,true
src/java/org/apache/poi/hssf/record/RecordFactory.java,164.0,5.0,4.0,5.0,31.0,25.0,1,0.0045662100456621,1167.037037037037,107193.97975194867,1,true
src/java/org/apache/poi/hssf/record/RecordFormatException.java,9.0,0.0,0.0,1.0,0.0,1.0,0,0.0,0.0,0.0,0,false
src/java/org/apache/poi/hssf/record/RecordProcessor.java,73.0,2.0,0.0,9.0,10.0,18.0,0,0.0,0.0,0.0,0,true
src/java/org/apache/poi/hssf/record/RefModeRecord.java,85.0,1.0,48.0,12.0,8.0,22.0,0,0.0,0.0,0.0,0,true
src/java/org/apache/poi/hssf/record/RefreshAllRecord.java,79.0,1.0,37.0,11.0,6.0,22.0,0,0.0,0.0,0.0,0,true
src/java/org/apache/poi/hssf/record/RightMarginRecord.java,83.0,1.0,40.0,12.0,7.0,25.0,1,0.0045662100456621,1167.037037037037,107193.97975194867,1,true
src/java/org/apache/poi/hssf/record/RowRecord.java,318.0,2.0,408.0,37.0,38.0,80.0,0,0.0,0.0,0.0,0,true
src/java/org/apache/poi/hssf/record/SCLRecord.java,105.0,1.0,51.0,14.0,9.0,30.0,0,0.0,0.0,0.0,0,true
src/java/org/apache/poi/hssf/record/SSTDeserializer.java,374.0,3.0,105.0,23.0,61.0,60.0,1,0.0045662100456621,1167.037037037037,107193.97975194867,1,true
src/java/org/apache/poi/hssf/record/SSTRecord.java,399.0,5.0,106.0,25.0,43.0,63.0,0,0.0,0.0,0.0,0,true
src/java/org/apache/poi/hssf/record/SSTRecordHeader.java,32.0,2.0,0.0,2.0,2.0,4.0,0,0.0,0.0,0.0,0,false
src/java/org/apache/poi/hssf/record/SSTRecordSizeCalculator.java,142.0,4.0,0.0,8.0,18.0,22.0,0,0.0,0.0,0.0,0,true
src/java/org/apache/poi/hssf/record/SSTSerializer.java,149.0,4.0,0.0,12.0,32.0,32.0,0,0.0,0.0,0.0,0,true
src/java/org/apache/poi/hssf/record/SaveRecalcRecord.java,79.0,1.0,40.0,12.0,6.0,24.0,0,0.0,0.0,0.0,0,true
src/java/org/apache/poi/hssf/record/SelectionRecord.java,163.0,2.0,132.0,20.0,16.0,36.0,0,0.0,0.0,0.0,0,true
src/java/org/apache/poi/hssf/record/SeriesChartGroupIndexRecord.java,87.0,1.0,40.0,12.0,8.0,25.0,0,0.0,0.0,0.0,0,true
src/java/org/apache/poi/hssf/record/SeriesIndexRecord.java,87.0,1.0,40.0,12.0,8.0,25.0,0,0.0,0.0,0.0,0,true
src/java/org/apache/poi/hssf/record/SeriesLabelsRecord.java,183.0,1.0,0.0,24.0,26.0,59.0,0,0.0,0.0,0.0,0,true
src/java/org/apache/poi/hssf/record/SeriesListRecord.java,87.0,1.0,30.0,12.0,8.0,25.0,0,0.0,0.0,0.0,0,true
src/java/org/apache/poi/hssf/record/SeriesRecord.java,219.0,1.0,135.0,22.0,13.0,50.0,0,0.0,0.0,0.0,0,true
src/java/org/apache/poi/hssf/record/SeriesTextRecord.java,141.0,1.0,75.0,18.0,13.0,40.0,0,0.0,0.0,0.0,0,true
src/java/org/apache/poi/hssf/record/SeriesToChartGroupRecord.java,87.0,1.0,40.0,12.0,8.0,25.0,0,0.0,0.0,0.0,0,true
src/java/org/apache/poi/hssf/record/SharedFormulaRecord.java,94.0,1.0,27.0,11.0,8.0,25.0,1,0.0045662100456621,1167.037037037037,107193.97975194867,1,true
src/java/org/apache/poi/hssf/record/SheetPropertiesRecord.java,196.0,1.0,46.0,24.0,24.0,47.0,0,0.0,0.0,0.0,0,true
src/java/org/apache/poi/hssf/record/StringRecord.java,141.0,2.0,68.0,17.0,16.0,41.0,1,0.0045662100456621,1167.037037037037,107193.97975194867,1,true
src/java/org/apache/poi/hssf/record/StyleRecord.java,230.0,3.0,192.0,24.0,29.0,57.0,0,0.0,0.0,0.0,0,true
src/java/org/apache/poi/hssf/record/SubRecord.java,30.0,0.0,6.0,4.0,0.0,7.0,0,0.0,0.0,0.0,0,true
src/java/org/apache/poi/hssf/record/SupBookRecord.java,92.0,1.0,50.0,13.0,8.0,26.0,0,0.0,0.0,0.0,0,true
src/java/org/apache/poi/hssf/record/TabIdRecord.java,86.0,1.0,37.0,11.0,7.0,23.0,0,0.0,0.0,0.0,0,true
src/java/org/apache/poi/hssf/record/TextObjectBaseRecord.java,325.0,1.0,327.0,38.0,35.0,82.0,0,0.0,0.0,0.0,0,true
src/java/org/apache/poi/hssf/record/TextObjectRecord.java,142.0,5.0,6.0,13.0,45.0,34.0,1,0.0045662100456621,1167.037037037037,107193.97975194867,1,true
src/java/org/apache/poi/hssf/record/TextRecord.java,540.0,1.0,779.0,62.0,63.0,122.0,0,0.0,0.0,0.0,0,true
src/java/org/apache/poi/hssf/record/TickRecord.java,313.0,1.0,415.0,38.0,31.0,86.0,0,0.0,0.0,0.0,0,true
src/java/org/apache/poi/hssf/record/TopMarginRecord.java,83.0,1.0,40.0,12.0,7.0,25.0,1,0.0045662100456621,1167.037037037037,107193.97975194867,1,true
src/java/org/apache/poi/hssf/record/UnicodeString.java,227.0,3.0,230.0,25.0,37.0,60.0,1,0.0045662100456621,1167.037037037037,107193.97975194867,1,true
src/java/org/apache/poi/hssf/record/UnitsRecord.java,87.0,1.0,40.0,12.0,8.0,25.0,0,0.0,0.0,0.0,0,true
src/java/org/apache/poi/hssf/record/UnknownRecord.java,99.0,1.0,0.0,11.0,7.0,21.0,1,0.0045662100456621,1167.037037037037,107193.97975194867,1,true
src/java/org/apache/poi/hssf/record/UseSelFSRecord.java,80.0,1.0,43.0,11.0,8.0,22.0,0,0.0,0.0,0.0,0,true
src/java/org/apache/poi/hssf/record/VCenterRecord.java,84.0,1.0,40.0,12.0,6.0,24.0,0,0.0,0.0,0.0,0,true
src/java/org/apache/poi/hssf/record/ValueRangeRecord.java,321.0,1.0,198.0,40.0,42.0,77.0,0,0.0,0.0,0.0,0,true
src/java/org/apache/poi/hssf/record/VerticalPageBreakRecord.java,41.0,0.0,10.0,5.0,0.0,6.0,0,0.0,0.0,0.0,0,true
src/java/org/apache/poi/hssf/record/WSBoolRecord.java,224.0,2.0,167.0,30.0,33.0,58.0,0,0.0,0.0,0.0,0,true
src/java/org/apache/poi/hssf/record/WindowOneRecord.java,299.0,2.0,456.0,37.0,39.0,59.0,0,0.0,0.0,0.0,0,true
src/java/org/apache/poi/hssf/record/WindowProtectRecord.java,78.0,1.0,37.0,11.0,6.0,22.0,0,0.0,0.0,0.0,0,true
src/java/org/apache/poi/hssf/record/WindowTwoRecord.java,388.0,2.0,306.0,48.0,58.0,93.0,0,0.0,0.0,0.0,0,true
src/java/org/apache/poi/hssf/record/WriteAccessRecord.java,89.0,2.0,37.0,11.0,14.0,24.0,0,0.0,0.0,0.0,0,true
src/java/org/apache/poi/hssf/record/aggregates/FormulaRecordAggregate.java,142.0,1.0,0.0,28.0,18.0,68.0,1,0.0045662100456621,1167.037037037037,107193.97975194867,1,true
src/java/org/apache/poi/hssf/record/aggregates/RowRecordsAggregate.java,232.0,8.0,70.0,24.0,54.0,73.0,1,0.0045662100456621,1167.037037037037,107193.97975194867,1,true
src/java/org/apache/poi/hssf/record/aggregates/ValueRecordsAggregate.java,276.0,9.0,240.0,25.0,64.0,74.0,1,0.0045662100456621,1167.037037037037,107193.97975194867,1,true
src/java/org/apache/poi/hssf/record/formula/AbstractFunctionPtg.java,1144.0,2.0,77.0,14.0,14.0,30.0,1,0.0045662100456621,1167.037037037037,107193.97975194867,1,true
src/java/org/apache/poi/hssf/record/formula/AddPtg.java,52.0,2.0,45.0,10.0,2.0,17.0,1,0.0045662100456621,1167.037037037037,107193.97975194867,1,true
src/java/org/apache/poi/hssf/record/formula/Area3DPtg.java,200.0,7.0,227.0,34.0,54.0,56.0,1,0.0045662100456621,1167.037037037037,107193.97975194867,1,true
src/java/org/apache/poi/hssf/record/formula/AreaPtg.java,197.0,5.0,130.0,29.0,45.0,45.0,1,0.0045662100456621,1167.037037037037,107193.97975194867,1,true
src/java/org/apache/poi/hssf/record/formula/AttrPtg.java,148.0,4.0,146.0,25.0,31.0,47.0,1,0.0045662100456621,1167.037037037037,107193.97975194867,1,true
src/java/org/apache/poi/hssf/record/formula/BoolPtg.java,45.0,2.0,3.0,10.0,1.0,16.0,1,0.0045662100456621,1167.037037037037,107193.97975194867,1,true
src/java/org/apache/poi/hssf/record/formula/ConcatPtg.java,38.0,2.0,34.0,9.0,2.0,15.0,1,0.0045662100456621,1167.037037037037,107193.97975194867,1,true
src/java/org/apache/poi/hssf/record/formula/ControlPtg.java,2.0,0.0,0.0,0.0,0.0,0.0,1,0.0045662100456621,1167.037037037037,107193.97975194867,1,true
src/java/org/apache/poi/hssf/record/formula/DividePtg.java,42.0,2.0,36.0,9.0,3.0,15.0,1,0.0045662100456621,1167.037037037037,107193.97975194867,1,true
src/java/org/apache/poi/hssf/record/formula/EqualPtg.java,39.0,2.0,36.0,9.0,3.0,15.0,1,0.0045662100456621,1167.037037037037,107193.97975194867,1,true
src/java/org/apache/poi/hssf/record/formula/ExpPtg.java,40.0,1.0,15.0,7.0,3.0,14.0,1,0.0045662100456621,1167.037037037037,107193.97975194867,1,true
src/java/org/apache/poi/hssf/record/formula/FuncPtg.java,53.0,1.0,15.0,7.0,7.0,13.0,1,0.0045662100456621,1167.037037037037,107193.97975194867,1,true
src/java/org/apache/poi/hssf/record/formula/FuncVarPtg.java,56.0,1.0,28.0,8.0,8.0,15.0,1,0.0045662100456621,1167.037037037037,107193.97975194867,1,true
src/java/org/apache/poi/hssf/record/formula/GreaterEqualPtg.java,40.0,1.0,36.0,9.0,3.0,15.0,1,0.0045662100456621,1167.037037037037,107193.97975194867,1,true
src/java/org/apache/poi/hssf/record/formula/GreaterThanPtg.java,82.0,2.0,43.0,10.0,2.0,20.0,1,0.0045662100456621,1167.037037037037,107193.97975194867,1,true
src/java/org/apache/poi/hssf/record/formula/IntPtg.java,45.0,2.0,39.0,10.0,7.0,16.0,1,0.0045662100456621,1167.037037037037,107193.97975194867,1,true
src/java/org/apache/poi/hssf/record/formula/LessEqualPtg.java,40.0,1.0,36.0,9.0,3.0,15.0,1,0.0045662100456621,1167.037037037037,107193.97975194867,1,true
src/java/org/apache/poi/hssf/record/formula/LessThanPtg.java,93.0,2.0,43.0,10.0,2.0,20.0,1,0.0045662100456621,1167.037037037037,107193.97975194867,1,true
src/java/org/apache/poi/hssf/record/formula/MemErrPtg.java,48.0,2.0,33.0,11.0,2.0,17.0,1,0.0045662100456621,1167.037037037037,107193.97975194867,1,true
src/java/org/apache/poi/hssf/record/formula/MemFuncPtg.java,44.0,2.0,15.0,10.0,2.0,17.0,1,0.0045662100456621,1167.037037037037,107193.97975194867,1,true
src/java/org/apache/poi/hssf/record/formula/MissingArgPtg.java,28.0,1.0,21.0,7.0,0.0,11.0,1,0.0045662100456621,1167.037037037037,107193.97975194867,1,true
src/java/org/apache/poi/hssf/record/formula/MultiplyPtg.java,52.0,2.0,55.0,11.0,6.0,19.0,1,0.0045662100456621,1167.037037037037,107193.97975194867,1,true
src/java/org/apache/poi/hssf/record/formula/NamePtg.java,61.0,3.0,8.0,8.0,12.0,15.0,1,0.0045662100456621,1167.037037037037,107193.97975194867,1,true
src/java/org/apache/poi/hssf/record/formula/NameXPtg.java,49.0,2.0,22.0,8.0,3.0,12.0,1,0.0045662100456621,1167.037037037037,107193.97975194867,1,true
src/java/org/apache/poi/hssf/record/formula/NotEqualPtg.java,40.0,1.0,36.0,9.0,3.0,15.0,1,0.0045662100456621,1167.037037037037,107193.97975194867,1,true
src/java/org/apache/poi/hssf/record/formula/NumberPtg.java,53.0,2.0,39.0,10.0,7.0,16.0,1,0.0045662100456621,1167.037037037037,107193.97975194867,1,true
src/java/org/apache/poi/hssf/record/formula/OperationPtg.java,23.0,1.0,6.0,4.0,0.0,6.0,1,0.0045662100456621,1167.037037037037,107193.97975194867,1,true
src/java/org/apache/poi/hssf/record/formula/ParenthesisPtg.java,40.0,2.0,45.0,10.0,0.0,17.0,1,0.0045662100456621,1167.037037037037,107193.97975194867,1,true
src/java/org/apache/poi/hssf/record/formula/PowerPtg.java,40.0,2.0,36.0,9.0,3.0,15.0,1,0.0045662100456621,1167.037037037037,107193.97975194867,1,true
src/java/org/apache/poi/hssf/record/formula/Ptg.java,217.0,3.0,53.0,11.0,10.0,26.0,1,0.0045662100456621,1167.037037037037,107193.97975194867,1,true
src/java/org/apache/poi/hssf/record/formula/Ref3DPtg.java,119.0,7.0,113.0,22.0,39.0,34.0,1,0.0045662100456621,1167.037037037037,107193.97975194867,1,true
src/java/org/apache/poi/hssf/record/formula/ReferencePtg.java,93.0,4.0,47.0,19.0,27.0,29.0,1,0.0045662100456621,1167.037037037037,107193.97975194867,1,true
src/java/org/apache/poi/hssf/record/formula/StringPtg.java,80.0,4.0,10.0,9.0,11.0,23.0,1,0.0045662100456621,1167.037037037037,107193.97975194867,1,true
src/java/org/apache/poi/hssf/record/formula/SubtractPtg.java,37.0,2.0,36.0,9.0,2.0,15.0,1,0.0045662100456621,1167.037037037037,107193.97975194867,1,true
src/java/org/apache/poi/hssf/record/formula/UnaryMinusPtg.java,50.0,2.0,45.0,10.0,2.0,17.0,1,0.0045662100456621,1167.037037037037,107193.97975194867,1,true
src/java/org/apache/poi/hssf/record/formula/UnaryPlusPtg.java,50.0,2.0,45.0,10.0,2.0,17.0,1,0.0045662100456621,1167.037037037037,107193.97975194867,1,true
src/java/org/apache/poi/hssf/record/formula/UnionPtg.java,41.0,1.0,36.0,9.0,2.0,15.0,1,0.0045662100456621,1167.037037037037,107193.97975194867,1,true
src/java/org/apache/poi/hssf/record/formula/UnknownPtg.java,28.0,1.0,21.0,7.0,0.0,11.0,1,0.0045662100456621,1167.037037037037,107193.97975194867,1,true
src/java/org/apache/poi/hssf/usermodel/DummyGraphics2d.java,544.0,11.0,0.0,85.0,169.0,120.0,1,0.0045662100456621,1167.037037037037,107193.97975194867,1,true
src/java/org/apache/poi/hssf/usermodel/EscherGraphics.java,292.0,6.0,649.0,46.0,133.0,100.0,1,0.0045662100456621,1167.037037037037,107193.97975194867,1,false
src/java/org/apache/poi/hssf/usermodel/EscherGraphics2d.java,350.0,16.0,3064.0,80.0,157.0,135.0,1,0.0045662100456621,1167.037037037037,107193.97975194867,1,true
src/java/org/apache/poi/hssf/usermodel/FontDetails.java,99.0,4.0,20.0,9.0,21.0,29.0,1,0.0045662100456621,1167.037037037037,107193.97975194867,1,true
src/java/org/apache/poi/hssf/usermodel/HSSFAnchor.java,45.0,0.0,42.0,12.0,0.0,16.0,1,0.0045662100456621,1167.037037037037,107193.97975194867,1,false
src/java/org/apache/poi/hssf/usermodel/HSSFCell.java,625.0,17.0,65.0,30.0,76.0,91.0,1,0.0045662100456621,1167.037037037037,107193.97975194867,1,true
src/java/org/apache/poi/hssf/usermodel/HSSFCellStyle.java,656.0,1.0,0.0,42.0,50.0,110.0,1,0.0045662100456621,1167.037037037037,107193.97975194867,1,true
src/java/org/apache/poi/hssf/usermodel/HSSFChildAnchor.java,19.0,3.0,10.0,5.0,0.0,7.0,1,0.0045662100456621,1167.037037037037,107193.97975194867,1,true
src/java/org/apache/poi/hssf/usermodel/HSSFClientAnchor.java,146.0,2.0,40.0,16.0,16.0,35.0,1,0.0045662100456621,1167.037037037037,107193.97975194867,1,true
src/java/org/apache/poi/hssf/usermodel/HSSFDataFormat.java,207.0,6.0,0.0,8.0,32.0,32.0,1,0.0045662100456621,1167.037037037037,107193.97975194867,1,true
src/java/org/apache/poi/hssf/usermodel/HSSFDateUtil.java,154.0,3.0,43.0,10.0,19.0,34.0,1,0.0045662100456621,1167.037037037037,107193.97975194867,1,true
src/java/org/apache/poi/hssf/usermodel/HSSFErrorConstants.java,13.0,0.0,0.0,0.0,0.0,0.0,1,0.0045662100456621,1167.037037037037,107193.97975194867,1,false
src/java/org/apache/poi/hssf/usermodel/HSSFFont.java,241.0,1.0,0.0,21.0,20.0,36.0,1,0.0045662100456621,1167.037037037037,107193.97975194867,1,true
src/java/org/apache/poi/hssf/usermodel/HSSFFooter.java,178.0,1.0,88.0,16.0,13.0,38.0,1,0.0045662100456621,1167.037037037037,107193.97975194867,1,true
src/java/org/apache/poi/hssf/usermodel/HSSFHeader.java,178.0,1.0,88.0,16.0,13.0,38.0,1,0.0045662100456621,1167.037037037037,107193.97975194867,1,true
src/java/org/apache/poi/hssf/usermodel/HSSFName.java,76.0,4.0,0.0,7.0,14.0,11.0,1,0.0045662100456621,1167.037037037037,107193.97975194867,1,true
src/java/org/apache/poi/hssf/usermodel/HSSFPalette.java,137.0,2.0,0.0,6.0,6.0,19.0,1,0.0045662100456621,1167.037037037037,107193.97975194867,1,true
src/java/org/apache/poi/hssf/usermodel/HSSFPatriarch.java,120.0,3.0,28.0,12.0,9.0,23.0,1,0.0045662100456621,1167.037037037037,107193.97975194867,1,true
src/java/org/apache/poi/hssf/usermodel/HSSFPolygon.java,42.0,0.0,20.0,8.0,1.0,14.0,1,0.0045662100456621,1167.037037037037,107193.97975194867,1,true
src/java/org/apache/poi/hssf/usermodel/HSSFPrintSetup.java,285.0,1.0,0.0,39.0,38.0,61.0,1,0.0045662100456621,1167.037037037037,107193.97975194867,1,false
src/java/org/apache/poi/hssf/usermodel/HSSFRichTextString.java,127.0,3.0,21.0,14.0,30.0,37.0,1,0.0045662100456621,1167.037037037037,107193.97975194867,1,true
src/java/org/apache/poi/hssf/usermodel/HSSFRow.java,274.0,7.0,0.0,28.0,54.0,66.0,1,0.0045662100456621,1167.037037037037,107193.97975194867,1,true
src/java/org/apache/poi/hssf/usermodel/HSSFShape.java,145.0,0.0,108.0,17.0,0.0,31.0,1,0.0045662100456621,1167.037037037037,107193.97975194867,1,true
src/java/org/apache/poi/hssf/usermodel/HSSFShapeContainer.java,10.0,1.0,0.0,1.0,0.0,2.0,1,0.0045662100456621,1167.037037037037,107193.97975194867,1,true
src/java/org/apache/poi/hssf/usermodel/HSSFShapeGroup.java,111.0,3.0,28.0,12.0,9.0,23.0,1,0.0045662100456621,1167.037037037037,107193.97975194867,1,true
src/java/org/apache/poi/hssf/usermodel/HSSFSheet.java,795.0,11.0,0.0,83.0,176.0,194.0,1,0.0045662100456621,1167.037037037037,107193.97975194867,1,true
src/java/org/apache/poi/hssf/usermodel/HSSFSimpleShape.java,33.0,0.0,1.0,3.0,0.0,4.0,1,0.0045662100456621,1167.037037037037,107193.97975194867,1,false
src/java/org/apache/poi/hssf/usermodel/HSSFTextbox.java,78.0,0.0,51.0,11.0,1.0,17.0,1,0.0045662100456621,1167.037037037037,107193.97975194867,1,false
src/java/org/apache/poi/hssf/usermodel/HSSFWorkbook.java,684.0,23.0,34.0,53.0,170.0,149.0,1,0.0045662100456621,1167.037037037037,107193.97975194867,1,true
src/java/org/apache/poi/hssf/usermodel/StaticFontMetrics.java,57.0,3.0,0.0,1.0,11.0,7.0,1,0.0045662100456621,1167.037037037037,107193.97975194867,1,true
src/java/org/apache/poi/hssf/util/AreaReference.java,56.0,0.0,0.0,5.0,7.0,13.0,1,0.0045662100456621,1167.037037037037,107193.97975194867,1,true
src/java/org/apache/poi/hssf/util/CellReference.java,122.0,0.0,26.0,12.0,16.0,30.0,1,0.0045662100456621,1167.037037037037,107193.97975194867,1,true
src/java/org/apache/poi/hssf/util/HSSFColor.java,978.0,1.0,15.0,6.0,2.0,13.0,1,0.0045662100456621,1167.037037037037,107193.97975194867,1,true
src/java/org/apache/poi/hssf/util/RKUtil.java,31.0,0.0,1.0,2.0,1.0,5.0,1,0.0045662100456621,1167.037037037037,107193.97975194867,1,false
src/java/org/apache/poi/hssf/util/RangeAddress.java,291.0,0.0,291.0,30.0,52.0,100.0,1,0.0045662100456621,1167.037037037037,107193.97975194867,1,true
src/java/org/apache/poi/hssf/util/Region.java,125.0,1.0,78.0,16.0,10.0,37.0,1,0.0045662100456621,1167.037037037037,107193.97975194867,1,false
src/java/org/apache/poi/hssf/util/SheetReferences.java,17.0,2.0,0.0,3.0,2.0,4.0,1,0.0045662100456621,1167.037037037037,107193.97975194867,1,false
src/java/org/apache/poi/poifs/common/POIFSConstants.java,10.0,0.0,0.0,0.0,0.0,0.0,0,0.0,0.0,0.0,0,true
src/java/org/apache/poi/poifs/dev/POIFSViewEngine.java,62.0,2.0,1.0,2.0,15.0,11.0,0,0.0,0.0,0.0,0,false
src/java/org/apache/poi/poifs/dev/POIFSViewable.java,39.0,1.0,6.0,4.0,0.0,9.0,0,0.0,0.0,0.0,0,false
src/java/org/apache/poi/poifs/dev/POIFSViewer.java,44.0,3.0,1.0,2.0,12.0,8.0,0,0.0,0.0,0.0,0,false
src/java/org/apache/poi/poifs/eventfilesystem/POIFSReader.java,166.0,13.0,3.0,7.0,31.0,23.0,0,0.0,0.0,0.0,0,true
src/java/org/apache/poi/poifs/eventfilesystem/POIFSReaderEvent.java,39.0,2.0,0.0,4.0,0.0,7.0,0,0.0,0.0,0.0,0,false
src/java/org/apache/poi/poifs/eventfilesystem/POIFSReaderListener.java,13.0,0.0,0.0,1.0,0.0,2.0,0,0.0,0.0,0.0,0,false
src/java/org/apache/poi/poifs/eventfilesystem/POIFSReaderRegistry.java,83.0,3.0,0.0,6.0,18.0,16.0,0,0.0,0.0,0.0,0,false
src/java/org/apache/poi/poifs/filesystem/BATManaged.java,18.0,0.0,1.0,2.0,0.0,4.0,0,0.0,0.0,0.0,0,false
src/java/org/apache/poi/poifs/filesystem/DirectoryEntry.java,73.0,3.0,36.0,9.0,0.0,24.0,0,0.0,0.0,0.0,0,false
src/java/org/apache/poi/poifs/filesystem/DirectoryNode.java,243.0,7.0,94.0,20.0,45.0,60.0,0,0.0,0.0,0.0,0,true
src/java/org/apache/poi/poifs/filesystem/DocumentDescriptor.java,65.0,0.0,0.0,4.0,8.0,15.0,0,0.0,0.0,0.0,0,false
src/java/org/apache/poi/poifs/filesystem/DocumentEntry.java,12.0,0.0,0.0,1.0,0.0,2.0,0,0.0,0.0,0.0,0,false
src/java/org/apache/poi/poifs/filesystem/DocumentInputStream.java,320.0,1.0,0.0,13.0,15.0,53.0,0,0.0,0.0,0.0,0,false
src/java/org/apache/poi/poifs/filesystem/DocumentNode.java,84.0,3.0,30.0,9.0,7.0,23.0,0,0.0,0.0,0.0,0,false
src/java/org/apache/poi/poifs/filesystem/DocumentOutputStream.java,105.0,2.0,4.0,8.0,8.0,26.0,0,0.0,0.0,0.0,0,false
src/java/org/apache/poi/poifs/filesystem/Entry.java,49.0,0.0,15.0,6.0,0.0,22.0,0,0.0,0.0,0.0,0,false
src/java/org/apache/poi/poifs/filesystem/EntryNode.java,103.0,3.0,19.0,10.0,7.0,35.0,0,0.0,0.0,0.0,0,false
src/java/org/apache/poi/poifs/filesystem/POIFSDocument.java,392.0,12.0,0.0,16.0,34.0,47.0,0,0.0,0.0,0.0,0,true
src/java/org/apache/poi/poifs/filesystem/POIFSDocumentPath.java,171.0,1.0,0.0,9.0,10.0,36.0,1,0.0045662100456621,1167.037037037037,107193.97975194867,1,true
src/java/org/apache/poi/poifs/filesystem/POIFSFileSystem.java,244.0,20.0,106.0,17.0,76.0,51.0,0,0.0,0.0,0.0,0,true
src/java/org/apache/poi/poifs/filesystem/POIFSWriterEvent.java,49.0,0.0,2.0,5.0,0.0,9.0,0,0.0,0.0,0.0,0,false
src/java/org/apache/poi/poifs/filesystem/POIFSWriterListener.java,13.0,0.0,0.0,1.0,0.0,2.0,0,0.0,0.0,0.0,0,false
src/java/org/apache/poi/poifs/property/Child.java,29.0,0.0,6.0,4.0,0.0,8.0,0,0.0,0.0,0.0,0,false
src/java/org/apache/poi/poifs/property/DirectoryProperty.java,160.0,3.0,0.0,8.0,23.0,23.0,0,0.0,0.0,0.0,0,false
src/java/org/apache/poi/poifs/property/DocumentProperty.java,63.0,1.0,9.0,7.0,4.0,13.0,0,0.0,0.0,0.0,0,false
src/java/org/apache/poi/poifs/property/Parent.java,31.0,2.0,6.0,4.0,0.0,7.0,0,0.0,0.0,0.0,0,false
src/java/org/apache/poi/poifs/property/Property.java,368.0,9.0,284.0,32.0,34.0,72.0,0,0.0,0.0,0.0,0,false
src/java/org/apache/poi/poifs/property/PropertyConstants.java,9.0,0.0,0.0,0.0,0.0,0.0,0,0.0,0.0,0.0,0,false
src/java/org/apache/poi/poifs/property/PropertyFactory.java,46.0,4.0,1.0,2.0,3.0,8.0,0,0.0,0.0,0.0,0,false
src/java/org/apache/poi/poifs/property/PropertyTable.java,128.0,9.0,0.0,11.0,24.0,26.0,0,0.0,0.0,0.0,0,true
src/java/org/apache/poi/poifs/property/RootProperty.java,31.0,4.0,3.0,3.0,4.0,3.0,0,0.0,0.0,0.0,0,false
src/java/org/apache/poi/poifs/storage/BATBlock.java,131.0,7.0,19.0,11.0,7.0,27.0,0,0.0,0.0,0.0,0,true
src/java/org/apache/poi/poifs/storage/BigBlock.java,32.0,2.0,3.0,3.0,2.0,10.0,0,0.0,0.0,0.0,0,true
src/java/org/apache/poi/poifs/storage/BlockAllocationTableReader.java,158.0,7.0,1.0,7.0,22.0,27.0,0,0.0,0.0,0.0,0,true
src/java/org/apache/poi/poifs/storage/BlockAllocationTableWriter.java,106.0,8.0,0.0,8.0,10.0,23.0,0,0.0,0.0,0.0,0,true
src/java/org/apache/poi/poifs/storage/BlockList.java,35.0,1.0,6.0,4.0,0.0,12.0,0,0.0,0.0,0.0,0,true
src/java/org/apache/poi/poifs/storage/BlockListImpl.java,77.0,2.0,0.0,6.0,1.0,17.0,0,0.0,0.0,0.0,0,true
src/java/org/apache/poi/poifs/storage/BlockWritable.java,14.0,2.0,0.0,1.0,0.0,3.0,0,0.0,0.0,0.0,0,false
src/java/org/apache/poi/poifs/storage/DocumentBlock.java,116.0,9.0,0.0,9.0,8.0,25.0,0,0.0,0.0,0.0,0,true
src/java/org/apache/poi/poifs/storage/HeaderBlockConstants.java,16.0,6.0,0.0,0.0,0.0,0.0,0,0.0,0.0,0.0,0,true
src/java/org/apache/poi/poifs/storage/HeaderBlockReader.java,77.0,9.0,9.0,7.0,8.0,16.0,0,0.0,0.0,0.0,0,true
src/java/org/apache/poi/poifs/storage/HeaderBlockWriter.java,117.0,7.0,0.0,7.0,9.0,14.0,0,0.0,0.0,0.0,0,true
src/java/org/apache/poi/poifs/storage/ListManagedBlock.java,13.0,1.0,0.0,1.0,0.0,4.0,0,0.0,0.0,0.0,0,false
src/java/org/apache/poi/poifs/storage/PropertyBlock.java,59.0,7.0,4.0,5.0,4.0,12.0,0,0.0,0.0,0.0,0,true
src/java/org/apache/poi/poifs/storage/RawDataBlock.java,48.0,3.0,0.0,3.0,2.0,13.0,0,0.0,0.0,0.0,0,true
src/java/org/apache/poi/poifs/storage/RawDataBlockList.java,23.0,2.0,0.0,1.0,4.0,5.0,0,0.0,0.0,0.0,0,true
src/java/org/apache/poi/poifs/storage/SmallBlockTableReader.java,22.0,3.0,0.0,1.0,3.0,3.0,0,0.0,0.0,0.0,0,true
src/java/org/apache/poi/poifs/storage/SmallBlockTableWriter.java,76.0,5.0,3.0,6.0,16.0,16.0,0,0.0,0.0,0.0,0,true
src/java/org/apache/poi/poifs/storage/SmallDocumentBlock.java,156.0,3.0,4.0,12.0,15.0,36.0,0,0.0,0.0,0.0,0,true
src/java/org/apache/poi/poifs/storage/SmallDocumentBlockList.java,13.0,1.0,0.0,1.0,2.0,1.0,0,0.0,0.0,0.0,0,true
src/java/org/apache/poi/util/BinaryTree.java,1447.0,1.0,2793.0,87.0,218.0,262.0,0,0.0,0.0,0.0,0,false
src/java/org/apache/poi/util/BitField.java,206.0,0.0,107.0,18.0,14.0,64.0,0,0.0,0.0,0.0,0,false
src/java/org/apache/poi/util/BlockingInputStream.java,59.0,2.0,0.0,10.0,9.0,28.0,0,0.0,0.0,0.0,0,false
src/java/org/apache/poi/util/ByteField.java,123.0,2.0,21.0,11.0,7.0,29.0,0,0.0,0.0,0.0,0,true
src/java/org/apache/poi/util/CommonsLogger.java,85.0,3.0,0.0,3.0,18.0,8.0,0,0.0,0.0,0.0,0,false
src/java/org/apache/poi/util/DoubleList.java,434.0,1.0,0.0,25.0,20.0,91.0,0,0.0,0.0,0.0,0,false
src/java/org/apache/poi/util/DoubleList2d.java,34.0,2.0,0.0,4.0,11.0,9.0,0,0.0,0.0,0.0,0,false
src/java/org/apache/poi/util/DrawingDump.java,11.0,6.0,0.0,1.0,2.0,2.0,0,0.0,0.0,0.0,0,false
src/java/org/apache/poi/util/FixedField.java,37.0,2.0,6.0,4.0,0.0,11.0,0,0.0,0.0,0.0,0,false
src/java/org/apache/poi/util/HexDump.java,259.0,2.0,89.0,14.0,37.0,53.0,1,0.0045662100456621,1167.037037037037,107193.97975194867,1,true
src/java/org/apache/poi/util/HexRead.java,142.0,3.0,10.0,5.0,16.0,27.0,0,0.0,0.0,0.0,0,true
src/java/org/apache/poi/util/IOUtils.java,30.0,2.0,3.0,3.0,2.0,10.0,0,0.0,0.0,0.0,0,true
src/java/org/apache/poi/util/IntList.java,451.0,1.0,0.0,27.0,22.0,96.0,0,0.0,0.0,0.0,0,false
src/java/org/apache/poi/util/IntList2d.java,43.0,2.0,0.0,5.0,13.0,13.0,0,0.0,0.0,0.0,0,false
src/java/org/apache/poi/util/IntegerField.java,125.0,2.0,9.0,11.0,8.0,29.0,0,0.0,0.0,0.0,0,false
src/java/org/apache/poi/util/List2d.java,34.0,2.0,0.0,4.0,11.0,9.0,0,0.0,0.0,0.0,0,false
src/java/org/apache/poi/util/LittleEndianConsts.java,12.0,0.0,0.0,0.0,0.0,0.0,0,0.0,0.0,0.0,0,false
src/java/org/apache/poi/util/LongField.java,121.0,2.0,9.0,11.0,8.0,29.0,0,0.0,0.0,0.0,0,false
src/java/org/apache/poi/util/NullLogger.java,290.0,1.0,231.0,22.0,0.0,40.0,0,0.0,0.0,0.0,0,false
src/java/org/apache/poi/util/POILogFactory.java,47.0,3.0,3.0,3.0,9.0,11.0,0,0.0,0.0,0.0,0,true
src/java/org/apache/poi/util/POILogger.java,416.0,1.0,325.0,26.0,56.0,59.0,1,0.0045662100456621,1167.037037037037,107193.97975194867,1,true
src/java/org/apache/poi/util/ShortField.java,121.0,2.0,9.0,11.0,8.0,29.0,0,0.0,0.0,0.0,0,false
src/java/org/apache/poi/util/ShortList.java,433.0,1.0,0.0,25.0,20.0,91.0,0,0.0,0.0,0.0,0,false
src/java/org/apache/poi/util/StringUtil.java,227.0,4.0,66.0,12.0,22.0,45.0,1,0.0045662100456621,1167.037037037037,107193.97975194867,1,true
src/java/org/apache/poi/util/SystemOutLogger.java,37.0,0.0,1.0,3.0,4.0,7.0,0,0.0,0.0,0.0,0,true
src/scratchpad/examples/src/org/apache/poi/hwpf/Word2Forrest.java,126.0,4.0,0.0,16.0,47.0,35.0,0,0.0,0.0,0.0,0,false
src/scratchpad/src/org/apache/poi/generator/FieldIterator.java,87.0,0.0,3.0,6.0,18.0,23.0,0,0.0,0.0,0.0,0,false
src/scratchpad/src/org/apache/poi/generator/RecordUtil.java,133.0,1.0,105.0,15.0,55.0,54.0,0,0.0,0.0,0.0,0,false
src/scratchpad/src/org/apache/poi/hdf/event/EventBridge.java,311.0,5.0,112.0,20.0,84.0,44.0,0,0.0,0.0,0.0,0,false
src/scratchpad/src/org/apache/poi/hdf/event/HDFLowLevelParsingListener.java,15.0,8.0,78.0,13.0,0.0,13.0,0,0.0,0.0,0.0,0,false
src/scratchpad/src/org/apache/poi/hdf/event/HDFParsingListener.java,11.0,5.0,36.0,9.0,0.0,9.0,0,0.0,0.0,0.0,0,false
src/scratchpad/src/org/apache/poi/hdf/extractor/CHP.java,142.0,0.0,0.0,3.0,1.0,6.0,0,0.0,0.0,0.0,0,false
src/scratchpad/src/org/apache/poi/hdf/extractor/FontTable.java,31.0,0.0,0.0,2.0,5.0,6.0,0,0.0,0.0,0.0,0,false
src/scratchpad/src/org/apache/poi/hdf/extractor/HeaderFooter.java,34.0,0.0,0.0,4.0,0.0,9.0,0,0.0,0.0,0.0,0,false
src/scratchpad/src/org/apache/poi/hdf/extractor/NewOleFile.java,156.0,2.0,32.0,9.0,30.0,36.0,0,0.0,0.0,0.0,0,false
src/scratchpad/src/org/apache/poi/hdf/extractor/PAP.java,99.0,0.0,0.0,2.0,1.0,4.0,0,0.0,0.0,0.0,0,false
src/scratchpad/src/org/apache/poi/hdf/extractor/PropertySet.java,30.0,0.0,0.0,3.0,0.0,5.0,0,0.0,0.0,0.0,0,false
src/scratchpad/src/org/apache/poi/hdf/extractor/SEP.java,73.0,0.0,0.0,1.0,0.0,1.0,0,0.0,0.0,0.0,0,false
src/scratchpad/src/org/apache/poi/hdf/extractor/StyleDescription.java,79.0,0.0,18.0,9.0,2.0,18.0,0,0.0,0.0,0.0,0,false
src/scratchpad/src/org/apache/poi/hdf/extractor/StyleSheet.java,1099.0,1.0,54.0,12.0,46.0,51.0,0,0.0,0.0,0.0,0,false
src/scratchpad/src/org/apache/poi/hdf/extractor/TAP.java,23.0,0.0,0.0,1.0,0.0,1.0,0,0.0,0.0,0.0,0,false
src/scratchpad/src/org/apache/poi/hdf/extractor/TC.java,41.0,0.0,1.0,2.0,1.0,3.0,0,0.0,0.0,0.0,0,false
src/scratchpad/src/org/apache/poi/hdf/extractor/TableRow.java,18.0,1.0,0.0,3.0,0.0,5.0,0,0.0,0.0,0.0,0,false
src/scratchpad/src/org/apache/poi/hdf/extractor/TextPiece.java,19.0,1.0,1.0,3.0,0.0,5.0,0,0.0,0.0,0.0,0,false
src/scratchpad/src/org/apache/poi/hdf/extractor/Utils.java,28.0,0.0,15.0,6.0,4.0,12.0,0,0.0,0.0,0.0,0,false
src/scratchpad/src/org/apache/poi/hdf/extractor/WordDocument.java,1274.0,10.0,896.0,49.0,218.0,156.0,0,0.0,0.0,0.0,0,true
src/scratchpad/src/org/apache/poi/hdf/extractor/data/DOP.java,15.0,0.0,0.0,1.0,0.0,1.0,0,0.0,0.0,0.0,0,false
src/scratchpad/src/org/apache/poi/hdf/extractor/data/LFO.java,11.0,0.0,0.0,1.0,0.0,1.0,0,0.0,0.0,0.0,0,false
src/scratchpad/src/org/apache/poi/hdf/extractor/data/LFOLVL.java,13.0,0.0,0.0,1.0,0.0,1.0,0,0.0,0.0,0.0,0,false
src/scratchpad/src/org/apache/poi/hdf/extractor/data/LST.java,13.0,0.0,0.0,1.0,0.0,1.0,0,0.0,0.0,0.0,0,false
src/scratchpad/src/org/apache/poi/hdf/extractor/data/LVL.java,32.0,0.0,1.0,2.0,1.0,4.0,0,0.0,0.0,0.0,0,false
src/scratchpad/src/org/apache/poi/hdf/extractor/data/ListTables.java,121.0,2.0,6.0,5.0,18.0,16.0,0,0.0,0.0,0.0,0,true
src/scratchpad/src/org/apache/poi/hdf/extractor/util/BTreeSet.java,456.0,1.0,29.0,11.0,6.0,20.0,0,0.0,0.0,0.0,0,true
src/scratchpad/src/org/apache/poi/hdf/extractor/util/ChpxNode.java,12.0,0.0,1.0,2.0,0.0,3.0,0,0.0,0.0,0.0,0,false
src/scratchpad/src/org/apache/poi/hdf/extractor/util/NumberFormatter.java,35.0,0.0,1.0,2.0,1.0,4.0,0,0.0,0.0,0.0,0,false
src/scratchpad/src/org/apache/poi/hdf/extractor/util/PapxNode.java,12.0,0.0,1.0,2.0,0.0,3.0,0,0.0,0.0,0.0,0,false
src/scratchpad/src/org/apache/poi/hdf/extractor/util/PropertyNode.java,35.0,0.0,0.0,5.0,1.0,11.0,0,0.0,0.0,0.0,0,false
src/scratchpad/src/org/apache/poi/hdf/extractor/util/SepxNode.java,16.0,0.0,3.0,3.0,1.0,5.0,0,0.0,0.0,0.0,0,false
src/scratchpad/src/org/apache/poi/hdf/generator/HDFFieldIterator.java,42.0,2.0,3.0,3.0,7.0,11.0,0,0.0,0.0,0.0,0,false
src/scratchpad/src/org/apache/poi/hdf/generator/HDFRecordUtil.java,69.0,1.0,21.0,7.0,17.0,22.0,0,0.0,0.0,0.0,0,false
src/scratchpad/src/org/apache/poi/hdf/model/HDFDocument.java,11.0,4.0,1.0,2.0,0.0,4.0,0,0.0,0.0,0.0,0,false
src/scratchpad/src/org/apache/poi/hdf/model/HDFObjectFactory.java,378.0,15.0,0.0,16.0,118.0,55.0,0,0.0,0.0,0.0,0,true
src/scratchpad/src/org/apache/poi/hdf/model/HDFObjectModel.java,81.0,10.0,89.0,14.0,5.0,14.0,0,0.0,0.0,0.0,0,false
src/scratchpad/src/org/apache/poi/hdf/model/hdftypes/CHPFormattedDiskPage.java,39.0,1.0,1.0,2.0,2.0,5.0,0,0.0,0.0,0.0,0,false
src/scratchpad/src/org/apache/poi/hdf/model/hdftypes/CharacterProperties.java,31.0,1.0,1.0,2.0,16.0,4.0,0,0.0,0.0,0.0,0,false
src/scratchpad/src/org/apache/poi/hdf/model/hdftypes/ChpxNode.java,12.0,0.0,1.0,2.0,0.0,3.0,0,0.0,0.0,0.0,0,false
src/scratchpad/src/org/apache/poi/hdf/model/hdftypes/DocumentProperties.java,25.0,1.0,0.0,1.0,1.0,1.0,0,0.0,0.0,0.0,0,false
src/scratchpad/src/org/apache/poi/hdf/model/hdftypes/FileInformationBlock.java,12.0,3.0,0.0,1.0,1.0,2.0,0,0.0,0.0,0.0,0,false
src/scratchpad/src/org/apache/poi/hdf/model/hdftypes/FontTable.java,28.0,1.0,0.0,2.0,3.0,5.0,0,0.0,0.0,0.0,0,false
src/scratchpad/src/org/apache/poi/hdf/model/hdftypes/FormattedDiskPage.java,52.0,1.0,2.0,5.0,3.0,8.0,0,0.0,0.0,0.0,0,false
src/scratchpad/src/org/apache/poi/hdf/model/hdftypes/HDFType.java,5.0,0.0,0.0,0.0,0.0,0.0,0,0.0,0.0,0.0,0,false
src/scratchpad/src/org/apache/poi/hdf/model/hdftypes/HeaderFooter.java,34.0,0.0,0.0,4.0,0.0,9.0,0,0.0,0.0,0.0,0,false
src/scratchpad/src/org/apache/poi/hdf/model/hdftypes/LFO.java,11.0,0.0,0.0,1.0,0.0,1.0,0,0.0,0.0,0.0,0,false
src/scratchpad/src/org/apache/poi/hdf/model/hdftypes/LFOLVL.java,13.0,0.0,0.0,1.0,0.0,1.0,0,0.0,0.0,0.0,0,false
src/scratchpad/src/org/apache/poi/hdf/model/hdftypes/LST.java,13.0,0.0,0.0,1.0,0.0,1.0,0,0.0,0.0,0.0,0,false
src/scratchpad/src/org/apache/poi/hdf/model/hdftypes/LVL.java,34.0,0.0,1.0,2.0,1.0,4.0,0,0.0,0.0,0.0,0,false
src/scratchpad/src/org/apache/poi/hdf/model/hdftypes/ListTables.java,132.0,2.0,6.0,5.0,18.0,18.0,0,0.0,0.0,0.0,0,true
src/scratchpad/src/org/apache/poi/hdf/model/hdftypes/PAPFormattedDiskPage.java,41.0,1.0,1.0,2.0,2.0,6.0,0,0.0,0.0,0.0,0,false
src/scratchpad/src/org/apache/poi/hdf/model/hdftypes/PapxNode.java,12.0,0.0,1.0,2.0,0.0,3.0,0,0.0,0.0,0.0,0,false
src/scratchpad/src/org/apache/poi/hdf/model/hdftypes/ParagraphProperties.java,60.0,1.0,1.0,2.0,36.0,4.0,0,0.0,0.0,0.0,0,false
src/scratchpad/src/org/apache/poi/hdf/model/hdftypes/PlexOfCps.java,43.0,0.0,0.0,4.0,0.0,8.0,0,0.0,0.0,0.0,0,false
src/scratchpad/src/org/apache/poi/hdf/model/hdftypes/PropertyNode.java,53.0,0.0,0.0,5.0,1.0,14.0,0,0.0,0.0,0.0,0,false
src/scratchpad/src/org/apache/poi/hdf/model/hdftypes/SectionProperties.java,24.0,1.0,0.0,1.0,16.0,1.0,0,0.0,0.0,0.0,0,false
src/scratchpad/src/org/apache/poi/hdf/model/hdftypes/SepxNode.java,16.0,0.0,3.0,3.0,1.0,5.0,0,0.0,0.0,0.0,0,false
src/scratchpad/src/org/apache/poi/hdf/model/hdftypes/StyleDescription.java,79.0,1.0,18.0,9.0,2.0,18.0,0,0.0,0.0,0.0,0,false
src/scratchpad/src/org/apache/poi/hdf/model/hdftypes/StyleSheet.java,1250.0,3.0,54.0,12.0,236.0,60.0,0,0.0,0.0,0.0,0,false
src/scratchpad/src/org/apache/poi/hdf/model/hdftypes/TableCellDescriptor.java,33.0,2.0,1.0,2.0,9.0,3.0,0,0.0,0.0,0.0,0,false
src/scratchpad/src/org/apache/poi/hdf/model/hdftypes/TableProperties.java,8.0,1.0,0.0,1.0,0.0,1.0,0,0.0,0.0,0.0,0,false
src/scratchpad/src/org/apache/poi/hdf/model/hdftypes/TextPiece.java,25.0,0.0,0.0,2.0,0.0,4.0,0,0.0,0.0,0.0,0,false
src/scratchpad/src/org/apache/poi/hdf/model/hdftypes/definitions/CHPAbstractType.java,926.0,5.0,8479.0,142.0,54.0,341.0,0,0.0,0.0,0.0,0,false
src/scratchpad/src/org/apache/poi/hdf/model/hdftypes/definitions/DOPAbstractType.java,2370.0,5.0,37953.0,295.0,337.0,565.0,0,0.0,0.0,0.0,0,false
src/scratchpad/src/org/apache/poi/hdf/model/hdftypes/definitions/FIBAbstractType.java,5072.0,5.0,131982.0,521.0,303.0,1259.0,0,0.0,0.0,0.0,0,false
src/scratchpad/src/org/apache/poi/hdf/model/hdftypes/definitions/PAPAbstractType.java,926.0,5.0,9823.0,142.0,6.0,347.0,0,0.0,0.0,0.0,0,false
src/scratchpad/src/org/apache/poi/hdf/model/hdftypes/definitions/SEPAbstractType.java,783.0,5.0,7022.0,120.0,0.0,298.0,0,0.0,0.0,0.0,0,false
src/scratchpad/src/org/apache/poi/hdf/model/hdftypes/definitions/TAPAbstractType.java,224.0,5.0,529.0,34.0,0.0,83.0,0,0.0,0.0,0.0,0,false
src/scratchpad/src/org/apache/poi/hdf/model/hdftypes/definitions/TCAbstractType.java,198.0,5.0,119.0,30.0,16.0,57.0,0,0.0,0.0,0.0,0,false
src/scratchpad/src/org/apache/poi/hdf/model/util/BTreeSet.java,497.0,2.0,30.0,12.0,11.0,26.0,0,0.0,0.0,0.0,0,true
src/scratchpad/src/org/apache/poi/hdf/model/util/NumberFormatter.java,35.0,0.0,1.0,2.0,1.0,4.0,0,0.0,0.0,0.0,0,false
src/scratchpad/src/org/apache/poi/hdf/model/util/ParsingState.java,22.0,1.0,0.0,5.0,0.0,8.0,0,0.0,0.0,0.0,0,false
src/scratchpad/src/org/apache/poi/hssf/usermodel/HSSFChart.java,607.0,5.0,1485.0,55.0,353.0,111.0,0,0.0,0.0,0.0,0,true
src/scratchpad/src/org/apache/poi/hwpf/HWPFDocument.java,276.0,18.0,99.0,18.0,83.0,43.0,0,0.0,0.0,0.0,0,true
src/scratchpad/src/org/apache/poi/hwpf/QuickTest.java,27.0,2.0,1.0,2.0,11.0,4.0,0,0.0,0.0,0.0,0,false
src/scratchpad/src/org/apache/poi/hwpf/model/CHPBinTable.java,128.0,8.0,0.0,7.0,38.0,19.0,0,0.0,0.0,0.0,0,true
src/scratchpad/src/org/apache/poi/hwpf/model/CHPFormattedDiskPage.java,97.0,3.0,7.0,7.0,17.0,17.0,0,0.0,0.0,0.0,0,true
src/scratchpad/src/org/apache/poi/hwpf/model/CHPX.java,23.0,3.0,10.0,5.0,4.0,8.0,0,0.0,0.0,0.0,0,true
src/scratchpad/src/org/apache/poi/hwpf/model/CachedPropertyNode.java,18.0,2.0,4.0,4.0,1.0,7.0,0,0.0,0.0,0.0,0,false
src/scratchpad/src/org/apache/poi/hwpf/model/ComplexFileTable.java,36.0,3.0,0.0,4.0,6.0,10.0,0,0.0,0.0,0.0,0,false
src/scratchpad/src/org/apache/poi/hwpf/model/DocumentProperties.java,9.0,2.0,0.0,1.0,0.0,1.0,0,0.0,0.0,0.0,0,false
src/scratchpad/src/org/apache/poi/hwpf/model/FIBFieldHandler.java,157.0,6.0,0.0,8.0,11.0,17.0,0,0.0,0.0,0.0,0,true
src/scratchpad/src/org/apache/poi/hwpf/model/FIBLongHandler.java,55.0,3.0,0.0,5.0,4.0,10.0,0,0.0,0.0,0.0,0,false
src/scratchpad/src/org/apache/poi/hwpf/model/FIBShortHandler.java,34.0,3.0,0.0,4.0,2.0,9.0,0,0.0,0.0,0.0,0,false
src/scratchpad/src/org/apache/poi/hwpf/model/Ffn.java,132.0,3.0,0.0,12.0,9.0,32.0,0,0.0,0.0,0.0,0,false
src/scratchpad/src/org/apache/poi/hwpf/model/FieldDescriptor.java,13.0,1.0,0.0,1.0,0.0,1.0,0,0.0,0.0,0.0,0,true
src/scratchpad/src/org/apache/poi/hwpf/model/FileInformationBlock.java,173.0,8.0,0.0,48.0,51.0,77.0,0,0.0,0.0,0.0,0,true
src/scratchpad/src/org/apache/poi/hwpf/model/FontTable.java,81.0,4.0,0.0,10.0,14.0,25.0,0,0.0,0.0,0.0,0,false
src/scratchpad/src/org/apache/poi/hwpf/model/FormattedDiskPage.java,56.0,1.0,7.0,6.0,3.0,9.0,0,0.0,0.0,0.0,0,false
src/scratchpad/src/org/apache/poi/hwpf/model/GenericPropertyNode.java,8.0,0.0,1.0,2.0,0.0,3.0,0,0.0,0.0,0.0,0,false
src/scratchpad/src/org/apache/poi/hwpf/model/HDFType.java,5.0,0.0,0.0,0.0,0.0,0.0,0,0.0,0.0,0.0,0,false
src/scratchpad/src/org/apache/poi/hwpf/model/ListData.java,92.0,3.0,0.0,12.0,8.0,27.0,0,0.0,0.0,0.0,0,false
src/scratchpad/src/org/apache/poi/hwpf/model/ListFormatOverride.java,67.0,2.0,0.0,10.0,6.0,20.0,0,0.0,0.0,0.0,0,false
src/scratchpad/src/org/apache/poi/hwpf/model/ListFormatOverrideLevel.java,63.0,3.0,0.0,8.0,12.0,20.0,0,0.0,0.0,0.0,0,false
src/scratchpad/src/org/apache/poi/hwpf/model/ListLevel.java,142.0,7.0,0.0,15.0,13.0,28.0,1,0.0045662100456621,1167.037037037037,107193.97975194867,1,true
src/scratchpad/src/org/apache/poi/hwpf/model/ListTables.java,137.0,8.0,0.0,9.0,42.0,28.0,1,0.0045662100456621,1167.037037037037,107193.97975194867,1,true
src/scratchpad/src/org/apache/poi/hwpf/model/PAPBinTable.java,128.0,7.0,0.0,7.0,40.0,22.0,0,0.0,0.0,0.0,0,true
src/scratchpad/src/org/apache/poi/hwpf/model/PAPFormattedDiskPage.java,189.0,5.0,8.0,8.0,24.0,24.0,0,0.0,0.0,0.0,0,true
src/scratchpad/src/org/apache/poi/hwpf/model/PAPX.java,74.0,5.0,31.0,10.0,16.0,25.0,0,0.0,0.0,0.0,0,true
src/scratchpad/src/org/apache/poi/hwpf/model/ParagraphHeight.java,40.0,4.0,4.0,5.0,6.0,9.0,0,0.0,0.0,0.0,0,false
src/scratchpad/src/org/apache/poi/hwpf/model/PieceDescriptor.java,55.0,2.0,0.0,7.0,4.0,16.0,0,0.0,0.0,0.0,0,false
src/scratchpad/src/org/apache/poi/hwpf/model/PlexOfCps.java,77.0,2.0,0.0,9.0,15.0,18.0,0,0.0,0.0,0.0,0,false
src/scratchpad/src/org/apache/poi/hwpf/model/PropertyNode.java,87.0,3.0,0.0,10.0,6.0,27.0,0,0.0,0.0,0.0,0,true
src/scratchpad/src/org/apache/poi/hwpf/model/SEPX.java,23.0,4.0,4.0,5.0,3.0,10.0,0,0.0,0.0,0.0,0,true
src/scratchpad/src/org/apache/poi/hwpf/model/SectionDescriptor.java,39.0,1.0,0.0,6.0,4.0,10.0,0,0.0,0.0,0.0,0,false
src/scratchpad/src/org/apache/poi/hwpf/model/SectionTable.java,98.0,6.0,3.0,7.0,40.0,24.0,1,0.0045662100456621,1167.037037037037,107193.97975194867,1,true
src/scratchpad/src/org/apache/poi/hwpf/model/StyleDescription.java,161.0,6.0,26.0,12.0,15.0,30.0,0,0.0,0.0,0.0,0,false
src/scratchpad/src/org/apache/poi/hwpf/model/StyleSheet.java,200.0,8.0,0.0,8.0,21.0,29.0,0,0.0,0.0,0.0,0,true
src/scratchpad/src/org/apache/poi/hwpf/model/TextPiece.java,58.0,1.0,11.0,10.0,10.0,22.0,1,0.0045662100456621,1167.037037037037,107193.97975194867,1,true
src/scratchpad/src/org/apache/poi/hwpf/model/TextPieceTable.java,97.0,6.0,0.0,7.0,33.0,21.0,1,0.0045662100456621,1167.037037037037,107193.97975194867,1,true
src/scratchpad/src/org/apache/poi/hwpf/model/UPX.java,16.0,1.0,0.0,4.0,1.0,7.0,0,0.0,0.0,0.0,0,false
src/scratchpad/src/org/apache/poi/hwpf/model/UnhandledDataStructure.java,10.0,0.0,0.0,2.0,1.0,3.0,0,0.0,0.0,0.0,0,false
src/scratchpad/src/org/apache/poi/hwpf/model/io/HWPFFileSystem.java,11.0,2.0,0.0,2.0,2.0,3.0,0,0.0,0.0,0.0,0,false
src/scratchpad/src/org/apache/poi/hwpf/model/io/HWPFOutputStream.java,21.0,1.0,0.0,5.0,0.0,6.0,0,0.0,0.0,0.0,0,false
src/scratchpad/src/org/apache/poi/hwpf/model/types/CHPAbstractType.java,926.0,6.0,8479.0,142.0,54.0,341.0,0,0.0,0.0,0.0,0,false
src/scratchpad/src/org/apache/poi/hwpf/model/types/DOPAbstractType.java,2268.0,6.0,37937.0,295.0,337.0,565.0,0,0.0,0.0,0.0,0,false
src/scratchpad/src/org/apache/poi/hwpf/model/types/FIBAbstractType.java,544.0,6.0,1257.0,71.0,77.0,134.0,0,0.0,0.0,0.0,0,false
src/scratchpad/src/org/apache/poi/hwpf/model/types/PAPAbstractType.java,965.0,6.0,10684.0,148.0,6.0,364.0,0,0.0,0.0,0.0,0,true
src/scratchpad/src/org/apache/poi/hwpf/model/types/SEPAbstractType.java,783.0,6.0,7022.0,120.0,0.0,298.0,0,0.0,0.0,0.0,0,false
src/scratchpad/src/org/apache/poi/hwpf/model/types/TAPAbstractType.java,224.0,6.0,529.0,34.0,0.0,83.0,0,0.0,0.0,0.0,0,false
src/scratchpad/src/org/apache/poi/hwpf/model/types/TCAbstractType.java,246.0,6.0,98.0,33.0,35.0,61.0,0,0.0,0.0,0.0,0,true
src/scratchpad/src/org/apache/poi/hwpf/sprm/CharacterSprmCompressor.java,197.0,5.0,1.0,2.0,44.0,5.0,0,0.0,0.0,0.0,0,false
src/scratchpad/src/org/apache/poi/hwpf/sprm/CharacterSprmUncompressor.java,417.0,6.0,10.0,5.0,81.0,23.0,0,0.0,0.0,0.0,0,true
src/scratchpad/src/org/apache/poi/hwpf/sprm/ParagraphSprmCompressor.java,192.0,5.0,1.0,2.0,67.0,6.0,0,0.0,0.0,0.0,0,true
src/scratchpad/src/org/apache/poi/hwpf/sprm/ParagraphSprmUncompressor.java,320.0,12.0,6.0,4.0,99.0,18.0,1,0.0045662100456621,1167.037037037037,107193.97975194867,1,true
src/scratchpad/src/org/apache/poi/hwpf/sprm/SectionSprmCompressor.java,154.0,10.0,1.0,2.0,54.0,4.0,0,0.0,0.0,0.0,0,false
src/scratchpad/src/org/apache/poi/hwpf/sprm/SectionSprmUncompressor.java,176.0,2.0,3.0,3.0,55.0,8.0,0,0.0,0.0,0.0,0,false
src/scratchpad/src/org/apache/poi/hwpf/sprm/SprmBuffer.java,106.0,2.0,0.0,16.0,30.0,34.0,0,0.0,0.0,0.0,0,false
src/scratchpad/src/org/apache/poi/hwpf/sprm/SprmIterator.java,22.0,0.0,0.0,3.0,1.0,5.0,0,0.0,0.0,0.0,0,false
src/scratchpad/src/org/apache/poi/hwpf/sprm/SprmOperation.java,105.0,2.0,21.0,11.0,8.0,27.0,0,0.0,0.0,0.0,0,false
src/scratchpad/src/org/apache/poi/hwpf/sprm/SprmUncompressor.java,18.0,0.0,1.0,2.0,0.0,5.0,0,0.0,0.0,0.0,0,false
src/scratchpad/src/org/apache/poi/hwpf/sprm/SprmUtils.java,76.0,2.0,15.0,6.0,13.0,15.0,0,0.0,0.0,0.0,0,false
src/scratchpad/src/org/apache/poi/hwpf/sprm/TableSprmCompressor.java,55.0,7.0,1.0,2.0,20.0,5.0,0,0.0,0.0,0.0,0,false
src/scratchpad/src/org/apache/poi/hwpf/sprm/TableSprmUncompressor.java,142.0,4.0,3.0,3.0,30.0,11.0,1,0.0045662100456621,1167.037037037037,107193.97975194867,1,false
src/scratchpad/src/org/apache/poi/hwpf/usermodel/BorderCode.java,36.0,2.0,9.0,7.0,4.0,14.0,0,0.0,0.0,0.0,0,true
src/scratchpad/src/org/apache/poi/hwpf/usermodel/CharacterProperties.java,264.0,1.0,1122.0,48.0,18.0,77.0,0,0.0,0.0,0.0,0,true
src/scratchpad/src/org/apache/poi/hwpf/usermodel/CharacterRun.java,287.0,6.0,0.0,53.0,97.0,85.0,1,0.0045662100456621,1167.037037037037,107193.97975194867,1,true
src/scratchpad/src/org/apache/poi/hwpf/usermodel/DateAndTime.java,32.0,2.0,4.0,5.0,2.0,9.0,0,0.0,0.0,0.0,0,false
src/scratchpad/src/org/apache/poi/hwpf/usermodel/DocumentPosition.java,5.0,1.0,0.0,1.0,0.0,1.0,0,0.0,0.0,0.0,0,false
src/scratchpad/src/org/apache/poi/hwpf/usermodel/DropCapSpecifier.java,21.0,2.0,1.0,3.0,1.0,6.0,0,0.0,0.0,0.0,0,false
src/scratchpad/src/org/apache/poi/hwpf/usermodel/HWPFList.java,60.0,8.0,0.0,6.0,14.0,10.0,0,0.0,0.0,0.0,0,false
src/scratchpad/src/org/apache/poi/hwpf/usermodel/LineSpacingDescriptor.java,36.0,1.0,10.0,8.0,4.0,13.0,0,0.0,0.0,0.0,0,false
src/scratchpad/src/org/apache/poi/hwpf/usermodel/ListEntry.java,13.0,6.0,1.0,2.0,6.0,3.0,0,0.0,0.0,0.0,0,true
src/scratchpad/src/org/apache/poi/hwpf/usermodel/Paragraph.java,311.0,7.0,0.0,64.0,115.0,108.0,1,0.0045662100456621,1167.037037037037,107193.97975194867,1,true
src/scratchpad/src/org/apache/poi/hwpf/usermodel/ParagraphProperties.java,189.0,3.0,1431.0,54.0,3.0,90.0,0,0.0,0.0,0.0,0,true
src/scratchpad/src/org/apache/poi/hwpf/usermodel/Range.java,624.0,30.0,30.0,32.0,148.0,92.0,2,0.0091324200913242,1167.037037037037,107202.2350850174,2,true
src/scratchpad/src/org/apache/poi/hwpf/usermodel/Section.java,18.0,1.0,0.0,4.0,7.0,8.0,1,0.0045662100456621,0.0,8.255333068727552,1,false
src/scratchpad/src/org/apache/poi/hwpf/usermodel/SectionProperties.java,38.0,4.0,3.0,3.0,6.0,10.0,0,0.0,0.0,0.0,0,false
src/scratchpad/src/org/apache/poi/hwpf/usermodel/ShadingDescriptor.java,24.0,2.0,9.0,6.0,2.0,9.0,0,0.0,0.0,0.0,0,false
src/scratchpad/src/org/apache/poi/hwpf/usermodel/Table.java,27.0,1.0,0.0,4.0,7.0,10.0,2,0.0091324200913242,1167.037037037037,107202.2350850174,2,false
src/scratchpad/src/org/apache/poi/hwpf/usermodel/TableCell.java,55.0,0.0,0.0,15.0,12.0,29.0,0,0.0,0.0,0.0,0,true
src/scratchpad/src/org/apache/poi/hwpf/usermodel/TableCellDescriptor.java,22.0,1.0,3.0,3.0,2.0,6.0,0,0.0,0.0,0.0,0,false
src/scratchpad/src/org/apache/poi/hwpf/usermodel/TableIterator.java,37.0,1.0,0.0,4.0,8.0,12.0,0,0.0,0.0,0.0,0,false
src/scratchpad/src/org/apache/poi/hwpf/usermodel/TableProperties.java,41.0,1.0,3.0,3.0,1.0,7.0,0,0.0,0.0,0.0,0,false
src/scratchpad/src/org/apache/poi/hwpf/usermodel/TableRow.java,72.0,2.0,0.0,13.0,26.0,25.0,1,0.0045662100456621,1167.037037037037,107193.97975194867,1,true
src/scratchpad/testcases/org/apache/poi/hdf/model/TestHDFDocument.java,75.0,3.0,21.0,7.0,12.0,18.0,0,0.0,0.0,0.0,0,true
src/scratchpad/testcases/org/apache/poi/hwpf/AllTests.java,19.0,1.0,1.0,2.0,1.0,4.0,0,0.0,0.0,0.0,0,false
src/scratchpad/testcases/org/apache/poi/hwpf/HWPFDocFixture.java,34.0,5.0,3.0,3.0,9.0,6.0,0,0.0,0.0,0.0,0,true
src/scratchpad/testcases/org/apache/poi/hwpf/HWPFTestCase.java,15.0,5.0,1.0,3.0,2.0,5.0,1,0.0045662100456621,1167.037037037037,107193.97975194867,1,true
src/scratchpad/testcases/org/apache/poi/hwpf/model/TestCHPBinTable.java,41.0,5.0,0.0,4.0,13.0,8.0,0,0.0,0.0,0.0,0,true
src/scratchpad/testcases/org/apache/poi/hwpf/model/TestDocumentProperties.java,37.0,4.0,0.0,4.0,13.0,10.0,0,0.0,0.0,0.0,0,true
src/scratchpad/testcases/org/apache/poi/hwpf/model/TestFileInformationBlock.java,30.0,3.0,0.0,4.0,9.0,11.0,0,0.0,0.0,0.0,0,true
src/scratchpad/testcases/org/apache/poi/hwpf/model/TestFontTable.java,30.0,5.0,0.0,4.0,9.0,8.0,0,0.0,0.0,0.0,0,true
src/scratchpad/testcases/org/apache/poi/hwpf/model/TestListTables.java,20.0,5.0,1.0,2.0,9.0,6.0,0,0.0,0.0,0.0,0,false
src/scratchpad/testcases/org/apache/poi/hwpf/model/TestPAPBinTable.java,40.0,5.0,0.0,4.0,14.0,8.0,0,0.0,0.0,0.0,0,true
src/scratchpad/testcases/org/apache/poi/hwpf/model/TestPlexOfCps.java,41.0,3.0,2.0,4.0,13.0,8.0,0,0.0,0.0,0.0,0,true
src/scratchpad/testcases/org/apache/poi/hwpf/model/TestSectionTable.java,48.0,5.0,0.0,4.0,19.0,8.0,0,0.0,0.0,0.0,0,true
src/scratchpad/testcases/org/apache/poi/hwpf/model/TestStyleSheet.java,32.0,4.0,0.0,4.0,7.0,8.0,0,0.0,0.0,0.0,0,true
src/scratchpad/testcases/org/apache/poi/hwpf/model/TestTextPieceTable.java,33.0,5.0,0.0,4.0,9.0,8.0,0,0.0,0.0,0.0,0,true
src/testcases/org/apache/poi/ddf/TestEscherBSERecord.java,48.0,4.0,6.0,4.0,37.0,9.0,1,0.0045662100456621,1167.037037037037,107193.97975194867,1,false
src/testcases/org/apache/poi/ddf/TestEscherBlipRecord.java,53.0,3.0,0.0,4.0,40.0,8.0,0,0.0,0.0,0.0,0,true
src/testcases/org/apache/poi/ddf/TestEscherBoolProperty.java,6.0,1.0,0.0,1.0,2.0,2.0,0,0.0,0.0,0.0,0,false
src/testcases/org/apache/poi/ddf/TestEscherChildAnchorRecord.java,36.0,3.0,6.0,4.0,22.0,8.0,0,0.0,0.0,0.0,0,false
src/testcases/org/apache/poi/ddf/TestEscherClientAnchorRecord.java,48.0,3.0,6.0,4.0,33.0,8.0,0,0.0,0.0,0.0,0,false
src/testcases/org/apache/poi/ddf/TestEscherClientDataRecord.java,30.0,3.0,6.0,4.0,17.0,8.0,1,0.0045662100456621,1167.037037037037,107193.97975194867,1,false
src/testcases/org/apache/poi/ddf/TestEscherContainerRecord.java,65.0,3.0,28.0,8.0,24.0,17.0,0,0.0,0.0,0.0,0,true
src/testcases/org/apache/poi/ddf/TestEscherDgRecord.java,31.0,3.0,6.0,4.0,17.0,8.0,0,0.0,0.0,0.0,0,false
src/testcases/org/apache/poi/ddf/TestEscherDggRecord.java,43.0,3.0,10.0,5.0,27.0,10.0,0,0.0,0.0,0.0,0,false
src/testcases/org/apache/poi/ddf/TestEscherOptRecord.java,80.0,4.0,21.0,7.0,39.0,12.0,0,0.0,0.0,0.0,0,true
src/testcases/org/apache/poi/ddf/TestEscherPropertyFactory.java,17.0,4.0,0.0,1.0,7.0,2.0,0,0.0,0.0,0.0,0,false
src/testcases/org/apache/poi/ddf/TestEscherSpRecord.java,31.0,3.0,6.0,4.0,17.0,8.0,0,0.0,0.0,0.0,0,false
src/testcases/org/apache/poi/ddf/TestEscherSpgrRecord.java,36.0,3.0,6.0,4.0,21.0,8.0,0,0.0,0.0,0.0,0,false
src/testcases/org/apache/poi/ddf/TestEscherSplitMenuColorsRecord.java,35.0,3.0,6.0,4.0,21.0,8.0,0,0.0,0.0,0.0,0,false
src/testcases/org/apache/poi/ddf/TestUnknownEscherRecord.java,61.0,3.0,3.0,3.0,25.0,6.0,0,0.0,0.0,0.0,0,false
src/testcases/org/apache/poi/hpsf/basic/POIFile.java,53.0,1.0,9.0,6.0,0.0,9.0,0,0.0,0.0,0.0,0,false
src/testcases/org/apache/poi/hpsf/basic/TestBasic.java,146.0,19.0,16.0,9.0,43.0,33.0,1,0.0045662100456621,170.96,565.1672486608097,1,false
src/testcases/org/apache/poi/hpsf/basic/TestClassID.java,74.0,3.0,10.0,5.0,11.0,10.0,0,0.0,0.0,0.0,0,false
src/testcases/org/apache/poi/hpsf/basic/TestEmptyProperties.java,111.0,14.0,3.0,6.0,33.0,23.0,1,0.0045662100456621,170.96,565.1672486608097,1,false
src/testcases/org/apache/poi/hpsf/basic/TestUnicode.java,57.0,11.0,4.0,4.0,13.0,11.0,1,0.0045662100456621,170.96,565.1672486608097,1,true
src/testcases/org/apache/poi/hpsf/basic/TestWrite.java,538.0,42.0,176.0,20.0,164.0,69.0,1,0.0045662100456621,170.96,565.1672486608097,1,true
src/testcases/org/apache/poi/hpsf/basic/Util.java,148.0,18.0,21.0,7.0,71.0,32.0,0,0.0,0.0,0.0,0,false
src/testcases/org/apache/poi/hssf/HSSFTests.java,79.0,67.0,1.0,2.0,2.0,4.0,0,0.0,0.0,0.0,0,true
src/testcases/org/apache/poi/hssf/eventmodel/TestEventRecordFactory.java,162.0,10.0,81.0,15.0,46.0,36.0,1,0.0045662100456621,1167.037037037037,107193.97975194867,1,true
src/testcases/org/apache/poi/hssf/eventmodel/TestModelFactory.java,80.0,16.0,5.0,7.0,21.0,14.0,1,0.0045662100456621,1167.037037037037,107193.97975194867,1,false
src/testcases/org/apache/poi/hssf/model/SheetTest.java,247.0,9.0,66.0,12.0,76.0,28.0,1,0.0045662100456621,1167.037037037037,107193.97975194867,1,true
src/testcases/org/apache/poi/hssf/model/TestDrawingManager.java,58.0,3.0,10.0,5.0,35.0,10.0,1,0.0045662100456621,1167.037037037037,107193.97975194867,1,false
src/testcases/org/apache/poi/hssf/model/TestFormulaParser.java,247.0,20.0,325.0,26.0,95.0,35.0,1,0.0045662100456621,1167.037037037037,107193.97975194867,1,true
src/testcases/org/apache/poi/hssf/record/TestAreaFormatRecord.java,38.0,1.0,1.0,3.0,20.0,5.0,0,0.0,0.0,0.0,0,false
src/testcases/org/apache/poi/hssf/record/TestAreaRecord.java,30.0,1.0,1.0,3.0,12.0,5.0,0,0.0,0.0,0.0,0,false
src/testcases/org/apache/poi/hssf/record/TestAxisLineFormatRecord.java,25.0,1.0,1.0,3.0,7.0,5.0,0,0.0,0.0,0.0,0,false
src/testcases/org/apache/poi/hssf/record/TestAxisOptionsRecord.java,65.0,1.0,4.0,4.0,41.0,7.0,0,0.0,0.0,0.0,0,false
src/testcases/org/apache/poi/hssf/record/TestAxisParentRecord.java,33.0,1.0,1.0,3.0,15.0,5.0,0,0.0,0.0,0.0,0,false
src/testcases/org/apache/poi/hssf/record/TestAxisRecord.java,33.0,1.0,1.0,3.0,15.0,5.0,0,0.0,0.0,0.0,0,false
src/testcases/org/apache/poi/hssf/record/TestAxisUsedRecord.java,25.0,1.0,1.0,3.0,7.0,5.0,0,0.0,0.0,0.0,0,false
src/testcases/org/apache/poi/hssf/record/TestBarRecord.java,36.0,1.0,1.0,3.0,18.0,5.0,0,0.0,0.0,0.0,0,false
src/testcases/org/apache/poi/hssf/record/TestBoundSheetRecord.java,43.0,1.0,6.0,4.0,12.0,8.0,0,0.0,0.0,0.0,0,true
src/testcases/org/apache/poi/hssf/record/TestCategorySeriesAxisRecord.java,36.0,1.0,1.0,3.0,18.0,5.0,0,0.0,0.0,0.0,0,false
src/testcases/org/apache/poi/hssf/record/TestChartRecord.java,31.0,1.0,1.0,3.0,13.0,5.0,0,0.0,0.0,0.0,0,false
src/testcases/org/apache/poi/hssf/record/TestCommonObjectDataSubRecord.java,43.0,1.0,1.0,3.0,25.0,5.0,0,0.0,0.0,0.0,0,true
src/testcases/org/apache/poi/hssf/record/TestDatRecord.java,32.0,1.0,1.0,3.0,14.0,5.0,0,0.0,0.0,0.0,0,false
src/testcases/org/apache/poi/hssf/record/TestDataFormatRecord.java,33.0,1.0,1.0,3.0,15.0,5.0,0,0.0,0.0,0.0,0,false
src/testcases/org/apache/poi/hssf/record/TestDefaultDataLabelTextPropertiesRecord.java,25.0,1.0,1.0,3.0,7.0,5.0,0,0.0,0.0,0.0,0,false
src/testcases/org/apache/poi/hssf/record/TestDrawingGroupRecord.java,22.0,4.0,0.0,1.0,10.0,2.0,1,0.0045662100456621,1167.037037037037,107193.97975194867,1,false
src/testcases/org/apache/poi/hssf/record/TestEndSubRecord.java,23.0,1.0,1.0,3.0,5.0,5.0,0,0.0,0.0,0.0,0,true
src/testcases/org/apache/poi/hssf/record/TestEscherAggregate.java,68.0,11.0,1.0,2.0,19.0,4.0,1,0.0045662100456621,1167.037037037037,107193.97975194867,1,false
src/testcases/org/apache/poi/hssf/record/TestFontBasisRecord.java,33.0,1.0,1.0,3.0,15.0,5.0,1,0.0045662100456621,1167.037037037037,107193.97975194867,1,false
src/testcases/org/apache/poi/hssf/record/TestFontIndexRecord.java,25.0,1.0,1.0,3.0,7.0,5.0,0,0.0,0.0,0.0,0,false
src/testcases/org/apache/poi/hssf/record/TestFormulaRecord.java,72.0,1.0,10.0,5.0,21.0,8.0,0,0.0,0.0,0.0,0,true
src/testcases/org/apache/poi/hssf/record/TestFrameRecord.java,31.0,1.0,1.0,3.0,13.0,5.0,0,0.0,0.0,0.0,0,false
src/testcases/org/apache/poi/hssf/record/TestLegendRecord.java,49.0,1.0,1.0,3.0,31.0,5.0,0,0.0,0.0,0.0,0,false
src/testcases/org/apache/poi/hssf/record/TestLineFormatRecord.java,36.0,1.0,1.0,3.0,18.0,5.0,0,0.0,0.0,0.0,0,false
src/testcases/org/apache/poi/hssf/record/TestLinkedDataRecord.java,61.0,3.0,1.0,3.0,39.0,5.0,0,0.0,0.0,0.0,0,false
src/testcases/org/apache/poi/hssf/record/TestMergeCellsRecord.java,25.0,2.0,0.0,1.0,7.0,2.0,0,0.0,0.0,0.0,0,true
src/testcases/org/apache/poi/hssf/record/TestNameRecord.java,17.0,1.0,0.0,1.0,5.0,2.0,1,0.0045662100456621,1167.037037037037,107193.97975194867,1,true
src/testcases/org/apache/poi/hssf/record/TestNumberFormatIndexRecord.java,25.0,1.0,1.0,3.0,7.0,5.0,0,0.0,0.0,0.0,0,false
src/testcases/org/apache/poi/hssf/record/TestObjectLinkRecord.java,29.0,1.0,1.0,3.0,11.0,5.0,0,0.0,0.0,0.0,0,false
src/testcases/org/apache/poi/hssf/record/TestPaletteRecord.java,27.0,4.0,1.0,2.0,12.0,3.0,0,0.0,0.0,0.0,0,false
src/testcases/org/apache/poi/hssf/record/TestPaneRecord.java,33.0,1.0,1.0,3.0,15.0,5.0,0,0.0,0.0,0.0,0,false
src/testcases/org/apache/poi/hssf/record/TestPlotAreaRecord.java,23.0,1.0,1.0,3.0,5.0,5.0,0,0.0,0.0,0.0,0,false
src/testcases/org/apache/poi/hssf/record/TestPlotGrowthRecord.java,27.0,1.0,1.0,3.0,9.0,5.0,0,0.0,0.0,0.0,0,false
src/testcases/org/apache/poi/hssf/record/TestRecordFactory.java,98.0,2.0,10.0,5.0,33.0,10.0,0,0.0,0.0,0.0,0,true
src/testcases/org/apache/poi/hssf/record/TestSCLRecord.java,27.0,1.0,1.0,3.0,9.0,5.0,0,0.0,0.0,0.0,0,false
src/testcases/org/apache/poi/hssf/record/TestSSTDeserializer.java,64.0,4.0,0.0,6.0,21.0,11.0,0,0.0,0.0,0.0,0,true
src/testcases/org/apache/poi/hssf/record/TestSSTRecord.java,321.0,9.0,24.0,9.0,73.0,23.0,0,0.0,0.0,0.0,0,true
src/testcases/org/apache/poi/hssf/record/TestSSTRecordSizeCalculator.java,63.0,6.0,0.0,9.0,33.0,16.0,0,0.0,0.0,0.0,0,false
src/testcases/org/apache/poi/hssf/record/TestSeriesChartGroupIndexRecord.java,25.0,1.0,1.0,3.0,7.0,5.0,0,0.0,0.0,0.0,0,false
src/testcases/org/apache/poi/hssf/record/TestSeriesIndexRecord.java,25.0,1.0,1.0,3.0,7.0,5.0,0,0.0,0.0,0.0,0,false
src/testcases/org/apache/poi/hssf/record/TestSeriesLabelsRecord.java,36.0,1.0,1.0,3.0,18.0,5.0,0,0.0,0.0,0.0,0,false
src/testcases/org/apache/poi/hssf/record/TestSeriesListRecord.java,27.0,1.0,1.0,3.0,7.0,5.0,0,0.0,0.0,0.0,0,false
src/testcases/org/apache/poi/hssf/record/TestSeriesRecord.java,35.0,1.0,1.0,3.0,17.0,5.0,0,0.0,0.0,0.0,0,false
src/testcases/org/apache/poi/hssf/record/TestSeriesTextRecord.java,31.0,1.0,1.0,3.0,13.0,5.0,0,0.0,0.0,0.0,0,false
src/testcases/org/apache/poi/hssf/record/TestSeriesToChartGroupRecord.java,25.0,1.0,1.0,3.0,7.0,5.0,0,0.0,0.0,0.0,0,false
src/testcases/org/apache/poi/hssf/record/TestSheetPropertiesRecord.java,36.0,1.0,1.0,3.0,18.0,5.0,0,0.0,0.0,0.0,0,false
src/testcases/org/apache/poi/hssf/record/TestStringRecord.java,25.0,1.0,1.0,3.0,7.0,5.0,0,0.0,0.0,0.0,0,false
src/testcases/org/apache/poi/hssf/record/TestSupBookRecord.java,39.0,1.0,4.0,4.0,11.0,6.0,0,0.0,0.0,0.0,0,true
src/testcases/org/apache/poi/hssf/record/TestTextObjectBaseRecord.java,49.0,1.0,1.0,3.0,31.0,5.0,0,0.0,0.0,0.0,0,true
src/testcases/org/apache/poi/hssf/record/TestTextRecord.java,73.0,1.0,1.0,3.0,55.0,5.0,0,0.0,0.0,0.0,0,false
src/testcases/org/apache/poi/hssf/record/TestTickRecord.java,59.0,1.0,4.0,4.0,35.0,7.0,0,0.0,0.0,0.0,0,false
src/testcases/org/apache/poi/hssf/record/TestUnitsRecord.java,25.0,1.0,1.0,3.0,7.0,5.0,0,0.0,0.0,0.0,0,false
src/testcases/org/apache/poi/hssf/record/TestValueRangeRecord.java,52.0,1.0,1.0,3.0,34.0,5.0,0,0.0,0.0,0.0,0,false
src/testcases/org/apache/poi/hssf/record/aggregates/TestFormulaRecordAggregate.java,20.0,2.0,1.0,2.0,4.0,3.0,1,0.0045662100456621,1167.037037037037,107193.97975194867,1,true
src/testcases/org/apache/poi/hssf/record/aggregates/TestRowRecordsAggregate.java,22.0,1.0,3.0,3.0,7.0,3.0,0,0.0,0.0,0.0,0,true
src/testcases/org/apache/poi/hssf/record/aggregates/TestValueRecordsAggregate.java,104.0,5.0,10.0,12.0,52.0,24.0,1,0.0045662100456621,1167.037037037037,107193.97975194867,1,true
src/testcases/org/apache/poi/hssf/record/formula/TestFuncPtg.java,30.0,1.0,3.0,3.0,6.0,4.0,1,0.0045662100456621,1167.037037037037,107193.97975194867,1,true
src/testcases/org/apache/poi/hssf/usermodel/SanityChecker.java,114.0,5.0,10.0,5.0,22.0,10.0,0,0.0,0.0,0.0,0,false
src/testcases/org/apache/poi/hssf/usermodel/TestBugs.java,329.0,8.0,210.0,21.0,115.0,47.0,1,0.0045662100456621,1167.037037037037,107193.97975194867,1,true
src/testcases/org/apache/poi/hssf/usermodel/TestCellStyle.java,128.0,3.0,10.0,5.0,59.0,10.0,0,0.0,0.0,0.0,0,true
src/testcases/org/apache/poi/hssf/usermodel/TestCloneSheet.java,37.0,2.0,3.0,3.0,14.0,5.0,1,0.0045662100456621,1167.037037037037,107193.97975194867,1,false
src/testcases/org/apache/poi/hssf/usermodel/TestEscherGraphics.java,50.0,2.0,0.0,7.0,35.0,17.0,1,0.0045662100456621,1167.037037037037,107193.97975194867,1,true
src/testcases/org/apache/poi/hssf/usermodel/TestEscherGraphics2d.java,51.0,3.0,0.0,7.0,35.0,18.0,1,0.0045662100456621,1167.037037037037,107193.97975194867,1,false
src/testcases/org/apache/poi/hssf/usermodel/TestFontDetails.java,27.0,2.0,0.0,4.0,9.0,8.0,1,0.0045662100456621,1167.037037037037,107193.97975194867,1,false
src/testcases/org/apache/poi/hssf/usermodel/TestFormulas.java,780.0,7.0,703.0,38.0,278.0,104.0,0,0.0,0.0,0.0,0,true
src/testcases/org/apache/poi/hssf/usermodel/TestHSSFCell.java,153.0,15.0,15.0,6.0,75.0,13.0,0,0.0,0.0,0.0,0,true
src/testcases/org/apache/poi/hssf/usermodel/TestHSSFClientAnchor.java,30.0,1.0,0.0,1.0,5.0,2.0,1,0.0045662100456621,1167.037037037037,107193.97975194867,1,true
src/testcases/org/apache/poi/hssf/usermodel/TestHSSFDateUtil.java,29.0,3.0,1.0,2.0,5.0,4.0,1,0.0045662100456621,1167.037037037037,107193.97975194867,1,true
src/testcases/org/apache/poi/hssf/usermodel/TestHSSFHeaderFooter.java,45.0,8.0,3.0,3.0,16.0,6.0,0,0.0,0.0,0.0,0,true
src/testcases/org/apache/poi/hssf/usermodel/TestHSSFPalette.java,101.0,9.0,0.0,9.0,34.0,17.0,1,0.0045662100456621,1167.037037037037,107193.97975194867,1,true
src/testcases/org/apache/poi/hssf/usermodel/TestHSSFRichTextString.java,38.0,1.0,0.0,1.0,4.0,2.0,1,0.0045662100456621,1167.037037037037,107193.97975194867,1,false
src/testcases/org/apache/poi/hssf/usermodel/TestHSSFRow.java,56.0,4.0,3.0,3.0,22.0,5.0,0,0.0,0.0,0.0,0,true
src/testcases/org/apache/poi/hssf/usermodel/TestHSSFSheet.java,260.0,12.0,105.0,15.0,128.0,28.0,1,0.0045662100456621,1167.037037037037,107193.97975194867,1,true
src/testcases/org/apache/poi/hssf/usermodel/TestHSSFSheetOrder.java,22.0,2.0,1.0,2.0,4.0,4.0,0,0.0,0.0,0.0,0,false
src/testcases/org/apache/poi/hssf/usermodel/TestHSSFSheetSetOrder.java,22.0,2.0,1.0,2.0,4.0,4.0,0,0.0,0.0,0.0,0,false
src/testcases/org/apache/poi/hssf/usermodel/TestNamedRange.java,292.0,6.0,91.0,14.0,119.0,37.0,0,0.0,0.0,0.0,0,true
src/testcases/org/apache/poi/hssf/usermodel/TestReadWriteChart.java,41.0,8.0,3.0,3.0,21.0,7.0,0,0.0,0.0,0.0,0,false
src/testcases/org/apache/poi/hssf/usermodel/TestSanityChecker.java,113.0,5.0,45.0,10.0,20.0,12.0,0,0.0,0.0,0.0,0,true
src/testcases/org/apache/poi/hssf/usermodel/TestSheetShiftRows.java,110.0,6.0,10.0,5.0,28.0,14.0,1,0.0045662100456621,1167.037037037037,107193.97975194867,1,true
src/testcases/org/apache/poi/hssf/usermodel/TestWorkbook.java,483.0,13.0,133.0,18.0,172.0,60.0,0,0.0,0.0,0.0,0,true
src/testcases/org/apache/poi/hssf/util/TestAreaReference.java,36.0,4.0,6.0,4.0,14.0,4.0,0,0.0,0.0,0.0,0,true
src/testcases/org/apache/poi/hssf/util/TestCellReference.java,73.0,1.0,45.0,10.0,58.0,10.0,0,0.0,0.0,0.0,0,true
src/testcases/org/apache/poi/hssf/util/TestRKUtil.java,16.0,1.0,1.0,2.0,2.0,3.0,0,0.0,0.0,0.0,0,false
src/testcases/org/apache/poi/hssf/util/TestRangeAddress.java,17.0,1.0,3.0,3.0,3.0,3.0,0,0.0,0.0,0.0,0,true
src/testcases/org/apache/poi/hssf/util/TestSheetReferences.java,22.0,1.0,1.0,2.0,4.0,3.0,0,0.0,0.0,0.0,0,false
src/testcases/org/apache/poi/poifs/eventfilesystem/Listener.java,14.0,0.0,0.0,1.0,0.0,2.0,0,0.0,0.0,0.0,0,false
src/testcases/org/apache/poi/poifs/eventfilesystem/TestPOIFSReaderRegistry.java,90.0,3.0,4.0,4.0,14.0,11.0,0,0.0,0.0,0.0,0,false
src/testcases/org/apache/poi/poifs/filesystem/ReaderWriter.java,98.0,5.0,0.0,4.0,29.0,11.0,0,0.0,0.0,0.0,0,false
src/testcases/org/apache/poi/poifs/filesystem/SlowInputStream.java,13.0,2.0,1.0,2.0,1.0,4.0,0,0.0,0.0,0.0,0,false
src/testcases/org/apache/poi/poifs/filesystem/TestDirectoryNode.java,125.0,5.0,15.0,6.0,45.0,15.0,0,0.0,0.0,0.0,0,false
src/testcases/org/apache/poi/poifs/filesystem/TestDocument.java,131.0,8.0,15.0,6.0,22.0,21.0,0,0.0,0.0,0.0,0,false
src/testcases/org/apache/poi/poifs/filesystem/TestDocumentDescriptor.java,83.0,1.0,3.0,3.0,5.0,8.0,0,0.0,0.0,0.0,0,false
src/testcases/org/apache/poi/poifs/filesystem/TestDocumentInputStream.java,256.0,6.0,0.0,9.0,39.0,30.0,0,0.0,0.0,0.0,0,false
src/testcases/org/apache/poi/poifs/filesystem/TestDocumentNode.java,43.0,5.0,3.0,3.0,11.0,6.0,0,0.0,0.0,0.0,0,false
src/testcases/org/apache/poi/poifs/filesystem/TestDocumentOutputStream.java,126.0,6.0,15.0,6.0,26.0,20.0,0,0.0,0.0,0.0,0,false
src/testcases/org/apache/poi/poifs/filesystem/TestPOIFSDocumentPath.java,159.0,1.0,15.0,6.0,22.0,18.0,0,0.0,0.0,0.0,0,true
src/testcases/org/apache/poi/poifs/property/LocalProperty.java,23.0,0.0,3.0,3.0,2.0,4.0,0,0.0,0.0,0.0,0,false
src/testcases/org/apache/poi/poifs/property/TestDirectoryProperty.java,220.0,4.0,24.0,12.0,52.0,35.0,0,0.0,0.0,0.0,0,false
src/testcases/org/apache/poi/poifs/property/TestDocumentProperty.java,102.0,4.0,15.0,6.0,18.0,19.0,0,0.0,0.0,0.0,0,false
src/testcases/org/apache/poi/poifs/property/TestPropertyFactory.java,63.0,4.0,3.0,3.0,10.0,8.0,0,0.0,0.0,0.0,0,false
src/testcases/org/apache/poi/poifs/property/TestPropertyTable.java,117.0,5.0,6.0,4.0,20.0,11.0,0,0.0,0.0,0.0,0,true
src/testcases/org/apache/poi/poifs/property/TestRootProperty.java,105.0,4.0,22.0,8.0,26.0,21.0,0,0.0,0.0,0.0,0,false
src/testcases/org/apache/poi/poifs/storage/LocalProperty.java,21.0,1.0,3.0,3.0,1.0,4.0,0,0.0,0.0,0.0,0,false
src/testcases/org/apache/poi/poifs/storage/LocalRawDataBlockList.java,116.0,4.0,6.0,8.0,10.0,25.0,0,0.0,0.0,0.0,0,true
src/testcases/org/apache/poi/poifs/storage/TestBATBlock.java,159.0,3.0,55.0,11.0,26.0,26.0,0,0.0,0.0,0.0,0,true
src/testcases/org/apache/poi/poifs/storage/TestBlockAllocationTableReader.java,143.0,6.0,10.0,5.0,22.0,20.0,0,0.0,0.0,0.0,0,true
src/testcases/org/apache/poi/poifs/storage/TestBlockAllocationTableWriter.java,112.0,6.0,15.0,6.0,17.0,14.0,0,0.0,0.0,0.0,0,true
src/testcases/org/apache/poi/poifs/storage/TestBlockListImpl.java,169.0,5.0,15.0,6.0,22.0,21.0,0,0.0,0.0,0.0,0,true
src/testcases/org/apache/poi/poifs/storage/TestDocumentBlock.java,98.0,3.0,9.0,6.0,18.0,19.0,0,0.0,0.0,0.0,0,true
src/testcases/org/apache/poi/poifs/storage/TestHeaderBlockReader.java,48.0,5.0,3.0,3.0,6.0,7.0,0,0.0,0.0,0.0,0,false
src/testcases/org/apache/poi/poifs/storage/TestHeaderBlockWriter.java,140.0,5.0,15.0,6.0,21.0,15.0,0,0.0,0.0,0.0,0,true
src/testcases/org/apache/poi/poifs/storage/TestPropertyBlock.java,161.0,4.0,10.0,5.0,10.0,13.0,0,0.0,0.0,0.0,0,true
src/testcases/org/apache/poi/poifs/storage/TestRawDataBlock.java,70.0,2.0,10.0,5.0,10.0,13.0,0,0.0,0.0,0.0,0,true
src/testcases/org/apache/poi/poifs/storage/TestRawDataBlockList.java,56.0,2.0,10.0,5.0,3.0,12.0,0,0.0,0.0,0.0,0,true
src/testcases/org/apache/poi/poifs/storage/TestSmallBlockTableReader.java,34.0,5.0,3.0,3.0,4.0,5.0,0,0.0,0.0,0.0,0,true
src/testcases/org/apache/poi/poifs/storage/TestSmallBlockTableWriter.java,48.0,6.0,3.0,3.0,10.0,5.0,0,0.0,0.0,0.0,0,true
src/testcases/org/apache/poi/poifs/storage/TestSmallDocumentBlock.java,171.0,3.0,26.0,8.0,36.0,27.0,0,0.0,0.0,0.0,0,true
src/testcases/org/apache/poi/poifs/storage/TestSmallDocumentBlockList.java,46.0,2.0,3.0,3.0,5.0,7.0,0,0.0,0.0,0.0,0,true
src/testcases/org/apache/poi/util/LocalTestNode.java,70.0,0.0,16.0,8.0,11.0,16.0,0,0.0,0.0,0.0,0,true
src/testcases/org/apache/poi/util/TestBinaryTree.java,2048.0,2.0,406.0,29.0,350.0,101.0,0,0.0,0.0,0.0,0,true
src/testcases/org/apache/poi/util/TestBitField.java,179.0,1.0,0.0,17.0,39.0,21.0,0,0.0,0.0,0.0,0,false
src/testcases/org/apache/poi/util/TestByteField.java,126.0,2.0,1.0,7.0,19.0,15.0,0,0.0,0.0,0.0,0,false
src/testcases/org/apache/poi/util/TestDoubleList2d.java,22.0,1.0,0.0,1.0,4.0,3.0,0,0.0,0.0,0.0,0,false
src/testcases/org/apache/poi/util/TestHexDump.java,194.0,2.0,15.0,6.0,14.0,16.0,1,0.0045662100456621,1167.037037037037,107193.97975194867,1,false
src/testcases/org/apache/poi/util/TestIntList.java,476.0,1.0,190.0,20.0,86.0,55.0,0,0.0,0.0,0.0,0,false
src/testcases/org/apache/poi/util/TestIntList2d.java,25.0,1.0,0.0,1.0,7.0,3.0,0,0.0,0.0,0.0,0,false
src/testcases/org/apache/poi/util/TestIntegerField.java,144.0,2.0,1.0,7.0,18.0,15.0,0,0.0,0.0,0.0,0,false
src/testcases/org/apache/poi/util/TestList2d.java,24.0,1.0,0.0,1.0,5.0,3.0,0,0.0,0.0,0.0,0,false
src/testcases/org/apache/poi/util/TestLittleEndian.java,293.0,3.0,139.0,18.0,47.0,42.0,0,0.0,0.0,0.0,0,true
src/testcases/org/apache/poi/util/TestLongField.java,164.0,2.0,1.0,7.0,18.0,15.0,0,0.0,0.0,0.0,0,true
src/testcases/org/apache/poi/util/TestPOILogFactory.java,40.0,2.0,3.0,3.0,4.0,4.0,0,0.0,0.0,0.0,0,false
src/testcases/org/apache/poi/util/TestPOILogger.java,26.0,1.0,1.0,2.0,3.0,4.0,0,0.0,0.0,0.0,0,true
src/testcases/org/apache/poi/util/TestShortField.java,134.0,2.0,1.0,7.0,18.0,15.0,0,0.0,0.0,0.0,0,false
src/testcases/org/apache/poi/util/TestShortList.java,476.0,1.0,190.0,20.0,86.0,55.0,0,0.0,0.0,0.0,0,false
src/testcases/org/apache/poi/util/TestStringUtil.java,156.0,2.0,55.0,11.0,25.0,27.0,0,0.0,0.0,0.0,0,true
