name,LOC,CBO,LCOM,NOM,RFC,WMC,numOfChanges,bccm,structuralWorkloadSum,semanticWorkloadSum,numberOfDeveloper,isBuggy
src/java/org/apache/poi/ddf/EscherClientAnchorRecord.java,255.0,3.0,137.0,26.0,17.0,61.0,0,0.0,0.0,0.0,0,true
src/java/org/apache/poi/hssf/model/FormulaParser.java,774.0,5.0,681.0,54.0,188.0,155.0,1,0.0031645569620253164,24.0,14.91919756463675,1,true
src/java/org/apache/poi/hssf/model/Sheet.java,1832.0,11.0,6797.0,130.0,420.0,371.0,2,0.006329113924050633,1844.9773519163764,86598.10603558143,2,true
src/java/org/apache/poi/hssf/record/NameRecord.java,713.0,12.0,1475.0,62.0,88.0,139.0,1,0.0031645569620253164,1783.4773519163764,86509.10481583735,1,true
src/java/org/apache/poi/hssf/record/ObjRecord.java,110.0,4.0,9.0,15.0,27.0,33.0,2,0.006329113924050633,1844.9773519163764,86598.10603558143,2,true
src/java/org/apache/poi/hssf/record/aggregates/FormulaRecordAggregate.java,142.0,1.0,0.0,28.0,18.0,68.0,1,0.0031645569620253164,1783.4773519163764,86509.10481583735,1,true
src/java/org/apache/poi/hssf/record/formula/AbstractFunctionPtg.java,1144.0,2.0,77.0,14.0,14.0,30.0,0,0.0,0.0,0.0,0,true
src/java/org/apache/poi/hssf/record/formula/DeletedArea3DPtg.java,19.0,0.0,1.0,2.0,0.0,2.0,1,0.0031645569620253164,1783.4773519163764,86509.10481583735,1,true
src/java/org/apache/poi/hssf/record/formula/DeletedRef3DPtg.java,19.0,0.0,1.0,2.0,0.0,2.0,1,0.0031645569620253164,1783.4773519163764,86509.10481583735,1,true
src/java/org/apache/poi/hssf/record/formula/Ptg.java,227.0,3.0,53.0,11.0,10.0,26.0,1,0.0031645569620253164,1783.4773519163764,86509.10481583735,1,true
src/java/org/apache/poi/hssf/usermodel/HSSFCell.java,705.0,10.0,31.0,31.0,88.0,102.0,2,0.006329113924050633,1844.9773519163764,86598.10603558143,2,true
src/java/org/apache/poi/hssf/usermodel/HSSFCellStyle.java,664.0,1.0,0.0,42.0,50.0,110.0,1,0.0031645569620253164,1783.4773519163764,86509.10481583735,1,true
src/java/org/apache/poi/hssf/util/RangeAddress.java,290.0,0.0,291.0,30.0,53.0,100.0,1,0.0031645569620253164,61.5,89.00121974407578,1,true
src/scratchpad/src/org/apache/poi/hslf/HSLFSlideShow.java,192.0,13.0,45.0,14.0,33.0,43.0,0,0.0,0.0,0.0,0,true
src/scratchpad/src/org/apache/poi/hslf/dev/PPDrawingTextListing.java,48.0,5.0,0.0,1.0,8.0,5.0,0,0.0,0.0,0.0,0,false
src/scratchpad/src/org/apache/poi/hslf/dev/PPTXMLDump.java,198.0,4.0,0.0,8.0,31.0,35.0,1,0.0031645569620253164,78.13333333333334,277.2197466341973,1,false
src/scratchpad/src/org/apache/poi/hslf/dev/SLWTTextListing.java,51.0,5.0,0.0,1.0,12.0,4.0,0,0.0,0.0,0.0,0,false
src/scratchpad/src/org/apache/poi/hslf/dev/SlideAndNotesAtomListing.java,35.0,3.0,0.0,1.0,8.0,4.0,0,0.0,0.0,0.0,0,false
src/scratchpad/src/org/apache/poi/hslf/dev/SlideShowDumper.java,282.0,8.0,48.0,13.0,43.0,45.0,1,0.0031645569620253164,78.13333333333334,277.2197466341973,1,false
src/scratchpad/src/org/apache/poi/hslf/dev/SlideShowRecordDumper.java,103.0,6.0,22.0,8.0,26.0,27.0,0,0.0,0.0,0.0,0,true
src/scratchpad/src/org/apache/poi/hslf/dev/UserEditAndPersistListing.java,73.0,9.0,0.0,2.0,24.0,6.0,0,0.0,0.0,0.0,0,true
src/scratchpad/src/org/apache/poi/hslf/exceptions/InvalidRecordFormatException.java,10.0,0.0,0.0,1.0,0.0,1.0,0,0.0,0.0,0.0,0,false
src/scratchpad/src/org/apache/poi/hslf/extractor/PowerPointExtractor.java,140.0,6.0,8.0,8.0,22.0,21.0,0,0.0,0.0,0.0,0,true
src/scratchpad/src/org/apache/poi/hslf/extractor/QuickButCruddyTextExtractor.java,133.0,12.0,22.0,8.0,22.0,24.0,1,0.0031645569620253164,78.13333333333334,277.2197466341973,1,false
src/scratchpad/src/org/apache/poi/hslf/model/Notes.java,33.0,4.0,0.0,3.0,4.0,5.0,0,0.0,0.0,0.0,0,true
src/scratchpad/src/org/apache/poi/hslf/model/Sheet.java,67.0,2.0,6.0,4.0,8.0,9.0,1,0.0031645569620253164,78.13333333333334,277.2197466341973,1,true
src/scratchpad/src/org/apache/poi/hslf/model/Slide.java,77.0,4.0,1.0,6.0,8.0,17.0,0,0.0,0.0,0.0,0,true
src/scratchpad/src/org/apache/poi/hslf/model/TextRun.java,95.0,2.0,0.0,7.0,11.0,17.0,1,0.0031645569620253164,78.13333333333334,277.2197466341973,1,true
src/scratchpad/src/org/apache/poi/hslf/record/ColorSchemeAtom.java,192.0,4.0,149.0,22.0,10.0,58.0,0,0.0,0.0,0.0,0,true
src/scratchpad/src/org/apache/poi/hslf/record/CurrentUserAtom.java,160.0,4.0,54.0,16.0,22.0,30.0,0,0.0,0.0,0.0,0,true
src/scratchpad/src/org/apache/poi/hslf/record/DocumentAtom.java,191.0,3.0,159.0,23.0,5.0,51.0,0,0.0,0.0,0.0,0,false
src/scratchpad/src/org/apache/poi/hslf/record/DummyPositionSensitiveRecordWithChildren.java,44.0,4.0,0.0,4.0,4.0,8.0,0,0.0,0.0,0.0,0,false
src/scratchpad/src/org/apache/poi/hslf/record/DummyRecordWithChildren.java,39.0,4.0,0.0,4.0,4.0,8.0,0,0.0,0.0,0.0,0,false
src/scratchpad/src/org/apache/poi/hslf/record/EscherTextboxWrapper.java,54.0,4.0,0.0,5.0,6.0,11.0,0,0.0,0.0,0.0,0,true
src/scratchpad/src/org/apache/poi/hslf/record/FontCollection.java,52.0,3.0,0.0,5.0,13.0,12.0,1,0.0031645569620253164,78.13333333333334,277.2197466341973,1,true
src/scratchpad/src/org/apache/poi/hslf/record/FontEntityAtom.java,96.0,5.0,0.0,8.0,13.0,21.0,1,0.0031645569620253164,78.13333333333334,277.2197466341973,1,false
src/scratchpad/src/org/apache/poi/hslf/record/Notes.java,60.0,4.0,3.0,6.0,3.0,13.0,0,0.0,0.0,0.0,0,false
src/scratchpad/src/org/apache/poi/hslf/record/NotesAtom.java,96.0,3.0,13.0,11.0,5.0,20.0,0,0.0,0.0,0.0,0,false
src/scratchpad/src/org/apache/poi/hslf/record/PPDrawing.java,125.0,6.0,16.0,8.0,23.0,19.0,0,0.0,0.0,0.0,0,true
src/scratchpad/src/org/apache/poi/hslf/record/PersistPtrHolder.java,125.0,5.0,0.0,7.0,18.0,20.0,0,0.0,0.0,0.0,0,true
src/scratchpad/src/org/apache/poi/hslf/record/PositionDependentRecord.java,28.0,1.0,3.0,3.0,0.0,3.0,0,0.0,0.0,0.0,0,false
src/scratchpad/src/org/apache/poi/hslf/record/PositionDependentRecordAtom.java,32.0,1.0,1.0,3.0,0.0,4.0,0,0.0,0.0,0.0,0,false
src/scratchpad/src/org/apache/poi/hslf/record/PositionDependentRecordContainer.java,32.0,1.0,1.0,3.0,0.0,6.0,0,0.0,0.0,0.0,0,false
src/scratchpad/src/org/apache/poi/hslf/record/Record.java,110.0,5.0,28.0,8.0,14.0,25.0,1,0.0031645569620253164,78.13333333333334,277.2197466341973,1,true
src/scratchpad/src/org/apache/poi/hslf/record/RecordAtom.java,18.0,0.0,1.0,2.0,0.0,4.0,0,0.0,0.0,0.0,0,false
src/scratchpad/src/org/apache/poi/hslf/record/RecordContainer.java,63.0,5.0,3.0,3.0,8.0,9.0,1,0.0031645569620253164,78.13333333333334,277.2197466341973,1,true
src/scratchpad/src/org/apache/poi/hslf/record/RecordTypes.java,224.0,2.0,1.0,2.0,2.0,6.0,1,0.0031645569620253164,78.13333333333334,277.2197466341973,1,true
src/scratchpad/src/org/apache/poi/hslf/record/Slide.java,60.0,4.0,3.0,6.0,3.0,13.0,0,0.0,0.0,0.0,0,true
src/scratchpad/src/org/apache/poi/hslf/record/SlideAtom.java,186.0,3.0,28.0,13.0,6.0,29.0,0,0.0,0.0,0.0,0,true
src/scratchpad/src/org/apache/poi/hslf/record/SlideListWithText.java,108.0,5.0,0.0,5.0,6.0,13.0,0,0.0,0.0,0.0,0,true
src/scratchpad/src/org/apache/poi/hslf/record/SlidePersistAtom.java,82.0,3.0,3.0,7.0,4.0,17.0,0,0.0,0.0,0.0,0,true
src/scratchpad/src/org/apache/poi/hslf/record/StyleTextPropAtom.java,241.0,5.0,0.0,7.0,13.0,19.0,1,0.0031645569620253164,78.13333333333334,277.2197466341973,1,true
src/scratchpad/src/org/apache/poi/hslf/record/TextBytesAtom.java,54.0,4.0,0.0,5.0,4.0,9.0,0,0.0,0.0,0.0,0,true
src/scratchpad/src/org/apache/poi/hslf/record/TextCharsAtom.java,53.0,5.0,0.0,5.0,6.0,9.0,0,0.0,0.0,0.0,0,true
src/scratchpad/src/org/apache/poi/hslf/record/TextHeaderAtom.java,56.0,3.0,0.0,5.0,4.0,11.0,0,0.0,0.0,0.0,0,false
src/scratchpad/src/org/apache/poi/hslf/record/UnknownRecordPlaceholder.java,34.0,3.0,0.0,3.0,3.0,7.0,0,0.0,0.0,0.0,0,false
src/scratchpad/src/org/apache/poi/hslf/record/UserEditAtom.java,106.0,4.0,16.0,12.0,7.0,23.0,0,0.0,0.0,0.0,0,true
src/scratchpad/src/org/apache/poi/hslf/usermodel/SlideShow.java,198.0,11.0,5.0,7.0,36.0,17.0,1,0.0031645569620253164,78.13333333333334,277.2197466341973,1,true
src/scratchpad/src/org/apache/poi/hslf/util/MutableByteArrayOutputStream.java,26.0,1.0,6.0,4.0,0.0,5.0,0,0.0,0.0,0.0,0,false
src/scratchpad/src/org/apache/poi/hssf/record/formula/eval/AddEval.java,55.0,2.0,4.0,5.0,5.0,15.0,0,0.0,0.0,0.0,0,false
src/scratchpad/src/org/apache/poi/hssf/record/formula/eval/Area2DEval.java,48.0,2.0,18.0,12.0,19.0,28.0,0,0.0,0.0,0.0,0,true
src/scratchpad/src/org/apache/poi/hssf/record/formula/eval/Area3DEval.java,48.0,2.0,18.0,12.0,18.0,28.0,0,0.0,0.0,0.0,0,true
src/scratchpad/src/org/apache/poi/hssf/record/formula/eval/AreaEval.java,82.0,0.0,55.0,11.0,0.0,28.0,0,0.0,0.0,0.0,0,true
src/scratchpad/src/org/apache/poi/hssf/record/formula/eval/BlankEval.java,9.0,0.0,0.0,1.0,0.0,1.0,0,0.0,0.0,0.0,0,false
src/scratchpad/src/org/apache/poi/hssf/record/formula/eval/BoolEval.java,23.0,2.0,0.0,5.0,1.0,8.0,0,0.0,0.0,0.0,0,false
src/scratchpad/src/org/apache/poi/hssf/record/formula/eval/ConcatEval.java,42.0,2.0,0.0,4.0,6.0,13.0,0,0.0,0.0,0.0,0,false
src/scratchpad/src/org/apache/poi/hssf/record/formula/eval/DivideEval.java,54.0,2.0,4.0,5.0,5.0,13.0,0,0.0,0.0,0.0,0,false
src/scratchpad/src/org/apache/poi/hssf/record/formula/eval/EqualEval.java,32.0,2.0,0.0,4.0,3.0,8.0,0,0.0,0.0,0.0,0,false
src/scratchpad/src/org/apache/poi/hssf/record/formula/eval/ErrorEval.java,24.0,0.0,0.0,3.0,1.0,5.0,0,0.0,0.0,0.0,0,false
src/scratchpad/src/org/apache/poi/hssf/record/formula/eval/Eval.java,5.0,0.0,0.0,0.0,0.0,0.0,0,0.0,0.0,0.0,0,false
src/scratchpad/src/org/apache/poi/hssf/record/formula/eval/FuncVarEval.java,25.0,3.0,0.0,5.0,5.0,11.0,0,0.0,0.0,0.0,0,false
src/scratchpad/src/org/apache/poi/hssf/record/formula/eval/FunctionEval.java,367.0,1.0,1.0,3.0,1.0,7.0,0,0.0,0.0,0.0,0,false
src/scratchpad/src/org/apache/poi/hssf/record/formula/eval/GreaterEqualEval.java,32.0,2.0,0.0,4.0,3.0,8.0,0,0.0,0.0,0.0,0,false
src/scratchpad/src/org/apache/poi/hssf/record/formula/eval/GreaterThanEval.java,33.0,2.0,0.0,4.0,3.0,8.0,0,0.0,0.0,0.0,0,false
src/scratchpad/src/org/apache/poi/hssf/record/formula/eval/LessEqualEval.java,33.0,2.0,0.0,4.0,3.0,8.0,0,0.0,0.0,0.0,0,false
src/scratchpad/src/org/apache/poi/hssf/record/formula/eval/LessThanEval.java,33.0,2.0,0.0,4.0,3.0,8.0,0,0.0,0.0,0.0,0,false
src/scratchpad/src/org/apache/poi/hssf/record/formula/eval/MultiplyEval.java,54.0,2.0,4.0,5.0,5.0,13.0,0,0.0,0.0,0.0,0,false
src/scratchpad/src/org/apache/poi/hssf/record/formula/eval/NotEqualEval.java,32.0,2.0,0.0,4.0,3.0,8.0,0,0.0,0.0,0.0,0,false
src/scratchpad/src/org/apache/poi/hssf/record/formula/eval/NumberEval.java,37.0,3.0,0.0,5.0,5.0,12.0,0,0.0,0.0,0.0,0,false
src/scratchpad/src/org/apache/poi/hssf/record/formula/eval/NumericOperationEval.java,41.0,0.0,1.0,2.0,10.0,5.0,0,0.0,0.0,0.0,0,false
src/scratchpad/src/org/apache/poi/hssf/record/formula/eval/NumericValueEval.java,6.0,0.0,0.0,1.0,0.0,1.0,0,0.0,0.0,0.0,0,false
src/scratchpad/src/org/apache/poi/hssf/record/formula/eval/OperationEval.java,8.0,0.0,3.0,3.0,0.0,3.0,0,0.0,0.0,0.0,0,false
src/scratchpad/src/org/apache/poi/hssf/record/formula/eval/PowerEval.java,55.0,2.0,4.0,5.0,6.0,13.0,0,0.0,0.0,0.0,0,false
src/scratchpad/src/org/apache/poi/hssf/record/formula/eval/Ref2DEval.java,25.0,2.0,0.0,5.0,2.0,9.0,0,0.0,0.0,0.0,0,true
src/scratchpad/src/org/apache/poi/hssf/record/formula/eval/Ref3DEval.java,25.0,2.0,0.0,5.0,2.0,9.0,0,0.0,0.0,0.0,0,true
src/scratchpad/src/org/apache/poi/hssf/record/formula/eval/RefEval.java,44.0,0.0,6.0,4.0,0.0,11.0,0,0.0,0.0,0.0,0,true
src/scratchpad/src/org/apache/poi/hssf/record/formula/eval/RelationalOperationEval.java,143.0,0.0,10.0,5.0,16.0,17.0,0,0.0,0.0,0.0,0,false
src/scratchpad/src/org/apache/poi/hssf/record/formula/eval/StringEval.java,16.0,2.0,0.0,3.0,1.0,4.0,0,0.0,0.0,0.0,0,false
src/scratchpad/src/org/apache/poi/hssf/record/formula/eval/StringOperationEval.java,69.0,0.0,1.0,2.0,10.0,8.0,0,0.0,0.0,0.0,0,false
src/scratchpad/src/org/apache/poi/hssf/record/formula/eval/StringValueEval.java,6.0,0.0,0.0,1.0,0.0,1.0,0,0.0,0.0,0.0,0,false
src/scratchpad/src/org/apache/poi/hssf/record/formula/eval/SubtractEval.java,54.0,2.0,4.0,5.0,5.0,13.0,0,0.0,0.0,0.0,0,false
src/scratchpad/src/org/apache/poi/hssf/record/formula/eval/UnaryMinusEval.java,42.0,2.0,4.0,5.0,4.0,13.0,0,0.0,0.0,0.0,0,false
src/scratchpad/src/org/apache/poi/hssf/record/formula/eval/UnaryPlusEval.java,68.0,2.0,0.0,4.0,10.0,11.0,0,0.0,0.0,0.0,0,false
src/scratchpad/src/org/apache/poi/hssf/record/formula/eval/ValueEval.java,5.0,0.0,0.0,0.0,0.0,0.0,0,0.0,0.0,0.0,0,false
src/scratchpad/src/org/apache/poi/hssf/record/formula/eval/ValueEvalToNumericXlator.java,194.0,0.0,0.0,6.0,17.0,26.0,0,0.0,0.0,0.0,0,false
src/scratchpad/src/org/apache/poi/hssf/record/formula/functions/Abs.java,30.0,6.0,0.0,1.0,4.0,6.0,0,0.0,0.0,0.0,0,false
src/scratchpad/src/org/apache/poi/hssf/record/formula/functions/Absref.java,5.0,0.0,0.0,0.0,0.0,0.0,0,0.0,0.0,0.0,0,false
src/scratchpad/src/org/apache/poi/hssf/record/formula/functions/Acos.java,30.0,6.0,0.0,1.0,4.0,6.0,0,0.0,0.0,0.0,0,false
src/scratchpad/src/org/apache/poi/hssf/record/formula/functions/Acosh.java,30.0,5.0,0.0,1.0,5.0,5.0,0,0.0,0.0,0.0,0,false
src/scratchpad/src/org/apache/poi/hssf/record/formula/functions/Activecell.java,5.0,0.0,0.0,0.0,0.0,0.0,0,0.0,0.0,0.0,0,false
src/scratchpad/src/org/apache/poi/hssf/record/formula/functions/Address.java,5.0,0.0,0.0,0.0,0.0,0.0,0,0.0,0.0,0.0,0,false
src/scratchpad/src/org/apache/poi/hssf/record/formula/functions/And.java,48.0,6.0,0.0,1.0,3.0,7.0,0,0.0,0.0,0.0,0,false
src/scratchpad/src/org/apache/poi/hssf/record/formula/functions/Areas.java,5.0,0.0,0.0,0.0,0.0,0.0,0,0.0,0.0,0.0,0,false
src/scratchpad/src/org/apache/poi/hssf/record/formula/functions/Argument.java,5.0,0.0,0.0,0.0,0.0,0.0,0,0.0,0.0,0.0,0,false
src/scratchpad/src/org/apache/poi/hssf/record/formula/functions/Asc.java,5.0,0.0,0.0,0.0,0.0,0.0,0,0.0,0.0,0.0,0,false
src/scratchpad/src/org/apache/poi/hssf/record/formula/functions/Asin.java,30.0,6.0,0.0,1.0,4.0,6.0,0,0.0,0.0,0.0,0,false
src/scratchpad/src/org/apache/poi/hssf/record/formula/functions/Asinh.java,35.0,6.0,0.0,1.0,4.0,6.0,0,0.0,0.0,0.0,0,false
src/scratchpad/src/org/apache/poi/hssf/record/formula/functions/Atan.java,30.0,6.0,0.0,1.0,4.0,6.0,0,0.0,0.0,0.0,0,false
src/scratchpad/src/org/apache/poi/hssf/record/formula/functions/Atan2.java,43.0,6.0,0.0,1.0,5.0,7.0,0,0.0,0.0,0.0,0,false
src/scratchpad/src/org/apache/poi/hssf/record/formula/functions/Atanh.java,35.0,6.0,0.0,1.0,5.0,6.0,0,0.0,0.0,0.0,0,false
src/scratchpad/src/org/apache/poi/hssf/record/formula/functions/Avedev.java,27.0,5.0,1.0,2.0,4.0,8.0,0,0.0,0.0,0.0,0,false
src/scratchpad/src/org/apache/poi/hssf/record/formula/functions/Average.java,27.0,5.0,1.0,2.0,4.0,8.0,0,0.0,0.0,0.0,0,false
src/scratchpad/src/org/apache/poi/hssf/record/formula/functions/Averagea.java,5.0,0.0,0.0,0.0,0.0,0.0,0,0.0,0.0,0.0,0,false
src/scratchpad/src/org/apache/poi/hssf/record/formula/functions/Betadist.java,5.0,0.0,0.0,0.0,0.0,0.0,0,0.0,0.0,0.0,0,false
src/scratchpad/src/org/apache/poi/hssf/record/formula/functions/Betainv.java,5.0,0.0,0.0,0.0,0.0,0.0,0,0.0,0.0,0.0,0,false
src/scratchpad/src/org/apache/poi/hssf/record/formula/functions/Binomdist.java,5.0,0.0,0.0,0.0,0.0,0.0,0,0.0,0.0,0.0,0,false
src/scratchpad/src/org/apache/poi/hssf/record/formula/functions/BooleanFunction.java,48.0,8.0,1.0,2.0,4.0,8.0,0,0.0,0.0,0.0,0,false
src/scratchpad/src/org/apache/poi/hssf/record/formula/functions/Call.java,5.0,0.0,0.0,0.0,0.0,0.0,0,0.0,0.0,0.0,0,false
src/scratchpad/src/org/apache/poi/hssf/record/formula/functions/Caller.java,5.0,0.0,0.0,0.0,0.0,0.0,0,0.0,0.0,0.0,0,false
src/scratchpad/src/org/apache/poi/hssf/record/formula/functions/Ceiling.java,43.0,6.0,0.0,1.0,5.0,6.0,0,0.0,0.0,0.0,0,false
src/scratchpad/src/org/apache/poi/hssf/record/formula/functions/Cell.java,5.0,0.0,0.0,0.0,0.0,0.0,0,0.0,0.0,0.0,0,false
src/scratchpad/src/org/apache/poi/hssf/record/formula/functions/Char.java,5.0,0.0,0.0,0.0,0.0,0.0,0,0.0,0.0,0.0,0,false
src/scratchpad/src/org/apache/poi/hssf/record/formula/functions/Chidist.java,5.0,0.0,0.0,0.0,0.0,0.0,0,0.0,0.0,0.0,0,false
src/scratchpad/src/org/apache/poi/hssf/record/formula/functions/Chiinv.java,5.0,0.0,0.0,0.0,0.0,0.0,0,0.0,0.0,0.0,0,false
src/scratchpad/src/org/apache/poi/hssf/record/formula/functions/Chitest.java,5.0,0.0,0.0,0.0,0.0,0.0,0,0.0,0.0,0.0,0,false
src/scratchpad/src/org/apache/poi/hssf/record/formula/functions/Choose.java,5.0,0.0,0.0,0.0,0.0,0.0,0,0.0,0.0,0.0,0,false
src/scratchpad/src/org/apache/poi/hssf/record/formula/functions/Clean.java,5.0,0.0,0.0,0.0,0.0,0.0,0,0.0,0.0,0.0,0,false
src/scratchpad/src/org/apache/poi/hssf/record/formula/functions/Code.java,5.0,0.0,0.0,0.0,0.0,0.0,0,0.0,0.0,0.0,0,false
src/scratchpad/src/org/apache/poi/hssf/record/formula/functions/Column.java,32.0,6.0,0.0,1.0,2.0,6.0,0,0.0,0.0,0.0,0,false
src/scratchpad/src/org/apache/poi/hssf/record/formula/functions/Columns.java,5.0,0.0,0.0,0.0,0.0,0.0,0,0.0,0.0,0.0,0,false
src/scratchpad/src/org/apache/poi/hssf/record/formula/functions/Combin.java,48.0,6.0,0.0,1.0,5.0,6.0,0,0.0,0.0,0.0,0,false
src/scratchpad/src/org/apache/poi/hssf/record/formula/functions/Concatenate.java,26.0,6.0,0.0,1.0,4.0,6.0,0,0.0,0.0,0.0,0,false
src/scratchpad/src/org/apache/poi/hssf/record/formula/functions/Confidence.java,5.0,0.0,0.0,0.0,0.0,0.0,0,0.0,0.0,0.0,0,false
src/scratchpad/src/org/apache/poi/hssf/record/formula/functions/Correl.java,5.0,0.0,0.0,0.0,0.0,0.0,0,0.0,0.0,0.0,0,false
src/scratchpad/src/org/apache/poi/hssf/record/formula/functions/Cos.java,30.0,6.0,0.0,1.0,4.0,6.0,0,0.0,0.0,0.0,0,false
src/scratchpad/src/org/apache/poi/hssf/record/formula/functions/Cosh.java,30.0,6.0,0.0,1.0,5.0,6.0,0,0.0,0.0,0.0,0,false
src/scratchpad/src/org/apache/poi/hssf/record/formula/functions/Count.java,5.0,0.0,0.0,0.0,0.0,0.0,0,0.0,0.0,0.0,0,false
src/scratchpad/src/org/apache/poi/hssf/record/formula/functions/Counta.java,5.0,0.0,0.0,0.0,0.0,0.0,0,0.0,0.0,0.0,0,false
src/scratchpad/src/org/apache/poi/hssf/record/formula/functions/Countblank.java,5.0,0.0,0.0,0.0,0.0,0.0,0,0.0,0.0,0.0,0,false
src/scratchpad/src/org/apache/poi/hssf/record/formula/functions/Countif.java,5.0,0.0,0.0,0.0,0.0,0.0,0,0.0,0.0,0.0,0,false
src/scratchpad/src/org/apache/poi/hssf/record/formula/functions/Covar.java,5.0,0.0,0.0,0.0,0.0,0.0,0,0.0,0.0,0.0,0,false
src/scratchpad/src/org/apache/poi/hssf/record/formula/functions/Critbinom.java,5.0,0.0,0.0,0.0,0.0,0.0,0,0.0,0.0,0.0,0,false
src/scratchpad/src/org/apache/poi/hssf/record/formula/functions/Customrepeat.java,5.0,0.0,0.0,0.0,0.0,0.0,0,0.0,0.0,0.0,0,false
src/scratchpad/src/org/apache/poi/hssf/record/formula/functions/Date.java,5.0,0.0,0.0,0.0,0.0,0.0,0,0.0,0.0,0.0,0,false
src/scratchpad/src/org/apache/poi/hssf/record/formula/functions/Datedif.java,5.0,0.0,0.0,0.0,0.0,0.0,0,0.0,0.0,0.0,0,false
src/scratchpad/src/org/apache/poi/hssf/record/formula/functions/Datestring.java,5.0,0.0,0.0,0.0,0.0,0.0,0,0.0,0.0,0.0,0,false
src/scratchpad/src/org/apache/poi/hssf/record/formula/functions/Datevalue.java,5.0,0.0,0.0,0.0,0.0,0.0,0,0.0,0.0,0.0,0,false
src/scratchpad/src/org/apache/poi/hssf/record/formula/functions/Daverage.java,5.0,0.0,0.0,0.0,0.0,0.0,0,0.0,0.0,0.0,0,false
src/scratchpad/src/org/apache/poi/hssf/record/formula/functions/Day.java,5.0,0.0,0.0,0.0,0.0,0.0,0,0.0,0.0,0.0,0,false
src/scratchpad/src/org/apache/poi/hssf/record/formula/functions/Days360.java,5.0,0.0,0.0,0.0,0.0,0.0,0,0.0,0.0,0.0,0,false
src/scratchpad/src/org/apache/poi/hssf/record/formula/functions/Db.java,5.0,0.0,0.0,0.0,0.0,0.0,0,0.0,0.0,0.0,0,false
src/scratchpad/src/org/apache/poi/hssf/record/formula/functions/Dbcs.java,5.0,0.0,0.0,0.0,0.0,0.0,0,0.0,0.0,0.0,0,false
src/scratchpad/src/org/apache/poi/hssf/record/formula/functions/Dcount.java,5.0,0.0,0.0,0.0,0.0,0.0,0,0.0,0.0,0.0,0,false
src/scratchpad/src/org/apache/poi/hssf/record/formula/functions/Dcounta.java,5.0,0.0,0.0,0.0,0.0,0.0,0,0.0,0.0,0.0,0,false
src/scratchpad/src/org/apache/poi/hssf/record/formula/functions/Ddb.java,5.0,0.0,0.0,0.0,0.0,0.0,0,0.0,0.0,0.0,0,false
src/scratchpad/src/org/apache/poi/hssf/record/formula/functions/Degrees.java,30.0,6.0,0.0,1.0,4.0,6.0,0,0.0,0.0,0.0,0,false
src/scratchpad/src/org/apache/poi/hssf/record/formula/functions/Deref.java,5.0,0.0,0.0,0.0,0.0,0.0,0,0.0,0.0,0.0,0,false
src/scratchpad/src/org/apache/poi/hssf/record/formula/functions/Devsq.java,27.0,5.0,1.0,2.0,4.0,8.0,0,0.0,0.0,0.0,0,false
src/scratchpad/src/org/apache/poi/hssf/record/formula/functions/Dget.java,5.0,0.0,0.0,0.0,0.0,0.0,0,0.0,0.0,0.0,0,false
src/scratchpad/src/org/apache/poi/hssf/record/formula/functions/Dmax.java,5.0,0.0,0.0,0.0,0.0,0.0,0,0.0,0.0,0.0,0,false
src/scratchpad/src/org/apache/poi/hssf/record/formula/functions/Dmin.java,5.0,0.0,0.0,0.0,0.0,0.0,0,0.0,0.0,0.0,0,false
src/scratchpad/src/org/apache/poi/hssf/record/formula/functions/Dollar.java,29.0,6.0,0.0,1.0,3.0,6.0,0,0.0,0.0,0.0,0,false
src/scratchpad/src/org/apache/poi/hssf/record/formula/functions/Dproduct.java,5.0,0.0,0.0,0.0,0.0,0.0,0,0.0,0.0,0.0,0,false
src/scratchpad/src/org/apache/poi/hssf/record/formula/functions/Dstdev.java,5.0,0.0,0.0,0.0,0.0,0.0,0,0.0,0.0,0.0,0,false
src/scratchpad/src/org/apache/poi/hssf/record/formula/functions/Dstdevp.java,5.0,0.0,0.0,0.0,0.0,0.0,0,0.0,0.0,0.0,0,false
src/scratchpad/src/org/apache/poi/hssf/record/formula/functions/Dsum.java,5.0,0.0,0.0,0.0,0.0,0.0,0,0.0,0.0,0.0,0,false
src/scratchpad/src/org/apache/poi/hssf/record/formula/functions/Dvar.java,5.0,0.0,0.0,0.0,0.0,0.0,0,0.0,0.0,0.0,0,false
src/scratchpad/src/org/apache/poi/hssf/record/formula/functions/Dvarp.java,5.0,0.0,0.0,0.0,0.0,0.0,0,0.0,0.0,0.0,0,false
src/scratchpad/src/org/apache/poi/hssf/record/formula/functions/Echo.java,5.0,0.0,0.0,0.0,0.0,0.0,0,0.0,0.0,0.0,0,false
src/scratchpad/src/org/apache/poi/hssf/record/formula/functions/Error.java,5.0,0.0,0.0,0.0,0.0,0.0,0,0.0,0.0,0.0,0,false
src/scratchpad/src/org/apache/poi/hssf/record/formula/functions/Errortype.java,5.0,0.0,0.0,0.0,0.0,0.0,0,0.0,0.0,0.0,0,false
src/scratchpad/src/org/apache/poi/hssf/record/formula/functions/Evaluate.java,5.0,0.0,0.0,0.0,0.0,0.0,0,0.0,0.0,0.0,0,false
src/scratchpad/src/org/apache/poi/hssf/record/formula/functions/Even.java,32.0,6.0,0.0,1.0,4.0,7.0,0,0.0,0.0,0.0,0,false
src/scratchpad/src/org/apache/poi/hssf/record/formula/functions/Exact.java,47.0,7.0,0.0,1.0,3.0,6.0,0,0.0,0.0,0.0,0,false
src/scratchpad/src/org/apache/poi/hssf/record/formula/functions/Exec.java,5.0,0.0,0.0,0.0,0.0,0.0,0,0.0,0.0,0.0,0,false
src/scratchpad/src/org/apache/poi/hssf/record/formula/functions/Exp.java,30.0,6.0,0.0,1.0,4.0,6.0,0,0.0,0.0,0.0,0,false
src/scratchpad/src/org/apache/poi/hssf/record/formula/functions/Expondist.java,5.0,0.0,0.0,0.0,0.0,0.0,0,0.0,0.0,0.0,0,false
src/scratchpad/src/org/apache/poi/hssf/record/formula/functions/Fact.java,35.0,6.0,0.0,1.0,5.0,7.0,0,0.0,0.0,0.0,0,false
src/scratchpad/src/org/apache/poi/hssf/record/formula/functions/False.java,16.0,4.0,0.0,1.0,0.0,4.0,0,0.0,0.0,0.0,0,false
src/scratchpad/src/org/apache/poi/hssf/record/formula/functions/Fdist.java,5.0,0.0,0.0,0.0,0.0,0.0,0,0.0,0.0,0.0,0,false
src/scratchpad/src/org/apache/poi/hssf/record/formula/functions/Files.java,5.0,0.0,0.0,0.0,0.0,0.0,0,0.0,0.0,0.0,0,false
src/scratchpad/src/org/apache/poi/hssf/record/formula/functions/FinanceFunction.java,28.0,6.0,1.0,2.0,2.0,7.0,0,0.0,0.0,0.0,0,false
src/scratchpad/src/org/apache/poi/hssf/record/formula/functions/FinanceLib.java,148.0,0.0,15.0,6.0,4.0,22.0,0,0.0,0.0,0.0,0,false
src/scratchpad/src/org/apache/poi/hssf/record/formula/functions/Find.java,5.0,0.0,0.0,0.0,0.0,0.0,0,0.0,0.0,0.0,0,false
src/scratchpad/src/org/apache/poi/hssf/record/formula/functions/Findb.java,5.0,0.0,0.0,0.0,0.0,0.0,0,0.0,0.0,0.0,0,false
src/scratchpad/src/org/apache/poi/hssf/record/formula/functions/Finv.java,5.0,0.0,0.0,0.0,0.0,0.0,0,0.0,0.0,0.0,0,false
src/scratchpad/src/org/apache/poi/hssf/record/formula/functions/Fisher.java,5.0,0.0,0.0,0.0,0.0,0.0,0,0.0,0.0,0.0,0,false
src/scratchpad/src/org/apache/poi/hssf/record/formula/functions/Fisherinv.java,5.0,0.0,0.0,0.0,0.0,0.0,0,0.0,0.0,0.0,0,false
src/scratchpad/src/org/apache/poi/hssf/record/formula/functions/Fixed.java,5.0,0.0,0.0,0.0,0.0,0.0,0,0.0,0.0,0.0,0,false
src/scratchpad/src/org/apache/poi/hssf/record/formula/functions/Floor.java,43.0,6.0,0.0,1.0,5.0,6.0,0,0.0,0.0,0.0,0,false
src/scratchpad/src/org/apache/poi/hssf/record/formula/functions/Forecast.java,5.0,0.0,0.0,0.0,0.0,0.0,0,0.0,0.0,0.0,0,false
src/scratchpad/src/org/apache/poi/hssf/record/formula/functions/Formulaconvert.java,5.0,0.0,0.0,0.0,0.0,0.0,0,0.0,0.0,0.0,0,false
src/scratchpad/src/org/apache/poi/hssf/record/formula/functions/Fpos.java,5.0,0.0,0.0,0.0,0.0,0.0,0,0.0,0.0,0.0,0,false
src/scratchpad/src/org/apache/poi/hssf/record/formula/functions/Frequency.java,5.0,0.0,0.0,0.0,0.0,0.0,0,0.0,0.0,0.0,0,false
src/scratchpad/src/org/apache/poi/hssf/record/formula/functions/Ftest.java,5.0,0.0,0.0,0.0,0.0,0.0,0,0.0,0.0,0.0,0,false
src/scratchpad/src/org/apache/poi/hssf/record/formula/functions/Function.java,7.0,1.0,0.0,1.0,0.0,1.0,0,0.0,0.0,0.0,0,false
src/scratchpad/src/org/apache/poi/hssf/record/formula/functions/Fv.java,54.0,6.0,0.0,1.0,7.0,6.0,0,0.0,0.0,0.0,0,false
src/scratchpad/src/org/apache/poi/hssf/record/formula/functions/Gammadist.java,5.0,0.0,0.0,0.0,0.0,0.0,0,0.0,0.0,0.0,0,false
src/scratchpad/src/org/apache/poi/hssf/record/formula/functions/Gammainv.java,5.0,0.0,0.0,0.0,0.0,0.0,0,0.0,0.0,0.0,0,false
src/scratchpad/src/org/apache/poi/hssf/record/formula/functions/Gammaln.java,5.0,0.0,0.0,0.0,0.0,0.0,0,0.0,0.0,0.0,0,false
src/scratchpad/src/org/apache/poi/hssf/record/formula/functions/Geomean.java,5.0,0.0,0.0,0.0,0.0,0.0,0,0.0,0.0,0.0,0,false
src/scratchpad/src/org/apache/poi/hssf/record/formula/functions/Goto.java,5.0,0.0,0.0,0.0,0.0,0.0,0,0.0,0.0,0.0,0,false
src/scratchpad/src/org/apache/poi/hssf/record/formula/functions/Group.java,5.0,0.0,0.0,0.0,0.0,0.0,0,0.0,0.0,0.0,0,false
src/scratchpad/src/org/apache/poi/hssf/record/formula/functions/Growth.java,5.0,0.0,0.0,0.0,0.0,0.0,0,0.0,0.0,0.0,0,false
src/scratchpad/src/org/apache/poi/hssf/record/formula/functions/Halt.java,5.0,0.0,0.0,0.0,0.0,0.0,0,0.0,0.0,0.0,0,false
src/scratchpad/src/org/apache/poi/hssf/record/formula/functions/Harmean.java,5.0,0.0,0.0,0.0,0.0,0.0,0,0.0,0.0,0.0,0,false
src/scratchpad/src/org/apache/poi/hssf/record/formula/functions/Help.java,5.0,0.0,0.0,0.0,0.0,0.0,0,0.0,0.0,0.0,0,false
src/scratchpad/src/org/apache/poi/hssf/record/formula/functions/Hlookup.java,5.0,0.0,0.0,0.0,0.0,0.0,0,0.0,0.0,0.0,0,false
src/scratchpad/src/org/apache/poi/hssf/record/formula/functions/Hour.java,5.0,0.0,0.0,0.0,0.0,0.0,0,0.0,0.0,0.0,0,false
src/scratchpad/src/org/apache/poi/hssf/record/formula/functions/Hyperlink.java,5.0,0.0,0.0,0.0,0.0,0.0,0,0.0,0.0,0.0,0,false
src/scratchpad/src/org/apache/poi/hssf/record/formula/functions/Hypgeomdist.java,5.0,0.0,0.0,0.0,0.0,0.0,0,0.0,0.0,0.0,0,false
src/scratchpad/src/org/apache/poi/hssf/record/formula/functions/Index.java,5.0,0.0,0.0,0.0,0.0,0.0,0,0.0,0.0,0.0,0,false
src/scratchpad/src/org/apache/poi/hssf/record/formula/functions/Indirect.java,5.0,0.0,0.0,0.0,0.0,0.0,0,0.0,0.0,0.0,0,false
src/scratchpad/src/org/apache/poi/hssf/record/formula/functions/Info.java,5.0,0.0,0.0,0.0,0.0,0.0,0,0.0,0.0,0.0,0,false
src/scratchpad/src/org/apache/poi/hssf/record/formula/functions/Initiate.java,5.0,0.0,0.0,0.0,0.0,0.0,0,0.0,0.0,0.0,0,false
src/scratchpad/src/org/apache/poi/hssf/record/formula/functions/Input.java,5.0,0.0,0.0,0.0,0.0,0.0,0,0.0,0.0,0.0,0,false
src/scratchpad/src/org/apache/poi/hssf/record/formula/functions/Int.java,32.0,6.0,0.0,1.0,4.0,6.0,0,0.0,0.0,0.0,0,false
src/scratchpad/src/org/apache/poi/hssf/record/formula/functions/Intercept.java,5.0,0.0,0.0,0.0,0.0,0.0,0,0.0,0.0,0.0,0,false
src/scratchpad/src/org/apache/poi/hssf/record/formula/functions/Ipmt.java,5.0,0.0,0.0,0.0,0.0,0.0,0,0.0,0.0,0.0,0,false
src/scratchpad/src/org/apache/poi/hssf/record/formula/functions/Irr.java,5.0,0.0,0.0,0.0,0.0,0.0,0,0.0,0.0,0.0,0,false
src/scratchpad/src/org/apache/poi/hssf/record/formula/functions/IsError.java,57.0,6.0,0.0,1.0,9.0,6.0,0,0.0,0.0,0.0,0,false
src/scratchpad/src/org/apache/poi/hssf/record/formula/functions/IsNa.java,5.0,0.0,0.0,0.0,0.0,0.0,0,0.0,0.0,0.0,0,false
src/scratchpad/src/org/apache/poi/hssf/record/formula/functions/Isblank.java,56.0,7.0,0.0,1.0,10.0,7.0,0,0.0,0.0,0.0,0,false
src/scratchpad/src/org/apache/poi/hssf/record/formula/functions/Iserr.java,5.0,0.0,0.0,0.0,0.0,0.0,0,0.0,0.0,0.0,0,false
src/scratchpad/src/org/apache/poi/hssf/record/formula/functions/Islogical.java,5.0,0.0,0.0,0.0,0.0,0.0,0,0.0,0.0,0.0,0,false
src/scratchpad/src/org/apache/poi/hssf/record/formula/functions/Isnontext.java,5.0,0.0,0.0,0.0,0.0,0.0,0,0.0,0.0,0.0,0,false
src/scratchpad/src/org/apache/poi/hssf/record/formula/functions/Isnumber.java,5.0,0.0,0.0,0.0,0.0,0.0,0,0.0,0.0,0.0,0,false
src/scratchpad/src/org/apache/poi/hssf/record/formula/functions/Ispmt.java,5.0,0.0,0.0,0.0,0.0,0.0,0,0.0,0.0,0.0,0,false
src/scratchpad/src/org/apache/poi/hssf/record/formula/functions/Isref.java,5.0,0.0,0.0,0.0,0.0,0.0,0,0.0,0.0,0.0,0,false
src/scratchpad/src/org/apache/poi/hssf/record/formula/functions/Istext.java,5.0,0.0,0.0,0.0,0.0,0.0,0,0.0,0.0,0.0,0,false
src/scratchpad/src/org/apache/poi/hssf/record/formula/functions/Kurt.java,5.0,0.0,0.0,0.0,0.0,0.0,0,0.0,0.0,0.0,0,false
src/scratchpad/src/org/apache/poi/hssf/record/formula/functions/Large.java,30.0,5.0,1.0,2.0,5.0,8.0,0,0.0,0.0,0.0,0,false
src/scratchpad/src/org/apache/poi/hssf/record/formula/functions/Lasterror.java,5.0,0.0,0.0,0.0,0.0,0.0,0,0.0,0.0,0.0,0,false
src/scratchpad/src/org/apache/poi/hssf/record/formula/functions/Left.java,5.0,0.0,0.0,0.0,0.0,0.0,0,0.0,0.0,0.0,0,false
src/scratchpad/src/org/apache/poi/hssf/record/formula/functions/Leftb.java,5.0,0.0,0.0,0.0,0.0,0.0,0,0.0,0.0,0.0,0,false
src/scratchpad/src/org/apache/poi/hssf/record/formula/functions/Len.java,100.0,8.0,3.0,3.0,14.0,14.0,0,0.0,0.0,0.0,0,false
src/scratchpad/src/org/apache/poi/hssf/record/formula/functions/Lenb.java,5.0,0.0,0.0,0.0,0.0,0.0,0,0.0,0.0,0.0,0,false
src/scratchpad/src/org/apache/poi/hssf/record/formula/functions/Linest.java,5.0,0.0,0.0,0.0,0.0,0.0,0,0.0,0.0,0.0,0,false
src/scratchpad/src/org/apache/poi/hssf/record/formula/functions/Links.java,5.0,0.0,0.0,0.0,0.0,0.0,0,0.0,0.0,0.0,0,false
src/scratchpad/src/org/apache/poi/hssf/record/formula/functions/Ln.java,30.0,7.0,0.0,1.0,5.0,6.0,0,0.0,0.0,0.0,0,false
src/scratchpad/src/org/apache/poi/hssf/record/formula/functions/Log.java,47.0,7.0,0.0,1.0,5.0,6.0,0,0.0,0.0,0.0,0,false
src/scratchpad/src/org/apache/poi/hssf/record/formula/functions/Log10.java,31.0,6.0,0.0,1.0,5.0,6.0,0,0.0,0.0,0.0,0,false
src/scratchpad/src/org/apache/poi/hssf/record/formula/functions/Logest.java,5.0,0.0,0.0,0.0,0.0,0.0,0,0.0,0.0,0.0,0,false
src/scratchpad/src/org/apache/poi/hssf/record/formula/functions/Loginv.java,5.0,0.0,0.0,0.0,0.0,0.0,0,0.0,0.0,0.0,0,false
src/scratchpad/src/org/apache/poi/hssf/record/formula/functions/Lognormdist.java,5.0,0.0,0.0,0.0,0.0,0.0,0,0.0,0.0,0.0,0,false
src/scratchpad/src/org/apache/poi/hssf/record/formula/functions/Lookup.java,5.0,0.0,0.0,0.0,0.0,0.0,0,0.0,0.0,0.0,0,false
src/scratchpad/src/org/apache/poi/hssf/record/formula/functions/Lower.java,31.0,6.0,0.0,1.0,3.0,6.0,0,0.0,0.0,0.0,0,false
src/scratchpad/src/org/apache/poi/hssf/record/formula/functions/Match.java,5.0,0.0,0.0,0.0,0.0,0.0,0,0.0,0.0,0.0,0,false
src/scratchpad/src/org/apache/poi/hssf/record/formula/functions/MathX.java,495.0,0.0,325.0,26.0,35.0,93.0,0,0.0,0.0,0.0,0,false
src/scratchpad/src/org/apache/poi/hssf/record/formula/functions/Max.java,21.0,5.0,1.0,2.0,4.0,6.0,0,0.0,0.0,0.0,0,false
src/scratchpad/src/org/apache/poi/hssf/record/formula/functions/Maxa.java,21.0,5.0,1.0,2.0,4.0,6.0,0,0.0,0.0,0.0,0,false
src/scratchpad/src/org/apache/poi/hssf/record/formula/functions/Mdeterm.java,5.0,0.0,0.0,0.0,0.0,0.0,0,0.0,0.0,0.0,0,false
src/scratchpad/src/org/apache/poi/hssf/record/formula/functions/Median.java,27.0,5.0,1.0,2.0,4.0,8.0,0,0.0,0.0,0.0,0,false
src/scratchpad/src/org/apache/poi/hssf/record/formula/functions/Mid.java,5.0,0.0,0.0,0.0,0.0,0.0,0,0.0,0.0,0.0,0,true
src/scratchpad/src/org/apache/poi/hssf/record/formula/functions/Midb.java,5.0,0.0,0.0,0.0,0.0,0.0,0,0.0,0.0,0.0,0,false
src/scratchpad/src/org/apache/poi/hssf/record/formula/functions/Min.java,21.0,5.0,1.0,2.0,4.0,6.0,0,0.0,0.0,0.0,0,false
src/scratchpad/src/org/apache/poi/hssf/record/formula/functions/Mina.java,21.0,5.0,1.0,2.0,4.0,6.0,0,0.0,0.0,0.0,0,false
src/scratchpad/src/org/apache/poi/hssf/record/formula/functions/Minute.java,5.0,0.0,0.0,0.0,0.0,0.0,0,0.0,0.0,0.0,0,false
src/scratchpad/src/org/apache/poi/hssf/record/formula/functions/Minverse.java,5.0,0.0,0.0,0.0,0.0,0.0,0,0.0,0.0,0.0,0,false
src/scratchpad/src/org/apache/poi/hssf/record/formula/functions/Mirr.java,5.0,0.0,0.0,0.0,0.0,0.0,0,0.0,0.0,0.0,0,false
src/scratchpad/src/org/apache/poi/hssf/record/formula/functions/Mmult.java,5.0,0.0,0.0,0.0,0.0,0.0,0,0.0,0.0,0.0,0,false
src/scratchpad/src/org/apache/poi/hssf/record/formula/functions/Mod.java,48.0,6.0,0.0,1.0,5.0,6.0,0,0.0,0.0,0.0,0,false
src/scratchpad/src/org/apache/poi/hssf/record/formula/functions/Mode.java,27.0,5.0,1.0,2.0,4.0,8.0,0,0.0,0.0,0.0,0,false
src/scratchpad/src/org/apache/poi/hssf/record/formula/functions/Month.java,5.0,0.0,0.0,0.0,0.0,0.0,0,0.0,0.0,0.0,0,true
src/scratchpad/src/org/apache/poi/hssf/record/formula/functions/MultiOperandNumericFunction.java,166.0,8.0,21.0,7.0,12.0,36.0,0,0.0,0.0,0.0,0,false
src/scratchpad/src/org/apache/poi/hssf/record/formula/functions/N.java,5.0,0.0,0.0,0.0,0.0,0.0,0,0.0,0.0,0.0,0,false
src/scratchpad/src/org/apache/poi/hssf/record/formula/functions/Na.java,5.0,0.0,0.0,0.0,0.0,0.0,0,0.0,0.0,0.0,0,false
src/scratchpad/src/org/apache/poi/hssf/record/formula/functions/Names.java,5.0,0.0,0.0,0.0,0.0,0.0,0,0.0,0.0,0.0,0,false
src/scratchpad/src/org/apache/poi/hssf/record/formula/functions/Negbinomdist.java,5.0,0.0,0.0,0.0,0.0,0.0,0,0.0,0.0,0.0,0,false
src/scratchpad/src/org/apache/poi/hssf/record/formula/functions/Normdist.java,5.0,0.0,0.0,0.0,0.0,0.0,0,0.0,0.0,0.0,0,false
src/scratchpad/src/org/apache/poi/hssf/record/formula/functions/Norminv.java,5.0,0.0,0.0,0.0,0.0,0.0,0,0.0,0.0,0.0,0,false
src/scratchpad/src/org/apache/poi/hssf/record/formula/functions/Normsdist.java,5.0,0.0,0.0,0.0,0.0,0.0,0,0.0,0.0,0.0,0,false
src/scratchpad/src/org/apache/poi/hssf/record/formula/functions/Normsinv.java,5.0,0.0,0.0,0.0,0.0,0.0,0,0.0,0.0,0.0,0,false
src/scratchpad/src/org/apache/poi/hssf/record/formula/functions/Not.java,81.0,9.0,1.0,2.0,14.0,11.0,0,0.0,0.0,0.0,0,false
src/scratchpad/src/org/apache/poi/hssf/record/formula/functions/NotImplementedFunction.java,13.0,2.0,0.0,1.0,0.0,2.0,0,0.0,0.0,0.0,0,false
src/scratchpad/src/org/apache/poi/hssf/record/formula/functions/Note.java,5.0,0.0,0.0,0.0,0.0,0.0,0,0.0,0.0,0.0,0,false
src/scratchpad/src/org/apache/poi/hssf/record/formula/functions/Now.java,5.0,0.0,0.0,0.0,0.0,0.0,0,0.0,0.0,0.0,0,false
src/scratchpad/src/org/apache/poi/hssf/record/formula/functions/Nper.java,53.0,6.0,0.0,1.0,7.0,6.0,0,0.0,0.0,0.0,0,false
src/scratchpad/src/org/apache/poi/hssf/record/formula/functions/Npv.java,5.0,0.0,0.0,0.0,0.0,0.0,0,0.0,0.0,0.0,0,false
src/scratchpad/src/org/apache/poi/hssf/record/formula/functions/Numberstring.java,5.0,0.0,0.0,0.0,0.0,0.0,0,0.0,0.0,0.0,0,false
src/scratchpad/src/org/apache/poi/hssf/record/formula/functions/NumericFunction.java,53.0,5.0,1.0,2.0,10.0,7.0,0,0.0,0.0,0.0,0,false
src/scratchpad/src/org/apache/poi/hssf/record/formula/functions/Odd.java,32.0,6.0,0.0,1.0,4.0,7.0,0,0.0,0.0,0.0,0,false
src/scratchpad/src/org/apache/poi/hssf/record/formula/functions/Offset.java,5.0,0.0,0.0,0.0,0.0,0.0,0,0.0,0.0,0.0,0,false
src/scratchpad/src/org/apache/poi/hssf/record/formula/functions/Or.java,45.0,5.0,0.0,1.0,3.0,6.0,0,0.0,0.0,0.0,0,false
src/scratchpad/src/org/apache/poi/hssf/record/formula/functions/Pearson.java,5.0,0.0,0.0,0.0,0.0,0.0,0,0.0,0.0,0.0,0,false
src/scratchpad/src/org/apache/poi/hssf/record/formula/functions/Percentile.java,5.0,0.0,0.0,0.0,0.0,0.0,0,0.0,0.0,0.0,0,false
src/scratchpad/src/org/apache/poi/hssf/record/formula/functions/Percentrank.java,5.0,0.0,0.0,0.0,0.0,0.0,0,0.0,0.0,0.0,0,false
src/scratchpad/src/org/apache/poi/hssf/record/formula/functions/Permut.java,5.0,0.0,0.0,0.0,0.0,0.0,0,0.0,0.0,0.0,0,false
src/scratchpad/src/org/apache/poi/hssf/record/formula/functions/Pi.java,17.0,4.0,0.0,1.0,0.0,4.0,0,0.0,0.0,0.0,0,false
src/scratchpad/src/org/apache/poi/hssf/record/formula/functions/Pmt.java,53.0,6.0,0.0,1.0,7.0,6.0,0,0.0,0.0,0.0,0,true
src/scratchpad/src/org/apache/poi/hssf/record/formula/functions/Poisson.java,5.0,0.0,0.0,0.0,0.0,0.0,0,0.0,0.0,0.0,0,false
src/scratchpad/src/org/apache/poi/hssf/record/formula/functions/Power.java,43.0,6.0,0.0,1.0,4.0,6.0,0,0.0,0.0,0.0,0,false
src/scratchpad/src/org/apache/poi/hssf/record/formula/functions/Ppmt.java,5.0,0.0,0.0,0.0,0.0,0.0,0,0.0,0.0,0.0,0,false
src/scratchpad/src/org/apache/poi/hssf/record/formula/functions/Prob.java,5.0,0.0,0.0,0.0,0.0,0.0,0,0.0,0.0,0.0,0,false
src/scratchpad/src/org/apache/poi/hssf/record/formula/functions/Product.java,21.0,5.0,1.0,2.0,4.0,6.0,0,0.0,0.0,0.0,0,false
src/scratchpad/src/org/apache/poi/hssf/record/formula/functions/Proper.java,5.0,0.0,0.0,0.0,0.0,0.0,0,0.0,0.0,0.0,0,false
src/scratchpad/src/org/apache/poi/hssf/record/formula/functions/Pv.java,54.0,6.0,0.0,1.0,7.0,6.0,0,0.0,0.0,0.0,0,false
src/scratchpad/src/org/apache/poi/hssf/record/formula/functions/Quartile.java,5.0,0.0,0.0,0.0,0.0,0.0,0,0.0,0.0,0.0,0,false
src/scratchpad/src/org/apache/poi/hssf/record/formula/functions/Radians.java,30.0,6.0,0.0,1.0,5.0,6.0,0,0.0,0.0,0.0,0,false
src/scratchpad/src/org/apache/poi/hssf/record/formula/functions/Rand.java,16.0,4.0,0.0,1.0,1.0,4.0,0,0.0,0.0,0.0,0,false
src/scratchpad/src/org/apache/poi/hssf/record/formula/functions/Rank.java,5.0,0.0,0.0,0.0,0.0,0.0,0,0.0,0.0,0.0,0,false
src/scratchpad/src/org/apache/poi/hssf/record/formula/functions/Rate.java,5.0,0.0,0.0,0.0,0.0,0.0,0,0.0,0.0,0.0,0,false
src/scratchpad/src/org/apache/poi/hssf/record/formula/functions/Reftext.java,5.0,0.0,0.0,0.0,0.0,0.0,0,0.0,0.0,0.0,0,false
src/scratchpad/src/org/apache/poi/hssf/record/formula/functions/Relref.java,5.0,0.0,0.0,0.0,0.0,0.0,0,0.0,0.0,0.0,0,false
src/scratchpad/src/org/apache/poi/hssf/record/formula/functions/Replace.java,5.0,0.0,0.0,0.0,0.0,0.0,0,0.0,0.0,0.0,0,true
src/scratchpad/src/org/apache/poi/hssf/record/formula/functions/Replaceb.java,5.0,0.0,0.0,0.0,0.0,0.0,0,0.0,0.0,0.0,0,false
src/scratchpad/src/org/apache/poi/hssf/record/formula/functions/Rept.java,5.0,0.0,0.0,0.0,0.0,0.0,0,0.0,0.0,0.0,0,false
src/scratchpad/src/org/apache/poi/hssf/record/formula/functions/Request.java,5.0,0.0,0.0,0.0,0.0,0.0,0,0.0,0.0,0.0,0,false
src/scratchpad/src/org/apache/poi/hssf/record/formula/functions/Result.java,5.0,0.0,0.0,0.0,0.0,0.0,0,0.0,0.0,0.0,0,false
src/scratchpad/src/org/apache/poi/hssf/record/formula/functions/Right.java,5.0,0.0,0.0,0.0,0.0,0.0,0,0.0,0.0,0.0,0,false
src/scratchpad/src/org/apache/poi/hssf/record/formula/functions/Rightb.java,5.0,0.0,0.0,0.0,0.0,0.0,0,0.0,0.0,0.0,0,false
src/scratchpad/src/org/apache/poi/hssf/record/formula/functions/Roman.java,5.0,0.0,0.0,0.0,0.0,0.0,0,0.0,0.0,0.0,0,false
src/scratchpad/src/org/apache/poi/hssf/record/formula/functions/Round.java,49.0,6.0,0.0,1.0,5.0,6.0,0,0.0,0.0,0.0,0,false
src/scratchpad/src/org/apache/poi/hssf/record/formula/functions/Rounddown.java,49.0,6.0,0.0,1.0,5.0,6.0,0,0.0,0.0,0.0,0,false
src/scratchpad/src/org/apache/poi/hssf/record/formula/functions/Roundup.java,49.0,6.0,0.0,1.0,5.0,6.0,0,0.0,0.0,0.0,0,false
src/scratchpad/src/org/apache/poi/hssf/record/formula/functions/Row.java,32.0,6.0,0.0,1.0,2.0,6.0,0,0.0,0.0,0.0,0,false
src/scratchpad/src/org/apache/poi/hssf/record/formula/functions/Rows.java,5.0,0.0,0.0,0.0,0.0,0.0,0,0.0,0.0,0.0,0,false
src/scratchpad/src/org/apache/poi/hssf/record/formula/functions/Rsq.java,5.0,0.0,0.0,0.0,0.0,0.0,0,0.0,0.0,0.0,0,false
src/scratchpad/src/org/apache/poi/hssf/record/formula/functions/Search.java,5.0,0.0,0.0,0.0,0.0,0.0,0,0.0,0.0,0.0,0,false
src/scratchpad/src/org/apache/poi/hssf/record/formula/functions/Searchb.java,5.0,0.0,0.0,0.0,0.0,0.0,0,0.0,0.0,0.0,0,false
src/scratchpad/src/org/apache/poi/hssf/record/formula/functions/Second.java,5.0,0.0,0.0,0.0,0.0,0.0,0,0.0,0.0,0.0,0,false
src/scratchpad/src/org/apache/poi/hssf/record/formula/functions/Series.java,5.0,0.0,0.0,0.0,0.0,0.0,0,0.0,0.0,0.0,0,false
src/scratchpad/src/org/apache/poi/hssf/record/formula/functions/Setname.java,5.0,0.0,0.0,0.0,0.0,0.0,0,0.0,0.0,0.0,0,false
src/scratchpad/src/org/apache/poi/hssf/record/formula/functions/Setvalue.java,5.0,0.0,0.0,0.0,0.0,0.0,0,0.0,0.0,0.0,0,false
src/scratchpad/src/org/apache/poi/hssf/record/formula/functions/Sign.java,29.0,6.0,0.0,1.0,5.0,6.0,0,0.0,0.0,0.0,0,false
src/scratchpad/src/org/apache/poi/hssf/record/formula/functions/Sin.java,30.0,6.0,0.0,1.0,4.0,6.0,0,0.0,0.0,0.0,0,false
src/scratchpad/src/org/apache/poi/hssf/record/formula/functions/Sinh.java,30.0,6.0,0.0,1.0,5.0,6.0,0,0.0,0.0,0.0,0,false
src/scratchpad/src/org/apache/poi/hssf/record/formula/functions/Skew.java,5.0,0.0,0.0,0.0,0.0,0.0,0,0.0,0.0,0.0,0,false
src/scratchpad/src/org/apache/poi/hssf/record/formula/functions/Sln.java,5.0,0.0,0.0,0.0,0.0,0.0,0,0.0,0.0,0.0,0,false
src/scratchpad/src/org/apache/poi/hssf/record/formula/functions/Slope.java,5.0,0.0,0.0,0.0,0.0,0.0,0,0.0,0.0,0.0,0,false
src/scratchpad/src/org/apache/poi/hssf/record/formula/functions/Small.java,30.0,5.0,1.0,2.0,5.0,8.0,0,0.0,0.0,0.0,0,false
src/scratchpad/src/org/apache/poi/hssf/record/formula/functions/Sqrt.java,30.0,6.0,0.0,1.0,4.0,6.0,0,0.0,0.0,0.0,0,false
src/scratchpad/src/org/apache/poi/hssf/record/formula/functions/Standardize.java,5.0,0.0,0.0,0.0,0.0,0.0,0,0.0,0.0,0.0,0,false
src/scratchpad/src/org/apache/poi/hssf/record/formula/functions/StatsLib.java,131.0,1.0,28.0,8.0,7.0,32.0,0,0.0,0.0,0.0,0,false
src/scratchpad/src/org/apache/poi/hssf/record/formula/functions/Stdev.java,27.0,5.0,1.0,2.0,4.0,8.0,0,0.0,0.0,0.0,0,false
src/scratchpad/src/org/apache/poi/hssf/record/formula/functions/Stdeva.java,5.0,0.0,0.0,0.0,0.0,0.0,0,0.0,0.0,0.0,0,false
src/scratchpad/src/org/apache/poi/hssf/record/formula/functions/Stdevp.java,5.0,0.0,0.0,0.0,0.0,0.0,0,0.0,0.0,0.0,0,false
src/scratchpad/src/org/apache/poi/hssf/record/formula/functions/Stdevpa.java,5.0,0.0,0.0,0.0,0.0,0.0,0,0.0,0.0,0.0,0,false
src/scratchpad/src/org/apache/poi/hssf/record/formula/functions/Step.java,5.0,0.0,0.0,0.0,0.0,0.0,0,0.0,0.0,0.0,0,false
src/scratchpad/src/org/apache/poi/hssf/record/formula/functions/Steyx.java,5.0,0.0,0.0,0.0,0.0,0.0,0,0.0,0.0,0.0,0,false
src/scratchpad/src/org/apache/poi/hssf/record/formula/functions/Substitute.java,5.0,0.0,0.0,0.0,0.0,0.0,0,0.0,0.0,0.0,0,true
src/scratchpad/src/org/apache/poi/hssf/record/formula/functions/Subtotal.java,5.0,0.0,0.0,0.0,0.0,0.0,0,0.0,0.0,0.0,0,false
src/scratchpad/src/org/apache/poi/hssf/record/formula/functions/Sum.java,21.0,5.0,1.0,2.0,4.0,6.0,0,0.0,0.0,0.0,0,false
src/scratchpad/src/org/apache/poi/hssf/record/formula/functions/Sumif.java,5.0,0.0,0.0,0.0,0.0,0.0,0,0.0,0.0,0.0,0,false
src/scratchpad/src/org/apache/poi/hssf/record/formula/functions/Sumproduct.java,5.0,0.0,0.0,0.0,0.0,0.0,0,0.0,0.0,0.0,0,false
src/scratchpad/src/org/apache/poi/hssf/record/formula/functions/Sumsq.java,21.0,5.0,1.0,2.0,4.0,6.0,0,0.0,0.0,0.0,0,false
src/scratchpad/src/org/apache/poi/hssf/record/formula/functions/Sumx2my2.java,25.0,4.0,0.0,1.0,4.0,5.0,0,0.0,0.0,0.0,0,false
src/scratchpad/src/org/apache/poi/hssf/record/formula/functions/Sumx2py2.java,25.0,4.0,0.0,1.0,4.0,5.0,0,0.0,0.0,0.0,0,false
src/scratchpad/src/org/apache/poi/hssf/record/formula/functions/Sumxmy2.java,25.0,4.0,0.0,1.0,4.0,5.0,0,0.0,0.0,0.0,0,false
src/scratchpad/src/org/apache/poi/hssf/record/formula/functions/Syd.java,5.0,0.0,0.0,0.0,0.0,0.0,0,0.0,0.0,0.0,0,false
src/scratchpad/src/org/apache/poi/hssf/record/formula/functions/T.java,21.0,4.0,0.0,1.0,0.0,6.0,0,0.0,0.0,0.0,0,false
src/scratchpad/src/org/apache/poi/hssf/record/formula/functions/Tan.java,30.0,6.0,0.0,1.0,4.0,6.0,0,0.0,0.0,0.0,0,false
src/scratchpad/src/org/apache/poi/hssf/record/formula/functions/Tanh.java,30.0,6.0,0.0,1.0,5.0,6.0,0,0.0,0.0,0.0,0,false
src/scratchpad/src/org/apache/poi/hssf/record/formula/functions/Tdist.java,5.0,0.0,0.0,0.0,0.0,0.0,0,0.0,0.0,0.0,0,false
src/scratchpad/src/org/apache/poi/hssf/record/formula/functions/Text.java,5.0,0.0,0.0,0.0,0.0,0.0,0,0.0,0.0,0.0,0,false
src/scratchpad/src/org/apache/poi/hssf/record/formula/functions/TextFunction.java,73.0,7.0,1.0,2.0,10.0,8.0,0,0.0,0.0,0.0,0,false
src/scratchpad/src/org/apache/poi/hssf/record/formula/functions/Textref.java,5.0,0.0,0.0,0.0,0.0,0.0,0,0.0,0.0,0.0,0,false
src/scratchpad/src/org/apache/poi/hssf/record/formula/functions/Time.java,5.0,0.0,0.0,0.0,0.0,0.0,0,0.0,0.0,0.0,0,false
src/scratchpad/src/org/apache/poi/hssf/record/formula/functions/Timevalue.java,5.0,0.0,0.0,0.0,0.0,0.0,0,0.0,0.0,0.0,0,false
src/scratchpad/src/org/apache/poi/hssf/record/formula/functions/Tinv.java,5.0,0.0,0.0,0.0,0.0,0.0,0,0.0,0.0,0.0,0,false
src/scratchpad/src/org/apache/poi/hssf/record/formula/functions/Today.java,5.0,0.0,0.0,0.0,0.0,0.0,0,0.0,0.0,0.0,0,false
src/scratchpad/src/org/apache/poi/hssf/record/formula/functions/Transpose.java,5.0,0.0,0.0,0.0,0.0,0.0,0,0.0,0.0,0.0,0,false
src/scratchpad/src/org/apache/poi/hssf/record/formula/functions/Trend.java,5.0,0.0,0.0,0.0,0.0,0.0,0,0.0,0.0,0.0,0,false
src/scratchpad/src/org/apache/poi/hssf/record/formula/functions/Trim.java,5.0,0.0,0.0,0.0,0.0,0.0,0,0.0,0.0,0.0,0,false
src/scratchpad/src/org/apache/poi/hssf/record/formula/functions/Trimmean.java,5.0,0.0,0.0,0.0,0.0,0.0,0,0.0,0.0,0.0,0,false
src/scratchpad/src/org/apache/poi/hssf/record/formula/functions/True.java,16.0,4.0,0.0,1.0,0.0,4.0,0,0.0,0.0,0.0,0,false
src/scratchpad/src/org/apache/poi/hssf/record/formula/functions/Trunc.java,5.0,0.0,0.0,0.0,0.0,0.0,0,0.0,0.0,0.0,0,false
src/scratchpad/src/org/apache/poi/hssf/record/formula/functions/Ttest.java,5.0,0.0,0.0,0.0,0.0,0.0,0,0.0,0.0,0.0,0,false
src/scratchpad/src/org/apache/poi/hssf/record/formula/functions/Type.java,5.0,0.0,0.0,0.0,0.0,0.0,0,0.0,0.0,0.0,0,false
src/scratchpad/src/org/apache/poi/hssf/record/formula/functions/Upper.java,31.0,6.0,0.0,1.0,3.0,6.0,0,0.0,0.0,0.0,0,false
src/scratchpad/src/org/apache/poi/hssf/record/formula/functions/Usdollar.java,5.0,0.0,0.0,0.0,0.0,0.0,0,0.0,0.0,0.0,0,false
src/scratchpad/src/org/apache/poi/hssf/record/formula/functions/Value.java,5.0,0.0,0.0,0.0,0.0,0.0,0,0.0,0.0,0.0,0,false
src/scratchpad/src/org/apache/poi/hssf/record/formula/functions/Var.java,5.0,0.0,0.0,0.0,0.0,0.0,0,0.0,0.0,0.0,0,false
src/scratchpad/src/org/apache/poi/hssf/record/formula/functions/Vara.java,5.0,0.0,0.0,0.0,0.0,0.0,0,0.0,0.0,0.0,0,false
src/scratchpad/src/org/apache/poi/hssf/record/formula/functions/Varp.java,5.0,0.0,0.0,0.0,0.0,0.0,0,0.0,0.0,0.0,0,false
src/scratchpad/src/org/apache/poi/hssf/record/formula/functions/Varpa.java,5.0,0.0,0.0,0.0,0.0,0.0,0,0.0,0.0,0.0,0,false
src/scratchpad/src/org/apache/poi/hssf/record/formula/functions/Vdb.java,5.0,0.0,0.0,0.0,0.0,0.0,0,0.0,0.0,0.0,0,false
src/scratchpad/src/org/apache/poi/hssf/record/formula/functions/Vlookup.java,5.0,0.0,0.0,0.0,0.0,0.0,0,0.0,0.0,0.0,0,false
src/scratchpad/src/org/apache/poi/hssf/record/formula/functions/Volatile.java,5.0,0.0,0.0,0.0,0.0,0.0,0,0.0,0.0,0.0,0,false
src/scratchpad/src/org/apache/poi/hssf/record/formula/functions/Weekday.java,5.0,0.0,0.0,0.0,0.0,0.0,0,0.0,0.0,0.0,0,false
src/scratchpad/src/org/apache/poi/hssf/record/formula/functions/Weibull.java,5.0,0.0,0.0,0.0,0.0,0.0,0,0.0,0.0,0.0,0,false
src/scratchpad/src/org/apache/poi/hssf/record/formula/functions/XYNumericFunction.java,137.0,7.0,26.0,8.0,13.0,34.0,0,0.0,0.0,0.0,0,false
src/scratchpad/src/org/apache/poi/hssf/record/formula/functions/Year.java,5.0,0.0,0.0,0.0,0.0,0.0,0,0.0,0.0,0.0,0,true
src/scratchpad/src/org/apache/poi/hssf/record/formula/functions/Ztest.java,5.0,0.0,0.0,0.0,0.0,0.0,0,0.0,0.0,0.0,0,false
src/scratchpad/src/org/apache/poi/hssf/usermodel/HSSFFormulaEvaluator.java,557.0,71.0,0.0,13.0,90.0,60.0,0,0.0,0.0,0.0,0,true
src/scratchpad/testcases/org/apache/poi/hslf/TestReWrite.java,33.0,3.0,0.0,2.0,11.0,5.0,0,0.0,0.0,0.0,0,true
src/scratchpad/testcases/org/apache/poi/hslf/TestReWriteSanity.java,52.0,5.0,0.0,2.0,14.0,6.0,0,0.0,0.0,0.0,0,true
src/scratchpad/testcases/org/apache/poi/hslf/TestRecordCounts.java,44.0,2.0,0.0,4.0,10.0,16.0,0,0.0,0.0,0.0,0,false
src/scratchpad/testcases/org/apache/poi/hslf/extractor/TestCruddyExtractor.java,31.0,2.0,0.0,3.0,9.0,8.0,0,0.0,0.0,0.0,0,false
src/scratchpad/testcases/org/apache/poi/hslf/extractor/TextExtractor.java,36.0,1.0,0.0,3.0,11.0,8.0,0,0.0,0.0,0.0,0,true
src/scratchpad/testcases/org/apache/poi/hslf/model/TestSlideChangeNotes.java,26.0,5.0,0.0,3.0,15.0,6.0,0,0.0,0.0,0.0,0,false
src/scratchpad/testcases/org/apache/poi/hslf/record/TestColorSchemeAtom.java,47.0,2.0,4.0,5.0,18.0,11.0,0,0.0,0.0,0.0,0,false
src/scratchpad/testcases/org/apache/poi/hslf/record/TestDocumentAtom.java,47.0,2.0,0.0,6.0,23.0,13.0,0,0.0,0.0,0.0,0,false
src/scratchpad/testcases/org/apache/poi/hslf/record/TestFontCollection.java,34.0,3.0,0.0,3.0,10.0,6.0,1,0.0031645569620253164,78.13333333333334,277.2197466341973,1,false
src/scratchpad/testcases/org/apache/poi/hslf/record/TestNotesAtom.java,28.0,2.0,0.0,3.0,10.0,7.0,0,0.0,0.0,0.0,0,false
src/scratchpad/testcases/org/apache/poi/hslf/record/TestRecordTypes.java,27.0,1.0,6.0,4.0,8.0,8.0,1,0.0031645569620253164,78.13333333333334,277.2197466341973,1,false
src/scratchpad/testcases/org/apache/poi/hslf/record/TestSlideAtom.java,34.0,3.0,0.0,4.0,14.0,9.0,0,0.0,0.0,0.0,0,true
src/scratchpad/testcases/org/apache/poi/hslf/record/TestSlidePersistAtom.java,28.0,2.0,0.0,3.0,10.0,8.0,0,0.0,0.0,0.0,0,false
src/scratchpad/testcases/org/apache/poi/hslf/record/TestStyleTextPropAtom.java,66.0,3.0,0.0,6.0,21.0,14.0,1,0.0031645569620253164,78.13333333333334,277.2197466341973,1,true
src/scratchpad/testcases/org/apache/poi/hslf/record/TestTextBytesAtom.java,43.0,2.0,0.0,5.0,14.0,12.0,0,0.0,0.0,0.0,0,false
src/scratchpad/testcases/org/apache/poi/hslf/record/TestTextCharsAtom.java,43.0,2.0,0.0,5.0,13.0,12.0,0,0.0,0.0,0.0,0,false
src/scratchpad/testcases/org/apache/poi/hslf/record/TestTextHeaderAtom.java,31.0,2.0,0.0,3.0,7.0,7.0,0,0.0,0.0,0.0,0,false
src/scratchpad/testcases/org/apache/poi/hslf/record/TestUserEditAtom.java,30.0,2.0,0.0,3.0,12.0,7.0,0,0.0,0.0,0.0,0,false
src/scratchpad/testcases/org/apache/poi/hslf/usermodel/TestCounts.java,21.0,3.0,0.0,3.0,5.0,6.0,0,0.0,0.0,0.0,0,false
src/scratchpad/testcases/org/apache/poi/hslf/usermodel/TestMostRecentRecords.java,39.0,3.0,0.0,4.0,9.0,8.0,0,0.0,0.0,0.0,0,false
src/scratchpad/testcases/org/apache/poi/hslf/usermodel/TestNotesText.java,29.0,3.0,0.0,3.0,9.0,8.0,0,0.0,0.0,0.0,0,false
src/scratchpad/testcases/org/apache/poi/hslf/usermodel/TestSheetText.java,29.0,3.0,0.0,3.0,9.0,8.0,0,0.0,0.0,0.0,0,false
src/scratchpad/testcases/org/apache/poi/hssf/record/formula/eval/GenericFormulaTestCase.java,97.0,10.0,15.0,7.0,29.0,22.0,0,0.0,0.0,0.0,0,false
src/scratchpad/testcases/org/apache/poi/hssf/record/formula/eval/TestEverything.java,23.0,1.0,0.0,1.0,1.0,3.0,0,0.0,0.0,0.0,0,false
src/scratchpad/testcases/org/apache/poi/hssf/record/formula/functions/AbstractNumericTestCase.java,37.0,1.0,6.0,4.0,5.0,8.0,0,0.0,0.0,0.0,0,false
src/scratchpad/testcases/org/apache/poi/hssf/record/formula/functions/TestEverything.java,14.0,2.0,0.0,1.0,3.0,3.0,0,0.0,0.0,0.0,0,false
src/scratchpad/testcases/org/apache/poi/hssf/record/formula/functions/TestFinanceLib.java,239.0,0.0,10.0,5.0,10.0,5.0,0,0.0,0.0,0.0,0,false
src/scratchpad/testcases/org/apache/poi/hssf/record/formula/functions/TestMathX.java,967.0,0.0,276.0,24.0,48.0,24.0,0,0.0,0.0,0.0,0,false
src/scratchpad/testcases/org/apache/poi/hssf/record/formula/functions/TestStatsLib.java,191.0,0.0,21.0,7.0,12.0,7.0,0,0.0,0.0,0.0,0,false
src/testcases/org/apache/poi/hssf/model/TestFormulaParser.java,290.0,23.0,435.0,30.0,108.0,39.0,0,0.0,0.0,0.0,0,true
src/testcases/org/apache/poi/hssf/model/TestSheet.java,236.0,8.0,45.0,10.0,64.0,24.0,1,0.0031645569620253164,61.5,89.00121974407578,1,true
src/testcases/org/apache/poi/hssf/record/TestDrawingGroupRecord.java,89.0,4.0,0.0,4.0,20.0,9.0,0,0.0,0.0,0.0,0,false
src/testcases/org/apache/poi/hssf/usermodel/TestBugs.java,410.0,4.0,378.0,28.0,141.0,68.0,1,0.0031645569620253164,24.0,14.91919756463675,1,true
src/testcases/org/apache/poi/hssf/usermodel/TestFormulas.java,813.0,8.0,820.0,41.0,301.0,113.0,1,0.0031645569620253164,1783.4773519163764,86509.10481583735,1,true
src/testcases/org/apache/poi/hssf/usermodel/TestHSSFCell.java,190.0,16.0,21.0,7.0,90.0,15.0,1,0.0031645569620253164,1783.4773519163764,86509.10481583735,1,true
src/testcases/org/apache/poi/hssf/usermodel/TestHSSFSheet.java,306.0,13.0,153.0,18.0,150.0,34.0,0,0.0,0.0,0.0,0,true
src/testcases/org/apache/poi/hssf/usermodel/TestNamedRange.java,347.0,9.0,120.0,16.0,156.0,43.0,2,0.006329113924050633,1844.9773519163764,86598.10603558143,2,true
src/testcases/org/apache/poi/hssf/usermodel/TestUnfixedBugs.java,21.0,2.0,1.0,2.0,2.0,3.0,1,0.0031645569620253164,24.0,14.91919756463675,1,true
