name,LOC,CBO,LCOM,NOM,RFC,WMC,numOfChanges,bccm,structuralWorkloadSum,semanticWorkloadSum,numberOfDeveloper,isBuggy
src/contrib/src/org/apache/poi/contrib/poibrowser/POIBrowser.java,65.0,11.0,3.0,3.0,17.0,7.0,1,0.007751937984496124,246.0909090909091,2101.718359819719,1,false
src/contrib/src/org/apache/poi/contrib/poibrowser/PropertySetDescriptor.java,28.0,8.0,0.0,2.0,1.0,4.0,1,0.007751937984496124,246.0909090909091,2101.718359819719,1,false
src/contrib/src/org/apache/poi/contrib/poibrowser/PropertySetDescriptorRenderer.java,101.0,13.0,3.0,3.0,50.0,12.0,1,0.007751937984496124,246.0909090909091,2101.718359819719,1,false
src/examples/src/org/apache/poi/hpsf/examples/CopyCompare.java,319.0,31.0,3.0,3.0,26.0,22.0,0,0.0,0.0,0.0,0,false
src/examples/src/org/apache/poi/hpsf/examples/ModifyDocumentSummaryInformation.java,84.0,21.0,0.0,1.0,16.0,5.0,1,0.007751937984496124,246.0909090909091,2101.718359819719,1,true
src/examples/src/org/apache/poi/hpsf/examples/WriteAuthorAndTitle.java,222.0,29.0,0.0,1.0,6.0,3.0,0,0.0,0.0,0.0,0,false
src/java/org/apache/poi/hpsf/ClassID.java,137.0,1.0,0.0,10.0,5.0,27.0,1,0.007751937984496124,246.0909090909091,2101.718359819719,1,true
src/java/org/apache/poi/hpsf/Constants.java,98.0,0.0,0.0,0.0,0.0,0.0,1,0.007751937984496124,246.0909090909091,2101.718359819719,1,false
src/java/org/apache/poi/hpsf/CustomProperties.java,246.0,5.0,81.0,15.0,55.0,53.0,1,0.007751937984496124,246.0909090909091,2101.718359819719,1,true
src/java/org/apache/poi/hpsf/CustomProperty.java,76.0,0.0,9.0,7.0,6.0,14.0,1,0.007751937984496124,246.0909090909091,2101.718359819719,1,false
src/java/org/apache/poi/hpsf/DocumentSummaryInformation.java,441.0,4.0,1275.0,51.0,108.0,100.0,1,0.007751937984496124,246.0909090909091,2101.718359819719,1,true
src/java/org/apache/poi/hpsf/HPSFException.java,57.0,0.0,4.0,5.0,0.0,10.0,1,0.007751937984496124,246.0909090909091,2101.718359819719,1,false
src/java/org/apache/poi/hpsf/HPSFRuntimeException.java,87.0,2.0,8.0,8.0,7.0,15.0,1,0.007751937984496124,246.0909090909091,2101.718359819719,1,true
src/java/org/apache/poi/hpsf/IllegalPropertySetDataException.java,40.0,0.0,6.0,4.0,0.0,4.0,1,0.007751937984496124,246.0909090909091,2101.718359819719,1,false
src/java/org/apache/poi/hpsf/MarkUnsupportedException.java,38.0,0.0,6.0,4.0,0.0,4.0,1,0.007751937984496124,246.0909090909091,2101.718359819719,1,false
src/java/org/apache/poi/hpsf/MissingSectionException.java,40.0,0.0,6.0,4.0,0.0,4.0,1,0.007751937984496124,246.0909090909091,2101.718359819719,1,false
src/java/org/apache/poi/hpsf/MutablePropertySet.java,167.0,14.0,55.0,11.0,35.0,27.0,1,0.007751937984496124,246.0909090909091,2101.718359819719,1,true
src/java/org/apache/poi/hpsf/MutableSection.java,408.0,13.0,166.0,25.0,81.0,73.0,1,0.007751937984496124,246.0909090909091,2101.718359819719,1,true
src/java/org/apache/poi/hpsf/NoFormatIDException.java,38.0,0.0,6.0,4.0,0.0,4.0,1,0.007751937984496124,246.0909090909091,2101.718359819719,1,false
src/java/org/apache/poi/hpsf/NoSingleSectionException.java,41.0,0.0,6.0,4.0,0.0,4.0,1,0.007751937984496124,246.0909090909091,2101.718359819719,1,false
src/java/org/apache/poi/hpsf/Property.java,262.0,5.0,0.0,12.0,34.0,46.0,1,0.007751937984496124,246.0909090909091,2101.718359819719,1,true
src/java/org/apache/poi/hpsf/PropertySet.java,423.0,7.0,230.0,25.0,64.0,94.0,1,0.007751937984496124,246.0909090909091,2101.718359819719,1,true
src/java/org/apache/poi/hpsf/PropertySetFactory.java,64.0,5.0,3.0,3.0,7.0,17.0,1,0.007751937984496124,246.0909090909091,2101.718359819719,1,true
src/java/org/apache/poi/hpsf/ReadingNotSupportedException.java,20.0,0.0,0.0,1.0,0.0,1.0,1,0.007751937984496124,246.0909090909091,2101.718359819719,1,false
src/java/org/apache/poi/hpsf/Section.java,360.0,9.0,127.0,18.0,45.0,64.0,1,0.007751937984496124,246.0909090909091,2101.718359819719,1,true
src/java/org/apache/poi/hpsf/SpecialPropertySet.java,200.0,5.0,0.0,28.0,26.0,58.0,1,0.007751937984496124,246.0909090909091,2101.718359819719,1,true
src/java/org/apache/poi/hpsf/SummaryInformation.java,445.0,2.0,1485.0,55.0,95.0,89.0,1,0.007751937984496124,246.0909090909091,2101.718359819719,1,true
src/java/org/apache/poi/hpsf/Thumbnail.java,174.0,1.0,13.0,7.0,9.0,21.0,1,0.007751937984496124,246.0909090909091,2101.718359819719,1,true
src/java/org/apache/poi/hpsf/TypeWriter.java,125.0,3.0,28.0,8.0,17.0,33.0,1,0.007751937984496124,246.0909090909091,2101.718359819719,1,false
src/java/org/apache/poi/hpsf/UnexpectedPropertySetTypeException.java,46.0,0.0,6.0,4.0,0.0,6.0,1,0.007751937984496124,246.0909090909091,2101.718359819719,1,false
src/java/org/apache/poi/hpsf/UnsupportedVariantTypeException.java,20.0,1.0,0.0,1.0,2.0,2.0,1,0.007751937984496124,246.0909090909091,2101.718359819719,1,false
src/java/org/apache/poi/hpsf/Util.java,236.0,5.0,89.0,14.0,17.0,45.0,1,0.007751937984496124,246.0909090909091,2101.718359819719,1,false
src/java/org/apache/poi/hpsf/Variant.java,408.0,3.0,1.0,2.0,3.0,5.0,1,0.007751937984496124,246.0909090909091,2101.718359819719,1,true
src/java/org/apache/poi/hpsf/VariantSupport.java,343.0,8.0,13.0,6.0,35.0,32.0,1,0.007751937984496124,246.0909090909091,2101.718359819719,1,true
src/java/org/apache/poi/hpsf/WritingNotSupportedException.java,20.0,0.0,0.0,1.0,0.0,1.0,1,0.007751937984496124,246.0909090909091,2101.718359819719,1,false
src/java/org/apache/poi/hpsf/wellknown/PropertyIDMap.java,311.0,3.0,21.0,7.0,9.0,20.0,1,0.007751937984496124,246.0909090909091,2101.718359819719,1,true
src/java/org/apache/poi/hpsf/wellknown/SectionIDMap.java,110.0,1.0,15.0,6.0,7.0,20.0,1,0.007751937984496124,246.0909090909091,2101.718359819719,1,false
src/java/org/apache/poi/hssf/model/Sheet.java,1821.0,11.0,6739.0,130.0,410.0,371.0,0,0.0,0.0,0.0,0,true
src/java/org/apache/poi/hssf/record/FormulaRecord.java,333.0,4.0,381.0,34.0,59.0,93.0,0,0.0,0.0,0.0,0,true
src/java/org/apache/poi/hssf/record/LinkedDataFormulaField.java,52.0,4.0,0.0,8.0,17.0,21.0,0,0.0,0.0,0.0,0,false
src/java/org/apache/poi/hssf/record/NameRecord.java,676.0,12.0,1366.0,60.0,81.0,133.0,0,0.0,0.0,0.0,0,true
src/java/org/apache/poi/hssf/record/RecordInputStream.java,219.0,4.0,139.0,26.0,44.0,72.0,0,0.0,0.0,0.0,0,true
src/java/org/apache/poi/hssf/record/UnicodeString.java,580.0,8.0,235.0,35.0,93.0,109.0,0,0.0,0.0,0.0,0,true
src/java/org/apache/poi/hssf/record/aggregates/ColumnInfoRecordsAggregate.java,337.0,6.0,0.0,25.0,112.0,81.0,0,0.0,0.0,0.0,0,true
src/java/org/apache/poi/hssf/record/formula/ArrayPtg.java,181.0,10.0,27.0,14.0,26.0,38.0,0,0.0,0.0,0.0,0,true
src/java/org/apache/poi/hssf/record/formula/ArrayPtgA.java,33.0,10.0,3.0,3.0,3.0,5.0,0,0.0,0.0,0.0,0,true
src/java/org/apache/poi/hssf/record/formula/ArrayPtgV.java,37.0,10.0,3.0,3.0,3.0,5.0,0,0.0,0.0,0.0,0,true
src/java/org/apache/poi/hssf/record/formula/Ptg.java,284.0,5.0,76.0,13.0,24.0,37.0,0,0.0,0.0,0.0,0,true
src/java/org/apache/poi/hssf/usermodel/HSSFSheet.java,943.0,12.0,0.0,96.0,222.0,227.0,0,0.0,0.0,0.0,0,true
src/java/org/apache/poi/util/LittleEndian.java,409.0,3.0,630.0,36.0,40.0,88.0,1,0.007751937984496124,246.0909090909091,2101.718359819719,1,true
src/scratchpad/src/org/apache/poi/hslf/HSLFSlideShow.java,277.0,12.0,97.0,19.0,45.0,61.0,1,0.007751937984496124,482.7792207792208,9867.647897132652,1,true
src/scratchpad/src/org/apache/poi/hslf/dev/SlideShowDumper.java,285.0,8.0,48.0,13.0,43.0,46.0,0,0.0,0.0,0.0,0,false
src/scratchpad/src/org/apache/poi/hslf/extractor/QuickButCruddyTextExtractor.java,144.0,15.0,22.0,8.0,23.0,25.0,1,0.007751937984496124,482.7792207792208,9867.647897132652,1,false
src/scratchpad/src/org/apache/poi/hslf/model/Ellipse.java,26.0,2.0,6.0,4.0,6.0,5.0,1,0.007751937984496124,482.7792207792208,9867.647897132652,1,true
src/scratchpad/src/org/apache/poi/hslf/model/Line.java,81.0,2.0,6.0,4.0,5.0,5.0,1,0.007751937984496124,482.7792207792208,9867.647897132652,1,true
src/scratchpad/src/org/apache/poi/hslf/model/Notes.java,44.0,1.0,2.0,5.0,6.0,10.0,1,0.007751937984496124,482.7792207792208,9867.647897132652,1,true
src/scratchpad/src/org/apache/poi/hslf/model/PPGraphics2D.java,292.0,11.0,2420.0,72.0,36.0,153.0,1,0.007751937984496124,482.7792207792208,9867.647897132652,1,true
src/scratchpad/src/org/apache/poi/hslf/model/Picture.java,101.0,7.0,10.0,5.0,15.0,11.0,1,0.007751937984496124,482.7792207792208,9867.647897132652,1,true
src/scratchpad/src/org/apache/poi/hslf/model/Rectangle.java,27.0,2.0,6.0,4.0,6.0,5.0,1,0.007751937984496124,482.7792207792208,9867.647897132652,1,true
src/scratchpad/src/org/apache/poi/hslf/model/Shape.java,151.0,4.0,33.0,11.0,44.0,30.0,1,0.007751937984496124,482.7792207792208,9867.647897132652,1,true
src/scratchpad/src/org/apache/poi/hslf/model/ShapeFactory.java,36.0,2.0,0.0,1.0,3.0,5.0,1,0.007751937984496124,482.7792207792208,9867.647897132652,1,true
src/scratchpad/src/org/apache/poi/hslf/model/ShapeGroup.java,97.0,3.0,21.0,7.0,29.0,12.0,1,0.007751937984496124,482.7792207792208,9867.647897132652,1,true
src/scratchpad/src/org/apache/poi/hslf/model/ShapeTypes.java,234.0,2.0,0.0,1.0,1.0,2.0,1,0.007751937984496124,482.7792207792208,9867.647897132652,1,true
src/scratchpad/src/org/apache/poi/hslf/model/Sheet.java,114.0,8.0,21.0,7.0,27.0,16.0,1,0.007751937984496124,482.7792207792208,9867.647897132652,1,true
src/scratchpad/src/org/apache/poi/hslf/model/SimpleShape.java,101.0,3.0,36.0,9.0,35.0,16.0,1,0.007751937984496124,482.7792207792208,9867.647897132652,1,true
src/scratchpad/src/org/apache/poi/hslf/model/Slide.java,103.0,4.0,2.0,9.0,10.0,22.0,1,0.007751937984496124,482.7792207792208,9867.647897132652,1,true
src/scratchpad/src/org/apache/poi/hslf/model/TextRun.java,252.0,5.0,22.0,12.0,51.0,39.0,1,0.007751937984496124,482.7792207792208,9867.647897132652,1,true
src/scratchpad/src/org/apache/poi/hslf/record/CString.java,75.0,4.0,0.0,8.0,8.0,15.0,0,0.0,0.0,0.0,0,true
src/scratchpad/src/org/apache/poi/hslf/record/ColorSchemeAtom.java,209.0,4.0,133.0,23.0,12.0,59.0,1,0.007751937984496124,482.7792207792208,9867.647897132652,1,true
src/scratchpad/src/org/apache/poi/hslf/record/Comment2000.java,128.0,3.0,36.0,12.0,14.0,22.0,1,0.007751937984496124,482.7792207792208,9867.647897132652,1,false
src/scratchpad/src/org/apache/poi/hslf/record/Comment2000Atom.java,108.0,5.0,0.0,12.0,13.0,19.0,1,0.007751937984496124,482.7792207792208,9867.647897132652,1,false
src/scratchpad/src/org/apache/poi/hslf/record/Document.java,101.0,2.0,12.0,8.0,6.0,23.0,1,0.007751937984496124,482.7792207792208,9867.647897132652,1,true
src/scratchpad/src/org/apache/poi/hslf/record/Environment.java,44.0,2.0,0.0,4.0,3.0,10.0,1,0.007751937984496124,482.7792207792208,9867.647897132652,1,true
src/scratchpad/src/org/apache/poi/hslf/record/FontCollection.java,63.0,3.0,2.0,5.0,15.0,13.0,1,0.007751937984496124,482.7792207792208,9867.647897132652,1,true
src/scratchpad/src/org/apache/poi/hslf/record/PPDrawing.java,184.0,7.0,21.0,10.0,32.0,22.0,1,0.007751937984496124,482.7792207792208,9867.647897132652,1,true
src/scratchpad/src/org/apache/poi/hslf/record/PPDrawingGroup.java,72.0,7.0,4.0,5.0,17.0,12.0,1,0.007751937984496124,482.7792207792208,9867.647897132652,1,true
src/scratchpad/src/org/apache/poi/hslf/record/PersistPtrHolder.java,133.0,5.0,0.0,8.0,18.0,22.0,1,0.007751937984496124,482.7792207792208,9867.647897132652,1,true
src/scratchpad/src/org/apache/poi/hslf/record/PositionDependentRecordContainer.java,46.0,1.0,6.0,5.0,0.0,9.0,1,0.007751937984496124,482.7792207792208,9867.647897132652,1,false
src/scratchpad/src/org/apache/poi/hslf/record/Record.java,121.0,6.0,28.0,8.0,16.0,28.0,0,0.0,0.0,0.0,0,true
src/scratchpad/src/org/apache/poi/hslf/record/RecordContainer.java,136.0,5.0,2.0,8.0,13.0,24.0,1,0.007751937984496124,482.7792207792208,9867.647897132652,1,true
src/scratchpad/src/org/apache/poi/hslf/record/RecordTypes.java,228.0,2.0,1.0,2.0,2.0,6.0,1,0.007751937984496124,482.7792207792208,9867.647897132652,1,true
src/scratchpad/src/org/apache/poi/hslf/record/Slide.java,67.0,3.0,0.0,6.0,5.0,12.0,1,0.007751937984496124,482.7792207792208,9867.647897132652,1,true
src/scratchpad/src/org/apache/poi/hslf/record/SlideAtom.java,210.0,3.0,15.0,14.0,9.0,30.0,1,0.007751937984496124,482.7792207792208,9867.647897132652,1,true
src/scratchpad/src/org/apache/poi/hslf/record/SlideListWithText.java,125.0,4.0,0.0,6.0,10.0,13.0,1,0.007751937984496124,482.7792207792208,9867.647897132652,1,true
src/scratchpad/src/org/apache/poi/hslf/record/SlidePersistAtom.java,99.0,3.0,7.0,10.0,6.0,22.0,1,0.007751937984496124,482.7792207792208,9867.647897132652,1,true
src/scratchpad/src/org/apache/poi/hslf/record/StyleTextPropAtom.java,469.0,6.0,0.0,10.0,15.0,25.0,1,0.007751937984496124,482.7792207792208,9867.647897132652,1,true
src/scratchpad/src/org/apache/poi/hslf/record/UserEditAtom.java,109.0,4.0,22.0,13.0,7.0,24.0,1,0.007751937984496124,482.7792207792208,9867.647897132652,1,true
src/scratchpad/src/org/apache/poi/hslf/usermodel/PictureData.java,114.0,6.0,0.0,11.0,11.0,25.0,1,0.007751937984496124,482.7792207792208,9867.647897132652,1,true
src/scratchpad/src/org/apache/poi/hslf/usermodel/RichTextRun.java,247.0,4.0,264.0,28.0,37.0,56.0,1,0.007751937984496124,482.7792207792208,9867.647897132652,1,true
src/scratchpad/src/org/apache/poi/hslf/usermodel/SlideShow.java,415.0,25.0,58.0,16.0,100.0,51.0,1,0.007751937984496124,482.7792207792208,9867.647897132652,1,true
src/scratchpad/src/org/apache/poi/hslf/util/SystemTimeUtils.java,56.0,4.0,6.0,4.0,8.0,6.0,1,0.007751937984496124,482.7792207792208,9867.647897132652,1,false
src/scratchpad/src/org/apache/poi/hwpf/HWPFDocument.java,284.0,18.0,117.0,19.0,83.0,45.0,1,0.007751937984496124,482.7792207792208,9867.647897132652,1,true
src/scratchpad/src/org/apache/poi/hwpf/extractor/WordExtractor.java,90.0,9.0,4.0,5.0,20.0,19.0,1,0.007751937984496124,482.7792207792208,9867.647897132652,1,false
src/scratchpad/testcases/org/apache/poi/hslf/model/TestPPGraphics2D.java,43.0,7.0,0.0,2.0,20.0,4.0,1,0.007751937984496124,482.7792207792208,9867.647897132652,1,false
src/scratchpad/testcases/org/apache/poi/hslf/model/TestShapes.java,41.0,7.0,0.0,2.0,18.0,4.0,1,0.007751937984496124,482.7792207792208,9867.647897132652,1,true
src/scratchpad/testcases/org/apache/poi/hslf/model/TestSlides.java,86.0,5.0,6.0,4.0,37.0,8.0,1,0.007751937984496124,482.7792207792208,9867.647897132652,1,false
src/scratchpad/testcases/org/apache/poi/hslf/model/TestTextRun.java,288.0,8.0,0.0,10.0,88.0,22.0,1,0.007751937984496124,482.7792207792208,9867.647897132652,1,true
src/scratchpad/testcases/org/apache/poi/hslf/record/TestCString.java,68.0,2.0,0.0,5.0,17.0,13.0,0,0.0,0.0,0.0,0,false
src/scratchpad/testcases/org/apache/poi/hslf/record/TestComment2000.java,92.0,4.0,0.0,6.0,33.0,15.0,1,0.007751937984496124,482.7792207792208,9867.647897132652,1,false
src/scratchpad/testcases/org/apache/poi/hslf/record/TestComment2000Atom.java,75.0,4.0,0.0,7.0,29.0,17.0,1,0.007751937984496124,482.7792207792208,9867.647897132652,1,false
src/scratchpad/testcases/org/apache/poi/hslf/record/TestDocument.java,51.0,4.0,8.0,5.0,19.0,13.0,1,0.007751937984496124,482.7792207792208,9867.647897132652,1,false
src/scratchpad/testcases/org/apache/poi/hslf/record/TestFontCollection.java,38.0,3.0,0.0,3.0,12.0,6.0,1,0.007751937984496124,482.7792207792208,9867.647897132652,1,false
src/scratchpad/testcases/org/apache/poi/hslf/record/TestRecordContainer.java,90.0,2.0,0.0,5.0,13.0,11.0,1,0.007751937984496124,482.7792207792208,9867.647897132652,1,true
src/scratchpad/testcases/org/apache/poi/hslf/record/TestStyleTextPropAtom.java,276.0,4.0,0.0,11.0,69.0,26.0,1,0.007751937984496124,482.7792207792208,9867.647897132652,1,true
src/scratchpad/testcases/org/apache/poi/hslf/usermodel/TestCounts.java,30.0,3.0,0.0,3.0,9.0,6.0,1,0.007751937984496124,482.7792207792208,9867.647897132652,1,false
src/scratchpad/testcases/org/apache/poi/hslf/usermodel/TestPictures.java,50.0,13.0,1.0,3.0,19.0,7.0,1,0.007751937984496124,482.7792207792208,9867.647897132652,1,true
src/scratchpad/testcases/org/apache/poi/hslf/usermodel/TestRichTextRun.java,137.0,6.0,0.0,5.0,46.0,11.0,1,0.007751937984496124,482.7792207792208,9867.647897132652,1,true
src/scratchpad/testcases/org/apache/poi/hslf/util/TestSystemTimeUtils.java,39.0,3.0,0.0,4.0,15.0,10.0,1,0.007751937984496124,482.7792207792208,9867.647897132652,1,false
src/scratchpad/testcases/org/apache/poi/hwpf/extractor/TestDifferentRoutes.java,49.0,7.0,0.0,3.0,16.0,9.0,1,0.007751937984496124,482.7792207792208,9867.647897132652,1,false
src/scratchpad/testcases/org/apache/poi/hwpf/extractor/TestWordExtractor.java,45.0,7.0,0.0,4.0,8.0,8.0,1,0.007751937984496124,482.7792207792208,9867.647897132652,1,false
src/testcases/org/apache/poi/hpsf/basic/AllDataFilesTester.java,47.0,3.0,1.0,2.0,13.0,9.0,1,0.007751937984496124,246.0909090909091,2101.718359819719,1,false
src/testcases/org/apache/poi/hpsf/basic/TestBasic.java,145.0,19.0,16.0,9.0,43.0,31.0,1,0.007751937984496124,246.0909090909091,2101.718359819719,1,false
src/testcases/org/apache/poi/hpsf/basic/TestClassID.java,74.0,6.0,10.0,5.0,11.0,10.0,1,0.007751937984496124,246.0909090909091,2101.718359819719,1,false
src/testcases/org/apache/poi/hpsf/basic/TestEmptyProperties.java,110.0,16.0,3.0,6.0,33.0,21.0,1,0.007751937984496124,246.0909090909091,2101.718359819719,1,false
src/testcases/org/apache/poi/hpsf/basic/TestMetaDataIPI.java,606.0,21.0,35.0,14.0,149.0,35.0,1,0.007751937984496124,246.0909090909091,2101.718359819719,1,true
src/testcases/org/apache/poi/hpsf/basic/TestUnicode.java,57.0,13.0,4.0,4.0,13.0,11.0,1,0.007751937984496124,246.0909090909091,2101.718359819719,1,true
src/testcases/org/apache/poi/hpsf/basic/TestWrite.java,587.0,44.0,217.0,22.0,184.0,85.0,1,0.007751937984496124,246.0909090909091,2101.718359819719,1,true
src/testcases/org/apache/poi/hpsf/basic/TestWriteWellKnown.java,509.0,34.0,55.0,11.0,193.0,42.0,1,0.007751937984496124,246.0909090909091,2101.718359819719,1,true
src/testcases/org/apache/poi/hssf/usermodel/TestBugs.java,423.0,4.0,406.0,29.0,145.0,70.0,0,0.0,0.0,0.0,0,true
src/testcases/org/apache/poi/hssf/usermodel/TestHSSFSheet.java,334.0,13.0,190.0,20.0,165.0,37.0,0,0.0,0.0,0.0,0,true
src/testcases/org/apache/poi/hssf/usermodel/TestUnicodeWorkbook.java,79.0,5.0,3.0,3.0,42.0,6.0,0,0.0,0.0,0.0,0,true
