name,LOC,CBO,LCOM,NOM,RFC,WMC,numOfChanges,bccm,structuralWorkloadSum,semanticWorkloadSum,numberOfDeveloper,isBuggy
src/examples/src/org/apache/poi/hssf/usermodel/examples/OfficeDrawing.java,202.0,2.0,66.0,12.0,80.0,21.0,1,0.009615384615384616,327.75757575757575,1484.8516893995734,1,false
src/java/org/apache/poi/POIDocument.java,163.0,17.0,33.0,10.0,31.0,35.0,1,0.009615384615384616,687.7391304347826,33809.99999999999,1,true
src/java/org/apache/poi/POITextExtractor.java,31.0,0.0,1.0,2.0,0.0,6.0,1,0.009615384615384616,687.7391304347826,33809.99999999999,1,true
src/java/org/apache/poi/ddf/DefaultEscherRecordFactory.java,86.0,4.0,3.0,3.0,11.0,13.0,0,0.0,0.0,0.0,0,true
src/java/org/apache/poi/ddf/EscherBitmapBlip.java,85.0,3.0,0.0,8.0,18.0,18.0,0,0.0,0.0,0.0,0,true
src/java/org/apache/poi/ddf/EscherBlipRecord.java,77.0,3.0,0.0,8.0,16.0,19.0,0,0.0,0.0,0.0,0,true
src/java/org/apache/poi/ddf/EscherMetafileBlip.java,192.0,10.0,50.0,17.0,26.0,36.0,0,0.0,0.0,0.0,0,true
src/java/org/apache/poi/ddf/EscherPictBlip.java,192.0,10.0,50.0,17.0,26.0,36.0,1,0.009615384615384616,327.75757575757575,1484.8516893995734,1,true
src/java/org/apache/poi/hssf/dev/BiffViewer.java,544.0,7.0,7.0,7.0,29.0,24.0,0,0.0,0.0,0.0,0,true
src/java/org/apache/poi/hssf/eventusermodel/HSSFEventFactory.java,128.0,5.0,15.0,6.0,13.0,25.0,1,0.009615384615384616,327.75757575757575,1484.8516893995734,1,true
src/java/org/apache/poi/hssf/extractor/ExcelExtractor.java,105.0,8.0,4.0,5.0,18.0,15.0,1,0.009615384615384616,687.7391304347826,33809.99999999999,1,true
src/java/org/apache/poi/hssf/model/ConvertAnchor.java,34.0,6.0,0.0,1.0,22.0,4.0,0,0.0,0.0,0.0,0,true
src/java/org/apache/poi/hssf/model/FormulaParser.java,846.0,5.0,764.0,56.0,196.0,165.0,1,0.009615384615384616,687.7391304347826,33809.99999999999,1,true
src/java/org/apache/poi/hssf/model/Sheet.java,1997.0,12.0,7654.0,140.0,456.0,411.0,1,0.009615384615384616,687.7391304347826,33809.99999999999,1,true
src/java/org/apache/poi/hssf/model/SimpleFilledShape.java,73.0,7.0,7.0,6.0,20.0,17.0,0,0.0,0.0,0.0,0,true
src/java/org/apache/poi/hssf/model/TextboxShape.java,108.0,3.0,16.0,8.0,35.0,18.0,0,0.0,0.0,0.0,0,true
src/java/org/apache/poi/hssf/model/Workbook.java,1770.0,10.0,3194.0,93.0,360.0,277.0,1,0.009615384615384616,327.75757575757575,1484.8516893995734,1,true
src/java/org/apache/poi/hssf/model/WorkbookRecordList.java,142.0,4.0,238.0,28.0,47.0,46.0,0,0.0,0.0,0.0,0,true
src/java/org/apache/poi/hssf/record/AbstractEscherHolderRecord.java,156.0,8.0,50.0,21.0,37.0,45.0,0,0.0,0.0,0.0,0,true
src/java/org/apache/poi/hssf/record/AreaFormatRecord.java,194.0,1.0,152.0,25.0,21.0,61.0,0,0.0,0.0,0.0,0,true
src/java/org/apache/poi/hssf/record/AreaRecord.java,120.0,1.0,20.0,17.0,17.0,41.0,0,0.0,0.0,0.0,0,true
src/java/org/apache/poi/hssf/record/AxisLineFormatRecord.java,86.0,1.0,29.0,11.0,8.0,22.0,0,0.0,0.0,0.0,0,true
src/java/org/apache/poi/hssf/record/AxisOptionsRecord.java,344.0,1.0,365.0,43.0,40.0,88.0,0,0.0,0.0,0.0,0,true
src/java/org/apache/poi/hssf/record/AxisParentRecord.java,152.0,1.0,89.0,19.0,14.0,42.0,0,0.0,0.0,0.0,0,true
src/java/org/apache/poi/hssf/record/AxisRecord.java,155.0,1.0,89.0,19.0,14.0,42.0,0,0.0,0.0,0.0,0,true
src/java/org/apache/poi/hssf/record/AxisUsedRecord.java,72.0,1.0,29.0,11.0,8.0,22.0,0,0.0,0.0,0.0,0,true
src/java/org/apache/poi/hssf/record/BOFRecord.java,214.0,1.0,142.0,21.0,20.0,37.0,1,0.009615384615384616,687.7391304347826,33809.99999999999,1,true
src/java/org/apache/poi/hssf/record/BackupRecord.java,62.0,1.0,33.0,10.0,8.0,17.0,0,0.0,0.0,0.0,0,true
src/java/org/apache/poi/hssf/record/BarRecord.java,172.0,1.0,63.0,23.0,22.0,56.0,0,0.0,0.0,0.0,0,true
src/java/org/apache/poi/hssf/record/BeginRecord.java,42.0,1.0,22.0,8.0,4.0,14.0,0,0.0,0.0,0.0,0,true
src/java/org/apache/poi/hssf/record/BlankRecord.java,185.0,1.0,193.0,22.0,23.0,54.0,0,0.0,0.0,0.0,0,true
src/java/org/apache/poi/hssf/record/BookBoolRecord.java,62.0,1.0,27.0,10.0,7.0,17.0,0,0.0,0.0,0.0,0,true
src/java/org/apache/poi/hssf/record/BoolErrRecord.java,240.0,1.0,292.0,29.0,27.0,73.0,0,0.0,0.0,0.0,0,true
src/java/org/apache/poi/hssf/record/BottomMarginRecord.java,69.0,1.0,29.0,11.0,7.0,22.0,0,0.0,0.0,0.0,0,true
src/java/org/apache/poi/hssf/record/BoundSheetRecord.java,168.0,2.0,117.0,19.0,30.0,41.0,0,0.0,0.0,0.0,0,true
src/java/org/apache/poi/hssf/record/CalcCountRecord.java,72.0,1.0,37.0,11.0,8.0,21.0,0,0.0,0.0,0.0,0,true
src/java/org/apache/poi/hssf/record/CalcModeRecord.java,88.0,1.0,37.0,11.0,8.0,21.0,0,0.0,0.0,0.0,0,true
src/java/org/apache/poi/hssf/record/CategorySeriesAxisRecord.java,174.0,1.0,95.0,23.0,20.0,46.0,0,0.0,0.0,0.0,0,true
src/java/org/apache/poi/hssf/record/ChartFormatRecord.java,92.0,3.0,103.0,18.0,18.0,29.0,0,0.0,0.0,0.0,0,true
src/java/org/apache/poi/hssf/record/ChartRecord.java,126.0,1.0,68.0,17.0,12.0,37.0,0,0.0,0.0,0.0,0,true
src/java/org/apache/poi/hssf/record/CodepageRecord.java,69.0,1.0,33.0,10.0,8.0,19.0,0,0.0,0.0,0.0,0,true
src/java/org/apache/poi/hssf/record/ColumnInfoRecord.java,202.0,3.0,160.0,25.0,24.0,48.0,0,0.0,0.0,0.0,0,true
src/java/org/apache/poi/hssf/record/CommonObjectDataSubRecord.java,321.0,1.0,174.0,29.0,27.0,61.0,0,0.0,0.0,0.0,0,true
src/java/org/apache/poi/hssf/record/ContinueRecord.java,87.0,1.0,13.0,11.0,8.0,20.0,0,0.0,0.0,0.0,0,true
src/java/org/apache/poi/hssf/record/CountryRecord.java,80.0,1.0,48.0,12.0,10.0,20.0,0,0.0,0.0,0.0,0,true
src/java/org/apache/poi/hssf/record/CustomField.java,25.0,0.0,6.0,4.0,0.0,7.0,0,0.0,0.0,0.0,0,false
src/java/org/apache/poi/hssf/record/DBCellRecord.java,115.0,1.0,73.0,15.0,17.0,32.0,0,0.0,0.0,0.0,0,true
src/java/org/apache/poi/hssf/record/DSFRecord.java,62.0,1.0,33.0,10.0,8.0,17.0,0,0.0,0.0,0.0,0,true
src/java/org/apache/poi/hssf/record/DatRecord.java,136.0,1.0,9.0,19.0,20.0,34.0,0,0.0,0.0,0.0,0,true
src/java/org/apache/poi/hssf/record/DataFormatRecord.java,142.0,1.0,81.0,19.0,14.0,46.0,0,0.0,0.0,0.0,0,true
src/java/org/apache/poi/hssf/record/DateWindow1904Record.java,62.0,1.0,33.0,10.0,8.0,17.0,0,0.0,0.0,0.0,0,true
src/java/org/apache/poi/hssf/record/DefaultColWidthRecord.java,68.0,1.0,37.0,11.0,8.0,21.0,0,0.0,0.0,0.0,0,true
src/java/org/apache/poi/hssf/record/DefaultDataLabelTextPropertiesRecord.java,83.0,1.0,29.0,11.0,8.0,22.0,0,0.0,0.0,0.0,0,true
src/java/org/apache/poi/hssf/record/DefaultRowHeightRecord.java,87.0,1.0,50.0,13.0,10.0,24.0,0,0.0,0.0,0.0,0,true
src/java/org/apache/poi/hssf/record/DeltaRecord.java,68.0,1.0,37.0,11.0,8.0,19.0,0,0.0,0.0,0.0,0,true
src/java/org/apache/poi/hssf/record/DimensionsRecord.java,130.0,1.0,84.0,17.0,16.0,36.0,0,0.0,0.0,0.0,0,true
src/java/org/apache/poi/hssf/record/EOFRecord.java,50.0,1.0,30.0,9.0,4.0,16.0,0,0.0,0.0,0.0,0,true
src/java/org/apache/poi/hssf/record/EmbeddedObjectRefSubRecord.java,102.0,1.0,16.0,9.0,18.0,22.0,1,0.009615384615384616,327.75757575757575,1484.8516893995734,1,true
src/java/org/apache/poi/hssf/record/EndRecord.java,42.0,1.0,22.0,8.0,4.0,14.0,0,0.0,0.0,0.0,0,true
src/java/org/apache/poi/hssf/record/EndSubRecord.java,53.0,1.0,30.0,9.0,4.0,17.0,0,0.0,0.0,0.0,0,true
src/java/org/apache/poi/hssf/record/ExtSSTRecord.java,111.0,2.0,72.0,16.0,24.0,32.0,0,0.0,0.0,0.0,0,true
src/java/org/apache/poi/hssf/record/ExtendedFormatRecord.java,1120.0,3.0,3155.0,94.0,127.0,201.0,0,0.0,0.0,0.0,0,true
src/java/org/apache/poi/hssf/record/ExternSheetRecord.java,123.0,2.0,46.0,13.0,18.0,28.0,0,0.0,0.0,0.0,0,true
src/java/org/apache/poi/hssf/record/ExternSheetSubRecord.java,115.0,1.0,73.0,14.0,11.0,27.0,0,0.0,0.0,0.0,0,true
src/java/org/apache/poi/hssf/record/FilePassRecord.java,54.0,1.0,18.0,9.0,6.0,17.0,0,0.0,0.0,0.0,0,true
src/java/org/apache/poi/hssf/record/FileSharingRecord.java,152.0,2.0,128.0,20.0,27.0,37.0,0,0.0,0.0,0.0,0,true
src/java/org/apache/poi/hssf/record/FnGroupCountRecord.java,66.0,1.0,33.0,10.0,7.0,17.0,0,0.0,0.0,0.0,0,true
src/java/org/apache/poi/hssf/record/FontBasisRecord.java,144.0,1.0,89.0,19.0,12.0,42.0,0,0.0,0.0,0.0,0,true
src/java/org/apache/poi/hssf/record/FontIndexRecord.java,72.0,1.0,29.0,11.0,8.0,22.0,0,0.0,0.0,0.0,0,true
src/java/org/apache/poi/hssf/record/FontRecord.java,341.0,4.0,458.0,36.0,44.0,65.0,0,0.0,0.0,0.0,0,true
src/java/org/apache/poi/hssf/record/FooterRecord.java,130.0,2.0,49.0,14.0,21.0,29.0,0,0.0,0.0,0.0,0,true
src/java/org/apache/poi/hssf/record/FormatRecord.java,124.0,2.0,49.0,15.0,17.0,37.0,0,0.0,0.0,0.0,0,true
src/java/org/apache/poi/hssf/record/FormulaRecord.java,342.0,6.0,442.0,37.0,61.0,97.0,0,0.0,0.0,0.0,0,true
src/java/org/apache/poi/hssf/record/FrameRecord.java,130.0,1.0,44.0,17.0,15.0,35.0,0,0.0,0.0,0.0,0,true
src/java/org/apache/poi/hssf/record/GridsetRecord.java,74.0,1.0,29.0,11.0,6.0,22.0,0,0.0,0.0,0.0,0,true
src/java/org/apache/poi/hssf/record/GroupMarkerSubRecord.java,58.0,1.0,10.0,9.0,8.0,18.0,0,0.0,0.0,0.0,0,true
src/java/org/apache/poi/hssf/record/GutsRecord.java,124.0,1.0,88.0,17.0,14.0,32.0,0,0.0,0.0,0.0,0,true
src/java/org/apache/poi/hssf/record/HCenterRecord.java,72.0,1.0,29.0,11.0,6.0,21.0,0,0.0,0.0,0.0,0,true
src/java/org/apache/poi/hssf/record/HeaderRecord.java,130.0,2.0,49.0,14.0,20.0,29.0,0,0.0,0.0,0.0,0,true
src/java/org/apache/poi/hssf/record/HideObjRecord.java,70.0,1.0,33.0,10.0,8.0,17.0,0,0.0,0.0,0.0,0,true
src/java/org/apache/poi/hssf/record/HorizontalPageBreakRecord.java,30.0,0.0,4.0,4.0,0.0,5.0,0,0.0,0.0,0.0,0,false
src/java/org/apache/poi/hssf/record/IndexRecord.java,118.0,2.0,97.0,18.0,23.0,36.0,0,0.0,0.0,0.0,0,true
src/java/org/apache/poi/hssf/record/InterfaceEndRecord.java,44.0,1.0,22.0,8.0,4.0,14.0,0,0.0,0.0,0.0,0,true
src/java/org/apache/poi/hssf/record/InterfaceHdrRecord.java,67.0,1.0,33.0,10.0,8.0,19.0,0,0.0,0.0,0.0,0,true
src/java/org/apache/poi/hssf/record/IterationRecord.java,75.0,1.0,29.0,11.0,6.0,23.0,0,0.0,0.0,0.0,0,true
src/java/org/apache/poi/hssf/record/LabelRecord.java,169.0,0.0,195.0,22.0,19.0,49.0,0,0.0,0.0,0.0,0,true
src/java/org/apache/poi/hssf/record/LabelSSTRecord.java,175.0,1.0,228.0,24.0,27.0,54.0,0,0.0,0.0,0.0,0,true
src/java/org/apache/poi/hssf/record/LeftMarginRecord.java,69.0,1.0,29.0,11.0,7.0,22.0,0,0.0,0.0,0.0,0,true
src/java/org/apache/poi/hssf/record/LegendRecord.java,307.0,1.0,233.0,35.0,35.0,74.0,0,0.0,0.0,0.0,0,true
src/java/org/apache/poi/hssf/record/LineFormatRecord.java,235.0,1.0,128.0,25.0,23.0,61.0,0,0.0,0.0,0.0,0,true
src/java/org/apache/poi/hssf/record/LinkedDataRecord.java,190.0,1.0,96.0,21.0,20.0,54.0,0,0.0,0.0,0.0,0,true
src/java/org/apache/poi/hssf/record/MMSRecord.java,80.0,1.0,48.0,12.0,10.0,20.0,0,0.0,0.0,0.0,0,true
src/java/org/apache/poi/hssf/record/MergeCellsRecord.java,170.0,3.0,23.0,14.0,20.0,32.0,0,0.0,0.0,0.0,0,false
src/java/org/apache/poi/hssf/record/MulBlankRecord.java,110.0,0.0,62.0,13.0,13.0,28.0,0,0.0,0.0,0.0,0,true
src/java/org/apache/poi/hssf/record/MulRKRecord.java,111.0,2.0,71.0,14.0,18.0,31.0,0,0.0,0.0,0.0,0,true
src/java/org/apache/poi/hssf/record/NameRecord.java,671.0,12.0,1366.0,60.0,81.0,132.0,1,0.009615384615384616,687.7391304347826,33809.99999999999,1,true
src/java/org/apache/poi/hssf/record/NoteRecord.java,176.0,1.0,45.0,18.0,13.0,35.0,0,0.0,0.0,0.0,0,true
src/java/org/apache/poi/hssf/record/NumberFormatIndexRecord.java,72.0,1.0,29.0,11.0,8.0,26.0,0,0.0,0.0,0.0,0,true
src/java/org/apache/poi/hssf/record/NumberRecord.java,188.0,2.0,228.0,24.0,27.0,56.0,0,0.0,0.0,0.0,0,true
src/java/org/apache/poi/hssf/record/ObjRecord.java,94.0,5.0,0.0,13.0,29.0,29.0,0,0.0,0.0,0.0,0,true
src/java/org/apache/poi/hssf/record/ObjectLinkRecord.java,125.0,1.0,51.0,15.0,10.0,32.0,0,0.0,0.0,0.0,0,true
src/java/org/apache/poi/hssf/record/ObjectProtectRecord.java,73.0,1.0,29.0,11.0,6.0,21.0,0,0.0,0.0,0.0,0,false
src/java/org/apache/poi/hssf/record/PageBreakRecord.java,172.0,7.0,94.0,16.0,32.0,47.0,0,0.0,0.0,0.0,0,true
src/java/org/apache/poi/hssf/record/PaletteRecord.java,114.0,3.0,11.0,11.0,17.0,27.0,0,0.0,0.0,0.0,0,true
src/java/org/apache/poi/hssf/record/PaneRecord.java,158.0,1.0,89.0,19.0,12.0,42.0,0,0.0,0.0,0.0,0,true
src/java/org/apache/poi/hssf/record/PasswordRecord.java,84.0,1.0,48.0,12.0,10.0,23.0,0,0.0,0.0,0.0,0,true
src/java/org/apache/poi/hssf/record/PasswordRev4Record.java,62.0,1.0,33.0,10.0,8.0,17.0,0,0.0,0.0,0.0,0,true
src/java/org/apache/poi/hssf/record/PlotAreaRecord.java,53.0,1.0,30.0,9.0,4.0,17.0,0,0.0,0.0,0.0,0,true
src/java/org/apache/poi/hssf/record/PlotGrowthRecord.java,90.0,1.0,38.0,13.0,10.0,27.0,0,0.0,0.0,0.0,0,true
src/java/org/apache/poi/hssf/record/PrecisionRecord.java,67.0,1.0,27.0,10.0,6.0,19.0,0,0.0,0.0,0.0,0,true
src/java/org/apache/poi/hssf/record/PrintGridlinesRecord.java,72.0,1.0,29.0,11.0,6.0,21.0,0,0.0,0.0,0.0,0,true
src/java/org/apache/poi/hssf/record/PrintHeadersRecord.java,73.0,1.0,29.0,11.0,6.0,21.0,0,0.0,0.0,0.0,0,true
src/java/org/apache/poi/hssf/record/PrintSetupRecord.java,233.0,3.0,595.0,47.0,53.0,73.0,0,0.0,0.0,0.0,0,true
src/java/org/apache/poi/hssf/record/ProtectRecord.java,74.0,1.0,29.0,11.0,6.0,21.0,0,0.0,0.0,0.0,0,true
src/java/org/apache/poi/hssf/record/ProtectionRev4Record.java,67.0,1.0,27.0,10.0,6.0,19.0,0,0.0,0.0,0.0,0,true
src/java/org/apache/poi/hssf/record/RKRecord.java,179.0,1.0,219.0,23.0,31.0,48.0,0,0.0,0.0,0.0,0,true
src/java/org/apache/poi/hssf/record/RecalcIdRecord.java,88.0,1.0,46.0,12.0,8.0,23.0,0,0.0,0.0,0.0,0,true
src/java/org/apache/poi/hssf/record/Record.java,89.0,0.0,66.0,12.0,8.0,31.0,0,0.0,0.0,0.0,0,true
src/java/org/apache/poi/hssf/record/RecordFactory.java,159.0,3.0,4.0,5.0,33.0,24.0,2,0.019230769230769232,1015.4967061923584,35294.85168939957,2,true
src/java/org/apache/poi/hssf/record/RecordInputStream.java,245.0,4.0,139.0,26.0,45.0,78.0,0,0.0,0.0,0.0,0,true
src/java/org/apache/poi/hssf/record/RefModeRecord.java,73.0,1.0,37.0,11.0,8.0,19.0,0,0.0,0.0,0.0,0,true
src/java/org/apache/poi/hssf/record/RefreshAllRecord.java,67.0,1.0,27.0,10.0,6.0,19.0,0,0.0,0.0,0.0,0,true
src/java/org/apache/poi/hssf/record/RowRecord.java,311.0,3.0,372.0,36.0,38.0,77.0,0,0.0,0.0,0.0,0,true
src/java/org/apache/poi/hssf/record/SCLRecord.java,90.0,1.0,38.0,13.0,9.0,27.0,0,0.0,0.0,0.0,0,true
src/java/org/apache/poi/hssf/record/SSTRecord.java,332.0,3.0,43.0,22.0,31.0,52.0,0,0.0,0.0,0.0,0,true
src/java/org/apache/poi/hssf/record/SaveRecalcRecord.java,67.0,1.0,29.0,11.0,6.0,21.0,0,0.0,0.0,0.0,0,true
src/java/org/apache/poi/hssf/record/ScenarioProtectRecord.java,74.0,1.0,29.0,11.0,6.0,21.0,0,0.0,0.0,0.0,0,false
src/java/org/apache/poi/hssf/record/SelectionRecord.java,179.0,2.0,113.0,19.0,18.0,34.0,0,0.0,0.0,0.0,0,true
src/java/org/apache/poi/hssf/record/SeriesChartGroupIndexRecord.java,72.0,1.0,29.0,11.0,8.0,22.0,0,0.0,0.0,0.0,0,true
src/java/org/apache/poi/hssf/record/SeriesIndexRecord.java,72.0,1.0,29.0,11.0,8.0,22.0,0,0.0,0.0,0.0,0,true
src/java/org/apache/poi/hssf/record/SeriesLabelsRecord.java,168.0,1.0,0.0,23.0,26.0,56.0,0,0.0,0.0,0.0,0,true
src/java/org/apache/poi/hssf/record/SeriesListRecord.java,72.0,1.0,19.0,11.0,8.0,22.0,0,0.0,0.0,0.0,0,true
src/java/org/apache/poi/hssf/record/SeriesRecord.java,204.0,1.0,114.0,21.0,13.0,47.0,0,0.0,0.0,0.0,0,true
src/java/org/apache/poi/hssf/record/SeriesTextRecord.java,126.0,1.0,58.0,17.0,14.0,37.0,0,0.0,0.0,0.0,0,true
src/java/org/apache/poi/hssf/record/SeriesToChartGroupRecord.java,72.0,1.0,29.0,11.0,8.0,22.0,0,0.0,0.0,0.0,0,true
src/java/org/apache/poi/hssf/record/SharedFormulaRecord.java,165.0,4.0,149.0,19.0,42.0,47.0,0,0.0,0.0,0.0,0,true
src/java/org/apache/poi/hssf/record/SheetPropertiesRecord.java,181.0,1.0,23.0,23.0,25.0,44.0,0,0.0,0.0,0.0,0,true
src/java/org/apache/poi/hssf/record/StringRecord.java,124.0,2.0,47.0,15.0,20.0,34.0,1,0.009615384615384616,687.7391304347826,33809.99999999999,1,true
src/java/org/apache/poi/hssf/record/StyleRecord.java,219.0,4.0,169.0,23.0,32.0,54.0,0,0.0,0.0,0.0,0,true
src/java/org/apache/poi/hssf/record/SubRecord.java,33.0,0.0,3.0,3.0,1.0,6.0,1,0.009615384615384616,327.75757575757575,1484.8516893995734,1,true
src/java/org/apache/poi/hssf/record/SupBookRecord.java,76.0,1.0,38.0,12.0,8.0,21.0,0,0.0,0.0,0.0,0,true
src/java/org/apache/poi/hssf/record/TabIdRecord.java,74.0,1.0,27.0,10.0,8.0,20.0,0,0.0,0.0,0.0,0,true
src/java/org/apache/poi/hssf/record/TextObjectBaseRecord.java,310.0,1.0,290.0,37.0,35.0,79.0,0,0.0,0.0,0.0,0,true
src/java/org/apache/poi/hssf/record/TextObjectRecord.java,155.0,5.0,0.0,11.0,52.0,32.0,0,0.0,0.0,0.0,0,true
src/java/org/apache/poi/hssf/record/TextRecord.java,525.0,1.0,718.0,61.0,64.0,119.0,0,0.0,0.0,0.0,0,true
src/java/org/apache/poi/hssf/record/TickRecord.java,306.0,1.0,378.0,37.0,32.0,83.0,0,0.0,0.0,0.0,0,true
src/java/org/apache/poi/hssf/record/TopMarginRecord.java,72.0,1.0,29.0,11.0,7.0,22.0,0,0.0,0.0,0.0,0,true
src/java/org/apache/poi/hssf/record/UnicodeString.java,574.0,8.0,235.0,35.0,93.0,109.0,0,0.0,0.0,0.0,0,true
src/java/org/apache/poi/hssf/record/UnitsRecord.java,72.0,1.0,29.0,11.0,8.0,22.0,0,0.0,0.0,0.0,0,true
src/java/org/apache/poi/hssf/record/UnknownRecord.java,93.0,1.0,3.0,11.0,8.0,22.0,0,0.0,0.0,0.0,0,true
src/java/org/apache/poi/hssf/record/UseSelFSRecord.java,68.0,1.0,33.0,10.0,8.0,19.0,0,0.0,0.0,0.0,0,true
src/java/org/apache/poi/hssf/record/VCenterRecord.java,72.0,1.0,29.0,11.0,6.0,21.0,0,0.0,0.0,0.0,0,true
src/java/org/apache/poi/hssf/record/ValueRangeRecord.java,306.0,1.0,159.0,39.0,42.0,74.0,0,0.0,0.0,0.0,0,true
src/java/org/apache/poi/hssf/record/VerticalPageBreakRecord.java,30.0,0.0,4.0,4.0,0.0,5.0,0,0.0,0.0,0.0,0,true
src/java/org/apache/poi/hssf/record/WSBoolRecord.java,214.0,3.0,138.0,29.0,34.0,55.0,0,0.0,0.0,0.0,0,true
src/java/org/apache/poi/hssf/record/WindowOneRecord.java,288.0,3.0,420.0,36.0,39.0,56.0,0,0.0,0.0,0.0,0,true
src/java/org/apache/poi/hssf/record/WindowProtectRecord.java,66.0,1.0,27.0,10.0,6.0,19.0,0,0.0,0.0,0.0,0,true
src/java/org/apache/poi/hssf/record/WindowTwoRecord.java,377.0,3.0,259.0,47.0,59.0,90.0,0,0.0,0.0,0.0,0,true
src/java/org/apache/poi/hssf/record/WriteAccessRecord.java,78.0,2.0,27.0,10.0,12.0,21.0,0,0.0,0.0,0.0,0,true
src/java/org/apache/poi/hssf/record/WriteProtectRecord.java,42.0,2.0,22.0,8.0,4.0,14.0,0,0.0,0.0,0.0,0,false
src/java/org/apache/poi/hssf/record/aggregates/RowRecordsAggregate.java,288.0,7.0,280.0,29.0,76.0,88.0,1,0.009615384615384616,687.7391304347826,33809.99999999999,1,true
src/java/org/apache/poi/hssf/record/aggregates/ValueRecordsAggregate.java,252.0,3.0,102.0,17.0,32.0,56.0,0,0.0,0.0,0.0,0,true
src/java/org/apache/poi/hssf/record/formula/AbstractFunctionPtg.java,1147.0,2.0,77.0,14.0,14.0,30.0,1,0.009615384615384616,687.7391304347826,33809.99999999999,1,true
src/java/org/apache/poi/hssf/record/formula/GreaterThanPtg.java,82.0,3.0,43.0,10.0,2.0,20.0,0,0.0,0.0,0.0,0,true
src/java/org/apache/poi/hssf/record/formula/LessThanPtg.java,93.0,3.0,43.0,10.0,2.0,20.0,0,0.0,0.0,0.0,0,true
src/java/org/apache/poi/hssf/record/formula/ReferencePtg.java,137.0,6.0,103.0,23.0,33.0,40.0,1,0.009615384615384616,687.7391304347826,33809.99999999999,1,true
src/java/org/apache/poi/hssf/usermodel/FontDetails.java,111.0,4.0,26.0,12.0,24.0,35.0,0,0.0,0.0,0.0,0,true
src/java/org/apache/poi/hssf/usermodel/HSSFCell.java,744.0,9.0,40.0,37.0,139.0,121.0,1,0.009615384615384616,687.7391304347826,33809.99999999999,1,true
src/java/org/apache/poi/hssf/usermodel/HSSFCellStyle.java,700.0,4.0,0.0,44.0,57.0,119.0,0,0.0,0.0,0.0,0,true
src/java/org/apache/poi/hssf/usermodel/HSSFDateUtil.java,219.0,3.0,64.0,12.0,29.0,42.0,1,0.009615384615384616,687.7391304347826,33809.99999999999,1,true
src/java/org/apache/poi/hssf/usermodel/HSSFFont.java,272.0,1.0,0.0,23.0,22.0,39.0,0,0.0,0.0,0.0,0,true
src/java/org/apache/poi/hssf/usermodel/HSSFObjectData.java,46.0,8.0,0.0,2.0,8.0,9.0,1,0.009615384615384616,327.75757575757575,1484.8516893995734,1,true
src/java/org/apache/poi/hssf/usermodel/HSSFPatriarch.java,146.0,3.0,27.0,14.0,12.0,27.0,1,0.009615384615384616,327.75757575757575,1484.8516893995734,1,true
src/java/org/apache/poi/hssf/usermodel/HSSFPicture.java,107.0,12.0,9.0,6.0,40.0,16.0,1,0.009615384615384616,327.75757575757575,1484.8516893995734,1,true
src/java/org/apache/poi/hssf/usermodel/HSSFPictureData.java,53.0,2.0,0.0,3.0,2.0,7.0,0,0.0,0.0,0.0,0,true
src/java/org/apache/poi/hssf/usermodel/HSSFShapeGroup.java,124.0,3.0,28.0,13.0,11.0,25.0,0,0.0,0.0,0.0,0,true
src/java/org/apache/poi/hssf/usermodel/HSSFSheet.java,1096.0,19.0,0.0,105.0,268.0,255.0,2,0.019230769230769232,1015.4967061923584,35294.85168939957,2,true
src/java/org/apache/poi/hssf/usermodel/HSSFWorkbook.java,961.0,26.0,0.0,66.0,243.0,187.0,2,0.019230769230769232,1015.4967061923584,35294.85168939957,2,true
src/java/org/apache/poi/hssf/usermodel/StaticFontMetrics.java,75.0,3.0,0.0,1.0,15.0,8.0,0,0.0,0.0,0.0,0,true
src/java/org/apache/poi/hssf/util/PaneInformation.java,84.0,0.0,9.0,7.0,0.0,21.0,0,0.0,0.0,0.0,0,true
src/java/org/apache/poi/util/HexDump.java,282.0,2.0,118.0,16.0,46.0,58.0,1,0.009615384615384616,327.75757575757575,1484.8516893995734,1,true
src/java/org/apache/poi/util/SystemOutLogger.java,43.0,0.0,1.0,3.0,4.0,8.0,0,0.0,0.0,0.0,0,true
src/scratchpad/examples/src/org/apache/poi/hssf/eventusermodel/examples/XLS2CSVmra.java,210.0,34.0,0.0,6.0,35.0,23.0,1,0.009615384615384616,687.7391304347826,33809.99999999999,1,false
src/scratchpad/src/org/apache/poi/hdgf/HDGFDiagram.java,98.0,13.0,1.0,6.0,26.0,16.0,1,0.009615384615384616,687.7391304347826,33809.99999999999,1,true
src/scratchpad/src/org/apache/poi/hdgf/HDGFLZW.java,146.0,4.0,15.0,6.0,10.0,25.0,1,0.009615384615384616,687.7391304347826,33809.99999999999,1,false
src/scratchpad/src/org/apache/poi/hdgf/chunks/Chunk.java,233.0,6.0,15.0,10.0,14.0,29.0,0,0.0,0.0,0.0,0,true
src/scratchpad/src/org/apache/poi/hdgf/chunks/ChunkFactory.java,136.0,9.0,0.0,4.0,24.0,13.0,1,0.009615384615384616,687.7391304347826,33809.99999999999,1,true
src/scratchpad/src/org/apache/poi/hdgf/chunks/ChunkHeaderV11.java,29.0,0.0,0.0,1.0,1.0,4.0,0,0.0,0.0,0.0,0,true
src/scratchpad/src/org/apache/poi/hdgf/chunks/ChunkSeparator.java,14.0,0.0,0.0,2.0,1.0,3.0,0,0.0,0.0,0.0,0,false
src/scratchpad/src/org/apache/poi/hdgf/chunks/ChunkTrailer.java,13.0,0.0,0.0,2.0,1.0,3.0,0,0.0,0.0,0.0,0,false
src/scratchpad/src/org/apache/poi/hdgf/dev/VSDDumper.java,69.0,9.0,1.0,2.0,28.0,6.0,0,0.0,0.0,0.0,0,false
src/scratchpad/src/org/apache/poi/hdgf/exceptions/HDGFException.java,18.0,0.0,6.0,4.0,0.0,4.0,0,0.0,0.0,0.0,0,false
src/scratchpad/src/org/apache/poi/hdgf/extractor/VisioTextExtractor.java,75.0,11.0,19.0,7.0,21.0,20.0,1,0.009615384615384616,687.7391304347826,33809.99999999999,1,false
src/scratchpad/src/org/apache/poi/hdgf/streams/ChunkStream.java,33.0,4.0,0.0,3.0,10.0,6.0,0,0.0,0.0,0.0,0,true
src/scratchpad/src/org/apache/poi/hdgf/streams/CompressedStreamStore.java,62.0,3.0,7.0,6.0,5.0,13.0,1,0.009615384615384616,687.7391304347826,33809.99999999999,1,false
src/scratchpad/src/org/apache/poi/hdgf/streams/Stream.java,64.0,5.0,0.0,6.0,8.0,16.0,0,0.0,0.0,0.0,0,false
src/scratchpad/src/org/apache/poi/hdgf/streams/StringsStream.java,9.0,2.0,0.0,1.0,0.0,1.0,0,0.0,0.0,0.0,0,false
src/scratchpad/src/org/apache/poi/hslf/EncryptedSlideShow.java,77.0,11.0,1.0,2.0,13.0,10.0,0,0.0,0.0,0.0,0,true
src/scratchpad/src/org/apache/poi/hslf/HSLFSlideShow.java,337.0,30.0,154.0,21.0,70.0,64.0,2,0.019230769230769232,1015.4967061923584,35294.85168939957,2,true
src/scratchpad/src/org/apache/poi/hslf/extractor/PowerPointExtractor.java,142.0,7.0,30.0,9.0,18.0,23.0,1,0.009615384615384616,687.7391304347826,33809.99999999999,1,true
src/scratchpad/src/org/apache/poi/hslf/model/Picture.java,143.0,13.0,28.0,8.0,29.0,22.0,1,0.009615384615384616,327.75757575757575,1484.8516893995734,1,true
src/scratchpad/src/org/apache/poi/hslf/model/Shape.java,248.0,7.0,137.0,19.0,54.0,47.0,1,0.009615384615384616,327.75757575757575,1484.8516893995734,1,true
src/scratchpad/src/org/apache/poi/hslf/model/TextRun.java,398.0,7.0,95.0,18.0,56.0,51.0,0,0.0,0.0,0.0,0,true
src/scratchpad/src/org/apache/poi/hslf/model/textproperties/TextPropCollection.java,149.0,5.0,0.0,11.0,24.0,30.0,0,0.0,0.0,0.0,0,true
src/scratchpad/src/org/apache/poi/hslf/record/CString.java,82.0,4.0,0.0,9.0,9.0,18.0,1,0.009615384615384616,327.75757575757575,1484.8516893995734,1,true
src/scratchpad/src/org/apache/poi/hslf/record/ExEmbed.java,125.0,4.0,29.0,10.0,13.0,23.0,1,0.009615384615384616,327.75757575757575,1484.8516893995734,1,true
src/scratchpad/src/org/apache/poi/hslf/record/ExEmbedAtom.java,104.0,3.0,0.0,8.0,6.0,21.0,1,0.009615384615384616,327.75757575757575,1484.8516893995734,1,true
src/scratchpad/src/org/apache/poi/hslf/record/ExOleObjAtom.java,149.0,3.0,0.0,10.0,11.0,26.0,1,0.009615384615384616,327.75757575757575,1484.8516893995734,1,false
src/scratchpad/src/org/apache/poi/hslf/record/ExOleObjStg.java,68.0,6.0,0.0,6.0,6.0,11.0,1,0.009615384615384616,327.75757575757575,1484.8516893995734,1,true
src/scratchpad/src/org/apache/poi/hslf/record/FontCollection.java,67.0,4.0,2.0,5.0,16.0,15.0,0,0.0,0.0,0.0,0,true
src/scratchpad/src/org/apache/poi/hslf/record/RecordContainer.java,198.0,6.0,8.0,13.0,22.0,40.0,0,0.0,0.0,0.0,0,true
src/scratchpad/src/org/apache/poi/hslf/record/RecordTypes.java,229.0,2.0,1.0,2.0,2.0,6.0,1,0.009615384615384616,327.75757575757575,1484.8516893995734,1,true
src/scratchpad/src/org/apache/poi/hslf/record/TxMasterStyleAtom.java,131.0,4.0,20.0,9.0,11.0,25.0,0,0.0,0.0,0.0,0,true
src/scratchpad/src/org/apache/poi/hslf/record/UserEditAtom.java,112.0,4.0,29.0,14.0,7.0,25.0,0,0.0,0.0,0.0,0,true
src/scratchpad/src/org/apache/poi/hslf/usermodel/ObjectData.java,24.0,2.0,0.0,2.0,1.0,3.0,1,0.009615384615384616,327.75757575757575,1484.8516893995734,1,true
src/scratchpad/src/org/apache/poi/hslf/usermodel/SlideShow.java,501.0,18.0,153.0,23.0,114.0,70.0,0,0.0,0.0,0.0,0,true
src/scratchpad/src/org/apache/poi/hsmf/MAPIMessage.java,97.0,10.0,43.0,10.0,16.0,34.0,0,0.0,0.0,0.0,0,true
src/scratchpad/src/org/apache/poi/hsmf/datatypes/Chunk.java,40.0,1.0,6.0,5.0,3.0,11.0,0,0.0,0.0,0.0,0,false
src/scratchpad/src/org/apache/poi/hsmf/datatypes/Chunks.java,17.0,0.0,0.0,1.0,0.0,2.0,0,0.0,0.0,0.0,0,true
src/scratchpad/src/org/apache/poi/hsmf/datatypes/StringChunk.java,20.0,1.0,4.0,4.0,2.0,6.0,0,0.0,0.0,0.0,0,true
src/scratchpad/src/org/apache/poi/hsmf/datatypes/Types.java,7.0,0.0,0.0,0.0,0.0,0.0,0,0.0,0.0,0.0,0,true
src/scratchpad/src/org/apache/poi/hsmf/exceptions/ChunkNotFoundException.java,6.0,0.0,0.0,1.0,0.0,1.0,0,0.0,0.0,0.0,0,false
src/scratchpad/src/org/apache/poi/hsmf/exceptions/DirectoryChunkNotFoundException.java,10.0,0.0,0.0,1.0,0.0,1.0,0,0.0,0.0,0.0,0,false
src/scratchpad/src/org/apache/poi/hsmf/parsers/POIFSChunkParser.java,171.0,16.0,27.0,10.0,38.0,37.0,0,0.0,0.0,0.0,0,true
src/scratchpad/src/org/apache/poi/hssf/record/formula/eval/AreaEval.java,71.0,0.0,55.0,11.0,0.0,28.0,0,0.0,0.0,0.0,0,true
src/scratchpad/src/org/apache/poi/hssf/record/formula/eval/RefEval.java,40.0,0.0,6.0,4.0,0.0,11.0,0,0.0,0.0,0.0,0,true
src/scratchpad/src/org/apache/poi/hssf/record/formula/eval/StringOperationEval.java,68.0,0.0,1.0,2.0,10.0,8.0,0,0.0,0.0,0.0,0,false
src/scratchpad/src/org/apache/poi/hssf/record/formula/eval/ValueEvalToNumericXlator.java,189.0,0.0,0.0,6.0,17.0,26.0,0,0.0,0.0,0.0,0,false
src/scratchpad/src/org/apache/poi/hssf/record/formula/functions/Absref.java,2.0,0.0,0.0,0.0,0.0,0.0,0,0.0,0.0,0.0,0,false
src/scratchpad/src/org/apache/poi/hssf/record/formula/functions/Activecell.java,2.0,0.0,0.0,0.0,0.0,0.0,0,0.0,0.0,0.0,0,false
src/scratchpad/src/org/apache/poi/hssf/record/formula/functions/Address.java,2.0,0.0,0.0,0.0,0.0,0.0,0,0.0,0.0,0.0,0,false
src/scratchpad/src/org/apache/poi/hssf/record/formula/functions/And.java,45.0,6.0,0.0,1.0,3.0,7.0,0,0.0,0.0,0.0,0,false
src/scratchpad/src/org/apache/poi/hssf/record/formula/functions/Areas.java,2.0,0.0,0.0,0.0,0.0,0.0,0,0.0,0.0,0.0,0,false
src/scratchpad/src/org/apache/poi/hssf/record/formula/functions/Argument.java,2.0,0.0,0.0,0.0,0.0,0.0,0,0.0,0.0,0.0,0,false
src/scratchpad/src/org/apache/poi/hssf/record/formula/functions/Asc.java,2.0,0.0,0.0,0.0,0.0,0.0,0,0.0,0.0,0.0,0,false
src/scratchpad/src/org/apache/poi/hssf/record/formula/functions/Betadist.java,2.0,0.0,0.0,0.0,0.0,0.0,0,0.0,0.0,0.0,0,false
src/scratchpad/src/org/apache/poi/hssf/record/formula/functions/Betainv.java,2.0,0.0,0.0,0.0,0.0,0.0,0,0.0,0.0,0.0,0,false
src/scratchpad/src/org/apache/poi/hssf/record/formula/functions/Binomdist.java,2.0,0.0,0.0,0.0,0.0,0.0,0,0.0,0.0,0.0,0,false
src/scratchpad/src/org/apache/poi/hssf/record/formula/functions/Call.java,2.0,0.0,0.0,0.0,0.0,0.0,0,0.0,0.0,0.0,0,false
src/scratchpad/src/org/apache/poi/hssf/record/formula/functions/Caller.java,2.0,0.0,0.0,0.0,0.0,0.0,0,0.0,0.0,0.0,0,false
src/scratchpad/src/org/apache/poi/hssf/record/formula/functions/Cell.java,2.0,0.0,0.0,0.0,0.0,0.0,0,0.0,0.0,0.0,0,false
src/scratchpad/src/org/apache/poi/hssf/record/formula/functions/Char.java,2.0,0.0,0.0,0.0,0.0,0.0,0,0.0,0.0,0.0,0,false
src/scratchpad/src/org/apache/poi/hssf/record/formula/functions/Chidist.java,2.0,0.0,0.0,0.0,0.0,0.0,0,0.0,0.0,0.0,0,false
src/scratchpad/src/org/apache/poi/hssf/record/formula/functions/Chiinv.java,2.0,0.0,0.0,0.0,0.0,0.0,0,0.0,0.0,0.0,0,false
src/scratchpad/src/org/apache/poi/hssf/record/formula/functions/Chitest.java,2.0,0.0,0.0,0.0,0.0,0.0,0,0.0,0.0,0.0,0,false
src/scratchpad/src/org/apache/poi/hssf/record/formula/functions/Choose.java,2.0,0.0,0.0,0.0,0.0,0.0,0,0.0,0.0,0.0,0,false
src/scratchpad/src/org/apache/poi/hssf/record/formula/functions/Clean.java,2.0,0.0,0.0,0.0,0.0,0.0,0,0.0,0.0,0.0,0,false
src/scratchpad/src/org/apache/poi/hssf/record/formula/functions/Code.java,2.0,0.0,0.0,0.0,0.0,0.0,0,0.0,0.0,0.0,0,false
src/scratchpad/src/org/apache/poi/hssf/record/formula/functions/Column.java,29.0,6.0,0.0,1.0,2.0,6.0,0,0.0,0.0,0.0,0,false
src/scratchpad/src/org/apache/poi/hssf/record/formula/functions/Columns.java,2.0,0.0,0.0,0.0,0.0,0.0,0,0.0,0.0,0.0,0,false
src/scratchpad/src/org/apache/poi/hssf/record/formula/functions/Confidence.java,2.0,0.0,0.0,0.0,0.0,0.0,0,0.0,0.0,0.0,0,false
src/scratchpad/src/org/apache/poi/hssf/record/formula/functions/Correl.java,2.0,0.0,0.0,0.0,0.0,0.0,0,0.0,0.0,0.0,0,false
src/scratchpad/src/org/apache/poi/hssf/record/formula/functions/Count.java,2.0,0.0,0.0,0.0,0.0,0.0,0,0.0,0.0,0.0,0,false
src/scratchpad/src/org/apache/poi/hssf/record/formula/functions/Counta.java,2.0,0.0,0.0,0.0,0.0,0.0,0,0.0,0.0,0.0,0,false
src/scratchpad/src/org/apache/poi/hssf/record/formula/functions/Countblank.java,2.0,0.0,0.0,0.0,0.0,0.0,0,0.0,0.0,0.0,0,false
src/scratchpad/src/org/apache/poi/hssf/record/formula/functions/Countif.java,2.0,0.0,0.0,0.0,0.0,0.0,0,0.0,0.0,0.0,0,false
src/scratchpad/src/org/apache/poi/hssf/record/formula/functions/Covar.java,2.0,0.0,0.0,0.0,0.0,0.0,0,0.0,0.0,0.0,0,false
src/scratchpad/src/org/apache/poi/hssf/record/formula/functions/Critbinom.java,2.0,0.0,0.0,0.0,0.0,0.0,0,0.0,0.0,0.0,0,false
src/scratchpad/src/org/apache/poi/hssf/record/formula/functions/Customrepeat.java,2.0,0.0,0.0,0.0,0.0,0.0,0,0.0,0.0,0.0,0,false
src/scratchpad/src/org/apache/poi/hssf/record/formula/functions/Date.java,66.0,10.0,3.0,3.0,9.0,13.0,1,0.009615384615384616,687.7391304347826,33809.99999999999,1,false
src/scratchpad/src/org/apache/poi/hssf/record/formula/functions/Datedif.java,2.0,0.0,0.0,0.0,0.0,0.0,0,0.0,0.0,0.0,0,false
src/scratchpad/src/org/apache/poi/hssf/record/formula/functions/Datestring.java,2.0,0.0,0.0,0.0,0.0,0.0,0,0.0,0.0,0.0,0,false
src/scratchpad/src/org/apache/poi/hssf/record/formula/functions/Datevalue.java,2.0,0.0,0.0,0.0,0.0,0.0,0,0.0,0.0,0.0,0,false
src/scratchpad/src/org/apache/poi/hssf/record/formula/functions/Daverage.java,2.0,0.0,0.0,0.0,0.0,0.0,0,0.0,0.0,0.0,0,false
src/scratchpad/src/org/apache/poi/hssf/record/formula/functions/Day.java,36.0,7.0,0.0,1.0,7.0,7.0,1,0.009615384615384616,687.7391304347826,33809.99999999999,1,false
src/scratchpad/src/org/apache/poi/hssf/record/formula/functions/Days360.java,2.0,0.0,0.0,0.0,0.0,0.0,0,0.0,0.0,0.0,0,false
src/scratchpad/src/org/apache/poi/hssf/record/formula/functions/Db.java,2.0,0.0,0.0,0.0,0.0,0.0,0,0.0,0.0,0.0,0,false
src/scratchpad/src/org/apache/poi/hssf/record/formula/functions/Dbcs.java,2.0,0.0,0.0,0.0,0.0,0.0,0,0.0,0.0,0.0,0,false
src/scratchpad/src/org/apache/poi/hssf/record/formula/functions/Dcount.java,2.0,0.0,0.0,0.0,0.0,0.0,0,0.0,0.0,0.0,0,false
src/scratchpad/src/org/apache/poi/hssf/record/formula/functions/Dcounta.java,2.0,0.0,0.0,0.0,0.0,0.0,0,0.0,0.0,0.0,0,false
src/scratchpad/src/org/apache/poi/hssf/record/formula/functions/Ddb.java,2.0,0.0,0.0,0.0,0.0,0.0,0,0.0,0.0,0.0,0,false
src/scratchpad/src/org/apache/poi/hssf/record/formula/functions/Deref.java,2.0,0.0,0.0,0.0,0.0,0.0,0,0.0,0.0,0.0,0,false
src/scratchpad/src/org/apache/poi/hssf/record/formula/functions/Dget.java,2.0,0.0,0.0,0.0,0.0,0.0,0,0.0,0.0,0.0,0,false
src/scratchpad/src/org/apache/poi/hssf/record/formula/functions/Dmax.java,2.0,0.0,0.0,0.0,0.0,0.0,0,0.0,0.0,0.0,0,false
src/scratchpad/src/org/apache/poi/hssf/record/formula/functions/Dmin.java,2.0,0.0,0.0,0.0,0.0,0.0,0,0.0,0.0,0.0,0,false
src/scratchpad/src/org/apache/poi/hssf/record/formula/functions/Dproduct.java,2.0,0.0,0.0,0.0,0.0,0.0,0,0.0,0.0,0.0,0,false
src/scratchpad/src/org/apache/poi/hssf/record/formula/functions/Dstdev.java,2.0,0.0,0.0,0.0,0.0,0.0,0,0.0,0.0,0.0,0,false
src/scratchpad/src/org/apache/poi/hssf/record/formula/functions/Dstdevp.java,2.0,0.0,0.0,0.0,0.0,0.0,0,0.0,0.0,0.0,0,false
src/scratchpad/src/org/apache/poi/hssf/record/formula/functions/Dsum.java,2.0,0.0,0.0,0.0,0.0,0.0,0,0.0,0.0,0.0,0,false
src/scratchpad/src/org/apache/poi/hssf/record/formula/functions/Dvar.java,2.0,0.0,0.0,0.0,0.0,0.0,0,0.0,0.0,0.0,0,false
src/scratchpad/src/org/apache/poi/hssf/record/formula/functions/Dvarp.java,2.0,0.0,0.0,0.0,0.0,0.0,0,0.0,0.0,0.0,0,false
src/scratchpad/src/org/apache/poi/hssf/record/formula/functions/Echo.java,2.0,0.0,0.0,0.0,0.0,0.0,0,0.0,0.0,0.0,0,false
src/scratchpad/src/org/apache/poi/hssf/record/formula/functions/Error.java,2.0,0.0,0.0,0.0,0.0,0.0,0,0.0,0.0,0.0,0,false
src/scratchpad/src/org/apache/poi/hssf/record/formula/functions/Errortype.java,2.0,0.0,0.0,0.0,0.0,0.0,0,0.0,0.0,0.0,0,false
src/scratchpad/src/org/apache/poi/hssf/record/formula/functions/Evaluate.java,2.0,0.0,0.0,0.0,0.0,0.0,0,0.0,0.0,0.0,0,false
src/scratchpad/src/org/apache/poi/hssf/record/formula/functions/Exec.java,2.0,0.0,0.0,0.0,0.0,0.0,0,0.0,0.0,0.0,0,false
src/scratchpad/src/org/apache/poi/hssf/record/formula/functions/Expondist.java,2.0,0.0,0.0,0.0,0.0,0.0,0,0.0,0.0,0.0,0,false
src/scratchpad/src/org/apache/poi/hssf/record/formula/functions/Fdist.java,2.0,0.0,0.0,0.0,0.0,0.0,0,0.0,0.0,0.0,0,false
src/scratchpad/src/org/apache/poi/hssf/record/formula/functions/Files.java,2.0,0.0,0.0,0.0,0.0,0.0,0,0.0,0.0,0.0,0,false
src/scratchpad/src/org/apache/poi/hssf/record/formula/functions/FinanceLib.java,143.0,0.0,15.0,6.0,4.0,22.0,0,0.0,0.0,0.0,0,false
src/scratchpad/src/org/apache/poi/hssf/record/formula/functions/Find.java,2.0,0.0,0.0,0.0,0.0,0.0,0,0.0,0.0,0.0,0,false
src/scratchpad/src/org/apache/poi/hssf/record/formula/functions/Findb.java,2.0,0.0,0.0,0.0,0.0,0.0,0,0.0,0.0,0.0,0,false
src/scratchpad/src/org/apache/poi/hssf/record/formula/functions/Finv.java,2.0,0.0,0.0,0.0,0.0,0.0,0,0.0,0.0,0.0,0,false
src/scratchpad/src/org/apache/poi/hssf/record/formula/functions/Fisher.java,2.0,0.0,0.0,0.0,0.0,0.0,0,0.0,0.0,0.0,0,false
src/scratchpad/src/org/apache/poi/hssf/record/formula/functions/Fisherinv.java,2.0,0.0,0.0,0.0,0.0,0.0,0,0.0,0.0,0.0,0,false
src/scratchpad/src/org/apache/poi/hssf/record/formula/functions/Fixed.java,2.0,0.0,0.0,0.0,0.0,0.0,0,0.0,0.0,0.0,0,false
src/scratchpad/src/org/apache/poi/hssf/record/formula/functions/Forecast.java,2.0,0.0,0.0,0.0,0.0,0.0,0,0.0,0.0,0.0,0,false
src/scratchpad/src/org/apache/poi/hssf/record/formula/functions/Formulaconvert.java,2.0,0.0,0.0,0.0,0.0,0.0,0,0.0,0.0,0.0,0,false
src/scratchpad/src/org/apache/poi/hssf/record/formula/functions/Fpos.java,2.0,0.0,0.0,0.0,0.0,0.0,0,0.0,0.0,0.0,0,false
src/scratchpad/src/org/apache/poi/hssf/record/formula/functions/Frequency.java,2.0,0.0,0.0,0.0,0.0,0.0,0,0.0,0.0,0.0,0,false
src/scratchpad/src/org/apache/poi/hssf/record/formula/functions/Ftest.java,2.0,0.0,0.0,0.0,0.0,0.0,0,0.0,0.0,0.0,0,false
src/scratchpad/src/org/apache/poi/hssf/record/formula/functions/Fv.java,51.0,6.0,0.0,1.0,7.0,6.0,0,0.0,0.0,0.0,0,false
src/scratchpad/src/org/apache/poi/hssf/record/formula/functions/Gammadist.java,2.0,0.0,0.0,0.0,0.0,0.0,0,0.0,0.0,0.0,0,false
src/scratchpad/src/org/apache/poi/hssf/record/formula/functions/Gammainv.java,2.0,0.0,0.0,0.0,0.0,0.0,0,0.0,0.0,0.0,0,false
src/scratchpad/src/org/apache/poi/hssf/record/formula/functions/Gammaln.java,2.0,0.0,0.0,0.0,0.0,0.0,0,0.0,0.0,0.0,0,false
src/scratchpad/src/org/apache/poi/hssf/record/formula/functions/Geomean.java,2.0,0.0,0.0,0.0,0.0,0.0,0,0.0,0.0,0.0,0,false
src/scratchpad/src/org/apache/poi/hssf/record/formula/functions/Goto.java,2.0,0.0,0.0,0.0,0.0,0.0,0,0.0,0.0,0.0,0,false
src/scratchpad/src/org/apache/poi/hssf/record/formula/functions/Group.java,2.0,0.0,0.0,0.0,0.0,0.0,0,0.0,0.0,0.0,0,false
src/scratchpad/src/org/apache/poi/hssf/record/formula/functions/Growth.java,2.0,0.0,0.0,0.0,0.0,0.0,0,0.0,0.0,0.0,0,false
src/scratchpad/src/org/apache/poi/hssf/record/formula/functions/Halt.java,2.0,0.0,0.0,0.0,0.0,0.0,0,0.0,0.0,0.0,0,false
src/scratchpad/src/org/apache/poi/hssf/record/formula/functions/Harmean.java,2.0,0.0,0.0,0.0,0.0,0.0,0,0.0,0.0,0.0,0,false
src/scratchpad/src/org/apache/poi/hssf/record/formula/functions/Help.java,2.0,0.0,0.0,0.0,0.0,0.0,0,0.0,0.0,0.0,0,false
src/scratchpad/src/org/apache/poi/hssf/record/formula/functions/Hlookup.java,2.0,0.0,0.0,0.0,0.0,0.0,0,0.0,0.0,0.0,0,false
src/scratchpad/src/org/apache/poi/hssf/record/formula/functions/Hour.java,2.0,0.0,0.0,0.0,0.0,0.0,0,0.0,0.0,0.0,0,false
src/scratchpad/src/org/apache/poi/hssf/record/formula/functions/Hyperlink.java,2.0,0.0,0.0,0.0,0.0,0.0,0,0.0,0.0,0.0,0,false
src/scratchpad/src/org/apache/poi/hssf/record/formula/functions/Hypgeomdist.java,2.0,0.0,0.0,0.0,0.0,0.0,0,0.0,0.0,0.0,0,false
src/scratchpad/src/org/apache/poi/hssf/record/formula/functions/Index.java,2.0,0.0,0.0,0.0,0.0,0.0,0,0.0,0.0,0.0,0,false
src/scratchpad/src/org/apache/poi/hssf/record/formula/functions/Indirect.java,2.0,0.0,0.0,0.0,0.0,0.0,0,0.0,0.0,0.0,0,false
src/scratchpad/src/org/apache/poi/hssf/record/formula/functions/Info.java,2.0,0.0,0.0,0.0,0.0,0.0,0,0.0,0.0,0.0,0,false
src/scratchpad/src/org/apache/poi/hssf/record/formula/functions/Initiate.java,2.0,0.0,0.0,0.0,0.0,0.0,0,0.0,0.0,0.0,0,false
src/scratchpad/src/org/apache/poi/hssf/record/formula/functions/Input.java,2.0,0.0,0.0,0.0,0.0,0.0,0,0.0,0.0,0.0,0,false
src/scratchpad/src/org/apache/poi/hssf/record/formula/functions/Intercept.java,2.0,0.0,0.0,0.0,0.0,0.0,0,0.0,0.0,0.0,0,false
src/scratchpad/src/org/apache/poi/hssf/record/formula/functions/Ipmt.java,2.0,0.0,0.0,0.0,0.0,0.0,0,0.0,0.0,0.0,0,false
src/scratchpad/src/org/apache/poi/hssf/record/formula/functions/Irr.java,2.0,0.0,0.0,0.0,0.0,0.0,0,0.0,0.0,0.0,0,false
src/scratchpad/src/org/apache/poi/hssf/record/formula/functions/IsNa.java,2.0,0.0,0.0,0.0,0.0,0.0,0,0.0,0.0,0.0,0,false
src/scratchpad/src/org/apache/poi/hssf/record/formula/functions/Iserr.java,2.0,0.0,0.0,0.0,0.0,0.0,0,0.0,0.0,0.0,0,false
src/scratchpad/src/org/apache/poi/hssf/record/formula/functions/Ispmt.java,2.0,0.0,0.0,0.0,0.0,0.0,0,0.0,0.0,0.0,0,false
src/scratchpad/src/org/apache/poi/hssf/record/formula/functions/Kurt.java,2.0,0.0,0.0,0.0,0.0,0.0,0,0.0,0.0,0.0,0,false
src/scratchpad/src/org/apache/poi/hssf/record/formula/functions/Lasterror.java,2.0,0.0,0.0,0.0,0.0,0.0,0,0.0,0.0,0.0,0,false
src/scratchpad/src/org/apache/poi/hssf/record/formula/functions/Leftb.java,2.0,0.0,0.0,0.0,0.0,0.0,0,0.0,0.0,0.0,0,false
src/scratchpad/src/org/apache/poi/hssf/record/formula/functions/Len.java,99.0,8.0,3.0,3.0,14.0,14.0,0,0.0,0.0,0.0,0,false
src/scratchpad/src/org/apache/poi/hssf/record/formula/functions/Lenb.java,2.0,0.0,0.0,0.0,0.0,0.0,0,0.0,0.0,0.0,0,false
src/scratchpad/src/org/apache/poi/hssf/record/formula/functions/Linest.java,2.0,0.0,0.0,0.0,0.0,0.0,0,0.0,0.0,0.0,0,false
src/scratchpad/src/org/apache/poi/hssf/record/formula/functions/Links.java,2.0,0.0,0.0,0.0,0.0,0.0,0,0.0,0.0,0.0,0,false
src/scratchpad/src/org/apache/poi/hssf/record/formula/functions/Logest.java,2.0,0.0,0.0,0.0,0.0,0.0,0,0.0,0.0,0.0,0,false
src/scratchpad/src/org/apache/poi/hssf/record/formula/functions/LogicalFunction.java,17.0,2.0,0.0,1.0,2.0,3.0,0,0.0,0.0,0.0,0,false
src/scratchpad/src/org/apache/poi/hssf/record/formula/functions/Loginv.java,2.0,0.0,0.0,0.0,0.0,0.0,0,0.0,0.0,0.0,0,false
src/scratchpad/src/org/apache/poi/hssf/record/formula/functions/Lognormdist.java,2.0,0.0,0.0,0.0,0.0,0.0,0,0.0,0.0,0.0,0,false
src/scratchpad/src/org/apache/poi/hssf/record/formula/functions/Lookup.java,2.0,0.0,0.0,0.0,0.0,0.0,0,0.0,0.0,0.0,0,false
src/scratchpad/src/org/apache/poi/hssf/record/formula/functions/Match.java,2.0,0.0,0.0,0.0,0.0,0.0,0,0.0,0.0,0.0,0,false
src/scratchpad/src/org/apache/poi/hssf/record/formula/functions/MathX.java,473.0,0.0,325.0,26.0,35.0,93.0,0,0.0,0.0,0.0,0,false
src/scratchpad/src/org/apache/poi/hssf/record/formula/functions/Mdeterm.java,2.0,0.0,0.0,0.0,0.0,0.0,0,0.0,0.0,0.0,0,false
src/scratchpad/src/org/apache/poi/hssf/record/formula/functions/Mid.java,2.0,0.0,0.0,0.0,0.0,0.0,0,0.0,0.0,0.0,0,true
src/scratchpad/src/org/apache/poi/hssf/record/formula/functions/Midb.java,2.0,0.0,0.0,0.0,0.0,0.0,0,0.0,0.0,0.0,0,false
src/scratchpad/src/org/apache/poi/hssf/record/formula/functions/Minute.java,2.0,0.0,0.0,0.0,0.0,0.0,0,0.0,0.0,0.0,0,false
src/scratchpad/src/org/apache/poi/hssf/record/formula/functions/Minverse.java,2.0,0.0,0.0,0.0,0.0,0.0,0,0.0,0.0,0.0,0,false
src/scratchpad/src/org/apache/poi/hssf/record/formula/functions/Mirr.java,2.0,0.0,0.0,0.0,0.0,0.0,0,0.0,0.0,0.0,0,false
src/scratchpad/src/org/apache/poi/hssf/record/formula/functions/Mmult.java,2.0,0.0,0.0,0.0,0.0,0.0,0,0.0,0.0,0.0,0,false
src/scratchpad/src/org/apache/poi/hssf/record/formula/functions/Month.java,31.0,7.0,0.0,1.0,5.0,6.0,1,0.009615384615384616,687.7391304347826,33809.99999999999,1,true
src/scratchpad/src/org/apache/poi/hssf/record/formula/functions/MultiOperandNumericFunction.java,162.0,8.0,21.0,7.0,12.0,36.0,0,0.0,0.0,0.0,0,false
src/scratchpad/src/org/apache/poi/hssf/record/formula/functions/N.java,2.0,0.0,0.0,0.0,0.0,0.0,0,0.0,0.0,0.0,0,false
src/scratchpad/src/org/apache/poi/hssf/record/formula/functions/Na.java,2.0,0.0,0.0,0.0,0.0,0.0,0,0.0,0.0,0.0,0,false
src/scratchpad/src/org/apache/poi/hssf/record/formula/functions/Names.java,2.0,0.0,0.0,0.0,0.0,0.0,0,0.0,0.0,0.0,0,false
src/scratchpad/src/org/apache/poi/hssf/record/formula/functions/Negbinomdist.java,2.0,0.0,0.0,0.0,0.0,0.0,0,0.0,0.0,0.0,0,false
src/scratchpad/src/org/apache/poi/hssf/record/formula/functions/Normdist.java,2.0,0.0,0.0,0.0,0.0,0.0,0,0.0,0.0,0.0,0,false
src/scratchpad/src/org/apache/poi/hssf/record/formula/functions/Norminv.java,2.0,0.0,0.0,0.0,0.0,0.0,0,0.0,0.0,0.0,0,false
src/scratchpad/src/org/apache/poi/hssf/record/formula/functions/Normsdist.java,2.0,0.0,0.0,0.0,0.0,0.0,0,0.0,0.0,0.0,0,false
src/scratchpad/src/org/apache/poi/hssf/record/formula/functions/Normsinv.java,2.0,0.0,0.0,0.0,0.0,0.0,0,0.0,0.0,0.0,0,false
src/scratchpad/src/org/apache/poi/hssf/record/formula/functions/Note.java,2.0,0.0,0.0,0.0,0.0,0.0,0,0.0,0.0,0.0,0,false
src/scratchpad/src/org/apache/poi/hssf/record/formula/functions/Now.java,2.0,0.0,0.0,0.0,0.0,0.0,0,0.0,0.0,0.0,0,false
src/scratchpad/src/org/apache/poi/hssf/record/formula/functions/Nper.java,50.0,6.0,0.0,1.0,7.0,6.0,0,0.0,0.0,0.0,0,false
src/scratchpad/src/org/apache/poi/hssf/record/formula/functions/Npv.java,2.0,0.0,0.0,0.0,0.0,0.0,0,0.0,0.0,0.0,0,false
src/scratchpad/src/org/apache/poi/hssf/record/formula/functions/Numberstring.java,2.0,0.0,0.0,0.0,0.0,0.0,0,0.0,0.0,0.0,0,false
src/scratchpad/src/org/apache/poi/hssf/record/formula/functions/Offset.java,2.0,0.0,0.0,0.0,0.0,0.0,0,0.0,0.0,0.0,0,false
src/scratchpad/src/org/apache/poi/hssf/record/formula/functions/Or.java,42.0,5.0,0.0,1.0,3.0,6.0,0,0.0,0.0,0.0,0,false
src/scratchpad/src/org/apache/poi/hssf/record/formula/functions/Pearson.java,2.0,0.0,0.0,0.0,0.0,0.0,0,0.0,0.0,0.0,0,false
src/scratchpad/src/org/apache/poi/hssf/record/formula/functions/Percentile.java,2.0,0.0,0.0,0.0,0.0,0.0,0,0.0,0.0,0.0,0,false
src/scratchpad/src/org/apache/poi/hssf/record/formula/functions/Percentrank.java,2.0,0.0,0.0,0.0,0.0,0.0,0,0.0,0.0,0.0,0,false
src/scratchpad/src/org/apache/poi/hssf/record/formula/functions/Permut.java,2.0,0.0,0.0,0.0,0.0,0.0,0,0.0,0.0,0.0,0,false
src/scratchpad/src/org/apache/poi/hssf/record/formula/functions/Pmt.java,50.0,6.0,0.0,1.0,7.0,6.0,0,0.0,0.0,0.0,0,true
src/scratchpad/src/org/apache/poi/hssf/record/formula/functions/Poisson.java,2.0,0.0,0.0,0.0,0.0,0.0,0,0.0,0.0,0.0,0,false
src/scratchpad/src/org/apache/poi/hssf/record/formula/functions/Ppmt.java,2.0,0.0,0.0,0.0,0.0,0.0,0,0.0,0.0,0.0,0,false
src/scratchpad/src/org/apache/poi/hssf/record/formula/functions/Prob.java,2.0,0.0,0.0,0.0,0.0,0.0,0,0.0,0.0,0.0,0,false
src/scratchpad/src/org/apache/poi/hssf/record/formula/functions/Proper.java,2.0,0.0,0.0,0.0,0.0,0.0,0,0.0,0.0,0.0,0,false
src/scratchpad/src/org/apache/poi/hssf/record/formula/functions/Pv.java,51.0,6.0,0.0,1.0,7.0,6.0,0,0.0,0.0,0.0,0,false
src/scratchpad/src/org/apache/poi/hssf/record/formula/functions/Quartile.java,2.0,0.0,0.0,0.0,0.0,0.0,0,0.0,0.0,0.0,0,false
src/scratchpad/src/org/apache/poi/hssf/record/formula/functions/Rank.java,2.0,0.0,0.0,0.0,0.0,0.0,0,0.0,0.0,0.0,0,false
src/scratchpad/src/org/apache/poi/hssf/record/formula/functions/Rate.java,2.0,0.0,0.0,0.0,0.0,0.0,0,0.0,0.0,0.0,0,false
src/scratchpad/src/org/apache/poi/hssf/record/formula/functions/Reftext.java,2.0,0.0,0.0,0.0,0.0,0.0,0,0.0,0.0,0.0,0,false
src/scratchpad/src/org/apache/poi/hssf/record/formula/functions/Relref.java,2.0,0.0,0.0,0.0,0.0,0.0,0,0.0,0.0,0.0,0,false
src/scratchpad/src/org/apache/poi/hssf/record/formula/functions/Replace.java,2.0,0.0,0.0,0.0,0.0,0.0,0,0.0,0.0,0.0,0,true
src/scratchpad/src/org/apache/poi/hssf/record/formula/functions/Replaceb.java,2.0,0.0,0.0,0.0,0.0,0.0,0,0.0,0.0,0.0,0,false
src/scratchpad/src/org/apache/poi/hssf/record/formula/functions/Rept.java,2.0,0.0,0.0,0.0,0.0,0.0,0,0.0,0.0,0.0,0,false
src/scratchpad/src/org/apache/poi/hssf/record/formula/functions/Request.java,2.0,0.0,0.0,0.0,0.0,0.0,0,0.0,0.0,0.0,0,false
src/scratchpad/src/org/apache/poi/hssf/record/formula/functions/Result.java,2.0,0.0,0.0,0.0,0.0,0.0,0,0.0,0.0,0.0,0,false
src/scratchpad/src/org/apache/poi/hssf/record/formula/functions/Rightb.java,2.0,0.0,0.0,0.0,0.0,0.0,0,0.0,0.0,0.0,0,false
src/scratchpad/src/org/apache/poi/hssf/record/formula/functions/Roman.java,2.0,0.0,0.0,0.0,0.0,0.0,0,0.0,0.0,0.0,0,false
src/scratchpad/src/org/apache/poi/hssf/record/formula/functions/Round.java,46.0,6.0,0.0,1.0,5.0,6.0,0,0.0,0.0,0.0,0,false
src/scratchpad/src/org/apache/poi/hssf/record/formula/functions/Rounddown.java,46.0,6.0,0.0,1.0,5.0,6.0,0,0.0,0.0,0.0,0,false
src/scratchpad/src/org/apache/poi/hssf/record/formula/functions/Roundup.java,46.0,6.0,0.0,1.0,5.0,6.0,0,0.0,0.0,0.0,0,false
src/scratchpad/src/org/apache/poi/hssf/record/formula/functions/Row.java,29.0,6.0,0.0,1.0,2.0,6.0,0,0.0,0.0,0.0,0,false
src/scratchpad/src/org/apache/poi/hssf/record/formula/functions/Rows.java,2.0,0.0,0.0,0.0,0.0,0.0,0,0.0,0.0,0.0,0,false
src/scratchpad/src/org/apache/poi/hssf/record/formula/functions/Rsq.java,2.0,0.0,0.0,0.0,0.0,0.0,0,0.0,0.0,0.0,0,false
src/scratchpad/src/org/apache/poi/hssf/record/formula/functions/Search.java,2.0,0.0,0.0,0.0,0.0,0.0,0,0.0,0.0,0.0,0,false
src/scratchpad/src/org/apache/poi/hssf/record/formula/functions/Searchb.java,2.0,0.0,0.0,0.0,0.0,0.0,0,0.0,0.0,0.0,0,false
src/scratchpad/src/org/apache/poi/hssf/record/formula/functions/Second.java,2.0,0.0,0.0,0.0,0.0,0.0,0,0.0,0.0,0.0,0,false
src/scratchpad/src/org/apache/poi/hssf/record/formula/functions/Series.java,2.0,0.0,0.0,0.0,0.0,0.0,0,0.0,0.0,0.0,0,false
src/scratchpad/src/org/apache/poi/hssf/record/formula/functions/Setname.java,2.0,0.0,0.0,0.0,0.0,0.0,0,0.0,0.0,0.0,0,false
src/scratchpad/src/org/apache/poi/hssf/record/formula/functions/Setvalue.java,2.0,0.0,0.0,0.0,0.0,0.0,0,0.0,0.0,0.0,0,false
src/scratchpad/src/org/apache/poi/hssf/record/formula/functions/Sign.java,26.0,6.0,0.0,1.0,5.0,6.0,0,0.0,0.0,0.0,0,false
src/scratchpad/src/org/apache/poi/hssf/record/formula/functions/Skew.java,2.0,0.0,0.0,0.0,0.0,0.0,0,0.0,0.0,0.0,0,false
src/scratchpad/src/org/apache/poi/hssf/record/formula/functions/Sln.java,2.0,0.0,0.0,0.0,0.0,0.0,0,0.0,0.0,0.0,0,false
src/scratchpad/src/org/apache/poi/hssf/record/formula/functions/Slope.java,2.0,0.0,0.0,0.0,0.0,0.0,0,0.0,0.0,0.0,0,false
src/scratchpad/src/org/apache/poi/hssf/record/formula/functions/Standardize.java,2.0,0.0,0.0,0.0,0.0,0.0,0,0.0,0.0,0.0,0,false
src/scratchpad/src/org/apache/poi/hssf/record/formula/functions/StatsLib.java,127.0,1.0,28.0,8.0,7.0,32.0,0,0.0,0.0,0.0,0,false
src/scratchpad/src/org/apache/poi/hssf/record/formula/functions/Stdeva.java,2.0,0.0,0.0,0.0,0.0,0.0,0,0.0,0.0,0.0,0,false
src/scratchpad/src/org/apache/poi/hssf/record/formula/functions/Stdevp.java,2.0,0.0,0.0,0.0,0.0,0.0,0,0.0,0.0,0.0,0,false
src/scratchpad/src/org/apache/poi/hssf/record/formula/functions/Stdevpa.java,2.0,0.0,0.0,0.0,0.0,0.0,0,0.0,0.0,0.0,0,false
src/scratchpad/src/org/apache/poi/hssf/record/formula/functions/Step.java,2.0,0.0,0.0,0.0,0.0,0.0,0,0.0,0.0,0.0,0,false
src/scratchpad/src/org/apache/poi/hssf/record/formula/functions/Steyx.java,2.0,0.0,0.0,0.0,0.0,0.0,0,0.0,0.0,0.0,0,false
src/scratchpad/src/org/apache/poi/hssf/record/formula/functions/Substitute.java,2.0,0.0,0.0,0.0,0.0,0.0,0,0.0,0.0,0.0,0,true
src/scratchpad/src/org/apache/poi/hssf/record/formula/functions/Subtotal.java,2.0,0.0,0.0,0.0,0.0,0.0,0,0.0,0.0,0.0,0,false
src/scratchpad/src/org/apache/poi/hssf/record/formula/functions/Sumif.java,2.0,0.0,0.0,0.0,0.0,0.0,0,0.0,0.0,0.0,0,false
src/scratchpad/src/org/apache/poi/hssf/record/formula/functions/Syd.java,2.0,0.0,0.0,0.0,0.0,0.0,0,0.0,0.0,0.0,0,false
src/scratchpad/src/org/apache/poi/hssf/record/formula/functions/T.java,18.0,4.0,0.0,1.0,0.0,6.0,0,0.0,0.0,0.0,0,false
src/scratchpad/src/org/apache/poi/hssf/record/formula/functions/Tdist.java,2.0,0.0,0.0,0.0,0.0,0.0,0,0.0,0.0,0.0,0,false
src/scratchpad/src/org/apache/poi/hssf/record/formula/functions/Text.java,2.0,0.0,0.0,0.0,0.0,0.0,0,0.0,0.0,0.0,0,false
src/scratchpad/src/org/apache/poi/hssf/record/formula/functions/TextFunction.java,72.0,7.0,1.0,2.0,10.0,8.0,0,0.0,0.0,0.0,0,false
src/scratchpad/src/org/apache/poi/hssf/record/formula/functions/Textref.java,2.0,0.0,0.0,0.0,0.0,0.0,0,0.0,0.0,0.0,0,false
src/scratchpad/src/org/apache/poi/hssf/record/formula/functions/Time.java,2.0,0.0,0.0,0.0,0.0,0.0,0,0.0,0.0,0.0,0,false
src/scratchpad/src/org/apache/poi/hssf/record/formula/functions/Timevalue.java,2.0,0.0,0.0,0.0,0.0,0.0,0,0.0,0.0,0.0,0,false
src/scratchpad/src/org/apache/poi/hssf/record/formula/functions/Tinv.java,2.0,0.0,0.0,0.0,0.0,0.0,0,0.0,0.0,0.0,0,false
src/scratchpad/src/org/apache/poi/hssf/record/formula/functions/Today.java,2.0,0.0,0.0,0.0,0.0,0.0,0,0.0,0.0,0.0,0,false
src/scratchpad/src/org/apache/poi/hssf/record/formula/functions/Transpose.java,2.0,0.0,0.0,0.0,0.0,0.0,0,0.0,0.0,0.0,0,false
src/scratchpad/src/org/apache/poi/hssf/record/formula/functions/Trend.java,2.0,0.0,0.0,0.0,0.0,0.0,0,0.0,0.0,0.0,0,false
src/scratchpad/src/org/apache/poi/hssf/record/formula/functions/Trim.java,2.0,0.0,0.0,0.0,0.0,0.0,0,0.0,0.0,0.0,0,false
src/scratchpad/src/org/apache/poi/hssf/record/formula/functions/Trimmean.java,2.0,0.0,0.0,0.0,0.0,0.0,0,0.0,0.0,0.0,0,false
src/scratchpad/src/org/apache/poi/hssf/record/formula/functions/Trunc.java,2.0,0.0,0.0,0.0,0.0,0.0,0,0.0,0.0,0.0,0,false
src/scratchpad/src/org/apache/poi/hssf/record/formula/functions/Ttest.java,2.0,0.0,0.0,0.0,0.0,0.0,0,0.0,0.0,0.0,0,false
src/scratchpad/src/org/apache/poi/hssf/record/formula/functions/Type.java,2.0,0.0,0.0,0.0,0.0,0.0,0,0.0,0.0,0.0,0,false
src/scratchpad/src/org/apache/poi/hssf/record/formula/functions/Usdollar.java,2.0,0.0,0.0,0.0,0.0,0.0,0,0.0,0.0,0.0,0,false
src/scratchpad/src/org/apache/poi/hssf/record/formula/functions/Value.java,2.0,0.0,0.0,0.0,0.0,0.0,0,0.0,0.0,0.0,0,false
src/scratchpad/src/org/apache/poi/hssf/record/formula/functions/Var.java,2.0,0.0,0.0,0.0,0.0,0.0,0,0.0,0.0,0.0,0,false
src/scratchpad/src/org/apache/poi/hssf/record/formula/functions/Vara.java,2.0,0.0,0.0,0.0,0.0,0.0,0,0.0,0.0,0.0,0,false
src/scratchpad/src/org/apache/poi/hssf/record/formula/functions/Varp.java,2.0,0.0,0.0,0.0,0.0,0.0,0,0.0,0.0,0.0,0,false
src/scratchpad/src/org/apache/poi/hssf/record/formula/functions/Varpa.java,2.0,0.0,0.0,0.0,0.0,0.0,0,0.0,0.0,0.0,0,false
src/scratchpad/src/org/apache/poi/hssf/record/formula/functions/Vdb.java,2.0,0.0,0.0,0.0,0.0,0.0,0,0.0,0.0,0.0,0,false
src/scratchpad/src/org/apache/poi/hssf/record/formula/functions/Vlookup.java,2.0,0.0,0.0,0.0,0.0,0.0,0,0.0,0.0,0.0,0,false
src/scratchpad/src/org/apache/poi/hssf/record/formula/functions/Volatile.java,2.0,0.0,0.0,0.0,0.0,0.0,0,0.0,0.0,0.0,0,false
src/scratchpad/src/org/apache/poi/hssf/record/formula/functions/Weekday.java,2.0,0.0,0.0,0.0,0.0,0.0,0,0.0,0.0,0.0,0,false
src/scratchpad/src/org/apache/poi/hssf/record/formula/functions/Weibull.java,2.0,0.0,0.0,0.0,0.0,0.0,0,0.0,0.0,0.0,0,false
src/scratchpad/src/org/apache/poi/hssf/record/formula/functions/XYNumericFunction.java,137.0,7.0,26.0,8.0,13.0,34.0,0,0.0,0.0,0.0,0,false
src/scratchpad/src/org/apache/poi/hssf/record/formula/functions/Year.java,31.0,7.0,0.0,1.0,5.0,6.0,1,0.009615384615384616,687.7391304347826,33809.99999999999,1,true
src/scratchpad/src/org/apache/poi/hssf/record/formula/functions/Ztest.java,2.0,0.0,0.0,0.0,0.0,0.0,0,0.0,0.0,0.0,0,false
src/scratchpad/src/org/apache/poi/hssf/usermodel/HSSFFormulaEvaluator.java,563.0,71.0,0.0,13.0,89.0,61.0,2,0.019230769230769232,1015.4967061923584,35294.85168939957,2,true
src/scratchpad/src/org/apache/poi/hwpf/extractor/WordExtractor.java,112.0,11.0,15.0,7.0,24.0,25.0,1,0.009615384615384616,687.7391304347826,33809.99999999999,1,false
src/scratchpad/testcases/org/apache/poi/TestPOIDocumentScratchpad.java,61.0,5.0,0.0,5.0,22.0,14.0,1,0.009615384615384616,687.7391304347826,33809.99999999999,1,false
src/scratchpad/testcases/org/apache/poi/hdgf/TestHDGFLZW.java,53.0,2.0,0.0,4.0,11.0,12.0,1,0.009615384615384616,687.7391304347826,33809.99999999999,1,false
src/scratchpad/testcases/org/apache/poi/hdgf/extractor/TestVisioExtractor.java,47.0,12.0,0.0,4.0,13.0,9.0,0,0.0,0.0,0.0,0,false
src/scratchpad/testcases/org/apache/poi/hdgf/streams/TestStreamComplex.java,152.0,7.0,0.0,7.0,76.0,12.0,0,0.0,0.0,0.0,0,false
src/scratchpad/testcases/org/apache/poi/hslf/TestReWrite.java,92.0,4.0,7.0,6.0,30.0,16.0,1,0.009615384615384616,687.7391304347826,33809.99999999999,1,true
src/scratchpad/testcases/org/apache/poi/hslf/model/TestOleEmbedding.java,20.0,5.0,0.0,1.0,5.0,4.0,1,0.009615384615384616,327.75757575757575,1484.8516893995734,1,true
src/scratchpad/testcases/org/apache/poi/hslf/model/TestShapes.java,207.0,10.0,0.0,8.0,84.0,23.0,1,0.009615384615384616,327.75757575757575,1484.8516893995734,1,true
src/scratchpad/testcases/org/apache/poi/hslf/record/TestStyleTextPropAtom.java,475.0,10.0,0.0,17.0,112.0,45.0,0,0.0,0.0,0.0,0,true
src/scratchpad/testcases/org/apache/poi/hslf/usermodel/TestAddingSlides.java,138.0,8.0,0.0,4.0,37.0,12.0,0,0.0,0.0,0.0,0,true
src/scratchpad/testcases/org/apache/poi/hsmf/AllTests.java,12.0,1.0,1.0,2.0,1.0,3.0,0,0.0,0.0,0.0,0,true
src/scratchpad/testcases/org/apache/poi/hsmf/model/TestBlankFileRead.java,76.0,4.0,0.0,7.0,13.0,24.0,0,0.0,0.0,0.0,0,true
src/scratchpad/testcases/org/apache/poi/hsmf/model/TestChunkData.java,35.0,4.0,15.0,6.0,17.0,6.0,0,0.0,0.0,0.0,0,true
src/scratchpad/testcases/org/apache/poi/hsmf/model/TestSimpleFileRead.java,77.0,4.0,0.0,8.0,15.0,23.0,0,0.0,0.0,0.0,0,true
src/scratchpad/testcases/org/apache/poi/hssf/record/formula/functions/TestDate.java,61.0,6.0,0.0,5.0,21.0,8.0,1,0.009615384615384616,687.7391304347826,33809.99999999999,1,false
src/scratchpad/testcases/org/apache/poi/hssf/usermodel/TestBug43093.java,27.0,1.0,1.0,2.0,13.0,4.0,0,0.0,0.0,0.0,0,false
src/testcases/org/apache/poi/TestPOIDocumentMain.java,58.0,4.0,0.0,5.0,22.0,14.0,1,0.009615384615384616,687.7391304347826,33809.99999999999,1,true
src/testcases/org/apache/poi/hssf/eventmodel/TestEventRecordFactory.java,162.0,9.0,81.0,15.0,46.0,36.0,0,0.0,0.0,0.0,0,true
src/testcases/org/apache/poi/hssf/eventusermodel/TestHSSFEventFactory.java,53.0,9.0,0.0,4.0,14.0,10.0,1,0.009615384615384616,327.75757575757575,1484.8516893995734,1,false
src/testcases/org/apache/poi/hssf/extractor/TestExcelExtractor.java,34.0,4.0,6.0,4.0,16.0,10.0,1,0.009615384615384616,687.7391304347826,33809.99999999999,1,true
src/testcases/org/apache/poi/hssf/model/TestFormulaParser.java,412.0,23.0,561.0,34.0,129.0,47.0,1,0.009615384615384616,687.7391304347826,33809.99999999999,1,true
src/testcases/org/apache/poi/hssf/record/TestTextObjectRecord.java,64.0,5.0,0.0,3.0,37.0,5.0,0,0.0,0.0,0.0,0,true
src/testcases/org/apache/poi/hssf/record/formula/TestReferencePtg.java,27.0,2.0,0.0,1.0,7.0,3.0,1,0.009615384615384616,687.7391304347826,33809.99999999999,1,true
src/testcases/org/apache/poi/hssf/usermodel/TestEscherGraphics2d.java,78.0,3.0,0.0,8.0,49.0,21.0,0,0.0,0.0,0.0,0,false
src/testcases/org/apache/poi/hssf/usermodel/TestHSSFClientAnchor.java,50.0,3.0,1.0,2.0,15.0,6.0,0,0.0,0.0,0.0,0,true
src/testcases/org/apache/poi/hssf/usermodel/TestHSSFDateUtil.java,216.0,8.0,66.0,12.0,66.0,25.0,2,0.019230769230769232,1015.4967061923584,35294.85168939957,2,true
src/testcases/org/apache/poi/hssf/usermodel/TestHSSFPicture.java,42.0,4.0,1.0,2.0,19.0,7.0,1,0.009615384615384616,327.75757575757575,1484.8516893995734,1,true
src/testcases/org/apache/poi/hssf/usermodel/TestHSSFPictureData.java,34.0,5.0,0.0,1.0,13.0,5.0,1,0.009615384615384616,327.75757575757575,1484.8516893995734,1,true
src/testcases/org/apache/poi/hssf/usermodel/TestHSSFSheet.java,372.0,12.0,231.0,22.0,183.0,43.0,0,0.0,0.0,0.0,0,true
src/testcases/org/apache/poi/hssf/usermodel/TestHSSFSheetOrder.java,60.0,4.0,1.0,2.0,9.0,4.0,1,0.009615384615384616,687.7391304347826,33809.99999999999,1,false
src/testcases/org/apache/poi/hssf/usermodel/TestOLE2Embeding.java,22.0,4.0,1.0,2.0,10.0,5.0,1,0.009615384615384616,327.75757575757575,1484.8516893995734,1,true
src/testcases/org/apache/poi/hssf/usermodel/TestUppercaseWorkbook.java,72.0,6.0,0.0,4.0,15.0,15.0,0,0.0,0.0,0.0,0,true
src/testcases/org/apache/poi/util/LocalTestNode.java,69.0,0.0,16.0,8.0,11.0,16.0,0,0.0,0.0,0.0,0,true
