name,LOC,CBO,LCOM,NOM,RFC,WMC,numOfChanges,bccm,structuralWorkloadSum,semanticWorkloadSum,numberOfDeveloper,isBuggy
src/java/org/apache/poi/ddf/EscherContainerRecord.java,157.0,6.0,58.0,13.0,60.0,39.0,3,0.004149377593360996,8639.970484474092,584104.0064169037,3,true
src/java/org/apache/poi/ddf/EscherOptRecord.java,118.0,7.0,0.0,12.0,41.0,29.0,1,0.0013831258644536654,4623.029177718832,414363.60000000003,1,true
src/java/org/apache/poi/hssf/model/DrawingManager2.java,81.0,4.0,0.0,9.0,28.0,22.0,1,0.0013831258644536654,4623.029177718832,414363.60000000003,1,false
src/java/org/apache/poi/hssf/model/FormulaParser.java,859.0,6.0,764.0,56.0,203.0,166.0,2,0.0027662517289073307,8272.63715114076,582418.1121919303,2,true
src/java/org/apache/poi/hssf/model/Sheet.java,2048.0,12.0,7879.0,142.0,458.0,416.0,1,0.0013831258644536654,4623.029177718832,414363.60000000003,1,true
src/java/org/apache/poi/hssf/model/Workbook.java,1830.0,10.0,3358.0,96.0,373.0,286.0,2,0.0027662517289073307,8272.63715114076,582418.1121919303,2,true
src/java/org/apache/poi/hssf/record/AbstractEscherHolderRecord.java,199.0,9.0,102.0,25.0,51.0,57.0,1,0.0013831258644536654,4623.029177718832,414363.60000000003,1,true
src/java/org/apache/poi/hssf/record/BOFRecord.java,222.0,1.0,142.0,21.0,21.0,38.0,0,0.0,0.0,0.0,0,true
src/java/org/apache/poi/hssf/record/BoundSheetRecord.java,175.0,3.0,142.0,21.0,34.0,44.0,1,0.0013831258644536654,4623.029177718832,414363.60000000003,1,true
src/java/org/apache/poi/hssf/record/ChartTitleFormatRecord.java,98.0,2.0,9.0,10.0,21.0,27.0,0,0.0,0.0,0.0,0,true
src/java/org/apache/poi/hssf/record/DVALRecord.java,151.0,1.0,113.0,19.0,18.0,33.0,2,0.0027662517289073307,8272.63715114076,582418.1121919303,2,true
src/java/org/apache/poi/hssf/record/DVRecord.java,421.0,9.0,195.0,34.0,49.0,77.0,3,0.004149377593360996,8639.970484474092,584104.0064169037,3,true
src/java/org/apache/poi/hssf/record/DrawingGroupRecord.java,88.0,6.0,62.0,12.0,26.0,33.0,1,0.0013831258644536654,4623.029177718832,414363.60000000003,1,true
src/java/org/apache/poi/hssf/record/DrawingRecord.java,72.0,1.0,15.0,11.0,6.0,24.0,1,0.0013831258644536654,4623.029177718832,414363.60000000003,1,true
src/java/org/apache/poi/hssf/record/EmbeddedObjectRefSubRecord.java,116.0,1.0,4.0,9.0,20.0,22.0,0,0.0,0.0,0.0,0,true
src/java/org/apache/poi/hssf/record/EscherAggregate.java,646.0,10.0,190.0,25.0,169.0,74.0,1,0.0013831258644536654,4623.029177718832,414363.60000000003,1,true
src/java/org/apache/poi/hssf/record/FormulaRecord.java,354.0,6.0,528.0,41.0,65.0,103.0,1,0.0013831258644536654,4623.029177718832,414363.60000000003,1,true
src/java/org/apache/poi/hssf/record/NameRecord.java,726.0,10.0,1457.0,62.0,99.0,144.0,2,0.0027662517289073307,8272.63715114076,582418.1121919303,2,true
src/java/org/apache/poi/hssf/record/NoteRecord.java,185.0,1.0,33.0,19.0,13.0,37.0,1,0.0013831258644536654,367.33333333333337,1685.8942249734212,1,true
src/java/org/apache/poi/hssf/record/NoteStructureSubRecord.java,83.0,1.0,0.0,9.0,10.0,18.0,1,0.0013831258644536654,367.33333333333337,1685.8942249734212,1,true
src/java/org/apache/poi/hssf/record/Record.java,108.0,1.0,78.0,13.0,11.0,36.0,1,0.0013831258644536654,4623.029177718832,414363.60000000003,1,true
src/java/org/apache/poi/hssf/record/RecordFactory.java,163.0,3.0,4.0,5.0,33.0,24.0,2,0.0027662517289073307,8272.63715114076,582418.1121919303,2,true
src/java/org/apache/poi/hssf/record/RecordInputStream.java,265.0,4.0,165.0,27.0,46.0,81.0,2,0.0027662517289073307,8272.63715114076,582418.1121919303,2,true
src/java/org/apache/poi/hssf/record/SharedFormulaRecord.java,178.0,2.0,188.0,21.0,45.0,52.0,2,0.0027662517289073307,8272.63715114076,582418.1121919303,2,true
src/java/org/apache/poi/hssf/record/StringRecord.java,132.0,2.0,48.0,16.0,24.0,37.0,0,0.0,0.0,0.0,0,true
src/java/org/apache/poi/hssf/record/TextObjectRecord.java,168.0,5.0,0.0,12.0,68.0,34.0,1,0.0013831258644536654,367.33333333333337,1685.8942249734212,1,true
src/java/org/apache/poi/hssf/record/UncalcedRecord.java,50.0,1.0,30.0,9.0,6.0,16.0,2,0.0027662517289073307,8272.63715114076,582418.1121919303,2,true
src/java/org/apache/poi/hssf/record/aggregates/FormulaRecordAggregate.java,109.0,1.0,0.0,25.0,16.0,63.0,1,0.0013831258644536654,4623.029177718832,414363.60000000003,1,true
src/java/org/apache/poi/hssf/record/aggregates/ValueRecordsAggregate.java,252.0,3.0,102.0,17.0,32.0,56.0,2,0.0027662517289073307,8272.63715114076,582418.1121919303,2,true
src/java/org/apache/poi/hssf/record/formula/Area3DPtg.java,205.0,8.0,227.0,34.0,54.0,55.0,2,0.0027662517289073307,8272.63715114076,582418.1121919303,2,true
src/java/org/apache/poi/hssf/record/formula/ErrPtg.java,50.0,3.0,9.0,7.0,1.0,12.0,2,0.0027662517289073307,8272.63715114076,582418.1121919303,2,true
src/java/org/apache/poi/hssf/record/formula/ExpPtg.java,55.0,4.0,27.0,10.0,6.0,17.0,1,0.0013831258644536654,4623.029177718832,414363.60000000003,1,true
src/java/org/apache/poi/hssf/record/formula/IntPtg.java,70.0,3.0,46.0,12.0,7.0,21.0,3,0.004149377593360996,8639.970484474092,584104.0064169037,3,true
src/java/org/apache/poi/hssf/usermodel/HSSFCell.java,759.0,29.0,15.0,38.0,142.0,123.0,3,0.004149377593360996,8639.970484474092,584104.0064169037,3,true
src/java/org/apache/poi/hssf/usermodel/HSSFCellStyle.java,719.0,5.0,0.0,45.0,59.0,122.0,2,0.0027662517289073307,8272.63715114076,582418.1121919303,2,true
src/java/org/apache/poi/hssf/usermodel/HSSFClientAnchor.java,163.0,0.0,71.0,18.0,16.0,38.0,1,0.0013831258644536654,367.33333333333337,1685.8942249734212,1,true
src/java/org/apache/poi/hssf/usermodel/HSSFComment.java,103.0,4.0,19.0,11.0,11.0,21.0,1,0.0013831258644536654,3649.6079734219265,168054.51219193026,1,true
src/java/org/apache/poi/hssf/usermodel/HSSFDataFormat.java,199.0,7.0,0.0,8.0,27.0,32.0,2,0.0027662517289073307,8272.63715114076,582418.1121919303,2,true
src/java/org/apache/poi/hssf/usermodel/HSSFDateUtil.java,243.0,3.0,76.0,13.0,30.0,48.0,2,0.0027662517289073307,8272.63715114076,582418.1121919303,2,true
src/java/org/apache/poi/hssf/usermodel/HSSFFont.java,209.0,2.0,0.0,23.0,22.0,39.0,2,0.0027662517289073307,8272.63715114076,582418.1121919303,2,true
src/java/org/apache/poi/hssf/usermodel/HSSFFooter.java,203.0,2.0,158.0,20.0,13.0,50.0,1,0.0013831258644536654,3649.6079734219265,168054.51219193026,1,true
src/java/org/apache/poi/hssf/usermodel/HSSFHeader.java,203.0,2.0,158.0,20.0,13.0,50.0,1,0.0013831258644536654,3649.6079734219265,168054.51219193026,1,true
src/java/org/apache/poi/hssf/usermodel/HSSFName.java,82.0,4.0,0.0,7.0,19.0,15.0,1,0.0013831258644536654,3649.6079734219265,168054.51219193026,1,true
src/java/org/apache/poi/hssf/usermodel/HSSFPalette.java,140.0,3.0,0.0,6.0,7.0,20.0,2,0.0027662517289073307,8272.63715114076,582418.1121919303,2,true
src/java/org/apache/poi/hssf/usermodel/HSSFPatriarch.java,184.0,9.0,50.0,16.0,23.0,35.0,2,0.0027662517289073307,8272.63715114076,582418.1121919303,2,true
src/java/org/apache/poi/hssf/usermodel/HSSFPicture.java,107.0,12.0,9.0,6.0,40.0,16.0,0,0.0,0.0,0.0,0,true
src/java/org/apache/poi/hssf/usermodel/HSSFPrintSetup.java,293.0,2.0,0.0,39.0,38.0,61.0,1,0.0013831258644536654,3649.6079734219265,168054.51219193026,1,false
src/java/org/apache/poi/hssf/usermodel/HSSFRichTextString.java,195.0,6.0,0.0,22.0,41.0,54.0,1,0.0013831258644536654,3649.6079734219265,168054.51219193026,1,true
src/java/org/apache/poi/hssf/usermodel/HSSFRow.java,361.0,8.0,160.0,29.0,55.0,73.0,2,0.0027662517289073307,8272.63715114076,582418.1121919303,2,true
src/java/org/apache/poi/hssf/usermodel/HSSFShapeGroup.java,124.0,3.0,28.0,13.0,11.0,25.0,1,0.0013831258644536654,4623.029177718832,414363.60000000003,1,true
src/java/org/apache/poi/hssf/usermodel/HSSFSheet.java,1285.0,40.0,0.0,111.0,353.0,279.0,3,0.004149377593360996,8639.970484474092,584104.0064169037,3,true
src/java/org/apache/poi/hssf/usermodel/HSSFTextbox.java,78.0,1.0,51.0,11.0,1.0,17.0,1,0.0013831258644536654,3649.6079734219265,168054.51219193026,1,false
src/java/org/apache/poi/hssf/usermodel/HSSFWorkbook.java,986.0,41.0,0.0,68.0,247.0,195.0,2,0.0027662517289073307,8272.63715114076,582418.1121919303,2,true
src/java/org/apache/poi/hssf/util/AreaReference.java,107.0,2.0,12.0,8.0,25.0,26.0,2,0.0027662517289073307,8272.63715114076,582418.1121919303,2,true
src/java/org/apache/poi/hssf/util/CellReference.java,127.0,0.0,34.0,13.0,17.0,32.0,2,0.0027662517289073307,8272.63715114076,582418.1121919303,2,true
src/java/org/apache/poi/hssf/util/HSSFCellRangeAddress.java,178.0,3.0,10.0,9.0,14.0,19.0,0,0.0,0.0,0.0,0,true
src/java/org/apache/poi/hssf/util/HSSFColor.java,1000.0,2.0,15.0,6.0,2.0,13.0,1,0.0013831258644536654,3649.6079734219265,168054.51219193026,1,true
src/java/org/apache/poi/hssf/util/HSSFDataValidation.java,362.0,0.0,568.0,36.0,6.0,82.0,0,0.0,0.0,0.0,0,true
src/java/org/apache/poi/poifs/common/POIFSConstants.java,11.0,0.0,0.0,0.0,0.0,0.0,1,0.0013831258644536654,4623.029177718832,414363.60000000003,1,true
src/java/org/apache/poi/poifs/filesystem/POIFSFileSystem.java,267.0,27.0,123.0,18.0,81.0,56.0,2,0.0027662517289073307,8272.63715114076,582418.1121919303,2,true
src/java/org/apache/poi/poifs/storage/HeaderBlockReader.java,82.0,10.0,9.0,7.0,8.0,17.0,1,0.0013831258644536654,4623.029177718832,414363.60000000003,1,true
src/java/org/apache/poi/poifs/storage/RawDataBlock.java,61.0,3.0,2.0,4.0,2.0,17.0,2,0.0027662517289073307,8272.63715114076,582418.1121919303,2,true
src/java/org/apache/poi/poifs/storage/SmallBlockTableWriter.java,79.0,6.0,3.0,6.0,16.0,17.0,0,0.0,0.0,0.0,0,true
src/java/org/apache/poi/util/IOUtils.java,51.0,3.0,6.0,4.0,5.0,15.0,1,0.0013831258644536654,4623.029177718832,414363.60000000003,1,true
src/java/org/apache/poi/util/StringUtil.java,268.0,3.0,91.0,14.0,27.0,60.0,0,0.0,0.0,0.0,0,true
src/ooxml/interfaces-jdk14/org/apache/poi/ss/usermodel/Cell.java,38.0,0.0,0.0,0.0,0.0,0.0,2,0.0027662517289073307,8272.63715114076,582418.1121919303,2,true
src/ooxml/interfaces-jdk14/org/apache/poi/ss/usermodel/CellStyle.java,2.0,0.0,0.0,0.0,0.0,0.0,1,0.0013831258644536654,4623.029177718832,414363.60000000003,1,false
src/ooxml/interfaces-jdk14/org/apache/poi/ss/usermodel/Color.java,2.0,0.0,0.0,0.0,0.0,0.0,1,0.0013831258644536654,4623.029177718832,414363.60000000003,1,false
src/ooxml/interfaces-jdk14/org/apache/poi/ss/usermodel/Comment.java,2.0,0.0,0.0,0.0,0.0,0.0,1,0.0013831258644536654,4623.029177718832,414363.60000000003,1,false
src/ooxml/interfaces-jdk14/org/apache/poi/ss/usermodel/DataFormat.java,2.0,0.0,0.0,0.0,0.0,0.0,1,0.0013831258644536654,4623.029177718832,414363.60000000003,1,false
src/ooxml/interfaces-jdk14/org/apache/poi/ss/usermodel/Font.java,66.0,0.0,0.0,0.0,0.0,0.0,2,0.0027662517289073307,8272.63715114076,582418.1121919303,2,false
src/ooxml/interfaces-jdk14/org/apache/poi/ss/usermodel/Footer.java,2.0,0.0,0.0,0.0,0.0,0.0,1,0.0013831258644536654,4623.029177718832,414363.60000000003,1,false
src/ooxml/interfaces-jdk14/org/apache/poi/ss/usermodel/Header.java,2.0,0.0,0.0,0.0,0.0,0.0,1,0.0013831258644536654,4623.029177718832,414363.60000000003,1,false
src/ooxml/interfaces-jdk14/org/apache/poi/ss/usermodel/Name.java,2.0,0.0,0.0,0.0,0.0,0.0,1,0.0013831258644536654,4623.029177718832,414363.60000000003,1,false
src/ooxml/interfaces-jdk14/org/apache/poi/ss/usermodel/Palette.java,2.0,0.0,0.0,0.0,0.0,0.0,1,0.0013831258644536654,4623.029177718832,414363.60000000003,1,false
src/ooxml/interfaces-jdk14/org/apache/poi/ss/usermodel/Patriarch.java,2.0,0.0,0.0,0.0,0.0,0.0,1,0.0013831258644536654,4623.029177718832,414363.60000000003,1,false
src/ooxml/interfaces-jdk14/org/apache/poi/ss/usermodel/PrintSetup.java,2.0,0.0,0.0,0.0,0.0,0.0,1,0.0013831258644536654,4623.029177718832,414363.60000000003,1,false
src/ooxml/interfaces-jdk14/org/apache/poi/ss/usermodel/RichTextString.java,2.0,0.0,0.0,0.0,0.0,0.0,1,0.0013831258644536654,4623.029177718832,414363.60000000003,1,false
src/ooxml/interfaces-jdk14/org/apache/poi/ss/usermodel/Row.java,2.0,0.0,0.0,0.0,0.0,0.0,1,0.0013831258644536654,4623.029177718832,414363.60000000003,1,false
src/ooxml/interfaces-jdk14/org/apache/poi/ss/usermodel/SharedStringSource.java,2.0,0.0,0.0,0.0,0.0,0.0,1,0.0013831258644536654,4623.029177718832,414363.60000000003,1,false
src/ooxml/interfaces-jdk14/org/apache/poi/ss/usermodel/Sheet.java,2.0,0.0,0.0,0.0,0.0,0.0,1,0.0013831258644536654,4623.029177718832,414363.60000000003,1,false
src/ooxml/interfaces-jdk14/org/apache/poi/ss/usermodel/Textbox.java,2.0,0.0,0.0,0.0,0.0,0.0,1,0.0013831258644536654,4623.029177718832,414363.60000000003,1,false
src/ooxml/interfaces-jdk14/org/apache/poi/ss/usermodel/Workbook.java,2.0,0.0,0.0,0.0,0.0,0.0,1,0.0013831258644536654,4623.029177718832,414363.60000000003,1,true
src/ooxml/interfaces-jdk15/org/apache/poi/ss/usermodel/Cell.java,181.0,2.0,253.0,23.0,0.0,51.0,1,0.0013831258644536654,4623.029177718832,414363.60000000003,1,true
src/ooxml/interfaces-jdk15/org/apache/poi/ss/usermodel/CellStyle.java,572.0,0.0,861.0,42.0,0.0,90.0,1,0.0013831258644536654,4623.029177718832,414363.60000000003,1,false
src/ooxml/interfaces-jdk15/org/apache/poi/ss/usermodel/Color.java,14.0,0.0,3.0,3.0,0.0,6.0,1,0.0013831258644536654,4623.029177718832,414363.60000000003,1,false
src/ooxml/interfaces-jdk15/org/apache/poi/ss/usermodel/Comment.java,47.0,0.0,36.0,9.0,0.0,15.0,1,0.0013831258644536654,4623.029177718832,414363.60000000003,1,false
src/ooxml/interfaces-jdk15/org/apache/poi/ss/usermodel/DataFormat.java,15.0,0.0,1.0,2.0,0.0,8.0,1,0.0013831258644536654,4623.029177718832,414363.60000000003,1,false
src/ooxml/interfaces-jdk15/org/apache/poi/ss/usermodel/Font.java,211.0,0.0,231.0,22.0,0.0,37.0,1,0.0013831258644536654,4623.029177718832,414363.60000000003,1,false
src/ooxml/interfaces-jdk15/org/apache/poi/ss/usermodel/Footer.java,32.0,0.0,15.0,6.0,0.0,9.0,1,0.0013831258644536654,4623.029177718832,414363.60000000003,1,false
src/ooxml/interfaces-jdk15/org/apache/poi/ss/usermodel/Header.java,32.0,0.0,15.0,6.0,0.0,9.0,1,0.0013831258644536654,4623.029177718832,414363.60000000003,1,false
src/ooxml/interfaces-jdk15/org/apache/poi/ss/usermodel/Name.java,27.0,0.0,10.0,5.0,0.0,8.0,1,0.0013831258644536654,4623.029177718832,414363.60000000003,1,true
src/ooxml/interfaces-jdk15/org/apache/poi/ss/usermodel/Palette.java,44.0,0.0,10.0,5.0,0.0,15.0,1,0.0013831258644536654,4623.029177718832,414363.60000000003,1,false
src/ooxml/interfaces-jdk15/org/apache/poi/ss/usermodel/Patriarch.java,74.0,9.0,78.0,13.0,0.0,19.0,1,0.0013831258644536654,4623.029177718832,414363.60000000003,1,false
src/ooxml/interfaces-jdk15/org/apache/poi/ss/usermodel/PrintSetup.java,201.0,0.0,703.0,38.0,0.0,60.0,1,0.0013831258644536654,4623.029177718832,414363.60000000003,1,true
src/ooxml/interfaces-jdk15/org/apache/poi/ss/usermodel/RichTextString.java,77.0,0.0,91.0,14.0,0.0,29.0,1,0.0013831258644536654,4623.029177718832,414363.60000000003,1,false
src/ooxml/interfaces-jdk15/org/apache/poi/ss/usermodel/Row.java,98.0,1.0,153.0,18.0,0.0,39.0,1,0.0013831258644536654,4623.029177718832,414363.60000000003,1,true
src/ooxml/interfaces-jdk15/org/apache/poi/ss/usermodel/SharedStringSource.java,17.0,0.0,1.0,2.0,0.0,5.0,1,0.0013831258644536654,4623.029177718832,414363.60000000003,1,false
src/ooxml/interfaces-jdk15/org/apache/poi/ss/usermodel/Sheet.java,525.0,3.0,4186.0,92.0,0.0,197.0,1,0.0013831258644536654,4623.029177718832,414363.60000000003,1,true
src/ooxml/interfaces-jdk15/org/apache/poi/ss/usermodel/Textbox.java,43.0,0.0,45.0,10.0,0.0,15.0,1,0.0013831258644536654,4623.029177718832,414363.60000000003,1,false
src/ooxml/interfaces-jdk15/org/apache/poi/ss/usermodel/Workbook.java,362.0,3.0,1275.0,51.0,0.0,104.0,1,0.0013831258644536654,4623.029177718832,414363.60000000003,1,true
src/ooxml/java/org/apache/poi/xssf/strings/SharedStringsTable.java,82.0,11.0,1.0,6.0,26.0,24.0,1,0.0013831258644536654,3649.6079734219265,168054.51219193026,1,false
src/ooxml/java/org/apache/poi/xssf/usermodel/XSSFCell.java,188.0,11.0,105.0,26.0,56.0,68.0,2,0.0027662517289073307,8272.63715114076,582418.1121919303,2,true
src/ooxml/java/org/apache/poi/xssf/usermodel/XSSFRichTextString.java,40.0,2.0,72.0,13.0,1.0,20.0,2,0.0027662517289073307,8272.63715114076,582418.1121919303,2,true
src/ooxml/java/org/apache/poi/xssf/usermodel/XSSFRow.java,142.0,7.0,74.0,20.0,41.0,49.0,2,0.0027662517289073307,8272.63715114076,582418.1121919303,2,true
src/ooxml/java/org/apache/poi/xssf/usermodel/XSSFSheet.java,336.0,23.0,4828.0,100.0,56.0,165.0,2,0.0027662517289073307,8272.63715114076,582418.1121919303,2,true
src/ooxml/java/org/apache/poi/xssf/usermodel/XSSFWorkbook.java,243.0,26.0,1162.0,53.0,78.0,103.0,2,0.0027662517289073307,8272.63715114076,582418.1121919303,2,true
src/ooxml/testcases/org/apache/poi/xssf/usermodel/TestXSSFCell.java,123.0,8.0,28.0,8.0,60.0,21.0,1,0.0013831258644536654,3649.6079734219265,168054.51219193026,1,true
src/ooxml/testcases/org/apache/poi/xssf/usermodel/TestXSSFRow.java,120.0,3.0,36.0,9.0,49.0,18.0,1,0.0013831258644536654,3649.6079734219265,168054.51219193026,1,true
src/ooxml/testcases/org/apache/poi/xssf/usermodel/TestXSSFSheet.java,68.0,5.0,10.0,5.0,42.0,10.0,2,0.0027662517289073307,8272.63715114076,582418.1121919303,2,true
src/ooxml/testcases/org/apache/poi/xssf/usermodel/TestXSSFWorkbook.java,92.0,7.0,28.0,8.0,41.0,14.0,1,0.0013831258644536654,3649.6079734219265,168054.51219193026,1,true
src/scratchpad/examples/src/org/apache/poi/hslf/examples/TableDemo.java,72.0,5.0,0.0,1.0,27.0,5.0,1,0.0013831258644536654,367.33333333333337,1685.8942249734212,1,true
src/scratchpad/examples/src/org/apache/poi/hssf/eventusermodel/examples/XLS2CSVmra.java,210.0,34.0,0.0,6.0,35.0,23.0,0,0.0,0.0,0.0,0,false
src/scratchpad/ooxml-src/org/apache/poi/POIXMLDocument.java,23.0,1.0,0.0,2.0,0.0,4.0,1,0.0013831258644536654,4623.029177718832,414363.60000000003,1,false
src/scratchpad/ooxml-src/org/apache/poi/POIXMLTextExtractor.java,13.0,0.0,0.0,1.0,0.0,2.0,1,0.0013831258644536654,4623.029177718832,414363.60000000003,1,false
src/scratchpad/ooxml-src/org/apache/poi/hslf/HSLFXML.java,86.0,20.0,19.0,7.0,26.0,20.0,1,0.0013831258644536654,4623.029177718832,414363.60000000003,1,false
src/scratchpad/ooxml-src/org/apache/poi/hslf/extractor/HXFPowerPointExtractor.java,82.0,17.0,22.0,8.0,20.0,22.0,1,0.0013831258644536654,4623.029177718832,414363.60000000003,1,false
src/scratchpad/ooxml-src/org/apache/poi/hslf/usermodel/HSLFXMLSlideShow.java,16.0,2.0,0.0,2.0,0.0,3.0,1,0.0013831258644536654,4623.029177718832,414363.60000000003,1,false
src/scratchpad/ooxml-src/org/apache/poi/hssf/HSSFXML.java,60.0,13.0,7.0,6.0,12.0,15.0,1,0.0013831258644536654,4623.029177718832,414363.60000000003,1,true
src/scratchpad/ooxml-src/org/apache/poi/hssf/extractor/HXFExcelExtractor.java,81.0,14.0,9.0,6.0,16.0,16.0,1,0.0013831258644536654,4623.029177718832,414363.60000000003,1,true
src/scratchpad/ooxml-src/org/apache/poi/hssf/model/SharedStringsTable.java,34.0,8.0,0.0,3.0,18.0,7.0,1,0.0013831258644536654,4623.029177718832,414363.60000000003,1,false
src/scratchpad/ooxml-src/org/apache/poi/hssf/usermodel/HSSFXMLCell.java,33.0,2.0,0.0,3.0,7.0,6.0,1,0.0013831258644536654,4623.029177718832,414363.60000000003,1,true
src/scratchpad/ooxml-src/org/apache/poi/hssf/usermodel/HSSFXMLWorkbook.java,19.0,2.0,0.0,3.0,1.0,5.0,1,0.0013831258644536654,4623.029177718832,414363.60000000003,1,true
src/scratchpad/ooxml-src/org/apache/poi/hwpf/HWPFXML.java,50.0,12.0,4.0,4.0,9.0,11.0,1,0.0013831258644536654,4623.029177718832,414363.60000000003,1,false
src/scratchpad/ooxml-src/org/apache/poi/hwpf/extractor/HXFWordExtractor.java,38.0,13.0,4.0,4.0,12.0,9.0,1,0.0013831258644536654,4623.029177718832,414363.60000000003,1,false
src/scratchpad/ooxml-src/org/apache/poi/hwpf/usermodel/HWPFXMLDocument.java,13.0,2.0,0.0,2.0,0.0,3.0,1,0.0013831258644536654,4623.029177718832,414363.60000000003,1,false
src/scratchpad/ooxml-src/org/apache/poi/hxf/HXFDocument.java,182.0,25.0,40.0,12.0,32.0,51.0,1,0.0013831258644536654,4623.029177718832,414363.60000000003,1,true
src/scratchpad/ooxml-src/org/apache/poi/hxf/dev/HXFLister.java,89.0,10.0,0.0,7.0,28.0,19.0,1,0.0013831258644536654,4623.029177718832,414363.60000000003,1,false
src/scratchpad/ooxml-testcases/org/apache/poi/hslf/TestHSLFXML.java,56.0,7.0,0.0,5.0,40.0,12.0,1,0.0013831258644536654,4623.029177718832,414363.60000000003,1,false
src/scratchpad/ooxml-testcases/org/apache/poi/hslf/extractor/TestHXFPowerPointExtractor.java,37.0,5.0,0.0,2.0,11.0,4.0,1,0.0013831258644536654,4623.029177718832,414363.60000000003,1,false
src/scratchpad/ooxml-testcases/org/apache/poi/hssf/TestHSSFXML.java,85.0,7.0,0.0,6.0,42.0,16.0,1,0.0013831258644536654,4623.029177718832,414363.60000000003,1,false
src/scratchpad/ooxml-testcases/org/apache/poi/hssf/extractor/TestHXFExcelExtractor.java,81.0,10.0,0.0,4.0,24.0,10.0,1,0.0013831258644536654,4623.029177718832,414363.60000000003,1,true
src/scratchpad/ooxml-testcases/org/apache/poi/hwpf/TestHWPFXML.java,53.0,5.0,0.0,5.0,34.0,12.0,1,0.0013831258644536654,4623.029177718832,414363.60000000003,1,false
src/scratchpad/ooxml-testcases/org/apache/poi/hwpf/extractor/TestHXFWordExtractor.java,62.0,5.0,0.0,3.0,20.0,10.0,1,0.0013831258644536654,4623.029177718832,414363.60000000003,1,false
src/scratchpad/ooxml-testcases/org/apache/poi/hxf/TestDetectAsOOXML.java,23.0,2.0,0.0,3.0,5.0,5.0,1,0.0013831258644536654,4623.029177718832,414363.60000000003,1,false
src/scratchpad/src/org/apache/poi/hdgf/HDGFLZW.java,235.0,4.0,15.0,6.0,8.0,22.0,0,0.0,0.0,0.0,0,false
src/scratchpad/src/org/apache/poi/hdgf/chunks/ChunkFactory.java,139.0,9.0,0.0,4.0,24.0,14.0,0,0.0,0.0,0.0,0,true
src/scratchpad/src/org/apache/poi/hdgf/chunks/ChunkHeader.java,63.0,1.0,20.0,8.0,3.0,18.0,0,0.0,0.0,0.0,0,true
src/scratchpad/src/org/apache/poi/hslf/extractor/PowerPointExtractor.java,158.0,7.0,45.0,11.0,17.0,27.0,1,0.0013831258644536654,4623.029177718832,414363.60000000003,1,true
src/scratchpad/src/org/apache/poi/hslf/model/Fill.java,167.0,7.0,0.0,9.0,47.0,25.0,2,0.0027662517289073307,4016.94130675526,169740.4064169037,2,true
src/scratchpad/src/org/apache/poi/hslf/model/Sheet.java,230.0,10.0,81.0,15.0,53.0,43.0,1,0.0013831258644536654,367.33333333333337,1685.8942249734212,1,true
src/scratchpad/src/org/apache/poi/hslf/model/SimpleShape.java,161.0,4.0,66.0,12.0,52.0,25.0,1,0.0013831258644536654,367.33333333333337,1685.8942249734212,1,true
src/scratchpad/src/org/apache/poi/hslf/model/Table.java,220.0,6.0,0.0,13.0,56.0,36.0,1,0.0013831258644536654,367.33333333333337,1685.8942249734212,1,true
src/scratchpad/src/org/apache/poi/hslf/model/TableCell.java,109.0,5.0,54.0,13.0,13.0,28.0,1,0.0013831258644536654,367.33333333333337,1685.8942249734212,1,true
src/scratchpad/src/org/apache/poi/hslf/model/TextBox.java,386.0,9.0,296.0,28.0,93.0,65.0,1,0.0013831258644536654,367.33333333333337,1685.8942249734212,1,true
src/scratchpad/src/org/apache/poi/hslf/model/TextRun.java,442.0,12.0,138.0,21.0,70.0,59.0,2,0.0027662517289073307,4990.362511052165,416049.49422497343,2,true
src/scratchpad/src/org/apache/poi/hslf/record/StyleTextPropAtom.java,267.0,12.0,10.0,16.0,35.0,39.0,1,0.0013831258644536654,4623.029177718832,414363.60000000003,1,true
src/scratchpad/src/org/apache/poi/hslf/usermodel/RichTextRun.java,419.0,11.0,845.0,46.0,79.0,96.0,2,0.0027662517289073307,4990.362511052165,416049.49422497343,2,true
src/scratchpad/src/org/apache/poi/hsmf/MAPIMessage.java,113.0,10.0,64.0,12.0,18.0,41.0,1,0.0013831258644536654,4623.029177718832,414363.60000000003,1,true
src/scratchpad/src/org/apache/poi/hsmf/datatypes/Chunks.java,18.0,0.0,0.0,1.0,0.0,2.0,1,0.0013831258644536654,4623.029177718832,414363.60000000003,1,true
src/scratchpad/src/org/apache/poi/hssf/record/formula/functions/Date.java,66.0,10.0,3.0,3.0,9.0,13.0,0,0.0,0.0,0.0,0,false
src/scratchpad/src/org/apache/poi/hssf/record/formula/functions/Day.java,36.0,7.0,0.0,1.0,7.0,7.0,0,0.0,0.0,0.0,0,false
src/scratchpad/src/org/apache/poi/hssf/record/formula/functions/Mid.java,55.0,7.0,0.0,1.0,5.0,7.0,2,0.0027662517289073307,8272.63715114076,582418.1121919303,2,true
src/scratchpad/src/org/apache/poi/hssf/record/formula/functions/Month.java,31.0,7.0,0.0,1.0,5.0,6.0,0,0.0,0.0,0.0,0,true
src/scratchpad/src/org/apache/poi/hssf/record/formula/functions/Replace.java,61.0,6.0,0.0,1.0,8.0,7.0,1,0.0013831258644536654,4623.029177718832,414363.60000000003,1,true
src/scratchpad/src/org/apache/poi/hssf/record/formula/functions/Substitute.java,70.0,6.0,0.0,1.0,8.0,7.0,1,0.0013831258644536654,4623.029177718832,414363.60000000003,1,true
src/scratchpad/src/org/apache/poi/hssf/record/formula/functions/Trim.java,45.0,7.0,0.0,1.0,4.0,7.0,2,0.0027662517289073307,8272.63715114076,582418.1121919303,2,false
src/scratchpad/src/org/apache/poi/hssf/record/formula/functions/Year.java,31.0,7.0,0.0,1.0,5.0,6.0,0,0.0,0.0,0.0,0,true
src/scratchpad/src/org/apache/poi/hssf/usermodel/HSSFFormulaEvaluator.java,614.0,71.0,0.0,14.0,97.0,67.0,2,0.0027662517289073307,8272.63715114076,582418.1121919303,2,true
src/scratchpad/src/org/apache/poi/hwpf/model/ListTables.java,147.0,10.0,0.0,10.0,45.0,32.0,0,0.0,0.0,0.0,0,true
src/scratchpad/src/org/apache/poi/hwpf/model/StyleSheet.java,212.0,8.0,0.0,9.0,21.0,33.0,0,0.0,0.0,0.0,0,true
src/scratchpad/src/org/apache/poi/hwpf/sprm/TableSprmUncompressor.java,148.0,4.0,3.0,3.0,31.0,12.0,1,0.0013831258644536654,4623.029177718832,414363.60000000003,1,false
src/scratchpad/src/org/apache/poi/hwpf/usermodel/ListEntry.java,19.0,7.0,1.0,2.0,7.0,6.0,0,0.0,0.0,0.0,0,true
src/scratchpad/testcases/org/apache/poi/hdgf/TestHDGFCore.java,38.0,5.0,0.0,4.0,9.0,8.0,0,0.0,0.0,0.0,0,true
src/scratchpad/testcases/org/apache/poi/hslf/extractor/TextExtractor.java,79.0,1.0,0.0,6.0,20.0,16.0,1,0.0013831258644536654,4623.029177718832,414363.60000000003,1,true
src/scratchpad/testcases/org/apache/poi/hslf/usermodel/TestBugs.java,250.0,9.0,0.0,11.0,80.0,50.0,2,0.0027662517289073307,4016.94130675526,169740.4064169037,2,true
src/scratchpad/testcases/org/apache/poi/hslf/usermodel/TestRichTextRun.java,428.0,13.0,63.0,14.0,136.0,39.0,1,0.0013831258644536654,4623.029177718832,414363.60000000003,1,true
src/scratchpad/testcases/org/apache/poi/hsmf/model/TestBlankFileRead.java,89.0,4.0,0.0,8.0,15.0,29.0,1,0.0013831258644536654,4623.029177718832,414363.60000000003,1,true
src/scratchpad/testcases/org/apache/poi/hsmf/model/TestSimpleFileRead.java,86.0,4.0,0.0,9.0,17.0,26.0,1,0.0013831258644536654,4623.029177718832,414363.60000000003,1,true
src/scratchpad/testcases/org/apache/poi/hssf/model/TestFormulaParserSP.java,42.0,8.0,1.0,2.0,13.0,3.0,2,0.0027662517289073307,8272.63715114076,582418.1121919303,2,true
src/scratchpad/testcases/org/apache/poi/hssf/record/formula/eval/TestEverything.java,28.0,1.0,0.0,1.0,1.0,4.0,2,0.0027662517289073307,8272.63715114076,582418.1121919303,2,false
src/scratchpad/testcases/org/apache/poi/hssf/record/formula/functions/TestEverything.java,20.0,2.0,0.0,1.0,3.0,4.0,2,0.0027662517289073307,8272.63715114076,582418.1121919303,2,false
src/scratchpad/testcases/org/apache/poi/hssf/usermodel/TestBug42464.java,49.0,9.0,4.0,5.0,32.0,13.0,2,0.0027662517289073307,8272.63715114076,582418.1121919303,2,true
src/scratchpad/testcases/org/apache/poi/hssf/usermodel/TestFormulaEvaluatorDocs.java,84.0,2.0,1.0,2.0,21.0,6.0,2,0.0027662517289073307,8272.63715114076,582418.1121919303,2,true
src/scratchpad/testcases/org/apache/poi/hwpf/usermodel/TestProblems.java,37.0,11.0,1.0,3.0,12.0,8.0,2,0.0027662517289073307,8272.63715114076,582418.1121919303,2,true
src/testcases/org/apache/poi/ddf/TestEscherContainerRecord.java,69.0,3.0,28.0,8.0,24.0,17.0,1,0.0013831258644536654,4623.029177718832,414363.60000000003,1,true
src/testcases/org/apache/poi/hssf/HSSFTests.java,104.0,92.0,1.0,2.0,3.0,5.0,2,0.0027662517289073307,8272.63715114076,582418.1121919303,2,true
src/testcases/org/apache/poi/hssf/extractor/TestExcelExtractor.java,41.0,4.0,10.0,5.0,20.0,12.0,0,0.0,0.0,0.0,0,true
src/testcases/org/apache/poi/hssf/model/TestFormulaParser.java,414.0,23.0,561.0,34.0,129.0,47.0,3,0.004149377593360996,8639.970484474092,584104.0064169037,3,true
src/testcases/org/apache/poi/hssf/model/TestSheetAdditional.java,204.0,10.0,45.0,10.0,61.0,25.0,0,0.0,0.0,0.0,0,true
src/testcases/org/apache/poi/hssf/record/TestBOFRecord.java,12.0,5.0,0.0,2.0,1.0,3.0,0,0.0,0.0,0.0,0,true
src/testcases/org/apache/poi/hssf/record/TestChartTitleFormatRecord.java,30.0,11.0,0.0,2.0,9.0,3.0,0,0.0,0.0,0.0,0,true
src/testcases/org/apache/poi/hssf/record/TestEmbeddedObjectRefSubRecord.java,42.0,5.0,1.0,2.0,12.0,5.0,0,0.0,0.0,0.0,0,true
src/testcases/org/apache/poi/hssf/record/TestNoteRecord.java,54.0,2.0,4.0,4.0,35.0,6.0,1,0.0013831258644536654,367.33333333333337,1685.8942249734212,1,true
src/testcases/org/apache/poi/hssf/record/TestNoteStructureSubRecord.java,34.0,2.0,4.0,4.0,15.0,6.0,1,0.0013831258644536654,367.33333333333337,1685.8942249734212,1,true
src/testcases/org/apache/poi/hssf/record/TestRecordFactory.java,122.0,7.0,15.0,6.0,46.0,15.0,0,0.0,0.0,0.0,0,true
src/testcases/org/apache/poi/hssf/record/TestTextObjectRecord.java,98.0,5.0,0.0,4.0,66.0,6.0,1,0.0013831258644536654,367.33333333333337,1685.8942249734212,1,true
src/testcases/org/apache/poi/hssf/record/TestUnicodeNameRecord.java,13.0,7.0,0.0,2.0,2.0,3.0,0,0.0,0.0,0.0,0,false
src/testcases/org/apache/poi/hssf/usermodel/TestBugs.java,780.0,5.0,845.0,50.0,258.0,143.0,3,0.004149377593360996,8639.970484474092,584104.0064169037,3,true
src/testcases/org/apache/poi/hssf/usermodel/TestDataValidation.java,755.0,5.0,78.0,13.0,114.0,25.0,2,0.0027662517289073307,8272.63715114076,582418.1121919303,2,true
src/testcases/org/apache/poi/hssf/usermodel/TestEscherGraphics.java,195.0,4.0,0.0,8.0,58.0,20.0,1,0.0013831258644536654,4623.029177718832,414363.60000000003,1,true
src/testcases/org/apache/poi/hssf/usermodel/TestFormulas.java,828.0,8.0,903.0,43.0,311.0,117.0,2,0.0027662517289073307,8272.63715114076,582418.1121919303,2,true
src/testcases/org/apache/poi/hssf/usermodel/TestHSSFCell.java,239.0,16.0,45.0,10.0,106.0,24.0,3,0.004149377593360996,8639.970484474092,584104.0064169037,3,true
src/testcases/org/apache/poi/hssf/usermodel/TestHSSFClientAnchor.java,60.0,3.0,3.0,3.0,18.0,8.0,1,0.0013831258644536654,367.33333333333337,1685.8942249734212,1,true
src/testcases/org/apache/poi/hssf/usermodel/TestHSSFDateUtil.java,239.0,8.0,73.0,14.0,72.0,28.0,2,0.0027662517289073307,8272.63715114076,582418.1121919303,2,true
src/testcases/org/apache/poi/hssf/usermodel/TestHSSFPalette.java,153.0,10.0,5.0,10.0,51.0,19.0,2,0.0027662517289073307,8272.63715114076,582418.1121919303,2,true
src/testcases/org/apache/poi/hssf/usermodel/TestHSSFPicture.java,42.0,4.0,1.0,2.0,19.0,7.0,2,0.0027662517289073307,8272.63715114076,582418.1121919303,2,true
src/testcases/org/apache/poi/hssf/usermodel/TestHSSFRow.java,116.0,5.0,10.0,5.0,37.0,11.0,2,0.0027662517289073307,8272.63715114076,582418.1121919303,2,true
src/testcases/org/apache/poi/hssf/usermodel/TestHSSFSheet.java,610.0,17.0,406.0,29.0,254.0,57.0,2,0.0027662517289073307,8272.63715114076,582418.1121919303,2,true
src/testcases/org/apache/poi/hssf/usermodel/TestHSSFWorkbook.java,126.0,6.0,22.0,8.0,37.0,17.0,1,0.0013831258644536654,4623.029177718832,414363.60000000003,1,true
src/testcases/org/apache/poi/hssf/usermodel/TestNamedRange.java,360.0,11.0,136.0,17.0,166.0,45.0,2,0.0027662517289073307,8272.63715114076,582418.1121919303,2,true
src/testcases/org/apache/poi/hssf/usermodel/TestReadWriteChart.java,41.0,8.0,3.0,3.0,21.0,7.0,0,0.0,0.0,0.0,0,false
src/testcases/org/apache/poi/hssf/usermodel/TestSheetHiding.java,83.0,5.0,0.0,5.0,26.0,10.0,1,0.0013831258644536654,4623.029177718832,414363.60000000003,1,true
src/testcases/org/apache/poi/hssf/usermodel/TestSheetShiftRows.java,188.0,9.0,21.0,7.0,52.0,20.0,1,0.0013831258644536654,4623.029177718832,414363.60000000003,1,true
src/testcases/org/apache/poi/hssf/usermodel/TestUnfixedBugs.java,19.0,5.0,1.0,2.0,0.0,3.0,3,0.004149377593360996,8639.970484474092,584104.0064169037,3,true
src/testcases/org/apache/poi/hssf/util/TestAreaReference.java,206.0,10.0,15.0,6.0,59.0,10.0,2,0.0027662517289073307,8272.63715114076,582418.1121919303,2,true
src/testcases/org/apache/poi/poifs/filesystem/TestEmptyDocument.java,120.0,9.0,36.0,9.0,35.0,19.0,2,0.0027662517289073307,8272.63715114076,582418.1121919303,2,true
src/testcases/org/apache/poi/poifs/filesystem/TestOffice2007XMLException.java,28.0,2.0,0.0,3.0,5.0,6.0,1,0.0013831258644536654,4623.029177718832,414363.60000000003,1,false
src/testcases/org/apache/poi/poifs/storage/TestRawDataBlock.java,155.0,3.0,15.0,6.0,13.0,18.0,2,0.0027662517289073307,8272.63715114076,582418.1121919303,2,true
