name,LOC,CBO,LCOM,NOM,RFC,WMC,numOfChanges,bccm,structuralWorkloadSum,semanticWorkloadSum,numberOfDeveloper,isBuggy
src/contrib/src/org/apache/poi/hssf/contrib/view/SVRowHeader.java,61.0,4.0,0.0,1.0,3.0,1.0,0,0.0,0.0,0.0,0,false
src/contrib/src/org/apache/poi/hssf/contrib/view/SVTableCellEditor.java,135.0,7.0,49.0,11.0,37.0,26.0,0,0.0,0.0,0.0,0,true
src/contrib/src/org/apache/poi/hssf/contrib/view/SVTableCellRenderer.java,177.0,9.0,34.0,9.0,40.0,18.0,0,0.0,0.0,0.0,0,true
src/contrib/src/org/apache/poi/hssf/contrib/view/SViewer.java,147.0,6.0,97.0,15.0,35.0,33.0,0,0.0,0.0,0.0,0,false
src/contrib/src/org/apache/poi/hssf/contrib/view/SViewerPanel.java,240.0,6.0,20.0,9.0,47.0,21.0,0,0.0,0.0,0.0,0,true
src/examples/src/org/apache/poi/hssf/usermodel/examples/Hyperlinks.java,45.0,4.0,0.0,1.0,14.0,2.0,0,0.0,0.0,0.0,0,false
src/java/org/apache/poi/POIDocument.java,193.0,18.0,46.0,12.0,36.0,42.0,1,6.112469437652812E-4,14545.943396226416,3426126.2965693194,1,true
src/java/org/apache/poi/POIOLE2TextExtractor.java,31.0,2.0,3.0,3.0,2.0,8.0,1,6.112469437652812E-4,14545.943396226416,3426126.2965693194,1,false
src/java/org/apache/poi/hpsf/MutablePropertySet.java,168.0,14.0,55.0,11.0,35.0,28.0,2,0.0012224938875305623,14545.943396226416,3426128.6005593454,2,true
src/java/org/apache/poi/hpsf/Property.java,268.0,7.0,0.0,12.0,37.0,47.0,0,0.0,0.0,0.0,0,true
src/java/org/apache/poi/hpsf/PropertySet.java,425.0,7.0,230.0,25.0,66.0,94.0,2,0.0012224938875305623,14545.943396226416,3426128.6005593454,2,true
src/java/org/apache/poi/hpsf/Section.java,381.0,9.0,127.0,18.0,47.0,64.0,0,0.0,0.0,0.0,0,true
src/java/org/apache/poi/hpsf/VariantSupport.java,419.0,8.0,19.0,7.0,35.0,37.0,0,0.0,0.0,0.0,0,true
src/java/org/apache/poi/hssf/dev/BiffViewer.java,547.0,7.0,7.0,7.0,29.0,24.0,3,0.0018337408312958435,17182.700734506037,3498399.1128721987,3,true
src/java/org/apache/poi/hssf/eventusermodel/FormatTrackingHSSFListener.java,79.0,9.0,9.0,6.0,18.0,17.0,1,6.112469437652812E-4,14545.943396226416,3426126.2965693194,1,true
src/java/org/apache/poi/hssf/eventusermodel/HSSFEventFactory.java,87.0,5.0,15.0,6.0,8.0,23.0,0,0.0,0.0,0.0,0,true
src/java/org/apache/poi/hssf/eventusermodel/HSSFRecordStream.java,136.0,11.0,0.0,4.0,11.0,17.0,0,0.0,0.0,0.0,0,true
src/java/org/apache/poi/hssf/eventusermodel/MissingRecordAwareHSSFListener.java,126.0,16.0,0.0,2.0,6.0,9.0,1,6.112469437652812E-4,14545.943396226416,3426126.2965693194,1,true
src/java/org/apache/poi/hssf/eventusermodel/dummyrecord/LastCellOfRowDummyRecord.java,39.0,2.0,17.0,7.0,0.0,13.0,1,6.112469437652812E-4,14545.943396226416,3426126.2965693194,1,false
src/java/org/apache/poi/hssf/eventusermodel/dummyrecord/MissingCellDummyRecord.java,28.0,2.0,17.0,7.0,0.0,11.0,1,6.112469437652812E-4,14545.943396226416,3426126.2965693194,1,false
src/java/org/apache/poi/hssf/eventusermodel/dummyrecord/MissingRowDummyRecord.java,23.0,2.0,13.0,6.0,0.0,9.0,1,6.112469437652812E-4,14545.943396226416,3426126.2965693194,1,false
src/java/org/apache/poi/hssf/extractor/ExcelExtractor.java,105.0,8.0,4.0,5.0,18.0,15.0,1,6.112469437652812E-4,14545.943396226416,3426126.2965693194,1,true
src/java/org/apache/poi/hssf/model/FormulaParser.java,903.0,8.0,436.0,45.0,175.0,173.0,2,0.0012224938875305623,16402.21652397972,3485559.211933661,2,true
src/java/org/apache/poi/hssf/model/LinkTable.java,205.0,12.0,0.0,16.0,49.0,44.0,2,0.0012224938875305623,16402.21652397972,3485559.211933661,2,true
src/java/org/apache/poi/hssf/model/RecordStream.java,36.0,2.0,0.0,5.0,6.0,12.0,0,0.0,0.0,0.0,0,true
src/java/org/apache/poi/hssf/model/Sheet.java,2114.0,13.0,8405.0,147.0,471.0,431.0,3,0.0018337408312958435,17182.700734506037,3498399.1128721987,3,true
src/java/org/apache/poi/hssf/model/TextboxShape.java,108.0,3.0,16.0,8.0,37.0,18.0,2,0.0012224938875305623,15326.427606752732,3438966.1975078573,2,true
src/java/org/apache/poi/hssf/model/Workbook.java,1811.0,10.0,3653.0,98.0,360.0,286.0,2,0.0012224938875305623,16402.21652397972,3485559.211933661,2,true
src/java/org/apache/poi/hssf/record/CFHeaderRecord.java,142.0,3.0,41.0,18.0,22.0,38.0,3,0.0018337408312958435,16818.772079535276,3487470.8691571904,3,true
src/java/org/apache/poi/hssf/record/CFRuleRecord.java,466.0,10.0,1599.0,62.0,86.0,158.0,2,0.0012224938875305623,16402.21652397972,3485559.211933661,2,true
src/java/org/apache/poi/hssf/record/CRNCountRecord.java,56.0,1.0,16.0,9.0,7.0,19.0,0,0.0,0.0,0.0,0,true
src/java/org/apache/poi/hssf/record/CRNRecord.java,65.0,2.0,23.0,10.0,14.0,20.0,2,0.0012224938875305623,16402.21652397972,3485559.211933661,2,true
src/java/org/apache/poi/hssf/record/DVALRecord.java,152.0,1.0,101.0,19.0,18.0,33.0,0,0.0,0.0,0.0,0,true
src/java/org/apache/poi/hssf/record/DVRecord.java,423.0,9.0,195.0,34.0,49.0,78.0,2,0.0012224938875305623,16402.21652397972,3485559.211933661,2,true
src/java/org/apache/poi/hssf/record/DrawingRecordForBiffViewer.java,28.0,1.0,15.0,6.0,4.0,12.0,1,6.112469437652812E-4,14545.943396226416,3426126.2965693194,1,false
src/java/org/apache/poi/hssf/record/ExtendedFormatRecord.java,1157.0,3.0,2994.0,96.0,127.0,208.0,0,0.0,0.0,0.0,0,true
src/java/org/apache/poi/hssf/record/ExternalNameRecord.java,174.0,4.0,84.0,20.0,30.0,55.0,2,0.0012224938875305623,16402.21652397972,3485559.211933661,2,true
src/java/org/apache/poi/hssf/record/FileSharingRecord.java,162.0,4.0,128.0,20.0,29.0,39.0,2,0.0012224938875305623,16402.21652397972,3485559.211933661,2,true
src/java/org/apache/poi/hssf/record/FontRecord.java,368.0,4.0,471.0,38.0,45.0,71.0,0,0.0,0.0,0.0,0,true
src/java/org/apache/poi/hssf/record/HyperlinkRecord.java,433.0,5.0,125.0,30.0,32.0,62.0,0,0.0,0.0,0.0,0,true
src/java/org/apache/poi/hssf/record/NameRecord.java,726.0,10.0,1457.0,62.0,99.0,144.0,2,0.0012224938875305623,16402.21652397972,3485559.211933661,2,true
src/java/org/apache/poi/hssf/record/RecordFactory.java,163.0,3.0,4.0,5.0,33.0,24.0,1,6.112469437652812E-4,14545.943396226416,3426126.2965693194,1,true
src/java/org/apache/poi/hssf/record/RecordInputStream.java,268.0,4.0,165.0,27.0,46.0,81.0,1,6.112469437652812E-4,14545.943396226416,3426126.2965693194,1,true
src/java/org/apache/poi/hssf/record/SharedFormulaRecord.java,186.0,2.0,209.0,22.0,48.0,57.0,2,0.0012224938875305623,16402.21652397972,3485559.211933661,2,true
src/java/org/apache/poi/hssf/record/StyleRecord.java,221.0,4.0,169.0,23.0,33.0,54.0,0,0.0,0.0,0.0,0,true
src/java/org/apache/poi/hssf/record/SupBookRecord.java,177.0,2.0,64.0,20.0,17.0,51.0,0,0.0,0.0,0.0,0,true
src/java/org/apache/poi/hssf/record/aggregates/CFRecordsAggregate.java,177.0,10.0,0.0,16.0,33.0,44.0,3,0.0018337408312958435,16818.772079535276,3487470.8691571904,3,true
src/java/org/apache/poi/hssf/record/aggregates/ValueRecordsAggregate.java,270.0,3.0,119.0,18.0,33.0,60.0,2,0.0012224938875305623,16402.21652397972,3485559.211933661,2,true
src/java/org/apache/poi/hssf/record/cf/BorderFormatting.java,427.0,4.0,0.0,29.0,39.0,69.0,1,6.112469437652812E-4,14545.943396226416,3426126.2965693194,1,true
src/java/org/apache/poi/hssf/record/cf/CellRange.java,367.0,4.0,374.0,32.0,75.0,107.0,3,0.0018337408312958435,16818.772079535276,3487470.8691571904,3,true
src/java/org/apache/poi/hssf/record/cf/FontFormatting.java,388.0,4.0,1028.0,48.0,86.0,100.0,2,0.0012224938875305623,16402.21652397972,3485559.211933661,2,true
src/java/org/apache/poi/hssf/record/cf/PatternFormatting.java,181.0,4.0,0.0,11.0,14.0,19.0,1,6.112469437652812E-4,14545.943396226416,3426126.2965693194,1,true
src/java/org/apache/poi/hssf/record/constant/ConstantValueParser.java,121.0,4.0,22.0,8.0,25.0,24.0,2,0.0012224938875305623,16402.21652397972,3485559.211933661,2,true
src/java/org/apache/poi/hssf/record/constant/ErrorConstant.java,43.0,1.0,1.0,3.0,1.0,6.0,2,0.0012224938875305623,16402.21652397972,3485559.211933661,2,true
src/java/org/apache/poi/hssf/record/formula/AbstractFunctionPtg.java,116.0,3.0,87.0,15.0,18.0,40.0,2,0.0012224938875305623,16402.21652397972,3485559.211933661,2,true
src/java/org/apache/poi/hssf/record/formula/Area3DPtg.java,214.0,7.0,261.0,35.0,58.0,56.0,2,0.0012224938875305623,16402.21652397972,3485559.211933661,2,true
src/java/org/apache/poi/hssf/record/formula/AreaAPtg.java,27.0,6.0,10.0,5.0,9.0,7.0,2,0.0012224938875305623,16402.21652397972,3485559.211933661,2,true
src/java/org/apache/poi/hssf/record/formula/AreaI.java,38.0,0.0,28.0,8.0,0.0,16.0,0,0.0,0.0,0.0,0,true
src/java/org/apache/poi/hssf/record/formula/AreaPtg.java,253.0,7.0,295.0,34.0,65.0,60.0,2,0.0012224938875305623,16402.21652397972,3485559.211933661,2,true
src/java/org/apache/poi/hssf/record/formula/AreaVPtg.java,27.0,6.0,10.0,5.0,9.0,7.0,2,0.0012224938875305623,16402.21652397972,3485559.211933661,2,true
src/java/org/apache/poi/hssf/record/formula/ArrayPtg.java,182.0,10.0,27.0,14.0,27.0,38.0,2,0.0012224938875305623,16402.21652397972,3485559.211933661,2,true
src/java/org/apache/poi/hssf/record/formula/AttrPtg.java,205.0,5.0,179.0,27.0,36.0,51.0,2,0.0012224938875305623,16402.21652397972,3485559.211933661,2,true
src/java/org/apache/poi/hssf/record/formula/ConcatPtg.java,38.0,2.0,34.0,9.0,2.0,15.0,2,0.0012224938875305623,16402.21652397972,3485559.211933661,2,true
src/java/org/apache/poi/hssf/record/formula/ErrPtg.java,68.0,3.0,8.0,8.0,3.0,15.0,2,0.0012224938875305623,16402.21652397972,3485559.211933661,2,true
src/java/org/apache/poi/hssf/record/formula/FuncPtg.java,59.0,4.0,16.0,8.0,10.0,15.0,2,0.0012224938875305623,16402.21652397972,3485559.211933661,2,true
src/java/org/apache/poi/hssf/record/formula/FuncVarPtg.java,59.0,4.0,28.0,8.0,11.0,16.0,2,0.0012224938875305623,16402.21652397972,3485559.211933661,2,true
src/java/org/apache/poi/hssf/record/formula/IntPtg.java,56.0,3.0,33.0,10.0,10.0,21.0,2,0.0012224938875305623,16402.21652397972,3485559.211933661,2,true
src/java/org/apache/poi/hssf/record/formula/NamePtg.java,76.0,4.0,15.0,10.0,13.0,20.0,2,0.0012224938875305623,16402.21652397972,3485559.211933661,2,true
src/java/org/apache/poi/hssf/record/formula/NameXPtg.java,43.0,3.0,9.0,7.0,4.0,11.0,2,0.0012224938875305623,16402.21652397972,3485559.211933661,2,true
src/java/org/apache/poi/hssf/record/formula/Ptg.java,316.0,5.0,76.0,13.0,24.0,37.0,2,0.0012224938875305623,16402.21652397972,3485559.211933661,2,true
src/java/org/apache/poi/hssf/record/formula/RangePtg.java,42.0,2.0,36.0,9.0,2.0,15.0,2,0.0012224938875305623,16402.21652397972,3485559.211933661,2,true
src/java/org/apache/poi/hssf/record/formula/Ref3DPtg.java,141.0,8.0,135.0,23.0,42.0,38.0,2,0.0012224938875305623,16402.21652397972,3485559.211933661,2,true
src/java/org/apache/poi/hssf/record/formula/RefAPtg.java,26.0,1.0,10.0,5.0,5.0,7.0,2,0.0012224938875305623,16402.21652397972,3485559.211933661,2,true
src/java/org/apache/poi/hssf/record/formula/RefVPtg.java,30.0,1.0,10.0,5.0,6.0,7.0,2,0.0012224938875305623,16402.21652397972,3485559.211933661,2,true
src/java/org/apache/poi/hssf/record/formula/ReferencePtg.java,133.0,6.0,93.0,22.0,33.0,41.0,2,0.0012224938875305623,16402.21652397972,3485559.211933661,2,true
src/java/org/apache/poi/hssf/record/formula/SheetNameFormatter.java,191.0,2.0,26.0,8.0,26.0,34.0,0,0.0,0.0,0.0,0,true
src/java/org/apache/poi/hssf/record/formula/UnknownPtg.java,28.0,2.0,21.0,7.0,0.0,11.0,2,0.0012224938875305623,16402.21652397972,3485559.211933661,2,true
src/java/org/apache/poi/hssf/record/formula/eval/AddEval.java,54.0,2.0,4.0,5.0,6.0,12.0,1,6.112469437652812E-4,14545.943396226416,3426126.2965693194,1,false
src/java/org/apache/poi/hssf/record/formula/eval/Area2DEval.java,59.0,2.0,18.0,12.0,19.0,31.0,2,0.0012224938875305623,16402.21652397972,3485559.211933661,2,true
src/java/org/apache/poi/hssf/record/formula/eval/Area3DEval.java,62.0,2.0,16.0,13.0,19.0,33.0,2,0.0012224938875305623,16402.21652397972,3485559.211933661,2,true
src/java/org/apache/poi/hssf/record/formula/eval/AreaEval.java,71.0,0.0,55.0,11.0,0.0,28.0,1,6.112469437652812E-4,14545.943396226416,3426126.2965693194,1,false
src/java/org/apache/poi/hssf/record/formula/eval/BlankEval.java,9.0,0.0,0.0,1.0,0.0,1.0,1,6.112469437652812E-4,14545.943396226416,3426126.2965693194,1,false
src/java/org/apache/poi/hssf/record/formula/eval/BoolEval.java,38.0,2.0,1.0,7.0,6.0,13.0,1,6.112469437652812E-4,14545.943396226416,3426126.2965693194,1,false
src/java/org/apache/poi/hssf/record/formula/eval/ConcatEval.java,34.0,2.0,0.0,4.0,6.0,10.0,1,6.112469437652812E-4,14545.943396226416,3426126.2965693194,1,false
src/java/org/apache/poi/hssf/record/formula/eval/DivideEval.java,51.0,2.0,4.0,5.0,5.0,11.0,1,6.112469437652812E-4,14545.943396226416,3426126.2965693194,1,false
src/java/org/apache/poi/hssf/record/formula/eval/EqualEval.java,32.0,2.0,0.0,4.0,3.0,8.0,1,6.112469437652812E-4,14545.943396226416,3426126.2965693194,1,false
src/java/org/apache/poi/hssf/record/formula/eval/ErrorEval.java,99.0,1.0,2.0,5.0,7.0,14.0,1,6.112469437652812E-4,14545.943396226416,3426126.2965693194,1,false
src/java/org/apache/poi/hssf/record/formula/eval/Eval.java,5.0,0.0,0.0,0.0,0.0,0.0,1,6.112469437652812E-4,14545.943396226416,3426126.2965693194,1,false
src/java/org/apache/poi/hssf/record/formula/eval/EvaluationException.java,112.0,0.0,8.0,5.0,0.0,9.0,1,6.112469437652812E-4,14545.943396226416,3426126.2965693194,1,true
src/java/org/apache/poi/hssf/record/formula/eval/ExternalFunction.java,40.0,3.0,1.0,2.0,10.0,8.0,1,6.112469437652812E-4,14545.943396226416,3426126.2965693194,1,false
src/java/org/apache/poi/hssf/record/formula/eval/FuncVarEval.java,25.0,3.0,0.0,5.0,5.0,11.0,1,6.112469437652812E-4,14545.943396226416,3426126.2965693194,1,false
src/java/org/apache/poi/hssf/record/formula/eval/FunctionEval.java,405.0,3.0,17.0,7.0,9.0,14.0,1,6.112469437652812E-4,14545.943396226416,3426126.2965693194,1,true
src/java/org/apache/poi/hssf/record/formula/eval/GreaterEqualEval.java,32.0,2.0,0.0,4.0,3.0,8.0,1,6.112469437652812E-4,14545.943396226416,3426126.2965693194,1,false
src/java/org/apache/poi/hssf/record/formula/eval/GreaterThanEval.java,33.0,2.0,0.0,4.0,3.0,8.0,1,6.112469437652812E-4,14545.943396226416,3426126.2965693194,1,false
src/java/org/apache/poi/hssf/record/formula/eval/LessEqualEval.java,33.0,2.0,0.0,4.0,3.0,8.0,1,6.112469437652812E-4,14545.943396226416,3426126.2965693194,1,false
src/java/org/apache/poi/hssf/record/formula/eval/LessThanEval.java,33.0,2.0,0.0,4.0,3.0,8.0,1,6.112469437652812E-4,14545.943396226416,3426126.2965693194,1,false
src/java/org/apache/poi/hssf/record/formula/eval/MultiplyEval.java,48.0,2.0,4.0,5.0,5.0,11.0,1,6.112469437652812E-4,14545.943396226416,3426126.2965693194,1,false
src/java/org/apache/poi/hssf/record/formula/eval/NameEval.java,25.0,0.0,0.0,3.0,4.0,5.0,1,6.112469437652812E-4,14545.943396226416,3426126.2965693194,1,true
src/java/org/apache/poi/hssf/record/formula/eval/NotEqualEval.java,32.0,2.0,0.0,4.0,3.0,8.0,1,6.112469437652812E-4,14545.943396226416,3426126.2965693194,1,false
src/java/org/apache/poi/hssf/record/formula/eval/NumberEval.java,37.0,3.0,0.0,5.0,5.0,12.0,1,6.112469437652812E-4,14545.943396226416,3426126.2965693194,1,true
src/java/org/apache/poi/hssf/record/formula/eval/NumericOperationEval.java,41.0,0.0,1.0,2.0,10.0,5.0,1,6.112469437652812E-4,14545.943396226416,3426126.2965693194,1,false
src/java/org/apache/poi/hssf/record/formula/eval/NumericValueEval.java,6.0,0.0,0.0,1.0,0.0,1.0,1,6.112469437652812E-4,14545.943396226416,3426126.2965693194,1,false
src/java/org/apache/poi/hssf/record/formula/eval/OperandResolver.java,205.0,0.0,28.0,8.0,32.0,35.0,1,6.112469437652812E-4,14545.943396226416,3426126.2965693194,1,true
src/java/org/apache/poi/hssf/record/formula/eval/OperationEval.java,8.0,0.0,3.0,3.0,0.0,3.0,1,6.112469437652812E-4,14545.943396226416,3426126.2965693194,1,true
src/java/org/apache/poi/hssf/record/formula/eval/PercentEval.java,37.0,2.0,4.0,5.0,4.0,10.0,1,6.112469437652812E-4,14545.943396226416,3426126.2965693194,1,true
src/java/org/apache/poi/hssf/record/formula/eval/PowerEval.java,49.0,2.0,4.0,5.0,6.0,11.0,1,6.112469437652812E-4,14545.943396226416,3426126.2965693194,1,false
src/java/org/apache/poi/hssf/record/formula/eval/Ref2DEval.java,26.0,1.0,0.0,4.0,2.0,10.0,2,0.0012224938875305623,16402.21652397972,3485559.211933661,2,true
src/java/org/apache/poi/hssf/record/formula/eval/Ref3DEval.java,29.0,1.0,0.0,5.0,3.0,11.0,1,6.112469437652812E-4,14545.943396226416,3426126.2965693194,1,false
src/java/org/apache/poi/hssf/record/formula/eval/RefEval.java,28.0,0.0,3.0,3.0,0.0,8.0,1,6.112469437652812E-4,14545.943396226416,3426126.2965693194,1,false
src/java/org/apache/poi/hssf/record/formula/eval/RelationalOperationEval.java,143.0,0.0,10.0,5.0,16.0,17.0,1,6.112469437652812E-4,14545.943396226416,3426126.2965693194,1,true
src/java/org/apache/poi/hssf/record/formula/eval/StringEval.java,26.0,2.0,0.0,4.0,5.0,8.0,1,6.112469437652812E-4,14545.943396226416,3426126.2965693194,1,false
src/java/org/apache/poi/hssf/record/formula/eval/StringOperationEval.java,68.0,0.0,1.0,2.0,10.0,8.0,1,6.112469437652812E-4,14545.943396226416,3426126.2965693194,1,false
src/java/org/apache/poi/hssf/record/formula/eval/StringValueEval.java,9.0,0.0,0.0,1.0,0.0,2.0,1,6.112469437652812E-4,14545.943396226416,3426126.2965693194,1,false
src/java/org/apache/poi/hssf/record/formula/eval/SubtractEval.java,51.0,2.0,4.0,5.0,5.0,11.0,1,6.112469437652812E-4,14545.943396226416,3426126.2965693194,1,false
src/java/org/apache/poi/hssf/record/formula/eval/UnaryMinusEval.java,35.0,2.0,4.0,5.0,4.0,11.0,1,6.112469437652812E-4,14545.943396226416,3426126.2965693194,1,false
src/java/org/apache/poi/hssf/record/formula/eval/UnaryPlusEval.java,38.0,2.0,0.0,4.0,5.0,9.0,1,6.112469437652812E-4,14545.943396226416,3426126.2965693194,1,false
src/java/org/apache/poi/hssf/record/formula/eval/ValueEval.java,5.0,0.0,0.0,0.0,0.0,0.0,1,6.112469437652812E-4,14545.943396226416,3426126.2965693194,1,false
src/java/org/apache/poi/hssf/record/formula/eval/ValueEvalToNumericXlator.java,118.0,0.0,0.0,6.0,21.0,22.0,1,6.112469437652812E-4,14545.943396226416,3426126.2965693194,1,false
src/java/org/apache/poi/hssf/record/formula/function/FunctionDataBuilder.java,57.0,4.0,0.0,3.0,11.0,8.0,2,0.0012224938875305623,16402.21652397972,3485559.211933661,2,true
src/java/org/apache/poi/hssf/record/formula/function/FunctionMetadata.java,38.0,0.0,1.0,7.0,4.0,13.0,2,0.0012224938875305623,16402.21652397972,3485559.211933661,2,true
src/java/org/apache/poi/hssf/record/formula/function/FunctionMetadataReader.java,81.0,8.0,6.0,4.0,18.0,21.0,2,0.0012224938875305623,16402.21652397972,3485559.211933661,2,true
src/java/org/apache/poi/hssf/record/formula/function/FunctionMetadataRegistry.java,52.0,2.0,20.0,8.0,10.0,19.0,2,0.0012224938875305623,16402.21652397972,3485559.211933661,2,false
src/java/org/apache/poi/hssf/record/formula/functions/Abs.java,30.0,6.0,0.0,1.0,4.0,6.0,1,6.112469437652812E-4,14545.943396226416,3426126.2965693194,1,false
src/java/org/apache/poi/hssf/record/formula/functions/Absref.java,2.0,0.0,0.0,0.0,0.0,0.0,1,6.112469437652812E-4,14545.943396226416,3426126.2965693194,1,false
src/java/org/apache/poi/hssf/record/formula/functions/Acos.java,30.0,6.0,0.0,1.0,4.0,6.0,1,6.112469437652812E-4,14545.943396226416,3426126.2965693194,1,false
src/java/org/apache/poi/hssf/record/formula/functions/Acosh.java,30.0,5.0,0.0,1.0,5.0,5.0,1,6.112469437652812E-4,14545.943396226416,3426126.2965693194,1,false
src/java/org/apache/poi/hssf/record/formula/functions/Activecell.java,2.0,0.0,0.0,0.0,0.0,0.0,1,6.112469437652812E-4,14545.943396226416,3426126.2965693194,1,false
src/java/org/apache/poi/hssf/record/formula/functions/Address.java,2.0,0.0,0.0,0.0,0.0,0.0,1,6.112469437652812E-4,14545.943396226416,3426126.2965693194,1,false
src/java/org/apache/poi/hssf/record/formula/functions/And.java,45.0,6.0,0.0,1.0,3.0,7.0,1,6.112469437652812E-4,14545.943396226416,3426126.2965693194,1,false
src/java/org/apache/poi/hssf/record/formula/functions/Areas.java,2.0,0.0,0.0,0.0,0.0,0.0,1,6.112469437652812E-4,14545.943396226416,3426126.2965693194,1,false
src/java/org/apache/poi/hssf/record/formula/functions/Argument.java,2.0,0.0,0.0,0.0,0.0,0.0,1,6.112469437652812E-4,14545.943396226416,3426126.2965693194,1,false
src/java/org/apache/poi/hssf/record/formula/functions/Asc.java,2.0,0.0,0.0,0.0,0.0,0.0,1,6.112469437652812E-4,14545.943396226416,3426126.2965693194,1,false
src/java/org/apache/poi/hssf/record/formula/functions/Asin.java,30.0,6.0,0.0,1.0,4.0,6.0,1,6.112469437652812E-4,14545.943396226416,3426126.2965693194,1,false
src/java/org/apache/poi/hssf/record/formula/functions/Asinh.java,35.0,6.0,0.0,1.0,4.0,6.0,1,6.112469437652812E-4,14545.943396226416,3426126.2965693194,1,false
src/java/org/apache/poi/hssf/record/formula/functions/Atan.java,30.0,6.0,0.0,1.0,4.0,6.0,1,6.112469437652812E-4,14545.943396226416,3426126.2965693194,1,false
src/java/org/apache/poi/hssf/record/formula/functions/Atan2.java,43.0,6.0,0.0,1.0,5.0,7.0,1,6.112469437652812E-4,14545.943396226416,3426126.2965693194,1,false
src/java/org/apache/poi/hssf/record/formula/functions/Atanh.java,35.0,6.0,0.0,1.0,5.0,6.0,1,6.112469437652812E-4,14545.943396226416,3426126.2965693194,1,false
src/java/org/apache/poi/hssf/record/formula/functions/Avedev.java,27.0,5.0,1.0,2.0,4.0,8.0,1,6.112469437652812E-4,14545.943396226416,3426126.2965693194,1,false
src/java/org/apache/poi/hssf/record/formula/functions/Average.java,27.0,5.0,1.0,2.0,4.0,8.0,1,6.112469437652812E-4,14545.943396226416,3426126.2965693194,1,false
src/java/org/apache/poi/hssf/record/formula/functions/Averagea.java,5.0,0.0,0.0,0.0,0.0,0.0,1,6.112469437652812E-4,14545.943396226416,3426126.2965693194,1,false
src/java/org/apache/poi/hssf/record/formula/functions/Betadist.java,2.0,0.0,0.0,0.0,0.0,0.0,1,6.112469437652812E-4,14545.943396226416,3426126.2965693194,1,false
src/java/org/apache/poi/hssf/record/formula/functions/Betainv.java,2.0,0.0,0.0,0.0,0.0,0.0,1,6.112469437652812E-4,14545.943396226416,3426126.2965693194,1,false
src/java/org/apache/poi/hssf/record/formula/functions/Binomdist.java,2.0,0.0,0.0,0.0,0.0,0.0,1,6.112469437652812E-4,14545.943396226416,3426126.2965693194,1,false
src/java/org/apache/poi/hssf/record/formula/functions/BooleanFunction.java,48.0,8.0,1.0,2.0,4.0,8.0,1,6.112469437652812E-4,14545.943396226416,3426126.2965693194,1,false
src/java/org/apache/poi/hssf/record/formula/functions/Call.java,2.0,0.0,0.0,0.0,0.0,0.0,1,6.112469437652812E-4,14545.943396226416,3426126.2965693194,1,false
src/java/org/apache/poi/hssf/record/formula/functions/Caller.java,2.0,0.0,0.0,0.0,0.0,0.0,1,6.112469437652812E-4,14545.943396226416,3426126.2965693194,1,false
src/java/org/apache/poi/hssf/record/formula/functions/Ceiling.java,43.0,6.0,0.0,1.0,5.0,6.0,1,6.112469437652812E-4,14545.943396226416,3426126.2965693194,1,false
src/java/org/apache/poi/hssf/record/formula/functions/Cell.java,2.0,0.0,0.0,0.0,0.0,0.0,1,6.112469437652812E-4,14545.943396226416,3426126.2965693194,1,false
src/java/org/apache/poi/hssf/record/formula/functions/Char.java,2.0,0.0,0.0,0.0,0.0,0.0,1,6.112469437652812E-4,14545.943396226416,3426126.2965693194,1,false
src/java/org/apache/poi/hssf/record/formula/functions/Chidist.java,2.0,0.0,0.0,0.0,0.0,0.0,1,6.112469437652812E-4,14545.943396226416,3426126.2965693194,1,false
src/java/org/apache/poi/hssf/record/formula/functions/Chiinv.java,2.0,0.0,0.0,0.0,0.0,0.0,1,6.112469437652812E-4,14545.943396226416,3426126.2965693194,1,false
src/java/org/apache/poi/hssf/record/formula/functions/Chitest.java,2.0,0.0,0.0,0.0,0.0,0.0,1,6.112469437652812E-4,14545.943396226416,3426126.2965693194,1,false
src/java/org/apache/poi/hssf/record/formula/functions/Choose.java,2.0,0.0,0.0,0.0,0.0,0.0,1,6.112469437652812E-4,14545.943396226416,3426126.2965693194,1,true
src/java/org/apache/poi/hssf/record/formula/functions/Clean.java,2.0,0.0,0.0,0.0,0.0,0.0,1,6.112469437652812E-4,14545.943396226416,3426126.2965693194,1,false
src/java/org/apache/poi/hssf/record/formula/functions/Code.java,2.0,0.0,0.0,0.0,0.0,0.0,1,6.112469437652812E-4,14545.943396226416,3426126.2965693194,1,false
src/java/org/apache/poi/hssf/record/formula/functions/Column.java,29.0,6.0,0.0,1.0,2.0,6.0,1,6.112469437652812E-4,14545.943396226416,3426126.2965693194,1,false
src/java/org/apache/poi/hssf/record/formula/functions/Columns.java,29.0,5.0,0.0,1.0,2.0,6.0,1,6.112469437652812E-4,14545.943396226416,3426126.2965693194,1,false
src/java/org/apache/poi/hssf/record/formula/functions/Combin.java,48.0,6.0,0.0,1.0,5.0,6.0,1,6.112469437652812E-4,14545.943396226416,3426126.2965693194,1,false
src/java/org/apache/poi/hssf/record/formula/functions/Concatenate.java,26.0,6.0,0.0,1.0,4.0,6.0,1,6.112469437652812E-4,14545.943396226416,3426126.2965693194,1,false
src/java/org/apache/poi/hssf/record/formula/functions/Confidence.java,2.0,0.0,0.0,0.0,0.0,0.0,1,6.112469437652812E-4,14545.943396226416,3426126.2965693194,1,false
src/java/org/apache/poi/hssf/record/formula/functions/Correl.java,2.0,0.0,0.0,0.0,0.0,0.0,1,6.112469437652812E-4,14545.943396226416,3426126.2965693194,1,false
src/java/org/apache/poi/hssf/record/formula/functions/Cos.java,30.0,6.0,0.0,1.0,4.0,6.0,1,6.112469437652812E-4,14545.943396226416,3426126.2965693194,1,false
src/java/org/apache/poi/hssf/record/formula/functions/Cosh.java,30.0,6.0,0.0,1.0,5.0,6.0,1,6.112469437652812E-4,14545.943396226416,3426126.2965693194,1,false
src/java/org/apache/poi/hssf/record/formula/functions/Count.java,64.0,7.0,6.0,4.0,8.0,15.0,1,6.112469437652812E-4,14545.943396226416,3426126.2965693194,1,true
src/java/org/apache/poi/hssf/record/formula/functions/Counta.java,64.0,8.0,6.0,4.0,8.0,15.0,1,6.112469437652812E-4,14545.943396226416,3426126.2965693194,1,false
src/java/org/apache/poi/hssf/record/formula/functions/Countblank.java,2.0,0.0,0.0,0.0,0.0,0.0,1,6.112469437652812E-4,14545.943396226416,3426126.2965693194,1,true
src/java/org/apache/poi/hssf/record/formula/functions/Countif.java,177.0,8.0,15.0,6.0,21.0,29.0,1,6.112469437652812E-4,14545.943396226416,3426126.2965693194,1,true
src/java/org/apache/poi/hssf/record/formula/functions/Covar.java,2.0,0.0,0.0,0.0,0.0,0.0,1,6.112469437652812E-4,14545.943396226416,3426126.2965693194,1,false
src/java/org/apache/poi/hssf/record/formula/functions/Critbinom.java,2.0,0.0,0.0,0.0,0.0,0.0,1,6.112469437652812E-4,14545.943396226416,3426126.2965693194,1,false
src/java/org/apache/poi/hssf/record/formula/functions/Customrepeat.java,2.0,0.0,0.0,0.0,0.0,0.0,1,6.112469437652812E-4,14545.943396226416,3426126.2965693194,1,false
src/java/org/apache/poi/hssf/record/formula/functions/Date.java,66.0,10.0,3.0,3.0,9.0,13.0,1,6.112469437652812E-4,14545.943396226416,3426126.2965693194,1,false
src/java/org/apache/poi/hssf/record/formula/functions/Datedif.java,2.0,0.0,0.0,0.0,0.0,0.0,1,6.112469437652812E-4,14545.943396226416,3426126.2965693194,1,false
src/java/org/apache/poi/hssf/record/formula/functions/Datestring.java,2.0,0.0,0.0,0.0,0.0,0.0,1,6.112469437652812E-4,14545.943396226416,3426126.2965693194,1,false
src/java/org/apache/poi/hssf/record/formula/functions/Datevalue.java,2.0,0.0,0.0,0.0,0.0,0.0,1,6.112469437652812E-4,14545.943396226416,3426126.2965693194,1,false
src/java/org/apache/poi/hssf/record/formula/functions/Daverage.java,2.0,0.0,0.0,0.0,0.0,0.0,1,6.112469437652812E-4,14545.943396226416,3426126.2965693194,1,false
src/java/org/apache/poi/hssf/record/formula/functions/Day.java,36.0,7.0,0.0,1.0,7.0,7.0,1,6.112469437652812E-4,14545.943396226416,3426126.2965693194,1,false
src/java/org/apache/poi/hssf/record/formula/functions/Days360.java,2.0,0.0,0.0,0.0,0.0,0.0,1,6.112469437652812E-4,14545.943396226416,3426126.2965693194,1,true
src/java/org/apache/poi/hssf/record/formula/functions/Db.java,2.0,0.0,0.0,0.0,0.0,0.0,1,6.112469437652812E-4,14545.943396226416,3426126.2965693194,1,false
src/java/org/apache/poi/hssf/record/formula/functions/Dbcs.java,2.0,0.0,0.0,0.0,0.0,0.0,1,6.112469437652812E-4,14545.943396226416,3426126.2965693194,1,false
src/java/org/apache/poi/hssf/record/formula/functions/Dcount.java,2.0,0.0,0.0,0.0,0.0,0.0,1,6.112469437652812E-4,14545.943396226416,3426126.2965693194,1,false
src/java/org/apache/poi/hssf/record/formula/functions/Dcounta.java,2.0,0.0,0.0,0.0,0.0,0.0,1,6.112469437652812E-4,14545.943396226416,3426126.2965693194,1,false
src/java/org/apache/poi/hssf/record/formula/functions/Ddb.java,2.0,0.0,0.0,0.0,0.0,0.0,1,6.112469437652812E-4,14545.943396226416,3426126.2965693194,1,false
src/java/org/apache/poi/hssf/record/formula/functions/Degrees.java,30.0,6.0,0.0,1.0,4.0,6.0,1,6.112469437652812E-4,14545.943396226416,3426126.2965693194,1,false
src/java/org/apache/poi/hssf/record/formula/functions/Deref.java,2.0,0.0,0.0,0.0,0.0,0.0,1,6.112469437652812E-4,14545.943396226416,3426126.2965693194,1,false
src/java/org/apache/poi/hssf/record/formula/functions/Devsq.java,27.0,5.0,1.0,2.0,4.0,8.0,1,6.112469437652812E-4,14545.943396226416,3426126.2965693194,1,false
src/java/org/apache/poi/hssf/record/formula/functions/Dget.java,2.0,0.0,0.0,0.0,0.0,0.0,1,6.112469437652812E-4,14545.943396226416,3426126.2965693194,1,false
src/java/org/apache/poi/hssf/record/formula/functions/Dmax.java,2.0,0.0,0.0,0.0,0.0,0.0,1,6.112469437652812E-4,14545.943396226416,3426126.2965693194,1,false
src/java/org/apache/poi/hssf/record/formula/functions/Dmin.java,2.0,0.0,0.0,0.0,0.0,0.0,1,6.112469437652812E-4,14545.943396226416,3426126.2965693194,1,false
src/java/org/apache/poi/hssf/record/formula/functions/Dollar.java,29.0,6.0,0.0,1.0,3.0,6.0,1,6.112469437652812E-4,14545.943396226416,3426126.2965693194,1,false
src/java/org/apache/poi/hssf/record/formula/functions/Dproduct.java,2.0,0.0,0.0,0.0,0.0,0.0,1,6.112469437652812E-4,14545.943396226416,3426126.2965693194,1,false
src/java/org/apache/poi/hssf/record/formula/functions/Dstdev.java,2.0,0.0,0.0,0.0,0.0,0.0,1,6.112469437652812E-4,14545.943396226416,3426126.2965693194,1,false
src/java/org/apache/poi/hssf/record/formula/functions/Dstdevp.java,2.0,0.0,0.0,0.0,0.0,0.0,1,6.112469437652812E-4,14545.943396226416,3426126.2965693194,1,false
src/java/org/apache/poi/hssf/record/formula/functions/Dsum.java,2.0,0.0,0.0,0.0,0.0,0.0,1,6.112469437652812E-4,14545.943396226416,3426126.2965693194,1,false
src/java/org/apache/poi/hssf/record/formula/functions/Dvar.java,2.0,0.0,0.0,0.0,0.0,0.0,1,6.112469437652812E-4,14545.943396226416,3426126.2965693194,1,false
src/java/org/apache/poi/hssf/record/formula/functions/Dvarp.java,2.0,0.0,0.0,0.0,0.0,0.0,1,6.112469437652812E-4,14545.943396226416,3426126.2965693194,1,false
src/java/org/apache/poi/hssf/record/formula/functions/Echo.java,2.0,0.0,0.0,0.0,0.0,0.0,1,6.112469437652812E-4,14545.943396226416,3426126.2965693194,1,false
src/java/org/apache/poi/hssf/record/formula/functions/Error.java,2.0,0.0,0.0,0.0,0.0,0.0,1,6.112469437652812E-4,14545.943396226416,3426126.2965693194,1,false
src/java/org/apache/poi/hssf/record/formula/functions/Errortype.java,2.0,0.0,0.0,0.0,0.0,0.0,1,6.112469437652812E-4,14545.943396226416,3426126.2965693194,1,true
src/java/org/apache/poi/hssf/record/formula/functions/Evaluate.java,2.0,0.0,0.0,0.0,0.0,0.0,1,6.112469437652812E-4,14545.943396226416,3426126.2965693194,1,false
src/java/org/apache/poi/hssf/record/formula/functions/Even.java,32.0,6.0,0.0,1.0,4.0,7.0,1,6.112469437652812E-4,14545.943396226416,3426126.2965693194,1,false
src/java/org/apache/poi/hssf/record/formula/functions/Exact.java,47.0,7.0,0.0,1.0,3.0,6.0,1,6.112469437652812E-4,14545.943396226416,3426126.2965693194,1,false
src/java/org/apache/poi/hssf/record/formula/functions/Exec.java,2.0,0.0,0.0,0.0,0.0,0.0,1,6.112469437652812E-4,14545.943396226416,3426126.2965693194,1,false
src/java/org/apache/poi/hssf/record/formula/functions/Exp.java,30.0,6.0,0.0,1.0,4.0,6.0,1,6.112469437652812E-4,14545.943396226416,3426126.2965693194,1,false
src/java/org/apache/poi/hssf/record/formula/functions/Expondist.java,2.0,0.0,0.0,0.0,0.0,0.0,1,6.112469437652812E-4,14545.943396226416,3426126.2965693194,1,false
src/java/org/apache/poi/hssf/record/formula/functions/Fact.java,35.0,6.0,0.0,1.0,5.0,7.0,1,6.112469437652812E-4,14545.943396226416,3426126.2965693194,1,false
src/java/org/apache/poi/hssf/record/formula/functions/False.java,16.0,4.0,0.0,1.0,0.0,4.0,1,6.112469437652812E-4,14545.943396226416,3426126.2965693194,1,false
src/java/org/apache/poi/hssf/record/formula/functions/Fdist.java,2.0,0.0,0.0,0.0,0.0,0.0,1,6.112469437652812E-4,14545.943396226416,3426126.2965693194,1,false
src/java/org/apache/poi/hssf/record/formula/functions/Files.java,2.0,0.0,0.0,0.0,0.0,0.0,1,6.112469437652812E-4,14545.943396226416,3426126.2965693194,1,false
src/java/org/apache/poi/hssf/record/formula/functions/FinanceFunction.java,28.0,6.0,1.0,2.0,2.0,7.0,1,6.112469437652812E-4,14545.943396226416,3426126.2965693194,1,false
src/java/org/apache/poi/hssf/record/formula/functions/FinanceLib.java,143.0,0.0,15.0,6.0,4.0,22.0,1,6.112469437652812E-4,14545.943396226416,3426126.2965693194,1,false
src/java/org/apache/poi/hssf/record/formula/functions/Find.java,2.0,0.0,0.0,0.0,0.0,0.0,1,6.112469437652812E-4,14545.943396226416,3426126.2965693194,1,false
src/java/org/apache/poi/hssf/record/formula/functions/Findb.java,2.0,0.0,0.0,0.0,0.0,0.0,1,6.112469437652812E-4,14545.943396226416,3426126.2965693194,1,false
src/java/org/apache/poi/hssf/record/formula/functions/Finv.java,2.0,0.0,0.0,0.0,0.0,0.0,1,6.112469437652812E-4,14545.943396226416,3426126.2965693194,1,false
src/java/org/apache/poi/hssf/record/formula/functions/Fisher.java,2.0,0.0,0.0,0.0,0.0,0.0,1,6.112469437652812E-4,14545.943396226416,3426126.2965693194,1,false
src/java/org/apache/poi/hssf/record/formula/functions/Fisherinv.java,2.0,0.0,0.0,0.0,0.0,0.0,1,6.112469437652812E-4,14545.943396226416,3426126.2965693194,1,false
src/java/org/apache/poi/hssf/record/formula/functions/Fixed.java,2.0,0.0,0.0,0.0,0.0,0.0,1,6.112469437652812E-4,14545.943396226416,3426126.2965693194,1,false
src/java/org/apache/poi/hssf/record/formula/functions/Floor.java,43.0,6.0,0.0,1.0,5.0,6.0,1,6.112469437652812E-4,14545.943396226416,3426126.2965693194,1,false
src/java/org/apache/poi/hssf/record/formula/functions/Forecast.java,2.0,0.0,0.0,0.0,0.0,0.0,1,6.112469437652812E-4,14545.943396226416,3426126.2965693194,1,false
src/java/org/apache/poi/hssf/record/formula/functions/Formulaconvert.java,2.0,0.0,0.0,0.0,0.0,0.0,1,6.112469437652812E-4,14545.943396226416,3426126.2965693194,1,false
src/java/org/apache/poi/hssf/record/formula/functions/Fpos.java,2.0,0.0,0.0,0.0,0.0,0.0,1,6.112469437652812E-4,14545.943396226416,3426126.2965693194,1,false
src/java/org/apache/poi/hssf/record/formula/functions/FreeRefFunction.java,27.0,4.0,0.0,1.0,0.0,6.0,1,6.112469437652812E-4,14545.943396226416,3426126.2965693194,1,true
src/java/org/apache/poi/hssf/record/formula/functions/Frequency.java,2.0,0.0,0.0,0.0,0.0,0.0,1,6.112469437652812E-4,14545.943396226416,3426126.2965693194,1,false
src/java/org/apache/poi/hssf/record/formula/functions/Ftest.java,2.0,0.0,0.0,0.0,0.0,0.0,1,6.112469437652812E-4,14545.943396226416,3426126.2965693194,1,false
src/java/org/apache/poi/hssf/record/formula/functions/Function.java,7.0,1.0,0.0,1.0,0.0,1.0,1,6.112469437652812E-4,14545.943396226416,3426126.2965693194,1,false
src/java/org/apache/poi/hssf/record/formula/functions/Fv.java,51.0,6.0,0.0,1.0,7.0,6.0,1,6.112469437652812E-4,14545.943396226416,3426126.2965693194,1,false
src/java/org/apache/poi/hssf/record/formula/functions/Gammadist.java,2.0,0.0,0.0,0.0,0.0,0.0,1,6.112469437652812E-4,14545.943396226416,3426126.2965693194,1,false
src/java/org/apache/poi/hssf/record/formula/functions/Gammainv.java,2.0,0.0,0.0,0.0,0.0,0.0,1,6.112469437652812E-4,14545.943396226416,3426126.2965693194,1,false
src/java/org/apache/poi/hssf/record/formula/functions/Gammaln.java,2.0,0.0,0.0,0.0,0.0,0.0,1,6.112469437652812E-4,14545.943396226416,3426126.2965693194,1,false
src/java/org/apache/poi/hssf/record/formula/functions/Geomean.java,2.0,0.0,0.0,0.0,0.0,0.0,1,6.112469437652812E-4,14545.943396226416,3426126.2965693194,1,false
src/java/org/apache/poi/hssf/record/formula/functions/Goto.java,2.0,0.0,0.0,0.0,0.0,0.0,1,6.112469437652812E-4,14545.943396226416,3426126.2965693194,1,false
src/java/org/apache/poi/hssf/record/formula/functions/Group.java,2.0,0.0,0.0,0.0,0.0,0.0,1,6.112469437652812E-4,14545.943396226416,3426126.2965693194,1,false
src/java/org/apache/poi/hssf/record/formula/functions/Growth.java,2.0,0.0,0.0,0.0,0.0,0.0,1,6.112469437652812E-4,14545.943396226416,3426126.2965693194,1,false
src/java/org/apache/poi/hssf/record/formula/functions/Halt.java,2.0,0.0,0.0,0.0,0.0,0.0,1,6.112469437652812E-4,14545.943396226416,3426126.2965693194,1,false
src/java/org/apache/poi/hssf/record/formula/functions/Harmean.java,2.0,0.0,0.0,0.0,0.0,0.0,1,6.112469437652812E-4,14545.943396226416,3426126.2965693194,1,false
src/java/org/apache/poi/hssf/record/formula/functions/Help.java,2.0,0.0,0.0,0.0,0.0,0.0,1,6.112469437652812E-4,14545.943396226416,3426126.2965693194,1,false
src/java/org/apache/poi/hssf/record/formula/functions/Hlookup.java,80.0,7.0,1.0,2.0,12.0,9.0,2,0.0012224938875305623,16402.21652397972,3485559.211933661,2,false
src/java/org/apache/poi/hssf/record/formula/functions/Hour.java,2.0,0.0,0.0,0.0,0.0,0.0,1,6.112469437652812E-4,14545.943396226416,3426126.2965693194,1,false
src/java/org/apache/poi/hssf/record/formula/functions/Hyperlink.java,2.0,0.0,0.0,0.0,0.0,0.0,1,6.112469437652812E-4,14545.943396226416,3426126.2965693194,1,false
src/java/org/apache/poi/hssf/record/formula/functions/Hypgeomdist.java,2.0,0.0,0.0,0.0,0.0,0.0,1,6.112469437652812E-4,14545.943396226416,3426126.2965693194,1,false
src/java/org/apache/poi/hssf/record/formula/functions/If.java,20.0,3.0,0.0,1.0,1.0,4.0,1,6.112469437652812E-4,14545.943396226416,3426126.2965693194,1,false
src/java/org/apache/poi/hssf/record/formula/functions/Index.java,60.0,5.0,1.0,2.0,8.0,10.0,1,6.112469437652812E-4,14545.943396226416,3426126.2965693194,1,true
src/java/org/apache/poi/hssf/record/formula/functions/Indirect.java,16.0,5.0,0.0,1.0,0.0,2.0,1,6.112469437652812E-4,14545.943396226416,3426126.2965693194,1,true
src/java/org/apache/poi/hssf/record/formula/functions/Info.java,2.0,0.0,0.0,0.0,0.0,0.0,1,6.112469437652812E-4,14545.943396226416,3426126.2965693194,1,false
src/java/org/apache/poi/hssf/record/formula/functions/Initiate.java,2.0,0.0,0.0,0.0,0.0,0.0,1,6.112469437652812E-4,14545.943396226416,3426126.2965693194,1,false
src/java/org/apache/poi/hssf/record/formula/functions/Input.java,2.0,0.0,0.0,0.0,0.0,0.0,1,6.112469437652812E-4,14545.943396226416,3426126.2965693194,1,false
src/java/org/apache/poi/hssf/record/formula/functions/Int.java,32.0,6.0,0.0,1.0,4.0,6.0,1,6.112469437652812E-4,14545.943396226416,3426126.2965693194,1,false
src/java/org/apache/poi/hssf/record/formula/functions/Intercept.java,2.0,0.0,0.0,0.0,0.0,0.0,1,6.112469437652812E-4,14545.943396226416,3426126.2965693194,1,false
src/java/org/apache/poi/hssf/record/formula/functions/Ipmt.java,2.0,0.0,0.0,0.0,0.0,0.0,1,6.112469437652812E-4,14545.943396226416,3426126.2965693194,1,false
src/java/org/apache/poi/hssf/record/formula/functions/Irr.java,2.0,0.0,0.0,0.0,0.0,0.0,1,6.112469437652812E-4,14545.943396226416,3426126.2965693194,1,false
src/java/org/apache/poi/hssf/record/formula/functions/IsError.java,57.0,6.0,0.0,1.0,9.0,6.0,1,6.112469437652812E-4,14545.943396226416,3426126.2965693194,1,false
src/java/org/apache/poi/hssf/record/formula/functions/IsNa.java,2.0,0.0,0.0,0.0,0.0,0.0,1,6.112469437652812E-4,14545.943396226416,3426126.2965693194,1,false
src/java/org/apache/poi/hssf/record/formula/functions/Isblank.java,19.0,7.0,0.0,1.0,2.0,4.0,1,6.112469437652812E-4,14545.943396226416,3426126.2965693194,1,false
src/java/org/apache/poi/hssf/record/formula/functions/Iserr.java,2.0,0.0,0.0,0.0,0.0,0.0,1,6.112469437652812E-4,14545.943396226416,3426126.2965693194,1,false
src/java/org/apache/poi/hssf/record/formula/functions/Islogical.java,25.0,5.0,0.0,1.0,1.0,6.0,1,6.112469437652812E-4,14545.943396226416,3426126.2965693194,1,false
src/java/org/apache/poi/hssf/record/formula/functions/Isnontext.java,25.0,5.0,0.0,1.0,1.0,6.0,1,6.112469437652812E-4,14545.943396226416,3426126.2965693194,1,false
src/java/org/apache/poi/hssf/record/formula/functions/Isnumber.java,25.0,5.0,0.0,1.0,1.0,6.0,1,6.112469437652812E-4,14545.943396226416,3426126.2965693194,1,false
src/java/org/apache/poi/hssf/record/formula/functions/Ispmt.java,2.0,0.0,0.0,0.0,0.0,0.0,1,6.112469437652812E-4,14545.943396226416,3426126.2965693194,1,false
src/java/org/apache/poi/hssf/record/formula/functions/Isref.java,19.0,5.0,0.0,1.0,0.0,5.0,1,6.112469437652812E-4,14545.943396226416,3426126.2965693194,1,false
src/java/org/apache/poi/hssf/record/formula/functions/Istext.java,25.0,5.0,0.0,1.0,1.0,6.0,1,6.112469437652812E-4,14545.943396226416,3426126.2965693194,1,false
src/java/org/apache/poi/hssf/record/formula/functions/Kurt.java,2.0,0.0,0.0,0.0,0.0,0.0,1,6.112469437652812E-4,14545.943396226416,3426126.2965693194,1,false
src/java/org/apache/poi/hssf/record/formula/functions/Large.java,30.0,5.0,1.0,2.0,5.0,8.0,1,6.112469437652812E-4,14545.943396226416,3426126.2965693194,1,false
src/java/org/apache/poi/hssf/record/formula/functions/Lasterror.java,2.0,0.0,0.0,0.0,0.0,0.0,1,6.112469437652812E-4,14545.943396226416,3426126.2965693194,1,false
src/java/org/apache/poi/hssf/record/formula/functions/Left.java,72.0,7.0,3.0,3.0,15.0,14.0,1,6.112469437652812E-4,14545.943396226416,3426126.2965693194,1,false
src/java/org/apache/poi/hssf/record/formula/functions/Leftb.java,2.0,0.0,0.0,0.0,0.0,0.0,1,6.112469437652812E-4,14545.943396226416,3426126.2965693194,1,false
src/java/org/apache/poi/hssf/record/formula/functions/Len.java,18.0,6.0,0.0,1.0,4.0,4.0,1,6.112469437652812E-4,14545.943396226416,3426126.2965693194,1,false
src/java/org/apache/poi/hssf/record/formula/functions/Lenb.java,2.0,0.0,0.0,0.0,0.0,0.0,1,6.112469437652812E-4,14545.943396226416,3426126.2965693194,1,false
src/java/org/apache/poi/hssf/record/formula/functions/Linest.java,2.0,0.0,0.0,0.0,0.0,0.0,1,6.112469437652812E-4,14545.943396226416,3426126.2965693194,1,false
src/java/org/apache/poi/hssf/record/formula/functions/Links.java,2.0,0.0,0.0,0.0,0.0,0.0,1,6.112469437652812E-4,14545.943396226416,3426126.2965693194,1,false
src/java/org/apache/poi/hssf/record/formula/functions/Ln.java,30.0,7.0,0.0,1.0,5.0,6.0,1,6.112469437652812E-4,14545.943396226416,3426126.2965693194,1,false
src/java/org/apache/poi/hssf/record/formula/functions/Log.java,47.0,7.0,0.0,1.0,5.0,6.0,1,6.112469437652812E-4,14545.943396226416,3426126.2965693194,1,false
src/java/org/apache/poi/hssf/record/formula/functions/Log10.java,31.0,6.0,0.0,1.0,5.0,6.0,1,6.112469437652812E-4,14545.943396226416,3426126.2965693194,1,false
src/java/org/apache/poi/hssf/record/formula/functions/Logest.java,2.0,0.0,0.0,0.0,0.0,0.0,1,6.112469437652812E-4,14545.943396226416,3426126.2965693194,1,false
src/java/org/apache/poi/hssf/record/formula/functions/LogicalFunction.java,17.0,2.0,0.0,1.0,2.0,3.0,1,6.112469437652812E-4,14545.943396226416,3426126.2965693194,1,false
src/java/org/apache/poi/hssf/record/formula/functions/Loginv.java,2.0,0.0,0.0,0.0,0.0,0.0,1,6.112469437652812E-4,14545.943396226416,3426126.2965693194,1,false
src/java/org/apache/poi/hssf/record/formula/functions/Lognormdist.java,2.0,0.0,0.0,0.0,0.0,0.0,1,6.112469437652812E-4,14545.943396226416,3426126.2965693194,1,false
src/java/org/apache/poi/hssf/record/formula/functions/Lookup.java,55.0,7.0,1.0,2.0,10.0,12.0,1,6.112469437652812E-4,14545.943396226416,3426126.2965693194,1,false
src/java/org/apache/poi/hssf/record/formula/functions/LookupUtils.java,420.0,14.0,36.0,9.0,50.0,42.0,1,6.112469437652812E-4,14545.943396226416,3426126.2965693194,1,false
src/java/org/apache/poi/hssf/record/formula/functions/Lower.java,31.0,6.0,0.0,1.0,3.0,6.0,1,6.112469437652812E-4,14545.943396226416,3426126.2965693194,1,false
src/java/org/apache/poi/hssf/record/formula/functions/Match.java,153.0,12.0,15.0,6.0,30.0,27.0,1,6.112469437652812E-4,14545.943396226416,3426126.2965693194,1,false
src/java/org/apache/poi/hssf/record/formula/functions/MathX.java,473.0,0.0,325.0,26.0,35.0,93.0,1,6.112469437652812E-4,14545.943396226416,3426126.2965693194,1,false
src/java/org/apache/poi/hssf/record/formula/functions/Max.java,21.0,5.0,1.0,2.0,4.0,6.0,1,6.112469437652812E-4,14545.943396226416,3426126.2965693194,1,false
src/java/org/apache/poi/hssf/record/formula/functions/Maxa.java,21.0,5.0,1.0,2.0,4.0,6.0,1,6.112469437652812E-4,14545.943396226416,3426126.2965693194,1,false
src/java/org/apache/poi/hssf/record/formula/functions/Mdeterm.java,2.0,0.0,0.0,0.0,0.0,0.0,1,6.112469437652812E-4,14545.943396226416,3426126.2965693194,1,false
src/java/org/apache/poi/hssf/record/formula/functions/Median.java,27.0,5.0,1.0,2.0,4.0,8.0,1,6.112469437652812E-4,14545.943396226416,3426126.2965693194,1,false
src/java/org/apache/poi/hssf/record/formula/functions/Mid.java,55.0,7.0,1.0,2.0,8.0,9.0,1,6.112469437652812E-4,14545.943396226416,3426126.2965693194,1,false
src/java/org/apache/poi/hssf/record/formula/functions/Midb.java,2.0,0.0,0.0,0.0,0.0,0.0,1,6.112469437652812E-4,14545.943396226416,3426126.2965693194,1,false
src/java/org/apache/poi/hssf/record/formula/functions/Min.java,21.0,5.0,1.0,2.0,4.0,6.0,1,6.112469437652812E-4,14545.943396226416,3426126.2965693194,1,false
src/java/org/apache/poi/hssf/record/formula/functions/Mina.java,21.0,5.0,1.0,2.0,4.0,6.0,1,6.112469437652812E-4,14545.943396226416,3426126.2965693194,1,false
src/java/org/apache/poi/hssf/record/formula/functions/Minute.java,2.0,0.0,0.0,0.0,0.0,0.0,1,6.112469437652812E-4,14545.943396226416,3426126.2965693194,1,false
src/java/org/apache/poi/hssf/record/formula/functions/Minverse.java,2.0,0.0,0.0,0.0,0.0,0.0,1,6.112469437652812E-4,14545.943396226416,3426126.2965693194,1,false
src/java/org/apache/poi/hssf/record/formula/functions/Mirr.java,2.0,0.0,0.0,0.0,0.0,0.0,1,6.112469437652812E-4,14545.943396226416,3426126.2965693194,1,false
src/java/org/apache/poi/hssf/record/formula/functions/Mmult.java,2.0,0.0,0.0,0.0,0.0,0.0,1,6.112469437652812E-4,14545.943396226416,3426126.2965693194,1,false
src/java/org/apache/poi/hssf/record/formula/functions/Mod.java,48.0,6.0,0.0,1.0,5.0,6.0,1,6.112469437652812E-4,14545.943396226416,3426126.2965693194,1,false
src/java/org/apache/poi/hssf/record/formula/functions/Mode.java,27.0,5.0,1.0,2.0,4.0,8.0,1,6.112469437652812E-4,14545.943396226416,3426126.2965693194,1,false
src/java/org/apache/poi/hssf/record/formula/functions/Month.java,31.0,7.0,0.0,1.0,5.0,6.0,1,6.112469437652812E-4,14545.943396226416,3426126.2965693194,1,false
src/java/org/apache/poi/hssf/record/formula/functions/MultiOperandNumericFunction.java,138.0,8.0,10.0,5.0,9.0,16.0,1,6.112469437652812E-4,14545.943396226416,3426126.2965693194,1,false
src/java/org/apache/poi/hssf/record/formula/functions/N.java,2.0,0.0,0.0,0.0,0.0,0.0,1,6.112469437652812E-4,14545.943396226416,3426126.2965693194,1,false
src/java/org/apache/poi/hssf/record/formula/functions/Na.java,9.0,2.0,0.0,1.0,0.0,2.0,1,6.112469437652812E-4,14545.943396226416,3426126.2965693194,1,false
src/java/org/apache/poi/hssf/record/formula/functions/Names.java,2.0,0.0,0.0,0.0,0.0,0.0,1,6.112469437652812E-4,14545.943396226416,3426126.2965693194,1,false
src/java/org/apache/poi/hssf/record/formula/functions/Negbinomdist.java,2.0,0.0,0.0,0.0,0.0,0.0,1,6.112469437652812E-4,14545.943396226416,3426126.2965693194,1,false
src/java/org/apache/poi/hssf/record/formula/functions/Normdist.java,2.0,0.0,0.0,0.0,0.0,0.0,1,6.112469437652812E-4,14545.943396226416,3426126.2965693194,1,false
src/java/org/apache/poi/hssf/record/formula/functions/Norminv.java,2.0,0.0,0.0,0.0,0.0,0.0,1,6.112469437652812E-4,14545.943396226416,3426126.2965693194,1,false
src/java/org/apache/poi/hssf/record/formula/functions/Normsdist.java,2.0,0.0,0.0,0.0,0.0,0.0,1,6.112469437652812E-4,14545.943396226416,3426126.2965693194,1,false
src/java/org/apache/poi/hssf/record/formula/functions/Normsinv.java,2.0,0.0,0.0,0.0,0.0,0.0,1,6.112469437652812E-4,14545.943396226416,3426126.2965693194,1,false
src/java/org/apache/poi/hssf/record/formula/functions/Not.java,81.0,9.0,1.0,2.0,14.0,11.0,1,6.112469437652812E-4,14545.943396226416,3426126.2965693194,1,false
src/java/org/apache/poi/hssf/record/formula/functions/NotImplementedFunction.java,13.0,2.0,0.0,1.0,0.0,2.0,1,6.112469437652812E-4,14545.943396226416,3426126.2965693194,1,false
src/java/org/apache/poi/hssf/record/formula/functions/Note.java,2.0,0.0,0.0,0.0,0.0,0.0,1,6.112469437652812E-4,14545.943396226416,3426126.2965693194,1,false
src/java/org/apache/poi/hssf/record/formula/functions/Now.java,2.0,0.0,0.0,0.0,0.0,0.0,1,6.112469437652812E-4,14545.943396226416,3426126.2965693194,1,false
src/java/org/apache/poi/hssf/record/formula/functions/Nper.java,50.0,6.0,0.0,1.0,7.0,6.0,1,6.112469437652812E-4,14545.943396226416,3426126.2965693194,1,false
src/java/org/apache/poi/hssf/record/formula/functions/Npv.java,2.0,0.0,0.0,0.0,0.0,0.0,1,6.112469437652812E-4,14545.943396226416,3426126.2965693194,1,true
src/java/org/apache/poi/hssf/record/formula/functions/Numberstring.java,2.0,0.0,0.0,0.0,0.0,0.0,1,6.112469437652812E-4,14545.943396226416,3426126.2965693194,1,false
src/java/org/apache/poi/hssf/record/formula/functions/NumericFunction.java,53.0,5.0,1.0,2.0,10.0,7.0,1,6.112469437652812E-4,14545.943396226416,3426126.2965693194,1,true
src/java/org/apache/poi/hssf/record/formula/functions/Odd.java,32.0,6.0,0.0,1.0,4.0,7.0,1,6.112469437652812E-4,14545.943396226416,3426126.2965693194,1,false
src/java/org/apache/poi/hssf/record/formula/functions/Offset.java,266.0,15.0,36.0,9.0,40.0,33.0,1,6.112469437652812E-4,14545.943396226416,3426126.2965693194,1,false
src/java/org/apache/poi/hssf/record/formula/functions/Or.java,42.0,5.0,0.0,1.0,3.0,6.0,1,6.112469437652812E-4,14545.943396226416,3426126.2965693194,1,false
src/java/org/apache/poi/hssf/record/formula/functions/Pearson.java,2.0,0.0,0.0,0.0,0.0,0.0,1,6.112469437652812E-4,14545.943396226416,3426126.2965693194,1,false
src/java/org/apache/poi/hssf/record/formula/functions/Percentile.java,2.0,0.0,0.0,0.0,0.0,0.0,1,6.112469437652812E-4,14545.943396226416,3426126.2965693194,1,false
src/java/org/apache/poi/hssf/record/formula/functions/Percentrank.java,2.0,0.0,0.0,0.0,0.0,0.0,1,6.112469437652812E-4,14545.943396226416,3426126.2965693194,1,false
src/java/org/apache/poi/hssf/record/formula/functions/Permut.java,2.0,0.0,0.0,0.0,0.0,0.0,1,6.112469437652812E-4,14545.943396226416,3426126.2965693194,1,false
src/java/org/apache/poi/hssf/record/formula/functions/Pi.java,17.0,4.0,0.0,1.0,0.0,4.0,1,6.112469437652812E-4,14545.943396226416,3426126.2965693194,1,false
src/java/org/apache/poi/hssf/record/formula/functions/Pmt.java,56.0,7.0,1.0,2.0,9.0,9.0,2,0.0012224938875305623,16402.21652397972,3485559.211933661,2,false
src/java/org/apache/poi/hssf/record/formula/functions/Poisson.java,2.0,0.0,0.0,0.0,0.0,0.0,1,6.112469437652812E-4,14545.943396226416,3426126.2965693194,1,false
src/java/org/apache/poi/hssf/record/formula/functions/Power.java,43.0,6.0,0.0,1.0,4.0,6.0,1,6.112469437652812E-4,14545.943396226416,3426126.2965693194,1,false
src/java/org/apache/poi/hssf/record/formula/functions/Ppmt.java,2.0,0.0,0.0,0.0,0.0,0.0,1,6.112469437652812E-4,14545.943396226416,3426126.2965693194,1,false
src/java/org/apache/poi/hssf/record/formula/functions/Prob.java,2.0,0.0,0.0,0.0,0.0,0.0,1,6.112469437652812E-4,14545.943396226416,3426126.2965693194,1,false
src/java/org/apache/poi/hssf/record/formula/functions/Product.java,21.0,5.0,1.0,2.0,4.0,6.0,1,6.112469437652812E-4,14545.943396226416,3426126.2965693194,1,false
src/java/org/apache/poi/hssf/record/formula/functions/Proper.java,2.0,0.0,0.0,0.0,0.0,0.0,1,6.112469437652812E-4,14545.943396226416,3426126.2965693194,1,false
src/java/org/apache/poi/hssf/record/formula/functions/Pv.java,51.0,6.0,0.0,1.0,7.0,6.0,1,6.112469437652812E-4,14545.943396226416,3426126.2965693194,1,false
src/java/org/apache/poi/hssf/record/formula/functions/Quartile.java,2.0,0.0,0.0,0.0,0.0,0.0,1,6.112469437652812E-4,14545.943396226416,3426126.2965693194,1,false
src/java/org/apache/poi/hssf/record/formula/functions/Radians.java,30.0,6.0,0.0,1.0,5.0,6.0,1,6.112469437652812E-4,14545.943396226416,3426126.2965693194,1,false
src/java/org/apache/poi/hssf/record/formula/functions/Rand.java,16.0,4.0,0.0,1.0,1.0,4.0,1,6.112469437652812E-4,14545.943396226416,3426126.2965693194,1,false
src/java/org/apache/poi/hssf/record/formula/functions/Rank.java,2.0,0.0,0.0,0.0,0.0,0.0,1,6.112469437652812E-4,14545.943396226416,3426126.2965693194,1,false
src/java/org/apache/poi/hssf/record/formula/functions/Rate.java,2.0,0.0,0.0,0.0,0.0,0.0,1,6.112469437652812E-4,14545.943396226416,3426126.2965693194,1,false
src/java/org/apache/poi/hssf/record/formula/functions/Reftext.java,2.0,0.0,0.0,0.0,0.0,0.0,1,6.112469437652812E-4,14545.943396226416,3426126.2965693194,1,false
src/java/org/apache/poi/hssf/record/formula/functions/Relref.java,2.0,0.0,0.0,0.0,0.0,0.0,1,6.112469437652812E-4,14545.943396226416,3426126.2965693194,1,false
src/java/org/apache/poi/hssf/record/formula/functions/Replace.java,61.0,6.0,0.0,1.0,8.0,7.0,1,6.112469437652812E-4,14545.943396226416,3426126.2965693194,1,false
src/java/org/apache/poi/hssf/record/formula/functions/Replaceb.java,2.0,0.0,0.0,0.0,0.0,0.0,1,6.112469437652812E-4,14545.943396226416,3426126.2965693194,1,false
src/java/org/apache/poi/hssf/record/formula/functions/Rept.java,2.0,0.0,0.0,0.0,0.0,0.0,1,6.112469437652812E-4,14545.943396226416,3426126.2965693194,1,false
src/java/org/apache/poi/hssf/record/formula/functions/Request.java,2.0,0.0,0.0,0.0,0.0,0.0,1,6.112469437652812E-4,14545.943396226416,3426126.2965693194,1,false
src/java/org/apache/poi/hssf/record/formula/functions/Result.java,2.0,0.0,0.0,0.0,0.0,0.0,1,6.112469437652812E-4,14545.943396226416,3426126.2965693194,1,false
src/java/org/apache/poi/hssf/record/formula/functions/Right.java,73.0,7.0,3.0,3.0,15.0,14.0,1,6.112469437652812E-4,14545.943396226416,3426126.2965693194,1,false
src/java/org/apache/poi/hssf/record/formula/functions/Rightb.java,2.0,0.0,0.0,0.0,0.0,0.0,1,6.112469437652812E-4,14545.943396226416,3426126.2965693194,1,false
src/java/org/apache/poi/hssf/record/formula/functions/Roman.java,2.0,0.0,0.0,0.0,0.0,0.0,1,6.112469437652812E-4,14545.943396226416,3426126.2965693194,1,false
src/java/org/apache/poi/hssf/record/formula/functions/Round.java,46.0,6.0,0.0,1.0,5.0,6.0,1,6.112469437652812E-4,14545.943396226416,3426126.2965693194,1,false
src/java/org/apache/poi/hssf/record/formula/functions/Rounddown.java,49.0,6.0,0.0,1.0,5.0,6.0,1,6.112469437652812E-4,14545.943396226416,3426126.2965693194,1,false
src/java/org/apache/poi/hssf/record/formula/functions/Roundup.java,49.0,6.0,0.0,1.0,5.0,6.0,1,6.112469437652812E-4,14545.943396226416,3426126.2965693194,1,false
src/java/org/apache/poi/hssf/record/formula/functions/Row.java,29.0,6.0,0.0,1.0,2.0,6.0,1,6.112469437652812E-4,14545.943396226416,3426126.2965693194,1,false
src/java/org/apache/poi/hssf/record/formula/functions/Rows.java,29.0,5.0,0.0,1.0,2.0,6.0,1,6.112469437652812E-4,14545.943396226416,3426126.2965693194,1,false
src/java/org/apache/poi/hssf/record/formula/functions/Rsq.java,2.0,0.0,0.0,0.0,0.0,0.0,1,6.112469437652812E-4,14545.943396226416,3426126.2965693194,1,false
src/java/org/apache/poi/hssf/record/formula/functions/Search.java,2.0,0.0,0.0,0.0,0.0,0.0,1,6.112469437652812E-4,14545.943396226416,3426126.2965693194,1,false
src/java/org/apache/poi/hssf/record/formula/functions/Searchb.java,2.0,0.0,0.0,0.0,0.0,0.0,1,6.112469437652812E-4,14545.943396226416,3426126.2965693194,1,false
src/java/org/apache/poi/hssf/record/formula/functions/Second.java,2.0,0.0,0.0,0.0,0.0,0.0,1,6.112469437652812E-4,14545.943396226416,3426126.2965693194,1,false
src/java/org/apache/poi/hssf/record/formula/functions/Series.java,2.0,0.0,0.0,0.0,0.0,0.0,1,6.112469437652812E-4,14545.943396226416,3426126.2965693194,1,false
src/java/org/apache/poi/hssf/record/formula/functions/Setname.java,2.0,0.0,0.0,0.0,0.0,0.0,1,6.112469437652812E-4,14545.943396226416,3426126.2965693194,1,false
src/java/org/apache/poi/hssf/record/formula/functions/Setvalue.java,2.0,0.0,0.0,0.0,0.0,0.0,1,6.112469437652812E-4,14545.943396226416,3426126.2965693194,1,false
src/java/org/apache/poi/hssf/record/formula/functions/Sign.java,26.0,6.0,0.0,1.0,5.0,6.0,1,6.112469437652812E-4,14545.943396226416,3426126.2965693194,1,false
src/java/org/apache/poi/hssf/record/formula/functions/Sin.java,30.0,6.0,0.0,1.0,4.0,6.0,1,6.112469437652812E-4,14545.943396226416,3426126.2965693194,1,false
src/java/org/apache/poi/hssf/record/formula/functions/Sinh.java,30.0,6.0,0.0,1.0,5.0,6.0,1,6.112469437652812E-4,14545.943396226416,3426126.2965693194,1,false
src/java/org/apache/poi/hssf/record/formula/functions/Skew.java,2.0,0.0,0.0,0.0,0.0,0.0,1,6.112469437652812E-4,14545.943396226416,3426126.2965693194,1,false
src/java/org/apache/poi/hssf/record/formula/functions/Sln.java,2.0,0.0,0.0,0.0,0.0,0.0,1,6.112469437652812E-4,14545.943396226416,3426126.2965693194,1,false
src/java/org/apache/poi/hssf/record/formula/functions/Slope.java,2.0,0.0,0.0,0.0,0.0,0.0,1,6.112469437652812E-4,14545.943396226416,3426126.2965693194,1,false
src/java/org/apache/poi/hssf/record/formula/functions/Small.java,30.0,5.0,1.0,2.0,5.0,8.0,1,6.112469437652812E-4,14545.943396226416,3426126.2965693194,1,false
src/java/org/apache/poi/hssf/record/formula/functions/Sqrt.java,30.0,6.0,0.0,1.0,4.0,6.0,1,6.112469437652812E-4,14545.943396226416,3426126.2965693194,1,false
src/java/org/apache/poi/hssf/record/formula/functions/Standardize.java,2.0,0.0,0.0,0.0,0.0,0.0,1,6.112469437652812E-4,14545.943396226416,3426126.2965693194,1,false
src/java/org/apache/poi/hssf/record/formula/functions/StatsLib.java,127.0,1.0,28.0,8.0,7.0,32.0,1,6.112469437652812E-4,14545.943396226416,3426126.2965693194,1,false
src/java/org/apache/poi/hssf/record/formula/functions/Stdev.java,27.0,5.0,1.0,2.0,4.0,8.0,1,6.112469437652812E-4,14545.943396226416,3426126.2965693194,1,false
src/java/org/apache/poi/hssf/record/formula/functions/Stdeva.java,2.0,0.0,0.0,0.0,0.0,0.0,1,6.112469437652812E-4,14545.943396226416,3426126.2965693194,1,false
src/java/org/apache/poi/hssf/record/formula/functions/Stdevp.java,2.0,0.0,0.0,0.0,0.0,0.0,1,6.112469437652812E-4,14545.943396226416,3426126.2965693194,1,false
src/java/org/apache/poi/hssf/record/formula/functions/Stdevpa.java,2.0,0.0,0.0,0.0,0.0,0.0,1,6.112469437652812E-4,14545.943396226416,3426126.2965693194,1,false
src/java/org/apache/poi/hssf/record/formula/functions/Step.java,2.0,0.0,0.0,0.0,0.0,0.0,1,6.112469437652812E-4,14545.943396226416,3426126.2965693194,1,false
src/java/org/apache/poi/hssf/record/formula/functions/Steyx.java,2.0,0.0,0.0,0.0,0.0,0.0,1,6.112469437652812E-4,14545.943396226416,3426126.2965693194,1,false
src/java/org/apache/poi/hssf/record/formula/functions/Substitute.java,70.0,6.0,0.0,1.0,8.0,7.0,1,6.112469437652812E-4,14545.943396226416,3426126.2965693194,1,false
src/java/org/apache/poi/hssf/record/formula/functions/Subtotal.java,2.0,0.0,0.0,0.0,0.0,0.0,1,6.112469437652812E-4,14545.943396226416,3426126.2965693194,1,false
src/java/org/apache/poi/hssf/record/formula/functions/Sum.java,21.0,5.0,1.0,2.0,4.0,6.0,1,6.112469437652812E-4,14545.943396226416,3426126.2965693194,1,false
src/java/org/apache/poi/hssf/record/formula/functions/Sumif.java,2.0,0.0,0.0,0.0,0.0,0.0,1,6.112469437652812E-4,14545.943396226416,3426126.2965693194,1,true
src/java/org/apache/poi/hssf/record/formula/functions/Sumproduct.java,173.0,9.0,15.0,6.0,30.0,32.0,1,6.112469437652812E-4,14545.943396226416,3426126.2965693194,1,true
src/java/org/apache/poi/hssf/record/formula/functions/Sumsq.java,21.0,5.0,1.0,2.0,4.0,6.0,1,6.112469437652812E-4,14545.943396226416,3426126.2965693194,1,false
src/java/org/apache/poi/hssf/record/formula/functions/Sumx2my2.java,13.0,0.0,0.0,1.0,1.0,2.0,1,6.112469437652812E-4,14545.943396226416,3426126.2965693194,1,false
src/java/org/apache/poi/hssf/record/formula/functions/Sumx2py2.java,13.0,0.0,0.0,1.0,1.0,2.0,1,6.112469437652812E-4,14545.943396226416,3426126.2965693194,1,false
src/java/org/apache/poi/hssf/record/formula/functions/Sumxmy2.java,13.0,0.0,0.0,1.0,1.0,2.0,1,6.112469437652812E-4,14545.943396226416,3426126.2965693194,1,false
src/java/org/apache/poi/hssf/record/formula/functions/Syd.java,2.0,0.0,0.0,0.0,0.0,0.0,1,6.112469437652812E-4,14545.943396226416,3426126.2965693194,1,false
src/java/org/apache/poi/hssf/record/formula/functions/T.java,22.0,4.0,0.0,1.0,1.0,5.0,1,6.112469437652812E-4,14545.943396226416,3426126.2965693194,1,false
src/java/org/apache/poi/hssf/record/formula/functions/Tan.java,30.0,6.0,0.0,1.0,4.0,6.0,1,6.112469437652812E-4,14545.943396226416,3426126.2965693194,1,false
src/java/org/apache/poi/hssf/record/formula/functions/Tanh.java,30.0,6.0,0.0,1.0,5.0,6.0,1,6.112469437652812E-4,14545.943396226416,3426126.2965693194,1,false
src/java/org/apache/poi/hssf/record/formula/functions/Tdist.java,2.0,0.0,0.0,0.0,0.0,0.0,1,6.112469437652812E-4,14545.943396226416,3426126.2965693194,1,false
src/java/org/apache/poi/hssf/record/formula/functions/Text.java,2.0,0.0,0.0,0.0,0.0,0.0,1,6.112469437652812E-4,14545.943396226416,3426126.2965693194,1,false
src/java/org/apache/poi/hssf/record/formula/functions/TextFunction.java,72.0,7.0,1.0,2.0,10.0,8.0,1,6.112469437652812E-4,14545.943396226416,3426126.2965693194,1,true
src/java/org/apache/poi/hssf/record/formula/functions/Textref.java,2.0,0.0,0.0,0.0,0.0,0.0,1,6.112469437652812E-4,14545.943396226416,3426126.2965693194,1,false
src/java/org/apache/poi/hssf/record/formula/functions/Time.java,2.0,0.0,0.0,0.0,0.0,0.0,1,6.112469437652812E-4,14545.943396226416,3426126.2965693194,1,false
src/java/org/apache/poi/hssf/record/formula/functions/Timevalue.java,2.0,0.0,0.0,0.0,0.0,0.0,1,6.112469437652812E-4,14545.943396226416,3426126.2965693194,1,false
src/java/org/apache/poi/hssf/record/formula/functions/Tinv.java,2.0,0.0,0.0,0.0,0.0,0.0,1,6.112469437652812E-4,14545.943396226416,3426126.2965693194,1,false
src/java/org/apache/poi/hssf/record/formula/functions/Today.java,2.0,0.0,0.0,0.0,0.0,0.0,1,6.112469437652812E-4,14545.943396226416,3426126.2965693194,1,false
src/java/org/apache/poi/hssf/record/formula/functions/Transpose.java,2.0,0.0,0.0,0.0,0.0,0.0,1,6.112469437652812E-4,14545.943396226416,3426126.2965693194,1,false
src/java/org/apache/poi/hssf/record/formula/functions/Trend.java,2.0,0.0,0.0,0.0,0.0,0.0,1,6.112469437652812E-4,14545.943396226416,3426126.2965693194,1,false
src/java/org/apache/poi/hssf/record/formula/functions/Trim.java,25.0,6.0,0.0,1.0,5.0,4.0,1,6.112469437652812E-4,14545.943396226416,3426126.2965693194,1,false
src/java/org/apache/poi/hssf/record/formula/functions/Trimmean.java,2.0,0.0,0.0,0.0,0.0,0.0,1,6.112469437652812E-4,14545.943396226416,3426126.2965693194,1,false
src/java/org/apache/poi/hssf/record/formula/functions/True.java,16.0,4.0,0.0,1.0,0.0,4.0,1,6.112469437652812E-4,14545.943396226416,3426126.2965693194,1,false
src/java/org/apache/poi/hssf/record/formula/functions/Trunc.java,2.0,0.0,0.0,0.0,0.0,0.0,1,6.112469437652812E-4,14545.943396226416,3426126.2965693194,1,false
src/java/org/apache/poi/hssf/record/formula/functions/Ttest.java,2.0,0.0,0.0,0.0,0.0,0.0,1,6.112469437652812E-4,14545.943396226416,3426126.2965693194,1,false
src/java/org/apache/poi/hssf/record/formula/functions/Type.java,2.0,0.0,0.0,0.0,0.0,0.0,1,6.112469437652812E-4,14545.943396226416,3426126.2965693194,1,false
src/java/org/apache/poi/hssf/record/formula/functions/Upper.java,31.0,6.0,0.0,1.0,3.0,6.0,1,6.112469437652812E-4,14545.943396226416,3426126.2965693194,1,false
src/java/org/apache/poi/hssf/record/formula/functions/Usdollar.java,2.0,0.0,0.0,0.0,0.0,0.0,1,6.112469437652812E-4,14545.943396226416,3426126.2965693194,1,false
src/java/org/apache/poi/hssf/record/formula/functions/Value.java,2.0,0.0,0.0,0.0,0.0,0.0,1,6.112469437652812E-4,14545.943396226416,3426126.2965693194,1,true
src/java/org/apache/poi/hssf/record/formula/functions/Var.java,2.0,0.0,0.0,0.0,0.0,0.0,1,6.112469437652812E-4,14545.943396226416,3426126.2965693194,1,false
src/java/org/apache/poi/hssf/record/formula/functions/Vara.java,2.0,0.0,0.0,0.0,0.0,0.0,1,6.112469437652812E-4,14545.943396226416,3426126.2965693194,1,false
src/java/org/apache/poi/hssf/record/formula/functions/Varp.java,2.0,0.0,0.0,0.0,0.0,0.0,1,6.112469437652812E-4,14545.943396226416,3426126.2965693194,1,false
src/java/org/apache/poi/hssf/record/formula/functions/Varpa.java,2.0,0.0,0.0,0.0,0.0,0.0,1,6.112469437652812E-4,14545.943396226416,3426126.2965693194,1,false
src/java/org/apache/poi/hssf/record/formula/functions/Vdb.java,2.0,0.0,0.0,0.0,0.0,0.0,1,6.112469437652812E-4,14545.943396226416,3426126.2965693194,1,false
src/java/org/apache/poi/hssf/record/formula/functions/Vlookup.java,80.0,7.0,1.0,2.0,12.0,9.0,2,0.0012224938875305623,16402.21652397972,3485559.211933661,2,false
src/java/org/apache/poi/hssf/record/formula/functions/Volatile.java,2.0,0.0,0.0,0.0,0.0,0.0,1,6.112469437652812E-4,14545.943396226416,3426126.2965693194,1,false
src/java/org/apache/poi/hssf/record/formula/functions/Weekday.java,2.0,0.0,0.0,0.0,0.0,0.0,1,6.112469437652812E-4,14545.943396226416,3426126.2965693194,1,false
src/java/org/apache/poi/hssf/record/formula/functions/Weibull.java,2.0,0.0,0.0,0.0,0.0,0.0,1,6.112469437652812E-4,14545.943396226416,3426126.2965693194,1,false
src/java/org/apache/poi/hssf/record/formula/functions/XYNumericFunction.java,144.0,7.0,21.0,7.0,15.0,27.0,1,6.112469437652812E-4,14545.943396226416,3426126.2965693194,1,false
src/java/org/apache/poi/hssf/record/formula/functions/Year.java,31.0,7.0,0.0,1.0,5.0,6.0,1,6.112469437652812E-4,14545.943396226416,3426126.2965693194,1,false
src/java/org/apache/poi/hssf/record/formula/functions/Ztest.java,2.0,0.0,0.0,0.0,0.0,0.0,1,6.112469437652812E-4,14545.943396226416,3426126.2965693194,1,false
src/java/org/apache/poi/hssf/usermodel/EvaluationCycleDetector.java,108.0,2.0,0.0,3.0,7.0,9.0,1,6.112469437652812E-4,14545.943396226416,3426126.2965693194,1,false
src/java/org/apache/poi/hssf/usermodel/EvaluationCycleDetectorManager.java,23.0,0.0,3.0,3.0,1.0,5.0,1,6.112469437652812E-4,14545.943396226416,3426126.2965693194,1,false
src/java/org/apache/poi/hssf/usermodel/HSSFBorderFormatting.java,145.0,1.0,0.0,27.0,24.0,40.0,2,0.0012224938875305623,16402.21652397972,3485559.211933661,2,true
src/java/org/apache/poi/hssf/usermodel/HSSFCell.java,832.0,12.0,0.0,41.0,170.0,137.0,2,0.0012224938875305623,16402.21652397972,3485559.211933661,2,true
src/java/org/apache/poi/hssf/usermodel/HSSFCellStyle.java,754.0,3.0,0.0,49.0,64.0,134.0,1,6.112469437652812E-4,14545.943396226416,3426126.2965693194,1,true
src/java/org/apache/poi/hssf/usermodel/HSSFComment.java,102.0,7.0,19.0,11.0,11.0,21.0,1,6.112469437652812E-4,14545.943396226416,3426126.2965693194,1,true
src/java/org/apache/poi/hssf/usermodel/HSSFConditionalFormatting.java,106.0,6.0,0.0,8.0,11.0,16.0,3,0.0018337408312958435,16818.772079535276,3487470.8691571904,3,true
src/java/org/apache/poi/hssf/usermodel/HSSFConditionalFormattingRule.java,96.0,8.0,0.0,12.0,19.0,31.0,2,0.0012224938875305623,16402.21652397972,3485559.211933661,2,true
src/java/org/apache/poi/hssf/usermodel/HSSFDataFormat.java,200.0,6.0,0.0,8.0,27.0,32.0,0,0.0,0.0,0.0,0,true
src/java/org/apache/poi/hssf/usermodel/HSSFDateUtil.java,258.0,3.0,103.0,15.0,33.0,55.0,1,6.112469437652812E-4,14545.943396226416,3426126.2965693194,1,true
src/java/org/apache/poi/hssf/usermodel/HSSFErrorConstants.java,76.0,0.0,1.0,3.0,0.0,11.0,0,0.0,0.0,0.0,0,false
src/java/org/apache/poi/hssf/usermodel/HSSFFont.java,294.0,1.0,0.0,25.0,24.0,45.0,0,0.0,0.0,0.0,0,true
src/java/org/apache/poi/hssf/usermodel/HSSFFontFormatting.java,316.0,1.0,0.0,36.0,46.0,94.0,2,0.0012224938875305623,16402.21652397972,3485559.211933661,2,true
src/java/org/apache/poi/hssf/usermodel/HSSFFooter.java,203.0,1.0,158.0,20.0,13.0,50.0,0,0.0,0.0,0.0,0,true
src/java/org/apache/poi/hssf/usermodel/HSSFFormulaEvaluator.java,640.0,42.0,0.0,20.0,137.0,91.0,2,0.0012224938875305623,16402.21652397972,3485559.211933661,2,true
src/java/org/apache/poi/hssf/usermodel/HSSFHeader.java,203.0,1.0,158.0,20.0,13.0,50.0,0,0.0,0.0,0.0,0,true
src/java/org/apache/poi/hssf/usermodel/HSSFHyperlink.java,148.0,8.0,0.0,15.0,15.0,26.0,1,6.112469437652812E-4,14545.943396226416,3426126.2965693194,1,true
src/java/org/apache/poi/hssf/usermodel/HSSFName.java,82.0,4.0,0.0,7.0,19.0,15.0,2,0.0012224938875305623,15326.427606752732,3438966.1975078573,2,true
src/java/org/apache/poi/hssf/usermodel/HSSFPalette.java,141.0,2.0,0.0,6.0,8.0,20.0,0,0.0,0.0,0.0,0,true
src/java/org/apache/poi/hssf/usermodel/HSSFPatriarch.java,183.0,8.0,50.0,16.0,22.0,35.0,2,0.0012224938875305623,16402.21652397972,3485559.211933661,2,true
src/java/org/apache/poi/hssf/usermodel/HSSFPatternFormatting.java,134.0,1.0,0.0,9.0,6.0,13.0,2,0.0012224938875305623,16402.21652397972,3485559.211933661,2,true
src/java/org/apache/poi/hssf/usermodel/HSSFPrintSetup.java,302.0,1.0,0.0,39.0,38.0,61.0,0,0.0,0.0,0.0,0,false
src/java/org/apache/poi/hssf/usermodel/HSSFRichTextString.java,195.0,4.0,0.0,22.0,41.0,54.0,0,0.0,0.0,0.0,0,true
src/java/org/apache/poi/hssf/usermodel/HSSFRow.java,400.0,6.0,219.0,31.0,57.0,82.0,2,0.0012224938875305623,16402.21652397972,3485559.211933661,2,true
src/java/org/apache/poi/hssf/usermodel/HSSFSheet.java,1413.0,27.0,202.0,121.0,368.0,307.0,4,0.0024449877750611247,17599.256290061592,3500310.7700957283,4,true
src/java/org/apache/poi/hssf/usermodel/HSSFTextbox.java,121.0,2.0,95.0,15.0,1.0,23.0,2,0.0012224938875305623,15326.427606752732,3438966.1975078573,2,false
src/java/org/apache/poi/hssf/usermodel/HSSFWorkbook.java,992.0,26.0,0.0,69.0,247.0,198.0,2,0.0012224938875305623,16402.21652397972,3485559.211933661,2,true
src/java/org/apache/poi/hssf/usermodel/OperationEvaluatorFactory.java,92.0,42.0,6.0,4.0,11.0,12.0,1,6.112469437652812E-4,14545.943396226416,3426126.2965693194,1,false
src/java/org/apache/poi/hssf/util/AreaReference.java,217.0,2.0,28.0,13.0,41.0,48.0,2,0.0012224938875305623,16402.21652397972,3485559.211933661,2,true
src/java/org/apache/poi/hssf/util/CellReference.java,215.0,1.0,61.0,15.0,30.0,48.0,1,6.112469437652812E-4,14545.943396226416,3426126.2965693194,1,true
src/java/org/apache/poi/hssf/util/HSSFCellRangeAddress.java,187.0,5.0,10.0,9.0,16.0,21.0,1,6.112469437652812E-4,14545.943396226416,3426126.2965693194,1,true
src/java/org/apache/poi/hssf/util/HSSFColor.java,1000.0,1.0,15.0,6.0,2.0,13.0,2,0.0012224938875305623,16402.21652397972,3485559.211933661,2,true
src/java/org/apache/poi/poifs/common/POIFSConstants.java,18.0,0.0,0.0,0.0,0.0,0.0,1,6.112469437652812E-4,14545.943396226416,3426126.2965693194,1,true
src/java/org/apache/poi/poifs/eventfilesystem/POIFSReader.java,166.0,13.0,3.0,7.0,32.0,23.0,1,6.112469437652812E-4,14545.943396226416,3426126.2965693194,1,true
src/java/org/apache/poi/poifs/filesystem/DirectoryNode.java,257.0,7.0,114.0,21.0,47.0,64.0,1,6.112469437652812E-4,14545.943396226416,3426126.2965693194,1,true
src/java/org/apache/poi/poifs/filesystem/POIFSFileSystem.java,344.0,31.0,178.0,21.0,88.0,71.0,1,6.112469437652812E-4,14545.943396226416,3426126.2965693194,1,true
src/java/org/apache/poi/poifs/storage/HeaderBlockReader.java,105.0,8.0,18.0,9.0,10.0,22.0,1,6.112469437652812E-4,14545.943396226416,3426126.2965693194,1,true
src/java/org/apache/poi/poifs/storage/RawDataBlock.java,62.0,5.0,2.0,4.0,3.0,17.0,1,6.112469437652812E-4,14545.943396226416,3426126.2965693194,1,true
src/java/org/apache/poi/poifs/storage/RawDataBlockList.java,24.0,2.0,0.0,1.0,4.0,5.0,1,6.112469437652812E-4,14545.943396226416,3426126.2965693194,1,true
src/java/org/apache/poi/util/CommonsLogger.java,129.0,2.0,0.0,4.0,30.0,11.0,0,0.0,0.0,0.0,0,false
src/java/org/apache/poi/util/HexRead.java,146.0,3.0,15.0,6.0,17.0,30.0,2,0.0012224938875305623,16402.21652397972,3485559.211933661,2,true
src/java/org/apache/poi/util/LittleEndian.java,419.0,3.0,666.0,37.0,41.0,90.0,0,0.0,0.0,0.0,0,true
src/java/org/apache/poi/util/POILogFactory.java,72.0,1.0,3.0,3.0,12.0,11.0,1,6.112469437652812E-4,14545.943396226416,3426126.2965693194,1,true
src/java/org/apache/poi/util/POILogger.java,426.0,1.0,351.0,27.0,56.0,60.0,0,0.0,0.0,0.0,0,true
src/java/org/apache/poi/util/SystemOutLogger.java,57.0,0.0,4.0,4.0,6.0,9.0,0,0.0,0.0,0.0,0,true
src/scratchpad/examples/src/org/apache/poi/hssf/eventusermodel/examples/XLS2CSVmra.java,193.0,35.0,0.0,6.0,25.0,24.0,1,6.112469437652812E-4,14545.943396226416,3426126.2965693194,1,false
src/scratchpad/ooxml-src/org/apache/poi/hxf/HXFDocument.java,191.0,26.0,40.0,12.0,35.0,51.0,1,6.112469437652812E-4,14545.943396226416,3426126.2965693194,1,true
src/scratchpad/src/org/apache/poi/hdgf/HDGFDiagram.java,98.0,13.0,1.0,6.0,26.0,16.0,1,6.112469437652812E-4,14545.943396226416,3426126.2965693194,1,true
src/scratchpad/src/org/apache/poi/hdgf/chunks/ChunkHeader.java,84.0,1.0,28.0,9.0,4.0,23.0,1,6.112469437652812E-4,14545.943396226416,3426126.2965693194,1,true
src/scratchpad/src/org/apache/poi/hdgf/chunks/ChunkHeaderV4V5.java,31.0,0.0,15.0,6.0,1.0,12.0,1,6.112469437652812E-4,14545.943396226416,3426126.2965693194,1,true
src/scratchpad/src/org/apache/poi/hdgf/chunks/ChunkHeaderV6.java,37.0,0.0,15.0,6.0,1.0,13.0,1,6.112469437652812E-4,14545.943396226416,3426126.2965693194,1,true
src/scratchpad/src/org/apache/poi/hdgf/extractor/VisioTextExtractor.java,76.0,12.0,19.0,7.0,21.0,20.0,1,6.112469437652812E-4,14545.943396226416,3426126.2965693194,1,false
src/scratchpad/src/org/apache/poi/hdgf/streams/ChunkStream.java,40.0,5.0,0.0,3.0,13.0,7.0,1,6.112469437652812E-4,14545.943396226416,3426126.2965693194,1,true
src/scratchpad/src/org/apache/poi/hslf/HSLFSlideShow.java,337.0,30.0,154.0,21.0,70.0,64.0,2,0.0012224938875305623,15326.427606752732,3438966.1975078573,2,true
src/scratchpad/src/org/apache/poi/hslf/extractor/PowerPointExtractor.java,158.0,7.0,45.0,11.0,17.0,27.0,1,6.112469437652812E-4,14545.943396226416,3426126.2965693194,1,true
src/scratchpad/src/org/apache/poi/hslf/model/Fill.java,173.0,9.0,0.0,9.0,48.0,25.0,2,0.0012224938875305623,15326.427606752732,3438966.1975078573,2,true
src/scratchpad/src/org/apache/poi/hslf/model/PPGraphics2D.java,1625.0,15.0,2139.0,75.0,152.0,225.0,2,0.0012224938875305623,15326.427606752732,3438966.1975078573,2,true
src/scratchpad/src/org/apache/poi/hslf/model/Picture.java,143.0,13.0,28.0,8.0,29.0,22.0,2,0.0012224938875305623,15326.427606752732,3438966.1975078573,2,true
src/scratchpad/src/org/apache/poi/hslf/model/Polygon.java,104.0,3.0,21.0,7.0,15.0,17.0,2,0.0012224938875305623,15326.427606752732,3438966.1975078573,2,true
src/scratchpad/src/org/apache/poi/hslf/model/Shape.java,269.0,8.0,171.0,22.0,67.0,54.0,2,0.0012224938875305623,15326.427606752732,3438966.1975078573,2,true
src/scratchpad/src/org/apache/poi/hslf/model/ShapeGroup.java,149.0,6.0,45.0,10.0,50.0,23.0,2,0.0012224938875305623,15326.427606752732,3438966.1975078573,2,true
src/scratchpad/src/org/apache/poi/hslf/model/Sheet.java,250.0,10.0,96.0,16.0,62.0,48.0,2,0.0012224938875305623,15326.427606752732,3438966.1975078573,2,true
src/scratchpad/src/org/apache/poi/hslf/model/SimpleShape.java,171.0,4.0,66.0,12.0,52.0,29.0,2,0.0012224938875305623,15326.427606752732,3438966.1975078573,2,true
src/scratchpad/src/org/apache/poi/hslf/model/Slide.java,196.0,11.0,98.0,16.0,42.0,43.0,2,0.0012224938875305623,15326.427606752732,3438966.1975078573,2,true
src/scratchpad/src/org/apache/poi/hslf/record/PPDrawing.java,205.0,8.0,23.0,11.0,37.0,25.0,2,0.0012224938875305623,15326.427606752732,3438966.1975078573,2,true
src/scratchpad/src/org/apache/poi/hslf/record/Record.java,137.0,7.0,36.0,9.0,19.0,31.0,2,0.0012224938875305623,15326.427606752732,3438966.1975078573,2,true
src/scratchpad/src/org/apache/poi/hslf/usermodel/RichTextRun.java,426.0,11.0,875.0,47.0,80.0,98.0,2,0.0012224938875305623,15326.427606752732,3438966.1975078573,2,true
src/scratchpad/src/org/apache/poi/hssf/usermodel/HSSFChart.java,724.0,50.0,1762.0,60.0,366.0,127.0,1,6.112469437652812E-4,14545.943396226416,3426126.2965693194,1,true
src/scratchpad/src/org/apache/poi/hwpf/HWPFDocument.java,351.0,16.0,193.0,23.0,91.0,58.0,1,6.112469437652812E-4,14545.943396226416,3426126.2965693194,1,true
src/scratchpad/src/org/apache/poi/hwpf/extractor/WordExtractor.java,112.0,11.0,15.0,7.0,24.0,25.0,1,6.112469437652812E-4,14545.943396226416,3426126.2965693194,1,false
src/scratchpad/src/org/apache/poi/hwpf/model/PicturesTable.java,103.0,7.0,31.0,10.0,29.0,29.0,1,6.112469437652812E-4,14545.943396226416,3426126.2965693194,1,true
src/scratchpad/src/org/apache/poi/hwpf/model/TextPiece.java,66.0,1.0,9.0,10.0,15.0,24.0,1,6.112469437652812E-4,14545.943396226416,3426126.2965693194,1,true
src/scratchpad/src/org/apache/poi/hwpf/usermodel/Range.java,633.0,19.0,24.0,32.0,152.0,94.0,1,6.112469437652812E-4,14545.943396226416,3426126.2965693194,1,true
src/scratchpad/src/org/apache/poi/hwpf/usermodel/TableRow.java,72.0,1.0,0.0,13.0,26.0,25.0,0,0.0,0.0,0.0,0,true
src/scratchpad/testcases/org/apache/poi/hdgf/extractor/TestVisioExtractor.java,60.0,7.0,0.0,5.0,15.0,11.0,1,6.112469437652812E-4,14545.943396226416,3426126.2965693194,1,false
src/scratchpad/testcases/org/apache/poi/hdgf/streams/TestStreamBugs.java,54.0,7.0,2.0,5.0,13.0,12.0,1,6.112469437652812E-4,14545.943396226416,3426126.2965693194,1,false
src/scratchpad/testcases/org/apache/poi/hslf/model/TestShapes.java,228.0,11.0,0.0,9.0,93.0,26.0,2,0.0012224938875305623,15326.427606752732,3438966.1975078573,2,true
src/scratchpad/testcases/org/apache/poi/hslf/record/TestTxMasterStyleAtom.java,154.0,6.0,19.0,7.0,39.0,19.0,2,0.0012224938875305623,15326.427606752732,3438966.1975078573,2,true
src/scratchpad/testcases/org/apache/poi/hslf/usermodel/TestBugs.java,274.0,9.0,0.0,13.0,91.0,56.0,2,0.0012224938875305623,15326.427606752732,3438966.1975078573,2,true
src/scratchpad/testcases/org/apache/poi/hssf/usermodel/TestHSSFChart.java,73.0,4.0,0.0,4.0,21.0,8.0,1,6.112469437652812E-4,14545.943396226416,3426126.2965693194,1,true
src/scratchpad/testcases/org/apache/poi/hwpf/extractor/TestWordExtractor.java,63.0,9.0,0.0,5.0,14.0,10.0,1,6.112469437652812E-4,14545.943396226416,3426126.2965693194,1,false
src/scratchpad/testcases/org/apache/poi/hwpf/extractor/TestWordExtractorBugs.java,17.0,2.0,0.0,2.0,4.0,4.0,0,0.0,0.0,0.0,0,true
src/scratchpad/testcases/org/apache/poi/hwpf/usermodel/TestPictures.java,90.0,7.0,1.0,7.0,37.0,20.0,1,6.112469437652812E-4,14545.943396226416,3426126.2965693194,1,true
src/scratchpad/testcases/org/apache/poi/hwpf/usermodel/TestProblems.java,77.0,6.0,0.0,5.0,27.0,15.0,1,6.112469437652812E-4,14545.943396226416,3426126.2965693194,1,true
src/testcases/org/apache/poi/AllPOITests.java,16.0,7.0,0.0,1.0,3.0,3.0,0,0.0,0.0,0.0,0,true
src/testcases/org/apache/poi/TestPOIDocumentMain.java,50.0,5.0,0.0,5.0,23.0,13.0,2,0.0012224938875305623,16402.21652397972,3485559.211933661,2,true
src/testcases/org/apache/poi/ddf/AllPOIDDFTests.java,25.0,2.0,0.0,1.0,1.0,3.0,2,0.0012224938875305623,15326.427606752732,3438966.1975078573,2,true
src/testcases/org/apache/poi/hpsf/basic/AllPOIHPSFBasicTests.java,17.0,2.0,0.0,1.0,1.0,3.0,0,0.0,0.0,0.0,0,true
src/testcases/org/apache/poi/hpsf/basic/TestBasic.java,118.0,18.0,1.0,7.0,34.0,25.0,0,0.0,0.0,0.0,0,false
src/testcases/org/apache/poi/hpsf/basic/TestReadAllFiles.java,53.0,6.0,6.0,4.0,11.0,12.0,0,0.0,0.0,0.0,0,false
src/testcases/org/apache/poi/hssf/HSSFTestDataSamples.java,124.0,8.0,8.0,5.0,13.0,25.0,2,0.0012224938875305623,16402.21652397972,3485559.211933661,2,true
src/testcases/org/apache/poi/hssf/HSSFTests.java,26.0,14.0,1.0,2.0,4.0,4.0,2,0.0012224938875305623,16402.21652397972,3485559.211933661,2,true
src/testcases/org/apache/poi/hssf/eventusermodel/TestFormatTrackingHSSFListener.java,34.0,8.0,0.0,2.0,5.0,5.0,1,6.112469437652812E-4,14545.943396226416,3426126.2965693194,1,false
src/testcases/org/apache/poi/hssf/eventusermodel/TestHSSFEventFactory.java,65.0,13.0,6.0,4.0,20.0,11.0,2,0.0012224938875305623,16402.21652397972,3485559.211933661,2,false
src/testcases/org/apache/poi/hssf/eventusermodel/TestMissingRecordAwareHSSFListener.java,259.0,15.0,0.0,4.0,18.0,17.0,2,0.0012224938875305623,16402.21652397972,3485559.211933661,2,true
src/testcases/org/apache/poi/hssf/extractor/TestExcelExtractor.java,42.0,5.0,15.0,6.0,21.0,11.0,2,0.0012224938875305623,16402.21652397972,3485559.211933661,2,true
src/testcases/org/apache/poi/hssf/model/TestFormulaParser.java,641.0,34.0,1275.0,51.0,195.0,88.0,2,0.0012224938875305623,16402.21652397972,3485559.211933661,2,true
src/testcases/org/apache/poi/hssf/model/TestFormulaParserEval.java,63.0,12.0,1.0,2.0,27.0,6.0,1,6.112469437652812E-4,14545.943396226416,3426126.2965693194,1,true
src/testcases/org/apache/poi/hssf/record/AllRecordTests.java,81.0,6.0,0.0,1.0,4.0,2.0,2,0.0012224938875305623,16402.21652397972,3485559.211933661,2,true
src/testcases/org/apache/poi/hssf/record/TestBOFRecord.java,13.0,5.0,0.0,1.0,1.0,4.0,2,0.0012224938875305623,16402.21652397972,3485559.211933661,2,true
src/testcases/org/apache/poi/hssf/record/TestCFHeaderRecord.java,78.0,3.0,10.0,5.0,38.0,12.0,2,0.0012224938875305623,16402.21652397972,3485559.211933661,2,true
src/testcases/org/apache/poi/hssf/record/TestCFRuleRecord.java,200.0,8.0,21.0,7.0,115.0,11.0,2,0.0012224938875305623,16402.21652397972,3485559.211933661,2,true
src/testcases/org/apache/poi/hssf/record/TestChartTitleFormatRecord.java,29.0,10.0,0.0,1.0,9.0,2.0,2,0.0012224938875305623,16402.21652397972,3485559.211933661,2,true
src/testcases/org/apache/poi/hssf/record/TestDVALRecord.java,26.0,3.0,0.0,1.0,10.0,2.0,0,0.0,0.0,0.0,0,true
src/testcases/org/apache/poi/hssf/record/TestExternalNameRecord.java,65.0,2.0,8.0,5.0,40.0,19.0,2,0.0012224938875305623,16402.21652397972,3485559.211933661,2,true
src/testcases/org/apache/poi/hssf/record/TestFormulaRecord.java,90.0,9.0,10.0,5.0,26.0,11.0,2,0.0012224938875305623,16402.21652397972,3485559.211933661,2,true
src/testcases/org/apache/poi/hssf/record/TestHyperlinkRecord.java,153.0,4.0,13.0,11.0,102.0,23.0,0,0.0,0.0,0.0,0,true
src/testcases/org/apache/poi/hssf/record/TestRecordFactory.java,114.0,7.0,10.0,5.0,45.0,12.0,2,0.0012224938875305623,16402.21652397972,3485559.211933661,2,true
src/testcases/org/apache/poi/hssf/record/TestSSTDeserializer.java,78.0,6.0,15.0,6.0,27.0,17.0,2,0.0012224938875305623,16402.21652397972,3485559.211933661,2,true
src/testcases/org/apache/poi/hssf/record/TestSSTRecord.java,170.0,10.0,21.0,7.0,43.0,16.0,2,0.0012224938875305623,16402.21652397972,3485559.211933661,2,true
src/testcases/org/apache/poi/hssf/record/TestSupBookRecord.java,68.0,1.0,17.0,7.0,29.0,12.0,0,0.0,0.0,0.0,0,true
src/testcases/org/apache/poi/hssf/record/TestUnicodeNameRecord.java,8.0,3.0,0.0,1.0,2.0,1.0,2,0.0012224938875305623,16402.21652397972,3485559.211933661,2,false
src/testcases/org/apache/poi/hssf/record/TestcaseRecordInputStream.java,38.0,3.0,6.0,4.0,8.0,8.0,0,0.0,0.0,0.0,0,true
src/testcases/org/apache/poi/hssf/record/aggregates/AllRecordAggregateTests.java,15.0,2.0,0.0,1.0,2.0,2.0,2,0.0012224938875305623,16402.21652397972,3485559.211933661,2,true
src/testcases/org/apache/poi/hssf/record/aggregates/TestCFRecordsAggregate.java,51.0,11.0,1.0,2.0,20.0,2.0,2,0.0012224938875305623,16402.21652397972,3485559.211933661,2,true
src/testcases/org/apache/poi/hssf/record/aggregates/TestColumnInfoRecordsAggregate.java,27.0,2.0,1.0,3.0,12.0,6.0,2,0.0012224938875305623,16402.21652397972,3485559.211933661,2,true
src/testcases/org/apache/poi/hssf/record/aggregates/TestValueRecordsAggregate.java,206.0,19.0,61.0,18.0,78.0,47.0,2,0.0012224938875305623,16402.21652397972,3485559.211933661,2,true
src/testcases/org/apache/poi/hssf/record/cf/TestCellRange.java,119.0,2.0,13.0,6.0,14.0,12.0,2,0.0012224938875305623,16402.21652397972,3485559.211933661,2,true
src/testcases/org/apache/poi/hssf/record/constant/TestConstantValueParser.java,34.0,6.0,0.0,4.0,10.0,10.0,2,0.0012224938875305623,16402.21652397972,3485559.211933661,2,true
src/testcases/org/apache/poi/hssf/record/formula/AbstractPtgTestCase.java,24.0,10.0,1.0,2.0,4.0,5.0,2,0.0012224938875305623,16402.21652397972,3485559.211933661,2,true
src/testcases/org/apache/poi/hssf/record/formula/AllFormulaTests.java,26.0,5.0,0.0,1.0,4.0,2.0,2,0.0012224938875305623,16402.21652397972,3485559.211933661,2,true
src/testcases/org/apache/poi/hssf/record/formula/TestArea3DPtg.java,19.0,1.0,0.0,1.0,4.0,1.0,1,6.112469437652812E-4,14545.943396226416,3426126.2965693194,1,true
src/testcases/org/apache/poi/hssf/record/formula/TestAreaPtg.java,64.0,2.0,17.0,7.0,23.0,12.0,0,0.0,0.0,0.0,0,true
src/testcases/org/apache/poi/hssf/record/formula/TestExternalFunctionFormulas.java,16.0,4.0,0.0,1.0,6.0,1.0,2,0.0012224938875305623,16402.21652397972,3485559.211933661,2,true
src/testcases/org/apache/poi/hssf/record/formula/TestFuncPtg.java,29.0,2.0,3.0,3.0,6.0,5.0,2,0.0012224938875305623,16402.21652397972,3485559.211933661,2,true
src/testcases/org/apache/poi/hssf/record/formula/TestRef3DPtg.java,15.0,1.0,0.0,1.0,4.0,1.0,1,6.112469437652812E-4,14545.943396226416,3426126.2965693194,1,true
src/testcases/org/apache/poi/hssf/record/formula/TestSheetNameFormatter.java,63.0,1.0,21.0,7.0,9.0,10.0,0,0.0,0.0,0.0,0,true
src/testcases/org/apache/poi/hssf/record/formula/eval/AllFormulaEvalTests.java,16.0,2.0,0.0,1.0,1.0,3.0,2,0.0012224938875305623,16402.21652397972,3485559.211933661,2,true
src/testcases/org/apache/poi/hssf/record/formula/eval/TestCircularReferences.java,75.0,8.0,10.0,5.0,31.0,11.0,1,6.112469437652812E-4,14545.943396226416,3426126.2965693194,1,true
src/testcases/org/apache/poi/hssf/record/formula/eval/TestExternalFunction.java,25.0,8.0,0.0,1.0,14.0,2.0,1,6.112469437652812E-4,14545.943396226416,3426126.2965693194,1,true
src/testcases/org/apache/poi/hssf/record/formula/eval/TestFormulaBugs.java,105.0,12.0,6.0,4.0,38.0,13.0,2,0.0012224938875305623,16402.21652397972,3485559.211933661,2,true
src/testcases/org/apache/poi/hssf/record/formula/eval/TestFormulasFromSpreadsheet.java,239.0,11.0,18.0,8.0,48.0,39.0,2,0.0012224938875305623,16402.21652397972,3485559.211933661,2,true
src/testcases/org/apache/poi/hssf/record/formula/eval/TestPercentEval.java,41.0,10.0,3.0,3.0,14.0,6.0,2,0.0012224938875305623,16402.21652397972,3485559.211933661,2,true
src/testcases/org/apache/poi/hssf/record/formula/eval/TestUnaryPlusEval.java,21.0,4.0,0.0,1.0,2.0,2.0,2,0.0012224938875305623,16402.21652397972,3485559.211933661,2,true
src/testcases/org/apache/poi/hssf/record/formula/function/AllFormulaFunctionTests.java,13.0,2.0,0.0,1.0,2.0,2.0,2,0.0012224938875305623,16402.21652397972,3485559.211933661,2,false
src/testcases/org/apache/poi/hssf/record/formula/function/ExcelFileFormatDocFunctionExtractor.java,386.0,29.0,13.0,6.0,35.0,28.0,2,0.0012224938875305623,16402.21652397972,3485559.211933661,2,true
src/testcases/org/apache/poi/hssf/record/formula/function/TestFunctionMetadataRegistry.java,18.0,1.0,1.0,2.0,7.0,2.0,2,0.0012224938875305623,16402.21652397972,3485559.211933661,2,false
src/testcases/org/apache/poi/hssf/record/formula/function/TestParseMissingBuiltInFuncs.java,51.0,8.0,36.0,9.0,15.0,15.0,2,0.0012224938875305623,16402.21652397972,3485559.211933661,2,true
src/testcases/org/apache/poi/hssf/record/formula/function/TestReadMissingBuiltInFuncs.java,121.0,11.0,45.0,10.0,43.0,39.0,2,0.0012224938875305623,16402.21652397972,3485559.211933661,2,true
src/testcases/org/apache/poi/hssf/record/formula/functions/AbstractNumericTestCase.java,37.0,1.0,6.0,4.0,5.0,8.0,1,6.112469437652812E-4,14545.943396226416,3426126.2965693194,1,false
src/testcases/org/apache/poi/hssf/record/formula/functions/AllIndividualFunctionEvaluationTests.java,28.0,2.0,0.0,1.0,2.0,2.0,2,0.0012224938875305623,16402.21652397972,3485559.211933661,2,true
src/testcases/org/apache/poi/hssf/record/formula/functions/EvalFactory.java,28.0,8.0,1.0,3.0,0.0,6.0,2,0.0012224938875305623,16402.21652397972,3485559.211933661,2,true
src/testcases/org/apache/poi/hssf/record/formula/functions/NumericFunctionInvoker.java,86.0,5.0,15.0,6.0,16.0,26.0,1,6.112469437652812E-4,14545.943396226416,3426126.2965693194,1,true
src/testcases/org/apache/poi/hssf/record/formula/functions/TestAverage.java,36.0,7.0,15.0,6.0,12.0,8.0,1,6.112469437652812E-4,14545.943396226416,3426126.2965693194,1,true
src/testcases/org/apache/poi/hssf/record/formula/functions/TestCountFuncs.java,57.0,12.0,21.0,7.0,11.0,12.0,2,0.0012224938875305623,16402.21652397972,3485559.211933661,2,true
src/testcases/org/apache/poi/hssf/record/formula/functions/TestDate.java,61.0,6.0,0.0,5.0,21.0,8.0,1,6.112469437652812E-4,14545.943396226416,3426126.2965693194,1,true
src/testcases/org/apache/poi/hssf/record/formula/functions/TestFinanceLib.java,239.0,0.0,10.0,5.0,10.0,5.0,1,6.112469437652812E-4,14545.943396226416,3426126.2965693194,1,false
src/testcases/org/apache/poi/hssf/record/formula/functions/TestIndex.java,43.0,6.0,3.0,3.0,3.0,7.0,2,0.0012224938875305623,16402.21652397972,3485559.211933661,2,true
src/testcases/org/apache/poi/hssf/record/formula/functions/TestIsBlank.java,25.0,7.0,0.0,1.0,10.0,1.0,1,6.112469437652812E-4,14545.943396226416,3426126.2965693194,1,true
src/testcases/org/apache/poi/hssf/record/formula/functions/TestLen.java,35.0,7.0,15.0,6.0,12.0,8.0,1,6.112469437652812E-4,14545.943396226416,3426126.2965693194,1,true
src/testcases/org/apache/poi/hssf/record/formula/functions/TestLookupFunctionsFromSpreadsheet.java,293.0,15.0,99.0,15.0,84.0,64.0,2,0.0012224938875305623,16402.21652397972,3485559.211933661,2,false
src/testcases/org/apache/poi/hssf/record/formula/functions/TestMatch.java,106.0,11.0,8.0,9.0,29.0,15.0,1,6.112469437652812E-4,14545.943396226416,3426126.2965693194,1,true
src/testcases/org/apache/poi/hssf/record/formula/functions/TestMathX.java,967.0,0.0,276.0,24.0,48.0,24.0,1,6.112469437652812E-4,14545.943396226416,3426126.2965693194,1,false
src/testcases/org/apache/poi/hssf/record/formula/functions/TestMid.java,58.0,14.0,21.0,7.0,13.0,11.0,2,0.0012224938875305623,16402.21652397972,3485559.211933661,2,true
src/testcases/org/apache/poi/hssf/record/formula/functions/TestOffset.java,54.0,2.0,3.0,3.0,10.0,4.0,1,6.112469437652812E-4,14545.943396226416,3426126.2965693194,1,true
src/testcases/org/apache/poi/hssf/record/formula/functions/TestPmt.java,40.0,6.0,15.0,6.0,12.0,12.0,2,0.0012224938875305623,16402.21652397972,3485559.211933661,2,false
src/testcases/org/apache/poi/hssf/record/formula/functions/TestRoundFuncs.java,18.0,5.0,1.0,2.0,4.0,2.0,1,6.112469437652812E-4,14545.943396226416,3426126.2965693194,1,true
src/testcases/org/apache/poi/hssf/record/formula/functions/TestRowCol.java,63.0,2.0,21.0,7.0,22.0,7.0,1,6.112469437652812E-4,14545.943396226416,3426126.2965693194,1,true
src/testcases/org/apache/poi/hssf/record/formula/functions/TestStatsLib.java,191.0,0.0,21.0,7.0,12.0,7.0,1,6.112469437652812E-4,14545.943396226416,3426126.2965693194,1,false
src/testcases/org/apache/poi/hssf/record/formula/functions/TestSumproduct.java,63.0,10.0,21.0,7.0,21.0,9.0,2,0.0012224938875305623,16402.21652397972,3485559.211933661,2,true
src/testcases/org/apache/poi/hssf/record/formula/functions/TestTFunc.java,72.0,10.0,45.0,10.0,19.0,14.0,2,0.0012224938875305623,16402.21652397972,3485559.211933661,2,true
src/testcases/org/apache/poi/hssf/record/formula/functions/TestTrim.java,40.0,7.0,15.0,6.0,12.0,8.0,1,6.112469437652812E-4,14545.943396226416,3426126.2965693194,1,true
src/testcases/org/apache/poi/hssf/record/formula/functions/TestXYNumericFunction.java,77.0,7.0,30.0,9.0,17.0,13.0,1,6.112469437652812E-4,14545.943396226416,3426126.2965693194,1,true
src/testcases/org/apache/poi/hssf/usermodel/AllUserModelTests.java,46.0,2.0,0.0,1.0,1.0,5.0,2,0.0012224938875305623,16402.21652397972,3485559.211933661,2,true
src/testcases/org/apache/poi/hssf/usermodel/TestBug42464.java,48.0,8.0,6.0,4.0,35.0,12.0,2,0.0012224938875305623,16402.21652397972,3485559.211933661,2,false
src/testcases/org/apache/poi/hssf/usermodel/TestBug43093.java,27.0,1.0,1.0,2.0,13.0,4.0,1,6.112469437652812E-4,14545.943396226416,3426126.2965693194,1,false
src/testcases/org/apache/poi/hssf/usermodel/TestBugs.java,722.0,8.0,2080.0,65.0,250.0,118.0,4,0.0024449877750611247,17599.256290061592,3500310.7700957283,4,true
src/testcases/org/apache/poi/hssf/usermodel/TestCellStyle.java,150.0,4.0,15.0,6.0,72.0,11.0,0,0.0,0.0,0.0,0,true
src/testcases/org/apache/poi/hssf/usermodel/TestDataValidation.java,755.0,5.0,78.0,13.0,114.0,25.0,1,6.112469437652812E-4,416.5555555555556,1911.6572235294584,1,true
src/testcases/org/apache/poi/hssf/usermodel/TestFormulaEvaluatorBugs.java,159.0,8.0,8.0,5.0,57.0,11.0,2,0.0012224938875305623,16402.21652397972,3485559.211933661,2,true
src/testcases/org/apache/poi/hssf/usermodel/TestFormulaEvaluatorDocs.java,84.0,2.0,1.0,2.0,21.0,6.0,1,6.112469437652812E-4,14545.943396226416,3426126.2965693194,1,false
src/testcases/org/apache/poi/hssf/usermodel/TestFormulas.java,779.0,9.0,903.0,43.0,307.0,115.0,2,0.0012224938875305623,16402.21652397972,3485559.211933661,2,true
src/testcases/org/apache/poi/hssf/usermodel/TestHSSFCell.java,252.0,14.0,91.0,14.0,124.0,33.0,2,0.0012224938875305623,16402.21652397972,3485559.211933661,2,true
src/testcases/org/apache/poi/hssf/usermodel/TestHSSFComment.java,105.0,3.0,3.0,3.0,52.0,8.0,2,0.0012224938875305623,16402.21652397972,3485559.211933661,2,true
src/testcases/org/apache/poi/hssf/usermodel/TestHSSFConditionalFormatting.java,57.0,4.0,0.0,1.0,36.0,2.0,3,0.0018337408312958435,16818.772079535276,3487470.8691571904,3,true
src/testcases/org/apache/poi/hssf/usermodel/TestHSSFDateUtil.java,259.0,7.0,87.0,15.0,79.0,30.0,2,0.0012224938875305623,16402.21652397972,3485559.211933661,2,true
src/testcases/org/apache/poi/hssf/usermodel/TestHSSFHeaderFooter.java,74.0,6.0,10.0,5.0,44.0,9.0,2,0.0012224938875305623,16402.21652397972,3485559.211933661,2,true
src/testcases/org/apache/poi/hssf/usermodel/TestHSSFHyperlink.java,121.0,3.0,6.0,4.0,45.0,7.0,2,0.0012224938875305623,16402.21652397972,3485559.211933661,2,true
src/testcases/org/apache/poi/hssf/usermodel/TestHSSFPalette.java,157.0,11.0,5.0,10.0,52.0,19.0,2,0.0012224938875305623,16402.21652397972,3485559.211933661,2,true
src/testcases/org/apache/poi/hssf/usermodel/TestHSSFPicture.java,45.0,5.0,1.0,2.0,20.0,8.0,2,0.0012224938875305623,16402.21652397972,3485559.211933661,2,true
src/testcases/org/apache/poi/hssf/usermodel/TestHSSFPictureData.java,31.0,8.0,0.0,1.0,13.0,5.0,2,0.0012224938875305623,16402.21652397972,3485559.211933661,2,true
src/testcases/org/apache/poi/hssf/usermodel/TestHSSFRow.java,124.0,3.0,10.0,5.0,42.0,11.0,2,0.0012224938875305623,16402.21652397972,3485559.211933661,2,true
src/testcases/org/apache/poi/hssf/usermodel/TestHSSFSheet.java,618.0,17.0,435.0,30.0,265.0,59.0,4,0.0024449877750611247,17599.256290061592,3500310.7700957283,4,true
src/testcases/org/apache/poi/hssf/usermodel/TestHSSFTextbox.java,21.0,6.0,0.0,1.0,9.0,1.0,2,0.0012224938875305623,15326.427606752732,3438966.1975078573,2,true
src/testcases/org/apache/poi/hssf/usermodel/TestHSSFWorkbook.java,123.0,3.0,28.0,8.0,38.0,12.0,2,0.0012224938875305623,16402.21652397972,3485559.211933661,2,true
src/testcases/org/apache/poi/hssf/usermodel/TestNamedRange.java,328.0,11.0,153.0,18.0,171.0,42.0,3,0.0018337408312958435,17182.700734506037,3498399.1128721987,3,true
src/testcases/org/apache/poi/hssf/usermodel/TestOLE2Embeding.java,15.0,3.0,1.0,2.0,9.0,4.0,2,0.0012224938875305623,16402.21652397972,3485559.211933661,2,true
src/testcases/org/apache/poi/hssf/usermodel/TestPOIFSProperties.java,37.0,10.0,0.0,2.0,28.0,6.0,2,0.0012224938875305623,16402.21652397972,3485559.211933661,2,true
src/testcases/org/apache/poi/hssf/usermodel/TestReadWriteChart.java,25.0,7.0,1.0,2.0,17.0,2.0,2,0.0012224938875305623,16402.21652397972,3485559.211933661,2,false
src/testcases/org/apache/poi/hssf/usermodel/TestSheetHiding.java,74.0,4.0,0.0,5.0,26.0,9.0,2,0.0012224938875305623,16402.21652397972,3485559.211933661,2,true
src/testcases/org/apache/poi/hssf/usermodel/TestSheetShiftRows.java,149.0,4.0,15.0,6.0,48.0,16.0,2,0.0012224938875305623,16402.21652397972,3485559.211933661,2,true
src/testcases/org/apache/poi/hssf/usermodel/TestUnfixedBugs.java,21.0,4.0,0.0,1.0,2.0,4.0,2,0.0012224938875305623,16402.21652397972,3485559.211933661,2,true
src/testcases/org/apache/poi/hssf/usermodel/TestUppercaseWorkbook.java,67.0,7.0,0.0,3.0,17.0,13.0,2,0.0012224938875305623,16402.21652397972,3485559.211933661,2,true
src/testcases/org/apache/poi/hssf/usermodel/TestWorkbook.java,410.0,15.0,133.0,18.0,161.0,51.0,3,0.0018337408312958435,16818.772079535276,3487470.8691571904,3,true
src/testcases/org/apache/poi/hssf/util/AllHSSFUtilTests.java,15.0,2.0,0.0,1.0,1.0,3.0,0,0.0,0.0,0.0,0,true
src/testcases/org/apache/poi/hssf/util/TestAreaReference.java,194.0,15.0,28.0,8.0,68.0,15.0,2,0.0012224938875305623,16402.21652397972,3485559.211933661,2,true
src/testcases/org/apache/poi/hssf/util/TestCellReference.java,55.0,1.0,55.0,11.0,18.0,12.0,0,0.0,0.0,0.0,0,true
src/testcases/org/apache/poi/poifs/AllPOIFSTests.java,14.0,6.0,0.0,1.0,3.0,4.0,0,0.0,0.0,0.0,0,true
src/testcases/org/apache/poi/poifs/filesystem/AllPOIFSFileSystemTests.java,20.0,2.0,0.0,1.0,1.0,4.0,0,0.0,0.0,0.0,0,true
src/testcases/org/apache/poi/poifs/filesystem/TestEmptyDocument.java,123.0,10.0,36.0,9.0,37.0,19.0,0,0.0,0.0,0.0,0,true
src/testcases/org/apache/poi/poifs/filesystem/TestOffice2007XMLException.java,35.0,3.0,6.0,4.0,10.0,9.0,2,0.0012224938875305623,16402.21652397972,3485559.211933661,2,false
src/testcases/org/apache/poi/poifs/filesystem/TestPOIFSFileSystem.java,83.0,4.0,1.0,2.0,5.0,6.0,2,0.0012224938875305623,16402.21652397972,3485559.211933661,2,true
src/testcases/org/apache/poi/poifs/filesystem/TestPropertySorter.java,92.0,15.0,8.0,5.0,28.0,21.0,2,0.0012224938875305623,16402.21652397972,3485559.211933661,2,false
src/testcases/org/apache/poi/poifs/property/AllPOIFSPropertyTests.java,15.0,2.0,0.0,1.0,1.0,4.0,0,0.0,0.0,0.0,0,true
src/testcases/org/apache/poi/poifs/property/TestPropertyTable.java,117.0,6.0,6.0,4.0,20.0,11.0,1,6.112469437652812E-4,14545.943396226416,3426126.2965693194,1,true
src/testcases/org/apache/poi/poifs/storage/AllPOIFSStorageTests.java,24.0,2.0,0.0,1.0,1.0,4.0,0,0.0,0.0,0.0,0,true
src/testcases/org/apache/poi/poifs/storage/LocalRawDataBlockList.java,116.0,6.0,6.0,8.0,10.0,25.0,1,6.112469437652812E-4,14545.943396226416,3426126.2965693194,1,true
src/testcases/org/apache/poi/poifs/storage/TestRawDataBlock.java,172.0,5.0,15.0,6.0,22.0,18.0,1,6.112469437652812E-4,14545.943396226416,3426126.2965693194,1,true
src/testcases/org/apache/poi/poifs/storage/TestRawDataBlockList.java,58.0,5.0,10.0,5.0,6.0,11.0,1,6.112469437652812E-4,14545.943396226416,3426126.2965693194,1,true
src/testcases/org/apache/poi/poifs/storage/TestSmallBlockTableReader.java,34.0,6.0,3.0,3.0,4.0,5.0,1,6.112469437652812E-4,14545.943396226416,3426126.2965693194,1,true
src/testcases/org/apache/poi/util/AllPOIUtilTests.java,28.0,2.0,0.0,1.0,1.0,3.0,0,0.0,0.0,0.0,0,true
src/testcases/org/apache/poi/util/DummyPOILogger.java,21.0,2.0,4.0,5.0,2.0,6.0,0,0.0,0.0,0.0,0,true
