name,LOC,CBO,LCOM,NOM,RFC,WMC,numOfChanges,bccm,structuralWorkloadSum,semanticWorkloadSum,numberOfDeveloper,isBuggy
src/contrib/src/org/apache/poi/hssf/contrib/view/SVTableModel.java,46.0,5.0,12.0,8.0,10.0,18.0,1,6.849315068493151E-4,2486.101694915254,117117.7958313896,1,false
src/examples/src/org/apache/poi/hssf/usermodel/examples/Alignment.java,35.0,3.0,1.0,2.0,10.0,4.0,0,0.0,0.0,0.0,0,false
src/examples/src/org/apache/poi/hssf/usermodel/examples/BigExample.java,65.0,4.0,0.0,1.0,22.0,4.0,0,0.0,0.0,0.0,0,false
src/examples/src/org/apache/poi/hssf/usermodel/examples/Borders.java,26.0,4.0,0.0,1.0,16.0,2.0,0,0.0,0.0,0.0,0,false
src/examples/src/org/apache/poi/hssf/usermodel/examples/CellComments.java,40.0,3.0,0.0,1.0,21.0,2.0,0,0.0,0.0,0.0,0,false
src/examples/src/org/apache/poi/hssf/usermodel/examples/CellTypes.java,15.0,7.0,0.0,1.0,7.0,2.0,0,0.0,0.0,0.0,0,false
src/examples/src/org/apache/poi/hssf/usermodel/examples/CreateCells.java,19.0,6.0,0.0,1.0,6.0,2.0,0,0.0,0.0,0.0,0,false
src/examples/src/org/apache/poi/hssf/usermodel/examples/CreateDateCells.java,23.0,4.0,0.0,1.0,10.0,2.0,0,0.0,0.0,0.0,0,false
src/examples/src/org/apache/poi/hssf/usermodel/examples/FrillsAndFills.java,26.0,4.0,0.0,1.0,11.0,2.0,0,0.0,0.0,0.0,0,false
src/examples/src/org/apache/poi/hssf/usermodel/examples/HyperlinkFormula.java,17.0,3.0,0.0,1.0,7.0,2.0,0,0.0,0.0,0.0,0,true
src/examples/src/org/apache/poi/hssf/usermodel/examples/Hyperlinks.java,45.0,4.0,0.0,1.0,14.0,2.0,1,6.849315068493151E-4,13308.94710327456,2048696.872201993,1,false
src/examples/src/org/apache/poi/hssf/usermodel/examples/MergedCells.java,17.0,4.0,0.0,1.0,7.0,2.0,0,0.0,0.0,0.0,0,false
src/examples/src/org/apache/poi/hssf/usermodel/examples/NewLinesInCells.java,28.0,3.0,0.0,1.0,14.0,2.0,0,0.0,0.0,0.0,0,false
src/examples/src/org/apache/poi/hssf/usermodel/examples/NewSheet.java,15.0,4.0,0.0,1.0,4.0,2.0,0,0.0,0.0,0.0,0,true
src/examples/src/org/apache/poi/hssf/usermodel/examples/OfficeDrawing.java,202.0,2.0,66.0,12.0,80.0,21.0,0,0.0,0.0,0.0,0,false
src/examples/src/org/apache/poi/hssf/usermodel/examples/OfficeDrawingWithGraphics.java,61.0,4.0,1.0,2.0,27.0,5.0,0,0.0,0.0,0.0,0,false
src/examples/src/org/apache/poi/hssf/usermodel/examples/Outlines.java,187.0,6.0,91.0,14.0,80.0,29.0,0,0.0,0.0,0.0,0,false
src/examples/src/org/apache/poi/hssf/usermodel/examples/ReadWriteWorkbook.java,29.0,8.0,0.0,1.0,9.0,3.0,0,0.0,0.0,0.0,0,false
src/examples/src/org/apache/poi/hssf/usermodel/examples/RepeatingRowsAndColumns.java,26.0,3.0,0.0,1.0,13.0,2.0,0,0.0,0.0,0.0,0,false
src/examples/src/org/apache/poi/hssf/usermodel/examples/WorkingWithFonts.java,24.0,3.0,0.0,1.0,14.0,2.0,0,0.0,0.0,0.0,0,false
src/examples/src/org/apache/poi/xssf/eventusermodel/examples/FromHowTo.java,77.0,13.0,6.0,4.0,19.0,10.0,1,6.849315068493151E-4,13308.94710327456,2048696.872201993,1,true
src/java/org/apache/poi/common/usermodel/Fill.java,4.0,1.0,1.0,2.0,0.0,2.0,1,6.849315068493151E-4,2486.101694915254,117117.7958313896,1,false
src/java/org/apache/poi/common/usermodel/Hyperlink.java,46.0,0.0,10.0,5.0,0.0,10.0,1,6.849315068493151E-4,2486.101694915254,117117.7958313896,1,false
src/java/org/apache/poi/common/usermodel/LineStyle.java,2.0,0.0,0.0,0.0,0.0,0.0,1,6.849315068493151E-4,2486.101694915254,117117.7958313896,1,false
src/java/org/apache/poi/ddf/EscherContainerRecord.java,223.0,7.0,0.0,18.0,68.0,55.0,0,0.0,0.0,0.0,0,true
src/java/org/apache/poi/ddf/EscherRecord.java,197.0,4.0,164.0,20.0,16.0,46.0,1,6.849315068493151E-4,13308.94710327456,2048696.872201993,1,true
src/java/org/apache/poi/hssf/OldExcelFormatException.java,5.0,0.0,0.0,1.0,0.0,1.0,1,6.849315068493151E-4,342.0,1257.608702987733,1,false
src/java/org/apache/poi/hssf/dev/HSSF.java,210.0,13.0,0.0,4.0,46.0,17.0,2,0.0013698630136986301,15795.048798189815,2165814.6680333824,2,true
src/java/org/apache/poi/hssf/eventusermodel/AbortableHSSFListener.java,37.0,2.0,1.0,2.0,0.0,5.0,1,6.849315068493151E-4,342.0,1257.608702987733,1,false
src/java/org/apache/poi/hssf/extractor/EventBasedExcelExtractor.java,197.0,29.0,19.0,7.0,5.0,23.0,1,6.849315068493151E-4,2486.101694915254,117117.7958313896,1,true
src/java/org/apache/poi/hssf/extractor/ExcelExtractor.java,322.0,16.0,45.0,11.0,53.0,31.0,3,0.002054794520547945,16137.048798189815,2167072.2767363703,3,true
src/java/org/apache/poi/hssf/model/LinkTable.java,320.0,14.0,105.0,23.0,72.0,76.0,1,6.849315068493151E-4,13308.94710327456,2048696.872201993,1,true
src/java/org/apache/poi/hssf/model/Sheet.java,1390.0,58.0,4398.0,105.0,296.0,280.0,2,0.0013698630136986301,15795.048798189815,2165814.6680333824,2,true
src/java/org/apache/poi/hssf/model/Workbook.java,1818.0,67.0,4305.0,107.0,385.0,324.0,1,6.849315068493151E-4,2486.101694915254,117117.7958313896,1,true
src/java/org/apache/poi/hssf/record/AbstractEscherHolderRecord.java,178.0,9.0,55.0,23.0,50.0,51.0,0,0.0,0.0,0.0,0,true
src/java/org/apache/poi/hssf/record/BoolErrRecord.java,118.0,3.0,27.0,15.0,9.0,34.0,0,0.0,0.0,0.0,0,true
src/java/org/apache/poi/hssf/record/CFRuleRecord.java,369.0,12.0,1262.0,56.0,86.0,135.0,1,6.849315068493151E-4,2486.101694915254,117117.7958313896,1,true
src/java/org/apache/poi/hssf/record/CellRecord.java,89.0,2.0,88.0,16.0,15.0,30.0,1,6.849315068493151E-4,13308.94710327456,2048696.872201993,1,false
src/java/org/apache/poi/hssf/record/DVALRecord.java,137.0,1.0,72.0,17.0,17.0,28.0,1,6.849315068493151E-4,2486.101694915254,117117.7958313896,1,true
src/java/org/apache/poi/hssf/record/DVRecord.java,260.0,8.0,81.0,22.0,50.0,58.0,0,0.0,0.0,0.0,0,true
src/java/org/apache/poi/hssf/record/EmbeddedObjectRefSubRecord.java,272.0,12.0,19.0,14.0,32.0,48.0,0,0.0,0.0,0.0,0,true
src/java/org/apache/poi/hssf/record/EscherAggregate.java,641.0,33.0,166.0,24.0,168.0,72.0,2,0.0013698630136986301,15795.048798189815,2165814.6680333824,2,true
src/java/org/apache/poi/hssf/record/ExtSSTRecord.java,107.0,1.0,5.0,10.0,10.0,20.0,1,6.849315068493151E-4,2486.101694915254,117117.7958313896,1,true
src/java/org/apache/poi/hssf/record/ExternSheetRecord.java,165.0,3.0,0.0,16.0,32.0,38.0,0,0.0,0.0,0.0,0,true
src/java/org/apache/poi/hssf/record/FormulaRecord.java,313.0,9.0,92.0,29.0,42.0,56.0,0,0.0,0.0,0.0,0,true
src/java/org/apache/poi/hssf/record/HyperlinkRecord.java,607.0,10.0,266.0,36.0,62.0,75.0,0,0.0,0.0,0.0,0,true
src/java/org/apache/poi/hssf/record/LabelSSTRecord.java,56.0,2.0,33.0,10.0,7.0,15.0,0,0.0,0.0,0.0,0,true
src/java/org/apache/poi/hssf/record/MulBlankRecord.java,102.0,1.0,18.0,12.0,14.0,25.0,1,6.849315068493151E-4,13308.94710327456,2048696.872201993,1,true
src/java/org/apache/poi/hssf/record/NameRecord.java,469.0,8.0,329.0,39.0,55.0,93.0,2,0.0013698630136986301,13650.94710327456,2049954.4809049806,2,true
src/java/org/apache/poi/hssf/record/NoteRecord.java,180.0,2.0,4.0,17.0,14.0,35.0,1,6.849315068493151E-4,2486.101694915254,117117.7958313896,1,true
src/java/org/apache/poi/hssf/record/NumberRecord.java,57.0,2.0,25.0,10.0,6.0,17.0,0,0.0,0.0,0.0,0,true
src/java/org/apache/poi/hssf/record/RKRecord.java,67.0,2.0,24.0,9.0,6.0,15.0,0,0.0,0.0,0.0,0,true
src/java/org/apache/poi/hssf/record/RecalcIdRecord.java,49.0,2.0,5.0,6.0,8.0,12.0,0,0.0,0.0,0.0,0,true
src/java/org/apache/poi/hssf/record/RecordBase.java,20.0,0.0,1.0,2.0,0.0,4.0,1,6.849315068493151E-4,2486.101694915254,117117.7958313896,1,false
src/java/org/apache/poi/hssf/record/RecordFactory.java,256.0,16.0,34.0,9.0,61.0,37.0,1,6.849315068493151E-4,13308.94710327456,2048696.872201993,1,true
src/java/org/apache/poi/hssf/record/RowRecord.java,274.0,4.0,198.0,32.0,37.0,66.0,1,6.849315068493151E-4,2486.101694915254,117117.7958313896,1,true
src/java/org/apache/poi/hssf/record/StandardRecord.java,29.0,2.0,6.0,4.0,8.0,8.0,2,0.0013698630136986301,15795.048798189815,2165814.6680333824,2,true
src/java/org/apache/poi/hssf/record/UnknownRecord.java,283.0,3.0,10.0,9.0,16.0,25.0,1,6.849315068493151E-4,13308.94710327456,2048696.872201993,1,true
src/java/org/apache/poi/hssf/record/WriteAccessRecord.java,105.0,4.0,6.0,8.0,23.0,24.0,1,6.849315068493151E-4,13308.94710327456,2048696.872201993,1,true
src/java/org/apache/poi/hssf/record/aggregates/ChartSubstreamRecordAggregate.java,53.0,8.0,0.0,2.0,11.0,9.0,1,6.849315068493151E-4,13308.94710327456,2048696.872201993,1,true
src/java/org/apache/poi/hssf/record/aggregates/CustomViewSettingsRecordAggregate.java,56.0,6.0,1.0,3.0,10.0,11.0,1,6.849315068493151E-4,13308.94710327456,2048696.872201993,1,true
src/java/org/apache/poi/hssf/record/aggregates/PageSettingsBlock.java,450.0,23.0,580.0,37.0,62.0,114.0,2,0.0013698630136986301,15795.048798189815,2165814.6680333824,2,true
src/java/org/apache/poi/hssf/record/aggregates/RowRecordsAggregate.java,352.0,22.0,308.0,33.0,107.0,95.0,1,6.849315068493151E-4,2486.101694915254,117117.7958313896,1,true
src/java/org/apache/poi/hssf/record/aggregates/ValueRecordsAggregate.java,268.0,13.0,71.0,19.0,32.0,61.0,0,0.0,0.0,0.0,0,true
src/java/org/apache/poi/hssf/record/chart/ChartFormatRecord.java,81.0,6.0,76.0,16.0,17.0,24.0,0,0.0,0.0,0.0,0,true
src/java/org/apache/poi/hssf/record/chart/ChartRecord.java,108.0,3.0,43.0,15.0,8.0,31.0,0,0.0,0.0,0.0,0,true
src/java/org/apache/poi/hssf/record/chart/SeriesListRecord.java,52.0,3.0,0.0,8.0,7.0,16.0,0,0.0,0.0,0.0,0,true
src/java/org/apache/poi/hssf/record/chart/SheetPropertiesRecord.java,150.0,6.0,0.0,20.0,20.0,36.0,0,0.0,0.0,0.0,0,true
src/java/org/apache/poi/hssf/record/formula/Area2DPtgBase.java,34.0,3.0,28.0,8.0,11.0,13.0,1,6.849315068493151E-4,13308.94710327456,2048696.872201993,1,false
src/java/org/apache/poi/hssf/record/formula/Area3DPtg.java,63.0,6.0,35.0,11.0,17.0,20.0,1,6.849315068493151E-4,13308.94710327456,2048696.872201993,1,true
src/java/org/apache/poi/hssf/record/formula/AreaPtg.java,22.0,2.0,10.0,5.0,0.0,6.0,1,6.849315068493151E-4,13308.94710327456,2048696.872201993,1,true
src/java/org/apache/poi/hssf/record/formula/AreaPtgBase.java,241.0,6.0,243.0,31.0,53.0,57.0,2,0.0013698630136986301,15795.048798189815,2165814.6680333824,2,true
src/java/org/apache/poi/hssf/record/formula/MemAreaPtg.java,44.0,2.0,8.0,8.0,10.0,13.0,1,6.849315068493151E-4,13308.94710327456,2048696.872201993,1,true
src/java/org/apache/poi/hssf/record/formula/Ptg.java,344.0,5.0,202.0,21.0,30.0,78.0,1,6.849315068493151E-4,13308.94710327456,2048696.872201993,1,true
src/java/org/apache/poi/hssf/record/formula/Ref2DPtgBase.java,37.0,3.0,28.0,8.0,15.0,13.0,1,6.849315068493151E-4,13308.94710327456,2048696.872201993,1,true
src/java/org/apache/poi/hssf/record/formula/Ref3DPtg.java,57.0,6.0,33.0,10.0,16.0,19.0,1,6.849315068493151E-4,13308.94710327456,2048696.872201993,1,true
src/java/org/apache/poi/hssf/record/formula/RefPtg.java,27.0,2.0,10.0,5.0,0.0,6.0,1,6.849315068493151E-4,13308.94710327456,2048696.872201993,1,true
src/java/org/apache/poi/hssf/record/formula/RefPtgBase.java,76.0,6.0,25.0,14.0,21.0,25.0,2,0.0013698630136986301,15795.048798189815,2165814.6680333824,2,true
src/java/org/apache/poi/hssf/record/formula/eval/RangeEval.java,49.0,0.0,10.0,5.0,13.0,13.0,1,6.849315068493151E-4,13308.94710327456,2048696.872201993,1,true
src/java/org/apache/poi/hssf/record/formula/eval/RefEvalBase.java,18.0,0.0,0.0,3.0,0.0,5.0,1,6.849315068493151E-4,13308.94710327456,2048696.872201993,1,false
src/java/org/apache/poi/hssf/record/formula/function/FunctionMetadataRegistry.java,60.0,2.0,20.0,8.0,10.0,19.0,2,0.0013698630136986301,15795.048798189815,2165814.6680333824,2,false
src/java/org/apache/poi/hssf/record/formula/functions/Hyperlink.java,25.0,5.0,0.0,1.0,2.0,4.0,1,6.849315068493151E-4,13308.94710327456,2048696.872201993,1,false
src/java/org/apache/poi/hssf/record/formula/functions/Index.java,142.0,9.0,3.0,3.0,15.0,18.0,1,6.849315068493151E-4,13308.94710327456,2048696.872201993,1,true
src/java/org/apache/poi/hssf/record/pivottable/ExtendedPivotTableViewFieldsRecord.java,82.0,6.0,0.0,5.0,16.0,15.0,1,6.849315068493151E-4,13308.94710327456,2048696.872201993,1,true
src/java/org/apache/poi/hssf/record/pivottable/PageItemRecord.java,74.0,5.0,0.0,5.0,5.0,13.0,1,6.849315068493151E-4,13308.94710327456,2048696.872201993,1,true
src/java/org/apache/poi/hssf/record/pivottable/ViewFieldsRecord.java,78.0,5.0,0.0,5.0,12.0,13.0,0,0.0,0.0,0.0,0,true
src/java/org/apache/poi/hssf/usermodel/DVConstraint.java,412.0,8.0,297.0,30.0,28.0,103.0,0,0.0,0.0,0.0,0,true
src/java/org/apache/poi/hssf/usermodel/HSSFCell.java,905.0,38.0,29.0,50.0,237.0,180.0,1,6.849315068493151E-4,2486.101694915254,117117.7958313896,1,true
src/java/org/apache/poi/hssf/usermodel/HSSFCellStyle.java,679.0,7.0,0.0,57.0,86.0,165.0,1,6.849315068493151E-4,2486.101694915254,117117.7958313896,1,true
src/java/org/apache/poi/hssf/usermodel/HSSFComment.java,119.0,4.0,26.0,13.0,8.0,25.0,0,0.0,0.0,0.0,0,true
src/java/org/apache/poi/hssf/usermodel/HSSFDataFormat.java,144.0,5.0,10.0,8.0,29.0,30.0,1,6.849315068493151E-4,13308.94710327456,2048696.872201993,1,true
src/java/org/apache/poi/hssf/usermodel/HSSFDataValidation.java,177.0,3.0,113.0,19.0,10.0,43.0,0,0.0,0.0,0.0,0,true
src/java/org/apache/poi/hssf/usermodel/HSSFEvaluationWorkbook.java,112.0,9.0,3.0,18.0,34.0,40.0,2,0.0013698630136986301,15795.048798189815,2165814.6680333824,2,true
src/java/org/apache/poi/hssf/usermodel/HSSFFont.java,232.0,2.0,0.0,25.0,22.0,45.0,1,6.849315068493151E-4,2486.101694915254,117117.7958313896,1,true
src/java/org/apache/poi/hssf/usermodel/HSSFName.java,179.0,6.0,0.0,16.0,37.0,43.0,2,0.0013698630136986301,15795.048798189815,2165814.6680333824,2,true
src/java/org/apache/poi/hssf/usermodel/HSSFObjectData.java,79.0,8.0,11.0,6.0,17.0,22.0,0,0.0,0.0,0.0,0,true
src/java/org/apache/poi/hssf/usermodel/HSSFOptimiser.java,150.0,5.0,1.0,2.0,37.0,10.0,0,0.0,0.0,0.0,0,true
src/java/org/apache/poi/hssf/usermodel/HSSFPatriarch.java,186.0,10.0,66.0,17.0,23.0,37.0,0,0.0,0.0,0.0,0,true
src/java/org/apache/poi/hssf/usermodel/HSSFPicture.java,184.0,14.0,48.0,12.0,51.0,33.0,0,0.0,0.0,0.0,0,true
src/java/org/apache/poi/hssf/usermodel/HSSFPictureData.java,60.0,4.0,0.0,4.0,3.0,9.0,0,0.0,0.0,0.0,0,true
src/java/org/apache/poi/hssf/usermodel/HSSFRow.java,538.0,8.0,379.0,39.0,79.0,116.0,1,6.849315068493151E-4,2486.101694915254,117117.7958313896,1,true
src/java/org/apache/poi/hssf/usermodel/HSSFShape.java,145.0,0.0,108.0,17.0,0.0,31.0,0,0.0,0.0,0.0,0,true
src/java/org/apache/poi/hssf/usermodel/HSSFSheet.java,1437.0,36.0,1839.0,135.0,369.0,328.0,2,0.0013698630136986301,15795.048798189815,2165814.6680333824,2,true
src/java/org/apache/poi/hssf/usermodel/HSSFSheetConditionalFormatting.java,127.0,7.0,15.0,11.0,20.0,26.0,2,0.0013698630136986301,15795.048798189815,2165814.6680333824,2,false
src/java/org/apache/poi/hssf/usermodel/HSSFWorkbook.java,1243.0,52.0,666.0,92.0,302.0,252.0,3,0.002054794520547945,16137.048798189815,2167072.2767363703,3,true
src/java/org/apache/poi/hssf/util/CellRangeAddress.java,14.0,2.0,1.0,2.0,0.0,2.0,2,0.0013698630136986301,15795.048798189815,2165814.6680333824,2,true
src/java/org/apache/poi/hssf/util/CellRangeAddress8Bit.java,39.0,4.0,15.0,7.0,16.0,13.0,1,6.849315068493151E-4,13308.94710327456,2048696.872201993,1,true
src/java/org/apache/poi/hssf/util/CellRangeAddressList.java,30.0,1.0,3.0,3.0,2.0,4.0,0,0.0,0.0,0.0,0,true
src/java/org/apache/poi/hssf/util/CellReference.java,25.0,0.0,6.0,4.0,0.0,5.0,1,6.849315068493151E-4,13308.94710327456,2048696.872201993,1,true
src/java/org/apache/poi/poifs/filesystem/POIFSFileSystem.java,345.0,31.0,178.0,21.0,90.0,71.0,1,6.849315068493151E-4,2486.101694915254,117117.7958313896,1,true
src/java/org/apache/poi/poifs/storage/BlockAllocationTableReader.java,177.0,6.0,1.0,7.0,24.0,30.0,1,6.849315068493151E-4,342.0,1257.608702987733,1,true
src/java/org/apache/poi/poifs/storage/BlockListImpl.java,84.0,2.0,0.0,7.0,1.0,20.0,1,6.849315068493151E-4,342.0,1257.608702987733,1,true
src/java/org/apache/poi/ss/SpreadsheetVersion.java,0.0,0.0,0.0,0.0,0.0,0.0,2,0.0013698630136986301,15795.048798189815,2165814.6680333824,2,true
src/java/org/apache/poi/ss/extractor/ExcelExtractor.java,23.0,0.0,6.0,4.0,0.0,6.0,1,6.849315068493151E-4,2486.101694915254,117117.7958313896,1,false
src/java/org/apache/poi/ss/formula/EvaluationTracker.java,96.0,8.0,0.0,6.0,17.0,21.0,1,6.849315068493151E-4,13308.94710327456,2048696.872201993,1,true
src/java/org/apache/poi/ss/formula/FormulaParser.java,1306.0,14.0,1141.0,63.0,229.0,258.0,2,0.0013698630136986301,15795.048798189815,2165814.6680333824,2,true
src/java/org/apache/poi/ss/formula/FormulaParsingWorkbook.java,27.0,2.0,10.0,5.0,0.0,9.0,2,0.0013698630136986301,15795.048798189815,2165814.6680333824,2,false
src/java/org/apache/poi/ss/formula/OperandClassTransformer.java,210.0,10.0,26.0,8.0,21.0,35.0,1,6.849315068493151E-4,13308.94710327456,2048696.872201993,1,true
src/java/org/apache/poi/ss/formula/ParseNode.java,157.0,7.0,40.0,12.0,23.0,31.0,1,6.849315068493151E-4,13308.94710327456,2048696.872201993,1,true
src/java/org/apache/poi/ss/formula/WorkbookEvaluator.java,378.0,47.0,146.0,24.0,90.0,73.0,1,6.849315068493151E-4,13308.94710327456,2048696.872201993,1,true
src/java/org/apache/poi/ss/formula/eval/forked/ForkedEvaluator.java,86.0,14.0,3.0,7.0,17.0,23.0,2,0.0013698630136986301,15795.048798189815,2165814.6680333824,2,false
src/java/org/apache/poi/ss/usermodel/BorderStyle.java,0.0,0.0,0.0,0.0,0.0,0.0,1,6.849315068493151E-4,2486.101694915254,117117.7958313896,1,true
src/java/org/apache/poi/ss/usermodel/BuiltinFormats.java,98.0,2.0,0.0,3.0,5.0,12.0,1,6.849315068493151E-4,13308.94710327456,2048696.872201993,1,true
src/java/org/apache/poi/ss/usermodel/Cell.java,277.0,2.0,406.0,29.0,0.0,82.0,2,0.0013698630136986301,15795.048798189815,2165814.6680333824,2,true
src/java/org/apache/poi/ss/usermodel/CellStyle.java,559.0,0.0,903.0,43.0,0.0,94.0,1,6.849315068493151E-4,2486.101694915254,117117.7958313896,1,true
src/java/org/apache/poi/ss/usermodel/ClientAnchor.java,145.0,0.0,153.0,18.0,0.0,27.0,2,0.0013698630136986301,15795.048798189815,2165814.6680333824,2,true
src/java/org/apache/poi/ss/usermodel/Comment.java,51.0,0.0,45.0,10.0,0.0,16.0,1,6.849315068493151E-4,2486.101694915254,117117.7958313896,1,false
src/java/org/apache/poi/ss/usermodel/CreationHelper.java,33.0,0.0,10.0,5.0,0.0,7.0,1,6.849315068493151E-4,2486.101694915254,117117.7958313896,1,false
src/java/org/apache/poi/ss/usermodel/DataFormat.java,15.0,0.0,1.0,2.0,0.0,8.0,1,6.849315068493151E-4,2486.101694915254,117117.7958313896,1,false
src/java/org/apache/poi/ss/usermodel/DataFormatter.java,555.0,4.0,137.0,18.0,95.0,73.0,2,0.0013698630136986301,13650.94710327456,2049954.4809049806,2,true
src/java/org/apache/poi/ss/usermodel/Drawing.java,6.0,0.0,0.0,1.0,0.0,1.0,2,0.0013698630136986301,15795.048798189815,2165814.6680333824,2,true
src/java/org/apache/poi/ss/usermodel/FillPatternType.java,0.0,0.0,0.0,0.0,0.0,0.0,1,6.849315068493151E-4,2486.101694915254,117117.7958313896,1,true
src/java/org/apache/poi/ss/usermodel/Font.java,192.0,0.0,210.0,21.0,0.0,35.0,1,6.849315068493151E-4,2486.101694915254,117117.7958313896,1,true
src/java/org/apache/poi/ss/usermodel/FontCharset.java,0.0,0.0,0.0,0.0,0.0,0.0,1,6.849315068493151E-4,2486.101694915254,117117.7958313896,1,true
src/java/org/apache/poi/ss/usermodel/FontFamily.java,0.0,0.0,0.0,0.0,0.0,0.0,1,6.849315068493151E-4,2486.101694915254,117117.7958313896,1,true
src/java/org/apache/poi/ss/usermodel/FontScheme.java,0.0,0.0,0.0,0.0,0.0,0.0,1,6.849315068493151E-4,2486.101694915254,117117.7958313896,1,true
src/java/org/apache/poi/ss/usermodel/FontUnderline.java,0.0,0.0,0.0,0.0,0.0,0.0,1,6.849315068493151E-4,2486.101694915254,117117.7958313896,1,true
src/java/org/apache/poi/ss/usermodel/Footer.java,38.0,0.0,15.0,6.0,0.0,9.0,1,6.849315068493151E-4,2486.101694915254,117117.7958313896,1,false
src/java/org/apache/poi/ss/usermodel/FormulaError.java,0.0,0.0,0.0,0.0,0.0,0.0,2,0.0013698630136986301,15795.048798189815,2165814.6680333824,2,true
src/java/org/apache/poi/ss/usermodel/Header.java,38.0,0.0,15.0,6.0,0.0,9.0,1,6.849315068493151E-4,2486.101694915254,117117.7958313896,1,false
src/java/org/apache/poi/ss/usermodel/HorizontalAlignment.java,0.0,0.0,0.0,0.0,0.0,0.0,2,0.0013698630136986301,15795.048798189815,2165814.6680333824,2,true
src/java/org/apache/poi/ss/usermodel/Hyperlink.java,45.0,0.0,28.0,8.0,0.0,12.0,1,6.849315068493151E-4,2486.101694915254,117117.7958313896,1,false
src/java/org/apache/poi/ss/usermodel/IndexedColors.java,0.0,0.0,0.0,0.0,0.0,0.0,1,6.849315068493151E-4,2486.101694915254,117117.7958313896,1,true
src/java/org/apache/poi/ss/usermodel/Name.java,132.0,0.0,55.0,11.0,0.0,33.0,1,6.849315068493151E-4,2486.101694915254,117117.7958313896,1,false
src/java/org/apache/poi/ss/usermodel/PageOrder.java,0.0,0.0,0.0,0.0,0.0,0.0,1,6.849315068493151E-4,2486.101694915254,117117.7958313896,1,true
src/java/org/apache/poi/ss/usermodel/PaperSize.java,0.0,0.0,0.0,0.0,0.0,0.0,1,6.849315068493151E-4,2486.101694915254,117117.7958313896,1,true
src/java/org/apache/poi/ss/usermodel/Picture.java,18.0,0.0,3.0,3.0,0.0,3.0,2,0.0013698630136986301,15795.048798189815,2165814.6680333824,2,true
src/java/org/apache/poi/ss/usermodel/PictureData.java,12.0,0.0,1.0,2.0,0.0,5.0,1,6.849315068493151E-4,2486.101694915254,117117.7958313896,1,false
src/java/org/apache/poi/ss/usermodel/PrintCellComments.java,0.0,0.0,0.0,0.0,0.0,0.0,1,6.849315068493151E-4,2486.101694915254,117117.7958313896,1,true
src/java/org/apache/poi/ss/usermodel/PrintOrientation.java,0.0,0.0,0.0,0.0,0.0,0.0,1,6.849315068493151E-4,2486.101694915254,117117.7958313896,1,true
src/java/org/apache/poi/ss/usermodel/PrintSetup.java,191.0,0.0,630.0,36.0,0.0,55.0,1,6.849315068493151E-4,2486.101694915254,117117.7958313896,1,false
src/java/org/apache/poi/ss/usermodel/RichTextString.java,54.0,0.0,36.0,9.0,0.0,19.0,1,6.849315068493151E-4,2486.101694915254,117117.7958313896,1,false
src/java/org/apache/poi/ss/usermodel/Row.java,158.0,2.0,153.0,18.0,0.0,48.0,1,6.849315068493151E-4,2486.101694915254,117117.7958313896,1,true
src/java/org/apache/poi/ss/usermodel/ShapeTypes.java,193.0,0.0,0.0,0.0,0.0,0.0,2,0.0013698630136986301,15795.048798189815,2165814.6680333824,2,true
src/java/org/apache/poi/ss/usermodel/Sheet.java,582.0,3.0,3655.0,86.0,0.0,200.0,2,0.0013698630136986301,15795.048798189815,2165814.6680333824,2,true
src/java/org/apache/poi/ss/usermodel/Textbox.java,43.0,0.0,45.0,10.0,0.0,15.0,1,6.849315068493151E-4,2486.101694915254,117117.7958313896,1,false
src/java/org/apache/poi/ss/usermodel/VerticalAlignment.java,0.0,0.0,0.0,0.0,0.0,0.0,2,0.0013698630136986301,15795.048798189815,2165814.6680333824,2,true
src/java/org/apache/poi/ss/usermodel/Workbook.java,357.0,4.0,1176.0,49.0,0.0,112.0,2,0.0013698630136986301,15795.048798189815,2165814.6680333824,2,true
src/java/org/apache/poi/ss/util/AreaReference.java,290.0,3.0,70.0,16.0,50.0,59.0,2,0.0013698630136986301,15795.048798189815,2165814.6680333824,2,true
src/java/org/apache/poi/ss/util/CellRangeAddress.java,54.0,4.0,30.0,9.0,25.0,18.0,0,0.0,0.0,0.0,0,true
src/java/org/apache/poi/ss/util/CellRangeAddressBase.java,111.0,1.0,4.0,16.0,9.0,43.0,1,6.849315068493151E-4,2486.101694915254,117117.7958313896,1,true
src/java/org/apache/poi/ss/util/CellRangeAddressList.java,114.0,5.0,1.0,14.0,25.0,31.0,0,0.0,0.0,0.0,0,false
src/java/org/apache/poi/ss/util/CellReference.java,386.0,4.0,177.0,23.0,54.0,76.0,2,0.0013698630136986301,15795.048798189815,2165814.6680333824,2,true
src/ooxml/java/org/apache/poi/POIXMLDocument.java,139.0,9.0,46.0,12.0,21.0,42.0,2,0.0013698630136986301,15795.048798189815,2165814.6680333824,2,true
src/ooxml/java/org/apache/poi/POIXMLDocumentPart.java,191.0,8.0,73.0,18.0,36.0,42.0,2,0.0013698630136986301,15795.048798189815,2165814.6680333824,2,true
src/ooxml/java/org/apache/poi/POIXMLProperties.java,108.0,6.0,2.0,5.0,7.0,12.0,1,6.849315068493151E-4,13308.94710327456,2048696.872201993,1,true
src/ooxml/java/org/apache/poi/dev/OOXMLLister.java,89.0,10.0,0.0,7.0,28.0,19.0,1,6.849315068493151E-4,13308.94710327456,2048696.872201993,1,true
src/ooxml/java/org/apache/poi/extractor/ExtractorFactory.java,123.0,32.0,21.0,7.0,36.0,32.0,1,6.849315068493151E-4,13308.94710327456,2048696.872201993,1,true
src/ooxml/java/org/apache/poi/openxml4j/opc/ContentTypes.java,72.0,0.0,0.0,1.0,4.0,4.0,1,6.849315068493151E-4,13308.94710327456,2048696.872201993,1,true
src/ooxml/java/org/apache/poi/openxml4j/opc/OPCPackage.java,923.0,31.0,1554.0,61.0,179.0,216.0,1,6.849315068493151E-4,13308.94710327456,2048696.872201993,1,true
src/ooxml/java/org/apache/poi/openxml4j/opc/Package.java,105.0,12.0,36.0,9.0,22.0,30.0,2,0.0013698630136986301,15795.048798189815,2165814.6680333824,2,true
src/ooxml/java/org/apache/poi/openxml4j/opc/PackagePart.java,433.0,9.0,367.0,35.0,33.0,111.0,1,6.849315068493151E-4,13308.94710327456,2048696.872201993,1,true
src/ooxml/java/org/apache/poi/openxml4j/opc/PackagePartName.java,298.0,4.0,93.0,18.0,49.0,73.0,1,6.849315068493151E-4,13308.94710327456,2048696.872201993,1,true
src/ooxml/java/org/apache/poi/openxml4j/opc/PackageProperties.java,164.0,2.0,595.0,35.0,0.0,50.0,1,6.849315068493151E-4,13308.94710327456,2048696.872201993,1,true
src/ooxml/java/org/apache/poi/openxml4j/opc/PackageRelationship.java,141.0,2.0,0.0,12.0,12.0,29.0,1,6.849315068493151E-4,13308.94710327456,2048696.872201993,1,true
src/ooxml/java/org/apache/poi/openxml4j/opc/PackageRelationshipCollection.java,295.0,13.0,0.0,19.0,55.0,62.0,1,6.849315068493151E-4,13308.94710327456,2048696.872201993,1,true
src/ooxml/java/org/apache/poi/openxml4j/opc/PackagingURIHelper.java,432.0,4.0,141.0,18.0,62.0,87.0,1,6.849315068493151E-4,13308.94710327456,2048696.872201993,1,true
src/ooxml/java/org/apache/poi/openxml4j/opc/RelationshipSource.java,98.0,3.0,55.0,11.0,0.0,31.0,0,0.0,0.0,0.0,0,true
src/ooxml/java/org/apache/poi/openxml4j/opc/ZipPackage.java,269.0,26.0,43.0,14.0,62.0,57.0,1,6.849315068493151E-4,13308.94710327456,2048696.872201993,1,true
src/ooxml/java/org/apache/poi/openxml4j/opc/ZipPackagePart.java,69.0,8.0,30.0,9.0,3.0,22.0,1,6.849315068493151E-4,13308.94710327456,2048696.872201993,1,true
src/ooxml/java/org/apache/poi/openxml4j/opc/internal/ContentType.java,104.0,5.0,15.0,7.0,15.0,19.0,1,6.849315068493151E-4,13308.94710327456,2048696.872201993,1,true
src/ooxml/java/org/apache/poi/openxml4j/opc/internal/ContentTypeManager.java,313.0,22.0,7.0,14.0,59.0,59.0,1,6.849315068493151E-4,13308.94710327456,2048696.872201993,1,true
src/ooxml/java/org/apache/poi/openxml4j/opc/internal/MemoryPackagePart.java,59.0,9.0,34.0,9.0,1.0,19.0,1,6.849315068493151E-4,13308.94710327456,2048696.872201993,1,true
src/ooxml/java/org/apache/poi/openxml4j/opc/internal/PackagePropertiesPart.java,437.0,14.0,1064.0,48.0,32.0,102.0,1,6.849315068493151E-4,13308.94710327456,2048696.872201993,1,true
src/ooxml/java/org/apache/poi/openxml4j/opc/internal/ZipContentTypeManager.java,46.0,13.0,1.0,2.0,8.0,9.0,1,6.849315068493151E-4,13308.94710327456,2048696.872201993,1,true
src/ooxml/java/org/apache/poi/openxml4j/opc/internal/marshallers/ZipPartMarshaller.java,86.0,24.0,0.0,2.0,37.0,14.0,1,6.849315068493151E-4,13308.94710327456,2048696.872201993,1,true
src/ooxml/java/org/apache/poi/openxml4j/opc/internal/signature/DigitalCertificatePart.java,26.0,7.0,21.0,7.0,0.0,16.0,1,6.849315068493151E-4,13308.94710327456,2048696.872201993,1,true
src/ooxml/java/org/apache/poi/openxml4j/opc/internal/unmarshallers/PackagePropertiesUnmarshaller.java,195.0,21.0,61.0,18.0,103.0,77.0,1,6.849315068493151E-4,13308.94710327456,2048696.872201993,1,true
src/ooxml/java/org/apache/poi/openxml4j/opc/internal/unmarshallers/UnmarshallContext.java,55.0,3.0,7.0,7.0,0.0,10.0,1,6.849315068493151E-4,13308.94710327456,2048696.872201993,1,true
src/ooxml/java/org/apache/poi/openxml4j/util/Nullable.java,41.0,0.0,0.0,5.0,0.0,11.0,1,6.849315068493151E-4,13308.94710327456,2048696.872201993,1,true
src/ooxml/java/org/apache/poi/ss/usermodel/WorkbookFactory.java,36.0,9.0,3.0,3.0,4.0,10.0,1,6.849315068493151E-4,13308.94710327456,2048696.872201993,1,true
src/ooxml/java/org/apache/poi/util/PackageHelper.java,100.0,5.0,10.0,5.0,68.0,20.0,1,6.849315068493151E-4,13308.94710327456,2048696.872201993,1,true
src/ooxml/java/org/apache/poi/xslf/XSLFSlideShow.java,162.0,25.0,74.0,13.0,49.0,45.0,1,6.849315068493151E-4,13308.94710327456,2048696.872201993,1,true
src/ooxml/java/org/apache/poi/xslf/extractor/XSLFPowerPointExtractor.java,100.0,21.0,26.0,9.0,27.0,26.0,2,0.0013698630136986301,15795.048798189815,2165814.6680333824,2,true
src/ooxml/java/org/apache/poi/xssf/dev/XSSFDump.java,54.0,8.0,3.0,3.0,22.0,12.0,2,0.0013698630136986301,15795.048798189815,2165814.6680333824,2,true
src/ooxml/java/org/apache/poi/xssf/eventusermodel/XSSFReader.java,159.0,23.0,0.0,8.0,19.0,30.0,1,6.849315068493151E-4,13308.94710327456,2048696.872201993,1,true
src/ooxml/java/org/apache/poi/xssf/extractor/XSSFExcelExtractor.java,92.0,14.0,28.0,9.0,27.0,21.0,2,0.0013698630136986301,13650.94710327456,2049954.4809049806,2,true
src/ooxml/java/org/apache/poi/xssf/model/CalculationChain.java,58.0,8.0,1.0,7.0,20.0,17.0,0,0.0,0.0,0.0,0,true
src/ooxml/java/org/apache/poi/xssf/model/StylesTable.java,332.0,34.0,428.0,37.0,140.0,93.0,1,6.849315068493151E-4,2486.101694915254,117117.7958313896,1,true
src/ooxml/java/org/apache/poi/xssf/usermodel/XSSFActiveXData.java,34.0,7.0,0.0,7.0,6.0,14.0,0,0.0,0.0,0.0,0,false
src/ooxml/java/org/apache/poi/xssf/usermodel/XSSFCell.java,751.0,21.0,438.0,48.0,207.0,173.0,2,0.0013698630136986301,15795.048798189815,2165814.6680333824,2,true
src/ooxml/java/org/apache/poi/xssf/usermodel/XSSFCellStyle.java,1147.0,7.0,1753.0,86.0,317.0,273.0,1,6.849315068493151E-4,2486.101694915254,117117.7958313896,1,true
src/ooxml/java/org/apache/poi/xssf/usermodel/XSSFClientAnchor.java,155.0,2.0,0.0,27.0,30.0,42.0,2,0.0013698630136986301,15795.048798189815,2165814.6680333824,2,true
src/ooxml/java/org/apache/poi/xssf/usermodel/XSSFDataFormat.java,31.0,3.0,0.0,3.0,4.0,9.0,0,0.0,0.0,0.0,0,false
src/ooxml/java/org/apache/poi/xssf/usermodel/XSSFDrawing.java,175.0,13.0,58.0,13.0,52.0,31.0,2,0.0013698630136986301,15795.048798189815,2165814.6680333824,2,true
src/ooxml/java/org/apache/poi/xssf/usermodel/XSSFEvaluationWorkbook.java,126.0,6.0,80.0,20.0,26.0,44.0,2,0.0013698630136986301,15795.048798189815,2165814.6680333824,2,true
src/ooxml/java/org/apache/poi/xssf/usermodel/XSSFFont.java,469.0,4.0,0.0,43.0,136.0,116.0,1,6.849315068493151E-4,2486.101694915254,117117.7958313896,1,true
src/ooxml/java/org/apache/poi/xssf/usermodel/XSSFName.java,269.0,6.0,0.0,20.0,46.0,59.0,2,0.0013698630136986301,15795.048798189815,2165814.6680333824,2,true
src/ooxml/java/org/apache/poi/xssf/usermodel/XSSFPicture.java,241.0,19.0,59.0,14.0,105.0,40.0,2,0.0013698630136986301,15795.048798189815,2165814.6680333824,2,true
src/ooxml/java/org/apache/poi/xssf/usermodel/XSSFRelation.java,64.0,20.0,1.0,3.0,13.0,13.0,0,0.0,0.0,0.0,0,true
src/ooxml/java/org/apache/poi/xssf/usermodel/XSSFRow.java,324.0,10.0,102.0,25.0,61.0,69.0,1,6.849315068493151E-4,2486.101694915254,117117.7958313896,1,true
src/ooxml/java/org/apache/poi/xssf/usermodel/XSSFSheet.java,1455.0,26.0,7103.0,135.0,467.0,379.0,2,0.0013698630136986301,2828.101694915254,118375.40453437733,2,true
src/ooxml/java/org/apache/poi/xssf/usermodel/XSSFWorkbook.java,1004.0,42.0,1906.0,77.0,279.0,236.0,2,0.0013698630136986301,15795.048798189815,2165814.6680333824,2,true
src/ooxml/java/org/apache/poi/xssf/usermodel/helpers/ColumnHelper.java,347.0,17.0,262.0,24.0,150.0,64.0,1,6.849315068493151E-4,342.0,1257.608702987733,1,true
src/ooxml/java/org/apache/poi/xssf/usermodel/helpers/XSSFRowShifter.java,126.0,13.0,8.0,8.0,44.0,27.0,1,6.849315068493151E-4,13308.94710327456,2048696.872201993,1,true
src/ooxml/java/org/apache/poi/xwpf/extractor/XWPFWordExtractor.java,63.0,14.0,6.0,5.0,18.0,11.0,1,6.849315068493151E-4,13308.94710327456,2048696.872201993,1,true
src/ooxml/java/org/apache/poi/xwpf/usermodel/XWPFDocument.java,228.0,23.0,145.0,22.0,88.0,63.0,1,6.849315068493151E-4,13308.94710327456,2048696.872201993,1,true
src/ooxml/java/org/apache/poi/xwpf/usermodel/XWPFParagraph.java,779.0,26.0,1150.0,49.0,206.0,175.0,1,6.849315068493151E-4,2486.101694915254,117117.7958313896,1,true
src/ooxml/java/org/apache/poi/xwpf/usermodel/XWPFRun.java,378.0,16.0,0.0,28.0,111.0,92.0,1,6.849315068493151E-4,2486.101694915254,117117.7958313896,1,true
src/ooxml/testcases/org/apache/poi/TestEmbeded.java,39.0,8.0,0.0,5.0,25.0,10.0,1,6.849315068493151E-4,13308.94710327456,2048696.872201993,1,true
src/ooxml/testcases/org/apache/poi/TestXMLPropertiesTextExtractor.java,44.0,5.0,0.0,5.0,25.0,12.0,1,6.849315068493151E-4,13308.94710327456,2048696.872201993,1,true
src/ooxml/testcases/org/apache/poi/extractor/TestExtractorFactory.java,156.0,16.0,0.0,6.0,30.0,20.0,1,6.849315068493151E-4,13308.94710327456,2048696.872201993,1,true
src/ooxml/testcases/org/apache/poi/openxml4j/OpenXML4JTestDataSamples.java,103.0,4.0,66.0,12.0,25.0,38.0,0,0.0,0.0,0.0,0,true
src/ooxml/testcases/org/apache/poi/openxml4j/opc/AllOpenXML4JTests.java,17.0,4.0,0.0,1.0,4.0,2.0,1,6.849315068493151E-4,13308.94710327456,2048696.872201993,1,true
src/ooxml/testcases/org/apache/poi/openxml4j/opc/TestContentType.java,78.0,3.0,6.0,4.0,3.0,15.0,1,6.849315068493151E-4,13308.94710327456,2048696.872201993,1,true
src/ooxml/testcases/org/apache/poi/openxml4j/opc/TestFileHelper.java,16.0,4.0,0.0,1.0,6.0,2.0,1,6.849315068493151E-4,13308.94710327456,2048696.872201993,1,true
src/ooxml/testcases/org/apache/poi/openxml4j/opc/TestListParts.java,41.0,7.0,0.0,2.0,13.0,8.0,1,6.849315068493151E-4,13308.94710327456,2048696.872201993,1,true
src/ooxml/testcases/org/apache/poi/openxml4j/opc/TestPackage.java,216.0,21.0,53.0,11.0,135.0,32.0,1,6.849315068493151E-4,13308.94710327456,2048696.872201993,1,true
src/ooxml/testcases/org/apache/poi/openxml4j/opc/TestPackageCoreProperties.java,72.0,11.0,3.0,3.0,53.0,9.0,1,6.849315068493151E-4,13308.94710327456,2048696.872201993,1,true
src/ooxml/testcases/org/apache/poi/openxml4j/opc/TestPackageThumbnail.java,21.0,3.0,0.0,1.0,11.0,3.0,1,6.849315068493151E-4,13308.94710327456,2048696.872201993,1,true
src/ooxml/testcases/org/apache/poi/openxml4j/opc/TestPackagingURIHelper.java,54.0,8.0,3.0,3.0,18.0,10.0,1,6.849315068493151E-4,13308.94710327456,2048696.872201993,1,true
src/ooxml/testcases/org/apache/poi/openxml4j/opc/TestRelationships.java,143.0,6.0,4.0,5.0,73.0,13.0,1,6.849315068493151E-4,13308.94710327456,2048696.872201993,1,true
src/ooxml/testcases/org/apache/poi/openxml4j/opc/compliance/AllOpenXML4JComplianceTests.java,9.0,2.0,0.0,1.0,2.0,2.0,1,6.849315068493151E-4,13308.94710327456,2048696.872201993,1,true
src/ooxml/testcases/org/apache/poi/openxml4j/opc/compliance/TestOPCComplianceCoreProperties.java,159.0,14.0,55.0,11.0,37.0,27.0,1,6.849315068493151E-4,13308.94710327456,2048696.872201993,1,true
src/ooxml/testcases/org/apache/poi/openxml4j/opc/compliance/TestOPCCompliancePackageModel.java,120.0,10.0,15.0,6.0,23.0,20.0,1,6.849315068493151E-4,13308.94710327456,2048696.872201993,1,true
src/ooxml/testcases/org/apache/poi/openxml4j/opc/compliance/TestOPCCompliancePartName.java,166.0,6.0,55.0,11.0,30.0,35.0,1,6.849315068493151E-4,13308.94710327456,2048696.872201993,1,true
src/ooxml/testcases/org/apache/poi/openxml4j/opc/internal/AllOpenXML4JInternalTests.java,7.0,2.0,0.0,1.0,2.0,2.0,1,6.849315068493151E-4,13308.94710327456,2048696.872201993,1,true
src/ooxml/testcases/org/apache/poi/openxml4j/opc/internal/TestContentTypeManager.java,52.0,3.0,6.0,4.0,9.0,8.0,1,6.849315068493151E-4,13308.94710327456,2048696.872201993,1,true
src/ooxml/testcases/org/apache/poi/ss/TestWorkbookFactory.java,42.0,9.0,0.0,3.0,12.0,7.0,1,6.849315068493151E-4,13308.94710327456,2048696.872201993,1,true
src/ooxml/testcases/org/apache/poi/xslf/TestXSLFSlideShow.java,55.0,7.0,0.0,5.0,40.0,12.0,1,6.849315068493151E-4,13308.94710327456,2048696.872201993,1,true
src/ooxml/testcases/org/apache/poi/xssf/XSSFITestDataProvider.java,29.0,5.0,21.0,7.0,3.0,15.0,2,0.0013698630136986301,15795.048798189815,2165814.6680333824,2,true
src/ooxml/testcases/org/apache/poi/xssf/XSSFTestDataSamples.java,50.0,12.0,1.0,2.0,11.0,10.0,1,6.849315068493151E-4,13308.94710327456,2048696.872201993,1,true
src/ooxml/testcases/org/apache/poi/xssf/eventusermodel/TestXSSFReader.java,78.0,7.0,0.0,6.0,47.0,14.0,1,6.849315068493151E-4,13308.94710327456,2048696.872201993,1,true
src/ooxml/testcases/org/apache/poi/xssf/model/TestCalculationChain.java,22.0,4.0,0.0,1.0,13.0,2.0,0,0.0,0.0,0.0,0,true
src/ooxml/testcases/org/apache/poi/xssf/model/TestCommentsTable.java,172.0,17.0,21.0,7.0,104.0,17.0,1,6.849315068493151E-4,13308.94710327456,2048696.872201993,1,true
src/ooxml/testcases/org/apache/poi/xssf/usermodel/AllXSSFUsermodelTests.java,35.0,7.0,0.0,1.0,2.0,2.0,0,0.0,0.0,0.0,0,true
src/ooxml/testcases/org/apache/poi/xssf/usermodel/TestFormulaEvaluatorOnXSSF.java,264.0,14.0,31.0,10.0,49.0,45.0,1,6.849315068493151E-4,13308.94710327456,2048696.872201993,1,true
src/ooxml/testcases/org/apache/poi/xssf/usermodel/TestSheetShiftRows.java,29.0,3.0,28.0,8.0,8.0,16.0,1,6.849315068493151E-4,13308.94710327456,2048696.872201993,1,true
src/ooxml/testcases/org/apache/poi/xssf/usermodel/TestXSSFBugs.java,62.0,9.0,6.0,4.0,24.0,7.0,2,0.0013698630136986301,15795.048798189815,2165814.6680333824,2,true
src/ooxml/testcases/org/apache/poi/xssf/usermodel/TestXSSFCell.java,28.0,2.0,3.0,3.0,13.0,5.0,2,0.0013698630136986301,15795.048798189815,2165814.6680333824,2,true
src/ooxml/testcases/org/apache/poi/xssf/usermodel/TestXSSFDataFormat.java,14.0,14.0,1.0,2.0,2.0,4.0,0,0.0,0.0,0.0,0,true
src/ooxml/testcases/org/apache/poi/xssf/usermodel/TestXSSFDialogSheet.java,122.0,4.0,91.0,14.0,75.0,15.0,1,6.849315068493151E-4,2486.101694915254,117117.7958313896,1,true
src/ooxml/testcases/org/apache/poi/xssf/usermodel/TestXSSFDrawing.java,40.0,5.0,3.0,3.0,34.0,4.0,1,6.849315068493151E-4,13308.94710327456,2048696.872201993,1,true
src/ooxml/testcases/org/apache/poi/xssf/usermodel/TestXSSFFont.java,164.0,17.0,136.0,17.0,134.0,18.0,1,6.849315068493151E-4,2486.101694915254,117117.7958313896,1,true
src/ooxml/testcases/org/apache/poi/xssf/usermodel/TestXSSFName.java,31.0,4.0,1.0,2.0,11.0,4.0,2,0.0013698630136986301,15795.048798189815,2165814.6680333824,2,true
src/ooxml/testcases/org/apache/poi/xssf/usermodel/TestXSSFPicture.java,33.0,8.0,3.0,3.0,23.0,4.0,2,0.0013698630136986301,15795.048798189815,2165814.6680333824,2,true
src/ooxml/testcases/org/apache/poi/xssf/usermodel/TestXSSFRow.java,14.0,13.0,3.0,3.0,5.0,4.0,1,6.849315068493151E-4,2486.101694915254,117117.7958313896,1,true
src/ooxml/testcases/org/apache/poi/xssf/usermodel/TestXSSFSheet.java,285.0,13.0,136.0,17.0,164.0,21.0,2,0.0013698630136986301,2828.101694915254,118375.40453437733,2,true
src/ooxml/testcases/org/apache/poi/xssf/usermodel/TestXSSFWorkbook.java,143.0,16.0,36.0,9.0,91.0,13.0,2,0.0013698630136986301,15795.048798189815,2165814.6680333824,2,true
src/ooxml/testcases/org/apache/poi/xwpf/TestXWPFDocument.java,57.0,7.0,0.0,5.0,44.0,12.0,1,6.849315068493151E-4,13308.94710327456,2048696.872201993,1,true
src/scratchpad/src/org/apache/poi/hslf/HSLFSlideShow.java,348.0,27.0,156.0,21.0,76.0,69.0,1,6.849315068493151E-4,13308.94710327456,2048696.872201993,1,true
src/scratchpad/src/org/apache/poi/hslf/dev/SlideShowRecordDumper.java,194.0,15.0,51.0,11.0,61.0,45.0,1,6.849315068493151E-4,13308.94710327456,2048696.872201993,1,true
src/scratchpad/src/org/apache/poi/hslf/model/ActiveXShape.java,119.0,7.0,28.0,8.0,36.0,22.0,1,6.849315068493151E-4,13308.94710327456,2048696.872201993,1,true
src/scratchpad/src/org/apache/poi/hslf/model/Comment.java,48.0,1.0,0.0,8.0,6.0,12.0,1,6.849315068493151E-4,13308.94710327456,2048696.872201993,1,true
src/scratchpad/src/org/apache/poi/hslf/model/Hyperlink.java,157.0,8.0,44.0,13.0,30.0,30.0,1,6.849315068493151E-4,13308.94710327456,2048696.872201993,1,false
src/scratchpad/src/org/apache/poi/hslf/model/MovieShape.java,122.0,7.0,28.0,8.0,39.0,19.0,1,6.849315068493151E-4,13308.94710327456,2048696.872201993,1,true
src/scratchpad/src/org/apache/poi/hslf/model/Placeholder.java,41.0,5.0,6.0,4.0,11.0,8.0,1,6.849315068493151E-4,13308.94710327456,2048696.872201993,1,true
src/scratchpad/src/org/apache/poi/hslf/model/Shape.java,319.0,8.0,262.0,28.0,78.0,68.0,2,0.0013698630136986301,15795.048798189815,2165814.6680333824,2,true
src/scratchpad/src/org/apache/poi/hslf/model/ShapeFactory.java,110.0,6.0,4.0,4.0,28.0,22.0,1,6.849315068493151E-4,13308.94710327456,2048696.872201993,1,true
src/scratchpad/src/org/apache/poi/hslf/model/ShapeGroup.java,200.0,14.0,78.0,13.0,75.0,30.0,1,6.849315068493151E-4,13308.94710327456,2048696.872201993,1,true
src/scratchpad/src/org/apache/poi/hslf/model/Sheet.java,350.0,9.0,215.0,23.0,82.0,69.0,1,6.849315068493151E-4,13308.94710327456,2048696.872201993,1,true
src/scratchpad/src/org/apache/poi/hslf/model/SimpleShape.java,315.0,13.0,229.0,22.0,87.0,61.0,2,0.0013698630136986301,15795.048798189815,2165814.6680333824,2,true
src/scratchpad/src/org/apache/poi/hslf/model/Slide.java,362.0,9.0,299.0,26.0,97.0,79.0,1,6.849315068493151E-4,13308.94710327456,2048696.872201993,1,true
src/scratchpad/src/org/apache/poi/hslf/model/Table.java,270.0,5.0,0.0,16.0,70.0,47.0,1,6.849315068493151E-4,13308.94710327456,2048696.872201993,1,true
src/scratchpad/src/org/apache/poi/hslf/record/PPDrawing.java,221.0,10.0,26.0,12.0,40.0,30.0,1,6.849315068493151E-4,13308.94710327456,2048696.872201993,1,true
src/scratchpad/src/org/apache/poi/hslf/record/PPDrawingGroup.java,84.0,7.0,3.0,6.0,18.0,18.0,1,6.849315068493151E-4,13308.94710327456,2048696.872201993,1,true
src/scratchpad/src/org/apache/poi/hslf/usermodel/SlideShow.java,722.0,23.0,291.0,34.0,206.0,114.0,1,6.849315068493151E-4,13308.94710327456,2048696.872201993,1,true
src/scratchpad/src/org/apache/poi/hwpf/model/EscherRecordHolder.java,79.0,7.0,8.0,8.0,22.0,21.0,1,6.849315068493151E-4,13308.94710327456,2048696.872201993,1,false
src/scratchpad/src/org/apache/poi/hwpf/model/PicturesTable.java,143.0,13.0,50.0,12.0,47.0,38.0,2,0.0013698630136986301,15795.048798189815,2165814.6680333824,2,true
src/scratchpad/src/org/apache/poi/sl/usermodel/AutoShape.java,3.0,0.0,0.0,1.0,0.0,1.0,2,0.0013698630136986301,15795.048798189815,2165814.6680333824,2,false
src/scratchpad/src/org/apache/poi/sl/usermodel/Background.java,2.0,0.0,0.0,0.0,0.0,0.0,2,0.0013698630136986301,15795.048798189815,2165814.6680333824,2,false
src/scratchpad/src/org/apache/poi/sl/usermodel/Fill.java,2.0,0.0,0.0,0.0,0.0,0.0,2,0.0013698630136986301,15795.048798189815,2165814.6680333824,2,false
src/scratchpad/src/org/apache/poi/sl/usermodel/FontCollection.java,2.0,0.0,0.0,0.0,0.0,0.0,2,0.0013698630136986301,15795.048798189815,2165814.6680333824,2,false
src/scratchpad/src/org/apache/poi/sl/usermodel/Hyperlink.java,5.0,0.0,0.0,0.0,0.0,0.0,2,0.0013698630136986301,15795.048798189815,2165814.6680333824,2,false
src/scratchpad/src/org/apache/poi/sl/usermodel/Line.java,2.0,0.0,0.0,0.0,0.0,0.0,2,0.0013698630136986301,15795.048798189815,2165814.6680333824,2,false
src/scratchpad/src/org/apache/poi/sl/usermodel/LineStyle.java,2.0,0.0,0.0,0.0,0.0,0.0,2,0.0013698630136986301,15795.048798189815,2165814.6680333824,2,false
src/scratchpad/src/org/apache/poi/sl/usermodel/MasterSheet.java,2.0,0.0,0.0,0.0,0.0,0.0,2,0.0013698630136986301,15795.048798189815,2165814.6680333824,2,false
src/scratchpad/src/org/apache/poi/sl/usermodel/Notes.java,3.0,0.0,0.0,1.0,0.0,1.0,2,0.0013698630136986301,15795.048798189815,2165814.6680333824,2,false
src/scratchpad/src/org/apache/poi/sl/usermodel/Picture.java,3.0,0.0,0.0,1.0,0.0,1.0,2,0.0013698630136986301,15795.048798189815,2165814.6680333824,2,false
src/scratchpad/src/org/apache/poi/sl/usermodel/PictureData.java,6.0,0.0,6.0,4.0,0.0,4.0,2,0.0013698630136986301,15795.048798189815,2165814.6680333824,2,false
src/scratchpad/src/org/apache/poi/sl/usermodel/Resources.java,9.0,0.0,3.0,3.0,0.0,3.0,2,0.0013698630136986301,15795.048798189815,2165814.6680333824,2,false
src/scratchpad/src/org/apache/poi/sl/usermodel/Shape.java,7.0,1.0,10.0,5.0,0.0,5.0,2,0.0013698630136986301,15795.048798189815,2165814.6680333824,2,false
src/scratchpad/src/org/apache/poi/sl/usermodel/ShapeContainer.java,5.0,0.0,3.0,3.0,0.0,3.0,2,0.0013698630136986301,15795.048798189815,2165814.6680333824,2,false
src/scratchpad/src/org/apache/poi/sl/usermodel/ShapeGroup.java,2.0,0.0,0.0,0.0,0.0,0.0,2,0.0013698630136986301,15795.048798189815,2165814.6680333824,2,false
src/scratchpad/src/org/apache/poi/sl/usermodel/ShapeTypes.java,205.0,0.0,0.0,0.0,0.0,0.0,2,0.0013698630136986301,15795.048798189815,2165814.6680333824,2,false
src/scratchpad/src/org/apache/poi/sl/usermodel/Sheet.java,8.0,0.0,3.0,3.0,0.0,3.0,2,0.0013698630136986301,15795.048798189815,2165814.6680333824,2,false
src/scratchpad/src/org/apache/poi/sl/usermodel/SimpleShape.java,6.0,0.0,6.0,4.0,0.0,4.0,2,0.0013698630136986301,15795.048798189815,2165814.6680333824,2,false
src/scratchpad/src/org/apache/poi/sl/usermodel/Slide.java,10.0,0.0,28.0,8.0,0.0,8.0,2,0.0013698630136986301,15795.048798189815,2165814.6680333824,2,false
src/scratchpad/src/org/apache/poi/sl/usermodel/SlideShow.java,7.0,1.0,10.0,5.0,0.0,7.0,2,0.0013698630136986301,15795.048798189815,2165814.6680333824,2,false
src/scratchpad/src/org/apache/poi/sl/usermodel/TextBox.java,2.0,0.0,0.0,0.0,0.0,0.0,2,0.0013698630136986301,15795.048798189815,2165814.6680333824,2,false
src/scratchpad/src/org/apache/poi/sl/usermodel/TextRun.java,8.0,0.0,1.0,2.0,0.0,2.0,2,0.0013698630136986301,15795.048798189815,2165814.6680333824,2,false
src/scratchpad/testcases/org/apache/poi/hslf/AllHSLFTests.java,20.0,8.0,0.0,1.0,4.0,2.0,0,0.0,0.0,0.0,0,true
src/scratchpad/testcases/org/apache/poi/hslf/extractor/TestExtractor.java,179.0,6.0,0.0,11.0,45.0,22.0,0,0.0,0.0,0.0,0,true
src/scratchpad/testcases/org/apache/poi/hslf/model/AllHSLFModelTests.java,31.0,2.0,0.0,1.0,2.0,3.0,0,0.0,0.0,0.0,0,false
src/scratchpad/testcases/org/apache/poi/hslf/model/TestOleEmbedding.java,47.0,10.0,1.0,2.0,20.0,9.0,2,0.0013698630136986301,15795.048798189815,2165814.6680333824,2,true
src/scratchpad/testcases/org/apache/poi/hslf/model/TestTextRunReWrite.java,91.0,6.0,0.0,3.0,37.0,8.0,1,6.849315068493151E-4,13308.94710327456,2048696.872201993,1,false
src/scratchpad/testcases/org/apache/poi/hslf/record/AllHSLFRecordTests.java,48.0,2.0,0.0,1.0,2.0,2.0,0,0.0,0.0,0.0,0,false
src/scratchpad/testcases/org/apache/poi/hslf/record/TestDocumentEncryptionAtom.java,22.0,1.0,0.0,2.0,4.0,2.0,1,6.849315068493151E-4,13308.94710327456,2048696.872201993,1,false
src/scratchpad/testcases/org/apache/poi/hslf/record/TestExMediaAtom.java,47.0,3.0,0.0,4.0,21.0,7.0,1,6.849315068493151E-4,13308.94710327456,2048696.872201993,1,true
src/scratchpad/testcases/org/apache/poi/hslf/record/TestExOleObjAtom.java,37.0,3.0,0.0,3.0,22.0,5.0,1,6.849315068493151E-4,13308.94710327456,2048696.872201993,1,true
src/scratchpad/testcases/org/apache/poi/hslf/usermodel/AllHSLFUserModelTests.java,22.0,2.0,0.0,1.0,2.0,2.0,0,0.0,0.0,0.0,0,true
src/scratchpad/testcases/org/apache/poi/hslf/usermodel/TestPictures.java,332.0,6.0,0.0,13.0,152.0,30.0,1,6.849315068493151E-4,13308.94710327456,2048696.872201993,1,true
src/scratchpad/testcases/org/apache/poi/hslf/usermodel/TestRichTextRun.java,429.0,11.0,63.0,14.0,135.0,37.0,1,6.849315068493151E-4,13308.94710327456,2048696.872201993,1,true
src/testcases/org/apache/poi/ddf/TestEscherBlipRecord.java,84.0,8.0,0.0,4.0,43.0,9.0,1,6.849315068493151E-4,13308.94710327456,2048696.872201993,1,true
src/testcases/org/apache/poi/ddf/TestEscherContainerRecord.java,116.0,7.0,19.0,7.0,37.0,8.0,1,6.849315068493151E-4,13308.94710327456,2048696.872201993,1,true
src/testcases/org/apache/poi/hssf/HSSFITestDataProvider.java,29.0,4.0,21.0,7.0,3.0,15.0,2,0.0013698630136986301,15795.048798189815,2165814.6680333824,2,true
src/testcases/org/apache/poi/hssf/HSSFTests.java,21.0,12.0,0.0,1.0,3.0,2.0,1,6.849315068493151E-4,13308.94710327456,2048696.872201993,1,true
src/testcases/org/apache/poi/hssf/eventmodel/TestAbortableListener.java,47.0,10.0,3.0,3.0,13.0,6.0,1,6.849315068493151E-4,342.0,1257.608702987733,1,false
src/testcases/org/apache/poi/hssf/eventmodel/TestEventRecordFactory.java,112.0,9.0,26.0,8.0,37.0,21.0,1,6.849315068493151E-4,342.0,1257.608702987733,1,true
src/testcases/org/apache/poi/hssf/extractor/TestExcelExtractor.java,125.0,8.0,66.0,12.0,54.0,25.0,1,6.849315068493151E-4,13308.94710327456,2048696.872201993,1,true
src/testcases/org/apache/poi/hssf/model/AllModelTests.java,22.0,2.0,0.0,1.0,2.0,3.0,1,6.849315068493151E-4,13308.94710327456,2048696.872201993,1,true
src/testcases/org/apache/poi/hssf/model/TestFormulaParser.java,837.0,50.0,2278.0,68.0,275.0,139.0,1,6.849315068493151E-4,13308.94710327456,2048696.872201993,1,true
src/testcases/org/apache/poi/hssf/model/TestLinkTable.java,78.0,10.0,6.0,4.0,27.0,17.0,1,6.849315068493151E-4,13308.94710327456,2048696.872201993,1,true
src/testcases/org/apache/poi/hssf/model/TestSheetAdditional.java,37.0,2.0,1.0,2.0,10.0,3.0,0,0.0,0.0,0.0,0,true
src/testcases/org/apache/poi/hssf/record/AllRecordTests.java,55.0,8.0,0.0,1.0,4.0,2.0,1,6.849315068493151E-4,13308.94710327456,2048696.872201993,1,true
src/testcases/org/apache/poi/hssf/record/TestEscherAggregate.java,67.0,10.0,1.0,2.0,19.0,2.0,0,0.0,0.0,0.0,0,false
src/testcases/org/apache/poi/hssf/record/TestObjRecord.java,80.0,5.0,8.0,5.0,39.0,12.0,2,0.0013698630136986301,15795.048798189815,2165814.6680333824,2,true
src/testcases/org/apache/poi/hssf/record/TestRecordFactory.java,147.0,11.0,10.0,5.0,58.0,16.0,1,6.849315068493151E-4,13308.94710327456,2048696.872201993,1,true
src/testcases/org/apache/poi/hssf/record/TestWriteAccessRecord.java,32.0,3.0,0.0,2.0,14.0,7.0,1,6.849315068493151E-4,13308.94710327456,2048696.872201993,1,true
src/testcases/org/apache/poi/hssf/record/aggregates/AllRecordAggregateTests.java,17.0,2.0,0.0,1.0,2.0,2.0,1,6.849315068493151E-4,13308.94710327456,2048696.872201993,1,true
src/testcases/org/apache/poi/hssf/record/aggregates/TestPageSettingsBlock.java,77.0,21.0,6.0,4.0,30.0,13.0,1,6.849315068493151E-4,13308.94710327456,2048696.872201993,1,true
src/testcases/org/apache/poi/hssf/record/aggregates/TestValueRecordsAggregate.java,295.0,23.0,79.0,19.0,79.0,48.0,0,0.0,0.0,0.0,0,true
src/testcases/org/apache/poi/hssf/record/chart/AllChartRecordTests.java,47.0,2.0,0.0,1.0,2.0,2.0,0,0.0,0.0,0.0,0,true
src/testcases/org/apache/poi/hssf/record/chart/TestChartFormatRecord.java,26.0,6.0,0.0,1.0,7.0,4.0,1,6.849315068493151E-4,13308.94710327456,2048696.872201993,1,true
src/testcases/org/apache/poi/hssf/record/chart/TestSheetPropertiesRecord.java,34.0,4.0,0.0,2.0,19.0,6.0,0,0.0,0.0,0.0,0,true
src/testcases/org/apache/poi/hssf/record/formula/eval/TestCircularReferences.java,104.0,10.0,15.0,6.0,38.0,14.0,1,6.849315068493151E-4,13308.94710327456,2048696.872201993,1,true
src/testcases/org/apache/poi/hssf/record/formula/eval/TestRangeEval.java,116.0,20.0,10.0,5.0,35.0,14.0,1,6.849315068493151E-4,13308.94710327456,2048696.872201993,1,true
src/testcases/org/apache/poi/hssf/record/formula/functions/TestIndex.java,66.0,7.0,1.0,3.0,11.0,12.0,1,6.849315068493151E-4,13308.94710327456,2048696.872201993,1,true
src/testcases/org/apache/poi/hssf/record/pivot/AllPivotRecordTests.java,13.0,2.0,0.0,1.0,2.0,2.0,1,6.849315068493151E-4,13308.94710327456,2048696.872201993,1,true
src/testcases/org/apache/poi/hssf/record/pivot/TestExtendedPivotTableViewFieldsRecord.java,37.0,7.0,1.0,2.0,12.0,10.0,1,6.849315068493151E-4,13308.94710327456,2048696.872201993,1,true
src/testcases/org/apache/poi/hssf/record/pivot/TestPageItemRecord.java,31.0,6.0,3.0,3.0,13.0,8.0,1,6.849315068493151E-4,13308.94710327456,2048696.872201993,1,true
src/testcases/org/apache/poi/hssf/record/pivot/TestViewFieldsRecord.java,31.0,6.0,3.0,3.0,13.0,8.0,0,0.0,0.0,0.0,0,true
src/testcases/org/apache/poi/hssf/usermodel/AllUserModelTests.java,52.0,2.0,0.0,1.0,2.0,4.0,2,0.0013698630136986301,15795.048798189815,2165814.6680333824,2,true
src/testcases/org/apache/poi/hssf/usermodel/TestBugs.java,1157.0,21.0,3916.0,89.0,424.0,157.0,3,0.002054794520547945,16137.048798189815,2167072.2767363703,3,true
src/testcases/org/apache/poi/hssf/usermodel/TestCellStyle.java,236.0,8.0,28.0,8.0,117.0,15.0,0,0.0,0.0,0.0,0,true
src/testcases/org/apache/poi/hssf/usermodel/TestDataValidation.java,481.0,18.0,25.0,11.0,71.0,31.0,0,0.0,0.0,0.0,0,true
src/testcases/org/apache/poi/hssf/usermodel/TestFormulas.java,707.0,12.0,903.0,43.0,269.0,83.0,1,6.849315068493151E-4,2486.101694915254,117117.7958313896,1,true
src/testcases/org/apache/poi/hssf/usermodel/TestHSSFCell.java,198.0,11.0,35.0,11.0,74.0,24.0,2,0.0013698630136986301,15795.048798189815,2165814.6680333824,2,true
src/testcases/org/apache/poi/hssf/usermodel/TestHSSFClientAnchor.java,60.0,3.0,3.0,3.0,18.0,8.0,1,6.849315068493151E-4,2486.101694915254,117117.7958313896,1,true
src/testcases/org/apache/poi/hssf/usermodel/TestHSSFComment.java,141.0,5.0,6.0,4.0,65.0,11.0,0,0.0,0.0,0.0,0,true
src/testcases/org/apache/poi/hssf/usermodel/TestHSSFDataFormat.java,14.0,3.0,1.0,2.0,2.0,4.0,0,0.0,0.0,0.0,0,true
src/testcases/org/apache/poi/hssf/usermodel/TestHSSFDataFormatter.java,169.0,5.0,3.0,6.0,54.0,14.0,2,0.0013698630136986301,13650.94710327456,2049954.4809049806,2,true
src/testcases/org/apache/poi/hssf/usermodel/TestHSSFFont.java,12.0,19.0,1.0,2.0,2.0,3.0,1,6.849315068493151E-4,2486.101694915254,117117.7958313896,1,true
src/testcases/org/apache/poi/hssf/usermodel/TestHSSFFormulaEvaluator.java,120.0,6.0,15.0,6.0,54.0,16.0,1,6.849315068493151E-4,13308.94710327456,2048696.872201993,1,true
src/testcases/org/apache/poi/hssf/usermodel/TestHSSFName.java,164.0,12.0,36.0,9.0,66.0,22.0,2,0.0013698630136986301,15795.048798189815,2165814.6680333824,2,true
src/testcases/org/apache/poi/hssf/usermodel/TestHSSFOptimiser.java,135.0,2.0,3.0,3.0,45.0,6.0,0,0.0,0.0,0.0,0,true
src/testcases/org/apache/poi/hssf/usermodel/TestHSSFPicture.java,24.0,4.0,3.0,3.0,8.0,4.0,2,0.0013698630136986301,15795.048798189815,2165814.6680333824,2,true
src/testcases/org/apache/poi/hssf/usermodel/TestHSSFRow.java,73.0,8.0,10.0,5.0,29.0,11.0,1,6.849315068493151E-4,2486.101694915254,117117.7958313896,1,true
src/testcases/org/apache/poi/hssf/usermodel/TestHSSFSheet.java,526.0,12.0,300.0,25.0,222.0,41.0,2,0.0013698630136986301,15795.048798189815,2165814.6680333824,2,true
src/testcases/org/apache/poi/hssf/usermodel/TestHSSFWorkbook.java,352.0,19.0,105.0,15.0,108.0,36.0,1,6.849315068493151E-4,2486.101694915254,117117.7958313896,1,true
src/testcases/org/apache/poi/hssf/usermodel/TestRowStyle.java,118.0,2.0,3.0,3.0,56.0,7.0,0,0.0,0.0,0.0,0,true
src/testcases/org/apache/poi/hssf/usermodel/TestSheetShiftRows.java,31.0,2.0,28.0,8.0,8.0,16.0,0,0.0,0.0,0.0,0,true
src/testcases/org/apache/poi/hssf/usermodel/TestUnicodeWorkbook.java,20.0,2.0,0.0,1.0,13.0,2.0,1,6.849315068493151E-4,2486.101694915254,117117.7958313896,1,true
src/testcases/org/apache/poi/hssf/usermodel/TestWorkbook.java,407.0,15.0,133.0,18.0,159.0,45.0,1,6.849315068493151E-4,2486.101694915254,117117.7958313896,1,true
src/testcases/org/apache/poi/hssf/util/TestAreaReference.java,208.0,19.0,45.0,10.0,74.0,16.0,1,6.849315068493151E-4,2486.101694915254,117117.7958313896,1,true
src/testcases/org/apache/poi/poifs/property/AllPOIFSPropertyTests.java,15.0,2.0,0.0,1.0,2.0,2.0,0,0.0,0.0,0.0,0,true
src/testcases/org/apache/poi/poifs/storage/TestBlockAllocationTableReader.java,143.0,6.0,10.0,5.0,22.0,20.0,2,0.0013698630136986301,13650.94710327456,2049954.4809049806,2,true
src/testcases/org/apache/poi/poifs/storage/TestRawDataBlock.java,178.0,5.0,15.0,6.0,26.0,18.0,2,0.0013698630136986301,15795.048798189815,2165814.6680333824,2,true
src/testcases/org/apache/poi/poifs/storage/TestRawDataBlockList.java,61.0,5.0,10.0,5.0,8.0,11.0,2,0.0013698630136986301,15795.048798189815,2165814.6680333824,2,true
src/testcases/org/apache/poi/ss/ITestDataProvider.java,28.0,1.0,10.0,5.0,0.0,13.0,2,0.0013698630136986301,15795.048798189815,2165814.6680333824,2,true
src/testcases/org/apache/poi/ss/TestSpreadsheetVersion.java,26.0,1.0,1.0,2.0,16.0,2.0,2,0.0013698630136986301,15795.048798189815,2165814.6680333824,2,true
src/testcases/org/apache/poi/ss/formula/FormulaParserTestHelper.java,30.0,3.0,3.0,3.0,10.0,11.0,2,0.0013698630136986301,15795.048798189815,2165814.6680333824,2,true
src/testcases/org/apache/poi/ss/usermodel/BaseTestBugzillaIssues.java,254.0,4.0,91.0,14.0,143.0,29.0,2,0.0013698630136986301,15795.048798189815,2165814.6680333824,2,true
src/testcases/org/apache/poi/ss/usermodel/BaseTestCell.java,338.0,4.0,30.0,16.0,169.0,44.0,2,0.0013698630136986301,15795.048798189815,2165814.6680333824,2,true
src/testcases/org/apache/poi/ss/usermodel/BaseTestDataFormat.java,27.0,3.0,1.0,2.0,16.0,6.0,1,6.849315068493151E-4,2486.101694915254,117117.7958313896,1,true
src/testcases/org/apache/poi/ss/usermodel/BaseTestFont.java,121.0,4.0,10.0,5.0,84.0,6.0,2,0.0013698630136986301,15795.048798189815,2165814.6680333824,2,true
src/testcases/org/apache/poi/ss/usermodel/BaseTestNamedRange.java,391.0,6.0,153.0,18.0,196.0,48.0,2,0.0013698630136986301,15795.048798189815,2165814.6680333824,2,true
src/testcases/org/apache/poi/ss/usermodel/BaseTestPicture.java,25.0,2.0,1.0,2.0,20.0,2.0,2,0.0013698630136986301,15795.048798189815,2165814.6680333824,2,true
src/testcases/org/apache/poi/ss/usermodel/BaseTestRow.java,271.0,3.0,45.0,10.0,100.0,18.0,1,6.849315068493151E-4,2486.101694915254,117117.7958313896,1,true
src/testcases/org/apache/poi/ss/usermodel/BaseTestSheet.java,478.0,5.0,231.0,22.0,258.0,40.0,1,6.849315068493151E-4,2486.101694915254,117117.7958313896,1,true
src/testcases/org/apache/poi/ss/usermodel/BaseTestSheetShiftRows.java,210.0,3.0,66.0,12.0,87.0,26.0,1,6.849315068493151E-4,13308.94710327456,2048696.872201993,1,true
src/testcases/org/apache/poi/ss/usermodel/BaseTestWorkbook.java,261.0,4.0,55.0,11.0,119.0,18.0,2,0.0013698630136986301,15795.048798189815,2165814.6680333824,2,true
