name,LOC,CBO,LCOM,NOM,RFC,WMC,numOfChanges,bccm,structuralWorkloadSum,semanticWorkloadSum,numberOfDeveloper,isBuggy
src/contrib/src/org/apache/poi/contrib/metrics/FontMetricsDumper.java,42.0,4.0,0.0,1.0,12.0,3.0,0,0.0,0.0,0.0,0,false
src/examples/src/org/apache/poi/hssf/usermodel/examples/CellComments.java,40.0,3.0,0.0,1.0,21.0,2.0,0,0.0,0.0,0.0,0,false
src/examples/src/org/apache/poi/hssf/usermodel/examples/NewSheet.java,16.0,5.0,0.0,1.0,5.0,2.0,1,0.0038022813688212928,1825.7575757575758,48285.44202239475,1,true
src/examples/src/org/apache/poi/xssf/usermodel/examples/CellComments.java,42.0,4.0,0.0,1.0,23.0,2.0,1,0.0038022813688212928,1825.7575757575758,48285.44202239475,1,false
src/java/org/apache/poi/ddf/UnknownEscherRecord.java,92.0,4.0,17.0,11.0,30.0,24.0,1,0.0038022813688212928,769.8461538461538,10270.653644262216,1,true
src/java/org/apache/poi/hpsf/extractor/HPSFPropertiesExtractor.java,106.0,14.0,45.0,10.0,28.0,26.0,0,0.0,0.0,0.0,0,true
src/java/org/apache/poi/hssf/dev/BiffViewer.java,748.0,19.0,26.0,8.0,36.0,40.0,2,0.0076045627376425855,2595.6037296037293,58556.09566665697,2,true
src/java/org/apache/poi/hssf/eventusermodel/HSSFEventFactory.java,101.0,6.0,28.0,8.0,12.0,27.0,0,0.0,0.0,0.0,0,true
src/java/org/apache/poi/hssf/eventusermodel/HSSFRequest.java,79.0,6.0,0.0,4.0,12.0,13.0,0,0.0,0.0,0.0,0,true
src/java/org/apache/poi/hssf/extractor/EventBasedExcelExtractor.java,185.0,24.0,32.0,9.0,6.0,26.0,0,0.0,0.0,0.0,0,true
src/java/org/apache/poi/hssf/extractor/ExcelExtractor.java,350.0,18.0,54.0,12.0,60.0,33.0,0,0.0,0.0,0.0,0,true
src/java/org/apache/poi/hssf/model/AbstractShape.java,100.0,3.0,15.0,6.0,14.0,18.0,1,0.0038022813688212928,769.8461538461538,10270.653644262216,1,true
src/java/org/apache/poi/hssf/model/ComboboxShape.java,72.0,3.0,2.0,5.0,19.0,12.0,2,0.0076045627376425855,2595.6037296037293,58556.09566665697,2,true
src/java/org/apache/poi/hssf/model/InternalWorkbook.java,1871.0,72.0,4282.0,108.0,387.0,333.0,2,0.0076045627376425855,2595.6037296037293,58556.09566665697,2,true
src/java/org/apache/poi/hssf/model/LinkTable.java,340.0,16.0,108.0,24.0,76.0,79.0,1,0.0038022813688212928,1825.7575757575758,48285.44202239475,1,true
src/java/org/apache/poi/hssf/record/AutoFilterInfoRecord.java,50.0,1.0,16.0,9.0,5.0,14.0,2,0.0076045627376425855,2595.6037296037293,58556.09566665697,2,false
src/java/org/apache/poi/hssf/record/BoundSheetRecord.java,172.0,8.0,59.0,18.0,36.0,45.0,2,0.0076045627376425855,2595.6037296037293,58556.09566665697,2,true
src/java/org/apache/poi/hssf/record/ExternalNameRecord.java,143.0,4.0,0.0,13.0,24.0,40.0,0,0.0,0.0,0.0,0,true
src/java/org/apache/poi/hssf/record/FeatHdrRecord.java,76.0,2.0,9.0,7.0,13.0,11.0,1,0.0038022813688212928,769.8461538461538,10270.653644262216,1,true
src/java/org/apache/poi/hssf/record/FeatRecord.java,123.0,7.0,31.0,14.0,15.0,28.0,1,0.0038022813688212928,769.8461538461538,10270.653644262216,1,true
src/java/org/apache/poi/hssf/record/FtCblsSubRecord.java,61.0,3.0,0.0,7.0,8.0,14.0,2,0.0076045627376425855,2595.6037296037293,58556.09566665697,2,false
src/java/org/apache/poi/hssf/record/HeaderFooterRecord.java,61.0,4.0,4.0,9.0,11.0,18.0,2,0.0076045627376425855,2595.6037296037293,58556.09566665697,2,true
src/java/org/apache/poi/hssf/record/LbsDataSubRecord.java,307.0,2.0,11.0,10.0,20.0,31.0,2,0.0076045627376425855,2595.6037296037293,58556.09566665697,2,true
src/java/org/apache/poi/hssf/record/NameCommentRecord.java,99.0,4.0,0.0,11.0,16.0,18.0,1,0.0038022813688212928,1825.7575757575758,48285.44202239475,1,true
src/java/org/apache/poi/hssf/record/NameRecord.java,482.0,8.0,340.0,40.0,55.0,96.0,0,0.0,0.0,0.0,0,true
src/java/org/apache/poi/hssf/record/NoteRecord.java,187.0,2.0,13.0,18.0,17.0,37.0,1,0.0038022813688212928,1825.7575757575758,48285.44202239475,1,true
src/java/org/apache/poi/hssf/record/RecordFactory.java,244.0,8.0,39.0,10.0,62.0,38.0,2,0.0076045627376425855,2595.6037296037293,58556.09566665697,2,true
src/java/org/apache/poi/hssf/record/RecordInputStream.java,359.0,8.0,246.0,28.0,50.0,86.0,0,0.0,0.0,0.0,0,true
src/java/org/apache/poi/hssf/record/SubRecord.java,92.0,5.0,21.0,7.0,5.0,16.0,1,0.0038022813688212928,769.8461538461538,10270.653644262216,1,true
src/java/org/apache/poi/hssf/record/UnicodeString.java,17.0,0.0,1.0,2.0,0.0,2.0,0,0.0,0.0,0.0,0,true
src/java/org/apache/poi/hssf/record/UnknownRecord.java,276.0,3.0,10.0,9.0,16.0,25.0,1,0.0038022813688212928,769.8461538461538,10270.653644262216,1,true
src/java/org/apache/poi/hssf/record/UserSViewBegin.java,53.0,4.0,0.0,8.0,9.0,17.0,1,0.0038022813688212928,769.8461538461538,10270.653644262216,1,true
src/java/org/apache/poi/hssf/record/UserSViewEnd.java,42.0,4.0,0.0,7.0,8.0,13.0,1,0.0038022813688212928,769.8461538461538,10270.653644262216,1,true
src/java/org/apache/poi/hssf/record/aggregates/SharedValueManager.java,243.0,14.0,52.0,13.0,36.0,46.0,0,0.0,0.0,0.0,0,true
src/java/org/apache/poi/hssf/record/chart/BeginRecord.java,34.0,3.0,21.0,7.0,2.0,11.0,0,0.0,0.0,0.0,0,false
src/java/org/apache/poi/hssf/record/chart/ChartEndBlockRecord.java,55.0,4.0,1.0,7.0,10.0,13.0,1,0.0038022813688212928,1825.7575757575758,48285.44202239475,1,false
src/java/org/apache/poi/hssf/record/chart/ChartStartBlockRecord.java,59.0,4.0,9.0,7.0,5.0,11.0,1,0.0038022813688212928,1825.7575757575758,48285.44202239475,1,false
src/java/org/apache/poi/hssf/record/chart/EndRecord.java,34.0,3.0,21.0,7.0,2.0,11.0,0,0.0,0.0,0.0,0,false
src/java/org/apache/poi/hssf/record/common/FeatFormulaErr2.java,99.0,7.0,0.0,22.0,20.0,36.0,0,0.0,0.0,0.0,0,false
src/java/org/apache/poi/hssf/record/common/FeatProtection.java,62.0,8.0,0.0,10.0,9.0,20.0,0,0.0,0.0,0.0,0,false
src/java/org/apache/poi/hssf/record/common/FeatSmartTag.java,31.0,5.0,0.0,5.0,4.0,7.0,0,0.0,0.0,0.0,0,false
src/java/org/apache/poi/hssf/record/common/UnicodeString.java,555.0,11.0,82.0,29.0,67.0,91.0,0,0.0,0.0,0.0,0,true
src/java/org/apache/poi/hssf/record/formula/NameXPtg.java,62.0,4.0,37.0,11.0,5.0,19.0,0,0.0,0.0,0.0,0,true
src/java/org/apache/poi/hssf/record/formula/atp/AnalysisToolPak.java,123.0,7.0,6.0,4.0,3.0,6.0,1,0.0038022813688212928,769.8461538461538,10270.653644262216,1,true
src/java/org/apache/poi/hssf/record/formula/atp/RandBetween.java,42.0,7.0,1.0,2.0,7.0,6.0,2,0.0076045627376425855,2595.6037296037293,58556.09566665697,2,true
src/java/org/apache/poi/hssf/record/formula/eval/FunctionEval.java,192.0,4.0,1.0,2.0,2.0,10.0,1,0.0038022813688212928,769.8461538461538,10270.653644262216,1,true
src/java/org/apache/poi/hssf/record/formula/eval/OperandResolver.java,236.0,1.0,36.0,9.0,34.0,40.0,1,0.0038022813688212928,769.8461538461538,10270.653644262216,1,true
src/java/org/apache/poi/hssf/record/formula/functions/NumericFunction.java,447.0,1.0,1075.0,47.0,62.0,120.0,1,0.0038022813688212928,769.8461538461538,10270.653644262216,1,true
src/java/org/apache/poi/hssf/record/formula/functions/TextFunction.java,317.0,13.0,78.0,13.0,42.0,40.0,1,0.0038022813688212928,769.8461538461538,10270.653644262216,1,true
src/java/org/apache/poi/hssf/usermodel/DummyGraphics2d.java,544.0,11.0,0.0,85.0,170.0,120.0,0,0.0,0.0,0.0,0,true
src/java/org/apache/poi/hssf/usermodel/EscherGraphics.java,311.0,6.0,722.0,48.0,134.0,104.0,0,0.0,0.0,0.0,0,false
src/java/org/apache/poi/hssf/usermodel/HSSFAutoFilter.java,10.0,1.0,0.0,1.0,0.0,1.0,2,0.0076045627376425855,2595.6037296037293,58556.09566665697,2,false
src/java/org/apache/poi/hssf/usermodel/HSSFCell.java,984.0,40.0,85.0,55.0,267.0,198.0,1,0.0038022813688212928,769.8461538461538,10270.653644262216,1,true
src/java/org/apache/poi/hssf/usermodel/HSSFCellStyle.java,697.0,7.0,0.0,59.0,92.0,169.0,1,0.0038022813688212928,1825.7575757575758,48285.44202239475,1,true
src/java/org/apache/poi/hssf/usermodel/HSSFDataFormat.java,114.0,9.0,5.0,7.0,23.0,27.0,0,0.0,0.0,0.0,0,true
src/java/org/apache/poi/hssf/usermodel/HSSFEvaluationWorkbook.java,120.0,17.0,0.0,19.0,37.0,43.0,0,0.0,0.0,0.0,0,true
src/java/org/apache/poi/hssf/usermodel/HSSFName.java,213.0,7.0,0.0,18.0,42.0,48.0,1,0.0038022813688212928,1825.7575757575758,48285.44202239475,1,true
src/java/org/apache/poi/hssf/usermodel/HSSFPatriarch.java,200.0,10.0,85.0,19.0,26.0,41.0,1,0.0038022813688212928,769.8461538461538,10270.653644262216,1,true
src/java/org/apache/poi/hssf/usermodel/HSSFSheet.java,1556.0,38.0,2376.0,144.0,430.0,359.0,2,0.0076045627376425855,2595.6037296037293,58556.09566665697,2,true
src/java/org/apache/poi/hssf/usermodel/HSSFSimpleShape.java,40.0,0.0,1.0,3.0,0.0,4.0,1,0.0038022813688212928,769.8461538461538,10270.653644262216,1,false
src/java/org/apache/poi/hssf/usermodel/HSSFWorkbook.java,1224.0,53.0,758.0,93.0,309.0,254.0,2,0.0076045627376425855,2595.6037296037293,58556.09566665697,2,true
src/java/org/apache/poi/poifs/crypt/Decryptor.java,92.0,14.0,9.0,7.0,35.0,24.0,0,0.0,0.0,0.0,0,true
src/java/org/apache/poi/poifs/filesystem/DirectoryNode.java,274.0,7.0,165.0,23.0,49.0,68.0,1,0.0038022813688212928,1825.7575757575758,48285.44202239475,1,true
src/java/org/apache/poi/poifs/storage/RawDataBlock.java,81.0,5.0,5.0,7.0,3.0,21.0,0,0.0,0.0,0.0,0,true
src/java/org/apache/poi/ss/format/CellFormatter.java,66.0,2.0,13.0,6.0,4.0,14.0,0,0.0,0.0,0.0,0,false
src/java/org/apache/poi/ss/formula/EvaluationWorkbook.java,60.0,3.0,45.0,10.0,0.0,17.0,0,0.0,0.0,0.0,0,true
src/java/org/apache/poi/ss/formula/FormulaParser.java,1353.0,12.0,963.0,62.0,242.0,257.0,1,0.0038022813688212928,769.8461538461538,10270.653644262216,1,true
src/java/org/apache/poi/ss/formula/OperationEvaluationContext.java,238.0,12.0,99.0,18.0,53.0,55.0,0,0.0,0.0,0.0,0,true
src/java/org/apache/poi/ss/formula/TwoDEval.java,34.0,2.0,21.0,7.0,0.0,17.0,0,0.0,0.0,0.0,0,true
src/java/org/apache/poi/ss/formula/WorkbookEvaluator.java,482.0,52.0,238.0,29.0,110.0,94.0,0,0.0,0.0,0.0,0,true
src/java/org/apache/poi/ss/formula/eval/forked/ForkedEvaluationWorkbook.java,95.0,11.0,0.0,15.0,27.0,34.0,0,0.0,0.0,0.0,0,true
src/java/org/apache/poi/ss/formula/eval/forked/ForkedEvaluator.java,97.0,15.0,10.0,8.0,18.0,27.0,0,0.0,0.0,0.0,0,false
src/java/org/apache/poi/ss/usermodel/AutoFilter.java,13.0,0.0,0.0,0.0,0.0,0.0,2,0.0076045627376425855,2595.6037296037293,58556.09566665697,2,false
src/java/org/apache/poi/ss/usermodel/BuiltinFormats.java,155.0,4.0,0.0,5.0,7.0,18.0,0,0.0,0.0,0.0,0,true
src/java/org/apache/poi/ss/usermodel/Cell.java,297.0,4.0,496.0,32.0,0.0,94.0,0,0.0,0.0,0.0,0,true
src/java/org/apache/poi/ss/usermodel/DataFormatter.java,644.0,7.0,209.0,22.0,109.0,89.0,0,0.0,0.0,0.0,0,true
src/java/org/apache/poi/ss/usermodel/DateUtil.java,378.0,4.0,229.0,22.0,53.0,88.0,0,0.0,0.0,0.0,0,true
src/java/org/apache/poi/ss/usermodel/ExcelStyleDateFormatter.java,82.0,5.0,17.0,7.0,10.0,15.0,0,0.0,0.0,0.0,0,false
src/java/org/apache/poi/ss/usermodel/FormulaError.java,0.0,0.0,0.0,0.0,0.0,0.0,1,0.0038022813688212928,769.8461538461538,10270.653644262216,1,true
src/java/org/apache/poi/ss/usermodel/Sheet.java,612.0,3.0,4186.0,92.0,0.0,212.0,1,0.0038022813688212928,769.8461538461538,10270.653644262216,1,true
src/java/org/apache/poi/ss/util/ImageUtils.java,60.0,13.0,1.0,2.0,18.0,11.0,1,0.0038022813688212928,1825.7575757575758,48285.44202239475,1,false
src/java/org/apache/poi/ss/util/WorkbookUtil.java,53.0,0.0,0.0,1.0,6.0,6.0,2,0.0076045627376425855,2595.6037296037293,58556.09566665697,2,true
src/ooxml/java/org/apache/poi/POIXMLDocument.java,139.0,19.0,54.0,12.0,25.0,41.0,0,0.0,0.0,0.0,0,true
src/ooxml/java/org/apache/poi/POIXMLDocumentPart.java,224.0,9.0,77.0,19.0,47.0,47.0,1,0.0038022813688212928,1825.7575757575758,48285.44202239475,1,true
src/ooxml/java/org/apache/poi/POIXMLProperties.java,308.0,19.0,0.0,5.0,18.0,17.0,0,0.0,0.0,0.0,0,true
src/ooxml/java/org/apache/poi/POIXMLPropertiesTextExtractor.java,120.0,4.0,55.0,11.0,68.0,28.0,0,0.0,0.0,0.0,0,true
src/ooxml/java/org/apache/poi/extractor/ExtractorFactory.java,234.0,41.0,66.0,13.0,47.0,49.0,1,0.0038022813688212928,1825.7575757575758,48285.44202239475,1,true
src/ooxml/java/org/apache/poi/openxml4j/opc/OPCPackage.java,927.0,31.0,1546.0,61.0,185.0,217.0,1,0.0038022813688212928,1825.7575757575758,48285.44202239475,1,true
src/ooxml/java/org/apache/poi/openxml4j/opc/PackageRelationshipTypes.java,51.0,0.0,0.0,0.0,0.0,0.0,0,0.0,0.0,0.0,0,true
src/ooxml/java/org/apache/poi/openxml4j/opc/PackagingURIHelper.java,478.0,4.0,178.0,20.0,67.0,94.0,1,0.0038022813688212928,769.8461538461538,10270.653644262216,1,true
src/ooxml/java/org/apache/poi/openxml4j/opc/ZipPackage.java,264.0,25.0,37.0,14.0,63.0,56.0,2,0.0076045627376425855,2595.6037296037293,58556.09566665697,2,true
src/ooxml/java/org/apache/poi/openxml4j/opc/internal/PackagePropertiesPart.java,448.0,15.0,1064.0,48.0,35.0,98.0,0,0.0,0.0,0.0,0,true
src/ooxml/java/org/apache/poi/util/OOXMLLite.java,136.0,7.0,13.0,6.0,44.0,23.0,1,0.0038022813688212928,1825.7575757575758,48285.44202239475,1,true
src/ooxml/java/org/apache/poi/xslf/XSLFSlideShow.java,162.0,27.0,74.0,13.0,58.0,47.0,1,0.0038022813688212928,1825.7575757575758,48285.44202239475,1,true
src/ooxml/java/org/apache/poi/xslf/extractor/XSLFPowerPointExtractor.java,83.0,12.0,26.0,9.0,20.0,23.0,1,0.0038022813688212928,1825.7575757575758,48285.44202239475,1,true
src/ooxml/java/org/apache/poi/xslf/usermodel/DrawingTable.java,14.0,3.0,0.0,2.0,3.0,4.0,0,0.0,0.0,0.0,0,false
src/ooxml/java/org/apache/poi/xslf/usermodel/DrawingTableRow.java,14.0,3.0,0.0,2.0,3.0,4.0,0,0.0,0.0,0.0,0,false
src/ooxml/java/org/apache/poi/xslf/usermodel/DrawingTextBody.java,14.0,3.0,0.0,2.0,3.0,4.0,0,0.0,0.0,0.0,0,false
src/ooxml/java/org/apache/poi/xslf/usermodel/XMLSlideShow.java,41.0,10.0,17.0,7.0,5.0,15.0,0,0.0,0.0,0.0,0,true
src/ooxml/java/org/apache/poi/xslf/usermodel/XSLFCommonSlideData.java,43.0,12.0,1.0,3.0,23.0,9.0,0,0.0,0.0,0.0,0,false
src/ooxml/java/org/apache/poi/xslf/usermodel/XSLFRelation.java,31.0,6.0,0.0,2.0,3.0,7.0,1,0.0038022813688212928,1825.7575757575758,48285.44202239475,1,true
src/ooxml/java/org/apache/poi/xssf/eventusermodel/XSSFReader.java,159.0,22.0,0.0,8.0,19.0,30.0,0,0.0,0.0,0.0,0,true
src/ooxml/java/org/apache/poi/xssf/extractor/XSSFExcelExtractor.java,104.0,15.0,35.0,10.0,27.0,22.0,1,0.0038022813688212928,1825.7575757575758,48285.44202239475,1,true
src/ooxml/java/org/apache/poi/xssf/model/CalculationChain.java,59.0,8.0,1.0,7.0,22.0,17.0,1,0.0038022813688212928,1825.7575757575758,48285.44202239475,1,true
src/ooxml/java/org/apache/poi/xssf/model/CommentsTable.java,110.0,14.0,0.0,16.0,51.0,39.0,0,0.0,0.0,0.0,0,true
src/ooxml/java/org/apache/poi/xssf/model/MapInfo.java,90.0,16.0,23.0,11.0,26.0,29.0,1,0.0038022813688212928,1825.7575757575758,48285.44202239475,1,true
src/ooxml/java/org/apache/poi/xssf/model/SharedStringsTable.java,151.0,15.0,11.0,10.0,33.0,29.0,1,0.0038022813688212928,1825.7575757575758,48285.44202239475,1,true
src/ooxml/java/org/apache/poi/xssf/model/SingleXmlCells.java,52.0,14.0,8.0,8.0,16.0,17.0,1,0.0038022813688212928,1825.7575757575758,48285.44202239475,1,true
src/ooxml/java/org/apache/poi/xssf/model/StylesTable.java,352.0,33.0,528.0,40.0,142.0,98.0,1,0.0038022813688212928,1825.7575757575758,48285.44202239475,1,true
src/ooxml/java/org/apache/poi/xssf/model/Table.java,156.0,16.0,19.0,14.0,38.0,43.0,1,0.0038022813688212928,1825.7575757575758,48285.44202239475,1,true
src/ooxml/java/org/apache/poi/xssf/usermodel/XSSFAutoFilter.java,10.0,1.0,0.0,1.0,0.0,1.0,2,0.0076045627376425855,2595.6037296037293,58556.09566665697,2,false
src/ooxml/java/org/apache/poi/xssf/usermodel/XSSFCell.java,865.0,28.0,653.0,55.0,252.0,203.0,2,0.0076045627376425855,2595.6037296037293,58556.09566665697,2,true
src/ooxml/java/org/apache/poi/xssf/usermodel/XSSFComment.java,120.0,8.0,0.0,14.0,31.0,32.0,0,0.0,0.0,0.0,0,true
src/ooxml/java/org/apache/poi/xssf/usermodel/XSSFEvaluationWorkbook.java,129.0,14.0,100.0,21.0,26.0,46.0,0,0.0,0.0,0.0,0,true
src/ooxml/java/org/apache/poi/xssf/usermodel/XSSFFont.java,482.0,21.0,0.0,44.0,137.0,117.0,0,0.0,0.0,0.0,0,true
src/ooxml/java/org/apache/poi/xssf/usermodel/XSSFRichTextString.java,422.0,15.0,54.0,25.0,242.0,77.0,2,0.0076045627376425855,2595.6037296037293,58556.09566665697,2,true
src/ooxml/java/org/apache/poi/xssf/usermodel/XSSFRow.java,355.0,12.0,106.0,25.0,72.0,74.0,1,0.0038022813688212928,1825.7575757575758,48285.44202239475,1,true
src/ooxml/java/org/apache/poi/xssf/usermodel/XSSFSheet.java,2372.0,45.0,11747.0,203.0,834.0,629.0,2,0.0076045627376425855,2595.6037296037293,58556.09566665697,2,true
src/ooxml/java/org/apache/poi/xssf/usermodel/XSSFWorkbook.java,1149.0,55.0,2754.0,93.0,338.0,275.0,2,0.0076045627376425855,2595.6037296037293,58556.09566665697,2,true
src/ooxml/java/org/apache/poi/xssf/usermodel/helpers/ColumnHelper.java,353.0,17.0,262.0,24.0,154.0,64.0,1,0.0038022813688212928,1825.7575757575758,48285.44202239475,1,true
src/ooxml/java/org/apache/poi/xwpf/extractor/XWPFWordExtractor.java,91.0,17.0,17.0,7.0,27.0,17.0,1,0.0038022813688212928,1825.7575757575758,48285.44202239475,1,true
src/ooxml/java/org/apache/poi/xwpf/model/XWPFCommentsDecorator.java,22.0,3.0,1.0,3.0,9.0,6.0,1,0.0038022813688212928,1825.7575757575758,48285.44202239475,1,false
src/ooxml/java/org/apache/poi/xwpf/model/XWPFHeaderFooterPolicy.java,343.0,41.0,242.0,28.0,152.0,77.0,1,0.0038022813688212928,1825.7575757575758,48285.44202239475,1,true
src/ooxml/java/org/apache/poi/xwpf/model/XWPFHyperlinkDecorator.java,37.0,4.0,1.0,3.0,10.0,7.0,1,0.0038022813688212928,1825.7575757575758,48285.44202239475,1,false
src/ooxml/java/org/apache/poi/xwpf/usermodel/BodyElementType.java,0.0,0.0,0.0,0.0,0.0,0.0,0,0.0,0.0,0.0,0,false
src/ooxml/java/org/apache/poi/xwpf/usermodel/BodyType.java,0.0,0.0,0.0,0.0,0.0,0.0,0,0.0,0.0,0.0,0,false
src/ooxml/java/org/apache/poi/xwpf/usermodel/Document.java,26.0,0.0,0.0,0.0,0.0,0.0,0,0.0,0.0,0.0,0,true
src/ooxml/java/org/apache/poi/xwpf/usermodel/IBody.java,85.0,5.0,66.0,12.0,0.0,26.0,1,0.0038022813688212928,1825.7575757575758,48285.44202239475,1,true
src/ooxml/java/org/apache/poi/xwpf/usermodel/IBodyElement.java,9.0,1.0,3.0,3.0,0.0,3.0,1,0.0038022813688212928,1825.7575757575758,48285.44202239475,1,true
src/ooxml/java/org/apache/poi/xwpf/usermodel/ParagraphAlignment.java,0.0,0.0,0.0,0.0,0.0,0.0,0,0.0,0.0,0.0,0,true
src/ooxml/java/org/apache/poi/xwpf/usermodel/PositionInParagraph.java,34.0,0.0,22.0,8.0,0.0,11.0,0,0.0,0.0,0.0,0,false
src/ooxml/java/org/apache/poi/xwpf/usermodel/TOC.java,72.0,21.0,0.0,4.0,51.0,5.0,0,0.0,0.0,0.0,0,true
src/ooxml/java/org/apache/poi/xwpf/usermodel/TextSegement.java,63.0,0.0,0.0,17.0,12.0,25.0,0,0.0,0.0,0.0,0,false
src/ooxml/java/org/apache/poi/xwpf/usermodel/XWPFAbstractNum.java,30.0,1.0,0.0,7.0,0.0,10.0,0,0.0,0.0,0.0,0,false
src/ooxml/java/org/apache/poi/xwpf/usermodel/XWPFComment.java,27.0,2.0,0.0,4.0,7.0,8.0,1,0.0038022813688212928,1825.7575757575758,48285.44202239475,1,false
src/ooxml/java/org/apache/poi/xwpf/usermodel/XWPFDocument.java,989.0,50.0,2058.0,73.0,282.0,241.0,1,0.0038022813688212928,1825.7575757575758,48285.44202239475,1,true
src/ooxml/java/org/apache/poi/xwpf/usermodel/XWPFFooter.java,103.0,18.0,21.0,7.0,26.0,19.0,0,0.0,0.0,0.0,0,true
src/ooxml/java/org/apache/poi/xwpf/usermodel/XWPFFootnote.java,14.0,5.0,0.0,3.0,3.0,6.0,1,0.0038022813688212928,1825.7575757575758,48285.44202239475,1,true
src/ooxml/java/org/apache/poi/xwpf/usermodel/XWPFHeader.java,109.0,19.0,21.0,7.0,26.0,19.0,0,0.0,0.0,0.0,0,true
src/ooxml/java/org/apache/poi/xwpf/usermodel/XWPFHeaderFooter.java,426.0,22.0,244.0,28.0,124.0,101.0,1,0.0038022813688212928,1825.7575757575758,48285.44202239475,1,true
src/ooxml/java/org/apache/poi/xwpf/usermodel/XWPFLatentStyles.java,23.0,2.0,0.0,4.0,3.0,7.0,1,0.0038022813688212928,1825.7575757575758,48285.44202239475,1,true
src/ooxml/java/org/apache/poi/xwpf/usermodel/XWPFNum.java,35.0,1.0,0.0,8.0,0.0,10.0,0,0.0,0.0,0.0,0,false
src/ooxml/java/org/apache/poi/xwpf/usermodel/XWPFNumbering.java,185.0,20.0,6.0,12.0,68.0,37.0,1,0.0038022813688212928,1825.7575757575758,48285.44202239475,1,true
src/ooxml/java/org/apache/poi/xwpf/usermodel/XWPFParagraph.java,1070.0,37.0,1987.0,67.0,304.0,231.0,2,0.0076045627376425855,2595.6037296037293,58556.09566665697,2,true
src/ooxml/java/org/apache/poi/xwpf/usermodel/XWPFPicture.java,42.0,5.0,0.0,5.0,12.0,11.0,1,0.0038022813688212928,1825.7575757575758,48285.44202239475,1,true
src/ooxml/java/org/apache/poi/xwpf/usermodel/XWPFPictureData.java,81.0,6.0,10.0,5.0,10.0,13.0,1,0.0038022813688212928,1825.7575757575758,48285.44202239475,1,true
src/ooxml/java/org/apache/poi/xwpf/usermodel/XWPFRelation.java,44.0,4.0,0.0,2.0,3.0,7.0,0,0.0,0.0,0.0,0,true
src/ooxml/java/org/apache/poi/xwpf/usermodel/XWPFRun.java,392.0,20.0,0.0,29.0,120.0,95.0,2,0.0076045627376425855,2595.6037296037293,58556.09566665697,2,true
src/ooxml/java/org/apache/poi/xwpf/usermodel/XWPFStyle.java,102.0,2.0,0.0,13.0,14.0,27.0,1,0.0038022813688212928,1825.7575757575758,48285.44202239475,1,false
src/ooxml/java/org/apache/poi/xwpf/usermodel/XWPFStyles.java,139.0,18.0,19.0,10.0,37.0,32.0,1,0.0038022813688212928,1825.7575757575758,48285.44202239475,1,true
src/ooxml/java/org/apache/poi/xwpf/usermodel/XWPFTable.java,237.0,13.0,110.0,24.0,84.0,59.0,1,0.0038022813688212928,1825.7575757575758,48285.44202239475,1,true
src/ooxml/java/org/apache/poi/xwpf/usermodel/XWPFTableCell.java,282.0,10.0,77.0,22.0,78.0,64.0,1,0.0038022813688212928,1825.7575757575758,48285.44202239475,1,true
src/ooxml/java/org/apache/poi/xwpf/usermodel/XWPFTableRow.java,105.0,8.0,0.0,11.0,29.0,28.0,1,0.0038022813688212928,1825.7575757575758,48285.44202239475,1,true
src/ooxml/testcases/org/apache/poi/TestXMLPropertiesTextExtractor.java,54.0,6.0,4.0,5.0,27.0,12.0,0,0.0,0.0,0.0,0,true
src/ooxml/testcases/org/apache/poi/extractor/TestExtractorFactory.java,262.0,22.0,0.0,7.0,48.0,21.0,1,0.0038022813688212928,1825.7575757575758,48285.44202239475,1,true
src/ooxml/testcases/org/apache/poi/openxml4j/opc/TestPackage.java,277.0,25.0,89.0,14.0,170.0,40.0,2,0.0076045627376425855,2595.6037296037293,58556.09566665697,2,true
src/ooxml/testcases/org/apache/poi/xslf/TestXSLFSlideShow.java,55.0,7.0,0.0,5.0,40.0,12.0,1,0.0038022813688212928,1825.7575757575758,48285.44202239475,1,true
src/ooxml/testcases/org/apache/poi/xslf/extractor/TestXSLFPowerPointExtractor.java,79.0,4.0,0.0,5.0,34.0,12.0,0,0.0,0.0,0.0,0,true
src/ooxml/testcases/org/apache/poi/xssf/model/TestCalculationChain.java,22.0,4.0,0.0,1.0,15.0,1.0,1,0.0038022813688212928,1825.7575757575758,48285.44202239475,1,true
src/ooxml/testcases/org/apache/poi/xssf/model/TestCommentsTable.java,130.0,14.0,15.0,6.0,69.0,9.0,0,0.0,0.0,0.0,0,true
src/ooxml/testcases/org/apache/poi/xssf/model/TestMapInfo.java,30.0,8.0,0.0,1.0,10.0,3.0,1,0.0038022813688212928,1825.7575757575758,48285.44202239475,1,true
src/ooxml/testcases/org/apache/poi/xssf/usermodel/TestXSSFBugs.java,315.0,11.0,105.0,15.0,130.0,38.0,2,0.0076045627376425855,2595.6037296037293,58556.09566665697,2,true
src/ooxml/testcases/org/apache/poi/xssf/usermodel/TestXSSFComment.java,108.0,10.0,15.0,6.0,65.0,8.0,1,0.0038022813688212928,1825.7575757575758,48285.44202239475,1,true
src/ooxml/testcases/org/apache/poi/xssf/usermodel/TestXSSFFont.java,168.0,15.0,136.0,17.0,147.0,17.0,1,0.0038022813688212928,1825.7575757575758,48285.44202239475,1,true
src/ooxml/testcases/org/apache/poi/xssf/usermodel/TestXSSFRichTextString.java,89.0,3.0,15.0,6.0,43.0,7.0,1,0.0038022813688212928,769.8461538461538,10270.653644262216,1,true
src/ooxml/testcases/org/apache/poi/xssf/usermodel/TestXSSFSheet.java,754.0,10.0,325.0,26.0,286.0,35.0,2,0.0076045627376425855,2595.6037296037293,58556.09566665697,2,true
src/ooxml/testcases/org/apache/poi/xssf/usermodel/TestXSSFVMLDrawing.java,86.0,13.0,3.0,3.0,61.0,6.0,0,0.0,0.0,0.0,0,false
src/ooxml/testcases/org/apache/poi/xssf/usermodel/TestXSSFWorkbook.java,281.0,15.0,91.0,14.0,153.0,21.0,1,0.0038022813688212928,1825.7575757575758,48285.44202239475,1,true
src/ooxml/testcases/org/apache/poi/xssf/usermodel/helpers/TestColumnHelper.java,238.0,9.0,36.0,9.0,113.0,11.0,1,0.0038022813688212928,1825.7575757575758,48285.44202239475,1,true
src/ooxml/testcases/org/apache/poi/xssf/util/MemoryUsage.java,146.0,11.0,24.0,9.0,48.0,21.0,0,0.0,0.0,0.0,0,false
src/ooxml/testcases/org/apache/poi/xwpf/AllXWPFTests.java,23.0,13.0,0.0,1.0,2.0,2.0,1,0.0038022813688212928,1825.7575757575758,48285.44202239475,1,true
src/ooxml/testcases/org/apache/poi/xwpf/TestXWPFDocument.java,68.0,11.0,15.0,6.0,52.0,12.0,1,0.0038022813688212928,1825.7575757575758,48285.44202239475,1,true
src/ooxml/testcases/org/apache/poi/xwpf/extractor/TestXWPFWordExtractor.java,145.0,3.0,91.0,14.0,67.0,23.0,2,0.0076045627376425855,2595.6037296037293,58556.09566665697,2,true
src/ooxml/testcases/org/apache/poi/xwpf/usermodel/TestXWPFHeader.java,65.0,8.0,3.0,3.0,33.0,5.0,1,0.0038022813688212928,1825.7575757575758,48285.44202239475,1,true
src/ooxml/testcases/org/apache/poi/xwpf/usermodel/TestXWPFNumbering.java,13.0,3.0,0.0,1.0,12.0,1.0,0,0.0,0.0,0.0,0,true
src/ooxml/testcases/org/apache/poi/xwpf/usermodel/TestXWPFParagraph.java,141.0,19.0,55.0,11.0,124.0,12.0,2,0.0076045627376425855,2595.6037296037293,58556.09566665697,2,true
src/ooxml/testcases/org/apache/poi/xwpf/usermodel/TestXWPFPictureData.java,51.0,8.0,1.0,2.0,27.0,6.0,1,0.0038022813688212928,1825.7575757575758,48285.44202239475,1,true
src/ooxml/testcases/org/apache/poi/xwpf/usermodel/TestXWPFRun.java,116.0,9.0,0.0,12.0,97.0,12.0,1,0.0038022813688212928,1825.7575757575758,48285.44202239475,1,true
src/ooxml/testcases/org/apache/poi/xwpf/usermodel/TestXWPFStyles.java,15.0,4.0,0.0,1.0,7.0,2.0,1,0.0038022813688212928,1825.7575757575758,48285.44202239475,1,true
src/ooxml/testcases/org/apache/poi/xwpf/usermodel/TestXWPFTable.java,66.0,8.0,15.0,6.0,45.0,6.0,0,0.0,0.0,0.0,0,true
src/ooxml/testcases/org/apache/poi/xwpf/usermodel/TestXWPFTableRow.java,11.0,2.0,3.0,3.0,1.0,6.0,1,0.0038022813688212928,1825.7575757575758,48285.44202239475,1,false
src/scratchpad/src/org/apache/poi/hslf/blip/DIB.java,46.0,3.0,8.0,5.0,5.0,10.0,0,0.0,0.0,0.0,0,true
src/scratchpad/src/org/apache/poi/hslf/model/PPGraphics2D.java,1569.0,14.0,2283.0,75.0,117.0,219.0,0,0.0,0.0,0.0,0,true
src/scratchpad/src/org/apache/poi/hsmf/MAPIMessage.java,363.0,24.0,206.0,29.0,34.0,104.0,1,0.0038022813688212928,1825.7575757575758,48285.44202239475,1,true
src/scratchpad/src/org/apache/poi/hsmf/datatypes/AttachmentChunks.java,85.0,3.0,6.0,5.0,6.0,14.0,1,0.0038022813688212928,1825.7575757575758,48285.44202239475,1,true
src/scratchpad/src/org/apache/poi/hsmf/datatypes/ByteChunk.java,46.0,4.0,1.0,7.0,3.0,13.0,0,0.0,0.0,0.0,0,false
src/scratchpad/src/org/apache/poi/hsmf/datatypes/Chunks.java,128.0,2.0,1.0,3.0,5.0,7.0,0,0.0,0.0,0.0,0,true
src/scratchpad/src/org/apache/poi/hsmf/datatypes/DirectoryChunk.java,34.0,5.0,4.0,5.0,1.0,9.0,1,0.0038022813688212928,1825.7575757575758,48285.44202239475,1,true
src/scratchpad/src/org/apache/poi/hsmf/datatypes/MessageSubmissionChunk.java,79.0,8.0,7.0,6.0,15.0,17.0,0,0.0,0.0,0.0,0,true
src/scratchpad/src/org/apache/poi/hsmf/datatypes/StringChunk.java,98.0,7.0,23.0,10.0,9.0,28.0,1,0.0038022813688212928,1825.7575757575758,48285.44202239475,1,true
src/scratchpad/src/org/apache/poi/hsmf/datatypes/Types.java,24.0,0.0,0.0,1.0,3.0,3.0,1,0.0038022813688212928,1825.7575757575758,48285.44202239475,1,true
src/scratchpad/src/org/apache/poi/hsmf/extractor/OutlookTextExtactor.java,122.0,10.0,21.0,7.0,26.0,22.0,0,0.0,0.0,0.0,0,false
src/scratchpad/src/org/apache/poi/hsmf/parsers/POIFSChunkParser.java,115.0,18.0,6.0,4.0,22.0,21.0,1,0.0038022813688212928,1825.7575757575758,48285.44202239475,1,true
src/scratchpad/src/org/apache/poi/hssf/usermodel/HSSFChart.java,1105.0,22.0,2637.0,75.0,379.0,163.0,1,0.0038022813688212928,1825.7575757575758,48285.44202239475,1,true
src/scratchpad/src/org/apache/poi/hwpf/HWPFDocument.java,376.0,35.0,200.0,24.0,107.0,58.0,2,0.0076045627376425855,1968.1105169340462,48635.70580117366,2,true
src/scratchpad/src/org/apache/poi/hwpf/HWPFDocumentCore.java,119.0,17.0,89.0,14.0,9.0,32.0,1,0.0038022813688212928,1825.7575757575758,48285.44202239475,1,true
src/scratchpad/src/org/apache/poi/hwpf/HWPFOldDocument.java,50.0,13.0,8.0,5.0,14.0,14.0,2,0.0076045627376425855,1968.1105169340462,48635.70580117366,2,false
src/scratchpad/src/org/apache/poi/hwpf/OldWordFileFormatException.java,5.0,1.0,0.0,1.0,0.0,1.0,1,0.0038022813688212928,1825.7575757575758,48285.44202239475,1,false
src/scratchpad/src/org/apache/poi/hwpf/extractor/Word6Extractor.java,63.0,7.0,11.0,6.0,13.0,14.0,1,0.0038022813688212928,1825.7575757575758,48285.44202239475,1,false
src/scratchpad/src/org/apache/poi/hwpf/extractor/WordExtractor.java,195.0,14.0,62.0,16.0,50.0,45.0,1,0.0038022813688212928,1825.7575757575758,48285.44202239475,1,false
src/scratchpad/src/org/apache/poi/hwpf/model/BytePropertyNode.java,26.0,0.0,0.0,3.0,1.0,6.0,1,0.0038022813688212928,142.3529411764706,350.2637787789096,1,true
src/scratchpad/src/org/apache/poi/hwpf/model/CHPBinTable.java,137.0,8.0,0.0,7.0,39.0,19.0,1,0.0038022813688212928,1825.7575757575758,48285.44202239475,1,true
src/scratchpad/src/org/apache/poi/hwpf/model/CHPFormattedDiskPage.java,103.0,3.0,7.0,7.0,18.0,20.0,2,0.0076045627376425855,1968.1105169340462,48635.70580117366,2,true
src/scratchpad/src/org/apache/poi/hwpf/model/CHPX.java,29.0,3.0,15.0,6.0,10.0,10.0,2,0.0076045627376425855,1968.1105169340462,48635.70580117366,2,true
src/scratchpad/src/org/apache/poi/hwpf/model/CharIndexTranslator.java,35.0,0.0,10.0,5.0,0.0,15.0,1,0.0038022813688212928,142.3529411764706,350.2637787789096,1,true
src/scratchpad/src/org/apache/poi/hwpf/model/OldCHPBinTable.java,32.0,2.0,0.0,1.0,7.0,2.0,1,0.0038022813688212928,1825.7575757575758,48285.44202239475,1,true
src/scratchpad/src/org/apache/poi/hwpf/model/OldPAPBinTable.java,25.0,2.0,0.0,1.0,7.0,2.0,1,0.0038022813688212928,1825.7575757575758,48285.44202239475,1,true
src/scratchpad/src/org/apache/poi/hwpf/model/OldSectionTable.java,31.0,1.0,0.0,1.0,9.0,4.0,2,0.0076045627376425855,1968.1105169340462,48635.70580117366,2,true
src/scratchpad/src/org/apache/poi/hwpf/model/PAPBinTable.java,138.0,7.0,0.0,7.0,41.0,22.0,1,0.0038022813688212928,1825.7575757575758,48285.44202239475,1,true
src/scratchpad/src/org/apache/poi/hwpf/model/PAPFormattedDiskPage.java,190.0,4.0,8.0,8.0,24.0,24.0,1,0.0038022813688212928,1825.7575757575758,48285.44202239475,1,true
src/scratchpad/src/org/apache/poi/hwpf/model/PAPX.java,81.0,5.0,31.0,10.0,17.0,25.0,1,0.0038022813688212928,1825.7575757575758,48285.44202239475,1,true
src/scratchpad/src/org/apache/poi/hwpf/model/PicturesTable.java,148.0,13.0,50.0,12.0,46.0,38.0,2,0.0076045627376425855,1968.1105169340462,48635.70580117366,2,true
src/scratchpad/src/org/apache/poi/hwpf/model/SectionTable.java,106.0,5.0,1.0,6.0,44.0,18.0,1,0.0038022813688212928,1825.7575757575758,48285.44202239475,1,true
src/scratchpad/src/org/apache/poi/hwpf/model/TextPieceTable.java,193.0,7.0,16.0,13.0,49.0,44.0,2,0.0076045627376425855,1968.1105169340462,48635.70580117366,2,true
src/scratchpad/src/org/apache/poi/hwpf/usermodel/Paragraph.java,335.0,3.0,0.0,68.0,125.0,117.0,2,0.0076045627376425855,1968.1105169340462,48635.70580117366,2,true
src/scratchpad/src/org/apache/poi/hwpf/usermodel/Range.java,784.0,18.0,162.0,41.0,198.0,127.0,2,0.0076045627376425855,1968.1105169340462,48635.70580117366,2,true
src/scratchpad/src/org/apache/poi/hwpf/usermodel/TableRow.java,73.0,2.0,0.0,13.0,26.0,25.0,0,0.0,0.0,0.0,0,true
src/scratchpad/testcases/org/apache/poi/hslf/usermodel/TestPictures.java,312.0,7.0,0.0,11.0,148.0,25.0,0,0.0,0.0,0.0,0,true
src/scratchpad/testcases/org/apache/poi/hsmf/TestBasics.java,141.0,4.0,0.0,8.0,32.0,22.0,1,0.0038022813688212928,1825.7575757575758,48285.44202239475,1,true
src/scratchpad/testcases/org/apache/poi/hsmf/TestFileWithAttachmentsRead.java,80.0,5.0,0.0,4.0,19.0,11.0,1,0.0038022813688212928,1825.7575757575758,48285.44202239475,1,true
src/scratchpad/testcases/org/apache/poi/hsmf/extractor/TestOutlookTextExtractor.java,107.0,9.0,0.0,8.0,33.0,21.0,0,0.0,0.0,0.0,0,true
src/scratchpad/testcases/org/apache/poi/hssf/usermodel/TestHSSFChart.java,140.0,7.0,15.0,6.0,57.0,13.0,1,0.0038022813688212928,1825.7575757575758,48285.44202239475,1,true
src/scratchpad/testcases/org/apache/poi/hwpf/extractor/TestWordExtractor.java,185.0,7.0,0.0,14.0,77.0,29.0,2,0.0076045627376425855,1968.1105169340462,48635.70580117366,2,false
src/scratchpad/testcases/org/apache/poi/hwpf/model/TestCHPBinTable.java,44.0,5.0,0.0,4.0,13.0,9.0,1,0.0038022813688212928,142.3529411764706,350.2637787789096,1,true
src/scratchpad/testcases/org/apache/poi/hwpf/model/TestRevisionMarkAuthorTable.java,43.0,3.0,3.0,3.0,15.0,3.0,0,0.0,0.0,0.0,0,false
src/scratchpad/testcases/org/apache/poi/hwpf/usermodel/TestPictures.java,106.0,6.0,36.0,9.0,66.0,13.0,2,0.0076045627376425855,1968.1105169340462,48635.70580117366,2,true
src/scratchpad/testcases/org/apache/poi/hwpf/usermodel/TestProblems.java,278.0,5.0,28.0,8.0,66.0,20.0,1,0.0038022813688212928,1825.7575757575758,48285.44202239475,1,true
src/scratchpad/testcases/org/apache/poi/hwpf/usermodel/TestRangeReplacement.java,80.0,3.0,0.0,4.0,31.0,4.0,0,0.0,0.0,0.0,0,true
src/testcases/org/apache/poi/ddf/TestUnknownEscherRecord.java,82.0,3.0,3.0,3.0,24.0,3.0,1,0.0038022813688212928,769.8461538461538,10270.653644262216,1,false
src/testcases/org/apache/poi/hssf/extractor/TestExcelExtractor.java,142.0,9.0,91.0,14.0,68.0,29.0,0,0.0,0.0,0.0,0,true
src/testcases/org/apache/poi/hssf/model/TestFormulaParser.java,885.0,57.0,2775.0,75.0,302.0,160.0,1,0.0038022813688212928,769.8461538461538,10270.653644262216,1,true
src/testcases/org/apache/poi/hssf/model/TestLinkTable.java,92.0,15.0,10.0,5.0,35.0,18.0,1,0.0038022813688212928,1825.7575757575758,48285.44202239475,1,true
src/testcases/org/apache/poi/hssf/record/TestAutoFilterInfoRecord.java,33.0,11.0,1.0,3.0,19.0,5.0,2,0.0076045627376425855,2595.6037296037293,58556.09566665697,2,false
src/testcases/org/apache/poi/hssf/record/TestFeatRecord.java,127.0,8.0,3.0,3.0,41.0,12.0,1,0.0038022813688212928,769.8461538461538,10270.653644262216,1,true
src/testcases/org/apache/poi/hssf/record/TestFtCblsSubRecord.java,28.0,2.0,1.0,3.0,14.0,4.0,2,0.0076045627376425855,2595.6037296037293,58556.09566665697,2,false
src/testcases/org/apache/poi/hssf/record/TestNameCommentRecord.java,16.0,2.0,0.0,1.0,8.0,2.0,1,0.0038022813688212928,1825.7575757575758,48285.44202239475,1,true
src/testcases/org/apache/poi/hssf/record/TestNoteRecord.java,74.0,4.0,4.0,4.0,43.0,9.0,1,0.0038022813688212928,1825.7575757575758,48285.44202239475,1,true
src/testcases/org/apache/poi/hssf/record/formula/TestExternalNameReference.java,77.0,6.0,3.0,3.0,35.0,7.0,0,0.0,0.0,0.0,0,true
src/testcases/org/apache/poi/hssf/record/formula/atp/TestRandBetween.java,134.0,9.0,0.0,8.0,47.0,20.0,1,0.0038022813688212928,769.8461538461538,10270.653644262216,1,true
src/testcases/org/apache/poi/hssf/record/formula/eval/TestOperandResolver.java,42.0,2.0,6.0,4.0,9.0,12.0,1,0.0038022813688212928,769.8461538461538,10270.653644262216,1,true
src/testcases/org/apache/poi/hssf/record/formula/functions/TestCountFuncs.java,266.0,18.0,208.0,21.0,54.0,39.0,0,0.0,0.0,0.0,0,true
src/testcases/org/apache/poi/hssf/record/formula/functions/TestFind.java,37.0,6.0,3.0,3.0,17.0,7.0,0,0.0,0.0,0.0,0,false
src/testcases/org/apache/poi/hssf/record/formula/functions/TestPoisson.java,54.0,5.0,9.0,7.0,20.0,8.0,2,0.0076045627376425855,2595.6037296037293,58556.09566665697,2,true
src/testcases/org/apache/poi/hssf/usermodel/TestBugs.java,1409.0,28.0,5151.0,102.0,527.0,185.0,2,0.0076045627376425855,2595.6037296037293,58556.09566665697,2,true
src/testcases/org/apache/poi/hssf/usermodel/TestFormulas.java,724.0,15.0,946.0,44.0,278.0,84.0,1,0.0038022813688212928,769.8461538461538,10270.653644262216,1,true
src/testcases/org/apache/poi/hssf/usermodel/TestHSSFDataFormatter.java,239.0,12.0,9.0,7.0,71.0,17.0,0,0.0,0.0,0.0,0,true
src/testcases/org/apache/poi/hssf/usermodel/TestHSSFDateUtil.java,296.0,8.0,135.0,18.0,95.0,33.0,0,0.0,0.0,0.0,0,true
src/testcases/org/apache/poi/hssf/usermodel/TestHSSFFormulaEvaluator.java,185.0,12.0,28.0,8.0,76.0,23.0,1,0.0038022813688212928,769.8461538461538,10270.653644262216,1,true
src/testcases/org/apache/poi/hssf/usermodel/TestHSSFSheet.java,650.0,23.0,496.0,32.0,273.0,61.0,2,0.0076045627376425855,2595.6037296037293,58556.09566665697,2,true
src/testcases/org/apache/poi/hssf/usermodel/TestUnfixedBugs.java,36.0,7.0,1.0,2.0,10.0,6.0,1,0.0038022813688212928,769.8461538461538,10270.653644262216,1,true
src/testcases/org/apache/poi/ss/format/CellFormatTestBase.java,192.0,25.0,29.0,10.0,50.0,35.0,0,0.0,0.0,0.0,0,false
src/testcases/org/apache/poi/ss/usermodel/BaseTestSheet.java,497.0,5.0,0.0,23.0,246.0,38.0,1,0.0038022813688212928,769.8461538461538,10270.653644262216,1,true
src/testcases/org/apache/poi/ss/usermodel/TestDataFormatter.java,136.0,4.0,28.0,8.0,19.0,18.0,0,0.0,0.0,0.0,0,true
src/testcases/org/apache/poi/ss/util/TestWorkbookUtil.java,45.0,1.0,0.0,1.0,2.0,2.0,1,0.0038022813688212928,1825.7575757575758,48285.44202239475,1,true
