name,LOC,CBO,LCOM,NOM,RFC,WMC,numOfChanges,bccm,structuralWorkloadSum,semanticWorkloadSum,numberOfDeveloper,isBuggy
src/examples/src/org/apache/poi/hssf/view/SVTableCellEditor.java,134.0,7.0,49.0,11.0,38.0,26.0,0,0.0,0.0,0.0,0,false
src/examples/src/org/apache/poi/hssf/view/SVTableUtils.java,60.0,5.0,3.0,3.0,8.0,9.0,0,0.0,0.0,0.0,0,false
src/examples/src/org/apache/poi/ss/examples/SSPerformanceTest.java,138.0,11.0,15.0,6.0,43.0,23.0,1,0.0035087719298245615,1963.3672316384182,60251.56176485552,1,true
src/examples/src/org/apache/poi/ss/examples/ToCSV.java,496.0,16.0,8.0,9.0,55.0,39.0,0,0.0,0.0,0.0,0,false
src/examples/src/org/apache/poi/ss/examples/html/XSSFHtmlHelper.java,25.0,7.0,3.0,3.0,7.0,6.0,0,0.0,0.0,0.0,0,false
src/examples/src/org/apache/poi/xssf/usermodel/examples/BigGridDemo.java,173.0,9.0,10.0,5.0,44.0,14.0,1,0.0035087719298245615,1963.3672316384182,60251.56176485552,1,false
src/examples/src/org/apache/poi/xssf/usermodel/examples/ScatterChart.java,39.0,8.0,0.0,1.0,20.0,3.0,1,0.0035087719298245615,1963.3672316384182,60251.56176485552,1,false
src/java/org/apache/poi/POIDocument.java,210.0,20.0,81.0,15.0,40.0,46.0,0,0.0,0.0,0.0,0,true
src/java/org/apache/poi/hssf/record/ExtSSTRecord.java,115.0,4.0,1.0,11.0,17.0,24.0,0,0.0,0.0,0.0,0,true
src/java/org/apache/poi/hssf/record/ExternalNameRecord.java,165.0,5.0,15.0,18.0,29.0,46.0,0,0.0,0.0,0.0,0,true
src/java/org/apache/poi/hssf/record/HyperlinkRecord.java,631.0,12.0,265.0,39.0,64.0,92.0,1,0.0035087719298245615,836.4,11820.5091550738,1,true
src/java/org/apache/poi/hssf/record/LbsDataSubRecord.java,307.0,2.0,11.0,10.0,20.0,31.0,1,0.0035087719298245615,836.4,11820.5091550738,1,true
src/java/org/apache/poi/hssf/record/NameCommentRecord.java,99.0,4.0,0.0,11.0,15.0,18.0,1,0.0035087719298245615,836.4,11820.5091550738,1,true
src/java/org/apache/poi/hssf/record/aggregates/SharedValueManager.java,212.0,12.0,36.0,12.0,32.0,42.0,1,0.0035087719298245615,1963.3672316384182,60251.56176485552,1,true
src/java/org/apache/poi/hssf/record/chart/ChartEndObjectRecord.java,44.0,4.0,4.0,5.0,9.0,10.0,0,0.0,0.0,0.0,0,true
src/java/org/apache/poi/hssf/record/common/UnicodeString.java,555.0,12.0,82.0,29.0,67.0,91.0,1,0.0035087719298245615,1963.3672316384182,60251.56176485552,1,true
src/java/org/apache/poi/hssf/record/cont/ContinuableRecordInput.java,72.0,3.0,0.0,11.0,10.0,19.0,0,0.0,0.0,0.0,0,true
src/java/org/apache/poi/hssf/usermodel/HSSFCell.java,1037.0,35.0,110.0,56.0,282.0,209.0,1,0.0035087719298245615,1963.3672316384182,60251.56176485552,1,true
src/java/org/apache/poi/hssf/usermodel/HSSFCellStyle.java,698.0,7.0,0.0,59.0,92.0,169.0,0,0.0,0.0,0.0,0,true
src/java/org/apache/poi/hssf/usermodel/HSSFFormulaEvaluator.java,306.0,15.0,175.0,23.0,53.0,69.0,1,0.0035087719298245615,836.4,11820.5091550738,1,true
src/java/org/apache/poi/hssf/usermodel/HSSFPatriarch.java,219.0,11.0,124.0,21.0,26.0,45.0,1,0.0035087719298245615,1963.3672316384182,60251.56176485552,1,true
src/java/org/apache/poi/hssf/usermodel/HSSFRow.java,542.0,8.0,369.0,39.0,82.0,116.0,1,0.0035087719298245615,836.4,11820.5091550738,1,true
src/java/org/apache/poi/hssf/usermodel/HSSFWorkbook.java,1264.0,54.0,1049.0,95.0,310.0,259.0,1,0.0035087719298245615,1963.3672316384182,60251.56176485552,1,true
src/java/org/apache/poi/hssf/util/HSSFColor.java,966.0,5.0,55.0,11.0,25.0,32.0,0,0.0,0.0,0.0,0,true
src/java/org/apache/poi/poifs/crypt/AgileDecryptor.java,156.0,20.0,15.0,7.0,35.0,24.0,1,0.0035087719298245615,172.5,389.84513514141435,1,true
src/java/org/apache/poi/poifs/crypt/Decryptor.java,49.0,11.0,21.0,7.0,15.0,27.0,1,0.0035087719298245615,172.5,389.84513514141435,1,true
src/java/org/apache/poi/poifs/crypt/EcmaDecryptor.java,72.0,15.0,9.0,6.0,27.0,19.0,1,0.0035087719298245615,172.5,389.84513514141435,1,true
src/java/org/apache/poi/poifs/crypt/EncryptionHeader.java,111.0,7.0,17.0,11.0,17.0,29.0,1,0.0035087719298245615,172.5,389.84513514141435,1,true
src/java/org/apache/poi/poifs/crypt/EncryptionInfo.java,57.0,5.0,18.0,8.0,10.0,21.0,2,0.007017543859649123,1008.9,12210.354290215215,2,true
src/java/org/apache/poi/poifs/crypt/EncryptionVerifier.java,94.0,8.0,6.0,9.0,17.0,26.0,1,0.0035087719298245615,172.5,389.84513514141435,1,true
src/java/org/apache/poi/poifs/filesystem/DirectoryNode.java,338.0,13.0,262.0,28.0,58.0,82.0,2,0.007017543859649123,2799.7672316384183,72072.07091992932,2,true
src/java/org/apache/poi/poifs/filesystem/NPOIFSDocument.java,137.0,13.0,9.0,10.0,29.0,33.0,0,0.0,0.0,0.0,0,true
src/java/org/apache/poi/poifs/filesystem/NPOIFSFileSystem.java,556.0,37.0,585.0,42.0,131.0,123.0,1,0.0035087719298245615,836.4,11820.5091550738,1,true
src/java/org/apache/poi/poifs/filesystem/NPOIFSMiniStore.java,144.0,10.0,17.0,10.0,46.0,37.0,1,0.0035087719298245615,836.4,11820.5091550738,1,false
src/java/org/apache/poi/poifs/filesystem/NPOIFSStream.java,149.0,7.0,0.0,8.0,17.0,23.0,0,0.0,0.0,0.0,0,true
src/java/org/apache/poi/poifs/property/NPropertyTable.java,71.0,11.0,4.0,5.0,21.0,17.0,1,0.0035087719298245615,836.4,11820.5091550738,1,true
src/java/org/apache/poi/ss/format/CellFormatPart.java,344.0,9.0,72.0,13.0,62.0,60.0,0,0.0,0.0,0.0,0,false
src/java/org/apache/poi/ss/formula/FormulaCellCacheEntrySet.java,112.0,0.0,0.0,5.0,6.0,19.0,1,0.0035087719298245615,836.4,11820.5091550738,1,false
src/java/org/apache/poi/ss/formula/WorkbookEvaluator.java,483.0,49.0,238.0,29.0,112.0,95.0,1,0.0035087719298245615,836.4,11820.5091550738,1,true
src/java/org/apache/poi/ss/formula/eval/FunctionEval.java,201.0,3.0,1.0,2.0,2.0,10.0,0,0.0,0.0,0.0,0,true
src/java/org/apache/poi/ss/formula/functions/CalendarFieldFunction.java,51.0,9.0,1.0,3.0,7.0,9.0,0,0.0,0.0,0.0,0,true
src/java/org/apache/poi/ss/usermodel/Chart.java,31.0,6.0,15.0,6.0,0.0,11.0,1,0.0035087719298245615,1963.3672316384182,60251.56176485552,1,false
src/java/org/apache/poi/ss/usermodel/ClientAnchor.java,161.0,0.0,153.0,18.0,0.0,35.0,1,0.0035087719298245615,836.4,11820.5091550738,1,true
src/java/org/apache/poi/ss/usermodel/DataFormatter.java,797.0,7.0,273.0,26.0,118.0,101.0,1,0.0035087719298245615,836.4,11820.5091550738,1,true
src/java/org/apache/poi/ss/usermodel/DateUtil.java,382.0,4.0,229.0,22.0,53.0,88.0,0,0.0,0.0,0.0,0,true
src/java/org/apache/poi/ss/usermodel/Drawing.java,44.0,0.0,6.0,4.0,0.0,8.0,1,0.0035087719298245615,1963.3672316384182,60251.56176485552,1,true
src/java/org/apache/poi/ss/usermodel/ExcelStyleDateFormatter.java,97.0,3.0,17.0,7.0,11.0,15.0,0,0.0,0.0,0.0,0,false
src/java/org/apache/poi/ss/usermodel/FontCharset.java,0.0,0.0,0.0,0.0,0.0,0.0,0,0.0,0.0,0.0,0,true
src/java/org/apache/poi/ss/usermodel/FormulaEvaluator.java,89.0,0.0,28.0,8.0,0.0,25.0,1,0.0035087719298245615,836.4,11820.5091550738,1,true
src/java/org/apache/poi/ss/usermodel/Sheet.java,625.0,3.0,4371.0,94.0,0.0,218.0,2,0.007017543859649123,2799.7672316384183,72072.07091992932,2,true
src/java/org/apache/poi/ss/usermodel/charts/AxisCrossBetween.java,0.0,0.0,0.0,0.0,0.0,0.0,1,0.0035087719298245615,1963.3672316384182,60251.56176485552,1,false
src/java/org/apache/poi/ss/usermodel/charts/AxisCrosses.java,0.0,0.0,0.0,0.0,0.0,0.0,1,0.0035087719298245615,1963.3672316384182,60251.56176485552,1,false
src/java/org/apache/poi/ss/usermodel/charts/AxisOrientation.java,0.0,0.0,0.0,0.0,0.0,0.0,1,0.0035087719298245615,1963.3672316384182,60251.56176485552,1,false
src/java/org/apache/poi/ss/usermodel/charts/AxisPosition.java,0.0,0.0,0.0,0.0,0.0,0.0,1,0.0035087719298245615,1963.3672316384182,60251.56176485552,1,false
src/java/org/apache/poi/ss/usermodel/charts/ChartAxis.java,84.0,0.0,171.0,19.0,0.0,40.0,1,0.0035087719298245615,1963.3672316384182,60251.56176485552,1,true
src/java/org/apache/poi/ss/usermodel/charts/ChartAxisFactory.java,10.0,1.0,0.0,1.0,0.0,2.0,1,0.0035087719298245615,1963.3672316384182,60251.56176485552,1,false
src/java/org/apache/poi/ss/usermodel/charts/ChartData.java,12.0,1.0,0.0,1.0,0.0,2.0,1,0.0035087719298245615,1963.3672316384182,60251.56176485552,1,false
src/java/org/apache/poi/ss/usermodel/charts/ChartDataFactory.java,10.0,0.0,0.0,1.0,0.0,2.0,1,0.0035087719298245615,1963.3672316384182,60251.56176485552,1,true
src/java/org/apache/poi/ss/usermodel/charts/ChartLegend.java,14.0,0.0,1.0,2.0,0.0,3.0,1,0.0035087719298245615,1963.3672316384182,60251.56176485552,1,false
src/java/org/apache/poi/ss/usermodel/charts/LegendPosition.java,0.0,0.0,0.0,0.0,0.0,0.0,1,0.0035087719298245615,1963.3672316384182,60251.56176485552,1,false
src/java/org/apache/poi/ss/usermodel/charts/ScatterChartData.java,13.0,1.0,1.0,2.0,0.0,4.0,1,0.0035087719298245615,1963.3672316384182,60251.56176485552,1,true
src/java/org/apache/poi/ss/usermodel/charts/ScatterChartSerie.java,16.0,3.0,1.0,2.0,0.0,2.0,1,0.0035087719298245615,1963.3672316384182,60251.56176485552,1,true
src/java/org/apache/poi/ss/usermodel/charts/ValueAxis.java,13.0,0.0,1.0,2.0,0.0,3.0,1,0.0035087719298245615,1963.3672316384182,60251.56176485552,1,false
src/java/org/apache/poi/ss/util/CellRangeAddress.java,84.0,5.0,39.0,10.0,28.0,25.0,1,0.0035087719298245615,1963.3672316384182,60251.56176485552,1,true
src/java/org/apache/poi/ss/util/CellReference.java,412.0,5.0,231.0,26.0,60.0,86.0,0,0.0,0.0,0.0,0,true
src/java/org/apache/poi/ss/util/SheetUtil.java,155.0,6.0,55.0,11.0,46.0,26.0,1,0.0035087719298245615,836.4,11820.5091550738,1,true
src/java/org/apache/poi/util/IOUtils.java,95.0,6.0,21.0,7.0,14.0,29.0,2,0.007017543859649123,2799.7672316384183,72072.07091992932,2,true
src/java/org/apache/poi/util/LZWDecompresser.java,130.0,4.0,19.0,7.0,7.0,22.0,0,0.0,0.0,0.0,0,false
src/ooxml/java/org/apache/poi/POIXMLDocumentPart.java,240.0,9.0,68.0,20.0,47.0,48.0,2,0.007017543859649123,2799.7672316384183,72072.07091992932,2,true
src/ooxml/java/org/apache/poi/openxml4j/opc/OPCPackage.java,927.0,32.0,1546.0,61.0,186.0,217.0,2,0.007017543859649123,2799.7672316384183,72072.07091992932,2,true
src/ooxml/java/org/apache/poi/openxml4j/opc/internal/MemoryPackagePart.java,68.0,12.0,30.0,9.0,4.0,21.0,0,0.0,0.0,0.0,0,true
src/ooxml/java/org/apache/poi/openxml4j/util/ZipInputStreamZipEntrySource.java,91.0,9.0,4.0,4.0,5.0,10.0,1,0.0035087719298245615,172.5,389.84513514141435,1,true
src/ooxml/java/org/apache/poi/xslf/XSLFSlideShow.java,162.0,28.0,74.0,13.0,58.0,47.0,1,0.0035087719298245615,836.4,11820.5091550738,1,true
src/ooxml/java/org/apache/poi/xslf/usermodel/XMLSlideShow.java,45.0,13.0,24.0,8.0,6.0,17.0,1,0.0035087719298245615,836.4,11820.5091550738,1,true
src/ooxml/java/org/apache/poi/xssf/extractor/XSSFExportToXml.java,343.0,36.0,100.0,16.0,100.0,63.0,1,0.0035087719298245615,836.4,11820.5091550738,1,true
src/ooxml/java/org/apache/poi/xssf/extractor/XSSFImportFromXML.java,131.0,27.0,0.0,2.0,34.0,5.0,1,0.0035087719298245615,836.4,11820.5091550738,1,true
src/ooxml/java/org/apache/poi/xssf/model/SharedStringsTable.java,161.0,12.0,19.0,11.0,34.0,31.0,1,0.0035087719298245615,172.5,389.84513514141435,1,true
src/ooxml/java/org/apache/poi/xssf/model/StylesTable.java,379.0,33.0,551.0,42.0,147.0,101.0,1,0.0035087719298245615,836.4,11820.5091550738,1,true
src/ooxml/java/org/apache/poi/xssf/model/ThemesTable.java,52.0,8.0,0.0,4.0,16.0,12.0,1,0.0035087719298245615,836.4,11820.5091550738,1,true
src/ooxml/java/org/apache/poi/xssf/streaming/SXSSFCell.java,846.0,9.0,817.0,50.0,126.0,176.0,1,0.0035087719298245615,1963.3672316384182,60251.56176485552,1,true
src/ooxml/java/org/apache/poi/xssf/streaming/SXSSFRow.java,281.0,5.0,159.0,23.0,15.0,67.0,1,0.0035087719298245615,1963.3672316384182,60251.56176485552,1,true
src/ooxml/java/org/apache/poi/xssf/streaming/SXSSFSheet.java,1021.0,14.0,0.0,102.0,122.0,255.0,1,0.0035087719298245615,1963.3672316384182,60251.56176485552,1,true
src/ooxml/java/org/apache/poi/xssf/streaming/SXSSFWorkbook.java,538.0,23.0,0.0,60.0,88.0,144.0,1,0.0035087719298245615,1963.3672316384182,60251.56176485552,1,true
src/ooxml/java/org/apache/poi/xssf/usermodel/XSSFCellStyle.java,1185.0,28.0,1918.0,88.0,335.0,278.0,2,0.007017543859649123,2799.7672316384183,72072.07091992932,2,true
src/ooxml/java/org/apache/poi/xssf/usermodel/XSSFChart.java,202.0,37.0,97.0,22.0,80.0,45.0,2,0.007017543859649123,2799.7672316384183,72072.07091992932,2,false
src/ooxml/java/org/apache/poi/xssf/usermodel/XSSFChartSheet.java,54.0,18.0,1.0,7.0,12.0,16.0,1,0.0035087719298245615,836.4,11820.5091550738,1,true
src/ooxml/java/org/apache/poi/xssf/usermodel/XSSFColor.java,285.0,4.0,0.0,23.0,43.0,57.0,1,0.0035087719298245615,836.4,11820.5091550738,1,true
src/ooxml/java/org/apache/poi/xssf/usermodel/XSSFDrawing.java,249.0,27.0,151.0,19.0,87.0,45.0,2,0.007017543859649123,2799.7672316384183,72072.07091992932,2,true
src/ooxml/java/org/apache/poi/xssf/usermodel/XSSFFont.java,501.0,22.0,0.0,45.0,139.0,122.0,0,0.0,0.0,0.0,0,true
src/ooxml/java/org/apache/poi/xssf/usermodel/XSSFFormulaEvaluator.java,226.0,13.0,74.0,16.0,42.0,48.0,2,0.007017543859649123,2799.7672316384183,72072.07091992932,2,false
src/ooxml/java/org/apache/poi/xssf/usermodel/XSSFGraphicFrame.java,122.0,14.0,20.0,13.0,39.0,22.0,1,0.0035087719298245615,1963.3672316384182,60251.56176485552,1,true
src/ooxml/java/org/apache/poi/xssf/usermodel/XSSFMap.java,69.0,10.0,0.0,6.0,24.0,15.0,1,0.0035087719298245615,836.4,11820.5091550738,1,true
src/ooxml/java/org/apache/poi/xssf/usermodel/XSSFPicture.java,207.0,30.0,46.0,13.0,89.0,34.0,1,0.0035087719298245615,1963.3672316384182,60251.56176485552,1,true
src/ooxml/java/org/apache/poi/xssf/usermodel/XSSFRelation.java,71.0,23.0,1.0,3.0,13.0,12.0,2,0.007017543859649123,2799.7672316384183,72072.07091992932,2,true
src/ooxml/java/org/apache/poi/xssf/usermodel/XSSFRichTextString.java,436.0,16.0,154.0,29.0,266.0,88.0,1,0.0035087719298245615,1963.3672316384182,60251.56176485552,1,true
src/ooxml/java/org/apache/poi/xssf/usermodel/XSSFSheet.java,2458.0,86.0,12034.0,209.0,865.0,647.0,2,0.007017543859649123,2799.7672316384183,72072.07091992932,2,true
src/ooxml/java/org/apache/poi/xssf/usermodel/XSSFTable.java,184.0,15.0,0.0,18.0,43.0,53.0,1,0.0035087719298245615,836.4,11820.5091550738,1,true
src/ooxml/java/org/apache/poi/xssf/usermodel/XSSFWorkbook.java,1189.0,54.0,2917.0,94.0,336.0,277.0,1,0.0035087719298245615,1963.3672316384182,60251.56176485552,1,true
src/ooxml/java/org/apache/poi/xssf/usermodel/charts/XSSFChartAxis.java,184.0,15.0,378.0,28.0,62.0,70.0,1,0.0035087719298245615,1963.3672316384182,60251.56176485552,1,true
src/ooxml/java/org/apache/poi/xssf/usermodel/charts/XSSFChartDataFactory.java,24.0,1.0,3.0,3.0,0.0,6.0,1,0.0035087719298245615,1963.3672316384182,60251.56176485552,1,true
src/ooxml/java/org/apache/poi/xssf/usermodel/charts/XSSFChartLegend.java,70.0,8.0,3.0,6.0,14.0,17.0,1,0.0035087719298245615,1963.3672316384182,60251.56176485552,1,false
src/ooxml/java/org/apache/poi/xssf/usermodel/charts/XSSFScatterChartData.java,81.0,25.0,0.0,5.0,12.0,10.0,1,0.0035087719298245615,1963.3672316384182,60251.56176485552,1,true
src/ooxml/java/org/apache/poi/xssf/usermodel/charts/XSSFValueAxis.java,72.0,15.0,0.0,12.0,34.0,25.0,1,0.0035087719298245615,1963.3672316384182,60251.56176485552,1,true
src/ooxml/java/org/apache/poi/xssf/usermodel/extensions/XSSFCellBorder.java,133.0,7.0,0.0,13.0,31.0,37.0,0,0.0,0.0,0.0,0,true
src/ooxml/java/org/apache/poi/xssf/usermodel/helpers/XSSFFormulaUtils.java,89.0,16.0,0.0,8.0,30.0,24.0,0,0.0,0.0,0.0,0,true
src/ooxml/java/org/apache/poi/xssf/usermodel/helpers/XSSFXmlColumnPr.java,44.0,4.0,0.0,6.0,7.0,13.0,1,0.0035087719298245615,836.4,11820.5091550738,1,true
src/ooxml/java/org/apache/poi/xwpf/model/XWPFHeaderFooterPolicy.java,346.0,41.0,242.0,28.0,155.0,78.0,1,0.0035087719298245615,1963.3672316384182,60251.56176485552,1,true
src/ooxml/java/org/apache/poi/xwpf/usermodel/BreakClear.java,0.0,0.0,0.0,0.0,0.0,0.0,1,0.0035087719298245615,836.4,11820.5091550738,1,true
src/ooxml/java/org/apache/poi/xwpf/usermodel/BreakType.java,0.0,0.0,0.0,0.0,0.0,0.0,1,0.0035087719298245615,836.4,11820.5091550738,1,true
src/ooxml/java/org/apache/poi/xwpf/usermodel/Document.java,30.0,0.0,0.0,0.0,0.0,0.0,1,0.0035087719298245615,836.4,11820.5091550738,1,true
src/ooxml/java/org/apache/poi/xwpf/usermodel/LineSpacingRule.java,0.0,0.0,0.0,0.0,0.0,0.0,1,0.0035087719298245615,836.4,11820.5091550738,1,true
src/ooxml/java/org/apache/poi/xwpf/usermodel/ParagraphAlignment.java,0.0,0.0,0.0,0.0,0.0,0.0,1,0.0035087719298245615,836.4,11820.5091550738,1,true
src/ooxml/java/org/apache/poi/xwpf/usermodel/TextAlignment.java,0.0,0.0,0.0,0.0,0.0,0.0,1,0.0035087719298245615,836.4,11820.5091550738,1,true
src/ooxml/java/org/apache/poi/xwpf/usermodel/UnderlinePatterns.java,0.0,0.0,0.0,0.0,0.0,0.0,1,0.0035087719298245615,836.4,11820.5091550738,1,true
src/ooxml/java/org/apache/poi/xwpf/usermodel/VerticalAlign.java,0.0,0.0,0.0,0.0,0.0,0.0,1,0.0035087719298245615,836.4,11820.5091550738,1,true
src/ooxml/java/org/apache/poi/xwpf/usermodel/XWPFDocument.java,976.0,51.0,2552.0,81.0,289.0,256.0,2,0.007017543859649123,2799.7672316384183,72072.07091992932,2,true
src/ooxml/java/org/apache/poi/xwpf/usermodel/XWPFHeader.java,109.0,19.0,21.0,7.0,27.0,19.0,1,0.0035087719298245615,1963.3672316384182,60251.56176485552,1,true
src/ooxml/java/org/apache/poi/xwpf/usermodel/XWPFNumbering.java,218.0,20.0,0.0,15.0,75.0,43.0,2,0.007017543859649123,2799.7672316384183,72072.07091992932,2,true
src/ooxml/java/org/apache/poi/xwpf/usermodel/XWPFParagraph.java,1043.0,32.0,1852.0,65.0,289.0,228.0,2,0.007017543859649123,2799.7672316384183,72072.07091992932,2,true
src/ooxml/java/org/apache/poi/xwpf/usermodel/XWPFPicture.java,46.0,3.0,0.0,6.0,15.0,13.0,1,0.0035087719298245615,1963.3672316384182,60251.56176485552,1,true
src/ooxml/java/org/apache/poi/xwpf/usermodel/XWPFPictureData.java,92.0,6.0,15.0,6.0,15.0,16.0,2,0.007017543859649123,2799.7672316384183,72072.07091992932,2,true
src/ooxml/java/org/apache/poi/xwpf/usermodel/XWPFRelation.java,45.0,4.0,0.0,2.0,3.0,7.0,1,0.0035087719298245615,836.4,11820.5091550738,1,true
src/ooxml/java/org/apache/poi/xwpf/usermodel/XWPFRun.java,571.0,50.0,0.0,35.0,205.0,117.0,2,0.007017543859649123,2799.7672316384183,72072.07091992932,2,true
src/ooxml/java/org/apache/poi/xwpf/usermodel/XWPFSettings.java,121.0,17.0,3.0,10.0,36.0,29.0,2,0.007017543859649123,2799.7672316384183,72072.07091992932,2,true
src/ooxml/java/org/apache/poi/xwpf/usermodel/XWPFStyles.java,216.0,24.0,33.0,15.0,74.0,41.0,2,0.007017543859649123,2799.7672316384183,72072.07091992932,2,true
src/ooxml/java/org/apache/poi/xwpf/usermodel/XWPFTable.java,230.0,13.0,118.0,24.0,84.0,59.0,2,0.007017543859649123,2799.7672316384183,72072.07091992932,2,true
src/ooxml/testcases/org/apache/poi/xslf/TestXSLFBugs.java,20.0,4.0,0.0,1.0,12.0,2.0,1,0.0035087719298245615,836.4,11820.5091550738,1,true
src/ooxml/testcases/org/apache/poi/xslf/XSLFTestDataSamples.java,25.0,6.0,1.0,2.0,7.0,8.0,1,0.0035087719298245615,836.4,11820.5091550738,1,true
src/ooxml/testcases/org/apache/poi/xssf/SXSSFITestDataProvider.java,39.0,11.0,21.0,7.0,4.0,16.0,1,0.0035087719298245615,1963.3672316384182,60251.56176485552,1,false
src/ooxml/testcases/org/apache/poi/xssf/usermodel/TestXSSFBugs.java,834.0,28.0,496.0,32.0,367.0,88.0,2,0.007017543859649123,2799.7672316384183,72072.07091992932,2,true
src/ooxml/testcases/org/apache/poi/xssf/usermodel/TestXSSFCellStyle.java,466.0,21.0,0.0,22.0,290.0,29.0,2,0.007017543859649123,2799.7672316384183,72072.07091992932,2,true
src/ooxml/testcases/org/apache/poi/xssf/usermodel/TestXSSFChart.java,39.0,2.0,3.0,3.0,23.0,5.0,2,0.007017543859649123,2799.7672316384183,72072.07091992932,2,true
src/ooxml/testcases/org/apache/poi/xssf/usermodel/TestXSSFChartSheet.java,34.0,3.0,3.0,3.0,27.0,7.0,1,0.0035087719298245615,836.4,11820.5091550738,1,false
src/ooxml/testcases/org/apache/poi/xssf/usermodel/TestXSSFColor.java,97.0,2.0,3.0,3.0,42.0,6.0,1,0.0035087719298245615,836.4,11820.5091550738,1,true
src/ooxml/testcases/org/apache/poi/xssf/usermodel/TestXSSFFont.java,179.0,22.0,136.0,17.0,149.0,18.0,0,0.0,0.0,0.0,0,true
src/ooxml/testcases/org/apache/poi/xssf/usermodel/TestXSSFRichTextString.java,214.0,5.0,28.0,8.0,70.0,10.0,1,0.0035087719298245615,1963.3672316384182,60251.56176485552,1,true
src/ooxml/testcases/org/apache/poi/xssf/usermodel/TestXSSFSheet.java,793.0,12.0,378.0,28.0,316.0,37.0,2,0.007017543859649123,2799.7672316384183,72072.07091992932,2,true
src/ooxml/testcases/org/apache/poi/xssf/usermodel/charts/TestXSSFChartAxis.java,47.0,4.0,0.0,5.0,21.0,9.0,1,0.0035087719298245615,1963.3672316384182,60251.56176485552,1,true
src/ooxml/testcases/org/apache/poi/xssf/usermodel/charts/TestXSSFChartLegend.java,12.0,5.0,0.0,1.0,8.0,2.0,1,0.0035087719298245615,1963.3672316384182,60251.56176485552,1,false
src/ooxml/testcases/org/apache/poi/xssf/usermodel/charts/TestXSSFScatterChartData.java,17.0,5.0,0.0,1.0,15.0,2.0,1,0.0035087719298245615,1963.3672316384182,60251.56176485552,1,true
src/ooxml/testcases/org/apache/poi/xssf/usermodel/charts/TestXSSFValueAxis.java,15.0,4.0,0.0,1.0,13.0,2.0,1,0.0035087719298245615,1963.3672316384182,60251.56176485552,1,false
src/ooxml/testcases/org/apache/poi/xssf/usermodel/streaming/TestSXSSFCell.java,31.0,2.0,3.0,3.0,6.0,7.0,1,0.0035087719298245615,1963.3672316384182,60251.56176485552,1,true
src/ooxml/testcases/org/apache/poi/xssf/usermodel/streaming/TestSXSSFRow.java,8.0,2.0,0.0,1.0,0.0,1.0,1,0.0035087719298245615,1963.3672316384182,60251.56176485552,1,true
src/ooxml/testcases/org/apache/poi/xssf/usermodel/streaming/TestSXSSFSheet.java,53.0,2.0,15.0,6.0,12.0,12.0,1,0.0035087719298245615,1963.3672316384182,60251.56176485552,1,true
src/ooxml/testcases/org/apache/poi/xssf/usermodel/streaming/TestSXSSFWorkbook.java,29.0,2.0,3.0,3.0,6.0,6.0,1,0.0035087719298245615,1963.3672316384182,60251.56176485552,1,true
src/ooxml/testcases/org/apache/poi/xwpf/TestXWPFDocument.java,163.0,14.0,45.0,10.0,101.0,21.0,2,0.007017543859649123,2799.7672316384183,72072.07091992932,2,true
src/ooxml/testcases/org/apache/poi/xwpf/extractor/TestXWPFWordExtractor.java,145.0,3.0,91.0,14.0,67.0,23.0,2,0.007017543859649123,2135.867231638418,60641.40689999693,2,true
src/ooxml/testcases/org/apache/poi/xwpf/usermodel/TestXWPFHeader.java,71.0,7.0,6.0,4.0,38.0,6.0,1,0.0035087719298245615,1963.3672316384182,60251.56176485552,1,true
src/ooxml/testcases/org/apache/poi/xwpf/usermodel/TestXWPFParagraph.java,213.0,22.0,91.0,14.0,160.0,18.0,2,0.007017543859649123,2799.7672316384183,72072.07091992932,2,true
src/ooxml/testcases/org/apache/poi/xwpf/usermodel/TestXWPFPictureData.java,73.0,8.0,3.0,3.0,44.0,8.0,1,0.0035087719298245615,1963.3672316384182,60251.56176485552,1,true
src/ooxml/testcases/org/apache/poi/xwpf/usermodel/TestXWPFRun.java,250.0,13.0,0.0,15.0,133.0,17.0,2,0.007017543859649123,2799.7672316384183,72072.07091992932,2,true
src/ooxml/testcases/org/apache/poi/xwpf/usermodel/TestXWPFTable.java,91.0,10.0,21.0,7.0,55.0,10.0,1,0.0035087719298245615,836.4,11820.5091550738,1,true
src/scratchpad/src/org/apache/poi/hdgf/HDGFDiagram.java,112.0,16.0,31.0,10.0,26.0,23.0,0,0.0,0.0,0.0,0,true
src/scratchpad/src/org/apache/poi/hdgf/HDGFLZW.java,50.0,5.0,10.0,5.0,3.0,13.0,0,0.0,0.0,0.0,0,false
src/scratchpad/src/org/apache/poi/hdgf/HDGFLZWCompressor.java,147.0,3.0,0.0,6.0,13.0,24.0,0,0.0,0.0,0.0,0,false
src/scratchpad/src/org/apache/poi/hdgf/extractor/VisioTextExtractor.java,91.0,14.0,43.0,10.0,23.0,27.0,0,0.0,0.0,0.0,0,false
src/scratchpad/src/org/apache/poi/hmef/Attachment.java,111.0,11.0,66.0,13.0,18.0,36.0,0,0.0,0.0,0.0,0,false
src/scratchpad/src/org/apache/poi/hmef/CompressedRTF.java,68.0,7.0,11.0,6.0,4.0,15.0,0,0.0,0.0,0.0,0,false
src/scratchpad/src/org/apache/poi/hmef/HMEFMessage.java,115.0,11.0,31.0,10.0,19.0,34.0,0,0.0,0.0,0.0,0,true
src/scratchpad/src/org/apache/poi/hmef/attribute/MAPIRtfAttribute.java,42.0,7.0,2.0,5.0,6.0,12.0,0,0.0,0.0,0.0,0,false
src/scratchpad/src/org/apache/poi/hpbf/HPBFDocument.java,57.0,11.0,37.0,10.0,2.0,20.0,0,0.0,0.0,0.0,0,false
src/scratchpad/src/org/apache/poi/hpbf/extractor/PublisherTextExtractor.java,67.0,11.0,32.0,9.0,10.0,22.0,0,0.0,0.0,0.0,0,false
src/scratchpad/src/org/apache/poi/hpbf/model/EscherPart.java,42.0,5.0,0.0,3.0,8.0,7.0,0,0.0,0.0,0.0,0,false
src/scratchpad/src/org/apache/poi/hslf/HSLFSlideShow.java,392.0,33.0,222.0,24.0,81.0,84.0,0,0.0,0.0,0.0,0,true
src/scratchpad/src/org/apache/poi/hslf/extractor/PowerPointExtractor.java,220.0,13.0,133.0,18.0,33.0,45.0,0,0.0,0.0,0.0,0,true
src/scratchpad/src/org/apache/poi/hsmf/MAPIMessage.java,470.0,29.0,295.0,35.0,45.0,128.0,1,0.0035087719298245615,1963.3672316384182,60251.56176485552,1,true
src/scratchpad/src/org/apache/poi/hsmf/datatypes/Chunks.java,137.0,2.0,1.0,3.0,5.0,7.0,0,0.0,0.0,0.0,0,true
src/scratchpad/src/org/apache/poi/hsmf/datatypes/StringChunk.java,117.0,7.0,37.0,14.0,12.0,35.0,0,0.0,0.0,0.0,0,true
src/scratchpad/src/org/apache/poi/hsmf/extractor/OutlookTextExtactor.java,138.0,12.0,45.0,10.0,29.0,30.0,0,0.0,0.0,0.0,0,false
src/scratchpad/src/org/apache/poi/hwpf/HWPFDocument.java,392.0,35.0,247.0,26.0,102.0,61.0,1,0.0035087719298245615,1963.3672316384182,60251.56176485552,1,true
src/scratchpad/src/org/apache/poi/hwpf/model/FieldDescriptor.java,89.0,2.0,0.0,11.0,2.0,50.0,0,0.0,0.0,0.0,0,true
src/scratchpad/src/org/apache/poi/hwpf/model/FieldsTables.java,70.0,2.0,0.0,3.0,24.0,11.0,0,0.0,0.0,0.0,0,true
src/scratchpad/src/org/apache/poi/hwpf/model/FileInformationBlock.java,381.0,4.0,0.0,92.0,96.0,152.0,0,0.0,0.0,0.0,0,true
src/scratchpad/src/org/apache/poi/hwpf/model/PlexOfField.java,26.0,1.0,0.0,5.0,2.0,10.0,0,0.0,0.0,0.0,0,true
src/scratchpad/src/org/apache/poi/hwpf/model/StyleSheet.java,229.0,7.0,0.0,9.0,21.0,32.0,1,0.0035087719298245615,172.5,389.84513514141435,1,true
src/scratchpad/testcases/org/apache/poi/hmef/HMEFTest.java,14.0,4.0,1.0,2.0,7.0,5.0,0,0.0,0.0,0.0,0,false
src/scratchpad/testcases/org/apache/poi/hmef/TestAttachments.java,64.0,4.0,0.0,5.0,22.0,12.0,0,0.0,0.0,0.0,0,false
src/scratchpad/testcases/org/apache/poi/hmef/TestCompressedRTF.java,106.0,9.0,0.0,4.0,36.0,9.0,0,0.0,0.0,0.0,0,false
src/scratchpad/testcases/org/apache/poi/hmef/TestHMEFMessage.java,52.0,4.0,10.0,5.0,33.0,11.0,0,0.0,0.0,0.0,0,true
src/scratchpad/testcases/org/apache/poi/hmef/attribute/TestMAPIAttributes.java,72.0,9.0,0.0,5.0,38.0,13.0,0,0.0,0.0,0.0,0,false
src/scratchpad/testcases/org/apache/poi/hmef/attribute/TestTNEFAttributes.java,95.0,10.0,0.0,7.0,50.0,16.0,0,0.0,0.0,0.0,0,false
src/scratchpad/testcases/org/apache/poi/hpbf/extractor/TestPublisherTextExtractor.java,58.0,6.0,0.0,4.0,14.0,9.0,0,0.0,0.0,0.0,0,false
src/scratchpad/testcases/org/apache/poi/hsmf/TestBasics.java,168.0,4.0,0.0,9.0,40.0,25.0,0,0.0,0.0,0.0,0,true
src/scratchpad/testcases/org/apache/poi/hsmf/TestOutlook30FileRead.java,93.0,5.0,0.0,10.0,25.0,30.0,0,0.0,0.0,0.0,0,false
src/scratchpad/testcases/org/apache/poi/hsmf/extractor/TestOutlookTextExtractor.java,117.0,9.0,0.0,9.0,36.0,23.0,0,0.0,0.0,0.0,0,true
src/scratchpad/testcases/org/apache/poi/hwpf/AllHWPFTests.java,34.0,27.0,0.0,1.0,2.0,3.0,0,0.0,0.0,0.0,0,true
src/scratchpad/testcases/org/apache/poi/hwpf/HWPFDocFixture.java,32.0,4.0,1.0,3.0,10.0,6.0,0,0.0,0.0,0.0,0,true
src/scratchpad/testcases/org/apache/poi/hwpf/HWPFTestCase.java,33.0,4.0,8.0,5.0,5.0,12.0,0,0.0,0.0,0.0,0,true
src/scratchpad/testcases/org/apache/poi/hwpf/TestFieldsTables.java,31.0,4.0,6.0,4.0,6.0,8.0,0,0.0,0.0,0.0,0,true
src/scratchpad/testcases/org/apache/poi/hwpf/model/TestCHPBinTable.java,44.0,5.0,0.0,4.0,13.0,9.0,0,0.0,0.0,0.0,0,true
src/scratchpad/testcases/org/apache/poi/hwpf/model/TestDocumentProperties.java,34.0,4.0,0.0,3.0,13.0,9.0,0,0.0,0.0,0.0,0,true
src/scratchpad/testcases/org/apache/poi/hwpf/model/TestFileInformationBlock.java,27.0,3.0,0.0,3.0,9.0,9.0,0,0.0,0.0,0.0,0,true
src/scratchpad/testcases/org/apache/poi/hwpf/model/TestFontTable.java,27.0,3.0,0.0,3.0,9.0,7.0,0,0.0,0.0,0.0,0,true
src/scratchpad/testcases/org/apache/poi/hwpf/model/TestPAPBinTable.java,38.0,5.0,0.0,3.0,14.0,7.0,0,0.0,0.0,0.0,0,true
src/scratchpad/testcases/org/apache/poi/hwpf/model/TestPlexOfCps.java,38.0,3.0,0.0,3.0,13.0,6.0,0,0.0,0.0,0.0,0,true
src/scratchpad/testcases/org/apache/poi/hwpf/model/TestSectionTable.java,46.0,5.0,0.0,3.0,18.0,7.0,0,0.0,0.0,0.0,0,true
src/scratchpad/testcases/org/apache/poi/hwpf/model/TestStyleSheet.java,38.0,3.0,0.0,4.0,12.0,9.0,0,0.0,0.0,0.0,0,true
src/scratchpad/testcases/org/apache/poi/hwpf/model/TestTextPieceTable.java,107.0,7.0,9.0,6.0,39.0,14.0,0,0.0,0.0,0.0,0,true
src/testcases/org/apache/poi/hssf/record/TestExtSSTRecord.java,46.0,3.0,1.0,2.0,16.0,5.0,0,0.0,0.0,0.0,0,true
src/testcases/org/apache/poi/hssf/record/TestSSTRecord.java,288.0,16.0,66.0,12.0,86.0,36.0,0,0.0,0.0,0.0,0,true
src/testcases/org/apache/poi/hssf/usermodel/TestBugs.java,1621.0,18.0,6555.0,115.0,616.0,215.0,1,0.0035087719298245615,836.4,11820.5091550738,1,true
src/testcases/org/apache/poi/hssf/usermodel/TestCellStyle.java,239.0,8.0,28.0,8.0,119.0,15.0,0,0.0,0.0,0.0,0,true
src/testcases/org/apache/poi/hssf/usermodel/TestHSSFDateUtil.java,296.0,8.0,135.0,18.0,95.0,33.0,0,0.0,0.0,0.0,0,true
src/testcases/org/apache/poi/hssf/usermodel/TestHSSFName.java,164.0,12.0,36.0,9.0,61.0,21.0,0,0.0,0.0,0.0,0,true
src/testcases/org/apache/poi/poifs/crypt/AllPOIFSCryptoTests.java,12.0,2.0,0.0,1.0,2.0,2.0,1,0.0035087719298245615,172.5,389.84513514141435,1,true
src/testcases/org/apache/poi/poifs/crypt/TestDecryptor.java,39.0,7.0,6.0,4.0,22.0,15.0,1,0.0035087719298245615,172.5,389.84513514141435,1,true
src/testcases/org/apache/poi/poifs/crypt/TestEncryptionInfo.java,17.0,4.0,0.0,1.0,13.0,3.0,1,0.0035087719298245615,172.5,389.84513514141435,1,true
src/testcases/org/apache/poi/poifs/filesystem/TestDocumentInputStream.java,266.0,9.0,0.0,9.0,47.0,32.0,1,0.0035087719298245615,836.4,11820.5091550738,1,false
src/testcases/org/apache/poi/poifs/filesystem/TestNPOIFSFileSystem.java,406.0,14.0,0.0,10.0,81.0,32.0,1,0.0035087719298245615,836.4,11820.5091550738,1,true
src/testcases/org/apache/poi/poifs/filesystem/TestNPOIFSMiniStore.java,227.0,5.0,0.0,5.0,49.0,18.0,1,0.0035087719298245615,836.4,11820.5091550738,1,false
src/testcases/org/apache/poi/poifs/filesystem/TestNPOIFSStream.java,673.0,6.0,0.0,15.0,113.0,47.0,1,0.0035087719298245615,836.4,11820.5091550738,1,false
src/testcases/org/apache/poi/ss/formula/functions/TestCalendarFieldFunction.java,49.0,8.0,4.0,4.0,13.0,7.0,0,0.0,0.0,0.0,0,true
src/testcases/org/apache/poi/ss/usermodel/BaseTestCell.java,434.0,4.0,80.0,20.0,212.0,52.0,1,0.0035087719298245615,1963.3672316384182,60251.56176485552,1,true
src/testcases/org/apache/poi/ss/usermodel/BaseTestFormulaEvaluator.java,198.0,3.0,0.0,10.0,99.0,18.0,2,0.007017543859649123,2799.7672316384183,72072.07091992932,2,true
src/testcases/org/apache/poi/ss/usermodel/BaseTestRow.java,282.0,3.0,0.0,10.0,98.0,17.0,1,0.0035087719298245615,1963.3672316384182,60251.56176485552,1,true
src/testcases/org/apache/poi/ss/usermodel/BaseTestWorkbook.java,393.0,6.0,0.0,15.0,150.0,27.0,1,0.0035087719298245615,1963.3672316384182,60251.56176485552,1,true
src/testcases/org/apache/poi/ss/usermodel/TestDataFormatter.java,250.0,4.0,78.0,13.0,29.0,29.0,1,0.0035087719298245615,836.4,11820.5091550738,1,true
src/testcases/org/apache/poi/ss/util/TestCellReference.java,164.0,4.0,21.0,7.0,15.0,15.0,0,0.0,0.0,0.0,0,true
