name,LOC,CBO,LCOM,NOM,RFC,WMC,numOfChanges,bccm,structuralWorkloadSum,semanticWorkloadSum,numberOfDeveloper,isBuggy
src/examples/src/org/apache/poi/ss/examples/CellStyleDetails.java,51.0,16.0,1.0,2.0,22.0,8.0,0,0.0,0.0,0.0,0,false
src/examples/src/org/apache/poi/ss/examples/ConditionalFormats.java,222.0,6.0,45.0,10.0,116.0,24.0,1,0.0030959752321981426,2467.8844444444444,55151.0964402167,1,false
src/examples/src/org/apache/poi/xslf/usermodel/SlidesAndShapes.java,50.0,4.0,0.0,1.0,26.0,3.0,1,0.0030959752321981426,2467.8844444444444,55151.0964402167,1,false
src/examples/src/org/apache/poi/xssf/usermodel/examples/ScatterChart.java,39.0,5.0,0.0,1.0,19.0,3.0,0,0.0,0.0,0.0,0,false
src/excelant/java/org/apache/poi/ss/excelant/ExcelAntHandlerTask.java,45.0,4.0,0.0,3.0,7.0,7.0,1,0.0030959752321981426,2467.8844444444444,55151.0964402167,1,true
src/java/org/apache/poi/POIDocument.java,198.0,20.0,96.0,16.0,27.0,45.0,1,0.0030959752321981426,2467.8844444444444,55151.0964402167,1,true
src/java/org/apache/poi/POIOLE2TextExtractor.java,48.0,5.0,15.0,6.0,3.0,15.0,0,0.0,0.0,0.0,0,false
src/java/org/apache/poi/ddf/AbstractEscherOptRecord.java,112.0,6.0,0.0,11.0,32.0,27.0,0,0.0,0.0,0.0,0,true
src/java/org/apache/poi/ddf/DefaultEscherRecordFactory.java,97.0,4.0,3.0,3.0,11.0,13.0,0,0.0,0.0,0.0,0,true
src/java/org/apache/poi/ddf/EscherBSERecord.java,273.0,2.0,294.0,32.0,22.0,59.0,0,0.0,0.0,0.0,0,true
src/java/org/apache/poi/ddf/EscherBitmapBlip.java,63.0,3.0,0.0,8.0,19.0,16.0,0,0.0,0.0,0.0,0,true
src/java/org/apache/poi/ddf/EscherBlipRecord.java,43.0,2.0,0.0,8.0,14.0,15.0,0,0.0,0.0,0.0,0,true
src/java/org/apache/poi/ddf/EscherBlipWMFRecord.java,294.0,9.0,281.0,31.0,27.0,58.0,0,0.0,0.0,0.0,0,true
src/java/org/apache/poi/ddf/EscherChildAnchorRecord.java,112.0,2.0,27.0,14.0,15.0,33.0,0,0.0,0.0,0.0,0,true
src/java/org/apache/poi/ddf/EscherClientAnchorRecord.java,234.0,3.0,137.0,26.0,18.0,58.0,0,0.0,0.0,0.0,0,true
src/java/org/apache/poi/ddf/EscherClientDataRecord.java,65.0,3.0,0.0,8.0,17.0,18.0,0,0.0,0.0,0.0,0,true
src/java/org/apache/poi/ddf/EscherContainerRecord.java,218.0,7.0,0.0,17.0,67.0,52.0,0,0.0,0.0,0.0,0,true
src/java/org/apache/poi/ddf/EscherDgRecord.java,85.0,2.0,20.0,12.0,16.0,23.0,0,0.0,0.0,0.0,0,true
src/java/org/apache/poi/ddf/EscherDggRecord.java,170.0,4.0,80.0,20.0,28.0,41.0,0,0.0,0.0,0.0,0,true
src/java/org/apache/poi/ddf/EscherMetafileBlip.java,222.0,10.0,94.0,21.0,31.0,43.0,0,0.0,0.0,0.0,0,true
src/java/org/apache/poi/ddf/EscherOptRecord.java,34.0,0.0,10.0,5.0,5.0,11.0,0,0.0,0.0,0.0,0,true
src/java/org/apache/poi/ddf/EscherPictBlip.java,161.0,10.0,50.0,17.0,24.0,33.0,0,0.0,0.0,0.0,0,true
src/java/org/apache/poi/ddf/EscherProperties.java,620.0,2.0,8.0,5.0,11.0,10.0,0,0.0,0.0,0.0,0,true
src/java/org/apache/poi/ddf/EscherRecord.java,205.0,6.0,222.0,24.0,24.0,52.0,0,0.0,0.0,0.0,0,true
src/java/org/apache/poi/ddf/EscherSpRecord.java,154.0,2.0,42.0,13.0,23.0,29.0,0,0.0,0.0,0.0,0,true
src/java/org/apache/poi/ddf/EscherSpgrRecord.java,105.0,3.0,27.0,14.0,14.0,27.0,0,0.0,0.0,0.0,0,true
src/java/org/apache/poi/ddf/EscherSplitMenuColorsRecord.java,89.0,3.0,27.0,14.0,14.0,27.0,0,0.0,0.0,0.0,0,true
src/java/org/apache/poi/ddf/EscherTertiaryOptRecord.java,11.0,0.0,0.0,1.0,0.0,2.0,0,0.0,0.0,0.0,0,false
src/java/org/apache/poi/ddf/EscherTextboxRecord.java,82.0,3.0,15.0,10.0,23.0,23.0,0,0.0,0.0,0.0,0,true
src/java/org/apache/poi/ddf/UnknownEscherRecord.java,92.0,4.0,17.0,11.0,31.0,24.0,0,0.0,0.0,0.0,0,true
src/java/org/apache/poi/hpsf/Array.java,70.0,2.0,3.0,3.0,5.0,8.0,1,0.0030959752321981426,428.00000000000006,3105.8096418161294,1,false
src/java/org/apache/poi/hpsf/Blob.java,14.0,2.0,0.0,2.0,2.0,5.0,1,0.0030959752321981426,428.00000000000006,3105.8096418161294,1,false
src/java/org/apache/poi/hpsf/ClipboardData.java,35.0,6.0,0.0,5.0,9.0,15.0,1,0.0030959752321981426,428.00000000000006,3105.8096418161294,1,false
src/java/org/apache/poi/hpsf/CodePageString.java,150.0,7.0,1.0,7.0,12.0,25.0,2,0.006191950464396285,924.279069767442,12893.280865107607,2,false
src/java/org/apache/poi/hpsf/Currency.java,7.0,2.0,0.0,1.0,1.0,1.0,1,0.0030959752321981426,428.00000000000006,3105.8096418161294,1,false
src/java/org/apache/poi/hpsf/Date.java,7.0,2.0,0.0,1.0,1.0,1.0,1,0.0030959752321981426,428.00000000000006,3105.8096418161294,1,false
src/java/org/apache/poi/hpsf/Decimal.java,21.0,2.0,0.0,1.0,3.0,1.0,1,0.0030959752321981426,428.00000000000006,3105.8096418161294,1,false
src/java/org/apache/poi/hpsf/Filetime.java,30.0,3.0,0.0,6.0,3.0,11.0,1,0.0030959752321981426,428.00000000000006,3105.8096418161294,1,false
src/java/org/apache/poi/hpsf/GUID.java,13.0,2.0,0.0,1.0,3.0,1.0,1,0.0030959752321981426,428.00000000000006,3105.8096418161294,1,false
src/java/org/apache/poi/hpsf/IndirectPropertyName.java,9.0,1.0,0.0,2.0,1.0,3.0,1,0.0030959752321981426,428.00000000000006,3105.8096418161294,1,false
src/java/org/apache/poi/hpsf/MutablePropertySet.java,168.0,14.0,55.0,11.0,35.0,27.0,0,0.0,0.0,0.0,0,true
src/java/org/apache/poi/hpsf/Property.java,270.0,7.0,0.0,12.0,38.0,46.0,0,0.0,0.0,0.0,0,true
src/java/org/apache/poi/hpsf/PropertySet.java,422.0,7.0,244.0,25.0,65.0,94.0,0,0.0,0.0,0.0,0,true
src/java/org/apache/poi/hpsf/TypeWriter.java,112.0,3.0,28.0,8.0,13.0,33.0,1,0.0030959752321981426,428.00000000000006,3105.8096418161294,1,false
src/java/org/apache/poi/hpsf/TypedPropertyValue.java,169.0,4.0,11.0,7.0,16.0,14.0,2,0.006191950464396285,2895.8844444444444,58256.90608203283,2,true
src/java/org/apache/poi/hpsf/UnicodeString.java,32.0,5.0,0.0,4.0,7.0,12.0,1,0.0030959752321981426,428.00000000000006,3105.8096418161294,1,false
src/java/org/apache/poi/hpsf/Variant.java,413.0,3.0,1.0,2.0,5.0,5.0,1,0.0030959752321981426,428.00000000000006,3105.8096418161294,1,true
src/java/org/apache/poi/hpsf/VariantBool.java,24.0,4.0,0.0,3.0,3.0,6.0,1,0.0030959752321981426,428.00000000000006,3105.8096418161294,1,false
src/java/org/apache/poi/hpsf/VariantSupport.java,381.0,6.0,19.0,7.0,33.0,35.0,1,0.0030959752321981426,428.00000000000006,3105.8096418161294,1,true
src/java/org/apache/poi/hpsf/Vector.java,38.0,2.0,0.0,3.0,4.0,8.0,1,0.0030959752321981426,428.00000000000006,3105.8096418161294,1,true
src/java/org/apache/poi/hpsf/VersionedStream.java,11.0,1.0,0.0,2.0,1.0,3.0,2,0.006191950464396285,2895.8844444444444,58256.90608203283,2,false
src/java/org/apache/poi/hssf/extractor/EventBasedExcelExtractor.java,189.0,24.0,39.0,10.0,7.0,27.0,0,0.0,0.0,0.0,0,true
src/java/org/apache/poi/hssf/extractor/ExcelExtractor.java,356.0,18.0,66.0,13.0,60.0,35.0,0,0.0,0.0,0.0,0,true
src/java/org/apache/poi/hssf/record/EscherAggregate.java,728.0,39.0,296.0,29.0,215.0,88.0,0,0.0,0.0,0.0,0,true
src/java/org/apache/poi/hssf/record/HyperlinkRecord.java,628.0,12.0,265.0,39.0,64.0,92.0,0,0.0,0.0,0.0,0,true
src/java/org/apache/poi/hssf/record/LabelRecord.java,128.0,3.0,86.0,16.0,18.0,30.0,0,0.0,0.0,0.0,0,true
src/java/org/apache/poi/hssf/record/RecordFactoryInputStream.java,249.0,7.0,0.0,4.0,20.0,16.0,0,0.0,0.0,0.0,0,true
src/java/org/apache/poi/hssf/usermodel/HSSFBorderFormatting.java,126.0,2.0,0.0,26.0,39.0,51.0,0,0.0,0.0,0.0,0,true
src/java/org/apache/poi/hssf/usermodel/HSSFConditionalFormatting.java,111.0,6.0,0.0,11.0,13.0,20.0,0,0.0,0.0,0.0,0,true
src/java/org/apache/poi/hssf/usermodel/HSSFConditionalFormattingRule.java,144.0,8.0,46.0,16.0,21.0,56.0,0,0.0,0.0,0.0,0,true
src/java/org/apache/poi/hssf/usermodel/HSSFFont.java,258.0,3.0,0.0,27.0,25.0,52.0,0,0.0,0.0,0.0,0,true
src/java/org/apache/poi/hssf/usermodel/HSSFFontFormatting.java,300.0,2.0,0.0,35.0,47.0,93.0,0,0.0,0.0,0.0,0,true
src/java/org/apache/poi/hssf/usermodel/HSSFPatternFormatting.java,63.0,2.0,0.0,8.0,10.0,15.0,0,0.0,0.0,0.0,0,true
src/java/org/apache/poi/hssf/usermodel/HSSFShapeGroup.java,128.0,3.0,27.0,14.0,12.0,26.0,0,0.0,0.0,0.0,0,true
src/java/org/apache/poi/hssf/usermodel/HSSFSheetConditionalFormatting.java,150.0,9.0,72.0,16.0,27.0,39.0,0,0.0,0.0,0.0,0,false
src/java/org/apache/poi/poifs/filesystem/DirectoryEntry.java,77.0,5.0,45.0,10.0,0.0,26.0,0,0.0,0.0,0.0,0,false
src/java/org/apache/poi/poifs/filesystem/DirectoryNode.java,346.0,13.0,266.0,29.0,59.0,87.0,0,0.0,0.0,0.0,0,true
src/java/org/apache/poi/poifs/filesystem/EntryUtils.java,45.0,4.0,3.0,3.0,17.0,12.0,2,0.006191950464396285,2964.163514211886,64938.567663508176,2,true
src/java/org/apache/poi/poifs/filesystem/NDocumentInputStream.java,228.0,5.0,100.0,20.0,44.0,58.0,0,0.0,0.0,0.0,0,false
src/java/org/apache/poi/poifs/filesystem/Ole10Native.java,222.0,6.0,98.0,16.0,14.0,49.0,2,0.006191950464396285,2964.163514211886,64938.567663508176,2,true
src/java/org/apache/poi/ss/formula/LazyAreaEval.java,56.0,9.0,0.0,8.0,24.0,19.0,0,0.0,0.0,0.0,0,true
src/java/org/apache/poi/ss/formula/SheetRefEvaluator.java,50.0,4.0,0.0,5.0,11.0,16.0,0,0.0,0.0,0.0,0,true
src/java/org/apache/poi/ss/formula/TwoDEval.java,38.0,2.0,28.0,8.0,0.0,20.0,0,0.0,0.0,0.0,0,true
src/java/org/apache/poi/ss/formula/WorkbookEvaluator.java,486.0,49.0,247.0,30.0,112.0,97.0,0,0.0,0.0,0.0,0,true
src/java/org/apache/poi/ss/formula/eval/AreaEvalBase.java,82.0,1.0,10.0,17.0,6.0,36.0,0,0.0,0.0,0.0,0,true
src/java/org/apache/poi/ss/formula/eval/FunctionEval.java,202.0,3.0,1.0,2.0,2.0,10.0,1,0.0030959752321981426,496.2790697674419,9787.471223291477,1,true
src/java/org/apache/poi/ss/formula/functions/AggregateFunction.java,163.0,5.0,120.0,16.0,14.0,41.0,0,0.0,0.0,0.0,0,true
src/java/org/apache/poi/ss/formula/functions/Count.java,66.0,7.0,13.0,7.0,3.0,15.0,0,0.0,0.0,0.0,0,true
src/java/org/apache/poi/ss/formula/functions/CountUtils.java,59.0,3.0,6.0,4.0,9.0,12.0,0,0.0,0.0,0.0,0,true
src/java/org/apache/poi/ss/formula/functions/Counta.java,54.0,7.0,13.0,7.0,3.0,15.0,0,0.0,0.0,0.0,0,true
src/java/org/apache/poi/ss/formula/functions/Countif.java,443.0,13.0,21.0,7.0,31.0,27.0,0,0.0,0.0,0.0,0,true
src/java/org/apache/poi/ss/formula/functions/MultiOperandNumericFunction.java,152.0,10.0,26.0,8.0,22.0,27.0,0,0.0,0.0,0.0,0,true
src/java/org/apache/poi/ss/formula/functions/Rate.java,77.0,5.0,3.0,3.0,11.0,14.0,1,0.0030959752321981426,496.2790697674419,9787.471223291477,1,true
src/java/org/apache/poi/ss/formula/functions/Subtotal.java,80.0,6.0,1.0,2.0,8.0,10.0,0,0.0,0.0,0.0,0,true
src/java/org/apache/poi/ss/usermodel/BorderFormatting.java,98.0,0.0,190.0,20.0,0.0,20.0,0,0.0,0.0,0.0,0,false
src/java/org/apache/poi/ss/usermodel/ComparisonOperator.java,43.0,0.0,0.0,0.0,0.0,0.0,0,0.0,0.0,0.0,0,false
src/java/org/apache/poi/ss/usermodel/ConditionalFormatting.java,70.0,2.0,10.0,5.0,0.0,9.0,1,0.0030959752321981426,2467.8844444444444,55151.0964402167,1,false
src/java/org/apache/poi/ss/usermodel/ConditionalFormattingRule.java,81.0,0.0,45.0,10.0,0.0,37.0,0,0.0,0.0,0.0,0,false
src/java/org/apache/poi/ss/usermodel/FontFormatting.java,113.0,0.0,66.0,12.0,0.0,25.0,0,0.0,0.0,0.0,0,false
src/java/org/apache/poi/ss/usermodel/IndexedColors.java,0.0,0.0,0.0,0.0,0.0,0.0,0,0.0,0.0,0.0,0,true
src/java/org/apache/poi/ss/usermodel/PatternFormatting.java,87.0,0.0,15.0,6.0,0.0,6.0,0,0.0,0.0,0.0,0,false
src/java/org/apache/poi/ss/usermodel/Sheet.java,697.0,3.0,4656.0,97.0,0.0,229.0,0,0.0,0.0,0.0,0,true
src/java/org/apache/poi/ss/usermodel/SheetConditionalFormatting.java,103.0,1.0,45.0,10.0,0.0,29.0,1,0.0030959752321981426,2467.8844444444444,55151.0964402167,1,false
src/java/org/apache/poi/ss/usermodel/charts/ChartAxis.java,84.0,1.0,171.0,19.0,0.0,40.0,0,0.0,0.0,0.0,0,true
src/java/org/apache/poi/ss/usermodel/charts/ChartAxisFactory.java,10.0,2.0,0.0,1.0,0.0,2.0,0,0.0,0.0,0.0,0,false
src/java/org/apache/poi/ss/usermodel/charts/ChartData.java,12.0,2.0,0.0,1.0,0.0,2.0,0,0.0,0.0,0.0,0,false
src/java/org/apache/poi/ss/usermodel/charts/ChartDataFactory.java,10.0,1.0,0.0,1.0,0.0,2.0,0,0.0,0.0,0.0,0,true
src/java/org/apache/poi/ss/usermodel/charts/ChartDataSource.java,39.0,1.0,10.0,5.0,0.0,17.0,0,0.0,0.0,0.0,0,false
src/java/org/apache/poi/ss/usermodel/charts/ChartLegend.java,14.0,1.0,1.0,2.0,0.0,3.0,0,0.0,0.0,0.0,0,false
src/java/org/apache/poi/ss/usermodel/charts/DataSources.java,101.0,3.0,28.0,8.0,14.0,27.0,0,0.0,0.0,0.0,0,false
src/java/org/apache/poi/ss/usermodel/charts/ManualLayout.java,108.0,1.0,153.0,18.0,0.0,41.0,0,0.0,0.0,0.0,0,false
src/java/org/apache/poi/ss/usermodel/charts/ManuallyPositionable.java,12.0,1.0,0.0,1.0,0.0,3.0,0,0.0,0.0,0.0,0,false
src/java/org/apache/poi/ss/usermodel/charts/ScatterChartData.java,15.0,1.0,1.0,2.0,0.0,5.0,0,0.0,0.0,0.0,0,true
src/java/org/apache/poi/ss/usermodel/charts/ScatterChartSerie.java,14.0,1.0,1.0,2.0,0.0,6.0,0,0.0,0.0,0.0,0,true
src/java/org/apache/poi/ss/usermodel/charts/ValueAxis.java,13.0,1.0,1.0,2.0,0.0,3.0,0,0.0,0.0,0.0,0,false
src/java/org/apache/poi/ss/util/AreaReference.java,293.0,3.0,70.0,16.0,51.0,59.0,1,0.0030959752321981426,496.2790697674419,9787.471223291477,1,true
src/java/org/apache/poi/ss/util/DataMarker.java,0.0,0.0,0.0,0.0,0.0,0.0,1,0.0030959752321981426,2467.8844444444444,55151.0964402167,1,false
src/java/org/apache/poi/ss/util/SheetBuilder.java,123.0,6.0,18.0,8.0,13.0,25.0,0,0.0,0.0,0.0,0,false
src/java/org/apache/poi/ss/util/cellwalk/CellWalk.java,82.0,4.0,0.0,5.0,9.0,11.0,0,0.0,0.0,0.0,0,false
src/java/org/apache/poi/util/ArrayUtil.java,80.0,0.0,3.0,3.0,4.0,14.0,0,0.0,0.0,0.0,0,true
src/java/org/apache/poi/util/LittleEndian.java,510.0,4.0,990.0,45.0,36.0,106.0,2,0.006191950464396285,2895.8844444444444,58256.90608203283,2,true
src/ooxml/java/org/apache/poi/POIXMLDocument.java,115.0,17.0,39.0,10.0,20.0,33.0,0,0.0,0.0,0.0,0,true
src/ooxml/java/org/apache/poi/POIXMLDocumentPart.java,326.0,18.0,270.0,28.0,65.0,74.0,0,0.0,0.0,0.0,0,true
src/ooxml/java/org/apache/poi/extractor/ExtractorFactory.java,242.0,41.0,79.0,14.0,51.0,52.0,0,0.0,0.0,0.0,0,true
src/ooxml/java/org/apache/poi/openxml4j/exceptions/InvalidOperationException.java,8.0,0.0,0.0,1.0,0.0,1.0,0,0.0,0.0,0.0,0,true
src/ooxml/java/org/apache/poi/openxml4j/exceptions/PartAlreadyExistsException.java,9.0,1.0,0.0,1.0,0.0,1.0,0,0.0,0.0,0.0,0,true
src/ooxml/java/org/apache/poi/openxml4j/opc/OPCPackage.java,942.0,36.0,1589.0,62.0,192.0,222.0,0,0.0,0.0,0.0,0,true
src/ooxml/java/org/apache/poi/openxml4j/opc/PackagePart.java,460.0,9.0,408.0,36.0,41.0,118.0,0,0.0,0.0,0.0,0,true
src/ooxml/java/org/apache/poi/openxml4j/opc/PackagingURIHelper.java,534.0,8.0,219.0,22.0,81.0,105.0,0,0.0,0.0,0.0,0,true
src/ooxml/java/org/apache/poi/openxml4j/util/ZipFileZipEntrySource.java,23.0,5.0,0.0,4.0,3.0,9.0,1,0.0030959752321981426,496.2790697674419,9787.471223291477,1,true
src/ooxml/java/org/apache/poi/ss/usermodel/WorkbookFactory.java,53.0,13.0,6.0,4.0,8.0,15.0,1,0.0030959752321981426,496.2790697674419,9787.471223291477,1,true
src/ooxml/java/org/apache/poi/util/Units.java,13.0,0.0,0.0,2.0,1.0,4.0,1,0.0030959752321981426,2467.8844444444444,55151.0964402167,1,false
src/ooxml/java/org/apache/poi/xslf/XSLFSlideShow.java,165.0,28.0,74.0,13.0,58.0,47.0,0,0.0,0.0,0.0,0,true
src/ooxml/java/org/apache/poi/xslf/extractor/XSLFPowerPointExtractor.java,123.0,20.0,43.0,11.0,27.0,29.0,1,0.0030959752321981426,2467.8844444444444,55151.0964402167,1,true
src/ooxml/java/org/apache/poi/xslf/model/CharacterPropertyFetcher.java,15.0,2.0,3.0,3.0,3.0,5.0,1,0.0030959752321981426,2467.8844444444444,55151.0964402167,1,false
src/ooxml/java/org/apache/poi/xslf/model/ParagraphPropertyFetcher.java,18.0,3.0,1.0,3.0,3.0,6.0,1,0.0030959752321981426,2467.8844444444444,55151.0964402167,1,false
src/ooxml/java/org/apache/poi/xslf/model/PropertyFetcher.java,18.0,2.0,1.0,3.0,0.0,6.0,1,0.0030959752321981426,2467.8844444444444,55151.0964402167,1,false
src/ooxml/java/org/apache/poi/xslf/model/TextBodyPropertyFetcher.java,18.0,3.0,1.0,2.0,3.0,5.0,1,0.0030959752321981426,2467.8844444444444,55151.0964402167,1,false
src/ooxml/java/org/apache/poi/xslf/model/geom/AbsExpression.java,14.0,1.0,0.0,2.0,3.0,3.0,1,0.0030959752321981426,2467.8844444444444,55151.0964402167,1,false
src/ooxml/java/org/apache/poi/xslf/model/geom/AddDivideExpression.java,18.0,1.0,0.0,2.0,2.0,3.0,1,0.0030959752321981426,2467.8844444444444,55151.0964402167,1,false
src/ooxml/java/org/apache/poi/xslf/model/geom/AddSubtractExpression.java,18.0,1.0,0.0,2.0,2.0,3.0,1,0.0030959752321981426,2467.8844444444444,55151.0964402167,1,false
src/ooxml/java/org/apache/poi/xslf/model/geom/AdjustValue.java,17.0,1.0,1.0,2.0,5.0,4.0,1,0.0030959752321981426,2467.8844444444444,55151.0964402167,1,false
src/ooxml/java/org/apache/poi/xslf/model/geom/ArcTanExpression.java,16.0,1.0,0.0,2.0,3.0,3.0,1,0.0030959752321981426,2467.8844444444444,55151.0964402167,1,false
src/ooxml/java/org/apache/poi/xslf/model/geom/ArcToCommand.java,32.0,4.0,0.0,2.0,13.0,4.0,1,0.0030959752321981426,2467.8844444444444,55151.0964402167,1,false
src/ooxml/java/org/apache/poi/xslf/model/geom/ClosePathCommand.java,11.0,1.0,1.0,2.0,1.0,2.0,1,0.0030959752321981426,2467.8844444444444,55151.0964402167,1,false
src/ooxml/java/org/apache/poi/xslf/model/geom/Context.java,38.0,3.0,2.0,5.0,11.0,13.0,1,0.0030959752321981426,2467.8844444444444,55151.0964402167,1,false
src/ooxml/java/org/apache/poi/xslf/model/geom/CosExpression.java,16.0,1.0,0.0,2.0,4.0,3.0,1,0.0030959752321981426,2467.8844444444444,55151.0964402167,1,false
src/ooxml/java/org/apache/poi/xslf/model/geom/CosineArcTanExpression.java,18.0,1.0,0.0,2.0,4.0,3.0,1,0.0030959752321981426,2467.8844444444444,55151.0964402167,1,false
src/ooxml/java/org/apache/poi/xslf/model/geom/CurveToCommand.java,24.0,2.0,0.0,2.0,5.0,2.0,1,0.0030959752321981426,2467.8844444444444,55151.0964402167,1,false
src/ooxml/java/org/apache/poi/xslf/model/geom/CustomGeometry.java,26.0,4.0,0.0,2.0,7.0,5.0,1,0.0030959752321981426,2467.8844444444444,55151.0964402167,1,false
src/ooxml/java/org/apache/poi/xslf/model/geom/Expression.java,7.0,0.0,0.0,1.0,0.0,1.0,1,0.0030959752321981426,2467.8844444444444,55151.0964402167,1,false
src/ooxml/java/org/apache/poi/xslf/model/geom/ExpressionParser.java,42.0,3.0,0.0,1.0,7.0,6.0,1,0.0030959752321981426,2467.8844444444444,55151.0964402167,1,false
src/ooxml/java/org/apache/poi/xslf/model/geom/Formula.java,262.0,3.0,741.0,39.0,80.0,77.0,1,0.0030959752321981426,2467.8844444444444,55151.0964402167,1,false
src/ooxml/java/org/apache/poi/xslf/model/geom/Guide.java,25.0,1.0,6.0,5.0,4.0,8.0,1,0.0030959752321981426,2467.8844444444444,55151.0964402167,1,false
src/ooxml/java/org/apache/poi/xslf/model/geom/IAdjustableShape.java,16.0,1.0,1.0,2.0,0.0,4.0,1,0.0030959752321981426,2467.8844444444444,55151.0964402167,1,false
src/ooxml/java/org/apache/poi/xslf/model/geom/IfElseExpression.java,23.0,1.0,0.0,2.0,2.0,3.0,1,0.0030959752321981426,2467.8844444444444,55151.0964402167,1,false
src/ooxml/java/org/apache/poi/xslf/model/geom/LineToCommand.java,16.0,2.0,0.0,2.0,5.0,2.0,1,0.0030959752321981426,2467.8844444444444,55151.0964402167,1,false
src/ooxml/java/org/apache/poi/xslf/model/geom/LiteralValueExpression.java,13.0,1.0,0.0,2.0,2.0,3.0,1,0.0030959752321981426,2467.8844444444444,55151.0964402167,1,false
src/ooxml/java/org/apache/poi/xslf/model/geom/MaxExpression.java,16.0,1.0,0.0,2.0,3.0,3.0,1,0.0030959752321981426,2467.8844444444444,55151.0964402167,1,false
src/ooxml/java/org/apache/poi/xslf/model/geom/MinExpression.java,16.0,1.0,0.0,2.0,3.0,3.0,1,0.0030959752321981426,2467.8844444444444,55151.0964402167,1,false
src/ooxml/java/org/apache/poi/xslf/model/geom/ModExpression.java,22.0,1.0,0.0,2.0,3.0,3.0,1,0.0030959752321981426,2467.8844444444444,55151.0964402167,1,false
src/ooxml/java/org/apache/poi/xslf/model/geom/MoveToCommand.java,16.0,2.0,0.0,2.0,5.0,2.0,1,0.0030959752321981426,2467.8844444444444,55151.0964402167,1,false
src/ooxml/java/org/apache/poi/xslf/model/geom/MultiplyDivideExpression.java,18.0,1.0,0.0,2.0,2.0,3.0,1,0.0030959752321981426,2467.8844444444444,55151.0964402167,1,false
src/ooxml/java/org/apache/poi/xslf/model/geom/Path.java,58.0,9.0,2.0,4.0,7.0,12.0,1,0.0030959752321981426,2467.8844444444444,55151.0964402167,1,false
src/ooxml/java/org/apache/poi/xslf/model/geom/PathCommand.java,18.0,1.0,0.0,1.0,0.0,2.0,1,0.0030959752321981426,2467.8844444444444,55151.0964402167,1,false
src/ooxml/java/org/apache/poi/xslf/model/geom/PinExpression.java,26.0,1.0,0.0,2.0,2.0,5.0,1,0.0030959752321981426,2467.8844444444444,55151.0964402167,1,false
src/ooxml/java/org/apache/poi/xslf/model/geom/PresetGeometries.java,28.0,5.0,3.0,3.0,8.0,9.0,1,0.0030959752321981426,2467.8844444444444,55151.0964402167,1,false
src/ooxml/java/org/apache/poi/xslf/model/geom/QuadToCommand.java,20.0,2.0,0.0,2.0,5.0,2.0,1,0.0030959752321981426,2467.8844444444444,55151.0964402167,1,false
src/ooxml/java/org/apache/poi/xslf/model/geom/SinArcTanExpression.java,23.0,1.0,0.0,2.0,4.0,3.0,1,0.0030959752321981426,2467.8844444444444,55151.0964402167,1,false
src/ooxml/java/org/apache/poi/xslf/model/geom/SinExpression.java,21.0,1.0,0.0,2.0,4.0,3.0,1,0.0030959752321981426,2467.8844444444444,55151.0964402167,1,false
src/ooxml/java/org/apache/poi/xslf/model/geom/SqrtExpression.java,19.0,1.0,0.0,2.0,3.0,3.0,1,0.0030959752321981426,2467.8844444444444,55151.0964402167,1,false
src/ooxml/java/org/apache/poi/xslf/model/geom/TanExpression.java,21.0,1.0,0.0,2.0,4.0,3.0,1,0.0030959752321981426,2467.8844444444444,55151.0964402167,1,false
src/ooxml/java/org/apache/poi/xslf/usermodel/DrawingParagraph.java,23.0,5.0,0.0,2.0,7.0,6.0,0,0.0,0.0,0.0,0,false
src/ooxml/java/org/apache/poi/xslf/usermodel/DrawingTable.java,14.0,3.0,0.0,2.0,3.0,4.0,0,0.0,0.0,0.0,0,false
src/ooxml/java/org/apache/poi/xslf/usermodel/DrawingTableRow.java,14.0,3.0,0.0,2.0,3.0,4.0,0,0.0,0.0,0.0,0,false
src/ooxml/java/org/apache/poi/xslf/usermodel/DrawingTextBody.java,14.0,3.0,0.0,2.0,3.0,4.0,1,0.0030959752321981426,2467.8844444444444,55151.0964402167,1,false
src/ooxml/java/org/apache/poi/xslf/usermodel/DrawingTextPlaceholder.java,29.0,3.0,0.0,4.0,4.0,7.0,0,0.0,0.0,0.0,0,false
src/ooxml/java/org/apache/poi/xslf/usermodel/LineCap.java,0.0,0.0,0.0,0.0,0.0,0.0,1,0.0030959752321981426,2467.8844444444444,55151.0964402167,1,false
src/ooxml/java/org/apache/poi/xslf/usermodel/LineDash.java,0.0,0.0,0.0,0.0,0.0,0.0,0,0.0,0.0,0.0,0,false
src/ooxml/java/org/apache/poi/xslf/usermodel/LineDecoration.java,0.0,0.0,0.0,0.0,0.0,0.0,0,0.0,0.0,0.0,0,false
src/ooxml/java/org/apache/poi/xslf/usermodel/LineEndLength.java,0.0,0.0,0.0,0.0,0.0,0.0,0,0.0,0.0,0.0,0,false
src/ooxml/java/org/apache/poi/xslf/usermodel/LineEndWidth.java,0.0,0.0,0.0,0.0,0.0,0.0,0,0.0,0.0,0.0,0,false
src/ooxml/java/org/apache/poi/xslf/usermodel/Placeholder.java,0.0,0.0,0.0,0.0,0.0,0.0,1,0.0030959752321981426,2467.8844444444444,55151.0964402167,1,false
src/ooxml/java/org/apache/poi/xslf/usermodel/RenderableShape.java,9.0,0.0,0.0,0.0,0.0,0.0,1,0.0030959752321981426,2467.8844444444444,55151.0964402167,1,false
src/ooxml/java/org/apache/poi/xslf/usermodel/TextAlign.java,0.0,0.0,0.0,0.0,0.0,0.0,1,0.0030959752321981426,2467.8844444444444,55151.0964402167,1,false
src/ooxml/java/org/apache/poi/xslf/usermodel/TextAutofit.java,0.0,0.0,0.0,0.0,0.0,0.0,0,0.0,0.0,0.0,0,false
src/ooxml/java/org/apache/poi/xslf/usermodel/TextDirection.java,0.0,0.0,0.0,0.0,0.0,0.0,0,0.0,0.0,0.0,0,false
src/ooxml/java/org/apache/poi/xslf/usermodel/VerticalAlignment.java,0.0,0.0,0.0,0.0,0.0,0.0,0,0.0,0.0,0.0,0,false
src/ooxml/java/org/apache/poi/xslf/usermodel/XMLSlideShow.java,240.0,33.0,134.0,21.0,106.0,64.0,1,0.0030959752321981426,2467.8844444444444,55151.0964402167,1,true
src/ooxml/java/org/apache/poi/xslf/usermodel/XSLFAutoShape.java,48.0,9.0,6.0,4.0,21.0,12.0,1,0.0030959752321981426,2467.8844444444444,55151.0964402167,1,false
src/ooxml/java/org/apache/poi/xslf/usermodel/XSLFBackground.java,36.0,10.0,3.0,3.0,21.0,7.0,1,0.0030959752321981426,2467.8844444444444,55151.0964402167,1,false
src/ooxml/java/org/apache/poi/xslf/usermodel/XSLFColor.java,445.0,14.0,514.0,33.0,78.0,92.0,1,0.0030959752321981426,2467.8844444444444,55151.0964402167,1,false
src/ooxml/java/org/apache/poi/xslf/usermodel/XSLFCommentAuthors.java,34.0,9.0,0.0,4.0,8.0,10.0,1,0.0030959752321981426,2467.8844444444444,55151.0964402167,1,false
src/ooxml/java/org/apache/poi/xslf/usermodel/XSLFComments.java,32.0,9.0,0.0,5.0,9.0,10.0,1,0.0030959752321981426,2467.8844444444444,55151.0964402167,1,false
src/ooxml/java/org/apache/poi/xslf/usermodel/XSLFCommonSlideData.java,66.0,17.0,4.0,4.0,30.0,15.0,0,0.0,0.0,0.0,0,false
src/ooxml/java/org/apache/poi/xslf/usermodel/XSLFConnectorShape.java,257.0,17.0,136.0,17.0,159.0,59.0,2,0.006191950464396285,2895.8844444444444,58256.90608203283,2,false
src/ooxml/java/org/apache/poi/xslf/usermodel/XSLFDrawing.java,68.0,9.0,0.0,8.0,34.0,17.0,1,0.0030959752321981426,2467.8844444444444,55151.0964402167,1,false
src/ooxml/java/org/apache/poi/xslf/usermodel/XSLFFactory.java,38.0,10.0,6.0,4.0,9.0,13.0,0,0.0,0.0,0.0,0,false
src/ooxml/java/org/apache/poi/xslf/usermodel/XSLFFreeformShape.java,133.0,19.0,10.0,5.0,66.0,18.0,2,0.006191950464396285,2895.8844444444444,58256.90608203283,2,false
src/ooxml/java/org/apache/poi/xslf/usermodel/XSLFGraphicFrame.java,98.0,8.0,88.0,16.0,34.0,33.0,1,0.0030959752321981426,2467.8844444444444,55151.0964402167,1,false
src/ooxml/java/org/apache/poi/xslf/usermodel/XSLFGroupShape.java,200.0,20.0,88.0,25.0,129.0,53.0,1,0.0030959752321981426,2467.8844444444444,55151.0964402167,1,true
src/ooxml/java/org/apache/poi/xslf/usermodel/XSLFHyperlink.java,30.0,5.0,0.0,5.0,25.0,7.0,0,0.0,0.0,0.0,0,false
src/ooxml/java/org/apache/poi/xslf/usermodel/XSLFImageRendener.java,56.0,8.0,1.0,2.0,8.0,7.0,1,0.0030959752321981426,2467.8844444444444,55151.0964402167,1,false
src/ooxml/java/org/apache/poi/xslf/usermodel/XSLFNotes.java,35.0,8.0,4.0,5.0,11.0,10.0,1,0.0030959752321981426,2467.8844444444444,55151.0964402167,1,true
src/ooxml/java/org/apache/poi/xslf/usermodel/XSLFNotesMaster.java,36.0,8.0,0.0,4.0,7.0,7.0,1,0.0030959752321981426,2467.8844444444444,55151.0964402167,1,true
src/ooxml/java/org/apache/poi/xslf/usermodel/XSLFPictureData.java,117.0,8.0,15.0,6.0,14.0,17.0,0,0.0,0.0,0.0,0,true
src/ooxml/java/org/apache/poi/xslf/usermodel/XSLFPictureShape.java,87.0,17.0,10.0,5.0,44.0,14.0,1,0.0030959752321981426,2467.8844444444444,55151.0964402167,1,true
src/ooxml/java/org/apache/poi/xslf/usermodel/XSLFRelation.java,46.0,7.0,0.0,2.0,3.0,7.0,0,0.0,0.0,0.0,0,true
src/ooxml/java/org/apache/poi/xslf/usermodel/XSLFRenderingHint.java,14.0,1.0,1.0,2.0,0.0,3.0,1,0.0030959752321981426,2467.8844444444444,55151.0964402167,1,false
src/ooxml/java/org/apache/poi/xslf/usermodel/XSLFShadow.java,70.0,4.0,22.0,8.0,31.0,15.0,1,0.0030959752321981426,2467.8844444444444,55151.0964402167,1,false
src/ooxml/java/org/apache/poi/xslf/usermodel/XSLFShape.java,61.0,4.0,91.0,14.0,13.0,19.0,1,0.0030959752321981426,2467.8844444444444,55151.0964402167,1,false
src/ooxml/java/org/apache/poi/xslf/usermodel/XSLFSheet.java,262.0,26.0,516.0,33.0,101.0,90.0,1,0.0030959752321981426,2467.8844444444444,55151.0964402167,1,true
src/ooxml/java/org/apache/poi/xslf/usermodel/XSLFSimpleShape.java,697.0,32.0,1215.0,51.0,326.0,160.0,1,0.0030959752321981426,2467.8844444444444,55151.0964402167,1,false
src/ooxml/java/org/apache/poi/xslf/usermodel/XSLFSlide.java,134.0,17.0,90.0,16.0,52.0,41.0,1,0.0030959752321981426,2467.8844444444444,55151.0964402167,1,false
src/ooxml/java/org/apache/poi/xslf/usermodel/XSLFSlideLayout.java,85.0,11.0,25.0,10.0,22.0,24.0,1,0.0030959752321981426,2467.8844444444444,55151.0964402167,1,false
src/ooxml/java/org/apache/poi/xslf/usermodel/XSLFSlideMaster.java,86.0,12.0,16.0,8.0,21.0,23.0,1,0.0030959752321981426,2467.8844444444444,55151.0964402167,1,false
src/ooxml/java/org/apache/poi/xslf/usermodel/XSLFTable.java,68.0,15.0,0.0,10.0,39.0,23.0,1,0.0030959752321981426,2467.8844444444444,55151.0964402167,1,true
src/ooxml/java/org/apache/poi/xslf/usermodel/XSLFTableCell.java,188.0,16.0,366.0,28.0,172.0,53.0,1,0.0030959752321981426,2467.8844444444444,55151.0964402167,1,true
src/ooxml/java/org/apache/poi/xslf/usermodel/XSLFTableRow.java,42.0,7.0,0.0,7.0,22.0,15.0,1,0.0030959752321981426,2467.8844444444444,55151.0964402167,1,false
src/ooxml/java/org/apache/poi/xslf/usermodel/XSLFTableStyle.java,19.0,1.0,0.0,4.0,2.0,7.0,0,0.0,0.0,0.0,0,false
src/ooxml/java/org/apache/poi/xslf/usermodel/XSLFTableStyles.java,24.0,12.0,2.0,5.0,8.0,11.0,1,0.0030959752321981426,2467.8844444444444,55151.0964402167,1,false
src/ooxml/java/org/apache/poi/xslf/usermodel/XSLFTextBox.java,46.0,10.0,3.0,3.0,24.0,7.0,1,0.0030959752321981426,2467.8844444444444,55151.0964402167,1,false
src/ooxml/java/org/apache/poi/xslf/usermodel/XSLFTextParagraph.java,591.0,23.0,825.0,46.0,283.0,153.0,1,0.0030959752321981426,2467.8844444444444,55151.0964402167,1,true
src/ooxml/java/org/apache/poi/xslf/usermodel/XSLFTextRun.java,287.0,11.0,444.0,36.0,149.0,102.0,1,0.0030959752321981426,2467.8844444444444,55151.0964402167,1,false
src/ooxml/java/org/apache/poi/xslf/usermodel/XSLFTextShape.java,390.0,17.0,531.0,34.0,157.0,105.0,1,0.0030959752321981426,2467.8844444444444,55151.0964402167,1,false
src/ooxml/java/org/apache/poi/xslf/usermodel/XSLFTheme.java,64.0,18.0,0.0,10.0,34.0,20.0,1,0.0030959752321981426,2467.8844444444444,55151.0964402167,1,true
src/ooxml/java/org/apache/poi/xslf/util/PPTX2PNG.java,54.0,13.0,0.0,1.0,18.0,7.0,1,0.0030959752321981426,2467.8844444444444,55151.0964402167,1,false
src/ooxml/java/org/apache/poi/xssf/eventusermodel/XSSFReader.java,202.0,25.0,0.0,9.0,21.0,34.0,1,0.0030959752321981426,496.2790697674419,9787.471223291477,1,true
src/ooxml/java/org/apache/poi/xssf/model/StylesTable.java,379.0,33.0,585.0,43.0,146.0,102.0,0,0.0,0.0,0.0,0,true
src/ooxml/java/org/apache/poi/xssf/model/ThemesTable.java,57.0,10.0,0.0,4.0,17.0,13.0,1,0.0030959752321981426,496.2790697674419,9787.471223291477,1,true
src/ooxml/java/org/apache/poi/xssf/streaming/SXSSFSheet.java,1064.0,10.0,0.0,106.0,128.0,264.0,1,0.0030959752321981426,2467.8844444444444,55151.0964402167,1,true
src/ooxml/java/org/apache/poi/xssf/streaming/SXSSFWorkbook.java,692.0,23.0,0.0,68.0,99.0,168.0,1,0.0030959752321981426,2467.8844444444444,55151.0964402167,1,true
src/ooxml/java/org/apache/poi/xssf/usermodel/XSSFBorderFormatting.java,109.0,6.0,0.0,21.0,100.0,51.0,0,0.0,0.0,0.0,0,false
src/ooxml/java/org/apache/poi/xssf/usermodel/XSSFConditionalFormatting.java,63.0,5.0,0.0,8.0,16.0,14.0,0,0.0,0.0,0.0,0,false
src/ooxml/java/org/apache/poi/xssf/usermodel/XSSFConditionalFormattingRule.java,172.0,12.0,35.0,14.0,39.0,51.0,0,0.0,0.0,0.0,0,false
src/ooxml/java/org/apache/poi/xssf/usermodel/XSSFDrawing.java,262.0,27.0,160.0,20.0,101.0,47.0,2,0.006191950464396285,2964.163514211886,64938.567663508176,2,true
src/ooxml/java/org/apache/poi/xssf/usermodel/XSSFFontFormatting.java,151.0,14.0,0.0,14.0,46.0,39.0,0,0.0,0.0,0.0,0,false
src/ooxml/java/org/apache/poi/xssf/usermodel/XSSFPatternFormatting.java,38.0,5.0,0.0,7.0,32.0,16.0,0,0.0,0.0,0.0,0,false
src/ooxml/java/org/apache/poi/xssf/usermodel/XSSFSheet.java,2542.0,86.0,11885.0,210.0,889.0,650.0,1,0.0030959752321981426,496.2790697674419,9787.471223291477,1,true
src/ooxml/java/org/apache/poi/xssf/usermodel/XSSFSheetConditionalFormatting.java,170.0,16.0,10.0,12.0,41.0,34.0,0,0.0,0.0,0.0,0,true
src/ooxml/java/org/apache/poi/xssf/usermodel/XSSFWorkbook.java,1269.0,42.0,3106.0,96.0,357.0,287.0,1,0.0030959752321981426,2467.8844444444444,55151.0964402167,1,true
src/ooxml/java/org/apache/poi/xssf/usermodel/charts/XSSFChartAxis.java,184.0,16.0,378.0,28.0,62.0,70.0,0,0.0,0.0,0.0,0,true
src/ooxml/java/org/apache/poi/xssf/usermodel/charts/XSSFChartDataFactory.java,24.0,2.0,3.0,3.0,0.0,6.0,0,0.0,0.0,0.0,0,true
src/ooxml/java/org/apache/poi/xssf/usermodel/charts/XSSFChartLegend.java,76.0,9.0,1.0,7.0,17.0,20.0,0,0.0,0.0,0.0,0,false
src/ooxml/java/org/apache/poi/xssf/usermodel/charts/XSSFChartUtil.java,84.0,2.0,36.0,9.0,41.0,17.0,0,0.0,0.0,0.0,0,false
src/ooxml/java/org/apache/poi/xssf/usermodel/charts/XSSFManualLayout.java,191.0,14.0,0.0,26.0,82.0,69.0,1,0.0030959752321981426,2467.8844444444444,55151.0964402167,1,false
src/ooxml/java/org/apache/poi/xssf/usermodel/charts/XSSFScatterChartData.java,83.0,10.0,0.0,5.0,13.0,12.0,0,0.0,0.0,0.0,0,true
src/ooxml/java/org/apache/poi/xssf/usermodel/charts/XSSFValueAxis.java,76.0,16.0,0.0,13.0,34.0,26.0,0,0.0,0.0,0.0,0,true
src/ooxml/java/org/apache/poi/xssf/usermodel/helpers/XSSFRowShifter.java,193.0,17.0,15.0,10.0,73.0,34.0,0,0.0,0.0,0.0,0,true
src/ooxml/java/org/apache/poi/xwpf/usermodel/XWPFDocument.java,1041.0,53.0,2823.0,83.0,313.0,269.0,2,0.006191950464396285,2964.163514211886,64938.567663508176,2,true
src/ooxml/java/org/apache/poi/xwpf/usermodel/XWPFPicture.java,49.0,4.0,0.0,5.0,14.0,10.0,0,0.0,0.0,0.0,0,true
src/ooxml/testcases/org/apache/poi/openxml4j/opc/TestPackagingURIHelper.java,64.0,9.0,6.0,4.0,20.0,13.0,0,0.0,0.0,0.0,0,true
src/ooxml/testcases/org/apache/poi/openxml4j/opc/TestRelationships.java,201.0,6.0,22.0,8.0,112.0,21.0,0,0.0,0.0,0.0,0,true
src/ooxml/testcases/org/apache/poi/openxml4j/opc/compliance/TestOPCCompliancePackageModel.java,117.0,12.0,10.0,5.0,24.0,20.0,0,0.0,0.0,0.0,0,true
src/ooxml/testcases/org/apache/poi/ss/TestWorkbookFactory.java,45.0,8.0,0.0,3.0,11.0,6.0,0,0.0,0.0,0.0,0,true
src/ooxml/testcases/org/apache/poi/xslf/TestXSLFBugs.java,53.0,9.0,1.0,2.0,24.0,6.0,1,0.0030959752321981426,2467.8844444444444,55151.0964402167,1,true
src/ooxml/testcases/org/apache/poi/xslf/XSLFTestDataSamples.java,25.0,6.0,1.0,2.0,6.0,8.0,1,0.0030959752321981426,2467.8844444444444,55151.0964402167,1,true
src/ooxml/testcases/org/apache/poi/xslf/extractor/TestXSLFPowerPointExtractor.java,96.0,4.0,0.0,6.0,41.0,16.0,1,0.0030959752321981426,2467.8844444444444,55151.0964402167,1,true
src/ooxml/testcases/org/apache/poi/xslf/geom/TestFormulaParser.java,21.0,3.0,0.0,1.0,4.0,2.0,1,0.0030959752321981426,2467.8844444444444,55151.0964402167,1,false
src/ooxml/testcases/org/apache/poi/xslf/geom/TestPresetGeometries.java,26.0,5.0,3.0,3.0,7.0,7.0,1,0.0030959752321981426,2467.8844444444444,55151.0964402167,1,false
src/ooxml/testcases/org/apache/poi/xslf/usermodel/TestPPTX2PNG.java,18.0,5.0,0.0,1.0,5.0,2.0,1,0.0030959752321981426,2467.8844444444444,55151.0964402167,1,false
src/ooxml/testcases/org/apache/poi/xslf/usermodel/TestXMLSlideShow.java,88.0,9.0,0.0,6.0,55.0,17.0,1,0.0030959752321981426,2467.8844444444444,55151.0964402167,1,false
src/ooxml/testcases/org/apache/poi/xslf/usermodel/TestXSLFAutoShape.java,210.0,4.0,3.0,3.0,109.0,4.0,1,0.0030959752321981426,2467.8844444444444,55151.0964402167,1,false
src/ooxml/testcases/org/apache/poi/xslf/usermodel/TestXSLFColor.java,95.0,8.0,10.0,5.0,59.0,6.0,1,0.0030959752321981426,2467.8844444444444,55151.0964402167,1,false
src/ooxml/testcases/org/apache/poi/xslf/usermodel/TestXSLFConnectorShape.java,73.0,10.0,0.0,1.0,29.0,1.0,1,0.0030959752321981426,2467.8844444444444,55151.0964402167,1,false
src/ooxml/testcases/org/apache/poi/xslf/usermodel/TestXSLFFreeformShape.java,18.0,4.0,0.0,1.0,10.0,2.0,1,0.0030959752321981426,2467.8844444444444,55151.0964402167,1,false
src/ooxml/testcases/org/apache/poi/xslf/usermodel/TestXSLFGroupShape.java,60.0,3.0,1.0,2.0,19.0,2.0,1,0.0030959752321981426,2467.8844444444444,55151.0964402167,1,false
src/ooxml/testcases/org/apache/poi/xslf/usermodel/TestXSLFHyperlink.java,61.0,11.0,1.0,2.0,34.0,3.0,1,0.0030959752321981426,2467.8844444444444,55151.0964402167,1,false
src/ooxml/testcases/org/apache/poi/xslf/usermodel/TestXSLFPictureShape.java,32.0,7.0,0.0,1.0,15.0,1.0,1,0.0030959752321981426,2467.8844444444444,55151.0964402167,1,true
src/ooxml/testcases/org/apache/poi/xslf/usermodel/TestXSLFShape.java,62.0,4.0,1.0,2.0,26.0,2.0,1,0.0030959752321981426,2467.8844444444444,55151.0964402167,1,false
src/ooxml/testcases/org/apache/poi/xslf/usermodel/TestXSLFSheet.java,37.0,2.0,0.0,1.0,11.0,1.0,1,0.0030959752321981426,2467.8844444444444,55151.0964402167,1,false
src/ooxml/testcases/org/apache/poi/xslf/usermodel/TestXSLFSimpleShape.java,157.0,9.0,6.0,4.0,70.0,5.0,1,0.0030959752321981426,2467.8844444444444,55151.0964402167,1,false
src/ooxml/testcases/org/apache/poi/xslf/usermodel/TestXSLFSlide.java,66.0,4.0,1.0,2.0,16.0,3.0,1,0.0030959752321981426,2467.8844444444444,55151.0964402167,1,false
src/ooxml/testcases/org/apache/poi/xslf/usermodel/TestXSLFSlideShow.java,65.0,5.0,10.0,5.0,32.0,5.0,1,0.0030959752321981426,2467.8844444444444,55151.0964402167,1,false
src/ooxml/testcases/org/apache/poi/xslf/usermodel/TestXSLFTable.java,101.0,8.0,1.0,2.0,68.0,3.0,1,0.0030959752321981426,2467.8844444444444,55151.0964402167,1,true
src/ooxml/testcases/org/apache/poi/xslf/usermodel/TestXSLFTableStyles.java,11.0,8.0,0.0,1.0,5.0,1.0,1,0.0030959752321981426,2467.8844444444444,55151.0964402167,1,false
src/ooxml/testcases/org/apache/poi/xslf/usermodel/TestXSLFTextBox.java,15.0,1.0,0.0,1.0,6.0,1.0,1,0.0030959752321981426,2467.8844444444444,55151.0964402167,1,false
src/ooxml/testcases/org/apache/poi/xslf/usermodel/TestXSLFTextShape.java,417.0,6.0,36.0,9.0,249.0,25.0,1,0.0030959752321981426,2467.8844444444444,55151.0964402167,1,false
src/ooxml/testcases/org/apache/poi/xslf/usermodel/TestXSLFTheme.java,13.0,2.0,0.0,1.0,7.0,1.0,1,0.0030959752321981426,2467.8844444444444,55151.0964402167,1,false
src/ooxml/testcases/org/apache/poi/xssf/SXSSFITestDataProvider.java,40.0,10.0,21.0,7.0,5.0,16.0,1,0.0030959752321981426,2467.8844444444444,55151.0964402167,1,false
src/ooxml/testcases/org/apache/poi/xssf/eventusermodel/TestXSSFReader.java,104.0,9.0,1.0,7.0,63.0,21.0,1,0.0030959752321981426,496.2790697674419,9787.471223291477,1,true
src/ooxml/testcases/org/apache/poi/xssf/usermodel/TestXSSFBugs.java,854.0,32.0,561.0,34.0,397.0,88.0,1,0.0030959752321981426,496.2790697674419,9787.471223291477,1,true
src/ooxml/testcases/org/apache/poi/xssf/usermodel/TestXSSFChartSheet.java,34.0,3.0,3.0,3.0,27.0,7.0,0,0.0,0.0,0.0,0,false
src/ooxml/testcases/org/apache/poi/xssf/usermodel/TestXSSFConditionalFormatting.java,11.0,2.0,1.0,2.0,1.0,2.0,0,0.0,0.0,0.0,0,false
src/ooxml/testcases/org/apache/poi/xssf/usermodel/TestXSSFDrawing.java,62.0,6.0,3.0,3.0,52.0,4.0,2,0.006191950464396285,2964.163514211886,64938.567663508176,2,true
src/ooxml/testcases/org/apache/poi/xssf/usermodel/TestXSSFSheet.java,807.0,12.0,406.0,29.0,322.0,38.0,0,0.0,0.0,0.0,0,true
src/ooxml/testcases/org/apache/poi/xssf/usermodel/TestXSSFWorkbook.java,299.0,17.0,120.0,16.0,165.0,24.0,0,0.0,0.0,0.0,0,true
src/ooxml/testcases/org/apache/poi/xssf/usermodel/charts/TestXSSFScatterChartData.java,24.0,6.0,0.0,1.0,19.0,2.0,0,0.0,0.0,0.0,0,true
src/ooxml/testcases/org/apache/poi/xssf/usermodel/streaming/TestSXSSFCell.java,41.0,2.0,6.0,4.0,17.0,8.0,1,0.0030959752321981426,2467.8844444444444,55151.0964402167,1,true
src/ooxml/testcases/org/apache/poi/xssf/usermodel/streaming/TestSXSSFWorkbook.java,94.0,7.0,10.0,5.0,27.0,8.0,1,0.0030959752321981426,2467.8844444444444,55151.0964402167,1,true
src/ooxml/testcases/org/apache/poi/xwpf/usermodel/TestXWPFDocument.java,217.0,17.0,105.0,15.0,161.0,38.0,0,0.0,0.0,0.0,0,true
src/ooxml/testcases/org/apache/poi/xwpf/usermodel/TestXWPFPictureData.java,84.0,9.0,15.0,6.0,54.0,15.0,1,0.0030959752321981426,2467.8844444444444,55151.0964402167,1,true
src/scratchpad/src/org/apache/poi/hdf/event/EventBridge.java,311.0,5.0,112.0,20.0,84.0,44.0,0,0.0,0.0,0.0,0,false
src/scratchpad/src/org/apache/poi/hdf/event/HDFLowLevelParsingListener.java,15.0,8.0,78.0,13.0,0.0,13.0,0,0.0,0.0,0.0,0,false
src/scratchpad/src/org/apache/poi/hdf/event/HDFParsingListener.java,11.0,5.0,36.0,9.0,0.0,9.0,0,0.0,0.0,0.0,0,false
src/scratchpad/src/org/apache/poi/hdf/extractor/CHP.java,142.0,0.0,0.0,3.0,1.0,6.0,0,0.0,0.0,0.0,0,false
src/scratchpad/src/org/apache/poi/hdf/extractor/FontTable.java,31.0,0.0,0.0,2.0,5.0,6.0,0,0.0,0.0,0.0,0,false
src/scratchpad/src/org/apache/poi/hdf/extractor/HeaderFooter.java,29.0,0.0,0.0,4.0,0.0,7.0,0,0.0,0.0,0.0,0,false
src/scratchpad/src/org/apache/poi/hdf/extractor/NewOleFile.java,156.0,2.0,32.0,9.0,30.0,35.0,0,0.0,0.0,0.0,0,false
src/scratchpad/src/org/apache/poi/hdf/extractor/PAP.java,99.0,0.0,0.0,2.0,1.0,4.0,0,0.0,0.0,0.0,0,false
src/scratchpad/src/org/apache/poi/hdf/extractor/PropertySet.java,30.0,0.0,0.0,3.0,0.0,5.0,0,0.0,0.0,0.0,0,false
src/scratchpad/src/org/apache/poi/hdf/extractor/SEP.java,73.0,0.0,0.0,1.0,0.0,1.0,0,0.0,0.0,0.0,0,false
src/scratchpad/src/org/apache/poi/hdf/extractor/StyleDescription.java,79.0,0.0,18.0,9.0,2.0,18.0,0,0.0,0.0,0.0,0,false
src/scratchpad/src/org/apache/poi/hdf/extractor/StyleSheet.java,1094.0,0.0,54.0,12.0,46.0,49.0,0,0.0,0.0,0.0,0,false
src/scratchpad/src/org/apache/poi/hdf/extractor/TAP.java,23.0,0.0,0.0,1.0,0.0,1.0,0,0.0,0.0,0.0,0,false
src/scratchpad/src/org/apache/poi/hdf/extractor/TC.java,41.0,0.0,1.0,2.0,1.0,3.0,0,0.0,0.0,0.0,0,false
src/scratchpad/src/org/apache/poi/hdf/extractor/TableRow.java,18.0,1.0,0.0,3.0,0.0,5.0,0,0.0,0.0,0.0,0,false
src/scratchpad/src/org/apache/poi/hdf/extractor/TextPiece.java,19.0,1.0,1.0,3.0,0.0,5.0,0,0.0,0.0,0.0,0,false
src/scratchpad/src/org/apache/poi/hdf/extractor/Utils.java,28.0,0.0,15.0,6.0,4.0,12.0,0,0.0,0.0,0.0,0,false
src/scratchpad/src/org/apache/poi/hdf/extractor/WordDocument.java,1273.0,7.0,884.0,49.0,219.0,155.0,0,0.0,0.0,0.0,0,true
src/scratchpad/src/org/apache/poi/hdf/extractor/data/DOP.java,15.0,0.0,0.0,1.0,0.0,1.0,0,0.0,0.0,0.0,0,false
src/scratchpad/src/org/apache/poi/hdf/extractor/data/LFO.java,11.0,0.0,0.0,1.0,0.0,1.0,0,0.0,0.0,0.0,0,false
src/scratchpad/src/org/apache/poi/hdf/extractor/data/LFOLVL.java,13.0,0.0,0.0,1.0,0.0,1.0,0,0.0,0.0,0.0,0,false
src/scratchpad/src/org/apache/poi/hdf/extractor/data/LST.java,13.0,0.0,0.0,1.0,0.0,1.0,0,0.0,0.0,0.0,0,false
src/scratchpad/src/org/apache/poi/hdf/extractor/data/LVL.java,32.0,0.0,1.0,2.0,1.0,4.0,0,0.0,0.0,0.0,0,false
src/scratchpad/src/org/apache/poi/hdf/extractor/data/ListTables.java,121.0,2.0,6.0,5.0,20.0,16.0,0,0.0,0.0,0.0,0,true
src/scratchpad/src/org/apache/poi/hdf/extractor/util/BTreeSet.java,452.0,1.0,29.0,11.0,6.0,20.0,0,0.0,0.0,0.0,0,true
src/scratchpad/src/org/apache/poi/hdf/extractor/util/ChpxNode.java,12.0,0.0,1.0,2.0,0.0,3.0,0,0.0,0.0,0.0,0,false
src/scratchpad/src/org/apache/poi/hdf/extractor/util/NumberFormatter.java,35.0,0.0,1.0,2.0,1.0,4.0,0,0.0,0.0,0.0,0,false
src/scratchpad/src/org/apache/poi/hdf/extractor/util/PapxNode.java,12.0,0.0,1.0,2.0,0.0,3.0,0,0.0,0.0,0.0,0,false
src/scratchpad/src/org/apache/poi/hdf/extractor/util/PropertyNode.java,35.0,0.0,0.0,5.0,1.0,11.0,0,0.0,0.0,0.0,0,false
src/scratchpad/src/org/apache/poi/hdf/extractor/util/SepxNode.java,16.0,0.0,3.0,3.0,1.0,5.0,0,0.0,0.0,0.0,0,false
src/scratchpad/src/org/apache/poi/hdf/model/HDFDocument.java,11.0,4.0,1.0,2.0,0.0,4.0,0,0.0,0.0,0.0,0,false
src/scratchpad/src/org/apache/poi/hdf/model/HDFObjectFactory.java,374.0,11.0,0.0,16.0,118.0,54.0,0,0.0,0.0,0.0,0,true
src/scratchpad/src/org/apache/poi/hdf/model/HDFObjectModel.java,81.0,10.0,89.0,14.0,5.0,14.0,0,0.0,0.0,0.0,0,false
src/scratchpad/src/org/apache/poi/hdf/model/hdftypes/CHPFormattedDiskPage.java,39.0,1.0,1.0,2.0,2.0,5.0,0,0.0,0.0,0.0,0,false
src/scratchpad/src/org/apache/poi/hdf/model/hdftypes/CharacterProperties.java,31.0,1.0,1.0,2.0,16.0,4.0,0,0.0,0.0,0.0,0,false
src/scratchpad/src/org/apache/poi/hdf/model/hdftypes/ChpxNode.java,12.0,0.0,1.0,2.0,0.0,3.0,0,0.0,0.0,0.0,0,false
src/scratchpad/src/org/apache/poi/hdf/model/hdftypes/DocumentProperties.java,25.0,1.0,0.0,1.0,1.0,1.0,0,0.0,0.0,0.0,0,false
src/scratchpad/src/org/apache/poi/hdf/model/hdftypes/FileInformationBlock.java,12.0,1.0,0.0,1.0,1.0,2.0,0,0.0,0.0,0.0,0,false
src/scratchpad/src/org/apache/poi/hdf/model/hdftypes/FontTable.java,28.0,1.0,0.0,2.0,3.0,5.0,0,0.0,0.0,0.0,0,false
src/scratchpad/src/org/apache/poi/hdf/model/hdftypes/FormattedDiskPage.java,52.0,1.0,2.0,5.0,3.0,8.0,0,0.0,0.0,0.0,0,false
src/scratchpad/src/org/apache/poi/hdf/model/hdftypes/HDFType.java,5.0,0.0,0.0,0.0,0.0,0.0,0,0.0,0.0,0.0,0,false
src/scratchpad/src/org/apache/poi/hdf/model/hdftypes/HeaderFooter.java,29.0,0.0,0.0,4.0,0.0,7.0,0,0.0,0.0,0.0,0,false
src/scratchpad/src/org/apache/poi/hdf/model/hdftypes/LFO.java,11.0,0.0,0.0,1.0,0.0,1.0,0,0.0,0.0,0.0,0,false
src/scratchpad/src/org/apache/poi/hdf/model/hdftypes/LFOLVL.java,13.0,0.0,0.0,1.0,0.0,1.0,0,0.0,0.0,0.0,0,false
src/scratchpad/src/org/apache/poi/hdf/model/hdftypes/LST.java,13.0,0.0,0.0,1.0,0.0,1.0,0,0.0,0.0,0.0,0,false
src/scratchpad/src/org/apache/poi/hdf/model/hdftypes/LVL.java,34.0,0.0,1.0,2.0,1.0,4.0,0,0.0,0.0,0.0,0,false
src/scratchpad/src/org/apache/poi/hdf/model/hdftypes/ListTables.java,132.0,2.0,6.0,5.0,20.0,18.0,0,0.0,0.0,0.0,0,true
src/scratchpad/src/org/apache/poi/hdf/model/hdftypes/PAPFormattedDiskPage.java,41.0,1.0,1.0,2.0,2.0,6.0,0,0.0,0.0,0.0,0,false
src/scratchpad/src/org/apache/poi/hdf/model/hdftypes/PapxNode.java,12.0,0.0,1.0,2.0,0.0,3.0,0,0.0,0.0,0.0,0,false
src/scratchpad/src/org/apache/poi/hdf/model/hdftypes/ParagraphProperties.java,60.0,1.0,1.0,2.0,36.0,4.0,0,0.0,0.0,0.0,0,false
src/scratchpad/src/org/apache/poi/hdf/model/hdftypes/PlexOfCps.java,43.0,0.0,0.0,4.0,0.0,8.0,0,0.0,0.0,0.0,0,false
src/scratchpad/src/org/apache/poi/hdf/model/hdftypes/PropertyNode.java,53.0,0.0,0.0,5.0,1.0,14.0,0,0.0,0.0,0.0,0,false
src/scratchpad/src/org/apache/poi/hdf/model/hdftypes/SectionProperties.java,24.0,1.0,0.0,1.0,16.0,1.0,0,0.0,0.0,0.0,0,false
src/scratchpad/src/org/apache/poi/hdf/model/hdftypes/SepxNode.java,16.0,0.0,3.0,3.0,1.0,5.0,0,0.0,0.0,0.0,0,false
src/scratchpad/src/org/apache/poi/hdf/model/hdftypes/StyleDescription.java,79.0,1.0,18.0,9.0,2.0,18.0,0,0.0,0.0,0.0,0,false
src/scratchpad/src/org/apache/poi/hdf/model/hdftypes/StyleSheet.java,1245.0,2.0,54.0,12.0,236.0,58.0,0,0.0,0.0,0.0,0,false
src/scratchpad/src/org/apache/poi/hdf/model/hdftypes/TableCellDescriptor.java,33.0,2.0,1.0,2.0,9.0,3.0,0,0.0,0.0,0.0,0,false
src/scratchpad/src/org/apache/poi/hdf/model/hdftypes/TableProperties.java,8.0,1.0,0.0,1.0,0.0,1.0,0,0.0,0.0,0.0,0,false
src/scratchpad/src/org/apache/poi/hdf/model/hdftypes/TextPiece.java,25.0,0.0,0.0,2.0,0.0,4.0,0,0.0,0.0,0.0,0,false
src/scratchpad/src/org/apache/poi/hdf/model/hdftypes/definitions/CHPAbstractType.java,926.0,3.0,8479.0,142.0,54.0,341.0,0,0.0,0.0,0.0,0,false
src/scratchpad/src/org/apache/poi/hdf/model/hdftypes/definitions/DOPAbstractType.java,2268.0,5.0,37953.0,295.0,340.0,565.0,0,0.0,0.0,0.0,0,false
src/scratchpad/src/org/apache/poi/hdf/model/hdftypes/definitions/FIBAbstractType.java,4594.0,5.0,131982.0,521.0,304.0,1259.0,0,0.0,0.0,0.0,0,false
src/scratchpad/src/org/apache/poi/hdf/model/hdftypes/definitions/PAPAbstractType.java,926.0,3.0,9823.0,142.0,6.0,347.0,0,0.0,0.0,0.0,0,false
src/scratchpad/src/org/apache/poi/hdf/model/hdftypes/definitions/SEPAbstractType.java,783.0,1.0,7022.0,120.0,0.0,298.0,0,0.0,0.0,0.0,0,false
src/scratchpad/src/org/apache/poi/hdf/model/hdftypes/definitions/TAPAbstractType.java,224.0,1.0,529.0,34.0,0.0,83.0,0,0.0,0.0,0.0,0,false
src/scratchpad/src/org/apache/poi/hdf/model/hdftypes/definitions/TCAbstractType.java,198.0,3.0,119.0,30.0,16.0,57.0,0,0.0,0.0,0.0,0,false
src/scratchpad/src/org/apache/poi/hdf/model/util/BTreeSet.java,493.0,2.0,30.0,12.0,11.0,26.0,0,0.0,0.0,0.0,0,true
src/scratchpad/src/org/apache/poi/hdf/model/util/NumberFormatter.java,35.0,0.0,1.0,2.0,1.0,4.0,0,0.0,0.0,0.0,0,false
src/scratchpad/src/org/apache/poi/hdf/model/util/ParsingState.java,22.0,1.0,0.0,5.0,0.0,8.0,0,0.0,0.0,0.0,0,false
src/scratchpad/src/org/apache/poi/hslf/HSLFSlideShow.java,393.0,33.0,222.0,24.0,81.0,86.0,1,0.0030959752321981426,496.2790697674419,9787.471223291477,1,true
src/scratchpad/src/org/apache/poi/hslf/extractor/PowerPointExtractor.java,220.0,13.0,133.0,18.0,33.0,45.0,1,0.0030959752321981426,2467.8844444444444,55151.0964402167,1,true
src/scratchpad/src/org/apache/poi/hslf/model/OLEShape.java,116.0,7.0,36.0,9.0,25.0,24.0,0,0.0,0.0,0.0,0,true
src/scratchpad/src/org/apache/poi/hslf/model/Shape.java,320.0,7.0,262.0,28.0,79.0,68.0,1,0.0030959752321981426,2467.8844444444444,55151.0964402167,1,true
src/scratchpad/src/org/apache/poi/hslf/model/ShapeFactory.java,108.0,6.0,4.0,4.0,28.0,21.0,0,0.0,0.0,0.0,0,true
src/scratchpad/src/org/apache/poi/hslf/model/TextShape.java,447.0,29.0,466.0,32.0,121.0,82.0,0,0.0,0.0,0.0,0,true
src/scratchpad/src/org/apache/poi/hslf/record/ExOleObjStg.java,134.0,5.0,37.0,14.0,13.0,29.0,0,0.0,0.0,0.0,0,true
src/scratchpad/src/org/apache/poi/hsmf/MAPIMessage.java,476.0,29.0,330.0,36.0,47.0,131.0,1,0.0030959752321981426,496.2790697674419,9787.471223291477,1,true
src/scratchpad/src/org/apache/poi/hsmf/parsers/POIFSChunkParser.java,119.0,19.0,6.0,4.0,23.0,21.0,1,0.0030959752321981426,496.2790697674419,9787.471223291477,1,true
src/scratchpad/src/org/apache/poi/hssf/converter/AbstractExcelConverter.java,120.0,13.0,141.0,18.0,24.0,37.0,0,0.0,0.0,0.0,0,false
src/scratchpad/src/org/apache/poi/hssf/converter/AbstractExcelUtils.java,125.0,11.0,36.0,9.0,9.0,30.0,1,0.0030959752321981426,2467.8844444444444,55151.0964402167,1,false
src/scratchpad/src/org/apache/poi/hssf/converter/ExcelToFoConverter.java,469.0,30.0,95.0,23.0,195.0,78.0,1,0.0030959752321981426,428.00000000000006,3105.8096418161294,1,false
src/scratchpad/src/org/apache/poi/hssf/converter/ExcelToFoUtils.java,2.0,1.0,0.0,0.0,0.0,0.0,0,0.0,0.0,0.0,0,false
src/scratchpad/src/org/apache/poi/hssf/converter/ExcelToHtmlConverter.java,433.0,30.0,188.0,28.0,179.0,80.0,1,0.0030959752321981426,428.00000000000006,3105.8096418161294,1,false
src/scratchpad/src/org/apache/poi/hssf/converter/ExcelToHtmlUtils.java,46.0,4.0,1.0,2.0,11.0,8.0,0,0.0,0.0,0.0,0,false
src/scratchpad/src/org/apache/poi/hwpf/HWPFDocument.java,563.0,51.0,493.0,34.0,105.0,81.0,1,0.0030959752321981426,428.00000000000006,3105.8096418161294,1,true
src/scratchpad/src/org/apache/poi/hwpf/HWPFDocumentCore.java,149.0,22.0,149.0,18.0,10.0,40.0,0,0.0,0.0,0.0,0,true
src/scratchpad/src/org/apache/poi/hwpf/HWPFOldDocument.java,72.0,13.0,24.0,8.0,21.0,21.0,1,0.0030959752321981426,428.00000000000006,3105.8096418161294,1,false
src/scratchpad/src/org/apache/poi/hwpf/converter/AbstractWordConverter.java,619.0,37.0,987.0,46.0,182.0,112.0,1,0.0030959752321981426,428.00000000000006,3105.8096418161294,1,true
src/scratchpad/src/org/apache/poi/hwpf/converter/AbstractWordUtils.java,325.0,28.0,188.0,20.0,68.0,75.0,0,0.0,0.0,0.0,0,true
src/scratchpad/src/org/apache/poi/hwpf/converter/DefaultFontReplacer.java,35.0,1.0,0.0,1.0,4.0,4.0,0,0.0,0.0,0.0,0,false
src/scratchpad/src/org/apache/poi/hwpf/converter/FoDocumentFacade.java,198.0,6.0,153.0,42.0,73.0,81.0,0,0.0,0.0,0.0,0,true
src/scratchpad/src/org/apache/poi/hwpf/converter/FontReplacer.java,8.0,1.0,0.0,1.0,0.0,1.0,0,0.0,0.0,0.0,0,false
src/scratchpad/src/org/apache/poi/hwpf/converter/HtmlDocumentFacade.java,165.0,6.0,8.0,33.0,55.0,63.0,1,0.0030959752321981426,428.00000000000006,3105.8096418161294,1,false
src/scratchpad/src/org/apache/poi/hwpf/converter/NumberFormatter.java,77.0,1.0,3.0,3.0,8.0,15.0,0,0.0,0.0,0.0,0,false
src/scratchpad/src/org/apache/poi/hwpf/converter/PicturesManager.java,24.0,2.0,0.0,1.0,0.0,4.0,1,0.0030959752321981426,428.00000000000006,3105.8096418161294,1,false
src/scratchpad/src/org/apache/poi/hwpf/converter/TextDocumentFacade.java,100.0,4.0,0.0,20.0,30.0,37.0,0,0.0,0.0,0.0,0,false
src/scratchpad/src/org/apache/poi/hwpf/converter/WordToFoConverter.java,314.0,35.0,0.0,25.0,153.0,61.0,1,0.0030959752321981426,428.00000000000006,3105.8096418161294,1,false
src/scratchpad/src/org/apache/poi/hwpf/converter/WordToFoUtils.java,166.0,8.0,91.0,14.0,85.0,35.0,0,0.0,0.0,0.0,0,false
src/scratchpad/src/org/apache/poi/hwpf/converter/WordToHtmlConverter.java,381.0,31.0,0.0,25.0,165.0,56.0,1,0.0030959752321981426,428.00000000000006,3105.8096418161294,1,false
src/scratchpad/src/org/apache/poi/hwpf/converter/WordToHtmlUtils.java,122.0,7.0,66.0,12.0,67.0,29.0,0,0.0,0.0,0.0,0,false
src/scratchpad/src/org/apache/poi/hwpf/converter/WordToTextConverter.java,216.0,34.0,284.0,32.0,94.0,66.0,1,0.0030959752321981426,428.00000000000006,3105.8096418161294,1,false
src/scratchpad/src/org/apache/poi/hwpf/dev/FieldIterator.java,99.0,1.0,4.0,4.0,10.0,15.0,1,0.0030959752321981426,428.00000000000006,3105.8096418161294,1,false
src/scratchpad/src/org/apache/poi/hwpf/dev/HWPFLister.java,414.0,50.0,60.0,25.0,159.0,83.0,0,0.0,0.0,0.0,0,false
src/scratchpad/src/org/apache/poi/hwpf/dev/RecordUtil.java,124.0,1.0,78.0,13.0,43.0,43.0,0,0.0,0.0,0.0,0,false
src/scratchpad/src/org/apache/poi/hwpf/extractor/Word6Extractor.java,76.0,10.0,13.0,7.0,15.0,17.0,0,0.0,0.0,0.0,0,false
src/scratchpad/src/org/apache/poi/hwpf/extractor/WordExtractor.java,192.0,11.0,63.0,18.0,48.0,48.0,0,0.0,0.0,0.0,0,false
src/scratchpad/src/org/apache/poi/hwpf/model/BookmarkFirstDescriptor.java,38.0,2.0,21.0,7.0,3.0,17.0,0,0.0,0.0,0.0,0,false
src/scratchpad/src/org/apache/poi/hwpf/model/BookmarksTables.java,106.0,8.0,6.0,17.0,49.0,45.0,0,0.0,0.0,0.0,0,false
src/scratchpad/src/org/apache/poi/hwpf/model/CHPBinTable.java,287.0,23.0,24.0,12.0,83.0,39.0,1,0.0030959752321981426,2467.8844444444444,55151.0964402167,1,true
src/scratchpad/src/org/apache/poi/hwpf/model/CHPFormattedDiskPage.java,118.0,6.0,23.0,10.0,21.0,23.0,1,0.0030959752321981426,2467.8844444444444,55151.0964402167,1,true
src/scratchpad/src/org/apache/poi/hwpf/model/CHPX.java,36.0,4.0,21.0,7.0,10.0,12.0,0,0.0,0.0,0.0,0,true
src/scratchpad/src/org/apache/poi/hwpf/model/CachedPropertyNode.java,18.0,3.0,4.0,4.0,1.0,7.0,0,0.0,0.0,0.0,0,false
src/scratchpad/src/org/apache/poi/hwpf/model/CharIndexTranslator.java,51.0,1.0,21.0,7.0,0.0,19.0,0,0.0,0.0,0.0,0,true
src/scratchpad/src/org/apache/poi/hwpf/model/Colorref.java,90.0,2.0,0.0,13.0,7.0,28.0,0,0.0,0.0,0.0,0,false
src/scratchpad/src/org/apache/poi/hwpf/model/ComplexFileTable.java,47.0,8.0,1.0,6.0,11.0,13.0,0,0.0,0.0,0.0,0,false
src/scratchpad/src/org/apache/poi/hwpf/model/DocumentProperties.java,32.0,5.0,4.0,4.0,6.0,7.0,0,0.0,0.0,0.0,0,false
src/scratchpad/src/org/apache/poi/hwpf/model/EscherRecordHolder.java,130.0,8.0,58.0,13.0,40.0,41.0,0,0.0,0.0,0.0,0,false
src/scratchpad/src/org/apache/poi/hwpf/model/FIBFieldHandler.java,199.0,10.0,0.0,11.0,23.0,28.0,0,0.0,0.0,0.0,0,true
src/scratchpad/src/org/apache/poi/hwpf/model/FSPA.java,17.0,2.0,3.0,3.0,2.0,4.0,0,0.0,0.0,0.0,0,false
src/scratchpad/src/org/apache/poi/hwpf/model/FSPADocumentPart.java,0.0,0.0,0.0,0.0,0.0,0.0,0,0.0,0.0,0.0,0,false
src/scratchpad/src/org/apache/poi/hwpf/model/FSPATable.java,56.0,5.0,0.0,5.0,29.0,16.0,0,0.0,0.0,0.0,0,true
src/scratchpad/src/org/apache/poi/hwpf/model/Ffn.java,132.0,5.0,0.0,12.0,9.0,32.0,0,0.0,0.0,0.0,0,false
src/scratchpad/src/org/apache/poi/hwpf/model/FibBase.java,57.0,2.0,6.0,4.0,2.0,7.0,0,0.0,0.0,0.0,0,false
src/scratchpad/src/org/apache/poi/hwpf/model/FibRgLw.java,6.0,0.0,6.0,4.0,0.0,4.0,0,0.0,0.0,0.0,0,false
src/scratchpad/src/org/apache/poi/hwpf/model/FibRgLw95.java,67.0,2.0,6.0,4.0,17.0,10.0,0,0.0,0.0,0.0,0,false
src/scratchpad/src/org/apache/poi/hwpf/model/FibRgLw97.java,67.0,2.0,6.0,4.0,15.0,10.0,0,0.0,0.0,0.0,0,false
src/scratchpad/src/org/apache/poi/hwpf/model/FibRgW97.java,56.0,2.0,6.0,4.0,2.0,7.0,0,0.0,0.0,0.0,0,false
src/scratchpad/src/org/apache/poi/hwpf/model/FieldDescriptor.java,47.0,2.0,3.0,10.0,18.0,43.0,0,0.0,0.0,0.0,0,true
src/scratchpad/src/org/apache/poi/hwpf/model/FieldsDocumentPart.java,0.0,0.0,0.0,0.0,0.0,0.0,0,0.0,0.0,0.0,0,false
src/scratchpad/src/org/apache/poi/hwpf/model/FieldsTables.java,85.0,6.0,15.0,7.0,21.0,22.0,0,0.0,0.0,0.0,0,true
src/scratchpad/src/org/apache/poi/hwpf/model/FileInformationBlock.java,589.0,10.0,0.0,128.0,175.0,216.0,1,0.0030959752321981426,2467.8844444444444,55151.0964402167,1,true
src/scratchpad/src/org/apache/poi/hwpf/model/FontTable.java,85.0,7.0,0.0,11.0,15.0,27.0,0,0.0,0.0,0.0,0,false
src/scratchpad/src/org/apache/poi/hwpf/model/FootnoteReferenceDescriptor.java,36.0,2.0,21.0,7.0,3.0,16.0,0,0.0,0.0,0.0,0,false
src/scratchpad/src/org/apache/poi/hwpf/model/FormattedDiskPage.java,56.0,2.0,7.0,6.0,3.0,9.0,0,0.0,0.0,0.0,0,false
src/scratchpad/src/org/apache/poi/hwpf/model/GenericPropertyNode.java,11.0,1.0,3.0,3.0,3.0,5.0,0,0.0,0.0,0.0,0,false
src/scratchpad/src/org/apache/poi/hwpf/model/Grfhic.java,26.0,2.0,3.0,3.0,3.0,4.0,1,0.0030959752321981426,428.00000000000006,3105.8096418161294,1,false
src/scratchpad/src/org/apache/poi/hwpf/model/HDFType.java,5.0,1.0,0.0,0.0,0.0,0.0,0,0.0,0.0,0.0,0,false
src/scratchpad/src/org/apache/poi/hwpf/model/Hyphenation.java,50.0,4.0,28.0,8.0,6.0,19.0,0,0.0,0.0,0.0,0,false
src/scratchpad/src/org/apache/poi/hwpf/model/LFO.java,14.0,2.0,1.0,2.0,1.0,2.0,1,0.0030959752321981426,428.00000000000006,3105.8096418161294,1,false
src/scratchpad/src/org/apache/poi/hwpf/model/LFOData.java,37.0,4.0,0.0,5.0,6.0,12.0,1,0.0030959752321981426,2467.8844444444444,55151.0964402167,1,false
src/scratchpad/src/org/apache/poi/hwpf/model/LFOLVLBase.java,17.0,1.0,1.0,2.0,1.0,2.0,0,0.0,0.0,0.0,0,false
src/scratchpad/src/org/apache/poi/hwpf/model/LSTF.java,18.0,1.0,1.0,2.0,1.0,2.0,0,0.0,0.0,0.0,0,false
src/scratchpad/src/org/apache/poi/hwpf/model/LVLF.java,14.0,2.0,1.0,2.0,1.0,2.0,0,0.0,0.0,0.0,0,false
src/scratchpad/src/org/apache/poi/hwpf/model/ListData.java,75.0,2.0,0.0,13.0,16.0,27.0,0,0.0,0.0,0.0,0,false
src/scratchpad/src/org/apache/poi/hwpf/model/ListFormatOverride.java,47.0,1.0,18.0,12.0,9.0,21.0,0,0.0,0.0,0.0,0,false
src/scratchpad/src/org/apache/poi/hwpf/model/ListFormatOverrideLevel.java,68.0,1.0,0.0,10.0,15.0,24.0,1,0.0030959752321981426,428.00000000000006,3105.8096418161294,1,false
src/scratchpad/src/org/apache/poi/hwpf/model/ListLevel.java,174.0,5.0,0.0,23.0,38.0,49.0,1,0.0030959752321981426,428.00000000000006,3105.8096418161294,1,true
src/scratchpad/src/org/apache/poi/hwpf/model/ListTables.java,197.0,16.0,0.0,11.0,57.0,32.0,1,0.0030959752321981426,428.00000000000006,3105.8096418161294,1,true
src/scratchpad/src/org/apache/poi/hwpf/model/NoteType.java,0.0,0.0,0.0,0.0,0.0,0.0,0,0.0,0.0,0.0,0,false
src/scratchpad/src/org/apache/poi/hwpf/model/NotesTables.java,58.0,3.0,0.0,8.0,22.0,23.0,0,0.0,0.0,0.0,0,false
src/scratchpad/src/org/apache/poi/hwpf/model/OldCHPBinTable.java,32.0,4.0,0.0,1.0,7.0,3.0,2,0.006191950464396285,924.279069767442,12893.280865107607,2,true
src/scratchpad/src/org/apache/poi/hwpf/model/OldPAPBinTable.java,23.0,3.0,0.0,1.0,6.0,3.0,2,0.006191950464396285,924.279069767442,12893.280865107607,2,true
src/scratchpad/src/org/apache/poi/hwpf/model/OldSectionTable.java,40.0,3.0,1.0,2.0,10.0,5.0,0,0.0,0.0,0.0,0,true
src/scratchpad/src/org/apache/poi/hwpf/model/PAPBinTable.java,151.0,19.0,13.0,11.0,48.0,28.0,2,0.006191950464396285,2895.8844444444444,58256.90608203283,2,true
src/scratchpad/src/org/apache/poi/hwpf/model/PAPFormattedDiskPage.java,201.0,9.0,31.0,11.0,28.0,29.0,1,0.0030959752321981426,2467.8844444444444,55151.0964402167,1,true
src/scratchpad/src/org/apache/poi/hwpf/model/PAPX.java,91.0,6.0,36.0,12.0,22.0,29.0,1,0.0030959752321981426,428.00000000000006,3105.8096418161294,1,true
src/scratchpad/src/org/apache/poi/hwpf/model/PICF.java,81.0,3.0,6.0,4.0,4.0,7.0,0,0.0,0.0,0.0,0,true
src/scratchpad/src/org/apache/poi/hwpf/model/PICFAndOfficeArtData.java,42.0,7.0,2.0,5.0,9.0,13.0,0,0.0,0.0,0.0,0,true
src/scratchpad/src/org/apache/poi/hwpf/model/ParagraphHeight.java,40.0,6.0,4.0,5.0,6.0,9.0,0,0.0,0.0,0.0,0,false
src/scratchpad/src/org/apache/poi/hwpf/model/PicturesTable.java,159.0,15.0,50.0,13.0,45.0,39.0,2,0.006191950464396285,924.279069767442,12893.280865107607,2,true
src/scratchpad/src/org/apache/poi/hwpf/model/PieceDescriptor.java,78.0,4.0,7.0,10.0,11.0,24.0,0,0.0,0.0,0.0,0,false
src/scratchpad/src/org/apache/poi/hwpf/model/PlexOfCps.java,110.0,3.0,0.0,13.0,23.0,28.0,0,0.0,0.0,0.0,0,false
src/scratchpad/src/org/apache/poi/hwpf/model/PlexOfField.java,28.0,2.0,0.0,6.0,9.0,11.0,0,0.0,0.0,0.0,0,true
src/scratchpad/src/org/apache/poi/hwpf/model/PropertyModifier.java,81.0,2.0,0.0,10.0,14.0,31.0,0,0.0,0.0,0.0,0,false
src/scratchpad/src/org/apache/poi/hwpf/model/PropertyNode.java,123.0,5.0,0.0,11.0,8.0,30.0,0,0.0,0.0,0.0,0,true
src/scratchpad/src/org/apache/poi/hwpf/model/RevisionMarkAuthorTable.java,53.0,6.0,0.0,5.0,4.0,15.0,0,0.0,0.0,0.0,0,true
src/scratchpad/src/org/apache/poi/hwpf/model/SEPX.java,34.0,5.0,7.0,6.0,7.0,14.0,0,0.0,0.0,0.0,0,true
src/scratchpad/src/org/apache/poi/hwpf/model/SavedByEntry.java,46.0,1.0,0.0,6.0,4.0,16.0,0,0.0,0.0,0.0,0,false
src/scratchpad/src/org/apache/poi/hwpf/model/SavedByTable.java,46.0,6.0,0.0,3.0,6.0,10.0,0,0.0,0.0,0.0,0,false
src/scratchpad/src/org/apache/poi/hwpf/model/SectionDescriptor.java,61.0,2.0,0.0,7.0,4.0,12.0,1,0.0030959752321981426,2467.8844444444444,55151.0964402167,1,false
src/scratchpad/src/org/apache/poi/hwpf/model/SectionTable.java,99.0,10.0,3.0,6.0,36.0,15.0,0,0.0,0.0,0.0,0,true
src/scratchpad/src/org/apache/poi/hwpf/model/ShapesTable.java,21.0,4.0,0.0,3.0,6.0,7.0,0,0.0,0.0,0.0,0,true
src/scratchpad/src/org/apache/poi/hwpf/model/SinglentonTextPiece.java,23.0,2.0,21.0,7.0,9.0,14.0,0,0.0,0.0,0.0,0,false
src/scratchpad/src/org/apache/poi/hwpf/model/StdfBase.java,37.0,2.0,10.0,5.0,4.0,9.0,0,0.0,0.0,0.0,0,false
src/scratchpad/src/org/apache/poi/hwpf/model/StdfPost2000.java,33.0,2.0,10.0,5.0,4.0,9.0,0,0.0,0.0,0.0,0,false
src/scratchpad/src/org/apache/poi/hwpf/model/Stshif.java,45.0,2.0,10.0,5.0,4.0,11.0,0,0.0,0.0,0.0,0,false
src/scratchpad/src/org/apache/poi/hwpf/model/SttbUtils.java,112.0,5.0,22.0,8.0,19.0,24.0,0,0.0,0.0,0.0,0,false
src/scratchpad/src/org/apache/poi/hwpf/model/StyleDescription.java,172.0,8.0,21.0,14.0,24.0,35.0,0,0.0,0.0,0.0,0,false
src/scratchpad/src/org/apache/poi/hwpf/model/StyleSheet.java,235.0,8.0,0.0,11.0,30.0,38.0,0,0.0,0.0,0.0,0,true
src/scratchpad/src/org/apache/poi/hwpf/model/SubdocumentType.java,0.0,0.0,0.0,0.0,0.0,0.0,0,0.0,0.0,0.0,0,false
src/scratchpad/src/org/apache/poi/hwpf/model/TabDescriptor.java,16.0,2.0,3.0,3.0,3.0,4.0,0,0.0,0.0,0.0,0,false
src/scratchpad/src/org/apache/poi/hwpf/model/TextPiece.java,145.0,2.0,81.0,15.0,26.0,44.0,0,0.0,0.0,0.0,0,true
src/scratchpad/src/org/apache/poi/hwpf/model/TextPieceTable.java,252.0,11.0,33.0,18.0,76.0,60.0,0,0.0,0.0,0.0,0,true
src/scratchpad/src/org/apache/poi/hwpf/model/UPX.java,19.0,2.0,0.0,5.0,2.0,9.0,0,0.0,0.0,0.0,0,false
src/scratchpad/src/org/apache/poi/hwpf/model/UnhandledDataStructure.java,13.0,1.0,0.0,2.0,1.0,5.0,0,0.0,0.0,0.0,0,false
src/scratchpad/src/org/apache/poi/hwpf/model/io/HWPFFileSystem.java,11.0,3.0,0.0,2.0,2.0,3.0,0,0.0,0.0,0.0,0,false
src/scratchpad/src/org/apache/poi/hwpf/model/io/HWPFOutputStream.java,21.0,2.0,0.0,5.0,0.0,6.0,0,0.0,0.0,0.0,0,false
src/scratchpad/src/org/apache/poi/hwpf/model/types/BKFAbstractType.java,128.0,3.0,0.0,17.0,18.0,29.0,0,0.0,0.0,0.0,0,false
src/scratchpad/src/org/apache/poi/hwpf/model/types/CHPAbstractType.java,1766.0,7.0,20964.0,220.0,193.0,427.0,0,0.0,0.0,0.0,0,false
src/scratchpad/src/org/apache/poi/hwpf/model/types/DOPAbstractType.java,2219.0,5.0,37917.0,295.0,337.0,565.0,0,0.0,0.0,0.0,0,false
src/scratchpad/src/org/apache/poi/hwpf/model/types/FLDAbstractType.java,221.0,3.0,0.0,29.0,34.0,50.0,0,0.0,0.0,0.0,0,false
src/scratchpad/src/org/apache/poi/hwpf/model/types/FRDAbstractType.java,49.0,2.0,9.0,7.0,5.0,10.0,0,0.0,0.0,0.0,0,false
src/scratchpad/src/org/apache/poi/hwpf/model/types/FSPAAbstractType.java,277.0,3.0,155.0,35.0,37.0,62.0,0,0.0,0.0,0.0,0,false
src/scratchpad/src/org/apache/poi/hwpf/model/types/FibBaseAbstractType.java,586.0,3.0,1328.0,72.0,80.0,161.0,0,0.0,0.0,0.0,0,false
src/scratchpad/src/org/apache/poi/hwpf/model/types/FibRgLw95AbstractType.java,313.0,2.0,366.0,36.0,21.0,84.0,0,0.0,0.0,0.0,0,false
src/scratchpad/src/org/apache/poi/hwpf/model/types/FibRgLw97AbstractType.java,468.0,2.0,918.0,52.0,29.0,100.0,0,0.0,0.0,0.0,0,false
src/scratchpad/src/org/apache/poi/hwpf/model/types/FibRgW97AbstractType.java,276.0,2.0,419.0,34.0,20.0,51.0,0,0.0,0.0,0.0,0,false
src/scratchpad/src/org/apache/poi/hwpf/model/types/GrfhicAbstractType.java,199.0,2.0,0.0,26.0,30.0,43.0,1,0.0030959752321981426,428.00000000000006,3105.8096418161294,1,false
src/scratchpad/src/org/apache/poi/hwpf/model/types/HRESIAbstractType.java,75.0,1.0,14.0,9.0,4.0,13.0,0,0.0,0.0,0.0,0,false
src/scratchpad/src/org/apache/poi/hwpf/model/types/LFOAbstractType.java,186.0,3.0,81.0,22.0,17.0,40.0,1,0.0030959752321981426,428.00000000000006,3105.8096418161294,1,false
src/scratchpad/src/org/apache/poi/hwpf/model/types/LFOLVLBaseAbstractType.java,187.0,3.0,0.0,24.0,27.0,56.0,0,0.0,0.0,0.0,0,false
src/scratchpad/src/org/apache/poi/hwpf/model/types/LSTFAbstractType.java,249.0,5.0,41.0,30.0,35.0,73.0,1,0.0030959752321981426,428.00000000000006,3105.8096418161294,1,false
src/scratchpad/src/org/apache/poi/hwpf/model/types/LVLFAbstractType.java,377.0,5.0,370.0,44.0,46.0,112.0,1,0.0030959752321981426,428.00000000000006,3105.8096418161294,1,false
src/scratchpad/src/org/apache/poi/hwpf/model/types/PAPAbstractType.java,1298.0,8.0,13411.0,166.0,90.0,357.0,0,0.0,0.0,0.0,0,true
src/scratchpad/src/org/apache/poi/hwpf/model/types/PICFAbstractType.java,503.0,2.0,1478.0,60.0,38.0,130.0,1,0.0030959752321981426,2467.8844444444444,55151.0964402167,1,true
src/scratchpad/src/org/apache/poi/hwpf/model/types/SEPAbstractType.java,973.0,3.0,6950.0,120.0,61.0,294.0,0,0.0,0.0,0.0,0,false
src/scratchpad/src/org/apache/poi/hwpf/model/types/SHD80AbstractType.java,98.0,3.0,0.0,13.0,14.0,21.0,0,0.0,0.0,0.0,0,true
src/scratchpad/src/org/apache/poi/hwpf/model/types/SHDAbstractType.java,86.0,3.0,11.0,11.0,8.0,18.0,0,0.0,0.0,0.0,0,true
src/scratchpad/src/org/apache/poi/hwpf/model/types/StdfBaseAbstractType.java,486.0,3.0,540.0,61.0,79.0,141.0,0,0.0,0.0,0.0,0,false
src/scratchpad/src/org/apache/poi/hwpf/model/types/StdfPost2000AbstractType.java,180.0,3.0,65.0,23.0,27.0,55.0,0,0.0,0.0,0.0,0,false
src/scratchpad/src/org/apache/poi/hwpf/model/types/StshifAbstractType.java,218.0,3.0,215.0,27.0,20.0,70.0,0,0.0,0.0,0.0,0,false
src/scratchpad/src/org/apache/poi/hwpf/model/types/TAPAbstractType.java,1650.0,2.0,21459.0,214.0,158.0,386.0,0,0.0,0.0,0.0,0,false
src/scratchpad/src/org/apache/poi/hwpf/model/types/TBDAbstractType.java,95.0,2.0,0.0,13.0,12.0,23.0,0,0.0,0.0,0.0,0,false
src/scratchpad/src/org/apache/poi/hwpf/model/types/TCAbstractType.java,563.0,2.0,1842.0,72.0,61.0,120.0,0,0.0,0.0,0.0,0,true
src/scratchpad/src/org/apache/poi/hwpf/model/types/TLPAbstractType.java,178.0,4.0,0.0,23.0,27.0,38.0,0,0.0,0.0,0.0,0,false
src/scratchpad/src/org/apache/poi/hwpf/sprm/CharacterSprmCompressor.java,197.0,5.0,1.0,2.0,46.0,5.0,0,0.0,0.0,0.0,0,false
src/scratchpad/src/org/apache/poi/hwpf/sprm/CharacterSprmUncompressor.java,420.0,10.0,4.0,4.0,84.0,20.0,0,0.0,0.0,0.0,0,true
src/scratchpad/src/org/apache/poi/hwpf/sprm/ParagraphSprmCompressor.java,215.0,6.0,1.0,2.0,76.0,6.0,0,0.0,0.0,0.0,0,true
src/scratchpad/src/org/apache/poi/hwpf/sprm/ParagraphSprmUncompressor.java,328.0,17.0,4.0,4.0,104.0,17.0,0,0.0,0.0,0.0,0,true
src/scratchpad/src/org/apache/poi/hwpf/sprm/SectionSprmCompressor.java,154.0,6.0,1.0,2.0,54.0,4.0,0,0.0,0.0,0.0,0,false
src/scratchpad/src/org/apache/poi/hwpf/sprm/SectionSprmUncompressor.java,176.0,3.0,3.0,3.0,55.0,8.0,0,0.0,0.0,0.0,0,false
src/scratchpad/src/org/apache/poi/hwpf/sprm/SprmBuffer.java,163.0,3.0,0.0,24.0,39.0,47.0,0,0.0,0.0,0.0,0,false
src/scratchpad/src/org/apache/poi/hwpf/sprm/SprmIterator.java,22.0,1.0,0.0,3.0,1.0,5.0,0,0.0,0.0,0.0,0,false
src/scratchpad/src/org/apache/poi/hwpf/sprm/SprmOperation.java,127.0,4.0,26.0,13.0,18.0,33.0,0,0.0,0.0,0.0,0,false
src/scratchpad/src/org/apache/poi/hwpf/sprm/SprmUncompressor.java,16.0,1.0,1.0,2.0,0.0,4.0,0,0.0,0.0,0.0,0,false
src/scratchpad/src/org/apache/poi/hwpf/sprm/SprmUtils.java,79.0,3.0,21.0,7.0,14.0,17.0,0,0.0,0.0,0.0,0,false
src/scratchpad/src/org/apache/poi/hwpf/sprm/TableSprmCompressor.java,57.0,9.0,1.0,2.0,21.0,6.0,0,0.0,0.0,0.0,0,false
src/scratchpad/src/org/apache/poi/hwpf/sprm/TableSprmUncompressor.java,206.0,7.0,4.0,4.0,49.0,19.0,0,0.0,0.0,0.0,0,false
src/scratchpad/src/org/apache/poi/hwpf/usermodel/Bookmarks.java,26.0,2.0,6.0,4.0,0.0,10.0,0,0.0,0.0,0.0,0,false
src/scratchpad/src/org/apache/poi/hwpf/usermodel/BookmarksImpl.java,138.0,11.0,3.0,11.0,38.0,24.0,0,0.0,0.0,0.0,0,false
src/scratchpad/src/org/apache/poi/hwpf/usermodel/BorderCode.java,158.0,3.0,14.0,20.0,25.0,36.0,0,0.0,0.0,0.0,0,true
src/scratchpad/src/org/apache/poi/hwpf/usermodel/CharacterProperties.java,256.0,2.0,1128.0,48.0,41.0,77.0,0,0.0,0.0,0.0,0,true
src/scratchpad/src/org/apache/poi/hwpf/usermodel/CharacterRun.java,399.0,4.0,0.0,73.0,130.0,131.0,0,0.0,0.0,0.0,0,true
src/scratchpad/src/org/apache/poi/hwpf/usermodel/Field.java,36.0,0.0,171.0,19.0,0.0,25.0,0,0.0,0.0,0.0,0,false
src/scratchpad/src/org/apache/poi/hwpf/usermodel/FieldImpl.java,116.0,3.0,168.0,24.0,41.0,54.0,0,0.0,0.0,0.0,0,false
src/scratchpad/src/org/apache/poi/hwpf/usermodel/Fields.java,8.0,2.0,1.0,2.0,0.0,2.0,0,0.0,0.0,0.0,0,false
src/scratchpad/src/org/apache/poi/hwpf/usermodel/FieldsImpl.java,140.0,12.0,15.0,7.0,31.0,26.0,0,0.0,0.0,0.0,0,false
src/scratchpad/src/org/apache/poi/hwpf/usermodel/HeaderStories.java,193.0,5.0,504.0,33.0,53.0,74.0,0,0.0,0.0,0.0,0,true
src/scratchpad/src/org/apache/poi/hwpf/usermodel/ListEntry.java,31.0,8.0,1.0,3.0,17.0,12.0,0,0.0,0.0,0.0,0,true
src/scratchpad/src/org/apache/poi/hwpf/usermodel/ObjectPoolImpl.java,19.0,6.0,0.0,3.0,2.0,8.0,0,0.0,0.0,0.0,0,false
src/scratchpad/src/org/apache/poi/hwpf/usermodel/ObjectsPool.java,3.0,1.0,0.0,1.0,0.0,1.0,0,0.0,0.0,0.0,0,false
src/scratchpad/src/org/apache/poi/hwpf/usermodel/OfficeDrawing.java,87.0,1.0,55.0,11.0,0.0,24.0,0,0.0,0.0,0.0,0,false
src/scratchpad/src/org/apache/poi/hwpf/usermodel/OfficeDrawings.java,8.0,1.0,1.0,2.0,0.0,2.0,0,0.0,0.0,0.0,0,false
src/scratchpad/src/org/apache/poi/hwpf/usermodel/OfficeDrawingsImpl.java,168.0,18.0,159.0,19.0,55.0,52.0,0,0.0,0.0,0.0,0,false
src/scratchpad/src/org/apache/poi/hwpf/usermodel/Paragraph.java,404.0,10.0,0.0,75.0,153.0,140.0,0,0.0,0.0,0.0,0,true
src/scratchpad/src/org/apache/poi/hwpf/usermodel/Picture.java,342.0,16.0,291.0,30.0,49.0,87.0,2,0.006191950464396285,2964.163514211886,64938.567663508176,2,true
src/scratchpad/src/org/apache/poi/hwpf/usermodel/PictureType.java,0.0,0.0,0.0,0.0,0.0,0.0,0,0.0,0.0,0.0,0,true
src/scratchpad/src/org/apache/poi/hwpf/usermodel/Range.java,784.0,22.0,559.0,47.0,163.0,146.0,1,0.0030959752321981426,428.00000000000006,3105.8096418161294,1,true
src/scratchpad/src/org/apache/poi/hwpf/usermodel/ShadingDescriptor.java,27.0,1.0,15.0,6.0,7.0,12.0,0,0.0,0.0,0.0,0,false
src/scratchpad/src/org/apache/poi/hwpf/usermodel/ShadingDescriptor80.java,37.0,2.0,28.0,8.0,14.0,15.0,0,0.0,0.0,0.0,0,false
src/scratchpad/src/org/apache/poi/hwpf/usermodel/Shape.java,45.0,2.0,32.0,9.0,2.0,18.0,0,0.0,0.0,0.0,0,true
src/scratchpad/src/org/apache/poi/hwpf/usermodel/TableAutoformatLookSpecifier.java,37.0,1.0,15.0,6.0,3.0,21.0,0,0.0,0.0,0.0,0,false
src/scratchpad/src/org/apache/poi/hwpf/usermodel/TableCellDescriptor.java,35.0,2.0,10.0,5.0,23.0,8.0,0,0.0,0.0,0.0,0,false
src/scratchpad/testcases/org/apache/poi/hslf/extractor/TestExtractor.java,210.0,12.0,0.0,15.0,72.0,32.0,1,0.0030959752321981426,2467.8844444444444,55151.0964402167,1,true
src/scratchpad/testcases/org/apache/poi/hsmf/TestBasics.java,168.0,4.0,0.0,9.0,40.0,25.0,1,0.0030959752321981426,496.2790697674419,9787.471223291477,1,true
src/scratchpad/testcases/org/apache/poi/hsmf/TestOutlook30FileRead.java,93.0,5.0,0.0,10.0,25.0,30.0,1,0.0030959752321981426,496.2790697674419,9787.471223291477,1,false
src/scratchpad/testcases/org/apache/poi/hssf/converter/TestExcelConverterSuite.java,65.0,16.0,13.0,6.0,31.0,22.0,0,0.0,0.0,0.0,0,false
src/scratchpad/testcases/org/apache/poi/hwpf/AllHWPFTests.java,48.0,41.0,0.0,1.0,2.0,4.0,0,0.0,0.0,0.0,0,true
src/scratchpad/testcases/org/apache/poi/hwpf/HWPFDocFixture.java,32.0,4.0,1.0,3.0,11.0,6.0,0,0.0,0.0,0.0,0,true
src/scratchpad/testcases/org/apache/poi/hwpf/HWPFTestDataSamples.java,102.0,11.0,8.0,5.0,22.0,23.0,0,0.0,0.0,0.0,0,true
src/scratchpad/testcases/org/apache/poi/hwpf/TestHWPFRangeParts.java,57.0,2.0,0.0,3.0,12.0,7.0,0,0.0,0.0,0.0,0,false
src/scratchpad/testcases/org/apache/poi/hwpf/converter/TestNumberFormatter.java,39.0,1.0,1.0,2.0,4.0,3.0,0,0.0,0.0,0.0,0,false
src/scratchpad/testcases/org/apache/poi/hwpf/converter/TestWordToConverterSuite.java,88.0,16.0,26.0,8.0,43.0,29.0,0,0.0,0.0,0.0,0,false
src/scratchpad/testcases/org/apache/poi/hwpf/converter/TestWordToFoConverter.java,66.0,10.0,45.0,10.0,29.0,27.0,0,0.0,0.0,0.0,0,false
src/scratchpad/testcases/org/apache/poi/hwpf/converter/TestWordToHtmlConverter.java,125.0,12.0,231.0,22.0,51.0,49.0,1,0.0030959752321981426,428.00000000000006,3105.8096418161294,1,true
src/scratchpad/testcases/org/apache/poi/hwpf/converter/TestWordToTextConverter.java,11.0,3.0,0.0,1.0,4.0,3.0,0,0.0,0.0,0.0,0,false
src/scratchpad/testcases/org/apache/poi/hwpf/extractor/TestDifferentRoutes.java,36.0,5.0,0.0,3.0,10.0,6.0,0,0.0,0.0,0.0,0,false
src/scratchpad/testcases/org/apache/poi/hwpf/extractor/TestWordExtractor.java,226.0,11.0,0.0,17.0,92.0,38.0,0,0.0,0.0,0.0,0,false
src/scratchpad/testcases/org/apache/poi/hwpf/model/TestBookmarksTables.java,51.0,6.0,10.0,5.0,37.0,6.0,0,0.0,0.0,0.0,0,false
src/scratchpad/testcases/org/apache/poi/hwpf/model/TestCHPBinTable.java,44.0,5.0,0.0,4.0,14.0,9.0,0,0.0,0.0,0.0,0,true
src/scratchpad/testcases/org/apache/poi/hwpf/model/TestDocumentProperties.java,34.0,5.0,0.0,3.0,14.0,9.0,0,0.0,0.0,0.0,0,true
src/scratchpad/testcases/org/apache/poi/hwpf/model/TestFileInformationBlock.java,27.0,4.0,0.0,3.0,10.0,9.0,0,0.0,0.0,0.0,0,true
src/scratchpad/testcases/org/apache/poi/hwpf/model/TestListTables.java,20.0,2.0,1.0,2.0,9.0,6.0,0,0.0,0.0,0.0,0,false
src/scratchpad/testcases/org/apache/poi/hwpf/model/TestPAPBinTable.java,31.0,6.0,1.0,2.0,14.0,4.0,0,0.0,0.0,0.0,0,true
src/scratchpad/testcases/org/apache/poi/hwpf/model/TestSectionTable.java,45.0,5.0,0.0,3.0,20.0,7.0,0,0.0,0.0,0.0,0,true
src/scratchpad/testcases/org/apache/poi/hwpf/model/TestTextPieceTable.java,109.0,7.0,9.0,6.0,44.0,14.0,0,0.0,0.0,0.0,0,true
src/scratchpad/testcases/org/apache/poi/hwpf/model/types/LFOLVLBaseAbstractTypeTest.java,9.0,1.0,0.0,1.0,2.0,1.0,1,0.0030959752321981426,428.00000000000006,3105.8096418161294,1,true
src/scratchpad/testcases/org/apache/poi/hwpf/model/types/LVLFAbstractTypeTest.java,9.0,1.0,0.0,1.0,2.0,1.0,0,0.0,0.0,0.0,0,false
src/scratchpad/testcases/org/apache/poi/hwpf/sprm/TableSprmUncompressorTest.java,18.0,2.0,0.0,1.0,8.0,1.0,1,0.0030959752321981426,2467.8844444444444,55151.0964402167,1,false
src/scratchpad/testcases/org/apache/poi/hwpf/usermodel/TestBugs.java,469.0,28.0,595.0,35.0,213.0,70.0,1,0.0030959752321981426,428.00000000000006,3105.8096418161294,1,true
src/scratchpad/testcases/org/apache/poi/hwpf/usermodel/TestHWPFOldDocument.java,75.0,4.0,6.0,4.0,34.0,10.0,1,0.0030959752321981426,428.00000000000006,3105.8096418161294,1,false
src/scratchpad/testcases/org/apache/poi/hwpf/usermodel/TestOfficeDrawings.java,18.0,6.0,0.0,1.0,10.0,2.0,0,0.0,0.0,0.0,0,false
src/scratchpad/testcases/org/apache/poi/hwpf/usermodel/TestPictures.java,241.0,7.0,66.0,12.0,115.0,21.0,1,0.0030959752321981426,496.2790697674419,9787.471223291477,1,true
src/scratchpad/testcases/org/apache/poi/hwpf/usermodel/TestProblems.java,301.0,6.0,45.0,10.0,78.0,23.0,0,0.0,0.0,0.0,0,true
src/scratchpad/testcases/org/apache/poi/hwpf/usermodel/TestRangeDelete.java,137.0,4.0,0.0,5.0,48.0,8.0,0,0.0,0.0,0.0,0,false
src/scratchpad/testcases/org/apache/poi/hwpf/usermodel/TestRangeProperties.java,153.0,5.0,0.0,6.0,63.0,11.0,0,0.0,0.0,0.0,0,false
src/scratchpad/testcases/org/apache/poi/hwpf/usermodel/TestTableRow.java,23.0,3.0,1.0,2.0,18.0,4.0,0,0.0,0.0,0.0,0,false
src/testcases/org/apache/poi/ddf/TestEscherBSERecord.java,49.0,3.0,6.0,4.0,36.0,5.0,0,0.0,0.0,0.0,0,false
src/testcases/org/apache/poi/ddf/TestEscherBlipWMFRecord.java,53.0,3.0,0.0,4.0,40.0,4.0,0,0.0,0.0,0.0,0,false
src/testcases/org/apache/poi/ddf/TestEscherChildAnchorRecord.java,36.0,3.0,6.0,4.0,22.0,5.0,0,0.0,0.0,0.0,0,false
src/testcases/org/apache/poi/ddf/TestEscherClientAnchorRecord.java,48.0,3.0,6.0,4.0,33.0,5.0,0,0.0,0.0,0.0,0,false
src/testcases/org/apache/poi/ddf/TestEscherClientDataRecord.java,30.0,3.0,6.0,4.0,17.0,5.0,0,0.0,0.0,0.0,0,false
src/testcases/org/apache/poi/ddf/TestEscherContainerRecord.java,109.0,5.0,15.0,6.0,34.0,7.0,0,0.0,0.0,0.0,0,true
src/testcases/org/apache/poi/ddf/TestEscherDgRecord.java,30.0,3.0,6.0,4.0,16.0,5.0,0,0.0,0.0,0.0,0,false
src/testcases/org/apache/poi/ddf/TestEscherDggRecord.java,42.0,3.0,10.0,5.0,26.0,6.0,0,0.0,0.0,0.0,0,false
src/testcases/org/apache/poi/ddf/TestEscherOptRecord.java,133.0,4.0,45.0,10.0,58.0,12.0,0,0.0,0.0,0.0,0,true
src/testcases/org/apache/poi/ddf/TestEscherSpRecord.java,31.0,3.0,6.0,4.0,17.0,5.0,0,0.0,0.0,0.0,0,false
src/testcases/org/apache/poi/ddf/TestEscherSpgrRecord.java,34.0,3.0,6.0,4.0,20.0,5.0,0,0.0,0.0,0.0,0,false
src/testcases/org/apache/poi/ddf/TestEscherSplitMenuColorsRecord.java,34.0,3.0,6.0,4.0,20.0,5.0,0,0.0,0.0,0.0,0,false
src/testcases/org/apache/poi/ddf/TestUnknownEscherRecord.java,82.0,3.0,3.0,3.0,24.0,3.0,0,0.0,0.0,0.0,0,false
src/testcases/org/apache/poi/hpsf/basic/TestBasic.java,100.0,19.0,0.0,5.0,33.0,19.0,0,0.0,0.0,0.0,0,false
src/testcases/org/apache/poi/hpsf/basic/TestWrite.java,562.0,45.0,170.0,20.0,185.0,79.0,2,0.006191950464396285,924.279069767442,12893.280865107607,2,true
src/testcases/org/apache/poi/hssf/HSSFTestDataSamples.java,40.0,7.0,0.0,5.0,6.0,16.0,0,0.0,0.0,0.0,0,true
src/testcases/org/apache/poi/hssf/usermodel/TestBugs.java,1670.0,22.0,7021.0,119.0,635.0,224.0,0,0.0,0.0,0.0,0,true
src/testcases/org/apache/poi/hssf/usermodel/TestHSSFConditionalFormatting.java,11.0,7.0,1.0,2.0,1.0,2.0,0,0.0,0.0,0.0,0,true
src/testcases/org/apache/poi/hssf/usermodel/TestHSSFWorkbook.java,514.0,21.0,300.0,25.0,175.0,61.0,0,0.0,0.0,0.0,0,true
src/testcases/org/apache/poi/ss/formula/functions/TestSubtotal.java,229.0,13.0,66.0,12.0,101.0,16.0,0,0.0,0.0,0.0,0,true
src/testcases/org/apache/poi/ss/formula/functions/TestSumif.java,65.0,7.0,8.0,5.0,11.0,13.0,0,0.0,0.0,0.0,0,true
src/testcases/org/apache/poi/ss/usermodel/BaseTestConditionalFormatting.java,480.0,4.0,0.0,13.0,226.0,27.0,0,0.0,0.0,0.0,0,true
src/testcases/org/apache/poi/ss/usermodel/charts/TestDataSources.java,92.0,6.0,15.0,7.0,48.0,14.0,0,0.0,0.0,0.0,0,false
src/testcases/org/apache/poi/ss/util/TestSheetBuilder.java,38.0,7.0,0.0,3.0,23.0,3.0,0,0.0,0.0,0.0,0,false
