name,LOC,CBO,LCOM,NOM,RFC,WMC,numOfChanges,bccm,structuralWorkloadSum,semanticWorkloadSum,numberOfDeveloper,isBuggy
src/examples/src/org/apache/poi/ss/examples/ConditionalFormats.java,222.0,6.0,45.0,10.0,116.0,24.0,0,0.0,0.0,0.0,0,false
src/examples/src/org/apache/poi/xslf/usermodel/DataExtraction.java,48.0,6.0,0.0,1.0,16.0,6.0,1,0.0035087719298245615,2926.515625,141355.95786452934,1,false
src/examples/src/org/apache/poi/xslf/usermodel/MergePresentations.java,20.0,2.0,0.0,1.0,5.0,3.0,1,0.0035087719298245615,2926.515625,141355.95786452934,1,false
src/examples/src/org/apache/poi/xslf/usermodel/Tutorial1.java,38.0,2.0,0.0,1.0,11.0,2.0,1,0.0035087719298245615,2926.515625,141355.95786452934,1,false
src/examples/src/org/apache/poi/xslf/usermodel/Tutorial2.java,39.0,4.0,0.0,1.0,13.0,4.0,1,0.0035087719298245615,2926.515625,141355.95786452934,1,false
src/examples/src/org/apache/poi/xslf/usermodel/Tutorial3.java,17.0,3.0,0.0,1.0,7.0,2.0,1,0.0035087719298245615,2926.515625,141355.95786452934,1,false
src/examples/src/org/apache/poi/xslf/usermodel/Tutorial4.java,44.0,4.0,0.0,1.0,18.0,5.0,1,0.0035087719298245615,2926.515625,141355.95786452934,1,false
src/examples/src/org/apache/poi/xslf/usermodel/Tutorial5.java,17.0,5.0,0.0,1.0,7.0,2.0,1,0.0035087719298245615,2926.515625,141355.95786452934,1,false
src/examples/src/org/apache/poi/xslf/usermodel/Tutorial6.java,26.0,3.0,0.0,1.0,10.0,2.0,1,0.0035087719298245615,2926.515625,141355.95786452934,1,false
src/examples/src/org/apache/poi/xslf/usermodel/Tutorial7.java,46.0,3.0,0.0,1.0,17.0,2.0,1,0.0035087719298245615,2926.515625,141355.95786452934,1,false
src/examples/src/org/apache/poi/xslf/usermodel/tutorial/Step1.java,33.0,7.0,0.0,1.0,12.0,5.0,0,0.0,0.0,0.0,0,false
src/examples/src/org/apache/poi/xslf/usermodel/tutorial/Step2.java,33.0,7.0,0.0,1.0,13.0,3.0,0,0.0,0.0,0.0,0,false
src/examples/src/org/apache/poi/xssf/usermodel/examples/CustomXMLMapping.java,17.0,5.0,0.0,1.0,6.0,3.0,0,0.0,0.0,0.0,0,false
src/examples/src/org/apache/poi/xssf/usermodel/examples/EmbeddedObjects.java,36.0,9.0,0.0,1.0,7.0,5.0,0,0.0,0.0,0.0,0,false
src/examples/src/org/apache/poi/xssf/usermodel/examples/IterateCells.java,18.0,6.0,0.0,1.0,6.0,3.0,0,0.0,0.0,0.0,0,true
src/examples/src/org/apache/poi/xwpf/usermodel/SimpleTable.java,117.0,12.0,3.0,3.0,44.0,10.0,0,0.0,0.0,0.0,0,false
src/excelant/java/org/apache/poi/ss/excelant/ExcelAntEvaluateCell.java,89.0,5.0,75.0,15.0,6.0,24.0,0,0.0,0.0,0.0,0,true
src/excelant/java/org/apache/poi/ss/excelant/ExcelAntHandlerTask.java,45.0,4.0,0.0,3.0,7.0,7.0,0,0.0,0.0,0.0,0,true
src/excelant/java/org/apache/poi/ss/excelant/ExcelAntPrecision.java,13.0,1.0,0.0,2.0,0.0,3.0,0,0.0,0.0,0.0,0,true
src/excelant/java/org/apache/poi/ss/excelant/ExcelAntSet.java,17.0,2.0,1.0,3.0,0.0,4.0,0,0.0,0.0,0.0,0,true
src/excelant/java/org/apache/poi/ss/excelant/ExcelAntSetDoubleCell.java,29.0,2.0,0.0,4.0,2.0,7.0,0,0.0,0.0,0.0,0,true
src/excelant/java/org/apache/poi/ss/excelant/ExcelAntSetFormulaCell.java,21.0,2.0,0.0,4.0,2.0,7.0,0,0.0,0.0,0.0,0,true
src/excelant/java/org/apache/poi/ss/excelant/ExcelAntSetStringCell.java,29.0,2.0,0.0,4.0,2.0,6.0,0,0.0,0.0,0.0,0,true
src/excelant/java/org/apache/poi/ss/excelant/ExcelAntTask.java,121.0,15.0,16.0,9.0,28.0,25.0,1,0.0035087719298245615,2926.515625,141355.95786452934,1,true
src/excelant/java/org/apache/poi/ss/excelant/ExcelAntTest.java,127.0,7.0,92.0,17.0,26.0,27.0,0,0.0,0.0,0.0,0,true
src/excelant/java/org/apache/poi/ss/excelant/ExcelAntUserDefinedFunction.java,24.0,1.0,6.0,5.0,0.0,7.0,0,0.0,0.0,0.0,0,true
src/excelant/java/org/apache/poi/ss/excelant/IExcelAntWorkbookHandler.java,17.0,1.0,1.0,2.0,0.0,2.0,0,0.0,0.0,0.0,0,true
src/excelant/java/org/apache/poi/ss/excelant/util/ExcelAntEvaluationResult.java,64.0,0.0,2.0,8.0,0.0,16.0,0,0.0,0.0,0.0,0,true
src/excelant/java/org/apache/poi/ss/excelant/util/ExcelAntWorkbookUtil.java,262.0,19.0,89.0,18.0,47.0,54.0,0,0.0,0.0,0.0,0,true
src/excelant/java/org/apache/poi/ss/excelant/util/ExcelAntWorkbookUtilFactory.java,32.0,1.0,0.0,2.0,3.0,6.0,0,0.0,0.0,0.0,0,true
src/excelant/testcases/org/apache/poi/ss/examples/formula/CalculateMortgageFunction.java,44.0,7.0,3.0,3.0,11.0,10.0,0,0.0,0.0,0.0,0,false
src/excelant/testcases/org/apache/poi/ss/examples/formula/ExcelAntUserDefinedFunctionTestHelper.java,8.0,1.0,1.0,2.0,0.0,4.0,0,0.0,0.0,0.0,0,true
src/excelant/testcases/org/apache/poi/ss/examples/formula/TestExcelAntUserDefinedFunction.java,20.0,1.0,0.0,3.0,8.0,3.0,0,0.0,0.0,0.0,0,true
src/excelant/testcases/org/apache/poi/ss/excelant/BuildFileTest.java,445.0,5.0,564.0,36.0,78.0,85.0,0,0.0,0.0,0.0,0,true
src/excelant/testcases/org/apache/poi/ss/excelant/TestExcelAntPrecision.java,16.0,1.0,0.0,3.0,4.0,4.0,0,0.0,0.0,0.0,0,true
src/excelant/testcases/org/apache/poi/ss/excelant/TestExcelAntSet.java,22.0,3.0,0.0,4.0,7.0,4.0,0,0.0,0.0,0.0,0,true
src/excelant/testcases/org/apache/poi/ss/excelant/TestExcelAntSetDoubleCell.java,25.0,3.0,0.0,3.0,9.0,3.0,0,0.0,0.0,0.0,0,true
src/excelant/testcases/org/apache/poi/ss/excelant/util/ExcelAntWorkbookUtilTestHelper.java,18.0,4.0,6.0,4.0,0.0,6.0,1,0.0035087719298245615,2926.515625,141355.95786452934,1,true
src/excelant/testcases/org/apache/poi/ss/excelant/util/TestExcelAntEvaluationResult.java,33.0,1.0,0.0,6.0,10.0,6.0,0,0.0,0.0,0.0,0,true
src/excelant/testcases/org/apache/poi/ss/excelant/util/TestExcelAntWorkbookUtil.java,60.0,6.0,0.0,9.0,23.0,9.0,0,0.0,0.0,0.0,0,true
src/excelant/testcases/org/apache/poi/ss/excelant/util/TestExcelAntWorkbookUtilFactory.java,29.0,1.0,0.0,2.0,5.0,6.0,0,0.0,0.0,0.0,0,true
src/java/org/apache/poi/POIDocument.java,198.0,20.0,96.0,16.0,27.0,45.0,0,0.0,0.0,0.0,0,true
src/java/org/apache/poi/hpsf/CodePageString.java,152.0,7.0,1.0,7.0,13.0,24.0,0,0.0,0.0,0.0,0,false
src/java/org/apache/poi/hpsf/Property.java,282.0,7.0,0.0,12.0,38.0,47.0,1,0.0035087719298245615,2926.515625,141355.95786452934,1,true
src/java/org/apache/poi/hpsf/TypedPropertyValue.java,169.0,4.0,11.0,7.0,16.0,14.0,1,0.0035087719298245615,2926.515625,141355.95786452934,1,true
src/java/org/apache/poi/hpsf/Vector.java,41.0,3.0,0.0,4.0,4.0,10.0,1,0.0035087719298245615,2926.515625,141355.95786452934,1,true
src/java/org/apache/poi/hpsf/VersionedStream.java,11.0,1.0,0.0,2.0,1.0,3.0,0,0.0,0.0,0.0,0,false
src/java/org/apache/poi/hssf/dev/BiffViewer.java,754.0,19.0,26.0,8.0,36.0,40.0,1,0.0035087719298245615,2926.515625,141355.95786452934,1,true
src/java/org/apache/poi/hssf/model/InternalSheet.java,1280.0,58.0,3851.0,98.0,268.0,260.0,1,0.0035087719298245615,2926.515625,141355.95786452934,1,true
src/java/org/apache/poi/hssf/model/InternalWorkbook.java,1954.0,75.0,4513.0,111.0,409.0,346.0,1,0.0035087719298245615,2926.515625,141355.95786452934,1,true
src/java/org/apache/poi/hssf/model/LinkTable.java,425.0,14.0,113.0,26.0,95.0,89.0,1,0.0035087719298245615,2926.515625,141355.95786452934,1,true
src/java/org/apache/poi/hssf/record/DConRefRecord.java,206.0,3.0,18.0,13.0,18.0,33.0,1,0.0035087719298245615,2926.515625,141355.95786452934,1,true
src/java/org/apache/poi/hssf/record/RecordFactory.java,244.0,8.0,39.0,10.0,62.0,38.0,1,0.0035087719298245615,2926.515625,141355.95786452934,1,true
src/java/org/apache/poi/hssf/record/StandardRecord.java,35.0,2.0,6.0,4.0,8.0,8.0,1,0.0035087719298245615,2926.515625,141355.95786452934,1,true
src/java/org/apache/poi/hssf/record/SupBookRecord.java,199.0,4.0,37.0,19.0,24.0,52.0,1,0.0035087719298245615,2926.515625,141355.95786452934,1,true
src/java/org/apache/poi/hssf/record/aggregates/SharedValueManager.java,212.0,12.0,36.0,12.0,32.0,43.0,1,0.0035087719298245615,2926.515625,141355.95786452934,1,true
src/java/org/apache/poi/hssf/usermodel/HSSFEvaluationCell.java,48.0,2.0,0.0,13.0,10.0,24.0,1,0.0035087719298245615,2926.515625,141355.95786452934,1,true
src/java/org/apache/poi/hssf/usermodel/HSSFFormulaEvaluator.java,322.0,15.0,180.0,24.0,54.0,74.0,1,0.0035087719298245615,2926.515625,141355.95786452934,1,true
src/java/org/apache/poi/hssf/usermodel/HSSFSheet.java,1535.0,32.0,2259.0,142.0,386.0,354.0,1,0.0035087719298245615,2926.515625,141355.95786452934,1,true
src/java/org/apache/poi/hssf/usermodel/HSSFWorkbook.java,1334.0,44.0,1107.0,98.0,318.0,270.0,1,0.0035087719298245615,2926.515625,141355.95786452934,1,true
src/java/org/apache/poi/poifs/filesystem/EntryUtils.java,176.0,7.0,28.0,8.0,39.0,32.0,0,0.0,0.0,0.0,0,true
src/java/org/apache/poi/poifs/filesystem/FilteringDirectoryNode.java,143.0,12.0,13.0,19.0,27.0,49.0,0,0.0,0.0,0.0,0,false
src/java/org/apache/poi/poifs/filesystem/NPOIFSFileSystem.java,556.0,37.0,585.0,42.0,131.0,123.0,1,0.0035087719298245615,101.0,111.73041962697869,1,true
src/java/org/apache/poi/poifs/filesystem/Ole10Native.java,222.0,6.0,98.0,16.0,14.0,48.0,1,0.0035087719298245615,2926.515625,141355.95786452934,1,true
src/java/org/apache/poi/poifs/property/NPropertyTable.java,77.0,13.0,4.0,5.0,23.0,17.0,1,0.0035087719298245615,200.66666666666666,609.0452496161514,1,true
src/java/org/apache/poi/ss/format/CellDateFormatter.java,151.0,8.0,1.0,3.0,16.0,9.0,1,0.0035087719298245615,200.66666666666666,609.0452496161514,1,true
src/java/org/apache/poi/ss/format/CellFormat.java,237.0,10.0,23.0,10.0,37.0,46.0,2,0.007017543859649123,3127.1822916666665,141965.00311414548,2,false
src/java/org/apache/poi/ss/formula/EvaluationCell.java,22.0,0.0,45.0,10.0,0.0,13.0,1,0.0035087719298245615,2926.515625,141355.95786452934,1,true
src/java/org/apache/poi/ss/formula/FormulaParser.java,1355.0,12.0,963.0,62.0,242.0,257.0,0,0.0,0.0,0.0,0,true
src/java/org/apache/poi/ss/formula/OperationEvaluationContext.java,238.0,12.0,99.0,18.0,53.0,55.0,1,0.0035087719298245615,2926.515625,141355.95786452934,1,true
src/java/org/apache/poi/ss/formula/WorkbookEvaluator.java,541.0,51.0,326.0,33.0,125.0,109.0,1,0.0035087719298245615,2926.515625,141355.95786452934,1,true
src/java/org/apache/poi/ss/formula/atp/AnalysisToolPak.java,183.0,13.0,3.0,7.0,16.0,20.0,1,0.0035087719298245615,2926.515625,141355.95786452934,1,true
src/java/org/apache/poi/ss/formula/atp/ArgumentsEvaluator.java,75.0,9.0,6.0,4.0,19.0,15.0,0,0.0,0.0,0.0,0,true
src/java/org/apache/poi/ss/formula/atp/DateParser.java,62.0,5.0,3.0,3.0,8.0,12.0,0,0.0,0.0,0.0,0,true
src/java/org/apache/poi/ss/formula/atp/MRound.java,37.0,4.0,1.0,2.0,7.0,7.0,0,0.0,0.0,0.0,0,true
src/java/org/apache/poi/ss/formula/atp/NetworkdaysFunction.java,48.0,6.0,0.0,2.0,5.0,6.0,0,0.0,0.0,0.0,0,true
src/java/org/apache/poi/ss/formula/atp/WorkdayCalculator.java,129.0,3.0,36.0,9.0,25.0,27.0,0,0.0,0.0,0.0,0,true
src/java/org/apache/poi/ss/formula/atp/WorkdayFunction.java,42.0,7.0,0.0,2.0,8.0,6.0,0,0.0,0.0,0.0,0,true
src/java/org/apache/poi/ss/formula/atp/YearFrac.java,60.0,12.0,6.0,4.0,15.0,13.0,1,0.0035087719298245615,2926.515625,141355.95786452934,1,true
src/java/org/apache/poi/ss/formula/eval/FunctionEval.java,243.0,5.0,0.0,4.0,10.0,19.0,1,0.0035087719298245615,2926.515625,141355.95786452934,1,true
src/java/org/apache/poi/ss/formula/eval/forked/ForkedEvaluationCell.java,109.0,9.0,41.0,14.0,18.0,32.0,1,0.0035087719298245615,2926.515625,141355.95786452934,1,true
src/java/org/apache/poi/ss/formula/functions/Countif.java,469.0,13.0,21.0,7.0,31.0,27.0,1,0.0035087719298245615,2926.515625,141355.95786452934,1,true
src/java/org/apache/poi/ss/formula/functions/Sumifs.java,98.0,3.0,10.0,5.0,18.0,21.0,1,0.0035087719298245615,2926.515625,141355.95786452934,1,false
src/java/org/apache/poi/ss/formula/functions/TextFunction.java,318.0,8.0,120.0,16.0,38.0,49.0,0,0.0,0.0,0.0,0,true
src/java/org/apache/poi/ss/usermodel/ConditionalFormatting.java,70.0,2.0,10.0,5.0,0.0,9.0,1,0.0035087719298245615,2926.515625,141355.95786452934,1,false
src/java/org/apache/poi/ss/usermodel/DataFormatter.java,861.0,21.0,273.0,26.0,120.0,101.0,1,0.0035087719298245615,200.66666666666666,609.0452496161514,1,true
src/java/org/apache/poi/ss/usermodel/SheetConditionalFormatting.java,103.0,1.0,45.0,10.0,0.0,29.0,0,0.0,0.0,0.0,0,false
src/java/org/apache/poi/ss/usermodel/Workbook.java,448.0,5.0,1326.0,52.0,0.0,120.0,0,0.0,0.0,0.0,0,true
src/java/org/apache/poi/ss/util/SheetUtil.java,208.0,6.0,72.0,13.0,67.0,34.0,0,0.0,0.0,0.0,0,true
src/java/org/apache/poi/util/LittleEndian.java,510.0,4.0,990.0,45.0,36.0,106.0,0,0.0,0.0,0.0,0,true
src/ooxml/java/org/apache/poi/POIXMLPropertiesTextExtractor.java,190.0,5.0,55.0,11.0,112.0,29.0,1,0.0035087719298245615,200.66666666666666,609.0452496161514,1,true
src/ooxml/java/org/apache/poi/openxml4j/opc/OPCPackage.java,954.0,36.0,1589.0,62.0,192.0,223.0,2,0.007017543859649123,3127.1822916666665,141965.00311414548,2,true
src/ooxml/java/org/apache/poi/openxml4j/util/ZipFileZipEntrySource.java,25.0,5.0,0.0,4.0,3.0,12.0,1,0.0035087719298245615,200.66666666666666,609.0452496161514,1,true
src/ooxml/java/org/apache/poi/ss/usermodel/WorkbookFactory.java,59.0,13.0,10.0,5.0,9.0,18.0,0,0.0,0.0,0.0,0,true
src/ooxml/java/org/apache/poi/util/Units.java,13.0,0.0,0.0,2.0,1.0,4.0,0,0.0,0.0,0.0,0,false
src/ooxml/java/org/apache/poi/xslf/extractor/XSLFPowerPointExtractor.java,123.0,20.0,43.0,11.0,27.0,29.0,0,0.0,0.0,0.0,0,true
src/ooxml/java/org/apache/poi/xslf/model/CharacterPropertyFetcher.java,16.0,2.0,3.0,3.0,3.0,5.0,0,0.0,0.0,0.0,0,false
src/ooxml/java/org/apache/poi/xslf/model/geom/ArcToCommand.java,29.0,4.0,0.0,2.0,13.0,2.0,0,0.0,0.0,0.0,0,false
src/ooxml/java/org/apache/poi/xslf/model/geom/Context.java,40.0,3.0,4.0,5.0,10.0,13.0,0,0.0,0.0,0.0,0,false
src/ooxml/java/org/apache/poi/xslf/model/geom/CustomGeometry.java,39.0,5.0,0.0,3.0,15.0,7.0,1,0.0035087719298245615,2926.515625,141355.95786452934,1,false
src/ooxml/java/org/apache/poi/xslf/model/geom/IAdjustableShape.java,12.0,0.0,0.0,1.0,0.0,2.0,0,0.0,0.0,0.0,0,false
src/ooxml/java/org/apache/poi/xslf/model/geom/LineToCommand.java,20.0,2.0,0.0,3.0,5.0,3.0,0,0.0,0.0,0.0,0,false
src/ooxml/java/org/apache/poi/xslf/model/geom/MoveToCommand.java,20.0,2.0,0.0,3.0,5.0,3.0,0,0.0,0.0,0.0,0,false
src/ooxml/java/org/apache/poi/xslf/model/geom/Outline.java,18.0,1.0,0.0,3.0,0.0,5.0,0,0.0,0.0,0.0,0,false
src/ooxml/java/org/apache/poi/xslf/model/geom/Path.java,83.0,9.0,16.0,9.0,12.0,19.0,1,0.0035087719298245615,2926.515625,141355.95786452934,1,false
src/ooxml/java/org/apache/poi/xslf/model/geom/PresetGeometries.java,31.0,5.0,3.0,3.0,10.0,10.0,0,0.0,0.0,0.0,0,false
src/ooxml/java/org/apache/poi/xslf/usermodel/LineCap.java,0.0,0.0,0.0,0.0,0.0,0.0,0,0.0,0.0,0.0,0,false
src/ooxml/java/org/apache/poi/xslf/usermodel/ListAutoNumber.java,0.0,0.0,0.0,0.0,0.0,0.0,0,0.0,0.0,0.0,0,false
src/ooxml/java/org/apache/poi/xslf/usermodel/Placeholder.java,0.0,0.0,0.0,0.0,0.0,0.0,0,0.0,0.0,0.0,0,false
src/ooxml/java/org/apache/poi/xslf/usermodel/RenderableShape.java,439.0,45.0,82.0,21.0,187.0,76.0,1,0.0035087719298245615,2926.515625,141355.95786452934,1,false
src/ooxml/java/org/apache/poi/xslf/usermodel/SlideLayout.java,0.0,0.0,0.0,0.0,0.0,0.0,0,0.0,0.0,0.0,0,false
src/ooxml/java/org/apache/poi/xslf/usermodel/TextAlign.java,0.0,0.0,0.0,0.0,0.0,0.0,0,0.0,0.0,0.0,0,false
src/ooxml/java/org/apache/poi/xslf/usermodel/TextCap.java,0.0,0.0,0.0,0.0,0.0,0.0,1,0.0035087719298245615,2926.515625,141355.95786452934,1,false
src/ooxml/java/org/apache/poi/xslf/usermodel/TextFragment.java,52.0,4.0,0.0,6.0,18.0,17.0,1,0.0035087719298245615,2926.515625,141355.95786452934,1,false
src/ooxml/java/org/apache/poi/xslf/usermodel/XMLSlideShow.java,277.0,28.0,166.0,24.0,110.0,77.0,1,0.0035087719298245615,2926.515625,141355.95786452934,1,true
src/ooxml/java/org/apache/poi/xslf/usermodel/XSLFAutoShape.java,50.0,8.0,10.0,5.0,24.0,14.0,1,0.0035087719298245615,2926.515625,141355.95786452934,1,false
src/ooxml/java/org/apache/poi/xslf/usermodel/XSLFBackground.java,58.0,12.0,15.0,6.0,27.0,15.0,1,0.0035087719298245615,2926.515625,141355.95786452934,1,false
src/ooxml/java/org/apache/poi/xslf/usermodel/XSLFColor.java,484.0,14.0,508.0,33.0,78.0,94.0,0,0.0,0.0,0.0,0,false
src/ooxml/java/org/apache/poi/xslf/usermodel/XSLFConnectorShape.java,33.0,23.0,3.0,3.0,12.0,6.0,1,0.0035087719298245615,2926.515625,141355.95786452934,1,false
src/ooxml/java/org/apache/poi/xslf/usermodel/XSLFDrawing.java,68.0,10.0,0.0,8.0,34.0,17.0,0,0.0,0.0,0.0,0,false
src/ooxml/java/org/apache/poi/xslf/usermodel/XSLFFontManager.java,13.0,0.0,0.0,1.0,0.0,2.0,0,0.0,0.0,0.0,0,false
src/ooxml/java/org/apache/poi/xslf/usermodel/XSLFFreeformShape.java,130.0,19.0,6.0,4.0,65.0,16.0,0,0.0,0.0,0.0,0,false
src/ooxml/java/org/apache/poi/xslf/usermodel/XSLFGraphicFrame.java,98.0,8.0,88.0,16.0,34.0,33.0,0,0.0,0.0,0.0,0,false
src/ooxml/java/org/apache/poi/xslf/usermodel/XSLFGroupShape.java,228.0,21.0,148.0,28.0,136.0,62.0,1,0.0035087719298245615,2926.515625,141355.95786452934,1,true
src/ooxml/java/org/apache/poi/xslf/usermodel/XSLFImageRenderer.java,60.0,11.0,1.0,2.0,10.0,8.0,1,0.0035087719298245615,2926.515625,141355.95786452934,1,true
src/ooxml/java/org/apache/poi/xslf/usermodel/XSLFLineBreak.java,16.0,2.0,1.0,3.0,0.0,6.0,1,0.0035087719298245615,2926.515625,141355.95786452934,1,false
src/ooxml/java/org/apache/poi/xslf/usermodel/XSLFNotes.java,43.0,9.0,9.0,6.0,12.0,14.0,0,0.0,0.0,0.0,0,true
src/ooxml/java/org/apache/poi/xslf/usermodel/XSLFNotesMaster.java,37.0,7.0,4.0,5.0,7.0,9.0,0,0.0,0.0,0.0,0,true
src/ooxml/java/org/apache/poi/xslf/usermodel/XSLFPictureData.java,124.0,8.0,21.0,7.0,16.0,20.0,1,0.0035087719298245615,2926.515625,141355.95786452934,1,true
src/ooxml/java/org/apache/poi/xslf/usermodel/XSLFPictureShape.java,90.0,18.0,21.0,7.0,49.0,18.0,1,0.0035087719298245615,2926.515625,141355.95786452934,1,true
src/ooxml/java/org/apache/poi/xslf/usermodel/XSLFRenderingHint.java,39.0,2.0,1.0,2.0,0.0,3.0,0,0.0,0.0,0.0,0,false
src/ooxml/java/org/apache/poi/xslf/usermodel/XSLFShadow.java,84.0,7.0,30.0,9.0,38.0,19.0,0,0.0,0.0,0.0,0,false
src/ooxml/java/org/apache/poi/xslf/usermodel/XSLFShape.java,118.0,6.0,91.0,14.0,20.0,28.0,0,0.0,0.0,0.0,0,false
src/ooxml/java/org/apache/poi/xslf/usermodel/XSLFShapeContainer.java,53.0,0.0,36.0,9.0,0.0,16.0,1,0.0035087719298245615,2926.515625,141355.95786452934,1,false
src/ooxml/java/org/apache/poi/xslf/usermodel/XSLFShapeType.java,0.0,0.0,0.0,0.0,0.0,0.0,1,0.0035087719298245615,2926.515625,141355.95786452934,1,false
src/ooxml/java/org/apache/poi/xslf/usermodel/XSLFSheet.java,404.0,29.0,709.0,39.0,142.0,113.0,1,0.0035087719298245615,2926.515625,141355.95786452934,1,true
src/ooxml/java/org/apache/poi/xslf/usermodel/XSLFSimpleShape.java,764.0,19.0,1552.0,57.0,424.0,184.0,1,0.0035087719298245615,2926.515625,141355.95786452934,1,false
src/ooxml/java/org/apache/poi/xslf/usermodel/XSLFSlide.java,158.0,19.0,106.0,17.0,62.0,47.0,0,0.0,0.0,0.0,0,false
src/ooxml/java/org/apache/poi/xslf/usermodel/XSLFSlideLayout.java,103.0,11.0,36.0,13.0,31.0,34.0,0,0.0,0.0,0.0,0,false
src/ooxml/java/org/apache/poi/xslf/usermodel/XSLFSlideMaster.java,123.0,15.0,44.0,12.0,29.0,35.0,0,0.0,0.0,0.0,0,false
src/ooxml/java/org/apache/poi/xslf/usermodel/XSLFTable.java,112.0,18.0,0.0,11.0,47.0,29.0,1,0.0035087719298245615,2926.515625,141355.95786452934,1,true
src/ooxml/java/org/apache/poi/xslf/usermodel/XSLFTableCell.java,222.0,17.0,549.0,34.0,193.0,65.0,1,0.0035087719298245615,2926.515625,141355.95786452934,1,true
src/ooxml/java/org/apache/poi/xslf/usermodel/XSLFTextBox.java,28.0,4.0,1.0,2.0,15.0,3.0,1,0.0035087719298245615,2926.515625,141355.95786452934,1,false
src/ooxml/java/org/apache/poi/xslf/usermodel/XSLFTextParagraph.java,893.0,19.0,1239.0,59.0,446.0,198.0,1,0.0035087719298245615,2926.515625,141355.95786452934,1,true
src/ooxml/java/org/apache/poi/xslf/usermodel/XSLFTextRun.java,448.0,20.0,725.0,46.0,247.0,141.0,1,0.0035087719298245615,2926.515625,141355.95786452934,1,false
src/ooxml/java/org/apache/poi/xslf/usermodel/XSLFTextShape.java,472.0,22.0,685.0,39.0,187.0,120.0,0,0.0,0.0,0.0,0,false
src/ooxml/java/org/apache/poi/xslf/usermodel/XSLFTheme.java,96.0,20.0,0.0,12.0,41.0,27.0,0,0.0,0.0,0.0,0,true
src/ooxml/java/org/apache/poi/xslf/util/PPTX2PNG.java,65.0,10.0,1.0,2.0,22.0,8.0,0,0.0,0.0,0.0,0,false
src/ooxml/java/org/apache/poi/xssf/dev/XSSFSave.java,19.0,3.0,0.0,1.0,6.0,3.0,0,0.0,0.0,0.0,0,true
src/ooxml/java/org/apache/poi/xssf/eventusermodel/XSSFSheetXMLHandler.java,244.0,8.0,0.0,6.0,25.0,28.0,0,0.0,0.0,0.0,0,true
src/ooxml/java/org/apache/poi/xssf/extractor/XSSFExcelExtractor.java,146.0,18.0,66.0,13.0,40.0,29.0,1,0.0035087719298245615,2926.515625,141355.95786452934,1,true
src/ooxml/java/org/apache/poi/xssf/streaming/GZIPSheetDataWriter.java,29.0,3.0,6.0,4.0,3.0,11.0,0,0.0,0.0,0.0,0,true
src/ooxml/java/org/apache/poi/xssf/streaming/SXSSFRow.java,321.0,8.0,251.0,27.0,24.0,81.0,1,0.0035087719298245615,2926.515625,141355.95786452934,1,true
src/ooxml/java/org/apache/poi/xssf/streaming/SXSSFSheet.java,927.0,11.0,0.0,107.0,131.0,267.0,1,0.0035087719298245615,2926.515625,141355.95786452934,1,true
src/ooxml/java/org/apache/poi/xssf/streaming/SXSSFWorkbook.java,793.0,23.0,0.0,71.0,100.0,182.0,1,0.0035087719298245615,2926.515625,141355.95786452934,1,true
src/ooxml/java/org/apache/poi/xssf/streaming/SheetDataWriter.java,185.0,6.0,73.0,15.0,25.0,44.0,1,0.0035087719298245615,2926.515625,141355.95786452934,1,true
src/ooxml/java/org/apache/poi/xssf/usermodel/XSSFCellStyle.java,1187.0,28.0,1573.0,87.0,341.0,279.0,1,0.0035087719298245615,2926.515625,141355.95786452934,1,true
src/ooxml/java/org/apache/poi/xssf/usermodel/XSSFDrawing.java,272.0,22.0,168.0,21.0,104.0,51.0,1,0.0035087719298245615,2926.515625,141355.95786452934,1,true
src/ooxml/java/org/apache/poi/xssf/usermodel/XSSFEvaluationCell.java,48.0,2.0,0.0,13.0,10.0,24.0,1,0.0035087719298245615,2926.515625,141355.95786452934,1,true
src/ooxml/java/org/apache/poi/xssf/usermodel/XSSFEvaluationWorkbook.java,133.0,16.0,99.0,22.0,33.0,50.0,0,0.0,0.0,0.0,0,true
src/ooxml/java/org/apache/poi/xssf/usermodel/XSSFGraphicFrame.java,125.0,9.0,33.0,14.0,39.0,24.0,1,0.0035087719298245615,2926.515625,141355.95786452934,1,true
src/ooxml/java/org/apache/poi/xssf/usermodel/XSSFHyperlink.java,216.0,7.0,84.0,24.0,38.0,52.0,1,0.0035087719298245615,2926.515625,141355.95786452934,1,true
src/ooxml/java/org/apache/poi/xssf/usermodel/XSSFSheet.java,2544.0,85.0,11885.0,210.0,889.0,650.0,1,0.0035087719298245615,2926.515625,141355.95786452934,1,true
src/ooxml/java/org/apache/poi/xssf/usermodel/XSSFSimpleShape.java,157.0,9.0,0.0,8.0,100.0,21.0,1,0.0035087719298245615,2926.515625,141355.95786452934,1,true
src/ooxml/java/org/apache/poi/xssf/usermodel/XSSFWorkbook.java,1319.0,42.0,3106.0,96.0,362.0,287.0,1,0.0035087719298245615,2926.515625,141355.95786452934,1,true
src/ooxml/java/org/apache/poi/xssf/usermodel/charts/XSSFManualLayout.java,191.0,14.0,0.0,26.0,82.0,69.0,1,0.0035087719298245615,2926.515625,141355.95786452934,1,false
src/ooxml/java/org/apache/poi/xwpf/usermodel/XWPFDocument.java,1062.0,54.0,2884.0,84.0,319.0,271.0,2,0.007017543859649123,3127.1822916666665,141965.00311414548,2,true
src/ooxml/java/org/apache/poi/xwpf/usermodel/XWPFFootnote.java,271.0,11.0,130.0,24.0,60.0,66.0,0,0.0,0.0,0.0,0,true
src/ooxml/java/org/apache/poi/xwpf/usermodel/XWPFFootnotes.java,102.0,18.0,19.0,11.0,26.0,29.0,0,0.0,0.0,0.0,0,true
src/ooxml/java/org/apache/poi/xwpf/usermodel/XWPFParagraph.java,1061.0,34.0,1959.0,67.0,297.0,235.0,0,0.0,0.0,0.0,0,true
src/ooxml/java/org/apache/poi/xwpf/usermodel/XWPFRelation.java,46.0,4.0,0.0,2.0,3.0,7.0,2,0.007017543859649123,3127.1822916666665,141965.00311414548,2,true
src/ooxml/java/org/apache/poi/xwpf/usermodel/XWPFRun.java,623.0,52.0,0.0,38.0,231.0,126.0,1,0.0035087719298245615,2926.515625,141355.95786452934,1,true
src/ooxml/java/org/apache/poi/xwpf/usermodel/XWPFSettings.java,126.0,17.0,13.0,11.0,37.0,31.0,2,0.007017543859649123,3127.1822916666665,141965.00311414548,2,true
src/ooxml/java/org/apache/poi/xwpf/usermodel/XWPFStyles.java,216.0,23.0,43.0,15.0,73.0,42.0,1,0.0035087719298245615,200.66666666666666,609.0452496161514,1,true
src/ooxml/java/org/apache/poi/xwpf/usermodel/XWPFTable.java,500.0,20.0,812.0,45.0,234.0,112.0,1,0.0035087719298245615,2926.515625,141355.95786452934,1,true
src/ooxml/java/org/apache/poi/xwpf/usermodel/XWPFTableCell.java,357.0,18.0,138.0,28.0,106.0,78.0,1,0.0035087719298245615,2926.515625,141355.95786452934,1,true
src/ooxml/java/org/apache/poi/xwpf/usermodel/XWPFTableRow.java,157.0,10.0,48.0,16.0,49.0,43.0,1,0.0035087719298245615,2926.515625,141355.95786452934,1,true
src/ooxml/testcases/org/apache/poi/TestXMLPropertiesTextExtractor.java,62.0,6.0,0.0,5.0,33.0,13.0,1,0.0035087719298245615,200.66666666666666,609.0452496161514,1,true
src/ooxml/testcases/org/apache/poi/openxml4j/opc/compliance/TestOPCComplianceCoreProperties.java,167.0,15.0,55.0,11.0,46.0,29.0,1,0.0035087719298245615,200.66666666666666,609.0452496161514,1,true
src/ooxml/testcases/org/apache/poi/xslf/TestXSLFBugs.java,53.0,9.0,1.0,2.0,24.0,6.0,1,0.0035087719298245615,2926.515625,141355.95786452934,1,true
src/ooxml/testcases/org/apache/poi/xslf/TestXSLFSlideShow.java,55.0,7.0,0.0,5.0,40.0,12.0,0,0.0,0.0,0.0,0,true
src/ooxml/testcases/org/apache/poi/xslf/XSLFTestDataSamples.java,25.0,6.0,1.0,2.0,6.0,8.0,0,0.0,0.0,0.0,0,true
src/ooxml/testcases/org/apache/poi/xslf/extractor/TestXSLFPowerPointExtractor.java,96.0,4.0,0.0,6.0,41.0,16.0,1,0.0035087719298245615,2926.515625,141355.95786452934,1,true
src/ooxml/testcases/org/apache/poi/xslf/geom/TestFormulaParser.java,21.0,6.0,0.0,1.0,4.0,2.0,0,0.0,0.0,0.0,0,false
src/ooxml/testcases/org/apache/poi/xslf/geom/TestPresetGeometries.java,23.0,10.0,1.0,2.0,7.0,5.0,0,0.0,0.0,0.0,0,false
src/ooxml/testcases/org/apache/poi/xslf/usermodel/TestPPTX2PNG.java,18.0,5.0,0.0,1.0,5.0,2.0,0,0.0,0.0,0.0,0,false
src/ooxml/testcases/org/apache/poi/xslf/usermodel/TestXMLSlideShow.java,88.0,7.0,0.0,6.0,55.0,17.0,0,0.0,0.0,0.0,0,false
src/ooxml/testcases/org/apache/poi/xslf/usermodel/TestXSLFAutoShape.java,222.0,4.0,6.0,4.0,115.0,6.0,1,0.0035087719298245615,2926.515625,141355.95786452934,1,false
src/ooxml/testcases/org/apache/poi/xslf/usermodel/TestXSLFColor.java,95.0,7.0,10.0,5.0,59.0,6.0,0,0.0,0.0,0.0,0,false
src/ooxml/testcases/org/apache/poi/xslf/usermodel/TestXSLFConnectorShape.java,73.0,4.0,0.0,1.0,29.0,1.0,0,0.0,0.0,0.0,0,false
src/ooxml/testcases/org/apache/poi/xslf/usermodel/TestXSLFFreeformShape.java,18.0,4.0,0.0,1.0,10.0,2.0,0,0.0,0.0,0.0,0,false
src/ooxml/testcases/org/apache/poi/xslf/usermodel/TestXSLFGroupShape.java,60.0,3.0,1.0,2.0,19.0,2.0,0,0.0,0.0,0.0,0,false
src/ooxml/testcases/org/apache/poi/xslf/usermodel/TestXSLFHyperlink.java,61.0,5.0,1.0,2.0,34.0,3.0,0,0.0,0.0,0.0,0,false
src/ooxml/testcases/org/apache/poi/xslf/usermodel/TestXSLFPictureShape.java,98.0,8.0,6.0,4.0,51.0,5.0,1,0.0035087719298245615,2926.515625,141355.95786452934,1,true
src/ooxml/testcases/org/apache/poi/xslf/usermodel/TestXSLFShape.java,62.0,4.0,1.0,2.0,26.0,2.0,0,0.0,0.0,0.0,0,false
src/ooxml/testcases/org/apache/poi/xslf/usermodel/TestXSLFShapeContainer.java,27.0,4.0,1.0,2.0,10.0,4.0,1,0.0035087719298245615,2926.515625,141355.95786452934,1,false
src/ooxml/testcases/org/apache/poi/xslf/usermodel/TestXSLFSheet.java,37.0,2.0,0.0,1.0,11.0,1.0,0,0.0,0.0,0.0,0,false
src/ooxml/testcases/org/apache/poi/xslf/usermodel/TestXSLFSimpleShape.java,157.0,7.0,6.0,4.0,70.0,5.0,0,0.0,0.0,0.0,0,false
src/ooxml/testcases/org/apache/poi/xslf/usermodel/TestXSLFSlide.java,119.0,5.0,6.0,4.0,44.0,6.0,1,0.0035087719298245615,2926.515625,141355.95786452934,1,false
src/ooxml/testcases/org/apache/poi/xslf/usermodel/TestXSLFSlideShow.java,65.0,5.0,10.0,5.0,32.0,5.0,0,0.0,0.0,0.0,0,false
src/ooxml/testcases/org/apache/poi/xslf/usermodel/TestXSLFTable.java,106.0,5.0,1.0,2.0,70.0,3.0,1,0.0035087719298245615,2926.515625,141355.95786452934,1,true
src/ooxml/testcases/org/apache/poi/xslf/usermodel/TestXSLFTableStyles.java,11.0,1.0,0.0,1.0,5.0,1.0,0,0.0,0.0,0.0,0,false
src/ooxml/testcases/org/apache/poi/xslf/usermodel/TestXSLFTextBox.java,44.0,2.0,1.0,2.0,30.0,2.0,0,0.0,0.0,0.0,0,false
src/ooxml/testcases/org/apache/poi/xslf/usermodel/TestXSLFTextParagraph.java,226.0,8.0,10.0,5.0,90.0,14.0,1,0.0035087719298245615,2926.515625,141355.95786452934,1,false
src/ooxml/testcases/org/apache/poi/xslf/usermodel/TestXSLFTextRun.java,29.0,2.0,0.0,1.0,17.0,1.0,1,0.0035087719298245615,2926.515625,141355.95786452934,1,false
src/ooxml/testcases/org/apache/poi/xslf/usermodel/TestXSLFTextShape.java,643.0,9.0,55.0,11.0,330.0,27.0,0,0.0,0.0,0.0,0,false
src/ooxml/testcases/org/apache/poi/xslf/usermodel/TestXSLFTheme.java,100.0,4.0,66.0,12.0,105.0,16.0,0,0.0,0.0,0.0,0,false
src/ooxml/testcases/org/apache/poi/xssf/SXSSFITestDataProvider.java,40.0,10.0,21.0,7.0,5.0,16.0,0,0.0,0.0,0.0,0,false
src/ooxml/testcases/org/apache/poi/xssf/streaming/TestSXSSFCell.java,41.0,2.0,6.0,4.0,17.0,8.0,1,0.0035087719298245615,2926.515625,141355.95786452934,1,true
src/ooxml/testcases/org/apache/poi/xssf/streaming/TestSXSSFHyperlink.java,9.0,2.0,0.0,1.0,0.0,1.0,0,0.0,0.0,0.0,0,true
src/ooxml/testcases/org/apache/poi/xssf/streaming/TestSXSSFRow.java,14.0,3.0,3.0,3.0,4.0,3.0,1,0.0035087719298245615,2926.515625,141355.95786452934,1,true
src/ooxml/testcases/org/apache/poi/xssf/streaming/TestSXSSFSheet.java,53.0,2.0,15.0,6.0,12.0,12.0,0,0.0,0.0,0.0,0,true
src/ooxml/testcases/org/apache/poi/xssf/streaming/TestSXSSFWorkbook.java,144.0,5.0,21.0,7.0,51.0,11.0,0,0.0,0.0,0.0,0,true
src/ooxml/testcases/org/apache/poi/xssf/usermodel/TestXSSFBugs.java,880.0,32.0,595.0,35.0,405.0,90.0,2,0.007017543859649123,3127.1822916666665,141965.00311414548,2,true
src/ooxml/testcases/org/apache/poi/xssf/usermodel/TestXSSFCellStyle.java,477.0,21.0,0.0,23.0,295.0,30.0,0,0.0,0.0,0.0,0,true
src/ooxml/testcases/org/apache/poi/xssf/usermodel/TestXSSFDrawing.java,133.0,16.0,10.0,5.0,93.0,10.0,1,0.0035087719298245615,2926.515625,141355.95786452934,1,true
src/ooxml/testcases/org/apache/poi/xssf/usermodel/TestXSSFHyperlink.java,91.0,7.0,15.0,6.0,40.0,9.0,1,0.0035087719298245615,2926.515625,141355.95786452934,1,true
src/ooxml/testcases/org/apache/poi/xwpf/usermodel/TestXWPFRun.java,276.0,15.0,0.0,17.0,143.0,25.0,1,0.0035087719298245615,2926.515625,141355.95786452934,1,true
src/ooxml/testcases/org/apache/poi/xwpf/usermodel/TestXWPFSmartTag.java,13.0,3.0,0.0,1.0,5.0,2.0,0,0.0,0.0,0.0,0,true
src/ooxml/testcases/org/apache/poi/xwpf/usermodel/TestXWPFStyles.java,39.0,7.0,3.0,3.0,19.0,7.0,1,0.0035087719298245615,200.66666666666666,609.0452496161514,1,true
src/ooxml/testcases/org/apache/poi/xwpf/usermodel/TestXWPFTable.java,155.0,17.0,66.0,12.0,86.0,15.0,1,0.0035087719298245615,2926.515625,141355.95786452934,1,true
src/ooxml/testcases/org/apache/poi/xwpf/usermodel/TestXWPFTableCell.java,38.0,7.0,6.0,4.0,14.0,8.0,1,0.0035087719298245615,2926.515625,141355.95786452934,1,true
src/ooxml/testcases/org/apache/poi/xwpf/usermodel/TestXWPFTableRow.java,32.0,3.0,10.0,5.0,14.0,8.0,1,0.0035087719298245615,2926.515625,141355.95786452934,1,false
src/scratchpad/src/org/apache/poi/hdgf/streams/ChunkStream.java,40.0,5.0,0.0,3.0,13.0,7.0,0,0.0,0.0,0.0,0,true
src/scratchpad/src/org/apache/poi/hslf/extractor/PowerPointExtractor.java,232.0,13.0,133.0,18.0,36.0,45.0,0,0.0,0.0,0.0,0,true
src/scratchpad/src/org/apache/poi/hslf/model/Fill.java,194.0,8.0,0.0,11.0,68.0,31.0,1,0.0035087719298245615,2926.515625,141355.95786452934,1,true
src/scratchpad/src/org/apache/poi/hslf/model/Shape.java,369.0,7.0,266.0,29.0,83.0,74.0,1,0.0035087719298245615,2926.515625,141355.95786452934,1,true
src/scratchpad/src/org/apache/poi/hslf/model/Sheet.java,347.0,7.0,215.0,23.0,84.0,69.0,0,0.0,0.0,0.0,0,true
src/scratchpad/src/org/apache/poi/hslf/model/SimpleShape.java,304.0,13.0,229.0,22.0,82.0,61.0,1,0.0035087719298245615,2926.515625,141355.95786452934,1,true
src/scratchpad/src/org/apache/poi/hsmf/MAPIMessage.java,478.0,29.0,330.0,36.0,47.0,131.0,1,0.0035087719298245615,200.66666666666666,609.0452496161514,1,true
src/scratchpad/src/org/apache/poi/hssf/converter/AbstractExcelUtils.java,125.0,11.0,36.0,9.0,9.0,30.0,0,0.0,0.0,0.0,0,false
src/scratchpad/src/org/apache/poi/hwpf/converter/FoDocumentFacade.java,198.0,6.0,153.0,42.0,73.0,81.0,1,0.0035087719298245615,2926.515625,141355.95786452934,1,true
src/scratchpad/src/org/apache/poi/hwpf/model/CHPBinTable.java,287.0,23.0,24.0,12.0,83.0,39.0,1,0.0035087719298245615,2926.515625,141355.95786452934,1,true
src/scratchpad/src/org/apache/poi/hwpf/model/CHPFormattedDiskPage.java,118.0,6.0,23.0,10.0,21.0,23.0,0,0.0,0.0,0.0,0,true
src/scratchpad/src/org/apache/poi/hwpf/model/FileInformationBlock.java,589.0,10.0,0.0,128.0,175.0,216.0,0,0.0,0.0,0.0,0,true
src/scratchpad/src/org/apache/poi/hwpf/model/LFOData.java,37.0,4.0,0.0,5.0,6.0,12.0,0,0.0,0.0,0.0,0,false
src/scratchpad/src/org/apache/poi/hwpf/model/PAPBinTable.java,151.0,19.0,13.0,11.0,48.0,28.0,1,0.0035087719298245615,2926.515625,141355.95786452934,1,true
src/scratchpad/src/org/apache/poi/hwpf/model/PAPFormattedDiskPage.java,201.0,9.0,31.0,11.0,28.0,29.0,1,0.0035087719298245615,2926.515625,141355.95786452934,1,true
src/scratchpad/src/org/apache/poi/hwpf/model/PicturesTable.java,159.0,16.0,50.0,13.0,44.0,39.0,1,0.0035087719298245615,2926.515625,141355.95786452934,1,true
src/scratchpad/src/org/apache/poi/hwpf/model/SectionDescriptor.java,61.0,2.0,0.0,7.0,4.0,12.0,0,0.0,0.0,0.0,0,false
src/scratchpad/src/org/apache/poi/hwpf/model/types/PICFAbstractType.java,503.0,2.0,1478.0,60.0,38.0,130.0,1,0.0035087719298245615,2926.515625,141355.95786452934,1,true
src/scratchpad/src/org/apache/poi/hwpf/usermodel/CharacterRun.java,400.0,4.0,0.0,73.0,130.0,131.0,1,0.0035087719298245615,200.66666666666666,609.0452496161514,1,true
src/scratchpad/src/org/apache/poi/hwpf/usermodel/Picture.java,360.0,14.0,285.0,30.0,49.0,90.0,0,0.0,0.0,0.0,0,true
src/scratchpad/testcases/org/apache/poi/hslf/extractor/TestExtractor.java,211.0,12.0,0.0,15.0,72.0,32.0,1,0.0035087719298245615,101.0,111.73041962697869,1,true
src/scratchpad/testcases/org/apache/poi/hslf/model/TestBackground.java,143.0,9.0,4.0,4.0,47.0,10.0,0,0.0,0.0,0.0,0,true
src/scratchpad/testcases/org/apache/poi/hslf/model/TestShapes.java,284.0,12.0,0.0,12.0,125.0,30.0,1,0.0035087719298245615,2926.515625,141355.95786452934,1,true
src/scratchpad/testcases/org/apache/poi/hsmf/parsers/TestPOIFSChunkParser.java,219.0,20.0,0.0,7.0,63.0,19.0,0,0.0,0.0,0.0,0,false
src/scratchpad/testcases/org/apache/poi/hwpf/sprm/TableSprmUncompressorTest.java,18.0,2.0,0.0,1.0,8.0,1.0,0,0.0,0.0,0.0,0,false
src/scratchpad/testcases/org/apache/poi/hwpf/sprm/TestSprms.java,45.0,9.0,6.0,4.0,25.0,12.0,0,0.0,0.0,0.0,0,false
src/scratchpad/testcases/org/apache/poi/hwpf/usermodel/TestHWPFOldDocument.java,75.0,4.0,6.0,4.0,34.0,10.0,0,0.0,0.0,0.0,0,false
src/scratchpad/testcases/org/apache/poi/hwpf/usermodel/TestPictures.java,249.0,7.0,78.0,13.0,123.0,23.0,1,0.0035087719298245615,2926.515625,141355.95786452934,1,true
src/testcases/org/apache/poi/hpsf/TestVariantSupport.java,24.0,4.0,0.0,1.0,12.0,3.0,1,0.0035087719298245615,2926.515625,141355.95786452934,1,true
src/testcases/org/apache/poi/hssf/record/AllRecordTests.java,67.0,10.0,0.0,1.0,4.0,2.0,1,0.0035087719298245615,2926.515625,141355.95786452934,1,true
src/testcases/org/apache/poi/hssf/record/TestDConRefRecord.java,150.0,10.0,8.0,9.0,25.0,24.0,1,0.0035087719298245615,2926.515625,141355.95786452934,1,true
src/testcases/org/apache/poi/hssf/record/TestSupBookRecord.java,87.0,2.0,15.0,7.0,35.0,13.0,1,0.0035087719298245615,2926.515625,141355.95786452934,1,true
src/testcases/org/apache/poi/hssf/record/aggregates/TestSharedValueManager.java,133.0,12.0,8.0,5.0,30.0,22.0,1,0.0035087719298245615,2926.515625,141355.95786452934,1,true
src/testcases/org/apache/poi/hssf/usermodel/TestBugs.java,1693.0,22.0,7260.0,121.0,651.0,227.0,2,0.007017543859649123,3127.1822916666665,141965.00311414548,2,true
src/testcases/org/apache/poi/hssf/usermodel/TestExternalReferenceChange.java,27.0,4.0,0.0,2.0,13.0,4.0,1,0.0035087719298245615,2926.515625,141355.95786452934,1,true
src/testcases/org/apache/poi/poifs/filesystem/TestEntryUtils.java,111.0,6.0,0.0,3.0,27.0,6.0,0,0.0,0.0,0.0,0,false
src/testcases/org/apache/poi/poifs/filesystem/TestFilteringDirectoryNode.java,120.0,7.0,0.0,4.0,29.0,9.0,0,0.0,0.0,0.0,0,false
src/testcases/org/apache/poi/ss/formula/TestFunctionRegistry.java,102.0,10.0,15.0,6.0,14.0,14.0,1,0.0035087719298245615,2926.515625,141355.95786452934,1,false
src/testcases/org/apache/poi/ss/formula/TestMissingWorkbook.java,62.0,6.0,0.0,4.0,36.0,9.0,1,0.0035087719298245615,2926.515625,141355.95786452934,1,true
src/testcases/org/apache/poi/ss/formula/atp/TestDateParser.java,42.0,6.0,10.0,5.0,20.0,10.0,1,0.0035087719298245615,2926.515625,141355.95786452934,1,true
src/testcases/org/apache/poi/ss/formula/atp/TestNetworkdaysFunction.java,61.0,19.0,8.0,8.0,23.0,8.0,1,0.0035087719298245615,2926.515625,141355.95786452934,1,true
src/testcases/org/apache/poi/ss/formula/atp/TestWorkdayCalculator.java,58.0,5.0,45.0,10.0,30.0,10.0,1,0.0035087719298245615,2926.515625,141355.95786452934,1,true
src/testcases/org/apache/poi/ss/formula/atp/TestWorkdayFunction.java,61.0,23.0,8.0,8.0,28.0,8.0,1,0.0035087719298245615,2926.515625,141355.95786452934,1,true
src/testcases/org/apache/poi/ss/formula/functions/TestCountFuncs.java,341.0,22.0,274.0,24.0,79.0,50.0,2,0.007017543859649123,3127.1822916666665,141965.00311414548,2,false
src/testcases/org/apache/poi/ss/formula/functions/TestSumifs.java,96.0,7.0,15.0,7.0,20.0,16.0,1,0.0035087719298245615,2926.515625,141355.95786452934,1,false
src/testcases/org/apache/poi/ss/formula/functions/TestText.java,78.0,9.0,0.0,4.0,16.0,8.0,0,0.0,0.0,0.0,0,true
src/testcases/org/apache/poi/ss/usermodel/BaseTestRow.java,310.0,3.0,0.0,11.0,113.0,18.0,1,0.0035087719298245615,2926.515625,141355.95786452934,1,true
src/testcases/org/apache/poi/ss/usermodel/BaseTestSheet.java,531.0,6.0,0.0,24.0,259.0,40.0,1,0.0035087719298245615,2926.515625,141355.95786452934,1,true
src/testcases/org/apache/poi/ss/usermodel/TestDataFormatter.java,296.0,4.0,120.0,16.0,37.0,36.0,0,0.0,0.0,0.0,0,true
