name,LOC,CBO,LCOM,NOM,RFC,WMC,numOfChanges,bccm,structuralWorkloadSum,semanticWorkloadSum,numberOfDeveloper,isBuggy
src/examples/src/org/apache/poi/hslf/examples/ApacheconEU08.java,317.0,6.0,78.0,13.0,127.0,35.0,0,0.0,0.0,0.0,0,false
src/examples/src/org/apache/poi/hslf/examples/CreateHyperlink.java,24.0,4.0,0.0,1.0,12.0,2.0,0,0.0,0.0,0.0,0,false
src/examples/src/org/apache/poi/hslf/examples/Graphics2DDemo.java,38.0,4.0,0.0,1.0,13.0,3.0,0,0.0,0.0,0.0,0,false
src/examples/src/org/apache/poi/hslf/examples/PPT2PNG.java,61.0,8.0,1.0,2.0,20.0,8.0,0,0.0,0.0,0.0,0,false
src/examples/src/org/apache/poi/hssf/usermodel/examples/EmeddedObjects.java,35.0,9.0,0.0,1.0,9.0,5.0,0,0.0,0.0,0.0,0,false
src/examples/src/org/apache/poi/ss/examples/AddDimensionedImage.java,726.0,14.0,0.0,7.0,54.0,33.0,1,0.006097560975609756,648.45,9648.014745378414,1,true
src/examples/src/org/apache/poi/ss/examples/LinkedDropDownLists.java,169.0,5.0,1.0,2.0,21.0,8.0,1,0.006097560975609756,648.45,9648.014745378414,1,true
src/examples/src/org/apache/poi/ss/examples/formula/UserDefinedFunctionExample.java,45.0,10.0,0.0,1.0,13.0,4.0,0,0.0,0.0,0.0,0,true
src/examples/src/org/apache/poi/xslf/usermodel/DataExtraction.java,48.0,6.0,0.0,1.0,16.0,6.0,0,0.0,0.0,0.0,0,false
src/examples/src/org/apache/poi/xslf/usermodel/MergePresentations.java,20.0,2.0,0.0,1.0,5.0,3.0,0,0.0,0.0,0.0,0,false
src/examples/src/org/apache/poi/xslf/usermodel/Tutorial1.java,38.0,2.0,0.0,1.0,11.0,2.0,0,0.0,0.0,0.0,0,false
src/examples/src/org/apache/poi/xslf/usermodel/Tutorial2.java,39.0,3.0,0.0,1.0,13.0,4.0,0,0.0,0.0,0.0,0,false
src/examples/src/org/apache/poi/xslf/usermodel/Tutorial3.java,17.0,3.0,0.0,1.0,7.0,2.0,0,0.0,0.0,0.0,0,false
src/examples/src/org/apache/poi/xslf/usermodel/Tutorial4.java,44.0,4.0,0.0,1.0,18.0,5.0,0,0.0,0.0,0.0,0,false
src/examples/src/org/apache/poi/xslf/usermodel/Tutorial5.java,17.0,5.0,0.0,1.0,7.0,2.0,0,0.0,0.0,0.0,0,false
src/examples/src/org/apache/poi/xslf/usermodel/Tutorial6.java,26.0,3.0,0.0,1.0,10.0,2.0,0,0.0,0.0,0.0,0,false
src/examples/src/org/apache/poi/xslf/usermodel/Tutorial7.java,46.0,3.0,0.0,1.0,17.0,2.0,0,0.0,0.0,0.0,0,false
src/examples/src/org/apache/poi/xwpf/usermodel/SimpleImages.java,36.0,3.0,0.0,1.0,10.0,5.0,0,0.0,0.0,0.0,0,false
src/excelant/java/org/apache/poi/ss/excelant/ExcelAntTask.java,121.0,13.0,16.0,9.0,28.0,25.0,0,0.0,0.0,0.0,0,true
src/excelant/testcases/org/apache/poi/ss/excelant/util/ExcelAntWorkbookUtilTestHelper.java,18.0,3.0,6.0,4.0,0.0,6.0,0,0.0,0.0,0.0,0,true
src/java/org/apache/poi/ddf/AbstractEscherOptRecord.java,121.0,6.0,0.0,12.0,43.0,30.0,2,0.012195121951219513,931.0586956521739,14907.17729567205,2,true
src/java/org/apache/poi/ddf/DefaultEscherRecordFactory.java,110.0,4.0,6.0,4.0,12.0,18.0,1,0.006097560975609756,282.6086956521739,5259.162550293637,1,true
src/java/org/apache/poi/ddf/EscherArrayProperty.java,155.0,2.0,92.0,16.0,51.0,40.0,1,0.006097560975609756,648.45,9648.014745378414,1,true
src/java/org/apache/poi/ddf/EscherBSERecord.java,279.0,2.0,276.0,33.0,31.0,62.0,1,0.006097560975609756,648.45,9648.014745378414,1,true
src/java/org/apache/poi/ddf/EscherBitmapBlip.java,78.0,3.0,0.0,9.0,29.0,20.0,1,0.006097560975609756,648.45,9648.014745378414,1,true
src/java/org/apache/poi/ddf/EscherBlipRecord.java,50.0,2.0,0.0,9.0,23.0,18.0,1,0.006097560975609756,648.45,9648.014745378414,1,true
src/java/org/apache/poi/ddf/EscherBlipWMFRecord.java,309.0,9.0,256.0,32.0,37.0,62.0,1,0.006097560975609756,648.45,9648.014745378414,1,true
src/java/org/apache/poi/ddf/EscherBoolProperty.java,35.0,1.0,6.0,4.0,9.0,7.0,1,0.006097560975609756,648.45,9648.014745378414,1,true
src/java/org/apache/poi/ddf/EscherChildAnchorRecord.java,118.0,2.0,19.0,15.0,24.0,36.0,1,0.006097560975609756,648.45,9648.014745378414,1,true
src/java/org/apache/poi/ddf/EscherClientAnchorRecord.java,259.0,3.0,115.0,27.0,29.0,63.0,2,0.012195121951219513,931.0586956521739,14907.17729567205,2,true
src/java/org/apache/poi/ddf/EscherClientDataRecord.java,83.0,3.0,0.0,9.0,28.0,23.0,1,0.006097560975609756,648.45,9648.014745378414,1,true
src/java/org/apache/poi/ddf/EscherComplexProperty.java,95.0,3.0,0.0,10.0,20.0,20.0,1,0.006097560975609756,648.45,9648.014745378414,1,true
src/java/org/apache/poi/ddf/EscherContainerRecord.java,254.0,9.0,0.0,18.0,79.0,55.0,2,0.012195121951219513,931.0586956521739,14907.17729567205,2,true
src/java/org/apache/poi/ddf/EscherDgRecord.java,91.0,2.0,16.0,13.0,25.0,26.0,1,0.006097560975609756,648.45,9648.014745378414,1,true
src/java/org/apache/poi/ddf/EscherDggRecord.java,176.0,4.0,82.0,21.0,38.0,44.0,1,0.006097560975609756,648.45,9648.014745378414,1,true
src/java/org/apache/poi/ddf/EscherMetafileBlip.java,229.0,10.0,85.0,22.0,42.0,46.0,1,0.006097560975609756,648.45,9648.014745378414,1,true
src/java/org/apache/poi/ddf/EscherOptRecord.java,43.0,2.0,15.0,6.0,16.0,14.0,1,0.006097560975609756,648.45,9648.014745378414,1,true
src/java/org/apache/poi/ddf/EscherPictBlip.java,168.0,10.0,45.0,18.0,35.0,36.0,1,0.006097560975609756,648.45,9648.014745378414,1,true
src/java/org/apache/poi/ddf/EscherProperty.java,59.0,0.0,25.0,11.0,9.0,20.0,1,0.006097560975609756,648.45,9648.014745378414,1,true
src/java/org/apache/poi/ddf/EscherRGBProperty.java,29.0,1.0,21.0,7.0,8.0,12.0,2,0.012195121951219513,931.0586956521739,14907.17729567205,2,true
src/java/org/apache/poi/ddf/EscherRecord.java,226.0,4.0,279.0,27.0,33.0,59.0,1,0.006097560975609756,648.45,9648.014745378414,1,true
src/java/org/apache/poi/ddf/EscherSimpleProperty.java,79.0,2.0,0.0,10.0,19.0,19.0,2,0.012195121951219513,931.0586956521739,14907.17729567205,2,true
src/java/org/apache/poi/ddf/EscherSpRecord.java,160.0,2.0,41.0,14.0,34.0,32.0,2,0.012195121951219513,931.0586956521739,14907.17729567205,2,true
src/java/org/apache/poi/ddf/EscherSpgrRecord.java,111.0,3.0,19.0,15.0,23.0,30.0,1,0.006097560975609756,648.45,9648.014745378414,1,true
src/java/org/apache/poi/ddf/EscherSplitMenuColorsRecord.java,95.0,3.0,19.0,15.0,23.0,30.0,1,0.006097560975609756,648.45,9648.014745378414,1,true
src/java/org/apache/poi/ddf/EscherTextboxRecord.java,97.0,3.0,13.0,11.0,33.0,28.0,1,0.006097560975609756,648.45,9648.014745378414,1,true
src/java/org/apache/poi/ddf/UnknownEscherRecord.java,104.0,5.0,12.0,12.0,46.0,27.0,1,0.006097560975609756,648.45,9648.014745378414,1,true
src/java/org/apache/poi/hpsf/PropertySet.java,422.0,7.0,244.0,25.0,65.0,94.0,0,0.0,0.0,0.0,0,true
src/java/org/apache/poi/hpsf/Vector.java,41.0,2.0,0.0,4.0,4.0,10.0,0,0.0,0.0,0.0,0,true
src/java/org/apache/poi/hpsf/extractor/HPSFPropertiesExtractor.java,112.0,15.0,55.0,11.0,28.0,27.0,0,0.0,0.0,0.0,0,true
src/java/org/apache/poi/hssf/dev/BiffDrawingToXml.java,149.0,10.0,55.0,11.0,47.0,38.0,1,0.006097560975609756,648.45,9648.014745378414,1,true
src/java/org/apache/poi/hssf/extractor/EventBasedExcelExtractor.java,190.0,24.0,39.0,10.0,7.0,27.0,0,0.0,0.0,0.0,0,true
src/java/org/apache/poi/hssf/model/InternalSheet.java,1277.0,22.0,3851.0,98.0,267.0,258.0,2,0.012195121951219513,931.0586956521739,14907.17729567205,2,true
src/java/org/apache/poi/hssf/model/InternalWorkbook.java,1954.0,74.0,4513.0,111.0,409.0,346.0,0,0.0,0.0,0.0,0,true
src/java/org/apache/poi/hssf/record/DConRefRecord.java,206.0,3.0,18.0,13.0,18.0,33.0,0,0.0,0.0,0.0,0,true
src/java/org/apache/poi/hssf/record/DrawingRecord.java,50.0,1.0,0.0,11.0,3.0,20.0,1,0.006097560975609756,648.45,9648.014745378414,1,true
src/java/org/apache/poi/hssf/record/EscherAggregate.java,867.0,28.0,486.0,36.0,236.0,116.0,2,0.012195121951219513,931.0586956521739,14907.17729567205,2,true
src/java/org/apache/poi/hssf/record/HeaderFooterRecord.java,61.0,3.0,4.0,9.0,11.0,18.0,0,0.0,0.0,0.0,0,true
src/java/org/apache/poi/hssf/record/LabelSSTRecord.java,56.0,2.0,33.0,10.0,7.0,15.0,0,0.0,0.0,0.0,0,true
src/java/org/apache/poi/hssf/record/RecordFactoryInputStream.java,248.0,7.0,0.0,4.0,20.0,16.0,1,0.006097560975609756,648.45,9648.014745378414,1,true
src/java/org/apache/poi/hssf/record/UserSViewBegin.java,53.0,2.0,0.0,8.0,9.0,17.0,0,0.0,0.0,0.0,0,true
src/java/org/apache/poi/hssf/record/UserSViewEnd.java,42.0,2.0,0.0,7.0,8.0,13.0,0,0.0,0.0,0.0,0,true
src/java/org/apache/poi/hssf/record/aggregates/PageSettingsBlock.java,574.0,7.0,722.0,41.0,80.0,130.0,0,0.0,0.0,0.0,0,true
src/java/org/apache/poi/hssf/record/common/UnicodeString.java,556.0,8.0,82.0,29.0,67.0,91.0,0,0.0,0.0,0.0,0,true
src/java/org/apache/poi/hssf/usermodel/HSSFAnchor.java,40.0,4.0,105.0,15.0,7.0,18.0,1,0.006097560975609756,282.6086956521739,5259.162550293637,1,false
src/java/org/apache/poi/hssf/usermodel/HSSFChildAnchor.java,61.0,2.0,4.0,17.0,21.0,27.0,2,0.012195121951219513,931.0586956521739,14907.17729567205,2,true
src/java/org/apache/poi/hssf/usermodel/HSSFClientAnchor.java,211.0,3.0,76.0,32.0,88.0,57.0,2,0.012195121951219513,931.0586956521739,14907.17729567205,2,true
src/java/org/apache/poi/hssf/usermodel/HSSFComment.java,125.0,4.0,39.0,14.0,10.0,26.0,1,0.006097560975609756,282.6086956521739,5259.162550293637,1,true
src/java/org/apache/poi/hssf/usermodel/HSSFConditionalFormatting.java,111.0,5.0,0.0,11.0,13.0,20.0,0,0.0,0.0,0.0,0,true
src/java/org/apache/poi/hssf/usermodel/HSSFDataFormat.java,128.0,8.0,6.0,8.0,22.0,29.0,0,0.0,0.0,0.0,0,true
src/java/org/apache/poi/hssf/usermodel/HSSFPatriarch.java,242.0,15.0,225.0,23.0,42.0,50.0,2,0.012195121951219513,931.0586956521739,14907.17729567205,2,true
src/java/org/apache/poi/hssf/usermodel/HSSFPicture.java,161.0,7.0,54.0,12.0,47.0,29.0,1,0.006097560975609756,282.6086956521739,5259.162550293637,1,true
src/java/org/apache/poi/hssf/usermodel/HSSFShape.java,233.0,2.0,0.0,20.0,38.0,51.0,2,0.012195121951219513,931.0586956521739,14907.17729567205,2,true
src/java/org/apache/poi/hssf/usermodel/HSSFShapeContainer.java,19.0,1.0,3.0,3.0,0.0,4.0,1,0.006097560975609756,648.45,9648.014745378414,1,true
src/java/org/apache/poi/hssf/usermodel/HSSFShapeFactory.java,79.0,19.0,0.0,1.0,11.0,6.0,2,0.012195121951219513,931.0586956521739,14907.17729567205,2,true
src/java/org/apache/poi/hssf/usermodel/HSSFShapeGroup.java,149.0,11.0,22.0,16.0,29.0,31.0,2,0.012195121951219513,931.0586956521739,14907.17729567205,2,true
src/java/org/apache/poi/hssf/usermodel/HSSFSheet.java,1550.0,31.0,2259.0,142.0,391.0,357.0,2,0.012195121951219513,931.0586956521739,14907.17729567205,2,true
src/java/org/apache/poi/hssf/usermodel/HSSFSheetConditionalFormatting.java,150.0,8.0,72.0,16.0,27.0,39.0,0,0.0,0.0,0.0,0,false
src/java/org/apache/poi/hssf/usermodel/HSSFSimpleShape.java,45.0,3.0,4.0,4.0,4.0,5.0,1,0.006097560975609756,282.6086956521739,5259.162550293637,1,false
src/java/org/apache/poi/hssf/usermodel/HSSFUnknownShape.java,9.0,3.0,0.0,1.0,0.0,1.0,2,0.012195121951219513,931.0586956521739,14907.17729567205,2,true
src/java/org/apache/poi/hssf/usermodel/HSSFWorkbook.java,1334.0,42.0,1107.0,98.0,318.0,270.0,2,0.012195121951219513,931.0586956521739,14907.17729567205,2,true
src/java/org/apache/poi/hssf/usermodel/drawing/HSSFShapeType.java,0.0,0.0,0.0,0.0,0.0,0.0,2,0.012195121951219513,931.0586956521739,14907.17729567205,2,true
src/java/org/apache/poi/hssf/util/HSSFRegionUtil.java,143.0,4.0,153.0,18.0,25.0,20.0,0,0.0,0.0,0.0,0,false
src/java/org/apache/poi/hssf/util/Region.java,21.0,0.0,3.0,3.0,0.0,3.0,0,0.0,0.0,0.0,0,false
src/java/org/apache/poi/poifs/crypt/AgileDecryptor.java,161.0,14.0,20.0,8.0,35.0,28.0,0,0.0,0.0,0.0,0,true
src/java/org/apache/poi/poifs/crypt/Decryptor.java,71.0,11.0,28.0,8.0,15.0,32.0,0,0.0,0.0,0.0,0,true
src/java/org/apache/poi/poifs/crypt/EcmaDecryptor.java,77.0,13.0,13.0,7.0,27.0,23.0,0,0.0,0.0,0.0,0,true
src/java/org/apache/poi/poifs/filesystem/Ole10Native.java,222.0,6.0,98.0,16.0,14.0,48.0,0,0.0,0.0,0.0,0,true
src/java/org/apache/poi/poifs/storage/SmallDocumentBlock.java,149.0,7.0,17.0,14.0,18.0,37.0,0,0.0,0.0,0.0,0,true
src/java/org/apache/poi/ss/format/CellFormat.java,339.0,12.0,46.0,13.0,54.0,64.0,0,0.0,0.0,0.0,0,false
src/java/org/apache/poi/ss/format/CellFormatPart.java,370.0,9.0,88.0,16.0,64.0,72.0,0,0.0,0.0,0.0,0,false
src/java/org/apache/poi/ss/format/CellGeneralFormatter.java,61.0,1.0,3.0,3.0,13.0,10.0,0,0.0,0.0,0.0,0,false
src/java/org/apache/poi/ss/format/CellNumberFormatter.java,787.0,13.0,184.0,28.0,132.0,112.0,0,0.0,0.0,0.0,0,false
src/java/org/apache/poi/ss/format/CellTextFormatter.java,51.0,2.0,0.0,4.0,12.0,12.0,0,0.0,0.0,0.0,0,false
src/java/org/apache/poi/ss/formula/LazyAreaEval.java,56.0,6.0,0.0,8.0,24.0,19.0,1,0.006097560975609756,648.45,9648.014745378414,1,true
src/java/org/apache/poi/ss/formula/WorkbookEvaluator.java,581.0,41.0,464.0,37.0,131.0,119.0,1,0.006097560975609756,648.45,9648.014745378414,1,true
src/java/org/apache/poi/ss/formula/atp/AnalysisToolPak.java,199.0,9.0,0.0,8.0,19.0,25.0,0,0.0,0.0,0.0,0,true
src/java/org/apache/poi/ss/formula/atp/YearFrac.java,60.0,10.0,6.0,4.0,15.0,13.0,0,0.0,0.0,0.0,0,true
src/java/org/apache/poi/ss/formula/eval/FunctionEval.java,262.0,7.0,0.0,5.0,14.0,24.0,0,0.0,0.0,0.0,0,true
src/java/org/apache/poi/ss/formula/functions/DateFunc.java,59.0,7.0,6.0,4.0,10.0,13.0,1,0.006097560975609756,332.1714285714285,1720.4602787989866,1,false
src/java/org/apache/poi/ss/formula/functions/Npv.java,29.0,4.0,0.0,1.0,6.0,4.0,0,0.0,0.0,0.0,0,true
src/java/org/apache/poi/ss/formula/functions/NumericFunction.java,448.0,1.0,1075.0,47.0,62.0,122.0,0,0.0,0.0,0.0,0,true
src/java/org/apache/poi/ss/formula/functions/Rank.java,86.0,7.0,10.0,5.0,21.0,23.0,0,0.0,0.0,0.0,0,true
src/java/org/apache/poi/ss/usermodel/Chart.java,31.0,7.0,15.0,6.0,0.0,11.0,0,0.0,0.0,0.0,0,false
src/java/org/apache/poi/ss/usermodel/ConditionalFormatting.java,70.0,1.0,10.0,5.0,0.0,9.0,0,0.0,0.0,0.0,0,false
src/java/org/apache/poi/ss/usermodel/DateUtil.java,414.0,5.0,274.0,24.0,55.0,97.0,1,0.006097560975609756,332.1714285714285,1720.4602787989866,1,true
src/java/org/apache/poi/ss/usermodel/charts/ChartAxisFactory.java,10.0,1.0,0.0,1.0,0.0,2.0,0,0.0,0.0,0.0,0,false
src/java/org/apache/poi/ss/util/DateFormatConverter.java,372.0,7.0,28.0,8.0,26.0,31.0,0,0.0,0.0,0.0,0,true
src/java/org/apache/poi/ss/util/WorkbookUtil.java,136.0,1.0,6.0,4.0,9.0,21.0,0,0.0,0.0,0.0,0,true
src/java/org/apache/poi/util/ArrayUtil.java,114.0,0.0,6.0,4.0,6.0,20.0,0,0.0,0.0,0.0,0,true
src/java/org/apache/poi/util/BoundedInputStream.java,179.0,2.0,0.0,14.0,12.0,43.0,0,0.0,0.0,0.0,0,true
src/ooxml/java/org/apache/poi/openxml4j/exceptions/InvalidOperationException.java,11.0,0.0,1.0,2.0,0.0,2.0,0,0.0,0.0,0.0,0,true
src/ooxml/java/org/apache/poi/openxml4j/opc/OPCPackage.java,994.0,36.0,1643.0,63.0,197.0,227.0,1,0.006097560975609756,332.1714285714285,1720.4602787989866,1,true
src/ooxml/java/org/apache/poi/openxml4j/opc/ZipPackage.java,269.0,26.0,37.0,14.0,63.0,58.0,1,0.006097560975609756,332.1714285714285,1720.4602787989866,1,true
src/ooxml/java/org/apache/poi/openxml4j/opc/internal/ZipHelper.java,92.0,11.0,15.0,7.0,16.0,31.0,1,0.006097560975609756,332.1714285714285,1720.4602787989866,1,true
src/ooxml/java/org/apache/poi/xslf/model/geom/CustomGeometry.java,39.0,4.0,0.0,3.0,15.0,7.0,0,0.0,0.0,0.0,0,false
src/ooxml/java/org/apache/poi/xslf/model/geom/Path.java,83.0,5.0,16.0,9.0,12.0,19.0,0,0.0,0.0,0.0,0,false
src/ooxml/java/org/apache/poi/xslf/usermodel/RenderableShape.java,439.0,45.0,82.0,21.0,187.0,76.0,0,0.0,0.0,0.0,0,false
src/ooxml/java/org/apache/poi/xslf/usermodel/TextCap.java,0.0,0.0,0.0,0.0,0.0,0.0,0,0.0,0.0,0.0,0,false
src/ooxml/java/org/apache/poi/xslf/usermodel/XSLFBackground.java,58.0,11.0,15.0,6.0,27.0,15.0,0,0.0,0.0,0.0,0,false
src/ooxml/java/org/apache/poi/xslf/usermodel/XSLFConnectorShape.java,33.0,8.0,3.0,3.0,12.0,6.0,0,0.0,0.0,0.0,0,false
src/ooxml/java/org/apache/poi/xslf/usermodel/XSLFImageRenderer.java,60.0,8.0,1.0,2.0,10.0,8.0,0,0.0,0.0,0.0,0,true
src/ooxml/java/org/apache/poi/xslf/usermodel/XSLFPictureData.java,144.0,8.0,21.0,7.0,16.0,20.0,0,0.0,0.0,0.0,0,true
src/ooxml/java/org/apache/poi/xslf/usermodel/XSLFRelation.java,50.0,7.0,0.0,2.0,3.0,7.0,0,0.0,0.0,0.0,0,true
src/ooxml/java/org/apache/poi/xssf/eventusermodel/ReadOnlySharedStringsTable.java,159.0,17.0,25.0,10.0,23.0,32.0,0,0.0,0.0,0.0,0,true
src/ooxml/java/org/apache/poi/xssf/extractor/XSSFExcelExtractor.java,149.0,18.0,66.0,13.0,40.0,29.0,0,0.0,0.0,0.0,0,true
src/ooxml/java/org/apache/poi/xssf/streaming/SXSSFRow.java,328.0,7.0,304.0,29.0,24.0,84.0,1,0.006097560975609756,648.45,9648.014745378414,1,true
src/ooxml/java/org/apache/poi/xssf/streaming/SXSSFSheet.java,963.0,12.0,0.0,107.0,138.0,270.0,1,0.006097560975609756,648.45,9648.014745378414,1,true
src/ooxml/java/org/apache/poi/xssf/streaming/SheetDataWriter.java,186.0,6.0,73.0,15.0,28.0,46.0,1,0.006097560975609756,648.45,9648.014745378414,1,true
src/ooxml/java/org/apache/poi/xssf/usermodel/XSSFBorderFormatting.java,109.0,5.0,0.0,21.0,100.0,51.0,0,0.0,0.0,0.0,0,false
src/ooxml/java/org/apache/poi/xssf/usermodel/XSSFCellStyle.java,1187.0,25.0,1573.0,87.0,341.0,279.0,0,0.0,0.0,0.0,0,true
src/ooxml/java/org/apache/poi/xssf/usermodel/XSSFChart.java,186.0,35.0,127.0,22.0,64.0,48.0,0,0.0,0.0,0.0,0,false
src/ooxml/java/org/apache/poi/xssf/usermodel/XSSFConditionalFormattingRule.java,172.0,10.0,35.0,14.0,39.0,51.0,0,0.0,0.0,0.0,0,false
src/ooxml/java/org/apache/poi/xssf/usermodel/XSSFDrawing.java,272.0,21.0,168.0,21.0,104.0,51.0,0,0.0,0.0,0.0,0,true
src/ooxml/java/org/apache/poi/xssf/usermodel/XSSFFontFormatting.java,151.0,8.0,0.0,14.0,46.0,39.0,0,0.0,0.0,0.0,0,false
src/ooxml/java/org/apache/poi/xssf/usermodel/XSSFGraphicFrame.java,125.0,7.0,33.0,14.0,39.0,24.0,0,0.0,0.0,0.0,0,true
src/ooxml/java/org/apache/poi/xssf/usermodel/XSSFHyperlink.java,230.0,7.0,79.0,26.0,40.0,56.0,1,0.006097560975609756,648.45,9648.014745378414,1,true
src/ooxml/java/org/apache/poi/xssf/usermodel/XSSFPicture.java,207.0,23.0,46.0,13.0,89.0,34.0,0,0.0,0.0,0.0,0,true
src/ooxml/java/org/apache/poi/xssf/usermodel/XSSFPictureData.java,90.0,9.0,15.0,6.0,11.0,16.0,0,0.0,0.0,0.0,0,true
src/ooxml/java/org/apache/poi/xssf/usermodel/XSSFRelation.java,76.0,23.0,1.0,3.0,13.0,12.0,0,0.0,0.0,0.0,0,true
src/ooxml/java/org/apache/poi/xssf/usermodel/XSSFRichTextString.java,443.0,16.0,154.0,29.0,270.0,89.0,0,0.0,0.0,0.0,0,true
src/ooxml/java/org/apache/poi/xssf/usermodel/XSSFSheet.java,2562.0,39.0,11897.0,211.0,903.0,653.0,1,0.006097560975609756,648.45,9648.014745378414,1,true
src/ooxml/java/org/apache/poi/xssf/usermodel/XSSFSheetConditionalFormatting.java,170.0,14.0,10.0,12.0,41.0,34.0,0,0.0,0.0,0.0,0,true
src/ooxml/java/org/apache/poi/xssf/usermodel/XSSFSimpleShape.java,157.0,8.0,0.0,8.0,100.0,21.0,0,0.0,0.0,0.0,0,true
src/ooxml/java/org/apache/poi/xssf/usermodel/XSSFWorkbook.java,1327.0,42.0,3106.0,96.0,362.0,287.0,1,0.006097560975609756,332.1714285714285,1720.4602787989866,1,true
src/ooxml/java/org/apache/poi/xssf/usermodel/charts/XSSFChartAxis.java,184.0,15.0,378.0,28.0,62.0,70.0,0,0.0,0.0,0.0,0,true
src/ooxml/java/org/apache/poi/xssf/usermodel/charts/XSSFManualLayout.java,191.0,13.0,0.0,26.0,82.0,69.0,0,0.0,0.0,0.0,0,false
src/ooxml/java/org/apache/poi/xssf/usermodel/charts/XSSFValueAxis.java,76.0,15.0,0.0,13.0,34.0,26.0,0,0.0,0.0,0.0,0,true
src/ooxml/java/org/apache/poi/xssf/usermodel/helpers/ColumnHelper.java,228.0,7.0,196.0,21.0,98.0,52.0,0,0.0,0.0,0.0,0,true
src/ooxml/java/org/apache/poi/xwpf/usermodel/Document.java,46.0,0.0,0.0,0.0,0.0,0.0,0,0.0,0.0,0.0,0,true
src/ooxml/java/org/apache/poi/xwpf/usermodel/XWPFDocument.java,1079.0,54.0,3007.0,86.0,321.0,277.0,0,0.0,0.0,0.0,0,true
src/ooxml/java/org/apache/poi/xwpf/usermodel/XWPFPictureData.java,162.0,10.0,45.0,10.0,26.0,31.0,0,0.0,0.0,0.0,0,true
src/ooxml/java/org/apache/poi/xwpf/usermodel/XWPFRelation.java,53.0,4.0,0.0,2.0,3.0,7.0,0,0.0,0.0,0.0,0,true
src/ooxml/java/org/apache/poi/xwpf/usermodel/XWPFRun.java,624.0,52.0,0.0,38.0,231.0,126.0,0,0.0,0.0,0.0,0,true
src/ooxml/java/org/apache/poi/xwpf/usermodel/XWPFSettings.java,145.0,18.0,6.0,13.0,43.0,37.0,0,0.0,0.0,0.0,0,true
src/ooxml/testcases/org/apache/poi/TestEmbeded.java,28.0,7.0,6.0,4.0,18.0,9.0,0,0.0,0.0,0.0,0,true
src/ooxml/testcases/org/apache/poi/openxml4j/OpenXML4JTestDataSamples.java,25.0,4.0,9.0,6.0,8.0,11.0,0,0.0,0.0,0.0,0,true
src/ooxml/testcases/org/apache/poi/openxml4j/opc/TestPackage.java,306.0,20.0,118.0,16.0,194.0,46.0,0,0.0,0.0,0.0,0,true
src/ooxml/testcases/org/apache/poi/ss/format/TestCellFormatPart.java,85.0,4.0,136.0,17.0,42.0,52.0,0,0.0,0.0,0.0,0,false
src/ooxml/testcases/org/apache/poi/xslf/TestXSLFBugs.java,53.0,9.0,1.0,2.0,24.0,6.0,0,0.0,0.0,0.0,0,true
src/ooxml/testcases/org/apache/poi/xslf/usermodel/TestXSLFPictureShape.java,98.0,7.0,6.0,4.0,51.0,5.0,0,0.0,0.0,0.0,0,true
src/ooxml/testcases/org/apache/poi/xslf/usermodel/TestXSLFShapeContainer.java,27.0,1.0,1.0,2.0,10.0,4.0,0,0.0,0.0,0.0,0,false
src/ooxml/testcases/org/apache/poi/xslf/usermodel/TestXSLFSlide.java,119.0,4.0,6.0,4.0,44.0,6.0,0,0.0,0.0,0.0,0,false
src/ooxml/testcases/org/apache/poi/xssf/eventusermodel/TestReadOnlySharedStringsTable.java,22.0,8.0,0.0,1.0,12.0,3.0,0,0.0,0.0,0.0,0,true
src/ooxml/testcases/org/apache/poi/xssf/io/TestLoadSaveXSSF.java,27.0,9.0,0.0,3.0,20.0,6.0,0,0.0,0.0,0.0,0,true
src/ooxml/testcases/org/apache/poi/xssf/model/TestCommentsTable.java,130.0,8.0,15.0,6.0,69.0,9.0,0,0.0,0.0,0.0,0,true
src/ooxml/testcases/org/apache/poi/xssf/streaming/TestSXSSFCell.java,59.0,4.0,10.0,5.0,27.0,10.0,0,0.0,0.0,0.0,0,true
src/ooxml/testcases/org/apache/poi/xssf/usermodel/TestFormulaEvaluatorOnXSSF.java,264.0,14.0,31.0,10.0,49.0,45.0,0,0.0,0.0,0.0,0,true
src/ooxml/testcases/org/apache/poi/xssf/usermodel/TestSheetHiding.java,8.0,2.0,0.0,1.0,0.0,1.0,0,0.0,0.0,0.0,0,true
src/ooxml/testcases/org/apache/poi/xssf/usermodel/TestXSSFBugs.java,910.0,33.0,666.0,37.0,421.0,93.0,1,0.006097560975609756,648.45,9648.014745378414,1,true
src/ooxml/testcases/org/apache/poi/xssf/usermodel/TestXSSFDrawing.java,133.0,12.0,10.0,5.0,93.0,10.0,0,0.0,0.0,0.0,0,true
src/ooxml/testcases/org/apache/poi/xssf/usermodel/TestXSSFFormulaEvaluation.java,38.0,3.0,6.0,4.0,23.0,6.0,0,0.0,0.0,0.0,0,true
src/ooxml/testcases/org/apache/poi/xssf/usermodel/TestXSSFHyperlink.java,132.0,9.0,28.0,8.0,65.0,13.0,1,0.006097560975609756,648.45,9648.014745378414,1,true
src/ooxml/testcases/org/apache/poi/xssf/usermodel/TestXSSFRichTextString.java,267.0,6.0,36.0,9.0,82.0,12.0,0,0.0,0.0,0.0,0,true
src/ooxml/testcases/org/apache/poi/xssf/usermodel/TestXSSFWorkbook.java,307.0,17.0,136.0,17.0,174.0,25.0,0,0.0,0.0,0.0,0,true
src/ooxml/testcases/org/apache/poi/xssf/usermodel/charts/TestXSSFChartAxis.java,47.0,3.0,0.0,5.0,21.0,9.0,0,0.0,0.0,0.0,0,true
src/ooxml/testcases/org/apache/poi/xssf/usermodel/charts/TestXSSFManualLayout.java,48.0,7.0,3.0,3.0,38.0,6.0,0,0.0,0.0,0.0,0,false
src/ooxml/testcases/org/apache/poi/xssf/usermodel/charts/TestXSSFValueAxis.java,15.0,3.0,0.0,1.0,13.0,2.0,0,0.0,0.0,0.0,0,false
src/ooxml/testcases/org/apache/poi/xwpf/TestDocumentProtection.java,85.0,8.0,28.0,8.0,45.0,24.0,0,0.0,0.0,0.0,0,true
src/ooxml/testcases/org/apache/poi/xwpf/XWPFTestDataSamples.java,20.0,7.0,3.0,3.0,7.0,9.0,0,0.0,0.0,0.0,0,true
src/ooxml/testcases/org/apache/poi/xwpf/model/TestXWPFDecorators.java,46.0,6.0,0.0,3.0,17.0,6.0,0,0.0,0.0,0.0,0,true
src/ooxml/testcases/org/apache/poi/xwpf/usermodel/TestXWPFDocument.java,234.0,17.0,120.0,16.0,166.0,40.0,1,0.006097560975609756,648.45,9648.014745378414,1,true
src/ooxml/testcases/org/apache/poi/xwpf/usermodel/TestXWPFFootnotes.java,14.0,6.0,0.0,1.0,12.0,2.0,0,0.0,0.0,0.0,0,true
src/ooxml/testcases/org/apache/poi/xwpf/usermodel/TestXWPFTable.java,155.0,14.0,66.0,12.0,86.0,15.0,0,0.0,0.0,0.0,0,true
src/scratchpad/src/org/apache/poi/hslf/blip/BitmapPainter.java,19.0,8.0,0.0,1.0,7.0,3.0,0,0.0,0.0,0.0,0,true
src/scratchpad/src/org/apache/poi/hslf/model/Shape.java,370.0,7.0,266.0,29.0,83.0,74.0,0,0.0,0.0,0.0,0,true
src/scratchpad/src/org/apache/poi/hslf/model/SimpleShape.java,315.0,14.0,229.0,22.0,86.0,61.0,0,0.0,0.0,0.0,0,true
src/scratchpad/src/org/apache/poi/hslf/model/Slide.java,363.0,15.0,299.0,26.0,94.0,78.0,0,0.0,0.0,0.0,0,true
src/scratchpad/src/org/apache/poi/hslf/model/SlideMaster.java,107.0,4.0,9.0,7.0,16.0,21.0,0,0.0,0.0,0.0,0,true
src/scratchpad/src/org/apache/poi/hslf/model/TextRun.java,510.0,7.0,256.0,28.0,82.0,82.0,0,0.0,0.0,0.0,0,true
src/scratchpad/src/org/apache/poi/hslf/record/ExOleObjStg.java,135.0,6.0,37.0,14.0,14.0,29.0,0,0.0,0.0,0.0,0,true
src/scratchpad/src/org/apache/poi/hwpf/HWPFDocumentCore.java,149.0,21.0,149.0,18.0,10.0,40.0,0,0.0,0.0,0.0,0,true
src/scratchpad/src/org/apache/poi/hwpf/converter/AbstractWordUtils.java,325.0,28.0,188.0,20.0,68.0,75.0,0,0.0,0.0,0.0,0,true
src/scratchpad/src/org/apache/poi/hwpf/extractor/Word6Extractor.java,76.0,8.0,13.0,7.0,15.0,17.0,0,0.0,0.0,0.0,0,false
src/scratchpad/src/org/apache/poi/hwpf/model/CHPBinTable.java,287.0,22.0,24.0,12.0,83.0,39.0,0,0.0,0.0,0.0,0,true
src/scratchpad/src/org/apache/poi/hwpf/model/PAPBinTable.java,151.0,18.0,13.0,11.0,48.0,28.0,0,0.0,0.0,0.0,0,true
src/scratchpad/src/org/apache/poi/hwpf/model/PAPFormattedDiskPage.java,201.0,8.0,31.0,11.0,28.0,29.0,0,0.0,0.0,0.0,0,true
src/scratchpad/src/org/apache/poi/hwpf/model/PicturesTable.java,159.0,15.0,50.0,13.0,44.0,39.0,0,0.0,0.0,0.0,0,true
src/scratchpad/src/org/apache/poi/hwpf/model/types/DOPAbstractType.java,2219.0,4.0,37917.0,295.0,337.0,565.0,0,0.0,0.0,0.0,0,false
src/scratchpad/src/org/apache/poi/hwpf/model/types/PICFAbstractType.java,503.0,1.0,1478.0,60.0,38.0,130.0,0,0.0,0.0,0.0,0,true
src/scratchpad/src/org/apache/poi/hwpf/usermodel/Paragraph.java,404.0,10.0,0.0,75.0,153.0,140.0,0,0.0,0.0,0.0,0,true
src/scratchpad/src/org/apache/poi/hwpf/usermodel/Picture.java,378.0,19.0,313.0,31.0,55.0,94.0,1,0.006097560975609756,332.1714285714285,1720.4602787989866,1,true
src/scratchpad/src/org/apache/poi/hwpf/usermodel/Range.java,784.0,21.0,559.0,47.0,163.0,146.0,0,0.0,0.0,0.0,0,true
src/scratchpad/testcases/org/apache/poi/hdf/model/TestHDFDocument.java,47.0,4.0,0.0,4.0,4.0,12.0,0,0.0,0.0,0.0,0,true
src/scratchpad/testcases/org/apache/poi/hdgf/TestHDGFCore.java,48.0,5.0,0.0,5.0,12.0,11.0,0,0.0,0.0,0.0,0,true
src/scratchpad/testcases/org/apache/poi/hdgf/streams/TestStreamBugs.java,52.0,8.0,2.0,5.0,14.0,9.0,0,0.0,0.0,0.0,0,false
src/scratchpad/testcases/org/apache/poi/hdgf/streams/TestStreamComplex.java,150.0,8.0,0.0,7.0,77.0,11.0,0,0.0,0.0,0.0,0,false
src/scratchpad/testcases/org/apache/poi/hpbf/TestHPBFDocument.java,18.0,2.0,0.0,2.0,10.0,4.0,0,0.0,0.0,0.0,0,false
src/scratchpad/testcases/org/apache/poi/hpbf/model/TestEscherParts.java,28.0,3.0,0.0,2.0,12.0,4.0,0,0.0,0.0,0.0,0,false
src/scratchpad/testcases/org/apache/poi/hslf/extractor/TestExtractor.java,222.0,14.0,0.0,16.0,78.0,35.0,0,0.0,0.0,0.0,0,true
src/scratchpad/testcases/org/apache/poi/hslf/model/TestTextRun.java,388.0,13.0,19.0,14.0,131.0,24.0,0,0.0,0.0,0.0,0,true
src/scratchpad/testcases/org/apache/poi/hslf/model/TestTextShape.java,154.0,7.0,9.0,6.0,66.0,17.0,0,0.0,0.0,0.0,0,true
src/scratchpad/testcases/org/apache/poi/hslf/usermodel/TestAddingSlides.java,191.0,10.0,9.0,6.0,64.0,18.0,0,0.0,0.0,0.0,0,true
src/scratchpad/testcases/org/apache/poi/hsmf/datatypes/TestMAPIProperty.java,29.0,2.0,3.0,3.0,12.0,6.0,1,0.006097560975609756,332.1714285714285,1720.4602787989866,1,false
src/scratchpad/testcases/org/apache/poi/hwpf/extractor/TestWordExtractorBugs.java,16.0,2.0,1.0,2.0,8.0,4.0,0,0.0,0.0,0.0,0,true
src/scratchpad/testcases/org/apache/poi/hwpf/usermodel/TestBugs.java,469.0,25.0,595.0,35.0,213.0,70.0,0,0.0,0.0,0.0,0,true
src/scratchpad/testcases/org/apache/poi/hwpf/usermodel/TestPictures.java,255.0,6.0,91.0,14.0,129.0,26.0,1,0.006097560975609756,332.1714285714285,1720.4602787989866,1,true
src/testcases/org/apache/poi/ddf/TestEscherProperty.java,25.0,1.0,0.0,1.0,7.0,4.0,0,0.0,0.0,0.0,0,true
src/testcases/org/apache/poi/hpsf/basic/TestHPSFBugs.java,44.0,5.0,0.0,1.0,19.0,3.0,0,0.0,0.0,0.0,0,false
src/testcases/org/apache/poi/hssf/model/TestDrawingAggregate.java,408.0,31.0,120.0,16.0,196.0,53.0,2,0.012195121951219513,931.0586956521739,14907.17729567205,2,true
src/testcases/org/apache/poi/hssf/model/TestDrawingShapes.java,123.0,7.0,6.0,4.0,67.0,7.0,1,0.006097560975609756,282.6086956521739,5259.162550293637,1,false
src/testcases/org/apache/poi/hssf/model/TestEscherRecordFactory.java,56.0,16.0,3.0,3.0,24.0,11.0,1,0.006097560975609756,282.6086956521739,5259.162550293637,1,false
src/testcases/org/apache/poi/hssf/model/TestHSSFAnchor.java,182.0,5.0,21.0,7.0,99.0,7.0,1,0.006097560975609756,282.6086956521739,5259.162550293637,1,false
src/testcases/org/apache/poi/hssf/model/TestLinkTable.java,139.0,12.0,15.0,6.0,53.0,19.0,0,0.0,0.0,0.0,0,true
src/testcases/org/apache/poi/hssf/model/TestWorkbook.java,77.0,12.0,6.0,4.0,26.0,6.0,0,0.0,0.0,0.0,0,true
src/testcases/org/apache/poi/hssf/record/TestAutoFilterInfoRecord.java,33.0,2.0,1.0,3.0,19.0,5.0,0,0.0,0.0,0.0,0,false
src/testcases/org/apache/poi/hssf/record/TestDConRefRecord.java,150.0,6.0,8.0,9.0,25.0,24.0,0,0.0,0.0,0.0,0,true
src/testcases/org/apache/poi/hssf/record/TestDrawingRecord.java,24.0,6.0,0.0,1.0,12.0,2.0,1,0.006097560975609756,648.45,9648.014745378414,1,true
src/testcases/org/apache/poi/hssf/record/TestNameRecord.java,72.0,7.0,15.0,6.0,36.0,12.0,0,0.0,0.0,0.0,0,true
src/testcases/org/apache/poi/hssf/record/aggregates/TestValueRecordsAggregate.java,295.0,23.0,79.0,19.0,79.0,48.0,0,0.0,0.0,0.0,0,true
src/testcases/org/apache/poi/hssf/usermodel/HSSFTestHelper.java,22.0,3.0,6.0,4.0,3.0,8.0,2,0.012195121951219513,931.0586956521739,14907.17729567205,2,true
src/testcases/org/apache/poi/hssf/usermodel/TestBugs.java,1699.0,22.0,7381.0,122.0,656.0,229.0,0,0.0,0.0,0.0,0,true
src/testcases/org/apache/poi/hssf/usermodel/TestDataValidation.java,128.0,17.0,15.0,6.0,31.0,23.0,0,0.0,0.0,0.0,0,true
src/testcases/org/apache/poi/hssf/usermodel/TestFormulaEvaluatorBugs.java,262.0,18.0,34.0,9.0,88.0,24.0,1,0.006097560975609756,332.1714285714285,1720.4602787989866,1,true
src/testcases/org/apache/poi/hssf/usermodel/TestHSSFConditionalFormatting.java,11.0,2.0,1.0,2.0,1.0,2.0,0,0.0,0.0,0.0,0,true
src/testcases/org/apache/poi/hssf/usermodel/TestHSSFDataFormat.java,40.0,5.0,3.0,3.0,17.0,7.0,0,0.0,0.0,0.0,0,true
src/testcases/org/apache/poi/hssf/usermodel/TestHSSFDataFormatter.java,239.0,10.0,9.0,7.0,71.0,17.0,0,0.0,0.0,0.0,0,true
src/testcases/org/apache/poi/hssf/usermodel/TestHSSFDateUtil.java,304.0,7.0,135.0,18.0,96.0,33.0,1,0.006097560975609756,332.1714285714285,1720.4602787989866,1,true
src/testcases/org/apache/poi/hssf/usermodel/TestSheetHiding.java,8.0,2.0,0.0,1.0,0.0,1.0,0,0.0,0.0,0.0,0,true
src/testcases/org/apache/poi/hssf/usermodel/TestUnfixedBugs.java,36.0,5.0,1.0,2.0,10.0,6.0,0,0.0,0.0,0.0,0,true
src/testcases/org/apache/poi/poifs/crypt/TestDecryptor.java,60.0,9.0,10.0,5.0,33.0,20.0,0,0.0,0.0,0.0,0,true
src/testcases/org/apache/poi/ss/format/TestCellFormat.java,517.0,11.0,610.0,36.0,203.0,37.0,0,0.0,0.0,0.0,0,false
src/testcases/org/apache/poi/ss/formula/TestPlainCellCache.java,34.0,3.0,0.0,1.0,14.0,2.0,0,0.0,0.0,0.0,0,true
src/testcases/org/apache/poi/ss/formula/atp/TestDateParser.java,42.0,6.0,10.0,5.0,20.0,10.0,0,0.0,0.0,0.0,0,true
src/testcases/org/apache/poi/ss/formula/atp/TestMRound.java,33.0,4.0,0.0,1.0,11.0,2.0,0,0.0,0.0,0.0,0,false
src/testcases/org/apache/poi/ss/formula/atp/TestNetworkdaysFunction.java,61.0,19.0,8.0,8.0,23.0,8.0,0,0.0,0.0,0.0,0,true
src/testcases/org/apache/poi/ss/formula/atp/TestWorkdayCalculator.java,58.0,5.0,45.0,10.0,30.0,10.0,0,0.0,0.0,0.0,0,true
src/testcases/org/apache/poi/ss/formula/atp/TestWorkdayFunction.java,61.0,21.0,8.0,8.0,28.0,8.0,0,0.0,0.0,0.0,0,true
src/testcases/org/apache/poi/ss/formula/eval/TestFormulasFromSpreadsheet.java,235.0,15.0,18.0,8.0,50.0,39.0,0,0.0,0.0,0.0,0,true
src/testcases/org/apache/poi/ss/formula/functions/TestAddress.java,36.0,5.0,1.0,2.0,10.0,5.0,0,0.0,0.0,0.0,0,true
src/testcases/org/apache/poi/ss/formula/functions/TestCountFuncs.java,341.0,20.0,274.0,24.0,79.0,50.0,0,0.0,0.0,0.0,0,false
src/testcases/org/apache/poi/ss/formula/functions/TestNpv.java,64.0,5.0,3.0,3.0,25.0,7.0,0,0.0,0.0,0.0,0,true
src/testcases/org/apache/poi/ss/formula/functions/TestRank.java,32.0,7.0,0.0,1.0,9.0,2.0,0,0.0,0.0,0.0,0,true
src/testcases/org/apache/poi/ss/formula/functions/TestSubtotal.java,229.0,8.0,66.0,12.0,101.0,16.0,0,0.0,0.0,0.0,0,true
src/testcases/org/apache/poi/ss/formula/functions/TestSumifs.java,96.0,6.0,15.0,7.0,20.0,16.0,0,0.0,0.0,0.0,0,false
src/testcases/org/apache/poi/ss/formula/functions/TestTrunc.java,33.0,4.0,0.0,5.0,14.0,5.0,0,0.0,0.0,0.0,0,true
src/testcases/org/apache/poi/ss/usermodel/BaseTestConditionalFormatting.java,480.0,3.0,0.0,13.0,226.0,27.0,0,0.0,0.0,0.0,0,true
src/testcases/org/apache/poi/ss/usermodel/BaseTestSheet.java,535.0,6.0,0.0,24.0,259.0,40.0,0,0.0,0.0,0.0,0,true
src/testcases/org/apache/poi/ss/usermodel/BaseTestWorkbook.java,427.0,4.0,0.0,16.0,164.0,29.0,1,0.006097560975609756,648.45,9648.014745378414,1,true
src/testcases/org/apache/poi/ss/util/TestDateFormatConverter.java,83.0,10.0,1.0,2.0,27.0,7.0,0,0.0,0.0,0.0,0,false
src/testcases/org/apache/poi/ss/util/TestWorkbookUtil.java,47.0,1.0,0.0,1.0,2.0,2.0,0,0.0,0.0,0.0,0,true
src/testcases/org/apache/poi/util/TestLittleEndian.java,209.0,5.0,97.0,15.0,44.0,28.0,0,0.0,0.0,0.0,0,true
