name,LOC,CBO,LCOM,NOM,RFC,WMC,numOfChanges,bccm,structuralWorkloadSum,semanticWorkloadSum,numberOfDeveloper,isBuggy
src/contrib/poi-ruby/java/org/apache/poi/RubyOutputStream.java,14.0,2.0,6.0,4.0,0.0,7.0,1,0.003484320557491289,958.0888888888888,12135.53576138342,1,false
src/examples/src/org/apache/poi/ss/examples/LinkedDropDownLists.java,169.0,5.0,1.0,2.0,21.0,8.0,0,0.0,0.0,0.0,0,true
src/excelant/java/org/apache/poi/ss/excelant/util/ExcelAntWorkbookUtil.java,267.0,19.0,93.0,18.0,48.0,54.0,1,0.003484320557491289,958.0888888888888,12135.53576138342,1,true
src/excelant/java/org/apache/poi/ss/excelant/util/ExcelAntWorkbookUtilFactory.java,30.0,1.0,0.0,2.0,3.0,5.0,1,0.003484320557491289,958.0888888888888,12135.53576138342,1,true
src/excelant/testcases/org/apache/poi/ss/excelant/util/ExcelAntWorkbookUtilTestHelper.java,18.0,3.0,6.0,4.0,0.0,6.0,0,0.0,0.0,0.0,0,true
src/excelant/testcases/org/apache/poi/ss/excelant/util/TestExcelAntWorkbookUtil.java,67.0,13.0,0.0,10.0,25.0,11.0,1,0.003484320557491289,958.0888888888888,12135.53576138342,1,true
src/java/org/apache/poi/POIDocument.java,201.0,20.0,96.0,16.0,27.0,45.0,0,0.0,0.0,0.0,0,true
src/java/org/apache/poi/hpsf/CodePageString.java,43.0,8.0,0.0,6.0,13.0,19.0,0,0.0,0.0,0.0,0,false
src/java/org/apache/poi/hpsf/Constants.java,227.0,1.0,0.0,0.0,0.0,0.0,0,0.0,0.0,0.0,0,false
src/java/org/apache/poi/hpsf/DocumentSummaryInformation.java,435.0,5.0,1326.0,52.0,110.0,103.0,0,0.0,0.0,0.0,0,true
src/java/org/apache/poi/hpsf/HPSFPropertiesOnlyDocument.java,24.0,8.0,3.0,3.0,5.0,5.0,0,0.0,0.0,0.0,0,false
src/java/org/apache/poi/hpsf/MutableProperty.java,62.0,3.0,15.0,6.0,10.0,11.0,0,0.0,0.0,0.0,0,true
src/java/org/apache/poi/hpsf/MutableSection.java,402.0,14.0,166.0,25.0,82.0,73.0,0,0.0,0.0,0.0,0,true
src/java/org/apache/poi/hpsf/Property.java,282.0,8.0,0.0,12.0,38.0,47.0,0,0.0,0.0,0.0,0,true
src/java/org/apache/poi/hpsf/SpecialPropertySet.java,231.0,7.0,0.0,31.0,31.0,65.0,0,0.0,0.0,0.0,0,true
src/java/org/apache/poi/hpsf/SummaryInformation.java,446.0,2.0,1540.0,56.0,96.0,91.0,0,0.0,0.0,0.0,0,true
src/java/org/apache/poi/hpsf/UnicodeString.java,62.0,5.0,0.0,5.0,8.0,16.0,0,0.0,0.0,0.0,0,false
src/java/org/apache/poi/hpsf/VariantSupport.java,275.0,9.0,19.0,7.0,34.0,34.0,0,0.0,0.0,0.0,0,true
src/java/org/apache/poi/hpsf/extractor/HPSFPropertiesExtractor.java,86.0,14.0,45.0,10.0,25.0,24.0,0,0.0,0.0,0.0,0,true
src/java/org/apache/poi/hssf/eventmodel/ERFListener.java,14.0,1.0,0.0,1.0,0.0,4.0,1,0.003484320557491289,608.8852459016393,28553.20917895437,1,false
src/java/org/apache/poi/hssf/eventusermodel/AbortableHSSFListener.java,36.0,2.0,1.0,2.0,0.0,5.0,1,0.003484320557491289,608.8852459016393,28553.20917895437,1,false
src/java/org/apache/poi/hssf/eventusermodel/HSSFEventFactory.java,99.0,6.0,28.0,8.0,12.0,27.0,1,0.003484320557491289,608.8852459016393,28553.20917895437,1,true
src/java/org/apache/poi/hssf/eventusermodel/HSSFListener.java,13.0,1.0,0.0,1.0,0.0,1.0,1,0.003484320557491289,608.8852459016393,28553.20917895437,1,false
src/java/org/apache/poi/hssf/eventusermodel/HSSFRequest.java,77.0,6.0,0.0,4.0,12.0,13.0,1,0.003484320557491289,608.8852459016393,28553.20917895437,1,true
src/java/org/apache/poi/hssf/eventusermodel/HSSFUserException.java,51.0,0.0,4.0,5.0,0.0,8.0,1,0.003484320557491289,608.8852459016393,28553.20917895437,1,false
src/java/org/apache/poi/hssf/model/AbstractShape.java,118.0,3.0,21.0,7.0,14.0,21.0,1,0.003484320557491289,608.8852459016393,28553.20917895437,1,true
src/java/org/apache/poi/hssf/model/ComboboxShape.java,73.0,3.0,2.0,5.0,20.0,12.0,1,0.003484320557491289,608.8852459016393,28553.20917895437,1,true
src/java/org/apache/poi/hssf/model/CommentShape.java,85.0,13.0,8.0,5.0,26.0,14.0,2,0.006968641114982578,1566.9741347905283,40688.74494033779,2,true
src/java/org/apache/poi/hssf/model/DrawingManager.java,77.0,4.0,0.0,7.0,29.0,19.0,1,0.003484320557491289,608.8852459016393,28553.20917895437,1,true
src/java/org/apache/poi/hssf/model/DrawingManager2.java,89.0,4.0,7.0,11.0,31.0,26.0,1,0.003484320557491289,608.8852459016393,28553.20917895437,1,false
src/java/org/apache/poi/hssf/model/HSSFFormulaParser.java,47.0,8.0,15.0,6.0,7.0,20.0,1,0.003484320557491289,608.8852459016393,28553.20917895437,1,true
src/java/org/apache/poi/hssf/model/InternalSheet.java,1270.0,22.0,3851.0,98.0,266.0,258.0,1,0.003484320557491289,608.8852459016393,28553.20917895437,1,true
src/java/org/apache/poi/hssf/model/InternalWorkbook.java,1972.0,25.0,4526.0,113.0,417.0,352.0,2,0.006968641114982578,1566.9741347905283,40688.74494033779,2,true
src/java/org/apache/poi/hssf/model/LineShape.java,73.0,3.0,2.0,5.0,23.0,14.0,1,0.003484320557491289,608.8852459016393,28553.20917895437,1,true
src/java/org/apache/poi/hssf/model/LinkTable.java,424.0,14.0,113.0,26.0,95.0,89.0,2,0.006968641114982578,1566.9741347905283,40688.74494033779,2,true
src/java/org/apache/poi/hssf/model/PictureShape.java,73.0,3.0,2.0,5.0,25.0,14.0,1,0.003484320557491289,608.8852459016393,28553.20917895437,1,true
src/java/org/apache/poi/hssf/model/RecordOrderer.java,334.0,53.0,136.0,17.0,39.0,77.0,1,0.003484320557491289,608.8852459016393,28553.20917895437,1,true
src/java/org/apache/poi/hssf/model/RecordStream.java,52.0,2.0,0.0,7.0,9.0,16.0,1,0.003484320557491289,608.8852459016393,28553.20917895437,1,true
src/java/org/apache/poi/hssf/model/RowBlocksReader.java,81.0,11.0,0.0,4.0,11.0,13.0,1,0.003484320557491289,608.8852459016393,28553.20917895437,1,true
src/java/org/apache/poi/hssf/model/TextboxShape.java,106.0,3.0,16.0,8.0,33.0,18.0,1,0.003484320557491289,608.8852459016393,28553.20917895437,1,true
src/java/org/apache/poi/hssf/record/CRNRecord.java,49.0,2.0,5.0,7.0,11.0,13.0,1,0.003484320557491289,608.8852459016393,28553.20917895437,1,true
src/java/org/apache/poi/hssf/record/CalcCountRecord.java,55.0,1.0,24.0,9.0,7.0,16.0,1,0.003484320557491289,608.8852459016393,28553.20917895437,1,true
src/java/org/apache/poi/hssf/record/LabelSSTRecord.java,54.0,2.0,33.0,10.0,7.0,15.0,1,0.003484320557491289,608.8852459016393,28553.20917895437,1,true
src/java/org/apache/poi/hssf/record/PrecisionRecord.java,51.0,1.0,16.0,8.0,5.0,14.0,1,0.003484320557491289,608.8852459016393,28553.20917895437,1,true
src/java/org/apache/poi/hssf/record/SSTRecord.java,245.0,6.0,1.0,14.0,26.0,34.0,1,0.003484320557491289,608.8852459016393,28553.20917895437,1,true
src/java/org/apache/poi/hssf/record/StyleRecord.java,141.0,5.0,0.0,13.0,29.0,31.0,1,0.003484320557491289,958.0888888888888,12135.53576138342,1,true
src/java/org/apache/poi/hssf/record/UserSViewEnd.java,41.0,2.0,0.0,7.0,8.0,13.0,1,0.003484320557491289,608.8852459016393,28553.20917895437,1,true
src/java/org/apache/poi/hssf/record/WindowProtectRecord.java,53.0,4.0,15.0,10.0,8.0,15.0,1,0.003484320557491289,608.8852459016393,28553.20917895437,1,true
src/java/org/apache/poi/hssf/record/cf/CellRangeUtil.java,178.0,3.0,76.0,13.0,41.0,46.0,1,0.003484320557491289,958.0888888888888,12135.53576138342,1,true
src/java/org/apache/poi/hssf/record/cont/ContinuableRecord.java,35.0,4.0,6.0,4.0,8.0,7.0,1,0.003484320557491289,608.8852459016393,28553.20917895437,1,false
src/java/org/apache/poi/hssf/record/cont/ContinuableRecordInput.java,71.0,3.0,0.0,11.0,10.0,19.0,1,0.003484320557491289,608.8852459016393,28553.20917895437,1,true
src/java/org/apache/poi/hssf/record/cont/ContinuableRecordOutput.java,224.0,4.0,118.0,25.0,41.0,42.0,1,0.003484320557491289,608.8852459016393,28553.20917895437,1,true
src/java/org/apache/poi/hssf/record/cont/UnknownLengthRecordOutput.java,87.0,4.0,0.0,11.0,11.0,20.0,1,0.003484320557491289,608.8852459016393,28553.20917895437,1,false
src/java/org/apache/poi/hssf/record/pivottable/ViewDefinitionRecord.java,114.0,5.0,0.0,5.0,9.0,8.0,1,0.003484320557491289,608.8852459016393,28553.20917895437,1,true
src/java/org/apache/poi/hssf/usermodel/DVConstraint.java,321.0,9.0,297.0,30.0,28.0,101.0,1,0.003484320557491289,608.8852459016393,28553.20917895437,1,true
src/java/org/apache/poi/hssf/usermodel/EscherGraphics.java,311.0,6.0,722.0,48.0,135.0,104.0,1,0.003484320557491289,608.8852459016393,28553.20917895437,1,false
src/java/org/apache/poi/hssf/usermodel/EscherGraphics2d.java,368.0,17.0,3140.0,81.0,169.0,139.0,1,0.003484320557491289,608.8852459016393,28553.20917895437,1,true
src/java/org/apache/poi/hssf/usermodel/FontDetails.java,112.0,4.0,56.0,12.0,27.0,34.0,1,0.003484320557491289,608.8852459016393,28553.20917895437,1,true
src/java/org/apache/poi/hssf/usermodel/HSSFAnchor.java,71.0,4.0,105.0,15.0,7.0,24.0,1,0.003484320557491289,608.8852459016393,28553.20917895437,1,false
src/java/org/apache/poi/hssf/usermodel/HSSFAutoFilter.java,9.0,1.0,0.0,1.0,0.0,1.0,1,0.003484320557491289,608.8852459016393,28553.20917895437,1,false
src/java/org/apache/poi/hssf/usermodel/HSSFBorderFormatting.java,125.0,2.0,0.0,26.0,39.0,51.0,1,0.003484320557491289,608.8852459016393,28553.20917895437,1,true
src/java/org/apache/poi/hssf/usermodel/HSSFCell.java,965.0,28.0,55.0,55.0,254.0,198.0,1,0.003484320557491289,608.8852459016393,28553.20917895437,1,true
src/java/org/apache/poi/hssf/usermodel/HSSFCellStyle.java,696.0,7.0,0.0,59.0,92.0,169.0,2,0.006968641114982578,681.7423887587822,28845.595990541657,2,true
src/java/org/apache/poi/hssf/usermodel/HSSFClientAnchor.java,234.0,3.0,76.0,32.0,82.0,56.0,1,0.003484320557491289,608.8852459016393,28553.20917895437,1,true
src/java/org/apache/poi/hssf/usermodel/HSSFCombobox.java,62.0,2.0,15.0,6.0,21.0,10.0,1,0.003484320557491289,608.8852459016393,28553.20917895437,1,false
src/java/org/apache/poi/hssf/usermodel/HSSFComment.java,187.0,3.0,144.0,25.0,74.0,42.0,1,0.003484320557491289,608.8852459016393,28553.20917895437,1,true
src/java/org/apache/poi/hssf/usermodel/HSSFConditionalFormatting.java,110.0,5.0,0.0,11.0,13.0,20.0,1,0.003484320557491289,608.8852459016393,28553.20917895437,1,true
src/java/org/apache/poi/hssf/usermodel/HSSFConditionalFormattingRule.java,143.0,8.0,46.0,16.0,21.0,56.0,1,0.003484320557491289,608.8852459016393,28553.20917895437,1,true
src/java/org/apache/poi/hssf/usermodel/HSSFDataFormat.java,126.0,8.0,6.0,8.0,22.0,29.0,1,0.003484320557491289,608.8852459016393,28553.20917895437,1,true
src/java/org/apache/poi/hssf/usermodel/HSSFDataFormatter.java,52.0,5.0,1.0,2.0,1.0,4.0,1,0.003484320557491289,608.8852459016393,28553.20917895437,1,true
src/java/org/apache/poi/hssf/usermodel/HSSFDataValidation.java,93.0,6.0,140.0,21.0,10.0,36.0,1,0.003484320557491289,608.8852459016393,28553.20917895437,1,true
src/java/org/apache/poi/hssf/usermodel/HSSFDataValidationHelper.java,40.0,5.0,55.0,11.0,9.0,28.0,1,0.003484320557491289,608.8852459016393,28553.20917895437,1,true
src/java/org/apache/poi/hssf/usermodel/HSSFDateUtil.java,8.0,2.0,0.0,1.0,1.0,2.0,1,0.003484320557491289,608.8852459016393,28553.20917895437,1,true
src/java/org/apache/poi/hssf/usermodel/HSSFErrorConstants.java,5.0,1.0,0.0,0.0,0.0,0.0,1,0.003484320557491289,608.8852459016393,28553.20917895437,1,false
src/java/org/apache/poi/hssf/usermodel/HSSFEvaluationCell.java,47.0,2.0,0.0,13.0,10.0,24.0,1,0.003484320557491289,608.8852459016393,28553.20917895437,1,true
src/java/org/apache/poi/hssf/usermodel/HSSFEvaluationSheet.java,23.0,2.0,0.0,3.0,2.0,6.0,1,0.003484320557491289,608.8852459016393,28553.20917895437,1,false
src/java/org/apache/poi/hssf/usermodel/HSSFEvaluationWorkbook.java,123.0,19.0,0.0,20.0,39.0,45.0,1,0.003484320557491289,608.8852459016393,28553.20917895437,1,true
src/java/org/apache/poi/hssf/usermodel/HSSFFont.java,257.0,3.0,0.0,27.0,25.0,52.0,1,0.003484320557491289,608.8852459016393,28553.20917895437,1,true
src/java/org/apache/poi/hssf/usermodel/HSSFFontFormatting.java,299.0,2.0,0.0,35.0,47.0,93.0,1,0.003484320557491289,608.8852459016393,28553.20917895437,1,true
src/java/org/apache/poi/hssf/usermodel/HSSFFooter.java,33.0,3.0,0.0,3.0,5.0,7.0,1,0.003484320557491289,608.8852459016393,28553.20917895437,1,true
src/java/org/apache/poi/hssf/usermodel/HSSFFormulaEvaluator.java,326.0,15.0,184.0,25.0,55.0,75.0,2,0.006968641114982578,1566.9741347905283,40688.74494033779,2,true
src/java/org/apache/poi/hssf/usermodel/HSSFHeader.java,33.0,3.0,0.0,3.0,5.0,7.0,1,0.003484320557491289,608.8852459016393,28553.20917895437,1,true
src/java/org/apache/poi/hssf/usermodel/HSSFHyperlink.java,181.0,2.0,0.0,19.0,23.0,35.0,1,0.003484320557491289,608.8852459016393,28553.20917895437,1,true
src/java/org/apache/poi/hssf/usermodel/HSSFName.java,220.0,7.0,0.0,19.0,43.0,51.0,1,0.003484320557491289,608.8852459016393,28553.20917895437,1,true
src/java/org/apache/poi/hssf/usermodel/HSSFObjectData.java,91.0,7.0,49.0,11.0,33.0,28.0,1,0.003484320557491289,608.8852459016393,28553.20917895437,1,true
src/java/org/apache/poi/hssf/usermodel/HSSFPalette.java,168.0,2.0,6.0,9.0,12.0,28.0,2,0.006968641114982578,1566.9741347905283,40688.74494033779,2,true
src/java/org/apache/poi/hssf/usermodel/HSSFPatriarch.java,355.0,13.0,402.0,33.0,103.0,76.0,2,0.006968641114982578,681.7423887587822,28845.595990541657,2,true
src/java/org/apache/poi/hssf/usermodel/HSSFPatternFormatting.java,62.0,2.0,0.0,8.0,10.0,15.0,1,0.003484320557491289,608.8852459016393,28553.20917895437,1,true
src/java/org/apache/poi/hssf/usermodel/HSSFPicture.java,216.0,12.0,171.0,19.0,94.0,44.0,1,0.003484320557491289,608.8852459016393,28553.20917895437,1,true
src/java/org/apache/poi/hssf/usermodel/HSSFPictureData.java,87.0,5.0,0.0,5.0,6.0,15.0,1,0.003484320557491289,608.8852459016393,28553.20917895437,1,true
src/java/org/apache/poi/hssf/usermodel/HSSFPolygon.java,177.0,5.0,78.0,13.0,43.0,31.0,1,0.003484320557491289,608.8852459016393,28553.20917895437,1,true
src/java/org/apache/poi/hssf/usermodel/HSSFPrintSetup.java,291.0,2.0,0.0,39.0,38.0,61.0,1,0.003484320557491289,608.8852459016393,28553.20917895437,1,false
src/java/org/apache/poi/hssf/usermodel/HSSFRichTextString.java,240.0,6.0,0.0,23.0,41.0,56.0,1,0.003484320557491289,608.8852459016393,28553.20917895437,1,true
src/java/org/apache/poi/hssf/usermodel/HSSFRow.java,549.0,10.0,408.0,40.0,83.0,117.0,1,0.003484320557491289,608.8852459016393,28553.20917895437,1,true
src/java/org/apache/poi/hssf/usermodel/HSSFShape.java,326.0,6.0,577.0,38.0,62.0,73.0,1,0.003484320557491289,608.8852459016393,28553.20917895437,1,true
src/java/org/apache/poi/hssf/usermodel/HSSFShapeContainer.java,41.0,1.0,36.0,9.0,0.0,17.0,1,0.003484320557491289,608.8852459016393,28553.20917895437,1,true
src/java/org/apache/poi/hssf/usermodel/HSSFShapeFactory.java,100.0,6.0,1.0,2.0,19.0,11.0,1,0.003484320557491289,608.8852459016393,28553.20917895437,1,true
src/java/org/apache/poi/hssf/usermodel/HSSFShapeGroup.java,313.0,6.0,177.0,27.0,136.0,62.0,1,0.003484320557491289,608.8852459016393,28553.20917895437,1,true
src/java/org/apache/poi/hssf/usermodel/HSSFSheet.java,1745.0,35.0,4161.0,154.0,449.0,396.0,2,0.006968641114982578,1566.9741347905283,40688.74494033779,2,true
src/java/org/apache/poi/hssf/usermodel/HSSFSheetConditionalFormatting.java,149.0,8.0,72.0,16.0,27.0,39.0,1,0.003484320557491289,608.8852459016393,28553.20917895437,1,false
src/java/org/apache/poi/hssf/usermodel/HSSFSimpleShape.java,172.0,3.0,116.0,17.0,69.0,35.0,1,0.003484320557491289,608.8852459016393,28553.20917895437,1,false
src/java/org/apache/poi/hssf/usermodel/HSSFTextbox.java,187.0,2.0,190.0,20.0,59.0,31.0,1,0.003484320557491289,608.8852459016393,28553.20917895437,1,false
src/java/org/apache/poi/hssf/usermodel/HSSFWorkbook.java,1344.0,41.0,1662.0,104.0,309.0,283.0,3,0.010452961672473868,1639.8312776476712,40981.13175192508,3,true
src/java/org/apache/poi/hssf/usermodel/StaticFontMetrics.java,72.0,9.0,0.0,1.0,15.0,8.0,1,0.003484320557491289,608.8852459016393,28553.20917895437,1,true
src/java/org/apache/poi/hssf/util/CellRangeAddress.java,13.0,2.0,1.0,2.0,0.0,2.0,1,0.003484320557491289,608.8852459016393,28553.20917895437,1,true
src/java/org/apache/poi/hssf/util/CellRangeAddress8Bit.java,38.0,4.0,15.0,7.0,16.0,13.0,1,0.003484320557491289,608.8852459016393,28553.20917895437,1,true
src/java/org/apache/poi/hssf/util/CellRangeAddressList.java,29.0,1.0,3.0,3.0,2.0,4.0,1,0.003484320557491289,608.8852459016393,28553.20917895437,1,true
src/java/org/apache/poi/hssf/util/CellReference.java,23.0,0.0,6.0,4.0,0.0,5.0,1,0.003484320557491289,608.8852459016393,28553.20917895437,1,true
src/java/org/apache/poi/hssf/util/HSSFCellUtil.java,97.0,7.0,36.0,9.0,8.0,20.0,1,0.003484320557491289,608.8852459016393,28553.20917895437,1,false
src/java/org/apache/poi/hssf/util/HSSFColor.java,964.0,5.0,55.0,11.0,25.0,32.0,1,0.003484320557491289,608.8852459016393,28553.20917895437,1,true
src/java/org/apache/poi/hssf/util/HSSFRegionUtil.java,142.0,4.0,153.0,18.0,25.0,20.0,1,0.003484320557491289,608.8852459016393,28553.20917895437,1,false
src/java/org/apache/poi/hssf/util/RKUtil.java,28.0,0.0,1.0,2.0,1.0,5.0,1,0.003484320557491289,608.8852459016393,28553.20917895437,1,false
src/java/org/apache/poi/hssf/util/Region.java,20.0,0.0,3.0,3.0,0.0,3.0,1,0.003484320557491289,608.8852459016393,28553.20917895437,1,false
src/java/org/apache/poi/poifs/crypt/EncryptionHeader.java,128.0,7.0,17.0,11.0,17.0,29.0,1,0.003484320557491289,608.8852459016393,28553.20917895437,1,true
src/java/org/apache/poi/ss/format/CellNumberFormatter.java,676.0,13.0,184.0,28.0,133.0,112.0,1,0.003484320557491289,156.0,426.6646745341795,1,false
src/java/org/apache/poi/ss/format/SimpleFraction.java,130.0,0.0,11.0,6.0,4.0,19.0,1,0.003484320557491289,156.0,426.6646745341795,1,false
src/java/org/apache/poi/ss/formula/FormulaRenderer.java,79.0,8.0,1.0,2.0,15.0,10.0,1,0.003484320557491289,958.0888888888888,12135.53576138342,1,false
src/java/org/apache/poi/ss/formula/FormulaShifter.java,250.0,1.0,34.0,12.0,25.0,46.0,1,0.003484320557491289,958.0888888888888,12135.53576138342,1,true
src/java/org/apache/poi/ss/formula/OperationEvaluationContext.java,251.0,12.0,99.0,18.0,54.0,56.0,2,0.006968641114982578,966.6991993900115,34120.569671984165,2,true
src/java/org/apache/poi/ss/formula/atp/AnalysisToolPak.java,196.0,8.0,0.0,8.0,19.0,24.0,2,0.006968641114982578,1315.9028423772609,17702.896254413216,2,true
src/java/org/apache/poi/ss/formula/eval/FunctionEval.java,271.0,7.0,0.0,5.0,14.0,24.0,1,0.003484320557491289,357.8139534883721,5567.360493029794,1,true
src/java/org/apache/poi/ss/formula/function/FunctionMetadataReader.java,142.0,10.0,28.0,8.0,31.0,39.0,1,0.003484320557491289,958.0888888888888,12135.53576138342,1,false
src/java/org/apache/poi/ss/formula/functions/Code.java,27.0,1.0,0.0,1.0,6.0,4.0,0,0.0,0.0,0.0,0,false
src/java/org/apache/poi/ss/formula/functions/Complex.java,117.0,2.0,4.0,4.0,17.0,14.0,0,0.0,0.0,0.0,0,true
src/java/org/apache/poi/ss/formula/functions/Countif.java,468.0,13.0,21.0,7.0,31.0,27.0,1,0.003484320557491289,608.8852459016393,28553.20917895437,1,true
src/java/org/apache/poi/ss/formula/functions/Delta.java,53.0,3.0,1.0,2.0,9.0,7.0,1,0.003484320557491289,357.8139534883721,5567.360493029794,1,true
src/java/org/apache/poi/ss/formula/functions/EDate.java,34.0,5.0,1.0,2.0,11.0,8.0,0,0.0,0.0,0.0,0,true
src/java/org/apache/poi/ss/formula/functions/Finance.java,102.0,0.0,55.0,11.0,15.0,24.0,0,0.0,0.0,0.0,0,true
src/java/org/apache/poi/ss/formula/functions/ImReal.java,63.0,4.0,1.0,2.0,12.0,9.0,1,0.003484320557491289,357.8139534883721,5567.360493029794,1,false
src/java/org/apache/poi/ss/formula/functions/Imaginary.java,72.0,4.0,1.0,2.0,12.0,9.0,1,0.003484320557491289,357.8139534883721,5567.360493029794,1,false
src/java/org/apache/poi/ss/formula/functions/LookupUtils.java,500.0,13.0,66.0,12.0,53.0,50.0,1,0.003484320557491289,608.8852459016393,28553.20917895437,1,false
src/java/org/apache/poi/ss/formula/functions/Match.java,161.0,12.0,28.0,8.0,30.0,26.0,1,0.003484320557491289,608.8852459016393,28553.20917895437,1,false
src/java/org/apache/poi/ss/formula/functions/MultiOperandNumericFunction.java,152.0,11.0,26.0,8.0,22.0,27.0,1,0.003484320557491289,958.0888888888888,12135.53576138342,1,true
src/java/org/apache/poi/ss/formula/functions/Quotient.java,42.0,3.0,1.0,2.0,4.0,7.0,2,0.006968641114982578,966.6991993900115,34120.569671984165,2,true
src/java/org/apache/poi/ss/formula/functions/Roman.java,113.0,1.0,3.0,3.0,7.0,13.0,1,0.003484320557491289,357.8139534883721,5567.360493029794,1,false
src/java/org/apache/poi/ss/formula/functions/Value.java,147.0,5.0,1.0,2.0,14.0,11.0,2,0.006968641114982578,966.6991993900115,34120.569671984165,2,false
src/java/org/apache/poi/ss/formula/functions/Vlookup.java,42.0,6.0,3.0,3.0,13.0,9.0,1,0.003484320557491289,608.8852459016393,28553.20917895437,1,false
src/java/org/apache/poi/ss/formula/ptg/Area3DPtg.java,66.0,6.0,46.0,12.0,18.0,23.0,1,0.003484320557491289,958.0888888888888,12135.53576138342,1,false
src/java/org/apache/poi/ss/formula/ptg/AreaPtg.java,22.0,2.0,10.0,5.0,0.0,6.0,1,0.003484320557491289,958.0888888888888,12135.53576138342,1,false
src/java/org/apache/poi/ss/usermodel/CellStyle.java,577.0,0.0,990.0,45.0,0.0,100.0,1,0.003484320557491289,958.0888888888888,12135.53576138342,1,true
src/java/org/apache/poi/ss/usermodel/DataFormatter.java,841.0,19.0,267.0,26.0,121.0,102.0,2,0.006968641114982578,1566.9741347905283,40688.74494033779,2,true
src/java/org/apache/poi/ss/usermodel/FractionFormat.java,113.0,7.0,4.0,4.0,20.0,17.0,1,0.003484320557491289,156.0,426.6646745341795,1,false
src/java/org/apache/poi/ss/usermodel/Sheet.java,787.0,3.0,5151.0,102.0,0.0,244.0,2,0.006968641114982578,1566.9741347905283,40688.74494033779,2,true
src/java/org/apache/poi/ss/util/CellRangeAddressBase.java,114.0,1.0,0.0,17.0,9.0,46.0,1,0.003484320557491289,958.0888888888888,12135.53576138342,1,true
src/java/org/apache/poi/ss/util/CellReference.java,420.0,5.0,231.0,26.0,60.0,87.0,2,0.006968641114982578,1566.9741347905283,40688.74494033779,2,true
src/java/org/apache/poi/util/CodePageUtil.java,411.0,1.0,10.0,5.0,5.0,21.0,0,0.0,0.0,0.0,0,false
src/java/org/apache/poi/util/Configurator.java,17.0,0.0,0.0,1.0,3.0,3.0,1,0.003484320557491289,608.8852459016393,28553.20917895437,1,false
src/ooxml/java/org/apache/poi/POIXMLDocumentPart.java,326.0,18.0,270.0,28.0,65.0,74.0,1,0.003484320557491289,958.0888888888888,12135.53576138342,1,true
src/ooxml/java/org/apache/poi/ss/usermodel/WorkbookFactory.java,62.0,13.0,10.0,5.0,9.0,18.0,0,0.0,0.0,0.0,0,true
src/ooxml/java/org/apache/poi/util/OOXMLLite.java,137.0,17.0,13.0,6.0,45.0,24.0,1,0.003484320557491289,958.0888888888888,12135.53576138342,1,true
src/ooxml/java/org/apache/poi/xssf/eventusermodel/XSSFReader.java,232.0,29.0,0.0,9.0,21.0,34.0,1,0.003484320557491289,156.0,426.6646745341795,1,true
src/ooxml/java/org/apache/poi/xssf/extractor/XSSFEventBasedExcelExtractor.java,181.0,27.0,73.0,15.0,29.0,40.0,1,0.003484320557491289,156.0,426.6646745341795,1,true
src/ooxml/java/org/apache/poi/xssf/extractor/XSSFExcelExtractor.java,169.0,21.0,77.0,14.0,44.0,30.0,1,0.003484320557491289,156.0,426.6646745341795,1,true
src/ooxml/java/org/apache/poi/xssf/model/CommentsTable.java,118.0,14.0,0.0,17.0,53.0,43.0,0,0.0,0.0,0.0,0,true
src/ooxml/java/org/apache/poi/xssf/model/ParagraphPropertyFetcher.java,29.0,4.0,6.0,5.0,2.0,9.0,0,0.0,0.0,0.0,0,false
src/ooxml/java/org/apache/poi/xssf/streaming/GZIPSheetDataWriter.java,28.0,9.0,6.0,4.0,2.0,11.0,1,0.003484320557491289,958.0888888888888,12135.53576138342,1,true
src/ooxml/java/org/apache/poi/xssf/streaming/SXSSFSheet.java,1003.0,27.0,0.0,113.0,154.0,283.0,1,0.003484320557491289,958.0888888888888,12135.53576138342,1,true
src/ooxml/java/org/apache/poi/xssf/usermodel/ListAutoNumber.java,0.0,0.0,0.0,0.0,0.0,0.0,0,0.0,0.0,0.0,0,false
src/ooxml/java/org/apache/poi/xssf/usermodel/TextAlign.java,0.0,0.0,0.0,0.0,0.0,0.0,0,0.0,0.0,0.0,0,false
src/ooxml/java/org/apache/poi/xssf/usermodel/TextAutofit.java,0.0,0.0,0.0,0.0,0.0,0.0,0,0.0,0.0,0.0,0,false
src/ooxml/java/org/apache/poi/xssf/usermodel/TextCap.java,0.0,0.0,0.0,0.0,0.0,0.0,0,0.0,0.0,0.0,0,false
src/ooxml/java/org/apache/poi/xssf/usermodel/TextDirection.java,0.0,0.0,0.0,0.0,0.0,0.0,0,0.0,0.0,0.0,0,false
src/ooxml/java/org/apache/poi/xssf/usermodel/TextFontAlign.java,0.0,0.0,0.0,0.0,0.0,0.0,0,0.0,0.0,0.0,0,false
src/ooxml/java/org/apache/poi/xssf/usermodel/TextHorizontalOverflow.java,0.0,0.0,0.0,0.0,0.0,0.0,0,0.0,0.0,0.0,0,false
src/ooxml/java/org/apache/poi/xssf/usermodel/TextVerticalOverflow.java,0.0,0.0,0.0,0.0,0.0,0.0,0,0.0,0.0,0.0,0,false
src/ooxml/java/org/apache/poi/xssf/usermodel/XSSFCell.java,884.0,28.0,759.0,55.0,261.0,206.0,1,0.003484320557491289,958.0888888888888,12135.53576138342,1,true
src/ooxml/java/org/apache/poi/xssf/usermodel/XSSFDrawing.java,294.0,23.0,189.0,22.0,111.0,56.0,1,0.003484320557491289,156.0,426.6646745341795,1,true
src/ooxml/java/org/apache/poi/xssf/usermodel/XSSFEvaluationWorkbook.java,133.0,16.0,99.0,22.0,33.0,50.0,1,0.003484320557491289,958.0888888888888,12135.53576138342,1,true
src/ooxml/java/org/apache/poi/xssf/usermodel/XSSFLineBreak.java,16.0,2.0,1.0,3.0,0.0,6.0,0,0.0,0.0,0.0,0,false
src/ooxml/java/org/apache/poi/xssf/usermodel/XSSFRow.java,400.0,12.0,104.0,28.0,93.0,85.0,1,0.003484320557491289,958.0888888888888,12135.53576138342,1,true
src/ooxml/java/org/apache/poi/xssf/usermodel/XSSFSheet.java,2708.0,40.0,13820.0,220.0,956.0,683.0,2,0.006968641114982578,1566.9741347905283,40688.74494033779,2,true
src/ooxml/java/org/apache/poi/xssf/usermodel/XSSFSimpleShape.java,703.0,13.0,0.0,40.0,280.0,133.0,0,0.0,0.0,0.0,0,true
src/ooxml/java/org/apache/poi/xssf/usermodel/XSSFTextParagraph.java,743.0,11.0,1476.0,64.0,461.0,197.0,0,0.0,0.0,0.0,0,false
src/ooxml/java/org/apache/poi/xssf/usermodel/XSSFTextRun.java,281.0,9.0,443.0,31.0,110.0,87.0,0,0.0,0.0,0.0,0,false
src/ooxml/java/org/apache/poi/xssf/usermodel/helpers/ColumnHelper.java,235.0,9.0,196.0,21.0,102.0,52.0,0,0.0,0.0,0.0,0,true
src/ooxml/java/org/apache/poi/xssf/usermodel/helpers/XSSFFormulaUtils.java,89.0,16.0,0.0,8.0,31.0,23.0,1,0.003484320557491289,958.0888888888888,12135.53576138342,1,true
src/ooxml/testcases/org/apache/poi/xslf/TestXSLFBugs.java,82.0,11.0,6.0,4.0,35.0,11.0,0,0.0,0.0,0.0,0,true
src/ooxml/testcases/org/apache/poi/xssf/XSSFTestDataSamples.java,91.0,12.0,6.0,4.0,13.0,20.0,0,0.0,0.0,0.0,0,true
src/ooxml/testcases/org/apache/poi/xssf/eventusermodel/TestXSSFReader.java,130.0,12.0,8.0,8.0,73.0,26.0,1,0.003484320557491289,156.0,426.6646745341795,1,true
src/ooxml/testcases/org/apache/poi/xssf/extractor/TestXSSFEventBasedExcelExtractor.java,84.0,12.0,15.0,6.0,37.0,15.0,1,0.003484320557491289,156.0,426.6646745341795,1,true
src/ooxml/testcases/org/apache/poi/xssf/extractor/TestXSSFExcelExtractor.java,116.0,8.0,28.0,8.0,50.0,20.0,1,0.003484320557491289,156.0,426.6646745341795,1,true
src/ooxml/testcases/org/apache/poi/xssf/usermodel/TestUnfixedBugs.java,110.0,18.0,28.0,8.0,43.0,25.0,0,0.0,0.0,0.0,0,true
src/ooxml/testcases/org/apache/poi/xssf/usermodel/TestXSSFCellStyle.java,581.0,21.0,0.0,36.0,425.0,43.0,2,0.006968641114982578,1566.9741347905283,40688.74494033779,2,true
src/ooxml/testcases/org/apache/poi/xssf/usermodel/TestXSSFColGrouping.java,192.0,6.0,0.0,6.0,109.0,16.0,0,0.0,0.0,0.0,0,true
src/ooxml/testcases/org/apache/poi/xssf/usermodel/TestXSSFDrawing.java,451.0,16.0,120.0,16.0,271.0,23.0,0,0.0,0.0,0.0,0,true
src/ooxml/testcases/org/apache/poi/xssf/usermodel/TestXSSFSheet.java,898.0,21.0,589.0,35.0,356.0,52.0,1,0.003484320557491289,958.0888888888888,12135.53576138342,1,true
src/ooxml/testcases/org/apache/poi/xssf/usermodel/TestXSSFSheetShiftRows.java,81.0,9.0,21.0,7.0,34.0,20.0,1,0.003484320557491289,958.0888888888888,12135.53576138342,1,true
src/ooxml/testcases/org/apache/poi/xssf/usermodel/TestXSSFWorkbook.java,400.0,30.0,276.0,24.0,227.0,35.0,1,0.003484320557491289,958.0888888888888,12135.53576138342,1,true
src/ooxml/testcases/org/apache/poi/xwpf/usermodel/TestXWPFParagraph.java,220.0,23.0,105.0,15.0,165.0,23.0,1,0.003484320557491289,156.0,426.6646745341795,1,true
src/scratchpad/src/org/apache/poi/hslf/extractor/PowerPointExtractor.java,255.0,13.0,151.0,19.0,42.0,48.0,1,0.003484320557491289,156.0,426.6646745341795,1,true
src/scratchpad/src/org/apache/poi/hsmf/MAPIMessage.java,506.0,37.0,298.0,36.0,60.0,134.0,0,0.0,0.0,0.0,0,true
src/scratchpad/src/org/apache/poi/hsmf/datatypes/ByteChunk.java,75.0,5.0,0.0,9.0,7.0,20.0,0,0.0,0.0,0.0,0,false
src/scratchpad/src/org/apache/poi/hsmf/datatypes/Chunk.java,43.0,4.0,3.0,7.0,4.0,14.0,0,0.0,0.0,0.0,0,false
src/scratchpad/src/org/apache/poi/hsmf/datatypes/ChunkGroup.java,20.0,0.0,3.0,3.0,0.0,3.0,0,0.0,0.0,0.0,0,false
src/scratchpad/src/org/apache/poi/hsmf/datatypes/MAPIProperty.java,559.0,14.0,0.0,6.0,13.0,20.0,0,0.0,0.0,0.0,0,false
src/scratchpad/src/org/apache/poi/hsmf/datatypes/MessageSubmissionChunk.java,80.0,11.0,7.0,6.0,15.0,17.0,0,0.0,0.0,0.0,0,true
src/scratchpad/src/org/apache/poi/hsmf/datatypes/PropertiesChunk.java,153.0,17.0,4.0,8.0,21.0,29.0,0,0.0,0.0,0.0,0,false
src/scratchpad/src/org/apache/poi/hsmf/datatypes/PropertyValue.java,109.0,3.0,5.0,6.0,3.0,13.0,0,0.0,0.0,0.0,0,false
src/scratchpad/src/org/apache/poi/hsmf/datatypes/StringChunk.java,115.0,7.0,37.0,14.0,12.0,35.0,0,0.0,0.0,0.0,0,true
src/scratchpad/testcases/org/apache/poi/hslf/extractor/TestExtractor.java,240.0,15.0,0.0,17.0,84.0,38.0,1,0.003484320557491289,156.0,426.6646745341795,1,true
src/scratchpad/testcases/org/apache/poi/hslf/usermodel/TestRichTextRun.java,443.0,11.0,57.0,15.0,144.0,39.0,0,0.0,0.0,0.0,0,true
src/scratchpad/testcases/org/apache/poi/hsmf/TestBasics.java,169.0,4.0,0.0,9.0,40.0,25.0,0,0.0,0.0,0.0,0,true
src/scratchpad/testcases/org/apache/poi/hsmf/TestBlankFileRead.java,80.0,5.0,0.0,8.0,16.0,28.0,0,0.0,0.0,0.0,0,false
src/scratchpad/testcases/org/apache/poi/hsmf/TestFixedSizedProperties.java,101.0,20.0,0.0,8.0,35.0,21.0,0,0.0,0.0,0.0,0,false
src/scratchpad/testcases/org/apache/poi/hsmf/TestOutlook30FileRead.java,93.0,5.0,0.0,10.0,25.0,30.0,0,0.0,0.0,0.0,0,false
src/scratchpad/testcases/org/apache/poi/hsmf/TestSimpleFileRead.java,85.0,5.0,0.0,9.0,18.0,26.0,0,0.0,0.0,0.0,0,false
src/scratchpad/testcases/org/apache/poi/hsmf/extractor/TestOutlookTextExtractor.java,112.0,10.0,0.0,8.0,34.0,20.0,0,0.0,0.0,0.0,0,true
src/scratchpad/testcases/org/apache/poi/hwpf/converter/TestWordToFoConverter.java,62.0,10.0,36.0,9.0,27.0,25.0,0,0.0,0.0,0.0,0,false
src/scratchpad/testcases/org/apache/poi/hwpf/converter/TestWordToHtmlConverter.java,129.0,13.0,253.0,23.0,54.0,52.0,0,0.0,0.0,0.0,0,true
src/scratchpad/testcases/org/apache/poi/hwpf/model/TestDocumentProperties.java,38.0,5.0,0.0,3.0,15.0,9.0,0,0.0,0.0,0.0,0,true
src/testcases/org/apache/poi/POIDataSamples.java,204.0,6.0,124.0,17.0,23.0,62.0,1,0.003484320557491289,958.0888888888888,12135.53576138342,1,true
src/testcases/org/apache/poi/POITestCase.java,29.0,2.0,3.0,3.0,10.0,8.0,0,0.0,0.0,0.0,0,false
src/testcases/org/apache/poi/TestPOIDocumentMain.java,91.0,7.0,0.0,7.0,43.0,17.0,0,0.0,0.0,0.0,0,true
src/testcases/org/apache/poi/hpsf/basic/TestHPSFBugs.java,71.0,13.0,1.0,2.0,29.0,6.0,0,0.0,0.0,0.0,0,false
src/testcases/org/apache/poi/hpsf/basic/TestUnicode.java,40.0,14.0,0.0,2.0,13.0,6.0,0,0.0,0.0,0.0,0,true
src/testcases/org/apache/poi/hpsf/basic/TestWrite.java,562.0,45.0,170.0,20.0,185.0,79.0,0,0.0,0.0,0.0,0,true
src/testcases/org/apache/poi/hpsf/basic/TestWriteWellKnown.java,491.0,34.0,36.0,9.0,191.0,36.0,0,0.0,0.0,0.0,0,true
src/testcases/org/apache/poi/hssf/eventusermodel/TestEventWorkbookBuilder.java,94.0,16.0,0.0,5.0,34.0,8.0,1,0.003484320557491289,958.0888888888888,12135.53576138342,1,false
src/testcases/org/apache/poi/hssf/record/cf/TestCellRange.java,174.0,4.0,62.0,12.0,31.0,22.0,1,0.003484320557491289,958.0888888888888,12135.53576138342,1,true
src/testcases/org/apache/poi/hssf/usermodel/AllUserModelTests.java,54.0,2.0,0.0,1.0,2.0,3.0,1,0.003484320557491289,958.0888888888888,12135.53576138342,1,true
src/testcases/org/apache/poi/hssf/usermodel/TestCellStyle.java,268.0,9.0,36.0,9.0,126.0,16.0,1,0.003484320557491289,958.0888888888888,12135.53576138342,1,true
src/testcases/org/apache/poi/hssf/usermodel/TestHSSFFormulaEvaluator.java,150.0,13.0,21.0,7.0,60.0,22.0,1,0.003484320557491289,958.0888888888888,12135.53576138342,1,true
src/testcases/org/apache/poi/hssf/usermodel/TestHSSFPalette.java,159.0,7.0,33.0,10.0,53.0,16.0,1,0.003484320557491289,958.0888888888888,12135.53576138342,1,true
src/testcases/org/apache/poi/hssf/usermodel/TestHSSFSheet.java,730.0,26.0,595.0,35.0,302.0,67.0,1,0.003484320557491289,958.0888888888888,12135.53576138342,1,true
src/testcases/org/apache/poi/hssf/usermodel/TestHSSFWorkbook.java,673.0,32.0,595.0,35.0,253.0,80.0,1,0.003484320557491289,958.0888888888888,12135.53576138342,1,true
src/testcases/org/apache/poi/hssf/usermodel/TestUnfixedBugs.java,36.0,6.0,1.0,2.0,10.0,6.0,0,0.0,0.0,0.0,0,true
src/testcases/org/apache/poi/hssf/usermodel/TestWorkbook.java,447.0,15.0,162.0,20.0,182.0,49.0,0,0.0,0.0,0.0,0,true
src/testcases/org/apache/poi/hssf/util/TestCellReference.java,103.0,4.0,91.0,14.0,24.0,19.0,1,0.003484320557491289,608.8852459016393,28553.20917895437,1,true
src/testcases/org/apache/poi/poifs/crypt/TestEncryptionInfo.java,28.0,4.0,1.0,2.0,25.0,6.0,1,0.003484320557491289,608.8852459016393,28553.20917895437,1,true
src/testcases/org/apache/poi/ss/format/TestCellFormat.java,527.0,11.0,646.0,37.0,211.0,38.0,1,0.003484320557491289,156.0,426.6646745341795,1,false
src/testcases/org/apache/poi/ss/formula/TestFormulaShifter.java,69.0,4.0,6.0,4.0,11.0,9.0,1,0.003484320557491289,958.0888888888888,12135.53576138342,1,false
src/testcases/org/apache/poi/ss/formula/functions/BaseTestFunctionsFromSpreadsheet.java,270.0,13.0,99.0,15.0,80.0,59.0,1,0.003484320557491289,608.8852459016393,28553.20917895437,1,false
src/testcases/org/apache/poi/ss/formula/functions/TestCountFuncs.java,340.0,20.0,274.0,24.0,79.0,50.0,1,0.003484320557491289,608.8852459016393,28553.20917895437,1,false
src/testcases/org/apache/poi/ss/formula/functions/TestDeltaFunctionsFromSpreadsheet.java,9.0,0.0,0.0,1.0,0.0,2.0,1,0.003484320557491289,357.8139534883721,5567.360493029794,1,true
src/testcases/org/apache/poi/ss/formula/functions/TestEDate.java,34.0,8.0,6.0,4.0,24.0,4.0,0,0.0,0.0,0.0,0,true
src/testcases/org/apache/poi/ss/formula/functions/TestImRealFunctionsFromSpreadsheet.java,9.0,0.0,0.0,1.0,0.0,2.0,1,0.003484320557491289,357.8139534883721,5567.360493029794,1,false
src/testcases/org/apache/poi/ss/formula/functions/TestImaginaryFunctionsFromSpreadsheet.java,9.0,0.0,0.0,1.0,0.0,2.0,1,0.003484320557491289,357.8139534883721,5567.360493029794,1,false
src/testcases/org/apache/poi/ss/formula/functions/TestIndexFunctionFromSpreadsheet.java,8.0,0.0,0.0,1.0,0.0,2.0,1,0.003484320557491289,608.8852459016393,28553.20917895437,1,false
src/testcases/org/apache/poi/ss/formula/functions/TestIndirectFunctionFromSpreadsheet.java,11.0,0.0,0.0,1.0,0.0,2.0,2,0.006968641114982578,966.6991993900115,34120.569671984165,2,true
src/testcases/org/apache/poi/ss/formula/functions/TestLookupFunctionsFromSpreadsheet.java,13.0,0.0,0.0,1.0,0.0,2.0,1,0.003484320557491289,608.8852459016393,28553.20917895437,1,false
src/testcases/org/apache/poi/ss/formula/functions/TestMatch.java,123.0,11.0,0.0,10.0,35.0,15.0,1,0.003484320557491289,608.8852459016393,28553.20917895437,1,false
src/testcases/org/apache/poi/ss/formula/functions/TestMatchFunctionsFromSpreadsheet.java,11.0,0.0,0.0,1.0,0.0,2.0,2,0.006968641114982578,966.6991993900115,34120.569671984165,2,true
src/testcases/org/apache/poi/ss/formula/functions/TestQuotient.java,32.0,5.0,10.0,5.0,10.0,6.0,1,0.003484320557491289,357.8139534883721,5567.360493029794,1,true
src/testcases/org/apache/poi/ss/formula/functions/TestQuotientFunctionsFromSpreadsheet.java,9.0,0.0,0.0,1.0,0.0,2.0,1,0.003484320557491289,357.8139534883721,5567.360493029794,1,true
src/testcases/org/apache/poi/ss/formula/functions/TestRomanFunctionsFromSpreadsheet.java,9.0,0.0,0.0,1.0,0.0,2.0,1,0.003484320557491289,357.8139534883721,5567.360493029794,1,false
src/testcases/org/apache/poi/ss/formula/functions/TestValue.java,62.0,5.0,10.0,5.0,10.0,6.0,2,0.006968641114982578,966.6991993900115,34120.569671984165,2,false
src/testcases/org/apache/poi/ss/usermodel/BaseTestConditionalFormatting.java,487.0,3.0,0.0,14.0,232.0,28.0,1,0.003484320557491289,958.0888888888888,12135.53576138342,1,true
src/testcases/org/apache/poi/ss/usermodel/BaseTestRow.java,314.0,3.0,0.0,11.0,113.0,18.0,1,0.003484320557491289,958.0888888888888,12135.53576138342,1,true
src/testcases/org/apache/poi/ss/usermodel/BaseTestSheet.java,588.0,6.0,0.0,28.0,283.0,48.0,1,0.003484320557491289,958.0888888888888,12135.53576138342,1,true
src/testcases/org/apache/poi/ss/usermodel/BaseTestWorkbook.java,447.0,4.0,0.0,17.0,176.0,32.0,1,0.003484320557491289,958.0888888888888,12135.53576138342,1,true
src/testcases/org/apache/poi/ss/usermodel/TestDataFormatter.java,374.0,6.0,171.0,19.0,50.0,44.0,2,0.006968641114982578,1566.9741347905283,40688.74494033779,2,true
src/testcases/org/apache/poi/util/AllPOIUtilTests.java,24.0,2.0,0.0,1.0,2.0,2.0,0,0.0,0.0,0.0,0,true
