name,LOC,CBO,LCOM,NOM,RFC,WMC,numOfChanges,bccm,structuralWorkloadSum,semanticWorkloadSum,numberOfDeveloper,isBuggy
src/examples/src/org/apache/poi/hpsf/examples/ModifyDocumentSummaryInformation.java,72.0,14.0,0.0,1.0,16.0,5.0,0,0.0,0.0,0.0,0,true
src/examples/src/org/apache/poi/ss/examples/formula/CheckFunctionsSupported.java,109.0,18.0,6.0,8.0,29.0,23.0,1,0.0029154518950437317,1720.902857142857,44530.579778677544,1,false
src/excelant/java/org/apache/poi/ss/excelant/ExcelAntTask.java,117.0,13.0,16.0,9.0,28.0,25.0,1,0.0029154518950437317,1024.6923076923078,19600.98352773123,1,true
src/excelant/java/org/apache/poi/ss/excelant/ExcelAntUserDefinedFunction.java,27.0,1.0,6.0,5.0,1.0,8.0,1,0.0029154518950437317,1024.6923076923078,19600.98352773123,1,true
src/excelant/testcases/org/apache/poi/ss/excelant/TestBuildFile.java,44.0,0.0,36.0,9.0,16.0,12.0,1,0.0029154518950437317,1024.6923076923078,19600.98352773123,1,true
src/java/org/apache/poi/ddf/EscherContainerRecord.java,256.0,9.0,0.0,18.0,80.0,55.0,0,0.0,0.0,0.0,0,true
src/java/org/apache/poi/ddf/EscherMetafileBlip.java,244.0,12.0,116.0,24.0,49.0,51.0,0,0.0,0.0,0.0,0,true
src/java/org/apache/poi/dev/RecordGenerator.java,84.0,17.0,3.0,3.0,29.0,16.0,0,0.0,0.0,0.0,0,false
src/java/org/apache/poi/hpsf/CustomProperty.java,74.0,0.0,9.0,7.0,6.0,14.0,1,0.0029154518950437317,1024.6923076923078,19600.98352773123,1,false
src/java/org/apache/poi/hpsf/MutablePropertySet.java,173.0,12.0,55.0,11.0,30.0,27.0,0,0.0,0.0,0.0,0,true
src/java/org/apache/poi/hpsf/PropertySetFactory.java,92.0,8.0,6.0,4.0,9.0,23.0,0,0.0,0.0,0.0,0,true
src/java/org/apache/poi/hpsf/SpecialPropertySet.java,231.0,7.0,0.0,31.0,31.0,65.0,0,0.0,0.0,0.0,0,true
src/java/org/apache/poi/hssf/eventusermodel/EventWorkbookBuilder.java,111.0,11.0,1.0,2.0,4.0,7.0,1,0.0029154518950437317,1720.902857142857,44530.579778677544,1,true
src/java/org/apache/poi/hssf/model/InternalSheet.java,1272.0,22.0,3851.0,98.0,266.0,258.0,1,0.0029154518950437317,1720.902857142857,44530.579778677544,1,true
src/java/org/apache/poi/hssf/model/InternalWorkbook.java,1979.0,78.0,4619.0,114.0,420.0,354.0,2,0.0058309037900874635,2745.5951648351647,64131.563306408774,2,true
src/java/org/apache/poi/hssf/model/LinkTable.java,463.0,19.0,120.0,28.0,104.0,96.0,2,0.0058309037900874635,2745.5951648351647,64131.563306408774,2,true
src/java/org/apache/poi/hssf/record/CFRuleRecord.java,364.0,12.0,1252.0,56.0,87.0,133.0,1,0.0029154518950437317,1024.6923076923078,19600.98352773123,1,true
src/java/org/apache/poi/hssf/record/ExternSheetRecord.java,225.0,3.0,0.0,18.0,41.0,50.0,2,0.0058309037900874635,2745.5951648351647,64131.563306408774,2,true
src/java/org/apache/poi/hssf/record/FilePassRecord.java,219.0,3.0,90.0,16.0,25.0,36.0,0,0.0,0.0,0.0,0,true
src/java/org/apache/poi/hssf/record/NoteRecord.java,191.0,2.0,13.0,18.0,17.0,38.0,1,0.0029154518950437317,1720.902857142857,44530.579778677544,1,true
src/java/org/apache/poi/hssf/record/RecordFactoryInputStream.java,262.0,14.0,0.0,4.0,20.0,16.0,0,0.0,0.0,0.0,0,true
src/java/org/apache/poi/hssf/record/WriteAccessRecord.java,105.0,4.0,6.0,8.0,23.0,24.0,0,0.0,0.0,0.0,0,true
src/java/org/apache/poi/hssf/record/aggregates/CFRecordsAggregate.java,186.0,13.0,0.0,14.0,45.0,44.0,0,0.0,0.0,0.0,0,true
src/java/org/apache/poi/hssf/record/crypto/Biff8Cipher.java,10.0,0.0,28.0,8.0,0.0,8.0,0,0.0,0.0,0.0,0,true
src/java/org/apache/poi/hssf/record/crypto/Biff8DecryptingStream.java,78.0,5.0,0.0,13.0,25.0,28.0,0,0.0,0.0,0.0,0,true
src/java/org/apache/poi/hssf/record/crypto/Biff8EncryptionKey.java,39.0,4.0,8.0,5.0,4.0,16.0,0,0.0,0.0,0.0,0,true
src/java/org/apache/poi/hssf/record/crypto/Biff8RC4.java,122.0,8.0,32.0,12.0,27.0,28.0,0,0.0,0.0,0.0,0,true
src/java/org/apache/poi/hssf/record/crypto/Biff8RC4Key.java,96.0,15.0,26.0,8.0,32.0,26.0,0,0.0,0.0,0.0,0,true
src/java/org/apache/poi/hssf/record/crypto/Biff8XOR.java,80.0,6.0,31.0,11.0,19.0,24.0,0,0.0,0.0,0.0,0,true
src/java/org/apache/poi/hssf/record/crypto/Biff8XORKey.java,16.0,2.0,1.0,3.0,3.0,9.0,0,0.0,0.0,0.0,0,true
src/java/org/apache/poi/hssf/usermodel/HSSFCell.java,971.0,36.0,55.0,55.0,254.0,199.0,1,0.0029154518950437317,1720.902857142857,44530.579778677544,1,true
src/java/org/apache/poi/hssf/usermodel/HSSFCellStyle.java,729.0,9.0,0.0,62.0,100.0,179.0,1,0.0029154518950437317,1024.6923076923078,19600.98352773123,1,true
src/java/org/apache/poi/hssf/usermodel/HSSFComment.java,195.0,13.0,143.0,26.0,76.0,45.0,0,0.0,0.0,0.0,0,true
src/java/org/apache/poi/hssf/usermodel/HSSFEvaluationWorkbook.java,166.0,24.0,102.0,25.0,48.0,63.0,1,0.0029154518950437317,1720.902857142857,44530.579778677544,1,true
src/java/org/apache/poi/hssf/usermodel/HSSFFormulaEvaluator.java,332.0,17.0,213.0,27.0,56.0,78.0,1,0.0029154518950437317,1720.902857142857,44530.579778677544,1,true
src/java/org/apache/poi/hssf/usermodel/HSSFPrintSetup.java,292.0,2.0,0.0,39.0,38.0,61.0,1,0.0029154518950437317,1720.902857142857,44530.579778677544,1,false
src/java/org/apache/poi/hssf/usermodel/HSSFSheet.java,1750.0,48.0,4161.0,154.0,451.0,396.0,1,0.0029154518950437317,1720.902857142857,44530.579778677544,1,true
src/java/org/apache/poi/hssf/usermodel/HSSFWorkbook.java,1428.0,67.0,2070.0,108.0,335.0,300.0,1,0.0029154518950437317,1720.902857142857,44530.579778677544,1,true
src/java/org/apache/poi/poifs/crypt/CryptoFunctions.java,322.0,16.0,190.0,20.0,56.0,82.0,1,0.0029154518950437317,303.36170212765956,3896.495845185263,1,true
src/java/org/apache/poi/poifs/filesystem/DirectoryEntry.java,86.0,6.0,55.0,11.0,0.0,29.0,0,0.0,0.0,0.0,0,false
src/java/org/apache/poi/poifs/filesystem/DirectoryNode.java,366.0,14.0,269.0,30.0,61.0,93.0,0,0.0,0.0,0.0,0,true
src/java/org/apache/poi/poifs/filesystem/FilteringDirectoryNode.java,152.0,12.0,6.0,20.0,30.0,53.0,0,0.0,0.0,0.0,0,false
src/java/org/apache/poi/poifs/filesystem/NDocumentInputStream.java,228.0,5.0,100.0,20.0,44.0,58.0,0,0.0,0.0,0.0,0,false
src/java/org/apache/poi/poifs/filesystem/NDocumentOutputStream.java,120.0,6.0,0.0,8.0,24.0,30.0,0,0.0,0.0,0.0,0,false
src/java/org/apache/poi/poifs/filesystem/NPOIFSDocument.java,185.0,13.0,12.0,16.0,53.0,50.0,0,0.0,0.0,0.0,0,true
src/java/org/apache/poi/poifs/filesystem/NPOIFSFileSystem.java,608.0,35.0,607.0,43.0,139.0,130.0,1,0.0029154518950437317,1024.6923076923078,19600.98352773123,1,true
src/java/org/apache/poi/poifs/filesystem/NPOIFSMiniStore.java,156.0,10.0,17.0,10.0,49.0,38.0,0,0.0,0.0,0.0,0,false
src/java/org/apache/poi/poifs/filesystem/NPOIFSStream.java,184.0,8.0,10.0,9.0,9.0,25.0,0,0.0,0.0,0.0,0,true
src/java/org/apache/poi/poifs/nio/FileBackedDataSource.java,73.0,10.0,18.0,12.0,16.0,30.0,0,0.0,0.0,0.0,0,false
src/java/org/apache/poi/poifs/property/DocumentProperty.java,69.0,1.0,16.0,8.0,5.0,14.0,0,0.0,0.0,0.0,0,false
src/java/org/apache/poi/poifs/property/NPropertyTable.java,89.0,13.0,9.0,6.0,26.0,20.0,0,0.0,0.0,0.0,0,true
src/java/org/apache/poi/poifs/storage/BATBlock.java,263.0,8.0,167.0,22.0,35.0,60.0,0,0.0,0.0,0.0,0,true
src/java/org/apache/poi/ss/formula/CollaboratingWorkbooksEnvironment.java,148.0,9.0,43.0,11.0,34.0,38.0,1,0.0029154518950437317,1720.902857142857,44530.579778677544,1,true
src/java/org/apache/poi/ss/formula/EvaluationWorkbook.java,79.0,4.0,91.0,14.0,0.0,22.0,1,0.0029154518950437317,1720.902857142857,44530.579778677544,1,true
src/java/org/apache/poi/ss/formula/FormulaParser.java,1297.0,50.0,961.0,63.0,245.0,262.0,1,0.0029154518950437317,1720.902857142857,44530.579778677544,1,true
src/java/org/apache/poi/ss/formula/FormulaParsingWorkbook.java,35.0,4.0,21.0,7.0,0.0,16.0,1,0.0029154518950437317,1720.902857142857,44530.579778677544,1,false
src/java/org/apache/poi/ss/formula/FormulaShifter.java,280.0,15.0,34.0,12.0,30.0,46.0,1,0.0029154518950437317,1720.902857142857,44530.579778677544,1,true
src/java/org/apache/poi/ss/formula/NameIdentifier.java,27.0,0.0,0.0,4.0,4.0,10.0,1,0.0029154518950437317,1720.902857142857,44530.579778677544,1,false
src/java/org/apache/poi/ss/formula/OperationEvaluationContext.java,313.0,20.0,195.0,26.0,95.0,78.0,1,0.0029154518950437317,1720.902857142857,44530.579778677544,1,true
src/java/org/apache/poi/ss/formula/SheetIdentifier.java,38.0,0.0,5.0,6.0,10.0,14.0,1,0.0029154518950437317,1720.902857142857,44530.579778677544,1,false
src/java/org/apache/poi/ss/formula/SheetRefEvaluator.java,50.0,4.0,0.0,5.0,11.0,16.0,1,0.0029154518950437317,1720.902857142857,44530.579778677544,1,true
src/java/org/apache/poi/ss/formula/UserDefinedFunction.java,33.0,4.0,1.0,2.0,6.0,6.0,1,0.0029154518950437317,1720.902857142857,44530.579778677544,1,false
src/java/org/apache/poi/ss/formula/WorkbookEvaluator.java,633.0,61.0,576.0,40.0,144.0,125.0,1,0.0029154518950437317,1720.902857142857,44530.579778677544,1,true
src/java/org/apache/poi/ss/formula/WorkbookEvaluatorProvider.java,9.0,1.0,0.0,1.0,0.0,1.0,1,0.0029154518950437317,1720.902857142857,44530.579778677544,1,false
src/java/org/apache/poi/ss/formula/atp/AnalysisToolPak.java,197.0,27.0,0.0,8.0,19.0,24.0,1,0.0029154518950437317,1720.902857142857,44530.579778677544,1,true
src/java/org/apache/poi/ss/formula/atp/YearFracCalculator.java,280.0,6.0,102.0,16.0,21.0,55.0,0,0.0,0.0,0.0,0,true
src/java/org/apache/poi/ss/formula/eval/ExternalNameEval.java,19.0,1.0,0.0,3.0,5.0,5.0,1,0.0029154518950437317,1720.902857142857,44530.579778677544,1,false
src/java/org/apache/poi/ss/formula/eval/FunctionNameEval.java,22.0,0.0,0.0,3.0,4.0,5.0,1,0.0029154518950437317,1720.902857142857,44530.579778677544,1,false
src/java/org/apache/poi/ss/formula/eval/NotImplementedException.java,17.0,1.0,1.0,2.0,0.0,2.0,1,0.0029154518950437317,1720.902857142857,44530.579778677544,1,false
src/java/org/apache/poi/ss/formula/eval/NotImplementedFunctionException.java,20.0,1.0,0.0,3.0,0.0,4.0,1,0.0029154518950437317,1720.902857142857,44530.579778677544,1,false
src/java/org/apache/poi/ss/formula/eval/forked/ForkedEvaluationWorkbook.java,107.0,11.0,0.0,19.0,31.0,42.0,1,0.0029154518950437317,1720.902857142857,44530.579778677544,1,true
src/java/org/apache/poi/ss/formula/functions/EDate.java,41.0,5.0,1.0,2.0,10.0,8.0,2,0.0058309037900874635,2745.5951648351647,64131.563306408774,2,true
src/java/org/apache/poi/ss/formula/functions/MathX.java,349.0,1.0,231.0,22.0,32.0,75.0,0,0.0,0.0,0.0,0,true
src/java/org/apache/poi/ss/formula/functions/NotImplementedFunction.java,22.0,2.0,0.0,4.0,2.0,6.0,1,0.0029154518950437317,1720.902857142857,44530.579778677544,1,false
src/java/org/apache/poi/ss/formula/functions/Subtotal.java,80.0,7.0,1.0,2.0,8.0,10.0,1,0.0029154518950437317,1720.902857142857,44530.579778677544,1,true
src/java/org/apache/poi/ss/formula/ptg/Area3DPtg.java,66.0,6.0,46.0,12.0,18.0,23.0,1,0.0029154518950437317,1720.902857142857,44530.579778677544,1,false
src/java/org/apache/poi/ss/formula/ptg/Area3DPxg.java,70.0,3.0,10.0,12.0,12.0,24.0,1,0.0029154518950437317,1720.902857142857,44530.579778677544,1,false
src/java/org/apache/poi/ss/formula/ptg/Deleted3DPxg.java,61.0,3.0,15.0,10.0,11.0,19.0,1,0.0029154518950437317,1720.902857142857,44530.579778677544,1,false
src/java/org/apache/poi/ss/formula/ptg/ExternSheetNameResolver.java,36.0,3.0,1.0,2.0,8.0,5.0,1,0.0029154518950437317,1720.902857142857,44530.579778677544,1,false
src/java/org/apache/poi/ss/formula/ptg/NameXPtg.java,66.0,4.0,37.0,11.0,5.0,19.0,1,0.0029154518950437317,1720.902857142857,44530.579778677544,1,false
src/java/org/apache/poi/ss/formula/ptg/NameXPxg.java,75.0,2.0,15.0,11.0,9.0,21.0,1,0.0029154518950437317,1720.902857142857,44530.579778677544,1,false
src/java/org/apache/poi/ss/formula/ptg/Pxg.java,10.0,0.0,6.0,4.0,0.0,4.0,1,0.0029154518950437317,1720.902857142857,44530.579778677544,1,false
src/java/org/apache/poi/ss/formula/ptg/Ref3DPtg.java,61.0,6.0,43.0,11.0,17.0,22.0,1,0.0029154518950437317,1720.902857142857,44530.579778677544,1,false
src/java/org/apache/poi/ss/formula/ptg/Ref3DPxg.java,72.0,3.0,10.0,12.0,12.0,24.0,1,0.0029154518950437317,1720.902857142857,44530.579778677544,1,false
src/java/org/apache/poi/ss/usermodel/DataFormatter.java,828.0,17.0,267.0,26.0,121.0,98.0,1,0.0029154518950437317,1720.902857142857,44530.579778677544,1,true
src/java/org/apache/poi/ss/usermodel/DateUtil.java,512.0,5.0,433.0,30.0,67.0,116.0,1,0.0029154518950437317,1720.902857142857,44530.579778677544,1,true
src/java/org/apache/poi/ss/usermodel/FormulaEvaluator.java,106.0,1.0,45.0,10.0,0.0,29.0,1,0.0029154518950437317,1720.902857142857,44530.579778677544,1,true
src/java/org/apache/poi/ss/usermodel/PrintSetup.java,308.0,0.0,630.0,36.0,0.0,55.0,1,0.0029154518950437317,1720.902857142857,44530.579778677544,1,false
src/java/org/apache/poi/ss/usermodel/Workbook.java,456.0,7.0,1378.0,53.0,0.0,122.0,1,0.0029154518950437317,1720.902857142857,44530.579778677544,1,true
src/java/org/apache/poi/ss/util/SheetUtil.java,212.0,16.0,99.0,15.0,67.0,36.0,1,0.0029154518950437317,1720.902857142857,44530.579778677544,1,true
src/java/org/apache/poi/util/HexDump.java,330.0,9.0,208.0,21.0,49.0,77.0,1,0.0029154518950437317,1024.6923076923078,19600.98352773123,1,true
src/java/org/apache/poi/util/XMLHelper.java,25.0,3.0,0.0,1.0,4.0,4.0,0,0.0,0.0,0.0,0,false
src/ooxml/java/org/apache/poi/POIXMLDocument.java,130.0,18.0,43.0,11.0,23.0,37.0,1,0.0029154518950437317,1720.902857142857,44530.579778677544,1,true
src/ooxml/java/org/apache/poi/POIXMLProperties.java,311.0,19.0,0.0,5.0,20.0,17.0,1,0.0029154518950437317,303.36170212765956,3896.495845185263,1,true
src/ooxml/java/org/apache/poi/extractor/ExtractorFactory.java,240.0,41.0,79.0,14.0,51.0,51.0,1,0.0029154518950437317,1024.6923076923078,19600.98352773123,1,true
src/ooxml/java/org/apache/poi/openxml4j/opc/OPCPackage.java,1031.0,36.0,1740.0,65.0,202.0,238.0,1,0.0029154518950437317,303.36170212765956,3896.495845185263,1,true
src/ooxml/java/org/apache/poi/openxml4j/opc/PackageRelationshipTypes.java,72.0,0.0,0.0,0.0,0.0,0.0,1,0.0029154518950437317,1720.902857142857,44530.579778677544,1,true
src/ooxml/java/org/apache/poi/openxml4j/opc/ZipPackage.java,303.0,25.0,36.0,16.0,65.0,65.0,2,0.0058309037900874635,2024.2645592705167,48427.07562386281,2,true
src/ooxml/java/org/apache/poi/poifs/crypt/agile/AgileEncryptionHeader.java,76.0,9.0,28.0,8.0,38.0,17.0,0,0.0,0.0,0.0,0,true
src/ooxml/java/org/apache/poi/poifs/crypt/agile/AgileEncryptionInfoBuilder.java,82.0,12.0,16.0,9.0,6.0,27.0,1,0.0029154518950437317,303.36170212765956,3896.495845185263,1,true
src/ooxml/java/org/apache/poi/poifs/crypt/agile/AgileEncryptionVerifier.java,97.0,17.0,30.0,9.0,44.0,25.0,0,0.0,0.0,0.0,0,true
src/ooxml/java/org/apache/poi/poifs/crypt/agile/AgileEncryptor.java,292.0,64.0,3.0,6.0,105.0,21.0,0,0.0,0.0,0.0,0,true
src/ooxml/java/org/apache/poi/ss/usermodel/WorkbookFactory.java,72.0,13.0,10.0,5.0,9.0,18.0,2,0.0058309037900874635,2745.5951648351647,64131.563306408774,2,true
src/ooxml/java/org/apache/poi/xslf/extractor/XSLFPowerPointExtractor.java,124.0,20.0,43.0,11.0,28.0,29.0,0,0.0,0.0,0.0,0,true
src/ooxml/java/org/apache/poi/xssf/dev/XSSFDump.java,52.0,10.0,3.0,3.0,20.0,12.0,0,0.0,0.0,0.0,0,true
src/ooxml/java/org/apache/poi/xssf/eventusermodel/ReadOnlySharedStringsTable.java,159.0,16.0,25.0,10.0,23.0,32.0,0,0.0,0.0,0.0,0,true
src/ooxml/java/org/apache/poi/xssf/extractor/XSSFExportToXml.java,363.0,41.0,133.0,18.0,120.0,74.0,1,0.0029154518950437317,1720.902857142857,44530.579778677544,1,true
src/ooxml/java/org/apache/poi/xssf/extractor/XSSFImportFromXML.java,131.0,28.0,0.0,2.0,35.0,5.0,0,0.0,0.0,0.0,0,true
src/ooxml/java/org/apache/poi/xssf/model/ExternalLinksTable.java,136.0,16.0,0.0,10.0,36.0,28.0,1,0.0029154518950437317,1720.902857142857,44530.579778677544,1,true
src/ooxml/java/org/apache/poi/xssf/streaming/GZIPSheetDataWriter.java,33.0,10.0,10.0,5.0,2.0,14.0,1,0.0029154518950437317,1720.902857142857,44530.579778677544,1,true
src/ooxml/java/org/apache/poi/xssf/streaming/SXSSFWorkbook.java,866.0,28.0,0.0,74.0,106.0,195.0,1,0.0029154518950437317,1720.902857142857,44530.579778677544,1,true
src/ooxml/java/org/apache/poi/xssf/streaming/SheetDataWriter.java,308.0,16.0,109.0,19.0,55.0,64.0,1,0.0029154518950437317,1720.902857142857,44530.579778677544,1,true
src/ooxml/java/org/apache/poi/xssf/usermodel/XSSFCell.java,893.0,28.0,762.0,56.0,262.0,209.0,2,0.0058309037900874635,2745.5951648351647,64131.563306408774,2,true
src/ooxml/java/org/apache/poi/xssf/usermodel/XSSFEvaluationWorkbook.java,222.0,24.0,79.0,27.0,62.0,78.0,1,0.0029154518950437317,1720.902857142857,44530.579778677544,1,true
src/ooxml/java/org/apache/poi/xssf/usermodel/XSSFFormulaEvaluator.java,238.0,16.0,95.0,19.0,44.0,52.0,1,0.0029154518950437317,1720.902857142857,44530.579778677544,1,false
src/ooxml/java/org/apache/poi/xssf/usermodel/XSSFRelation.java,77.0,25.0,1.0,3.0,13.0,12.0,1,0.0029154518950437317,1720.902857142857,44530.579778677544,1,true
src/ooxml/java/org/apache/poi/xssf/usermodel/XSSFRow.java,404.0,13.0,104.0,28.0,97.0,85.0,1,0.0029154518950437317,1024.6923076923078,19600.98352773123,1,true
src/ooxml/java/org/apache/poi/xssf/usermodel/XSSFSheet.java,2726.0,90.0,13820.0,220.0,962.0,684.0,2,0.0058309037900874635,2745.5951648351647,64131.563306408774,2,true
src/ooxml/java/org/apache/poi/xssf/usermodel/XSSFSimpleShape.java,705.0,13.0,0.0,40.0,280.0,134.0,1,0.0029154518950437317,1024.6923076923078,19600.98352773123,1,true
src/ooxml/java/org/apache/poi/xssf/usermodel/XSSFTable.java,210.0,15.0,15.0,19.0,56.0,58.0,1,0.0029154518950437317,1720.902857142857,44530.579778677544,1,true
src/ooxml/java/org/apache/poi/xssf/usermodel/XSSFWorkbook.java,1364.0,70.0,3480.0,100.0,363.0,295.0,3,0.008746355685131196,3048.9568669628243,68028.05915159403,3,true
src/ooxml/java/org/apache/poi/xssf/usermodel/helpers/ColumnHelper.java,274.0,14.0,235.0,23.0,120.0,59.0,1,0.0029154518950437317,1720.902857142857,44530.579778677544,1,true
src/ooxml/java/org/apache/poi/xssf/usermodel/helpers/XSSFFormulaUtils.java,86.0,13.0,0.0,5.0,29.0,13.0,1,0.0029154518950437317,1720.902857142857,44530.579778677544,1,true
src/ooxml/java/org/apache/poi/xssf/usermodel/helpers/XSSFRowShifter.java,198.0,23.0,15.0,10.0,77.0,34.0,1,0.0029154518950437317,1720.902857142857,44530.579778677544,1,true
src/ooxml/java/org/apache/poi/xwpf/extractor/XWPFWordExtractor.java,135.0,24.0,37.0,10.0,48.0,29.0,1,0.0029154518950437317,48.0,211.47570510951064,1,true
src/ooxml/java/org/apache/poi/xwpf/usermodel/AbstractXWPFSDT.java,70.0,4.0,26.0,9.0,7.0,20.0,1,0.0029154518950437317,48.0,211.47570510951064,1,false
src/ooxml/java/org/apache/poi/xwpf/usermodel/ICell.java,7.0,0.0,0.0,0.0,0.0,0.0,1,0.0029154518950437317,48.0,211.47570510951064,1,false
src/ooxml/java/org/apache/poi/xwpf/usermodel/ISDTContent.java,9.0,0.0,1.0,2.0,0.0,2.0,1,0.0029154518950437317,48.0,211.47570510951064,1,false
src/ooxml/java/org/apache/poi/xwpf/usermodel/ISDTContents.java,5.0,0.0,0.0,0.0,0.0,0.0,1,0.0029154518950437317,48.0,211.47570510951064,1,false
src/ooxml/java/org/apache/poi/xwpf/usermodel/XWPFDocument.java,1177.0,55.0,3406.0,93.0,325.0,296.0,1,0.0029154518950437317,1720.902857142857,44530.579778677544,1,true
src/ooxml/java/org/apache/poi/xwpf/usermodel/XWPFRun.java,717.0,53.0,44.0,44.0,247.0,143.0,0,0.0,0.0,0.0,0,true
src/ooxml/java/org/apache/poi/xwpf/usermodel/XWPFSDT.java,19.0,2.0,0.0,3.0,4.0,4.0,1,0.0029154518950437317,48.0,211.47570510951064,1,false
src/ooxml/java/org/apache/poi/xwpf/usermodel/XWPFSDTCell.java,18.0,1.0,0.0,2.0,2.0,3.0,1,0.0029154518950437317,48.0,211.47570510951064,1,false
src/ooxml/java/org/apache/poi/xwpf/usermodel/XWPFSDTContent.java,99.0,10.0,9.0,6.0,27.0,20.0,1,0.0029154518950437317,48.0,211.47570510951064,1,false
src/ooxml/java/org/apache/poi/xwpf/usermodel/XWPFSDTContentCell.java,61.0,4.0,4.0,4.0,15.0,13.0,1,0.0029154518950437317,48.0,211.47570510951064,1,false
src/ooxml/java/org/apache/poi/xwpf/usermodel/XWPFSettings.java,301.0,26.0,26.0,17.0,84.0,55.0,0,0.0,0.0,0.0,0,true
src/ooxml/java/org/apache/poi/xwpf/usermodel/XWPFTable.java,495.0,20.0,812.0,45.0,234.0,113.0,1,0.0029154518950437317,48.0,211.47570510951064,1,true
src/ooxml/java/org/apache/poi/xwpf/usermodel/XWPFTableCell.java,406.0,20.0,185.0,30.0,122.0,85.0,1,0.0029154518950437317,48.0,211.47570510951064,1,true
src/ooxml/java/org/apache/poi/xwpf/usermodel/XWPFTableRow.java,178.0,13.0,46.0,17.0,55.0,48.0,1,0.0029154518950437317,48.0,211.47570510951064,1,true
src/ooxml/testcases/org/apache/poi/openxml4j/opc/TestPackageCoreProperties.java,151.0,17.0,15.0,6.0,94.0,18.0,0,0.0,0.0,0.0,0,true
src/ooxml/testcases/org/apache/poi/openxml4j/opc/TestRelationships.java,266.0,10.0,39.0,10.0,140.0,28.0,0,0.0,0.0,0.0,0,true
src/ooxml/testcases/org/apache/poi/xslf/usermodel/TestXSLFSlide.java,119.0,4.0,6.0,4.0,44.0,6.0,1,0.0029154518950437317,1024.6923076923078,19600.98352773123,1,false
src/ooxml/testcases/org/apache/poi/xssf/extractor/TestXSSFExportToXML.java,377.0,24.0,91.0,14.0,156.0,52.0,1,0.0029154518950437317,1720.902857142857,44530.579778677544,1,true
src/ooxml/testcases/org/apache/poi/xssf/model/TestExternalLinksTable.java,88.0,6.0,6.0,4.0,44.0,4.0,1,0.0029154518950437317,1720.902857142857,44530.579778677544,1,true
src/ooxml/testcases/org/apache/poi/xssf/usermodel/AllXSSFUsermodelTests.java,5.0,7.0,0.0,0.0,0.0,0.0,1,0.0029154518950437317,1720.902857142857,44530.579778677544,1,true
src/ooxml/testcases/org/apache/poi/xssf/usermodel/TestUnfixedBugs.java,48.0,12.0,3.0,3.0,20.0,9.0,1,0.0029154518950437317,1024.6923076923078,19600.98352773123,1,true
src/ooxml/testcases/org/apache/poi/xssf/usermodel/TestXSSFBugs.java,1183.0,40.0,1891.0,62.0,570.0,154.0,3,0.008746355685131196,3048.9568669628243,68028.05915159403,3,true
src/ooxml/testcases/org/apache/poi/xssf/usermodel/TestXSSFCell.java,244.0,14.0,91.0,14.0,117.0,24.0,1,0.0029154518950437317,1024.6923076923078,19600.98352773123,1,true
src/ooxml/testcases/org/apache/poi/xssf/usermodel/TestXSSFDrawing.java,487.0,13.0,136.0,17.0,303.0,26.0,1,0.0029154518950437317,1024.6923076923078,19600.98352773123,1,true
src/ooxml/testcases/org/apache/poi/xssf/usermodel/TestXSSFFormulaEvaluation.java,92.0,10.0,15.0,6.0,37.0,13.0,1,0.0029154518950437317,1720.902857142857,44530.579778677544,1,true
src/ooxml/testcases/org/apache/poi/xssf/usermodel/TestXSSFFormulaParser.java,141.0,19.0,15.0,6.0,42.0,12.0,1,0.0029154518950437317,1720.902857142857,44530.579778677544,1,true
src/ooxml/testcases/org/apache/poi/xssf/usermodel/TestXSSFPicture.java,87.0,8.0,10.0,5.0,48.0,5.0,1,0.0029154518950437317,1024.6923076923078,19600.98352773123,1,true
src/ooxml/testcases/org/apache/poi/xssf/usermodel/TestXSSFTable.java,23.0,14.0,1.0,2.0,17.0,4.0,1,0.0029154518950437317,1720.902857142857,44530.579778677544,1,true
src/ooxml/testcases/org/apache/poi/xwpf/TestXWPFBugs.java,51.0,17.0,1.0,2.0,35.0,7.0,1,0.0029154518950437317,1024.6923076923078,19600.98352773123,1,true
src/ooxml/testcases/org/apache/poi/xwpf/extractor/TestXWPFWordExtractor.java,231.0,6.0,136.0,17.0,98.0,47.0,1,0.0029154518950437317,48.0,211.47570510951064,1,true
src/ooxml/testcases/org/apache/poi/xwpf/usermodel/TestXWPFPictureData.java,87.0,9.0,10.0,5.0,55.0,16.0,1,0.0029154518950437317,1024.6923076923078,19600.98352773123,1,true
src/ooxml/testcases/org/apache/poi/xwpf/usermodel/TestXWPFRun.java,295.0,15.0,0.0,18.0,160.0,26.0,0,0.0,0.0,0.0,0,true
src/ooxml/testcases/org/apache/poi/xwpf/usermodel/TestXWPFSDT.java,128.0,7.0,21.0,7.0,49.0,26.0,1,0.0029154518950437317,48.0,211.47570510951064,1,false
src/scratchpad/src/org/apache/poi/hmef/HMEFMessage.java,132.0,11.0,52.0,12.0,24.0,40.0,1,0.0029154518950437317,1024.6923076923078,19600.98352773123,1,true
src/scratchpad/src/org/apache/poi/hslf/model/PPGraphics2D.java,1606.0,14.0,2277.0,75.0,135.0,223.0,0,0.0,0.0,0.0,0,true
src/scratchpad/src/org/apache/poi/hslf/usermodel/PictureData.java,179.0,18.0,108.0,17.0,20.0,38.0,0,0.0,0.0,0.0,0,true
src/scratchpad/src/org/apache/poi/hsmf/datatypes/Chunks.java,177.0,7.0,0.0,6.0,14.0,19.0,1,0.0029154518950437317,1720.902857142857,44530.579778677544,1,true
src/scratchpad/src/org/apache/poi/hsmf/datatypes/PropertiesChunk.java,186.0,22.0,2.0,9.0,25.0,31.0,1,0.0029154518950437317,1720.902857142857,44530.579778677544,1,false
src/scratchpad/src/org/apache/poi/hsmf/datatypes/PropertyValue.java,183.0,4.0,5.0,6.0,3.0,13.0,0,0.0,0.0,0.0,0,false
src/scratchpad/src/org/apache/poi/hsmf/datatypes/StringChunk.java,118.0,7.0,35.0,14.0,13.0,36.0,0,0.0,0.0,0.0,0,true
src/scratchpad/src/org/apache/poi/hssf/converter/ExcelToFoConverter.java,469.0,30.0,95.0,23.0,195.0,78.0,0,0.0,0.0,0.0,0,false
src/scratchpad/src/org/apache/poi/hssf/converter/ExcelToHtmlConverter.java,433.0,30.0,188.0,28.0,179.0,80.0,0,0.0,0.0,0.0,0,false
src/scratchpad/src/org/apache/poi/hwpf/converter/WordToFoConverter.java,314.0,35.0,0.0,25.0,153.0,61.0,0,0.0,0.0,0.0,0,false
src/scratchpad/src/org/apache/poi/hwpf/converter/WordToHtmlConverter.java,388.0,31.0,0.0,26.0,168.0,58.0,0,0.0,0.0,0.0,0,false
src/scratchpad/src/org/apache/poi/hwpf/converter/WordToTextConverter.java,216.0,35.0,284.0,32.0,94.0,66.0,0,0.0,0.0,0.0,0,false
src/scratchpad/src/org/apache/poi/hwpf/dev/RecordUtil.java,124.0,1.0,78.0,13.0,43.0,43.0,0,0.0,0.0,0.0,0,false
src/scratchpad/src/org/apache/poi/hwpf/model/FIBFieldHandler.java,202.0,10.0,0.0,11.0,24.0,28.0,0,0.0,0.0,0.0,0,true
src/scratchpad/src/org/apache/poi/hwpf/model/ListTables.java,113.0,9.0,0.0,12.0,40.0,35.0,0,0.0,0.0,0.0,0,true
src/scratchpad/src/org/apache/poi/hwpf/model/NilPICFAndBinData.java,32.0,4.0,0.0,5.0,11.0,9.0,0,0.0,0.0,0.0,0,true
src/scratchpad/src/org/apache/poi/hwpf/model/PlfLfo.java,110.0,8.0,0.0,9.0,19.0,29.0,0,0.0,0.0,0.0,0,true
src/scratchpad/src/org/apache/poi/hwpf/model/Xst.java,84.0,2.0,0.0,11.0,9.0,22.0,0,0.0,0.0,0.0,0,false
src/scratchpad/src/org/apache/poi/hwpf/model/Xstz.java,39.0,4.0,0.0,7.0,11.0,12.0,0,0.0,0.0,0.0,0,false
src/scratchpad/src/org/apache/poi/hwpf/usermodel/Range.java,784.0,21.0,559.0,47.0,163.0,146.0,0,0.0,0.0,0.0,0,true
src/scratchpad/testcases/org/apache/poi/hmef/HMEFTest.java,20.0,5.0,1.0,2.0,8.0,5.0,1,0.0029154518950437317,1024.6923076923078,19600.98352773123,1,false
src/scratchpad/testcases/org/apache/poi/hmef/TestCompressedRTF.java,112.0,10.0,0.0,4.0,37.0,9.0,1,0.0029154518950437317,1024.6923076923078,19600.98352773123,1,false
src/scratchpad/testcases/org/apache/poi/hmef/attribute/TestMAPIAttributes.java,78.0,10.0,1.0,6.0,39.0,15.0,1,0.0029154518950437317,1024.6923076923078,19600.98352773123,1,false
src/scratchpad/testcases/org/apache/poi/hpbf/extractor/TestPublisherTextExtractor.java,60.0,6.0,0.0,4.0,15.0,9.0,1,0.0029154518950437317,1024.6923076923078,19600.98352773123,1,false
src/scratchpad/testcases/org/apache/poi/hslf/extractor/TestExtractor.java,239.0,14.0,0.0,16.0,83.0,37.0,1,0.0029154518950437317,1024.6923076923078,19600.98352773123,1,true
src/scratchpad/testcases/org/apache/poi/hslf/model/TestOleEmbedding.java,75.0,17.0,1.0,3.0,40.0,11.0,1,0.0029154518950437317,1024.6923076923078,19600.98352773123,1,true
src/scratchpad/testcases/org/apache/poi/hslf/record/TestAnimationInfoAtom.java,43.0,3.0,0.0,3.0,19.0,5.0,1,0.0029154518950437317,1024.6923076923078,19600.98352773123,1,true
src/scratchpad/testcases/org/apache/poi/hslf/record/TestExControl.java,48.0,3.0,0.0,3.0,31.0,5.0,1,0.0029154518950437317,1024.6923076923078,19600.98352773123,1,true
src/scratchpad/testcases/org/apache/poi/hslf/record/TestExMediaAtom.java,47.0,3.0,0.0,4.0,19.0,7.0,1,0.0029154518950437317,1024.6923076923078,19600.98352773123,1,true
src/scratchpad/testcases/org/apache/poi/hslf/record/TestExOleObjAtom.java,37.0,3.0,0.0,3.0,20.0,5.0,1,0.0029154518950437317,1024.6923076923078,19600.98352773123,1,true
src/scratchpad/testcases/org/apache/poi/hslf/record/TestExOleObjStg.java,47.0,7.0,0.0,4.0,23.0,10.0,1,0.0029154518950437317,1024.6923076923078,19600.98352773123,1,true
src/scratchpad/testcases/org/apache/poi/hslf/record/TestExVideoContainer.java,36.0,3.0,0.0,3.0,19.0,5.0,1,0.0029154518950437317,1024.6923076923078,19600.98352773123,1,true
src/scratchpad/testcases/org/apache/poi/hslf/record/TestFontCollection.java,38.0,3.0,0.0,3.0,11.0,4.0,1,0.0029154518950437317,1024.6923076923078,19600.98352773123,1,false
src/scratchpad/testcases/org/apache/poi/hslf/record/TestHeadersFootersAtom.java,48.0,3.0,0.0,4.0,18.0,7.0,1,0.0029154518950437317,1024.6923076923078,19600.98352773123,1,false
src/scratchpad/testcases/org/apache/poi/hslf/record/TestHeadersFootersContainer.java,97.0,3.0,3.0,6.0,55.0,10.0,1,0.0029154518950437317,1024.6923076923078,19600.98352773123,1,false
src/scratchpad/testcases/org/apache/poi/hslf/record/TestSound.java,41.0,5.0,0.0,1.0,11.0,5.0,1,0.0029154518950437317,1024.6923076923078,19600.98352773123,1,true
src/scratchpad/testcases/org/apache/poi/hslf/record/TestStyleTextPropAtom.java,461.0,9.0,52.0,21.0,106.0,34.0,1,0.0029154518950437317,1024.6923076923078,19600.98352773123,1,true
src/scratchpad/testcases/org/apache/poi/hslf/record/TestTextRulerAtom.java,34.0,3.0,1.0,3.0,16.0,5.0,1,0.0029154518950437317,1024.6923076923078,19600.98352773123,1,true
src/scratchpad/testcases/org/apache/poi/hslf/record/TestTextSpecInfoAtom.java,38.0,3.0,0.0,3.0,12.0,5.0,1,0.0029154518950437317,1024.6923076923078,19600.98352773123,1,true
src/scratchpad/testcases/org/apache/poi/hslf/usermodel/TestPictures.java,317.0,16.0,0.0,11.0,148.0,25.0,1,0.0029154518950437317,1024.6923076923078,19600.98352773123,1,true
src/scratchpad/testcases/org/apache/poi/hslf/usermodel/TestSoundData.java,17.0,3.0,0.0,1.0,6.0,2.0,1,0.0029154518950437317,1024.6923076923078,19600.98352773123,1,true
src/scratchpad/testcases/org/apache/poi/hsmf/TestFixedSizedProperties.java,110.0,21.0,0.0,8.0,38.0,21.0,1,0.0029154518950437317,1720.902857142857,44530.579778677544,1,false
src/scratchpad/testcases/org/apache/poi/hssf/converter/TestExcelConverterSuite.java,65.0,16.0,13.0,6.0,33.0,22.0,0,0.0,0.0,0.0,0,false
src/scratchpad/testcases/org/apache/poi/hwpf/converter/TestWordToConverterSuite.java,88.0,16.0,26.0,8.0,46.0,29.0,0,0.0,0.0,0.0,0,false
src/scratchpad/testcases/org/apache/poi/hwpf/converter/TestWordToFoConverter.java,62.0,10.0,36.0,9.0,28.0,25.0,0,0.0,0.0,0.0,0,false
src/scratchpad/testcases/org/apache/poi/hwpf/converter/TestWordToHtmlConverter.java,129.0,12.0,253.0,23.0,55.0,52.0,0,0.0,0.0,0.0,0,true
src/scratchpad/testcases/org/apache/poi/hwpf/extractor/TestWordExtractor.java,228.0,11.0,0.0,17.0,93.0,38.0,1,0.0029154518950437317,1024.6923076923078,19600.98352773123,1,false
src/scratchpad/testcases/org/apache/poi/hwpf/model/TestFileInformationBlock.java,28.0,4.0,0.0,3.0,12.0,9.0,1,0.0029154518950437317,1024.6923076923078,19600.98352773123,1,true
src/scratchpad/testcases/org/apache/poi/hwpf/model/TestTextPieceTable.java,108.0,7.0,9.0,6.0,44.0,14.0,1,0.0029154518950437317,1024.6923076923078,19600.98352773123,1,true
src/scratchpad/testcases/org/apache/poi/hwpf/usermodel/TestBugs.java,455.0,25.0,666.0,37.0,203.0,75.0,1,0.0029154518950437317,1024.6923076923078,19600.98352773123,1,true
src/testcases/org/apache/poi/ddf/TestEscherBlipRecord.java,105.0,6.0,0.0,5.0,49.0,8.0,1,0.0029154518950437317,1024.6923076923078,19600.98352773123,1,true
src/testcases/org/apache/poi/ddf/TestEscherOptRecord.java,133.0,4.0,45.0,10.0,56.0,12.0,1,0.0029154518950437317,1024.6923076923078,19600.98352773123,1,true
src/testcases/org/apache/poi/hpsf/basic/AllPOIHPSFBasicTests.java,5.0,2.0,0.0,0.0,0.0,0.0,0,0.0,0.0,0.0,0,true
src/testcases/org/apache/poi/hpsf/basic/TestWrite.java,669.0,59.0,162.0,20.0,208.0,83.0,1,0.0029154518950437317,1024.6923076923078,19600.98352773123,1,true
src/testcases/org/apache/poi/hpsf/basic/Util.java,152.0,18.0,21.0,7.0,71.0,32.0,1,0.0029154518950437317,1024.6923076923078,19600.98352773123,1,false
src/testcases/org/apache/poi/hssf/HSSFTestDataSamples.java,40.0,7.0,0.0,5.0,6.0,16.0,1,0.0029154518950437317,1720.902857142857,44530.579778677544,1,true
src/testcases/org/apache/poi/hssf/dev/BaseXLSIteratingTest.java,68.0,12.0,10.0,5.0,19.0,15.0,0,0.0,0.0,0.0,0,false
src/testcases/org/apache/poi/hssf/dev/TestBiffDrawingToXml.java,21.0,7.0,1.0,2.0,3.0,5.0,0,0.0,0.0,0.0,0,false
src/testcases/org/apache/poi/hssf/dev/TestBiffViewer.java,22.0,5.0,0.0,1.0,3.0,3.0,0,0.0,0.0,0.0,0,false
src/testcases/org/apache/poi/hssf/dev/TestEFBiffViewer.java,21.0,4.0,0.0,1.0,3.0,3.0,0,0.0,0.0,0.0,0,false
src/testcases/org/apache/poi/hssf/dev/TestFormulaViewer.java,19.0,5.0,1.0,2.0,5.0,4.0,0,0.0,0.0,0.0,0,false
src/testcases/org/apache/poi/hssf/dev/TestReSave.java,43.0,7.0,1.0,2.0,11.0,7.0,0,0.0,0.0,0.0,0,false
src/testcases/org/apache/poi/hssf/dev/TestRecordLister.java,17.0,4.0,0.0,1.0,4.0,2.0,0,0.0,0.0,0.0,0,false
src/testcases/org/apache/poi/hssf/eventusermodel/TestEventWorkbookBuilder.java,97.0,16.0,0.0,5.0,34.0,8.0,1,0.0029154518950437317,1720.902857142857,44530.579778677544,1,false
src/testcases/org/apache/poi/hssf/model/TestDrawingAggregate.java,409.0,26.0,120.0,16.0,197.0,53.0,1,0.0029154518950437317,1024.6923076923078,19600.98352773123,1,true
src/testcases/org/apache/poi/hssf/model/TestFormulaParser.java,887.0,57.0,2775.0,75.0,301.0,161.0,2,0.0058309037900874635,2745.5951648351647,64131.563306408774,2,true
src/testcases/org/apache/poi/hssf/model/TestLinkTable.java,142.0,21.0,15.0,6.0,53.0,19.0,1,0.0029154518950437317,1720.902857142857,44530.579778677544,1,true
src/testcases/org/apache/poi/hssf/model/TestSheet.java,588.0,43.0,325.0,26.0,178.0,73.0,1,0.0029154518950437317,1720.902857142857,44530.579778677544,1,true
src/testcases/org/apache/poi/hssf/record/TestAutoFilterInfoRecord.java,33.0,2.0,1.0,3.0,18.0,5.0,1,0.0029154518950437317,1024.6923076923078,19600.98352773123,1,false
src/testcases/org/apache/poi/hssf/record/TestBoolErrRecord.java,42.0,5.0,1.0,2.0,20.0,8.0,1,0.0029154518950437317,1024.6923076923078,19600.98352773123,1,false
src/testcases/org/apache/poi/hssf/record/TestBoundSheetRecord.java,75.0,6.0,21.0,7.0,16.0,13.0,1,0.0029154518950437317,1024.6923076923078,19600.98352773123,1,true
src/testcases/org/apache/poi/hssf/record/TestCFRuleRecord.java,245.0,14.0,36.0,9.0,136.0,17.0,1,0.0029154518950437317,1024.6923076923078,19600.98352773123,1,true
src/testcases/org/apache/poi/hssf/record/TestColumnInfoRecord.java,55.0,4.0,3.0,3.0,27.0,10.0,1,0.0029154518950437317,1024.6923076923078,19600.98352773123,1,true
src/testcases/org/apache/poi/hssf/record/TestDrawingRecord.java,24.0,7.0,0.0,1.0,12.0,2.0,1,0.0029154518950437317,1024.6923076923078,19600.98352773123,1,true
src/testcases/org/apache/poi/hssf/record/TestEmbeddedObjectRefSubRecord.java,85.0,4.0,16.0,8.0,30.0,21.0,1,0.0029154518950437317,1024.6923076923078,19600.98352773123,1,true
src/testcases/org/apache/poi/hssf/record/TestFtCblsSubRecord.java,28.0,2.0,1.0,3.0,13.0,4.0,1,0.0029154518950437317,1024.6923076923078,19600.98352773123,1,false
src/testcases/org/apache/poi/hssf/record/TestHyperlinkRecord.java,238.0,8.0,129.0,19.0,145.0,37.0,1,0.0029154518950437317,1024.6923076923078,19600.98352773123,1,true
src/testcases/org/apache/poi/hssf/record/TestLbsDataSubRecord.java,76.0,10.0,6.0,4.0,37.0,10.0,1,0.0029154518950437317,1024.6923076923078,19600.98352773123,1,true
src/testcases/org/apache/poi/hssf/record/TestNoteRecord.java,74.0,4.0,4.0,4.0,42.0,9.0,1,0.0029154518950437317,1024.6923076923078,19600.98352773123,1,true
src/testcases/org/apache/poi/hssf/record/TestNoteStructureSubRecord.java,29.0,2.0,1.0,3.0,13.0,4.0,1,0.0029154518950437317,1024.6923076923078,19600.98352773123,1,true
src/testcases/org/apache/poi/hssf/record/TestObjRecord.java,80.0,5.0,8.0,5.0,38.0,12.0,1,0.0029154518950437317,1024.6923076923078,19600.98352773123,1,true
src/testcases/org/apache/poi/hssf/record/TestRecalcIdRecord.java,33.0,4.0,3.0,3.0,15.0,10.0,1,0.0029154518950437317,1024.6923076923078,19600.98352773123,1,false
src/testcases/org/apache/poi/hssf/record/TestRecordFactory.java,147.0,11.0,10.0,5.0,58.0,16.0,1,0.0029154518950437317,1024.6923076923078,19600.98352773123,1,true
src/testcases/org/apache/poi/hssf/record/TestRecordFactoryInputStream.java,64.0,9.0,3.0,6.0,24.0,13.0,1,0.0029154518950437317,1024.6923076923078,19600.98352773123,1,true
src/testcases/org/apache/poi/hssf/record/TestSSTRecord.java,288.0,17.0,66.0,12.0,85.0,36.0,1,0.0029154518950437317,1024.6923076923078,19600.98352773123,1,true
src/testcases/org/apache/poi/hssf/record/TestSubRecord.java,74.0,5.0,3.0,3.0,18.0,14.0,1,0.0029154518950437317,1024.6923076923078,19600.98352773123,1,true
src/testcases/org/apache/poi/hssf/record/TestTextObjectRecord.java,101.0,8.0,13.0,6.0,50.0,12.0,1,0.0029154518950437317,1024.6923076923078,19600.98352773123,1,true
src/testcases/org/apache/poi/hssf/record/aggregates/TestPageSettingsBlock.java,222.0,13.0,45.0,10.0,72.0,37.0,1,0.0029154518950437317,1024.6923076923078,19600.98352773123,1,true
src/testcases/org/apache/poi/hssf/record/aggregates/TestValueRecordsAggregate.java,295.0,23.0,79.0,19.0,78.0,48.0,1,0.0029154518950437317,1024.6923076923078,19600.98352773123,1,true
src/testcases/org/apache/poi/hssf/record/chart/TestChartFormatRecord.java,26.0,6.0,0.0,1.0,6.0,4.0,1,0.0029154518950437317,1024.6923076923078,19600.98352773123,1,true
src/testcases/org/apache/poi/hssf/record/crypto/AllHSSFEncryptionTests.java,6.0,2.0,0.0,0.0,0.0,0.0,0,0.0,0.0,0.0,0,true
src/testcases/org/apache/poi/hssf/record/crypto/TestBiff8DecryptingStream.java,169.0,9.0,10.0,5.0,25.0,8.0,0,0.0,0.0,0.0,0,true
src/testcases/org/apache/poi/hssf/record/crypto/TestBiff8EncryptionKey.java,61.0,5.0,15.0,6.0,13.0,11.0,0,0.0,0.0,0.0,0,true
src/testcases/org/apache/poi/hssf/record/crypto/TestXorEncryption.java,22.0,10.0,1.0,2.0,16.0,6.0,0,0.0,0.0,0.0,0,true
src/testcases/org/apache/poi/hssf/usermodel/TestBugs.java,1889.0,56.0,9316.0,137.0,771.0,242.0,2,0.0058309037900874635,2745.5951648351647,64131.563306408774,2,true
src/testcases/org/apache/poi/hssf/usermodel/TestCellStyle.java,336.0,13.0,55.0,11.0,143.0,20.0,1,0.0029154518950437317,1024.6923076923078,19600.98352773123,1,true
src/testcases/org/apache/poi/hssf/usermodel/TestCloneSheet.java,78.0,8.0,10.0,5.0,58.0,7.0,1,0.0029154518950437317,1024.6923076923078,19600.98352773123,1,false
src/testcases/org/apache/poi/hssf/usermodel/TestEscherGraphics.java,196.0,4.0,0.0,8.0,57.0,14.0,0,0.0,0.0,0.0,0,true
src/testcases/org/apache/poi/hssf/usermodel/TestEscherGraphics2d.java,80.0,3.0,0.0,9.0,50.0,15.0,0,0.0,0.0,0.0,0,false
src/testcases/org/apache/poi/hssf/usermodel/TestHSSFCell.java,339.0,18.0,153.0,18.0,133.0,36.0,1,0.0029154518950437317,1720.902857142857,44530.579778677544,1,true
src/testcases/org/apache/poi/hssf/usermodel/TestHSSFConditionalFormatting.java,43.0,7.0,10.0,5.0,17.0,9.0,1,0.0029154518950437317,1024.6923076923078,19600.98352773123,1,true
src/testcases/org/apache/poi/hssf/usermodel/TestHSSFDateUtil.java,335.0,14.0,192.0,21.0,106.0,42.0,1,0.0029154518950437317,1024.6923076923078,19600.98352773123,1,true
src/testcases/org/apache/poi/hssf/usermodel/TestHSSFFormulaEvaluator.java,150.0,13.0,21.0,7.0,60.0,22.0,1,0.0029154518950437317,1720.902857142857,44530.579778677544,1,true
src/testcases/org/apache/poi/hssf/usermodel/TestHSSFPalette.java,159.0,7.0,33.0,10.0,52.0,16.0,1,0.0029154518950437317,1024.6923076923078,19600.98352773123,1,true
src/testcases/org/apache/poi/hssf/usermodel/TestHSSFPicture.java,175.0,13.0,28.0,8.0,73.0,9.0,1,0.0029154518950437317,1024.6923076923078,19600.98352773123,1,true
src/testcases/org/apache/poi/hssf/usermodel/TestHSSFWorkbook.java,724.0,40.0,666.0,37.0,272.0,83.0,1,0.0029154518950437317,1024.6923076923078,19600.98352773123,1,true
src/testcases/org/apache/poi/hssf/usermodel/TestOLE2Embeding.java,88.0,15.0,15.0,6.0,49.0,18.0,1,0.0029154518950437317,1024.6923076923078,19600.98352773123,1,true
src/testcases/org/apache/poi/hssf/usermodel/TestPolygon.java,161.0,11.0,15.0,6.0,93.0,8.0,1,0.0029154518950437317,1024.6923076923078,19600.98352773123,1,false
src/testcases/org/apache/poi/hssf/usermodel/TestText.java,135.0,7.0,6.0,4.0,63.0,5.0,1,0.0029154518950437317,1024.6923076923078,19600.98352773123,1,false
src/testcases/org/apache/poi/hssf/usermodel/TestUnfixedBugs.java,36.0,5.0,1.0,2.0,8.0,6.0,1,0.0029154518950437317,1720.902857142857,44530.579778677544,1,true
src/testcases/org/apache/poi/poifs/filesystem/TestNPOIFSFileSystem.java,893.0,23.0,94.0,17.0,161.0,53.0,1,0.0029154518950437317,1024.6923076923078,19600.98352773123,1,true
src/testcases/org/apache/poi/poifs/filesystem/TestNPOIFSMiniStore.java,232.0,5.0,0.0,5.0,54.0,18.0,1,0.0029154518950437317,1024.6923076923078,19600.98352773123,1,false
src/testcases/org/apache/poi/poifs/filesystem/TestNPOIFSStream.java,836.0,8.0,0.0,16.0,140.0,49.0,1,0.0029154518950437317,1024.6923076923078,19600.98352773123,1,false
src/testcases/org/apache/poi/poifs/storage/TestBATBlock.java,216.0,8.0,55.0,11.0,37.0,27.0,0,0.0,0.0,0.0,0,true
src/testcases/org/apache/poi/ss/formula/TestFormulaShifter.java,69.0,4.0,6.0,4.0,11.0,9.0,1,0.0029154518950437317,1720.902857142857,44530.579778677544,1,false
src/testcases/org/apache/poi/ss/formula/atp/TestNetworkdaysFunction.java,61.0,19.0,8.0,8.0,19.0,8.0,1,0.0029154518950437317,1720.902857142857,44530.579778677544,1,true
src/testcases/org/apache/poi/ss/formula/atp/TestWorkdayFunction.java,93.0,21.0,0.0,12.0,44.0,16.0,1,0.0029154518950437317,1720.902857142857,44530.579778677544,1,true
src/testcases/org/apache/poi/ss/formula/function/ExcelFileFormatDocFunctionExtractor.java,475.0,33.0,15.0,7.0,37.0,34.0,1,0.0029154518950437317,1720.902857142857,44530.579778677544,1,true
src/testcases/org/apache/poi/ss/formula/functions/TestEDate.java,92.0,11.0,45.0,10.0,40.0,10.0,2,0.0058309037900874635,2745.5951648351647,64131.563306408774,2,true
src/testcases/org/apache/poi/ss/formula/functions/TestMathX.java,1020.0,2.0,378.0,28.0,56.0,30.0,0,0.0,0.0,0.0,0,true
src/testcases/org/apache/poi/ss/formula/ptg/TestArrayPtg.java,96.0,8.0,16.0,8.0,33.0,20.0,1,0.0029154518950437317,1024.6923076923078,19600.98352773123,1,false
src/testcases/org/apache/poi/ss/formula/ptg/TestAttrPtg.java,22.0,5.0,0.0,1.0,5.0,5.0,1,0.0029154518950437317,1024.6923076923078,19600.98352773123,1,false
src/testcases/org/apache/poi/ss/formula/ptg/TestReferencePtg.java,63.0,8.0,6.0,4.0,18.0,12.0,1,0.0029154518950437317,1024.6923076923078,19600.98352773123,1,false
src/testcases/org/apache/poi/ss/usermodel/BaseTestBugzillaIssues.java,281.0,8.0,0.0,16.0,139.0,32.0,0,0.0,0.0,0.0,0,true
src/testcases/org/apache/poi/ss/usermodel/BaseTestSheetUpdateArrayFormulas.java,350.0,6.0,0.0,15.0,198.0,48.0,1,0.0029154518950437317,1024.6923076923078,19600.98352773123,1,true
src/testcases/org/apache/poi/util/TestHexDump.java,316.0,9.0,45.0,10.0,45.0,29.0,1,0.0029154518950437317,1024.6923076923078,19600.98352773123,1,false
src/testcases/org/apache/poi/util/TestLittleEndianStreams.java,43.0,5.0,1.0,2.0,21.0,5.0,1,0.0029154518950437317,1024.6923076923078,19600.98352773123,1,true
