name,LOC,CBO,LCOM,NOM,RFC,WMC,numOfChanges,bccm,structuralWorkloadSum,semanticWorkloadSum,numberOfDeveloper,isBuggy
src/examples/src/org/apache/poi/hssf/eventusermodel/examples/XLS2CSVmra.java,219.0,30.0,0.0,5.0,24.0,20.0,0,0.0,0.0,0.0,0,false
src/examples/src/org/apache/poi/xssf/eventusermodel/examples/FromHowTo.java,78.0,13.0,6.0,4.0,19.0,10.0,2,0.006191950464396285,2304.327489813323,78313.62789608316,2,true
src/examples/src/org/apache/poi/xssf/usermodel/examples/CreatePivotTable.java,53.0,12.0,1.0,2.0,11.0,3.0,0,0.0,0.0,0.0,0,true
src/examples/src/org/apache/poi/xssf/usermodel/examples/CreateTable.java,44.0,15.0,0.0,1.0,20.0,5.0,0,0.0,0.0,0.0,0,true
src/excelant/java/org/apache/poi/ss/excelant/ExcelAntTask.java,117.0,13.0,16.0,9.0,28.0,25.0,2,0.006191950464396285,1786.170841361593,72720.32973216943,2,true
src/java/org/apache/poi/OldFileFormatException.java,10.0,0.0,0.0,1.0,0.0,1.0,0,0.0,0.0,0.0,0,true
src/java/org/apache/poi/POIDocument.java,222.0,20.0,96.0,16.0,27.0,48.0,0,0.0,0.0,0.0,0,true
src/java/org/apache/poi/POIOLE2TextExtractor.java,59.0,5.0,15.0,6.0,3.0,17.0,0,0.0,0.0,0.0,0,false
src/java/org/apache/poi/UnsupportedFileFormatException.java,10.0,0.0,0.0,1.0,0.0,1.0,0,0.0,0.0,0.0,0,true
src/java/org/apache/poi/hpsf/Thumbnail.java,172.0,1.0,13.0,7.0,9.0,20.0,0,0.0,0.0,0.0,0,true
src/java/org/apache/poi/hssf/dev/BiffViewer.java,759.0,17.0,43.0,10.0,40.0,45.0,2,0.006191950464396285,2278.328547454783,78520.83768787073,2,true
src/java/org/apache/poi/hssf/eventusermodel/MissingRecordAwareHSSFListener.java,126.0,13.0,0.0,3.0,10.0,11.0,0,0.0,0.0,0.0,0,true
src/java/org/apache/poi/hssf/eventusermodel/dummyrecord/LastCellOfRowDummyRecord.java,32.0,0.0,0.0,4.0,0.0,10.0,0,0.0,0.0,0.0,0,false
src/java/org/apache/poi/hssf/model/InternalSheet.java,1293.0,57.0,3851.0,98.0,266.0,258.0,0,0.0,0.0,0.0,0,true
src/java/org/apache/poi/hssf/model/InternalWorkbook.java,2013.0,79.0,5133.0,119.0,428.0,368.0,1,0.0030959752321981426,647.9344262295082,6118.419161350468,1,true
src/java/org/apache/poi/hssf/model/LinkTable.java,485.0,19.0,148.0,29.0,107.0,99.0,1,0.0030959752321981426,647.9344262295082,6118.419161350468,1,true
src/java/org/apache/poi/hssf/model/RecordOrderer.java,335.0,54.0,136.0,17.0,39.0,77.0,0,0.0,0.0,0.0,0,true
src/java/org/apache/poi/hssf/record/AbstractEscherHolderRecord.java,178.0,10.0,75.0,23.0,60.0,52.0,2,0.006191950464396285,2278.328547454783,78520.83768787073,2,true
src/java/org/apache/poi/hssf/record/DConRefRecord.java,206.0,3.0,18.0,13.0,18.0,33.0,1,0.0030959752321981426,1656.393063583815,72195.20873473269,1,true
src/java/org/apache/poi/hssf/record/DrawingGroupRecord.java,81.0,6.0,62.0,12.0,26.0,30.0,1,0.0030959752321981426,1656.393063583815,72195.20873473269,1,true
src/java/org/apache/poi/hssf/record/EscherAggregate.java,701.0,20.0,292.0,28.0,91.0,84.0,0,0.0,0.0,0.0,0,true
src/java/org/apache/poi/hssf/record/ExternSheetRecord.java,235.0,3.0,15.0,19.0,43.0,53.0,0,0.0,0.0,0.0,0,true
src/java/org/apache/poi/hssf/record/FormulaRecord.java,313.0,9.0,92.0,29.0,42.0,56.0,1,0.0030959752321981426,621.9354838709678,6325.628953138042,1,true
src/java/org/apache/poi/hssf/record/PasswordRecord.java,59.0,3.0,3.0,10.0,6.0,17.0,1,0.0030959752321981426,1656.393063583815,72195.20873473269,1,true
src/java/org/apache/poi/hssf/record/RKRecord.java,67.0,2.0,24.0,9.0,6.0,15.0,1,0.0030959752321981426,621.9354838709678,6325.628953138042,1,true
src/java/org/apache/poi/hssf/record/aggregates/WorksheetProtectionBlock.java,186.0,8.0,107.0,19.0,22.0,51.0,1,0.0030959752321981426,1656.393063583815,72195.20873473269,1,true
src/java/org/apache/poi/hssf/usermodel/DummyGraphics2d.java,545.0,11.0,0.0,85.0,170.0,120.0,1,0.0030959752321981426,621.9354838709678,6325.628953138042,1,true
src/java/org/apache/poi/hssf/usermodel/HSSFCellStyle.java,749.0,9.0,0.0,64.0,102.0,184.0,2,0.006191950464396285,2304.327489813323,78313.62789608316,2,true
src/java/org/apache/poi/hssf/usermodel/HSSFClientAnchor.java,242.0,3.0,108.0,33.0,82.0,57.0,2,0.006191950464396285,2278.328547454783,78520.83768787073,2,true
src/java/org/apache/poi/hssf/usermodel/HSSFEvaluationWorkbook.java,183.0,25.0,65.0,26.0,53.0,66.0,0,0.0,0.0,0.0,0,true
src/java/org/apache/poi/hssf/usermodel/HSSFFormulaEvaluator.java,322.0,17.0,213.0,27.0,56.0,74.0,1,0.0030959752321981426,621.9354838709678,6325.628953138042,1,true
src/java/org/apache/poi/hssf/usermodel/HSSFName.java,220.0,7.0,0.0,19.0,43.0,51.0,0,0.0,0.0,0.0,0,true
src/java/org/apache/poi/hssf/usermodel/HSSFOptimiser.java,169.0,6.0,1.0,2.0,29.0,8.0,0,0.0,0.0,0.0,0,true
src/java/org/apache/poi/hssf/usermodel/HSSFPatriarch.java,422.0,34.0,425.0,34.0,131.0,83.0,2,0.006191950464396285,2278.328547454783,78520.83768787073,2,true
src/java/org/apache/poi/hssf/usermodel/HSSFShape.java,330.0,6.0,577.0,38.0,62.0,73.0,2,0.006191950464396285,2278.328547454783,78520.83768787073,2,true
src/java/org/apache/poi/hssf/usermodel/HSSFWorkbook.java,1437.0,68.0,2070.0,108.0,337.0,302.0,1,0.0030959752321981426,647.9344262295082,6118.419161350468,1,true
src/java/org/apache/poi/poifs/crypt/CipherAlgorithm.java,0.0,0.0,0.0,0.0,0.0,0.0,0,0.0,0.0,0.0,0,true
src/java/org/apache/poi/poifs/crypt/CryptoFunctions.java,354.0,17.0,210.0,21.0,59.0,84.0,1,0.0030959752321981426,1656.393063583815,72195.20873473269,1,true
src/java/org/apache/poi/poifs/crypt/DataSpaceMapUtils.java,281.0,12.0,21.0,7.0,29.0,33.0,0,0.0,0.0,0.0,0,true
src/java/org/apache/poi/poifs/crypt/HashAlgorithm.java,0.0,0.0,0.0,0.0,0.0,0.0,1,0.0030959752321981426,1656.393063583815,72195.20873473269,1,true
src/java/org/apache/poi/poifs/crypt/standard/StandardDecryptor.java,94.0,22.0,34.0,9.0,42.0,28.0,1,0.0030959752321981426,1656.393063583815,72195.20873473269,1,true
src/java/org/apache/poi/poifs/filesystem/NPOIFSFileSystem.java,622.0,35.0,650.0,44.0,139.0,132.0,2,0.006191950464396285,2304.327489813323,78313.62789608316,2,true
src/java/org/apache/poi/ss/SpreadsheetVersion.java,0.0,0.0,0.0,0.0,0.0,0.0,2,0.006191950464396285,2304.327489813323,78313.62789608316,2,true
src/java/org/apache/poi/ss/formula/EvaluationWorkbook.java,92.0,4.0,91.0,14.0,0.0,22.0,0,0.0,0.0,0.0,0,true
src/java/org/apache/poi/ss/formula/FormulaParser.java,1318.0,50.0,1024.0,64.0,249.0,265.0,0,0.0,0.0,0.0,0,true
src/java/org/apache/poi/ss/formula/FormulaRenderingWorkbook.java,21.0,3.0,10.0,5.0,0.0,9.0,0,0.0,0.0,0.0,0,false
src/java/org/apache/poi/ss/formula/LazyAreaEval.java,60.0,6.0,0.0,9.0,30.0,21.0,0,0.0,0.0,0.0,0,true
src/java/org/apache/poi/ss/formula/LazyRefEval.java,30.0,6.0,0.0,5.0,15.0,10.0,0,0.0,0.0,0.0,0,true
src/java/org/apache/poi/ss/formula/OperationEvaluationContext.java,335.0,21.0,195.0,26.0,91.0,79.0,0,0.0,0.0,0.0,0,true
src/java/org/apache/poi/ss/formula/SheetIdentifier.java,38.0,0.0,5.0,6.0,10.0,14.0,0,0.0,0.0,0.0,0,false
src/java/org/apache/poi/ss/formula/SheetRange.java,4.0,0.0,1.0,2.0,0.0,2.0,0,0.0,0.0,0.0,0,false
src/java/org/apache/poi/ss/formula/SheetRangeEvaluator.java,49.0,1.0,10.0,8.0,7.0,20.0,0,0.0,0.0,0.0,0,false
src/java/org/apache/poi/ss/formula/SheetRangeIdentifier.java,23.0,0.0,0.0,4.0,3.0,11.0,0,0.0,0.0,0.0,0,false
src/java/org/apache/poi/ss/formula/SheetRefEvaluator.java,50.0,4.0,0.0,5.0,11.0,16.0,0,0.0,0.0,0.0,0,true
src/java/org/apache/poi/ss/formula/ThreeDEval.java,13.0,2.0,0.0,1.0,0.0,3.0,0,0.0,0.0,0.0,0,false
src/java/org/apache/poi/ss/formula/TwoDEval.java,38.0,2.0,28.0,8.0,0.0,20.0,0,0.0,0.0,0.0,0,true
src/java/org/apache/poi/ss/formula/WorkbookEvaluator.java,628.0,62.0,576.0,40.0,144.0,123.0,2,0.006191950464396285,2278.328547454783,78520.83768787073,2,true
src/java/org/apache/poi/ss/formula/eval/AreaEval.java,62.0,2.0,66.0,12.0,0.0,26.0,0,0.0,0.0,0.0,0,false
src/java/org/apache/poi/ss/formula/eval/AreaEvalBase.java,103.0,2.0,149.0,23.0,9.0,47.0,0,0.0,0.0,0.0,0,true
src/java/org/apache/poi/ss/formula/eval/OperandResolver.java,239.0,1.0,45.0,10.0,36.0,42.0,0,0.0,0.0,0.0,0,false
src/java/org/apache/poi/ss/formula/eval/RefEval.java,39.0,1.0,21.0,7.0,0.0,14.0,0,0.0,0.0,0.0,0,false
src/java/org/apache/poi/ss/formula/eval/RefEvalBase.java,42.0,1.0,2.0,8.0,2.0,15.0,0,0.0,0.0,0.0,0,false
src/java/org/apache/poi/ss/formula/eval/forked/ForkedEvaluationWorkbook.java,107.0,11.0,0.0,19.0,31.0,42.0,0,0.0,0.0,0.0,0,true
src/java/org/apache/poi/ss/formula/functions/BooleanFunction.java,122.0,8.0,55.0,11.0,18.0,28.0,0,0.0,0.0,0.0,0,true
src/java/org/apache/poi/ss/formula/functions/CountUtils.java,68.0,4.0,6.0,4.0,13.0,13.0,0,0.0,0.0,0.0,0,true
src/java/org/apache/poi/ss/formula/functions/Countblank.java,31.0,6.0,1.0,2.0,4.0,7.0,0,0.0,0.0,0.0,0,false
src/java/org/apache/poi/ss/formula/functions/Countif.java,468.0,13.0,21.0,7.0,31.0,27.0,0,0.0,0.0,0.0,0,true
src/java/org/apache/poi/ss/formula/functions/EDate.java,45.0,10.0,1.0,2.0,12.0,8.0,0,0.0,0.0,0.0,0,true
src/java/org/apache/poi/ss/formula/functions/LinearRegressionFunction.java,178.0,7.0,4.0,4.0,8.0,16.0,0,0.0,0.0,0.0,0,true
src/java/org/apache/poi/ss/formula/functions/LookupUtils.java,521.0,13.0,78.0,13.0,53.0,52.0,0,0.0,0.0,0.0,0,false
src/java/org/apache/poi/ss/formula/functions/Match.java,166.0,12.0,28.0,8.0,32.0,27.0,0,0.0,0.0,0.0,0,false
src/java/org/apache/poi/ss/formula/functions/Mode.java,91.0,12.0,6.0,4.0,19.0,18.0,0,0.0,0.0,0.0,0,false
src/java/org/apache/poi/ss/formula/functions/MultiOperandNumericFunction.java,168.0,12.0,26.0,8.0,24.0,27.0,0,0.0,0.0,0.0,0,true
src/java/org/apache/poi/ss/formula/functions/Sumproduct.java,168.0,10.0,21.0,7.0,30.0,35.0,0,0.0,0.0,0.0,0,false
src/java/org/apache/poi/ss/formula/functions/T.java,26.0,5.0,0.0,1.0,3.0,4.0,0,0.0,0.0,0.0,0,false
src/java/org/apache/poi/ss/formula/functions/XYNumericFunction.java,137.0,7.0,6.0,4.0,10.0,16.0,0,0.0,0.0,0.0,0,false
src/java/org/apache/poi/ss/formula/ptg/Area3DPxg.java,91.0,5.0,47.0,14.0,15.0,32.0,0,0.0,0.0,0.0,0,false
src/java/org/apache/poi/ss/formula/ptg/AreaPtgBase.java,223.0,6.0,184.0,29.0,47.0,51.0,0,0.0,0.0,0.0,0,true
src/java/org/apache/poi/ss/formula/ptg/ExternSheetNameResolver.java,48.0,4.0,1.0,2.0,12.0,5.0,0,0.0,0.0,0.0,0,false
src/java/org/apache/poi/ss/formula/ptg/Ref2DPtgBase.java,37.0,3.0,28.0,8.0,15.0,13.0,1,0.0030959752321981426,621.9354838709678,6325.628953138042,1,false
src/java/org/apache/poi/ss/formula/ptg/Ref3DPxg.java,93.0,5.0,43.0,14.0,14.0,32.0,0,0.0,0.0,0.0,0,false
src/java/org/apache/poi/ss/formula/ptg/RefPtgBase.java,74.0,5.0,25.0,14.0,21.0,21.0,1,0.0030959752321981426,621.9354838709678,6325.628953138042,1,false
src/java/org/apache/poi/ss/usermodel/Cell.java,305.0,4.0,496.0,32.0,0.0,94.0,1,0.0030959752321981426,647.9344262295082,6118.419161350468,1,true
src/java/org/apache/poi/ss/usermodel/DataConsolidateFunction.java,0.0,0.0,0.0,0.0,0.0,0.0,0,0.0,0.0,0.0,0,true
src/java/org/apache/poi/ss/usermodel/FormulaEvaluator.java,122.0,1.0,55.0,11.0,0.0,34.0,1,0.0030959752321981426,621.9354838709678,6325.628953138042,1,true
src/java/org/apache/poi/ss/util/SheetUtil.java,214.0,16.0,114.0,16.0,67.0,37.0,1,0.0030959752321981426,647.9344262295082,6118.419161350468,1,true
src/java/org/apache/poi/util/ArrayUtil.java,64.0,0.0,1.0,2.0,2.0,9.0,1,0.0030959752321981426,1656.393063583815,72195.20873473269,1,true
src/java/org/apache/poi/util/TempFile.java,70.0,2.0,0.0,2.0,1.0,7.0,0,0.0,0.0,0.0,0,true
src/java/org/apache/poi/util/TempFileCreationStrategy.java,13.0,2.0,0.0,1.0,0.0,3.0,0,0.0,0.0,0.0,0,true
src/java/org/apache/poi/util/XMLHelper.java,31.0,2.0,1.0,2.0,5.0,4.0,2,0.006191950464396285,1786.170841361593,72720.32973216943,2,false
src/ooxml/java/org/apache/poi/POIXMLDocument.java,131.0,19.0,43.0,11.0,25.0,37.0,0,0.0,0.0,0.0,0,true
src/ooxml/java/org/apache/poi/POIXMLDocumentPart.java,340.0,24.0,298.0,29.0,68.0,77.0,0,0.0,0.0,0.0,0,true
src/ooxml/java/org/apache/poi/POIXMLProperties.java,434.0,19.0,0.0,5.0,20.0,17.0,2,0.006191950464396285,2304.327489813323,78313.62789608316,2,true
src/ooxml/java/org/apache/poi/POIXMLPropertiesTextExtractor.java,189.0,4.0,55.0,11.0,112.0,29.0,1,0.0030959752321981426,1656.393063583815,72195.20873473269,1,true
src/ooxml/java/org/apache/poi/openxml4j/opc/Configuration.java,15.0,1.0,0.0,2.0,0.0,3.0,1,0.0030959752321981426,129.77777777777777,525.1209974367307,1,true
src/ooxml/java/org/apache/poi/openxml4j/opc/PackageRelationship.java,140.0,2.0,0.0,12.0,12.0,29.0,0,0.0,0.0,0.0,0,true
src/ooxml/java/org/apache/poi/openxml4j/opc/PackageRelationshipCollection.java,297.0,14.0,3.0,19.0,56.0,62.0,2,0.006191950464396285,1786.170841361593,72720.32973216943,2,true
src/ooxml/java/org/apache/poi/openxml4j/opc/StreamHelper.java,57.0,13.0,15.0,6.0,10.0,22.0,1,0.0030959752321981426,129.77777777777777,525.1209974367307,1,true
src/ooxml/java/org/apache/poi/openxml4j/opc/ZipPackage.java,303.0,26.0,36.0,16.0,65.0,65.0,0,0.0,0.0,0.0,0,true
src/ooxml/java/org/apache/poi/openxml4j/opc/internal/ContentTypeManager.java,318.0,19.0,7.0,14.0,61.0,58.0,2,0.006191950464396285,1786.170841361593,72720.32973216943,2,true
src/ooxml/java/org/apache/poi/openxml4j/opc/internal/PackagePropertiesPart.java,447.0,14.0,1066.0,48.0,35.0,98.0,1,0.0030959752321981426,129.77777777777777,525.1209974367307,1,true
src/ooxml/java/org/apache/poi/openxml4j/opc/internal/ZipContentTypeManager.java,36.0,11.0,1.0,2.0,4.0,7.0,1,0.0030959752321981426,129.77777777777777,525.1209974367307,1,true
src/ooxml/java/org/apache/poi/openxml4j/opc/internal/marshallers/PackagePropertiesMarshaller.java,184.0,12.0,0.0,21.0,74.0,46.0,1,0.0030959752321981426,129.77777777777777,525.1209974367307,1,true
src/ooxml/java/org/apache/poi/openxml4j/opc/internal/marshallers/ZipPartMarshaller.java,85.0,22.0,0.0,2.0,38.0,13.0,1,0.0030959752321981426,129.77777777777777,525.1209974367307,1,true
src/ooxml/java/org/apache/poi/openxml4j/opc/internal/unmarshallers/PackagePropertiesUnmarshaller.java,160.0,19.0,167.0,19.0,72.0,49.0,2,0.006191950464396285,1786.170841361593,72720.32973216943,2,true
src/ooxml/java/org/apache/poi/poifs/crypt/agile/AgileEncryptionInfoBuilder.java,83.0,12.0,14.0,9.0,6.0,27.0,0,0.0,0.0,0.0,0,true
src/ooxml/java/org/apache/poi/poifs/crypt/dsig/CertificateSecurityException.java,8.0,0.0,0.0,0.0,0.0,0.0,0,0.0,0.0,0.0,0,false
src/ooxml/java/org/apache/poi/poifs/crypt/dsig/DigestInfo.java,20.0,2.0,0.0,1.0,0.0,1.0,1,0.0030959752321981426,1656.393063583815,72195.20873473269,1,false
src/ooxml/java/org/apache/poi/poifs/crypt/dsig/ExpiredCertificateSecurityException.java,7.0,0.0,0.0,0.0,0.0,0.0,0,0.0,0.0,0.0,0,false
src/ooxml/java/org/apache/poi/poifs/crypt/dsig/KeyInfoKeySelector.java,49.0,14.0,0.0,4.0,11.0,13.0,1,0.0030959752321981426,1656.393063583815,72195.20873473269,1,false
src/ooxml/java/org/apache/poi/poifs/crypt/dsig/OOXMLURIDereferencer.java,57.0,16.0,0.0,3.0,15.0,10.0,1,0.0030959752321981426,1656.393063583815,72195.20873473269,1,false
src/ooxml/java/org/apache/poi/poifs/crypt/dsig/RevokedCertificateSecurityException.java,7.0,0.0,0.0,0.0,0.0,0.0,0,0.0,0.0,0.0,0,false
src/ooxml/java/org/apache/poi/poifs/crypt/dsig/SignatureConfig.java,725.0,33.0,2885.0,78.0,31.0,186.0,1,0.0030959752321981426,1656.393063583815,72195.20873473269,1,false
src/ooxml/java/org/apache/poi/poifs/crypt/dsig/SignatureInfo.java,403.0,67.0,42.0,16.0,115.0,68.0,1,0.0030959752321981426,1656.393063583815,72195.20873473269,1,false
src/ooxml/java/org/apache/poi/poifs/crypt/dsig/SignatureMarshalListener.java,54.0,10.0,3.0,6.0,22.0,14.0,1,0.0030959752321981426,1656.393063583815,72195.20873473269,1,false
src/ooxml/java/org/apache/poi/poifs/crypt/dsig/TrustCertificateSecurityException.java,7.0,0.0,0.0,0.0,0.0,0.0,0,0.0,0.0,0.0,0,false
src/ooxml/java/org/apache/poi/poifs/crypt/dsig/facets/EnvelopedSignatureFacet.java,15.0,8.0,0.0,1.0,3.0,3.0,1,0.0030959752321981426,1656.393063583815,72195.20873473269,1,false
src/ooxml/java/org/apache/poi/poifs/crypt/dsig/facets/KeyInfoSignatureFacet.java,68.0,20.0,6.0,4.0,31.0,13.0,1,0.0030959752321981426,1656.393063583815,72195.20873473269,1,false
src/ooxml/java/org/apache/poi/poifs/crypt/dsig/facets/OOXMLSignatureFacet.java,147.0,39.0,16.0,8.0,69.0,26.0,1,0.0030959752321981426,1656.393063583815,72195.20873473269,1,false
src/ooxml/java/org/apache/poi/poifs/crypt/dsig/facets/Office2010SignatureFacet.java,31.0,8.0,0.0,1.0,13.0,4.0,1,0.0030959752321981426,1656.393063583815,72195.20873473269,1,false
src/ooxml/java/org/apache/poi/poifs/crypt/dsig/facets/SignatureFacet.java,71.0,16.0,16.0,8.0,9.0,30.0,1,0.0030959752321981426,1656.393063583815,72195.20873473269,1,false
src/ooxml/java/org/apache/poi/poifs/crypt/dsig/facets/XAdESSignatureFacet.java,145.0,46.0,8.0,5.0,87.0,16.0,1,0.0030959752321981426,1656.393063583815,72195.20873473269,1,false
src/ooxml/java/org/apache/poi/poifs/crypt/dsig/facets/XAdESXLSignatureFacet.java,236.0,58.0,26.0,8.0,118.0,33.0,1,0.0030959752321981426,1656.393063583815,72195.20873473269,1,false
src/ooxml/java/org/apache/poi/poifs/crypt/dsig/services/RelationshipTransformService.java,149.0,39.0,0.0,10.0,57.0,35.0,1,0.0030959752321981426,1656.393063583815,72195.20873473269,1,false
src/ooxml/java/org/apache/poi/poifs/crypt/dsig/services/RevocationData.java,80.0,4.0,12.0,9.0,9.0,19.0,1,0.0030959752321981426,1656.393063583815,72195.20873473269,1,false
src/ooxml/java/org/apache/poi/poifs/crypt/dsig/services/RevocationDataService.java,14.0,2.0,0.0,1.0,0.0,3.0,1,0.0030959752321981426,1656.393063583815,72195.20873473269,1,false
src/ooxml/java/org/apache/poi/poifs/crypt/dsig/services/SignaturePolicyService.java,29.0,0.0,6.0,4.0,0.0,11.0,1,0.0030959752321981426,1656.393063583815,72195.20873473269,1,false
src/ooxml/java/org/apache/poi/poifs/crypt/dsig/services/TSPTimeStampService.java,138.0,42.0,1.0,3.0,57.0,14.0,1,0.0030959752321981426,1656.393063583815,72195.20873473269,1,false
src/ooxml/java/org/apache/poi/poifs/crypt/dsig/services/TimeStampService.java,17.0,1.0,0.0,1.0,0.0,6.0,1,0.0030959752321981426,1656.393063583815,72195.20873473269,1,false
src/ooxml/java/org/apache/poi/poifs/crypt/dsig/services/TimeStampServiceValidator.java,15.0,2.0,0.0,1.0,0.0,4.0,0,0.0,0.0,0.0,0,false
src/ooxml/java/org/apache/poi/util/DocumentHelper.java,78.0,11.0,22.0,8.0,18.0,18.0,2,0.006191950464396285,1786.170841361593,72720.32973216943,2,true
src/ooxml/java/org/apache/poi/util/MethodUtils.java,916.0,6.0,295.0,27.0,99.0,131.0,0,0.0,0.0,0.0,0,false
src/ooxml/java/org/apache/poi/util/PackageHelper.java,91.0,8.0,6.0,4.0,65.0,15.0,0,0.0,0.0,0.0,0,true
src/ooxml/java/org/apache/poi/util/SAXHelper.java,55.0,10.0,8.0,5.0,14.0,13.0,2,0.006191950464396285,1786.170841361593,72720.32973216943,2,true
src/ooxml/java/org/apache/poi/util/XmlSort.java,114.0,7.0,1.0,2.0,19.0,13.0,1,0.0030959752321981426,1656.393063583815,72195.20873473269,1,false
src/ooxml/java/org/apache/poi/xslf/XSLFSlideShow.java,165.0,28.0,74.0,13.0,58.0,47.0,1,0.0030959752321981426,1656.393063583815,72195.20873473269,1,true
src/ooxml/java/org/apache/poi/xslf/extractor/XSLFPowerPointExtractor.java,124.0,20.0,43.0,11.0,28.0,29.0,1,0.0030959752321981426,1656.393063583815,72195.20873473269,1,true
src/ooxml/java/org/apache/poi/xslf/model/geom/CustomGeometry.java,39.0,9.0,0.0,3.0,15.0,7.0,1,0.0030959752321981426,1656.393063583815,72195.20873473269,1,false
src/ooxml/java/org/apache/poi/xslf/usermodel/DrawingTable.java,14.0,2.0,0.0,2.0,1.0,4.0,1,0.0030959752321981426,1656.393063583815,72195.20873473269,1,false
src/ooxml/java/org/apache/poi/xslf/usermodel/DrawingTableRow.java,14.0,2.0,0.0,2.0,1.0,4.0,1,0.0030959752321981426,1656.393063583815,72195.20873473269,1,false
src/ooxml/java/org/apache/poi/xslf/usermodel/DrawingTextBody.java,14.0,2.0,0.0,2.0,1.0,4.0,1,0.0030959752321981426,1656.393063583815,72195.20873473269,1,false
src/ooxml/java/org/apache/poi/xslf/usermodel/RenderableShape.java,439.0,45.0,82.0,21.0,187.0,76.0,1,0.0030959752321981426,1656.393063583815,72195.20873473269,1,false
src/ooxml/java/org/apache/poi/xslf/usermodel/XMLSlideShow.java,276.0,37.0,166.0,24.0,112.0,77.0,1,0.0030959752321981426,1656.393063583815,72195.20873473269,1,true
src/ooxml/java/org/apache/poi/xslf/usermodel/XSLFCommentAuthors.java,34.0,9.0,0.0,4.0,8.0,10.0,1,0.0030959752321981426,1656.393063583815,72195.20873473269,1,false
src/ooxml/java/org/apache/poi/xslf/usermodel/XSLFComments.java,32.0,9.0,0.0,5.0,8.0,10.0,1,0.0030959752321981426,1656.393063583815,72195.20873473269,1,false
src/ooxml/java/org/apache/poi/xslf/usermodel/XSLFCommonSlideData.java,65.0,17.0,4.0,4.0,30.0,15.0,1,0.0030959752321981426,1656.393063583815,72195.20873473269,1,false
src/ooxml/java/org/apache/poi/xslf/usermodel/XSLFFreeformShape.java,130.0,19.0,6.0,4.0,65.0,16.0,1,0.0030959752321981426,1656.393063583815,72195.20873473269,1,false
src/ooxml/java/org/apache/poi/xslf/usermodel/XSLFPictureShape.java,149.0,24.0,55.0,11.0,70.0,33.0,1,0.0030959752321981426,1656.393063583815,72195.20873473269,1,true
src/ooxml/java/org/apache/poi/xslf/usermodel/XSLFTable.java,113.0,18.0,0.0,11.0,46.0,29.0,1,0.0030959752321981426,1656.393063583815,72195.20873473269,1,true
src/ooxml/java/org/apache/poi/xslf/usermodel/XSLFTableRow.java,43.0,7.0,0.0,7.0,21.0,15.0,1,0.0030959752321981426,1656.393063583815,72195.20873473269,1,false
src/ooxml/java/org/apache/poi/xslf/usermodel/XSLFTableStyles.java,25.0,12.0,2.0,5.0,7.0,11.0,1,0.0030959752321981426,1656.393063583815,72195.20873473269,1,false
src/ooxml/java/org/apache/poi/xslf/usermodel/XSLFTextShape.java,489.0,23.0,685.0,39.0,196.0,122.0,1,0.0030959752321981426,1656.393063583815,72195.20873473269,1,false
src/ooxml/java/org/apache/poi/xssf/XLSBUnsupportedException.java,10.0,1.0,0.0,1.0,0.0,1.0,0,0.0,0.0,0.0,0,true
src/ooxml/java/org/apache/poi/xssf/eventusermodel/ReadOnlySharedStringsTable.java,157.0,15.0,25.0,10.0,21.0,32.0,2,0.006191950464396285,1786.170841361593,72720.32973216943,2,true
src/ooxml/java/org/apache/poi/xssf/eventusermodel/XSSFSheetXMLHandler.java,353.0,17.0,0.0,10.0,44.0,44.0,1,0.0030959752321981426,1656.393063583815,72195.20873473269,1,true
src/ooxml/java/org/apache/poi/xssf/extractor/XSSFEventBasedExcelExtractor.java,285.0,30.0,100.0,17.0,33.0,42.0,2,0.006191950464396285,1786.170841361593,72720.32973216943,2,true
src/ooxml/java/org/apache/poi/xssf/extractor/XSSFExportToXml.java,372.0,39.0,151.0,19.0,119.0,76.0,3,0.009287925696594427,2408.1063252325607,79045.95868530747,3,true
src/ooxml/java/org/apache/poi/xssf/extractor/XSSFImportFromXML.java,129.0,27.0,0.0,2.0,33.0,5.0,3,0.009287925696594427,2408.1063252325607,79045.95868530747,3,true
src/ooxml/java/org/apache/poi/xssf/model/CommentsTable.java,122.0,14.0,0.0,17.0,51.0,43.0,1,0.0030959752321981426,1656.393063583815,72195.20873473269,1,true
src/ooxml/java/org/apache/poi/xssf/model/ExternalLinksTable.java,137.0,16.0,0.0,10.0,37.0,28.0,0,0.0,0.0,0.0,0,true
src/ooxml/java/org/apache/poi/xssf/model/MapInfo.java,90.0,16.0,23.0,11.0,26.0,29.0,1,0.0030959752321981426,1656.393063583815,72195.20873473269,1,true
src/ooxml/java/org/apache/poi/xssf/model/SharedStringsTable.java,161.0,16.0,19.0,11.0,34.0,31.0,0,0.0,0.0,0.0,0,true
src/ooxml/java/org/apache/poi/xssf/model/SingleXmlCells.java,52.0,14.0,8.0,8.0,16.0,17.0,1,0.0030959752321981426,1656.393063583815,72195.20873473269,1,true
src/ooxml/java/org/apache/poi/xssf/model/ThemesTable.java,103.0,9.0,0.0,4.0,30.0,14.0,1,0.0030959752321981426,1656.393063583815,72195.20873473269,1,true
src/ooxml/java/org/apache/poi/xssf/streaming/GZIPSheetDataWriter.java,33.0,11.0,10.0,5.0,2.0,14.0,0,0.0,0.0,0.0,0,true
src/ooxml/java/org/apache/poi/xssf/streaming/SXSSFWorkbook.java,866.0,29.0,0.0,74.0,106.0,194.0,2,0.006191950464396285,1269.8699101004759,12444.048114488509,2,true
src/ooxml/java/org/apache/poi/xssf/streaming/SheetDataWriter.java,308.0,17.0,109.0,19.0,55.0,64.0,0,0.0,0.0,0.0,0,true
src/ooxml/java/org/apache/poi/xssf/usermodel/XSSFChart.java,204.0,37.0,134.0,24.0,72.0,53.0,1,0.0030959752321981426,1656.393063583815,72195.20873473269,1,false
src/ooxml/java/org/apache/poi/xssf/usermodel/XSSFColor.java,267.0,4.0,0.0,22.0,41.0,52.0,1,0.0030959752321981426,1656.393063583815,72195.20873473269,1,true
src/ooxml/java/org/apache/poi/xssf/usermodel/XSSFEvaluationWorkbook.java,255.0,24.0,134.0,29.0,66.0,84.0,0,0.0,0.0,0.0,0,true
src/ooxml/java/org/apache/poi/xssf/usermodel/XSSFFormulaEvaluator.java,244.0,16.0,96.0,20.0,45.0,53.0,0,0.0,0.0,0.0,0,false
src/ooxml/java/org/apache/poi/xssf/usermodel/XSSFHyperlink.java,239.0,7.0,159.0,27.0,40.0,57.0,0,0.0,0.0,0.0,0,true
src/ooxml/java/org/apache/poi/xssf/usermodel/XSSFMap.java,69.0,10.0,0.0,6.0,24.0,15.0,0,0.0,0.0,0.0,0,true
src/ooxml/java/org/apache/poi/xssf/usermodel/XSSFPivotCache.java,34.0,10.0,0.0,5.0,6.0,9.0,0,0.0,0.0,0.0,0,true
src/ooxml/java/org/apache/poi/xssf/usermodel/XSSFPivotCacheDefinition.java,77.0,20.0,0.0,7.0,39.0,15.0,1,0.0030959752321981426,1656.393063583815,72195.20873473269,1,true
src/ooxml/java/org/apache/poi/xssf/usermodel/XSSFPivotCacheRecords.java,38.0,12.0,0.0,5.0,13.0,10.0,0,0.0,0.0,0.0,0,true
src/ooxml/java/org/apache/poi/xssf/usermodel/XSSFPivotTable.java,313.0,39.0,117.0,26.0,166.0,69.0,1,0.0030959752321981426,1656.393063583815,72195.20873473269,1,true
src/ooxml/java/org/apache/poi/xssf/usermodel/XSSFRelation.java,81.0,25.0,1.0,3.0,13.0,12.0,0,0.0,0.0,0.0,0,true
src/ooxml/java/org/apache/poi/xssf/usermodel/XSSFRow.java,405.0,13.0,104.0,28.0,94.0,85.0,1,0.0030959752321981426,1656.393063583815,72195.20873473269,1,true
src/ooxml/java/org/apache/poi/xssf/usermodel/XSSFSheet.java,2876.0,94.0,24712.0,244.0,982.0,728.0,3,0.009287925696594427,2926.262973684291,84639.2568492212,3,true
src/ooxml/java/org/apache/poi/xssf/usermodel/XSSFSheetConditionalFormatting.java,164.0,14.0,10.0,12.0,39.0,33.0,1,0.0030959752321981426,1656.393063583815,72195.20873473269,1,true
src/ooxml/java/org/apache/poi/xssf/usermodel/XSSFTable.java,210.0,15.0,15.0,19.0,56.0,58.0,1,0.0030959752321981426,1656.393063583815,72195.20873473269,1,true
src/ooxml/java/org/apache/poi/xssf/usermodel/XSSFWorkbook.java,1449.0,77.0,4652.0,109.0,385.0,326.0,2,0.006191950464396285,2304.327489813323,78313.62789608316,2,true
src/ooxml/java/org/apache/poi/xssf/usermodel/helpers/ColumnHelper.java,265.0,13.0,235.0,23.0,112.0,58.0,1,0.0030959752321981426,1656.393063583815,72195.20873473269,1,true
src/ooxml/java/org/apache/poi/xssf/usermodel/helpers/XSSFPaswordHelper.java,79.0,8.0,3.0,3.0,26.0,12.0,1,0.0030959752321981426,1656.393063583815,72195.20873473269,1,true
src/ooxml/java/org/apache/poi/xssf/usermodel/helpers/XSSFRowShifter.java,209.0,29.0,15.0,10.0,79.0,35.0,2,0.006191950464396285,2278.328547454783,78520.83768787073,2,true
src/ooxml/java/org/apache/poi/xssf/util/CTColComparator.java,20.0,2.0,3.0,3.0,3.0,5.0,1,0.0030959752321981426,1656.393063583815,72195.20873473269,1,true
src/ooxml/java/org/apache/poi/xwpf/model/XWPFCommentsDecorator.java,25.0,3.0,0.0,4.0,10.0,8.0,1,0.0030959752321981426,1656.393063583815,72195.20873473269,1,false
src/ooxml/java/org/apache/poi/xwpf/model/XWPFHyperlinkDecorator.java,37.0,5.0,1.0,3.0,10.0,7.0,1,0.0030959752321981426,1656.393063583815,72195.20873473269,1,false
src/ooxml/java/org/apache/poi/xwpf/usermodel/AbstractXWPFSDT.java,70.0,4.0,26.0,9.0,5.0,20.0,1,0.0030959752321981426,1656.393063583815,72195.20873473269,1,false
src/ooxml/java/org/apache/poi/xwpf/usermodel/XWPFComment.java,27.0,2.0,0.0,4.0,7.0,8.0,1,0.0030959752321981426,1656.393063583815,72195.20873473269,1,false
src/ooxml/java/org/apache/poi/xwpf/usermodel/XWPFDocument.java,1173.0,55.0,3406.0,93.0,317.0,296.0,1,0.0030959752321981426,1656.393063583815,72195.20873473269,1,true
src/ooxml/java/org/apache/poi/xwpf/usermodel/XWPFFootnote.java,293.0,12.0,130.0,25.0,62.0,68.0,1,0.0030959752321981426,1656.393063583815,72195.20873473269,1,true
src/ooxml/java/org/apache/poi/xwpf/usermodel/XWPFFootnotes.java,101.0,18.0,19.0,11.0,26.0,29.0,1,0.0030959752321981426,1656.393063583815,72195.20873473269,1,true
src/ooxml/java/org/apache/poi/xwpf/usermodel/XWPFHeaderFooter.java,410.0,23.0,255.0,30.0,97.0,104.0,1,0.0030959752321981426,1656.393063583815,72195.20873473269,1,true
src/ooxml/java/org/apache/poi/xwpf/usermodel/XWPFLatentStyles.java,24.0,2.0,0.0,4.0,3.0,7.0,1,0.0030959752321981426,1656.393063583815,72195.20873473269,1,true
src/ooxml/java/org/apache/poi/xwpf/usermodel/XWPFNumbering.java,215.0,20.0,0.0,15.0,73.0,43.0,1,0.0030959752321981426,1656.393063583815,72195.20873473269,1,true
src/ooxml/java/org/apache/poi/xwpf/usermodel/XWPFParagraph.java,1146.0,36.0,2127.0,70.0,315.0,250.0,1,0.0030959752321981426,1656.393063583815,72195.20873473269,1,true
src/ooxml/java/org/apache/poi/xwpf/usermodel/XWPFRun.java,714.0,54.0,44.0,44.0,247.0,143.0,2,0.006191950464396285,2278.328547454783,78520.83768787073,2,true
src/ooxml/java/org/apache/poi/xwpf/usermodel/XWPFSDTContent.java,99.0,10.0,9.0,6.0,27.0,20.0,1,0.0030959752321981426,1656.393063583815,72195.20873473269,1,false
src/ooxml/java/org/apache/poi/xwpf/usermodel/XWPFStyles.java,216.0,23.0,43.0,15.0,72.0,42.0,1,0.0030959752321981426,1656.393063583815,72195.20873473269,1,true
src/ooxml/java/org/apache/poi/xwpf/usermodel/XWPFTable.java,495.0,20.0,812.0,45.0,234.0,113.0,1,0.0030959752321981426,1656.393063583815,72195.20873473269,1,true
src/ooxml/java/org/apache/poi/xwpf/usermodel/XWPFTableCell.java,406.0,20.0,185.0,30.0,119.0,85.0,1,0.0030959752321981426,1656.393063583815,72195.20873473269,1,true
src/ooxml/java/org/apache/poi/xwpf/usermodel/XWPFTableRow.java,178.0,13.0,46.0,17.0,53.0,48.0,1,0.0030959752321981426,1656.393063583815,72195.20873473269,1,true
src/ooxml/testcases/org/apache/poi/TestPOIXMLProperties.java,127.0,13.0,22.0,8.0,62.0,18.0,2,0.006191950464396285,2304.327489813323,78313.62789608316,2,true
src/ooxml/testcases/org/apache/poi/openxml4j/OpenXML4JTestDataSamples.java,24.0,5.0,9.0,6.0,8.0,12.0,0,0.0,0.0,0.0,0,true
src/ooxml/testcases/org/apache/poi/openxml4j/opc/TestPackage.java,338.0,27.0,134.0,17.0,204.0,50.0,2,0.006191950464396285,1786.170841361593,72720.32973216943,2,true
src/ooxml/testcases/org/apache/poi/poifs/crypt/PkiTestUtils.java,128.0,76.0,21.0,7.0,49.0,26.0,1,0.0030959752321981426,1656.393063583815,72195.20873473269,1,false
src/ooxml/testcases/org/apache/poi/poifs/crypt/TestDecryptor.java,77.0,15.0,15.0,6.0,45.0,24.0,1,0.0030959752321981426,1656.393063583815,72195.20873473269,1,true
src/ooxml/testcases/org/apache/poi/poifs/crypt/TestEncryptor.java,148.0,27.0,10.0,5.0,93.0,17.0,0,0.0,0.0,0.0,0,true
src/ooxml/testcases/org/apache/poi/poifs/crypt/TestSignatureInfo.java,338.0,57.0,26.0,17.0,236.0,62.0,3,0.009287925696594427,2926.262973684291,84639.2568492212,3,true
src/ooxml/testcases/org/apache/poi/xslf/TestXSLFBugs.java,112.0,14.0,10.0,5.0,44.0,16.0,1,0.0030959752321981426,1656.393063583815,72195.20873473269,1,true
src/ooxml/testcases/org/apache/poi/xslf/TestXSLFSlideShow.java,51.0,7.0,0.0,5.0,38.0,12.0,1,0.0030959752321981426,1656.393063583815,72195.20873473269,1,true
src/ooxml/testcases/org/apache/poi/xslf/usermodel/TestXMLSlideShow.java,86.0,7.0,0.0,6.0,53.0,17.0,1,0.0030959752321981426,1656.393063583815,72195.20873473269,1,false
src/ooxml/testcases/org/apache/poi/xslf/usermodel/TestXSLFSimpleShape.java,179.0,11.0,10.0,5.0,80.0,7.0,1,0.0030959752321981426,1656.393063583815,72195.20873473269,1,false
src/ooxml/testcases/org/apache/poi/xssf/TestSheetProtection.java,213.0,3.0,0.0,18.0,118.0,36.0,1,0.0030959752321981426,1656.393063583815,72195.20873473269,1,true
src/ooxml/testcases/org/apache/poi/xssf/TestWorkbookProtection.java,90.0,10.0,21.0,7.0,56.0,15.0,1,0.0030959752321981426,1656.393063583815,72195.20873473269,1,true
src/ooxml/testcases/org/apache/poi/xssf/extractor/TestXSSFEventBasedExcelExtractor.java,153.0,7.0,36.0,9.0,54.0,25.0,1,0.0030959752321981426,621.9354838709678,6325.628953138042,1,true
src/ooxml/testcases/org/apache/poi/xssf/extractor/TestXSSFExportToXML.java,400.0,24.0,105.0,15.0,169.0,56.0,2,0.006191950464396285,2278.328547454783,78520.83768787073,2,true
src/ooxml/testcases/org/apache/poi/xssf/model/TestCalculationChain.java,22.0,4.0,0.0,1.0,14.0,1.0,1,0.0030959752321981426,1656.393063583815,72195.20873473269,1,true
src/ooxml/testcases/org/apache/poi/xssf/model/TestMapInfo.java,30.0,8.0,0.0,1.0,9.0,3.0,1,0.0030959752321981426,1656.393063583815,72195.20873473269,1,true
src/ooxml/testcases/org/apache/poi/xssf/model/TestThemesTable.java,28.0,12.0,0.0,1.0,21.0,4.0,1,0.0030959752321981426,1656.393063583815,72195.20873473269,1,false
src/ooxml/testcases/org/apache/poi/xssf/usermodel/AllXSSFUsermodelTests.java,5.0,7.0,0.0,0.0,0.0,0.0,0,0.0,0.0,0.0,0,true
src/ooxml/testcases/org/apache/poi/xssf/usermodel/TestMissingWorkbookOnXSSF.java,14.0,3.0,1.0,2.0,2.0,3.0,0,0.0,0.0,0.0,0,false
src/ooxml/testcases/org/apache/poi/xssf/usermodel/TestMultiSheetFormulaEvaluatorOnXSSF.java,245.0,17.0,18.0,8.0,51.0,41.0,0,0.0,0.0,0.0,0,false
src/ooxml/testcases/org/apache/poi/xssf/usermodel/TestXSSFBugs.java,1274.0,68.0,2145.0,66.0,605.0,166.0,3,0.009287925696594427,2926.262973684291,84639.2568492212,3,true
src/ooxml/testcases/org/apache/poi/xssf/usermodel/TestXSSFColGrouping.java,192.0,6.0,0.0,6.0,109.0,16.0,1,0.0030959752321981426,1656.393063583815,72195.20873473269,1,true
src/ooxml/testcases/org/apache/poi/xssf/usermodel/TestXSSFColor.java,97.0,2.0,3.0,3.0,42.0,6.0,1,0.0030959752321981426,1656.393063583815,72195.20873473269,1,true
src/ooxml/testcases/org/apache/poi/xssf/usermodel/TestXSSFFont.java,179.0,22.0,136.0,17.0,145.0,18.0,1,0.0030959752321981426,1656.393063583815,72195.20873473269,1,true
src/ooxml/testcases/org/apache/poi/xssf/usermodel/TestXSSFFormulaEvaluation.java,361.0,14.0,120.0,16.0,163.0,42.0,3,0.009287925696594427,2926.262973684291,84639.2568492212,3,true
src/ooxml/testcases/org/apache/poi/xssf/usermodel/TestXSSFFormulaParser.java,252.0,31.0,28.0,8.0,56.0,20.0,0,0.0,0.0,0.0,0,true
src/ooxml/testcases/org/apache/poi/xssf/usermodel/TestXSSFPivotTable.java,154.0,12.0,0.0,11.0,56.0,30.0,0,0.0,0.0,0.0,0,true
src/ooxml/testcases/org/apache/poi/xssf/usermodel/TestXSSFRichTextString.java,267.0,6.0,36.0,9.0,81.0,12.0,1,0.0030959752321981426,1656.393063583815,72195.20873473269,1,true
src/ooxml/testcases/org/apache/poi/xssf/usermodel/TestXSSFSheet.java,1029.0,50.0,1029.0,46.0,428.0,68.0,2,0.006191950464396285,2278.328547454783,78520.83768787073,2,true
src/ooxml/testcases/org/apache/poi/xssf/usermodel/TestXSSFSheetShiftRows.java,111.0,12.0,36.0,9.0,47.0,26.0,2,0.006191950464396285,2278.328547454783,78520.83768787073,2,true
src/ooxml/testcases/org/apache/poi/xssf/usermodel/TestXSSFTable.java,23.0,15.0,1.0,2.0,17.0,4.0,1,0.0030959752321981426,1656.393063583815,72195.20873473269,1,true
src/ooxml/testcases/org/apache/poi/xssf/usermodel/TestXSSFWorkbook.java,507.0,46.0,528.0,33.0,286.0,54.0,2,0.006191950464396285,2278.328547454783,78520.83768787073,2,true
src/ooxml/testcases/org/apache/poi/xssf/usermodel/extensions/TestXSSFCellFill.java,46.0,9.0,10.0,5.0,34.0,7.0,1,0.0030959752321981426,1656.393063583815,72195.20873473269,1,false
src/ooxml/testcases/org/apache/poi/xssf/usermodel/helpers/TestColumnHelper.java,238.0,9.0,36.0,9.0,111.0,11.0,1,0.0030959752321981426,1656.393063583815,72195.20873473269,1,true
src/ooxml/testcases/org/apache/poi/xssf/util/TestCTColComparator.java,45.0,3.0,1.0,2.0,12.0,2.0,1,0.0030959752321981426,1656.393063583815,72195.20873473269,1,true
src/ooxml/testcases/org/apache/poi/xwpf/extractor/TestExternalEntities.java,14.0,4.0,0.0,1.0,7.0,2.0,1,0.0030959752321981426,129.77777777777777,525.1209974367307,1,false
src/ooxml/testcases/org/apache/poi/xwpf/usermodel/TestXWPFDocument.java,239.0,17.0,136.0,17.0,166.0,41.0,1,0.0030959752321981426,1656.393063583815,72195.20873473269,1,true
src/ooxml/testcases/org/apache/poi/xwpf/usermodel/TestXWPFParagraph.java,220.0,23.0,105.0,15.0,164.0,23.0,1,0.0030959752321981426,1656.393063583815,72195.20873473269,1,true
src/ooxml/testcases/org/apache/poi/xwpf/usermodel/TestXWPFRun.java,295.0,15.0,0.0,18.0,155.0,26.0,1,0.0030959752321981426,1656.393063583815,72195.20873473269,1,true
src/ooxml/testcases/org/apache/poi/xwpf/usermodel/TestXWPFStyles.java,65.0,11.0,15.0,6.0,33.0,10.0,1,0.0030959752321981426,1656.393063583815,72195.20873473269,1,true
src/scratchpad/src/org/apache/poi/hslf/extractor/QuickButCruddyTextExtractor.java,143.0,16.0,22.0,8.0,21.0,25.0,0,0.0,0.0,0.0,0,false
src/scratchpad/src/org/apache/poi/hslf/record/PPDrawing.java,379.0,22.0,131.0,19.0,90.0,58.0,0,0.0,0.0,0.0,0,true
src/scratchpad/src/org/apache/poi/hslf/record/SlideListWithText.java,150.0,5.0,0.0,9.0,12.0,17.0,0,0.0,0.0,0.0,0,true
src/scratchpad/src/org/apache/poi/hwpf/model/NilPICFAndBinData.java,32.0,4.0,0.0,5.0,11.0,9.0,1,0.0030959752321981426,1656.393063583815,72195.20873473269,1,true
src/scratchpad/src/org/apache/poi/hwpf/model/PlfLfo.java,110.0,7.0,0.0,9.0,19.0,29.0,1,0.0030959752321981426,1656.393063583815,72195.20873473269,1,true
src/scratchpad/src/org/apache/poi/hwpf/model/Sttb.java,144.0,3.0,0.0,8.0,18.0,24.0,1,0.0030959752321981426,1656.393063583815,72195.20873473269,1,true
src/scratchpad/src/org/apache/poi/hwpf/model/StyleSheet.java,236.0,8.0,0.0,12.0,30.0,39.0,0,0.0,0.0,0.0,0,true
src/scratchpad/testcases/org/apache/poi/hslf/extractor/TestCruddyExtractor.java,30.0,3.0,0.0,3.0,10.0,6.0,0,0.0,0.0,0.0,0,false
src/scratchpad/testcases/org/apache/poi/hslf/usermodel/TestBugs.java,382.0,39.0,0.0,22.0,157.0,84.0,0,0.0,0.0,0.0,0,true
src/scratchpad/testcases/org/apache/poi/hslf/usermodel/TestFontRendering.java,49.0,24.0,0.0,1.0,29.0,4.0,0,0.0,0.0,0.0,0,true
src/scratchpad/testcases/org/apache/poi/hwpf/usermodel/TestBugs.java,464.0,25.0,703.0,38.0,207.0,78.0,1,0.0030959752321981426,647.9344262295082,6118.419161350468,1,true
src/testcases/org/apache/poi/POIDataSamples.java,209.0,6.0,141.0,18.0,23.0,65.0,1,0.0030959752321981426,621.9354838709678,6325.628953138042,1,true
src/testcases/org/apache/poi/hpsf/extractor/TestHPSFPropertiesExtractor.java,81.0,8.0,0.0,6.0,35.0,16.0,0,0.0,0.0,0.0,0,true
src/testcases/org/apache/poi/hssf/eventusermodel/TestEventWorkbookBuilder.java,97.0,16.0,0.0,5.0,34.0,8.0,0,0.0,0.0,0.0,0,false
src/testcases/org/apache/poi/hssf/eventusermodel/TestMissingRecordAwareHSSFListener.java,697.0,24.0,0.0,10.0,40.0,30.0,0,0.0,0.0,0.0,0,true
src/testcases/org/apache/poi/hssf/model/TestDrawingShapes.java,597.0,18.0,190.0,20.0,283.0,30.0,2,0.006191950464396285,2278.328547454783,78520.83768787073,2,false
src/testcases/org/apache/poi/hssf/model/TestFormulaParser.java,914.0,57.0,2850.0,76.0,307.0,163.0,0,0.0,0.0,0.0,0,true
src/testcases/org/apache/poi/hssf/record/TestDConRefRecord.java,150.0,5.0,8.0,9.0,25.0,24.0,1,0.0030959752321981426,1656.393063583815,72195.20873473269,1,true
src/testcases/org/apache/poi/hssf/usermodel/TestBugs.java,1933.0,56.0,9870.0,141.0,801.0,250.0,1,0.0030959752321981426,647.9344262295082,6118.419161350468,1,true
src/testcases/org/apache/poi/hssf/usermodel/TestHSSFName.java,160.0,13.0,36.0,9.0,61.0,21.0,0,0.0,0.0,0.0,0,true
src/testcases/org/apache/poi/ss/formula/TestMissingWorkbook.java,76.0,10.0,0.0,6.0,39.0,11.0,0,0.0,0.0,0.0,0,true
src/testcases/org/apache/poi/ss/formula/atp/TestNetworkdaysFunction.java,64.0,19.0,8.0,8.0,19.0,8.0,0,0.0,0.0,0.0,0,true
src/testcases/org/apache/poi/ss/formula/atp/TestWorkdayFunction.java,96.0,21.0,0.0,12.0,44.0,16.0,0,0.0,0.0,0.0,0,true
src/testcases/org/apache/poi/ss/formula/eval/TestMultiSheetEval.java,246.0,15.0,18.0,8.0,55.0,41.0,0,0.0,0.0,0.0,0,false
src/testcases/org/apache/poi/ss/formula/eval/TestRangeEval.java,101.0,12.0,6.0,4.0,26.0,9.0,0,0.0,0.0,0.0,0,false
src/testcases/org/apache/poi/ss/formula/function/ExcelFileFormatDocFunctionExtractor.java,474.0,34.0,15.0,7.0,37.0,34.0,1,0.0030959752321981426,621.9354838709678,6325.628953138042,1,true
src/testcases/org/apache/poi/ss/formula/functions/EvalFactory.java,130.0,11.0,10.0,5.0,6.0,12.0,0,0.0,0.0,0.0,0,false
src/testcases/org/apache/poi/ss/formula/functions/TestEDate.java,101.0,11.0,45.0,10.0,40.0,10.0,1,0.0030959752321981426,43.0,23.059773072376263,1,true
src/testcases/org/apache/poi/ss/formula/ptg/TestAreaPtg.java,84.0,3.0,32.0,9.0,33.0,15.0,0,0.0,0.0,0.0,0,true
src/testcases/org/apache/poi/ss/formula/ptg/TestExternalFunctionFormulas.java,50.0,12.0,6.0,4.0,28.0,7.0,0,0.0,0.0,0.0,0,true
src/testcases/org/apache/poi/ss/usermodel/BaseTestConditionalFormatting.java,497.0,3.0,0.0,14.0,234.0,28.0,1,0.0030959752321981426,1656.393063583815,72195.20873473269,1,true
src/testcases/org/apache/poi/ss/usermodel/TestDataFormatter.java,398.0,7.0,210.0,21.0,60.0,49.0,0,0.0,0.0,0.0,0,true
src/testcases/org/apache/poi/util/TestTempFile.java,33.0,4.0,3.0,3.0,16.0,7.0,1,0.0030959752321981426,621.9354838709678,6325.628953138042,1,false
