name,LOC,CBO,LCOM,NOM,RFC,WMC,ACS,Ownership,numOfChanges,numberOfFIChanges,ENH,NF,BugFixing,REF,structuralWorkloadSum,semanticWorkloadSum,numberOfDeveloper,pastFaults,MAF,isBuggy
camel-core/src/main/java/org/apache/camel/CamelContext.java,46.0,6.0,91.0,14.0,0.0,20.0,22.0,davsclaus@apache.org,2,0.0016625103906899418,10.0,4.0,2.0,4.0,18017.331423030973,1701539.205124915,2,0,0.08797321748771014,true
camel-core/src/main/java/org/apache/camel/Component.java,26.0,1.0,6.0,4.0,0.0,11.0,20.0,null,2,0.0016625103906899418,50.0,23.0,4.0,35.0,18017.331423030973,1701539.205124915,2,0,0.15539068374357723,true
camel-core/src/main/java/org/apache/camel/Consumer.java,6.0,0.0,0.0,0.0,0.0,0.0,43.0,davsclaus@apache.org,1,8.312551953449709E-4,29.0,14.0,14.0,14.0,14445.995515695067,1643177.8717915819,1,0,0.33206694315329655,false
camel-core/src/main/java/org/apache/camel/Converter.java,0.0,0.0,0.0,0.0,0.0,0.0,22.0,jstrachan@apache.org,1,8.312551953449709E-4,33.0,22.0,11.0,0.0,14445.995515695067,1643177.8717915819,1,0,0.33206694315329655,false
camel-core/src/main/java/org/apache/camel/Endpoint.java,33.0,0.0,15.0,6.0,0.0,13.0,32.0,jstrachan@apache.org,2,0.0016625103906899418,43.0,19.0,15.0,19.0,18017.331423030973,1701539.205124915,2,0,0.08797321748771014,false
camel-core/src/main/java/org/apache/camel/Exchange.java,78.0,1.0,91.0,14.0,0.0,29.0,25.0,davsclaus@apache.org,3,0.0024937655860349127,9.0,5.0,2.0,4.0,18549.23839977516,1703348.94425535,3,0,0.029106646813826575,true
camel-core/src/main/java/org/apache/camel/Expression.java,12.0,0.0,0.0,1.0,0.0,2.0,15.0,davsclaus@apache.org,1,8.312551953449709E-4,22.0,11.0,0.0,11.0,14445.995515695067,1643177.8717915819,1,0,0.33206694315329655,false
camel-core/src/main/java/org/apache/camel/FailedToCreateProducerException.java,13.0,0.0,0.0,2.0,0.0,4.0,66.0,davsclaus@apache.org,1,8.312551953449709E-4,17.0,17.0,17.0,0.0,14445.995515695067,1643177.8717915819,1,0,0.33206694315329655,false
camel-core/src/main/java/org/apache/camel/InvalidHeaderTypeException.java,24.0,0.0,0.0,4.0,4.0,6.0,57.0,davsclaus@apache.org,2,0.0016625103906899418,33.0,17.0,0.0,33.0,18017.331423030973,1701539.205124915,2,0,0.2754026004997949,false
camel-core/src/main/java/org/apache/camel/Message.java,54.0,1.0,36.0,9.0,0.0,21.0,12.0,davsclaus@apache.org,3,0.0024937655860349127,25.0,17.0,0.0,3.0,18549.23839977516,1703348.94425535,3,0,0.047334143453753974,false
camel-core/src/main/java/org/apache/camel/NoSuchEndpointException.java,15.0,1.0,0.0,2.0,0.0,4.0,27.0,davsclaus@apache.org,2,0.0016625103906899418,25.0,8.0,0.0,8.0,18017.331423030973,1701539.205124915,2,0,0.1198746667961128,false
camel-core/src/main/java/org/apache/camel/NoTypeConversionAvailableException.java,27.0,0.0,0.0,3.0,1.0,5.0,4.0,davsclaus@apache.org,1,8.312551953449709E-4,7.0,7.0,7.0,0.0,14445.995515695067,1643177.8717915819,1,0,0.33206694315329655,false
camel-core/src/main/java/org/apache/camel/Predicate.java,12.0,0.0,0.0,1.0,0.0,3.0,42.0,jstrachan@apache.org,1,8.312551953449709E-4,44.0,22.0,11.0,33.0,14445.995515695067,1643177.8717915819,1,0,0.33206694315329655,false
camel-core/src/main/java/org/apache/camel/Processor.java,10.0,0.0,0.0,1.0,0.0,1.0,57.0,jstrachan@apache.org,2,0.0016625103906899418,50.0,8.0,17.0,33.0,18017.331423030973,1701539.205124915,2,0,0.09366668025580643,false
camel-core/src/main/java/org/apache/camel/Producer.java,16.0,0.0,3.0,3.0,0.0,5.0,74.0,davsclaus@apache.org,1,8.312551953449709E-4,21.0,7.0,14.0,14.0,14445.995515695067,1643177.8717915819,1,0,0.33206694315329655,false
camel-core/src/main/java/org/apache/camel/Provider.java,10.0,0.0,0.0,1.0,0.0,1.0,14.0,jstrachan@apache.org,1,8.312551953449709E-4,100.0,50.0,50.0,100.0,14445.995515695067,1643177.8717915819,1,0,0.33206694315329655,false
camel-core/src/main/java/org/apache/camel/ResolveEndpointFailedException.java,14.0,0.0,0.0,2.0,0.0,3.0,16.0,davsclaus@apache.org,1,8.312551953449709E-4,14.0,14.0,14.0,14.0,14445.995515695067,1643177.8717915819,1,0,0.33206694315329655,false
camel-core/src/main/java/org/apache/camel/Route.java,35.0,2.0,0.0,7.0,0.0,12.0,30.0,davsclaus@apache.org,2,0.0016625103906899418,20.0,13.0,7.0,10.0,18017.331423030973,1701539.205124915,2,0,0.09366668025580643,true
camel-core/src/main/java/org/apache/camel/RouteBuilderFinder.java,5.0,0.0,0.0,0.0,0.0,0.0,287.0,jstrachan@apache.org,1,8.312551953449709E-4,100.0,0.0,0.0,50.0,14445.995515695067,1643177.8717915819,1,0,0.33206694315329655,false
camel-core/src/main/java/org/apache/camel/RouteFactory.java,7.0,1.0,0.0,1.0,0.0,1.0,27.0,jstrachan@apache.org,1,8.312551953449709E-4,100.0,33.0,0.0,67.0,14445.995515695067,1643177.8717915819,1,0,0.33206694315329655,false
camel-core/src/main/java/org/apache/camel/RuntimeCamelException.java,17.0,0.0,6.0,4.0,0.0,4.0,57.0,davsclaus@apache.org,2,0.0016625103906899418,40.0,20.0,0.0,40.0,18017.331423030973,1701539.205124915,2,0,0.2754026004997949,false
camel-core/src/main/java/org/apache/camel/RuntimeExpressionException.java,15.0,0.0,3.0,3.0,0.0,3.0,10.0,davsclaus@apache.org,1,8.312551953449709E-4,50.0,50.0,0.0,25.0,14445.995515695067,1643177.8717915819,1,0,0.33206694315329655,false
camel-core/src/main/java/org/apache/camel/Service.java,8.0,0.0,1.0,2.0,0.0,4.0,43.0,davsclaus@apache.org,1,8.312551953449709E-4,40.0,20.0,20.0,20.0,14445.995515695067,1643177.8717915819,1,0,0.33206694315329655,false
camel-core/src/main/java/org/apache/camel/TypeConverter.java,13.0,0.0,0.0,1.0,0.0,3.0,11.0,davsclaus@apache.org,1,8.312551953449709E-4,18.0,6.0,0.0,6.0,14445.995515695067,1643177.8717915819,1,0,0.33206694315329655,false
camel-core/src/main/java/org/apache/camel/builder/BuilderSupport.java,151.0,10.0,276.0,25.0,18.0,60.0,19.0,null,2,0.0016625103906899418,21.0,16.0,13.0,5.0,18017.331423030973,1701539.205124915,2,0,0.10650691982692029,true
camel-core/src/main/java/org/apache/camel/builder/ChoiceBuilder.java,42.0,7.0,1.0,6.0,3.0,16.0,44.0,jstrachan@apache.org,2,0.0016625103906899418,82.0,27.0,27.0,45.0,18017.331423030973,1701539.205124915,2,0,0.1198746667961128,false
camel-core/src/main/java/org/apache/camel/builder/ConstantProcessorBuilder.java,12.0,2.0,0.0,2.0,0.0,3.0,52.0,davsclaus@apache.org,1,8.312551953449709E-4,44.0,11.0,11.0,33.0,14445.995515695067,1643177.8717915819,1,0,0.33206694315329655,false
camel-core/src/main/java/org/apache/camel/builder/DeadLetterChannelBuilder.java,112.0,6.0,211.0,22.0,23.0,43.0,47.0,davsclaus@apache.org,1,8.312551953449709E-4,8.0,5.0,6.0,3.0,14445.995515695067,1643177.8717915819,1,0,0.33206694315329655,true
camel-core/src/main/java/org/apache/camel/builder/ErrorHandlerBuilder.java,13.0,2.0,1.0,2.0,0.0,3.0,74.0,davsclaus@apache.org,1,8.312551953449709E-4,14.0,10.0,14.0,5.0,14445.995515695067,1643177.8717915819,1,0,0.33206694315329655,false
camel-core/src/main/java/org/apache/camel/builder/ExpressionBuilder.java,190.0,7.0,465.0,31.0,67.0,82.0,11.0,davsclaus@apache.org,2,0.0016625103906899418,10.0,6.0,2.0,3.0,18017.331423030973,1701539.205124915,2,0,0.09858479442466306,true
camel-core/src/main/java/org/apache/camel/builder/ExpressionFactory.java,11.0,2.0,0.0,1.0,0.0,2.0,22.0,jstrachan@apache.org,1,8.312551953449709E-4,100.0,67.0,33.0,67.0,14445.995515695067,1643177.8717915819,1,0,0.33206694315329655,false
camel-core/src/main/java/org/apache/camel/builder/FilterBuilder.java,31.0,4.0,0.0,5.0,2.0,10.0,48.0,chirino@apache.org,2,0.0016625103906899418,71.0,29.0,43.0,43.0,18017.331423030973,1701539.205124915,2,0,0.16824154646919498,false
camel-core/src/main/java/org/apache/camel/builder/Fluent.java,0.0,0.0,0.0,0.0,0.0,0.0,14.0,chirino@apache.org,1,8.312551953449709E-4,67.0,67.0,67.0,0.0,3571.3359073359075,58361.33333333333,1,0,1.6050326189661839,false
camel-core/src/main/java/org/apache/camel/builder/FluentArg.java,0.0,0.0,0.0,0.0,0.0,0.0,20.0,chirino@apache.org,2,0.0016625103906899418,75.0,50.0,75.0,0.0,18017.331423030973,1701539.205124915,2,0,0.5441965587337421,false
camel-core/src/main/java/org/apache/camel/builder/FromBuilder.java,212.0,15.0,421.0,30.0,39.0,73.0,20.0,jstrachan@apache.org,2,0.0016625103906899418,78.0,54.0,44.0,22.0,18017.331423030973,1701539.205124915,2,0,0.14786583342514725,false
camel-core/src/main/java/org/apache/camel/builder/IdempotentConsumerBuilder.java,22.0,5.0,0.0,4.0,0.0,8.0,70.0,jstrachan@apache.org,2,0.0016625103906899418,60.0,20.0,40.0,40.0,18017.331423030973,1701539.205124915,2,0,0.1198746667961128,false
camel-core/src/main/java/org/apache/camel/builder/InterceptorBuilder.java,38.0,6.0,0.0,4.0,3.0,10.0,36.0,jstrachan@apache.org,2,0.0016625103906899418,75.0,33.0,42.0,42.0,18017.331423030973,1701539.205124915,2,0,0.08524200538739479,false
camel-core/src/main/java/org/apache/camel/builder/LoggingErrorHandlerBuilder.java,38.0,7.0,6.0,9.0,4.0,13.0,55.0,davsclaus@apache.org,1,8.312551953449709E-4,16.0,8.0,12.0,12.0,14445.995515695067,1643177.8717915819,1,0,0.33206694315329655,true
camel-core/src/main/java/org/apache/camel/builder/MulticastBuilder.java,14.0,5.0,0.0,2.0,0.0,4.0,74.0,jstrachan@apache.org,1,8.312551953449709E-4,50.0,33.0,50.0,17.0,14445.995515695067,1643177.8717915819,1,0,0.33206694315329655,false
camel-core/src/main/java/org/apache/camel/builder/NoErrorHandlerBuilder.java,12.0,2.0,1.0,2.0,0.0,4.0,56.0,davsclaus@apache.org,1,8.312551953449709E-4,21.0,14.0,21.0,14.0,14445.995515695067,1643177.8717915819,1,0,0.33206694315329655,false
camel-core/src/main/java/org/apache/camel/builder/PipelineBuilder.java,14.0,5.0,0.0,2.0,0.0,4.0,68.0,jstrachan@apache.org,1,8.312551953449709E-4,57.0,29.0,43.0,29.0,14445.995515695067,1643177.8717915819,1,0,0.33206694315329655,false
camel-core/src/main/java/org/apache/camel/builder/PredicateBuilder.java,216.0,7.0,780.0,40.0,65.0,85.0,23.0,null,2,0.0016625103906899418,33.0,18.0,7.0,18.0,18017.331423030973,1701539.205124915,2,0,0.10912123270079599,true
camel-core/src/main/java/org/apache/camel/builder/PredicateFactory.java,11.0,2.0,0.0,1.0,0.0,2.0,32.0,davsclaus@apache.org,1,8.312551953449709E-4,29.0,14.0,14.0,29.0,14445.995515695067,1643177.8717915819,1,0,0.33206694315329655,false
camel-core/src/main/java/org/apache/camel/builder/ProcessorFactory.java,7.0,2.0,0.0,1.0,0.0,2.0,72.0,davsclaus@apache.org,1,8.312551953449709E-4,43.0,14.0,29.0,29.0,14445.995515695067,1643177.8717915819,1,0,0.33206694315329655,false
camel-core/src/main/java/org/apache/camel/builder/RecipientListBuilder.java,15.0,4.0,0.0,2.0,1.0,3.0,30.0,jstrachan@apache.org,2,0.0016625103906899418,89.0,44.0,22.0,44.0,18017.331423030973,1701539.205124915,2,0,0.11441749137347074,false
camel-core/src/main/java/org/apache/camel/builder/RouteBuilder.java,95.0,9.0,79.0,14.0,16.0,34.0,21.0,null,2,0.0016625103906899418,31.0,17.0,12.0,11.0,18017.331423030973,1701539.205124915,2,0,0.10878234228957873,false
camel-core/src/main/java/org/apache/camel/builder/SplitterBuilder.java,16.0,4.0,0.0,2.0,1.0,4.0,48.0,jstrachan@apache.org,1,8.312551953449709E-4,62.0,50.0,25.0,25.0,14445.995515695067,1643177.8717915819,1,0,0.33206694315329655,false
camel-core/src/main/java/org/apache/camel/builder/ToBuilder.java,13.0,4.0,0.0,2.0,0.0,3.0,68.0,jstrachan@apache.org,1,8.312551953449709E-4,75.0,0.0,25.0,75.0,14445.995515695067,1643177.8717915819,1,0,0.33206694315329655,false
camel-core/src/main/java/org/apache/camel/builder/UndefinedDestinationException.java,9.0,1.0,0.0,1.0,0.0,2.0,55.0,chirino@apache.org,2,0.0016625103906899418,50.0,0.0,0.0,50.0,18017.331423030973,1701539.205124915,2,0,0.2754026004997949,false
camel-core/src/main/java/org/apache/camel/builder/ValueBuilder.java,75.0,3.0,0.0,17.0,20.0,33.0,7.0,davsclaus@apache.org,2,0.0016625103906899418,33.0,26.0,5.0,10.0,18017.331423030973,1701539.205124915,2,0,0.10380286426672858,false
camel-core/src/main/java/org/apache/camel/builder/WhenBuilder.java,18.0,3.0,0.0,3.0,0.0,5.0,29.0,jstrachan@apache.org,2,0.0016625103906899418,62.0,25.0,38.0,25.0,18017.331423030973,1701539.205124915,2,0,0.16824154646919498,false
camel-core/src/main/java/org/apache/camel/builder/xpath/DefaultNamespaceContext.java,61.0,7.0,0.0,7.0,23.0,18.0,22.0,jstrachan@apache.org,1,8.312551953449709E-4,100.0,67.0,0.0,67.0,14445.995515695067,1643177.8717915819,1,0,0.33206694315329655,false
camel-core/src/main/java/org/apache/camel/builder/xpath/InvalidXPathExpression.java,14.0,2.0,0.0,2.0,0.0,3.0,21.0,jstrachan@apache.org,1,8.312551953449709E-4,100.0,67.0,0.0,67.0,14445.995515695067,1643177.8717915819,1,0,0.33206694315329655,false
camel-core/src/main/java/org/apache/camel/builder/xpath/MessageVariableResolver.java,61.0,8.0,0.0,4.0,12.0,9.0,16.0,jstrachan@apache.org,1,8.312551953449709E-4,100.0,40.0,20.0,60.0,14445.995515695067,1643177.8717915819,1,0,0.33206694315329655,false
camel-core/src/main/java/org/apache/camel/builder/xpath/XPathBuilder.java,214.0,17.0,272.0,28.0,25.0,65.0,19.0,jstrachan@apache.org,1,8.312551953449709E-4,100.0,71.0,29.0,43.0,14445.995515695067,1643177.8717915819,1,0,0.33206694315329655,false
camel-core/src/main/java/org/apache/camel/component/pojo/PojoComponent.java,30.0,4.0,9.0,7.0,7.0,11.0,28.0,jstrachan@apache.org,3,0.0024937655860349127,71.0,21.0,14.0,50.0,18549.23839977516,1703348.94425535,3,0,0.047819848993384095,false
camel-core/src/main/java/org/apache/camel/component/pojo/PojoConsumer.java,63.0,7.0,22.0,8.0,23.0,21.0,32.0,chirino@apache.org,2,0.0016625103906899418,100.0,25.0,25.0,50.0,18017.331423030973,1701539.205124915,2,0,0.2754026004997949,false
camel-core/src/main/java/org/apache/camel/component/pojo/PojoEndpoint.java,56.0,7.0,18.0,8.0,15.0,18.0,38.0,jstrachan@apache.org,2,0.0016625103906899418,79.0,26.0,32.0,47.0,18017.331423030973,1701539.205124915,2,0,0.09160928528529888,false
camel-core/src/main/java/org/apache/camel/component/pojo/PojoExchange.java,17.0,3.0,6.0,4.0,5.0,6.0,36.0,jstrachan@apache.org,1,8.312551953449709E-4,67.0,0.0,0.0,67.0,14445.995515695067,1643177.8717915819,1,0,0.33206694315329655,false
camel-core/src/main/java/org/apache/camel/component/pojo/PojoInvocation.java,19.0,1.0,0.0,4.0,0.0,7.0,37.0,jstrachan@apache.org,1,8.312551953449709E-4,50.0,25.0,0.0,25.0,14445.995515695067,1643177.8717915819,1,0,0.33206694315329655,false
camel-core/src/main/java/org/apache/camel/component/pojo/timer/TimerComponent.java,16.0,5.0,1.0,3.0,2.0,7.0,29.0,chirino@apache.org,2,0.0016625103906899418,80.0,40.0,20.0,60.0,18017.331423030973,1701539.205124915,2,0,0.2754026004997949,false
camel-core/src/main/java/org/apache/camel/component/pojo/timer/TimerConsumer.java,80.0,10.0,9.0,7.0,29.0,17.0,57.0,chirino@apache.org,2,0.0016625103906899418,83.0,0.0,17.0,67.0,18017.331423030973,1701539.205124915,2,0,0.16824154646919498,false
camel-core/src/main/java/org/apache/camel/component/pojo/timer/TimerEndpoint.java,67.0,12.0,106.0,16.0,6.0,28.0,55.0,chirino@apache.org,2,0.0016625103906899418,86.0,29.0,29.0,57.0,18017.331423030973,1701539.205124915,2,0,0.1198746667961128,false
camel-core/src/main/java/org/apache/camel/component/queue/QueueComponent.java,13.0,9.0,1.0,2.0,0.0,5.0,26.0,jstrachan@apache.org,2,0.0016625103906899418,70.0,20.0,10.0,60.0,18017.331423030973,1701539.205124915,2,0,0.10380286426672858,false
camel-core/src/main/java/org/apache/camel/component/queue/QueueEndpoint.java,29.0,8.0,3.0,6.0,6.0,12.0,41.0,jstrachan@apache.org,2,0.0016625103906899418,77.0,23.0,23.0,54.0,18017.331423030973,1701539.205124915,2,0,0.1342805373431371,false
camel-core/src/main/java/org/apache/camel/component/queue/QueueEndpointConsumer.java,42.0,5.0,0.0,5.0,10.0,12.0,52.0,jstrachan@apache.org,1,8.312551953449709E-4,71.0,29.0,57.0,29.0,14445.995515695067,1643177.8717915819,1,0,0.33206694315329655,false
camel-core/src/main/java/org/apache/camel/converter/CollectionConverter.java,34.0,7.0,10.0,5.0,4.0,12.0,4.0,davsclaus@apache.org,1,8.312551953449709E-4,6.0,6.0,0.0,0.0,14445.995515695067,1643177.8717915819,1,0,0.33206694315329655,false
camel-core/src/main/java/org/apache/camel/converter/HasAnnotation.java,0.0,0.0,0.0,0.0,0.0,0.0,18.0,jstrachan@apache.org,1,8.312551953449709E-4,29.0,29.0,14.0,0.0,14445.995515695067,1643177.8717915819,1,0,0.33206694315329655,false
camel-core/src/main/java/org/apache/camel/converter/IOConverter.java,78.0,5.0,91.0,14.0,11.0,43.0,11.0,davsclaus@apache.org,1,8.312551953449709E-4,6.0,3.0,3.0,0.0,14445.995515695067,1643177.8717915819,1,0,0.33206694315329655,true
camel-core/src/main/java/org/apache/camel/converter/NIOConverter.java,12.0,3.0,1.0,2.0,2.0,4.0,11.0,davsclaus@apache.org,2,0.0016625103906899418,12.0,8.0,4.0,0.0,14977.902492439254,1644987.6109220167,2,0,0.46824920136848736,false
camel-core/src/main/java/org/apache/camel/converter/ObjectConverter.java,36.0,5.0,1.0,2.0,7.0,7.0,10.0,null,1,8.312551953449709E-4,14.0,9.0,5.0,0.0,14445.995515695067,1643177.8717915819,1,0,0.33206694315329655,false
camel-core/src/main/java/org/apache/camel/converter/jaxp/BytesSource.java,26.0,6.0,0.0,6.0,2.0,10.0,30.0,davsclaus@apache.org,1,8.312551953449709E-4,10.0,10.0,10.0,0.0,14445.995515695067,1643177.8717915819,1,0,0.33206694315329655,false
camel-core/src/main/java/org/apache/camel/converter/jaxp/StringSource.java,40.0,8.0,0.0,7.0,3.0,15.0,30.0,davsclaus@apache.org,1,8.312551953449709E-4,7.0,7.0,7.0,0.0,14445.995515695067,1643177.8717915819,1,0,0.33206694315329655,false
camel-core/src/main/java/org/apache/camel/converter/jaxp/XmlConverter.java,377.0,32.0,695.0,38.0,80.0,143.0,2.0,davsclaus@apache.org,1,8.312551953449709E-4,2.0,0.0,2.0,2.0,14445.995515695067,1643177.8717915819,1,0,0.33206694315329655,true
camel-core/src/main/java/org/apache/camel/impl/CachingInjector.java,22.0,1.0,0.0,3.0,3.0,6.0,32.0,davsclaus@apache.org,1,8.312551953449709E-4,50.0,0.0,0.0,25.0,14445.995515695067,1643177.8717915819,1,0,0.33206694315329655,false
camel-core/src/main/java/org/apache/camel/impl/DefaultCamelContext.java,247.0,28.0,303.0,27.0,38.0,65.0,20.0,davsclaus@apache.org,2,0.0016625103906899418,7.0,4.0,3.0,2.0,18017.331423030973,1701539.205124915,2,0,0.08691764032657678,true
camel-core/src/main/java/org/apache/camel/impl/DefaultComponent.java,76.0,12.0,52.0,12.0,13.0,26.0,24.0,davsclaus@apache.org,2,0.0016625103906899418,12.0,6.0,4.0,8.0,18017.331423030973,1701539.205124915,2,0,0.09328678188962403,true
camel-core/src/main/java/org/apache/camel/impl/DefaultComponentResolver.java,33.0,7.0,0.0,1.0,6.0,7.0,26.0,null,2,0.0016625103906899418,16.0,8.0,4.0,8.0,18017.331423030973,1701539.205124915,2,0,0.2754026004997949,false
camel-core/src/main/java/org/apache/camel/impl/DefaultConsumer.java,23.0,5.0,0.0,5.0,2.0,9.0,50.0,davsclaus@apache.org,1,8.312551953449709E-4,13.0,11.0,11.0,3.0,14445.995515695067,1643177.8717915819,1,0,0.33206694315329655,false
camel-core/src/main/java/org/apache/camel/impl/DefaultEndpoint.java,62.0,9.0,31.0,11.0,13.0,24.0,30.0,null,2,0.0016625103906899418,22.0,12.0,8.0,8.0,18017.331423030973,1701539.205124915,2,0,0.0862576547776861,true
camel-core/src/main/java/org/apache/camel/impl/DefaultExchange.java,121.0,5.0,250.0,24.0,28.0,43.0,24.0,davsclaus@apache.org,3,0.0024937655860349127,15.0,9.0,4.0,5.0,18549.23839977516,1703348.94425535,3,0,0.015157412036667428,true
camel-core/src/main/java/org/apache/camel/impl/DefaultExchangeConverter.java,8.0,2.0,0.0,1.0,0.0,2.0,64.0,davsclaus@apache.org,1,8.312551953449709E-4,50.0,0.0,0.0,50.0,14445.995515695067,1643177.8717915819,1,0,0.33206694315329655,false
camel-core/src/main/java/org/apache/camel/impl/DefaultMessage.java,53.0,3.0,24.0,9.0,11.0,18.0,16.0,davsclaus@apache.org,1,8.312551953449709E-4,19.0,14.0,0.0,5.0,14445.995515695067,1643177.8717915819,1,0,0.33206694315329655,true
camel-core/src/main/java/org/apache/camel/impl/DefaultProducer.java,23.0,3.0,3.0,6.0,2.0,11.0,66.0,davsclaus@apache.org,1,8.312551953449709E-4,4.0,4.0,4.0,0.0,14445.995515695067,1643177.8717915819,1,0,0.33206694315329655,false
camel-core/src/main/java/org/apache/camel/impl/MessageSupport.java,58.0,2.0,28.0,9.0,16.0,20.0,16.0,davsclaus@apache.org,2,0.0016625103906899418,11.0,5.0,0.0,8.0,14977.902492439254,1644987.6109220167,2,0,0.34925411841699094,true
camel-core/src/main/java/org/apache/camel/impl/PollingConsumer.java,74.0,8.0,66.0,13.0,10.0,26.0,29.0,jstrachan@apache.org,2,0.0016625103906899418,100.0,29.0,43.0,71.0,18017.331423030973,1701539.205124915,2,0,0.10380286426672858,false
camel-core/src/main/java/org/apache/camel/impl/ReflectionInjector.java,17.0,2.0,0.0,1.0,2.0,4.0,48.0,jstrachan@apache.org,1,8.312551953449709E-4,20.0,0.0,0.0,20.0,14445.995515695067,1643177.8717915819,1,0,0.33206694315329655,false
camel-core/src/main/java/org/apache/camel/impl/ServiceSupport.java,47.0,4.0,11.0,7.0,8.0,19.0,51.0,davsclaus@apache.org,2,0.0016625103906899418,5.0,5.0,5.0,0.0,18017.331423030973,1701539.205124915,2,0,0.2754026004997949,false
camel-core/src/main/java/org/apache/camel/impl/converter/AnnotationTypeConverterLoader.java,118.0,16.0,4.0,5.0,43.0,23.0,11.0,davsclaus@apache.org,1,8.312551953449709E-4,9.0,6.0,4.0,0.0,14445.995515695067,1643177.8717915819,1,0,0.33206694315329655,true
camel-core/src/main/java/org/apache/camel/impl/converter/ArrayTypeConverter.java,48.0,6.0,0.0,1.0,12.0,6.0,3.0,davsclaus@apache.org,1,8.312551953449709E-4,8.0,0.0,0.0,8.0,14445.995515695067,1643177.8717915819,1,0,0.33206694315329655,false
camel-core/src/main/java/org/apache/camel/impl/converter/DefaultTypeConverter.java,177.0,12.0,23.0,10.0,29.0,27.0,15.0,davsclaus@apache.org,2,0.0016625103906899418,14.0,10.0,5.0,3.0,18017.331423030973,1701539.205124915,2,0,0.14315499815068455,true
camel-core/src/main/java/org/apache/camel/impl/converter/InstanceMethodTypeConverter.java,22.0,6.0,0.0,3.0,3.0,7.0,14.0,davsclaus@apache.org,1,8.312551953449709E-4,17.0,11.0,11.0,6.0,14445.995515695067,1643177.8717915819,1,0,0.33206694315329655,false
camel-core/src/main/java/org/apache/camel/impl/converter/PropertyEditorTypeConverter.java,27.0,3.0,0.0,1.0,8.0,4.0,16.0,davsclaus@apache.org,1,8.312551953449709E-4,8.0,4.0,0.0,0.0,3571.3359073359075,58361.33333333333,1,0,1.6050326189661839,false
camel-core/src/main/java/org/apache/camel/impl/converter/StaticMethodTypeConverter.java,16.0,7.0,0.0,3.0,1.0,5.0,18.0,davsclaus@apache.org,1,8.312551953449709E-4,17.0,17.0,17.0,8.0,14445.995515695067,1643177.8717915819,1,0,0.33206694315329655,false
camel-core/src/main/java/org/apache/camel/impl/converter/ToStringTypeConverter.java,14.0,1.0,0.0,1.0,2.0,3.0,16.0,davsclaus@apache.org,1,8.312551953449709E-4,11.0,6.0,0.0,0.0,3571.3359073359075,58361.33333333333,1,0,1.6050326189661839,false
camel-core/src/main/java/org/apache/camel/impl/converter/TypeConverterLoader.java,11.0,0.0,0.0,1.0,0.0,3.0,30.0,davsclaus@apache.org,1,8.312551953449709E-4,20.0,20.0,20.0,0.0,14445.995515695067,1643177.8717915819,1,0,0.33206694315329655,false
camel-core/src/main/java/org/apache/camel/impl/converter/TypeConverterRegistry.java,13.0,2.0,1.0,2.0,0.0,2.0,31.0,davsclaus@apache.org,1,8.312551953449709E-4,43.0,29.0,29.0,14.0,14445.995515695067,1643177.8717915819,1,0,0.33206694315329655,false
camel-core/src/main/java/org/apache/camel/processor/ChoiceProcessor.java,60.0,6.0,0.0,7.0,10.0,19.0,49.0,davsclaus@apache.org,2,0.0016625103906899418,18.0,6.0,9.0,12.0,18017.331423030973,1701539.205124915,2,0,0.09366668025580643,true
camel-core/src/main/java/org/apache/camel/processor/CompositeProcessor.java,39.0,4.0,0.0,6.0,5.0,14.0,50.0,jstrachan@apache.org,2,0.0016625103906899418,56.0,22.0,33.0,33.0,18017.331423030973,1701539.205124915,2,0,0.0862576547776861,false
camel-core/src/main/java/org/apache/camel/processor/DeadLetterChannel.java,101.0,6.0,19.0,14.0,14.0,31.0,36.0,davsclaus@apache.org,2,0.0016625103906899418,12.0,8.0,5.0,3.0,18017.331423030973,1701539.205124915,2,0,0.14315499815068455,true
camel-core/src/main/java/org/apache/camel/processor/ErrorHandler.java,6.0,2.0,0.0,0.0,0.0,0.0,79.0,jstrachan@apache.org,1,8.312551953449709E-4,40.0,20.0,40.0,20.0,14445.995515695067,1643177.8717915819,1,0,0.33206694315329655,false
camel-core/src/main/java/org/apache/camel/processor/FilterProcessor.java,31.0,4.0,0.0,7.0,4.0,14.0,54.0,davsclaus@apache.org,2,0.0016625103906899418,30.0,15.0,15.0,19.0,18017.331423030973,1701539.205124915,2,0,0.11441749137347074,false
camel-core/src/main/java/org/apache/camel/processor/InterceptorProcessor.java,28.0,3.0,0.0,7.0,3.0,12.0,39.0,jstrachan@apache.org,1,8.312551953449709E-4,100.0,25.0,50.0,75.0,14445.995515695067,1643177.8717915819,1,0,0.33206694315329655,false
camel-core/src/main/java/org/apache/camel/processor/Logger.java,66.0,4.0,0.0,8.0,13.0,14.0,44.0,davsclaus@apache.org,1,8.312551953449709E-4,20.0,8.0,8.0,8.0,14445.995515695067,1643177.8717915819,1,0,0.33206694315329655,false
camel-core/src/main/java/org/apache/camel/processor/LoggingErrorHandler.java,91.0,6.0,14.0,13.0,17.0,25.0,63.0,davsclaus@apache.org,2,0.0016625103906899418,20.0,12.0,16.0,8.0,18017.331423030973,1701539.205124915,2,0,0.0862576547776861,true
camel-core/src/main/java/org/apache/camel/processor/LoggingLevel.java,0.0,0.0,0.0,0.0,0.0,0.0,44.0,davsclaus@apache.org,1,8.312551953449709E-4,33.0,33.0,33.0,0.0,14445.995515695067,1643177.8717915819,1,0,0.33206694315329655,false
camel-core/src/main/java/org/apache/camel/processor/MulticastProcessor.java,63.0,7.0,6.0,9.0,11.0,25.0,62.0,davsclaus@apache.org,2,0.0016625103906899418,3.0,2.0,3.0,1.0,18017.331423030973,1701539.205124915,2,0,0.0862576547776861,true
camel-core/src/main/java/org/apache/camel/processor/Pipeline.java,47.0,5.0,10.0,5.0,10.0,15.0,60.0,davsclaus@apache.org,2,0.0016625103906899418,9.0,5.0,6.0,5.0,18017.331423030973,1701539.205124915,2,0,0.09366668025580643,false
camel-core/src/main/java/org/apache/camel/processor/RecipientList.java,32.0,10.0,7.0,6.0,10.0,11.0,42.0,davsclaus@apache.org,2,0.0016625103906899418,17.0,8.0,8.0,9.0,18017.331423030973,1701539.205124915,2,0,0.08937593478871148,true
camel-core/src/main/java/org/apache/camel/processor/RedeliveryPolicy.java,163.0,2.0,231.0,26.0,15.0,56.0,26.0,davsclaus@apache.org,1,8.312551953449709E-4,10.0,8.0,5.0,3.0,14445.995515695067,1643177.8717915819,1,0,0.33206694315329655,false
camel-core/src/main/java/org/apache/camel/processor/SendProcessor.java,35.0,6.0,0.0,6.0,3.0,13.0,55.0,davsclaus@apache.org,2,0.0016625103906899418,10.0,3.0,5.0,7.0,18017.331423030973,1701539.205124915,2,0,0.09366668025580643,true
camel-core/src/main/java/org/apache/camel/processor/Splitter.java,33.0,8.0,0.0,5.0,11.0,9.0,50.0,davsclaus@apache.org,2,0.0016625103906899418,12.0,6.0,6.0,6.0,18017.331423030973,1701539.205124915,2,0,0.11441749137347074,true
camel-core/src/main/java/org/apache/camel/processor/idempotent/IdempotentConsumer.java,49.0,6.0,0.0,7.0,6.0,16.0,48.0,davsclaus@apache.org,2,0.0016625103906899418,11.0,9.0,6.0,6.0,18017.331423030973,1701539.205124915,2,0,0.08797321748771014,false
camel-core/src/main/java/org/apache/camel/processor/idempotent/MemoryMessageIdRepository.java,33.0,2.0,0.0,4.0,3.0,9.0,8.0,jstrachan@apache.org,1,8.312551953449709E-4,25.0,25.0,12.0,12.0,14445.995515695067,1643177.8717915819,1,0,0.33206694315329655,false
camel-core/src/main/java/org/apache/camel/processor/idempotent/MessageIdRepository.java,12.0,0.0,0.0,1.0,0.0,4.0,13.0,ningjiang@apache.org,1,8.312551953449709E-4,25.0,25.0,0.0,25.0,14445.995515695067,1643177.8717915819,1,0,0.33206694315329655,false
camel-core/src/main/java/org/apache/camel/processor/idempotent/NoMessageIdException.java,25.0,3.0,0.0,3.0,0.0,5.0,13.0,jstrachan@apache.org,1,8.312551953449709E-4,14.0,14.0,0.0,14.0,14445.995515695067,1643177.8717915819,1,0,0.33206694315329655,false
camel-core/src/main/java/org/apache/camel/spi/ComponentResolver.java,13.0,4.0,0.0,1.0,0.0,5.0,22.0,davsclaus@apache.org,2,0.0016625103906899418,33.0,22.0,11.0,22.0,18017.331423030973,1701539.205124915,2,0,0.1198746667961128,false
camel-core/src/main/java/org/apache/camel/spi/ExchangeConverter.java,7.0,1.0,0.0,1.0,0.0,1.0,65.0,davsclaus@apache.org,1,8.312551953449709E-4,20.0,0.0,0.0,20.0,14445.995515695067,1643177.8717915819,1,0,0.33206694315329655,false
camel-core/src/main/java/org/apache/camel/spi/Injector.java,12.0,0.0,0.0,1.0,0.0,2.0,48.0,davsclaus@apache.org,1,8.312551953449709E-4,14.0,0.0,0.0,14.0,14445.995515695067,1643177.8717915819,1,0,0.33206694315329655,false
camel-core/src/main/java/org/apache/camel/util/CamelClient.java,66.0,7.0,19.0,10.0,10.0,23.0,29.0,chirino@apache.org,2,0.0016625103906899418,100.0,50.0,50.0,25.0,18017.331423030973,1701539.205124915,2,0,0.08797321748771014,false
camel-core/src/main/java/org/apache/camel/util/ExchangeHelper.java,27.0,3.0,0.0,1.0,3.0,6.0,29.0,davsclaus@apache.org,2,0.0016625103906899418,3.0,2.0,2.0,0.0,18017.331423030973,1701539.205124915,2,0,0.1198746667961128,true
camel-core/src/main/java/org/apache/camel/util/ExpressionHelper.java,26.0,2.0,1.0,2.0,5.0,5.0,13.0,null,1,8.312551953449709E-4,12.0,12.0,0.0,12.0,14445.995515695067,1643177.8717915819,1,0,0.33206694315329655,false
camel-core/src/main/java/org/apache/camel/util/FactoryFinder.java,71.0,5.0,19.0,7.0,20.0,24.0,20.0,davsclaus@apache.org,2,0.0016625103906899418,32.0,11.0,11.0,5.0,18017.331423030973,1701539.205124915,2,0,0.09366668025580643,false
camel-core/src/main/java/org/apache/camel/util/IntrospectionSupport.java,192.0,14.0,91.0,14.0,94.0,59.0,31.0,davsclaus@apache.org,2,0.0016625103906899418,3.0,0.0,0.0,1.0,18017.331423030973,1701539.205124915,2,0,0.2754026004997949,true
camel-core/src/main/java/org/apache/camel/util/NoFactoryAvailableException.java,14.0,1.0,0.0,2.0,0.0,4.0,7.0,davsclaus@apache.org,1,8.312551953449709E-4,33.0,33.0,0.0,0.0,14445.995515695067,1643177.8717915819,1,0,0.33206694315329655,false
camel-core/src/main/java/org/apache/camel/util/ObjectHelper.java,194.0,11.0,89.0,14.0,34.0,56.0,21.0,davsclaus@apache.org,2,0.0016625103906899418,11.0,6.0,4.0,3.0,18017.331423030973,1701539.205124915,2,0,0.12956757249745288,true
camel-core/src/main/java/org/apache/camel/util/ProducerCache.java,46.0,8.0,8.0,5.0,11.0,13.0,55.0,jstrachan@apache.org,2,0.0016625103906899418,50.0,33.0,33.0,17.0,18017.331423030973,1701539.205124915,2,0,0.09366668025580643,false
camel-core/src/main/java/org/apache/camel/util/ResolverUtil.java,212.0,13.0,26.0,9.0,47.0,36.0,7.0,davsclaus@apache.org,1,8.312551953449709E-4,6.0,3.0,0.0,0.0,14445.995515695067,1643177.8717915819,1,0,0.33206694315329655,false
camel-core/src/main/java/org/apache/camel/util/ServiceHelper.java,75.0,4.0,4.0,4.0,6.0,18.0,66.0,davsclaus@apache.org,1,8.312551953449709E-4,3.0,3.0,3.0,0.0,14445.995515695067,1643177.8717915819,1,0,0.33206694315329655,true
camel-core/src/main/java/org/apache/camel/util/URISupport.java,251.0,10.0,91.0,14.0,65.0,58.0,10.0,davsclaus@apache.org,2,0.0016625103906899418,8.0,2.0,4.0,2.0,18017.331423030973,1701539.205124915,2,0,0.2754026004997949,true
camel-core/src/main/java/org/apache/camel/view/RouteDotGenerator.java,41.0,10.0,4.0,5.0,9.0,8.0,10.0,jstrachan@apache.org,2,0.0016625103906899418,6.0,6.0,0.0,3.0,14977.902492439254,1644987.6109220167,2,0,0.7979644023583566,false
camel-core/src/test/java/org/apache/camel/BodyAndHeaderConvertTest.java,28.0,5.0,0.0,4.0,15.0,8.0,6.0,davsclaus@apache.org,1,8.312551953449709E-4,12.0,12.0,0.0,0.0,14445.995515695067,1643177.8717915819,1,0,0.33206694315329655,false
camel-core/src/test/java/org/apache/camel/InjectorDefaultsToReflectionTest.java,11.0,6.0,0.0,1.0,3.0,2.0,32.0,davsclaus@apache.org,1,8.312551953449709E-4,29.0,14.0,0.0,14.0,14445.995515695067,1643177.8717915819,1,0,0.33206694315329655,false
camel-core/src/test/java/org/apache/camel/TestSupport.java,50.0,3.0,19.0,7.0,20.0,14.0,13.0,null,2,0.0016625103906899418,15.0,10.0,7.0,4.0,18017.331423030973,1701539.205124915,2,0,0.14315499815068455,false
camel-core/src/test/java/org/apache/camel/builder/ErrorHandlerTest.java,24.0,9.0,1.0,2.0,24.0,4.0,35.0,davsclaus@apache.org,2,0.0016625103906899418,28.0,16.0,19.0,12.0,18017.331423030973,1701539.205124915,2,0,0.08524200538739479,false
camel-core/src/test/java/org/apache/camel/builder/ExpressionBuilderTest.java,27.0,10.0,0.0,3.0,13.0,6.0,5.0,davsclaus@apache.org,1,8.312551953449709E-4,8.0,8.0,0.0,0.0,14445.995515695067,1643177.8717915819,1,0,0.33206694315329655,false
camel-core/src/test/java/org/apache/camel/builder/MyInterceptorProcessor.java,7.0,2.0,0.0,1.0,2.0,1.0,38.0,jstrachan@apache.org,2,0.0016625103906899418,67.0,25.0,42.0,33.0,18017.331423030973,1701539.205124915,2,0,0.08797321748771014,false
camel-core/src/test/java/org/apache/camel/builder/MyProcessor.java,8.0,2.0,1.0,2.0,1.0,3.0,220.0,davsclaus@apache.org,2,0.0016625103906899418,57.0,14.0,43.0,29.0,18017.331423030973,1701539.205124915,2,0,0.08797321748771014,false
camel-core/src/test/java/org/apache/camel/builder/PredicateBuilderTest.java,20.0,9.0,0.0,2.0,6.0,4.0,5.0,davsclaus@apache.org,1,8.312551953449709E-4,17.0,17.0,0.0,8.0,14445.995515695067,1643177.8717915819,1,0,0.33206694315329655,false
camel-core/src/test/java/org/apache/camel/builder/RouteBuilderTest.java,292.0,18.0,671.0,38.0,226.0,73.0,22.0,davsclaus@apache.org,2,0.0016625103906899418,26.0,15.0,18.0,11.0,18017.331423030973,1701539.205124915,2,0,0.08797321748771014,true
camel-core/src/test/java/org/apache/camel/builder/xpath/XPathTest.java,58.0,10.0,36.0,9.0,26.0,22.0,14.0,jstrachan@apache.org,1,8.312551953449709E-4,100.0,50.0,17.0,67.0,14445.995515695067,1643177.8717915819,1,0,0.33206694315329655,false
camel-core/src/test/java/org/apache/camel/component/pojo/ISay.java,3.0,0.0,0.0,1.0,0.0,1.0,328.0,chirino@apache.org,1,8.312551953449709E-4,50.0,0.0,0.0,50.0,14445.995515695067,1643177.8717915819,1,0,0.33206694315329655,false
camel-core/src/test/java/org/apache/camel/component/pojo/PojoRouteTest.java,32.0,6.0,3.0,3.0,20.0,4.0,26.0,jstrachan@apache.org,2,0.0016625103906899418,65.0,9.0,17.0,48.0,18017.331423030973,1701539.205124915,2,0,0.09160928528529888,false
camel-core/src/test/java/org/apache/camel/component/pojo/SayService.java,17.0,0.0,0.0,5.0,0.0,7.0,328.0,chirino@apache.org,1,8.312551953449709E-4,50.0,0.0,0.0,50.0,14445.995515695067,1643177.8717915819,1,0,0.33206694315329655,false
camel-core/src/test/java/org/apache/camel/component/pojo/timer/TimerRouteTest.java,28.0,6.0,3.0,3.0,16.0,4.0,19.0,chirino@apache.org,2,0.0016625103906899418,71.0,14.0,29.0,43.0,18017.331423030973,1701539.205124915,2,0,0.16824154646919498,false
camel-core/src/test/java/org/apache/camel/component/queue/QueueRouteTest.java,31.0,10.0,3.0,3.0,24.0,4.0,34.0,jstrachan@apache.org,3,0.0024937655860349127,87.0,27.0,27.0,53.0,18549.23839977516,1703348.94425535,3,0,0.013874844845527257,false
camel-core/src/test/java/org/apache/camel/converter/ConverterTest.java,73.0,12.0,0.0,7.0,22.0,14.0,10.0,null,2,0.0016625103906899418,17.0,11.0,9.0,0.0,18017.331423030973,1701539.205124915,2,0,0.09366668025580643,true
camel-core/src/test/java/org/apache/camel/converter/JaxpTest.java,19.0,7.0,0.0,2.0,8.0,4.0,13.0,davsclaus@apache.org,2,0.0016625103906899418,12.0,12.0,8.0,0.0,18017.331423030973,1701539.205124915,2,0,0.1198746667961128,false
camel-core/src/test/java/org/apache/camel/processor/ChoiceTest.java,93.0,16.0,69.0,14.0,62.0,28.0,30.0,jstrachan@apache.org,2,0.0016625103906899418,45.0,20.0,20.0,20.0,18017.331423030973,1701539.205124915,2,0,0.12467547795614092,false
camel-core/src/test/java/org/apache/camel/processor/IdempotentConsumerTest.java,63.0,17.0,16.0,8.0,40.0,13.0,25.0,jstrachan@apache.org,2,0.0016625103906899418,43.0,17.0,26.0,17.0,18017.331423030973,1701539.205124915,2,0,0.1342805373431371,false
camel-core/src/test/java/org/apache/camel/processor/JoinRoutesTest.java,63.0,16.0,16.0,8.0,45.0,15.0,37.0,jstrachan@apache.org,2,0.0016625103906899418,54.0,15.0,23.0,31.0,18017.331423030973,1701539.205124915,2,0,0.10380286426672858,false
camel-core/src/test/java/org/apache/camel/util/ObjectHelperTest.java,10.0,1.0,0.0,1.0,2.0,2.0,29.0,davsclaus@apache.org,1,8.312551953449709E-4,3.0,0.0,0.0,0.0,14445.995515695067,1643177.8717915819,1,0,0.33206694315329655,true
camel-cxf/src/main/java/org/apache/camel/component/cxf/CxfBinding.java,42.0,4.0,10.0,5.0,13.0,13.0,185.0,jstrachan@apache.org,1,8.312551953449709E-4,100.0,57.0,29.0,29.0,14445.995515695067,1643177.8717915819,1,0,0.33206694315329655,false
camel-cxf/src/main/java/org/apache/camel/component/cxf/CxfComponent.java,36.0,12.0,13.0,6.0,6.0,13.0,172.0,jstrachan@apache.org,2,0.0016625103906899418,100.0,62.0,38.0,12.0,18017.331423030973,1701539.205124915,2,0,0.11441749137347074,false
camel-cxf/src/main/java/org/apache/camel/component/cxf/CxfConstants.java,9.0,0.0,0.0,0.0,0.0,0.0,471.0,jstrachan@apache.org,1,8.312551953449709E-4,100.0,50.0,50.0,100.0,14445.995515695067,1643177.8717915819,1,0,0.33206694315329655,false
camel-cxf/src/main/java/org/apache/camel/component/cxf/CxfConsumer.java,34.0,6.0,2.0,5.0,9.0,8.0,234.0,jstrachan@apache.org,2,0.0016625103906899418,100.0,33.0,50.0,50.0,18017.331423030973,1701539.205124915,2,0,0.09366668025580643,false
camel-cxf/src/main/java/org/apache/camel/component/cxf/CxfEndpoint.java,51.0,8.0,54.0,12.0,9.0,25.0,147.0,jstrachan@apache.org,2,0.0016625103906899418,100.0,64.0,36.0,27.0,18017.331423030973,1701539.205124915,2,0,0.14315499815068455,false
camel-cxf/src/main/java/org/apache/camel/component/cxf/CxfExchange.java,76.0,6.0,104.0,16.0,24.0,31.0,180.0,jstrachan@apache.org,1,8.312551953449709E-4,100.0,67.0,17.0,17.0,14445.995515695067,1643177.8717915819,1,0,0.33206694315329655,false
camel-cxf/src/main/java/org/apache/camel/component/cxf/CxfInvokeComponent.java,47.0,8.0,9.0,6.0,9.0,15.0,471.0,jstrachan@apache.org,1,8.312551953449709E-4,100.0,50.0,50.0,100.0,14445.995515695067,1643177.8717915819,1,0,0.33206694315329655,false
camel-cxf/src/main/java/org/apache/camel/component/cxf/CxfInvokeConsumer.java,34.0,5.0,0.0,4.0,14.0,9.0,317.0,chirino@apache.org,2,0.0016625103906899418,100.0,50.0,75.0,75.0,18017.331423030973,1701539.205124915,2,0,0.08797321748771014,false
camel-cxf/src/main/java/org/apache/camel/component/cxf/CxfInvokeEndpoint.java,51.0,7.0,54.0,12.0,8.0,24.0,273.0,jstrachan@apache.org,2,0.0016625103906899418,100.0,40.0,60.0,60.0,18017.331423030973,1701539.205124915,2,0,0.0862576547776861,false
camel-cxf/src/main/java/org/apache/camel/component/cxf/CxfInvokeProducer.java,40.0,5.0,0.0,4.0,18.0,11.0,311.0,jstrachan@apache.org,1,8.312551953449709E-4,100.0,50.0,75.0,75.0,14445.995515695067,1643177.8717915819,1,0,0.33206694315329655,false
camel-cxf/src/main/java/org/apache/camel/component/cxf/CxfMessage.java,49.0,4.0,0.0,11.0,6.0,20.0,286.0,jstrachan@apache.org,1,8.312551953449709E-4,100.0,50.0,25.0,25.0,14445.995515695067,1643177.8717915819,1,0,0.33206694315329655,false
camel-cxf/src/main/java/org/apache/camel/component/cxf/CxfProducer.java,73.0,13.0,0.0,4.0,15.0,10.0,179.0,jstrachan@apache.org,1,8.312551953449709E-4,100.0,25.0,25.0,38.0,14445.995515695067,1643177.8717915819,1,0,0.33206694315329655,false
camel-cxf/src/main/java/org/apache/camel/component/cxf/transport/CamelConduit.java,139.0,23.0,9.0,7.0,12.0,14.0,183.0,jstrachan@apache.org,1,8.312551953449709E-4,100.0,25.0,12.0,50.0,14445.995515695067,1643177.8717915819,1,0,0.33206694315329655,false
camel-cxf/src/main/java/org/apache/camel/component/cxf/transport/CamelConstants.java,23.0,0.0,0.0,0.0,0.0,0.0,291.0,jstrachan@apache.org,1,8.312551953449709E-4,100.0,25.0,0.0,50.0,14445.995515695067,1643177.8717915819,1,0,0.33206694315329655,false
camel-cxf/src/main/java/org/apache/camel/component/cxf/transport/CamelDestination.java,137.0,25.0,41.0,11.0,25.0,20.0,190.0,jstrachan@apache.org,2,0.0016625103906899418,100.0,12.0,25.0,50.0,18017.331423030973,1701539.205124915,2,0,0.11441749137347074,false
camel-cxf/src/main/java/org/apache/camel/component/cxf/transport/CamelTransportBase.java,51.0,7.0,19.0,7.0,6.0,12.0,244.0,jstrachan@apache.org,1,8.312551953449709E-4,100.0,20.0,0.0,60.0,14445.995515695067,1643177.8717915819,1,0,0.33206694315329655,false
camel-cxf/src/main/java/org/apache/camel/component/cxf/transport/CamelTransportFactory.java,40.0,14.0,6.0,8.0,3.0,18.0,469.0,jstrachan@apache.org,1,8.312551953449709E-4,100.0,0.0,0.0,50.0,14445.995515695067,1643177.8717915819,1,0,0.33206694315329655,false
camel-cxf/src/test/java/org/apache/camel/component/cxf/CxfInvokeTest.java,41.0,12.0,4.0,5.0,19.0,10.0,265.0,jstrachan@apache.org,1,8.312551953449709E-4,100.0,20.0,40.0,100.0,14445.995515695067,1643177.8717915819,1,0,0.33206694315329655,false
camel-cxf/src/test/java/org/apache/camel/component/cxf/CxfTest.java,41.0,29.0,4.0,5.0,19.0,10.0,184.0,jstrachan@apache.org,1,8.312551953449709E-4,100.0,25.0,38.0,75.0,14445.995515695067,1643177.8717915819,1,0,0.33206694315329655,false
camel-cxf/src/test/java/org/apache/camel/component/cxf/HelloService.java,5.0,0.0,3.0,3.0,0.0,3.0,471.0,jstrachan@apache.org,1,8.312551953449709E-4,100.0,50.0,50.0,100.0,14445.995515695067,1643177.8717915819,1,0,0.33206694315329655,false
camel-cxf/src/test/java/org/apache/camel/component/cxf/HelloServiceImpl.java,10.0,0.0,3.0,3.0,0.0,5.0,471.0,jstrachan@apache.org,1,8.312551953449709E-4,100.0,50.0,50.0,100.0,14445.995515695067,1643177.8717915819,1,0,0.33206694315329655,false
camel-cxf/src/test/java/org/apache/camel/component/cxf/transport/CamelConduitTest.java,47.0,8.0,10.0,5.0,21.0,14.0,356.0,jstrachan@apache.org,1,8.312551953449709E-4,100.0,33.0,0.0,33.0,14445.995515695067,1643177.8717915819,1,0,0.33206694315329655,false
camel-cxf/src/test/java/org/apache/camel/component/cxf/transport/CamelDestinationTest.java,162.0,13.0,79.0,14.0,77.0,41.0,473.0,jstrachan@apache.org,1,8.312551953449709E-4,100.0,50.0,0.0,50.0,14445.995515695067,1643177.8717915819,1,0,0.33206694315329655,false
camel-cxf/src/test/java/org/apache/camel/component/cxf/transport/CamelTestSupport.java,69.0,21.0,1.0,6.0,27.0,17.0,285.0,jstrachan@apache.org,1,8.312551953449709E-4,100.0,25.0,0.0,50.0,14445.995515695067,1643177.8717915819,1,0,0.33206694315329655,false
camel-eclipse/camel.routing.editor/src-gen/org/apache/camel/eclipse/GeneratedPartitionScanner.java,16.0,7.0,3.0,3.0,1.0,6.0,303.0,jstrachan@apache.org,1,8.312551953449709E-4,100.0,50.0,0.0,50.0,14445.995515695067,1643177.8717915819,1,0,0.33206694315329655,false
camel-eclipse/camel.routing.editor/src-gen/org/apache/camel/eclipse/camelUtilities.java,45.0,18.0,55.0,11.0,8.0,25.0,303.0,jstrachan@apache.org,1,8.312551953449709E-4,100.0,50.0,0.0,50.0,14445.995515695067,1643177.8717915819,1,0,0.33206694315329655,false
camel-eclipse/camel.routing.editor/src/org/apache/camel/eclipse/camelEditorPlugin.java,17.0,3.0,0.0,4.0,0.0,7.0,303.0,jstrachan@apache.org,1,8.312551953449709E-4,100.0,50.0,0.0,50.0,14445.995515695067,1643177.8717915819,1,0,0.33206694315329655,false
camel-eclipse/camel.routing.editor/src/org/apache/camel/eclipse/editor/camelEditor.java,5.0,3.0,0.0,1.0,1.0,2.0,303.0,jstrachan@apache.org,1,8.312551953449709E-4,100.0,50.0,0.0,50.0,14445.995515695067,1643177.8717915819,1,0,0.33206694315329655,false
camel-eclipse/camel.routing/src-gen/org/apache/camel/eclipse/parser/ParserComponent.java,9.0,8.0,0.0,1.0,2.0,3.0,303.0,jstrachan@apache.org,1,8.312551953449709E-4,100.0,50.0,0.0,50.0,14445.995515695067,1643177.8717915819,1,0,0.33206694315329655,false
camel-eclipse/camel.routing/src-gen/org/apache/camel/eclipse/parser/camelLexer.java,711.0,4.0,91.0,14.0,78.0,74.0,303.0,jstrachan@apache.org,1,8.312551953449709E-4,100.0,50.0,0.0,50.0,14445.995515695067,1643177.8717915819,1,0,0.33206694315329655,false
camel-eclipse/camel.routing/src-gen/org/apache/camel/eclipse/parser/camelParser.java,265.0,10.0,81.0,15.0,59.0,56.0,303.0,jstrachan@apache.org,1,8.312551953449709E-4,100.0,50.0,0.0,50.0,14445.995515695067,1643177.8717915819,1,0,0.33206694315329655,false
camel-http/src/main/java/org/apache/camel/component/http/CamelServlet.java,24.0,7.0,0.0,4.0,6.0,8.0,218.0,chirino@apache.org,2,0.0016625103906899418,100.0,50.0,50.0,17.0,18017.331423030973,1701539.205124915,2,0,0.2754026004997949,false
camel-http/src/main/java/org/apache/camel/component/http/HttpBinding.java,10.0,0.0,0.0,1.0,0.0,1.0,470.0,jstrachan@apache.org,1,8.312551953449709E-4,100.0,0.0,0.0,50.0,14445.995515695067,1643177.8717915819,1,0,0.33206694315329655,false
camel-http/src/main/java/org/apache/camel/component/http/HttpComponent.java,5.0,1.0,0.0,0.0,0.0,0.0,361.0,chirino@apache.org,2,0.0016625103906899418,100.0,33.0,33.0,67.0,18017.331423030973,1701539.205124915,2,0,0.1198746667961128,false
camel-http/src/main/java/org/apache/camel/component/http/HttpEndpoint.java,37.0,8.0,26.0,8.0,4.0,16.0,180.0,jstrachan@apache.org,2,0.0016625103906899418,100.0,33.0,44.0,44.0,18017.331423030973,1701539.205124915,2,0,0.08524200538739479,false
camel-http/src/main/java/org/apache/camel/component/http/HttpExchange.java,31.0,4.0,2.0,4.0,1.0,8.0,353.0,jstrachan@apache.org,1,8.312551953449709E-4,100.0,0.0,0.0,50.0,14445.995515695067,1643177.8717915819,1,0,0.33206694315329655,false
camel-http/src/main/java/org/apache/camel/component/http/HttpMessage.java,17.0,3.0,6.0,4.0,0.0,6.0,470.0,jstrachan@apache.org,1,8.312551953449709E-4,100.0,0.0,0.0,50.0,14445.995515695067,1643177.8717915819,1,0,0.33206694315329655,false
camel-itest/src/main/java/org/apache/camel/itest/jms/JmsIntegrationTest.java,45.0,16.0,8.0,5.0,23.0,7.0,25.0,chirino@apache.org,2,0.0016625103906899418,100.0,20.0,20.0,40.0,18017.331423030973,1701539.205124915,2,0,0.16824154646919498,false
camel-jaxb/src/main/java/org/apache/camel/converter/jaxb/JaxbConverter.java,33.0,9.0,8.0,5.0,8.0,14.0,468.0,jstrachan@apache.org,1,8.312551953449709E-4,100.0,50.0,0.0,50.0,14445.995515695067,1643177.8717915819,1,0,0.33206694315329655,false
camel-jaxb/src/test/java/org/apache/camel/example/PurchaseOrder.java,26.0,1.0,9.0,6.0,0.0,9.0,468.0,jstrachan@apache.org,1,8.312551953449709E-4,100.0,50.0,0.0,50.0,14445.995515695067,1643177.8717915819,1,0,0.33206694315329655,false
camel-jbi/src/main/java/org/apache/camel/component/jbi/CamelJbiComponent.java,107.0,19.0,62.0,12.0,23.0,34.0,123.0,jstrachan@apache.org,4,0.0033250207813798837,100.0,29.0,29.0,43.0,18586.571733108492,1703356.94425535,4,0,0.18018088716099112,false
camel-jbi/src/main/java/org/apache/camel/component/jbi/CamelJbiEndpoint.java,32.0,10.0,0.0,4.0,7.0,8.0,171.0,jstrachan@apache.org,2,0.0016625103906899418,100.0,22.0,22.0,44.0,14977.902492439254,1644987.6109220167,2,0,0.3174916951023111,false
camel-jbi/src/main/java/org/apache/camel/component/jbi/FromJbiProcessor.java,17.0,5.0,0.0,2.0,1.0,3.0,236.0,jstrachan@apache.org,2,0.0016625103906899418,100.0,33.0,33.0,50.0,18017.331423030973,1701539.205124915,2,0,0.09366668025580643,false
camel-jbi/src/main/java/org/apache/camel/component/jbi/JbiBinding.java,39.0,10.0,10.0,5.0,18.0,14.0,182.0,jstrachan@apache.org,1,8.312551953449709E-4,100.0,14.0,0.0,43.0,14445.995515695067,1643177.8717915819,1,0,0.33206694315329655,false
camel-jbi/src/main/java/org/apache/camel/component/jbi/JbiEndpoint.java,40.0,8.0,10.0,8.0,11.0,16.0,111.0,jstrachan@apache.org,3,0.0024937655860349127,100.0,44.0,44.0,38.0,18054.664756364306,1701547.205124915,3,0,0.20743105600823009,false
camel-jbi/src/main/java/org/apache/camel/component/jbi/JbiException.java,14.0,1.0,3.0,3.0,0.0,3.0,356.0,jstrachan@apache.org,1,8.312551953449709E-4,100.0,33.0,0.0,33.0,14445.995515695067,1643177.8717915819,1,0,0.33206694315329655,false
camel-jbi/src/main/java/org/apache/camel/component/jbi/JbiExchange.java,69.0,5.0,58.0,12.0,10.0,23.0,238.0,jstrachan@apache.org,1,8.312551953449709E-4,100.0,50.0,0.0,25.0,14445.995515695067,1643177.8717915819,1,0,0.33206694315329655,false
camel-jbi/src/main/java/org/apache/camel/component/jbi/JbiMessage.java,62.0,5.0,3.0,10.0,12.0,22.0,286.0,jstrachan@apache.org,1,8.312551953449709E-4,100.0,25.0,0.0,25.0,14445.995515695067,1643177.8717915819,1,0,0.33206694315329655,false
camel-jbi/src/main/java/org/apache/camel/component/jbi/ToJbiProcessor.java,26.0,8.0,0.0,2.0,5.0,4.0,209.0,jstrachan@apache.org,1,8.312551953449709E-4,100.0,29.0,43.0,57.0,14445.995515695067,1643177.8717915819,1,0,0.33206694315329655,false
camel-jbi/src/test/java/org/apache/camel/component/jbi/JbiTestSupport.java,62.0,16.0,15.0,7.0,33.0,11.0,163.0,jstrachan@apache.org,3,0.0024937655860349127,100.0,30.0,40.0,60.0,18054.664756364306,1701547.205124915,3,0,0.3293994512613876,false
camel-jbi/src/test/java/org/apache/camel/component/jbi/SendFromCamelToJbiAndBackToCamelTest.java,34.0,10.0,8.0,5.0,15.0,8.0,251.0,jstrachan@apache.org,2,0.0016625103906899418,100.0,20.0,20.0,60.0,18017.331423030973,1701539.205124915,2,0,0.0862576547776861,false
camel-jbi/src/test/java/org/apache/camel/component/jbi/SendFromCamelToJbiTest.java,34.0,7.0,8.0,5.0,15.0,8.0,289.0,jstrachan@apache.org,1,8.312551953449709E-4,100.0,25.0,0.0,75.0,14445.995515695067,1643177.8717915819,1,0,0.33206694315329655,false
camel-jbi/src/test/java/org/apache/camel/component/jbi/SendFromCamelToJbiThenRouteToAnotherJbiComponentTest.java,35.0,7.0,8.0,5.0,19.0,8.0,286.0,gnodet@apache.org,2,0.0016625103906899418,100.0,25.0,25.0,50.0,14483.328849028401,1643185.8717915819,2,0,1.0424012989769362,false
camel-jms/src/main/java/org/apache/camel/component/jms/ConsumerType.java,0.0,0.0,0.0,0.0,0.0,0.0,352.0,jstrachan@apache.org,1,8.312551953449709E-4,100.0,50.0,0.0,50.0,14445.995515695067,1643177.8717915819,1,0,0.33206694315329655,false
camel-jms/src/main/java/org/apache/camel/component/jms/EndpointMessageListener.java,37.0,7.0,2.0,5.0,6.0,9.0,282.0,jstrachan@apache.org,2,0.0016625103906899418,100.0,40.0,60.0,60.0,18017.331423030973,1701539.205124915,2,0,0.0862576547776861,false
camel-jms/src/main/java/org/apache/camel/component/jms/JmsBinding.java,90.0,13.0,15.0,6.0,21.0,25.0,259.0,jstrachan@apache.org,1,8.312551953449709E-4,100.0,20.0,20.0,40.0,14445.995515695067,1643177.8717915819,1,0,0.33206694315329655,false
camel-jms/src/main/java/org/apache/camel/component/jms/JmsComponent.java,80.0,8.0,25.0,11.0,14.0,22.0,76.0,jstrachan@apache.org,3,0.0024937655860349127,100.0,57.0,43.0,29.0,18549.23839977516,1703348.94425535,3,0,0.011486335174713647,false
camel-jms/src/main/java/org/apache/camel/component/jms/JmsConfiguration.java,394.0,17.0,2565.0,75.0,46.0,125.0,152.0,chirino@apache.org,2,0.0016625103906899418,100.0,50.0,67.0,33.0,18017.331423030973,1701539.205124915,2,0,0.2754026004997949,false
camel-jms/src/main/java/org/apache/camel/component/jms/JmsConsumer.java,29.0,5.0,0.0,4.0,9.0,7.0,234.0,jstrachan@apache.org,2,0.0016625103906899418,100.0,40.0,60.0,60.0,18017.331423030973,1701539.205124915,2,0,0.0862576547776861,false
camel-jms/src/main/java/org/apache/camel/component/jms/JmsEndpoint.java,84.0,13.0,40.0,13.0,15.0,30.0,71.0,jstrachan@apache.org,2,0.0016625103906899418,100.0,53.0,47.0,41.0,18017.331423030973,1701539.205124915,2,0,0.09070868780629293,false
camel-jms/src/main/java/org/apache/camel/component/jms/JmsExchange.java,57.0,4.0,54.0,12.0,8.0,22.0,113.0,jstrachan@apache.org,1,8.312551953449709E-4,100.0,25.0,25.0,25.0,14445.995515695067,1643177.8717915819,1,0,0.33206694315329655,false
camel-jms/src/main/java/org/apache/camel/component/jms/JmsMessage.java,78.0,5.0,3.0,10.0,11.0,26.0,99.0,jstrachan@apache.org,2,0.0016625103906899418,100.0,38.0,15.0,38.0,14977.902492439254,1644987.6109220167,2,0,0.2593730411503744,false
camel-jms/src/main/java/org/apache/camel/component/jms/JmsProducer.java,29.0,9.0,0.0,4.0,14.0,10.0,212.0,jstrachan@apache.org,1,8.312551953449709E-4,100.0,17.0,67.0,67.0,14445.995515695067,1643177.8717915819,1,0,0.33206694315329655,false
camel-jms/src/main/java/org/apache/camel/component/jms/MessageListenerProcessor.java,16.0,4.0,0.0,2.0,2.0,2.0,166.0,jstrachan@apache.org,2,0.0016625103906899418,100.0,14.0,29.0,71.0,18017.331423030973,1701539.205124915,2,0,0.10380286426672858,false
camel-jms/src/main/java/org/apache/camel/component/jms/MessagePropertyAcessException.java,14.0,1.0,0.0,2.0,0.0,3.0,46.0,jstrachan@apache.org,1,8.312551953449709E-4,100.0,0.0,33.0,67.0,14445.995515695067,1643177.8717915819,1,0,0.33206694315329655,false
camel-jms/src/main/java/org/apache/camel/component/jms/MessagePropertyNamesAcessException.java,9.0,1.0,0.0,1.0,0.0,1.0,46.0,jstrachan@apache.org,1,8.312551953449709E-4,100.0,0.0,33.0,67.0,14445.995515695067,1643177.8717915819,1,0,0.33206694315329655,false
camel-jms/src/main/java/org/apache/camel/component/jms/RuntimeJmsException.java,9.0,1.0,0.0,1.0,0.0,1.0,195.0,jstrachan@apache.org,1,8.312551953449709E-4,100.0,0.0,0.0,67.0,14445.995515695067,1643177.8717915819,1,0,0.33206694315329655,false
camel-jms/src/test/java/org/apache/camel/component/jms/JmsRouteTest.java,71.0,17.0,18.0,9.0,46.0,15.0,65.0,jstrachan@apache.org,2,0.0016625103906899418,100.0,29.0,33.0,38.0,18017.331423030973,1701539.205124915,2,0,0.13880956813977996,false
camel-jms/src/test/java/org/apache/camel/component/jms/PurchaseOrder.java,37.0,1.0,0.0,6.0,4.0,13.0,468.0,jstrachan@apache.org,1,8.312551953449709E-4,100.0,50.0,0.0,50.0,14445.995515695067,1643177.8717915819,1,0,0.33206694315329655,false
camel-josql/src/main/java/org/apache/camel/builder/sql/SqlBuilder.java,80.0,13.0,31.0,10.0,25.0,25.0,354.0,jstrachan@apache.org,1,8.312551953449709E-4,100.0,67.0,0.0,33.0,14445.995515695067,1643177.8717915819,1,0,0.33206694315329655,false
camel-josql/src/test/java/org/apache/camel/builder/sql/Person.java,28.0,0.0,3.0,7.0,0.0,10.0,468.0,jstrachan@apache.org,1,8.312551953449709E-4,100.0,50.0,0.0,50.0,14445.995515695067,1643177.8717915819,1,0,0.33206694315329655,false
camel-josql/src/test/java/org/apache/camel/builder/sql/SqlTest.java,46.0,9.0,0.0,6.0,21.0,14.0,468.0,jstrachan@apache.org,1,8.312551953449709E-4,100.0,50.0,0.0,50.0,14445.995515695067,1643177.8717915819,1,0,0.33206694315329655,false
camel-jpa/src/main/java/org/apache/camel/component/jpa/Callback.java,6.0,0.0,0.0,1.0,0.0,1.0,368.0,jstrachan@apache.org,1,8.312551953449709E-4,100.0,0.0,0.0,67.0,14445.995515695067,1643177.8717915819,1,0,0.33206694315329655,false
camel-jpa/src/main/java/org/apache/camel/component/jpa/Consumed.java,0.0,0.0,0.0,0.0,0.0,0.0,294.0,jstrachan@apache.org,1,8.312551953449709E-4,100.0,33.0,33.0,100.0,14445.995515695067,1643177.8717915819,1,0,0.33206694315329655,false
camel-jpa/src/main/java/org/apache/camel/component/jpa/DefaultTransactionStrategy.java,45.0,6.0,7.0,6.0,11.0,15.0,368.0,jstrachan@apache.org,1,8.312551953449709E-4,100.0,0.0,0.0,67.0,14445.995515695067,1643177.8717915819,1,0,0.33206694315329655,false
camel-jpa/src/main/java/org/apache/camel/component/jpa/DeleteHandler.java,12.0,1.0,0.0,1.0,0.0,2.0,297.0,jstrachan@apache.org,1,8.312551953449709E-4,100.0,25.0,0.0,50.0,14445.995515695067,1643177.8717915819,1,0,0.33206694315329655,false
camel-jpa/src/main/java/org/apache/camel/component/jpa/JpaComponent.java,34.0,9.0,4.0,4.0,5.0,10.0,155.0,jstrachan@apache.org,2,0.0016625103906899418,100.0,56.0,22.0,22.0,18017.331423030973,1701539.205124915,2,0,0.12467547795614092,false
camel-jpa/src/main/java/org/apache/camel/component/jpa/JpaConsumer.java,158.0,14.0,140.0,21.0,52.0,50.0,109.0,jstrachan@apache.org,2,0.0016625103906899418,100.0,50.0,29.0,50.0,18017.331423030973,1701539.205124915,2,0,0.10380286426672858,false
camel-jpa/src/main/java/org/apache/camel/component/jpa/JpaEndpoint.java,125.0,15.0,297.0,26.0,31.0,55.0,127.0,jstrachan@apache.org,2,0.0016625103906899418,100.0,50.0,25.0,33.0,18017.331423030973,1701539.205124915,2,0,0.09366668025580643,false
camel-jpa/src/main/java/org/apache/camel/component/jpa/JpaProducer.java,28.0,8.0,1.0,3.0,11.0,10.0,256.0,jstrachan@apache.org,1,8.312551953449709E-4,100.0,20.0,0.0,60.0,14445.995515695067,1643177.8717915819,1,0,0.33206694315329655,false
camel-jpa/src/main/java/org/apache/camel/component/jpa/JpaTemplateTransactionStrategy.java,43.0,10.0,22.0,8.0,7.0,18.0,368.0,jstrachan@apache.org,1,8.312551953449709E-4,100.0,0.0,0.0,67.0,14445.995515695067,1643177.8717915819,1,0,0.33206694315329655,false
camel-jpa/src/main/java/org/apache/camel/component/jpa/QueryBuilder.java,131.0,6.0,190.0,21.0,30.0,49.0,297.0,jstrachan@apache.org,1,8.312551953449709E-4,100.0,25.0,0.0,50.0,14445.995515695067,1643177.8717915819,1,0,0.33206694315329655,false
camel-jpa/src/main/java/org/apache/camel/component/jpa/QueryFactory.java,12.0,2.0,0.0,1.0,0.0,2.0,297.0,jstrachan@apache.org,1,8.312551953449709E-4,100.0,25.0,0.0,50.0,14445.995515695067,1643177.8717915819,1,0,0.33206694315329655,false
camel-jpa/src/main/java/org/apache/camel/component/jpa/TransactionStrategy.java,6.0,2.0,0.0,1.0,0.0,1.0,368.0,jstrachan@apache.org,1,8.312551953449709E-4,100.0,0.0,0.0,67.0,14445.995515695067,1643177.8717915819,1,0,0.33206694315329655,false
camel-jpa/src/test/java/org/apache/camel/component/jpa/JpaTest.java,68.0,20.0,11.0,7.0,34.0,14.0,130.0,jstrachan@apache.org,2,0.0016625103906899418,100.0,38.0,15.0,46.0,18017.331423030973,1701539.205124915,2,0,0.15879800671244382,false
camel-jpa/src/test/java/org/apache/camel/component/jpa/JpaUsingCustomPersistenceUnitTest.java,8.0,1.0,0.0,1.0,1.0,2.0,299.0,jstrachan@apache.org,1,8.312551953449709E-4,100.0,25.0,0.0,50.0,14445.995515695067,1643177.8717915819,1,0,0.33206694315329655,false
camel-jpa/src/test/java/org/apache/camel/component/jpa/JpaWithNamedQueryTest.java,91.0,19.0,14.0,8.0,50.0,23.0,163.0,jstrachan@apache.org,2,0.0016625103906899418,100.0,30.0,30.0,70.0,18017.331423030973,1701539.205124915,2,0,0.1342805373431371,false
camel-jpa/src/test/java/org/apache/camel/examples/MultiSteps.java,44.0,7.0,35.0,10.0,8.0,14.0,295.0,jstrachan@apache.org,1,8.312551953449709E-4,100.0,50.0,25.0,75.0,14445.995515695067,1643177.8717915819,1,0,0.33206694315329655,false
camel-jpa/src/test/java/org/apache/camel/examples/SendEmail.java,28.0,3.0,13.0,7.0,3.0,10.0,291.0,jstrachan@apache.org,1,8.312551953449709E-4,100.0,75.0,0.0,50.0,14445.995515695067,1643177.8717915819,1,0,0.33206694315329655,false
camel-mina/src/main/java/org/apache/camel/component/mina/MinaComponent.java,48.0,22.0,15.0,6.0,14.0,14.0,152.0,jstrachan@apache.org,2,0.0016625103906899418,100.0,44.0,44.0,44.0,18017.331423030973,1701539.205124915,2,0,0.12467547795614092,false
camel-mina/src/main/java/org/apache/camel/component/mina/MinaConsumer.java,32.0,9.0,0.0,4.0,13.0,8.0,277.0,jstrachan@apache.org,1,8.312551953449709E-4,100.0,20.0,60.0,60.0,14445.995515695067,1643177.8717915819,1,0,0.33206694315329655,false
camel-mina/src/main/java/org/apache/camel/component/mina/MinaEndpoint.java,42.0,13.0,28.0,9.0,6.0,19.0,161.0,jstrachan@apache.org,2,0.0016625103906899418,100.0,50.0,60.0,40.0,18017.331423030973,1701539.205124915,2,0,0.1342805373431371,false
camel-mina/src/main/java/org/apache/camel/component/mina/MinaExchange.java,9.0,3.0,0.0,1.0,0.0,1.0,472.0,jstrachan@apache.org,1,8.312551953449709E-4,100.0,50.0,50.0,100.0,14445.995515695067,1643177.8717915819,1,0,0.33206694315329655,false
camel-mina/src/main/java/org/apache/camel/component/mina/MinaProducer.java,46.0,10.0,2.0,5.0,14.0,14.0,277.0,jstrachan@apache.org,1,8.312551953449709E-4,100.0,20.0,60.0,60.0,14445.995515695067,1643177.8717915819,1,0,0.33206694315329655,false
camel-mina/src/test/java/org/apache/camel/component/mina/MinaMulticastTest.java,9.0,0.0,0.0,1.0,0.0,2.0,472.0,jstrachan@apache.org,1,8.312551953449709E-4,100.0,50.0,50.0,50.0,14445.995515695067,1643177.8717915819,1,0,0.33206694315329655,false
camel-mina/src/test/java/org/apache/camel/component/mina/MinaTcpTest.java,9.0,0.0,0.0,1.0,0.0,2.0,472.0,jstrachan@apache.org,1,8.312551953449709E-4,100.0,50.0,50.0,50.0,14445.995515695067,1643177.8717915819,1,0,0.33206694315329655,false
camel-mina/src/test/java/org/apache/camel/component/mina/MinaVmTest.java,46.0,10.0,0.0,6.0,26.0,11.0,197.0,jstrachan@apache.org,2,0.0016625103906899418,100.0,38.0,50.0,50.0,18017.331423030973,1701539.205124915,2,0,0.11441749137347074,false
camel-saxon/src/main/java/org/apache/camel/builder/saxon/ResultFormat.java,0.0,0.0,0.0,0.0,0.0,0.0,352.0,jstrachan@apache.org,1,8.312551953449709E-4,100.0,50.0,0.0,50.0,14445.995515695067,1643177.8717915819,1,0,0.33206694315329655,false
camel-saxon/src/main/java/org/apache/camel/builder/saxon/XQueryBuilder.java,217.0,28.0,542.0,37.0,63.0,94.0,236.0,jstrachan@apache.org,1,8.312551953449709E-4,100.0,60.0,20.0,20.0,14445.995515695067,1643177.8717915819,1,0,0.33206694315329655,false
camel-saxon/src/test/java/org/apache/camel/builder/saxon/XQueryTest.java,13.0,7.0,0.0,1.0,9.0,2.0,352.0,jstrachan@apache.org,1,8.312551953449709E-4,100.0,33.0,33.0,33.0,14445.995515695067,1643177.8717915819,1,0,0.33206694315329655,false
camel-script/src/main/java/org/apache/camel/builder/script/ScriptBuilder.java,316.0,18.0,711.0,43.0,36.0,112.0,183.0,jstrachan@apache.org,1,8.312551953449709E-4,100.0,62.0,25.0,38.0,14445.995515695067,1643177.8717915819,1,0,0.33206694315329655,false
camel-script/src/main/java/org/apache/camel/builder/script/ScriptEvaluationException.java,15.0,1.0,3.0,3.0,0.0,3.0,470.0,jstrachan@apache.org,1,8.312551953449709E-4,100.0,50.0,0.0,50.0,14445.995515695067,1643177.8717915819,1,0,0.33206694315329655,false
camel-script/src/test/java/org/apache/camel/builder/script/GroovyTest.java,40.0,7.0,0.0,6.0,19.0,14.0,293.0,jstrachan@apache.org,1,8.312551953449709E-4,100.0,25.0,0.0,75.0,14445.995515695067,1643177.8717915819,1,0,0.33206694315329655,false
camel-script/src/test/java/org/apache/camel/builder/script/Jsr223Test.java,11.0,3.0,0.0,1.0,4.0,3.0,353.0,chirino@apache.org,2,0.0016625103906899418,100.0,33.0,0.0,33.0,18017.331423030973,1701539.205124915,2,0,0.1198746667961128,false
camel-spring/src/main/java/org/apache/camel/spring/CamelContextFactoryBean.java,75.0,10.0,87.0,15.0,10.0,32.0,144.0,jstrachan@apache.org,2,0.0016625103906899418,100.0,40.0,20.0,30.0,18017.331423030973,1701539.205124915,2,0,0.1342805373431371,false
camel-spring/src/main/java/org/apache/camel/spring/CamelNamespaceHandler.java,5.0,2.0,0.0,1.0,1.0,1.0,102.0,chirino@apache.org,2,0.0016625103906899418,100.0,0.0,0.0,100.0,18017.331423030973,1701539.205124915,2,0,0.5441965587337421,false
camel-spring/src/main/java/org/apache/camel/spring/RouteBuilderFinder.java,74.0,10.0,17.0,11.0,16.0,26.0,287.0,jstrachan@apache.org,1,8.312551953449709E-4,100.0,50.0,0.0,50.0,14445.995515695067,1643177.8717915819,1,0,0.33206694315329655,false
camel-spring/src/main/java/org/apache/camel/spring/SpringCamelContext.java,27.0,10.0,13.0,6.0,5.0,12.0,172.0,jstrachan@apache.org,1,8.312551953449709E-4,100.0,50.0,38.0,50.0,14445.995515695067,1643177.8717915819,1,0,0.33206694315329655,false
camel-spring/src/main/java/org/apache/camel/spring/SpringComponentResolver.java,29.0,6.0,0.0,2.0,4.0,6.0,186.0,chirino@apache.org,2,0.0016625103906899418,100.0,75.0,75.0,25.0,18017.331423030973,1701539.205124915,2,0,0.08797321748771014,false
camel-spring/src/main/java/org/apache/camel/spring/SpringInjector.java,24.0,6.0,0.0,2.0,5.0,5.0,219.0,jstrachan@apache.org,1,8.312551953449709E-4,100.0,50.0,25.0,50.0,14445.995515695067,1643177.8717915819,1,0,0.33206694315329655,false
camel-spring/src/main/java/org/apache/camel/spring/builder/BuilderAction.java,46.0,6.0,0.0,4.0,13.0,11.0,169.0,chirino@apache.org,2,0.0016625103906899418,100.0,0.0,0.0,100.0,18017.331423030973,1701539.205124915,2,0,0.2754026004997949,false
camel-spring/src/main/java/org/apache/camel/spring/builder/BuilderStatement.java,28.0,2.0,2.0,5.0,2.0,12.0,211.0,chirino@apache.org,2,0.0016625103906899418,100.0,0.0,0.0,100.0,18017.331423030973,1701539.205124915,2,0,0.2754026004997949,false
camel-spring/src/main/java/org/apache/camel/spring/builder/CamelBeanDefinitionParser.java,263.0,27.0,55.0,11.0,109.0,53.0,102.0,chirino@apache.org,2,0.0016625103906899418,100.0,0.0,0.0,100.0,18017.331423030973,1701539.205124915,2,0,0.2754026004997949,false
camel-spring/src/main/java/org/apache/camel/spring/builder/IllegalActionException.java,14.0,0.0,0.0,2.0,0.0,3.0,211.0,chirino@apache.org,2,0.0016625103906899418,100.0,0.0,0.0,100.0,18017.331423030973,1701539.205124915,2,0,0.2754026004997949,false
camel-spring/src/main/java/org/apache/camel/spring/builder/MethodInfo.java,15.0,4.0,0.0,2.0,1.0,3.0,211.0,chirino@apache.org,2,0.0016625103906899418,100.0,0.0,0.0,100.0,18017.331423030973,1701539.205124915,2,0,0.2754026004997949,false
camel-spring/src/main/java/org/apache/camel/spring/builder/RouteBuilderFactory.java,47.0,6.0,11.0,7.0,2.0,13.0,16.0,chirino@apache.org,2,0.0016625103906899418,100.0,0.0,0.0,100.0,18017.331423030973,1701539.205124915,2,0,0.2754026004997949,false
camel-spring/src/main/java/org/apache/camel/spring/converter/ResourceConverter.java,27.0,9.0,21.0,7.0,3.0,21.0,468.0,jstrachan@apache.org,1,8.312551953449709E-4,100.0,50.0,0.0,50.0,14445.995515695067,1643177.8717915819,1,0,0.33206694315329655,false
camel-spring/src/test/java/org/apache/camel/spring/CamelContextFactoryBeanTest.java,32.0,12.0,0.0,2.0,18.0,6.0,209.0,chirino@apache.org,2,0.0016625103906899418,100.0,40.0,20.0,20.0,18017.331423030973,1701539.205124915,2,0,0.16824154646919498,false
camel-spring/src/test/java/org/apache/camel/spring/builder/SpringRouteBuilderTest.java,69.0,6.0,0.0,12.0,21.0,24.0,13.0,chirino@apache.org,2,0.0016625103906899418,100.0,20.0,40.0,40.0,18017.331423030973,1701539.205124915,2,0,0.4228346816317723,false
camel-spring/src/test/java/org/apache/camel/spring/example/test1/MyRouteBuilder.java,8.0,1.0,0.0,1.0,2.0,1.0,357.0,jstrachan@apache.org,1,8.312551953449709E-4,100.0,50.0,0.0,50.0,14445.995515695067,1643177.8717915819,1,0,0.33206694315329655,false
camel-xmpp/src/main/java/org/apache/camel/component/xmpp/RuntimeXmppException.java,13.0,1.0,1.0,2.0,0.0,2.0,472.0,jstrachan@apache.org,1,8.312551953449709E-4,100.0,50.0,0.0,50.0,14445.995515695067,1643177.8717915819,1,0,0.33206694315329655,false
camel-xmpp/src/main/java/org/apache/camel/component/xmpp/XmppBinding.java,38.0,3.0,3.0,3.0,11.0,7.0,312.0,jstrachan@apache.org,1,8.312551953449709E-4,100.0,50.0,50.0,50.0,14445.995515695067,1643177.8717915819,1,0,0.33206694315329655,false
camel-xmpp/src/main/java/org/apache/camel/component/xmpp/XmppComponent.java,35.0,10.0,6.0,4.0,11.0,8.0,253.0,jstrachan@apache.org,2,0.0016625103906899418,100.0,60.0,20.0,60.0,18017.331423030973,1701539.205124915,2,0,0.0862576547776861,false
camel-xmpp/src/main/java/org/apache/camel/component/xmpp/XmppConsumer.java,46.0,10.0,0.0,4.0,15.0,9.0,236.0,jstrachan@apache.org,2,0.0016625103906899418,100.0,50.0,50.0,50.0,18017.331423030973,1701539.205124915,2,0,0.09366668025580643,false
camel-xmpp/src/main/java/org/apache/camel/component/xmpp/XmppEndpoint.java,163.0,13.0,420.0,32.0,17.0,65.0,240.0,jstrachan@apache.org,2,0.0016625103906899418,100.0,50.0,33.0,50.0,18017.331423030973,1701539.205124915,2,0,0.09366668025580643,false
camel-xmpp/src/main/java/org/apache/camel/component/xmpp/XmppExchange.java,57.0,4.0,54.0,12.0,8.0,22.0,472.0,jstrachan@apache.org,1,8.312551953449709E-4,100.0,50.0,0.0,50.0,14445.995515695067,1643177.8717915819,1,0,0.33206694315329655,false
camel-xmpp/src/main/java/org/apache/camel/component/xmpp/XmppGroupChatProducer.java,58.0,7.0,0.0,8.0,15.0,19.0,269.0,jstrachan@apache.org,1,8.312551953449709E-4,100.0,40.0,40.0,60.0,14445.995515695067,1643177.8717915819,1,0,0.33206694315329655,false
camel-xmpp/src/main/java/org/apache/camel/component/xmpp/XmppMessage.java,63.0,5.0,0.0,11.0,12.0,24.0,356.0,jstrachan@apache.org,1,8.312551953449709E-4,100.0,67.0,33.0,33.0,14445.995515695067,1643177.8717915819,1,0,0.33206694315329655,false
camel-xmpp/src/main/java/org/apache/camel/component/xmpp/XmppPrivateChatProducer.java,57.0,7.0,0.0,8.0,18.0,18.0,269.0,jstrachan@apache.org,1,8.312551953449709E-4,100.0,40.0,40.0,60.0,14445.995515695067,1643177.8717915819,1,0,0.33206694315329655,false
camel-xmpp/src/test/java/org/apache/camel/component/xmpp/UriConfigurationTest.java,24.0,6.0,0.0,2.0,14.0,4.0,299.0,chirino@apache.org,2,0.0016625103906899418,100.0,33.0,33.0,33.0,18017.331423030973,1701539.205124915,2,0,0.1198746667961128,false
camel-xmpp/src/test/java/org/apache/camel/component/xmpp/XmppRouteTest.java,93.0,15.0,33.0,11.0,44.0,23.0,213.0,jstrachan@apache.org,2,0.0016625103906899418,100.0,29.0,43.0,71.0,18017.331423030973,1701539.205124915,2,0,0.10380286426672858,false
