name,LOC,CBO,LCOM,NOM,RFC,WMC,ACS,Ownership,numOfChanges,numberOfFIChanges,ENH,NF,BugFixing,REF,structuralWorkloadSum,semanticWorkloadSum,numberOfDeveloper,pastFaults,MAF,isBuggy
camel-core/src/main/java/org/apache/camel/Endpoint.java,50.0,1.0,45.0,10.0,0.0,23.0,0.0,jstrachan@apache.org,0,0.0,0.0,0.0,0.0,0.0,0.0,0.0,0,8,0.0,false
camel-core/src/main/java/org/apache/camel/NoSuchBeanException.java,15.0,1.0,0.0,2.0,0.0,4.0,0.0,davsclaus@apache.org,0,0.0,0.0,0.0,0.0,0.0,0.0,0.0,0,1,0.0,false
camel-core/src/main/java/org/apache/camel/Route.java,58.0,4.0,31.0,11.0,5.0,22.0,0.0,davsclaus@apache.org,0,0.0,0.0,0.0,0.0,0.0,0.0,0.0,0,2,0.0,true
camel-core/src/main/java/org/apache/camel/builder/BuilderSupport.java,195.0,10.0,441.0,31.0,27.0,83.0,211.0,null,2,0.0018779342723004694,3.0,2.0,0.0,0.0,15225.022278664732,769613.3035651849,2,8,0.2684215689327547,true
camel-core/src/main/java/org/apache/camel/builder/DataFormatClause.java,91.0,11.0,76.0,13.0,13.0,42.0,421.0,davsclaus@apache.org,1,9.389671361502347E-4,2.0,0.0,0.0,0.0,13275.391509433963,739343.7117428384,1,1,0.9793220937211549,false
camel-core/src/main/java/org/apache/camel/builder/ExpressionBuilder.java,453.0,9.0,2850.0,76.0,120.0,198.0,211.0,davsclaus@apache.org,2,0.0018779342723004694,2.0,0.0,0.0,0.0,15225.022278664732,769613.3035651849,2,7,0.2684215689327547,true
camel-core/src/main/java/org/apache/camel/builder/ExpressionClause.java,256.0,7.0,86.0,28.0,38.0,64.0,110.0,davsclaus@apache.org,2,0.0018779342723004694,8.0,2.0,0.0,0.0,15225.022278664732,769613.3035651849,2,4,0.3903569327596643,false
camel-core/src/main/java/org/apache/camel/builder/ProcessorBuilder.java,175.0,4.0,561.0,34.0,54.0,58.0,421.0,jstrachan@apache.org,1,9.389671361502347E-4,4.0,0.0,0.0,0.0,13275.391509433963,739343.7117428384,1,4,0.9793220937211549,true
camel-core/src/main/java/org/apache/camel/builder/RouteBuilder.java,135.0,16.0,69.0,22.0,27.0,47.0,1.0,null,1,9.389671361502347E-4,1.0,1.0,0.0,0.0,13275.391509433963,739343.7117428384,1,15,0.9793220937211549,false
camel-core/src/main/java/org/apache/camel/builder/xml/MessageVariableResolver.java,66.0,13.0,0.0,4.0,13.0,10.0,421.0,davsclaus@apache.org,1,9.389671361502347E-4,7.0,0.0,0.0,0.0,13275.391509433963,739343.7117428384,1,2,0.9793220937211549,true
camel-core/src/main/java/org/apache/camel/builder/xml/Namespaces.java,96.0,10.0,53.0,11.0,23.0,22.0,421.0,davsclaus@apache.org,1,9.389671361502347E-4,6.0,0.0,0.0,0.0,13275.391509433963,739343.7117428384,1,2,0.9793220937211549,false
camel-core/src/main/java/org/apache/camel/builder/xml/XPathBuilder.java,401.0,25.0,931.0,50.0,85.0,129.0,213.0,davsclaus@apache.org,2,0.0018779342723004694,3.0,1.0,0.0,0.0,15225.022278664732,769613.3035651849,2,6,0.2684215689327547,true
camel-core/src/main/java/org/apache/camel/builder/xml/XsltBuilder.java,193.0,20.0,353.0,30.0,49.0,79.0,421.0,davsclaus@apache.org,1,9.389671361502347E-4,2.0,0.0,0.0,0.0,13275.391509433963,739343.7117428384,1,5,0.9793220937211549,true
camel-core/src/main/java/org/apache/camel/component/bean/BeanComponent.java,53.0,8.0,26.0,8.0,14.0,18.0,421.0,davsclaus@apache.org,1,9.389671361502347E-4,3.0,0.0,0.0,0.0,13275.391509433963,739343.7117428384,1,2,0.9793220937211549,false
camel-core/src/main/java/org/apache/camel/component/bean/BeanHolder.java,8.0,1.0,3.0,3.0,0.0,4.0,421.0,davsclaus@apache.org,1,9.389671361502347E-4,10.0,0.0,0.0,0.0,13275.391509433963,739343.7117428384,1,1,0.9793220937211549,false
camel-core/src/main/java/org/apache/camel/component/bean/BeanInfo.java,266.0,17.0,70.0,16.0,75.0,62.0,421.0,davsclaus@apache.org,1,9.389671361502347E-4,1.0,0.0,0.0,0.0,13275.391509433963,739343.7117428384,1,4,0.9793220937211549,true
camel-core/src/main/java/org/apache/camel/component/bean/BeanProcessor.java,122.0,13.0,57.0,14.0,26.0,27.0,107.0,davsclaus@apache.org,2,0.0018779342723004694,6.0,0.0,0.0,0.0,14123.038568257492,743737.9994117565,2,2,0.6189676228904399,true
camel-core/src/main/java/org/apache/camel/component/bean/ConstantBeanHolder.java,32.0,3.0,0.0,7.0,5.0,11.0,421.0,davsclaus@apache.org,1,9.389671361502347E-4,9.0,0.0,0.0,0.0,13275.391509433963,739343.7117428384,1,1,0.9793220937211549,false
camel-core/src/main/java/org/apache/camel/component/bean/DefaultParameterMappingStrategy.java,26.0,6.0,4.0,4.0,6.0,5.0,1.0,davsclaus@apache.org,1,9.389671361502347E-4,9.0,0.0,0.0,0.0,847.6470588235295,4394.287668918161,1,0,1.7872447888735283,false
camel-core/src/main/java/org/apache/camel/component/bean/RegistryBean.java,81.0,5.0,27.0,15.0,13.0,36.0,421.0,davsclaus@apache.org,1,9.389671361502347E-4,5.0,0.0,0.0,0.0,13275.391509433963,739343.7117428384,1,1,0.9793220937211549,true
camel-core/src/main/java/org/apache/camel/component/direct/DirectEndpoint.java,43.0,10.0,14.0,9.0,8.0,22.0,146.0,davsclaus@apache.org,1,9.389671361502347E-4,2.0,0.0,0.0,0.0,13275.391509433963,739343.7117428384,1,4,0.9793220937211549,false
camel-core/src/main/java/org/apache/camel/component/direct/DirectProducer.java,47.0,8.0,0.0,3.0,13.0,12.0,146.0,davsclaus@apache.org,1,9.389671361502347E-4,4.0,0.0,0.0,0.0,13275.391509433963,739343.7117428384,1,0,0.9793220937211549,false
camel-core/src/main/java/org/apache/camel/component/file/FileConsumer.java,231.0,10.0,127.0,19.0,60.0,49.0,63.0,davsclaus@apache.org,2,0.0018779342723004694,2.0,1.0,1.0,0.0,15225.022278664732,769613.3035651849,2,6,0.2684215689327547,true
camel-core/src/main/java/org/apache/camel/component/file/FileEndpoint.java,203.0,13.0,495.0,34.0,21.0,61.0,115.0,davsclaus@apache.org,1,9.389671361502347E-4,1.0,0.0,1.0,0.0,13275.391509433963,739343.7117428384,1,6,0.9793220937211549,true
camel-core/src/main/java/org/apache/camel/component/file/FileProcessStrategy.java,15.0,2.0,1.0,2.0,0.0,7.0,115.0,gnodet@apache.org,1,9.389671361502347E-4,14.0,0.0,14.0,0.0,13275.391509433963,739343.7117428384,1,1,0.9793220937211549,false
camel-core/src/main/java/org/apache/camel/component/file/FileProducer.java,120.0,14.0,3.0,6.0,34.0,19.0,115.0,davsclaus@apache.org,1,9.389671361502347E-4,3.0,0.0,3.0,0.0,13275.391509433963,739343.7117428384,1,5,0.9793220937211549,false
camel-core/src/main/java/org/apache/camel/component/file/strategy/DeleteFileProcessStrategy.java,19.0,5.0,3.0,3.0,3.0,5.0,115.0,davsclaus@apache.org,1,9.389671361502347E-4,12.0,0.0,12.0,0.0,13275.391509433963,739343.7117428384,1,2,0.9793220937211549,false
camel-core/src/main/java/org/apache/camel/component/file/strategy/FileProcessStrategyFactory.java,22.0,1.0,0.0,1.0,0.0,5.0,0.0,davsclaus@apache.org,0,0.0,0.0,0.0,0.0,0.0,0.0,0.0,0,0,0.0,false
camel-core/src/main/java/org/apache/camel/component/file/strategy/FileProcessStrategySupport.java,62.0,12.0,10.0,9.0,14.0,16.0,115.0,davsclaus@apache.org,1,9.389671361502347E-4,7.0,0.0,7.0,0.0,13275.391509433963,739343.7117428384,1,2,0.9793220937211549,false
camel-core/src/main/java/org/apache/camel/component/file/strategy/RenameFileProcessStrategy.java,39.0,6.0,9.0,7.0,6.0,10.0,115.0,davsclaus@apache.org,1,9.389671361502347E-4,9.0,0.0,9.0,0.0,13275.391509433963,739343.7117428384,1,2,0.9793220937211549,false
camel-core/src/main/java/org/apache/camel/component/list/ListComponent.java,8.0,3.0,0.0,1.0,0.0,3.0,61.0,ningjiang@apache.org,2,0.0018779342723004694,40.0,20.0,20.0,0.0,15225.022278664732,769613.3035651849,2,0,0.2684215689327547,false
camel-core/src/main/java/org/apache/camel/component/list/ListEndpoint.java,56.0,17.0,64.0,13.0,9.0,23.0,27.0,jstrachan@apache.org,2,0.0018779342723004694,36.0,14.0,21.0,0.0,15225.022278664732,769613.3035651849,2,0,0.45051431941743925,false
camel-core/src/main/java/org/apache/camel/component/mock/MockEndpoint.java,463.0,26.0,1406.0,56.0,109.0,125.0,56.0,davsclaus@apache.org,3,0.0028169014084507044,6.0,2.0,2.0,0.0,15592.542278664732,770945.0855622723,3,10,0.5403578516691987,true
camel-core/src/main/java/org/apache/camel/component/seda/CollectionProducer.java,19.0,7.0,0.0,3.0,5.0,5.0,106.0,davsclaus@apache.org,2,0.0018779342723004694,27.0,7.0,7.0,7.0,15225.022278664732,769613.3035651849,2,0,0.3903569327596643,false
camel-core/src/main/java/org/apache/camel/component/seda/ListPollingConsumer.java,28.0,4.0,13.0,6.0,4.0,13.0,214.0,ningjiang@apache.org,2,0.0018779342723004694,33.0,17.0,0.0,0.0,15225.022278664732,769613.3035651849,2,0,0.2684215689327547,false
camel-core/src/main/java/org/apache/camel/component/seda/SedaComponent.java,20.0,7.0,1.0,2.0,2.0,6.0,421.0,davsclaus@apache.org,1,9.389671361502347E-4,2.0,0.0,0.0,0.0,13275.391509433963,739343.7117428384,1,2,0.9793220937211549,true
camel-core/src/main/java/org/apache/camel/component/seda/SedaConsumer.java,41.0,11.0,1.0,6.0,11.0,14.0,17.0,davsclaus@apache.org,2,0.0018779342723004694,4.0,0.0,1.0,2.0,2797.277828054299,34663.87949126474,2,1,0.5884443648391935,true
camel-core/src/main/java/org/apache/camel/component/seda/SedaEndpoint.java,29.0,11.0,19.0,7.0,3.0,14.0,108.0,davsclaus@apache.org,2,0.0018779342723004694,5.0,1.0,1.0,1.0,15225.022278664732,769613.3035651849,2,3,0.3903569327596643,true
camel-core/src/main/java/org/apache/camel/component/vm/VmComponent.java,37.0,8.0,2.0,4.0,8.0,12.0,421.0,null,1,9.389671361502347E-4,3.0,0.0,0.0,0.0,13275.391509433963,739343.7117428384,1,3,0.9793220937211549,true
camel-core/src/main/java/org/apache/camel/converter/IOConverter.java,131.0,14.0,300.0,25.0,28.0,81.0,3.0,davsclaus@apache.org,2,0.0018779342723004694,3.0,0.0,0.0,1.0,15225.022278664732,769613.3035651849,2,3,0.2684215689327547,true
camel-core/src/main/java/org/apache/camel/converter/ObjectConverter.java,188.0,8.0,99.0,15.0,28.0,48.0,2.0,null,1,9.389671361502347E-4,2.0,2.0,0.0,0.0,1949.6307692307691,30269.591822346585,1,5,0.9438154052642451,false
camel-core/src/main/java/org/apache/camel/converter/jaxp/DomConverter.java,35.0,6.0,3.0,3.0,8.0,7.0,115.0,davsclaus@apache.org,1,9.389671361502347E-4,5.0,0.0,5.0,0.0,13275.391509433963,739343.7117428384,1,1,0.9793220937211549,true
camel-core/src/main/java/org/apache/camel/converter/jaxp/XmlConverter.java,438.0,36.0,1073.0,47.0,88.0,186.0,1.0,davsclaus@apache.org,1,9.389671361502347E-4,2.0,0.0,2.0,0.0,1949.6307692307691,30269.591822346585,1,2,0.9438154052642451,true
camel-core/src/main/java/org/apache/camel/impl/DefaultCamelContext.java,441.0,36.0,1190.0,52.0,78.0,140.0,141.0,davsclaus@apache.org,2,0.0018779342723004694,1.0,0.0,0.0,0.0,15225.022278664732,769613.3035651849,2,22,0.31913679978840226,true
camel-core/src/main/java/org/apache/camel/impl/DefaultComponent.java,135.0,17.0,196.0,21.0,38.0,47.0,0.0,davsclaus@apache.org,0,0.0,0.0,0.0,0.0,0.0,0.0,0.0,0,8,0.0,true
camel-core/src/main/java/org/apache/camel/impl/DefaultComponentResolver.java,47.0,8.0,0.0,1.0,10.0,8.0,3.0,null,1,9.389671361502347E-4,4.0,0.0,0.0,0.0,13275.391509433963,739343.7117428384,1,5,0.9793220937211549,false
camel-core/src/main/java/org/apache/camel/impl/DefaultEndpoint.java,120.0,12.0,152.0,20.0,22.0,42.0,0.0,null,0,0.0,0.0,0.0,0.0,0.0,0.0,0.0,0,10,0.0,true
camel-core/src/main/java/org/apache/camel/impl/DefaultLifecycleStrategy.java,12.0,7.0,10.0,5.0,0.0,5.0,0.0,davsclaus@apache.org,0,0.0,0.0,0.0,0.0,0.0,0.0,0.0,0,0,0.0,false
camel-core/src/main/java/org/apache/camel/impl/DefaultProducer.java,29.0,4.0,0.0,8.0,4.0,15.0,0.0,davsclaus@apache.org,0,0.0,0.0,0.0,0.0,0.0,0.0,0.0,0,1,0.0,false
camel-core/src/main/java/org/apache/camel/impl/DelegateLifecycleStrategy.java,25.0,7.0,0.0,6.0,5.0,7.0,211.0,ningjiang@apache.org,2,0.0018779342723004694,25.0,12.0,0.0,0.0,15225.022278664732,769613.3035651849,2,0,0.2684215689327547,false
camel-core/src/main/java/org/apache/camel/impl/EventDrivenConsumerRoute.java,35.0,7.0,0.0,5.0,5.0,10.0,421.0,davsclaus@apache.org,1,9.389671361502347E-4,4.0,0.0,0.0,0.0,13275.391509433963,739343.7117428384,1,0,0.9793220937211549,true
camel-core/src/main/java/org/apache/camel/impl/JndiRegistry.java,51.0,7.0,30.0,9.0,10.0,20.0,421.0,davsclaus@apache.org,1,9.389671361502347E-4,7.0,0.0,0.0,0.0,13275.391509433963,739343.7117428384,1,2,0.9793220937211549,false
camel-core/src/main/java/org/apache/camel/impl/RouteContext.java,110.0,19.0,57.0,14.0,21.0,35.0,421.0,jstrachan@apache.org,1,9.389671361502347E-4,5.0,0.0,0.0,0.0,13275.391509433963,739343.7117428384,1,5,0.9793220937211549,false
camel-core/src/main/java/org/apache/camel/impl/StringDataFormat.java,15.0,9.0,1.0,2.0,4.0,5.0,421.0,davsclaus@apache.org,1,9.389671361502347E-4,11.0,0.0,0.0,0.0,13275.391509433963,739343.7117428384,1,0,0.9793220937211549,false
camel-core/src/main/java/org/apache/camel/impl/converter/DefaultTypeConverter.java,209.0,15.0,33.0,11.0,39.0,30.0,0.0,davsclaus@apache.org,0,0.0,0.0,0.0,0.0,0.0,0.0,0.0,0,9,0.0,true
camel-core/src/main/java/org/apache/camel/language/bean/BeanExpression.java,32.0,4.0,0.0,4.0,6.0,10.0,421.0,davsclaus@apache.org,1,9.389671361502347E-4,3.0,0.0,0.0,0.0,13275.391509433963,739343.7117428384,1,2,0.9793220937211549,true
camel-core/src/main/java/org/apache/camel/language/bean/BeanLanguage.java,20.0,6.0,1.0,2.0,5.0,5.0,421.0,davsclaus@apache.org,1,9.389671361502347E-4,6.0,0.0,0.0,0.0,13275.391509433963,739343.7117428384,1,1,0.9793220937211549,true
camel-core/src/main/java/org/apache/camel/language/bean/RuntimeBeanExpressionException.java,23.0,2.0,0.0,4.0,0.0,7.0,421.0,null,1,9.389671361502347E-4,10.0,0.0,0.0,0.0,13275.391509433963,739343.7117428384,1,2,0.9793220937211549,false
camel-core/src/main/java/org/apache/camel/management/CamelNamingStrategy.java,165.0,10.0,27.0,15.0,52.0,42.0,0.0,davsclaus@apache.org,0,0.0,0.0,0.0,0.0,0.0,0.0,0.0,0,1,0.0,false
camel-core/src/main/java/org/apache/camel/management/InstrumentationAgentImpl.java,221.0,32.0,57.0,18.0,54.0,50.0,6.0,ningjiang@apache.org,1,9.389671361502347E-4,8.0,0.0,0.0,0.0,13275.391509433963,739343.7117428384,1,2,0.9793220937211549,false
camel-core/src/main/java/org/apache/camel/management/InstrumentationLifecycleStrategy.java,68.0,14.0,0.0,8.0,25.0,19.0,6.0,davsclaus@apache.org,1,9.389671361502347E-4,2.0,0.0,0.0,0.0,13275.391509433963,739343.7117428384,1,1,0.9793220937211549,false
camel-core/src/main/java/org/apache/camel/management/ManagedEndpoint.java,12.0,4.0,0.0,3.0,1.0,6.0,6.0,null,1,9.389671361502347E-4,12.0,0.0,0.0,0.0,13275.391509433963,739343.7117428384,1,0,0.9793220937211549,false
camel-core/src/main/java/org/apache/camel/management/ManagedRoute.java,25.0,7.0,0.0,6.0,3.0,11.0,6.0,davsclaus@apache.org,1,9.389671361502347E-4,11.0,0.0,0.0,0.0,13275.391509433963,739343.7117428384,1,0,0.9793220937211549,false
camel-core/src/main/java/org/apache/camel/management/ManagedService.java,28.0,6.0,0.0,5.0,5.0,12.0,6.0,ningjiang@apache.org,1,9.389671361502347E-4,20.0,0.0,0.0,0.0,13275.391509433963,739343.7117428384,1,0,0.9793220937211549,false
camel-core/src/main/java/org/apache/camel/management/ObjectNameEncoder.java,33.0,0.0,6.0,4.0,3.0,8.0,0.0,hadrian@apache.org,0,0.0,0.0,0.0,0.0,0.0,0.0,0.0,0,0,0.0,false
camel-core/src/main/java/org/apache/camel/management/PerformanceCounter.java,43.0,4.0,0.0,8.0,7.0,19.0,6.0,davsclaus@apache.org,1,9.389671361502347E-4,7.0,0.0,0.0,0.0,13275.391509433963,739343.7117428384,1,0,0.9793220937211549,false
camel-core/src/main/java/org/apache/camel/model/AggregatorType.java,122.0,19.0,165.0,22.0,17.0,43.0,142.0,null,3,0.0028169014084507044,8.0,0.0,0.0,0.0,16072.669337488262,774007.5912341031,3,2,0.1381818072848664,false
camel-core/src/main/java/org/apache/camel/model/BeanRef.java,77.0,11.0,20.0,13.0,7.0,23.0,211.0,jstrachan@apache.org,2,0.0018779342723004694,11.0,0.0,0.0,0.0,15225.022278664732,769613.3035651849,2,3,0.2684215689327547,false
camel-core/src/main/java/org/apache/camel/model/Block.java,6.0,0.0,0.0,1.0,0.0,1.0,421.0,hadrian@apache.org,1,9.389671361502347E-4,11.0,0.0,0.0,0.0,13275.391509433963,739343.7117428384,1,1,0.9793220937211549,false
camel-core/src/main/java/org/apache/camel/model/CatchType.java,57.0,12.0,62.0,13.0,14.0,23.0,421.0,jstrachan@apache.org,1,9.389671361502347E-4,6.0,0.0,0.0,0.0,13275.391509433963,739343.7117428384,1,4,0.9793220937211549,false
camel-core/src/main/java/org/apache/camel/model/ChoiceType.java,69.0,15.0,25.0,11.0,18.0,26.0,421.0,jstrachan@apache.org,1,9.389671361502347E-4,3.0,0.0,0.0,0.0,13275.391509433963,739343.7117428384,1,7,0.9793220937211549,false
camel-core/src/main/java/org/apache/camel/model/CompletedPredicate.java,31.0,8.0,7.0,7.0,2.0,12.0,421.0,ningjiang@apache.org,1,9.389671361502347E-4,17.0,0.0,0.0,0.0,13275.391509433963,739343.7117428384,1,0,0.9793220937211549,false
camel-core/src/main/java/org/apache/camel/model/DelayerType.java,32.0,8.0,16.0,8.0,5.0,12.0,212.0,null,2,0.0018779342723004694,11.0,0.0,6.0,0.0,13390.058176100629,739422.2431724251,2,0,1.9462890727254538,false
camel-core/src/main/java/org/apache/camel/model/ExceptionType.java,120.0,16.0,266.0,25.0,33.0,50.0,421.0,davsclaus@apache.org,1,9.389671361502347E-4,2.0,0.0,0.0,0.0,13275.391509433963,739343.7117428384,1,4,0.9793220937211549,false
camel-core/src/main/java/org/apache/camel/model/ExpressionNode.java,51.0,12.0,41.0,11.0,10.0,20.0,212.0,davsclaus@apache.org,2,0.0018779342723004694,5.0,0.0,2.0,0.0,13390.058176100629,739422.2431724251,2,5,1.9462890727254538,true
camel-core/src/main/java/org/apache/camel/model/FilterType.java,19.0,7.0,10.0,5.0,3.0,8.0,421.0,jstrachan@apache.org,1,9.389671361502347E-4,6.0,0.0,0.0,0.0,13275.391509433963,739343.7117428384,1,4,0.9793220937211549,false
camel-core/src/main/java/org/apache/camel/model/FinallyType.java,14.0,5.0,3.0,3.0,2.0,7.0,421.0,jstrachan@apache.org,1,9.389671361502347E-4,9.0,0.0,0.0,0.0,13275.391509433963,739343.7117428384,1,1,0.9793220937211549,false
camel-core/src/main/java/org/apache/camel/model/FromType.java,81.0,9.0,33.0,14.0,12.0,27.0,211.0,jstrachan@apache.org,2,0.0018779342723004694,10.0,0.0,5.0,0.0,13642.911509433963,740675.4937399258,2,2,1.2531418921655084,false
camel-core/src/main/java/org/apache/camel/model/InterceptType.java,27.0,11.0,4.0,4.0,9.0,10.0,421.0,null,1,9.389671361502347E-4,4.0,0.0,0.0,0.0,13275.391509433963,739343.7117428384,1,3,0.9793220937211549,false
camel-core/src/main/java/org/apache/camel/model/InterceptorRef.java,50.0,8.0,18.0,9.0,8.0,20.0,421.0,jstrachan@apache.org,1,9.389671361502347E-4,6.0,0.0,0.0,0.0,13275.391509433963,739343.7117428384,1,2,0.9793220937211549,false
camel-core/src/main/java/org/apache/camel/model/InterceptorType.java,6.0,3.0,0.0,1.0,0.0,2.0,421.0,davsclaus@apache.org,1,9.389671361502347E-4,11.0,0.0,0.0,0.0,13275.391509433963,739343.7117428384,1,1,0.9793220937211549,false
camel-core/src/main/java/org/apache/camel/model/LoadBalanceType.java,73.0,31.0,0.0,14.0,12.0,32.0,0.0,null,0,0.0,0.0,0.0,0.0,0.0,0.0,0.0,0,1,0.0,false
camel-core/src/main/java/org/apache/camel/model/MarshalType.java,40.0,17.0,4.0,9.0,2.0,15.0,421.0,jstrachan@apache.org,1,9.389671361502347E-4,5.0,0.0,0.0,0.0,13275.391509433963,739343.7117428384,1,2,0.9793220937211549,false
camel-core/src/main/java/org/apache/camel/model/MulticastType.java,24.0,10.0,4.0,5.0,2.0,11.0,108.0,ningjiang@apache.org,2,0.0018779342723004694,17.0,0.0,4.0,0.0,15225.022278664732,769613.3035651849,2,1,0.4081102769881191,false
camel-core/src/main/java/org/apache/camel/model/OtherwiseType.java,14.0,5.0,3.0,3.0,2.0,7.0,421.0,jstrachan@apache.org,1,9.389671361502347E-4,7.0,0.0,0.0,0.0,13275.391509433963,739343.7117428384,1,4,0.9793220937211549,false
camel-core/src/main/java/org/apache/camel/model/OutputType.java,25.0,9.0,1.0,3.0,4.0,7.0,421.0,jstrachan@apache.org,1,9.389671361502347E-4,5.0,0.0,0.0,0.0,13275.391509433963,739343.7117428384,1,5,0.9793220937211549,false
camel-core/src/main/java/org/apache/camel/model/ProceedType.java,8.0,7.0,0.0,1.0,1.0,3.0,421.0,davsclaus@apache.org,1,9.389671361502347E-4,7.0,0.0,0.0,0.0,13275.391509433963,739343.7117428384,1,3,0.9793220937211549,false
camel-core/src/main/java/org/apache/camel/model/ProcessorType.java,878.0,39.0,6744.0,117.0,185.0,306.0,87.0,null,2,0.0018779342723004694,4.0,1.0,0.0,0.0,15225.022278664732,769613.3035651849,2,17,0.29210775132913436,false
camel-core/src/main/java/org/apache/camel/model/ResequencerType.java,129.0,20.0,202.0,24.0,37.0,52.0,421.0,jstrachan@apache.org,1,9.389671361502347E-4,3.0,0.0,0.0,0.0,13275.391509433963,739343.7117428384,1,5,0.9793220937211549,false
camel-core/src/main/java/org/apache/camel/model/RouteBuilderRef.java,26.0,8.0,3.0,6.0,4.0,9.0,146.0,hadrian@apache.org,3,0.0028169014084507044,50.0,0.0,33.0,0.0,16072.669337488262,774007.5912341031,3,0,0.1381818072848664,false
camel-core/src/main/java/org/apache/camel/model/RouteType.java,117.0,9.0,168.0,21.0,22.0,43.0,421.0,jstrachan@apache.org,1,9.389671361502347E-4,2.0,0.0,0.0,0.0,13275.391509433963,739343.7117428384,1,7,0.9793220937211549,false
camel-core/src/main/java/org/apache/camel/model/RoutesType.java,127.0,14.0,274.0,25.0,36.0,46.0,421.0,jstrachan@apache.org,1,9.389671361502347E-4,4.0,0.0,0.0,0.0,13275.391509433963,739343.7117428384,1,6,0.9793220937211549,false
camel-core/src/main/java/org/apache/camel/model/SplitterType.java,30.0,11.0,15.0,7.0,5.0,12.0,214.0,null,1,9.389671361502347E-4,8.0,0.0,0.0,0.0,13275.391509433963,739343.7117428384,1,3,0.9793220937211549,false
camel-core/src/main/java/org/apache/camel/model/ThreadType.java,125.0,15.0,284.0,28.0,23.0,44.0,0.0,null,0,0.0,0.0,0.0,0.0,0.0,0.0,0.0,0,2,0.0,false
camel-core/src/main/java/org/apache/camel/model/ThrottlerType.java,48.0,10.0,40.0,12.0,6.0,21.0,421.0,jstrachan@apache.org,1,9.389671361502347E-4,5.0,0.0,0.0,0.0,13275.391509433963,739343.7117428384,1,3,0.9793220937211549,false
camel-core/src/main/java/org/apache/camel/model/ToType.java,74.0,14.0,57.0,15.0,13.0,28.0,421.0,jstrachan@apache.org,1,9.389671361502347E-4,4.0,0.0,0.0,0.0,13275.391509433963,739343.7117428384,1,7,0.9793220937211549,false
camel-core/src/main/java/org/apache/camel/model/TryType.java,97.0,10.0,37.0,11.0,16.0,32.0,421.0,null,1,9.389671361502347E-4,5.0,0.0,0.0,0.0,13275.391509433963,739343.7117428384,1,3,0.9793220937211549,false
camel-core/src/main/java/org/apache/camel/model/UnmarshalType.java,40.0,17.0,4.0,9.0,2.0,15.0,421.0,jstrachan@apache.org,1,9.389671361502347E-4,5.0,0.0,0.0,0.0,13275.391509433963,739343.7117428384,1,2,0.9793220937211549,false
camel-core/src/main/java/org/apache/camel/model/dataformat/CsvDataFormat.java,9.0,6.0,0.0,1.0,0.0,2.0,330.0,davsclaus@apache.org,1,9.389671361502347E-4,4.0,0.0,0.0,0.0,13275.391509433963,739343.7117428384,1,0,0.9793220937211549,false
camel-core/src/main/java/org/apache/camel/model/dataformat/StringDataFormat.java,9.0,3.0,0.0,1.0,0.0,2.0,421.0,davsclaus@apache.org,1,9.389671361502347E-4,7.0,0.0,0.0,0.0,13275.391509433963,739343.7117428384,1,0,0.9793220937211549,false
camel-core/src/main/java/org/apache/camel/model/language/MethodCallExpression.java,38.0,7.0,30.0,9.0,5.0,15.0,421.0,davsclaus@apache.org,1,9.389671361502347E-4,2.0,0.0,0.0,0.0,13275.391509433963,739343.7117428384,1,0,0.9793220937211549,true
camel-core/src/main/java/org/apache/camel/model/language/SimpleExpression.java,14.0,1.0,3.0,3.0,0.0,4.0,421.0,davsclaus@apache.org,1,9.389671361502347E-4,5.0,0.0,0.0,0.0,13275.391509433963,739343.7117428384,1,2,0.9793220937211549,false
camel-core/src/main/java/org/apache/camel/model/language/SqlExpression.java,14.0,1.0,3.0,3.0,0.0,4.0,421.0,davsclaus@apache.org,1,9.389671361502347E-4,9.0,0.0,0.0,0.0,13275.391509433963,739343.7117428384,1,2,0.9793220937211549,false
camel-core/src/main/java/org/apache/camel/model/loadbalancer/LoadBalancerType.java,78.0,13.0,8.0,12.0,19.0,25.0,0.0,davsclaus@apache.org,0,0.0,0.0,0.0,0.0,0.0,0.0,0.0,0,0,0.0,false
camel-core/src/main/java/org/apache/camel/model/loadbalancer/RandomLoadBalanceStrategy.java,5.0,3.0,0.0,1.0,0.0,2.0,0.0,davsclaus@apache.org,0,0.0,0.0,0.0,0.0,0.0,0.0,0.0,0,0,0.0,false
camel-core/src/main/java/org/apache/camel/model/loadbalancer/RoundRobinLoadBalanceStrategy.java,5.0,3.0,0.0,1.0,0.0,2.0,0.0,davsclaus@apache.org,0,0.0,0.0,0.0,0.0,0.0,0.0,0.0,0,0,0.0,false
camel-core/src/main/java/org/apache/camel/model/loadbalancer/StickyLoadBalanceStrategy.java,41.0,9.0,6.0,9.0,3.0,13.0,0.0,ningjiang@apache.org,0,0.0,0.0,0.0,0.0,0.0,0.0,0.0,0,0,0.0,false
camel-core/src/main/java/org/apache/camel/model/loadbalancer/TopicLoadBalanceStrategy.java,5.0,3.0,0.0,1.0,0.0,2.0,0.0,ningjiang@apache.org,0,0.0,0.0,0.0,0.0,0.0,0.0,0.0,0,0,0.0,false
camel-core/src/main/java/org/apache/camel/model/loadbalancer/package-info.java,0.0,0.0,0.0,0.0,0.0,0.0,0.0,davsclaus@apache.org,0,0.0,0.0,0.0,0.0,0.0,0.0,0.0,0,0,0.0,false
camel-core/src/main/java/org/apache/camel/processor/Aggregator.java,30.0,7.0,8.0,5.0,3.0,8.0,421.0,davsclaus@apache.org,1,9.389671361502347E-4,6.0,0.0,0.0,0.0,13275.391509433963,739343.7117428384,1,1,0.9793220937211549,false
camel-core/src/main/java/org/apache/camel/processor/BatchProcessor.java,112.0,12.0,62.0,17.0,24.0,39.0,212.0,davsclaus@apache.org,2,0.0018779342723004694,4.0,0.0,0.0,0.0,14123.038568257492,743737.9994117565,2,3,0.6901362607373963,false
camel-core/src/main/java/org/apache/camel/processor/DeadLetterChannel.java,194.0,12.0,161.0,22.0,45.0,49.0,1.0,davsclaus@apache.org,1,9.389671361502347E-4,1.0,0.0,0.0,0.0,13275.391509433963,739343.7117428384,1,8,0.9793220937211549,true
camel-core/src/main/java/org/apache/camel/processor/MulticastProcessor.java,69.0,10.0,6.0,9.0,11.0,23.0,5.0,davsclaus@apache.org,1,9.389671361502347E-4,2.0,0.0,1.0,0.0,13275.391509433963,739343.7117428384,1,4,0.9793220937211549,true
camel-core/src/main/java/org/apache/camel/processor/Pipeline.java,101.0,13.0,22.0,8.0,49.0,29.0,0.0,davsclaus@apache.org,0,0.0,0.0,0.0,0.0,0.0,0.0,0.0,0,12,0.0,false
camel-core/src/main/java/org/apache/camel/processor/RecipientList.java,36.0,15.0,7.0,6.0,11.0,12.0,1.0,davsclaus@apache.org,1,9.389671361502347E-4,2.0,0.0,0.0,0.0,847.6470588235295,4394.287668918161,1,6,1.7872447888735283,true
camel-core/src/main/java/org/apache/camel/processor/RedeliveryPolicy.java,166.0,2.0,231.0,26.0,15.0,57.0,1.0,davsclaus@apache.org,1,9.389671361502347E-4,2.0,0.0,0.0,0.0,1949.6307692307691,30269.591822346585,1,4,0.9438154052642451,false
camel-core/src/main/java/org/apache/camel/processor/Splitter.java,55.0,12.0,0.0,5.0,15.0,12.0,7.0,davsclaus@apache.org,1,9.389671361502347E-4,1.0,0.0,0.0,0.0,13275.391509433963,739343.7117428384,1,6,0.9793220937211549,true
camel-core/src/main/java/org/apache/camel/processor/TryProcessor.java,90.0,9.0,0.0,7.0,20.0,27.0,143.0,davsclaus@apache.org,2,0.0018779342723004694,5.0,0.0,2.0,0.0,13642.911509433963,740675.4937399258,2,2,1.6320972307654071,true
camel-core/src/main/java/org/apache/camel/processor/aggregate/AggregationCollection.java,43.0,7.0,0.0,7.0,9.0,13.0,59.0,null,2,0.0018779342723004694,11.0,0.0,6.0,0.0,14123.038568257492,743737.9994117565,2,1,0.6901362607373963,false
camel-core/src/main/java/org/apache/camel/processor/aggregate/PredicateAggregationCollection.java,28.0,6.0,0.0,5.0,6.0,8.0,115.0,davsclaus@apache.org,1,9.389671361502347E-4,8.0,0.0,8.0,0.0,13275.391509433963,739343.7117428384,1,0,0.9793220937211549,false
camel-core/src/main/java/org/apache/camel/processor/loadbalancer/LoadBalancerConsumer.java,17.0,4.0,0.0,3.0,4.0,5.0,58.0,ningjiang@apache.org,2,0.0018779342723004694,33.0,17.0,17.0,0.0,15225.022278664732,769613.3035651849,2,0,0.2684215689327547,false
camel-core/src/main/java/org/apache/camel/processor/loadbalancer/LoadBalancerSupport.java,22.0,5.0,0.0,5.0,4.0,8.0,115.0,davsclaus@apache.org,1,9.389671361502347E-4,6.0,0.0,6.0,0.0,13275.391509433963,739343.7117428384,1,1,0.9793220937211549,true
camel-core/src/main/java/org/apache/camel/processor/loadbalancer/StickyLoadBalancer.java,72.0,7.0,15.0,10.0,13.0,18.0,115.0,davsclaus@apache.org,1,9.389671361502347E-4,6.0,0.0,6.0,0.0,13275.391509433963,739343.7117428384,1,1,0.9793220937211549,false
camel-core/src/main/java/org/apache/camel/spi/BrowsableEndpoint.java,11.0,3.0,0.0,1.0,0.0,2.0,26.0,jstrachan@apache.org,2,0.0018779342723004694,56.0,22.0,33.0,0.0,15225.022278664732,769613.3035651849,2,0,0.45051431941743925,false
camel-core/src/main/java/org/apache/camel/spi/LifecycleStrategy.java,23.0,7.0,10.0,5.0,0.0,10.0,0.0,davsclaus@apache.org,0,0.0,0.0,0.0,0.0,0.0,0.0,0.0,0,0,0.0,true
camel-core/src/main/java/org/apache/camel/util/CamelContextHelper.java,121.0,12.0,66.0,12.0,26.0,36.0,214.0,davsclaus@apache.org,2,0.0018779342723004694,4.0,2.0,0.0,0.0,15225.022278664732,769613.3035651849,2,3,0.2684215689327547,true
camel-core/src/main/java/org/apache/camel/util/CollectionHelper.java,61.0,6.0,3.0,3.0,7.0,9.0,421.0,davsclaus@apache.org,1,9.389671361502347E-4,7.0,0.0,0.0,0.0,13275.391509433963,739343.7117428384,1,1,0.9793220937211549,false
camel-core/src/main/java/org/apache/camel/util/EndpointHelper.java,43.0,6.0,1.0,2.0,7.0,9.0,216.0,davsclaus@apache.org,2,0.0018779342723004694,5.0,2.0,0.0,0.0,15225.022278664732,769613.3035651849,2,0,0.2684215689327547,true
camel-core/src/main/java/org/apache/camel/util/ExchangeHelper.java,223.0,11.0,210.0,21.0,52.0,74.0,5.0,davsclaus@apache.org,2,0.0018779342723004694,3.0,0.0,1.0,0.0,2317.150769230769,31601.373819433982,2,7,0.9637814524579347,true
camel-core/src/main/java/org/apache/camel/util/ObjectHelper.java,429.0,14.0,494.0,32.0,73.0,118.0,4.0,davsclaus@apache.org,2,0.0018779342723004694,1.0,0.0,0.0,0.0,14123.038568257492,743737.9994117565,2,13,0.6901362607373963,true
camel-core/src/main/java/org/apache/camel/util/PackageHelper.java,38.0,2.0,0.0,1.0,11.0,5.0,212.0,ningjiang@apache.org,2,0.0018779342723004694,17.0,8.0,0.0,8.0,15225.022278664732,769613.3035651849,2,0,0.2684215689327547,false
camel-core/src/main/java/org/apache/camel/util/jndi/JndiContext.java,311.0,23.0,801.0,42.0,51.0,118.0,421.0,davsclaus@apache.org,1,9.389671361502347E-4,6.0,0.0,0.0,0.0,13275.391509433963,739343.7117428384,1,2,0.9793220937211549,false
camel-core/src/test/java/org/apache/camel/ContextTestSupport.java,187.0,9.0,231.0,26.0,44.0,74.0,41.0,null,3,0.0028169014084507044,4.0,1.0,1.0,0.0,15592.542278664732,770945.0855622723,3,12,0.513518894903608,false
camel-core/src/test/java/org/apache/camel/ExchangeTestSupport.java,28.0,1.0,1.0,3.0,6.0,6.0,59.0,ningjiang@apache.org,2,0.0018779342723004694,33.0,0.0,17.0,0.0,13642.911509433963,740675.4937399258,2,0,1.2531418921655084,false
camel-core/src/test/java/org/apache/camel/TestSupport.java,263.0,13.0,415.0,30.0,76.0,85.0,8.0,null,1,9.389671361502347E-4,1.0,1.0,0.0,0.0,1949.6307692307691,30269.591822346585,1,8,0.9438154052642451,false
camel-core/src/test/java/org/apache/camel/builder/BuilderWithScopesTest.java,282.0,10.0,645.0,47.0,201.0,83.0,6.0,davsclaus@apache.org,1,9.389671361502347E-4,5.0,0.0,5.0,0.0,367.52,1331.7819970873957,1,0,2.9132560517297525,false
camel-core/src/test/java/org/apache/camel/builder/InterceptorBuilderTest.java,62.0,9.0,15.0,6.0,18.0,9.0,421.0,jstrachan@apache.org,1,9.389671361502347E-4,7.0,0.0,0.0,0.0,13275.391509433963,739343.7117428384,1,6,0.9793220937211549,false
camel-core/src/test/java/org/apache/camel/builder/InterceptorBuilderWithEndTest.java,62.0,9.0,15.0,6.0,20.0,9.0,421.0,ningjiang@apache.org,1,9.389671361502347E-4,25.0,0.0,0.0,0.0,13275.391509433963,739343.7117428384,1,1,0.9793220937211549,false
camel-core/src/test/java/org/apache/camel/component/bean/ChainedBeanInvocationTest.java,57.0,7.0,0.0,7.0,32.0,19.0,2.0,davsclaus@apache.org,2,0.0018779342723004694,38.0,0.0,0.0,0.0,14123.038568257492,743737.9994117565,2,0,0.6121154904771333,false
camel-core/src/test/java/org/apache/camel/component/bean/NewInstanceTest.java,47.0,9.0,4.0,4.0,13.0,9.0,211.0,davsclaus@apache.org,2,0.0018779342723004694,22.0,0.0,0.0,11.0,15225.022278664732,769613.3035651849,2,1,0.2684215689327547,false
camel-core/src/test/java/org/apache/camel/component/file/DirectoryCreateIssueTest.java,49.0,12.0,4.0,5.0,24.0,10.0,141.0,davsclaus@apache.org,2,0.0018779342723004694,15.0,0.0,0.0,10.0,15225.022278664732,769613.3035651849,2,1,0.3309723626073722,false
camel-core/src/test/java/org/apache/camel/component/file/FileConfigureTest.java,31.0,4.0,1.0,2.0,9.0,3.0,421.0,davsclaus@apache.org,1,9.389671361502347E-4,5.0,0.0,0.0,0.0,13275.391509433963,739343.7117428384,1,1,0.9793220937211549,true
camel-core/src/test/java/org/apache/camel/component/file/FileDeleteRouteTest.java,18.0,1.0,1.0,2.0,7.0,4.0,421.0,davsclaus@apache.org,1,9.389671361502347E-4,6.0,0.0,0.0,0.0,13275.391509433963,739343.7117428384,1,4,0.9793220937211549,false
camel-core/src/test/java/org/apache/camel/component/list/ListTest.java,30.0,8.0,3.0,3.0,13.0,8.0,32.0,ningjiang@apache.org,2,0.0018779342723004694,67.0,50.0,17.0,0.0,15225.022278664732,769613.3035651849,2,0,0.3903569327596643,false
camel-core/src/test/java/org/apache/camel/component/mock/MockEndpointTest.java,76.0,2.0,66.0,12.0,52.0,23.0,39.0,davsclaus@apache.org,3,0.0028169014084507044,10.0,3.0,7.0,0.0,15592.542278664732,770945.0855622723,3,1,0.513518894903608,true
camel-core/src/test/java/org/apache/camel/component/seda/SedaConfigureTest.java,11.0,4.0,0.0,1.0,5.0,2.0,115.0,ningjiang@apache.org,1,9.389671361502347E-4,17.0,0.0,17.0,0.0,13275.391509433963,739343.7117428384,1,1,0.9793220937211549,false
camel-core/src/test/java/org/apache/camel/converter/JaxpTest.java,36.0,13.0,0.0,4.0,17.0,8.0,1.0,davsclaus@apache.org,1,9.389671361502347E-4,4.0,4.0,4.0,0.0,1949.6307692307691,30269.591822346585,1,4,0.9438154052642451,false
camel-core/src/test/java/org/apache/camel/issues/AmahDeadLetterTest.java,25.0,5.0,6.0,4.0,12.0,9.0,421.0,ningjiang@apache.org,1,9.389671361502347E-4,17.0,0.0,0.0,0.0,13275.391509433963,739343.7117428384,1,1,0.9793220937211549,false
camel-core/src/test/java/org/apache/camel/issues/ExceptionTest.java,60.0,5.0,21.0,7.0,38.0,22.0,421.0,davsclaus@apache.org,1,9.389671361502347E-4,6.0,0.0,0.0,0.0,13275.391509433963,739343.7117428384,1,2,0.9793220937211549,false
camel-core/src/test/java/org/apache/camel/issues/RomeksExceptionTest.java,42.0,8.0,9.0,6.0,32.0,13.0,421.0,davsclaus@apache.org,1,9.389671361502347E-4,8.0,0.0,0.0,0.0,13275.391509433963,739343.7117428384,1,1,0.9793220937211549,false
camel-core/src/test/java/org/apache/camel/issues/SetHeaderIssueTest.java,33.0,8.0,4.0,5.0,22.0,9.0,421.0,ningjiang@apache.org,1,9.389671361502347E-4,17.0,0.0,0.0,0.0,13275.391509433963,739343.7117428384,1,1,0.9793220937211549,false
camel-core/src/test/java/org/apache/camel/language/BeanTest.java,28.0,5.0,6.0,4.0,3.0,9.0,421.0,davsclaus@apache.org,1,9.389671361502347E-4,8.0,0.0,0.0,0.0,13275.391509433963,739343.7117428384,1,1,0.9793220937211549,false
camel-core/src/test/java/org/apache/camel/management/JmxInstrumentationUsingDefaultsTest.java,72.0,9.0,8.0,8.0,30.0,18.0,0.0,davsclaus@apache.org,0,0.0,0.0,0.0,0.0,0.0,0.0,0.0,0,2,0.0,false
camel-core/src/test/java/org/apache/camel/model/XmlParseTest.java,171.0,6.0,406.0,29.0,137.0,55.0,421.0,davsclaus@apache.org,1,9.389671361502347E-4,2.0,0.0,0.0,0.0,13275.391509433963,739343.7117428384,1,3,0.9793220937211549,false
camel-core/src/test/java/org/apache/camel/model/XmlTestSupport.java,24.0,7.0,1.0,3.0,9.0,9.0,212.0,jstrachan@apache.org,2,0.0018779342723004694,13.0,0.0,0.0,0.0,13642.911509433963,740675.4937399258,2,1,1.2531418921655084,false
camel-core/src/test/java/org/apache/camel/processor/AggregatorTest.java,39.0,3.0,8.0,5.0,24.0,11.0,59.0,null,2,0.0018779342723004694,8.0,0.0,4.0,0.0,14123.038568257492,743737.9994117565,2,4,0.6901362607373963,false
camel-core/src/test/java/org/apache/camel/processor/DelayerTest.java,29.0,3.0,6.0,4.0,14.0,7.0,59.0,davsclaus@apache.org,2,0.0018779342723004694,14.0,0.0,14.0,0.0,13390.058176100629,739422.2431724251,2,2,1.9462890727254538,true
camel-core/src/test/java/org/apache/camel/processor/InterceptRouteTest.java,33.0,4.0,4.0,5.0,25.0,11.0,115.0,jstrachan@apache.org,1,9.389671361502347E-4,12.0,0.0,12.0,0.0,13275.391509433963,739343.7117428384,1,2,0.9793220937211549,false
camel-core/src/test/java/org/apache/camel/processor/InterceptWithPredicateAndProceedRouteTest.java,33.0,4.0,4.0,5.0,19.0,11.0,115.0,jstrachan@apache.org,1,9.389671361502347E-4,12.0,0.0,12.0,0.0,13275.391509433963,739343.7117428384,1,2,0.9793220937211549,false
camel-core/src/test/java/org/apache/camel/processor/InterceptWithPredicateRouteTest.java,32.0,4.0,4.0,5.0,17.0,11.0,115.0,davsclaus@apache.org,1,9.389671361502347E-4,11.0,0.0,11.0,0.0,13275.391509433963,739343.7117428384,1,2,0.9793220937211549,false
camel-core/src/test/java/org/apache/camel/processor/InterceptWithoutProceedRouteTest.java,33.0,4.0,4.0,5.0,19.0,11.0,115.0,jstrachan@apache.org,1,9.389671361502347E-4,12.0,0.0,12.0,0.0,13275.391509433963,739343.7117428384,1,2,0.9793220937211549,false
camel-core/src/test/java/org/apache/camel/processor/LoadBalanceTest.java,39.0,4.0,8.0,5.0,14.0,10.0,0.0,ningjiang@apache.org,0,0.0,0.0,0.0,0.0,0.0,0.0,0.0,0,0,0.0,false
camel-core/src/test/java/org/apache/camel/processor/MethodFilterTest.java,35.0,4.0,10.0,5.0,17.0,12.0,115.0,ningjiang@apache.org,1,9.389671361502347E-4,17.0,0.0,17.0,0.0,13275.391509433963,739343.7117428384,1,0,0.9793220937211549,false
camel-core/src/test/java/org/apache/camel/processor/MultiCastAggregatorTest.java,77.0,9.0,8.0,5.0,30.0,9.0,6.0,ningjiang@apache.org,1,9.389671361502347E-4,11.0,0.0,0.0,0.0,13275.391509433963,739343.7117428384,1,0,0.9793220937211549,false
camel-core/src/test/java/org/apache/camel/processor/MyAggregationStrategy.java,23.0,3.0,1.0,2.0,2.0,6.0,115.0,ningjiang@apache.org,1,9.389671361502347E-4,10.0,0.0,10.0,0.0,13275.391509433963,739343.7117428384,1,1,0.9793220937211549,false
camel-core/src/test/java/org/apache/camel/processor/PipelineTest.java,108.0,6.0,64.0,12.0,54.0,20.0,115.0,null,1,9.389671361502347E-4,5.0,0.0,5.0,0.0,13275.391509433963,739343.7117428384,1,6,0.9793220937211549,false
camel-core/src/test/java/org/apache/camel/processor/SetHeaderTest.java,25.0,9.0,3.0,3.0,21.0,6.0,115.0,ningjiang@apache.org,1,9.389671361502347E-4,14.0,0.0,14.0,0.0,13275.391509433963,739343.7117428384,1,1,0.9793220937211549,false
camel-core/src/test/java/org/apache/camel/processor/SplitterTest.java,59.0,8.0,28.0,8.0,44.0,16.0,61.0,davsclaus@apache.org,1,9.389671361502347E-4,5.0,0.0,3.0,0.0,13275.391509433963,739343.7117428384,1,4,0.9793220937211549,true
camel-core/src/test/java/org/apache/camel/processor/ValidationTest.java,49.0,10.0,1.0,6.0,26.0,11.0,58.0,davsclaus@apache.org,2,0.0018779342723004694,13.0,0.0,7.0,0.0,13642.911509433963,740675.4937399258,2,2,1.2531418921655084,false
camel-core/src/test/java/org/apache/camel/processor/XPathFilterTest.java,25.0,2.0,6.0,4.0,16.0,9.0,115.0,jstrachan@apache.org,1,9.389671361502347E-4,9.0,0.0,9.0,0.0,13275.391509433963,739343.7117428384,1,3,0.9793220937211549,false
camel-core/src/test/java/org/apache/camel/processor/aggregator/AlbertoAggregatorTest.java,101.0,15.0,10.0,8.0,72.0,22.0,212.0,davsclaus@apache.org,2,0.0018779342723004694,10.0,0.0,0.0,0.0,14123.038568257492,743737.9994117565,2,1,0.6901362607373963,false
camel-core/src/test/java/org/apache/camel/util/ObjectHelperTest.java,28.0,4.0,6.0,4.0,11.0,7.0,4.0,davsclaus@apache.org,2,0.0018779342723004694,6.0,0.0,0.0,0.0,14123.038568257492,743737.9994117565,2,0,0.6901362607373963,true
camel-core/src/test/java/org/apache/camel/view/DotViewTest.java,43.0,5.0,1.0,2.0,2.0,4.0,58.0,davsclaus@apache.org,1,9.389671361502347E-4,9.0,0.0,4.0,4.0,13275.391509433963,739343.7117428384,1,0,0.9793220937211549,false
components/camel-amqp/src/test/java/org/apache/camel/component/amqp/AMQPRouteTest.java,46.0,6.0,22.0,8.0,22.0,17.0,421.0,ningjiang@apache.org,1,9.389671361502347E-4,4.0,0.0,0.0,0.0,13275.391509433963,739343.7117428384,1,0,0.9793220937211549,false
components/camel-atom/src/main/java/org/apache/camel/component/atom/AtomComponent.java,9.0,3.0,0.0,1.0,0.0,3.0,149.0,davsclaus@apache.org,1,9.389671361502347E-4,6.0,0.0,0.0,0.0,13275.391509433963,739343.7117428384,1,2,0.9793220937211549,false
components/camel-atom/src/main/java/org/apache/camel/component/atom/AtomEndpoint.java,71.0,16.0,95.0,15.0,13.0,33.0,149.0,davsclaus@apache.org,1,9.389671361502347E-4,4.0,0.0,0.0,0.0,13275.391509433963,739343.7117428384,1,2,0.9793220937211549,true
components/camel-atom/src/main/java/org/apache/camel/component/atom/AtomEntryPollingConsumer.java,57.0,7.0,29.0,10.0,11.0,24.0,149.0,null,1,9.389671361502347E-4,5.0,0.0,0.0,0.0,13275.391509433963,739343.7117428384,1,1,0.9793220937211549,false
components/camel-atom/src/main/java/org/apache/camel/component/atom/AtomPollingConsumer.java,31.0,5.0,13.0,6.0,6.0,13.0,149.0,null,1,9.389671361502347E-4,7.0,0.0,0.0,0.0,13275.391509433963,739343.7117428384,1,1,0.9793220937211549,false
components/camel-atom/src/main/java/org/apache/camel/component/atom/AtomProducer.java,44.0,11.0,0.0,3.0,14.0,7.0,149.0,jstrachan@apache.org,1,9.389671361502347E-4,12.0,0.0,0.0,0.0,13275.391509433963,739343.7117428384,1,1,0.9793220937211549,false
components/camel-atom/src/main/java/org/apache/camel/component/atom/EntryFilter.java,6.0,3.0,0.0,1.0,0.0,1.0,149.0,ningjiang@apache.org,1,9.389671361502347E-4,17.0,0.0,0.0,0.0,13275.391509433963,739343.7117428384,1,1,0.9793220937211549,false
components/camel-atom/src/main/java/org/apache/camel/component/atom/UpdatedDateFilter.java,35.0,6.0,3.0,3.0,7.0,8.0,149.0,davsclaus@apache.org,1,9.389671361502347E-4,8.0,0.0,0.0,0.0,13275.391509433963,739343.7117428384,1,1,0.9793220937211549,false
components/camel-atom/src/test/java/org/apache/camel/component/atom/AtomRouteTest.java,31.0,8.0,3.0,3.0,14.0,9.0,149.0,ningjiang@apache.org,1,9.389671361502347E-4,10.0,0.0,0.0,0.0,13275.391509433963,739343.7117428384,1,1,0.9793220937211549,false
components/camel-bam/src/test/java/org/apache/camel/bam/MultipleProcessesTest.java,32.0,3.0,10.0,5.0,12.0,6.0,149.0,ningjiang@apache.org,1,9.389671361502347E-4,11.0,0.0,0.0,0.0,13275.391509433963,739343.7117428384,1,4,0.9793220937211549,false
components/camel-csv/src/main/java/org/apache/camel/dataformat/csv/CsvDataFormat.java,70.0,17.0,17.0,7.0,16.0,20.0,330.0,davsclaus@apache.org,1,9.389671361502347E-4,5.0,0.0,0.0,0.0,13275.391509433963,739343.7117428384,1,0,0.9793220937211549,false
components/camel-csv/src/test/java/org/apache/camel/dataformat/csv/CsvRouteTest.java,31.0,11.0,3.0,3.0,20.0,6.0,285.0,davsclaus@apache.org,1,9.389671361502347E-4,5.0,0.0,0.0,0.0,13275.391509433963,739343.7117428384,1,0,0.9793220937211549,false
components/camel-cxf/src/main/java/org/apache/camel/component/cxf/AsyncProcessorDecorator.java,38.0,6.0,0.0,4.0,8.0,10.0,28.0,ningjiang@apache.org,1,9.389671361502347E-4,20.0,0.0,0.0,0.0,13275.391509433963,739343.7117428384,1,0,0.9793220937211549,false
components/camel-cxf/src/main/java/org/apache/camel/component/cxf/CamelInvoker.java,107.0,18.0,4.0,5.0,51.0,20.0,12.0,ningjiang@apache.org,1,9.389671361502347E-4,27.0,12.0,3.0,3.0,13275.391509433963,739343.7117428384,1,0,0.9793220937211549,false
components/camel-cxf/src/main/java/org/apache/camel/component/cxf/CxfBinding.java,57.0,4.0,15.0,6.0,18.0,16.0,16.0,ningjiang@apache.org,1,9.389671361502347E-4,13.0,3.0,0.0,3.0,13275.391509433963,739343.7117428384,1,0,0.9793220937211549,false
components/camel-cxf/src/main/java/org/apache/camel/component/cxf/CxfComponent.java,16.0,4.0,3.0,3.0,1.0,5.0,28.0,null,1,9.389671361502347E-4,3.0,0.0,0.0,0.0,13275.391509433963,739343.7117428384,1,1,0.9793220937211549,true
components/camel-cxf/src/main/java/org/apache/camel/component/cxf/CxfConstants.java,20.0,0.0,0.0,0.0,0.0,0.0,7.0,ningjiang@apache.org,1,9.389671361502347E-4,4.0,4.0,0.0,0.0,13275.391509433963,739343.7117428384,1,0,0.9793220937211549,false
components/camel-cxf/src/main/java/org/apache/camel/component/cxf/CxfConsumer.java,70.0,16.0,0.0,4.0,29.0,11.0,21.0,ningjiang@apache.org,1,9.389671361502347E-4,6.0,3.0,0.0,1.0,13275.391509433963,739343.7117428384,1,0,0.9793220937211549,true
components/camel-cxf/src/main/java/org/apache/camel/component/cxf/CxfEndpoint.java,116.0,9.0,323.0,27.0,13.0,50.0,28.0,ningjiang@apache.org,1,9.389671361502347E-4,1.0,0.0,0.0,0.0,13275.391509433963,739343.7117428384,1,2,0.9793220937211549,true
components/camel-cxf/src/main/java/org/apache/camel/component/cxf/CxfExchange.java,90.0,7.0,159.0,19.0,26.0,37.0,18.0,ningjiang@apache.org,1,9.389671361502347E-4,15.0,5.0,5.0,0.0,13275.391509433963,739343.7117428384,1,2,0.9793220937211549,false
components/camel-cxf/src/main/java/org/apache/camel/component/cxf/CxfMessage.java,63.0,4.0,10.0,12.0,13.0,24.0,5.0,ningjiang@apache.org,1,9.389671361502347E-4,7.0,0.0,7.0,0.0,13275.391509433963,739343.7117428384,1,0,0.9793220937211549,false
components/camel-cxf/src/main/java/org/apache/camel/component/cxf/CxfProducer.java,119.0,27.0,9.0,7.0,39.0,22.0,10.0,ningjiang@apache.org,1,9.389671361502347E-4,8.0,4.0,1.0,0.0,13275.391509433963,739343.7117428384,1,0,0.9793220937211549,true
components/camel-cxf/src/main/java/org/apache/camel/component/cxf/CxfSoapBinding.java,8.0,4.0,3.0,3.0,0.0,3.0,16.0,ningjiang@apache.org,1,9.389671361502347E-4,11.0,0.0,0.0,0.0,13275.391509433963,739343.7117428384,1,0,0.9793220937211549,false
components/camel-cxf/src/main/java/org/apache/camel/component/cxf/CxfSoapComponent.java,20.0,6.0,1.0,2.0,7.0,6.0,88.0,ningjiang@apache.org,1,9.389671361502347E-4,17.0,0.0,0.0,0.0,13275.391509433963,739343.7117428384,1,0,0.9793220937211549,false
components/camel-cxf/src/main/java/org/apache/camel/component/cxf/CxfSoapConsumer.java,70.0,17.0,10.0,8.0,47.0,17.0,28.0,ningjiang@apache.org,1,9.389671361502347E-4,9.0,0.0,0.0,0.0,13275.391509433963,739343.7117428384,1,0,0.9793220937211549,false
components/camel-cxf/src/main/java/org/apache/camel/component/cxf/CxfSoapEndpoint.java,92.0,18.0,179.0,23.0,23.0,44.0,28.0,null,1,9.389671361502347E-4,6.0,0.0,0.0,0.0,13275.391509433963,739343.7117428384,1,0,0.9793220937211549,false
components/camel-cxf/src/main/java/org/apache/camel/component/cxf/CxfSoapProducer.java,95.0,23.0,37.0,14.0,55.0,30.0,28.0,ningjiang@apache.org,1,9.389671361502347E-4,7.0,0.0,0.0,0.0,13275.391509433963,739343.7117428384,1,0,0.9793220937211549,false
components/camel-cxf/src/main/java/org/apache/camel/component/cxf/DataFormat.java,0.0,0.0,0.0,0.0,0.0,0.0,63.0,ningjiang@apache.org,1,9.389671361502347E-4,12.0,12.0,0.0,0.0,13275.391509433963,739343.7117428384,1,0,0.9793220937211549,false
components/camel-cxf/src/main/java/org/apache/camel/component/cxf/MessageInvoker.java,10.0,1.0,0.0,1.0,0.0,2.0,24.0,ningjiang@apache.org,1,9.389671361502347E-4,33.0,17.0,0.0,0.0,13275.391509433963,739343.7117428384,1,0,0.9793220937211549,false
components/camel-cxf/src/main/java/org/apache/camel/component/cxf/feature/AbstractDataFormatFeature.java,43.0,7.0,6.0,4.0,15.0,10.0,21.0,ningjiang@apache.org,1,9.389671361502347E-4,7.0,7.0,0.0,0.0,13275.391509433963,739343.7117428384,1,0,0.9793220937211549,true
components/camel-cxf/src/main/java/org/apache/camel/component/cxf/feature/MessageDataFormatFeature.java,30.0,7.0,1.0,3.0,16.0,4.0,17.0,ningjiang@apache.org,1,9.389671361502347E-4,21.0,14.0,7.0,7.0,13275.391509433963,739343.7117428384,1,0,0.9793220937211549,false
components/camel-cxf/src/main/java/org/apache/camel/component/cxf/feature/MessageInvokerInterceptor.java,53.0,8.0,10.0,5.0,28.0,10.0,13.0,wtam@apache.org,1,9.389671361502347E-4,50.0,50.0,0.0,0.0,13275.391509433963,739343.7117428384,1,0,0.9793220937211549,false
components/camel-cxf/src/main/java/org/apache/camel/component/cxf/feature/PayLoadDataFormatFeature.java,37.0,10.0,4.0,4.0,18.0,5.0,19.0,ningjiang@apache.org,1,9.389671361502347E-4,14.0,7.0,4.0,4.0,13275.391509433963,739343.7117428384,1,0,0.9793220937211549,true
components/camel-cxf/src/main/java/org/apache/camel/component/cxf/interceptors/AbstractInvokerInterceptor.java,27.0,15.0,10.0,5.0,3.0,12.0,14.0,ningjiang@apache.org,1,9.389671361502347E-4,75.0,50.0,0.0,25.0,13275.391509433963,739343.7117428384,1,0,0.9793220937211549,false
components/camel-cxf/src/main/java/org/apache/camel/component/cxf/interceptors/SoapMessageInInterceptor.java,59.0,21.0,13.0,6.0,30.0,16.0,21.0,ningjiang@apache.org,1,9.389671361502347E-4,14.0,14.0,0.0,0.0,13275.391509433963,739343.7117428384,1,0,0.9793220937211549,false
components/camel-cxf/src/main/java/org/apache/camel/component/cxf/interceptors/SoapMessageOutInterceptor.java,74.0,23.0,1.0,3.0,31.0,9.0,21.0,ningjiang@apache.org,1,9.389671361502347E-4,20.0,20.0,0.0,0.0,13275.391509433963,739343.7117428384,1,0,0.9793220937211549,false
components/camel-cxf/src/main/java/org/apache/camel/component/cxf/invoker/CxfClient.java,100.0,29.0,13.0,7.0,37.0,19.0,7.0,ningjiang@apache.org,1,9.389671361502347E-4,38.0,23.0,8.0,8.0,13275.391509433963,739343.7117428384,1,0,0.9793220937211549,false
components/camel-cxf/src/main/java/org/apache/camel/component/cxf/invoker/InvokingContext.java,26.0,6.0,6.0,4.0,0.0,6.0,9.0,ningjiang@apache.org,1,9.389671361502347E-4,50.0,17.0,0.0,17.0,13275.391509433963,739343.7117428384,1,0,0.9793220937211549,false
components/camel-cxf/src/main/java/org/apache/camel/component/cxf/spring/CxfEndpointBean.java,7.0,2.0,0.0,1.0,1.0,1.0,0.0,ningjiang@apache.org,0,0.0,0.0,0.0,0.0,0.0,0.0,0.0,0,0,0.0,false
components/camel-cxf/src/main/java/org/apache/camel/component/cxf/spring/CxfEndpointBeanDefinitionParser.java,44.0,9.0,15.0,6.0,13.0,15.0,12.0,ningjiang@apache.org,2,0.0018779342723004694,6.0,0.0,0.0,3.0,14123.038568257492,743737.9994117565,2,0,0.6901362607373963,false
components/camel-cxf/src/main/java/org/apache/camel/component/cxf/spring/NamespaceHandler.java,5.0,1.0,0.0,1.0,1.0,1.0,24.0,ningjiang@apache.org,1,9.389671361502347E-4,17.0,0.0,0.0,17.0,13275.391509433963,739343.7117428384,1,0,0.9793220937211549,false
components/camel-cxf/src/main/java/org/apache/camel/component/cxf/transport/CamelConduit.java,139.0,24.0,33.0,11.0,14.0,21.0,24.0,ningjiang@apache.org,1,9.389671361502347E-4,3.0,0.0,0.0,3.0,13275.391509433963,739343.7117428384,1,0,0.9793220937211549,false
components/camel-cxf/src/main/java/org/apache/camel/component/cxf/transport/CamelConstants.java,24.0,0.0,0.0,0.0,0.0,0.0,0.0,ningjiang@apache.org,0,0.0,0.0,0.0,0.0,0.0,0.0,0.0,0,0,0.0,false
components/camel-cxf/src/main/java/org/apache/camel/component/cxf/transport/CamelDestination.java,172.0,27.0,79.0,15.0,26.0,31.0,1.0,null,1,9.389671361502347E-4,3.0,0.0,0.0,0.0,13275.391509433963,739343.7117428384,1,0,0.9793220937211549,false
components/camel-cxf/src/main/java/org/apache/camel/component/cxf/transport/CamelTransportFactory.java,62.0,18.0,13.0,10.0,6.0,24.0,6.0,ningjiang@apache.org,1,9.389671361502347E-4,7.0,0.0,0.0,0.0,114.66666666666666,78.53142958671533,1,0,4.299550412849643,false
components/camel-cxf/src/main/java/org/apache/camel/component/cxf/transport/spring/AbstractCamelContextBeanDefinitionParser.java,33.0,8.0,3.0,3.0,17.0,9.0,24.0,ningjiang@apache.org,1,9.389671361502347E-4,11.0,0.0,0.0,11.0,13275.391509433963,739343.7117428384,1,0,0.9793220937211549,false
components/camel-cxf/src/main/java/org/apache/camel/component/cxf/transport/spring/CamelConduitDefinitionParser.java,6.0,1.0,0.0,1.0,1.0,1.0,24.0,hadrian@apache.org,1,9.389671361502347E-4,20.0,0.0,0.0,20.0,13275.391509433963,739343.7117428384,1,0,0.9793220937211549,false
components/camel-cxf/src/main/java/org/apache/camel/component/cxf/transport/spring/CamelDestinationDefinitionParser.java,6.0,1.0,0.0,1.0,1.0,1.0,24.0,hadrian@apache.org,1,9.389671361502347E-4,17.0,0.0,0.0,17.0,13275.391509433963,739343.7117428384,1,0,0.9793220937211549,false
components/camel-cxf/src/main/java/org/apache/camel/component/cxf/transport/spring/NamespaceHandler.java,6.0,1.0,0.0,1.0,1.0,1.0,24.0,hadrian@apache.org,0,0.0,0.0,0.0,0.0,0.0,0.0,0.0,0,0,0.0,false
components/camel-cxf/src/main/java/org/apache/camel/component/cxf/util/CxfEndpointUtils.java,164.0,24.0,64.0,12.0,41.0,46.0,17.0,ningjiang@apache.org,1,9.389671361502347E-4,10.0,5.0,0.0,5.0,13275.391509433963,739343.7117428384,1,0,0.9793220937211549,false
components/camel-cxf/src/main/java/org/apache/camel/component/cxf/util/DataInInterceptor.java,15.0,11.0,1.0,2.0,3.0,4.0,24.0,ningjiang@apache.org,1,9.389671361502347E-4,14.0,0.0,0.0,14.0,13275.391509433963,739343.7117428384,1,0,0.9793220937211549,false
components/camel-cxf/src/main/java/org/apache/camel/component/cxf/util/DataOutInterceptor.java,19.0,11.0,1.0,2.0,4.0,5.0,24.0,ningjiang@apache.org,1,9.389671361502347E-4,20.0,0.0,0.0,20.0,13275.391509433963,739343.7117428384,1,0,0.9793220937211549,false
components/camel-cxf/src/main/java/org/apache/camel/component/cxf/util/NullDestination.java,20.0,6.0,9.0,6.0,0.0,10.0,24.0,ningjiang@apache.org,1,9.389671361502347E-4,20.0,0.0,0.0,20.0,13275.391509433963,739343.7117428384,1,0,0.9793220937211549,false
components/camel-cxf/src/main/java/org/apache/camel/component/cxf/util/WSDLSoapServiceFactoryBean.java,55.0,18.0,20.0,8.0,30.0,15.0,24.0,ningjiang@apache.org,1,9.389671361502347E-4,9.0,0.0,0.0,9.0,13275.391509433963,739343.7117428384,1,0,0.9793220937211549,false
components/camel-cxf/src/test/java/org/apache/camel/component/cxf/CXFGreeterRouterTest.java,35.0,8.0,4.0,4.0,15.0,9.0,14.0,ningjiang@apache.org,1,9.389671361502347E-4,17.0,9.0,4.0,4.0,13275.391509433963,739343.7117428384,1,0,0.9793220937211549,false
components/camel-cxf/src/test/java/org/apache/camel/component/cxf/CxfEndpointTest.java,13.0,5.0,0.0,1.0,8.0,2.0,28.0,ningjiang@apache.org,1,9.389671361502347E-4,7.0,0.0,0.0,0.0,13275.391509433963,739343.7117428384,1,0,0.9793220937211549,false
components/camel-cxf/src/test/java/org/apache/camel/component/cxf/CxfGreeterMessageRouterTest.java,19.0,4.0,6.0,4.0,5.0,8.0,24.0,ningjiang@apache.org,1,9.389671361502347E-4,15.0,8.0,0.0,0.0,13275.391509433963,739343.7117428384,1,0,0.9793220937211549,false
components/camel-cxf/src/test/java/org/apache/camel/component/cxf/CxfGreeterPayLoadRouterTest.java,19.0,4.0,6.0,4.0,5.0,8.0,24.0,ningjiang@apache.org,1,9.389671361502347E-4,20.0,10.0,0.0,0.0,13275.391509433963,739343.7117428384,1,0,0.9793220937211549,false
components/camel-cxf/src/test/java/org/apache/camel/component/cxf/CxfPayLoadMessageRouterTest.java,12.0,1.0,0.0,2.0,4.0,3.0,5.0,ningjiang@apache.org,1,9.389671361502347E-4,8.0,0.0,8.0,0.0,13275.391509433963,739343.7117428384,1,0,0.9793220937211549,false
components/camel-cxf/src/test/java/org/apache/camel/component/cxf/CxfProducerRouterTest.java,45.0,12.0,11.0,6.0,23.0,12.0,17.0,ningjiang@apache.org,1,9.389671361502347E-4,8.0,4.0,0.0,0.0,13275.391509433963,739343.7117428384,1,0,0.9793220937211549,false
components/camel-cxf/src/test/java/org/apache/camel/component/cxf/CxfProducerTest.java,70.0,15.0,10.0,8.0,37.0,15.0,17.0,ningjiang@apache.org,1,9.389671361502347E-4,6.0,3.0,0.0,0.0,13275.391509433963,739343.7117428384,1,0,0.9793220937211549,false
components/camel-cxf/src/test/java/org/apache/camel/component/cxf/CxfRawMessageRouterTest.java,12.0,1.0,0.0,2.0,4.0,3.0,5.0,ningjiang@apache.org,1,9.389671361502347E-4,5.0,0.0,5.0,0.0,13275.391509433963,739343.7117428384,1,0,0.9793220937211549,false
components/camel-cxf/src/test/java/org/apache/camel/component/cxf/CxfRouterTest.java,60.0,10.0,14.0,8.0,29.0,15.0,15.0,ningjiang@apache.org,1,9.389671361502347E-4,31.0,15.0,8.0,0.0,13275.391509433963,739343.7117428384,1,1,0.9793220937211549,false
components/camel-cxf/src/test/java/org/apache/camel/component/cxf/CxfSoapBindingTest.java,35.0,13.0,1.0,2.0,16.0,5.0,14.0,ningjiang@apache.org,1,9.389671361502347E-4,29.0,14.0,0.0,0.0,13275.391509433963,739343.7117428384,1,0,0.9793220937211549,false
components/camel-cxf/src/test/java/org/apache/camel/component/cxf/CxfSoapMessageProviderTest.java,29.0,8.0,1.0,2.0,9.0,7.0,19.0,ningjiang@apache.org,1,9.389671361502347E-4,22.0,11.0,0.0,0.0,13275.391509433963,739343.7117428384,1,0,0.9793220937211549,false
components/camel-cxf/src/test/java/org/apache/camel/component/cxf/CxfSoapTest.java,45.0,16.0,10.0,5.0,45.0,9.0,28.0,ningjiang@apache.org,1,9.389671361502347E-4,9.0,0.0,0.0,0.0,13275.391509433963,739343.7117428384,1,0,0.9793220937211549,false
components/camel-cxf/src/test/java/org/apache/camel/component/cxf/CxfSpringRouterTest.java,28.0,5.0,9.0,6.0,8.0,13.0,17.0,ningjiang@apache.org,1,9.389671361502347E-4,33.0,11.0,0.0,11.0,13275.391509433963,739343.7117428384,1,0,0.9793220937211549,false
components/camel-cxf/src/test/java/org/apache/camel/component/cxf/HelloService.java,6.0,0.0,6.0,4.0,0.0,4.0,0.0,ningjiang@apache.org,0,0.0,0.0,0.0,0.0,0.0,0.0,0.0,0,0,0.0,false
components/camel-cxf/src/test/java/org/apache/camel/component/cxf/HelloServiceImpl.java,18.0,1.0,2.0,4.0,2.0,9.0,14.0,ningjiang@apache.org,1,9.389671361502347E-4,15.0,15.0,0.0,0.0,13275.391509433963,739343.7117428384,1,0,0.9793220937211549,false
components/camel-cxf/src/test/java/org/apache/camel/component/cxf/ParameterProcessor.java,6.0,4.0,0.0,1.0,4.0,2.0,7.0,ningjiang@apache.org,1,9.389671361502347E-4,100.0,100.0,0.0,0.0,13275.391509433963,739343.7117428384,1,0,0.9793220937211549,false
components/camel-cxf/src/test/java/org/apache/camel/component/cxf/SoapMessageProvider.java,5.0,5.0,0.0,1.0,0.0,2.0,7.0,ningjiang@apache.org,1,9.389671361502347E-4,100.0,100.0,0.0,0.0,13275.391509433963,739343.7117428384,1,0,0.9793220937211549,false
components/camel-cxf/src/test/java/org/apache/camel/component/cxf/SoapTargetBean.java,40.0,6.0,0.0,2.0,14.0,8.0,14.0,ningjiang@apache.org,1,9.389671361502347E-4,60.0,40.0,0.0,0.0,13275.391509433963,739343.7117428384,1,0,0.9793220937211549,false
components/camel-cxf/src/test/java/org/apache/camel/component/cxf/phase/PayloadPhaseManagerImplTest.java,24.0,4.0,1.0,2.0,14.0,7.0,20.0,ningjiang@apache.org,1,9.389671361502347E-4,67.0,0.0,0.0,67.0,13275.391509433963,739343.7117428384,1,0,0.9793220937211549,false
components/camel-cxf/src/test/java/org/apache/camel/component/cxf/phase/RawMessagePhaseManagerImplTest.java,21.0,4.0,1.0,2.0,12.0,4.0,20.0,ningjiang@apache.org,1,9.389671361502347E-4,67.0,0.0,0.0,67.0,13275.391509433963,739343.7117428384,1,0,0.9793220937211549,false
components/camel-cxf/src/test/java/org/apache/camel/component/cxf/spring/CxfEndpointBeanTest.java,10.0,2.0,0.0,1.0,5.0,1.0,24.0,ningjiang@apache.org,1,9.389671361502347E-4,3.0,0.0,0.0,3.0,13275.391509433963,739343.7117428384,1,0,0.9793220937211549,true
components/camel-cxf/src/test/java/org/apache/camel/component/cxf/transport/CamelConduitTest.java,91.0,15.0,45.0,10.0,62.0,30.0,24.0,ningjiang@apache.org,1,9.389671361502347E-4,8.0,0.0,0.0,8.0,13275.391509433963,739343.7117428384,1,0,0.9793220937211549,false
components/camel-cxf/src/test/java/org/apache/camel/component/cxf/transport/CamelDestinationTest.java,117.0,20.0,49.0,11.0,62.0,29.0,15.0,ningjiang@apache.org,2,0.0018779342723004694,13.0,0.0,0.0,7.0,13390.058176100629,739422.2431724251,2,0,1.9462890727254538,false
components/camel-cxf/src/test/java/org/apache/camel/component/cxf/transport/CamelTestSupport.java,60.0,15.0,2.0,5.0,20.0,13.0,10.0,ningjiang@apache.org,2,0.0018779342723004694,43.0,0.0,0.0,14.0,13390.058176100629,739422.2431724251,2,0,1.4495506984691713,false
components/camel-cxf/src/test/java/org/apache/camel/component/cxf/util/CxfEndpointUtilsTest.java,14.0,6.0,0.0,2.0,5.0,4.0,24.0,ningjiang@apache.org,1,9.389671361502347E-4,6.0,0.0,0.0,6.0,13275.391509433963,739343.7117428384,1,0,0.9793220937211549,false
components/camel-ftp/src/main/java/org/apache/camel/component/file/remote/FtpConsumer.java,123.0,11.0,60.0,17.0,52.0,39.0,0.0,davsclaus@apache.org,0,0.0,0.0,0.0,0.0,0.0,0.0,0.0,0,0,0.0,true
components/camel-ftp/src/main/java/org/apache/camel/component/file/remote/FtpEndpoint.java,29.0,5.0,15.0,6.0,13.0,13.0,0.0,davsclaus@apache.org,0,0.0,0.0,0.0,0.0,0.0,0.0,0.0,0,0,0.0,false
components/camel-ftp/src/main/java/org/apache/camel/component/file/remote/FtpProducer.java,83.0,8.0,0.0,8.0,37.0,23.0,3.0,davsclaus@apache.org,1,9.389671361502347E-4,4.0,0.0,0.0,0.0,847.6470588235295,4394.287668918161,1,1,1.7872447888735283,false
components/camel-ftp/src/main/java/org/apache/camel/component/file/remote/RemoteFileConfiguration.java,98.0,2.0,175.0,23.0,17.0,40.0,0.0,davsclaus@apache.org,0,0.0,0.0,0.0,0.0,0.0,0.0,0.0,0,0,0.0,false
components/camel-ftp/src/main/java/org/apache/camel/component/file/remote/RemoteFileProducer.java,24.0,4.0,6.0,4.0,6.0,9.0,5.0,davsclaus@apache.org,1,9.389671361502347E-4,2.0,0.0,2.0,0.0,847.6470588235295,4394.287668918161,1,0,1.7872447888735283,true
components/camel-ftp/src/main/java/org/apache/camel/component/file/remote/SftpConsumer.java,134.0,11.0,60.0,17.0,59.0,41.0,3.0,davsclaus@apache.org,1,9.389671361502347E-4,2.0,0.0,0.0,0.0,847.6470588235295,4394.287668918161,1,0,1.7872447888735283,true
components/camel-ftp/src/main/java/org/apache/camel/component/file/remote/SftpEndpoint.java,42.0,6.0,55.0,11.0,13.0,24.0,3.0,davsclaus@apache.org,1,9.389671361502347E-4,4.0,0.0,0.0,0.0,847.6470588235295,4394.287668918161,1,0,1.7872447888735283,false
components/camel-ftp/src/main/java/org/apache/camel/component/file/remote/SftpProducer.java,95.0,9.0,0.0,8.0,37.0,25.0,3.0,davsclaus@apache.org,1,9.389671361502347E-4,9.0,0.0,0.0,0.0,847.6470588235295,4394.287668918161,1,0,1.7872447888735283,false
components/camel-ftp/src/test/java/org/apache/camel/component/file/remote/UriConfigurationTest.java,74.0,4.0,0.0,6.0,52.0,6.0,421.0,davsclaus@apache.org,1,9.389671361502347E-4,4.0,0.0,0.0,0.0,13275.391509433963,739343.7117428384,1,0,0.9793220937211549,false
components/camel-http/src/main/java/org/apache/camel/component/http/HttpComponent.java,40.0,8.0,16.0,8.0,1.0,17.0,3.0,davsclaus@apache.org,1,9.389671361502347E-4,1.0,0.0,0.0,0.0,367.52,1331.7819970873957,1,2,2.9132560517297525,true
components/camel-http/src/main/java/org/apache/camel/component/http/HttpEndpoint.java,108.0,11.0,140.0,20.0,11.0,44.0,3.0,davsclaus@apache.org,1,9.389671361502347E-4,1.0,0.0,0.0,0.0,367.52,1331.7819970873957,1,5,2.9132560517297525,true
components/camel-http/src/main/java/org/apache/camel/component/http/HttpProducer.java,83.0,15.0,9.0,7.0,30.0,18.0,142.0,null,3,0.0028169014084507044,3.0,1.0,0.0,0.0,14490.558568257493,745069.7814088439,3,2,0.794662022773369,true
components/camel-http/src/test/java/org/apache/camel/component/http/HttpGetWithHeadersTest.java,14.0,1.0,3.0,3.0,8.0,6.0,2.0,ningjiang@apache.org,1,9.389671361502347E-4,14.0,14.0,0.0,0.0,367.52,1331.7819970873957,1,0,2.9132560517297525,false
components/camel-http/src/test/java/org/apache/camel/component/http/MultiThreadedHttpGetTest.java,50.0,6.0,15.0,6.0,36.0,14.0,76.0,romkal@apache.org,2,0.0018779342723004694,50.0,0.0,0.0,0.0,13642.911509433963,740675.4937399258,2,0,1.2531418921655084,false
components/camel-ibatis/src/main/java/org/apache/camel/component/ibatis/IBatisProducer.java,32.0,6.0,0.0,4.0,11.0,10.0,211.0,davsclaus@apache.org,2,0.0018779342723004694,9.0,5.0,0.0,0.0,15225.022278664732,769613.3035651849,2,1,0.2684215689327547,false
components/camel-jcr/src/main/java/org/apache/camel/component/jcr/JcrComponent.java,12.0,4.0,0.0,1.0,0.0,3.0,0.0,hadrian@apache.org,0,0.0,0.0,0.0,0.0,0.0,0.0,0.0,0,0,0.0,false
components/camel-jcr/src/main/java/org/apache/camel/component/jcr/JcrConverter.java,37.0,8.0,6.0,4.0,0.0,8.0,0.0,hadrian@apache.org,0,0.0,0.0,0.0,0.0,0.0,0.0,0.0,0,0,0.0,false
components/camel-jcr/src/main/java/org/apache/camel/component/jcr/JcrEndpoint.java,65.0,11.0,15.0,7.0,9.0,20.0,0.0,hadrian@apache.org,0,0.0,0.0,0.0,0.0,0.0,0.0,0.0,0,0,0.0,true
components/camel-jcr/src/main/java/org/apache/camel/component/jcr/JcrProducer.java,45.0,9.0,15.0,6.0,31.0,19.0,0.0,hadrian@apache.org,0,0.0,0.0,0.0,0.0,0.0,0.0,0.0,0,0,0.0,false
components/camel-jcr/src/test/java/org/apache/camel/component/jcr/JcrConverterTest.java,23.0,11.0,10.0,5.0,11.0,9.0,0.0,davsclaus@apache.org,0,0.0,0.0,0.0,0.0,0.0,0.0,0.0,0,0,0.0,false
components/camel-jcr/src/test/java/org/apache/camel/component/jcr/JcrRouteTest.java,48.0,12.0,13.0,6.0,29.0,18.0,1.0,ningjiang@apache.org,1,9.389671361502347E-4,8.0,0.0,0.0,8.0,13275.391509433963,739343.7117428384,1,0,0.9793220937211549,false
components/camel-jetty/src/main/java/org/apache/camel/component/jetty/JettyHttpComponent.java,127.0,16.0,13.0,11.0,37.0,31.0,2.0,null,1,9.389671361502347E-4,1.0,0.0,0.0,0.0,367.52,1331.7819970873957,1,3,2.9132560517297525,true
components/camel-jetty/src/main/java/org/apache/camel/component/jetty/JettyHttpEndpoint.java,22.0,11.0,8.0,5.0,0.0,13.0,211.0,null,2,0.0018779342723004694,5.0,0.0,0.0,0.0,13642.911509433963,740675.4937399258,2,1,1.2531418921655084,true
components/camel-jhc/src/main/java/org/apache/camel/component/jhc/AsyncBufferingHttpServiceHandler.java,74.0,9.0,15.0,6.0,21.0,13.0,0.0,gnodet@apache.org,0,0.0,0.0,0.0,0.0,0.0,0.0,0.0,0,0,0.0,false
components/camel-jhc/src/main/java/org/apache/camel/component/jhc/AsyncHttpRequestHandler.java,3.0,6.0,0.0,1.0,0.0,2.0,0.0,gnodet@apache.org,0,0.0,0.0,0.0,0.0,0.0,0.0,0.0,0,0,0.0,false
components/camel-jhc/src/main/java/org/apache/camel/component/jhc/AsyncResponseHandler.java,3.0,3.0,0.0,1.0,0.0,2.0,0.0,gnodet@apache.org,0,0.0,0.0,0.0,0.0,0.0,0.0,0.0,0,0,0.0,false
components/camel-jhc/src/main/java/org/apache/camel/component/jhc/BufferingHttpServiceHandler.java,298.0,16.0,66.0,12.0,101.0,33.0,421.0,gnodet@apache.org,1,9.389671361502347E-4,17.0,0.0,0.0,0.0,13275.391509433963,739343.7117428384,1,0,0.9793220937211549,false
components/camel-jhc/src/main/java/org/apache/camel/component/jhc/DefaultListeningIOReactor.java,66.0,16.0,13.0,6.0,22.0,17.0,0.0,hadrian@apache.org,0,0.0,0.0,0.0,0.0,0.0,0.0,0.0,0,0,0.0,false
components/camel-jhc/src/main/java/org/apache/camel/component/jhc/JhcConsumer.java,105.0,35.0,0.0,4.0,13.0,9.0,0.0,null,0,0.0,0.0,0.0,0.0,0.0,0.0,0.0,0,0,0.0,false
components/camel-jhc/src/main/java/org/apache/camel/component/jhc/JhcProducer.java,209.0,45.0,27.0,10.0,47.0,27.0,3.0,null,2,0.0018779342723004694,15.0,0.0,0.0,0.0,13642.911509433963,740675.4937399258,2,0,0.9874525780958745,false
components/camel-jhc/src/main/java/org/apache/camel/component/jhc/JhcServerEngine.java,90.0,18.0,28.0,12.0,20.0,24.0,4.0,ningjiang@apache.org,1,9.389671361502347E-4,20.0,0.0,0.0,0.0,13275.391509433963,739343.7117428384,1,0,0.9793220937211549,false
components/camel-jhc/src/main/java/org/apache/camel/component/jhc/JhcServerEngineFactory.java,16.0,3.0,0.0,1.0,5.0,5.0,0.0,gnodet@apache.org,0,0.0,0.0,0.0,0.0,0.0,0.0,0.0,0,0,0.0,false
components/camel-jhc/src/test/java/org/apache/camel/component/jhc/HttpTest.java,66.0,11.0,15.0,6.0,37.0,15.0,149.0,null,1,9.389671361502347E-4,12.0,0.0,0.0,0.0,13275.391509433963,739343.7117428384,1,0,0.9793220937211549,false
components/camel-jms/src/main/java/org/apache/camel/component/jms/EndpointMessageListener.java,123.0,13.0,64.0,16.0,32.0,40.0,0.0,davsclaus@apache.org,0,0.0,0.0,0.0,0.0,0.0,0.0,0.0,0,5,0.0,true
components/camel-jms/src/main/java/org/apache/camel/component/jms/JmsBinding.java,178.0,26.0,53.0,11.0,51.0,43.0,2.0,davsclaus@apache.org,1,9.389671361502347E-4,1.0,1.0,0.0,0.0,1949.6307692307691,30269.591822346585,1,6,0.9438154052642451,true
components/camel-jms/src/main/java/org/apache/camel/component/jms/JmsConfiguration.java,620.0,26.0,4567.0,99.0,83.0,188.0,4.0,davsclaus@apache.org,1,9.389671361502347E-4,1.0,1.0,0.0,1.0,1949.6307692307691,30269.591822346585,1,7,0.9438154052642451,true
components/camel-jms/src/main/java/org/apache/camel/component/jms/JmsEndpoint.java,131.0,9.0,163.0,22.0,19.0,52.0,0.0,davsclaus@apache.org,0,0.0,0.0,0.0,0.0,0.0,0.0,0.0,0,5,0.0,true
components/camel-jms/src/main/java/org/apache/camel/component/jms/JmsProducer.java,102.0,16.0,9.0,10.0,34.0,27.0,2.0,davsclaus@apache.org,1,9.389671361502347E-4,1.0,1.0,0.0,0.0,1949.6307692307691,30269.591822346585,1,1,0.9438154052642451,true
components/camel-jms/src/test/java/org/apache/camel/component/jms/ConsumeJmsBytesMessageTest.java,60.0,18.0,14.0,8.0,30.0,19.0,149.0,davsclaus@apache.org,1,9.389671361502347E-4,9.0,0.0,0.0,0.0,13275.391509433963,739343.7117428384,1,1,0.9793220937211549,false
components/camel-jms/src/test/java/org/apache/camel/component/jms/ConsumeJmsMapMessageTest.java,62.0,16.0,14.0,8.0,31.0,19.0,0.0,davsclaus@apache.org,0,0.0,0.0,0.0,0.0,0.0,0.0,0.0,0,0,0.0,false
components/camel-jms/src/test/java/org/apache/camel/component/jms/JmsEndpointConfigurationTest.java,75.0,9.0,49.0,11.0,44.0,23.0,76.0,davsclaus@apache.org,2,0.0018779342723004694,5.0,2.0,0.0,2.0,15225.022278664732,769613.3035651849,2,2,0.2684215689327547,true
components/camel-jms/src/test/java/org/apache/camel/component/jms/issues/LarsIssueTest.java,36.0,11.0,4.0,5.0,17.0,13.0,421.0,davsclaus@apache.org,1,9.389671361502347E-4,8.0,0.0,0.0,0.0,13275.391509433963,739343.7117428384,1,0,0.9793220937211549,false
components/camel-jms/src/test/java/org/apache/camel/component/jms/issues/MQSeriesHeaderTest.java,33.0,11.0,6.0,4.0,16.0,10.0,421.0,ningjiang@apache.org,1,9.389671361502347E-4,12.0,0.0,0.0,0.0,13275.391509433963,739343.7117428384,1,1,0.9793220937211549,false
components/camel-jpa/src/main/java/org/apache/camel/component/jpa/JpaEndpoint.java,144.0,15.0,437.0,31.0,29.0,62.0,0.0,davsclaus@apache.org,0,0.0,0.0,0.0,0.0,0.0,0.0,0.0,0,1,0.0,true
components/camel-jpa/src/main/java/org/apache/camel/component/jpa/JpaProducer.java,34.0,8.0,0.0,3.0,16.0,11.0,0.0,null,0,0.0,0.0,0.0,0.0,0.0,0.0,0.0,0,0,0.0,true
components/camel-juel/src/main/java/org/apache/camel/language/juel/JuelExpression.java,51.0,7.0,18.0,9.0,12.0,16.0,212.0,null,2,0.0018779342723004694,10.0,5.0,5.0,0.0,15225.022278664732,769613.3035651849,2,1,0.2684215689327547,false
components/camel-juel/src/test/java/org/apache/camel/language/juel/NullBodyTest.java,20.0,4.0,3.0,3.0,12.0,8.0,421.0,ningjiang@apache.org,1,9.389671361502347E-4,17.0,0.0,0.0,0.0,13275.391509433963,739343.7117428384,1,1,0.9793220937211549,false
components/camel-juel/src/test/java/org/apache/camel/language/juel/issues/XsltLosesHeaderTest.java,30.0,10.0,4.0,4.0,22.0,11.0,149.0,null,1,9.389671361502347E-4,12.0,0.0,0.0,0.0,13275.391509433963,739343.7117428384,1,0,0.9793220937211549,false
components/camel-mina/src/main/java/org/apache/camel/component/mina/MinaComponent.java,131.0,34.0,153.0,18.0,43.0,46.0,7.0,davsclaus@apache.org,2,0.0018779342723004694,13.0,0.0,0.0,0.0,14123.038568257492,743737.9994117565,2,0,0.7035422693587647,true
components/camel-mina/src/main/java/org/apache/camel/component/mina/MinaConsumer.java,34.0,9.0,0.0,4.0,13.0,8.0,7.0,null,1,9.389671361502347E-4,13.0,0.0,0.0,0.0,13275.391509433963,739343.7117428384,1,0,0.9793220937211549,false
components/camel-mina/src/main/java/org/apache/camel/component/mina/MinaConverter.java,23.0,6.0,10.0,5.0,8.0,11.0,144.0,ningjiang@apache.org,1,9.389671361502347E-4,21.0,0.0,0.0,0.0,13275.391509433963,739343.7117428384,1,0,0.9793220937211549,false
components/camel-mina/src/main/java/org/apache/camel/component/mina/MinaProducer.java,117.0,15.0,0.0,4.0,28.0,12.0,8.0,davsclaus@apache.org,2,0.0018779342723004694,12.0,0.0,0.0,0.0,14123.038568257492,743737.9994117565,2,0,0.6405042092134419,false
components/camel-mina/src/test/java/org/apache/camel/component/mina/MinaFileTcpTest.java,19.0,3.0,3.0,3.0,7.0,6.0,0.0,davsclaus@apache.org,0,0.0,0.0,0.0,0.0,0.0,0.0,0.0,0,1,0.0,false
components/camel-mina/src/test/java/org/apache/camel/component/mina/MinaFileUdpTest.java,19.0,3.0,3.0,3.0,7.0,6.0,149.0,davsclaus@apache.org,1,9.389671361502347E-4,11.0,0.0,0.0,0.0,13275.391509433963,739343.7117428384,1,1,0.9793220937211549,false
components/camel-mina/src/test/java/org/apache/camel/component/mina/MinaTcpTextlineProtocolTest.java,9.0,0.0,0.0,1.0,0.0,2.0,149.0,davsclaus@apache.org,1,9.389671361502347E-4,12.0,0.0,0.0,0.0,13275.391509433963,739343.7117428384,1,1,0.9793220937211549,false
components/camel-mina/src/test/java/org/apache/camel/component/mina/MinaTcpWithInOutTest.java,54.0,12.0,0.0,6.0,32.0,11.0,76.0,null,2,0.0018779342723004694,15.0,0.0,0.0,0.0,14123.038568257492,743737.9994117565,2,1,0.6901362607373963,false
components/camel-mina/src/test/java/org/apache/camel/component/mina/MinaUdpTest.java,41.0,12.0,0.0,4.0,22.0,9.0,9.0,ningjiang@apache.org,1,9.389671361502347E-4,17.0,0.0,0.0,0.0,13275.391509433963,739343.7117428384,1,0,0.9793220937211549,false
components/camel-mina/src/test/java/org/apache/camel/component/mina/MinaUdpUsingTemplateTest.java,28.0,12.0,6.0,4.0,11.0,9.0,42.0,davsclaus@apache.org,1,9.389671361502347E-4,31.0,0.0,8.0,0.0,13275.391509433963,739343.7117428384,1,0,0.9793220937211549,true
components/camel-mina/src/test/java/org/apache/camel/component/mina/MinaVmTest.java,21.0,3.0,0.0,3.0,8.0,6.0,0.0,davsclaus@apache.org,0,0.0,0.0,0.0,0.0,0.0,0.0,0.0,0,0,0.0,false
components/camel-ognl/src/main/java/org/apache/camel/language/ognl/OgnlExpression.java,34.0,10.0,0.0,4.0,2.0,11.0,190.0,null,2,0.0018779342723004694,12.0,0.0,0.0,0.0,14123.038568257492,743737.9994117565,2,0,0.6901362607373963,false
components/camel-ognl/src/test/java/org/apache/camel/language/ognl/OgnlTest.java,25.0,1.0,6.0,4.0,7.0,8.0,211.0,davsclaus@apache.org,2,0.0018779342723004694,20.0,0.0,0.0,0.0,14123.038568257492,743737.9994117565,2,0,0.6901362607373963,false
components/camel-osgi/src/main/java/org/apache/camel/osgi/OsgiComponentResolver.java,151.0,16.0,0.0,6.0,41.0,25.0,3.0,ningjiang@apache.org,1,9.389671361502347E-4,7.0,0.0,0.0,0.0,847.6470588235295,4394.287668918161,1,0,1.7872447888735283,false
components/camel-rmi/src/main/java/org/apache/camel/component/rmi/RmiProducer.java,14.0,7.0,0.0,2.0,4.0,4.0,421.0,jstrachan@apache.org,1,9.389671361502347E-4,9.0,0.0,0.0,0.0,13275.391509433963,739343.7117428384,1,1,0.9793220937211549,false
components/camel-rmi/src/main/java/org/apache/camel/component/rmi/RmiRegistryBean.java,17.0,4.0,0.0,3.0,2.0,5.0,421.0,ningjiang@apache.org,1,9.389671361502347E-4,14.0,0.0,0.0,0.0,13275.391509433963,739343.7117428384,1,1,0.9793220937211549,false
components/camel-saxon/src/main/java/org/apache/camel/component/xquery/ResultFormat.java,0.0,0.0,0.0,0.0,0.0,0.0,0.0,davsclaus@apache.org,0,0.0,0.0,0.0,0.0,0.0,0.0,0.0,0,1,0.0,false
components/camel-saxon/src/main/java/org/apache/camel/component/xquery/XQuery.java,0.0,0.0,0.0,0.0,0.0,0.0,214.0,ningjiang@apache.org,2,0.0018779342723004694,20.0,10.0,0.0,0.0,15225.022278664732,769613.3035651849,2,1,0.2684215689327547,false
components/camel-saxon/src/main/java/org/apache/camel/component/xquery/XQueryAnnotationExpressionFactory.java,24.0,7.0,0.0,1.0,5.0,5.0,421.0,ningjiang@apache.org,1,9.389671361502347E-4,12.0,0.0,0.0,0.0,13275.391509433963,739343.7117428384,1,1,0.9793220937211549,false
components/camel-saxon/src/main/java/org/apache/camel/component/xquery/XQueryBuilder.java,310.0,42.0,1131.0,51.0,95.0,132.0,0.0,davsclaus@apache.org,0,0.0,0.0,0.0,0.0,0.0,0.0,0.0,0,1,0.0,true
components/camel-saxon/src/main/java/org/apache/camel/component/xquery/XQueryComponent.java,18.0,7.0,1.0,2.0,7.0,6.0,421.0,davsclaus@apache.org,1,9.389671361502347E-4,6.0,0.0,0.0,0.0,13275.391509433963,739343.7117428384,1,1,0.9793220937211549,false
components/camel-saxon/src/main/java/org/apache/camel/component/xquery/XQueryLanguage.java,11.0,4.0,1.0,2.0,2.0,4.0,421.0,ningjiang@apache.org,1,9.389671361502347E-4,12.0,0.0,0.0,0.0,13275.391509433963,739343.7117428384,1,1,0.9793220937211549,false
components/camel-saxon/src/test/java/org/apache/camel/builder/saxon/BeanWithXQueryInjectionTest.java,38.0,8.0,4.0,4.0,7.0,8.0,149.0,ningjiang@apache.org,1,9.389671361502347E-4,9.0,0.0,0.0,0.0,13275.391509433963,739343.7117428384,1,2,0.9793220937211549,false
components/camel-saxon/src/test/java/org/apache/camel/builder/saxon/XQueryRecipientListTest.java,32.0,3.0,4.0,5.0,13.0,11.0,75.0,ningjiang@apache.org,2,0.0018779342723004694,40.0,20.0,0.0,0.0,15225.022278664732,769613.3035651849,2,0,0.2684215689327547,false
components/camel-saxon/src/test/java/org/apache/camel/builder/saxon/XQueryTest.java,13.0,7.0,0.0,1.0,9.0,2.0,0.0,null,0,0.0,0.0,0.0,0.0,0.0,0.0,0.0,0,1,0.0,false
components/camel-saxon/src/test/java/org/apache/camel/builder/saxon/XQueryWithNamespacesFilterTest.java,31.0,7.0,4.0,5.0,16.0,9.0,149.0,ningjiang@apache.org,1,9.389671361502347E-4,14.0,0.0,0.0,0.0,13275.391509433963,739343.7117428384,1,1,0.9793220937211549,false
components/camel-saxon/src/test/java/org/apache/camel/component/xquery/TestBean.java,13.0,1.0,0.0,2.0,1.0,3.0,285.0,ningjiang@apache.org,1,9.389671361502347E-4,17.0,0.0,0.0,0.0,13275.391509433963,739343.7117428384,1,1,0.9793220937211549,false
components/camel-saxon/src/test/java/org/apache/camel/component/xquery/XQueryEndpointTest.java,23.0,5.0,3.0,3.0,11.0,8.0,421.0,ningjiang@apache.org,1,9.389671361502347E-4,10.0,0.0,0.0,0.0,13275.391509433963,739343.7117428384,1,0,0.9793220937211549,false
components/camel-spring/src/main/java/org/apache/camel/component/test/TestComponent.java,15.0,9.0,1.0,2.0,7.0,7.0,80.0,davsclaus@apache.org,2,0.0018779342723004694,18.0,9.0,0.0,0.0,15225.022278664732,769613.3035651849,2,0,0.2684215689327547,false
components/camel-spring/src/main/java/org/apache/camel/component/test/TestEndpoint.java,34.0,12.0,8.0,5.0,10.0,9.0,80.0,davsclaus@apache.org,2,0.0018779342723004694,13.0,7.0,0.0,0.0,15225.022278664732,769613.3035651849,2,0,0.2684215689327547,false
components/camel-spring/src/main/java/org/apache/camel/component/xslt/XsltComponent.java,37.0,8.0,4.0,4.0,12.0,10.0,421.0,davsclaus@apache.org,1,9.389671361502347E-4,4.0,0.0,0.0,0.0,13275.391509433963,739343.7117428384,1,1,0.9793220937211549,true
components/camel-spring/src/main/java/org/apache/camel/spring/CamelBeanPostProcessor.java,181.0,19.0,162.0,20.0,60.0,62.0,211.0,null,2,0.0018779342723004694,3.0,0.0,2.0,0.0,15225.022278664732,769613.3035651849,2,4,0.2684215689327547,true
components/camel-spring/src/main/java/org/apache/camel/spring/CamelContextFactoryBean.java,188.0,30.0,354.0,29.0,37.0,66.0,5.0,davsclaus@apache.org,2,0.0018779342723004694,3.0,1.0,2.0,1.0,2797.277828054299,34663.87949126474,2,8,0.6120988584479139,true
components/camel-spring/src/main/java/org/apache/camel/spring/Main.java,283.0,16.0,432.0,33.0,71.0,68.0,117.0,null,2,0.0018779342723004694,5.0,4.0,0.0,0.0,15225.022278664732,769613.3035651849,2,1,0.31913679978840226,false
components/camel-spring/src/main/java/org/apache/camel/spring/SpringCamelContext.java,102.0,20.0,86.0,16.0,18.0,40.0,1.0,null,1,9.389671361502347E-4,2.0,0.0,2.0,0.0,1949.6307692307691,30269.591822346585,1,6,0.9438154052642451,true
components/camel-spring/src/main/java/org/apache/camel/spring/handler/CamelNamespaceHandler.java,143.0,33.0,41.0,10.0,22.0,21.0,5.0,davsclaus@apache.org,2,0.0018779342723004694,2.0,1.0,2.0,0.0,2797.277828054299,34663.87949126474,2,7,0.6723829165089416,true
components/camel-spring/src/main/java/org/apache/camel/spring/util/SimpleRouteBuilder.java,95.0,5.0,104.0,17.0,15.0,30.0,212.0,ningjiang@apache.org,2,0.0018779342723004694,29.0,14.0,0.0,0.0,15225.022278664732,769613.3035651849,2,0,0.2684215689327547,false
components/camel-spring/src/test/java/org/apache/camel/component/test/TestEndpointTest.java,19.0,11.0,0.0,1.0,5.0,3.0,80.0,davsclaus@apache.org,2,0.0018779342723004694,15.0,8.0,0.0,0.0,15225.022278664732,769613.3035651849,2,0,0.2684215689327547,false
components/camel-spring/src/test/java/org/apache/camel/component/xslt/XsltRouteTest.java,24.0,5.0,3.0,3.0,12.0,8.0,149.0,davsclaus@apache.org,1,9.389671361502347E-4,11.0,0.0,0.0,0.0,13275.391509433963,739343.7117428384,1,0,0.9793220937211549,false
components/camel-spring/src/test/java/org/apache/camel/spring/ApplicationContextTestSupport.java,32.0,4.0,0.0,4.0,10.0,11.0,149.0,davsclaus@apache.org,1,9.389671361502347E-4,17.0,0.0,0.0,0.0,13275.391509433963,739343.7117428384,1,1,0.9793220937211549,false
components/camel-spring/src/test/java/org/apache/camel/spring/MainExampleTest.java,16.0,2.0,0.0,1.0,7.0,2.0,76.0,ningjiang@apache.org,2,0.0018779342723004694,33.0,17.0,0.0,0.0,15225.022278664732,769613.3035651849,2,0,0.2684215689327547,false
components/camel-spring/src/test/java/org/apache/camel/spring/MainTest.java,23.0,7.0,0.0,1.0,13.0,2.0,76.0,davsclaus@apache.org,2,0.0018779342723004694,20.0,10.0,0.0,0.0,15225.022278664732,769613.3035651849,2,0,0.2684215689327547,false
components/camel-spring/src/test/java/org/apache/camel/spring/config/AutoRegisteredRouteBuilderTest.java,10.0,18.0,0.0,1.0,2.0,2.0,217.0,ningjiang@apache.org,2,0.0018779342723004694,50.0,0.0,25.0,0.0,15225.022278664732,769613.3035651849,2,0,0.2684215689327547,false
components/camel-spring/src/test/java/org/apache/camel/spring/config/CamelContextFactoryBeanTest.java,39.0,18.0,6.0,4.0,18.0,9.0,13.0,davsclaus@apache.org,1,9.389671361502347E-4,8.0,0.0,8.0,0.0,1949.6307692307691,30269.591822346585,1,0,0.9438154052642451,false
components/camel-spring/src/test/java/org/apache/camel/spring/config/RouteBuilderRefTest.java,10.0,4.0,0.0,1.0,2.0,2.0,88.0,null,3,0.0028169014084507044,50.0,0.0,20.0,20.0,16072.669337488262,774007.5912341031,3,0,0.2333683284131962,false
components/camel-spring/src/test/java/org/apache/camel/spring/config/XmlConfigTestSupport.java,20.0,9.0,0.0,1.0,10.0,2.0,217.0,davsclaus@apache.org,2,0.0018779342723004694,14.0,0.0,7.0,0.0,15225.022278664732,769613.3035651849,2,0,0.2684215689327547,false
components/camel-spring/src/test/java/org/apache/camel/spring/mock/BeanMockTest.java,12.0,2.0,1.0,2.0,2.0,4.0,149.0,ningjiang@apache.org,1,9.389671361502347E-4,14.0,0.0,0.0,0.0,13275.391509433963,739343.7117428384,1,1,0.9793220937211549,false
components/camel-spring/src/test/java/org/apache/camel/spring/mock/MyAssertions.java,17.0,4.0,0.0,2.0,3.0,4.0,149.0,ningjiang@apache.org,1,9.389671361502347E-4,17.0,0.0,0.0,0.0,13275.391509433963,739343.7117428384,1,2,0.9793220937211549,false
components/camel-spring/src/test/java/org/apache/camel/spring/processor/MyAggregator.java,20.0,5.0,0.0,1.0,4.0,3.0,421.0,ningjiang@apache.org,1,9.389671361502347E-4,14.0,0.0,0.0,0.0,13275.391509433963,739343.7117428384,1,1,0.9793220937211549,false
components/camel-spring/src/test/java/org/apache/camel/spring/processor/SpringAggregatorTest.java,8.0,3.0,0.0,1.0,1.0,3.0,421.0,ningjiang@apache.org,1,9.389671361502347E-4,33.0,0.0,0.0,0.0,13275.391509433963,739343.7117428384,1,1,0.9793220937211549,false
components/camel-spring/src/test/java/org/apache/camel/spring/processor/SpringAggregatorWithCustomStrategyTest.java,17.0,5.0,1.0,2.0,5.0,6.0,421.0,ningjiang@apache.org,1,9.389671361502347E-4,25.0,0.0,0.0,0.0,13275.391509433963,739343.7117428384,1,1,0.9793220937211549,false
components/camel-spring/src/test/java/org/apache/camel/spring/processor/SpringLoadBalanceTest.java,5.0,3.0,0.0,1.0,1.0,3.0,0.0,ningjiang@apache.org,0,0.0,0.0,0.0,0.0,0.0,0.0,0.0,0,0,0.0,false
components/camel-spring/src/test/java/org/apache/camel/spring/xml/ConfiguredRouteBuilder.java,24.0,2.0,0.0,5.0,3.0,8.0,81.0,ningjiang@apache.org,2,0.0018779342723004694,50.0,0.0,25.0,0.0,15225.022278664732,769613.3035651849,2,0,0.2684215689327547,false
components/camel-spring/src/test/java/org/apache/camel/spring/xml/SpringXmlRouteBuilderTest.java,60.0,8.0,79.0,14.0,17.0,29.0,149.0,davsclaus@apache.org,1,9.389671361502347E-4,7.0,0.0,0.0,0.0,13275.391509433963,739343.7117428384,1,1,0.9793220937211549,false
components/camel-sql/src/main/java/org/apache/camel/component/sql/SqlComponent.java,17.0,6.0,4.0,4.0,1.0,6.0,11.0,davsclaus@apache.org,1,9.389671361502347E-4,5.0,0.0,0.0,0.0,367.52,1331.7819970873957,1,0,2.9132560517297525,true
components/camel-sql/src/main/java/org/apache/camel/component/sql/SqlEndpoint.java,22.0,8.0,4.0,4.0,0.0,8.0,11.0,davsclaus@apache.org,1,9.389671361502347E-4,3.0,0.0,0.0,0.0,367.52,1331.7819970873957,1,0,2.9132560517297525,true
components/camel-sql/src/main/java/org/apache/camel/component/sql/SqlProducer.java,17.0,7.0,0.0,2.0,9.0,4.0,11.0,davsclaus@apache.org,1,9.389671361502347E-4,3.0,0.0,0.0,0.0,367.52,1331.7819970873957,1,0,2.9132560517297525,true
components/camel-sql/src/test/java/org/apache/camel/component/sql/SqlRouteTest.java,70.0,9.0,9.0,7.0,46.0,15.0,80.0,null,2,0.0018779342723004694,9.0,0.0,0.0,0.0,13642.911509433963,740675.4937399258,2,0,1.2531418921655084,false
components/camel-stream/src/main/java/org/apache/camel/component/stream/ConsumingException.java,5.0,0.0,0.0,1.0,0.0,1.0,9.0,hadrian@apache.org,2,0.0018779342723004694,60.0,0.0,20.0,40.0,14123.038568257492,743737.9994117565,2,0,0.8814230555279243,false
components/camel-stream/src/main/java/org/apache/camel/component/stream/InputStreamHandler.java,3.0,0.0,0.0,1.0,0.0,2.0,9.0,hadrian@apache.org,2,0.0018779342723004694,60.0,0.0,20.0,40.0,14123.038568257492,743737.9994117565,2,0,0.8814230555279243,false
components/camel-stream/src/main/java/org/apache/camel/component/stream/StdInHandler.java,24.0,3.0,0.0,2.0,4.0,5.0,10.0,hadrian@apache.org,2,0.0018779342723004694,60.0,20.0,20.0,40.0,14123.038568257492,743737.9994117565,2,0,0.8814230555279243,false
components/camel-stream/src/main/java/org/apache/camel/component/stream/StreamComponent.java,9.0,5.0,0.0,1.0,0.0,3.0,9.0,hadrian@apache.org,2,0.0018779342723004694,29.0,7.0,7.0,14.0,14123.038568257492,743737.9994117565,2,0,1.0229289704666267,false
components/camel-stream/src/main/java/org/apache/camel/component/stream/StreamComponentException.java,9.0,0.0,1.0,2.0,0.0,2.0,8.0,hadrian@apache.org,1,9.389671361502347E-4,67.0,33.0,17.0,67.0,847.6470588235295,4394.287668918161,1,0,1.7872447888735283,false
components/camel-stream/src/main/java/org/apache/camel/component/stream/StreamConsumer.java,85.0,17.0,5.0,7.0,24.0,22.0,9.0,davsclaus@apache.org,2,0.0018779342723004694,9.0,2.0,2.0,5.0,14123.038568257492,743737.9994117565,2,0,1.0229289704666267,true
components/camel-stream/src/main/java/org/apache/camel/component/stream/StreamEndpoint.java,22.0,7.0,2.0,4.0,1.0,10.0,8.0,davsclaus@apache.org,2,0.0018779342723004694,14.0,6.0,3.0,9.0,14123.038568257492,743737.9994117565,2,0,1.1252578263048658,true
components/camel-stream/src/main/java/org/apache/camel/component/stream/StreamExchange.java,8.0,2.0,1.0,2.0,0.0,2.0,10.0,hadrian@apache.org,2,0.0018779342723004694,50.0,17.0,17.0,33.0,14123.038568257492,743737.9994117565,2,0,0.8814230555279243,false
components/camel-stream/src/main/java/org/apache/camel/component/stream/StreamMessage.java,15.0,1.0,0.0,4.0,1.0,7.0,9.0,hadrian@apache.org,2,0.0018779342723004694,44.0,11.0,11.0,22.0,14123.038568257492,743737.9994117565,2,0,1.0229289704666267,false
components/camel-stream/src/main/java/org/apache/camel/component/stream/StreamProducer.java,93.0,16.0,4.0,9.0,30.0,30.0,8.0,davsclaus@apache.org,2,0.0018779342723004694,16.0,6.0,3.0,9.0,14123.038568257492,743737.9994117565,2,0,1.1252578263048658,true
components/camel-stream/src/main/java/org/apache/camel/component/stream/StreamReceiver.java,3.0,0.0,0.0,1.0,0.0,2.0,9.0,hadrian@apache.org,2,0.0018779342723004694,67.0,33.0,17.0,50.0,14123.038568257492,743737.9994117565,2,0,1.0229289704666267,false
components/camel-stream/src/test/java/org/apache/camel/component/stream/StreamRouteBuilderTest.java,25.0,4.0,15.0,6.0,12.0,10.0,5.0,hadrian@apache.org,1,9.389671361502347E-4,33.0,33.0,0.0,33.0,847.6470588235295,4394.287668918161,1,0,1.7872447888735283,false
components/camel-supercsv/src/main/java/org/apache/camel/dataformat/supercsv/CsvDataFormat.java,63.0,21.0,0.0,4.0,14.0,16.0,330.0,ningjiang@apache.org,1,9.389671361502347E-4,33.0,0.0,0.0,0.0,13275.391509433963,739343.7117428384,1,0,0.9793220937211549,false
components/camel-supercsv/src/test/java/org/apache/camel/dataformat/supercsv/CsvRouteTest.java,30.0,9.0,3.0,3.0,18.0,6.0,285.0,ningjiang@apache.org,1,9.389671361502347E-4,33.0,0.0,0.0,0.0,13275.391509433963,739343.7117428384,1,0,0.9793220937211549,false
components/camel-swing/src/main/java/org/apache/camel/component.uface/swing/Main.java,20.0,2.0,1.0,2.0,4.0,4.0,117.0,hadrian@apache.org,2,0.0018779342723004694,67.0,0.0,0.0,0.0,15225.022278664732,769613.3035651849,2,0,0.2684215689327547,false
components/camel-swing/src/main/java/org/apache/camel/component.uface/swing/SwingBrowser.java,22.0,9.0,1.0,2.0,8.0,2.0,49.0,hadrian@apache.org,2,0.0018779342723004694,67.0,0.0,0.0,0.0,15225.022278664732,769613.3035651849,2,0,0.2684215689327547,false
components/camel-swing/src/main/java/org/apache/camel/component.uface/swing/SwingComponent.java,11.0,4.0,1.0,2.0,1.0,4.0,84.0,hadrian@apache.org,2,0.0018779342723004694,67.0,0.0,0.0,0.0,15225.022278664732,769613.3035651849,2,0,0.2684215689327547,false
components/camel-swing/src/test/java/org/apache/camel/component.uface/ExampleSender.java,22.0,4.0,0.0,4.0,2.0,8.0,51.0,ningjiang@apache.org,2,0.0018779342723004694,100.0,0.0,0.0,0.0,15225.022278664732,769613.3035651849,2,0,0.31913679978840226,false
components/camel-swing/src/test/java/org/apache/camel/component.uface/UFaceTest.java,19.0,3.0,3.0,3.0,8.0,8.0,58.0,ningjiang@apache.org,2,0.0018779342723004694,100.0,0.0,0.0,0.0,15225.022278664732,769613.3035651849,2,0,0.31913679978840226,false
components/camel-testng/src/main/java/org/apache/camel/testng/SpringRunner.java,40.0,10.0,4.0,5.0,13.0,11.0,80.0,ningjiang@apache.org,2,0.0018779342723004694,50.0,25.0,25.0,0.0,15225.022278664732,769613.3035651849,2,0,0.2684215689327547,false
components/camel-testng/src/test/java/org/apache/camel/testng/DummyBean.java,15.0,1.0,0.0,3.0,1.0,5.0,193.0,ningjiang@apache.org,2,0.0018779342723004694,50.0,25.0,25.0,0.0,15225.022278664732,769613.3035651849,2,0,0.2684215689327547,false
components/camel-testng/src/test/java/org/apache/camel/testng/SpringParameterTest.java,11.0,3.0,1.0,2.0,1.0,4.0,216.0,ningjiang@apache.org,2,0.0018779342723004694,67.0,33.0,33.0,0.0,15225.022278664732,769613.3035651849,2,0,0.2684215689327547,false
components/camel-testng/src/test/java/org/apache/camel/testng/example/MyTest.java,19.0,4.0,1.0,3.0,10.0,6.0,216.0,ningjiang@apache.org,2,0.0018779342723004694,67.0,33.0,33.0,0.0,15225.022278664732,769613.3035651849,2,0,0.2684215689327547,false
components/camel-uface/src/main/java/org/apache/camel/component.uface/UFaceBrowser.java,81.0,24.0,56.0,12.0,37.0,23.0,114.0,jstrachan@apache.org,2,0.0018779342723004694,80.0,20.0,0.0,0.0,15225.022278664732,769613.3035651849,2,0,0.3903569327596643,false
components/camel-uface/src/main/java/org/apache/camel/component.uface/UFaceComponent.java,8.0,4.0,0.0,1.0,0.0,3.0,215.0,hadrian@apache.org,2,0.0018779342723004694,67.0,33.0,0.0,0.0,15225.022278664732,769613.3035651849,2,0,0.2684215689327547,false
components/camel-uface/src/main/java/org/apache/camel/component.uface/UFaceEndpoint.java,13.0,8.0,1.0,2.0,2.0,3.0,150.0,hadrian@apache.org,2,0.0018779342723004694,75.0,25.0,0.0,0.0,15225.022278664732,769613.3035651849,2,0,0.31913679978840226,false
components/camel-uface/src/test/java/org/apache/camel/component.uface/ExampleSender.java,22.0,4.0,0.0,4.0,2.0,8.0,51.0,hadrian@apache.org,2,0.0018779342723004694,75.0,25.0,0.0,0.0,15225.022278664732,769613.3035651849,2,0,0.31913679978840226,false
components/camel-uface/src/test/java/org/apache/camel/component.uface/UFaceTest.java,20.0,4.0,3.0,3.0,9.0,8.0,58.0,hadrian@apache.org,2,0.0018779342723004694,67.0,0.0,0.0,0.0,15225.022278664732,769613.3035651849,2,0,0.2684215689327547,false
examples/camel-example-cxf/src/main/java/org/apache/camel/example/camel/transport/CamelTransportExample.java,21.0,0.0,1.0,2.0,7.0,4.0,4.0,ningjiang@apache.org,1,9.389671361502347E-4,22.0,11.0,11.0,11.0,13275.391509433963,739343.7117428384,1,0,0.9793220937211549,false
examples/camel-example-cxf/src/main/java/org/apache/camel/example/camel/transport/Client.java,40.0,10.0,0.0,2.0,13.0,6.0,6.0,ningjiang@apache.org,1,9.389671361502347E-4,17.0,17.0,0.0,0.0,13275.391509433963,739343.7117428384,1,0,0.9793220937211549,false
examples/camel-example-cxf/src/main/java/org/apache/camel/example/camel/transport/GreeterImpl.java,31.0,4.0,0.0,5.0,10.0,9.0,4.0,ningjiang@apache.org,1,9.389671361502347E-4,29.0,14.0,14.0,14.0,13275.391509433963,739343.7117428384,1,0,0.9793220937211549,false
examples/camel-example-cxf/src/main/java/org/apache/camel/example/camel/transport/Server.java,37.0,4.0,4.0,4.0,11.0,8.0,4.0,ningjiang@apache.org,1,9.389671361502347E-4,33.0,33.0,0.0,0.0,13275.391509433963,739343.7117428384,1,0,0.9793220937211549,false
examples/camel-example-cxf/src/main/java/org/apache/camel/example/cxf/CamelCxfExample.java,44.0,7.0,1.0,3.0,11.0,5.0,3.0,ningjiang@apache.org,1,9.389671361502347E-4,7.0,0.0,0.0,0.0,13275.391509433963,739343.7117428384,1,0,0.9793220937211549,false
examples/camel-example-cxf/src/main/java/org/apache/camel/example/cxf/provider/CamelCxfExample.java,22.0,0.0,1.0,2.0,5.0,4.0,3.0,ningjiang@apache.org,1,9.389671361502347E-4,25.0,25.0,0.0,0.0,13275.391509433963,739343.7117428384,1,0,0.9793220937211549,false
examples/camel-example-cxf/src/main/java/org/apache/camel/example/cxf/provider/Client.java,40.0,11.0,1.0,3.0,17.0,6.0,6.0,ningjiang@apache.org,1,9.389671361502347E-4,12.0,12.0,0.0,0.0,13275.391509433963,739343.7117428384,1,0,0.9793220937211549,false
examples/camel-example-cxf/src/main/java/org/apache/camel/example/cxf/provider/GreeterProvider.java,5.0,5.0,0.0,1.0,0.0,2.0,4.0,ningjiang@apache.org,1,9.389671361502347E-4,50.0,50.0,0.0,0.0,13275.391509433963,739343.7117428384,1,0,0.9793220937211549,false
examples/camel-example-cxf/src/main/java/org/apache/camel/example/cxf/provider/Server.java,22.0,4.0,3.0,3.0,7.0,6.0,4.0,ningjiang@apache.org,1,9.389671361502347E-4,17.0,17.0,0.0,0.0,13275.391509433963,739343.7117428384,1,0,0.9793220937211549,false
examples/camel-example-cxf/src/main/java/org/apache/camel/example/cxf/provider/TesterBean.java,39.0,11.0,1.0,2.0,21.0,8.0,4.0,ningjiang@apache.org,1,9.389671361502347E-4,50.0,33.0,0.0,17.0,13275.391509433963,739343.7117428384,1,0,0.9793220937211549,false
examples/camel-example-osgi/src/main/java/org/apache/camel/example/osgi/MyTransform.java,28.0,3.0,0.0,5.0,2.0,10.0,5.0,davsclaus@apache.org,2,0.0018779342723004694,25.0,0.0,0.0,12.0,13390.058176100629,739422.2431724251,2,0,1.9462890727254538,false
tests/camel-itest/src/test/java/org/apache/camel/itest/jms/JmsMediumQueuePerformanceTest.java,17.0,0.0,0.0,1.0,6.0,2.0,142.0,ningjiang@apache.org,2,0.0018779342723004694,25.0,8.0,8.0,0.0,15225.022278664732,769613.3035651849,2,0,0.31913679978840226,false
tests/camel-itest/src/test/java/org/apache/camel/itest/jms/JmsPerformanceTest.java,89.0,9.0,68.0,13.0,21.0,27.0,3.0,davsclaus@apache.org,1,9.389671361502347E-4,10.0,5.0,5.0,0.0,1949.6307692307691,30269.591822346585,1,0,0.9438154052642451,false
tests/camel-itest/src/test/java/org/apache/camel/itest/jms/StopWatch.java,74.0,1.0,34.0,13.0,7.0,25.0,213.0,ningjiang@apache.org,2,0.0018779342723004694,29.0,14.0,0.0,0.0,15225.022278664732,769613.3035651849,2,0,0.2684215689327547,false
