name,LOC,CBO,LCOM,NOM,RFC,WMC,numOfChanges,bccm,structuralWorkloadSum,semanticWorkloadSum,numberOfDeveloper,isBuggy
samples/dom/Arguments.java,134.0,4.0,20.0,9.0,16.0,24.0,1,0.004098360655737705,446.12698412698415,22953.510615058785,1,false
samples/dom/DOMAddLines.java,198.0,14.0,24.0,8.0,40.0,28.0,1,0.004098360655737705,446.12698412698415,22953.510615058785,1,false
samples/dom/DOMGenerate.java,34.0,9.0,0.0,1.0,9.0,3.0,1,0.004098360655737705,446.12698412698415,22953.510615058785,1,false
samples/sax/SAX2Writer.java,263.0,9.0,54.0,17.0,58.0,43.0,1,0.004098360655737705,446.12698412698415,22953.510615058785,1,false
samples/sax/helpers/AttributesImpl.java,304.0,1.0,173.0,23.0,24.0,64.0,0,0.0,0.0,0.0,0,false
samples/ui/DOMParserSaveEncoding.java,33.0,7.0,4.0,4.0,6.0,9.0,0,0.0,0.0,0.0,0,false
src/javax/xml/parsers/DocumentBuilder.java,135.0,8.0,45.0,10.0,4.0,27.0,1,0.004098360655737705,131.44,2430.2450756095423,1,false
src/javax/xml/parsers/DocumentBuilderFactory.java,147.0,0.0,17.0,7.0,3.0,23.0,1,0.004098360655737705,131.44,2430.2450756095423,1,true
src/javax/xml/parsers/FactoryConfigurationError.java,81.0,0.0,8.0,5.0,0.0,7.0,1,0.004098360655737705,131.44,2430.2450756095423,1,false
src/javax/xml/parsers/ParserConfigurationException.java,55.0,0.0,1.0,2.0,0.0,2.0,1,0.004098360655737705,131.44,2430.2450756095423,1,false
src/javax/xml/parsers/SAXParser.java,143.0,7.0,28.0,8.0,15.0,22.0,2,0.00819672131147541,240.64,3546.3291333483053,2,false
src/javax/xml/parsers/SAXParserFactory.java,149.0,1.0,17.0,7.0,3.0,23.0,1,0.004098360655737705,131.44,2430.2450756095423,1,false
src/org/apache/html/dom/HTMLDocumentImpl.java,428.0,9.0,478.0,32.0,66.0,105.0,0,0.0,0.0,0.0,0,false
src/org/apache/html/dom/HTMLTableElementImpl.java,204.0,2.0,630.0,36.0,71.0,89.0,0,0.0,0.0,0.0,0,false
src/org/apache/html/dom/NameNodeListImpl.java,44.0,5.0,1.0,2.0,7.0,9.0,0,0.0,0.0,0.0,0,false
src/org/apache/wml/WMLAElement.java,23.0,0.0,28.0,8.0,0.0,10.0,0,0.0,0.0,0.0,0,false
src/org/apache/wml/WMLAccessElement.java,26.0,0.0,6.0,4.0,0.0,5.0,0,0.0,0.0,0.0,0,false
src/org/apache/wml/WMLAnchorElement.java,19.0,0.0,6.0,4.0,0.0,6.0,0,0.0,0.0,0.0,0,false
src/org/apache/wml/WMLBElement.java,19.0,0.0,1.0,2.0,0.0,4.0,0,0.0,0.0,0.0,0,false
src/org/apache/wml/WMLBigElement.java,19.0,0.0,1.0,2.0,0.0,4.0,0,0.0,0.0,0.0,0,false
src/org/apache/wml/WMLBrElement.java,18.0,0.0,1.0,2.0,0.0,4.0,0,0.0,0.0,0.0,0,false
src/org/apache/wml/WMLCardElement.java,60.0,0.0,91.0,14.0,0.0,23.0,0,0.0,0.0,0.0,0,false
src/org/apache/wml/WMLDOMImplementation.java,10.0,1.0,0.0,0.0,0.0,0.0,0,0.0,0.0,0.0,0,false
src/org/apache/wml/WMLDoElement.java,25.0,0.0,45.0,10.0,0.0,12.0,0,0.0,0.0,0.0,0,false
src/org/apache/wml/WMLDocument.java,10.0,1.0,0.0,0.0,0.0,0.0,0,0.0,0.0,0.0,0,false
src/org/apache/wml/WMLElement.java,25.0,1.0,6.0,4.0,0.0,5.0,0,0.0,0.0,0.0,0,false
src/org/apache/wml/WMLEmElement.java,19.0,0.0,1.0,2.0,0.0,4.0,0,0.0,0.0,0.0,0,false
src/org/apache/wml/WMLFieldsetElement.java,24.0,0.0,6.0,4.0,0.0,8.0,0,0.0,0.0,0.0,0,false
src/org/apache/wml/WMLGoElement.java,18.0,0.0,28.0,8.0,0.0,8.0,0,0.0,0.0,0.0,0,false
src/org/apache/wml/WMLHeadElement.java,12.0,0.0,0.0,0.0,0.0,0.0,0,0.0,0.0,0.0,0,false
src/org/apache/wml/WMLIElement.java,19.0,0.0,1.0,2.0,0.0,4.0,0,0.0,0.0,0.0,0,false
src/org/apache/wml/WMLImgElement.java,71.0,0.0,153.0,18.0,0.0,30.0,0,0.0,0.0,0.0,0,false
src/org/apache/wml/WMLInputElement.java,76.0,0.0,190.0,20.0,0.0,34.0,0,0.0,0.0,0.0,0,false
src/org/apache/wml/WMLMetaElement.java,41.0,0.0,45.0,10.0,0.0,16.0,0,0.0,0.0,0.0,0,false
src/org/apache/wml/WMLNoopElement.java,10.0,0.0,0.0,0.0,0.0,0.0,0,0.0,0.0,0.0,0,false
src/org/apache/wml/WMLOneventElement.java,12.0,0.0,1.0,2.0,0.0,2.0,0,0.0,0.0,0.0,0,false
src/org/apache/wml/WMLOptgroupElement.java,25.0,0.0,6.0,4.0,0.0,7.0,0,0.0,0.0,0.0,0,false
src/org/apache/wml/WMLOptionElement.java,37.0,0.0,28.0,8.0,0.0,14.0,0,0.0,0.0,0.0,0,false
src/org/apache/wml/WMLPElement.java,33.0,0.0,15.0,6.0,0.0,10.0,0,0.0,0.0,0.0,0,false
src/org/apache/wml/WMLPostfieldElement.java,14.0,0.0,6.0,4.0,0.0,4.0,0,0.0,0.0,0.0,0,false
src/org/apache/wml/WMLPrevElement.java,10.0,0.0,0.0,0.0,0.0,0.0,0,0.0,0.0,0.0,0,false
src/org/apache/wml/WMLRefreshElement.java,10.0,0.0,0.0,0.0,0.0,0.0,0,0.0,0.0,0.0,0,false
src/org/apache/wml/WMLSelectElement.java,61.0,0.0,120.0,16.0,0.0,25.0,0,0.0,0.0,0.0,0,false
src/org/apache/wml/WMLSetvarElement.java,14.0,0.0,6.0,4.0,0.0,4.0,0,0.0,0.0,0.0,0,false
src/org/apache/wml/WMLSmallElement.java,13.0,0.0,1.0,2.0,0.0,4.0,0,0.0,0.0,0.0,0,false
src/org/apache/wml/WMLStrongElement.java,19.0,0.0,1.0,2.0,0.0,4.0,0,0.0,0.0,0.0,0,false
src/org/apache/wml/WMLTableElement.java,37.0,0.0,28.0,8.0,0.0,13.0,0,0.0,0.0,0.0,0,false
src/org/apache/wml/WMLTdElement.java,19.0,0.0,1.0,2.0,0.0,4.0,0,0.0,0.0,0.0,0,false
src/org/apache/wml/WMLTemplateElement.java,17.0,0.0,15.0,6.0,0.0,6.0,0,0.0,0.0,0.0,0,false
src/org/apache/wml/WMLTimerElement.java,25.0,0.0,6.0,4.0,0.0,5.0,0,0.0,0.0,0.0,0,false
src/org/apache/wml/WMLTrElement.java,12.0,0.0,0.0,0.0,0.0,0.0,0,0.0,0.0,0.0,0,false
src/org/apache/wml/WMLUElement.java,19.0,0.0,1.0,2.0,0.0,4.0,0,0.0,0.0,0.0,0,false
src/org/apache/wml/WMLWmlElement.java,19.0,0.0,1.0,2.0,0.0,4.0,0,0.0,0.0,0.0,0,false
src/org/apache/wml/dom/WMLAElementImpl.java,39.0,1.0,55.0,11.0,10.0,16.0,0,0.0,0.0,0.0,0,false
src/org/apache/wml/dom/WMLAccessElementImpl.java,33.0,1.0,36.0,9.0,8.0,13.0,0,0.0,0.0,0.0,0,false
src/org/apache/wml/dom/WMLAnchorElementImpl.java,33.0,1.0,36.0,9.0,8.0,13.0,0,0.0,0.0,0.0,0,false
src/org/apache/wml/dom/WMLBElementImpl.java,27.0,1.0,21.0,7.0,6.0,10.0,0,0.0,0.0,0.0,0,false
src/org/apache/wml/dom/WMLBigElementImpl.java,27.0,1.0,21.0,7.0,6.0,10.0,0,0.0,0.0,0.0,0,false
src/org/apache/wml/dom/WMLBrElementImpl.java,27.0,1.0,21.0,7.0,6.0,10.0,0,0.0,0.0,0.0,0,false
src/org/apache/wml/dom/WMLCardElementImpl.java,63.0,1.0,171.0,19.0,18.0,30.0,0,0.0,0.0,0.0,0,false
src/org/apache/wml/dom/WMLDOMImplementationImpl.java,22.0,3.0,1.0,2.0,2.0,6.0,0,0.0,0.0,0.0,0,false
src/org/apache/wml/dom/WMLDoElementImpl.java,51.0,1.0,105.0,15.0,14.0,22.0,0,0.0,0.0,0.0,0,false
src/org/apache/wml/dom/WMLDocumentImpl.java,69.0,10.0,1.0,2.0,8.0,7.0,0,0.0,0.0,0.0,0,false
src/org/apache/wml/dom/WMLElementImpl.java,45.0,2.0,55.0,11.0,12.0,19.0,0,0.0,0.0,0.0,0,false
src/org/apache/wml/dom/WMLEmElementImpl.java,27.0,1.0,21.0,7.0,6.0,10.0,0,0.0,0.0,0.0,0,false
src/org/apache/wml/dom/WMLFieldsetElementImpl.java,33.0,1.0,36.0,9.0,8.0,13.0,0,0.0,0.0,0.0,0,false
src/org/apache/wml/dom/WMLGoElementImpl.java,45.0,1.0,78.0,13.0,12.0,19.0,0,0.0,0.0,0.0,0,false
src/org/apache/wml/dom/WMLHeadElementImpl.java,21.0,1.0,10.0,5.0,4.0,7.0,0,0.0,0.0,0.0,0,false
src/org/apache/wml/dom/WMLIElementImpl.java,27.0,1.0,21.0,7.0,6.0,10.0,0,0.0,0.0,0.0,0,false
src/org/apache/wml/dom/WMLImgElementImpl.java,75.0,1.0,253.0,23.0,22.0,34.0,0,0.0,0.0,0.0,0,false
src/org/apache/wml/dom/WMLInputElementImpl.java,81.0,1.0,300.0,25.0,24.0,39.0,0,0.0,0.0,0.0,0,false
src/org/apache/wml/dom/WMLMetaElementImpl.java,51.0,1.0,105.0,15.0,14.0,24.0,0,0.0,0.0,0.0,0,false
src/org/apache/wml/dom/WMLNoopElementImpl.java,21.0,1.0,10.0,5.0,4.0,7.0,0,0.0,0.0,0.0,0,false
src/org/apache/wml/dom/WMLOneventElementImpl.java,27.0,1.0,21.0,7.0,6.0,10.0,0,0.0,0.0,0.0,0,false
src/org/apache/wml/dom/WMLOptgroupElementImpl.java,33.0,1.0,36.0,9.0,8.0,13.0,0,0.0,0.0,0.0,0,false
src/org/apache/wml/dom/WMLOptionElementImpl.java,45.0,1.0,78.0,13.0,12.0,19.0,0,0.0,0.0,0.0,0,false
src/org/apache/wml/dom/WMLPElementImpl.java,39.0,1.0,55.0,11.0,10.0,16.0,0,0.0,0.0,0.0,0,false
src/org/apache/wml/dom/WMLPostfieldElementImpl.java,33.0,1.0,36.0,9.0,8.0,13.0,0,0.0,0.0,0.0,0,false
src/org/apache/wml/dom/WMLPrevElementImpl.java,21.0,1.0,10.0,5.0,4.0,7.0,0,0.0,0.0,0.0,0,false
src/org/apache/wml/dom/WMLRefreshElementImpl.java,21.0,1.0,10.0,5.0,4.0,7.0,0,0.0,0.0,0.0,0,false
src/org/apache/wml/dom/WMLSelectElementImpl.java,69.0,1.0,210.0,21.0,20.0,31.0,0,0.0,0.0,0.0,0,false
src/org/apache/wml/dom/WMLSetvarElementImpl.java,33.0,1.0,36.0,9.0,8.0,13.0,0,0.0,0.0,0.0,0,false
src/org/apache/wml/dom/WMLSmallElementImpl.java,27.0,1.0,21.0,7.0,6.0,10.0,0,0.0,0.0,0.0,0,false
src/org/apache/wml/dom/WMLStrongElementImpl.java,27.0,1.0,21.0,7.0,6.0,10.0,0,0.0,0.0,0.0,0,false
src/org/apache/wml/dom/WMLTableElementImpl.java,45.0,1.0,78.0,13.0,12.0,19.0,0,0.0,0.0,0.0,0,false
src/org/apache/wml/dom/WMLTdElementImpl.java,27.0,1.0,21.0,7.0,6.0,10.0,0,0.0,0.0,0.0,0,false
src/org/apache/wml/dom/WMLTemplateElementImpl.java,39.0,1.0,55.0,11.0,10.0,18.0,0,0.0,0.0,0.0,0,false
src/org/apache/wml/dom/WMLTimerElementImpl.java,33.0,1.0,36.0,9.0,8.0,13.0,0,0.0,0.0,0.0,0,false
src/org/apache/wml/dom/WMLTrElementImpl.java,21.0,1.0,10.0,5.0,4.0,7.0,0,0.0,0.0,0.0,0,false
src/org/apache/wml/dom/WMLUElementImpl.java,27.0,1.0,21.0,7.0,6.0,10.0,0,0.0,0.0,0.0,0,false
src/org/apache/wml/dom/WMLWmlElementImpl.java,27.0,1.0,21.0,7.0,6.0,10.0,0,0.0,0.0,0.0,0,false
src/org/apache/xerces/dom/AttrImpl.java,231.0,2.0,114.0,16.0,40.0,53.0,1,0.004098360655737705,131.44,2430.2450756095423,1,false
src/org/apache/xerces/dom/AttrNSImpl.java,109.0,2.0,5.0,6.0,16.0,20.0,1,0.004098360655737705,131.44,2430.2450756095423,1,false
src/org/apache/xerces/dom/AttributeMap.java,265.0,6.0,45.0,10.0,65.0,39.0,1,0.004098360655737705,131.44,2430.2450756095423,1,false
src/org/apache/xerces/dom/CharacterDataImpl.java,259.0,4.0,15.0,15.0,59.0,46.0,1,0.004098360655737705,131.44,2430.2450756095423,1,false
src/org/apache/xerces/dom/ChildAndParentNode.java,597.0,6.0,143.0,27.0,88.0,95.0,2,0.00819672131147541,577.5669841269842,25383.755690668328,2,false
src/org/apache/xerces/dom/ChildNode.java,93.0,4.0,28.0,9.0,7.0,21.0,1,0.004098360655737705,131.44,2430.2450756095423,1,false
src/org/apache/xerces/dom/CommentImpl.java,30.0,1.0,3.0,3.0,0.0,6.0,0,0.0,0.0,0.0,0,false
src/org/apache/xerces/dom/DeepNodeListImpl.java,155.0,2.0,0.0,5.0,18.0,20.0,0,0.0,0.0,0.0,0,false
src/org/apache/xerces/dom/DeferredAttrImpl.java,80.0,2.0,0.0,4.0,9.0,7.0,1,0.004098360655737705,131.44,2430.2450756095423,1,false
src/org/apache/xerces/dom/DeferredAttrNSImpl.java,72.0,2.0,0.0,4.0,13.0,8.0,3,0.012295081967213115,686.7669841269842,26499.839748407092,3,true
src/org/apache/xerces/dom/DeferredCDATASectionImpl.java,58.0,1.0,0.0,3.0,6.0,5.0,1,0.004098360655737705,131.44,2430.2450756095423,1,false
src/org/apache/xerces/dom/DeferredCommentImpl.java,38.0,1.0,0.0,3.0,4.0,5.0,1,0.004098360655737705,131.44,2430.2450756095423,1,false
src/org/apache/xerces/dom/DeferredDocumentImpl.java,1274.0,4.0,714.0,61.0,130.0,180.0,3,0.012295081967213115,686.7669841269842,26499.839748407092,3,true
src/org/apache/xerces/dom/DeferredDocumentTypeImpl.java,107.0,2.0,0.0,4.0,22.0,10.0,2,0.00819672131147541,240.64,3546.3291333483053,2,false
src/org/apache/xerces/dom/DeferredElementDefinitionImpl.java,54.0,1.0,0.0,4.0,9.0,7.0,1,0.004098360655737705,131.44,2430.2450756095423,1,false
src/org/apache/xerces/dom/DeferredElementImpl.java,68.0,4.0,0.0,4.0,12.0,8.0,1,0.004098360655737705,131.44,2430.2450756095423,1,false
src/org/apache/xerces/dom/DeferredElementNSImpl.java,68.0,4.0,0.0,4.0,15.0,9.0,2,0.00819672131147541,577.5669841269842,25383.755690668328,2,true
src/org/apache/xerces/dom/DeferredEntityImpl.java,82.0,2.0,0.0,4.0,14.0,6.0,1,0.004098360655737705,131.44,2430.2450756095423,1,false
src/org/apache/xerces/dom/DeferredEntityReferenceImpl.java,116.0,1.0,0.0,5.0,16.0,9.0,1,0.004098360655737705,131.44,2430.2450756095423,1,false
src/org/apache/xerces/dom/DeferredNotationImpl.java,59.0,2.0,0.0,3.0,9.0,5.0,1,0.004098360655737705,131.44,2430.2450756095423,1,false
src/org/apache/xerces/dom/DeferredProcessingInstructionImpl.java,41.0,1.0,0.0,3.0,5.0,4.0,1,0.004098360655737705,131.44,2430.2450756095423,1,false
src/org/apache/xerces/dom/DeferredTextImpl.java,49.0,1.0,0.0,3.0,6.0,4.0,2,0.00819672131147541,240.64,3546.3291333483053,2,false
src/org/apache/xerces/dom/DocumentFragmentImpl.java,69.0,1.0,6.0,4.0,0.0,8.0,0,0.0,0.0,0.0,0,false
src/org/apache/xerces/dom/DocumentImpl.java,921.0,8.0,1224.0,53.0,92.0,188.0,2,0.00819672131147541,577.5669841269842,25383.755690668328,2,true
src/org/apache/xerces/dom/DocumentTypeImpl.java,214.0,1.0,57.0,15.0,23.0,41.0,1,0.004098360655737705,131.44,2430.2450756095423,1,false
src/org/apache/xerces/dom/ElementDefinitionImpl.java,69.0,1.0,2.0,5.0,5.0,13.0,1,0.004098360655737705,131.44,2430.2450756095423,1,false
src/org/apache/xerces/dom/ElementImpl.java,528.0,4.0,94.0,28.0,82.0,88.0,1,0.004098360655737705,131.44,2430.2450756095423,1,false
src/org/apache/xerces/dom/ElementNSImpl.java,109.0,1.0,5.0,6.0,16.0,20.0,1,0.004098360655737705,131.44,2430.2450756095423,1,false
src/org/apache/xerces/dom/EntityImpl.java,149.0,1.0,33.0,10.0,15.0,26.0,1,0.004098360655737705,131.44,2430.2450756095423,1,false
src/org/apache/xerces/dom/EntityReferenceImpl.java,156.0,1.0,43.0,10.0,20.0,27.0,1,0.004098360655737705,131.44,2430.2450756095423,1,false
src/org/apache/xerces/dom/NamedNodeMapImpl.java,333.0,4.0,35.0,22.0,57.0,65.0,1,0.004098360655737705,131.44,2430.2450756095423,1,false
src/org/apache/xerces/dom/NodeImpl.java,923.0,8.0,1786.0,65.0,71.0,191.0,1,0.004098360655737705,131.44,2430.2450756095423,1,false
src/org/apache/xerces/dom/NotationImpl.java,107.0,1.0,15.0,7.0,12.0,23.0,1,0.004098360655737705,131.44,2430.2450756095423,1,false
src/org/apache/xerces/dom/ParentNode.java,606.0,6.0,143.0,27.0,88.0,95.0,2,0.00819672131147541,577.5669841269842,25383.755690668328,2,false
src/org/apache/xerces/dom/ProcessingInstructionImpl.java,82.0,1.0,9.0,6.0,7.0,16.0,1,0.004098360655737705,131.44,2430.2450756095423,1,false
src/org/apache/xerces/dom/RangeImpl.java,992.0,10.0,0.0,41.0,135.0,162.0,1,0.004098360655737705,131.44,2430.2450756095423,1,true
src/org/apache/xerces/dom/TextImpl.java,88.0,1.0,15.0,6.0,16.0,16.0,1,0.004098360655737705,131.44,2430.2450756095423,1,false
src/org/apache/xerces/framework/Version.java,17.0,0.0,0.0,1.0,1.0,2.0,3,0.012295081967213115,563.3269841269841,24098.374216740503,3,false
src/org/apache/xerces/framework/XMLAttrList.java,493.0,5.0,0.0,29.0,19.0,94.0,2,0.00819672131147541,555.3269841269841,24069.59467279755,2,false
src/org/apache/xerces/framework/XMLContentSpec.java,439.0,1.0,10.0,12.0,14.0,35.0,3,0.012295081967213115,613.6346764346765,25116.545393196193,3,false
src/org/apache/xerces/framework/XMLDTDScanner.java,2371.0,14.0,992.0,68.0,434.0,269.0,4,0.01639344262295082,745.0746764346766,27546.790468805735,4,true
src/org/apache/xerces/framework/XMLDocumentHandler.java,250.0,1.0,153.0,18.0,0.0,53.0,2,0.00819672131147541,555.3269841269841,24069.59467279755,2,false
src/org/apache/xerces/framework/XMLDocumentScanner.java,1676.0,10.0,472.0,41.0,146.0,140.0,3,0.012295081967213115,613.6346764346765,25116.545393196193,3,false
src/org/apache/xerces/framework/XMLErrorReporter.java,41.0,1.0,1.0,2.0,0.0,5.0,0,0.0,0.0,0.0,0,false
src/org/apache/xerces/framework/XMLParser.java,817.0,27.0,583.0,46.0,88.0,152.0,3,0.012295081967213115,613.6346764346765,25116.545393196193,3,false
src/org/apache/xerces/jaxp/DocumentBuilderFactoryImpl.java,21.0,4.0,1.0,2.0,2.0,4.0,1,0.004098360655737705,131.44,2430.2450756095423,1,false
src/org/apache/xerces/jaxp/DocumentBuilderImpl.java,91.0,9.0,12.0,8.0,5.0,18.0,1,0.004098360655737705,131.44,2430.2450756095423,1,false
src/org/apache/xerces/jaxp/SAXParserFactoryImpl.java,21.0,4.0,1.0,2.0,2.0,4.0,1,0.004098360655737705,131.44,2430.2450756095423,1,false
src/org/apache/xerces/jaxp/SAXParserImpl.java,67.0,9.0,4.0,5.0,1.0,10.0,1,0.004098360655737705,131.44,2430.2450756095423,1,false
src/org/apache/xerces/msg/ExceptionMessages.java,17.0,1.0,0.0,1.0,0.0,2.0,0,0.0,0.0,0.0,0,false
src/org/apache/xerces/msg/SchemaMessages.java,17.0,1.0,0.0,1.0,0.0,2.0,0,0.0,0.0,0.0,0,false
src/org/apache/xerces/msg/XMLMessages.java,17.0,1.0,0.0,1.0,0.0,2.0,2,0.00819672131147541,504.4346764346765,24000.46133545743,2,false
src/org/apache/xerces/parsers/DOMParser.java,2087.0,42.0,848.0,61.0,332.0,265.0,3,0.012295081967213115,686.7669841269842,26499.839748407092,3,true
src/org/apache/xerces/parsers/SAXParser.java,907.0,22.0,311.0,47.0,121.0,151.0,2,0.00819672131147541,555.3269841269841,24069.59467279755,2,false
src/org/apache/xerces/readers/AbstractCharReader.java,1115.0,9.0,74.0,32.0,101.0,172.0,1,0.004098360655737705,446.12698412698415,22953.510615058785,1,false
src/org/apache/xerces/readers/DefaultEntityHandler.java,1025.0,16.0,917.0,62.0,152.0,179.0,3,0.012295081967213115,686.7669841269842,26499.839748407092,3,false
src/org/apache/xerces/readers/StreamingCharReader.java,1102.0,10.0,36.0,33.0,108.0,177.0,1,0.004098360655737705,446.12698412698415,22953.510615058785,1,false
src/org/apache/xerces/readers/StringReader.java,762.0,7.0,0.0,28.0,89.0,150.0,2,0.00819672131147541,555.3269841269841,24069.59467279755,2,false
src/org/apache/xerces/readers/UCSReader.java,777.0,8.0,73.0,30.0,72.0,143.0,1,0.004098360655737705,446.12698412698415,22953.510615058785,1,false
src/org/apache/xerces/readers/UTF8Reader.java,2554.0,10.0,0.0,40.0,141.0,229.0,1,0.004098360655737705,446.12698412698415,22953.510615058785,1,false
src/org/apache/xerces/readers/UTF8Recognizer.java,161.0,7.0,0.0,1.0,11.0,7.0,2,0.00819672131147541,504.4346764346765,24000.46133545743,2,false
src/org/apache/xerces/readers/XCatalog.java,409.0,14.0,18.0,8.0,22.0,26.0,0,0.0,0.0,0.0,0,false
src/org/apache/xerces/readers/XMLEntityHandler.java,459.0,7.0,45.0,10.0,0.0,26.0,1,0.004098360655737705,446.12698412698415,22953.510615058785,1,false
src/org/apache/xerces/readers/XMLEntityReader.java,94.0,1.0,8.0,9.0,4.0,20.0,0,0.0,0.0,0.0,0,false
src/org/apache/xerces/utils/Base64.java,146.0,1.0,4.0,5.0,3.0,19.0,1,0.004098360655737705,446.12698412698415,22953.510615058785,1,false
src/org/apache/xerces/utils/ChunkyByteArray.java,154.0,2.0,0.0,8.0,8.0,29.0,1,0.004098360655737705,446.12698412698415,22953.510615058785,1,false
src/org/apache/xerces/utils/Hash2intTable.java,69.0,0.0,0.0,2.0,1.0,11.0,2,0.00819672131147541,504.4346764346765,24000.46133545743,2,false
src/org/apache/xerces/utils/HexBin.java,76.0,1.0,8.0,5.0,3.0,15.0,1,0.004098360655737705,446.12698412698415,22953.510615058785,1,false
src/org/apache/xerces/utils/ISO8601Format.java,8.0,1.0,0.0,1.0,0.0,1.0,0,0.0,0.0,0.0,0,false
src/org/apache/xerces/utils/QName.java,114.0,0.0,0.0,11.0,7.0,21.0,1,0.004098360655737705,446.12698412698415,22953.510615058785,1,false
src/org/apache/xerces/utils/StringPool.java,560.0,0.0,0.0,29.0,59.0,101.0,2,0.00819672131147541,504.4346764346765,24000.46133545743,2,false
src/org/apache/xerces/utils/URI.java,1038.0,2.0,584.0,41.0,120.0,183.0,2,0.00819672131147541,555.3269841269841,24069.59467279755,2,true
src/org/apache/xerces/utils/XMLMessages.java,61.0,3.0,0.0,3.0,3.0,9.0,2,0.00819672131147541,504.4346764346765,24000.46133545743,2,false
src/org/apache/xerces/utils/regex/BMPattern.java,170.0,1.0,0.0,8.0,16.0,37.0,1,0.004098360655737705,446.12698412698415,22953.510615058785,1,false
src/org/apache/xerces/utils/regex/Match.java,129.0,1.0,6.0,12.0,7.0,30.0,1,0.004098360655737705,446.12698412698415,22953.510615058785,1,false
src/org/apache/xerces/utils/regex/Op.java,211.0,1.0,0.0,23.0,3.0,60.0,0,0.0,0.0,0.0,0,false
src/org/apache/xerces/utils/regex/ParseException.java,18.0,0.0,0.0,2.0,0.0,5.0,0,0.0,0.0,0.0,0,false
src/org/apache/xerces/utils/regex/ParserForXMLSchema.java,342.0,2.0,703.0,38.0,76.0,100.0,1,0.004098360655737705,446.12698412698415,22953.510615058785,1,false
src/org/apache/xerces/utils/regex/REUtil.java,262.0,1.0,120.0,16.0,44.0,56.0,1,0.004098360655737705,446.12698412698415,22953.510615058785,1,false
src/org/apache/xerces/utils/regex/RangeToken.java,471.0,0.0,9.0,18.0,39.0,88.0,1,0.004098360655737705,446.12698412698415,22953.510615058785,1,false
src/org/apache/xerces/utils/regex/RegexParser.java,1149.0,4.0,689.0,50.0,228.0,212.0,1,0.004098360655737705,446.12698412698415,22953.510615058785,1,false
src/org/apache/xerces/utils/regex/RegularExpression.java,2488.0,1.0,960.0,52.0,243.0,197.0,1,0.004098360655737705,446.12698412698415,22953.510615058785,1,false
src/org/apache/xerces/utils/regex/Token.java,1096.0,2.0,734.0,48.0,71.0,141.0,1,0.004098360655737705,446.12698412698415,22953.510615058785,1,false
src/org/apache/xerces/validators/common/CMAny.java,69.0,4.0,0.0,9.0,6.0,23.0,1,0.004098360655737705,109.2,1116.084057738763,1,false
src/org/apache/xerces/validators/common/CMBinOp.java,52.0,2.0,0.0,6.0,13.0,22.0,0,0.0,0.0,0.0,0,false
src/org/apache/xerces/validators/common/CMException.java,14.0,0.0,0.0,2.0,0.0,3.0,0,0.0,0.0,0.0,0,false
src/org/apache/xerces/validators/common/CMLeaf.java,63.0,4.0,0.0,9.0,8.0,23.0,1,0.004098360655737705,446.12698412698415,22953.510615058785,1,false
src/org/apache/xerces/validators/common/CMNode.java,39.0,0.0,28.0,9.0,2.0,20.0,0,0.0,0.0,0.0,0,false
src/org/apache/xerces/validators/common/CMStateSet.java,134.0,1.0,0.0,10.0,4.0,45.0,0,0.0,0.0,0.0,0,false
src/org/apache/xerces/validators/common/CMUniOp.java,28.0,2.0,0.0,5.0,6.0,14.0,0,0.0,0.0,0.0,0,false
src/org/apache/xerces/validators/common/DFAContentModel.java,497.0,4.0,10.0,9.0,51.0,49.0,3,0.012295081967213115,613.6346764346765,25116.545393196193,3,false
src/org/apache/xerces/validators/common/Grammar.java,512.0,9.0,328.0,32.0,44.0,93.0,3,0.012295081967213115,613.6346764346765,25116.545393196193,3,false
src/org/apache/xerces/validators/common/GrammarResolver.java,53.0,2.0,28.0,8.0,0.0,13.0,1,0.004098360655737705,446.12698412698415,22953.510615058785,1,false
src/org/apache/xerces/validators/common/GrammarResolverImpl.java,94.0,3.0,0.0,10.0,12.0,19.0,1,0.004098360655737705,446.12698412698415,22953.510615058785,1,false
src/org/apache/xerces/validators/common/InsertableElementsInfo.java,99.0,1.0,0.0,0.0,0.0,0.0,1,0.004098360655737705,446.12698412698415,22953.510615058785,1,false
src/org/apache/xerces/validators/common/MixedContentModel.java,193.0,2.0,0.0,4.0,2.0,22.0,3,0.012295081967213115,613.6346764346765,25116.545393196193,3,false
src/org/apache/xerces/validators/common/SimpleContentModel.java,233.0,3.0,0.0,3.0,4.0,21.0,3,0.012295081967213115,613.6346764346765,25116.545393196193,3,false
src/org/apache/xerces/validators/common/XMLAttributeDecl.java,54.0,2.0,13.0,6.0,4.0,8.0,2,0.00819672131147541,504.4346764346765,24000.46133545743,2,false
src/org/apache/xerces/validators/common/XMLContentModel.java,69.0,1.0,1.0,2.0,0.0,11.0,3,0.012295081967213115,613.6346764346765,25116.545393196193,3,false
src/org/apache/xerces/validators/common/XMLElementDecl.java,44.0,2.0,13.0,6.0,4.0,8.0,1,0.004098360655737705,446.12698412698415,22953.510615058785,1,false
src/org/apache/xerces/validators/common/XMLValidator.java,2328.0,36.0,2354.0,88.0,302.0,298.0,4,0.01639344262295082,745.0746764346766,27546.790468805735,4,true
src/org/apache/xerces/validators/datatype/AbstractDatatypeValidator.java,38.0,2.0,6.0,4.0,0.0,12.0,1,0.004098360655737705,446.12698412698415,22953.510615058785,1,false
src/org/apache/xerces/validators/datatype/BinaryDatatypeValidator.java,152.0,8.0,19.0,7.0,12.0,21.0,1,0.004098360655737705,446.12698412698415,22953.510615058785,1,false
src/org/apache/xerces/validators/datatype/BooleanDatatypeValidator.java,107.0,7.0,32.0,9.0,13.0,27.0,1,0.004098360655737705,446.12698412698415,22953.510615058785,1,false
src/org/apache/xerces/validators/datatype/DatatypeMessageProvider.java,64.0,4.0,0.0,3.0,3.0,11.0,1,0.004098360655737705,446.12698412698415,22953.510615058785,1,false
src/org/apache/xerces/validators/datatype/DatatypeValidator.java,55.0,2.0,3.0,3.0,0.0,10.0,1,0.004098360655737705,446.12698412698415,22953.510615058785,1,false
src/org/apache/xerces/validators/datatype/DatatypeValidatorFactory.java,7.0,3.0,0.0,1.0,0.0,2.0,1,0.004098360655737705,446.12698412698415,22953.510615058785,1,false
src/org/apache/xerces/validators/datatype/DatatypeValidatorFactoryImpl.java,214.0,6.0,18.0,9.0,25.0,23.0,2,0.00819672131147541,504.4346764346765,24000.46133545743,2,false
src/org/apache/xerces/validators/datatype/DecimalDatatypeValidator.java,203.0,9.0,45.0,11.0,27.0,37.0,1,0.004098360655737705,446.12698412698415,22953.510615058785,1,false
src/org/apache/xerces/validators/datatype/DoubleDatatypeValidator.java,206.0,6.0,39.0,10.0,24.0,35.0,1,0.004098360655737705,446.12698412698415,22953.510615058785,1,false
src/org/apache/xerces/validators/datatype/ENTITYDatatypeValidator.java,56.0,2.0,21.0,7.0,2.0,18.0,1,0.004098360655737705,446.12698412698415,22953.510615058785,1,false
src/org/apache/xerces/validators/datatype/FloatDatatypeValidator.java,201.0,6.0,47.0,11.0,24.0,36.0,1,0.004098360655737705,446.12698412698415,22953.510615058785,1,false
src/org/apache/xerces/validators/datatype/IDDatatypeValidator.java,60.0,2.0,21.0,7.0,2.0,18.0,1,0.004098360655737705,446.12698412698415,22953.510615058785,1,false
src/org/apache/xerces/validators/datatype/IDREFDatatypeValidator.java,60.0,2.0,21.0,7.0,2.0,18.0,1,0.004098360655737705,446.12698412698415,22953.510615058785,1,false
src/org/apache/xerces/validators/datatype/InvalidDatatypeFacetException.java,18.0,0.0,6.0,4.0,0.0,4.0,1,0.004098360655737705,446.12698412698415,22953.510615058785,1,false
src/org/apache/xerces/validators/datatype/InvalidDatatypeValueException.java,19.0,0.0,6.0,4.0,0.0,4.0,1,0.004098360655737705,446.12698412698415,22953.510615058785,1,false
src/org/apache/xerces/validators/datatype/NOTATIONDatatypeValidator.java,64.0,2.0,28.0,8.0,2.0,20.0,1,0.004098360655737705,446.12698412698415,22953.510615058785,1,false
src/org/apache/xerces/validators/datatype/QNameDatatypeValidator.java,270.0,10.0,41.0,10.0,21.0,30.0,1,0.004098360655737705,446.12698412698415,22953.510615058785,1,false
src/org/apache/xerces/validators/datatype/RecurringDurationDatatypeValidator.java,406.0,9.0,137.0,18.0,34.0,65.0,1,0.004098360655737705,446.12698412698415,22953.510615058785,1,false
src/org/apache/xerces/validators/datatype/StringDatatypeValidator.java,303.0,10.0,29.0,10.0,20.0,33.0,2,0.00819672131147541,504.4346764346765,24000.46133545743,2,false
src/org/apache/xerces/validators/datatype/TimeDurationDatatypeValidator.java,482.0,9.0,143.0,18.0,42.0,74.0,1,0.004098360655737705,446.12698412698415,22953.510615058785,1,false
src/org/apache/xerces/validators/datatype/URIReferenceDatatypeValidator.java,207.0,9.0,19.0,7.0,12.0,25.0,2,0.00819672131147541,504.4346764346765,24000.46133545743,2,false
src/org/apache/xerces/validators/datatype/XMLException.java,18.0,0.0,10.0,5.0,0.0,6.0,2,0.00819672131147541,504.4346764346765,24000.46133545743,2,false
src/org/apache/xerces/validators/dtd/DTDGrammar.java,587.0,15.0,187.0,38.0,105.0,116.0,3,0.012295081967213115,613.6346764346765,25116.545393196193,3,false
src/org/apache/xerces/validators/schema/SchemaGrammar.java,231.0,12.0,416.0,32.0,21.0,69.0,2,0.00819672131147541,504.4346764346765,24000.46133545743,2,true
src/org/apache/xerces/validators/schema/SchemaMessageProvider.java,60.0,4.0,0.0,3.0,3.0,9.0,1,0.004098360655737705,446.12698412698415,22953.510615058785,1,false
src/org/apache/xerces/validators/schema/SchemaSymbols.java,120.0,0.0,0.0,0.0,0.0,0.0,2,0.00819672131147541,504.4346764346765,24000.46133545743,2,false
src/org/apache/xerces/validators/schema/TraverseSchema.java,2743.0,37.0,1433.0,62.0,437.0,283.0,3,0.012295081967213115,613.6346764346765,25116.545393196193,3,true
src/org/apache/xerces/validators/schema/XUtil.java,277.0,8.0,91.0,14.0,75.0,64.0,1,0.004098360655737705,109.2,1116.084057738763,1,false
src/org/apache/xml/serialize/BaseMarkupSerializer.java,894.0,17.0,763.0,54.0,159.0,174.0,1,0.004098360655737705,8.0,28.779543942952973,1,true
src/org/apache/xml/serialize/DOMSerializer.java,32.0,4.0,3.0,3.0,0.0,12.0,0,0.0,0.0,0.0,0,false
src/org/apache/xml/serialize/ElementState.java,51.0,1.0,0.0,0.0,0.0,0.0,0,0.0,0.0,0.0,0,false
src/org/apache/xml/serialize/Encodings.java,74.0,4.0,0.0,3.0,2.0,13.0,0,0.0,0.0,0.0,0,false
src/org/apache/xml/serialize/HTMLSerializer.java,480.0,13.0,106.0,17.0,99.0,60.0,0,0.0,0.0,0.0,0,false
src/org/apache/xml/serialize/HTMLdtd.java,362.0,4.0,106.0,16.0,36.0,58.0,0,0.0,0.0,0.0,0,false
src/org/apache/xml/serialize/IndentPrinter.java,210.0,3.0,0.0,17.0,32.0,47.0,1,0.004098360655737705,8.0,28.779543942952973,1,false
src/org/apache/xml/serialize/LineSeparator.java,23.0,0.0,0.0,0.0,0.0,0.0,0,0.0,0.0,0.0,0,false
src/org/apache/xml/serialize/Method.java,27.0,0.0,0.0,0.0,0.0,0.0,0,0.0,0.0,0.0,0,false
src/org/apache/xml/serialize/OutputFormat.java,542.0,5.0,730.0,40.0,26.0,128.0,1,0.004098360655737705,8.0,28.779543942952973,1,false
src/org/apache/xml/serialize/Printer.java,206.0,3.0,47.0,18.0,16.0,44.0,1,0.004098360655737705,8.0,28.779543942952973,1,true
src/org/apache/xml/serialize/Serializer.java,67.0,8.0,15.0,6.0,0.0,19.0,0,0.0,0.0,0.0,0,false
src/org/apache/xml/serialize/SerializerFactory.java,81.0,5.0,13.0,6.0,3.0,12.0,0,0.0,0.0,0.0,0,false
src/org/apache/xml/serialize/SerializerFactoryImpl.java,52.0,3.0,9.0,6.0,8.0,22.0,0,0.0,0.0,0.0,0,false
src/org/apache/xml/serialize/TextSerializer.java,177.0,9.0,136.0,17.0,35.0,32.0,0,0.0,0.0,0.0,0,false
src/org/apache/xml/serialize/XHTMLSerializer.java,48.0,3.0,10.0,5.0,2.0,11.0,0,0.0,0.0,0.0,0,false
src/org/apache/xml/serialize/XMLSerializer.java,378.0,10.0,78.0,13.0,91.0,52.0,1,0.004098360655737705,8.0,28.779543942952973,1,true
src/org/w3c/dom/Element.java,254.0,0.0,120.0,16.0,0.0,54.0,1,0.004098360655737705,131.44,2430.2450756095423,1,false
src/org/xml/sax/AttributeList.java,125.0,0.0,15.0,6.0,0.0,22.0,0,0.0,0.0,0.0,0,false
src/org/xml/sax/Attributes.java,164.0,0.0,66.0,12.0,0.0,42.0,0,0.0,0.0,0.0,0,false
src/org/xml/sax/ContentHandler.java,274.0,2.0,55.0,11.0,0.0,45.0,0,0.0,0.0,0.0,0,false
src/org/xml/sax/DTDHandler.java,75.0,0.0,1.0,2.0,0.0,8.0,0,0.0,0.0,0.0,0,false
src/org/xml/sax/DocumentHandler.java,165.0,0.0,28.0,8.0,0.0,33.0,0,0.0,0.0,0.0,0,false
src/org/xml/sax/EntityResolver.java,79.0,3.0,0.0,1.0,0.0,5.0,0,0.0,0.0,0.0,0,false
src/org/xml/sax/ErrorHandler.java,85.0,0.0,3.0,3.0,0.0,12.0,0,0.0,0.0,0.0,0,false
src/org/xml/sax/HandlerBase.java,231.0,0.0,91.0,14.0,0.0,48.0,0,0.0,0.0,0.0,0,false
src/org/xml/sax/InputSource.java,224.0,2.0,69.0,14.0,3.0,44.0,0,0.0,0.0,0.0,0,false
src/org/xml/sax/Locator.java,87.0,0.0,6.0,4.0,0.0,16.0,0,0.0,0.0,0.0,0,false
src/org/xml/sax/Parser.java,148.0,2.0,21.0,7.0,0.0,25.0,0,0.0,0.0,0.0,0,false
src/org/xml/sax/SAXException.java,96.0,0.0,0.0,6.0,2.0,17.0,0,0.0,0.0,0.0,0,false
src/org/xml/sax/SAXNotRecognizedException.java,24.0,0.0,0.0,1.0,0.0,1.0,0,0.0,0.0,0.0,0,false
src/org/xml/sax/SAXNotSupportedException.java,25.0,0.0,0.0,1.0,0.0,1.0,0,0.0,0.0,0.0,0,false
src/org/xml/sax/SAXParseException.java,183.0,0.0,6.0,9.0,12.0,28.0,0,0.0,0.0,0.0,0,false
src/org/xml/sax/XMLFilter.java,37.0,0.0,1.0,2.0,0.0,5.0,0,0.0,0.0,0.0,0,false
src/org/xml/sax/XMLReader.java,289.0,1.0,91.0,14.0,0.0,55.0,0,0.0,0.0,0.0,0,false
src/org/xml/sax/helpers/AttributeListImpl.java,209.0,2.0,12.0,12.0,19.0,32.0,0,0.0,0.0,0.0,0,false
src/org/xml/sax/helpers/AttributesImpl.java,440.0,1.0,0.0,26.0,24.0,104.0,0,0.0,0.0,0.0,0,false
src/org/xml/sax/helpers/DefaultHandler.java,276.0,9.0,136.0,17.0,0.0,60.0,0,0.0,0.0,0.0,0,false
src/org/xml/sax/helpers/LocatorImpl.java,132.0,1.0,37.0,10.0,8.0,26.0,0,0.0,0.0,0.0,0,false
src/org/xml/sax/helpers/NamespaceSupport.java,484.0,4.0,0.0,11.0,18.0,41.0,0,0.0,0.0,0.0,0,false
src/org/xml/sax/helpers/ParserAdapter.java,674.0,17.0,248.0,29.0,53.0,100.0,0,0.0,0.0,0.0,0,false
src/org/xml/sax/helpers/ParserFactory.java,80.0,6.0,3.0,3.0,4.0,11.0,0,0.0,0.0,0.0,0,false
src/org/xml/sax/helpers/XMLFilterImpl.java,515.0,14.0,364.0,36.0,29.0,120.0,0,0.0,0.0,0.0,0,false
src/org/xml/sax/helpers/XMLReaderAdapter.java,318.0,15.0,115.0,22.0,20.0,45.0,0,0.0,0.0,0.0,0,false
src/org/xml/sax/helpers/XMLReaderFactory.java,98.0,3.0,3.0,3.0,5.0,12.0,0,0.0,0.0,0.0,0,false
src/whiteboard/org/apache/xerces/tree/AttributeListEx.java,35.0,1.0,3.0,3.0,0.0,9.0,0,0.0,0.0,0.0,0,false
src/whiteboard/org/apache/xerces/tree/AttributeNode.java,242.0,4.0,164.0,25.0,26.0,67.0,0,0.0,0.0,0.0,0,false
src/whiteboard/org/apache/xerces/tree/AttributeSet.java,254.0,9.0,0.0,21.0,91.0,79.0,1,0.004098360655737705,0.0,2.4734325614295107,1,false
src/whiteboard/org/apache/xerces/tree/CDataNode.java,67.0,3.0,21.0,7.0,4.0,15.0,0,0.0,0.0,0.0,0,false
src/whiteboard/org/apache/xerces/tree/CommentNode.java,68.0,3.0,21.0,7.0,4.0,14.0,0,0.0,0.0,0.0,0,false
src/whiteboard/org/apache/xerces/tree/DataNode.java,164.0,3.0,136.0,17.0,27.0,41.0,0,0.0,0.0,0.0,0,false
src/whiteboard/org/apache/xerces/tree/Doctype.java,324.0,10.0,57.0,19.0,18.0,42.0,0,0.0,0.0,0.0,0,false
src/whiteboard/org/apache/xerces/tree/DocumentEx.java,87.0,3.0,28.0,8.0,0.0,19.0,0,0.0,0.0,0.0,0,false
src/whiteboard/org/apache/xerces/tree/DomEx.java,50.0,2.0,3.0,3.0,4.0,8.0,0,0.0,0.0,0.0,0,false
src/whiteboard/org/apache/xerces/tree/DtdEventListener.java,132.0,4.0,28.0,8.0,0.0,28.0,0,0.0,0.0,0.0,0,false
src/whiteboard/org/apache/xerces/tree/ElementEx.java,61.0,2.0,15.0,6.0,0.0,15.0,0,0.0,0.0,0.0,0,false
src/whiteboard/org/apache/xerces/tree/ElementFactory.java,28.0,1.0,1.0,2.0,0.0,5.0,0,0.0,0.0,0.0,0,false
src/whiteboard/org/apache/xerces/tree/ElementNode.java,423.0,6.0,284.0,36.0,70.0,119.0,1,0.004098360655737705,0.0,2.4734325614295107,1,false
src/whiteboard/org/apache/xerces/tree/MessageCatalog.java,338.0,7.0,24.0,9.0,41.0,44.0,0,0.0,0.0,0.0,0,false
src/whiteboard/org/apache/xerces/tree/NamespaceScoped.java,53.0,1.0,6.0,4.0,0.0,12.0,0,0.0,0.0,0.0,0,false
src/whiteboard/org/apache/xerces/tree/NamespacedNode.java,58.0,2.0,0.0,4.0,6.0,14.0,0,0.0,0.0,0.0,0,false
src/whiteboard/org/apache/xerces/tree/NodeBase.java,293.0,4.0,598.0,36.0,19.0,88.0,0,0.0,0.0,0.0,0,false
src/whiteboard/org/apache/xerces/tree/NodeEx.java,62.0,1.0,15.0,6.0,0.0,19.0,0,0.0,0.0,0.0,0,false
src/whiteboard/org/apache/xerces/tree/PINode.java,102.0,3.0,36.0,13.0,10.0,24.0,0,0.0,0.0,0.0,0,false
src/whiteboard/org/apache/xerces/tree/ParentNode.java,497.0,4.0,115.0,26.0,59.0,107.0,0,0.0,0.0,0.0,0,false
src/whiteboard/org/apache/xerces/tree/ParseContext.java,31.0,2.0,3.0,3.0,0.0,6.0,0,0.0,0.0,0.0,0,false
src/whiteboard/org/apache/xerces/tree/Resolver.java,283.0,9.0,41.0,11.0,46.0,45.0,0,0.0,0.0,0.0,0,false
src/whiteboard/org/apache/xerces/tree/SimpleElementFactory.java,164.0,4.0,35.0,10.0,16.0,35.0,0,0.0,0.0,0.0,0,false
src/whiteboard/org/apache/xerces/tree/TextNode.java,122.0,3.0,36.0,9.0,16.0,24.0,0,0.0,0.0,0.0,0,false
src/whiteboard/org/apache/xerces/tree/TreeWalker.java,145.0,3.0,0.0,7.0,21.0,35.0,0,0.0,0.0,0.0,0,false
src/whiteboard/org/apache/xerces/tree/XmlChars.java,144.0,0.0,45.0,10.0,8.0,37.0,0,0.0,0.0,0.0,0,false
src/whiteboard/org/apache/xerces/tree/XmlDocument.java,917.0,19.0,1498.0,56.0,107.0,204.0,0,0.0,0.0,0.0,0,false
src/whiteboard/org/apache/xerces/tree/XmlDocumentBuilder.java,671.0,28.0,444.0,45.0,129.0,162.0,0,0.0,0.0,0.0,0,false
src/whiteboard/org/apache/xerces/tree/XmlNames.java,104.0,0.0,28.0,8.0,22.0,29.0,0,0.0,0.0,0.0,0,false
src/whiteboard/org/apache/xerces/tree/XmlReadable.java,40.0,2.0,3.0,3.0,0.0,11.0,0,0.0,0.0,0.0,0,false
src/whiteboard/org/apache/xerces/tree/XmlReader.java,436.0,2.0,0.0,15.0,29.0,58.0,0,0.0,0.0,0.0,0,false
src/whiteboard/org/apache/xerces/tree/XmlWritable.java,19.0,1.0,1.0,2.0,0.0,4.0,0,0.0,0.0,0.0,0,false
src/whiteboard/org/apache/xerces/tree/XmlWriteContext.java,88.0,2.0,2.0,8.0,2.0,23.0,0,0.0,0.0,0.0,0,false
tests/dom/DTest.java,1101.0,5.0,400.0,29.0,257.0,104.0,0,0.0,0.0,0.0,0,false
tests/dom/util/Assertion.java,34.0,2.0,6.0,4.0,12.0,11.0,0,0.0,0.0,0.0,0,false
