name,LOC,CBO,LCOM,NOM,RFC,WMC,numOfChanges,bccm,structuralWorkloadSum,semanticWorkloadSum,numberOfDeveloper,isBuggy
samples/dom/DOMWriter.java,329.0,10.0,23.0,11.0,47.0,44.0,0,0.0,0.0,0.0,0,false
samples/dom/traversal/IteratorView.java,339.0,14.0,21.0,10.0,81.0,28.0,0,0.0,0.0,0.0,0,false
samples/dom/traversal/TreeWalkerView.java,409.0,14.0,21.0,11.0,90.0,32.0,0,0.0,0.0,0.0,0,false
samples/sax/DTDReader.java,78.0,3.0,10.0,5.0,9.0,11.0,1,0.004132231404958678,29.142857142857142,77.87349750145715,1,false
samples/sax/DocumentTracer.java,365.0,15.0,372.0,33.0,122.0,73.0,1,0.004132231404958678,579.8857142857142,16321.206226032704,1,false
samples/sax/SAXWriter.java,285.0,12.0,66.0,17.0,55.0,44.0,0,0.0,0.0,0.0,0,false
src/javax/xml/parsers/DocumentBuilder.java,158.0,8.0,55.0,11.0,7.0,28.0,1,0.004132231404958678,42.0,81.97356859931335,1,false
src/javax/xml/parsers/DocumentBuilderFactory.java,266.0,7.0,141.0,18.0,14.0,49.0,1,0.004132231404958678,42.0,81.97356859931335,1,true
src/javax/xml/parsers/FactoryConfigurationError.java,101.0,0.0,0.0,6.0,1.0,14.0,1,0.004132231404958678,42.0,81.97356859931335,1,false
src/javax/xml/parsers/ParserConfigurationException.java,55.0,0.0,1.0,2.0,0.0,2.0,1,0.004132231404958678,42.0,81.97356859931335,1,false
src/javax/xml/parsers/SAXParser.java,279.0,16.0,136.0,17.0,26.0,47.0,1,0.004132231404958678,42.0,81.97356859931335,1,false
src/javax/xml/parsers/SAXParserFactory.java,210.0,12.0,41.0,10.0,14.0,31.0,1,0.004132231404958678,42.0,81.97356859931335,1,false
src/org/apache/html/dom/HTMLDocumentImpl.java,428.0,9.0,478.0,32.0,66.0,105.0,0,0.0,0.0,0.0,0,false
src/org/apache/wml/dom/WMLDocumentImpl.java,69.0,10.0,1.0,2.0,8.0,7.0,0,0.0,0.0,0.0,0,false
src/org/apache/xerces/dom/AttrImpl.java,786.0,4.0,349.0,35.0,143.0,131.0,1,0.004132231404958678,579.8857142857142,16321.206226032704,1,false
src/org/apache/xerces/dom/AttrNSImpl.java,112.0,2.0,5.0,6.0,17.0,20.0,1,0.004132231404958678,579.8857142857142,16321.206226032704,1,false
src/org/apache/xerces/dom/AttributeMap.java,307.0,6.0,55.0,11.0,77.0,44.0,2,0.008264462809917356,618.8190476190475,16639.405556578862,2,false
src/org/apache/xerces/dom/CharacterDataImpl.java,243.0,3.0,15.0,15.0,50.0,43.0,1,0.004132231404958678,579.8857142857142,16321.206226032704,1,false
src/org/apache/xerces/dom/DOMImplementationImpl.java,83.0,1.0,6.0,4.0,9.0,17.0,1,0.004132231404958678,579.8857142857142,16321.206226032704,1,false
src/org/apache/xerces/dom/DeferredAttrImpl.java,82.0,2.0,0.0,4.0,10.0,7.0,1,0.004132231404958678,579.8857142857142,16321.206226032704,1,false
src/org/apache/xerces/dom/DeferredAttrNSImpl.java,74.0,2.0,0.0,4.0,14.0,8.0,1,0.004132231404958678,579.8857142857142,16321.206226032704,1,true
src/org/apache/xerces/dom/DeferredDocumentImpl.java,1281.0,4.0,714.0,61.0,130.0,181.0,2,0.008264462809917356,164.47179487179486,1825.8899131737899,2,true
src/org/apache/xerces/dom/DocumentImpl.java,1114.0,8.0,1727.0,63.0,119.0,215.0,2,0.008264462809917356,618.8190476190475,16639.405556578862,2,true
src/org/apache/xerces/dom/DocumentTypeImpl.java,217.0,1.0,57.0,15.0,23.0,41.0,1,0.004132231404958678,579.8857142857142,16321.206226032704,1,false
src/org/apache/xerces/dom/ElementImpl.java,558.0,4.0,56.0,29.0,88.0,94.0,1,0.004132231404958678,579.8857142857142,16321.206226032704,1,false
src/org/apache/xerces/dom/ElementNSImpl.java,109.0,1.0,5.0,6.0,16.0,20.0,1,0.004132231404958678,579.8857142857142,16321.206226032704,1,false
src/org/apache/xerces/dom/EntityReferenceImpl.java,160.0,1.0,43.0,10.0,20.0,27.0,1,0.004132231404958678,579.8857142857142,16321.206226032704,1,false
src/org/apache/xerces/dom/NamedNodeMapImpl.java,337.0,4.0,35.0,22.0,58.0,66.0,0,0.0,0.0,0.0,0,false
src/org/apache/xerces/dom/NodeImpl.java,930.0,6.0,1879.0,67.0,85.0,194.0,1,0.004132231404958678,579.8857142857142,16321.206226032704,1,false
src/org/apache/xerces/dom/NodeIteratorImpl.java,240.0,3.0,8.0,13.0,21.0,49.0,1,0.004132231404958678,579.8857142857142,16321.206226032704,1,false
src/org/apache/xerces/dom/NotationImpl.java,107.0,1.0,15.0,7.0,12.0,23.0,0,0.0,0.0,0.0,0,false
src/org/apache/xerces/dom/ParentNode.java,606.0,5.0,82.0,25.0,83.0,91.0,1,0.004132231404958678,579.8857142857142,16321.206226032704,1,false
src/org/apache/xerces/dom/RangeExceptionImpl.java,5.0,1.0,0.0,1.0,0.0,1.0,1,0.004132231404958678,579.8857142857142,16321.206226032704,1,false
src/org/apache/xerces/dom/RangeImpl.java,1333.0,8.0,387.0,55.0,181.0,222.0,1,0.004132231404958678,579.8857142857142,16321.206226032704,1,true
src/org/apache/xerces/dom/TextImpl.java,88.0,1.0,15.0,6.0,16.0,16.0,1,0.004132231404958678,579.8857142857142,16321.206226032704,1,false
src/org/apache/xerces/dom/events/EventImpl.java,96.0,2.0,43.0,10.0,0.0,24.0,0,0.0,0.0,0.0,0,false
src/org/apache/xerces/dom/events/MutationEventImpl.java,65.0,3.0,9.0,6.0,0.0,18.0,1,0.004132231404958678,579.8857142857142,16321.206226032704,1,false
src/org/apache/xerces/framework/Version.java,17.0,0.0,0.0,1.0,1.0,2.0,2,0.008264462809917356,58.74285714285715,452.61250199652756,2,false
src/org/apache/xerces/framework/XMLAttrList.java,502.0,5.0,0.0,30.0,19.0,97.0,1,0.004132231404958678,125.53846153846153,1507.690582627631,1,false
src/org/apache/xerces/framework/XMLContentSpec.java,490.0,1.0,10.0,12.0,14.0,35.0,0,0.0,0.0,0.0,0,false
src/org/apache/xerces/framework/XMLDTDScanner.java,2391.0,14.0,1119.0,70.0,436.0,271.0,1,0.004132231404958678,579.8857142857142,16321.206226032704,1,true
src/org/apache/xerces/framework/XMLDocumentScanner.java,1699.0,10.0,539.0,43.0,149.0,145.0,1,0.004132231404958678,579.8857142857142,16321.206226032704,1,false
src/org/apache/xerces/framework/XMLParser.java,902.0,27.0,657.0,51.0,100.0,169.0,2,0.008264462809917356,705.4241758241758,17828.896808660335,2,false
src/org/apache/xerces/jaxp/DocumentBuilderFactoryImpl.java,35.0,4.0,6.0,4.0,2.0,10.0,1,0.004132231404958678,42.0,81.97356859931335,1,false
src/org/apache/xerces/jaxp/SAXParserFactoryImpl.java,35.0,6.0,6.0,4.0,2.0,10.0,1,0.004132231404958678,42.0,81.97356859931335,1,false
src/org/apache/xerces/jaxp/SAXParserImpl.java,88.0,12.0,18.0,8.0,1.0,19.0,1,0.004132231404958678,42.0,81.97356859931335,1,false
src/org/apache/xerces/msg/SchemaMessages.java,17.0,1.0,0.0,1.0,0.0,2.0,3,0.012396694214876033,170.28131868131868,1953.8915778139522,3,false
src/org/apache/xerces/parsers/DOMParser.java,2137.0,42.0,842.0,61.0,336.0,266.0,4,0.01652892561983471,773.9575091575091,18521.835143701563,4,true
src/org/apache/xerces/parsers/SAXParser.java,916.0,23.0,311.0,47.0,121.0,152.0,1,0.004132231404958678,125.53846153846153,1507.690582627631,1,false
src/org/apache/xerces/readers/AbstractCharReader.java,1115.0,9.0,74.0,32.0,101.0,172.0,1,0.004132231404958678,125.53846153846153,1507.690582627631,1,false
src/org/apache/xerces/readers/DefaultEntityHandler.java,1060.0,16.0,803.0,62.0,159.0,179.0,0,0.0,0.0,0.0,0,false
src/org/apache/xerces/readers/MIME2Java.java,588.0,1.0,3.0,3.0,4.0,7.0,1,0.004132231404958678,579.8857142857142,16321.206226032704,1,false
src/org/apache/xerces/readers/StringReader.java,773.0,7.0,0.0,28.0,90.0,151.0,0,0.0,0.0,0.0,0,false
src/org/apache/xerces/readers/UCSReader.java,841.0,8.0,35.0,30.0,73.0,146.0,2,0.008264462809917356,705.4241758241758,17828.896808660335,2,false
src/org/apache/xerces/readers/UTF8Reader.java,2583.0,10.0,0.0,40.0,142.0,229.0,1,0.004132231404958678,125.53846153846153,1507.690582627631,1,false
src/org/apache/xerces/utils/HexBin.java,75.0,1.0,8.0,5.0,3.0,15.0,1,0.004132231404958678,29.142857142857142,77.87349750145715,1,false
src/org/apache/xerces/utils/URI.java,1040.0,2.0,584.0,41.0,120.0,183.0,1,0.004132231404958678,579.8857142857142,16321.206226032704,1,true
src/org/apache/xerces/validators/common/CMStateSet.java,148.0,1.0,0.0,12.0,5.0,53.0,1,0.004132231404958678,125.53846153846153,1507.690582627631,1,false
src/org/apache/xerces/validators/common/CMUniOp.java,26.0,2.0,0.0,5.0,7.0,15.0,1,0.004132231404958678,125.53846153846153,1507.690582627631,1,false
src/org/apache/xerces/validators/common/DFAContentModel.java,670.0,5.0,38.0,13.0,57.0,63.0,2,0.008264462809917356,155.13846153846154,1882.4295871227014,2,false
src/org/apache/xerces/validators/common/Grammar.java,525.0,9.0,488.0,37.0,55.0,106.0,1,0.004132231404958678,125.53846153846153,1507.690582627631,1,false
src/org/apache/xerces/validators/common/GrammarResolver.java,54.0,3.0,36.0,9.0,0.0,14.0,0,0.0,0.0,0.0,0,false
src/org/apache/xerces/validators/common/GrammarResolverImpl.java,104.0,5.0,0.0,11.0,13.0,23.0,1,0.004132231404958678,29.142857142857142,77.87349750145715,1,false
src/org/apache/xerces/validators/common/XMLAttributeDecl.java,62.0,2.0,13.0,6.0,4.0,8.0,2,0.008264462809917356,44.74285714285715,446.2009951863208,2,false
src/org/apache/xerces/validators/common/XMLValidator.java,2556.0,42.0,3538.0,104.0,364.0,332.0,6,0.024793388429752067,818.2432234432233,18671.17063189427,6,true
src/org/apache/xerces/validators/datatype/BinaryDatatypeValidator.java,143.0,8.0,17.0,7.0,13.0,20.0,0,0.0,0.0,0.0,0,false
src/org/apache/xerces/validators/datatype/BooleanDatatypeValidator.java,101.0,7.0,34.0,9.0,13.0,26.0,0,0.0,0.0,0.0,0,false
src/org/apache/xerces/validators/datatype/DatatypeValidatorFactoryImpl.java,279.0,7.0,10.0,9.0,27.0,29.0,2,0.008264462809917356,44.285714285714285,149.3354881927076,2,false
src/org/apache/xerces/validators/datatype/DecimalDatatypeValidator.java,397.0,9.0,64.0,13.0,48.0,47.0,1,0.004132231404958678,38.93333333333333,318.19933054615876,1,false
src/org/apache/xerces/validators/datatype/DoubleDatatypeValidator.java,243.0,6.0,39.0,10.0,26.0,36.0,1,0.004132231404958678,38.93333333333333,318.19933054615876,1,false
src/org/apache/xerces/validators/datatype/ENTITYDatatypeValidator.java,114.0,7.0,21.0,7.0,9.0,20.0,0,0.0,0.0,0.0,0,false
src/org/apache/xerces/validators/datatype/FloatDatatypeValidator.java,250.0,8.0,58.0,12.0,27.0,40.0,1,0.004132231404958678,38.93333333333333,318.19933054615876,1,false
src/org/apache/xerces/validators/datatype/IDDatatypeValidator.java,121.0,4.0,41.0,10.0,12.0,28.0,0,0.0,0.0,0.0,0,false
src/org/apache/xerces/validators/datatype/IDREFDatatypeValidator.java,146.0,6.0,47.0,11.0,23.0,35.0,0,0.0,0.0,0.0,0,false
src/org/apache/xerces/validators/datatype/ListDatatypeValidator.java,178.0,10.0,18.0,9.0,16.0,32.0,2,0.008264462809917356,68.07619047619048,396.07282804761593,2,false
src/org/apache/xerces/validators/datatype/NOTATIONDatatypeValidator.java,66.0,2.0,28.0,8.0,3.0,20.0,0,0.0,0.0,0.0,0,false
src/org/apache/xerces/validators/datatype/QNameDatatypeValidator.java,195.0,10.0,34.0,9.0,17.0,25.0,0,0.0,0.0,0.0,0,false
src/org/apache/xerces/validators/datatype/RecurringDurationDatatypeValidator.java,397.0,9.0,137.0,18.0,34.0,64.0,0,0.0,0.0,0.0,0,false
src/org/apache/xerces/validators/datatype/StringDatatypeValidator.java,230.0,10.0,24.0,9.0,17.0,28.0,0,0.0,0.0,0.0,0,false
src/org/apache/xerces/validators/datatype/TimeDurationDatatypeValidator.java,474.0,9.0,143.0,18.0,42.0,73.0,0,0.0,0.0,0.0,0,false
src/org/apache/xerces/validators/datatype/URIReferenceDatatypeValidator.java,136.0,9.0,19.0,7.0,12.0,23.0,0,0.0,0.0,0.0,0,false
src/org/apache/xerces/validators/datatype/UnionDatatypeValidator.java,164.0,10.0,29.0,11.0,22.0,37.0,3,0.012396694214876033,633.9619047619046,16710.867547270114,3,false
src/org/apache/xerces/validators/dtd/DTDGrammar.java,617.0,15.0,304.0,41.0,103.0,121.0,1,0.004132231404958678,125.53846153846153,1507.690582627631,1,false
src/org/apache/xerces/validators/schema/SchemaMessageProvider.java,60.0,4.0,0.0,3.0,3.0,9.0,3,0.012396694214876033,170.28131868131868,1953.8915778139522,3,false
src/org/apache/xerces/validators/schema/SchemaSymbols.java,130.0,0.0,0.0,0.0,0.0,0.0,5,0.02066115702479339,209.21465201465202,2280.3844784425223,5,false
src/org/apache/xerces/validators/schema/TraverseSchema.java,4042.0,38.0,2083.0,82.0,679.0,398.0,7,0.028925619834710745,818.2432234432233,18679.464201976683,7,true
src/org/apache/xml/serialize/BaseMarkupSerializer.java,889.0,17.0,809.0,55.0,157.0,175.0,1,0.004132231404958678,579.8857142857142,16321.206226032704,1,true
src/org/apache/xml/serialize/EncodingInfo.java,47.0,4.0,0.0,5.0,0.0,12.0,1,0.004132231404958678,579.8857142857142,16321.206226032704,1,false
src/org/apache/xml/serialize/Encodings.java,29.0,4.0,0.0,1.0,1.0,4.0,1,0.004132231404958678,579.8857142857142,16321.206226032704,1,false
src/org/apache/xml/serialize/HTMLSerializer.java,479.0,13.0,90.0,16.0,100.0,56.0,1,0.004132231404958678,579.8857142857142,16321.206226032704,1,false
src/org/apache/xml/serialize/HTMLdtd.java,363.0,4.0,106.0,16.0,36.0,58.0,1,0.004132231404958678,579.8857142857142,16321.206226032704,1,false
src/org/apache/xml/serialize/OutputFormat.java,605.0,5.0,971.0,46.0,28.0,144.0,2,0.008264462809917356,618.8190476190475,16639.405556578862,2,false
src/org/apache/xml/serialize/SerializerFactory.java,81.0,5.0,13.0,6.0,3.0,12.0,1,0.004132231404958678,579.8857142857142,16321.206226032704,1,false
src/org/apache/xml/serialize/SieveEncodingInfo.java,75.0,4.0,1.0,3.0,6.0,8.0,1,0.004132231404958678,579.8857142857142,16321.206226032704,1,false
src/org/apache/xml/serialize/TextSerializer.java,175.0,9.0,120.0,16.0,35.0,31.0,1,0.004132231404958678,579.8857142857142,16321.206226032704,1,false
src/org/apache/xml/serialize/XMLSerializer.java,377.0,10.0,66.0,12.0,92.0,48.0,1,0.004132231404958678,579.8857142857142,16321.206226032704,1,true
src/org/w3c/dom/Attr.java,91.0,0.0,10.0,5.0,0.0,9.0,1,0.004132231404958678,579.8857142857142,16321.206226032704,1,false
src/org/w3c/dom/CDATASection.java,34.0,0.0,0.0,0.0,0.0,0.0,1,0.004132231404958678,579.8857142857142,16321.206226032704,1,false
src/org/w3c/dom/CharacterData.java,104.0,0.0,28.0,8.0,0.0,24.0,1,0.004132231404958678,579.8857142857142,16321.206226032704,1,false
src/org/w3c/dom/Comment.java,10.0,0.0,0.0,0.0,0.0,0.0,1,0.004132231404958678,579.8857142857142,16321.206226032704,1,false
src/org/w3c/dom/DOMException.java,100.0,0.0,0.0,1.0,0.0,1.0,1,0.004132231404958678,579.8857142857142,16321.206226032704,1,false
src/org/w3c/dom/DOMImplementation.java,74.0,0.0,3.0,3.0,0.0,14.0,1,0.004132231404958678,579.8857142857142,16321.206226032704,1,false
src/org/w3c/dom/Document.java,312.0,0.0,136.0,17.0,0.0,62.0,1,0.004132231404958678,579.8857142857142,16321.206226032704,1,false
src/org/w3c/dom/DocumentFragment.java,38.0,0.0,0.0,0.0,0.0,0.0,1,0.004132231404958678,579.8857142857142,16321.206226032704,1,false
src/org/w3c/dom/DocumentType.java,59.0,0.0,15.0,6.0,0.0,12.0,1,0.004132231404958678,579.8857142857142,16321.206226032704,1,false
src/org/w3c/dom/Element.java,250.0,0.0,120.0,16.0,0.0,54.0,1,0.004132231404958678,579.8857142857142,16321.206226032704,1,false
src/org/w3c/dom/Entity.java,51.0,0.0,3.0,3.0,0.0,6.0,1,0.004132231404958678,579.8857142857142,16321.206226032704,1,false
src/org/w3c/dom/EntityReference.java,25.0,0.0,0.0,0.0,0.0,0.0,1,0.004132231404958678,579.8857142857142,16321.206226032704,1,false
src/org/w3c/dom/NamedNodeMap.java,124.0,0.0,28.0,8.0,0.0,26.0,1,0.004132231404958678,579.8857142857142,16321.206226032704,1,false
src/org/w3c/dom/Node.java,334.0,0.0,300.0,25.0,0.0,65.0,1,0.004132231404958678,579.8857142857142,16321.206226032704,1,false
src/org/w3c/dom/NodeList.java,25.0,0.0,1.0,2.0,0.0,4.0,1,0.004132231404958678,579.8857142857142,16321.206226032704,1,false
src/org/w3c/dom/Notation.java,24.0,0.0,1.0,2.0,0.0,4.0,1,0.004132231404958678,579.8857142857142,16321.206226032704,1,false
src/org/w3c/dom/ProcessingInstruction.java,22.0,0.0,3.0,3.0,0.0,4.0,1,0.004132231404958678,579.8857142857142,16321.206226032704,1,false
src/org/w3c/dom/Text.java,39.0,0.0,0.0,1.0,0.0,4.0,1,0.004132231404958678,579.8857142857142,16321.206226032704,1,false
src/org/w3c/dom/events/DocumentEvent.java,36.0,1.0,0.0,1.0,0.0,6.0,1,0.004132231404958678,579.8857142857142,16321.206226032704,1,false
src/org/w3c/dom/events/Event.java,113.0,0.0,45.0,10.0,0.0,22.0,1,0.004132231404958678,579.8857142857142,16321.206226032704,1,false
src/org/w3c/dom/events/EventException.java,20.0,0.0,0.0,1.0,0.0,1.0,1,0.004132231404958678,579.8857142857142,16321.206226032704,1,false
src/org/w3c/dom/events/EventListener.java,26.0,0.0,0.0,1.0,0.0,2.0,1,0.004132231404958678,579.8857142857142,16321.206226032704,1,false
src/org/w3c/dom/events/EventTarget.java,79.0,0.0,3.0,3.0,0.0,13.0,1,0.004132231404958678,579.8857142857142,16321.206226032704,1,false
src/org/w3c/dom/events/MutationEvent.java,77.0,1.0,15.0,6.0,0.0,14.0,1,0.004132231404958678,579.8857142857142,16321.206226032704,1,false
src/org/w3c/dom/ranges/DocumentRange.java,18.0,0.0,0.0,1.0,0.0,4.0,1,0.004132231404958678,579.8857142857142,16321.206226032704,1,false
src/org/w3c/dom/ranges/Range.java,294.0,3.0,276.0,24.0,0.0,84.0,1,0.004132231404958678,579.8857142857142,16321.206226032704,1,false
src/org/w3c/dom/ranges/RangeException.java,23.0,0.0,0.0,1.0,0.0,1.0,1,0.004132231404958678,579.8857142857142,16321.206226032704,1,false
src/org/w3c/dom/traversal/DocumentTraversal.java,61.0,2.0,1.0,2.0,0.0,10.0,1,0.004132231404958678,579.8857142857142,16321.206226032704,1,false
src/org/w3c/dom/traversal/NodeFilter.java,121.0,1.0,0.0,1.0,0.0,3.0,1,0.004132231404958678,579.8857142857142,16321.206226032704,1,false
src/org/w3c/dom/traversal/NodeIterator.java,80.0,2.0,21.0,7.0,0.0,15.0,1,0.004132231404958678,579.8857142857142,16321.206226032704,1,false
src/org/w3c/dom/traversal/TreeWalker.java,136.0,2.0,78.0,13.0,0.0,35.0,1,0.004132231404958678,579.8857142857142,16321.206226032704,1,false
src/org/xml/sax/ext/DeclHandler.java,89.0,1.0,6.0,4.0,0.0,14.0,1,0.004132231404958678,125.53846153846153,1507.690582627631,1,false
src/org/xml/sax/ext/LexicalHandler.java,136.0,1.0,21.0,7.0,0.0,20.0,1,0.004132231404958678,125.53846153846153,1507.690582627631,1,false
tests/dom/events/Test.java,62.0,2.0,8.0,5.0,27.0,11.0,1,0.004132231404958678,579.8857142857142,16321.206226032704,1,false
tests/dom/range/Test.java,507.0,10.0,24.0,8.0,59.0,35.0,1,0.004132231404958678,579.8857142857142,16321.206226032704,1,false
tests/dom/range/TestCompare.java,144.0,4.0,36.0,9.0,15.0,20.0,1,0.004132231404958678,579.8857142857142,16321.206226032704,1,false
tests/io/UTF8.java,369.0,6.0,15.0,6.0,22.0,24.0,1,0.004132231404958678,125.53846153846153,1507.690582627631,1,false
