name,LOC,CBO,LCOM,NOM,RFC,WMC,numOfChanges,bccm,structuralWorkloadSum,semanticWorkloadSum,numberOfDeveloper,isBuggy
samples/sax/SAXCount.java,225.0,12.0,0.0,11.0,36.0,37.0,0,0.0,0.0,0.0,0,false
src/javax/xml/parsers/DocumentBuilder.java,166.0,9.0,66.0,12.0,7.0,31.0,1,0.006711409395973154,14.0,10.279689947054433,1,false
src/javax/xml/parsers/DocumentBuilderFactory.java,266.0,7.0,141.0,18.0,14.0,49.0,0,0.0,0.0,0.0,0,true
src/org/apache/html/dom/HTMLAnchorElementImpl.java,95.0,2.0,351.0,27.0,31.0,43.0,0,0.0,0.0,0.0,0,false
src/org/apache/html/dom/HTMLAppletElementImpl.java,81.0,2.0,253.0,23.0,22.0,34.0,0,0.0,0.0,0.0,0,false
src/org/apache/html/dom/HTMLAreaElementImpl.java,67.0,2.0,136.0,17.0,23.0,29.0,0,0.0,0.0,0.0,0,false
src/org/apache/html/dom/HTMLBRElementImpl.java,21.0,2.0,3.0,3.0,3.0,4.0,0,0.0,0.0,0.0,0,false
src/org/apache/html/dom/HTMLBaseElementImpl.java,27.0,2.0,10.0,5.0,4.0,7.0,0,0.0,0.0,0.0,0,false
src/org/apache/html/dom/HTMLBaseFontElementImpl.java,33.0,2.0,21.0,7.0,8.0,10.0,0,0.0,0.0,0.0,0,false
src/org/apache/html/dom/HTMLBodyElementImpl.java,51.0,2.0,78.0,13.0,12.0,19.0,0,0.0,0.0,0.0,0,false
src/org/apache/html/dom/HTMLButtonElementImpl.java,57.0,2.0,66.0,12.0,18.0,23.0,0,0.0,0.0,0.0,0,false
src/org/apache/html/dom/HTMLCollectionImpl.java,282.0,2.0,18.0,9.0,25.0,43.0,0,0.0,0.0,0.0,0,false
src/org/apache/html/dom/HTMLDListElementImpl.java,21.0,2.0,3.0,3.0,2.0,4.0,0,0.0,0.0,0.0,0,false
src/org/apache/html/dom/HTMLDirectoryElementImpl.java,21.0,2.0,3.0,3.0,2.0,4.0,0,0.0,0.0,0.0,0,false
src/org/apache/html/dom/HTMLDivElementImpl.java,21.0,2.0,3.0,3.0,3.0,4.0,0,0.0,0.0,0.0,0,false
src/org/apache/html/dom/HTMLFieldSetElementImpl.java,15.0,2.0,0.0,1.0,0.0,1.0,0,0.0,0.0,0.0,0,false
src/org/apache/html/dom/HTMLFontElementImpl.java,29.0,2.0,21.0,7.0,8.0,10.0,0,0.0,0.0,0.0,0,false
src/org/apache/html/dom/HTMLFormElementImpl.java,69.0,2.0,153.0,18.0,16.0,28.0,0,0.0,0.0,0.0,0,false
src/org/apache/html/dom/HTMLFrameElementImpl.java,63.0,2.0,136.0,17.0,17.0,25.0,0,0.0,0.0,0.0,0,false
src/org/apache/html/dom/HTMLFrameSetElementImpl.java,27.0,2.0,10.0,5.0,4.0,7.0,0,0.0,0.0,0.0,0,false
src/org/apache/html/dom/HTMLHRElementImpl.java,39.0,2.0,36.0,9.0,9.0,13.0,0,0.0,0.0,0.0,0,false
src/org/apache/html/dom/HTMLHeadElementImpl.java,21.0,2.0,3.0,3.0,2.0,4.0,0,0.0,0.0,0.0,0,false
src/org/apache/html/dom/HTMLHeadingElementImpl.java,21.0,2.0,3.0,3.0,2.0,4.0,0,0.0,0.0,0.0,0,false
src/org/apache/html/dom/HTMLHtmlElementImpl.java,21.0,2.0,3.0,3.0,3.0,4.0,0,0.0,0.0,0.0,0,false
src/org/apache/html/dom/HTMLIFrameElementImpl.java,75.0,2.0,210.0,21.0,22.0,31.0,0,0.0,0.0,0.0,0,false
src/org/apache/html/dom/HTMLImageElementImpl.java,93.0,2.0,351.0,27.0,27.0,40.0,0,0.0,0.0,0.0,0,false
src/org/apache/html/dom/HTMLInputElementImpl.java,131.0,2.0,703.0,38.0,42.0,60.0,0,0.0,0.0,0.0,0,false
src/org/apache/html/dom/HTMLIsIndexElementImpl.java,21.0,2.0,3.0,3.0,2.0,4.0,0,0.0,0.0,0.0,0,false
src/org/apache/html/dom/HTMLLIElementImpl.java,27.0,2.0,10.0,5.0,6.0,7.0,0,0.0,0.0,0.0,0,false
src/org/apache/html/dom/HTMLLabelElementImpl.java,31.0,2.0,10.0,5.0,8.0,13.0,0,0.0,0.0,0.0,0,false
src/org/apache/html/dom/HTMLLegendElementImpl.java,31.0,2.0,10.0,5.0,8.0,11.0,0,0.0,0.0,0.0,0,false
src/org/apache/html/dom/HTMLLinkElementImpl.java,69.0,2.0,171.0,19.0,18.0,28.0,0,0.0,0.0,0.0,0,false
src/org/apache/html/dom/HTMLMapElementImpl.java,26.0,2.0,6.0,4.0,2.0,7.0,0,0.0,0.0,0.0,0,false
src/org/apache/html/dom/HTMLMenuElementImpl.java,21.0,2.0,3.0,3.0,2.0,4.0,0,0.0,0.0,0.0,0,false
src/org/apache/html/dom/HTMLMetaElementImpl.java,39.0,2.0,36.0,9.0,8.0,13.0,0,0.0,0.0,0.0,0,false
src/org/apache/html/dom/HTMLModElementImpl.java,27.0,2.0,10.0,5.0,4.0,7.0,0,0.0,0.0,0.0,0,false
src/org/apache/html/dom/HTMLOListElementImpl.java,33.0,2.0,21.0,7.0,8.0,10.0,0,0.0,0.0,0.0,0,false
src/org/apache/html/dom/HTMLObjectElementImpl.java,122.0,2.0,595.0,35.0,37.0,53.0,0,0.0,0.0,0.0,0,false
src/org/apache/html/dom/HTMLOptGroupElementImpl.java,27.0,2.0,10.0,5.0,5.0,7.0,0,0.0,0.0,0.0,0,false
src/org/apache/html/dom/HTMLOptionElementImpl.java,94.0,2.0,105.0,15.0,29.0,34.0,0,0.0,0.0,0.0,0,false
src/org/apache/html/dom/HTMLParagraphElementImpl.java,21.0,2.0,3.0,3.0,2.0,4.0,0,0.0,0.0,0.0,0,false
src/org/apache/html/dom/HTMLParamElementImpl.java,39.0,2.0,36.0,9.0,9.0,13.0,0,0.0,0.0,0.0,0,false
src/org/apache/html/dom/HTMLPreElementImpl.java,21.0,2.0,3.0,3.0,4.0,4.0,0,0.0,0.0,0.0,0,false
src/org/apache/html/dom/HTMLQuoteElementImpl.java,21.0,2.0,3.0,3.0,2.0,4.0,0,0.0,0.0,0.0,0,false
src/org/apache/html/dom/HTMLScriptElementImpl.java,73.0,2.0,105.0,15.0,21.0,28.0,0,0.0,0.0,0.0,0,false
src/org/apache/html/dom/HTMLSelectElementImpl.java,92.0,2.0,253.0,23.0,33.0,40.0,0,0.0,0.0,0.0,0,false
src/org/apache/html/dom/HTMLStyleElementImpl.java,33.0,2.0,21.0,7.0,6.0,10.0,0,0.0,0.0,0.0,0,false
src/org/apache/html/dom/HTMLTableCaptionElementImpl.java,21.0,2.0,3.0,3.0,2.0,4.0,0,0.0,0.0,0.0,0,false
src/org/apache/html/dom/HTMLTableCellElementImpl.java,141.0,2.0,465.0,31.0,46.0,56.0,0,0.0,0.0,0.0,0,false
src/org/apache/html/dom/HTMLTableColElementImpl.java,55.0,2.0,78.0,13.0,20.0,23.0,0,0.0,0.0,0.0,0,false
src/org/apache/html/dom/HTMLTableElementImpl.java,204.0,2.0,630.0,36.0,71.0,89.0,0,0.0,0.0,0.0,0,false
src/org/apache/html/dom/HTMLTableRowElementImpl.java,134.0,2.0,190.0,20.0,40.0,49.0,0,0.0,0.0,0.0,0,false
src/org/apache/html/dom/HTMLTableSectionElementImpl.java,88.0,2.0,91.0,14.0,25.0,33.0,0,0.0,0.0,0.0,0,false
src/org/apache/html/dom/HTMLTextAreaElementImpl.java,82.0,2.0,253.0,23.0,29.0,37.0,0,0.0,0.0,0.0,0,false
src/org/apache/html/dom/HTMLTitleElementImpl.java,37.0,2.0,3.0,3.0,9.0,8.0,0,0.0,0.0,0.0,0,false
src/org/apache/html/dom/HTMLUListElementImpl.java,27.0,2.0,10.0,5.0,4.0,7.0,0,0.0,0.0,0.0,0,false
src/org/apache/xerces/dom/AttrImpl.java,873.0,4.0,425.0,38.0,157.0,144.0,1,0.006711409395973154,39.69230769230769,214.46001913689378,1,false
src/org/apache/xerces/dom/AttrNSImpl.java,146.0,2.0,5.0,6.0,18.0,20.0,0,0.0,0.0,0.0,0,false
src/org/apache/xerces/dom/AttributeMap.java,355.0,6.0,66.0,12.0,91.0,50.0,1,0.006711409395973154,39.69230769230769,214.46001913689378,1,false
src/org/apache/xerces/dom/DOMImplementationImpl.java,83.0,1.0,6.0,4.0,9.0,17.0,1,0.006711409395973154,39.69230769230769,214.46001913689378,1,false
src/org/apache/xerces/dom/DeferredAttrNSImpl.java,74.0,2.0,0.0,4.0,15.0,8.0,1,0.006711409395973154,39.69230769230769,214.46001913689378,1,true
src/org/apache/xerces/dom/DeferredDocumentImpl.java,1296.0,4.0,709.0,62.0,132.0,183.0,1,0.006711409395973154,87.11111111111111,10555.605249536386,1,true
src/org/apache/xerces/dom/DeferredElementImpl.java,71.0,4.0,0.0,4.0,12.0,8.0,0,0.0,0.0,0.0,0,false
src/org/apache/xerces/dom/DeferredElementNSImpl.java,71.0,4.0,0.0,4.0,15.0,9.0,1,0.006711409395973154,39.69230769230769,214.46001913689378,1,true
src/org/apache/xerces/dom/DeferredEntityImpl.java,85.0,2.0,0.0,4.0,14.0,6.0,0,0.0,0.0,0.0,0,false
src/org/apache/xerces/dom/DeferredEntityReferenceImpl.java,122.0,1.0,0.0,5.0,16.0,9.0,0,0.0,0.0,0.0,0,false
src/org/apache/xerces/dom/DocumentImpl.java,1231.0,9.0,2087.0,70.0,145.0,246.0,1,0.006711409395973154,39.69230769230769,214.46001913689378,1,true
src/org/apache/xerces/dom/ElementImpl.java,578.0,4.0,49.0,30.0,89.0,100.0,1,0.006711409395973154,39.69230769230769,214.46001913689378,1,false
src/org/apache/xerces/dom/ElementNSImpl.java,129.0,1.0,5.0,6.0,18.0,19.0,0,0.0,0.0,0.0,0,false
src/org/apache/xerces/dom/EntityImpl.java,201.0,1.0,75.0,14.0,23.0,36.0,0,0.0,0.0,0.0,0,false
src/org/apache/xerces/dom/NodeImpl.java,940.0,6.0,1930.0,69.0,86.0,199.0,2,0.013422818791946308,141.25328330206378,3242.039283644142,2,false
src/org/apache/xerces/dom/ParentNode.java,735.0,5.0,278.0,32.0,100.0,115.0,1,0.006711409395973154,39.69230769230769,214.46001913689378,1,false
src/org/apache/xerces/framework/Version.java,17.0,0.0,0.0,1.0,1.0,2.0,1,0.006711409395973154,101.5609756097561,3027.5792645072484,1,false
src/org/apache/xerces/framework/XMLAttrList.java,502.0,5.0,0.0,30.0,19.0,97.0,0,0.0,0.0,0.0,0,false
src/org/apache/xerces/framework/XMLDTDScanner.java,2391.0,14.0,1119.0,70.0,436.0,271.0,2,0.013422818791946308,123.1609756097561,3165.195729342295,2,true
src/org/apache/xerces/framework/XMLDocumentScanner.java,1704.0,10.0,539.0,43.0,149.0,145.0,1,0.006711409395973154,0.0,0.0,1,false
src/org/apache/xerces/framework/XMLParser.java,910.0,27.0,708.0,52.0,100.0,170.0,3,0.020134228187919462,140.13968253968255,10890.991324140285,3,false
src/org/apache/xerces/jaxp/DefaultValidationErrorHandler.java,22.0,3.0,0.0,1.0,4.0,5.0,0,0.0,0.0,0.0,0,false
src/org/apache/xerces/jaxp/DocumentBuilderFactoryImpl.java,28.0,3.0,6.0,4.0,0.0,10.0,0,0.0,0.0,0.0,0,false
src/org/apache/xerces/jaxp/DocumentBuilderImpl.java,74.0,16.0,18.0,8.0,12.0,18.0,1,0.006711409395973154,14.0,10.279689947054433,1,false
src/org/apache/xerces/jaxp/SAXParserFactoryImpl.java,60.0,8.0,0.0,4.0,7.0,16.0,1,0.006711409395973154,14.0,10.279689947054433,1,false
src/org/apache/xerces/jaxp/SAXParserImpl.java,77.0,13.0,0.0,8.0,14.0,23.0,1,0.006711409395973154,14.0,10.279689947054433,1,false
src/org/apache/xerces/msg/SchemaMessages.java,17.0,1.0,0.0,1.0,0.0,2.0,3,0.020134228187919462,220.10065814943863,13780.954123812486,3,false
src/org/apache/xerces/parsers/DOMParser.java,2165.0,43.0,706.0,61.0,349.0,271.0,4,0.026845637583892617,249.96439441317492,13935.260998015576,4,true
src/org/apache/xerces/parsers/SAXParser.java,920.0,23.0,358.0,48.0,122.0,153.0,0,0.0,0.0,0.0,0,false
src/org/apache/xerces/readers/AbstractCharReader.java,1115.0,9.0,74.0,32.0,101.0,172.0,0,0.0,0.0,0.0,0,false
src/org/apache/xerces/readers/MIME2Java.java,594.0,1.0,3.0,3.0,4.0,7.0,1,0.006711409395973154,101.5609756097561,3027.5792645072484,1,false
src/org/apache/xerces/readers/StreamingCharReader.java,1102.0,10.0,36.0,33.0,108.0,177.0,0,0.0,0.0,0.0,0,false
src/org/apache/xerces/readers/UCSReader.java,841.0,8.0,35.0,30.0,73.0,146.0,0,0.0,0.0,0.0,0,false
src/org/apache/xerces/readers/UTF8Reader.java,2583.0,10.0,0.0,40.0,142.0,229.0,0,0.0,0.0,0.0,0,false
src/org/apache/xerces/utils/IntStack.java,84.0,0.0,0.0,7.0,4.0,15.0,0,0.0,0.0,0.0,0,false
src/org/apache/xerces/utils/NamespacesScope.java,100.0,0.0,8.0,8.0,4.0,22.0,0,0.0,0.0,0.0,0,false
src/org/apache/xerces/utils/QName.java,160.0,0.0,0.0,12.0,12.0,27.0,0,0.0,0.0,0.0,0,false
src/org/apache/xerces/utils/URI.java,1041.0,2.0,584.0,41.0,120.0,183.0,1,0.006711409395973154,87.11111111111111,10555.605249536386,1,true
src/org/apache/xerces/utils/XMLCharacterProperties.java,157.0,0.0,8.0,8.0,13.0,32.0,1,0.006711409395973154,87.11111111111111,10555.605249536386,1,false
src/org/apache/xerces/utils/regex/RegexParser.java,1151.0,4.0,689.0,50.0,231.0,212.0,1,0.006711409395973154,87.11111111111111,10555.605249536386,1,false
src/org/apache/xerces/validators/common/DFAContentModel.java,671.0,5.0,38.0,13.0,57.0,63.0,2,0.013422818791946308,123.1609756097561,3165.195729342295,2,false
src/org/apache/xerces/validators/common/Grammar.java,594.0,11.0,525.0,38.0,65.0,111.0,2,0.013422818791946308,123.1609756097561,3165.195729342295,2,false
src/org/apache/xerces/validators/common/MixedContentModel.java,232.0,4.0,22.0,8.0,3.0,31.0,0,0.0,0.0,0.0,0,false
src/org/apache/xerces/validators/common/SimpleContentModel.java,355.0,4.0,7.0,7.0,6.0,34.0,0,0.0,0.0,0.0,0,false
src/org/apache/xerces/validators/common/XMLAttributeDecl.java,63.0,2.0,13.0,6.0,4.0,8.0,1,0.006711409395973154,101.5609756097561,3027.5792645072484,1,false
src/org/apache/xerces/validators/common/XMLContentModel.java,94.0,2.0,10.0,5.0,0.0,18.0,0,0.0,0.0,0.0,0,false
src/org/apache/xerces/validators/common/XMLElementDecl.java,50.0,3.0,13.0,6.0,5.0,8.0,1,0.006711409395973154,21.6,137.61646483504703,1,false
src/org/apache/xerces/validators/common/XMLValidator.java,3613.0,53.0,3931.0,111.0,447.0,371.0,5,0.03355704697986577,281.39296584174633,14133.030607784427,5,true
src/org/apache/xerces/validators/datatype/AbstractDatatypeValidator.java,49.0,2.0,15.0,6.0,1.0,17.0,2,0.013422818791946308,188.6720867208672,13583.184514043634,2,false
src/org/apache/xerces/validators/datatype/BinaryDatatypeValidator.java,142.0,8.0,19.0,7.0,13.0,20.0,2,0.013422818791946308,188.6720867208672,13583.184514043634,2,false
src/org/apache/xerces/validators/datatype/BooleanDatatypeValidator.java,100.0,7.0,34.0,9.0,13.0,26.0,2,0.013422818791946308,188.6720867208672,13583.184514043634,2,false
src/org/apache/xerces/validators/datatype/DatatypeValidator.java,61.0,2.0,10.0,5.0,0.0,12.0,2,0.013422818791946308,188.6720867208672,13583.184514043634,2,false
src/org/apache/xerces/validators/datatype/DatatypeValidatorFactoryImpl.java,307.0,7.0,10.0,9.0,32.0,30.0,1,0.006711409395973154,87.11111111111111,10555.605249536386,1,false
src/org/apache/xerces/validators/datatype/DecimalDatatypeValidator.java,426.0,9.0,72.0,13.0,53.0,51.0,2,0.013422818791946308,188.6720867208672,13583.184514043634,2,false
src/org/apache/xerces/validators/datatype/DoubleDatatypeValidator.java,286.0,6.0,41.0,10.0,32.0,38.0,2,0.013422818791946308,188.6720867208672,13583.184514043634,2,false
src/org/apache/xerces/validators/datatype/ENTITYDatatypeValidator.java,113.0,7.0,21.0,7.0,9.0,20.0,2,0.013422818791946308,188.6720867208672,13583.184514043634,2,false
src/org/apache/xerces/validators/datatype/FloatDatatypeValidator.java,312.0,8.0,49.0,11.0,31.0,40.0,2,0.013422818791946308,188.6720867208672,13583.184514043634,2,false
src/org/apache/xerces/validators/datatype/IDDatatypeValidator.java,143.0,7.0,22.0,8.0,21.0,27.0,2,0.013422818791946308,188.6720867208672,13583.184514043634,2,false
src/org/apache/xerces/validators/datatype/IDREFDatatypeValidator.java,145.0,6.0,47.0,11.0,23.0,35.0,2,0.013422818791946308,188.6720867208672,13583.184514043634,2,false
src/org/apache/xerces/validators/datatype/ListDatatypeValidator.java,289.0,10.0,25.0,10.0,28.0,40.0,2,0.013422818791946308,188.6720867208672,13583.184514043634,2,false
src/org/apache/xerces/validators/datatype/NOTATIONDatatypeValidator.java,89.0,5.0,13.0,6.0,12.0,20.0,2,0.013422818791946308,188.6720867208672,13583.184514043634,2,false
src/org/apache/xerces/validators/datatype/QNameDatatypeValidator.java,194.0,10.0,34.0,9.0,17.0,25.0,2,0.013422818791946308,188.6720867208672,13583.184514043634,2,false
src/org/apache/xerces/validators/datatype/StringDatatypeValidator.java,181.0,9.0,24.0,9.0,16.0,26.0,2,0.013422818791946308,188.6720867208672,13583.184514043634,2,false
src/org/apache/xerces/validators/datatype/URIReferenceDatatypeValidator.java,151.0,9.0,19.0,7.0,11.0,23.0,2,0.013422818791946308,188.6720867208672,13583.184514043634,2,false
src/org/apache/xerces/validators/datatype/UnionDatatypeValidator.java,203.0,10.0,34.0,12.0,23.0,44.0,2,0.013422818791946308,188.6720867208672,13583.184514043634,2,false
src/org/apache/xerces/validators/dtd/DTDGrammar.java,617.0,15.0,304.0,41.0,103.0,121.0,0,0.0,0.0,0.0,0,false
src/org/apache/xerces/validators/schema/SchemaGrammar.java,326.0,13.0,662.0,44.0,25.0,95.0,3,0.020134228187919462,210.2720867208672,13720.80097887868,3,true
src/org/apache/xerces/validators/schema/SchemaMessageProvider.java,60.0,4.0,0.0,3.0,3.0,9.0,3,0.020134228187919462,220.10065814943863,13780.954123812486,3,false
src/org/apache/xerces/validators/schema/SchemaSymbols.java,142.0,0.0,0.0,0.0,0.0,0.0,3,0.020134228187919462,210.2720867208672,13720.80097887868,3,false
src/org/apache/xerces/validators/schema/SubstitutionGroupComparator.java,61.0,5.0,1.0,3.0,7.0,9.0,1,0.006711409395973154,101.5609756097561,3027.5792645072484,1,false
src/org/apache/xerces/validators/schema/TraverseSchema.java,4302.0,47.0,2231.0,91.0,827.0,476.0,4,0.026845637583892617,241.70065814943865,13918.570588647532,4,true
src/org/apache/xerces/validators/schema/XUtil.java,303.0,8.0,105.0,15.0,82.0,70.0,1,0.006711409395973154,31.42857142857143,197.76960976885178,1,false
src/org/apache/xerces/validators/schema/identity/Field.java,94.0,4.0,0.0,6.0,1.0,11.0,2,0.013422818791946308,132.98954703832754,3225.3488742761,2,false
src/org/apache/xerces/validators/schema/identity/FieldActivator.java,27.0,1.0,3.0,3.0,0.0,13.0,0,0.0,0.0,0.0,0,false
src/org/apache/xerces/validators/schema/identity/IdentityConstraint.java,118.0,0.0,35.0,10.0,3.0,19.0,1,0.006711409395973154,31.42857142857143,197.76960976885178,1,false
src/org/apache/xerces/validators/schema/identity/Key.java,19.0,0.0,1.0,2.0,0.0,4.0,1,0.006711409395973154,31.42857142857143,197.76960976885178,1,false
src/org/apache/xerces/validators/schema/identity/KeyRef.java,30.0,0.0,1.0,3.0,0.0,6.0,2,0.013422818791946308,132.98954703832754,3225.3488742761,2,false
src/org/apache/xerces/validators/schema/identity/Selector.java,122.0,5.0,0.0,5.0,1.0,9.0,2,0.013422818791946308,132.98954703832754,3225.3488742761,2,false
src/org/apache/xerces/validators/schema/identity/Unique.java,19.0,0.0,1.0,2.0,0.0,3.0,1,0.006711409395973154,31.42857142857143,197.76960976885178,1,false
src/org/apache/xerces/validators/schema/identity/ValueStore.java,26.0,1.0,0.0,1.0,0.0,3.0,1,0.006711409395973154,101.5609756097561,3027.5792645072484,1,false
src/org/apache/xerces/validators/schema/identity/XPath.java,1339.0,3.0,7.0,6.0,23.0,26.0,2,0.013422818791946308,132.98954703832754,3225.3488742761,2,false
src/org/apache/xerces/validators/schema/identity/XPathException.java,19.0,0.0,1.0,2.0,0.0,3.0,0,0.0,0.0,0.0,0,false
src/org/apache/xerces/validators/schema/identity/XPathMatcher.java,354.0,8.0,28.0,13.0,44.0,43.0,2,0.013422818791946308,132.98954703832754,3225.3488742761,2,false
src/org/apache/xml/serialize/BaseMarkupSerializer.java,895.0,17.0,809.0,55.0,161.0,177.0,3,0.020134228187919462,141.25328330206378,3265.848322230103,3,true
src/org/apache/xml/serialize/ElementState.java,55.0,1.0,0.0,0.0,0.0,0.0,1,0.006711409395973154,101.5609756097561,3027.5792645072484,1,false
src/org/apache/xml/serialize/HTMLdtd.java,369.0,4.0,106.0,16.0,38.0,59.0,1,0.006711409395973154,0.0,23.80903858596092,1,false
src/org/apache/xml/serialize/OutputFormat.java,621.0,5.0,971.0,46.0,32.0,146.0,0,0.0,0.0,0.0,0,false
src/org/apache/xml/serialize/Printer.java,213.0,3.0,25.0,18.0,17.0,46.0,2,0.013422818791946308,87.11111111111111,10579.414288122347,2,true
src/org/apache/xml/serialize/XMLSerializer.java,379.0,10.0,66.0,12.0,92.0,48.0,3,0.020134228187919462,132.98954703832754,3249.157912862061,3,true
src/org/xml/sax/helpers/AttributesImpl.java,444.0,1.0,0.0,26.0,24.0,104.0,1,0.006711409395973154,39.69230769230769,214.46001913689378,1,false
tests/dom/events/DeferredDOM.java,184.0,13.0,4.0,4.0,27.0,20.0,0,0.0,0.0,0.0,0,false
tests/dom/events/EventReporter.java,30.0,2.0,0.0,3.0,15.0,6.0,0,0.0,0.0,0.0,0,false
tests/dom/events/Test.java,62.0,2.0,8.0,5.0,27.0,11.0,0,0.0,0.0,0.0,0,false
tests/dom/html/Test.java,70.0,4.0,3.0,3.0,14.0,5.0,0,0.0,0.0,0.0,0,false
tests/dom/mem/Test.java,595.0,6.0,1.0,2.0,66.0,8.0,0,0.0,0.0,0.0,0,false
