name,LOC,CBO,LCOM,NOM,RFC,WMC,numOfChanges,bccm,structuralWorkloadSum,semanticWorkloadSum,numberOfDeveloper,isBuggy
samples/dom/ASBuilder.java,173.0,10.0,1.0,3.0,28.0,13.0,3,0.0032858707557502738,2425.663557220175,205644.7254751184,3,false
samples/dom/Counter.java,354.0,7.0,4.0,5.0,33.0,17.0,3,0.0032858707557502738,2425.663557220175,205644.7254751184,3,false
samples/dom/GetElementsByTagName.java,289.0,13.0,8.0,5.0,35.0,20.0,3,0.0032858707557502738,2425.663557220175,205644.7254751184,3,false
samples/dom/Writer.java,443.0,12.0,31.0,11.0,47.0,32.0,4,0.004381161007667032,2453.0921286487464,205707.0707871055,4,false
samples/sax/Counter.java,503.0,12.0,56.0,13.0,44.0,34.0,3,0.0032858707557502738,2425.663557220175,205644.7254751184,3,false
samples/sax/DocumentTracer.java,760.0,24.0,0.0,39.0,170.0,89.0,3,0.0032858707557502738,2425.663557220175,205644.7254751184,3,false
samples/sax/Writer.java,488.0,17.0,253.0,27.0,66.0,67.0,3,0.0032858707557502738,2425.663557220175,205644.7254751184,3,false
samples/socket/DelayedInput.java,330.0,19.0,34.0,9.0,36.0,19.0,3,0.0032858707557502738,2425.663557220175,205644.7254751184,3,false
samples/xni/Counter.java,488.0,13.0,61.0,14.0,49.0,36.0,4,0.004381161007667032,2722.0092362325204,214136.98941705358,4,false
samples/xni/DocumentTracer.java,1140.0,19.0,0.0,61.0,260.0,143.0,3,0.0032858707557502738,1358.3665849356905,86896.87425475814,3,false
samples/xni/PSVIWriter.java,850.0,34.0,220.0,36.0,180.0,136.0,2,0.002190580503833516,681.2237277928334,16420.83567357028,2,false
samples/xni/PassThroughFilter.java,266.0,7.0,0.0,19.0,18.0,59.0,3,0.0032858707557502738,2044.8663790896635,143660.95083586575,3,false
samples/xni/UpperCaseFilter.java,59.0,4.0,6.0,4.0,5.0,10.0,2,0.002190580503833516,1748.5207000773178,135168.68689393057,2,false
samples/xni/Writer.java,525.0,18.0,134.0,25.0,71.0,67.0,5,0.00547645125958379,2749.437807661092,214199.33472904068,5,false
samples/xni/parser/CSVConfiguration.java,170.0,16.0,10.0,5.0,27.0,12.0,3,0.0032858707557502738,2044.8663790896635,143660.95083586575,3,false
samples/xni/parser/NonValidatingParserConfiguration.java,34.0,4.0,1.0,3.0,2.0,5.0,1,0.001095290251916758,1363.64265129683,127240.11516229546,1,false
samples/xni/parser/PSVIConfiguration.java,74.0,6.0,13.0,6.0,3.0,12.0,3,0.0032858707557502738,2044.8663790896635,143660.95083586575,3,false
samples/xni/parser/PSVIParser.java,22.0,1.0,0.0,1.0,0.0,1.0,2,0.002190580503833516,1748.5207000773178,135168.68689393057,2,false
src/javax/xml/parsers/DocumentBuilder.java,156.0,9.0,66.0,12.0,7.0,35.0,0,0.0,0.0,0.0,0,false
src/javax/xml/parsers/DocumentBuilderFactory.java,216.0,7.0,124.0,17.0,3.0,49.0,0,0.0,0.0,0.0,0,true
src/javax/xml/parsers/FactoryConfigurationError.java,73.0,0.0,0.0,6.0,2.0,14.0,0,0.0,0.0,0.0,0,false
src/javax/xml/parsers/FactoryFinder.java,150.0,9.0,4.0,4.0,21.0,21.0,0,0.0,0.0,0.0,0,false
src/javax/xml/parsers/ParserConfigurationException.java,22.0,0.0,1.0,2.0,0.0,4.0,0,0.0,0.0,0.0,0,false
src/javax/xml/parsers/SAXParser.java,290.0,11.0,136.0,17.0,26.0,63.0,1,0.001095290251916758,384.87804878048775,7928.571731635097,1,false
src/javax/xml/parsers/SAXParserFactory.java,141.0,4.0,32.0,9.0,3.0,28.0,0,0.0,0.0,0.0,0,false
src/org/apache/xerces/dom/ASModelImpl.java,358.0,4.0,752.0,40.0,2.0,109.0,3,0.0032858707557502738,2044.8663790896635,143660.95083586575,3,false
src/org/apache/xerces/dom/AttrImpl.java,744.0,9.0,420.0,37.0,133.0,139.0,3,0.0032858707557502738,2243.422108528022,155061.12389916828,3,false
src/org/apache/xerces/dom/AttrNSImpl.java,149.0,1.0,5.0,6.0,19.0,20.0,1,0.001095290251916758,1363.64265129683,127240.11516229546,1,false
src/org/apache/xerces/dom/AttributeMap.java,324.0,3.0,66.0,12.0,81.0,48.0,1,0.001095290251916758,1363.64265129683,127240.11516229546,1,false
src/org/apache/xerces/dom/CoreDOMImplementationImpl.java,88.0,5.0,6.0,4.0,10.0,17.0,2,0.002190580503833516,1858.5440597475342,147132.55216753317,2,false
src/org/apache/xerces/dom/CoreDocumentImpl.java,1293.0,24.0,3232.0,85.0,129.0,258.0,2,0.002190580503833516,1858.5440597475342,147132.55216753317,2,false
src/org/apache/xerces/dom/DOMErrorImpl.java,79.0,3.0,24.0,12.0,5.0,20.0,3,0.0032858707557502738,2044.8663790896635,143660.95083586575,3,false
src/org/apache/xerces/dom/DOMImplementationImpl.java,133.0,16.0,45.0,10.0,10.0,33.0,3,0.0032858707557502738,2243.422108528022,155061.12389916828,3,false
src/org/apache/xerces/dom/DOMImplementationSourceImpl.java,39.0,6.0,1.0,2.0,5.0,7.0,1,0.001095290251916758,1363.64265129683,127240.11516229546,1,false
src/org/apache/xerces/dom/DOMInputSourceImpl.java,284.0,3.0,73.0,19.0,0.0,50.0,2,0.002190580503833516,1748.5207000773178,135168.68689393057,2,false
src/org/apache/xerces/dom/DOMLocatorImpl.java,83.0,2.0,3.0,7.0,0.0,17.0,2,0.002190580503833516,1748.5207000773178,135168.68689393057,2,false
src/org/apache/xerces/dom/DeferredAttrNSImpl.java,76.0,0.0,0.0,4.0,14.0,9.0,1,0.001095290251916758,1363.64265129683,127240.11516229546,1,true
src/org/apache/xerces/dom/DeferredDocumentImpl.java,1549.0,4.0,1084.0,69.0,170.0,206.0,2,0.002190580503833516,1748.5207000773178,135168.68689393057,2,true
src/org/apache/xerces/dom/DeferredElementNSImpl.java,73.0,1.0,0.0,4.0,15.0,10.0,1,0.001095290251916758,1363.64265129683,127240.11516229546,1,true
src/org/apache/xerces/dom/DeferredEntityReferenceImpl.java,94.0,4.0,0.0,4.0,8.0,6.0,2,0.002190580503833516,1858.5440597475342,147132.55216753317,2,false
src/org/apache/xerces/dom/DocumentImpl.java,899.0,31.0,765.0,46.0,117.0,150.0,3,0.0032858707557502738,2243.422108528022,155061.12389916828,3,true
src/org/apache/xerces/dom/DocumentTypeImpl.java,222.0,4.0,88.0,17.0,23.0,46.0,3,0.0032858707557502738,1887.8773930808675,147275.3420757578,3,false
src/org/apache/xerces/dom/ElementImpl.java,581.0,7.0,49.0,30.0,91.0,100.0,2,0.002190580503833516,1858.5440597475342,147132.55216753317,2,false
src/org/apache/xerces/dom/ElementNSImpl.java,129.0,1.0,5.0,6.0,19.0,19.0,1,0.001095290251916758,1363.64265129683,127240.11516229546,1,false
src/org/apache/xerces/dom/EntityImpl.java,202.0,2.0,75.0,14.0,24.0,36.0,3,0.0032858707557502738,1887.8773930808675,147275.3420757578,3,false
src/org/apache/xerces/dom/EntityReferenceImpl.java,119.0,5.0,8.0,5.0,17.0,14.0,3,0.0032858707557502738,1887.8773930808675,147275.3420757578,3,false
src/org/apache/xerces/dom/NodeImpl.java,899.0,14.0,2439.0,75.0,54.0,203.0,3,0.0032858707557502738,2243.422108528022,155061.12389916828,3,false
src/org/apache/xerces/dom/ParentNode.java,680.0,8.0,383.0,35.0,101.0,124.0,1,0.001095290251916758,1363.64265129683,127240.11516229546,1,false
src/org/apache/xerces/dom3/DOMError.java,42.0,0.0,6.0,4.0,0.0,6.0,0,0.0,0.0,0.0,0,false
src/org/apache/xerces/dom3/DOMErrorHandler.java,24.0,0.0,0.0,1.0,0.0,3.0,0,0.0,0.0,0.0,0,false
src/org/apache/xerces/dom3/DOMImplementationRegistry.java,65.0,4.0,0.0,3.0,18.0,14.0,1,0.001095290251916758,1363.64265129683,127240.11516229546,1,false
src/org/apache/xerces/dom3/DOMImplementationSource.java,20.0,1.0,0.0,1.0,0.0,3.0,1,0.001095290251916758,1363.64265129683,127240.11516229546,1,false
src/org/apache/xerces/dom3/DOMLocator.java,33.0,1.0,10.0,5.0,0.0,10.0,0,0.0,0.0,0.0,0,false
src/org/apache/xerces/dom3/Document3.java,289.0,3.0,190.0,20.0,0.0,61.0,1,0.001095290251916758,1363.64265129683,127240.11516229546,1,false
src/org/apache/xerces/dom3/Entity3.java,47.0,1.0,15.0,6.0,0.0,12.0,1,0.001095290251916758,1363.64265129683,127240.11516229546,1,false
src/org/apache/xerces/dom3/Node3.java,319.0,2.0,55.0,11.0,0.0,41.0,1,0.001095290251916758,1363.64265129683,127240.11516229546,1,false
src/org/apache/xerces/dom3/UserDataHandler.java,37.0,1.0,0.0,1.0,0.0,3.0,1,0.001095290251916758,1363.64265129683,127240.11516229546,1,false
src/org/apache/xerces/dom3/as/ASAttributeDeclaration.java,62.0,0.0,45.0,10.0,0.0,14.0,0,0.0,0.0,0.0,0,false
src/org/apache/xerces/dom3/as/ASContentModel.java,111.0,0.0,55.0,11.0,0.0,24.0,0,0.0,0.0,0.0,0,false
src/org/apache/xerces/dom3/as/ASDataType.java,196.0,0.0,0.0,1.0,0.0,1.0,0,0.0,0.0,0.0,0,false
src/org/apache/xerces/dom3/as/ASElementDeclaration.java,124.0,0.0,120.0,16.0,0.0,32.0,0,0.0,0.0,0.0,0,false
src/org/apache/xerces/dom3/as/ASEntityDeclaration.java,58.0,0.0,28.0,8.0,0.0,18.0,0,0.0,0.0,0.0,0,false
src/org/apache/xerces/dom3/as/ASModel.java,183.0,1.0,190.0,20.0,0.0,56.0,1,0.001095290251916758,384.87804878048775,7928.571731635097,1,false
src/org/apache/xerces/dom3/as/ASNamedObjectMap.java,114.0,1.0,28.0,8.0,0.0,26.0,0,0.0,0.0,0.0,0,false
src/org/apache/xerces/dom3/as/ASNotationDeclaration.java,27.0,0.0,6.0,4.0,0.0,12.0,0,0.0,0.0,0.0,0,false
src/org/apache/xerces/dom3/as/ASObject.java,101.0,0.0,66.0,12.0,0.0,20.0,0,0.0,0.0,0.0,0,false
src/org/apache/xerces/dom3/as/ASObjectList.java,25.0,0.0,1.0,2.0,0.0,4.0,0,0.0,0.0,0.0,0,false
src/org/apache/xerces/dom3/as/CharacterDataEditAS.java,54.0,0.0,15.0,6.0,0.0,18.0,0,0.0,0.0,0.0,0,false
src/org/apache/xerces/dom3/as/DOMASBuilder.java,69.0,2.0,6.0,4.0,0.0,14.0,0,0.0,0.0,0.0,0,false
src/org/apache/xerces/dom3/as/DOMASException.java,35.0,0.0,0.0,1.0,0.0,1.0,0,0.0,0.0,0.0,0,false
src/org/apache/xerces/dom3/as/DOMASWriter.java,28.0,1.0,0.0,1.0,0.0,6.0,0,0.0,0.0,0.0,0,false
src/org/apache/xerces/dom3/as/DOMImplementationAS.java,30.0,0.0,3.0,3.0,0.0,7.0,1,0.001095290251916758,494.9014084507042,19892.4370052377,1,false
src/org/apache/xerces/dom3/as/DocumentAS.java,87.0,1.0,45.0,10.0,0.0,20.0,0,0.0,0.0,0.0,0,false
src/org/apache/xerces/dom3/as/DocumentEditAS.java,30.0,0.0,1.0,2.0,0.0,8.0,0,0.0,0.0,0.0,0,false
src/org/apache/xerces/dom3/as/ElementEditAS.java,112.0,3.0,78.0,13.0,0.0,39.0,0,0.0,0.0,0.0,0,false
src/org/apache/xerces/dom3/as/NodeEditAS.java,86.0,1.0,10.0,5.0,0.0,18.0,0,0.0,0.0,0.0,0,false
src/org/apache/xerces/dom3/ls/DOMBuilder.java,460.0,4.0,66.0,12.0,0.0,39.0,0,0.0,0.0,0.0,0,false
src/org/apache/xerces/dom3/ls/DOMBuilderFilter.java,83.0,1.0,3.0,3.0,0.0,10.0,0,0.0,0.0,0.0,0,false
src/org/apache/xerces/dom3/ls/DOMEntityResolver.java,53.0,0.0,0.0,1.0,0.0,5.0,0,0.0,0.0,0.0,0,false
src/org/apache/xerces/dom3/ls/DOMImplementationLS.java,54.0,1.0,3.0,3.0,0.0,8.0,0,0.0,0.0,0.0,0,false
src/org/apache/xerces/dom3/ls/DOMInputSource.java,159.0,1.0,91.0,14.0,0.0,34.0,1,0.001095290251916758,384.87804878048775,7928.571731635097,1,false
src/org/apache/xerces/dom3/ls/DOMWriter.java,379.0,3.0,66.0,12.0,0.0,38.0,0,0.0,0.0,0.0,0,false
src/org/apache/xerces/dom3/ls/DOMWriterFilter.java,17.0,1.0,0.0,1.0,0.0,2.0,0,0.0,0.0,0.0,0,false
src/org/apache/xerces/dom3/ls/DocumentLS.java,86.0,2.0,15.0,6.0,0.0,22.0,0,0.0,0.0,0.0,0,false
src/org/apache/xerces/dom3/ls/LSLoadEvent.java,16.0,2.0,1.0,2.0,0.0,2.0,0,0.0,0.0,0.0,0,false
src/org/apache/xerces/dom3/ls/LSProgressEvent.java,25.0,1.0,3.0,3.0,0.0,4.0,0,0.0,0.0,0.0,0,false
src/org/apache/xerces/dom3/ls/ParseErrorEvent.java,13.0,2.0,0.0,1.0,0.0,2.0,0,0.0,0.0,0.0,0,false
src/org/apache/xerces/impl/Constants.java,323.0,2.0,1.0,7.0,3.0,14.0,5,0.00547645125958379,2742.2314584547426,214266.45496157775,5,false
src/org/apache/xerces/impl/Version.java,17.0,0.0,0.0,1.0,1.0,2.0,2,0.002190580503833516,1659.9883303091758,135732.37910423064,2,false
src/org/apache/xerces/impl/XMLDTDScannerImpl.java,1439.0,19.0,264.0,36.0,199.0,147.0,5,0.00547645125958379,2090.199712422997,143906.55085807524,5,false
src/org/apache/xerces/impl/XMLDocumentFragmentScannerImpl.java,1204.0,24.0,156.0,28.0,124.0,109.0,4,0.004381161007667032,2060.8663790896635,143763.7609498506,4,false
src/org/apache/xerces/impl/XMLDocumentScannerImpl.java,756.0,22.0,58.0,12.0,28.0,38.0,5,0.00547645125958379,2731.0092362325204,214157.39417128215,5,false
src/org/apache/xerces/impl/XMLEntityHandler.java,37.0,1.0,1.0,2.0,0.0,6.0,3,0.0032858707557502738,2044.8663790896635,143660.95083586575,3,false
src/org/apache/xerces/impl/XMLEntityManager.java,2474.0,27.0,283.0,30.0,93.0,109.0,3,0.0032858707557502738,2337.131187452033,206208.4176854185,3,true
src/org/apache/xerces/impl/XMLNamespaceBinder.java,572.0,17.0,0.0,31.0,58.0,129.0,3,0.0032858707557502738,710.5570611261668,16563.62558179491,3,false
src/org/apache/xerces/impl/XMLScanner.java,920.0,14.0,0.0,17.0,121.0,90.0,3,0.0032858707557502738,2044.8663790896635,143660.95083586575,3,false
src/org/apache/xerces/impl/dtd/DTDGrammar.java,826.0,23.0,719.0,42.0,82.0,127.0,6,0.0065717415115005475,2564.767787540368,163676.60270931688,6,false
src/org/apache/xerces/impl/dtd/Grammar.java,1304.0,19.0,1331.0,63.0,67.0,178.0,1,0.001095290251916758,296.34567901234567,8492.263941935184,1,false
src/org/apache/xerces/impl/dtd/XMLAttributeDecl.java,37.0,1.0,0.0,2.0,2.0,2.0,1,0.001095290251916758,1363.64265129683,127240.11516229546,1,false
src/org/apache/xerces/impl/dtd/XMLContentSpec.java,228.0,0.0,15.0,10.0,7.0,20.0,2,0.002190580503833516,1858.5440597475342,147132.55216753317,2,false
src/org/apache/xerces/impl/dtd/XMLDTDValidator.java,1974.0,38.0,679.0,71.0,181.0,272.0,7,0.007667031763417305,2594.1011208737013,163819.3926175415,7,false
src/org/apache/xerces/impl/dtd/XMLElementDecl.java,71.0,2.0,0.0,2.0,2.0,2.0,1,0.001095290251916758,1363.64265129683,127240.11516229546,1,false
src/org/apache/xerces/impl/dtd/XMLEntityDecl.java,85.0,0.0,0.0,3.0,1.0,3.0,1,0.001095290251916758,1363.64265129683,127240.11516229546,1,false
src/org/apache/xerces/impl/dtd/XMLNotationDecl.java,37.0,0.0,0.0,2.0,0.0,2.0,2,0.002190580503833516,1659.9883303091758,135732.37910423064,2,false
src/org/apache/xerces/impl/dtd/XMLSimpleType.java,137.0,1.0,0.0,3.0,2.0,9.0,2,0.002190580503833516,1659.9883303091758,135732.37910423064,2,false
src/org/apache/xerces/impl/dtd/models/CMAny.java,69.0,2.0,0.0,9.0,6.0,19.0,1,0.001095290251916758,1363.64265129683,127240.11516229546,1,false
src/org/apache/xerces/impl/dtd/models/CMBinOp.java,53.0,1.0,0.0,6.0,13.0,22.0,1,0.001095290251916758,1363.64265129683,127240.11516229546,1,false
src/org/apache/xerces/impl/dtd/models/CMLeaf.java,63.0,2.0,0.0,9.0,8.0,18.0,1,0.001095290251916758,1363.64265129683,127240.11516229546,1,false
src/org/apache/xerces/impl/dtd/models/CMNode.java,40.0,0.0,28.0,9.0,2.0,14.0,1,0.001095290251916758,1363.64265129683,127240.11516229546,1,false
src/org/apache/xerces/impl/dtd/models/CMStateSet.java,148.0,0.0,0.0,12.0,5.0,53.0,2,0.002190580503833516,1858.5440597475342,147132.55216753317,2,false
src/org/apache/xerces/impl/dtd/models/CMUniOp.java,27.0,1.0,0.0,5.0,7.0,12.0,1,0.001095290251916758,1363.64265129683,127240.11516229546,1,false
src/org/apache/xerces/impl/dtd/models/ContentModelValidator.java,14.0,1.0,0.0,1.0,0.0,2.0,2,0.002190580503833516,1858.5440597475342,147132.55216753317,2,false
src/org/apache/xerces/impl/dtd/models/DFAContentModel.java,465.0,2.0,1.0,7.0,50.0,34.0,1,0.001095290251916758,1363.64265129683,127240.11516229546,1,true
src/org/apache/xerces/impl/dtd/models/MixedContentModel.java,157.0,2.0,0.0,2.0,0.0,10.0,2,0.002190580503833516,1858.5440597475342,147132.55216753317,2,false
src/org/apache/xerces/impl/dtd/models/SimpleContentModel.java,190.0,2.0,0.0,2.0,2.0,13.0,1,0.001095290251916758,1363.64265129683,127240.11516229546,1,false
src/org/apache/xerces/impl/dv/DTDDVFactory.java,20.0,1.0,1.0,2.0,0.0,4.0,2,0.002190580503833516,2040.7855084396872,197716.1537434833,2,false
src/org/apache/xerces/impl/dv/DVFactoryException.java,12.0,0.0,1.0,2.0,0.0,2.0,2,0.002190580503833516,2040.7855084396872,197716.1537434833,2,false
src/org/apache/xerces/impl/dv/DatatypeException.java,47.0,0.0,0.0,4.0,0.0,6.0,2,0.002190580503833516,2040.7855084396872,197716.1537434833,2,false
src/org/apache/xerces/impl/dv/DatatypeMessageProvider.java,77.0,5.0,0.0,3.0,4.0,12.0,1,0.001095290251916758,677.1428571428571,70476.03858118785,1,false
src/org/apache/xerces/impl/dv/DatatypeValidator.java,17.0,1.0,0.0,1.0,0.0,3.0,2,0.002190580503833516,2040.7855084396872,197716.1537434833,2,false
src/org/apache/xerces/impl/dv/InvalidDatatypeFacetException.java,26.0,0.0,1.0,2.0,0.0,2.0,2,0.002190580503833516,2040.7855084396872,197716.1537434833,2,false
src/org/apache/xerces/impl/dv/InvalidDatatypeValueException.java,23.0,0.0,1.0,2.0,0.0,2.0,2,0.002190580503833516,2040.7855084396872,197716.1537434833,2,false
src/org/apache/xerces/impl/dv/SchemaDVFactory.java,114.0,1.0,26.0,8.0,2.0,23.0,2,0.002190580503833516,2040.7855084396872,197716.1537434833,2,false
src/org/apache/xerces/impl/dv/ValidatedInfo.java,30.0,0.0,0.0,0.0,0.0,0.0,2,0.002190580503833516,2040.7855084396872,197716.1537434833,2,false
src/org/apache/xerces/impl/dv/XSAtomicSimpleType.java,8.0,0.0,0.0,0.0,0.0,0.0,2,0.002190580503833516,2040.7855084396872,197716.1537434833,2,false
src/org/apache/xerces/impl/dv/XSFacets.java,56.0,1.0,0.0,0.0,0.0,0.0,3,0.0032858707557502738,2535.6869168903913,217608.590748721,3,false
src/org/apache/xerces/impl/dv/XSListSimpleType.java,13.0,0.0,0.0,1.0,0.0,2.0,2,0.002190580503833516,2040.7855084396872,197716.1537434833,2,false
src/org/apache/xerces/impl/dv/XSSimpleType.java,162.0,2.0,28.0,8.0,0.0,19.0,3,0.0032858707557502738,2425.663557220175,205644.7254751184,3,false
src/org/apache/xerces/impl/dv/XSUnionSimpleType.java,13.0,0.0,0.0,1.0,0.0,2.0,2,0.002190580503833516,2040.7855084396872,197716.1537434833,2,false
src/org/apache/xerces/impl/dv/dtd/AbstractDatatypeValidator.java,45.0,1.0,10.0,5.0,0.0,12.0,2,0.002190580503833516,1858.5440597475342,147132.55216753317,2,false
src/org/apache/xerces/impl/dv/dtd/DatatypeMessageProvider.java,41.0,5.0,1.0,3.0,0.0,9.0,1,0.001095290251916758,1363.64265129683,127240.11516229546,1,false
src/org/apache/xerces/impl/dv/dtd/DatatypeValidator.java,43.0,1.0,3.0,3.0,0.0,7.0,2,0.002190580503833516,1858.5440597475342,147132.55216753317,2,false
src/org/apache/xerces/impl/dv/dtd/DatatypeValidatorFactory.java,15.0,1.0,0.0,1.0,0.0,4.0,1,0.001095290251916758,1363.64265129683,127240.11516229546,1,false
src/org/apache/xerces/impl/dv/dtd/DatatypeValidatorFactoryImpl.java,165.0,4.0,0.0,6.0,21.0,21.0,2,0.002190580503833516,1659.9883303091758,135732.37910423064,2,false
src/org/apache/xerces/impl/dv/dtd/ENTITYDatatypeValidator.java,114.0,6.0,43.0,10.0,7.0,24.0,3,0.0032858707557502738,2154.88973875988,155624.81610946835,3,false
src/org/apache/xerces/impl/dv/dtd/IDDatatypeValidator.java,179.0,7.0,70.0,13.0,9.0,34.0,2,0.002190580503833516,1858.5440597475342,147132.55216753317,2,false
src/org/apache/xerces/impl/dv/dtd/IDREFDatatypeValidator.java,200.0,6.0,83.0,14.0,19.0,43.0,2,0.002190580503833516,1858.5440597475342,147132.55216753317,2,false
src/org/apache/xerces/impl/dv/dtd/InvalidDatatypeFacetException.java,30.0,1.0,6.0,4.0,0.0,4.0,1,0.001095290251916758,1363.64265129683,127240.11516229546,1,false
src/org/apache/xerces/impl/dv/dtd/InvalidDatatypeValueException.java,51.0,1.0,39.0,10.0,0.0,13.0,1,0.001095290251916758,1363.64265129683,127240.11516229546,1,false
src/org/apache/xerces/impl/dv/dtd/ListDatatypeValidator.java,210.0,8.0,30.0,12.0,20.0,39.0,1,0.001095290251916758,1363.64265129683,127240.11516229546,1,false
src/org/apache/xerces/impl/dv/dtd/NMTOKENDatatypeValidator.java,33.0,2.0,15.0,6.0,2.0,14.0,1,0.001095290251916758,1363.64265129683,127240.11516229546,1,false
src/org/apache/xerces/impl/dv/dtd/NOTATIONDatatypeValidator.java,64.0,6.0,28.0,8.0,3.0,19.0,2,0.002190580503833516,1858.5440597475342,147132.55216753317,2,false
src/org/apache/xerces/impl/dv/dtd/StatefullDatatypeValidator.java,24.0,0.0,3.0,3.0,0.0,6.0,2,0.002190580503833516,1858.5440597475342,147132.55216753317,2,false
src/org/apache/xerces/impl/dv/dtd/StringDatatypeValidator.java,194.0,8.0,24.0,9.0,15.0,27.0,1,0.001095290251916758,1363.64265129683,127240.11516229546,1,false
src/org/apache/xerces/impl/dv/util/Base64.java,210.0,0.0,17.0,7.0,9.0,22.0,3,0.0032858707557502738,2337.131187452033,206208.4176854185,3,false
src/org/apache/xerces/impl/dv/util/HexBin.java,76.0,0.0,4.0,4.0,3.0,14.0,3,0.0032858707557502738,2337.131187452033,206208.4176854185,3,false
src/org/apache/xerces/impl/dv/xs/AbstractDatatypeValidator.java,66.0,6.0,51.0,11.0,1.0,26.0,2,0.002190580503833516,1172.0442655935612,90368.47558642556,2,false
src/org/apache/xerces/impl/dv/xs/AbstractNumericFacetValidator.java,239.0,9.0,151.0,18.0,23.0,30.0,1,0.001095290251916758,677.1428571428571,70476.03858118785,1,false
src/org/apache/xerces/impl/dv/xs/AbstractNumericValidator.java,100.0,9.0,21.0,7.0,11.0,18.0,1,0.001095290251916758,677.1428571428571,70476.03858118785,1,false
src/org/apache/xerces/impl/dv/xs/AbstractStringValidator.java,288.0,11.0,83.0,14.0,31.0,39.0,1,0.001095290251916758,677.1428571428571,70476.03858118785,1,false
src/org/apache/xerces/impl/dv/xs/AnySimpleType.java,33.0,4.0,15.0,6.0,7.0,15.0,1,0.001095290251916758,677.1428571428571,70476.03858118785,1,false
src/org/apache/xerces/impl/dv/xs/AnyURIDatatypeValidator.java,39.0,5.0,10.0,5.0,3.0,11.0,2,0.002190580503833516,1172.0442655935612,90368.47558642556,2,false
src/org/apache/xerces/impl/dv/xs/Base64BinaryDatatypeValidator.java,47.0,10.0,15.0,6.0,8.0,15.0,1,0.001095290251916758,677.1428571428571,70476.03858118785,1,false
src/org/apache/xerces/impl/dv/xs/BooleanDatatypeValidator.java,94.0,8.0,21.0,7.0,16.0,25.0,1,0.001095290251916758,677.1428571428571,70476.03858118785,1,false
src/org/apache/xerces/impl/dv/xs/DatatypeMessageProvider.java,75.0,5.0,0.0,3.0,4.0,12.0,1,0.001095290251916758,677.1428571428571,70476.03858118785,1,false
src/org/apache/xerces/impl/dv/xs/DatatypeValidator.java,55.0,4.0,15.0,6.0,0.0,11.0,2,0.002190580503833516,1172.0442655935612,90368.47558642556,2,false
src/org/apache/xerces/impl/dv/xs/DatatypeValidatorFactory.java,7.0,2.0,0.0,1.0,0.0,2.0,1,0.001095290251916758,677.1428571428571,70476.03858118785,1,false
src/org/apache/xerces/impl/dv/xs/DatatypeValidatorFactoryImpl.java,280.0,5.0,55.0,14.0,34.0,37.0,1,0.001095290251916758,677.1428571428571,70476.03858118785,1,false
src/org/apache/xerces/impl/dv/xs/DateDatatypeValidator.java,35.0,4.0,3.0,3.0,6.0,7.0,1,0.001095290251916758,677.1428571428571,70476.03858118785,1,false
src/org/apache/xerces/impl/dv/xs/DateTimeDatatypeValidator.java,36.0,4.0,3.0,3.0,7.0,7.0,1,0.001095290251916758,677.1428571428571,70476.03858118785,1,true
src/org/apache/xerces/impl/dv/xs/DateTimeValidator.java,667.0,9.0,776.0,44.0,77.0,137.0,1,0.001095290251916758,677.1428571428571,70476.03858118785,1,true
src/org/apache/xerces/impl/dv/xs/DayDatatypeValidator.java,64.0,4.0,6.0,4.0,11.0,10.0,1,0.001095290251916758,677.1428571428571,70476.03858118785,1,false
src/org/apache/xerces/impl/dv/xs/DecimalDatatypeValidator.java,209.0,10.0,170.0,20.0,38.0,55.0,1,0.001095290251916758,677.1428571428571,70476.03858118785,1,false
src/org/apache/xerces/impl/dv/xs/DoubleDatatypeValidator.java,170.0,8.0,190.0,20.0,34.0,52.0,1,0.001095290251916758,677.1428571428571,70476.03858118785,1,false
src/org/apache/xerces/impl/dv/xs/DurationDatatypeValidator.java,224.0,4.0,21.0,7.0,16.0,25.0,1,0.001095290251916758,677.1428571428571,70476.03858118785,1,false
src/org/apache/xerces/impl/dv/xs/EntityDatatypeValidator.java,57.0,4.0,15.0,6.0,5.0,14.0,1,0.001095290251916758,677.1428571428571,70476.03858118785,1,false
src/org/apache/xerces/impl/dv/xs/FloatDatatypeValidator.java,156.0,10.0,171.0,19.0,32.0,48.0,1,0.001095290251916758,677.1428571428571,70476.03858118785,1,false
src/org/apache/xerces/impl/dv/xs/HexBinaryDatatypeValidator.java,61.0,10.0,21.0,7.0,8.0,18.0,1,0.001095290251916758,677.1428571428571,70476.03858118785,1,false
src/org/apache/xerces/impl/dv/xs/IDDatatypeValidator.java,49.0,8.0,10.0,5.0,5.0,14.0,1,0.001095290251916758,677.1428571428571,70476.03858118785,1,false
src/org/apache/xerces/impl/dv/xs/IDREFDatatypeValidator.java,57.0,8.0,10.0,5.0,5.0,14.0,2,0.002190580503833516,1172.0442655935612,90368.47558642556,2,false
src/org/apache/xerces/impl/dv/xs/InvalidDatatypeFacetException.java,32.0,0.0,24.0,8.0,0.0,10.0,1,0.001095290251916758,677.1428571428571,70476.03858118785,1,false
src/org/apache/xerces/impl/dv/xs/InvalidDatatypeValueException.java,33.0,0.0,24.0,8.0,0.0,10.0,1,0.001095290251916758,677.1428571428571,70476.03858118785,1,false
src/org/apache/xerces/impl/dv/xs/ListDatatypeValidator.java,289.0,10.0,16.0,8.0,32.0,36.0,1,0.001095290251916758,677.1428571428571,70476.03858118785,1,false
src/org/apache/xerces/impl/dv/xs/MonthDatatypeValidator.java,92.0,4.0,10.0,5.0,11.0,15.0,1,0.001095290251916758,677.1428571428571,70476.03858118785,1,false
src/org/apache/xerces/impl/dv/xs/MonthDayDatatypeValidator.java,68.0,4.0,6.0,4.0,11.0,11.0,1,0.001095290251916758,677.1428571428571,70476.03858118785,1,false
src/org/apache/xerces/impl/dv/xs/NOTATIONDatatypeValidator.java,62.0,4.0,21.0,7.0,13.0,17.0,1,0.001095290251916758,677.1428571428571,70476.03858118785,1,false
src/org/apache/xerces/impl/dv/xs/QNameDatatypeValidator.java,46.0,7.0,13.0,6.0,7.0,12.0,1,0.001095290251916758,677.1428571428571,70476.03858118785,1,false
src/org/apache/xerces/impl/dv/xs/SchemaDateTimeException.java,8.0,0.0,1.0,2.0,0.0,2.0,2,0.002190580503833516,2040.7855084396872,197716.1537434833,2,false
src/org/apache/xerces/impl/dv/xs/StateMessageDatatype.java,5.0,0.0,3.0,3.0,0.0,3.0,1,0.001095290251916758,677.1428571428571,70476.03858118785,1,false
src/org/apache/xerces/impl/dv/xs/StringDatatypeValidator.java,88.0,10.0,16.0,9.0,6.0,22.0,1,0.001095290251916758,677.1428571428571,70476.03858118785,1,false
src/org/apache/xerces/impl/dv/xs/TimeDatatypeValidator.java,55.0,4.0,6.0,4.0,8.0,8.0,1,0.001095290251916758,677.1428571428571,70476.03858118785,1,true
src/org/apache/xerces/impl/dv/xs/UnionDatatypeValidator.java,201.0,10.0,11.0,10.0,27.0,41.0,1,0.001095290251916758,677.1428571428571,70476.03858118785,1,false
src/org/apache/xerces/impl/dv/xs/XMLException.java,18.0,0.0,10.0,5.0,0.0,6.0,1,0.001095290251916758,677.1428571428571,70476.03858118785,1,false
src/org/apache/xerces/impl/dv/xs/XSDatatypeException.java,18.0,0.0,10.0,5.0,0.0,6.0,1,0.001095290251916758,677.1428571428571,70476.03858118785,1,false
src/org/apache/xerces/impl/dv/xs/YearDatatypeValidator.java,58.0,4.0,6.0,4.0,11.0,10.0,1,0.001095290251916758,677.1428571428571,70476.03858118785,1,false
src/org/apache/xerces/impl/dv/xs/YearMonthDatatypeValidator.java,36.0,4.0,3.0,3.0,6.0,7.0,1,0.001095290251916758,677.1428571428571,70476.03858118785,1,false
src/org/apache/xerces/impl/dv/xs_new/AbstractDateTimeDV.java,538.0,1.0,283.0,30.0,52.0,104.0,1,0.001095290251916758,677.1428571428571,70476.03858118785,1,false
src/org/apache/xerces/impl/dv/xs_new/AnySimpleDV.java,14.0,2.0,1.0,2.0,0.0,5.0,1,0.001095290251916758,677.1428571428571,70476.03858118785,1,false
src/org/apache/xerces/impl/dv/xs_new/AnyURIDV.java,23.0,3.0,1.0,2.0,1.0,8.0,1,0.001095290251916758,677.1428571428571,70476.03858118785,1,false
src/org/apache/xerces/impl/dv/xs_new/Base64BinaryDV.java,16.0,3.0,1.0,2.0,1.0,6.0,1,0.001095290251916758,677.1428571428571,70476.03858118785,1,false
src/org/apache/xerces/impl/dv/xs_new/BooleanDV.java,19.0,2.0,1.0,2.0,1.0,7.0,1,0.001095290251916758,677.1428571428571,70476.03858118785,1,false
src/org/apache/xerces/impl/dv/xs_new/DateDV.java,38.0,2.0,1.0,2.0,7.0,9.0,1,0.001095290251916758,677.1428571428571,70476.03858118785,1,false
src/org/apache/xerces/impl/dv/xs_new/DateTimeDV.java,39.0,2.0,1.0,2.0,8.0,9.0,1,0.001095290251916758,677.1428571428571,70476.03858118785,1,false
src/org/apache/xerces/impl/dv/xs_new/DayDV.java,67.0,2.0,3.0,3.0,12.0,12.0,1,0.001095290251916758,677.1428571428571,70476.03858118785,1,false
src/org/apache/xerces/impl/dv/xs_new/DecimalDV.java,51.0,3.0,21.0,7.0,12.0,19.0,1,0.001095290251916758,677.1428571428571,70476.03858118785,1,false
src/org/apache/xerces/impl/dv/xs_new/DoubleDV.java,52.0,2.0,10.0,5.0,6.0,17.0,1,0.001095290251916758,677.1428571428571,70476.03858118785,1,false
src/org/apache/xerces/impl/dv/xs_new/DurationDV.java,227.0,2.0,15.0,6.0,17.0,27.0,1,0.001095290251916758,677.1428571428571,70476.03858118785,1,false
src/org/apache/xerces/impl/dv/xs_new/EntityDV.java,22.0,3.0,3.0,3.0,2.0,9.0,1,0.001095290251916758,677.1428571428571,70476.03858118785,1,false
src/org/apache/xerces/impl/dv/xs_new/FloatDV.java,52.0,2.0,10.0,5.0,6.0,17.0,1,0.001095290251916758,677.1428571428571,70476.03858118785,1,false
src/org/apache/xerces/impl/dv/xs_new/HexBinaryDV.java,16.0,3.0,1.0,2.0,1.0,6.0,1,0.001095290251916758,677.1428571428571,70476.03858118785,1,false
src/org/apache/xerces/impl/dv/xs_new/IDDV.java,22.0,3.0,3.0,3.0,3.0,9.0,1,0.001095290251916758,677.1428571428571,70476.03858118785,1,false
src/org/apache/xerces/impl/dv/xs_new/IDREFDV.java,20.0,3.0,3.0,3.0,2.0,8.0,1,0.001095290251916758,677.1428571428571,70476.03858118785,1,false
src/org/apache/xerces/impl/dv/xs_new/ListDV.java,17.0,2.0,3.0,3.0,0.0,7.0,1,0.001095290251916758,677.1428571428571,70476.03858118785,1,false
src/org/apache/xerces/impl/dv/xs_new/MonthDV.java,100.0,2.0,6.0,4.0,12.0,18.0,1,0.001095290251916758,677.1428571428571,70476.03858118785,1,false
src/org/apache/xerces/impl/dv/xs_new/MonthDayDV.java,76.0,2.0,3.0,3.0,12.0,14.0,1,0.001095290251916758,677.1428571428571,70476.03858118785,1,false
src/org/apache/xerces/impl/dv/xs_new/QNameDV.java,32.0,4.0,3.0,3.0,7.0,10.0,1,0.001095290251916758,677.1428571428571,70476.03858118785,1,false
src/org/apache/xerces/impl/dv/xs_new/SchemaDVFactoryImpl.java,256.0,7.0,9.0,7.0,11.0,14.0,1,0.001095290251916758,677.1428571428571,70476.03858118785,1,false
src/org/apache/xerces/impl/dv/xs_new/SchemaDateTimeException.java,11.0,0.0,1.0,2.0,0.0,2.0,1,0.001095290251916758,677.1428571428571,70476.03858118785,1,false
src/org/apache/xerces/impl/dv/xs_new/StringDV.java,14.0,2.0,1.0,2.0,0.0,5.0,1,0.001095290251916758,677.1428571428571,70476.03858118785,1,false
src/org/apache/xerces/impl/dv/xs_new/TimeDV.java,63.0,2.0,3.0,3.0,9.0,11.0,1,0.001095290251916758,677.1428571428571,70476.03858118785,1,false
src/org/apache/xerces/impl/dv/xs_new/TypeValidator.java,34.0,2.0,28.0,8.0,2.0,15.0,1,0.001095290251916758,677.1428571428571,70476.03858118785,1,false
src/org/apache/xerces/impl/dv/xs_new/UnionDV.java,14.0,2.0,1.0,2.0,0.0,5.0,1,0.001095290251916758,677.1428571428571,70476.03858118785,1,false
src/org/apache/xerces/impl/dv/xs_new/XSSimpleTypeDecl.java,925.0,15.0,191.0,31.0,48.0,104.0,1,0.001095290251916758,677.1428571428571,70476.03858118785,1,false
src/org/apache/xerces/impl/dv/xs_new/YearDV.java,66.0,2.0,3.0,3.0,12.0,13.0,1,0.001095290251916758,677.1428571428571,70476.03858118785,1,false
src/org/apache/xerces/impl/dv/xs_new/YearMonthDV.java,44.0,2.0,1.0,2.0,7.0,10.0,1,0.001095290251916758,677.1428571428571,70476.03858118785,1,false
src/org/apache/xerces/impl/validation/EntityState.java,20.0,0.0,1.0,2.0,0.0,6.0,2,0.002190580503833516,1858.5440597475342,147132.55216753317,2,false
src/org/apache/xerces/impl/validation/Grammar.java,24.0,19.0,0.0,0.0,0.0,0.0,1,0.001095290251916758,296.34567901234567,8492.263941935184,1,false
src/org/apache/xerces/impl/validation/GrammarPool.java,129.0,3.0,15.0,11.0,18.0,32.0,1,0.001095290251916758,296.34567901234567,8492.263941935184,1,false
src/org/apache/xerces/impl/validation/ValidationContext.java,16.0,0.0,36.0,9.0,0.0,9.0,3,0.0032858707557502738,2425.663557220175,205644.7254751184,3,false
src/org/apache/xerces/impl/validation/ValidationManager.java,25.0,2.0,0.0,4.0,1.0,6.0,1,0.001095290251916758,1363.64265129683,127240.11516229546,1,false
src/org/apache/xerces/impl/validation/ValidationState.java,98.0,4.0,72.0,17.0,14.0,31.0,3,0.0032858707557502738,2425.663557220175,205644.7254751184,3,false
src/org/apache/xerces/impl/xpath/XPath.java,1483.0,4.0,7.0,7.0,26.0,31.0,1,0.001095290251916758,1363.64265129683,127240.11516229546,1,true
src/org/apache/xerces/impl/xpath/XPathException.java,19.0,0.0,1.0,2.0,0.0,3.0,1,0.001095290251916758,1363.64265129683,127240.11516229546,1,false
src/org/apache/xerces/impl/xpath/regex/BMPattern.java,170.0,1.0,0.0,8.0,16.0,37.0,1,0.001095290251916758,1363.64265129683,127240.11516229546,1,false
src/org/apache/xerces/impl/xpath/regex/Match.java,129.0,1.0,6.0,12.0,7.0,30.0,2,0.002190580503833516,1858.5440597475342,147132.55216753317,2,false
src/org/apache/xerces/impl/xpath/regex/Op.java,211.0,1.0,0.0,23.0,3.0,60.0,1,0.001095290251916758,1363.64265129683,127240.11516229546,1,false
src/org/apache/xerces/impl/xpath/regex/ParseException.java,18.0,0.0,0.0,2.0,0.0,5.0,1,0.001095290251916758,1363.64265129683,127240.11516229546,1,false
src/org/apache/xerces/impl/xpath/regex/ParserForXMLSchema.java,342.0,2.0,703.0,38.0,76.0,100.0,1,0.001095290251916758,1363.64265129683,127240.11516229546,1,false
src/org/apache/xerces/impl/xpath/regex/REUtil.java,262.0,1.0,120.0,16.0,44.0,56.0,2,0.002190580503833516,1858.5440597475342,147132.55216753317,2,true
src/org/apache/xerces/impl/xpath/regex/RangeToken.java,471.0,0.0,9.0,18.0,39.0,88.0,1,0.001095290251916758,1363.64265129683,127240.11516229546,1,true
src/org/apache/xerces/impl/xpath/regex/RegexParser.java,1151.0,4.0,689.0,50.0,231.0,212.0,1,0.001095290251916758,1363.64265129683,127240.11516229546,1,true
src/org/apache/xerces/impl/xpath/regex/RegularExpression.java,2504.0,1.0,960.0,52.0,247.0,197.0,1,0.001095290251916758,1363.64265129683,127240.11516229546,1,true
src/org/apache/xerces/impl/xpath/regex/Token.java,1059.0,2.0,734.0,48.0,73.0,142.0,1,0.001095290251916758,1363.64265129683,127240.11516229546,1,true
src/org/apache/xerces/impl/xs/AttributePSVImpl.java,183.0,5.0,80.0,16.0,11.0,38.0,3,0.0032858707557502738,2243.422108528022,155061.12389916828,3,false
src/org/apache/xerces/impl/xs/ElementPSVImpl.java,223.0,4.0,115.0,19.0,8.0,48.0,4,0.004381161007667032,2920.5649656708792,225537.1624803561,4,false
src/org/apache/xerces/impl/xs/SchemaGrammar.java,224.0,7.0,190.0,24.0,29.0,45.0,3,0.0032858707557502738,2337.131187452033,206208.4176854185,3,false
src/org/apache/xerces/impl/xs/SchemaNamespaceSupport.java,64.0,1.0,10.0,5.0,2.0,13.0,1,0.001095290251916758,1363.64265129683,127240.11516229546,1,false
src/org/apache/xerces/impl/xs/SchemaSymbols.java,246.0,1.0,0.0,0.0,0.0,0.0,1,0.001095290251916758,1363.64265129683,127240.11516229546,1,false
src/org/apache/xerces/impl/xs/SubstitutionGroupHandler.java,114.0,3.0,13.0,7.0,15.0,25.0,4,0.004381161007667032,2353.131187452033,206311.22779940336,4,false
src/org/apache/xerces/impl/xs/XMLSchemaException.java,22.0,0.0,2.0,4.0,0.0,6.0,2,0.002190580503833516,2040.7855084396872,197716.1537434833,2,false
src/org/apache/xerces/impl/xs/XMLSchemaValidator.java,2092.0,42.0,477.0,46.0,197.0,171.0,7,0.007667031763417305,2787.564791788076,214512.05498378724,7,true
src/org/apache/xerces/impl/xs/XSAttributeDecl.java,32.0,2.0,0.0,4.0,0.0,6.0,2,0.002190580503833516,2040.7855084396872,197716.1537434833,2,false
src/org/apache/xerces/impl/xs/XSAttributeGroupDecl.java,136.0,1.0,0.0,6.0,12.0,24.0,2,0.002190580503833516,2040.7855084396872,197716.1537434833,2,false
src/org/apache/xerces/impl/xs/XSAttributeUse.java,12.0,1.0,0.0,0.0,0.0,0.0,2,0.002190580503833516,2040.7855084396872,197716.1537434833,2,false
src/org/apache/xerces/impl/xs/XSComplexTypeDecl.java,84.0,3.0,55.0,14.0,8.0,26.0,2,0.002190580503833516,2040.7855084396872,197716.1537434833,2,false
src/org/apache/xerces/impl/xs/XSConstraints.java,712.0,10.0,406.0,29.0,100.0,135.0,4,0.004381161007667032,2353.131187452033,206311.22779940336,4,false
src/org/apache/xerces/impl/xs/XSDeclarationPool.java,26.0,0.0,10.0,5.0,0.0,10.0,1,0.001095290251916758,1363.64265129683,127240.11516229546,1,false
src/org/apache/xerces/impl/xs/XSElementDecl.java,99.0,2.0,31.0,14.0,7.0,27.0,2,0.002190580503833516,2040.7855084396872,197716.1537434833,2,false
src/org/apache/xerces/impl/xs/XSGrammarResolver.java,62.0,2.0,0.0,5.0,9.0,16.0,2,0.002190580503833516,973.4885361552028,78968.30252312304,2,false
src/org/apache/xerces/impl/xs/XSGroupDecl.java,11.0,0.0,0.0,0.0,0.0,0.0,2,0.002190580503833516,1659.9883303091758,135732.37910423064,2,false
src/org/apache/xerces/impl/xs/XSMessageFormatter.java,50.0,5.0,0.0,1.0,3.0,6.0,1,0.001095290251916758,1363.64265129683,127240.11516229546,1,false
src/org/apache/xerces/impl/xs/XSNotationDecl.java,12.0,0.0,0.0,0.0,0.0,0.0,1,0.001095290251916758,1363.64265129683,127240.11516229546,1,false
src/org/apache/xerces/impl/xs/XSParticleDecl.java,150.0,0.0,0.0,10.0,15.0,38.0,2,0.002190580503833516,1379.64265129683,127342.92527628034,2,false
src/org/apache/xerces/impl/xs/XSTypeDecl.java,16.0,0.0,15.0,6.0,0.0,6.0,2,0.002190580503833516,2040.7855084396872,197716.1537434833,2,false
src/org/apache/xerces/impl/xs/XSWildcardDecl.java,262.0,2.0,15.0,10.0,17.0,48.0,3,0.0032858707557502738,2070.1188417730204,197858.94365170793,3,false
src/org/apache/xerces/impl/xs/identity/Field.java,94.0,5.0,5.0,7.0,1.0,12.0,2,0.002190580503833516,2040.7855084396872,197716.1537434833,2,false
src/org/apache/xerces/impl/xs/identity/FieldActivator.java,29.0,1.0,3.0,3.0,0.0,10.0,1,0.001095290251916758,1363.64265129683,127240.11516229546,1,false
src/org/apache/xerces/impl/xs/identity/IDValue.java,62.0,2.0,0.0,4.0,5.0,10.0,2,0.002190580503833516,2040.7855084396872,197716.1537434833,2,false
src/org/apache/xerces/impl/xs/identity/IdentityConstraint.java,127.0,0.0,42.0,12.0,6.0,27.0,1,0.001095290251916758,1363.64265129683,127240.11516229546,1,false
src/org/apache/xerces/impl/xs/identity/KeyRef.java,25.0,0.0,0.0,2.0,0.0,4.0,1,0.001095290251916758,1363.64265129683,127240.11516229546,1,false
src/org/apache/xerces/impl/xs/identity/Selector.java,125.0,10.0,0.0,5.0,1.0,9.0,2,0.002190580503833516,1858.5440597475342,147132.55216753317,2,false
src/org/apache/xerces/impl/xs/identity/UniqueOrKey.java,20.0,0.0,0.0,1.0,0.0,1.0,1,0.001095290251916758,1363.64265129683,127240.11516229546,1,false
src/org/apache/xerces/impl/xs/identity/ValueStore.java,27.0,1.0,1.0,2.0,0.0,3.0,1,0.001095290251916758,1363.64265129683,127240.11516229546,1,false
src/org/apache/xerces/impl/xs/identity/XPathMatcher.java,444.0,17.0,27.0,15.0,42.0,54.0,2,0.002190580503833516,2040.7855084396872,197716.1537434833,2,false
src/org/apache/xerces/impl/xs/models/CMBuilder.java,236.0,8.0,26.0,8.0,10.0,37.0,3,0.0032858707557502738,2535.6869168903913,217608.590748721,3,false
src/org/apache/xerces/impl/xs/models/XSAllCM.java,115.0,5.0,0.0,6.0,4.0,21.0,2,0.002190580503833516,2040.7855084396872,197716.1537434833,2,false
src/org/apache/xerces/impl/xs/models/XSCMBinOp.java,54.0,3.0,0.0,6.0,13.0,22.0,1,0.001095290251916758,1363.64265129683,127240.11516229546,1,false
src/org/apache/xerces/impl/xs/models/XSCMLeaf.java,58.0,5.0,0.0,9.0,6.0,18.0,2,0.002190580503833516,2040.7855084396872,197716.1537434833,2,false
src/org/apache/xerces/impl/xs/models/XSCMUniOp.java,28.0,3.0,0.0,5.0,7.0,12.0,1,0.001095290251916758,1363.64265129683,127240.11516229546,1,false
src/org/apache/xerces/impl/xs/models/XSCMValidator.java,36.0,3.0,6.0,4.0,0.0,11.0,2,0.002190580503833516,2040.7855084396872,197716.1537434833,2,false
src/org/apache/xerces/impl/xs/models/XSDFACM.java,484.0,10.0,46.0,13.0,55.0,53.0,2,0.002190580503833516,2040.7855084396872,197716.1537434833,2,true
src/org/apache/xerces/impl/xs/models/XSEmptyCM.java,53.0,3.0,6.0,4.0,0.0,12.0,2,0.002190580503833516,2040.7855084396872,197716.1537434833,2,false
src/org/apache/xerces/impl/xs/models/XSSimpleCM.java,168.0,6.0,0.0,6.0,3.0,21.0,2,0.002190580503833516,2040.7855084396872,197716.1537434833,2,false
src/org/apache/xerces/impl/xs/traversers/XSAttributeChecker.java,938.0,21.0,19.0,10.0,63.0,44.0,3,0.0032858707557502738,2337.131187452033,206208.4176854185,3,false
src/org/apache/xerces/impl/xs/traversers/XSDAbstractIDConstraintTraverser.java,97.0,8.0,1.0,2.0,13.0,7.0,2,0.002190580503833516,2040.7855084396872,197716.1537434833,2,false
src/org/apache/xerces/impl/xs/traversers/XSDAbstractParticleTraverser.java,207.0,7.0,15.0,6.0,32.0,18.0,2,0.002190580503833516,2040.7855084396872,197716.1537434833,2,false
src/org/apache/xerces/impl/xs/traversers/XSDAbstractTraverser.java,353.0,22.0,6.0,9.0,50.0,31.0,3,0.0032858707557502738,2425.663557220175,205644.7254751184,3,false
src/org/apache/xerces/impl/xs/traversers/XSDAttributeGroupTraverser.java,78.0,7.0,3.0,3.0,24.0,7.0,2,0.002190580503833516,2040.7855084396872,197716.1537434833,2,false
src/org/apache/xerces/impl/xs/traversers/XSDAttributeTraverser.java,225.0,18.0,15.0,6.0,42.0,21.0,2,0.002190580503833516,2040.7855084396872,197716.1537434833,2,false
src/org/apache/xerces/impl/xs/traversers/XSDComplexTypeTraverser.java,473.0,20.0,91.0,14.0,86.0,52.0,2,0.002190580503833516,2040.7855084396872,197716.1537434833,2,false
src/org/apache/xerces/impl/xs/traversers/XSDElementTraverser.java,251.0,17.0,13.0,6.0,51.0,22.0,2,0.002190580503833516,2040.7855084396872,197716.1537434833,2,false
src/org/apache/xerces/impl/xs/traversers/XSDGroupTraverser.java,101.0,10.0,3.0,3.0,19.0,11.0,3,0.0032858707557502738,2337.131187452033,206208.4176854185,3,false
src/org/apache/xerces/impl/xs/traversers/XSDHandler.java,883.0,28.0,116.0,24.0,175.0,81.0,4,0.004381161007667032,2357.353409674255,206337.88322994267,4,true
src/org/apache/xerces/impl/xs/traversers/XSDKeyrefTraverser.java,48.0,9.0,1.0,2.0,9.0,5.0,1,0.001095290251916758,1363.64265129683,127240.11516229546,1,false
src/org/apache/xerces/impl/xs/traversers/XSDNotationTraverser.java,52.0,7.0,1.0,2.0,10.0,4.0,2,0.002190580503833516,1748.5207000773178,135168.68689393057,2,false
src/org/apache/xerces/impl/xs/traversers/XSDSimpleTypeTraverser.java,339.0,20.0,19.0,7.0,46.0,24.0,3,0.0032858707557502738,2425.663557220175,205644.7254751184,3,false
src/org/apache/xerces/impl/xs/traversers/XSDUniqueOrKeyTraverser.java,30.0,8.0,1.0,2.0,7.0,5.0,1,0.001095290251916758,1363.64265129683,127240.11516229546,1,false
src/org/apache/xerces/impl/xs/traversers/XSDWildcardTraverser.java,94.0,10.0,6.0,4.0,14.0,9.0,2,0.002190580503833516,2040.7855084396872,197716.1537434833,2,false
src/org/apache/xerces/impl/xs/traversers/XSDocumentInfo.java,48.0,11.0,0.0,4.0,15.0,7.0,3,0.0032858707557502738,2425.663557220175,205644.7254751184,3,false
src/org/apache/xerces/impl/xs/util/Base64.java,249.0,0.0,41.0,10.0,13.0,32.0,2,0.002190580503833516,1858.5440597475342,147132.55216753317,2,false
src/org/apache/xerces/impl/xs/util/HexBin.java,85.0,0.0,13.0,6.0,4.0,21.0,1,0.001095290251916758,1363.64265129683,127240.11516229546,1,false
src/org/apache/xerces/impl/xs/util/XInt.java,22.0,0.0,0.0,5.0,1.0,9.0,1,0.001095290251916758,1363.64265129683,127240.11516229546,1,false
src/org/apache/xerces/impl/xs/util/XIntPool.java,15.0,0.0,0.0,1.0,0.0,5.0,1,0.001095290251916758,1363.64265129683,127240.11516229546,1,false
src/org/apache/xerces/jaxp/DocumentBuilderFactoryImpl.java,70.0,6.0,0.0,4.0,10.0,15.0,2,0.002190580503833516,1383.8648735190523,127369.58070681964,2,false
src/org/apache/xerces/jaxp/DocumentBuilderImpl.java,107.0,21.0,23.0,10.0,20.0,26.0,2,0.002190580503833516,1383.8648735190523,127369.58070681964,2,false
src/org/apache/xerces/jaxp/SAXParserImpl.java,103.0,14.0,0.0,8.0,17.0,27.0,2,0.002190580503833516,1383.8648735190523,127369.58070681964,2,false
src/org/apache/xerces/parsers/AbstractDOMParser.java,1102.0,31.0,0.0,30.0,182.0,152.0,7,0.007667031763417305,2616.751914524495,163887.98860583935,7,false
src/org/apache/xerces/parsers/AbstractSAXParser.java,1230.0,39.0,876.0,48.0,112.0,204.0,8,0.008762322015334063,3271.2439780165582,234295.43119872935,8,false
src/org/apache/xerces/parsers/AbstractXMLDocumentParser.java,508.0,13.0,1122.0,48.0,5.0,136.0,5,0.00547645125958379,2569.1011208737013,163696.17774932808,5,false
src/org/apache/xerces/parsers/DOMASBuilderImpl.java,215.0,35.0,42.0,12.0,39.0,32.0,4,0.004381161007667032,2357.353409674255,206337.88322994267,4,false
src/org/apache/xerces/parsers/DOMBuilderImpl.java,505.0,23.0,128.0,17.0,37.0,72.0,4,0.004381161007667032,2722.0092362325204,214136.98941705358,4,false
src/org/apache/xerces/parsers/DOMParser.java,321.0,22.0,91.0,14.0,49.0,54.0,4,0.004381161007667032,1385.7951563642619,86959.21956674525,4,true
src/org/apache/xerces/parsers/DTDParser.java,317.0,8.0,406.0,29.0,0.0,72.0,3,0.0032858707557502738,2243.422108528022,155061.12389916828,3,false
src/org/apache/xerces/parsers/DTDXSParserConfiguration.java,76.0,7.0,15.0,6.0,6.0,12.0,3,0.0032858707557502738,2044.8663790896635,143660.95083586575,3,false
src/org/apache/xerces/parsers/SAXParser.java,35.0,3.0,6.0,4.0,0.0,7.0,3,0.0032858707557502738,708.6522992214049,16483.18098555739,3,false
src/org/apache/xerces/parsers/StandardParserConfiguration.java,523.0,26.0,176.0,20.0,44.0,59.0,8,0.008762322015334063,2794.660029883314,214452.01514177828,8,false
src/org/apache/xerces/parsers/XMLGrammarParser.java,17.0,4.0,0.0,1.0,0.0,2.0,1,0.001095290251916758,1363.64265129683,127240.11516229546,1,false
src/org/apache/xerces/util/AugmentationsImpl.java,44.0,2.0,0.0,4.0,4.0,12.0,2,0.002190580503833516,1748.5207000773178,135168.68689393057,2,false
src/org/apache/xerces/util/DOMEntityResolverWrapper.java,68.0,8.0,4.0,5.0,10.0,11.0,3,0.0032858707557502738,2044.8663790896635,143660.95083586575,3,false
src/org/apache/xerces/util/DOMErrorHandlerWrapper.java,133.0,8.0,2.0,9.0,18.0,20.0,2,0.002190580503833516,1748.5207000773178,135168.68689393057,2,false
src/org/apache/xerces/util/DOMUtil.java,503.0,9.0,741.0,39.0,145.0,149.0,1,0.001095290251916758,1363.64265129683,127240.11516229546,1,false
src/org/apache/xerces/util/EncodingMap.java,650.0,1.0,9.0,7.0,6.0,15.0,2,0.002190580503833516,1659.9883303091758,135732.37910423064,2,false
src/org/apache/xerces/util/ErrorHandlerWrapper.java,163.0,10.0,85.0,15.0,27.0,36.0,2,0.002190580503833516,1659.9883303091758,135732.37910423064,2,true
src/org/apache/xerces/util/NamespaceSupport.java,278.0,1.0,0.0,10.0,9.0,30.0,3,0.0032858707557502738,2243.422108528022,155061.12389916828,3,false
src/org/apache/xerces/util/SymbolTable.java,203.0,0.0,9.0,7.0,10.0,25.0,3,0.0032858707557502738,2154.88973875988,155624.81610946835,3,false
src/org/apache/xerces/util/URI.java,1044.0,2.0,584.0,41.0,120.0,183.0,2,0.002190580503833516,2040.7855084396872,197716.1537434833,2,false
src/org/apache/xerces/util/XMLAttributesImpl.java,477.0,6.0,0.0,29.0,20.0,92.0,4,0.004381161007667032,2539.767787540368,163553.38784110345,4,false
src/org/apache/xerces/util/XMLChar.java,366.0,0.0,154.0,21.0,16.0,77.0,1,0.001095290251916758,1363.64265129683,127240.11516229546,1,false
src/org/apache/xerces/xni/Augmentations.java,42.0,0.0,6.0,4.0,0.0,12.0,2,0.002190580503833516,1748.5207000773178,135168.68689393057,2,false
src/org/apache/xerces/xni/NamespaceContext.java,47.0,0.0,6.0,4.0,0.0,12.0,2,0.002190580503833516,1748.5207000773178,135168.68689393057,2,false
src/org/apache/xerces/xni/XMLAttributes.java,269.0,0.0,325.0,26.0,0.0,73.0,2,0.002190580503833516,1748.5207000773178,135168.68689393057,2,false
src/org/apache/xerces/xni/XMLDTDHandler.java,201.0,0.0,153.0,18.0,0.0,47.0,3,0.0032858707557502738,2044.8663790896635,143660.95083586575,3,false
src/org/apache/xerces/xni/XMLDocumentHandler.java,198.0,0.0,153.0,18.0,0.0,62.0,3,0.0032858707557502738,2044.8663790896635,143660.95083586575,3,false
src/org/apache/xerces/xni/psvi/AttributePSVI.java,2.0,0.0,0.0,0.0,0.0,0.0,2,0.002190580503833516,1748.5207000773178,135168.68689393057,2,false
src/org/apache/xerces/xni/psvi/ElementPSVI.java,28.0,0.0,6.0,4.0,0.0,12.0,3,0.0032858707557502738,2243.422108528022,155061.12389916828,3,false
src/org/apache/xerces/xni/psvi/ItemPSVI.java,132.0,1.0,91.0,14.0,0.0,35.0,3,0.0032858707557502738,2243.422108528022,155061.12389916828,3,false
src/org/apache/xml/serialize/BaseMarkupSerializer.java,1019.0,22.0,856.0,56.0,172.0,219.0,4,0.004381161007667032,2272.7554418613554,155203.9138073929,4,true
src/org/apache/xml/serialize/ElementState.java,55.0,1.0,0.0,0.0,0.0,0.0,2,0.002190580503833516,1748.5207000773178,135168.68689393057,2,false
src/org/apache/xml/serialize/HTMLSerializer.java,510.0,14.0,106.0,17.0,104.0,68.0,2,0.002190580503833516,1858.5440597475342,147132.55216753317,2,false
src/org/apache/xml/serialize/IndentPrinter.java,210.0,3.0,0.0,17.0,32.0,47.0,3,0.0032858707557502738,2243.422108528022,155061.12389916828,3,false
src/org/apache/xml/serialize/OutputFormat.java,645.0,5.0,1062.0,48.0,32.0,149.0,3,0.0032858707557502738,2243.422108528022,155061.12389916828,3,false
src/org/apache/xml/serialize/XMLSerializer.java,679.0,16.0,370.0,28.0,133.0,121.0,2,0.002190580503833516,1748.5207000773178,135168.68689393057,2,true
src/org/w3c/dom/Document.java,312.0,0.0,136.0,17.0,0.0,62.0,1,0.001095290251916758,384.87804878048775,7928.571731635097,1,false
src/org/w3c/dom/Entity.java,51.0,0.0,3.0,3.0,0.0,6.0,1,0.001095290251916758,384.87804878048775,7928.571731635097,1,false
src/org/xml/sax/helpers/NewInstance.java,55.0,2.0,1.0,2.0,8.0,10.0,1,0.001095290251916758,296.34567901234567,8492.263941935184,1,false
src/org/xml/sax/helpers/ParserFactory.java,79.0,6.0,3.0,3.0,4.0,10.0,1,0.001095290251916758,296.34567901234567,8492.263941935184,1,false
src/org/xml/sax/helpers/XMLReaderFactory.java,138.0,5.0,6.0,4.0,11.0,16.0,1,0.001095290251916758,296.34567901234567,8492.263941935184,1,false
tests/dom/mem/Test.java,682.0,8.0,1.0,2.0,75.0,9.0,1,0.001095290251916758,1363.64265129683,127240.11516229546,1,false
tests/dom/treewalker/TestFirstChild.java,121.0,5.0,6.0,4.0,26.0,18.0,1,0.001095290251916758,1363.64265129683,127240.11516229546,1,false
