name,LOC,CBO,LCOM,NOM,RFC,WMC,numOfChanges,bccm,structuralWorkloadSum,semanticWorkloadSum,numberOfDeveloper,isBuggy
samples/dom/ASBuilder.java,173.0,10.0,1.0,3.0,28.0,13.0,1,0.0032258064516129032,365.16279069767444,7046.355454416934,1,false
samples/dom/Counter.java,346.0,7.0,4.0,5.0,33.0,17.0,1,0.0032258064516129032,39.5,87.27476220883575,1,false
samples/dom/DOMAddLines.java,200.0,20.0,22.0,8.0,38.0,29.0,0,0.0,0.0,0.0,0,false
samples/dom/DOMGenerate.java,34.0,9.0,0.0,1.0,9.0,3.0,0,0.0,0.0,0.0,0,false
samples/dom/GetElementsByTagName.java,289.0,13.0,8.0,5.0,35.0,20.0,0,0.0,0.0,0.0,0,false
samples/dom/ParserWrapper.java,42.0,4.0,3.0,3.0,0.0,9.0,0,0.0,0.0,0.0,0,false
samples/dom/Writer.java,443.0,12.0,31.0,11.0,47.0,32.0,0,0.0,0.0,0.0,0,false
samples/sax/Counter.java,503.0,12.0,56.0,13.0,44.0,34.0,0,0.0,0.0,0.0,0,false
samples/sax/DocumentTracer.java,760.0,24.0,0.0,39.0,170.0,89.0,0,0.0,0.0,0.0,0,false
samples/sax/Writer.java,488.0,17.0,253.0,27.0,66.0,67.0,1,0.0032258064516129032,57.272727272727266,173.3356997500988,1,false
samples/sax/helpers/AttributesImpl.java,304.0,1.0,173.0,23.0,24.0,64.0,0,0.0,0.0,0.0,0,false
samples/simpletype/SimpleTypeUsage.java,220.0,14.0,51.0,11.0,35.0,29.0,2,0.0064516129032258064,406.19444444444446,19223.848888200093,2,false
samples/socket/DelayedInput.java,330.0,19.0,34.0,9.0,36.0,19.0,0,0.0,0.0,0.0,0,false
samples/ui/DOMParserSaveEncoding.java,32.0,10.0,4.0,4.0,5.0,10.0,0,0.0,0.0,0.0,0,false
samples/xni/Counter.java,488.0,13.0,61.0,14.0,49.0,36.0,0,0.0,0.0,0.0,0,false
samples/xni/DocumentTracer.java,1126.0,22.0,0.0,60.0,255.0,144.0,3,0.00967741935483871,461.9355179704017,7306.965916375868,3,false
samples/xni/PSVIWriter.java,856.0,35.0,220.0,36.0,182.0,136.0,0,0.0,0.0,0.0,0,false
samples/xni/PassThroughFilter.java,266.0,8.0,0.0,19.0,18.0,59.0,0,0.0,0.0,0.0,0,false
samples/xni/UpperCaseFilter.java,59.0,4.0,6.0,4.0,5.0,10.0,0,0.0,0.0,0.0,0,false
samples/xni/Writer.java,525.0,18.0,134.0,25.0,71.0,68.0,1,0.0032258064516129032,57.272727272727266,173.3356997500988,1,false
samples/xni/parser/AbstractConfiguration.java,327.0,18.0,195.0,22.0,34.0,61.0,0,0.0,0.0,0.0,0,false
samples/xni/parser/CSVConfiguration.java,166.0,16.0,10.0,5.0,27.0,12.0,0,0.0,0.0,0.0,0,false
samples/xni/parser/CSVParser.java,14.0,1.0,0.0,1.0,0.0,1.0,0,0.0,0.0,0.0,0,false
samples/xni/parser/NonValidatingParserConfiguration.java,34.0,4.0,1.0,3.0,2.0,5.0,0,0.0,0.0,0.0,0,false
samples/xni/parser/PSVIConfiguration.java,74.0,6.0,13.0,6.0,3.0,12.0,1,0.0032258064516129032,59.166666666666664,598.4883356454607,1,false
samples/xni/parser/PSVIParser.java,22.0,1.0,0.0,1.0,0.0,1.0,0,0.0,0.0,0.0,0,false
src/org/apache/html/dom/HTMLAnchorElementImpl.java,95.0,2.0,351.0,27.0,31.0,43.0,0,0.0,0.0,0.0,0,false
src/org/apache/html/dom/HTMLAreaElementImpl.java,67.0,2.0,136.0,17.0,23.0,29.0,0,0.0,0.0,0.0,0,false
src/org/apache/html/dom/HTMLBRElementImpl.java,21.0,2.0,3.0,3.0,3.0,4.0,0,0.0,0.0,0.0,0,false
src/org/apache/html/dom/HTMLBaseElementImpl.java,27.0,2.0,10.0,5.0,4.0,7.0,0,0.0,0.0,0.0,0,false
src/org/apache/html/dom/HTMLBaseFontElementImpl.java,33.0,2.0,21.0,7.0,8.0,10.0,0,0.0,0.0,0.0,0,false
src/org/apache/html/dom/HTMLBodyElementImpl.java,51.0,2.0,78.0,13.0,12.0,19.0,0,0.0,0.0,0.0,0,false
src/org/apache/html/dom/HTMLButtonElementImpl.java,57.0,2.0,66.0,12.0,18.0,23.0,0,0.0,0.0,0.0,0,false
src/org/apache/html/dom/HTMLDListElementImpl.java,21.0,2.0,3.0,3.0,2.0,4.0,0,0.0,0.0,0.0,0,false
src/org/apache/html/dom/HTMLDirectoryElementImpl.java,21.0,2.0,3.0,3.0,2.0,4.0,0,0.0,0.0,0.0,0,false
src/org/apache/html/dom/HTMLDivElementImpl.java,21.0,2.0,3.0,3.0,3.0,4.0,0,0.0,0.0,0.0,0,false
src/org/apache/html/dom/HTMLFieldSetElementImpl.java,15.0,2.0,0.0,1.0,0.0,1.0,0,0.0,0.0,0.0,0,false
src/org/apache/html/dom/HTMLFontElementImpl.java,29.0,2.0,21.0,7.0,8.0,10.0,0,0.0,0.0,0.0,0,false
src/org/apache/html/dom/HTMLFormElementImpl.java,69.0,2.0,153.0,18.0,16.0,28.0,0,0.0,0.0,0.0,0,false
src/org/apache/html/dom/HTMLFrameElementImpl.java,63.0,2.0,136.0,17.0,17.0,25.0,0,0.0,0.0,0.0,0,false
src/org/apache/html/dom/HTMLFrameSetElementImpl.java,27.0,2.0,10.0,5.0,4.0,7.0,0,0.0,0.0,0.0,0,false
src/org/apache/html/dom/HTMLHRElementImpl.java,39.0,2.0,36.0,9.0,9.0,13.0,0,0.0,0.0,0.0,0,false
src/org/apache/html/dom/HTMLHeadElementImpl.java,21.0,2.0,3.0,3.0,2.0,4.0,0,0.0,0.0,0.0,0,false
src/org/apache/html/dom/HTMLHeadingElementImpl.java,21.0,2.0,3.0,3.0,2.0,4.0,0,0.0,0.0,0.0,0,false
src/org/apache/html/dom/HTMLHtmlElementImpl.java,21.0,2.0,3.0,3.0,3.0,4.0,0,0.0,0.0,0.0,0,false
src/org/apache/html/dom/HTMLIFrameElementImpl.java,75.0,2.0,210.0,21.0,22.0,31.0,0,0.0,0.0,0.0,0,false
src/org/apache/html/dom/HTMLImageElementImpl.java,93.0,2.0,351.0,27.0,27.0,40.0,0,0.0,0.0,0.0,0,false
src/org/apache/html/dom/HTMLInputElementImpl.java,131.0,2.0,703.0,38.0,42.0,60.0,0,0.0,0.0,0.0,0,false
src/org/apache/html/dom/HTMLIsIndexElementImpl.java,21.0,2.0,3.0,3.0,2.0,4.0,0,0.0,0.0,0.0,0,false
src/org/apache/html/dom/HTMLLIElementImpl.java,27.0,2.0,10.0,5.0,6.0,7.0,0,0.0,0.0,0.0,0,false
src/org/apache/html/dom/HTMLLabelElementImpl.java,31.0,2.0,10.0,5.0,8.0,13.0,0,0.0,0.0,0.0,0,false
src/org/apache/html/dom/HTMLLegendElementImpl.java,31.0,2.0,10.0,5.0,8.0,11.0,0,0.0,0.0,0.0,0,false
src/org/apache/html/dom/HTMLLinkElementImpl.java,69.0,2.0,171.0,19.0,18.0,28.0,0,0.0,0.0,0.0,0,false
src/org/apache/html/dom/HTMLMapElementImpl.java,26.0,2.0,6.0,4.0,2.0,7.0,0,0.0,0.0,0.0,0,false
src/org/apache/html/dom/HTMLMenuElementImpl.java,21.0,2.0,3.0,3.0,2.0,4.0,0,0.0,0.0,0.0,0,false
src/org/apache/html/dom/HTMLMetaElementImpl.java,39.0,2.0,36.0,9.0,8.0,13.0,0,0.0,0.0,0.0,0,false
src/org/apache/html/dom/HTMLModElementImpl.java,27.0,2.0,10.0,5.0,4.0,7.0,0,0.0,0.0,0.0,0,false
src/org/apache/html/dom/HTMLOListElementImpl.java,33.0,2.0,21.0,7.0,8.0,10.0,0,0.0,0.0,0.0,0,false
src/org/apache/html/dom/HTMLObjectElementImpl.java,122.0,2.0,595.0,35.0,37.0,53.0,0,0.0,0.0,0.0,0,false
src/org/apache/html/dom/HTMLOptGroupElementImpl.java,27.0,2.0,10.0,5.0,5.0,7.0,0,0.0,0.0,0.0,0,false
src/org/apache/html/dom/HTMLOptionElementImpl.java,94.0,2.0,105.0,15.0,29.0,34.0,0,0.0,0.0,0.0,0,false
src/org/apache/html/dom/HTMLParagraphElementImpl.java,21.0,2.0,3.0,3.0,2.0,4.0,0,0.0,0.0,0.0,0,false
src/org/apache/html/dom/HTMLParamElementImpl.java,39.0,2.0,36.0,9.0,9.0,13.0,0,0.0,0.0,0.0,0,false
src/org/apache/html/dom/HTMLPreElementImpl.java,21.0,2.0,3.0,3.0,4.0,4.0,0,0.0,0.0,0.0,0,false
src/org/apache/html/dom/HTMLQuoteElementImpl.java,21.0,2.0,3.0,3.0,2.0,4.0,0,0.0,0.0,0.0,0,false
src/org/apache/html/dom/HTMLScriptElementImpl.java,73.0,2.0,105.0,15.0,21.0,28.0,0,0.0,0.0,0.0,0,false
src/org/apache/html/dom/HTMLSelectElementImpl.java,92.0,2.0,253.0,23.0,33.0,40.0,0,0.0,0.0,0.0,0,false
src/org/apache/html/dom/HTMLStyleElementImpl.java,33.0,2.0,21.0,7.0,6.0,10.0,0,0.0,0.0,0.0,0,false
src/org/apache/html/dom/HTMLTableCaptionElementImpl.java,21.0,2.0,3.0,3.0,2.0,4.0,0,0.0,0.0,0.0,0,false
src/org/apache/html/dom/HTMLTableCellElementImpl.java,141.0,2.0,465.0,31.0,46.0,56.0,0,0.0,0.0,0.0,0,false
src/org/apache/html/dom/HTMLTableColElementImpl.java,55.0,2.0,78.0,13.0,20.0,23.0,0,0.0,0.0,0.0,0,false
src/org/apache/html/dom/HTMLTableElementImpl.java,204.0,2.0,630.0,36.0,71.0,89.0,0,0.0,0.0,0.0,0,false
src/org/apache/html/dom/HTMLTableRowElementImpl.java,134.0,2.0,190.0,20.0,40.0,49.0,0,0.0,0.0,0.0,0,false
src/org/apache/html/dom/HTMLTableSectionElementImpl.java,88.0,2.0,91.0,14.0,25.0,33.0,0,0.0,0.0,0.0,0,false
src/org/apache/html/dom/HTMLTextAreaElementImpl.java,82.0,2.0,253.0,23.0,29.0,37.0,0,0.0,0.0,0.0,0,false
src/org/apache/html/dom/HTMLTitleElementImpl.java,37.0,2.0,3.0,3.0,9.0,8.0,0,0.0,0.0,0.0,0,false
src/org/apache/html/dom/HTMLUListElementImpl.java,27.0,2.0,10.0,5.0,4.0,7.0,0,0.0,0.0,0.0,0,false
src/org/apache/html/dom/NameNodeListImpl.java,44.0,5.0,1.0,2.0,7.0,9.0,0,0.0,0.0,0.0,0,false
src/org/apache/xerces/dom/ASDOMImplementationImpl.java,44.0,7.0,3.0,3.0,0.0,8.0,1,0.0032258064516129032,365.16279069767444,7046.355454416934,1,false
src/org/apache/xerces/dom/ASModelImpl.java,358.0,4.0,752.0,40.0,2.0,109.0,0,0.0,0.0,0.0,0,false
src/org/apache/xerces/dom/AttrImpl.java,749.0,9.0,457.0,38.0,133.0,141.0,1,0.0032258064516129032,45.14285714285714,187.41928874318037,1,false
src/org/apache/xerces/dom/AttrNSImpl.java,154.0,1.0,3.0,7.0,19.0,22.0,2,0.0064516129032258064,732.6905684754522,26131.441382875553,2,false
src/org/apache/xerces/dom/AttributeMap.java,324.0,3.0,66.0,12.0,81.0,48.0,2,0.0064516129032258064,410.3056478405316,7233.774743160114,2,false
src/org/apache/xerces/dom/CDATASectionImpl.java,49.0,2.0,3.0,3.0,0.0,7.0,0,0.0,0.0,0.0,0,false
src/org/apache/xerces/dom/CharacterDataImpl.java,228.0,4.0,15.0,15.0,46.0,43.0,1,0.0032258064516129032,365.16279069767444,7046.355454416934,1,false
src/org/apache/xerces/dom/ChildNode.java,84.0,1.0,20.0,8.0,5.0,19.0,0,0.0,0.0,0.0,0,false
src/org/apache/xerces/dom/CommentImpl.java,30.0,3.0,3.0,3.0,0.0,6.0,0,0.0,0.0,0.0,0,false
src/org/apache/xerces/dom/CoreDOMImplementationImpl.java,109.0,11.0,21.0,7.0,10.0,25.0,1,0.0032258064516129032,365.16279069767444,7046.355454416934,1,false
src/org/apache/xerces/dom/CoreDocumentImpl.java,1324.0,25.0,3403.0,87.0,129.0,268.0,4,0.012903225806451613,777.8334256183093,26318.860671618735,4,false
src/org/apache/xerces/dom/DOMErrorImpl.java,79.0,3.0,24.0,12.0,5.0,20.0,0,0.0,0.0,0.0,0,false
src/org/apache/xerces/dom/DOMImplementationImpl.java,84.0,5.0,6.0,4.0,10.0,17.0,1,0.0032258064516129032,365.16279069767444,7046.355454416934,1,false
src/org/apache/xerces/dom/DOMImplementationSourceImpl.java,39.0,6.0,1.0,2.0,5.0,7.0,0,0.0,0.0,0.0,0,false
src/org/apache/xerces/dom/DOMInputSourceImpl.java,284.0,3.0,73.0,19.0,0.0,50.0,0,0.0,0.0,0.0,0,false
src/org/apache/xerces/dom/DOMLocatorImpl.java,83.0,2.0,3.0,7.0,0.0,17.0,0,0.0,0.0,0.0,0,false
src/org/apache/xerces/dom/DeepNodeListImpl.java,155.0,3.0,0.0,5.0,18.0,20.0,0,0.0,0.0,0.0,0,false
src/org/apache/xerces/dom/DeferredAttrImpl.java,81.0,0.0,0.0,4.0,9.0,7.0,1,0.0032258064516129032,45.14285714285714,187.41928874318037,1,false
src/org/apache/xerces/dom/DeferredAttrNSImpl.java,76.0,0.0,0.0,4.0,14.0,9.0,1,0.0032258064516129032,45.14285714285714,187.41928874318037,1,true
src/org/apache/xerces/dom/DeferredCDATASectionImpl.java,57.0,0.0,0.0,3.0,4.0,5.0,0,0.0,0.0,0.0,0,false
src/org/apache/xerces/dom/DeferredCommentImpl.java,38.0,0.0,0.0,3.0,4.0,5.0,0,0.0,0.0,0.0,0,false
src/org/apache/xerces/dom/DeferredDocumentImpl.java,1549.0,3.0,1083.0,70.0,166.0,206.0,2,0.0064516129032258064,410.3056478405316,7233.774743160114,2,true
src/org/apache/xerces/dom/DeferredDocumentTypeImpl.java,105.0,1.0,0.0,4.0,22.0,10.0,0,0.0,0.0,0.0,0,false
src/org/apache/xerces/dom/DeferredElementDefinitionImpl.java,57.0,1.0,0.0,4.0,11.0,7.0,0,0.0,0.0,0.0,0,false
src/org/apache/xerces/dom/DeferredElementImpl.java,70.0,3.0,0.0,4.0,11.0,8.0,0,0.0,0.0,0.0,0,false
src/org/apache/xerces/dom/DeferredElementNSImpl.java,73.0,1.0,0.0,4.0,15.0,10.0,0,0.0,0.0,0.0,0,true
src/org/apache/xerces/dom/DeferredEntityImpl.java,84.0,0.0,0.0,4.0,13.0,6.0,1,0.0032258064516129032,365.16279069767444,7046.355454416934,1,false
src/org/apache/xerces/dom/DeferredEntityReferenceImpl.java,94.0,4.0,0.0,4.0,8.0,6.0,1,0.0032258064516129032,365.16279069767444,7046.355454416934,1,false
src/org/apache/xerces/dom/DeferredNode.java,10.0,1.0,0.0,1.0,0.0,1.0,0,0.0,0.0,0.0,0,false
src/org/apache/xerces/dom/DeferredNotationImpl.java,57.0,0.0,0.0,3.0,7.0,5.0,1,0.0032258064516129032,365.16279069767444,7046.355454416934,1,false
src/org/apache/xerces/dom/DeferredProcessingInstructionImpl.java,41.0,0.0,0.0,3.0,5.0,4.0,1,0.0032258064516129032,365.16279069767444,7046.355454416934,1,false
src/org/apache/xerces/dom/DeferredTextImpl.java,49.0,0.0,0.0,3.0,6.0,4.0,0,0.0,0.0,0.0,0,false
src/org/apache/xerces/dom/DocumentFragmentImpl.java,69.0,2.0,6.0,4.0,0.0,8.0,0,0.0,0.0,0.0,0,false
src/org/apache/xerces/dom/DocumentImpl.java,895.0,31.0,765.0,46.0,117.0,150.0,2,0.0064516129032258064,410.3056478405316,7233.774743160114,2,true
src/org/apache/xerces/dom/DocumentTypeImpl.java,222.0,4.0,88.0,17.0,23.0,46.0,1,0.0032258064516129032,365.16279069767444,7046.355454416934,1,false
src/org/apache/xerces/dom/ElementDefinitionImpl.java,69.0,2.0,2.0,5.0,5.0,13.0,0,0.0,0.0,0.0,0,false
src/org/apache/xerces/dom/ElementImpl.java,618.0,8.0,79.0,31.0,101.0,105.0,2,0.0064516129032258064,410.3056478405316,7233.774743160114,2,false
src/org/apache/xerces/dom/ElementNSImpl.java,134.0,1.0,3.0,7.0,19.0,22.0,2,0.0064516129032258064,732.6905684754522,26131.441382875553,2,false
src/org/apache/xerces/dom/EntityImpl.java,202.0,3.0,75.0,14.0,24.0,36.0,1,0.0032258064516129032,365.16279069767444,7046.355454416934,1,false
src/org/apache/xerces/dom/EntityReferenceImpl.java,119.0,6.0,8.0,5.0,17.0,14.0,1,0.0032258064516129032,365.16279069767444,7046.355454416934,1,false
src/org/apache/xerces/dom/LCount.java,28.0,1.0,0.0,1.0,2.0,3.0,0,0.0,0.0,0.0,0,false
src/org/apache/xerces/dom/NamedNodeMapImpl.java,337.0,6.0,35.0,22.0,58.0,66.0,1,0.0032258064516129032,45.14285714285714,187.41928874318037,1,false
src/org/apache/xerces/dom/NodeImpl.java,954.0,14.0,2439.0,75.0,62.0,204.0,2,0.0064516129032258064,84.64285714285714,274.69405095201614,2,false
src/org/apache/xerces/dom/NodeIteratorImpl.java,240.0,4.0,6.0,13.0,21.0,49.0,1,0.0032258064516129032,365.16279069767444,7046.355454416934,1,false
src/org/apache/xerces/dom/NodeListCache.java,31.0,0.0,0.0,1.0,0.0,1.0,1,0.0032258064516129032,45.14285714285714,187.41928874318037,1,false
src/org/apache/xerces/dom/NotationImpl.java,107.0,3.0,15.0,7.0,12.0,23.0,1,0.0032258064516129032,365.16279069767444,7046.355454416934,1,false
src/org/apache/xerces/dom/ParentNode.java,703.0,9.0,418.0,36.0,104.0,129.0,0,0.0,0.0,0.0,0,false
src/org/apache/xerces/dom/ProcessingInstructionImpl.java,82.0,2.0,9.0,6.0,7.0,16.0,1,0.0032258064516129032,365.16279069767444,7046.355454416934,1,false
src/org/apache/xerces/dom/RangeExceptionImpl.java,5.0,1.0,0.0,1.0,0.0,1.0,0,0.0,0.0,0.0,0,false
src/org/apache/xerces/dom/RangeImpl.java,1333.0,8.0,387.0,55.0,181.0,222.0,0,0.0,0.0,0.0,0,true
src/org/apache/xerces/dom/TextImpl.java,103.0,4.0,28.0,8.0,16.0,20.0,1,0.0032258064516129032,365.16279069767444,7046.355454416934,1,false
src/org/apache/xerces/dom/TreeWalkerImpl.java,368.0,3.0,115.0,23.0,35.0,67.0,0,0.0,0.0,0.0,0,false
src/org/apache/xerces/dom/events/EventImpl.java,96.0,3.0,43.0,10.0,0.0,24.0,0,0.0,0.0,0.0,0,false
src/org/apache/xerces/dom/events/MutationEventImpl.java,65.0,2.0,9.0,6.0,0.0,18.0,0,0.0,0.0,0.0,0,false
src/org/apache/xerces/dom3/as/DOMImplementationAS.java,30.0,0.0,3.0,3.0,0.0,7.0,0,0.0,0.0,0.0,0,false
src/org/apache/xerces/impl/Constants.java,352.0,2.0,1.0,7.0,3.0,14.0,1,0.0032258064516129032,367.52777777777777,19085.08592845862,1,false
src/org/apache/xerces/impl/Version.java,17.0,0.0,0.0,1.0,1.0,2.0,0,0.0,0.0,0.0,0,false
src/org/apache/xerces/impl/XMLDTDScannerImpl.java,1452.0,21.0,264.0,36.0,206.0,147.0,2,0.0064516129032258064,424.3294573643411,7644.843790062394,2,false
src/org/apache/xerces/impl/XMLDocumentFragmentScannerImpl.java,1208.0,25.0,156.0,28.0,125.0,109.0,1,0.0032258064516129032,59.166666666666664,598.4883356454607,1,false
src/org/apache/xerces/impl/XMLDocumentScannerImpl.java,747.0,24.0,58.0,12.0,28.0,39.0,1,0.0032258064516129032,59.166666666666664,598.4883356454607,1,false
src/org/apache/xerces/impl/XMLEntityHandler.java,31.0,2.0,1.0,2.0,0.0,6.0,0,0.0,0.0,0.0,0,false
src/org/apache/xerces/impl/XMLEntityManager.java,2567.0,31.0,311.0,31.0,114.0,115.0,2,0.0064516129032258064,426.69444444444446,19683.574264104078,2,true
src/org/apache/xerces/impl/XMLEntityScanner.java,218.0,5.0,91.0,14.0,0.0,55.0,0,0.0,0.0,0.0,0,false
src/org/apache/xerces/impl/XMLErrorReporter.java,314.0,12.0,59.0,14.0,21.0,44.0,1,0.0032258064516129032,367.52777777777777,19085.08592845862,1,false
src/org/apache/xerces/impl/XMLNamespaceBinder.java,573.0,18.0,0.0,31.0,58.0,130.0,2,0.0064516129032258064,406.19444444444446,19223.848888200093,2,false
src/org/apache/xerces/impl/XMLScanner.java,936.0,16.0,0.0,17.0,122.0,90.0,2,0.0064516129032258064,98.66666666666666,685.7630978542965,2,false
src/org/apache/xerces/impl/dtd/AbstractDTDGrammar.java,1322.0,22.0,1392.0,64.0,67.0,183.0,1,0.0032258064516129032,367.52777777777777,19085.08592845862,1,false
src/org/apache/xerces/impl/dtd/DTDGrammar.java,882.0,24.0,774.0,44.0,87.0,155.0,3,0.00967741935483871,771.3572351421188,26270.204342617028,3,false
src/org/apache/xerces/impl/dtd/DTDGrammarBucket.java,31.0,3.0,1.0,2.0,1.0,3.0,0,0.0,0.0,0.0,0,false
src/org/apache/xerces/impl/dtd/XMLAttributeDecl.java,36.0,1.0,0.0,2.0,2.0,2.0,0,0.0,0.0,0.0,0,false
src/org/apache/xerces/impl/dtd/XMLContentSpec.java,228.0,0.0,15.0,10.0,7.0,20.0,0,0.0,0.0,0.0,0,false
src/org/apache/xerces/impl/dtd/XMLDTDDescription.java,51.0,1.0,30.0,9.0,4.0,20.0,1,0.0032258064516129032,38.66666666666667,138.76295974147283,1,true
src/org/apache/xerces/impl/dtd/XMLDTDValidator.java,2061.0,32.0,537.0,71.0,179.0,300.0,4,0.012903225806451613,830.5239018087855,26868.692678262487,4,false
src/org/apache/xerces/impl/dtd/XMLElementDecl.java,70.0,2.0,0.0,2.0,2.0,2.0,0,0.0,0.0,0.0,0,false
src/org/apache/xerces/impl/dtd/XMLEntityDecl.java,84.0,0.0,0.0,3.0,1.0,3.0,0,0.0,0.0,0.0,0,false
src/org/apache/xerces/impl/dtd/XMLNotationDecl.java,42.0,0.0,0.0,2.0,0.0,2.0,0,0.0,0.0,0.0,0,false
src/org/apache/xerces/impl/dtd/XMLSimpleType.java,144.0,1.0,0.0,3.0,2.0,9.0,1,0.0032258064516129032,367.52777777777777,19085.08592845862,1,false
src/org/apache/xerces/impl/dtd/models/CMAny.java,69.0,2.0,0.0,9.0,6.0,19.0,0,0.0,0.0,0.0,0,false
src/org/apache/xerces/impl/dtd/models/CMBinOp.java,53.0,1.0,0.0,6.0,13.0,22.0,0,0.0,0.0,0.0,0,false
src/org/apache/xerces/impl/dtd/models/CMLeaf.java,63.0,2.0,0.0,9.0,8.0,18.0,0,0.0,0.0,0.0,0,false
src/org/apache/xerces/impl/dtd/models/CMNode.java,40.0,0.0,28.0,9.0,2.0,14.0,0,0.0,0.0,0.0,0,false
src/org/apache/xerces/impl/dtd/models/CMStateSet.java,148.0,0.0,0.0,12.0,5.0,53.0,0,0.0,0.0,0.0,0,false
src/org/apache/xerces/impl/dtd/models/CMUniOp.java,27.0,1.0,0.0,5.0,7.0,12.0,0,0.0,0.0,0.0,0,false
src/org/apache/xerces/impl/dtd/models/ContentModelValidator.java,16.0,1.0,0.0,1.0,0.0,4.0,0,0.0,0.0,0.0,0,false
src/org/apache/xerces/impl/dtd/models/DFAContentModel.java,464.0,2.0,1.0,7.0,50.0,34.0,0,0.0,0.0,0.0,0,true
src/org/apache/xerces/impl/dtd/models/MixedContentModel.java,156.0,2.0,0.0,2.0,0.0,10.0,0,0.0,0.0,0.0,0,false
src/org/apache/xerces/impl/dtd/models/SimpleContentModel.java,189.0,2.0,0.0,2.0,2.0,13.0,0,0.0,0.0,0.0,0,false
src/org/apache/xerces/impl/dv/DTDDVFactory.java,67.0,1.0,8.0,5.0,2.0,16.0,1,0.0032258064516129032,367.52777777777777,19085.08592845862,1,false
src/org/apache/xerces/impl/dv/DVFactoryException.java,12.0,0.0,1.0,2.0,0.0,2.0,0,0.0,0.0,0.0,0,false
src/org/apache/xerces/impl/dv/DatatypeException.java,37.0,0.0,0.0,3.0,0.0,5.0,0,0.0,0.0,0.0,0,false
src/org/apache/xerces/impl/dv/DatatypeValidator.java,14.0,1.0,0.0,1.0,0.0,2.0,1,0.0032258064516129032,367.52777777777777,19085.08592845862,1,false
src/org/apache/xerces/impl/dv/InvalidDatatypeFacetException.java,17.0,0.0,0.0,1.0,0.0,1.0,0,0.0,0.0,0.0,0,false
src/org/apache/xerces/impl/dv/InvalidDatatypeValueException.java,16.0,0.0,0.0,1.0,0.0,1.0,0,0.0,0.0,0.0,0,false
src/org/apache/xerces/impl/dv/SchemaDVFactory.java,108.0,1.0,26.0,8.0,2.0,23.0,1,0.0032258064516129032,367.52777777777777,19085.08592845862,1,false
src/org/apache/xerces/impl/dv/ValidatedInfo.java,30.0,0.0,0.0,0.0,0.0,0.0,0,0.0,0.0,0.0,0,false
src/org/apache/xerces/impl/dv/XSAtomicSimpleType.java,97.0,0.0,1.0,2.0,0.0,5.0,1,0.0032258064516129032,367.52777777777777,19085.08592845862,1,false
src/org/apache/xerces/impl/dv/XSFacets.java,62.0,1.0,0.0,0.0,0.0,0.0,0,0.0,0.0,0.0,0,false
src/org/apache/xerces/impl/dv/XSListSimpleType.java,13.0,0.0,0.0,1.0,0.0,2.0,1,0.0032258064516129032,367.52777777777777,19085.08592845862,1,false
src/org/apache/xerces/impl/dv/XSSimpleType.java,188.0,2.0,66.0,12.0,0.0,30.0,1,0.0032258064516129032,367.52777777777777,19085.08592845862,1,false
src/org/apache/xerces/impl/dv/XSUnionSimpleType.java,13.0,0.0,0.0,1.0,0.0,2.0,1,0.0032258064516129032,367.52777777777777,19085.08592845862,1,false
src/org/apache/xerces/impl/dv/dtd/DTDDVFactoryImpl.java,48.0,3.0,0.0,4.0,6.0,9.0,1,0.0032258064516129032,367.52777777777777,19085.08592845862,1,false
src/org/apache/xerces/impl/dv/dtd/ENTITYDatatypeValidator.java,33.0,2.0,1.0,2.0,1.0,5.0,1,0.0032258064516129032,367.52777777777777,19085.08592845862,1,false
src/org/apache/xerces/impl/dv/dtd/IDDatatypeValidator.java,40.0,3.0,1.0,2.0,3.0,5.0,1,0.0032258064516129032,367.52777777777777,19085.08592845862,1,false
src/org/apache/xerces/impl/dv/dtd/IDREFDatatypeValidator.java,34.0,3.0,1.0,2.0,2.0,5.0,1,0.0032258064516129032,367.52777777777777,19085.08592845862,1,false
src/org/apache/xerces/impl/dv/dtd/ListDatatypeValidator.java,31.0,3.0,0.0,2.0,4.0,6.0,1,0.0032258064516129032,367.52777777777777,19085.08592845862,1,false
src/org/apache/xerces/impl/dv/dtd/NMTOKENDatatypeValidator.java,24.0,3.0,1.0,2.0,1.0,5.0,1,0.0032258064516129032,367.52777777777777,19085.08592845862,1,false
src/org/apache/xerces/impl/dv/dtd/NOTATIONDatatypeValidator.java,23.0,2.0,1.0,2.0,0.0,5.0,1,0.0032258064516129032,367.52777777777777,19085.08592845862,1,false
src/org/apache/xerces/impl/dv/dtd/StringDatatypeValidator.java,29.0,2.0,1.0,2.0,0.0,5.0,1,0.0032258064516129032,367.52777777777777,19085.08592845862,1,false
src/org/apache/xerces/impl/dv/util/Base64.java,238.0,1.0,24.0,8.0,11.0,27.0,1,0.0032258064516129032,367.52777777777777,19085.08592845862,1,false
src/org/apache/xerces/impl/dv/util/HexBin.java,83.0,1.0,4.0,4.0,3.0,15.0,0,0.0,0.0,0.0,0,false
src/org/apache/xerces/impl/dv/xs/AbstractDateTimeDV.java,533.0,1.0,283.0,30.0,52.0,99.0,1,0.0032258064516129032,367.52777777777777,19085.08592845862,1,false
src/org/apache/xerces/impl/dv/xs/AnySimpleDV.java,14.0,2.0,1.0,2.0,0.0,5.0,0,0.0,0.0,0.0,0,false
src/org/apache/xerces/impl/dv/xs/AnyURIDV.java,30.0,3.0,1.0,2.0,1.0,8.0,0,0.0,0.0,0.0,0,false
src/org/apache/xerces/impl/dv/xs/Base64BinaryDV.java,16.0,3.0,1.0,2.0,1.0,6.0,0,0.0,0.0,0.0,0,false
src/org/apache/xerces/impl/dv/xs/BooleanDV.java,19.0,2.0,1.0,2.0,1.0,7.0,0,0.0,0.0,0.0,0,false
src/org/apache/xerces/impl/dv/xs/DateDV.java,38.0,2.0,1.0,2.0,7.0,9.0,1,0.0032258064516129032,367.52777777777777,19085.08592845862,1,false
src/org/apache/xerces/impl/dv/xs/DateTimeDV.java,39.0,2.0,1.0,2.0,8.0,9.0,1,0.0032258064516129032,367.52777777777777,19085.08592845862,1,false
src/org/apache/xerces/impl/dv/xs/DayDV.java,67.0,2.0,3.0,3.0,12.0,12.0,1,0.0032258064516129032,367.52777777777777,19085.08592845862,1,false
src/org/apache/xerces/impl/dv/xs/DecimalDV.java,51.0,3.0,21.0,7.0,12.0,19.0,1,0.0032258064516129032,367.52777777777777,19085.08592845862,1,false
src/org/apache/xerces/impl/dv/xs/DoubleDV.java,52.0,2.0,10.0,5.0,6.0,17.0,0,0.0,0.0,0.0,0,false
src/org/apache/xerces/impl/dv/xs/DurationDV.java,232.0,2.0,15.0,6.0,17.0,27.0,1,0.0032258064516129032,367.52777777777777,19085.08592845862,1,false
src/org/apache/xerces/impl/dv/xs/EntityDV.java,22.0,3.0,3.0,3.0,2.0,9.0,1,0.0032258064516129032,367.52777777777777,19085.08592845862,1,false
src/org/apache/xerces/impl/dv/xs/FloatDV.java,52.0,2.0,10.0,5.0,6.0,17.0,0,0.0,0.0,0.0,0,false
src/org/apache/xerces/impl/dv/xs/HexBinaryDV.java,16.0,3.0,1.0,2.0,1.0,6.0,0,0.0,0.0,0.0,0,false
src/org/apache/xerces/impl/dv/xs/IDDV.java,22.0,3.0,3.0,3.0,3.0,9.0,0,0.0,0.0,0.0,0,false
src/org/apache/xerces/impl/dv/xs/IDREFDV.java,20.0,3.0,3.0,3.0,2.0,8.0,0,0.0,0.0,0.0,0,false
src/org/apache/xerces/impl/dv/xs/ListDV.java,17.0,2.0,3.0,3.0,0.0,7.0,0,0.0,0.0,0.0,0,false
src/org/apache/xerces/impl/dv/xs/MonthDV.java,99.0,2.0,6.0,4.0,12.0,18.0,1,0.0032258064516129032,367.52777777777777,19085.08592845862,1,false
src/org/apache/xerces/impl/dv/xs/MonthDayDV.java,76.0,2.0,3.0,3.0,12.0,14.0,1,0.0032258064516129032,367.52777777777777,19085.08592845862,1,false
src/org/apache/xerces/impl/dv/xs/QNameDV.java,32.0,4.0,3.0,3.0,7.0,10.0,0,0.0,0.0,0.0,0,false
src/org/apache/xerces/impl/dv/xs/SchemaDVFactoryImpl.java,254.0,7.0,9.0,7.0,10.0,16.0,2,0.0064516129032258064,732.6905684754522,26131.441382875553,2,false
src/org/apache/xerces/impl/dv/xs/SchemaDateTimeException.java,11.0,0.0,1.0,2.0,0.0,2.0,0,0.0,0.0,0.0,0,false
src/org/apache/xerces/impl/dv/xs/StringDV.java,14.0,2.0,1.0,2.0,0.0,5.0,0,0.0,0.0,0.0,0,false
src/org/apache/xerces/impl/dv/xs/TimeDV.java,63.0,2.0,3.0,3.0,9.0,11.0,1,0.0032258064516129032,367.52777777777777,19085.08592845862,1,false
src/org/apache/xerces/impl/dv/xs/TypeValidator.java,34.0,2.0,28.0,8.0,2.0,15.0,1,0.0032258064516129032,367.52777777777777,19085.08592845862,1,false
src/org/apache/xerces/impl/dv/xs/UnionDV.java,14.0,2.0,1.0,2.0,0.0,5.0,0,0.0,0.0,0.0,0,false
src/org/apache/xerces/impl/dv/xs/XSSimpleTypeDecl.java,1164.0,18.0,933.0,55.0,72.0,179.0,2,0.0064516129032258064,732.6905684754522,26131.441382875553,2,false
src/org/apache/xerces/impl/dv/xs/YearDV.java,66.0,2.0,3.0,3.0,12.0,13.0,1,0.0032258064516129032,367.52777777777777,19085.08592845862,1,false
src/org/apache/xerces/impl/dv/xs/YearMonthDV.java,44.0,2.0,1.0,2.0,7.0,10.0,1,0.0032258064516129032,367.52777777777777,19085.08592845862,1,false
src/org/apache/xerces/impl/io/ASCIIReader.java,144.0,3.0,0.0,10.0,7.0,33.0,0,0.0,0.0,0.0,0,false
src/org/apache/xerces/impl/io/UCSReader.java,209.0,3.0,0.0,10.0,8.0,37.0,0,0.0,0.0,0.0,0,false
src/org/apache/xerces/impl/io/UTF8Reader.java,496.0,4.0,56.0,13.0,21.0,48.0,0,0.0,0.0,0.0,0,false
src/org/apache/xerces/impl/msg/DatatypeMessages.java,17.0,1.0,0.0,1.0,0.0,2.0,0,0.0,0.0,0.0,0,false
src/org/apache/xerces/impl/msg/ExceptionMessages.java,17.0,1.0,0.0,1.0,0.0,2.0,0,0.0,0.0,0.0,0,false
src/org/apache/xerces/impl/msg/ExceptionMessagesLocalizer.java,34.0,4.0,0.0,1.0,8.0,5.0,0,0.0,0.0,0.0,0,false
src/org/apache/xerces/impl/msg/ImplementationMessages.java,19.0,0.0,0.0,1.0,0.0,2.0,0,0.0,0.0,0.0,0,false
src/org/apache/xerces/impl/msg/XMLMessageFormatter.java,67.0,5.0,0.0,1.0,5.0,6.0,0,0.0,0.0,0.0,0,false
src/org/apache/xerces/impl/validation/EntityState.java,20.0,0.0,1.0,2.0,0.0,6.0,0,0.0,0.0,0.0,0,false
src/org/apache/xerces/impl/validation/ValidationContext.java,17.0,0.0,45.0,10.0,0.0,10.0,0,0.0,0.0,0.0,0,false
src/org/apache/xerces/impl/validation/ValidationManager.java,37.0,3.0,0.0,5.0,5.0,7.0,1,0.0032258064516129032,367.52777777777777,19085.08592845862,1,false
src/org/apache/xerces/impl/validation/ValidationState.java,109.0,4.0,105.0,19.0,14.0,34.0,1,0.0032258064516129032,367.52777777777777,19085.08592845862,1,false
src/org/apache/xerces/impl/validation/XMLGrammarPoolImpl.java,234.0,7.0,23.0,15.0,30.0,51.0,2,0.0064516129032258064,97.83333333333334,737.2512953869335,2,true
src/org/apache/xerces/impl/xpath/XPath.java,1475.0,4.0,7.0,7.0,26.0,31.0,1,0.0032258064516129032,59.166666666666664,598.4883356454607,1,true
src/org/apache/xerces/impl/xpath/XPathException.java,19.0,0.0,1.0,2.0,0.0,3.0,1,0.0032258064516129032,59.166666666666664,598.4883356454607,1,false
src/org/apache/xerces/impl/xpath/regex/BMPattern.java,170.0,1.0,0.0,8.0,16.0,37.0,0,0.0,0.0,0.0,0,false
src/org/apache/xerces/impl/xpath/regex/Match.java,129.0,1.0,6.0,12.0,7.0,30.0,0,0.0,0.0,0.0,0,false
src/org/apache/xerces/impl/xpath/regex/Op.java,211.0,1.0,0.0,23.0,3.0,60.0,0,0.0,0.0,0.0,0,false
src/org/apache/xerces/impl/xpath/regex/ParseException.java,18.0,0.0,0.0,2.0,0.0,5.0,0,0.0,0.0,0.0,0,false
src/org/apache/xerces/impl/xpath/regex/ParserForXMLSchema.java,342.0,2.0,703.0,38.0,76.0,100.0,0,0.0,0.0,0.0,0,false
src/org/apache/xerces/impl/xpath/regex/REUtil.java,262.0,1.0,120.0,16.0,44.0,56.0,0,0.0,0.0,0.0,0,true
src/org/apache/xerces/impl/xpath/regex/RangeToken.java,471.0,0.0,9.0,18.0,39.0,88.0,0,0.0,0.0,0.0,0,true
src/org/apache/xerces/impl/xpath/regex/RegexParser.java,1151.0,4.0,689.0,50.0,231.0,212.0,0,0.0,0.0,0.0,0,true
src/org/apache/xerces/impl/xpath/regex/RegularExpression.java,2504.0,1.0,960.0,52.0,247.0,197.0,0,0.0,0.0,0.0,0,true
src/org/apache/xerces/impl/xpath/regex/Token.java,1059.0,2.0,734.0,48.0,73.0,142.0,0,0.0,0.0,0.0,0,true
src/org/apache/xerces/impl/xs/AttributePSVImpl.java,199.0,5.0,101.0,18.0,11.0,42.0,2,0.0064516129032258064,732.6905684754522,26131.441382875553,2,false
src/org/apache/xerces/impl/xs/ElementPSVImpl.java,243.0,4.0,138.0,21.0,8.0,52.0,2,0.0064516129032258064,732.6905684754522,26131.441382875553,2,false
src/org/apache/xerces/impl/xs/SchemaGrammar.java,298.0,9.0,355.0,31.0,37.0,64.0,1,0.0032258064516129032,367.52777777777777,19085.08592845862,1,false
src/org/apache/xerces/impl/xs/SchemaNamespaceSupport.java,64.0,1.0,10.0,5.0,2.0,13.0,1,0.0032258064516129032,367.52777777777777,19085.08592845862,1,false
src/org/apache/xerces/impl/xs/SchemaSymbols.java,246.0,1.0,0.0,0.0,0.0,0.0,1,0.0032258064516129032,367.52777777777777,19085.08592845862,1,false
src/org/apache/xerces/impl/xs/SubstitutionGroupHandler.java,114.0,3.0,13.0,7.0,15.0,25.0,1,0.0032258064516129032,367.52777777777777,19085.08592845862,1,false
src/org/apache/xerces/impl/xs/XMLSchemaException.java,19.0,0.0,0.0,3.0,0.0,5.0,0,0.0,0.0,0.0,0,false
src/org/apache/xerces/impl/xs/XMLSchemaValidator.java,2567.0,57.0,547.0,51.0,259.0,216.0,5,0.016129032258064516,870.0239018087855,26955.967440471322,5,true
src/org/apache/xerces/impl/xs/XSAttributeDecl.java,32.0,2.0,0.0,4.0,0.0,6.0,2,0.0064516129032258064,732.6905684754522,26131.441382875553,2,false
src/org/apache/xerces/impl/xs/XSAttributeGroupDecl.java,139.0,1.0,0.0,6.0,12.0,24.0,2,0.0064516129032258064,732.6905684754522,26131.441382875553,2,false
src/org/apache/xerces/impl/xs/XSAttributeUse.java,12.0,1.0,0.0,0.0,0.0,0.0,2,0.0064516129032258064,732.6905684754522,26131.441382875553,2,false
src/org/apache/xerces/impl/xs/XSComplexTypeDecl.java,104.0,3.0,84.0,16.0,13.0,36.0,2,0.0064516129032258064,732.6905684754522,26131.441382875553,2,false
src/org/apache/xerces/impl/xs/XSConstraints.java,749.0,11.0,435.0,30.0,104.0,140.0,1,0.0032258064516129032,367.52777777777777,19085.08592845862,1,false
src/org/apache/xerces/impl/xs/XSDDescription.java,190.0,4.0,65.0,18.0,5.0,33.0,2,0.0064516129032258064,406.19444444444446,19223.848888200093,2,true
src/org/apache/xerces/impl/xs/XSDeclarationPool.java,26.0,0.0,10.0,5.0,0.0,10.0,2,0.0064516129032258064,732.6905684754522,26131.441382875553,2,false
src/org/apache/xerces/impl/xs/XSElementDecl.java,99.0,2.0,31.0,14.0,7.0,27.0,2,0.0064516129032258064,732.6905684754522,26131.441382875553,2,false
src/org/apache/xerces/impl/xs/XSGrammarBucket.java,62.0,2.0,0.0,5.0,9.0,16.0,1,0.0032258064516129032,367.52777777777777,19085.08592845862,1,false
src/org/apache/xerces/impl/xs/XSGroupDecl.java,11.0,0.0,0.0,0.0,0.0,0.0,1,0.0032258064516129032,367.52777777777777,19085.08592845862,1,false
src/org/apache/xerces/impl/xs/XSMessageFormatter.java,50.0,5.0,0.0,1.0,3.0,6.0,0,0.0,0.0,0.0,0,false
src/org/apache/xerces/impl/xs/XSNotationDecl.java,12.0,0.0,0.0,0.0,0.0,0.0,1,0.0032258064516129032,367.52777777777777,19085.08592845862,1,false
src/org/apache/xerces/impl/xs/XSParticleDecl.java,176.0,0.0,0.0,11.0,16.0,42.0,2,0.0064516129032258064,732.6905684754522,26131.441382875553,2,false
src/org/apache/xerces/impl/xs/XSTypeDecl.java,25.0,0.0,28.0,8.0,0.0,10.0,1,0.0032258064516129032,367.52777777777777,19085.08592845862,1,false
src/org/apache/xerces/impl/xs/XSWildcardDecl.java,262.0,2.0,15.0,10.0,17.0,48.0,1,0.0032258064516129032,367.52777777777777,19085.08592845862,1,false
src/org/apache/xerces/impl/xs/dom/DOMParser.java,53.0,8.0,1.0,3.0,5.0,8.0,2,0.0064516129032258064,732.6905684754522,26131.441382875553,2,false
src/org/apache/xerces/impl/xs/dom/DocumentImpl.java,20.0,2.0,1.0,2.0,0.0,6.0,2,0.0064516129032258064,732.6905684754522,26131.441382875553,2,false
src/org/apache/xerces/impl/xs/dom/ElementNSImpl.java,29.0,2.0,0.0,3.0,0.0,8.0,2,0.0064516129032258064,732.6905684754522,26131.441382875553,2,false
src/org/apache/xerces/impl/xs/identity/Field.java,94.0,5.0,5.0,7.0,1.0,12.0,0,0.0,0.0,0.0,0,false
src/org/apache/xerces/impl/xs/identity/FieldActivator.java,29.0,1.0,3.0,3.0,0.0,10.0,0,0.0,0.0,0.0,0,false
src/org/apache/xerces/impl/xs/identity/IDValue.java,62.0,2.0,0.0,4.0,5.0,10.0,0,0.0,0.0,0.0,0,false
src/org/apache/xerces/impl/xs/identity/IdentityConstraint.java,127.0,0.0,42.0,12.0,6.0,27.0,1,0.0032258064516129032,367.52777777777777,19085.08592845862,1,false
src/org/apache/xerces/impl/xs/identity/KeyRef.java,25.0,0.0,0.0,2.0,0.0,4.0,1,0.0032258064516129032,367.52777777777777,19085.08592845862,1,false
src/org/apache/xerces/impl/xs/identity/Selector.java,125.0,10.0,0.0,5.0,1.0,9.0,1,0.0032258064516129032,59.166666666666664,598.4883356454607,1,false
src/org/apache/xerces/impl/xs/identity/UniqueOrKey.java,20.0,0.0,0.0,1.0,0.0,1.0,1,0.0032258064516129032,367.52777777777777,19085.08592845862,1,false
src/org/apache/xerces/impl/xs/identity/ValueStore.java,27.0,1.0,1.0,2.0,0.0,3.0,0,0.0,0.0,0.0,0,false
src/org/apache/xerces/impl/xs/identity/XPathMatcher.java,444.0,17.0,27.0,15.0,42.0,54.0,1,0.0032258064516129032,367.52777777777777,19085.08592845862,1,false
src/org/apache/xerces/impl/xs/models/CMBuilder.java,234.0,8.0,26.0,8.0,10.0,37.0,2,0.0064516129032258064,732.6905684754522,26131.441382875553,2,false
src/org/apache/xerces/impl/xs/models/XSAllCM.java,115.0,5.0,0.0,6.0,4.0,21.0,1,0.0032258064516129032,367.52777777777777,19085.08592845862,1,false
src/org/apache/xerces/impl/xs/models/XSCMBinOp.java,54.0,3.0,0.0,6.0,13.0,22.0,1,0.0032258064516129032,367.52777777777777,19085.08592845862,1,false
src/org/apache/xerces/impl/xs/models/XSCMLeaf.java,58.0,5.0,0.0,9.0,6.0,18.0,1,0.0032258064516129032,367.52777777777777,19085.08592845862,1,false
src/org/apache/xerces/impl/xs/models/XSCMUniOp.java,28.0,3.0,0.0,5.0,7.0,12.0,0,0.0,0.0,0.0,0,false
src/org/apache/xerces/impl/xs/models/XSCMValidator.java,36.0,3.0,6.0,4.0,0.0,11.0,0,0.0,0.0,0.0,0,false
src/org/apache/xerces/impl/xs/models/XSDFACM.java,484.0,10.0,46.0,13.0,55.0,53.0,1,0.0032258064516129032,367.52777777777777,19085.08592845862,1,true
src/org/apache/xerces/impl/xs/models/XSEmptyCM.java,53.0,3.0,6.0,4.0,0.0,12.0,0,0.0,0.0,0.0,0,false
src/org/apache/xerces/impl/xs/models/XSSimpleCM.java,168.0,6.0,0.0,6.0,3.0,21.0,1,0.0032258064516129032,367.52777777777777,19085.08592845862,1,false
src/org/apache/xerces/impl/xs/traversers/XSAttributeChecker.java,956.0,20.0,23.0,11.0,64.0,48.0,1,0.0032258064516129032,367.52777777777777,19085.08592845862,1,false
src/org/apache/xerces/impl/xs/traversers/XSDAbstractIDConstraintTraverser.java,97.0,5.0,1.0,2.0,12.0,7.0,2,0.0064516129032258064,426.69444444444446,19683.574264104078,2,false
src/org/apache/xerces/impl/xs/traversers/XSDAbstractParticleTraverser.java,207.0,6.0,15.0,6.0,32.0,18.0,2,0.0064516129032258064,732.6905684754522,26131.441382875553,2,false
src/org/apache/xerces/impl/xs/traversers/XSDAbstractTraverser.java,370.0,25.0,20.0,9.0,58.0,35.0,2,0.0064516129032258064,732.6905684754522,26131.441382875553,2,false
src/org/apache/xerces/impl/xs/traversers/XSDAttributeGroupTraverser.java,78.0,6.0,3.0,3.0,22.0,7.0,1,0.0032258064516129032,367.52777777777777,19085.08592845862,1,false
src/org/apache/xerces/impl/xs/traversers/XSDAttributeTraverser.java,225.0,17.0,15.0,6.0,41.0,21.0,2,0.0064516129032258064,732.6905684754522,26131.441382875553,2,false
src/org/apache/xerces/impl/xs/traversers/XSDComplexTypeTraverser.java,478.0,19.0,89.0,14.0,89.0,52.0,2,0.0064516129032258064,732.6905684754522,26131.441382875553,2,false
src/org/apache/xerces/impl/xs/traversers/XSDElementTraverser.java,251.0,16.0,13.0,6.0,51.0,22.0,2,0.0064516129032258064,732.6905684754522,26131.441382875553,2,false
src/org/apache/xerces/impl/xs/traversers/XSDGroupTraverser.java,107.0,9.0,3.0,3.0,21.0,11.0,2,0.0064516129032258064,732.6905684754522,26131.441382875553,2,false
src/org/apache/xerces/impl/xs/traversers/XSDHandler.java,1069.0,46.0,214.0,29.0,212.0,106.0,3,0.00967741935483871,771.3572351421188,26270.204342617028,3,true
src/org/apache/xerces/impl/xs/traversers/XSDKeyrefTraverser.java,48.0,8.0,1.0,2.0,9.0,5.0,1,0.0032258064516129032,367.52777777777777,19085.08592845862,1,false
src/org/apache/xerces/impl/xs/traversers/XSDNotationTraverser.java,52.0,6.0,1.0,2.0,9.0,4.0,1,0.0032258064516129032,367.52777777777777,19085.08592845862,1,false
src/org/apache/xerces/impl/xs/traversers/XSDSimpleTypeTraverser.java,256.0,20.0,19.0,7.0,43.0,26.0,2,0.0064516129032258064,732.6905684754522,26131.441382875553,2,false
src/org/apache/xerces/impl/xs/traversers/XSDUniqueOrKeyTraverser.java,30.0,7.0,1.0,2.0,7.0,5.0,1,0.0032258064516129032,367.52777777777777,19085.08592845862,1,false
src/org/apache/xerces/impl/xs/traversers/XSDWildcardTraverser.java,97.0,9.0,6.0,4.0,14.0,9.0,2,0.0064516129032258064,732.6905684754522,26131.441382875553,2,false
src/org/apache/xerces/impl/xs/traversers/XSDocumentInfo.java,58.0,12.0,5.0,6.0,17.0,11.0,1,0.0032258064516129032,367.52777777777777,19085.08592845862,1,false
src/org/apache/xerces/impl/xs/util/SimpleLocator.java,41.0,1.0,26.0,9.0,0.0,15.0,1,0.0032258064516129032,367.52777777777777,19085.08592845862,1,false
src/org/apache/xerces/impl/xs/util/XInt.java,22.0,0.0,0.0,5.0,1.0,9.0,0,0.0,0.0,0.0,0,false
src/org/apache/xerces/impl/xs/util/XIntPool.java,15.0,0.0,0.0,1.0,0.0,5.0,0,0.0,0.0,0.0,0,false
src/org/apache/xerces/jaxp/DefaultValidationErrorHandler.java,22.0,3.0,0.0,1.0,4.0,5.0,0,0.0,0.0,0.0,0,false
src/org/apache/xerces/jaxp/DocumentBuilderFactoryImpl.java,72.0,6.0,0.0,3.0,9.0,14.0,0,0.0,0.0,0.0,0,false
src/org/apache/xerces/jaxp/DocumentBuilderImpl.java,99.0,21.0,11.0,10.0,26.0,29.0,0,0.0,0.0,0.0,0,false
src/org/apache/xerces/jaxp/JAXPConstants.java,13.0,0.0,0.0,0.0,0.0,0.0,0,0.0,0.0,0.0,0,false
src/org/apache/xerces/jaxp/SAXParserFactoryImpl.java,70.0,8.0,0.0,4.0,8.0,17.0,0,0.0,0.0,0.0,0,false
src/org/apache/xerces/jaxp/SAXParserImpl.java,97.0,14.0,0.0,8.0,20.0,30.0,0,0.0,0.0,0.0,0,false
src/org/apache/xerces/parsers/AbstractDOMParser.java,1247.0,35.0,0.0,34.0,221.0,176.0,6,0.01935483870967742,933.7728195577032,27177.95946922313,6,false
src/org/apache/xerces/parsers/AbstractSAXParser.java,1260.0,41.0,874.0,48.0,124.0,213.0,3,0.00967741935483871,789.9632957481795,26304.777082625653,3,false
src/org/apache/xerces/parsers/AbstractXMLDocumentParser.java,541.0,14.0,1075.0,47.0,5.0,157.0,1,0.0032258064516129032,365.16279069767444,7046.355454416934,1,false
src/org/apache/xerces/parsers/BasicParserConfiguration.java,353.0,22.0,170.0,21.0,28.0,54.0,0,0.0,0.0,0.0,0,false
src/org/apache/xerces/parsers/CachingParserPool.java,293.0,6.0,0.0,7.0,0.0,12.0,1,0.0032258064516129032,38.66666666666667,138.76295974147283,1,false
src/org/apache/xerces/parsers/DOMASBuilderImpl.java,183.0,25.0,66.0,13.0,32.0,38.0,4,0.012903225806451613,504.86111111111114,19909.611986054388,4,false
src/org/apache/xerces/parsers/DOMBuilderImpl.java,472.0,25.0,145.0,18.0,35.0,72.0,2,0.0064516129032258064,424.3294573643411,7644.843790062394,2,false
src/org/apache/xerces/parsers/DOMParser.java,321.0,25.0,91.0,14.0,56.0,54.0,2,0.0064516129032258064,116.43939393939394,771.8240353955595,2,true
src/org/apache/xerces/parsers/DTDConfiguration.java,512.0,23.0,196.0,21.0,42.0,61.0,1,0.0032258064516129032,59.166666666666664,598.4883356454607,1,false
src/org/apache/xerces/parsers/DTDParser.java,316.0,8.0,406.0,29.0,0.0,72.0,1,0.0032258064516129032,365.16279069767444,7046.355454416934,1,false
src/org/apache/xerces/parsers/SAXParser.java,46.0,5.0,0.0,4.0,9.0,7.0,2,0.0064516129032258064,116.43939393939394,771.8240353955595,2,false
src/org/apache/xerces/parsers/StandardParserConfiguration.java,176.0,11.0,19.0,7.0,16.0,19.0,3,0.00967741935483871,465.36111111111114,19822.337223845552,3,false
src/org/apache/xerces/parsers/XMLDocumentParser.java,39.0,5.0,6.0,4.0,5.0,7.0,1,0.0032258064516129032,59.166666666666664,598.4883356454607,1,false
src/org/apache/xerces/parsers/XMLGrammarCachingConfiguration.java,208.0,23.0,64.0,12.0,23.0,38.0,4,0.012903225806451613,504.86111111111114,19909.611986054388,4,false
src/org/apache/xerces/parsers/XMLGrammarParser.java,17.0,7.0,0.0,1.0,2.0,2.0,2,0.0064516129032258064,426.69444444444446,19683.574264104078,2,false
src/org/apache/xerces/parsers/XMLParser.java,54.0,9.0,1.0,3.0,3.0,6.0,1,0.0032258064516129032,57.272727272727266,173.3356997500988,1,false
src/org/apache/xerces/util/AugmentationsImpl.java,50.0,3.0,0.0,5.0,5.0,14.0,0,0.0,0.0,0.0,0,false
src/org/apache/xerces/util/DOMEntityResolverWrapper.java,67.0,9.0,4.0,5.0,13.0,11.0,0,0.0,0.0,0.0,0,false
src/org/apache/xerces/util/DOMErrorHandlerWrapper.java,133.0,8.0,2.0,9.0,18.0,20.0,0,0.0,0.0,0.0,0,false
src/org/apache/xerces/util/DOMUtil.java,503.0,9.0,741.0,39.0,145.0,149.0,0,0.0,0.0,0.0,0,false
src/org/apache/xerces/util/DefaultErrorHandler.java,66.0,4.0,13.0,6.0,12.0,11.0,0,0.0,0.0,0.0,0,false
src/org/apache/xerces/util/EncodingMap.java,724.0,1.0,9.0,7.0,6.0,15.0,1,0.0032258064516129032,59.166666666666664,598.4883356454607,1,false
src/org/apache/xerces/util/EntityResolverWrapper.java,71.0,10.0,4.0,5.0,13.0,12.0,1,0.0032258064516129032,367.52777777777777,19085.08592845862,1,false
src/org/apache/xerces/util/ErrorHandlerWrapper.java,166.0,10.0,100.0,16.0,27.0,38.0,0,0.0,0.0,0.0,0,true
src/org/apache/xerces/util/IntStack.java,86.0,0.0,0.0,7.0,4.0,15.0,0,0.0,0.0,0.0,0,false
src/org/apache/xerces/util/MessageFormatter.java,23.0,2.0,0.0,1.0,0.0,5.0,0,0.0,0.0,0.0,0,false
src/org/apache/xerces/util/NamespaceSupport.java,291.0,1.0,0.0,11.0,9.0,34.0,1,0.0032258064516129032,367.52777777777777,19085.08592845862,1,false
src/org/apache/xerces/util/ObjectFactory.java,196.0,9.0,8.0,5.0,22.0,26.0,0,0.0,0.0,0.0,0,false
src/org/apache/xerces/util/ParserConfigurationSettings.java,173.0,4.0,19.0,10.0,17.0,33.0,0,0.0,0.0,0.0,0,false
src/org/apache/xerces/util/SymbolHash.java,148.0,1.0,0.0,9.0,14.0,25.0,1,0.0032258064516129032,367.52777777777777,19085.08592845862,1,false
src/org/apache/xerces/util/SymbolTable.java,211.0,0.0,8.0,8.0,10.0,27.0,0,0.0,0.0,0.0,0,false
src/org/apache/xerces/util/SynchronizedSymbolTable.java,72.0,0.0,0.0,7.0,4.0,17.0,0,0.0,0.0,0.0,0,false
src/org/apache/xerces/util/URI.java,1045.0,2.0,584.0,41.0,120.0,183.0,1,0.0032258064516129032,367.52777777777777,19085.08592845862,1,false
src/org/apache/xerces/util/XMLAttributesImpl.java,484.0,6.0,0.0,30.0,21.0,95.0,1,0.0032258064516129032,57.272727272727266,173.3356997500988,1,false
src/org/apache/xerces/util/XMLChar.java,365.0,0.0,154.0,21.0,16.0,77.0,0,0.0,0.0,0.0,0,false
src/org/apache/xerces/util/XMLResourceIdentifierImpl.java,147.0,1.0,7.0,14.0,4.0,33.0,0,0.0,0.0,0.0,0,false
src/org/apache/xerces/util/XMLStringBuffer.java,119.0,1.0,49.0,11.0,11.0,15.0,0,0.0,0.0,0.0,0,false
src/org/apache/xerces/xni/Augmentations.java,46.0,1.0,10.0,5.0,0.0,13.0,0,0.0,0.0,0.0,0,false
src/org/apache/xerces/xni/NamespaceContext.java,47.0,0.0,6.0,4.0,0.0,12.0,1,0.0032258064516129032,367.52777777777777,19085.08592845862,1,false
src/org/apache/xerces/xni/QName.java,145.0,0.0,3.0,10.0,6.0,23.0,0,0.0,0.0,0.0,0,false
src/org/apache/xerces/xni/XMLAttributes.java,276.0,0.0,351.0,27.0,0.0,76.0,0,0.0,0.0,0.0,0,false
src/org/apache/xerces/xni/XMLDTDContentModelHandler.java,178.0,0.0,45.0,10.0,0.0,32.0,0,0.0,0.0,0.0,0,false
src/org/apache/xerces/xni/XMLDTDHandler.java,239.0,0.0,190.0,20.0,0.0,69.0,1,0.0032258064516129032,365.16279069767444,7046.355454416934,1,false
src/org/apache/xerces/xni/XMLDocumentFragmentHandler.java,190.0,0.0,120.0,16.0,0.0,54.0,0,0.0,0.0,0.0,0,false
src/org/apache/xerces/xni/XMLDocumentHandler.java,192.0,0.0,153.0,18.0,0.0,62.0,0,0.0,0.0,0.0,0,false
src/org/apache/xerces/xni/XMLLocator.java,17.0,0.0,1.0,2.0,0.0,2.0,0,0.0,0.0,0.0,0,false
src/org/apache/xerces/xni/XMLResourceIdentifier.java,19.0,0.0,6.0,4.0,0.0,7.0,0,0.0,0.0,0.0,0,false
src/org/apache/xerces/xni/XMLString.java,139.0,0.0,0.0,9.0,5.0,18.0,0,0.0,0.0,0.0,0,false
src/org/apache/xerces/xni/XNIException.java,48.0,0.0,0.0,4.0,1.0,5.0,0,0.0,0.0,0.0,0,false
src/org/apache/xerces/xni/grammars/Grammar.java,25.0,0.0,0.0,1.0,0.0,1.0,0,0.0,0.0,0.0,0,false
src/org/apache/xerces/xni/grammars/XMLGrammarDescription.java,5.0,1.0,0.0,1.0,0.0,1.0,0,0.0,0.0,0.0,0,false
src/org/apache/xerces/xni/grammars/XMLGrammarPool.java,5.0,0.0,3.0,3.0,0.0,3.0,0,0.0,0.0,0.0,0,false
src/org/apache/xerces/xni/parser/XMLComponent.java,61.0,0.0,10.0,5.0,0.0,16.0,0,0.0,0.0,0.0,0,false
src/org/apache/xerces/xni/parser/XMLComponentManager.java,26.0,0.0,1.0,2.0,0.0,6.0,0,0.0,0.0,0.0,0,false
src/org/apache/xerces/xni/parser/XMLConfigurationException.java,66.0,1.0,0.0,4.0,0.0,9.0,0,0.0,0.0,0.0,0,false
src/org/apache/xerces/xni/parser/XMLDTDContentModelFilter.java,8.0,1.0,0.0,0.0,0.0,0.0,0,0.0,0.0,0.0,0,false
src/org/apache/xerces/xni/parser/XMLDTDContentModelSource.java,17.0,1.0,0.0,1.0,0.0,1.0,0,0.0,0.0,0.0,0,false
src/org/apache/xerces/xni/parser/XMLDTDFilter.java,8.0,1.0,0.0,0.0,0.0,0.0,0,0.0,0.0,0.0,0,false
src/org/apache/xerces/xni/parser/XMLDTDScanner.java,54.0,2.0,3.0,3.0,0.0,11.0,0,0.0,0.0,0.0,0,false
src/org/apache/xerces/xni/parser/XMLDTDSource.java,17.0,1.0,0.0,1.0,0.0,1.0,0,0.0,0.0,0.0,0,false
src/org/apache/xerces/xni/parser/XMLDocumentFilter.java,8.0,1.0,0.0,0.0,0.0,0.0,0,0.0,0.0,0.0,0,false
src/org/apache/xerces/xni/parser/XMLDocumentScanner.java,35.0,2.0,1.0,2.0,0.0,6.0,0,0.0,0.0,0.0,0,false
src/org/apache/xerces/xni/parser/XMLDocumentSource.java,17.0,1.0,0.0,1.0,0.0,1.0,0,0.0,0.0,0.0,0,false
src/org/apache/xerces/xni/parser/XMLEntityResolver.java,23.0,3.0,0.0,1.0,0.0,4.0,0,0.0,0.0,0.0,0,false
src/org/apache/xerces/xni/parser/XMLErrorHandler.java,63.0,1.0,3.0,3.0,0.0,10.0,0,0.0,0.0,0.0,0,false
src/org/apache/xerces/xni/parser/XMLInputSource.java,198.0,3.0,32.0,16.0,3.0,36.0,0,0.0,0.0,0.0,0,false
src/org/apache/xerces/xni/parser/XMLParseException.java,136.0,2.0,0.0,9.0,16.0,22.0,0,0.0,0.0,0.0,0,false
src/org/apache/xerces/xni/parser/XMLParserConfiguration.java,177.0,6.0,171.0,19.0,0.0,37.0,0,0.0,0.0,0.0,0,false
src/org/apache/xerces/xni/parser/XMLPullParserConfiguration.java,51.0,2.0,3.0,3.0,0.0,10.0,0,0.0,0.0,0.0,0,false
src/org/apache/xerces/xni/psvi/AttributePSVI.java,2.0,0.0,0.0,0.0,0.0,0.0,0,0.0,0.0,0.0,0,false
src/org/apache/xerces/xni/psvi/ElementPSVI.java,28.0,0.0,6.0,4.0,0.0,12.0,0,0.0,0.0,0.0,0,false
src/org/apache/xerces/xni/psvi/ItemPSVI.java,132.0,1.0,91.0,14.0,0.0,35.0,0,0.0,0.0,0.0,0,false
src/org/apache/xml/serialize/BaseMarkupSerializer.java,1031.0,22.0,906.0,57.0,176.0,222.0,0,0.0,0.0,0.0,0,true
src/org/apache/xml/serialize/DOMSerializer.java,32.0,4.0,3.0,3.0,0.0,12.0,0,0.0,0.0,0.0,0,false
src/org/apache/xml/serialize/ElementState.java,55.0,1.0,0.0,0.0,0.0,0.0,0,0.0,0.0,0.0,0,false
src/org/apache/xml/serialize/EncodingInfo.java,47.0,4.0,0.0,5.0,0.0,12.0,0,0.0,0.0,0.0,0,false
src/org/apache/xml/serialize/Encodings.java,29.0,4.0,0.0,1.0,1.0,4.0,0,0.0,0.0,0.0,0,false
src/org/apache/xml/serialize/HTMLSerializer.java,510.0,14.0,106.0,17.0,104.0,68.0,0,0.0,0.0,0.0,0,false
src/org/apache/xml/serialize/HTMLdtd.java,378.0,4.0,106.0,16.0,34.0,57.0,0,0.0,0.0,0.0,0,false
src/org/apache/xml/serialize/IndentPrinter.java,210.0,3.0,0.0,17.0,32.0,47.0,0,0.0,0.0,0.0,0,false
src/org/apache/xml/serialize/LineSeparator.java,23.0,0.0,0.0,0.0,0.0,0.0,0,0.0,0.0,0.0,0,false
src/org/apache/xml/serialize/Method.java,27.0,0.0,0.0,0.0,0.0,0.0,0,0.0,0.0,0.0,0,false
src/org/apache/xml/serialize/OutputFormat.java,647.0,5.0,1062.0,48.0,32.0,149.0,0,0.0,0.0,0.0,0,false
src/org/apache/xml/serialize/Printer.java,220.0,3.0,25.0,18.0,17.0,57.0,0,0.0,0.0,0.0,0,true
src/org/apache/xml/serialize/Serializer.java,64.0,8.0,15.0,6.0,0.0,19.0,0,0.0,0.0,0.0,0,false
src/org/apache/xml/serialize/SerializerFactory.java,81.0,5.0,13.0,6.0,3.0,12.0,0,0.0,0.0,0.0,0,false
src/org/apache/xml/serialize/SerializerFactoryImpl.java,52.0,3.0,9.0,6.0,8.0,22.0,0,0.0,0.0,0.0,0,false
src/org/apache/xml/serialize/SieveEncodingInfo.java,75.0,4.0,1.0,3.0,6.0,8.0,0,0.0,0.0,0.0,0,false
src/org/apache/xml/serialize/TextSerializer.java,193.0,10.0,136.0,17.0,36.0,46.0,0,0.0,0.0,0.0,0,false
src/org/apache/xml/serialize/XHTMLSerializer.java,48.0,3.0,10.0,5.0,2.0,11.0,0,0.0,0.0,0.0,0,false
src/org/apache/xml/serialize/XMLSerializer.java,943.0,21.0,431.0,31.0,163.0,134.0,1,0.0032258064516129032,365.16279069767444,7046.355454416934,1,true
src/org/w3c/dom/Node.java,429.0,0.0,300.0,25.0,0.0,65.0,2,0.0064516129032258064,404.66279069767444,7133.630216625769,2,false
tests/dom/events/EventReporter.java,32.0,2.0,0.0,3.0,15.0,6.0,0,0.0,0.0,0.0,0,false
tests/dom/events/Test.java,76.0,2.0,13.0,6.0,32.0,13.0,0,0.0,0.0,0.0,0,false
tests/dom/mem/Test.java,708.0,8.0,1.0,2.0,77.0,9.0,0,0.0,0.0,0.0,0,false
tests/dom/serialize/TestNS.java,239.0,4.0,1.0,2.0,34.0,9.0,1,0.0032258064516129032,365.16279069767444,7046.355454416934,1,true
tests/dom/serialize/TestSerializeDOMOut.java,62.0,10.0,3.0,3.0,15.0,8.0,0,0.0,0.0,0.0,0,false
tests/jaxp/InputData.java,20.0,2.0,0.0,2.0,2.0,6.0,1,0.0032258064516129032,0.0,10.65144471236383,1,false
tests/jaxp/JAXP12Tests.java,188.0,8.0,15.0,11.0,57.0,30.0,1,0.0032258064516129032,0.0,10.65144471236383,1,false
tests/jaxp/JAXPConstants.java,15.0,0.0,0.0,0.0,0.0,0.0,1,0.0032258064516129032,0.0,10.65144471236383,1,false
