name,LOC,CBO,LCOM,NOM,RFC,WMC,numOfChanges,bccm,structuralWorkloadSum,semanticWorkloadSum,numberOfDeveloper,isBuggy
samples/dom/ASBuilder.java,174.0,11.0,1.0,3.0,28.0,13.0,2,0.004166666666666667,1547.8039632929908,144161.1679713694,2,false
samples/dom/DOM3.java,70.0,8.0,3.0,3.0,18.0,7.0,1,0.0020833333333333333,575.2602739726027,22051.78092883341,1,false
samples/dom/DOMAddLines.java,200.0,19.0,22.0,8.0,38.0,29.0,0,0.0,0.0,0.0,0,false
samples/simpletype/SimpleTypeUsage.java,218.0,10.0,51.0,11.0,35.0,29.0,1,0.0020833333333333333,575.2602739726027,22051.78092883341,1,false
samples/xni/Counter.java,488.0,14.0,61.0,14.0,49.0,36.0,1,0.0020833333333333333,972.5436893203882,122109.387042536,1,false
samples/xni/DocumentTracer.java,1344.0,23.0,0.0,61.0,336.0,185.0,2,0.004166666666666667,1547.8039632929908,144161.1679713694,2,false
samples/xni/PSVIWriter.java,899.0,34.0,359.0,39.0,180.0,141.0,1,0.0020833333333333333,575.2602739726027,22051.78092883341,1,false
samples/xni/PassThroughFilter.java,259.0,10.0,0.0,19.0,16.0,56.0,1,0.0020833333333333333,575.2602739726027,22051.78092883341,1,false
samples/xni/Writer.java,527.0,19.0,134.0,25.0,71.0,68.0,1,0.0020833333333333333,972.5436893203882,122109.387042536,1,false
samples/xni/XMLGrammarBuilder.java,216.0,11.0,1.0,3.0,18.0,12.0,1,0.0020833333333333333,972.5436893203882,122109.387042536,1,false
samples/xni/parser/CSVConfiguration.java,166.0,17.0,10.0,5.0,27.0,12.0,0,0.0,0.0,0.0,0,false
samples/xni/parser/PSVIConfiguration.java,75.0,6.0,13.0,6.0,4.0,12.0,0,0.0,0.0,0.0,0,false
src/dom3/org/w3c/dom/Attr.java,141.0,0.0,21.0,7.0,0.0,13.0,1,0.0020833333333333333,575.2602739726027,22051.78092883341,1,false
src/dom3/org/w3c/dom/DOMConfiguration.java,355.0,0.0,3.0,3.0,0.0,10.0,1,0.0020833333333333333,575.2602739726027,22051.78092883341,1,false
src/dom3/org/w3c/dom/Document.java,655.0,0.0,528.0,33.0,0.0,109.0,1,0.0020833333333333333,575.2602739726027,22051.78092883341,1,false
src/dom3/org/w3c/dom/Element.java,333.0,0.0,190.0,20.0,0.0,71.0,1,0.0020833333333333333,575.2602739726027,22051.78092883341,1,false
src/dom3/org/w3c/dom/TypeInfo.java,66.0,0.0,1.0,2.0,0.0,6.0,1,0.0020833333333333333,575.2602739726027,22051.78092883341,1,false
src/javax/xml/parsers/ConvertToURI.java,279.0,1.0,120.0,16.0,31.0,67.0,1,0.0020833333333333333,972.5436893203882,122109.387042536,1,false
src/javax/xml/parsers/DocumentBuilder.java,155.0,9.0,66.0,12.0,8.0,35.0,1,0.0020833333333333333,972.5436893203882,122109.387042536,1,false
src/javax/xml/parsers/FactoryFinder.java,185.0,8.0,6.0,4.0,26.0,23.0,1,0.0020833333333333333,972.5436893203882,122109.387042536,1,false
src/javax/xml/parsers/FilePathToURI.java,81.0,0.0,0.0,1.0,8.0,8.0,1,0.0020833333333333333,972.5436893203882,122109.387042536,1,false
src/javax/xml/parsers/SAXParser.java,287.0,11.0,134.0,17.0,28.0,63.0,1,0.0020833333333333333,972.5436893203882,122109.387042536,1,false
src/org/apache/html/dom/HTMLBuilder.java,109.0,7.0,0.0,10.0,19.0,34.0,1,0.0020833333333333333,575.2602739726027,22051.78092883341,1,false
src/org/apache/html/dom/HTMLDocumentImpl.java,445.0,10.0,510.0,33.0,68.0,109.0,1,0.0020833333333333333,972.5436893203882,122109.387042536,1,false
src/org/apache/xerces/dom/AttrImpl.java,825.0,10.0,736.0,45.0,148.0,153.0,2,0.004166666666666667,646.7269406392694,22944.836862778073,2,false
src/org/apache/xerces/dom/AttrNSImpl.java,213.0,3.0,28.0,13.0,36.0,39.0,1,0.0020833333333333333,575.2602739726027,22051.78092883341,1,false
src/org/apache/xerces/dom/CoreDOMImplementationImpl.java,189.0,14.0,53.0,11.0,21.0,43.0,2,0.004166666666666667,646.7269406392694,22944.836862778073,2,false
src/org/apache/xerces/dom/CoreDocumentImpl.java,1695.0,29.0,5346.0,108.0,182.0,341.0,1,0.0020833333333333333,575.2602739726027,22051.78092883341,1,false
src/org/apache/xerces/dom/DOMConfigurationImpl.java,585.0,31.0,264.0,25.0,44.0,74.0,1,0.0020833333333333333,575.2602739726027,22051.78092883341,1,false
src/org/apache/xerces/dom/DOMImplementationImpl.java,66.0,5.0,3.0,3.0,7.0,14.0,1,0.0020833333333333333,71.46666666666665,893.055933944662,1,false
src/org/apache/xerces/dom/DOMNormalizer.java,962.0,30.0,321.0,27.0,127.0,105.0,3,0.00625,854.4769406392693,29180.436497685612,3,false
src/org/apache/xerces/dom/DeferredAttrImpl.java,85.0,0.0,0.0,4.0,12.0,7.0,1,0.0020833333333333333,575.2602739726027,22051.78092883341,1,false
src/org/apache/xerces/dom/DeferredAttrNSImpl.java,65.0,0.0,0.0,4.0,15.0,8.0,1,0.0020833333333333333,575.2602739726027,22051.78092883341,1,true
src/org/apache/xerces/dom/DeferredDocumentImpl.java,1699.0,3.0,1191.0,79.0,190.0,231.0,1,0.0020833333333333333,575.2602739726027,22051.78092883341,1,true
src/org/apache/xerces/dom/DeferredElementNSImpl.java,71.0,2.0,0.0,4.0,15.0,9.0,1,0.0020833333333333333,575.2602739726027,22051.78092883341,1,true
src/org/apache/xerces/dom/DeferredNode.java,11.0,1.0,0.0,1.0,0.0,1.0,1,0.0020833333333333333,575.2602739726027,22051.78092883341,1,false
src/org/apache/xerces/dom/ElementImpl.java,804.0,9.0,265.0,42.0,158.0,147.0,1,0.0020833333333333333,575.2602739726027,22051.78092883341,1,false
src/org/apache/xerces/dom/ElementNSImpl.java,233.0,5.0,49.0,15.0,44.0,47.0,1,0.0020833333333333333,575.2602739726027,22051.78092883341,1,false
src/org/apache/xerces/dom/NamedNodeMapImpl.java,416.0,5.0,32.0,28.0,78.0,89.0,3,0.00625,669.393607305936,22956.703735351562,3,false
src/org/apache/xerces/dom/NodeImpl.java,1263.0,13.0,2708.0,80.0,117.0,227.0,3,0.00625,669.393607305936,22956.703735351562,3,false
src/org/apache/xerces/dom/NodeIteratorImpl.java,242.0,4.0,6.0,13.0,23.0,51.0,0,0.0,0.0,0.0,0,false
src/org/apache/xerces/dom/PSVIDOMImplementationImpl.java,64.0,5.0,3.0,3.0,4.0,12.0,1,0.0020833333333333333,71.46666666666665,893.055933944662,1,false
src/org/apache/xerces/dom/PSVIDocumentImpl.java,54.0,2.0,21.0,7.0,0.0,24.0,1,0.0020833333333333333,575.2602739726027,22051.78092883341,1,false
src/org/apache/xerces/dom/ParentNode.java,705.0,8.0,418.0,36.0,106.0,130.0,2,0.004166666666666667,646.7269406392694,22944.836862778073,2,false
src/org/apache/xerces/dom/TextImpl.java,243.0,4.0,105.0,15.0,49.0,50.0,1,0.0020833333333333333,71.46666666666665,893.055933944662,1,false
src/org/apache/xerces/dom3/DOMConfiguration.java,354.0,1.0,3.0,3.0,0.0,10.0,1,0.0020833333333333333,575.2602739726027,22051.78092883341,1,false
src/org/apache/xerces/dom3/TypeInfo.java,66.0,0.0,1.0,2.0,0.0,6.0,1,0.0020833333333333333,575.2602739726027,22051.78092883341,1,false
src/org/apache/xerces/impl/Constants.java,413.0,2.0,1.0,7.0,3.0,14.0,3,0.00625,1755.5539632929908,150396.76760627696,3,false
src/org/apache/xerces/impl/RevalidationHandler.java,19.0,3.0,1.0,2.0,0.0,4.0,0,0.0,0.0,0.0,0,false
src/org/apache/xerces/impl/XML11DTDScannerImpl.java,133.0,22.0,36.0,9.0,13.0,25.0,2,0.004166666666666667,1044.010355987055,123002.44297648066,2,false
src/org/apache/xerces/impl/XML11DocumentScannerImpl.java,488.0,26.0,47.0,11.0,47.0,46.0,2,0.004166666666666667,1044.010355987055,123002.44297648066,2,false
src/org/apache/xerces/impl/XML11EntityScanner.java,731.0,34.0,66.0,12.0,43.0,82.0,2,0.004166666666666667,1547.8039632929908,144161.1679713694,2,false
src/org/apache/xerces/impl/XML11NamespaceBinder.java,17.0,20.0,1.0,2.0,0.0,3.0,2,0.004166666666666667,1547.8039632929908,144161.1679713694,2,false
src/org/apache/xerces/impl/XMLDTDScannerImpl.java,1542.0,21.0,449.0,43.0,218.0,167.0,4,0.008333333333333333,1257.760355987055,129256.557368063,4,false
src/org/apache/xerces/impl/XMLDocumentFragmentScannerImpl.java,1249.0,26.0,207.0,31.0,126.0,119.0,3,0.00625,1050.010355987055,123020.95773315546,3,false
src/org/apache/xerces/impl/XMLDocumentScannerImpl.java,846.0,15.0,77.0,14.0,31.0,48.0,4,0.008333333333333333,1827.0206299596575,151289.8235402216,4,false
src/org/apache/xerces/impl/XMLEntityManager.java,1833.0,35.0,548.0,41.0,151.0,155.0,4,0.008333333333333333,1827.0206299596575,151289.8235402216,4,true
src/org/apache/xerces/impl/XMLEntityScanner.java,1203.0,10.0,0.0,30.0,86.0,139.0,3,0.00625,1553.8039632929908,144179.6827280442,3,false
src/org/apache/xerces/impl/XMLErrorReporter.java,368.0,12.0,107.0,18.0,29.0,58.0,0,0.0,0.0,0.0,0,false
src/org/apache/xerces/impl/XMLNSDocumentScannerImpl.java,339.0,16.0,7.0,7.0,52.0,32.0,3,0.00625,1619.2706299596575,145054.22390531405,3,false
src/org/apache/xerces/impl/XMLNamespaceBinder.java,574.0,20.0,68.0,33.0,49.0,132.0,2,0.004166666666666667,1547.8039632929908,144161.1679713694,2,false
src/org/apache/xerces/impl/XMLScanner.java,956.0,16.0,134.0,25.0,130.0,108.0,2,0.004166666666666667,1044.010355987055,123002.44297648066,2,false
src/org/apache/xerces/impl/XMLVersionDetector.java,398.0,29.0,166.0,21.0,38.0,64.0,1,0.0020833333333333333,972.5436893203882,122109.387042536,1,false
src/org/apache/xerces/impl/dtd/DTDGrammar.java,2019.0,39.0,3841.0,99.0,151.0,319.0,2,0.004166666666666667,1044.010355987055,123002.44297648066,2,false
src/org/apache/xerces/impl/dtd/XML11DTDProcessor.java,29.0,8.0,15.0,6.0,2.0,8.0,1,0.0020833333333333333,972.5436893203882,122109.387042536,1,false
src/org/apache/xerces/impl/dtd/XML11DTDValidator.java,40.0,6.0,6.0,4.0,5.0,9.0,2,0.004166666666666667,1180.2936893203882,128344.98667744354,2,false
src/org/apache/xerces/impl/dtd/XMLDTDDescription.java,98.0,5.0,0.0,9.0,16.0,20.0,1,0.0020833333333333333,207.75,6235.599634907539,1,true
src/org/apache/xerces/impl/dtd/XMLDTDLoader.java,270.0,17.0,80.0,17.0,26.0,46.0,2,0.004166666666666667,1180.2936893203882,128344.98667744354,2,false
src/org/apache/xerces/impl/dtd/XMLDTDProcessor.java,1028.0,30.0,230.0,52.0,86.0,182.0,1,0.0020833333333333333,972.5436893203882,122109.387042536,1,false
src/org/apache/xerces/impl/dtd/XMLDTDValidator.java,1369.0,30.0,562.0,48.0,134.0,188.0,4,0.008333333333333333,1761.5539632929908,150415.28236295175,4,false
src/org/apache/xerces/impl/dtd/XMLDTDValidatorFilter.java,18.0,1.0,1.0,2.0,0.0,6.0,1,0.0020833333333333333,71.46666666666665,893.055933944662,1,false
src/org/apache/xerces/impl/dtd/XMLNSDTDValidator.java,123.0,8.0,1.0,2.0,16.0,9.0,1,0.0020833333333333333,575.2602739726027,22051.78092883341,1,false
src/org/apache/xerces/impl/dv/ValidatedInfo.java,47.0,0.0,0.0,2.0,1.0,5.0,1,0.0020833333333333333,207.75,6235.599634907539,1,false
src/org/apache/xerces/impl/dv/XSSimpleType.java,167.0,1.0,28.0,8.0,0.0,26.0,2,0.004166666666666667,646.7269406392694,22944.836862778073,2,false
src/org/apache/xerces/impl/dv/dtd/DTDDVFactoryImpl.java,41.0,3.0,0.0,3.0,3.0,5.0,1,0.0020833333333333333,972.5436893203882,122109.387042536,1,false
src/org/apache/xerces/impl/dv/dtd/XML11DTDDVFactoryImpl.java,44.0,4.0,0.0,2.0,7.0,6.0,1,0.0020833333333333333,972.5436893203882,122109.387042536,1,false
src/org/apache/xerces/impl/dv/dtd/XML11IDDatatypeValidator.java,42.0,2.0,1.0,2.0,3.0,5.0,1,0.0020833333333333333,972.5436893203882,122109.387042536,1,false
src/org/apache/xerces/impl/dv/dtd/XML11IDREFDatatypeValidator.java,36.0,2.0,1.0,2.0,2.0,5.0,1,0.0020833333333333333,972.5436893203882,122109.387042536,1,false
src/org/apache/xerces/impl/dv/dtd/XML11NMTOKENDatatypeValidator.java,26.0,2.0,1.0,2.0,1.0,5.0,1,0.0020833333333333333,972.5436893203882,122109.387042536,1,false
src/org/apache/xerces/impl/dv/util/Base64.java,243.0,1.0,17.0,7.0,10.0,23.0,1,0.0020833333333333333,207.75,6235.599634907539,1,false
src/org/apache/xerces/impl/dv/util/HexBin.java,69.0,1.0,1.0,2.0,2.0,8.0,1,0.0020833333333333333,207.75,6235.599634907539,1,false
src/org/apache/xerces/impl/dv/xs/AbstractDateTimeDV.java,517.0,1.0,270.0,25.0,47.0,92.0,1,0.0020833333333333333,207.75,6235.599634907539,1,false
src/org/apache/xerces/impl/dv/xs/AnyURIDV.java,32.0,3.0,1.0,2.0,1.0,8.0,1,0.0020833333333333333,207.75,6235.599634907539,1,false
src/org/apache/xerces/impl/dv/xs/Base64BinaryDV.java,48.0,3.0,3.0,3.0,2.0,8.0,1,0.0020833333333333333,207.75,6235.599634907539,1,false
src/org/apache/xerces/impl/dv/xs/BaseDVFactory.java,174.0,4.0,13.0,6.0,5.0,12.0,1,0.0020833333333333333,207.75,6235.599634907539,1,false
src/org/apache/xerces/impl/dv/xs/DateDV.java,46.0,2.0,3.0,3.0,8.0,11.0,2,0.004166666666666667,279.21666666666664,7128.655568852201,2,false
src/org/apache/xerces/impl/dv/xs/DateTimeDV.java,37.0,2.0,1.0,2.0,7.0,9.0,1,0.0020833333333333333,207.75,6235.599634907539,1,false
src/org/apache/xerces/impl/dv/xs/DayDV.java,65.0,2.0,3.0,3.0,10.0,12.0,1,0.0020833333333333333,207.75,6235.599634907539,1,false
src/org/apache/xerces/impl/dv/xs/DecimalDV.java,28.0,4.0,10.0,5.0,1.0,12.0,2,0.004166666666666667,1180.2936893203882,128344.98667744354,2,false
src/org/apache/xerces/impl/dv/xs/DoubleDV.java,108.0,2.0,3.0,3.0,1.0,8.0,1,0.0020833333333333333,207.75,6235.599634907539,1,false
src/org/apache/xerces/impl/dv/xs/DurationDV.java,230.0,2.0,15.0,6.0,15.0,27.0,1,0.0020833333333333333,207.75,6235.599634907539,1,false
src/org/apache/xerces/impl/dv/xs/FloatDV.java,108.0,2.0,3.0,3.0,1.0,8.0,1,0.0020833333333333333,207.75,6235.599634907539,1,false
src/org/apache/xerces/impl/dv/xs/FullDVFactory.java,110.0,3.0,1.0,3.0,6.0,6.0,1,0.0020833333333333333,207.75,6235.599634907539,1,false
src/org/apache/xerces/impl/dv/xs/HexBinaryDV.java,45.0,3.0,3.0,3.0,2.0,8.0,1,0.0020833333333333333,207.75,6235.599634907539,1,false
src/org/apache/xerces/impl/dv/xs/IntegerDV.java,15.0,2.0,0.0,1.0,0.0,4.0,1,0.0020833333333333333,207.75,6235.599634907539,1,false
src/org/apache/xerces/impl/dv/xs/ListDV.java,17.0,2.0,3.0,3.0,1.0,7.0,2,0.004166666666666667,1180.2936893203882,128344.98667744354,2,false
src/org/apache/xerces/impl/dv/xs/MonthDV.java,100.0,2.0,6.0,4.0,10.0,18.0,1,0.0020833333333333333,207.75,6235.599634907539,1,false
src/org/apache/xerces/impl/dv/xs/MonthDayDV.java,74.0,2.0,3.0,3.0,10.0,14.0,1,0.0020833333333333333,207.75,6235.599634907539,1,false
src/org/apache/xerces/impl/dv/xs/QNameDV.java,65.0,4.0,3.0,3.0,7.0,10.0,1,0.0020833333333333333,207.75,6235.599634907539,1,false
src/org/apache/xerces/impl/dv/xs/SchemaDVFactoryImpl.java,259.0,5.0,3.0,7.0,11.0,16.0,1,0.0020833333333333333,207.75,6235.599634907539,1,false
src/org/apache/xerces/impl/dv/xs/TimeDV.java,61.0,2.0,3.0,3.0,7.0,11.0,1,0.0020833333333333333,207.75,6235.599634907539,1,false
src/org/apache/xerces/impl/dv/xs/TypeValidator.java,37.0,2.0,36.0,9.0,2.0,18.0,1,0.0020833333333333333,207.75,6235.599634907539,1,false
src/org/apache/xerces/impl/dv/xs/XSSimpleTypeDecl.java,1435.0,21.0,2339.0,82.0,90.0,249.0,3,0.00625,1755.5539632929908,150396.76760627696,3,false
src/org/apache/xerces/impl/dv/xs/YearDV.java,64.0,2.0,3.0,3.0,10.0,13.0,1,0.0020833333333333333,207.75,6235.599634907539,1,false
src/org/apache/xerces/impl/dv/xs/YearMonthDV.java,50.0,2.0,3.0,3.0,8.0,12.0,1,0.0020833333333333333,207.75,6235.599634907539,1,false
src/org/apache/xerces/impl/validation/ValidationManager.java,46.0,3.0,3.0,7.0,5.0,10.0,1,0.0020833333333333333,575.2602739726027,22051.78092883341,1,false
src/org/apache/xerces/impl/validation/ValidationState.java,109.0,5.0,105.0,19.0,16.0,34.0,0,0.0,0.0,0.0,0,false
src/org/apache/xerces/impl/xpath/regex/REUtil.java,269.0,1.0,120.0,16.0,44.0,56.0,1,0.0020833333333333333,71.46666666666665,893.055933944662,1,true
src/org/apache/xerces/impl/xs/SchemaGrammar.java,566.0,28.0,876.0,45.0,42.0,103.0,2,0.004166666666666667,783.0102739726027,28287.38056374095,2,false
src/org/apache/xerces/impl/xs/SubstitutionGroupHandler.java,114.0,5.0,13.0,7.0,14.0,25.0,2,0.004166666666666667,783.0102739726027,28287.38056374095,2,false
src/org/apache/xerces/impl/xs/XMLSchemaLoader.java,581.0,31.0,152.0,25.0,85.0,84.0,3,0.00625,1189.2936893203882,128372.44849105661,3,true
src/org/apache/xerces/impl/xs/XMLSchemaValidator.java,2594.0,54.0,840.0,57.0,244.0,218.0,4,0.008333333333333333,1764.5539632929908,150424.22941989003,4,true
src/org/apache/xerces/impl/xs/XSAttributeDecl.java,109.0,3.0,44.0,13.0,2.0,28.0,2,0.004166666666666667,783.0102739726027,28287.38056374095,2,false
src/org/apache/xerces/impl/xs/XSAttributeGroupDecl.java,193.0,8.0,26.0,13.0,12.0,39.0,2,0.004166666666666667,783.0102739726027,28287.38056374095,2,false
src/org/apache/xerces/impl/xs/XSAttributeUseImpl.java,73.0,5.0,28.0,9.0,2.0,19.0,2,0.004166666666666667,783.0102739726027,28287.38056374095,2,false
src/org/apache/xerces/impl/xs/XSComplexTypeDecl.java,258.0,4.0,458.0,36.0,18.0,81.0,2,0.004166666666666667,783.0102739726027,28287.38056374095,2,false
src/org/apache/xerces/impl/xs/XSConstraints.java,749.0,13.0,435.0,30.0,107.0,143.0,2,0.004166666666666667,783.0102739726027,28287.38056374095,2,false
src/org/apache/xerces/impl/xs/XSDDescription.java,188.0,5.0,65.0,18.0,4.0,32.0,1,0.0020833333333333333,207.75,6235.599634907539,1,true
src/org/apache/xerces/impl/xs/XSDeclarationPool.java,267.0,1.0,133.0,22.0,28.0,71.0,0,0.0,0.0,0.0,0,false
src/org/apache/xerces/impl/xs/XSElementDecl.java,250.0,10.0,337.0,30.0,9.0,69.0,2,0.004166666666666667,783.0102739726027,28287.38056374095,2,false
src/org/apache/xerces/impl/xs/XSGroupDecl.java,50.0,1.0,15.0,6.0,0.0,13.0,1,0.0020833333333333333,575.2602739726027,22051.78092883341,1,false
src/org/apache/xerces/impl/xs/XSModelGroupImpl.java,144.0,2.0,46.0,16.0,12.0,51.0,1,0.0020833333333333333,575.2602739726027,22051.78092883341,1,false
src/org/apache/xerces/impl/xs/XSModelImpl.java,261.0,19.0,16.0,13.0,20.0,45.0,2,0.004166666666666667,783.0102739726027,28287.38056374095,2,false
src/org/apache/xerces/impl/xs/XSNotationDecl.java,58.0,4.0,21.0,7.0,0.0,17.0,1,0.0020833333333333333,575.2602739726027,22051.78092883341,1,false
src/org/apache/xerces/impl/xs/XSParticleDecl.java,157.0,4.0,44.0,16.0,9.0,42.0,2,0.004166666666666667,783.0102739726027,28287.38056374095,2,false
src/org/apache/xerces/impl/xs/XSWildcardDecl.java,317.0,6.0,107.0,19.0,17.0,68.0,2,0.004166666666666667,783.0102739726027,28287.38056374095,2,false
src/org/apache/xerces/impl/xs/dom/DOMNodePool.java,140.0,2.0,27.0,10.0,9.0,28.0,1,0.0020833333333333333,71.46666666666665,893.055933944662,1,false
src/org/apache/xerces/impl/xs/dom/DOMParser.java,115.0,14.0,7.0,7.0,11.0,23.0,1,0.0020833333333333333,207.75,6235.599634907539,1,false
src/org/apache/xerces/impl/xs/dom/DocumentImpl.java,56.0,6.0,0.0,4.0,6.0,13.0,1,0.0020833333333333333,71.46666666666665,893.055933944662,1,false
src/org/apache/xerces/impl/xs/identity/Field.java,123.0,7.0,5.0,7.0,1.0,12.0,1,0.0020833333333333333,575.2602739726027,22051.78092883341,1,false
src/org/apache/xerces/impl/xs/identity/IDValue.java,63.0,2.0,0.0,4.0,5.0,10.0,1,0.0020833333333333333,207.75,6235.599634907539,1,false
src/org/apache/xerces/impl/xs/identity/IdentityConstraint.java,175.0,2.0,144.0,20.0,8.0,47.0,1,0.0020833333333333333,575.2602739726027,22051.78092883341,1,false
src/org/apache/xerces/impl/xs/identity/KeyRef.java,33.0,1.0,0.0,3.0,0.0,8.0,1,0.0020833333333333333,575.2602739726027,22051.78092883341,1,false
src/org/apache/xerces/impl/xs/identity/XPathMatcher.java,364.0,18.0,11.0,10.0,33.0,41.0,1,0.0020833333333333333,575.2602739726027,22051.78092883341,1,false
src/org/apache/xerces/impl/xs/models/CMBuilder.java,157.0,9.0,0.0,9.0,26.0,34.0,2,0.004166666666666667,981.5436893203882,122136.84885614907,2,false
src/org/apache/xerces/impl/xs/models/CMNodeFactory.java,98.0,7.0,28.0,9.0,12.0,20.0,2,0.004166666666666667,981.5436893203882,122136.84885614907,2,false
src/org/apache/xerces/impl/xs/models/XSAllCM.java,102.0,5.0,0.0,7.0,5.0,24.0,0,0.0,0.0,0.0,0,false
src/org/apache/xerces/impl/xs/models/XSDFACM.java,473.0,10.0,34.0,12.0,56.0,50.0,1,0.0020833333333333333,71.46666666666665,893.055933944662,1,true
src/org/apache/xerces/impl/xs/opti/AttrImpl.java,57.0,5.0,28.0,9.0,0.0,18.0,2,0.004166666666666667,783.0102739726027,28287.38056374095,2,false
src/org/apache/xerces/impl/xs/opti/DefaultDocument.java,186.0,15.0,561.0,34.0,0.0,82.0,2,0.004166666666666667,783.0102739726027,28287.38056374095,2,false
src/org/apache/xerces/impl/xs/opti/DefaultElement.java,71.0,5.0,231.0,22.0,0.0,43.0,2,0.004166666666666667,783.0102739726027,28287.38056374095,2,false
src/org/apache/xerces/impl/xs/opti/DefaultNode.java,121.0,6.0,703.0,38.0,0.0,76.0,3,0.00625,805.6769406392693,28299.24743631444,3,false
src/org/apache/xerces/impl/xs/opti/DefaultXMLDocumentHandler.java,543.0,14.0,1320.0,52.0,0.0,163.0,1,0.0020833333333333333,207.75,6235.599634907539,1,false
src/org/apache/xerces/impl/xs/opti/ElementImpl.java,154.0,11.0,70.0,21.0,20.0,64.0,1,0.0020833333333333333,207.75,6235.599634907539,1,false
src/org/apache/xerces/impl/xs/opti/NamedNodeMapImpl.java,47.0,4.0,16.0,9.0,6.0,24.0,1,0.0020833333333333333,207.75,6235.599634907539,1,false
src/org/apache/xerces/impl/xs/opti/NodeImpl.java,42.0,0.0,24.0,9.0,0.0,15.0,1,0.0020833333333333333,207.75,6235.599634907539,1,false
src/org/apache/xerces/impl/xs/opti/SchemaDOM.java,123.0,12.0,42.0,13.0,27.0,28.0,1,0.0020833333333333333,207.75,6235.599634907539,1,true
src/org/apache/xerces/impl/xs/opti/SchemaDOMParser.java,108.0,19.0,0.0,8.0,13.0,27.0,1,0.0020833333333333333,207.75,6235.599634907539,1,false
src/org/apache/xerces/impl/xs/opti/SchemaParsingConfig.java,488.0,24.0,237.0,23.0,43.0,64.0,1,0.0020833333333333333,207.75,6235.599634907539,1,false
src/org/apache/xerces/impl/xs/psvi/PSVIProvider.java,57.0,2.0,3.0,3.0,0.0,13.0,1,0.0020833333333333333,575.2602739726027,22051.78092883341,1,false
src/org/apache/xerces/impl/xs/psvi/StringList.java,21.0,0.0,1.0,2.0,0.0,4.0,1,0.0020833333333333333,575.2602739726027,22051.78092883341,1,false
src/org/apache/xerces/impl/xs/psvi/XSAnnotation.java,36.0,0.0,1.0,2.0,0.0,5.0,1,0.0020833333333333333,575.2602739726027,22051.78092883341,1,false
src/org/apache/xerces/impl/xs/psvi/XSAttributeDeclaration.java,33.0,0.0,15.0,6.0,0.0,7.0,1,0.0020833333333333333,575.2602739726027,22051.78092883341,1,false
src/org/apache/xerces/impl/xs/psvi/XSAttributeGroupDefinition.java,17.0,0.0,3.0,3.0,0.0,3.0,1,0.0020833333333333333,575.2602739726027,22051.78092883341,1,false
src/org/apache/xerces/impl/xs/psvi/XSAttributeUse.java,24.0,0.0,6.0,4.0,0.0,5.0,1,0.0020833333333333333,575.2602739726027,22051.78092883341,1,false
src/org/apache/xerces/impl/xs/psvi/XSComplexTypeDefinition.java,81.0,0.0,45.0,10.0,0.0,14.0,1,0.0020833333333333333,575.2602739726027,22051.78092883341,1,false
src/org/apache/xerces/impl/xs/psvi/XSConstants.java,107.0,0.0,0.0,0.0,0.0,0.0,1,0.0020833333333333333,575.2602739726027,22051.78092883341,1,false
src/org/apache/xerces/impl/xs/psvi/XSElementDeclaration.java,92.0,0.0,91.0,14.0,0.0,24.0,1,0.0020833333333333333,575.2602739726027,22051.78092883341,1,false
src/org/apache/xerces/impl/xs/psvi/XSIDCDefinition.java,37.0,0.0,10.0,5.0,0.0,7.0,1,0.0020833333333333333,575.2602739726027,22051.78092883341,1,false
src/org/apache/xerces/impl/xs/psvi/XSModel.java,100.0,0.0,55.0,11.0,0.0,31.0,1,0.0020833333333333333,575.2602739726027,22051.78092883341,1,false
src/org/apache/xerces/impl/xs/psvi/XSModelGroup.java,33.0,0.0,3.0,3.0,0.0,3.0,1,0.0020833333333333333,575.2602739726027,22051.78092883341,1,false
src/org/apache/xerces/impl/xs/psvi/XSModelGroupDefinition.java,13.0,0.0,1.0,2.0,0.0,2.0,1,0.0020833333333333333,575.2602739726027,22051.78092883341,1,false
src/org/apache/xerces/impl/xs/psvi/XSNamedMap.java,37.0,0.0,3.0,3.0,0.0,8.0,1,0.0020833333333333333,575.2602739726027,22051.78092883341,1,false
src/org/apache/xerces/impl/xs/psvi/XSNamespaceItem.java,76.0,0.0,45.0,10.0,0.0,25.0,1,0.0020833333333333333,575.2602739726027,22051.78092883341,1,false
src/org/apache/xerces/impl/xs/psvi/XSNamespaceItemList.java,22.0,0.0,1.0,2.0,0.0,4.0,1,0.0020833333333333333,575.2602739726027,22051.78092883341,1,false
src/org/apache/xerces/impl/xs/psvi/XSNotationDeclaration.java,19.0,0.0,3.0,3.0,0.0,7.0,1,0.0020833333333333333,575.2602739726027,22051.78092883341,1,false
src/org/apache/xerces/impl/xs/psvi/XSObject.java,27.0,0.0,6.0,4.0,0.0,7.0,1,0.0020833333333333333,575.2602739726027,22051.78092883341,1,false
src/org/apache/xerces/impl/xs/psvi/XSObjectList.java,22.0,0.0,1.0,2.0,0.0,4.0,1,0.0020833333333333333,575.2602739726027,22051.78092883341,1,false
src/org/apache/xerces/impl/xs/psvi/XSParticle.java,22.0,0.0,6.0,4.0,0.0,5.0,1,0.0020833333333333333,575.2602739726027,22051.78092883341,1,false
src/org/apache/xerces/impl/xs/psvi/XSSimpleTypeDefinition.java,171.0,0.0,120.0,16.0,0.0,23.0,1,0.0020833333333333333,575.2602739726027,22051.78092883341,1,false
src/org/apache/xerces/impl/xs/psvi/XSTerm.java,8.0,0.0,0.0,0.0,0.0,0.0,1,0.0020833333333333333,575.2602739726027,22051.78092883341,1,false
src/org/apache/xerces/impl/xs/psvi/XSTypeDefinition.java,74.0,0.0,21.0,7.0,0.0,15.0,1,0.0020833333333333333,575.2602739726027,22051.78092883341,1,false
src/org/apache/xerces/impl/xs/psvi/XSWildcard.java,53.0,0.0,6.0,4.0,0.0,4.0,1,0.0020833333333333333,575.2602739726027,22051.78092883341,1,false
src/org/apache/xerces/impl/xs/traversers/XSAttributeChecker.java,962.0,23.0,33.0,11.0,71.0,48.0,0,0.0,0.0,0.0,0,false
src/org/apache/xerces/impl/xs/traversers/XSDAbstractTraverser.java,366.0,20.0,20.0,9.0,62.0,35.0,1,0.0020833333333333333,575.2602739726027,22051.78092883341,1,false
src/org/apache/xerces/impl/xs/traversers/XSDAttributeTraverser.java,239.0,20.0,15.0,6.0,48.0,20.0,2,0.004166666666666667,783.0102739726027,28287.38056374095,2,false
src/org/apache/xerces/impl/xs/traversers/XSDComplexTypeTraverser.java,543.0,20.0,94.0,17.0,108.0,56.0,2,0.004166666666666667,783.0102739726027,28287.38056374095,2,false
src/org/apache/xerces/impl/xs/traversers/XSDElementTraverser.java,265.0,15.0,13.0,6.0,54.0,21.0,2,0.004166666666666667,783.0102739726027,28287.38056374095,2,false
src/org/apache/xerces/impl/xs/traversers/XSDGroupTraverser.java,108.0,11.0,3.0,3.0,26.0,11.0,0,0.0,0.0,0.0,0,false
src/org/apache/xerces/impl/xs/traversers/XSDHandler.java,1216.0,46.0,383.0,35.0,248.0,122.0,1,0.0020833333333333333,207.75,6235.599634907539,1,true
src/org/apache/xerces/impl/xs/traversers/XSDNotationTraverser.java,49.0,6.0,1.0,2.0,9.0,4.0,1,0.0020833333333333333,207.75,6235.599634907539,1,false
src/org/apache/xerces/impl/xs/traversers/XSDSimpleTypeTraverser.java,280.0,14.0,20.0,8.0,50.0,30.0,2,0.004166666666666667,783.0102739726027,28287.38056374095,2,false
src/org/apache/xerces/impl/xs/traversers/XSDWildcardTraverser.java,102.0,9.0,6.0,4.0,15.0,10.0,0,0.0,0.0,0.0,0,false
src/org/apache/xerces/impl/xs/util/NSItemListImpl.java,37.0,5.0,0.0,4.0,2.0,7.0,1,0.0020833333333333333,575.2602739726027,22051.78092883341,1,false
src/org/apache/xerces/impl/xs/util/SimpleLocator.java,75.0,1.0,83.0,15.0,0.0,25.0,1,0.0020833333333333333,575.2602739726027,22051.78092883341,1,false
src/org/apache/xerces/impl/xs/util/StringListImpl.java,37.0,2.0,0.0,4.0,2.0,7.0,1,0.0020833333333333333,575.2602739726027,22051.78092883341,1,false
src/org/apache/xerces/impl/xs/util/XSNamedMapImpl.java,110.0,3.0,0.0,6.0,8.0,19.0,1,0.0020833333333333333,575.2602739726027,22051.78092883341,1,false
src/org/apache/xerces/impl/xs/util/XSObjectListImpl.java,38.0,2.0,0.0,3.0,0.0,6.0,1,0.0020833333333333333,575.2602739726027,22051.78092883341,1,false
src/org/apache/xerces/jaxp/DocumentBuilderImpl.java,101.0,21.0,11.0,10.0,26.0,29.0,1,0.0020833333333333333,972.5436893203882,122109.387042536,1,false
src/org/apache/xerces/jaxp/SAXParserImpl.java,98.0,14.0,0.0,8.0,20.0,30.0,1,0.0020833333333333333,972.5436893203882,122109.387042536,1,false
src/org/apache/xerces/parsers/AbstractDOMParser.java,1806.0,47.0,38.0,44.0,323.0,232.0,2,0.004166666666666667,1547.8039632929908,144161.1679713694,2,false
src/org/apache/xerces/parsers/AbstractSAXParser.java,1261.0,43.0,1013.0,51.0,127.0,215.0,2,0.004166666666666667,1547.8039632929908,144161.1679713694,2,false
src/org/apache/xerces/parsers/AbstractXMLDocumentParser.java,565.0,18.0,1263.0,51.0,5.0,161.0,2,0.004166666666666667,1547.8039632929908,144161.1679713694,2,false
src/org/apache/xerces/parsers/BasicParserConfiguration.java,371.0,22.0,170.0,21.0,33.0,55.0,1,0.0020833333333333333,575.2602739726027,22051.78092883341,1,false
src/org/apache/xerces/parsers/DOMBuilderImpl.java,462.0,23.0,83.0,15.0,44.0,56.0,2,0.004166666666666667,1547.8039632929908,144161.1679713694,2,false
src/org/apache/xerces/parsers/DOMParser.java,337.0,25.0,91.0,14.0,54.0,54.0,2,0.004166666666666667,1547.8039632929908,144161.1679713694,2,true
src/org/apache/xerces/parsers/DTDConfiguration.java,550.0,25.0,215.0,22.0,47.0,63.0,3,0.00625,1619.2706299596575,145054.22390531405,3,false
src/org/apache/xerces/parsers/IntegratedParserConfiguration.java,166.0,14.0,17.0,7.0,11.0,16.0,1,0.0020833333333333333,972.5436893203882,122109.387042536,1,false
src/org/apache/xerces/parsers/NonValidatingConfiguration.java,493.0,24.0,176.0,20.0,45.0,59.0,1,0.0020833333333333333,71.46666666666665,893.055933944662,1,false
src/org/apache/xerces/parsers/SecurityConfiguration.java,61.0,5.0,6.0,4.0,1.0,7.0,1,0.0020833333333333333,972.5436893203882,122109.387042536,1,false
src/org/apache/xerces/parsers/StandardParserConfiguration.java,200.0,8.0,15.0,7.0,18.0,19.0,2,0.004166666666666667,1547.8039632929908,144161.1679713694,2,false
src/org/apache/xerces/parsers/XML11Configuration.java,77.0,10.0,19.0,7.0,1.0,15.0,1,0.0020833333333333333,972.5436893203882,122109.387042536,1,false
src/org/apache/xerces/parsers/XMLGrammarPreparser.java,207.0,18.0,44.0,17.0,27.0,40.0,0,0.0,0.0,0.0,0,false
src/org/apache/xerces/parsers/XMLParser.java,57.0,9.0,1.0,3.0,3.0,6.0,2,0.004166666666666667,1547.8039632929908,144161.1679713694,2,false
src/org/apache/xerces/util/DOMUtil.java,507.0,8.0,741.0,39.0,145.0,155.0,1,0.0020833333333333333,207.75,6235.599634907539,1,false
src/org/apache/xerces/util/EncodingMap.java,913.0,1.0,9.0,7.0,6.0,15.0,1,0.0020833333333333333,972.5436893203882,122109.387042536,1,false
src/org/apache/xerces/util/ErrorHandlerWrapper.java,178.0,10.0,211.0,22.0,27.0,44.0,1,0.0020833333333333333,575.2602739726027,22051.78092883341,1,true
src/org/apache/xerces/util/NamespaceSupport.java,193.0,3.0,0.0,11.0,9.0,29.0,1,0.0020833333333333333,575.2602739726027,22051.78092883341,1,false
src/org/apache/xerces/util/ObjectFactory.java,225.0,9.0,21.0,7.0,30.0,37.0,1,0.0020833333333333333,972.5436893203882,122109.387042536,1,false
src/org/apache/xerces/util/ParserConfigurationSettings.java,180.0,4.0,19.0,10.0,17.0,32.0,0,0.0,0.0,0.0,0,false
src/org/apache/xerces/util/SecurityManager.java,41.0,0.0,0.0,5.0,0.0,7.0,2,0.004166666666666667,981.5436893203882,122136.84885614907,2,false
src/org/apache/xerces/util/SymbolHash.java,146.0,2.0,0.0,9.0,6.0,24.0,1,0.0020833333333333333,71.46666666666665,893.055933944662,1,false
src/org/apache/xerces/util/URI.java,1147.0,2.0,668.0,44.0,110.0,196.0,1,0.0020833333333333333,207.75,6235.599634907539,1,false
src/org/apache/xerces/util/XML11Char.java,223.0,0.0,64.0,12.0,12.0,49.0,1,0.0020833333333333333,972.5436893203882,122109.387042536,1,false
src/org/apache/xerces/util/XMLChar.java,365.0,0.0,154.0,21.0,16.0,77.0,1,0.0020833333333333333,972.5436893203882,122109.387042536,1,false
src/org/apache/xerces/util/XMLGrammarPoolImpl.java,221.0,7.0,9.0,14.0,19.0,46.0,1,0.0020833333333333333,207.75,6235.599634907539,1,false
src/org/apache/xerces/xni/NamespaceContext.java,115.0,1.0,36.0,9.0,0.0,22.0,2,0.004166666666666667,783.0102739726027,28287.38056374095,2,false
src/org/apache/xerces/xni/XMLDTDContentModelHandler.java,180.0,1.0,66.0,12.0,0.0,34.0,1,0.0020833333333333333,972.5436893203882,122109.387042536,1,false
src/org/apache/xerces/xni/XMLDTDHandler.java,242.0,1.0,231.0,22.0,0.0,72.0,1,0.0020833333333333333,972.5436893203882,122109.387042536,1,false
src/org/apache/xerces/xni/XMLDocumentFragmentHandler.java,171.0,0.0,91.0,14.0,0.0,48.0,1,0.0020833333333333333,575.2602739726027,22051.78092883341,1,false
src/org/apache/xerces/xni/XMLDocumentHandler.java,190.0,1.0,153.0,18.0,0.0,58.0,1,0.0020833333333333333,575.2602739726027,22051.78092883341,1,false
src/org/apache/xerces/xni/XMLLocator.java,25.0,0.0,6.0,4.0,0.0,4.0,2,0.004166666666666667,581.2602739726027,22070.295685508212,2,false
src/org/apache/xerces/xni/XMLResourceIdentifier.java,36.0,0.0,28.0,8.0,0.0,14.0,1,0.0020833333333333333,575.2602739726027,22051.78092883341,1,false
src/org/apache/xerces/xni/grammars/XMLDTDDescription.java,7.0,0.0,0.0,1.0,0.0,3.0,1,0.0020833333333333333,207.75,6235.599634907539,1,false
src/org/apache/xerces/xni/grammars/XMLGrammarDescription.java,19.0,1.0,0.0,1.0,0.0,2.0,1,0.0020833333333333333,207.75,6235.599634907539,1,false
src/org/apache/xerces/xni/grammars/XMLSchemaDescription.java,92.0,2.0,15.0,6.0,0.0,13.0,1,0.0020833333333333333,207.75,6235.599634907539,1,false
src/org/apache/xerces/xni/parser/XMLComponent.java,77.0,0.0,21.0,7.0,0.0,22.0,0,0.0,0.0,0.0,0,false
src/org/apache/xerces/xni/parser/XMLDTDContentModelSource.java,21.0,1.0,1.0,2.0,0.0,2.0,1,0.0020833333333333333,972.5436893203882,122109.387042536,1,false
src/org/apache/xerces/xni/parser/XMLDTDScanner.java,54.0,2.0,3.0,3.0,0.0,11.0,1,0.0020833333333333333,71.46666666666665,893.055933944662,1,false
src/org/apache/xerces/xni/parser/XMLDTDSource.java,21.0,1.0,1.0,2.0,0.0,2.0,1,0.0020833333333333333,972.5436893203882,122109.387042536,1,false
src/org/apache/xerces/xni/parser/XMLDocumentScanner.java,35.0,2.0,1.0,2.0,0.0,6.0,1,0.0020833333333333333,71.46666666666665,893.055933944662,1,false
src/org/apache/xerces/xni/parser/XMLPullParserConfiguration.java,51.0,2.0,3.0,3.0,0.0,10.0,1,0.0020833333333333333,71.46666666666665,893.055933944662,1,false
src/org/apache/xml/serialize/BaseMarkupSerializer.java,1241.0,36.0,1030.0,61.0,201.0,242.0,1,0.0020833333333333333,972.5436893203882,122109.387042536,1,true
src/org/apache/xml/serialize/DOMWriterImpl.java,399.0,23.0,37.0,19.0,62.0,65.0,2,0.004166666666666667,1547.8039632929908,144161.1679713694,2,false
src/org/apache/xml/serialize/EncodingInfo.java,70.0,6.0,0.0,5.0,4.0,14.0,1,0.0020833333333333333,972.5436893203882,122109.387042536,1,false
src/org/apache/xml/serialize/Encodings.java,67.0,6.0,0.0,1.0,7.0,7.0,1,0.0020833333333333333,972.5436893203882,122109.387042536,1,false
src/org/apache/xml/serialize/IndentPrinter.java,210.0,3.0,0.0,17.0,33.0,47.0,1,0.0020833333333333333,972.5436893203882,122109.387042536,1,false
src/org/apache/xml/serialize/OutputFormat.java,660.0,6.0,1153.0,50.0,32.0,153.0,1,0.0020833333333333333,972.5436893203882,122109.387042536,1,false
src/org/apache/xml/serialize/XML11Serializer.java,345.0,23.0,66.0,12.0,63.0,51.0,1,0.0020833333333333333,972.5436893203882,122109.387042536,1,false
src/org/apache/xml/serialize/XMLSerializer.java,865.0,21.0,207.0,22.0,164.0,98.0,2,0.004166666666666667,1547.8039632929908,144161.1679713694,2,true
src/org/w3c/dom/ls/DOMBuilder.java,358.0,4.0,15.0,6.0,0.0,19.0,1,0.0020833333333333333,575.2602739726027,22051.78092883341,1,false
src/org/w3c/dom/ls/DOMWriter.java,313.0,3.0,36.0,9.0,0.0,31.0,2,0.004166666666666667,1547.8039632929908,144161.1679713694,2,false
tests/dom/dom3/Test.java,357.0,27.0,1.0,3.0,68.0,14.0,1,0.0020833333333333333,575.2602739726027,22051.78092883341,1,false
tests/dom/ids/Test.java,214.0,8.0,1.0,3.0,36.0,10.0,1,0.0020833333333333333,575.2602739726027,22051.78092883341,1,false
tests/dom/mem/Test.java,713.0,8.0,1.0,2.0,78.0,9.0,1,0.0020833333333333333,575.2602739726027,22051.78092883341,1,false
tests/thread/Test.java,421.0,11.0,0.0,4.0,26.0,21.0,1,0.0020833333333333333,575.2602739726027,22051.78092883341,1,false
tools/src/XJavac.java,72.0,12.0,0.0,1.0,17.0,5.0,1,0.0020833333333333333,972.5436893203882,122109.387042536,1,false
