name,LOC,CBO,LCOM,NOM,RFC,WMC,numOfChanges,bccm,structuralWorkloadSum,semanticWorkloadSum,numberOfDeveloper,isBuggy
samples/xni/Counter.java,495.0,15.0,61.0,14.0,50.0,36.0,0,0.0,0.0,0.0,0,false
samples/xni/DocumentTracer.java,1344.0,23.0,0.0,61.0,336.0,185.0,0,0.0,0.0,0.0,0,false
samples/xni/Writer.java,491.0,20.0,135.0,23.0,65.0,61.0,0,0.0,0.0,0.0,0,false
src/dom3/org/w3c/dom/Attr.java,254.0,0.0,21.0,7.0,0.0,23.0,1,0.0038910505836575876,488.79999999999995,8443.595630901698,1,false
src/dom3/org/w3c/dom/CDATASection.java,40.0,0.0,0.0,0.0,0.0,0.0,1,0.0038910505836575876,488.79999999999995,8443.595630901698,1,false
src/dom3/org/w3c/dom/CharacterData.java,113.0,0.0,28.0,8.0,0.0,25.0,1,0.0038910505836575876,488.79999999999995,8443.595630901698,1,false
src/dom3/org/w3c/dom/Comment.java,16.0,0.0,0.0,0.0,0.0,0.0,1,0.0038910505836575876,488.79999999999995,8443.595630901698,1,false
src/dom3/org/w3c/dom/DOMConfiguration.java,374.0,0.0,3.0,3.0,0.0,11.0,1,0.0038910505836575876,488.79999999999995,8443.595630901698,1,false
src/dom3/org/w3c/dom/DOMError.java,57.0,0.0,15.0,6.0,0.0,13.0,1,0.0038910505836575876,488.79999999999995,8443.595630901698,1,false
src/dom3/org/w3c/dom/DOMErrorHandler.java,28.0,0.0,0.0,1.0,0.0,3.0,1,0.0038910505836575876,488.79999999999995,8443.595630901698,1,false
src/dom3/org/w3c/dom/DOMException.java,113.0,0.0,0.0,1.0,0.0,1.0,1,0.0038910505836575876,488.79999999999995,8443.595630901698,1,false
src/dom3/org/w3c/dom/DOMImplementation.java,108.0,0.0,6.0,4.0,0.0,16.0,1,0.0038910505836575876,488.79999999999995,8443.595630901698,1,false
src/dom3/org/w3c/dom/DOMImplementationList.java,27.0,0.0,1.0,2.0,0.0,4.0,1,0.0038910505836575876,488.79999999999995,8443.595630901698,1,false
src/dom3/org/w3c/dom/DOMImplementationSource.java,40.0,0.0,1.0,2.0,0.0,7.0,1,0.0038910505836575876,488.79999999999995,8443.595630901698,1,false
src/dom3/org/w3c/dom/DOMLocator.java,36.0,0.0,10.0,5.0,0.0,10.0,1,0.0038910505836575876,488.79999999999995,8443.595630901698,1,false
src/dom3/org/w3c/dom/DOMStringList.java,26.0,0.0,1.0,2.0,0.0,4.0,1,0.0038910505836575876,488.79999999999995,8443.595630901698,1,false
src/dom3/org/w3c/dom/Document.java,670.0,0.0,496.0,32.0,0.0,113.0,1,0.0038910505836575876,488.79999999999995,8443.595630901698,1,false
src/dom3/org/w3c/dom/DocumentFragment.java,38.0,0.0,0.0,0.0,0.0,0.0,1,0.0038910505836575876,488.79999999999995,8443.595630901698,1,false
src/dom3/org/w3c/dom/DocumentType.java,63.0,0.0,15.0,6.0,0.0,13.0,1,0.0038910505836575876,488.79999999999995,8443.595630901698,1,false
src/dom3/org/w3c/dom/Element.java,361.0,0.0,190.0,20.0,0.0,79.0,1,0.0038910505836575876,488.79999999999995,8443.595630901698,1,false
src/dom3/org/w3c/dom/Entity.java,85.0,0.0,28.0,8.0,0.0,16.0,1,0.0038910505836575876,488.79999999999995,8443.595630901698,1,false
src/dom3/org/w3c/dom/EntityReference.java,28.0,0.0,0.0,0.0,0.0,0.0,1,0.0038910505836575876,488.79999999999995,8443.595630901698,1,false
src/dom3/org/w3c/dom/NameList.java,34.0,0.0,3.0,3.0,0.0,7.0,1,0.0038910505836575876,488.79999999999995,8443.595630901698,1,false
src/dom3/org/w3c/dom/NamedNodeMap.java,149.0,0.0,28.0,8.0,0.0,30.0,1,0.0038910505836575876,488.79999999999995,8443.595630901698,1,false
src/dom3/org/w3c/dom/Node.java,799.0,0.0,666.0,37.0,0.0,112.0,1,0.0038910505836575876,488.79999999999995,8443.595630901698,1,false
src/dom3/org/w3c/dom/NodeList.java,25.0,0.0,1.0,2.0,0.0,4.0,1,0.0038910505836575876,488.79999999999995,8443.595630901698,1,false
src/dom3/org/w3c/dom/Notation.java,24.0,0.0,1.0,2.0,0.0,4.0,1,0.0038910505836575876,488.79999999999995,8443.595630901698,1,false
src/dom3/org/w3c/dom/ProcessingInstruction.java,33.0,0.0,3.0,3.0,0.0,4.0,1,0.0038910505836575876,488.79999999999995,8443.595630901698,1,false
src/dom3/org/w3c/dom/Text.java,100.0,0.0,6.0,4.0,0.0,16.0,1,0.0038910505836575876,488.79999999999995,8443.595630901698,1,false
src/dom3/org/w3c/dom/TypeInfo.java,91.0,0.0,1.0,2.0,0.0,6.0,1,0.0038910505836575876,488.79999999999995,8443.595630901698,1,false
src/dom3/org/w3c/dom/UserDataHandler.java,44.0,0.0,0.0,1.0,0.0,3.0,1,0.0038910505836575876,488.79999999999995,8443.595630901698,1,false
src/dom3/org/w3c/dom/bootstrap/DOMImplementationListImpl.java,37.0,3.0,0.0,4.0,3.0,8.0,1,0.0038910505836575876,488.79999999999995,8443.595630901698,1,false
src/dom3/org/w3c/dom/bootstrap/DOMImplementationRegistry.java,107.0,10.0,1.0,7.0,27.0,25.0,1,0.0038910505836575876,488.79999999999995,8443.595630901698,1,false
src/org/apache/html/dom/HTMLAnchorElementImpl.java,95.0,1.0,351.0,27.0,31.0,43.0,0,0.0,0.0,0.0,0,false
src/org/apache/html/dom/HTMLAppletElementImpl.java,81.0,1.0,253.0,23.0,22.0,34.0,0,0.0,0.0,0.0,0,false
src/org/apache/html/dom/HTMLAreaElementImpl.java,67.0,1.0,136.0,17.0,23.0,29.0,0,0.0,0.0,0.0,0,false
src/org/apache/html/dom/HTMLBRElementImpl.java,21.0,1.0,3.0,3.0,3.0,4.0,0,0.0,0.0,0.0,0,false
src/org/apache/html/dom/HTMLBaseElementImpl.java,27.0,1.0,10.0,5.0,4.0,7.0,0,0.0,0.0,0.0,0,false
src/org/apache/html/dom/HTMLBaseFontElementImpl.java,33.0,1.0,21.0,7.0,8.0,10.0,0,0.0,0.0,0.0,0,false
src/org/apache/html/dom/HTMLBodyElementImpl.java,51.0,1.0,78.0,13.0,12.0,19.0,0,0.0,0.0,0.0,0,false
src/org/apache/html/dom/HTMLBuilder.java,109.0,10.0,0.0,10.0,19.0,34.0,0,0.0,0.0,0.0,0,false
src/org/apache/html/dom/HTMLButtonElementImpl.java,57.0,1.0,66.0,12.0,18.0,23.0,0,0.0,0.0,0.0,0,false
src/org/apache/html/dom/HTMLCollectionImpl.java,282.0,14.0,18.0,9.0,25.0,43.0,0,0.0,0.0,0.0,0,false
src/org/apache/html/dom/HTMLDListElementImpl.java,21.0,1.0,3.0,3.0,2.0,4.0,0,0.0,0.0,0.0,0,false
src/org/apache/html/dom/HTMLDOMImplementationImpl.java,43.0,4.0,3.0,3.0,1.0,9.0,0,0.0,0.0,0.0,0,false
src/org/apache/html/dom/HTMLDirectoryElementImpl.java,21.0,1.0,3.0,3.0,2.0,4.0,0,0.0,0.0,0.0,0,false
src/org/apache/html/dom/HTMLDivElementImpl.java,21.0,1.0,3.0,3.0,3.0,4.0,0,0.0,0.0,0.0,0,false
src/org/apache/html/dom/HTMLDocumentImpl.java,445.0,20.0,510.0,33.0,68.0,109.0,1,0.0038910505836575876,14.0,10.403645359832828,1,false
src/org/apache/html/dom/HTMLElementImpl.java,165.0,7.0,253.0,23.0,34.0,60.0,0,0.0,0.0,0.0,0,false
src/org/apache/html/dom/HTMLFieldSetElementImpl.java,15.0,1.0,0.0,1.0,0.0,1.0,0,0.0,0.0,0.0,0,false
src/org/apache/html/dom/HTMLFontElementImpl.java,29.0,1.0,21.0,7.0,8.0,10.0,0,0.0,0.0,0.0,0,false
src/org/apache/html/dom/HTMLFormElementImpl.java,69.0,3.0,153.0,18.0,16.0,28.0,0,0.0,0.0,0.0,0,false
src/org/apache/html/dom/HTMLFrameElementImpl.java,63.0,1.0,136.0,17.0,17.0,25.0,0,0.0,0.0,0.0,0,false
src/org/apache/html/dom/HTMLFrameSetElementImpl.java,27.0,1.0,10.0,5.0,4.0,7.0,0,0.0,0.0,0.0,0,false
src/org/apache/html/dom/HTMLHRElementImpl.java,39.0,1.0,36.0,9.0,9.0,13.0,0,0.0,0.0,0.0,0,false
src/org/apache/html/dom/HTMLHeadElementImpl.java,21.0,1.0,3.0,3.0,2.0,4.0,0,0.0,0.0,0.0,0,false
src/org/apache/html/dom/HTMLHeadingElementImpl.java,21.0,1.0,3.0,3.0,2.0,4.0,0,0.0,0.0,0.0,0,false
src/org/apache/html/dom/HTMLHtmlElementImpl.java,21.0,1.0,3.0,3.0,3.0,4.0,0,0.0,0.0,0.0,0,false
src/org/apache/html/dom/HTMLIFrameElementImpl.java,75.0,1.0,210.0,21.0,22.0,31.0,0,0.0,0.0,0.0,0,false
src/org/apache/html/dom/HTMLImageElementImpl.java,93.0,1.0,351.0,27.0,27.0,40.0,0,0.0,0.0,0.0,0,false
src/org/apache/html/dom/HTMLInputElementImpl.java,131.0,1.0,703.0,38.0,42.0,60.0,0,0.0,0.0,0.0,0,false
src/org/apache/html/dom/HTMLIsIndexElementImpl.java,21.0,1.0,3.0,3.0,2.0,4.0,0,0.0,0.0,0.0,0,false
src/org/apache/html/dom/HTMLLIElementImpl.java,27.0,1.0,10.0,5.0,6.0,7.0,0,0.0,0.0,0.0,0,false
src/org/apache/html/dom/HTMLLabelElementImpl.java,31.0,1.0,10.0,5.0,8.0,13.0,0,0.0,0.0,0.0,0,false
src/org/apache/html/dom/HTMLLegendElementImpl.java,31.0,1.0,10.0,5.0,8.0,11.0,0,0.0,0.0,0.0,0,false
src/org/apache/html/dom/HTMLLinkElementImpl.java,69.0,1.0,171.0,19.0,18.0,28.0,0,0.0,0.0,0.0,0,false
src/org/apache/html/dom/HTMLMapElementImpl.java,26.0,2.0,6.0,4.0,2.0,7.0,0,0.0,0.0,0.0,0,false
src/org/apache/html/dom/HTMLMenuElementImpl.java,21.0,1.0,3.0,3.0,2.0,4.0,0,0.0,0.0,0.0,0,false
src/org/apache/html/dom/HTMLMetaElementImpl.java,39.0,1.0,36.0,9.0,8.0,13.0,0,0.0,0.0,0.0,0,false
src/org/apache/html/dom/HTMLModElementImpl.java,27.0,1.0,10.0,5.0,4.0,7.0,0,0.0,0.0,0.0,0,false
src/org/apache/html/dom/HTMLOListElementImpl.java,33.0,1.0,21.0,7.0,8.0,10.0,0,0.0,0.0,0.0,0,false
src/org/apache/html/dom/HTMLObjectElementImpl.java,122.0,1.0,595.0,35.0,37.0,53.0,0,0.0,0.0,0.0,0,false
src/org/apache/html/dom/HTMLOptGroupElementImpl.java,27.0,1.0,10.0,5.0,5.0,7.0,0,0.0,0.0,0.0,0,false
src/org/apache/html/dom/HTMLOptionElementImpl.java,94.0,6.0,105.0,15.0,29.0,34.0,0,0.0,0.0,0.0,0,false
src/org/apache/html/dom/HTMLParagraphElementImpl.java,21.0,1.0,3.0,3.0,2.0,4.0,0,0.0,0.0,0.0,0,false
src/org/apache/html/dom/HTMLParamElementImpl.java,39.0,1.0,36.0,9.0,9.0,13.0,0,0.0,0.0,0.0,0,false
src/org/apache/html/dom/HTMLPreElementImpl.java,21.0,1.0,3.0,3.0,4.0,4.0,0,0.0,0.0,0.0,0,false
src/org/apache/html/dom/HTMLQuoteElementImpl.java,21.0,1.0,3.0,3.0,2.0,4.0,0,0.0,0.0,0.0,0,false
src/org/apache/html/dom/HTMLScriptElementImpl.java,73.0,3.0,105.0,15.0,21.0,28.0,0,0.0,0.0,0.0,0,false
src/org/apache/html/dom/HTMLSelectElementImpl.java,92.0,6.0,253.0,23.0,33.0,40.0,0,0.0,0.0,0.0,0,false
src/org/apache/html/dom/HTMLStyleElementImpl.java,33.0,1.0,21.0,7.0,6.0,10.0,0,0.0,0.0,0.0,0,false
src/org/apache/html/dom/HTMLTableCaptionElementImpl.java,21.0,1.0,3.0,3.0,2.0,4.0,0,0.0,0.0,0.0,0,false
src/org/apache/html/dom/HTMLTableCellElementImpl.java,141.0,3.0,465.0,31.0,46.0,56.0,0,0.0,0.0,0.0,0,false
src/org/apache/html/dom/HTMLTableColElementImpl.java,55.0,1.0,78.0,13.0,20.0,23.0,0,0.0,0.0,0.0,0,false
src/org/apache/html/dom/HTMLTableElementImpl.java,205.0,7.0,630.0,36.0,71.0,89.0,1,0.0038910505836575876,50.315789473684205,429.1869090342028,1,false
src/org/apache/html/dom/HTMLTableRowElementImpl.java,134.0,8.0,190.0,20.0,40.0,49.0,0,0.0,0.0,0.0,0,false
src/org/apache/html/dom/HTMLTableSectionElementImpl.java,88.0,5.0,91.0,14.0,25.0,33.0,0,0.0,0.0,0.0,0,false
src/org/apache/html/dom/HTMLTextAreaElementImpl.java,82.0,1.0,253.0,23.0,29.0,37.0,0,0.0,0.0,0.0,0,false
src/org/apache/html/dom/HTMLTitleElementImpl.java,37.0,3.0,3.0,3.0,9.0,8.0,0,0.0,0.0,0.0,0,false
src/org/apache/html/dom/HTMLUListElementImpl.java,27.0,1.0,10.0,5.0,4.0,7.0,0,0.0,0.0,0.0,0,false
src/org/apache/html/dom/NameNodeListImpl.java,44.0,5.0,1.0,2.0,7.0,9.0,0,0.0,0.0,0.0,0,false
src/org/apache/xerces/dom/AttributeMap.java,406.0,3.0,105.0,15.0,113.0,65.0,1,0.0038910505836575876,488.79999999999995,8443.595630901698,1,false
src/org/apache/xerces/dom/CharacterDataImpl.java,243.0,3.0,30.0,16.0,51.0,50.0,0,0.0,0.0,0.0,0,false
src/org/apache/xerces/dom/CoreDOMImplementationImpl.java,201.0,14.0,72.0,13.0,23.0,45.0,2,0.007782101167315175,759.3084745762712,13559.219357012114,2,false
src/org/apache/xerces/dom/CoreDocumentImpl.java,1754.0,30.0,5669.0,111.0,195.0,354.0,2,0.007782101167315175,759.3084745762712,13559.219357012114,2,false
src/org/apache/xerces/dom/DOMConfigurationImpl.java,588.0,31.0,264.0,25.0,45.0,74.0,2,0.007782101167315175,759.3084745762712,13559.219357012114,2,false
src/org/apache/xerces/dom/DOMErrorImpl.java,71.0,3.0,33.0,10.0,4.0,21.0,0,0.0,0.0,0.0,0,false
src/org/apache/xerces/dom/DOMImplementationImpl.java,75.0,6.0,3.0,3.0,9.0,15.0,1,0.0038910505836575876,488.79999999999995,8443.595630901698,1,false
src/org/apache/xerces/dom/DOMImplementationSourceImpl.java,100.0,5.0,3.0,3.0,9.0,12.0,1,0.0038910505836575876,488.79999999999995,8443.595630901698,1,false
src/org/apache/xerces/dom/DOMNormalizer.java,965.0,29.0,321.0,27.0,127.0,105.0,0,0.0,0.0,0.0,0,false
src/org/apache/xerces/dom/DeferredDocumentImpl.java,1694.0,3.0,1197.0,78.0,190.0,227.0,0,0.0,0.0,0.0,0,true
src/org/apache/xerces/dom/DeferredElementImpl.java,70.0,1.0,0.0,4.0,11.0,8.0,0,0.0,0.0,0.0,0,false
src/org/apache/xerces/dom/DeferredEntityReferenceImpl.java,95.0,0.0,0.0,4.0,9.0,6.0,0,0.0,0.0,0.0,0,false
src/org/apache/xerces/dom/DocumentImpl.java,824.0,24.0,633.0,43.0,113.0,132.0,1,0.0038910505836575876,488.79999999999995,8443.595630901698,1,true
src/org/apache/xerces/dom/DocumentTypeImpl.java,238.0,4.0,105.0,18.0,26.0,49.0,0,0.0,0.0,0.0,0,false
src/org/apache/xerces/dom/EntityImpl.java,252.0,2.0,133.0,18.0,34.0,46.0,1,0.0038910505836575876,488.79999999999995,8443.595630901698,1,false
src/org/apache/xerces/dom/EntityReferenceImpl.java,218.0,4.0,32.0,9.0,40.0,29.0,0,0.0,0.0,0.0,0,false
src/org/apache/xerces/dom/LCount.java,12.0,0.0,0.0,1.0,2.0,3.0,0,0.0,0.0,0.0,0,false
src/org/apache/xerces/dom/NodeImpl.java,1445.0,13.0,2951.0,83.0,133.0,240.0,1,0.0038910505836575876,488.79999999999995,8443.595630901698,1,false
src/org/apache/xerces/dom/ParentNode.java,705.0,7.0,418.0,36.0,106.0,131.0,1,0.0038910505836575876,488.79999999999995,8443.595630901698,1,false
src/org/apache/xerces/dom/RangeImpl.java,1334.0,7.0,387.0,55.0,198.0,229.0,0,0.0,0.0,0.0,0,true
src/org/apache/xerces/dom/events/EventImpl.java,91.0,2.0,43.0,10.0,0.0,24.0,0,0.0,0.0,0.0,0,false
src/org/apache/xerces/dom3/bootstrap/DOMImplementationListImpl.java,37.0,3.0,0.0,4.0,3.0,8.0,1,0.0038910505836575876,488.79999999999995,8443.595630901698,1,false
src/org/apache/xerces/dom3/bootstrap/DOMImplementationRegistry.java,107.0,10.0,1.0,7.0,27.0,25.0,1,0.0038910505836575876,488.79999999999995,8443.595630901698,1,false
src/org/apache/xerces/impl/Constants.java,424.0,2.0,1.0,7.0,3.0,14.0,2,0.007782101167315175,759.3084745762712,13559.219357012114,2,false
src/org/apache/xerces/impl/RevalidationHandler.java,19.0,2.0,1.0,2.0,0.0,4.0,0,0.0,0.0,0.0,0,false
src/org/apache/xerces/impl/XML11DTDScannerImpl.java,120.0,7.0,28.0,8.0,12.0,22.0,1,0.0038910505836575876,50.315789473684205,429.1869090342028,1,false
src/org/apache/xerces/impl/XML11DocumentScannerImpl.java,475.0,8.0,37.0,10.0,46.0,43.0,3,0.011673151750972763,452.48528099910794,9240.590391746506,3,false
src/org/apache/xerces/impl/XML11EntityScanner.java,792.0,5.0,78.0,13.0,48.0,90.0,1,0.0038910505836575876,131.66101694915253,3695.7797566018867,1,false
src/org/apache/xerces/impl/XML11NamespaceBinder.java,17.0,0.0,1.0,2.0,0.0,3.0,0,0.0,0.0,0.0,0,false
src/org/apache/xerces/impl/XMLDTDScannerImpl.java,1587.0,16.0,449.0,43.0,228.0,168.0,2,0.007782101167315175,620.4610169491525,12139.375387503585,2,false
src/org/apache/xerces/impl/XMLDocumentFragmentScannerImpl.java,1255.0,18.0,207.0,31.0,127.0,119.0,3,0.011673151750972763,890.9694915254238,17254.999113614,3,false
src/org/apache/xerces/impl/XMLDocumentScannerImpl.java,866.0,15.0,75.0,14.0,31.0,48.0,1,0.0038910505836575876,488.79999999999995,8443.595630901698,1,false
src/org/apache/xerces/impl/XMLEntityHandler.java,31.0,2.0,1.0,2.0,0.0,6.0,0,0.0,0.0,0.0,0,false
src/org/apache/xerces/impl/XMLEntityManager.java,1842.0,28.0,528.0,41.0,151.0,154.0,1,0.0038910505836575876,50.315789473684205,429.1869090342028,1,true
src/org/apache/xerces/impl/XMLEntityScanner.java,1301.0,11.0,0.0,32.0,97.0,152.0,1,0.0038910505836575876,131.66101694915253,3695.7797566018867,1,false
src/org/apache/xerces/impl/XMLErrorReporter.java,368.0,11.0,107.0,18.0,29.0,58.0,0,0.0,0.0,0.0,0,false
src/org/apache/xerces/impl/XMLNSDocumentScannerImpl.java,339.0,12.0,7.0,7.0,52.0,32.0,1,0.0038910505836575876,270.5084745762712,5115.623726110416,1,false
src/org/apache/xerces/impl/XMLNamespaceBinder.java,574.0,17.0,68.0,33.0,49.0,132.0,1,0.0038910505836575876,270.5084745762712,5115.623726110416,1,false
src/org/apache/xerces/impl/XMLScanner.java,1023.0,13.0,108.0,25.0,135.0,109.0,4,0.01556420233463035,941.285280999108,17684.186022648206,4,false
src/org/apache/xerces/impl/XMLVersionDetector.java,138.0,8.0,0.0,4.0,15.0,18.0,0,0.0,0.0,0.0,0,false
src/org/apache/xerces/impl/dtd/DTDGrammar.java,2016.0,26.0,3841.0,99.0,151.0,319.0,0,0.0,0.0,0.0,0,false
src/org/apache/xerces/impl/dtd/XML11DTDProcessor.java,29.0,5.0,15.0,6.0,2.0,8.0,0,0.0,0.0,0.0,0,false
src/org/apache/xerces/impl/dtd/XML11DTDValidator.java,37.0,3.0,3.0,3.0,4.0,7.0,1,0.0038910505836575876,50.315789473684205,429.1869090342028,1,false
src/org/apache/xerces/impl/dtd/XMLDTDProcessor.java,1028.0,28.0,230.0,52.0,86.0,182.0,1,0.0038910505836575876,50.315789473684205,429.1869090342028,1,false
src/org/apache/xerces/impl/dtd/XMLDTDValidator.java,1371.0,30.0,562.0,48.0,135.0,188.0,3,0.011673151750972763,670.7768064228367,12568.562296537788,3,false
src/org/apache/xerces/impl/dtd/XMLNSDTDValidator.java,123.0,8.0,1.0,2.0,16.0,9.0,1,0.0038910505836575876,270.5084745762712,5115.623726110416,1,false
src/org/apache/xerces/impl/dtd/models/CMAny.java,69.0,0.0,0.0,9.0,6.0,19.0,0,0.0,0.0,0.0,0,false
src/org/apache/xerces/impl/dv/SchemaDVFactory.java,91.0,3.0,28.0,8.0,3.0,21.0,1,0.0038910505836575876,131.66101694915253,3695.7797566018867,1,false
src/org/apache/xerces/impl/dv/ValidationContext.java,19.0,0.0,55.0,11.0,0.0,11.0,1,0.0038910505836575876,131.66101694915253,3695.7797566018867,1,false
src/org/apache/xerces/impl/dv/dtd/IDDatatypeValidator.java,47.0,2.0,1.0,2.0,5.0,6.0,1,0.0038910505836575876,131.66101694915253,3695.7797566018867,1,false
src/org/apache/xerces/impl/dv/dtd/IDREFDatatypeValidator.java,41.0,2.0,1.0,2.0,4.0,6.0,1,0.0038910505836575876,131.66101694915253,3695.7797566018867,1,false
src/org/apache/xerces/impl/dv/dtd/XML11DTDDVFactoryImpl.java,44.0,3.0,0.0,2.0,7.0,6.0,0,0.0,0.0,0.0,0,false
src/org/apache/xerces/impl/dv/dtd/XML11IDDatatypeValidator.java,49.0,2.0,1.0,2.0,5.0,6.0,1,0.0038910505836575876,131.66101694915253,3695.7797566018867,1,false
src/org/apache/xerces/impl/dv/dtd/XML11IDREFDatatypeValidator.java,43.0,2.0,1.0,2.0,4.0,6.0,1,0.0038910505836575876,131.66101694915253,3695.7797566018867,1,false
src/org/apache/xerces/impl/dv/util/Base64.java,243.0,0.0,17.0,7.0,10.0,23.0,0,0.0,0.0,0.0,0,false
src/org/apache/xerces/impl/dv/util/HexBin.java,69.0,0.0,1.0,2.0,2.0,8.0,0,0.0,0.0,0.0,0,false
src/org/apache/xerces/impl/dv/xs/AbstractDateTimeDV.java,529.0,0.0,270.0,25.0,45.0,94.0,1,0.0038910505836575876,49.45454545454545,471.57394837802883,1,false
src/org/apache/xerces/impl/dv/xs/BaseDVFactory.java,177.0,5.0,13.0,6.0,5.0,12.0,1,0.0038910505836575876,131.66101694915253,3695.7797566018867,1,false
src/org/apache/xerces/impl/dv/xs/DateDV.java,46.0,1.0,3.0,3.0,8.0,11.0,0,0.0,0.0,0.0,0,false
src/org/apache/xerces/impl/dv/xs/DecimalDV.java,170.0,2.0,10.0,5.0,1.0,12.0,0,0.0,0.0,0.0,0,false
src/org/apache/xerces/impl/dv/xs/FullDVFactory.java,110.0,3.0,1.0,3.0,6.0,6.0,1,0.0038910505836575876,131.66101694915253,3695.7797566018867,1,false
src/org/apache/xerces/impl/dv/xs/SchemaDVFactoryImpl.java,262.0,6.0,3.0,7.0,11.0,16.0,1,0.0038910505836575876,131.66101694915253,3695.7797566018867,1,false
src/org/apache/xerces/impl/dv/xs/XSSimpleTypeDecl.java,1624.0,23.0,2506.0,85.0,97.0,261.0,3,0.011673151750972763,669.915562403698,12610.949335881614,3,false
src/org/apache/xerces/impl/io/ASCIIReader.java,152.0,5.0,0.0,10.0,11.0,36.0,1,0.0038910505836575876,50.315789473684205,429.1869090342028,1,false
src/org/apache/xerces/impl/io/UTF8Reader.java,510.0,7.0,47.0,14.0,22.0,55.0,2,0.007782101167315175,538.2545454545455,8915.169579279727,2,false
src/org/apache/xerces/impl/validation/ValidationManager.java,46.0,1.0,3.0,7.0,5.0,10.0,0,0.0,0.0,0.0,0,false
src/org/apache/xerces/impl/validation/ValidationState.java,117.0,5.0,138.0,21.0,16.0,37.0,1,0.0038910505836575876,131.66101694915253,3695.7797566018867,1,false
src/org/apache/xerces/impl/xpath/regex/ParserForXMLSchema.java,347.0,2.0,703.0,38.0,76.0,100.0,0,0.0,0.0,0.0,0,false
src/org/apache/xerces/impl/xpath/regex/RegexParser.java,1004.0,4.0,686.0,49.0,218.0,201.0,0,0.0,0.0,0.0,0,true
src/org/apache/xerces/impl/xpath/regex/RegularExpression.java,2503.0,1.0,960.0,52.0,247.0,197.0,1,0.0038910505836575876,270.5084745762712,5115.623726110416,1,true
src/org/apache/xerces/impl/xs/AttributePSVImpl.java,138.0,6.0,33.0,11.0,1.0,25.0,0,0.0,0.0,0.0,0,false
src/org/apache/xerces/impl/xs/ElementPSVImpl.java,181.0,8.0,65.0,14.0,1.0,34.0,0,0.0,0.0,0.0,0,false
src/org/apache/xerces/impl/xs/SchemaGrammar.java,612.0,33.0,1006.0,48.0,45.0,114.0,1,0.0038910505836575876,131.66101694915253,3695.7797566018867,1,false
src/org/apache/xerces/impl/xs/SchemaSymbols.java,167.0,0.0,0.0,0.0,0.0,0.0,0,0.0,0.0,0.0,0,false
src/org/apache/xerces/impl/xs/XMLSchemaLoader.java,573.0,31.0,167.0,26.0,89.0,83.0,1,0.0038910505836575876,488.79999999999995,8443.595630901698,1,true
src/org/apache/xerces/impl/xs/XMLSchemaValidator.java,2603.0,56.0,897.0,58.0,254.0,222.0,2,0.007782101167315175,538.2545454545455,8915.169579279727,2,true
src/org/apache/xerces/impl/xs/XSAnnotationImpl.java,101.0,13.0,24.0,9.0,13.0,24.0,1,0.0038910505836575876,131.66101694915253,3695.7797566018867,1,false
src/org/apache/xerces/impl/xs/XSAttributeDecl.java,112.0,3.0,40.0,13.0,2.0,28.0,1,0.0038910505836575876,131.66101694915253,3695.7797566018867,1,false
src/org/apache/xerces/impl/xs/XSAttributeGroupDecl.java,208.0,8.0,24.0,13.0,15.0,39.0,2,0.007782101167315175,181.115562403698,4167.353704979915,2,false
src/org/apache/xerces/impl/xs/XSComplexTypeDecl.java,264.0,5.0,454.0,36.0,19.0,82.0,1,0.0038910505836575876,131.66101694915253,3695.7797566018867,1,false
src/org/apache/xerces/impl/xs/XSConstraints.java,752.0,13.0,435.0,30.0,120.0,144.0,1,0.0038910505836575876,49.45454545454545,471.57394837802883,1,false
src/org/apache/xerces/impl/xs/XSElementDecl.java,252.0,10.0,335.0,30.0,9.0,69.0,1,0.0038910505836575876,131.66101694915253,3695.7797566018867,1,false
src/org/apache/xerces/impl/xs/XSGroupDecl.java,51.0,1.0,15.0,6.0,0.0,13.0,1,0.0038910505836575876,131.66101694915253,3695.7797566018867,1,false
src/org/apache/xerces/impl/xs/XSModelGroupImpl.java,146.0,2.0,44.0,16.0,12.0,51.0,1,0.0038910505836575876,131.66101694915253,3695.7797566018867,1,false
src/org/apache/xerces/impl/xs/XSModelImpl.java,274.0,20.0,6.0,13.0,21.0,47.0,1,0.0038910505836575876,131.66101694915253,3695.7797566018867,1,false
src/org/apache/xerces/impl/xs/XSNotationDecl.java,59.0,4.0,21.0,7.0,0.0,17.0,1,0.0038910505836575876,131.66101694915253,3695.7797566018867,1,false
src/org/apache/xerces/impl/xs/XSParticleDecl.java,163.0,4.0,44.0,16.0,9.0,42.0,0,0.0,0.0,0.0,0,false
src/org/apache/xerces/impl/xs/XSWildcardDecl.java,334.0,6.0,118.0,20.0,17.0,71.0,2,0.007782101167315175,181.115562403698,4167.353704979915,2,false
src/org/apache/xerces/impl/xs/identity/Field.java,131.0,7.0,5.0,7.0,1.0,12.0,0,0.0,0.0,0.0,0,false
src/org/apache/xerces/impl/xs/identity/FieldActivator.java,32.0,0.0,3.0,3.0,0.0,10.0,0,0.0,0.0,0.0,0,false
src/org/apache/xerces/impl/xs/identity/IdentityConstraint.java,189.0,8.0,162.0,21.0,9.0,51.0,1,0.0038910505836575876,131.66101694915253,3695.7797566018867,1,false
src/org/apache/xerces/impl/xs/identity/Selector.java,165.0,7.0,0.0,5.0,1.0,11.0,0,0.0,0.0,0.0,0,false
src/org/apache/xerces/impl/xs/identity/ValueStore.java,33.0,0.0,1.0,2.0,0.0,4.0,0,0.0,0.0,0.0,0,false
src/org/apache/xerces/impl/xs/identity/XPathMatcher.java,364.0,13.0,11.0,10.0,33.0,41.0,0,0.0,0.0,0.0,0,false
src/org/apache/xerces/impl/xs/models/CMBuilder.java,153.0,7.0,0.0,9.0,28.0,34.0,1,0.0038910505836575876,49.45454545454545,471.57394837802883,1,false
src/org/apache/xerces/impl/xs/models/XSCMBinOp.java,54.0,3.0,0.0,6.0,13.0,22.0,0,0.0,0.0,0.0,0,false
src/org/apache/xerces/impl/xs/models/XSCMLeaf.java,60.0,2.0,0.0,9.0,6.0,19.0,0,0.0,0.0,0.0,0,false
src/org/apache/xerces/impl/xs/models/XSDFACM.java,476.0,11.0,36.0,13.0,55.0,55.0,0,0.0,0.0,0.0,0,true
src/org/apache/xerces/impl/xs/opti/DefaultDocument.java,186.0,15.0,561.0,34.0,0.0,82.0,1,0.0038910505836575876,488.79999999999995,8443.595630901698,1,false
src/org/apache/xerces/impl/xs/opti/DefaultNode.java,121.0,6.0,703.0,38.0,0.0,76.0,1,0.0038910505836575876,488.79999999999995,8443.595630901698,1,false
src/org/apache/xerces/impl/xs/opti/DefaultText.java,159.0,2.0,36.0,9.0,0.0,32.0,2,0.007782101167315175,402.1694915254237,8811.403482712303,2,false
src/org/apache/xerces/impl/xs/opti/ElementImpl.java,154.0,4.0,70.0,21.0,20.0,64.0,1,0.0038910505836575876,131.66101694915253,3695.7797566018867,1,false
src/org/apache/xerces/impl/xs/opti/SchemaDOM.java,220.0,11.0,106.0,21.0,55.0,48.0,1,0.0038910505836575876,131.66101694915253,3695.7797566018867,1,true
src/org/apache/xerces/impl/xs/opti/SchemaDOMParser.java,209.0,14.0,0.0,13.0,25.0,51.0,1,0.0038910505836575876,131.66101694915253,3695.7797566018867,1,false
src/org/apache/xerces/impl/xs/opti/TextImpl.java,74.0,2.0,0.0,7.0,4.0,21.0,2,0.007782101167315175,181.97680642283672,4124.96666563609,2,false
src/org/apache/xerces/impl/xs/psvi/XSAnnotation.java,37.0,0.0,1.0,2.0,0.0,5.0,1,0.0038910505836575876,131.66101694915253,3695.7797566018867,1,false
src/org/apache/xerces/impl/xs/psvi/XSConstants.java,112.0,0.0,0.0,0.0,0.0,0.0,1,0.0038910505836575876,488.79999999999995,8443.595630901698,1,false
src/org/apache/xerces/impl/xs/psvi/XSFacet.java,26.0,0.0,6.0,4.0,0.0,7.0,1,0.0038910505836575876,488.79999999999995,8443.595630901698,1,false
src/org/apache/xerces/impl/xs/psvi/XSSimpleTypeDefinition.java,176.0,0.0,136.0,17.0,0.0,25.0,2,0.007782101167315175,620.4610169491525,12139.375387503585,2,false
src/org/apache/xerces/impl/xs/traversers/XSAttributeChecker.java,978.0,22.0,37.0,11.0,71.0,48.0,2,0.007782101167315175,181.115562403698,4167.353704979915,2,false
src/org/apache/xerces/impl/xs/traversers/XSDAbstractIDConstraintTraverser.java,97.0,5.0,1.0,2.0,13.0,7.0,2,0.007782101167315175,181.115562403698,4167.353704979915,2,false
src/org/apache/xerces/impl/xs/traversers/XSDAbstractParticleTraverser.java,213.0,9.0,13.0,6.0,40.0,19.0,2,0.007782101167315175,181.115562403698,4167.353704979915,2,false
src/org/apache/xerces/impl/xs/traversers/XSDAbstractTraverser.java,423.0,24.0,25.0,10.0,82.0,43.0,3,0.011673151750972763,669.915562403698,12610.949335881614,3,false
src/org/apache/xerces/impl/xs/traversers/XSDAttributeGroupTraverser.java,81.0,8.0,3.0,3.0,22.0,7.0,2,0.007782101167315175,181.115562403698,4167.353704979915,2,false
src/org/apache/xerces/impl/xs/traversers/XSDAttributeTraverser.java,235.0,16.0,15.0,6.0,54.0,20.0,2,0.007782101167315175,181.115562403698,4167.353704979915,2,false
src/org/apache/xerces/impl/xs/traversers/XSDComplexTypeTraverser.java,694.0,22.0,105.0,18.0,118.0,62.0,2,0.007782101167315175,181.115562403698,4167.353704979915,2,false
src/org/apache/xerces/impl/xs/traversers/XSDElementTraverser.java,282.0,17.0,13.0,6.0,58.0,22.0,2,0.007782101167315175,181.115562403698,4167.353704979915,2,false
src/org/apache/xerces/impl/xs/traversers/XSDGroupTraverser.java,110.0,11.0,3.0,3.0,26.0,11.0,2,0.007782101167315175,181.115562403698,4167.353704979915,2,false
src/org/apache/xerces/impl/xs/traversers/XSDHandler.java,1278.0,32.0,404.0,36.0,253.0,126.0,3,0.011673151750972763,669.915562403698,12610.949335881614,3,true
src/org/apache/xerces/impl/xs/traversers/XSDKeyrefTraverser.java,48.0,8.0,1.0,2.0,9.0,5.0,0,0.0,0.0,0.0,0,false
src/org/apache/xerces/impl/xs/traversers/XSDNotationTraverser.java,54.0,6.0,1.0,2.0,9.0,4.0,2,0.007782101167315175,181.115562403698,4167.353704979915,2,false
src/org/apache/xerces/impl/xs/traversers/XSDSimpleTypeTraverser.java,291.0,16.0,20.0,8.0,51.0,30.0,2,0.007782101167315175,181.115562403698,4167.353704979915,2,false
src/org/apache/xerces/impl/xs/traversers/XSDUniqueOrKeyTraverser.java,30.0,7.0,1.0,2.0,7.0,5.0,0,0.0,0.0,0.0,0,false
src/org/apache/xerces/impl/xs/traversers/XSDWildcardTraverser.java,104.0,8.0,6.0,4.0,15.0,10.0,2,0.007782101167315175,181.115562403698,4167.353704979915,2,false
src/org/apache/xerces/impl/xs/traversers/XSDocumentInfo.java,74.0,11.0,20.0,9.0,17.0,19.0,1,0.0038910505836575876,131.66101694915253,3695.7797566018867,1,false
src/org/apache/xerces/impl/xs/util/NSItemListImpl.java,37.0,3.0,0.0,4.0,2.0,7.0,0,0.0,0.0,0.0,0,false
src/org/apache/xerces/impl/xs/util/SimpleLocator.java,85.0,1.0,98.0,16.0,0.0,28.0,0,0.0,0.0,0.0,0,false
src/org/apache/xerces/impl/xs/util/XSNamedMap4Types.java,93.0,3.0,0.0,5.0,7.0,15.0,0,0.0,0.0,0.0,0,false
src/org/apache/xerces/impl/xs/util/XSObjectListImpl.java,45.0,2.0,0.0,4.0,0.0,8.0,2,0.007782101167315175,620.4610169491525,12139.375387503585,2,false
src/org/apache/xerces/jaxp/DocumentBuilderImpl.java,114.0,17.0,11.0,10.0,27.0,30.0,0,0.0,0.0,0.0,0,false
src/org/apache/xerces/jaxp/SAXParserFactoryImpl.java,70.0,7.0,0.0,4.0,8.0,17.0,0,0.0,0.0,0.0,0,false
src/org/apache/xerces/jaxp/SAXParserImpl.java,107.0,9.0,0.0,8.0,22.0,32.0,0,0.0,0.0,0.0,0,false
src/org/apache/xerces/parsers/AbstractDOMParser.java,1831.0,49.0,80.0,45.0,325.0,233.0,2,0.007782101167315175,759.3084745762712,13559.219357012114,2,false
src/org/apache/xerces/parsers/AbstractSAXParser.java,1321.0,41.0,1228.0,56.0,130.0,233.0,1,0.0038910505836575876,488.79999999999995,8443.595630901698,1,false
src/org/apache/xerces/parsers/AbstractXMLDocumentParser.java,565.0,15.0,1263.0,51.0,5.0,161.0,0,0.0,0.0,0.0,0,false
src/org/apache/xerces/parsers/BasicParserConfiguration.java,374.0,19.0,170.0,21.0,34.0,55.0,0,0.0,0.0,0.0,0,false
src/org/apache/xerces/parsers/DOMASBuilderImpl.java,178.0,15.0,66.0,13.0,32.0,37.0,1,0.0038910505836575876,270.5084745762712,5115.623726110416,1,false
src/org/apache/xerces/parsers/DOMBuilderImpl.java,501.0,26.0,118.0,17.0,51.0,61.0,2,0.007782101167315175,759.3084745762712,13559.219357012114,2,false
src/org/apache/xerces/parsers/DOMParser.java,337.0,23.0,91.0,14.0,54.0,54.0,0,0.0,0.0,0.0,0,true
src/org/apache/xerces/parsers/DTDConfiguration.java,575.0,24.0,235.0,23.0,49.0,66.0,1,0.0038910505836575876,488.79999999999995,8443.595630901698,1,false
src/org/apache/xerces/parsers/IntegratedParserConfiguration.java,174.0,11.0,17.0,7.0,11.0,16.0,1,0.0038910505836575876,488.79999999999995,8443.595630901698,1,false
src/org/apache/xerces/parsers/NonValidatingConfiguration.java,493.0,23.0,176.0,20.0,45.0,59.0,0,0.0,0.0,0.0,0,false
src/org/apache/xerces/parsers/SAXParser.java,64.0,5.0,6.0,4.0,5.0,7.0,0,0.0,0.0,0.0,0,false
src/org/apache/xerces/parsers/StandardParserConfiguration.java,196.0,7.0,15.0,7.0,18.0,19.0,0,0.0,0.0,0.0,0,false
src/org/apache/xerces/parsers/XIncludeParserConfiguration.java,93.0,8.0,8.0,5.0,10.0,10.0,1,0.0038910505836575876,488.79999999999995,8443.595630901698,1,false
src/org/apache/xerces/parsers/XMLDocumentParser.java,39.0,5.0,6.0,4.0,5.0,7.0,0,0.0,0.0,0.0,0,false
src/org/apache/xerces/parsers/XMLGrammarCachingConfiguration.java,185.0,18.0,72.0,13.0,23.0,38.0,0,0.0,0.0,0.0,0,false
src/org/apache/xerces/parsers/XMLGrammarParser.java,17.0,5.0,0.0,1.0,2.0,2.0,0,0.0,0.0,0.0,0,false
src/org/apache/xerces/parsers/XMLGrammarPreparser.java,207.0,17.0,44.0,17.0,27.0,40.0,0,0.0,0.0,0.0,0,false
src/org/apache/xerces/parsers/XMLParser.java,57.0,5.0,1.0,3.0,3.0,6.0,0,0.0,0.0,0.0,0,false
src/org/apache/xerces/util/EncodingMap.java,925.0,1.0,9.0,7.0,6.0,15.0,2,0.007782101167315175,181.97680642283672,4124.96666563609,2,false
src/org/apache/xerces/util/ErrorHandlerWrapper.java,181.0,7.0,233.0,23.0,27.0,46.0,0,0.0,0.0,0.0,0,true
src/org/apache/xerces/util/NamespaceSupport.java,201.0,3.0,0.0,11.0,9.0,29.0,1,0.0038910505836575876,488.79999999999995,8443.595630901698,1,false
src/org/apache/xerces/util/SymbolHash.java,146.0,0.0,0.0,9.0,6.0,24.0,0,0.0,0.0,0.0,0,false
src/org/apache/xerces/util/URI.java,1322.0,2.0,836.0,48.0,123.0,219.0,1,0.0038910505836575876,50.315789473684205,429.1869090342028,1,false
src/org/apache/xerces/util/XML11Char.java,223.0,0.0,64.0,12.0,12.0,49.0,0,0.0,0.0,0.0,0,false
src/org/apache/xerces/util/XMLAttributesImpl.java,524.0,3.0,0.0,36.0,24.0,108.0,0,0.0,0.0,0.0,0,false
src/org/apache/xerces/util/XMLGrammarPoolImpl.java,221.0,3.0,9.0,14.0,19.0,46.0,2,0.007782101167315175,538.2545454545455,8915.169579279727,2,false
src/org/apache/xerces/xinclude/MultipleScopeNamespaceSupport.java,109.0,4.0,0.0,13.0,10.0,30.0,2,0.007782101167315175,539.1157894736841,8872.7825399359,2,false
src/org/apache/xerces/xinclude/XIncludeFatalError.java,31.0,1.0,0.0,4.0,1.0,8.0,2,0.007782101167315175,539.1157894736841,8872.7825399359,2,false
src/org/apache/xerces/xinclude/XIncludeHandler.java,607.0,36.0,987.0,58.0,170.0,184.0,2,0.007782101167315175,539.1157894736841,8872.7825399359,2,false
src/org/apache/xerces/xinclude/XIncludeMessageFormatter.java,45.0,5.0,0.0,1.0,3.0,6.0,2,0.007782101167315175,539.1157894736841,8872.7825399359,2,false
src/org/apache/xerces/xinclude/XIncludeNamespaceSupport.java,43.0,1.0,4.0,5.0,2.0,9.0,2,0.007782101167315175,539.1157894736841,8872.7825399359,2,false
src/org/apache/xerces/xinclude/XIncludeResourceError.java,31.0,1.0,0.0,4.0,1.0,8.0,2,0.007782101167315175,539.1157894736841,8872.7825399359,2,false
src/org/apache/xerces/xni/XMLLocator.java,40.0,0.0,21.0,7.0,0.0,13.0,0,0.0,0.0,0.0,0,false
src/org/apache/xml/serialize/BaseMarkupSerializer.java,1241.0,30.0,1030.0,61.0,201.0,242.0,2,0.007782101167315175,759.3084745762712,13559.219357012114,2,true
src/org/apache/xml/serialize/DOMWriterImpl.java,394.0,20.0,46.0,16.0,59.0,58.0,2,0.007782101167315175,759.3084745762712,13559.219357012114,2,false
src/org/apache/xml/serialize/Encodings.java,67.0,3.0,0.0,1.0,7.0,7.0,1,0.0038910505836575876,50.315789473684205,429.1869090342028,1,false
src/org/apache/xml/serialize/HTMLSerializer.java,514.0,12.0,119.0,18.0,104.0,69.0,0,0.0,0.0,0.0,0,false
src/org/apache/xml/serialize/HTMLdtd.java,378.0,5.0,106.0,16.0,34.0,57.0,0,0.0,0.0,0.0,0,false
src/org/apache/xml/serialize/OutputFormat.java,660.0,5.0,1153.0,50.0,32.0,153.0,0,0.0,0.0,0.0,0,false
src/org/apache/xml/serialize/Serializer.java,64.0,5.0,15.0,6.0,0.0,19.0,0,0.0,0.0,0.0,0,false
src/org/apache/xml/serialize/TextSerializer.java,193.0,6.0,136.0,17.0,36.0,46.0,0,0.0,0.0,0.0,0,false
src/org/apache/xml/serialize/XHTMLSerializer.java,48.0,2.0,10.0,5.0,2.0,11.0,0,0.0,0.0,0.0,0,false
src/org/apache/xml/serialize/XML11Serializer.java,348.0,11.0,66.0,12.0,63.0,51.0,2,0.007782101167315175,759.3084745762712,13559.219357012114,2,false
src/org/apache/xml/serialize/XMLSerializer.java,861.0,20.0,203.0,22.0,164.0,100.0,2,0.007782101167315175,759.3084745762712,13559.219357012114,2,true
tests/dom/mem/Test.java,724.0,8.0,1.0,2.0,78.0,9.0,1,0.0038910505836575876,488.79999999999995,8443.595630901698,1,false
tests/dom/serialize/TestXmlns.java,37.0,12.0,0.0,1.0,16.0,3.0,2,0.007782101167315175,759.3084745762712,13559.219357012114,2,false
tests/jaxp/JAXPSpecTest.java,148.0,7.0,45.0,10.0,45.0,26.0,1,0.0038910505836575876,270.5084745762712,5115.623726110416,1,false
tests/jaxp/PropertyTest.java,76.0,5.0,10.0,5.0,20.0,10.0,1,0.0038910505836575876,488.79999999999995,8443.595630901698,1,false
tests/schema/Test.java,98.0,4.0,21.0,7.0,20.0,14.0,0,0.0,0.0,0.0,0,false
