name,LOC,CBO,LCOM,NOM,RFC,WMC,numOfChanges,bccm,structuralWorkloadSum,semanticWorkloadSum,numberOfDeveloper,isBuggy
design/src/DesignDoc.java,906.0,17.0,211.0,42.0,262.0,146.0,0,0.0,0.0,0.0,0,false
design/src/Stylesheet.java,37.0,10.0,0.0,1.0,8.0,4.0,0,0.0,0.0,0.0,0,false
samples/dom/ASBuilder.java,175.0,11.0,1.0,3.0,28.0,13.0,0,0.0,0.0,0.0,0,false
samples/dom/Counter.java,369.0,7.0,4.0,5.0,33.0,17.0,0,0.0,0.0,0.0,0,false
samples/dom/DOM3.java,93.0,14.0,15.0,6.0,20.0,13.0,0,0.0,0.0,0.0,0,false
samples/dom/DOMAddLines.java,200.0,19.0,22.0,8.0,38.0,29.0,0,0.0,0.0,0.0,0,false
samples/dom/DOMGenerate.java,34.0,9.0,0.0,1.0,9.0,3.0,0,0.0,0.0,0.0,0,false
samples/dom/GetElementsByTagName.java,315.0,13.0,8.0,5.0,35.0,20.0,0,0.0,0.0,0.0,0,false
samples/dom/ParserWrapper.java,42.0,4.0,3.0,3.0,0.0,9.0,0,0.0,0.0,0.0,0,false
samples/dom/Writer.java,543.0,13.0,42.0,12.0,53.0,38.0,0,0.0,0.0,0.0,0,false
samples/dom/traversal/IteratorView.java,339.0,14.0,21.0,10.0,81.0,28.0,0,0.0,0.0,0.0,0,false
samples/dom/traversal/NameNodeFilter.java,47.0,3.0,0.0,5.0,2.0,11.0,0,0.0,0.0,0.0,0,false
samples/dom/traversal/TreeWalkerView.java,409.0,14.0,21.0,11.0,90.0,32.0,0,0.0,0.0,0.0,0,false
samples/dom/wrappers/Xerces.java,82.0,10.0,30.0,9.0,17.0,21.0,0,0.0,0.0,0.0,0,false
samples/sax/Counter.java,506.0,12.0,56.0,13.0,44.0,34.0,0,0.0,0.0,0.0,0,false
samples/sax/DocumentTracer.java,840.0,24.0,0.0,39.0,170.0,89.0,0,0.0,0.0,0.0,0,false
samples/sax/Writer.java,651.0,19.0,262.0,29.0,73.0,80.0,0,0.0,0.0,0.0,0,false
samples/sax/helpers/AttributesImpl.java,304.0,1.0,173.0,23.0,24.0,64.0,0,0.0,0.0,0.0,0,false
samples/simpletype/SimpleTypeUsage.java,218.0,10.0,51.0,11.0,35.0,29.0,0,0.0,0.0,0.0,0,false
samples/socket/DelayedInput.java,330.0,19.0,34.0,9.0,36.0,19.0,0,0.0,0.0,0.0,0,false
samples/socket/KeepSocketOpen.java,351.0,19.0,0.0,1.0,3.0,3.0,0,0.0,0.0,0.0,0,false
samples/socket/io/WrappedInputStream.java,111.0,4.0,0.0,5.0,7.0,20.0,0,0.0,0.0,0.0,0,false
samples/socket/io/WrappedOutputStream.java,123.0,4.0,1.0,7.0,12.0,17.0,0,0.0,0.0,0.0,0,false
samples/ui/DOMParserSaveEncoding.java,32.0,10.0,4.0,4.0,5.0,10.0,0,0.0,0.0,0.0,0,false
samples/ui/DOMTree.java,202.0,13.0,10.0,5.0,9.0,9.0,0,0.0,0.0,0.0,0,false
samples/ui/DOMTreeFull.java,287.0,15.0,36.0,9.0,29.0,27.0,0,0.0,0.0,0.0,0,false
samples/ui/DefaultImages.java,14.0,1.0,3.0,3.0,6.0,6.0,0,0.0,0.0,0.0,0,false
samples/ui/TreeView.java,624.0,23.0,148.0,21.0,117.0,59.0,0,0.0,0.0,0.0,0,false
samples/ui/TreeViewer.java,21.0,0.0,3.0,3.0,6.0,7.0,0,0.0,0.0,0.0,0,false
samples/xni/Counter.java,495.0,14.0,61.0,14.0,50.0,36.0,0,0.0,0.0,0.0,0,false
samples/xni/DocumentTracer.java,1344.0,22.0,0.0,61.0,336.0,185.0,0,0.0,0.0,0.0,0,false
samples/xni/ObjectFactory.java,328.0,7.0,9.0,7.0,38.0,39.0,1,0.006756756756756757,699.3913043478261,101495.66879112858,1,false
samples/xni/PSVIWriter.java,1684.0,56.0,5460.0,109.0,547.0,363.0,1,0.006756756756756757,22.666666666666668,18.491418783689614,1,false
samples/xni/PassThroughFilter.java,259.0,10.0,0.0,19.0,16.0,56.0,0,0.0,0.0,0.0,0,false
samples/xni/SecuritySupport.java,60.0,1.0,36.0,9.0,5.0,22.0,0,0.0,0.0,0.0,0,false
samples/xni/SecuritySupport12.java,102.0,2.0,120.0,16.0,29.0,47.0,0,0.0,0.0,0.0,0,false
samples/xni/UpperCaseFilter.java,59.0,4.0,6.0,4.0,5.0,10.0,0,0.0,0.0,0.0,0,false
samples/xni/Writer.java,491.0,19.0,135.0,23.0,65.0,61.0,0,0.0,0.0,0.0,0,false
samples/xni/XMLGrammarBuilder.java,216.0,10.0,1.0,3.0,18.0,12.0,0,0.0,0.0,0.0,0,false
samples/xni/parser/AbstractConfiguration.java,327.0,18.0,195.0,22.0,34.0,61.0,0,0.0,0.0,0.0,0,false
samples/xni/parser/CSVConfiguration.java,166.0,17.0,10.0,5.0,27.0,12.0,0,0.0,0.0,0.0,0,false
samples/xni/parser/CSVParser.java,14.0,1.0,0.0,1.0,0.0,1.0,0,0.0,0.0,0.0,0,false
samples/xni/parser/NonValidatingParserConfiguration.java,35.0,4.0,1.0,3.0,3.0,5.0,0,0.0,0.0,0.0,0,false
samples/xni/parser/PSVIConfiguration.java,75.0,6.0,13.0,6.0,4.0,12.0,0,0.0,0.0,0.0,0,false
samples/xni/parser/PSVIParser.java,22.0,1.0,0.0,1.0,0.0,1.0,0,0.0,0.0,0.0,0,false
samples/xs/QueryXS.java,98.0,11.0,3.0,3.0,20.0,8.0,0,0.0,0.0,0.0,0,false
src/org/apache/html/dom/HTMLAnchorElementImpl.java,95.0,1.0,351.0,27.0,31.0,43.0,0,0.0,0.0,0.0,0,false
src/org/apache/html/dom/HTMLAppletElementImpl.java,81.0,1.0,253.0,23.0,22.0,34.0,0,0.0,0.0,0.0,0,false
src/org/apache/html/dom/HTMLAreaElementImpl.java,67.0,1.0,136.0,17.0,23.0,29.0,0,0.0,0.0,0.0,0,false
src/org/apache/html/dom/HTMLBRElementImpl.java,21.0,1.0,3.0,3.0,3.0,4.0,0,0.0,0.0,0.0,0,false
src/org/apache/html/dom/HTMLBaseElementImpl.java,27.0,1.0,10.0,5.0,4.0,7.0,0,0.0,0.0,0.0,0,false
src/org/apache/html/dom/HTMLBaseFontElementImpl.java,33.0,1.0,21.0,7.0,8.0,10.0,0,0.0,0.0,0.0,0,false
src/org/apache/html/dom/HTMLBodyElementImpl.java,51.0,1.0,78.0,13.0,12.0,19.0,0,0.0,0.0,0.0,0,false
src/org/apache/html/dom/HTMLBuilder.java,109.0,10.0,0.0,10.0,19.0,34.0,0,0.0,0.0,0.0,0,false
src/org/apache/html/dom/HTMLButtonElementImpl.java,57.0,1.0,66.0,12.0,18.0,23.0,0,0.0,0.0,0.0,0,false
src/org/apache/html/dom/HTMLCollectionImpl.java,282.0,14.0,18.0,9.0,25.0,43.0,0,0.0,0.0,0.0,0,false
src/org/apache/html/dom/HTMLDListElementImpl.java,21.0,1.0,3.0,3.0,2.0,4.0,0,0.0,0.0,0.0,0,false
src/org/apache/html/dom/HTMLDOMImplementationImpl.java,43.0,4.0,3.0,3.0,1.0,9.0,0,0.0,0.0,0.0,0,false
src/org/apache/html/dom/HTMLDirectoryElementImpl.java,21.0,1.0,3.0,3.0,2.0,4.0,0,0.0,0.0,0.0,0,false
src/org/apache/html/dom/HTMLDivElementImpl.java,21.0,1.0,3.0,3.0,3.0,4.0,0,0.0,0.0,0.0,0,false
src/org/apache/html/dom/HTMLDocumentImpl.java,437.0,19.0,510.0,33.0,68.0,108.0,0,0.0,0.0,0.0,0,false
src/org/apache/html/dom/HTMLElementImpl.java,165.0,7.0,253.0,23.0,34.0,60.0,0,0.0,0.0,0.0,0,false
src/org/apache/html/dom/HTMLFieldSetElementImpl.java,15.0,1.0,0.0,1.0,0.0,1.0,0,0.0,0.0,0.0,0,false
src/org/apache/html/dom/HTMLFontElementImpl.java,29.0,1.0,21.0,7.0,8.0,10.0,0,0.0,0.0,0.0,0,false
src/org/apache/html/dom/HTMLFormControl.java,8.0,0.0,0.0,0.0,0.0,0.0,0,0.0,0.0,0.0,0,false
src/org/apache/html/dom/HTMLFormElementImpl.java,69.0,3.0,153.0,18.0,16.0,28.0,1,0.006756756756756757,699.3913043478261,101495.66879112858,1,false
src/org/apache/html/dom/HTMLFrameElementImpl.java,63.0,1.0,136.0,17.0,17.0,25.0,0,0.0,0.0,0.0,0,false
src/org/apache/html/dom/HTMLFrameSetElementImpl.java,27.0,1.0,10.0,5.0,4.0,7.0,0,0.0,0.0,0.0,0,false
src/org/apache/html/dom/HTMLHRElementImpl.java,39.0,1.0,36.0,9.0,9.0,13.0,0,0.0,0.0,0.0,0,false
src/org/apache/html/dom/HTMLHeadElementImpl.java,21.0,1.0,3.0,3.0,2.0,4.0,0,0.0,0.0,0.0,0,false
src/org/apache/html/dom/HTMLHeadingElementImpl.java,21.0,1.0,3.0,3.0,2.0,4.0,0,0.0,0.0,0.0,0,false
src/org/apache/html/dom/HTMLHtmlElementImpl.java,21.0,1.0,3.0,3.0,3.0,4.0,0,0.0,0.0,0.0,0,false
src/org/apache/html/dom/HTMLIFrameElementImpl.java,75.0,1.0,210.0,21.0,22.0,31.0,0,0.0,0.0,0.0,0,false
src/org/apache/html/dom/HTMLImageElementImpl.java,93.0,1.0,351.0,27.0,27.0,40.0,0,0.0,0.0,0.0,0,false
src/org/apache/html/dom/HTMLInputElementImpl.java,131.0,1.0,703.0,38.0,42.0,60.0,0,0.0,0.0,0.0,0,false
src/org/apache/html/dom/HTMLIsIndexElementImpl.java,21.0,1.0,3.0,3.0,2.0,4.0,0,0.0,0.0,0.0,0,false
src/org/apache/html/dom/HTMLLIElementImpl.java,27.0,1.0,10.0,5.0,6.0,7.0,0,0.0,0.0,0.0,0,false
src/org/apache/html/dom/HTMLLabelElementImpl.java,31.0,1.0,10.0,5.0,8.0,13.0,0,0.0,0.0,0.0,0,false
src/org/apache/html/dom/HTMLLegendElementImpl.java,31.0,1.0,10.0,5.0,8.0,11.0,0,0.0,0.0,0.0,0,false
src/org/apache/html/dom/HTMLLinkElementImpl.java,69.0,1.0,171.0,19.0,18.0,28.0,0,0.0,0.0,0.0,0,false
src/org/apache/html/dom/HTMLMapElementImpl.java,26.0,2.0,6.0,4.0,2.0,7.0,1,0.006756756756756757,699.3913043478261,101495.66879112858,1,false
src/org/apache/html/dom/HTMLMenuElementImpl.java,21.0,1.0,3.0,3.0,2.0,4.0,0,0.0,0.0,0.0,0,false
src/org/apache/html/dom/HTMLMetaElementImpl.java,39.0,1.0,36.0,9.0,8.0,13.0,0,0.0,0.0,0.0,0,false
src/org/apache/html/dom/HTMLModElementImpl.java,27.0,1.0,10.0,5.0,4.0,7.0,0,0.0,0.0,0.0,0,false
src/org/apache/html/dom/HTMLOListElementImpl.java,33.0,1.0,21.0,7.0,8.0,10.0,0,0.0,0.0,0.0,0,false
src/org/apache/html/dom/HTMLObjectElementImpl.java,122.0,1.0,595.0,35.0,37.0,53.0,0,0.0,0.0,0.0,0,false
src/org/apache/html/dom/HTMLOptGroupElementImpl.java,27.0,1.0,10.0,5.0,5.0,7.0,0,0.0,0.0,0.0,0,false
src/org/apache/html/dom/HTMLOptionElementImpl.java,94.0,6.0,105.0,15.0,29.0,34.0,0,0.0,0.0,0.0,0,false
src/org/apache/html/dom/HTMLParagraphElementImpl.java,21.0,1.0,3.0,3.0,2.0,4.0,0,0.0,0.0,0.0,0,false
src/org/apache/html/dom/HTMLParamElementImpl.java,39.0,1.0,36.0,9.0,9.0,13.0,0,0.0,0.0,0.0,0,false
src/org/apache/html/dom/HTMLPreElementImpl.java,21.0,1.0,3.0,3.0,4.0,4.0,0,0.0,0.0,0.0,0,false
src/org/apache/html/dom/HTMLQuoteElementImpl.java,21.0,1.0,3.0,3.0,2.0,4.0,0,0.0,0.0,0.0,0,false
src/org/apache/html/dom/HTMLScriptElementImpl.java,73.0,3.0,105.0,15.0,21.0,28.0,0,0.0,0.0,0.0,0,false
src/org/apache/html/dom/HTMLSelectElementImpl.java,92.0,6.0,253.0,23.0,33.0,40.0,1,0.006756756756756757,699.3913043478261,101495.66879112858,1,false
src/org/apache/html/dom/HTMLStyleElementImpl.java,33.0,1.0,21.0,7.0,6.0,10.0,0,0.0,0.0,0.0,0,false
src/org/apache/html/dom/HTMLTableCaptionElementImpl.java,21.0,1.0,3.0,3.0,2.0,4.0,0,0.0,0.0,0.0,0,false
src/org/apache/html/dom/HTMLTableCellElementImpl.java,141.0,3.0,465.0,31.0,46.0,56.0,0,0.0,0.0,0.0,0,false
src/org/apache/html/dom/HTMLTableColElementImpl.java,55.0,1.0,78.0,13.0,20.0,23.0,0,0.0,0.0,0.0,0,false
src/org/apache/html/dom/HTMLTableElementImpl.java,205.0,7.0,630.0,36.0,71.0,89.0,1,0.006756756756756757,699.3913043478261,101495.66879112858,1,false
src/org/apache/html/dom/HTMLTableRowElementImpl.java,134.0,8.0,190.0,20.0,40.0,49.0,1,0.006756756756756757,699.3913043478261,101495.66879112858,1,false
src/org/apache/html/dom/HTMLTableSectionElementImpl.java,88.0,5.0,91.0,14.0,25.0,33.0,1,0.006756756756756757,699.3913043478261,101495.66879112858,1,false
src/org/apache/html/dom/HTMLTextAreaElementImpl.java,82.0,1.0,253.0,23.0,29.0,37.0,0,0.0,0.0,0.0,0,false
src/org/apache/html/dom/HTMLTitleElementImpl.java,37.0,3.0,3.0,3.0,9.0,8.0,0,0.0,0.0,0.0,0,false
src/org/apache/html/dom/HTMLUListElementImpl.java,27.0,1.0,10.0,5.0,4.0,7.0,0,0.0,0.0,0.0,0,false
src/org/apache/html/dom/NameNodeListImpl.java,44.0,5.0,1.0,2.0,7.0,9.0,0,0.0,0.0,0.0,0,false
src/org/apache/html/dom/ObjectFactory.java,325.0,7.0,9.0,7.0,38.0,39.0,1,0.006756756756756757,699.3913043478261,101495.66879112858,1,false
src/org/apache/html/dom/SecuritySupport.java,60.0,1.0,36.0,9.0,5.0,22.0,0,0.0,0.0,0.0,0,false
src/org/apache/html/dom/SecuritySupport12.java,102.0,2.0,120.0,16.0,29.0,47.0,0,0.0,0.0,0.0,0,false
src/org/apache/wml/WMLAElement.java,23.0,0.0,28.0,8.0,0.0,10.0,0,0.0,0.0,0.0,0,false
src/org/apache/wml/WMLAccessElement.java,26.0,0.0,6.0,4.0,0.0,5.0,0,0.0,0.0,0.0,0,false
src/org/apache/wml/WMLAnchorElement.java,19.0,0.0,6.0,4.0,0.0,6.0,0,0.0,0.0,0.0,0,false
src/org/apache/wml/WMLBElement.java,19.0,0.0,1.0,2.0,0.0,4.0,0,0.0,0.0,0.0,0,false
src/org/apache/wml/WMLBigElement.java,19.0,0.0,1.0,2.0,0.0,4.0,0,0.0,0.0,0.0,0,false
src/org/apache/wml/WMLBrElement.java,18.0,0.0,1.0,2.0,0.0,4.0,0,0.0,0.0,0.0,0,false
src/org/apache/wml/WMLCardElement.java,60.0,0.0,91.0,14.0,0.0,23.0,0,0.0,0.0,0.0,0,false
src/org/apache/wml/WMLDOMImplementation.java,10.0,1.0,0.0,0.0,0.0,0.0,0,0.0,0.0,0.0,0,false
src/org/apache/wml/WMLDoElement.java,25.0,0.0,45.0,10.0,0.0,12.0,0,0.0,0.0,0.0,0,false
src/org/apache/wml/WMLDocument.java,10.0,1.0,0.0,0.0,0.0,0.0,0,0.0,0.0,0.0,0,false
src/org/apache/wml/WMLElement.java,25.0,1.0,6.0,4.0,0.0,5.0,0,0.0,0.0,0.0,0,false
src/org/apache/wml/WMLEmElement.java,19.0,0.0,1.0,2.0,0.0,4.0,0,0.0,0.0,0.0,0,false
src/org/apache/wml/WMLFieldsetElement.java,24.0,0.0,6.0,4.0,0.0,8.0,0,0.0,0.0,0.0,0,false
src/org/apache/wml/WMLGoElement.java,18.0,0.0,28.0,8.0,0.0,8.0,0,0.0,0.0,0.0,0,false
src/org/apache/wml/WMLHeadElement.java,12.0,0.0,0.0,0.0,0.0,0.0,0,0.0,0.0,0.0,0,false
src/org/apache/wml/WMLIElement.java,19.0,0.0,1.0,2.0,0.0,4.0,0,0.0,0.0,0.0,0,false
src/org/apache/wml/WMLImgElement.java,71.0,0.0,153.0,18.0,0.0,30.0,0,0.0,0.0,0.0,0,false
src/org/apache/wml/WMLInputElement.java,76.0,0.0,190.0,20.0,0.0,34.0,0,0.0,0.0,0.0,0,false
src/org/apache/wml/WMLMetaElement.java,41.0,0.0,45.0,10.0,0.0,16.0,0,0.0,0.0,0.0,0,false
src/org/apache/wml/WMLNoopElement.java,10.0,0.0,0.0,0.0,0.0,0.0,0,0.0,0.0,0.0,0,false
src/org/apache/wml/WMLOneventElement.java,12.0,0.0,1.0,2.0,0.0,2.0,0,0.0,0.0,0.0,0,false
src/org/apache/wml/WMLOptgroupElement.java,25.0,0.0,6.0,4.0,0.0,7.0,0,0.0,0.0,0.0,0,false
src/org/apache/wml/WMLOptionElement.java,37.0,0.0,28.0,8.0,0.0,14.0,0,0.0,0.0,0.0,0,false
src/org/apache/wml/WMLPElement.java,33.0,0.0,15.0,6.0,0.0,10.0,0,0.0,0.0,0.0,0,false
src/org/apache/wml/WMLPostfieldElement.java,14.0,0.0,6.0,4.0,0.0,4.0,0,0.0,0.0,0.0,0,false
src/org/apache/wml/WMLPrevElement.java,10.0,0.0,0.0,0.0,0.0,0.0,0,0.0,0.0,0.0,0,false
src/org/apache/wml/WMLRefreshElement.java,10.0,0.0,0.0,0.0,0.0,0.0,0,0.0,0.0,0.0,0,false
src/org/apache/wml/WMLSelectElement.java,61.0,0.0,120.0,16.0,0.0,25.0,0,0.0,0.0,0.0,0,false
src/org/apache/wml/WMLSetvarElement.java,14.0,0.0,6.0,4.0,0.0,4.0,0,0.0,0.0,0.0,0,false
src/org/apache/wml/WMLSmallElement.java,13.0,0.0,1.0,2.0,0.0,4.0,0,0.0,0.0,0.0,0,false
src/org/apache/wml/WMLStrongElement.java,19.0,0.0,1.0,2.0,0.0,4.0,0,0.0,0.0,0.0,0,false
src/org/apache/wml/WMLTableElement.java,37.0,0.0,28.0,8.0,0.0,13.0,0,0.0,0.0,0.0,0,false
src/org/apache/wml/WMLTdElement.java,19.0,0.0,1.0,2.0,0.0,4.0,0,0.0,0.0,0.0,0,false
src/org/apache/wml/WMLTemplateElement.java,17.0,0.0,15.0,6.0,0.0,6.0,0,0.0,0.0,0.0,0,false
src/org/apache/wml/WMLTimerElement.java,25.0,0.0,6.0,4.0,0.0,5.0,0,0.0,0.0,0.0,0,false
src/org/apache/wml/WMLTrElement.java,12.0,0.0,0.0,0.0,0.0,0.0,0,0.0,0.0,0.0,0,false
src/org/apache/wml/WMLUElement.java,19.0,0.0,1.0,2.0,0.0,4.0,0,0.0,0.0,0.0,0,false
src/org/apache/wml/WMLWmlElement.java,19.0,0.0,1.0,2.0,0.0,4.0,0,0.0,0.0,0.0,0,false
src/org/apache/wml/dom/WMLAElementImpl.java,39.0,1.0,55.0,11.0,10.0,16.0,0,0.0,0.0,0.0,0,false
src/org/apache/wml/dom/WMLAccessElementImpl.java,33.0,1.0,36.0,9.0,8.0,13.0,0,0.0,0.0,0.0,0,false
src/org/apache/wml/dom/WMLAnchorElementImpl.java,33.0,1.0,36.0,9.0,8.0,13.0,0,0.0,0.0,0.0,0,false
src/org/apache/wml/dom/WMLBElementImpl.java,27.0,1.0,21.0,7.0,6.0,10.0,0,0.0,0.0,0.0,0,false
src/org/apache/wml/dom/WMLBigElementImpl.java,27.0,1.0,21.0,7.0,6.0,10.0,0,0.0,0.0,0.0,0,false
src/org/apache/wml/dom/WMLBrElementImpl.java,27.0,1.0,21.0,7.0,6.0,10.0,0,0.0,0.0,0.0,0,false
src/org/apache/wml/dom/WMLCardElementImpl.java,63.0,1.0,171.0,19.0,18.0,30.0,0,0.0,0.0,0.0,0,false
src/org/apache/wml/dom/WMLDOMImplementationImpl.java,22.0,3.0,1.0,2.0,2.0,6.0,0,0.0,0.0,0.0,0,false
src/org/apache/wml/dom/WMLDoElementImpl.java,51.0,1.0,105.0,15.0,14.0,22.0,0,0.0,0.0,0.0,0,false
src/org/apache/wml/dom/WMLDocumentImpl.java,69.0,10.0,1.0,2.0,8.0,7.0,1,0.006756756756756757,699.3913043478261,101495.66879112858,1,false
src/org/apache/wml/dom/WMLElementImpl.java,45.0,2.0,55.0,11.0,12.0,19.0,0,0.0,0.0,0.0,0,false
src/org/apache/wml/dom/WMLEmElementImpl.java,27.0,1.0,21.0,7.0,6.0,10.0,0,0.0,0.0,0.0,0,false
src/org/apache/wml/dom/WMLFieldsetElementImpl.java,33.0,1.0,36.0,9.0,8.0,13.0,0,0.0,0.0,0.0,0,false
src/org/apache/wml/dom/WMLGoElementImpl.java,45.0,1.0,78.0,13.0,12.0,19.0,0,0.0,0.0,0.0,0,false
src/org/apache/wml/dom/WMLHeadElementImpl.java,21.0,1.0,10.0,5.0,4.0,7.0,0,0.0,0.0,0.0,0,false
src/org/apache/wml/dom/WMLIElementImpl.java,27.0,1.0,21.0,7.0,6.0,10.0,0,0.0,0.0,0.0,0,false
src/org/apache/wml/dom/WMLImgElementImpl.java,75.0,1.0,253.0,23.0,22.0,34.0,0,0.0,0.0,0.0,0,false
src/org/apache/wml/dom/WMLInputElementImpl.java,81.0,1.0,300.0,25.0,24.0,39.0,0,0.0,0.0,0.0,0,false
src/org/apache/wml/dom/WMLMetaElementImpl.java,51.0,1.0,105.0,15.0,14.0,24.0,0,0.0,0.0,0.0,0,false
src/org/apache/wml/dom/WMLNoopElementImpl.java,21.0,1.0,10.0,5.0,4.0,7.0,0,0.0,0.0,0.0,0,false
src/org/apache/wml/dom/WMLOneventElementImpl.java,27.0,1.0,21.0,7.0,6.0,10.0,0,0.0,0.0,0.0,0,false
src/org/apache/wml/dom/WMLOptgroupElementImpl.java,33.0,1.0,36.0,9.0,8.0,13.0,0,0.0,0.0,0.0,0,false
src/org/apache/wml/dom/WMLOptionElementImpl.java,45.0,1.0,78.0,13.0,12.0,19.0,0,0.0,0.0,0.0,0,false
src/org/apache/wml/dom/WMLPElementImpl.java,39.0,1.0,55.0,11.0,10.0,16.0,0,0.0,0.0,0.0,0,false
src/org/apache/wml/dom/WMLPostfieldElementImpl.java,33.0,1.0,36.0,9.0,8.0,13.0,0,0.0,0.0,0.0,0,false
src/org/apache/wml/dom/WMLPrevElementImpl.java,21.0,1.0,10.0,5.0,4.0,7.0,0,0.0,0.0,0.0,0,false
src/org/apache/wml/dom/WMLRefreshElementImpl.java,21.0,1.0,10.0,5.0,4.0,7.0,0,0.0,0.0,0.0,0,false
src/org/apache/wml/dom/WMLSelectElementImpl.java,69.0,1.0,210.0,21.0,20.0,31.0,0,0.0,0.0,0.0,0,false
src/org/apache/wml/dom/WMLSetvarElementImpl.java,33.0,1.0,36.0,9.0,8.0,13.0,0,0.0,0.0,0.0,0,false
src/org/apache/wml/dom/WMLSmallElementImpl.java,27.0,1.0,21.0,7.0,6.0,10.0,0,0.0,0.0,0.0,0,false
src/org/apache/wml/dom/WMLStrongElementImpl.java,27.0,1.0,21.0,7.0,6.0,10.0,0,0.0,0.0,0.0,0,false
src/org/apache/wml/dom/WMLTableElementImpl.java,45.0,1.0,78.0,13.0,12.0,19.0,0,0.0,0.0,0.0,0,false
src/org/apache/wml/dom/WMLTdElementImpl.java,27.0,1.0,21.0,7.0,6.0,10.0,0,0.0,0.0,0.0,0,false
src/org/apache/wml/dom/WMLTemplateElementImpl.java,39.0,1.0,55.0,11.0,10.0,18.0,0,0.0,0.0,0.0,0,false
src/org/apache/wml/dom/WMLTimerElementImpl.java,33.0,1.0,36.0,9.0,8.0,13.0,0,0.0,0.0,0.0,0,false
src/org/apache/wml/dom/WMLTrElementImpl.java,21.0,1.0,10.0,5.0,4.0,7.0,0,0.0,0.0,0.0,0,false
src/org/apache/wml/dom/WMLUElementImpl.java,27.0,1.0,21.0,7.0,6.0,10.0,0,0.0,0.0,0.0,0,false
src/org/apache/wml/dom/WMLWmlElementImpl.java,27.0,1.0,21.0,7.0,6.0,10.0,0,0.0,0.0,0.0,0,false
src/org/apache/xerces/dom/ASDOMImplementationImpl.java,56.0,7.0,6.0,4.0,1.0,11.0,0,0.0,0.0,0.0,0,false
src/org/apache/xerces/dom/ASModelImpl.java,390.0,4.0,752.0,40.0,33.0,134.0,0,0.0,0.0,0.0,0,false
src/org/apache/xerces/dom/AttrImpl.java,855.0,10.0,777.0,46.0,153.0,159.0,1,0.006756756756756757,699.3913043478261,101495.66879112858,1,false
src/org/apache/xerces/dom/AttrNSImpl.java,226.0,4.0,41.0,14.0,37.0,42.0,0,0.0,0.0,0.0,0,false
src/org/apache/xerces/dom/AttributeMap.java,411.0,3.0,105.0,15.0,113.0,65.0,0,0.0,0.0,0.0,0,false
src/org/apache/xerces/dom/CDATASectionImpl.java,49.0,2.0,3.0,3.0,0.0,7.0,0,0.0,0.0,0.0,0,false
src/org/apache/xerces/dom/CharacterDataImpl.java,243.0,3.0,30.0,16.0,51.0,50.0,0,0.0,0.0,0.0,0,false
src/org/apache/xerces/dom/ChildNode.java,86.0,1.0,20.0,8.0,5.0,19.0,0,0.0,0.0,0.0,0,false
src/org/apache/xerces/dom/CommentImpl.java,30.0,3.0,3.0,3.0,0.0,6.0,0,0.0,0.0,0.0,0,false
src/org/apache/xerces/dom/CoreDOMImplementationImpl.java,257.0,14.0,85.0,14.0,25.0,49.0,0,0.0,0.0,0.0,0,false
src/org/apache/xerces/dom/CoreDocumentImpl.java,1833.0,29.0,5917.0,114.0,201.0,374.0,2,0.013513513513513514,707.3913043478261,101511.79666270653,2,false
src/org/apache/xerces/dom/DOMConfigurationImpl.java,674.0,32.0,289.0,26.0,47.0,78.0,2,0.013513513513513514,707.3913043478261,101511.79666270653,2,false
src/org/apache/xerces/dom/DOMErrorImpl.java,71.0,3.0,33.0,10.0,4.0,21.0,0,0.0,0.0,0.0,0,false
src/org/apache/xerces/dom/DOMImplementationImpl.java,76.0,5.0,3.0,3.0,9.0,15.0,0,0.0,0.0,0.0,0,false
src/org/apache/xerces/dom/DOMImplementationSourceImpl.java,104.0,5.0,3.0,3.0,9.0,12.0,1,0.006756756756756757,699.3913043478261,101495.66879112858,1,false
src/org/apache/xerces/dom/DOMInputImpl.java,302.0,3.0,110.0,21.0,0.0,55.0,0,0.0,0.0,0.0,0,false
src/org/apache/xerces/dom/DOMLocatorImpl.java,99.0,2.0,11.0,10.0,0.0,21.0,0,0.0,0.0,0.0,0,false
src/org/apache/xerces/dom/DOMMessageFormatter.java,68.0,3.0,0.0,1.0,6.0,7.0,0,0.0,0.0,0.0,0,false
src/org/apache/xerces/dom/DOMNormalizer.java,1180.0,39.0,429.0,31.0,177.0,128.0,1,0.006756756756756757,699.3913043478261,101495.66879112858,1,false
src/org/apache/xerces/dom/DOMOutputImpl.java,124.0,3.0,28.0,9.0,0.0,23.0,0,0.0,0.0,0.0,0,false
src/org/apache/xerces/dom/DOMStringListImpl.java,51.0,2.0,0.0,6.0,4.0,10.0,0,0.0,0.0,0.0,0,false
src/org/apache/xerces/dom/DOMXSImplementationSourceImpl.java,57.0,4.0,1.0,2.0,5.0,6.0,1,0.006756756756756757,699.3913043478261,101495.66879112858,1,false
src/org/apache/xerces/dom/DeepNodeListImpl.java,155.0,3.0,0.0,5.0,18.0,20.0,0,0.0,0.0,0.0,0,false
src/org/apache/xerces/dom/DeferredAttrImpl.java,85.0,0.0,0.0,4.0,12.0,7.0,0,0.0,0.0,0.0,0,false
src/org/apache/xerces/dom/DeferredAttrNSImpl.java,65.0,0.0,0.0,4.0,15.0,8.0,0,0.0,0.0,0.0,0,true
src/org/apache/xerces/dom/DeferredCDATASectionImpl.java,57.0,0.0,0.0,3.0,4.0,5.0,0,0.0,0.0,0.0,0,false
src/org/apache/xerces/dom/DeferredCommentImpl.java,38.0,0.0,0.0,3.0,4.0,5.0,0,0.0,0.0,0.0,0,false
src/org/apache/xerces/dom/DeferredDocumentImpl.java,1701.0,3.0,1197.0,78.0,190.0,228.0,0,0.0,0.0,0.0,0,true
src/org/apache/xerces/dom/DeferredDocumentTypeImpl.java,105.0,1.0,0.0,4.0,22.0,10.0,0,0.0,0.0,0.0,0,false
src/org/apache/xerces/dom/DeferredElementDefinitionImpl.java,57.0,1.0,0.0,4.0,11.0,7.0,0,0.0,0.0,0.0,0,false
src/org/apache/xerces/dom/DeferredElementImpl.java,70.0,1.0,0.0,4.0,11.0,8.0,0,0.0,0.0,0.0,0,false
src/org/apache/xerces/dom/DeferredElementNSImpl.java,71.0,2.0,0.0,4.0,15.0,9.0,0,0.0,0.0,0.0,0,true
src/org/apache/xerces/dom/DeferredEntityImpl.java,87.0,0.0,0.0,4.0,13.0,6.0,0,0.0,0.0,0.0,0,false
src/org/apache/xerces/dom/DeferredEntityReferenceImpl.java,95.0,0.0,0.0,4.0,9.0,6.0,0,0.0,0.0,0.0,0,false
src/org/apache/xerces/dom/DeferredNode.java,11.0,1.0,0.0,1.0,0.0,1.0,0,0.0,0.0,0.0,0,false
src/org/apache/xerces/dom/DeferredNotationImpl.java,60.0,0.0,0.0,3.0,8.0,5.0,0,0.0,0.0,0.0,0,false
src/org/apache/xerces/dom/DeferredProcessingInstructionImpl.java,41.0,0.0,0.0,3.0,5.0,4.0,0,0.0,0.0,0.0,0,false
src/org/apache/xerces/dom/DeferredTextImpl.java,49.0,0.0,0.0,3.0,6.0,4.0,0,0.0,0.0,0.0,0,false
src/org/apache/xerces/dom/DocumentFragmentImpl.java,98.0,3.0,10.0,5.0,9.0,14.0,1,0.006756756756756757,699.3913043478261,101495.66879112858,1,false
src/org/apache/xerces/dom/DocumentImpl.java,828.0,24.0,633.0,43.0,114.0,134.0,0,0.0,0.0,0.0,0,true
src/org/apache/xerces/dom/DocumentTypeImpl.java,290.0,4.0,111.0,19.0,37.0,54.0,0,0.0,0.0,0.0,0,false
src/org/apache/xerces/dom/ElementDefinitionImpl.java,69.0,2.0,2.0,5.0,5.0,13.0,0,0.0,0.0,0.0,0,false
src/org/apache/xerces/dom/ElementImpl.java,833.0,9.0,307.0,43.0,158.0,149.0,1,0.006756756756756757,699.3913043478261,101495.66879112858,1,false
src/org/apache/xerces/dom/ElementNSImpl.java,273.0,5.0,58.0,16.0,46.0,50.0,0,0.0,0.0,0.0,0,false
src/org/apache/xerces/dom/EntityImpl.java,252.0,2.0,133.0,18.0,34.0,47.0,0,0.0,0.0,0.0,0,false
src/org/apache/xerces/dom/EntityReferenceImpl.java,218.0,4.0,32.0,9.0,40.0,29.0,0,0.0,0.0,0.0,0,false
src/org/apache/xerces/dom/LCount.java,12.0,0.0,0.0,1.0,2.0,3.0,0,0.0,0.0,0.0,0,false
src/org/apache/xerces/dom/NamedNodeMapImpl.java,426.0,5.0,24.0,29.0,80.0,93.0,0,0.0,0.0,0.0,0,false
src/org/apache/xerces/dom/NodeImpl.java,1439.0,13.0,2951.0,83.0,132.0,240.0,1,0.006756756756756757,8.0,16.12787157794986,1,false
src/org/apache/xerces/dom/NodeIteratorImpl.java,242.0,4.0,6.0,13.0,23.0,51.0,0,0.0,0.0,0.0,0,false
src/org/apache/xerces/dom/NodeListCache.java,32.0,1.0,0.0,1.0,0.0,1.0,0,0.0,0.0,0.0,0,false
src/org/apache/xerces/dom/NotationImpl.java,130.0,3.0,28.0,9.0,18.0,28.0,0,0.0,0.0,0.0,0,false
src/org/apache/xerces/dom/ObjectFactory.java,325.0,7.0,9.0,7.0,38.0,39.0,1,0.006756756756756757,699.3913043478261,101495.66879112858,1,false
src/org/apache/xerces/dom/PSVIAttrNSImpl.java,183.0,6.0,125.0,18.0,17.0,38.0,0,0.0,0.0,0.0,0,false
src/org/apache/xerces/dom/PSVIDOMImplementationImpl.java,64.0,5.0,3.0,3.0,5.0,13.0,0,0.0,0.0,0.0,0,false
src/org/apache/xerces/dom/PSVIDocumentImpl.java,73.0,6.0,45.0,10.0,5.0,32.0,1,0.006756756756756757,699.3913043478261,101495.66879112858,1,false
src/org/apache/xerces/dom/PSVIElementNSImpl.java,222.0,6.0,178.0,21.0,19.0,48.0,0,0.0,0.0,0.0,0,false
src/org/apache/xerces/dom/ParentNode.java,710.0,7.0,418.0,36.0,107.0,132.0,1,0.006756756756756757,699.3913043478261,101495.66879112858,1,false
src/org/apache/xerces/dom/ProcessingInstructionImpl.java,92.0,2.0,15.0,7.0,10.0,19.0,0,0.0,0.0,0.0,0,false
src/org/apache/xerces/dom/RangeExceptionImpl.java,8.0,1.0,0.0,1.0,0.0,1.0,0,0.0,0.0,0.0,0,false
src/org/apache/xerces/dom/RangeImpl.java,1376.0,7.0,267.0,55.0,212.0,253.0,0,0.0,0.0,0.0,0,true
src/org/apache/xerces/dom/SecuritySupport.java,60.0,1.0,36.0,9.0,5.0,22.0,0,0.0,0.0,0.0,0,false
src/org/apache/xerces/dom/SecuritySupport12.java,102.0,2.0,120.0,16.0,29.0,47.0,0,0.0,0.0,0.0,0,false
src/org/apache/xerces/dom/TextImpl.java,252.0,4.0,105.0,15.0,50.0,52.0,0,0.0,0.0,0.0,0,false
src/org/apache/xerces/dom/TreeWalkerImpl.java,372.0,4.0,115.0,23.0,36.0,70.0,0,0.0,0.0,0.0,0,false
src/org/apache/xerces/dom/events/EventImpl.java,91.0,2.0,43.0,10.0,0.0,24.0,0,0.0,0.0,0.0,0,false
src/org/apache/xerces/dom/events/MutationEventImpl.java,68.0,2.0,9.0,6.0,0.0,18.0,0,0.0,0.0,0.0,0,false
src/org/apache/xerces/dom3/bootstrap/DOMImplementationRegistry.java,104.0,7.0,1.0,7.0,23.0,25.0,1,0.006756756756756757,699.3913043478261,101495.66879112858,1,false
src/org/apache/xerces/impl/Constants.java,461.0,2.0,1.0,7.0,3.0,14.0,1,0.006756756756756757,699.3913043478261,101495.66879112858,1,false
src/org/apache/xerces/impl/ExternalSubsetResolver.java,24.0,5.0,0.0,1.0,0.0,5.0,1,0.006756756756756757,699.3913043478261,101495.66879112858,1,false
src/org/apache/xerces/impl/RevalidationHandler.java,14.0,2.0,0.0,1.0,0.0,3.0,0,0.0,0.0,0.0,0,false
src/org/apache/xerces/impl/Version.java,22.0,0.0,1.0,2.0,1.0,4.0,0,0.0,0.0,0.0,0,false
src/org/apache/xerces/impl/XML11DTDScannerImpl.java,142.0,7.0,66.0,12.0,15.0,31.0,0,0.0,0.0,0.0,0,false
src/org/apache/xerces/impl/XML11DocumentScannerImpl.java,357.0,8.0,72.0,13.0,42.0,42.0,1,0.006756756756756757,699.3913043478261,101495.66879112858,1,false
src/org/apache/xerces/impl/XML11EntityScanner.java,1152.0,7.0,78.0,13.0,65.0,91.0,0,0.0,0.0,0.0,0,false
src/org/apache/xerces/impl/XML11NSDocumentScannerImpl.java,331.0,12.0,3.0,6.0,51.0,28.0,1,0.006756756756756757,699.3913043478261,101495.66879112858,1,false
src/org/apache/xerces/impl/XML11NamespaceBinder.java,17.0,0.0,1.0,2.0,0.0,3.0,0,0.0,0.0,0.0,0,false
src/org/apache/xerces/impl/XMLDTDScannerImpl.java,1597.0,17.0,449.0,43.0,229.0,170.0,0,0.0,0.0,0.0,0,false
src/org/apache/xerces/impl/XMLDocumentFragmentScannerImpl.java,1289.0,22.0,205.0,31.0,128.0,124.0,1,0.006756756756756757,699.3913043478261,101495.66879112858,1,false
src/org/apache/xerces/impl/XMLDocumentScannerImpl.java,921.0,18.0,75.0,14.0,29.0,51.0,1,0.006756756756756757,699.3913043478261,101495.66879112858,1,false
src/org/apache/xerces/impl/XMLEntityDescription.java,18.0,1.0,1.0,2.0,0.0,3.0,1,0.006756756756756757,699.3913043478261,101495.66879112858,1,false
src/org/apache/xerces/impl/XMLEntityHandler.java,33.0,3.0,1.0,2.0,0.0,8.0,0,0.0,0.0,0.0,0,false
src/org/apache/xerces/impl/XMLEntityManager.java,1903.0,32.0,526.0,41.0,156.0,157.0,1,0.006756756756756757,699.3913043478261,101495.66879112858,1,true
src/org/apache/xerces/impl/XMLEntityScanner.java,1362.0,11.0,0.0,33.0,102.0,160.0,0,0.0,0.0,0.0,0,false
src/org/apache/xerces/impl/XMLErrorReporter.java,368.0,11.0,107.0,18.0,26.0,61.0,0,0.0,0.0,0.0,0,false
src/org/apache/xerces/impl/XMLNSDocumentScannerImpl.java,333.0,12.0,3.0,6.0,50.0,28.0,1,0.006756756756756757,699.3913043478261,101495.66879112858,1,false
src/org/apache/xerces/impl/XMLNamespaceBinder.java,577.0,17.0,68.0,33.0,48.0,133.0,0,0.0,0.0,0.0,0,false
src/org/apache/xerces/impl/XMLScanner.java,1050.0,14.0,186.0,28.0,135.0,120.0,1,0.006756756756756757,699.3913043478261,101495.66879112858,1,false
src/org/apache/xerces/impl/XMLVersionDetector.java,140.0,8.0,0.0,4.0,18.0,18.0,0,0.0,0.0,0.0,0,false
src/org/apache/xerces/impl/dtd/DTDGrammar.java,2001.0,26.0,3837.0,99.0,151.0,319.0,1,0.006756756756756757,699.3913043478261,101495.66879112858,1,false
src/org/apache/xerces/impl/dtd/DTDGrammarBucket.java,54.0,2.0,4.0,8.0,4.0,12.0,0,0.0,0.0,0.0,0,false
src/org/apache/xerces/impl/dtd/XML11DTDProcessor.java,29.0,5.0,15.0,6.0,2.0,8.0,0,0.0,0.0,0.0,0,false
src/org/apache/xerces/impl/dtd/XML11DTDValidator.java,37.0,2.0,3.0,3.0,4.0,7.0,0,0.0,0.0,0.0,0,false
src/org/apache/xerces/impl/dtd/XML11NSDTDValidator.java,123.0,8.0,1.0,2.0,16.0,9.0,0,0.0,0.0,0.0,0,false
src/org/apache/xerces/impl/dtd/XMLAttributeDecl.java,36.0,1.0,0.0,2.0,2.0,2.0,0,0.0,0.0,0.0,0,false
src/org/apache/xerces/impl/dtd/XMLContentSpec.java,228.0,0.0,15.0,10.0,7.0,20.0,0,0.0,0.0,0.0,0,false
src/org/apache/xerces/impl/dtd/XMLDTDDescription.java,98.0,5.0,0.0,9.0,16.0,20.0,0,0.0,0.0,0.0,0,true
src/org/apache/xerces/impl/dtd/XMLDTDLoader.java,284.0,18.0,80.0,17.0,33.0,46.0,0,0.0,0.0,0.0,0,false
src/org/apache/xerces/impl/dtd/XMLDTDProcessor.java,1059.0,28.0,189.0,51.0,89.0,182.0,0,0.0,0.0,0.0,0,false
src/org/apache/xerces/impl/dtd/XMLDTDValidator.java,1403.0,31.0,526.0,48.0,145.0,192.0,1,0.006756756756756757,699.3913043478261,101495.66879112858,1,false
src/org/apache/xerces/impl/dtd/XMLDTDValidatorFilter.java,18.0,1.0,1.0,2.0,0.0,6.0,0,0.0,0.0,0.0,0,false
src/org/apache/xerces/impl/dtd/XMLElementDecl.java,70.0,2.0,0.0,2.0,2.0,2.0,0,0.0,0.0,0.0,0,false
src/org/apache/xerces/impl/dtd/XMLEntityDecl.java,84.0,0.0,0.0,3.0,1.0,3.0,0,0.0,0.0,0.0,0,false
src/org/apache/xerces/impl/dtd/XMLNSDTDValidator.java,126.0,8.0,1.0,2.0,16.0,9.0,0,0.0,0.0,0.0,0,false
src/org/apache/xerces/impl/dtd/XMLNotationDecl.java,42.0,0.0,0.0,2.0,0.0,2.0,0,0.0,0.0,0.0,0,false
src/org/apache/xerces/impl/dtd/XMLSimpleType.java,144.0,1.0,0.0,3.0,2.0,9.0,0,0.0,0.0,0.0,0,false
src/org/apache/xerces/impl/dtd/models/CMAny.java,69.0,0.0,0.0,9.0,6.0,19.0,0,0.0,0.0,0.0,0,false
src/org/apache/xerces/impl/dtd/models/CMBinOp.java,53.0,1.0,0.0,6.0,13.0,22.0,0,0.0,0.0,0.0,0,false
src/org/apache/xerces/impl/dtd/models/CMLeaf.java,63.0,2.0,0.0,9.0,8.0,18.0,0,0.0,0.0,0.0,0,false
src/org/apache/xerces/impl/dtd/models/CMNode.java,40.0,0.0,28.0,9.0,2.0,14.0,0,0.0,0.0,0.0,0,false
src/org/apache/xerces/impl/dtd/models/CMStateSet.java,148.0,0.0,0.0,12.0,5.0,53.0,0,0.0,0.0,0.0,0,false
src/org/apache/xerces/impl/dtd/models/CMUniOp.java,27.0,1.0,0.0,5.0,7.0,12.0,0,0.0,0.0,0.0,0,false
src/org/apache/xerces/impl/dtd/models/ContentModelValidator.java,16.0,1.0,0.0,1.0,0.0,4.0,0,0.0,0.0,0.0,0,false
src/org/apache/xerces/impl/dtd/models/DFAContentModel.java,444.0,2.0,1.0,7.0,50.0,33.0,0,0.0,0.0,0.0,0,true
src/org/apache/xerces/impl/dtd/models/MixedContentModel.java,139.0,2.0,0.0,2.0,0.0,10.0,0,0.0,0.0,0.0,0,false
src/org/apache/xerces/impl/dtd/models/SimpleContentModel.java,149.0,2.0,0.0,2.0,2.0,13.0,0,0.0,0.0,0.0,0,false
src/org/apache/xerces/impl/dv/DTDDVFactory.java,47.0,1.0,10.0,5.0,3.0,14.0,0,0.0,0.0,0.0,0,false
src/org/apache/xerces/impl/dv/DVFactoryException.java,13.0,0.0,1.0,2.0,0.0,2.0,0,0.0,0.0,0.0,0,false
src/org/apache/xerces/impl/dv/DatatypeException.java,63.0,3.0,0.0,4.0,3.0,11.0,0,0.0,0.0,0.0,0,false
src/org/apache/xerces/impl/dv/DatatypeValidator.java,14.0,1.0,0.0,1.0,0.0,2.0,0,0.0,0.0,0.0,0,false
src/org/apache/xerces/impl/dv/InvalidDatatypeFacetException.java,17.0,0.0,0.0,1.0,0.0,1.0,0,0.0,0.0,0.0,0,false
src/org/apache/xerces/impl/dv/InvalidDatatypeValueException.java,16.0,0.0,0.0,1.0,0.0,1.0,0,0.0,0.0,0.0,0,false
src/org/apache/xerces/impl/dv/ObjectFactory.java,325.0,7.0,9.0,7.0,38.0,39.0,1,0.006756756756756757,699.3913043478261,101495.66879112858,1,false
src/org/apache/xerces/impl/dv/SchemaDVFactory.java,91.0,2.0,28.0,8.0,3.0,21.0,0,0.0,0.0,0.0,0,false
src/org/apache/xerces/impl/dv/SecuritySupport.java,60.0,1.0,36.0,9.0,5.0,22.0,0,0.0,0.0,0.0,0,false
src/org/apache/xerces/impl/dv/SecuritySupport12.java,102.0,2.0,120.0,16.0,29.0,47.0,0,0.0,0.0,0.0,0,false
src/org/apache/xerces/impl/dv/ValidatedInfo.java,61.0,1.0,0.0,2.0,1.0,5.0,0,0.0,0.0,0.0,0,false
src/org/apache/xerces/impl/dv/ValidationContext.java,19.0,0.0,55.0,11.0,0.0,11.0,0,0.0,0.0,0.0,0,false
src/org/apache/xerces/impl/dv/XSFacets.java,88.0,4.0,0.0,1.0,0.0,1.0,0,0.0,0.0,0.0,0,false
src/org/apache/xerces/impl/dv/XSSimpleType.java,167.0,1.0,28.0,8.0,0.0,26.0,0,0.0,0.0,0.0,0,false
src/org/apache/xerces/impl/dv/dtd/DTDDVFactoryImpl.java,41.0,3.0,0.0,3.0,3.0,5.0,0,0.0,0.0,0.0,0,false
src/org/apache/xerces/impl/dv/dtd/ENTITYDatatypeValidator.java,33.0,1.0,1.0,2.0,1.0,5.0,0,0.0,0.0,0.0,0,false
src/org/apache/xerces/impl/dv/dtd/IDDatatypeValidator.java,47.0,2.0,1.0,2.0,5.0,6.0,0,0.0,0.0,0.0,0,false
src/org/apache/xerces/impl/dv/dtd/IDREFDatatypeValidator.java,41.0,2.0,1.0,2.0,4.0,6.0,0,0.0,0.0,0.0,0,false
src/org/apache/xerces/impl/dv/dtd/ListDatatypeValidator.java,31.0,2.0,0.0,2.0,4.0,6.0,0,0.0,0.0,0.0,0,false
src/org/apache/xerces/impl/dv/dtd/NMTOKENDatatypeValidator.java,24.0,2.0,1.0,2.0,1.0,5.0,0,0.0,0.0,0.0,0,false
src/org/apache/xerces/impl/dv/dtd/NOTATIONDatatypeValidator.java,23.0,1.0,1.0,2.0,0.0,5.0,0,0.0,0.0,0.0,0,false
src/org/apache/xerces/impl/dv/dtd/StringDatatypeValidator.java,29.0,1.0,1.0,2.0,0.0,5.0,0,0.0,0.0,0.0,0,false
src/org/apache/xerces/impl/dv/dtd/XML11DTDDVFactoryImpl.java,44.0,3.0,0.0,2.0,7.0,6.0,0,0.0,0.0,0.0,0,false
src/org/apache/xerces/impl/dv/dtd/XML11IDDatatypeValidator.java,49.0,2.0,1.0,2.0,5.0,6.0,0,0.0,0.0,0.0,0,false
src/org/apache/xerces/impl/dv/dtd/XML11IDREFDatatypeValidator.java,43.0,2.0,1.0,2.0,4.0,6.0,0,0.0,0.0,0.0,0,false
src/org/apache/xerces/impl/dv/dtd/XML11NMTOKENDatatypeValidator.java,26.0,2.0,1.0,2.0,1.0,5.0,0,0.0,0.0,0.0,0,false
src/org/apache/xerces/impl/dv/util/Base64.java,243.0,0.0,17.0,7.0,10.0,23.0,0,0.0,0.0,0.0,0,false
src/org/apache/xerces/impl/dv/util/HexBin.java,69.0,0.0,1.0,2.0,2.0,8.0,0,0.0,0.0,0.0,0,false
src/org/apache/xerces/impl/dv/xs/AbstractDateTimeDV.java,529.0,0.0,270.0,25.0,45.0,94.0,0,0.0,0.0,0.0,0,false
src/org/apache/xerces/impl/dv/xs/AnySimpleDV.java,14.0,2.0,1.0,2.0,0.0,5.0,0,0.0,0.0,0.0,0,false
src/org/apache/xerces/impl/dv/xs/AnyURIDV.java,103.0,3.0,3.0,3.0,8.0,15.0,0,0.0,0.0,0.0,0,false
src/org/apache/xerces/impl/dv/xs/Base64BinaryDV.java,48.0,3.0,3.0,3.0,2.0,8.0,0,0.0,0.0,0.0,0,false
src/org/apache/xerces/impl/dv/xs/BaseDVFactory.java,177.0,6.0,13.0,6.0,5.0,12.0,0,0.0,0.0,0.0,0,false
src/org/apache/xerces/impl/dv/xs/BooleanDV.java,19.0,2.0,1.0,2.0,1.0,7.0,0,0.0,0.0,0.0,0,false
src/org/apache/xerces/impl/dv/xs/DateDV.java,46.0,1.0,3.0,3.0,8.0,11.0,0,0.0,0.0,0.0,0,false
src/org/apache/xerces/impl/dv/xs/DateTimeDV.java,37.0,2.0,1.0,2.0,7.0,9.0,0,0.0,0.0,0.0,0,false
src/org/apache/xerces/impl/dv/xs/DayDV.java,65.0,2.0,3.0,3.0,10.0,12.0,0,0.0,0.0,0.0,0,false
src/org/apache/xerces/impl/dv/xs/DecimalDV.java,170.0,2.0,10.0,5.0,1.0,12.0,0,0.0,0.0,0.0,0,false
src/org/apache/xerces/impl/dv/xs/DoubleDV.java,108.0,2.0,3.0,3.0,1.0,8.0,0,0.0,0.0,0.0,0,false
src/org/apache/xerces/impl/dv/xs/DurationDV.java,227.0,2.0,15.0,6.0,15.0,27.0,0,0.0,0.0,0.0,0,false
src/org/apache/xerces/impl/dv/xs/EntityDV.java,22.0,3.0,3.0,3.0,2.0,9.0,0,0.0,0.0,0.0,0,false
src/org/apache/xerces/impl/dv/xs/FloatDV.java,108.0,2.0,3.0,3.0,1.0,8.0,0,0.0,0.0,0.0,0,false
src/org/apache/xerces/impl/dv/xs/FullDVFactory.java,110.0,4.0,1.0,3.0,6.0,6.0,0,0.0,0.0,0.0,0,false
src/org/apache/xerces/impl/dv/xs/HexBinaryDV.java,45.0,3.0,3.0,3.0,2.0,8.0,0,0.0,0.0,0.0,0,false
src/org/apache/xerces/impl/dv/xs/IDDV.java,22.0,3.0,3.0,3.0,3.0,9.0,0,0.0,0.0,0.0,0,false
src/org/apache/xerces/impl/dv/xs/IDREFDV.java,20.0,3.0,3.0,3.0,2.0,8.0,0,0.0,0.0,0.0,0,false
src/org/apache/xerces/impl/dv/xs/IntegerDV.java,15.0,2.0,0.0,1.0,0.0,4.0,0,0.0,0.0,0.0,0,false
src/org/apache/xerces/impl/dv/xs/ListDV.java,55.0,2.0,3.0,3.0,1.0,7.0,0,0.0,0.0,0.0,0,false
src/org/apache/xerces/impl/dv/xs/MonthDV.java,100.0,2.0,6.0,4.0,10.0,18.0,0,0.0,0.0,0.0,0,false
src/org/apache/xerces/impl/dv/xs/MonthDayDV.java,74.0,2.0,3.0,3.0,10.0,14.0,0,0.0,0.0,0.0,0,false
src/org/apache/xerces/impl/dv/xs/QNameDV.java,56.0,4.0,3.0,3.0,7.0,10.0,0,0.0,0.0,0.0,0,false
src/org/apache/xerces/impl/dv/xs/SchemaDVFactoryImpl.java,262.0,7.0,3.0,7.0,11.0,16.0,0,0.0,0.0,0.0,0,false
src/org/apache/xerces/impl/dv/xs/SchemaDateTimeException.java,11.0,0.0,1.0,2.0,0.0,2.0,0,0.0,0.0,0.0,0,false
src/org/apache/xerces/impl/dv/xs/StringDV.java,14.0,2.0,1.0,2.0,0.0,5.0,0,0.0,0.0,0.0,0,false
src/org/apache/xerces/impl/dv/xs/TimeDV.java,61.0,2.0,3.0,3.0,7.0,11.0,0,0.0,0.0,0.0,0,false
src/org/apache/xerces/impl/dv/xs/TypeValidator.java,37.0,2.0,36.0,9.0,2.0,18.0,0,0.0,0.0,0.0,0,false
src/org/apache/xerces/impl/dv/xs/UnionDV.java,14.0,2.0,1.0,2.0,0.0,5.0,0,0.0,0.0,0.0,0,false
src/org/apache/xerces/impl/dv/xs/XSSimpleTypeDecl.java,1738.0,24.0,2488.0,88.0,101.0,273.0,2,0.013513513513513514,722.0579710144928,101514.16020991227,2,false
src/org/apache/xerces/impl/dv/xs/YearDV.java,64.0,2.0,3.0,3.0,10.0,13.0,0,0.0,0.0,0.0,0,false
src/org/apache/xerces/impl/dv/xs/YearMonthDV.java,50.0,2.0,3.0,3.0,8.0,12.0,0,0.0,0.0,0.0,0,false
src/org/apache/xerces/impl/io/ASCIIReader.java,152.0,6.0,0.0,10.0,9.0,36.0,1,0.006756756756756757,699.3913043478261,101495.66879112858,1,false
src/org/apache/xerces/impl/io/MalformedByteSequenceException.java,87.0,3.0,0.0,5.0,1.0,15.0,1,0.006756756756756757,699.3913043478261,101495.66879112858,1,false
src/org/apache/xerces/impl/io/UCSReader.java,209.0,3.0,0.0,10.0,8.0,37.0,0,0.0,0.0,0.0,0,false
src/org/apache/xerces/impl/io/UTF8Reader.java,506.0,6.0,47.0,14.0,18.0,57.0,1,0.006756756756756757,699.3913043478261,101495.66879112858,1,false
src/org/apache/xerces/impl/msg/XMLMessageFormatter.java,67.0,5.0,0.0,1.0,5.0,6.0,0,0.0,0.0,0.0,0,false
src/org/apache/xerces/impl/validation/EntityState.java,21.0,0.0,1.0,2.0,0.0,6.0,0,0.0,0.0,0.0,0,false
src/org/apache/xerces/impl/validation/ValidationManager.java,46.0,1.0,3.0,7.0,5.0,10.0,0,0.0,0.0,0.0,0,false
src/org/apache/xerces/impl/validation/ValidationState.java,117.0,5.0,138.0,21.0,16.0,37.0,0,0.0,0.0,0.0,0,false
src/org/apache/xerces/impl/xpath/XPath.java,1421.0,6.0,27.0,10.0,27.0,41.0,1,0.006756756756756757,0.0,0.0,1,true
src/org/apache/xerces/impl/xpath/XPathException.java,25.0,0.0,0.0,3.0,0.0,5.0,0,0.0,0.0,0.0,0,false
src/org/apache/xerces/impl/xpath/regex/BMPattern.java,171.0,1.0,0.0,8.0,16.0,37.0,0,0.0,0.0,0.0,0,false
src/org/apache/xerces/impl/xpath/regex/Match.java,130.0,1.0,6.0,12.0,7.0,30.0,0,0.0,0.0,0.0,0,false
src/org/apache/xerces/impl/xpath/regex/Op.java,212.0,1.0,0.0,23.0,3.0,60.0,0,0.0,0.0,0.0,0,false
src/org/apache/xerces/impl/xpath/regex/ParseException.java,19.0,0.0,0.0,2.0,0.0,5.0,0,0.0,0.0,0.0,0,false
src/org/apache/xerces/impl/xpath/regex/ParserForXMLSchema.java,347.0,2.0,703.0,38.0,76.0,100.0,0,0.0,0.0,0.0,0,false
src/org/apache/xerces/impl/xpath/regex/REUtil.java,269.0,1.0,120.0,16.0,44.0,56.0,0,0.0,0.0,0.0,0,true
src/org/apache/xerces/impl/xpath/regex/RangeToken.java,471.0,0.0,9.0,18.0,39.0,87.0,0,0.0,0.0,0.0,0,true
src/org/apache/xerces/impl/xpath/regex/RegexParser.java,1004.0,4.0,686.0,49.0,218.0,201.0,0,0.0,0.0,0.0,0,true
src/org/apache/xerces/impl/xpath/regex/RegularExpression.java,2503.0,1.0,960.0,52.0,247.0,197.0,0,0.0,0.0,0.0,0,true
src/org/apache/xerces/impl/xpath/regex/Token.java,1174.0,2.0,879.0,51.0,78.0,151.0,0,0.0,0.0,0.0,0,true
src/org/apache/xerces/impl/xs/AttributePSVImpl.java,162.0,8.0,63.0,14.0,1.0,31.0,0,0.0,0.0,0.0,0,false
src/org/apache/xerces/impl/xs/ElementPSVImpl.java,205.0,10.0,104.0,17.0,1.0,40.0,0,0.0,0.0,0.0,0,false
src/org/apache/xerces/impl/xs/SchemaGrammar.java,633.0,33.0,1105.0,50.0,47.0,121.0,1,0.006756756756756757,699.3913043478261,101495.66879112858,1,false
src/org/apache/xerces/impl/xs/SchemaNamespaceSupport.java,66.0,1.0,10.0,5.0,4.0,12.0,0,0.0,0.0,0.0,0,false
src/org/apache/xerces/impl/xs/SchemaSymbols.java,167.0,0.0,0.0,0.0,0.0,0.0,0,0.0,0.0,0.0,0,false
src/org/apache/xerces/impl/xs/SubstitutionGroupHandler.java,159.0,5.0,26.0,9.0,23.0,32.0,0,0.0,0.0,0.0,0,false
src/org/apache/xerces/impl/xs/XMLSchemaException.java,19.0,0.0,0.0,3.0,0.0,5.0,0,0.0,0.0,0.0,0,false
src/org/apache/xerces/impl/xs/XMLSchemaLoader.java,846.0,50.0,473.0,38.0,146.0,135.0,1,0.006756756756756757,699.3913043478261,101495.66879112858,1,true
src/org/apache/xerces/impl/xs/XMLSchemaValidator.java,2507.0,56.0,949.0,59.0,254.0,222.0,1,0.006756756756756757,699.3913043478261,101495.66879112858,1,true
src/org/apache/xerces/impl/xs/XSAnnotationImpl.java,101.0,13.0,24.0,9.0,13.0,24.0,0,0.0,0.0,0.0,0,false
src/org/apache/xerces/impl/xs/XSAttributeDecl.java,121.0,3.0,52.0,16.0,2.0,34.0,0,0.0,0.0,0.0,0,false
src/org/apache/xerces/impl/xs/XSAttributeGroupDecl.java,211.0,9.0,24.0,13.0,16.0,40.0,0,0.0,0.0,0.0,0,false
src/org/apache/xerces/impl/xs/XSAttributeUseImpl.java,82.0,6.0,40.0,12.0,2.0,25.0,0,0.0,0.0,0.0,0,false
src/org/apache/xerces/impl/xs/XSComplexTypeDecl.java,267.0,5.0,480.0,37.0,20.0,84.0,0,0.0,0.0,0.0,0,false
src/org/apache/xerces/impl/xs/XSConstraints.java,751.0,13.0,435.0,30.0,120.0,144.0,0,0.0,0.0,0.0,0,false
src/org/apache/xerces/impl/xs/XSDDescription.java,187.0,5.0,93.0,18.0,4.0,32.0,1,0.006756756756756757,699.3913043478261,101495.66879112858,1,true
src/org/apache/xerces/impl/xs/XSDeclarationPool.java,267.0,1.0,133.0,22.0,28.0,71.0,0,0.0,0.0,0.0,0,false
src/org/apache/xerces/impl/xs/XSElementDecl.java,261.0,11.0,410.0,33.0,9.0,75.0,0,0.0,0.0,0.0,0,false
src/org/apache/xerces/impl/xs/XSGrammarBucket.java,97.0,3.0,0.0,5.0,16.0,18.0,0,0.0,0.0,0.0,0,false
src/org/apache/xerces/impl/xs/XSGroupDecl.java,51.0,1.0,15.0,6.0,0.0,13.0,0,0.0,0.0,0.0,0,false
src/org/apache/xerces/impl/xs/XSImplementationImpl.java,51.0,8.0,6.0,4.0,6.0,15.0,0,0.0,0.0,0.0,0,false
src/org/apache/xerces/impl/xs/XSMessageFormatter.java,50.0,5.0,0.0,1.0,3.0,6.0,0,0.0,0.0,0.0,0,false
src/org/apache/xerces/impl/xs/XSModelGroupImpl.java,146.0,2.0,44.0,16.0,12.0,51.0,1,0.006756756756756757,22.666666666666668,18.491418783689614,1,false
src/org/apache/xerces/impl/xs/XSModelImpl.java,310.0,20.0,32.0,16.0,31.0,53.0,1,0.006756756756756757,699.3913043478261,101495.66879112858,1,false
src/org/apache/xerces/impl/xs/XSNotationDecl.java,59.0,4.0,21.0,7.0,0.0,17.0,0,0.0,0.0,0.0,0,false
src/org/apache/xerces/impl/xs/XSParticleDecl.java,163.0,4.0,44.0,16.0,9.0,42.0,0,0.0,0.0,0.0,0,false
src/org/apache/xerces/impl/xs/XSWildcardDecl.java,334.0,6.0,118.0,20.0,17.0,71.0,0,0.0,0.0,0.0,0,false
src/org/apache/xerces/impl/xs/identity/Field.java,108.0,5.0,0.0,5.0,1.0,9.0,1,0.006756756756756757,699.3913043478261,101495.66879112858,1,false
src/org/apache/xerces/impl/xs/identity/FieldActivator.java,46.0,0.0,10.0,5.0,0.0,14.0,1,0.006756756756756757,699.3913043478261,101495.66879112858,1,false
src/org/apache/xerces/impl/xs/identity/IdentityConstraint.java,189.0,8.0,162.0,21.0,9.0,51.0,0,0.0,0.0,0.0,0,false
src/org/apache/xerces/impl/xs/identity/KeyRef.java,33.0,1.0,0.0,3.0,0.0,8.0,0,0.0,0.0,0.0,0,false
src/org/apache/xerces/impl/xs/identity/Selector.java,162.0,6.0,0.0,5.0,1.0,11.0,1,0.006756756756756757,699.3913043478261,101495.66879112858,1,false
src/org/apache/xerces/impl/xs/identity/UniqueOrKey.java,17.0,0.0,0.0,1.0,0.0,1.0,0,0.0,0.0,0.0,0,false
src/org/apache/xerces/impl/xs/identity/ValueStore.java,33.0,0.0,1.0,2.0,0.0,4.0,1,0.006756756756756757,699.3913043478261,101495.66879112858,1,false
src/org/apache/xerces/impl/xs/identity/XPathMatcher.java,336.0,7.0,6.0,9.0,28.0,35.0,1,0.006756756756756757,699.3913043478261,101495.66879112858,1,false
src/org/apache/xerces/impl/xs/models/CMBuilder.java,153.0,7.0,0.0,9.0,28.0,33.0,0,0.0,0.0,0.0,0,false
src/org/apache/xerces/impl/xs/models/CMNodeFactory.java,92.0,7.0,20.0,8.0,11.0,19.0,0,0.0,0.0,0.0,0,false
src/org/apache/xerces/impl/xs/models/XSAllCM.java,117.0,6.0,0.0,8.0,6.0,29.0,1,0.006756756756756757,699.3913043478261,101495.66879112858,1,false
src/org/apache/xerces/impl/xs/models/XSCMBinOp.java,54.0,3.0,0.0,6.0,13.0,22.0,0,0.0,0.0,0.0,0,false
src/org/apache/xerces/impl/xs/models/XSCMLeaf.java,60.0,2.0,0.0,9.0,6.0,19.0,0,0.0,0.0,0.0,0,false
src/org/apache/xerces/impl/xs/models/XSCMUniOp.java,28.0,3.0,0.0,5.0,7.0,12.0,0,0.0,0.0,0.0,0,false
src/org/apache/xerces/impl/xs/models/XSCMValidator.java,45.0,4.0,10.0,5.0,0.0,15.0,0,0.0,0.0,0.0,0,false
src/org/apache/xerces/impl/xs/models/XSDFACM.java,476.0,11.0,36.0,13.0,55.0,55.0,0,0.0,0.0,0.0,0,true
src/org/apache/xerces/impl/xs/models/XSEmptyCM.java,66.0,4.0,10.0,5.0,0.0,16.0,0,0.0,0.0,0.0,0,false
src/org/apache/xerces/impl/xs/opti/AttrImpl.java,57.0,5.0,28.0,9.0,0.0,18.0,0,0.0,0.0,0.0,0,false
src/org/apache/xerces/impl/xs/opti/DefaultDocument.java,180.0,15.0,496.0,32.0,0.0,78.0,0,0.0,0.0,0.0,0,false
src/org/apache/xerces/impl/xs/opti/DefaultElement.java,71.0,5.0,231.0,22.0,0.0,43.0,0,0.0,0.0,0.0,0,false
src/org/apache/xerces/impl/xs/opti/DefaultNode.java,121.0,6.0,703.0,38.0,0.0,76.0,0,0.0,0.0,0.0,0,false
src/org/apache/xerces/impl/xs/opti/DefaultText.java,171.0,2.0,66.0,12.0,0.0,38.0,0,0.0,0.0,0.0,0,false
src/org/apache/xerces/impl/xs/opti/DefaultXMLDocumentHandler.java,543.0,14.0,1320.0,52.0,0.0,163.0,1,0.006756756756756757,699.3913043478261,101495.66879112858,1,false
src/org/apache/xerces/impl/xs/opti/ElementImpl.java,154.0,4.0,70.0,21.0,20.0,64.0,0,0.0,0.0,0.0,0,false
src/org/apache/xerces/impl/xs/opti/NamedNodeMapImpl.java,47.0,4.0,16.0,9.0,6.0,24.0,0,0.0,0.0,0.0,0,false
src/org/apache/xerces/impl/xs/opti/NodeImpl.java,42.0,0.0,24.0,9.0,0.0,15.0,0,0.0,0.0,0.0,0,false
src/org/apache/xerces/impl/xs/opti/SchemaDOM.java,220.0,11.0,106.0,21.0,55.0,48.0,0,0.0,0.0,0.0,0,true
src/org/apache/xerces/impl/xs/opti/SchemaDOMParser.java,208.0,14.0,0.0,13.0,23.0,50.0,1,0.006756756756756757,699.3913043478261,101495.66879112858,1,false
src/org/apache/xerces/impl/xs/opti/SchemaParsingConfig.java,430.0,24.0,89.0,15.0,34.0,49.0,1,0.006756756756756757,699.3913043478261,101495.66879112858,1,false
src/org/apache/xerces/impl/xs/opti/TextImpl.java,74.0,2.0,0.0,7.0,4.0,21.0,0,0.0,0.0,0.0,0,false
src/org/apache/xerces/impl/xs/traversers/XSAttributeChecker.java,1003.0,22.0,37.0,11.0,70.0,47.0,1,0.006756756756756757,699.3913043478261,101495.66879112858,1,false
src/org/apache/xerces/impl/xs/traversers/XSDAbstractIDConstraintTraverser.java,97.0,5.0,1.0,2.0,13.0,7.0,0,0.0,0.0,0.0,0,false
src/org/apache/xerces/impl/xs/traversers/XSDAbstractParticleTraverser.java,213.0,9.0,13.0,6.0,40.0,19.0,0,0.0,0.0,0.0,0,false
src/org/apache/xerces/impl/xs/traversers/XSDAbstractTraverser.java,484.0,25.0,25.0,10.0,87.0,43.0,0,0.0,0.0,0.0,0,false
src/org/apache/xerces/impl/xs/traversers/XSDAttributeGroupTraverser.java,81.0,8.0,3.0,3.0,22.0,7.0,0,0.0,0.0,0.0,0,false
src/org/apache/xerces/impl/xs/traversers/XSDAttributeTraverser.java,238.0,16.0,15.0,6.0,54.0,20.0,0,0.0,0.0,0.0,0,false
src/org/apache/xerces/impl/xs/traversers/XSDComplexTypeTraverser.java,696.0,23.0,105.0,18.0,118.0,62.0,0,0.0,0.0,0.0,0,false
src/org/apache/xerces/impl/xs/traversers/XSDElementTraverser.java,284.0,18.0,13.0,6.0,58.0,22.0,0,0.0,0.0,0.0,0,false
src/org/apache/xerces/impl/xs/traversers/XSDGroupTraverser.java,113.0,11.0,3.0,3.0,26.0,11.0,0,0.0,0.0,0.0,0,false
src/org/apache/xerces/impl/xs/traversers/XSDHandler.java,1354.0,38.0,444.0,37.0,256.0,134.0,1,0.006756756756756757,699.3913043478261,101495.66879112858,1,true
src/org/apache/xerces/impl/xs/traversers/XSDKeyrefTraverser.java,48.0,8.0,1.0,2.0,9.0,5.0,0,0.0,0.0,0.0,0,false
src/org/apache/xerces/impl/xs/traversers/XSDNotationTraverser.java,52.0,6.0,1.0,2.0,9.0,5.0,2,0.013513513513513514,30.666666666666668,34.61929036163947,2,false
src/org/apache/xerces/impl/xs/traversers/XSDSimpleTypeTraverser.java,291.0,16.0,20.0,8.0,51.0,30.0,0,0.0,0.0,0.0,0,false
src/org/apache/xerces/impl/xs/traversers/XSDUniqueOrKeyTraverser.java,30.0,7.0,1.0,2.0,7.0,5.0,0,0.0,0.0,0.0,0,false
src/org/apache/xerces/impl/xs/traversers/XSDWildcardTraverser.java,104.0,8.0,6.0,4.0,15.0,10.0,0,0.0,0.0,0.0,0,false
src/org/apache/xerces/impl/xs/traversers/XSDocumentInfo.java,74.0,11.0,20.0,9.0,17.0,19.0,0,0.0,0.0,0.0,0,false
src/org/apache/xerces/impl/xs/util/NSItemListImpl.java,37.0,3.0,0.0,4.0,2.0,7.0,0,0.0,0.0,0.0,0,false
src/org/apache/xerces/impl/xs/util/ShortListImpl.java,43.0,2.0,0.0,4.0,0.0,11.0,0,0.0,0.0,0.0,0,false
src/org/apache/xerces/impl/xs/util/SimpleLocator.java,85.0,1.0,98.0,16.0,0.0,28.0,0,0.0,0.0,0.0,0,false
src/org/apache/xerces/impl/xs/util/StringListImpl.java,59.0,2.0,0.0,5.0,4.0,12.0,1,0.006756756756756757,699.3913043478261,101495.66879112858,1,false
src/org/apache/xerces/impl/xs/util/XInt.java,22.0,0.0,0.0,5.0,1.0,9.0,0,0.0,0.0,0.0,0,false
src/org/apache/xerces/impl/xs/util/XIntPool.java,15.0,0.0,0.0,1.0,0.0,5.0,0,0.0,0.0,0.0,0,false
src/org/apache/xerces/impl/xs/util/XSGrammarPool.java,25.0,5.0,0.0,1.0,5.0,4.0,0,0.0,0.0,0.0,0,true
src/org/apache/xerces/impl/xs/util/XSNamedMap4Types.java,93.0,3.0,0.0,5.0,7.0,15.0,0,0.0,0.0,0.0,0,false
src/org/apache/xerces/impl/xs/util/XSNamedMapImpl.java,110.0,3.0,0.0,6.0,8.0,19.0,1,0.006756756756756757,699.3913043478261,101495.66879112858,1,false
src/org/apache/xerces/impl/xs/util/XSObjectListImpl.java,61.0,2.0,0.0,7.0,1.0,12.0,1,0.006756756756756757,699.3913043478261,101495.66879112858,1,false
src/org/apache/xerces/jaxp/DefaultValidationErrorHandler.java,25.0,3.0,0.0,1.0,4.0,5.0,0,0.0,0.0,0.0,0,false
src/org/apache/xerces/jaxp/DocumentBuilderFactoryImpl.java,73.0,6.0,0.0,3.0,9.0,14.0,0,0.0,0.0,0.0,0,false
src/org/apache/xerces/jaxp/DocumentBuilderImpl.java,114.0,18.0,11.0,10.0,29.0,31.0,0,0.0,0.0,0.0,0,false
src/org/apache/xerces/jaxp/JAXPConstants.java,14.0,0.0,0.0,0.0,0.0,0.0,0,0.0,0.0,0.0,0,false
src/org/apache/xerces/jaxp/SAXParserFactoryImpl.java,70.0,7.0,0.0,4.0,8.0,17.0,0,0.0,0.0,0.0,0,false
src/org/apache/xerces/jaxp/SAXParserImpl.java,112.0,10.0,0.0,8.0,23.0,32.0,0,0.0,0.0,0.0,0,false
src/org/apache/xerces/parsers/AbstractDOMParser.java,1863.0,50.0,66.0,45.0,328.0,236.0,1,0.006756756756756757,699.3913043478261,101495.66879112858,1,false
src/org/apache/xerces/parsers/AbstractSAXParser.java,1399.0,43.0,1136.0,56.0,148.0,246.0,1,0.006756756756756757,699.3913043478261,101495.66879112858,1,false
src/org/apache/xerces/parsers/AbstractXMLDocumentParser.java,565.0,15.0,1263.0,51.0,5.0,161.0,0,0.0,0.0,0.0,0,false
src/org/apache/xerces/parsers/BasicParserConfiguration.java,395.0,19.0,191.0,22.0,33.0,62.0,1,0.006756756756756757,699.3913043478261,101495.66879112858,1,false
src/org/apache/xerces/parsers/CachingParserPool.java,250.0,7.0,0.0,7.0,0.0,12.0,0,0.0,0.0,0.0,0,false
src/org/apache/xerces/parsers/DOMASBuilderImpl.java,178.0,15.0,66.0,13.0,32.0,37.0,0,0.0,0.0,0.0,0,false
src/org/apache/xerces/parsers/DOMParser.java,337.0,22.0,91.0,14.0,54.0,54.0,1,0.006756756756756757,699.3913043478261,101495.66879112858,1,true
src/org/apache/xerces/parsers/DOMParserImpl.java,616.0,29.0,147.0,19.0,61.0,75.0,1,0.006756756756756757,699.3913043478261,101495.66879112858,1,false
src/org/apache/xerces/parsers/DTDConfiguration.java,577.0,24.0,235.0,23.0,48.0,68.0,0,0.0,0.0,0.0,0,false
src/org/apache/xerces/parsers/DTDParser.java,317.0,10.0,406.0,29.0,0.0,76.0,1,0.006756756756756757,699.3913043478261,101495.66879112858,1,false
src/org/apache/xerces/parsers/IntegratedParserConfiguration.java,175.0,11.0,17.0,7.0,11.0,16.0,0,0.0,0.0,0.0,0,false
src/org/apache/xerces/parsers/NonValidatingConfiguration.java,500.0,22.0,205.0,22.0,42.0,67.0,0,0.0,0.0,0.0,0,false
src/org/apache/xerces/parsers/ObjectFactory.java,325.0,7.0,9.0,7.0,38.0,39.0,1,0.006756756756756757,699.3913043478261,101495.66879112858,1,false
src/org/apache/xerces/parsers/SAXParser.java,64.0,4.0,6.0,4.0,5.0,7.0,0,0.0,0.0,0.0,0,false
src/org/apache/xerces/parsers/SecurityConfiguration.java,61.0,5.0,6.0,4.0,1.0,7.0,0,0.0,0.0,0.0,0,false
src/org/apache/xerces/parsers/SecuritySupport.java,60.0,1.0,36.0,9.0,5.0,22.0,0,0.0,0.0,0.0,0,false
src/org/apache/xerces/parsers/SecuritySupport12.java,102.0,2.0,120.0,16.0,29.0,47.0,0,0.0,0.0,0.0,0,false
src/org/apache/xerces/parsers/StandardParserConfiguration.java,196.0,7.0,15.0,7.0,16.0,21.0,0,0.0,0.0,0.0,0,false
src/org/apache/xerces/parsers/XIncludeParserConfiguration.java,127.0,9.0,13.0,7.0,20.0,16.0,0,0.0,0.0,0.0,0,false
src/org/apache/xerces/parsers/XML11Configuration.java,1065.0,45.0,451.0,35.0,103.0,107.0,1,0.006756756756756757,699.3913043478261,101495.66879112858,1,false
src/org/apache/xerces/parsers/XMLDocumentParser.java,39.0,4.0,6.0,4.0,5.0,7.0,0,0.0,0.0,0.0,0,false
src/org/apache/xerces/parsers/XMLGrammarCachingConfiguration.java,185.0,18.0,72.0,13.0,23.0,38.0,1,0.006756756756756757,699.3913043478261,101495.66879112858,1,false
src/org/apache/xerces/parsers/XMLGrammarParser.java,17.0,4.0,0.0,1.0,2.0,2.0,0,0.0,0.0,0.0,0,false
src/org/apache/xerces/parsers/XMLGrammarPreparser.java,207.0,16.0,44.0,17.0,27.0,40.0,1,0.006756756756756757,699.3913043478261,101495.66879112858,1,false
src/org/apache/xerces/parsers/XMLParser.java,57.0,5.0,1.0,3.0,3.0,6.0,0,0.0,0.0,0.0,0,false
src/org/apache/xerces/util/AugmentationsImpl.java,202.0,3.0,0.0,6.0,8.0,17.0,0,0.0,0.0,0.0,0,false
src/org/apache/xerces/util/DOMEntityResolverWrapper.java,92.0,11.0,9.0,6.0,19.0,14.0,1,0.006756756756756757,699.3913043478261,101495.66879112858,1,false
src/org/apache/xerces/util/DOMErrorHandlerWrapper.java,175.0,10.0,2.0,9.0,31.0,20.0,1,0.006756756756756757,699.3913043478261,101495.66879112858,1,false
src/org/apache/xerces/util/DOMUtil.java,507.0,8.0,741.0,39.0,145.0,155.0,0,0.0,0.0,0.0,0,false
src/org/apache/xerces/util/DefaultErrorHandler.java,66.0,4.0,13.0,6.0,12.0,11.0,0,0.0,0.0,0.0,0,false
src/org/apache/xerces/util/EncodingMap.java,926.0,1.0,9.0,7.0,6.0,15.0,1,0.006756756756756757,699.3913043478261,101495.66879112858,1,false
src/org/apache/xerces/util/EntityResolverWrapper.java,74.0,10.0,4.0,5.0,13.0,12.0,0,0.0,0.0,0.0,0,false
src/org/apache/xerces/util/ErrorHandlerWrapper.java,187.0,7.0,233.0,23.0,25.0,46.0,0,0.0,0.0,0.0,0,true
src/org/apache/xerces/util/IntStack.java,88.0,0.0,0.0,8.0,4.0,18.0,0,0.0,0.0,0.0,0,false
src/org/apache/xerces/util/MessageFormatter.java,23.0,2.0,0.0,1.0,0.0,5.0,0,0.0,0.0,0.0,0,false
src/org/apache/xerces/util/NamespaceSupport.java,201.0,3.0,0.0,11.0,9.0,29.0,0,0.0,0.0,0.0,0,false
src/org/apache/xerces/util/ParserConfigurationSettings.java,180.0,6.0,19.0,10.0,17.0,33.0,1,0.006756756756756757,699.3913043478261,101495.66879112858,1,false
src/org/apache/xerces/util/SAXMessageFormatter.java,59.0,4.0,0.0,1.0,5.0,7.0,0,0.0,0.0,0.0,0,false
src/org/apache/xerces/util/SecurityManager.java,82.0,0.0,0.0,5.0,0.0,10.0,1,0.006756756756756757,699.3913043478261,101495.66879112858,1,false
src/org/apache/xerces/util/ShadowedSymbolTable.java,72.0,0.0,0.0,5.0,6.0,16.0,0,0.0,0.0,0.0,0,false
src/org/apache/xerces/util/SymbolHash.java,146.0,0.0,0.0,9.0,6.0,24.0,0,0.0,0.0,0.0,0,false
src/org/apache/xerces/util/SymbolTable.java,211.0,0.0,8.0,8.0,10.0,27.0,0,0.0,0.0,0.0,0,false
src/org/apache/xerces/util/SynchronizedSymbolTable.java,73.0,0.0,0.0,7.0,4.0,17.0,0,0.0,0.0,0.0,0,false
src/org/apache/xerces/util/URI.java,1461.0,2.0,976.0,52.0,134.0,243.0,1,0.006756756756756757,699.3913043478261,101495.66879112858,1,false
src/org/apache/xerces/util/XML11Char.java,323.0,1.0,89.0,14.0,21.0,63.0,1,0.006756756756756757,699.3913043478261,101495.66879112858,1,false
src/org/apache/xerces/util/XMLAttributesImpl.java,837.0,3.0,0.0,47.0,36.0,151.0,1,0.006756756756756757,699.3913043478261,101495.66879112858,1,false
src/org/apache/xerces/util/XMLCatalogResolver.java,371.0,17.0,142.0,20.0,43.0,70.0,1,0.006756756756756757,699.3913043478261,101495.66879112858,1,false
src/org/apache/xerces/util/XMLChar.java,916.0,1.0,154.0,21.0,16.0,77.0,1,0.006756756756756757,699.3913043478261,101495.66879112858,1,false
src/org/apache/xerces/util/XMLEntityDescriptionImpl.java,125.0,1.0,15.0,10.0,7.0,20.0,1,0.006756756756756757,699.3913043478261,101495.66879112858,1,false
src/org/apache/xerces/util/XMLGrammarPoolImpl.java,221.0,3.0,9.0,14.0,19.0,46.0,1,0.006756756756756757,699.3913043478261,101495.66879112858,1,false
src/org/apache/xerces/util/XMLResourceIdentifierImpl.java,189.0,1.0,51.0,18.0,6.0,40.0,0,0.0,0.0,0.0,0,false
src/org/apache/xerces/util/XMLStringBuffer.java,124.0,1.0,43.0,11.0,11.0,16.0,0,0.0,0.0,0.0,0,false
src/org/apache/xerces/util/XMLSymbols.java,77.0,0.0,0.0,1.0,0.0,1.0,0,0.0,0.0,0.0,0,false
src/org/apache/xerces/xinclude/MultipleScopeNamespaceSupport.java,129.0,4.0,0.0,13.0,10.0,31.0,0,0.0,0.0,0.0,0,false
src/org/apache/xerces/xinclude/ObjectFactory.java,325.0,7.0,9.0,7.0,38.0,39.0,1,0.006756756756756757,699.3913043478261,101495.66879112858,1,false
src/org/apache/xerces/xinclude/SecuritySupport.java,60.0,1.0,36.0,9.0,5.0,22.0,0,0.0,0.0,0.0,0,false
src/org/apache/xerces/xinclude/SecuritySupport12.java,102.0,2.0,120.0,16.0,29.0,47.0,0,0.0,0.0,0.0,0,false
src/org/apache/xerces/xinclude/XInclude11TextReader.java,27.0,3.0,1.0,2.0,1.0,5.0,0,0.0,0.0,0.0,0,false
src/org/apache/xerces/xinclude/XIncludeHandler.java,1393.0,40.0,3250.0,97.0,296.0,307.0,1,0.006756756756756757,699.3913043478261,101495.66879112858,1,false
src/org/apache/xerces/xinclude/XIncludeMessageFormatter.java,46.0,5.0,0.0,1.0,3.0,6.0,0,0.0,0.0,0.0,0,false
src/org/apache/xerces/xinclude/XIncludeNamespaceSupport.java,62.0,1.0,4.0,5.0,2.0,10.0,0,0.0,0.0,0.0,0,false
src/org/apache/xerces/xinclude/XIncludeTextReader.java,308.0,19.0,33.0,10.0,47.0,40.0,1,0.006756756756756757,699.3913043478261,101495.66879112858,1,false
src/org/apache/xerces/xni/Augmentations.java,47.0,1.0,10.0,5.0,0.0,13.0,0,0.0,0.0,0.0,0,false
src/org/apache/xerces/xni/NamespaceContext.java,117.0,1.0,36.0,9.0,0.0,22.0,0,0.0,0.0,0.0,0,false
src/org/apache/xerces/xni/QName.java,145.0,0.0,3.0,10.0,6.0,23.0,0,0.0,0.0,0.0,0,false
src/org/apache/xerces/xni/XMLAttributes.java,282.0,0.0,378.0,28.0,0.0,78.0,0,0.0,0.0,0.0,0,false
src/org/apache/xerces/xni/XMLDTDContentModelHandler.java,180.0,1.0,66.0,12.0,0.0,34.0,0,0.0,0.0,0.0,0,false
src/org/apache/xerces/xni/XMLDTDHandler.java,242.0,1.0,231.0,22.0,0.0,72.0,0,0.0,0.0,0.0,0,false
src/org/apache/xerces/xni/XMLDocumentFragmentHandler.java,171.0,0.0,91.0,14.0,0.0,48.0,0,0.0,0.0,0.0,0,false
src/org/apache/xerces/xni/XMLDocumentHandler.java,190.0,1.0,153.0,18.0,0.0,58.0,0,0.0,0.0,0.0,0,false
src/org/apache/xerces/xni/XMLLocator.java,40.0,0.0,21.0,7.0,0.0,13.0,0,0.0,0.0,0.0,0,false
src/org/apache/xerces/xni/XMLResourceIdentifier.java,50.0,0.0,45.0,10.0,0.0,16.0,0,0.0,0.0,0.0,0,false
src/org/apache/xerces/xni/XMLString.java,139.0,0.0,0.0,9.0,5.0,18.0,0,0.0,0.0,0.0,0,false
src/org/apache/xerces/xni/XNIException.java,48.0,0.0,0.0,4.0,1.0,5.0,0,0.0,0.0,0.0,0,false
src/org/apache/xerces/xni/grammars/Grammar.java,29.0,0.0,0.0,1.0,0.0,1.0,0,0.0,0.0,0.0,0,false
src/org/apache/xerces/xni/grammars/XMLDTDDescription.java,12.0,0.0,0.0,1.0,0.0,3.0,0,0.0,0.0,0.0,0,false
src/org/apache/xerces/xni/grammars/XMLGrammarDescription.java,25.0,1.0,0.0,1.0,0.0,2.0,0,0.0,0.0,0.0,0,false
src/org/apache/xerces/xni/grammars/XMLGrammarLoader.java,90.0,7.0,78.0,13.0,0.0,29.0,0,0.0,0.0,0.0,0,false
src/org/apache/xerces/xni/grammars/XMLGrammarPool.java,72.0,0.0,15.0,6.0,0.0,12.0,0,0.0,0.0,0.0,0,false
src/org/apache/xerces/xni/grammars/XMLSchemaDescription.java,97.0,2.0,15.0,6.0,0.0,13.0,0,0.0,0.0,0.0,0,false
src/org/apache/xerces/xni/grammars/XSGrammar.java,25.0,1.0,1.0,2.0,0.0,4.0,0,0.0,0.0,0.0,0,false
src/org/apache/xerces/xni/parser/XMLComponent.java,77.0,0.0,21.0,7.0,0.0,22.0,0,0.0,0.0,0.0,0,false
src/org/apache/xerces/xni/parser/XMLComponentManager.java,26.0,0.0,1.0,2.0,0.0,6.0,0,0.0,0.0,0.0,0,false
src/org/apache/xerces/xni/parser/XMLConfigurationException.java,66.0,1.0,0.0,4.0,0.0,9.0,0,0.0,0.0,0.0,0,false
src/org/apache/xerces/xni/parser/XMLDTDContentModelFilter.java,8.0,1.0,0.0,0.0,0.0,0.0,0,0.0,0.0,0.0,0,false
src/org/apache/xerces/xni/parser/XMLDTDContentModelSource.java,21.0,1.0,1.0,2.0,0.0,2.0,0,0.0,0.0,0.0,0,false
src/org/apache/xerces/xni/parser/XMLDTDFilter.java,8.0,1.0,0.0,0.0,0.0,0.0,0,0.0,0.0,0.0,0,false
src/org/apache/xerces/xni/parser/XMLDTDScanner.java,54.0,2.0,3.0,3.0,0.0,11.0,0,0.0,0.0,0.0,0,false
src/org/apache/xerces/xni/parser/XMLDTDSource.java,21.0,1.0,1.0,2.0,0.0,2.0,0,0.0,0.0,0.0,0,false
src/org/apache/xerces/xni/parser/XMLDocumentFilter.java,8.0,1.0,0.0,0.0,0.0,0.0,0,0.0,0.0,0.0,0,false
src/org/apache/xerces/xni/parser/XMLDocumentScanner.java,35.0,2.0,1.0,2.0,0.0,6.0,0,0.0,0.0,0.0,0,false
src/org/apache/xerces/xni/parser/XMLDocumentSource.java,21.0,1.0,1.0,2.0,0.0,2.0,0,0.0,0.0,0.0,0,false
src/org/apache/xerces/xni/parser/XMLEntityResolver.java,23.0,3.0,0.0,1.0,0.0,4.0,0,0.0,0.0,0.0,0,false
src/org/apache/xerces/xni/parser/XMLErrorHandler.java,63.0,1.0,3.0,3.0,0.0,10.0,0,0.0,0.0,0.0,0,false
src/org/apache/xerces/xni/parser/XMLInputSource.java,198.0,3.0,32.0,16.0,3.0,36.0,0,0.0,0.0,0.0,0,false
src/org/apache/xerces/xni/parser/XMLParseException.java,136.0,2.0,0.0,9.0,16.0,22.0,0,0.0,0.0,0.0,0,false
src/org/apache/xerces/xni/parser/XMLParserConfiguration.java,177.0,6.0,171.0,19.0,0.0,37.0,0,0.0,0.0,0.0,0,false
src/org/apache/xerces/xni/parser/XMLPullParserConfiguration.java,51.0,2.0,3.0,3.0,0.0,10.0,0,0.0,0.0,0.0,0,false
src/org/apache/xerces/xs/AttributePSVI.java,10.0,0.0,0.0,1.0,0.0,1.0,0,0.0,0.0,0.0,0,false
src/org/apache/xerces/xs/ElementPSVI.java,24.0,0.0,6.0,4.0,0.0,7.0,0,0.0,0.0,0.0,0,false
src/org/apache/xerces/xs/ItemPSVI.java,148.0,0.0,66.0,12.0,0.0,29.0,0,0.0,0.0,0.0,0,false
src/org/apache/xerces/xs/LSInputList.java,22.0,1.0,1.0,2.0,0.0,4.0,0,0.0,0.0,0.0,0,false
src/org/apache/xerces/xs/PSVIProvider.java,67.0,0.0,3.0,3.0,0.0,15.0,0,0.0,0.0,0.0,0,false
src/org/apache/xerces/xs/ShortList.java,30.0,0.0,3.0,3.0,0.0,8.0,0,0.0,0.0,0.0,0,false
src/org/apache/xerces/xs/StringList.java,30.0,0.0,3.0,3.0,0.0,7.0,0,0.0,0.0,0.0,0,false
src/org/apache/xerces/xs/XSAnnotation.java,36.0,0.0,1.0,2.0,0.0,5.0,0,0.0,0.0,0.0,0,false
src/org/apache/xerces/xs/XSAttributeDeclaration.java,69.0,0.0,36.0,9.0,0.0,22.0,0,0.0,0.0,0.0,0,false
src/org/apache/xerces/xs/XSAttributeGroupDefinition.java,18.0,0.0,3.0,3.0,0.0,6.0,0,0.0,0.0,0.0,0,false
src/org/apache/xerces/xs/XSAttributeUse.java,60.0,0.0,21.0,7.0,0.0,18.0,0,0.0,0.0,0.0,0,false
src/org/apache/xerces/xs/XSComplexTypeDefinition.java,83.0,0.0,45.0,10.0,0.0,17.0,0,0.0,0.0,0.0,0,false
src/org/apache/xerces/xs/XSConstants.java,297.0,0.0,0.0,0.0,0.0,0.0,0,0.0,0.0,0.0,0,false
src/org/apache/xerces/xs/XSElementDeclaration.java,130.0,0.0,136.0,17.0,0.0,41.0,0,0.0,0.0,0.0,0,false
src/org/apache/xerces/xs/XSException.java,28.0,0.0,0.0,1.0,0.0,1.0,0,0.0,0.0,0.0,0,false
src/org/apache/xerces/xs/XSFacet.java,23.0,0.0,6.0,4.0,0.0,5.0,0,0.0,0.0,0.0,0,false
src/org/apache/xerces/xs/XSIDCDefinition.java,44.0,0.0,10.0,5.0,0.0,7.0,0,0.0,0.0,0.0,0,false
src/org/apache/xerces/xs/XSImplementation.java,24.0,0.0,1.0,2.0,0.0,5.0,0,0.0,0.0,0.0,0,false
src/org/apache/xerces/xs/XSLoader.java,63.0,2.0,10.0,5.0,0.0,14.0,0,0.0,0.0,0.0,0,false
src/org/apache/xerces/xs/XSModel.java,108.0,0.0,55.0,11.0,0.0,32.0,0,0.0,0.0,0.0,0,false
src/org/apache/xerces/xs/XSModelGroup.java,34.0,0.0,3.0,3.0,0.0,5.0,0,0.0,0.0,0.0,0,false
src/org/apache/xerces/xs/XSModelGroupDefinition.java,13.0,0.0,1.0,2.0,0.0,3.0,0,0.0,0.0,0.0,0,false
src/org/apache/xerces/xs/XSMultiValueFacet.java,19.0,0.0,3.0,3.0,0.0,4.0,0,0.0,0.0,0.0,0,false
src/org/apache/xerces/xs/XSNamedMap.java,41.0,0.0,3.0,3.0,0.0,8.0,0,0.0,0.0,0.0,0,false
src/org/apache/xerces/xs/XSNamespaceItem.java,78.0,0.0,45.0,10.0,0.0,27.0,0,0.0,0.0,0.0,0,false
src/org/apache/xerces/xs/XSNamespaceItemList.java,22.0,0.0,1.0,2.0,0.0,4.0,0,0.0,0.0,0.0,0,false
src/org/apache/xerces/xs/XSNotationDeclaration.java,19.0,0.0,3.0,3.0,0.0,8.0,0,0.0,0.0,0.0,0,false
src/org/apache/xerces/xs/XSObject.java,32.0,0.0,6.0,4.0,0.0,8.0,0,0.0,0.0,0.0,0,false
src/org/apache/xerces/xs/XSObjectList.java,22.0,0.0,1.0,2.0,0.0,4.0,0,0.0,0.0,0.0,0,false
src/org/apache/xerces/xs/XSParticle.java,25.0,0.0,6.0,4.0,0.0,6.0,0,0.0,0.0,0.0,0,false
src/org/apache/xerces/xs/XSSimpleTypeDefinition.java,198.0,0.0,171.0,19.0,0.0,36.0,0,0.0,0.0,0.0,0,false
src/org/apache/xerces/xs/XSTerm.java,8.0,0.0,0.0,0.0,0.0,0.0,0,0.0,0.0,0.0,0,false
src/org/apache/xerces/xs/XSTypeDefinition.java,73.0,0.0,21.0,7.0,0.0,15.0,0,0.0,0.0,0.0,0,false
src/org/apache/xerces/xs/XSWildcard.java,55.0,0.0,6.0,4.0,0.0,5.0,0,0.0,0.0,0.0,0,false
src/org/apache/xml/serialize/BaseMarkupSerializer.java,1247.0,29.0,1041.0,62.0,201.0,246.0,1,0.006756756756756757,699.3913043478261,101495.66879112858,1,true
src/org/apache/xml/serialize/DOMSerializer.java,32.0,4.0,3.0,3.0,0.0,12.0,0,0.0,0.0,0.0,0,false
src/org/apache/xml/serialize/DOMSerializerImpl.java,799.0,42.0,24.0,17.0,123.0,79.0,1,0.006756756756756757,699.3913043478261,101495.66879112858,1,false
src/org/apache/xml/serialize/ElementState.java,55.0,1.0,0.0,0.0,0.0,0.0,0,0.0,0.0,0.0,0,false
src/org/apache/xml/serialize/EncodingInfo.java,92.0,5.0,0.0,5.0,4.0,14.0,0,0.0,0.0,0.0,0,false
src/org/apache/xml/serialize/Encodings.java,67.0,4.0,0.0,1.0,7.0,7.0,0,0.0,0.0,0.0,0,false
src/org/apache/xml/serialize/HTMLSerializer.java,524.0,13.0,119.0,18.0,107.0,69.0,0,0.0,0.0,0.0,0,false
src/org/apache/xml/serialize/HTMLdtd.java,380.0,6.0,106.0,16.0,35.0,57.0,0,0.0,0.0,0.0,0,false
src/org/apache/xml/serialize/IndentPrinter.java,210.0,3.0,0.0,17.0,33.0,47.0,0,0.0,0.0,0.0,0,false
src/org/apache/xml/serialize/LineSeparator.java,23.0,0.0,0.0,0.0,0.0,0.0,0,0.0,0.0,0.0,0,false
src/org/apache/xml/serialize/Method.java,27.0,0.0,0.0,0.0,0.0,0.0,0,0.0,0.0,0.0,0,false
src/org/apache/xml/serialize/ObjectFactory.java,325.0,7.0,9.0,7.0,38.0,39.0,1,0.006756756756756757,699.3913043478261,101495.66879112858,1,false
src/org/apache/xml/serialize/OutputFormat.java,660.0,5.0,1153.0,50.0,32.0,153.0,0,0.0,0.0,0.0,0,false
src/org/apache/xml/serialize/Printer.java,220.0,3.0,25.0,18.0,17.0,57.0,0,0.0,0.0,0.0,0,true
src/org/apache/xml/serialize/SecuritySupport.java,60.0,1.0,36.0,9.0,5.0,22.0,0,0.0,0.0,0.0,0,false
src/org/apache/xml/serialize/SecuritySupport12.java,102.0,2.0,120.0,16.0,29.0,47.0,0,0.0,0.0,0.0,0,false
src/org/apache/xml/serialize/Serializer.java,64.0,5.0,15.0,6.0,0.0,19.0,0,0.0,0.0,0.0,0,false
src/org/apache/xml/serialize/SerializerFactory.java,81.0,5.0,13.0,6.0,3.0,12.0,0,0.0,0.0,0.0,0,false
src/org/apache/xml/serialize/SerializerFactoryImpl.java,56.0,4.0,9.0,6.0,10.0,23.0,0,0.0,0.0,0.0,0,false
src/org/apache/xml/serialize/TextSerializer.java,193.0,6.0,136.0,17.0,36.0,46.0,0,0.0,0.0,0.0,0,false
src/org/apache/xml/serialize/XHTMLSerializer.java,49.0,2.0,10.0,5.0,2.0,11.0,0,0.0,0.0,0.0,0,false
src/org/apache/xml/serialize/XML11Serializer.java,359.0,11.0,66.0,12.0,61.0,52.0,1,0.006756756756756757,699.3913043478261,101495.66879112858,1,false
src/org/apache/xml/serialize/XMLSerializer.java,934.0,20.0,211.0,23.0,178.0,108.0,1,0.006756756756756757,699.3913043478261,101495.66879112858,1,true
tests/dom/DTest.java,1101.0,5.0,400.0,29.0,257.0,106.0,0,0.0,0.0,0.0,0,false
tests/dom/dom3/Test.java,371.0,27.0,1.0,3.0,71.0,14.0,0,0.0,0.0,0.0,0,false
tests/dom/events/EventReporter.java,34.0,2.0,0.0,3.0,17.0,6.0,0,0.0,0.0,0.0,0,false
tests/dom/events/Test.java,77.0,2.0,13.0,6.0,33.0,13.0,0,0.0,0.0,0.0,0,false
tests/dom/ids/Test.java,214.0,8.0,1.0,3.0,36.0,10.0,0,0.0,0.0,0.0,0,false
tests/dom/mem/Test.java,723.0,8.0,1.0,2.0,78.0,9.0,0,0.0,0.0,0.0,0,false
tests/dom/range/Test.java,521.0,10.0,22.0,8.0,61.0,35.0,0,0.0,0.0,0.0,0,false
tests/dom/range/TestCompare.java,144.0,4.0,36.0,9.0,15.0,20.0,0,0.0,0.0,0.0,0,false
tests/dom/registry/Test.java,28.0,5.0,0.0,1.0,6.0,3.0,0,0.0,0.0,0.0,0,false
tests/dom/rename/Test.java,282.0,6.0,2.0,5.0,32.0,14.0,0,0.0,0.0,0.0,0,false
tests/dom/serialization/Test.java,64.0,7.0,3.0,3.0,19.0,10.0,0,0.0,0.0,0.0,0,false
tests/dom/serialize/TestNS.java,237.0,8.0,1.0,2.0,38.0,9.0,0,0.0,0.0,0.0,0,true
tests/dom/serialize/TestSerializeDOMIn.java,58.0,10.0,3.0,3.0,13.0,8.0,0,0.0,0.0,0.0,0,false
tests/dom/serialize/TestSerializeDOMOut.java,62.0,10.0,3.0,3.0,15.0,8.0,0,0.0,0.0,0.0,0,false
tests/dom/serialize/TestXmlns.java,63.0,19.0,1.0,2.0,24.0,6.0,0,0.0,0.0,0.0,0,false
tests/dom/treewalker/TestFirstChild.java,121.0,5.0,6.0,4.0,26.0,18.0,0,0.0,0.0,0.0,0,false
tests/dom/util/Assertion.java,34.0,2.0,6.0,4.0,12.0,12.0,0,0.0,0.0,0.0,0,false
tests/io/UTF8.java,370.0,6.0,15.0,6.0,22.0,24.0,0,0.0,0.0,0.0,0,false
tests/jaxp/InputData.java,20.0,2.0,0.0,2.0,2.0,6.0,0,0.0,0.0,0.0,0,false
tests/jaxp/JAXP12Tests.java,180.0,8.0,5.0,10.0,56.0,27.0,0,0.0,0.0,0.0,0,false
tests/jaxp/JAXPConstants.java,15.0,0.0,0.0,0.0,0.0,0.0,0,0.0,0.0,0.0,0,false
tests/jaxp/JAXPSpecTest.java,148.0,7.0,45.0,10.0,45.0,26.0,0,0.0,0.0,0.0,0,false
tests/jaxp/PropertyTest.java,76.0,5.0,10.0,5.0,20.0,10.0,0,0.0,0.0,0.0,0,false
tests/schema/Test.java,98.0,4.0,21.0,7.0,20.0,14.0,0,0.0,0.0,0.0,0,false
tests/thread/Test.java,421.0,11.0,0.0,4.0,26.0,21.0,0,0.0,0.0,0.0,0,false
tests/xinclude/Test.java,336.0,19.0,68.0,16.0,55.0,55.0,0,0.0,0.0,0.0,0,false
tools/src/ArrayFillingCodeGenerator.java,48.0,2.0,0.0,1.0,4.0,5.0,0,0.0,0.0,0.0,0,false
tools/src/XJavac.java,72.0,8.0,0.0,1.0,16.0,5.0,0,0.0,0.0,0.0,0,false
tools/src/XML11CharGenerator.java,96.0,0.0,0.0,1.0,1.0,2.0,0,0.0,0.0,0.0,0,false
tools/src/XMLCharGenerator.java,134.0,0.0,0.0,1.0,1.0,2.0,0,0.0,0.0,0.0,0,false
