name,LOC,CBO,LCOM,NOM,RFC,WMC,numOfChanges,bccm,structuralWorkloadSum,semanticWorkloadSum,numberOfDeveloper,isBuggy
src/org/apache/html/dom/HTMLAnchorElementImpl.java,96.0,1.0,351.0,27.0,31.0,43.0,1,0.0022471910112359553,1517.9364303178484,183133.86081826122,1,false
src/org/apache/html/dom/HTMLAppletElementImpl.java,82.0,1.0,253.0,23.0,22.0,34.0,1,0.0022471910112359553,1517.9364303178484,183133.86081826122,1,false
src/org/apache/html/dom/HTMLAreaElementImpl.java,68.0,1.0,136.0,17.0,23.0,29.0,1,0.0022471910112359553,1517.9364303178484,183133.86081826122,1,false
src/org/apache/html/dom/HTMLBRElementImpl.java,22.0,1.0,3.0,3.0,3.0,4.0,1,0.0022471910112359553,1517.9364303178484,183133.86081826122,1,false
src/org/apache/html/dom/HTMLBaseElementImpl.java,28.0,1.0,10.0,5.0,4.0,7.0,1,0.0022471910112359553,1517.9364303178484,183133.86081826122,1,false
src/org/apache/html/dom/HTMLBaseFontElementImpl.java,34.0,1.0,21.0,7.0,8.0,10.0,1,0.0022471910112359553,1517.9364303178484,183133.86081826122,1,false
src/org/apache/html/dom/HTMLBodyElementImpl.java,52.0,1.0,78.0,13.0,12.0,19.0,1,0.0022471910112359553,1517.9364303178484,183133.86081826122,1,false
src/org/apache/html/dom/HTMLButtonElementImpl.java,58.0,1.0,66.0,12.0,18.0,23.0,1,0.0022471910112359553,1517.9364303178484,183133.86081826122,1,false
src/org/apache/html/dom/HTMLCollectionImpl.java,283.0,14.0,18.0,9.0,25.0,43.0,1,0.0022471910112359553,1517.9364303178484,183133.86081826122,1,false
src/org/apache/html/dom/HTMLDListElementImpl.java,22.0,1.0,3.0,3.0,2.0,4.0,1,0.0022471910112359553,1517.9364303178484,183133.86081826122,1,false
src/org/apache/html/dom/HTMLDOMImplementationImpl.java,44.0,4.0,3.0,3.0,1.0,9.0,1,0.0022471910112359553,1517.9364303178484,183133.86081826122,1,false
src/org/apache/html/dom/HTMLDirectoryElementImpl.java,22.0,1.0,3.0,3.0,2.0,4.0,1,0.0022471910112359553,1517.9364303178484,183133.86081826122,1,false
src/org/apache/html/dom/HTMLDivElementImpl.java,22.0,1.0,3.0,3.0,3.0,4.0,1,0.0022471910112359553,1517.9364303178484,183133.86081826122,1,false
src/org/apache/html/dom/HTMLDocumentImpl.java,438.0,19.0,510.0,33.0,68.0,108.0,1,0.0022471910112359553,1517.9364303178484,183133.86081826122,1,false
src/org/apache/html/dom/HTMLElementImpl.java,166.0,7.0,253.0,23.0,34.0,60.0,1,0.0022471910112359553,1517.9364303178484,183133.86081826122,1,false
src/org/apache/html/dom/HTMLFieldSetElementImpl.java,16.0,1.0,0.0,1.0,0.0,1.0,1,0.0022471910112359553,1517.9364303178484,183133.86081826122,1,false
src/org/apache/html/dom/HTMLFontElementImpl.java,30.0,1.0,21.0,7.0,8.0,10.0,1,0.0022471910112359553,1517.9364303178484,183133.86081826122,1,false
src/org/apache/html/dom/HTMLFormControl.java,9.0,0.0,0.0,0.0,0.0,0.0,1,0.0022471910112359553,1517.9364303178484,183133.86081826122,1,false
src/org/apache/html/dom/HTMLFormElementImpl.java,79.0,4.0,169.0,19.0,16.0,31.0,1,0.0022471910112359553,1517.9364303178484,183133.86081826122,1,false
src/org/apache/html/dom/HTMLFrameElementImpl.java,64.0,1.0,136.0,17.0,17.0,25.0,1,0.0022471910112359553,1517.9364303178484,183133.86081826122,1,false
src/org/apache/html/dom/HTMLFrameSetElementImpl.java,28.0,1.0,10.0,5.0,4.0,7.0,1,0.0022471910112359553,1517.9364303178484,183133.86081826122,1,false
src/org/apache/html/dom/HTMLHRElementImpl.java,40.0,1.0,36.0,9.0,9.0,13.0,1,0.0022471910112359553,1517.9364303178484,183133.86081826122,1,false
src/org/apache/html/dom/HTMLHeadElementImpl.java,22.0,1.0,3.0,3.0,2.0,4.0,1,0.0022471910112359553,1517.9364303178484,183133.86081826122,1,false
src/org/apache/html/dom/HTMLHeadingElementImpl.java,22.0,1.0,3.0,3.0,2.0,4.0,1,0.0022471910112359553,1517.9364303178484,183133.86081826122,1,false
src/org/apache/html/dom/HTMLHtmlElementImpl.java,22.0,1.0,3.0,3.0,3.0,4.0,1,0.0022471910112359553,1517.9364303178484,183133.86081826122,1,false
src/org/apache/html/dom/HTMLIFrameElementImpl.java,76.0,1.0,210.0,21.0,22.0,31.0,1,0.0022471910112359553,1517.9364303178484,183133.86081826122,1,false
src/org/apache/html/dom/HTMLImageElementImpl.java,94.0,1.0,351.0,27.0,27.0,40.0,1,0.0022471910112359553,1517.9364303178484,183133.86081826122,1,false
src/org/apache/html/dom/HTMLInputElementImpl.java,132.0,1.0,703.0,38.0,42.0,60.0,1,0.0022471910112359553,1517.9364303178484,183133.86081826122,1,false
src/org/apache/html/dom/HTMLIsIndexElementImpl.java,22.0,1.0,3.0,3.0,2.0,4.0,1,0.0022471910112359553,1517.9364303178484,183133.86081826122,1,false
src/org/apache/html/dom/HTMLLIElementImpl.java,28.0,1.0,10.0,5.0,6.0,7.0,1,0.0022471910112359553,1517.9364303178484,183133.86081826122,1,false
src/org/apache/html/dom/HTMLLabelElementImpl.java,32.0,1.0,10.0,5.0,8.0,13.0,1,0.0022471910112359553,1517.9364303178484,183133.86081826122,1,false
src/org/apache/html/dom/HTMLLegendElementImpl.java,32.0,1.0,10.0,5.0,8.0,11.0,1,0.0022471910112359553,1517.9364303178484,183133.86081826122,1,false
src/org/apache/html/dom/HTMLLinkElementImpl.java,70.0,1.0,171.0,19.0,18.0,28.0,1,0.0022471910112359553,1517.9364303178484,183133.86081826122,1,false
src/org/apache/html/dom/HTMLMapElementImpl.java,36.0,3.0,8.0,5.0,2.0,10.0,1,0.0022471910112359553,1517.9364303178484,183133.86081826122,1,false
src/org/apache/html/dom/HTMLMenuElementImpl.java,22.0,1.0,3.0,3.0,2.0,4.0,1,0.0022471910112359553,1517.9364303178484,183133.86081826122,1,false
src/org/apache/html/dom/HTMLMetaElementImpl.java,40.0,1.0,36.0,9.0,8.0,13.0,1,0.0022471910112359553,1517.9364303178484,183133.86081826122,1,false
src/org/apache/html/dom/HTMLModElementImpl.java,28.0,1.0,10.0,5.0,4.0,7.0,1,0.0022471910112359553,1517.9364303178484,183133.86081826122,1,false
src/org/apache/html/dom/HTMLOListElementImpl.java,34.0,1.0,21.0,7.0,8.0,10.0,1,0.0022471910112359553,1517.9364303178484,183133.86081826122,1,false
src/org/apache/html/dom/HTMLObjectElementImpl.java,123.0,1.0,595.0,35.0,37.0,53.0,1,0.0022471910112359553,1517.9364303178484,183133.86081826122,1,false
src/org/apache/html/dom/HTMLOptGroupElementImpl.java,28.0,1.0,10.0,5.0,5.0,7.0,1,0.0022471910112359553,1517.9364303178484,183133.86081826122,1,false
src/org/apache/html/dom/HTMLOptionElementImpl.java,96.0,6.0,105.0,15.0,31.0,34.0,1,0.0022471910112359553,1517.9364303178484,183133.86081826122,1,false
src/org/apache/html/dom/HTMLParagraphElementImpl.java,22.0,1.0,3.0,3.0,2.0,4.0,1,0.0022471910112359553,1517.9364303178484,183133.86081826122,1,false
src/org/apache/html/dom/HTMLParamElementImpl.java,40.0,1.0,36.0,9.0,9.0,13.0,1,0.0022471910112359553,1517.9364303178484,183133.86081826122,1,false
src/org/apache/html/dom/HTMLPreElementImpl.java,22.0,1.0,3.0,3.0,4.0,4.0,1,0.0022471910112359553,1517.9364303178484,183133.86081826122,1,false
src/org/apache/html/dom/HTMLQuoteElementImpl.java,22.0,1.0,3.0,3.0,2.0,4.0,1,0.0022471910112359553,1517.9364303178484,183133.86081826122,1,false
src/org/apache/html/dom/HTMLScriptElementImpl.java,75.0,3.0,105.0,15.0,23.0,28.0,1,0.0022471910112359553,1517.9364303178484,183133.86081826122,1,false
src/org/apache/html/dom/HTMLSelectElementImpl.java,106.0,6.0,274.0,24.0,33.0,43.0,1,0.0022471910112359553,1517.9364303178484,183133.86081826122,1,false
src/org/apache/html/dom/HTMLStyleElementImpl.java,34.0,1.0,21.0,7.0,6.0,10.0,1,0.0022471910112359553,1517.9364303178484,183133.86081826122,1,false
src/org/apache/html/dom/HTMLTableCaptionElementImpl.java,22.0,1.0,3.0,3.0,2.0,4.0,1,0.0022471910112359553,1517.9364303178484,183133.86081826122,1,false
src/org/apache/html/dom/HTMLTableCellElementImpl.java,142.0,3.0,465.0,31.0,46.0,56.0,1,0.0022471910112359553,1517.9364303178484,183133.86081826122,1,false
src/org/apache/html/dom/HTMLTableColElementImpl.java,56.0,1.0,78.0,13.0,20.0,23.0,1,0.0022471910112359553,1517.9364303178484,183133.86081826122,1,false
src/org/apache/html/dom/HTMLTableElementImpl.java,216.0,7.0,662.0,37.0,71.0,92.0,1,0.0022471910112359553,1517.9364303178484,183133.86081826122,1,false
src/org/apache/html/dom/HTMLTableRowElementImpl.java,144.0,8.0,208.0,21.0,40.0,52.0,1,0.0022471910112359553,1517.9364303178484,183133.86081826122,1,false
src/org/apache/html/dom/HTMLTableSectionElementImpl.java,98.0,5.0,103.0,15.0,25.0,36.0,1,0.0022471910112359553,1517.9364303178484,183133.86081826122,1,false
src/org/apache/html/dom/HTMLTextAreaElementImpl.java,83.0,1.0,253.0,23.0,29.0,37.0,1,0.0022471910112359553,1517.9364303178484,183133.86081826122,1,false
src/org/apache/html/dom/HTMLTitleElementImpl.java,39.0,3.0,3.0,3.0,11.0,8.0,1,0.0022471910112359553,1517.9364303178484,183133.86081826122,1,false
src/org/apache/html/dom/HTMLUListElementImpl.java,28.0,1.0,10.0,5.0,4.0,7.0,1,0.0022471910112359553,1517.9364303178484,183133.86081826122,1,false
src/org/apache/html/dom/NameNodeListImpl.java,45.0,5.0,1.0,2.0,7.0,9.0,1,0.0022471910112359553,1517.9364303178484,183133.86081826122,1,false
src/org/apache/html/dom/ObjectFactory.java,354.0,7.0,9.0,7.0,38.0,39.0,1,0.0022471910112359553,1517.9364303178484,183133.86081826122,1,false
src/org/apache/html/dom/SecuritySupport.java,61.0,1.0,36.0,9.0,5.0,22.0,1,0.0022471910112359553,1517.9364303178484,183133.86081826122,1,false
src/org/apache/html/dom/SecuritySupport12.java,103.0,2.0,120.0,16.0,29.0,47.0,1,0.0022471910112359553,1517.9364303178484,183133.86081826122,1,false
src/org/apache/wml/dom/WMLAElementImpl.java,40.0,1.0,55.0,11.0,10.0,16.0,1,0.0022471910112359553,1517.9364303178484,183133.86081826122,1,false
src/org/apache/wml/dom/WMLAccessElementImpl.java,34.0,1.0,36.0,9.0,8.0,13.0,1,0.0022471910112359553,1517.9364303178484,183133.86081826122,1,false
src/org/apache/wml/dom/WMLAnchorElementImpl.java,34.0,1.0,36.0,9.0,8.0,13.0,1,0.0022471910112359553,1517.9364303178484,183133.86081826122,1,false
src/org/apache/wml/dom/WMLBElementImpl.java,28.0,1.0,21.0,7.0,6.0,10.0,1,0.0022471910112359553,1517.9364303178484,183133.86081826122,1,false
src/org/apache/wml/dom/WMLBigElementImpl.java,28.0,1.0,21.0,7.0,6.0,10.0,1,0.0022471910112359553,1517.9364303178484,183133.86081826122,1,false
src/org/apache/wml/dom/WMLBrElementImpl.java,28.0,1.0,21.0,7.0,6.0,10.0,1,0.0022471910112359553,1517.9364303178484,183133.86081826122,1,false
src/org/apache/wml/dom/WMLCardElementImpl.java,64.0,1.0,171.0,19.0,18.0,30.0,1,0.0022471910112359553,1517.9364303178484,183133.86081826122,1,false
src/org/apache/wml/dom/WMLDOMImplementationImpl.java,23.0,3.0,1.0,2.0,2.0,6.0,1,0.0022471910112359553,1517.9364303178484,183133.86081826122,1,false
src/org/apache/wml/dom/WMLDoElementImpl.java,52.0,1.0,105.0,15.0,14.0,22.0,1,0.0022471910112359553,1517.9364303178484,183133.86081826122,1,false
src/org/apache/wml/dom/WMLDocumentImpl.java,70.0,7.0,1.0,2.0,8.0,7.0,1,0.0022471910112359553,1517.9364303178484,183133.86081826122,1,false
src/org/apache/wml/dom/WMLElementImpl.java,46.0,2.0,55.0,11.0,12.0,19.0,1,0.0022471910112359553,1517.9364303178484,183133.86081826122,1,false
src/org/apache/wml/dom/WMLEmElementImpl.java,28.0,1.0,21.0,7.0,6.0,10.0,1,0.0022471910112359553,1517.9364303178484,183133.86081826122,1,false
src/org/apache/wml/dom/WMLFieldsetElementImpl.java,34.0,1.0,36.0,9.0,8.0,13.0,1,0.0022471910112359553,1517.9364303178484,183133.86081826122,1,false
src/org/apache/wml/dom/WMLGoElementImpl.java,46.0,1.0,78.0,13.0,12.0,19.0,1,0.0022471910112359553,1517.9364303178484,183133.86081826122,1,false
src/org/apache/wml/dom/WMLHeadElementImpl.java,22.0,1.0,10.0,5.0,4.0,7.0,1,0.0022471910112359553,1517.9364303178484,183133.86081826122,1,false
src/org/apache/wml/dom/WMLIElementImpl.java,28.0,1.0,21.0,7.0,6.0,10.0,1,0.0022471910112359553,1517.9364303178484,183133.86081826122,1,false
src/org/apache/wml/dom/WMLImgElementImpl.java,76.0,1.0,253.0,23.0,22.0,34.0,1,0.0022471910112359553,1517.9364303178484,183133.86081826122,1,false
src/org/apache/wml/dom/WMLInputElementImpl.java,82.0,1.0,300.0,25.0,24.0,39.0,1,0.0022471910112359553,1517.9364303178484,183133.86081826122,1,false
src/org/apache/wml/dom/WMLMetaElementImpl.java,52.0,1.0,105.0,15.0,14.0,24.0,1,0.0022471910112359553,1517.9364303178484,183133.86081826122,1,false
src/org/apache/wml/dom/WMLNoopElementImpl.java,22.0,1.0,10.0,5.0,4.0,7.0,1,0.0022471910112359553,1517.9364303178484,183133.86081826122,1,false
src/org/apache/wml/dom/WMLOneventElementImpl.java,28.0,1.0,21.0,7.0,6.0,10.0,1,0.0022471910112359553,1517.9364303178484,183133.86081826122,1,false
src/org/apache/wml/dom/WMLOptgroupElementImpl.java,34.0,1.0,36.0,9.0,8.0,13.0,1,0.0022471910112359553,1517.9364303178484,183133.86081826122,1,false
src/org/apache/wml/dom/WMLOptionElementImpl.java,46.0,1.0,78.0,13.0,12.0,19.0,1,0.0022471910112359553,1517.9364303178484,183133.86081826122,1,false
src/org/apache/wml/dom/WMLPElementImpl.java,40.0,1.0,55.0,11.0,10.0,16.0,1,0.0022471910112359553,1517.9364303178484,183133.86081826122,1,false
src/org/apache/wml/dom/WMLPostfieldElementImpl.java,34.0,1.0,36.0,9.0,8.0,13.0,1,0.0022471910112359553,1517.9364303178484,183133.86081826122,1,false
src/org/apache/wml/dom/WMLPrevElementImpl.java,22.0,1.0,10.0,5.0,4.0,7.0,1,0.0022471910112359553,1517.9364303178484,183133.86081826122,1,false
src/org/apache/wml/dom/WMLRefreshElementImpl.java,22.0,1.0,10.0,5.0,4.0,7.0,1,0.0022471910112359553,1517.9364303178484,183133.86081826122,1,false
src/org/apache/wml/dom/WMLSelectElementImpl.java,70.0,1.0,210.0,21.0,20.0,31.0,1,0.0022471910112359553,1517.9364303178484,183133.86081826122,1,false
src/org/apache/wml/dom/WMLSetvarElementImpl.java,34.0,1.0,36.0,9.0,8.0,13.0,1,0.0022471910112359553,1517.9364303178484,183133.86081826122,1,false
src/org/apache/wml/dom/WMLSmallElementImpl.java,28.0,1.0,21.0,7.0,6.0,10.0,1,0.0022471910112359553,1517.9364303178484,183133.86081826122,1,false
src/org/apache/wml/dom/WMLStrongElementImpl.java,28.0,1.0,21.0,7.0,6.0,10.0,1,0.0022471910112359553,1517.9364303178484,183133.86081826122,1,false
src/org/apache/wml/dom/WMLTableElementImpl.java,46.0,1.0,78.0,13.0,12.0,19.0,1,0.0022471910112359553,1517.9364303178484,183133.86081826122,1,false
src/org/apache/wml/dom/WMLTdElementImpl.java,28.0,1.0,21.0,7.0,6.0,10.0,1,0.0022471910112359553,1517.9364303178484,183133.86081826122,1,false
src/org/apache/wml/dom/WMLTemplateElementImpl.java,40.0,1.0,55.0,11.0,10.0,18.0,1,0.0022471910112359553,1517.9364303178484,183133.86081826122,1,false
src/org/apache/wml/dom/WMLTimerElementImpl.java,34.0,1.0,36.0,9.0,8.0,13.0,1,0.0022471910112359553,1517.9364303178484,183133.86081826122,1,false
src/org/apache/wml/dom/WMLTrElementImpl.java,22.0,1.0,10.0,5.0,4.0,7.0,1,0.0022471910112359553,1517.9364303178484,183133.86081826122,1,false
src/org/apache/wml/dom/WMLUElementImpl.java,28.0,1.0,21.0,7.0,6.0,10.0,1,0.0022471910112359553,1517.9364303178484,183133.86081826122,1,false
src/org/apache/wml/dom/WMLWmlElementImpl.java,28.0,1.0,21.0,7.0,6.0,10.0,1,0.0022471910112359553,1517.9364303178484,183133.86081826122,1,false
src/org/apache/xerces/dom/AttrImpl.java,868.0,10.0,777.0,46.0,153.0,161.0,2,0.0044943820224719105,1546.4818848633029,183281.51722067973,2,false
src/org/apache/xerces/dom/AttrNSImpl.java,234.0,4.0,41.0,14.0,37.0,43.0,2,0.0044943820224719105,1546.4818848633029,183281.51722067973,2,false
src/org/apache/xerces/dom/AttributeMap.java,412.0,3.0,105.0,15.0,113.0,65.0,1,0.0022471910112359553,1517.9364303178484,183133.86081826122,1,false
src/org/apache/xerces/dom/CDATASectionImpl.java,50.0,2.0,3.0,3.0,0.0,7.0,1,0.0022471910112359553,1517.9364303178484,183133.86081826122,1,false
src/org/apache/xerces/dom/CharacterDataImpl.java,244.0,3.0,30.0,16.0,51.0,50.0,2,0.0044943820224719105,1546.4818848633029,183281.51722067973,2,false
src/org/apache/xerces/dom/ChildNode.java,87.0,1.0,20.0,8.0,5.0,19.0,1,0.0022471910112359553,1517.9364303178484,183133.86081826122,1,false
src/org/apache/xerces/dom/CommentImpl.java,31.0,3.0,3.0,3.0,0.0,6.0,1,0.0022471910112359553,1517.9364303178484,183133.86081826122,1,false
src/org/apache/xerces/dom/CoreDOMImplementationImpl.java,280.0,14.0,85.0,14.0,34.0,52.0,1,0.0022471910112359553,1517.9364303178484,183133.86081826122,1,false
src/org/apache/xerces/dom/CoreDocumentImpl.java,1938.0,30.0,6805.0,122.0,219.0,402.0,2,0.0044943820224719105,1546.4818848633029,183281.51722067973,2,false
src/org/apache/xerces/dom/DOMConfigurationImpl.java,680.0,32.0,281.0,26.0,45.0,78.0,1,0.0022471910112359553,1517.9364303178484,183133.86081826122,1,false
src/org/apache/xerces/dom/DOMErrorImpl.java,72.0,3.0,33.0,10.0,5.0,21.0,1,0.0022471910112359553,1517.9364303178484,183133.86081826122,1,false
src/org/apache/xerces/dom/DOMImplementationImpl.java,77.0,5.0,3.0,3.0,9.0,15.0,1,0.0022471910112359553,1517.9364303178484,183133.86081826122,1,false
src/org/apache/xerces/dom/DOMImplementationListImpl.java,40.0,3.0,0.0,4.0,2.0,7.0,1,0.0022471910112359553,1517.9364303178484,183133.86081826122,1,false
src/org/apache/xerces/dom/DOMImplementationSourceImpl.java,104.0,6.0,3.0,3.0,9.0,12.0,1,0.0022471910112359553,1517.9364303178484,183133.86081826122,1,false
src/org/apache/xerces/dom/DOMInputImpl.java,303.0,3.0,110.0,21.0,0.0,55.0,1,0.0022471910112359553,1517.9364303178484,183133.86081826122,1,false
src/org/apache/xerces/dom/DOMLocatorImpl.java,106.0,2.0,7.0,11.0,0.0,22.0,1,0.0022471910112359553,1517.9364303178484,183133.86081826122,1,false
src/org/apache/xerces/dom/DOMMessageFormatter.java,97.0,4.0,2.0,5.0,9.0,16.0,1,0.0022471910112359553,1517.9364303178484,183133.86081826122,1,false
src/org/apache/xerces/dom/DOMNormalizer.java,1233.0,39.0,429.0,31.0,193.0,130.0,1,0.0022471910112359553,1517.9364303178484,183133.86081826122,1,false
src/org/apache/xerces/dom/DOMOutputImpl.java,125.0,3.0,28.0,9.0,0.0,23.0,1,0.0022471910112359553,1517.9364303178484,183133.86081826122,1,false
src/org/apache/xerces/dom/DOMStringListImpl.java,52.0,2.0,0.0,6.0,4.0,10.0,1,0.0022471910112359553,1517.9364303178484,183133.86081826122,1,false
src/org/apache/xerces/dom/DOMXSImplementationSourceImpl.java,61.0,4.0,1.0,2.0,7.0,7.0,1,0.0022471910112359553,1517.9364303178484,183133.86081826122,1,false
src/org/apache/xerces/dom/DeepNodeListImpl.java,156.0,3.0,0.0,5.0,18.0,20.0,1,0.0022471910112359553,1517.9364303178484,183133.86081826122,1,false
src/org/apache/xerces/dom/DeferredAttrImpl.java,86.0,0.0,0.0,4.0,12.0,7.0,1,0.0022471910112359553,1517.9364303178484,183133.86081826122,1,false
src/org/apache/xerces/dom/DeferredAttrNSImpl.java,66.0,0.0,0.0,4.0,15.0,8.0,1,0.0022471910112359553,1517.9364303178484,183133.86081826122,1,true
src/org/apache/xerces/dom/DeferredCDATASectionImpl.java,58.0,0.0,0.0,3.0,4.0,5.0,1,0.0022471910112359553,1517.9364303178484,183133.86081826122,1,false
src/org/apache/xerces/dom/DeferredCommentImpl.java,39.0,0.0,0.0,3.0,4.0,5.0,1,0.0022471910112359553,1517.9364303178484,183133.86081826122,1,false
src/org/apache/xerces/dom/DeferredDOMImplementationImpl.java,22.0,1.0,0.0,1.0,0.0,2.0,1,0.0022471910112359553,1517.9364303178484,183133.86081826122,1,false
src/org/apache/xerces/dom/DeferredDocumentImpl.java,1711.0,4.0,1275.0,79.0,191.0,232.0,1,0.0022471910112359553,1517.9364303178484,183133.86081826122,1,true
src/org/apache/xerces/dom/DeferredDocumentTypeImpl.java,106.0,1.0,0.0,4.0,22.0,10.0,1,0.0022471910112359553,1517.9364303178484,183133.86081826122,1,false
src/org/apache/xerces/dom/DeferredElementDefinitionImpl.java,58.0,1.0,0.0,4.0,11.0,7.0,1,0.0022471910112359553,1517.9364303178484,183133.86081826122,1,false
src/org/apache/xerces/dom/DeferredElementImpl.java,71.0,1.0,0.0,4.0,11.0,8.0,1,0.0022471910112359553,1517.9364303178484,183133.86081826122,1,false
src/org/apache/xerces/dom/DeferredElementNSImpl.java,72.0,2.0,0.0,4.0,15.0,9.0,1,0.0022471910112359553,1517.9364303178484,183133.86081826122,1,true
src/org/apache/xerces/dom/DeferredEntityImpl.java,88.0,0.0,0.0,4.0,13.0,6.0,1,0.0022471910112359553,1517.9364303178484,183133.86081826122,1,false
src/org/apache/xerces/dom/DeferredEntityReferenceImpl.java,96.0,0.0,0.0,4.0,9.0,6.0,1,0.0022471910112359553,1517.9364303178484,183133.86081826122,1,false
src/org/apache/xerces/dom/DeferredNode.java,12.0,1.0,0.0,1.0,0.0,1.0,1,0.0022471910112359553,1517.9364303178484,183133.86081826122,1,false
src/org/apache/xerces/dom/DeferredNotationImpl.java,61.0,0.0,0.0,3.0,8.0,5.0,1,0.0022471910112359553,1517.9364303178484,183133.86081826122,1,false
src/org/apache/xerces/dom/DeferredProcessingInstructionImpl.java,42.0,0.0,0.0,3.0,5.0,4.0,1,0.0022471910112359553,1517.9364303178484,183133.86081826122,1,false
src/org/apache/xerces/dom/DeferredTextImpl.java,50.0,0.0,0.0,3.0,6.0,4.0,1,0.0022471910112359553,1517.9364303178484,183133.86081826122,1,false
src/org/apache/xerces/dom/DocumentFragmentImpl.java,101.0,3.0,10.0,5.0,9.0,14.0,1,0.0022471910112359553,1517.9364303178484,183133.86081826122,1,false
src/org/apache/xerces/dom/DocumentImpl.java,835.0,24.0,621.0,43.0,117.0,135.0,2,0.0044943820224719105,1546.4818848633029,183281.51722067973,2,true
src/org/apache/xerces/dom/DocumentTypeImpl.java,327.0,6.0,165.0,22.0,40.0,63.0,1,0.0022471910112359553,1517.9364303178484,183133.86081826122,1,false
src/org/apache/xerces/dom/ElementDefinitionImpl.java,70.0,2.0,2.0,5.0,5.0,13.0,1,0.0022471910112359553,1517.9364303178484,183133.86081826122,1,false
src/org/apache/xerces/dom/ElementImpl.java,853.0,9.0,307.0,43.0,158.0,151.0,2,0.0044943820224719105,1546.4818848633029,183281.51722067973,2,false
src/org/apache/xerces/dom/ElementNSImpl.java,297.0,8.0,58.0,16.0,46.0,52.0,2,0.0044943820224719105,1546.4818848633029,183281.51722067973,2,false
src/org/apache/xerces/dom/EntityImpl.java,256.0,2.0,133.0,18.0,34.0,48.0,1,0.0022471910112359553,1517.9364303178484,183133.86081826122,1,false
src/org/apache/xerces/dom/EntityReferenceImpl.java,230.0,5.0,32.0,9.0,42.0,32.0,1,0.0022471910112359553,1517.9364303178484,183133.86081826122,1,false
src/org/apache/xerces/dom/LCount.java,13.0,0.0,0.0,1.0,2.0,3.0,2,0.0044943820224719105,1546.4818848633029,183281.51722067973,2,false
src/org/apache/xerces/dom/NamedNodeMapImpl.java,427.0,5.0,24.0,29.0,80.0,93.0,1,0.0022471910112359553,1517.9364303178484,183133.86081826122,1,false
src/org/apache/xerces/dom/NodeImpl.java,1443.0,14.0,3034.0,84.0,134.0,242.0,1,0.0022471910112359553,1517.9364303178484,183133.86081826122,1,false
src/org/apache/xerces/dom/NodeIteratorImpl.java,243.0,4.0,6.0,13.0,23.0,51.0,1,0.0022471910112359553,1517.9364303178484,183133.86081826122,1,false
src/org/apache/xerces/dom/NodeListCache.java,33.0,1.0,0.0,1.0,0.0,1.0,1,0.0022471910112359553,1517.9364303178484,183133.86081826122,1,false
src/org/apache/xerces/dom/NotationImpl.java,142.0,4.0,28.0,9.0,20.0,31.0,1,0.0022471910112359553,1517.9364303178484,183133.86081826122,1,false
src/org/apache/xerces/dom/ObjectFactory.java,354.0,7.0,9.0,7.0,38.0,39.0,1,0.0022471910112359553,1517.9364303178484,183133.86081826122,1,false
src/org/apache/xerces/dom/PSVIAttrNSImpl.java,184.0,6.0,125.0,18.0,17.0,38.0,1,0.0022471910112359553,1517.9364303178484,183133.86081826122,1,false
src/org/apache/xerces/dom/PSVIDOMImplementationImpl.java,65.0,5.0,3.0,3.0,5.0,13.0,1,0.0022471910112359553,1517.9364303178484,183133.86081826122,1,false
src/org/apache/xerces/dom/PSVIDocumentImpl.java,89.0,7.0,55.0,11.0,7.0,36.0,1,0.0022471910112359553,1517.9364303178484,183133.86081826122,1,false
src/org/apache/xerces/dom/PSVIElementNSImpl.java,223.0,6.0,178.0,21.0,19.0,48.0,1,0.0022471910112359553,1517.9364303178484,183133.86081826122,1,false
src/org/apache/xerces/dom/ParentNode.java,722.0,9.0,418.0,36.0,107.0,132.0,1,0.0022471910112359553,1517.9364303178484,183133.86081826122,1,false
src/org/apache/xerces/dom/ProcessingInstructionImpl.java,96.0,2.0,15.0,7.0,10.0,20.0,1,0.0022471910112359553,1517.9364303178484,183133.86081826122,1,false
src/org/apache/xerces/dom/RangeExceptionImpl.java,13.0,1.0,0.0,1.0,0.0,1.0,1,0.0022471910112359553,1517.9364303178484,183133.86081826122,1,false
src/org/apache/xerces/dom/RangeImpl.java,1405.0,7.0,255.0,55.0,226.0,257.0,1,0.0022471910112359553,1517.9364303178484,183133.86081826122,1,true
src/org/apache/xerces/dom/SecuritySupport.java,61.0,1.0,36.0,9.0,5.0,22.0,1,0.0022471910112359553,1517.9364303178484,183133.86081826122,1,false
src/org/apache/xerces/dom/SecuritySupport12.java,103.0,2.0,120.0,16.0,29.0,47.0,1,0.0022471910112359553,1517.9364303178484,183133.86081826122,1,false
src/org/apache/xerces/dom/TextImpl.java,394.0,4.0,136.0,17.0,62.0,64.0,2,0.0044943820224719105,1546.4818848633029,183281.51722067973,2,false
src/org/apache/xerces/dom/TreeWalkerImpl.java,374.0,4.0,115.0,23.0,36.0,70.0,1,0.0022471910112359553,1517.9364303178484,183133.86081826122,1,false
src/org/apache/xerces/impl/Constants.java,499.0,2.0,1.0,7.0,3.0,14.0,2,0.0044943820224719105,1531.2091575905756,183526.31630305594,2,false
src/org/apache/xerces/impl/ExternalSubsetResolver.java,25.0,5.0,0.0,1.0,0.0,5.0,1,0.0022471910112359553,1517.9364303178484,183133.86081826122,1,false
src/org/apache/xerces/impl/RevalidationHandler.java,15.0,2.0,0.0,1.0,0.0,3.0,1,0.0022471910112359553,1517.9364303178484,183133.86081826122,1,false
src/org/apache/xerces/impl/XML11DTDScannerImpl.java,172.0,7.0,91.0,14.0,17.0,38.0,1,0.0022471910112359553,1517.9364303178484,183133.86081826122,1,false
src/org/apache/xerces/impl/XML11DocumentScannerImpl.java,398.0,7.0,99.0,15.0,46.0,50.0,1,0.0022471910112359553,1517.9364303178484,183133.86081826122,1,false
src/org/apache/xerces/impl/XML11EntityScanner.java,1184.0,7.0,78.0,13.0,65.0,91.0,1,0.0022471910112359553,1517.9364303178484,183133.86081826122,1,false
src/org/apache/xerces/impl/XML11NSDocumentScannerImpl.java,475.0,12.0,6.0,8.0,76.0,39.0,1,0.0022471910112359553,1517.9364303178484,183133.86081826122,1,false
src/org/apache/xerces/impl/XML11NamespaceBinder.java,18.0,0.0,1.0,2.0,0.0,3.0,1,0.0022471910112359553,1517.9364303178484,183133.86081826122,1,false
src/org/apache/xerces/impl/XMLDTDScannerImpl.java,1601.0,17.0,449.0,43.0,231.0,170.0,1,0.0022471910112359553,1517.9364303178484,183133.86081826122,1,false
src/org/apache/xerces/impl/XMLDocumentFragmentScannerImpl.java,1392.0,22.0,226.0,33.0,149.0,136.0,1,0.0022471910112359553,1517.9364303178484,183133.86081826122,1,false
src/org/apache/xerces/impl/XMLDocumentScannerImpl.java,993.0,18.0,75.0,14.0,36.0,53.0,1,0.0022471910112359553,1517.9364303178484,183133.86081826122,1,false
src/org/apache/xerces/impl/XMLEntityDescription.java,19.0,1.0,1.0,2.0,0.0,3.0,1,0.0022471910112359553,1517.9364303178484,183133.86081826122,1,false
src/org/apache/xerces/impl/XMLEntityHandler.java,34.0,3.0,1.0,2.0,0.0,8.0,1,0.0022471910112359553,1517.9364303178484,183133.86081826122,1,false
src/org/apache/xerces/impl/XMLEntityManager.java,2004.0,36.0,652.0,44.0,176.0,171.0,1,0.0022471910112359553,1517.9364303178484,183133.86081826122,1,true
src/org/apache/xerces/impl/XMLEntityScanner.java,1413.0,11.0,0.0,30.0,106.0,162.0,1,0.0022471910112359553,1517.9364303178484,183133.86081826122,1,false
src/org/apache/xerces/impl/XMLErrorReporter.java,369.0,11.0,107.0,18.0,26.0,61.0,1,0.0022471910112359553,1517.9364303178484,183133.86081826122,1,false
src/org/apache/xerces/impl/XMLNSDocumentScannerImpl.java,475.0,12.0,6.0,8.0,74.0,39.0,1,0.0022471910112359553,1517.9364303178484,183133.86081826122,1,false
src/org/apache/xerces/impl/XMLNamespaceBinder.java,578.0,17.0,68.0,33.0,48.0,133.0,1,0.0022471910112359553,1517.9364303178484,183133.86081826122,1,false
src/org/apache/xerces/impl/XMLScanner.java,1091.0,13.0,243.0,30.0,137.0,128.0,1,0.0022471910112359553,1517.9364303178484,183133.86081826122,1,false
src/org/apache/xerces/impl/XMLVersionDetector.java,143.0,8.0,0.0,4.0,18.0,18.0,1,0.0022471910112359553,1517.9364303178484,183133.86081826122,1,false
src/org/apache/xerces/impl/dtd/DTDGrammar.java,2006.0,26.0,3837.0,99.0,151.0,319.0,1,0.0022471910112359553,1517.9364303178484,183133.86081826122,1,false
src/org/apache/xerces/impl/dtd/DTDGrammarBucket.java,55.0,2.0,4.0,8.0,4.0,12.0,1,0.0022471910112359553,1517.9364303178484,183133.86081826122,1,false
src/org/apache/xerces/impl/dtd/XML11DTDProcessor.java,30.0,5.0,15.0,6.0,2.0,8.0,1,0.0022471910112359553,1517.9364303178484,183133.86081826122,1,false
src/org/apache/xerces/impl/dtd/XML11DTDValidator.java,38.0,2.0,3.0,3.0,4.0,7.0,1,0.0022471910112359553,1517.9364303178484,183133.86081826122,1,false
src/org/apache/xerces/impl/dtd/XML11NSDTDValidator.java,124.0,8.0,1.0,2.0,16.0,9.0,1,0.0022471910112359553,1517.9364303178484,183133.86081826122,1,false
src/org/apache/xerces/impl/dtd/XMLAttributeDecl.java,37.0,1.0,0.0,2.0,2.0,2.0,1,0.0022471910112359553,1517.9364303178484,183133.86081826122,1,false
src/org/apache/xerces/impl/dtd/XMLContentSpec.java,230.0,0.0,15.0,10.0,7.0,20.0,1,0.0022471910112359553,1517.9364303178484,183133.86081826122,1,false
src/org/apache/xerces/impl/dtd/XMLDTDDescription.java,113.0,5.0,0.0,9.0,16.0,21.0,1,0.0022471910112359553,1517.9364303178484,183133.86081826122,1,true
src/org/apache/xerces/impl/dtd/XMLDTDLoader.java,285.0,18.0,80.0,17.0,33.0,46.0,1,0.0022471910112359553,1517.9364303178484,183133.86081826122,1,false
src/org/apache/xerces/impl/dtd/XMLDTDProcessor.java,1060.0,28.0,189.0,51.0,89.0,182.0,1,0.0022471910112359553,1517.9364303178484,183133.86081826122,1,false
src/org/apache/xerces/impl/dtd/XMLDTDValidator.java,1404.0,30.0,526.0,48.0,145.0,193.0,1,0.0022471910112359553,1517.9364303178484,183133.86081826122,1,false
src/org/apache/xerces/impl/dtd/XMLDTDValidatorFilter.java,19.0,1.0,1.0,2.0,0.0,6.0,1,0.0022471910112359553,1517.9364303178484,183133.86081826122,1,false
src/org/apache/xerces/impl/dtd/XMLElementDecl.java,71.0,2.0,0.0,2.0,2.0,2.0,1,0.0022471910112359553,1517.9364303178484,183133.86081826122,1,false
src/org/apache/xerces/impl/dtd/XMLEntityDecl.java,85.0,0.0,0.0,3.0,1.0,3.0,1,0.0022471910112359553,1517.9364303178484,183133.86081826122,1,false
src/org/apache/xerces/impl/dtd/XMLNSDTDValidator.java,127.0,8.0,1.0,2.0,16.0,9.0,1,0.0022471910112359553,1517.9364303178484,183133.86081826122,1,false
src/org/apache/xerces/impl/dtd/XMLNotationDecl.java,43.0,0.0,0.0,2.0,0.0,2.0,1,0.0022471910112359553,1517.9364303178484,183133.86081826122,1,false
src/org/apache/xerces/impl/dtd/XMLSimpleType.java,145.0,1.0,0.0,3.0,2.0,9.0,1,0.0022471910112359553,1517.9364303178484,183133.86081826122,1,false
src/org/apache/xerces/impl/dtd/models/CMAny.java,70.0,0.0,0.0,9.0,6.0,19.0,1,0.0022471910112359553,1517.9364303178484,183133.86081826122,1,false
src/org/apache/xerces/impl/dtd/models/CMBinOp.java,54.0,1.0,0.0,6.0,13.0,22.0,1,0.0022471910112359553,1517.9364303178484,183133.86081826122,1,false
src/org/apache/xerces/impl/dtd/models/CMLeaf.java,64.0,2.0,0.0,9.0,8.0,18.0,1,0.0022471910112359553,1517.9364303178484,183133.86081826122,1,false
src/org/apache/xerces/impl/dtd/models/CMNode.java,41.0,0.0,28.0,9.0,2.0,14.0,1,0.0022471910112359553,1517.9364303178484,183133.86081826122,1,false
src/org/apache/xerces/impl/dtd/models/CMStateSet.java,149.0,0.0,0.0,12.0,5.0,53.0,1,0.0022471910112359553,1517.9364303178484,183133.86081826122,1,false
src/org/apache/xerces/impl/dtd/models/CMUniOp.java,28.0,1.0,0.0,5.0,7.0,12.0,1,0.0022471910112359553,1517.9364303178484,183133.86081826122,1,false
src/org/apache/xerces/impl/dtd/models/ContentModelValidator.java,17.0,1.0,0.0,1.0,0.0,4.0,1,0.0022471910112359553,1517.9364303178484,183133.86081826122,1,false
src/org/apache/xerces/impl/dtd/models/DFAContentModel.java,445.0,2.0,1.0,7.0,50.0,31.0,1,0.0022471910112359553,1517.9364303178484,183133.86081826122,1,true
src/org/apache/xerces/impl/dtd/models/MixedContentModel.java,139.0,2.0,0.0,2.0,0.0,10.0,1,0.0022471910112359553,1517.9364303178484,183133.86081826122,1,false
src/org/apache/xerces/impl/dtd/models/SimpleContentModel.java,149.0,2.0,0.0,2.0,2.0,12.0,1,0.0022471910112359553,1517.9364303178484,183133.86081826122,1,false
src/org/apache/xerces/impl/dv/DTDDVFactory.java,48.0,1.0,10.0,5.0,3.0,14.0,1,0.0022471910112359553,1517.9364303178484,183133.86081826122,1,false
src/org/apache/xerces/impl/dv/DVFactoryException.java,18.0,0.0,1.0,2.0,0.0,2.0,1,0.0022471910112359553,1517.9364303178484,183133.86081826122,1,false
src/org/apache/xerces/impl/dv/DatatypeException.java,68.0,3.0,0.0,4.0,3.0,11.0,1,0.0022471910112359553,1517.9364303178484,183133.86081826122,1,false
src/org/apache/xerces/impl/dv/DatatypeValidator.java,15.0,1.0,0.0,1.0,0.0,2.0,1,0.0022471910112359553,1517.9364303178484,183133.86081826122,1,false
src/org/apache/xerces/impl/dv/InvalidDatatypeFacetException.java,22.0,0.0,0.0,1.0,0.0,1.0,1,0.0022471910112359553,1517.9364303178484,183133.86081826122,1,false
src/org/apache/xerces/impl/dv/InvalidDatatypeValueException.java,21.0,0.0,0.0,1.0,0.0,1.0,1,0.0022471910112359553,1517.9364303178484,183133.86081826122,1,false
src/org/apache/xerces/impl/dv/ObjectFactory.java,354.0,7.0,9.0,7.0,38.0,39.0,1,0.0022471910112359553,1517.9364303178484,183133.86081826122,1,false
src/org/apache/xerces/impl/dv/SchemaDVFactory.java,92.0,2.0,28.0,8.0,3.0,21.0,1,0.0022471910112359553,1517.9364303178484,183133.86081826122,1,false
src/org/apache/xerces/impl/dv/SecuritySupport.java,61.0,1.0,36.0,9.0,5.0,22.0,1,0.0022471910112359553,1517.9364303178484,183133.86081826122,1,false
src/org/apache/xerces/impl/dv/SecuritySupport12.java,103.0,2.0,120.0,16.0,29.0,47.0,1,0.0022471910112359553,1517.9364303178484,183133.86081826122,1,false
src/org/apache/xerces/impl/dv/ValidatedInfo.java,62.0,1.0,0.0,2.0,1.0,5.0,1,0.0022471910112359553,1517.9364303178484,183133.86081826122,1,false
src/org/apache/xerces/impl/dv/ValidationContext.java,20.0,0.0,55.0,11.0,0.0,11.0,1,0.0022471910112359553,1517.9364303178484,183133.86081826122,1,false
src/org/apache/xerces/impl/dv/XSFacets.java,89.0,4.0,0.0,1.0,0.0,1.0,1,0.0022471910112359553,1517.9364303178484,183133.86081826122,1,false
src/org/apache/xerces/impl/dv/XSSimpleType.java,171.0,1.0,28.0,8.0,0.0,26.0,1,0.0022471910112359553,1517.9364303178484,183133.86081826122,1,false
src/org/apache/xerces/impl/dv/dtd/DTDDVFactoryImpl.java,42.0,3.0,0.0,3.0,3.0,5.0,1,0.0022471910112359553,1517.9364303178484,183133.86081826122,1,false
src/org/apache/xerces/impl/dv/dtd/ENTITYDatatypeValidator.java,34.0,1.0,1.0,2.0,1.0,5.0,1,0.0022471910112359553,1517.9364303178484,183133.86081826122,1,false
src/org/apache/xerces/impl/dv/dtd/IDDatatypeValidator.java,48.0,2.0,1.0,2.0,5.0,6.0,1,0.0022471910112359553,1517.9364303178484,183133.86081826122,1,false
src/org/apache/xerces/impl/dv/dtd/IDREFDatatypeValidator.java,42.0,2.0,1.0,2.0,4.0,6.0,1,0.0022471910112359553,1517.9364303178484,183133.86081826122,1,false
src/org/apache/xerces/impl/dv/dtd/ListDatatypeValidator.java,32.0,2.0,0.0,2.0,4.0,6.0,1,0.0022471910112359553,1517.9364303178484,183133.86081826122,1,false
src/org/apache/xerces/impl/dv/dtd/NMTOKENDatatypeValidator.java,25.0,2.0,1.0,2.0,1.0,5.0,1,0.0022471910112359553,1517.9364303178484,183133.86081826122,1,false
src/org/apache/xerces/impl/dv/dtd/NOTATIONDatatypeValidator.java,24.0,1.0,1.0,2.0,0.0,5.0,1,0.0022471910112359553,1517.9364303178484,183133.86081826122,1,false
src/org/apache/xerces/impl/dv/dtd/StringDatatypeValidator.java,30.0,1.0,1.0,2.0,0.0,5.0,1,0.0022471910112359553,1517.9364303178484,183133.86081826122,1,false
src/org/apache/xerces/impl/dv/dtd/XML11DTDDVFactoryImpl.java,45.0,3.0,0.0,2.0,7.0,6.0,1,0.0022471910112359553,1517.9364303178484,183133.86081826122,1,false
src/org/apache/xerces/impl/dv/dtd/XML11IDDatatypeValidator.java,50.0,2.0,1.0,2.0,5.0,6.0,1,0.0022471910112359553,1517.9364303178484,183133.86081826122,1,false
src/org/apache/xerces/impl/dv/dtd/XML11IDREFDatatypeValidator.java,44.0,2.0,1.0,2.0,4.0,6.0,1,0.0022471910112359553,1517.9364303178484,183133.86081826122,1,false
src/org/apache/xerces/impl/dv/dtd/XML11NMTOKENDatatypeValidator.java,27.0,2.0,1.0,2.0,1.0,5.0,1,0.0022471910112359553,1517.9364303178484,183133.86081826122,1,false
src/org/apache/xerces/impl/dv/util/Base64.java,215.0,0.0,17.0,7.0,10.0,23.0,1,0.0022471910112359553,1517.9364303178484,183133.86081826122,1,false
src/org/apache/xerces/impl/dv/util/ByteListImpl.java,47.0,2.0,0.0,4.0,0.0,11.0,1,0.0022471910112359553,1517.9364303178484,183133.86081826122,1,false
src/org/apache/xerces/impl/dv/util/HexBin.java,70.0,0.0,1.0,2.0,2.0,8.0,1,0.0022471910112359553,1517.9364303178484,183133.86081826122,1,false
src/org/apache/xerces/impl/dv/xs/AbstractDateTimeDV.java,584.0,1.0,372.0,28.0,51.0,101.0,3,0.006741573033707865,1544.0091575905756,183620.01706438084,3,false
src/org/apache/xerces/impl/dv/xs/AnyAtomicDV.java,14.0,2.0,1.0,2.0,0.0,5.0,1,0.0022471910112359553,1517.9364303178484,183133.86081826122,1,false
src/org/apache/xerces/impl/dv/xs/AnySimpleDV.java,15.0,2.0,1.0,2.0,0.0,5.0,1,0.0022471910112359553,1517.9364303178484,183133.86081826122,1,false
src/org/apache/xerces/impl/dv/xs/AnyURIDV.java,104.0,3.0,3.0,3.0,8.0,15.0,1,0.0022471910112359553,1517.9364303178484,183133.86081826122,1,false
src/org/apache/xerces/impl/dv/xs/Base64BinaryDV.java,44.0,4.0,3.0,3.0,2.0,8.0,1,0.0022471910112359553,1517.9364303178484,183133.86081826122,1,false
src/org/apache/xerces/impl/dv/xs/BaseDVFactory.java,178.0,6.0,13.0,6.0,5.0,12.0,1,0.0022471910112359553,1517.9364303178484,183133.86081826122,1,false
src/org/apache/xerces/impl/dv/xs/BooleanDV.java,20.0,2.0,1.0,2.0,1.0,7.0,1,0.0022471910112359553,1517.9364303178484,183133.86081826122,1,false
src/org/apache/xerces/impl/dv/xs/DateDV.java,45.0,1.0,3.0,3.0,8.0,11.0,3,0.006741573033707865,1544.0091575905756,183620.01706438084,3,false
src/org/apache/xerces/impl/dv/xs/DateTimeDV.java,39.0,2.0,1.0,2.0,7.0,9.0,3,0.006741573033707865,1544.0091575905756,183620.01706438084,3,false
src/org/apache/xerces/impl/dv/xs/DayDV.java,64.0,2.0,3.0,3.0,10.0,12.0,3,0.006741573033707865,1544.0091575905756,183620.01706438084,3,false
src/org/apache/xerces/impl/dv/xs/DayTimeDurationDV.java,16.0,2.0,0.0,1.0,1.0,4.0,1,0.0022471910112359553,1517.9364303178484,183133.86081826122,1,false
src/org/apache/xerces/impl/dv/xs/DecimalDV.java,171.0,2.0,10.0,5.0,1.0,12.0,1,0.0022471910112359553,1517.9364303178484,183133.86081826122,1,false
src/org/apache/xerces/impl/dv/xs/DoubleDV.java,128.0,3.0,6.0,4.0,2.0,11.0,1,0.0022471910112359553,1517.9364303178484,183133.86081826122,1,false
src/org/apache/xerces/impl/dv/xs/DurationDV.java,248.0,2.0,21.0,7.0,21.0,33.0,2,0.0044943820224719105,1531.2091575905756,183526.31630305594,2,false
src/org/apache/xerces/impl/dv/xs/EntityDV.java,23.0,3.0,3.0,3.0,2.0,9.0,1,0.0022471910112359553,1517.9364303178484,183133.86081826122,1,false
src/org/apache/xerces/impl/dv/xs/FloatDV.java,128.0,3.0,6.0,4.0,2.0,11.0,1,0.0022471910112359553,1517.9364303178484,183133.86081826122,1,false
src/org/apache/xerces/impl/dv/xs/FullDVFactory.java,111.0,4.0,1.0,3.0,6.0,6.0,1,0.0022471910112359553,1517.9364303178484,183133.86081826122,1,false
src/org/apache/xerces/impl/dv/xs/HexBinaryDV.java,41.0,4.0,3.0,3.0,2.0,8.0,1,0.0022471910112359553,1517.9364303178484,183133.86081826122,1,false
src/org/apache/xerces/impl/dv/xs/IDDV.java,23.0,3.0,3.0,3.0,3.0,9.0,1,0.0022471910112359553,1517.9364303178484,183133.86081826122,1,false
src/org/apache/xerces/impl/dv/xs/IDREFDV.java,21.0,3.0,3.0,3.0,2.0,8.0,1,0.0022471910112359553,1517.9364303178484,183133.86081826122,1,false
src/org/apache/xerces/impl/dv/xs/IntegerDV.java,16.0,2.0,0.0,1.0,0.0,4.0,1,0.0022471910112359553,1517.9364303178484,183133.86081826122,1,false
src/org/apache/xerces/impl/dv/xs/ListDV.java,67.0,4.0,3.0,3.0,1.0,7.0,1,0.0022471910112359553,1517.9364303178484,183133.86081826122,1,false
src/org/apache/xerces/impl/dv/xs/MonthDV.java,99.0,2.0,6.0,4.0,10.0,18.0,3,0.006741573033707865,1544.0091575905756,183620.01706438084,3,false
src/org/apache/xerces/impl/dv/xs/MonthDayDV.java,73.0,2.0,3.0,3.0,10.0,14.0,3,0.006741573033707865,1544.0091575905756,183620.01706438084,3,false
src/org/apache/xerces/impl/dv/xs/PrecisionDecimalDV.java,210.0,2.0,15.0,6.0,2.0,15.0,1,0.0022471910112359553,1517.9364303178484,183133.86081826122,1,false
src/org/apache/xerces/impl/dv/xs/QNameDV.java,57.0,4.0,3.0,3.0,7.0,10.0,1,0.0022471910112359553,1517.9364303178484,183133.86081826122,1,false
src/org/apache/xerces/impl/dv/xs/SchemaDVFactoryImpl.java,281.0,8.0,3.0,7.0,11.0,18.0,1,0.0022471910112359553,1517.9364303178484,183133.86081826122,1,false
src/org/apache/xerces/impl/dv/xs/SchemaDateTimeException.java,16.0,0.0,1.0,2.0,0.0,2.0,1,0.0022471910112359553,1517.9364303178484,183133.86081826122,1,false
src/org/apache/xerces/impl/dv/xs/StringDV.java,15.0,2.0,1.0,2.0,0.0,5.0,1,0.0022471910112359553,1517.9364303178484,183133.86081826122,1,false
src/org/apache/xerces/impl/dv/xs/TimeDV.java,58.0,2.0,3.0,3.0,7.0,11.0,3,0.006741573033707865,1544.0091575905756,183620.01706438084,3,false
src/org/apache/xerces/impl/dv/xs/TypeValidator.java,41.0,2.0,45.0,10.0,3.0,20.0,1,0.0022471910112359553,1517.9364303178484,183133.86081826122,1,false
src/org/apache/xerces/impl/dv/xs/UnionDV.java,15.0,2.0,1.0,2.0,0.0,5.0,1,0.0022471910112359553,1517.9364303178484,183133.86081826122,1,false
src/org/apache/xerces/impl/dv/xs/XSSimpleTypeDecl.java,1983.0,26.0,2971.0,94.0,132.0,311.0,2,0.0044943820224719105,1546.4818848633029,183281.51722067973,2,false
src/org/apache/xerces/impl/dv/xs/YearDV.java,63.0,2.0,3.0,3.0,10.0,13.0,3,0.006741573033707865,1544.0091575905756,183620.01706438084,3,false
src/org/apache/xerces/impl/dv/xs/YearMonthDV.java,49.0,2.0,3.0,3.0,8.0,12.0,3,0.006741573033707865,1544.0091575905756,183620.01706438084,3,false
src/org/apache/xerces/impl/dv/xs/YearMonthDurationDV.java,16.0,2.0,0.0,1.0,1.0,4.0,1,0.0022471910112359553,1517.9364303178484,183133.86081826122,1,false
src/org/apache/xerces/impl/io/ASCIIReader.java,153.0,6.0,0.0,10.0,9.0,36.0,1,0.0022471910112359553,1517.9364303178484,183133.86081826122,1,false
src/org/apache/xerces/impl/io/MalformedByteSequenceException.java,92.0,3.0,0.0,5.0,1.0,15.0,1,0.0022471910112359553,1517.9364303178484,183133.86081826122,1,false
src/org/apache/xerces/impl/io/UCSReader.java,210.0,3.0,0.0,10.0,8.0,37.0,1,0.0022471910112359553,1517.9364303178484,183133.86081826122,1,false
src/org/apache/xerces/impl/io/UTF8Reader.java,507.0,6.0,47.0,14.0,18.0,57.0,1,0.0022471910112359553,1517.9364303178484,183133.86081826122,1,false
src/org/apache/xerces/impl/msg/XMLMessageFormatter.java,68.0,5.0,0.0,1.0,5.0,6.0,1,0.0022471910112359553,1517.9364303178484,183133.86081826122,1,false
src/org/apache/xerces/impl/validation/EntityState.java,22.0,0.0,1.0,2.0,0.0,6.0,1,0.0022471910112359553,1517.9364303178484,183133.86081826122,1,false
src/org/apache/xerces/impl/validation/ValidationManager.java,47.0,1.0,3.0,7.0,5.0,10.0,1,0.0022471910112359553,1517.9364303178484,183133.86081826122,1,false
src/org/apache/xerces/impl/validation/ValidationState.java,118.0,5.0,138.0,21.0,16.0,37.0,1,0.0022471910112359553,1517.9364303178484,183133.86081826122,1,false
src/org/apache/xerces/impl/xpath/XPath.java,1428.0,6.0,27.0,10.0,27.0,41.0,1,0.0022471910112359553,1517.9364303178484,183133.86081826122,1,true
src/org/apache/xerces/impl/xpath/XPathException.java,30.0,0.0,0.0,3.0,0.0,5.0,1,0.0022471910112359553,1517.9364303178484,183133.86081826122,1,false
src/org/apache/xerces/impl/xpath/regex/BMPattern.java,172.0,1.0,0.0,8.0,16.0,37.0,1,0.0022471910112359553,1517.9364303178484,183133.86081826122,1,false
src/org/apache/xerces/impl/xpath/regex/Match.java,131.0,1.0,6.0,12.0,7.0,30.0,1,0.0022471910112359553,1517.9364303178484,183133.86081826122,1,false
src/org/apache/xerces/impl/xpath/regex/Op.java,213.0,1.0,0.0,23.0,3.0,60.0,1,0.0022471910112359553,1517.9364303178484,183133.86081826122,1,false
src/org/apache/xerces/impl/xpath/regex/ParseException.java,24.0,0.0,0.0,2.0,0.0,5.0,1,0.0022471910112359553,1517.9364303178484,183133.86081826122,1,false
src/org/apache/xerces/impl/xpath/regex/ParserForXMLSchema.java,348.0,2.0,703.0,38.0,76.0,100.0,1,0.0022471910112359553,1517.9364303178484,183133.86081826122,1,false
src/org/apache/xerces/impl/xpath/regex/REUtil.java,270.0,1.0,120.0,16.0,44.0,56.0,1,0.0022471910112359553,1517.9364303178484,183133.86081826122,1,true
src/org/apache/xerces/impl/xpath/regex/RangeToken.java,472.0,0.0,9.0,18.0,39.0,87.0,1,0.0022471910112359553,1517.9364303178484,183133.86081826122,1,true
src/org/apache/xerces/impl/xpath/regex/RegexParser.java,1005.0,4.0,686.0,49.0,218.0,201.0,1,0.0022471910112359553,1517.9364303178484,183133.86081826122,1,true
src/org/apache/xerces/impl/xpath/regex/RegularExpression.java,2504.0,1.0,960.0,52.0,247.0,197.0,1,0.0022471910112359553,1517.9364303178484,183133.86081826122,1,true
src/org/apache/xerces/impl/xpath/regex/Token.java,1175.0,2.0,879.0,51.0,78.0,151.0,1,0.0022471910112359553,1517.9364303178484,183133.86081826122,1,true
src/org/apache/xerces/impl/xs/AttributePSVImpl.java,163.0,8.0,63.0,14.0,1.0,31.0,1,0.0022471910112359553,1517.9364303178484,183133.86081826122,1,false
src/org/apache/xerces/impl/xs/ElementPSVImpl.java,206.0,10.0,104.0,17.0,1.0,40.0,1,0.0022471910112359553,1517.9364303178484,183133.86081826122,1,false
src/org/apache/xerces/impl/xs/SchemaGrammar.java,635.0,33.0,1105.0,50.0,47.0,121.0,1,0.0022471910112359553,1517.9364303178484,183133.86081826122,1,false
src/org/apache/xerces/impl/xs/SchemaNamespaceSupport.java,67.0,1.0,10.0,5.0,4.0,12.0,1,0.0022471910112359553,1517.9364303178484,183133.86081826122,1,false
src/org/apache/xerces/impl/xs/SchemaSymbols.java,168.0,0.0,0.0,0.0,0.0,0.0,1,0.0022471910112359553,1517.9364303178484,183133.86081826122,1,false
src/org/apache/xerces/impl/xs/SubstitutionGroupHandler.java,160.0,5.0,26.0,9.0,23.0,32.0,1,0.0022471910112359553,1517.9364303178484,183133.86081826122,1,false
src/org/apache/xerces/impl/xs/XMLSchemaException.java,24.0,0.0,0.0,3.0,0.0,5.0,1,0.0022471910112359553,1517.9364303178484,183133.86081826122,1,false
src/org/apache/xerces/impl/xs/XMLSchemaLoader.java,869.0,52.0,473.0,38.0,149.0,137.0,1,0.0022471910112359553,1517.9364303178484,183133.86081826122,1,true
src/org/apache/xerces/impl/xs/XMLSchemaValidator.java,2550.0,55.0,949.0,59.0,254.0,222.0,1,0.0022471910112359553,1517.9364303178484,183133.86081826122,1,true
src/org/apache/xerces/impl/xs/XSAnnotationImpl.java,102.0,13.0,24.0,9.0,13.0,24.0,1,0.0022471910112359553,1517.9364303178484,183133.86081826122,1,false
src/org/apache/xerces/impl/xs/XSAttributeDecl.java,122.0,3.0,52.0,16.0,2.0,34.0,1,0.0022471910112359553,1517.9364303178484,183133.86081826122,1,false
src/org/apache/xerces/impl/xs/XSAttributeGroupDecl.java,212.0,9.0,24.0,13.0,16.0,40.0,1,0.0022471910112359553,1517.9364303178484,183133.86081826122,1,false
src/org/apache/xerces/impl/xs/XSAttributeUseImpl.java,83.0,6.0,40.0,12.0,2.0,25.0,1,0.0022471910112359553,1517.9364303178484,183133.86081826122,1,false
src/org/apache/xerces/impl/xs/XSComplexTypeDecl.java,414.0,6.0,616.0,41.0,43.0,112.0,2,0.0044943820224719105,1546.4818848633029,183281.51722067973,2,false
src/org/apache/xerces/impl/xs/XSConstraints.java,759.0,13.0,435.0,30.0,120.0,144.0,2,0.0044943820224719105,1530.7364303178483,183227.56157958612,2,false
src/org/apache/xerces/impl/xs/XSDDescription.java,187.0,5.0,93.0,18.0,4.0,32.0,1,0.0022471910112359553,1517.9364303178484,183133.86081826122,1,true
src/org/apache/xerces/impl/xs/XSDeclarationPool.java,268.0,1.0,133.0,22.0,28.0,71.0,1,0.0022471910112359553,1517.9364303178484,183133.86081826122,1,false
src/org/apache/xerces/impl/xs/XSElementDecl.java,267.0,11.0,410.0,33.0,10.0,76.0,1,0.0022471910112359553,1517.9364303178484,183133.86081826122,1,false
src/org/apache/xerces/impl/xs/XSGrammarBucket.java,98.0,3.0,0.0,5.0,16.0,18.0,1,0.0022471910112359553,1517.9364303178484,183133.86081826122,1,false
src/org/apache/xerces/impl/xs/XSGroupDecl.java,52.0,1.0,15.0,6.0,0.0,13.0,1,0.0022471910112359553,1517.9364303178484,183133.86081826122,1,false
src/org/apache/xerces/impl/xs/XSImplementationImpl.java,52.0,8.0,6.0,4.0,6.0,15.0,1,0.0022471910112359553,1517.9364303178484,183133.86081826122,1,false
src/org/apache/xerces/impl/xs/XSMessageFormatter.java,51.0,5.0,0.0,1.0,3.0,6.0,1,0.0022471910112359553,1517.9364303178484,183133.86081826122,1,false
src/org/apache/xerces/impl/xs/XSModelGroupImpl.java,147.0,2.0,44.0,16.0,11.0,51.0,1,0.0022471910112359553,1517.9364303178484,183133.86081826122,1,false
src/org/apache/xerces/impl/xs/XSModelImpl.java,325.0,20.0,32.0,16.0,32.0,53.0,1,0.0022471910112359553,1517.9364303178484,183133.86081826122,1,false
src/org/apache/xerces/impl/xs/XSNotationDecl.java,60.0,4.0,21.0,7.0,0.0,17.0,1,0.0022471910112359553,1517.9364303178484,183133.86081826122,1,false
src/org/apache/xerces/impl/xs/XSParticleDecl.java,166.0,4.0,44.0,16.0,9.0,42.0,1,0.0022471910112359553,1517.9364303178484,183133.86081826122,1,false
src/org/apache/xerces/impl/xs/XSWildcardDecl.java,335.0,6.0,118.0,20.0,17.0,71.0,1,0.0022471910112359553,1517.9364303178484,183133.86081826122,1,false
src/org/apache/xerces/impl/xs/identity/Field.java,109.0,5.0,0.0,5.0,1.0,9.0,1,0.0022471910112359553,1517.9364303178484,183133.86081826122,1,false
src/org/apache/xerces/impl/xs/identity/FieldActivator.java,47.0,0.0,10.0,5.0,0.0,14.0,1,0.0022471910112359553,1517.9364303178484,183133.86081826122,1,false
src/org/apache/xerces/impl/xs/identity/IdentityConstraint.java,190.0,8.0,162.0,21.0,9.0,51.0,1,0.0022471910112359553,1517.9364303178484,183133.86081826122,1,false
src/org/apache/xerces/impl/xs/identity/KeyRef.java,34.0,1.0,0.0,3.0,0.0,8.0,1,0.0022471910112359553,1517.9364303178484,183133.86081826122,1,false
src/org/apache/xerces/impl/xs/identity/Selector.java,163.0,6.0,0.0,5.0,1.0,11.0,1,0.0022471910112359553,1517.9364303178484,183133.86081826122,1,false
src/org/apache/xerces/impl/xs/identity/UniqueOrKey.java,18.0,0.0,0.0,1.0,0.0,1.0,1,0.0022471910112359553,1517.9364303178484,183133.86081826122,1,false
src/org/apache/xerces/impl/xs/identity/ValueStore.java,34.0,0.0,1.0,2.0,0.0,4.0,1,0.0022471910112359553,1517.9364303178484,183133.86081826122,1,false
src/org/apache/xerces/impl/xs/identity/XPathMatcher.java,337.0,7.0,6.0,9.0,28.0,35.0,1,0.0022471910112359553,1517.9364303178484,183133.86081826122,1,false
src/org/apache/xerces/impl/xs/models/CMBuilder.java,154.0,7.0,0.0,9.0,28.0,33.0,1,0.0022471910112359553,1517.9364303178484,183133.86081826122,1,false
src/org/apache/xerces/impl/xs/models/CMNodeFactory.java,93.0,7.0,20.0,8.0,11.0,19.0,1,0.0022471910112359553,1517.9364303178484,183133.86081826122,1,false
src/org/apache/xerces/impl/xs/models/XSAllCM.java,118.0,6.0,0.0,8.0,6.0,29.0,1,0.0022471910112359553,1517.9364303178484,183133.86081826122,1,false
src/org/apache/xerces/impl/xs/models/XSCMBinOp.java,55.0,3.0,0.0,6.0,13.0,22.0,1,0.0022471910112359553,1517.9364303178484,183133.86081826122,1,false
src/org/apache/xerces/impl/xs/models/XSCMLeaf.java,61.0,2.0,0.0,9.0,6.0,19.0,1,0.0022471910112359553,1517.9364303178484,183133.86081826122,1,false
src/org/apache/xerces/impl/xs/models/XSCMUniOp.java,29.0,3.0,0.0,5.0,7.0,12.0,1,0.0022471910112359553,1517.9364303178484,183133.86081826122,1,false
src/org/apache/xerces/impl/xs/models/XSCMValidator.java,46.0,4.0,10.0,5.0,0.0,15.0,1,0.0022471910112359553,1517.9364303178484,183133.86081826122,1,false
src/org/apache/xerces/impl/xs/models/XSDFACM.java,476.0,11.0,36.0,13.0,55.0,55.0,1,0.0022471910112359553,1517.9364303178484,183133.86081826122,1,true
src/org/apache/xerces/impl/xs/models/XSEmptyCM.java,68.0,4.0,10.0,5.0,0.0,16.0,1,0.0022471910112359553,1517.9364303178484,183133.86081826122,1,false
src/org/apache/xerces/impl/xs/opti/AttrImpl.java,58.0,5.0,28.0,9.0,0.0,18.0,1,0.0022471910112359553,1517.9364303178484,183133.86081826122,1,false
src/org/apache/xerces/impl/xs/opti/DefaultDocument.java,182.0,15.0,494.0,32.0,0.0,77.0,1,0.0022471910112359553,1517.9364303178484,183133.86081826122,1,false
src/org/apache/xerces/impl/xs/opti/DefaultElement.java,72.0,5.0,231.0,22.0,0.0,43.0,1,0.0022471910112359553,1517.9364303178484,183133.86081826122,1,false
src/org/apache/xerces/impl/xs/opti/DefaultNode.java,122.0,6.0,703.0,38.0,0.0,76.0,1,0.0022471910112359553,1517.9364303178484,183133.86081826122,1,false
src/org/apache/xerces/impl/xs/opti/DefaultText.java,172.0,2.0,66.0,12.0,0.0,38.0,1,0.0022471910112359553,1517.9364303178484,183133.86081826122,1,false
src/org/apache/xerces/impl/xs/opti/DefaultXMLDocumentHandler.java,544.0,14.0,1320.0,52.0,0.0,163.0,1,0.0022471910112359553,1517.9364303178484,183133.86081826122,1,false
src/org/apache/xerces/impl/xs/opti/ElementImpl.java,170.0,4.0,114.0,24.0,20.0,68.0,1,0.0022471910112359553,1517.9364303178484,183133.86081826122,1,false
src/org/apache/xerces/impl/xs/opti/NamedNodeMapImpl.java,48.0,4.0,16.0,9.0,6.0,24.0,1,0.0022471910112359553,1517.9364303178484,183133.86081826122,1,false
src/org/apache/xerces/impl/xs/opti/NodeImpl.java,43.0,0.0,24.0,9.0,0.0,15.0,1,0.0022471910112359553,1517.9364303178484,183133.86081826122,1,false
src/org/apache/xerces/impl/xs/opti/SchemaDOM.java,272.0,11.0,166.0,24.0,63.0,54.0,1,0.0022471910112359553,1517.9364303178484,183133.86081826122,1,true
src/org/apache/xerces/impl/xs/opti/SchemaDOMParser.java,214.0,14.0,0.0,13.0,27.0,52.0,1,0.0022471910112359553,1517.9364303178484,183133.86081826122,1,false
src/org/apache/xerces/impl/xs/opti/SchemaParsingConfig.java,431.0,24.0,89.0,15.0,34.0,49.0,1,0.0022471910112359553,1517.9364303178484,183133.86081826122,1,false
src/org/apache/xerces/impl/xs/opti/TextImpl.java,79.0,2.0,0.0,7.0,4.0,21.0,1,0.0022471910112359553,1517.9364303178484,183133.86081826122,1,false
src/org/apache/xerces/impl/xs/traversers/XSAttributeChecker.java,1004.0,22.0,37.0,11.0,70.0,47.0,2,0.0044943820224719105,1530.7364303178483,183227.56157958612,2,false
src/org/apache/xerces/impl/xs/traversers/XSDAbstractIDConstraintTraverser.java,98.0,5.0,1.0,2.0,13.0,7.0,1,0.0022471910112359553,1517.9364303178484,183133.86081826122,1,false
src/org/apache/xerces/impl/xs/traversers/XSDAbstractParticleTraverser.java,214.0,9.0,13.0,6.0,40.0,19.0,1,0.0022471910112359553,1517.9364303178484,183133.86081826122,1,false
src/org/apache/xerces/impl/xs/traversers/XSDAbstractTraverser.java,485.0,25.0,25.0,10.0,87.0,43.0,1,0.0022471910112359553,1517.9364303178484,183133.86081826122,1,false
src/org/apache/xerces/impl/xs/traversers/XSDAttributeGroupTraverser.java,82.0,8.0,3.0,3.0,22.0,7.0,1,0.0022471910112359553,1517.9364303178484,183133.86081826122,1,false
src/org/apache/xerces/impl/xs/traversers/XSDAttributeTraverser.java,239.0,16.0,15.0,6.0,54.0,20.0,1,0.0022471910112359553,1517.9364303178484,183133.86081826122,1,false
src/org/apache/xerces/impl/xs/traversers/XSDComplexTypeTraverser.java,696.0,23.0,105.0,18.0,120.0,62.0,1,0.0022471910112359553,1517.9364303178484,183133.86081826122,1,false
src/org/apache/xerces/impl/xs/traversers/XSDElementTraverser.java,285.0,18.0,13.0,6.0,58.0,22.0,1,0.0022471910112359553,1517.9364303178484,183133.86081826122,1,false
src/org/apache/xerces/impl/xs/traversers/XSDGroupTraverser.java,114.0,11.0,3.0,3.0,26.0,11.0,1,0.0022471910112359553,1517.9364303178484,183133.86081826122,1,false
src/org/apache/xerces/impl/xs/traversers/XSDHandler.java,1367.0,39.0,469.0,38.0,260.0,137.0,1,0.0022471910112359553,1517.9364303178484,183133.86081826122,1,true
src/org/apache/xerces/impl/xs/traversers/XSDKeyrefTraverser.java,49.0,8.0,1.0,2.0,9.0,5.0,1,0.0022471910112359553,1517.9364303178484,183133.86081826122,1,false
src/org/apache/xerces/impl/xs/traversers/XSDNotationTraverser.java,53.0,6.0,1.0,2.0,9.0,5.0,1,0.0022471910112359553,1517.9364303178484,183133.86081826122,1,false
src/org/apache/xerces/impl/xs/traversers/XSDSimpleTypeTraverser.java,292.0,16.0,20.0,8.0,51.0,30.0,1,0.0022471910112359553,1517.9364303178484,183133.86081826122,1,false
src/org/apache/xerces/impl/xs/traversers/XSDUniqueOrKeyTraverser.java,31.0,7.0,1.0,2.0,7.0,5.0,1,0.0022471910112359553,1517.9364303178484,183133.86081826122,1,false
src/org/apache/xerces/impl/xs/traversers/XSDWildcardTraverser.java,105.0,8.0,6.0,4.0,15.0,10.0,1,0.0022471910112359553,1517.9364303178484,183133.86081826122,1,false
src/org/apache/xerces/impl/xs/traversers/XSDocumentInfo.java,83.0,11.0,20.0,9.0,17.0,19.0,1,0.0022471910112359553,1517.9364303178484,183133.86081826122,1,false
src/org/apache/xerces/impl/xs/util/NSItemListImpl.java,38.0,3.0,0.0,4.0,2.0,7.0,1,0.0022471910112359553,1517.9364303178484,183133.86081826122,1,false
src/org/apache/xerces/impl/xs/util/ShortListImpl.java,44.0,2.0,0.0,4.0,0.0,11.0,1,0.0022471910112359553,1517.9364303178484,183133.86081826122,1,false
src/org/apache/xerces/impl/xs/util/SimpleLocator.java,104.0,1.0,152.0,21.0,1.0,35.0,1,0.0022471910112359553,1517.9364303178484,183133.86081826122,1,false
src/org/apache/xerces/impl/xs/util/StringListImpl.java,75.0,2.0,8.0,8.0,4.0,18.0,1,0.0022471910112359553,1517.9364303178484,183133.86081826122,1,false
src/org/apache/xerces/impl/xs/util/XInt.java,23.0,0.0,0.0,5.0,1.0,9.0,1,0.0022471910112359553,1517.9364303178484,183133.86081826122,1,false
src/org/apache/xerces/impl/xs/util/XIntPool.java,16.0,0.0,0.0,1.0,0.0,5.0,1,0.0022471910112359553,1517.9364303178484,183133.86081826122,1,false
src/org/apache/xerces/impl/xs/util/XSGrammarPool.java,26.0,5.0,0.0,1.0,5.0,4.0,1,0.0022471910112359553,1517.9364303178484,183133.86081826122,1,true
src/org/apache/xerces/impl/xs/util/XSNamedMap4Types.java,94.0,3.0,0.0,5.0,7.0,15.0,1,0.0022471910112359553,1517.9364303178484,183133.86081826122,1,false
src/org/apache/xerces/impl/xs/util/XSNamedMapImpl.java,126.0,3.0,6.0,9.0,8.0,25.0,1,0.0022471910112359553,1517.9364303178484,183133.86081826122,1,false
src/org/apache/xerces/impl/xs/util/XSObjectListImpl.java,74.0,2.0,0.0,9.0,1.0,16.0,1,0.0022471910112359553,1517.9364303178484,183133.86081826122,1,false
src/org/apache/xerces/jaxp/DocumentBuilderImpl.java,106.0,17.0,0.0,10.0,29.0,31.0,0,0.0,0.0,0.0,0,false
src/org/apache/xerces/parsers/AbstractSAXParser.java,1471.0,45.0,1102.0,56.0,152.0,248.0,0,0.0,0.0,0.0,0,false
src/org/apache/xerces/parsers/DOMParser.java,355.0,24.0,91.0,14.0,54.0,56.0,0,0.0,0.0,0.0,0,true
src/org/apache/xerces/parsers/ObjectFactory.java,353.0,7.0,9.0,7.0,38.0,39.0,0,0.0,0.0,0.0,0,false
src/org/apache/xerces/parsers/XML11Configurable.java,8.0,0.0,0.0,0.0,0.0,0.0,0,0.0,0.0,0.0,0,false
src/org/apache/xerces/parsers/XML11Configuration.java,1065.0,44.0,451.0,35.0,103.0,107.0,0,0.0,0.0,0.0,0,false
src/org/apache/xerces/parsers/XML11DTDConfiguration.java,968.0,42.0,459.0,35.0,95.0,107.0,0,0.0,0.0,0.0,0,false
src/org/apache/xerces/parsers/XML11NonValidatingConfiguration.java,861.0,36.0,459.0,35.0,91.0,107.0,0,0.0,0.0,0.0,0,false
src/org/apache/xerces/util/DOMErrorHandlerWrapper.java,311.0,12.0,2.0,9.0,36.0,20.0,0,0.0,0.0,0.0,0,false
src/org/apache/xerces/util/ErrorHandlerWrapper.java,181.0,7.0,151.0,19.0,25.0,44.0,0,0.0,0.0,0.0,0,true
src/org/apache/xerces/util/HTTPInputSource.java,133.0,7.0,28.0,9.0,5.0,21.0,1,0.0022471910112359553,1517.9364303178484,183133.86081826122,1,false
src/org/apache/xerces/util/SymbolTable.java,316.0,0.0,15.0,10.0,14.0,33.0,0,0.0,0.0,0.0,0,false
src/org/apache/xerces/util/URI.java,1607.0,2.0,1158.0,57.0,151.0,271.0,1,0.0022471910112359553,1517.9364303178484,183133.86081826122,1,false
src/org/apache/xerces/xinclude/ObjectFactory.java,353.0,7.0,9.0,7.0,38.0,39.0,0,0.0,0.0,0.0,0,false
src/org/apache/xerces/xinclude/XInclude11TextReader.java,28.0,3.0,1.0,2.0,1.0,5.0,0,0.0,0.0,0.0,0,false
src/org/apache/xerces/xinclude/XIncludeHandler.java,1809.0,43.0,4326.0,108.0,361.0,351.0,1,0.0022471910112359553,1517.9364303178484,183133.86081826122,1,false
src/org/apache/xerces/xinclude/XIncludeNamespaceSupport.java,62.0,1.0,4.0,5.0,2.0,11.0,0,0.0,0.0,0.0,0,false
src/org/apache/xerces/xinclude/XIncludeTextReader.java,328.0,22.0,33.0,11.0,53.0,45.0,1,0.0022471910112359553,1517.9364303178484,183133.86081826122,1,false
src/org/apache/xerces/xni/QName.java,145.0,0.0,3.0,10.0,6.0,23.0,1,0.0022471910112359553,1517.9364303178484,183133.86081826122,1,false
src/org/apache/xerces/xni/XMLAttributes.java,282.0,0.0,378.0,28.0,0.0,78.0,1,0.0022471910112359553,1517.9364303178484,183133.86081826122,1,false
src/org/apache/xerces/xni/XMLLocator.java,55.0,0.0,36.0,9.0,0.0,21.0,0,0.0,0.0,0.0,0,false
src/org/apache/xerces/xni/XNIException.java,52.0,0.0,0.0,4.0,1.0,5.0,0,0.0,0.0,0.0,0,false
src/org/apache/xerces/xni/parser/XMLConfigurationException.java,70.0,1.0,0.0,4.0,0.0,9.0,0,0.0,0.0,0.0,0,false
src/org/apache/xerces/xni/parser/XMLDTDScanner.java,54.0,2.0,3.0,3.0,0.0,11.0,1,0.0022471910112359553,1517.9364303178484,183133.86081826122,1,false
src/org/apache/xerces/xni/parser/XMLEntityResolver.java,23.0,3.0,0.0,1.0,0.0,4.0,1,0.0022471910112359553,1517.9364303178484,183133.86081826122,1,false
src/org/apache/xerces/xni/parser/XMLParseException.java,152.0,2.0,0.0,10.0,18.0,25.0,0,0.0,0.0,0.0,0,false
src/org/apache/xerces/xni/parser/XMLParserConfiguration.java,177.0,6.0,171.0,19.0,0.0,37.0,1,0.0022471910112359553,1517.9364303178484,183133.86081826122,1,false
src/org/apache/xerces/xs/XSConstants.java,320.0,0.0,0.0,0.0,0.0,0.0,1,0.0022471910112359553,1517.9364303178484,183133.86081826122,1,false
src/org/apache/xerces/xs/XSException.java,32.0,0.0,0.0,1.0,0.0,1.0,0,0.0,0.0,0.0,0,false
src/org/apache/xerces/xs/datatypes/ByteList.java,34.0,1.0,3.0,3.0,0.0,8.0,1,0.0022471910112359553,1517.9364303178484,183133.86081826122,1,false
src/org/apache/xerces/xs/datatypes/ObjectList.java,34.0,1.0,3.0,3.0,0.0,8.0,1,0.0022471910112359553,1517.9364303178484,183133.86081826122,1,false
src/org/apache/xerces/xs/datatypes/XSDouble.java,13.0,0.0,0.0,1.0,0.0,2.0,1,0.0022471910112359553,1517.9364303178484,183133.86081826122,1,false
src/org/apache/xerces/xs/datatypes/XSFloat.java,13.0,0.0,0.0,1.0,0.0,2.0,1,0.0022471910112359553,1517.9364303178484,183133.86081826122,1,false
src/org/apache/xml/serialize/DOMSerializerImpl.java,851.0,42.0,41.0,18.0,134.0,83.0,1,0.0022471910112359553,1517.9364303178484,183133.86081826122,1,false
src/org/apache/xml/serialize/HTMLSerializer.java,527.0,13.0,119.0,18.0,107.0,69.0,1,0.0022471910112359553,1517.9364303178484,183133.86081826122,1,false
src/org/apache/xml/serialize/ObjectFactory.java,353.0,7.0,9.0,7.0,38.0,39.0,0,0.0,0.0,0.0,0,false
src/org/apache/xml/serialize/XHTMLSerializer.java,52.0,2.0,10.0,5.0,2.0,11.0,1,0.0022471910112359553,1517.9364303178484,183133.86081826122,1,false
tools/src/ExperimentalTaglet.java,62.0,3.0,53.0,11.0,6.0,24.0,1,0.0022471910112359553,1517.9364303178484,183133.86081826122,1,false
tools/src/InternalTaglet.java,62.0,3.0,53.0,11.0,6.0,24.0,1,0.0022471910112359553,1517.9364303178484,183133.86081826122,1,false
tools/src/XJavac.java,84.0,8.0,1.0,2.0,17.0,9.0,0,0.0,0.0,0.0,0,false
