name,LOC,CBO,LCOM,NOM,RFC,WMC,numOfChanges,bccm,structuralWorkloadSum,semanticWorkloadSum,numberOfDeveloper,isBuggy
samples/dom/Counter.java,390.0,7.0,4.0,5.0,33.0,17.0,1,0.007936507936507936,390.6153846153846,9519.230031489062,1,false
samples/dom/GetElementsByTagName.java,336.0,8.0,8.0,5.0,35.0,20.0,1,0.007936507936507936,390.6153846153846,9519.230031489062,1,false
samples/dom/Writer.java,589.0,12.0,42.0,12.0,53.0,38.0,2,0.015873015873015872,536.0153846153846,11803.926786916609,2,false
samples/dom/traversal/NameNodeFilter.java,47.0,2.0,0.0,5.0,2.0,11.0,1,0.007936507936507936,390.6153846153846,9519.230031489062,1,false
samples/sax/Counter.java,530.0,12.0,56.0,13.0,44.0,34.0,1,0.007936507936507936,390.6153846153846,9519.230031489062,1,false
samples/sax/DocumentTracer.java,864.0,24.0,0.0,39.0,170.0,89.0,1,0.007936507936507936,390.6153846153846,9519.230031489062,1,false
samples/sax/Writer.java,703.0,19.0,262.0,29.0,73.0,80.0,2,0.015873015873015872,536.0153846153846,11803.926786916609,2,false
samples/socket/DelayedInput.java,330.0,16.0,34.0,9.0,36.0,19.0,1,0.007936507936507936,390.6153846153846,9519.230031489062,1,false
samples/ui/DOMParserSaveEncoding.java,32.0,5.0,4.0,4.0,5.0,10.0,1,0.007936507936507936,390.6153846153846,9519.230031489062,1,false
samples/ui/DOMTree.java,202.0,10.0,10.0,5.0,9.0,9.0,1,0.007936507936507936,390.6153846153846,9519.230031489062,1,false
samples/ui/DOMTreeFull.java,287.0,12.0,36.0,9.0,29.0,27.0,1,0.007936507936507936,390.6153846153846,9519.230031489062,1,false
samples/ui/DefaultImages.java,14.0,0.0,3.0,3.0,6.0,6.0,1,0.007936507936507936,390.6153846153846,9519.230031489062,1,false
samples/ui/TreeView.java,624.0,49.0,148.0,21.0,117.0,59.0,1,0.007936507936507936,390.6153846153846,9519.230031489062,1,false
samples/xni/DocumentTracer.java,1344.0,21.0,0.0,61.0,336.0,185.0,1,0.007936507936507936,390.6153846153846,9519.230031489062,1,false
samples/xni/ObjectFactory.java,347.0,7.0,9.0,7.0,38.0,39.0,1,0.007936507936507936,390.6153846153846,9519.230031489062,1,false
samples/xni/PSVIWriter.java,1737.0,58.0,5450.0,109.0,554.0,365.0,1,0.007936507936507936,390.6153846153846,9519.230031489062,1,false
samples/xni/SecuritySupport.java,110.0,8.0,153.0,18.0,29.0,50.0,0,0.0,0.0,0.0,0,false
samples/xni/Writer.java,491.0,18.0,135.0,23.0,65.0,61.0,1,0.007936507936507936,390.6153846153846,9519.230031489062,1,false
samples/xni/parser/CSVConfiguration.java,166.0,15.0,10.0,5.0,27.0,12.0,1,0.007936507936507936,390.6153846153846,9519.230031489062,1,false
samples/xni/parser/NonValidatingParserConfiguration.java,35.0,5.0,1.0,3.0,3.0,5.0,1,0.007936507936507936,390.6153846153846,9519.230031489062,1,false
samples/xni/parser/PSVIConfiguration.java,75.0,5.0,13.0,6.0,4.0,12.0,1,0.007936507936507936,390.6153846153846,9519.230031489062,1,false
src/org/apache/html/dom/ObjectFactory.java,349.0,7.0,9.0,7.0,38.0,39.0,1,0.007936507936507936,390.6153846153846,9519.230031489062,1,false
src/org/apache/html/dom/SecuritySupport.java,110.0,8.0,153.0,18.0,29.0,50.0,0,0.0,0.0,0.0,0,false
src/org/apache/xerces/dom/AttrImpl.java,868.0,10.0,777.0,46.0,153.0,161.0,0,0.0,0.0,0.0,0,false
src/org/apache/xerces/dom/AttrNSImpl.java,235.0,4.0,41.0,14.0,37.0,43.0,0,0.0,0.0,0.0,0,false
src/org/apache/xerces/dom/AttributeMap.java,418.0,3.0,105.0,15.0,113.0,67.0,0,0.0,0.0,0.0,0,false
src/org/apache/xerces/dom/CharacterDataImpl.java,284.0,3.0,61.0,19.0,61.0,62.0,0,0.0,0.0,0.0,0,false
src/org/apache/xerces/dom/CoreDocumentImpl.java,1950.0,30.0,7014.0,124.0,219.0,404.0,1,0.007936507936507936,390.6153846153846,9519.230031489062,1,false
src/org/apache/xerces/dom/DOMNormalizer.java,1237.0,39.0,429.0,31.0,193.0,130.0,0,0.0,0.0,0.0,0,false
src/org/apache/xerces/dom/DeferredElementNSImpl.java,72.0,2.0,0.0,4.0,15.0,9.0,0,0.0,0.0,0.0,0,true
src/org/apache/xerces/dom/DocumentImpl.java,880.0,24.0,723.0,46.0,125.0,142.0,0,0.0,0.0,0.0,0,true
src/org/apache/xerces/dom/ElementNSImpl.java,301.0,8.0,58.0,16.0,44.0,52.0,0,0.0,0.0,0.0,0,false
src/org/apache/xerces/dom/LCount.java,13.0,0.0,0.0,1.0,2.0,3.0,0,0.0,0.0,0.0,0,false
src/org/apache/xerces/dom/NamedNodeMapImpl.java,433.0,5.0,24.0,29.0,80.0,93.0,1,0.007936507936507936,390.6153846153846,9519.230031489062,1,false
src/org/apache/xerces/dom/ObjectFactory.java,349.0,7.0,9.0,7.0,38.0,39.0,1,0.007936507936507936,390.6153846153846,9519.230031489062,1,false
src/org/apache/xerces/dom/RangeImpl.java,1427.0,7.0,249.0,55.0,226.0,257.0,1,0.007936507936507936,390.6153846153846,9519.230031489062,1,true
src/org/apache/xerces/dom/SecuritySupport.java,110.0,8.0,153.0,18.0,29.0,50.0,0,0.0,0.0,0.0,0,false
src/org/apache/xerces/dom/TextImpl.java,458.0,4.0,171.0,19.0,75.0,73.0,0,0.0,0.0,0.0,0,false
src/org/apache/xerces/dom/events/EventImpl.java,98.0,2.0,43.0,10.0,0.0,24.0,0,0.0,0.0,0.0,0,false
src/org/apache/xerces/dom/events/MutationEventImpl.java,69.0,2.0,9.0,6.0,0.0,18.0,0,0.0,0.0,0.0,0,false
src/org/apache/xerces/impl/Constants.java,507.0,2.0,1.0,7.0,3.0,14.0,2,0.015873015873015872,536.0153846153846,11803.926786916609,2,false
src/org/apache/xerces/impl/XMLEntityManager.java,2135.0,36.0,696.0,45.0,185.0,178.0,0,0.0,0.0,0.0,0,true
src/org/apache/xerces/impl/XMLEntityScanner.java,1413.0,11.0,0.0,30.0,106.0,162.0,0,0.0,0.0,0.0,0,false
src/org/apache/xerces/impl/dv/ObjectFactory.java,349.0,7.0,9.0,7.0,38.0,39.0,1,0.007936507936507936,390.6153846153846,9519.230031489062,1,false
src/org/apache/xerces/impl/dv/SecuritySupport.java,110.0,8.0,153.0,18.0,29.0,50.0,0,0.0,0.0,0.0,0,false
src/org/apache/xerces/impl/dv/util/Base64.java,215.0,0.0,17.0,7.0,10.0,24.0,0,0.0,0.0,0.0,0,false
src/org/apache/xerces/impl/dv/util/ByteListImpl.java,51.0,2.0,0.0,4.0,0.0,11.0,0,0.0,0.0,0.0,0,false
src/org/apache/xerces/impl/dv/util/HexBin.java,77.0,0.0,1.0,2.0,2.0,8.0,0,0.0,0.0,0.0,0,false
src/org/apache/xerces/impl/dv/xs/AbstractDateTimeDV.java,635.0,2.0,400.0,29.0,53.0,105.0,3,0.023809523809523808,545.6153846153845,11837.419705688553,3,false
src/org/apache/xerces/impl/dv/xs/DateDV.java,45.0,1.0,3.0,3.0,8.0,11.0,1,0.007936507936507936,145.4,2284.6967554275475,1,false
src/org/apache/xerces/impl/dv/xs/DateTimeDV.java,39.0,2.0,1.0,2.0,7.0,9.0,1,0.007936507936507936,145.4,2284.6967554275475,1,false
src/org/apache/xerces/impl/dv/xs/DayDV.java,65.0,2.0,3.0,3.0,10.0,12.0,1,0.007936507936507936,145.4,2284.6967554275475,1,false
src/org/apache/xerces/impl/dv/xs/DecimalDV.java,237.0,5.0,10.0,5.0,1.0,12.0,1,0.007936507936507936,390.6153846153846,9519.230031489062,1,false
src/org/apache/xerces/impl/dv/xs/DurationDV.java,246.0,2.0,21.0,7.0,21.0,33.0,2,0.015873015873015872,536.0153846153846,11803.926786916609,2,false
src/org/apache/xerces/impl/dv/xs/ListDV.java,67.0,3.0,3.0,3.0,1.0,7.0,1,0.007936507936507936,390.6153846153846,9519.230031489062,1,false
src/org/apache/xerces/impl/dv/xs/MonthDV.java,71.0,2.0,3.0,3.0,10.0,14.0,1,0.007936507936507936,145.4,2284.6967554275475,1,false
src/org/apache/xerces/impl/dv/xs/MonthDayDV.java,74.0,2.0,3.0,3.0,10.0,14.0,1,0.007936507936507936,145.4,2284.6967554275475,1,false
src/org/apache/xerces/impl/dv/xs/TimeDV.java,68.0,2.0,6.0,4.0,7.0,14.0,1,0.007936507936507936,145.4,2284.6967554275475,1,false
src/org/apache/xerces/impl/dv/xs/XSSimpleTypeDecl.java,2081.0,28.0,4196.0,108.0,146.0,353.0,3,0.023809523809523808,545.6153846153845,11837.419705688553,3,false
src/org/apache/xerces/impl/dv/xs/YearDV.java,64.0,2.0,3.0,3.0,10.0,13.0,1,0.007936507936507936,145.4,2284.6967554275475,1,false
src/org/apache/xerces/impl/dv/xs/YearMonthDV.java,50.0,2.0,3.0,3.0,8.0,12.0,1,0.007936507936507936,145.4,2284.6967554275475,1,false
src/org/apache/xerces/impl/xs/SchemaGrammar.java,803.0,34.0,1105.0,50.0,47.0,121.0,1,0.007936507936507936,390.6153846153846,9519.230031489062,1,false
src/org/apache/xerces/impl/xs/SchemaSymbols.java,169.0,0.0,0.0,0.0,0.0,0.0,0,0.0,0.0,0.0,0,false
src/org/apache/xerces/impl/xs/XMLSchemaLoader.java,873.0,52.0,533.0,39.0,146.0,138.0,2,0.015873015873015872,536.0153846153846,11803.926786916609,2,true
src/org/apache/xerces/impl/xs/XMLSchemaValidator.java,2555.0,55.0,963.0,59.0,254.0,222.0,2,0.015873015873015872,536.0153846153846,11803.926786916609,2,true
src/org/apache/xerces/impl/xs/XSAttributeDecl.java,122.0,3.0,52.0,16.0,5.0,34.0,1,0.007936507936507936,9.600000000000001,33.492918771943486,1,false
src/org/apache/xerces/impl/xs/XSAttributeUseImpl.java,83.0,6.0,40.0,12.0,5.0,25.0,1,0.007936507936507936,9.600000000000001,33.492918771943486,1,false
src/org/apache/xerces/impl/xs/XSDDescription.java,194.0,5.0,93.0,18.0,4.0,32.0,0,0.0,0.0,0.0,0,true
src/org/apache/xerces/impl/xs/XSElementDecl.java,267.0,11.0,410.0,33.0,13.0,76.0,1,0.007936507936507936,9.600000000000001,33.492918771943486,1,false
src/org/apache/xerces/impl/xs/XSImplementationImpl.java,52.0,8.0,6.0,4.0,6.0,15.0,1,0.007936507936507936,390.6153846153846,9519.230031489062,1,false
src/org/apache/xerces/impl/xs/XSLoaderImpl.java,235.0,18.0,0.0,10.0,27.0,31.0,1,0.007936507936507936,390.6153846153846,9519.230031489062,1,false
src/org/apache/xerces/impl/xs/opti/ElementImpl.java,174.0,4.0,138.0,25.0,20.0,70.0,1,0.007936507936507936,145.4,2284.6967554275475,1,false
src/org/apache/xerces/impl/xs/opti/SchemaDOM.java,280.0,11.0,166.0,25.0,65.0,57.0,1,0.007936507936507936,145.4,2284.6967554275475,1,true
src/org/apache/xerces/impl/xs/opti/SchemaDOMParser.java,331.0,15.0,0.0,14.0,53.0,59.0,2,0.015873015873015872,536.0153846153846,11803.926786916609,2,false
src/org/apache/xerces/impl/xs/opti/SchemaParsingConfig.java,436.0,24.0,89.0,15.0,34.0,49.0,1,0.007936507936507936,145.4,2284.6967554275475,1,false
src/org/apache/xerces/impl/xs/traversers/XSAnnotationInfo.java,50.0,2.0,0.0,2.0,3.0,4.0,1,0.007936507936507936,390.6153846153846,9519.230031489062,1,false
src/org/apache/xerces/impl/xs/traversers/XSAttributeChecker.java,1009.0,21.0,37.0,11.0,70.0,47.0,0,0.0,0.0,0.0,0,false
src/org/apache/xerces/impl/xs/traversers/XSDAbstractIDConstraintTraverser.java,116.0,7.0,1.0,2.0,15.0,7.0,2,0.015873015873015872,536.0153846153846,11803.926786916609,2,false
src/org/apache/xerces/impl/xs/traversers/XSDAbstractParticleTraverser.java,222.0,9.0,13.0,6.0,44.0,21.0,2,0.015873015873015872,536.0153846153846,11803.926786916609,2,false
src/org/apache/xerces/impl/xs/traversers/XSDAbstractTraverser.java,601.0,25.0,21.0,11.0,103.0,48.0,2,0.015873015873015872,536.0153846153846,11803.926786916609,2,false
src/org/apache/xerces/impl/xs/traversers/XSDAttributeGroupTraverser.java,85.0,8.0,3.0,3.0,24.0,9.0,2,0.015873015873015872,536.0153846153846,11803.926786916609,2,false
src/org/apache/xerces/impl/xs/traversers/XSDAttributeTraverser.java,245.0,16.0,15.0,6.0,56.0,20.0,2,0.015873015873015872,536.0153846153846,11803.926786916609,2,false
src/org/apache/xerces/impl/xs/traversers/XSDComplexTypeTraverser.java,741.0,23.0,105.0,18.0,126.0,62.0,2,0.015873015873015872,536.0153846153846,11803.926786916609,2,false
src/org/apache/xerces/impl/xs/traversers/XSDElementTraverser.java,291.0,18.0,13.0,6.0,60.0,22.0,2,0.015873015873015872,536.0153846153846,11803.926786916609,2,false
src/org/apache/xerces/impl/xs/traversers/XSDGroupTraverser.java,120.0,11.0,3.0,3.0,28.0,11.0,2,0.015873015873015872,536.0153846153846,11803.926786916609,2,false
src/org/apache/xerces/impl/xs/traversers/XSDHandler.java,1529.0,45.0,550.0,41.0,279.0,144.0,2,0.015873015873015872,536.0153846153846,11803.926786916609,2,true
src/org/apache/xerces/impl/xs/traversers/XSDNotationTraverser.java,57.0,6.0,1.0,2.0,11.0,6.0,2,0.015873015873015872,536.0153846153846,11803.926786916609,2,false
src/org/apache/xerces/impl/xs/traversers/XSDSimpleTypeTraverser.java,312.0,16.0,20.0,8.0,53.0,30.0,2,0.015873015873015872,536.0153846153846,11803.926786916609,2,false
src/org/apache/xerces/impl/xs/traversers/XSDWildcardTraverser.java,117.0,8.0,6.0,4.0,17.0,11.0,2,0.015873015873015872,536.0153846153846,11803.926786916609,2,false
src/org/apache/xerces/impl/xs/traversers/XSDocumentInfo.java,94.0,11.0,44.0,12.0,17.0,23.0,1,0.007936507936507936,390.6153846153846,9519.230031489062,1,false
src/org/apache/xerces/impl/xs/util/XSObjectListImpl.java,74.0,2.0,0.0,9.0,1.0,16.0,0,0.0,0.0,0.0,0,false
src/org/apache/xerces/parsers/ObjectFactory.java,348.0,7.0,9.0,7.0,38.0,39.0,1,0.007936507936507936,390.6153846153846,9519.230031489062,1,false
src/org/apache/xerces/parsers/SecuritySupport.java,110.0,8.0,153.0,18.0,29.0,50.0,0,0.0,0.0,0.0,0,false
src/org/apache/xerces/parsers/StandardParserConfiguration.java,206.0,7.0,15.0,7.0,16.0,21.0,2,0.015873015873015872,536.0153846153846,11803.926786916609,2,false
src/org/apache/xerces/parsers/XML11Configuration.java,1075.0,44.0,451.0,35.0,103.0,107.0,2,0.015873015873015872,536.0153846153846,11803.926786916609,2,false
src/org/apache/xerces/util/DOMUtil.java,516.0,9.0,820.0,41.0,147.0,160.0,1,0.007936507936507936,145.4,2284.6967554275475,1,false
src/org/apache/xerces/util/URI.java,1607.0,2.0,1158.0,57.0,151.0,271.0,0,0.0,0.0,0.0,0,false
src/org/apache/xerces/xinclude/ObjectFactory.java,348.0,7.0,9.0,7.0,38.0,39.0,1,0.007936507936507936,390.6153846153846,9519.230031489062,1,false
src/org/apache/xerces/xinclude/SecuritySupport.java,110.0,8.0,153.0,18.0,29.0,50.0,0,0.0,0.0,0.0,0,false
src/org/apache/xerces/xinclude/XIncludeHandler.java,1811.0,43.0,4320.0,108.0,361.0,351.0,1,0.007936507936507936,390.6153846153846,9519.230031489062,1,false
src/org/apache/xerces/xs/datatypes/ObjectList.java,34.0,0.0,3.0,3.0,0.0,7.0,1,0.007936507936507936,145.4,2284.6967554275475,1,false
src/org/apache/xerces/xs/datatypes/XSDateTime.java,49.0,0.0,45.0,10.0,0.0,20.0,1,0.007936507936507936,145.4,2284.6967554275475,1,false
src/org/apache/xerces/xs/datatypes/XSDecimal.java,38.0,2.0,15.0,6.0,0.0,22.0,2,0.015873015873015872,536.0153846153846,11803.926786916609,2,false
src/org/apache/xml/serialize/DOMSerializerImpl.java,856.0,42.0,41.0,18.0,135.0,84.0,0,0.0,0.0,0.0,0,false
src/org/apache/xml/serialize/ObjectFactory.java,348.0,7.0,9.0,7.0,38.0,39.0,1,0.007936507936507936,390.6153846153846,9519.230031489062,1,false
src/org/apache/xml/serialize/SecuritySupport.java,110.0,8.0,153.0,18.0,29.0,50.0,0,0.0,0.0,0.0,0,false
tests/dom/dom3/Test.java,371.0,27.0,1.0,3.0,71.0,14.0,0,0.0,0.0,0.0,0,false
