name,LOC,CBO,LCOM,NOM,RFC,WMC,numOfChanges,bccm,structuralWorkloadSum,semanticWorkloadSum,numberOfDeveloper,isBuggy
samples/dom/Counter.java,459.0,7.0,4.0,5.0,33.0,17.0,1,0.0028653295128939827,1708.9548387096775,254097.54237288135,1,false
samples/dom/DOM3.java,93.0,13.0,15.0,6.0,21.0,13.0,1,0.0028653295128939827,1708.9548387096775,254097.54237288135,1,false
samples/dom/DOMAddLines.java,200.0,16.0,22.0,8.0,38.0,29.0,1,0.0028653295128939827,1708.9548387096775,254097.54237288135,1,false
samples/dom/DOMGenerate.java,36.0,7.0,0.0,1.0,12.0,3.0,1,0.0028653295128939827,1708.9548387096775,254097.54237288135,1,false
samples/dom/GetElementsByTagName.java,405.0,8.0,8.0,5.0,35.0,20.0,1,0.0028653295128939827,1708.9548387096775,254097.54237288135,1,false
samples/dom/Writer.java,658.0,12.0,42.0,12.0,53.0,38.0,1,0.0028653295128939827,1708.9548387096775,254097.54237288135,1,false
samples/dom/traversal/IteratorView.java,341.0,35.0,21.0,10.0,81.0,28.0,1,0.0028653295128939827,1708.9548387096775,254097.54237288135,1,false
samples/dom/traversal/NameNodeFilter.java,47.0,2.0,0.0,5.0,2.0,11.0,0,0.0,0.0,0.0,0,false
samples/dom/traversal/TreeWalkerView.java,411.0,36.0,21.0,11.0,90.0,32.0,1,0.0028653295128939827,1708.9548387096775,254097.54237288135,1,false
samples/sax/Counter.java,608.0,12.0,56.0,13.0,44.0,34.0,1,0.0028653295128939827,1708.9548387096775,254097.54237288135,1,false
samples/sax/DocumentTracer.java,942.0,24.0,0.0,39.0,170.0,89.0,1,0.0028653295128939827,1708.9548387096775,254097.54237288135,1,false
samples/sax/Writer.java,781.0,19.0,262.0,29.0,73.0,80.0,1,0.0028653295128939827,1708.9548387096775,254097.54237288135,1,false
samples/socket/DelayedInput.java,330.0,16.0,34.0,9.0,36.0,19.0,0,0.0,0.0,0.0,0,false
samples/ui/DOMParserSaveEncoding.java,32.0,5.0,4.0,4.0,5.0,10.0,0,0.0,0.0,0.0,0,false
samples/ui/DOMTree.java,204.0,10.0,10.0,5.0,9.0,9.0,1,0.0028653295128939827,1708.9548387096775,254097.54237288135,1,false
samples/ui/DOMTreeFull.java,290.0,12.0,36.0,9.0,29.0,27.0,1,0.0028653295128939827,1708.9548387096775,254097.54237288135,1,false
samples/ui/DefaultImages.java,14.0,0.0,3.0,3.0,6.0,6.0,0,0.0,0.0,0.0,0,false
samples/ui/TreeView.java,630.0,49.0,148.0,21.0,117.0,59.0,1,0.0028653295128939827,1708.9548387096775,254097.54237288135,1,false
samples/xni/DocumentTracer.java,1344.0,21.0,0.0,61.0,336.0,185.0,0,0.0,0.0,0.0,0,false
samples/xni/ObjectFactory.java,351.0,7.0,9.0,7.0,38.0,39.0,1,0.0028653295128939827,1708.9548387096775,254097.54237288135,1,false
samples/xni/PSVIWriter.java,1737.0,58.0,5450.0,109.0,554.0,365.0,0,0.0,0.0,0.0,0,false
samples/xni/Writer.java,491.0,18.0,135.0,23.0,65.0,61.0,0,0.0,0.0,0.0,0,false
samples/xni/parser/CSVConfiguration.java,166.0,15.0,10.0,5.0,27.0,12.0,0,0.0,0.0,0.0,0,false
samples/xni/parser/NonValidatingParserConfiguration.java,35.0,5.0,1.0,3.0,3.0,5.0,0,0.0,0.0,0.0,0,false
samples/xni/parser/PSVIConfiguration.java,75.0,5.0,13.0,6.0,4.0,12.0,0,0.0,0.0,0.0,0,false
samples/xs/QueryXS.java,98.0,11.0,3.0,3.0,20.0,8.0,1,0.0028653295128939827,1708.9548387096775,254097.54237288135,1,false
src/org/apache/html/dom/HTMLAnchorElementImpl.java,97.0,1.0,351.0,27.0,31.0,43.0,1,0.0028653295128939827,1708.9548387096775,254097.54237288135,1,false
src/org/apache/html/dom/HTMLAppletElementImpl.java,83.0,1.0,253.0,23.0,22.0,34.0,1,0.0028653295128939827,1708.9548387096775,254097.54237288135,1,false
src/org/apache/html/dom/HTMLAreaElementImpl.java,69.0,1.0,136.0,17.0,23.0,29.0,1,0.0028653295128939827,1708.9548387096775,254097.54237288135,1,false
src/org/apache/html/dom/HTMLBRElementImpl.java,23.0,1.0,3.0,3.0,3.0,4.0,1,0.0028653295128939827,1708.9548387096775,254097.54237288135,1,false
src/org/apache/html/dom/HTMLBaseElementImpl.java,29.0,1.0,10.0,5.0,4.0,7.0,1,0.0028653295128939827,1708.9548387096775,254097.54237288135,1,false
src/org/apache/html/dom/HTMLBaseFontElementImpl.java,35.0,1.0,21.0,7.0,8.0,10.0,1,0.0028653295128939827,1708.9548387096775,254097.54237288135,1,false
src/org/apache/html/dom/HTMLBodyElementImpl.java,53.0,1.0,78.0,13.0,12.0,19.0,1,0.0028653295128939827,1708.9548387096775,254097.54237288135,1,false
src/org/apache/html/dom/HTMLButtonElementImpl.java,59.0,1.0,66.0,12.0,18.0,23.0,1,0.0028653295128939827,1708.9548387096775,254097.54237288135,1,false
src/org/apache/html/dom/HTMLDListElementImpl.java,23.0,1.0,3.0,3.0,2.0,4.0,1,0.0028653295128939827,1708.9548387096775,254097.54237288135,1,false
src/org/apache/html/dom/HTMLDirectoryElementImpl.java,23.0,1.0,3.0,3.0,2.0,4.0,1,0.0028653295128939827,1708.9548387096775,254097.54237288135,1,false
src/org/apache/html/dom/HTMLDivElementImpl.java,23.0,1.0,3.0,3.0,3.0,4.0,1,0.0028653295128939827,1708.9548387096775,254097.54237288135,1,false
src/org/apache/html/dom/HTMLDocumentImpl.java,439.0,19.0,510.0,33.0,68.0,108.0,1,0.0028653295128939827,1708.9548387096775,254097.54237288135,1,false
src/org/apache/html/dom/HTMLElementImpl.java,167.0,7.0,253.0,23.0,34.0,60.0,1,0.0028653295128939827,1708.9548387096775,254097.54237288135,1,false
src/org/apache/html/dom/HTMLFieldSetElementImpl.java,17.0,1.0,0.0,1.0,0.0,1.0,1,0.0028653295128939827,1708.9548387096775,254097.54237288135,1,false
src/org/apache/html/dom/HTMLFontElementImpl.java,31.0,1.0,21.0,7.0,8.0,10.0,1,0.0028653295128939827,1708.9548387096775,254097.54237288135,1,false
src/org/apache/html/dom/HTMLFormElementImpl.java,80.0,4.0,169.0,19.0,16.0,31.0,1,0.0028653295128939827,1708.9548387096775,254097.54237288135,1,false
src/org/apache/html/dom/HTMLFrameElementImpl.java,65.0,1.0,136.0,17.0,17.0,25.0,1,0.0028653295128939827,1708.9548387096775,254097.54237288135,1,false
src/org/apache/html/dom/HTMLFrameSetElementImpl.java,29.0,1.0,10.0,5.0,4.0,7.0,1,0.0028653295128939827,1708.9548387096775,254097.54237288135,1,false
src/org/apache/html/dom/HTMLHRElementImpl.java,41.0,1.0,36.0,9.0,9.0,13.0,1,0.0028653295128939827,1708.9548387096775,254097.54237288135,1,false
src/org/apache/html/dom/HTMLHeadElementImpl.java,23.0,1.0,3.0,3.0,2.0,4.0,1,0.0028653295128939827,1708.9548387096775,254097.54237288135,1,false
src/org/apache/html/dom/HTMLHeadingElementImpl.java,23.0,1.0,3.0,3.0,2.0,4.0,1,0.0028653295128939827,1708.9548387096775,254097.54237288135,1,false
src/org/apache/html/dom/HTMLHtmlElementImpl.java,23.0,1.0,3.0,3.0,3.0,4.0,1,0.0028653295128939827,1708.9548387096775,254097.54237288135,1,false
src/org/apache/html/dom/HTMLIFrameElementImpl.java,77.0,1.0,210.0,21.0,22.0,31.0,1,0.0028653295128939827,1708.9548387096775,254097.54237288135,1,false
src/org/apache/html/dom/HTMLImageElementImpl.java,95.0,1.0,351.0,27.0,27.0,40.0,1,0.0028653295128939827,1708.9548387096775,254097.54237288135,1,false
src/org/apache/html/dom/HTMLInputElementImpl.java,133.0,1.0,703.0,38.0,42.0,60.0,1,0.0028653295128939827,1708.9548387096775,254097.54237288135,1,false
src/org/apache/html/dom/HTMLIsIndexElementImpl.java,23.0,1.0,3.0,3.0,2.0,4.0,1,0.0028653295128939827,1708.9548387096775,254097.54237288135,1,false
src/org/apache/html/dom/HTMLLIElementImpl.java,29.0,1.0,10.0,5.0,6.0,7.0,1,0.0028653295128939827,1708.9548387096775,254097.54237288135,1,false
src/org/apache/html/dom/HTMLLabelElementImpl.java,33.0,1.0,10.0,5.0,8.0,13.0,1,0.0028653295128939827,1708.9548387096775,254097.54237288135,1,false
src/org/apache/html/dom/HTMLLegendElementImpl.java,33.0,1.0,10.0,5.0,8.0,11.0,1,0.0028653295128939827,1708.9548387096775,254097.54237288135,1,false
src/org/apache/html/dom/HTMLLinkElementImpl.java,71.0,1.0,171.0,19.0,18.0,28.0,1,0.0028653295128939827,1708.9548387096775,254097.54237288135,1,false
src/org/apache/html/dom/HTMLMapElementImpl.java,37.0,3.0,8.0,5.0,2.0,10.0,1,0.0028653295128939827,1708.9548387096775,254097.54237288135,1,false
src/org/apache/html/dom/HTMLMenuElementImpl.java,23.0,1.0,3.0,3.0,2.0,4.0,1,0.0028653295128939827,1708.9548387096775,254097.54237288135,1,false
src/org/apache/html/dom/HTMLMetaElementImpl.java,41.0,1.0,36.0,9.0,8.0,13.0,1,0.0028653295128939827,1708.9548387096775,254097.54237288135,1,false
src/org/apache/html/dom/HTMLModElementImpl.java,29.0,1.0,10.0,5.0,4.0,7.0,1,0.0028653295128939827,1708.9548387096775,254097.54237288135,1,false
src/org/apache/html/dom/HTMLOListElementImpl.java,35.0,1.0,21.0,7.0,8.0,10.0,1,0.0028653295128939827,1708.9548387096775,254097.54237288135,1,false
src/org/apache/html/dom/HTMLObjectElementImpl.java,124.0,1.0,595.0,35.0,37.0,53.0,1,0.0028653295128939827,1708.9548387096775,254097.54237288135,1,false
src/org/apache/html/dom/HTMLOptGroupElementImpl.java,29.0,1.0,10.0,5.0,5.0,7.0,1,0.0028653295128939827,1708.9548387096775,254097.54237288135,1,false
src/org/apache/html/dom/HTMLOptionElementImpl.java,97.0,6.0,105.0,15.0,31.0,34.0,1,0.0028653295128939827,1708.9548387096775,254097.54237288135,1,false
src/org/apache/html/dom/HTMLParagraphElementImpl.java,23.0,1.0,3.0,3.0,2.0,4.0,1,0.0028653295128939827,1708.9548387096775,254097.54237288135,1,false
src/org/apache/html/dom/HTMLParamElementImpl.java,41.0,1.0,36.0,9.0,9.0,13.0,1,0.0028653295128939827,1708.9548387096775,254097.54237288135,1,false
src/org/apache/html/dom/HTMLPreElementImpl.java,23.0,1.0,3.0,3.0,4.0,4.0,1,0.0028653295128939827,1708.9548387096775,254097.54237288135,1,false
src/org/apache/html/dom/HTMLQuoteElementImpl.java,23.0,1.0,3.0,3.0,2.0,4.0,1,0.0028653295128939827,1708.9548387096775,254097.54237288135,1,false
src/org/apache/html/dom/HTMLScriptElementImpl.java,76.0,3.0,105.0,15.0,23.0,28.0,1,0.0028653295128939827,1708.9548387096775,254097.54237288135,1,false
src/org/apache/html/dom/HTMLSelectElementImpl.java,107.0,6.0,274.0,24.0,33.0,43.0,1,0.0028653295128939827,1708.9548387096775,254097.54237288135,1,false
src/org/apache/html/dom/HTMLStyleElementImpl.java,35.0,1.0,21.0,7.0,6.0,10.0,1,0.0028653295128939827,1708.9548387096775,254097.54237288135,1,false
src/org/apache/html/dom/HTMLTableCaptionElementImpl.java,23.0,1.0,3.0,3.0,2.0,4.0,1,0.0028653295128939827,1708.9548387096775,254097.54237288135,1,false
src/org/apache/html/dom/HTMLTableCellElementImpl.java,143.0,3.0,465.0,31.0,46.0,56.0,1,0.0028653295128939827,1708.9548387096775,254097.54237288135,1,false
src/org/apache/html/dom/HTMLTableColElementImpl.java,57.0,1.0,78.0,13.0,20.0,23.0,1,0.0028653295128939827,1708.9548387096775,254097.54237288135,1,false
src/org/apache/html/dom/HTMLTableElementImpl.java,217.0,7.0,662.0,37.0,71.0,92.0,1,0.0028653295128939827,1708.9548387096775,254097.54237288135,1,false
src/org/apache/html/dom/HTMLTableRowElementImpl.java,145.0,8.0,208.0,21.0,40.0,52.0,1,0.0028653295128939827,1708.9548387096775,254097.54237288135,1,false
src/org/apache/html/dom/HTMLTableSectionElementImpl.java,99.0,5.0,103.0,15.0,25.0,36.0,1,0.0028653295128939827,1708.9548387096775,254097.54237288135,1,false
src/org/apache/html/dom/HTMLTextAreaElementImpl.java,84.0,1.0,253.0,23.0,29.0,37.0,1,0.0028653295128939827,1708.9548387096775,254097.54237288135,1,false
src/org/apache/html/dom/HTMLTitleElementImpl.java,40.0,3.0,3.0,3.0,11.0,8.0,1,0.0028653295128939827,1708.9548387096775,254097.54237288135,1,false
src/org/apache/html/dom/HTMLUListElementImpl.java,29.0,1.0,10.0,5.0,4.0,7.0,1,0.0028653295128939827,1708.9548387096775,254097.54237288135,1,false
src/org/apache/html/dom/ObjectFactory.java,349.0,7.0,9.0,7.0,38.0,39.0,1,0.0028653295128939827,1708.9548387096775,254097.54237288135,1,false
src/org/apache/wml/dom/WMLAElementImpl.java,41.0,1.0,55.0,11.0,10.0,16.0,1,0.0028653295128939827,1708.9548387096775,254097.54237288135,1,false
src/org/apache/wml/dom/WMLAccessElementImpl.java,35.0,1.0,36.0,9.0,8.0,13.0,1,0.0028653295128939827,1708.9548387096775,254097.54237288135,1,false
src/org/apache/wml/dom/WMLAnchorElementImpl.java,35.0,1.0,36.0,9.0,8.0,13.0,1,0.0028653295128939827,1708.9548387096775,254097.54237288135,1,false
src/org/apache/wml/dom/WMLBElementImpl.java,29.0,1.0,21.0,7.0,6.0,10.0,1,0.0028653295128939827,1708.9548387096775,254097.54237288135,1,false
src/org/apache/wml/dom/WMLBigElementImpl.java,29.0,1.0,21.0,7.0,6.0,10.0,1,0.0028653295128939827,1708.9548387096775,254097.54237288135,1,false
src/org/apache/wml/dom/WMLBrElementImpl.java,29.0,1.0,21.0,7.0,6.0,10.0,1,0.0028653295128939827,1708.9548387096775,254097.54237288135,1,false
src/org/apache/wml/dom/WMLCardElementImpl.java,65.0,1.0,171.0,19.0,18.0,30.0,1,0.0028653295128939827,1708.9548387096775,254097.54237288135,1,false
src/org/apache/wml/dom/WMLDOMImplementationImpl.java,23.0,3.0,1.0,2.0,2.0,6.0,1,0.0028653295128939827,1708.9548387096775,254097.54237288135,1,false
src/org/apache/wml/dom/WMLDoElementImpl.java,53.0,1.0,105.0,15.0,14.0,22.0,1,0.0028653295128939827,1708.9548387096775,254097.54237288135,1,false
src/org/apache/wml/dom/WMLDocumentImpl.java,71.0,7.0,1.0,2.0,8.0,7.0,1,0.0028653295128939827,1708.9548387096775,254097.54237288135,1,false
src/org/apache/wml/dom/WMLElementImpl.java,47.0,2.0,55.0,11.0,12.0,19.0,1,0.0028653295128939827,1708.9548387096775,254097.54237288135,1,false
src/org/apache/wml/dom/WMLEmElementImpl.java,29.0,1.0,21.0,7.0,6.0,10.0,1,0.0028653295128939827,1708.9548387096775,254097.54237288135,1,false
src/org/apache/wml/dom/WMLFieldsetElementImpl.java,35.0,1.0,36.0,9.0,8.0,13.0,1,0.0028653295128939827,1708.9548387096775,254097.54237288135,1,false
src/org/apache/wml/dom/WMLGoElementImpl.java,47.0,1.0,78.0,13.0,12.0,19.0,1,0.0028653295128939827,1708.9548387096775,254097.54237288135,1,false
src/org/apache/wml/dom/WMLHeadElementImpl.java,23.0,1.0,10.0,5.0,4.0,7.0,1,0.0028653295128939827,1708.9548387096775,254097.54237288135,1,false
src/org/apache/wml/dom/WMLIElementImpl.java,29.0,1.0,21.0,7.0,6.0,10.0,1,0.0028653295128939827,1708.9548387096775,254097.54237288135,1,false
src/org/apache/wml/dom/WMLImgElementImpl.java,77.0,1.0,253.0,23.0,22.0,34.0,1,0.0028653295128939827,1708.9548387096775,254097.54237288135,1,false
src/org/apache/wml/dom/WMLInputElementImpl.java,83.0,1.0,300.0,25.0,24.0,39.0,1,0.0028653295128939827,1708.9548387096775,254097.54237288135,1,false
src/org/apache/wml/dom/WMLMetaElementImpl.java,53.0,1.0,105.0,15.0,14.0,24.0,1,0.0028653295128939827,1708.9548387096775,254097.54237288135,1,false
src/org/apache/wml/dom/WMLNoopElementImpl.java,23.0,1.0,10.0,5.0,4.0,7.0,1,0.0028653295128939827,1708.9548387096775,254097.54237288135,1,false
src/org/apache/wml/dom/WMLOneventElementImpl.java,29.0,1.0,21.0,7.0,6.0,10.0,1,0.0028653295128939827,1708.9548387096775,254097.54237288135,1,false
src/org/apache/wml/dom/WMLOptgroupElementImpl.java,35.0,1.0,36.0,9.0,8.0,13.0,1,0.0028653295128939827,1708.9548387096775,254097.54237288135,1,false
src/org/apache/wml/dom/WMLOptionElementImpl.java,47.0,1.0,78.0,13.0,12.0,19.0,1,0.0028653295128939827,1708.9548387096775,254097.54237288135,1,false
src/org/apache/wml/dom/WMLPElementImpl.java,41.0,1.0,55.0,11.0,10.0,16.0,1,0.0028653295128939827,1708.9548387096775,254097.54237288135,1,false
src/org/apache/wml/dom/WMLPostfieldElementImpl.java,35.0,1.0,36.0,9.0,8.0,13.0,1,0.0028653295128939827,1708.9548387096775,254097.54237288135,1,false
src/org/apache/wml/dom/WMLPrevElementImpl.java,23.0,1.0,10.0,5.0,4.0,7.0,1,0.0028653295128939827,1708.9548387096775,254097.54237288135,1,false
src/org/apache/wml/dom/WMLRefreshElementImpl.java,23.0,1.0,10.0,5.0,4.0,7.0,1,0.0028653295128939827,1708.9548387096775,254097.54237288135,1,false
src/org/apache/wml/dom/WMLSelectElementImpl.java,71.0,1.0,210.0,21.0,20.0,31.0,1,0.0028653295128939827,1708.9548387096775,254097.54237288135,1,false
src/org/apache/wml/dom/WMLSetvarElementImpl.java,35.0,1.0,36.0,9.0,8.0,13.0,1,0.0028653295128939827,1708.9548387096775,254097.54237288135,1,false
src/org/apache/wml/dom/WMLSmallElementImpl.java,29.0,1.0,21.0,7.0,6.0,10.0,1,0.0028653295128939827,1708.9548387096775,254097.54237288135,1,false
src/org/apache/wml/dom/WMLStrongElementImpl.java,29.0,1.0,21.0,7.0,6.0,10.0,1,0.0028653295128939827,1708.9548387096775,254097.54237288135,1,false
src/org/apache/wml/dom/WMLTableElementImpl.java,47.0,1.0,78.0,13.0,12.0,19.0,1,0.0028653295128939827,1708.9548387096775,254097.54237288135,1,false
src/org/apache/wml/dom/WMLTdElementImpl.java,29.0,1.0,21.0,7.0,6.0,10.0,1,0.0028653295128939827,1708.9548387096775,254097.54237288135,1,false
src/org/apache/wml/dom/WMLTemplateElementImpl.java,41.0,1.0,55.0,11.0,10.0,18.0,1,0.0028653295128939827,1708.9548387096775,254097.54237288135,1,false
src/org/apache/wml/dom/WMLTimerElementImpl.java,35.0,1.0,36.0,9.0,8.0,13.0,1,0.0028653295128939827,1708.9548387096775,254097.54237288135,1,false
src/org/apache/wml/dom/WMLTrElementImpl.java,23.0,1.0,10.0,5.0,4.0,7.0,1,0.0028653295128939827,1708.9548387096775,254097.54237288135,1,false
src/org/apache/wml/dom/WMLUElementImpl.java,29.0,1.0,21.0,7.0,6.0,10.0,1,0.0028653295128939827,1708.9548387096775,254097.54237288135,1,false
src/org/apache/wml/dom/WMLWmlElementImpl.java,29.0,1.0,21.0,7.0,6.0,10.0,1,0.0028653295128939827,1708.9548387096775,254097.54237288135,1,false
src/org/apache/xerces/dom/AttrImpl.java,868.0,10.0,777.0,46.0,153.0,161.0,1,0.0028653295128939827,1708.9548387096775,254097.54237288135,1,false
src/org/apache/xerces/dom/AttrNSImpl.java,235.0,4.0,41.0,14.0,37.0,43.0,1,0.0028653295128939827,1708.9548387096775,254097.54237288135,1,false
src/org/apache/xerces/dom/CoreDOMImplementationImpl.java,280.0,14.0,85.0,14.0,34.0,52.0,2,0.0057306590257879654,1841.2976958525346,256518.86325015823,2,false
src/org/apache/xerces/dom/CoreDocumentImpl.java,1949.0,30.0,7014.0,124.0,219.0,404.0,1,0.0028653295128939827,1708.9548387096775,254097.54237288135,1,false
src/org/apache/xerces/dom/DOMConfigurationImpl.java,680.0,32.0,281.0,26.0,45.0,78.0,1,0.0028653295128939827,1708.9548387096775,254097.54237288135,1,false
src/org/apache/xerces/dom/DOMErrorImpl.java,72.0,3.0,33.0,10.0,5.0,21.0,1,0.0028653295128939827,1708.9548387096775,254097.54237288135,1,false
src/org/apache/xerces/dom/DOMImplementationListImpl.java,40.0,3.0,0.0,4.0,2.0,7.0,1,0.0028653295128939827,1708.9548387096775,254097.54237288135,1,false
src/org/apache/xerces/dom/DOMImplementationSourceImpl.java,104.0,6.0,3.0,3.0,9.0,12.0,1,0.0028653295128939827,1708.9548387096775,254097.54237288135,1,false
src/org/apache/xerces/dom/DOMLocatorImpl.java,106.0,2.0,7.0,11.0,0.0,22.0,1,0.0028653295128939827,1708.9548387096775,254097.54237288135,1,false
src/org/apache/xerces/dom/DOMNormalizer.java,1237.0,39.0,429.0,31.0,193.0,130.0,2,0.0057306590257879654,1841.2976958525346,256518.86325015823,2,false
src/org/apache/xerces/dom/DOMStringListImpl.java,52.0,2.0,0.0,6.0,4.0,10.0,1,0.0028653295128939827,1708.9548387096775,254097.54237288135,1,false
src/org/apache/xerces/dom/DOMXSImplementationSourceImpl.java,61.0,4.0,1.0,2.0,7.0,7.0,1,0.0028653295128939827,1708.9548387096775,254097.54237288135,1,false
src/org/apache/xerces/dom/DeferredDocumentImpl.java,1707.0,4.0,1275.0,79.0,191.0,232.0,0,0.0,0.0,0.0,0,true
src/org/apache/xerces/dom/DocumentImpl.java,882.0,24.0,723.0,46.0,125.0,142.0,1,0.0028653295128939827,1708.9548387096775,254097.54237288135,1,true
src/org/apache/xerces/dom/DocumentTypeImpl.java,327.0,6.0,165.0,22.0,40.0,63.0,1,0.0028653295128939827,1708.9548387096775,254097.54237288135,1,false
src/org/apache/xerces/dom/ElementImpl.java,853.0,9.0,307.0,43.0,158.0,151.0,1,0.0028653295128939827,1708.9548387096775,254097.54237288135,1,false
src/org/apache/xerces/dom/ElementNSImpl.java,301.0,8.0,58.0,16.0,44.0,52.0,2,0.0057306590257879654,1841.2976958525346,256518.86325015823,2,false
src/org/apache/xerces/dom/NamedNodeMapImpl.java,430.0,5.0,24.0,29.0,79.0,93.0,0,0.0,0.0,0.0,0,false
src/org/apache/xerces/dom/NodeImpl.java,1443.0,14.0,3034.0,84.0,134.0,242.0,1,0.0028653295128939827,1708.9548387096775,254097.54237288135,1,false
src/org/apache/xerces/dom/NodeListCache.java,37.0,1.0,0.0,1.0,0.0,1.0,1,0.0028653295128939827,1708.9548387096775,254097.54237288135,1,false
src/org/apache/xerces/dom/ObjectFactory.java,349.0,7.0,9.0,7.0,38.0,39.0,1,0.0028653295128939827,1708.9548387096775,254097.54237288135,1,false
src/org/apache/xerces/dom/PSVIDocumentImpl.java,89.0,7.0,55.0,11.0,7.0,36.0,1,0.0028653295128939827,1708.9548387096775,254097.54237288135,1,false
src/org/apache/xerces/dom/ParentNode.java,726.0,9.0,418.0,36.0,107.0,132.0,1,0.0028653295128939827,1708.9548387096775,254097.54237288135,1,false
src/org/apache/xerces/dom/RangeImpl.java,1426.0,7.0,249.0,55.0,225.0,257.0,0,0.0,0.0,0.0,0,true
src/org/apache/xerces/impl/Constants.java,523.0,2.0,1.0,7.0,3.0,14.0,1,0.0028653295128939827,1708.9548387096775,254097.54237288135,1,false
src/org/apache/xerces/impl/XMLDocumentScannerImpl.java,998.0,18.0,75.0,14.0,36.0,53.0,0,0.0,0.0,0.0,0,false
src/org/apache/xerces/impl/XMLEntityManager.java,2175.0,36.0,696.0,45.0,185.0,178.0,1,0.0028653295128939827,1708.9548387096775,254097.54237288135,1,true
src/org/apache/xerces/impl/dtd/DTDGrammar.java,2003.0,26.0,3837.0,99.0,150.0,319.0,0,0.0,0.0,0.0,0,false
src/org/apache/xerces/impl/dtd/XMLDTDProcessor.java,1059.0,28.0,189.0,51.0,89.0,182.0,0,0.0,0.0,0.0,0,false
src/org/apache/xerces/impl/dtd/models/CMAny.java,70.0,0.0,0.0,9.0,6.0,19.0,0,0.0,0.0,0.0,0,false
src/org/apache/xerces/impl/dtd/models/CMLeaf.java,64.0,2.0,0.0,9.0,8.0,18.0,0,0.0,0.0,0.0,0,false
src/org/apache/xerces/impl/dv/ObjectFactory.java,349.0,7.0,9.0,7.0,38.0,39.0,1,0.0028653295128939827,1708.9548387096775,254097.54237288135,1,false
src/org/apache/xerces/impl/dv/dtd/ListDatatypeValidator.java,32.0,2.0,0.0,2.0,4.0,6.0,1,0.0028653295128939827,1708.9548387096775,254097.54237288135,1,false
src/org/apache/xerces/impl/dv/dtd/NMTOKENDatatypeValidator.java,25.0,2.0,1.0,2.0,1.0,5.0,1,0.0028653295128939827,1708.9548387096775,254097.54237288135,1,false
src/org/apache/xerces/impl/dv/xs/AbstractDateTimeDV.java,696.0,6.0,459.0,31.0,48.0,108.0,1,0.0028653295128939827,132.34285714285713,2421.320877276889,1,false
src/org/apache/xerces/impl/dv/xs/AnyURIDV.java,108.0,3.0,3.0,3.0,8.0,15.0,0,0.0,0.0,0.0,0,false
src/org/apache/xerces/impl/dv/xs/DateDV.java,49.0,3.0,6.0,4.0,10.0,13.0,1,0.0028653295128939827,132.34285714285713,2421.320877276889,1,false
src/org/apache/xerces/impl/dv/xs/DateTimeDV.java,43.0,5.0,3.0,3.0,10.0,11.0,1,0.0028653295128939827,132.34285714285713,2421.320877276889,1,false
src/org/apache/xerces/impl/dv/xs/DayDV.java,69.0,4.0,6.0,4.0,12.0,14.0,1,0.0028653295128939827,132.34285714285713,2421.320877276889,1,false
src/org/apache/xerces/impl/dv/xs/DayTimeDurationDV.java,23.0,6.0,1.0,2.0,3.0,7.0,1,0.0028653295128939827,132.34285714285713,2421.320877276889,1,false
src/org/apache/xerces/impl/dv/xs/DurationDV.java,253.0,6.0,28.0,8.0,22.0,36.0,1,0.0028653295128939827,132.34285714285713,2421.320877276889,1,false
src/org/apache/xerces/impl/dv/xs/ListDV.java,67.0,3.0,3.0,3.0,1.0,7.0,0,0.0,0.0,0.0,0,false
src/org/apache/xerces/impl/dv/xs/MonthDV.java,75.0,4.0,6.0,4.0,12.0,16.0,1,0.0028653295128939827,132.34285714285713,2421.320877276889,1,false
src/org/apache/xerces/impl/dv/xs/MonthDayDV.java,78.0,4.0,6.0,4.0,12.0,16.0,1,0.0028653295128939827,132.34285714285713,2421.320877276889,1,false
src/org/apache/xerces/impl/dv/xs/QNameDV.java,63.0,5.0,3.0,3.0,7.0,10.0,1,0.0028653295128939827,132.34285714285713,2421.320877276889,1,false
src/org/apache/xerces/impl/dv/xs/TimeDV.java,63.0,5.0,6.0,4.0,9.0,14.0,1,0.0028653295128939827,132.34285714285713,2421.320877276889,1,false
src/org/apache/xerces/impl/dv/xs/XSSimpleTypeDecl.java,2081.0,28.0,4196.0,108.0,148.0,353.0,2,0.0057306590257879654,1841.2976958525346,256518.86325015823,2,false
src/org/apache/xerces/impl/dv/xs/YearDV.java,68.0,4.0,6.0,4.0,12.0,15.0,1,0.0028653295128939827,132.34285714285713,2421.320877276889,1,false
src/org/apache/xerces/impl/dv/xs/YearMonthDV.java,54.0,4.0,6.0,4.0,10.0,14.0,1,0.0028653295128939827,132.34285714285713,2421.320877276889,1,false
src/org/apache/xerces/impl/dv/xs/YearMonthDurationDV.java,23.0,5.0,1.0,2.0,3.0,7.0,1,0.0028653295128939827,132.34285714285713,2421.320877276889,1,false
src/org/apache/xerces/impl/xpath/XPath.java,1427.0,6.0,27.0,10.0,27.0,41.0,0,0.0,0.0,0.0,0,true
src/org/apache/xerces/impl/xpath/regex/ParserForXMLSchema.java,348.0,2.0,703.0,38.0,76.0,100.0,1,0.0028653295128939827,1708.9548387096775,254097.54237288135,1,false
src/org/apache/xerces/impl/xpath/regex/RangeToken.java,473.0,0.0,9.0,18.0,39.0,87.0,1,0.0028653295128939827,1708.9548387096775,254097.54237288135,1,true
src/org/apache/xerces/impl/xpath/regex/RegularExpression.java,2505.0,1.0,960.0,52.0,247.0,197.0,1,0.0028653295128939827,1708.9548387096775,254097.54237288135,1,true
src/org/apache/xerces/impl/xpath/regex/Token.java,1184.0,2.0,879.0,51.0,78.0,151.0,1,0.0028653295128939827,1708.9548387096775,254097.54237288135,1,true
src/org/apache/xerces/impl/xs/SubstitutionGroupHandler.java,165.0,5.0,26.0,9.0,23.0,32.0,0,0.0,0.0,0.0,0,false
src/org/apache/xerces/impl/xs/XMLSchemaLoader.java,890.0,52.0,572.0,40.0,146.0,141.0,1,0.0028653295128939827,1708.9548387096775,254097.54237288135,1,true
src/org/apache/xerces/impl/xs/XMLSchemaValidator.java,2563.0,55.0,963.0,59.0,254.0,222.0,2,0.0057306590257879654,1841.2976958525346,256518.86325015823,2,true
src/org/apache/xerces/impl/xs/XSLoaderImpl.java,235.0,18.0,0.0,10.0,27.0,31.0,1,0.0028653295128939827,1708.9548387096775,254097.54237288135,1,false
src/org/apache/xerces/impl/xs/models/XSCMLeaf.java,61.0,2.0,0.0,9.0,6.0,19.0,0,0.0,0.0,0.0,0,false
src/org/apache/xerces/impl/xs/opti/AttrImpl.java,58.0,5.0,28.0,9.0,0.0,18.0,1,0.0028653295128939827,1708.9548387096775,254097.54237288135,1,false
src/org/apache/xerces/impl/xs/opti/DefaultDocument.java,182.0,15.0,494.0,32.0,0.0,77.0,1,0.0028653295128939827,1708.9548387096775,254097.54237288135,1,false
src/org/apache/xerces/impl/xs/opti/DefaultElement.java,72.0,5.0,231.0,22.0,0.0,43.0,1,0.0028653295128939827,1708.9548387096775,254097.54237288135,1,false
src/org/apache/xerces/impl/xs/opti/DefaultNode.java,122.0,6.0,703.0,38.0,0.0,76.0,1,0.0028653295128939827,1708.9548387096775,254097.54237288135,1,false
src/org/apache/xerces/impl/xs/opti/SchemaDOMParser.java,331.0,15.0,0.0,14.0,53.0,59.0,1,0.0028653295128939827,1708.9548387096775,254097.54237288135,1,false
src/org/apache/xerces/impl/xs/traversers/XSDComplexTypeTraverser.java,742.0,23.0,105.0,18.0,126.0,62.0,1,0.0028653295128939827,1708.9548387096775,254097.54237288135,1,false
src/org/apache/xerces/impl/xs/traversers/XSDElementTraverser.java,292.0,18.0,13.0,6.0,61.0,22.0,2,0.0057306590257879654,1708.9548387096775,254100.18456897212,2,false
src/org/apache/xerces/impl/xs/traversers/XSDHandler.java,1573.0,46.0,571.0,42.0,290.0,150.0,3,0.008595988538681949,1841.2976958525346,256521.505446249,3,true
src/org/apache/xerces/jaxp/DocumentBuilderFactoryImpl.java,78.0,6.0,4.0,5.0,9.0,19.0,1,0.0028653295128939827,1708.9548387096775,254097.54237288135,1,false
src/org/apache/xerces/jaxp/datatype/DatatypeFactoryImpl.java,228.0,7.0,28.0,8.0,0.0,30.0,2,0.0057306590257879654,1841.2976958525346,256518.86325015823,2,false
src/org/apache/xerces/jaxp/datatype/DurationImpl.java,1296.0,12.0,708.0,48.0,143.0,202.0,2,0.0057306590257879654,1841.2976958525346,256518.86325015823,2,false
src/org/apache/xerces/jaxp/datatype/XMLGregorianCalendarImpl.java,2093.0,13.0,993.0,67.0,198.0,263.0,2,0.0057306590257879654,1841.2976958525346,256518.86325015823,2,false
src/org/apache/xerces/parsers/AbstractDOMParser.java,1872.0,50.0,62.0,45.0,331.0,236.0,2,0.0057306590257879654,1841.2976958525346,256518.86325015823,2,false
src/org/apache/xerces/parsers/AbstractSAXParser.java,1481.0,47.0,1098.0,56.0,154.0,248.0,1,0.0028653295128939827,1708.9548387096775,254097.54237288135,1,false
src/org/apache/xerces/parsers/DOMParser.java,365.0,24.0,85.0,14.0,58.0,57.0,1,0.0028653295128939827,1708.9548387096775,254097.54237288135,1,true
src/org/apache/xerces/parsers/DOMParserImpl.java,652.0,34.0,164.0,20.0,66.0,83.0,2,0.0057306590257879654,1841.2976958525346,256518.86325015823,2,false
src/org/apache/xerces/parsers/ObjectFactory.java,348.0,7.0,9.0,7.0,38.0,39.0,1,0.0028653295128939827,1708.9548387096775,254097.54237288135,1,false
src/org/apache/xerces/parsers/SAXParser.java,64.0,4.0,6.0,4.0,5.0,7.0,1,0.0028653295128939827,1708.9548387096775,254097.54237288135,1,false
src/org/apache/xerces/parsers/SecurityConfiguration.java,61.0,5.0,6.0,4.0,1.0,7.0,1,0.0028653295128939827,1708.9548387096775,254097.54237288135,1,false
src/org/apache/xerces/parsers/StandardParserConfiguration.java,211.0,7.0,15.0,7.0,16.0,21.0,0,0.0,0.0,0.0,0,false
src/org/apache/xerces/parsers/XIncludeAwareParserConfiguration.java,210.0,11.0,12.0,8.0,26.0,22.0,1,0.0028653295128939827,1708.9548387096775,254097.54237288135,1,false
src/org/apache/xerces/parsers/XIncludeParserConfiguration.java,137.0,9.0,13.0,7.0,20.0,16.0,0,0.0,0.0,0.0,0,false
src/org/apache/xerces/parsers/XML11Configuration.java,1087.0,44.0,486.0,36.0,103.0,110.0,1,0.0028653295128939827,1708.9548387096775,254097.54237288135,1,false
src/org/apache/xerces/parsers/XMLDocumentParser.java,39.0,4.0,6.0,4.0,5.0,7.0,1,0.0028653295128939827,1708.9548387096775,254097.54237288135,1,false
src/org/apache/xerces/parsers/XMLGrammarCachingConfiguration.java,185.0,18.0,72.0,13.0,23.0,38.0,1,0.0028653295128939827,1708.9548387096775,254097.54237288135,1,false
src/org/apache/xerces/parsers/XMLGrammarParser.java,17.0,4.0,0.0,1.0,2.0,2.0,1,0.0028653295128939827,1708.9548387096775,254097.54237288135,1,false
src/org/apache/xerces/util/DOMErrorHandlerWrapper.java,311.0,12.0,2.0,9.0,36.0,20.0,1,0.0028653295128939827,1708.9548387096775,254097.54237288135,1,false
src/org/apache/xerces/util/DatatypeMessageFormatter.java,60.0,4.0,0.0,1.0,5.0,7.0,2,0.0057306590257879654,1841.2976958525346,256518.86325015823,2,false
src/org/apache/xerces/util/EntityResolver2Wrapper.java,117.0,12.0,9.0,7.0,21.0,20.0,1,0.0028653295128939827,1708.9548387096775,254097.54237288135,1,false
src/org/apache/xerces/util/SymbolTable.java,305.0,0.0,15.0,10.0,12.0,33.0,1,0.0028653295128939827,1708.9548387096775,254097.54237288135,1,false
src/org/apache/xerces/util/XMLCatalogResolver.java,427.0,17.0,183.0,22.0,50.0,84.0,1,0.0028653295128939827,1708.9548387096775,254097.54237288135,1,false
src/org/apache/xerces/xinclude/MultipleScopeNamespaceSupport.java,129.0,4.0,0.0,13.0,10.0,31.0,0,0.0,0.0,0.0,0,false
src/org/apache/xerces/xinclude/ObjectFactory.java,348.0,7.0,9.0,7.0,38.0,39.0,1,0.0028653295128939827,1708.9548387096775,254097.54237288135,1,false
src/org/apache/xerces/xinclude/XInclude11TextReader.java,28.0,3.0,1.0,2.0,1.0,5.0,0,0.0,0.0,0.0,0,false
src/org/apache/xerces/xinclude/XIncludeHandler.java,1880.0,44.0,4316.0,108.0,364.0,352.0,1,0.0028653295128939827,1708.9548387096775,254097.54237288135,1,false
src/org/apache/xerces/xinclude/XIncludeMessageFormatter.java,46.0,5.0,0.0,1.0,3.0,6.0,0,0.0,0.0,0.0,0,false
src/org/apache/xerces/xinclude/XIncludeNamespaceSupport.java,62.0,1.0,4.0,5.0,2.0,11.0,0,0.0,0.0,0.0,0,false
src/org/apache/xerces/xinclude/XIncludeTextReader.java,331.0,22.0,33.0,11.0,53.0,46.0,1,0.0028653295128939827,1708.9548387096775,254097.54237288135,1,false
src/org/apache/xerces/xni/grammars/XMLSchemaDescription.java,97.0,2.0,15.0,6.0,0.0,13.0,0,0.0,0.0,0.0,0,false
src/org/apache/xerces/xs/XSLoader.java,63.0,2.0,10.0,5.0,0.0,14.0,1,0.0028653295128939827,1708.9548387096775,254097.54237288135,1,false
src/org/apache/xerces/xs/datatypes/ByteList.java,34.0,1.0,3.0,3.0,0.0,8.0,1,0.0028653295128939827,1708.9548387096775,254097.54237288135,1,false
src/org/apache/xerces/xs/datatypes/ObjectList.java,35.0,0.0,3.0,3.0,0.0,7.0,1,0.0028653295128939827,1708.9548387096775,254097.54237288135,1,false
src/org/apache/xerces/xs/datatypes/XSDateTime.java,248.0,2.0,91.0,14.0,0.0,38.0,2,0.0057306590257879654,1841.2976958525346,256518.86325015823,2,false
src/org/apache/xerces/xs/datatypes/XSDecimal.java,38.0,2.0,15.0,6.0,0.0,22.0,1,0.0028653295128939827,1708.9548387096775,254097.54237288135,1,false
src/org/apache/xerces/xs/datatypes/XSDouble.java,13.0,0.0,0.0,1.0,0.0,2.0,1,0.0028653295128939827,1708.9548387096775,254097.54237288135,1,false
src/org/apache/xerces/xs/datatypes/XSFloat.java,13.0,0.0,0.0,1.0,0.0,2.0,1,0.0028653295128939827,1708.9548387096775,254097.54237288135,1,false
src/org/apache/xerces/xs/datatypes/XSQName.java,14.0,0.0,1.0,2.0,0.0,4.0,1,0.0028653295128939827,132.34285714285713,2421.320877276889,1,false
src/org/apache/xml/serialize/BaseMarkupSerializer.java,1256.0,30.0,1041.0,62.0,201.0,246.0,1,0.0028653295128939827,1708.9548387096775,254097.54237288135,1,true
src/org/apache/xml/serialize/DOMSerializerImpl.java,856.0,41.0,41.0,18.0,135.0,84.0,1,0.0028653295128939827,1708.9548387096775,254097.54237288135,1,false
src/org/apache/xml/serialize/ObjectFactory.java,348.0,7.0,9.0,7.0,38.0,39.0,1,0.0028653295128939827,1708.9548387096775,254097.54237288135,1,false
src/org/apache/xml/serialize/XML11Serializer.java,358.0,11.0,66.0,12.0,61.0,52.0,1,0.0028653295128939827,1708.9548387096775,254097.54237288135,1,false
src/org/apache/xml/serialize/XMLSerializer.java,938.0,20.0,211.0,23.0,177.0,108.0,1,0.0028653295128939827,1708.9548387096775,254097.54237288135,1,true
tests/dom/DTest.java,1101.0,21.0,400.0,29.0,257.0,106.0,1,0.0028653295128939827,1708.9548387096775,254097.54237288135,1,false
tests/dom/dom3/Test.java,372.0,25.0,1.0,3.0,71.0,14.0,1,0.0028653295128939827,1708.9548387096775,254097.54237288135,1,false
tests/dom/events/EventReporter.java,34.0,4.0,0.0,3.0,17.0,6.0,1,0.0028653295128939827,1708.9548387096775,254097.54237288135,1,false
tests/dom/events/Test.java,77.0,7.0,13.0,6.0,33.0,13.0,1,0.0028653295128939827,1708.9548387096775,254097.54237288135,1,false
tests/dom/ids/Test.java,214.0,8.0,1.0,3.0,36.0,10.0,1,0.0028653295128939827,1708.9548387096775,254097.54237288135,1,false
tests/dom/mem/Test.java,723.0,23.0,1.0,2.0,78.0,9.0,1,0.0028653295128939827,1708.9548387096775,254097.54237288135,1,false
tests/dom/range/Test.java,522.0,12.0,22.0,8.0,61.0,35.0,1,0.0028653295128939827,1708.9548387096775,254097.54237288135,1,false
tests/dom/range/TestCompare.java,145.0,6.0,36.0,9.0,15.0,20.0,1,0.0028653295128939827,1708.9548387096775,254097.54237288135,1,false
tests/dom/rename/Test.java,282.0,10.0,2.0,5.0,32.0,14.0,1,0.0028653295128939827,1708.9548387096775,254097.54237288135,1,false
tests/dom/serialize/TestNS.java,237.0,15.0,1.0,2.0,38.0,9.0,1,0.0028653295128939827,1708.9548387096775,254097.54237288135,1,true
tests/dom/serialize/TestSerializeDOMIn.java,58.0,7.0,3.0,3.0,13.0,8.0,1,0.0028653295128939827,1708.9548387096775,254097.54237288135,1,false
tests/dom/serialize/TestSerializeDOMOut.java,62.0,6.0,3.0,3.0,15.0,8.0,1,0.0028653295128939827,1708.9548387096775,254097.54237288135,1,false
tests/dom/serialize/TestXmlns.java,64.0,19.0,1.0,2.0,24.0,6.0,1,0.0028653295128939827,1708.9548387096775,254097.54237288135,1,false
tests/dom/treewalker/TestFirstChild.java,121.0,13.0,6.0,4.0,27.0,18.0,1,0.0028653295128939827,1708.9548387096775,254097.54237288135,1,false
tests/io/UTF8.java,370.0,5.0,15.0,6.0,22.0,24.0,1,0.0028653295128939827,1708.9548387096775,254097.54237288135,1,false
tests/jaxp/JAXP12Tests.java,181.0,9.0,5.0,10.0,56.0,27.0,1,0.0028653295128939827,1708.9548387096775,254097.54237288135,1,false
tests/jaxp/JAXPSpecTest.java,149.0,10.0,45.0,10.0,45.0,26.0,1,0.0028653295128939827,1708.9548387096775,254097.54237288135,1,false
tests/thread/Test.java,429.0,17.0,0.0,4.0,26.0,21.0,1,0.0028653295128939827,1708.9548387096775,254097.54237288135,1,false
tools/src/ExperimentalTaglet.java,62.0,3.0,53.0,11.0,6.0,24.0,1,0.0028653295128939827,1708.9548387096775,254097.54237288135,1,false
tools/src/InternalTaglet.java,62.0,3.0,53.0,11.0,6.0,24.0,1,0.0028653295128939827,1708.9548387096775,254097.54237288135,1,false
tools/src/XJavac.java,84.0,8.0,1.0,2.0,17.0,9.0,1,0.0028653295128939827,1708.9548387096775,254097.54237288135,1,false
