name,LOC,CBO,LCOM,NOM,RFC,WMC,numOfChanges,bccm,structuralWorkloadSum,semanticWorkloadSum,numberOfDeveloper,isBuggy
samples/jaxp/DatatypeAPIUsage.java,61.0,5.0,0.0,1.0,20.0,6.0,0,0.0,0.0,0.0,0,false
samples/jaxp/InlineSchemaValidator.java,544.0,27.0,123.0,18.0,72.0,59.0,0,0.0,0.0,0.0,0,false
samples/jaxp/ParserAPIUsage.java,185.0,12.0,19.0,7.0,38.0,17.0,1,0.013157894736842105,229.6551724137931,4623.497156514828,1,false
samples/jaxp/SourceValidator.java,437.0,21.0,34.0,9.0,51.0,26.0,1,0.013157894736842105,229.6551724137931,4623.497156514828,1,false
samples/jaxp/TypeInfoWriter.java,493.0,25.0,76.0,17.0,76.0,44.0,0,0.0,0.0,0.0,0,false
samples/simpletype/DatatypeInterfaceUsage.java,89.0,17.0,4.0,4.0,17.0,11.0,0,0.0,0.0,0.0,0,false
samples/simpletype/SimpleTypeUsage.java,218.0,10.0,51.0,11.0,35.0,29.0,0,0.0,0.0,0.0,0,false
samples/xni/Counter.java,495.0,14.0,61.0,14.0,50.0,36.0,1,0.013157894736842105,229.6551724137931,4623.497156514828,1,false
samples/xni/DocumentTracer.java,1344.0,21.0,0.0,61.0,336.0,185.0,1,0.013157894736842105,229.6551724137931,4623.497156514828,1,false
samples/xni/Writer.java,491.0,18.0,135.0,23.0,65.0,61.0,1,0.013157894736842105,229.6551724137931,4623.497156514828,1,false
samples/xni/parser/PSVIConfiguration.java,75.0,5.0,13.0,6.0,4.0,12.0,1,0.013157894736842105,229.6551724137931,4623.497156514828,1,false
src/org/apache/xerces/dom/CoreDOMImplementationImpl.java,305.0,15.0,85.0,14.0,34.0,54.0,0,0.0,0.0,0.0,0,false
src/org/apache/xerces/dom/CoreDocumentImpl.java,1984.0,30.0,7138.0,125.0,226.0,408.0,2,0.02631578947368421,270.7218390804598,5067.244418294358,2,false
src/org/apache/xerces/dom/DOMConfigurationImpl.java,682.0,33.0,281.0,26.0,46.0,78.0,2,0.02631578947368421,270.7218390804598,5067.244418294358,2,false
src/org/apache/xerces/dom/DOMNormalizer.java,1307.0,48.0,452.0,32.0,214.0,135.0,1,0.013157894736842105,229.6551724137931,4623.497156514828,1,false
src/org/apache/xerces/dom/ElementNSImpl.java,309.0,8.0,58.0,16.0,46.0,53.0,0,0.0,0.0,0.0,0,false
src/org/apache/xerces/impl/Constants.java,532.0,2.0,1.0,7.0,3.0,14.0,1,0.013157894736842105,41.06666666666667,443.74726177953016,1,false
src/org/apache/xerces/impl/dtd/XMLDTDValidator.java,1408.0,31.0,574.0,49.0,148.0,195.0,0,0.0,0.0,0.0,0,false
src/org/apache/xerces/impl/dv/xs/SchemaDVFactoryImpl.java,282.0,8.0,3.0,7.0,11.0,18.0,1,0.013157894736842105,229.6551724137931,4623.497156514828,1,false
src/org/apache/xerces/impl/dv/xs/XSSimpleTypeDecl.java,2137.0,29.0,4568.0,112.0,152.0,361.0,1,0.013157894736842105,229.6551724137931,4623.497156514828,1,false
src/org/apache/xerces/impl/xs/ElementPSVImpl.java,213.0,10.0,104.0,17.0,1.0,41.0,0,0.0,0.0,0.0,0,false
src/org/apache/xerces/impl/xs/XMLSchemaLoader.java,892.0,52.0,572.0,40.0,146.0,141.0,1,0.013157894736842105,229.6551724137931,4623.497156514828,1,true
src/org/apache/xerces/impl/xs/XMLSchemaValidator.java,2813.0,58.0,1070.0,61.0,259.0,233.0,1,0.013157894736842105,229.6551724137931,4623.497156514828,1,true
src/org/apache/xerces/impl/xs/XSComplexTypeDecl.java,428.0,7.0,689.0,43.0,45.0,116.0,1,0.013157894736842105,229.6551724137931,4623.497156514828,1,false
src/org/apache/xerces/impl/xs/XSModelImpl.java,325.0,20.0,32.0,16.0,32.0,53.0,0,0.0,0.0,0.0,0,false
src/org/apache/xerces/impl/xs/identity/Field.java,144.0,8.0,0.0,5.0,1.0,9.0,0,0.0,0.0,0.0,0,false
src/org/apache/xerces/impl/xs/identity/Selector.java,163.0,7.0,0.0,5.0,1.0,11.0,0,0.0,0.0,0.0,0,false
src/org/apache/xerces/impl/xs/identity/ValueStore.java,34.0,1.0,1.0,2.0,0.0,4.0,0,0.0,0.0,0.0,0,false
src/org/apache/xerces/impl/xs/identity/XPathMatcher.java,337.0,9.0,6.0,9.0,30.0,35.0,0,0.0,0.0,0.0,0,false
src/org/apache/xerces/impl/xs/opti/SchemaDOMParser.java,397.0,18.0,33.0,23.0,62.0,72.0,0,0.0,0.0,0.0,0,false
src/org/apache/xerces/impl/xs/traversers/SchemaContentHandler.java,271.0,18.0,67.0,19.0,73.0,53.0,0,0.0,0.0,0.0,0,false
src/org/apache/xerces/impl/xs/traversers/XSDAttributeTraverser.java,245.0,16.0,15.0,6.0,56.0,20.0,1,0.013157894736842105,0.0,0.0,1,false
src/org/apache/xerces/impl/xs/traversers/XSDElementTraverser.java,294.0,18.0,13.0,6.0,62.0,22.0,0,0.0,0.0,0.0,0,false
src/org/apache/xerces/impl/xs/traversers/XSDHandler.java,1761.0,55.0,567.0,43.0,306.0,153.0,1,0.013157894736842105,229.6551724137931,4623.497156514828,1,true
src/org/apache/xerces/impl/xs/traversers/XSDSimpleTypeTraverser.java,336.0,17.0,37.0,10.0,62.0,37.0,0,0.0,0.0,0.0,0,false
src/org/apache/xerces/impl/xs/traversers/XSDocumentInfo.java,94.0,9.0,44.0,12.0,16.0,23.0,1,0.013157894736842105,229.6551724137931,4623.497156514828,1,false
src/org/apache/xerces/impl/xs/util/ShortListImpl.java,59.0,2.0,0.0,5.0,2.0,15.0,0,0.0,0.0,0.0,0,false
src/org/apache/xerces/jaxp/DocumentBuilderFactoryImpl.java,131.0,12.0,12.0,9.0,19.0,30.0,1,0.013157894736842105,229.6551724137931,4623.497156514828,1,false
src/org/apache/xerces/jaxp/DocumentBuilderImpl.java,230.0,26.0,4.0,16.0,56.0,49.0,1,0.013157894736842105,229.6551724137931,4623.497156514828,1,false
src/org/apache/xerces/jaxp/JAXPValidatorComponent.java,434.0,37.0,217.0,23.0,56.0,57.0,1,0.013157894736842105,229.6551724137931,4623.497156514828,1,false
src/org/apache/xerces/jaxp/SAXParserFactoryImpl.java,104.0,9.0,14.0,8.0,10.0,25.0,1,0.013157894736842105,229.6551724137931,4623.497156514828,1,false
src/org/apache/xerces/jaxp/SAXParserImpl.java,409.0,31.0,0.0,15.0,41.0,44.0,1,0.013157894736842105,229.6551724137931,4623.497156514828,1,false
src/org/apache/xerces/jaxp/SchemaValidatorConfiguration.java,94.0,7.0,0.0,3.0,8.0,14.0,1,0.013157894736842105,229.6551724137931,4623.497156514828,1,false
src/org/apache/xerces/jaxp/TeeXMLDocumentFilterImpl.java,102.0,11.0,0.0,22.0,16.0,42.0,1,0.013157894736842105,229.6551724137931,4623.497156514828,1,false
src/org/apache/xerces/jaxp/datatype/DatatypeFactoryImpl.java,228.0,7.0,28.0,8.0,0.0,30.0,0,0.0,0.0,0.0,0,false
src/org/apache/xerces/jaxp/datatype/DurationImpl.java,1296.0,12.0,708.0,48.0,143.0,202.0,1,0.013157894736842105,229.6551724137931,4623.497156514828,1,false
src/org/apache/xerces/jaxp/datatype/XMLGregorianCalendarImpl.java,2093.0,13.0,993.0,67.0,198.0,263.0,1,0.013157894736842105,229.6551724137931,4623.497156514828,1,false
src/org/apache/xerces/jaxp/validation/AbstractXMLSchema.java,13.0,3.0,1.0,2.0,0.0,4.0,1,0.013157894736842105,229.6551724137931,4623.497156514828,1,true
src/org/apache/xerces/jaxp/validation/DOMDocumentHandler.java,42.0,8.0,21.0,7.0,0.0,13.0,0,0.0,0.0,0.0,0,false
src/org/apache/xerces/jaxp/validation/DOMResultAugmentor.java,160.0,31.0,325.0,27.0,36.0,61.0,0,0.0,0.0,0.0,0,false
src/org/apache/xerces/jaxp/validation/DOMResultBuilder.java,231.0,38.0,285.0,27.0,76.0,68.0,0,0.0,0.0,0.0,0,false
src/org/apache/xerces/jaxp/validation/DOMValidatorHelper.java,457.0,35.0,26.0,13.0,79.0,45.0,1,0.013157894736842105,229.6551724137931,4623.497156514828,1,false
src/org/apache/xerces/jaxp/validation/DraconianErrorHandler.java,36.0,3.0,10.0,5.0,0.0,9.0,0,0.0,0.0,0.0,0,false
src/org/apache/xerces/jaxp/validation/EmptyXMLSchema.java,41.0,3.0,45.0,10.0,0.0,15.0,0,0.0,0.0,0.0,0,true
src/org/apache/xerces/jaxp/validation/JAXPValidationMessageFormatter.java,59.0,4.0,0.0,1.0,5.0,7.0,0,0.0,0.0,0.0,0,false
src/org/apache/xerces/jaxp/validation/ReadOnlyGrammarPool.java,26.0,3.0,15.0,7.0,2.0,9.0,0,0.0,0.0,0.0,0,false
src/org/apache/xerces/jaxp/validation/SimpleXMLSchema.java,40.0,3.0,32.0,9.0,4.0,13.0,0,0.0,0.0,0.0,0,false
src/org/apache/xerces/jaxp/validation/SoftReferenceGrammarPool.java,301.0,7.0,22.0,16.0,32.0,53.0,0,0.0,0.0,0.0,0,false
src/org/apache/xerces/jaxp/validation/StreamValidatorHelper.java,93.0,13.0,0.0,3.0,26.0,10.0,1,0.013157894736842105,229.6551724137931,4623.497156514828,1,false
src/org/apache/xerces/jaxp/validation/Util.java,28.0,6.0,3.0,3.0,13.0,9.0,0,0.0,0.0,0.0,0,false
src/org/apache/xerces/jaxp/validation/ValidatorHandlerImpl.java,776.0,60.0,985.0,54.0,138.0,157.0,1,0.013157894736842105,229.6551724137931,4623.497156514828,1,false
src/org/apache/xerces/jaxp/validation/ValidatorHelper.java,9.0,4.0,0.0,1.0,0.0,2.0,0,0.0,0.0,0.0,0,false
src/org/apache/xerces/jaxp/validation/ValidatorImpl.java,164.0,18.0,0.0,14.0,37.0,43.0,1,0.013157894736842105,229.6551724137931,4623.497156514828,1,false
src/org/apache/xerces/jaxp/validation/WeakReferenceXMLSchema.java,28.0,2.0,3.0,3.0,1.0,6.0,0,0.0,0.0,0.0,0,false
src/org/apache/xerces/jaxp/validation/XMLSchema.java,35.0,1.0,1.0,3.0,0.0,6.0,0,0.0,0.0,0.0,0,false
src/org/apache/xerces/jaxp/validation/XMLSchemaFactory.java,300.0,34.0,4.0,12.0,58.0,51.0,1,0.013157894736842105,229.6551724137931,4623.497156514828,1,true
src/org/apache/xerces/jaxp/validation/XMLSchemaValidatorComponentManager.java,308.0,21.0,17.0,14.0,37.0,41.0,0,0.0,0.0,0.0,0,true
src/org/apache/xerces/jaxp/validation/XSGrammarPoolContainer.java,21.0,1.0,1.0,2.0,0.0,5.0,0,0.0,0.0,0.0,0,true
src/org/apache/xerces/parsers/AbstractDOMParser.java,1872.0,51.0,62.0,45.0,332.0,236.0,0,0.0,0.0,0.0,0,false
src/org/apache/xerces/parsers/DOMParser.java,371.0,25.0,99.0,15.0,66.0,63.0,1,0.013157894736842105,229.6551724137931,4623.497156514828,1,true
src/org/apache/xerces/parsers/DOMParserImpl.java,848.0,46.0,184.0,21.0,82.0,84.0,2,0.02631578947368421,270.7218390804598,5067.244418294358,2,false
src/org/apache/xerces/parsers/XML11Configuration.java,1092.0,44.0,486.0,36.0,103.0,110.0,1,0.013157894736842105,229.6551724137931,4623.497156514828,1,false
src/org/apache/xerces/parsers/XPointerParserConfiguration.java,150.0,10.0,15.0,7.0,19.0,15.0,1,0.013157894736842105,41.06666666666667,443.74726177953016,1,false
src/org/apache/xerces/util/AttributesProxy.java,104.0,4.0,0.0,22.0,34.0,54.0,1,0.013157894736842105,229.6551724137931,4623.497156514828,1,false
src/org/apache/xerces/util/DOMInputSource.java,38.0,2.0,3.0,6.0,2.0,10.0,0,0.0,0.0,0.0,0,false
src/org/apache/xerces/util/DOMUtil.java,569.0,10.0,1081.0,47.0,164.0,187.0,0,0.0,0.0,0.0,0,false
src/org/apache/xerces/util/EncodingMap.java,938.0,1.0,9.0,7.0,6.0,19.0,0,0.0,0.0,0.0,0,false
src/org/apache/xerces/util/ErrorHandlerProxy.java,42.0,4.0,6.0,4.0,9.0,13.0,1,0.013157894736842105,229.6551724137931,4623.497156514828,1,false
src/org/apache/xerces/util/HTTPInputSource.java,133.0,7.0,28.0,9.0,5.0,21.0,0,0.0,0.0,0.0,0,false
src/org/apache/xerces/util/LocatorProxy.java,48.0,3.0,0.0,7.0,6.0,15.0,1,0.013157894736842105,229.6551724137931,4623.497156514828,1,false
src/org/apache/xerces/util/SAXInputSource.java,114.0,5.0,4.0,12.0,23.0,22.0,0,0.0,0.0,0.0,0,false
src/org/apache/xerces/util/SAXLocatorWrapper.java,66.0,3.0,30.0,12.0,7.0,29.0,0,0.0,0.0,0.0,0,false
src/org/apache/xerces/util/XMLErrorCode.java,50.0,0.0,0.0,4.0,2.0,9.0,0,0.0,0.0,0.0,0,false
src/org/apache/xerces/xinclude/XIncludeHandler.java,1960.0,46.0,4571.0,111.0,369.0,359.0,2,0.02631578947368421,270.7218390804598,5067.244418294358,2,false
src/org/apache/xerces/xpointer/ElementSchemePointer.java,555.0,9.0,80.0,17.0,22.0,53.0,1,0.013157894736842105,41.06666666666667,443.74726177953016,1,false
src/org/apache/xerces/xpointer/ShortHandPointer.java,169.0,9.0,67.0,14.0,15.0,38.0,1,0.013157894736842105,41.06666666666667,443.74726177953016,1,false
src/org/apache/xerces/xpointer/XPointerErrorHandler.java,67.0,4.0,13.0,6.0,12.0,11.0,1,0.013157894736842105,41.06666666666667,443.74726177953016,1,false
src/org/apache/xerces/xpointer/XPointerHandler.java,814.0,16.0,204.0,24.0,44.0,96.0,1,0.013157894736842105,41.06666666666667,443.74726177953016,1,false
src/org/apache/xerces/xpointer/XPointerMessageFormatter.java,46.0,5.0,0.0,1.0,3.0,6.0,1,0.013157894736842105,41.06666666666667,443.74726177953016,1,false
src/org/apache/xerces/xpointer/XPointerPart.java,73.0,4.0,28.0,8.0,0.0,23.0,1,0.013157894736842105,41.06666666666667,443.74726177953016,1,false
src/org/apache/xerces/xpointer/XPointerProcessor.java,55.0,4.0,6.0,4.0,0.0,19.0,1,0.013157894736842105,41.06666666666667,443.74726177953016,1,false
src/org/apache/xerces/xs/XSConstants.java,297.0,0.0,0.0,0.0,0.0,0.0,1,0.013157894736842105,229.6551724137931,4623.497156514828,1,false
src/org/apache/xerces/xs/datatypes/ByteList.java,32.0,1.0,3.0,3.0,0.0,8.0,0,0.0,0.0,0.0,0,false
src/org/apache/xerces/xs/datatypes/ObjectList.java,33.0,0.0,3.0,3.0,0.0,7.0,0,0.0,0.0,0.0,0,false
src/org/apache/xerces/xs/datatypes/XSDateTime.java,246.0,2.0,91.0,14.0,0.0,38.0,0,0.0,0.0,0.0,0,false
src/org/apache/xerces/xs/datatypes/XSDecimal.java,36.0,2.0,15.0,6.0,0.0,22.0,0,0.0,0.0,0.0,0,false
src/org/apache/xerces/xs/datatypes/XSDouble.java,11.0,0.0,0.0,1.0,0.0,2.0,0,0.0,0.0,0.0,0,false
src/org/apache/xerces/xs/datatypes/XSFloat.java,11.0,0.0,0.0,1.0,0.0,2.0,0,0.0,0.0,0.0,0,false
src/org/apache/xml/serialize/DOMSerializerImpl.java,859.0,41.0,41.0,18.0,135.0,84.0,1,0.013157894736842105,41.06666666666667,443.74726177953016,1,false
src/org/apache/xml/serialize/EncodingInfo.java,169.0,5.0,3.0,6.0,5.0,19.0,0,0.0,0.0,0.0,0,false
tests/dom/dom3/Test.java,374.0,25.0,1.0,3.0,71.0,14.0,1,0.013157894736842105,41.06666666666667,443.74726177953016,1,false
