name,LOC,CBO,LCOM,NOM,RFC,WMC,numOfChanges,bccm,structuralWorkloadSum,semanticWorkloadSum,numberOfDeveloper,isBuggy
samples/dom/Counter.java,484.0,7.0,4.0,5.0,33.0,17.0,1,0.006172839506172839,650.5569620253165,22598.363505067497,1,false
samples/dom/GetElementsByTagName.java,429.0,8.0,8.0,5.0,35.0,20.0,1,0.006172839506172839,650.5569620253165,22598.363505067497,1,false
samples/dom/Writer.java,681.0,12.0,42.0,12.0,53.0,38.0,1,0.006172839506172839,650.5569620253165,22598.363505067497,1,false
samples/jaxp/InlineSchemaValidator.java,560.0,27.0,123.0,18.0,72.0,59.0,1,0.006172839506172839,650.5569620253165,22598.363505067497,1,false
samples/jaxp/SourceValidator.java,454.0,21.0,34.0,9.0,51.0,26.0,1,0.006172839506172839,650.5569620253165,22598.363505067497,1,false
samples/jaxp/TypeInfoWriter.java,510.0,25.0,76.0,17.0,76.0,44.0,1,0.006172839506172839,650.5569620253165,22598.363505067497,1,false
samples/sax/Counter.java,636.0,12.0,56.0,13.0,44.0,34.0,1,0.006172839506172839,650.5569620253165,22598.363505067497,1,false
samples/sax/DocumentTracer.java,970.0,24.0,0.0,39.0,170.0,89.0,1,0.006172839506172839,650.5569620253165,22598.363505067497,1,false
samples/sax/Writer.java,807.0,19.0,262.0,29.0,73.0,80.0,1,0.006172839506172839,650.5569620253165,22598.363505067497,1,false
src/org/apache/html/dom/HTMLAnchorElementImpl.java,97.0,1.0,351.0,27.0,31.0,43.0,1,0.006172839506172839,650.5569620253165,22598.363505067497,1,false
src/org/apache/html/dom/HTMLAppletElementImpl.java,83.0,1.0,253.0,23.0,22.0,34.0,1,0.006172839506172839,650.5569620253165,22598.363505067497,1,false
src/org/apache/html/dom/HTMLAreaElementImpl.java,69.0,1.0,136.0,17.0,23.0,29.0,1,0.006172839506172839,650.5569620253165,22598.363505067497,1,false
src/org/apache/html/dom/HTMLBRElementImpl.java,23.0,1.0,3.0,3.0,3.0,4.0,1,0.006172839506172839,650.5569620253165,22598.363505067497,1,false
src/org/apache/html/dom/HTMLBaseElementImpl.java,29.0,1.0,10.0,5.0,4.0,7.0,1,0.006172839506172839,650.5569620253165,22598.363505067497,1,false
src/org/apache/html/dom/HTMLBaseFontElementImpl.java,35.0,1.0,21.0,7.0,8.0,10.0,1,0.006172839506172839,650.5569620253165,22598.363505067497,1,false
src/org/apache/html/dom/HTMLBodyElementImpl.java,53.0,1.0,78.0,13.0,12.0,19.0,1,0.006172839506172839,650.5569620253165,22598.363505067497,1,false
src/org/apache/html/dom/HTMLButtonElementImpl.java,59.0,1.0,66.0,12.0,18.0,23.0,1,0.006172839506172839,650.5569620253165,22598.363505067497,1,false
src/org/apache/html/dom/HTMLDListElementImpl.java,23.0,1.0,3.0,3.0,2.0,4.0,1,0.006172839506172839,650.5569620253165,22598.363505067497,1,false
src/org/apache/html/dom/HTMLDirectoryElementImpl.java,23.0,1.0,3.0,3.0,2.0,4.0,1,0.006172839506172839,650.5569620253165,22598.363505067497,1,false
src/org/apache/html/dom/HTMLDivElementImpl.java,23.0,1.0,3.0,3.0,3.0,4.0,1,0.006172839506172839,650.5569620253165,22598.363505067497,1,false
src/org/apache/html/dom/HTMLDocumentImpl.java,439.0,19.0,510.0,33.0,68.0,108.0,1,0.006172839506172839,650.5569620253165,22598.363505067497,1,false
src/org/apache/html/dom/HTMLElementImpl.java,167.0,7.0,253.0,23.0,34.0,60.0,1,0.006172839506172839,650.5569620253165,22598.363505067497,1,false
src/org/apache/html/dom/HTMLFieldSetElementImpl.java,17.0,1.0,0.0,1.0,0.0,1.0,1,0.006172839506172839,650.5569620253165,22598.363505067497,1,false
src/org/apache/html/dom/HTMLFontElementImpl.java,31.0,1.0,21.0,7.0,8.0,10.0,1,0.006172839506172839,650.5569620253165,22598.363505067497,1,false
src/org/apache/html/dom/HTMLFormElementImpl.java,80.0,4.0,169.0,19.0,16.0,31.0,1,0.006172839506172839,650.5569620253165,22598.363505067497,1,false
src/org/apache/html/dom/HTMLFrameElementImpl.java,65.0,1.0,136.0,17.0,17.0,25.0,1,0.006172839506172839,650.5569620253165,22598.363505067497,1,false
src/org/apache/html/dom/HTMLFrameSetElementImpl.java,29.0,1.0,10.0,5.0,4.0,7.0,1,0.006172839506172839,650.5569620253165,22598.363505067497,1,false
src/org/apache/html/dom/HTMLHRElementImpl.java,41.0,1.0,36.0,9.0,9.0,13.0,1,0.006172839506172839,650.5569620253165,22598.363505067497,1,false
src/org/apache/html/dom/HTMLHeadElementImpl.java,23.0,1.0,3.0,3.0,2.0,4.0,1,0.006172839506172839,650.5569620253165,22598.363505067497,1,false
src/org/apache/html/dom/HTMLHeadingElementImpl.java,23.0,1.0,3.0,3.0,2.0,4.0,1,0.006172839506172839,650.5569620253165,22598.363505067497,1,false
src/org/apache/html/dom/HTMLHtmlElementImpl.java,23.0,1.0,3.0,3.0,3.0,4.0,1,0.006172839506172839,650.5569620253165,22598.363505067497,1,false
src/org/apache/html/dom/HTMLIFrameElementImpl.java,77.0,1.0,210.0,21.0,22.0,31.0,1,0.006172839506172839,650.5569620253165,22598.363505067497,1,false
src/org/apache/html/dom/HTMLImageElementImpl.java,95.0,1.0,351.0,27.0,27.0,40.0,1,0.006172839506172839,650.5569620253165,22598.363505067497,1,false
src/org/apache/html/dom/HTMLInputElementImpl.java,133.0,1.0,703.0,38.0,42.0,60.0,1,0.006172839506172839,650.5569620253165,22598.363505067497,1,false
src/org/apache/html/dom/HTMLIsIndexElementImpl.java,23.0,1.0,3.0,3.0,2.0,4.0,1,0.006172839506172839,650.5569620253165,22598.363505067497,1,false
src/org/apache/html/dom/HTMLLIElementImpl.java,29.0,1.0,10.0,5.0,6.0,7.0,1,0.006172839506172839,650.5569620253165,22598.363505067497,1,false
src/org/apache/html/dom/HTMLLabelElementImpl.java,33.0,1.0,10.0,5.0,8.0,13.0,1,0.006172839506172839,650.5569620253165,22598.363505067497,1,false
src/org/apache/html/dom/HTMLLegendElementImpl.java,33.0,1.0,10.0,5.0,8.0,11.0,1,0.006172839506172839,650.5569620253165,22598.363505067497,1,false
src/org/apache/html/dom/HTMLLinkElementImpl.java,71.0,1.0,171.0,19.0,18.0,28.0,1,0.006172839506172839,650.5569620253165,22598.363505067497,1,false
src/org/apache/html/dom/HTMLMapElementImpl.java,37.0,3.0,8.0,5.0,2.0,10.0,1,0.006172839506172839,650.5569620253165,22598.363505067497,1,false
src/org/apache/html/dom/HTMLMenuElementImpl.java,23.0,1.0,3.0,3.0,2.0,4.0,1,0.006172839506172839,650.5569620253165,22598.363505067497,1,false
src/org/apache/html/dom/HTMLMetaElementImpl.java,41.0,1.0,36.0,9.0,8.0,13.0,1,0.006172839506172839,650.5569620253165,22598.363505067497,1,false
src/org/apache/html/dom/HTMLModElementImpl.java,29.0,1.0,10.0,5.0,4.0,7.0,1,0.006172839506172839,650.5569620253165,22598.363505067497,1,false
src/org/apache/html/dom/HTMLOListElementImpl.java,35.0,1.0,21.0,7.0,8.0,10.0,1,0.006172839506172839,650.5569620253165,22598.363505067497,1,false
src/org/apache/html/dom/HTMLObjectElementImpl.java,124.0,1.0,595.0,35.0,37.0,53.0,1,0.006172839506172839,650.5569620253165,22598.363505067497,1,false
src/org/apache/html/dom/HTMLOptGroupElementImpl.java,29.0,1.0,10.0,5.0,5.0,7.0,1,0.006172839506172839,650.5569620253165,22598.363505067497,1,false
src/org/apache/html/dom/HTMLOptionElementImpl.java,97.0,6.0,105.0,15.0,31.0,34.0,1,0.006172839506172839,650.5569620253165,22598.363505067497,1,false
src/org/apache/html/dom/HTMLParagraphElementImpl.java,23.0,1.0,3.0,3.0,2.0,4.0,1,0.006172839506172839,650.5569620253165,22598.363505067497,1,false
src/org/apache/html/dom/HTMLParamElementImpl.java,41.0,1.0,36.0,9.0,9.0,13.0,1,0.006172839506172839,650.5569620253165,22598.363505067497,1,false
src/org/apache/html/dom/HTMLPreElementImpl.java,23.0,1.0,3.0,3.0,4.0,4.0,1,0.006172839506172839,650.5569620253165,22598.363505067497,1,false
src/org/apache/html/dom/HTMLQuoteElementImpl.java,23.0,1.0,3.0,3.0,2.0,4.0,1,0.006172839506172839,650.5569620253165,22598.363505067497,1,false
src/org/apache/html/dom/HTMLScriptElementImpl.java,76.0,3.0,105.0,15.0,23.0,28.0,1,0.006172839506172839,650.5569620253165,22598.363505067497,1,false
src/org/apache/html/dom/HTMLSelectElementImpl.java,107.0,6.0,274.0,24.0,33.0,43.0,1,0.006172839506172839,650.5569620253165,22598.363505067497,1,false
src/org/apache/html/dom/HTMLStyleElementImpl.java,35.0,1.0,21.0,7.0,6.0,10.0,1,0.006172839506172839,650.5569620253165,22598.363505067497,1,false
src/org/apache/html/dom/HTMLTableCaptionElementImpl.java,23.0,1.0,3.0,3.0,2.0,4.0,1,0.006172839506172839,650.5569620253165,22598.363505067497,1,false
src/org/apache/html/dom/HTMLTableCellElementImpl.java,143.0,3.0,465.0,31.0,46.0,56.0,1,0.006172839506172839,650.5569620253165,22598.363505067497,1,false
src/org/apache/html/dom/HTMLTableColElementImpl.java,57.0,1.0,78.0,13.0,20.0,23.0,1,0.006172839506172839,650.5569620253165,22598.363505067497,1,false
src/org/apache/html/dom/HTMLTableElementImpl.java,217.0,7.0,662.0,37.0,71.0,92.0,1,0.006172839506172839,650.5569620253165,22598.363505067497,1,false
src/org/apache/html/dom/HTMLTableRowElementImpl.java,145.0,8.0,208.0,21.0,40.0,52.0,1,0.006172839506172839,650.5569620253165,22598.363505067497,1,false
src/org/apache/html/dom/HTMLTableSectionElementImpl.java,99.0,5.0,103.0,15.0,25.0,36.0,1,0.006172839506172839,650.5569620253165,22598.363505067497,1,false
src/org/apache/html/dom/HTMLTextAreaElementImpl.java,84.0,1.0,253.0,23.0,29.0,37.0,1,0.006172839506172839,650.5569620253165,22598.363505067497,1,false
src/org/apache/html/dom/HTMLTitleElementImpl.java,40.0,3.0,3.0,3.0,11.0,8.0,1,0.006172839506172839,650.5569620253165,22598.363505067497,1,false
src/org/apache/html/dom/HTMLUListElementImpl.java,29.0,1.0,10.0,5.0,4.0,7.0,1,0.006172839506172839,650.5569620253165,22598.363505067497,1,false
src/org/apache/wml/dom/WMLAElementImpl.java,41.0,1.0,55.0,11.0,10.0,16.0,1,0.006172839506172839,650.5569620253165,22598.363505067497,1,false
src/org/apache/wml/dom/WMLAccessElementImpl.java,35.0,1.0,36.0,9.0,8.0,13.0,1,0.006172839506172839,650.5569620253165,22598.363505067497,1,false
src/org/apache/wml/dom/WMLAnchorElementImpl.java,35.0,1.0,36.0,9.0,8.0,13.0,1,0.006172839506172839,650.5569620253165,22598.363505067497,1,false
src/org/apache/wml/dom/WMLBElementImpl.java,29.0,1.0,21.0,7.0,6.0,10.0,1,0.006172839506172839,650.5569620253165,22598.363505067497,1,false
src/org/apache/wml/dom/WMLBigElementImpl.java,29.0,1.0,21.0,7.0,6.0,10.0,1,0.006172839506172839,650.5569620253165,22598.363505067497,1,false
src/org/apache/wml/dom/WMLBrElementImpl.java,29.0,1.0,21.0,7.0,6.0,10.0,1,0.006172839506172839,650.5569620253165,22598.363505067497,1,false
src/org/apache/wml/dom/WMLCardElementImpl.java,65.0,1.0,171.0,19.0,18.0,30.0,1,0.006172839506172839,650.5569620253165,22598.363505067497,1,false
src/org/apache/wml/dom/WMLDoElementImpl.java,53.0,1.0,105.0,15.0,14.0,22.0,1,0.006172839506172839,650.5569620253165,22598.363505067497,1,false
src/org/apache/wml/dom/WMLDocumentImpl.java,71.0,7.0,1.0,2.0,8.0,7.0,1,0.006172839506172839,650.5569620253165,22598.363505067497,1,false
src/org/apache/wml/dom/WMLElementImpl.java,47.0,2.0,55.0,11.0,12.0,19.0,1,0.006172839506172839,650.5569620253165,22598.363505067497,1,false
src/org/apache/wml/dom/WMLEmElementImpl.java,29.0,1.0,21.0,7.0,6.0,10.0,1,0.006172839506172839,650.5569620253165,22598.363505067497,1,false
src/org/apache/wml/dom/WMLFieldsetElementImpl.java,35.0,1.0,36.0,9.0,8.0,13.0,1,0.006172839506172839,650.5569620253165,22598.363505067497,1,false
src/org/apache/wml/dom/WMLGoElementImpl.java,47.0,1.0,78.0,13.0,12.0,19.0,1,0.006172839506172839,650.5569620253165,22598.363505067497,1,false
src/org/apache/wml/dom/WMLHeadElementImpl.java,23.0,1.0,10.0,5.0,4.0,7.0,1,0.006172839506172839,650.5569620253165,22598.363505067497,1,false
src/org/apache/wml/dom/WMLIElementImpl.java,29.0,1.0,21.0,7.0,6.0,10.0,1,0.006172839506172839,650.5569620253165,22598.363505067497,1,false
src/org/apache/wml/dom/WMLImgElementImpl.java,77.0,1.0,253.0,23.0,22.0,34.0,1,0.006172839506172839,650.5569620253165,22598.363505067497,1,false
src/org/apache/wml/dom/WMLInputElementImpl.java,83.0,1.0,300.0,25.0,24.0,39.0,1,0.006172839506172839,650.5569620253165,22598.363505067497,1,false
src/org/apache/wml/dom/WMLMetaElementImpl.java,53.0,1.0,105.0,15.0,14.0,24.0,1,0.006172839506172839,650.5569620253165,22598.363505067497,1,false
src/org/apache/wml/dom/WMLNoopElementImpl.java,23.0,1.0,10.0,5.0,4.0,7.0,1,0.006172839506172839,650.5569620253165,22598.363505067497,1,false
src/org/apache/wml/dom/WMLOneventElementImpl.java,29.0,1.0,21.0,7.0,6.0,10.0,1,0.006172839506172839,650.5569620253165,22598.363505067497,1,false
src/org/apache/wml/dom/WMLOptgroupElementImpl.java,35.0,1.0,36.0,9.0,8.0,13.0,1,0.006172839506172839,650.5569620253165,22598.363505067497,1,false
src/org/apache/wml/dom/WMLOptionElementImpl.java,47.0,1.0,78.0,13.0,12.0,19.0,1,0.006172839506172839,650.5569620253165,22598.363505067497,1,false
src/org/apache/wml/dom/WMLPElementImpl.java,41.0,1.0,55.0,11.0,10.0,16.0,1,0.006172839506172839,650.5569620253165,22598.363505067497,1,false
src/org/apache/wml/dom/WMLPostfieldElementImpl.java,35.0,1.0,36.0,9.0,8.0,13.0,1,0.006172839506172839,650.5569620253165,22598.363505067497,1,false
src/org/apache/wml/dom/WMLPrevElementImpl.java,23.0,1.0,10.0,5.0,4.0,7.0,1,0.006172839506172839,650.5569620253165,22598.363505067497,1,false
src/org/apache/wml/dom/WMLRefreshElementImpl.java,23.0,1.0,10.0,5.0,4.0,7.0,1,0.006172839506172839,650.5569620253165,22598.363505067497,1,false
src/org/apache/wml/dom/WMLSelectElementImpl.java,71.0,1.0,210.0,21.0,20.0,31.0,1,0.006172839506172839,650.5569620253165,22598.363505067497,1,false
src/org/apache/wml/dom/WMLSetvarElementImpl.java,35.0,1.0,36.0,9.0,8.0,13.0,1,0.006172839506172839,650.5569620253165,22598.363505067497,1,false
src/org/apache/wml/dom/WMLSmallElementImpl.java,29.0,1.0,21.0,7.0,6.0,10.0,1,0.006172839506172839,650.5569620253165,22598.363505067497,1,false
src/org/apache/wml/dom/WMLStrongElementImpl.java,29.0,1.0,21.0,7.0,6.0,10.0,1,0.006172839506172839,650.5569620253165,22598.363505067497,1,false
src/org/apache/wml/dom/WMLTableElementImpl.java,47.0,1.0,78.0,13.0,12.0,19.0,1,0.006172839506172839,650.5569620253165,22598.363505067497,1,false
src/org/apache/wml/dom/WMLTdElementImpl.java,29.0,1.0,21.0,7.0,6.0,10.0,1,0.006172839506172839,650.5569620253165,22598.363505067497,1,false
src/org/apache/wml/dom/WMLTemplateElementImpl.java,41.0,1.0,55.0,11.0,10.0,18.0,1,0.006172839506172839,650.5569620253165,22598.363505067497,1,false
src/org/apache/wml/dom/WMLTimerElementImpl.java,35.0,1.0,36.0,9.0,8.0,13.0,1,0.006172839506172839,650.5569620253165,22598.363505067497,1,false
src/org/apache/wml/dom/WMLTrElementImpl.java,23.0,1.0,10.0,5.0,4.0,7.0,1,0.006172839506172839,650.5569620253165,22598.363505067497,1,false
src/org/apache/wml/dom/WMLUElementImpl.java,29.0,1.0,21.0,7.0,6.0,10.0,1,0.006172839506172839,650.5569620253165,22598.363505067497,1,false
src/org/apache/wml/dom/WMLWmlElementImpl.java,29.0,1.0,21.0,7.0,6.0,10.0,1,0.006172839506172839,650.5569620253165,22598.363505067497,1,false
src/org/apache/xerces/dom/AttributeMap.java,442.0,3.0,120.0,16.0,122.0,71.0,1,0.006172839506172839,650.5569620253165,22598.363505067497,1,false
src/org/apache/xerces/dom/CoreDocumentImpl.java,1994.0,30.0,7138.0,125.0,232.0,409.0,1,0.006172839506172839,650.5569620253165,22598.363505067497,1,false
src/org/apache/xerces/dom/DOMConfigurationImpl.java,684.0,33.0,281.0,26.0,46.0,78.0,1,0.006172839506172839,650.5569620253165,22598.363505067497,1,false
src/org/apache/xerces/dom/DOMNormalizer.java,1308.0,48.0,452.0,32.0,214.0,135.0,1,0.006172839506172839,650.5569620253165,22598.363505067497,1,false
src/org/apache/xerces/dom/DocumentImpl.java,882.0,24.0,723.0,46.0,125.0,142.0,1,0.006172839506172839,650.5569620253165,22598.363505067497,1,true
src/org/apache/xerces/dom/ElementImpl.java,856.0,9.0,307.0,43.0,160.0,152.0,0,0.0,0.0,0.0,0,false
src/org/apache/xerces/dom/NodeListCache.java,37.0,1.0,0.0,1.0,0.0,1.0,1,0.006172839506172839,650.5569620253165,22598.363505067497,1,false
src/org/apache/xerces/impl/Constants.java,537.0,2.0,1.0,7.0,3.0,14.0,1,0.006172839506172839,650.5569620253165,22598.363505067497,1,false
src/org/apache/xerces/impl/XML11DocumentScannerImpl.java,398.0,7.0,99.0,15.0,46.0,50.0,1,0.006172839506172839,650.5569620253165,22598.363505067497,1,false
src/org/apache/xerces/impl/XMLEntityManager.java,2174.0,36.0,696.0,45.0,185.0,178.0,1,0.006172839506172839,650.5569620253165,22598.363505067497,1,true
src/org/apache/xerces/impl/XMLErrorReporter.java,388.0,13.0,126.0,20.0,26.0,66.0,0,0.0,0.0,0.0,0,false
src/org/apache/xerces/impl/XMLVersionDetector.java,142.0,8.0,0.0,4.0,18.0,18.0,1,0.006172839506172839,650.5569620253165,22598.363505067497,1,false
src/org/apache/xerces/impl/dtd/BalancedDTDGrammar.java,212.0,4.0,0.0,13.0,12.0,41.0,1,0.006172839506172839,650.5569620253165,22598.363505067497,1,false
src/org/apache/xerces/impl/dtd/DTDGrammar.java,2009.0,26.0,3930.0,100.0,151.0,322.0,1,0.006172839506172839,650.5569620253165,22598.363505067497,1,false
src/org/apache/xerces/impl/dtd/XMLDTDLoader.java,316.0,18.0,97.0,18.0,34.0,50.0,1,0.006172839506172839,650.5569620253165,22598.363505067497,1,false
src/org/apache/xerces/impl/dtd/XMLDTDValidator.java,1427.0,31.0,574.0,49.0,148.0,195.0,1,0.006172839506172839,650.5569620253165,22598.363505067497,1,false
src/org/apache/xerces/impl/dtd/models/CMAny.java,70.0,0.0,0.0,9.0,6.0,19.0,1,0.006172839506172839,650.5569620253165,22598.363505067497,1,false
src/org/apache/xerces/impl/dtd/models/CMLeaf.java,64.0,2.0,0.0,9.0,8.0,18.0,1,0.006172839506172839,650.5569620253165,22598.363505067497,1,false
src/org/apache/xerces/impl/dtd/models/CMStateSet.java,151.0,0.0,0.0,12.0,5.0,53.0,1,0.006172839506172839,650.5569620253165,22598.363505067497,1,false
src/org/apache/xerces/impl/dtd/models/DFAContentModel.java,443.0,2.0,1.0,7.0,51.0,31.0,1,0.006172839506172839,650.5569620253165,22598.363505067497,1,true
src/org/apache/xerces/impl/dv/xs/AbstractDateTimeDV.java,705.0,6.0,490.0,32.0,49.0,111.0,0,0.0,0.0,0.0,0,false
src/org/apache/xerces/impl/dv/xs/DateDV.java,49.0,4.0,6.0,4.0,10.0,13.0,0,0.0,0.0,0.0,0,false
src/org/apache/xerces/impl/dv/xs/DayDV.java,68.0,4.0,6.0,4.0,12.0,14.0,0,0.0,0.0,0.0,0,false
src/org/apache/xerces/impl/dv/xs/DoubleDV.java,141.0,3.0,10.0,5.0,4.0,16.0,0,0.0,0.0,0.0,0,false
src/org/apache/xerces/impl/dv/xs/FloatDV.java,126.0,3.0,6.0,4.0,2.0,11.0,0,0.0,0.0,0.0,0,false
src/org/apache/xerces/impl/dv/xs/MonthDV.java,74.0,4.0,6.0,4.0,12.0,16.0,0,0.0,0.0,0.0,0,false
src/org/apache/xerces/impl/dv/xs/MonthDayDV.java,77.0,4.0,6.0,4.0,12.0,16.0,0,0.0,0.0,0.0,0,false
src/org/apache/xerces/impl/dv/xs/XSSimpleTypeDecl.java,2167.0,29.0,4680.0,113.0,155.0,364.0,1,0.006172839506172839,8.0,11.445184523187079,1,false
src/org/apache/xerces/impl/xpath/regex/ParserForXMLSchema.java,361.0,2.0,703.0,38.0,76.0,100.0,0,0.0,0.0,0.0,0,false
src/org/apache/xerces/impl/xpath/regex/RangeToken.java,479.0,0.0,9.0,18.0,39.0,87.0,1,0.006172839506172839,650.5569620253165,22598.363505067497,1,true
src/org/apache/xerces/impl/xpath/regex/RegularExpression.java,2505.0,1.0,960.0,52.0,247.0,197.0,1,0.006172839506172839,650.5569620253165,22598.363505067497,1,true
src/org/apache/xerces/impl/xpath/regex/Token.java,1183.0,2.0,879.0,51.0,77.0,151.0,1,0.006172839506172839,650.5569620253165,22598.363505067497,1,true
src/org/apache/xerces/impl/xs/SchemaNamespaceSupport.java,180.0,11.0,9.0,6.0,9.0,18.0,0,0.0,0.0,0.0,0,false
src/org/apache/xerces/impl/xs/XMLSchemaLoader.java,894.0,52.0,572.0,40.0,146.0,141.0,1,0.006172839506172839,650.5569620253165,22598.363505067497,1,true
src/org/apache/xerces/impl/xs/XMLSchemaValidator.java,2797.0,58.0,1078.0,61.0,259.0,233.0,1,0.006172839506172839,650.5569620253165,22598.363505067497,1,true
src/org/apache/xerces/impl/xs/XSAttributeUseImpl.java,83.0,6.0,40.0,12.0,5.0,26.0,0,0.0,0.0,0.0,0,false
src/org/apache/xerces/impl/xs/XSComplexTypeDecl.java,432.0,7.0,689.0,43.0,45.0,116.0,1,0.006172839506172839,650.5569620253165,22598.363505067497,1,false
src/org/apache/xerces/impl/xs/XSParticleDecl.java,166.0,4.0,44.0,16.0,9.0,42.0,1,0.006172839506172839,650.5569620253165,22598.363505067497,1,false
src/org/apache/xerces/impl/xs/identity/IdentityConstraint.java,190.0,8.0,162.0,21.0,9.0,51.0,0,0.0,0.0,0.0,0,false
src/org/apache/xerces/impl/xs/models/XSCMLeaf.java,61.0,2.0,0.0,9.0,6.0,19.0,1,0.006172839506172839,650.5569620253165,22598.363505067497,1,false
src/org/apache/xerces/impl/xs/models/XSDFACM.java,474.0,11.0,36.0,13.0,56.0,55.0,1,0.006172839506172839,650.5569620253165,22598.363505067497,1,true
src/org/apache/xerces/impl/xs/opti/ElementImpl.java,178.0,4.0,163.0,26.0,20.0,72.0,1,0.006172839506172839,650.5569620253165,22598.363505067497,1,false
src/org/apache/xerces/impl/xs/opti/SchemaDOM.java,269.0,11.0,185.0,26.0,66.0,58.0,1,0.006172839506172839,650.5569620253165,22598.363505067497,1,true
src/org/apache/xerces/impl/xs/opti/SchemaDOMParser.java,401.0,18.0,33.0,23.0,64.0,72.0,1,0.006172839506172839,650.5569620253165,22598.363505067497,1,false
src/org/apache/xerces/impl/xs/traversers/XSDAbstractTraverser.java,589.0,26.0,21.0,11.0,101.0,48.0,1,0.006172839506172839,650.5569620253165,22598.363505067497,1,false
src/org/apache/xerces/impl/xs/traversers/XSDComplexTypeTraverser.java,743.0,23.0,105.0,18.0,126.0,62.0,1,0.006172839506172839,650.5569620253165,22598.363505067497,1,false
src/org/apache/xerces/impl/xs/traversers/XSDHandler.java,1763.0,55.0,555.0,43.0,310.0,153.0,1,0.006172839506172839,8.0,11.445184523187079,1,true
src/org/apache/xerces/impl/xs/traversers/XSDocumentInfo.java,94.0,9.0,44.0,12.0,16.0,23.0,0,0.0,0.0,0.0,0,false
src/org/apache/xerces/jaxp/DocumentBuilderFactoryImpl.java,139.0,11.0,8.0,9.0,21.0,34.0,0,0.0,0.0,0.0,0,false
src/org/apache/xerces/jaxp/DocumentBuilderImpl.java,239.0,28.0,4.0,16.0,59.0,49.0,0,0.0,0.0,0.0,0,false
src/org/apache/xerces/jaxp/JAXPValidatorComponent.java,435.0,37.0,217.0,23.0,56.0,57.0,0,0.0,0.0,0.0,0,false
src/org/apache/xerces/jaxp/SAXParserImpl.java,447.0,35.0,0.0,17.0,55.0,50.0,0,0.0,0.0,0.0,0,false
src/org/apache/xerces/jaxp/SchemaValidatorConfiguration.java,106.0,8.0,0.0,3.0,8.0,15.0,0,0.0,0.0,0.0,0,false
src/org/apache/xerces/jaxp/TeeXMLDocumentFilterImpl.java,103.0,11.0,0.0,22.0,16.0,42.0,0,0.0,0.0,0.0,0,false
src/org/apache/xerces/jaxp/UnparsedEntityHandler.java,154.0,11.0,0.0,27.0,25.0,73.0,0,0.0,0.0,0.0,0,false
src/org/apache/xerces/jaxp/datatype/DurationImpl.java,1296.0,12.0,708.0,48.0,143.0,202.0,1,0.006172839506172839,650.5569620253165,22598.363505067497,1,false
src/org/apache/xerces/jaxp/datatype/XMLGregorianCalendarImpl.java,2124.0,13.0,1060.0,68.0,204.0,268.0,0,0.0,0.0,0.0,0,false
src/org/apache/xerces/jaxp/validation/DOMValidatorHelper.java,459.0,36.0,26.0,13.0,80.0,45.0,0,0.0,0.0,0.0,0,false
src/org/apache/xerces/jaxp/validation/StreamValidatorHelper.java,99.0,15.0,0.0,3.0,28.0,11.0,0,0.0,0.0,0.0,0,false
src/org/apache/xerces/jaxp/validation/ValidatorHandlerImpl.java,791.0,61.0,985.0,54.0,139.0,158.0,0,0.0,0.0,0.0,0,false
src/org/apache/xerces/parsers/AbstractSAXParser.java,1501.0,47.0,1098.0,56.0,158.0,249.0,0,0.0,0.0,0.0,0,false
src/org/apache/xerces/parsers/DOMParser.java,391.0,25.0,99.0,15.0,70.0,64.0,0,0.0,0.0,0.0,0,true
src/org/apache/xerces/parsers/DOMParserImpl.java,856.0,46.0,184.0,21.0,82.0,84.0,0,0.0,0.0,0.0,0,false
src/org/apache/xerces/parsers/XML11Configuration.java,1095.0,44.0,486.0,36.0,103.0,110.0,1,0.006172839506172839,650.5569620253165,22598.363505067497,1,false
src/org/apache/xerces/parsers/XML11DTDConfiguration.java,971.0,42.0,459.0,35.0,95.0,107.0,1,0.006172839506172839,650.5569620253165,22598.363505067497,1,false
src/org/apache/xerces/parsers/XML11NonValidatingConfiguration.java,864.0,36.0,459.0,35.0,91.0,107.0,1,0.006172839506172839,650.5569620253165,22598.363505067497,1,false
src/org/apache/xerces/util/AugmentationsImpl.java,202.0,3.0,0.0,6.0,8.0,17.0,1,0.006172839506172839,650.5569620253165,22598.363505067497,1,false
src/org/apache/xerces/util/DOMUtil.java,575.0,10.0,1128.0,48.0,165.0,190.0,1,0.006172839506172839,650.5569620253165,22598.363505067497,1,false
src/org/apache/xerces/util/ErrorHandlerProxy.java,43.0,4.0,6.0,4.0,9.0,13.0,0,0.0,0.0,0.0,0,false
src/org/apache/xerces/util/NamespaceSupport.java,215.0,3.0,0.0,12.0,9.0,33.0,0,0.0,0.0,0.0,0,false
src/org/apache/xerces/util/URI.java,1632.0,2.0,1183.0,58.0,153.0,276.0,0,0.0,0.0,0.0,0,false
src/org/apache/xerces/xinclude/XIncludeHandler.java,2012.0,46.0,4680.0,112.0,381.0,363.0,1,0.006172839506172839,650.5569620253165,22598.363505067497,1,false
src/org/apache/xerces/xinclude/XIncludeTextReader.java,332.0,22.0,33.0,11.0,53.0,46.0,1,0.006172839506172839,650.5569620253165,22598.363505067497,1,false
src/org/apache/xerces/xni/QName.java,145.0,0.0,3.0,10.0,6.0,23.0,1,0.006172839506172839,650.5569620253165,22598.363505067497,1,false
src/org/apache/xerces/xpointer/ShortHandPointer.java,169.0,9.0,67.0,14.0,15.0,39.0,1,0.006172839506172839,650.5569620253165,22598.363505067497,1,false
src/org/apache/xerces/xpointer/XPointerHandler.java,817.0,18.0,228.0,25.0,44.0,97.0,1,0.006172839506172839,650.5569620253165,22598.363505067497,1,false
src/org/apache/xml/serialize/Encodings.java,67.0,4.0,0.0,1.0,7.0,7.0,0,0.0,0.0,0.0,0,false
tools/src/XJavac.java,92.0,8.0,3.0,3.0,22.0,12.0,1,0.006172839506172839,650.5569620253165,22598.363505067497,1,false
