name,LOC,CBO,LCOM,NOM,RFC,WMC,numOfChanges,bccm,structuralWorkloadSum,semanticWorkloadSum,numberOfDeveloper,isBuggy
src/org/apache/html/dom/HTMLElementImpl.java,167.0,7.0,253.0,23.0,34.0,60.0,0,0.0,0.0,0.0,0,false
src/org/apache/xerces/dom/AttrImpl.java,868.0,10.0,777.0,46.0,153.0,161.0,0,0.0,0.0,0.0,0,false
src/org/apache/xerces/dom/AttrNSImpl.java,235.0,4.0,41.0,14.0,37.0,43.0,0,0.0,0.0,0.0,0,false
src/org/apache/xerces/dom/CoreDOMImplementationImpl.java,482.0,17.0,110.0,16.0,45.0,67.0,0,0.0,0.0,0.0,0,false
src/org/apache/xerces/dom/DOMNormalizer.java,1348.0,42.0,444.0,32.0,221.0,137.0,0,0.0,0.0,0.0,0,false
src/org/apache/xerces/dom/DeferredDocumentImpl.java,1705.0,4.0,1275.0,79.0,191.0,232.0,0,0.0,0.0,0.0,0,true
src/org/apache/xerces/dom/DocumentImpl.java,882.0,25.0,723.0,46.0,126.0,142.0,1,0.020833333333333332,149.3658536585366,3310.285865982871,1,true
src/org/apache/xerces/dom/DocumentTypeImpl.java,327.0,6.0,165.0,22.0,40.0,63.0,0,0.0,0.0,0.0,0,false
src/org/apache/xerces/dom/ElementImpl.java,856.0,9.0,307.0,43.0,160.0,152.0,0,0.0,0.0,0.0,0,false
src/org/apache/xerces/dom/NamedNodeMapImpl.java,430.0,5.0,24.0,29.0,79.0,93.0,0,0.0,0.0,0.0,0,false
src/org/apache/xerces/dom/NodeImpl.java,1440.0,14.0,3034.0,84.0,134.0,241.0,0,0.0,0.0,0.0,0,false
src/org/apache/xerces/dom/ParentNode.java,721.0,9.0,418.0,36.0,106.0,131.0,0,0.0,0.0,0.0,0,false
src/org/apache/xerces/dom/RangeImpl.java,1426.0,7.0,249.0,55.0,225.0,257.0,1,0.020833333333333332,149.3658536585366,3310.285865982871,1,true
src/org/apache/xerces/impl/dtd/models/DFAContentModel.java,443.0,3.0,1.0,7.0,51.0,31.0,1,0.020833333333333332,149.3658536585366,3310.285865982871,1,true
src/org/apache/xerces/impl/dv/xs/XSSimpleTypeDecl.java,2205.0,29.0,4680.0,113.0,155.0,364.0,1,0.020833333333333332,149.3658536585366,3310.285865982871,1,false
src/org/apache/xerces/impl/xpath/XPath.java,1426.0,7.0,27.0,10.0,28.0,41.0,1,0.020833333333333332,149.3658536585366,3310.285865982871,1,true
src/org/apache/xerces/impl/xs/XMLSchemaLoader.java,894.0,53.0,572.0,40.0,146.0,141.0,1,0.020833333333333332,149.3658536585366,3310.285865982871,1,true
src/org/apache/xerces/impl/xs/XMLSchemaValidator.java,2849.0,60.0,953.0,59.0,264.0,225.0,1,0.020833333333333332,29.0,74.69102585139389,1,true
src/org/apache/xerces/impl/xs/XSAttributeDecl.java,128.0,4.0,62.0,17.0,6.0,36.0,1,0.020833333333333332,149.3658536585366,3310.285865982871,1,false
src/org/apache/xerces/impl/xs/XSAttributeGroupDecl.java,218.0,9.0,33.0,14.0,17.0,42.0,1,0.020833333333333332,149.3658536585366,3310.285865982871,1,false
src/org/apache/xerces/impl/xs/XSAttributeUseImpl.java,91.0,8.0,50.0,13.0,5.0,27.0,1,0.020833333333333332,149.3658536585366,3310.285865982871,1,false
src/org/apache/xerces/impl/xs/XSComplexTypeDecl.java,432.0,7.0,689.0,43.0,45.0,116.0,1,0.020833333333333332,149.3658536585366,3310.285865982871,1,false
src/org/apache/xerces/impl/xs/XSElementDecl.java,273.0,13.0,439.0,34.0,14.0,78.0,1,0.020833333333333332,149.3658536585366,3310.285865982871,1,false
src/org/apache/xerces/impl/xs/XSGroupDecl.java,58.0,2.0,19.0,7.0,1.0,15.0,1,0.020833333333333332,149.3658536585366,3310.285865982871,1,false
src/org/apache/xerces/impl/xs/XSLoaderImpl.java,235.0,18.0,0.0,10.0,27.0,31.0,1,0.020833333333333332,149.3658536585366,3310.285865982871,1,false
src/org/apache/xerces/impl/xs/XSModelGroupImpl.java,153.0,2.0,56.0,17.0,12.0,53.0,1,0.020833333333333332,149.3658536585366,3310.285865982871,1,false
src/org/apache/xerces/impl/xs/XSNotationDecl.java,66.0,6.0,26.0,8.0,1.0,19.0,1,0.020833333333333332,149.3658536585366,3310.285865982871,1,false
src/org/apache/xerces/impl/xs/XSParticleDecl.java,175.0,6.0,56.0,17.0,9.0,44.0,1,0.020833333333333332,149.3658536585366,3310.285865982871,1,false
src/org/apache/xerces/impl/xs/XSWildcardDecl.java,341.0,8.0,136.0,21.0,18.0,73.0,1,0.020833333333333332,149.3658536585366,3310.285865982871,1,false
src/org/apache/xerces/impl/xs/identity/Field.java,198.0,9.0,0.0,5.0,1.0,9.0,0,0.0,0.0,0.0,0,false
src/org/apache/xerces/impl/xs/models/XSDFACM.java,474.0,12.0,36.0,13.0,56.0,55.0,1,0.020833333333333332,149.3658536585366,3310.285865982871,1,true
src/org/apache/xerces/impl/xs/opti/SchemaDOM.java,277.0,11.0,185.0,26.0,65.0,60.0,1,0.020833333333333332,149.3658536585366,3310.285865982871,1,true
src/org/apache/xerces/impl/xs/opti/SchemaDOMParser.java,401.0,18.0,33.0,23.0,63.0,72.0,0,0.0,0.0,0.0,0,false
src/org/apache/xerces/impl/xs/traversers/XSDComplexTypeTraverser.java,747.0,23.0,101.0,18.0,127.0,62.0,0,0.0,0.0,0.0,0,false
src/org/apache/xerces/impl/xs/util/ShortListImpl.java,74.0,2.0,8.0,8.0,2.0,21.0,1,0.020833333333333332,149.3658536585366,3310.285865982871,1,false
src/org/apache/xerces/impl/xs/util/XSGrammarPool.java,27.0,6.0,0.0,1.0,5.0,4.0,1,0.020833333333333332,149.3658536585366,3310.285865982871,1,true
src/org/apache/xerces/impl/xs/util/XSNamedMap4Types.java,93.0,3.0,0.0,5.0,7.0,15.0,0,0.0,0.0,0.0,0,false
src/org/apache/xerces/impl/xs/util/XSNamedMapImpl.java,128.0,3.0,15.0,10.0,9.0,27.0,0,0.0,0.0,0.0,0,false
src/org/apache/xerces/jaxp/SAXParserImpl.java,447.0,34.0,0.0,17.0,55.0,50.0,0,0.0,0.0,0.0,0,false
src/org/apache/xerces/jaxp/validation/AbstractXMLSchema.java,32.0,4.0,4.0,5.0,2.0,10.0,0,0.0,0.0,0.0,0,true
src/org/apache/xerces/jaxp/validation/DOMResultAugmentor.java,160.0,31.0,325.0,27.0,36.0,61.0,0,0.0,0.0,0.0,0,false
src/org/apache/xerces/jaxp/validation/DOMResultBuilder.java,231.0,38.0,285.0,27.0,76.0,68.0,0,0.0,0.0,0.0,0,false
src/org/apache/xerces/jaxp/validation/EmptyXMLSchema.java,34.0,3.0,36.0,9.0,0.0,13.0,0,0.0,0.0,0.0,0,true
src/org/apache/xerces/jaxp/validation/ValidatorImpl.java,174.0,19.0,0.0,14.0,40.0,43.0,0,0.0,0.0,0.0,0,false
src/org/apache/xerces/jaxp/validation/XMLSchemaFactory.java,334.0,34.0,0.0,13.0,62.0,53.0,0,0.0,0.0,0.0,0,true
src/org/apache/xerces/jaxp/validation/XMLSchemaValidatorComponentManager.java,368.0,23.0,17.0,14.0,47.0,44.0,0,0.0,0.0,0.0,0,true
src/org/apache/xerces/jaxp/validation/XSGrammarPoolContainer.java,27.0,1.0,3.0,3.0,0.0,8.0,0,0.0,0.0,0.0,0,true
src/org/apache/xerces/parsers/AbstractDOMParser.java,1887.0,51.0,62.0,45.0,334.0,236.0,1,0.020833333333333332,149.3658536585366,3310.285865982871,1,false
src/org/apache/xerces/parsers/AbstractSAXParser.java,1494.0,47.0,1098.0,56.0,158.0,249.0,1,0.020833333333333332,149.3658536585366,3310.285865982871,1,false
src/org/apache/xerces/xinclude/XIncludeHandler.java,2031.0,46.0,4883.0,114.0,382.0,369.0,2,0.041666666666666664,178.3658536585366,3384.976891834265,2,false
src/org/apache/xerces/xs/XSLoader.java,63.0,2.0,10.0,5.0,0.0,14.0,1,0.020833333333333332,149.3658536585366,3310.285865982871,1,false
src/org/apache/xml/serialize/BaseMarkupSerializer.java,1256.0,30.0,1041.0,62.0,201.0,247.0,1,0.020833333333333332,149.3658536585366,3310.285865982871,1,true
src/org/apache/xml/serialize/DOMSerializerImpl.java,873.0,42.0,98.0,21.0,143.0,102.0,1,0.020833333333333332,149.3658536585366,3310.285865982871,1,false
src/org/apache/xml/serialize/XML11Serializer.java,358.0,11.0,66.0,12.0,61.0,53.0,1,0.020833333333333332,149.3658536585366,3310.285865982871,1,false
src/org/apache/xml/serialize/XMLSerializer.java,938.0,20.0,211.0,23.0,177.0,108.0,1,0.020833333333333332,149.3658536585366,3310.285865982871,1,true
tests/schema/annotations/AllTests.java,24.0,2.0,1.0,2.0,3.0,4.0,0,0.0,0.0,0.0,0,false
tests/schema/annotations/TestCase.java,46.0,2.0,10.0,5.0,12.0,11.0,0,0.0,0.0,0.0,0,false
tests/schema/annotations/XSAttributeAnnotationsTest.java,138.0,8.0,0.0,11.0,63.0,17.0,0,0.0,0.0,0.0,0,false
tests/schema/annotations/XSAttributeGroupAnnotationsTest.java,149.0,8.0,0.0,12.0,72.0,19.0,0,0.0,0.0,0.0,0,false
tests/schema/annotations/XSAttributeUseAnnotationsTest.java,165.0,9.0,0.0,9.0,67.0,14.0,0,0.0,0.0,0.0,0,false
tests/schema/annotations/XSElementAnnotationsTest.java,131.0,8.0,0.0,10.0,76.0,15.0,0,0.0,0.0,0.0,0,false
tests/schema/annotations/XSFacetAnnotationsTest.java,366.0,13.0,289.0,35.0,214.0,45.0,0,0.0,0.0,0.0,0,false
tests/schema/annotations/XSModelGroupAnnotationsTest.java,262.0,11.0,60.0,20.0,145.0,26.0,0,0.0,0.0,0.0,0,false
tests/schema/annotations/XSModelGroupDefinitionAnnotationsTest.java,107.0,8.0,0.0,8.0,58.0,13.0,0,0.0,0.0,0.0,0,false
tests/schema/annotations/XSNotationAnnotationsTest.java,121.0,8.0,5.0,10.0,62.0,15.0,0,0.0,0.0,0.0,0,false
tests/schema/annotations/XSParticleAnnotationsTest.java,271.0,12.0,64.0,17.0,111.0,25.0,0,0.0,0.0,0.0,0,false
tests/schema/annotations/XSWildcardAnnotationsTest.java,170.0,13.0,22.0,13.0,102.0,19.0,0,0.0,0.0,0.0,0,false
tests/schema/config/AllTests.java,29.0,2.0,1.0,2.0,3.0,4.0,1,0.020833333333333332,29.0,74.69102585139389,1,false
tests/schema/config/BaseTest.java,136.0,23.0,217.0,23.0,45.0,34.0,0,0.0,0.0,0.0,0,false
tests/schema/config/FeaturePropagationTest.java,117.0,13.0,64.0,12.0,47.0,29.0,0,0.0,0.0,0.0,0,false
tests/schema/config/RootSimpleTypeDefinitionTest.java,67.0,5.0,15.0,7.0,29.0,14.0,2,0.041666666666666664,178.3658536585366,3384.976891834265,2,false
tests/schema/config/RootTypeDefinitionTest.java,210.0,11.0,88.0,16.0,129.0,29.0,0,0.0,0.0,0.0,0,false
tests/xinclude/Test.java,351.0,20.0,84.0,17.0,65.0,60.0,1,0.020833333333333332,29.0,74.69102585139389,1,false
