name,LOC,CBO,LCOM,NOM,RFC,WMC,numOfChanges,bccm,structuralWorkloadSum,semanticWorkloadSum,numberOfDeveloper,isBuggy
src/org/apache/xerces/dom/CoreDOMImplementationImpl.java,488.0,17.0,110.0,16.0,48.0,68.0,1,0.023809523809523808,110.60000000000001,2843.339235850484,1,false
src/org/apache/xerces/dom/CoreDocumentImpl.java,1997.0,30.0,7138.0,125.0,234.0,409.0,1,0.023809523809523808,110.60000000000001,2843.339235850484,1,false
src/org/apache/xerces/dom/DOMConfigurationImpl.java,798.0,33.0,324.0,28.0,49.0,86.0,1,0.023809523809523808,110.60000000000001,2843.339235850484,1,false
src/org/apache/xerces/dom/DOMNormalizer.java,1356.0,42.0,444.0,32.0,221.0,137.0,1,0.023809523809523808,110.60000000000001,2843.339235850484,1,false
src/org/apache/xerces/dom/DeferredDocumentImpl.java,1720.0,4.0,1270.0,80.0,194.0,233.0,1,0.023809523809523808,110.60000000000001,2843.339235850484,1,true
src/org/apache/xerces/dom/DocumentImpl.java,914.0,25.0,1134.0,57.0,140.0,166.0,1,0.023809523809523808,110.60000000000001,2843.339235850484,1,true
src/org/apache/xerces/dom/RangeImpl.java,1451.0,7.0,249.0,55.0,226.0,255.0,1,0.023809523809523808,110.60000000000001,2843.339235850484,1,true
src/org/apache/xerces/impl/XML11NSDocumentScannerImpl.java,474.0,12.0,6.0,8.0,76.0,39.0,1,0.023809523809523808,110.60000000000001,2843.339235850484,1,false
src/org/apache/xerces/impl/XMLDTDScannerImpl.java,1618.0,17.0,486.0,44.0,235.0,177.0,1,0.023809523809523808,110.60000000000001,2843.339235850484,1,false
src/org/apache/xerces/impl/XMLDocumentFragmentScannerImpl.java,1398.0,22.0,230.0,33.0,149.0,134.0,1,0.023809523809523808,110.60000000000001,2843.339235850484,1,false
src/org/apache/xerces/impl/XMLDocumentScannerImpl.java,1006.0,18.0,75.0,14.0,36.0,53.0,1,0.023809523809523808,110.60000000000001,2843.339235850484,1,false
src/org/apache/xerces/impl/XMLEntityManager.java,2322.0,42.0,923.0,50.0,209.0,197.0,1,0.023809523809523808,110.60000000000001,2843.339235850484,1,true
src/org/apache/xerces/impl/XMLNSDocumentScannerImpl.java,472.0,12.0,6.0,8.0,74.0,39.0,1,0.023809523809523808,110.60000000000001,2843.339235850484,1,false
src/org/apache/xerces/impl/dtd/DTDGrammar.java,2030.0,26.0,4009.0,102.0,151.0,329.0,0,0.0,0.0,0.0,0,false
src/org/apache/xerces/impl/dv/xs/AbstractDateTimeDV.java,746.0,6.0,522.0,33.0,56.0,118.0,1,0.023809523809523808,110.60000000000001,2843.339235850484,1,false
src/org/apache/xerces/impl/xpath/regex/RangeToken.java,479.0,0.0,9.0,18.0,39.0,87.0,1,0.023809523809523808,110.60000000000001,2843.339235850484,1,true
src/org/apache/xerces/impl/xs/XSConstraints.java,793.0,15.0,465.0,31.0,124.0,149.0,0,0.0,0.0,0.0,0,false
src/org/apache/xerces/impl/xs/identity/XPathMatcher.java,351.0,9.0,15.0,10.0,31.0,38.0,1,0.023809523809523808,110.60000000000001,2843.339235850484,1,false
src/org/apache/xerces/impl/xs/models/CMBuilder.java,241.0,7.0,0.0,12.0,38.0,49.0,1,0.023809523809523808,110.60000000000001,2843.339235850484,1,false
src/org/apache/xerces/impl/xs/models/CMNodeFactory.java,98.0,7.0,28.0,9.0,12.0,21.0,1,0.023809523809523808,110.60000000000001,2843.339235850484,1,false
src/org/apache/xerces/impl/xs/models/XSCMBinOp.java,55.0,3.0,0.0,6.0,13.0,22.0,0,0.0,0.0,0.0,0,false
src/org/apache/xerces/impl/xs/models/XSCMLeaf.java,61.0,2.0,0.0,9.0,6.0,19.0,0,0.0,0.0,0.0,0,false
src/org/apache/xerces/impl/xs/models/XSCMRepeatingLeaf.java,21.0,0.0,0.0,3.0,0.0,5.0,1,0.023809523809523808,110.60000000000001,2843.339235850484,1,false
src/org/apache/xerces/impl/xs/models/XSCMUniOp.java,29.0,3.0,0.0,5.0,7.0,12.0,0,0.0,0.0,0.0,0,false
src/org/apache/xerces/impl/xs/models/XSDFACM.java,607.0,13.0,27.0,14.0,59.0,67.0,1,0.023809523809523808,110.60000000000001,2843.339235850484,1,true
src/org/apache/xerces/jaxp/validation/DOMResultAugmentor.java,160.0,31.0,325.0,27.0,36.0,61.0,0,0.0,0.0,0.0,0,false
src/org/apache/xerces/jaxp/validation/DOMResultBuilder.java,231.0,38.0,285.0,27.0,76.0,68.0,0,0.0,0.0,0.0,0,false
src/org/apache/xerces/parsers/AbstractDOMParser.java,1911.0,51.0,43.0,46.0,339.0,238.0,1,0.023809523809523808,110.60000000000001,2843.339235850484,1,false
src/org/apache/xerces/parsers/SoftReferenceSymbolTableConfiguration.java,46.0,4.0,6.0,4.0,0.0,7.0,0,0.0,0.0,0.0,0,false
src/org/apache/xerces/util/SoftReferenceSymbolTable.java,279.0,2.0,0.0,10.0,22.0,32.0,1,0.023809523809523808,110.60000000000001,2843.339235850484,1,false
src/org/apache/xerces/util/SymbolTable.java,305.0,0.0,15.0,10.0,12.0,33.0,1,0.023809523809523808,110.60000000000001,2843.339235850484,1,false
