name,LOC,CBO,LCOM,NOM,RFC,WMC,numOfChanges,bccm,structuralWorkloadSum,semanticWorkloadSum,numberOfDeveloper,isBuggy
src/org/apache/wml/dom/WMLDOMImplementationImpl.java,28.0,9.0,1.0,2.0,4.0,8.0,0,0.0,0.0,0.0,0,false
src/org/apache/xerces/dom/CoreDOMImplementationImpl.java,490.0,17.0,110.0,16.0,48.0,68.0,0,0.0,0.0,0.0,0,false
src/org/apache/xerces/dom/DOMConfigurationImpl.java,821.0,34.0,316.0,28.0,54.0,87.0,1,0.02702702702702703,111.1111111111111,1923.2445222897356,1,false
src/org/apache/xerces/dom/DOMImplementationImpl.java,76.0,5.0,3.0,3.0,9.0,14.0,0,0.0,0.0,0.0,0,false
src/org/apache/xerces/dom/DOMNormalizer.java,1404.0,42.0,442.0,32.0,228.0,138.0,1,0.02702702702702703,111.1111111111111,1923.2445222897356,1,false
src/org/apache/xerces/dom/DocumentImpl.java,924.0,27.0,1134.0,57.0,140.0,166.0,1,0.02702702702702703,111.1111111111111,1923.2445222897356,1,true
src/org/apache/xerces/dom/PSVIDOMImplementationImpl.java,67.0,5.0,3.0,3.0,5.0,13.0,0,0.0,0.0,0.0,0,false
src/org/apache/xerces/dom/TreeWalkerImpl.java,396.0,5.0,160.0,25.0,45.0,78.0,1,0.02702702702702703,111.1111111111111,1923.2445222897356,1,false
src/org/apache/xerces/dom/events/EventImpl.java,98.0,2.0,43.0,10.0,0.0,24.0,1,0.02702702702702703,111.1111111111111,1923.2445222897356,1,false
src/org/apache/xerces/dom/events/MouseEventImpl.java,60.0,3.0,35.0,11.0,0.0,23.0,1,0.02702702702702703,111.1111111111111,1923.2445222897356,1,false
src/org/apache/xerces/dom/events/MutationEventImpl.java,72.0,2.0,5.0,6.0,0.0,18.0,1,0.02702702702702703,111.1111111111111,1923.2445222897356,1,false
src/org/apache/xerces/dom/events/UIEventImpl.java,20.0,2.0,0.0,3.0,0.0,5.0,1,0.02702702702702703,111.1111111111111,1923.2445222897356,1,false
src/org/apache/xerces/impl/XMLDocumentFragmentScannerImpl.java,1394.0,22.0,230.0,33.0,149.0,134.0,1,0.02702702702702703,111.1111111111111,1923.2445222897356,1,false
src/org/apache/xerces/impl/XMLDocumentScannerImpl.java,1006.0,19.0,75.0,14.0,36.0,53.0,1,0.02702702702702703,111.1111111111111,1923.2445222897356,1,false
src/org/apache/xerces/impl/XMLErrorReporter.java,421.0,13.0,157.0,22.0,28.0,74.0,1,0.02702702702702703,111.1111111111111,1923.2445222897356,1,false
src/org/apache/xerces/impl/XMLVersionDetector.java,149.0,9.0,0.0,4.0,21.0,18.0,1,0.02702702702702703,111.1111111111111,1923.2445222897356,1,false
src/org/apache/xerces/impl/dv/xs/AbstractDateTimeDV.java,773.0,6.0,555.0,34.0,58.0,121.0,0,0.0,0.0,0.0,0,false
src/org/apache/xerces/impl/dv/xs/DurationDV.java,257.0,6.0,28.0,8.0,23.0,36.0,0,0.0,0.0,0.0,0,false
src/org/apache/xerces/impl/dv/xs/XSSimpleTypeDecl.java,2210.0,29.0,4678.0,113.0,155.0,365.0,1,0.02702702702702703,111.1111111111111,1923.2445222897356,1,false
src/org/apache/xerces/impl/io/MalformedByteSequenceException.java,92.0,3.0,0.0,5.0,1.0,15.0,1,0.02702702702702703,111.1111111111111,1923.2445222897356,1,false
src/org/apache/xerces/impl/xs/SubstitutionGroupHandler.java,208.0,7.0,35.0,10.0,29.0,38.0,0,0.0,0.0,0.0,0,false
src/org/apache/xerces/impl/xs/XMLSchemaLoader.java,897.0,55.0,620.0,41.0,156.0,145.0,0,0.0,0.0,0.0,0,true
src/org/apache/xerces/impl/xs/XMLSchemaValidator.java,2847.0,57.0,842.0,57.0,261.0,222.0,1,0.02702702702702703,111.1111111111111,1923.2445222897356,1,true
src/org/apache/xerces/impl/xs/XSAttributeUseImpl.java,91.0,8.0,50.0,13.0,5.0,27.0,1,0.02702702702702703,111.1111111111111,1923.2445222897356,1,false
src/org/apache/xerces/impl/xs/identity/Field.java,197.0,9.0,0.0,5.0,1.0,9.0,0,0.0,0.0,0.0,0,false
src/org/apache/xerces/impl/xs/identity/FieldActivator.java,31.0,0.0,3.0,3.0,0.0,10.0,0,0.0,0.0,0.0,0,false
src/org/apache/xerces/impl/xs/identity/ValueStore.java,37.0,1.0,1.0,2.0,0.0,5.0,0,0.0,0.0,0.0,0,false
src/org/apache/xerces/impl/xs/models/CMBuilder.java,241.0,7.0,0.0,12.0,38.0,49.0,0,0.0,0.0,0.0,0,false
src/org/apache/xerces/impl/xs/traversers/XSDComplexTypeTraverser.java,750.0,23.0,101.0,18.0,126.0,62.0,1,0.02702702702702703,111.1111111111111,1923.2445222897356,1,false
src/org/apache/xerces/impl/xs/traversers/XSDGroupTraverser.java,153.0,13.0,3.0,3.0,35.0,11.0,0,0.0,0.0,0.0,0,false
src/org/apache/xerces/jaxp/DocumentBuilderImpl.java,243.0,27.0,4.0,16.0,60.0,49.0,0,0.0,0.0,0.0,0,false
src/org/apache/xerces/jaxp/SAXParserImpl.java,450.0,33.0,0.0,17.0,55.0,50.0,0,0.0,0.0,0.0,0,false
src/org/apache/xerces/jaxp/UnparsedEntityHandler.java,156.0,11.0,0.0,28.0,25.0,75.0,0,0.0,0.0,0.0,0,false
src/org/apache/xerces/jaxp/datatype/XMLGregorianCalendarImpl.java,2127.0,13.0,1060.0,68.0,204.0,268.0,1,0.02702702702702703,111.1111111111111,1923.2445222897356,1,false
src/org/apache/xerces/jaxp/validation/DOMResultAugmentor.java,160.0,31.0,325.0,27.0,36.0,61.0,1,0.02702702702702703,111.1111111111111,1923.2445222897356,1,false
src/org/apache/xerces/jaxp/validation/DOMValidatorHelper.java,474.0,37.0,39.0,14.0,86.0,50.0,1,0.02702702702702703,111.1111111111111,1923.2445222897356,1,false
src/org/apache/xerces/jaxp/validation/SimpleXMLSchema.java,40.0,3.0,32.0,9.0,4.0,13.0,1,0.02702702702702703,111.1111111111111,1923.2445222897356,1,false
src/org/apache/xerces/jaxp/validation/StreamValidatorHelper.java,99.0,16.0,0.0,3.0,28.0,11.0,1,0.02702702702702703,111.1111111111111,1923.2445222897356,1,false
src/org/apache/xerces/jaxp/validation/ValidatorHandlerImpl.java,791.0,61.0,985.0,54.0,139.0,158.0,1,0.02702702702702703,111.1111111111111,1923.2445222897356,1,false
src/org/apache/xerces/jaxp/validation/XMLSchemaFactory.java,336.0,34.0,0.0,13.0,62.0,53.0,1,0.02702702702702703,111.1111111111111,1923.2445222897356,1,true
src/org/apache/xerces/parsers/AbstractSAXParser.java,1480.0,46.0,906.0,52.0,160.0,239.0,1,0.02702702702702703,111.1111111111111,1923.2445222897356,1,false
src/org/apache/xerces/parsers/DOMParser.java,391.0,27.0,99.0,15.0,70.0,64.0,1,0.02702702702702703,111.1111111111111,1923.2445222897356,1,true
src/org/apache/xerces/parsers/XMLGrammarPreparser.java,242.0,16.0,39.0,18.0,32.0,44.0,0,0.0,0.0,0.0,0,false
src/org/apache/xerces/util/XMLLocatorWrapper.java,70.0,1.0,0.0,12.0,9.0,31.0,1,0.02702702702702703,111.1111111111111,1923.2445222897356,1,false
src/org/apache/xerces/xinclude/XIncludeHandler.java,2048.0,47.0,4993.0,115.0,386.0,370.0,1,0.02702702702702703,111.1111111111111,1923.2445222897356,1,false
