name,LOC,CBO,LCOM,NOM,RFC,WMC,numOfChanges,bccm,structuralWorkloadSum,semanticWorkloadSum,numberOfDeveloper,isBuggy
samples/dom/DOMGenerate.java,39.0,9.0,0.0,1.0,15.0,2.0,0,0.0,0.0,0.0,0,false
samples/xni/ObjectFactory.java,348.0,7.0,9.0,7.0,35.0,39.0,1,0.010752688172043012,310.1927710843374,9990.201705846235,1,false
samples/xni/SecuritySupport.java,103.0,8.0,136.0,17.0,29.0,48.0,1,0.010752688172043012,310.1927710843374,9990.201705846235,1,false
src/org/apache/html/dom/ObjectFactory.java,346.0,7.0,9.0,7.0,35.0,39.0,1,0.010752688172043012,310.1927710843374,9990.201705846235,1,false
src/org/apache/html/dom/SecuritySupport.java,103.0,8.0,136.0,17.0,29.0,48.0,1,0.010752688172043012,310.1927710843374,9990.201705846235,1,false
src/org/apache/xerces/dom/CoreDOMImplementationImpl.java,490.0,17.0,110.0,16.0,48.0,68.0,1,0.010752688172043012,310.1927710843374,9990.201705846235,1,false
src/org/apache/xerces/dom/ObjectFactory.java,346.0,7.0,9.0,7.0,35.0,39.0,1,0.010752688172043012,310.1927710843374,9990.201705846235,1,false
src/org/apache/xerces/dom/SecuritySupport.java,103.0,8.0,136.0,17.0,29.0,48.0,1,0.010752688172043012,310.1927710843374,9990.201705846235,1,false
src/org/apache/xerces/impl/XML11EntityScanner.java,1184.0,7.0,78.0,13.0,65.0,91.0,1,0.010752688172043012,310.1927710843374,9990.201705846235,1,false
src/org/apache/xerces/impl/XMLEntityScanner.java,1423.0,11.0,0.0,31.0,106.0,164.0,1,0.010752688172043012,310.1927710843374,9990.201705846235,1,false
src/org/apache/xerces/impl/dtd/DTDGrammar.java,2030.0,26.0,4009.0,102.0,151.0,329.0,1,0.010752688172043012,310.1927710843374,9990.201705846235,1,false
src/org/apache/xerces/impl/dv/DTDDVFactory.java,48.0,1.0,10.0,5.0,3.0,14.0,1,0.010752688172043012,310.1927710843374,9990.201705846235,1,false
src/org/apache/xerces/impl/dv/ObjectFactory.java,346.0,7.0,9.0,7.0,35.0,39.0,1,0.010752688172043012,310.1927710843374,9990.201705846235,1,false
src/org/apache/xerces/impl/dv/SchemaDVFactory.java,92.0,2.0,28.0,8.0,3.0,21.0,1,0.010752688172043012,310.1927710843374,9990.201705846235,1,false
src/org/apache/xerces/impl/dv/SecuritySupport.java,103.0,8.0,136.0,17.0,29.0,48.0,1,0.010752688172043012,310.1927710843374,9990.201705846235,1,false
src/org/apache/xerces/impl/dv/xs/XSSimpleTypeDecl.java,2214.0,29.0,4678.0,113.0,155.0,365.0,0,0.0,0.0,0.0,0,false
src/org/apache/xerces/impl/io/UTF8Reader.java,522.0,6.0,61.0,15.0,18.0,60.0,0,0.0,0.0,0.0,0,false
src/org/apache/xerces/impl/xpath/regex/ParserForXMLSchema.java,358.0,2.0,703.0,38.0,76.0,100.0,1,0.010752688172043012,0.0,0.0,1,false
src/org/apache/xerces/impl/xs/XMLSchemaValidator.java,2847.0,57.0,842.0,57.0,261.0,222.0,0,0.0,0.0,0.0,0,true
src/org/apache/xerces/impl/xs/traversers/XSDAbstractTraverser.java,578.0,23.0,32.0,12.0,105.0,52.0,0,0.0,0.0,0.0,0,false
src/org/apache/xerces/impl/xs/traversers/XSDComplexTypeTraverser.java,750.0,23.0,101.0,18.0,126.0,62.0,0,0.0,0.0,0.0,0,false
src/org/apache/xerces/jaxp/JAXPValidatorComponent.java,435.0,37.0,217.0,23.0,56.0,57.0,0,0.0,0.0,0.0,0,false
src/org/apache/xerces/jaxp/datatype/DatatypeFactoryImpl.java,251.0,8.0,36.0,9.0,1.0,35.0,0,0.0,0.0,0.0,0,false
src/org/apache/xerces/jaxp/datatype/DurationImpl.java,1296.0,12.0,708.0,48.0,143.0,202.0,0,0.0,0.0,0.0,0,false
src/org/apache/xerces/jaxp/datatype/XMLGregorianCalendarImpl.java,2167.0,13.0,974.0,68.0,201.0,270.0,1,0.010752688172043012,310.1927710843374,9990.201705846235,1,false
src/org/apache/xerces/parsers/AbstractDOMParser.java,1917.0,51.0,89.0,47.0,339.0,240.0,1,0.010752688172043012,310.1927710843374,9990.201705846235,1,false
src/org/apache/xerces/parsers/AbstractSAXParser.java,1480.0,46.0,906.0,52.0,160.0,239.0,0,0.0,0.0,0.0,0,false
src/org/apache/xerces/parsers/DOMParserImpl.java,919.0,47.0,180.0,21.0,90.0,85.0,1,0.010752688172043012,310.1927710843374,9990.201705846235,1,false
src/org/apache/xerces/parsers/DTDConfiguration.java,575.0,24.0,235.0,23.0,48.0,68.0,0,0.0,0.0,0.0,0,false
src/org/apache/xerces/parsers/ObjectFactory.java,345.0,7.0,9.0,7.0,35.0,39.0,1,0.010752688172043012,310.1927710843374,9990.201705846235,1,false
src/org/apache/xerces/parsers/SecuritySupport.java,103.0,8.0,136.0,17.0,29.0,48.0,1,0.010752688172043012,310.1927710843374,9990.201705846235,1,false
src/org/apache/xerces/parsers/XML11Configuration.java,1119.0,44.0,486.0,36.0,103.0,110.0,0,0.0,0.0,0.0,0,false
src/org/apache/xerces/util/XMLCatalogResolver.java,427.0,17.0,183.0,22.0,50.0,84.0,1,0.010752688172043012,310.1927710843374,9990.201705846235,1,false
src/org/apache/xerces/xinclude/ObjectFactory.java,345.0,7.0,9.0,7.0,35.0,39.0,1,0.010752688172043012,310.1927710843374,9990.201705846235,1,false
src/org/apache/xerces/xinclude/SecuritySupport.java,103.0,8.0,136.0,17.0,29.0,48.0,1,0.010752688172043012,310.1927710843374,9990.201705846235,1,false
src/org/apache/xerces/xni/XMLAttributes.java,282.0,0.0,378.0,28.0,0.0,78.0,1,0.010752688172043012,310.1927710843374,9990.201705846235,1,false
src/org/apache/xerces/xni/XMLResourceIdentifier.java,50.0,0.0,45.0,10.0,0.0,16.0,1,0.010752688172043012,310.1927710843374,9990.201705846235,1,false
src/org/apache/xerces/xni/grammars/XMLSchemaDescription.java,97.0,2.0,15.0,6.0,0.0,13.0,1,0.010752688172043012,310.1927710843374,9990.201705846235,1,false
src/org/apache/xerces/xni/grammars/XSGrammar.java,25.0,1.0,1.0,2.0,0.0,4.0,1,0.010752688172043012,310.1927710843374,9990.201705846235,1,false
src/org/apache/xerces/xni/parser/XMLErrorHandler.java,63.0,1.0,3.0,3.0,0.0,10.0,1,0.010752688172043012,310.1927710843374,9990.201705846235,1,false
src/org/apache/xml/serialize/ObjectFactory.java,345.0,7.0,9.0,7.0,35.0,39.0,1,0.010752688172043012,310.1927710843374,9990.201705846235,1,false
src/org/apache/xml/serialize/SecuritySupport.java,103.0,8.0,136.0,17.0,29.0,48.0,1,0.010752688172043012,310.1927710843374,9990.201705846235,1,false
src/org/apache/xml/serialize/SerializerFactory.java,85.0,5.0,13.0,6.0,3.0,12.0,1,0.010752688172043012,310.1927710843374,9990.201705846235,1,false
