name,LOC,CBO,LCOM,NOM,RFC,WMC,numOfChanges,bccm,structuralWorkloadSum,semanticWorkloadSum,numberOfDeveloper,isBuggy
src/org/apache/xerces/dom/DOMConfigurationImpl.java,821.0,33.0,316.0,28.0,54.0,87.0,1,0.025,107.47368421052632,1791.3854799241462,1,false
src/org/apache/xerces/dom/DOMImplementationListImpl.java,45.0,4.0,0.0,5.0,3.0,9.0,1,0.025,107.47368421052632,1791.3854799241462,1,false
src/org/apache/xerces/dom/DOMImplementationSourceImpl.java,104.0,5.0,3.0,3.0,9.0,12.0,1,0.025,107.47368421052632,1791.3854799241462,1,false
src/org/apache/xerces/dom/DOMStringListImpl.java,57.0,3.0,0.0,7.0,5.0,12.0,1,0.025,107.47368421052632,1791.3854799241462,1,false
src/org/apache/xerces/dom/DOMXSImplementationSourceImpl.java,61.0,4.0,1.0,2.0,7.0,7.0,1,0.025,107.47368421052632,1791.3854799241462,1,false
src/org/apache/xerces/dom/DeepNodeListImpl.java,165.0,3.0,0.0,5.0,17.0,20.0,1,0.025,107.47368421052632,1791.3854799241462,1,false
src/org/apache/xerces/dom/DeferredDocumentImpl.java,1720.0,4.0,1270.0,80.0,193.0,233.0,1,0.025,107.47368421052632,1791.3854799241462,1,true
src/org/apache/xerces/impl/XML11DTDScannerImpl.java,159.0,7.0,91.0,14.0,17.0,38.0,0,0.0,0.0,0.0,0,false
src/org/apache/xerces/impl/XML11DocumentScannerImpl.java,394.0,7.0,99.0,15.0,46.0,50.0,0,0.0,0.0,0.0,0,false
src/org/apache/xerces/impl/XMLDTDScannerImpl.java,1618.0,17.0,486.0,44.0,235.0,177.0,0,0.0,0.0,0.0,0,false
src/org/apache/xerces/impl/XMLDocumentFragmentScannerImpl.java,1394.0,22.0,230.0,33.0,149.0,134.0,0,0.0,0.0,0.0,0,false
src/org/apache/xerces/impl/XMLDocumentScannerImpl.java,1006.0,19.0,75.0,14.0,36.0,53.0,0,0.0,0.0,0.0,0,false
src/org/apache/xerces/impl/XMLEntityManager.java,2412.0,43.0,1033.0,54.0,225.0,211.0,0,0.0,0.0,0.0,0,true
src/org/apache/xerces/impl/XMLErrorReporter.java,421.0,13.0,163.0,22.0,28.0,74.0,0,0.0,0.0,0.0,0,false
src/org/apache/xerces/impl/XMLNamespaceBinder.java,578.0,17.0,68.0,33.0,48.0,133.0,0,0.0,0.0,0.0,0,false
src/org/apache/xerces/impl/XMLScanner.java,1091.0,13.0,243.0,30.0,137.0,128.0,0,0.0,0.0,0.0,0,false
src/org/apache/xerces/impl/XMLVersionDetector.java,149.0,9.0,0.0,4.0,21.0,18.0,0,0.0,0.0,0.0,0,false
src/org/apache/xerces/impl/dtd/DTDGrammar.java,2030.0,26.0,4009.0,102.0,151.0,329.0,1,0.025,107.47368421052632,1791.3854799241462,1,false
src/org/apache/xerces/impl/dtd/DTDGrammarBucket.java,55.0,2.0,4.0,8.0,4.0,12.0,0,0.0,0.0,0.0,0,false
src/org/apache/xerces/impl/dtd/XML11NSDTDValidator.java,124.0,8.0,1.0,2.0,16.0,9.0,0,0.0,0.0,0.0,0,false
src/org/apache/xerces/impl/dtd/XMLDTDProcessor.java,1116.0,28.0,278.0,53.0,100.0,189.0,1,0.025,107.47368421052632,1791.3854799241462,1,false
src/org/apache/xerces/impl/dtd/XMLDTDValidator.java,1426.0,31.0,574.0,49.0,148.0,195.0,0,0.0,0.0,0.0,0,false
src/org/apache/xerces/impl/dtd/XMLNSDTDValidator.java,127.0,8.0,1.0,2.0,16.0,9.0,0,0.0,0.0,0.0,0,false
src/org/apache/xerces/impl/dtd/models/CMAny.java,70.0,0.0,0.0,9.0,6.0,19.0,0,0.0,0.0,0.0,0,false
src/org/apache/xerces/impl/dtd/models/CMBinOp.java,54.0,1.0,0.0,6.0,13.0,22.0,0,0.0,0.0,0.0,0,false
src/org/apache/xerces/impl/dtd/models/CMLeaf.java,64.0,2.0,0.0,9.0,8.0,18.0,0,0.0,0.0,0.0,0,false
src/org/apache/xerces/impl/dtd/models/CMNode.java,48.0,0.0,45.0,11.0,2.0,17.0,0,0.0,0.0,0.0,0,false
src/org/apache/xerces/impl/dtd/models/CMUniOp.java,28.0,1.0,0.0,5.0,7.0,12.0,0,0.0,0.0,0.0,0,false
src/org/apache/xerces/impl/dtd/models/DFAContentModel.java,443.0,3.0,1.0,7.0,51.0,31.0,0,0.0,0.0,0.0,0,true
src/org/apache/xerces/impl/dtd/models/MixedContentModel.java,139.0,2.0,0.0,2.0,0.0,10.0,0,0.0,0.0,0.0,0,false
src/org/apache/xerces/impl/dtd/models/SimpleContentModel.java,149.0,2.0,0.0,2.0,2.0,12.0,0,0.0,0.0,0.0,0,false
src/org/apache/xerces/impl/dv/DatatypeException.java,68.0,3.0,0.0,4.0,3.0,11.0,0,0.0,0.0,0.0,0,false
src/org/apache/xerces/impl/dv/dtd/DTDDVFactoryImpl.java,42.0,3.0,0.0,3.0,3.0,5.0,0,0.0,0.0,0.0,0,false
src/org/apache/xerces/impl/dv/dtd/ListDatatypeValidator.java,32.0,2.0,0.0,2.0,4.0,6.0,0,0.0,0.0,0.0,0,false
src/org/apache/xerces/impl/dv/dtd/XML11DTDDVFactoryImpl.java,45.0,3.0,0.0,2.0,7.0,6.0,0,0.0,0.0,0.0,0,false
src/org/apache/xerces/impl/dv/xs/AbstractDateTimeDV.java,773.0,6.0,555.0,34.0,58.0,121.0,0,0.0,0.0,0.0,0,false
src/org/apache/xerces/impl/dv/xs/DoubleDV.java,148.0,3.0,10.0,5.0,4.0,16.0,0,0.0,0.0,0.0,0,false
src/org/apache/xerces/impl/dv/xs/FloatDV.java,129.0,3.0,6.0,4.0,2.0,11.0,0,0.0,0.0,0.0,0,false
src/org/apache/xerces/impl/dv/xs/SchemaDVFactoryImpl.java,282.0,8.0,3.0,7.0,11.0,18.0,0,0.0,0.0,0.0,0,false
src/org/apache/xerces/impl/dv/xs/YearDV.java,75.0,4.0,6.0,4.0,12.0,16.0,1,0.025,107.47368421052632,1791.3854799241462,1,false
src/org/apache/xerces/impl/io/UTF16Reader.java,231.0,6.0,67.0,15.0,12.0,49.0,0,0.0,0.0,0.0,0,false
src/org/apache/xerces/impl/xpath/XPath.java,1454.0,7.0,27.0,10.0,28.0,41.0,1,0.025,107.47368421052632,1791.3854799241462,1,true
src/org/apache/xerces/impl/xpath/XPathException.java,30.0,0.0,0.0,3.0,0.0,5.0,0,0.0,0.0,0.0,0,false
src/org/apache/xerces/impl/xpath/regex/BMPattern.java,172.0,1.0,0.0,8.0,16.0,37.0,0,0.0,0.0,0.0,0,false
src/org/apache/xerces/impl/xpath/regex/Op.java,213.0,1.0,0.0,23.0,3.0,60.0,0,0.0,0.0,0.0,0,false
src/org/apache/xerces/impl/xpath/regex/ParseException.java,24.0,0.0,0.0,2.0,0.0,5.0,0,0.0,0.0,0.0,0,false
src/org/apache/xerces/impl/xpath/regex/Token.java,1178.0,2.0,879.0,51.0,77.0,151.0,0,0.0,0.0,0.0,0,true
src/org/apache/xerces/impl/xs/XMLSchemaLoader.java,897.0,54.0,620.0,41.0,156.0,145.0,1,0.025,107.47368421052632,1791.3854799241462,1,true
src/org/apache/xerces/impl/xs/XMLSchemaValidator.java,2847.0,58.0,842.0,57.0,262.0,222.0,1,0.025,107.47368421052632,1791.3854799241462,1,true
src/org/apache/xerces/impl/xs/XSComplexTypeDecl.java,450.0,7.0,732.0,44.0,47.0,121.0,0,0.0,0.0,0.0,0,false
src/org/apache/xerces/impl/xs/XSConstraints.java,793.0,15.0,465.0,31.0,124.0,149.0,0,0.0,0.0,0.0,0,false
src/org/apache/xerces/impl/xs/identity/Field.java,197.0,9.0,0.0,5.0,1.0,9.0,0,0.0,0.0,0.0,0,false
src/org/apache/xerces/impl/xs/identity/IdentityConstraint.java,190.0,8.0,162.0,21.0,9.0,51.0,0,0.0,0.0,0.0,0,false
src/org/apache/xerces/impl/xs/identity/KeyRef.java,34.0,1.0,0.0,3.0,0.0,8.0,0,0.0,0.0,0.0,0,false
src/org/apache/xerces/impl/xs/identity/Selector.java,163.0,8.0,0.0,5.0,1.0,11.0,0,0.0,0.0,0.0,0,false
src/org/apache/xerces/impl/xs/identity/XPathMatcher.java,351.0,9.0,15.0,10.0,31.0,38.0,0,0.0,0.0,0.0,0,false
src/org/apache/xerces/impl/xs/models/CMBuilder.java,263.0,7.0,0.0,12.0,41.0,50.0,0,0.0,0.0,0.0,0,false
src/org/apache/xerces/impl/xs/models/XSAllCM.java,121.0,6.0,0.0,9.0,6.0,31.0,0,0.0,0.0,0.0,0,false
src/org/apache/xerces/impl/xs/models/XSCMLeaf.java,61.0,2.0,0.0,9.0,6.0,19.0,0,0.0,0.0,0.0,0,false
src/org/apache/xerces/impl/xs/models/XSCMRepeatingLeaf.java,21.0,0.0,0.0,3.0,0.0,5.0,0,0.0,0.0,0.0,0,false
src/org/apache/xerces/impl/xs/models/XSCMValidator.java,53.0,4.0,15.0,6.0,0.0,19.0,0,0.0,0.0,0.0,0,false
src/org/apache/xerces/impl/xs/models/XSDFACM.java,612.0,13.0,39.0,15.0,60.0,69.0,0,0.0,0.0,0.0,0,true
src/org/apache/xerces/impl/xs/models/XSEmptyCM.java,71.0,4.0,15.0,6.0,0.0,18.0,0,0.0,0.0,0.0,0,false
src/org/apache/xerces/impl/xs/traversers/XSDComplexTypeTraverser.java,754.0,24.0,101.0,18.0,128.0,62.0,1,0.025,107.47368421052632,1791.3854799241462,1,false
src/org/apache/xerces/jaxp/datatype/DurationImpl.java,1296.0,12.0,708.0,48.0,143.0,202.0,1,0.025,107.47368421052632,1791.3854799241462,1,false
src/org/apache/xerces/parsers/DOMParserImpl.java,919.0,48.0,180.0,21.0,90.0,85.0,1,0.025,107.47368421052632,1791.3854799241462,1,false
src/org/apache/xerces/xinclude/XIncludeHandler.java,2048.0,47.0,4993.0,115.0,386.0,370.0,0,0.0,0.0,0.0,0,false
src/org/apache/xerces/xinclude/XIncludeTextReader.java,365.0,24.0,33.0,15.0,63.0,54.0,0,0.0,0.0,0.0,0,false
src/org/apache/xml/serialize/BaseMarkupSerializer.java,1265.0,27.0,1089.0,63.0,200.0,246.0,1,0.025,107.47368421052632,1791.3854799241462,1,true
src/org/apache/xml/serialize/DOMSerializerImpl.java,839.0,37.0,78.0,20.0,115.0,97.0,1,0.025,107.47368421052632,1791.3854799241462,1,false
tests/io/UTF16.java,303.0,6.0,6.0,4.0,16.0,15.0,0,0.0,0.0,0.0,0,false
tests/io/UTF8.java,370.0,5.0,15.0,6.0,22.0,24.0,0,0.0,0.0,0.0,0,false
tests/schema/annotations/XSModelGroupAnnotationsTest.java,272.0,11.0,61.0,19.0,132.0,25.0,0,0.0,0.0,0.0,0,false
tools/src/XJavac.java,96.0,8.0,3.0,3.0,22.0,12.0,0,0.0,0.0,0.0,0,false
