name,LOC,CBO,LCOM,NOM,RFC,WMC,numOfChanges,bccm,structuralWorkloadSum,semanticWorkloadSum,numberOfDeveloper,isBuggy
src/org/apache/wml/WMLDOMImplementation.java,10.0,1.0,0.0,0.0,0.0,0.0,0,0.0,0.0,0.0,0,false
src/org/apache/wml/WMLDocument.java,10.0,1.0,0.0,0.0,0.0,0.0,0,0.0,0.0,0.0,0,false
src/org/apache/wml/dom/WMLAElementImpl.java,41.0,1.0,55.0,11.0,10.0,16.0,0,0.0,0.0,0.0,0,false
src/org/apache/wml/dom/WMLAccessElementImpl.java,35.0,1.0,36.0,9.0,8.0,13.0,0,0.0,0.0,0.0,0,false
src/org/apache/wml/dom/WMLAnchorElementImpl.java,35.0,1.0,36.0,9.0,8.0,13.0,0,0.0,0.0,0.0,0,false
src/org/apache/wml/dom/WMLBElementImpl.java,29.0,1.0,21.0,7.0,6.0,10.0,0,0.0,0.0,0.0,0,false
src/org/apache/wml/dom/WMLBigElementImpl.java,29.0,1.0,21.0,7.0,6.0,10.0,0,0.0,0.0,0.0,0,false
src/org/apache/wml/dom/WMLBrElementImpl.java,29.0,1.0,21.0,7.0,6.0,10.0,0,0.0,0.0,0.0,0,false
src/org/apache/wml/dom/WMLCardElementImpl.java,65.0,1.0,171.0,19.0,18.0,30.0,0,0.0,0.0,0.0,0,false
src/org/apache/wml/dom/WMLDoElementImpl.java,53.0,1.0,105.0,15.0,14.0,22.0,0,0.0,0.0,0.0,0,false
src/org/apache/wml/dom/WMLElementImpl.java,47.0,2.0,55.0,11.0,12.0,19.0,0,0.0,0.0,0.0,0,false
src/org/apache/wml/dom/WMLEmElementImpl.java,29.0,1.0,21.0,7.0,6.0,10.0,0,0.0,0.0,0.0,0,false
src/org/apache/wml/dom/WMLFieldsetElementImpl.java,35.0,1.0,36.0,9.0,8.0,13.0,0,0.0,0.0,0.0,0,false
src/org/apache/wml/dom/WMLGoElementImpl.java,47.0,1.0,78.0,13.0,12.0,19.0,0,0.0,0.0,0.0,0,false
src/org/apache/wml/dom/WMLHeadElementImpl.java,23.0,1.0,10.0,5.0,4.0,7.0,0,0.0,0.0,0.0,0,false
src/org/apache/wml/dom/WMLIElementImpl.java,29.0,1.0,21.0,7.0,6.0,10.0,0,0.0,0.0,0.0,0,false
src/org/apache/wml/dom/WMLImgElementImpl.java,77.0,1.0,253.0,23.0,22.0,34.0,0,0.0,0.0,0.0,0,false
src/org/apache/wml/dom/WMLInputElementImpl.java,83.0,1.0,300.0,25.0,24.0,39.0,0,0.0,0.0,0.0,0,false
src/org/apache/wml/dom/WMLMetaElementImpl.java,53.0,1.0,105.0,15.0,14.0,24.0,0,0.0,0.0,0.0,0,false
src/org/apache/wml/dom/WMLNoopElementImpl.java,23.0,1.0,10.0,5.0,4.0,7.0,0,0.0,0.0,0.0,0,false
src/org/apache/wml/dom/WMLOneventElementImpl.java,29.0,1.0,21.0,7.0,6.0,10.0,0,0.0,0.0,0.0,0,false
src/org/apache/wml/dom/WMLOptgroupElementImpl.java,35.0,1.0,36.0,9.0,8.0,13.0,0,0.0,0.0,0.0,0,false
src/org/apache/wml/dom/WMLOptionElementImpl.java,47.0,1.0,78.0,13.0,12.0,19.0,0,0.0,0.0,0.0,0,false
src/org/apache/wml/dom/WMLPElementImpl.java,41.0,1.0,55.0,11.0,10.0,16.0,0,0.0,0.0,0.0,0,false
src/org/apache/wml/dom/WMLPostfieldElementImpl.java,35.0,1.0,36.0,9.0,8.0,13.0,0,0.0,0.0,0.0,0,false
src/org/apache/wml/dom/WMLPrevElementImpl.java,23.0,1.0,10.0,5.0,4.0,7.0,0,0.0,0.0,0.0,0,false
src/org/apache/wml/dom/WMLRefreshElementImpl.java,23.0,1.0,10.0,5.0,4.0,7.0,0,0.0,0.0,0.0,0,false
src/org/apache/wml/dom/WMLSelectElementImpl.java,71.0,1.0,210.0,21.0,20.0,31.0,0,0.0,0.0,0.0,0,false
src/org/apache/wml/dom/WMLSetvarElementImpl.java,35.0,1.0,36.0,9.0,8.0,13.0,0,0.0,0.0,0.0,0,false
src/org/apache/wml/dom/WMLSmallElementImpl.java,29.0,1.0,21.0,7.0,6.0,10.0,0,0.0,0.0,0.0,0,false
src/org/apache/wml/dom/WMLStrongElementImpl.java,29.0,1.0,21.0,7.0,6.0,10.0,0,0.0,0.0,0.0,0,false
src/org/apache/wml/dom/WMLTableElementImpl.java,47.0,1.0,78.0,13.0,12.0,19.0,0,0.0,0.0,0.0,0,false
src/org/apache/wml/dom/WMLTdElementImpl.java,29.0,1.0,21.0,7.0,6.0,10.0,0,0.0,0.0,0.0,0,false
src/org/apache/wml/dom/WMLTemplateElementImpl.java,41.0,1.0,55.0,11.0,10.0,18.0,0,0.0,0.0,0.0,0,false
src/org/apache/wml/dom/WMLTimerElementImpl.java,35.0,1.0,36.0,9.0,8.0,13.0,0,0.0,0.0,0.0,0,false
src/org/apache/wml/dom/WMLTrElementImpl.java,23.0,1.0,10.0,5.0,4.0,7.0,0,0.0,0.0,0.0,0,false
src/org/apache/wml/dom/WMLUElementImpl.java,29.0,1.0,21.0,7.0,6.0,10.0,0,0.0,0.0,0.0,0,false
src/org/apache/wml/dom/WMLWmlElementImpl.java,29.0,1.0,21.0,7.0,6.0,10.0,0,0.0,0.0,0.0,0,false
src/org/apache/xerces/dom/DOMNormalizer.java,1404.0,43.0,442.0,32.0,228.0,138.0,1,0.027777777777777776,106.58823529411764,6881.31728365322,1,false
src/org/apache/xerces/impl/dtd/XMLDTDValidator.java,1426.0,31.0,574.0,49.0,148.0,195.0,1,0.027777777777777776,106.58823529411764,6881.31728365322,1,false
src/org/apache/xerces/impl/dv/xs/AbstractDateTimeDV.java,788.0,7.0,589.0,35.0,64.0,124.0,1,0.027777777777777776,106.58823529411764,6881.31728365322,1,false
src/org/apache/xerces/impl/dv/xs/BaseDVFactory.java,178.0,6.0,13.0,6.0,5.0,12.0,1,0.027777777777777776,106.58823529411764,6881.31728365322,1,false
src/org/apache/xerces/impl/dv/xs/DateDV.java,49.0,4.0,6.0,4.0,11.0,13.0,1,0.027777777777777776,106.58823529411764,6881.31728365322,1,false
src/org/apache/xerces/impl/dv/xs/DateTimeDV.java,43.0,5.0,3.0,3.0,12.0,11.0,1,0.027777777777777776,106.58823529411764,6881.31728365322,1,false
src/org/apache/xerces/impl/dv/xs/DayDV.java,68.0,4.0,6.0,4.0,13.0,14.0,1,0.027777777777777776,106.58823529411764,6881.31728365322,1,false
src/org/apache/xerces/impl/dv/xs/MonthDV.java,74.0,4.0,6.0,4.0,13.0,16.0,1,0.027777777777777776,106.58823529411764,6881.31728365322,1,false
src/org/apache/xerces/impl/dv/xs/MonthDayDV.java,77.0,4.0,6.0,4.0,13.0,16.0,1,0.027777777777777776,106.58823529411764,6881.31728365322,1,false
src/org/apache/xerces/impl/dv/xs/SchemaDVFactoryImpl.java,282.0,8.0,3.0,7.0,11.0,18.0,1,0.027777777777777776,106.58823529411764,6881.31728365322,1,false
src/org/apache/xerces/impl/dv/xs/TimeDV.java,63.0,4.0,6.0,4.0,11.0,14.0,1,0.027777777777777776,106.58823529411764,6881.31728365322,1,false
src/org/apache/xerces/impl/dv/xs/XSSimpleTypeDecl.java,2218.0,29.0,4789.0,114.0,155.0,366.0,2,0.05555555555555555,106.58823529411764,6881.31728365322,2,false
src/org/apache/xerces/impl/dv/xs/YearDV.java,75.0,4.0,6.0,4.0,13.0,16.0,1,0.027777777777777776,106.58823529411764,6881.31728365322,1,false
src/org/apache/xerces/impl/dv/xs/YearMonthDV.java,54.0,4.0,6.0,4.0,11.0,14.0,1,0.027777777777777776,106.58823529411764,6881.31728365322,1,false
src/org/apache/xerces/impl/xs/SchemaGrammar.java,878.0,37.0,1188.0,52.0,61.0,128.0,0,0.0,0.0,0.0,0,false
src/org/apache/xerces/impl/xs/XSAttributeDecl.java,132.0,4.0,77.0,18.0,6.0,37.0,0,0.0,0.0,0.0,0,false
src/org/apache/xerces/impl/xs/XSAttributeGroupDecl.java,222.0,9.0,45.0,15.0,17.0,43.0,0,0.0,0.0,0.0,0,false
src/org/apache/xerces/impl/xs/XSComplexTypeDecl.java,454.0,7.0,774.0,45.0,47.0,122.0,0,0.0,0.0,0.0,0,false
src/org/apache/xerces/impl/xs/XSElementDecl.java,277.0,13.0,471.0,35.0,14.0,79.0,0,0.0,0.0,0.0,0,false
src/org/apache/xerces/impl/xs/XSGroupDecl.java,62.0,2.0,24.0,8.0,1.0,16.0,0,0.0,0.0,0.0,0,false
src/org/apache/xerces/impl/xs/XSModelImpl.java,403.0,20.0,63.0,18.0,32.0,63.0,0,0.0,0.0,0.0,0,false
src/org/apache/xerces/impl/xs/XSNotationDecl.java,70.0,6.0,32.0,9.0,1.0,20.0,0,0.0,0.0,0.0,0,false
src/org/apache/xerces/impl/xs/XSWildcardDecl.java,341.0,8.0,136.0,21.0,18.0,73.0,0,0.0,0.0,0.0,0,false
src/org/apache/xerces/impl/xs/traversers/XSDComplexTypeTraverser.java,756.0,24.0,101.0,18.0,128.0,62.0,0,0.0,0.0,0.0,0,false
src/org/apache/xerces/impl/xs/traversers/XSDHandler.java,1769.0,55.0,555.0,43.0,310.0,153.0,1,0.027777777777777776,106.58823529411764,6881.31728365322,1,true
src/org/apache/xerces/impl/xs/traversers/XSDSimpleTypeTraverser.java,337.0,18.0,37.0,10.0,63.0,37.0,0,0.0,0.0,0.0,0,false
src/org/apache/xerces/impl/xs/util/ShortListImpl.java,78.0,2.0,8.0,8.0,2.0,21.0,0,0.0,0.0,0.0,0,false
src/org/apache/xerces/impl/xs/util/SimpleLocator.java,100.0,1.0,116.0,21.0,1.0,35.0,0,0.0,0.0,0.0,0,false
src/org/apache/xerces/impl/xs/util/StringListImpl.java,81.0,2.0,8.0,8.0,4.0,18.0,0,0.0,0.0,0.0,0,false
src/org/apache/xerces/impl/xs/util/XInt.java,23.0,0.0,0.0,5.0,1.0,9.0,0,0.0,0.0,0.0,0,false
src/org/apache/xerces/impl/xs/util/XSNamedMap4Types.java,99.0,3.0,0.0,5.0,7.0,15.0,0,0.0,0.0,0.0,0,false
src/org/apache/xerces/impl/xs/util/XSNamedMapImpl.java,128.0,4.0,15.0,10.0,9.0,27.0,0,0.0,0.0,0.0,0,false
src/org/apache/xerces/jaxp/DocumentBuilderImpl.java,251.0,27.0,4.0,16.0,60.0,49.0,0,0.0,0.0,0.0,0,false
src/org/apache/xerces/jaxp/SAXParserImpl.java,458.0,33.0,0.0,17.0,55.0,50.0,0,0.0,0.0,0.0,0,false
src/org/apache/xerces/jaxp/validation/StAXDocumentHandler.java,25.0,11.0,105.0,15.0,0.0,28.0,1,0.027777777777777776,106.58823529411764,6881.31728365322,1,false
src/org/apache/xerces/jaxp/validation/StAXEventResultBuilder.java,243.0,25.0,433.0,39.0,49.0,84.0,1,0.027777777777777776,106.58823529411764,6881.31728365322,1,false
src/org/apache/xerces/jaxp/validation/StAXStreamResultBuilder.java,181.0,21.0,273.0,34.0,53.0,79.0,1,0.027777777777777776,106.58823529411764,6881.31728365322,1,false
src/org/apache/xerces/jaxp/validation/StAXValidatorHelper.java,517.0,45.0,13.0,10.0,36.0,33.0,1,0.027777777777777776,106.58823529411764,6881.31728365322,1,false
src/org/apache/xerces/jaxp/validation/StreamValidatorHelper.java,143.0,24.0,0.0,3.0,35.0,11.0,1,0.027777777777777776,106.58823529411764,6881.31728365322,1,false
src/org/apache/xerces/jaxp/validation/ValidatorHandlerImpl.java,828.0,61.0,985.0,54.0,139.0,158.0,1,0.027777777777777776,106.58823529411764,6881.31728365322,1,false
src/org/apache/xerces/jaxp/validation/ValidatorImpl.java,184.0,20.0,0.0,14.0,40.0,43.0,1,0.027777777777777776,106.58823529411764,6881.31728365322,1,false
src/org/apache/xerces/parsers/AbstractDOMParser.java,1917.0,51.0,89.0,47.0,339.0,240.0,1,0.027777777777777776,106.58823529411764,6881.31728365322,1,false
src/org/apache/xerces/parsers/AbstractSAXParser.java,1480.0,46.0,906.0,52.0,160.0,239.0,1,0.027777777777777776,106.58823529411764,6881.31728365322,1,false
src/org/apache/xerces/util/StAXInputSource.java,33.0,4.0,11.0,6.0,6.0,11.0,1,0.027777777777777776,106.58823529411764,6881.31728365322,1,false
src/org/apache/xerces/util/StAXLocationWrapper.java,59.0,2.0,24.0,12.0,6.0,27.0,1,0.027777777777777776,106.58823529411764,6881.31728365322,1,false
src/org/apache/xerces/util/XML11Char.java,329.0,1.0,89.0,14.0,21.0,63.0,1,0.027777777777777776,106.58823529411764,6881.31728365322,1,false
src/org/apache/xerces/util/XMLAttributesImpl.java,837.0,3.0,0.0,47.0,36.0,151.0,1,0.027777777777777776,106.58823529411764,6881.31728365322,1,false
src/org/apache/xerces/util/XMLChar.java,958.0,1.0,175.0,22.0,20.0,83.0,1,0.027777777777777776,106.58823529411764,6881.31728365322,1,false
