name,LOC,CBO,LCOM,NOM,RFC,WMC,numOfChanges,bccm,structuralWorkloadSum,semanticWorkloadSum,numberOfDeveloper,isBuggy
samples/dom/ParserWrapper.java,42.0,4.0,3.0,3.0,0.0,9.0,1,0.004524886877828055,861.3333333333334,69785.84342783217,1,false
samples/dom/wrappers/Xerces.java,82.0,10.0,30.0,9.0,17.0,21.0,1,0.004524886877828055,861.3333333333334,69785.84342783217,1,false
samples/jaxp/SourceValidator.java,499.0,24.0,41.0,10.0,63.0,31.0,1,0.004524886877828055,861.3333333333334,69785.84342783217,1,false
samples/sax/DocumentTracer.java,970.0,24.0,0.0,39.0,170.0,89.0,1,0.004524886877828055,861.3333333333334,69785.84342783217,1,false
samples/socket/KeepSocketOpen.java,351.0,17.0,0.0,1.0,3.0,3.0,1,0.004524886877828055,861.3333333333334,69785.84342783217,1,false
samples/socket/io/WrappedInputStream.java,111.0,4.0,0.0,5.0,7.0,20.0,1,0.004524886877828055,861.3333333333334,69785.84342783217,1,false
samples/ui/TreeView.java,631.0,50.0,148.0,21.0,119.0,59.0,1,0.004524886877828055,861.3333333333334,69785.84342783217,1,false
samples/xni/Counter.java,520.0,14.0,61.0,14.0,50.0,36.0,1,0.004524886877828055,861.3333333333334,69785.84342783217,1,false
samples/xni/ObjectFactory.java,348.0,7.0,9.0,7.0,36.0,39.0,1,0.004524886877828055,861.3333333333334,69785.84342783217,1,false
samples/xni/PassThroughFilter.java,259.0,10.0,0.0,19.0,16.0,56.0,1,0.004524886877828055,861.3333333333334,69785.84342783217,1,false
samples/xni/SecuritySupport.java,103.0,8.0,136.0,17.0,29.0,48.0,1,0.004524886877828055,861.3333333333334,69785.84342783217,1,false
samples/xni/parser/AbstractConfiguration.java,327.0,18.0,195.0,22.0,34.0,61.0,1,0.004524886877828055,861.3333333333334,69785.84342783217,1,false
src/org/apache/html/dom/HTMLMapElementImpl.java,37.0,3.0,8.0,5.0,2.0,10.0,1,0.004524886877828055,861.3333333333334,69785.84342783217,1,false
src/org/apache/html/dom/ObjectFactory.java,346.0,7.0,9.0,7.0,36.0,39.0,1,0.004524886877828055,861.3333333333334,69785.84342783217,1,false
src/org/apache/html/dom/SecuritySupport.java,103.0,8.0,136.0,17.0,29.0,48.0,1,0.004524886877828055,861.3333333333334,69785.84342783217,1,false
src/org/apache/xerces/dom/ASDOMImplementationImpl.java,56.0,7.0,6.0,4.0,1.0,11.0,1,0.004524886877828055,861.3333333333334,69785.84342783217,1,false
src/org/apache/xerces/dom/ASModelImpl.java,390.0,13.0,752.0,40.0,33.0,134.0,1,0.004524886877828055,861.3333333333334,69785.84342783217,1,false
src/org/apache/xerces/dom/AttrImpl.java,868.0,10.0,777.0,46.0,153.0,161.0,1,0.004524886877828055,861.3333333333334,69785.84342783217,1,false
src/org/apache/xerces/dom/CoreDocumentImpl.java,2029.0,37.0,7351.0,127.0,240.0,416.0,1,0.004524886877828055,861.3333333333334,69785.84342783217,1,false
src/org/apache/xerces/dom/DOMConfigurationImpl.java,840.0,33.0,403.0,31.0,59.0,94.0,1,0.004524886877828055,861.3333333333334,69785.84342783217,1,false
src/org/apache/xerces/dom/DOMErrorImpl.java,72.0,3.0,33.0,10.0,5.0,21.0,1,0.004524886877828055,861.3333333333334,69785.84342783217,1,false
src/org/apache/xerces/dom/DOMImplementationListImpl.java,45.0,4.0,0.0,5.0,3.0,9.0,1,0.004524886877828055,861.3333333333334,69785.84342783217,1,false
src/org/apache/xerces/dom/DOMInputImpl.java,303.0,3.0,110.0,21.0,0.0,55.0,1,0.004524886877828055,861.3333333333334,69785.84342783217,1,false
src/org/apache/xerces/dom/DOMMessageFormatter.java,97.0,4.0,2.0,5.0,9.0,16.0,1,0.004524886877828055,861.3333333333334,69785.84342783217,1,false
src/org/apache/xerces/dom/DOMOutputImpl.java,125.0,3.0,28.0,9.0,0.0,23.0,1,0.004524886877828055,861.3333333333334,69785.84342783217,1,false
src/org/apache/xerces/dom/DocumentTypeImpl.java,327.0,6.0,165.0,22.0,40.0,63.0,1,0.004524886877828055,861.3333333333334,69785.84342783217,1,false
src/org/apache/xerces/dom/ElementImpl.java,867.0,9.0,304.0,44.0,163.0,154.0,1,0.004524886877828055,861.3333333333334,69785.84342783217,1,false
src/org/apache/xerces/dom/ElementNSImpl.java,262.0,7.0,58.0,16.0,39.0,50.0,1,0.004524886877828055,861.3333333333334,69785.84342783217,1,false
src/org/apache/xerces/dom/NodeImpl.java,1437.0,14.0,3034.0,84.0,134.0,241.0,1,0.004524886877828055,861.3333333333334,69785.84342783217,1,false
src/org/apache/xerces/dom/ObjectFactory.java,346.0,7.0,9.0,7.0,36.0,39.0,1,0.004524886877828055,861.3333333333334,69785.84342783217,1,false
src/org/apache/xerces/dom/PSVIAttrNSImpl.java,184.0,11.0,125.0,18.0,17.0,38.0,1,0.004524886877828055,861.3333333333334,69785.84342783217,1,false
src/org/apache/xerces/dom/PSVIDocumentImpl.java,89.0,12.0,55.0,11.0,7.0,36.0,1,0.004524886877828055,861.3333333333334,69785.84342783217,1,false
src/org/apache/xerces/dom/PSVIElementNSImpl.java,224.0,13.0,176.0,21.0,20.0,48.0,1,0.004524886877828055,861.3333333333334,69785.84342783217,1,false
src/org/apache/xerces/dom/ParentNode.java,727.0,9.0,418.0,36.0,110.0,131.0,1,0.004524886877828055,861.3333333333334,69785.84342783217,1,false
src/org/apache/xerces/dom/ProcessingInstructionImpl.java,96.0,3.0,15.0,7.0,10.0,20.0,1,0.004524886877828055,861.3333333333334,69785.84342783217,1,false
src/org/apache/xerces/dom/SecuritySupport.java,103.0,8.0,136.0,17.0,29.0,48.0,1,0.004524886877828055,861.3333333333334,69785.84342783217,1,false
src/org/apache/xerces/dom3/as/ElementEditAS.java,112.0,3.0,78.0,13.0,0.0,39.0,1,0.004524886877828055,861.3333333333334,69785.84342783217,1,false
src/org/apache/xerces/impl/Constants.java,582.0,2.0,1.0,7.0,3.0,14.0,2,0.00904977375565611,875.3333333333334,69893.9360996381,2,false
src/org/apache/xerces/impl/XML11EntityScanner.java,1184.0,8.0,78.0,13.0,65.0,91.0,1,0.004524886877828055,861.3333333333334,69785.84342783217,1,false
src/org/apache/xerces/impl/XMLEntityManager.java,2413.0,43.0,1033.0,54.0,227.0,211.0,1,0.004524886877828055,861.3333333333334,69785.84342783217,1,true
src/org/apache/xerces/impl/XMLVersionDetector.java,149.0,10.0,0.0,4.0,21.0,18.0,1,0.004524886877828055,861.3333333333334,69785.84342783217,1,false
src/org/apache/xerces/impl/dtd/DTDGrammarBucket.java,55.0,2.0,4.0,8.0,4.0,12.0,1,0.004524886877828055,861.3333333333334,69785.84342783217,1,false
src/org/apache/xerces/impl/dtd/XMLDTDDescription.java,132.0,6.0,0.0,10.0,16.0,22.0,1,0.004524886877828055,861.3333333333334,69785.84342783217,1,true
src/org/apache/xerces/impl/dtd/XMLDTDLoader.java,375.0,19.0,136.0,21.0,54.0,59.0,1,0.004524886877828055,861.3333333333334,69785.84342783217,1,false
src/org/apache/xerces/impl/dtd/XMLDTDValidator.java,1427.0,31.0,574.0,49.0,148.0,195.0,0,0.0,0.0,0.0,0,false
src/org/apache/xerces/impl/dtd/XMLElementDecl.java,71.0,2.0,0.0,2.0,2.0,2.0,1,0.004524886877828055,861.3333333333334,69785.84342783217,1,false
src/org/apache/xerces/impl/dtd/models/MixedContentModel.java,139.0,2.0,0.0,2.0,0.0,10.0,1,0.004524886877828055,861.3333333333334,69785.84342783217,1,false
src/org/apache/xerces/impl/dtd/models/SimpleContentModel.java,149.0,2.0,0.0,2.0,2.0,12.0,1,0.004524886877828055,861.3333333333334,69785.84342783217,1,false
src/org/apache/xerces/impl/dv/DatatypeException.java,68.0,3.0,0.0,4.0,3.0,11.0,1,0.004524886877828055,861.3333333333334,69785.84342783217,1,false
src/org/apache/xerces/impl/dv/DatatypeValidator.java,15.0,0.0,0.0,1.0,0.0,2.0,1,0.004524886877828055,861.3333333333334,69785.84342783217,1,false
src/org/apache/xerces/impl/dv/ObjectFactory.java,346.0,7.0,9.0,7.0,36.0,39.0,1,0.004524886877828055,861.3333333333334,69785.84342783217,1,false
src/org/apache/xerces/impl/dv/SecuritySupport.java,103.0,8.0,136.0,17.0,29.0,48.0,1,0.004524886877828055,861.3333333333334,69785.84342783217,1,false
src/org/apache/xerces/impl/dv/ValidationContext.java,21.0,1.0,66.0,12.0,0.0,12.0,1,0.004524886877828055,861.3333333333334,69785.84342783217,1,false
src/org/apache/xerces/impl/dv/XSFacets.java,89.0,4.0,0.0,1.0,0.0,1.0,1,0.004524886877828055,861.3333333333334,69785.84342783217,1,false
src/org/apache/xerces/impl/dv/dtd/DTDDVFactoryImpl.java,42.0,3.0,0.0,3.0,3.0,5.0,1,0.004524886877828055,861.3333333333334,69785.84342783217,1,false
src/org/apache/xerces/impl/dv/dtd/ENTITYDatatypeValidator.java,34.0,3.0,1.0,2.0,1.0,5.0,1,0.004524886877828055,861.3333333333334,69785.84342783217,1,false
src/org/apache/xerces/impl/dv/dtd/IDDatatypeValidator.java,48.0,4.0,1.0,2.0,5.0,6.0,1,0.004524886877828055,861.3333333333334,69785.84342783217,1,false
src/org/apache/xerces/impl/dv/dtd/IDREFDatatypeValidator.java,42.0,4.0,1.0,2.0,4.0,6.0,1,0.004524886877828055,861.3333333333334,69785.84342783217,1,false
src/org/apache/xerces/impl/dv/dtd/ListDatatypeValidator.java,32.0,4.0,0.0,2.0,4.0,6.0,1,0.004524886877828055,861.3333333333334,69785.84342783217,1,false
src/org/apache/xerces/impl/dv/dtd/NMTOKENDatatypeValidator.java,25.0,4.0,1.0,2.0,1.0,5.0,1,0.004524886877828055,861.3333333333334,69785.84342783217,1,false
src/org/apache/xerces/impl/dv/dtd/NOTATIONDatatypeValidator.java,24.0,3.0,1.0,2.0,0.0,5.0,1,0.004524886877828055,861.3333333333334,69785.84342783217,1,false
src/org/apache/xerces/impl/dv/dtd/StringDatatypeValidator.java,30.0,3.0,1.0,2.0,0.0,5.0,1,0.004524886877828055,861.3333333333334,69785.84342783217,1,false
src/org/apache/xerces/impl/dv/dtd/XML11DTDDVFactoryImpl.java,47.0,4.0,0.0,2.0,9.0,6.0,1,0.004524886877828055,861.3333333333334,69785.84342783217,1,false
src/org/apache/xerces/impl/dv/dtd/XML11IDDatatypeValidator.java,50.0,3.0,1.0,2.0,5.0,6.0,1,0.004524886877828055,861.3333333333334,69785.84342783217,1,false
src/org/apache/xerces/impl/dv/dtd/XML11IDREFDatatypeValidator.java,44.0,3.0,1.0,2.0,4.0,6.0,1,0.004524886877828055,861.3333333333334,69785.84342783217,1,false
src/org/apache/xerces/impl/dv/dtd/XML11NMTOKENDatatypeValidator.java,27.0,3.0,1.0,2.0,1.0,5.0,1,0.004524886877828055,861.3333333333334,69785.84342783217,1,false
src/org/apache/xerces/impl/dv/util/ByteListImpl.java,51.0,2.0,0.0,4.0,0.0,11.0,1,0.004524886877828055,861.3333333333334,69785.84342783217,1,false
src/org/apache/xerces/impl/dv/xs/AnyURIDV.java,108.0,3.0,3.0,3.0,8.0,15.0,1,0.004524886877828055,861.3333333333334,69785.84342783217,1,false
src/org/apache/xerces/impl/dv/xs/BaseDVFactory.java,178.0,6.0,13.0,6.0,5.0,12.0,1,0.004524886877828055,861.3333333333334,69785.84342783217,1,false
src/org/apache/xerces/impl/dv/xs/BaseSchemaDVFactory.java,239.0,7.0,0.0,5.0,9.0,11.0,1,0.004524886877828055,14.0,108.09267180593889,1,false
src/org/apache/xerces/impl/dv/xs/ExtendedSchemaDVFactoryImpl.java,45.0,2.0,0.0,3.0,5.0,6.0,1,0.004524886877828055,14.0,108.09267180593889,1,false
src/org/apache/xerces/impl/dv/xs/FullDVFactory.java,111.0,4.0,1.0,3.0,6.0,6.0,1,0.004524886877828055,861.3333333333334,69785.84342783217,1,false
src/org/apache/xerces/impl/dv/xs/IDDV.java,23.0,3.0,3.0,3.0,3.0,9.0,1,0.004524886877828055,861.3333333333334,69785.84342783217,1,false
src/org/apache/xerces/impl/dv/xs/QNameDV.java,63.0,5.0,3.0,3.0,7.0,10.0,1,0.004524886877828055,861.3333333333334,69785.84342783217,1,false
src/org/apache/xerces/impl/dv/xs/SchemaDVFactoryImpl.java,38.0,2.0,0.0,3.0,3.0,6.0,1,0.004524886877828055,14.0,108.09267180593889,1,false
src/org/apache/xerces/impl/dv/xs/XSSimpleTypeDecl.java,2238.0,30.0,5018.0,116.0,158.0,370.0,1,0.004524886877828055,861.3333333333334,69785.84342783217,1,false
src/org/apache/xerces/impl/dv/xs/XSSimpleTypeDelegate.java,131.0,12.0,0.0,40.0,39.0,84.0,0,0.0,0.0,0.0,0,false
src/org/apache/xerces/impl/io/ASCIIReader.java,163.0,6.0,0.0,11.0,9.0,39.0,1,0.004524886877828055,861.3333333333334,69785.84342783217,1,false
src/org/apache/xerces/impl/io/MalformedByteSequenceException.java,92.0,3.0,0.0,5.0,1.0,15.0,1,0.004524886877828055,861.3333333333334,69785.84342783217,1,false
src/org/apache/xerces/impl/io/UCSReader.java,238.0,3.0,0.0,11.0,7.0,38.0,1,0.004524886877828055,861.3333333333334,69785.84342783217,1,false
src/org/apache/xerces/impl/io/UTF8Reader.java,522.0,6.0,61.0,15.0,18.0,60.0,1,0.004524886877828055,861.3333333333334,69785.84342783217,1,false
src/org/apache/xerces/impl/msg/XMLMessageFormatter.java,68.0,5.0,0.0,1.0,5.0,6.0,1,0.004524886877828055,861.3333333333334,69785.84342783217,1,false
src/org/apache/xerces/impl/validation/ValidationState.java,125.0,6.0,179.0,23.0,17.0,40.0,1,0.004524886877828055,861.3333333333334,69785.84342783217,1,false
src/org/apache/xerces/impl/xpath/regex/ParserForXMLSchema.java,359.0,2.0,703.0,38.0,76.0,100.0,1,0.004524886877828055,861.3333333333334,69785.84342783217,1,false
src/org/apache/xerces/impl/xpath/regex/RegularExpression.java,2520.0,2.0,1055.0,55.0,251.0,204.0,1,0.004524886877828055,861.3333333333334,69785.84342783217,1,true
src/org/apache/xerces/impl/xpath/regex/Token.java,1178.0,2.0,879.0,51.0,77.0,151.0,1,0.004524886877828055,861.3333333333334,69785.84342783217,1,true
src/org/apache/xerces/impl/xs/AttributePSVImpl.java,163.0,8.0,63.0,14.0,1.0,31.0,1,0.004524886877828055,861.3333333333334,69785.84342783217,1,false
src/org/apache/xerces/impl/xs/ElementPSVImpl.java,213.0,10.0,104.0,17.0,1.0,41.0,1,0.004524886877828055,861.3333333333334,69785.84342783217,1,false
src/org/apache/xerces/impl/xs/SchemaGrammar.java,894.0,37.0,1238.0,53.0,61.0,132.0,2,0.00904977375565611,875.3333333333334,69893.9360996381,2,false
src/org/apache/xerces/impl/xs/SubstitutionGroupHandler.java,208.0,7.0,35.0,10.0,29.0,38.0,1,0.004524886877828055,861.3333333333334,69785.84342783217,1,false
src/org/apache/xerces/impl/xs/XMLSchemaLoader.java,900.0,54.0,620.0,41.0,159.0,143.0,1,0.004524886877828055,861.3333333333334,69785.84342783217,1,true
src/org/apache/xerces/impl/xs/XMLSchemaValidator.java,2884.0,59.0,842.0,57.0,262.0,223.0,1,0.004524886877828055,861.3333333333334,69785.84342783217,1,true
src/org/apache/xerces/impl/xs/XSAnnotationImpl.java,114.0,14.0,24.0,9.0,15.0,26.0,1,0.004524886877828055,861.3333333333334,69785.84342783217,1,false
src/org/apache/xerces/impl/xs/XSAttributeDecl.java,132.0,11.0,77.0,18.0,6.0,37.0,1,0.004524886877828055,861.3333333333334,69785.84342783217,1,false
src/org/apache/xerces/impl/xs/XSAttributeGroupDecl.java,222.0,9.0,45.0,15.0,17.0,43.0,1,0.004524886877828055,861.3333333333334,69785.84342783217,1,false
src/org/apache/xerces/impl/xs/XSComplexTypeDecl.java,454.0,15.0,774.0,45.0,47.0,122.0,1,0.004524886877828055,861.3333333333334,69785.84342783217,1,false
src/org/apache/xerces/impl/xs/XSConstraints.java,793.0,15.0,465.0,31.0,124.0,149.0,1,0.004524886877828055,861.3333333333334,69785.84342783217,1,false
src/org/apache/xerces/impl/xs/XSElementDecl.java,277.0,13.0,471.0,35.0,14.0,79.0,1,0.004524886877828055,861.3333333333334,69785.84342783217,1,false
src/org/apache/xerces/impl/xs/XSGrammarBucket.java,98.0,3.0,0.0,5.0,16.0,18.0,1,0.004524886877828055,861.3333333333334,69785.84342783217,1,false
src/org/apache/xerces/impl/xs/XSGroupDecl.java,62.0,7.0,24.0,8.0,1.0,16.0,1,0.004524886877828055,861.3333333333334,69785.84342783217,1,false
src/org/apache/xerces/impl/xs/XSLoaderImpl.java,229.0,17.0,0.0,10.0,27.0,31.0,1,0.004524886877828055,861.3333333333334,69785.84342783217,1,false
src/org/apache/xerces/impl/xs/XSMessageFormatter.java,51.0,5.0,0.0,1.0,3.0,6.0,1,0.004524886877828055,861.3333333333334,69785.84342783217,1,false
src/org/apache/xerces/impl/xs/XSModelGroupImpl.java,153.0,6.0,56.0,17.0,12.0,53.0,1,0.004524886877828055,861.3333333333334,69785.84342783217,1,false
src/org/apache/xerces/impl/xs/XSModelImpl.java,406.0,21.0,81.0,19.0,33.0,64.0,2,0.00904977375565611,875.3333333333334,69893.9360996381,2,false
src/org/apache/xerces/impl/xs/XSWildcardDecl.java,341.0,8.0,136.0,21.0,18.0,73.0,1,0.004524886877828055,861.3333333333334,69785.84342783217,1,false
src/org/apache/xerces/impl/xs/identity/IdentityConstraint.java,190.0,8.0,162.0,21.0,9.0,51.0,1,0.004524886877828055,861.3333333333334,69785.84342783217,1,false
src/org/apache/xerces/impl/xs/models/CMNodeFactory.java,98.0,7.0,28.0,9.0,12.0,21.0,1,0.004524886877828055,861.3333333333334,69785.84342783217,1,false
src/org/apache/xerces/impl/xs/models/XSAllCM.java,121.0,6.0,0.0,9.0,6.0,31.0,1,0.004524886877828055,861.3333333333334,69785.84342783217,1,false
src/org/apache/xerces/impl/xs/models/XSCMValidator.java,53.0,4.0,15.0,6.0,0.0,19.0,1,0.004524886877828055,861.3333333333334,69785.84342783217,1,false
src/org/apache/xerces/impl/xs/models/XSEmptyCM.java,71.0,4.0,15.0,6.0,0.0,18.0,1,0.004524886877828055,861.3333333333334,69785.84342783217,1,false
src/org/apache/xerces/impl/xs/opti/AttrImpl.java,67.0,5.0,47.0,11.0,3.0,23.0,1,0.004524886877828055,861.3333333333334,69785.84342783217,1,false
src/org/apache/xerces/impl/xs/opti/DefaultDocument.java,186.0,15.0,526.0,33.0,0.0,79.0,1,0.004524886877828055,861.3333333333334,69785.84342783217,1,false
src/org/apache/xerces/impl/xs/opti/DefaultElement.java,72.0,5.0,231.0,22.0,0.0,43.0,1,0.004524886877828055,861.3333333333334,69785.84342783217,1,false
src/org/apache/xerces/impl/xs/opti/DefaultNode.java,122.0,6.0,703.0,38.0,0.0,76.0,1,0.004524886877828055,861.3333333333334,69785.84342783217,1,false
src/org/apache/xerces/impl/xs/opti/DefaultText.java,174.0,2.0,66.0,12.0,0.0,38.0,1,0.004524886877828055,861.3333333333334,69785.84342783217,1,false
src/org/apache/xerces/impl/xs/opti/DefaultXMLDocumentHandler.java,544.0,14.0,1320.0,52.0,0.0,163.0,1,0.004524886877828055,861.3333333333334,69785.84342783217,1,false
src/org/apache/xerces/impl/xs/opti/NamedNodeMapImpl.java,48.0,4.0,16.0,9.0,6.0,24.0,1,0.004524886877828055,861.3333333333334,69785.84342783217,1,false
src/org/apache/xerces/impl/xs/opti/NodeImpl.java,49.0,0.0,33.0,10.0,2.0,18.0,1,0.004524886877828055,861.3333333333334,69785.84342783217,1,false
src/org/apache/xerces/impl/xs/opti/SchemaParsingConfig.java,678.0,27.0,175.0,23.0,68.0,79.0,1,0.004524886877828055,861.3333333333334,69785.84342783217,1,false
src/org/apache/xerces/impl/xs/opti/TextImpl.java,82.0,2.0,4.0,8.0,4.0,23.0,1,0.004524886877828055,861.3333333333334,69785.84342783217,1,false
src/org/apache/xerces/impl/xs/traversers/StAXSchemaParser.java,351.0,24.0,52.0,16.0,129.0,46.0,1,0.004524886877828055,861.3333333333334,69785.84342783217,1,false
src/org/apache/xerces/impl/xs/traversers/XSAnnotationInfo.java,50.0,2.0,0.0,2.0,3.0,4.0,1,0.004524886877828055,861.3333333333334,69785.84342783217,1,false
src/org/apache/xerces/impl/xs/traversers/XSAttributeChecker.java,967.0,23.0,37.0,11.0,72.0,47.0,1,0.004524886877828055,861.3333333333334,69785.84342783217,1,false
src/org/apache/xerces/impl/xs/traversers/XSDAbstractTraverser.java,579.0,24.0,32.0,12.0,106.0,52.0,1,0.004524886877828055,861.3333333333334,69785.84342783217,1,false
src/org/apache/xerces/impl/xs/traversers/XSDElementTraverser.java,323.0,22.0,13.0,6.0,66.0,22.0,1,0.004524886877828055,861.3333333333334,69785.84342783217,1,false
src/org/apache/xerces/impl/xs/traversers/XSDHandler.java,1856.0,60.0,549.0,43.0,325.0,155.0,1,0.004524886877828055,861.3333333333334,69785.84342783217,1,true
src/org/apache/xerces/impl/xs/traversers/XSDocumentInfo.java,110.0,10.0,44.0,12.0,21.0,26.0,1,0.004524886877828055,861.3333333333334,69785.84342783217,1,false
src/org/apache/xerces/impl/xs/util/StringListImpl.java,81.0,2.0,8.0,8.0,4.0,18.0,1,0.004524886877828055,861.3333333333334,69785.84342783217,1,false
src/org/apache/xerces/impl/xs/util/XSGrammarPool.java,30.0,7.0,1.0,2.0,6.0,6.0,1,0.004524886877828055,14.0,108.09267180593889,1,true
src/org/apache/xerces/impl/xs/util/XSNamedMap4Types.java,99.0,3.0,0.0,5.0,7.0,15.0,1,0.004524886877828055,861.3333333333334,69785.84342783217,1,false
src/org/apache/xerces/jaxp/DocumentBuilderImpl.java,255.0,28.0,4.0,16.0,65.0,50.0,1,0.004524886877828055,861.3333333333334,69785.84342783217,1,false
src/org/apache/xerces/jaxp/SAXParserImpl.java,460.0,32.0,0.0,17.0,57.0,50.0,1,0.004524886877828055,861.3333333333334,69785.84342783217,1,false
src/org/apache/xerces/jaxp/validation/DOMDocumentHandler.java,42.0,8.0,21.0,7.0,0.0,13.0,1,0.004524886877828055,861.3333333333334,69785.84342783217,1,false
src/org/apache/xerces/jaxp/validation/DOMResultBuilder.java,231.0,38.0,285.0,27.0,76.0,68.0,1,0.004524886877828055,861.3333333333334,69785.84342783217,1,false
src/org/apache/xerces/jaxp/validation/DOMValidatorHelper.java,474.0,36.0,39.0,14.0,86.0,50.0,1,0.004524886877828055,861.3333333333334,69785.84342783217,1,false
src/org/apache/xerces/jaxp/validation/JAXPValidationMessageFormatter.java,59.0,4.0,0.0,1.0,5.0,7.0,1,0.004524886877828055,861.3333333333334,69785.84342783217,1,false
src/org/apache/xerces/jaxp/validation/SoftReferenceGrammarPool.java,301.0,7.0,22.0,16.0,32.0,53.0,1,0.004524886877828055,861.3333333333334,69785.84342783217,1,false
src/org/apache/xerces/jaxp/validation/StAXEventResultBuilder.java,243.0,25.0,433.0,39.0,49.0,84.0,1,0.004524886877828055,861.3333333333334,69785.84342783217,1,false
src/org/apache/xerces/jaxp/validation/StAXStreamResultBuilder.java,181.0,21.0,273.0,34.0,53.0,79.0,1,0.004524886877828055,861.3333333333334,69785.84342783217,1,false
src/org/apache/xerces/jaxp/validation/StAXValidatorHelper.java,594.0,44.0,9.0,10.0,37.0,34.0,1,0.004524886877828055,861.3333333333334,69785.84342783217,1,false
src/org/apache/xerces/jaxp/validation/StreamValidatorHelper.java,146.0,23.0,0.0,3.0,35.0,11.0,1,0.004524886877828055,861.3333333333334,69785.84342783217,1,false
src/org/apache/xerces/jaxp/validation/ValidatorHandlerImpl.java,844.0,60.0,985.0,54.0,139.0,162.0,1,0.004524886877828055,861.3333333333334,69785.84342783217,1,false
src/org/apache/xerces/jaxp/validation/ValidatorImpl.java,214.0,23.0,0.0,14.0,44.0,47.0,1,0.004524886877828055,861.3333333333334,69785.84342783217,1,false
src/org/apache/xerces/jaxp/validation/XMLSchemaFactory.java,365.0,36.0,0.0,14.0,67.0,56.0,1,0.004524886877828055,861.3333333333334,69785.84342783217,1,true
src/org/apache/xerces/jaxp/validation/XMLSchemaValidatorComponentManager.java,396.0,24.0,36.0,16.0,52.0,49.0,1,0.004524886877828055,861.3333333333334,69785.84342783217,1,true
src/org/apache/xerces/parsers/AbstractDOMParser.java,1923.0,51.0,57.0,46.0,335.0,238.0,1,0.004524886877828055,861.3333333333334,69785.84342783217,1,false
src/org/apache/xerces/parsers/AbstractSAXParser.java,1478.0,46.0,906.0,52.0,160.0,239.0,1,0.004524886877828055,861.3333333333334,69785.84342783217,1,false
src/org/apache/xerces/parsers/CachingParserPool.java,250.0,7.0,0.0,7.0,0.0,12.0,1,0.004524886877828055,861.3333333333334,69785.84342783217,1,false
src/org/apache/xerces/parsers/DOMParser.java,391.0,27.0,99.0,15.0,70.0,64.0,1,0.004524886877828055,861.3333333333334,69785.84342783217,1,true
src/org/apache/xerces/parsers/DOMParserImpl.java,953.0,48.0,256.0,25.0,94.0,96.0,1,0.004524886877828055,861.3333333333334,69785.84342783217,1,false
src/org/apache/xerces/parsers/DTDConfiguration.java,591.0,24.0,276.0,25.0,52.0,75.0,1,0.004524886877828055,861.3333333333334,69785.84342783217,1,false
src/org/apache/xerces/parsers/DTDParser.java,317.0,10.0,406.0,29.0,0.0,76.0,1,0.004524886877828055,861.3333333333334,69785.84342783217,1,false
src/org/apache/xerces/parsers/NonValidatingConfiguration.java,513.0,22.0,223.0,23.0,46.0,72.0,1,0.004524886877828055,861.3333333333334,69785.84342783217,1,false
src/org/apache/xerces/parsers/ObjectFactory.java,345.0,7.0,9.0,7.0,36.0,39.0,1,0.004524886877828055,861.3333333333334,69785.84342783217,1,false
src/org/apache/xerces/parsers/SecurityConfiguration.java,61.0,5.0,6.0,4.0,1.0,7.0,1,0.004524886877828055,861.3333333333334,69785.84342783217,1,false
src/org/apache/xerces/parsers/SecuritySupport.java,103.0,8.0,136.0,17.0,29.0,48.0,1,0.004524886877828055,861.3333333333334,69785.84342783217,1,false
src/org/apache/xerces/parsers/XML11Configuration.java,1141.0,43.0,518.0,37.0,107.0,116.0,1,0.004524886877828055,861.3333333333334,69785.84342783217,1,false
src/org/apache/xerces/parsers/XMLGrammarPreparser.java,242.0,16.0,33.0,18.0,33.0,44.0,1,0.004524886877828055,861.3333333333334,69785.84342783217,1,false
src/org/apache/xerces/parsers/XMLParser.java,57.0,5.0,1.0,3.0,3.0,6.0,1,0.004524886877828055,861.3333333333334,69785.84342783217,1,false
src/org/apache/xerces/parsers/XPointerParserConfiguration.java,150.0,10.0,15.0,7.0,19.0,15.0,1,0.004524886877828055,861.3333333333334,69785.84342783217,1,false
src/org/apache/xerces/util/DOMEntityResolverWrapper.java,92.0,11.0,9.0,6.0,19.0,15.0,1,0.004524886877828055,861.3333333333334,69785.84342783217,1,false
src/org/apache/xerces/util/DOMErrorHandlerWrapper.java,311.0,12.0,2.0,9.0,36.0,20.0,1,0.004524886877828055,861.3333333333334,69785.84342783217,1,false
src/org/apache/xerces/util/EntityResolver2Wrapper.java,117.0,12.0,9.0,7.0,21.0,20.0,1,0.004524886877828055,861.3333333333334,69785.84342783217,1,false
src/org/apache/xerces/util/EntityResolverWrapper.java,74.0,10.0,4.0,5.0,13.0,12.0,1,0.004524886877828055,861.3333333333334,69785.84342783217,1,false
src/org/apache/xerces/util/HTTPInputSource.java,133.0,7.0,28.0,9.0,5.0,21.0,1,0.004524886877828055,861.3333333333334,69785.84342783217,1,false
src/org/apache/xerces/util/JAXPNamespaceContextWrapper.java,87.0,7.0,66.0,16.0,16.0,29.0,0,0.0,0.0,0.0,0,false
src/org/apache/xerces/util/SAXLocatorWrapper.java,66.0,3.0,30.0,12.0,7.0,29.0,1,0.004524886877828055,861.3333333333334,69785.84342783217,1,false
src/org/apache/xerces/util/SAXMessageFormatter.java,59.0,4.0,0.0,1.0,5.0,7.0,1,0.004524886877828055,861.3333333333334,69785.84342783217,1,false
src/org/apache/xerces/util/StAXInputSource.java,55.0,4.0,22.0,9.0,6.0,20.0,0,0.0,0.0,0.0,0,false
src/org/apache/xerces/util/URI.java,1632.0,3.0,1183.0,58.0,153.0,276.0,1,0.004524886877828055,861.3333333333334,69785.84342783217,1,false
src/org/apache/xerces/util/XMLCatalogResolver.java,427.0,17.0,183.0,22.0,50.0,84.0,1,0.004524886877828055,861.3333333333334,69785.84342783217,1,false
src/org/apache/xerces/xinclude/ObjectFactory.java,345.0,7.0,9.0,7.0,36.0,39.0,1,0.004524886877828055,861.3333333333334,69785.84342783217,1,false
src/org/apache/xerces/xinclude/SecuritySupport.java,103.0,8.0,136.0,17.0,29.0,48.0,1,0.004524886877828055,861.3333333333334,69785.84342783217,1,false
src/org/apache/xerces/xinclude/XIncludeHandler.java,2048.0,47.0,4993.0,115.0,386.0,370.0,1,0.004524886877828055,861.3333333333334,69785.84342783217,1,false
src/org/apache/xerces/xinclude/XIncludeMessageFormatter.java,46.0,5.0,0.0,1.0,3.0,6.0,1,0.004524886877828055,861.3333333333334,69785.84342783217,1,false
src/org/apache/xerces/xni/grammars/XMLGrammarLoader.java,90.0,7.0,78.0,13.0,0.0,29.0,1,0.004524886877828055,861.3333333333334,69785.84342783217,1,false
src/org/apache/xerces/xni/parser/XMLComponent.java,77.0,1.0,21.0,7.0,0.0,22.0,1,0.004524886877828055,861.3333333333334,69785.84342783217,1,false
src/org/apache/xerces/xni/parser/XMLDTDScanner.java,54.0,2.0,3.0,3.0,0.0,11.0,1,0.004524886877828055,861.3333333333334,69785.84342783217,1,false
src/org/apache/xerces/xni/parser/XMLDocumentScanner.java,35.0,2.0,1.0,2.0,0.0,6.0,1,0.004524886877828055,861.3333333333334,69785.84342783217,1,false
src/org/apache/xerces/xni/parser/XMLEntityResolver.java,23.0,3.0,0.0,1.0,0.0,4.0,1,0.004524886877828055,861.3333333333334,69785.84342783217,1,false
src/org/apache/xerces/xni/parser/XMLInputSource.java,198.0,3.0,32.0,16.0,3.0,36.0,1,0.004524886877828055,861.3333333333334,69785.84342783217,1,false
src/org/apache/xerces/xni/parser/XMLParserConfiguration.java,177.0,6.0,171.0,19.0,0.0,37.0,1,0.004524886877828055,861.3333333333334,69785.84342783217,1,false
src/org/apache/xerces/xpointer/XPointerMessageFormatter.java,46.0,5.0,0.0,1.0,3.0,6.0,1,0.004524886877828055,861.3333333333334,69785.84342783217,1,false
src/org/apache/xml/serialize/BaseMarkupSerializer.java,1265.0,26.0,1089.0,63.0,200.0,246.0,1,0.004524886877828055,861.3333333333334,69785.84342783217,1,true
src/org/apache/xml/serialize/DOMSerializer.java,36.0,4.0,3.0,3.0,0.0,12.0,1,0.004524886877828055,861.3333333333334,69785.84342783217,1,false
src/org/apache/xml/serialize/EncodingInfo.java,173.0,5.0,3.0,6.0,5.0,19.0,1,0.004524886877828055,861.3333333333334,69785.84342783217,1,false
src/org/apache/xml/serialize/HTMLSerializer.java,527.0,14.0,119.0,18.0,108.0,68.0,1,0.004524886877828055,861.3333333333334,69785.84342783217,1,false
src/org/apache/xml/serialize/HTMLdtd.java,387.0,6.0,106.0,16.0,35.0,55.0,1,0.004524886877828055,861.3333333333334,69785.84342783217,1,false
src/org/apache/xml/serialize/IndentPrinter.java,214.0,3.0,0.0,17.0,33.0,46.0,1,0.004524886877828055,861.3333333333334,69785.84342783217,1,false
src/org/apache/xml/serialize/ObjectFactory.java,345.0,7.0,9.0,7.0,36.0,39.0,1,0.004524886877828055,861.3333333333334,69785.84342783217,1,false
src/org/apache/xml/serialize/Printer.java,224.0,3.0,25.0,18.0,17.0,56.0,1,0.004524886877828055,861.3333333333334,69785.84342783217,1,true
src/org/apache/xml/serialize/SecuritySupport.java,103.0,8.0,136.0,17.0,29.0,48.0,1,0.004524886877828055,861.3333333333334,69785.84342783217,1,false
src/org/apache/xml/serialize/Serializer.java,68.0,7.0,15.0,6.0,0.0,19.0,1,0.004524886877828055,861.3333333333334,69785.84342783217,1,false
src/org/apache/xml/serialize/SerializerFactory.java,85.0,5.0,13.0,6.0,3.0,12.0,1,0.004524886877828055,861.3333333333334,69785.84342783217,1,false
src/org/apache/xml/serialize/SerializerFactoryImpl.java,60.0,4.0,9.0,6.0,10.0,23.0,1,0.004524886877828055,861.3333333333334,69785.84342783217,1,false
src/org/apache/xml/serialize/XMLSerializer.java,946.0,22.0,211.0,23.0,178.0,108.0,1,0.004524886877828055,861.3333333333334,69785.84342783217,1,true
tests/dom/registry/Test.java,28.0,5.0,0.0,1.0,6.0,3.0,1,0.004524886877828055,861.3333333333334,69785.84342783217,1,false
tests/dom/serialize/TestXmlns.java,64.0,19.0,1.0,2.0,24.0,6.0,1,0.004524886877828055,861.3333333333334,69785.84342783217,1,false
tests/dom/util/Assertion.java,34.0,2.0,6.0,4.0,12.0,12.0,1,0.004524886877828055,861.3333333333334,69785.84342783217,1,false
tests/jaxp/InputData.java,20.0,2.0,0.0,2.0,2.0,6.0,1,0.004524886877828055,861.3333333333334,69785.84342783217,1,false
tests/schema/Test.java,98.0,4.0,21.0,7.0,20.0,14.0,1,0.004524886877828055,861.3333333333334,69785.84342783217,1,false
