name,LOC,CBO,LCOM,NOM,RFC,WMC,numOfChanges,bccm,structuralWorkloadSum,semanticWorkloadSum,numberOfDeveloper,isBuggy
src/org/apache/xerces/dom/ElementImpl.java,1033.0,9.0,633.0,51.0,189.0,194.0,1,0.022222222222222223,153.5121951219512,1922.7198692064867,1,false
src/org/apache/xerces/dom/PSVIAttrNSImpl.java,204.0,12.0,141.0,19.0,18.0,42.0,0,0.0,0.0,0.0,0,false
src/org/apache/xerces/dom/PSVIElementNSImpl.java,244.0,14.0,195.0,22.0,21.0,52.0,0,0.0,0.0,0.0,0,false
src/org/apache/xerces/dom/ParentNode.java,727.0,9.0,418.0,36.0,110.0,131.0,0,0.0,0.0,0.0,0,false
src/org/apache/xerces/impl/Constants.java,586.0,2.0,1.0,7.0,3.0,14.0,0,0.0,0.0,0.0,0,false
src/org/apache/xerces/impl/XMLEntityManager.java,2401.0,42.0,980.0,53.0,225.0,208.0,0,0.0,0.0,0.0,0,true
src/org/apache/xerces/impl/XMLErrorReporter.java,426.0,13.0,163.0,22.0,28.0,78.0,0,0.0,0.0,0.0,0,false
src/org/apache/xerces/impl/dv/util/ByteListImpl.java,60.0,3.0,0.0,6.0,1.0,18.0,0,0.0,0.0,0.0,0,false
src/org/apache/xerces/impl/dv/xs/ListDV.java,83.0,4.0,3.0,3.0,1.0,7.0,0,0.0,0.0,0.0,0,false
src/org/apache/xerces/impl/dv/xs/XSSimpleTypeDecl.java,2238.0,30.0,5018.0,116.0,158.0,370.0,2,0.044444444444444446,161.5121951219512,1932.938135221626,2,false
src/org/apache/xerces/impl/io/ASCIIReader.java,163.0,6.0,0.0,11.0,9.0,39.0,0,0.0,0.0,0.0,0,false
src/org/apache/xerces/impl/io/Latin1Reader.java,144.0,3.0,0.0,11.0,7.0,35.0,0,0.0,0.0,0.0,0,false
src/org/apache/xerces/impl/io/MalformedByteSequenceException.java,92.0,3.0,0.0,5.0,1.0,15.0,0,0.0,0.0,0.0,0,false
src/org/apache/xerces/impl/io/UCSReader.java,238.0,3.0,0.0,11.0,7.0,38.0,0,0.0,0.0,0.0,0,false
src/org/apache/xerces/impl/io/UTF16Reader.java,231.0,6.0,67.0,15.0,12.0,49.0,0,0.0,0.0,0.0,0,false
src/org/apache/xerces/impl/io/UTF8Reader.java,522.0,6.0,61.0,15.0,18.0,60.0,0,0.0,0.0,0.0,0,false
src/org/apache/xerces/impl/xs/AttributePSVImpl.java,177.0,8.0,73.0,15.0,1.0,34.0,0,0.0,0.0,0.0,0,false
src/org/apache/xerces/impl/xs/ElementPSVImpl.java,227.0,10.0,117.0,18.0,1.0,44.0,0,0.0,0.0,0.0,0,false
src/org/apache/xerces/impl/xs/PSVIErrorList.java,51.0,2.0,0.0,6.0,2.0,18.0,0,0.0,0.0,0.0,0,false
src/org/apache/xerces/impl/xs/SchemaGrammar.java,901.0,37.0,1343.0,55.0,61.0,135.0,0,0.0,0.0,0.0,0,false
src/org/apache/xerces/impl/xs/XMLSchemaValidator.java,2963.0,59.0,982.0,60.0,276.0,233.0,0,0.0,0.0,0.0,0,true
src/org/apache/xerces/impl/xs/XSImplementationImpl.java,60.0,11.0,15.0,6.0,8.0,19.0,0,0.0,0.0,0.0,0,false
src/org/apache/xerces/impl/xs/XSModelImpl.java,415.0,22.0,106.0,21.0,34.0,71.0,0,0.0,0.0,0.0,0,false
src/org/apache/xerces/impl/xs/traversers/StAXSchemaParser.java,353.0,24.0,52.0,16.0,129.0,46.0,0,0.0,0.0,0.0,0,false
src/org/apache/xerces/impl/xs/traversers/XSDAbstractIDConstraintTraverser.java,116.0,8.0,1.0,2.0,15.0,7.0,0,0.0,0.0,0.0,0,false
src/org/apache/xerces/impl/xs/traversers/XSDAbstractParticleTraverser.java,239.0,11.0,13.0,6.0,46.0,21.0,0,0.0,0.0,0.0,0,false
src/org/apache/xerces/impl/xs/traversers/XSDAbstractTraverser.java,579.0,24.0,32.0,12.0,107.0,52.0,0,0.0,0.0,0.0,0,false
src/org/apache/xerces/impl/xs/traversers/XSDAttributeGroupTraverser.java,99.0,10.0,3.0,3.0,27.0,10.0,0,0.0,0.0,0.0,0,false
src/org/apache/xerces/impl/xs/traversers/XSDAttributeTraverser.java,274.0,18.0,15.0,6.0,61.0,20.0,0,0.0,0.0,0.0,0,false
src/org/apache/xerces/impl/xs/traversers/XSDElementTraverser.java,323.0,22.0,13.0,6.0,66.0,22.0,0,0.0,0.0,0.0,0,false
src/org/apache/xerces/impl/xs/traversers/XSDGroupTraverser.java,153.0,13.0,3.0,3.0,35.0,11.0,1,0.022222222222222223,8.0,10.21826601513926,1,false
src/org/apache/xerces/impl/xs/traversers/XSDHandler.java,1891.0,60.0,728.0,48.0,339.0,177.0,1,0.022222222222222223,153.5121951219512,1922.7198692064867,1,true
src/org/apache/xerces/impl/xs/traversers/XSDNotationTraverser.java,65.0,8.0,1.0,2.0,12.0,6.0,0,0.0,0.0,0.0,0,false
src/org/apache/xerces/impl/xs/traversers/XSDWildcardTraverser.java,126.0,10.0,6.0,4.0,18.0,11.0,0,0.0,0.0,0.0,0,false
src/org/apache/xerces/impl/xs/util/LSInputListImpl.java,54.0,3.0,0.0,5.0,1.0,13.0,0,0.0,0.0,0.0,0,false
src/org/apache/xerces/impl/xs/util/ShortListImpl.java,76.0,3.0,0.0,7.0,3.0,22.0,0,0.0,0.0,0.0,0,false
src/org/apache/xerces/impl/xs/util/StringListImpl.java,82.0,3.0,0.0,7.0,6.0,19.0,0,0.0,0.0,0.0,0,false
src/org/apache/xerces/impl/xs/util/XSNamedMap4Types.java,99.0,3.0,0.0,5.0,7.0,16.0,0,0.0,0.0,0.0,0,false
src/org/apache/xerces/impl/xs/util/XSNamedMapImpl.java,225.0,11.0,70.0,16.0,19.0,47.0,0,0.0,0.0,0.0,0,false
src/org/apache/xerces/impl/xs/util/XSObjectListImpl.java,180.0,6.0,174.0,25.0,8.0,58.0,0,0.0,0.0,0.0,0,false
src/org/apache/xerces/jaxp/datatype/DurationImpl.java,1287.0,12.0,708.0,48.0,143.0,202.0,1,0.022222222222222223,153.5121951219512,1922.7198692064867,1,false
src/org/apache/xerces/parsers/StandardParserConfiguration.java,239.0,7.0,15.0,7.0,16.0,21.0,0,0.0,0.0,0.0,0,false
src/org/apache/xerces/parsers/XML11Configuration.java,1145.0,43.0,518.0,37.0,107.0,116.0,0,0.0,0.0,0.0,0,false
src/org/apache/xerces/stax/DefaultNamespaceContext.java,89.0,5.0,35.0,11.0,7.0,34.0,1,0.022222222222222223,153.5121951219512,1922.7198692064867,1,false
src/org/apache/xerces/stax/EmptyLocation.java,61.0,1.0,21.0,7.0,0.0,18.0,1,0.022222222222222223,153.5121951219512,1922.7198692064867,1,false
src/org/apache/xerces/stax/ImmutableLocation.java,38.0,1.0,11.0,7.0,5.0,12.0,1,0.022222222222222223,153.5121951219512,1922.7198692064867,1,false
src/org/apache/xerces/stax/XMLEventFactoryImpl.java,108.0,30.0,168.0,28.0,19.0,58.0,1,0.022222222222222223,153.5121951219512,1922.7198692064867,1,false
src/org/apache/xerces/stax/events/AttributeImpl.java,64.0,6.0,7.0,7.0,4.0,18.0,1,0.022222222222222223,153.5121951219512,1922.7198692064867,1,false
src/org/apache/xerces/stax/events/CharactersImpl.java,59.0,6.0,3.0,6.0,6.0,14.0,1,0.022222222222222223,153.5121951219512,1922.7198692064867,1,false
src/org/apache/xerces/stax/events/CommentImpl.java,35.0,5.0,0.0,3.0,1.0,6.0,1,0.022222222222222223,153.5121951219512,1922.7198692064867,1,false
src/org/apache/xerces/stax/events/DTDImpl.java,47.0,7.0,9.0,6.0,1.0,12.0,1,0.022222222222222223,153.5121951219512,1922.7198692064867,1,false
src/org/apache/xerces/stax/events/ElementImpl.java,67.0,6.0,6.0,5.0,3.0,8.0,1,0.022222222222222223,153.5121951219512,1922.7198692064867,1,false
src/org/apache/xerces/stax/events/EndDocumentImpl.java,16.0,4.0,1.0,2.0,0.0,4.0,1,0.022222222222222223,153.5121951219512,1922.7198692064867,1,false
src/org/apache/xerces/stax/events/EndElementImpl.java,29.0,6.0,1.0,2.0,5.0,7.0,1,0.022222222222222223,153.5121951219512,1922.7198692064867,1,false
src/org/apache/xerces/stax/events/EntityDeclarationImpl.java,85.0,5.0,10.0,8.0,1.0,18.0,1,0.022222222222222223,153.5121951219512,1922.7198692064867,1,false
src/org/apache/xerces/stax/events/EntityReferenceImpl.java,56.0,6.0,2.0,5.0,2.0,9.0,1,0.022222222222222223,153.5121951219512,1922.7198692064867,1,false
src/org/apache/xerces/stax/events/NamespaceImpl.java,46.0,4.0,2.0,5.0,3.0,11.0,1,0.022222222222222223,153.5121951219512,1922.7198692064867,1,false
src/org/apache/xerces/stax/events/NotationDeclarationImpl.java,64.0,5.0,0.0,5.0,1.0,12.0,1,0.022222222222222223,153.5121951219512,1922.7198692064867,1,false
src/org/apache/xerces/stax/events/ProcessingInstructionImpl.java,43.0,5.0,0.0,4.0,2.0,10.0,1,0.022222222222222223,153.5121951219512,1922.7198692064867,1,false
src/org/apache/xerces/stax/events/StartDocumentImpl.java,80.0,5.0,10.0,8.0,6.0,18.0,1,0.022222222222222223,153.5121951219512,1922.7198692064867,1,false
src/org/apache/xerces/stax/events/StartElementImpl.java,82.0,13.0,16.0,8.0,20.0,19.0,1,0.022222222222222223,153.5121951219512,1922.7198692064867,1,false
src/org/apache/xerces/stax/events/XMLEventImpl.java,126.0,10.0,24.0,17.0,3.0,36.0,1,0.022222222222222223,153.5121951219512,1922.7198692064867,1,false
src/org/apache/xerces/xinclude/XIncludeTextReader.java,365.0,24.0,33.0,15.0,63.0,54.0,0,0.0,0.0,0.0,0,false
src/org/apache/xerces/xs/ItemPSVI.java,155.0,0.0,78.0,13.0,0.0,31.0,0,0.0,0.0,0.0,0,false
