name,LOC,CBO,LCOM,NOM,RFC,WMC,numOfChanges,bccm,structuralWorkloadSum,semanticWorkloadSum,numberOfDeveloper,isBuggy
samples/dom/ElementPrinter.java,49.0,7.0,3.0,3.0,21.0,10.0,1,0.018867924528301886,226.2608695652174,182453.82869458996,1,false
samples/sax/Counter.java,638.0,12.0,56.0,13.0,44.0,35.0,1,0.018867924528301886,20.0,15.136820742960705,1,false
samples/xni/ObjectFactory.java,360.0,7.0,16.0,8.0,38.0,44.0,0,0.0,0.0,0.0,0,false
src/org/apache/html/dom/ObjectFactory.java,358.0,7.0,16.0,8.0,38.0,44.0,0,0.0,0.0,0.0,0,false
src/org/apache/xerces/dom/ElementImpl.java,1041.0,10.0,736.0,53.0,197.0,206.0,0,0.0,0.0,0.0,0,false
src/org/apache/xerces/dom/ObjectFactory.java,358.0,7.0,16.0,8.0,38.0,44.0,0,0.0,0.0,0.0,0,false
src/org/apache/xerces/impl/XMLEntityManager.java,2414.0,43.0,980.0,53.0,228.0,208.0,1,0.018867924528301886,226.2608695652174,182453.82869458996,1,true
src/org/apache/xerces/impl/dv/ObjectFactory.java,358.0,7.0,16.0,8.0,38.0,44.0,0,0.0,0.0,0.0,0,false
src/org/apache/xerces/impl/dv/xs/AbstractDateTimeDV.java,788.0,7.0,589.0,35.0,64.0,124.0,1,0.018867924528301886,226.2608695652174,182453.82869458996,1,false
src/org/apache/xerces/impl/dv/xs/DateDV.java,49.0,4.0,6.0,4.0,11.0,13.0,0,0.0,0.0,0.0,0,false
src/org/apache/xerces/impl/dv/xs/DateTimeDV.java,43.0,5.0,3.0,3.0,12.0,11.0,0,0.0,0.0,0.0,0,false
src/org/apache/xerces/impl/dv/xs/DayDV.java,68.0,4.0,6.0,4.0,13.0,14.0,0,0.0,0.0,0.0,0,false
src/org/apache/xerces/impl/dv/xs/DayTimeDurationDV.java,23.0,6.0,1.0,2.0,3.0,7.0,0,0.0,0.0,0.0,0,false
src/org/apache/xerces/impl/dv/xs/DurationDV.java,257.0,6.0,28.0,8.0,23.0,36.0,0,0.0,0.0,0.0,0,false
src/org/apache/xerces/impl/dv/xs/MonthDV.java,74.0,4.0,6.0,4.0,13.0,16.0,0,0.0,0.0,0.0,0,false
src/org/apache/xerces/impl/dv/xs/MonthDayDV.java,77.0,4.0,6.0,4.0,13.0,16.0,0,0.0,0.0,0.0,0,false
src/org/apache/xerces/impl/dv/xs/TimeDV.java,64.0,4.0,6.0,4.0,11.0,14.0,0,0.0,0.0,0.0,0,false
src/org/apache/xerces/impl/dv/xs/XSSimpleTypeDecl.java,2266.0,31.0,5315.0,119.0,160.0,377.0,1,0.018867924528301886,226.2608695652174,182453.82869458996,1,false
src/org/apache/xerces/impl/dv/xs/XSSimpleTypeDelegate.java,134.0,12.0,0.0,41.0,39.0,86.0,0,0.0,0.0,0.0,0,false
src/org/apache/xerces/impl/dv/xs/YearDV.java,75.0,4.0,6.0,4.0,13.0,16.0,0,0.0,0.0,0.0,0,false
src/org/apache/xerces/impl/dv/xs/YearMonthDV.java,54.0,4.0,6.0,4.0,11.0,14.0,0,0.0,0.0,0.0,0,false
src/org/apache/xerces/impl/dv/xs/YearMonthDurationDV.java,23.0,5.0,1.0,2.0,3.0,7.0,0,0.0,0.0,0.0,0,false
src/org/apache/xerces/impl/xpath/regex/RangeToken.java,482.0,0.0,9.0,18.0,40.0,88.0,1,0.018867924528301886,226.2608695652174,182453.82869458996,1,true
src/org/apache/xerces/impl/xpath/regex/RegularExpression.java,1944.0,4.0,405.0,39.0,162.0,139.0,1,0.018867924528301886,0.0,0.0,1,true
src/org/apache/xerces/impl/xs/FilePathToURI.java,87.0,0.0,1.0,2.0,8.0,9.0,0,0.0,0.0,0.0,0,false
src/org/apache/xerces/impl/xs/XMLSchemaValidator.java,3111.0,64.0,1147.0,63.0,296.0,247.0,2,0.03773584905660377,226.2608695652174,182456.8662119923,2,true
src/org/apache/xerces/impl/xs/traversers/XSDHandler.java,3008.0,88.0,6286.0,120.0,725.0,392.0,1,0.018867924528301886,226.2608695652174,182453.82869458996,1,true
src/org/apache/xerces/jaxp/datatype/DurationImpl.java,1274.0,11.0,708.0,48.0,143.0,202.0,1,0.018867924528301886,20.0,15.136820742960705,1,false
src/org/apache/xerces/jaxp/validation/StreamValidatorHelper.java,152.0,23.0,0.0,3.0,35.0,11.0,0,0.0,0.0,0.0,0,false
src/org/apache/xerces/jaxp/validation/ValidatorHandlerImpl.java,855.0,60.0,977.0,54.0,141.0,163.0,0,0.0,0.0,0.0,0,false
src/org/apache/xerces/jaxp/validation/XMLSchemaValidatorComponentManager.java,418.0,24.0,36.0,16.0,53.0,49.0,1,0.018867924528301886,226.2608695652174,182453.82869458996,1,true
src/org/apache/xerces/parsers/ObjectFactory.java,357.0,7.0,16.0,8.0,38.0,44.0,0,0.0,0.0,0.0,0,false
src/org/apache/xerces/util/DOMUtil.java,631.0,11.0,1225.0,50.0,169.0,202.0,0,0.0,0.0,0.0,0,false
src/org/apache/xerces/util/SoftReferenceSymbolTable.java,280.0,2.0,0.0,10.0,22.0,32.0,0,0.0,0.0,0.0,0,false
src/org/apache/xerces/util/XMLAttributesImpl.java,813.0,3.0,0.0,43.0,33.0,142.0,0,0.0,0.0,0.0,0,false
src/org/apache/xerces/xinclude/ObjectFactory.java,357.0,7.0,16.0,8.0,38.0,44.0,0,0.0,0.0,0.0,0,false
src/org/apache/xml/serialize/DOMSerializerImpl.java,838.0,37.0,78.0,20.0,115.0,97.0,1,0.018867924528301886,20.0,15.136820742960705,1,false
src/org/apache/xml/serialize/ObjectFactory.java,357.0,7.0,16.0,8.0,38.0,44.0,0,0.0,0.0,0.0,0,false
