name,LOC,CBO,LCOM,NOM,RFC,WMC,numOfChanges,bccm,structuralWorkloadSum,semanticWorkloadSum,numberOfDeveloper,isBuggy
samples/dom/DOM3.java,93.0,13.0,15.0,6.0,20.0,13.0,0,0.0,0.0,0.0,0,false
samples/dom/ElementPrinter.java,50.0,7.0,3.0,3.0,21.0,10.0,0,0.0,0.0,0.0,0,false
samples/dom/traversal/IteratorView.java,342.0,35.0,21.0,10.0,81.0,28.0,0,0.0,0.0,0.0,0,false
samples/dom/traversal/NameNodeFilter.java,48.0,2.0,0.0,5.0,2.0,11.0,0,0.0,0.0,0.0,0,false
samples/dom/traversal/TreeWalkerView.java,412.0,36.0,21.0,11.0,90.0,32.0,0,0.0,0.0,0.0,0,false
samples/sax/helpers/AttributesImpl.java,305.0,1.0,173.0,23.0,24.0,64.0,0,0.0,0.0,0.0,0,false
samples/simpletype/SimpleTypeUsage.java,219.0,10.0,51.0,11.0,35.0,29.0,0,0.0,0.0,0.0,0,false
samples/ui/DOMParserSaveEncoding.java,33.0,5.0,4.0,4.0,5.0,10.0,0,0.0,0.0,0.0,0,false
samples/ui/DefaultImages.java,17.0,0.0,3.0,3.0,6.0,6.0,0,0.0,0.0,0.0,0,false
samples/ui/TreeViewer.java,25.0,0.0,3.0,3.0,6.0,7.0,0,0.0,0.0,0.0,0,false
samples/xni/SecuritySupport.java,104.0,8.0,136.0,17.0,29.0,48.0,0,0.0,0.0,0.0,0,false
src/org/apache/html/dom/SecuritySupport.java,104.0,8.0,136.0,17.0,29.0,48.0,0,0.0,0.0,0.0,0,false
src/org/apache/xerces/dom/CoreDocumentImpl.java,2041.0,37.0,7610.0,129.0,249.0,423.0,0,0.0,0.0,0.0,0,false
src/org/apache/xerces/dom/DeferredDocumentImpl.java,1720.0,4.0,1270.0,80.0,193.0,233.0,0,0.0,0.0,0.0,0,true
src/org/apache/xerces/dom/PSVIAttrNSImpl.java,187.0,13.0,128.0,20.0,20.0,44.0,1,0.011627906976744186,55.833333333333336,610.0290866662339,1,false
src/org/apache/xerces/dom/PSVIElementNSImpl.java,232.0,16.0,185.0,23.0,25.0,56.0,1,0.011627906976744186,55.833333333333336,610.0290866662339,1,false
src/org/apache/xerces/dom/SecuritySupport.java,104.0,8.0,136.0,17.0,29.0,48.0,0,0.0,0.0,0.0,0,false
src/org/apache/xerces/impl/XMLDTDScannerImpl.java,1618.0,17.0,486.0,44.0,235.0,177.0,0,0.0,0.0,0.0,0,false
src/org/apache/xerces/impl/XMLScanner.java,1098.0,13.0,243.0,30.0,141.0,129.0,0,0.0,0.0,0.0,0,false
src/org/apache/xerces/impl/dtd/BalancedDTDGrammar.java,213.0,4.0,0.0,13.0,13.0,41.0,0,0.0,0.0,0.0,0,false
src/org/apache/xerces/impl/dtd/XMLDTDValidator.java,1427.0,31.0,574.0,49.0,148.0,195.0,0,0.0,0.0,0.0,0,false
src/org/apache/xerces/impl/dv/SecuritySupport.java,104.0,8.0,136.0,17.0,29.0,48.0,0,0.0,0.0,0.0,0,false
src/org/apache/xerces/impl/dv/ValidatedInfo.java,179.0,7.0,20.0,12.0,15.0,34.0,1,0.011627906976744186,55.833333333333336,610.0290866662339,1,false
src/org/apache/xerces/impl/dv/util/ByteListImpl.java,65.0,3.0,0.0,7.0,2.0,20.0,1,0.011627906976744186,55.833333333333336,610.0290866662339,1,false
src/org/apache/xerces/impl/dv/xs/AbstractDateTimeDV.java,788.0,7.0,589.0,35.0,64.0,124.0,0,0.0,0.0,0.0,0,false
src/org/apache/xerces/impl/dv/xs/XSSimpleTypeDecl.java,2350.0,34.0,5442.0,121.0,162.0,387.0,1,0.011627906976744186,55.833333333333336,610.0290866662339,1,false
src/org/apache/xerces/impl/dv/xs/XSSimpleTypeDelegate.java,137.0,13.0,0.0,42.0,40.0,88.0,1,0.011627906976744186,55.833333333333336,610.0290866662339,1,false
src/org/apache/xerces/impl/xpath/XPath.java,1454.0,7.0,27.0,10.0,28.0,41.0,0,0.0,0.0,0.0,0,true
src/org/apache/xerces/impl/xpath/regex/RangeToken.java,482.0,0.0,9.0,18.0,40.0,88.0,0,0.0,0.0,0.0,0,true
src/org/apache/xerces/impl/xpath/regex/RegularExpression.java,1975.0,4.0,405.0,39.0,164.0,139.0,0,0.0,0.0,0.0,0,true
src/org/apache/xerces/impl/xs/AttributePSVImpl.java,160.0,9.0,56.0,16.0,7.0,36.0,1,0.011627906976744186,55.833333333333336,610.0290866662339,1,false
src/org/apache/xerces/impl/xs/ElementPSVImpl.java,214.0,11.0,120.0,20.0,7.0,48.0,1,0.011627906976744186,55.833333333333336,610.0290866662339,1,false
src/org/apache/xerces/impl/xs/SchemaGrammar.java,1177.0,40.0,2562.0,77.0,109.0,183.0,1,0.011627906976744186,55.833333333333336,610.0290866662339,1,false
src/org/apache/xerces/impl/xs/SubstitutionGroupHandler.java,204.0,7.0,35.0,10.0,28.0,38.0,0,0.0,0.0,0.0,0,false
src/org/apache/xerces/impl/xs/XMLSchemaLoader.java,958.0,58.0,637.0,42.0,164.0,150.0,0,0.0,0.0,0.0,0,true
src/org/apache/xerces/impl/xs/XMLSchemaValidator.java,3110.0,64.0,1206.0,64.0,301.0,251.0,1,0.011627906976744186,55.833333333333336,610.0290866662339,1,true
src/org/apache/xerces/impl/xs/XSAttributeDecl.java,137.0,13.0,81.0,19.0,6.0,39.0,1,0.011627906976744186,55.833333333333336,610.0290866662339,1,false
src/org/apache/xerces/impl/xs/XSAttributeUseImpl.java,94.0,9.0,53.0,14.0,5.0,29.0,1,0.011627906976744186,55.833333333333336,610.0290866662339,1,false
src/org/apache/xerces/impl/xs/XSComplexTypeDecl.java,454.0,15.0,774.0,45.0,47.0,122.0,0,0.0,0.0,0.0,0,false
src/org/apache/xerces/impl/xs/XSElementDecl.java,283.0,15.0,490.0,36.0,14.0,81.0,1,0.011627906976744186,55.833333333333336,610.0290866662339,1,false
src/org/apache/xerces/impl/xs/XSElementDeclHelper.java,7.0,1.0,0.0,1.0,0.0,1.0,0,0.0,0.0,0.0,0,false
src/org/apache/xerces/impl/xs/XSModelImpl.java,644.0,28.0,305.0,38.0,75.0,120.0,1,0.011627906976744186,55.833333333333336,610.0290866662339,1,false
src/org/apache/xerces/impl/xs/XSParticleDecl.java,175.0,6.0,56.0,17.0,9.0,44.0,0,0.0,0.0,0.0,0,false
src/org/apache/xerces/impl/xs/XSWildcardDecl.java,341.0,8.0,136.0,21.0,18.0,73.0,0,0.0,0.0,0.0,0,false
src/org/apache/xerces/impl/xs/opti/AttrImpl.java,70.0,6.0,54.0,12.0,4.0,25.0,0,0.0,0.0,0.0,0,false
src/org/apache/xerces/impl/xs/opti/SchemaDOM.java,296.0,12.0,336.0,32.0,71.0,67.0,0,0.0,0.0,0.0,0,true
src/org/apache/xerces/impl/xs/opti/SchemaDOMImplementation.java,31.0,4.0,13.0,6.0,4.0,15.0,0,0.0,0.0,0.0,0,false
src/org/apache/xerces/impl/xs/opti/SchemaDOMParser.java,397.0,18.0,31.0,22.0,63.0,70.0,0,0.0,0.0,0.0,0,false
src/org/apache/xerces/impl/xs/util/XSNamedMapImpl.java,225.0,11.0,70.0,16.0,19.0,47.0,0,0.0,0.0,0.0,0,false
src/org/apache/xerces/parsers/AbstractSAXParser.java,1482.0,46.0,906.0,52.0,160.0,239.0,0,0.0,0.0,0.0,0,false
src/org/apache/xerces/parsers/SecuritySupport.java,104.0,8.0,136.0,17.0,29.0,48.0,0,0.0,0.0,0.0,0,false
src/org/apache/xerces/parsers/XIncludeAwareParserConfiguration.java,210.0,11.0,12.0,8.0,26.0,22.0,1,0.011627906976744186,29.389830508474574,2813.553686971107,1,false
src/org/apache/xerces/stax/events/ElementImpl.java,75.0,7.0,2.0,4.0,5.0,11.0,0,0.0,0.0,0.0,0,false
src/org/apache/xerces/stax/events/XMLEventImpl.java,126.0,10.0,24.0,17.0,3.0,36.0,0,0.0,0.0,0.0,0,false
src/org/apache/xerces/util/NamespaceSupport.java,215.0,3.0,0.0,12.0,9.0,33.0,0,0.0,0.0,0.0,0,false
src/org/apache/xerces/util/SymbolTable.java,305.0,0.0,15.0,10.0,12.0,33.0,0,0.0,0.0,0.0,0,false
src/org/apache/xerces/xinclude/SecuritySupport.java,104.0,8.0,136.0,17.0,29.0,48.0,0,0.0,0.0,0.0,0,false
src/org/apache/xerces/xs/ItemPSVI.java,165.0,0.0,91.0,14.0,0.0,34.0,1,0.011627906976744186,55.833333333333336,610.0290866662339,1,false
src/org/apache/xerces/xs/XSAttributeDeclaration.java,82.0,0.0,55.0,11.0,0.0,24.0,1,0.011627906976744186,55.833333333333336,610.0290866662339,1,false
src/org/apache/xerces/xs/XSAttributeUse.java,71.0,0.0,36.0,9.0,0.0,20.0,1,0.011627906976744186,55.833333333333336,610.0290866662339,1,false
src/org/apache/xerces/xs/XSElementDeclaration.java,142.0,0.0,171.0,19.0,0.0,43.0,1,0.011627906976744186,55.833333333333336,610.0290866662339,1,false
src/org/apache/xerces/xs/XSFacet.java,44.0,0.0,21.0,7.0,0.0,11.0,1,0.011627906976744186,55.833333333333336,610.0290866662339,1,false
src/org/apache/xerces/xs/XSModel.java,131.0,0.0,78.0,13.0,0.0,39.0,1,0.011627906976744186,55.833333333333336,610.0290866662339,1,false
src/org/apache/xerces/xs/XSMultiValueFacet.java,22.0,1.0,6.0,4.0,0.0,4.0,1,0.011627906976744186,55.833333333333336,610.0290866662339,1,false
src/org/apache/xerces/xs/XSNamespaceItem.java,86.0,0.0,55.0,11.0,0.0,30.0,1,0.011627906976744186,55.833333333333336,610.0290866662339,1,false
src/org/apache/xerces/xs/XSSimpleTypeDefinition.java,201.0,0.0,190.0,20.0,0.0,35.0,1,0.011627906976744186,55.833333333333336,610.0290866662339,1,false
src/org/apache/xerces/xs/XSValue.java,69.0,0.0,21.0,7.0,0.0,15.0,1,0.011627906976744186,55.833333333333336,610.0290866662339,1,false
src/org/apache/xerces/xs/datatypes/ByteList.java,36.0,2.0,6.0,4.0,0.0,11.0,1,0.011627906976744186,55.833333333333336,610.0290866662339,1,false
src/org/apache/xml/serialize/SecuritySupport.java,104.0,8.0,136.0,17.0,29.0,48.0,0,0.0,0.0,0.0,0,false
