name,LOC,CBO,LCOM,NOM,RFC,WMC,numOfChanges,bccm,structuralWorkloadSum,semanticWorkloadSum,numberOfDeveloper,isBuggy
src/org/apache/xerces/impl/dtd/XMLDTDValidator.java,1427.0,31.0,574.0,49.0,148.0,195.0,1,0.2,20.0,27.827693453976302,1,false
src/org/apache/xerces/impl/xpath/regex/ParserForXMLSchema.java,375.0,2.0,741.0,39.0,80.0,102.0,0,0.0,0.0,0.0,0,false
src/org/apache/xerces/impl/xpath/regex/RegexParser.java,1138.0,4.0,781.0,51.0,229.0,217.0,0,0.0,0.0,0.0,0,true
src/org/apache/xerces/impl/xs/XMLSchemaValidator.java,3111.0,64.0,1206.0,64.0,301.0,251.0,0,0.0,0.0,0.0,0,true
src/org/apache/xerces/impl/xs/traversers/XSDAbstractTraverser.java,622.0,25.0,32.0,12.0,108.0,52.0,0,0.0,0.0,0.0,0,false
src/org/apache/xerces/impl/xs/traversers/XSDElementTraverser.java,346.0,22.0,13.0,6.0,69.0,22.0,0,0.0,0.0,0.0,0,false
src/org/apache/xerces/impl/xs/traversers/XSDHandler.java,3034.0,89.0,6248.0,120.0,734.0,392.0,1,0.2,0.0,0.0,1,true
src/org/apache/xerces/impl/xs/traversers/XSDSimpleTypeTraverser.java,355.0,16.0,43.0,10.0,67.0,36.0,0,0.0,0.0,0.0,0,false
src/org/apache/xerces/parsers/AbstractSAXParser.java,1482.0,46.0,906.0,52.0,160.0,239.0,0,0.0,0.0,0.0,0,false
src/org/apache/xerces/util/SoftReferenceSymbolTable.java,309.0,2.0,4.0,12.0,25.0,35.0,1,0.2,20.0,27.827693453976302,1,false
