name,LOC,CBO,LCOM,NOM,RFC,WMC,numOfChanges,bccm,structuralWorkloadSum,semanticWorkloadSum,numberOfDeveloper,isBuggy
samples/xni/ObjectFactory.java,360.0,7.0,16.0,8.0,38.0,44.0,1,0.1111111111111111,43.5,49.21442537996902,1,false
src/org/apache/html/dom/ObjectFactory.java,358.0,7.0,16.0,8.0,38.0,44.0,1,0.1111111111111111,43.5,49.21442537996902,1,false
src/org/apache/xerces/dom/CoreDOMImplementationImpl.java,493.0,17.0,126.0,17.0,49.0,70.0,0,0.0,0.0,0.0,0,false
src/org/apache/xerces/dom/ObjectFactory.java,358.0,7.0,16.0,8.0,38.0,44.0,1,0.1111111111111111,43.5,49.21442537996902,1,false
src/org/apache/xerces/impl/dv/ObjectFactory.java,358.0,7.0,16.0,8.0,38.0,44.0,1,0.1111111111111111,43.5,49.21442537996902,1,false
src/org/apache/xerces/parsers/ObjectFactory.java,357.0,7.0,16.0,8.0,38.0,44.0,1,0.1111111111111111,43.5,49.21442537996902,1,false
src/org/apache/xerces/xinclude/ObjectFactory.java,357.0,7.0,16.0,8.0,38.0,44.0,1,0.1111111111111111,43.5,49.21442537996902,1,false
src/org/apache/xml/serialize/ObjectFactory.java,357.0,7.0,16.0,8.0,38.0,44.0,1,0.1111111111111111,43.5,49.21442537996902,1,false
tools/src/XJavac.java,100.0,8.0,3.0,3.0,22.0,12.0,1,0.1111111111111111,43.5,49.21442537996902,1,false
