name,LOC,CBO,LCOM,NOM,RFC,WMC,numOfChanges,bccm,structuralWorkloadSum,semanticWorkloadSum,numberOfDeveloper,isBuggy
samples/simpletype/DatatypeInterfaceUsage.java,89.0,17.0,4.0,4.0,17.0,11.0,0,0.0,0.0,0.0,0,false
samples/socket/KeepSocketOpen.java,351.0,17.0,0.0,1.0,3.0,3.0,1,0.03333333333333333,125.28571428571428,973.5918362962004,1,false
samples/xni/UpperCaseFilter.java,59.0,5.0,6.0,4.0,5.0,10.0,1,0.03333333333333333,125.28571428571428,973.5918362962004,1,false
samples/xs/QueryXS.java,84.0,10.0,3.0,3.0,19.0,8.0,1,0.03333333333333333,125.28571428571428,973.5918362962004,1,false
src/org/apache/xerces/impl/XMLEntityManager.java,2420.0,43.0,980.0,53.0,228.0,208.0,1,0.03333333333333333,125.28571428571428,973.5918362962004,1,true
src/org/apache/xerces/impl/dtd/DTDGrammar.java,2147.0,27.0,4009.0,102.0,151.0,329.0,1,0.03333333333333333,125.28571428571428,973.5918362962004,1,false
src/org/apache/xerces/impl/xs/XMLSchemaValidator.java,3113.0,64.0,1202.0,64.0,303.0,251.0,1,0.03333333333333333,125.28571428571428,973.5918362962004,1,true
src/org/apache/xerces/impl/xs/traversers/XSDHandler.java,3034.0,89.0,6248.0,120.0,734.0,392.0,1,0.03333333333333333,0.0,0.0,1,true
src/org/apache/xerces/util/DOMEntityResolverWrapper.java,92.0,11.0,9.0,6.0,19.0,15.0,1,0.03333333333333333,125.28571428571428,973.5918362962004,1,false
src/org/apache/xerces/util/PrimeNumberSequenceGenerator.java,14.0,1.0,0.0,1.0,1.0,2.0,1,0.03333333333333333,125.28571428571428,973.5918362962004,1,false
src/org/apache/xerces/util/SoftReferenceSymbolTable.java,341.0,2.0,0.0,15.0,33.0,45.0,1,0.03333333333333333,125.28571428571428,973.5918362962004,1,false
src/org/apache/xerces/util/StAXInputSource.java,61.0,4.0,31.0,10.0,7.0,23.0,1,0.03333333333333333,125.28571428571428,973.5918362962004,1,false
src/org/apache/xerces/util/SymbolHash.java,247.0,0.0,0.0,15.0,17.0,43.0,1,0.03333333333333333,125.28571428571428,973.5918362962004,1,false
src/org/apache/xerces/util/SymbolTable.java,379.0,0.0,10.0,16.0,25.0,50.0,1,0.03333333333333333,125.28571428571428,973.5918362962004,1,false
src/org/apache/xerces/util/XMLAttributesImpl.java,940.0,3.0,0.0,52.0,50.0,171.0,1,0.03333333333333333,125.28571428571428,973.5918362962004,1,false
tests/xinclude/Test.java,349.0,20.0,84.0,17.0,64.0,60.0,1,0.03333333333333333,125.28571428571428,973.5918362962004,1,false
