name,LOC,CBO,LCOM,NOM,RFC,WMC,numOfChanges,bccm,structuralWorkloadSum,semanticWorkloadSum,numberOfDeveloper,isBuggy
samples/xni/ObjectFactory.java,360.0,7.0,16.0,8.0,38.0,44.0,0,0.0,0.0,0.0,0,false
src/org/apache/html/dom/ObjectFactory.java,358.0,7.0,16.0,8.0,38.0,44.0,0,0.0,0.0,0.0,0,false
src/org/apache/xerces/dom/NodeImpl.java,1449.0,15.0,3034.0,84.0,134.0,242.0,0,0.0,0.0,0.0,0,false
src/org/apache/xerces/dom/ObjectFactory.java,358.0,7.0,16.0,8.0,38.0,44.0,0,0.0,0.0,0.0,0,false
src/org/apache/xerces/dom/ParentNode.java,727.0,9.0,418.0,36.0,110.0,131.0,1,0.2,8.0,16.921282486551775,1,false
src/org/apache/xerces/impl/Constants.java,603.0,2.0,1.0,7.0,3.0,14.0,1,0.2,8.0,16.921282486551775,1,false
src/org/apache/xerces/impl/dtd/XMLDTDLoader.java,375.0,19.0,136.0,21.0,54.0,59.0,0,0.0,0.0,0.0,0,false
src/org/apache/xerces/impl/dtd/XMLDTDValidator.java,1429.0,32.0,574.0,49.0,150.0,196.0,0,0.0,0.0,0.0,0,false
src/org/apache/xerces/impl/dv/ObjectFactory.java,358.0,7.0,16.0,8.0,38.0,44.0,0,0.0,0.0,0.0,0,false
src/org/apache/xerces/impl/dv/xs/TypeValidator.java,74.0,5.0,66.0,12.0,9.0,29.0,0,0.0,0.0,0.0,0,false
src/org/apache/xerces/impl/validation/ConfigurableValidationState.java,93.0,1.0,0.0,9.0,0.0,22.0,0,0.0,0.0,0.0,0,false
src/org/apache/xerces/impl/validation/ValidationState.java,130.0,7.0,179.0,23.0,18.0,41.0,0,0.0,0.0,0.0,0,false
src/org/apache/xerces/impl/xs/XMLSchemaValidator.java,3115.0,64.0,1202.0,64.0,305.0,252.0,1,0.2,2.0,4.613595156763592,1,true
src/org/apache/xerces/jaxp/validation/XMLSchemaFactory.java,366.0,36.0,0.0,14.0,67.0,56.0,1,0.2,8.0,16.921282486551775,1,true
src/org/apache/xerces/parsers/ObjectFactory.java,357.0,7.0,16.0,8.0,38.0,44.0,0,0.0,0.0,0.0,0,false
src/org/apache/xerces/parsers/XML11NonValidatingConfiguration.java,864.0,36.0,459.0,35.0,91.0,107.0,0,0.0,0.0,0.0,0,false
src/org/apache/xerces/xinclude/ObjectFactory.java,357.0,7.0,16.0,8.0,38.0,44.0,0,0.0,0.0,0.0,0,false
src/org/apache/xml/serialize/ObjectFactory.java,357.0,7.0,16.0,8.0,38.0,44.0,0,0.0,0.0,0.0,0,false
tests/schema/config/SurrogatePairLengthTest.java,50.0,3.0,19.0,7.0,16.0,11.0,0,0.0,0.0,0.0,0,false
