name,LOC,CBO,LCOM,NOM,RFC,WMC,ACS,Ownership,numOfChanges,numberOfFIChanges,ENH,NF,BugFixing,REF,structuralWorkloadSum,semanticWorkloadSum,numberOfDeveloper,pastFaults,MAF,isBuggy
contrib/penny/java/src/main/java/org/apache/pig/penny/ClassWithArgs.java,14.0,1.0,0.0,3.0,0.0,5.0,73.0,gates@13f79535-47bb-0310-9956-ffa450edef68,1,0.0021008403361344537,50.0,0.0,0.0,0.0,471.92,4648.11409801764,1,0,2.2823823856765264,false
contrib/penny/java/src/main/java/org/apache/pig/penny/Communicator.java,41.0,2.0,45.0,10.0,9.0,20.0,73.0,gates@13f79535-47bb-0310-9956-ffa450edef68,1,0.0021008403361344537,50.0,0.0,0.0,0.0,471.92,4648.11409801764,1,0,2.2823823856765264,false
contrib/penny/java/src/main/java/org/apache/pig/penny/Coordinator.java,22.0,2.0,8.0,5.0,0.0,7.0,73.0,gates@13f79535-47bb-0310-9956-ffa450edef68,1,0.0021008403361344537,50.0,0.0,0.0,0.0,471.92,4648.11409801764,1,0,2.2823823856765264,false
contrib/penny/java/src/main/java/org/apache/pig/penny/Location.java,5.0,1.0,3.0,3.0,0.0,3.0,73.0,gates@13f79535-47bb-0310-9956-ffa450edef68,1,0.0021008403361344537,50.0,0.0,0.0,0.0,471.92,4648.11409801764,1,0,2.2823823856765264,false
contrib/penny/java/src/main/java/org/apache/pig/penny/LogicalLocation.java,26.0,0.0,1.0,7.0,2.0,14.0,73.0,gates@13f79535-47bb-0310-9956-ffa450edef68,1,0.0021008403361344537,50.0,0.0,0.0,0.0,471.92,4648.11409801764,1,0,2.2823823856765264,false
contrib/penny/java/src/main/java/org/apache/pig/penny/MonitorAgent.java,37.0,5.0,19.0,7.0,0.0,13.0,73.0,gates@13f79535-47bb-0310-9956-ffa450edef68,1,0.0021008403361344537,50.0,0.0,0.0,0.0,471.92,4648.11409801764,1,0,2.2823823856765264,false
contrib/penny/java/src/main/java/org/apache/pig/penny/NoSuchLocationException.java,8.0,0.0,1.0,2.0,0.0,2.0,73.0,gates@13f79535-47bb-0310-9956-ffa450edef68,1,0.0021008403361344537,50.0,0.0,0.0,0.0,471.92,4648.11409801764,1,0,2.2823823856765264,false
contrib/penny/java/src/main/java/org/apache/pig/penny/ParsedPigScript.java,358.0,44.0,481.0,35.0,159.0,126.0,73.0,gates@13f79535-47bb-0310-9956-ffa450edef68,1,0.0021008403361344537,50.0,0.0,0.0,0.0,471.92,4648.11409801764,1,0,2.2823823856765264,false
contrib/penny/java/src/main/java/org/apache/pig/penny/PennyServer.java,20.0,5.0,0.0,5.0,0.0,9.0,73.0,daijy@13f79535-47bb-0310-9956-ffa450edef68,1,0.0021008403361344537,33.0,0.0,0.0,0.0,471.92,4648.11409801764,1,0,2.2823823856765264,false
contrib/penny/java/src/main/java/org/apache/pig/penny/PhysicalLocation.java,39.0,0.0,0.0,10.0,6.0,22.0,73.0,gates@13f79535-47bb-0310-9956-ffa450edef68,1,0.0021008403361344537,50.0,0.0,0.0,0.0,471.92,4648.11409801764,1,0,2.2823823856765264,false
contrib/penny/java/src/main/java/org/apache/pig/penny/apps/bt/BTCoordinator.java,35.0,11.0,1.0,3.0,8.0,10.0,73.0,gates@13f79535-47bb-0310-9956-ffa450edef68,1,0.0021008403361344537,50.0,0.0,0.0,0.0,471.92,4648.11409801764,1,0,2.2823823856765264,false
contrib/penny/java/src/main/java/org/apache/pig/penny/apps/bt/BTInjectTaintMonitorAgent.java,21.0,8.0,10.0,5.0,5.0,8.0,73.0,gates@13f79535-47bb-0310-9956-ffa450edef68,1,0.0021008403361344537,50.0,0.0,0.0,0.0,471.92,4648.11409801764,1,0,2.2823823856765264,false
contrib/penny/java/src/main/java/org/apache/pig/penny/apps/bt/BTMatchTaintMonitorAgent.java,21.0,7.0,8.0,5.0,5.0,10.0,73.0,gates@13f79535-47bb-0310-9956-ffa450edef68,1,0.0021008403361344537,50.0,0.0,0.0,0.0,471.92,4648.11409801764,1,0,2.2823823856765264,false
contrib/penny/java/src/main/java/org/apache/pig/penny/apps/bt/BTPropagateTaintMonitorAgent.java,19.0,7.0,10.0,5.0,4.0,10.0,73.0,gates@13f79535-47bb-0310-9956-ffa450edef68,1,0.0021008403361344537,50.0,0.0,0.0,0.0,471.92,4648.11409801764,1,0,2.2823823856765264,false
contrib/penny/java/src/main/java/org/apache/pig/penny/apps/bt/Main.java,27.0,7.0,0.0,1.0,8.0,6.0,51.0,gates@13f79535-47bb-0310-9956-ffa450edef68,1,0.0021008403361344537,50.0,0.0,0.0,0.0,471.92,4648.11409801764,1,0,2.2823823856765264,false
contrib/penny/java/src/main/java/org/apache/pig/penny/apps/ci/CICoordinator.java,11.0,7.0,1.0,3.0,1.0,4.0,73.0,gates@13f79535-47bb-0310-9956-ffa450edef68,1,0.0021008403361344537,50.0,0.0,0.0,0.0,471.92,4648.11409801764,1,0,2.2823823856765264,false
contrib/penny/java/src/main/java/org/apache/pig/penny/apps/ci/CIMonitorAgent.java,23.0,5.0,8.0,5.0,2.0,9.0,73.0,gates@13f79535-47bb-0310-9956-ffa450edef68,1,0.0021008403361344537,50.0,0.0,0.0,0.0,471.92,4648.11409801764,1,0,2.2823823856765264,false
contrib/penny/java/src/main/java/org/apache/pig/penny/apps/ci/Main.java,45.0,10.0,0.0,1.0,14.0,5.0,51.0,gates@13f79535-47bb-0310-9956-ffa450edef68,1,0.0021008403361344537,50.0,0.0,0.0,0.0,471.92,4648.11409801764,1,0,2.2823823856765264,false
contrib/penny/java/src/main/java/org/apache/pig/penny/apps/dh/DHCoordinator.java,21.0,6.0,1.0,3.0,4.0,9.0,73.0,gates@13f79535-47bb-0310-9956-ffa450edef68,1,0.0021008403361344537,50.0,0.0,0.0,0.0,471.92,4648.11409801764,1,0,2.2823823856765264,false
contrib/penny/java/src/main/java/org/apache/pig/penny/apps/dh/DHMonitorAgent.java,34.0,9.0,11.0,6.0,11.0,14.0,73.0,gates@13f79535-47bb-0310-9956-ffa450edef68,1,0.0021008403361344537,50.0,0.0,0.0,0.0,471.92,4648.11409801764,1,0,2.2823823856765264,false
contrib/penny/java/src/main/java/org/apache/pig/penny/apps/dh/Main.java,20.0,6.0,0.0,1.0,7.0,3.0,51.0,gates@13f79535-47bb-0310-9956-ffa450edef68,1,0.0021008403361344537,50.0,0.0,0.0,0.0,471.92,4648.11409801764,1,0,2.2823823856765264,false
contrib/penny/java/src/main/java/org/apache/pig/penny/apps/ds/DSCoordinator.java,14.0,4.0,6.0,4.0,7.0,6.0,73.0,gates@13f79535-47bb-0310-9956-ffa450edef68,1,0.0021008403361344537,50.0,0.0,0.0,0.0,471.92,4648.11409801764,1,0,2.2823823856765264,false
contrib/penny/java/src/main/java/org/apache/pig/penny/apps/ds/DSMonitorAgent.java,19.0,6.0,10.0,5.0,2.0,9.0,73.0,gates@13f79535-47bb-0310-9956-ffa450edef68,1,0.0021008403361344537,50.0,0.0,0.0,0.0,471.92,4648.11409801764,1,0,2.2823823856765264,false
contrib/penny/java/src/main/java/org/apache/pig/penny/apps/ds/Main.java,15.0,5.0,0.0,1.0,4.0,3.0,51.0,gates@13f79535-47bb-0310-9956-ffa450edef68,1,0.0021008403361344537,50.0,0.0,0.0,0.0,471.92,4648.11409801764,1,0,2.2823823856765264,false
contrib/penny/java/src/main/java/org/apache/pig/penny/apps/ft/FTCoordinator.java,14.0,4.0,6.0,4.0,7.0,6.0,73.0,gates@13f79535-47bb-0310-9956-ffa450edef68,1,0.0021008403361344537,50.0,0.0,0.0,0.0,471.92,4648.11409801764,1,0,2.2823823856765264,false
contrib/penny/java/src/main/java/org/apache/pig/penny/apps/ft/FTMonitorAgent.java,25.0,7.0,8.0,5.0,6.0,10.0,73.0,gates@13f79535-47bb-0310-9956-ffa450edef68,1,0.0021008403361344537,50.0,0.0,0.0,0.0,471.92,4648.11409801764,1,0,2.2823823856765264,false
contrib/penny/java/src/main/java/org/apache/pig/penny/apps/ft/Main.java,24.0,5.0,0.0,1.0,7.0,5.0,51.0,gates@13f79535-47bb-0310-9956-ffa450edef68,1,0.0021008403361344537,50.0,0.0,0.0,0.0,471.92,4648.11409801764,1,0,2.2823823856765264,false
contrib/penny/java/src/main/java/org/apache/pig/penny/apps/gl/GLCoordinator.java,48.0,9.0,0.0,3.0,12.0,15.0,73.0,gates@13f79535-47bb-0310-9956-ffa450edef68,1,0.0021008403361344537,50.0,0.0,0.0,0.0,471.92,4648.11409801764,1,0,2.2823823856765264,false
contrib/penny/java/src/main/java/org/apache/pig/penny/apps/gl/GLMonitorAgent1.java,27.0,7.0,8.0,5.0,5.0,9.0,73.0,gates@13f79535-47bb-0310-9956-ffa450edef68,1,0.0021008403361344537,50.0,0.0,0.0,0.0,471.92,4648.11409801764,1,0,2.2823823856765264,false
contrib/penny/java/src/main/java/org/apache/pig/penny/apps/gl/GLMonitorAgent2.java,15.0,5.0,10.0,5.0,4.0,7.0,73.0,gates@13f79535-47bb-0310-9956-ffa450edef68,1,0.0021008403361344537,50.0,0.0,0.0,0.0,471.92,4648.11409801764,1,0,2.2823823856765264,false
contrib/penny/java/src/main/java/org/apache/pig/penny/apps/gl/GoldenLogic.java,3.0,3.0,0.0,1.0,0.0,2.0,73.0,gates@13f79535-47bb-0310-9956-ffa450edef68,1,0.0021008403361344537,50.0,0.0,0.0,0.0,471.92,4648.11409801764,1,0,2.2823823856765264,false
contrib/penny/java/src/main/java/org/apache/pig/penny/apps/gl/Main.java,21.0,6.0,0.0,1.0,10.0,4.0,51.0,gates@13f79535-47bb-0310-9956-ffa450edef68,1,0.0021008403361344537,50.0,0.0,0.0,0.0,471.92,4648.11409801764,1,0,2.2823823856765264,false
contrib/penny/java/src/main/java/org/apache/pig/penny/apps/gl/goldenLogicClasses/FlattenLinksGL.java,32.0,8.0,0.0,1.0,7.0,6.0,73.0,gates@13f79535-47bb-0310-9956-ffa450edef68,1,0.0021008403361344537,50.0,0.0,0.0,0.0,471.92,4648.11409801764,1,0,2.2823823856765264,false
contrib/penny/java/src/main/java/org/apache/pig/penny/apps/la/LACoordinator.java,14.0,4.0,6.0,4.0,7.0,6.0,73.0,gates@13f79535-47bb-0310-9956-ffa450edef68,1,0.0021008403361344537,50.0,0.0,0.0,0.0,471.92,4648.11409801764,1,0,2.2823823856765264,false
contrib/penny/java/src/main/java/org/apache/pig/penny/apps/la/LAMonitorAgent.java,70.0,10.0,26.0,9.0,23.0,22.0,73.0,gates@13f79535-47bb-0310-9956-ffa450edef68,1,0.0021008403361344537,50.0,0.0,0.0,0.0,471.92,4648.11409801764,1,0,2.2823823856765264,false
contrib/penny/java/src/main/java/org/apache/pig/penny/apps/la/Main.java,17.0,5.0,0.0,1.0,5.0,4.0,51.0,gates@13f79535-47bb-0310-9956-ffa450edef68,1,0.0021008403361344537,50.0,0.0,0.0,0.0,471.92,4648.11409801764,1,0,2.2823823856765264,false
contrib/penny/java/src/main/java/org/apache/pig/penny/apps/lp/LPCoordinator.java,33.0,8.0,0.0,3.0,10.0,9.0,73.0,gates@13f79535-47bb-0310-9956-ffa450edef68,1,0.0021008403361344537,50.0,0.0,0.0,0.0,471.92,4648.11409801764,1,0,2.2823823856765264,false
contrib/penny/java/src/main/java/org/apache/pig/penny/apps/lp/LPMonitorAgent.java,35.0,8.0,8.0,5.0,6.0,12.0,73.0,gates@13f79535-47bb-0310-9956-ffa450edef68,1,0.0021008403361344537,50.0,0.0,0.0,0.0,471.92,4648.11409801764,1,0,2.2823823856765264,false
contrib/penny/java/src/main/java/org/apache/pig/penny/apps/lp/Main.java,15.0,5.0,0.0,1.0,6.0,3.0,51.0,gates@13f79535-47bb-0310-9956-ffa450edef68,1,0.0021008403361344537,50.0,0.0,0.0,0.0,471.92,4648.11409801764,1,0,2.2823823856765264,false
contrib/penny/java/src/main/java/org/apache/pig/penny/apps/nop/Main.java,28.0,5.0,0.0,1.0,6.0,6.0,51.0,gates@13f79535-47bb-0310-9956-ffa450edef68,1,0.0021008403361344537,50.0,0.0,0.0,0.0,471.92,4648.11409801764,1,0,2.2823823856765264,false
contrib/penny/java/src/main/java/org/apache/pig/penny/apps/nop/NOPCoordinator.java,9.0,3.0,3.0,3.0,0.0,4.0,73.0,gates@13f79535-47bb-0310-9956-ffa450edef68,1,0.0021008403361344537,50.0,0.0,0.0,0.0,471.92,4648.11409801764,1,0,2.2823823856765264,false
contrib/penny/java/src/main/java/org/apache/pig/penny/apps/nop/NOPMonitorAgent.java,14.0,5.0,10.0,5.0,0.0,7.0,73.0,gates@13f79535-47bb-0310-9956-ffa450edef68,1,0.0021008403361344537,50.0,0.0,0.0,0.0,471.92,4648.11409801764,1,0,2.2823823856765264,false
contrib/penny/java/src/main/java/org/apache/pig/penny/apps/op/Main.java,47.0,7.0,1.0,2.0,14.0,9.0,51.0,gates@13f79535-47bb-0310-9956-ffa450edef68,1,0.0021008403361344537,50.0,0.0,0.0,0.0,471.92,4648.11409801764,1,0,2.2823823856765264,false
contrib/penny/java/src/main/java/org/apache/pig/penny/apps/op/OPCoordinator.java,9.0,4.0,3.0,3.0,0.0,4.0,73.0,gates@13f79535-47bb-0310-9956-ffa450edef68,1,0.0021008403361344537,50.0,0.0,0.0,0.0,471.92,4648.11409801764,1,0,2.2823823856765264,false
contrib/penny/java/src/main/java/org/apache/pig/penny/apps/op/OPMonitorAgent.java,14.0,5.0,10.0,5.0,0.0,7.0,73.0,gates@13f79535-47bb-0310-9956-ffa450edef68,1,0.0021008403361344537,50.0,0.0,0.0,0.0,471.92,4648.11409801764,1,0,2.2823823856765264,false
contrib/penny/java/src/main/java/org/apache/pig/penny/apps/ri/Main.java,16.0,5.0,0.0,1.0,6.0,3.0,51.0,gates@13f79535-47bb-0310-9956-ffa450edef68,1,0.0021008403361344537,50.0,0.0,0.0,0.0,471.92,4648.11409801764,1,0,2.2823823856765264,false
contrib/penny/java/src/main/java/org/apache/pig/penny/apps/ri/RICoordinator.java,10.0,4.0,3.0,3.0,1.0,4.0,73.0,gates@13f79535-47bb-0310-9956-ffa450edef68,1,0.0021008403361344537,50.0,0.0,0.0,0.0,471.92,4648.11409801764,1,0,2.2823823856765264,false
contrib/penny/java/src/main/java/org/apache/pig/penny/apps/ri/RIMonitorAgent.java,17.0,6.0,8.0,5.0,3.0,9.0,73.0,gates@13f79535-47bb-0310-9956-ffa450edef68,1,0.0021008403361344537,50.0,0.0,0.0,0.0,471.92,4648.11409801764,1,0,2.2823823856765264,false
contrib/penny/java/src/main/java/org/apache/pig/penny/apps/ti/Main.java,16.0,5.0,0.0,1.0,6.0,3.0,51.0,gates@13f79535-47bb-0310-9956-ffa450edef68,1,0.0021008403361344537,50.0,0.0,0.0,0.0,471.92,4648.11409801764,1,0,2.2823823856765264,false
contrib/penny/java/src/main/java/org/apache/pig/penny/apps/ti/TICoordinator.java,19.0,5.0,0.0,3.0,2.0,7.0,73.0,gates@13f79535-47bb-0310-9956-ffa450edef68,1,0.0021008403361344537,50.0,0.0,0.0,0.0,471.92,4648.11409801764,1,0,2.2823823856765264,false
contrib/penny/java/src/main/java/org/apache/pig/penny/apps/ti/TIMonitorAgent.java,17.0,6.0,8.0,5.0,2.0,8.0,73.0,gates@13f79535-47bb-0310-9956-ffa450edef68,1,0.0021008403361344537,50.0,0.0,0.0,0.0,471.92,4648.11409801764,1,0,2.2823823856765264,false
contrib/penny/java/src/main/java/org/apache/pig/penny/apps/tr/Main.java,18.0,5.0,0.0,1.0,6.0,5.0,51.0,gates@13f79535-47bb-0310-9956-ffa450edef68,1,0.0021008403361344537,50.0,0.0,0.0,0.0,471.92,4648.11409801764,1,0,2.2823823856765264,false
contrib/penny/java/src/main/java/org/apache/pig/penny/apps/tr/TRCoordinator.java,9.0,4.0,3.0,3.0,0.0,4.0,73.0,gates@13f79535-47bb-0310-9956-ffa450edef68,1,0.0021008403361344537,50.0,0.0,0.0,0.0,471.92,4648.11409801764,1,0,2.2823823856765264,false
contrib/penny/java/src/main/java/org/apache/pig/penny/apps/tr/TRMonitorAgent.java,21.0,6.0,10.0,5.0,0.0,10.0,73.0,gates@13f79535-47bb-0310-9956-ffa450edef68,1,0.0021008403361344537,50.0,0.0,0.0,0.0,471.92,4648.11409801764,1,0,2.2823823856765264,false
contrib/penny/java/src/main/java/org/apache/pig/penny/impl/comm/AsyncMessageReceiptCallback.java,4.0,1.0,1.0,2.0,0.0,2.0,73.0,gates@13f79535-47bb-0310-9956-ffa450edef68,1,0.0021008403361344537,50.0,0.0,0.0,0.0,471.92,4648.11409801764,1,0,2.2823823856765264,false
contrib/penny/java/src/main/java/org/apache/pig/penny/impl/comm/Message.java,105.0,11.0,0.0,19.0,13.0,41.0,73.0,gates@13f79535-47bb-0310-9956-ffa450edef68,1,0.0021008403361344537,50.0,0.0,0.0,0.0,471.92,4648.11409801764,1,0,2.2823823856765264,false
contrib/penny/java/src/main/java/org/apache/pig/penny/impl/comm/MessageReceiptCallback.java,4.0,2.0,1.0,2.0,0.0,2.0,73.0,gates@13f79535-47bb-0310-9956-ffa450edef68,1,0.0021008403361344537,50.0,0.0,0.0,0.0,471.92,4648.11409801764,1,0,2.2823823856765264,false
contrib/penny/java/src/main/java/org/apache/pig/penny/impl/comm/SyncCallResult.java,19.0,1.0,2.0,5.0,0.0,7.0,73.0,gates@13f79535-47bb-0310-9956-ffa450edef68,1,0.0021008403361344537,50.0,0.0,0.0,0.0,471.92,4648.11409801764,1,0,2.2823823856765264,false
contrib/penny/java/src/main/java/org/apache/pig/penny/impl/harnesses/CoordinatorHarness.java,115.0,23.0,166.0,20.0,39.0,43.0,73.0,gates@13f79535-47bb-0310-9956-ffa450edef68,1,0.0021008403361344537,50.0,0.0,0.0,0.0,471.92,4648.11409801764,1,0,2.2823823856765264,false
contrib/penny/java/src/main/java/org/apache/pig/penny/impl/harnesses/MessagingClient.java,99.0,27.0,3.0,6.0,27.0,22.0,73.0,gates@13f79535-47bb-0310-9956-ffa450edef68,1,0.0021008403361344537,50.0,0.0,0.0,0.0,471.92,4648.11409801764,1,0,2.2823823856765264,false
contrib/penny/java/src/main/java/org/apache/pig/penny/impl/harnesses/MessagingServer.java,93.0,29.0,3.0,7.0,21.0,15.0,73.0,gates@13f79535-47bb-0310-9956-ffa450edef68,1,0.0021008403361344537,50.0,0.0,0.0,0.0,471.92,4648.11409801764,1,0,2.2823823856765264,false
contrib/penny/java/src/main/java/org/apache/pig/penny/impl/harnesses/MonitorAgentHarness.java,243.0,22.0,79.0,23.0,84.0,74.0,73.0,gates@13f79535-47bb-0310-9956-ffa450edef68,1,0.0021008403361344537,50.0,0.0,0.0,0.0,471.92,4648.11409801764,1,0,2.2823823856765264,false
contrib/penny/java/src/main/java/org/apache/pig/penny/impl/pig/MonitorAgentUDF.java,46.0,11.0,0.0,5.0,12.0,16.0,73.0,gates@13f79535-47bb-0310-9956-ffa450edef68,1,0.0021008403361344537,50.0,0.0,0.0,0.0,471.92,4648.11409801764,1,0,2.2823823856765264,false
contrib/penny/java/src/main/java/org/apache/pig/penny/impl/pig/MonitorAgentUDFArgs.java,29.0,6.0,0.0,1.0,6.0,1.0,73.0,gates@13f79535-47bb-0310-9956-ffa450edef68,1,0.0021008403361344537,50.0,0.0,0.0,0.0,471.92,4648.11409801764,1,0,2.2823823856765264,false
contrib/penny/java/src/main/java/org/apache/pig/penny/impl/pig/PigLauncher.java,15.0,7.0,0.0,1.0,8.0,4.0,73.0,gates@13f79535-47bb-0310-9956-ffa450edef68,1,0.0021008403361344537,50.0,0.0,0.0,0.0,471.92,4648.11409801764,1,0,2.2823823856765264,false
contrib/penny/java/src/test/java/org/apache/pig/penny/test/ComTest.java,191.0,23.0,0.0,6.0,53.0,22.0,73.0,gates@13f79535-47bb-0310-9956-ffa450edef68,1,0.0021008403361344537,50.0,0.0,0.0,0.0,471.92,4648.11409801764,1,0,2.2823823856765264,false
contrib/penny/java/src/test/java/org/apache/pig/penny/test/PennyAgentTest.java,112.0,13.0,1.0,6.0,40.0,20.0,73.0,gates@13f79535-47bb-0310-9956-ffa450edef68,1,0.0021008403361344537,50.0,0.0,0.0,0.0,471.92,4648.11409801764,1,0,2.2823823856765264,false
contrib/piggybank/java/src/main/java/org/apache/pig/piggybank/storage/CSVExcelStorage.java,298.0,29.0,82.0,17.0,55.0,58.0,0.0,daijy@13f79535-47bb-0310-9956-ffa450edef68,0,0.0,0.0,0.0,0.0,0.0,0.0,0.0,0,0,0.0,false
contrib/piggybank/java/src/main/java/org/apache/pig/piggybank/storage/JsonMetadata.java,205.0,26.0,29.0,10.0,53.0,40.0,0.0,gates@13f79535-47bb-0310-9956-ffa450edef68,0,0.0,0.0,0.0,0.0,0.0,0.0,0.0,0,1,0.0,false
contrib/piggybank/java/src/main/java/org/apache/pig/piggybank/storage/PigStorageSchema.java,73.0,17.0,30.0,9.0,21.0,26.0,2.0,daijy@13f79535-47bb-0310-9956-ffa450edef68,2,0.004201680672268907,43.0,0.0,0.0,0.0,665.719298245614,6218.123254611446,2,1,1.1622572566292262,false
contrib/piggybank/java/src/main/java/org/apache/pig/piggybank/storage/allloader/LoadFuncHelper.java,281.0,14.0,38.0,12.0,46.0,56.0,0.0,daijy@13f79535-47bb-0310-9956-ffa450edef68,0,0.0,0.0,0.0,0.0,0.0,0.0,0.0,0,1,0.0,false
contrib/piggybank/java/src/test/java/org/apache/pig/piggybank/test/TestPigStorageSchema.java,112.0,24.0,0.0,7.0,55.0,24.0,2.0,daijy@13f79535-47bb-0310-9956-ffa450edef68,2,0.004201680672268907,38.0,0.0,12.0,0.0,665.719298245614,6218.123254611446,2,1,1.1622572566292262,false
contrib/piggybank/java/src/test/java/org/apache/pig/piggybank/test/storage/TestAllLoader.java,354.0,38.0,0.0,19.0,108.0,56.0,0.0,daijy@13f79535-47bb-0310-9956-ffa450edef68,0,0.0,0.0,0.0,0.0,0.0,0.0,0.0,0,1,0.0,false
contrib/piggybank/java/src/test/java/org/apache/pig/piggybank/test/storage/TestCSVExcelStorage.java,148.0,16.0,0.0,9.0,50.0,22.0,0.0,daijy@13f79535-47bb-0310-9956-ffa450edef68,0,0.0,0.0,0.0,0.0,0.0,0.0,0.0,0,0,0.0,false
contrib/piggybank/java/src/test/java/org/apache/pig/piggybank/test/storage/avro/TestAvroStorage.java,91.0,21.0,28.0,9.0,45.0,30.0,0.0,null,0,0.0,0.0,0.0,0.0,0.0,0.0,0.0,0,0,0.0,false
contrib/zebra/src/java/org/apache/hadoop/zebra/pig/SchemaConverter.java,133.0,10.0,15.0,6.0,36.0,34.0,0.0,thejas@13f79535-47bb-0310-9956-ffa450edef68,0,0.0,0.0,0.0,0.0,0.0,0.0,0.0,0,1,0.0,false
contrib/zebra/src/java/org/apache/hadoop/zebra/schema/ColumnType.java,0.0,0.0,0.0,0.0,0.0,0.0,0.0,thejas@13f79535-47bb-0310-9956-ffa450edef68,0,0.0,0.0,0.0,0.0,0.0,0.0,0.0,0,1,0.0,false
src/org/apache/pig/LoadCaster.java,72.0,7.0,36.0,9.0,0.0,39.0,0.0,daijy@13f79535-47bb-0310-9956-ffa450edef68,0,0.0,0.0,0.0,0.0,0.0,0.0,0.0,0,0,0.0,false
src/org/apache/pig/Main.java,685.0,58.0,70.0,13.0,126.0,59.0,51.0,null,4,0.008403361344537815,9.0,0.0,1.0,1.0,1381.8850640113799,17711.369868142854,4,0,0.41603445421619156,false
src/org/apache/pig/PigException.java,262.0,1.0,304.0,28.0,4.0,75.0,5.0,thejas@13f79535-47bb-0310-9956-ffa450edef68,1,0.0021008403361344537,33.0,0.0,33.0,0.0,534.4324324324324,10035.405557239668,1,0,1.589235205116581,false
src/org/apache/pig/PigServer.java,1226.0,90.0,1001.0,66.0,250.0,234.0,13.0,null,6,0.012605042016806723,15.0,0.0,2.0,0.0,3225.0608779648683,189923.30804335786,6,3,0.21809441974365695,false
src/org/apache/pig/PigWarning.java,0.0,0.0,0.0,0.0,0.0,0.0,0.0,null,0,0.0,0.0,0.0,0.0,0.0,0.0,0.0,0,0,0.0,false
src/org/apache/pig/ResourceSchema.java,370.0,14.0,92.0,17.0,33.0,56.0,2.0,daijy@13f79535-47bb-0310-9956-ffa450edef68,2,0.004201680672268907,33.0,0.0,0.0,11.0,967.1129824561403,10212.532827324327,2,2,0.9919820487072293,false
src/org/apache/pig/SortInfoSetter.java,42.0,12.0,1.0,2.0,9.0,8.0,139.0,thejas@13f79535-47bb-0310-9956-ffa450edef68,1,0.0021008403361344537,50.0,0.0,0.0,0.0,1371.2558139534885,167563.82407719738,1,0,1.9459101490553135,false
src/org/apache/pig/backend/hadoop/executionengine/HExecutionEngine.java,208.0,41.0,34.0,13.0,52.0,39.0,39.0,null,2,0.004201680672268907,4.0,0.0,0.0,0.0,1866.4487964096288,173128.24280650407,2,1,0.9305844603001115,true
src/org/apache/pig/backend/hadoop/executionengine/mapReduceLayer/AccumulatorOptimizer.java,151.0,26.0,6.0,4.0,38.0,17.0,2.0,null,1,0.0021008403361344537,20.0,0.0,0.0,0.0,534.4324324324324,10035.405557239668,1,1,1.589235205116581,false
src/org/apache/pig/backend/hadoop/executionengine/mapReduceLayer/ColumnChainInfo.java,76.0,3.0,0.0,11.0,20.0,27.0,0.0,thejas@13f79535-47bb-0310-9956-ffa450edef68,0,0.0,0.0,0.0,0.0,0.0,0.0,0.0,0,0,0.0,false
src/org/apache/pig/backend/hadoop/executionengine/mapReduceLayer/ColumnInfo.java,46.0,3.0,0.0,7.0,7.0,18.0,0.0,thejas@13f79535-47bb-0310-9956-ffa450edef68,0,0.0,0.0,0.0,0.0,0.0,0.0,0.0,0,0,0.0,false
src/org/apache/pig/backend/hadoop/executionengine/mapReduceLayer/CombinerOptimizer.java,530.0,39.0,108.0,16.0,108.0,56.0,0.0,thejas@13f79535-47bb-0310-9956-ffa450edef68,0,0.0,0.0,0.0,0.0,0.0,0.0,0.0,0,0,0.0,false
src/org/apache/pig/backend/hadoop/executionengine/mapReduceLayer/JobControlCompiler.java,866.0,73.0,23.0,19.0,174.0,85.0,4.0,null,1,0.0021008403361344537,1.0,0.0,0.0,0.0,495.1929824561404,5564.418729306687,1,0,1.3015531326648,false
src/org/apache/pig/backend/hadoop/executionengine/mapReduceLayer/MRCompiler.java,2118.0,91.0,209.0,54.0,609.0,245.0,15.0,daijy@13f79535-47bb-0310-9956-ffa450edef68,2,0.004201680672268907,5.0,0.0,0.0,0.0,1029.6254148885728,15599.824286546354,2,1,0.7522469883307453,false
src/org/apache/pig/backend/hadoop/executionengine/mapReduceLayer/MapReduceLauncher.java,373.0,48.0,29.0,11.0,114.0,39.0,26.0,null,3,0.0063025210084033615,5.0,0.0,0.0,2.0,2048.182129742962,174586.08386279581,3,0,0.6170055163787351,false
src/org/apache/pig/backend/hadoop/executionengine/mapReduceLayer/PigInputFormat.java,161.0,37.0,41.0,10.0,64.0,39.0,0.0,daijy@13f79535-47bb-0310-9956-ffa450edef68,0,0.0,0.0,0.0,0.0,0.0,0.0,0.0,0,1,0.0,false
src/org/apache/pig/backend/hadoop/executionengine/mapReduceLayer/PigRecordReader.java,122.0,18.0,0.0,9.0,34.0,38.0,0.0,null,0,0.0,0.0,0.0,0.0,0.0,0.0,0.0,0,0,0.0,false
src/org/apache/pig/backend/hadoop/executionengine/mapReduceLayer/SecondaryKeyOptimizer.java,10.0,30.0,0.0,1.0,0.0,2.0,3.0,daijy@13f79535-47bb-0310-9956-ffa450edef68,1,0.0021008403361344537,14.0,0.0,0.0,0.0,495.1929824561404,5564.418729306687,1,0,1.3015531326648,false
src/org/apache/pig/backend/hadoop/executionengine/physicalLayer/LogToPhyTranslationVisitor.java,1542.0,40.0,0.0,50.0,752.0,268.0,45.0,thejas@13f79535-47bb-0310-9956-ffa450edef68,1,0.0021008403361344537,20.0,0.0,0.0,0.0,1371.2558139534885,167563.82407719738,1,0,1.9459101490553135,false
src/org/apache/pig/backend/hadoop/executionengine/physicalLayer/POStatus.java,8.0,0.0,0.0,0.0,0.0,0.0,0.0,rding@13f79535-47bb-0310-9956-ffa450edef68,0,0.0,0.0,0.0,0.0,0.0,0.0,0.0,0,0,0.0,false
src/org/apache/pig/backend/hadoop/executionengine/physicalLayer/PhysicalOperator.java,283.0,18.0,859.0,46.0,14.0,104.0,0.0,null,0,0.0,0.0,0.0,0.0,0.0,0.0,0.0,0,1,0.0,false
src/org/apache/pig/backend/hadoop/executionengine/physicalLayer/expressionOperators/ExpressionOperator.java,138.0,16.0,190.0,20.0,17.0,54.0,139.0,null,0,0.0,0.0,0.0,0.0,0.0,0.0,0.0,0,1,0.0,false
src/org/apache/pig/backend/hadoop/executionengine/physicalLayer/expressionOperators/POCast.java,1190.0,32.0,121.0,23.0,126.0,117.0,2.0,null,1,0.0021008403361344537,13.0,0.0,0.0,0.0,495.1929824561404,5564.418729306687,1,1,1.3015531326648,false
src/org/apache/pig/backend/hadoop/executionengine/physicalLayer/expressionOperators/POProject.java,415.0,20.0,502.0,40.0,76.0,121.0,3.0,null,1,0.0021008403361344537,9.0,0.0,0.0,0.0,495.1929824561404,5564.418729306687,1,0,1.3015531326648,false
src/org/apache/pig/backend/hadoop/executionengine/physicalLayer/expressionOperators/PORelationToExprProject.java,52.0,11.0,34.0,9.0,8.0,18.0,0.0,thejas@13f79535-47bb-0310-9956-ffa450edef68,0,0.0,0.0,0.0,0.0,0.0,0.0,0.0,0,0,0.0,false
src/org/apache/pig/backend/hadoop/executionengine/physicalLayer/expressionOperators/POUserComparisonFunc.java,111.0,21.0,232.0,24.0,30.0,60.0,0.0,null,0,0.0,0.0,0.0,0.0,0.0,0.0,0.0,0,1,0.0,false
src/org/apache/pig/backend/hadoop/executionengine/physicalLayer/expressionOperators/POUserFunc.java,304.0,27.0,540.0,41.0,75.0,108.0,10.0,null,1,0.0021008403361344537,6.0,0.0,0.0,0.0,534.4324324324324,10035.405557239668,1,2,1.589235205116581,false
src/org/apache/pig/backend/hadoop/executionengine/physicalLayer/expressionOperators/regex/CompiledAutomaton.java,11.0,3.0,0.0,2.0,2.0,3.0,0.0,thejas@13f79535-47bb-0310-9956-ffa450edef68,0,0.0,0.0,0.0,0.0,0.0,0.0,0.0,0,1,0.0,false
src/org/apache/pig/backend/hadoop/executionengine/physicalLayer/relationalOperators/POCollectedGroup.java,154.0,23.0,116.0,17.0,30.0,39.0,0.0,null,0,0.0,0.0,0.0,0.0,0.0,0.0,0.0,0,1,0.0,false
src/org/apache/pig/backend/hadoop/executionengine/physicalLayer/relationalOperators/POCombinerPackage.java,88.0,19.0,7.0,6.0,21.0,20.0,0.0,null,0,0.0,0.0,0.0,0.0,0.0,0.0,0.0,0,1,0.0,false
src/org/apache/pig/backend/hadoop/executionengine/physicalLayer/relationalOperators/PODemux.java,194.0,15.0,102.0,17.0,33.0,52.0,0.0,rding@13f79535-47bb-0310-9956-ffa450edef68,0,0.0,0.0,0.0,0.0,0.0,0.0,0.0,0,1,0.0,false
src/org/apache/pig/backend/hadoop/executionengine/physicalLayer/relationalOperators/PODistinct.java,93.0,26.0,76.0,13.0,21.0,28.0,0.0,null,0,0.0,0.0,0.0,0.0,0.0,0.0,0.0,0,1,0.0,false
src/org/apache/pig/backend/hadoop/executionengine/physicalLayer/relationalOperators/POFRJoin.java,264.0,38.0,99.0,18.0,59.0,52.0,0.0,null,0,0.0,0.0,0.0,0.0,0.0,0.0,0.0,0,1,0.0,false
src/org/apache/pig/backend/hadoop/executionengine/physicalLayer/relationalOperators/POFilter.java,76.0,15.0,60.0,12.0,17.0,26.0,0.0,null,0,0.0,0.0,0.0,0.0,0.0,0.0,0.0,0,1,0.0,false
src/org/apache/pig/backend/hadoop/executionengine/physicalLayer/relationalOperators/POForEach.java,513.0,25.0,253.0,31.0,100.0,102.0,4.0,null,1,0.0021008403361344537,5.0,0.0,0.0,0.0,534.4324324324324,10035.405557239668,1,1,1.589235205116581,false
src/org/apache/pig/backend/hadoop/executionengine/physicalLayer/relationalOperators/POLimit.java,70.0,16.0,77.0,14.0,13.0,29.0,27.0,null,1,0.0021008403361344537,11.0,0.0,0.0,0.0,534.4324324324324,10035.405557239668,1,1,1.589235205116581,false
src/org/apache/pig/backend/hadoop/executionengine/physicalLayer/relationalOperators/POLoad.java,138.0,18.0,109.0,19.0,22.0,42.0,0.0,daijy@13f79535-47bb-0310-9956-ffa450edef68,0,0.0,0.0,0.0,0.0,0.0,0.0,0.0,0,1,0.0,false
src/org/apache/pig/backend/hadoop/executionengine/physicalLayer/relationalOperators/POLocalRearrange.java,532.0,24.0,464.0,37.0,79.0,108.0,0.0,null,0,0.0,0.0,0.0,0.0,0.0,0.0,0.0,0,1,0.0,false
src/org/apache/pig/backend/hadoop/executionengine/physicalLayer/relationalOperators/POMergeJoin.java,361.0,36.0,181.0,22.0,61.0,64.0,0.0,daijy@13f79535-47bb-0310-9956-ffa450edef68,0,0.0,0.0,0.0,0.0,0.0,0.0,0.0,0,1,0.0,false
src/org/apache/pig/backend/hadoop/executionengine/physicalLayer/relationalOperators/POMultiQueryPackage.java,159.0,17.0,142.0,20.0,20.0,43.0,0.0,null,0,0.0,0.0,0.0,0.0,0.0,0.0,0.0,0,2,0.0,false
src/org/apache/pig/backend/hadoop/executionengine/physicalLayer/relationalOperators/PONative.java,54.0,6.0,54.0,12.0,13.0,24.0,4.0,thejas@13f79535-47bb-0310-9956-ffa450edef68,1,0.0021008403361344537,33.0,0.0,0.0,0.0,534.4324324324324,10035.405557239668,1,0,1.589235205116581,false
src/org/apache/pig/backend/hadoop/executionengine/physicalLayer/relationalOperators/POPackage.java,378.0,29.0,308.0,29.0,49.0,70.0,0.0,null,0,0.0,0.0,0.0,0.0,0.0,0.0,0.0,0,0,0.0,false
src/org/apache/pig/backend/hadoop/executionengine/physicalLayer/relationalOperators/POPreCombinerLocalRearrange.java,130.0,19.0,104.0,16.0,21.0,37.0,0.0,null,0,0.0,0.0,0.0,0.0,0.0,0.0,0.0,0,1,0.0,false
src/org/apache/pig/backend/hadoop/executionengine/physicalLayer/relationalOperators/POSkewedJoin.java,57.0,11.0,85.0,14.0,6.0,24.0,0.0,rding@13f79535-47bb-0310-9956-ffa450edef68,0,0.0,0.0,0.0,0.0,0.0,0.0,0.0,0,1,0.0,false
src/org/apache/pig/backend/hadoop/executionengine/physicalLayer/relationalOperators/POSort.java,242.0,29.0,181.0,22.0,31.0,47.0,0.0,null,0,0.0,0.0,0.0,0.0,0.0,0.0,0.0,0,1,0.0,false
src/org/apache/pig/backend/hadoop/executionengine/physicalLayer/relationalOperators/POSplit.java,188.0,17.0,121.0,18.0,34.0,51.0,0.0,daijy@13f79535-47bb-0310-9956-ffa450edef68,0,0.0,0.0,0.0,0.0,0.0,0.0,0.0,0,1,0.0,false
src/org/apache/pig/backend/hadoop/executionengine/physicalLayer/relationalOperators/POStore.java,179.0,22.0,377.0,30.0,21.0,63.0,0.0,daijy@13f79535-47bb-0310-9956-ffa450edef68,0,0.0,0.0,0.0,0.0,0.0,0.0,0.0,0,0,0.0,false
src/org/apache/pig/backend/hadoop/hbase/HBaseBinaryConverter.java,94.0,9.0,153.0,18.0,20.0,56.0,0.0,daijy@13f79535-47bb-0310-9956-ffa450edef68,0,0.0,0.0,0.0,0.0,0.0,0.0,0.0,0,0,0.0,false
src/org/apache/pig/backend/hadoop/hbase/HBaseStorage.java,476.0,69.0,260.0,29.0,147.0,95.0,3.0,null,3,0.0063025210084033615,13.0,2.0,2.0,0.0,1176.878748221906,15337.224180562067,3,1,1.6398450429457345,false
src/org/apache/pig/backend/hadoop/hbase/HBaseTableInputFormat.java,149.0,18.0,4.0,4.0,9.0,10.0,0.0,gates@13f79535-47bb-0310-9956-ffa450edef68,0,0.0,0.0,0.0,0.0,0.0,0.0,0.0,0,0,0.0,false
src/org/apache/pig/builtin/BinStorage.java,256.0,48.0,372.0,28.0,32.0,89.0,2.0,daijy@13f79535-47bb-0310-9956-ffa450edef68,1,0.0021008403361344537,8.0,0.0,0.0,0.0,495.1929824561404,5564.418729306687,1,1,1.3015531326648,false
src/org/apache/pig/builtin/COUNT.java,119.0,16.0,39.0,10.0,24.0,31.0,0.0,jcoveney@13f79535-47bb-0310-9956-ffa450edef68,0,0.0,0.0,0.0,0.0,0.0,0.0,0.0,0,1,0.0,false
src/org/apache/pig/builtin/PigStorage.java,176.0,38.0,170.0,21.0,36.0,58.0,0.0,daijy@13f79535-47bb-0310-9956-ffa450edef68,0,0.0,0.0,0.0,0.0,0.0,0.0,0.0,0,1,0.0,false
src/org/apache/pig/builtin/SUBSTRING.java,46.0,9.0,3.0,3.0,10.0,11.0,0.0,daijy@13f79535-47bb-0310-9956-ffa450edef68,0,0.0,0.0,0.0,0.0,0.0,0.0,0.0,0,0,0.0,false
src/org/apache/pig/builtin/TextLoader.java,153.0,19.0,227.0,22.0,9.0,59.0,0.0,daijy@13f79535-47bb-0310-9956-ffa450edef68,0,0.0,0.0,0.0,0.0,0.0,0.0,0.0,0,0,0.0,false
src/org/apache/pig/builtin/Utf8StorageConverter.java,406.0,23.0,307.0,27.0,109.0,124.0,3.0,daijy@13f79535-47bb-0310-9956-ffa450edef68,1,0.0021008403361344537,7.0,0.0,7.0,0.0,495.1929824561404,5564.418729306687,1,0,1.3015531326648,false
src/org/apache/pig/data/BinInterSedes.java,922.0,27.0,96.0,17.0,101.0,81.0,4.0,jcoveney@13f79535-47bb-0310-9956-ffa450edef68,1,0.0021008403361344537,6.0,0.0,6.0,0.0,495.1929824561404,5564.418729306687,1,1,1.3015531326648,false
src/org/apache/pig/data/DataType.java,1091.0,17.0,503.0,43.0,109.0,195.0,0.0,daijy@13f79535-47bb-0310-9956-ffa450edef68,0,0.0,0.0,0.0,0.0,0.0,0.0,0.0,0,0,0.0,false
src/org/apache/pig/impl/PigContext.java,444.0,36.0,743.0,42.0,62.0,132.0,21.0,daijy@13f79535-47bb-0310-9956-ffa450edef68,4,0.008403361344537815,10.0,0.0,2.0,2.0,2582.6145621753944,184621.48942003548,4,0,0.2977277939443883,false
src/org/apache/pig/impl/builtin/GFCross.java,66.0,10.0,0.0,3.0,13.0,16.0,0.0,gates@13f79535-47bb-0310-9956-ffa450edef68,0,0.0,0.0,0.0,0.0,0.0,0.0,0.0,0,0,0.0,false
src/org/apache/pig/impl/io/ReadToEndLoader.java,161.0,17.0,15.0,11.0,18.0,34.0,0.0,daijy@13f79535-47bb-0310-9956-ffa450edef68,0,0.0,0.0,0.0,0.0,0.0,0.0,0.0,0,1,0.0,false
src/org/apache/pig/impl/io/TFileRecordReader.java,63.0,17.0,5.0,6.0,17.0,17.0,3.0,rding@13f79535-47bb-0310-9956-ffa450edef68,1,0.0021008403361344537,33.0,0.0,33.0,0.0,181.73333333333332,1457.8410562917434,1,0,1.8993901334204204,false
src/org/apache/pig/impl/logicalLayer/FrontendException.java,170.0,2.0,153.0,18.0,6.0,52.0,10.0,daijy@13f79535-47bb-0310-9956-ffa450edef68,1,0.0021008403361344537,33.0,0.0,0.0,0.0,1371.2558139534885,167563.82407719738,1,0,1.9459101490553135,false
src/org/apache/pig/impl/logicalLayer/LOCogroup.java,601.0,23.0,210.0,25.0,105.0,93.0,54.0,thejas@13f79535-47bb-0310-9956-ffa450edef68,1,0.0021008403361344537,33.0,0.0,0.0,0.0,1371.2558139534885,167563.82407719738,1,0,1.9459101490553135,false
src/org/apache/pig/impl/logicalLayer/LOJoin.java,426.0,23.0,135.0,22.0,87.0,80.0,139.0,thejas@13f79535-47bb-0310-9956-ffa450edef68,1,0.0021008403361344537,33.0,0.0,0.0,0.0,1371.2558139534885,167563.82407719738,1,0,1.9459101490553135,false
src/org/apache/pig/impl/logicalLayer/ProjectFixerUpper.java,176.0,9.0,35.0,10.0,20.0,29.0,139.0,thejas@13f79535-47bb-0310-9956-ffa450edef68,1,0.0021008403361344537,33.0,0.0,0.0,0.0,1371.2558139534885,167563.82407719738,1,0,1.9459101490553135,false
src/org/apache/pig/impl/logicalLayer/optimizer/PushDownForeachFlatten.java,242.0,29.0,4.0,8.0,45.0,33.0,139.0,thejas@13f79535-47bb-0310-9956-ffa450edef68,1,0.0021008403361344537,33.0,0.0,0.0,0.0,1371.2558139534885,167563.82407719738,1,0,1.9459101490553135,false
src/org/apache/pig/impl/logicalLayer/optimizer/PushUpFilter.java,293.0,37.0,31.0,11.0,48.0,51.0,50.0,thejas@13f79535-47bb-0310-9956-ffa450edef68,1,0.0021008403361344537,33.0,0.0,0.0,0.0,1371.2558139534885,167563.82407719738,1,0,1.9459101490553135,false
src/org/apache/pig/impl/logicalLayer/schema/Schema.java,1416.0,22.0,461.0,43.0,144.0,182.0,57.0,null,2,0.004201680672268907,21.0,0.0,7.0,0.0,1905.688246385921,177599.22963443704,2,0,1.190504332780923,false
src/org/apache/pig/impl/logicalLayer/validators/TypeCheckerException.java,130.0,1.0,91.0,14.0,0.0,40.0,0.0,gates@13f79535-47bb-0310-9956-ffa450edef68,0,0.0,0.0,0.0,0.0,0.0,0.0,0.0,0,0,0.0,false
src/org/apache/pig/impl/plan/OperatorPlan.java,1018.0,16.0,599.0,47.0,188.0,160.0,139.0,daijy@13f79535-47bb-0310-9956-ffa450edef68,1,0.0021008403361344537,14.0,0.0,0.0,0.0,1371.2558139534885,167563.82407719738,1,0,1.9459101490553135,false
src/org/apache/pig/impl/plan/PlanValidationException.java,134.0,0.0,105.0,15.0,0.0,43.0,0.0,gates@13f79535-47bb-0310-9956-ffa450edef68,0,0.0,0.0,0.0,0.0,0.0,0.0,0.0,0,0,0.0,false
src/org/apache/pig/impl/plan/VisitorException.java,147.0,1.0,120.0,16.0,0.0,46.0,10.0,gates@13f79535-47bb-0310-9956-ffa450edef68,1,0.0021008403361344537,33.0,0.0,0.0,0.0,1371.2558139534885,167563.82407719738,1,0,1.9459101490553135,false
src/org/apache/pig/impl/util/CastUtils.java,113.0,8.0,0.0,5.0,26.0,27.0,0.0,null,0,0.0,0.0,0.0,0.0,0.0,0.0,0.0,0,1,0.0,false
src/org/apache/pig/impl/util/LogUtils.java,166.0,11.0,15.0,6.0,36.0,26.0,48.0,rding@13f79535-47bb-0310-9956-ffa450edef68,3,0.0063025210084033615,50.0,0.0,33.0,0.0,2087.421579719254,179057.07069072878,3,0,0.7128995405293286,false
src/org/apache/pig/impl/util/MultiMap.java,146.0,8.0,0.0,15.0,29.0,41.0,0.0,thejas@13f79535-47bb-0310-9956-ffa450edef68,0,0.0,0.0,0.0,0.0,0.0,0.0,0.0,0,0,0.0,false
src/org/apache/pig/impl/util/UDFContext.java,130.0,6.0,20.0,13.0,15.0,33.0,3.0,null,2,0.004201680672268907,23.0,0.0,0.0,0.0,704.958748221906,10689.110082544428,2,0,1.3540453049304133,false
src/org/apache/pig/impl/util/Utils.java,173.0,27.0,91.0,14.0,38.0,57.0,15.0,null,2,0.004201680672268907,6.0,0.0,0.0,0.0,1866.4487964096288,173128.24280650407,2,1,0.9305844603001115,false
src/org/apache/pig/newplan/BaseOperatorPlan.java,361.0,11.0,208.0,28.0,71.0,90.0,0.0,daijy@13f79535-47bb-0310-9956-ffa450edef68,0,0.0,0.0,0.0,0.0,0.0,0.0,0.0,0,0,0.0,false
src/org/apache/pig/newplan/DotPlanDumper.java,244.0,6.0,301.0,27.0,88.0,57.0,7.0,daijy@13f79535-47bb-0310-9956-ffa450edef68,1,0.0021008403361344537,100.0,100.0,0.0,0.0,495.1929824561404,5564.418729306687,1,0,1.3015531326648,false
src/org/apache/pig/newplan/Operator.java,68.0,4.0,29.0,11.0,3.0,23.0,0.0,gates@13f79535-47bb-0310-9956-ffa450edef68,0,0.0,0.0,0.0,0.0,0.0,0.0,0.0,0,0,0.0,false
src/org/apache/pig/newplan/OperatorPlan.java,129.0,8.0,190.0,20.0,0.0,50.0,139.0,thejas@13f79535-47bb-0310-9956-ffa450edef68,0,0.0,0.0,0.0,0.0,0.0,0.0,0.0,0,0,0.0,false
src/org/apache/pig/newplan/OperatorSubPlan.java,120.0,9.0,135.0,22.0,21.0,53.0,0.0,thejas@13f79535-47bb-0310-9956-ffa450edef68,0,0.0,0.0,0.0,0.0,0.0,0.0,0.0,0,0,0.0,false
src/org/apache/pig/newplan/PColFilterExtractor.java,366.0,34.0,203.0,23.0,76.0,79.0,71.0,null,1,0.0021008403361344537,9.0,0.0,9.0,0.0,181.73333333333332,1457.8410562917434,1,0,1.8993901334204204,false
src/org/apache/pig/newplan/PlanDumper.java,157.0,5.0,19.0,14.0,33.0,35.0,7.0,daijy@13f79535-47bb-0310-9956-ffa450edef68,1,0.0021008403361344537,100.0,100.0,0.0,0.0,495.1929824561404,5564.418729306687,1,0,1.3015531326648,false
src/org/apache/pig/newplan/logical/DotLOPrinter.java,84.0,22.0,28.0,8.0,23.0,24.0,57.0,thejas@13f79535-47bb-0310-9956-ffa450edef68,2,0.004201680672268907,100.0,50.0,0.0,0.0,1029.6254148885728,15599.824286546354,2,0,0.7522469883307453,false
src/org/apache/pig/newplan/logical/LogicalExpPlanMigrationVistor.java,206.0,65.0,0.0,25.0,109.0,57.0,139.0,thejas@13f79535-47bb-0310-9956-ffa450edef68,1,0.0021008403361344537,17.0,0.0,0.0,0.0,1371.2558139534885,167563.82407719738,1,0,1.9459101490553135,false
src/org/apache/pig/newplan/logical/LogicalPlanMigrationVistor.java,278.0,35.0,0.0,22.0,178.0,59.0,139.0,thejas@13f79535-47bb-0310-9956-ffa450edef68,1,0.0021008403361344537,17.0,0.0,0.0,0.0,1371.2558139534885,167563.82407719738,1,0,1.9459101490553135,false
src/org/apache/pig/newplan/logical/Util.java,102.0,14.0,15.0,6.0,20.0,28.0,21.0,thejas@13f79535-47bb-0310-9956-ffa450edef68,1,0.0021008403361344537,14.0,0.0,0.0,0.0,1371.2558139534885,167563.82407719738,1,0,1.9459101490553135,false
src/org/apache/pig/newplan/logical/expression/AddExpression.java,43.0,6.0,10.0,5.0,11.0,17.0,0.0,gates@13f79535-47bb-0310-9956-ffa450edef68,0,0.0,0.0,0.0,0.0,0.0,0.0,0.0,0,0,0.0,false
src/org/apache/pig/newplan/logical/expression/AndExpression.java,43.0,7.0,10.0,5.0,9.0,17.0,0.0,gates@13f79535-47bb-0310-9956-ffa450edef68,0,0.0,0.0,0.0,0.0,0.0,0.0,0.0,0,0,0.0,false
src/org/apache/pig/newplan/logical/expression/BinCondExpression.java,70.0,7.0,28.0,8.0,23.0,26.0,6.0,thejas@13f79535-47bb-0310-9956-ffa450edef68,1,0.0021008403361344537,12.0,0.0,0.0,0.0,534.4324324324324,10035.405557239668,1,0,1.589235205116581,false
src/org/apache/pig/newplan/logical/expression/CastExpression.java,63.0,7.0,13.0,7.0,16.0,24.0,4.0,thejas@13f79535-47bb-0310-9956-ffa450edef68,2,0.004201680672268907,50.0,0.0,25.0,0.0,1905.688246385921,177599.22963443704,2,0,1.0744254965260018,false
src/org/apache/pig/newplan/logical/expression/ConstantExpression.java,60.0,11.0,1.0,7.0,10.0,21.0,0.0,thejas@13f79535-47bb-0310-9956-ffa450edef68,0,0.0,0.0,0.0,0.0,0.0,0.0,0.0,0,0,0.0,false
src/org/apache/pig/newplan/logical/expression/DereferenceExpression.java,154.0,10.0,11.0,14.0,38.0,44.0,8.0,daijy@13f79535-47bb-0310-9956-ffa450edef68,1,0.0021008403361344537,13.0,7.0,7.0,0.0,495.1929824561404,5564.418729306687,1,0,1.3015531326648,false
src/org/apache/pig/newplan/logical/expression/DivideExpression.java,43.0,6.0,10.0,5.0,11.0,17.0,0.0,gates@13f79535-47bb-0310-9956-ffa450edef68,0,0.0,0.0,0.0,0.0,0.0,0.0,0.0,0,0,0.0,false
src/org/apache/pig/newplan/logical/expression/EqualExpression.java,43.0,7.0,10.0,5.0,9.0,17.0,0.0,gates@13f79535-47bb-0310-9956-ffa450edef68,0,0.0,0.0,0.0,0.0,0.0,0.0,0.0,0,0,0.0,false
src/org/apache/pig/newplan/logical/expression/ExpToPhyTranslationVisitor.java,328.0,55.0,0.0,30.0,178.0,87.0,13.0,daijy@13f79535-47bb-0310-9956-ffa450edef68,1,0.0021008403361344537,7.0,0.0,0.0,0.0,495.1929824561404,5564.418729306687,1,0,1.3015531326648,false
src/org/apache/pig/newplan/logical/expression/GreaterThanEqualExpression.java,40.0,7.0,10.0,5.0,9.0,17.0,0.0,gates@13f79535-47bb-0310-9956-ffa450edef68,0,0.0,0.0,0.0,0.0,0.0,0.0,0.0,0,0,0.0,false
src/org/apache/pig/newplan/logical/expression/GreaterThanExpression.java,40.0,7.0,10.0,5.0,9.0,17.0,0.0,gates@13f79535-47bb-0310-9956-ffa450edef68,0,0.0,0.0,0.0,0.0,0.0,0.0,0.0,0,0,0.0,false
src/org/apache/pig/newplan/logical/expression/IsNullExpression.java,31.0,7.0,10.0,5.0,7.0,17.0,0.0,gates@13f79535-47bb-0310-9956-ffa450edef68,0,0.0,0.0,0.0,0.0,0.0,0.0,0.0,0,0,0.0,false
src/org/apache/pig/newplan/logical/expression/LessThanEqualExpression.java,40.0,7.0,10.0,5.0,9.0,17.0,0.0,gates@13f79535-47bb-0310-9956-ffa450edef68,0,0.0,0.0,0.0,0.0,0.0,0.0,0.0,0,0,0.0,false
src/org/apache/pig/newplan/logical/expression/LessThanExpression.java,40.0,7.0,10.0,5.0,9.0,17.0,0.0,gates@13f79535-47bb-0310-9956-ffa450edef68,0,0.0,0.0,0.0,0.0,0.0,0.0,0.0,0,0,0.0,false
src/org/apache/pig/newplan/logical/expression/MapLookupExpression.java,90.0,9.0,16.0,8.0,24.0,29.0,0.0,null,0,0.0,0.0,0.0,0.0,0.0,0.0,0.0,0,0,0.0,false
src/org/apache/pig/newplan/logical/expression/ModExpression.java,43.0,6.0,10.0,5.0,11.0,17.0,0.0,gates@13f79535-47bb-0310-9956-ffa450edef68,0,0.0,0.0,0.0,0.0,0.0,0.0,0.0,0,0,0.0,false
src/org/apache/pig/newplan/logical/expression/MultiplyExpression.java,43.0,6.0,10.0,5.0,11.0,17.0,0.0,gates@13f79535-47bb-0310-9956-ffa450edef68,0,0.0,0.0,0.0,0.0,0.0,0.0,0.0,0,0,0.0,false
src/org/apache/pig/newplan/logical/expression/NegativeExpression.java,32.0,6.0,10.0,5.0,10.0,17.0,0.0,gates@13f79535-47bb-0310-9956-ffa450edef68,0,0.0,0.0,0.0,0.0,0.0,0.0,0.0,0,0,0.0,false
src/org/apache/pig/newplan/logical/expression/NotEqualExpression.java,43.0,7.0,10.0,5.0,9.0,17.0,0.0,gates@13f79535-47bb-0310-9956-ffa450edef68,0,0.0,0.0,0.0,0.0,0.0,0.0,0.0,0,0,0.0,false
src/org/apache/pig/newplan/logical/expression/NotExpression.java,31.0,7.0,10.0,5.0,7.0,17.0,0.0,gates@13f79535-47bb-0310-9956-ffa450edef68,0,0.0,0.0,0.0,0.0,0.0,0.0,0.0,0,0,0.0,false
src/org/apache/pig/newplan/logical/expression/OrExpression.java,43.0,7.0,10.0,5.0,9.0,17.0,0.0,gates@13f79535-47bb-0310-9956-ffa450edef68,0,0.0,0.0,0.0,0.0,0.0,0.0,0.0,0,0,0.0,false
src/org/apache/pig/newplan/logical/expression/ProjectExpression.java,377.0,16.0,70.0,29.0,52.0,82.0,7.0,daijy@13f79535-47bb-0310-9956-ffa450edef68,2,0.004201680672268907,21.0,7.0,7.0,7.0,1866.4487964096288,173128.24280650407,2,0,0.8798246365001583,false
src/org/apache/pig/newplan/logical/expression/RegexExpression.java,43.0,7.0,10.0,5.0,9.0,17.0,0.0,gates@13f79535-47bb-0310-9956-ffa450edef68,0,0.0,0.0,0.0,0.0,0.0,0.0,0.0,0,0,0.0,false
src/org/apache/pig/newplan/logical/expression/ScalarExpression.java,81.0,12.0,15.0,10.0,15.0,26.0,0.0,thejas@13f79535-47bb-0310-9956-ffa450edef68,0,0.0,0.0,0.0,0.0,0.0,0.0,0.0,0,0,0.0,false
src/org/apache/pig/newplan/logical/expression/SubtractExpression.java,43.0,6.0,10.0,5.0,11.0,17.0,0.0,gates@13f79535-47bb-0310-9956-ffa450edef68,0,0.0,0.0,0.0,0.0,0.0,0.0,0.0,0,0,0.0,false
src/org/apache/pig/newplan/logical/expression/UnaryExpression.java,28.0,4.0,1.0,2.0,4.0,5.0,0.0,gates@13f79535-47bb-0310-9956-ffa450edef68,0,0.0,0.0,0.0,0.0,0.0,0.0,0.0,0,0,0.0,false
src/org/apache/pig/newplan/logical/expression/UserFuncExpression.java,116.0,14.0,25.0,10.0,32.0,36.0,5.0,null,2,0.004201680672268907,10.0,0.0,0.0,5.0,1029.6254148885728,15599.824286546354,2,0,0.7522469883307453,false
src/org/apache/pig/newplan/logical/optimizer/AllExpressionVisitor.java,78.0,17.0,0.0,10.0,30.0,27.0,27.0,thejas@13f79535-47bb-0310-9956-ffa450edef68,1,0.0021008403361344537,20.0,0.0,0.0,0.0,534.4324324324324,10035.405557239668,1,0,1.589235205116581,false
src/org/apache/pig/newplan/logical/relational/LOCogroup.java,202.0,16.0,74.0,17.0,28.0,42.0,54.0,null,2,0.004201680672268907,15.0,0.0,0.0,0.0,1866.4487964096288,173128.24280650407,2,0,0.9305844603001115,false
src/org/apache/pig/newplan/logical/relational/LOCross.java,57.0,5.0,10.0,5.0,10.0,18.0,106.0,daijy@13f79535-47bb-0310-9956-ffa450edef68,1,0.0021008403361344537,20.0,0.0,0.0,0.0,1371.2558139534885,167563.82407719738,1,0,1.9459101490553135,false
src/org/apache/pig/newplan/logical/relational/LOGenerate.java,204.0,11.0,79.0,18.0,23.0,40.0,74.0,daijy@13f79535-47bb-0310-9956-ffa450edef68,1,0.0021008403361344537,6.0,0.0,0.0,0.0,1371.2558139534885,167563.82407719738,1,3,1.9459101490553135,false
src/org/apache/pig/newplan/logical/relational/LOInnerLoad.java,111.0,10.0,14.0,13.0,24.0,37.0,0.0,thejas@13f79535-47bb-0310-9956-ffa450edef68,0,0.0,0.0,0.0,0.0,0.0,0.0,0.0,0,1,0.0,false
src/org/apache/pig/newplan/logical/relational/LOJoin.java,145.0,9.0,54.0,16.0,20.0,38.0,139.0,null,0,0.0,0.0,0.0,0.0,0.0,0.0,0.0,0,0,0.0,false
src/org/apache/pig/newplan/logical/relational/LOLimit.java,34.0,3.0,9.0,7.0,8.0,19.0,79.0,thejas@13f79535-47bb-0310-9956-ffa450edef68,2,0.004201680672268907,50.0,0.0,0.0,0.0,1905.688246385921,177599.22963443704,2,0,1.0744254965260018,false
src/org/apache/pig/newplan/logical/relational/LOLoad.java,174.0,17.0,120.0,20.0,29.0,58.0,74.0,daijy@13f79535-47bb-0310-9956-ffa450edef68,1,0.0021008403361344537,7.0,0.0,0.0,0.0,1371.2558139534885,167563.82407719738,1,0,1.9459101490553135,false
src/org/apache/pig/newplan/logical/relational/LOSort.java,112.0,13.0,99.0,19.0,28.0,42.0,74.0,null,1,0.0021008403361344537,12.0,0.0,0.0,0.0,1371.2558139534885,167563.82407719738,1,0,1.9459101490553135,false
src/org/apache/pig/newplan/logical/relational/LOStore.java,86.0,10.0,119.0,18.0,14.0,35.0,139.0,thejas@13f79535-47bb-0310-9956-ffa450edef68,0,0.0,0.0,0.0,0.0,0.0,0.0,0.0,0,0,0.0,false
src/org/apache/pig/newplan/logical/relational/LOUnion.java,127.0,12.0,54.0,12.0,23.0,36.0,74.0,daijy@13f79535-47bb-0310-9956-ffa450edef68,1,0.0021008403361344537,9.0,0.0,0.0,0.0,1371.2558139534885,167563.82407719738,1,1,1.9459101490553135,false
src/org/apache/pig/newplan/logical/relational/LogToPhyTranslationVisitor.java,1023.0,63.0,0.0,32.0,394.0,156.0,45.0,daijy@13f79535-47bb-0310-9956-ffa450edef68,3,0.0063025210084033615,9.0,0.0,0.0,0.0,2400.8812288420613,183163.64836374373,3,0,0.5136205402774552,false
src/org/apache/pig/newplan/logical/relational/LogicalPlan.java,51.0,12.0,10.0,5.0,13.0,17.0,59.0,daijy@13f79535-47bb-0310-9956-ffa450edef68,3,0.0063025210084033615,27.0,7.0,0.0,7.0,2400.8812288420613,183163.64836374373,3,0,0.49484213403545585,false
src/org/apache/pig/newplan/logical/relational/LogicalRelationalOperator.java,135.0,5.0,125.0,18.0,7.0,39.0,0.0,daijy@13f79535-47bb-0310-9956-ffa450edef68,0,0.0,0.0,0.0,0.0,0.0,0.0,0.0,0,0,0.0,false
src/org/apache/pig/newplan/logical/relational/LogicalSchema.java,749.0,8.0,142.0,24.0,72.0,96.0,10.0,daijy@13f79535-47bb-0310-9956-ffa450edef68,2,0.004201680672268907,21.0,0.0,0.0,0.0,1905.688246385921,177599.22963443704,2,3,1.1160687964824558,false
src/org/apache/pig/newplan/logical/rules/ColumnPruneHelper.java,380.0,37.0,0.0,7.0,27.0,28.0,27.0,daijy@13f79535-47bb-0310-9956-ffa450edef68,1,0.0021008403361344537,10.0,0.0,0.0,0.0,534.4324324324324,10035.405557239668,1,0,1.589235205116581,false
src/org/apache/pig/newplan/logical/rules/ColumnPruneVisitor.java,294.0,38.0,95.0,15.0,91.0,47.0,15.0,daijy@13f79535-47bb-0310-9956-ffa450edef68,2,0.004201680672268907,33.0,17.0,0.0,0.0,1029.6254148885728,15599.824286546354,2,1,0.7522469883307453,false
src/org/apache/pig/newplan/logical/rules/ConstExpEvaluator.java,240.0,9.0,256.0,24.0,43.0,60.0,0.0,null,0,0.0,0.0,0.0,0.0,0.0,0.0,0.0,0,0,0.0,false
src/org/apache/pig/newplan/logical/rules/FilterAboveForeach.java,147.0,17.0,3.0,3.0,2.0,7.0,10.0,thejas@13f79535-47bb-0310-9956-ffa450edef68,1,0.0021008403361344537,25.0,0.0,0.0,0.0,170.5263157894737,653.7045253047595,1,0,2.793208009442517,false
src/org/apache/pig/newplan/logical/rules/ImplicitSplitInserter.java,64.0,20.0,6.0,4.0,7.0,12.0,139.0,thejas@13f79535-47bb-0310-9956-ffa450edef68,0,0.0,0.0,0.0,0.0,0.0,0.0,0.0,0,0,0.0,false
src/org/apache/pig/newplan/logical/rules/InputOutputFileValidator.java,63.0,13.0,0.0,2.0,1.0,3.0,139.0,daijy@13f79535-47bb-0310-9956-ffa450edef68,0,0.0,0.0,0.0,0.0,0.0,0.0,0.0,0,0,0.0,false
src/org/apache/pig/newplan/logical/rules/LoadStoreFuncDupSignatureValidator.java,63.0,10.0,0.0,2.0,2.0,3.0,0.0,daijy@13f79535-47bb-0310-9956-ffa450edef68,0,0.0,0.0,0.0,0.0,0.0,0.0,0.0,0,0,0.0,false
src/org/apache/pig/newplan/logical/rules/MapKeysPruneHelper.java,246.0,31.0,4.0,5.0,16.0,22.0,0.0,daijy@13f79535-47bb-0310-9956-ffa450edef68,0,0.0,0.0,0.0,0.0,0.0,0.0,0.0,0,1,0.0,false
src/org/apache/pig/newplan/logical/rules/MergeForEach.java,200.0,22.0,3.0,3.0,1.0,7.0,0.0,thejas@13f79535-47bb-0310-9956-ffa450edef68,0,0.0,0.0,0.0,0.0,0.0,0.0,0.0,0,0,0.0,false
src/org/apache/pig/newplan/logical/rules/PartitionFilterOptimizer.java,115.0,24.0,3.0,3.0,1.0,6.0,71.0,null,1,0.0021008403361344537,12.0,0.0,12.0,0.0,181.73333333333332,1457.8410562917434,1,0,1.8993901334204204,false
src/org/apache/pig/newplan/logical/rules/PushUpFilter.java,228.0,37.0,3.0,3.0,1.0,6.0,50.0,daijy@13f79535-47bb-0310-9956-ffa450edef68,1,0.0021008403361344537,40.0,0.0,0.0,0.0,170.5263157894737,653.7045253047595,1,1,2.793208009442517,false
src/org/apache/pig/newplan/logical/rules/TypeCastInserter.java,88.0,24.0,6.0,4.0,4.0,9.0,139.0,daijy@13f79535-47bb-0310-9956-ffa450edef68,0,0.0,0.0,0.0,0.0,0.0,0.0,0.0,0,0,0.0,false
src/org/apache/pig/newplan/logical/visitor/CastLineageSetter.java,55.0,16.0,0.0,2.0,2.0,5.0,4.0,thejas@13f79535-47bb-0310-9956-ffa450edef68,1,0.0021008403361344537,33.0,0.0,0.0,0.0,534.4324324324324,10035.405557239668,1,0,1.589235205116581,false
src/org/apache/pig/newplan/logical/visitor/ColumnAliasConversionVisitor.java,55.0,14.0,6.0,4.0,26.0,18.0,13.0,thejas@13f79535-47bb-0310-9956-ffa450edef68,1,0.0021008403361344537,12.0,0.0,0.0,0.0,495.1929824561404,5564.418729306687,1,0,1.3015531326648,false
src/org/apache/pig/newplan/logical/visitor/LineageFindRelVisitor.java,402.0,50.0,214.0,25.0,117.0,82.0,14.0,thejas@13f79535-47bb-0310-9956-ffa450edef68,2,0.004201680672268907,33.0,0.0,0.0,0.0,1029.6254148885728,15599.824286546354,2,0,0.8568270126711743,false
src/org/apache/pig/newplan/logical/visitor/ProjectStarExpander.java,311.0,29.0,55.0,11.0,97.0,47.0,9.0,thejas@13f79535-47bb-0310-9956-ffa450edef68,1,0.0021008403361344537,25.0,0.0,0.0,0.0,534.4324324324324,10035.405557239668,1,0,1.589235205116581,false
src/org/apache/pig/newplan/logical/visitor/ScalarVisitor.java,50.0,19.0,0.0,3.0,36.0,15.0,0.0,thejas@13f79535-47bb-0310-9956-ffa450edef68,0,0.0,0.0,0.0,0.0,0.0,0.0,0.0,0,0,0.0,false
src/org/apache/pig/newplan/logical/visitor/SchemaAliasVisitor.java,75.0,26.0,153.0,18.0,23.0,40.0,139.0,thejas@13f79535-47bb-0310-9956-ffa450edef68,0,0.0,0.0,0.0,0.0,0.0,0.0,0.0,0,0,0.0,false
src/org/apache/pig/newplan/logical/visitor/SortInfoSetter.java,35.0,15.0,1.0,2.0,9.0,8.0,139.0,thejas@13f79535-47bb-0310-9956-ffa450edef68,0,0.0,0.0,0.0,0.0,0.0,0.0,0.0,0,0,0.0,false
src/org/apache/pig/newplan/logical/visitor/StoreAliasSetter.java,8.0,6.0,1.0,2.0,4.0,4.0,6.0,daijy@13f79535-47bb-0310-9956-ffa450edef68,1,0.0021008403361344537,100.0,0.0,0.0,0.0,495.1929824561404,5564.418729306687,1,0,1.3015531326648,false
src/org/apache/pig/newplan/logical/visitor/TypeCheckingExpVisitor.java,788.0,57.0,685.0,43.0,191.0,168.0,4.0,thejas@13f79535-47bb-0310-9956-ffa450edef68,1,0.0021008403361344537,24.0,0.0,12.0,0.0,534.4324324324324,10035.405557239668,1,0,1.589235205116581,false
src/org/apache/pig/newplan/logical/visitor/TypeCheckingRelVisitor.java,633.0,38.0,115.0,26.0,174.0,116.0,15.0,thejas@13f79535-47bb-0310-9956-ffa450edef68,1,0.0021008403361344537,29.0,0.0,14.0,0.0,534.4324324324324,10035.405557239668,1,0,1.589235205116581,false
src/org/apache/pig/newplan/logical/visitor/UDFFinder.java,26.0,12.0,4.0,4.0,9.0,11.0,76.0,daijy@13f79535-47bb-0310-9956-ffa450edef68,1,0.0021008403361344537,100.0,0.0,0.0,0.0,495.1929824561404,5564.418729306687,1,0,1.3015531326648,false
src/org/apache/pig/newplan/logical/visitor/UnionOnSchemaSetter.java,72.0,21.0,1.0,2.0,24.0,8.0,139.0,thejas@13f79535-47bb-0310-9956-ffa450edef68,0,0.0,0.0,0.0,0.0,0.0,0.0,0.0,0,0,0.0,false
src/org/apache/pig/parser/DryRunGruntParser.java,226.0,16.0,0.0,29.0,49.0,74.0,3.0,rding@13f79535-47bb-0310-9956-ffa450edef68,1,0.0021008403361344537,33.0,0.0,11.0,0.0,181.73333333333332,1457.8410562917434,1,0,1.8993901334204204,false
src/org/apache/pig/parser/DuplicatedSchemaAliasException.java,14.0,1.0,0.0,3.0,1.0,5.0,0.0,thejas@13f79535-47bb-0310-9956-ffa450edef68,0,0.0,0.0,0.0,0.0,0.0,0.0,0.0,0,1,0.0,false
src/org/apache/pig/parser/FunctionType.java,33.0,6.0,0.0,1.0,0.0,4.0,0.0,thejas@13f79535-47bb-0310-9956-ffa450edef68,0,0.0,0.0,0.0,0.0,0.0,0.0,0.0,0,0,0.0,false
src/org/apache/pig/parser/InvalidCommandException.java,14.0,1.0,0.0,3.0,1.0,6.0,0.0,thejas@13f79535-47bb-0310-9956-ffa450edef68,0,0.0,0.0,0.0,0.0,0.0,0.0,0.0,0,1,0.0,false
src/org/apache/pig/parser/InvalidPathException.java,14.0,2.0,0.0,3.0,1.0,8.0,0.0,thejas@13f79535-47bb-0310-9956-ffa450edef68,0,0.0,0.0,0.0,0.0,0.0,0.0,0.0,0,1,0.0,false
src/org/apache/pig/parser/InvalidScalarProjectionException.java,21.0,3.0,0.0,3.0,3.0,4.0,4.0,thejas@13f79535-47bb-0310-9956-ffa450edef68,1,0.0021008403361344537,25.0,0.0,25.0,0.0,534.4324324324324,10035.405557239668,1,1,1.589235205116581,false
src/org/apache/pig/parser/LogicalPlanBuilder.java,777.0,68.0,813.0,70.0,230.0,220.0,60.0,null,2,0.004201680672268907,6.0,0.0,0.0,0.0,1905.688246385921,177599.22963443704,2,1,1.0716126848013454,false
src/org/apache/pig/parser/NonProjectExpressionException.java,14.0,2.0,0.0,3.0,1.0,5.0,0.0,thejas@13f79535-47bb-0310-9956-ffa450edef68,0,0.0,0.0,0.0,0.0,0.0,0.0,0.0,0,1,0.0,false
src/org/apache/pig/parser/ParserException.java,16.0,2.0,0.0,4.0,1.0,5.0,0.0,thejas@13f79535-47bb-0310-9956-ffa450edef68,0,0.0,0.0,0.0,0.0,0.0,0.0,0.0,0,1,0.0,false
src/org/apache/pig/parser/ParserValidationException.java,16.0,1.0,0.0,3.0,2.0,4.0,0.0,thejas@13f79535-47bb-0310-9956-ffa450edef68,0,0.0,0.0,0.0,0.0,0.0,0.0,0.0,0,1,0.0,false
src/org/apache/pig/parser/PigMacro.java,279.0,19.0,76.0,16.0,80.0,68.0,5.0,rding@13f79535-47bb-0310-9956-ffa450edef68,1,0.0021008403361344537,40.0,0.0,13.0,0.0,181.73333333333332,1457.8410562917434,1,0,1.8993901334204204,false
src/org/apache/pig/parser/PigParserNode.java,17.0,3.0,0.0,4.0,1.0,6.0,10.0,rding@13f79535-47bb-0310-9956-ffa450edef68,1,0.0021008403361344537,33.0,0.0,33.0,0.0,181.73333333333332,1457.8410562917434,1,0,1.8993901334204204,false
src/org/apache/pig/parser/PigParserNodeAdaptor.java,9.0,2.0,0.0,2.0,0.0,3.0,10.0,rding@13f79535-47bb-0310-9956-ffa450edef68,1,0.0021008403361344537,33.0,0.0,33.0,0.0,181.73333333333332,1457.8410562917434,1,0,1.8993901334204204,false
src/org/apache/pig/parser/PigRecognitionException.java,16.0,2.0,0.0,2.0,3.0,3.0,0.0,thejas@13f79535-47bb-0310-9956-ffa450edef68,0,0.0,0.0,0.0,0.0,0.0,0.0,0.0,0,1,0.0,false
src/org/apache/pig/parser/PlanGenerationFailureException.java,17.0,1.0,0.0,4.0,1.0,7.0,0.0,thejas@13f79535-47bb-0310-9956-ffa450edef68,0,0.0,0.0,0.0,0.0,0.0,0.0,0.0,0,1,0.0,false
src/org/apache/pig/parser/QueryParserDriver.java,332.0,27.0,170.0,20.0,121.0,77.0,10.0,null,3,0.0063025210084033615,26.0,0.0,4.0,4.0,2048.182129742962,174586.08386279581,3,1,0.7795253871826933,false
src/org/apache/pig/parser/QueryParserStringStream.java,12.0,2.0,1.0,2.0,1.0,4.0,0.0,rding@13f79535-47bb-0310-9956-ffa450edef68,0,0.0,0.0,0.0,0.0,0.0,0.0,0.0,0,0,0.0,false
src/org/apache/pig/parser/QueryParserUtils.java,144.0,31.0,55.0,11.0,63.0,41.0,6.0,null,2,0.004201680672268907,23.0,0.0,15.0,0.0,1552.989147286822,169021.66513348912,2,1,1.2783826370039053,false
src/org/apache/pig/parser/SourceLocation.java,38.0,0.0,0.0,8.0,5.0,13.0,8.0,xuefu@13f79535-47bb-0310-9956-ffa450edef68,2,0.004201680672268907,40.0,0.0,40.0,0.0,1552.989147286822,169021.66513348912,2,1,1.2295029606779218,false
src/org/apache/pig/parser/StreamingCommandUtils.java,106.0,8.0,19.0,7.0,26.0,32.0,71.0,thejas@13f79535-47bb-0310-9956-ffa450edef68,2,0.004201680672268907,33.0,0.0,0.0,0.0,1905.688246385921,177599.22963443704,2,0,1.0744254965260018,false
src/org/apache/pig/parser/UndefinedAliasException.java,14.0,1.0,0.0,3.0,1.0,5.0,0.0,thejas@13f79535-47bb-0310-9956-ffa450edef68,0,0.0,0.0,0.0,0.0,0.0,0.0,0.0,0,1,0.0,false
src/org/apache/pig/pen/AugmentBaseDataVisitor.java,785.0,64.0,350.0,32.0,249.0,161.0,0.0,yanz@13f79535-47bb-0310-9956-ffa450edef68,0,0.0,0.0,0.0,0.0,0.0,0.0,0.0,0,0,0.0,false
src/org/apache/pig/pen/ExampleGenerator.java,241.0,31.0,13.0,15.0,86.0,54.0,0.0,cheolsoo@13f79535-47bb-0310-9956-ffa450edef68,0,0.0,0.0,0.0,0.0,0.0,0.0,0.0,0,0,0.0,false
src/org/apache/pig/pen/LocalMapReduceSimulator.java,134.0,48.0,0.0,2.0,34.0,10.0,0.0,yanz@13f79535-47bb-0310-9956-ffa450edef68,0,0.0,0.0,0.0,0.0,0.0,0.0,0.0,0,0,0.0,false
src/org/apache/pig/scripting/BoundScript.java,269.0,22.0,15.0,15.0,80.0,59.0,4.0,rding@13f79535-47bb-0310-9956-ffa450edef68,1,0.0021008403361344537,14.0,0.0,14.0,0.0,181.73333333333332,1457.8410562917434,1,0,1.8993901334204204,false
src/org/apache/pig/scripting/Pig.java,225.0,16.0,150.0,20.0,62.0,77.0,3.0,rding@13f79535-47bb-0310-9956-ffa450edef68,1,0.0021008403361344537,8.0,0.0,0.0,0.0,181.73333333333332,1457.8410562917434,1,1,1.8993901334204204,false
src/org/apache/pig/scripting/ScriptEngine.java,199.0,19.0,118.0,17.0,36.0,52.0,2.0,daijy@13f79535-47bb-0310-9956-ffa450edef68,1,0.0021008403361344537,8.0,0.0,0.0,0.0,1371.2558139534885,167563.82407719738,1,1,1.9459101490553135,false
src/org/apache/pig/scripting/js/JsFunction.java,306.0,28.0,97.0,19.0,119.0,70.0,29.0,cheolsoo@13f79535-47bb-0310-9956-ffa450edef68,1,0.0021008403361344537,20.0,0.0,0.0,0.0,1371.2558139534885,167563.82407719738,1,0,1.9459101490553135,false
src/org/apache/pig/scripting/js/JsScriptEngine.java,193.0,22.0,28.0,16.0,44.0,45.0,0.0,julien@13f79535-47bb-0310-9956-ffa450edef68,0,0.0,0.0,0.0,0.0,0.0,0.0,0.0,0,0,0.0,false
src/org/apache/pig/scripting/jython/JythonFunction.java,92.0,13.0,0.0,3.0,15.0,17.0,29.0,gates@13f79535-47bb-0310-9956-ffa450edef68,1,0.0021008403361344537,14.0,0.0,0.0,0.0,1371.2558139534885,167563.82407719738,1,0,1.9459101490553135,false
src/org/apache/pig/scripting/jython/JythonScriptEngine.java,156.0,29.0,21.0,7.0,39.0,29.0,13.0,daijy@13f79535-47bb-0310-9956-ffa450edef68,2,0.004201680672268907,15.0,0.0,5.0,0.0,1552.989147286822,169021.66513348912,2,1,1.2783826370039053,false
src/org/apache/pig/scripting/jython/JythonUtils.java,102.0,20.0,3.0,3.0,29.0,15.0,0.0,daijy@13f79535-47bb-0310-9956-ffa450edef68,0,0.0,0.0,0.0,0.0,0.0,0.0,0.0,0,0,0.0,false
src/org/apache/pig/tools/ToolsPigServer.java,96.0,20.0,13.0,6.0,14.0,22.0,39.0,gates@13f79535-47bb-0310-9956-ffa450edef68,1,0.0021008403361344537,33.0,0.0,0.0,0.0,471.92,4648.11409801764,1,0,2.2823823856765264,false
src/org/apache/pig/tools/grunt/GruntParser.java,786.0,53.0,305.0,47.0,211.0,190.0,8.0,daijy@13f79535-47bb-0310-9956-ffa450edef68,2,0.004201680672268907,5.0,0.0,0.0,0.0,1006.3524324324324,14683.519655257307,2,0,1.2426616148366083,false
src/org/apache/pig/tools/pigstats/JobStats.java,413.0,34.0,956.0,49.0,92.0,121.0,3.0,null,1,0.0021008403361344537,4.0,0.0,0.0,0.0,181.73333333333332,1457.8410562917434,1,0,1.8993901334204204,false
src/org/apache/pig/tools/pigstats/PigStats.java,185.0,20.0,549.0,34.0,9.0,48.0,0.0,cheolsoo@13f79535-47bb-0310-9956-ffa450edef68,0,0.0,0.0,0.0,0.0,0.0,0.0,0.0,0,0,0.0,false
src/org/apache/pig/tools/pigstats/PigStatsUtil.java,241.0,19.0,170.0,20.0,80.0,55.0,3.0,null,1,0.0021008403361344537,5.0,0.0,0.0,0.0,181.73333333333332,1457.8410562917434,1,0,1.8993901334204204,false
src/org/apache/pig/tools/pigstats/ScriptState.java,535.0,70.0,436.0,37.0,114.0,100.0,0.0,null,0,0.0,0.0,0.0,0.0,0.0,0.0,0.0,0,0,0.0,false
src/org/apache/pig/tools/pigstats/SimplePigStats.java,418.0,33.0,405.0,38.0,133.0,126.0,0.0,rding@13f79535-47bb-0310-9956-ffa450edef68,0,0.0,0.0,0.0,0.0,0.0,0.0,0.0,0,0,0.0,false
test/e2e/pig/udfs/java/org/apache/pig/test/udf/evalfunc/AllFirstLetter.java,39.0,8.0,0.0,4.0,16.0,15.0,0.0,gates@13f79535-47bb-0310-9956-ffa450edef68,0,0.0,0.0,0.0,0.0,0.0,0.0,0.0,0,0,0.0,false
test/e2e/pig/udfs/java/org/apache/pig/test/udf/evalfunc/BadUdf.java,21.0,8.0,0.0,1.0,5.0,4.0,0.0,gates@13f79535-47bb-0310-9956-ffa450edef68,0,0.0,0.0,0.0,0.0,0.0,0.0,0.0,0,0,0.0,false
test/e2e/pig/udfs/java/org/apache/pig/test/udf/evalfunc/BadUdf2.java,21.0,8.0,0.0,1.0,5.0,4.0,0.0,gates@13f79535-47bb-0310-9956-ffa450edef68,0,0.0,0.0,0.0,0.0,0.0,0.0,0.0,0,0,0.0,false
test/e2e/pig/udfs/java/org/apache/pig/test/udf/evalfunc/BadUdf3.java,21.0,9.0,0.0,1.0,5.0,4.0,0.0,gates@13f79535-47bb-0310-9956-ffa450edef68,0,0.0,0.0,0.0,0.0,0.0,0.0,0.0,0,0,0.0,false
test/e2e/pig/udfs/java/org/apache/pig/test/udf/evalfunc/BadUdf4.java,21.0,9.0,0.0,1.0,5.0,4.0,0.0,gates@13f79535-47bb-0310-9956-ffa450edef68,0,0.0,0.0,0.0,0.0,0.0,0.0,0.0,0,0,0.0,false
test/e2e/pig/udfs/java/org/apache/pig/test/udf/evalfunc/CreateMap.java,23.0,7.0,1.0,2.0,6.0,7.0,0.0,gates@13f79535-47bb-0310-9956-ffa450edef68,0,0.0,0.0,0.0,0.0,0.0,0.0,0.0,0,0,0.0,false
test/e2e/pig/udfs/java/org/apache/pig/test/udf/evalfunc/CreateTupleBag.java,33.0,8.0,1.0,2.0,10.0,7.0,0.0,gates@13f79535-47bb-0310-9956-ffa450edef68,0,0.0,0.0,0.0,0.0,0.0,0.0,0.0,0,0,0.0,false
test/e2e/pig/udfs/java/org/apache/pig/test/udf/evalfunc/DECODE.java,13.0,6.0,0.0,1.0,6.0,5.0,0.0,gates@13f79535-47bb-0310-9956-ffa450edef68,0,0.0,0.0,0.0,0.0,0.0,0.0,0.0,0,0,0.0,false
test/e2e/pig/udfs/java/org/apache/pig/test/udf/evalfunc/Fred.java,5.0,3.0,0.0,1.0,0.0,3.0,0.0,gates@13f79535-47bb-0310-9956-ffa450edef68,0,0.0,0.0,0.0,0.0,0.0,0.0,0.0,0,0,0.0,false
test/e2e/pig/udfs/java/org/apache/pig/test/udf/evalfunc/Swap.java,27.0,6.0,1.0,2.0,8.0,7.0,0.0,gates@13f79535-47bb-0310-9956-ffa450edef68,0,0.0,0.0,0.0,0.0,0.0,0.0,0.0,0,0,0.0,false
test/e2e/pig/udfs/java/org/apache/pig/test/udf/evalfunc/TOBAG.java,90.0,12.0,4.0,5.0,19.0,25.0,16.0,daijy@13f79535-47bb-0310-9956-ffa450edef68,0,0.0,0.0,0.0,0.0,0.0,0.0,0.0,0,0,0.0,false
test/e2e/pig/udfs/java/org/apache/pig/test/udf/evalfunc/TOMAP.java,25.0,11.0,1.0,2.0,6.0,10.0,2.0,gates@13f79535-47bb-0310-9956-ffa450edef68,1,0.0021008403361344537,50.0,0.0,0.0,0.0,471.92,4648.11409801764,1,0,2.2823823856765264,false
test/e2e/pig/udfs/java/org/apache/pig/test/udf/evalfunc/TestConstructorArgs.java,73.0,12.0,19.0,7.0,6.0,14.0,0.0,gates@13f79535-47bb-0310-9956-ffa450edef68,0,0.0,0.0,0.0,0.0,0.0,0.0,0.0,0,0,0.0,false
test/e2e/pig/udfs/java/org/apache/pig/test/udf/evalfunc/TestEvalFunc.java,22.0,9.0,1.0,2.0,11.0,8.0,0.0,gates@13f79535-47bb-0310-9956-ffa450edef68,0,0.0,0.0,0.0,0.0,0.0,0.0,0.0,0,0,0.0,false
test/e2e/pig/udfs/java/org/apache/pig/test/udf/evalfunc/TestWarningFunc.java,50.0,10.0,1.0,2.0,6.0,12.0,0.0,gates@13f79535-47bb-0310-9956-ffa450edef68,0,0.0,0.0,0.0,0.0,0.0,0.0,0.0,0,0,0.0,false
test/e2e/pig/udfs/java/org/apache/pig/test/udf/evalfunc/UPPER.java,17.0,5.0,1.0,2.0,6.0,7.0,0.0,gates@13f79535-47bb-0310-9956-ffa450edef68,0,0.0,0.0,0.0,0.0,0.0,0.0,0.0,0,0,0.0,false
test/e2e/pig/udfs/java/org/apache/pig/test/udf/evalfunc/Udfcachetest.java,28.0,17.0,0.0,3.0,5.0,7.0,0.0,gates@13f79535-47bb-0310-9956-ffa450edef68,0,0.0,0.0,0.0,0.0,0.0,0.0,0.0,0,0,0.0,false
test/e2e/pig/udfs/java/org/apache/pig/test/udf/evalfunc/VARBAG.java,128.0,12.0,4.0,5.0,26.0,26.0,0.0,daijy@13f79535-47bb-0310-9956-ffa450edef68,0,0.0,0.0,0.0,0.0,0.0,0.0,0.0,0,0,0.0,false
test/e2e/pig/udfs/java/org/apache/pig/test/udf/orderby/OrdDesc.java,5.0,2.0,0.0,1.0,1.0,2.0,0.0,gates@13f79535-47bb-0310-9956-ffa450edef68,0,0.0,0.0,0.0,0.0,0.0,0.0,0.0,0,0,0.0,false
test/e2e/pig/udfs/java/org/apache/pig/test/udf/storefunc/DumpLoader.java,33.0,11.0,4.0,4.0,11.0,11.0,0.0,gates@13f79535-47bb-0310-9956-ffa450edef68,0,0.0,0.0,0.0,0.0,0.0,0.0,0.0,0,0,0.0,false
test/e2e/pig/udfs/java/org/apache/pig/test/udf/storefunc/DumpLoaderBad.java,2.0,0.0,0.0,0.0,0.0,0.0,0.0,gates@13f79535-47bb-0310-9956-ffa450edef68,0,0.0,0.0,0.0,0.0,0.0,0.0,0.0,0,0,0.0,false
test/e2e/pig/udfs/java/org/apache/pig/test/udf/storefunc/PigPerformanceLoader.java,109.0,12.0,1.0,2.0,1.0,5.0,0.0,daijy@13f79535-47bb-0310-9956-ffa450edef68,0,0.0,0.0,0.0,0.0,0.0,0.0,0.0,0,0,0.0,false
test/e2e/pig/udfs/java/org/apache/pig/test/udf/storefunc/SimpleCollectableLoader.java,4.0,3.0,0.0,1.0,0.0,2.0,0.0,gates@13f79535-47bb-0310-9956-ffa450edef68,0,0.0,0.0,0.0,0.0,0.0,0.0,0.0,0,0,0.0,false
test/e2e/pig/udfs/java/org/apache/pig/test/udf/storefunc/StringStore.java,32.0,6.0,1.0,2.0,12.0,8.0,0.0,gates@13f79535-47bb-0310-9956-ffa450edef68,0,0.0,0.0,0.0,0.0,0.0,0.0,0.0,0,0,0.0,false
test/e2e/pig/udfs/java/org/apache/pig/test/udf/storefunc/StringStoreBad.java,2.0,0.0,0.0,0.0,0.0,0.0,0.0,gates@13f79535-47bb-0310-9956-ffa450edef68,0,0.0,0.0,0.0,0.0,0.0,0.0,0.0,0,0,0.0,false
test/e2e/pig/udfs/java/org/apache/pig/test/udf/streaming/DumpStreamer.java,15.0,8.0,1.0,2.0,7.0,7.0,0.0,gates@13f79535-47bb-0310-9956-ffa450edef68,0,0.0,0.0,0.0,0.0,0.0,0.0,0.0,0,0,0.0,false
test/e2e/pig/udfs/java/org/apache/pig/test/udf/streaming/DumpStreamerBad.java,20.0,8.0,1.0,2.0,8.0,8.0,0.0,gates@13f79535-47bb-0310-9956-ffa450edef68,0,0.0,0.0,0.0,0.0,0.0,0.0,0.0,0,0,0.0,false
test/e2e/pig/udfs/java/org/apache/pig/test/udf/streaming/StreamingDump.java,6.0,7.0,0.0,1.0,2.0,4.0,0.0,gates@13f79535-47bb-0310-9956-ffa450edef68,0,0.0,0.0,0.0,0.0,0.0,0.0,0.0,0,0,0.0,false
test/e2e/pig/udfs/java/org/apache/pig/test/utils/SimpleCustomPartitioner2.java,25.0,5.0,0.0,1.0,6.0,4.0,0.0,gates@13f79535-47bb-0310-9956-ffa450edef68,0,0.0,0.0,0.0,0.0,0.0,0.0,0.0,0,0,0.0,false
test/org/apache/pig/parser/ParserTestingUtils.java,39.0,8.0,6.0,4.0,18.0,16.0,0.0,rding@13f79535-47bb-0310-9956-ffa450edef68,0,0.0,0.0,0.0,0.0,0.0,0.0,0.0,0,0,0.0,false
test/org/apache/pig/parser/TestAstValidator.java,78.0,9.0,10.0,5.0,25.0,25.0,0.0,thejas@13f79535-47bb-0310-9956-ffa450edef68,0,0.0,0.0,0.0,0.0,0.0,0.0,0.0,0,0,0.0,false
test/org/apache/pig/parser/TestColumnAliasConversion.java,106.0,14.0,136.0,17.0,42.0,63.0,0.0,thejas@13f79535-47bb-0310-9956-ffa450edef68,0,0.0,0.0,0.0,0.0,0.0,0.0,0.0,0,0,0.0,false
test/org/apache/pig/parser/TestErrorHandling.java,172.0,9.0,0.0,14.0,85.0,71.0,8.0,daijy@13f79535-47bb-0310-9956-ffa450edef68,2,0.004201680672268907,31.0,8.0,15.0,0.0,1905.688246385921,177599.22963443704,2,1,1.294406268451822,false
test/org/apache/pig/parser/TestLogicalPlanGenerator.java,133.0,7.0,372.0,28.0,37.0,55.0,8.0,null,1,0.0021008403361344537,25.0,4.0,12.0,0.0,1371.2558139534885,167563.82407719738,1,2,1.9459101490553135,true
test/org/apache/pig/parser/TestQueryLexer.java,42.0,5.0,1.0,2.0,20.0,13.0,29.0,null,1,0.0021008403361344537,12.0,0.0,0.0,0.0,1371.2558139534885,167563.82407719738,1,1,1.9459101490553135,false
test/org/apache/pig/parser/TestQueryParser.java,162.0,12.0,300.0,25.0,63.0,67.0,8.0,thejas@13f79535-47bb-0310-9956-ffa450edef68,2,0.004201680672268907,9.0,0.0,5.0,0.0,1905.688246385921,177599.22963443704,2,1,1.0744254965260018,false
test/org/apache/pig/parser/TestScalarVisitor.java,42.0,9.0,10.0,5.0,24.0,18.0,3.0,thejas@13f79535-47bb-0310-9956-ffa450edef68,1,0.0021008403361344537,25.0,0.0,25.0,0.0,1371.2558139534885,167563.82407719738,1,0,1.9459101490553135,false
test/org/apache/pig/parser/TestSchemaAliasVisitor.java,45.0,7.0,10.0,5.0,18.0,20.0,73.0,thejas@13f79535-47bb-0310-9956-ffa450edef68,1,0.0021008403361344537,50.0,0.0,0.0,0.0,1371.2558139534885,167563.82407719738,1,0,1.9459101490553135,false
test/org/apache/pig/test/MiniCluster.java,99.0,8.0,29.0,11.0,24.0,24.0,3.0,daijy@13f79535-47bb-0310-9956-ffa450edef68,1,0.0021008403361344537,33.0,0.0,17.0,0.0,495.1929824561404,5564.418729306687,1,0,1.3015531326648,false
test/org/apache/pig/test/TestAccumulator.java,463.0,16.0,0.0,28.0,159.0,103.0,48.0,null,2,0.004201680672268907,27.0,0.0,0.0,0.0,1905.688246385921,177599.22963443704,2,1,1.0716126848013454,false
test/org/apache/pig/test/TestBZip.java,357.0,33.0,0.0,15.0,186.0,47.0,4.0,daijy@13f79535-47bb-0310-9956-ffa450edef68,1,0.0021008403361344537,8.0,0.0,0.0,0.0,495.1929824561404,5564.418729306687,1,1,1.3015531326648,false
test/org/apache/pig/test/TestBestFitCast.java,462.0,23.0,0.0,30.0,209.0,96.0,0.0,null,0,0.0,0.0,0.0,0.0,0.0,0.0,0.0,0,0,0.0,false
test/org/apache/pig/test/TestBuiltin.java,1642.0,70.0,838.0,57.0,388.0,220.0,10.0,null,2,0.004201680672268907,4.0,0.0,0.0,0.0,1905.688246385921,177599.22963443704,2,1,1.0744254965260018,true
test/org/apache/pig/test/TestCollectedGroup.java,198.0,27.0,0.0,15.0,98.0,52.0,73.0,gates@13f79535-47bb-0310-9956-ffa450edef68,1,0.0021008403361344537,17.0,0.0,0.0,0.0,1371.2558139534885,167563.82407719738,1,1,1.9459101490553135,false
test/org/apache/pig/test/TestCombiner.java,299.0,25.0,0.0,18.0,147.0,59.0,39.0,null,1,0.0021008403361344537,20.0,0.0,0.0,0.0,1371.2558139534885,167563.82407719738,1,0,1.9459101490553135,false
test/org/apache/pig/test/TestConversions.java,267.0,20.0,0.0,20.0,151.0,50.0,71.0,daijy@13f79535-47bb-0310-9956-ffa450edef68,2,0.004201680672268907,18.0,0.0,9.0,0.0,1866.4487964096288,173128.24280650407,2,0,0.9305844603001115,false
test/org/apache/pig/test/TestDataBagAccess.java,211.0,25.0,4.0,9.0,86.0,31.0,11.0,thejas@13f79535-47bb-0310-9956-ffa450edef68,1,0.0021008403361344537,8.0,0.0,0.0,0.0,534.4324324324324,10035.405557239668,1,1,1.589235205116581,true
test/org/apache/pig/test/TestEvalPipeline.java,748.0,42.0,0.0,29.0,333.0,110.0,0.0,daijy@13f79535-47bb-0310-9956-ffa450edef68,0,0.0,0.0,0.0,0.0,0.0,0.0,0.0,0,0,0.0,false
test/org/apache/pig/test/TestEvalPipeline2.java,894.0,36.0,0.0,51.0,476.0,158.0,3.0,daijy@13f79535-47bb-0310-9956-ffa450edef68,2,0.004201680672268907,7.0,2.0,4.0,0.0,1029.6254148885728,15599.824286546354,2,8,0.8111385061589369,false
test/org/apache/pig/test/TestEvalPipelineLocal.java,697.0,38.0,0.0,27.0,322.0,101.0,12.0,daijy@13f79535-47bb-0310-9956-ffa450edef68,2,0.004201680672268907,13.0,9.0,0.0,0.0,1866.4487964096288,173128.24280650407,2,0,0.8798246365001583,false
test/org/apache/pig/test/TestFRJoin.java,439.0,39.0,0.0,22.0,161.0,68.0,0.0,null,0,0.0,0.0,0.0,0.0,0.0,0.0,0.0,0,0,0.0,true
test/org/apache/pig/test/TestFilterSimplification.java,449.0,13.0,0.0,11.0,39.0,25.0,22.0,null,3,0.0063025210084033615,40.0,0.0,10.0,10.0,2400.8812288420613,183163.64836374373,3,0,0.566762652148401,false
test/org/apache/pig/test/TestForEachStar.java,31.0,17.0,4.0,5.0,15.0,13.0,139.0,thejas@13f79535-47bb-0310-9956-ffa450edef68,1,0.0021008403361344537,25.0,0.0,0.0,0.0,1371.2558139534885,167563.82407719738,1,0,1.9459101490553135,true
test/org/apache/pig/test/TestGFCross.java,32.0,13.0,3.0,3.0,22.0,6.0,0.0,null,0,0.0,0.0,0.0,0.0,0.0,0.0,0.0,0,0,0.0,false
test/org/apache/pig/test/TestGroupConstParallel.java,83.0,30.0,0.0,5.0,38.0,14.0,73.0,daijy@13f79535-47bb-0310-9956-ffa450edef68,1,0.0021008403361344537,12.0,0.0,0.0,0.0,1371.2558139534885,167563.82407719738,1,0,1.9459101490553135,false
test/org/apache/pig/test/TestGrunt.java,616.0,23.0,0.0,52.0,270.0,137.0,8.0,daijy@13f79535-47bb-0310-9956-ffa450edef68,2,0.004201680672268907,8.0,0.0,0.0,0.0,1905.688246385921,177599.22963443704,2,2,1.190504332780923,false
test/org/apache/pig/test/TestHBaseStorage.java,549.0,28.0,0.0,26.0,253.0,78.0,2.0,null,2,0.004201680672268907,13.0,6.0,0.0,0.0,642.4463157894737,5301.818623322399,2,1,2.103166458882211,false
test/org/apache/pig/test/TestImplicitSplit.java,73.0,13.0,0.0,6.0,30.0,19.0,73.0,daijy@13f79535-47bb-0310-9956-ffa450edef68,1,0.0021008403361344537,33.0,0.0,0.0,0.0,1371.2558139534885,167563.82407719738,1,0,1.9459101490553135,false
test/org/apache/pig/test/TestInputOutputFileValidator.java,185.0,29.0,58.0,13.0,89.0,44.0,73.0,daijy@13f79535-47bb-0310-9956-ffa450edef68,1,0.0021008403361344537,11.0,0.0,0.0,0.0,1371.2558139534885,167563.82407719738,1,1,1.9459101490553135,true
test/org/apache/pig/test/TestJobSubmission.java,195.0,34.0,0.0,10.0,99.0,33.0,73.0,daijy@13f79535-47bb-0310-9956-ffa450edef68,1,0.0021008403361344537,5.0,0.0,0.0,0.0,1371.2558139534885,167563.82407719738,1,2,1.9459101490553135,false
test/org/apache/pig/test/TestJoin.java,404.0,27.0,0.0,22.0,165.0,83.0,106.0,null,1,0.0021008403361344537,15.0,0.0,0.0,0.0,1371.2558139534885,167563.82407719738,1,0,1.9459101490553135,false
test/org/apache/pig/test/TestJoinSmoke.java,156.0,41.0,0.0,10.0,46.0,30.0,0.0,thejas@13f79535-47bb-0310-9956-ffa450edef68,0,0.0,0.0,0.0,0.0,0.0,0.0,0.0,0,0,0.0,false
test/org/apache/pig/test/TestLoad.java,195.0,42.0,0.0,21.0,91.0,61.0,106.0,null,1,0.0021008403361344537,15.0,0.0,0.0,0.0,1371.2558139534885,167563.82407719738,1,1,1.9459101490553135,true
test/org/apache/pig/test/TestLogToPhyCompiler.java,447.0,24.0,59.0,23.0,176.0,85.0,73.0,thejas@13f79535-47bb-0310-9956-ffa450edef68,1,0.0021008403361344537,14.0,0.0,0.0,0.0,1371.2558139534885,167563.82407719738,1,0,1.9459101490553135,false
test/org/apache/pig/test/TestLogicalPlanBuilder.java,992.0,41.0,10151.0,143.0,367.0,456.0,17.0,null,2,0.004201680672268907,36.0,0.0,9.0,0.0,1905.688246385921,177599.22963443704,2,0,1.294406268451822,false
test/org/apache/pig/test/TestMRCompiler.java,714.0,36.0,313.0,30.0,270.0,73.0,38.0,daijy@13f79535-47bb-0310-9956-ffa450edef68,2,0.004201680672268907,10.0,0.0,0.0,0.0,1866.4487964096288,173128.24280650407,2,0,0.9305844603001115,true
test/org/apache/pig/test/TestMacroExpansion.java,654.0,28.0,5139.0,102.0,155.0,349.0,4.0,rding@13f79535-47bb-0310-9956-ffa450edef68,3,0.0063025210084033615,47.0,0.0,13.0,0.0,2087.421579719254,179057.07069072878,3,0,1.3714217241470943,true
test/org/apache/pig/test/TestMapSideCogroup.java,267.0,35.0,0.0,11.0,120.0,38.0,73.0,daijy@13f79535-47bb-0310-9956-ffa450edef68,1,0.0021008403361344537,17.0,0.0,0.0,0.0,1371.2558139534885,167563.82407719738,1,0,1.9459101490553135,false
test/org/apache/pig/test/TestMergeForEachOptimization.java,199.0,25.0,12.0,12.0,73.0,46.0,73.0,daijy@13f79535-47bb-0310-9956-ffa450edef68,1,0.0021008403361344537,17.0,0.0,0.0,0.0,1371.2558139534885,167563.82407719738,1,0,1.9459101490553135,false
test/org/apache/pig/test/TestMergeJoin.java,497.0,28.0,0.0,26.0,200.0,76.0,73.0,null,1,0.0021008403361344537,9.0,0.0,0.0,0.0,1371.2558139534885,167563.82407719738,1,0,1.9459101490553135,false
test/org/apache/pig/test/TestMergeJoinOuter.java,107.0,30.0,0.0,9.0,63.0,23.0,73.0,cheolsoo@13f79535-47bb-0310-9956-ffa450edef68,1,0.0021008403361344537,17.0,0.0,0.0,0.0,1371.2558139534885,167563.82407719738,1,0,1.9459101490553135,false
test/org/apache/pig/test/TestMultiQuery.java,378.0,18.0,0.0,23.0,148.0,72.0,44.0,null,2,0.004201680672268907,29.0,0.0,0.0,0.0,1552.989147286822,169021.66513348912,2,0,1.3719450005277818,false
test/org/apache/pig/test/TestMultiQueryBasic.java,383.0,36.0,0.0,21.0,129.0,65.0,4.0,null,1,0.0021008403361344537,9.0,0.0,0.0,0.0,181.73333333333332,1457.8410562917434,1,0,1.8993901334204204,false
test/org/apache/pig/test/TestMultiQueryCompiler.java,1048.0,36.0,0.0,50.0,406.0,144.0,0.0,daijy@13f79535-47bb-0310-9956-ffa450edef68,0,0.0,0.0,0.0,0.0,0.0,0.0,0.0,0,0,0.0,false
test/org/apache/pig/test/TestMultiQueryLocal.java,407.0,29.0,0.0,24.0,175.0,64.0,0.0,daijy@13f79535-47bb-0310-9956-ffa450edef68,0,0.0,0.0,0.0,0.0,0.0,0.0,0.0,0,0,0.0,true
test/org/apache/pig/test/TestNativeMapReduce.java,205.0,18.0,0.0,8.0,63.0,21.0,4.0,daijy@13f79535-47bb-0310-9956-ffa450edef68,1,0.0021008403361344537,17.0,0.0,0.0,0.0,534.4324324324324,10035.405557239668,1,1,1.589235205116581,false
test/org/apache/pig/test/TestNewPlanColumnPrune.java,174.0,21.0,15.0,6.0,30.0,19.0,73.0,cheolsoo@13f79535-47bb-0310-9956-ffa450edef68,1,0.0021008403361344537,14.0,0.0,0.0,0.0,1371.2558139534885,167563.82407719738,1,0,1.9459101490553135,false
test/org/apache/pig/test/TestNewPlanFilterAboveForeach.java,284.0,26.0,190.0,20.0,101.0,51.0,33.0,daijy@13f79535-47bb-0310-9956-ffa450edef68,3,0.0063025210084033615,33.0,0.0,0.0,0.0,2076.214562175395,178252.9341597418,3,0,1.010838832536694,false
test/org/apache/pig/test/TestNewPlanFilterRule.java,368.0,31.0,0.0,7.0,54.0,16.0,28.0,null,2,0.004201680672268907,33.0,0.0,0.0,0.0,1541.7821297429623,168217.52860250213,2,0,1.874261221018636,false
test/org/apache/pig/test/TestNewPlanImplicitSplit.java,73.0,12.0,0.0,6.0,31.0,19.0,73.0,daijy@13f79535-47bb-0310-9956-ffa450edef68,1,0.0021008403361344537,33.0,0.0,0.0,0.0,1371.2558139534885,167563.82407719738,1,0,1.9459101490553135,false
test/org/apache/pig/test/TestNewPlanListener.java,143.0,28.0,0.0,5.0,33.0,15.0,0.0,null,0,0.0,0.0,0.0,0.0,0.0,0.0,0.0,0,0,0.0,false
test/org/apache/pig/test/TestNewPlanLogToPhyTranslationVisitor.java,938.0,58.0,435.0,30.0,460.0,76.0,31.0,xuefu@13f79535-47bb-0310-9956-ffa450edef68,2,0.004201680672268907,50.0,0.0,0.0,0.0,1905.688246385921,177599.22963443704,2,0,1.190504332780923,false
test/org/apache/pig/test/TestNewPlanLogicalOptimizer.java,143.0,23.0,0.0,1.0,14.0,3.0,0.0,thejas@13f79535-47bb-0310-9956-ffa450edef68,0,0.0,0.0,0.0,0.0,0.0,0.0,0.0,0,0,0.0,false
test/org/apache/pig/test/TestNewPlanOperatorPlan.java,1265.0,35.0,1081.0,47.0,286.0,117.0,0.0,null,0,0.0,0.0,0.0,0.0,0.0,0.0,0.0,0,0,0.0,false
test/org/apache/pig/test/TestNewPlanPruneMapKeys.java,135.0,25.0,55.0,11.0,72.0,33.0,73.0,gates@13f79535-47bb-0310-9956-ffa450edef68,1,0.0021008403361344537,33.0,0.0,0.0,0.0,1371.2558139534885,167563.82407719738,1,0,1.9459101490553135,false
test/org/apache/pig/test/TestNewPlanPushDownForeachFlatten.java,697.0,29.0,903.0,43.0,287.0,169.0,41.0,daijy@13f79535-47bb-0310-9956-ffa450edef68,2,0.004201680672268907,18.0,0.0,0.0,0.0,1541.7821297429623,168217.52860250213,2,0,1.6764118986889698,false
test/org/apache/pig/test/TestNullConstant.java,126.0,15.0,0.0,10.0,58.0,32.0,7.0,thejas@13f79535-47bb-0310-9956-ffa450edef68,1,0.0021008403361344537,20.0,0.0,20.0,0.0,534.4324324324324,10035.405557239668,1,0,1.589235205116581,true
test/org/apache/pig/test/TestOptimizeLimit.java,129.0,18.0,0.0,16.0,38.0,38.0,73.0,daijy@13f79535-47bb-0310-9956-ffa450edef68,1,0.0021008403361344537,17.0,0.0,0.0,0.0,1371.2558139534885,167563.82407719738,1,0,1.9459101490553135,false
test/org/apache/pig/test/TestPOCast.java,1473.0,43.0,0.0,13.0,265.0,59.0,71.0,null,2,0.004201680672268907,15.0,0.0,0.0,0.0,1866.4487964096288,173128.24280650407,2,0,0.9305844603001115,false
test/org/apache/pig/test/TestPORegexp.java,119.0,12.0,3.0,3.0,11.0,8.0,0.0,thejas@13f79535-47bb-0310-9956-ffa450edef68,0,0.0,0.0,0.0,0.0,0.0,0.0,0.0,0,1,0.0,false
test/org/apache/pig/test/TestParamSubPreproc.java,1161.0,15.0,0.0,33.0,229.0,207.0,0.0,daijy@13f79535-47bb-0310-9956-ffa450edef68,0,0.0,0.0,0.0,0.0,0.0,0.0,0.0,0,1,0.0,false
test/org/apache/pig/test/TestPartitionFilterPushDown.java,338.0,44.0,0.0,27.0,125.0,86.0,35.0,null,2,0.004201680672268907,20.0,0.0,7.0,0.0,1552.989147286822,169021.66513348912,2,0,1.293889308882203,false
test/org/apache/pig/test/TestPigException.java,16.0,6.0,0.0,2.0,7.0,2.0,5.0,thejas@13f79535-47bb-0310-9956-ffa450edef68,1,0.0021008403361344537,100.0,0.0,100.0,0.0,534.4324324324324,10035.405557239668,1,0,1.589235205116581,false
test/org/apache/pig/test/TestPigRunner.java,628.0,31.0,0.0,29.0,304.0,103.0,4.0,daijy@13f79535-47bb-0310-9956-ffa450edef68,1,0.0021008403361344537,8.0,0.0,0.0,0.0,1371.2558139534885,167563.82407719738,1,0,1.9459101490553135,false
test/org/apache/pig/test/TestPigScriptParser.java,72.0,24.0,6.0,4.0,29.0,14.0,106.0,null,1,0.0021008403361344537,22.0,0.0,0.0,0.0,1371.2558139534885,167563.82407719738,1,0,1.9459101490553135,false
test/org/apache/pig/test/TestPigServer.java,539.0,39.0,0.0,30.0,206.0,98.0,13.0,daijy@13f79535-47bb-0310-9956-ffa450edef68,4,0.008403361344537815,14.0,0.0,0.0,0.0,2571.407544631535,183817.3528890485,4,0,0.5829842888567829,false
test/org/apache/pig/test/TestPigStats.java,113.0,22.0,28.0,8.0,63.0,26.0,0.0,null,0,0.0,0.0,0.0,0.0,0.0,0.0,0.0,0,0,0.0,false
test/org/apache/pig/test/TestPinOptions.java,48.0,7.0,0.0,4.0,28.0,10.0,0.0,thejas@13f79535-47bb-0310-9956-ffa450edef68,0,0.0,0.0,0.0,0.0,0.0,0.0,0.0,0,0,0.0,false
test/org/apache/pig/test/TestPlanGeneration.java,91.0,23.0,0.0,8.0,66.0,21.0,9.0,daijy@13f79535-47bb-0310-9956-ffa450edef68,1,0.0021008403361344537,25.0,0.0,0.0,0.0,495.1929824561404,5564.418729306687,1,0,1.3015531326648,false
test/org/apache/pig/test/TestProjectRange.java,555.0,38.0,0.0,36.0,173.0,105.0,38.0,null,2,0.004201680672268907,45.0,9.0,9.0,0.0,1905.688246385921,177599.22963443704,2,0,1.1302285044705638,false
test/org/apache/pig/test/TestProjectStarExpander.java,52.0,19.0,3.0,6.0,18.0,16.0,56.0,thejas@13f79535-47bb-0310-9956-ffa450edef68,2,0.004201680672268907,60.0,0.0,0.0,0.0,1905.688246385921,177599.22963443704,2,0,1.190504332780923,true
test/org/apache/pig/test/TestPruneColumn.java,1404.0,44.0,0.0,72.0,875.0,223.0,3.0,daijy@13f79535-47bb-0310-9956-ffa450edef68,1,0.0021008403361344537,5.0,5.0,0.0,0.0,495.1929824561404,5564.418729306687,1,1,1.3015531326648,false
test/org/apache/pig/test/TestResourceSchema.java,128.0,17.0,36.0,9.0,48.0,27.0,3.0,daijy@13f79535-47bb-0310-9956-ffa450edef68,2,0.004201680672268907,33.0,0.0,0.0,17.0,967.1129824561403,10212.532827324327,2,0,1.098820578610718,false
test/org/apache/pig/test/TestSampleOptimizer.java,147.0,22.0,0.0,6.0,60.0,19.0,73.0,gates@13f79535-47bb-0310-9956-ffa450edef68,1,0.0021008403361344537,50.0,0.0,0.0,0.0,1371.2558139534885,167563.82407719738,1,0,1.9459101490553135,false
test/org/apache/pig/test/TestScalarAliases.java,303.0,16.0,0.0,15.0,128.0,48.0,4.0,thejas@13f79535-47bb-0310-9956-ffa450edef68,1,0.0021008403361344537,12.0,0.0,12.0,0.0,534.4324324324324,10035.405557239668,1,0,1.589235205116581,false
test/org/apache/pig/test/TestSchema.java,502.0,17.0,276.0,24.0,123.0,57.0,17.0,daijy@13f79535-47bb-0310-9956-ffa450edef68,2,0.004201680672268907,9.0,0.0,0.0,0.0,1905.688246385921,177599.22963443704,2,1,1.0744254965260018,false
test/org/apache/pig/test/TestScriptLanguage.java,219.0,19.0,0.0,16.0,172.0,53.0,3.0,null,1,0.0021008403361344537,10.0,0.0,5.0,0.0,181.73333333333332,1457.8410562917434,1,2,1.8993901334204204,false
test/org/apache/pig/test/TestScriptUDF.java,247.0,17.0,0.0,11.0,114.0,44.0,17.0,daijy@13f79535-47bb-0310-9956-ffa450edef68,2,0.004201680672268907,12.0,0.0,0.0,0.0,1552.989147286822,169021.66513348912,2,0,1.2295029606779218,false
test/org/apache/pig/test/TestSecondarySort.java,354.0,22.0,0.0,25.0,208.0,74.0,38.0,daijy@13f79535-47bb-0310-9956-ffa450edef68,2,0.004201680672268907,15.0,0.0,0.0,0.0,1866.4487964096288,173128.24280650407,2,1,0.9305844603001115,false
test/org/apache/pig/test/TestSkewedJoin.java,420.0,23.0,0.0,18.0,143.0,67.0,0.0,daijy@13f79535-47bb-0310-9956-ffa450edef68,0,0.0,0.0,0.0,0.0,0.0,0.0,0.0,0,0,0.0,false
test/org/apache/pig/test/TestStore.java,513.0,55.0,107.0,26.0,193.0,85.0,80.0,daijy@13f79535-47bb-0310-9956-ffa450edef68,1,0.0021008403361344537,12.0,0.0,0.0,0.0,1371.2558139534885,167563.82407719738,1,1,1.9459101490553135,false
test/org/apache/pig/test/TestStreaming.java,346.0,21.0,0.0,17.0,184.0,63.0,9.0,daijy@13f79535-47bb-0310-9956-ffa450edef68,1,0.0021008403361344537,17.0,0.0,0.0,0.0,1371.2558139534885,167563.82407719738,1,0,1.9459101490553135,false
test/org/apache/pig/test/TestStringUDFs.java,97.0,13.0,25.0,11.0,46.0,26.0,0.0,gates@13f79535-47bb-0310-9956-ffa450edef68,0,0.0,0.0,0.0,0.0,0.0,0.0,0.0,0,0,0.0,false
test/org/apache/pig/test/TestTmpFileCompression.java,198.0,27.0,0.0,10.0,81.0,39.0,3.0,rohini@13f79535-47bb-0310-9956-ffa450edef68,1,0.0021008403361344537,17.0,0.0,17.0,0.0,181.73333333333332,1457.8410562917434,1,0,1.8993901334204204,false
test/org/apache/pig/test/TestToolsPigServer.java,57.0,17.0,0.0,5.0,41.0,15.0,5.0,daijy@13f79535-47bb-0310-9956-ffa450edef68,1,0.0021008403361344537,33.0,0.0,0.0,0.0,471.92,4648.11409801764,1,0,2.2823823856765264,false
test/org/apache/pig/test/TestTypeCheckingValidatorNewLP.java,2173.0,97.0,12192.0,157.0,631.0,491.0,25.0,thejas@13f79535-47bb-0310-9956-ffa450edef68,3,0.0063025210084033615,48.0,0.0,13.0,0.0,2400.8812288420613,183163.64836374373,3,0,0.800389993114205,false
test/org/apache/pig/test/TestTypedMap.java,222.0,21.0,0.0,12.0,131.0,35.0,70.0,daijy@13f79535-47bb-0310-9956-ffa450edef68,2,0.004201680672268907,33.0,0.0,0.0,0.0,1541.7821297429623,168217.52860250213,2,0,1.6764118986889698,true
test/org/apache/pig/test/TestUnionOnSchema.java,419.0,30.0,6.0,28.0,132.0,77.0,57.0,thejas@13f79535-47bb-0310-9956-ffa450edef68,2,0.004201680672268907,25.0,0.0,0.0,0.0,1905.688246385921,177599.22963443704,2,1,1.190504332780923,false
test/org/apache/pig/test/Util.java,668.0,77.0,2076.0,65.0,233.0,226.0,21.0,daijy@13f79535-47bb-0310-9956-ffa450edef68,4,0.008403361344537815,13.0,0.0,2.0,0.0,2582.6145621753944,184621.48942003548,4,0,0.30147130672375533,true
test/org/apache/pig/test/utils/NewLogicalPlanUtil.java,40.0,8.0,1.0,2.0,12.0,8.0,0.0,thejas@13f79535-47bb-0310-9956-ffa450edef68,0,0.0,0.0,0.0,0.0,0.0,0.0,0.0,0,0,0.0,false
test/org/apache/pig/test/utils/TypeCheckingTestUtil.java,62.0,11.0,28.0,8.0,23.0,23.0,73.0,thejas@13f79535-47bb-0310-9956-ffa450edef68,1,0.0021008403361344537,20.0,0.0,0.0,0.0,1371.2558139534885,167563.82407719738,1,0,1.9459101490553135,false
test/org/apache/pig/test/utils/UDFContextTestEvalFunc3.java,13.0,5.0,1.0,2.0,12.0,7.0,0.0,rding@13f79535-47bb-0310-9956-ffa450edef68,0,0.0,0.0,0.0,0.0,0.0,0.0,0.0,0,0,0.0,false
