name,LOC,CBO,LCOM,NOM,RFC,WMC,ACS,Ownership,numOfChanges,numberOfFIChanges,ENH,NF,BugFixing,REF,structuralWorkloadSum,semanticWorkloadSum,numberOfDeveloper,pastFaults,MAF,isBuggy
contrib/piggybank/java/src/main/java/org/apache/pig/piggybank/evaluation/datetime/convert/CustomFormatToISO.java,33.0,13.0,3.0,3.0,13.0,11.0,18.0,daijy@13f79535-47bb-0310-9956-ffa450edef68,1,0.0036231884057971015,20.0,0.0,0.0,0.0,1073.8227848101267,7697.683815351827,1,1,0.6390799592896695,false
contrib/piggybank/java/src/main/java/org/apache/pig/piggybank/evaluation/datetime/convert/ISOToUnix.java,21.0,11.0,3.0,3.0,12.0,9.0,18.0,daijy@13f79535-47bb-0310-9956-ffa450edef68,1,0.0036231884057971015,25.0,0.0,0.0,0.0,1073.8227848101267,7697.683815351827,1,0,0.6390799592896695,false
contrib/piggybank/java/src/main/java/org/apache/pig/piggybank/evaluation/datetime/convert/UnixToISO.java,21.0,11.0,3.0,3.0,12.0,9.0,18.0,daijy@13f79535-47bb-0310-9956-ffa450edef68,1,0.0036231884057971015,25.0,0.0,0.0,0.0,1073.8227848101267,7697.683815351827,1,0,0.6390799592896695,false
contrib/piggybank/java/src/main/java/org/apache/pig/piggybank/evaluation/datetime/diff/ISODaysBetween.java,27.0,13.0,3.0,3.0,13.0,9.0,18.0,daijy@13f79535-47bb-0310-9956-ffa450edef68,1,0.0036231884057971015,25.0,0.0,0.0,0.0,1073.8227848101267,7697.683815351827,1,0,0.6390799592896695,false
contrib/piggybank/java/src/main/java/org/apache/pig/piggybank/evaluation/datetime/diff/ISOHoursBetween.java,27.0,10.0,3.0,3.0,13.0,9.0,18.0,daijy@13f79535-47bb-0310-9956-ffa450edef68,1,0.0036231884057971015,25.0,0.0,0.0,0.0,1073.8227848101267,7697.683815351827,1,0,0.6390799592896695,false
contrib/piggybank/java/src/main/java/org/apache/pig/piggybank/evaluation/datetime/diff/ISOMinutesBetween.java,27.0,10.0,3.0,3.0,13.0,9.0,18.0,daijy@13f79535-47bb-0310-9956-ffa450edef68,1,0.0036231884057971015,25.0,0.0,0.0,0.0,1073.8227848101267,7697.683815351827,1,0,0.6390799592896695,false
contrib/piggybank/java/src/main/java/org/apache/pig/piggybank/evaluation/datetime/diff/ISOMonthsBetween.java,27.0,13.0,3.0,3.0,13.0,9.0,18.0,daijy@13f79535-47bb-0310-9956-ffa450edef68,1,0.0036231884057971015,25.0,0.0,0.0,0.0,1073.8227848101267,7697.683815351827,1,0,0.6390799592896695,false
contrib/piggybank/java/src/main/java/org/apache/pig/piggybank/evaluation/datetime/diff/ISOSecondsBetween.java,27.0,10.0,3.0,3.0,13.0,9.0,18.0,daijy@13f79535-47bb-0310-9956-ffa450edef68,1,0.0036231884057971015,25.0,0.0,0.0,0.0,1073.8227848101267,7697.683815351827,1,0,0.6390799592896695,false
contrib/piggybank/java/src/main/java/org/apache/pig/piggybank/evaluation/datetime/diff/ISOYearsBetween.java,24.0,10.0,3.0,3.0,13.0,9.0,18.0,daijy@13f79535-47bb-0310-9956-ffa450edef68,1,0.0036231884057971015,25.0,0.0,0.0,0.0,1073.8227848101267,7697.683815351827,1,0,0.6390799592896695,false
contrib/piggybank/java/src/main/java/org/apache/pig/piggybank/evaluation/datetime/truncate/ISOHelper.java,22.0,5.0,0.0,1.0,7.0,6.0,18.0,daijy@13f79535-47bb-0310-9956-ffa450edef68,1,0.0036231884057971015,33.0,0.0,0.0,0.0,1073.8227848101267,7697.683815351827,1,0,0.6390799592896695,false
contrib/piggybank/java/src/main/java/org/apache/pig/piggybank/evaluation/datetime/truncate/ISOToDay.java,21.0,10.0,3.0,3.0,15.0,9.0,18.0,daijy@13f79535-47bb-0310-9956-ffa450edef68,1,0.0036231884057971015,25.0,0.0,0.0,0.0,1073.8227848101267,7697.683815351827,1,0,0.6390799592896695,false
contrib/piggybank/java/src/main/java/org/apache/pig/piggybank/evaluation/datetime/truncate/ISOToHour.java,21.0,10.0,3.0,3.0,14.0,9.0,18.0,daijy@13f79535-47bb-0310-9956-ffa450edef68,1,0.0036231884057971015,25.0,0.0,0.0,0.0,1073.8227848101267,7697.683815351827,1,0,0.6390799592896695,false
contrib/piggybank/java/src/main/java/org/apache/pig/piggybank/evaluation/datetime/truncate/ISOToMinute.java,21.0,10.0,3.0,3.0,13.0,9.0,18.0,daijy@13f79535-47bb-0310-9956-ffa450edef68,1,0.0036231884057971015,25.0,0.0,0.0,0.0,1073.8227848101267,7697.683815351827,1,0,0.6390799592896695,false
contrib/piggybank/java/src/main/java/org/apache/pig/piggybank/evaluation/datetime/truncate/ISOToMonth.java,21.0,10.0,3.0,3.0,16.0,9.0,18.0,daijy@13f79535-47bb-0310-9956-ffa450edef68,1,0.0036231884057971015,25.0,0.0,0.0,0.0,1073.8227848101267,7697.683815351827,1,0,0.6390799592896695,false
contrib/piggybank/java/src/main/java/org/apache/pig/piggybank/evaluation/datetime/truncate/ISOToSecond.java,21.0,10.0,3.0,3.0,12.0,9.0,18.0,daijy@13f79535-47bb-0310-9956-ffa450edef68,1,0.0036231884057971015,25.0,0.0,0.0,0.0,1073.8227848101267,7697.683815351827,1,0,0.6390799592896695,false
contrib/piggybank/java/src/main/java/org/apache/pig/piggybank/evaluation/datetime/truncate/ISOToWeek.java,21.0,10.0,3.0,3.0,16.0,9.0,18.0,daijy@13f79535-47bb-0310-9956-ffa450edef68,1,0.0036231884057971015,25.0,0.0,0.0,0.0,1073.8227848101267,7697.683815351827,1,0,0.6390799592896695,false
contrib/piggybank/java/src/main/java/org/apache/pig/piggybank/evaluation/datetime/truncate/ISOToYear.java,18.0,10.0,3.0,3.0,17.0,9.0,18.0,daijy@13f79535-47bb-0310-9956-ffa450edef68,1,0.0036231884057971015,25.0,0.0,0.0,0.0,1073.8227848101267,7697.683815351827,1,0,0.6390799592896695,false
contrib/piggybank/java/src/main/java/org/apache/pig/piggybank/evaluation/string/HashFNV.java,46.0,9.0,10.0,5.0,8.0,14.0,0.0,daijy@13f79535-47bb-0310-9956-ffa450edef68,0,0.0,0.0,0.0,0.0,0.0,0.0,0.0,0,0,0.0,false
contrib/piggybank/java/src/main/java/org/apache/pig/piggybank/storage/HadoopJobHistoryLoader.java,436.0,39.0,41.0,11.0,64.0,36.0,2.0,daijy@13f79535-47bb-0310-9956-ffa450edef68,1,0.0036231884057971015,25.0,0.0,0.0,0.0,1073.8227848101267,7697.683815351827,1,0,0.6390799592896695,false
contrib/piggybank/java/src/main/java/org/apache/pig/piggybank/storage/avro/AvroStorage.java,377.0,42.0,311.0,27.0,122.0,102.0,2.0,null,1,0.0036231884057971015,5.0,0.0,0.0,0.0,214.85714285714286,1049.15662485502,1,1,2.2842359543258492,false
contrib/piggybank/java/src/main/java/org/apache/pig/piggybank/storage/avro/AvroStorageUtils.java,258.0,23.0,161.0,19.0,78.0,69.0,0.0,null,0,0.0,0.0,0.0,0.0,0.0,0.0,0.0,0,2,0.0,false
contrib/piggybank/java/src/main/java/org/apache/pig/piggybank/storage/avro/PigAvroInputFormat.java,25.0,13.0,1.0,3.0,2.0,5.0,0.0,daijy@13f79535-47bb-0310-9956-ffa450edef68,0,0.0,0.0,0.0,0.0,0.0,0.0,0.0,0,0,0.0,false
contrib/piggybank/java/src/main/java/org/apache/pig/piggybank/storage/avro/PigAvroRecordReader.java,62.0,11.0,14.0,9.0,19.0,29.0,2.0,daijy@13f79535-47bb-0310-9956-ffa450edef68,1,0.0036231884057971015,9.0,0.0,9.0,0.0,1073.8227848101267,7697.683815351827,1,0,0.6390799592896695,false
contrib/piggybank/java/src/test/java/org/apache/pig/piggybank/test/storage/avro/TestAvroStorage.java,224.0,24.0,15.0,22.0,95.0,73.0,2.0,null,1,0.0036231884057971015,3.0,0.0,0.0,0.0,214.85714285714286,1049.15662485502,1,2,2.2842359543258492,false
shims/src/hadoop20/org/apache/pig/backend/hadoop/executionengine/shims/HadoopShims.java,40.0,13.0,45.0,10.0,9.0,22.0,7.0,daijy@13f79535-47bb-0310-9956-ffa450edef68,2,0.007246376811594203,11.0,0.0,0.0,0.0,1593.3942133815553,11586.738438418632,2,1,0.7250050877529993,false
shims/src/hadoop20/org/apache/pig/backend/hadoop20/PigJobControl.java,108.0,8.0,7.0,7.0,7.0,24.0,10.0,julien@13f79535-47bb-0310-9956-ffa450edef68,1,0.0036231884057971015,100.0,0.0,0.0,0.0,519.5714285714286,3889.0546230668037,1,0,2.1972245773362196,false
shims/src/hadoop23/org/apache/pig/backend/hadoop/executionengine/shims/HadoopShims.java,42.0,16.0,45.0,10.0,4.0,23.0,7.0,daijy@13f79535-47bb-0310-9956-ffa450edef68,2,0.007246376811594203,9.0,0.0,0.0,0.0,1593.3942133815553,11586.738438418632,2,1,0.7250050877529993,false
shims/src/hadoop23/org/apache/pig/backend/hadoop23/PigJobControl.java,163.0,9.0,25.0,10.0,20.0,37.0,10.0,daijy@13f79535-47bb-0310-9956-ffa450edef68,1,0.0036231884057971015,33.0,0.0,0.0,0.0,519.5714285714286,3889.0546230668037,1,0,2.1972245773362196,false
shims/test/hadoop20/org/apache/pig/test/MiniCluster.java,41.0,6.0,1.0,3.0,13.0,6.0,10.0,daijy@13f79535-47bb-0310-9956-ffa450edef68,1,0.0036231884057971015,12.0,0.0,0.0,0.0,519.5714285714286,3889.0546230668037,1,1,2.1972245773362196,false
shims/test/hadoop23/org/apache/pig/test/MiniCluster.java,55.0,15.0,1.0,3.0,20.0,6.0,10.0,daijy@13f79535-47bb-0310-9956-ffa450edef68,1,0.0036231884057971015,8.0,0.0,0.0,0.0,519.5714285714286,3889.0546230668037,1,2,2.1972245773362196,false
src/org/apache/pig/AccumulatorEvalFunc.java,14.0,4.0,6.0,4.0,3.0,7.0,0.0,daijy@13f79535-47bb-0310-9956-ffa450edef68,0,0.0,0.0,0.0,0.0,0.0,0.0,0.0,0,0,0.0,false
src/org/apache/pig/AlgebraicEvalFunc.java,127.0,9.0,20.0,8.0,19.0,24.0,0.0,daijy@13f79535-47bb-0310-9956-ffa450edef68,0,0.0,0.0,0.0,0.0,0.0,0.0,0.0,0,0,0.0,false
src/org/apache/pig/EvalFunc.java,182.0,19.0,172.0,20.0,29.0,61.0,3.0,daijy@13f79535-47bb-0310-9956-ffa450edef68,1,0.0036231884057971015,8.0,0.0,8.0,0.0,414.76712328767127,11605.739493190666,1,0,1.9740810260220096,false
src/org/apache/pig/ExceptionalFunction.java,15.0,0.0,0.0,1.0,0.0,5.0,10.0,billgraham@13f79535-47bb-0310-9956-ffa450edef68,1,0.0036231884057971015,100.0,0.0,0.0,0.0,214.85714285714286,1049.15662485502,1,0,2.2842359543258492,false
src/org/apache/pig/Function.java,8.0,0.0,0.0,1.0,0.0,1.0,10.0,billgraham@13f79535-47bb-0310-9956-ffa450edef68,1,0.0036231884057971015,100.0,0.0,0.0,0.0,214.85714285714286,1049.15662485502,1,0,2.2842359543258492,false
src/org/apache/pig/LoadFunc.java,168.0,20.0,55.0,11.0,28.0,52.0,5.0,daijy@13f79535-47bb-0310-9956-ffa450edef68,1,0.0036231884057971015,14.0,0.0,0.0,0.0,1073.8227848101267,7697.683815351827,1,2,0.6390799592896695,false
src/org/apache/pig/LoadMetadata.java,36.0,5.0,6.0,4.0,0.0,23.0,3.0,gates@13f79535-47bb-0310-9956-ffa450edef68,1,0.0036231884057971015,50.0,0.0,0.0,0.0,519.5714285714286,3889.0546230668037,1,0,2.1972245773362196,false
src/org/apache/pig/Main.java,764.0,60.0,176.0,20.0,131.0,75.0,5.0,null,4,0.014492753623188406,6.0,3.0,1.0,1.0,2042.1263562386982,14027.293754668963,4,2,0.5150674240650439,false
src/org/apache/pig/PigServer.java,1206.0,88.0,1083.0,67.0,233.0,234.0,8.0,null,5,0.018115942028985508,9.0,1.0,0.0,1.0,2456.8934795263694,25633.03324785963,5,6,0.17364920360182756,false
src/org/apache/pig/PrimitiveEvalFunc.java,27.0,3.0,4.0,5.0,7.0,10.0,10.0,billgraham@13f79535-47bb-0310-9956-ffa450edef68,1,0.0036231884057971015,100.0,0.0,0.0,0.0,214.85714285714286,1049.15662485502,1,0,2.2842359543258492,false
src/org/apache/pig/ResourceStatistics.java,152.0,4.0,14.0,13.0,7.0,33.0,0.0,gates@13f79535-47bb-0310-9956-ffa450edef68,0,0.0,0.0,0.0,0.0,0.0,0.0,0.0,0,0,0.0,false
src/org/apache/pig/TerminatingAccumulator.java,6.0,0.0,0.0,1.0,0.0,1.0,9.0,jcoveney@13f79535-47bb-0310-9956-ffa450edef68,1,0.0036231884057971015,50.0,0.0,0.0,0.0,414.76712328767127,11605.739493190666,1,0,1.9740810260220096,false
src/org/apache/pig/TypedOutputEvalFunc.java,115.0,9.0,26.0,8.0,27.0,29.0,10.0,billgraham@13f79535-47bb-0310-9956-ffa450edef68,1,0.0036231884057971015,50.0,0.0,0.0,0.0,214.85714285714286,1049.15662485502,1,0,2.2842359543258492,false
src/org/apache/pig/backend/hadoop/executionengine/mapReduceLayer/CombinerOptimizer.java,568.0,42.0,126.0,17.0,126.0,62.0,19.0,thejas@13f79535-47bb-0310-9956-ffa450edef68,1,0.0036231884057971015,11.0,11.0,0.0,0.0,519.5714285714286,3889.0546230668037,1,1,2.1972245773362196,false
src/org/apache/pig/backend/hadoop/executionengine/mapReduceLayer/InputSizeReducerEstimator.java,73.0,15.0,1.0,3.0,21.0,13.0,2.0,aniket486@13f79535-47bb-0310-9956-ffa450edef68,1,0.0036231884057971015,14.0,14.0,0.0,0.0,214.85714285714286,1049.15662485502,1,0,2.2842359543258492,false
src/org/apache/pig/backend/hadoop/executionengine/mapReduceLayer/JobControlCompiler.java,969.0,78.0,4.0,21.0,197.0,92.0,13.0,null,5,0.018115942028985508,8.0,1.0,0.0,0.0,2456.8934795263694,25633.03324785963,5,0,0.22386434032003222,false
src/org/apache/pig/backend/hadoop/executionengine/mapReduceLayer/LimitAdjuster.java,138.0,22.0,0.0,5.0,55.0,19.0,10.0,daijy@13f79535-47bb-0310-9956-ffa450edef68,1,0.0036231884057971015,20.0,0.0,0.0,0.0,233.875,1391.3986913953106,1,0,2.4849066497880004,false
src/org/apache/pig/backend/hadoop/executionengine/mapReduceLayer/MRCompiler.java,1970.0,94.0,100.0,52.0,596.0,239.0,7.0,daijy@13f79535-47bb-0310-9956-ffa450edef68,3,0.010869565217391304,11.0,3.0,0.0,0.0,1827.2692133815553,12978.137129813942,3,1,0.9118086882105545,false
src/org/apache/pig/backend/hadoop/executionengine/mapReduceLayer/MapReduceLauncher.java,408.0,49.0,40.0,12.0,122.0,39.0,10.0,null,5,0.018115942028985508,13.0,3.0,2.0,0.0,2070.1263562386985,14043.628155525697,5,2,0.7392812602349583,false
src/org/apache/pig/backend/hadoop/executionengine/mapReduceLayer/MultiQueryOptimizer.java,797.0,30.0,509.0,34.0,242.0,142.0,3.0,daijy@13f79535-47bb-0310-9956-ffa450edef68,1,0.0036231884057971015,12.0,0.0,0.0,0.0,1073.8227848101267,7697.683815351827,1,0,0.6390799592896695,false
src/org/apache/pig/backend/hadoop/executionengine/mapReduceLayer/PhyPlanSetter.java,172.0,8.0,0.0,50.0,54.0,93.0,0.0,daijy@13f79535-47bb-0310-9956-ffa450edef68,0,0.0,0.0,0.0,0.0,0.0,0.0,0.0,0,0,0.0,false
src/org/apache/pig/backend/hadoop/executionengine/mapReduceLayer/PigCombiner.java,154.0,25.0,0.0,0.0,0.0,0.0,19.0,null,1,0.0036231884057971015,8.0,8.0,0.0,0.0,519.5714285714286,3889.0546230668037,1,1,2.1972245773362196,false
src/org/apache/pig/backend/hadoop/executionengine/mapReduceLayer/PigGenericMapBase.java,178.0,37.0,15.0,10.0,49.0,34.0,36.0,daijy@13f79535-47bb-0310-9956-ffa450edef68,2,0.007246376811594203,13.0,13.0,0.0,0.0,934.3385518590999,15494.79411625747,2,0,1.3925056211191693,false
src/org/apache/pig/backend/hadoop/executionengine/mapReduceLayer/PigGenericMapReduce.java,364.0,46.0,0.0,0.0,0.0,0.0,36.0,daijy@13f79535-47bb-0310-9956-ffa450edef68,2,0.007246376811594203,11.0,11.0,0.0,0.0,934.3385518590999,15494.79411625747,2,0,1.3925056211191693,false
src/org/apache/pig/backend/hadoop/executionengine/mapReduceLayer/PigInputFormat.java,167.0,38.0,41.0,10.0,67.0,39.0,0.0,daijy@13f79535-47bb-0310-9956-ffa450edef68,0,0.0,0.0,0.0,0.0,0.0,0.0,0.0,0,1,0.0,false
src/org/apache/pig/backend/hadoop/executionengine/mapReduceLayer/PigOutputCommitter.java,199.0,17.0,10.0,12.0,51.0,50.0,3.0,daijy@13f79535-47bb-0310-9956-ffa450edef68,1,0.0036231884057971015,9.0,0.0,0.0,0.0,1073.8227848101267,7697.683815351827,1,3,0.6390799592896695,false
src/org/apache/pig/backend/hadoop/executionengine/mapReduceLayer/PigRecordReader.java,129.0,18.0,0.0,9.0,37.0,40.0,0.0,null,0,0.0,0.0,0.0,0.0,0.0,0.0,0.0,0,0,0.0,false
src/org/apache/pig/backend/hadoop/executionengine/mapReduceLayer/PigReducerEstimator.java,19.0,7.0,0.0,1.0,0.0,4.0,2.0,billgraham@13f79535-47bb-0310-9956-ffa450edef68,1,0.0036231884057971015,33.0,33.0,0.0,0.0,214.85714285714286,1049.15662485502,1,0,2.2842359543258492,false
src/org/apache/pig/backend/hadoop/executionengine/mapReduceLayer/SampleOptimizer.java,153.0,24.0,2.0,4.0,34.0,17.0,10.0,daijy@13f79535-47bb-0310-9956-ffa450edef68,1,0.0036231884057971015,25.0,0.0,0.0,0.0,233.875,1391.3986913953106,1,0,2.4849066497880004,false
src/org/apache/pig/backend/hadoop/executionengine/physicalLayer/POStatus.java,9.0,0.0,0.0,0.0,0.0,0.0,9.0,rding@13f79535-47bb-0310-9956-ffa450edef68,1,0.0036231884057971015,25.0,0.0,0.0,0.0,414.76712328767127,11605.739493190666,1,0,1.9740810260220096,false
src/org/apache/pig/backend/hadoop/executionengine/physicalLayer/PhysicalOperator.java,316.0,22.0,936.0,48.0,20.0,108.0,36.0,null,2,0.007246376811594203,12.0,12.0,0.0,0.0,934.3385518590999,15494.79411625747,2,1,1.3925056211191693,false
src/org/apache/pig/backend/hadoop/executionengine/physicalLayer/expressionOperators/POUserFunc.java,345.0,30.0,711.0,46.0,86.0,117.0,31.0,null,1,0.0036231884057971015,6.0,3.0,0.0,0.0,414.76712328767127,11605.739493190666,1,2,1.9740810260220096,false
src/org/apache/pig/backend/hadoop/executionengine/physicalLayer/relationalOperators/POForEach.java,531.0,26.0,310.0,33.0,106.0,106.0,11.0,null,3,0.010869565217391304,15.0,5.0,0.0,0.0,2008.1613366692266,23192.477931609297,3,1,0.5048495655478566,false
src/org/apache/pig/backend/hadoop/executionengine/physicalLayer/relationalOperators/POLimit.java,98.0,13.0,96.0,16.0,21.0,33.0,19.0,null,1,0.0036231884057971015,11.0,11.0,0.0,0.0,519.5714285714286,3889.0546230668037,1,1,2.1972245773362196,false
src/org/apache/pig/backend/hadoop/executionengine/physicalLayer/relationalOperators/POLoad.java,149.0,18.0,132.0,21.0,25.0,46.0,5.0,daijy@13f79535-47bb-0310-9956-ffa450edef68,1,0.0036231884057971015,11.0,0.0,0.0,0.0,1073.8227848101267,7697.683815351827,1,1,0.6390799592896695,false
src/org/apache/pig/backend/hadoop/executionengine/physicalLayer/relationalOperators/POLocalRearrange.java,532.0,24.0,464.0,37.0,80.0,108.0,12.0,null,2,0.007246376811594203,15.0,8.0,0.0,0.0,1593.3942133815553,11586.738438418632,2,1,0.7250050877529993,false
src/org/apache/pig/backend/hadoop/executionengine/physicalLayer/relationalOperators/POSplit.java,191.0,17.0,121.0,18.0,34.0,51.0,0.0,daijy@13f79535-47bb-0310-9956-ffa450edef68,0,0.0,0.0,0.0,0.0,0.0,0.0,0.0,0,1,0.0,false
src/org/apache/pig/backend/hadoop/hbase/HBaseStorage.java,565.0,73.0,450.0,36.0,166.0,115.0,0.0,null,0,0.0,0.0,0.0,0.0,0.0,0.0,0.0,0,7,0.0,false
src/org/apache/pig/builtin/BinStorage.java,272.0,48.0,400.0,29.0,35.0,95.0,0.0,daijy@13f79535-47bb-0310-9956-ffa450edef68,0,0.0,0.0,0.0,0.0,0.0,0.0,0.0,0,2,0.0,false
src/org/apache/pig/builtin/FunctionWrapperEvalFunc.java,103.0,7.0,22.0,9.0,28.0,31.0,10.0,billgraham@13f79535-47bb-0310-9956-ffa450edef68,1,0.0036231884057971015,100.0,0.0,0.0,0.0,214.85714285714286,1049.15662485502,1,0,2.2842359543258492,false
src/org/apache/pig/builtin/INVERSEMAP.java,49.0,12.0,3.0,3.0,16.0,15.0,6.0,daijy@13f79535-47bb-0310-9956-ffa450edef68,1,0.0036231884057971015,33.0,0.0,0.0,0.0,414.76712328767127,11605.739493190666,1,0,1.9740810260220096,false
src/org/apache/pig/builtin/IsEmpty.java,33.0,9.0,0.0,5.0,4.0,14.0,9.0,daijy@13f79535-47bb-0310-9956-ffa450edef68,1,0.0036231884057971015,25.0,0.0,0.0,0.0,414.76712328767127,11605.739493190666,1,0,1.9740810260220096,false
src/org/apache/pig/builtin/KEYSET.java,43.0,11.0,1.0,2.0,8.0,10.0,6.0,daijy@13f79535-47bb-0310-9956-ffa450edef68,1,0.0036231884057971015,33.0,0.0,0.0,0.0,414.76712328767127,11605.739493190666,1,0,1.9740810260220096,false
src/org/apache/pig/builtin/PigStorage.java,288.0,54.0,385.0,31.0,73.0,94.0,2.0,daijy@13f79535-47bb-0310-9956-ffa450edef68,2,0.007246376811594203,14.0,0.0,0.0,0.0,1307.6977848101267,9089.082506747138,2,2,0.6178413544943004,false
src/org/apache/pig/builtin/REGEX_EXTRACT.java,62.0,12.0,8.0,5.0,17.0,15.0,0.0,daijy@13f79535-47bb-0310-9956-ffa450edef68,0,0.0,0.0,0.0,0.0,0.0,0.0,0.0,0,0,0.0,false
src/org/apache/pig/builtin/REGEX_EXTRACT_ALL.java,62.0,12.0,8.0,5.0,18.0,15.0,0.0,daijy@13f79535-47bb-0310-9956-ffa450edef68,0,0.0,0.0,0.0,0.0,0.0,0.0,0.0,0,0,0.0,false
src/org/apache/pig/builtin/TOBAG.java,64.0,10.0,3.0,3.0,11.0,20.0,2.0,thejas@13f79535-47bb-0310-9956-ffa450edef68,1,0.0036231884057971015,17.0,0.0,0.0,0.0,414.76712328767127,11605.739493190666,1,0,1.9740810260220096,false
src/org/apache/pig/builtin/VALUELIST.java,63.0,13.0,1.0,2.0,11.0,11.0,6.0,daijy@13f79535-47bb-0310-9956-ffa450edef68,1,0.0036231884057971015,20.0,0.0,0.0,0.0,414.76712328767127,11605.739493190666,1,0,1.9740810260220096,false
src/org/apache/pig/builtin/VALUESET.java,71.0,15.0,3.0,3.0,15.0,13.0,6.0,daijy@13f79535-47bb-0310-9956-ffa450edef68,1,0.0036231884057971015,20.0,0.0,0.0,0.0,414.76712328767127,11605.739493190666,1,0,1.9740810260220096,false
src/org/apache/pig/builtin/mock/Storage.java,328.0,47.0,194.0,28.0,35.0,72.0,28.0,null,2,0.007246376811594203,20.0,10.0,0.0,0.0,934.3385518590999,15494.79411625747,2,0,1.3925056211191693,true
src/org/apache/pig/data/DataByteArray.java,162.0,4.0,21.0,18.0,16.0,42.0,53.0,null,1,0.0036231884057971015,20.0,20.0,0.0,0.0,414.76712328767127,11605.739493190666,1,0,1.9740810260220096,false
src/org/apache/pig/impl/PigContext.java,517.0,37.0,1048.0,49.0,71.0,150.0,16.0,daijy@13f79535-47bb-0310-9956-ffa450edef68,3,0.010869565217391304,10.0,2.0,0.0,0.0,1703.4470509549408,20352.579933397516,3,1,0.3443984538918816,false
src/org/apache/pig/impl/io/InterStorage.java,87.0,31.0,149.0,18.0,9.0,41.0,2.0,gates@13f79535-47bb-0310-9956-ffa450edef68,1,0.0036231884057971015,25.0,0.0,25.0,0.0,214.85714285714286,1049.15662485502,1,0,2.2842359543258492,false
src/org/apache/pig/impl/io/ReadToEndLoader.java,190.0,22.0,5.0,15.0,24.0,52.0,0.0,daijy@13f79535-47bb-0310-9956-ffa450edef68,0,0.0,0.0,0.0,0.0,0.0,0.0,0.0,0,1,0.0,false
src/org/apache/pig/impl/util/JarManager.java,200.0,25.0,22.0,8.0,53.0,38.0,0.0,daijy@13f79535-47bb-0310-9956-ffa450edef68,0,0.0,0.0,0.0,0.0,0.0,0.0,0.0,0,0,0.0,false
src/org/apache/pig/impl/util/NumValCarrier.java,34.0,3.0,0.0,2.0,3.0,3.0,3.0,thejas@13f79535-47bb-0310-9956-ffa450edef68,1,0.0036231884057971015,25.0,0.0,0.0,0.0,414.76712328767127,11605.739493190666,1,0,1.9740810260220096,false
src/org/apache/pig/impl/util/UDFContext.java,154.0,6.0,46.0,17.0,16.0,40.0,0.0,null,0,0.0,0.0,0.0,0.0,0.0,0.0,0.0,0,0,0.0,false
src/org/apache/pig/impl/util/Utils.java,215.0,38.0,136.0,17.0,47.0,69.0,4.0,null,1,0.0036231884057971015,3.0,0.0,0.0,0.0,1073.8227848101267,7697.683815351827,1,1,0.6390799592896695,false
src/org/apache/pig/newplan/logical/expression/ExpToPhyTranslationVisitor.java,329.0,55.0,0.0,30.0,181.0,87.0,36.0,daijy@13f79535-47bb-0310-9956-ffa450edef68,2,0.007246376811594203,13.0,13.0,0.0,0.0,934.3385518590999,15494.79411625747,2,0,1.3925056211191693,false
src/org/apache/pig/newplan/logical/expression/ProjectExpression.java,390.0,17.0,70.0,29.0,57.0,82.0,0.0,daijy@13f79535-47bb-0310-9956-ffa450edef68,0,0.0,0.0,0.0,0.0,0.0,0.0,0.0,0,2,0.0,false
src/org/apache/pig/newplan/logical/optimizer/AllExpressionVisitor.java,82.0,19.0,0.0,13.0,35.0,33.0,20.0,thejas@13f79535-47bb-0310-9956-ffa450edef68,1,0.0036231884057971015,20.0,0.0,0.0,0.0,233.875,1391.3986913953106,1,0,2.4849066497880004,false
src/org/apache/pig/newplan/logical/optimizer/SchemaResetter.java,124.0,35.0,208.0,21.0,78.0,48.0,20.0,thejas@13f79535-47bb-0310-9956-ffa450edef68,1,0.0036231884057971015,17.0,0.0,0.0,0.0,233.875,1391.3986913953106,1,0,2.4849066497880004,false
src/org/apache/pig/newplan/logical/relational/LOCube.java,58.0,8.0,24.0,9.0,7.0,21.0,20.0,dvryaboy@13f79535-47bb-0310-9956-ffa450edef68,1,0.0036231884057971015,33.0,0.0,0.0,0.0,233.875,1391.3986913953106,1,0,2.4849066497880004,false
src/org/apache/pig/newplan/logical/relational/LOForEach.java,93.0,11.0,8.0,8.0,16.0,27.0,0.0,daijy@13f79535-47bb-0310-9956-ffa450edef68,0,0.0,0.0,0.0,0.0,0.0,0.0,0.0,0,3,0.0,false
src/org/apache/pig/newplan/logical/relational/LOLoad.java,184.0,17.0,173.0,23.0,29.0,63.0,17.0,daijy@13f79535-47bb-0310-9956-ffa450edef68,2,0.007246376811594203,14.0,0.0,0.0,0.0,1593.3942133815553,11586.738438418632,2,0,0.7250050877529993,false
src/org/apache/pig/newplan/logical/relational/LogToPhyTranslationVisitor.java,1056.0,65.0,0.0,32.0,424.0,159.0,22.0,daijy@13f79535-47bb-0310-9956-ffa450edef68,3,0.010869565217391304,16.0,6.0,3.0,0.0,1168.2135518590999,16886.19280765278,3,0,1.110583403314748,false
src/org/apache/pig/newplan/logical/relational/LogicalPlan.java,62.0,11.0,15.0,6.0,16.0,22.0,2.0,daijy@13f79535-47bb-0310-9956-ffa450edef68,1,0.0036231884057971015,7.0,0.0,0.0,0.0,214.85714285714286,1049.15662485502,1,0,2.2842359543258492,false
src/org/apache/pig/newplan/logical/relational/LogicalRelationalNodesVisitor.java,50.0,6.0,171.0,19.0,3.0,41.0,20.0,gates@13f79535-47bb-0310-9956-ffa450edef68,1,0.0036231884057971015,25.0,0.0,0.0,0.0,233.875,1391.3986913953106,1,0,2.4849066497880004,false
src/org/apache/pig/newplan/logical/rules/ColumnPruneHelper.java,388.0,36.0,0.0,7.0,27.0,28.0,0.0,daijy@13f79535-47bb-0310-9956-ffa450edef68,0,0.0,0.0,0.0,0.0,0.0,0.0,0.0,0,1,0.0,false
src/org/apache/pig/newplan/logical/rules/LimitOptimizer.java,115.0,23.0,3.0,3.0,1.0,6.0,0.0,daijy@13f79535-47bb-0310-9956-ffa450edef68,0,0.0,0.0,0.0,0.0,0.0,0.0,0.0,0,0,0.0,false
src/org/apache/pig/newplan/logical/rules/MapKeysPruneHelper.java,249.0,31.0,4.0,5.0,16.0,22.0,0.0,daijy@13f79535-47bb-0310-9956-ffa450edef68,0,0.0,0.0,0.0,0.0,0.0,0.0,0.0,0,2,0.0,false
src/org/apache/pig/newplan/logical/rules/PushDownForEachFlatten.java,204.0,25.0,3.0,3.0,1.0,7.0,3.0,daijy@13f79535-47bb-0310-9956-ffa450edef68,1,0.0036231884057971015,11.0,0.0,0.0,0.0,1073.8227848101267,7697.683815351827,1,0,0.6390799592896695,false
src/org/apache/pig/newplan/logical/visitor/ProjectStarExpander.java,303.0,31.0,66.0,12.0,89.0,47.0,20.0,thejas@13f79535-47bb-0310-9956-ffa450edef68,1,0.0036231884057971015,12.0,0.0,0.0,0.0,233.875,1391.3986913953106,1,0,2.4849066497880004,false
src/org/apache/pig/parser/DryRunGruntParser.java,238.0,16.0,0.0,31.0,52.0,77.0,5.0,rding@13f79535-47bb-0310-9956-ffa450edef68,1,0.0036231884057971015,11.0,11.0,0.0,0.0,1073.8227848101267,7697.683815351827,1,1,0.6390799592896695,false
src/org/apache/pig/parser/LogicalPlanBuilder.java,1022.0,73.0,1342.0,89.0,308.0,291.0,18.0,null,2,0.007246376811594203,6.0,0.0,0.0,0.0,753.4464285714286,5280.453314462115,2,4,1.7524984573425941,false
src/org/apache/pig/parser/ParserValidationException.java,19.0,1.0,0.0,4.0,2.0,6.0,2.0,thejas@13f79535-47bb-0310-9956-ffa450edef68,1,0.0036231884057971015,33.0,0.0,33.0,0.0,519.5714285714286,3889.0546230668037,1,1,2.1972245773362196,false
src/org/apache/pig/parser/QueryParserDriver.java,353.0,29.0,182.0,21.0,131.0,83.0,0.0,null,0,0.0,0.0,0.0,0.0,0.0,0.0,0.0,0,2,0.0,false
src/org/apache/pig/scripting/ScriptEngine.java,199.0,19.0,118.0,17.0,36.0,52.0,6.0,daijy@13f79535-47bb-0310-9956-ffa450edef68,1,0.0036231884057971015,8.0,0.0,0.0,0.0,1073.8227848101267,7697.683815351827,1,1,0.6390799592896695,false
src/org/apache/pig/scripting/SyncProgressNotificationAdaptor.java,75.0,7.0,0.0,10.0,12.0,30.0,6.0,daijy@13f79535-47bb-0310-9956-ffa450edef68,1,0.0036231884057971015,20.0,0.0,0.0,0.0,214.85714285714286,1049.15662485502,1,0,2.2842359543258492,false
src/org/apache/pig/scripting/jruby/JrubyAccumulatorEvalFunc.java,61.0,12.0,0.0,7.0,13.0,17.0,0.0,daijy@13f79535-47bb-0310-9956-ffa450edef68,0,0.0,0.0,0.0,0.0,0.0,0.0,0.0,0,0,0.0,false
src/org/apache/pig/scripting/jruby/JrubyAlgebraicEvalFunc.java,265.0,13.0,10.0,5.0,2.0,8.0,0.0,daijy@13f79535-47bb-0310-9956-ffa450edef68,0,0.0,0.0,0.0,0.0,0.0,0.0,0.0,0,0,0.0,false
src/org/apache/pig/scripting/jruby/JrubyEvalFunc.java,72.0,14.0,2.0,5.0,12.0,18.0,0.0,daijy@13f79535-47bb-0310-9956-ffa450edef68,0,0.0,0.0,0.0,0.0,0.0,0.0,0.0,0,0,0.0,false
src/org/apache/pig/scripting/jruby/JrubyScriptEngine.java,176.0,26.0,13.0,6.0,35.0,23.0,0.0,thejas@13f79535-47bb-0310-9956-ffa450edef68,0,0.0,0.0,0.0,0.0,0.0,0.0,0.0,0,0,0.0,false
src/org/apache/pig/scripting/jruby/PigJrubyLibrary.java,367.0,28.0,351.0,27.0,55.0,96.0,0.0,daijy@13f79535-47bb-0310-9956-ffa450edef68,0,0.0,0.0,0.0,0.0,0.0,0.0,0.0,0,0,0.0,false
src/org/apache/pig/scripting/jruby/RubyDataBag.java,187.0,22.0,11.0,19.0,46.0,57.0,0.0,daijy@13f79535-47bb-0310-9956-ffa450edef68,0,0.0,0.0,0.0,0.0,0.0,0.0,0.0,0,0,0.0,false
src/org/apache/pig/scripting/jruby/RubyDataByteArray.java,231.0,23.0,0.0,20.0,50.0,52.0,0.0,daijy@13f79535-47bb-0310-9956-ffa450edef68,0,0.0,0.0,0.0,0.0,0.0,0.0,0.0,0,0,0.0,false
src/org/apache/pig/scripting/jruby/RubySchema.java,672.0,28.0,640.0,44.0,137.0,170.0,0.0,thejas@13f79535-47bb-0310-9956-ffa450edef68,0,0.0,0.0,0.0,0.0,0.0,0.0,0.0,0,0,0.0,false
src/org/apache/pig/scripting/jython/JythonScriptEngine.java,333.0,34.0,21.0,7.0,44.0,30.0,3.0,daijy@13f79535-47bb-0310-9956-ffa450edef68,1,0.0036231884057971015,10.0,5.0,5.0,0.0,1073.8227848101267,7697.683815351827,1,2,0.6390799592896695,false
src/org/apache/pig/scripting/jython/JythonUtils.java,105.0,21.0,3.0,3.0,29.0,15.0,3.0,daijy@13f79535-47bb-0310-9956-ffa450edef68,1,0.0036231884057971015,40.0,0.0,0.0,0.0,1073.8227848101267,7697.683815351827,1,0,0.6390799592896695,false
src/org/apache/pig/tools/counters/PigCounterHelper.java,48.0,5.0,1.0,2.0,20.0,9.0,0.0,daijy@13f79535-47bb-0310-9956-ffa450edef68,0,0.0,0.0,0.0,0.0,0.0,0.0,0.0,0,0,0.0,false
src/org/apache/pig/tools/grunt/GruntParser.java,859.0,55.0,360.0,52.0,242.0,210.0,4.0,daijy@13f79535-47bb-0310-9956-ffa450edef68,2,0.007246376811594203,5.0,3.0,3.0,0.0,1307.6977848101267,9089.082506747138,2,0,0.8688461239788897,false
src/org/apache/pig/tools/pigstats/EmbeddedPigStats.java,105.0,5.0,339.0,27.0,6.0,59.0,6.0,rding@13f79535-47bb-0310-9956-ffa450edef68,1,0.0036231884057971015,50.0,0.0,0.0,0.0,214.85714285714286,1049.15662485502,1,0,2.2842359543258492,false
src/org/apache/pig/tools/pigstats/JobStats.java,478.0,35.0,1053.0,51.0,98.0,128.0,11.0,null,2,0.007246376811594203,8.0,4.0,0.0,0.0,1593.3942133815553,11586.738438418632,2,0,0.7250050877529993,false
src/org/apache/pig/tools/pigstats/PigProgressNotificationListener.java,59.0,4.0,36.0,9.0,0.0,21.0,6.0,daijy@13f79535-47bb-0310-9956-ffa450edef68,1,0.0036231884057971015,14.0,0.0,0.0,0.0,214.85714285714286,1049.15662485502,1,0,2.2842359543258492,false
src/org/apache/pig/tools/pigstats/PigStats.java,186.0,21.0,583.0,35.0,9.0,49.0,6.0,cheolsoo@13f79535-47bb-0310-9956-ffa450edef68,1,0.0036231884057971015,7.0,0.0,0.0,0.0,214.85714285714286,1049.15662485502,1,0,2.2842359543258492,false
src/org/apache/pig/tools/pigstats/PigStatsUtil.java,251.0,20.0,190.0,21.0,84.0,58.0,6.0,null,1,0.0036231884057971015,10.0,0.0,0.0,0.0,214.85714285714286,1049.15662485502,1,1,2.2842359543258492,false
src/org/apache/pig/tools/pigstats/ScriptState.java,594.0,73.0,508.0,40.0,124.0,110.0,8.0,null,3,0.010869565217391304,14.0,4.0,0.0,0.0,968.3035714285714,6329.609939317134,3,0,1.2729300131040617,false
src/org/apache/pig/tools/pigstats/SimplePigStats.java,418.0,36.0,405.0,38.0,134.0,127.0,12.0,rding@13f79535-47bb-0310-9956-ffa450edef68,2,0.007246376811594203,33.0,17.0,0.0,0.0,734.4285714285714,4938.211247921824,2,0,1.5475830852710892,false
test/e2e/pig/udfs/java/org/apache/pig/TestingAccumulatorHelper.java,19.0,2.0,2.0,5.0,1.0,8.0,9.0,jcoveney@13f79535-47bb-0310-9956-ffa450edef68,1,0.0036231884057971015,100.0,0.0,0.0,0.0,414.76712328767127,11605.739493190666,1,0,1.9740810260220096,false
test/e2e/pig/udfs/java/org/apache/pig/test/udf/evalfunc/AppendIndex.java,32.0,8.0,0.0,4.0,8.0,10.0,0.0,daijy@13f79535-47bb-0310-9956-ffa450edef68,0,0.0,0.0,0.0,0.0,0.0,0.0,0.0,0,0,0.0,false
test/e2e/pig/udfs/java/org/apache/pig/test/udf/evalfunc/NonAlgNonAccCount.java,6.0,4.0,0.0,1.0,1.0,3.0,9.0,jcoveney@13f79535-47bb-0310-9956-ffa450edef68,1,0.0036231884057971015,100.0,0.0,0.0,0.0,414.76712328767127,11605.739493190666,1,0,1.9740810260220096,false
test/e2e/pig/udfs/java/org/apache/pig/test/udf/evalfunc/TOBAG2.java,64.0,10.0,3.0,3.0,11.0,20.0,0.0,daijy@13f79535-47bb-0310-9956-ffa450edef68,0,0.0,0.0,0.0,0.0,0.0,0.0,0.0,0,1,0.0,false
test/e2e/pig/udfs/java/org/apache/pig/test/udf/evalfunc/TestBoolean.java,7.0,3.0,0.0,1.0,1.0,4.0,0.0,daijy@13f79535-47bb-0310-9956-ffa450edef68,0,0.0,0.0,0.0,0.0,0.0,0.0,0.0,0,0,0.0,false
test/e2e/pig/udfs/java/org/apache/pig/test/udf/evalfunc/UdfContextFrontend.java,15.0,5.0,6.0,4.0,5.0,6.0,4.0,daijy@13f79535-47bb-0310-9956-ffa450edef68,1,0.0036231884057971015,50.0,50.0,0.0,0.0,1073.8227848101267,7697.683815351827,1,0,0.6390799592896695,false
test/org/apache/pig/TestAlgebraicEvalWithParameterizedReturnType.java,34.0,4.0,0.0,1.0,0.0,1.0,3.0,daijy@13f79535-47bb-0310-9956-ffa450edef68,1,0.0036231884057971015,50.0,0.0,50.0,0.0,414.76712328767127,11605.739493190666,1,0,1.9740810260220096,false
test/org/apache/pig/TestPrimitiveEvalFunc.java,28.0,3.0,0.0,1.0,3.0,2.0,10.0,billgraham@13f79535-47bb-0310-9956-ffa450edef68,1,0.0036231884057971015,100.0,0.0,0.0,0.0,214.85714285714286,1049.15662485502,1,0,2.2842359543258492,false
test/org/apache/pig/TestTypedOutputEvalFunc.java,43.0,4.0,6.0,4.0,2.0,11.0,10.0,billgraham@13f79535-47bb-0310-9956-ffa450edef68,1,0.0036231884057971015,100.0,0.0,0.0,0.0,214.85714285714286,1049.15662485502,1,0,2.2842359543258492,false
test/org/apache/pig/backend/hadoop/executionengine/mapReduceLayer/TestInputSizeReducerEstimator.java,16.0,9.0,1.0,3.0,8.0,7.0,10.0,gates@13f79535-47bb-0310-9956-ffa450edef68,1,0.0036231884057971015,33.0,0.0,0.0,0.0,214.85714285714286,1049.15662485502,1,0,2.2842359543258492,false
test/org/apache/pig/backend/hadoop/executionengine/mapReduceLayer/TestJobControlSleep.java,18.0,9.0,0.0,1.0,9.0,2.0,10.0,daijy@13f79535-47bb-0310-9956-ffa450edef68,1,0.0036231884057971015,50.0,0.0,0.0,0.0,519.5714285714286,3889.0546230668037,1,0,2.1972245773362196,false
test/org/apache/pig/builtin/TestFunctionWrapperEvalFunc.java,79.0,4.0,21.0,7.0,35.0,15.0,10.0,billgraham@13f79535-47bb-0310-9956-ffa450edef68,1,0.0036231884057971015,100.0,0.0,0.0,0.0,214.85714285714286,1049.15662485502,1,0,2.2842359543258492,false
test/org/apache/pig/builtin/mock/TestMockStorage.java,26.0,9.0,1.0,2.0,14.0,4.0,3.0,daijy@13f79535-47bb-0310-9956-ffa450edef68,1,0.0036231884057971015,20.0,0.0,0.0,0.0,519.5714285714286,3889.0546230668037,1,0,2.1972245773362196,true
test/org/apache/pig/newplan/logical/relational/TestLocationInPhysicalPlan.java,21.0,10.0,0.0,1.0,20.0,2.0,19.0,daijy@13f79535-47bb-0310-9956-ffa450edef68,1,0.0036231884057971015,17.0,17.0,0.0,0.0,519.5714285714286,3889.0546230668037,1,0,2.1972245773362196,true
test/org/apache/pig/parser/TestErrorHandling.java,216.0,9.0,0.0,21.0,95.0,89.0,0.0,daijy@13f79535-47bb-0310-9956-ffa450edef68,0,0.0,0.0,0.0,0.0,0.0,0.0,0.0,0,3,0.0,false
test/org/apache/pig/parser/TestLogicalPlanGenerator.java,184.0,8.0,697.0,38.0,53.0,74.0,20.0,null,1,0.0036231884057971015,4.0,0.0,0.0,0.0,233.875,1391.3986913953106,1,7,2.4849066497880004,true
test/org/apache/pig/parser/TestQueryLexer.java,42.0,5.0,1.0,2.0,20.0,13.0,20.0,null,1,0.0036231884057971015,12.0,0.0,0.0,0.0,233.875,1391.3986913953106,1,1,2.4849066497880004,false
test/org/apache/pig/parser/TestQueryParser.java,212.0,16.0,595.0,35.0,78.0,94.0,20.0,thejas@13f79535-47bb-0310-9956-ffa450edef68,1,0.0036231884057971015,5.0,0.0,0.0,0.0,233.875,1391.3986913953106,1,3,2.4849066497880004,false
test/org/apache/pig/test/PigStorageWithStatistics.java,29.0,10.0,1.0,3.0,6.0,10.0,0.0,aniket486@13f79535-47bb-0310-9956-ffa450edef68,0,0.0,0.0,0.0,0.0,0.0,0.0,0.0,0,0,0.0,false
test/org/apache/pig/test/TestBuiltin.java,1826.0,79.0,1354.0,64.0,483.0,241.0,6.0,null,1,0.0036231884057971015,2.0,0.0,0.0,0.0,414.76712328767127,11605.739493190666,1,2,1.9740810260220096,true
test/org/apache/pig/test/TestCubeOperator.java,140.0,24.0,0.0,17.0,80.0,51.0,12.0,dvryaboy@13f79535-47bb-0310-9956-ffa450edef68,1,0.0036231884057971015,40.0,0.0,0.0,0.0,233.875,1391.3986913953106,1,0,2.4849066497880004,false
test/org/apache/pig/test/TestDataBag.java,833.0,9.0,372.0,33.0,326.0,115.0,53.0,dvryaboy@13f79535-47bb-0310-9956-ffa450edef68,1,0.0036231884057971015,17.0,17.0,0.0,0.0,414.76712328767127,11605.739493190666,1,0,1.9740810260220096,false
test/org/apache/pig/test/TestDataModel.java,408.0,19.0,325.0,26.0,124.0,66.0,0.0,cheolsoo@13f79535-47bb-0310-9956-ffa450edef68,0,0.0,0.0,0.0,0.0,0.0,0.0,0.0,0,0,0.0,false
test/org/apache/pig/test/TestEvalPipeline2.java,967.0,37.0,0.0,56.0,520.0,170.0,5.0,daijy@13f79535-47bb-0310-9956-ffa450edef68,2,0.007246376811594203,4.0,0.0,2.0,0.0,1307.6977848101267,9089.082506747138,2,14,0.8688461239788897,false
test/org/apache/pig/test/TestEvalPipelineLocal.java,721.0,41.0,0.0,28.0,334.0,103.0,5.0,daijy@13f79535-47bb-0310-9956-ffa450edef68,1,0.0036231884057971015,9.0,0.0,0.0,0.0,1073.8227848101267,7697.683815351827,1,0,0.6390799592896695,false
test/org/apache/pig/test/TestJobControlCompiler.java,138.0,45.0,4.0,5.0,64.0,18.0,6.0,null,1,0.0036231884057971015,8.0,0.0,0.0,0.0,214.85714285714286,1049.15662485502,1,1,2.2842359543258492,false
test/org/apache/pig/test/TestJobSubmission.java,211.0,35.0,0.0,10.0,111.0,34.0,10.0,daijy@13f79535-47bb-0310-9956-ffa450edef68,1,0.0036231884057971015,5.0,0.0,0.0,0.0,233.875,1391.3986913953106,1,4,2.4849066497880004,false
test/org/apache/pig/test/TestMacroExpansion.java,729.0,29.0,5874.0,109.0,179.0,377.0,0.0,rding@13f79535-47bb-0310-9956-ffa450edef68,0,0.0,0.0,0.0,0.0,0.0,0.0,0.0,0,5,0.0,true
test/org/apache/pig/test/TestMultiQueryCompiler.java,1069.0,37.0,0.0,51.0,420.0,146.0,3.0,daijy@13f79535-47bb-0310-9956-ffa450edef68,1,0.0036231884057971015,7.0,0.0,0.0,0.0,1073.8227848101267,7697.683815351827,1,0,0.6390799592896695,false
test/org/apache/pig/test/TestMultiQueryLocal.java,458.0,35.0,0.0,25.0,186.0,67.0,3.0,daijy@13f79535-47bb-0310-9956-ffa450edef68,1,0.0036231884057971015,9.0,0.0,5.0,0.0,1073.8227848101267,7697.683815351827,1,0,0.6390799592896695,true
test/org/apache/pig/test/TestNestedForeach.java,88.0,8.0,0.0,9.0,47.0,25.0,0.0,daijy@13f79535-47bb-0310-9956-ffa450edef68,0,0.0,0.0,0.0,0.0,0.0,0.0,0.0,0,2,0.0,false
test/org/apache/pig/test/TestNewPlanPushDownForeachFlatten.java,746.0,32.0,1033.0,46.0,300.0,178.0,3.0,daijy@13f79535-47bb-0310-9956-ffa450edef68,1,0.0036231884057971015,9.0,0.0,0.0,0.0,1073.8227848101267,7697.683815351827,1,0,0.6390799592896695,false
test/org/apache/pig/test/TestOptimizeLimit.java,144.0,22.0,0.0,17.0,61.0,41.0,0.0,daijy@13f79535-47bb-0310-9956-ffa450edef68,0,0.0,0.0,0.0,0.0,0.0,0.0,0.0,0,0,0.0,false
test/org/apache/pig/test/TestPigRunner.java,719.0,34.0,0.0,32.0,347.0,119.0,6.0,daijy@13f79535-47bb-0310-9956-ffa450edef68,3,0.010869565217391304,8.0,0.0,3.0,0.0,1522.5549276672696,10138.239131602159,3,2,0.70412856579973,false
test/org/apache/pig/test/TestPigServer.java,636.0,44.0,0.0,36.0,268.0,118.0,0.0,daijy@13f79535-47bb-0310-9956-ffa450edef68,0,0.0,0.0,0.0,0.0,0.0,0.0,0.0,0,2,0.0,false
test/org/apache/pig/test/TestPigStats.java,113.0,22.0,28.0,8.0,63.0,26.0,10.0,null,1,0.0036231884057971015,10.0,0.0,0.0,0.0,233.875,1391.3986913953106,1,0,2.4849066497880004,false
test/org/apache/pig/test/TestPigStorage.java,288.0,41.0,0.0,17.0,123.0,56.0,3.0,daijy@13f79535-47bb-0310-9956-ffa450edef68,1,0.0036231884057971015,14.0,5.0,0.0,0.0,1073.8227848101267,7697.683815351827,1,3,0.6390799592896695,true
test/org/apache/pig/test/TestPruneColumn.java,1432.0,40.0,0.0,75.0,895.0,234.0,0.0,daijy@13f79535-47bb-0310-9956-ffa450edef68,0,0.0,0.0,0.0,0.0,0.0,0.0,0.0,0,2,0.0,false
test/org/apache/pig/test/TestRegisteredJarVisibility.java,93.0,29.0,1.0,6.0,47.0,15.0,4.0,daijy@13f79535-47bb-0310-9956-ffa450edef68,1,0.0036231884057971015,8.0,8.0,0.0,0.0,1073.8227848101267,7697.683815351827,1,1,0.6390799592896695,true
test/org/apache/pig/test/TestSchema.java,516.0,19.0,325.0,26.0,133.0,62.0,28.0,daijy@13f79535-47bb-0310-9956-ffa450edef68,1,0.0036231884057971015,9.0,4.0,0.0,0.0,414.76712328767127,11605.739493190666,1,3,1.9740810260220096,false
test/org/apache/pig/test/TestScriptLanguage.java,293.0,25.0,3.0,22.0,232.0,74.0,0.0,null,0,0.0,0.0,0.0,0.0,0.0,0.0,0.0,0,3,0.0,false
test/org/apache/pig/test/TestStore.java,523.0,57.0,107.0,26.0,195.0,85.0,3.0,daijy@13f79535-47bb-0310-9956-ffa450edef68,1,0.0036231884057971015,4.0,0.0,0.0,0.0,1073.8227848101267,7697.683815351827,1,1,0.6390799592896695,false
test/org/apache/pig/test/TestStreamingLocal.java,205.0,15.0,0.0,12.0,70.0,43.0,0.0,daijy@13f79535-47bb-0310-9956-ffa450edef68,0,0.0,0.0,0.0,0.0,0.0,0.0,0.0,0,0,0.0,true
test/org/apache/pig/test/TestUDF.java,175.0,25.0,24.0,9.0,59.0,25.0,0.0,daijy@13f79535-47bb-0310-9956-ffa450edef68,0,0.0,0.0,0.0,0.0,0.0,0.0,0.0,0,0,0.0,true
test/org/apache/pig/test/utils/HelperEvalFuncUtils.java,129.0,9.0,0.0,0.0,0.0,0.0,0.0,daijy@13f79535-47bb-0310-9956-ffa450edef68,0,0.0,0.0,0.0,0.0,0.0,0.0,0.0,0,0,0.0,false
test/resources/org/apache/pig/test/RegisteredJarVisibilityLoader.java,22.0,7.0,0.0,1.0,7.0,4.0,4.0,daijy@13f79535-47bb-0310-9956-ffa450edef68,1,0.0036231884057971015,33.0,33.0,0.0,0.0,1073.8227848101267,7697.683815351827,1,0,0.6390799592896695,false
test/resources/org/apache/pig/test/RegisteredJarVisibilitySchema.java,5.0,1.0,0.0,0.0,0.0,0.0,4.0,daijy@13f79535-47bb-0310-9956-ffa450edef68,1,0.0036231884057971015,50.0,50.0,0.0,0.0,1073.8227848101267,7697.683815351827,1,0,0.6390799592896695,false
