name,LOC,CBO,LCOM,NOM,RFC,WMC,ACS,Ownership,numOfChanges,numberOfFIChanges,ENH,NF,BugFixing,REF,structuralWorkloadSum,semanticWorkloadSum,numberOfDeveloper,pastFaults,MAF,isBuggy
contrib/piggybank/java/src/main/java/org/apache/pig/piggybank/storage/MultiStorage.java,151.0,28.0,3.0,7.0,14.0,19.0,2.0,daijy@13f79535-47bb-0310-9956-ffa450edef68,1,0.004366812227074236,20.0,0.0,0.0,0.0,506.61538461538464,11175.530168173103,1,0,2.1122313645028266,false
contrib/piggybank/java/src/main/java/org/apache/pig/piggybank/storage/avro/AvroStorage.java,470.0,42.0,375.0,30.0,136.0,115.0,0.0,null,0,0.0,0.0,0.0,0.0,0.0,0.0,0.0,0,1,0.0,false
contrib/piggybank/java/src/test/java/org/apache/pig/piggybank/test/storage/TestDBStorage.java,132.0,23.0,5.0,7.0,50.0,29.0,4.0,daijy@13f79535-47bb-0310-9956-ffa450edef68,1,0.004366812227074236,14.0,0.0,14.0,0.0,702.1111111111111,11551.05070788091,1,1,0.888455932880711,false
contrib/piggybank/java/src/test/java/org/apache/pig/piggybank/test/storage/avro/TestAvroStorage.java,481.0,33.0,0.0,48.0,193.0,149.0,4.0,null,1,0.004366812227074236,3.0,0.0,3.0,0.0,702.1111111111111,11551.05070788091,1,4,0.888455932880711,false
contrib/zebra/src/java/org/apache/hadoop/zebra/types/ZebraTupleFactory.java,42.0,4.0,36.0,9.0,1.0,20.0,2.0,gates@13f79535-47bb-0310-9956-ffa450edef68,1,0.004366812227074236,33.0,0.0,33.0,0.0,702.1111111111111,11551.05070788091,1,0,0.888455932880711,false
shims/test/hadoop20/org/apache/pig/test/MiniCluster.java,46.0,6.0,1.0,3.0,16.0,7.0,4.0,daijy@13f79535-47bb-0310-9956-ffa450edef68,1,0.004366812227074236,12.0,0.0,0.0,0.0,702.1111111111111,11551.05070788091,1,1,0.888455932880711,false
shims/test/hadoop23/org/apache/pig/test/MiniCluster.java,63.0,15.0,1.0,3.0,24.0,7.0,4.0,daijy@13f79535-47bb-0310-9956-ffa450edef68,2,0.008733624454148471,15.0,0.0,0.0,0.0,1280.351111111111,17553.1497487678,2,2,0.5133031356807641,false
src/org/apache/pig/ExecType.java,0.0,0.0,0.0,0.0,0.0,0.0,0.0,cheolsoo@13f79535-47bb-0310-9956-ffa450edef68,0,0.0,0.0,0.0,0.0,0.0,0.0,0.0,0,0,0.0,false
src/org/apache/pig/LoadCaster.java,102.0,10.0,78.0,13.0,0.0,57.0,72.0,daijy@13f79535-47bb-0310-9956-ffa450edef68,1,0.004366812227074236,17.0,17.0,0.0,0.0,506.61538461538464,11175.530168173103,1,0,2.1122313645028266,false
src/org/apache/pig/Main.java,770.0,60.0,176.0,20.0,129.0,76.0,5.0,null,1,0.004366812227074236,1.0,0.0,1.0,0.0,74.4,218.4500365731993,1,5,2.6230569882688175,false
src/org/apache/pig/PigConstants.java,13.0,0.0,0.0,1.0,0.0,1.0,173.0,aniket486@13f79535-47bb-0310-9956-ffa450edef68,1,0.004366812227074236,11.0,0.0,0.0,0.0,702.1111111111111,11551.05070788091,1,0,0.888455932880711,false
src/org/apache/pig/PigServer.java,1249.0,90.0,1177.0,70.0,243.0,242.0,4.0,null,2,0.008733624454148471,7.0,1.0,1.0,1.0,1208.7264957264956,22726.580876054013,2,8,0.6418572959514255,false
src/org/apache/pig/PigWarning.java,0.0,0.0,0.0,0.0,0.0,0.0,72.0,null,1,0.004366812227074236,12.0,12.0,0.0,0.0,506.61538461538464,11175.530168173103,1,0,2.1122313645028266,false
src/org/apache/pig/ResourceStatistics.java,167.0,4.0,1.0,14.0,6.0,34.0,0.0,gates@13f79535-47bb-0310-9956-ffa450edef68,0,0.0,0.0,0.0,0.0,0.0,0.0,0.0,0,0,0.0,false
src/org/apache/pig/StoreCaster.java,19.0,10.0,78.0,13.0,0.0,26.0,72.0,null,1,0.004366812227074236,20.0,20.0,0.0,0.0,506.61538461538464,11175.530168173103,1,0,2.1122313645028266,false
src/org/apache/pig/StoreFuncWrapper.java,57.0,6.0,0.0,13.0,22.0,30.0,0.0,daijy@13f79535-47bb-0310-9956-ffa450edef68,0,0.0,0.0,0.0,0.0,0.0,0.0,0.0,0,0,0.0,false
src/org/apache/pig/TerminatingAccumulator.java,6.0,0.0,0.0,1.0,0.0,1.0,0.0,jcoveney@13f79535-47bb-0310-9956-ffa450edef68,0,0.0,0.0,0.0,0.0,0.0,0.0,0.0,0,0,0.0,false
src/org/apache/pig/backend/hadoop/BigDecimalWritable.java,60.0,10.0,0.0,10.0,7.0,18.0,72.0,daijy@13f79535-47bb-0310-9956-ffa450edef68,1,0.004366812227074236,25.0,25.0,0.0,0.0,506.61538461538464,11175.530168173103,1,0,2.1122313645028266,false
src/org/apache/pig/backend/hadoop/BigIntegerWritable.java,60.0,10.0,0.0,10.0,7.0,18.0,72.0,daijy@13f79535-47bb-0310-9956-ffa450edef68,1,0.004366812227074236,25.0,25.0,0.0,0.0,506.61538461538464,11175.530168173103,1,0,2.1122313645028266,false
src/org/apache/pig/backend/hadoop/HDataType.java,190.0,22.0,1.0,3.0,7.0,18.0,72.0,null,1,0.004366812227074236,20.0,20.0,0.0,0.0,506.61538461538464,11175.530168173103,1,1,2.1122313645028266,false
src/org/apache/pig/backend/hadoop/executionengine/HExecutionEngine.java,212.0,41.0,34.0,13.0,55.0,39.0,3.0,null,1,0.004366812227074236,11.0,0.0,0.0,0.0,702.1111111111111,11551.05070788091,1,3,0.888455932880711,true
src/org/apache/pig/backend/hadoop/executionengine/mapReduceLayer/FileBasedOutputSizeReader.java,41.0,9.0,3.0,3.0,13.0,9.0,0.0,rohini@13f79535-47bb-0310-9956-ffa450edef68,0,0.0,0.0,0.0,0.0,0.0,0.0,0.0,0,0,0.0,false
src/org/apache/pig/backend/hadoop/executionengine/mapReduceLayer/JobControlCompiler.java,1117.0,88.0,26.0,24.0,225.0,106.0,72.0,null,1,0.004366812227074236,1.0,1.0,0.0,0.0,506.61538461538464,11175.530168173103,1,0,2.1122313645028266,false
src/org/apache/pig/backend/hadoop/executionengine/mapReduceLayer/Launcher.java,365.0,26.0,79.0,14.0,78.0,60.0,0.0,rohini@13f79535-47bb-0310-9956-ffa450edef68,0,0.0,0.0,0.0,0.0,0.0,0.0,0.0,0,2,0.0,false
src/org/apache/pig/backend/hadoop/executionengine/mapReduceLayer/LimitAdjuster.java,139.0,22.0,0.0,5.0,57.0,19.0,2.0,daijy@13f79535-47bb-0310-9956-ffa450edef68,1,0.004366812227074236,20.0,0.0,0.0,0.0,702.1111111111111,11551.05070788091,1,0,0.888455932880711,false
src/org/apache/pig/backend/hadoop/executionengine/mapReduceLayer/MRCompiler.java,1987.0,94.0,83.0,54.0,617.0,250.0,3.0,daijy@13f79535-47bb-0310-9956-ffa450edef68,2,0.008733624454148471,5.0,0.0,3.0,0.0,1280.351111111111,17553.1497487678,2,1,0.5133031356807641,false
src/org/apache/pig/backend/hadoop/executionengine/mapReduceLayer/MapReduceLauncher.java,429.0,50.0,50.0,13.0,133.0,44.0,2.0,null,2,0.008733624454148471,3.0,0.0,2.0,0.0,105.73333333333333,236.47257952600916,2,3,1.7860687714829817,false
src/org/apache/pig/backend/hadoop/executionengine/mapReduceLayer/PigBigDecimalRawComparator.java,61.0,10.0,2.0,5.0,11.0,18.0,72.0,daijy@13f79535-47bb-0310-9956-ffa450edef68,1,0.004366812227074236,25.0,25.0,0.0,0.0,506.61538461538464,11175.530168173103,1,0,2.1122313645028266,false
src/org/apache/pig/backend/hadoop/executionengine/mapReduceLayer/PigBigIntegerRawComparator.java,61.0,10.0,2.0,5.0,11.0,18.0,72.0,daijy@13f79535-47bb-0310-9956-ffa450edef68,1,0.004366812227074236,25.0,25.0,0.0,0.0,506.61538461538464,11175.530168173103,1,0,2.1122313645028266,false
src/org/apache/pig/backend/hadoop/executionengine/mapReduceLayer/PigDateTimeRawComparator.java,61.0,11.0,2.0,5.0,11.0,18.0,173.0,thejas@13f79535-47bb-0310-9956-ffa450edef68,1,0.004366812227074236,33.0,0.0,0.0,0.0,702.1111111111111,11551.05070788091,1,0,0.888455932880711,false
src/org/apache/pig/backend/hadoop/executionengine/mapReduceLayer/PigHadoopLogger.java,40.0,4.0,11.0,6.0,6.0,11.0,0.0,aniket486@13f79535-47bb-0310-9956-ffa450edef68,0,0.0,0.0,0.0,0.0,0.0,0.0,0.0,0,1,0.0,false
src/org/apache/pig/backend/hadoop/executionengine/mapReduceLayer/PigSplit.java,239.0,30.0,163.0,26.0,45.0,69.0,2.0,daijy@13f79535-47bb-0310-9956-ffa450edef68,2,0.008733624454148471,29.0,0.0,0.0,0.0,749.3111111111111,11635.520036422902,2,0,1.2653418340689013,false
src/org/apache/pig/backend/hadoop/executionengine/mapReduceLayer/PigStatsOutputSizeReader.java,18.0,5.0,1.0,2.0,0.0,5.0,0.0,rohini@13f79535-47bb-0310-9956-ffa450edef68,0,0.0,0.0,0.0,0.0,0.0,0.0,0.0,0,0,0.0,false
src/org/apache/pig/backend/hadoop/executionengine/mapReduceLayer/partitioners/WeightedRangePartitioner.java,156.0,38.0,5.0,7.0,40.0,29.0,72.0,daijy@13f79535-47bb-0310-9956-ffa450edef68,1,0.004366812227074236,9.0,9.0,0.0,0.0,506.61538461538464,11175.530168173103,1,0,2.1122313645028266,false
src/org/apache/pig/backend/hadoop/executionengine/physicalLayer/PhysicalOperator.java,354.0,25.0,1062.0,52.0,24.0,121.0,72.0,null,1,0.004366812227074236,6.0,6.0,0.0,0.0,506.61538461538464,11175.530168173103,1,3,2.1122313645028266,false
src/org/apache/pig/backend/hadoop/executionengine/physicalLayer/expressionOperators/Add.java,81.0,10.0,78.0,13.0,18.0,35.0,72.0,jcoveney@13f79535-47bb-0310-9956-ffa450edef68,1,0.004366812227074236,25.0,25.0,0.0,0.0,506.61538461538464,11175.530168173103,1,0,2.1122313645028266,false
src/org/apache/pig/backend/hadoop/executionengine/physicalLayer/expressionOperators/ConstantExpression.java,103.0,17.0,280.0,25.0,22.0,65.0,72.0,null,1,0.004366812227074236,17.0,17.0,0.0,0.0,506.61538461538464,11175.530168173103,1,0,2.1122313645028266,false
src/org/apache/pig/backend/hadoop/executionengine/physicalLayer/expressionOperators/Divide.java,107.0,11.0,91.0,14.0,22.0,40.0,72.0,jcoveney@13f79535-47bb-0310-9956-ffa450edef68,1,0.004366812227074236,25.0,25.0,0.0,0.0,506.61538461538464,11175.530168173103,1,0,2.1122313645028266,false
src/org/apache/pig/backend/hadoop/executionengine/physicalLayer/expressionOperators/EqualToExpr.java,101.0,12.0,21.0,7.0,18.0,22.0,72.0,null,1,0.004366812227074236,11.0,11.0,0.0,0.0,506.61538461538464,11175.530168173103,1,1,2.1122313645028266,false
src/org/apache/pig/backend/hadoop/executionengine/physicalLayer/expressionOperators/ExpressionOperator.java,159.0,19.0,276.0,24.0,24.0,65.0,72.0,null,1,0.004366812227074236,12.0,12.0,0.0,0.0,506.61538461538464,11175.530168173103,1,2,2.1122313645028266,false
src/org/apache/pig/backend/hadoop/executionengine/physicalLayer/expressionOperators/GTOrEqualToExpr.java,80.0,11.0,21.0,7.0,17.0,18.0,72.0,null,1,0.004366812227074236,14.0,14.0,0.0,0.0,506.61538461538464,11175.530168173103,1,0,2.1122313645028266,false
src/org/apache/pig/backend/hadoop/executionengine/physicalLayer/expressionOperators/GreaterThanExpr.java,79.0,9.0,21.0,7.0,17.0,18.0,72.0,null,1,0.004366812227074236,14.0,14.0,0.0,0.0,506.61538461538464,11175.530168173103,1,0,2.1122313645028266,false
src/org/apache/pig/backend/hadoop/executionengine/physicalLayer/expressionOperators/LTOrEqualToExpr.java,80.0,11.0,21.0,7.0,17.0,18.0,72.0,null,1,0.004366812227074236,14.0,14.0,0.0,0.0,506.61538461538464,11175.530168173103,1,0,2.1122313645028266,false
src/org/apache/pig/backend/hadoop/executionengine/physicalLayer/expressionOperators/LessThanExpr.java,80.0,11.0,21.0,7.0,17.0,18.0,72.0,null,1,0.004366812227074236,14.0,14.0,0.0,0.0,506.61538461538464,11175.530168173103,1,0,2.1122313645028266,false
src/org/apache/pig/backend/hadoop/executionengine/physicalLayer/expressionOperators/Mod.java,66.0,9.0,45.0,10.0,15.0,26.0,72.0,jcoveney@13f79535-47bb-0310-9956-ffa450edef68,1,0.004366812227074236,25.0,25.0,0.0,0.0,506.61538461538464,11175.530168173103,1,0,2.1122313645028266,false
src/org/apache/pig/backend/hadoop/executionengine/physicalLayer/expressionOperators/Multiply.java,81.0,10.0,78.0,13.0,18.0,35.0,72.0,jcoveney@13f79535-47bb-0310-9956-ffa450edef68,1,0.004366812227074236,25.0,25.0,0.0,0.0,506.61538461538464,11175.530168173103,1,0,2.1122313645028266,false
src/org/apache/pig/backend/hadoop/executionengine/physicalLayer/expressionOperators/NotEqualToExpr.java,96.0,12.0,21.0,7.0,17.0,20.0,72.0,null,1,0.004366812227074236,12.0,12.0,0.0,0.0,506.61538461538464,11175.530168173103,1,0,2.1122313645028266,false
src/org/apache/pig/backend/hadoop/executionengine/physicalLayer/expressionOperators/POBinCond.java,154.0,17.0,327.0,30.0,28.0,72.0,72.0,null,1,0.004366812227074236,17.0,17.0,0.0,0.0,506.61538461538464,11175.530168173103,1,0,2.1122313645028266,false
src/org/apache/pig/backend/hadoop/executionengine/physicalLayer/expressionOperators/POCast.java,2173.0,36.0,127.0,27.0,183.0,153.0,72.0,null,1,0.004366812227074236,7.0,7.0,0.0,0.0,506.61538461538464,11175.530168173103,1,1,2.1122313645028266,false
src/org/apache/pig/backend/hadoop/executionengine/physicalLayer/expressionOperators/POIsNull.java,59.0,9.0,21.0,7.0,12.0,16.0,72.0,null,1,0.004366812227074236,17.0,17.0,0.0,0.0,506.61538461538464,11175.530168173103,1,0,2.1122313645028266,false
src/org/apache/pig/backend/hadoop/executionengine/physicalLayer/expressionOperators/PONegative.java,69.0,11.0,78.0,13.0,14.0,42.0,72.0,jcoveney@13f79535-47bb-0310-9956-ffa450edef68,1,0.004366812227074236,25.0,25.0,0.0,0.0,506.61538461538464,11175.530168173103,1,0,2.1122313645028266,false
src/org/apache/pig/backend/hadoop/executionengine/physicalLayer/expressionOperators/POProject.java,438.0,23.0,625.0,43.0,80.0,130.0,72.0,null,1,0.004366812227074236,9.0,9.0,0.0,0.0,506.61538461538464,11175.530168173103,1,2,2.1122313645028266,false
src/org/apache/pig/backend/hadoop/executionengine/physicalLayer/expressionOperators/POUserComparisonFunc.java,120.0,23.0,307.0,27.0,34.0,69.0,72.0,null,1,0.004366812227074236,14.0,14.0,0.0,0.0,506.61538461538464,11175.530168173103,1,2,2.1122313645028266,false
src/org/apache/pig/backend/hadoop/executionengine/physicalLayer/expressionOperators/POUserFunc.java,403.0,41.0,844.0,49.0,103.0,126.0,37.0,null,1,0.004366812227074236,6.0,3.0,0.0,0.0,506.61538461538464,11175.530168173103,1,3,2.1122313645028266,false
src/org/apache/pig/backend/hadoop/executionengine/physicalLayer/expressionOperators/Subtract.java,81.0,10.0,78.0,13.0,18.0,35.0,72.0,jcoveney@13f79535-47bb-0310-9956-ffa450edef68,1,0.004366812227074236,25.0,25.0,0.0,0.0,506.61538461538464,11175.530168173103,1,0,2.1122313645028266,false
src/org/apache/pig/backend/hadoop/executionengine/physicalLayer/relationalOperators/POFRJoin.java,317.0,36.0,101.0,19.0,60.0,56.0,0.0,null,0,0.0,0.0,0.0,0.0,0.0,0.0,0.0,0,3,0.0,false
src/org/apache/pig/backend/hadoop/executionengine/physicalLayer/relationalOperators/POForEach.java,564.0,30.0,308.0,33.0,110.0,106.0,37.0,null,2,0.008733624454148471,10.0,5.0,0.0,0.0,1084.8553846153845,17177.62920905999,2,3,1.1251908514918219,false
src/org/apache/pig/backend/hadoop/executionengine/physicalLayer/relationalOperators/POJoinPackage.java,168.0,17.0,0.0,9.0,41.0,30.0,0.0,daijy@13f79535-47bb-0310-9956-ffa450edef68,0,0.0,0.0,0.0,0.0,0.0,0.0,0.0,0,1,0.0,false
src/org/apache/pig/backend/hadoop/executionengine/physicalLayer/relationalOperators/POLocalRearrange.java,546.0,24.0,499.0,38.0,80.0,110.0,72.0,null,1,0.004366812227074236,8.0,8.0,0.0,0.0,506.61538461538464,11175.530168173103,1,1,2.1122313645028266,false
src/org/apache/pig/backend/hadoop/executionengine/physicalLayer/relationalOperators/POPackage.java,387.0,29.0,335.0,30.0,52.0,73.0,0.0,null,0,0.0,0.0,0.0,0.0,0.0,0.0,0.0,0,2,0.0,false
src/org/apache/pig/backend/hadoop/executionengine/physicalLayer/relationalOperators/POPackageLite.java,133.0,24.0,153.0,18.0,20.0,43.0,0.0,cheolsoo@13f79535-47bb-0310-9956-ffa450edef68,0,0.0,0.0,0.0,0.0,0.0,0.0,0.0,0,1,0.0,false
src/org/apache/pig/backend/hadoop/executionengine/physicalLayer/relationalOperators/POPartialAgg.java,400.0,29.0,353.0,34.0,123.0,103.0,37.0,null,2,0.008733624454148471,11.0,5.0,5.0,0.0,541.6153846153846,11232.214217722496,2,0,2.079962103934041,false
src/org/apache/pig/backend/hadoop/executionengine/physicalLayer/relationalOperators/POPreCombinerLocalRearrange.java,133.0,19.0,104.0,16.0,21.0,37.0,72.0,null,1,0.004366812227074236,12.0,12.0,0.0,0.0,506.61538461538464,11175.530168173103,1,1,2.1122313645028266,false
src/org/apache/pig/backend/hadoop/executionengine/physicalLayer/relationalOperators/PORank.java,125.0,19.0,143.0,18.0,31.0,38.0,0.0,null,0,0.0,0.0,0.0,0.0,0.0,0.0,0.0,0,0,0.0,false
src/org/apache/pig/backend/hadoop/executionengine/physicalLayer/relationalOperators/POSort.java,246.0,25.0,181.0,22.0,31.0,47.0,72.0,null,1,0.004366812227074236,8.0,8.0,0.0,0.0,506.61538461538464,11175.530168173103,1,1,2.1122313645028266,false
src/org/apache/pig/backend/hadoop/executionengine/physicalLayer/relationalOperators/POStream.java,189.0,22.0,102.0,17.0,38.0,48.0,0.0,daijy@13f79535-47bb-0310-9956-ffa450edef68,0,0.0,0.0,0.0,0.0,0.0,0.0,0.0,0,1,0.0,false
src/org/apache/pig/backend/hadoop/executionengine/physicalLayer/relationalOperators/POUnion.java,111.0,14.0,60.0,12.0,23.0,27.0,0.0,gates@13f79535-47bb-0310-9956-ffa450edef68,0,0.0,0.0,0.0,0.0,0.0,0.0,0.0,0,1,0.0,false
src/org/apache/pig/backend/hadoop/hbase/HBaseBinaryConverter.java,141.0,12.0,325.0,26.0,24.0,76.0,72.0,daijy@13f79535-47bb-0310-9956-ffa450edef68,1,0.004366812227074236,14.0,14.0,0.0,0.0,506.61538461538464,11175.530168173103,1,0,2.1122313645028266,false
src/org/apache/pig/backend/hadoop/hbase/HBaseStorage.java,787.0,80.0,758.0,45.0,220.0,153.0,25.0,null,3,0.013100436681222707,7.0,2.0,0.0,0.0,612.348717948718,11412.002747699113,3,8,1.2582754675281174,false
src/org/apache/pig/backend/hadoop/streaming/HadoopExecutableManager.java,157.0,22.0,14.0,9.0,50.0,31.0,2.0,daijy@13f79535-47bb-0310-9956-ffa450edef68,1,0.004366812227074236,17.0,0.0,0.0,0.0,74.4,218.4500365731993,1,1,2.6230569882688175,false
src/org/apache/pig/builtin/ABS.java,39.0,9.0,3.0,3.0,13.0,10.0,72.0,daijy@13f79535-47bb-0310-9956-ffa450edef68,1,0.004366812227074236,25.0,25.0,0.0,0.0,506.61538461538464,11175.530168173103,1,0,2.1122313645028266,false
src/org/apache/pig/builtin/AddDuration.java,22.0,11.0,3.0,3.0,10.0,9.0,173.0,thejas@13f79535-47bb-0310-9956-ffa450edef68,1,0.004366812227074236,25.0,0.0,0.0,0.0,702.1111111111111,11551.05070788091,1,0,0.888455932880711,false
src/org/apache/pig/builtin/BigDecimalAbs.java,5.0,4.0,0.0,1.0,2.0,3.0,72.0,daijy@13f79535-47bb-0310-9956-ffa450edef68,1,0.004366812227074236,25.0,25.0,0.0,0.0,506.61538461538464,11175.530168173103,1,0,2.1122313645028266,false
src/org/apache/pig/builtin/BigIntegerAbs.java,5.0,4.0,0.0,1.0,2.0,3.0,72.0,daijy@13f79535-47bb-0310-9956-ffa450edef68,1,0.004366812227074236,25.0,25.0,0.0,0.0,506.61538461538464,11175.530168173103,1,0,2.1122313645028266,false
src/org/apache/pig/builtin/BinStorage.java,296.0,45.0,459.0,31.0,37.0,102.0,72.0,daijy@13f79535-47bb-0310-9956-ffa450edef68,1,0.004366812227074236,8.0,8.0,0.0,0.0,506.61538461538464,11175.530168173103,1,2,2.1122313645028266,false
src/org/apache/pig/builtin/CurrentTime.java,20.0,6.0,1.0,2.0,4.0,6.0,0.0,thejas@13f79535-47bb-0310-9956-ffa450edef68,0,0.0,0.0,0.0,0.0,0.0,0.0,0.0,0,0,0.0,false
src/org/apache/pig/builtin/Distinct.java,97.0,11.0,21.0,7.0,16.0,26.0,0.0,daijy@13f79535-47bb-0310-9956-ffa450edef68,0,0.0,0.0,0.0,0.0,0.0,0.0,0.0,0,0,0.0,false
src/org/apache/pig/builtin/EqualsIgnoreCase.java,24.0,4.0,0.0,1.0,5.0,5.0,3.0,daijy@13f79535-47bb-0310-9956-ffa450edef68,1,0.004366812227074236,50.0,0.0,0.0,0.0,47.199999999999996,84.46932854199248,1,0,3.028522096376982,false
src/org/apache/pig/builtin/JsonMetadata.java,241.0,31.0,59.0,14.0,60.0,54.0,2.0,null,1,0.004366812227074236,10.0,0.0,0.0,0.0,506.61538461538464,11175.530168173103,1,2,2.1122313645028266,false
src/org/apache/pig/builtin/PigStorage.java,318.0,54.0,448.0,33.0,79.0,101.0,2.0,daijy@13f79535-47bb-0310-9956-ffa450edef68,1,0.004366812227074236,5.0,0.0,0.0,0.0,31.333333333333332,18.022542952809857,1,3,2.3353749158170367,false
src/org/apache/pig/builtin/PluckTuple.java,74.0,9.0,0.0,3.0,14.0,12.0,88.0,daijy@13f79535-47bb-0310-9956-ffa450edef68,2,0.008733624454148471,29.0,0.0,14.0,0.0,1208.7264957264956,22726.580876054013,2,0,0.8071964681318234,false
src/org/apache/pig/builtin/STARTSWITH.java,29.0,9.0,1.0,2.0,7.0,8.0,173.0,daijy@13f79535-47bb-0310-9956-ffa450edef68,1,0.004366812227074236,25.0,0.0,0.0,0.0,702.1111111111111,11551.05070788091,1,1,0.888455932880711,false
src/org/apache/pig/builtin/SubtractDuration.java,22.0,11.0,3.0,3.0,10.0,9.0,173.0,thejas@13f79535-47bb-0310-9956-ffa450edef68,1,0.004366812227074236,25.0,0.0,0.0,0.0,702.1111111111111,11551.05070788091,1,0,0.888455932880711,false
src/org/apache/pig/builtin/TextLoader.java,191.0,22.0,374.0,28.0,9.0,73.0,72.0,daijy@13f79535-47bb-0310-9956-ffa450edef68,1,0.004366812227074236,14.0,14.0,0.0,0.0,506.61538461538464,11175.530168173103,1,0,2.1122313645028266,false
src/org/apache/pig/builtin/ToDate.java,46.0,16.0,6.0,4.0,17.0,13.0,173.0,rohini@13f79535-47bb-0310-9956-ffa450edef68,1,0.004366812227074236,12.0,0.0,0.0,0.0,702.1111111111111,11551.05070788091,1,0,0.888455932880711,false
src/org/apache/pig/builtin/ToDate2ARGS.java,10.0,7.0,0.0,1.0,4.0,4.0,173.0,thejas@13f79535-47bb-0310-9956-ffa450edef68,1,0.004366812227074236,25.0,0.0,0.0,0.0,702.1111111111111,11551.05070788091,1,0,0.888455932880711,false
src/org/apache/pig/builtin/ToDate3ARGS.java,10.0,8.0,0.0,1.0,8.0,4.0,173.0,thejas@13f79535-47bb-0310-9956-ffa450edef68,1,0.004366812227074236,25.0,0.0,0.0,0.0,702.1111111111111,11551.05070788091,1,0,0.888455932880711,false
src/org/apache/pig/builtin/ToDateISO.java,15.0,6.0,0.0,1.0,3.0,5.0,173.0,rohini@13f79535-47bb-0310-9956-ffa450edef68,1,0.004366812227074236,20.0,0.0,0.0,0.0,702.1111111111111,11551.05070788091,1,0,0.888455932880711,false
src/org/apache/pig/builtin/ToString.java,31.0,11.0,3.0,3.0,12.0,11.0,173.0,daijy@13f79535-47bb-0310-9956-ffa450edef68,1,0.004366812227074236,20.0,0.0,0.0,0.0,702.1111111111111,11551.05070788091,1,0,0.888455932880711,false
src/org/apache/pig/builtin/Utf8StorageConverter.java,482.0,28.0,537.0,35.0,128.0,156.0,37.0,daijy@13f79535-47bb-0310-9956-ffa450edef68,2,0.008733624454148471,14.0,7.0,0.0,0.0,1084.8553846153845,17177.62920905999,2,1,1.1251908514918219,false
src/org/apache/pig/builtin/mock/Storage.java,379.0,45.0,196.0,29.0,35.0,74.0,0.0,null,0,0.0,0.0,0.0,0.0,0.0,0.0,0.0,0,1,0.0,true
src/org/apache/pig/data/BinInterSedes.java,1171.0,28.0,205.0,23.0,112.0,97.0,72.0,jcoveney@13f79535-47bb-0310-9956-ffa450edef68,1,0.004366812227074236,6.0,6.0,0.0,0.0,506.61538461538464,11175.530168173103,1,2,2.1122313645028266,false
src/org/apache/pig/data/DataReaderWriter.java,257.0,14.0,39.0,10.0,69.0,46.0,72.0,null,1,0.004366812227074236,17.0,17.0,0.0,0.0,506.61538461538464,11175.530168173103,1,0,2.1122313645028266,false
src/org/apache/pig/data/DataType.java,1431.0,22.0,687.0,51.0,146.0,235.0,72.0,daijy@13f79535-47bb-0310-9956-ffa450edef68,1,0.004366812227074236,8.0,8.0,0.0,0.0,506.61538461538464,11175.530168173103,1,0,2.1122313645028266,false
src/org/apache/pig/data/DefaultAbstractBag.java,283.0,20.0,203.0,22.0,64.0,60.0,0.0,null,0,0.0,0.0,0.0,0.0,0.0,0.0,0.0,0,2,0.0,false
src/org/apache/pig/data/DefaultTuple.java,404.0,21.0,0.0,15.0,29.0,46.0,72.0,jcoveney@13f79535-47bb-0310-9956-ffa450edef68,1,0.004366812227074236,8.0,8.0,0.0,0.0,506.61538461538464,11175.530168173103,1,1,2.1122313645028266,false
src/org/apache/pig/data/FieldIsNullException.java,7.0,1.0,1.0,2.0,0.0,2.0,173.0,jcoveney@13f79535-47bb-0310-9956-ffa450edef68,1,0.004366812227074236,50.0,0.0,0.0,0.0,702.1111111111111,11551.05070788091,1,0,0.888455932880711,false
src/org/apache/pig/data/InternalCachedBag.java,158.0,16.0,42.0,12.0,19.0,25.0,2.0,dvryaboy@13f79535-47bb-0310-9956-ffa450edef68,1,0.004366812227074236,14.0,0.0,14.0,0.0,35.0,56.684049549392064,1,0,3.4339872044851463,false
src/org/apache/pig/data/NonSpillableDataBag.java,175.0,8.0,134.0,20.0,33.0,45.0,0.0,gates@13f79535-47bb-0310-9956-ffa450edef68,0,0.0,0.0,0.0,0.0,0.0,0.0,0.0,0,1,0.0,false
src/org/apache/pig/data/SchemaTuple.java,1058.0,20.0,29588.0,244.0,228.0,631.0,4.0,jcoveney@13f79535-47bb-0310-9956-ffa450edef68,1,0.004366812227074236,12.0,0.0,0.0,0.0,702.1111111111111,11551.05070788091,1,1,0.888455932880711,false
src/org/apache/pig/data/SchemaTupleBackend.java,195.0,24.0,4.0,12.0,50.0,50.0,0.0,jcoveney@13f79535-47bb-0310-9956-ffa450edef68,0,0.0,0.0,0.0,0.0,0.0,0.0,0.0,0,1,0.0,false
src/org/apache/pig/data/SchemaTupleClassGenerator.java,1015.0,43.0,44.0,12.0,21.0,28.0,4.0,jcoveney@13f79535-47bb-0310-9956-ffa450edef68,1,0.004366812227074236,11.0,0.0,0.0,0.0,702.1111111111111,11551.05070788091,1,1,0.888455932880711,false
src/org/apache/pig/data/SchemaTupleFactory.java,69.0,5.0,33.0,10.0,12.0,30.0,0.0,jcoveney@13f79535-47bb-0310-9956-ffa450edef68,0,0.0,0.0,0.0,0.0,0.0,0.0,0.0,0,0,0.0,false
src/org/apache/pig/data/SizeUtil.java,73.0,5.0,3.0,3.0,13.0,8.0,72.0,thejas@13f79535-47bb-0310-9956-ffa450edef68,1,0.004366812227074236,33.0,33.0,0.0,0.0,506.61538461538464,11175.530168173103,1,0,2.1122313645028266,false
src/org/apache/pig/data/TypeAwareTuple.java,29.0,6.0,351.0,27.0,0.0,53.0,72.0,thejas@13f79535-47bb-0310-9956-ffa450edef68,1,0.004366812227074236,25.0,25.0,0.0,0.0,506.61538461538464,11175.530168173103,1,0,2.1122313645028266,false
src/org/apache/pig/impl/PigContext.java,541.0,38.0,1127.0,51.0,77.0,152.0,0.0,daijy@13f79535-47bb-0310-9956-ffa450edef68,0,0.0,0.0,0.0,0.0,0.0,0.0,0.0,0,1,0.0,false
src/org/apache/pig/impl/builtin/GFCross.java,59.0,10.0,0.0,3.0,13.0,15.0,2.0,gates@13f79535-47bb-0310-9956-ffa450edef68,1,0.004366812227074236,14.0,0.0,0.0,0.0,702.1111111111111,11551.05070788091,1,0,0.888455932880711,false
src/org/apache/pig/impl/io/NullableBigDecimalWritable.java,11.0,2.0,3.0,3.0,2.0,4.0,72.0,daijy@13f79535-47bb-0310-9956-ffa450edef68,1,0.004366812227074236,50.0,50.0,0.0,0.0,506.61538461538464,11175.530168173103,1,0,2.1122313645028266,false
src/org/apache/pig/impl/io/NullableBigIntegerWritable.java,11.0,2.0,3.0,3.0,2.0,4.0,72.0,daijy@13f79535-47bb-0310-9956-ffa450edef68,1,0.004366812227074236,50.0,50.0,0.0,0.0,506.61538461538464,11175.530168173103,1,0,2.1122313645028266,false
src/org/apache/pig/impl/io/ResourceNotFoundException.java,10.0,0.0,0.0,2.0,0.0,3.0,173.0,dvryaboy@13f79535-47bb-0310-9956-ffa450edef68,1,0.004366812227074236,50.0,0.0,0.0,0.0,702.1111111111111,11551.05070788091,1,0,0.888455932880711,false
src/org/apache/pig/impl/io/TFileRecordReader.java,62.0,17.0,3.0,6.0,18.0,18.0,0.0,rding@13f79535-47bb-0310-9956-ffa450edef68,0,0.0,0.0,0.0,0.0,0.0,0.0,0.0,0,1,0.0,false
src/org/apache/pig/impl/logicalLayer/schema/SchemaUtil.java,171.0,7.0,105.0,15.0,32.0,47.0,72.0,thejas@13f79535-47bb-0310-9956-ffa450edef68,1,0.004366812227074236,33.0,33.0,0.0,0.0,506.61538461538464,11175.530168173103,1,0,2.1122313645028266,false
src/org/apache/pig/impl/plan/Operator.java,99.0,5.0,75.0,15.0,7.0,40.0,0.0,gates@13f79535-47bb-0310-9956-ffa450edef68,0,0.0,0.0,0.0,0.0,0.0,0.0,0.0,0,1,0.0,false
src/org/apache/pig/impl/streaming/ExecutableManager.java,398.0,27.0,13.0,11.0,59.0,36.0,2.0,null,1,0.004366812227074236,12.0,0.0,0.0,0.0,74.4,218.4500365731993,1,0,2.6230569882688175,false
src/org/apache/pig/impl/util/CastUtils.java,137.0,8.0,3.0,6.0,31.0,31.0,72.0,null,1,0.004366812227074236,17.0,17.0,0.0,0.0,506.61538461538464,11175.530168173103,1,1,2.1122313645028266,false
src/org/apache/pig/impl/util/JarManager.java,223.0,32.0,43.0,11.0,57.0,43.0,0.0,daijy@13f79535-47bb-0310-9956-ffa450edef68,0,0.0,0.0,0.0,0.0,0.0,0.0,0.0,0,0,0.0,false
src/org/apache/pig/impl/util/JavaCompilerHelper.java,44.0,13.0,0.0,4.0,13.0,8.0,173.0,daijy@13f79535-47bb-0310-9956-ffa450edef68,1,0.004366812227074236,33.0,0.0,0.0,0.0,702.1111111111111,11551.05070788091,1,0,0.888455932880711,false
src/org/apache/pig/impl/util/NumValCarrier.java,37.0,3.0,0.0,2.0,3.0,3.0,72.0,thejas@13f79535-47bb-0310-9956-ffa450edef68,1,0.004366812227074236,25.0,25.0,0.0,0.0,506.61538461538464,11175.530168173103,1,0,2.1122313645028266,false
src/org/apache/pig/impl/util/SpillableMemoryManager.java,177.0,17.0,11.0,7.0,42.0,29.0,2.0,daijy@13f79535-47bb-0310-9956-ffa450edef68,1,0.004366812227074236,11.0,0.0,11.0,0.0,74.4,218.4500365731993,1,1,2.6230569882688175,false
src/org/apache/pig/impl/util/StorageUtil.java,192.0,18.0,10.0,5.0,28.0,30.0,72.0,null,1,0.004366812227074236,20.0,20.0,0.0,0.0,506.61538461538464,11175.530168173103,1,0,2.1122313645028266,false
src/org/apache/pig/impl/util/UDFContext.java,154.0,6.0,46.0,17.0,16.0,41.0,0.0,null,0,0.0,0.0,0.0,0.0,0.0,0.0,0.0,0,0,0.0,false
src/org/apache/pig/impl/util/UriUtil.java,16.0,0.0,1.0,2.0,2.0,6.0,7.0,daijy@13f79535-47bb-0310-9956-ffa450edef68,1,0.004366812227074236,17.0,0.0,0.0,0.0,702.1111111111111,11551.05070788091,1,0,0.888455932880711,false
src/org/apache/pig/impl/util/Utils.java,229.0,36.0,171.0,19.0,51.0,76.0,0.0,null,0,0.0,0.0,0.0,0.0,0.0,0.0,0.0,0,1,0.0,false
src/org/apache/pig/newplan/logical/expression/BinCondExpression.java,70.0,7.0,28.0,8.0,23.0,26.0,0.0,thejas@13f79535-47bb-0310-9956-ffa450edef68,0,0.0,0.0,0.0,0.0,0.0,0.0,0.0,0,0,0.0,false
src/org/apache/pig/newplan/logical/expression/LogicalExpression.java,72.0,6.0,39.0,11.0,5.0,28.0,0.0,daijy@13f79535-47bb-0310-9956-ffa450edef68,0,0.0,0.0,0.0,0.0,0.0,0.0,0.0,0,0,0.0,false
src/org/apache/pig/newplan/logical/expression/ProjectExpression.java,390.0,17.0,70.0,29.0,57.0,82.0,0.0,daijy@13f79535-47bb-0310-9956-ffa450edef68,0,0.0,0.0,0.0,0.0,0.0,0.0,0.0,0,2,0.0,false
src/org/apache/pig/newplan/logical/expression/UserFuncExpression.java,178.0,20.0,63.0,15.0,50.0,51.0,6.0,null,1,0.004366812227074236,5.0,0.0,0.0,0.0,506.61538461538464,11175.530168173103,1,0,2.1122313645028266,false
src/org/apache/pig/newplan/logical/relational/LOJoin.java,170.0,13.0,95.0,19.0,28.0,47.0,5.0,null,1,0.004366812227074236,11.0,0.0,11.0,0.0,702.1111111111111,11551.05070788091,1,1,0.888455932880711,false
src/org/apache/pig/newplan/logical/relational/LOSort.java,133.0,15.0,118.0,20.0,37.0,46.0,0.0,null,0,0.0,0.0,0.0,0.0,0.0,0.0,0.0,0,1,0.0,false
src/org/apache/pig/newplan/logical/rules/ConstExpEvaluator.java,273.0,36.0,256.0,24.0,48.0,60.0,72.0,null,1,0.004366812227074236,20.0,20.0,0.0,0.0,506.61538461538464,11175.530168173103,1,0,2.1122313645028266,false
src/org/apache/pig/newplan/logical/rules/LimitOptimizer.java,115.0,23.0,3.0,3.0,1.0,6.0,0.0,daijy@13f79535-47bb-0310-9956-ffa450edef68,0,0.0,0.0,0.0,0.0,0.0,0.0,0.0,0,1,0.0,false
src/org/apache/pig/newplan/logical/rules/PushDownForEachFlatten.java,207.0,24.0,3.0,3.0,1.0,7.0,3.0,daijy@13f79535-47bb-0310-9956-ffa450edef68,1,0.004366812227074236,11.0,0.0,0.0,0.0,578.24,6002.099040886887,1,0,1.5244446996007077,false
src/org/apache/pig/newplan/logical/visitor/TypeCheckingExpVisitor.java,847.0,56.0,685.0,43.0,192.0,167.0,25.0,thejas@13f79535-47bb-0310-9956-ffa450edef68,2,0.008733624454148471,18.0,12.0,6.0,0.0,1208.7264957264956,22726.580876054013,2,2,1.0677920523339752,false
src/org/apache/pig/parser/LogicalPlanBuilder.java,1182.0,76.0,2266.0,100.0,359.0,327.0,24.0,null,2,0.008733624454148471,8.0,6.0,0.0,0.0,1208.7264957264956,22726.580876054013,2,4,0.8071964681318234,false
src/org/apache/pig/parser/StreamingCommandUtils.java,119.0,10.0,13.0,6.0,23.0,29.0,0.0,thejas@13f79535-47bb-0310-9956-ffa450edef68,0,0.0,0.0,0.0,0.0,0.0,0.0,0.0,0,0,0.0,false
src/org/apache/pig/pen/AugmentBaseDataVisitor.java,848.0,69.0,382.0,33.0,274.0,168.0,72.0,yanz@13f79535-47bb-0310-9956-ffa450edef68,1,0.004366812227074236,11.0,11.0,0.0,0.0,506.61538461538464,11175.530168173103,1,1,2.1122313645028266,false
src/org/apache/pig/scripting/groovy/GroovyUtils.java,144.0,13.0,1.0,2.0,27.0,12.0,6.0,daijy@13f79535-47bb-0310-9956-ffa450edef68,1,0.004366812227074236,50.0,50.0,0.0,0.0,578.24,6002.099040886887,1,0,1.5244446996007077,false
src/org/apache/pig/scripting/jruby/PigJrubyLibrary.java,367.0,28.0,351.0,27.0,55.0,96.0,0.0,daijy@13f79535-47bb-0310-9956-ffa450edef68,0,0.0,0.0,0.0,0.0,0.0,0.0,0.0,0,0,0.0,false
src/org/apache/pig/scripting/jruby/RubyDataBag.java,186.0,22.0,11.0,19.0,46.0,56.0,0.0,daijy@13f79535-47bb-0310-9956-ffa450edef68,0,0.0,0.0,0.0,0.0,0.0,0.0,0.0,0,0,0.0,false
src/org/apache/pig/scripting/jruby/RubySchema.java,681.0,28.0,684.0,45.0,138.0,173.0,0.0,thejas@13f79535-47bb-0310-9956-ffa450edef68,0,0.0,0.0,0.0,0.0,0.0,0.0,0.0,0,0,0.0,false
src/org/apache/pig/scripting/jython/JythonScriptEngine.java,375.0,39.0,28.0,8.0,46.0,34.0,5.0,daijy@13f79535-47bb-0310-9956-ffa450edef68,1,0.004366812227074236,5.0,0.0,5.0,0.0,74.4,218.4500365731993,1,3,2.6230569882688175,false
src/org/apache/pig/tools/grunt/GruntParser.java,914.0,59.0,370.0,53.0,272.0,214.0,4.0,daijy@13f79535-47bb-0310-9956-ffa450edef68,2,0.008733624454148471,13.0,3.0,3.0,3.0,1208.7264957264956,22726.580876054013,2,1,0.6328085956669462,false
src/org/apache/pig/tools/parameters/PreprocessorContext.java,182.0,8.0,5.0,7.0,37.0,29.0,5.0,daijy@13f79535-47bb-0310-9956-ffa450edef68,1,0.004366812227074236,9.0,0.0,0.0,0.0,506.61538461538464,11175.530168173103,1,1,2.1122313645028266,false
src/org/apache/pig/tools/pigstats/JobStats.java,484.0,34.0,1090.0,52.0,101.0,130.0,2.0,null,1,0.004366812227074236,4.0,0.0,0.0,0.0,506.61538461538464,11175.530168173103,1,0,2.1122313645028266,false
src/org/apache/pig/tools/pigstats/PigStats.java,193.0,22.0,583.0,35.0,9.0,49.0,0.0,cheolsoo@13f79535-47bb-0310-9956-ffa450edef68,0,0.0,0.0,0.0,0.0,0.0,0.0,0.0,0,0,0.0,false
test/e2e/pig/udfs/java/org/apache/pig/test/udf/storefunc/PigPerformanceLoader.java,117.0,15.0,1.0,2.0,1.0,5.0,53.0,daijy@13f79535-47bb-0310-9956-ffa450edef68,2,0.008733624454148471,33.0,17.0,0.0,0.0,1084.8553846153845,17177.62920905999,2,0,1.1251908514918219,false
test/org/apache/pig/TestAlgebraicEvalWithParameterizedReturnType.java,34.0,4.0,0.0,1.0,0.0,1.0,0.0,daijy@13f79535-47bb-0310-9956-ffa450edef68,0,0.0,0.0,0.0,0.0,0.0,0.0,0.0,0,1,0.0,false
test/org/apache/pig/TestLoadStoreFuncLifeCycle.java,241.0,19.0,4.0,4.0,32.0,18.0,0.0,daijy@13f79535-47bb-0310-9956-ffa450edef68,0,0.0,0.0,0.0,0.0,0.0,0.0,0.0,0,0,0.0,false
test/org/apache/pig/TestMain.java,21.0,4.0,0.0,1.0,7.0,2.0,173.0,daijy@13f79535-47bb-0310-9956-ffa450edef68,1,0.004366812227074236,17.0,0.0,0.0,0.0,702.1111111111111,11551.05070788091,1,0,0.888455932880711,false
test/org/apache/pig/backend/hadoop/executionengine/mapReduceLayer/TestInputSizeReducerEstimator.java,16.0,9.0,1.0,3.0,8.0,7.0,0.0,gates@13f79535-47bb-0310-9956-ffa450edef68,0,0.0,0.0,0.0,0.0,0.0,0.0,0.0,0,0,0.0,false
test/org/apache/pig/backend/hadoop/hbase/TestHBaseStorageFiltering.java,174.0,20.0,253.0,23.0,102.0,49.0,0.0,billgraham@13f79535-47bb-0310-9956-ffa450edef68,0,0.0,0.0,0.0,0.0,0.0,0.0,0.0,0,0,0.0,false
test/org/apache/pig/builtin/TestCurrentTime.java,22.0,16.0,0.0,2.0,13.0,6.0,0.0,daijy@13f79535-47bb-0310-9956-ffa450edef68,0,0.0,0.0,0.0,0.0,0.0,0.0,0.0,0,0,0.0,false
test/org/apache/pig/builtin/TestPluckTuple.java,26.0,14.0,0.0,3.0,15.0,9.0,88.0,daijy@13f79535-47bb-0310-9956-ffa450edef68,2,0.008733624454148471,29.0,0.0,14.0,0.0,1208.7264957264956,22726.580876054013,2,0,0.8071964681318234,true
test/org/apache/pig/builtin/mock/TestMockStorage.java,78.0,16.0,10.0,5.0,39.0,17.0,0.0,daijy@13f79535-47bb-0310-9956-ffa450edef68,0,0.0,0.0,0.0,0.0,0.0,0.0,0.0,0,0,0.0,true
test/org/apache/pig/data/TestSchemaTuple.java,409.0,47.0,126.0,17.0,135.0,49.0,4.0,jcoveney@13f79535-47bb-0310-9956-ffa450edef68,1,0.004366812227074236,10.0,0.0,0.0,0.0,702.1111111111111,11551.05070788091,1,2,0.888455932880711,false
test/org/apache/pig/newplan/logical/optimizer/TestSchemaResetter.java,21.0,14.0,1.0,2.0,14.0,4.0,173.0,daijy@13f79535-47bb-0310-9956-ffa450edef68,1,0.004366812227074236,33.0,0.0,0.0,0.0,702.1111111111111,11551.05070788091,1,1,0.888455932880711,true
test/org/apache/pig/newplan/logical/relational/LOTestHelper.java,9.0,4.0,0.0,1.0,2.0,3.0,173.0,daijy@13f79535-47bb-0310-9956-ffa450edef68,1,0.004366812227074236,25.0,0.0,0.0,0.0,702.1111111111111,11551.05070788091,1,0,0.888455932880711,false
test/org/apache/pig/newplan/logical/relational/TestLocationInPhysicalPlan.java,21.0,10.0,0.0,1.0,20.0,2.0,173.0,daijy@13f79535-47bb-0310-9956-ffa450edef68,1,0.004366812227074236,17.0,0.0,0.0,0.0,702.1111111111111,11551.05070788091,1,0,0.888455932880711,true
test/org/apache/pig/parser/TestLogicalPlanGenerator.java,290.0,21.0,2137.0,66.0,88.0,175.0,0.0,null,0,0.0,0.0,0.0,0.0,0.0,0.0,0.0,0,7,0.0,true
test/org/apache/pig/parser/TestQueryParser.java,356.0,15.0,3160.0,80.0,122.0,191.0,0.0,thejas@13f79535-47bb-0310-9956-ffa450edef68,0,0.0,0.0,0.0,0.0,0.0,0.0,0.0,0,3,0.0,false
test/org/apache/pig/pigunit/PigTest.java,194.0,25.0,186.0,24.0,76.0,51.0,3.0,daijy@13f79535-47bb-0310-9956-ffa450edef68,1,0.004366812227074236,11.0,0.0,0.0,0.0,702.1111111111111,11551.05070788091,1,0,0.888455932880711,false
test/org/apache/pig/pigunit/pig/GruntParser.java,61.0,7.0,4.0,4.0,22.0,10.0,4.0,gates@13f79535-47bb-0310-9956-ffa450edef68,1,0.004366812227074236,33.0,33.0,33.0,0.0,47.199999999999996,84.46932854199248,1,0,3.028522096376982,false
test/org/apache/pig/test/PigExecTestCase.java,0.0,0.0,0.0,0.0,0.0,0.0,173.0,gates@13f79535-47bb-0310-9956-ffa450edef68,1,0.004366812227074236,25.0,0.0,0.0,0.0,702.1111111111111,11551.05070788091,1,0,0.888455932880711,false
test/org/apache/pig/test/PigStorageWithStatistics.java,29.0,9.0,1.0,3.0,6.0,10.0,173.0,aniket486@13f79535-47bb-0310-9956-ffa450edef68,1,0.004366812227074236,25.0,0.0,0.0,0.0,702.1111111111111,11551.05070788091,1,0,0.888455932880711,false
test/org/apache/pig/test/TestAccumulator.java,458.0,19.0,0.0,28.0,160.0,102.0,0.0,null,0,0.0,0.0,0.0,0.0,0.0,0.0,0.0,0,1,0.0,false
test/org/apache/pig/test/TestAdd.java,217.0,18.0,0.0,2.0,19.0,9.0,72.0,null,1,0.004366812227074236,20.0,20.0,0.0,0.0,506.61538461538464,11175.530168173103,1,0,2.1122313645028266,false
test/org/apache/pig/test/TestBestFitCast.java,460.0,24.0,0.0,29.0,199.0,80.0,72.0,null,1,0.004366812227074236,20.0,20.0,0.0,0.0,506.61538461538464,11175.530168173103,1,0,2.1122313645028266,false
test/org/apache/pig/test/TestBloom.java,196.0,11.0,21.0,7.0,48.0,19.0,0.0,gates@13f79535-47bb-0310-9956-ffa450edef68,0,0.0,0.0,0.0,0.0,0.0,0.0,0.0,0,0,0.0,false
test/org/apache/pig/test/TestBoolean.java,168.0,18.0,0.0,17.0,77.0,53.0,0.0,gates@13f79535-47bb-0310-9956-ffa450edef68,0,0.0,0.0,0.0,0.0,0.0,0.0,0.0,0,0,0.0,false
test/org/apache/pig/test/TestBuiltin.java,1979.0,107.0,1727.0,70.0,526.0,254.0,8.0,null,1,0.004366812227074236,4.0,4.0,0.0,0.0,702.1111111111111,11551.05070788091,1,3,0.888455932880711,true
test/org/apache/pig/test/TestCharArrayToNumeric.java,202.0,23.0,3.0,6.0,48.0,24.0,0.0,daijy@13f79535-47bb-0310-9956-ffa450edef68,0,0.0,0.0,0.0,0.0,0.0,0.0,0.0,0,0,0.0,false
test/org/apache/pig/test/TestCmdLineParser.java,195.0,6.0,136.0,17.0,69.0,40.0,0.0,gates@13f79535-47bb-0310-9956-ffa450edef68,0,0.0,0.0,0.0,0.0,0.0,0.0,0.0,0,0,0.0,false
test/org/apache/pig/test/TestCombiner.java,276.0,25.0,0.0,18.0,143.0,59.0,0.0,null,0,0.0,0.0,0.0,0.0,0.0,0.0,0.0,0,0,0.0,false
test/org/apache/pig/test/TestCommit.java,79.0,11.0,0.0,3.0,28.0,15.0,6.0,daijy@13f79535-47bb-0310-9956-ffa450edef68,1,0.004366812227074236,25.0,12.0,0.0,0.0,506.61538461538464,11175.530168173103,1,1,2.1122313645028266,true
test/org/apache/pig/test/TestConstExpr.java,114.0,13.0,0.0,10.0,50.0,20.0,0.0,gates@13f79535-47bb-0310-9956-ffa450edef68,0,0.0,0.0,0.0,0.0,0.0,0.0,0.0,0,0,0.0,false
test/org/apache/pig/test/TestDataModel.java,403.0,29.0,325.0,26.0,117.0,65.0,0.0,cheolsoo@13f79535-47bb-0310-9956-ffa450edef68,0,0.0,0.0,0.0,0.0,0.0,0.0,0.0,0,0,0.0,false
test/org/apache/pig/test/TestDefaultDateTimeZone.java,40.0,16.0,0.0,4.0,20.0,13.0,173.0,daijy@13f79535-47bb-0310-9956-ffa450edef68,1,0.004366812227074236,14.0,0.0,0.0,0.0,702.1111111111111,11551.05070788091,1,0,0.888455932880711,false
test/org/apache/pig/test/TestDivide.java,233.0,18.0,0.0,2.0,18.0,9.0,0.0,thejas@13f79535-47bb-0310-9956-ffa450edef68,0,0.0,0.0,0.0,0.0,0.0,0.0,0.0,0,0,0.0,false
test/org/apache/pig/test/TestEmptyInputDir.java,153.0,14.0,0.0,8.0,100.0,24.0,0.0,daijy@13f79535-47bb-0310-9956-ffa450edef68,0,0.0,0.0,0.0,0.0,0.0,0.0,0.0,0,1,0.0,false
test/org/apache/pig/test/TestEqualTo.java,328.0,18.0,406.0,29.0,205.0,79.0,0.0,cheolsoo@13f79535-47bb-0310-9956-ffa450edef68,0,0.0,0.0,0.0,0.0,0.0,0.0,0.0,0,0,0.0,false
test/org/apache/pig/test/TestFRJoin.java,438.0,33.0,0.0,22.0,150.0,58.0,0.0,null,0,0.0,0.0,0.0,0.0,0.0,0.0,0.0,0,0,0.0,true
test/org/apache/pig/test/TestFilter.java,224.0,28.0,0.0,6.0,70.0,36.0,0.0,gates@13f79535-47bb-0310-9956-ffa450edef68,0,0.0,0.0,0.0,0.0,0.0,0.0,0.0,0,0,0.0,false
test/org/apache/pig/test/TestFilterUDF.java,95.0,20.0,4.0,8.0,49.0,23.0,0.0,daijy@13f79535-47bb-0310-9956-ffa450edef68,0,0.0,0.0,0.0,0.0,0.0,0.0,0.0,0,0,0.0,false
test/org/apache/pig/test/TestFinish.java,121.0,21.0,2.0,8.0,43.0,29.0,0.0,daijy@13f79535-47bb-0310-9956-ffa450edef68,0,0.0,0.0,0.0,0.0,0.0,0.0,0.0,0,0,0.0,false
test/org/apache/pig/test/TestForEach.java,34.0,21.0,0.0,2.0,18.0,7.0,0.0,gates@13f79535-47bb-0310-9956-ffa450edef68,0,0.0,0.0,0.0,0.0,0.0,0.0,0.0,0,0,0.0,false
test/org/apache/pig/test/TestGTOrEqual.java,325.0,13.0,406.0,29.0,205.0,80.0,0.0,cheolsoo@13f79535-47bb-0310-9956-ffa450edef68,0,0.0,0.0,0.0,0.0,0.0,0.0,0.0,0,0,0.0,false
test/org/apache/pig/test/TestGreaterThan.java,325.0,13.0,406.0,29.0,205.0,80.0,0.0,cheolsoo@13f79535-47bb-0310-9956-ffa450edef68,0,0.0,0.0,0.0,0.0,0.0,0.0,0.0,0,0,0.0,false
test/org/apache/pig/test/TestGrunt.java,777.0,39.0,0.0,66.0,341.0,184.0,4.0,daijy@13f79535-47bb-0310-9956-ffa450edef68,2,0.008733624454148471,5.0,0.0,5.0,0.0,652.64,6220.549077460087,2,5,1.380603663374817,false
test/org/apache/pig/test/TestHBaseStorage.java,728.0,33.0,0.0,34.0,326.0,108.0,3.0,null,1,0.004366812227074236,3.0,0.0,0.0,0.0,31.333333333333332,18.022542952809857,1,4,2.3353749158170367,false
test/org/apache/pig/test/TestHExecutionEngine.java,19.0,7.0,1.0,2.0,8.0,4.0,3.0,cheolsoo@13f79535-47bb-0310-9956-ffa450edef68,1,0.004366812227074236,75.0,25.0,0.0,0.0,702.1111111111111,11551.05070788091,1,0,0.888455932880711,false
test/org/apache/pig/test/TestJobStats.java,169.0,30.0,60.0,12.0,87.0,34.0,0.0,daijy@13f79535-47bb-0310-9956-ffa450edef68,0,0.0,0.0,0.0,0.0,0.0,0.0,0.0,0,0,0.0,false
test/org/apache/pig/test/TestJoin.java,444.0,34.0,0.0,24.0,209.0,90.0,2.0,null,1,0.004366812227074236,8.0,8.0,0.0,0.0,506.61538461538464,11175.530168173103,1,1,2.1122313645028266,false
test/org/apache/pig/test/TestJoinSmoke.java,150.0,17.0,0.0,10.0,40.0,26.0,0.0,thejas@13f79535-47bb-0310-9956-ffa450edef68,0,0.0,0.0,0.0,0.0,0.0,0.0,0.0,0,0,0.0,false
test/org/apache/pig/test/TestLOLoadDeterminedSchema.java,47.0,18.0,0.0,3.0,22.0,9.0,0.0,daijy@13f79535-47bb-0310-9956-ffa450edef68,0,0.0,0.0,0.0,0.0,0.0,0.0,0.0,0,1,0.0,true
test/org/apache/pig/test/TestLTOrEqual.java,325.0,13.0,406.0,29.0,205.0,80.0,0.0,cheolsoo@13f79535-47bb-0310-9956-ffa450edef68,0,0.0,0.0,0.0,0.0,0.0,0.0,0.0,0,0,0.0,false
test/org/apache/pig/test/TestLessThan.java,325.0,13.0,406.0,29.0,205.0,80.0,0.0,cheolsoo@13f79535-47bb-0310-9956-ffa450edef68,0,0.0,0.0,0.0,0.0,0.0,0.0,0.0,0,0,0.0,false
test/org/apache/pig/test/TestLogicalPlanBuilder.java,1122.0,44.0,11929.0,155.0,461.0,494.0,6.0,null,1,0.004366812227074236,5.0,0.0,0.0,0.0,702.1111111111111,11551.05070788091,1,4,0.888455932880711,false
test/org/apache/pig/test/TestMRCompiler.java,757.0,61.0,341.0,34.0,301.0,83.0,3.0,daijy@13f79535-47bb-0310-9956-ffa450edef68,2,0.008733624454148471,10.0,0.0,0.0,0.0,613.24,6058.78309043628,2,1,1.7860687714829817,true
test/org/apache/pig/test/TestMod.java,215.0,18.0,0.0,2.0,19.0,9.0,0.0,thejas@13f79535-47bb-0310-9956-ffa450edef68,0,0.0,0.0,0.0,0.0,0.0,0.0,0.0,0,0,0.0,false
test/org/apache/pig/test/TestMultiQueryBasic.java,383.0,36.0,0.0,21.0,129.0,65.0,2.0,null,1,0.004366812227074236,9.0,0.0,0.0,0.0,702.1111111111111,11551.05070788091,1,0,0.888455932880711,false
test/org/apache/pig/test/TestMultiply.java,219.0,18.0,0.0,2.0,19.0,9.0,0.0,thejas@13f79535-47bb-0310-9956-ffa450edef68,0,0.0,0.0,0.0,0.0,0.0,0.0,0.0,0,0,0.0,false
test/org/apache/pig/test/TestNewPlanColumnPrune.java,186.0,25.0,21.0,7.0,34.0,23.0,0.0,cheolsoo@13f79535-47bb-0310-9956-ffa450edef68,0,0.0,0.0,0.0,0.0,0.0,0.0,0.0,0,0,0.0,false
test/org/apache/pig/test/TestNewPlanFilterAboveForeach.java,313.0,26.0,231.0,22.0,112.0,57.0,3.0,daijy@13f79535-47bb-0310-9956-ffa450edef68,1,0.004366812227074236,11.0,0.0,0.0,0.0,578.24,6002.099040886887,1,0,1.5244446996007077,false
test/org/apache/pig/test/TestNewPlanLogicalOptimizer.java,149.0,30.0,0.0,2.0,19.0,6.0,0.0,thejas@13f79535-47bb-0310-9956-ffa450edef68,0,0.0,0.0,0.0,0.0,0.0,0.0,0.0,0,1,0.0,false
test/org/apache/pig/test/TestNotEqualTo.java,328.0,18.0,406.0,29.0,205.0,79.0,0.0,cheolsoo@13f79535-47bb-0310-9956-ffa450edef68,0,0.0,0.0,0.0,0.0,0.0,0.0,0.0,0,0,0.0,false
test/org/apache/pig/test/TestNull.java,165.0,16.0,1.0,2.0,27.0,8.0,0.0,null,0,0.0,0.0,0.0,0.0,0.0,0.0,0.0,0,0,0.0,false
test/org/apache/pig/test/TestPOBinCond.java,343.0,22.0,0.0,13.0,117.0,55.0,0.0,cheolsoo@13f79535-47bb-0310-9956-ffa450edef68,0,0.0,0.0,0.0,0.0,0.0,0.0,0.0,0,0,0.0,false
test/org/apache/pig/test/TestPOCast.java,2131.0,42.0,0.0,16.0,330.0,78.0,72.0,null,1,0.004366812227074236,8.0,8.0,0.0,0.0,506.61538461538464,11175.530168173103,1,0,2.1122313645028266,false
test/org/apache/pig/test/TestPackage.java,118.0,28.0,3.0,3.0,35.0,17.0,2.0,cheolsoo@13f79535-47bb-0310-9956-ffa450edef68,1,0.004366812227074236,11.0,0.0,0.0,0.0,702.1111111111111,11551.05070788091,1,1,0.888455932880711,false
test/org/apache/pig/test/TestParamSubPreproc.java,886.0,15.0,0.0,34.0,207.0,189.0,5.0,daijy@13f79535-47bb-0310-9956-ffa450edef68,1,0.004366812227074236,8.0,0.0,0.0,0.0,506.61538461538464,11175.530168173103,1,1,2.1122313645028266,false
test/org/apache/pig/test/TestParser.java,78.0,18.0,0.0,6.0,33.0,21.0,4.0,daijy@13f79535-47bb-0310-9956-ffa450edef68,2,0.008733624454148471,17.0,0.0,0.0,0.0,1280.351111111111,17553.1497487678,2,1,0.5133031356807641,true
test/org/apache/pig/test/TestPhyOp.java,33.0,13.0,0.0,2.0,9.0,6.0,0.0,gates@13f79535-47bb-0310-9956-ffa450edef68,0,0.0,0.0,0.0,0.0,0.0,0.0,0.0,0,0,0.0,false
test/org/apache/pig/test/TestPigContext.java,151.0,27.0,59.0,14.0,70.0,32.0,0.0,daijy@13f79535-47bb-0310-9956-ffa450edef68,0,0.0,0.0,0.0,0.0,0.0,0.0,0.0,0,1,0.0,true
test/org/apache/pig/test/TestPigRunner.java,757.0,34.0,0.0,33.0,359.0,124.0,0.0,daijy@13f79535-47bb-0310-9956-ffa450edef68,0,0.0,0.0,0.0,0.0,0.0,0.0,0.0,0,4,0.0,false
test/org/apache/pig/test/TestPigScriptParser.java,92.0,20.0,15.0,6.0,36.0,19.0,0.0,null,0,0.0,0.0,0.0,0.0,0.0,0.0,0.0,0,1,0.0,false
test/org/apache/pig/test/TestPigServer.java,489.0,42.0,0.0,37.0,225.0,98.0,7.0,daijy@13f79535-47bb-0310-9956-ffa450edef68,1,0.004366812227074236,3.0,0.0,0.0,0.0,702.1111111111111,11551.05070788091,1,2,0.888455932880711,false
test/org/apache/pig/test/TestPigStorage.java,319.0,44.0,0.0,18.0,141.0,58.0,0.0,daijy@13f79535-47bb-0310-9956-ffa450edef68,0,0.0,0.0,0.0,0.0,0.0,0.0,0.0,0,4,0.0,true
test/org/apache/pig/test/TestPlanGeneration.java,155.0,37.0,0.0,11.0,88.0,28.0,0.0,daijy@13f79535-47bb-0310-9956-ffa450edef68,0,0.0,0.0,0.0,0.0,0.0,0.0,0.0,0,1,0.0,false
test/org/apache/pig/test/TestPoissonSampleLoader.java,59.0,15.0,1.0,7.0,24.0,19.0,0.0,daijy@13f79535-47bb-0310-9956-ffa450edef68,0,0.0,0.0,0.0,0.0,0.0,0.0,0.0,0,1,0.0,true
test/org/apache/pig/test/TestProject.java,246.0,20.0,6.0,13.0,105.0,60.0,0.0,daijy@13f79535-47bb-0310-9956-ffa450edef68,0,0.0,0.0,0.0,0.0,0.0,0.0,0.0,0,0,0.0,true
test/org/apache/pig/test/TestPruneColumn.java,1437.0,44.0,0.0,75.0,980.0,234.0,0.0,daijy@13f79535-47bb-0310-9956-ffa450edef68,0,0.0,0.0,0.0,0.0,0.0,0.0,0.0,0,2,0.0,false
test/org/apache/pig/test/TestRegexp.java,37.0,15.0,0.0,3.0,14.0,9.0,0.0,gates@13f79535-47bb-0310-9956-ffa450edef68,0,0.0,0.0,0.0,0.0,0.0,0.0,0.0,0,0,0.0,false
test/org/apache/pig/test/TestRegisteredJarVisibility.java,111.0,33.0,7.0,7.0,54.0,17.0,0.0,daijy@13f79535-47bb-0310-9956-ffa450edef68,0,0.0,0.0,0.0,0.0,0.0,0.0,0.0,0,1,0.0,true
test/org/apache/pig/test/TestScalarAliases.java,329.0,16.0,0.0,17.0,130.0,53.0,0.0,thejas@13f79535-47bb-0310-9956-ffa450edef68,0,0.0,0.0,0.0,0.0,0.0,0.0,0.0,0,1,0.0,false
test/org/apache/pig/test/TestSchema.java,511.0,23.0,325.0,26.0,131.0,61.0,6.0,daijy@13f79535-47bb-0310-9956-ffa450edef68,1,0.004366812227074236,4.0,0.0,0.0,0.0,506.61538461538464,11175.530168173103,1,3,2.1122313645028266,false
test/org/apache/pig/test/TestScriptUDF.java,120.0,13.0,0.0,9.0,69.0,30.0,3.0,daijy@13f79535-47bb-0310-9956-ffa450edef68,1,0.004366812227074236,6.0,0.0,0.0,0.0,702.1111111111111,11551.05070788091,1,1,0.888455932880711,false
test/org/apache/pig/test/TestSecondarySort.java,352.0,23.0,0.0,25.0,210.0,74.0,4.0,daijy@13f79535-47bb-0310-9956-ffa450edef68,1,0.004366812227074236,8.0,0.0,0.0,0.0,578.24,6002.099040886887,1,2,1.5244446996007077,false
test/org/apache/pig/test/TestShortcuts.java,149.0,14.0,0.0,16.0,34.0,39.0,8.0,daijy@13f79535-47bb-0310-9956-ffa450edef68,1,0.004366812227074236,50.0,25.0,0.0,0.0,702.1111111111111,11551.05070788091,1,0,0.888455932880711,false
test/org/apache/pig/test/TestSkewedJoin.java,380.0,26.0,0.0,17.0,131.0,55.0,0.0,daijy@13f79535-47bb-0310-9956-ffa450edef68,0,0.0,0.0,0.0,0.0,0.0,0.0,0.0,0,0,0.0,false
test/org/apache/pig/test/TestSplitStore.java,75.0,10.0,0.0,11.0,65.0,32.0,0.0,daijy@13f79535-47bb-0310-9956-ffa450edef68,0,0.0,0.0,0.0,0.0,0.0,0.0,0.0,0,0,0.0,false
test/org/apache/pig/test/TestStore.java,575.0,67.0,94.0,25.0,205.0,79.0,0.0,daijy@13f79535-47bb-0310-9956-ffa450edef68,0,0.0,0.0,0.0,0.0,0.0,0.0,0.0,0,2,0.0,false
test/org/apache/pig/test/TestStringUDFs.java,115.0,17.0,48.0,13.0,54.0,30.0,3.0,gates@13f79535-47bb-0310-9956-ffa450edef68,1,0.004366812227074236,14.0,0.0,0.0,0.0,47.199999999999996,84.46932854199248,1,1,3.028522096376982,false
test/org/apache/pig/test/TestSubtract.java,219.0,18.0,0.0,2.0,19.0,9.0,0.0,thejas@13f79535-47bb-0310-9956-ffa450edef68,0,0.0,0.0,0.0,0.0,0.0,0.0,0.0,0,0,0.0,false
test/org/apache/pig/test/TestTextDataParser.java,150.0,19.0,0.0,18.0,111.0,39.0,0.0,cheolsoo@13f79535-47bb-0310-9956-ffa450edef68,0,0.0,0.0,0.0,0.0,0.0,0.0,0.0,0,0,0.0,false
test/org/apache/pig/test/TestTmpFileCompression.java,243.0,36.0,7.0,11.0,102.0,44.0,0.0,rohini@13f79535-47bb-0310-9956-ffa450edef68,0,0.0,0.0,0.0,0.0,0.0,0.0,0.0,0,1,0.0,false
test/org/apache/pig/test/TestTypeCheckingValidatorNewLP.java,2255.0,105.0,12967.0,163.0,714.0,509.0,2.0,thejas@13f79535-47bb-0310-9956-ffa450edef68,1,0.004366812227074236,4.0,4.0,0.0,0.0,47.199999999999996,84.46932854199248,1,4,3.028522096376982,false
test/org/apache/pig/test/TestUDF.java,180.0,26.0,43.0,11.0,53.0,29.0,6.0,daijy@13f79535-47bb-0310-9956-ffa450edef68,1,0.004366812227074236,10.0,0.0,0.0,0.0,506.61538461538464,11175.530168173103,1,0,2.1122313645028266,true
test/org/apache/pig/test/TestUnion.java,142.0,33.0,7.0,6.0,61.0,24.0,0.0,daijy@13f79535-47bb-0310-9956-ffa450edef68,0,0.0,0.0,0.0,0.0,0.0,0.0,0.0,0,1,0.0,true
test/org/apache/pig/test/Util.java,860.0,86.0,3482.0,84.0,291.0,287.0,0.0,daijy@13f79535-47bb-0310-9956-ffa450edef68,0,0.0,0.0,0.0,0.0,0.0,0.0,0.0,0,4,0.0,true
test/org/apache/pig/test/pigunit/TestPigTest.java,129.0,18.0,0.0,14.0,28.0,32.0,3.0,daijy@13f79535-47bb-0310-9956-ffa450edef68,1,0.004366812227074236,11.0,0.0,0.0,0.0,702.1111111111111,11551.05070788091,1,0,0.888455932880711,false
test/org/apache/pig/test/pigunit/pig/TestGruntParser.java,40.0,8.0,0.0,6.0,18.0,12.0,3.0,daijy@13f79535-47bb-0310-9956-ffa450edef68,1,0.004366812227074236,20.0,20.0,20.0,0.0,47.199999999999996,84.46932854199248,1,0,3.028522096376982,true
test/org/apache/pig/test/utils/Identity.java,16.0,5.0,1.0,2.0,0.0,6.0,6.0,jcoveney@13f79535-47bb-0310-9956-ffa450edef68,1,0.004366812227074236,50.0,0.0,0.0,0.0,506.61538461538464,11175.530168173103,1,0,2.1122313645028266,false
test/org/apache/pig/test/utils/TestHelper.java,306.0,25.0,120.0,16.0,76.0,71.0,0.0,daijy@13f79535-47bb-0310-9956-ffa450edef68,0,0.0,0.0,0.0,0.0,0.0,0.0,0.0,0,0,0.0,false
test/resources/org/apache/pig/test/ClassLoaderSanityCheck.java,5.0,0.0,0.0,0.0,0.0,0.0,173.0,jcoveney@13f79535-47bb-0310-9956-ffa450edef68,1,0.004366812227074236,50.0,0.0,0.0,0.0,702.1111111111111,11551.05070788091,1,0,0.888455932880711,false
