name,LOC,CBO,LCOM,NOM,RFC,WMC,ACS,Ownership,numOfChanges,numberOfFIChanges,ENH,NF,BugFixing,REF,structuralWorkloadSum,semanticWorkloadSum,numberOfDeveloper,pastFaults,MAF,isBuggy
contrib/piggybank/java/src/main/java/org/apache/pig/piggybank/evaluation/Over.java,563.0,36.0,0.0,5.0,18.0,23.0,6.0,daijy@13f79535-47bb-0310-9956-ffa450edef68,1,0.002793296089385475,33.0,0.0,0.0,0.0,60.0,26.88153064869081,1,0,4.6443908991413725,false
contrib/piggybank/java/src/main/java/org/apache/pig/piggybank/evaluation/Stitch.java,70.0,15.0,1.0,2.0,16.0,15.0,6.0,gates@13f79535-47bb-0310-9956-ffa450edef68,1,0.002793296089385475,100.0,0.0,0.0,0.0,60.0,26.88153064869081,1,0,4.6443908991413725,false
contrib/piggybank/java/src/main/java/org/apache/pig/piggybank/evaluation/util/Top.java,214.0,21.0,21.0,7.0,23.0,22.0,4.0,daijy@13f79535-47bb-0310-9956-ffa450edef68,1,0.002793296089385475,33.0,0.0,0.0,0.0,794.1754385964912,16662.849931912337,1,0,1.089042837651959,false
contrib/piggybank/java/src/main/java/org/apache/pig/piggybank/storage/avro/AvroStorage.java,467.0,42.0,373.0,30.0,133.0,117.0,4.0,null,0,0.0,0.0,0.0,0.0,0.0,0.0,0.0,0,1,0.0,false
contrib/piggybank/java/src/main/java/org/apache/pig/piggybank/storage/avro/AvroStorageUtils.java,511.0,31.0,290.0,25.0,125.0,94.0,0.0,null,0,0.0,0.0,0.0,0.0,0.0,0.0,0.0,0,2,0.0,false
contrib/piggybank/java/src/main/java/org/apache/pig/piggybank/storage/avro/PigAvroDatumReader.java,104.0,15.0,66.0,12.0,23.0,33.0,0.0,daijy@13f79535-47bb-0310-9956-ffa450edef68,0,0.0,0.0,0.0,0.0,0.0,0.0,0.0,0,0,0.0,false
contrib/piggybank/java/src/main/java/org/apache/pig/piggybank/storage/avro/PigAvroInputFormat.java,33.0,15.0,1.0,3.0,2.0,5.0,0.0,daijy@13f79535-47bb-0310-9956-ffa450edef68,0,0.0,0.0,0.0,0.0,0.0,0.0,0.0,0,0,0.0,false
contrib/piggybank/java/src/main/java/org/apache/pig/piggybank/storage/avro/PigAvroRecordReader.java,180.0,20.0,19.0,10.0,43.0,39.0,0.0,daijy@13f79535-47bb-0310-9956-ffa450edef68,0,0.0,0.0,0.0,0.0,0.0,0.0,0.0,0,1,0.0,false
contrib/piggybank/java/src/main/java/org/apache/pig/piggybank/storage/avro/PigSchema2Avro.java,218.0,9.0,41.0,10.0,62.0,47.0,0.0,daijy@13f79535-47bb-0310-9956-ffa450edef68,0,0.0,0.0,0.0,0.0,0.0,0.0,0.0,0,1,0.0,false
contrib/piggybank/java/src/test/java/org/apache/pig/piggybank/evaluation/TestOver.java,1463.0,17.0,1485.0,55.0,524.0,180.0,6.0,daijy@13f79535-47bb-0310-9956-ffa450edef68,1,0.002793296089385475,33.0,0.0,0.0,0.0,60.0,26.88153064869081,1,0,4.6443908991413725,false
contrib/piggybank/java/src/test/java/org/apache/pig/piggybank/evaluation/TestStitch.java,172.0,17.0,28.0,8.0,65.0,17.0,6.0,gates@13f79535-47bb-0310-9956-ffa450edef68,1,0.002793296089385475,100.0,0.0,0.0,0.0,60.0,26.88153064869081,1,0,4.6443908991413725,false
contrib/piggybank/java/src/test/java/org/apache/pig/piggybank/test/storage/TestAllLoader.java,354.0,39.0,0.0,19.0,117.0,56.0,0.0,daijy@13f79535-47bb-0310-9956-ffa450edef68,0,0.0,0.0,0.0,0.0,0.0,0.0,0.0,0,2,0.0,false
contrib/piggybank/java/src/test/java/org/apache/pig/piggybank/test/storage/TestCombinedLogLoader.java,58.0,9.0,1.0,2.0,10.0,7.0,0.0,daijy@13f79535-47bb-0310-9956-ffa450edef68,0,0.0,0.0,0.0,0.0,0.0,0.0,0.0,0,1,0.0,false
contrib/piggybank/java/src/test/java/org/apache/pig/piggybank/test/storage/TestCommonLogLoader.java,53.0,9.0,1.0,2.0,10.0,7.0,0.0,daijy@13f79535-47bb-0310-9956-ffa450edef68,0,0.0,0.0,0.0,0.0,0.0,0.0,0.0,0,1,0.0,false
contrib/piggybank/java/src/test/java/org/apache/pig/piggybank/test/storage/TestDBStorage.java,133.0,23.0,5.0,7.0,52.0,29.0,0.0,daijy@13f79535-47bb-0310-9956-ffa450edef68,0,0.0,0.0,0.0,0.0,0.0,0.0,0.0,0,3,0.0,false
contrib/piggybank/java/src/test/java/org/apache/pig/piggybank/test/storage/TestHiveColumnarLoader.java,322.0,29.0,45.0,18.0,135.0,54.0,0.0,daijy@13f79535-47bb-0310-9956-ffa450edef68,0,0.0,0.0,0.0,0.0,0.0,0.0,0.0,0,2,0.0,false
contrib/piggybank/java/src/test/java/org/apache/pig/piggybank/test/storage/TestHiveColumnarStorage.java,185.0,37.0,0.0,10.0,94.0,28.0,47.0,daijy@13f79535-47bb-0310-9956-ffa450edef68,1,0.002793296089385475,33.0,33.0,0.0,0.0,1585.6,60374.40570464357,1,1,0.8157495026522777,false
contrib/piggybank/java/src/test/java/org/apache/pig/piggybank/test/storage/TestIndexedStorage.java,127.0,32.0,0.0,6.0,39.0,16.0,0.0,daijy@13f79535-47bb-0310-9956-ffa450edef68,0,0.0,0.0,0.0,0.0,0.0,0.0,0.0,0,1,0.0,false
contrib/piggybank/java/src/test/java/org/apache/pig/piggybank/test/storage/TestLoadFuncHelper.java,54.0,13.0,0.0,5.0,27.0,12.0,0.0,daijy@13f79535-47bb-0310-9956-ffa450edef68,0,0.0,0.0,0.0,0.0,0.0,0.0,0.0,0,1,0.0,false
contrib/piggybank/java/src/test/java/org/apache/pig/piggybank/test/storage/TestMultiStorage.java,104.0,21.0,0.0,7.0,37.0,22.0,0.0,daijy@13f79535-47bb-0310-9956-ffa450edef68,0,0.0,0.0,0.0,0.0,0.0,0.0,0.0,0,1,0.0,false
contrib/piggybank/java/src/test/java/org/apache/pig/piggybank/test/storage/TestMultiStorageCompression.java,93.0,19.0,10.0,5.0,37.0,16.0,0.0,daijy@13f79535-47bb-0310-9956-ffa450edef68,0,0.0,0.0,0.0,0.0,0.0,0.0,0.0,0,1,0.0,false
contrib/piggybank/java/src/test/java/org/apache/pig/piggybank/test/storage/TestMyRegExLoader.java,30.0,8.0,0.0,1.0,10.0,6.0,0.0,daijy@13f79535-47bb-0310-9956-ffa450edef68,0,0.0,0.0,0.0,0.0,0.0,0.0,0.0,0,1,0.0,false
contrib/piggybank/java/src/test/java/org/apache/pig/piggybank/test/storage/TestPathPartitioner.java,60.0,8.0,1.0,6.0,27.0,12.0,0.0,daijy@13f79535-47bb-0310-9956-ffa450edef68,0,0.0,0.0,0.0,0.0,0.0,0.0,0.0,0,3,0.0,false
contrib/piggybank/java/src/test/java/org/apache/pig/piggybank/test/storage/TestRegExLoader.java,62.0,11.0,0.0,2.0,22.0,12.0,0.0,daijy@13f79535-47bb-0310-9956-ffa450edef68,0,0.0,0.0,0.0,0.0,0.0,0.0,0.0,0,1,0.0,false
contrib/piggybank/java/src/test/java/org/apache/pig/piggybank/test/storage/TestSequenceFileLoader.java,60.0,17.0,0.0,3.0,27.0,15.0,0.0,daijy@13f79535-47bb-0310-9956-ffa450edef68,0,0.0,0.0,0.0,0.0,0.0,0.0,0.0,0,1,0.0,false
contrib/piggybank/java/src/test/java/org/apache/pig/piggybank/test/storage/TestXMLLoader.java,301.0,12.0,0.0,11.0,105.0,67.0,0.0,daijy@13f79535-47bb-0310-9956-ffa450edef68,0,0.0,0.0,0.0,0.0,0.0,0.0,0.0,0,1,0.0,false
contrib/piggybank/java/src/test/java/org/apache/pig/piggybank/test/storage/avro/TestAvroStorage.java,560.0,41.0,0.0,54.0,270.0,169.0,4.0,null,0,0.0,0.0,0.0,0.0,0.0,0.0,0.0,0,6,0.0,false
contrib/piggybank/java/src/test/java/org/apache/pig/piggybank/test/storage/avro/TestAvroStorageUtils.java,232.0,13.0,45.0,10.0,91.0,40.0,0.0,daijy@13f79535-47bb-0310-9956-ffa450edef68,0,0.0,0.0,0.0,0.0,0.0,0.0,0.0,0,2,0.0,false
src/org/apache/pig/ExecType.java,28.0,8.0,10.0,5.0,0.0,12.0,31.0,cheolsoo@13f79535-47bb-0310-9956-ffa450edef68,1,0.002793296089385475,40.0,0.0,0.0,0.0,794.1754385964912,16662.849931912337,1,0,1.089042837651959,false
src/org/apache/pig/ExecTypeProvider.java,36.0,7.0,3.0,3.0,9.0,13.0,60.0,aniket486@13f79535-47bb-0310-9956-ffa450edef68,1,0.002793296089385475,50.0,0.0,0.0,0.0,794.1754385964912,16662.849931912337,1,0,1.089042837651959,false
src/org/apache/pig/Main.java,762.0,59.0,176.0,20.0,124.0,76.0,25.0,null,2,0.00558659217877095,9.0,0.0,1.0,0.0,2379.775438596491,77037.2556365559,2,6,0.25924898959217313,false
src/org/apache/pig/PigConfiguration.java,49.0,0.0,0.0,1.0,0.0,1.0,6.0,null,3,0.008379888268156424,14.0,0.0,0.0,0.0,2546.3961282516634,78286.0483743326,3,0,0.35573832824942686,false
src/org/apache/pig/PigException.java,356.0,2.0,490.0,37.0,4.0,99.0,13.0,thejas@13f79535-47bb-0310-9956-ffa450edef68,1,0.002793296089385475,33.0,0.0,33.0,0.0,1585.6,60374.40570464357,1,1,0.8157495026522777,false
src/org/apache/pig/PigRunner.java,20.0,5.0,0.0,1.0,2.0,3.0,29.0,daijy@13f79535-47bb-0310-9956-ffa450edef68,1,0.002793296089385475,67.0,0.0,0.0,0.0,1585.6,60374.40570464357,1,0,0.8157495026522777,false
src/org/apache/pig/PigServer.java,1260.0,83.0,1378.0,73.0,241.0,250.0,20.0,null,3,0.008379888268156424,10.0,1.0,1.0,0.0,2497.8706766917294,77732.80470708873,3,9,0.1512275089079197,false
src/org/apache/pig/PigStreamingBase.java,42.0,5.0,10.0,5.0,5.0,19.0,9.0,rohini@13f79535-47bb-0310-9956-ffa450edef68,1,0.002793296089385475,100.0,0.0,100.0,0.0,118.0952380952381,695.5490705328216,1,0,2.4471663218051534,false
src/org/apache/pig/PigToStream.java,12.0,4.0,0.0,1.0,0.0,4.0,9.0,gates@13f79535-47bb-0310-9956-ffa450edef68,1,0.002793296089385475,50.0,0.0,50.0,0.0,118.0952380952381,695.5490705328216,1,0,2.4471663218051534,false
src/org/apache/pig/StreamToPig.java,17.0,4.0,1.0,2.0,0.0,7.0,9.0,gates@13f79535-47bb-0310-9956-ffa450edef68,1,0.002793296089385475,50.0,0.0,50.0,0.0,118.0952380952381,695.5490705328216,1,0,2.4471663218051534,false
src/org/apache/pig/backend/executionengine/ExecutionEngine.java,70.0,16.0,55.0,11.0,0.0,33.0,31.0,cheolsoo@13f79535-47bb-0310-9956-ffa450edef68,1,0.002793296089385475,40.0,0.0,0.0,0.0,794.1754385964912,16662.849931912337,1,0,1.089042837651959,false
src/org/apache/pig/backend/hadoop/executionengine/Launcher.java,373.0,29.0,108.0,16.0,78.0,64.0,41.0,rohini@13f79535-47bb-0310-9956-ffa450edef68,2,0.00558659217877095,25.0,0.0,0.0,0.0,2379.775438596491,77037.2556365559,2,0,0.25924898959217313,false
src/org/apache/pig/backend/hadoop/executionengine/MRExecutionEngine.java,290.0,57.0,74.0,20.0,89.0,61.0,26.0,daijy@13f79535-47bb-0310-9956-ffa450edef68,2,0.00558659217877095,100.0,67.0,0.0,0.0,2379.775438596491,77037.2556365559,2,0,0.3614308910239191,false
src/org/apache/pig/backend/hadoop/executionengine/mapReduceLayer/JobControlCompiler.java,1125.0,88.0,26.0,24.0,232.0,105.0,11.0,null,4,0.0111731843575419,9.0,0.0,1.0,0.0,2574.3961282516634,78299.1986853531,4,0,0.5391795859515767,false
src/org/apache/pig/backend/hadoop/executionengine/mapReduceLayer/LimitAdjuster.java,140.0,22.0,0.0,5.0,58.0,19.0,18.0,daijy@13f79535-47bb-0310-9956-ffa450edef68,1,0.002793296089385475,20.0,20.0,0.0,0.0,1585.6,60374.40570464357,1,0,0.8157495026522777,false
src/org/apache/pig/backend/hadoop/executionengine/mapReduceLayer/LocalExecType.java,30.0,5.0,15.0,6.0,4.0,14.0,37.0,cheolsoo@13f79535-47bb-0310-9956-ffa450edef68,1,0.002793296089385475,100.0,50.0,0.0,0.0,794.1754385964912,16662.849931912337,1,0,1.089042837651959,false
src/org/apache/pig/backend/hadoop/executionengine/mapReduceLayer/MRCompiler.java,1979.0,94.0,83.0,54.0,613.0,250.0,12.0,daijy@13f79535-47bb-0310-9956-ffa450edef68,1,0.002793296089385475,5.0,3.0,0.0,0.0,1585.6,60374.40570464357,1,2,0.8157495026522777,false
src/org/apache/pig/backend/hadoop/executionengine/mapReduceLayer/MRExecType.java,31.0,5.0,15.0,6.0,4.0,14.0,37.0,daijy@13f79535-47bb-0310-9956-ffa450edef68,1,0.002793296089385475,67.0,33.0,0.0,0.0,794.1754385964912,16662.849931912337,1,0,1.089042837651959,false
src/org/apache/pig/backend/hadoop/executionengine/mapReduceLayer/MapReduceLauncher.java,490.0,59.0,37.0,14.0,157.0,55.0,25.0,null,2,0.00558659217877095,10.0,5.0,0.0,0.0,2379.775438596491,77037.2556365559,2,4,0.27033311269069205,false
src/org/apache/pig/backend/hadoop/executionengine/mapReduceLayer/MapReduceOper.java,321.0,18.0,1781.0,63.0,52.0,124.0,0.0,null,0,0.0,0.0,0.0,0.0,0.0,0.0,0.0,0,0,0.0,false
src/org/apache/pig/backend/hadoop/executionengine/mapReduceLayer/MapReducePOStoreImpl.java,53.0,13.0,0.0,5.0,14.0,15.0,60.0,cheolsoo@13f79535-47bb-0310-9956-ffa450edef68,1,0.002793296089385475,20.0,0.0,0.0,0.0,794.1754385964912,16662.849931912337,1,0,1.089042837651959,false
src/org/apache/pig/backend/hadoop/executionengine/mapReduceLayer/MultiQueryOptimizer.java,801.0,30.0,509.0,34.0,243.0,142.0,3.0,daijy@13f79535-47bb-0310-9956-ffa450edef68,1,0.002793296089385475,12.0,0.0,0.0,0.0,1585.6,60374.40570464357,1,0,0.8157495026522777,false
src/org/apache/pig/backend/hadoop/executionengine/mapReduceLayer/NativeMapReduceOper.java,66.0,7.0,8.0,8.0,12.0,21.0,60.0,gates@13f79535-47bb-0310-9956-ffa450edef68,1,0.002793296089385475,33.0,0.0,0.0,0.0,794.1754385964912,16662.849931912337,1,0,1.089042837651959,false
src/org/apache/pig/backend/hadoop/executionengine/mapReduceLayer/PigInputFormat.java,169.0,38.0,41.0,10.0,68.0,39.0,60.0,daijy@13f79535-47bb-0310-9956-ffa450edef68,1,0.002793296089385475,8.0,0.0,0.0,0.0,794.1754385964912,16662.849931912337,1,1,1.089042837651959,false
src/org/apache/pig/backend/hadoop/executionengine/mapReduceLayer/PigOutputCommitter.java,296.0,19.0,0.0,15.0,67.0,67.0,5.0,daijy@13f79535-47bb-0310-9956-ffa450edef68,1,0.002793296089385475,9.0,0.0,0.0,0.0,1585.6,60374.40570464357,1,3,0.8157495026522777,false
src/org/apache/pig/backend/hadoop/executionengine/mapReduceLayer/PigRecordReader.java,143.0,19.0,0.0,9.0,44.0,40.0,60.0,null,1,0.002793296089385475,8.0,0.0,0.0,0.0,794.1754385964912,16662.849931912337,1,0,1.089042837651959,false
src/org/apache/pig/backend/hadoop/executionengine/mapReduceLayer/partitioners/WeightedRangePartitioner.java,156.0,38.0,5.0,7.0,41.0,29.0,36.0,daijy@13f79535-47bb-0310-9956-ffa450edef68,2,0.00558659217877095,18.0,0.0,0.0,0.0,960.7961282516636,17911.642669689027,2,0,1.074957399168611,false
src/org/apache/pig/backend/hadoop/executionengine/mapReduceLayer/plans/XMLMRPrinter.java,64.0,19.0,0.0,3.0,19.0,11.0,18.0,daijy@13f79535-47bb-0310-9956-ffa450edef68,1,0.002793296089385475,100.0,100.0,0.0,0.0,1585.6,60374.40570464357,1,0,0.8157495026522777,false
src/org/apache/pig/backend/hadoop/executionengine/physicalLayer/expressionOperators/POCast.java,1905.0,35.0,154.0,28.0,264.0,155.0,13.0,null,1,0.002793296089385475,7.0,0.0,0.0,7.0,794.1754385964912,16662.849931912337,1,1,1.089042837651959,false
src/org/apache/pig/backend/hadoop/executionengine/physicalLayer/plans/PhysicalPlan.java,194.0,19.0,85.0,14.0,50.0,40.0,18.0,daijy@13f79535-47bb-0310-9956-ffa450edef68,1,0.002793296089385475,17.0,17.0,0.0,0.0,1585.6,60374.40570464357,1,0,0.8157495026522777,true
src/org/apache/pig/backend/hadoop/executionengine/physicalLayer/plans/XMLPhysicalPlanPrinter.java,156.0,33.0,14.0,9.0,48.0,31.0,18.0,daijy@13f79535-47bb-0310-9956-ffa450edef68,1,0.002793296089385475,33.0,33.0,0.0,0.0,1585.6,60374.40570464357,1,0,0.8157495026522777,false
src/org/apache/pig/backend/hadoop/executionengine/physicalLayer/relationalOperators/PODistinct.java,100.0,26.0,101.0,15.0,21.0,31.0,6.0,null,1,0.002793296089385475,12.0,0.0,0.0,0.0,1585.6,60374.40570464357,1,1,0.8157495026522777,false
src/org/apache/pig/backend/hadoop/executionengine/physicalLayer/relationalOperators/POLoad.java,156.0,18.0,169.0,23.0,25.0,49.0,18.0,daijy@13f79535-47bb-0310-9956-ffa450edef68,1,0.002793296089385475,11.0,11.0,0.0,0.0,1585.6,60374.40570464357,1,1,0.8157495026522777,false
src/org/apache/pig/backend/hadoop/hbase/HBaseStorage.java,782.0,76.0,718.0,44.0,217.0,151.0,4.0,null,2,0.00558659217877095,4.0,0.0,0.0,0.0,1613.6,60387.556015664064,2,8,1.6903494300569069,false
src/org/apache/pig/builtin/AvroStorage.java,408.0,59.0,560.0,36.0,92.0,122.0,4.0,daijy@13f79535-47bb-0310-9956-ffa450edef68,1,0.002793296089385475,12.0,0.0,0.0,0.0,118.0952380952381,695.5490705328216,1,0,2.4471663218051534,false
src/org/apache/pig/builtin/ENDSWITH.java,41.0,10.0,3.0,3.0,8.0,9.0,0.0,daijy@13f79535-47bb-0310-9956-ffa450edef68,0,0.0,0.0,0.0,0.0,0.0,0.0,0.0,0,1,0.0,false
src/org/apache/pig/builtin/GetDay.java,19.0,10.0,3.0,3.0,10.0,9.0,0.0,thejas@13f79535-47bb-0310-9956-ffa450edef68,0,0.0,0.0,0.0,0.0,0.0,0.0,0.0,0,0,0.0,false
src/org/apache/pig/builtin/GetHour.java,19.0,10.0,3.0,3.0,10.0,9.0,0.0,thejas@13f79535-47bb-0310-9956-ffa450edef68,0,0.0,0.0,0.0,0.0,0.0,0.0,0.0,0,0,0.0,false
src/org/apache/pig/builtin/GetMilliSecond.java,19.0,10.0,3.0,3.0,10.0,9.0,0.0,thejas@13f79535-47bb-0310-9956-ffa450edef68,0,0.0,0.0,0.0,0.0,0.0,0.0,0.0,0,0,0.0,false
src/org/apache/pig/builtin/GetMinute.java,19.0,10.0,3.0,3.0,10.0,9.0,0.0,thejas@13f79535-47bb-0310-9956-ffa450edef68,0,0.0,0.0,0.0,0.0,0.0,0.0,0.0,0,0,0.0,false
src/org/apache/pig/builtin/GetMonth.java,19.0,10.0,3.0,3.0,10.0,9.0,0.0,thejas@13f79535-47bb-0310-9956-ffa450edef68,0,0.0,0.0,0.0,0.0,0.0,0.0,0.0,0,0,0.0,false
src/org/apache/pig/builtin/GetSecond.java,19.0,10.0,3.0,3.0,10.0,9.0,0.0,thejas@13f79535-47bb-0310-9956-ffa450edef68,0,0.0,0.0,0.0,0.0,0.0,0.0,0.0,0,0,0.0,false
src/org/apache/pig/builtin/GetWeek.java,19.0,10.0,3.0,3.0,10.0,9.0,0.0,thejas@13f79535-47bb-0310-9956-ffa450edef68,0,0.0,0.0,0.0,0.0,0.0,0.0,0.0,0,0,0.0,false
src/org/apache/pig/builtin/GetWeekYear.java,19.0,10.0,3.0,3.0,10.0,9.0,0.0,thejas@13f79535-47bb-0310-9956-ffa450edef68,0,0.0,0.0,0.0,0.0,0.0,0.0,0.0,0,0,0.0,false
src/org/apache/pig/builtin/GetYear.java,19.0,10.0,3.0,3.0,10.0,9.0,0.0,thejas@13f79535-47bb-0310-9956-ffa450edef68,0,0.0,0.0,0.0,0.0,0.0,0.0,0.0,0,0,0.0,false
src/org/apache/pig/builtin/JsonLoader.java,202.0,38.0,54.0,13.0,52.0,41.0,7.0,daijy@13f79535-47bb-0310-9956-ffa450edef68,1,0.002793296089385475,11.0,0.0,0.0,0.0,1585.6,60374.40570464357,1,0,0.8157495026522777,false
src/org/apache/pig/builtin/JsonStorage.java,154.0,34.0,24.0,9.0,44.0,27.0,4.0,daijy@13f79535-47bb-0310-9956-ffa450edef68,2,0.00558659217877095,25.0,0.0,0.0,0.0,2379.775438596491,77037.2556365559,2,0,0.25924898959217313,false
src/org/apache/pig/builtin/LTRIM.java,28.0,11.0,3.0,3.0,9.0,10.0,7.0,daijy@13f79535-47bb-0310-9956-ffa450edef68,1,0.002793296089385475,50.0,0.0,0.0,0.0,794.1754385964912,16662.849931912337,1,0,1.089042837651959,false
src/org/apache/pig/builtin/PigStorage.java,324.0,54.0,448.0,33.0,79.0,102.0,18.0,daijy@13f79535-47bb-0310-9956-ffa450edef68,1,0.002793296089385475,5.0,0.0,0.0,0.0,794.1754385964912,16662.849931912337,1,3,1.089042837651959,false
src/org/apache/pig/builtin/PigStreaming.java,43.0,6.0,2.0,5.0,7.0,15.0,9.0,gates@13f79535-47bb-0310-9956-ffa450edef68,1,0.002793296089385475,50.0,0.0,50.0,0.0,118.0952380952381,695.5490705328216,1,0,2.4471663218051534,false
src/org/apache/pig/builtin/RTRIM.java,28.0,11.0,3.0,3.0,9.0,10.0,7.0,daijy@13f79535-47bb-0310-9956-ffa450edef68,1,0.002793296089385475,50.0,0.0,0.0,0.0,794.1754385964912,16662.849931912337,1,0,1.089042837651959,false
src/org/apache/pig/builtin/STARTSWITH.java,41.0,10.0,3.0,3.0,8.0,9.0,2.0,daijy@13f79535-47bb-0310-9956-ffa450edef68,1,0.002793296089385475,25.0,0.0,0.0,0.0,794.1754385964912,16662.849931912337,1,1,1.089042837651959,false
src/org/apache/pig/builtin/TOP.java,243.0,21.0,21.0,7.0,23.0,22.0,3.0,null,2,0.00558659217877095,25.0,0.0,12.0,0.0,960.7961282516636,17911.642669689027,2,1,1.074957399168611,false
src/org/apache/pig/builtin/ToDate.java,40.0,13.0,8.0,5.0,13.0,13.0,0.0,rohini@13f79535-47bb-0310-9956-ffa450edef68,0,0.0,0.0,0.0,0.0,0.0,0.0,0.0,0,0,0.0,false
src/org/apache/pig/builtin/ToDate2ARGS.java,13.0,7.0,0.0,1.0,5.0,5.0,0.0,thejas@13f79535-47bb-0310-9956-ffa450edef68,0,0.0,0.0,0.0,0.0,0.0,0.0,0.0,0,0,0.0,false
src/org/apache/pig/builtin/ToDate3ARGS.java,13.0,8.0,0.0,1.0,9.0,5.0,0.0,thejas@13f79535-47bb-0310-9956-ffa450edef68,0,0.0,0.0,0.0,0.0,0.0,0.0,0.0,0,0,0.0,false
src/org/apache/pig/builtin/ToDateISO.java,12.0,5.0,0.0,1.0,4.0,4.0,0.0,rohini@13f79535-47bb-0310-9956-ffa450edef68,0,0.0,0.0,0.0,0.0,0.0,0.0,0.0,0,0,0.0,false
src/org/apache/pig/builtin/ToMilliSeconds.java,20.0,10.0,3.0,3.0,10.0,9.0,0.0,thejas@13f79535-47bb-0310-9956-ffa450edef68,0,0.0,0.0,0.0,0.0,0.0,0.0,0.0,0,0,0.0,false
src/org/apache/pig/builtin/ToString.java,31.0,11.0,3.0,3.0,12.0,11.0,0.0,daijy@13f79535-47bb-0310-9956-ffa450edef68,0,0.0,0.0,0.0,0.0,0.0,0.0,0.0,0,0,0.0,false
src/org/apache/pig/builtin/ToUnixTime.java,20.0,10.0,3.0,3.0,10.0,9.0,0.0,thejas@13f79535-47bb-0310-9956-ffa450edef68,0,0.0,0.0,0.0,0.0,0.0,0.0,0.0,0,0,0.0,false
src/org/apache/pig/builtin/TrevniStorage.java,177.0,35.0,10.0,5.0,11.0,22.0,4.0,daijy@13f79535-47bb-0310-9956-ffa450edef68,1,0.002793296089385475,25.0,0.0,0.0,0.0,118.0952380952381,695.5490705328216,1,0,2.4471663218051534,false
src/org/apache/pig/builtin/Utf8StorageConverter.java,482.0,25.0,537.0,35.0,133.0,153.0,13.0,daijy@13f79535-47bb-0310-9956-ffa450edef68,1,0.002793296089385475,7.0,0.0,0.0,7.0,794.1754385964912,16662.849931912337,1,1,1.089042837651959,false
src/org/apache/pig/data/DataType.java,1506.0,21.0,684.0,53.0,147.0,242.0,6.0,daijy@13f79535-47bb-0310-9956-ffa450edef68,1,0.002793296089385475,8.0,0.0,0.0,0.0,60.0,26.88153064869081,1,0,4.6443908991413725,false
src/org/apache/pig/data/DefaultDataBag.java,182.0,14.0,15.0,6.0,15.0,13.0,0.0,daijy@13f79535-47bb-0310-9956-ffa450edef68,0,0.0,0.0,0.0,0.0,0.0,0.0,0.0,0,0,0.0,false
src/org/apache/pig/data/InternalDistinctBag.java,278.0,21.0,43.0,10.0,16.0,24.0,2.0,null,1,0.002793296089385475,12.0,0.0,0.0,0.0,794.1754385964912,16662.849931912337,1,0,1.089042837651959,false
src/org/apache/pig/data/SchemaTupleBackend.java,195.0,24.0,4.0,12.0,51.0,50.0,60.0,jcoveney@13f79535-47bb-0310-9956-ffa450edef68,1,0.002793296089385475,17.0,0.0,0.0,0.0,794.1754385964912,16662.849931912337,1,1,1.089042837651959,false
src/org/apache/pig/data/SchemaTupleFrontend.java,226.0,27.0,5.0,7.0,29.0,24.0,31.0,jcoveney@13f79535-47bb-0310-9956-ffa450edef68,1,0.002793296089385475,25.0,0.0,0.0,12.0,794.1754385964912,16662.849931912337,1,2,1.089042837651959,false
src/org/apache/pig/data/WritableByteArray.java,29.0,1.0,10.0,5.0,0.0,7.0,9.0,rohini@13f79535-47bb-0310-9956-ffa450edef68,1,0.002793296089385475,100.0,0.0,100.0,0.0,118.0952380952381,695.5490705328216,1,0,2.4471663218051534,false
src/org/apache/pig/impl/PigContext.java,603.0,50.0,1596.0,61.0,101.0,182.0,26.0,daijy@13f79535-47bb-0310-9956-ffa450edef68,3,0.008379888268156424,12.0,0.0,5.0,0.0,2497.8706766917294,77732.80470708873,3,1,0.1964300324965811,false
src/org/apache/pig/impl/logicalLayer/FrontendException.java,190.0,3.0,190.0,20.0,6.0,58.0,13.0,daijy@13f79535-47bb-0310-9956-ffa450edef68,1,0.002793296089385475,33.0,0.0,33.0,0.0,1585.6,60374.40570464357,1,0,0.8157495026522777,false
src/org/apache/pig/impl/streaming/InputHandler.java,57.0,6.0,0.0,4.0,7.0,14.0,9.0,gates@13f79535-47bb-0310-9956-ffa450edef68,1,0.002793296089385475,50.0,0.0,50.0,0.0,118.0952380952381,695.5490705328216,1,0,2.4471663218051534,false
src/org/apache/pig/impl/streaming/OutputHandler.java,65.0,7.0,2.0,4.0,7.0,13.0,20.0,daijy@13f79535-47bb-0310-9956-ffa450edef68,2,0.00558659217877095,40.0,0.0,20.0,0.0,1703.695238095238,61069.95477517639,2,0,0.9383107316687703,false
src/org/apache/pig/impl/streaming/StreamingCommand.java,357.0,16.0,224.0,25.0,49.0,70.0,37.0,daijy@13f79535-47bb-0310-9956-ffa450edef68,1,0.002793296089385475,33.0,0.0,33.0,0.0,1585.6,60374.40570464357,1,0,0.8157495026522777,false
src/org/apache/pig/impl/util/HashOutputStream.java,12.0,5.0,0.0,3.0,3.0,5.0,3.0,rohini@13f79535-47bb-0310-9956-ffa450edef68,1,0.002793296089385475,100.0,0.0,100.0,0.0,118.0952380952381,695.5490705328216,1,0,2.4471663218051534,false
src/org/apache/pig/impl/util/JavaCompilerHelper.java,44.0,14.0,0.0,4.0,14.0,8.0,37.0,daijy@13f79535-47bb-0310-9956-ffa450edef68,1,0.002793296089385475,33.0,0.0,33.0,0.0,1585.6,60374.40570464357,1,0,0.8157495026522777,false
src/org/apache/pig/impl/util/StorageUtil.java,200.0,18.0,15.0,6.0,29.0,33.0,20.0,null,2,0.00558659217877095,40.0,0.0,20.0,0.0,1703.695238095238,61069.95477517639,2,0,0.9383107316687703,false
src/org/apache/pig/impl/util/UriUtil.java,16.0,1.0,1.0,2.0,3.0,6.0,37.0,daijy@13f79535-47bb-0310-9956-ffa450edef68,1,0.002793296089385475,17.0,0.0,17.0,0.0,1585.6,60374.40570464357,1,0,0.8157495026522777,false
src/org/apache/pig/impl/util/avro/AvroArrayReader.java,67.0,15.0,1.0,7.0,16.0,23.0,0.0,cheolsoo@13f79535-47bb-0310-9956-ffa450edef68,0,0.0,0.0,0.0,0.0,0.0,0.0,0.0,0,0,0.0,false
src/org/apache/pig/impl/util/avro/AvroBagWrapper.java,67.0,12.0,75.0,15.0,17.0,31.0,0.0,daijy@13f79535-47bb-0310-9956-ffa450edef68,0,0.0,0.0,0.0,0.0,0.0,0.0,0.0,0,0,0.0,false
src/org/apache/pig/impl/util/avro/AvroMapWrapper.java,89.0,8.0,0.0,14.0,26.0,37.0,4.0,daijy@13f79535-47bb-0310-9956-ffa450edef68,1,0.002793296089385475,17.0,0.0,0.0,0.0,118.0952380952381,695.5490705328216,1,0,2.4471663218051534,false
src/org/apache/pig/impl/util/avro/AvroRecordReader.java,69.0,14.0,3.0,7.0,14.0,23.0,0.0,cheolsoo@13f79535-47bb-0310-9956-ffa450edef68,0,0.0,0.0,0.0,0.0,0.0,0.0,0.0,0,0,0.0,false
src/org/apache/pig/impl/util/avro/AvroRecordWriter.java,54.0,24.0,0.0,5.0,24.0,16.0,0.0,rohini@13f79535-47bb-0310-9956-ffa450edef68,0,0.0,0.0,0.0,0.0,0.0,0.0,0.0,0,0,0.0,false
src/org/apache/pig/impl/util/avro/AvroStorageDataConversionUtilities.java,80.0,11.0,1.0,2.0,18.0,17.0,0.0,daijy@13f79535-47bb-0310-9956-ffa450edef68,0,0.0,0.0,0.0,0.0,0.0,0.0,0.0,0,0,0.0,false
src/org/apache/pig/impl/util/avro/AvroStorageSchemaConversionUtilities.java,459.0,18.0,91.0,14.0,113.0,76.0,4.0,daijy@13f79535-47bb-0310-9956-ffa450edef68,1,0.002793296089385475,17.0,0.0,0.0,0.0,118.0952380952381,695.5490705328216,1,0,2.4471663218051534,false
src/org/apache/pig/impl/util/avro/AvroTupleWrapper.java,194.0,20.0,0.0,17.0,64.0,50.0,0.0,cheolsoo@13f79535-47bb-0310-9956-ffa450edef68,0,0.0,0.0,0.0,0.0,0.0,0.0,0.0,0,0,0.0,false
src/org/apache/pig/newplan/PColFilterExtractor.java,418.0,35.0,297.0,27.0,89.0,93.0,6.0,null,2,0.00558659217877095,18.0,0.0,0.0,0.0,960.7961282516636,17911.642669689027,2,1,1.074957399168611,false
src/org/apache/pig/newplan/logical/expression/ProjectExpression.java,400.0,17.0,93.0,30.0,57.0,84.0,6.0,daijy@13f79535-47bb-0310-9956-ffa450edef68,1,0.002793296089385475,7.0,0.0,0.0,0.0,1585.6,60374.40570464357,1,2,0.8157495026522777,false
src/org/apache/pig/newplan/logical/optimizer/LogicalPlanOptimizer.java,114.0,28.0,4.0,4.0,14.0,11.0,5.0,daijy@13f79535-47bb-0310-9956-ffa450edef68,2,0.00558659217877095,21.0,7.0,0.0,7.0,960.7961282516636,17911.642669689027,2,0,1.3579443254592758,false
src/org/apache/pig/newplan/logical/relational/LOInnerLoad.java,111.0,10.0,14.0,13.0,24.0,37.0,6.0,thejas@13f79535-47bb-0310-9956-ffa450edef68,1,0.002793296089385475,11.0,0.0,0.0,0.0,1585.6,60374.40570464357,1,1,0.8157495026522777,false
src/org/apache/pig/newplan/logical/relational/LOLoad.java,202.0,18.0,198.0,24.0,29.0,70.0,12.0,daijy@13f79535-47bb-0310-9956-ffa450edef68,1,0.002793296089385475,14.0,7.0,0.0,0.0,1585.6,60374.40570464357,1,0,0.8157495026522777,false
src/org/apache/pig/newplan/logical/relational/LOSplitOutput.java,66.0,12.0,27.0,10.0,17.0,28.0,0.0,daijy@13f79535-47bb-0310-9956-ffa450edef68,0,0.0,0.0,0.0,0.0,0.0,0.0,0.0,0,0,0.0,false
src/org/apache/pig/newplan/logical/relational/LogToPhyTranslationVisitor.java,1245.0,77.0,0.0,30.0,469.0,151.0,12.0,daijy@13f79535-47bb-0310-9956-ffa450edef68,1,0.002793296089385475,6.0,3.0,0.0,0.0,1585.6,60374.40570464357,1,1,0.8157495026522777,false
src/org/apache/pig/newplan/logical/relational/LogicalPlan.java,70.0,13.0,15.0,6.0,19.0,23.0,10.0,daijy@13f79535-47bb-0310-9956-ffa450edef68,2,0.00558659217877095,13.0,7.0,7.0,0.0,1703.695238095238,61069.95477517639,2,0,0.9383107316687703,false
src/org/apache/pig/newplan/logical/rules/ColumnPruneHelper.java,397.0,37.0,0.0,7.0,27.0,28.0,0.0,daijy@13f79535-47bb-0310-9956-ffa450edef68,0,0.0,0.0,0.0,0.0,0.0,0.0,0.0,0,2,0.0,false
src/org/apache/pig/newplan/logical/rules/InputOutputFileValidator.java,63.0,13.0,0.0,2.0,1.0,3.0,0.0,daijy@13f79535-47bb-0310-9956-ffa450edef68,0,0.0,0.0,0.0,0.0,0.0,0.0,0.0,0,1,0.0,false
src/org/apache/pig/newplan/logical/rules/LoadTypeCastInserter.java,22.0,6.0,10.0,5.0,4.0,11.0,12.0,daijy@13f79535-47bb-0310-9956-ffa450edef68,2,0.00558659217877095,67.0,0.0,0.0,0.0,2379.775438596491,77037.2556365559,2,0,0.25924898959217313,false
src/org/apache/pig/newplan/logical/rules/StreamTypeCastInserter.java,23.0,8.0,10.0,5.0,6.0,10.0,12.0,daijy@13f79535-47bb-0310-9956-ffa450edef68,2,0.00558659217877095,67.0,0.0,0.0,0.0,2379.775438596491,77037.2556365559,2,0,0.25924898959217313,false
src/org/apache/pig/newplan/logical/rules/TypeCastInserter.java,104.0,27.0,10.0,5.0,0.0,8.0,12.0,daijy@13f79535-47bb-0310-9956-ffa450edef68,2,0.00558659217877095,29.0,0.0,0.0,0.0,2379.775438596491,77037.2556365559,2,0,0.25924898959217313,false
src/org/apache/pig/parser/DryRunGruntParser.java,243.0,16.0,0.0,32.0,52.0,78.0,11.0,rding@13f79535-47bb-0310-9956-ffa450edef68,1,0.002793296089385475,22.0,11.0,0.0,0.0,1585.6,60374.40570464357,1,1,0.8157495026522777,false
src/org/apache/pig/parser/LogicalPlanBuilder.java,1255.0,80.0,2594.0,105.0,375.0,346.0,8.0,null,2,0.00558659217877095,8.0,4.0,0.0,0.0,1752.2206896551722,61623.19844242026,2,4,0.6612685628216883,false
src/org/apache/pig/parser/ParserException.java,19.0,2.0,0.0,5.0,1.0,6.0,13.0,thejas@13f79535-47bb-0310-9956-ffa450edef68,1,0.002793296089385475,20.0,0.0,20.0,0.0,1585.6,60374.40570464357,1,1,0.8157495026522777,false
src/org/apache/pig/parser/PigMacro.java,322.0,23.0,134.0,20.0,100.0,77.0,11.0,rding@13f79535-47bb-0310-9956-ffa450edef68,1,0.002793296089385475,13.0,0.0,0.0,0.0,794.1754385964912,16662.849931912337,1,2,1.089042837651959,false
src/org/apache/pig/parser/QueryParserDriver.java,441.0,36.0,208.0,24.0,158.0,99.0,9.0,null,2,0.00558659217877095,19.0,0.0,4.0,0.0,2379.775438596491,77037.2556365559,2,2,0.5339817471138348,false
src/org/apache/pig/pen/ExampleGenerator.java,241.0,31.0,13.0,15.0,86.0,54.0,37.0,cheolsoo@13f79535-47bb-0310-9956-ffa450edef68,1,0.002793296089385475,29.0,14.0,0.0,0.0,794.1754385964912,16662.849931912337,1,0,1.089042837651959,false
src/org/apache/pig/scripting/BoundScript.java,269.0,22.0,15.0,15.0,81.0,59.0,29.0,rding@13f79535-47bb-0310-9956-ffa450edef68,1,0.002793296089385475,29.0,0.0,0.0,0.0,1585.6,60374.40570464357,1,1,0.8157495026522777,false
src/org/apache/pig/scripting/Pig.java,265.0,17.0,191.0,22.0,80.0,85.0,20.0,rding@13f79535-47bb-0310-9956-ffa450edef68,1,0.002793296089385475,8.0,0.0,0.0,0.0,794.1754385964912,16662.849931912337,1,1,1.089042837651959,false
src/org/apache/pig/scripting/SyncProgressNotificationAdaptor.java,75.0,7.0,0.0,10.0,12.0,30.0,29.0,daijy@13f79535-47bb-0310-9956-ffa450edef68,1,0.002793296089385475,40.0,0.0,0.0,0.0,1585.6,60374.40570464357,1,0,0.8157495026522777,false
src/org/apache/pig/scripting/groovy/GroovyEvalFunc.java,111.0,19.0,7.0,6.0,30.0,25.0,37.0,daijy@13f79535-47bb-0310-9956-ffa450edef68,1,0.002793296089385475,50.0,0.0,50.0,0.0,1585.6,60374.40570464357,1,0,0.8157495026522777,false
src/org/apache/pig/scripting/groovy/GroovyScriptEngine.java,253.0,39.0,15.0,7.0,44.0,24.0,37.0,daijy@13f79535-47bb-0310-9956-ffa450edef68,1,0.002793296089385475,20.0,0.0,20.0,0.0,1585.6,60374.40570464357,1,0,0.8157495026522777,false
src/org/apache/pig/tools/ToolsPigServer.java,94.0,18.0,13.0,6.0,14.0,22.0,40.0,gates@13f79535-47bb-0310-9956-ffa450edef68,1,0.002793296089385475,33.0,0.0,0.0,0.0,794.1754385964912,16662.849931912337,1,0,1.089042837651959,false
src/org/apache/pig/tools/grunt/Grunt.java,59.0,13.0,0.0,5.0,28.0,15.0,29.0,daijy@13f79535-47bb-0310-9956-ffa450edef68,1,0.002793296089385475,29.0,0.0,0.0,0.0,1585.6,60374.40570464357,1,0,0.8157495026522777,false
src/org/apache/pig/tools/grunt/GruntParser.java,948.0,54.0,329.0,54.0,278.0,213.0,18.0,daijy@13f79535-47bb-0310-9956-ffa450edef68,3,0.008379888268156424,23.0,5.0,0.0,0.0,2497.8706766917294,77732.80470708873,3,2,0.1512275089079197,false
src/org/apache/pig/tools/parameters/ParameterSubstitutionException.java,9.0,0.0,1.0,2.0,0.0,3.0,24.0,daijy@13f79535-47bb-0310-9956-ffa450edef68,1,0.002793296089385475,100.0,50.0,50.0,0.0,1585.6,60374.40570464357,1,0,0.8157495026522777,false
src/org/apache/pig/tools/parameters/ParameterSubstitutionPreprocessor.java,60.0,7.0,6.0,5.0,16.0,14.0,20.0,olga@13f79535-47bb-0310-9956-ffa450edef68,1,0.002793296089385475,33.0,0.0,0.0,0.0,794.1754385964912,16662.849931912337,1,1,1.089042837651959,false
src/org/apache/pig/tools/parameters/PreprocessorContext.java,236.0,13.0,21.0,11.0,47.0,46.0,23.0,daijy@13f79535-47bb-0310-9956-ffa450edef68,2,0.00558659217877095,27.0,0.0,18.0,0.0,2379.775438596491,77037.2556365559,2,1,0.27033311269069205,false
src/org/apache/pig/tools/pigstats/InputStats.java,93.0,4.0,36.0,13.0,3.0,25.0,60.0,cheolsoo@13f79535-47bb-0310-9956-ffa450edef68,1,0.002793296089385475,20.0,0.0,0.0,0.0,794.1754385964912,16662.849931912337,1,0,1.089042837651959,false
src/org/apache/pig/tools/pigstats/JobStats.java,5.0,2.0,0.0,1.0,0.0,1.0,30.0,null,2,0.00558659217877095,17.0,0.0,0.0,0.0,2379.775438596491,77037.2556365559,2,0,0.25924898959217313,false
src/org/apache/pig/tools/pigstats/JobStatsBase.java,112.0,12.0,207.0,22.0,16.0,47.0,29.0,daijy@13f79535-47bb-0310-9956-ffa450edef68,1,0.002793296089385475,100.0,0.0,0.0,0.0,1585.6,60374.40570464357,1,0,0.8157495026522777,false
src/org/apache/pig/tools/pigstats/OutputStats.java,131.0,17.0,88.0,17.0,21.0,44.0,60.0,cheolsoo@13f79535-47bb-0310-9956-ffa450edef68,1,0.002793296089385475,14.0,0.0,0.0,0.0,794.1754385964912,16662.849931912337,1,0,1.089042837651959,true
src/org/apache/pig/tools/pigstats/PigProgressNotificationListener.java,59.0,4.0,36.0,9.0,0.0,21.0,29.0,daijy@13f79535-47bb-0310-9956-ffa450edef68,1,0.002793296089385475,29.0,0.0,0.0,0.0,1585.6,60374.40570464357,1,0,0.8157495026522777,false
src/org/apache/pig/tools/pigstats/PigStats.java,231.0,23.0,652.0,37.0,10.0,52.0,32.0,cheolsoo@13f79535-47bb-0310-9956-ffa450edef68,2,0.00558659217877095,29.0,0.0,7.0,0.0,2379.775438596491,77037.2556365559,2,0,0.32173769178338973,false
src/org/apache/pig/tools/pigstats/PigStatsUtil.java,2.0,1.0,0.0,0.0,0.0,0.0,26.0,null,2,0.00558659217877095,25.0,0.0,5.0,0.0,2379.775438596491,77037.2556365559,2,1,0.25205516964289365,false
src/org/apache/pig/tools/pigstats/PigStatsUtilBase.java,40.0,8.0,21.0,7.0,12.0,10.0,29.0,daijy@13f79535-47bb-0310-9956-ffa450edef68,1,0.002793296089385475,100.0,0.0,0.0,0.0,1585.6,60374.40570464357,1,0,0.8157495026522777,false
src/org/apache/pig/tools/pigstats/ScriptState.java,254.0,37.0,234.0,24.0,42.0,57.0,13.0,null,2,0.00558659217877095,21.0,7.0,0.0,0.0,2379.775438596491,77037.2556365559,2,0,0.3614308910239191,false
src/org/apache/pig/tools/pigstats/mapreduce/MRJobStats.java,396.0,35.0,530.0,37.0,88.0,94.0,39.0,cheolsoo@13f79535-47bb-0310-9956-ffa450edef68,2,0.00558659217877095,25.0,0.0,0.0,0.0,2379.775438596491,77037.2556365559,2,0,0.27033311269069205,false
src/org/apache/pig/tools/pigstats/mapreduce/MRPigStatsUtil.java,219.0,24.0,85.0,15.0,74.0,49.0,39.0,daijy@13f79535-47bb-0310-9956-ffa450edef68,2,0.00558659217877095,43.0,0.0,0.0,0.0,2379.775438596491,77037.2556365559,2,0,0.27033311269069205,false
src/org/apache/pig/tools/pigstats/mapreduce/MRScriptState.java,383.0,49.0,194.0,21.0,94.0,66.0,39.0,daijy@13f79535-47bb-0310-9956-ffa450edef68,2,0.00558659217877095,60.0,0.0,0.0,0.0,2379.775438596491,77037.2556365559,2,0,0.27033311269069205,false
src/org/apache/pig/tools/pigstats/mapreduce/SimplePigStats.java,393.0,35.0,405.0,38.0,135.0,127.0,44.0,daijy@13f79535-47bb-0310-9956-ffa450edef68,2,0.00558659217877095,50.0,0.0,0.0,0.0,2379.775438596491,77037.2556365559,2,0,0.27033311269069205,false
test/org/apache/pig/TestMain.java,78.0,18.0,1.0,3.0,41.0,8.0,13.0,daijy@13f79535-47bb-0310-9956-ffa450edef68,1,0.002793296089385475,17.0,0.0,17.0,0.0,1585.6,60374.40570464357,1,0,0.8157495026522777,false
test/org/apache/pig/builtin/TestAvroStorage.java,482.0,44.0,0.0,48.0,221.0,151.0,4.0,daijy@13f79535-47bb-0310-9956-ffa450edef68,1,0.002793296089385475,14.0,0.0,0.0,0.0,118.0952380952381,695.5490705328216,1,0,2.4471663218051534,true
test/org/apache/pig/data/TestSchemaTuple.java,409.0,47.0,126.0,17.0,135.0,49.0,6.0,jcoveney@13f79535-47bb-0310-9956-ffa450edef68,1,0.002793296089385475,10.0,0.0,0.0,0.0,794.1754385964912,16662.849931912337,1,2,1.089042837651959,false
test/org/apache/pig/newplan/logical/optimizer/TestImplicitSplitOnTuple.java,30.0,14.0,0.0,1.0,8.0,3.0,0.0,daijy@13f79535-47bb-0310-9956-ffa450edef68,0,0.0,0.0,0.0,0.0,0.0,0.0,0.0,0,0,0.0,true
test/org/apache/pig/newplan/logical/relational/LOTestHelper.java,9.0,4.0,0.0,1.0,2.0,3.0,18.0,daijy@13f79535-47bb-0310-9956-ffa450edef68,1,0.002793296089385475,25.0,0.0,0.0,0.0,794.1754385964912,16662.849931912337,1,0,1.089042837651959,false
test/org/apache/pig/newplan/logical/relational/TestLocationInPhysicalPlan.java,21.0,10.0,0.0,1.0,21.0,2.0,31.0,daijy@13f79535-47bb-0310-9956-ffa450edef68,1,0.002793296089385475,50.0,0.0,17.0,0.0,1585.6,60374.40570464357,1,0,0.8157495026522777,true
test/org/apache/pig/parser/TestErrorHandling.java,245.0,9.0,0.0,23.0,107.0,102.0,3.0,daijy@13f79535-47bb-0310-9956-ffa450edef68,1,0.002793296089385475,8.0,0.0,0.0,0.0,1585.6,60374.40570464357,1,4,0.8157495026522777,false
test/org/apache/pig/pigunit/PigTest.java,195.0,25.0,210.0,25.0,80.0,53.0,12.0,daijy@13f79535-47bb-0310-9956-ffa450edef68,2,0.00558659217877095,22.0,0.0,11.0,0.0,2379.775438596491,77037.2556365559,2,0,0.25924898959217313,false
test/org/apache/pig/test/PigStorageWithSchema.java,21.0,7.0,13.0,6.0,0.0,14.0,18.0,olga@13f79535-47bb-0310-9956-ffa450edef68,1,0.002793296089385475,33.0,0.0,0.0,0.0,794.1754385964912,16662.849931912337,1,0,1.089042837651959,false
test/org/apache/pig/test/TestBZip.java,391.0,33.0,0.0,16.0,215.0,52.0,37.0,daijy@13f79535-47bb-0310-9956-ffa450edef68,1,0.002793296089385475,8.0,0.0,8.0,0.0,1585.6,60374.40570464357,1,1,0.8157495026522777,false
test/org/apache/pig/test/TestBuiltin.java,2009.0,109.0,1727.0,70.0,526.0,254.0,5.0,null,2,0.00558659217877095,6.0,2.0,0.0,0.0,2379.775438596491,77037.2556365559,2,3,0.3614308910239191,true
test/org/apache/pig/test/TestCase.java,177.0,12.0,45.0,10.0,63.0,42.0,8.0,cheolsoo@13f79535-47bb-0310-9956-ffa450edef68,1,0.002793296089385475,17.0,0.0,0.0,0.0,794.1754385964912,16662.849931912337,1,0,1.089042837651959,true
test/org/apache/pig/test/TestCounters.java,454.0,24.0,0.0,15.0,233.0,65.0,39.0,daijy@13f79535-47bb-0310-9956-ffa450edef68,2,0.00558659217877095,75.0,0.0,0.0,0.0,2379.775438596491,77037.2556365559,2,0,0.27033311269069205,false
test/org/apache/pig/test/TestDefaultDateTimeZone.java,54.0,18.0,4.0,5.0,30.0,16.0,37.0,daijy@13f79535-47bb-0310-9956-ffa450edef68,1,0.002793296089385475,14.0,0.0,14.0,0.0,1585.6,60374.40570464357,1,0,0.8157495026522777,false
test/org/apache/pig/test/TestEmptyInputDir.java,153.0,15.0,0.0,8.0,100.0,24.0,39.0,daijy@13f79535-47bb-0310-9956-ffa450edef68,2,0.00558659217877095,38.0,0.0,0.0,0.0,2379.775438596491,77037.2556365559,2,1,0.27033311269069205,false
test/org/apache/pig/test/TestEvalPipeline2.java,1005.0,38.0,0.0,58.0,541.0,176.0,10.0,daijy@13f79535-47bb-0310-9956-ffa450edef68,2,0.00558659217877095,5.0,0.0,0.0,0.0,2379.775438596491,77037.2556365559,2,16,0.27033311269069205,false
test/org/apache/pig/test/TestEvalPipelineLocal.java,758.0,42.0,0.0,31.0,392.0,112.0,33.0,daijy@13f79535-47bb-0310-9956-ffa450edef68,2,0.00558659217877095,13.0,0.0,4.0,0.0,2379.775438596491,77037.2556365559,2,1,0.27033311269069205,false
test/org/apache/pig/test/TestFRJoin2.java,251.0,19.0,0.0,9.0,136.0,29.0,39.0,daijy@13f79535-47bb-0310-9956-ffa450edef68,2,0.00558659217877095,43.0,0.0,0.0,0.0,2379.775438596491,77037.2556365559,2,0,0.27033311269069205,false
test/org/apache/pig/test/TestFilterOpNumeric.java,211.0,15.0,0.0,9.0,142.0,49.0,37.0,daijy@13f79535-47bb-0310-9956-ffa450edef68,1,0.002793296089385475,25.0,0.0,25.0,0.0,1585.6,60374.40570464357,1,0,0.8157495026522777,true
test/org/apache/pig/test/TestFilterOpString.java,217.0,16.0,0.0,7.0,107.0,39.0,37.0,daijy@13f79535-47bb-0310-9956-ffa450edef68,1,0.002793296089385475,25.0,0.0,25.0,0.0,1585.6,60374.40570464357,1,0,0.8157495026522777,true
test/org/apache/pig/test/TestFinish.java,121.0,21.0,2.0,8.0,47.0,29.0,37.0,daijy@13f79535-47bb-0310-9956-ffa450edef68,1,0.002793296089385475,17.0,0.0,17.0,0.0,1585.6,60374.40570464357,1,0,0.8157495026522777,false
test/org/apache/pig/test/TestForEachNestedPlanLocal.java,162.0,15.0,6.0,9.0,68.0,38.0,37.0,daijy@13f79535-47bb-0310-9956-ffa450edef68,1,0.002793296089385475,14.0,0.0,14.0,0.0,1585.6,60374.40570464357,1,1,0.8157495026522777,true
test/org/apache/pig/test/TestGroupConstParallel.java,83.0,31.0,0.0,5.0,38.0,14.0,39.0,daijy@13f79535-47bb-0310-9956-ffa450edef68,2,0.00558659217877095,38.0,0.0,0.0,0.0,2379.775438596491,77037.2556365559,2,0,0.27033311269069205,false
test/org/apache/pig/test/TestGrunt.java,783.0,36.0,0.0,67.0,344.0,188.0,30.0,daijy@13f79535-47bb-0310-9956-ffa450edef68,3,0.008379888268156424,11.0,0.0,3.0,0.0,2497.8706766917294,77732.80470708873,3,7,0.3205296041004193,false
test/org/apache/pig/test/TestHBaseStorage.java,727.0,32.0,0.0,34.0,326.0,108.0,6.0,null,1,0.002793296089385475,3.0,0.0,0.0,0.0,1585.6,60374.40570464357,1,4,0.8157495026522777,false
test/org/apache/pig/test/TestIn.java,90.0,12.0,10.0,5.0,34.0,15.0,8.0,daijy@13f79535-47bb-0310-9956-ffa450edef68,1,0.002793296089385475,33.0,0.0,0.0,0.0,794.1754385964912,16662.849931912337,1,0,1.089042837651959,true
test/org/apache/pig/test/TestInfixArithmetic.java,134.0,16.0,0.0,6.0,79.0,36.0,37.0,daijy@13f79535-47bb-0310-9956-ffa450edef68,1,0.002793296089385475,25.0,0.0,25.0,0.0,1585.6,60374.40570464357,1,0,0.8157495026522777,true
test/org/apache/pig/test/TestInputOutputMiniClusterFileValidator.java,130.0,33.0,27.0,11.0,62.0,32.0,37.0,daijy@13f79535-47bb-0310-9956-ffa450edef68,1,0.002793296089385475,20.0,0.0,20.0,0.0,1585.6,60374.40570464357,1,0,0.8157495026522777,false
test/org/apache/pig/test/TestJobSubmission.java,229.0,39.0,0.0,11.0,122.0,36.0,3.0,daijy@13f79535-47bb-0310-9956-ffa450edef68,1,0.002793296089385475,5.0,0.0,0.0,0.0,1585.6,60374.40570464357,1,4,0.8157495026522777,false
test/org/apache/pig/test/TestJsonLoaderStorage.java,142.0,20.0,7.0,7.0,46.0,21.0,30.0,daijy@13f79535-47bb-0310-9956-ffa450edef68,1,0.002793296089385475,19.0,6.0,6.0,0.0,1585.6,60374.40570464357,1,2,0.8157495026522777,true
test/org/apache/pig/test/TestMRCompiler.java,775.0,63.0,378.0,36.0,318.0,88.0,60.0,daijy@13f79535-47bb-0310-9956-ffa450edef68,1,0.002793296089385475,5.0,0.0,0.0,0.0,794.1754385964912,16662.849931912337,1,1,1.089042837651959,true
test/org/apache/pig/test/TestMRExecutionEngine.java,19.0,8.0,1.0,2.0,8.0,4.0,37.0,daijy@13f79535-47bb-0310-9956-ffa450edef68,1,0.002793296089385475,50.0,25.0,0.0,0.0,794.1754385964912,16662.849931912337,1,0,1.089042837651959,false
test/org/apache/pig/test/TestMRJobStats.java,169.0,31.0,60.0,12.0,89.0,34.0,39.0,daijy@13f79535-47bb-0310-9956-ffa450edef68,2,0.00558659217877095,33.0,0.0,0.0,0.0,2379.775438596491,77037.2556365559,2,0,0.27033311269069205,false
test/org/apache/pig/test/TestMacroExpansion.java,782.0,29.0,7917.0,127.0,204.0,430.0,20.0,rding@13f79535-47bb-0310-9956-ffa450edef68,2,0.00558659217877095,10.0,0.0,3.0,0.0,2379.775438596491,77037.2556365559,2,5,0.3614308910239191,true
test/org/apache/pig/test/TestMapSideCogroup.java,269.0,38.0,0.0,11.0,122.0,38.0,60.0,daijy@13f79535-47bb-0310-9956-ffa450edef68,1,0.002793296089385475,17.0,0.0,0.0,0.0,794.1754385964912,16662.849931912337,1,1,1.089042837651959,false
test/org/apache/pig/test/TestMergeForEachOptimization.java,199.0,30.0,12.0,12.0,73.0,46.0,18.0,daijy@13f79535-47bb-0310-9956-ffa450edef68,1,0.002793296089385475,17.0,0.0,0.0,0.0,794.1754385964912,16662.849931912337,1,0,1.089042837651959,false
test/org/apache/pig/test/TestMergeJoin.java,500.0,28.0,0.0,28.0,198.0,80.0,18.0,null,1,0.002793296089385475,9.0,0.0,0.0,0.0,794.1754385964912,16662.849931912337,1,0,1.089042837651959,false
test/org/apache/pig/test/TestMergeJoinOuter.java,108.0,33.0,0.0,9.0,64.0,23.0,60.0,cheolsoo@13f79535-47bb-0310-9956-ffa450edef68,1,0.002793296089385475,17.0,0.0,0.0,0.0,794.1754385964912,16662.849931912337,1,1,1.089042837651959,false
test/org/apache/pig/test/TestMultiQueryBasic.java,383.0,36.0,0.0,21.0,129.0,65.0,3.0,null,2,0.00558659217877095,18.0,0.0,0.0,0.0,818.1754385964912,16668.29566099794,2,0,2.1735696878367206,false
test/org/apache/pig/test/TestMultiQueryCompiler.java,1094.0,38.0,0.0,52.0,436.0,149.0,23.0,daijy@13f79535-47bb-0310-9956-ffa450edef68,2,0.00558659217877095,29.0,7.0,0.0,0.0,2379.775438596491,77037.2556365559,2,0,0.4583843592832304,false
test/org/apache/pig/test/TestMultiQueryLocal.java,472.0,39.0,0.0,25.0,189.0,67.0,33.0,daijy@13f79535-47bb-0310-9956-ffa450edef68,2,0.00558659217877095,18.0,5.0,0.0,0.0,2379.775438596491,77037.2556365559,2,1,0.25924898959217313,true
test/org/apache/pig/test/TestNewPlanColumnPrune.java,201.0,27.0,28.0,8.0,43.0,28.0,0.0,cheolsoo@13f79535-47bb-0310-9956-ffa450edef68,0,0.0,0.0,0.0,0.0,0.0,0.0,0.0,0,1,0.0,false
test/org/apache/pig/test/TestNewPlanFilterAboveForeach.java,299.0,26.0,231.0,22.0,112.0,57.0,18.0,daijy@13f79535-47bb-0310-9956-ffa450edef68,1,0.002793296089385475,11.0,0.0,0.0,0.0,794.1754385964912,16662.849931912337,1,0,1.089042837651959,false
test/org/apache/pig/test/TestNewPlanFilterRule.java,416.0,41.0,0.0,10.0,72.0,22.0,18.0,null,1,0.002793296089385475,11.0,0.0,0.0,0.0,794.1754385964912,16662.849931912337,1,0,1.089042837651959,false
test/org/apache/pig/test/TestNewPlanLogicalOptimizer.java,143.0,28.0,0.0,2.0,18.0,5.0,18.0,thejas@13f79535-47bb-0310-9956-ffa450edef68,1,0.002793296089385475,14.0,0.0,0.0,0.0,794.1754385964912,16662.849931912337,1,1,1.089042837651959,false
test/org/apache/pig/test/TestNewPlanPushDownForeachFlatten.java,717.0,31.0,988.0,45.0,301.0,176.0,18.0,daijy@13f79535-47bb-0310-9956-ffa450edef68,1,0.002793296089385475,9.0,0.0,0.0,0.0,794.1754385964912,16662.849931912337,1,0,1.089042837651959,false
test/org/apache/pig/test/TestNewPlanPushUpFilter.java,816.0,35.0,1128.0,48.0,313.0,142.0,18.0,daijy@13f79535-47bb-0310-9956-ffa450edef68,1,0.002793296089385475,33.0,0.0,0.0,0.0,794.1754385964912,16662.849931912337,1,0,1.089042837651959,false
test/org/apache/pig/test/TestNull.java,176.0,16.0,3.0,3.0,29.0,9.0,0.0,null,0,0.0,0.0,0.0,0.0,0.0,0.0,0.0,0,0,0.0,false
test/org/apache/pig/test/TestNumberOfReducers.java,143.0,16.0,89.0,15.0,39.0,46.0,39.0,daijy@13f79535-47bb-0310-9956-ffa450edef68,2,0.00558659217877095,75.0,0.0,0.0,0.0,2379.775438596491,77037.2556365559,2,0,0.27033311269069205,false
test/org/apache/pig/test/TestPOCast.java,2131.0,41.0,0.0,16.0,454.0,78.0,9.0,null,1,0.002793296089385475,15.0,0.0,0.0,8.0,794.1754385964912,16662.849931912337,1,0,1.089042837651959,false
test/org/apache/pig/test/TestPONegative.java,233.0,20.0,0.0,9.0,112.0,36.0,37.0,daijy@13f79535-47bb-0310-9956-ffa450edef68,1,0.002793296089385475,14.0,0.0,14.0,0.0,1585.6,60374.40570464357,1,1,0.8157495026522777,true
test/org/apache/pig/test/TestParamSubPreproc.java,905.0,19.0,0.0,35.0,215.0,195.0,25.0,daijy@13f79535-47bb-0310-9956-ffa450edef68,1,0.002793296089385475,17.0,0.0,17.0,0.0,1585.6,60374.40570464357,1,1,0.8157495026522777,false
test/org/apache/pig/test/TestParser.java,101.0,26.0,0.0,7.0,46.0,24.0,60.0,daijy@13f79535-47bb-0310-9956-ffa450edef68,1,0.002793296089385475,8.0,0.0,0.0,0.0,794.1754385964912,16662.849931912337,1,1,1.089042837651959,true
test/org/apache/pig/test/TestPartitionFilterPushDown.java,433.0,44.0,0.0,39.0,154.0,114.0,6.0,null,2,0.00558659217877095,13.0,0.0,0.0,0.0,960.7961282516636,17911.642669689027,2,1,1.074957399168611,false
test/org/apache/pig/test/TestPigContext.java,151.0,25.0,59.0,14.0,70.0,32.0,19.0,daijy@13f79535-47bb-0310-9956-ffa450edef68,2,0.00558659217877095,17.0,0.0,17.0,0.0,1703.695238095238,61069.95477517639,2,1,0.9383107316687703,true
test/org/apache/pig/test/TestPigRunner.java,757.0,36.0,0.0,33.0,359.0,124.0,39.0,daijy@13f79535-47bb-0310-9956-ffa450edef68,2,0.00558659217877095,8.0,0.0,0.0,0.0,2379.775438596491,77037.2556365559,2,4,0.27033311269069205,false
test/org/apache/pig/test/TestPigServer.java,599.0,56.0,0.0,41.0,259.0,113.0,8.0,daijy@13f79535-47bb-0310-9956-ffa450edef68,3,0.008379888268156424,8.0,3.0,3.0,0.0,1731.695238095238,61083.10508619688,3,2,1.3061075590115094,false
test/org/apache/pig/test/TestPigSplit.java,97.0,18.0,0.0,8.0,32.0,27.0,60.0,daijy@13f79535-47bb-0310-9956-ffa450edef68,1,0.002793296089385475,17.0,0.0,0.0,0.0,794.1754385964912,16662.849931912337,1,0,1.089042837651959,true
test/org/apache/pig/test/TestPigStats.java,137.0,28.0,30.0,9.0,76.0,30.0,37.0,null,1,0.002793296089385475,20.0,10.0,0.0,0.0,794.1754385964912,16662.849931912337,1,0,1.089042837651959,false
test/org/apache/pig/test/TestPigStorage.java,342.0,44.0,0.0,22.0,158.0,67.0,27.0,daijy@13f79535-47bb-0310-9956-ffa450edef68,2,0.00558659217877095,10.0,0.0,5.0,0.0,2379.775438596491,77037.2556365559,2,4,0.25924898959217313,true
test/org/apache/pig/test/TestProjectRange.java,556.0,38.0,0.0,36.0,175.0,105.0,60.0,null,1,0.002793296089385475,9.0,0.0,0.0,0.0,794.1754385964912,16662.849931912337,1,1,1.089042837651959,false
test/org/apache/pig/test/TestRegisteredJarVisibility.java,111.0,33.0,7.0,7.0,54.0,17.0,37.0,daijy@13f79535-47bb-0310-9956-ffa450edef68,1,0.002793296089385475,8.0,0.0,8.0,0.0,1585.6,60374.40570464357,1,1,0.8157495026522777,true
test/org/apache/pig/test/TestSample.java,66.0,13.0,0.0,11.0,33.0,33.0,37.0,thejas@13f79535-47bb-0310-9956-ffa450edef68,1,0.002793296089385475,17.0,0.0,17.0,0.0,1585.6,60374.40570464357,1,0,0.8157495026522777,false
test/org/apache/pig/test/TestSchema.java,516.0,23.0,351.0,27.0,133.0,63.0,6.0,daijy@13f79535-47bb-0310-9956-ffa450edef68,1,0.002793296089385475,4.0,0.0,0.0,0.0,794.1754385964912,16662.849931912337,1,3,1.089042837651959,false
test/org/apache/pig/test/TestScriptLanguage.java,284.0,22.0,161.0,30.0,182.0,97.0,31.0,null,1,0.002793296089385475,15.0,0.0,5.0,0.0,1585.6,60374.40570464357,1,5,0.8157495026522777,false
test/org/apache/pig/test/TestScriptUDF.java,121.0,14.0,0.0,9.0,69.0,30.0,20.0,daijy@13f79535-47bb-0310-9956-ffa450edef68,2,0.00558659217877095,12.0,0.0,12.0,0.0,2379.775438596491,77037.2556365559,2,1,0.25924898959217313,false
test/org/apache/pig/test/TestSecondarySort.java,284.0,23.0,0.0,18.0,161.0,53.0,37.0,daijy@13f79535-47bb-0310-9956-ffa450edef68,1,0.002793296089385475,8.0,0.0,8.0,0.0,1585.6,60374.40570464357,1,2,0.8157495026522777,false
test/org/apache/pig/test/TestShortcuts.java,184.0,24.0,0.0,20.0,59.0,48.0,25.0,daijy@13f79535-47bb-0310-9956-ffa450edef68,2,0.00558659217877095,50.0,25.0,0.0,0.0,2379.775438596491,77037.2556365559,2,0,0.25924898959217313,false
test/org/apache/pig/test/TestSplit.java,45.0,12.0,0.0,6.0,23.0,19.0,37.0,thejas@13f79535-47bb-0310-9956-ffa450edef68,1,0.002793296089385475,25.0,0.0,25.0,0.0,1585.6,60374.40570464357,1,0,0.8157495026522777,true
test/org/apache/pig/test/TestStreaming.java,390.0,23.0,0.0,19.0,213.0,69.0,37.0,daijy@13f79535-47bb-0310-9956-ffa450edef68,1,0.002793296089385475,8.0,0.0,8.0,0.0,1585.6,60374.40570464357,1,1,0.8157495026522777,false
test/org/apache/pig/test/TestStringUDFs.java,156.0,20.0,90.0,16.0,71.0,37.0,7.0,gates@13f79535-47bb-0310-9956-ffa450edef68,1,0.002793296089385475,14.0,0.0,0.0,0.0,794.1754385964912,16662.849931912337,1,2,1.089042837651959,false
test/org/apache/pig/test/TestTmpFileCompression.java,244.0,36.0,7.0,11.0,102.0,44.0,24.0,rohini@13f79535-47bb-0310-9956-ffa450edef68,2,0.00558659217877095,33.0,0.0,17.0,0.0,1752.2206896551722,61623.19844242026,2,1,0.9383107316687703,false
test/org/apache/pig/test/TestUTF8.java,53.0,19.0,0.0,5.0,39.0,11.0,37.0,daijy@13f79535-47bb-0310-9956-ffa450edef68,1,0.002793296089385475,17.0,0.0,17.0,0.0,1585.6,60374.40570464357,1,1,0.8157495026522777,true
test/org/apache/pig/test/TestUnion.java,142.0,33.0,7.0,6.0,64.0,24.0,37.0,daijy@13f79535-47bb-0310-9956-ffa450edef68,1,0.002793296089385475,9.0,0.0,9.0,0.0,1585.6,60374.40570464357,1,1,0.8157495026522777,true
test/org/apache/pig/test/Util.java,869.0,87.0,3566.0,85.0,292.0,291.0,37.0,daijy@13f79535-47bb-0310-9956-ffa450edef68,2,0.00558659217877095,5.0,2.0,2.0,0.0,2379.775438596491,77037.2556365559,2,4,0.3614308910239191,true
test/org/apache/pig/test/utils/SimpleCustomPartitioner3.java,5.0,3.0,0.0,1.0,0.0,2.0,6.0,daijy@13f79535-47bb-0310-9956-ffa450edef68,1,0.002793296089385475,100.0,0.0,0.0,0.0,1585.6,60374.40570464357,1,0,0.8157495026522777,false
test/org/apache/pig/tools/grunt/TestGruntParser.java,26.0,11.0,0.0,2.0,10.0,7.0,24.0,daijy@13f79535-47bb-0310-9956-ffa450edef68,1,0.002793296089385475,50.0,50.0,0.0,0.0,1585.6,60374.40570464357,1,0,0.8157495026522777,true
