name,LOC,CBO,LCOM,NOM,RFC,WMC,ACS,Ownership,numOfChanges,numberOfFIChanges,ENH,NF,BugFixing,REF,structuralWorkloadSum,semanticWorkloadSum,numberOfDeveloper,pastFaults,MAF,isBuggy
contrib/piggybank/java/src/main/java/org/apache/pig/piggybank/storage/HadoopJobHistoryLoader.java,436.0,39.0,41.0,11.0,64.0,36.0,2.0,daijy@13f79535-47bb-0310-9956-ffa450edef68,1,0.004878048780487805,25.0,0.0,0.0,0.0,884.5416666666666,17086.192170715767,1,0,0.8013607652001781,false
contrib/piggybank/java/src/main/java/org/apache/pig/piggybank/storage/HiveColumnarStorage.java,152.0,21.0,13.0,6.0,33.0,24.0,0.0,daijy@13f79535-47bb-0310-9956-ffa450edef68,0,0.0,0.0,0.0,0.0,0.0,0.0,0.0,0,0,0.0,false
contrib/piggybank/java/src/main/java/org/apache/pig/piggybank/storage/avro/PigAvroOutputFormat.java,64.0,12.0,2.0,4.0,16.0,9.0,3.0,daijy@13f79535-47bb-0310-9956-ffa450edef68,1,0.004878048780487805,20.0,0.0,0.0,0.0,117.88235294117646,535.1539571348757,1,0,2.0541237336955462,false
contrib/piggybank/java/src/main/java/org/apache/pig/piggybank/storage/hiverc/HiveRCOutputFormat.java,57.0,17.0,6.0,4.0,13.0,12.0,0.0,daijy@13f79535-47bb-0310-9956-ffa450edef68,0,0.0,0.0,0.0,0.0,0.0,0.0,0.0,0,0,0.0,false
contrib/piggybank/java/src/test/java/org/apache/pig/piggybank/test/storage/TestHiveColumnarStorage.java,185.0,37.0,0.0,10.0,94.0,28.0,0.0,daijy@13f79535-47bb-0310-9956-ffa450edef68,0,0.0,0.0,0.0,0.0,0.0,0.0,0.0,0,1,0.0,false
shims/src/hadoop20/org/apache/pig/backend/hadoop/executionengine/shims/HadoopShims.java,51.0,17.0,78.0,13.0,15.0,29.0,0.0,daijy@13f79535-47bb-0310-9956-ffa450edef68,0,0.0,0.0,0.0,0.0,0.0,0.0,0.0,0,1,0.0,false
shims/src/hadoop23/org/apache/pig/backend/hadoop/executionengine/shims/HadoopShims.java,59.0,21.0,78.0,13.0,8.0,34.0,0.0,daijy@13f79535-47bb-0310-9956-ffa450edef68,0,0.0,0.0,0.0,0.0,0.0,0.0,0.0,0,1,0.0,false
src/org/apache/pig/EvalFunc.java,197.0,19.0,192.0,21.0,30.0,65.0,9.0,daijy@13f79535-47bb-0310-9956-ffa450edef68,1,0.004878048780487805,8.0,0.0,0.0,0.0,475.5172413793104,4526.962697606592,1,1,1.466337068793427,false
src/org/apache/pig/FuncSpec.java,185.0,7.0,9.0,18.0,21.0,51.0,7.0,gates@13f79535-47bb-0310-9956-ffa450edef68,1,0.004878048780487805,50.0,0.0,0.0,0.0,52.0,132.20701473816234,1,0,3.6635616461296463,false
src/org/apache/pig/LoadCaster.java,95.0,10.0,66.0,12.0,0.0,53.0,0.0,daijy@13f79535-47bb-0310-9956-ffa450edef68,0,0.0,0.0,0.0,0.0,0.0,0.0,0.0,0,0,0.0,false
src/org/apache/pig/LoadFuncMetadataWrapper.java,35.0,2.0,0.0,7.0,9.0,20.0,0.0,aniket486@13f79535-47bb-0310-9956-ffa450edef68,0,0.0,0.0,0.0,0.0,0.0,0.0,0.0,0,0,0.0,false
src/org/apache/pig/LoadFuncWrapper.java,51.0,7.0,0.0,11.0,18.0,28.0,0.0,daijy@13f79535-47bb-0310-9956-ffa450edef68,0,0.0,0.0,0.0,0.0,0.0,0.0,0.0,0,0,0.0,false
src/org/apache/pig/Main.java,764.0,59.0,176.0,20.0,127.0,76.0,8.0,null,1,0.004878048780487805,3.0,0.0,0.0,0.0,884.5416666666666,17086.192170715767,1,7,0.8013607652001781,false
src/org/apache/pig/PigConfiguration.java,77.0,0.0,0.0,1.0,0.0,1.0,6.0,null,2,0.00975609756097561,6.0,3.0,3.0,0.0,1018.1206140350877,17599.093708024157,2,0,0.6869399789857543,false
src/org/apache/pig/PigConstants.java,22.0,1.0,0.0,1.0,0.0,2.0,9.0,aniket486@13f79535-47bb-0310-9956-ffa450edef68,1,0.004878048780487805,11.0,0.0,0.0,11.0,133.57894736842104,512.9015373083907,1,0,1.9588135538912212,false
src/org/apache/pig/PigRunner.java,20.0,5.0,0.0,1.0,2.0,3.0,0.0,daijy@13f79535-47bb-0310-9956-ffa450edef68,0,0.0,0.0,0.0,0.0,0.0,0.0,0.0,0,0,0.0,false
src/org/apache/pig/PigServer.java,1275.0,86.0,1409.0,74.0,246.0,252.0,11.0,null,2,0.00975609756097561,3.0,1.0,1.0,0.0,1360.058908045977,21613.15486832236,2,10,0.6081641326341978,false
src/org/apache/pig/backend/executionengine/ExecutionEngine.java,71.0,16.0,55.0,11.0,0.0,33.0,10.0,cheolsoo@13f79535-47bb-0310-9956-ffa450edef68,1,0.004878048780487805,40.0,0.0,0.0,20.0,884.5416666666666,17086.192170715767,1,0,0.8013607652001781,false
src/org/apache/pig/backend/hadoop/BigDecimalWritable.java,60.0,10.0,0.0,10.0,7.0,18.0,0.0,daijy@13f79535-47bb-0310-9956-ffa450edef68,0,0.0,0.0,0.0,0.0,0.0,0.0,0.0,0,1,0.0,false
src/org/apache/pig/backend/hadoop/BigIntegerWritable.java,60.0,10.0,0.0,10.0,7.0,18.0,0.0,daijy@13f79535-47bb-0310-9956-ffa450edef68,0,0.0,0.0,0.0,0.0,0.0,0.0,0.0,0,1,0.0,false
src/org/apache/pig/backend/hadoop/HDataType.java,213.0,24.0,4.0,4.0,13.0,23.0,0.0,null,0,0.0,0.0,0.0,0.0,0.0,0.0,0.0,0,2,0.0,false
src/org/apache/pig/backend/hadoop/executionengine/HExecutionEngine.java,244.0,51.0,38.0,16.0,57.0,45.0,6.0,null,2,0.00975609756097561,7.0,0.0,0.0,4.0,1018.1206140350877,17599.093708024157,2,3,0.550664193135713,true
src/org/apache/pig/backend/hadoop/executionengine/Launcher.java,364.0,34.0,97.0,15.0,70.0,59.0,7.0,rohini@13f79535-47bb-0310-9956-ffa450edef68,1,0.004878048780487805,12.0,0.0,0.0,12.0,884.5416666666666,17086.192170715767,1,0,0.8013607652001781,false
src/org/apache/pig/backend/hadoop/executionengine/mapReduceLayer/InputSizeReducerEstimator.java,82.0,16.0,1.0,3.0,23.0,14.0,10.0,aniket486@13f79535-47bb-0310-9956-ffa450edef68,1,0.004878048780487805,14.0,14.0,0.0,0.0,133.57894736842104,512.9015373083907,1,0,1.9588135538912212,false
src/org/apache/pig/backend/hadoop/executionengine/mapReduceLayer/JobControlCompiler.java,1142.0,91.0,24.0,25.0,236.0,109.0,5.0,null,3,0.014634146341463415,3.0,2.0,0.0,0.0,1493.637855414398,22126.05640563075,3,1,0.3102248406268324,false
src/org/apache/pig/backend/hadoop/executionengine/mapReduceLayer/LocalExecType.java,30.0,4.0,15.0,6.0,4.0,14.0,0.0,cheolsoo@13f79535-47bb-0310-9956-ffa450edef68,0,0.0,0.0,0.0,0.0,0.0,0.0,0.0,0,0,0.0,false
src/org/apache/pig/backend/hadoop/executionengine/mapReduceLayer/MRExecType.java,31.0,4.0,15.0,6.0,4.0,14.0,0.0,daijy@13f79535-47bb-0310-9956-ffa450edef68,0,0.0,0.0,0.0,0.0,0.0,0.0,0.0,0,0,0.0,false
src/org/apache/pig/backend/hadoop/executionengine/mapReduceLayer/MRExecutionEngine.java,14.0,7.0,3.0,3.0,3.0,5.0,13.0,cheolsoo@13f79535-47bb-0310-9956-ffa450edef68,1,0.004878048780487805,50.0,0.0,0.0,0.0,884.5416666666666,17086.192170715767,1,0,0.8013607652001781,false
src/org/apache/pig/backend/hadoop/executionengine/mapReduceLayer/MapReduceLauncher.java,502.0,58.0,22.0,13.0,169.0,57.0,5.0,null,3,0.014634146341463415,13.0,2.0,2.0,3.0,1136.0029669762641,18134.247665159033,3,4,0.3470632821663229,false
src/org/apache/pig/backend/hadoop/executionengine/mapReduceLayer/PigBigDecimalRawComparator.java,61.0,10.0,2.0,5.0,11.0,18.0,0.0,daijy@13f79535-47bb-0310-9956-ffa450edef68,0,0.0,0.0,0.0,0.0,0.0,0.0,0.0,0,0,0.0,false
src/org/apache/pig/backend/hadoop/executionengine/mapReduceLayer/PigBigIntegerRawComparator.java,61.0,10.0,2.0,5.0,11.0,18.0,0.0,daijy@13f79535-47bb-0310-9956-ffa450edef68,0,0.0,0.0,0.0,0.0,0.0,0.0,0.0,0,0,0.0,false
src/org/apache/pig/backend/hadoop/executionengine/mapReduceLayer/partitioners/WeightedRangePartitioner.java,151.0,37.0,5.0,7.0,40.0,29.0,0.0,daijy@13f79535-47bb-0310-9956-ffa450edef68,0,0.0,0.0,0.0,0.0,0.0,0.0,0.0,0,0,0.0,false
src/org/apache/pig/backend/hadoop/executionengine/physicalLayer/POStatus.java,33.0,0.0,0.0,0.0,0.0,0.0,26.0,rding@13f79535-47bb-0310-9956-ffa450edef68,1,0.004878048780487805,25.0,0.0,0.0,0.0,884.5416666666666,17086.192170715767,1,0,0.8013607652001781,false
src/org/apache/pig/backend/hadoop/executionengine/physicalLayer/PhysicalOperator.java,318.0,20.0,1017.0,51.0,36.0,119.0,26.0,null,1,0.004878048780487805,6.0,0.0,0.0,0.0,884.5416666666666,17086.192170715767,1,3,0.8013607652001781,false
src/org/apache/pig/backend/hadoop/executionengine/physicalLayer/expressionOperators/EqualToExpr.java,97.0,12.0,21.0,7.0,16.0,22.0,26.0,null,1,0.004878048780487805,11.0,0.0,0.0,0.0,884.5416666666666,17086.192170715767,1,1,0.8013607652001781,false
src/org/apache/pig/backend/hadoop/executionengine/physicalLayer/expressionOperators/GTOrEqualToExpr.java,76.0,11.0,21.0,7.0,15.0,18.0,26.0,null,1,0.004878048780487805,14.0,0.0,0.0,0.0,884.5416666666666,17086.192170715767,1,0,0.8013607652001781,false
src/org/apache/pig/backend/hadoop/executionengine/physicalLayer/expressionOperators/GreaterThanExpr.java,75.0,9.0,21.0,7.0,15.0,18.0,26.0,null,1,0.004878048780487805,14.0,0.0,0.0,0.0,884.5416666666666,17086.192170715767,1,0,0.8013607652001781,false
src/org/apache/pig/backend/hadoop/executionengine/physicalLayer/expressionOperators/LTOrEqualToExpr.java,76.0,11.0,21.0,7.0,15.0,18.0,26.0,null,1,0.004878048780487805,14.0,0.0,0.0,0.0,884.5416666666666,17086.192170715767,1,0,0.8013607652001781,false
src/org/apache/pig/backend/hadoop/executionengine/physicalLayer/expressionOperators/LessThanExpr.java,76.0,11.0,21.0,7.0,15.0,18.0,26.0,null,1,0.004878048780487805,14.0,0.0,0.0,0.0,884.5416666666666,17086.192170715767,1,0,0.8013607652001781,false
src/org/apache/pig/backend/hadoop/executionengine/physicalLayer/expressionOperators/NotEqualToExpr.java,92.0,12.0,21.0,7.0,15.0,20.0,26.0,null,1,0.004878048780487805,12.0,0.0,0.0,0.0,884.5416666666666,17086.192170715767,1,0,0.8013607652001781,false
src/org/apache/pig/backend/hadoop/executionengine/physicalLayer/expressionOperators/POAnd.java,57.0,8.0,15.0,6.0,10.0,14.0,26.0,gates@13f79535-47bb-0310-9956-ffa450edef68,1,0.004878048780487805,25.0,0.0,0.0,0.0,884.5416666666666,17086.192170715767,1,0,0.8013607652001781,false
src/org/apache/pig/backend/hadoop/executionengine/physicalLayer/expressionOperators/POCast.java,1896.0,35.0,154.0,28.0,264.0,155.0,7.0,null,1,0.004878048780487805,7.0,0.0,0.0,0.0,52.0,132.20701473816234,1,1,3.6635616461296463,false
src/org/apache/pig/backend/hadoop/executionengine/physicalLayer/expressionOperators/POOr.java,54.0,8.0,15.0,6.0,10.0,14.0,26.0,gates@13f79535-47bb-0310-9956-ffa450edef68,1,0.004878048780487805,25.0,0.0,0.0,0.0,884.5416666666666,17086.192170715767,1,0,0.8013607652001781,false
src/org/apache/pig/backend/hadoop/executionengine/physicalLayer/expressionOperators/POProject.java,438.0,18.0,625.0,43.0,81.0,130.0,26.0,null,1,0.004878048780487805,9.0,0.0,0.0,0.0,884.5416666666666,17086.192170715767,1,2,0.8013607652001781,false
src/org/apache/pig/backend/hadoop/executionengine/physicalLayer/expressionOperators/PORelationToExprProject.java,55.0,9.0,34.0,9.0,8.0,18.0,26.0,thejas@13f79535-47bb-0310-9956-ffa450edef68,1,0.004878048780487805,25.0,0.0,0.0,0.0,884.5416666666666,17086.192170715767,1,0,0.8013607652001781,false
src/org/apache/pig/backend/hadoop/executionengine/physicalLayer/plans/PhysicalPlan.java,194.0,19.0,85.0,14.0,50.0,40.0,26.0,daijy@13f79535-47bb-0310-9956-ffa450edef68,1,0.004878048780487805,17.0,0.0,0.0,0.0,884.5416666666666,17086.192170715767,1,0,0.8013607652001781,true
src/org/apache/pig/backend/hadoop/executionengine/physicalLayer/relationalOperators/PODistinct.java,102.0,18.0,101.0,15.0,21.0,31.0,26.0,null,1,0.004878048780487805,12.0,0.0,0.0,0.0,884.5416666666666,17086.192170715767,1,1,0.8013607652001781,false
src/org/apache/pig/backend/hadoop/executionengine/physicalLayer/relationalOperators/POFilter.java,76.0,11.0,60.0,12.0,17.0,25.0,26.0,null,1,0.004878048780487805,17.0,0.0,0.0,0.0,884.5416666666666,17086.192170715767,1,1,0.8013607652001781,false
src/org/apache/pig/backend/hadoop/executionengine/physicalLayer/relationalOperators/POForEach.java,564.0,30.0,308.0,33.0,109.0,106.0,4.0,null,1,0.004878048780487805,5.0,0.0,0.0,0.0,475.5172413793104,4526.962697606592,1,3,1.466337068793427,false
src/org/apache/pig/backend/hadoop/executionengine/physicalLayer/relationalOperators/POLocalRearrange.java,546.0,24.0,499.0,38.0,79.0,110.0,26.0,null,1,0.004878048780487805,8.0,0.0,0.0,0.0,884.5416666666666,17086.192170715767,1,1,0.8013607652001781,false
src/org/apache/pig/backend/hadoop/executionengine/physicalLayer/relationalOperators/POPartialAgg.java,394.0,29.0,359.0,34.0,121.0,101.0,14.0,null,2,0.00975609756097561,11.0,0.0,0.0,0.0,1360.058908045977,21613.15486832236,2,1,0.44070173643685717,false
src/org/apache/pig/backend/hadoop/executionengine/physicalLayer/relationalOperators/POPartitionRearrange.java,130.0,21.0,45.0,11.0,20.0,29.0,0.0,daijy@13f79535-47bb-0310-9956-ffa450edef68,0,0.0,0.0,0.0,0.0,0.0,0.0,0.0,0,1,0.0,false
src/org/apache/pig/backend/hadoop/executionengine/physicalLayer/relationalOperators/POPreCombinerLocalRearrange.java,133.0,19.0,104.0,16.0,20.0,36.0,26.0,null,1,0.004878048780487805,12.0,0.0,0.0,0.0,884.5416666666666,17086.192170715767,1,1,0.8013607652001781,false
src/org/apache/pig/backend/hadoop/executionengine/physicalLayer/relationalOperators/POSort.java,246.0,25.0,181.0,22.0,31.0,47.0,26.0,null,1,0.004878048780487805,8.0,0.0,0.0,0.0,884.5416666666666,17086.192170715767,1,1,0.8013607652001781,false
src/org/apache/pig/backend/hadoop/executionengine/util/MapRedUtil.java,422.0,40.0,58.0,12.0,77.0,56.0,10.0,daijy@13f79535-47bb-0310-9956-ffa450edef68,1,0.004878048780487805,8.0,8.0,0.0,0.0,133.57894736842104,512.9015373083907,1,1,1.9588135538912212,false
src/org/apache/pig/backend/hadoop/hbase/HBaseBinaryConverter.java,135.0,12.0,300.0,25.0,24.0,74.0,0.0,daijy@13f79535-47bb-0310-9956-ffa450edef68,0,0.0,0.0,0.0,0.0,0.0,0.0,0.0,0,0,0.0,false
src/org/apache/pig/backend/hadoop/hbase/HBaseStorage.java,820.0,78.0,720.0,45.0,225.0,159.0,2.0,null,2,0.00975609756097561,7.0,2.0,0.0,0.0,1002.4240196078431,17621.346127850644,2,8,0.5824342530704878,false
src/org/apache/pig/builtin/AVG.java,224.0,17.0,60.0,12.0,32.0,47.0,15.0,gates@13f79535-47bb-0310-9956-ffa450edef68,1,0.004878048780487805,50.0,0.0,0.0,0.0,884.5416666666666,17086.192170715767,1,0,0.8013607652001781,false
src/org/apache/pig/builtin/AlgebraicBigDecimalMathBase.java,152.0,11.0,22.0,8.0,21.0,30.0,11.0,rohini@13f79535-47bb-0310-9956-ffa450edef68,2,0.00975609756097561,100.0,0.0,0.0,0.0,1002.4240196078431,17621.346127850644,2,0,0.7345950688879169,false
src/org/apache/pig/builtin/AlgebraicBigIntegerMathBase.java,152.0,11.0,22.0,8.0,21.0,30.0,11.0,rohini@13f79535-47bb-0310-9956-ffa450edef68,2,0.00975609756097561,100.0,0.0,0.0,0.0,1002.4240196078431,17621.346127850644,2,0,0.7345950688879169,false
src/org/apache/pig/builtin/Assert.java,17.0,4.0,0.0,1.0,3.0,5.0,0.0,daijy@13f79535-47bb-0310-9956-ffa450edef68,0,0.0,0.0,0.0,0.0,0.0,0.0,0.0,0,0,0.0,false
src/org/apache/pig/builtin/BigDecimalAbs.java,5.0,4.0,0.0,1.0,2.0,3.0,0.0,daijy@13f79535-47bb-0310-9956-ffa450edef68,0,0.0,0.0,0.0,0.0,0.0,0.0,0.0,0,0,0.0,false
src/org/apache/pig/builtin/BigDecimalAvg.java,209.0,14.0,60.0,12.0,35.0,46.0,15.0,cheolsoo@13f79535-47bb-0310-9956-ffa450edef68,1,0.004878048780487805,100.0,0.0,0.0,0.0,884.5416666666666,17086.192170715767,1,0,0.8013607652001781,false
src/org/apache/pig/builtin/BigDecimalMax.java,18.0,0.0,0.0,1.0,1.0,1.0,15.0,cheolsoo@13f79535-47bb-0310-9956-ffa450edef68,1,0.004878048780487805,100.0,0.0,0.0,0.0,884.5416666666666,17086.192170715767,1,0,0.8013607652001781,false
src/org/apache/pig/builtin/BigDecimalMin.java,18.0,0.0,0.0,1.0,1.0,1.0,15.0,cheolsoo@13f79535-47bb-0310-9956-ffa450edef68,1,0.004878048780487805,100.0,0.0,0.0,0.0,884.5416666666666,17086.192170715767,1,0,0.8013607652001781,false
src/org/apache/pig/builtin/BigDecimalSum.java,18.0,0.0,0.0,1.0,1.0,1.0,7.0,rohini@13f79535-47bb-0310-9956-ffa450edef68,1,0.004878048780487805,100.0,0.0,0.0,0.0,117.88235294117646,535.1539571348757,1,0,2.0541237336955462,false
src/org/apache/pig/builtin/BigDecimalWrapper.java,74.0,3.0,190.0,21.0,0.0,25.0,15.0,cheolsoo@13f79535-47bb-0310-9956-ffa450edef68,1,0.004878048780487805,100.0,0.0,0.0,0.0,884.5416666666666,17086.192170715767,1,0,0.8013607652001781,false
src/org/apache/pig/builtin/BigIntegerAbs.java,5.0,4.0,0.0,1.0,2.0,3.0,0.0,daijy@13f79535-47bb-0310-9956-ffa450edef68,0,0.0,0.0,0.0,0.0,0.0,0.0,0.0,0,0,0.0,false
src/org/apache/pig/builtin/BigIntegerAvg.java,209.0,15.0,60.0,12.0,35.0,46.0,15.0,cheolsoo@13f79535-47bb-0310-9956-ffa450edef68,1,0.004878048780487805,100.0,0.0,0.0,0.0,884.5416666666666,17086.192170715767,1,0,0.8013607652001781,false
src/org/apache/pig/builtin/BigIntegerMax.java,18.0,0.0,0.0,1.0,1.0,1.0,15.0,cheolsoo@13f79535-47bb-0310-9956-ffa450edef68,1,0.004878048780487805,100.0,0.0,0.0,0.0,884.5416666666666,17086.192170715767,1,0,0.8013607652001781,false
src/org/apache/pig/builtin/BigIntegerMin.java,18.0,0.0,0.0,1.0,1.0,1.0,15.0,cheolsoo@13f79535-47bb-0310-9956-ffa450edef68,1,0.004878048780487805,100.0,0.0,0.0,0.0,884.5416666666666,17086.192170715767,1,0,0.8013607652001781,false
src/org/apache/pig/builtin/BigIntegerSum.java,18.0,0.0,0.0,1.0,1.0,1.0,7.0,rohini@13f79535-47bb-0310-9956-ffa450edef68,1,0.004878048780487805,100.0,0.0,0.0,0.0,117.88235294117646,535.1539571348757,1,0,2.0541237336955462,false
src/org/apache/pig/builtin/BigIntegerWrapper.java,44.0,2.0,35.0,11.0,0.0,15.0,15.0,cheolsoo@13f79535-47bb-0310-9956-ffa450edef68,1,0.004878048780487805,100.0,0.0,0.0,0.0,884.5416666666666,17086.192170715767,1,0,0.8013607652001781,false
src/org/apache/pig/builtin/BinStorage.java,293.0,45.0,459.0,31.0,37.0,102.0,2.0,daijy@13f79535-47bb-0310-9956-ffa450edef68,1,0.004878048780487805,8.0,0.0,8.0,0.0,117.88235294117646,535.1539571348757,1,2,2.0541237336955462,false
src/org/apache/pig/builtin/CONCAT.java,42.0,12.0,6.0,4.0,8.0,14.0,9.0,daijy@13f79535-47bb-0310-9956-ffa450edef68,1,0.004878048780487805,25.0,0.0,0.0,0.0,475.5172413793104,4526.962697606592,1,0,1.466337068793427,false
src/org/apache/pig/builtin/DateTimeMax.java,132.0,13.0,30.0,9.0,14.0,29.0,0.0,daijy@13f79535-47bb-0310-9956-ffa450edef68,0,0.0,0.0,0.0,0.0,0.0,0.0,0.0,0,0,0.0,false
src/org/apache/pig/builtin/DateTimeMin.java,132.0,13.0,30.0,9.0,14.0,30.0,0.0,daijy@13f79535-47bb-0310-9956-ffa450edef68,0,0.0,0.0,0.0,0.0,0.0,0.0,0.0,0,0,0.0,false
src/org/apache/pig/builtin/MAX.java,31.0,6.0,1.0,2.0,5.0,4.0,13.0,daijy@13f79535-47bb-0310-9956-ffa450edef68,1,0.004878048780487805,25.0,0.0,0.0,0.0,884.5416666666666,17086.192170715767,1,0,0.8013607652001781,false
src/org/apache/pig/builtin/MIN.java,31.0,6.0,1.0,2.0,5.0,4.0,13.0,daijy@13f79535-47bb-0310-9956-ffa450edef68,1,0.004878048780487805,25.0,0.0,0.0,0.0,884.5416666666666,17086.192170715767,1,0,0.8013607652001781,false
src/org/apache/pig/builtin/ParquetLoader.java,29.0,8.0,15.0,6.0,8.0,14.0,0.0,aniket486@13f79535-47bb-0310-9956-ffa450edef68,0,0.0,0.0,0.0,0.0,0.0,0.0,0.0,0,0,0.0,false
src/org/apache/pig/builtin/ParquetStorer.java,23.0,6.0,3.0,3.0,6.0,7.0,0.0,aniket486@13f79535-47bb-0310-9956-ffa450edef68,0,0.0,0.0,0.0,0.0,0.0,0.0,0.0,0,0,0.0,false
src/org/apache/pig/builtin/REGEX_EXTRACT_ALL.java,62.0,12.0,8.0,5.0,18.0,15.0,3.0,daijy@13f79535-47bb-0310-9956-ffa450edef68,2,0.00975609756097561,40.0,0.0,0.0,40.0,1360.058908045977,21613.15486832236,2,0,0.44070173643685717,false
src/org/apache/pig/builtin/SUM.java,29.0,6.0,1.0,2.0,5.0,4.0,7.0,gates@13f79535-47bb-0310-9956-ffa450edef68,1,0.004878048780487805,33.0,0.0,0.0,0.0,117.88235294117646,535.1539571348757,1,0,2.0541237336955462,false
src/org/apache/pig/builtin/StringConcat.java,30.0,8.0,3.0,3.0,7.0,11.0,9.0,daijy@13f79535-47bb-0310-9956-ffa450edef68,1,0.004878048780487805,25.0,0.0,0.0,0.0,475.5172413793104,4526.962697606592,1,0,1.466337068793427,false
src/org/apache/pig/builtin/TOP.java,243.0,21.0,21.0,7.0,23.0,22.0,0.0,null,0,0.0,0.0,0.0,0.0,0.0,0.0,0.0,0,2,0.0,false
src/org/apache/pig/builtin/TextLoader.java,182.0,22.0,347.0,27.0,9.0,70.0,0.0,daijy@13f79535-47bb-0310-9956-ffa450edef68,0,0.0,0.0,0.0,0.0,0.0,0.0,0.0,0,0,0.0,false
src/org/apache/pig/builtin/Utf8StorageConverter.java,479.0,25.0,503.0,34.0,132.0,150.0,0.0,daijy@13f79535-47bb-0310-9956-ffa450edef68,0,0.0,0.0,0.0,0.0,0.0,0.0,0.0,0,1,0.0,false
src/org/apache/pig/data/BinInterSedes.java,1171.0,28.0,205.0,23.0,112.0,97.0,0.0,jcoveney@13f79535-47bb-0310-9956-ffa450edef68,0,0.0,0.0,0.0,0.0,0.0,0.0,0.0,0,3,0.0,false
src/org/apache/pig/data/BinSedesTuple.java,45.0,5.0,19.0,7.0,5.0,11.0,0.0,gates@13f79535-47bb-0310-9956-ffa450edef68,0,0.0,0.0,0.0,0.0,0.0,0.0,0.0,0,1,0.0,false
src/org/apache/pig/data/DataReaderWriter.java,258.0,14.0,39.0,10.0,69.0,46.0,0.0,null,0,0.0,0.0,0.0,0.0,0.0,0.0,0.0,0,1,0.0,false
src/org/apache/pig/data/DefaultAbstractBag.java,306.0,20.0,219.0,23.0,65.0,62.0,3.0,null,2,0.00975609756097561,20.0,10.0,0.0,0.0,609.0961887477315,5039.864234914983,2,2,1.0194281307823787,false
src/org/apache/pig/impl/PigContext.java,590.0,50.0,1596.0,61.0,99.0,182.0,5.0,daijy@13f79535-47bb-0310-9956-ffa450edef68,2,0.00975609756097561,5.0,2.0,0.0,2.0,1360.058908045977,21613.15486832236,2,3,0.44070173643685717,false
src/org/apache/pig/impl/builtin/StreamingUDF.java,352.0,41.0,36.0,12.0,54.0,42.0,0.0,daijy@13f79535-47bb-0310-9956-ffa450edef68,0,0.0,0.0,0.0,0.0,0.0,0.0,0.0,0,0,0.0,false
src/org/apache/pig/impl/io/InterStorage.java,90.0,31.0,167.0,19.0,9.0,43.0,0.0,gates@13f79535-47bb-0310-9956-ffa450edef68,0,0.0,0.0,0.0,0.0,0.0,0.0,0.0,0,1,0.0,false
src/org/apache/pig/impl/io/NullableBigDecimalWritable.java,11.0,2.0,3.0,3.0,2.0,4.0,0.0,daijy@13f79535-47bb-0310-9956-ffa450edef68,0,0.0,0.0,0.0,0.0,0.0,0.0,0.0,0,0,0.0,false
src/org/apache/pig/impl/io/NullableBigIntegerWritable.java,11.0,2.0,3.0,3.0,2.0,4.0,0.0,daijy@13f79535-47bb-0310-9956-ffa450edef68,0,0.0,0.0,0.0,0.0,0.0,0.0,0.0,0,0,0.0,false
src/org/apache/pig/impl/io/NullablePartitionWritable.java,62.0,4.0,0.0,16.0,17.0,27.0,0.0,daijy@13f79535-47bb-0310-9956-ffa450edef68,0,0.0,0.0,0.0,0.0,0.0,0.0,0.0,0,1,0.0,false
src/org/apache/pig/impl/io/NullableTuple.java,25.0,5.0,6.0,4.0,6.0,7.0,0.0,daijy@13f79535-47bb-0310-9956-ffa450edef68,0,0.0,0.0,0.0,0.0,0.0,0.0,0.0,0,1,0.0,false
src/org/apache/pig/impl/io/PigNullableWritable.java,93.0,6.0,0.0,11.0,12.0,32.0,0.0,daijy@13f79535-47bb-0310-9956-ffa450edef68,0,0.0,0.0,0.0,0.0,0.0,0.0,0.0,0,1,0.0,false
src/org/apache/pig/impl/io/SequenceFileInterStorage.java,106.0,35.0,149.0,18.0,9.0,46.0,0.0,aniket486@13f79535-47bb-0310-9956-ffa450edef68,0,0.0,0.0,0.0,0.0,0.0,0.0,0.0,0,0,0.0,false
src/org/apache/pig/impl/io/TFileStorage.java,94.0,31.0,167.0,19.0,9.0,44.0,0.0,daijy@13f79535-47bb-0310-9956-ffa450edef68,0,0.0,0.0,0.0,0.0,0.0,0.0,0.0,0,1,0.0,false
src/org/apache/pig/impl/streaming/ExecutableManager.java,332.0,20.0,0.0,8.0,33.0,25.0,0.0,null,0,0.0,0.0,0.0,0.0,0.0,0.0,0.0,0,0,0.0,false
src/org/apache/pig/impl/streaming/OutputHandler.java,106.0,8.0,10.0,8.0,16.0,28.0,0.0,daijy@13f79535-47bb-0310-9956-ffa450edef68,0,0.0,0.0,0.0,0.0,0.0,0.0,0.0,0,1,0.0,false
src/org/apache/pig/impl/streaming/PigStreamingUDF.java,154.0,24.0,5.0,11.0,42.0,41.0,0.0,daijy@13f79535-47bb-0310-9956-ffa450edef68,0,0.0,0.0,0.0,0.0,0.0,0.0,0.0,0,0,0.0,false
src/org/apache/pig/impl/streaming/StreamingDelimiters.java,118.0,1.0,94.0,16.0,2.0,38.0,0.0,daijy@13f79535-47bb-0310-9956-ffa450edef68,0,0.0,0.0,0.0,0.0,0.0,0.0,0.0,0,0,0.0,false
src/org/apache/pig/impl/streaming/StreamingUDFException.java,43.0,1.0,0.0,10.0,5.0,14.0,0.0,daijy@13f79535-47bb-0310-9956-ffa450edef68,0,0.0,0.0,0.0,0.0,0.0,0.0,0.0,0,0,0.0,false
src/org/apache/pig/impl/streaming/StreamingUDFInputHandler.java,5.0,1.0,0.0,1.0,0.0,1.0,0.0,daijy@13f79535-47bb-0310-9956-ffa450edef68,0,0.0,0.0,0.0,0.0,0.0,0.0,0.0,0,0,0.0,false
src/org/apache/pig/impl/streaming/StreamingUDFOutputHandler.java,8.0,0.0,1.0,2.0,1.0,3.0,0.0,daijy@13f79535-47bb-0310-9956-ffa450edef68,0,0.0,0.0,0.0,0.0,0.0,0.0,0.0,0,0,0.0,false
src/org/apache/pig/impl/streaming/StreamingUDFOutputSchemaException.java,11.0,0.0,0.0,2.0,0.0,3.0,0.0,daijy@13f79535-47bb-0310-9956-ffa450edef68,0,0.0,0.0,0.0,0.0,0.0,0.0,0.0,0,0,0.0,false
src/org/apache/pig/impl/streaming/StreamingUtil.java,78.0,9.0,4.0,4.0,27.0,14.0,0.0,daijy@13f79535-47bb-0310-9956-ffa450edef68,0,0.0,0.0,0.0,0.0,0.0,0.0,0.0,0,0,0.0,false
src/org/apache/pig/impl/util/CastUtils.java,137.0,8.0,3.0,6.0,31.0,31.0,0.0,null,0,0.0,0.0,0.0,0.0,0.0,0.0,0.0,0,1,0.0,false
src/org/apache/pig/impl/util/JarManager.java,262.0,41.0,60.0,13.0,76.0,50.0,3.0,daijy@13f79535-47bb-0310-9956-ffa450edef68,1,0.004878048780487805,10.0,5.0,0.0,0.0,475.5172413793104,4526.962697606592,1,0,1.466337068793427,false
src/org/apache/pig/impl/util/StorageUtil.java,218.0,22.0,34.0,9.0,44.0,42.0,0.0,null,0,0.0,0.0,0.0,0.0,0.0,0.0,0.0,0,1,0.0,false
src/org/apache/pig/impl/util/UriUtil.java,16.0,0.0,1.0,2.0,3.0,6.0,2.0,daijy@13f79535-47bb-0310-9956-ffa450edef68,1,0.004878048780487805,17.0,0.0,0.0,0.0,133.57894736842104,512.9015373083907,1,1,1.9588135538912212,false
src/org/apache/pig/impl/util/Utils.java,341.0,50.0,362.0,29.0,92.0,101.0,7.0,null,4,0.01951219512195122,16.0,6.0,0.0,3.0,1611.5202083555746,22661.210362765625,4,1,0.08422013714598786,false
src/org/apache/pig/impl/util/avro/AvroRecordWriter.java,54.0,24.0,0.0,5.0,25.0,16.0,3.0,rohini@13f79535-47bb-0310-9956-ffa450edef68,1,0.004878048780487805,50.0,0.0,0.0,0.0,117.88235294117646,535.1539571348757,1,0,2.0541237336955462,false
src/org/apache/pig/impl/util/avro/AvroStorageSchemaConversionUtilities.java,470.0,18.0,91.0,14.0,113.0,76.0,2.0,daijy@13f79535-47bb-0310-9956-ffa450edef68,1,0.004878048780487805,17.0,17.0,0.0,0.0,884.5416666666666,17086.192170715767,1,0,0.8013607652001781,false
src/org/apache/pig/impl/util/avro/AvroTupleWrapper.java,197.0,21.0,0.0,17.0,64.0,50.0,3.0,cheolsoo@13f79535-47bb-0310-9956-ffa450edef68,1,0.004878048780487805,40.0,0.0,0.0,0.0,884.5416666666666,17086.192170715767,1,0,0.8013607652001781,false
src/org/apache/pig/newplan/FilterExtractor.java,258.0,26.0,43.0,15.0,31.0,51.0,3.0,cheolsoo@13f79535-47bb-0310-9956-ffa450edef68,1,0.004878048780487805,20.0,20.0,0.0,20.0,884.5416666666666,17086.192170715767,1,0,0.8013607652001781,false
src/org/apache/pig/newplan/PColFilterExtractor.java,418.0,35.0,297.0,27.0,89.0,93.0,9.0,null,1,0.004878048780487805,9.0,0.0,0.0,9.0,133.57894736842104,512.9015373083907,1,1,1.9588135538912212,false
src/org/apache/pig/newplan/logical/optimizer/AllSameRalationalNodesVisitor.java,68.0,22.0,171.0,19.0,17.0,39.0,16.0,daijy@13f79535-47bb-0310-9956-ffa450edef68,1,0.004878048780487805,33.0,0.0,33.0,0.0,475.5172413793104,4526.962697606592,1,0,1.466337068793427,false
src/org/apache/pig/newplan/logical/optimizer/LogicalPlanOptimizer.java,110.0,26.0,4.0,4.0,14.0,11.0,12.0,daijy@13f79535-47bb-0310-9956-ffa450edef68,2,0.00975609756097561,14.0,0.0,7.0,7.0,609.0961887477315,5039.864234914983,2,0,1.0194281307823787,false
src/org/apache/pig/newplan/logical/relational/LOCross.java,67.0,5.0,15.0,7.0,11.0,21.0,0.0,daijy@13f79535-47bb-0310-9956-ffa450edef68,0,0.0,0.0,0.0,0.0,0.0,0.0,0.0,0,0,0.0,false
src/org/apache/pig/newplan/logical/relational/LOGenerate.java,206.0,11.0,79.0,18.0,23.0,40.0,16.0,daijy@13f79535-47bb-0310-9956-ffa450edef68,1,0.004878048780487805,6.0,0.0,6.0,0.0,475.5172413793104,4526.962697606592,1,4,1.466337068793427,false
src/org/apache/pig/newplan/logical/relational/LOJoin.java,148.0,9.0,60.0,17.0,21.0,40.0,16.0,null,1,0.004878048780487805,11.0,0.0,11.0,0.0,475.5172413793104,4526.962697606592,1,2,1.466337068793427,false
src/org/apache/pig/newplan/logical/relational/LOLoad.java,208.0,18.0,218.0,25.0,29.0,72.0,0.0,daijy@13f79535-47bb-0310-9956-ffa450edef68,0,0.0,0.0,0.0,0.0,0.0,0.0,0.0,0,0,0.0,false
src/org/apache/pig/newplan/logical/relational/LOStream.java,75.0,7.0,37.0,11.0,8.0,28.0,0.0,daijy@13f79535-47bb-0310-9956-ffa450edef68,0,0.0,0.0,0.0,0.0,0.0,0.0,0.0,0,0,0.0,false
src/org/apache/pig/newplan/logical/relational/LogicalPlanData.java,104.0,3.0,15.0,7.0,20.0,27.0,0.0,daijy@13f79535-47bb-0310-9956-ffa450edef68,0,0.0,0.0,0.0,0.0,0.0,0.0,0.0,0,0,0.0,false
src/org/apache/pig/newplan/logical/rules/LoadTypeCastInserter.java,25.0,6.0,15.0,6.0,5.0,12.0,0.0,daijy@13f79535-47bb-0310-9956-ffa450edef68,0,0.0,0.0,0.0,0.0,0.0,0.0,0.0,0,0,0.0,false
src/org/apache/pig/newplan/logical/rules/PartitionFilterOptimizer.java,144.0,25.0,3.0,3.0,2.0,8.0,9.0,null,1,0.004878048780487805,12.0,0.0,0.0,12.0,133.57894736842104,512.9015373083907,1,1,1.9588135538912212,false
src/org/apache/pig/newplan/logical/rules/StreamTypeCastInserter.java,26.0,9.0,15.0,6.0,7.0,11.0,0.0,daijy@13f79535-47bb-0310-9956-ffa450edef68,0,0.0,0.0,0.0,0.0,0.0,0.0,0.0,0,0,0.0,false
src/org/apache/pig/newplan/logical/rules/TypeCastInserter.java,105.0,27.0,15.0,6.0,0.0,9.0,0.0,daijy@13f79535-47bb-0310-9956-ffa450edef68,0,0.0,0.0,0.0,0.0,0.0,0.0,0.0,0,0,0.0,false
src/org/apache/pig/newplan/logical/visitor/DuplicateForEachColumnRewriteVisitor.java,72.0,28.0,6.0,4.0,22.0,18.0,16.0,daijy@13f79535-47bb-0310-9956-ffa450edef68,1,0.004878048780487805,100.0,0.0,100.0,0.0,475.5172413793104,4526.962697606592,1,0,1.466337068793427,false
src/org/apache/pig/newplan/logical/visitor/ImplicitSplitInsertVisitor.java,45.0,17.0,3.0,3.0,13.0,12.0,16.0,daijy@13f79535-47bb-0310-9956-ffa450edef68,1,0.004878048780487805,100.0,0.0,100.0,0.0,475.5172413793104,4526.962697606592,1,0,1.466337068793427,false
src/org/apache/pig/newplan/logical/visitor/LineageFindRelVisitor.java,477.0,57.0,276.0,28.0,141.0,101.0,7.0,thejas@13f79535-47bb-0310-9956-ffa450edef68,1,0.004878048780487805,11.0,0.0,0.0,0.0,52.0,132.20701473816234,1,0,3.6635616461296463,false
src/org/apache/pig/newplan/logical/visitor/ScalarVisitor.java,55.0,21.0,0.0,3.0,48.0,17.0,0.0,thejas@13f79535-47bb-0310-9956-ffa450edef68,0,0.0,0.0,0.0,0.0,0.0,0.0,0.0,0,0,0.0,false
src/org/apache/pig/newplan/logical/visitor/TypeCheckingExpVisitor.java,857.0,57.0,685.0,43.0,194.0,169.0,9.0,thejas@13f79535-47bb-0310-9956-ffa450edef68,1,0.004878048780487805,6.0,0.0,0.0,0.0,475.5172413793104,4526.962697606592,1,3,1.466337068793427,false
src/org/apache/pig/parser/DryRunGruntParser.java,246.0,16.0,0.0,33.0,53.0,80.0,0.0,rding@13f79535-47bb-0310-9956-ffa450edef68,0,0.0,0.0,0.0,0.0,0.0,0.0,0.0,0,1,0.0,false
src/org/apache/pig/parser/LogicalPlanBuilder.java,1287.0,80.0,2384.0,104.0,379.0,348.0,16.0,null,1,0.004878048780487805,2.0,0.0,2.0,0.0,475.5172413793104,4526.962697606592,1,4,1.466337068793427,false
src/org/apache/pig/pen/ExampleGenerator.java,241.0,31.0,13.0,15.0,86.0,54.0,0.0,cheolsoo@13f79535-47bb-0310-9956-ffa450edef68,0,0.0,0.0,0.0,0.0,0.0,0.0,0.0,0,0,0.0,false
src/org/apache/pig/pen/LineageTrimmingVisitor.java,288.0,45.0,0.0,22.0,91.0,86.0,16.0,daijy@13f79535-47bb-0310-9956-ffa450edef68,1,0.004878048780487805,25.0,0.0,25.0,0.0,475.5172413793104,4526.962697606592,1,0,1.466337068793427,false
src/org/apache/pig/pen/util/DisplayExamples.java,244.0,20.0,78.0,13.0,83.0,61.0,0.0,daijy@13f79535-47bb-0310-9956-ffa450edef68,0,0.0,0.0,0.0,0.0,0.0,0.0,0.0,0,0,0.0,false
src/org/apache/pig/scripting/BoundScript.java,273.0,22.0,15.0,15.0,83.0,59.0,13.0,rding@13f79535-47bb-0310-9956-ffa450edef68,1,0.004878048780487805,14.0,0.0,0.0,0.0,884.5416666666666,17086.192170715767,1,1,0.8013607652001781,false
src/org/apache/pig/scripting/ScriptEngine.java,219.0,20.0,135.0,18.0,43.0,56.0,0.0,daijy@13f79535-47bb-0310-9956-ffa450edef68,0,0.0,0.0,0.0,0.0,0.0,0.0,0.0,0,1,0.0,false
src/org/apache/pig/scripting/ScriptingOutputCapturer.java,87.0,15.0,37.0,10.0,18.0,23.0,0.0,daijy@13f79535-47bb-0310-9956-ffa450edef68,0,0.0,0.0,0.0,0.0,0.0,0.0,0.0,0,0,0.0,false
src/org/apache/pig/scripting/SyncProgressNotificationAdaptor.java,75.0,7.0,0.0,10.0,12.0,30.0,0.0,daijy@13f79535-47bb-0310-9956-ffa450edef68,0,0.0,0.0,0.0,0.0,0.0,0.0,0.0,0,0,0.0,false
src/org/apache/pig/scripting/streaming/python/PythonScriptEngine.java,68.0,18.0,8.0,5.0,23.0,17.0,0.0,daijy@13f79535-47bb-0310-9956-ffa450edef68,0,0.0,0.0,0.0,0.0,0.0,0.0,0.0,0,0,0.0,false
src/org/apache/pig/tools/grunt/Grunt.java,59.0,13.0,0.0,5.0,28.0,15.0,0.0,daijy@13f79535-47bb-0310-9956-ffa450edef68,0,0.0,0.0,0.0,0.0,0.0,0.0,0.0,0,0,0.0,false
src/org/apache/pig/tools/grunt/GruntParser.java,969.0,56.0,335.0,55.0,288.0,218.0,0.0,daijy@13f79535-47bb-0310-9956-ffa450edef68,0,0.0,0.0,0.0,0.0,0.0,0.0,0.0,0,2,0.0,false
src/org/apache/pig/tools/parameters/ParameterSubstitutionException.java,9.0,0.0,1.0,2.0,0.0,3.0,0.0,daijy@13f79535-47bb-0310-9956-ffa450edef68,0,0.0,0.0,0.0,0.0,0.0,0.0,0.0,0,1,0.0,false
src/org/apache/pig/tools/parameters/PreprocessorContext.java,236.0,13.0,21.0,11.0,47.0,46.0,2.0,daijy@13f79535-47bb-0310-9956-ffa450edef68,1,0.004878048780487805,9.0,0.0,0.0,0.0,884.5416666666666,17086.192170715767,1,3,0.8013607652001781,false
src/org/apache/pig/tools/pigstats/JobStats.java,191.0,15.0,796.0,41.0,16.0,68.0,7.0,null,1,0.004878048780487805,4.0,0.0,0.0,4.0,884.5416666666666,17086.192170715767,1,0,0.8013607652001781,false
src/org/apache/pig/tools/pigstats/PigProgressNotificationListener.java,59.0,4.0,36.0,9.0,0.0,21.0,0.0,daijy@13f79535-47bb-0310-9956-ffa450edef68,0,0.0,0.0,0.0,0.0,0.0,0.0,0.0,0,0,0.0,false
src/org/apache/pig/tools/pigstats/PigStats.java,402.0,26.0,725.0,42.0,89.0,114.0,10.0,cheolsoo@13f79535-47bb-0310-9956-ffa450edef68,1,0.004878048780487805,14.0,0.0,0.0,7.0,884.5416666666666,17086.192170715767,1,1,0.8013607652001781,false
src/org/apache/pig/tools/pigstats/PigStatsUtil.java,87.0,7.0,21.0,7.0,12.0,10.0,13.0,null,1,0.004878048780487805,5.0,0.0,0.0,0.0,884.5416666666666,17086.192170715767,1,2,0.8013607652001781,false
src/org/apache/pig/tools/pigstats/ScriptState.java,248.0,39.0,248.0,25.0,44.0,55.0,7.0,null,2,0.00975609756097561,7.0,0.0,0.0,0.0,1018.1206140350877,17599.093708024157,2,0,0.6869399789857543,false
src/org/apache/pig/tools/pigstats/mapreduce/MRJobStats.java,394.0,35.0,540.0,37.0,88.0,92.0,7.0,cheolsoo@13f79535-47bb-0310-9956-ffa450edef68,1,0.004878048780487805,8.0,0.0,0.0,8.0,884.5416666666666,17086.192170715767,1,0,0.8013607652001781,false
src/org/apache/pig/tools/pigstats/mapreduce/MRPigStatsUtil.java,223.0,24.0,85.0,15.0,77.0,51.0,7.0,daijy@13f79535-47bb-0310-9956-ffa450edef68,1,0.004878048780487805,14.0,0.0,0.0,14.0,884.5416666666666,17086.192170715767,1,0,0.8013607652001781,false
src/org/apache/pig/tools/pigstats/mapreduce/MRScriptState.java,383.0,49.0,194.0,21.0,94.0,66.0,0.0,daijy@13f79535-47bb-0310-9956-ffa450edef68,0,0.0,0.0,0.0,0.0,0.0,0.0,0.0,0,0,0.0,false
src/org/apache/pig/tools/pigstats/mapreduce/SimplePigStats.java,207.0,28.0,112.0,17.0,52.0,44.0,7.0,daijy@13f79535-47bb-0310-9956-ffa450edef68,1,0.004878048780487805,17.0,0.0,0.0,17.0,884.5416666666666,17086.192170715767,1,0,0.8013607652001781,false
test/org/apache/pig/TestLoadFuncMetadataWrapper.java,75.0,7.0,1.0,2.0,19.0,6.0,0.0,aniket486@13f79535-47bb-0310-9956-ffa450edef68,0,0.0,0.0,0.0,0.0,0.0,0.0,0.0,0,0,0.0,false
test/org/apache/pig/TestLoadFuncWrapper.java,84.0,13.0,1.0,2.0,15.0,6.0,0.0,daijy@13f79535-47bb-0310-9956-ffa450edef68,0,0.0,0.0,0.0,0.0,0.0,0.0,0.0,0,0,0.0,false
test/org/apache/pig/impl/builtin/TestStreamingUDF.java,147.0,17.0,0.0,7.0,56.0,21.0,0.0,daijy@13f79535-47bb-0310-9956-ffa450edef68,0,0.0,0.0,0.0,0.0,0.0,0.0,0.0,0,1,0.0,true
test/org/apache/pig/impl/streaming/TestPigStreamingUDF.java,285.0,21.0,0.0,27.0,153.0,59.0,0.0,daijy@13f79535-47bb-0310-9956-ffa450edef68,0,0.0,0.0,0.0,0.0,0.0,0.0,0.0,0,0,0.0,false
test/org/apache/pig/impl/streaming/TestStreamingUDFOutputHandler.java,26.0,12.0,1.0,3.0,11.0,7.0,0.0,daijy@13f79535-47bb-0310-9956-ffa450edef68,0,0.0,0.0,0.0,0.0,0.0,0.0,0.0,0,0,0.0,false
test/org/apache/pig/impl/streaming/TestStreamingUtil.java,39.0,10.0,0.0,1.0,15.0,4.0,0.0,daijy@13f79535-47bb-0310-9956-ffa450edef68,0,0.0,0.0,0.0,0.0,0.0,0.0,0.0,0,0,0.0,false
test/org/apache/pig/newplan/logical/relational/TestLocationInPhysicalPlan.java,21.0,10.0,0.0,1.0,21.0,2.0,0.0,daijy@13f79535-47bb-0310-9956-ffa450edef68,0,0.0,0.0,0.0,0.0,0.0,0.0,0.0,0,1,0.0,true
test/org/apache/pig/parser/TestQueryParser.java,359.0,15.0,3240.0,81.0,123.0,194.0,9.0,thejas@13f79535-47bb-0310-9956-ffa450edef68,1,0.004878048780487805,5.0,0.0,0.0,0.0,475.5172413793104,4526.962697606592,1,3,1.466337068793427,false
test/org/apache/pig/pigunit/PigTest.java,201.0,25.0,235.0,26.0,82.0,56.0,0.0,daijy@13f79535-47bb-0310-9956-ffa450edef68,0,0.0,0.0,0.0,0.0,0.0,0.0,0.0,0,1,0.0,false
test/org/apache/pig/test/PigStorageWithDifferentCaster.java,11.0,11.0,3.0,3.0,0.0,7.0,2.0,knoguchi@13f79535-47bb-0310-9956-ffa450edef68,1,0.004878048780487805,100.0,100.0,0.0,0.0,52.0,132.20701473816234,1,0,3.6635616461296463,false
test/org/apache/pig/test/PigStorageWithStatistics.java,29.0,9.0,1.0,3.0,6.0,10.0,10.0,aniket486@13f79535-47bb-0310-9956-ffa450edef68,1,0.004878048780487805,25.0,25.0,0.0,0.0,133.57894736842104,512.9015373083907,1,0,1.9588135538912212,false
test/org/apache/pig/test/TestAssert.java,38.0,11.0,1.0,2.0,18.0,7.0,0.0,daijy@13f79535-47bb-0310-9956-ffa450edef68,0,0.0,0.0,0.0,0.0,0.0,0.0,0.0,0,0,0.0,true
test/org/apache/pig/test/TestBuiltin.java,2199.0,111.0,1795.0,71.0,570.0,259.0,7.0,null,3,0.014634146341463415,10.0,0.0,0.0,2.0,1477.9412609871533,22148.308825457236,3,3,0.23463808038466683,true
test/org/apache/pig/test/TestConversions.java,297.0,25.0,0.0,24.0,182.0,59.0,0.0,daijy@13f79535-47bb-0310-9956-ffa450edef68,0,0.0,0.0,0.0,0.0,0.0,0.0,0.0,0,1,0.0,false
test/org/apache/pig/test/TestCounters.java,454.0,24.0,0.0,15.0,233.0,65.0,0.0,daijy@13f79535-47bb-0310-9956-ffa450edef68,0,0.0,0.0,0.0,0.0,0.0,0.0,0.0,0,0,0.0,false
test/org/apache/pig/test/TestEmptyInputDir.java,153.0,15.0,0.0,8.0,100.0,24.0,0.0,daijy@13f79535-47bb-0310-9956-ffa450edef68,0,0.0,0.0,0.0,0.0,0.0,0.0,0.0,0,1,0.0,false
test/org/apache/pig/test/TestEqualTo.java,328.0,18.0,406.0,29.0,205.0,79.0,26.0,cheolsoo@13f79535-47bb-0310-9956-ffa450edef68,1,0.004878048780487805,17.0,0.0,0.0,0.0,884.5416666666666,17086.192170715767,1,0,0.8013607652001781,false
test/org/apache/pig/test/TestEvalPipelineLocal.java,797.0,43.0,0.0,33.0,417.0,118.0,13.0,daijy@13f79535-47bb-0310-9956-ffa450edef68,2,0.00975609756097561,9.0,0.0,0.0,4.0,1360.058908045977,21613.15486832236,2,2,0.44070173643685717,false
test/org/apache/pig/test/TestFRJoin2.java,271.0,21.0,0.0,10.0,146.0,33.0,10.0,daijy@13f79535-47bb-0310-9956-ffa450edef68,1,0.004878048780487805,14.0,14.0,0.0,0.0,133.57894736842104,512.9015373083907,1,0,1.9588135538912212,false
test/org/apache/pig/test/TestGTOrEqual.java,325.0,13.0,406.0,29.0,205.0,80.0,26.0,cheolsoo@13f79535-47bb-0310-9956-ffa450edef68,1,0.004878048780487805,20.0,0.0,0.0,0.0,884.5416666666666,17086.192170715767,1,0,0.8013607652001781,false
test/org/apache/pig/test/TestGreaterThan.java,325.0,13.0,406.0,29.0,205.0,80.0,26.0,cheolsoo@13f79535-47bb-0310-9956-ffa450edef68,1,0.004878048780487805,20.0,0.0,0.0,0.0,884.5416666666666,17086.192170715767,1,0,0.8013607652001781,false
test/org/apache/pig/test/TestGroupConstParallel.java,83.0,31.0,0.0,5.0,38.0,14.0,0.0,daijy@13f79535-47bb-0310-9956-ffa450edef68,0,0.0,0.0,0.0,0.0,0.0,0.0,0.0,0,0,0.0,false
test/org/apache/pig/test/TestHBaseStorage.java,779.0,33.0,0.0,36.0,349.0,114.0,3.0,null,3,0.014634146341463415,13.0,6.0,0.0,0.0,1477.9412609871533,22148.308825457236,3,4,0.5542655545062565,false
test/org/apache/pig/test/TestJobControlCompiler.java,181.0,50.0,33.0,10.0,91.0,32.0,8.0,null,1,0.004878048780487805,15.0,8.0,0.0,0.0,884.5416666666666,17086.192170715767,1,2,0.8013607652001781,false
test/org/apache/pig/test/TestJobSubmission.java,229.0,39.0,0.0,11.0,122.0,36.0,0.0,daijy@13f79535-47bb-0310-9956-ffa450edef68,0,0.0,0.0,0.0,0.0,0.0,0.0,0.0,0,4,0.0,false
test/org/apache/pig/test/TestJsonLoaderStorage.java,142.0,20.0,7.0,7.0,46.0,21.0,7.0,daijy@13f79535-47bb-0310-9956-ffa450edef68,1,0.004878048780487805,6.0,0.0,6.0,0.0,475.5172413793104,4526.962697606592,1,3,1.466337068793427,true
test/org/apache/pig/test/TestLTOrEqual.java,325.0,13.0,406.0,29.0,205.0,80.0,26.0,cheolsoo@13f79535-47bb-0310-9956-ffa450edef68,1,0.004878048780487805,20.0,0.0,0.0,0.0,884.5416666666666,17086.192170715767,1,0,0.8013607652001781,false
test/org/apache/pig/test/TestLessThan.java,325.0,13.0,406.0,29.0,205.0,80.0,26.0,cheolsoo@13f79535-47bb-0310-9956-ffa450edef68,1,0.004878048780487805,20.0,0.0,0.0,0.0,884.5416666666666,17086.192170715767,1,0,0.8013607652001781,false
test/org/apache/pig/test/TestLineageFindRelVisitor.java,45.0,18.0,0.0,1.0,6.0,4.0,2.0,knoguchi@13f79535-47bb-0310-9956-ffa450edef68,1,0.004878048780487805,100.0,100.0,0.0,0.0,52.0,132.20701473816234,1,0,3.6635616461296463,false
test/org/apache/pig/test/TestLogicalPlanBuilder.java,1172.0,48.0,12531.0,159.0,495.0,505.0,0.0,null,0,0.0,0.0,0.0,0.0,0.0,0.0,0.0,0,4,0.0,false
test/org/apache/pig/test/TestMRExecutionEngine.java,19.0,8.0,1.0,2.0,8.0,4.0,0.0,daijy@13f79535-47bb-0310-9956-ffa450edef68,0,0.0,0.0,0.0,0.0,0.0,0.0,0.0,0,0,0.0,false
test/org/apache/pig/test/TestMRJobStats.java,169.0,31.0,60.0,12.0,89.0,34.0,0.0,daijy@13f79535-47bb-0310-9956-ffa450edef68,0,0.0,0.0,0.0,0.0,0.0,0.0,0.0,0,0,0.0,false
test/org/apache/pig/test/TestMultiQueryBasic.java,412.0,36.0,0.0,22.0,141.0,69.0,0.0,null,0,0.0,0.0,0.0,0.0,0.0,0.0,0.0,0,0,0.0,false
test/org/apache/pig/test/TestMultiQueryCompiler.java,1094.0,38.0,0.0,52.0,436.0,149.0,16.0,daijy@13f79535-47bb-0310-9956-ffa450edef68,1,0.004878048780487805,7.0,0.0,7.0,0.0,475.5172413793104,4526.962697606592,1,0,1.466337068793427,false
test/org/apache/pig/test/TestMultiQueryLocal.java,472.0,39.0,0.0,25.0,189.0,67.0,16.0,daijy@13f79535-47bb-0310-9956-ffa450edef68,1,0.004878048780487805,5.0,0.0,5.0,0.0,475.5172413793104,4526.962697606592,1,1,1.466337068793427,true
test/org/apache/pig/test/TestNewPartitionFilterPushDown.java,414.0,50.0,0.0,33.0,122.0,99.0,6.0,daijy@13f79535-47bb-0310-9956-ffa450edef68,2,0.00975609756097561,50.0,25.0,0.0,50.0,1018.1206140350877,17599.093708024157,2,0,0.6869399789857543,false
test/org/apache/pig/test/TestNotEqualTo.java,328.0,18.0,406.0,29.0,205.0,79.0,26.0,cheolsoo@13f79535-47bb-0310-9956-ffa450edef68,1,0.004878048780487805,17.0,0.0,0.0,0.0,884.5416666666666,17086.192170715767,1,0,0.8013607652001781,false
test/org/apache/pig/test/TestNumberOfReducers.java,143.0,16.0,89.0,15.0,39.0,46.0,0.0,daijy@13f79535-47bb-0310-9956-ffa450edef68,0,0.0,0.0,0.0,0.0,0.0,0.0,0.0,0,0,0.0,false
test/org/apache/pig/test/TestOptimizeLimit.java,145.0,22.0,0.0,17.0,62.0,41.0,16.0,daijy@13f79535-47bb-0310-9956-ffa450edef68,1,0.004878048780487805,17.0,0.0,17.0,0.0,475.5172413793104,4526.962697606592,1,0,1.466337068793427,false
test/org/apache/pig/test/TestPOCast.java,2128.0,41.0,0.0,16.0,454.0,78.0,0.0,null,0,0.0,0.0,0.0,0.0,0.0,0.0,0.0,0,0,0.0,false
test/org/apache/pig/test/TestPOPartialAggPlan.java,63.0,15.0,6.0,9.0,44.0,24.0,13.0,null,1,0.004878048780487805,20.0,0.0,0.0,0.0,884.5416666666666,17086.192170715767,1,0,0.8013607652001781,false
test/org/apache/pig/test/TestPackage.java,138.0,36.0,3.0,3.0,41.0,18.0,0.0,cheolsoo@13f79535-47bb-0310-9956-ffa450edef68,0,0.0,0.0,0.0,0.0,0.0,0.0,0.0,0,2,0.0,false
test/org/apache/pig/test/TestPartitionFilterPushDown.java,433.0,44.0,0.0,39.0,154.0,114.0,5.0,null,2,0.00975609756097561,13.0,0.0,0.0,7.0,1018.1206140350877,17599.093708024157,2,1,0.6869399789857543,false
test/org/apache/pig/test/TestPigRunner.java,755.0,36.0,0.0,33.0,356.0,124.0,7.0,daijy@13f79535-47bb-0310-9956-ffa450edef68,1,0.004878048780487805,3.0,0.0,0.0,3.0,884.5416666666666,17086.192170715767,1,4,0.8013607652001781,false
test/org/apache/pig/test/TestPigServer.java,609.0,56.0,0.0,42.0,262.0,116.0,3.0,daijy@13f79535-47bb-0310-9956-ffa450edef68,1,0.004878048780487805,3.0,0.0,0.0,0.0,133.57894736842104,512.9015373083907,1,3,1.9588135538912212,false
test/org/apache/pig/test/TestPigStats.java,137.0,28.0,30.0,9.0,76.0,30.0,0.0,null,0,0.0,0.0,0.0,0.0,0.0,0.0,0.0,0,0,0.0,false
test/org/apache/pig/test/TestPigStreaming.java,125.0,17.0,0.0,13.0,68.0,28.0,0.0,daijy@13f79535-47bb-0310-9956-ffa450edef68,0,0.0,0.0,0.0,0.0,0.0,0.0,0.0,0,0,0.0,false
test/org/apache/pig/test/TestPlanGeneration.java,157.0,37.0,0.0,11.0,89.0,28.0,13.0,daijy@13f79535-47bb-0310-9956-ffa450edef68,1,0.004878048780487805,12.0,0.0,0.0,0.0,884.5416666666666,17086.192170715767,1,1,0.8013607652001781,false
test/org/apache/pig/test/TestProjectStarRangeInUdf.java,149.0,19.0,0.0,21.0,57.0,58.0,9.0,thejas@13f79535-47bb-0310-9956-ffa450edef68,1,0.004878048780487805,20.0,0.0,0.0,0.0,475.5172413793104,4526.962697606592,1,2,1.466337068793427,false
test/org/apache/pig/test/TestPruneColumn.java,1474.0,45.0,0.0,76.0,999.0,237.0,16.0,daijy@13f79535-47bb-0310-9956-ffa450edef68,1,0.004878048780487805,5.0,0.0,5.0,0.0,475.5172413793104,4526.962697606592,1,2,1.466337068793427,false
test/org/apache/pig/test/TestScriptLanguage.java,281.0,21.0,134.0,29.0,182.0,94.0,13.0,null,1,0.004878048780487805,5.0,0.0,0.0,0.0,884.5416666666666,17086.192170715767,1,6,0.8013607652001781,false
test/org/apache/pig/test/TestShortcuts.java,184.0,24.0,0.0,20.0,59.0,48.0,0.0,daijy@13f79535-47bb-0310-9956-ffa450edef68,0,0.0,0.0,0.0,0.0,0.0,0.0,0.0,0,0,0.0,false
test/org/apache/pig/test/TestStore.java,583.0,67.0,94.0,25.0,206.0,79.0,0.0,daijy@13f79535-47bb-0310-9956-ffa450edef68,0,0.0,0.0,0.0,0.0,0.0,0.0,0.0,0,2,0.0,false
test/org/apache/pig/test/TestTextDataParser.java,160.0,21.0,0.0,18.0,126.0,39.0,0.0,cheolsoo@13f79535-47bb-0310-9956-ffa450edef68,0,0.0,0.0,0.0,0.0,0.0,0.0,0.0,0,0,0.0,false
test/org/apache/pig/test/TestTmpFileCompression.java,264.0,36.0,5.0,15.0,114.0,52.0,0.0,rohini@13f79535-47bb-0310-9956-ffa450edef68,0,0.0,0.0,0.0,0.0,0.0,0.0,0.0,0,2,0.0,false
test/org/apache/pig/test/TestTypeCheckingValidatorNewLP.java,2255.0,105.0,12967.0,163.0,714.0,537.0,7.0,thejas@13f79535-47bb-0310-9956-ffa450edef68,1,0.004878048780487805,4.0,0.0,0.0,0.0,52.0,132.20701473816234,1,4,3.6635616461296463,false
test/org/apache/pig/test/TestUDF.java,215.0,26.0,54.0,12.0,60.0,31.0,9.0,daijy@13f79535-47bb-0310-9956-ffa450edef68,1,0.004878048780487805,10.0,0.0,0.0,0.0,475.5172413793104,4526.962697606592,1,0,1.466337068793427,true
test/org/apache/pig/test/TestUnion.java,196.0,33.0,28.0,9.0,86.0,38.0,7.0,daijy@13f79535-47bb-0310-9956-ffa450edef68,1,0.004878048780487805,9.0,0.0,0.0,0.0,52.0,132.20701473816234,1,2,3.6635616461296463,true
test/org/apache/pig/test/Util.java,869.0,87.0,3566.0,85.0,292.0,291.0,7.0,daijy@13f79535-47bb-0310-9956-ffa450edef68,1,0.004878048780487805,2.0,0.0,2.0,0.0,475.5172413793104,4526.962697606592,1,5,1.466337068793427,true
test/org/apache/pig/test/pigunit/TestPigTest.java,144.0,18.0,0.0,16.0,33.0,36.0,0.0,daijy@13f79535-47bb-0310-9956-ffa450edef68,0,0.0,0.0,0.0,0.0,0.0,0.0,0.0,0,1,0.0,false
test/org/apache/pig/test/utils/GenRandomData.java,351.0,14.0,276.0,24.0,119.0,84.0,0.0,thejas@13f79535-47bb-0310-9956-ffa450edef68,0,0.0,0.0,0.0,0.0,0.0,0.0,0.0,0,0,0.0,false
test/org/apache/pig/tools/grunt/TestGruntParser.java,26.0,11.0,0.0,2.0,10.0,7.0,0.0,daijy@13f79535-47bb-0310-9956-ffa450edef68,0,0.0,0.0,0.0,0.0,0.0,0.0,0.0,0,0,0.0,true
test/perf/pigmix/src/java/org/apache/pig/test/pigmix/mapreduce/L1.java,112.0,24.0,0.0,1.0,31.0,8.0,0.0,daijy@13f79535-47bb-0310-9956-ffa450edef68,0,0.0,0.0,0.0,0.0,0.0,0.0,0.0,0,0,0.0,false
test/perf/pigmix/src/java/org/apache/pig/test/pigmix/mapreduce/L10.java,216.0,28.0,0.0,1.0,30.0,8.0,0.0,daijy@13f79535-47bb-0310-9956-ffa450edef68,0,0.0,0.0,0.0,0.0,0.0,0.0,0.0,0,0,0.0,false
test/perf/pigmix/src/java/org/apache/pig/test/pigmix/mapreduce/L11.java,144.0,23.0,0.0,1.0,33.0,8.0,0.0,daijy@13f79535-47bb-0310-9956-ffa450edef68,0,0.0,0.0,0.0,0.0,0.0,0.0,0.0,0,0,0.0,false
test/perf/pigmix/src/java/org/apache/pig/test/pigmix/mapreduce/L12.java,170.0,24.0,0.0,1.0,32.0,8.0,0.0,daijy@13f79535-47bb-0310-9956-ffa450edef68,0,0.0,0.0,0.0,0.0,0.0,0.0,0.0,0,0,0.0,false
test/perf/pigmix/src/java/org/apache/pig/test/pigmix/mapreduce/L13.java,153.0,22.0,0.0,1.0,32.0,8.0,0.0,daijy@13f79535-47bb-0310-9956-ffa450edef68,0,0.0,0.0,0.0,0.0,0.0,0.0,0.0,0,0,0.0,false
test/perf/pigmix/src/java/org/apache/pig/test/pigmix/mapreduce/L14.java,154.0,23.0,0.0,1.0,32.0,8.0,0.0,daijy@13f79535-47bb-0310-9956-ffa450edef68,0,0.0,0.0,0.0,0.0,0.0,0.0,0.0,0,0,0.0,false
test/perf/pigmix/src/java/org/apache/pig/test/pigmix/mapreduce/L15.java,160.0,24.0,0.0,1.0,31.0,8.0,0.0,daijy@13f79535-47bb-0310-9956-ffa450edef68,0,0.0,0.0,0.0,0.0,0.0,0.0,0.0,0,0,0.0,false
test/perf/pigmix/src/java/org/apache/pig/test/pigmix/mapreduce/L16.java,106.0,26.0,0.0,1.0,30.0,8.0,0.0,daijy@13f79535-47bb-0310-9956-ffa450edef68,0,0.0,0.0,0.0,0.0,0.0,0.0,0.0,0,0,0.0,false
test/perf/pigmix/src/java/org/apache/pig/test/pigmix/mapreduce/L17.java,235.0,24.0,0.0,1.0,31.0,8.0,0.0,daijy@13f79535-47bb-0310-9956-ffa450edef68,0,0.0,0.0,0.0,0.0,0.0,0.0,0.0,0,0,0.0,false
test/perf/pigmix/src/java/org/apache/pig/test/pigmix/mapreduce/L2.java,116.0,33.0,0.0,1.0,29.0,8.0,0.0,daijy@13f79535-47bb-0310-9956-ffa450edef68,0,0.0,0.0,0.0,0.0,0.0,0.0,0.0,0,0,0.0,false
test/perf/pigmix/src/java/org/apache/pig/test/pigmix/mapreduce/L3.java,156.0,23.0,0.0,1.0,32.0,8.0,0.0,daijy@13f79535-47bb-0310-9956-ffa450edef68,0,0.0,0.0,0.0,0.0,0.0,0.0,0.0,0,0,0.0,false
test/perf/pigmix/src/java/org/apache/pig/test/pigmix/mapreduce/L4.java,110.0,24.0,0.0,1.0,31.0,8.0,0.0,daijy@13f79535-47bb-0310-9956-ffa450edef68,0,0.0,0.0,0.0,0.0,0.0,0.0,0.0,0,0,0.0,false
test/perf/pigmix/src/java/org/apache/pig/test/pigmix/mapreduce/L5.java,139.0,23.0,0.0,1.0,32.0,8.0,0.0,daijy@13f79535-47bb-0310-9956-ffa450edef68,0,0.0,0.0,0.0,0.0,0.0,0.0,0.0,0,0,0.0,false
test/perf/pigmix/src/java/org/apache/pig/test/pigmix/mapreduce/L6.java,113.0,24.0,0.0,1.0,31.0,8.0,0.0,daijy@13f79535-47bb-0310-9956-ffa450edef68,0,0.0,0.0,0.0,0.0,0.0,0.0,0.0,0,0,0.0,false
test/perf/pigmix/src/java/org/apache/pig/test/pigmix/mapreduce/L7.java,129.0,24.0,0.0,1.0,31.0,8.0,0.0,daijy@13f79535-47bb-0310-9956-ffa450edef68,0,0.0,0.0,0.0,0.0,0.0,0.0,0.0,0,0,0.0,false
test/perf/pigmix/src/java/org/apache/pig/test/pigmix/mapreduce/L8.java,141.0,24.0,0.0,1.0,30.0,8.0,0.0,daijy@13f79535-47bb-0310-9956-ffa450edef68,0,0.0,0.0,0.0,0.0,0.0,0.0,0.0,0,0,0.0,false
test/perf/pigmix/src/java/org/apache/pig/test/pigmix/mapreduce/L9.java,169.0,25.0,0.0,1.0,30.0,8.0,0.0,daijy@13f79535-47bb-0310-9956-ffa450edef68,0,0.0,0.0,0.0,0.0,0.0,0.0,0.0,0,0,0.0,false
test/perf/pigmix/src/java/org/apache/pig/test/pigmix/mapreduce/Library.java,28.0,3.0,1.0,2.0,9.0,9.0,0.0,daijy@13f79535-47bb-0310-9956-ffa450edef68,0,0.0,0.0,0.0,0.0,0.0,0.0,0.0,0,0,0.0,false
