name,LOC,CBO,LCOM,NOM,RFC,WMC,ACS,Ownership,numOfChanges,numberOfFIChanges,ENH,NF,BugFixing,REF,structuralWorkloadSum,semanticWorkloadSum,numberOfDeveloper,pastFaults,MAF,isBuggy
contrib/piggybank/java/src/main/java/org/apache/pig/piggybank/evaluation/Over.java,569.0,36.0,0.0,5.0,24.0,25.0,3.0,daijy@13f79535-47bb-0310-9956-ffa450edef68,1,0.0013386880856760374,33.0,0.0,0.0,0.0,3757.8239999999996,717735.7445567974,1,0,0.8938178760220964,false
contrib/piggybank/java/src/main/java/org/apache/pig/piggybank/storage/DBStorage.java,250.0,26.0,17.0,10.0,43.0,32.0,3.0,gates@13f79535-47bb-0310-9956-ffa450edef68,1,0.0013386880856760374,20.0,0.0,0.0,0.0,3757.8239999999996,717735.7445567974,1,1,0.8938178760220964,false
contrib/piggybank/java/src/main/java/org/apache/pig/piggybank/storage/HiveColumnarStorage.java,152.0,21.0,13.0,6.0,33.0,24.0,2.0,daijy@13f79535-47bb-0310-9956-ffa450edef68,1,0.0013386880856760374,33.0,0.0,0.0,0.0,2489.0790378006873,219628.4976344713,1,0,0.9707789171582248,false
contrib/piggybank/java/src/main/java/org/apache/pig/piggybank/storage/XMLLoader.java,220.0,20.0,12.0,8.0,12.0,27.0,4.0,daijy@13f79535-47bb-0310-9956-ffa450edef68,1,0.0013386880856760374,12.0,0.0,0.0,0.0,2489.0790378006873,219628.4976344713,1,0,0.9707789171582248,false
contrib/piggybank/java/src/main/java/org/apache/pig/piggybank/storage/avro/AvroStorage.java,529.0,44.0,424.0,32.0,159.0,127.0,10.0,null,0,0.0,0.0,0.0,0.0,0.0,0.0,0.0,0,1,0.0,false
contrib/piggybank/java/src/test/java/org/apache/pig/piggybank/evaluation/TestOver.java,1458.0,17.0,1485.0,55.0,522.0,181.0,3.0,daijy@13f79535-47bb-0310-9956-ffa450edef68,1,0.0013386880856760374,33.0,0.0,0.0,0.0,3757.8239999999996,717735.7445567974,1,0,0.8938178760220964,false
contrib/piggybank/java/src/test/java/org/apache/pig/piggybank/test/storage/TestDBStorage.java,146.0,23.0,5.0,7.0,54.0,30.0,3.0,daijy@13f79535-47bb-0310-9956-ffa450edef68,1,0.0013386880856760374,14.0,0.0,0.0,0.0,3757.8239999999996,717735.7445567974,1,3,0.8938178760220964,false
contrib/piggybank/java/src/test/java/org/apache/pig/piggybank/test/storage/TestMultiStorageCompression.java,97.0,20.0,10.0,5.0,37.0,16.0,0.0,daijy@13f79535-47bb-0310-9956-ffa450edef68,0,0.0,0.0,0.0,0.0,0.0,0.0,0.0,0,2,0.0,false
contrib/piggybank/java/src/test/java/org/apache/pig/piggybank/test/storage/TestXMLLoader.java,372.0,21.0,34.0,13.0,143.0,81.0,4.0,daijy@13f79535-47bb-0310-9956-ffa450edef68,1,0.0013386880856760374,10.0,0.0,0.0,0.0,2489.0790378006873,219628.4976344713,1,1,0.9707789171582248,false
contrib/piggybank/java/src/test/java/org/apache/pig/piggybank/test/storage/avro/TestAvroStorage.java,577.0,39.0,0.0,55.0,281.0,171.0,0.0,null,0,0.0,0.0,0.0,0.0,0.0,0.0,0.0,0,7,0.0,false
shims/src/hadoop20/org/apache/pig/backend/hadoop/executionengine/shims/HadoopShims.java,102.0,19.0,190.0,20.0,34.0,49.0,8.0,daijy@13f79535-47bb-0310-9956-ffa450edef68,3,0.004016064257028112,22.0,0.0,6.0,0.0,4354.950984126984,722101.8912820598,3,2,0.9268326570981624,false
shims/src/hadoop23/org/apache/hadoop/mapred/DowngradeHelper.java,5.0,0.0,0.0,1.0,1.0,2.0,13.0,rohini@13f79535-47bb-0310-9956-ffa450edef68,1,0.0013386880856760374,50.0,0.0,50.0,0.0,149.55555555555554,362.4408208871352,1,0,2.4849066497880004,false
shims/src/hadoop23/org/apache/pig/backend/hadoop/executionengine/shims/HadoopShims.java,152.0,25.0,190.0,20.0,25.0,58.0,8.0,daijy@13f79535-47bb-0310-9956-ffa450edef68,4,0.00535475234270415,22.0,0.0,4.0,0.0,6844.0300219276705,941730.3889165311,4,2,0.43521948557198686,false
shims/src/hadoop23/org/apache/pig/backend/hadoop23/PigJobControl.java,166.0,9.0,25.0,10.0,21.0,37.0,294.0,daijy@13f79535-47bb-0310-9956-ffa450edef68,1,0.0013386880856760374,33.0,0.0,0.0,0.0,2489.0790378006873,219628.4976344713,1,0,0.9707789171582248,false
shims/test/hadoop20/org/apache/pig/test/MiniCluster.java,53.0,7.0,4.0,4.0,18.0,10.0,294.0,daijy@13f79535-47bb-0310-9956-ffa450edef68,1,0.0013386880856760374,12.0,0.0,0.0,0.0,2489.0790378006873,219628.4976344713,1,1,0.9707789171582248,false
shims/test/hadoop20/org/apache/pig/test/TezMiniCluster.java,17.0,2.0,6.0,4.0,0.0,8.0,211.0,daijy@13f79535-47bb-0310-9956-ffa450edef68,1,0.0013386880856760374,50.0,0.0,0.0,0.0,2489.0790378006873,219628.4976344713,1,0,0.9707789171582248,false
shims/test/hadoop23/org/apache/pig/test/MiniCluster.java,72.0,9.0,4.0,4.0,26.0,10.0,294.0,daijy@13f79535-47bb-0310-9956-ffa450edef68,1,0.0013386880856760374,8.0,0.0,0.0,0.0,2489.0790378006873,219628.4976344713,1,2,0.9707789171582248,false
shims/test/hadoop23/org/apache/pig/test/TezMiniCluster.java,94.0,16.0,6.0,5.0,31.0,13.0,211.0,daijy@13f79535-47bb-0310-9956-ffa450edef68,2,0.002677376171352075,14.0,0.0,0.0,0.0,2936.6504663721157,223632.20353884663,2,0,0.9141145745047231,false
src/org/apache/pig/Main.java,775.0,59.0,176.0,20.0,127.0,76.0,100.0,null,2,0.002677376171352075,4.0,0.0,0.0,1.0,2936.6504663721157,223632.20353884663,2,7,0.7585866408010411,false
src/org/apache/pig/OverwritableStoreFunc.java,17.0,4.0,1.0,2.0,0.0,6.0,31.0,daijy@13f79535-47bb-0310-9956-ffa450edef68,1,0.0013386880856760374,50.0,0.0,0.0,0.0,2489.0790378006873,219628.4976344713,1,0,0.9707789171582248,false
src/org/apache/pig/PigConfiguration.java,161.0,0.0,0.0,1.0,0.0,1.0,71.0,null,3,0.004016064257028112,14.0,0.0,0.0,0.0,6694.474466372115,941367.948095644,3,4,0.22892488840589054,false
src/org/apache/pig/PigConstants.java,27.0,1.0,0.0,1.0,0.0,2.0,7.0,aniket486@13f79535-47bb-0310-9956-ffa450edef68,1,0.0013386880856760374,11.0,0.0,0.0,0.0,3757.8239999999996,717735.7445567974,1,0,0.8938178760220964,false
src/org/apache/pig/PigServer.java,1304.0,79.0,1468.0,77.0,259.0,258.0,70.0,null,3,0.004016064257028112,6.0,1.0,0.0,0.0,6694.474466372115,941367.948095644,3,12,0.2597093048603418,false
src/org/apache/pig/PigWarning.java,0.0,0.0,0.0,0.0,0.0,0.0,294.0,null,1,0.0013386880856760374,12.0,0.0,0.0,0.0,2489.0790378006873,219628.4976344713,1,0,0.9707789171582248,false
src/org/apache/pig/TypedOutputEvalFunc.java,112.0,8.0,26.0,8.0,26.0,28.0,17.0,billgraham@13f79535-47bb-0310-9956-ffa450edef68,1,0.0013386880856760374,50.0,0.0,0.0,50.0,3757.8239999999996,717735.7445567974,1,0,0.8938178760220964,false
src/org/apache/pig/backend/hadoop/accumulo/AbstractAccumuloStorage.java,463.0,57.0,785.0,42.0,118.0,124.0,0.0,daijy@13f79535-47bb-0310-9956-ffa450edef68,0,0.0,0.0,0.0,0.0,0.0,0.0,0.0,0,0,0.0,false
src/org/apache/pig/backend/hadoop/accumulo/AccumuloBinaryConverter.java,151.0,16.0,300.0,25.0,26.0,72.0,0.0,daijy@13f79535-47bb-0310-9956-ffa450edef68,0,0.0,0.0,0.0,0.0,0.0,0.0,0.0,0,0,0.0,false
src/org/apache/pig/backend/hadoop/datastorage/ConfigurationUtil.java,42.0,11.0,15.0,6.0,18.0,14.0,294.0,daijy@13f79535-47bb-0310-9956-ffa450edef68,1,0.0013386880856760374,9.0,0.0,0.0,0.0,2489.0790378006873,219628.4976344713,1,2,0.9707789171582248,false
src/org/apache/pig/backend/hadoop/datastorage/HPath.java,110.0,15.0,0.0,27.0,40.0,60.0,294.0,daijy@13f79535-47bb-0310-9956-ffa450edef68,1,0.0013386880856760374,25.0,0.0,0.0,0.0,2489.0790378006873,219628.4976344713,1,0,0.9707789171582248,false
src/org/apache/pig/backend/hadoop/executionengine/HExecutionEngine.java,202.0,39.0,48.0,17.0,56.0,51.0,12.0,null,2,0.002677376171352075,7.0,0.0,2.0,0.0,6246.903037800686,937364.2421912687,2,3,0.30861106848470254,true
src/org/apache/pig/backend/hadoop/executionengine/JobCreationException.java,109.0,1.0,66.0,12.0,0.0,34.0,0.0,cheolsoo@13f79535-47bb-0310-9956-ffa450edef68,0,0.0,0.0,0.0,0.0,0.0,0.0,0.0,0,1,0.0,false
src/org/apache/pig/backend/hadoop/executionengine/Launcher.java,345.0,34.0,83.0,14.0,65.0,52.0,12.0,rohini@13f79535-47bb-0310-9956-ffa450edef68,2,0.002677376171352075,25.0,0.0,12.0,12.0,3907.3795555555553,718098.1853776845,2,0,0.9962150823451031,false
src/org/apache/pig/backend/hadoop/executionengine/TaskContext.java,14.0,1.0,28.0,8.0,0.0,9.0,12.0,cheolsoo@13f79535-47bb-0310-9956-ffa450edef68,1,0.0013386880856760374,100.0,0.0,0.0,0.0,3757.8239999999996,717735.7445567974,1,0,0.8938178760220964,false
src/org/apache/pig/backend/hadoop/executionengine/fetch/FetchContext.java,12.0,1.0,0.0,2.0,2.0,4.0,0.0,cheolsoo@13f79535-47bb-0310-9956-ffa450edef68,0,0.0,0.0,0.0,0.0,0.0,0.0,0.0,0,0,0.0,false
src/org/apache/pig/backend/hadoop/executionengine/fetch/FetchLauncher.java,105.0,30.0,4.0,5.0,42.0,21.0,15.0,cheolsoo@13f79535-47bb-0310-9956-ffa450edef68,1,0.0013386880856760374,20.0,0.0,0.0,10.0,3757.8239999999996,717735.7445567974,1,0,0.8938178760220964,false
src/org/apache/pig/backend/hadoop/executionengine/fetch/FetchOptimizer.java,168.0,42.0,6.0,4.0,16.0,14.0,0.0,cheolsoo@13f79535-47bb-0310-9956-ffa450edef68,0,0.0,0.0,0.0,0.0,0.0,0.0,0.0,0,0,0.0,true
src/org/apache/pig/backend/hadoop/executionengine/fetch/FetchTaskContext.java,37.0,2.0,0.0,6.0,6.0,15.0,14.0,cheolsoo@13f79535-47bb-0310-9956-ffa450edef68,1,0.0013386880856760374,100.0,0.0,0.0,0.0,3757.8239999999996,717735.7445567974,1,0,0.8938178760220964,false
src/org/apache/pig/backend/hadoop/executionengine/mapReduceLayer/AccumulatorOptimizer.java,11.0,5.0,1.0,2.0,1.0,3.0,294.0,null,1,0.0013386880856760374,20.0,0.0,0.0,0.0,2489.0790378006873,219628.4976344713,1,1,0.9707789171582248,false
src/org/apache/pig/backend/hadoop/executionengine/mapReduceLayer/ColumnInfo.java,58.0,3.0,7.0,11.0,7.0,26.0,294.0,thejas@13f79535-47bb-0310-9956-ffa450edef68,1,0.0013386880856760374,33.0,0.0,0.0,0.0,2489.0790378006873,219628.4976344713,1,0,0.9707789171582248,false
src/org/apache/pig/backend/hadoop/executionengine/mapReduceLayer/CombinerOptimizer.java,21.0,7.0,0.0,4.0,1.0,6.0,294.0,thejas@13f79535-47bb-0310-9956-ffa450edef68,1,0.0013386880856760374,11.0,0.0,0.0,0.0,2489.0790378006873,219628.4976344713,1,1,0.9707789171582248,false
src/org/apache/pig/backend/hadoop/executionengine/mapReduceLayer/FileBasedOutputSizeReader.java,41.0,9.0,3.0,3.0,13.0,9.0,10.0,rohini@13f79535-47bb-0310-9956-ffa450edef68,2,0.002677376171352075,50.0,0.0,25.0,0.0,4205.395428571428,721739.4504611727,2,0,0.875634053936659,false
src/org/apache/pig/backend/hadoop/executionengine/mapReduceLayer/InputSizeReducerEstimator.java,82.0,16.0,1.0,3.0,23.0,15.0,15.0,aniket486@13f79535-47bb-0310-9956-ffa450edef68,1,0.0013386880856760374,14.0,0.0,0.0,0.0,447.57142857142856,4003.7059043753393,1,0,2.243744592971112,false
src/org/apache/pig/backend/hadoop/executionengine/mapReduceLayer/JobControlCompiler.java,1283.0,101.0,0.0,31.0,286.0,135.0,69.0,null,4,0.00535475234270415,6.0,0.0,0.0,1.0,6844.0300219276705,941730.3889165311,4,10,0.4834518969353645,false
src/org/apache/pig/backend/hadoop/executionengine/mapReduceLayer/MRCompiler.java,1979.0,95.0,30.0,53.0,618.0,249.0,149.0,daijy@13f79535-47bb-0310-9956-ffa450edef68,2,0.002677376171352075,5.0,0.0,0.0,0.0,2936.6504663721157,223632.20353884663,2,2,0.9141145745047231,false
src/org/apache/pig/backend/hadoop/executionengine/mapReduceLayer/MRExecType.java,31.0,4.0,15.0,6.0,4.0,14.0,294.0,daijy@13f79535-47bb-0310-9956-ffa450edef68,1,0.0013386880856760374,33.0,0.0,0.0,0.0,2489.0790378006873,219628.4976344713,1,0,0.9707789171582248,false
src/org/apache/pig/backend/hadoop/executionengine/mapReduceLayer/MRTaskContext.java,49.0,3.0,0.0,8.0,8.0,21.0,14.0,cheolsoo@13f79535-47bb-0310-9956-ffa450edef68,1,0.0013386880856760374,100.0,0.0,0.0,0.0,3757.8239999999996,717735.7445567974,1,0,0.8938178760220964,false
src/org/apache/pig/backend/hadoop/executionengine/mapReduceLayer/MRUtil.java,47.0,13.0,1.0,2.0,18.0,5.0,294.0,daijy@13f79535-47bb-0310-9956-ffa450edef68,1,0.0013386880856760374,33.0,0.0,0.0,0.0,2489.0790378006873,219628.4976344713,1,0,0.9707789171582248,false
src/org/apache/pig/backend/hadoop/executionengine/mapReduceLayer/MapReduceLauncher.java,516.0,61.0,6.0,13.0,172.0,59.0,56.0,null,4,0.00535475234270415,10.0,0.0,2.0,0.0,6844.0300219276705,941730.3889165311,4,6,0.6043362120862763,false
src/org/apache/pig/backend/hadoop/executionengine/mapReduceLayer/MapReducePOStoreImpl.java,52.0,12.0,0.0,5.0,13.0,14.0,15.0,cheolsoo@13f79535-47bb-0310-9956-ffa450edef68,1,0.0013386880856760374,40.0,0.0,0.0,20.0,3757.8239999999996,717735.7445567974,1,0,0.8938178760220964,false
src/org/apache/pig/backend/hadoop/executionengine/mapReduceLayer/MultiQueryOptimizer.java,805.0,31.0,509.0,34.0,246.0,142.0,294.0,daijy@13f79535-47bb-0310-9956-ffa450edef68,1,0.0013386880856760374,12.0,0.0,0.0,0.0,2489.0790378006873,219628.4976344713,1,0,0.9707789171582248,false
src/org/apache/pig/backend/hadoop/executionengine/mapReduceLayer/NativeMapReduceOper.java,66.0,8.0,8.0,8.0,12.0,21.0,0.0,gates@13f79535-47bb-0310-9956-ffa450edef68,0,0.0,0.0,0.0,0.0,0.0,0.0,0.0,0,1,0.0,false
src/org/apache/pig/backend/hadoop/executionengine/mapReduceLayer/PhyPlanSetter.java,178.0,56.0,0.0,52.0,56.0,99.0,294.0,daijy@13f79535-47bb-0310-9956-ffa450edef68,1,0.0013386880856760374,11.0,0.0,0.0,0.0,2489.0790378006873,219628.4976344713,1,0,0.9707789171582248,false
src/org/apache/pig/backend/hadoop/executionengine/mapReduceLayer/PigBigDecimalRawComparator.java,56.0,10.0,2.0,5.0,8.0,17.0,150.0,daijy@13f79535-47bb-0310-9956-ffa450edef68,1,0.0013386880856760374,50.0,0.0,0.0,0.0,2489.0790378006873,219628.4976344713,1,0,0.9707789171582248,false
src/org/apache/pig/backend/hadoop/executionengine/mapReduceLayer/PigBigIntegerRawComparator.java,56.0,10.0,2.0,5.0,8.0,17.0,150.0,daijy@13f79535-47bb-0310-9956-ffa450edef68,1,0.0013386880856760374,50.0,0.0,0.0,0.0,2489.0790378006873,219628.4976344713,1,0,0.9707789171582248,false
src/org/apache/pig/backend/hadoop/executionengine/mapReduceLayer/PigBooleanRawComparator.java,58.0,10.0,4.0,5.0,7.0,17.0,294.0,daijy@13f79535-47bb-0310-9956-ffa450edef68,1,0.0013386880856760374,50.0,0.0,0.0,0.0,2489.0790378006873,219628.4976344713,1,0,0.9707789171582248,false
src/org/apache/pig/backend/hadoop/executionengine/mapReduceLayer/PigBytesRawComparator.java,98.0,11.0,0.0,5.0,10.0,19.0,294.0,daijy@13f79535-47bb-0310-9956-ffa450edef68,1,0.0013386880856760374,20.0,0.0,0.0,0.0,2489.0790378006873,219628.4976344713,1,1,0.9707789171582248,false
src/org/apache/pig/backend/hadoop/executionengine/mapReduceLayer/PigCombiner.java,156.0,24.0,0.0,0.0,0.0,0.0,108.0,null,2,0.002677376171352075,23.0,0.0,0.0,8.0,6246.903037800686,937364.2421912687,2,1,0.282957388105993,false
src/org/apache/pig/backend/hadoop/executionengine/mapReduceLayer/PigDateTimeRawComparator.java,56.0,11.0,2.0,5.0,8.0,17.0,294.0,thejas@13f79535-47bb-0310-9956-ffa450edef68,1,0.0013386880856760374,33.0,0.0,0.0,0.0,2489.0790378006873,219628.4976344713,1,0,0.9707789171582248,false
src/org/apache/pig/backend/hadoop/executionengine/mapReduceLayer/PigDoubleRawComparator.java,56.0,10.0,2.0,5.0,8.0,17.0,294.0,daijy@13f79535-47bb-0310-9956-ffa450edef68,1,0.0013386880856760374,50.0,0.0,0.0,0.0,2489.0790378006873,219628.4976344713,1,0,0.9707789171582248,false
src/org/apache/pig/backend/hadoop/executionengine/mapReduceLayer/PigFloatRawComparator.java,56.0,10.0,2.0,5.0,8.0,17.0,294.0,daijy@13f79535-47bb-0310-9956-ffa450edef68,1,0.0013386880856760374,50.0,0.0,0.0,0.0,2489.0790378006873,219628.4976344713,1,0,0.9707789171582248,false
src/org/apache/pig/backend/hadoop/executionengine/mapReduceLayer/PigGenericMapBase.java,185.0,36.0,15.0,10.0,57.0,35.0,15.0,daijy@13f79535-47bb-0310-9956-ffa450edef68,1,0.0013386880856760374,13.0,0.0,0.0,7.0,3757.8239999999996,717735.7445567974,1,0,0.8938178760220964,false
src/org/apache/pig/backend/hadoop/executionengine/mapReduceLayer/PigGenericMapReduce.java,370.0,41.0,0.0,0.0,0.0,0.0,108.0,daijy@13f79535-47bb-0310-9956-ffa450edef68,2,0.002677376171352075,16.0,0.0,0.0,5.0,6246.903037800686,937364.2421912687,2,0,0.282957388105993,false
src/org/apache/pig/backend/hadoop/executionengine/mapReduceLayer/PigHadoopLogger.java,58.0,9.0,13.0,7.0,10.0,13.0,7.0,aniket486@13f79535-47bb-0310-9956-ffa450edef68,2,0.002677376171352075,38.0,0.0,12.0,25.0,3907.3795555555553,718098.1853776845,2,1,0.7876666323159183,false
src/org/apache/pig/backend/hadoop/executionengine/mapReduceLayer/PigInputFormat.java,163.0,32.0,32.0,9.0,66.0,36.0,294.0,daijy@13f79535-47bb-0310-9956-ffa450edef68,1,0.0013386880856760374,8.0,0.0,0.0,0.0,2489.0790378006873,219628.4976344713,1,1,0.9707789171582248,false
src/org/apache/pig/backend/hadoop/executionengine/mapReduceLayer/PigIntRawComparator.java,56.0,9.0,4.0,5.0,8.0,17.0,294.0,daijy@13f79535-47bb-0310-9956-ffa450edef68,1,0.0013386880856760374,50.0,0.0,0.0,0.0,2489.0790378006873,219628.4976344713,1,0,0.9707789171582248,false
src/org/apache/pig/backend/hadoop/executionengine/mapReduceLayer/PigLongRawComparator.java,56.0,11.0,2.0,5.0,8.0,17.0,294.0,daijy@13f79535-47bb-0310-9956-ffa450edef68,1,0.0013386880856760374,50.0,0.0,0.0,0.0,2489.0790378006873,219628.4976344713,1,0,0.9707789171582248,false
src/org/apache/pig/backend/hadoop/executionengine/mapReduceLayer/PigMapReduceCounter.java,92.0,8.0,0.0,0.0,0.0,0.0,155.0,daijy@13f79535-47bb-0310-9956-ffa450edef68,2,0.002677376171352075,50.0,0.0,0.0,25.0,6246.903037800686,937364.2421912687,2,0,0.23915121603021527,false
src/org/apache/pig/backend/hadoop/executionengine/mapReduceLayer/PigRecordReader.java,140.0,20.0,0.0,9.0,42.0,38.0,12.0,null,1,0.0013386880856760374,23.0,0.0,0.0,8.0,3757.8239999999996,717735.7445567974,1,0,0.8938178760220964,false
src/org/apache/pig/backend/hadoop/executionengine/mapReduceLayer/PigSecondaryKeyComparator.java,42.0,10.0,4.0,4.0,8.0,11.0,294.0,daijy@13f79535-47bb-0310-9956-ffa450edef68,1,0.0013386880856760374,50.0,0.0,0.0,0.0,2489.0790378006873,219628.4976344713,1,0,0.9707789171582248,false
src/org/apache/pig/backend/hadoop/executionengine/mapReduceLayer/PigStatsOutputSizeReader.java,19.0,5.0,1.0,2.0,0.0,5.0,10.0,rohini@13f79535-47bb-0310-9956-ffa450edef68,2,0.002677376171352075,67.0,0.0,33.0,0.0,4205.395428571428,721739.4504611727,2,0,0.875634053936659,false
src/org/apache/pig/backend/hadoop/executionengine/mapReduceLayer/PigTextRawComparator.java,56.0,10.0,2.0,5.0,6.0,17.0,294.0,daijy@13f79535-47bb-0310-9956-ffa450edef68,1,0.0013386880856760374,50.0,0.0,0.0,0.0,2489.0790378006873,219628.4976344713,1,0,0.9707789171582248,false
src/org/apache/pig/backend/hadoop/executionengine/mapReduceLayer/PigTupleDefaultRawComparator.java,93.0,16.0,7.0,7.0,16.0,27.0,294.0,daijy@13f79535-47bb-0310-9956-ffa450edef68,1,0.0013386880856760374,33.0,0.0,0.0,0.0,2489.0790378006873,219628.4976344713,1,0,0.9707789171582248,false
src/org/apache/pig/backend/hadoop/executionengine/mapReduceLayer/PigTupleSortComparator.java,107.0,15.0,3.0,6.0,17.0,25.0,294.0,daijy@13f79535-47bb-0310-9956-ffa450edef68,1,0.0013386880856760374,50.0,0.0,0.0,0.0,2489.0790378006873,219628.4976344713,1,0,0.9707789171582248,false
src/org/apache/pig/backend/hadoop/executionengine/mapReduceLayer/SecondaryKeyOptimizer.java,10.0,30.0,0.0,1.0,0.0,2.0,294.0,daijy@13f79535-47bb-0310-9956-ffa450edef68,0,0.0,0.0,0.0,0.0,0.0,0.0,0.0,0,0,0.0,false
src/org/apache/pig/backend/hadoop/executionengine/mapReduceLayer/SecondaryKeyOptimizerMR.java,29.0,10.0,0.0,5.0,12.0,13.0,294.0,daijy@13f79535-47bb-0310-9956-ffa450edef68,1,0.0013386880856760374,100.0,0.0,0.0,0.0,2489.0790378006873,219628.4976344713,1,0,0.9707789171582248,false
src/org/apache/pig/backend/hadoop/executionengine/mapReduceLayer/partitioners/SkewedPartitioner.java,71.0,16.0,0.0,4.0,17.0,13.0,294.0,daijy@13f79535-47bb-0310-9956-ffa450edef68,1,0.0013386880856760374,20.0,0.0,0.0,0.0,2489.0790378006873,219628.4976344713,1,1,0.9707789171582248,false
src/org/apache/pig/backend/hadoop/executionengine/mapReduceLayer/partitioners/WeightedRangePartitioner.java,160.0,35.0,4.0,8.0,40.0,30.0,149.0,daijy@13f79535-47bb-0310-9956-ffa450edef68,1,0.0013386880856760374,18.0,0.0,0.0,0.0,2489.0790378006873,219628.4976344713,1,0,0.9707789171582248,false
src/org/apache/pig/backend/hadoop/executionengine/mapReduceLayer/plans/EndOfAllInputSetter.java,56.0,13.0,1.0,2.0,4.0,4.0,294.0,thejas@13f79535-47bb-0310-9956-ffa450edef68,1,0.0013386880856760374,25.0,0.0,0.0,0.0,2489.0790378006873,219628.4976344713,1,0,0.9707789171582248,false
src/org/apache/pig/backend/hadoop/executionengine/mapReduceLayer/plans/POPackageAnnotator.java,118.0,17.0,6.0,4.0,18.0,14.0,294.0,daijy@13f79535-47bb-0310-9956-ffa450edef68,1,0.0013386880856760374,20.0,0.0,0.0,0.0,2489.0790378006873,219628.4976344713,1,1,0.9707789171582248,false
src/org/apache/pig/backend/hadoop/executionengine/optimizer/SecondaryKeyOptimizer.java,5.0,1.0,3.0,3.0,0.0,3.0,294.0,daijy@13f79535-47bb-0310-9956-ffa450edef68,1,0.0013386880856760374,100.0,0.0,0.0,0.0,2489.0790378006873,219628.4976344713,1,0,0.9707789171582248,false
src/org/apache/pig/backend/hadoop/executionengine/physicalLayer/PhysicalOperator.java,336.0,20.0,1042.0,53.0,37.0,121.0,149.0,null,2,0.002677376171352075,12.0,0.0,0.0,6.0,2936.6504663721157,223632.20353884663,2,3,0.9141145745047231,false
src/org/apache/pig/backend/hadoop/executionengine/physicalLayer/PigLogger.java,9.0,2.0,0.0,1.0,0.0,1.0,155.0,daijy@13f79535-47bb-0310-9956-ffa450edef68,2,0.002677376171352075,67.0,0.0,0.0,33.0,6246.903037800686,937364.2421912687,2,0,0.23915121603021527,false
src/org/apache/pig/backend/hadoop/executionengine/physicalLayer/expressionOperators/POUserFunc.java,425.0,39.0,891.0,51.0,112.0,129.0,102.0,null,2,0.002677376171352075,12.0,3.0,0.0,3.0,6246.903037800686,937364.2421912687,2,3,0.35072299168732024,false
src/org/apache/pig/backend/hadoop/executionengine/physicalLayer/expressionOperators/POUserFunc.java.orig,0.0,0.0,0.0,0.0,0.0,0.0,0.0,daijy@13f79535-47bb-0310-9956-ffa450edef68,2,0.002677376171352075,100.0,0.0,0.0,0.0,2936.6504663721157,223632.20353884663,2,0,0.9141145745047231,false
src/org/apache/pig/backend/hadoop/executionengine/physicalLayer/plans/PhyPlanVisitor.java,177.0,58.0,1485.0,55.0,45.0,112.0,294.0,null,1,0.0013386880856760374,10.0,0.0,0.0,0.0,2489.0790378006873,219628.4976344713,1,0,0.9707789171582248,false
src/org/apache/pig/backend/hadoop/executionengine/physicalLayer/plans/PhysicalPlan.java,198.0,20.0,85.0,14.0,50.0,40.0,294.0,daijy@13f79535-47bb-0310-9956-ffa450edef68,1,0.0013386880856760374,17.0,0.0,0.0,0.0,2489.0790378006873,219628.4976344713,1,0,0.9707789171582248,true
src/org/apache/pig/backend/hadoop/executionengine/physicalLayer/plans/PlanPrinter.java,197.0,37.0,72.0,20.0,70.0,46.0,170.0,null,2,0.002677376171352075,33.0,0.0,0.0,0.0,2936.6504663721157,223632.20353884663,2,0,0.9141145745047231,false
src/org/apache/pig/backend/hadoop/executionengine/physicalLayer/plans/XMLPhysicalPlanPrinter.java,165.0,35.0,13.0,10.0,55.0,35.0,294.0,daijy@13f79535-47bb-0310-9956-ffa450edef68,1,0.0013386880856760374,33.0,0.0,0.0,0.0,2489.0790378006873,219628.4976344713,1,0,0.9707789171582248,false
src/org/apache/pig/backend/hadoop/executionengine/physicalLayer/relationalOperators/CombinerPackager.java,81.0,13.0,2.0,5.0,11.0,18.0,294.0,daijy@13f79535-47bb-0310-9956-ffa450edef68,1,0.0013386880856760374,33.0,0.0,0.0,0.0,2489.0790378006873,219628.4976344713,1,0,0.9707789171582248,false
src/org/apache/pig/backend/hadoop/executionengine/physicalLayer/relationalOperators/JoinPackager.java,145.0,12.0,0.0,10.0,37.0,34.0,294.0,daijy@13f79535-47bb-0310-9956-ffa450edef68,1,0.0013386880856760374,50.0,0.0,0.0,0.0,2489.0790378006873,219628.4976344713,1,0,0.9707789171582248,false
src/org/apache/pig/backend/hadoop/executionengine/physicalLayer/relationalOperators/LitePackager.java,82.0,13.0,28.0,8.0,11.0,23.0,294.0,daijy@13f79535-47bb-0310-9956-ffa450edef68,1,0.0013386880856760374,50.0,0.0,0.0,0.0,2489.0790378006873,219628.4976344713,1,0,0.9707789171582248,false
src/org/apache/pig/backend/hadoop/executionengine/physicalLayer/relationalOperators/MultiQueryPackager.java,118.0,13.0,14.0,12.0,21.0,30.0,0.0,daijy@13f79535-47bb-0310-9956-ffa450edef68,0,0.0,0.0,0.0,0.0,0.0,0.0,0.0,0,0,0.0,false
src/org/apache/pig/backend/hadoop/executionengine/physicalLayer/relationalOperators/POCounter.java,188.0,14.0,397.0,31.0,23.0,57.0,148.0,daijy@13f79535-47bb-0310-9956-ffa450edef68,1,0.0013386880856760374,50.0,0.0,25.0,0.0,2489.0790378006873,219628.4976344713,1,0,0.9707789171582248,false
src/org/apache/pig/backend/hadoop/executionengine/physicalLayer/relationalOperators/POFRJoin.java,339.0,36.0,106.0,21.0,60.0,61.0,294.0,null,1,0.0013386880856760374,11.0,0.0,0.0,0.0,2489.0790378006873,219628.4976344713,1,3,0.9707789171582248,false
src/org/apache/pig/backend/hadoop/executionengine/physicalLayer/relationalOperators/POLimit.java,100.0,13.0,96.0,16.0,22.0,34.0,294.0,null,1,0.0013386880856760374,11.0,0.0,0.0,0.0,2489.0790378006873,219628.4976344713,1,1,0.9707789171582248,false
src/org/apache/pig/backend/hadoop/executionengine/physicalLayer/relationalOperators/POLocalRearrange.java,591.0,24.0,577.0,42.0,86.0,120.0,294.0,null,1,0.0013386880856760374,8.0,0.0,0.0,0.0,2489.0790378006873,219628.4976344713,1,1,0.9707789171582248,false
src/org/apache/pig/backend/hadoop/executionengine/physicalLayer/relationalOperators/POMergeJoin.java,481.0,37.0,269.0,27.0,70.0,79.0,294.0,daijy@13f79535-47bb-0310-9956-ffa450edef68,1,0.0013386880856760374,8.0,0.0,0.0,0.0,2489.0790378006873,219628.4976344713,1,2,0.9707789171582248,false
src/org/apache/pig/backend/hadoop/executionengine/physicalLayer/relationalOperators/POPackage.java,277.0,23.0,64.0,21.0,37.0,42.0,149.0,null,1,0.0013386880856760374,13.0,0.0,7.0,0.0,2489.0790378006873,219628.4976344713,1,2,0.9707789171582248,false
src/org/apache/pig/backend/hadoop/executionengine/physicalLayer/relationalOperators/POPartialAgg.java,394.0,29.0,359.0,34.0,120.0,101.0,2.0,null,1,0.0013386880856760374,5.0,0.0,0.0,0.0,3757.8239999999996,717735.7445567974,1,1,0.8938178760220964,false
src/org/apache/pig/backend/hadoop/executionengine/physicalLayer/relationalOperators/POPartitionRearrange.java,128.0,21.0,45.0,11.0,20.0,29.0,294.0,daijy@13f79535-47bb-0310-9956-ffa450edef68,1,0.0013386880856760374,14.0,0.0,0.0,0.0,2489.0790378006873,219628.4976344713,1,1,0.9707789171582248,false
src/org/apache/pig/backend/hadoop/executionengine/physicalLayer/relationalOperators/POPoissonSample.java,144.0,9.0,26.0,9.0,13.0,26.0,109.0,daijy@13f79535-47bb-0310-9956-ffa450edef68,1,0.0013386880856760374,60.0,0.0,20.0,0.0,2489.0790378006873,219628.4976344713,1,0,0.9707789171582248,true
src/org/apache/pig/backend/hadoop/executionengine/physicalLayer/relationalOperators/PORank.java,131.0,19.0,170.0,20.0,31.0,42.0,294.0,null,1,0.0013386880856760374,20.0,0.0,0.0,0.0,2489.0790378006873,219628.4976344713,1,0,0.9707789171582248,false
src/org/apache/pig/backend/hadoop/executionengine/physicalLayer/relationalOperators/POReservoirSample.java,97.0,10.0,62.0,12.0,7.0,28.0,162.0,daijy@13f79535-47bb-0310-9956-ffa450edef68,1,0.0013386880856760374,33.0,0.0,0.0,0.0,2489.0790378006873,219628.4976344713,1,0,0.9707789171582248,false
src/org/apache/pig/backend/hadoop/executionengine/physicalLayer/relationalOperators/POSkewedJoin.java,57.0,11.0,85.0,14.0,6.0,24.0,294.0,rding@13f79535-47bb-0310-9956-ffa450edef68,1,0.0013386880856760374,25.0,0.0,0.0,0.0,2489.0790378006873,219628.4976344713,1,1,0.9707789171582248,false
src/org/apache/pig/backend/hadoop/executionengine/physicalLayer/relationalOperators/POStore.java,205.0,20.0,435.0,34.0,22.0,68.0,154.0,daijy@13f79535-47bb-0310-9956-ffa450edef68,2,0.002677376171352075,18.0,0.0,0.0,0.0,6246.903037800686,937364.2421912687,2,0,0.23915121603021527,false
src/org/apache/pig/backend/hadoop/executionengine/physicalLayer/relationalOperators/POStream.java,204.0,19.0,131.0,19.0,38.0,52.0,294.0,daijy@13f79535-47bb-0310-9956-ffa450edef68,1,0.0013386880856760374,12.0,0.0,0.0,0.0,2489.0790378006873,219628.4976344713,1,1,0.9707789171582248,false
src/org/apache/pig/backend/hadoop/executionengine/physicalLayer/relationalOperators/Packager.java,324.0,22.0,403.0,35.0,53.0,88.0,100.0,daijy@13f79535-47bb-0310-9956-ffa450edef68,1,0.0013386880856760374,60.0,20.0,20.0,0.0,2489.0790378006873,219628.4976344713,1,0,0.9707789171582248,false
src/org/apache/pig/backend/hadoop/executionengine/physicalLayer/util/MonitoredUDFExecutor.java,128.0,18.0,5.0,7.0,27.0,24.0,17.0,gates@13f79535-47bb-0310-9956-ffa450edef68,1,0.0013386880856760374,25.0,0.0,0.0,25.0,3757.8239999999996,717735.7445567974,1,0,0.8938178760220964,false
src/org/apache/pig/backend/hadoop/executionengine/physicalLayer/util/PlanHelper.java,281.0,64.0,10.0,5.0,12.0,17.0,294.0,cheolsoo@13f79535-47bb-0310-9956-ffa450edef68,1,0.0013386880856760374,17.0,0.0,0.0,0.0,2489.0790378006873,219628.4976344713,1,0,0.9707789171582248,false
src/org/apache/pig/backend/hadoop/executionengine/tez/AccumulatorOptimizer.java,11.0,3.0,1.0,2.0,1.0,3.0,294.0,daijy@13f79535-47bb-0310-9956-ffa450edef68,1,0.0013386880856760374,50.0,0.0,0.0,0.0,2489.0790378006873,219628.4976344713,1,0,0.9707789171582248,false
src/org/apache/pig/backend/hadoop/executionengine/tez/CombinerOptimizer.java,50.0,8.0,0.0,4.0,12.0,10.0,294.0,daijy@13f79535-47bb-0310-9956-ffa450edef68,1,0.0013386880856760374,50.0,0.0,0.0,0.0,2489.0790378006873,219628.4976344713,1,0,0.9707789171582248,false
src/org/apache/pig/backend/hadoop/executionengine/tez/MultiQueryOptimizerTez.java,119.0,12.0,6.0,4.0,48.0,18.0,94.0,daijy@13f79535-47bb-0310-9956-ffa450edef68,2,0.002677376171352075,80.0,0.0,0.0,20.0,2936.6504663721157,223632.20353884663,2,0,0.9141145745047231,false
src/org/apache/pig/backend/hadoop/executionengine/tez/ObjectCache.java,21.0,6.0,2.0,4.0,4.0,8.0,294.0,cheolsoo@13f79535-47bb-0310-9956-ffa450edef68,1,0.0013386880856760374,20.0,0.0,0.0,0.0,2489.0790378006873,219628.4976344713,1,0,0.9707789171582248,false
src/org/apache/pig/backend/hadoop/executionengine/tez/POFRJoinTez.java,126.0,21.0,0.0,8.0,40.0,27.0,294.0,daijy@13f79535-47bb-0310-9956-ffa450edef68,1,0.0013386880856760374,50.0,0.0,0.0,0.0,2489.0790378006873,219628.4976344713,1,0,0.9707789171582248,false
src/org/apache/pig/backend/hadoop/executionengine/tez/POIdentityInOutTez.java,98.0,19.0,12.0,9.0,14.0,26.0,294.0,daijy@13f79535-47bb-0310-9956-ffa450edef68,1,0.0013386880856760374,50.0,0.0,0.0,0.0,2489.0790378006873,219628.4976344713,1,0,0.9707789171582248,false
src/org/apache/pig/backend/hadoop/executionengine/tez/POLocalRearrangeTez.java,125.0,17.0,27.0,15.0,13.0,35.0,170.0,daijy@13f79535-47bb-0310-9956-ffa450edef68,2,0.002677376171352075,50.0,0.0,0.0,0.0,2936.6504663721157,223632.20353884663,2,0,0.9141145745047231,false
src/org/apache/pig/backend/hadoop/executionengine/tez/POLocalRearrangeTezFactory.java,64.0,13.0,0.0,5.0,14.0,16.0,294.0,daijy@13f79535-47bb-0310-9956-ffa450edef68,1,0.0013386880856760374,50.0,0.0,0.0,0.0,2489.0790378006873,219628.4976344713,1,0,0.9707789171582248,false
src/org/apache/pig/backend/hadoop/executionengine/tez/POPartitionRearrangeTez.java,154.0,26.0,11.0,6.0,40.0,25.0,294.0,daijy@13f79535-47bb-0310-9956-ffa450edef68,1,0.0013386880856760374,50.0,0.0,0.0,0.0,2489.0790378006873,219628.4976344713,1,0,0.9707789171582248,false
src/org/apache/pig/backend/hadoop/executionengine/tez/POShuffleTezLoad.java,150.0,21.0,31.0,11.0,29.0,27.0,294.0,daijy@13f79535-47bb-0310-9956-ffa450edef68,1,0.0013386880856760374,25.0,0.0,0.0,0.0,2489.0790378006873,219628.4976344713,1,0,0.9707789171582248,false
src/org/apache/pig/backend/hadoop/executionengine/tez/POSimpleTezLoad.java,64.0,15.0,7.0,7.0,7.0,18.0,294.0,daijy@13f79535-47bb-0310-9956-ffa450edef68,1,0.0013386880856760374,33.0,0.0,0.0,0.0,2489.0790378006873,219628.4976344713,1,0,0.9707789171582248,false
src/org/apache/pig/backend/hadoop/executionengine/tez/POStoreTez.java,82.0,15.0,2.0,9.0,17.0,23.0,294.0,daijy@13f79535-47bb-0310-9956-ffa450edef68,1,0.0013386880856760374,25.0,0.0,0.0,0.0,2489.0790378006873,219628.4976344713,1,0,0.9707789171582248,false
src/org/apache/pig/backend/hadoop/executionengine/tez/POValueInputTez.java,100.0,20.0,44.0,12.0,16.0,29.0,294.0,daijy@13f79535-47bb-0310-9956-ffa450edef68,1,0.0013386880856760374,50.0,0.0,0.0,0.0,2489.0790378006873,219628.4976344713,1,0,0.9707789171582248,false
src/org/apache/pig/backend/hadoop/executionengine/tez/POValueOutputTez.java,95.0,23.0,34.0,13.0,15.0,32.0,170.0,daijy@13f79535-47bb-0310-9956-ffa450edef68,2,0.002677376171352075,50.0,0.0,0.0,0.0,2936.6504663721157,223632.20353884663,2,0,0.9141145745047231,false
src/org/apache/pig/backend/hadoop/executionengine/tez/PigProcessor.java,191.0,40.0,0.0,9.0,65.0,37.0,123.0,daijy@13f79535-47bb-0310-9956-ffa450edef68,2,0.002677376171352075,25.0,0.0,0.0,0.0,2936.6504663721157,223632.20353884663,2,0,0.7585866408010411,false
src/org/apache/pig/backend/hadoop/executionengine/tez/ReadScalarsTez.java,60.0,11.0,0.0,6.0,13.0,16.0,170.0,daijy@13f79535-47bb-0310-9956-ffa450edef68,2,0.002677376171352075,67.0,0.0,0.0,0.0,2936.6504663721157,223632.20353884663,2,0,0.9141145745047231,false
src/org/apache/pig/backend/hadoop/executionengine/tez/RoundRobinPartitioner.java,7.0,2.0,0.0,1.0,0.0,2.0,294.0,daijy@13f79535-47bb-0310-9956-ffa450edef68,1,0.0013386880856760374,50.0,0.0,0.0,0.0,2489.0790378006873,219628.4976344713,1,0,0.9707789171582248,false
src/org/apache/pig/backend/hadoop/executionengine/tez/SecondaryKeyOptimizerTez.java,63.0,11.0,4.0,5.0,20.0,13.0,294.0,daijy@13f79535-47bb-0310-9956-ffa450edef68,1,0.0013386880856760374,33.0,0.0,0.0,0.0,2489.0790378006873,219628.4976344713,1,0,0.9707789171582248,false
src/org/apache/pig/backend/hadoop/executionengine/tez/SkewedPartitionerTez.java,61.0,9.0,0.0,1.0,15.0,8.0,162.0,daijy@13f79535-47bb-0310-9956-ffa450edef68,1,0.0013386880856760374,67.0,0.0,0.0,0.0,2489.0790378006873,219628.4976344713,1,0,0.9707789171582248,false
src/org/apache/pig/backend/hadoop/executionengine/tez/TezCompiler.java,1448.0,94.0,0.0,43.0,530.0,187.0,64.0,daijy@13f79535-47bb-0310-9956-ffa450edef68,2,0.002677376171352075,46.0,0.0,8.0,8.0,2936.6504663721157,223632.20353884663,2,0,0.7585866408010411,false
src/org/apache/pig/backend/hadoop/executionengine/tez/TezCompilerException.java,109.0,1.0,66.0,12.0,0.0,34.0,294.0,daijy@13f79535-47bb-0310-9956-ffa450edef68,1,0.0013386880856760374,50.0,0.0,0.0,0.0,2489.0790378006873,219628.4976344713,1,0,0.9707789171582248,false
src/org/apache/pig/backend/hadoop/executionengine/tez/TezDagBuilder.java,588.0,107.0,94.0,16.0,255.0,76.0,49.0,daijy@13f79535-47bb-0310-9956-ffa450edef68,4,0.00535475234270415,21.0,0.0,0.0,8.0,6694.474466372115,941375.0068967885,4,0,0.5970153178332218,true
src/org/apache/pig/backend/hadoop/executionengine/tez/TezEdgeDescriptor.java,60.0,7.0,45.0,11.0,1.0,19.0,294.0,daijy@13f79535-47bb-0310-9956-ffa450edef68,1,0.0013386880856760374,33.0,0.0,0.0,0.0,2489.0790378006873,219628.4976344713,1,0,0.9707789171582248,false
src/org/apache/pig/backend/hadoop/executionengine/tez/TezExecType.java,47.0,7.0,21.0,7.0,8.0,18.0,294.0,daijy@13f79535-47bb-0310-9956-ffa450edef68,1,0.0013386880856760374,100.0,0.0,0.0,0.0,2489.0790378006873,219628.4976344713,1,0,0.9707789171582248,false
src/org/apache/pig/backend/hadoop/executionengine/tez/TezExecutionEngine.java,14.0,7.0,3.0,3.0,3.0,5.0,294.0,daijy@13f79535-47bb-0310-9956-ffa450edef68,1,0.0013386880856760374,33.0,0.0,0.0,0.0,2489.0790378006873,219628.4976344713,1,0,0.9707789171582248,false
src/org/apache/pig/backend/hadoop/executionengine/tez/TezInput.java,13.0,5.0,6.0,4.0,0.0,6.0,294.0,daijy@13f79535-47bb-0310-9956-ffa450edef68,1,0.0013386880856760374,50.0,0.0,0.0,0.0,2489.0790378006873,219628.4976344713,1,0,0.9707789171582248,false
src/org/apache/pig/backend/hadoop/executionengine/tez/TezJob.java,186.0,27.0,45.0,15.0,56.0,46.0,63.0,rohini@13f79535-47bb-0310-9956-ffa450edef68,4,0.00535475234270415,45.0,0.0,0.0,18.0,6694.474466372115,941375.0068967885,4,0,0.6448131967418578,false
src/org/apache/pig/backend/hadoop/executionengine/tez/TezJobControl.java,44.0,3.0,1.0,3.0,5.0,8.0,153.0,daijy@13f79535-47bb-0310-9956-ffa450edef68,2,0.002677376171352075,100.0,0.0,0.0,50.0,6246.903037800686,937364.2421912687,2,0,0.23915121603021527,false
src/org/apache/pig/backend/hadoop/executionengine/tez/TezJobControlCompiler.java,64.0,14.0,0.0,4.0,16.0,15.0,104.0,daijy@13f79535-47bb-0310-9956-ffa450edef68,2,0.002677376171352075,100.0,0.0,0.0,33.0,6246.903037800686,937364.2421912687,2,0,0.282957388105993,false
src/org/apache/pig/backend/hadoop/executionengine/tez/TezJobNotifier.java,15.0,1.0,0.0,2.0,3.0,4.0,153.0,daijy@13f79535-47bb-0310-9956-ffa450edef68,2,0.002677376171352075,100.0,0.0,0.0,50.0,6246.903037800686,937364.2421912687,2,0,0.23915121603021527,false
src/org/apache/pig/backend/hadoop/executionengine/tez/TezLauncher.java,186.0,29.0,12.0,9.0,91.0,42.0,46.0,daijy@13f79535-47bb-0310-9956-ffa450edef68,4,0.00535475234270415,29.0,0.0,0.0,7.0,6694.474466372115,941375.0068967885,4,0,0.5357395257628148,true
src/org/apache/pig/backend/hadoop/executionengine/tez/TezLocalExecType.java,22.0,1.0,3.0,3.0,3.0,8.0,294.0,daijy@13f79535-47bb-0310-9956-ffa450edef68,1,0.0013386880856760374,100.0,0.0,0.0,0.0,2489.0790378006873,219628.4976344713,1,0,0.9707789171582248,false
src/org/apache/pig/backend/hadoop/executionengine/tez/TezOpPlanVisitor.java,10.0,4.0,1.0,2.0,0.0,3.0,294.0,daijy@13f79535-47bb-0310-9956-ffa450edef68,1,0.0013386880856760374,50.0,0.0,0.0,0.0,2489.0790378006873,219628.4976344713,1,0,0.9707789171582248,false
src/org/apache/pig/backend/hadoop/executionengine/tez/TezOperPlan.java,78.0,14.0,30.0,9.0,38.0,27.0,103.0,daijy@13f79535-47bb-0310-9956-ffa450edef68,2,0.002677376171352075,50.0,0.0,0.0,0.0,6246.903037800686,937364.2421912687,2,0,0.30861106848470254,false
src/org/apache/pig/backend/hadoop/executionengine/tez/TezOperator.java,275.0,17.0,1140.0,52.0,30.0,94.0,162.0,daijy@13f79535-47bb-0310-9956-ffa450edef68,1,0.0013386880856760374,33.0,0.0,0.0,0.0,2489.0790378006873,219628.4976344713,1,0,0.9707789171582248,false
src/org/apache/pig/backend/hadoop/executionengine/tez/TezOutput.java,8.0,4.0,3.0,3.0,0.0,4.0,294.0,daijy@13f79535-47bb-0310-9956-ffa450edef68,1,0.0013386880856760374,50.0,0.0,0.0,0.0,2489.0790378006873,219628.4976344713,1,0,0.9707789171582248,false
src/org/apache/pig/backend/hadoop/executionengine/tez/TezPOPackageAnnotator.java,106.0,15.0,6.0,4.0,17.0,12.0,294.0,daijy@13f79535-47bb-0310-9956-ffa450edef68,1,0.0013386880856760374,33.0,0.0,0.0,0.0,2489.0790378006873,219628.4976344713,1,0,0.9707789171582248,false
src/org/apache/pig/backend/hadoop/executionengine/tez/TezPOStreamVisitor.java,29.0,9.0,6.0,4.0,2.0,8.0,294.0,daijy@13f79535-47bb-0310-9956-ffa450edef68,1,0.0013386880856760374,50.0,0.0,0.0,0.0,2489.0790378006873,219628.4976344713,1,0,0.9707789171582248,false
src/org/apache/pig/backend/hadoop/executionengine/tez/TezPlanContainer.java,121.0,17.0,13.0,6.0,45.0,28.0,103.0,daijy@13f79535-47bb-0310-9956-ffa450edef68,2,0.002677376171352075,43.0,0.0,0.0,0.0,6246.903037800686,937364.2421912687,2,0,0.30861106848470254,false
src/org/apache/pig/backend/hadoop/executionengine/tez/TezPlanContainerNode.java,35.0,3.0,34.0,9.0,7.0,19.0,294.0,daijy@13f79535-47bb-0310-9956-ffa450edef68,1,0.0013386880856760374,50.0,0.0,0.0,0.0,2489.0790378006873,219628.4976344713,1,0,0.9707789171582248,false
src/org/apache/pig/backend/hadoop/executionengine/tez/TezPlanContainerPrinter.java,29.0,4.0,0.0,3.0,9.0,5.0,294.0,daijy@13f79535-47bb-0310-9956-ffa450edef68,1,0.0013386880856760374,50.0,0.0,0.0,0.0,2489.0790378006873,219628.4976344713,1,0,0.9707789171582248,false
src/org/apache/pig/backend/hadoop/executionengine/tez/TezPlanContainerUDFCollector.java,19.0,5.0,1.0,3.0,5.0,7.0,294.0,daijy@13f79535-47bb-0310-9956-ffa450edef68,1,0.0013386880856760374,50.0,0.0,0.0,0.0,2489.0790378006873,219628.4976344713,1,0,0.9707789171582248,false
src/org/apache/pig/backend/hadoop/executionengine/tez/TezPlanContainerVisitor.java,7.0,3.0,1.0,2.0,0.0,3.0,294.0,daijy@13f79535-47bb-0310-9956-ffa450edef68,1,0.0013386880856760374,50.0,0.0,0.0,0.0,2489.0790378006873,219628.4976344713,1,0,0.9707789171582248,false
src/org/apache/pig/backend/hadoop/executionengine/tez/TezPrinter.java,71.0,10.0,0.0,3.0,14.0,9.0,170.0,daijy@13f79535-47bb-0310-9956-ffa450edef68,2,0.002677376171352075,67.0,0.0,0.0,0.0,2936.6504663721157,223632.20353884663,2,0,0.9141145745047231,false
src/org/apache/pig/backend/hadoop/executionengine/tez/TezResourceManager.java,83.0,19.0,0.0,8.0,37.0,28.0,78.0,daijy@13f79535-47bb-0310-9956-ffa450edef68,3,0.004016064257028112,44.0,0.0,0.0,11.0,6694.474466372115,941367.948095644,3,0,0.2300593049874966,false
src/org/apache/pig/backend/hadoop/executionengine/tez/TezSessionManager.java,135.0,23.0,33.0,10.0,29.0,37.0,78.0,rohini@13f79535-47bb-0310-9956-ffa450edef68,3,0.004016064257028112,31.0,0.0,0.0,8.0,6694.474466372115,941367.948095644,3,0,0.5483007239407185,false
src/org/apache/pig/backend/hadoop/executionengine/tez/TezTaskConfigurable.java,6.0,2.0,0.0,1.0,0.0,2.0,294.0,daijy@13f79535-47bb-0310-9956-ffa450edef68,1,0.0013386880856760374,33.0,0.0,0.0,0.0,2489.0790378006873,219628.4976344713,1,0,0.9707789171582248,false
src/org/apache/pig/backend/hadoop/executionengine/tez/TezTaskContext.java,39.0,5.0,0.0,6.0,12.0,15.0,294.0,daijy@13f79535-47bb-0310-9956-ffa450edef68,1,0.0013386880856760374,33.0,0.0,0.0,0.0,2489.0790378006873,219628.4976344713,1,0,0.9707789171582248,false
src/org/apache/pig/backend/hadoop/executionengine/tez/WeightedRangePartitionerTez.java,44.0,11.0,0.0,1.0,13.0,7.0,109.0,daijy@13f79535-47bb-0310-9956-ffa450edef68,1,0.0013386880856760374,75.0,0.0,0.0,0.0,2489.0790378006873,219628.4976344713,1,0,0.9707789171582248,false
src/org/apache/pig/backend/hadoop/executionengine/tez/operators/POCounterStatsTez.java,107.0,24.0,74.0,16.0,20.0,36.0,294.0,daijy@13f79535-47bb-0310-9956-ffa450edef68,1,0.0013386880856760374,50.0,0.0,0.0,0.0,2489.0790378006873,219628.4976344713,1,0,0.9707789171582248,false
src/org/apache/pig/backend/hadoop/executionengine/tez/operators/POCounterTez.java,92.0,19.0,36.0,13.0,12.0,29.0,148.0,daijy@13f79535-47bb-0310-9956-ffa450edef68,1,0.0013386880856760374,50.0,0.0,25.0,0.0,2489.0790378006873,219628.4976344713,1,0,0.9707789171582248,false
src/org/apache/pig/backend/hadoop/executionengine/tez/operators/PORankTez.java,106.0,20.0,13.0,11.0,30.0,29.0,294.0,daijy@13f79535-47bb-0310-9956-ffa450edef68,1,0.0013386880856760374,50.0,0.0,0.0,0.0,2489.0790378006873,219628.4976344713,1,0,0.9707789171582248,false
src/org/apache/pig/backend/hadoop/executionengine/tez/operators/POShuffledValueInputTez.java,88.0,23.0,44.0,12.0,20.0,28.0,294.0,daijy@13f79535-47bb-0310-9956-ffa450edef68,1,0.0013386880856760374,50.0,0.0,0.0,0.0,2489.0790378006873,219628.4976344713,1,0,0.9707789171582248,false
src/org/apache/pig/backend/hadoop/executionengine/tez/optimizers/NoopFilterRemover.java,36.0,14.0,1.0,2.0,8.0,7.0,294.0,daijy@13f79535-47bb-0310-9956-ffa450edef68,1,0.0013386880856760374,50.0,0.0,0.0,0.0,2489.0790378006873,219628.4976344713,1,0,0.9707789171582248,false
src/org/apache/pig/backend/hadoop/executionengine/tez/optimizers/UnionOptimizer.java,173.0,25.0,6.0,4.0,54.0,16.0,123.0,daijy@13f79535-47bb-0310-9956-ffa450edef68,2,0.002677376171352075,60.0,0.0,0.0,0.0,2936.6504663721157,223632.20353884663,2,0,0.7585866408010411,false
src/org/apache/pig/backend/hadoop/executionengine/tez/util/MRToTezHelper.java,93.0,20.0,9.0,6.0,26.0,13.0,61.0,rohini@13f79535-47bb-0310-9956-ffa450edef68,3,0.004016064257028112,38.0,0.0,8.0,0.0,6694.474466372115,941367.948095644,3,0,0.7688955751854967,false
src/org/apache/pig/backend/hadoop/executionengine/tez/util/SecurityHelper.java,47.0,17.0,1.0,3.0,18.0,10.0,294.0,daijy@13f79535-47bb-0310-9956-ffa450edef68,1,0.0013386880856760374,50.0,0.0,0.0,0.0,2489.0790378006873,219628.4976344713,1,0,0.9707789171582248,false
src/org/apache/pig/backend/hadoop/executionengine/tez/util/TezCompilerUtil.java,103.0,29.0,36.0,9.0,47.0,25.0,294.0,daijy@13f79535-47bb-0310-9956-ffa450edef68,1,0.0013386880856760374,11.0,0.0,0.0,0.0,2489.0790378006873,219628.4976344713,1,0,0.9707789171582248,false
src/org/apache/pig/backend/hadoop/executionengine/util/AccumulatorOptimizerUtil.java,153.0,22.0,3.0,3.0,39.0,15.0,294.0,daijy@13f79535-47bb-0310-9956-ffa450edef68,1,0.0013386880856760374,25.0,0.0,0.0,0.0,2489.0790378006873,219628.4976344713,1,0,0.9707789171582248,false
src/org/apache/pig/backend/hadoop/executionengine/util/CombinerOptimizerUtil.java,559.0,40.0,105.0,15.0,130.0,60.0,294.0,daijy@13f79535-47bb-0310-9956-ffa450edef68,1,0.0013386880856760374,33.0,0.0,0.0,0.0,2489.0790378006873,219628.4976344713,1,0,0.9707789171582248,false
src/org/apache/pig/backend/hadoop/executionengine/util/MapRedUtil.java,454.0,42.0,83.0,14.0,85.0,64.0,154.0,daijy@13f79535-47bb-0310-9956-ffa450edef68,2,0.002677376171352075,15.0,0.0,0.0,0.0,2936.6504663721157,223632.20353884663,2,1,0.9141145745047231,false
src/org/apache/pig/backend/hadoop/executionengine/util/SecondaryKeyOptimizerUtil.java,433.0,31.0,8.0,5.0,77.0,32.0,294.0,daijy@13f79535-47bb-0310-9956-ffa450edef68,1,0.0013386880856760374,100.0,0.0,0.0,0.0,2489.0790378006873,219628.4976344713,1,0,0.9707789171582248,false
src/org/apache/pig/backend/hadoop/streaming/HadoopExecutableManager.java,160.0,22.0,14.0,9.0,50.0,33.0,294.0,daijy@13f79535-47bb-0310-9956-ffa450edef68,1,0.0013386880856760374,17.0,0.0,0.0,0.0,2489.0790378006873,219628.4976344713,1,1,0.9707789171582248,false
src/org/apache/pig/builtin/AddDuration.java,22.0,11.0,3.0,3.0,10.0,9.0,11.0,thejas@13f79535-47bb-0310-9956-ffa450edef68,1,0.0013386880856760374,25.0,25.0,0.0,0.0,3757.8239999999996,717735.7445567974,1,0,0.8938178760220964,false
src/org/apache/pig/builtin/AvroStorage.java,418.0,59.0,582.0,37.0,95.0,126.0,10.0,daijy@13f79535-47bb-0310-9956-ffa450edef68,1,0.0013386880856760374,12.0,0.0,0.0,0.0,2489.0790378006873,219628.4976344713,1,0,0.9707789171582248,false
src/org/apache/pig/builtin/CONCAT.java,42.0,12.0,6.0,4.0,8.0,14.0,5.0,daijy@13f79535-47bb-0310-9956-ffa450edef68,1,0.0013386880856760374,25.0,0.0,0.0,0.0,149.55555555555554,362.4408208871352,1,0,2.4849066497880004,false
src/org/apache/pig/builtin/DaysBetween.java,24.0,11.0,3.0,3.0,10.0,9.0,11.0,thejas@13f79535-47bb-0310-9956-ffa450edef68,1,0.0013386880856760374,33.0,33.0,0.0,0.0,3757.8239999999996,717735.7445567974,1,0,0.8938178760220964,false
src/org/apache/pig/builtin/DoubleRoundTo.java,38.0,11.0,1.0,2.0,9.0,8.0,4.0,daijy@13f79535-47bb-0310-9956-ffa450edef68,1,0.0013386880856760374,67.0,33.0,67.0,0.0,3757.8239999999996,717735.7445567974,1,0,0.8938178760220964,false
src/org/apache/pig/builtin/FloatRoundTo.java,38.0,11.0,1.0,2.0,9.0,8.0,4.0,daijy@13f79535-47bb-0310-9956-ffa450edef68,1,0.0013386880856760374,67.0,33.0,67.0,0.0,3757.8239999999996,717735.7445567974,1,0,0.8938178760220964,false
src/org/apache/pig/builtin/HoursBetween.java,24.0,10.0,3.0,3.0,10.0,9.0,11.0,thejas@13f79535-47bb-0310-9956-ffa450edef68,1,0.0013386880856760374,33.0,33.0,0.0,0.0,3757.8239999999996,717735.7445567974,1,0,0.8938178760220964,false
src/org/apache/pig/builtin/InvokerGenerator.java,275.0,36.0,100.0,16.0,70.0,52.0,0.0,jcoveney@13f79535-47bb-0310-9956-ffa450edef68,0,0.0,0.0,0.0,0.0,0.0,0.0,0.0,0,0,0.0,false
src/org/apache/pig/builtin/IsEmpty.java,20.0,8.0,0.0,1.0,3.0,7.0,3.0,daijy@13f79535-47bb-0310-9956-ffa450edef68,1,0.0013386880856760374,25.0,0.0,0.0,0.0,447.57142857142856,4003.7059043753393,1,0,2.243744592971112,false
src/org/apache/pig/builtin/JsonMetadata.java,241.0,31.0,59.0,14.0,60.0,54.0,3.0,null,1,0.0013386880856760374,10.0,0.0,10.0,0.0,3757.8239999999996,717735.7445567974,1,2,0.8938178760220964,false
src/org/apache/pig/builtin/MilliSecondsBetween.java,24.0,10.0,3.0,3.0,10.0,9.0,11.0,thejas@13f79535-47bb-0310-9956-ffa450edef68,1,0.0013386880856760374,33.0,33.0,0.0,0.0,3757.8239999999996,717735.7445567974,1,0,0.8938178760220964,false
src/org/apache/pig/builtin/MinutesBetween.java,24.0,11.0,3.0,3.0,10.0,9.0,11.0,thejas@13f79535-47bb-0310-9956-ffa450edef68,1,0.0013386880856760374,33.0,33.0,0.0,0.0,3757.8239999999996,717735.7445567974,1,0,0.8938178760220964,false
src/org/apache/pig/builtin/MonthsBetween.java,25.0,11.0,3.0,3.0,11.0,9.0,11.0,thejas@13f79535-47bb-0310-9956-ffa450edef68,1,0.0013386880856760374,33.0,33.0,0.0,0.0,3757.8239999999996,717735.7445567974,1,0,0.8938178760220964,false
src/org/apache/pig/builtin/ROUND_TO.java,63.0,11.0,3.0,3.0,16.0,10.0,4.0,daijy@13f79535-47bb-0310-9956-ffa450edef68,1,0.0013386880856760374,67.0,33.0,67.0,0.0,3757.8239999999996,717735.7445567974,1,0,0.8938178760220964,false
src/org/apache/pig/builtin/SPRINTF.java,36.0,8.0,3.0,3.0,8.0,11.0,4.0,daijy@13f79535-47bb-0310-9956-ffa450edef68,2,0.002677376171352075,67.0,0.0,0.0,0.0,6246.903037800686,937364.2421912687,2,0,0.23915121603021527,false
src/org/apache/pig/builtin/SecondsBetween.java,24.0,11.0,3.0,3.0,10.0,9.0,11.0,thejas@13f79535-47bb-0310-9956-ffa450edef68,1,0.0013386880856760374,33.0,33.0,0.0,0.0,3757.8239999999996,717735.7445567974,1,0,0.8938178760220964,false
src/org/apache/pig/builtin/StringConcat.java,30.0,7.0,3.0,3.0,7.0,11.0,5.0,daijy@13f79535-47bb-0310-9956-ffa450edef68,1,0.0013386880856760374,25.0,0.0,0.0,0.0,149.55555555555554,362.4408208871352,1,0,2.4849066497880004,false
src/org/apache/pig/builtin/SubtractDuration.java,22.0,11.0,3.0,3.0,10.0,9.0,11.0,thejas@13f79535-47bb-0310-9956-ffa450edef68,1,0.0013386880856760374,25.0,25.0,0.0,0.0,3757.8239999999996,717735.7445567974,1,0,0.8938178760220964,false
src/org/apache/pig/builtin/ToString.java,34.0,11.0,3.0,3.0,12.0,11.0,0.0,daijy@13f79535-47bb-0310-9956-ffa450edef68,0,0.0,0.0,0.0,0.0,0.0,0.0,0.0,0,0,0.0,false
src/org/apache/pig/builtin/WeeksBetween.java,24.0,11.0,3.0,3.0,10.0,9.0,11.0,thejas@13f79535-47bb-0310-9956-ffa450edef68,1,0.0013386880856760374,33.0,33.0,0.0,0.0,3757.8239999999996,717735.7445567974,1,0,0.8938178760220964,false
src/org/apache/pig/builtin/YearsBetween.java,25.0,11.0,3.0,3.0,11.0,9.0,11.0,thejas@13f79535-47bb-0310-9956-ffa450edef68,1,0.0013386880856760374,33.0,33.0,0.0,0.0,3757.8239999999996,717735.7445567974,1,0,0.8938178760220964,false
src/org/apache/pig/data/BinInterSedes.java,1167.0,28.0,205.0,23.0,112.0,97.0,294.0,jcoveney@13f79535-47bb-0310-9956-ffa450edef68,1,0.0013386880856760374,6.0,0.0,0.0,0.0,2489.0790378006873,219628.4976344713,1,3,0.9707789171582248,false
src/org/apache/pig/data/DefaultAbstractBag.java,306.0,20.0,219.0,23.0,65.0,62.0,294.0,null,1,0.0013386880856760374,10.0,0.0,0.0,0.0,2489.0790378006873,219628.4976344713,1,2,0.9707789171582248,false
src/org/apache/pig/data/DefaultTuple.java,399.0,21.0,0.0,15.0,29.0,46.0,294.0,jcoveney@13f79535-47bb-0310-9956-ffa450edef68,1,0.0013386880856760374,8.0,0.0,0.0,0.0,2489.0790378006873,219628.4976344713,1,1,0.9707789171582248,false
src/org/apache/pig/data/ReadOnceBag.java,114.0,9.0,114.0,16.0,8.0,36.0,294.0,null,1,0.0013386880856760374,20.0,0.0,0.0,0.0,2489.0790378006873,219628.4976344713,1,0,0.9707789171582248,false
src/org/apache/pig/data/SelfSpillBag.java,76.0,4.0,0.0,2.0,0.0,2.0,0.0,rohini@13f79535-47bb-0310-9956-ffa450edef68,0,0.0,0.0,0.0,0.0,0.0,0.0,0.0,0,1,0.0,false
src/org/apache/pig/impl/PigContext.java,617.0,50.0,1858.0,65.0,109.0,194.0,162.0,daijy@13f79535-47bb-0310-9956-ffa450edef68,1,0.0013386880856760374,5.0,0.0,0.0,0.0,2489.0790378006873,219628.4976344713,1,3,0.9707789171582248,false
src/org/apache/pig/impl/builtin/PartitionSkewedKeys.java,177.0,16.0,9.0,6.0,37.0,28.0,162.0,daijy@13f79535-47bb-0310-9956-ffa450edef68,1,0.0013386880856760374,50.0,0.0,0.0,0.0,2489.0790378006873,219628.4976344713,1,0,0.9707789171582248,false
src/org/apache/pig/impl/builtin/PoissonSampleLoader.java,93.0,8.0,0.0,5.0,16.0,15.0,294.0,daijy@13f79535-47bb-0310-9956-ffa450edef68,1,0.0013386880856760374,20.0,0.0,0.0,0.0,2489.0790378006873,219628.4976344713,1,0,0.9707789171582248,false
src/org/apache/pig/impl/io/FileLocalizer.java,596.0,42.0,560.0,36.0,177.0,152.0,3.0,null,3,0.004016064257028112,14.0,0.0,5.0,5.0,4354.950984126984,722101.8912820598,3,2,0.77554408425896,false
src/org/apache/pig/impl/io/NullablePartitionWritable.java,68.0,4.0,0.0,17.0,19.0,30.0,294.0,daijy@13f79535-47bb-0310-9956-ffa450edef68,1,0.0013386880856760374,33.0,0.0,0.0,0.0,2489.0790378006873,219628.4976344713,1,1,0.9707789171582248,false
src/org/apache/pig/impl/io/NullableTuple.java,30.0,5.0,10.0,5.0,10.0,8.0,294.0,daijy@13f79535-47bb-0310-9956-ffa450edef68,1,0.0013386880856760374,25.0,0.0,0.0,0.0,2489.0790378006873,219628.4976344713,1,1,0.9707789171582248,false
src/org/apache/pig/impl/io/PigNullableWritable.java,105.0,6.0,0.0,12.0,14.0,37.0,148.0,daijy@13f79535-47bb-0310-9956-ffa450edef68,2,0.002677376171352075,50.0,0.0,0.0,0.0,6246.903037800686,937364.2421912687,2,1,0.23915121603021527,false
src/org/apache/pig/impl/plan/NodeIdGenerator.java,25.0,3.0,0.0,5.0,5.0,8.0,294.0,daijy@13f79535-47bb-0310-9956-ffa450edef68,1,0.0013386880856760374,50.0,0.0,0.0,0.0,2489.0790378006873,219628.4976344713,1,0,0.9707789171582248,false
src/org/apache/pig/impl/plan/OperatorPlan.java,1037.0,16.0,599.0,47.0,193.0,163.0,148.0,daijy@13f79535-47bb-0310-9956-ffa450edef68,1,0.0013386880856760374,29.0,0.0,0.0,0.0,2489.0790378006873,219628.4976344713,1,0,0.9707789171582248,false
src/org/apache/pig/impl/util/JarManager.java,287.0,41.0,69.0,14.0,94.0,56.0,150.0,daijy@13f79535-47bb-0310-9956-ffa450edef68,1,0.0013386880856760374,10.0,0.0,0.0,0.0,2489.0790378006873,219628.4976344713,1,0,0.9707789171582248,false
src/org/apache/pig/impl/util/UDFContext.java,162.0,6.0,77.0,19.0,16.0,45.0,294.0,null,1,0.0013386880856760374,8.0,0.0,0.0,0.0,2489.0790378006873,219628.4976344713,1,0,0.9707789171582248,false
src/org/apache/pig/impl/util/UriUtil.java,13.0,3.0,1.0,2.0,2.0,6.0,15.0,daijy@13f79535-47bb-0310-9956-ffa450edef68,1,0.0013386880856760374,17.0,0.0,0.0,0.0,447.57142857142856,4003.7059043753393,1,1,2.243744592971112,false
src/org/apache/pig/impl/util/Utils.java,416.0,56.0,545.0,35.0,124.0,122.0,121.0,null,3,0.004016064257028112,16.0,0.0,0.0,0.0,3086.2060219276714,223994.64435973376,3,2,0.5779270596135229,false
src/org/apache/pig/newplan/BaseOperatorPlan.java,366.0,11.0,208.0,28.0,72.0,92.0,294.0,daijy@13f79535-47bb-0310-9956-ffa450edef68,1,0.0013386880856760374,20.0,0.0,0.0,0.0,2489.0790378006873,219628.4976344713,1,0,0.9707789171582248,false
src/org/apache/pig/newplan/logical/Util.java,188.0,34.0,21.0,7.0,24.0,32.0,49.0,thejas@13f79535-47bb-0310-9956-ffa450edef68,1,0.0013386880856760374,14.0,14.0,0.0,0.0,3757.8239999999996,717735.7445567974,1,0,0.8938178760220964,false
src/org/apache/pig/newplan/logical/expression/ProjectExpression.java,403.0,17.0,93.0,30.0,57.0,84.0,3.0,daijy@13f79535-47bb-0310-9956-ffa450edef68,1,0.0013386880856760374,7.0,0.0,7.0,0.0,2489.0790378006873,219628.4976344713,1,2,0.9707789171582248,false
src/org/apache/pig/newplan/logical/expression/UserFuncExpression.java,277.0,28.0,72.0,17.0,64.0,60.0,0.0,null,0,0.0,0.0,0.0,0.0,0.0,0.0,0.0,0,0,0.0,false
src/org/apache/pig/newplan/logical/relational/LOForEach.java,85.0,12.0,8.0,8.0,14.0,28.0,0.0,daijy@13f79535-47bb-0310-9956-ffa450edef68,0,0.0,0.0,0.0,0.0,0.0,0.0,0.0,0,3,0.0,false
src/org/apache/pig/newplan/logical/relational/LOGenerate.java,208.0,11.0,79.0,18.0,23.0,40.0,0.0,daijy@13f79535-47bb-0310-9956-ffa450edef68,0,0.0,0.0,0.0,0.0,0.0,0.0,0.0,0,5,0.0,false
src/org/apache/pig/newplan/logical/relational/LORank.java,127.0,9.0,50.0,13.0,12.0,32.0,0.0,gdfm@13f79535-47bb-0310-9956-ffa450edef68,0,0.0,0.0,0.0,0.0,0.0,0.0,0.0,0,0,0.0,false
src/org/apache/pig/newplan/logical/relational/LogToPhyTranslationVisitor.java,1245.0,77.0,0.0,30.0,474.0,151.0,294.0,daijy@13f79535-47bb-0310-9956-ffa450edef68,1,0.0013386880856760374,3.0,0.0,0.0,0.0,2489.0790378006873,219628.4976344713,1,1,0.9707789171582248,false
src/org/apache/pig/newplan/logical/relational/LogicalPlan.java,139.0,42.0,28.0,8.0,37.0,32.0,18.0,daijy@13f79535-47bb-0310-9956-ffa450edef68,1,0.0013386880856760374,13.0,0.0,0.0,0.0,2489.0790378006873,219628.4976344713,1,1,0.9707789171582248,false
src/org/apache/pig/newplan/logical/rules/LogicalRelationalNodeValidator.java,10.0,4.0,0.0,1.0,0.0,2.0,0.0,prkommireddi@13f79535-47bb-0310-9956-ffa450edef68,0,0.0,0.0,0.0,0.0,0.0,0.0,0.0,0,0,0.0,false
src/org/apache/pig/newplan/logical/rules/PushDownForEachFlatten.java,211.0,24.0,3.0,3.0,1.0,7.0,0.0,daijy@13f79535-47bb-0310-9956-ffa450edef68,0,0.0,0.0,0.0,0.0,0.0,0.0,0.0,0,0,0.0,false
src/org/apache/pig/newplan/logical/visitor/DanglingNestedNodeRemover.java,26.0,11.0,1.0,2.0,8.0,8.0,31.0,daijy@13f79535-47bb-0310-9956-ffa450edef68,1,0.0013386880856760374,100.0,0.0,0.0,0.0,2489.0790378006873,219628.4976344713,1,0,0.9707789171582248,false
src/org/apache/pig/newplan/logical/visitor/InputOutputFileValidatorVisitor.java,63.0,15.0,0.0,2.0,15.0,9.0,31.0,daijy@13f79535-47bb-0310-9956-ffa450edef68,1,0.0013386880856760374,100.0,0.0,0.0,0.0,2489.0790378006873,219628.4976344713,1,0,0.9707789171582248,false
src/org/apache/pig/newplan/logical/visitor/ScalarVisitor.java,55.0,21.0,0.0,3.0,48.0,17.0,294.0,thejas@13f79535-47bb-0310-9956-ffa450edef68,1,0.0013386880856760374,17.0,0.0,0.0,0.0,2489.0790378006873,219628.4976344713,1,0,0.9707789171582248,false
src/org/apache/pig/parser/LogicalPlanBuilder.java,1310.0,81.0,2384.0,104.0,388.0,350.0,6.0,null,1,0.0013386880856760374,2.0,2.0,0.0,0.0,3757.8239999999996,717735.7445567974,1,5,0.8938178760220964,false
src/org/apache/pig/parser/QueryParserDriver.java,441.0,36.0,208.0,24.0,160.0,99.0,0.0,null,0,0.0,0.0,0.0,0.0,0.0,0.0,0.0,0,3,0.0,false
src/org/apache/pig/parser/QueryParserUtils.java,151.0,30.0,55.0,11.0,63.0,39.0,15.0,null,1,0.0013386880856760374,8.0,0.0,0.0,0.0,447.57142857142856,4003.7059043753393,1,3,2.243744592971112,false
src/org/apache/pig/parser/SourceLocation.java,54.0,1.0,0.0,9.0,10.0,17.0,0.0,xuefu@13f79535-47bb-0310-9956-ffa450edef68,0,0.0,0.0,0.0,0.0,0.0,0.0,0.0,0,3,0.0,false
src/org/apache/pig/pen/ExampleGenerator.java,242.0,31.0,13.0,15.0,86.0,54.0,31.0,cheolsoo@13f79535-47bb-0310-9956-ffa450edef68,1,0.0013386880856760374,14.0,0.0,0.0,0.0,2489.0790378006873,219628.4976344713,1,0,0.9707789171582248,false
src/org/apache/pig/pen/IllustratorAttacher.java,217.0,53.0,440.0,41.0,108.0,124.0,294.0,yanz@13f79535-47bb-0310-9956-ffa450edef68,1,0.0013386880856760374,14.0,0.0,0.0,0.0,2489.0790378006873,219628.4976344713,1,0,0.9707789171582248,false
src/org/apache/pig/pen/PhysicalPlanResetter.java,11.0,6.0,1.0,2.0,2.0,3.0,294.0,daijy@13f79535-47bb-0310-9956-ffa450edef68,1,0.0013386880856760374,33.0,0.0,0.0,0.0,2489.0790378006873,219628.4976344713,1,0,0.9707789171582248,false
src/org/apache/pig/scripting/BoundScript.java,270.0,22.0,15.0,15.0,81.0,59.0,0.0,rding@13f79535-47bb-0310-9956-ffa450edef68,0,0.0,0.0,0.0,0.0,0.0,0.0,0.0,0,1,0.0,false
src/org/apache/pig/scripting/ScriptEngine.java,219.0,20.0,135.0,18.0,43.0,56.0,294.0,daijy@13f79535-47bb-0310-9956-ffa450edef68,1,0.0013386880856760374,8.0,0.0,0.0,0.0,2489.0790378006873,219628.4976344713,1,1,0.9707789171582248,false
src/org/apache/pig/scripting/SyncProgressNotificationAdaptor.java,75.0,7.0,0.0,10.0,12.0,30.0,6.0,daijy@13f79535-47bb-0310-9956-ffa450edef68,1,0.0013386880856760374,20.0,0.0,0.0,20.0,3757.8239999999996,717735.7445567974,1,0,0.8938178760220964,false
src/org/apache/pig/scripting/groovy/GroovyScriptEngine.java,253.0,39.0,15.0,7.0,44.0,24.0,0.0,daijy@13f79535-47bb-0310-9956-ffa450edef68,0,0.0,0.0,0.0,0.0,0.0,0.0,0.0,0,1,0.0,false
src/org/apache/pig/scripting/jruby/JrubyScriptEngine.java,178.0,26.0,13.0,6.0,35.0,23.0,0.0,thejas@13f79535-47bb-0310-9956-ffa450edef68,0,0.0,0.0,0.0,0.0,0.0,0.0,0.0,0,0,0.0,false
src/org/apache/pig/scripting/js/JsFunction.java,297.0,26.0,72.0,17.0,111.0,68.0,3.0,cheolsoo@13f79535-47bb-0310-9956-ffa450edef68,1,0.0013386880856760374,20.0,0.0,0.0,0.0,3757.8239999999996,717735.7445567974,1,0,0.8938178760220964,false
src/org/apache/pig/scripting/js/JsScriptEngine.java,193.0,22.0,28.0,16.0,44.0,45.0,0.0,julien@13f79535-47bb-0310-9956-ffa450edef68,0,0.0,0.0,0.0,0.0,0.0,0.0,0.0,0,0,0.0,false
src/org/apache/pig/scripting/jython/JythonScriptEngine.java,375.0,39.0,28.0,8.0,46.0,34.0,0.0,daijy@13f79535-47bb-0310-9956-ffa450edef68,0,0.0,0.0,0.0,0.0,0.0,0.0,0.0,0,4,0.0,false
src/org/apache/pig/tools/ToolsPigServer.java,93.0,18.0,13.0,6.0,12.0,22.0,0.0,gates@13f79535-47bb-0310-9956-ffa450edef68,0,0.0,0.0,0.0,0.0,0.0,0.0,0.0,0,1,0.0,false
src/org/apache/pig/tools/counters/PigCounterHelper.java,42.0,4.0,1.0,2.0,20.0,10.0,17.0,daijy@13f79535-47bb-0310-9956-ffa450edef68,1,0.0013386880856760374,50.0,0.0,0.0,50.0,3757.8239999999996,717735.7445567974,1,0,0.8938178760220964,false
src/org/apache/pig/tools/grunt/Grunt.java,58.0,13.0,0.0,5.0,27.0,15.0,0.0,daijy@13f79535-47bb-0310-9956-ffa450edef68,0,0.0,0.0,0.0,0.0,0.0,0.0,0.0,0,0,0.0,false
src/org/apache/pig/tools/grunt/GruntParser.java,1005.0,58.0,233.0,59.0,307.0,222.0,46.0,daijy@13f79535-47bb-0310-9956-ffa450edef68,1,0.0013386880856760374,3.0,0.0,0.0,0.0,447.57142857142856,4003.7059043753393,1,2,2.243744592971112,false
src/org/apache/pig/tools/pigstats/EmptyPigStats.java,99.0,9.0,309.0,26.0,13.0,52.0,0.0,cheolsoo@13f79535-47bb-0310-9956-ffa450edef68,0,0.0,0.0,0.0,0.0,0.0,0.0,0.0,0,0,0.0,false
src/org/apache/pig/tools/pigstats/InputStats.java,93.0,4.0,36.0,13.0,3.0,24.0,13.0,cheolsoo@13f79535-47bb-0310-9956-ffa450edef68,1,0.0013386880856760374,20.0,0.0,20.0,0.0,149.55555555555554,362.4408208871352,1,0,2.4849066497880004,false
src/org/apache/pig/tools/pigstats/JobStats.java,227.0,21.0,920.0,44.0,24.0,77.0,10.0,null,2,0.002677376171352075,12.0,0.0,4.0,4.0,597.1269841269841,4366.146725262474,2,0,1.6876177769485956,false
src/org/apache/pig/tools/pigstats/OutputStats.java,131.0,16.0,88.0,17.0,21.0,43.0,13.0,cheolsoo@13f79535-47bb-0310-9956-ffa450edef68,1,0.0013386880856760374,14.0,0.0,14.0,0.0,149.55555555555554,362.4408208871352,1,0,2.4849066497880004,true
src/org/apache/pig/tools/pigstats/PigProgressNotificationListener.java,59.0,4.0,36.0,9.0,0.0,21.0,6.0,daijy@13f79535-47bb-0310-9956-ffa450edef68,1,0.0013386880856760374,14.0,0.0,0.0,14.0,3757.8239999999996,717735.7445567974,1,0,0.8938178760220964,false
src/org/apache/pig/tools/pigstats/PigStats.java,405.0,26.0,767.0,43.0,91.0,116.0,13.0,cheolsoo@13f79535-47bb-0310-9956-ffa450edef68,1,0.0013386880856760374,7.0,0.0,7.0,0.0,149.55555555555554,362.4408208871352,1,1,2.4849066497880004,false
src/org/apache/pig/tools/pigstats/PigStatsUtil.java,114.0,7.0,45.0,10.0,25.0,25.0,0.0,null,0,0.0,0.0,0.0,0.0,0.0,0.0,0.0,0,2,0.0,false
src/org/apache/pig/tools/pigstats/PigStatusReporter.java,52.0,6.0,0.0,11.0,7.0,20.0,11.0,cheolsoo@13f79535-47bb-0310-9956-ffa450edef68,1,0.0013386880856760374,43.0,0.0,14.0,29.0,3757.8239999999996,717735.7445567974,1,0,0.8938178760220964,false
src/org/apache/pig/tools/pigstats/ScriptState.java,420.0,64.0,357.0,34.0,56.0,83.0,6.0,null,1,0.0013386880856760374,4.0,0.0,0.0,4.0,3757.8239999999996,717735.7445567974,1,0,0.8938178760220964,false
src/org/apache/pig/tools/pigstats/mapreduce/MRJobStats.java,372.0,34.0,633.0,39.0,84.0,94.0,6.0,cheolsoo@13f79535-47bb-0310-9956-ffa450edef68,2,0.002677376171352075,25.0,0.0,8.0,8.0,597.1269841269841,4366.146725262474,2,0,1.7680051292208914,false
src/org/apache/pig/tools/pigstats/mapreduce/MRPigStatsUtil.java,158.0,21.0,46.0,12.0,63.0,38.0,13.0,daijy@13f79535-47bb-0310-9956-ffa450edef68,1,0.0013386880856760374,14.0,0.0,14.0,0.0,149.55555555555554,362.4408208871352,1,0,2.4849066497880004,false
src/org/apache/pig/tools/pigstats/mapreduce/MRScriptState.java,208.0,25.0,35.0,10.0,81.0,33.0,6.0,daijy@13f79535-47bb-0310-9956-ffa450edef68,1,0.0013386880856760374,20.0,0.0,0.0,20.0,3757.8239999999996,717735.7445567974,1,0,0.8938178760220964,false
src/org/apache/pig/tools/pigstats/mapreduce/SimplePigStats.java,196.0,28.0,112.0,17.0,50.0,44.0,153.0,daijy@13f79535-47bb-0310-9956-ffa450edef68,2,0.002677376171352075,33.0,0.0,17.0,0.0,2638.634593356243,219990.93845535844,2,0,1.034695602913167,false
src/org/apache/pig/tools/pigstats/tez/TezScriptState.java,173.0,22.0,35.0,10.0,81.0,32.0,294.0,daijy@13f79535-47bb-0310-9956-ffa450edef68,1,0.0013386880856760374,20.0,0.0,0.0,0.0,2489.0790378006873,219628.4976344713,1,0,0.9707789171582248,false
src/org/apache/pig/tools/pigstats/tez/TezStats.java,202.0,35.0,107.0,18.0,52.0,44.0,153.0,daijy@13f79535-47bb-0310-9956-ffa450edef68,2,0.002677376171352075,22.0,0.0,0.0,11.0,6246.903037800686,937364.2421912687,2,0,0.23915121603021527,false
src/org/apache/pig/tools/pigstats/tez/TezTaskStats.java,147.0,22.0,335.0,27.0,26.0,65.0,114.0,daijy@13f79535-47bb-0310-9956-ffa450edef68,2,0.002677376171352075,50.0,0.0,0.0,17.0,2936.6504663721157,223632.20353884663,2,0,1.1829085327386701,false
src/org/apache/pig/validator/BlackAndWhitelistFilter.java,45.0,7.0,0.0,3.0,12.0,9.0,0.0,daijy@13f79535-47bb-0310-9956-ffa450edef68,0,0.0,0.0,0.0,0.0,0.0,0.0,0.0,0,0,0.0,false
src/org/apache/pig/validator/BlackAndWhitelistValidator.java,111.0,29.0,0.0,2.0,1.0,3.0,0.0,aniket486@13f79535-47bb-0310-9956-ffa450edef68,0,0.0,0.0,0.0,0.0,0.0,0.0,0.0,0,0,0.0,false
src/org/apache/pig/validator/PigCommandFilter.java,14.0,4.0,0.0,1.0,0.0,2.0,0.0,daijy@13f79535-47bb-0310-9956-ffa450edef68,0,0.0,0.0,0.0,0.0,0.0,0.0,0.0,0,0,0.0,false
test/org/apache/pig/backend/hadoop/executionengine/mapReduceLayer/TestInputSizeReducerEstimator.java,19.0,11.0,1.0,3.0,10.0,7.0,0.0,gates@13f79535-47bb-0310-9956-ffa450edef68,0,0.0,0.0,0.0,0.0,0.0,0.0,0.0,0,0,0.0,false
test/org/apache/pig/builtin/TestAvroStorage.java,529.0,49.0,0.0,51.0,235.0,162.0,0.0,daijy@13f79535-47bb-0310-9956-ffa450edef68,0,0.0,0.0,0.0,0.0,0.0,0.0,0.0,0,3,0.0,true
test/org/apache/pig/parser/TestErrorHandling.java,245.0,9.0,0.0,23.0,107.0,102.0,16.0,daijy@13f79535-47bb-0310-9956-ffa450edef68,2,0.002677376171352075,15.0,0.0,8.0,0.0,6246.903037800686,937364.2421912687,2,4,0.23915121603021527,false
test/org/apache/pig/parser/TestQueryParserUtils.java,59.0,6.0,0.0,1.0,7.0,3.0,15.0,daijy@13f79535-47bb-0310-9956-ffa450edef68,1,0.0013386880856760374,33.0,0.0,0.0,0.0,447.57142857142856,4003.7059043753393,1,0,2.243744592971112,false
test/org/apache/pig/pigunit/pig/GruntParser.java,64.0,7.0,4.0,5.0,22.0,11.0,46.0,gates@13f79535-47bb-0310-9956-ffa450edef68,0,0.0,0.0,0.0,0.0,0.0,0.0,0.0,0,1,0.0,false
test/org/apache/pig/pigunit/pig/PigServer.java,31.0,10.0,3.0,3.0,4.0,7.0,70.0,daijy@13f79535-47bb-0310-9956-ffa450edef68,0,0.0,0.0,0.0,0.0,0.0,0.0,0.0,0,1,0.0,false
test/org/apache/pig/test/MiniGenericCluster.java,96.0,7.0,65.0,14.0,16.0,30.0,170.0,daijy@13f79535-47bb-0310-9956-ffa450edef68,2,0.002677376171352075,40.0,0.0,0.0,0.0,2936.6504663721157,223632.20353884663,2,0,0.9141145745047231,false
test/org/apache/pig/test/TestAccumulator.java,484.0,23.0,0.0,30.0,173.0,108.0,148.0,null,2,0.002677376171352075,18.0,0.0,0.0,0.0,2936.6504663721157,223632.20353884663,2,1,0.9141145745047231,false
test/org/apache/pig/test/TestAlgebraicEval.java,242.0,15.0,0.0,10.0,106.0,41.0,294.0,daijy@13f79535-47bb-0310-9956-ffa450edef68,1,0.0013386880856760374,25.0,0.0,0.0,0.0,2489.0790378006873,219628.4976344713,1,0,0.9707789171582248,false
test/org/apache/pig/test/TestBZip.java,398.0,30.0,0.0,17.0,235.0,55.0,294.0,daijy@13f79535-47bb-0310-9956-ffa450edef68,1,0.0013386880856760374,8.0,0.0,0.0,0.0,2489.0790378006873,219628.4976344713,1,2,0.9707789171582248,false
test/org/apache/pig/test/TestBatchAliases.java,37.0,12.0,0.0,4.0,13.0,10.0,294.0,daijy@13f79535-47bb-0310-9956-ffa450edef68,1,0.0013386880856760374,12.0,0.0,0.0,0.0,2489.0790378006873,219628.4976344713,1,2,0.9707789171582248,true
test/org/apache/pig/test/TestBestFitCast.java,465.0,24.0,0.0,30.0,201.0,83.0,294.0,null,1,0.0013386880856760374,20.0,0.0,0.0,0.0,2489.0790378006873,219628.4976344713,1,0,0.9707789171582248,false
test/org/apache/pig/test/TestBinaryExpressionOps.java,29.0,8.0,0.0,4.0,9.0,10.0,294.0,daijy@13f79535-47bb-0310-9956-ffa450edef68,1,0.0013386880856760374,50.0,0.0,0.0,0.0,2489.0790378006873,219628.4976344713,1,0,0.9707789171582248,false
test/org/apache/pig/test/TestBlackAndWhitelistValidator.java,163.0,29.0,0.0,13.0,70.0,37.0,0.0,daijy@13f79535-47bb-0310-9956-ffa450edef68,0,0.0,0.0,0.0,0.0,0.0,0.0,0.0,0,1,0.0,true
test/org/apache/pig/test/TestBuiltin.java,2452.0,115.0,1981.0,74.0,597.0,265.0,62.0,null,2,0.002677376171352075,10.0,2.0,4.0,0.0,6246.903037800686,937364.2421912687,2,3,0.2515906254672913,true
test/org/apache/pig/test/TestBuiltinInvoker.java,83.0,18.0,0.0,7.0,42.0,20.0,0.0,daijy@13f79535-47bb-0310-9956-ffa450edef68,0,0.0,0.0,0.0,0.0,0.0,0.0,0.0,0,0,0.0,true
test/org/apache/pig/test/TestCharArrayToNumeric.java,203.0,24.0,1.0,7.0,53.0,27.0,294.0,daijy@13f79535-47bb-0310-9956-ffa450edef68,1,0.0013386880856760374,25.0,0.0,0.0,0.0,2489.0790378006873,219628.4976344713,1,0,0.9707789171582248,false
test/org/apache/pig/test/TestCombiner.java,300.0,25.0,0.0,19.0,161.0,62.0,294.0,null,1,0.0013386880856760374,10.0,0.0,0.0,0.0,2489.0790378006873,219628.4976344713,1,0,0.9707789171582248,false
test/org/apache/pig/test/TestCompressedFiles.java,65.0,20.0,0.0,6.0,35.0,16.0,294.0,daijy@13f79535-47bb-0310-9956-ffa450edef68,1,0.0013386880856760374,33.0,0.0,0.0,0.0,2489.0790378006873,219628.4976344713,1,0,0.9707789171582248,false
test/org/apache/pig/test/TestCustomPartitioner.java,133.0,25.0,0.0,7.0,61.0,21.0,294.0,daijy@13f79535-47bb-0310-9956-ffa450edef68,1,0.0013386880856760374,100.0,0.0,0.0,0.0,2489.0790378006873,219628.4976344713,1,0,0.9707789171582248,false
test/org/apache/pig/test/TestEvalPipeline.java,742.0,39.0,0.0,30.0,337.0,112.0,294.0,daijy@13f79535-47bb-0310-9956-ffa450edef68,1,0.0013386880856760374,20.0,0.0,0.0,0.0,2489.0790378006873,219628.4976344713,1,0,0.9707789171582248,false
test/org/apache/pig/test/TestEvalPipeline2.java,910.0,39.0,0.0,55.0,510.0,168.0,170.0,daijy@13f79535-47bb-0310-9956-ffa450edef68,2,0.002677376171352075,4.0,0.0,0.0,0.0,2936.6504663721157,223632.20353884663,2,16,0.9141145745047231,false
test/org/apache/pig/test/TestEvalPipelineLocal.java,815.0,43.0,0.0,35.0,429.0,124.0,3.0,daijy@13f79535-47bb-0310-9956-ffa450edef68,1,0.0013386880856760374,4.0,0.0,4.0,0.0,2489.0790378006873,219628.4976344713,1,2,0.9707789171582248,false
test/org/apache/pig/test/TestExampleGenerator.java,239.0,16.0,0.0,28.0,109.0,66.0,0.0,daijy@13f79535-47bb-0310-9956-ffa450edef68,0,0.0,0.0,0.0,0.0,0.0,0.0,0.0,0,1,0.0,false
test/org/apache/pig/test/TestFRJoin.java,440.0,33.0,0.0,22.0,151.0,58.0,294.0,null,1,0.0013386880856760374,12.0,0.0,0.0,0.0,2489.0790378006873,219628.4976344713,1,0,0.9707789171582248,true
test/org/apache/pig/test/TestFRJoin2.java,271.0,21.0,0.0,10.0,146.0,33.0,149.0,daijy@13f79535-47bb-0310-9956-ffa450edef68,2,0.002677376171352075,29.0,0.0,0.0,0.0,2936.6504663721157,223632.20353884663,2,0,0.9141145745047231,false
test/org/apache/pig/test/TestFRJoinNullValue.java,101.0,10.0,0.0,6.0,50.0,17.0,294.0,daijy@13f79535-47bb-0310-9956-ffa450edef68,1,0.0013386880856760374,50.0,0.0,0.0,0.0,2489.0790378006873,219628.4976344713,1,0,0.9707789171582248,false
test/org/apache/pig/test/TestFetch.java,123.0,36.0,0.0,10.0,78.0,36.0,0.0,cheolsoo@13f79535-47bb-0310-9956-ffa450edef68,0,0.0,0.0,0.0,0.0,0.0,0.0,0.0,0,0,0.0,false
test/org/apache/pig/test/TestFilterUDF.java,95.0,18.0,4.0,8.0,50.0,23.0,294.0,daijy@13f79535-47bb-0310-9956-ffa450edef68,1,0.0013386880856760374,25.0,0.0,0.0,0.0,2489.0790378006873,219628.4976344713,1,0,0.9707789171582248,false
test/org/apache/pig/test/TestFinish.java,121.0,20.0,0.0,8.0,51.0,29.0,294.0,daijy@13f79535-47bb-0310-9956-ffa450edef68,1,0.0013386880856760374,17.0,0.0,0.0,0.0,2489.0790378006873,219628.4976344713,1,1,0.9707789171582248,false
test/org/apache/pig/test/TestForEachNestedPlan.java,199.0,18.0,0.0,9.0,94.0,38.0,294.0,daijy@13f79535-47bb-0310-9956-ffa450edef68,1,0.0013386880856760374,17.0,0.0,0.0,0.0,2489.0790378006873,219628.4976344713,1,0,0.9707789171582248,false
test/org/apache/pig/test/TestGrunt.java,789.0,38.0,0.0,68.0,393.0,197.0,114.0,daijy@13f79535-47bb-0310-9956-ffa450edef68,2,0.002677376171352075,8.0,0.0,0.0,0.0,2936.6504663721157,223632.20353884663,2,8,0.7585866408010411,false
test/org/apache/pig/test/TestImplicitSplit.java,73.0,14.0,0.0,6.0,31.0,19.0,294.0,daijy@13f79535-47bb-0310-9956-ffa450edef68,1,0.0013386880856760374,33.0,0.0,0.0,0.0,2489.0790378006873,219628.4976344713,1,0,0.9707789171582248,false
test/org/apache/pig/test/TestInputOutputFileValidator.java,106.0,31.0,16.0,8.0,46.0,23.0,31.0,daijy@13f79535-47bb-0310-9956-ffa450edef68,1,0.0013386880856760374,11.0,0.0,0.0,0.0,2489.0790378006873,219628.4976344713,1,1,0.9707789171582248,true
test/org/apache/pig/test/TestInputOutputMiniClusterFileValidator.java,130.0,32.0,27.0,11.0,63.0,32.0,162.0,daijy@13f79535-47bb-0310-9956-ffa450edef68,1,0.0013386880856760374,40.0,0.0,0.0,0.0,2489.0790378006873,219628.4976344713,1,1,0.9707789171582248,false
test/org/apache/pig/test/TestJobSubmission.java,229.0,39.0,0.0,11.0,123.0,36.0,0.0,daijy@13f79535-47bb-0310-9956-ffa450edef68,0,0.0,0.0,0.0,0.0,0.0,0.0,0.0,0,5,0.0,false
test/org/apache/pig/test/TestJoin.java,434.0,31.0,0.0,23.0,204.0,87.0,294.0,null,1,0.0013386880856760374,8.0,0.0,0.0,0.0,2489.0790378006873,219628.4976344713,1,1,0.9707789171582248,false
test/org/apache/pig/test/TestJoinSmoke.java,149.0,16.0,0.0,10.0,41.0,26.0,294.0,thejas@13f79535-47bb-0310-9956-ffa450edef68,1,0.0013386880856760374,25.0,0.0,0.0,0.0,2489.0790378006873,219628.4976344713,1,0,0.9707789171582248,false
test/org/apache/pig/test/TestKeyTypeDiscoveryVisitor.java,31.0,10.0,0.0,3.0,12.0,8.0,294.0,daijy@13f79535-47bb-0310-9956-ffa450edef68,1,0.0013386880856760374,33.0,0.0,0.0,0.0,2489.0790378006873,219628.4976344713,1,0,0.9707789171582248,false
test/org/apache/pig/test/TestLoad.java,188.0,41.0,0.0,20.0,91.0,58.0,294.0,null,1,0.0013386880856760374,8.0,0.0,0.0,0.0,2489.0790378006873,219628.4976344713,1,1,0.9707789171582248,true
test/org/apache/pig/test/TestLocalRearrange.java,124.0,32.0,6.0,8.0,60.0,21.0,294.0,daijy@13f79535-47bb-0310-9956-ffa450edef68,1,0.0013386880856760374,33.0,0.0,0.0,0.0,2489.0790378006873,219628.4976344713,1,0,0.9707789171582248,false
test/org/apache/pig/test/TestMRCompiler.java,768.0,64.0,343.0,35.0,316.0,85.0,155.0,daijy@13f79535-47bb-0310-9956-ffa450edef68,1,0.0013386880856760374,10.0,0.0,0.0,0.0,2489.0790378006873,219628.4976344713,1,1,0.9707789171582248,true
test/org/apache/pig/test/TestMRJobStats.java,159.0,29.0,60.0,12.0,82.0,34.0,7.0,daijy@13f79535-47bb-0310-9956-ffa450edef68,3,0.004016064257028112,44.0,0.0,11.0,0.0,4354.950984126984,722101.8912820598,3,0,0.5893509778609085,false
test/org/apache/pig/test/TestMapReduce.java,358.0,33.0,57.0,18.0,160.0,68.0,294.0,daijy@13f79535-47bb-0310-9956-ffa450edef68,1,0.0013386880856760374,33.0,0.0,0.0,0.0,2489.0790378006873,219628.4976344713,1,0,0.9707789171582248,false
test/org/apache/pig/test/TestMapReduce2.java,95.0,10.0,0.0,8.0,35.0,28.0,294.0,daijy@13f79535-47bb-0310-9956-ffa450edef68,1,0.0013386880856760374,33.0,0.0,0.0,0.0,2489.0790378006873,219628.4976344713,1,0,0.9707789171582248,false
test/org/apache/pig/test/TestMultiQuery.java,270.0,20.0,0.0,16.0,108.0,53.0,150.0,null,2,0.002677376171352075,14.0,7.0,0.0,0.0,6246.903037800686,937364.2421912687,2,0,0.23915121603021527,false
test/org/apache/pig/test/TestMultiQueryBasic.java,412.0,36.0,0.0,22.0,141.0,69.0,294.0,null,1,0.0013386880856760374,9.0,0.0,0.0,0.0,2489.0790378006873,219628.4976344713,1,0,0.9707789171582248,false
test/org/apache/pig/test/TestMultiQueryCompiler.java,1090.0,39.0,0.0,52.0,432.0,149.0,162.0,daijy@13f79535-47bb-0310-9956-ffa450edef68,1,0.0013386880856760374,14.0,0.0,0.0,0.0,2489.0790378006873,219628.4976344713,1,1,0.9707789171582248,false
test/org/apache/pig/test/TestMultiQueryLocal.java,469.0,38.0,0.0,25.0,186.0,67.0,162.0,daijy@13f79535-47bb-0310-9956-ffa450edef68,1,0.0013386880856760374,9.0,0.0,0.0,0.0,2489.0790378006873,219628.4976344713,1,2,0.9707789171582248,true
test/org/apache/pig/test/TestNativeMapReduce.java,201.0,18.0,0.0,8.0,63.0,21.0,6.0,daijy@13f79535-47bb-0310-9956-ffa450edef68,1,0.0013386880856760374,17.0,17.0,0.0,0.0,3757.8239999999996,717735.7445567974,1,2,0.8938178760220964,false
test/org/apache/pig/test/TestNestedForeach.java,92.0,10.0,0.0,10.0,49.0,28.0,294.0,daijy@13f79535-47bb-0310-9956-ffa450edef68,1,0.0013386880856760374,20.0,0.0,0.0,0.0,2489.0790378006873,219628.4976344713,1,2,0.9707789171582248,false
test/org/apache/pig/test/TestNewPlanImplicitSplit.java,73.0,12.0,0.0,6.0,32.0,19.0,294.0,daijy@13f79535-47bb-0310-9956-ffa450edef68,1,0.0013386880856760374,33.0,0.0,0.0,0.0,2489.0790378006873,219628.4976344713,1,0,0.9707789171582248,false
test/org/apache/pig/test/TestNewPlanPushDownForeachFlatten.java,731.0,33.0,1126.0,48.0,308.0,185.0,31.0,daijy@13f79535-47bb-0310-9956-ffa450edef68,1,0.0013386880856760374,9.0,0.0,0.0,0.0,2489.0790378006873,219628.4976344713,1,0,0.9707789171582248,false
test/org/apache/pig/test/TestNewPlanPushUpFilter.java,819.0,37.0,1176.0,49.0,314.0,145.0,31.0,daijy@13f79535-47bb-0310-9956-ffa450edef68,1,0.0013386880856760374,33.0,0.0,0.0,0.0,2489.0790378006873,219628.4976344713,1,0,0.9707789171582248,false
test/org/apache/pig/test/TestPackage.java,137.0,36.0,3.0,3.0,42.0,18.0,294.0,cheolsoo@13f79535-47bb-0310-9956-ffa450edef68,1,0.0013386880856760374,11.0,0.0,0.0,0.0,2489.0790378006873,219628.4976344713,1,2,0.9707789171582248,false
test/org/apache/pig/test/TestPigContext.java,151.0,24.0,52.0,13.0,73.0,30.0,294.0,daijy@13f79535-47bb-0310-9956-ffa450edef68,1,0.0013386880856760374,8.0,0.0,0.0,0.0,2489.0790378006873,219628.4976344713,1,3,0.9707789171582248,true
test/org/apache/pig/test/TestPigRunner.java,781.0,37.0,0.0,34.0,370.0,127.0,101.0,daijy@13f79535-47bb-0310-9956-ffa450edef68,2,0.002677376171352075,8.0,0.0,0.0,3.0,6246.903037800686,937364.2421912687,2,4,0.30861106848470254,false
test/org/apache/pig/test/TestPigServer.java,681.0,61.0,0.0,47.0,317.0,127.0,101.0,daijy@13f79535-47bb-0310-9956-ffa450edef68,2,0.002677376171352075,8.0,0.0,3.0,0.0,6246.903037800686,937364.2421912687,2,3,0.30861106848470254,false
test/org/apache/pig/test/TestPigServerWithMacros.java,64.0,24.0,8.0,5.0,50.0,15.0,294.0,daijy@13f79535-47bb-0310-9956-ffa450edef68,1,0.0013386880856760374,17.0,0.0,0.0,0.0,2489.0790378006873,219628.4976344713,1,0,0.9707789171582248,false
test/org/apache/pig/test/TestPigStats.java,138.0,28.0,30.0,9.0,77.0,30.0,31.0,null,1,0.0013386880856760374,10.0,0.0,0.0,0.0,2489.0790378006873,219628.4976344713,1,0,0.9707789171582248,false
test/org/apache/pig/test/TestPigStorage.java,398.0,41.0,0.0,27.0,191.0,79.0,148.0,daijy@13f79535-47bb-0310-9956-ffa450edef68,2,0.002677376171352075,10.0,0.0,5.0,0.0,6246.903037800686,937364.2421912687,2,6,0.23915121603021527,true
test/org/apache/pig/test/TestPoissonSampleLoader.java,41.0,14.0,2.0,5.0,14.0,13.0,294.0,daijy@13f79535-47bb-0310-9956-ffa450edef68,1,0.0013386880856760374,12.0,0.0,0.0,0.0,2489.0790378006873,219628.4976344713,1,1,0.9707789171582248,true
test/org/apache/pig/test/TestProjectRange.java,551.0,38.0,0.0,36.0,176.0,105.0,18.0,null,1,0.0013386880856760374,18.0,0.0,0.0,0.0,2489.0790378006873,219628.4976344713,1,1,0.9707789171582248,false
test/org/apache/pig/test/TestRegisteredJarVisibility.java,121.0,31.0,25.0,10.0,59.0,23.0,294.0,daijy@13f79535-47bb-0310-9956-ffa450edef68,1,0.0013386880856760374,8.0,0.0,0.0,0.0,2489.0790378006873,219628.4976344713,1,2,0.9707789171582248,true
test/org/apache/pig/test/TestSample.java,66.0,12.0,0.0,11.0,34.0,33.0,294.0,thejas@13f79535-47bb-0310-9956-ffa450edef68,1,0.0013386880856760374,17.0,0.0,0.0,0.0,2489.0790378006873,219628.4976344713,1,1,0.9707789171582248,false
test/org/apache/pig/test/TestSchema.java,516.0,22.0,351.0,27.0,134.0,63.0,348.0,daijy@13f79535-47bb-0310-9956-ffa450edef68,1,0.0013386880856760374,4.0,0.0,0.0,0.0,2489.0790378006873,219628.4976344713,1,3,0.9707789171582248,false
test/org/apache/pig/test/TestScriptLanguageJavaScript.java,45.0,14.0,1.0,6.0,33.0,17.0,294.0,daijy@13f79535-47bb-0310-9956-ffa450edef68,1,0.0013386880856760374,33.0,0.0,0.0,0.0,2489.0790378006873,219628.4976344713,1,0,0.9707789171582248,false
test/org/apache/pig/test/TestScriptUDF.java,127.0,13.0,0.0,9.0,72.0,30.0,148.0,daijy@13f79535-47bb-0310-9956-ffa450edef68,2,0.002677376171352075,12.0,0.0,0.0,0.0,6246.903037800686,937364.2421912687,2,3,0.23915121603021527,false
test/org/apache/pig/test/TestSecondarySort.java,331.0,21.0,121.0,22.0,173.0,65.0,294.0,daijy@13f79535-47bb-0310-9956-ffa450edef68,1,0.0013386880856760374,8.0,0.0,0.0,0.0,2489.0790378006873,219628.4976344713,1,3,0.9707789171582248,false
test/org/apache/pig/test/TestSecondarySortMR.java,15.0,5.0,3.0,3.0,4.0,6.0,294.0,daijy@13f79535-47bb-0310-9956-ffa450edef68,1,0.0013386880856760374,100.0,0.0,0.0,0.0,2489.0790378006873,219628.4976344713,1,0,0.9707789171582248,false
test/org/apache/pig/test/TestSkewedJoin.java,421.0,38.0,0.0,19.0,154.0,64.0,294.0,daijy@13f79535-47bb-0310-9956-ffa450edef68,1,0.0013386880856760374,17.0,0.0,0.0,0.0,2489.0790378006873,219628.4976344713,1,0,0.9707789171582248,false
test/org/apache/pig/test/TestSplitStore.java,80.0,11.0,0.0,12.0,67.0,35.0,294.0,daijy@13f79535-47bb-0310-9956-ffa450edef68,1,0.0013386880856760374,33.0,0.0,0.0,0.0,2489.0790378006873,219628.4976344713,1,0,0.9707789171582248,false
test/org/apache/pig/test/TestStore.java,631.0,71.0,87.0,26.0,218.0,86.0,123.0,daijy@13f79535-47bb-0310-9956-ffa450edef68,2,0.002677376171352075,12.0,0.0,0.0,0.0,2936.6504663721157,223632.20353884663,2,5,0.7585866408010411,false
test/org/apache/pig/test/TestStoreInstances.java,102.0,27.0,4.0,5.0,19.0,15.0,294.0,daijy@13f79535-47bb-0310-9956-ffa450edef68,1,0.0013386880856760374,20.0,0.0,0.0,0.0,2489.0790378006873,219628.4976344713,1,0,0.9707789171582248,true
test/org/apache/pig/test/TestStoreOld.java,65.0,11.0,0.0,5.0,32.0,17.0,294.0,daijy@13f79535-47bb-0310-9956-ffa450edef68,1,0.0013386880856760374,33.0,0.0,0.0,0.0,2489.0790378006873,219628.4976344713,1,0,0.9707789171582248,false
test/org/apache/pig/test/TestStreaming.java,390.0,22.0,0.0,19.0,215.0,69.0,294.0,daijy@13f79535-47bb-0310-9956-ffa450edef68,1,0.0013386880856760374,8.0,0.0,0.0,0.0,2489.0790378006873,219628.4976344713,1,2,0.9707789171582248,false
test/org/apache/pig/test/TestToolsPigServer.java,52.0,16.0,0.0,5.0,41.0,14.0,294.0,daijy@13f79535-47bb-0310-9956-ffa450edef68,1,0.0013386880856760374,33.0,0.0,0.0,0.0,2489.0790378006873,219628.4976344713,1,0,0.9707789171582248,false
test/org/apache/pig/test/TestUDF.java,215.0,26.0,54.0,12.0,62.0,31.0,294.0,daijy@13f79535-47bb-0310-9956-ffa450edef68,1,0.0013386880856760374,10.0,0.0,0.0,0.0,2489.0790378006873,219628.4976344713,1,0,0.9707789171582248,true
test/org/apache/pig/test/TestUDFContext.java,44.0,13.0,1.0,2.0,23.0,9.0,294.0,daijy@13f79535-47bb-0310-9956-ffa450edef68,1,0.0013386880856760374,11.0,0.0,0.0,0.0,2489.0790378006873,219628.4976344713,1,1,0.9707789171582248,true
test/org/apache/pig/test/Util.java,933.0,88.0,4001.0,91.0,316.0,310.0,49.0,daijy@13f79535-47bb-0310-9956-ffa450edef68,3,0.004016064257028112,11.0,0.0,0.0,0.0,6694.474466372115,941367.948095644,3,7,0.14588191804097805,true
test/org/apache/pig/test/pigunit/pig/TestGruntParser.java,41.0,11.0,0.0,6.0,18.0,13.0,0.0,daijy@13f79535-47bb-0310-9956-ffa450edef68,0,0.0,0.0,0.0,0.0,0.0,0.0,0.0,0,1,0.0,true
test/org/apache/pig/test/utils/WrongCustomPartitioner.java,5.0,3.0,0.0,1.0,0.0,2.0,0.0,daijy@13f79535-47bb-0310-9956-ffa450edef68,0,0.0,0.0,0.0,0.0,0.0,0.0,0.0,0,0,0.0,false
test/org/apache/pig/tez/TestSecondarySortTez.java,22.0,11.0,3.0,3.0,7.0,7.0,151.0,daijy@13f79535-47bb-0310-9956-ffa450edef68,1,0.0013386880856760374,50.0,0.0,0.0,0.0,2489.0790378006873,219628.4976344713,1,0,0.9707789171582248,false
test/org/apache/pig/tez/TestTezCompiler.java,235.0,22.0,620.0,36.0,72.0,92.0,151.0,daijy@13f79535-47bb-0310-9956-ffa450edef68,1,0.0013386880856760374,18.0,0.0,0.0,0.0,2489.0790378006873,219628.4976344713,1,0,0.9707789171582248,true
test/org/apache/pig/tez/TestTezJobControlCompiler.java,77.0,29.0,3.0,7.0,42.0,20.0,86.0,daijy@13f79535-47bb-0310-9956-ffa450edef68,2,0.002677376171352075,40.0,0.0,0.0,10.0,6246.903037800686,937364.2421912687,2,0,0.3892035122553844,true
test/org/apache/pig/tez/TestTezLauncher.java,41.0,15.0,0.0,5.0,17.0,13.0,294.0,daijy@13f79535-47bb-0310-9956-ffa450edef68,1,0.0013386880856760374,33.0,0.0,0.0,0.0,2489.0790378006873,219628.4976344713,1,0,0.9707789171582248,false
test/org/apache/pig/tools/grunt/TestGruntParser.java,25.0,11.0,0.0,2.0,9.0,7.0,0.0,daijy@13f79535-47bb-0310-9956-ffa450edef68,0,0.0,0.0,0.0,0.0,0.0,0.0,0.0,0,0,0.0,true
test/perf/pigmix/src/java/org/apache/pig/test/pigmix/mapreduce/L1.java,112.0,21.0,0.0,1.0,31.0,8.0,13.0,daijy@13f79535-47bb-0310-9956-ffa450edef68,1,0.0013386880856760374,33.0,0.0,0.0,0.0,2489.0790378006873,219628.4976344713,1,0,0.9707789171582248,false
test/perf/pigmix/src/java/org/apache/pig/test/pigmix/mapreduce/L10.java,215.0,28.0,0.0,1.0,30.0,8.0,13.0,daijy@13f79535-47bb-0310-9956-ffa450edef68,1,0.0013386880856760374,33.0,0.0,0.0,0.0,2489.0790378006873,219628.4976344713,1,0,0.9707789171582248,false
test/perf/pigmix/src/java/org/apache/pig/test/pigmix/mapreduce/L12.java,170.0,24.0,0.0,1.0,32.0,8.0,13.0,daijy@13f79535-47bb-0310-9956-ffa450edef68,1,0.0013386880856760374,33.0,0.0,0.0,0.0,2489.0790378006873,219628.4976344713,1,0,0.9707789171582248,false
test/perf/pigmix/src/java/org/apache/pig/test/pigmix/mapreduce/L15.java,167.0,25.0,0.0,1.0,31.0,8.0,13.0,daijy@13f79535-47bb-0310-9956-ffa450edef68,1,0.0013386880856760374,33.0,0.0,0.0,0.0,2489.0790378006873,219628.4976344713,1,0,0.9707789171582248,false
test/perf/pigmix/src/java/org/apache/pig/test/pigmix/mapreduce/L2.java,115.0,26.0,0.0,1.0,29.0,8.0,13.0,daijy@13f79535-47bb-0310-9956-ffa450edef68,1,0.0013386880856760374,33.0,0.0,0.0,0.0,2489.0790378006873,219628.4976344713,1,0,0.9707789171582248,false
test/perf/pigmix/src/java/org/apache/pig/test/pigmix/mapreduce/L3.java,155.0,23.0,0.0,1.0,31.0,8.0,13.0,daijy@13f79535-47bb-0310-9956-ffa450edef68,1,0.0013386880856760374,33.0,0.0,0.0,0.0,2489.0790378006873,219628.4976344713,1,0,0.9707789171582248,false
test/perf/pigmix/src/java/org/apache/pig/test/pigmix/mapreduce/L5.java,139.0,23.0,0.0,1.0,32.0,8.0,13.0,daijy@13f79535-47bb-0310-9956-ffa450edef68,1,0.0013386880856760374,33.0,0.0,0.0,0.0,2489.0790378006873,219628.4976344713,1,0,0.9707789171582248,false
test/perf/pigmix/src/java/org/apache/pig/test/pigmix/mapreduce/L6.java,113.0,24.0,0.0,1.0,31.0,8.0,13.0,daijy@13f79535-47bb-0310-9956-ffa450edef68,1,0.0013386880856760374,33.0,0.0,0.0,0.0,2489.0790378006873,219628.4976344713,1,0,0.9707789171582248,false
test/perf/pigmix/src/java/org/apache/pig/test/pigmix/mapreduce/L7.java,132.0,24.0,0.0,1.0,31.0,8.0,13.0,daijy@13f79535-47bb-0310-9956-ffa450edef68,1,0.0013386880856760374,33.0,0.0,0.0,0.0,2489.0790378006873,219628.4976344713,1,0,0.9707789171582248,false
test/perf/pigmix/src/java/org/apache/pig/test/pigmix/mapreduce/L8.java,141.0,24.0,0.0,1.0,30.0,8.0,13.0,daijy@13f79535-47bb-0310-9956-ffa450edef68,1,0.0013386880856760374,33.0,0.0,0.0,0.0,2489.0790378006873,219628.4976344713,1,0,0.9707789171582248,false
test/perf/pigmix/src/java/org/apache/pig/test/pigmix/mapreduce/L9.java,168.0,23.0,0.0,1.0,30.0,8.0,13.0,daijy@13f79535-47bb-0310-9956-ffa450edef68,1,0.0013386880856760374,33.0,0.0,0.0,0.0,2489.0790378006873,219628.4976344713,1,0,0.9707789171582248,false
test/perf/pigmix/src/java/org/apache/pig/test/pigmix/mapreduce/Library.java,28.0,3.0,1.0,2.0,9.0,9.0,13.0,daijy@13f79535-47bb-0310-9956-ffa450edef68,1,0.0013386880856760374,33.0,0.0,0.0,0.0,2489.0790378006873,219628.4976344713,1,0,0.9707789171582248,false
