name,LOC,CBO,LCOM,NOM,RFC,WMC,ACS,Ownership,numOfChanges,numberOfFIChanges,ENH,NF,BugFixing,REF,structuralWorkloadSum,semanticWorkloadSum,numberOfDeveloper,pastFaults,MAF,isBuggy
contrib/piggybank/java/src/main/java/org/apache/pig/piggybank/storage/HadoopJobHistoryLoader.java,436.0,40.0,41.0,11.0,64.0,36.0,66.0,daijy@13f79535-47bb-0310-9956-ffa450edef68,1,0.0017271157167530224,25.0,0.0,0.0,0.0,901.1428571428571,8650.82066920127,1,0,1.616082455152769,false
contrib/piggybank/java/src/main/java/org/apache/pig/piggybank/storage/IndexedStorage.java,708.0,41.0,6.0,8.0,27.0,35.0,66.0,daijy@13f79535-47bb-0310-9956-ffa450edef68,1,0.0017271157167530224,25.0,0.0,0.0,0.0,901.1428571428571,8650.82066920127,1,1,1.616082455152769,false
contrib/piggybank/java/src/main/java/org/apache/pig/piggybank/storage/MultiStorage.java,151.0,29.0,3.0,7.0,14.0,18.0,34.0,daijy@13f79535-47bb-0310-9956-ffa450edef68,2,0.0034542314335060447,40.0,0.0,0.0,0.0,3911.887955182073,176657.27057619306,2,0,0.35723421884727335,false
contrib/piggybank/java/src/main/java/org/apache/pig/piggybank/storage/allloader/LoadFuncHelper.java,282.0,14.0,38.0,12.0,46.0,56.0,2.0,daijy@13f79535-47bb-0310-9956-ffa450edef68,1,0.0017271157167530224,33.0,33.0,0.0,0.0,938.874251497006,63828.473474973194,1,1,2.0215475632609334,false
contrib/piggybank/java/src/main/java/org/apache/pig/piggybank/storage/hiverc/HiveRCOutputFormat.java,57.0,18.0,6.0,4.0,13.0,12.0,66.0,daijy@13f79535-47bb-0310-9956-ffa450edef68,1,0.0017271157167530224,33.0,0.0,0.0,0.0,901.1428571428571,8650.82066920127,1,0,1.616082455152769,false
contrib/piggybank/java/src/test/java/org/apache/pig/piggybank/test/storage/TestCSVExcelStorage.java,175.0,17.0,0.0,12.0,60.0,29.0,66.0,daijy@13f79535-47bb-0310-9956-ffa450edef68,1,0.0017271157167530224,14.0,0.0,0.0,0.0,901.1428571428571,8650.82066920127,1,0,1.616082455152769,false
contrib/piggybank/java/src/test/java/org/apache/pig/piggybank/test/storage/TestCSVStorage.java,37.0,14.0,0.0,4.0,22.0,8.0,66.0,daijy@13f79535-47bb-0310-9956-ffa450edef68,1,0.0017271157167530224,25.0,0.0,0.0,0.0,901.1428571428571,8650.82066920127,1,0,1.616082455152769,false
contrib/piggybank/java/src/test/java/org/apache/pig/piggybank/test/storage/TestDBStorage.java,146.0,24.0,5.0,7.0,54.0,30.0,66.0,daijy@13f79535-47bb-0310-9956-ffa450edef68,1,0.0017271157167530224,14.0,0.0,0.0,0.0,901.1428571428571,8650.82066920127,1,3,1.616082455152769,false
contrib/piggybank/java/src/test/java/org/apache/pig/piggybank/test/storage/TestIndexedStorage.java,127.0,33.0,0.0,6.0,39.0,16.0,66.0,daijy@13f79535-47bb-0310-9956-ffa450edef68,1,0.0017271157167530224,20.0,0.0,0.0,0.0,901.1428571428571,8650.82066920127,1,1,1.616082455152769,false
contrib/piggybank/java/src/test/java/org/apache/pig/piggybank/test/storage/TestXMLLoader.java,372.0,22.0,34.0,13.0,143.0,81.0,66.0,daijy@13f79535-47bb-0310-9956-ffa450edef68,1,0.0017271157167530224,10.0,0.0,0.0,0.0,901.1428571428571,8650.82066920127,1,1,1.616082455152769,false
contrib/piggybank/java/src/test/java/org/apache/pig/piggybank/test/storage/avro/TestAvroStorage.java,577.0,41.0,0.0,55.0,281.0,171.0,34.0,null,1,0.0017271157167530224,3.0,0.0,0.0,0.0,901.1428571428571,8650.82066920127,1,7,1.616082455152769,false
shims/src/hadoop20/org/apache/pig/backend/hadoop/executionengine/shims/HadoopShims.java,107.0,23.0,190.0,20.0,37.0,51.0,22.0,daijy@13f79535-47bb-0310-9956-ffa450edef68,2,0.0034542314335060447,11.0,0.0,6.0,0.0,1840.0171086398632,72479.29414417446,2,3,1.1256678286469057,false
shims/src/hadoop23/org/apache/pig/backend/hadoop/executionengine/shims/HadoopShims.java,156.0,27.0,188.0,20.0,29.0,60.0,22.0,daijy@13f79535-47bb-0310-9956-ffa450edef68,3,0.0051813471502590676,22.0,0.0,4.0,0.0,4850.762206679079,240485.74405116626,3,3,0.06806367064650676,false
shims/src/hadoop23/org/apache/pig/backend/hadoop23/PigJobControl.java,166.0,9.0,25.0,10.0,21.0,37.0,2.0,daijy@13f79535-47bb-0310-9956-ffa450edef68,1,0.0017271157167530224,33.0,0.0,33.0,0.0,901.1428571428571,8650.82066920127,1,0,1.616082455152769,false
shims/test/hadoop20/org/apache/pig/test/MiniCluster.java,53.0,8.0,4.0,4.0,18.0,10.0,44.0,daijy@13f79535-47bb-0310-9956-ffa450edef68,2,0.0034542314335060447,25.0,0.0,0.0,0.0,3911.887955182073,176657.27057619306,2,1,0.35723421884727335,false
shims/test/hadoop20/org/apache/pig/test/TezMiniCluster.java,17.0,2.0,6.0,4.0,0.0,8.0,19.0,daijy@13f79535-47bb-0310-9956-ffa450edef68,1,0.0017271157167530224,50.0,0.0,0.0,0.0,3010.745098039216,168006.4499069918,1,0,0.48468034366166834,false
shims/test/hadoop23/org/apache/pig/test/MiniCluster.java,72.0,10.0,4.0,4.0,26.0,10.0,44.0,daijy@13f79535-47bb-0310-9956-ffa450edef68,2,0.0034542314335060447,15.0,0.0,0.0,0.0,3911.887955182073,176657.27057619306,2,2,0.35723421884727335,false
shims/test/hadoop23/org/apache/pig/test/TezMiniCluster.java,113.0,21.0,6.0,5.0,34.0,13.0,19.0,daijy@13f79535-47bb-0310-9956-ffa450edef68,3,0.0051813471502590676,50.0,0.0,0.0,0.0,4850.762206679079,240485.74405116626,3,0,0.16805080180990384,false
src/org/apache/pig/EvalFunc.java,204.0,19.0,213.0,22.0,30.0,69.0,69.0,daijy@13f79535-47bb-0310-9956-ffa450edef68,1,0.0017271157167530224,15.0,8.0,0.0,0.0,3010.745098039216,168006.4499069918,1,1,0.48468034366166834,false
src/org/apache/pig/Expression.java,165.0,3.0,0.0,4.0,0.0,6.0,23.0,jcoveney@13f79535-47bb-0310-9956-ffa450edef68,1,0.0017271157167530224,20.0,0.0,0.0,0.0,3010.745098039216,168006.4499069918,1,0,0.48468034366166834,false
src/org/apache/pig/LoadFuncWrapper.java,58.0,8.0,0.0,11.0,19.0,30.0,0.0,daijy@13f79535-47bb-0310-9956-ffa450edef68,0,0.0,0.0,0.0,0.0,0.0,0.0,0.0,0,0,0.0,false
src/org/apache/pig/LoadPredicatePushdown.java,25.0,5.0,3.0,3.0,0.0,11.0,23.0,daijy@13f79535-47bb-0310-9956-ffa450edef68,1,0.0017271157167530224,50.0,0.0,0.0,0.0,3010.745098039216,168006.4499069918,1,0,0.48468034366166834,false
src/org/apache/pig/Main.java,792.0,60.0,198.0,21.0,128.0,77.0,21.0,null,2,0.0034542314335060447,13.0,1.0,3.0,0.0,3949.6193495362218,231834.923381965,2,7,0.6515338890639368,false
src/org/apache/pig/PigConfiguration.java,180.0,0.0,0.0,1.0,0.0,1.0,8.0,null,3,0.0051813471502590676,11.0,3.0,0.0,0.0,4850.762206679079,240485.74405116626,3,4,0.49624371049415816,false
src/org/apache/pig/StoreFuncWrapper.java,64.0,7.0,0.0,13.0,23.0,32.0,0.0,daijy@13f79535-47bb-0310-9956-ffa450edef68,0,0.0,0.0,0.0,0.0,0.0,0.0,0.0,0,0,0.0,false
src/org/apache/pig/backend/hadoop/BigDecimalWritable.java,60.0,10.0,0.0,10.0,7.0,18.0,0.0,daijy@13f79535-47bb-0310-9956-ffa450edef68,0,0.0,0.0,0.0,0.0,0.0,0.0,0.0,0,1,0.0,false
src/org/apache/pig/backend/hadoop/BigIntegerWritable.java,60.0,10.0,0.0,10.0,7.0,18.0,0.0,daijy@13f79535-47bb-0310-9956-ffa450edef68,0,0.0,0.0,0.0,0.0,0.0,0.0,0.0,0,1,0.0,false
src/org/apache/pig/backend/hadoop/datastorage/ConfigurationUtil.java,42.0,12.0,15.0,6.0,18.0,14.0,66.0,daijy@13f79535-47bb-0310-9956-ffa450edef68,1,0.0017271157167530224,9.0,0.0,0.0,0.0,901.1428571428571,8650.82066920127,1,2,1.616082455152769,false
src/org/apache/pig/backend/hadoop/executionengine/HExecutionEngine.java,200.0,40.0,50.0,17.0,55.0,50.0,28.0,null,3,0.0051813471502590676,7.0,0.0,0.0,0.0,1849.617108639863,72816.01691240363,3,4,1.5553086028881173,true
src/org/apache/pig/backend/hadoop/executionengine/Launcher.java,345.0,31.0,83.0,14.0,65.0,52.0,8.0,rohini@13f79535-47bb-0310-9956-ffa450edef68,1,0.0017271157167530224,12.0,0.0,12.0,0.0,938.874251497006,63828.473474973194,1,1,2.0215475632609334,false
src/org/apache/pig/backend/hadoop/executionengine/fetch/FetchOptimizer.java,168.0,43.0,6.0,4.0,17.0,15.0,3.0,cheolsoo@13f79535-47bb-0310-9956-ffa450edef68,1,0.0017271157167530224,29.0,0.0,0.0,0.0,901.1428571428571,8650.82066920127,1,0,1.616082455152769,true
src/org/apache/pig/backend/hadoop/executionengine/mapReduceLayer/FileBasedOutputSizeReader.java,50.0,9.0,3.0,3.0,19.0,11.0,0.0,rohini@13f79535-47bb-0310-9956-ffa450edef68,0,0.0,0.0,0.0,0.0,0.0,0.0,0.0,0,1,0.0,false
src/org/apache/pig/backend/hadoop/executionengine/mapReduceLayer/JobControlCompiler.java,1317.0,104.0,0.0,31.0,290.0,134.0,17.0,null,3,0.0051813471502590676,10.0,2.0,0.0,0.0,4850.762206679079,240485.74405116626,3,10,0.10323218045632121,false
src/org/apache/pig/backend/hadoop/executionengine/mapReduceLayer/LimitAdjuster.java,141.0,22.0,0.0,5.0,59.0,19.0,0.0,daijy@13f79535-47bb-0310-9956-ffa450edef68,0,0.0,0.0,0.0,0.0,0.0,0.0,0.0,0,0,0.0,false
src/org/apache/pig/backend/hadoop/executionengine/mapReduceLayer/MRCompiler.java,1978.0,95.0,22.0,53.0,619.0,248.0,6.0,daijy@13f79535-47bb-0310-9956-ffa450edef68,1,0.0017271157167530224,3.0,0.0,0.0,0.0,3010.745098039216,168006.4499069918,1,2,0.48468034366166834,false
src/org/apache/pig/backend/hadoop/executionengine/mapReduceLayer/MRConfiguration.java,43.0,0.0,0.0,0.0,0.0,0.0,66.0,cheolsoo@13f79535-47bb-0310-9956-ffa450edef68,1,0.0017271157167530224,100.0,0.0,0.0,0.0,901.1428571428571,8650.82066920127,1,0,1.616082455152769,false
src/org/apache/pig/backend/hadoop/executionengine/mapReduceLayer/MapReduceLauncher.java,520.0,60.0,6.0,13.0,173.0,59.0,29.0,null,2,0.0034542314335060447,5.0,0.0,2.0,0.0,1840.0171086398632,72479.29414417446,2,7,1.2498783589300657,false
src/org/apache/pig/backend/hadoop/executionengine/mapReduceLayer/PigBigDecimalRawComparator.java,56.0,11.0,2.0,5.0,8.0,17.0,0.0,daijy@13f79535-47bb-0310-9956-ffa450edef68,0,0.0,0.0,0.0,0.0,0.0,0.0,0.0,0,0,0.0,false
src/org/apache/pig/backend/hadoop/executionengine/mapReduceLayer/PigBigIntegerRawComparator.java,56.0,11.0,2.0,5.0,8.0,17.0,0.0,daijy@13f79535-47bb-0310-9956-ffa450edef68,0,0.0,0.0,0.0,0.0,0.0,0.0,0.0,0,0,0.0,false
src/org/apache/pig/backend/hadoop/executionengine/mapReduceLayer/PigOutputFormat.java,165.0,23.0,16.0,8.0,35.0,29.0,35.0,daijy@13f79535-47bb-0310-9956-ffa450edef68,2,0.0034542314335060447,29.0,0.0,0.0,0.0,1840.0171086398632,72479.29414417446,2,0,1.1256678286469057,false
src/org/apache/pig/backend/hadoop/executionengine/mapReduceLayer/PigSplit.java,256.0,30.0,163.0,26.0,52.0,69.0,0.0,daijy@13f79535-47bb-0310-9956-ffa450edef68,0,0.0,0.0,0.0,0.0,0.0,0.0,0.0,0,0,0.0,false
src/org/apache/pig/backend/hadoop/executionengine/mapReduceLayer/PigStatsOutputSizeReader.java,20.0,5.0,1.0,2.0,0.0,5.0,0.0,rohini@13f79535-47bb-0310-9956-ffa450edef68,0,0.0,0.0,0.0,0.0,0.0,0.0,0.0,0,1,0.0,false
src/org/apache/pig/backend/hadoop/executionengine/mapReduceLayer/partitioners/WeightedRangePartitioner.java,160.0,35.0,4.0,8.0,40.0,30.0,0.0,daijy@13f79535-47bb-0310-9956-ffa450edef68,0,0.0,0.0,0.0,0.0,0.0,0.0,0.0,0,0,0.0,false
src/org/apache/pig/backend/hadoop/executionengine/physicalLayer/PhysicalOperator.java,337.0,20.0,1038.0,53.0,37.0,121.0,0.0,null,0,0.0,0.0,0.0,0.0,0.0,0.0,0.0,0,3,0.0,false
src/org/apache/pig/backend/hadoop/executionengine/physicalLayer/plans/PlanPrinter.java,203.0,38.0,72.0,20.0,71.0,46.0,0.0,null,0,0.0,0.0,0.0,0.0,0.0,0.0,0.0,0,0,0.0,false
src/org/apache/pig/backend/hadoop/executionengine/physicalLayer/relationalOperators/POCollectedGroup.java,165.0,23.0,127.0,18.0,32.0,44.0,0.0,null,0,0.0,0.0,0.0,0.0,0.0,0.0,0.0,0,2,0.0,false
src/org/apache/pig/backend/hadoop/executionengine/physicalLayer/relationalOperators/POCounter.java,188.0,14.0,397.0,31.0,23.0,57.0,0.0,daijy@13f79535-47bb-0310-9956-ffa450edef68,0,0.0,0.0,0.0,0.0,0.0,0.0,0.0,0,1,0.0,false
src/org/apache/pig/backend/hadoop/executionengine/physicalLayer/relationalOperators/POGlobalRearrange.java,52.0,9.0,87.0,14.0,4.0,22.0,15.0,daijy@13f79535-47bb-0310-9956-ffa450edef68,1,0.0017271157167530224,25.0,0.0,0.0,0.0,3010.745098039216,168006.4499069918,1,0,0.48468034366166834,false
src/org/apache/pig/backend/hadoop/executionengine/physicalLayer/relationalOperators/POMergeCogroup.java,282.0,36.0,242.0,25.0,72.0,78.0,8.0,daijy@13f79535-47bb-0310-9956-ffa450edef68,1,0.0017271157167530224,17.0,0.0,0.0,0.0,3010.745098039216,168006.4499069918,1,0,0.48468034366166834,false
src/org/apache/pig/backend/hadoop/executionengine/physicalLayer/relationalOperators/POPackage.java,283.0,23.0,64.0,21.0,37.0,42.0,6.0,null,1,0.0017271157167530224,7.0,0.0,0.0,0.0,938.874251497006,63828.473474973194,1,3,2.0215475632609334,false
src/org/apache/pig/backend/hadoop/executionengine/physicalLayer/relationalOperators/POPartialAgg.java,394.0,29.0,359.0,34.0,119.0,101.0,3.0,null,1,0.0017271157167530224,11.0,0.0,0.0,0.0,3010.745098039216,168006.4499069918,1,1,0.48468034366166834,false
src/org/apache/pig/backend/hadoop/executionengine/physicalLayer/relationalOperators/POPoissonSample.java,149.0,10.0,26.0,9.0,13.0,26.0,0.0,daijy@13f79535-47bb-0310-9956-ffa450edef68,0,0.0,0.0,0.0,0.0,0.0,0.0,0.0,0,1,0.0,true
src/org/apache/pig/backend/hadoop/executionengine/physicalLayer/relationalOperators/POReservoirSample.java,134.0,12.0,85.0,14.0,13.0,38.0,0.0,daijy@13f79535-47bb-0310-9956-ffa450edef68,0,0.0,0.0,0.0,0.0,0.0,0.0,0.0,0,0,0.0,false
src/org/apache/pig/backend/hadoop/executionengine/physicalLayer/relationalOperators/POSplit.java,194.0,17.0,121.0,18.0,34.0,52.0,0.0,daijy@13f79535-47bb-0310-9956-ffa450edef68,0,0.0,0.0,0.0,0.0,0.0,0.0,0.0,0,4,0.0,false
src/org/apache/pig/backend/hadoop/executionengine/physicalLayer/relationalOperators/Packager.java,324.0,22.0,403.0,35.0,53.0,88.0,0.0,daijy@13f79535-47bb-0310-9956-ffa450edef68,0,0.0,0.0,0.0,0.0,0.0,0.0,0.0,0,1,0.0,false
src/org/apache/pig/backend/hadoop/executionengine/tez/FindQuantilesTez.java,63.0,13.0,6.0,4.0,19.0,12.0,105.0,daijy@13f79535-47bb-0310-9956-ffa450edef68,2,0.0034542314335060447,67.0,0.0,33.0,0.0,3949.6193495362218,231834.923381965,2,0,0.5599667729013557,false
src/org/apache/pig/backend/hadoop/executionengine/tez/MultiQueryOptimizerTez.java,130.0,13.0,6.0,4.0,54.0,18.0,154.0,daijy@13f79535-47bb-0310-9956-ffa450edef68,1,0.0017271157167530224,20.0,0.0,0.0,0.0,938.874251497006,63828.473474973194,1,0,2.0215475632609334,false
src/org/apache/pig/backend/hadoop/executionengine/tez/NativeTezOper.java,66.0,8.0,8.0,8.0,12.0,21.0,116.0,daijy@13f79535-47bb-0310-9956-ffa450edef68,2,0.0034542314335060447,100.0,50.0,0.0,0.0,3949.6193495362218,231834.923381965,2,0,0.5599667729013557,false
src/org/apache/pig/backend/hadoop/executionengine/tez/ObjectCache.java,21.0,5.0,2.0,4.0,4.0,7.0,64.0,cheolsoo@13f79535-47bb-0310-9956-ffa450edef68,3,0.0051813471502590676,80.0,0.0,0.0,0.0,1849.617108639863,72816.01691240363,3,0,1.3547405116154445,false
src/org/apache/pig/backend/hadoop/executionengine/tez/POLocalRearrangeTez.java,116.0,17.0,27.0,15.0,14.0,34.0,106.0,daijy@13f79535-47bb-0310-9956-ffa450edef68,2,0.0034542314335060447,50.0,0.0,0.0,0.0,948.474251497006,64165.19624320237,2,0,2.479692929198011,false
src/org/apache/pig/backend/hadoop/executionengine/tez/POShuffleTezLoad.java,150.0,21.0,31.0,11.0,29.0,27.0,81.0,daijy@13f79535-47bb-0310-9956-ffa450edef68,2,0.0034542314335060447,75.0,0.0,0.0,0.0,948.474251497006,64165.19624320237,2,0,2.152561759297469,false
src/org/apache/pig/backend/hadoop/executionengine/tez/POSimpleTezLoad.java,68.0,19.0,7.0,7.0,11.0,18.0,105.0,daijy@13f79535-47bb-0310-9956-ffa450edef68,2,0.0034542314335060447,67.0,0.0,0.0,0.0,3949.6193495362218,231834.923381965,2,0,0.5599667729013557,false
src/org/apache/pig/backend/hadoop/executionengine/tez/POStoreTez.java,82.0,15.0,2.0,9.0,17.0,23.0,87.0,daijy@13f79535-47bb-0310-9956-ffa450edef68,2,0.0034542314335060447,75.0,0.0,25.0,0.0,3949.6193495362218,231834.923381965,2,0,0.3604552485666106,false
src/org/apache/pig/backend/hadoop/executionengine/tez/POValueOutputTez.java,111.0,24.0,64.0,16.0,18.0,37.0,106.0,daijy@13f79535-47bb-0310-9956-ffa450edef68,2,0.0034542314335060447,50.0,0.0,25.0,0.0,3949.6193495362218,231834.923381965,2,0,0.5599667729013557,false
src/org/apache/pig/backend/hadoop/executionengine/tez/PartitionSkewedKeysTez.java,42.0,10.0,3.0,3.0,12.0,7.0,154.0,daijy@13f79535-47bb-0310-9956-ffa450edef68,1,0.0017271157167530224,50.0,0.0,0.0,0.0,938.874251497006,63828.473474973194,1,0,2.0215475632609334,false
src/org/apache/pig/backend/hadoop/executionengine/tez/PartitionerDefinedVertexManager.java,50.0,14.0,13.0,6.0,17.0,12.0,38.0,daijy@13f79535-47bb-0310-9956-ffa450edef68,5,0.008635578583765112,73.0,0.0,18.0,0.0,4896.647920964794,241064.1724121209,5,1,0.48918041681411983,false
src/org/apache/pig/backend/hadoop/executionengine/tez/PigProcessor.java,219.0,46.0,1.0,10.0,81.0,40.0,40.0,daijy@13f79535-47bb-0310-9956-ffa450edef68,4,0.0069084628670120895,75.0,0.0,33.0,0.0,4887.047920964794,240727.44964389174,4,0,0.33086928799783966,false
src/org/apache/pig/backend/hadoop/executionengine/tez/ReadScalarsTez.java,61.0,11.0,0.0,6.0,14.0,16.0,154.0,daijy@13f79535-47bb-0310-9956-ffa450edef68,1,0.0017271157167530224,33.0,0.0,0.0,0.0,938.874251497006,63828.473474973194,1,0,2.0215475632609334,false
src/org/apache/pig/backend/hadoop/executionengine/tez/SecondaryKeyOptimizerTez.java,65.0,11.0,4.0,5.0,21.0,13.0,105.0,daijy@13f79535-47bb-0310-9956-ffa450edef68,2,0.0034542314335060447,67.0,0.0,33.0,0.0,3949.6193495362218,231834.923381965,2,0,0.5599667729013557,false
src/org/apache/pig/backend/hadoop/executionengine/tez/SkewedPartitionerTez.java,47.0,9.0,0.0,1.0,12.0,8.0,154.0,daijy@13f79535-47bb-0310-9956-ffa450edef68,1,0.0017271157167530224,33.0,0.0,0.0,0.0,938.874251497006,63828.473474973194,1,0,2.0215475632609334,false
src/org/apache/pig/backend/hadoop/executionengine/tez/TezCompiler.java,1721.0,95.0,0.0,44.0,634.0,203.0,47.0,daijy@13f79535-47bb-0310-9956-ffa450edef68,3,0.0051813471502590676,54.0,8.0,8.0,0.0,3959.2193495362217,232171.64615019417,3,1,0.6875884379491783,false
src/org/apache/pig/backend/hadoop/executionengine/tez/TezDagBuilder.java,529.0,116.0,67.0,14.0,238.0,64.0,17.0,daijy@13f79535-47bb-0310-9956-ffa450edef68,5,0.008635578583765112,51.0,3.0,13.0,0.0,4896.647920964794,241064.1724121209,5,0,0.13414890901937926,true
src/org/apache/pig/backend/hadoop/executionengine/tez/TezEdgeDescriptor.java,60.0,7.0,45.0,11.0,1.0,19.0,106.0,daijy@13f79535-47bb-0310-9956-ffa450edef68,2,0.0034542314335060447,67.0,0.0,0.0,0.0,948.474251497006,64165.19624320237,2,0,2.479692929198011,false
src/org/apache/pig/backend/hadoop/executionengine/tez/TezJob.java,170.0,28.0,37.0,15.0,50.0,43.0,12.0,rohini@13f79535-47bb-0310-9956-ffa450edef68,1,0.0017271157167530224,9.0,0.0,9.0,0.0,938.874251497006,63828.473474973194,1,0,2.0215475632609334,false
src/org/apache/pig/backend/hadoop/executionengine/tez/TezJobCompiler.java,63.0,17.0,0.0,4.0,17.0,16.0,43.0,rohini@13f79535-47bb-0310-9956-ffa450edef68,3,0.0051813471502590676,40.0,0.0,10.0,0.0,4850.762206679079,240485.74405116626,3,0,0.49624371049415816,false
src/org/apache/pig/backend/hadoop/executionengine/tez/TezLauncher.java,259.0,45.0,12.0,8.0,90.0,36.0,29.0,daijy@13f79535-47bb-0310-9956-ffa450edef68,3,0.0051813471502590676,32.0,4.0,7.0,0.0,4850.762206679079,240485.74405116626,3,0,0.32848086397514753,true
src/org/apache/pig/backend/hadoop/executionengine/tez/TezOperDependencyParallelismEstimator.java,144.0,24.0,1.0,2.0,28.0,11.0,109.0,daijy@13f79535-47bb-0310-9956-ffa450edef68,1,0.0017271157167530224,50.0,0.0,0.0,0.0,938.874251497006,63828.473474973194,1,0,2.0215475632609334,false
src/org/apache/pig/backend/hadoop/executionengine/tez/TezOperPlan.java,87.0,15.0,30.0,9.0,39.0,28.0,89.0,daijy@13f79535-47bb-0310-9956-ffa450edef68,2,0.0034542314335060447,50.0,0.0,0.0,0.0,3949.6193495362218,231834.923381965,2,0,0.3604552485666106,false
src/org/apache/pig/backend/hadoop/executionengine/tez/TezOperator.java,367.0,20.0,1974.0,68.0,32.0,119.0,65.0,daijy@13f79535-47bb-0310-9956-ffa450edef68,2,0.0034542314335060447,67.0,17.0,0.0,0.0,3949.6193495362218,231834.923381965,2,0,0.5599667729013557,false
src/org/apache/pig/backend/hadoop/executionengine/tez/TezPOPackageAnnotator.java,106.0,15.0,6.0,4.0,17.0,12.0,104.0,daijy@13f79535-47bb-0310-9956-ffa450edef68,2,0.0034542314335060447,67.0,0.0,0.0,0.0,1840.0171086398632,72479.29414417446,2,0,1.1256678286469057,false
src/org/apache/pig/backend/hadoop/executionengine/tez/TezPOUserFuncVisitor.java,26.0,9.0,3.0,3.0,2.0,6.0,113.0,daijy@13f79535-47bb-0310-9956-ffa450edef68,2,0.0034542314335060447,67.0,0.0,0.0,0.0,3949.6193495362218,231834.923381965,2,0,0.5599667729013557,false
src/org/apache/pig/backend/hadoop/executionengine/tez/TezParallelismEstimator.java,3.0,2.0,0.0,1.0,0.0,2.0,109.0,daijy@13f79535-47bb-0310-9956-ffa450edef68,1,0.0017271157167530224,50.0,0.0,0.0,0.0,938.874251497006,63828.473474973194,1,0,2.0215475632609334,false
src/org/apache/pig/backend/hadoop/executionengine/tez/TezPlanContainer.java,127.0,18.0,13.0,6.0,45.0,28.0,65.0,daijy@13f79535-47bb-0310-9956-ffa450edef68,3,0.0051813471502590676,57.0,14.0,14.0,0.0,4850.762206679079,240485.74405116626,3,0,0.11202690559434192,false
src/org/apache/pig/backend/hadoop/executionengine/tez/TezPrinter.java,81.0,10.0,0.0,3.0,14.0,9.0,154.0,daijy@13f79535-47bb-0310-9956-ffa450edef68,1,0.0017271157167530224,33.0,0.0,0.0,0.0,938.874251497006,63828.473474973194,1,0,2.0215475632609334,false
src/org/apache/pig/backend/hadoop/executionengine/tez/TezResourceManager.java,66.0,18.0,1.0,7.0,29.0,24.0,26.0,daijy@13f79535-47bb-0310-9956-ffa450edef68,3,0.0051813471502590676,44.0,11.0,11.0,0.0,4850.762206679079,240485.74405116626,3,0,0.49624371049415816,false
src/org/apache/pig/backend/hadoop/executionengine/tez/TezSessionManager.java,167.0,18.0,12.0,8.0,43.0,31.0,8.0,rohini@13f79535-47bb-0310-9956-ffa450edef68,3,0.0051813471502590676,31.0,0.0,8.0,0.0,1876.3028229255774,72720.99973689993,3,0,1.1814537164754582,false
src/org/apache/pig/backend/hadoop/executionengine/tez/TezTaskConfigurable.java,6.0,2.0,0.0,1.0,0.0,2.0,106.0,daijy@13f79535-47bb-0310-9956-ffa450edef68,2,0.0034542314335060447,67.0,0.0,33.0,0.0,3949.6193495362218,231834.923381965,2,0,0.5599667729013557,false
src/org/apache/pig/backend/hadoop/executionengine/tez/TezTaskContext.java,39.0,5.0,0.0,6.0,12.0,15.0,106.0,daijy@13f79535-47bb-0310-9956-ffa450edef68,2,0.0034542314335060447,67.0,0.0,33.0,0.0,3949.6193495362218,231834.923381965,2,0,0.5599667729013557,false
src/org/apache/pig/backend/hadoop/executionengine/tez/WeightedRangePartitionerTez.java,39.0,13.0,0.0,2.0,12.0,10.0,154.0,daijy@13f79535-47bb-0310-9956-ffa450edef68,1,0.0017271157167530224,25.0,0.0,0.0,0.0,938.874251497006,63828.473474973194,1,0,2.0215475632609334,false
src/org/apache/pig/backend/hadoop/executionengine/tez/operators/POCounterTez.java,87.0,20.0,23.0,11.0,14.0,26.0,106.0,daijy@13f79535-47bb-0310-9956-ffa450edef68,2,0.0034542314335060447,50.0,0.0,25.0,0.0,3949.6193495362218,231834.923381965,2,1,0.5599667729013557,false
src/org/apache/pig/backend/hadoop/executionengine/tez/optimizers/LoaderProcessor.java,81.0,24.0,1.0,3.0,35.0,11.0,48.0,daijy@13f79535-47bb-0310-9956-ffa450edef68,3,0.0051813471502590676,100.0,0.0,14.0,0.0,4850.762206679079,240485.74405116626,3,0,0.06955003650076474,false
src/org/apache/pig/backend/hadoop/executionengine/tez/optimizers/ParallelismSetter.java,94.0,18.0,0.0,3.0,36.0,12.0,65.0,daijy@13f79535-47bb-0310-9956-ffa450edef68,2,0.0034542314335060447,100.0,33.0,0.0,0.0,3949.6193495362218,231834.923381965,2,0,0.3604552485666106,false
src/org/apache/pig/backend/hadoop/executionengine/tez/optimizers/UnionOptimizer.java,171.0,24.0,6.0,4.0,54.0,17.0,106.0,daijy@13f79535-47bb-0310-9956-ffa450edef68,2,0.0034542314335060447,40.0,0.0,0.0,0.0,948.474251497006,64165.19624320237,2,0,2.479692929198011,false
src/org/apache/pig/backend/hadoop/executionengine/tez/util/MRToTezHelper.java,83.0,18.0,6.0,5.0,25.0,12.0,17.0,rohini@13f79535-47bb-0310-9956-ffa450edef68,3,0.0051813471502590676,38.0,0.0,8.0,0.0,1876.3028229255774,72720.99973689993,3,1,1.230978563271253,false
src/org/apache/pig/backend/hadoop/executionengine/tez/util/SecurityHelper.java,47.0,18.0,1.0,3.0,18.0,10.0,66.0,daijy@13f79535-47bb-0310-9956-ffa450edef68,1,0.0017271157167530224,50.0,0.0,0.0,0.0,901.1428571428571,8650.82066920127,1,0,1.616082455152769,false
src/org/apache/pig/backend/hadoop/executionengine/tez/util/TezCompilerUtil.java,105.0,29.0,36.0,9.0,48.0,25.0,48.0,daijy@13f79535-47bb-0310-9956-ffa450edef68,3,0.0051813471502590676,56.0,11.0,0.0,0.0,3959.2193495362217,232171.64615019417,3,0,0.8123975260338927,false
src/org/apache/pig/backend/hadoop/executionengine/util/ParallelConstantVisitor.java,21.0,6.0,0.0,2.0,4.0,4.0,20.0,daijy@13f79535-47bb-0310-9956-ffa450edef68,1,0.0017271157167530224,50.0,0.0,0.0,0.0,938.874251497006,63828.473474973194,1,0,2.0215475632609334,false
src/org/apache/pig/backend/hadoop/streaming/HadoopExecutableManager.java,162.0,23.0,14.0,9.0,51.0,33.0,66.0,daijy@13f79535-47bb-0310-9956-ffa450edef68,1,0.0017271157167530224,17.0,0.0,0.0,0.0,901.1428571428571,8650.82066920127,1,1,1.616082455152769,false
src/org/apache/pig/builtin/ABS.java,42.0,9.0,6.0,4.0,13.0,12.0,79.0,daijy@13f79535-47bb-0310-9956-ffa450edef68,1,0.0017271157167530224,50.0,25.0,25.0,25.0,3010.745098039216,168006.4499069918,1,0,0.48468034366166834,false
src/org/apache/pig/builtin/ARITY.java,23.0,7.0,3.0,3.0,4.0,10.0,105.0,daijy@13f79535-47bb-0310-9956-ffa450edef68,1,0.0017271157167530224,50.0,50.0,0.0,0.0,3010.745098039216,168006.4499069918,1,0,0.48468034366166834,false
src/org/apache/pig/builtin/AddDuration.java,25.0,11.0,6.0,4.0,10.0,11.0,105.0,thejas@13f79535-47bb-0310-9956-ffa450edef68,1,0.0017271157167530224,25.0,25.0,0.0,0.0,3010.745098039216,168006.4499069918,1,0,0.48468034366166834,false
src/org/apache/pig/builtin/Assert.java,20.0,4.0,1.0,2.0,3.0,7.0,105.0,daijy@13f79535-47bb-0310-9956-ffa450edef68,1,0.0017271157167530224,50.0,50.0,0.0,0.0,3010.745098039216,168006.4499069918,1,0,0.48468034366166834,false
src/org/apache/pig/builtin/AvroStorage.java,372.0,56.0,444.0,33.0,83.0,110.0,33.0,daijy@13f79535-47bb-0310-9956-ffa450edef68,1,0.0017271157167530224,12.0,0.0,0.0,0.0,3010.745098039216,168006.4499069918,1,0,0.48468034366166834,false
src/org/apache/pig/builtin/BagSize.java,25.0,8.0,3.0,3.0,5.0,9.0,105.0,daijy@13f79535-47bb-0310-9956-ffa450edef68,1,0.0017271157167530224,50.0,50.0,0.0,0.0,3010.745098039216,168006.4499069918,1,0,0.48468034366166834,false
src/org/apache/pig/builtin/BagToString.java,77.0,10.0,3.0,3.0,12.0,16.0,105.0,daijy@13f79535-47bb-0310-9956-ffa450edef68,1,0.0017271157167530224,33.0,33.0,0.0,0.0,3010.745098039216,168006.4499069918,1,1,0.48468034366166834,false
src/org/apache/pig/builtin/BagToTuple.java,83.0,10.0,6.0,4.0,17.0,19.0,105.0,daijy@13f79535-47bb-0310-9956-ffa450edef68,1,0.0017271157167530224,50.0,50.0,0.0,0.0,3010.745098039216,168006.4499069918,1,0,0.48468034366166834,false
src/org/apache/pig/builtin/Base.java,11.0,3.0,1.0,2.0,4.0,4.0,105.0,daijy@13f79535-47bb-0310-9956-ffa450edef68,1,0.0017271157167530224,50.0,50.0,0.0,0.0,3010.745098039216,168006.4499069918,1,0,0.48468034366166834,false
src/org/apache/pig/builtin/BigDecimalAbs.java,8.0,4.0,1.0,2.0,2.0,5.0,86.0,daijy@13f79535-47bb-0310-9956-ffa450edef68,1,0.0017271157167530224,50.0,25.0,25.0,25.0,3010.745098039216,168006.4499069918,1,0,0.48468034366166834,false
src/org/apache/pig/builtin/BigIntegerAbs.java,8.0,4.0,1.0,2.0,2.0,5.0,86.0,daijy@13f79535-47bb-0310-9956-ffa450edef68,1,0.0017271157167530224,50.0,25.0,25.0,25.0,3010.745098039216,168006.4499069918,1,0,0.48468034366166834,false
src/org/apache/pig/builtin/Bloom.java,50.0,13.0,3.0,6.0,14.0,17.0,2.0,daijy@13f79535-47bb-0310-9956-ffa450edef68,1,0.0017271157167530224,25.0,0.0,25.0,0.0,3010.745098039216,168006.4499069918,1,0,0.48468034366166834,false
src/org/apache/pig/builtin/CONCAT.java,45.0,12.0,10.0,5.0,8.0,16.0,105.0,daijy@13f79535-47bb-0310-9956-ffa450edef68,1,0.0017271157167530224,25.0,25.0,0.0,0.0,3010.745098039216,168006.4499069918,1,0,0.48468034366166834,false
src/org/apache/pig/builtin/ConstantSize.java,24.0,7.0,3.0,3.0,4.0,9.0,105.0,daijy@13f79535-47bb-0310-9956-ffa450edef68,1,0.0017271157167530224,50.0,50.0,0.0,0.0,3010.745098039216,168006.4499069918,1,0,0.48468034366166834,false
src/org/apache/pig/builtin/CubeDimensions.java,60.0,13.0,17.0,7.0,16.0,19.0,105.0,daijy@13f79535-47bb-0310-9956-ffa450edef68,1,0.0017271157167530224,25.0,25.0,0.0,0.0,3010.745098039216,168006.4499069918,1,0,0.48468034366166834,false
src/org/apache/pig/builtin/CurrentTime.java,26.0,6.0,3.0,3.0,5.0,8.0,105.0,thejas@13f79535-47bb-0310-9956-ffa450edef68,1,0.0017271157167530224,33.0,33.0,0.0,0.0,3010.745098039216,168006.4499069918,1,0,0.48468034366166834,false
src/org/apache/pig/builtin/DIFF.java,53.0,11.0,3.0,3.0,12.0,12.0,105.0,daijy@13f79535-47bb-0310-9956-ffa450edef68,1,0.0017271157167530224,50.0,50.0,0.0,0.0,3010.745098039216,168006.4499069918,1,0,0.48468034366166834,false
src/org/apache/pig/builtin/DaysBetween.java,27.0,11.0,6.0,4.0,10.0,11.0,105.0,thejas@13f79535-47bb-0310-9956-ffa450edef68,1,0.0017271157167530224,33.0,33.0,0.0,0.0,3010.745098039216,168006.4499069918,1,0,0.48468034366166834,false
src/org/apache/pig/builtin/DoubleRound.java,26.0,5.0,3.0,3.0,7.0,9.0,79.0,daijy@13f79535-47bb-0310-9956-ffa450edef68,1,0.0017271157167530224,67.0,33.0,33.0,33.0,3010.745098039216,168006.4499069918,1,0,0.48468034366166834,false
src/org/apache/pig/builtin/DoubleRoundTo.java,41.0,11.0,3.0,3.0,9.0,10.0,105.0,daijy@13f79535-47bb-0310-9956-ffa450edef68,1,0.0017271157167530224,33.0,33.0,0.0,0.0,3010.745098039216,168006.4499069918,1,2,0.48468034366166834,false
src/org/apache/pig/builtin/ENDSWITH.java,44.0,10.0,6.0,4.0,8.0,11.0,105.0,daijy@13f79535-47bb-0310-9956-ffa450edef68,1,0.0017271157167530224,50.0,50.0,0.0,0.0,3010.745098039216,168006.4499069918,1,1,0.48468034366166834,false
src/org/apache/pig/builtin/EqualsIgnoreCase.java,27.0,4.0,1.0,2.0,5.0,7.0,105.0,daijy@13f79535-47bb-0310-9956-ffa450edef68,1,0.0017271157167530224,50.0,50.0,0.0,0.0,3010.745098039216,168006.4499069918,1,0,0.48468034366166834,false
src/org/apache/pig/builtin/FloatAbs.java,24.0,5.0,3.0,3.0,7.0,9.0,86.0,daijy@13f79535-47bb-0310-9956-ffa450edef68,1,0.0017271157167530224,50.0,50.0,0.0,0.0,3010.745098039216,168006.4499069918,1,0,0.48468034366166834,false
src/org/apache/pig/builtin/FloatRound.java,26.0,5.0,3.0,3.0,7.0,9.0,79.0,daijy@13f79535-47bb-0310-9956-ffa450edef68,1,0.0017271157167530224,67.0,33.0,33.0,33.0,3010.745098039216,168006.4499069918,1,0,0.48468034366166834,false
src/org/apache/pig/builtin/FloatRoundTo.java,41.0,11.0,3.0,3.0,9.0,10.0,105.0,daijy@13f79535-47bb-0310-9956-ffa450edef68,1,0.0017271157167530224,33.0,33.0,0.0,0.0,3010.745098039216,168006.4499069918,1,2,0.48468034366166834,false
src/org/apache/pig/builtin/GetDay.java,22.0,10.0,6.0,4.0,10.0,11.0,105.0,thejas@13f79535-47bb-0310-9956-ffa450edef68,1,0.0017271157167530224,33.0,33.0,0.0,0.0,3010.745098039216,168006.4499069918,1,0,0.48468034366166834,false
src/org/apache/pig/builtin/GetHour.java,22.0,10.0,6.0,4.0,10.0,11.0,105.0,thejas@13f79535-47bb-0310-9956-ffa450edef68,1,0.0017271157167530224,33.0,33.0,0.0,0.0,3010.745098039216,168006.4499069918,1,0,0.48468034366166834,false
src/org/apache/pig/builtin/GetMilliSecond.java,22.0,10.0,6.0,4.0,10.0,11.0,105.0,thejas@13f79535-47bb-0310-9956-ffa450edef68,1,0.0017271157167530224,33.0,33.0,0.0,0.0,3010.745098039216,168006.4499069918,1,0,0.48468034366166834,false
src/org/apache/pig/builtin/GetMinute.java,22.0,10.0,6.0,4.0,10.0,11.0,105.0,thejas@13f79535-47bb-0310-9956-ffa450edef68,1,0.0017271157167530224,33.0,33.0,0.0,0.0,3010.745098039216,168006.4499069918,1,0,0.48468034366166834,false
src/org/apache/pig/builtin/GetMonth.java,22.0,10.0,6.0,4.0,10.0,11.0,105.0,thejas@13f79535-47bb-0310-9956-ffa450edef68,1,0.0017271157167530224,33.0,33.0,0.0,0.0,3010.745098039216,168006.4499069918,1,0,0.48468034366166834,false
src/org/apache/pig/builtin/GetSecond.java,22.0,10.0,6.0,4.0,10.0,11.0,105.0,thejas@13f79535-47bb-0310-9956-ffa450edef68,1,0.0017271157167530224,33.0,33.0,0.0,0.0,3010.745098039216,168006.4499069918,1,0,0.48468034366166834,false
src/org/apache/pig/builtin/GetWeek.java,22.0,10.0,6.0,4.0,10.0,11.0,105.0,thejas@13f79535-47bb-0310-9956-ffa450edef68,1,0.0017271157167530224,33.0,33.0,0.0,0.0,3010.745098039216,168006.4499069918,1,0,0.48468034366166834,false
src/org/apache/pig/builtin/GetWeekYear.java,22.0,10.0,6.0,4.0,10.0,11.0,105.0,thejas@13f79535-47bb-0310-9956-ffa450edef68,1,0.0017271157167530224,33.0,33.0,0.0,0.0,3010.745098039216,168006.4499069918,1,0,0.48468034366166834,false
src/org/apache/pig/builtin/GetYear.java,22.0,10.0,6.0,4.0,10.0,11.0,105.0,thejas@13f79535-47bb-0310-9956-ffa450edef68,1,0.0017271157167530224,33.0,33.0,0.0,0.0,3010.745098039216,168006.4499069918,1,0,0.48468034366166834,false
src/org/apache/pig/builtin/HoursBetween.java,27.0,10.0,6.0,4.0,10.0,11.0,105.0,thejas@13f79535-47bb-0310-9956-ffa450edef68,1,0.0017271157167530224,33.0,33.0,0.0,0.0,3010.745098039216,168006.4499069918,1,0,0.48468034366166834,false
src/org/apache/pig/builtin/INDEXOF.java,35.0,8.0,3.0,3.0,5.0,11.0,105.0,daijy@13f79535-47bb-0310-9956-ffa450edef68,1,0.0017271157167530224,33.0,33.0,0.0,0.0,3010.745098039216,168006.4499069918,1,0,0.48468034366166834,false
src/org/apache/pig/builtin/INVERSEMAP.java,52.0,13.0,6.0,4.0,15.0,17.0,105.0,daijy@13f79535-47bb-0310-9956-ffa450edef68,1,0.0017271157167530224,33.0,33.0,0.0,0.0,3010.745098039216,168006.4499069918,1,1,0.48468034366166834,false
src/org/apache/pig/builtin/IntAbs.java,27.0,5.0,3.0,3.0,7.0,9.0,86.0,daijy@13f79535-47bb-0310-9956-ffa450edef68,1,0.0017271157167530224,50.0,50.0,0.0,0.0,3010.745098039216,168006.4499069918,1,0,0.48468034366166834,false
src/org/apache/pig/builtin/IsEmpty.java,23.0,8.0,1.0,2.0,3.0,9.0,105.0,daijy@13f79535-47bb-0310-9956-ffa450edef68,1,0.0017271157167530224,25.0,25.0,0.0,0.0,3010.745098039216,168006.4499069918,1,0,0.48468034366166834,false
src/org/apache/pig/builtin/KEYSET.java,45.0,11.0,3.0,3.0,7.0,12.0,105.0,daijy@13f79535-47bb-0310-9956-ffa450edef68,1,0.0017271157167530224,33.0,33.0,0.0,0.0,3010.745098039216,168006.4499069918,1,1,0.48468034366166834,false
src/org/apache/pig/builtin/LAST_INDEX_OF.java,37.0,10.0,6.0,4.0,8.0,13.0,105.0,daijy@13f79535-47bb-0310-9956-ffa450edef68,1,0.0017271157167530224,33.0,33.0,0.0,0.0,3010.745098039216,168006.4499069918,1,0,0.48468034366166834,false
src/org/apache/pig/builtin/LCFIRST.java,26.0,7.0,3.0,3.0,8.0,9.0,105.0,daijy@13f79535-47bb-0310-9956-ffa450edef68,1,0.0017271157167530224,33.0,33.0,0.0,0.0,3010.745098039216,168006.4499069918,1,0,0.48468034366166834,false
src/org/apache/pig/builtin/LOWER.java,37.0,10.0,6.0,4.0,12.0,13.0,105.0,daijy@13f79535-47bb-0310-9956-ffa450edef68,1,0.0017271157167530224,33.0,33.0,0.0,0.0,3010.745098039216,168006.4499069918,1,0,0.48468034366166834,false
src/org/apache/pig/builtin/LTRIM.java,31.0,11.0,6.0,4.0,9.0,12.0,105.0,daijy@13f79535-47bb-0310-9956-ffa450edef68,1,0.0017271157167530224,50.0,50.0,0.0,0.0,3010.745098039216,168006.4499069918,1,0,0.48468034366166834,false
src/org/apache/pig/builtin/LongAbs.java,24.0,5.0,3.0,3.0,7.0,9.0,86.0,daijy@13f79535-47bb-0310-9956-ffa450edef68,1,0.0017271157167530224,50.0,50.0,0.0,0.0,3010.745098039216,168006.4499069918,1,0,0.48468034366166834,false
src/org/apache/pig/builtin/MapSize.java,25.0,8.0,3.0,3.0,6.0,9.0,105.0,daijy@13f79535-47bb-0310-9956-ffa450edef68,1,0.0017271157167530224,50.0,50.0,0.0,0.0,3010.745098039216,168006.4499069918,1,0,0.48468034366166834,false
src/org/apache/pig/builtin/MilliSecondsBetween.java,27.0,10.0,6.0,4.0,10.0,11.0,105.0,thejas@13f79535-47bb-0310-9956-ffa450edef68,1,0.0017271157167530224,33.0,33.0,0.0,0.0,3010.745098039216,168006.4499069918,1,0,0.48468034366166834,false
src/org/apache/pig/builtin/MinutesBetween.java,27.0,11.0,6.0,4.0,10.0,11.0,105.0,thejas@13f79535-47bb-0310-9956-ffa450edef68,1,0.0017271157167530224,33.0,33.0,0.0,0.0,3010.745098039216,168006.4499069918,1,0,0.48468034366166834,false
src/org/apache/pig/builtin/MonthsBetween.java,28.0,11.0,6.0,4.0,11.0,11.0,105.0,thejas@13f79535-47bb-0310-9956-ffa450edef68,1,0.0017271157167530224,33.0,33.0,0.0,0.0,3010.745098039216,168006.4499069918,1,0,0.48468034366166834,false
src/org/apache/pig/builtin/OrcStorage.java,479.0,74.0,572.0,37.0,164.0,126.0,12.0,daijy@13f79535-47bb-0310-9956-ffa450edef68,2,0.0034542314335060447,78.0,11.0,22.0,0.0,3949.6193495362218,231834.923381965,2,0,0.32551567496191536,false
src/org/apache/pig/builtin/PigStorage.java,353.0,61.0,509.0,35.0,89.0,109.0,66.0,daijy@13f79535-47bb-0310-9956-ffa450edef68,1,0.0017271157167530224,5.0,0.0,0.0,0.0,901.1428571428571,8650.82066920127,1,5,1.616082455152769,false
src/org/apache/pig/builtin/PluckTuple.java,77.0,9.0,0.0,4.0,14.0,14.0,105.0,daijy@13f79535-47bb-0310-9956-ffa450edef68,1,0.0017271157167530224,14.0,14.0,0.0,0.0,3010.745098039216,168006.4499069918,1,1,0.48468034366166834,false
src/org/apache/pig/builtin/REGEX_EXTRACT.java,65.0,12.0,13.0,6.0,18.0,17.0,105.0,daijy@13f79535-47bb-0310-9956-ffa450edef68,1,0.0017271157167530224,25.0,25.0,0.0,0.0,3010.745098039216,168006.4499069918,1,0,0.48468034366166834,false
src/org/apache/pig/builtin/REGEX_EXTRACT_ALL.java,65.0,12.0,13.0,6.0,19.0,17.0,105.0,daijy@13f79535-47bb-0310-9956-ffa450edef68,1,0.0017271157167530224,20.0,20.0,0.0,0.0,3010.745098039216,168006.4499069918,1,0,0.48468034366166834,false
src/org/apache/pig/builtin/REPLACE.java,38.0,10.0,6.0,4.0,8.0,13.0,105.0,daijy@13f79535-47bb-0310-9956-ffa450edef68,1,0.0017271157167530224,33.0,33.0,0.0,0.0,3010.745098039216,168006.4499069918,1,0,0.48468034366166834,false
src/org/apache/pig/builtin/ROUND.java,37.0,9.0,6.0,4.0,13.0,12.0,79.0,daijy@13f79535-47bb-0310-9956-ffa450edef68,1,0.0017271157167530224,67.0,33.0,33.0,33.0,3010.745098039216,168006.4499069918,1,0,0.48468034366166834,false
src/org/apache/pig/builtin/ROUND_TO.java,66.0,11.0,6.0,4.0,16.0,12.0,105.0,daijy@13f79535-47bb-0310-9956-ffa450edef68,1,0.0017271157167530224,33.0,33.0,0.0,0.0,3010.745098039216,168006.4499069918,1,2,0.48468034366166834,false
src/org/apache/pig/builtin/RTRIM.java,31.0,11.0,6.0,4.0,9.0,12.0,105.0,daijy@13f79535-47bb-0310-9956-ffa450edef68,1,0.0017271157167530224,50.0,50.0,0.0,0.0,3010.745098039216,168006.4499069918,1,0,0.48468034366166834,false
src/org/apache/pig/builtin/RollupDimensions.java,40.0,13.0,13.0,6.0,11.0,14.0,105.0,daijy@13f79535-47bb-0310-9956-ffa450edef68,1,0.0017271157167530224,33.0,33.0,0.0,0.0,3010.745098039216,168006.4499069918,1,0,0.48468034366166834,false
src/org/apache/pig/builtin/SIZE.java,56.0,12.0,6.0,4.0,8.0,12.0,105.0,daijy@13f79535-47bb-0310-9956-ffa450edef68,1,0.0017271157167530224,50.0,50.0,0.0,0.0,3010.745098039216,168006.4499069918,1,0,0.48468034366166834,false
src/org/apache/pig/builtin/SPRINTF.java,45.0,8.0,6.0,4.0,8.0,13.0,105.0,daijy@13f79535-47bb-0310-9956-ffa450edef68,1,0.0017271157167530224,33.0,33.0,0.0,0.0,3010.745098039216,168006.4499069918,1,0,0.48468034366166834,false
src/org/apache/pig/builtin/STARTSWITH.java,44.0,10.0,6.0,4.0,8.0,11.0,105.0,daijy@13f79535-47bb-0310-9956-ffa450edef68,1,0.0017271157167530224,25.0,25.0,0.0,0.0,3010.745098039216,168006.4499069918,1,1,0.48468034366166834,false
src/org/apache/pig/builtin/STRSPLIT.java,52.0,13.0,6.0,4.0,11.0,12.0,105.0,daijy@13f79535-47bb-0310-9956-ffa450edef68,1,0.0017271157167530224,25.0,25.0,0.0,0.0,3010.745098039216,168006.4499069918,1,0,0.48468034366166834,false
src/org/apache/pig/builtin/SUBSTRING.java,49.0,10.0,6.0,4.0,10.0,13.0,105.0,daijy@13f79535-47bb-0310-9956-ffa450edef68,1,0.0017271157167530224,25.0,25.0,0.0,0.0,3010.745098039216,168006.4499069918,1,0,0.48468034366166834,false
src/org/apache/pig/builtin/SUBTRACT.java,53.0,10.0,15.0,6.0,22.0,20.0,105.0,daijy@13f79535-47bb-0310-9956-ffa450edef68,1,0.0017271157167530224,50.0,50.0,0.0,0.0,3010.745098039216,168006.4499069918,1,0,0.48468034366166834,false
src/org/apache/pig/builtin/SecondsBetween.java,27.0,11.0,6.0,4.0,10.0,11.0,105.0,thejas@13f79535-47bb-0310-9956-ffa450edef68,1,0.0017271157167530224,33.0,33.0,0.0,0.0,3010.745098039216,168006.4499069918,1,0,0.48468034366166834,false
src/org/apache/pig/builtin/StringConcat.java,33.0,7.0,6.0,4.0,7.0,13.0,105.0,daijy@13f79535-47bb-0310-9956-ffa450edef68,1,0.0017271157167530224,25.0,25.0,0.0,0.0,3010.745098039216,168006.4499069918,1,0,0.48468034366166834,false
src/org/apache/pig/builtin/StringSize.java,25.0,7.0,3.0,3.0,5.0,9.0,105.0,daijy@13f79535-47bb-0310-9956-ffa450edef68,1,0.0017271157167530224,50.0,50.0,0.0,0.0,3010.745098039216,168006.4499069918,1,0,0.48468034366166834,false
src/org/apache/pig/builtin/SubtractDuration.java,25.0,11.0,6.0,4.0,10.0,11.0,105.0,thejas@13f79535-47bb-0310-9956-ffa450edef68,1,0.0017271157167530224,25.0,25.0,0.0,0.0,3010.745098039216,168006.4499069918,1,0,0.48468034366166834,false
src/org/apache/pig/builtin/TOBAG.java,67.0,10.0,6.0,4.0,10.0,22.0,105.0,thejas@13f79535-47bb-0310-9956-ffa450edef68,1,0.0017271157167530224,17.0,17.0,0.0,0.0,3010.745098039216,168006.4499069918,1,1,0.48468034366166834,false
src/org/apache/pig/builtin/TOKENIZE.java,68.0,15.0,6.0,4.0,14.0,15.0,105.0,daijy@13f79535-47bb-0310-9956-ffa450edef68,1,0.0017271157167530224,20.0,20.0,0.0,0.0,3010.745098039216,168006.4499069918,1,0,0.48468034366166834,false
src/org/apache/pig/builtin/TOMAP.java,32.0,7.0,3.0,3.0,3.0,11.0,105.0,daijy@13f79535-47bb-0310-9956-ffa450edef68,1,0.0017271157167530224,50.0,50.0,0.0,0.0,3010.745098039216,168006.4499069918,1,0,0.48468034366166834,false
src/org/apache/pig/builtin/TOP.java,293.0,21.0,37.0,10.0,26.0,28.0,0.0,null,0,0.0,0.0,0.0,0.0,0.0,0.0,0.0,0,2,0.0,false
src/org/apache/pig/builtin/TOTUPLE.java,23.0,5.0,3.0,3.0,7.0,9.0,105.0,daijy@13f79535-47bb-0310-9956-ffa450edef68,1,0.0017271157167530224,33.0,33.0,0.0,0.0,3010.745098039216,168006.4499069918,1,0,0.48468034366166834,false
src/org/apache/pig/builtin/TRIM.java,31.0,11.0,6.0,4.0,9.0,12.0,105.0,daijy@13f79535-47bb-0310-9956-ffa450edef68,1,0.0017271157167530224,33.0,33.0,0.0,0.0,3010.745098039216,168006.4499069918,1,0,0.48468034366166834,false
src/org/apache/pig/builtin/ToDate.java,43.0,13.0,13.0,6.0,13.0,15.0,105.0,rohini@13f79535-47bb-0310-9956-ffa450edef68,1,0.0017271157167530224,12.0,12.0,0.0,0.0,3010.745098039216,168006.4499069918,1,0,0.48468034366166834,false
src/org/apache/pig/builtin/ToDate2ARGS.java,16.0,7.0,1.0,2.0,5.0,7.0,105.0,thejas@13f79535-47bb-0310-9956-ffa450edef68,1,0.0017271157167530224,25.0,25.0,0.0,0.0,3010.745098039216,168006.4499069918,1,0,0.48468034366166834,false
src/org/apache/pig/builtin/ToDate3ARGS.java,16.0,8.0,1.0,2.0,9.0,7.0,105.0,thejas@13f79535-47bb-0310-9956-ffa450edef68,1,0.0017271157167530224,25.0,25.0,0.0,0.0,3010.745098039216,168006.4499069918,1,0,0.48468034366166834,false
src/org/apache/pig/builtin/ToDateISO.java,15.0,5.0,1.0,2.0,4.0,6.0,105.0,rohini@13f79535-47bb-0310-9956-ffa450edef68,1,0.0017271157167530224,20.0,20.0,0.0,0.0,3010.745098039216,168006.4499069918,1,0,0.48468034366166834,false
src/org/apache/pig/builtin/ToMilliSeconds.java,23.0,10.0,6.0,4.0,10.0,11.0,105.0,thejas@13f79535-47bb-0310-9956-ffa450edef68,1,0.0017271157167530224,25.0,25.0,0.0,0.0,3010.745098039216,168006.4499069918,1,0,0.48468034366166834,false
src/org/apache/pig/builtin/ToString.java,37.0,11.0,6.0,4.0,12.0,13.0,105.0,daijy@13f79535-47bb-0310-9956-ffa450edef68,1,0.0017271157167530224,20.0,20.0,0.0,0.0,3010.745098039216,168006.4499069918,1,0,0.48468034366166834,false
src/org/apache/pig/builtin/ToUnixTime.java,23.0,10.0,6.0,4.0,10.0,11.0,105.0,thejas@13f79535-47bb-0310-9956-ffa450edef68,1,0.0017271157167530224,33.0,33.0,0.0,0.0,3010.745098039216,168006.4499069918,1,0,0.48468034366166834,false
src/org/apache/pig/builtin/TrevniStorage.java,177.0,37.0,10.0,5.0,11.0,22.0,66.0,daijy@13f79535-47bb-0310-9956-ffa450edef68,1,0.0017271157167530224,25.0,0.0,0.0,0.0,901.1428571428571,8650.82066920127,1,0,1.616082455152769,false
src/org/apache/pig/builtin/TupleSize.java,23.0,7.0,3.0,3.0,5.0,10.0,105.0,daijy@13f79535-47bb-0310-9956-ffa450edef68,1,0.0017271157167530224,33.0,33.0,0.0,0.0,3010.745098039216,168006.4499069918,1,0,0.48468034366166834,false
src/org/apache/pig/builtin/UCFIRST.java,26.0,7.0,3.0,3.0,8.0,9.0,105.0,daijy@13f79535-47bb-0310-9956-ffa450edef68,1,0.0017271157167530224,33.0,33.0,0.0,0.0,3010.745098039216,168006.4499069918,1,0,0.48468034366166834,false
src/org/apache/pig/builtin/UPPER.java,42.0,10.0,6.0,4.0,12.0,13.0,105.0,daijy@13f79535-47bb-0310-9956-ffa450edef68,1,0.0017271157167530224,50.0,50.0,0.0,0.0,3010.745098039216,168006.4499069918,1,0,0.48468034366166834,false
src/org/apache/pig/builtin/VALUELIST.java,66.0,14.0,3.0,3.0,10.0,13.0,105.0,daijy@13f79535-47bb-0310-9956-ffa450edef68,1,0.0017271157167530224,20.0,20.0,0.0,0.0,3010.745098039216,168006.4499069918,1,1,0.48468034366166834,false
src/org/apache/pig/builtin/VALUESET.java,74.0,16.0,6.0,4.0,14.0,15.0,105.0,daijy@13f79535-47bb-0310-9956-ffa450edef68,1,0.0017271157167530224,20.0,20.0,0.0,0.0,3010.745098039216,168006.4499069918,1,1,0.48468034366166834,false
src/org/apache/pig/builtin/WeeksBetween.java,27.0,11.0,6.0,4.0,10.0,11.0,105.0,thejas@13f79535-47bb-0310-9956-ffa450edef68,1,0.0017271157167530224,33.0,33.0,0.0,0.0,3010.745098039216,168006.4499069918,1,0,0.48468034366166834,false
src/org/apache/pig/builtin/YearsBetween.java,28.0,11.0,6.0,4.0,11.0,11.0,105.0,thejas@13f79535-47bb-0310-9956-ffa450edef68,1,0.0017271157167530224,33.0,33.0,0.0,0.0,3010.745098039216,168006.4499069918,1,0,0.48468034366166834,false
src/org/apache/pig/data/DataReaderWriter.java,258.0,14.0,39.0,10.0,69.0,46.0,0.0,null,0,0.0,0.0,0.0,0.0,0.0,0.0,0.0,0,1,0.0,false
src/org/apache/pig/data/SchemaTupleFrontend.java,227.0,27.0,5.0,7.0,29.0,24.0,66.0,jcoveney@13f79535-47bb-0310-9956-ffa450edef68,1,0.0017271157167530224,12.0,0.0,0.0,0.0,901.1428571428571,8650.82066920127,1,2,1.616082455152769,false
src/org/apache/pig/impl/PigContext.java,617.0,51.0,1858.0,65.0,109.0,194.0,36.0,daijy@13f79535-47bb-0310-9956-ffa450edef68,2,0.0034542314335060447,8.0,2.0,0.0,0.0,3911.887955182073,176657.27057619306,2,3,0.22530021253055565,false
src/org/apache/pig/impl/PigImplConstants.java,20.0,1.0,0.0,1.0,0.0,2.0,9.0,rohini@13f79535-47bb-0310-9956-ffa450edef68,3,0.0051813471502590676,67.0,17.0,0.0,0.0,4850.762206679079,240485.74405116626,3,0,0.49624371049415816,false
src/org/apache/pig/impl/builtin/DefaultIndexableLoader.java,121.0,33.0,64.0,13.0,32.0,35.0,66.0,daijy@13f79535-47bb-0310-9956-ffa450edef68,1,0.0017271157167530224,25.0,0.0,0.0,0.0,901.1428571428571,8650.82066920127,1,0,1.616082455152769,false
src/org/apache/pig/impl/builtin/FindQuantiles.java,164.0,21.0,9.0,6.0,24.0,21.0,4.0,daijy@13f79535-47bb-0310-9956-ffa450edef68,1,0.0017271157167530224,50.0,12.0,38.0,0.0,3010.745098039216,168006.4499069918,1,1,0.48468034366166834,false
src/org/apache/pig/impl/builtin/GFCross.java,66.0,12.0,0.0,5.0,13.0,18.0,29.0,gates@13f79535-47bb-0310-9956-ffa450edef68,3,0.0051813471502590676,43.0,14.0,0.0,0.0,4850.762206679079,240485.74405116626,3,0,0.2754911653570138,false
src/org/apache/pig/impl/builtin/PartitionSkewedKeys.java,179.0,16.0,9.0,6.0,37.0,28.0,0.0,daijy@13f79535-47bb-0310-9956-ffa450edef68,0,0.0,0.0,0.0,0.0,0.0,0.0,0.0,0,0,0.0,false
src/org/apache/pig/impl/builtin/ReadScalars.java,77.0,12.0,0.0,2.0,13.0,7.0,66.0,gates@13f79535-47bb-0310-9956-ffa450edef68,1,0.0017271157167530224,20.0,0.0,0.0,0.0,901.1428571428571,8650.82066920127,1,0,1.616082455152769,false
src/org/apache/pig/impl/builtin/StreamingUDF.java,389.0,39.0,41.0,14.0,72.0,51.0,24.0,daijy@13f79535-47bb-0310-9956-ffa450edef68,1,0.0017271157167530224,43.0,0.0,29.0,0.0,901.1428571428571,8650.82066920127,1,0,1.616082455152769,false
src/org/apache/pig/impl/io/FileLocalizer.java,622.0,42.0,671.0,39.0,182.0,163.0,10.0,null,2,0.0034542314335060447,19.0,0.0,5.0,0.0,3949.6193495362218,231834.923381965,2,3,0.5599667729013557,false
src/org/apache/pig/impl/plan/OperatorPlan.java,1047.0,18.0,557.0,47.0,199.0,163.0,28.0,daijy@13f79535-47bb-0310-9956-ffa450edef68,1,0.0017271157167530224,29.0,14.0,0.0,0.0,3010.745098039216,168006.4499069918,1,0,0.48468034366166834,false
src/org/apache/pig/impl/streaming/StreamingCommand.java,357.0,16.0,224.0,25.0,49.0,70.0,0.0,daijy@13f79535-47bb-0310-9956-ffa450edef68,0,0.0,0.0,0.0,0.0,0.0,0.0,0.0,0,2,0.0,false
src/org/apache/pig/impl/util/JarManager.java,184.0,36.0,39.0,10.0,63.0,39.0,21.0,daijy@13f79535-47bb-0310-9956-ffa450edef68,1,0.0017271157167530224,10.0,5.0,0.0,0.0,3010.745098039216,168006.4499069918,1,0,0.48468034366166834,false
src/org/apache/pig/impl/util/UDFContext.java,162.0,7.0,77.0,19.0,16.0,45.0,66.0,null,1,0.0017271157167530224,8.0,0.0,0.0,0.0,901.1428571428571,8650.82066920127,1,0,1.616082455152769,false
src/org/apache/pig/impl/util/Utils.java,427.0,60.0,616.0,37.0,121.0,131.0,36.0,null,2,0.0034542314335060447,9.0,3.0,0.0,0.0,3911.887955182073,176657.27057619306,2,2,0.22530021253055565,false
src/org/apache/pig/impl/util/orc/OrcUtils.java,521.0,40.0,10.0,5.0,55.0,31.0,6.0,daijy@13f79535-47bb-0310-9956-ffa450edef68,2,0.0034542314335060447,60.0,0.0,20.0,0.0,3949.6193495362218,231834.923381965,2,0,0.3604552485666106,false
src/org/apache/pig/newplan/BaseOperatorPlan.java,408.0,13.0,265.0,30.0,86.0,101.0,105.0,daijy@13f79535-47bb-0310-9956-ffa450edef68,1,0.0017271157167530224,20.0,20.0,0.0,0.0,3010.745098039216,168006.4499069918,1,0,0.48468034366166834,false
src/org/apache/pig/newplan/FilterExtractor.java,307.0,29.0,111.0,19.0,38.0,60.0,15.0,cheolsoo@13f79535-47bb-0310-9956-ffa450edef68,2,0.0034542314335060447,40.0,0.0,0.0,0.0,3949.6193495362218,231834.923381965,2,0,0.5599667729013557,false
src/org/apache/pig/newplan/PartitionFilterExtractor.java,36.0,7.0,4.0,4.0,3.0,10.0,15.0,daijy@13f79535-47bb-0310-9956-ffa450edef68,2,0.0034542314335060447,100.0,0.0,0.0,0.0,3949.6193495362218,231834.923381965,2,0,0.5599667729013557,false
src/org/apache/pig/newplan/PredicatePushDownFilterExtractor.java,93.0,24.0,0.0,5.0,6.0,18.0,15.0,daijy@13f79535-47bb-0310-9956-ffa450edef68,2,0.0034542314335060447,100.0,0.0,0.0,0.0,3949.6193495362218,231834.923381965,2,0,0.5599667729013557,false
src/org/apache/pig/newplan/logical/expression/ConstantExpression.java,72.0,9.0,2.0,8.0,12.0,25.0,105.0,thejas@13f79535-47bb-0310-9956-ffa450edef68,1,0.0017271157167530224,20.0,20.0,0.0,0.0,3010.745098039216,168006.4499069918,1,0,0.48468034366166834,false
src/org/apache/pig/newplan/logical/expression/UserFuncExpression.java,283.0,28.0,77.0,18.0,65.0,63.0,105.0,null,1,0.0017271157167530224,5.0,5.0,0.0,0.0,3010.745098039216,168006.4499069918,1,0,0.48468034366166834,false
src/org/apache/pig/newplan/logical/optimizer/LogicalPlanOptimizer.java,119.0,29.0,6.0,5.0,14.0,12.0,64.0,daijy@13f79535-47bb-0310-9956-ffa450edef68,1,0.0017271157167530224,14.0,7.0,0.0,0.0,3010.745098039216,168006.4499069918,1,1,0.48468034366166834,false
src/org/apache/pig/newplan/logical/relational/LOUnion.java,162.0,12.0,54.0,13.0,25.0,41.0,0.0,daijy@13f79535-47bb-0310-9956-ffa450edef68,0,0.0,0.0,0.0,0.0,0.0,0.0,0.0,0,2,0.0,false
src/org/apache/pig/newplan/logical/relational/LogToPhyTranslationVisitor.java,1246.0,77.0,0.0,30.0,476.0,151.0,18.0,daijy@13f79535-47bb-0310-9956-ffa450edef68,1,0.0017271157167530224,9.0,0.0,0.0,0.0,3010.745098039216,168006.4499069918,1,1,0.48468034366166834,false
src/org/apache/pig/newplan/logical/relational/LogicalPlan.java,145.0,44.0,28.0,8.0,39.0,32.0,105.0,daijy@13f79535-47bb-0310-9956-ffa450edef68,1,0.0017271157167530224,7.0,7.0,0.0,0.0,3010.745098039216,168006.4499069918,1,1,0.48468034366166834,false
src/org/apache/pig/newplan/logical/rules/ConstantCalculator.java,112.0,30.0,0.0,2.0,0.0,4.0,36.0,daijy@13f79535-47bb-0310-9956-ffa450edef68,2,0.0034542314335060447,75.0,25.0,0.0,0.0,3911.887955182073,176657.27057619306,2,0,0.22530021253055565,false
src/org/apache/pig/newplan/logical/rules/FilterConstantCalculator.java,11.0,5.0,1.0,2.0,1.0,3.0,105.0,daijy@13f79535-47bb-0310-9956-ffa450edef68,1,0.0017271157167530224,100.0,100.0,0.0,0.0,3010.745098039216,168006.4499069918,1,0,0.48468034366166834,false
src/org/apache/pig/newplan/logical/rules/ForEachConstantCalculator.java,11.0,5.0,1.0,2.0,1.0,3.0,105.0,daijy@13f79535-47bb-0310-9956-ffa450edef68,1,0.0017271157167530224,100.0,100.0,0.0,0.0,3010.745098039216,168006.4499069918,1,0,0.48468034366166834,false
src/org/apache/pig/newplan/logical/rules/PartitionFilterOptimizer.java,113.0,24.0,3.0,3.0,1.0,6.0,23.0,null,1,0.0017271157167530224,12.0,0.0,0.0,0.0,3010.745098039216,168006.4499069918,1,1,0.48468034366166834,false
src/org/apache/pig/newplan/logical/rules/PredicatePushdownOptimizer.java,102.0,24.0,3.0,3.0,1.0,6.0,15.0,daijy@13f79535-47bb-0310-9956-ffa450edef68,2,0.0034542314335060447,67.0,0.0,0.0,0.0,3949.6193495362218,231834.923381965,2,0,0.5599667729013557,false
src/org/apache/pig/newplan/optimizer/PlanOptimizer.java,72.0,5.0,0.0,3.0,11.0,13.0,23.0,daijy@13f79535-47bb-0310-9956-ffa450edef68,1,0.0017271157167530224,33.0,0.0,0.0,0.0,3010.745098039216,168006.4499069918,1,0,0.48468034366166834,false
src/org/apache/pig/parser/LogicalPlanBuilder.java,1310.0,81.0,2410.0,104.0,387.0,350.0,6.0,null,2,0.0034542314335060447,4.0,2.0,0.0,0.0,3911.887955182073,176657.27057619306,2,5,0.35723421884727335,false
src/org/apache/pig/parser/QueryParserUtils.java,151.0,31.0,55.0,11.0,63.0,39.0,66.0,null,1,0.0017271157167530224,8.0,0.0,0.0,0.0,901.1428571428571,8650.82066920127,1,3,1.616082455152769,false
src/org/apache/pig/scripting/ScriptingOutputCapturer.java,120.0,16.0,37.0,10.0,21.0,27.0,24.0,daijy@13f79535-47bb-0310-9956-ffa450edef68,2,0.0034542314335060447,50.0,0.0,0.0,0.0,3911.887955182073,176657.27057619306,2,0,0.6024342496942559,false
src/org/apache/pig/scripting/streaming/python/PythonScriptEngine.java,69.0,19.0,8.0,5.0,25.0,17.0,4.0,daijy@13f79535-47bb-0310-9956-ffa450edef68,1,0.0017271157167530224,25.0,0.0,0.0,0.0,901.1428571428571,8650.82066920127,1,0,1.616082455152769,false
src/org/apache/pig/tools/grunt/GruntParser.java,1007.0,58.0,233.0,59.0,308.0,222.0,4.0,daijy@13f79535-47bb-0310-9956-ffa450edef68,2,0.0034542314335060447,8.0,3.0,0.0,0.0,3911.887955182073,176657.27057619306,2,2,0.22530021253055565,false
src/org/apache/pig/tools/pigstats/mapreduce/MRJobStats.java,372.0,35.0,633.0,39.0,84.0,94.0,25.0,cheolsoo@13f79535-47bb-0310-9956-ffa450edef68,3,0.0051813471502590676,25.0,0.0,17.0,8.0,4850.762206679079,240485.74405116626,3,1,0.2754911653570138,false
src/org/apache/pig/tools/pigstats/tez/TezScriptState.java,176.0,22.0,35.0,10.0,82.0,32.0,97.0,daijy@13f79535-47bb-0310-9956-ffa450edef68,2,0.0034542314335060447,40.0,20.0,0.0,0.0,3949.6193495362218,231834.923381965,2,0,0.5599667729013557,false
src/org/apache/pig/tools/pigstats/tez/TezStats.java,210.0,40.0,117.0,19.0,58.0,47.0,40.0,daijy@13f79535-47bb-0310-9956-ffa450edef68,2,0.0034542314335060447,67.0,11.0,11.0,0.0,3949.6193495362218,231834.923381965,2,0,0.5599667729013557,false
src/org/apache/pig/tools/pigstats/tez/TezTaskStats.java,151.0,22.0,335.0,27.0,27.0,65.0,12.0,daijy@13f79535-47bb-0310-9956-ffa450edef68,1,0.0017271157167530224,33.0,0.0,0.0,0.0,3010.745098039216,168006.4499069918,1,0,0.48468034366166834,false
test/org/apache/pig/TestLoadFuncWrapper.java,92.0,14.0,1.0,2.0,15.0,6.0,0.0,daijy@13f79535-47bb-0310-9956-ffa450edef68,0,0.0,0.0,0.0,0.0,0.0,0.0,0.0,0,0,0.0,false
test/org/apache/pig/TestStoreFuncWrapper.java,100.0,13.0,1.0,2.0,17.0,6.0,0.0,daijy@13f79535-47bb-0310-9956-ffa450edef68,0,0.0,0.0,0.0,0.0,0.0,0.0,0.0,0,0,0.0,false
test/org/apache/pig/backend/hadoop/accumulo/TestAccumuloPigCluster.java,116.0,28.0,0.0,5.0,38.0,18.0,7.0,daijy@13f79535-47bb-0310-9956-ffa450edef68,1,0.0017271157167530224,17.0,0.0,0.0,0.0,3010.745098039216,168006.4499069918,1,2,0.48468034366166834,false
test/org/apache/pig/builtin/TestAvroStorage.java,536.0,50.0,0.0,51.0,236.0,163.0,34.0,daijy@13f79535-47bb-0310-9956-ffa450edef68,1,0.0017271157167530224,7.0,0.0,7.0,0.0,3010.745098039216,168006.4499069918,1,3,0.48468034366166834,true
test/org/apache/pig/builtin/TestBigTypeSort.java,29.0,16.0,0.0,2.0,14.0,5.0,7.0,daijy@13f79535-47bb-0310-9956-ffa450edef68,1,0.0017271157167530224,50.0,0.0,0.0,0.0,3010.745098039216,168006.4499069918,1,0,0.48468034366166834,false
test/org/apache/pig/builtin/TestCurrentTime.java,22.0,14.0,0.0,2.0,14.0,6.0,7.0,daijy@13f79535-47bb-0310-9956-ffa450edef68,1,0.0017271157167530224,50.0,0.0,0.0,0.0,3010.745098039216,168006.4499069918,1,0,0.48468034366166834,false
test/org/apache/pig/builtin/TestInvokerGenerator.java,51.0,16.0,0.0,3.0,30.0,10.0,7.0,daijy@13f79535-47bb-0310-9956-ffa450edef68,1,0.0017271157167530224,33.0,0.0,0.0,0.0,3010.745098039216,168006.4499069918,1,0,0.48468034366166834,false
test/org/apache/pig/builtin/TestOrcStorage.java,254.0,48.0,0.0,14.0,97.0,48.0,8.0,daijy@13f79535-47bb-0310-9956-ffa450edef68,2,0.0034542314335060447,62.0,0.0,12.0,0.0,3949.6193495362218,231834.923381965,2,0,0.2916513640433336,true
test/org/apache/pig/builtin/TestOrcStoragePushdown.java,226.0,38.0,99.0,22.0,115.0,54.0,10.0,daijy@13f79535-47bb-0310-9956-ffa450edef68,2,0.0034542314335060447,67.0,17.0,0.0,0.0,3949.6193495362218,231834.923381965,2,0,0.3065620039426763,true
test/org/apache/pig/builtin/TestTOP.java,65.0,10.0,4.0,5.0,21.0,13.0,0.0,cheolsoo@13f79535-47bb-0310-9956-ffa450edef68,0,0.0,0.0,0.0,0.0,0.0,0.0,0.0,0,0,0.0,false
test/org/apache/pig/data/TestSchemaTuple.java,409.0,48.0,126.0,17.0,135.0,49.0,66.0,jcoveney@13f79535-47bb-0310-9956-ffa450edef68,1,0.0017271157167530224,10.0,0.0,0.0,0.0,901.1428571428571,8650.82066920127,1,2,1.616082455152769,false
test/org/apache/pig/impl/builtin/TestStreamingUDF.java,150.0,18.0,0.0,8.0,58.0,24.0,5.0,daijy@13f79535-47bb-0310-9956-ffa450edef68,1,0.0017271157167530224,14.0,0.0,14.0,0.0,901.1428571428571,8650.82066920127,1,1,1.616082455152769,true
test/org/apache/pig/impl/streaming/TestPigStreamingUDF.java,285.0,21.0,0.0,27.0,153.0,59.0,0.0,daijy@13f79535-47bb-0310-9956-ffa450edef68,0,0.0,0.0,0.0,0.0,0.0,0.0,0.0,0,0,0.0,false
test/org/apache/pig/parser/TestErrorHandling.java,245.0,9.0,0.0,23.0,107.0,102.0,0.0,daijy@13f79535-47bb-0310-9956-ffa450edef68,0,0.0,0.0,0.0,0.0,0.0,0.0,0.0,0,5,0.0,false
test/org/apache/pig/parser/TestQueryParserUtils.java,59.0,7.0,0.0,1.0,7.0,3.0,49.0,daijy@13f79535-47bb-0310-9956-ffa450edef68,2,0.0034542314335060447,67.0,0.0,0.0,0.0,3911.887955182073,176657.27057619306,2,0,0.35723421884727335,false
test/org/apache/pig/pigunit/MiniClusterRunner.java,9.0,1.0,0.0,1.0,2.0,1.0,6.0,daijy@13f79535-47bb-0310-9956-ffa450edef68,1,0.0017271157167530224,50.0,0.0,0.0,0.0,3010.745098039216,168006.4499069918,1,0,0.48468034366166834,false
test/org/apache/pig/pigunit/PigTest.java,220.0,27.0,235.0,26.0,85.0,57.0,6.0,daijy@13f79535-47bb-0310-9956-ffa450edef68,1,0.0017271157167530224,11.0,0.0,0.0,0.0,3010.745098039216,168006.4499069918,1,1,0.48468034366166834,false
test/org/apache/pig/test/MiniGenericCluster.java,97.0,7.0,65.0,14.0,17.0,29.0,23.0,daijy@13f79535-47bb-0310-9956-ffa450edef68,1,0.0017271157167530224,20.0,0.0,0.0,0.0,3010.745098039216,168006.4499069918,1,0,0.48468034366166834,false
test/org/apache/pig/test/TestAccumulator.java,484.0,24.0,0.0,30.0,173.0,108.0,66.0,null,1,0.0017271157167530224,9.0,0.0,0.0,0.0,901.1428571428571,8650.82066920127,1,1,1.616082455152769,false
test/org/apache/pig/test/TestAutoLocalMode.java,90.0,21.0,4.0,8.0,50.0,23.0,0.0,daijy@13f79535-47bb-0310-9956-ffa450edef68,0,0.0,0.0,0.0,0.0,0.0,0.0,0.0,0,0,0.0,false
test/org/apache/pig/test/TestBZip.java,398.0,31.0,0.0,17.0,235.0,55.0,66.0,daijy@13f79535-47bb-0310-9956-ffa450edef68,1,0.0017271157167530224,8.0,0.0,0.0,0.0,901.1428571428571,8650.82066920127,1,2,1.616082455152769,false
test/org/apache/pig/test/TestBuiltin.java,2459.0,115.0,1981.0,74.0,598.0,265.0,6.0,null,1,0.0017271157167530224,2.0,0.0,0.0,0.0,3010.745098039216,168006.4499069918,1,5,0.48468034366166834,true
test/org/apache/pig/test/TestCollectedGroup.java,198.0,29.0,0.0,15.0,106.0,52.0,15.0,gates@13f79535-47bb-0310-9956-ffa450edef68,1,0.0017271157167530224,17.0,0.0,0.0,0.0,938.874251497006,63828.473474973194,1,1,2.0215475632609334,false
test/org/apache/pig/test/TestCombiner.java,300.0,26.0,0.0,19.0,161.0,62.0,66.0,null,1,0.0017271157167530224,10.0,0.0,0.0,0.0,901.1428571428571,8650.82066920127,1,0,1.616082455152769,false
test/org/apache/pig/test/TestConstantCalculator.java,55.0,23.0,1.0,3.0,13.0,9.0,105.0,daijy@13f79535-47bb-0310-9956-ffa450edef68,1,0.0017271157167530224,100.0,100.0,0.0,0.0,3010.745098039216,168006.4499069918,1,0,0.48468034366166834,false
test/org/apache/pig/test/TestEvalPipeline2.java,909.0,38.0,0.0,55.0,513.0,168.0,9.0,daijy@13f79535-47bb-0310-9956-ffa450edef68,2,0.0034542314335060447,9.0,2.0,4.0,0.0,3949.6193495362218,231834.923381965,2,16,0.7337890084119709,false
test/org/apache/pig/test/TestFRJoin2.java,304.0,24.0,0.0,12.0,168.0,44.0,0.0,daijy@13f79535-47bb-0310-9956-ffa450edef68,0,0.0,0.0,0.0,0.0,0.0,0.0,0.0,0,0,0.0,false
test/org/apache/pig/test/TestGFCross.java,33.0,9.0,3.0,3.0,24.0,6.0,29.0,null,3,0.0051813471502590676,60.0,20.0,0.0,0.0,4850.762206679079,240485.74405116626,3,1,0.2754911653570138,false
test/org/apache/pig/test/TestGrunt.java,791.0,39.0,0.0,68.0,398.0,192.0,6.0,daijy@13f79535-47bb-0310-9956-ffa450edef68,1,0.0017271157167530224,8.0,0.0,0.0,0.0,3010.745098039216,168006.4499069918,1,8,0.48468034366166834,false
test/org/apache/pig/test/TestHBaseStorage.java,778.0,34.0,0.0,36.0,349.0,114.0,19.0,null,2,0.0034542314335060447,13.0,0.0,0.0,0.0,3911.887955182073,176657.27057619306,2,4,0.20519572691563526,false
test/org/apache/pig/test/TestJobControlCompiler.java,186.0,51.0,33.0,10.0,93.0,34.0,36.0,null,2,0.0034542314335060447,23.0,8.0,0.0,0.0,3911.887955182073,176657.27057619306,2,2,0.22530021253055565,false
test/org/apache/pig/test/TestJobSubmission.java,228.0,40.0,0.0,11.0,121.0,35.0,9.0,daijy@13f79535-47bb-0310-9956-ffa450edef68,1,0.0017271157167530224,16.0,0.0,5.0,0.0,3010.745098039216,168006.4499069918,1,5,0.48468034366166834,false
test/org/apache/pig/test/TestJsonLoaderStorage.java,190.0,23.0,28.0,12.0,68.0,39.0,0.0,daijy@13f79535-47bb-0310-9956-ffa450edef68,0,0.0,0.0,0.0,0.0,0.0,0.0,0.0,0,4,0.0,true
test/org/apache/pig/test/TestLimitAdjuster.java,35.0,11.0,0.0,4.0,15.0,11.0,0.0,gates@13f79535-47bb-0310-9956-ffa450edef68,0,0.0,0.0,0.0,0.0,0.0,0.0,0.0,0,0,0.0,false
test/org/apache/pig/test/TestLimitVariable.java,72.0,14.0,0.0,9.0,39.0,27.0,8.0,thejas@13f79535-47bb-0310-9956-ffa450edef68,3,0.0051813471502590676,57.0,0.0,29.0,0.0,3985.905063821936,232076.62897469048,3,0,0.8986031886026833,false
test/org/apache/pig/test/TestLogicalPlanBuilder.java,1174.0,48.0,12531.0,159.0,497.0,505.0,1.0,null,2,0.0034542314335060447,9.0,0.0,0.0,5.0,3911.887955182073,176657.27057619306,2,4,0.35723421884727335,false
test/org/apache/pig/test/TestMRCompiler.java,805.0,67.0,346.0,36.0,328.0,86.0,2.0,daijy@13f79535-47bb-0310-9956-ffa450edef68,1,0.0017271157167530224,10.0,0.0,0.0,0.0,3010.745098039216,168006.4499069918,1,1,0.48468034366166834,true
test/org/apache/pig/test/TestMRExecutionEngine.java,19.0,9.0,1.0,2.0,8.0,4.0,66.0,daijy@13f79535-47bb-0310-9956-ffa450edef68,1,0.0017271157167530224,25.0,0.0,0.0,0.0,901.1428571428571,8650.82066920127,1,0,1.616082455152769,false
test/org/apache/pig/test/TestMRJobStats.java,204.0,34.0,85.0,14.0,107.0,40.0,2.0,daijy@13f79535-47bb-0310-9956-ffa450edef68,1,0.0017271157167530224,11.0,0.0,11.0,0.0,3010.745098039216,168006.4499069918,1,1,0.48468034366166834,false
test/org/apache/pig/test/TestMapReduce.java,358.0,34.0,57.0,18.0,160.0,68.0,66.0,daijy@13f79535-47bb-0310-9956-ffa450edef68,1,0.0017271157167530224,33.0,0.0,0.0,0.0,901.1428571428571,8650.82066920127,1,0,1.616082455152769,false
test/org/apache/pig/test/TestMapSideCogroup.java,269.0,38.0,0.0,11.0,130.0,38.0,8.0,daijy@13f79535-47bb-0310-9956-ffa450edef68,1,0.0017271157167530224,17.0,0.0,0.0,0.0,3010.745098039216,168006.4499069918,1,1,0.48468034366166834,false
test/org/apache/pig/test/TestMergeJoin.java,500.0,29.0,0.0,28.0,198.0,80.0,41.0,null,2,0.0034542314335060447,18.0,0.0,0.0,0.0,3911.887955182073,176657.27057619306,2,0,0.35723421884727335,false
test/org/apache/pig/test/TestMergeJoinOuter.java,108.0,34.0,0.0,9.0,65.0,23.0,37.0,cheolsoo@13f79535-47bb-0310-9956-ffa450edef68,2,0.0034542314335060447,33.0,0.0,0.0,0.0,3911.887955182073,176657.27057619306,2,1,0.35723421884727335,false
test/org/apache/pig/test/TestMultiQuery.java,270.0,20.0,0.0,16.0,108.0,53.0,2.0,null,2,0.0034542314335060447,14.0,0.0,0.0,0.0,3911.887955182073,176657.27057619306,2,0,0.35723421884727335,false
test/org/apache/pig/test/TestMultiQueryBasic.java,412.0,37.0,0.0,22.0,141.0,69.0,66.0,null,1,0.0017271157167530224,9.0,0.0,0.0,0.0,901.1428571428571,8650.82066920127,1,0,1.616082455152769,false
test/org/apache/pig/test/TestMultiQueryLocal.java,469.0,39.0,0.0,25.0,186.0,67.0,66.0,daijy@13f79535-47bb-0310-9956-ffa450edef68,1,0.0017271157167530224,5.0,0.0,0.0,0.0,901.1428571428571,8650.82066920127,1,2,1.616082455152769,true
test/org/apache/pig/test/TestNewPartitionFilterPushDown.java,420.0,51.0,0.0,34.0,125.0,101.0,23.0,daijy@13f79535-47bb-0310-9956-ffa450edef68,1,0.0017271157167530224,25.0,0.0,0.0,0.0,3010.745098039216,168006.4499069918,1,0,0.48468034366166834,false
test/org/apache/pig/test/TestParamSubPreproc.java,922.0,20.0,0.0,37.0,229.0,200.0,0.0,daijy@13f79535-47bb-0310-9956-ffa450edef68,0,0.0,0.0,0.0,0.0,0.0,0.0,0.0,0,3,0.0,false
test/org/apache/pig/test/TestParser.java,104.0,24.0,0.0,7.0,47.0,22.0,66.0,daijy@13f79535-47bb-0310-9956-ffa450edef68,1,0.0017271157167530224,8.0,0.0,0.0,0.0,901.1428571428571,8650.82066920127,1,1,1.616082455152769,true
test/org/apache/pig/test/TestPigContext.java,151.0,25.0,52.0,13.0,73.0,30.0,66.0,daijy@13f79535-47bb-0310-9956-ffa450edef68,1,0.0017271157167530224,8.0,0.0,0.0,0.0,901.1428571428571,8650.82066920127,1,3,1.616082455152769,true
test/org/apache/pig/test/TestPigProgressReporting.java,30.0,10.0,1.0,3.0,17.0,9.0,41.0,daijy@13f79535-47bb-0310-9956-ffa450edef68,2,0.0034542314335060447,40.0,0.0,0.0,0.0,3911.887955182073,176657.27057619306,2,0,0.35723421884727335,false
test/org/apache/pig/test/TestPigRunner.java,782.0,38.0,0.0,34.0,371.0,127.0,38.0,daijy@13f79535-47bb-0310-9956-ffa450edef68,2,0.0034542314335060447,8.0,0.0,0.0,0.0,3911.887955182073,176657.27057619306,2,4,0.22530021253055565,false
test/org/apache/pig/test/TestPigServer.java,689.0,62.0,0.0,48.0,321.0,130.0,3.0,daijy@13f79535-47bb-0310-9956-ffa450edef68,1,0.0017271157167530224,3.0,0.0,0.0,0.0,3010.745098039216,168006.4499069918,1,4,0.48468034366166834,false
test/org/apache/pig/test/TestPigSplit.java,114.0,14.0,0.0,7.0,38.0,25.0,0.0,daijy@13f79535-47bb-0310-9956-ffa450edef68,0,0.0,0.0,0.0,0.0,0.0,0.0,0.0,0,0,0.0,true
test/org/apache/pig/test/TestPigStorage.java,398.0,42.0,0.0,27.0,191.0,79.0,66.0,daijy@13f79535-47bb-0310-9956-ffa450edef68,1,0.0017271157167530224,5.0,0.0,0.0,0.0,901.1428571428571,8650.82066920127,1,7,1.616082455152769,true
test/org/apache/pig/test/TestPigStreaming.java,125.0,17.0,0.0,13.0,68.0,28.0,0.0,daijy@13f79535-47bb-0310-9956-ffa450edef68,0,0.0,0.0,0.0,0.0,0.0,0.0,0.0,0,0,0.0,false
test/org/apache/pig/test/TestPoissonSampleLoader.java,41.0,15.0,2.0,5.0,14.0,13.0,66.0,daijy@13f79535-47bb-0310-9956-ffa450edef68,1,0.0017271157167530224,12.0,0.0,0.0,0.0,901.1428571428571,8650.82066920127,1,1,1.616082455152769,true
test/org/apache/pig/test/TestPredeployedJar.java,41.0,19.0,1.0,2.0,24.0,4.0,21.0,daijy@13f79535-47bb-0310-9956-ffa450edef68,1,0.0017271157167530224,40.0,20.0,0.0,0.0,3010.745098039216,168006.4499069918,1,0,0.48468034366166834,false
test/org/apache/pig/test/TestProjectRange.java,537.0,28.0,0.0,36.0,172.0,101.0,15.0,null,1,0.0017271157167530224,9.0,0.0,0.0,0.0,938.874251497006,63828.473474973194,1,1,2.0215475632609334,false
test/org/apache/pig/test/TestRegisteredJarVisibility.java,112.0,40.0,25.0,10.0,57.0,23.0,9.0,daijy@13f79535-47bb-0310-9956-ffa450edef68,1,0.0017271157167530224,8.0,8.0,0.0,0.0,3010.745098039216,168006.4499069918,1,2,0.48468034366166834,true
test/org/apache/pig/test/TestScalarAliases.java,332.0,16.0,0.0,17.0,136.0,53.0,0.0,thejas@13f79535-47bb-0310-9956-ffa450edef68,0,0.0,0.0,0.0,0.0,0.0,0.0,0.0,0,1,0.0,false
test/org/apache/pig/test/TestScriptLanguage.java,282.0,21.0,100.0,29.0,189.0,95.0,15.0,null,1,0.0017271157167530224,5.0,0.0,0.0,0.0,938.874251497006,63828.473474973194,1,6,2.0215475632609334,false
test/org/apache/pig/test/TestSplitCombine.java,331.0,23.0,0.0,14.0,107.0,53.0,0.0,gates@13f79535-47bb-0310-9956-ffa450edef68,0,0.0,0.0,0.0,0.0,0.0,0.0,0.0,0,0,0.0,false
test/org/apache/pig/test/TestStore.java,662.0,69.0,113.0,27.0,244.0,93.0,35.0,daijy@13f79535-47bb-0310-9956-ffa450edef68,2,0.0034542314335060447,8.0,0.0,4.0,0.0,3911.887955182073,176657.27057619306,2,5,0.35723421884727335,false
test/org/apache/pig/test/TestStoreInstances.java,102.0,28.0,4.0,5.0,19.0,15.0,66.0,daijy@13f79535-47bb-0310-9956-ffa450edef68,1,0.0017271157167530224,20.0,0.0,0.0,0.0,901.1428571428571,8650.82066920127,1,0,1.616082455152769,true
test/org/apache/pig/test/TestTmpFileCompression.java,265.0,35.0,5.0,15.0,116.0,52.0,0.0,rohini@13f79535-47bb-0310-9956-ffa450edef68,0,0.0,0.0,0.0,0.0,0.0,0.0,0.0,0,2,0.0,false
test/org/apache/pig/test/TestUnionOnSchema.java,419.0,28.0,0.0,29.0,133.0,78.0,7.0,thejas@13f79535-47bb-0310-9956-ffa450edef68,1,0.0017271157167530224,8.0,0.0,0.0,0.0,938.874251497006,63828.473474973194,1,1,2.0215475632609334,false
test/org/apache/pig/test/Util.java,983.0,84.0,4371.0,95.0,335.0,326.0,22.0,daijy@13f79535-47bb-0310-9956-ffa450edef68,3,0.0051813471502590676,15.0,0.0,0.0,0.0,4850.762206679079,240485.74405116626,3,7,0.11006636122933533,true
test/org/apache/pig/test/pigunit/TestPigTest.java,138.0,18.0,0.0,16.0,35.0,34.0,6.0,daijy@13f79535-47bb-0310-9956-ffa450edef68,1,0.0017271157167530224,11.0,0.0,0.0,0.0,3010.745098039216,168006.4499069918,1,1,0.48468034366166834,false
test/org/apache/pig/test/pigunit/pig/TestGruntParser.java,41.0,11.0,0.0,6.0,19.0,13.0,6.0,daijy@13f79535-47bb-0310-9956-ffa450edef68,1,0.0017271157167530224,20.0,0.0,0.0,0.0,3010.745098039216,168006.4499069918,1,1,0.48468034366166834,true
test/org/apache/pig/tez/TestTezAutoParallelism.java,156.0,22.0,38.0,16.0,75.0,51.0,66.0,daijy@13f79535-47bb-0310-9956-ffa450edef68,1,0.0017271157167530224,10.0,0.0,0.0,0.0,901.1428571428571,8650.82066920127,1,0,1.616082455152769,false
test/org/apache/pig/tez/TestTezCompiler.java,240.0,26.0,620.0,36.0,77.0,93.0,55.0,daijy@13f79535-47bb-0310-9956-ffa450edef68,2,0.0034542314335060447,36.0,9.0,0.0,0.0,3949.6193495362218,231834.923381965,2,0,0.5599667729013557,true
test/org/apache/pig/tez/TestTezJobControlCompiler.java,143.0,43.0,12.0,12.0,98.0,32.0,84.0,daijy@13f79535-47bb-0310-9956-ffa450edef68,2,0.0034542314335060447,20.0,0.0,0.0,0.0,3949.6193495362218,231834.923381965,2,0,0.5599667729013557,true
test/perf/pigmix/src/java/org/apache/pig/test/pigmix/datagen/DataGenerator.java,680.0,13.0,29.0,10.0,36.0,41.0,66.0,daijy@13f79535-47bb-0310-9956-ffa450edef68,1,0.0017271157167530224,50.0,0.0,0.0,0.0,901.1428571428571,8650.82066920127,1,0,1.616082455152769,false
