name,LOC,CBO,LCOM,NOM,RFC,WMC,ACS,Ownership,numOfChanges,numberOfFIChanges,ENH,NF,BugFixing,REF,structuralWorkloadSum,semanticWorkloadSum,numberOfDeveloper,pastFaults,MAF,isBuggy
contrib/piggybank/java/src/main/java/org/apache/pig/piggybank/evaluation/xml/XPath.java,127.0,17.0,6.0,4.0,20.0,20.0,0.0,daijy@13f79535-47bb-0310-9956-ffa450edef68,0,0.0,0.0,0.0,0.0,0.0,0.0,0.0,0,2,0.0,false
contrib/piggybank/java/src/main/java/org/apache/pig/piggybank/evaluation/xml/XPathAll.java,186.0,21.0,5.0,6.0,33.0,24.0,0.0,daijy@13f79535-47bb-0310-9956-ffa450edef68,0,0.0,0.0,0.0,0.0,0.0,0.0,0.0,0,1,0.0,false
contrib/piggybank/java/src/main/java/org/apache/pig/piggybank/storage/CSVExcelStorage.java,344.0,34.0,132.0,21.0,71.0,69.0,3.0,daijy@13f79535-47bb-0310-9956-ffa450edef68,1,0.006756756756756757,12.0,0.0,0.0,0.0,728.4878048780488,13682.352791662224,1,2,0.5527898228650229,false
contrib/piggybank/java/src/test/java/org/apache/pig/piggybank/test/evaluation/xml/XPathAllTest.java,127.0,11.0,45.0,10.0,69.0,25.0,0.0,daijy@13f79535-47bb-0310-9956-ffa450edef68,0,0.0,0.0,0.0,0.0,0.0,0.0,0.0,0,1,0.0,false
contrib/piggybank/java/src/test/java/org/apache/pig/piggybank/test/evaluation/xml/XPathTest.java,99.0,9.0,28.0,8.0,52.0,22.0,0.0,daijy@13f79535-47bb-0310-9956-ffa450edef68,0,0.0,0.0,0.0,0.0,0.0,0.0,0.0,0,1,0.0,false
contrib/piggybank/java/src/test/java/org/apache/pig/piggybank/test/storage/TestCSVExcelStorage.java,202.0,20.0,0.0,13.0,69.0,31.0,2.0,daijy@13f79535-47bb-0310-9956-ffa450edef68,2,0.013513513513513514,29.0,0.0,0.0,0.0,1213.8562259306805,19556.135817240553,2,0,0.08055901844459723,false
shims/test/hadoop23/org/apache/pig/test/MiniCluster.java,75.0,12.0,8.0,5.0,26.0,12.0,0.0,daijy@13f79535-47bb-0310-9956-ffa450edef68,0,0.0,0.0,0.0,0.0,0.0,0.0,0.0,0,2,0.0,false
shims/test/hadoop23/org/apache/pig/test/TezMiniCluster.java,113.0,22.0,11.0,6.0,33.0,15.0,0.0,daijy@13f79535-47bb-0310-9956-ffa450edef68,0,0.0,0.0,0.0,0.0,0.0,0.0,0.0,0,2,0.0,false
src/org/apache/pig/Main.java,815.0,73.0,227.0,23.0,147.0,83.0,3.0,null,1,0.006756756756756757,1.0,0.0,0.0,0.0,728.4878048780488,13682.352791662224,1,9,0.5527898228650229,false
src/org/apache/pig/PigConfiguration.java,238.0,0.0,0.0,1.0,0.0,1.0,11.0,null,2,0.013513513513513514,8.0,0.0,0.0,0.0,1213.8562259306805,19556.135817240553,2,4,0.21083082275623632,false
src/org/apache/pig/PigConstants.java,52.0,1.0,0.0,1.0,0.0,2.0,0.0,aniket486@13f79535-47bb-0310-9956-ffa450edef68,0,0.0,0.0,0.0,0.0,0.0,0.0,0.0,0,0,0.0,false
src/org/apache/pig/backend/hadoop/datastorage/ConfigurationUtil.java,47.0,12.0,15.0,6.0,18.0,14.0,2.0,daijy@13f79535-47bb-0310-9956-ffa450edef68,1,0.006756756756756757,9.0,0.0,0.0,0.0,26.0,17.5785042440527,1,3,3.1918471524802814,false
src/org/apache/pig/backend/hadoop/datastorage/HPath.java,111.0,15.0,0.0,27.0,40.0,60.0,2.0,daijy@13f79535-47bb-0310-9956-ffa450edef68,1,0.006756756756756757,25.0,0.0,0.0,0.0,728.4878048780488,13682.352791662224,1,0,0.5527898228650229,false
src/org/apache/pig/backend/hadoop/executionengine/fetch/FetchLauncher.java,103.0,30.0,4.0,5.0,40.0,19.0,0.0,cheolsoo@13f79535-47bb-0310-9956-ffa450edef68,0,0.0,0.0,0.0,0.0,0.0,0.0,0.0,0,0,0.0,false
src/org/apache/pig/backend/hadoop/executionengine/fetch/FetchOptimizer.java,176.0,43.0,6.0,4.0,20.0,15.0,0.0,cheolsoo@13f79535-47bb-0310-9956-ffa450edef68,0,0.0,0.0,0.0,0.0,0.0,0.0,0.0,0,0,0.0,true
src/org/apache/pig/backend/hadoop/executionengine/mapReduceLayer/JobControlCompiler.java,1382.0,106.0,0.0,32.0,314.0,141.0,9.0,null,3,0.02027027027027027,7.0,0.0,0.0,0.0,1239.8562259306805,19601.027474281207,3,10,0.38181032281062954,false
src/org/apache/pig/backend/hadoop/executionengine/mapReduceLayer/MRCompiler.java,1989.0,96.0,75.0,54.0,626.0,252.0,0.0,daijy@13f79535-47bb-0310-9956-ffa450edef68,0,0.0,0.0,0.0,0.0,0.0,0.0,0.0,0,2,0.0,false
src/org/apache/pig/backend/hadoop/executionengine/mapReduceLayer/PigCombiner.java,163.0,26.0,0.0,0.0,0.0,0.0,18.0,null,2,0.013513513513513514,15.0,0.0,0.0,0.0,1213.8562259306805,19556.135817240553,2,1,0.08055901844459723,false
src/org/apache/pig/backend/hadoop/executionengine/mapReduceLayer/PigGenericMapBase.java,183.0,37.0,15.0,10.0,56.0,34.0,33.0,daijy@13f79535-47bb-0310-9956-ffa450edef68,1,0.006756756756756757,7.0,0.0,0.0,0.0,728.4878048780488,13682.352791662224,1,0,0.5527898228650229,false
src/org/apache/pig/backend/hadoop/executionengine/mapReduceLayer/PigGenericMapReduce.java,430.0,46.0,0.0,1.0,0.0,1.0,33.0,daijy@13f79535-47bb-0310-9956-ffa450edef68,1,0.006756756756756757,5.0,0.0,0.0,0.0,728.4878048780488,13682.352791662224,1,0,0.5527898228650229,false
src/org/apache/pig/backend/hadoop/executionengine/mapReduceLayer/PigSplit.java,296.0,37.0,163.0,26.0,63.0,74.0,7.0,daijy@13f79535-47bb-0310-9956-ffa450edef68,1,0.006756756756756757,14.0,0.0,0.0,0.0,485.36842105263156,5873.78302557833,1,0,0.9946225751440622,false
src/org/apache/pig/backend/hadoop/executionengine/mapReduceLayer/partitioners/RollupHIIPartitioner.java,68.0,13.0,2.0,5.0,16.0,14.0,0.0,cheolsoo@13f79535-47bb-0310-9956-ffa450edef68,0,0.0,0.0,0.0,0.0,0.0,0.0,0.0,0,0,0.0,false
src/org/apache/pig/backend/hadoop/executionengine/physicalLayer/expressionOperators/POUserFunc.java,444.0,39.0,1190.0,57.0,110.0,140.0,33.0,null,1,0.006756756756756757,3.0,0.0,0.0,0.0,728.4878048780488,13682.352791662224,1,4,0.5527898228650229,false
src/org/apache/pig/backend/hadoop/executionengine/physicalLayer/plans/PhyPlanVisitor.java,186.0,59.0,1540.0,56.0,51.0,115.0,0.0,null,0,0.0,0.0,0.0,0.0,0.0,0.0,0.0,0,1,0.0,false
src/org/apache/pig/backend/hadoop/executionengine/physicalLayer/plans/PhysicalPlan.java,200.0,21.0,85.0,14.0,51.0,40.0,0.0,daijy@13f79535-47bb-0310-9956-ffa450edef68,0,0.0,0.0,0.0,0.0,0.0,0.0,0.0,0,1,0.0,true
src/org/apache/pig/backend/hadoop/executionengine/physicalLayer/relationalOperators/POMergeJoin.java,477.0,37.0,247.0,26.0,70.0,78.0,5.0,daijy@13f79535-47bb-0310-9956-ffa450edef68,1,0.006756756756756757,15.0,0.0,0.0,0.0,728.4878048780488,13682.352791662224,1,2,0.5527898228650229,false
src/org/apache/pig/backend/hadoop/executionengine/physicalLayer/relationalOperators/POPackage.java,308.0,25.0,309.0,31.0,36.0,57.0,0.0,null,0,0.0,0.0,0.0,0.0,0.0,0.0,0.0,0,3,0.0,false
src/org/apache/pig/backend/hadoop/executionengine/physicalLayer/relationalOperators/POReservoirSample.java,136.0,12.0,83.0,14.0,14.0,38.0,3.0,daijy@13f79535-47bb-0310-9956-ffa450edef68,2,0.013513513513513514,50.0,0.0,33.0,0.0,1213.8562259306805,19556.135817240553,2,0,0.21083082275623632,false
src/org/apache/pig/backend/hadoop/executionengine/physicalLayer/relationalOperators/PORollupHIIForEach.java,938.0,32.0,865.0,50.0,150.0,162.0,0.0,cheolsoo@13f79535-47bb-0310-9956-ffa450edef68,0,0.0,0.0,0.0,0.0,0.0,0.0,0.0,0,0,0.0,false
src/org/apache/pig/backend/hadoop/executionengine/physicalLayer/util/PlanHelper.java,285.0,65.0,10.0,5.0,12.0,17.0,0.0,cheolsoo@13f79535-47bb-0310-9956-ffa450edef68,0,0.0,0.0,0.0,0.0,0.0,0.0,0.0,0,0,0.0,false
src/org/apache/pig/backend/hadoop/executionengine/tez/TezDagBuilder.java,612.0,143.0,90.0,16.0,279.0,75.0,19.0,daijy@13f79535-47bb-0310-9956-ffa450edef68,2,0.013513513513513514,15.0,3.0,3.0,0.0,1213.8562259306805,19556.135817240553,2,5,0.21083082275623632,true
src/org/apache/pig/backend/hadoop/executionengine/tez/TezExecutionEngine.java,19.0,11.0,6.0,4.0,4.0,8.0,3.0,daijy@13f79535-47bb-0310-9956-ffa450edef68,1,0.006756756756756757,33.0,0.0,0.0,0.0,485.36842105263156,5873.78302557833,1,0,0.9946225751440622,false
src/org/apache/pig/backend/hadoop/executionengine/tez/TezJob.java,180.0,25.0,35.0,14.0,41.0,40.0,3.0,rohini@13f79535-47bb-0310-9956-ffa450edef68,1,0.006756756756756757,9.0,0.0,0.0,0.0,485.36842105263156,5873.78302557833,1,2,0.9946225751440622,false
src/org/apache/pig/backend/hadoop/executionengine/tez/TezJobCompiler.java,64.0,19.0,0.0,4.0,25.0,15.0,5.0,rohini@13f79535-47bb-0310-9956-ffa450edef68,1,0.006756756756756757,30.0,10.0,10.0,0.0,485.36842105263156,5873.78302557833,1,2,0.9946225751440622,false
src/org/apache/pig/backend/hadoop/executionengine/tez/TezLauncher.java,316.0,60.0,24.0,12.0,118.0,51.0,26.0,daijy@13f79535-47bb-0310-9956-ffa450edef68,1,0.006756756756756757,7.0,0.0,0.0,0.0,485.36842105263156,5873.78302557833,1,5,0.9946225751440622,true
src/org/apache/pig/backend/hadoop/executionengine/tez/plan/TezCompiler.java,1750.0,109.0,0.0,44.0,659.0,204.0,25.0,daijy@13f79535-47bb-0310-9956-ffa450edef68,2,0.013513513513513514,17.0,0.0,0.0,0.0,1213.8562259306805,19556.135817240553,2,1,0.08055901844459723,true
src/org/apache/pig/backend/hadoop/executionengine/tez/plan/TezOperPlan.java,152.0,23.0,68.0,13.0,48.0,39.0,13.0,daijy@13f79535-47bb-0310-9956-ffa450edef68,2,0.013513513513513514,50.0,0.0,0.0,0.0,1213.8562259306805,19556.135817240553,2,1,0.08055901844459723,false
src/org/apache/pig/backend/hadoop/executionengine/tez/plan/TezOperator.java,421.0,22.0,2472.0,81.0,90.0,142.0,24.0,rohini@13f79535-47bb-0310-9956-ffa450edef68,2,0.013513513513513514,38.0,0.0,12.0,0.0,1213.8562259306805,19556.135817240553,2,1,0.21083082275623632,true
src/org/apache/pig/backend/hadoop/executionengine/tez/plan/TezPrinter.java,85.0,11.0,0.0,3.0,14.0,9.0,0.0,rohini@13f79535-47bb-0310-9956-ffa450edef68,0,0.0,0.0,0.0,0.0,0.0,0.0,0.0,0,1,0.0,true
src/org/apache/pig/backend/hadoop/executionengine/tez/plan/operator/POLocalRearrangeTezFactory.java,64.0,14.0,0.0,5.0,14.0,16.0,0.0,daijy@13f79535-47bb-0310-9956-ffa450edef68,0,0.0,0.0,0.0,0.0,0.0,0.0,0.0,0,0,0.0,false
src/org/apache/pig/backend/hadoop/executionengine/tez/plan/operator/POShuffledValueInputTez.java,90.0,24.0,44.0,12.0,21.0,28.0,0.0,rohini@13f79535-47bb-0310-9956-ffa450edef68,0,0.0,0.0,0.0,0.0,0.0,0.0,0.0,0,1,0.0,true
src/org/apache/pig/backend/hadoop/executionengine/tez/plan/operator/POValueOutputTez.java,113.0,27.0,64.0,16.0,19.0,37.0,46.0,rohini@13f79535-47bb-0310-9956-ffa450edef68,1,0.006756756756756757,33.0,0.0,0.0,0.0,485.36842105263156,5873.78302557833,1,1,0.9946225751440622,true
src/org/apache/pig/backend/hadoop/executionengine/tez/plan/optimizer/LoaderProcessor.java,109.0,28.0,1.0,3.0,52.0,15.0,13.0,daijy@13f79535-47bb-0310-9956-ffa450edef68,2,0.013513513513513514,67.0,0.0,0.0,0.0,1213.8562259306805,19556.135817240553,2,0,0.08055901844459723,false
src/org/apache/pig/backend/hadoop/executionengine/tez/plan/optimizer/MultiQueryOptimizerTez.java,133.0,22.0,6.0,4.0,56.0,17.0,25.0,rohini@13f79535-47bb-0310-9956-ffa450edef68,1,0.006756756756756757,33.0,0.0,0.0,0.0,485.36842105263156,5873.78302557833,1,1,0.9946225751440622,true
src/org/apache/pig/backend/hadoop/executionengine/tez/plan/optimizer/UnionOptimizer.java,189.0,26.0,6.0,4.0,59.0,18.0,28.0,rohini@13f79535-47bb-0310-9956-ffa450edef68,1,0.006756756756756757,25.0,0.0,0.0,0.0,485.36842105263156,5873.78302557833,1,1,0.9946225751440622,true
src/org/apache/pig/backend/hadoop/executionengine/tez/runtime/ObjectCache.java,39.0,4.0,1.0,6.0,4.0,13.0,4.0,rohini@13f79535-47bb-0310-9956-ffa450edef68,1,0.006756756756756757,50.0,0.0,0.0,0.0,485.36842105263156,5873.78302557833,1,0,0.9946225751440622,false
src/org/apache/pig/backend/hadoop/executionengine/tez/runtime/PigProcessor.java,214.0,49.0,1.0,10.0,87.0,39.0,3.0,rohini@13f79535-47bb-0310-9956-ffa450edef68,1,0.006756756756756757,33.0,0.0,0.0,0.0,485.36842105263156,5873.78302557833,1,0,0.9946225751440622,false
src/org/apache/pig/backend/hadoop/executionengine/tez/util/MRToTezHelper.java,137.0,34.0,26.0,9.0,51.0,25.0,4.0,rohini@13f79535-47bb-0310-9956-ffa450edef68,2,0.013513513513513514,23.0,8.0,8.0,0.0,1213.8562259306805,19556.135817240553,2,2,0.21083082275623632,false
src/org/apache/pig/backend/hadoop/executionengine/tez/util/TezCompilerUtil.java,118.0,32.0,45.0,10.0,53.0,31.0,22.0,daijy@13f79535-47bb-0310-9956-ffa450edef68,1,0.006756756756756757,11.0,0.0,0.0,0.0,728.4878048780488,13682.352791662224,1,0,0.5527898228650229,false
src/org/apache/pig/backend/hadoop/executionengine/util/AccumulatorOptimizerUtil.java,163.0,24.0,6.0,4.0,41.0,18.0,0.0,daijy@13f79535-47bb-0310-9956-ffa450edef68,0,0.0,0.0,0.0,0.0,0.0,0.0,0.0,0,0,0.0,false
src/org/apache/pig/backend/hadoop/executionengine/util/CombinerOptimizerUtil.java,559.0,40.0,105.0,15.0,130.0,60.0,33.0,daijy@13f79535-47bb-0310-9956-ffa450edef68,1,0.006756756756756757,33.0,0.0,0.0,0.0,728.4878048780488,13682.352791662224,1,0,0.5527898228650229,false
src/org/apache/pig/backend/hadoop/executionengine/util/MapRedUtil.java,472.0,42.0,97.0,15.0,86.0,68.0,0.0,daijy@13f79535-47bb-0310-9956-ffa450edef68,0,0.0,0.0,0.0,0.0,0.0,0.0,0.0,0,2,0.0,false
src/org/apache/pig/backend/hadoop/hbase/HBaseStorage.java,919.0,85.0,654.0,44.0,236.0,163.0,5.0,null,1,0.006756756756756757,2.0,0.0,0.0,0.0,485.36842105263156,5873.78302557833,1,9,0.9946225751440622,false
src/org/apache/pig/builtin/JsonLoader.java,204.0,38.0,81.0,15.0,55.0,50.0,0.0,daijy@13f79535-47bb-0310-9956-ffa450edef68,0,0.0,0.0,0.0,0.0,0.0,0.0,0.0,0,0,0.0,false
src/org/apache/pig/builtin/PluckTuple.java,79.0,10.0,0.0,4.0,19.0,14.0,4.0,daijy@13f79535-47bb-0310-9956-ffa450edef68,1,0.006756756756756757,14.0,14.0,0.0,0.0,26.0,17.5785042440527,1,1,3.1918471524802814,false
src/org/apache/pig/builtin/RollupDimensions.java,63.0,13.0,26.0,9.0,11.0,22.0,0.0,daijy@13f79535-47bb-0310-9956-ffa450edef68,0,0.0,0.0,0.0,0.0,0.0,0.0,0.0,0,0,0.0,false
src/org/apache/pig/builtin/RoundRobinPartitioner.java,7.0,2.0,0.0,1.0,0.0,2.0,0.0,daijy@13f79535-47bb-0310-9956-ffa450edef68,0,0.0,0.0,0.0,0.0,0.0,0.0,0.0,0,0,0.0,false
src/org/apache/pig/builtin/Utf8StorageConverter.java,485.0,25.0,503.0,34.0,132.0,150.0,6.0,daijy@13f79535-47bb-0310-9956-ffa450edef68,1,0.006756756756756757,7.0,0.0,0.0,0.0,728.4878048780488,13682.352791662224,1,1,0.5527898228650229,false
src/org/apache/pig/builtin/VALUELIST.java,66.0,14.0,3.0,3.0,10.0,13.0,4.0,daijy@13f79535-47bb-0310-9956-ffa450edef68,1,0.006756756756756757,40.0,0.0,0.0,0.0,728.4878048780488,13682.352791662224,1,1,0.5527898228650229,false
src/org/apache/pig/builtin/VALUESET.java,74.0,16.0,6.0,4.0,14.0,15.0,4.0,daijy@13f79535-47bb-0310-9956-ffa450edef68,1,0.006756756756756757,40.0,0.0,0.0,0.0,728.4878048780488,13682.352791662224,1,1,0.5527898228650229,false
src/org/apache/pig/builtin/mock/Storage.java,382.0,45.0,194.0,29.0,37.0,74.0,5.0,null,1,0.006756756756756757,10.0,0.0,0.0,0.0,485.36842105263156,5873.78302557833,1,1,0.9946225751440622,true
src/org/apache/pig/impl/builtin/GetMemNumRows.java,32.0,6.0,1.0,3.0,8.0,8.0,2.0,daijy@13f79535-47bb-0310-9956-ffa450edef68,1,0.006756756756756757,67.0,0.0,67.0,0.0,728.4878048780488,13682.352791662224,1,0,0.5527898228650229,false
src/org/apache/pig/impl/io/ReadToEndLoader.java,218.0,24.0,0.0,18.0,30.0,59.0,2.0,daijy@13f79535-47bb-0310-9956-ffa450edef68,1,0.006756756756756757,22.0,0.0,0.0,0.0,728.4878048780488,13682.352791662224,1,1,0.5527898228650229,false
src/org/apache/pig/impl/plan/DependencyOrderWalker.java,55.0,7.0,4.0,5.0,11.0,17.0,0.0,gates@13f79535-47bb-0310-9956-ffa450edef68,0,0.0,0.0,0.0,0.0,0.0,0.0,0.0,0,1,0.0,true
src/org/apache/pig/impl/util/JarManager.java,209.0,35.0,39.0,10.0,67.0,40.0,0.0,daijy@13f79535-47bb-0310-9956-ffa450edef68,0,0.0,0.0,0.0,0.0,0.0,0.0,0.0,0,1,0.0,false
src/org/apache/pig/impl/util/Utils.java,464.0,56.0,770.0,41.0,135.0,146.0,33.0,null,1,0.006756756756756757,3.0,0.0,0.0,0.0,728.4878048780488,13682.352791662224,1,3,0.5527898228650229,false
src/org/apache/pig/impl/util/avro/AvroStorageSchemaConversionUtilities.java,478.0,18.0,91.0,14.0,113.0,76.0,4.0,daijy@13f79535-47bb-0310-9956-ffa450edef68,2,0.013513513513513514,33.0,0.0,17.0,0.0,1213.8562259306805,19556.135817240553,2,0,0.08055901844459723,false
src/org/apache/pig/newplan/logical/expression/DereferenceExpression.java,169.0,10.0,11.0,14.0,38.0,44.0,0.0,daijy@13f79535-47bb-0310-9956-ffa450edef68,0,0.0,0.0,0.0,0.0,0.0,0.0,0.0,0,2,0.0,false
src/org/apache/pig/newplan/logical/expression/ExpToPhyTranslationVisitor.java,347.0,56.0,0.0,30.0,190.0,87.0,33.0,daijy@13f79535-47bb-0310-9956-ffa450edef68,1,0.006756756756756757,7.0,0.0,0.0,0.0,728.4878048780488,13682.352791662224,1,0,0.5527898228650229,false
src/org/apache/pig/newplan/logical/expression/UserFuncExpression.java,297.0,28.0,151.0,22.0,65.0,69.0,33.0,null,1,0.006756756756756757,5.0,0.0,0.0,0.0,728.4878048780488,13682.352791662224,1,0,0.5527898228650229,false
src/org/apache/pig/newplan/logical/optimizer/LogicalPlanOptimizer.java,129.0,30.0,6.0,5.0,18.0,13.0,0.0,daijy@13f79535-47bb-0310-9956-ffa450edef68,0,0.0,0.0,0.0,0.0,0.0,0.0,0.0,0,1,0.0,false
src/org/apache/pig/newplan/logical/relational/LOCogroup.java,237.0,16.0,279.0,27.0,28.0,57.0,0.0,null,0,0.0,0.0,0.0,0.0,0.0,0.0,0.0,0,0,0.0,false
src/org/apache/pig/newplan/logical/relational/LOCube.java,72.0,8.0,62.0,13.0,7.0,27.0,0.0,dvryaboy@13f79535-47bb-0310-9956-ffa450edef68,0,0.0,0.0,0.0,0.0,0.0,0.0,0.0,0,0,0.0,false
src/org/apache/pig/newplan/logical/relational/LORollupHIIForEach.java,143.0,13.0,178.0,21.0,31.0,47.0,0.0,cheolsoo@13f79535-47bb-0310-9956-ffa450edef68,0,0.0,0.0,0.0,0.0,0.0,0.0,0.0,0,0,0.0,false
src/org/apache/pig/newplan/logical/relational/LogToPhyTranslationVisitor.java,1342.0,79.0,0.0,31.0,539.0,158.0,18.0,daijy@13f79535-47bb-0310-9956-ffa450edef68,1,0.006756756756756757,6.0,0.0,0.0,0.0,728.4878048780488,13682.352791662224,1,1,0.5527898228650229,false
src/org/apache/pig/newplan/logical/relational/LogicalPlan.java,146.0,44.0,28.0,8.0,39.0,32.0,0.0,daijy@13f79535-47bb-0310-9956-ffa450edef68,0,0.0,0.0,0.0,0.0,0.0,0.0,0.0,0,1,0.0,false
src/org/apache/pig/newplan/logical/relational/LogicalRelationalNodesVisitor.java,54.0,6.0,210.0,21.0,3.0,45.0,0.0,gates@13f79535-47bb-0310-9956-ffa450edef68,0,0.0,0.0,0.0,0.0,0.0,0.0,0.0,0,0,0.0,false
src/org/apache/pig/newplan/logical/relational/MapSideMergeValidator.java,59.0,8.0,6.0,4.0,16.0,22.0,5.0,daijy@13f79535-47bb-0310-9956-ffa450edef68,1,0.006756756756756757,67.0,0.0,0.0,0.0,728.4878048780488,13682.352791662224,1,0,0.5527898228650229,false
src/org/apache/pig/newplan/logical/rules/OptimizerUtils.java,65.0,11.0,10.0,5.0,13.0,22.0,0.0,thejas@13f79535-47bb-0310-9956-ffa450edef68,0,0.0,0.0,0.0,0.0,0.0,0.0,0.0,0,0,0.0,false
src/org/apache/pig/newplan/logical/rules/PartitionFilterOptimizer.java,118.0,27.0,3.0,3.0,1.0,6.0,3.0,null,1,0.006756756756756757,12.0,0.0,12.0,0.0,485.36842105263156,5873.78302557833,1,1,0.9946225751440622,false
src/org/apache/pig/newplan/logical/rules/PredicatePushdownOptimizer.java,104.0,26.0,3.0,3.0,1.0,6.0,3.0,daijy@13f79535-47bb-0310-9956-ffa450edef68,1,0.006756756756756757,33.0,0.0,33.0,0.0,485.36842105263156,5873.78302557833,1,0,0.9946225751440622,false
src/org/apache/pig/newplan/logical/rules/RollupHIIOptimizer.java,235.0,29.0,3.0,3.0,2.0,7.0,0.0,cheolsoo@13f79535-47bb-0310-9956-ffa450edef68,0,0.0,0.0,0.0,0.0,0.0,0.0,0.0,0,0,0.0,false
src/org/apache/pig/parser/DryRunGruntParser.java,250.0,16.0,0.0,35.0,53.0,84.0,0.0,rding@13f79535-47bb-0310-9956-ffa450edef68,0,0.0,0.0,0.0,0.0,0.0,0.0,0.0,0,1,0.0,false
src/org/apache/pig/parser/LogicalPlanBuilder.java,1341.0,83.0,2496.0,105.0,398.0,359.0,0.0,null,0,0.0,0.0,0.0,0.0,0.0,0.0,0.0,0,5,0.0,false
src/org/apache/pig/tools/grunt/GruntParser.java,1048.0,59.0,345.0,62.0,334.0,232.0,0.0,daijy@13f79535-47bb-0310-9956-ffa450edef68,0,0.0,0.0,0.0,0.0,0.0,0.0,0.0,0,3,0.0,false
src/org/apache/pig/tools/parameters/PreprocessorContext.java,261.0,18.0,38.0,13.0,51.0,52.0,0.0,daijy@13f79535-47bb-0310-9956-ffa450edef68,0,0.0,0.0,0.0,0.0,0.0,0.0,0.0,0,4,0.0,false
src/org/apache/pig/tools/pigstats/tez/TezDAGStats.java,234.0,34.0,307.0,27.0,52.0,58.0,4.0,rohini@13f79535-47bb-0310-9956-ffa450edef68,1,0.006756756756756757,33.0,0.0,0.0,0.0,485.36842105263156,5873.78302557833,1,0,0.9946225751440622,true
src/org/apache/pig/tools/pigstats/tez/TezScriptState.java,269.0,29.0,67.0,14.0,59.0,37.0,0.0,daijy@13f79535-47bb-0310-9956-ffa450edef68,0,0.0,0.0,0.0,0.0,0.0,0.0,0.0,0,0,0.0,false
src/org/apache/pig/tools/pigstats/tez/TezVertexStats.java,242.0,31.0,356.0,29.0,44.0,76.0,0.0,daijy@13f79535-47bb-0310-9956-ffa450edef68,0,0.0,0.0,0.0,0.0,0.0,0.0,0.0,0,0,0.0,false
test/e2e/pig/udfs/java/org/apache/pig/test/udf/evalfunc/ENCODE.java,13.0,6.0,0.0,1.0,6.0,5.0,0.0,daijy@13f79535-47bb-0310-9956-ffa450edef68,0,0.0,0.0,0.0,0.0,0.0,0.0,0.0,0,0,0.0,false
test/org/apache/pig/TestLoadStoreFuncLifeCycle.java,247.0,19.0,4.0,4.0,35.0,20.0,0.0,daijy@13f79535-47bb-0310-9956-ffa450edef68,0,0.0,0.0,0.0,0.0,0.0,0.0,0.0,0,0,0.0,false
test/org/apache/pig/TestMain.java,93.0,20.0,4.0,4.0,53.0,11.0,3.0,daijy@13f79535-47bb-0310-9956-ffa450edef68,1,0.006756756756756757,17.0,0.0,0.0,0.0,728.4878048780488,13682.352791662224,1,3,0.5527898228650229,false
test/org/apache/pig/builtin/TestAvroStorage.java,546.0,48.0,0.0,53.0,247.0,168.0,3.0,daijy@13f79535-47bb-0310-9956-ffa450edef68,1,0.006756756756756757,21.0,0.0,0.0,0.0,728.4878048780488,13682.352791662224,1,5,0.5527898228650229,true
test/org/apache/pig/builtin/TestOrcStorage.java,282.0,51.0,0.0,16.0,120.0,53.0,0.0,daijy@13f79535-47bb-0310-9956-ffa450edef68,0,0.0,0.0,0.0,0.0,0.0,0.0,0.0,0,2,0.0,true
test/org/apache/pig/builtin/TestOrcStoragePushdown.java,251.0,41.0,80.0,24.0,127.0,60.0,0.0,daijy@13f79535-47bb-0310-9956-ffa450edef68,0,0.0,0.0,0.0,0.0,0.0,0.0,0.0,0,1,0.0,true
test/org/apache/pig/builtin/TestPluckTuple.java,31.0,14.0,0.0,4.0,20.0,12.0,4.0,daijy@13f79535-47bb-0310-9956-ffa450edef68,1,0.006756756756756757,14.0,14.0,0.0,0.0,26.0,17.5785042440527,1,1,3.1918471524802814,true
test/org/apache/pig/builtin/TestUtf8StorageConverter.java,20.0,12.0,0.0,1.0,6.0,2.0,1.0,daijy@13f79535-47bb-0310-9956-ffa450edef68,1,0.006756756756756757,100.0,0.0,0.0,0.0,728.4878048780488,13682.352791662224,1,0,0.5527898228650229,false
test/org/apache/pig/builtin/mock/TestMockStorage.java,82.0,17.0,10.0,5.0,47.0,18.0,0.0,daijy@13f79535-47bb-0310-9956-ffa450edef68,0,0.0,0.0,0.0,0.0,0.0,0.0,0.0,0,0,0.0,true
test/org/apache/pig/impl/builtin/TestStreamingUDF.java,156.0,22.0,0.0,10.0,66.0,28.0,5.0,daijy@13f79535-47bb-0310-9956-ffa450edef68,1,0.006756756756756757,14.0,0.0,0.0,0.0,728.4878048780488,13682.352791662224,1,2,0.5527898228650229,true
test/org/apache/pig/impl/util/avro/TestAvroStorageSchemaConversionUtilities.java,14.0,6.0,1.0,3.0,7.0,7.0,4.0,daijy@13f79535-47bb-0310-9956-ffa450edef68,1,0.006756756756756757,100.0,0.0,0.0,0.0,728.4878048780488,13682.352791662224,1,0,0.5527898228650229,false
test/org/apache/pig/newplan/logical/optimizer/TestImplicitSplitOnTuple.java,30.0,9.0,0.0,1.0,9.0,3.0,22.0,daijy@13f79535-47bb-0310-9956-ffa450edef68,1,0.006756756756756757,25.0,0.0,0.0,0.0,728.4878048780488,13682.352791662224,1,0,0.5527898228650229,true
test/org/apache/pig/newplan/logical/optimizer/TestSchemaResetter.java,21.0,13.0,1.0,2.0,15.0,4.0,0.0,daijy@13f79535-47bb-0310-9956-ffa450edef68,0,0.0,0.0,0.0,0.0,0.0,0.0,0.0,0,1,0.0,true
test/org/apache/pig/newplan/logical/relational/TestLocationInPhysicalPlan.java,26.0,9.0,0.0,1.0,24.0,4.0,0.0,daijy@13f79535-47bb-0310-9956-ffa450edef68,0,0.0,0.0,0.0,0.0,0.0,0.0,0.0,0,1,0.0,true
test/org/apache/pig/parser/TestColumnAliasConversion.java,117.0,14.0,153.0,18.0,46.0,68.0,0.0,thejas@13f79535-47bb-0310-9956-ffa450edef68,0,0.0,0.0,0.0,0.0,0.0,0.0,0.0,0,2,0.0,false
test/org/apache/pig/parser/TestLogicalPlanGenerator.java,290.0,20.0,2137.0,66.0,89.0,175.0,0.0,null,0,0.0,0.0,0.0,0.0,0.0,0.0,0.0,0,7,0.0,true
test/org/apache/pig/pigunit/PigTest.java,315.0,34.0,517.0,35.0,109.0,90.0,0.0,daijy@13f79535-47bb-0310-9956-ffa450edef68,0,0.0,0.0,0.0,0.0,0.0,0.0,0.0,0,1,0.0,false
test/org/apache/pig/test/MiniGenericCluster.java,112.0,8.0,75.0,15.0,21.0,34.0,0.0,daijy@13f79535-47bb-0310-9956-ffa450edef68,0,0.0,0.0,0.0,0.0,0.0,0.0,0.0,0,0,0.0,false
test/org/apache/pig/test/TestAlgebraicEvalLocal.java,233.0,13.0,0.0,8.0,103.0,36.0,0.0,daijy@13f79535-47bb-0310-9956-ffa450edef68,0,0.0,0.0,0.0,0.0,0.0,0.0,0.0,0,2,0.0,true
test/org/apache/pig/test/TestAssert.java,92.0,12.0,10.0,5.0,47.0,20.0,0.0,daijy@13f79535-47bb-0310-9956-ffa450edef68,0,0.0,0.0,0.0,0.0,0.0,0.0,0.0,0,2,0.0,true
test/org/apache/pig/test/TestAutoLocalMode.java,90.0,20.0,4.0,8.0,47.0,23.0,0.0,daijy@13f79535-47bb-0310-9956-ffa450edef68,0,0.0,0.0,0.0,0.0,0.0,0.0,0.0,0,1,0.0,false
test/org/apache/pig/test/TestBatchAliases.java,37.0,11.0,0.0,4.0,14.0,10.0,0.0,daijy@13f79535-47bb-0310-9956-ffa450edef68,0,0.0,0.0,0.0,0.0,0.0,0.0,0.0,0,2,0.0,true
test/org/apache/pig/test/TestBlackAndWhitelistValidator.java,272.0,30.0,0.0,20.0,141.0,59.0,0.0,daijy@13f79535-47bb-0310-9956-ffa450edef68,0,0.0,0.0,0.0,0.0,0.0,0.0,0.0,0,2,0.0,true
test/org/apache/pig/test/TestBuiltInBagToTupleOrString.java,367.0,17.0,168.0,25.0,159.0,55.0,0.0,daijy@13f79535-47bb-0310-9956-ffa450edef68,0,0.0,0.0,0.0,0.0,0.0,0.0,0.0,0,0,0.0,true
test/org/apache/pig/test/TestBuiltin.java,2538.0,114.0,2319.0,79.0,627.0,276.0,3.0,null,1,0.006756756756756757,6.0,2.0,0.0,0.0,728.4878048780488,13682.352791662224,1,6,0.5527898228650229,true
test/org/apache/pig/test/TestBuiltinInvoker.java,83.0,17.0,0.0,7.0,43.0,20.0,0.0,daijy@13f79535-47bb-0310-9956-ffa450edef68,0,0.0,0.0,0.0,0.0,0.0,0.0,0.0,0,0,0.0,true
test/org/apache/pig/test/TestCase.java,177.0,11.0,45.0,10.0,73.0,42.0,0.0,cheolsoo@13f79535-47bb-0310-9956-ffa450edef68,0,0.0,0.0,0.0,0.0,0.0,0.0,0.0,0,0,0.0,true
test/org/apache/pig/test/TestCommit.java,79.0,10.0,0.0,3.0,29.0,15.0,0.0,daijy@13f79535-47bb-0310-9956-ffa450edef68,0,0.0,0.0,0.0,0.0,0.0,0.0,0.0,0,1,0.0,true
test/org/apache/pig/test/TestConversions.java,297.0,23.0,0.0,23.0,179.0,57.0,0.0,daijy@13f79535-47bb-0310-9956-ffa450edef68,0,0.0,0.0,0.0,0.0,0.0,0.0,0.0,0,1,0.0,false
test/org/apache/pig/test/TestCubeOperator.java,231.0,25.0,0.0,27.0,161.0,79.0,0.0,dvryaboy@13f79535-47bb-0310-9956-ffa450edef68,0,0.0,0.0,0.0,0.0,0.0,0.0,0.0,0,0,0.0,false
test/org/apache/pig/test/TestDataBagAccess.java,208.0,22.0,0.0,8.0,81.0,29.0,0.0,thejas@13f79535-47bb-0310-9956-ffa450edef68,0,0.0,0.0,0.0,0.0,0.0,0.0,0.0,0,5,0.0,true
test/org/apache/pig/test/TestDefaultDateTimeZone.java,73.0,17.0,3.0,6.0,42.0,19.0,0.0,daijy@13f79535-47bb-0310-9956-ffa450edef68,0,0.0,0.0,0.0,0.0,0.0,0.0,0.0,0,1,0.0,false
test/org/apache/pig/test/TestEvalPipelineLocal.java,855.0,43.0,0.0,37.0,442.0,129.0,4.0,daijy@13f79535-47bb-0310-9956-ffa450edef68,1,0.006756756756756757,4.0,0.0,0.0,0.0,728.4878048780488,13682.352791662224,1,4,0.5527898228650229,false
test/org/apache/pig/test/TestFetch.java,123.0,35.0,0.0,10.0,79.0,36.0,0.0,cheolsoo@13f79535-47bb-0310-9956-ffa450edef68,0,0.0,0.0,0.0,0.0,0.0,0.0,0.0,0,0,0.0,false
test/org/apache/pig/test/TestFilterOpNumeric.java,211.0,14.0,0.0,9.0,143.0,49.0,0.0,daijy@13f79535-47bb-0310-9956-ffa450edef68,0,0.0,0.0,0.0,0.0,0.0,0.0,0.0,0,1,0.0,true
test/org/apache/pig/test/TestFilterOpString.java,217.0,15.0,0.0,7.0,108.0,39.0,0.0,daijy@13f79535-47bb-0310-9956-ffa450edef68,0,0.0,0.0,0.0,0.0,0.0,0.0,0.0,0,1,0.0,true
test/org/apache/pig/test/TestForEachNestedPlan.java,191.0,18.0,0.0,9.0,84.0,36.0,0.0,daijy@13f79535-47bb-0310-9956-ffa450edef68,0,0.0,0.0,0.0,0.0,0.0,0.0,0.0,0,0,0.0,false
test/org/apache/pig/test/TestForEachNestedPlanLocal.java,154.0,13.0,6.0,9.0,64.0,37.0,0.0,daijy@13f79535-47bb-0310-9956-ffa450edef68,0,0.0,0.0,0.0,0.0,0.0,0.0,0.0,0,3,0.0,true
test/org/apache/pig/test/TestForEachStar.java,31.0,12.0,4.0,5.0,16.0,13.0,0.0,thejas@13f79535-47bb-0310-9956-ffa450edef68,0,0.0,0.0,0.0,0.0,0.0,0.0,0.0,0,0,0.0,true
test/org/apache/pig/test/TestHBaseStorage.java,1035.0,37.0,0.0,44.0,483.0,139.0,0.0,null,0,0.0,0.0,0.0,0.0,0.0,0.0,0.0,0,6,0.0,false
test/org/apache/pig/test/TestIn.java,90.0,11.0,10.0,5.0,39.0,15.0,0.0,daijy@13f79535-47bb-0310-9956-ffa450edef68,0,0.0,0.0,0.0,0.0,0.0,0.0,0.0,0,0,0.0,true
test/org/apache/pig/test/TestInfixArithmetic.java,134.0,15.0,0.0,6.0,80.0,36.0,0.0,daijy@13f79535-47bb-0310-9956-ffa450edef68,0,0.0,0.0,0.0,0.0,0.0,0.0,0.0,0,1,0.0,true
test/org/apache/pig/test/TestInputOutputFileValidator.java,106.0,30.0,16.0,8.0,47.0,23.0,0.0,daijy@13f79535-47bb-0310-9956-ffa450edef68,0,0.0,0.0,0.0,0.0,0.0,0.0,0.0,0,1,0.0,true
test/org/apache/pig/test/TestJobControlCompiler.java,246.0,55.0,66.0,13.0,118.0,46.0,0.0,null,0,0.0,0.0,0.0,0.0,0.0,0.0,0.0,0,2,0.0,false
test/org/apache/pig/test/TestJoin.java,33.0,8.0,0.0,5.0,11.0,13.0,0.0,null,0,0.0,0.0,0.0,0.0,0.0,0.0,0.0,0,2,0.0,false
test/org/apache/pig/test/TestJoinBase.java,222.0,16.0,0.0,10.0,84.0,37.0,0.0,daijy@13f79535-47bb-0310-9956-ffa450edef68,0,0.0,0.0,0.0,0.0,0.0,0.0,0.0,0,0,0.0,false
test/org/apache/pig/test/TestJoinLocal.java,143.0,23.0,78.0,13.0,87.0,40.0,0.0,daijy@13f79535-47bb-0310-9956-ffa450edef68,0,0.0,0.0,0.0,0.0,0.0,0.0,0.0,0,0,0.0,false
test/org/apache/pig/test/TestJsonLoaderStorage.java,244.0,27.0,25.0,15.0,109.0,45.0,0.0,daijy@13f79535-47bb-0310-9956-ffa450edef68,0,0.0,0.0,0.0,0.0,0.0,0.0,0.0,0,5,0.0,true
test/org/apache/pig/test/TestLOLoadDeterminedSchema.java,47.0,17.0,0.0,3.0,23.0,9.0,0.0,daijy@13f79535-47bb-0310-9956-ffa450edef68,0,0.0,0.0,0.0,0.0,0.0,0.0,0.0,0,1,0.0,true
test/org/apache/pig/test/TestLimitSchemaStore.java,20.0,7.0,0.0,2.0,9.0,5.0,0.0,thejas@13f79535-47bb-0310-9956-ffa450edef68,0,0.0,0.0,0.0,0.0,0.0,0.0,0.0,0,1,0.0,true
test/org/apache/pig/test/TestLoad.java,188.0,40.0,0.0,20.0,92.0,58.0,0.0,null,0,0.0,0.0,0.0,0.0,0.0,0.0,0.0,0,1,0.0,true
test/org/apache/pig/test/TestLocal.java,303.0,26.0,49.0,15.0,126.0,59.0,0.0,daijy@13f79535-47bb-0310-9956-ffa450edef68,0,0.0,0.0,0.0,0.0,0.0,0.0,0.0,0,2,0.0,true
test/org/apache/pig/test/TestLocal2.java,167.0,17.0,0.0,11.0,85.0,36.0,0.0,daijy@13f79535-47bb-0310-9956-ffa450edef68,0,0.0,0.0,0.0,0.0,0.0,0.0,0.0,0,2,0.0,true
test/org/apache/pig/test/TestMacroExpansion.java,789.0,28.0,7917.0,127.0,207.0,431.0,0.0,rding@13f79535-47bb-0310-9956-ffa450edef68,0,0.0,0.0,0.0,0.0,0.0,0.0,0.0,0,7,0.0,true
test/org/apache/pig/test/TestMergeJoin.java,561.0,29.0,0.0,30.0,219.0,88.0,3.0,null,2,0.013513513513513514,27.0,0.0,9.0,0.0,1213.8562259306805,19556.135817240553,2,0,0.06355323866322315,false
test/org/apache/pig/test/TestMultiQuery.java,289.0,19.0,0.0,17.0,120.0,55.0,6.0,null,1,0.006756756756756757,14.0,0.0,0.0,0.0,485.36842105263156,5873.78302557833,1,0,0.9946225751440622,false
test/org/apache/pig/test/TestMultiQueryBasic.java,413.0,36.0,0.0,22.0,145.0,69.0,0.0,null,0,0.0,0.0,0.0,0.0,0.0,0.0,0.0,0,1,0.0,false
test/org/apache/pig/test/TestMultiQueryLocal.java,493.0,42.0,0.0,25.0,195.0,68.0,46.0,daijy@13f79535-47bb-0310-9956-ffa450edef68,1,0.006756756756756757,5.0,0.0,0.0,0.0,485.36842105263156,5873.78302557833,1,2,0.9946225751440622,true
test/org/apache/pig/test/TestNestedForeach.java,86.0,10.0,0.0,10.0,46.0,28.0,0.0,daijy@13f79535-47bb-0310-9956-ffa450edef68,0,0.0,0.0,0.0,0.0,0.0,0.0,0.0,0,2,0.0,false
test/org/apache/pig/test/TestNewPlanColumnPrune.java,204.0,27.0,34.0,9.0,44.0,31.0,0.0,cheolsoo@13f79535-47bb-0310-9956-ffa450edef68,0,0.0,0.0,0.0,0.0,0.0,0.0,0.0,0,1,0.0,false
test/org/apache/pig/test/TestNullConstant.java,105.0,15.0,0.0,9.0,64.0,28.0,0.0,thejas@13f79535-47bb-0310-9956-ffa450edef68,0,0.0,0.0,0.0,0.0,0.0,0.0,0.0,0,1,0.0,true
test/org/apache/pig/test/TestOrderBy3.java,69.0,18.0,15.0,7.0,28.0,19.0,0.0,daijy@13f79535-47bb-0310-9956-ffa450edef68,0,0.0,0.0,0.0,0.0,0.0,0.0,0.0,0,0,0.0,true
test/org/apache/pig/test/TestPONegative.java,233.0,19.0,0.0,9.0,113.0,36.0,0.0,daijy@13f79535-47bb-0310-9956-ffa450edef68,0,0.0,0.0,0.0,0.0,0.0,0.0,0.0,0,2,0.0,true
test/org/apache/pig/test/TestPOPartialAggPlan.java,63.0,14.0,6.0,9.0,45.0,24.0,0.0,null,0,0.0,0.0,0.0,0.0,0.0,0.0,0.0,0,0,0.0,false
test/org/apache/pig/test/TestPOPartialAggPlanMR.java,40.0,8.0,15.0,6.0,39.0,14.0,0.0,daijy@13f79535-47bb-0310-9956-ffa450edef68,0,0.0,0.0,0.0,0.0,0.0,0.0,0.0,0,0,0.0,false
test/org/apache/pig/test/TestParamSubPreproc.java,943.0,23.0,0.0,39.0,245.0,205.0,0.0,daijy@13f79535-47bb-0310-9956-ffa450edef68,0,0.0,0.0,0.0,0.0,0.0,0.0,0.0,0,4,0.0,false
test/org/apache/pig/test/TestParser.java,104.0,22.0,0.0,7.0,50.0,22.0,0.0,daijy@13f79535-47bb-0310-9956-ffa450edef68,0,0.0,0.0,0.0,0.0,0.0,0.0,0.0,0,1,0.0,true
test/org/apache/pig/test/TestPigContext.java,151.0,27.0,52.0,13.0,76.0,30.0,0.0,daijy@13f79535-47bb-0310-9956-ffa450edef68,0,0.0,0.0,0.0,0.0,0.0,0.0,0.0,0,3,0.0,true
test/org/apache/pig/test/TestPigRunner.java,850.0,39.0,0.0,34.0,386.0,133.0,0.0,daijy@13f79535-47bb-0310-9956-ffa450edef68,0,0.0,0.0,0.0,0.0,0.0,0.0,0.0,0,4,0.0,false
test/org/apache/pig/test/TestPigServer.java,522.0,48.0,0.0,41.0,263.0,111.0,0.0,daijy@13f79535-47bb-0310-9956-ffa450edef68,0,0.0,0.0,0.0,0.0,0.0,0.0,0.0,0,5,0.0,false
test/org/apache/pig/test/TestPigServerLocal.java,215.0,36.0,43.0,10.0,87.0,31.0,0.0,daijy@13f79535-47bb-0310-9956-ffa450edef68,0,0.0,0.0,0.0,0.0,0.0,0.0,0.0,0,0,0.0,false
test/org/apache/pig/test/TestPigServerWithMacros.java,39.0,17.0,1.0,2.0,31.0,7.0,0.0,daijy@13f79535-47bb-0310-9956-ffa450edef68,0,0.0,0.0,0.0,0.0,0.0,0.0,0.0,0,0,0.0,false
test/org/apache/pig/test/TestPigServerWithMacrosRemote.java,27.0,13.0,1.0,3.0,21.0,8.0,0.0,daijy@13f79535-47bb-0310-9956-ffa450edef68,0,0.0,0.0,0.0,0.0,0.0,0.0,0.0,0,0,0.0,false
test/org/apache/pig/test/TestPigSplit.java,117.0,14.0,0.0,8.0,43.0,28.0,0.0,daijy@13f79535-47bb-0310-9956-ffa450edef68,0,0.0,0.0,0.0,0.0,0.0,0.0,0.0,0,0,0.0,true
test/org/apache/pig/test/TestPigStats.java,115.0,20.0,39.0,10.0,58.0,30.0,6.0,null,1,0.006756756756756757,10.0,0.0,10.0,0.0,485.36842105263156,5873.78302557833,1,0,0.9946225751440622,false
test/org/apache/pig/test/TestPigStatsMR.java,58.0,21.0,15.0,6.0,44.0,14.0,6.0,daijy@13f79535-47bb-0310-9956-ffa450edef68,1,0.006756756756756757,50.0,0.0,50.0,0.0,485.36842105263156,5873.78302557833,1,0,0.9946225751440622,false
test/org/apache/pig/test/TestPigStorage.java,394.0,41.0,0.0,26.0,191.0,78.0,0.0,daijy@13f79535-47bb-0310-9956-ffa450edef68,0,0.0,0.0,0.0,0.0,0.0,0.0,0.0,0,7,0.0,true
test/org/apache/pig/test/TestPoissonSampleLoader.java,41.0,13.0,2.0,5.0,15.0,13.0,0.0,daijy@13f79535-47bb-0310-9956-ffa450edef68,0,0.0,0.0,0.0,0.0,0.0,0.0,0.0,0,1,0.0,true
test/org/apache/pig/test/TestPredeployedJar.java,41.0,18.0,1.0,2.0,24.0,4.0,0.0,daijy@13f79535-47bb-0310-9956-ffa450edef68,0,0.0,0.0,0.0,0.0,0.0,0.0,0.0,0,0,0.0,false
test/org/apache/pig/test/TestProject.java,246.0,19.0,6.0,13.0,109.0,60.0,0.0,daijy@13f79535-47bb-0310-9956-ffa450edef68,0,0.0,0.0,0.0,0.0,0.0,0.0,0.0,0,0,0.0,true
test/org/apache/pig/test/TestProjectStarExpander.java,52.0,17.0,3.0,6.0,20.0,16.0,0.0,thejas@13f79535-47bb-0310-9956-ffa450edef68,0,0.0,0.0,0.0,0.0,0.0,0.0,0.0,0,0,0.0,true
test/org/apache/pig/test/TestPruneColumn.java,1474.0,45.0,0.0,76.0,933.0,237.0,0.0,daijy@13f79535-47bb-0310-9956-ffa450edef68,0,0.0,0.0,0.0,0.0,0.0,0.0,0.0,0,4,0.0,false
test/org/apache/pig/test/TestRank1.java,80.0,17.0,0.0,11.0,58.0,33.0,5.0,daijy@13f79535-47bb-0310-9956-ffa450edef68,2,0.013513513513513514,50.0,0.0,0.0,0.0,754.4878048780488,13727.24444870288,2,0,1.1621655273313327,true
test/org/apache/pig/test/TestRank2.java,50.0,17.0,0.0,6.0,33.0,18.0,5.0,daijy@13f79535-47bb-0310-9956-ffa450edef68,2,0.013513513513513514,50.0,0.0,0.0,0.0,754.4878048780488,13727.24444870288,2,0,1.1621655273313327,true
test/org/apache/pig/test/TestRank3.java,60.0,19.0,1.0,7.0,31.0,20.0,5.0,daijy@13f79535-47bb-0310-9956-ffa450edef68,2,0.013513513513513514,38.0,0.0,0.0,0.0,754.4878048780488,13727.24444870288,2,1,1.1621655273313327,false
test/org/apache/pig/test/TestReadToEndLoader.java,15.0,10.0,0.0,1.0,13.0,3.0,3.0,daijy@13f79535-47bb-0310-9956-ffa450edef68,1,0.006756756756756757,100.0,0.0,0.0,0.0,728.4878048780488,13682.352791662224,1,0,0.5527898228650229,false
test/org/apache/pig/test/TestRegisteredJarVisibility.java,112.0,39.0,25.0,10.0,61.0,23.0,8.0,daijy@13f79535-47bb-0310-9956-ffa450edef68,1,0.006756756756756757,8.0,0.0,0.0,0.0,485.36842105263156,5873.78302557833,1,3,0.9946225751440622,true
test/org/apache/pig/test/TestRelationToExprProject.java,129.0,19.0,0.0,7.0,70.0,29.0,0.0,daijy@13f79535-47bb-0310-9956-ffa450edef68,0,0.0,0.0,0.0,0.0,0.0,0.0,0.0,0,0,0.0,true
test/org/apache/pig/test/TestScalarAliases.java,56.0,11.0,4.0,5.0,32.0,15.0,0.0,thejas@13f79535-47bb-0310-9956-ffa450edef68,0,0.0,0.0,0.0,0.0,0.0,0.0,0.0,0,1,0.0,false
test/org/apache/pig/test/TestScalarAliasesLocal.java,287.0,13.0,0.0,14.0,111.0,43.0,3.0,daijy@13f79535-47bb-0310-9956-ffa450edef68,1,0.006756756756756757,50.0,0.0,0.0,0.0,485.36842105263156,5873.78302557833,1,0,0.9946225751440622,false
test/org/apache/pig/test/TestSchema.java,551.0,23.0,465.0,31.0,153.0,72.0,0.0,daijy@13f79535-47bb-0310-9956-ffa450edef68,0,0.0,0.0,0.0,0.0,0.0,0.0,0.0,0,3,0.0,false
test/org/apache/pig/test/TestScriptingLanguagePython.java,23.0,9.0,0.0,1.0,18.0,5.0,0.0,daijy@13f79535-47bb-0310-9956-ffa450edef68,0,0.0,0.0,0.0,0.0,0.0,0.0,0.0,0,1,0.0,true
test/org/apache/pig/test/TestSplit.java,45.0,10.0,0.0,6.0,24.0,19.0,0.0,thejas@13f79535-47bb-0310-9956-ffa450edef68,0,0.0,0.0,0.0,0.0,0.0,0.0,0.0,0,1,0.0,true
test/org/apache/pig/test/TestSplitIndex.java,52.0,16.0,0.0,3.0,27.0,9.0,0.0,daijy@13f79535-47bb-0310-9956-ffa450edef68,0,0.0,0.0,0.0,0.0,0.0,0.0,0.0,0,1,0.0,true
test/org/apache/pig/test/TestStore.java,381.0,61.0,166.0,21.0,140.0,55.0,0.0,daijy@13f79535-47bb-0310-9956-ffa450edef68,0,0.0,0.0,0.0,0.0,0.0,0.0,0.0,0,6,0.0,false
test/org/apache/pig/test/TestStoreBase.java,227.0,23.0,0.0,9.0,92.0,39.0,0.0,daijy@13f79535-47bb-0310-9956-ffa450edef68,0,0.0,0.0,0.0,0.0,0.0,0.0,0.0,0,0,0.0,false
test/org/apache/pig/test/TestStoreInstances.java,102.0,27.0,4.0,5.0,20.0,15.0,0.0,daijy@13f79535-47bb-0310-9956-ffa450edef68,0,0.0,0.0,0.0,0.0,0.0,0.0,0.0,0,0,0.0,true
test/org/apache/pig/test/TestStoreLocal.java,10.0,3.0,1.0,2.0,2.0,5.0,0.0,daijy@13f79535-47bb-0310-9956-ffa450edef68,0,0.0,0.0,0.0,0.0,0.0,0.0,0.0,0,0,0.0,false
test/org/apache/pig/test/TestStreaming.java,390.0,22.0,0.0,19.0,208.0,69.0,8.0,daijy@13f79535-47bb-0310-9956-ffa450edef68,1,0.006756756756756757,8.0,0.0,0.0,0.0,485.36842105263156,5873.78302557833,1,4,0.9946225751440622,false
test/org/apache/pig/test/TestStreamingLocal.java,205.0,13.0,0.0,11.0,83.0,43.0,0.0,daijy@13f79535-47bb-0310-9956-ffa450edef68,0,0.0,0.0,0.0,0.0,0.0,0.0,0.0,0,1,0.0,true
test/org/apache/pig/test/TestTypedMap.java,215.0,17.0,0.0,10.0,129.0,30.0,0.0,daijy@13f79535-47bb-0310-9956-ffa450edef68,0,0.0,0.0,0.0,0.0,0.0,0.0,0.0,0,0,0.0,true
test/org/apache/pig/test/TestUDF.java,232.0,26.0,66.0,13.0,81.0,34.0,0.0,daijy@13f79535-47bb-0310-9956-ffa450edef68,0,0.0,0.0,0.0,0.0,0.0,0.0,0.0,0,2,0.0,true
test/org/apache/pig/test/TestUDFContext.java,44.0,12.0,1.0,2.0,25.0,9.0,0.0,daijy@13f79535-47bb-0310-9956-ffa450edef68,0,0.0,0.0,0.0,0.0,0.0,0.0,0.0,0,1,0.0,true
test/org/apache/pig/test/TestUDFGroovy.java,275.0,39.0,21.0,7.0,98.0,25.0,0.0,daijy@13f79535-47bb-0310-9956-ffa450edef68,0,0.0,0.0,0.0,0.0,0.0,0.0,0.0,0,0,0.0,true
test/org/apache/pig/test/TestUDFWithoutParameter.java,27.0,10.0,0.0,3.0,12.0,8.0,0.0,daijy@13f79535-47bb-0310-9956-ffa450edef68,0,0.0,0.0,0.0,0.0,0.0,0.0,0.0,0,0,0.0,true
test/org/apache/pig/test/TestUTF8.java,53.0,18.0,0.0,5.0,40.0,11.0,0.0,daijy@13f79535-47bb-0310-9956-ffa450edef68,0,0.0,0.0,0.0,0.0,0.0,0.0,0.0,0,2,0.0,true
test/org/apache/pig/test/TestUnion.java,196.0,32.0,28.0,9.0,93.0,38.0,0.0,daijy@13f79535-47bb-0310-9956-ffa450edef68,0,0.0,0.0,0.0,0.0,0.0,0.0,0.0,0,3,0.0,true
test/org/apache/pig/test/TestUnionOnSchema.java,419.0,27.0,0.0,29.0,153.0,78.0,0.0,thejas@13f79535-47bb-0310-9956-ffa450edef68,0,0.0,0.0,0.0,0.0,0.0,0.0,0.0,0,1,0.0,false
test/org/apache/pig/test/Util.java,1022.0,88.0,4677.0,98.0,346.0,327.0,15.0,daijy@13f79535-47bb-0310-9956-ffa450edef68,2,0.013513513513513514,4.0,0.0,0.0,0.0,1213.8562259306805,19556.135817240553,2,9,0.08055901844459723,true
test/org/apache/pig/test/pigunit/TestPigTest.java,196.0,25.0,0.0,23.0,50.0,53.0,2.0,daijy@13f79535-47bb-0310-9956-ffa450edef68,1,0.006756756756756757,11.0,0.0,0.0,0.0,728.4878048780488,13682.352791662224,1,1,0.5527898228650229,false
test/org/apache/pig/test/pigunit/pig/TestGruntParser.java,41.0,10.0,0.0,6.0,19.0,13.0,0.0,daijy@13f79535-47bb-0310-9956-ffa450edef68,0,0.0,0.0,0.0,0.0,0.0,0.0,0.0,0,1,0.0,true
test/org/apache/pig/tez/TestPOPartialAggPlanTez.java,48.0,11.0,15.0,6.0,38.0,16.0,0.0,daijy@13f79535-47bb-0310-9956-ffa450edef68,0,0.0,0.0,0.0,0.0,0.0,0.0,0.0,0,0,0.0,false
test/org/apache/pig/tez/TestPigStatsTez.java,46.0,16.0,6.0,4.0,24.0,10.0,0.0,daijy@13f79535-47bb-0310-9956-ffa450edef68,0,0.0,0.0,0.0,0.0,0.0,0.0,0.0,0,0,0.0,false
test/org/apache/pig/tez/TestTezAutoParallelism.java,180.0,29.0,38.0,17.0,90.0,54.0,8.0,daijy@13f79535-47bb-0310-9956-ffa450edef68,2,0.013513513513513514,50.0,0.0,20.0,0.0,1213.8562259306805,19556.135817240553,2,3,0.14487780722319,false
test/org/apache/pig/tez/TestTezJobControlCompiler.java,144.0,45.0,12.0,12.0,102.0,32.0,22.0,daijy@13f79535-47bb-0310-9956-ffa450edef68,1,0.006756756756756757,10.0,0.0,0.0,0.0,728.4878048780488,13682.352791662224,1,2,0.5527898228650229,true
test/org/apache/pig/tez/TezUtil.java,14.0,7.0,1.0,2.0,6.0,6.0,0.0,daijy@13f79535-47bb-0310-9956-ffa450edef68,0,0.0,0.0,0.0,0.0,0.0,0.0,0.0,0,0,0.0,false
test/org/apache/pig/tools/grunt/TestGruntParser.java,25.0,11.0,0.0,2.0,10.0,7.0,0.0,daijy@13f79535-47bb-0310-9956-ffa450edef68,0,0.0,0.0,0.0,0.0,0.0,0.0,0.0,0,0,0.0,true
