name,LOC,CBO,LCOM,NOM,RFC,WMC,ACS,Ownership,numOfChanges,numberOfFIChanges,ENH,NF,BugFixing,REF,structuralWorkloadSum,semanticWorkloadSum,numberOfDeveloper,pastFaults,MAF,isBuggy
contrib/piggybank/java/src/main/java/org/apache/pig/piggybank/evaluation/IsInt.java,24.0,6.0,1.0,2.0,6.0,7.0,2.0,daijy@13f79535-47bb-0310-9956-ffa450edef68,1,0.023809523809523808,50.0,0.0,0.0,0.0,336.0571428571429,2279.662242873123,1,0,0.18924199963852842,false
contrib/piggybank/java/src/main/java/org/apache/pig/piggybank/storage/avro/PigAvroRecordReader.java,201.0,20.0,19.0,10.0,47.0,41.0,0.0,daijy@13f79535-47bb-0310-9956-ffa450edef68,0,0.0,0.0,0.0,0.0,0.0,0.0,0.0,0,1,0.0,false
contrib/piggybank/java/src/test/java/org/apache/pig/piggybank/test/storage/TestCSVExcelStorage.java,204.0,20.0,0.0,13.0,70.0,31.0,0.0,daijy@13f79535-47bb-0310-9956-ffa450edef68,0,0.0,0.0,0.0,0.0,0.0,0.0,0.0,0,0,0.0,false
shims/test/hadoop20/org/apache/pig/test/MiniCluster.java,56.0,10.0,8.0,5.0,18.0,12.0,2.0,daijy@13f79535-47bb-0310-9956-ffa450edef68,1,0.023809523809523808,12.0,0.0,0.0,0.0,34.0,26.123138952275927,1,1,2.6741486494265287,false
shims/test/hadoop23/org/apache/pig/test/TezMiniCluster.java,114.0,22.0,11.0,6.0,33.0,15.0,2.0,daijy@13f79535-47bb-0310-9956-ffa450edef68,1,0.023809523809523808,7.0,0.0,0.0,0.0,336.0571428571429,2279.662242873123,1,2,0.18924199963852842,false
src/org/apache/hadoop/hive/serde2/objectinspector/primitive/JavaConstantBooleanObjectInspector.java,16.0,2.0,0.0,2.0,0.0,4.0,0.0,daijy@13f79535-47bb-0310-9956-ffa450edef68,0,0.0,0.0,0.0,0.0,0.0,0.0,0.0,0,0,0.0,false
src/org/apache/hadoop/hive/serde2/objectinspector/primitive/JavaConstantDoubleObjectInspector.java,16.0,2.0,0.0,2.0,0.0,4.0,0.0,daijy@13f79535-47bb-0310-9956-ffa450edef68,0,0.0,0.0,0.0,0.0,0.0,0.0,0.0,0,0,0.0,false
src/org/apache/hadoop/hive/serde2/objectinspector/primitive/JavaConstantFloatObjectInspector.java,16.0,2.0,0.0,2.0,0.0,4.0,0.0,daijy@13f79535-47bb-0310-9956-ffa450edef68,0,0.0,0.0,0.0,0.0,0.0,0.0,0.0,0,0,0.0,false
src/org/apache/hadoop/hive/serde2/objectinspector/primitive/JavaConstantIntObjectInspector.java,16.0,2.0,0.0,2.0,0.0,4.0,0.0,daijy@13f79535-47bb-0310-9956-ffa450edef68,0,0.0,0.0,0.0,0.0,0.0,0.0,0.0,0,0,0.0,false
src/org/apache/hadoop/hive/serde2/objectinspector/primitive/JavaConstantLongObjectInspector.java,16.0,2.0,0.0,2.0,0.0,4.0,0.0,daijy@13f79535-47bb-0310-9956-ffa450edef68,0,0.0,0.0,0.0,0.0,0.0,0.0,0.0,0,0,0.0,false
src/org/apache/hadoop/hive/serde2/objectinspector/primitive/JavaConstantStringObjectInspector.java,13.0,2.0,0.0,2.0,0.0,4.0,0.0,daijy@13f79535-47bb-0310-9956-ffa450edef68,0,0.0,0.0,0.0,0.0,0.0,0.0,0.0,0,0,0.0,false
src/org/apache/pig/EvalFunc.java,216.0,19.0,282.0,25.0,30.0,76.0,0.0,daijy@13f79535-47bb-0310-9956-ffa450edef68,0,0.0,0.0,0.0,0.0,0.0,0.0,0.0,0,1,0.0,false
src/org/apache/pig/PigConfiguration.java,242.0,0.0,0.0,1.0,0.0,1.0,14.0,null,1,0.023809523809523808,3.0,0.0,0.0,0.0,336.0571428571429,2279.662242873123,1,4,0.18924199963852842,false
src/org/apache/pig/backend/hadoop/executionengine/HExecutionEngine.java,225.0,43.0,77.0,19.0,68.0,57.0,3.0,null,1,0.023809523809523808,4.0,0.0,0.0,0.0,336.0571428571429,2279.662242873123,1,4,0.18924199963852842,true
src/org/apache/pig/backend/hadoop/executionengine/fetch/FetchOptimizer.java,175.0,43.0,6.0,4.0,20.0,15.0,4.0,cheolsoo@13f79535-47bb-0310-9956-ffa450edef68,1,0.023809523809523808,14.0,0.0,0.0,0.0,336.0571428571429,2279.662242873123,1,0,0.18924199963852842,true
src/org/apache/pig/backend/hadoop/executionengine/mapReduceLayer/JobControlCompiler.java,1388.0,106.0,0.0,32.0,318.0,141.0,0.0,null,0,0.0,0.0,0.0,0.0,0.0,0.0,0.0,0,10,0.0,false
src/org/apache/pig/backend/hadoop/executionengine/mapReduceLayer/PigCombiner.java,164.0,27.0,0.0,0.0,0.0,0.0,0.0,null,0,0.0,0.0,0.0,0.0,0.0,0.0,0.0,0,1,0.0,false
src/org/apache/pig/backend/hadoop/executionengine/mapReduceLayer/PigGenericMapBase.java,183.0,37.0,15.0,10.0,57.0,35.0,0.0,daijy@13f79535-47bb-0310-9956-ffa450edef68,0,0.0,0.0,0.0,0.0,0.0,0.0,0.0,0,0,0.0,false
src/org/apache/pig/backend/hadoop/executionengine/mapReduceLayer/PigGenericMapReduce.java,430.0,46.0,0.0,1.0,0.0,1.0,0.0,daijy@13f79535-47bb-0310-9956-ffa450edef68,0,0.0,0.0,0.0,0.0,0.0,0.0,0.0,0,0,0.0,false
src/org/apache/pig/backend/hadoop/executionengine/mapReduceLayer/UDFEndOfAllInputNeededVisitor.java,15.0,6.0,1.0,3.0,1.0,6.0,0.0,daijy@13f79535-47bb-0310-9956-ffa450edef68,0,0.0,0.0,0.0,0.0,0.0,0.0,0.0,0,0,0.0,false
src/org/apache/pig/backend/hadoop/executionengine/mapReduceLayer/plans/EndOfAllInputSetter.java,66.0,14.0,1.0,2.0,4.0,4.0,0.0,thejas@13f79535-47bb-0310-9956-ffa450edef68,0,0.0,0.0,0.0,0.0,0.0,0.0,0.0,0,0,0.0,false
src/org/apache/pig/backend/hadoop/executionengine/physicalLayer/expressionOperators/POUserFunc.java,450.0,39.0,1247.0,58.0,114.0,142.0,0.0,null,0,0.0,0.0,0.0,0.0,0.0,0.0,0.0,0,4,0.0,false
src/org/apache/pig/backend/hadoop/executionengine/physicalLayer/relationalOperators/POFilter.java,82.0,11.0,66.0,13.0,19.0,28.0,0.0,null,0,0.0,0.0,0.0,0.0,0.0,0.0,0.0,0,1,0.0,false
src/org/apache/pig/backend/hadoop/executionengine/physicalLayer/relationalOperators/POForEach.java,606.0,32.0,380.0,36.0,112.0,115.0,0.0,null,0,0.0,0.0,0.0,0.0,0.0,0.0,0.0,0,3,0.0,false
src/org/apache/pig/backend/hadoop/executionengine/physicalLayer/relationalOperators/POMergeJoin.java,478.0,37.0,247.0,26.0,70.0,78.0,0.0,daijy@13f79535-47bb-0310-9956-ffa450edef68,0,0.0,0.0,0.0,0.0,0.0,0.0,0.0,0,2,0.0,false
src/org/apache/pig/backend/hadoop/executionengine/physicalLayer/relationalOperators/POPoissonSample.java,144.0,10.0,26.0,9.0,13.0,26.0,14.0,daijy@13f79535-47bb-0310-9956-ffa450edef68,1,0.023809523809523808,20.0,0.0,0.0,0.0,336.0571428571429,2279.662242873123,1,1,0.18924199963852842,true
src/org/apache/pig/backend/hadoop/executionengine/physicalLayer/relationalOperators/POReservoirSample.java,144.0,12.0,83.0,14.0,14.0,38.0,0.0,daijy@13f79535-47bb-0310-9956-ffa450edef68,0,0.0,0.0,0.0,0.0,0.0,0.0,0.0,0,2,0.0,false
src/org/apache/pig/backend/hadoop/executionengine/physicalLayer/relationalOperators/POSplit.java,204.0,13.0,127.0,19.0,37.0,56.0,0.0,daijy@13f79535-47bb-0310-9956-ffa450edef68,0,0.0,0.0,0.0,0.0,0.0,0.0,0.0,0,4,0.0,false
src/org/apache/pig/backend/hadoop/executionengine/tez/TezDagBuilder.java,657.0,152.0,92.0,17.0,302.0,79.0,2.0,daijy@13f79535-47bb-0310-9956-ffa450edef68,1,0.023809523809523808,3.0,0.0,0.0,0.0,336.0571428571429,2279.662242873123,1,6,0.18924199963852842,true
src/org/apache/pig/backend/hadoop/executionengine/tez/TezJobCompiler.java,65.0,19.0,0.0,4.0,26.0,15.0,0.0,rohini@13f79535-47bb-0310-9956-ffa450edef68,0,0.0,0.0,0.0,0.0,0.0,0.0,0.0,0,3,0.0,false
src/org/apache/pig/backend/hadoop/executionengine/tez/TezLauncher.java,323.0,61.0,24.0,12.0,121.0,51.0,2.0,daijy@13f79535-47bb-0310-9956-ffa450edef68,1,0.023809523809523808,4.0,0.0,0.0,0.0,336.0571428571429,2279.662242873123,1,5,0.18924199963852842,true
src/org/apache/pig/backend/hadoop/executionengine/tez/TezSessionManager.java,207.0,21.0,6.0,9.0,55.0,39.0,0.0,rohini@13f79535-47bb-0310-9956-ffa450edef68,0,0.0,0.0,0.0,0.0,0.0,0.0,0.0,0,4,0.0,false
src/org/apache/pig/backend/hadoop/executionengine/tez/plan/TezCompiler.java,1752.0,109.0,0.0,44.0,660.0,204.0,7.0,daijy@13f79535-47bb-0310-9956-ffa450edef68,1,0.023809523809523808,17.0,0.0,0.0,0.0,336.0571428571429,2279.662242873123,1,1,0.18924199963852842,true
src/org/apache/pig/backend/hadoop/executionengine/tez/plan/TezEdgeDescriptor.java,60.0,8.0,45.0,11.0,1.0,19.0,0.0,daijy@13f79535-47bb-0310-9956-ffa450edef68,0,0.0,0.0,0.0,0.0,0.0,0.0,0.0,0,0,0.0,false
src/org/apache/pig/backend/hadoop/executionengine/tez/plan/TezOperPlan.java,188.0,23.0,81.0,14.0,55.0,45.0,0.0,daijy@13f79535-47bb-0310-9956-ffa450edef68,0,0.0,0.0,0.0,0.0,0.0,0.0,0.0,0,1,0.0,false
src/org/apache/pig/backend/hadoop/executionengine/tez/plan/TezOperator.java,444.0,26.0,2790.0,85.0,95.0,154.0,0.0,rohini@13f79535-47bb-0310-9956-ffa450edef68,0,0.0,0.0,0.0,0.0,0.0,0.0,0.0,0,2,0.0,true
src/org/apache/pig/backend/hadoop/executionengine/tez/plan/TezPOPackageAnnotator.java,121.0,17.0,6.0,4.0,17.0,12.0,0.0,rohini@13f79535-47bb-0310-9956-ffa450edef68,0,0.0,0.0,0.0,0.0,0.0,0.0,0.0,0,0,0.0,true
src/org/apache/pig/backend/hadoop/executionengine/tez/plan/operator/POCounterStatsTez.java,112.0,23.0,74.0,16.0,20.0,37.0,5.0,daijy@13f79535-47bb-0310-9956-ffa450edef68,1,0.023809523809523808,50.0,50.0,50.0,0.0,336.0571428571429,2279.662242873123,1,0,0.18924199963852842,false
src/org/apache/pig/backend/hadoop/executionengine/tez/plan/operator/POFRJoinTez.java,130.0,23.0,0.0,8.0,39.0,27.0,0.0,rohini@13f79535-47bb-0310-9956-ffa450edef68,0,0.0,0.0,0.0,0.0,0.0,0.0,0.0,0,0,0.0,true
src/org/apache/pig/backend/hadoop/executionengine/tez/plan/operator/POIdentityInOutTez.java,103.0,21.0,12.0,9.0,14.0,26.0,5.0,daijy@13f79535-47bb-0310-9956-ffa450edef68,1,0.023809523809523808,50.0,50.0,50.0,0.0,336.0571428571429,2279.662242873123,1,0,0.18924199963852842,false
src/org/apache/pig/backend/hadoop/executionengine/tez/plan/operator/POPartitionRearrangeTez.java,162.0,29.0,17.0,7.0,44.0,28.0,0.0,rohini@13f79535-47bb-0310-9956-ffa450edef68,0,0.0,0.0,0.0,0.0,0.0,0.0,0.0,0,0,0.0,true
src/org/apache/pig/backend/hadoop/executionengine/tez/plan/operator/PORankTez.java,111.0,20.0,13.0,11.0,30.0,29.0,5.0,daijy@13f79535-47bb-0310-9956-ffa450edef68,1,0.023809523809523808,50.0,50.0,50.0,0.0,336.0571428571429,2279.662242873123,1,0,0.18924199963852842,false
src/org/apache/pig/backend/hadoop/executionengine/tez/plan/operator/POShuffleTezLoad.java,251.0,25.0,31.0,11.0,31.0,28.0,0.0,rohini@13f79535-47bb-0310-9956-ffa450edef68,0,0.0,0.0,0.0,0.0,0.0,0.0,0.0,0,0,0.0,true
src/org/apache/pig/backend/hadoop/executionengine/tez/plan/operator/POSimpleTezLoad.java,73.0,20.0,7.0,7.0,11.0,18.0,5.0,daijy@13f79535-47bb-0310-9956-ffa450edef68,1,0.023809523809523808,50.0,50.0,50.0,0.0,336.0571428571429,2279.662242873123,1,0,0.18924199963852842,false
src/org/apache/pig/backend/hadoop/executionengine/tez/plan/operator/POStoreTez.java,87.0,17.0,0.0,10.0,24.0,25.0,0.0,rohini@13f79535-47bb-0310-9956-ffa450edef68,0,0.0,0.0,0.0,0.0,0.0,0.0,0.0,0,0,0.0,true
src/org/apache/pig/backend/hadoop/executionengine/tez/plan/operator/POValueOutputTez.java,113.0,27.0,64.0,16.0,19.0,37.0,0.0,rohini@13f79535-47bb-0310-9956-ffa450edef68,0,0.0,0.0,0.0,0.0,0.0,0.0,0.0,0,1,0.0,true
src/org/apache/pig/backend/hadoop/executionengine/tez/plan/optimizer/LoaderProcessor.java,111.0,28.0,1.0,3.0,55.0,15.0,0.0,daijy@13f79535-47bb-0310-9956-ffa450edef68,0,0.0,0.0,0.0,0.0,0.0,0.0,0.0,0,0,0.0,false
src/org/apache/pig/backend/hadoop/executionengine/tez/plan/optimizer/MultiQueryOptimizerTez.java,201.0,24.0,8.0,5.0,73.0,21.0,0.0,rohini@13f79535-47bb-0310-9956-ffa450edef68,0,0.0,0.0,0.0,0.0,0.0,0.0,0.0,0,1,0.0,true
src/org/apache/pig/backend/hadoop/executionengine/tez/plan/optimizer/ParallelismSetter.java,133.0,22.0,2.0,4.0,40.0,17.0,0.0,rohini@13f79535-47bb-0310-9956-ffa450edef68,0,0.0,0.0,0.0,0.0,0.0,0.0,0.0,0,2,0.0,false
src/org/apache/pig/backend/hadoop/executionengine/tez/plan/optimizer/TezEstimatedParallelismClearer.java,8.0,5.0,1.0,2.0,1.0,3.0,0.0,daijy@13f79535-47bb-0310-9956-ffa450edef68,0,0.0,0.0,0.0,0.0,0.0,0.0,0.0,0,0,0.0,false
src/org/apache/pig/backend/hadoop/executionengine/tez/plan/optimizer/TezOperDependencyParallelismEstimator.java,145.0,30.0,1.0,3.0,26.0,13.0,0.0,rohini@13f79535-47bb-0310-9956-ffa450edef68,0,0.0,0.0,0.0,0.0,0.0,0.0,0.0,0,2,0.0,true
src/org/apache/pig/backend/hadoop/executionengine/tez/plan/optimizer/UnionOptimizer.java,404.0,33.0,13.0,11.0,142.0,53.0,1.0,rohini@13f79535-47bb-0310-9956-ffa450edef68,1,0.023809523809523808,12.0,12.0,12.0,0.0,34.0,26.123138952275927,1,1,2.6741486494265287,true
src/org/apache/pig/backend/hadoop/executionengine/tez/plan/udf/ReadScalarsTez.java,64.0,13.0,0.0,6.0,14.0,17.0,3.0,gates@13f79535-47bb-0310-9956-ffa450edef68,1,0.023809523809523808,33.0,0.0,0.0,0.0,16.0,3.179096130313941,1,0,3.367295829986474,false
src/org/apache/pig/backend/hadoop/executionengine/tez/runtime/PartitionerDefinedVertexManager.java,51.0,16.0,13.0,6.0,22.0,13.0,0.0,daijy@13f79535-47bb-0310-9956-ffa450edef68,0,0.0,0.0,0.0,0.0,0.0,0.0,0.0,0,0,0.0,false
src/org/apache/pig/backend/hadoop/executionengine/tez/runtime/PigGraceShuffleVertexManager.java,109.0,29.0,4.0,4.0,47.0,15.0,0.0,daijy@13f79535-47bb-0310-9956-ffa450edef68,0,0.0,0.0,0.0,0.0,0.0,0.0,0.0,0,0,0.0,false
src/org/apache/pig/backend/hadoop/executionengine/tez/runtime/PigProcessor.java,216.0,49.0,1.0,10.0,87.0,39.0,0.0,rohini@13f79535-47bb-0310-9956-ffa450edef68,0,0.0,0.0,0.0,0.0,0.0,0.0,0.0,0,0,0.0,false
src/org/apache/pig/backend/hadoop/executionengine/tez/util/MRToTezHelper.java,136.0,34.0,30.0,9.0,48.0,25.0,0.0,rohini@13f79535-47bb-0310-9956-ffa450edef68,0,0.0,0.0,0.0,0.0,0.0,0.0,0.0,0,3,0.0,false
src/org/apache/pig/backend/hadoop/executionengine/tez/util/TezCompilerUtil.java,118.0,32.0,45.0,10.0,53.0,31.0,0.0,daijy@13f79535-47bb-0310-9956-ffa450edef68,0,0.0,0.0,0.0,0.0,0.0,0.0,0.0,0,0,0.0,false
src/org/apache/pig/backend/hadoop/executionengine/util/CombinerOptimizerUtil.java,561.0,40.0,105.0,15.0,132.0,60.0,0.0,daijy@13f79535-47bb-0310-9956-ffa450edef68,0,0.0,0.0,0.0,0.0,0.0,0.0,0.0,0,0,0.0,false
src/org/apache/pig/builtin/HiveUDAF.java,257.0,27.0,0.0,8.0,28.0,32.0,0.0,daijy@13f79535-47bb-0310-9956-ffa450edef68,0,0.0,0.0,0.0,0.0,0.0,0.0,0.0,0,0,0.0,false
src/org/apache/pig/builtin/HiveUDF.java,113.0,19.0,0.0,6.0,28.0,25.0,0.0,daijy@13f79535-47bb-0310-9956-ffa450edef68,0,0.0,0.0,0.0,0.0,0.0,0.0,0.0,0,0,0.0,false
src/org/apache/pig/builtin/HiveUDFBase.java,148.0,35.0,6.0,4.0,22.0,18.0,0.0,daijy@13f79535-47bb-0310-9956-ffa450edef68,0,0.0,0.0,0.0,0.0,0.0,0.0,0.0,0,0,0.0,false
src/org/apache/pig/builtin/HiveUDTF.java,121.0,16.0,3.0,6.0,23.0,20.0,0.0,daijy@13f79535-47bb-0310-9956-ffa450edef68,0,0.0,0.0,0.0,0.0,0.0,0.0,0.0,0,0,0.0,false
src/org/apache/pig/builtin/OrcStorage.java,494.0,77.0,609.0,38.0,166.0,132.0,0.0,daijy@13f79535-47bb-0310-9956-ffa450edef68,0,0.0,0.0,0.0,0.0,0.0,0.0,0.0,0,2,0.0,false
src/org/apache/pig/builtin/PluckTuple.java,90.0,10.0,0.0,5.0,20.0,19.0,3.0,daijy@13f79535-47bb-0310-9956-ffa450edef68,2,0.047619047619047616,43.0,43.0,0.0,0.0,356.0571428571429,2283.549000517936,2,1,0.38103004793971573,false
src/org/apache/pig/builtin/mock/Storage.java,382.0,46.0,194.0,29.0,37.0,74.0,0.0,null,0,0.0,0.0,0.0,0.0,0.0,0.0,0.0,0,1,0.0,true
src/org/apache/pig/data/SchemaTuple.java,1059.0,21.0,29588.0,244.0,228.0,631.0,0.0,jcoveney@13f79535-47bb-0310-9956-ffa450edef68,0,0.0,0.0,0.0,0.0,0.0,0.0,0.0,0,2,0.0,false
src/org/apache/pig/data/UnlimitedNullTuple.java,29.0,5.0,36.0,9.0,0.0,19.0,0.0,daijy@13f79535-47bb-0310-9956-ffa450edef68,0,0.0,0.0,0.0,0.0,0.0,0.0,0.0,0,0,0.0,false
src/org/apache/pig/impl/builtin/ReadScalars.java,77.0,12.0,0.0,2.0,13.0,7.0,3.0,gates@13f79535-47bb-0310-9956-ffa450edef68,1,0.023809523809523808,20.0,0.0,0.0,0.0,16.0,3.179096130313941,1,0,3.367295829986474,false
src/org/apache/pig/impl/plan/OperatorKey.java,55.0,1.0,0.0,10.0,9.0,24.0,0.0,daijy@13f79535-47bb-0310-9956-ffa450edef68,0,0.0,0.0,0.0,0.0,0.0,0.0,0.0,0,0,0.0,false
src/org/apache/pig/impl/streaming/OutputHandler.java,109.0,8.0,10.0,8.0,16.0,28.0,0.0,daijy@13f79535-47bb-0310-9956-ffa450edef68,0,0.0,0.0,0.0,0.0,0.0,0.0,0.0,0,1,0.0,false
src/org/apache/pig/impl/util/Utils.java,469.0,56.0,811.0,42.0,136.0,149.0,0.0,null,0,0.0,0.0,0.0,0.0,0.0,0.0,0.0,0,3,0.0,false
src/org/apache/pig/impl/util/avro/AvroBagWrapper.java,75.0,13.0,75.0,15.0,19.0,33.0,0.0,daijy@13f79535-47bb-0310-9956-ffa450edef68,0,0.0,0.0,0.0,0.0,0.0,0.0,0.0,0,1,0.0,false
src/org/apache/pig/impl/util/avro/AvroMapWrapper.java,86.0,9.0,0.0,14.0,29.0,38.0,0.0,daijy@13f79535-47bb-0310-9956-ffa450edef68,0,0.0,0.0,0.0,0.0,0.0,0.0,0.0,0,1,0.0,false
src/org/apache/pig/impl/util/avro/AvroStorageDataConversionUtilities.java,98.0,14.0,10.0,5.0,31.0,27.0,0.0,daijy@13f79535-47bb-0310-9956-ffa450edef68,0,0.0,0.0,0.0,0.0,0.0,0.0,0.0,0,0,0.0,false
src/org/apache/pig/impl/util/avro/AvroStorageSchemaConversionUtilities.java,479.0,19.0,91.0,14.0,113.0,76.0,0.0,daijy@13f79535-47bb-0310-9956-ffa450edef68,0,0.0,0.0,0.0,0.0,0.0,0.0,0.0,0,1,0.0,false
src/org/apache/pig/impl/util/avro/AvroTupleWrapper.java,208.0,22.0,0.0,18.0,66.0,52.0,0.0,cheolsoo@13f79535-47bb-0310-9956-ffa450edef68,0,0.0,0.0,0.0,0.0,0.0,0.0,0.0,0,1,0.0,false
src/org/apache/pig/impl/util/hive/HiveUtils.java,612.0,53.0,15.0,6.0,60.0,39.0,0.0,daijy@13f79535-47bb-0310-9956-ffa450edef68,0,0.0,0.0,0.0,0.0,0.0,0.0,0.0,0,0,0.0,false
src/org/apache/pig/impl/util/orc/OrcUtils.java,0.0,0.0,0.0,0.0,0.0,0.0,0.0,daijy@13f79535-47bb-0310-9956-ffa450edef68,0,0.0,0.0,0.0,0.0,0.0,0.0,0.0,0,1,0.0,false
src/org/apache/pig/newplan/logical/expression/ExpToPhyTranslationVisitor.java,352.0,56.0,0.0,30.0,193.0,87.0,0.0,daijy@13f79535-47bb-0310-9956-ffa450edef68,0,0.0,0.0,0.0,0.0,0.0,0.0,0.0,0,0,0.0,false
src/org/apache/pig/newplan/logical/expression/UserFuncExpression.java,304.0,29.0,151.0,22.0,68.0,69.0,0.0,null,0,0.0,0.0,0.0,0.0,0.0,0.0,0.0,0,0,0.0,false
src/org/apache/pig/newplan/logical/relational/LogToPhyTranslationVisitor.java,1341.0,79.0,0.0,31.0,537.0,158.0,14.0,daijy@13f79535-47bb-0310-9956-ffa450edef68,1,0.023809523809523808,3.0,0.0,0.0,0.0,336.0571428571429,2279.662242873123,1,1,0.18924199963852842,false
src/org/apache/pig/newplan/logical/relational/MapSideMergeValidator.java,43.0,8.0,3.0,3.0,11.0,17.0,0.0,daijy@13f79535-47bb-0310-9956-ffa450edef68,0,0.0,0.0,0.0,0.0,0.0,0.0,0.0,0,0,0.0,false
src/org/apache/pig/tools/pigstats/OutputStats.java,143.0,16.0,136.0,21.0,21.0,48.0,0.0,cheolsoo@13f79535-47bb-0310-9956-ffa450edef68,0,0.0,0.0,0.0,0.0,0.0,0.0,0.0,0,1,0.0,true
src/org/apache/pig/tools/pigstats/tez/TezDAGStats.java,251.0,35.0,307.0,27.0,62.0,58.0,0.0,rohini@13f79535-47bb-0310-9956-ffa450edef68,0,0.0,0.0,0.0,0.0,0.0,0.0,0.0,0,0,0.0,true
src/org/apache/pig/tools/pigstats/tez/TezPigScriptStats.java,180.0,28.0,33.0,14.0,50.0,37.0,0.0,rohini@13f79535-47bb-0310-9956-ffa450edef68,0,0.0,0.0,0.0,0.0,0.0,0.0,0.0,0,0,0.0,true
test/e2e/pig/udfs/java/org/apache/pig/test/udf/evalfunc/DummyContextUDF.java,25.0,11.0,4.0,4.0,8.0,11.0,3.0,daijy@13f79535-47bb-0310-9956-ffa450edef68,1,0.023809523809523808,50.0,50.0,50.0,0.0,336.0571428571429,2279.662242873123,1,0,0.18924199963852842,false
test/org/apache/pig/builtin/TestAvroStorage.java,632.0,53.0,24.0,56.0,272.0,181.0,0.0,daijy@13f79535-47bb-0310-9956-ffa450edef68,0,0.0,0.0,0.0,0.0,0.0,0.0,0.0,0,5,0.0,true
test/org/apache/pig/builtin/TestPluckTuple.java,56.0,14.0,0.0,7.0,39.0,21.0,3.0,daijy@13f79535-47bb-0310-9956-ffa450edef68,2,0.047619047619047616,43.0,43.0,0.0,0.0,356.0571428571429,2283.549000517936,2,1,0.38103004793971573,true
test/org/apache/pig/impl/builtin/TestStreamingUDF.java,172.0,23.0,1.0,11.0,78.0,31.0,0.0,daijy@13f79535-47bb-0310-9956-ffa450edef68,0,0.0,0.0,0.0,0.0,0.0,0.0,0.0,0,2,0.0,true
test/org/apache/pig/impl/streaming/TestStreamingUDFOutputHandler.java,35.0,12.0,0.0,4.0,16.0,9.0,0.0,daijy@13f79535-47bb-0310-9956-ffa450edef68,0,0.0,0.0,0.0,0.0,0.0,0.0,0.0,0,0,0.0,false
test/org/apache/pig/impl/util/avro/TestAvroStorageSchemaConversionUtilities.java,14.0,6.0,1.0,3.0,7.0,7.0,0.0,daijy@13f79535-47bb-0310-9956-ffa450edef68,0,0.0,0.0,0.0,0.0,0.0,0.0,0.0,0,0,0.0,false
test/org/apache/pig/newplan/logical/optimizer/TestImplicitSplitOnTuple.java,30.0,9.0,0.0,1.0,9.0,3.0,0.0,daijy@13f79535-47bb-0310-9956-ffa450edef68,0,0.0,0.0,0.0,0.0,0.0,0.0,0.0,0,0,0.0,true
test/org/apache/pig/test/TestAccumulator.java,484.0,24.0,0.0,30.0,173.0,108.0,0.0,null,0,0.0,0.0,0.0,0.0,0.0,0.0,0.0,0,1,0.0,false
test/org/apache/pig/test/TestBuiltin.java,2540.0,114.0,2319.0,79.0,627.0,276.0,0.0,null,0,0.0,0.0,0.0,0.0,0.0,0.0,0.0,0,6,0.0,true
test/org/apache/pig/test/TestFRJoin.java,438.0,32.0,0.0,21.0,151.0,56.0,0.0,null,0,0.0,0.0,0.0,0.0,0.0,0.0,0.0,0,0,0.0,true
test/org/apache/pig/test/TestMRCompiler.java,818.0,68.0,348.0,37.0,339.0,89.0,4.0,daijy@13f79535-47bb-0310-9956-ffa450edef68,1,0.023809523809523808,5.0,0.0,0.0,0.0,336.0571428571429,2279.662242873123,1,1,0.18924199963852842,true
test/org/apache/pig/test/TestMergeJoin.java,573.0,29.0,0.0,30.0,227.0,87.0,0.0,null,0,0.0,0.0,0.0,0.0,0.0,0.0,0.0,0,1,0.0,false
test/org/apache/pig/test/TestMultiQuery.java,332.0,19.0,0.0,19.0,141.0,61.0,0.0,null,0,0.0,0.0,0.0,0.0,0.0,0.0,0.0,0,0,0.0,false
test/org/apache/pig/test/TestMultiQueryLocal.java,421.0,42.0,0.0,25.0,163.0,67.0,0.0,daijy@13f79535-47bb-0310-9956-ffa450edef68,0,0.0,0.0,0.0,0.0,0.0,0.0,0.0,0,2,0.0,true
test/org/apache/pig/test/TestRegisteredJarVisibility.java,113.0,28.0,25.0,10.0,62.0,23.0,0.0,daijy@13f79535-47bb-0310-9956-ffa450edef68,0,0.0,0.0,0.0,0.0,0.0,0.0,0.0,0,3,0.0,true
test/org/apache/pig/test/TestScalarAliasesLocal.java,300.0,15.0,0.0,15.0,121.0,45.0,0.0,daijy@13f79535-47bb-0310-9956-ffa450edef68,0,0.0,0.0,0.0,0.0,0.0,0.0,0.0,0,0,0.0,false
test/org/apache/pig/test/TestSkewedJoin.java,421.0,37.0,0.0,19.0,154.0,64.0,0.0,daijy@13f79535-47bb-0310-9956-ffa450edef68,0,0.0,0.0,0.0,0.0,0.0,0.0,0.0,0,0,0.0,false
test/org/apache/pig/test/TestStreaming.java,397.0,23.0,0.0,20.0,212.0,72.0,0.0,daijy@13f79535-47bb-0310-9956-ffa450edef68,0,0.0,0.0,0.0,0.0,0.0,0.0,0.0,0,4,0.0,false
test/org/apache/pig/test/Util.java,1028.0,88.0,4775.0,99.0,347.0,330.0,0.0,daijy@13f79535-47bb-0310-9956-ffa450edef68,0,0.0,0.0,0.0,0.0,0.0,0.0,0.0,0,9,0.0,true
test/org/apache/pig/tez/TestTezAutoParallelism.java,210.0,31.0,40.0,20.0,108.0,65.0,0.0,daijy@13f79535-47bb-0310-9956-ffa450edef68,0,0.0,0.0,0.0,0.0,0.0,0.0,0.0,0,5,0.0,false
test/org/apache/pig/tez/TestTezCompiler.java,335.0,22.0,1166.0,49.0,98.0,123.0,0.0,daijy@13f79535-47bb-0310-9956-ffa450edef68,0,0.0,0.0,0.0,0.0,0.0,0.0,0.0,0,0,0.0,true
test/org/apache/pig/tez/TestTezGraceParallelism.java,151.0,23.0,0.0,9.0,62.0,28.0,0.0,daijy@13f79535-47bb-0310-9956-ffa450edef68,0,0.0,0.0,0.0,0.0,0.0,0.0,0.0,0,0,0.0,false
test/org/apache/pig/tez/TestTezJobControlCompiler.java,146.0,45.0,12.0,12.0,106.0,32.0,0.0,daijy@13f79535-47bb-0310-9956-ffa450edef68,0,0.0,0.0,0.0,0.0,0.0,0.0,0.0,0,2,0.0,true
test/org/apache/pig/tez/TestTezLauncher.java,56.0,21.0,1.0,6.0,27.0,16.0,0.0,daijy@13f79535-47bb-0310-9956-ffa450edef68,0,0.0,0.0,0.0,0.0,0.0,0.0,0.0,0,0,0.0,false
