name,LOC,CBO,LCOM,NOM,RFC,WMC,numOfChanges,bccm,structuralWorkloadSum,semanticWorkloadSum,numberOfDeveloper,isBuggy
src/main/com/oreilly/servlet/MailMessage.java,287.0,3.0,299.0,27.0,57.0,72.0,1,0.006097560975609756,0.0,0.0,1,false
src/main/org/apache/tools/ant/BuildEvent.java,75.0,1.0,8.0,8.0,1.0,23.0,1,0.006097560975609756,50.42857142857143,3788.791370826271,1,true
src/main/org/apache/tools/ant/BuildException.java,84.0,0.0,12.0,9.0,3.0,16.0,3,0.018292682926829267,291.59355058282995,10774.306392980689,3,true
src/main/org/apache/tools/ant/BuildListener.java,46.0,1.0,21.0,7.0,0.0,14.0,1,0.006097560975609756,50.42857142857143,3788.791370826271,1,true
src/main/org/apache/tools/ant/DefaultLogger.java,85.0,1.0,22.0,9.0,21.0,20.0,2,0.012195121951219513,275.3326810176125,10269.262906370368,2,true
src/main/org/apache/tools/ant/DirectoryScanner.java,621.0,2.0,115.0,19.0,41.0,68.0,1,0.006097560975609756,50.42857142857143,3788.791370826271,1,true
src/main/org/apache/tools/ant/Location.java,46.0,0.0,0.0,4.0,2.0,6.0,1,0.006097560975609756,16.26086956521739,505.04348661032145,1,true
src/main/org/apache/tools/ant/Main.java,258.0,2.0,0.0,7.0,51.0,28.0,3,0.018292682926829267,291.59355058282995,10774.306392980689,3,true
src/main/org/apache/tools/ant/PathTokenizer.java,46.0,2.0,0.0,3.0,9.0,10.0,1,0.006097560975609756,50.42857142857143,3788.791370826271,1,true
src/main/org/apache/tools/ant/Project.java,654.0,3.0,1426.0,61.0,174.0,164.0,4,0.024390243902439025,293.59355058282995,10809.244155649609,4,true
src/main/org/apache/tools/ant/ProjectHelper.java,382.0,8.0,5.0,6.0,37.0,23.0,3,0.018292682926829267,291.59355058282995,10774.306392980689,3,true
src/main/org/apache/tools/ant/Target.java,70.0,1.0,27.0,10.0,19.0,20.0,3,0.018292682926829267,291.59355058282995,10774.306392980689,3,true
src/main/org/apache/tools/ant/Task.java,60.0,0.0,24.0,8.0,0.0,15.0,3,0.018292682926829267,291.59355058282995,10774.306392980689,3,true
src/main/org/apache/tools/ant/XmlLogger.java,170.0,3.0,21.0,11.0,53.0,32.0,2,0.012195121951219513,275.3326810176125,10269.262906370368,2,true
src/main/org/apache/tools/ant/taskdefs/Ant.java,85.0,3.0,7.0,7.0,24.0,15.0,2,0.012195121951219513,275.3326810176125,10269.262906370368,2,true
src/main/org/apache/tools/ant/taskdefs/Available.java,55.0,3.0,10.0,9.0,12.0,19.0,2,0.012195121951219513,66.68944099378882,4293.834857436592,2,true
src/main/org/apache/tools/ant/taskdefs/Chmod.java,49.0,3.0,9.0,6.0,14.0,13.0,2,0.012195121951219513,275.3326810176125,10269.262906370368,2,true
src/main/org/apache/tools/ant/taskdefs/CompileTask.java,39.0,2.0,1.0,3.0,8.0,5.0,2,0.012195121951219513,241.1649791542585,6985.515022154419,2,false
src/main/org/apache/tools/ant/taskdefs/Copydir.java,59.0,3.0,3.0,6.0,20.0,14.0,2,0.012195121951219513,275.3326810176125,10269.262906370368,2,true
src/main/org/apache/tools/ant/taskdefs/Copyfile.java,29.0,3.0,0.0,4.0,7.0,7.0,0,0.0,0.0,0.0,0,true
src/main/org/apache/tools/ant/taskdefs/Cvs.java,58.0,2.0,22.0,9.0,12.0,15.0,3,0.018292682926829267,277.3326810176125,10304.200669039288,3,true
src/main/org/apache/tools/ant/taskdefs/Delete.java,78.0,2.0,0.0,4.0,10.0,13.0,2,0.012195121951219513,66.68944099378882,4293.834857436592,2,true
src/main/org/apache/tools/ant/taskdefs/Deltree.java,45.0,2.0,0.0,3.0,12.0,11.0,1,0.006097560975609756,50.42857142857143,3788.791370826271,1,true
src/main/org/apache/tools/ant/taskdefs/Exec.java,116.0,2.0,3.0,6.0,20.0,13.0,3,0.018292682926829267,291.59355058282995,10774.306392980689,3,true
src/main/org/apache/tools/ant/taskdefs/Expand.java,71.0,3.0,0.0,3.0,21.0,8.0,2,0.012195121951219513,275.3326810176125,10269.262906370368,2,true
src/main/org/apache/tools/ant/taskdefs/Filter.java,18.0,1.0,0.0,3.0,1.0,4.0,0,0.0,0.0,0.0,0,true
src/main/org/apache/tools/ant/taskdefs/FixCRLF.java,252.0,4.0,5.0,7.0,15.0,29.0,2,0.012195121951219513,275.3326810176125,10269.262906370368,2,true
src/main/org/apache/tools/ant/taskdefs/GUnzip.java,60.0,3.0,0.0,3.0,16.0,9.0,3,0.018292682926829267,277.3326810176125,10304.200669039288,3,true
src/main/org/apache/tools/ant/taskdefs/Get.java,85.0,3.0,2.0,5.0,9.0,15.0,1,0.006097560975609756,50.42857142857143,3788.791370826271,1,true
src/main/org/apache/tools/ant/taskdefs/Jar.java,36.0,3.0,8.0,5.0,8.0,13.0,2,0.012195121951219513,226.9041095890411,6515.409298213016,2,true
src/main/org/apache/tools/ant/taskdefs/Java.java,143.0,3.0,27.0,11.0,22.0,29.0,2,0.012195121951219513,275.3326810176125,10269.262906370368,2,true
src/main/org/apache/tools/ant/taskdefs/Javac.java,450.0,4.0,55.0,18.0,109.0,55.0,4,0.024390243902439025,291.59355058282995,10774.306392980689,4,true
src/main/org/apache/tools/ant/taskdefs/Javadoc.java,642.0,3.0,1084.0,49.0,89.0,75.0,3,0.018292682926829267,291.59355058282995,10774.306392980689,3,true
src/main/org/apache/tools/ant/taskdefs/Jikes.java,36.0,2.0,0.0,2.0,5.0,5.0,2,0.012195121951219513,275.3326810176125,10269.262906370368,2,true
src/main/org/apache/tools/ant/taskdefs/KeySubst.java,129.0,3.0,13.0,7.0,28.0,25.0,1,0.006097560975609756,50.42857142857143,3788.791370826271,1,true
src/main/org/apache/tools/ant/taskdefs/MatchingTask.java,211.0,3.0,77.0,14.0,58.0,44.0,2,0.012195121951219513,275.3326810176125,10269.262906370368,2,true
src/main/org/apache/tools/ant/taskdefs/Patch.java,82.0,2.0,14.0,8.0,10.0,12.0,1,0.006097560975609756,224.9041095890411,6480.471535544098,1,true
src/main/org/apache/tools/ant/taskdefs/Property.java,104.0,3.0,7.0,11.0,28.0,27.0,3,0.018292682926829267,291.59355058282995,10774.306392980689,3,true
src/main/org/apache/tools/ant/taskdefs/Rename.java,45.0,3.0,0.0,4.0,6.0,8.0,0,0.0,0.0,0.0,0,true
src/main/org/apache/tools/ant/taskdefs/Replace.java,103.0,3.0,3.0,7.0,22.0,20.0,1,0.006097560975609756,50.42857142857143,3788.791370826271,1,true
src/main/org/apache/tools/ant/taskdefs/Rmic.java,277.0,5.0,71.0,15.0,60.0,41.0,2,0.012195121951219513,275.3326810176125,10269.262906370368,2,true
src/main/org/apache/tools/ant/taskdefs/Tar.java,61.0,3.0,0.0,4.0,20.0,12.0,3,0.018292682926829267,277.3326810176125,10304.200669039288,3,true
src/main/org/apache/tools/ant/taskdefs/TaskOutputStream.java,47.0,2.0,0.0,3.0,5.0,8.0,2,0.012195121951219513,66.68944099378882,4293.834857436592,2,true
src/main/org/apache/tools/ant/taskdefs/Taskdef.java,40.0,1.0,0.0,5.0,4.0,10.0,2,0.012195121951219513,66.68944099378882,4293.834857436592,2,true
src/main/org/apache/tools/ant/taskdefs/Touch.java,104.0,10.0,0.0,5.0,19.0,17.0,2,0.012195121951219513,275.3326810176125,10269.262906370368,2,true
src/main/org/apache/tools/ant/taskdefs/Tstamp.java,21.0,4.0,0.0,1.0,2.0,4.0,0,0.0,0.0,0.0,0,true
src/main/org/apache/tools/ant/taskdefs/Untar.java,79.0,3.0,0.0,3.0,21.0,8.0,3,0.018292682926829267,277.3326810176125,10304.200669039288,3,true
src/main/org/apache/tools/ant/taskdefs/XSLTLiaison.java,8.0,1.0,1.0,2.0,0.0,5.0,1,0.006097560975609756,16.26086956521739,505.04348661032145,1,true
src/main/org/apache/tools/ant/taskdefs/XSLTProcess.java,145.0,6.0,10.0,8.0,23.0,22.0,3,0.018292682926829267,291.59355058282995,10774.306392980689,3,true
src/main/org/apache/tools/ant/taskdefs/Zip.java,123.0,6.0,10.0,8.0,31.0,24.0,3,0.018292682926829267,277.3326810176125,10304.200669039288,3,true
src/main/org/apache/tools/ant/taskdefs/optional/NetRexxC.java,502.0,8.0,574.0,37.0,81.0,94.0,1,0.006097560975609756,50.42857142857143,3788.791370826271,1,true
src/main/org/apache/tools/ant/taskdefs/optional/RenameExtensions.java,80.0,4.0,3.0,7.0,19.0,16.0,1,0.006097560975609756,50.42857142857143,3788.791370826271,1,true
src/main/org/apache/tools/ant/taskdefs/optional/Script.java,78.0,4.0,0.0,5.0,26.0,19.0,0,0.0,0.0,0.0,0,true
src/main/org/apache/tools/ant/taskdefs/optional/XalanLiaison.java,17.0,5.0,0.0,3.0,2.0,7.0,1,0.006097560975609756,16.26086956521739,505.04348661032145,1,true
src/main/org/apache/tools/ant/taskdefs/optional/XslpLiaison.java,18.0,5.0,0.0,3.0,2.0,6.0,1,0.006097560975609756,16.26086956521739,505.04348661032145,1,true
src/main/org/apache/tools/ant/taskdefs/optional/ejb/DDCreator.java,81.0,3.0,0.0,4.0,12.0,8.0,2,0.012195121951219513,275.3326810176125,10269.262906370368,2,true
src/main/org/apache/tools/ant/taskdefs/optional/ejb/DDCreatorHelper.java,72.0,1.0,1.0,3.0,8.0,10.0,1,0.006097560975609756,50.42857142857143,3788.791370826271,1,true
src/main/org/apache/tools/ant/taskdefs/optional/ejb/Ejbc.java,109.0,3.0,5.0,6.0,12.0,13.0,2,0.012195121951219513,275.3326810176125,10269.262906370368,2,true
src/main/org/apache/tools/ant/taskdefs/optional/ejb/EjbcHelper.java,158.0,8.0,2.0,5.0,21.0,22.0,1,0.006097560975609756,50.42857142857143,3788.791370826271,1,true
src/main/org/apache/tools/ant/taskdefs/optional/ejb/WLRun.java,125.0,3.0,9.0,7.0,11.0,12.0,2,0.012195121951219513,275.3326810176125,10269.262906370368,2,true
src/main/org/apache/tools/ant/taskdefs/optional/ejb/WLStop.java,83.0,3.0,5.0,6.0,9.0,10.0,2,0.012195121951219513,275.3326810176125,10269.262906370368,2,true
