name,LOC,CBO,LCOM,NOM,RFC,WMC,numOfChanges,bccm,structuralWorkloadSum,semanticWorkloadSum,numberOfDeveloper,isBuggy
src/main/org/apache/tools/ant/AntClassLoader.java,298.0,4.0,18.0,13.0,43.0,57.0,2,0.01015228426395939,811.2325581395348,16796.061080818723,2,true
src/main/org/apache/tools/ant/BuildEvent.java,89.0,1.0,25.0,11.0,3.0,25.0,0,0.0,0.0,0.0,0,true
src/main/org/apache/tools/ant/BuildException.java,100.0,0.0,7.0,11.0,3.0,19.0,1,0.005076142131979695,735.0,15252.3864674245,1,true
src/main/org/apache/tools/ant/BuildLogger.java,26.0,1.0,3.0,3.0,0.0,6.0,2,0.01015228426395939,811.2325581395348,16796.061080818723,2,true
src/main/org/apache/tools/ant/DefaultLogger.java,100.0,1.0,35.0,11.0,18.0,24.0,2,0.01015228426395939,811.2325581395348,16796.061080818723,2,true
src/main/org/apache/tools/ant/DirectoryScanner.java,724.0,2.0,155.0,22.0,60.0,85.0,2,0.01015228426395939,811.2325581395348,16796.061080818723,2,true
src/main/org/apache/tools/ant/FileScanner.java,85.0,1.0,78.0,13.0,0.0,24.0,1,0.005076142131979695,76.23255813953489,1543.674613394225,1,true
src/main/org/apache/tools/ant/IntrospectionHelper.java,368.0,5.0,354.0,28.0,69.0,86.0,1,0.005076142131979695,735.0,15252.3864674245,1,true
src/main/org/apache/tools/ant/Main.java,352.0,2.0,0.0,8.0,75.0,37.0,2,0.01015228426395939,811.2325581395348,16796.061080818723,2,true
src/main/org/apache/tools/ant/PathTokenizer.java,52.0,2.0,0.0,3.0,8.0,10.0,0,0.0,0.0,0.0,0,true
src/main/org/apache/tools/ant/Project.java,737.0,3.0,1743.0,66.0,182.0,172.0,2,0.01015228426395939,737.0,15318.569143222105,2,true
src/main/org/apache/tools/ant/ProjectHelper.java,415.0,6.0,3.0,6.0,38.0,25.0,2,0.01015228426395939,811.2325581395348,16796.061080818723,2,true
src/main/org/apache/tools/ant/Target.java,89.0,1.0,80.0,16.0,23.0,33.0,2,0.01015228426395939,811.2325581395348,16796.061080818723,2,true
src/main/org/apache/tools/ant/Task.java,113.0,0.0,91.0,15.0,2.0,25.0,1,0.005076142131979695,735.0,15252.3864674245,1,true
src/main/org/apache/tools/ant/TaskAdapter.java,37.0,2.0,0.0,3.0,4.0,8.0,0,0.0,0.0,0.0,0,true
src/main/org/apache/tools/ant/XmlLogger.java,200.0,4.0,19.0,11.0,63.0,36.0,1,0.005076142131979695,735.0,15252.3864674245,1,true
src/main/org/apache/tools/ant/taskdefs/Ant.java,129.0,3.0,8.0,9.0,49.0,21.0,2,0.01015228426395939,811.2325581395348,16796.061080818723,2,true
src/main/org/apache/tools/ant/taskdefs/AntStructure.java,189.0,9.0,13.0,6.0,45.0,21.0,1,0.005076142131979695,735.0,15252.3864674245,1,true
src/main/org/apache/tools/ant/taskdefs/Available.java,48.0,3.0,10.0,9.0,10.0,18.0,2,0.01015228426395939,735.0,15252.3864674245,2,true
src/main/org/apache/tools/ant/taskdefs/CallTarget.java,43.0,1.0,0.0,4.0,13.0,7.0,1,0.005076142131979695,735.0,15252.3864674245,1,true
src/main/org/apache/tools/ant/taskdefs/Chmod.java,98.0,4.0,46.0,16.0,23.0,26.0,1,0.005076142131979695,735.0,15252.3864674245,1,true
src/main/org/apache/tools/ant/taskdefs/CompileTask.java,39.0,3.0,1.0,3.0,8.0,5.0,1,0.005076142131979695,735.0,15252.3864674245,1,false
src/main/org/apache/tools/ant/taskdefs/Copydir.java,69.0,3.0,7.0,7.0,21.0,16.0,3,0.015228426395939087,813.2325581395348,16862.243756616328,3,true
src/main/org/apache/tools/ant/taskdefs/Copyfile.java,33.0,3.0,2.0,5.0,8.0,10.0,3,0.015228426395939087,813.2325581395348,16862.243756616328,3,true
src/main/org/apache/tools/ant/taskdefs/Cvs.java,77.0,3.0,18.0,9.0,20.0,17.0,1,0.005076142131979695,735.0,15252.3864674245,1,true
src/main/org/apache/tools/ant/taskdefs/Delete.java,78.0,2.0,0.0,4.0,10.0,13.0,2,0.01015228426395939,737.0,15318.569143222105,2,true
src/main/org/apache/tools/ant/taskdefs/Deltree.java,45.0,2.0,0.0,3.0,12.0,11.0,2,0.01015228426395939,737.0,15318.569143222105,2,true
src/main/org/apache/tools/ant/taskdefs/Exec.java,147.0,2.0,16.0,9.0,24.0,19.0,1,0.005076142131979695,735.0,15252.3864674245,1,true
src/main/org/apache/tools/ant/taskdefs/ExecTask.java,182.0,3.0,92.0,17.0,29.0,47.0,1,0.005076142131979695,735.0,15252.3864674245,1,true
src/main/org/apache/tools/ant/taskdefs/Execute.java,202.0,8.0,67.0,14.0,38.0,38.0,2,0.01015228426395939,811.2325581395348,16796.061080818723,2,true
src/main/org/apache/tools/ant/taskdefs/ExecuteJava.java,42.0,7.0,0.0,3.0,7.0,8.0,1,0.005076142131979695,735.0,15252.3864674245,1,true
src/main/org/apache/tools/ant/taskdefs/ExecuteOn.java,101.0,5.0,0.0,5.0,21.0,14.0,1,0.005076142131979695,735.0,15252.3864674245,1,true
src/main/org/apache/tools/ant/taskdefs/ExecuteStreamHandler.java,31.0,3.0,10.0,5.0,0.0,12.0,0,0.0,0.0,0.0,0,true
src/main/org/apache/tools/ant/taskdefs/ExecuteWatchdog.java,73.0,1.0,0.0,5.0,8.0,19.0,0,0.0,0.0,0.0,0,true
src/main/org/apache/tools/ant/taskdefs/Expand.java,100.0,3.0,2.0,4.0,27.0,13.0,2,0.01015228426395939,811.2325581395348,16796.061080818723,2,true
src/main/org/apache/tools/ant/taskdefs/FixCRLF.java,263.0,7.0,10.0,8.0,16.0,29.0,1,0.005076142131979695,735.0,15252.3864674245,1,true
src/main/org/apache/tools/ant/taskdefs/GUnzip.java,76.0,3.0,0.0,3.0,16.0,10.0,0,0.0,0.0,0.0,0,true
src/main/org/apache/tools/ant/taskdefs/GZip.java,60.0,3.0,0.0,5.0,12.0,12.0,1,0.005076142131979695,735.0,15252.3864674245,1,true
src/main/org/apache/tools/ant/taskdefs/GenerateKey.java,220.0,4.0,52.0,13.0,14.0,27.0,1,0.005076142131979695,735.0,15252.3864674245,1,true
src/main/org/apache/tools/ant/taskdefs/Get.java,154.0,4.0,11.0,7.0,27.0,24.0,1,0.005076142131979695,735.0,15252.3864674245,1,true
src/main/org/apache/tools/ant/taskdefs/Jar.java,64.0,3.0,9.0,6.0,14.0,21.0,2,0.01015228426395939,811.2325581395348,16796.061080818723,2,true
src/main/org/apache/tools/ant/taskdefs/Java.java,210.0,12.0,96.0,20.0,54.0,56.0,2,0.01015228426395939,811.2325581395348,16796.061080818723,2,true
src/main/org/apache/tools/ant/taskdefs/Javac.java,600.0,7.0,321.0,31.0,137.0,98.0,2,0.01015228426395939,811.2325581395348,16796.061080818723,2,true
src/main/org/apache/tools/ant/taskdefs/JavacOutputStream.java,54.0,2.0,0.0,4.0,6.0,11.0,1,0.005076142131979695,735.0,15252.3864674245,1,false
src/main/org/apache/tools/ant/taskdefs/Javadoc.java,739.0,9.0,1717.0,67.0,156.0,137.0,2,0.01015228426395939,811.2325581395348,16796.061080818723,2,true
src/main/org/apache/tools/ant/taskdefs/Jikes.java,77.0,3.0,0.0,2.0,16.0,8.0,1,0.005076142131979695,735.0,15252.3864674245,1,true
src/main/org/apache/tools/ant/taskdefs/JikesOutputParser.java,95.0,2.0,48.0,12.0,12.0,26.0,1,0.005076142131979695,735.0,15252.3864674245,1,true
src/main/org/apache/tools/ant/taskdefs/KeySubst.java,129.0,3.0,13.0,7.0,28.0,25.0,1,0.005076142131979695,735.0,15252.3864674245,1,true
src/main/org/apache/tools/ant/taskdefs/LogOutputStream.java,66.0,5.0,3.0,7.0,9.0,14.0,1,0.005076142131979695,735.0,15252.3864674245,1,true
src/main/org/apache/tools/ant/taskdefs/LogStreamHandler.java,15.0,4.0,0.0,1.0,0.0,2.0,0,0.0,0.0,0.0,0,true
src/main/org/apache/tools/ant/taskdefs/MatchingTask.java,122.0,4.0,0.0,12.0,26.0,24.0,1,0.005076142131979695,735.0,15252.3864674245,1,true
src/main/org/apache/tools/ant/taskdefs/Mkdir.java,21.0,2.0,0.0,2.0,5.0,5.0,1,0.005076142131979695,735.0,15252.3864674245,1,true
src/main/org/apache/tools/ant/taskdefs/Patch.java,87.0,4.0,0.0,8.0,21.0,19.0,1,0.005076142131979695,735.0,15252.3864674245,1,true
src/main/org/apache/tools/ant/taskdefs/Property.java,165.0,3.0,46.0,16.0,46.0,42.0,3,0.015228426395939087,813.2325581395348,16862.243756616328,3,true
src/main/org/apache/tools/ant/taskdefs/PumpStreamHandler.java,59.0,3.0,39.0,11.0,7.0,13.0,0,0.0,0.0,0.0,0,true
src/main/org/apache/tools/ant/taskdefs/Replace.java,143.0,3.0,8.0,9.0,26.0,25.0,1,0.005076142131979695,735.0,15252.3864674245,1,true
src/main/org/apache/tools/ant/taskdefs/Rmic.java,317.0,9.0,109.0,18.0,62.0,49.0,1,0.005076142131979695,735.0,15252.3864674245,1,true
src/main/org/apache/tools/ant/taskdefs/SQLExec.java,203.0,7.0,29.0,10.0,27.0,25.0,2,0.01015228426395939,811.2325581395348,16796.061080818723,2,true
src/main/org/apache/tools/ant/taskdefs/SendEmail.java,159.0,6.0,16.0,8.0,23.0,16.0,2,0.01015228426395939,811.2325581395348,16796.061080818723,2,true
src/main/org/apache/tools/ant/taskdefs/SignJar.java,126.0,3.0,44.0,12.0,15.0,14.0,1,0.005076142131979695,735.0,15252.3864674245,1,true
src/main/org/apache/tools/ant/taskdefs/StreamPumper.java,39.0,3.0,0.0,2.0,3.0,4.0,0,0.0,0.0,0.0,0,true
src/main/org/apache/tools/ant/taskdefs/Tar.java,74.0,3.0,0.0,4.0,20.0,12.0,1,0.005076142131979695,735.0,15252.3864674245,1,true
src/main/org/apache/tools/ant/taskdefs/TaskOutputStream.java,48.0,2.0,0.0,3.0,5.0,8.0,1,0.005076142131979695,735.0,15252.3864674245,1,true
src/main/org/apache/tools/ant/taskdefs/Taskdef.java,31.0,1.0,0.0,4.0,2.0,9.0,1,0.005076142131979695,735.0,15252.3864674245,1,true
src/main/org/apache/tools/ant/taskdefs/Touch.java,104.0,10.0,0.0,5.0,18.0,17.0,1,0.005076142131979695,735.0,15252.3864674245,1,true
src/main/org/apache/tools/ant/taskdefs/Untar.java,91.0,3.0,0.0,3.0,25.0,8.0,1,0.005076142131979695,735.0,15252.3864674245,1,true
src/main/org/apache/tools/ant/taskdefs/XSLTProcess.java,157.0,6.0,18.0,9.0,27.0,25.0,1,0.005076142131979695,735.0,15252.3864674245,1,true
src/main/org/apache/tools/ant/taskdefs/Zip.java,252.0,8.0,44.0,13.0,64.0,44.0,2,0.01015228426395939,811.2325581395348,16796.061080818723,2,true
src/main/org/apache/tools/ant/taskdefs/optional/Cab.java,217.0,9.0,74.0,16.0,51.0,45.0,1,0.005076142131979695,735.0,15252.3864674245,1,true
src/main/org/apache/tools/ant/taskdefs/optional/FTP.java,551.0,6.0,184.0,25.0,91.0,86.0,2,0.01015228426395939,811.2325581395348,16796.061080818723,2,false
src/main/org/apache/tools/ant/taskdefs/optional/NetRexxC.java,502.0,8.0,574.0,37.0,81.0,94.0,1,0.005076142131979695,735.0,15252.3864674245,1,true
src/main/org/apache/tools/ant/taskdefs/optional/RenameExtensions.java,80.0,4.0,3.0,7.0,19.0,16.0,0,0.0,0.0,0.0,0,true
src/main/org/apache/tools/ant/taskdefs/optional/XalanLiaison.java,24.0,5.0,2.0,4.0,5.0,11.0,1,0.005076142131979695,735.0,15252.3864674245,1,true
src/main/org/apache/tools/ant/taskdefs/optional/ejb/DDCreator.java,81.0,6.0,0.0,4.0,12.0,8.0,1,0.005076142131979695,735.0,15252.3864674245,1,true
src/main/org/apache/tools/ant/taskdefs/optional/ejb/DescriptorHandler.java,137.0,5.0,17.0,10.0,11.0,24.0,1,0.005076142131979695,76.23255813953489,1543.674613394225,1,false
src/main/org/apache/tools/ant/taskdefs/optional/ejb/EJBDeploymentTool.java,21.0,4.0,6.0,4.0,0.0,8.0,1,0.005076142131979695,76.23255813953489,1543.674613394225,1,false
src/main/org/apache/tools/ant/taskdefs/optional/ejb/EjbJar.java,163.0,10.0,16.0,9.0,22.0,17.0,2,0.01015228426395939,811.2325581395348,16796.061080818723,2,true
src/main/org/apache/tools/ant/taskdefs/optional/ejb/Ejbc.java,122.0,4.0,5.0,6.0,15.0,14.0,2,0.01015228426395939,811.2325581395348,16796.061080818723,2,true
src/main/org/apache/tools/ant/taskdefs/optional/ejb/EjbcHelper.java,217.0,5.0,29.0,11.0,28.0,31.0,1,0.005076142131979695,76.23255813953489,1543.674613394225,1,true
src/main/org/apache/tools/ant/taskdefs/optional/ejb/GenericDeploymentTool.java,212.0,10.0,69.0,14.0,46.0,41.0,1,0.005076142131979695,76.23255813953489,1543.674613394225,1,true
src/main/org/apache/tools/ant/taskdefs/optional/ejb/WLRun.java,125.0,6.0,9.0,7.0,11.0,12.0,2,0.01015228426395939,811.2325581395348,16796.061080818723,2,true
src/main/org/apache/tools/ant/taskdefs/optional/ejb/WLStop.java,83.0,6.0,5.0,6.0,9.0,10.0,1,0.005076142131979695,735.0,15252.3864674245,1,true
src/main/org/apache/tools/ant/taskdefs/optional/ejb/WeblogicDeploymentTool.java,110.0,8.0,30.0,9.0,24.0,24.0,1,0.005076142131979695,76.23255813953489,1543.674613394225,1,true
src/main/org/apache/tools/ant/taskdefs/optional/javacc/JJTree.java,111.0,12.0,0.0,16.0,35.0,22.0,1,0.005076142131979695,76.23255813953489,1543.674613394225,1,true
src/main/org/apache/tools/ant/taskdefs/optional/javacc/JavaCC.java,147.0,12.0,0.0,25.0,44.0,33.0,2,0.01015228426395939,811.2325581395348,16796.061080818723,2,true
src/main/org/apache/tools/ant/taskdefs/optional/junit/BatchTest.java,107.0,6.0,43.0,10.0,3.0,14.0,1,0.005076142131979695,735.0,15252.3864674245,1,true
src/main/org/apache/tools/ant/taskdefs/optional/junit/FormatterElement.java,83.0,5.0,14.0,8.0,7.0,17.0,1,0.005076142131979695,735.0,15252.3864674245,1,true
src/main/org/apache/tools/ant/taskdefs/optional/junit/JUnitResultFormatter.java,19.0,2.0,3.0,3.0,0.0,6.0,1,0.005076142131979695,735.0,15252.3864674245,1,true
src/main/org/apache/tools/ant/taskdefs/optional/junit/JUnitTask.java,187.0,14.0,84.0,17.0,67.0,39.0,1,0.005076142131979695,735.0,15252.3864674245,1,true
src/main/org/apache/tools/ant/taskdefs/optional/junit/JUnitTest.java,102.0,4.0,238.0,24.0,5.0,44.0,1,0.005076142131979695,735.0,15252.3864674245,1,true
src/main/org/apache/tools/ant/taskdefs/optional/junit/JUnitTestRunner.java,220.0,7.0,40.0,13.0,45.0,37.0,1,0.005076142131979695,735.0,15252.3864674245,1,true
src/main/org/apache/tools/ant/taskdefs/optional/junit/PlainJUnitResultFormatter.java,120.0,5.0,14.0,9.0,25.0,22.0,1,0.005076142131979695,735.0,15252.3864674245,1,true
src/main/org/apache/tools/ant/taskdefs/optional/junit/SummaryJUnitResultFormatter.java,76.0,5.0,26.0,8.0,12.0,11.0,1,0.005076142131979695,735.0,15252.3864674245,1,true
src/main/org/apache/tools/ant/taskdefs/optional/junit/XMLJUnitResultFormatter.java,206.0,10.0,42.0,12.0,54.0,36.0,1,0.005076142131979695,735.0,15252.3864674245,1,true
src/main/org/apache/tools/ant/taskdefs/optional/metamata/MParse.java,94.0,9.0,9.0,7.0,23.0,14.0,1,0.005076142131979695,735.0,15252.3864674245,1,true
src/main/org/apache/tools/ant/taskdefs/optional/scm/AntStarTeamCheckOut.java,963.0,5.0,764.0,41.0,112.0,120.0,1,0.005076142131979695,76.23255813953489,1543.674613394225,1,true
src/main/org/apache/tools/ant/taskdefs/optional/vss/MSVSS.java,143.0,5.0,15.0,7.0,13.0,20.0,1,0.005076142131979695,735.0,15252.3864674245,1,true
src/main/org/apache/tools/ant/taskdefs/optional/vss/MSVSSGET.java,216.0,4.0,43.0,11.0,29.0,33.0,1,0.005076142131979695,735.0,15252.3864674245,1,true
src/main/org/apache/tools/ant/types/Commandline.java,235.0,4.0,65.0,14.0,35.0,41.0,2,0.01015228426395939,811.2325581395348,16796.061080818723,2,true
src/main/org/apache/tools/ant/types/CommandlineJava.java,78.0,1.0,34.0,16.0,16.0,33.0,2,0.01015228426395939,811.2325581395348,16796.061080818723,2,true
src/main/org/apache/tools/ant/types/EnumeratedAttribute.java,47.0,1.0,4.0,5.0,3.0,13.0,1,0.005076142131979695,735.0,15252.3864674245,1,true
src/main/org/apache/tools/ant/types/Environment.java,49.0,2.0,0.0,3.0,4.0,7.0,2,0.01015228426395939,811.2325581395348,16796.061080818723,2,true
src/main/org/apache/tools/ant/types/FileSet.java,129.0,6.0,29.0,14.0,24.0,30.0,2,0.01015228426395939,811.2325581395348,16796.061080818723,2,true
src/main/org/apache/tools/ant/types/Path.java,327.0,11.0,138.0,24.0,75.0,79.0,2,0.01015228426395939,811.2325581395348,16796.061080818723,2,true
src/main/org/apache/tools/ant/types/PatternSet.java,181.0,6.0,54.0,13.0,36.0,39.0,2,0.01015228426395939,811.2325581395348,16796.061080818723,2,true
src/main/org/apache/tools/ant/types/Reference.java,30.0,2.0,4.0,5.0,3.0,9.0,2,0.01015228426395939,811.2325581395348,16796.061080818723,2,true
src/main/org/apache/tools/mail/MailMessage.java,278.0,3.0,299.0,27.0,57.0,72.0,1,0.005076142131979695,14.0,Infinity,1,true
src/testcases/org/apache/tools/ant/AllJUnitTests.java,15.0,3.0,1.0,2.0,2.0,3.0,1,0.005076142131979695,735.0,15252.3864674245,1,false
src/testcases/org/apache/tools/ant/IntrospectionHelperTest.java,368.0,4.0,666.0,37.0,69.0,64.0,1,0.005076142131979695,735.0,15252.3864674245,1,true
src/testcases/org/apache/tools/ant/ProjectTest.java,22.0,4.0,1.0,3.0,5.0,4.0,1,0.005076142131979695,735.0,15252.3864674245,1,true
src/testcases/org/apache/tools/ant/types/AllJUnitTests.java,16.0,3.0,1.0,2.0,1.0,3.0,1,0.005076142131979695,735.0,15252.3864674245,1,false
src/testcases/org/apache/tools/ant/types/CommandlineJavaTest.java,37.0,4.0,1.0,3.0,12.0,3.0,1,0.005076142131979695,735.0,15252.3864674245,1,true
src/testcases/org/apache/tools/ant/types/CommandlineTest.java,63.0,4.0,3.0,3.0,6.0,6.0,1,0.005076142131979695,735.0,15252.3864674245,1,true
src/testcases/org/apache/tools/ant/types/EnumeratedAttributeTest.java,55.0,3.0,1.0,3.0,6.0,6.0,1,0.005076142131979695,735.0,15252.3864674245,1,true
src/testcases/org/apache/tools/ant/types/PathTest.java,239.0,5.0,0.0,9.0,43.0,18.0,1,0.005076142131979695,735.0,15252.3864674245,1,true
