name,LOC,CBO,LCOM,NOM,RFC,WMC,numOfChanges,bccm,structuralWorkloadSum,semanticWorkloadSum,numberOfDeveloper,isBuggy
proposal/anteater/bootstrap/Bootstrap.java,87.0,3.0,3.0,3.0,15.0,15.0,0,0.0,0.0,0.0,0,false
proposal/anteater/bootstrap/Bootstrap2.java,191.0,4.0,30.0,9.0,47.0,31.0,0,0.0,0.0,0.0,0,false
proposal/anteater/source/coretasks/buildtarget/org/apache/ant/buildtarget/BuildTargetTask.java,45.0,1.0,0.0,3.0,3.0,8.0,0,0.0,0.0,0.0,0,false
proposal/anteater/source/coretasks/echo/org/apache/ant/echo/EchoTask.java,26.0,1.0,0.0,2.0,2.0,4.0,0,0.0,0.0,0.0,0,false
proposal/anteater/source/main/org/apache/ant/AntException.java,100.0,0.0,43.0,11.0,1.0,21.0,0,0.0,0.0,0.0,0,false
proposal/anteater/source/main/org/apache/ant/AntFrontEnd.java,70.0,0.0,28.0,8.0,1.0,14.0,0,0.0,0.0,0.0,0,false
proposal/anteater/source/main/org/apache/ant/Project.java,208.0,2.0,148.0,20.0,26.0,48.0,0,0.0,0.0,0.0,0,false
proposal/anteater/source/main/org/apache/ant/ProjectBuilder.java,228.0,4.0,0.0,3.0,8.0,10.0,0,0.0,0.0,0.0,0,false
proposal/anteater/source/main/org/apache/ant/Target.java,58.0,1.0,7.0,6.0,2.0,9.0,0,0.0,0.0,0.0,0,false
proposal/anteater/source/main/org/apache/ant/TaskManager.java,182.0,4.0,18.0,8.0,46.0,30.0,0,0.0,0.0,0.0,0,false
proposal/anteater/source/main/org/apache/ant/cli/CLIFrontEnd.java,221.0,3.0,62.0,13.0,42.0,37.0,0,0.0,0.0,0.0,0,false
proposal/anteater/source/main/org/apache/ant/cli/Main.java,52.0,3.0,0.0,1.0,15.0,7.0,0,0.0,0.0,0.0,0,false
proposal/antfarm/core/ant.java,5.0,1.0,0.0,1.0,1.0,2.0,0,0.0,0.0,0.0,0,false
proposal/antfarm/core/org/apache/tools/ant/AntException.java,36.0,1.0,3.0,6.0,3.0,9.0,0,0.0,0.0,0.0,0,false
proposal/antfarm/core/org/apache/tools/ant/AntSecurityManager.java,21.0,0.0,1.0,2.0,0.0,3.0,0,0.0,0.0,0.0,0,false
proposal/antfarm/core/org/apache/tools/ant/BuildEvent.java,114.0,1.0,24.0,12.0,6.0,27.0,0,0.0,0.0,0.0,0,false
proposal/antfarm/core/org/apache/tools/ant/BuildException.java,40.0,0.0,0.0,5.0,1.0,9.0,0,0.0,0.0,0.0,0,false
proposal/antfarm/core/org/apache/tools/ant/BuildListener.java,55.0,1.0,36.0,9.0,0.0,17.0,0,0.0,0.0,0.0,0,false
proposal/antfarm/core/org/apache/tools/ant/ExitException.java,14.0,0.0,0.0,2.0,0.0,3.0,0,0.0,0.0,0.0,0,false
proposal/antfarm/core/org/apache/tools/ant/Import.java,26.0,0.0,0.0,5.0,0.0,8.0,0,0.0,0.0,0.0,0,false
proposal/antfarm/core/org/apache/tools/ant/Importer.java,7.0,1.0,0.0,1.0,0.0,2.0,0,0.0,0.0,0.0,0,false
proposal/antfarm/core/org/apache/tools/ant/Load.java,31.0,1.0,0.0,5.0,8.0,9.0,0,0.0,0.0,0.0,0,false
proposal/antfarm/core/org/apache/tools/ant/Project.java,149.0,3.0,44.0,16.0,23.0,42.0,0,0.0,0.0,0.0,0,false
proposal/antfarm/core/org/apache/tools/ant/Target.java,55.0,1.0,12.0,9.0,5.0,17.0,0,0.0,0.0,0.0,0,false
proposal/antfarm/core/org/apache/tools/ant/Task.java,30.0,0.0,15.0,7.0,0.0,11.0,0,0.0,0.0,0.0,0,false
proposal/antfarm/core/org/apache/tools/ant/TaskData.java,193.0,3.0,51.0,14.0,50.0,52.0,0,0.0,0.0,0.0,0,false
proposal/antfarm/core/org/apache/tools/ant/TaskProxy.java,41.0,0.0,5.0,7.0,4.0,14.0,0,0.0,0.0,0.0,0,false
proposal/antfarm/core/org/apache/tools/ant/Workspace.java,366.0,1.0,297.0,31.0,118.0,86.0,0,0.0,0.0,0.0,0,false
proposal/antfarm/core/org/apache/tools/ant/cmdline/DefaultLogger.java,40.0,2.0,25.0,10.0,11.0,12.0,0,0.0,0.0,0.0,0,false
proposal/antfarm/core/org/apache/tools/ant/cmdline/Main.java,99.0,4.0,6.0,4.0,32.0,17.0,0,0.0,0.0,0.0,0,false
proposal/antfarm/tasks/org/apache/tools/ant/tasks/Copy.java,33.0,2.0,0.0,5.0,2.0,10.0,0,0.0,0.0,0.0,0,false
proposal/antfarm/tasks/org/apache/tools/ant/tasks/Echo.java,12.0,1.0,0.0,3.0,1.0,5.0,0,0.0,0.0,0.0,0,false
proposal/antfarm/tasks/org/apache/tools/ant/tasks/Fileset.java,30.0,3.0,0.0,4.0,8.0,10.0,0,0.0,0.0,0.0,0,false
proposal/antfarm/tasks/org/apache/tools/ant/tasks/Jar.java,65.0,4.0,3.0,7.0,14.0,16.0,0,0.0,0.0,0.0,0,false
proposal/antfarm/tasks/org/apache/tools/ant/tasks/Javac.java,67.0,4.0,3.0,7.0,17.0,15.0,0,0.0,0.0,0.0,0,false
proposal/antfarm/tasks/org/apache/tools/ant/tasks/JavacLoader.java,18.0,3.0,1.0,2.0,10.0,8.0,0,0.0,0.0,0.0,0,false
proposal/antfarm/tasks/org/apache/tools/ant/tasks/SetVariable.java,19.0,1.0,0.0,5.0,2.0,8.0,0,0.0,0.0,0.0,0,false
proposal/antfarm/xml/org/apache/tools/ant/xml/ProjectHandler.java,221.0,7.0,26.0,9.0,10.0,16.0,0,0.0,0.0,0.0,0,false
proposal/antfarm/xml/org/apache/tools/ant/xml/XmlExporter.java,34.0,3.0,6.0,4.0,19.0,12.0,0,0.0,0.0,0.0,0,false
proposal/antfarm/xml/org/apache/tools/ant/xml/XmlImporter.java,117.0,6.0,4.0,5.0,26.0,23.0,0,0.0,0.0,0.0,0,false
proposal/frantic/src/org/apache/ant/AntException.java,8.0,0.0,1.0,2.0,0.0,2.0,0,0.0,0.0,0.0,0,false
proposal/frantic/src/org/apache/ant/engine/AntEngineListener.java,9.0,3.0,21.0,7.0,0.0,7.0,0,0.0,0.0,0.0,0,false
proposal/frantic/src/org/apache/ant/engine/AntEvent.java,16.0,2.0,0.0,4.0,0.0,5.0,0,0.0,0.0,0.0,0,false
proposal/frantic/src/org/apache/ant/engine/DefaultEngineListener.java,75.0,5.0,77.0,15.0,30.0,28.0,0,0.0,0.0,0.0,0,false
proposal/frantic/src/org/apache/ant/engine/HierarchicalHashtable.java,46.0,1.0,22.0,8.0,15.0,17.0,0,0.0,0.0,0.0,0,false
proposal/frantic/src/org/apache/ant/engine/TaskEngine.java,53.0,3.0,45.0,10.0,0.0,20.0,0,0.0,0.0,0.0,0,false
proposal/frantic/src/org/apache/ant/engine/TaskEngineImpl.java,281.0,3.0,145.0,23.0,74.0,69.0,0,0.0,0.0,0.0,0,false
proposal/frantic/src/org/apache/ant/tasks/BaseTask.java,94.0,4.0,151.0,19.0,24.0,40.0,0,0.0,0.0,0.0,0,false
proposal/frantic/src/org/apache/ant/tasks/Task.java,92.0,3.0,78.0,13.0,0.0,24.0,0,0.0,0.0,0.0,0,false
proposal/frantic/src/org/apache/ant/tasks/build/Project.java,38.0,4.0,24.0,8.0,4.0,15.0,0,0.0,0.0,0.0,0,false
proposal/frantic/src/org/apache/ant/tasks/build/Target.java,44.0,4.0,39.0,10.0,4.0,21.0,0,0.0,0.0,0.0,0,false
proposal/frantic/src/org/apache/ant/tasks/util/Property.java,25.0,3.0,11.0,6.0,4.0,10.0,0,0.0,0.0,0.0,0,false
proposal/frantic/src/org/apache/ant/tasks/util/PropertyDump.java,13.0,4.0,1.0,2.0,7.0,4.0,0,0.0,0.0,0.0,0,false
proposal/frantic/src/org/apache/ant/test/SimpleTest.java,64.0,9.0,1.0,3.0,12.0,5.0,0,0.0,0.0,0.0,0,false
proposal/myrmidon/src/java/org/apache/ant/Constants.java,8.0,0.0,0.0,0.0,0.0,0.0,1,0.002617801047120419,475.6,11427.249275731034,1,false
proposal/myrmidon/src/java/org/apache/ant/Main.java,268.0,41.0,34.0,9.0,78.0,39.0,1,0.002617801047120419,475.6,11427.249275731034,1,false
proposal/myrmidon/src/java/org/apache/ant/configuration/ConfigurationBuilder.java,10.0,1.0,0.0,1.0,0.0,2.0,0,0.0,0.0,0.0,0,false
proposal/myrmidon/src/java/org/apache/ant/configuration/Configurer.java,16.0,3.0,0.0,1.0,0.0,4.0,0,0.0,0.0,0.0,0,false
proposal/myrmidon/src/java/org/apache/ant/configuration/DefaultConfigurer.java,250.0,16.0,116.0,16.0,77.0,66.0,0,0.0,0.0,0.0,0,false
proposal/myrmidon/src/java/org/apache/ant/convert/AbstractConverter.java,42.0,1.0,1.0,3.0,3.0,10.0,0,0.0,0.0,0.0,0,false
proposal/myrmidon/src/java/org/apache/ant/convert/Converter.java,17.0,1.0,0.0,1.0,0.0,4.0,0,0.0,0.0,0.0,0,false
proposal/myrmidon/src/java/org/apache/ant/convert/engine/ConverterEngine.java,16.0,3.0,1.0,2.0,0.0,5.0,1,0.002617801047120419,475.6,11427.249275731034,1,false
proposal/myrmidon/src/java/org/apache/ant/convert/engine/ConverterInfo.java,18.0,1.0,1.0,2.0,0.0,4.0,1,0.002617801047120419,475.6,11427.249275731034,1,false
proposal/myrmidon/src/java/org/apache/ant/convert/engine/ConverterRegistry.java,14.0,1.0,0.0,1.0,0.0,3.0,1,0.002617801047120419,475.6,11427.249275731034,1,false
proposal/myrmidon/src/java/org/apache/ant/convert/engine/DefaultConverterEngine.java,56.0,13.0,0.0,4.0,9.0,13.0,1,0.002617801047120419,475.6,11427.249275731034,1,false
proposal/myrmidon/src/java/org/apache/ant/convert/engine/DefaultConverterInfo.java,28.0,0.0,0.0,3.0,0.0,5.0,1,0.002617801047120419,475.6,11427.249275731034,1,false
proposal/myrmidon/src/java/org/apache/ant/convert/engine/DefaultConverterRegistry.java,39.0,4.0,1.0,3.0,5.0,7.0,1,0.002617801047120419,475.6,11427.249275731034,1,false
proposal/myrmidon/src/java/org/apache/ant/launcher/AntClassLoader.java,29.0,5.0,3.0,3.0,1.0,4.0,0,0.0,0.0,0.0,0,false
proposal/myrmidon/src/java/org/apache/ant/launcher/AntLoader.java,52.0,6.0,1.0,2.0,18.0,9.0,0,0.0,0.0,0.0,0,false
proposal/myrmidon/src/java/org/apache/ant/modules/basic/AntCall.java,44.0,11.0,0.0,5.0,13.0,11.0,1,0.002617801047120419,475.6,11427.249275731034,1,false
proposal/myrmidon/src/java/org/apache/ant/modules/basic/Echo.java,13.0,2.0,0.0,2.0,2.0,3.0,1,0.002617801047120419,475.6,11427.249275731034,1,false
proposal/myrmidon/src/java/org/apache/ant/modules/basic/Pattern.java,58.0,3.0,1.0,6.0,2.0,18.0,1,0.002617801047120419,475.6,11427.249275731034,1,false
proposal/myrmidon/src/java/org/apache/ant/modules/basic/Property.java,98.0,16.0,7.0,6.0,20.0,20.0,1,0.002617801047120419,475.6,11427.249275731034,1,false
proposal/myrmidon/src/java/org/apache/ant/modules/basic/StringToByteConverter.java,12.0,2.0,1.0,2.0,0.0,4.0,1,0.002617801047120419,475.6,11427.249275731034,1,false
proposal/myrmidon/src/java/org/apache/ant/modules/basic/StringToClassConverter.java,12.0,2.0,1.0,2.0,1.0,5.0,1,0.002617801047120419,475.6,11427.249275731034,1,false
proposal/myrmidon/src/java/org/apache/ant/modules/basic/StringToDoubleConverter.java,12.0,2.0,1.0,2.0,0.0,4.0,1,0.002617801047120419,475.6,11427.249275731034,1,false
proposal/myrmidon/src/java/org/apache/ant/modules/basic/StringToFileConverter.java,13.0,4.0,1.0,2.0,1.0,4.0,1,0.002617801047120419,475.6,11427.249275731034,1,false
proposal/myrmidon/src/java/org/apache/ant/modules/basic/StringToFloatConverter.java,12.0,2.0,1.0,2.0,0.0,4.0,1,0.002617801047120419,475.6,11427.249275731034,1,false
proposal/myrmidon/src/java/org/apache/ant/modules/basic/StringToIntegerConverter.java,12.0,2.0,1.0,2.0,0.0,4.0,1,0.002617801047120419,475.6,11427.249275731034,1,false
proposal/myrmidon/src/java/org/apache/ant/modules/basic/StringToLongConverter.java,12.0,2.0,1.0,2.0,0.0,4.0,1,0.002617801047120419,475.6,11427.249275731034,1,false
proposal/myrmidon/src/java/org/apache/ant/modules/basic/StringToShortConverter.java,12.0,2.0,1.0,2.0,0.0,4.0,1,0.002617801047120419,475.6,11427.249275731034,1,false
proposal/myrmidon/src/java/org/apache/ant/modules/basic/StringToURLConverter.java,12.0,3.0,1.0,2.0,0.0,4.0,1,0.002617801047120419,475.6,11427.249275731034,1,false
proposal/myrmidon/src/java/org/apache/ant/modules/core/AbstractResourceRegisterer.java,52.0,10.0,11.0,7.0,6.0,20.0,1,0.002617801047120419,475.6,11427.249275731034,1,false
proposal/myrmidon/src/java/org/apache/ant/modules/core/RegisterConverter.java,75.0,14.0,7.0,7.0,12.0,19.0,1,0.002617801047120419,475.6,11427.249275731034,1,false
proposal/myrmidon/src/java/org/apache/ant/modules/core/RegisterDataType.java,20.0,5.0,0.0,1.0,6.0,5.0,1,0.002617801047120419,475.6,11427.249275731034,1,false
proposal/myrmidon/src/java/org/apache/ant/modules/core/RegisterTasklet.java,20.0,5.0,0.0,1.0,5.0,5.0,1,0.002617801047120419,475.6,11427.249275731034,1,false
proposal/myrmidon/src/java/org/apache/ant/modules/core/RegisterTasklib.java,33.0,10.0,0.0,3.0,7.0,8.0,1,0.002617801047120419,475.6,11427.249275731034,1,false
proposal/myrmidon/src/java/org/apache/ant/modules/test/ConfigurationTest.java,20.0,5.0,0.0,2.0,6.0,6.0,1,0.002617801047120419,475.6,11427.249275731034,1,false
proposal/myrmidon/src/java/org/apache/ant/modules/test/ContentTest.java,11.0,2.0,1.0,2.0,2.0,3.0,1,0.002617801047120419,475.6,11427.249275731034,1,false
proposal/myrmidon/src/java/org/apache/ant/modules/test/PrimitiveTypesTest.java,47.0,2.0,91.0,14.0,26.0,15.0,1,0.002617801047120419,475.6,11427.249275731034,1,false
proposal/myrmidon/src/java/org/apache/ant/modules/test/SubElementTest.java,20.0,2.0,3.0,3.0,2.0,5.0,1,0.002617801047120419,475.6,11427.249275731034,1,false
proposal/myrmidon/src/java/org/apache/ant/project/DefaultProject.java,76.0,8.0,18.0,8.0,5.0,17.0,0,0.0,0.0,0.0,0,false
proposal/myrmidon/src/java/org/apache/ant/project/DefaultProjectBuilder.java,149.0,14.0,19.0,7.0,46.0,29.0,0,0.0,0.0,0.0,0,false
proposal/myrmidon/src/java/org/apache/ant/project/DefaultProjectEngine.java,131.0,18.0,12.0,9.0,39.0,26.0,0,0.0,0.0,0.0,0,false
proposal/myrmidon/src/java/org/apache/ant/project/DefaultProjectListener.java,68.0,1.0,30.0,9.0,6.0,20.0,0,0.0,0.0,0.0,0,false
proposal/myrmidon/src/java/org/apache/ant/project/DefaultTarget.java,57.0,4.0,15.0,7.0,4.0,13.0,0,0.0,0.0,0.0,0,false
proposal/myrmidon/src/java/org/apache/ant/project/LogTargetToListenerAdapter.java,26.0,2.0,0.0,2.0,3.0,4.0,0,0.0,0.0,0.0,0,false
proposal/myrmidon/src/java/org/apache/ant/project/Project.java,37.0,4.0,10.0,5.0,0.0,11.0,0,0.0,0.0,0.0,0,false
proposal/myrmidon/src/java/org/apache/ant/project/ProjectBuilder.java,14.0,4.0,0.0,1.0,0.0,4.0,0,0.0,0.0,0.0,0,false
proposal/myrmidon/src/java/org/apache/ant/project/ProjectEngine.java,34.0,4.0,6.0,4.0,0.0,8.0,0,0.0,0.0,0.0,0,false
proposal/myrmidon/src/java/org/apache/ant/project/ProjectListener.java,45.0,0.0,28.0,8.0,0.0,17.0,0,0.0,0.0,0.0,0,false
proposal/myrmidon/src/java/org/apache/ant/project/ProjectListenerSupport.java,106.0,0.0,0.0,10.0,10.0,24.0,0,0.0,0.0,0.0,0,false
proposal/myrmidon/src/java/org/apache/ant/project/Target.java,21.0,3.0,3.0,3.0,0.0,7.0,0,0.0,0.0,0.0,0,false
proposal/myrmidon/src/java/org/apache/ant/runtime/AntContextResources.java,12.0,0.0,0.0,0.0,0.0,0.0,1,0.002617801047120419,475.6,11427.249275731034,1,false
proposal/myrmidon/src/java/org/apache/ant/runtime/AntEngine.java,24.0,6.0,3.0,3.0,0.0,9.0,1,0.002617801047120419,475.6,11427.249275731034,1,false
proposal/myrmidon/src/java/org/apache/ant/runtime/DefaultAntEngine.java,261.0,22.0,64.0,16.0,26.0,50.0,1,0.002617801047120419,475.6,11427.249275731034,1,false
proposal/myrmidon/src/java/org/apache/ant/tasklet/AbstractTasklet.java,36.0,4.0,0.0,3.0,2.0,8.0,0,0.0,0.0,0.0,0,false
proposal/myrmidon/src/java/org/apache/ant/tasklet/DataType.java,8.0,1.0,0.0,0.0,0.0,0.0,1,0.002617801047120419,475.6,11427.249275731034,1,false
proposal/myrmidon/src/java/org/apache/ant/tasklet/DefaultTaskletContext.java,149.0,6.0,54.0,12.0,13.0,37.0,0,0.0,0.0,0.0,0,false
proposal/myrmidon/src/java/org/apache/ant/tasklet/Tasklet.java,13.0,3.0,0.0,0.0,0.0,0.0,0,0.0,0.0,0.0,0,false
proposal/myrmidon/src/java/org/apache/ant/tasklet/TaskletContext.java,71.0,4.0,28.0,8.0,0.0,17.0,0,0.0,0.0,0.0,0,false
proposal/myrmidon/src/java/org/apache/ant/tasklet/engine/DataTypeEngine.java,21.0,5.0,1.0,2.0,0.0,6.0,1,0.002617801047120419,475.6,11427.249275731034,1,false
proposal/myrmidon/src/java/org/apache/ant/tasklet/engine/DefaultDataTypeEngine.java,36.0,11.0,0.0,3.0,3.0,9.0,1,0.002617801047120419,475.6,11427.249275731034,1,false
proposal/myrmidon/src/java/org/apache/ant/tasklet/engine/DefaultTaskletEngine.java,113.0,29.0,52.0,12.0,34.0,35.0,1,0.002617801047120419,475.6,11427.249275731034,1,false
proposal/myrmidon/src/java/org/apache/ant/tasklet/engine/DefaultTskDeployer.java,154.0,26.0,18.0,9.0,49.0,39.0,1,0.002617801047120419,475.6,11427.249275731034,1,false
proposal/myrmidon/src/java/org/apache/ant/tasklet/engine/TaskletEngine.java,32.0,10.0,10.0,5.0,0.0,13.0,1,0.002617801047120419,475.6,11427.249275731034,1,false
proposal/myrmidon/src/java/org/apache/ant/tasklet/engine/TskDeployer.java,9.0,5.0,3.0,3.0,0.0,6.0,0,0.0,0.0,0.0,0,false
proposal/myrmidon/src/java/org/apache/ant/util/Condition.java,34.0,5.0,0.0,4.0,2.0,10.0,0,0.0,0.0,0.0,0,false
proposal/myrmidon/src/java/org/apache/ant/util/ItemSet.java,13.0,1.0,0.0,1.0,0.0,1.0,1,0.002617801047120419,475.6,11427.249275731034,1,false
proposal/myrmidon/src/java/org/apache/ant/util/Mapper.java,19.0,1.0,0.0,1.0,0.0,4.0,1,0.002617801047120419,475.6,11427.249275731034,1,false
proposal/myrmidon/src/java/org/apache/ant/util/Scanner.java,6.0,1.0,0.0,0.0,0.0,0.0,1,0.002617801047120419,475.6,11427.249275731034,1,false
src/antidote/org/apache/tools/ant/gui/About.java,53.0,9.0,0.0,1.0,24.0,3.0,1,0.002617801047120419,277.0857142857143,9940.5,1,false
src/antidote/org/apache/tools/ant/gui/Antidote.java,62.0,5.0,0.0,2.0,15.0,7.0,1,0.002617801047120419,277.0857142857143,9940.5,1,false
src/antidote/org/apache/tools/ant/gui/Args.java,85.0,1.0,15.0,7.0,13.0,20.0,1,0.002617801047120419,277.0857142857143,9940.5,1,false
src/antidote/org/apache/tools/ant/gui/Main.java,65.0,11.0,3.0,3.0,31.0,6.0,1,0.002617801047120419,277.0857142857143,9940.5,1,false
src/antidote/org/apache/tools/ant/gui/acs/ACSBeanDescriptor.java,12.0,2.0,0.0,1.0,7.0,1.0,1,0.002617801047120419,277.0857142857143,9940.5,1,false
src/antidote/org/apache/tools/ant/gui/acs/ACSDefaultElement.java,12.0,1.0,0.0,1.0,0.0,1.0,1,0.002617801047120419,277.0857142857143,9940.5,1,false
src/antidote/org/apache/tools/ant/gui/acs/ACSElement.java,79.0,4.0,15.0,7.0,8.0,15.0,1,0.002617801047120419,277.0857142857143,9940.5,1,false
src/antidote/org/apache/tools/ant/gui/acs/ACSFactory.java,156.0,13.0,43.0,10.0,42.0,23.0,1,0.002617801047120419,277.0857142857143,9940.5,1,false
src/antidote/org/apache/tools/ant/gui/acs/ACSNamedElement.java,59.0,2.0,11.0,6.0,9.0,9.0,1,0.002617801047120419,277.0857142857143,9940.5,1,false
src/antidote/org/apache/tools/ant/gui/acs/ACSProjectElement.java,95.0,3.0,30.0,9.0,12.0,19.0,1,0.002617801047120419,277.0857142857143,9940.5,1,false
src/antidote/org/apache/tools/ant/gui/acs/ACSProjectElementBeanInfo.java,54.0,2.0,6.0,4.0,7.0,9.0,1,0.002617801047120419,277.0857142857143,9940.5,1,false
src/antidote/org/apache/tools/ant/gui/acs/ACSPropertyElement.java,85.0,1.0,22.0,8.0,16.0,14.0,1,0.002617801047120419,277.0857142857143,9940.5,1,false
src/antidote/org/apache/tools/ant/gui/acs/ACSPropertyElementBeanInfo.java,53.0,2.0,6.0,4.0,7.0,9.0,1,0.002617801047120419,277.0857142857143,9940.5,1,false
src/antidote/org/apache/tools/ant/gui/acs/ACSTargetElement.java,108.0,2.0,30.0,9.0,22.0,21.0,1,0.002617801047120419,277.0857142857143,9940.5,1,false
src/antidote/org/apache/tools/ant/gui/acs/ACSTargetElementBeanInfo.java,59.0,2.0,6.0,4.0,7.0,9.0,1,0.002617801047120419,277.0857142857143,9940.5,1,false
src/antidote/org/apache/tools/ant/gui/acs/ACSTaskElement.java,69.0,3.0,10.0,5.0,16.0,9.0,1,0.002617801047120419,277.0857142857143,9940.5,1,false
src/antidote/org/apache/tools/ant/gui/acs/ACSTaskElementBeanInfo.java,53.0,2.0,6.0,4.0,7.0,9.0,1,0.002617801047120419,277.0857142857143,9940.5,1,false
src/antidote/org/apache/tools/ant/gui/acs/ACSTreeNodeElement.java,7.0,5.0,0.0,0.0,0.0,0.0,1,0.002617801047120419,277.0857142857143,9940.5,1,false
src/antidote/org/apache/tools/ant/gui/acs/BaseBeanInfo.java,82.0,5.0,24.0,8.0,4.0,20.0,1,0.002617801047120419,277.0857142857143,9940.5,1,false
src/antidote/org/apache/tools/ant/gui/acs/ElementTreeModel.java,206.0,7.0,73.0,14.0,34.0,49.0,1,0.002617801047120419,277.0857142857143,9940.5,1,false
src/antidote/org/apache/tools/ant/gui/acs/ElementTreeSelectionModel.java,36.0,5.0,1.0,2.0,7.0,6.0,1,0.002617801047120419,277.0857142857143,9940.5,1,false
src/antidote/org/apache/tools/ant/gui/command/AboutCmd.java,19.0,4.0,1.0,2.0,1.0,2.0,1,0.002617801047120419,277.0857142857143,9940.5,1,false
src/antidote/org/apache/tools/ant/gui/command/AbstractCommand.java,28.0,1.0,1.0,3.0,0.0,4.0,1,0.002617801047120419,277.0857142857143,9940.5,1,false
src/antidote/org/apache/tools/ant/gui/command/BuildCmd.java,54.0,4.0,2.0,4.0,8.0,8.0,1,0.002617801047120419,277.0857142857143,9940.5,1,false
src/antidote/org/apache/tools/ant/gui/command/ChangeLookAndFeelCmd.java,20.0,2.0,1.0,2.0,1.0,2.0,1,0.002617801047120419,277.0857142857143,9940.5,1,false
src/antidote/org/apache/tools/ant/gui/command/CloseCmd.java,40.0,4.0,1.0,3.0,8.0,6.0,1,0.002617801047120419,277.0857142857143,9940.5,1,false
src/antidote/org/apache/tools/ant/gui/command/Command.java,12.0,1.0,0.0,1.0,0.0,1.0,1,0.002617801047120419,277.0857142857143,9940.5,1,false
src/antidote/org/apache/tools/ant/gui/command/DisplayErrorCmd.java,85.0,6.0,11.0,6.0,6.0,7.0,1,0.002617801047120419,277.0857142857143,9940.5,1,false
src/antidote/org/apache/tools/ant/gui/command/EmacsNotifyCmd.java,30.0,2.0,1.0,2.0,5.0,5.0,1,0.002617801047120419,277.0857142857143,9940.5,1,false
src/antidote/org/apache/tools/ant/gui/command/ExitCmd.java,20.0,4.0,1.0,2.0,3.0,2.0,1,0.002617801047120419,277.0857142857143,9940.5,1,false
src/antidote/org/apache/tools/ant/gui/command/LoadFileCmd.java,44.0,6.0,1.0,3.0,10.0,6.0,1,0.002617801047120419,277.0857142857143,9940.5,1,false
src/antidote/org/apache/tools/ant/gui/command/NewProjectCmd.java,27.0,3.0,1.0,2.0,9.0,2.0,1,0.002617801047120419,277.0857142857143,9940.5,1,false
src/antidote/org/apache/tools/ant/gui/command/NewPropertyCmd.java,29.0,3.0,1.0,2.0,7.0,4.0,1,0.002617801047120419,277.0857142857143,9940.5,1,false
src/antidote/org/apache/tools/ant/gui/command/NewTargetCmd.java,28.0,3.0,1.0,2.0,11.0,2.0,1,0.002617801047120419,277.0857142857143,9940.5,1,false
src/antidote/org/apache/tools/ant/gui/command/NewTaskCmd.java,30.0,3.0,1.0,2.0,8.0,4.0,1,0.002617801047120419,277.0857142857143,9940.5,1,false
src/antidote/org/apache/tools/ant/gui/command/NoOpCmd.java,19.0,1.0,1.0,2.0,0.0,2.0,1,0.002617801047120419,277.0857142857143,9940.5,1,false
src/antidote/org/apache/tools/ant/gui/command/OpenCmd.java,31.0,6.0,1.0,2.0,8.0,3.0,1,0.002617801047120419,277.0857142857143,9940.5,1,false
src/antidote/org/apache/tools/ant/gui/command/SaveAsCmd.java,82.0,10.0,2.0,4.0,19.0,10.0,1,0.002617801047120419,277.0857142857143,9940.5,1,false
src/antidote/org/apache/tools/ant/gui/command/SaveCmd.java,18.0,2.0,0.0,1.0,5.0,2.0,1,0.002617801047120419,277.0857142857143,9940.5,1,false
src/antidote/org/apache/tools/ant/gui/core/ActionManager.java,222.0,5.0,0.0,6.0,48.0,25.0,1,0.002617801047120419,277.0857142857143,9940.5,1,false
src/antidote/org/apache/tools/ant/gui/core/AntAction.java,207.0,6.0,83.0,15.0,28.0,47.0,1,0.002617801047120419,277.0857142857143,9940.5,1,false
src/antidote/org/apache/tools/ant/gui/core/AntModule.java,52.0,2.0,8.0,5.0,11.0,10.0,1,0.002617801047120419,277.0857142857143,9940.5,1,false
src/antidote/org/apache/tools/ant/gui/core/AppContext.java,92.0,6.0,20.0,8.0,2.0,14.0,1,0.002617801047120419,277.0857142857143,9940.5,1,false
src/antidote/org/apache/tools/ant/gui/core/BuildEventForwarder.java,76.0,3.0,24.0,9.0,11.0,17.0,1,0.002617801047120419,277.0857142857143,9940.5,1,false
src/antidote/org/apache/tools/ant/gui/core/EventDebugMonitor.java,42.0,3.0,3.0,3.0,1.0,7.0,1,0.002617801047120419,277.0857142857143,9940.5,1,false
src/antidote/org/apache/tools/ant/gui/core/EventResponder.java,96.0,5.0,0.0,1.0,2.0,1.0,1,0.002617801047120419,277.0857142857143,9940.5,1,false
src/antidote/org/apache/tools/ant/gui/core/EventToActionMapper.java,75.0,1.0,8.0,5.0,12.0,13.0,1,0.002617801047120419,277.0857142857143,9940.5,1,false
src/antidote/org/apache/tools/ant/gui/core/ProjectManager.java,249.0,11.0,54.0,13.0,31.0,33.0,1,0.002617801047120419,277.0857142857143,9940.5,1,false
src/antidote/org/apache/tools/ant/gui/core/ProjectSelectionMenu.java,98.0,7.0,1.0,2.0,13.0,5.0,1,0.002617801047120419,277.0857142857143,9940.5,1,false
src/antidote/org/apache/tools/ant/gui/core/ResourceManager.java,217.0,5.0,85.0,15.0,26.0,57.0,1,0.002617801047120419,277.0857142857143,9940.5,1,false
src/antidote/org/apache/tools/ant/gui/core/SelectionManager.java,79.0,6.0,9.0,6.0,3.0,14.0,1,0.002617801047120419,277.0857142857143,9940.5,1,false
src/antidote/org/apache/tools/ant/gui/core/XMLFileFilter.java,35.0,2.0,1.0,3.0,6.0,6.0,1,0.002617801047120419,277.0857142857143,9940.5,1,false
src/antidote/org/apache/tools/ant/gui/customizer/AbstractPropertyEditor.java,160.0,8.0,49.0,11.0,7.0,26.0,1,0.002617801047120419,277.0857142857143,9940.5,1,false
src/antidote/org/apache/tools/ant/gui/customizer/DoublePropertyEditor.java,99.0,2.0,0.0,7.0,12.0,18.0,1,0.002617801047120419,277.0857142857143,9940.5,1,false
src/antidote/org/apache/tools/ant/gui/customizer/DynamicCustomizer.java,445.0,7.0,70.0,13.0,60.0,45.0,1,0.002617801047120419,277.0857142857143,9940.5,1,false
src/antidote/org/apache/tools/ant/gui/customizer/FilePropertyEditor.java,128.0,8.0,6.0,8.0,14.0,19.0,1,0.002617801047120419,277.0857142857143,9940.5,1,false
src/antidote/org/apache/tools/ant/gui/customizer/IntegerPropertyEditor.java,99.0,2.0,0.0,7.0,12.0,18.0,1,0.002617801047120419,277.0857142857143,9940.5,1,false
src/antidote/org/apache/tools/ant/gui/customizer/ObjectPropertyEditor.java,215.0,6.0,30.0,9.0,20.0,29.0,1,0.002617801047120419,277.0857142857143,9940.5,1,false
src/antidote/org/apache/tools/ant/gui/customizer/PropertiesPropertyEditor.java,210.0,6.0,15.0,7.0,8.0,18.0,1,0.002617801047120419,277.0857142857143,9940.5,1,false
src/antidote/org/apache/tools/ant/gui/customizer/StringArrayPropertyEditor.java,98.0,4.0,0.0,7.0,15.0,20.0,1,0.002617801047120419,277.0857142857143,9940.5,1,false
src/antidote/org/apache/tools/ant/gui/customizer/StringPropertyEditor.java,89.0,3.0,0.0,8.0,12.0,20.0,1,0.002617801047120419,277.0857142857143,9940.5,1,false
src/antidote/org/apache/tools/ant/gui/event/AntBuildEvent.java,56.0,6.0,0.0,4.0,4.0,10.0,1,0.002617801047120419,277.0857142857143,9940.5,1,false
src/antidote/org/apache/tools/ant/gui/event/AntEvent.java,33.0,4.0,3.0,3.0,2.0,5.0,1,0.002617801047120419,277.0857142857143,9940.5,1,false
src/antidote/org/apache/tools/ant/gui/event/BuildEventType.java,101.0,3.0,0.0,7.0,3.0,15.0,1,0.002617801047120419,277.0857142857143,9940.5,1,false
src/antidote/org/apache/tools/ant/gui/event/BuildFinishedEvent.java,28.0,2.0,0.0,2.0,0.0,3.0,1,0.002617801047120419,277.0857142857143,9940.5,1,false
src/antidote/org/apache/tools/ant/gui/event/BuildStartedEvent.java,28.0,2.0,0.0,2.0,0.0,3.0,1,0.002617801047120419,277.0857142857143,9940.5,1,false
src/antidote/org/apache/tools/ant/gui/event/BusFilter.java,14.0,1.0,0.0,1.0,0.0,3.0,1,0.002617801047120419,277.0857142857143,9940.5,1,false
src/antidote/org/apache/tools/ant/gui/event/BusMember.java,20.0,1.0,1.0,2.0,0.0,6.0,1,0.002617801047120419,277.0857142857143,9940.5,1,false
src/antidote/org/apache/tools/ant/gui/event/ElementSelectionEvent.java,81.0,6.0,0.0,4.0,7.0,13.0,1,0.002617801047120419,277.0857142857143,9940.5,1,false
src/antidote/org/apache/tools/ant/gui/event/ErrorEvent.java,65.0,4.0,4.0,5.0,4.0,8.0,1,0.002617801047120419,277.0857142857143,9940.5,1,false
src/antidote/org/apache/tools/ant/gui/event/EventBus.java,127.0,2.0,4.0,4.0,5.0,11.0,1,0.002617801047120419,277.0857142857143,9940.5,1,false
src/antidote/org/apache/tools/ant/gui/event/NewElementEvent.java,13.0,1.0,0.0,1.0,0.0,2.0,1,0.002617801047120419,277.0857142857143,9940.5,1,false
src/antidote/org/apache/tools/ant/gui/event/NewProjectEvent.java,29.0,3.0,1.0,2.0,1.0,5.0,1,0.002617801047120419,277.0857142857143,9940.5,1,false
src/antidote/org/apache/tools/ant/gui/event/NewPropertyEvent.java,25.0,3.0,1.0,2.0,1.0,5.0,1,0.002617801047120419,277.0857142857143,9940.5,1,false
src/antidote/org/apache/tools/ant/gui/event/NewTargetEvent.java,25.0,3.0,1.0,2.0,1.0,5.0,1,0.002617801047120419,277.0857142857143,9940.5,1,false
src/antidote/org/apache/tools/ant/gui/event/NewTaskEvent.java,25.0,3.0,1.0,2.0,1.0,5.0,1,0.002617801047120419,277.0857142857143,9940.5,1,false
src/antidote/org/apache/tools/ant/gui/event/NullSelectionEvent.java,15.0,2.0,0.0,1.0,0.0,1.0,1,0.002617801047120419,277.0857142857143,9940.5,1,false
src/antidote/org/apache/tools/ant/gui/event/OpenRequestEvent.java,30.0,4.0,0.0,2.0,2.0,3.0,1,0.002617801047120419,277.0857142857143,9940.5,1,false
src/antidote/org/apache/tools/ant/gui/event/ProjectClosedEvent.java,14.0,1.0,0.0,1.0,0.0,1.0,1,0.002617801047120419,277.0857142857143,9940.5,1,false
src/antidote/org/apache/tools/ant/gui/event/ProjectSelectedEvent.java,27.0,3.0,0.0,2.0,0.0,4.0,1,0.002617801047120419,277.0857142857143,9940.5,1,false
src/antidote/org/apache/tools/ant/gui/event/PropertySelectionEvent.java,21.0,3.0,1.0,2.0,1.0,3.0,1,0.002617801047120419,277.0857142857143,9940.5,1,false
src/antidote/org/apache/tools/ant/gui/event/TargetSelectionEvent.java,21.0,3.0,1.0,2.0,1.0,3.0,1,0.002617801047120419,277.0857142857143,9940.5,1,false
src/antidote/org/apache/tools/ant/gui/event/TaskSelectionEvent.java,21.0,3.0,1.0,2.0,1.0,3.0,1,0.002617801047120419,277.0857142857143,9940.5,1,false
src/antidote/org/apache/tools/ant/gui/ide/EmacsNotifier.java,37.0,4.0,0.0,1.0,7.0,2.0,1,0.002617801047120419,277.0857142857143,9940.5,1,false
src/antidote/org/apache/tools/ant/gui/ide/FileErrorNotifier.java,77.0,5.0,28.0,8.0,9.0,13.0,1,0.002617801047120419,277.0857142857143,9940.5,1,false
src/antidote/org/apache/tools/ant/gui/modules/TargetMonitor.java,99.0,12.0,1.0,3.0,12.0,4.0,1,0.002617801047120419,277.0857142857143,9940.5,1,false
src/antidote/org/apache/tools/ant/gui/modules/console/BuildConsole.java,227.0,12.0,1.0,3.0,18.0,4.0,1,0.002617801047120419,277.0857142857143,9940.5,1,false
src/antidote/org/apache/tools/ant/gui/modules/console/LogLevelEnum.java,83.0,0.0,0.0,7.0,0.0,14.0,1,0.002617801047120419,277.0857142857143,9940.5,1,false
src/antidote/org/apache/tools/ant/gui/modules/edit/DependentTargetChooser.java,243.0,22.0,9.0,6.0,44.0,16.0,1,0.002617801047120419,277.0857142857143,9940.5,1,false
src/antidote/org/apache/tools/ant/gui/modules/edit/DependentTargetPropertyEditor.java,215.0,20.0,126.0,17.0,66.0,42.0,1,0.002617801047120419,277.0857142857143,9940.5,1,false
src/antidote/org/apache/tools/ant/gui/modules/edit/ElementNavigator.java,133.0,12.0,1.0,2.0,12.0,2.0,1,0.002617801047120419,277.0857142857143,9940.5,1,false
src/antidote/org/apache/tools/ant/gui/modules/edit/ElementTreeCellRenderer.java,25.0,7.0,0.0,1.0,8.0,5.0,1,0.002617801047120419,277.0857142857143,9940.5,1,false
src/antidote/org/apache/tools/ant/gui/modules/edit/PropertyEditor.java,117.0,12.0,1.0,3.0,18.0,7.0,1,0.002617801047120419,277.0857142857143,9940.5,1,false
src/antidote/org/apache/tools/ant/gui/modules/edit/TargetsTableModel.java,111.0,7.0,10.0,12.0,18.0,25.0,1,0.002617801047120419,277.0857142857143,9940.5,1,false
src/antidote/org/apache/tools/ant/gui/util/ChangeLookAndFeel.java,68.0,9.0,1.0,2.0,26.0,6.0,1,0.002617801047120419,277.0857142857143,9940.5,1,false
src/antidote/org/apache/tools/ant/gui/util/LabelFieldGBC.java,60.0,4.0,10.0,5.0,2.0,13.0,1,0.002617801047120419,277.0857142857143,9940.5,1,false
src/antidote/org/apache/tools/ant/gui/util/StackFrame.java,78.0,3.0,15.0,7.0,15.0,23.0,1,0.002617801047120419,277.0857142857143,9940.5,1,false
src/antidote/org/apache/tools/ant/gui/util/WindowUtils.java,38.0,4.0,6.0,4.0,8.0,4.0,1,0.002617801047120419,277.0857142857143,9940.5,1,false
src/antidote/org/apache/tools/ant/gui/util/XMLHelper.java,16.0,0.0,0.0,1.0,3.0,3.0,1,0.002617801047120419,277.0857142857143,9940.5,1,false
src/antidote/org/apache/tools/ant/gui/wizard/AbstractWizardStep.java,146.0,2.0,95.0,15.0,12.0,26.0,1,0.002617801047120419,277.0857142857143,9940.5,1,false
src/antidote/org/apache/tools/ant/gui/wizard/ButtonNavigator.java,120.0,6.0,7.0,6.0,11.0,9.0,1,0.002617801047120419,277.0857142857143,9940.5,1,false
src/antidote/org/apache/tools/ant/gui/wizard/DefaultStateMachine.java,44.0,2.0,3.0,3.0,13.0,10.0,1,0.002617801047120419,277.0857142857143,9940.5,1,false
src/antidote/org/apache/tools/ant/gui/wizard/InstructionStep.java,34.0,4.0,3.0,3.0,11.0,4.0,1,0.002617801047120419,277.0857142857143,9940.5,1,false
src/antidote/org/apache/tools/ant/gui/wizard/NavigatorListener.java,28.0,0.0,10.0,5.0,0.0,5.0,1,0.002617801047120419,277.0857142857143,9940.5,1,false
src/antidote/org/apache/tools/ant/gui/wizard/StateMachine.java,22.0,0.0,1.0,2.0,0.0,6.0,1,0.002617801047120419,277.0857142857143,9940.5,1,false
src/antidote/org/apache/tools/ant/gui/wizard/Wizard.java,172.0,9.0,2.0,4.0,51.0,9.0,1,0.002617801047120419,277.0857142857143,9940.5,1,false
src/antidote/org/apache/tools/ant/gui/wizard/WizardData.java,17.0,1.0,1.0,2.0,0.0,5.0,1,0.002617801047120419,277.0857142857143,9940.5,1,false
src/antidote/org/apache/tools/ant/gui/wizard/WizardListener.java,17.0,0.0,1.0,2.0,0.0,2.0,1,0.002617801047120419,277.0857142857143,9940.5,1,false
src/antidote/org/apache/tools/ant/gui/wizard/WizardNavigator.java,33.0,0.0,10.0,5.0,0.0,8.0,1,0.002617801047120419,277.0857142857143,9940.5,1,false
src/antidote/org/apache/tools/ant/gui/wizard/WizardStep.java,80.0,2.0,91.0,14.0,0.0,22.0,1,0.002617801047120419,277.0857142857143,9940.5,1,false
src/antidote/org/apache/tools/ant/gui/wizard/build/BuildData.java,100.0,5.0,54.0,12.0,2.0,22.0,1,0.002617801047120419,277.0857142857143,9940.5,1,false
src/antidote/org/apache/tools/ant/gui/wizard/build/BuildStateMachine.java,67.0,3.0,10.0,5.0,10.0,19.0,1,0.002617801047120419,277.0857142857143,9940.5,1,false
src/antidote/org/apache/tools/ant/gui/wizard/build/Builder.java,28.0,1.0,0.0,2.0,4.0,3.0,1,0.002617801047120419,277.0857142857143,9940.5,1,false
src/antidote/org/apache/tools/ant/gui/wizard/build/CompileStep.java,39.0,4.0,10.0,5.0,8.0,7.0,1,0.002617801047120419,277.0857142857143,9940.5,1,false
src/antidote/org/apache/tools/ant/gui/wizard/build/FinishStep.java,34.0,4.0,6.0,4.0,8.0,6.0,1,0.002617801047120419,277.0857142857143,9940.5,1,false
src/antidote/org/apache/tools/ant/gui/wizard/build/JARStep.java,39.0,4.0,10.0,5.0,8.0,7.0,1,0.002617801047120419,277.0857142857143,9940.5,1,false
src/antidote/org/apache/tools/ant/gui/wizard/build/JavaDocStep.java,39.0,4.0,10.0,5.0,8.0,7.0,1,0.002617801047120419,277.0857142857143,9940.5,1,false
src/antidote/org/apache/tools/ant/gui/wizard/build/OptionalStep.java,7.0,1.0,0.0,0.0,0.0,0.0,1,0.002617801047120419,277.0857142857143,9940.5,1,false
src/antidote/org/apache/tools/ant/gui/wizard/build/ProjectSetupStep.java,106.0,9.0,4.0,5.0,35.0,12.0,1,0.002617801047120419,277.0857142857143,9940.5,1,false
src/antidote/org/apache/tools/ant/gui/wizard/build/ProjectTypeStep.java,41.0,6.0,0.0,3.0,13.0,3.0,1,0.002617801047120419,277.0857142857143,9940.5,1,false
src/main/org/apache/tools/ant/AntClassLoader.java,364.0,5.0,43.0,15.0,51.0,65.0,1,0.002617801047120419,265.3333333333333,3533.9511528053204,1,true
src/main/org/apache/tools/ant/BuildEvent.java,89.0,1.0,25.0,11.0,3.0,25.0,0,0.0,0.0,0.0,0,true
src/main/org/apache/tools/ant/BuildException.java,121.0,1.0,21.0,14.0,8.0,24.0,1,0.002617801047120419,265.3333333333333,3533.9511528053204,1,true
src/main/org/apache/tools/ant/BuildListener.java,46.0,1.0,21.0,7.0,0.0,14.0,0,0.0,0.0,0.0,0,true
src/main/org/apache/tools/ant/BuildLogger.java,35.0,1.0,6.0,4.0,0.0,8.0,0,0.0,0.0,0.0,0,true
src/main/org/apache/tools/ant/Constants.java,6.0,0.0,0.0,0.0,0.0,0.0,3,0.007853403141361256,1202.5430894308943,20564.392570126292,3,false
src/main/org/apache/tools/ant/DefaultLogger.java,105.0,1.0,42.0,12.0,17.0,26.0,1,0.002617801047120419,265.3333333333333,3533.9511528053204,1,true
src/main/org/apache/tools/ant/DesirableFilter.java,29.0,3.0,0.0,1.0,3.0,4.0,0,0.0,0.0,0.0,0,true
src/main/org/apache/tools/ant/DirectoryScanner.java,724.0,2.0,155.0,22.0,60.0,85.0,3,0.007853403141361256,733.609756097561,9154.889146601372,3,true
src/main/org/apache/tools/ant/FileScanner.java,85.0,1.0,78.0,13.0,0.0,24.0,0,0.0,0.0,0.0,0,true
src/main/org/apache/tools/ant/IntrospectionHelper.java,368.0,5.0,354.0,28.0,74.0,86.0,0,0.0,0.0,0.0,0,true
src/main/org/apache/tools/ant/Location.java,46.0,0.0,0.0,4.0,2.0,6.0,0,0.0,0.0,0.0,0,true
src/main/org/apache/tools/ant/Main.java,489.0,2.0,2.0,13.0,98.0,61.0,3,0.007853403141361256,747.6,14978.946280742466,3,true
src/main/org/apache/tools/ant/NoBannerLogger.java,23.0,0.0,0.0,3.0,7.0,5.0,0,0.0,0.0,0.0,0,true
src/main/org/apache/tools/ant/PathTokenizer.java,52.0,2.0,0.0,3.0,8.0,10.0,0,0.0,0.0,0.0,0,true
src/main/org/apache/tools/ant/Project.java,816.0,3.0,2016.0,69.0,192.0,186.0,2,0.005235602094240838,726.9430894308944,9137.14329439526,2,true
src/main/org/apache/tools/ant/ProjectHelper.java,553.0,6.0,6.0,9.0,51.0,34.0,1,0.002617801047120419,265.3333333333333,3533.9511528053204,1,true
src/main/org/apache/tools/ant/RuntimeConfigurable.java,75.0,4.0,16.0,9.0,13.0,15.0,0,0.0,0.0,0.0,0,true
src/main/org/apache/tools/ant/Target.java,108.0,1.0,103.0,18.0,28.0,37.0,0,0.0,0.0,0.0,0,true
src/main/org/apache/tools/ant/Task.java,137.0,0.0,127.0,18.0,3.0,33.0,0,0.0,0.0,0.0,0,true
src/main/org/apache/tools/ant/TaskAdapter.java,37.0,2.0,0.0,3.0,4.0,8.0,0,0.0,0.0,0.0,0,true
src/main/org/apache/tools/ant/UnknownElement.java,64.0,1.0,1.0,6.0,25.0,15.0,0,0.0,0.0,0.0,0,true
src/main/org/apache/tools/ant/XmlLogger.java,147.0,5.0,0.0,9.0,52.0,27.0,0,0.0,0.0,0.0,0,true
src/main/org/apache/tools/ant/taskdefs/Ant.java,147.0,3.0,8.0,9.0,58.0,21.0,1,0.002617801047120419,461.609756097561,5603.19214158994,1,true
src/main/org/apache/tools/ant/taskdefs/AntStructure.java,222.0,9.0,26.0,8.0,50.0,30.0,1,0.002617801047120419,461.609756097561,5603.19214158994,1,true
src/main/org/apache/tools/ant/taskdefs/Available.java,111.0,4.0,36.0,12.0,19.0,30.0,1,0.002617801047120419,265.3333333333333,3533.9511528053204,1,true
src/main/org/apache/tools/ant/taskdefs/CallTarget.java,43.0,1.0,0.0,4.0,13.0,7.0,1,0.002617801047120419,461.609756097561,5603.19214158994,1,true
src/main/org/apache/tools/ant/taskdefs/Chmod.java,88.0,4.0,33.0,14.0,21.0,23.0,3,0.007853403141361256,726.9430894308944,9148.863009636923,3,true
src/main/org/apache/tools/ant/taskdefs/CompileTask.java,42.0,3.0,1.0,3.0,9.0,5.0,0,0.0,0.0,0.0,0,false
src/main/org/apache/tools/ant/taskdefs/Copy.java,247.0,5.0,68.0,16.0,43.0,43.0,0,0.0,0.0,0.0,0,true
src/main/org/apache/tools/ant/taskdefs/Copydir.java,77.0,3.0,7.0,7.0,18.0,16.0,0,0.0,0.0,0.0,0,true
src/main/org/apache/tools/ant/taskdefs/Copyfile.java,47.0,3.0,2.0,5.0,9.0,10.0,0,0.0,0.0,0.0,0,true
src/main/org/apache/tools/ant/taskdefs/Cvs.java,156.0,3.0,33.0,11.0,22.0,21.0,0,0.0,0.0,0.0,0,true
src/main/org/apache/tools/ant/taskdefs/Delete.java,238.0,4.0,34.0,17.0,24.0,39.0,2,0.005235602094240838,726.9430894308944,9137.14329439526,2,true
src/main/org/apache/tools/ant/taskdefs/Deltree.java,50.0,2.0,0.0,3.0,11.0,11.0,0,0.0,0.0,0.0,0,true
src/main/org/apache/tools/ant/taskdefs/Echo.java,98.0,3.0,3.0,6.0,9.0,13.0,0,0.0,0.0,0.0,0,true
src/main/org/apache/tools/ant/taskdefs/Exec.java,147.0,2.0,16.0,9.0,23.0,19.0,0,0.0,0.0,0.0,0,true
src/main/org/apache/tools/ant/taskdefs/ExecTask.java,196.0,3.0,105.0,18.0,32.0,49.0,1,0.002617801047120419,265.3333333333333,3533.9511528053204,1,true
src/main/org/apache/tools/ant/taskdefs/Execute.java,470.0,14.0,145.0,19.0,53.0,57.0,3,0.007853403141361256,777.4333333333334,15029.998945899533,3,true
src/main/org/apache/tools/ant/taskdefs/ExecuteJava.java,74.0,9.0,2.0,5.0,13.0,10.0,1,0.002617801047120419,265.3333333333333,3533.9511528053204,1,true
src/main/org/apache/tools/ant/taskdefs/ExecuteOn.java,158.0,5.0,33.0,10.0,26.0,29.0,1,0.002617801047120419,265.3333333333333,3533.9511528053204,1,true
src/main/org/apache/tools/ant/taskdefs/ExecuteStreamHandler.java,31.0,3.0,10.0,5.0,0.0,12.0,0,0.0,0.0,0.0,0,true
src/main/org/apache/tools/ant/taskdefs/ExecuteWatchdog.java,141.0,1.0,0.0,8.0,9.0,27.0,1,0.002617801047120419,461.609756097561,5603.19214158994,1,true
src/main/org/apache/tools/ant/taskdefs/Exit.java,19.0,1.0,0.0,2.0,1.0,6.0,1,0.002617801047120419,461.609756097561,5603.19214158994,1,true
src/main/org/apache/tools/ant/taskdefs/Expand.java,103.0,3.0,2.0,4.0,27.0,13.0,0,0.0,0.0,0.0,0,true
src/main/org/apache/tools/ant/taskdefs/Filter.java,62.0,5.0,0.0,5.0,11.0,12.0,0,0.0,0.0,0.0,0,true
src/main/org/apache/tools/ant/taskdefs/FixCRLF.java,263.0,7.0,10.0,8.0,16.0,29.0,1,0.002617801047120419,461.609756097561,5603.19214158994,1,true
src/main/org/apache/tools/ant/taskdefs/GUnzip.java,76.0,3.0,0.0,3.0,16.0,10.0,0,0.0,0.0,0.0,0,true
src/main/org/apache/tools/ant/taskdefs/GZip.java,66.0,3.0,0.0,5.0,12.0,12.0,0,0.0,0.0,0.0,0,true
src/main/org/apache/tools/ant/taskdefs/GenerateKey.java,220.0,4.0,52.0,13.0,13.0,27.0,0,0.0,0.0,0.0,0,true
src/main/org/apache/tools/ant/taskdefs/Get.java,166.0,4.0,11.0,7.0,30.0,24.0,0,0.0,0.0,0.0,0,true
src/main/org/apache/tools/ant/taskdefs/Jar.java,57.0,4.0,7.0,6.0,14.0,14.0,1,0.002617801047120419,461.609756097561,5603.19214158994,1,true
src/main/org/apache/tools/ant/taskdefs/Java.java,230.0,8.0,104.0,21.0,55.0,54.0,0,0.0,0.0,0.0,0,true
src/main/org/apache/tools/ant/taskdefs/Javac.java,391.0,7.0,738.0,41.0,32.0,90.0,0,0.0,0.0,0.0,0,true
src/main/org/apache/tools/ant/taskdefs/JavacOutputStream.java,54.0,2.0,0.0,4.0,6.0,11.0,0,0.0,0.0,0.0,0,false
src/main/org/apache/tools/ant/taskdefs/Javadoc.java,693.0,7.0,1698.0,64.0,144.0,119.0,3,0.007853403141361256,733.609756097561,9154.889146601372,3,true
src/main/org/apache/tools/ant/taskdefs/Jikes.java,77.0,3.0,0.0,2.0,16.0,8.0,0,0.0,0.0,0.0,0,true
src/main/org/apache/tools/ant/taskdefs/JikesOutputParser.java,95.0,2.0,48.0,12.0,12.0,26.0,0,0.0,0.0,0.0,0,true
src/main/org/apache/tools/ant/taskdefs/KeySubst.java,130.0,3.0,13.0,7.0,28.0,25.0,0,0.0,0.0,0.0,0,true
src/main/org/apache/tools/ant/taskdefs/LogOutputStream.java,66.0,5.0,3.0,7.0,9.0,14.0,0,0.0,0.0,0.0,0,true
src/main/org/apache/tools/ant/taskdefs/LogStreamHandler.java,15.0,4.0,0.0,1.0,0.0,2.0,0,0.0,0.0,0.0,0,true
src/main/org/apache/tools/ant/taskdefs/MatchingTask.java,116.0,4.0,0.0,11.0,25.0,22.0,0,0.0,0.0,0.0,0,true
src/main/org/apache/tools/ant/taskdefs/Mkdir.java,26.0,2.0,0.0,2.0,5.0,5.0,0,0.0,0.0,0.0,0,true
src/main/org/apache/tools/ant/taskdefs/Move.java,110.0,4.0,6.0,4.0,25.0,20.0,0,0.0,0.0,0.0,0,true
src/main/org/apache/tools/ant/taskdefs/Patch.java,87.0,4.0,0.0,8.0,21.0,19.0,0,0.0,0.0,0.0,0,true
src/main/org/apache/tools/ant/taskdefs/Property.java,251.0,5.0,233.0,26.0,69.0,64.0,1,0.002617801047120419,36.5,68.79851736317791,1,true
src/main/org/apache/tools/ant/taskdefs/PumpStreamHandler.java,59.0,3.0,39.0,11.0,7.0,13.0,0,0.0,0.0,0.0,0,true
src/main/org/apache/tools/ant/taskdefs/Rename.java,53.0,3.0,0.0,4.0,7.0,8.0,0,0.0,0.0,0.0,0,true
src/main/org/apache/tools/ant/taskdefs/Replace.java,297.0,4.0,45.0,15.0,49.0,45.0,0,0.0,0.0,0.0,0,true
src/main/org/apache/tools/ant/taskdefs/Rmic.java,331.0,12.0,109.0,18.0,39.0,41.0,3,0.007853403141361256,498.109756097561,5683.71037419478,3,true
src/main/org/apache/tools/ant/taskdefs/SQLExec.java,469.0,9.0,185.0,22.0,71.0,60.0,1,0.002617801047120419,461.609756097561,5603.19214158994,1,true
src/main/org/apache/tools/ant/taskdefs/SendEmail.java,167.0,6.0,16.0,8.0,24.0,16.0,0,0.0,0.0,0.0,0,true
src/main/org/apache/tools/ant/taskdefs/SignJar.java,127.0,3.0,50.0,13.0,16.0,19.0,0,0.0,0.0,0.0,0,true
src/main/org/apache/tools/ant/taskdefs/StreamPumper.java,39.0,3.0,0.0,2.0,3.0,4.0,0,0.0,0.0,0.0,0,true
src/main/org/apache/tools/ant/taskdefs/Tar.java,219.0,6.0,0.0,7.0,46.0,26.0,3,0.007853403141361256,726.9430894308944,9148.863009636923,3,true
src/main/org/apache/tools/ant/taskdefs/TaskOutputStream.java,48.0,2.0,0.0,3.0,5.0,8.0,0,0.0,0.0,0.0,0,true
src/main/org/apache/tools/ant/taskdefs/Taskdef.java,68.0,2.0,7.0,7.0,10.0,17.0,0,0.0,0.0,0.0,0,true
src/main/org/apache/tools/ant/taskdefs/Touch.java,104.0,10.0,0.0,5.0,18.0,17.0,1,0.002617801047120419,461.609756097561,5603.19214158994,1,true
src/main/org/apache/tools/ant/taskdefs/Transform.java,130.0,6.0,4.0,8.0,17.0,25.0,0,0.0,0.0,0.0,0,true
src/main/org/apache/tools/ant/taskdefs/Tstamp.java,96.0,4.0,0.0,2.0,7.0,7.0,0,0.0,0.0,0.0,0,true
src/main/org/apache/tools/ant/taskdefs/Untar.java,91.0,3.0,0.0,3.0,25.0,8.0,0,0.0,0.0,0.0,0,true
src/main/org/apache/tools/ant/taskdefs/UpToDate.java,87.0,7.0,1.0,6.0,17.0,20.0,1,0.002617801047120419,461.609756097561,5603.19214158994,1,true
src/main/org/apache/tools/ant/taskdefs/War.java,65.0,5.0,28.0,9.0,12.0,16.0,1,0.002617801047120419,461.609756097561,5603.19214158994,1,true
src/main/org/apache/tools/ant/taskdefs/XSLTLiaison.java,9.0,1.0,3.0,3.0,0.0,7.0,0,0.0,0.0,0.0,0,true
src/main/org/apache/tools/ant/taskdefs/XSLTProcess.java,241.0,6.0,38.0,13.0,40.0,37.0,2,0.005235602094240838,461.609756097561,5614.911856831603,2,true
src/main/org/apache/tools/ant/taskdefs/Zip.java,397.0,10.0,122.0,20.0,100.0,69.0,2,0.005235602094240838,726.9430894308944,9137.14329439526,2,true
src/main/org/apache/tools/ant/taskdefs/compilers/CompilerAdapter.java,21.0,2.0,1.0,2.0,0.0,4.0,0,0.0,0.0,0.0,0,true
src/main/org/apache/tools/ant/taskdefs/compilers/CompilerAdapterFactory.java,75.0,3.0,3.0,3.0,6.0,13.0,0,0.0,0.0,0.0,0,true
src/main/org/apache/tools/ant/taskdefs/compilers/DefaultCompilerAdapter.java,256.0,5.0,0.0,7.0,66.0,26.0,2,0.005235602094240838,498.109756097561,5671.990658953117,2,true
src/main/org/apache/tools/ant/taskdefs/compilers/Javac12.java,35.0,7.0,0.0,1.0,9.0,7.0,0,0.0,0.0,0.0,0,true
src/main/org/apache/tools/ant/taskdefs/compilers/Javac13.java,43.0,6.0,0.0,1.0,11.0,7.0,0,0.0,0.0,0.0,0,true
src/main/org/apache/tools/ant/taskdefs/compilers/Jikes.java,84.0,3.0,0.0,1.0,15.0,7.0,0,0.0,0.0,0.0,0,true
src/main/org/apache/tools/ant/taskdefs/compilers/Jvc.java,49.0,3.0,0.0,1.0,13.0,5.0,1,0.002617801047120419,36.5,68.79851736317791,1,true
src/main/org/apache/tools/ant/taskdefs/optional/ANTLR.java,98.0,4.0,6.0,9.0,31.0,29.0,0,0.0,0.0,0.0,0,true
src/main/org/apache/tools/ant/taskdefs/optional/Cab.java,212.0,9.0,63.0,15.0,60.0,45.0,0,0.0,0.0,0.0,0,true
src/main/org/apache/tools/ant/taskdefs/optional/IContract.java,530.0,18.0,109.0,18.0,61.0,41.0,1,0.002617801047120419,475.6,11427.249275731034,1,true
src/main/org/apache/tools/ant/taskdefs/optional/Javah.java,280.0,10.0,109.0,18.0,39.0,46.0,1,0.002617801047120419,461.609756097561,5603.19214158994,1,true
src/main/org/apache/tools/ant/taskdefs/optional/Native2Ascii.java,152.0,8.0,10.0,8.0,19.0,23.0,0,0.0,0.0,0.0,0,true
src/main/org/apache/tools/ant/taskdefs/optional/NetRexxC.java,502.0,8.0,574.0,37.0,56.0,94.0,0,0.0,0.0,0.0,0,true
src/main/org/apache/tools/ant/taskdefs/optional/PropertyFile.java,439.0,7.0,25.0,10.0,23.0,25.0,1,0.002617801047120419,265.3333333333333,3533.9511528053204,1,true
src/main/org/apache/tools/ant/taskdefs/optional/Pvcs.java,247.0,10.0,146.0,21.0,43.0,60.0,2,0.005235602094240838,937.209756097561,17030.441417320973,2,false
src/main/org/apache/tools/ant/taskdefs/optional/RenameExtensions.java,75.0,5.0,5.0,6.0,17.0,9.0,0,0.0,0.0,0.0,0,true
src/main/org/apache/tools/ant/taskdefs/optional/Script.java,85.0,4.0,0.0,5.0,26.0,19.0,0,0.0,0.0,0.0,0,true
src/main/org/apache/tools/ant/taskdefs/optional/StyleBook.java,38.0,6.0,4.0,5.0,6.0,7.0,0,0.0,0.0,0.0,0,true
src/main/org/apache/tools/ant/taskdefs/optional/Test.java,42.0,3.0,19.0,7.0,15.0,11.0,1,0.002617801047120419,475.6,11427.249275731034,1,true
src/main/org/apache/tools/ant/taskdefs/optional/TraXLiaison.java,39.0,7.0,2.0,5.0,8.0,15.0,0,0.0,0.0,0.0,0,true
src/main/org/apache/tools/ant/taskdefs/optional/XalanLiaison.java,27.0,5.0,2.0,5.0,6.0,12.0,0,0.0,0.0,0.0,0,true
src/main/org/apache/tools/ant/taskdefs/optional/XslpLiaison.java,21.0,5.0,0.0,4.0,3.0,7.0,0,0.0,0.0,0.0,0,true
src/main/org/apache/tools/ant/taskdefs/optional/depend/ClassFile.java,68.0,4.0,0.0,3.0,14.0,12.0,0,0.0,0.0,0.0,0,true
src/main/org/apache/tools/ant/taskdefs/optional/depend/ClassFileIterator.java,3.0,0.0,0.0,1.0,0.0,1.0,0,0.0,0.0,0.0,0,true
src/main/org/apache/tools/ant/taskdefs/optional/depend/ClassFileUtils.java,26.0,0.0,1.0,2.0,2.0,4.0,1,0.002617801047120419,265.3333333333333,3533.9511528053204,1,true
src/main/org/apache/tools/ant/taskdefs/optional/depend/Depend.java,278.0,6.0,52.0,13.0,73.0,45.0,1,0.002617801047120419,265.3333333333333,3533.9511528053204,1,true
src/main/org/apache/tools/ant/taskdefs/optional/depend/DirectoryIterator.java,109.0,2.0,1.0,3.0,18.0,18.0,0,0.0,0.0,0.0,0,true
src/main/org/apache/tools/ant/taskdefs/optional/depend/JarFileIterator.java,47.0,2.0,1.0,3.0,10.0,14.0,0,0.0,0.0,0.0,0,true
src/main/org/apache/tools/ant/taskdefs/optional/depend/constantpool/ClassCPInfo.java,54.0,2.0,0.0,5.0,3.0,11.0,0,0.0,0.0,0.0,0,true
src/main/org/apache/tools/ant/taskdefs/optional/depend/constantpool/ConstantCPInfo.java,34.0,1.0,1.0,3.0,0.0,4.0,0,0.0,0.0,0.0,0,true
src/main/org/apache/tools/ant/taskdefs/optional/depend/constantpool/ConstantPool.java,234.0,2.0,0.0,14.0,54.0,53.0,0,0.0,0.0,0.0,0,true
src/main/org/apache/tools/ant/taskdefs/optional/depend/constantpool/ConstantPoolEntry.java,167.0,2.0,11.0,7.0,2.0,20.0,0,0.0,0.0,0.0,0,true
src/main/org/apache/tools/ant/taskdefs/optional/depend/constantpool/DoubleCPInfo.java,24.0,3.0,3.0,3.0,3.0,6.0,0,0.0,0.0,0.0,0,true
src/main/org/apache/tools/ant/taskdefs/optional/depend/constantpool/FieldRefCPInfo.java,65.0,2.0,3.0,7.0,7.0,15.0,0,0.0,0.0,0.0,0,true
src/main/org/apache/tools/ant/taskdefs/optional/depend/constantpool/FloatCPInfo.java,27.0,1.0,3.0,3.0,3.0,6.0,0,0.0,0.0,0.0,0,true
src/main/org/apache/tools/ant/taskdefs/optional/depend/constantpool/IntegerCPInfo.java,27.0,1.0,3.0,3.0,3.0,6.0,0,0.0,0.0,0.0,0,true
src/main/org/apache/tools/ant/taskdefs/optional/depend/constantpool/InterfaceMethodRefCPInfo.java,65.0,2.0,3.0,7.0,7.0,15.0,0,0.0,0.0,0.0,0,true
src/main/org/apache/tools/ant/taskdefs/optional/depend/constantpool/LongCPInfo.java,27.0,1.0,3.0,3.0,3.0,6.0,0,0.0,0.0,0.0,0,true
src/main/org/apache/tools/ant/taskdefs/optional/depend/constantpool/MethodRefCPInfo.java,65.0,2.0,3.0,7.0,7.0,15.0,0,0.0,0.0,0.0,0,true
src/main/org/apache/tools/ant/taskdefs/optional/depend/constantpool/NameAndTypeCPInfo.java,56.0,2.0,1.0,6.0,4.0,13.0,0,0.0,0.0,0.0,0,true
src/main/org/apache/tools/ant/taskdefs/optional/depend/constantpool/StringCPInfo.java,41.0,2.0,0.0,4.0,6.0,8.0,0,0.0,0.0,0.0,0,true
src/main/org/apache/tools/ant/taskdefs/optional/depend/constantpool/Utf8CPInfo.java,31.0,2.0,0.0,4.0,1.0,8.0,0,0.0,0.0,0.0,0,true
src/main/org/apache/tools/ant/taskdefs/optional/dotnet/CSharp.java,580.0,4.0,1057.0,50.0,51.0,130.0,0,0.0,0.0,0.0,0,true
src/main/org/apache/tools/ant/taskdefs/optional/dotnet/Ilasm.java,317.0,6.0,273.0,27.0,34.0,73.0,0,0.0,0.0,0.0,0,true
src/main/org/apache/tools/ant/taskdefs/optional/dotnet/NetCommand.java,136.0,6.0,4.0,9.0,20.0,22.0,0,0.0,0.0,0.0,0,true
src/main/org/apache/tools/ant/taskdefs/optional/ejb/DDCreator.java,83.0,4.0,0.0,4.0,15.0,8.0,0,0.0,0.0,0.0,0,true
src/main/org/apache/tools/ant/taskdefs/optional/ejb/DDCreatorHelper.java,72.0,1.0,1.0,3.0,9.0,10.0,0,0.0,0.0,0.0,0,true
src/main/org/apache/tools/ant/taskdefs/optional/ejb/DescriptorHandler.java,156.0,5.0,10.0,9.0,15.0,26.0,1,0.002617801047120419,265.3333333333333,3533.9511528053204,1,false
src/main/org/apache/tools/ant/taskdefs/optional/ejb/EJBDeploymentTool.java,21.0,5.0,6.0,4.0,0.0,8.0,1,0.002617801047120419,265.3333333333333,3533.9511528053204,1,false
src/main/org/apache/tools/ant/taskdefs/optional/ejb/EjbJar.java,292.0,11.0,0.0,15.0,27.0,37.0,1,0.002617801047120419,265.3333333333333,3533.9511528053204,1,true
src/main/org/apache/tools/ant/taskdefs/optional/ejb/Ejbc.java,119.0,4.0,12.0,8.0,18.0,16.0,0,0.0,0.0,0.0,0,true
src/main/org/apache/tools/ant/taskdefs/optional/ejb/EjbcHelper.java,175.0,4.0,7.0,6.0,28.0,25.0,1,0.002617801047120419,461.609756097561,5603.19214158994,1,true
src/main/org/apache/tools/ant/taskdefs/optional/ejb/GenericDeploymentTool.java,422.0,10.0,161.0,23.0,112.0,75.0,1,0.002617801047120419,265.3333333333333,3533.9511528053204,1,true
src/main/org/apache/tools/ant/taskdefs/optional/ejb/InnerClassFilenameFilter.java,16.0,1.0,0.0,2.0,5.0,5.0,0,0.0,0.0,0.0,0,false
src/main/org/apache/tools/ant/taskdefs/optional/ejb/WLRun.java,283.0,6.0,109.0,19.0,31.0,35.0,1,0.002617801047120419,265.3333333333333,3533.9511528053204,1,true
src/main/org/apache/tools/ant/taskdefs/optional/ejb/WLStop.java,109.0,6.0,12.0,8.0,8.0,16.0,1,0.002617801047120419,265.3333333333333,3533.9511528053204,1,true
src/main/org/apache/tools/ant/taskdefs/optional/ejb/WeblogicDeploymentTool.java,449.0,9.0,225.0,23.0,104.0,64.0,1,0.002617801047120419,265.3333333333333,3533.9511528053204,1,true
src/main/org/apache/tools/ant/taskdefs/optional/ejb/WeblogicTOPLinkDeploymentTool.java,63.0,4.0,2.0,5.0,8.0,14.0,1,0.002617801047120419,265.3333333333333,3533.9511528053204,1,false
src/main/org/apache/tools/ant/taskdefs/optional/ide/VAJAntTool.java,69.0,4.0,1.0,3.0,15.0,15.0,0,0.0,0.0,0.0,0,true
src/main/org/apache/tools/ant/taskdefs/optional/ide/VAJAntToolGUI.java,1260.0,36.0,1368.0,53.0,293.0,192.0,0,0.0,0.0,0.0,0,true
src/main/org/apache/tools/ant/taskdefs/optional/ide/VAJBuildInfo.java,264.0,5.0,217.0,23.0,51.0,53.0,0,0.0,0.0,0.0,0,true
src/main/org/apache/tools/ant/taskdefs/optional/ide/VAJExport.java,145.0,10.0,42.0,13.0,28.0,22.0,0,0.0,0.0,0.0,0,true
src/main/org/apache/tools/ant/taskdefs/optional/ide/VAJImport.java,232.0,14.0,25.0,10.0,41.0,29.0,2,0.005235602094240838,272.0,3551.6970050114323,2,true
src/main/org/apache/tools/ant/taskdefs/optional/ide/VAJLoadProjects.java,154.0,7.0,6.0,5.0,38.0,26.0,1,0.002617801047120419,265.3333333333333,3533.9511528053204,1,true
src/main/org/apache/tools/ant/taskdefs/optional/ide/VAJUtil.java,38.0,4.0,1.0,2.0,3.0,9.0,0,0.0,0.0,0.0,0,true
src/main/org/apache/tools/ant/taskdefs/optional/ide/VAJWorkspaceScanner.java,144.0,8.0,13.0,6.0,24.0,24.0,0,0.0,0.0,0.0,0,true
src/main/org/apache/tools/ant/taskdefs/optional/javacc/JJTree.java,112.0,12.0,0.0,16.0,37.0,22.0,1,0.002617801047120419,265.3333333333333,3533.9511528053204,1,true
src/main/org/apache/tools/ant/taskdefs/optional/javacc/JavaCC.java,160.0,12.0,0.0,26.0,46.0,37.0,0,0.0,0.0,0.0,0,true
src/main/org/apache/tools/ant/taskdefs/optional/jlink/ClassNameReader.java,52.0,1.0,0.0,1.0,7.0,5.0,0,0.0,0.0,0.0,0,true
src/main/org/apache/tools/ant/taskdefs/optional/jlink/JlinkTask.java,131.0,4.0,17.0,10.0,20.0,27.0,0,0.0,0.0,0.0,0,true
src/main/org/apache/tools/ant/taskdefs/optional/jlink/jlink.java,272.0,4.0,94.0,16.0,88.0,67.0,0,0.0,0.0,0.0,0,true
src/main/org/apache/tools/ant/taskdefs/optional/jsp/WLJspc.java,192.0,10.0,10.0,8.0,40.0,26.0,0,0.0,0.0,0.0,0,true
src/main/org/apache/tools/ant/taskdefs/optional/junit/AggregateTransformer.java,404.0,25.0,332.0,28.0,89.0,97.0,2,0.005235602094240838,726.9430894308944,9137.14329439526,2,true
src/main/org/apache/tools/ant/taskdefs/optional/junit/BaseTest.java,60.0,2.0,47.0,11.0,2.0,20.0,0,0.0,0.0,0.0,0,true
src/main/org/apache/tools/ant/taskdefs/optional/junit/BatchTest.java,134.0,7.0,24.0,8.0,32.0,24.0,1,0.002617801047120419,461.609756097561,5603.19214158994,1,true
src/main/org/apache/tools/ant/taskdefs/optional/junit/DOMUtil.java,172.0,13.0,10.0,5.0,35.0,22.0,1,0.002617801047120419,461.609756097561,5603.19214158994,1,true
src/main/org/apache/tools/ant/taskdefs/optional/junit/Enumerations.java,28.0,2.0,3.0,3.0,0.0,5.0,1,0.002617801047120419,461.609756097561,5603.19214158994,1,true
src/main/org/apache/tools/ant/taskdefs/optional/junit/FormatterElement.java,90.0,5.0,25.0,10.0,7.0,21.0,0,0.0,0.0,0.0,0,true
src/main/org/apache/tools/ant/taskdefs/optional/junit/JUnitResultFormatter.java,19.0,2.0,3.0,3.0,0.0,6.0,0,0.0,0.0,0.0,0,true
src/main/org/apache/tools/ant/taskdefs/optional/junit/JUnitTask.java,345.0,17.0,236.0,25.0,98.0,85.0,1,0.002617801047120419,461.609756097561,5603.19214158994,1,true
src/main/org/apache/tools/ant/taskdefs/optional/junit/JUnitTest.java,85.0,4.0,102.0,16.0,6.0,29.0,1,0.002617801047120419,461.609756097561,5603.19214158994,1,true
src/main/org/apache/tools/ant/taskdefs/optional/junit/JUnitTestRunner.java,248.0,7.0,61.0,15.0,47.0,46.0,2,0.005235602094240838,726.9430894308944,9137.14329439526,2,true
src/main/org/apache/tools/ant/taskdefs/optional/junit/PlainJUnitResultFormatter.java,129.0,6.0,23.0,10.0,26.0,25.0,1,0.002617801047120419,461.609756097561,5603.19214158994,1,true
src/main/org/apache/tools/ant/taskdefs/optional/junit/SummaryJUnitResultFormatter.java,85.0,6.0,34.0,9.0,13.0,15.0,1,0.002617801047120419,461.609756097561,5603.19214158994,1,true
src/main/org/apache/tools/ant/taskdefs/optional/junit/XMLConstants.java,63.0,0.0,0.0,0.0,0.0,0.0,1,0.002617801047120419,461.609756097561,5603.19214158994,1,true
src/main/org/apache/tools/ant/taskdefs/optional/junit/XMLJUnitResultFormatter.java,142.0,12.0,35.0,11.0,38.0,28.0,1,0.002617801047120419,461.609756097561,5603.19214158994,1,true
src/main/org/apache/tools/ant/taskdefs/optional/junit/XMLResultAggregator.java,211.0,21.0,47.0,11.0,50.0,39.0,2,0.005235602094240838,726.9430894308944,9137.14329439526,2,true
src/main/org/apache/tools/ant/taskdefs/optional/metamata/MParse.java,275.0,9.0,152.0,21.0,61.0,53.0,1,0.002617801047120419,265.3333333333333,3533.9511528053204,1,true
src/main/org/apache/tools/ant/taskdefs/optional/net/FTP.java,544.0,6.0,186.0,25.0,89.0,87.0,0,0.0,0.0,0.0,0,true
src/main/org/apache/tools/ant/taskdefs/optional/perforce/P4Base.java,115.0,5.0,22.0,8.0,17.0,14.0,1,0.002617801047120419,461.609756097561,5603.19214158994,1,true
src/main/org/apache/tools/ant/taskdefs/optional/perforce/P4Change.java,55.0,2.0,6.0,4.0,23.0,22.0,1,0.002617801047120419,461.609756097561,5603.19214158994,1,true
src/main/org/apache/tools/ant/taskdefs/optional/perforce/P4Edit.java,18.0,1.0,0.0,2.0,1.0,4.0,0,0.0,0.0,0.0,0,true
src/main/org/apache/tools/ant/taskdefs/optional/perforce/P4Handler.java,9.0,2.0,1.0,2.0,0.0,4.0,0,0.0,0.0,0.0,0,true
src/main/org/apache/tools/ant/taskdefs/optional/perforce/P4HandlerAdapter.java,39.0,2.0,11.0,7.0,7.0,15.0,0,0.0,0.0,0.0,0,true
src/main/org/apache/tools/ant/taskdefs/optional/perforce/P4Have.java,11.0,1.0,0.0,1.0,1.0,2.0,0,0.0,0.0,0.0,0,true
src/main/org/apache/tools/ant/taskdefs/optional/perforce/P4Label.java,51.0,3.0,6.0,5.0,7.0,8.0,0,0.0,0.0,0.0,0,true
src/main/org/apache/tools/ant/taskdefs/optional/perforce/P4Submit.java,28.0,1.0,1.0,3.0,3.0,7.0,0,0.0,0.0,0.0,0,true
src/main/org/apache/tools/ant/taskdefs/optional/perforce/P4Sync.java,37.0,1.0,0.0,3.0,5.0,13.0,0,0.0,0.0,0.0,0,true
src/main/org/apache/tools/ant/taskdefs/optional/perforce/SimpleP4OutputHandler.java,13.0,1.0,0.0,2.0,3.0,6.0,0,0.0,0.0,0.0,0,true
src/main/org/apache/tools/ant/taskdefs/optional/scm/AntStarTeamCheckOut.java,963.0,5.0,764.0,41.0,112.0,120.0,0,0.0,0.0,0.0,0,true
src/main/org/apache/tools/ant/taskdefs/optional/sound/AntSoundPlayer.java,158.0,4.0,87.0,14.0,25.0,33.0,1,0.002617801047120419,265.3333333333333,3533.9511528053204,1,true
src/main/org/apache/tools/ant/taskdefs/optional/sound/SoundTask.java,108.0,3.0,6.0,5.0,8.0,9.0,1,0.002617801047120419,265.3333333333333,3533.9511528053204,1,true
src/main/org/apache/tools/ant/taskdefs/optional/vss/MSVSS.java,149.0,5.0,15.0,7.0,13.0,20.0,1,0.002617801047120419,36.5,68.79851736317791,1,true
src/main/org/apache/tools/ant/taskdefs/optional/vss/MSVSSGET.java,245.0,4.0,64.0,13.0,34.0,41.0,1,0.002617801047120419,36.5,68.79851736317791,1,true
src/main/org/apache/tools/ant/taskdefs/optional/vss/MSVSSLABEL.java,131.0,2.0,7.0,6.0,17.0,15.0,0,0.0,0.0,0.0,0,true
src/main/org/apache/tools/ant/types/Commandline.java,286.0,4.0,96.0,17.0,39.0,49.0,0,0.0,0.0,0.0,0,true
src/main/org/apache/tools/ant/types/CommandlineJava.java,156.0,3.0,82.0,21.0,24.0,42.0,2,0.005235602094240838,726.9430894308944,9137.14329439526,2,true
src/main/org/apache/tools/ant/types/DataType.java,108.0,3.0,20.0,8.0,7.0,22.0,0,0.0,0.0,0.0,0,true
src/main/org/apache/tools/ant/types/Environment.java,55.0,2.0,0.0,3.0,4.0,7.0,0,0.0,0.0,0.0,0,true
src/main/org/apache/tools/ant/types/FileSet.java,184.0,7.0,14.0,16.0,53.0,53.0,2,0.005235602094240838,726.9430894308944,9137.14329439526,2,true
src/main/org/apache/tools/ant/types/Mapper.java,179.0,6.0,23.0,11.0,31.0,41.0,1,0.002617801047120419,265.3333333333333,3533.9511528053204,1,true
src/main/org/apache/tools/ant/types/Path.java,385.0,12.0,125.0,22.0,87.0,79.0,0,0.0,0.0,0.0,0,true
src/main/org/apache/tools/ant/types/PatternSet.java,269.0,8.0,86.0,17.0,67.0,63.0,1,0.002617801047120419,461.609756097561,5603.19214158994,1,true
src/main/org/apache/tools/ant/types/Reference.java,30.0,2.0,4.0,5.0,3.0,9.0,0,0.0,0.0,0.0,0,true
src/main/org/apache/tools/ant/types/ZipFileSet.java,102.0,5.0,12.0,8.0,6.0,22.0,1,0.002617801047120419,461.609756097561,5603.19214158994,1,true
src/main/org/apache/tools/ant/types/ZipScanner.java,64.0,2.0,8.0,5.0,4.0,13.0,1,0.002617801047120419,461.609756097561,5603.19214158994,1,true
src/main/org/apache/tools/ant/util/DOMElementWriter.java,152.0,2.0,3.0,3.0,28.0,20.0,1,0.002617801047120419,461.609756097561,5603.19214158994,1,true
src/main/org/apache/tools/ant/util/FileNameMapper.java,29.0,0.0,3.0,3.0,0.0,8.0,0,0.0,0.0,0.0,0,true
src/main/org/apache/tools/ant/util/FlatFileNameMapper.java,26.0,0.0,3.0,3.0,1.0,5.0,0,0.0,0.0,0.0,0,true
src/main/org/apache/tools/ant/util/GlobPatternMapper.java,85.0,0.0,0.0,4.0,10.0,11.0,0,0.0,0.0,0.0,0,true
src/main/org/apache/tools/ant/util/IdentityMapper.java,24.0,0.0,3.0,3.0,0.0,4.0,0,0.0,0.0,0.0,0,true
src/main/org/apache/tools/ant/util/MergingMapper.java,27.0,0.0,1.0,3.0,0.0,4.0,0,0.0,0.0,0.0,0,true
src/main/org/apache/tools/mail/MailMessage.java,279.0,3.0,299.0,27.0,58.0,72.0,0,0.0,0.0,0.0,0,true
src/main/org/apache/tools/mail/SmtpResponseReader.java,58.0,1.0,2.0,5.0,11.0,12.0,0,0.0,0.0,0.0,0,true
src/main/org/apache/tools/tar/TarBuffer.java,273.0,1.0,0.0,21.0,24.0,56.0,0,0.0,0.0,0.0,0,true
src/main/org/apache/tools/tar/TarConstants.java,104.0,0.0,0.0,0.0,0.0,0.0,1,0.002617801047120419,265.3333333333333,3533.9511528053204,1,true
src/main/org/apache/tools/tar/TarEntry.java,467.0,2.0,205.0,31.0,43.0,65.0,1,0.002617801047120419,265.3333333333333,3533.9511528053204,1,true
src/main/org/apache/tools/tar/TarInputStream.java,261.0,1.0,84.0,16.0,24.0,47.0,1,0.002617801047120419,265.3333333333333,3533.9511528053204,1,true
src/main/org/apache/tools/tar/TarOutputStream.java,206.0,1.0,41.0,15.0,22.0,36.0,1,0.002617801047120419,265.3333333333333,3533.9511528053204,1,true
src/main/org/apache/tools/tar/TarUtils.java,138.0,0.0,21.0,7.0,6.0,27.0,0,0.0,0.0,0.0,0,true
src/testcases/org/apache/tools/ant/IncludeTest.java,29.0,1.0,15.0,6.0,10.0,11.0,1,0.002617801047120419,265.3333333333333,3533.9511528053204,1,true
src/testcases/org/apache/tools/ant/IntrospectionHelperTest.java,374.0,4.0,666.0,37.0,71.0,66.0,0,0.0,0.0,0.0,0,true
src/testcases/org/apache/tools/ant/ProjectTest.java,22.0,4.0,1.0,3.0,5.0,4.0,0,0.0,0.0,0.0,0,true
src/testcases/org/apache/tools/ant/taskdefs/AntStructureTest.java,14.0,0.0,3.0,3.0,2.0,5.0,0,0.0,0.0,0.0,0,true
src/testcases/org/apache/tools/ant/taskdefs/AntTest.java,29.0,0.0,28.0,8.0,7.0,10.0,0,0.0,0.0,0.0,0,true
src/testcases/org/apache/tools/ant/taskdefs/AvailableTest.java,65.0,0.0,120.0,16.0,37.0,20.0,0,0.0,0.0,0.0,0,true
src/testcases/org/apache/tools/ant/taskdefs/CopyTest.java,29.0,0.0,10.0,5.0,10.0,8.0,1,0.002617801047120419,461.609756097561,5603.19214158994,1,true
src/testcases/org/apache/tools/ant/taskdefs/CopydirTest.java,33.0,1.0,28.0,8.0,11.0,13.0,1,0.002617801047120419,461.609756097561,5603.19214158994,1,true
src/testcases/org/apache/tools/ant/taskdefs/CopyfileTest.java,39.0,1.0,36.0,9.0,12.0,15.0,1,0.002617801047120419,461.609756097561,5603.19214158994,1,true
src/testcases/org/apache/tools/ant/taskdefs/DeleteTest.java,20.0,0.0,10.0,5.0,4.0,7.0,0,0.0,0.0,0.0,0,true
src/testcases/org/apache/tools/ant/taskdefs/DeltreeTest.java,17.0,0.0,6.0,4.0,3.0,6.0,0,0.0,0.0,0.0,0,true
src/testcases/org/apache/tools/ant/taskdefs/EchoTest.java,20.0,0.0,10.0,5.0,4.0,6.0,0,0.0,0.0,0.0,0,true
src/testcases/org/apache/tools/ant/taskdefs/ExecuteWatchdogTest.java,105.0,3.0,35.0,11.0,43.0,29.0,1,0.002617801047120419,461.609756097561,5603.19214158994,1,true
src/testcases/org/apache/tools/ant/taskdefs/FailTest.java,17.0,0.0,6.0,4.0,3.0,5.0,0,0.0,0.0,0.0,0,true
src/testcases/org/apache/tools/ant/taskdefs/FilterTest.java,64.0,5.0,55.0,11.0,24.0,17.0,1,0.002617801047120419,461.609756097561,5603.19214158994,1,true
src/testcases/org/apache/tools/ant/taskdefs/GUnzipTest.java,29.0,1.0,10.0,5.0,8.0,8.0,1,0.002617801047120419,461.609756097561,5603.19214158994,1,true
src/testcases/org/apache/tools/ant/taskdefs/GetTest.java,36.0,1.0,28.0,8.0,11.0,11.0,2,0.005235602094240838,498.109756097561,5671.990658953117,2,true
src/testcases/org/apache/tools/ant/taskdefs/GzipTest.java,30.0,1.0,21.0,7.0,9.0,9.0,1,0.002617801047120419,461.609756097561,5603.19214158994,1,true
src/testcases/org/apache/tools/ant/taskdefs/JarTest.java,33.0,2.0,19.0,7.0,13.0,13.0,1,0.002617801047120419,461.609756097561,5603.19214158994,1,true
src/testcases/org/apache/tools/ant/taskdefs/MkdirTest.java,27.0,0.0,10.0,5.0,9.0,8.0,1,0.002617801047120419,461.609756097561,5603.19214158994,1,true
src/testcases/org/apache/tools/ant/taskdefs/PropertyTest.java,14.0,0.0,3.0,3.0,2.0,4.0,1,0.002617801047120419,265.3333333333333,3533.9511528053204,1,true
src/testcases/org/apache/tools/ant/taskdefs/RenameTest.java,23.0,0.0,15.0,6.0,5.0,7.0,0,0.0,0.0,0.0,0,true
src/testcases/org/apache/tools/ant/taskdefs/ReplaceTest.java,35.0,0.0,45.0,10.0,9.0,15.0,0,0.0,0.0,0.0,0,true
src/testcases/org/apache/tools/ant/taskdefs/TarTest.java,26.0,0.0,21.0,7.0,6.0,11.0,2,0.005235602094240838,726.9430894308944,9137.14329439526,2,true
src/testcases/org/apache/tools/ant/taskdefs/TaskdefTest.java,26.0,0.0,21.0,7.0,6.0,12.0,0,0.0,0.0,0.0,0,true
src/testcases/org/apache/tools/ant/taskdefs/TaskdefsTest.java,164.0,3.0,64.0,13.0,31.0,27.0,2,0.005235602094240838,726.9430894308944,9137.14329439526,2,true
src/testcases/org/apache/tools/ant/taskdefs/UnzipTest.java,20.0,0.0,10.0,5.0,4.0,9.0,0,0.0,0.0,0.0,0,true
src/testcases/org/apache/tools/ant/taskdefs/ZipTest.java,35.0,0.0,45.0,10.0,9.0,13.0,2,0.005235602094240838,726.9430894308944,9137.14329439526,2,true
src/testcases/org/apache/tools/ant/taskdefs/optional/ANTLRTest.java,36.0,2.0,34.0,9.0,10.0,9.0,1,0.002617801047120419,265.3333333333333,3533.9511528053204,1,true
src/testcases/org/apache/tools/ant/taskdefs/optional/PvcsTest.java,20.0,2.0,10.0,5.0,4.0,7.0,1,0.002617801047120419,475.6,11427.249275731034,1,true
src/testcases/org/apache/tools/ant/types/CommandlineJavaTest.java,44.0,4.0,1.0,3.0,16.0,5.0,1,0.002617801047120419,265.3333333333333,3533.9511528053204,1,true
src/testcases/org/apache/tools/ant/types/CommandlineTest.java,63.0,4.0,3.0,3.0,6.0,6.0,0,0.0,0.0,0.0,0,true
src/testcases/org/apache/tools/ant/types/EnumeratedAttributeTest.java,55.0,3.0,1.0,3.0,6.0,6.0,0,0.0,0.0,0.0,0,true
src/testcases/org/apache/tools/ant/types/FileSetTest.java,155.0,5.0,0.0,4.0,24.0,7.0,0,0.0,0.0,0.0,0,true
src/testcases/org/apache/tools/ant/types/MapperTest.java,114.0,7.0,4.0,5.0,23.0,8.0,1,0.002617801047120419,265.3333333333333,3533.9511528053204,1,true
src/testcases/org/apache/tools/ant/types/PathTest.java,232.0,5.0,0.0,9.0,46.0,18.0,0,0.0,0.0,0.0,0,true
src/testcases/org/apache/tools/ant/types/PatternSetTest.java,130.0,5.0,4.0,4.0,21.0,7.0,0,0.0,0.0,0.0,0,true
src/testcases/org/apache/tools/ant/util/DOMElementWriterTest.java,39.0,3.0,1.0,3.0,4.0,3.0,0,0.0,0.0,0.0,0,true
src/testcases/org/apache/tools/ant/util/GlobPatternMapperTest.java,63.0,3.0,10.0,5.0,24.0,9.0,0,0.0,0.0,0.0,0,true
src/testcases/org/apache/tools/ant/util/regexp/RegexpMatcherTest.java,54.0,4.0,6.0,4.0,10.0,4.0,0,0.0,0.0,0.0,0,true
