name,LOC,CBO,LCOM,NOM,RFC,WMC,numOfChanges,bccm,structuralWorkloadSum,semanticWorkloadSum,numberOfDeveloper,isBuggy
proposal/mutant/src/bootstrap/org/apache/ant/bootstrap/BootstrapLoader.java,181.0,4.0,43.0,10.0,45.0,45.0,1,0.0022727272727272726,1143.2396694214876,17256.417218137278,1,false
proposal/mutant/src/main/org/apache/ant/component/core/AntAspectHandler.java,12.0,3.0,0.0,2.0,2.0,3.0,1,0.0022727272727272726,1143.2396694214876,17256.417218137278,1,false
proposal/mutant/src/main/org/apache/ant/component/core/Echo.java,98.0,3.0,3.0,6.0,7.0,13.0,1,0.0022727272727272726,1143.2396694214876,17256.417218137278,1,false
proposal/mutant/src/main/org/apache/ant/component/core/EnumeratedAttributeConverter.java,30.0,2.0,1.0,2.0,5.0,6.0,1,0.0022727272727272726,1143.2396694214876,17256.417218137278,1,false
proposal/mutant/src/main/org/apache/ant/component/core/FileConverter.java,21.0,3.0,0.0,2.0,4.0,7.0,1,0.0022727272727272726,1143.2396694214876,17256.417218137278,1,false
proposal/mutant/src/main/org/apache/ant/component/core/Property.java,123.0,4.0,61.0,15.0,35.0,34.0,1,0.0022727272727272726,1143.2396694214876,17256.417218137278,1,false
proposal/mutant/src/main/org/apache/ant/component/core/URLConverter.java,25.0,3.0,0.0,2.0,2.0,6.0,1,0.0022727272727272726,1143.2396694214876,17256.417218137278,1,false
proposal/mutant/src/main/org/apache/ant/component/thread/Parallel.java,15.0,3.0,0.0,2.0,5.0,4.0,1,0.0022727272727272726,1143.2396694214876,17256.417218137278,1,false
proposal/mutant/src/main/org/apache/ant/component/thread/Sequential.java,15.0,3.0,0.0,2.0,5.0,4.0,1,0.0022727272727272726,1143.2396694214876,17256.417218137278,1,false
proposal/mutant/src/main/org/apache/ant/core/config/ComponentManager.java,65.0,9.0,0.0,1.0,15.0,8.0,1,0.0022727272727272726,1143.2396694214876,17256.417218137278,1,false
proposal/mutant/src/main/org/apache/ant/core/execution/AbstractAspectHandler.java,16.0,4.0,4.0,4.0,0.0,8.0,1,0.0022727272727272726,1143.2396694214876,17256.417218137278,1,false
proposal/mutant/src/main/org/apache/ant/core/execution/AbstractTask.java,27.0,4.0,0.0,4.0,2.0,5.0,1,0.0022727272727272726,1143.2396694214876,17256.417218137278,1,false
proposal/mutant/src/main/org/apache/ant/core/execution/AntConverter.java,8.0,0.0,0.0,1.0,0.0,1.0,1,0.0022727272727272726,1143.2396694214876,17256.417218137278,1,false
proposal/mutant/src/main/org/apache/ant/core/execution/AntLibrary.java,62.0,3.0,9.0,6.0,12.0,9.0,1,0.0022727272727272726,1143.2396694214876,17256.417218137278,1,false
proposal/mutant/src/main/org/apache/ant/core/execution/AspectDefinition.java,60.0,2.0,0.0,5.0,1.0,12.0,1,0.0022727272727272726,1143.2396694214876,17256.417218137278,1,false
proposal/mutant/src/main/org/apache/ant/core/execution/AspectHandler.java,10.0,4.0,3.0,3.0,0.0,6.0,1,0.0022727272727272726,1143.2396694214876,17256.417218137278,1,false
proposal/mutant/src/main/org/apache/ant/core/execution/BuildEvent.java,87.0,2.0,6.0,8.0,0.0,19.0,1,0.0022727272727272726,1143.2396694214876,17256.417218137278,1,false
proposal/mutant/src/main/org/apache/ant/core/execution/BuildEventSupport.java,47.0,2.0,39.0,10.0,13.0,18.0,1,0.0022727272727272726,1143.2396694214876,17256.417218137278,1,false
proposal/mutant/src/main/org/apache/ant/core/execution/BuildListener.java,8.0,1.0,0.0,1.0,0.0,1.0,1,0.0022727272727272726,1143.2396694214876,17256.417218137278,1,false
proposal/mutant/src/main/org/apache/ant/core/execution/ClassIntrospectionException.java,75.0,1.0,1.0,7.0,6.0,12.0,1,0.0022727272727272726,1143.2396694214876,17256.417218137278,1,false
proposal/mutant/src/main/org/apache/ant/core/execution/ClassIntrospector.java,338.0,3.0,323.0,27.0,69.0,84.0,1,0.0022727272727272726,1143.2396694214876,17256.417218137278,1,false
proposal/mutant/src/main/org/apache/ant/core/execution/ConversionException.java,75.0,1.0,1.0,7.0,6.0,12.0,1,0.0022727272727272726,1143.2396694214876,17256.417218137278,1,false
proposal/mutant/src/main/org/apache/ant/core/execution/Converter.java,10.0,0.0,0.0,1.0,0.0,2.0,1,0.0022727272727272726,1143.2396694214876,17256.417218137278,1,false
proposal/mutant/src/main/org/apache/ant/core/execution/ConverterDefinition.java,78.0,2.0,0.0,6.0,2.0,17.0,1,0.0022727272727272726,1143.2396694214876,17256.417218137278,1,false
proposal/mutant/src/main/org/apache/ant/core/execution/ExecutionContext.java,37.0,4.0,0.0,5.0,4.0,11.0,1,0.0022727272727272726,1143.2396694214876,17256.417218137278,1,false
proposal/mutant/src/main/org/apache/ant/core/execution/ExecutionException.java,58.0,2.0,15.0,6.0,0.0,10.0,1,0.0022727272727272726,1143.2396694214876,17256.417218137278,1,false
proposal/mutant/src/main/org/apache/ant/core/execution/ExecutionFrame.java,710.0,5.0,581.0,38.0,195.0,141.0,1,0.0022727272727272726,1143.2396694214876,17256.417218137278,1,false
proposal/mutant/src/main/org/apache/ant/core/execution/InputProvider.java,12.0,0.0,0.0,1.0,0.0,5.0,1,0.0022727272727272726,1143.2396694214876,17256.417218137278,1,false
proposal/mutant/src/main/org/apache/ant/core/execution/Task.java,9.0,4.0,1.0,2.0,0.0,3.0,1,0.0022727272727272726,1143.2396694214876,17256.417218137278,1,false
proposal/mutant/src/main/org/apache/ant/core/execution/TaskAdapter.java,33.0,2.0,0.0,2.0,3.0,8.0,1,0.0022727272727272726,1143.2396694214876,17256.417218137278,1,false
proposal/mutant/src/main/org/apache/ant/core/execution/TaskContainer.java,11.0,2.0,0.0,1.0,0.0,2.0,1,0.0022727272727272726,1143.2396694214876,17256.417218137278,1,false
proposal/mutant/src/main/org/apache/ant/core/execution/TaskDefinition.java,62.0,2.0,0.0,5.0,1.0,12.0,1,0.0022727272727272726,1143.2396694214876,17256.417218137278,1,false
proposal/mutant/src/main/org/apache/ant/core/model/BuildElement.java,86.0,2.0,11.0,7.0,12.0,17.0,1,0.0022727272727272726,1143.2396694214876,17256.417218137278,1,false
proposal/mutant/src/main/org/apache/ant/core/model/Project.java,163.0,3.0,85.0,15.0,14.0,35.0,1,0.0022727272727272726,1143.2396694214876,17256.417218137278,1,false
proposal/mutant/src/main/org/apache/ant/core/model/ProjectModelException.java,59.0,3.0,15.0,6.0,0.0,10.0,1,0.0022727272727272726,1143.2396694214876,17256.417218137278,1,false
proposal/mutant/src/main/org/apache/ant/core/model/Target.java,61.0,2.0,9.0,6.0,4.0,10.0,1,0.0022727272727272726,1143.2396694214876,17256.417218137278,1,false
proposal/mutant/src/main/org/apache/ant/core/model/TaskElement.java,91.0,2.0,24.0,9.0,6.0,15.0,1,0.0022727272727272726,1143.2396694214876,17256.417218137278,1,false
proposal/mutant/src/main/org/apache/ant/core/support/AntClassLoader.java,78.0,3.0,20.0,9.0,8.0,19.0,1,0.0022727272727272726,1143.2396694214876,17256.417218137278,1,false
proposal/mutant/src/main/org/apache/ant/core/support/AntException.java,130.0,1.0,6.0,12.0,9.0,22.0,1,0.0022727272727272726,1143.2396694214876,17256.417218137278,1,false
proposal/mutant/src/main/org/apache/ant/core/support/AntLocator.java,207.0,3.0,45.0,10.0,49.0,51.0,1,0.0022727272727272726,1143.2396694214876,17256.417218137278,1,false
proposal/mutant/src/main/org/apache/ant/core/support/ConfigException.java,58.0,1.0,15.0,6.0,0.0,10.0,1,0.0022727272727272726,1143.2396694214876,17256.417218137278,1,false
proposal/mutant/src/main/org/apache/ant/core/support/Constants.java,13.0,3.0,0.0,0.0,0.0,0.0,1,0.0022727272727272726,1143.2396694214876,17256.417218137278,1,false
proposal/mutant/src/main/org/apache/ant/core/support/Location.java,90.0,0.0,3.0,7.0,4.0,14.0,1,0.0022727272727272726,1143.2396694214876,17256.417218137278,1,false
proposal/mutant/src/main/org/apache/ant/core/support/LocationException.java,30.0,2.0,3.0,3.0,0.0,5.0,1,0.0022727272727272726,1143.2396694214876,17256.417218137278,1,false
proposal/mutant/src/main/org/apache/ant/core/types/AbstractScanner.java,416.0,3.0,21.0,10.0,35.0,49.0,1,0.0022727272727272726,1143.2396694214876,17256.417218137278,1,false
proposal/mutant/src/main/org/apache/ant/core/types/DataType.java,64.0,2.0,28.0,9.0,7.0,23.0,1,0.0022727272727272726,1143.2396694214876,17256.417218137278,1,false
proposal/mutant/src/main/org/apache/ant/core/types/DirectoryScanner.java,180.0,3.0,0.0,7.0,27.0,27.0,1,0.0022727272727272726,1143.2396694214876,17256.417218137278,1,false
proposal/mutant/src/main/org/apache/ant/core/types/EnumeratedAttribute.java,49.0,1.0,0.0,4.0,3.0,12.0,1,0.0022727272727272726,1143.2396694214876,17256.417218137278,1,false
proposal/mutant/src/main/org/apache/ant/core/types/FileSet.java,212.0,4.0,65.0,18.0,43.0,60.0,1,0.0022727272727272726,1143.2396694214876,17256.417218137278,1,false
proposal/mutant/src/main/org/apache/ant/core/types/FileSetScanner.java,23.0,3.0,1.0,2.0,0.0,7.0,1,0.0022727272727272726,1143.2396694214876,17256.417218137278,1,false
proposal/mutant/src/main/org/apache/ant/core/types/PatternSet.java,244.0,4.0,78.0,16.0,63.0,65.0,1,0.0022727272727272726,1143.2396694214876,17256.417218137278,1,false
proposal/mutant/src/main/org/apache/ant/core/xml/AntLibParser.java,167.0,9.0,0.0,1.0,9.0,5.0,1,0.0022727272727272726,1143.2396694214876,17256.417218137278,1,false
proposal/mutant/src/main/org/apache/ant/core/xml/AttributeValidator.java,39.0,3.0,1.0,2.0,14.0,10.0,1,0.0022727272727272726,1143.2396694214876,17256.417218137278,1,false
proposal/mutant/src/main/org/apache/ant/core/xml/ElementHandler.java,42.0,2.0,2.0,5.0,3.0,7.0,1,0.0022727272727272726,1143.2396694214876,17256.417218137278,1,false
proposal/mutant/src/main/org/apache/ant/core/xml/RootHandler.java,58.0,3.0,4.0,5.0,0.0,10.0,1,0.0022727272727272726,1143.2396694214876,17256.417218137278,1,false
proposal/mutant/src/main/org/apache/ant/core/xml/XMLProjectParser.java,579.0,9.0,1.0,2.0,13.0,8.0,1,0.0022727272727272726,1143.2396694214876,17256.417218137278,1,false
proposal/mutant/src/main/org/apache/ant/frontend/BuildLogger.java,25.0,2.0,3.0,3.0,0.0,6.0,1,0.0022727272727272726,1143.2396694214876,17256.417218137278,1,false
proposal/mutant/src/main/org/apache/ant/frontend/Commandline.java,214.0,11.0,5.0,6.0,44.0,27.0,1,0.0022727272727272726,1143.2396694214876,17256.417218137278,1,false
proposal/mutant/src/main/org/apache/ant/frontend/DefaultLogger.java,128.0,4.0,7.0,7.0,21.0,23.0,1,0.0022727272727272726,1143.2396694214876,17256.417218137278,1,false
proposal/mutant/src/main/org/apache/ant/frontend/EmbedTest.java,7.0,9.0,0.0,0.0,0.0,0.0,1,0.0022727272727272726,1143.2396694214876,17256.417218137278,1,false
proposal/mutant/src/main/org/apache/ant/frontend/Launcher.java,17.0,5.0,0.0,1.0,7.0,3.0,1,0.0022727272727272726,1143.2396694214876,17256.417218137278,1,false
proposal/mutant/src/main/org/apache/ant/frontend/RemoteLauncher.java,26.0,5.0,0.0,1.0,6.0,3.0,1,0.0022727272727272726,1143.2396694214876,17256.417218137278,1,false
proposal/myrmidon/src/java/org/apache/ant/modules/basic/AntCall.java,44.0,11.0,2.0,5.0,13.0,11.0,1,0.0022727272727272726,921.1960784313725,38968.63636363637,1,false
proposal/myrmidon/src/java/org/apache/ant/modules/basic/Echo.java,13.0,2.0,0.0,2.0,2.0,3.0,1,0.0022727272727272726,921.1960784313725,38968.63636363637,1,false
proposal/myrmidon/src/java/org/apache/ant/modules/basic/Pattern.java,58.0,3.0,1.0,6.0,2.0,18.0,1,0.0022727272727272726,921.1960784313725,38968.63636363637,1,false
proposal/myrmidon/src/java/org/apache/ant/modules/basic/Property.java,65.0,13.0,7.0,6.0,11.0,16.0,1,0.0022727272727272726,921.1960784313725,38968.63636363637,1,false
proposal/myrmidon/src/java/org/apache/ant/modules/basic/StringToByteConverter.java,17.0,3.0,1.0,2.0,0.0,6.0,1,0.0022727272727272726,921.1960784313725,38968.63636363637,1,false
proposal/myrmidon/src/java/org/apache/ant/modules/basic/StringToClassConverter.java,17.0,3.0,1.0,2.0,1.0,6.0,1,0.0022727272727272726,921.1960784313725,38968.63636363637,1,false
proposal/myrmidon/src/java/org/apache/ant/modules/basic/StringToDoubleConverter.java,17.0,3.0,1.0,2.0,0.0,6.0,1,0.0022727272727272726,921.1960784313725,38968.63636363637,1,false
proposal/myrmidon/src/java/org/apache/ant/modules/basic/StringToFileConverter.java,18.0,6.0,1.0,2.0,1.0,5.0,1,0.0022727272727272726,921.1960784313725,38968.63636363637,1,false
proposal/myrmidon/src/java/org/apache/ant/modules/basic/StringToFloatConverter.java,17.0,3.0,1.0,2.0,0.0,6.0,1,0.0022727272727272726,921.1960784313725,38968.63636363637,1,false
proposal/myrmidon/src/java/org/apache/ant/modules/basic/StringToIntegerConverter.java,17.0,3.0,1.0,2.0,0.0,6.0,1,0.0022727272727272726,921.1960784313725,38968.63636363637,1,false
proposal/myrmidon/src/java/org/apache/ant/modules/basic/StringToLongConverter.java,17.0,3.0,1.0,2.0,0.0,6.0,1,0.0022727272727272726,921.1960784313725,38968.63636363637,1,false
proposal/myrmidon/src/java/org/apache/ant/modules/basic/StringToShortConverter.java,17.0,3.0,1.0,2.0,0.0,6.0,1,0.0022727272727272726,921.1960784313725,38968.63636363637,1,false
proposal/myrmidon/src/java/org/apache/ant/modules/basic/StringToURLConverter.java,17.0,5.0,1.0,2.0,0.0,6.0,1,0.0022727272727272726,921.1960784313725,38968.63636363637,1,false
proposal/myrmidon/src/java/org/apache/ant/modules/core/RegisterTasklib.java,27.0,10.0,0.0,3.0,4.0,7.0,1,0.0022727272727272726,921.1960784313725,38968.63636363637,1,false
proposal/myrmidon/src/java/org/apache/ant/modules/test/ConfigurationTest.java,26.0,5.0,0.0,2.0,6.0,7.0,1,0.0022727272727272726,921.1960784313725,38968.63636363637,1,false
proposal/myrmidon/src/java/org/apache/ant/modules/test/ContentTest.java,11.0,2.0,1.0,2.0,2.0,3.0,1,0.0022727272727272726,921.1960784313725,38968.63636363637,1,false
proposal/myrmidon/src/java/org/apache/ant/modules/test/PrimitiveTypesTest.java,47.0,2.0,91.0,14.0,26.0,15.0,1,0.0022727272727272726,921.1960784313725,38968.63636363637,1,false
proposal/myrmidon/src/java/org/apache/ant/modules/test/SubElementTest.java,20.0,2.0,3.0,3.0,2.0,5.0,1,0.0022727272727272726,921.1960784313725,38968.63636363637,1,false
proposal/myrmidon/src/java/org/apache/myrmidon/Constants.java,9.0,0.0,0.0,0.0,0.0,0.0,1,0.0022727272727272726,921.1960784313725,38968.63636363637,1,false
proposal/myrmidon/src/java/org/apache/myrmidon/api/AbstractTask.java,42.0,5.0,8.0,5.0,0.0,14.0,1,0.0022727272727272726,921.1960784313725,38968.63636363637,1,false
proposal/myrmidon/src/java/org/apache/myrmidon/api/DataType.java,8.0,0.0,0.0,0.0,0.0,0.0,1,0.0022727272727272726,921.1960784313725,38968.63636363637,1,false
proposal/myrmidon/src/java/org/apache/myrmidon/api/DefaultTaskContext.java,163.0,6.0,54.0,12.0,16.0,43.0,1,0.0022727272727272726,921.1960784313725,38968.63636363637,1,false
proposal/myrmidon/src/java/org/apache/myrmidon/api/JavaVersion.java,18.0,1.0,0.0,1.0,0.0,1.0,1,0.0022727272727272726,921.1960784313725,38968.63636363637,1,false
proposal/myrmidon/src/java/org/apache/myrmidon/api/Task.java,23.0,0.0,0.0,1.0,0.0,4.0,1,0.0022727272727272726,921.1960784313725,38968.63636363637,1,false
proposal/myrmidon/src/java/org/apache/myrmidon/api/TaskContext.java,75.0,3.0,28.0,8.0,0.0,21.0,1,0.0022727272727272726,921.1960784313725,38968.63636363637,1,false
proposal/myrmidon/src/java/org/apache/myrmidon/api/TaskException.java,23.0,1.0,1.0,2.0,0.0,4.0,1,0.0022727272727272726,921.1960784313725,38968.63636363637,1,false
proposal/myrmidon/src/java/org/apache/myrmidon/aspects/AbstractAspectHandler.java,59.0,5.0,63.0,14.0,2.0,29.0,1,0.0022727272727272726,921.1960784313725,38968.63636363637,1,false
proposal/myrmidon/src/java/org/apache/myrmidon/aspects/AspectHandler.java,16.0,5.0,28.0,8.0,0.0,16.0,1,0.0022727272727272726,921.1960784313725,38968.63636363637,1,false
proposal/myrmidon/src/java/org/apache/myrmidon/aspects/NoopAspectHandler.java,6.0,0.0,0.0,0.0,0.0,0.0,1,0.0022727272727272726,921.1960784313725,38968.63636363637,1,false
proposal/myrmidon/src/java/org/apache/myrmidon/components/aspect/AspectManager.java,11.0,5.0,6.0,4.0,0.0,7.0,1,0.0022727272727272726,921.1960784313725,38968.63636363637,1,false
proposal/myrmidon/src/java/org/apache/myrmidon/components/aspect/DefaultAspectManager.java,88.0,9.0,21.0,14.0,17.0,39.0,1,0.0022727272727272726,921.1960784313725,38968.63636363637,1,false
proposal/myrmidon/src/java/org/apache/myrmidon/components/builder/DefaultProjectBuilder.java,198.0,21.0,28.0,8.0,60.0,35.0,1,0.0022727272727272726,921.1960784313725,38968.63636363637,1,false
proposal/myrmidon/src/java/org/apache/myrmidon/components/builder/ProjectBuilder.java,15.0,5.0,0.0,1.0,0.0,4.0,1,0.0022727272727272726,921.1960784313725,38968.63636363637,1,false
proposal/myrmidon/src/java/org/apache/myrmidon/components/configurer/Configurer.java,28.0,4.0,1.0,2.0,0.0,8.0,1,0.0022727272727272726,921.1960784313725,38968.63636363637,1,false
proposal/myrmidon/src/java/org/apache/myrmidon/components/configurer/DefaultConfigurer.java,265.0,19.0,132.0,17.0,78.0,68.0,1,0.0022727272727272726,921.1960784313725,38968.63636363637,1,false
proposal/myrmidon/src/java/org/apache/myrmidon/components/converter/ConverterRegistry.java,22.0,1.0,1.0,2.0,0.0,4.0,1,0.0022727272727272726,921.1960784313725,38968.63636363637,1,false
proposal/myrmidon/src/java/org/apache/myrmidon/components/converter/DefaultConverterRegistry.java,20.0,1.0,0.0,2.0,3.0,5.0,1,0.0022727272727272726,921.1960784313725,38968.63636363637,1,false
proposal/myrmidon/src/java/org/apache/myrmidon/components/converter/DefaultMasterConverter.java,55.0,11.0,0.0,2.0,10.0,10.0,1,0.0022727272727272726,921.1960784313725,38968.63636363637,1,false
proposal/myrmidon/src/java/org/apache/myrmidon/components/converter/MasterConverter.java,7.0,2.0,0.0,0.0,0.0,0.0,1,0.0022727272727272726,921.1960784313725,38968.63636363637,1,false
proposal/myrmidon/src/java/org/apache/myrmidon/components/deployer/DefaultDeployer.java,167.0,23.0,54.0,12.0,66.0,45.0,1,0.0022727272727272726,921.1960784313725,38968.63636363637,1,false
proposal/myrmidon/src/java/org/apache/myrmidon/components/deployer/DefaultRoleManager.java,108.0,11.0,11.0,7.0,24.0,23.0,1,0.0022727272727272726,921.1960784313725,38968.63636363637,1,false
proposal/myrmidon/src/java/org/apache/myrmidon/components/deployer/Deployer.java,15.0,2.0,3.0,3.0,0.0,7.0,1,0.0022727272727272726,921.1960784313725,38968.63636363637,1,false
proposal/myrmidon/src/java/org/apache/myrmidon/components/deployer/Deployment.java,48.0,12.0,4.0,4.0,11.0,15.0,1,0.0022727272727272726,921.1960784313725,38968.63636363637,1,false
proposal/myrmidon/src/java/org/apache/myrmidon/components/deployer/DeploymentException.java,21.0,1.0,1.0,2.0,0.0,5.0,1,0.0022727272727272726,921.1960784313725,38968.63636363637,1,false
proposal/myrmidon/src/java/org/apache/myrmidon/components/deployer/RoleManager.java,23.0,1.0,1.0,2.0,0.0,4.0,1,0.0022727272727272726,921.1960784313725,38968.63636363637,1,false
proposal/myrmidon/src/java/org/apache/myrmidon/components/embeddor/DefaultEmbeddor.java,308.0,25.0,175.0,22.0,45.0,68.0,1,0.0022727272727272726,921.1960784313725,38968.63636363637,1,false
proposal/myrmidon/src/java/org/apache/myrmidon/components/embeddor/Embeddor.java,19.0,9.0,1.0,2.0,0.0,7.0,1,0.0022727272727272726,921.1960784313725,38968.63636363637,1,false
proposal/myrmidon/src/java/org/apache/myrmidon/components/executor/AspectAwareExecutor.java,164.0,13.0,74.0,13.0,67.0,44.0,1,0.0022727272727272726,921.1960784313725,38968.63636363637,1,false
proposal/myrmidon/src/java/org/apache/myrmidon/components/executor/DefaultExecutionFrame.java,37.0,19.0,13.0,7.0,1.0,13.0,1,0.0022727272727272726,921.1960784313725,38968.63636363637,1,false
proposal/myrmidon/src/java/org/apache/myrmidon/components/executor/DefaultExecutor.java,95.0,22.0,34.0,9.0,41.0,33.0,1,0.0022727272727272726,921.1960784313725,38968.63636363637,1,false
proposal/myrmidon/src/java/org/apache/myrmidon/components/executor/ExecutionFrame.java,10.0,4.0,6.0,4.0,0.0,4.0,1,0.0022727272727272726,921.1960784313725,38968.63636363637,1,false
proposal/myrmidon/src/java/org/apache/myrmidon/components/executor/Executor.java,13.0,4.0,0.0,1.0,0.0,4.0,1,0.0022727272727272726,921.1960784313725,38968.63636363637,1,false
proposal/myrmidon/src/java/org/apache/myrmidon/components/manager/DefaultProjectManager.java,190.0,27.0,63.0,14.0,64.0,46.0,1,0.0022727272727272726,921.1960784313725,38968.63636363637,1,false
proposal/myrmidon/src/java/org/apache/myrmidon/components/manager/LogTargetToListenerAdapter.java,26.0,3.0,0.0,2.0,3.0,4.0,1,0.0022727272727272726,921.1960784313725,38968.63636363637,1,false
proposal/myrmidon/src/java/org/apache/myrmidon/components/manager/ProjectEntry.java,25.0,3.0,4.0,5.0,2.0,8.0,1,0.0022727272727272726,921.1960784313725,38968.63636363637,1,false
proposal/myrmidon/src/java/org/apache/myrmidon/components/manager/ProjectListenerSupport.java,105.0,1.0,0.0,10.0,10.0,24.0,1,0.0022727272727272726,921.1960784313725,38968.63636363637,1,false
proposal/myrmidon/src/java/org/apache/myrmidon/components/manager/ProjectManager.java,26.0,5.0,3.0,3.0,0.0,5.0,1,0.0022727272727272726,921.1960784313725,38968.63636363637,1,false
proposal/myrmidon/src/java/org/apache/myrmidon/components/model/Condition.java,38.0,6.0,0.0,4.0,3.0,10.0,1,0.0022727272727272726,921.1960784313725,38968.63636363637,1,false
proposal/myrmidon/src/java/org/apache/myrmidon/components/model/DefaultProject.java,123.0,4.0,71.0,14.0,12.0,32.0,1,0.0022727272727272726,921.1960784313725,38968.63636363637,1,false
proposal/myrmidon/src/java/org/apache/myrmidon/components/model/Import.java,43.0,0.0,4.0,5.0,0.0,10.0,1,0.0022727272727272726,921.1960784313725,38968.63636363637,1,false
proposal/myrmidon/src/java/org/apache/myrmidon/components/model/Project.java,55.0,2.0,28.0,8.0,0.0,19.0,1,0.0022727272727272726,921.1960784313725,38968.63636363637,1,false
proposal/myrmidon/src/java/org/apache/myrmidon/components/model/Target.java,45.0,2.0,0.0,4.0,3.0,10.0,1,0.0022727272727272726,921.1960784313725,38968.63636363637,1,false
proposal/myrmidon/src/java/org/apache/myrmidon/components/type/DefaultTypeFactory.java,56.0,3.0,22.0,8.0,8.0,18.0,1,0.0022727272727272726,921.1960784313725,38968.63636363637,1,false
proposal/myrmidon/src/java/org/apache/myrmidon/components/type/DefaultTypeManager.java,63.0,1.0,24.0,8.0,9.0,21.0,1,0.0022727272727272726,921.1960784313725,38968.63636363637,1,false
proposal/myrmidon/src/java/org/apache/myrmidon/components/type/MultiSourceTypeFactory.java,56.0,1.0,1.0,6.0,7.0,14.0,1,0.0022727272727272726,921.1960784313725,38968.63636363637,1,false
proposal/myrmidon/src/java/org/apache/myrmidon/components/type/TypeException.java,21.0,1.0,1.0,2.0,0.0,5.0,1,0.0022727272727272726,921.1960784313725,38968.63636363637,1,false
proposal/myrmidon/src/java/org/apache/myrmidon/components/type/TypeFactory.java,14.0,0.0,0.0,1.0,0.0,4.0,1,0.0022727272727272726,921.1960784313725,38968.63636363637,1,false
proposal/myrmidon/src/java/org/apache/myrmidon/components/type/TypeManager.java,10.0,1.0,3.0,3.0,0.0,5.0,1,0.0022727272727272726,921.1960784313725,38968.63636363637,1,false
proposal/myrmidon/src/java/org/apache/myrmidon/converter/AbstractConverter.java,42.0,1.0,1.0,3.0,3.0,10.0,1,0.0022727272727272726,921.1960784313725,38968.63636363637,1,false
proposal/myrmidon/src/java/org/apache/myrmidon/converter/Converter.java,18.0,1.0,0.0,1.0,0.0,4.0,1,0.0022727272727272726,921.1960784313725,38968.63636363637,1,false
proposal/myrmidon/src/java/org/apache/myrmidon/converter/ConverterException.java,21.0,1.0,1.0,2.0,0.0,4.0,1,0.0022727272727272726,921.1960784313725,38968.63636363637,1,false
proposal/myrmidon/src/java/org/apache/myrmidon/framework/AbstractContainerTask.java,87.0,12.0,22.0,8.0,12.0,27.0,1,0.0022727272727272726,921.1960784313725,38968.63636363637,1,false
proposal/myrmidon/src/java/org/apache/myrmidon/framework/AbstractTypeDef.java,59.0,12.0,16.0,8.0,12.0,17.0,1,0.0022727272727272726,921.1960784313725,38968.63636363637,1,false
proposal/myrmidon/src/java/org/apache/myrmidon/framework/ItemSet.java,13.0,1.0,0.0,1.0,0.0,1.0,1,0.0022727272727272726,921.1960784313725,38968.63636363637,1,false
proposal/myrmidon/src/java/org/apache/myrmidon/framework/Mapper.java,19.0,1.0,0.0,1.0,0.0,4.0,1,0.0022727272727272726,921.1960784313725,38968.63636363637,1,false
proposal/myrmidon/src/java/org/apache/myrmidon/framework/Scanner.java,6.0,1.0,0.0,0.0,0.0,0.0,1,0.0022727272727272726,921.1960784313725,38968.63636363637,1,false
proposal/myrmidon/src/java/org/apache/myrmidon/framework/TypeInstanceTask.java,62.0,13.0,2.0,5.0,14.0,15.0,1,0.0022727272727272726,921.1960784313725,38968.63636363637,1,false
proposal/myrmidon/src/java/org/apache/myrmidon/framework/ant1/Ant1Project.java,105.0,8.0,272.0,24.0,20.0,37.0,1,0.0022727272727272726,921.1960784313725,38968.63636363637,1,false
proposal/myrmidon/src/java/org/apache/myrmidon/framework/ant1/Ant1TypeFactory.java,25.0,4.0,10.0,5.0,2.0,8.0,1,0.0022727272727272726,921.1960784313725,38968.63636363637,1,false
proposal/myrmidon/src/java/org/apache/myrmidon/framework/ant1/TaskAdapter.java,34.0,11.0,8.0,5.0,14.0,10.0,1,0.0022727272727272726,921.1960784313725,38968.63636363637,1,false
proposal/myrmidon/src/java/org/apache/myrmidon/frontends/CLIMain.java,241.0,36.0,37.0,10.0,73.0,38.0,1,0.0022727272727272726,921.1960784313725,38968.63636363637,1,false
proposal/myrmidon/src/java/org/apache/myrmidon/launcher/Main.java,72.0,7.0,3.0,3.0,29.0,15.0,1,0.0022727272727272726,921.1960784313725,38968.63636363637,1,false
proposal/myrmidon/src/java/org/apache/myrmidon/libs/runtime/ConverterDef.java,53.0,12.0,5.0,6.0,7.0,11.0,1,0.0022727272727272726,921.1960784313725,38968.63636363637,1,false
proposal/myrmidon/src/java/org/apache/myrmidon/libs/runtime/Facility.java,51.0,17.0,0.0,4.0,9.0,13.0,1,0.0022727272727272726,921.1960784313725,38968.63636363637,1,false
proposal/myrmidon/src/java/org/apache/myrmidon/libs/runtime/TypeDef.java,13.0,2.0,0.0,2.0,0.0,3.0,1,0.0022727272727272726,921.1960784313725,38968.63636363637,1,false
proposal/myrmidon/src/java/org/apache/myrmidon/listeners/DefaultProjectListener.java,72.0,1.0,53.0,11.0,8.0,23.0,1,0.0022727272727272726,921.1960784313725,38968.63636363637,1,false
proposal/myrmidon/src/java/org/apache/myrmidon/listeners/ProjectListener.java,44.0,0.0,28.0,8.0,0.0,17.0,1,0.0022727272727272726,921.1960784313725,38968.63636363637,1,false
src/main/org/apache/tools/ant/AntClassLoader.java,492.0,6.0,130.0,21.0,69.0,90.0,2,0.004545454545454545,1561.6607220530666,28009.226660783206,2,true
src/main/org/apache/tools/ant/DesirableFilter.java,35.0,3.0,0.0,1.0,3.0,4.0,1,0.0022727272727272726,418.42105263157896,10752.80944264593,1,true
src/main/org/apache/tools/ant/DirectoryScanner.java,735.0,2.0,155.0,22.0,63.0,86.0,2,0.004545454545454545,1561.6607220530666,28009.226660783206,2,true
src/main/org/apache/tools/ant/IntrospectionHelper.java,368.0,5.0,354.0,28.0,74.0,86.0,2,0.004545454545454545,423.7543859649123,10796.224982643173,2,true
src/main/org/apache/tools/ant/Main.java,496.0,2.0,19.0,14.0,100.0,66.0,2,0.004545454545454545,1561.6607220530666,28009.226660783206,2,true
src/main/org/apache/tools/ant/Project.java,828.0,3.0,2073.0,70.0,195.0,188.0,2,0.004545454545454545,1561.6607220530666,28009.226660783206,2,true
src/main/org/apache/tools/ant/ProjectHelper.java,571.0,6.0,6.0,9.0,51.0,34.0,3,0.006818181818181818,1566.9940553863999,28052.642200780447,3,true
src/main/org/apache/tools/ant/RuntimeConfigurable.java,75.0,4.0,16.0,9.0,13.0,15.0,2,0.004545454545454545,423.7543859649123,10796.224982643173,2,true
src/main/org/apache/tools/ant/Target.java,126.0,1.0,113.0,19.0,33.0,40.0,2,0.004545454545454545,1561.6607220530666,28009.226660783206,2,true
src/main/org/apache/tools/ant/Task.java,137.0,0.0,127.0,18.0,3.0,33.0,2,0.004545454545454545,2064.43574785286,56225.053581773645,2,true
src/main/org/apache/tools/ant/UnknownElement.java,64.0,1.0,1.0,6.0,25.0,15.0,2,0.004545454545454545,423.7543859649123,10796.224982643173,2,true
src/main/org/apache/tools/ant/XmlLogger.java,147.0,5.0,0.0,9.0,52.0,27.0,1,0.0022727272727272726,418.42105263157896,10752.80944264593,1,true
src/main/org/apache/tools/ant/taskdefs/Ant.java,147.0,3.0,8.0,9.0,58.0,21.0,1,0.0022727272727272726,1143.2396694214876,17256.417218137278,1,true
src/main/org/apache/tools/ant/taskdefs/AntStructure.java,222.0,9.0,26.0,8.0,50.0,30.0,1,0.0022727272727272726,418.42105263157896,10752.80944264593,1,true
src/main/org/apache/tools/ant/taskdefs/Available.java,128.0,4.0,44.0,13.0,23.0,33.0,3,0.006818181818181818,1561.6607220530666,28009.226660783206,3,true
src/main/org/apache/tools/ant/taskdefs/CVSPass.java,172.0,2.0,0.0,6.0,15.0,12.0,2,0.004545454545454545,1339.6171310629516,49721.445806282296,2,true
src/main/org/apache/tools/ant/taskdefs/CallTarget.java,48.0,1.0,0.0,4.0,14.0,7.0,2,0.004545454545454545,1561.6607220530666,28009.226660783206,2,true
src/main/org/apache/tools/ant/taskdefs/Chmod.java,118.0,4.0,46.0,16.0,31.0,31.0,1,0.0022727272727272726,418.42105263157896,10752.80944264593,1,true
src/main/org/apache/tools/ant/taskdefs/Copy.java,252.0,5.0,68.0,16.0,43.0,43.0,1,0.0022727272727272726,418.42105263157896,10752.80944264593,1,true
src/main/org/apache/tools/ant/taskdefs/Cvs.java,193.0,4.0,63.0,14.0,27.0,24.0,2,0.004545454545454545,1339.6171310629516,49721.445806282296,2,true
src/main/org/apache/tools/ant/taskdefs/Definer.java,72.0,2.0,10.0,8.0,12.0,18.0,2,0.004545454545454545,1561.6607220530666,28009.226660783206,2,true
src/main/org/apache/tools/ant/taskdefs/Delete.java,258.0,4.0,34.0,17.0,25.0,40.0,0,0.0,0.0,0.0,0,true
src/main/org/apache/tools/ant/taskdefs/Ear.java,59.0,5.0,13.0,7.0,11.0,14.0,0,0.0,0.0,0.0,0,true
src/main/org/apache/tools/ant/taskdefs/ExecTask.java,202.0,3.0,123.0,19.0,33.0,52.0,1,0.0022727272727272726,1143.2396694214876,17256.417218137278,1,true
src/main/org/apache/tools/ant/taskdefs/Execute.java,495.0,14.0,145.0,19.0,57.0,59.0,1,0.0022727272727272726,1143.2396694214876,17256.417218137278,1,true
src/main/org/apache/tools/ant/taskdefs/ExecuteJava.java,75.0,9.0,2.0,5.0,14.0,10.0,1,0.0022727272727272726,1143.2396694214876,17256.417218137278,1,true
src/main/org/apache/tools/ant/taskdefs/ExecuteOn.java,153.0,5.0,41.0,11.0,26.0,30.0,1,0.0022727272727272726,418.42105263157896,10752.80944264593,1,true
src/main/org/apache/tools/ant/taskdefs/Exit.java,25.0,1.0,0.0,3.0,3.0,7.0,0,0.0,0.0,0.0,0,true
src/main/org/apache/tools/ant/taskdefs/Expand.java,103.0,3.0,2.0,4.0,27.0,13.0,1,0.0022727272727272726,418.42105263157896,10752.80944264593,1,true
src/main/org/apache/tools/ant/taskdefs/FixCRLF.java,306.0,7.0,10.0,8.0,17.0,29.0,0,0.0,0.0,0.0,0,true
src/main/org/apache/tools/ant/taskdefs/GUnzip.java,76.0,3.0,0.0,3.0,16.0,10.0,1,0.0022727272727272726,418.42105263157896,10752.80944264593,1,true
src/main/org/apache/tools/ant/taskdefs/Jar.java,61.0,4.0,13.0,7.0,15.0,15.0,1,0.0022727272727272726,418.42105263157896,10752.80944264593,1,true
src/main/org/apache/tools/ant/taskdefs/Javac.java,391.0,7.0,738.0,41.0,31.0,90.0,1,0.0022727272727272726,2.0,7.405710625758896,1,true
src/main/org/apache/tools/ant/taskdefs/Javadoc.java,915.0,8.0,2315.0,75.0,184.0,143.0,3,0.006818181818181818,1566.9940553863999,28052.642200780447,3,true
src/main/org/apache/tools/ant/taskdefs/Mkdir.java,26.0,2.0,0.0,2.0,5.0,5.0,1,0.0022727272727272726,418.42105263157896,10752.80944264593,1,true
src/main/org/apache/tools/ant/taskdefs/Patch.java,87.0,4.0,0.0,8.0,21.0,19.0,1,0.0022727272727272726,418.42105263157896,10752.80944264593,1,true
src/main/org/apache/tools/ant/taskdefs/Property.java,256.0,5.0,233.0,26.0,69.0,65.0,1,0.0022727272727272726,1143.2396694214876,17256.417218137278,1,true
src/main/org/apache/tools/ant/taskdefs/Recorder.java,140.0,9.0,7.0,6.0,15.0,19.0,0,0.0,0.0,0.0,0,true
src/main/org/apache/tools/ant/taskdefs/RecorderEntry.java,130.0,3.0,80.0,16.0,32.0,34.0,0,0.0,0.0,0.0,0,true
src/main/org/apache/tools/ant/taskdefs/Replace.java,301.0,4.0,45.0,15.0,51.0,45.0,3,0.006818181818181818,1563.6607220530666,28016.632371408967,3,true
src/main/org/apache/tools/ant/taskdefs/Rmic.java,394.0,11.0,676.0,40.0,42.0,90.0,1,0.0022727272727272726,418.42105263157896,10752.80944264593,1,true
src/main/org/apache/tools/ant/taskdefs/SQLExec.java,484.0,9.0,205.0,23.0,72.0,61.0,1,0.0022727272727272726,1143.2396694214876,17256.417218137278,1,true
src/main/org/apache/tools/ant/taskdefs/Tar.java,236.0,6.0,0.0,7.0,46.0,27.0,1,0.0022727272727272726,418.42105263157896,10752.80944264593,1,true
src/main/org/apache/tools/ant/taskdefs/Taskdef.java,9.0,0.0,0.0,1.0,1.0,1.0,2,0.004545454545454545,1561.6607220530666,28009.226660783206,2,true
src/main/org/apache/tools/ant/taskdefs/Touch.java,115.0,14.0,0.0,7.0,26.0,22.0,0,0.0,0.0,0.0,0,true
src/main/org/apache/tools/ant/taskdefs/Typedef.java,9.0,0.0,0.0,1.0,1.0,1.0,1,0.0022727272727272726,418.42105263157896,10752.80944264593,1,true
src/main/org/apache/tools/ant/taskdefs/Untar.java,91.0,3.0,0.0,3.0,25.0,8.0,2,0.004545454545454545,1561.6607220530666,28009.226660783206,2,true
src/main/org/apache/tools/ant/taskdefs/UpToDate.java,102.0,7.0,12.0,8.0,18.0,25.0,1,0.0022727272727272726,418.42105263157896,10752.80944264593,1,true
src/main/org/apache/tools/ant/taskdefs/War.java,65.0,5.0,28.0,9.0,12.0,16.0,0,0.0,0.0,0.0,0,true
src/main/org/apache/tools/ant/taskdefs/XSLTProcess.java,266.0,6.0,47.0,15.0,47.0,47.0,1,0.0022727272727272726,418.42105263157896,10752.80944264593,1,true
src/main/org/apache/tools/ant/taskdefs/Zip.java,408.0,12.0,122.0,20.0,104.0,71.0,1,0.0022727272727272726,418.42105263157896,10752.80944264593,1,true
src/main/org/apache/tools/ant/taskdefs/compilers/DefaultCompilerAdapter.java,268.0,5.0,0.0,7.0,67.0,27.0,1,0.0022727272727272726,418.42105263157896,10752.80944264593,1,true
src/main/org/apache/tools/ant/taskdefs/optional/IContract.java,671.0,20.0,155.0,22.0,58.0,57.0,0,0.0,0.0,0.0,0,true
src/main/org/apache/tools/ant/taskdefs/optional/Javah.java,280.0,10.0,109.0,18.0,38.0,46.0,3,0.006818181818181818,1563.6607220530666,28016.632371408967,3,true
src/main/org/apache/tools/ant/taskdefs/optional/Rpm.java,142.0,4.0,20.0,9.0,14.0,16.0,0,0.0,0.0,0.0,0,true
src/main/org/apache/tools/ant/taskdefs/optional/XMLValidateTask.java,265.0,25.0,50.0,13.0,42.0,45.0,2,0.004545454545454545,1561.6607220530666,28009.226660783206,2,true
src/main/org/apache/tools/ant/taskdefs/optional/ejb/BorlandDeploymentTool.java,323.0,15.0,151.0,19.0,92.0,54.0,1,0.0022727272727272726,1143.2396694214876,17256.417218137278,1,true
src/main/org/apache/tools/ant/taskdefs/optional/ejb/BorlandGenerateClient.java,146.0,10.0,15.0,10.0,36.0,26.0,0,0.0,0.0,0.0,0,true
src/main/org/apache/tools/ant/taskdefs/optional/ejb/DescriptorHandler.java,173.0,6.0,13.0,10.0,16.0,28.0,1,0.0022727272727272726,1143.2396694214876,17256.417218137278,1,false
src/main/org/apache/tools/ant/taskdefs/optional/ejb/EjbJar.java,327.0,11.0,9.0,18.0,35.0,46.0,1,0.0022727272727272726,1143.2396694214876,17256.417218137278,1,true
src/main/org/apache/tools/ant/taskdefs/optional/ejb/EjbcHelper.java,175.0,4.0,7.0,6.0,28.0,25.0,0,0.0,0.0,0.0,0,true
src/main/org/apache/tools/ant/taskdefs/optional/ejb/GenericDeploymentTool.java,528.0,10.0,307.0,31.0,139.0,103.0,1,0.0022727272727272726,1143.2396694214876,17256.417218137278,1,true
src/main/org/apache/tools/ant/taskdefs/optional/ejb/IPlanetDeploymentTool.java,254.0,7.0,52.0,12.0,40.0,37.0,1,0.0022727272727272726,1143.2396694214876,17256.417218137278,1,true
src/main/org/apache/tools/ant/taskdefs/optional/ejb/IPlanetEjbc.java,1049.0,23.0,76.0,16.0,63.0,57.0,1,0.0022727272727272726,1143.2396694214876,17256.417218137278,1,true
src/main/org/apache/tools/ant/taskdefs/optional/ejb/IPlanetEjbcTask.java,240.0,9.0,50.0,13.0,20.0,38.0,1,0.0022727272727272726,1143.2396694214876,17256.417218137278,1,true
src/main/org/apache/tools/ant/taskdefs/optional/ejb/JbossDeploymentTool.java,42.0,3.0,1.0,2.0,7.0,7.0,1,0.0022727272727272726,1143.2396694214876,17256.417218137278,1,true
src/main/org/apache/tools/ant/taskdefs/optional/ejb/WeblogicDeploymentTool.java,481.0,9.0,264.0,25.0,101.0,65.0,1,0.0022727272727272726,1143.2396694214876,17256.417218137278,1,true
src/main/org/apache/tools/ant/taskdefs/optional/ide/VAJImport.java,232.0,14.0,25.0,10.0,41.0,29.0,0,0.0,0.0,0.0,0,true
src/main/org/apache/tools/ant/taskdefs/optional/jdepend/JDependTask.java,230.0,17.0,178.0,21.0,49.0,64.0,1,0.0022727272727272726,921.1960784313725,38968.63636363637,1,true
src/main/org/apache/tools/ant/taskdefs/optional/junit/BriefJUnitResultFormatter.java,159.0,2.0,93.0,15.0,25.0,34.0,2,0.004545454545454545,1561.6607220530666,28009.226660783206,2,true
src/main/org/apache/tools/ant/taskdefs/optional/junit/FormatterElement.java,95.0,5.0,25.0,10.0,7.0,21.0,1,0.0022727272727272726,418.42105263157896,10752.80944264593,1,true
src/main/org/apache/tools/ant/taskdefs/optional/junit/JUnitResultFormatter.java,27.0,2.0,10.0,5.0,0.0,8.0,1,0.0022727272727272726,418.42105263157896,10752.80944264593,1,true
src/main/org/apache/tools/ant/taskdefs/optional/junit/JUnitTask.java,362.0,18.0,236.0,25.0,102.0,85.0,2,0.004545454545454545,1561.6607220530666,28009.226660783206,2,true
src/main/org/apache/tools/ant/taskdefs/optional/junit/JUnitTestRunner.java,271.0,6.0,68.0,16.0,57.0,48.0,2,0.004545454545454545,1561.6607220530666,28009.226660783206,2,true
src/main/org/apache/tools/ant/taskdefs/optional/junit/PlainJUnitResultFormatter.java,144.0,6.0,38.0,12.0,27.0,27.0,1,0.0022727272727272726,418.42105263157896,10752.80944264593,1,true
src/main/org/apache/tools/ant/taskdefs/optional/junit/SummaryJUnitResultFormatter.java,110.0,6.0,56.0,12.0,14.0,18.0,1,0.0022727272727272726,418.42105263157896,10752.80944264593,1,true
src/main/org/apache/tools/ant/taskdefs/optional/junit/XMLConstants.java,71.0,0.0,0.0,0.0,0.0,0.0,1,0.0022727272727272726,418.42105263157896,10752.80944264593,1,true
src/main/org/apache/tools/ant/taskdefs/optional/junit/XMLJUnitResultFormatter.java,154.0,12.0,53.0,14.0,43.0,34.0,1,0.0022727272727272726,418.42105263157896,10752.80944264593,1,true
src/main/org/apache/tools/ant/taskdefs/optional/perforce/P4Change.java,59.0,2.0,4.0,5.0,23.0,23.0,0,0.0,0.0,0.0,0,true
src/main/org/apache/tools/ant/taskdefs/optional/perforce/P4Counter.java,64.0,1.0,0.0,5.0,8.0,14.0,0,0.0,0.0,0.0,0,true
src/main/org/apache/tools/ant/taskdefs/optional/perforce/P4Label.java,83.0,3.0,18.0,8.0,15.0,13.0,1,0.0022727272727272726,1143.2396694214876,17256.417218137278,1,true
src/main/org/apache/tools/ant/taskdefs/optional/pvcs/Pvcs.java,276.0,13.0,179.0,23.0,52.0,64.0,1,0.0022727272727272726,418.42105263157896,10752.80944264593,1,true
src/main/org/apache/tools/ant/taskdefs/optional/pvcs/PvcsProject.java,15.0,1.0,1.0,3.0,0.0,4.0,1,0.0022727272727272726,418.42105263157896,10752.80944264593,1,false
src/main/org/apache/tools/ant/taskdefs/optional/vss/MSVSS.java,173.0,5.0,20.0,8.0,15.0,23.0,1,0.0022727272727272726,44.8,29.94925673942767,1,true
src/main/org/apache/tools/ant/taskdefs/optional/vss/MSVSSCHECKIN.java,150.0,4.0,45.0,11.0,30.0,34.0,1,0.0022727272727272726,44.8,29.94925673942767,1,true
src/main/org/apache/tools/ant/taskdefs/optional/vss/MSVSSCHECKOUT.java,175.0,4.0,43.0,11.0,31.0,36.0,1,0.0022727272727272726,44.8,29.94925673942767,1,true
src/main/org/apache/tools/ant/taskdefs/optional/vss/MSVSSGET.java,245.0,4.0,64.0,13.0,34.0,41.0,1,0.0022727272727272726,418.42105263157896,10752.80944264593,1,true
src/main/org/apache/tools/ant/taskdefs/optional/vss/MSVSSHISTORY.java,275.0,6.0,112.0,17.0,37.0,58.0,0,0.0,0.0,0.0,0,true
src/main/org/apache/tools/ant/taskdefs/optional/vss/MSVSSLABEL.java,154.0,2.0,18.0,8.0,19.0,21.0,1,0.0022727272727272726,44.8,29.94925673942767,1,true
src/main/org/apache/tools/ant/taskdefs/rmic/DefaultRmicAdapter.java,240.0,6.0,34.0,12.0,55.0,33.0,1,0.0022727272727272726,418.42105263157896,10752.80944264593,1,true
src/main/org/apache/tools/ant/taskdefs/rmic/KaffeRmic.java,39.0,7.0,0.0,1.0,13.0,7.0,2,0.004545454545454545,1561.6607220530666,28009.226660783206,2,true
src/main/org/apache/tools/ant/taskdefs/rmic/RmicAdapter.java,41.0,4.0,15.0,6.0,0.0,10.0,1,0.0022727272727272726,418.42105263157896,10752.80944264593,1,true
src/main/org/apache/tools/ant/taskdefs/rmic/RmicAdapterFactory.java,78.0,3.0,3.0,3.0,5.0,14.0,0,0.0,0.0,0.0,0,true
src/main/org/apache/tools/ant/taskdefs/rmic/SunRmic.java,30.0,7.0,0.0,1.0,11.0,7.0,1,0.0022727272727272726,418.42105263157896,10752.80944264593,1,true
src/main/org/apache/tools/ant/taskdefs/rmic/WLRmic.java,48.0,8.0,3.0,3.0,9.0,13.0,2,0.004545454545454545,1561.6607220530666,28009.226660783206,2,true
src/main/org/apache/tools/ant/types/Environment.java,55.0,2.0,0.0,3.0,4.0,7.0,1,0.0022727272727272726,418.42105263157896,10752.80944264593,1,true
src/main/org/apache/tools/ant/types/FileSet.java,184.0,7.0,14.0,16.0,53.0,53.0,1,0.0022727272727272726,5.333333333333333,43.41553999724231,1,true
src/main/org/apache/tools/ant/types/Mapper.java,180.0,6.0,23.0,11.0,32.0,41.0,1,0.0022727272727272726,1143.2396694214876,17256.417218137278,1,true
src/main/org/apache/tools/ant/types/Path.java,385.0,12.0,125.0,22.0,87.0,79.0,2,0.004545454545454545,1561.6607220530666,28009.226660783206,2,true
src/main/org/apache/tools/ant/types/PatternSet.java,269.0,8.0,86.0,17.0,67.0,63.0,2,0.004545454545454545,423.7543859649123,10796.224982643173,2,true
src/main/org/apache/tools/ant/types/Reference.java,30.0,2.0,4.0,5.0,3.0,9.0,1,0.0022727272727272726,418.42105263157896,10752.80944264593,1,true
src/main/org/apache/tools/ant/types/ZipFileSet.java,102.0,5.0,12.0,8.0,7.0,22.0,0,0.0,0.0,0.0,0,true
src/main/org/apache/tools/ant/util/DOMElementWriter.java,161.0,2.0,3.0,3.0,29.0,20.0,1,0.0022727272727272726,418.42105263157896,10752.80944264593,1,true
src/main/org/apache/tools/zip/AsiExtraField.java,234.0,2.0,129.0,19.0,29.0,42.0,0,0.0,0.0,0.0,0,true
src/main/org/apache/tools/zip/ExtraFieldUtils.java,124.0,3.0,8.0,5.0,25.0,20.0,0,0.0,0.0,0.0,0,true
src/main/org/apache/tools/zip/UnixStat.java,42.0,0.0,0.0,0.0,0.0,0.0,0,0.0,0.0,0.0,0,true
src/main/org/apache/tools/zip/UnrecognizedExtraField.java,62.0,0.0,22.0,9.0,4.0,16.0,0,0.0,0.0,0.0,0,true
src/main/org/apache/tools/zip/ZipEntry.java,279.0,4.0,186.0,21.0,64.0,60.0,0,0.0,0.0,0.0,0,true
src/main/org/apache/tools/zip/ZipExtraField.java,45.0,1.0,15.0,6.0,0.0,12.0,1,0.0022727272727272726,418.42105263157896,10752.80944264593,1,true
src/main/org/apache/tools/zip/ZipLong.java,69.0,0.0,0.0,7.0,1.0,12.0,0,0.0,0.0,0.0,0,true
src/main/org/apache/tools/zip/ZipOutputStream.java,384.0,8.0,24.0,13.0,79.0,43.0,1,0.0022727272727272726,418.42105263157896,10752.80944264593,1,true
src/main/org/apache/tools/zip/ZipShort.java,65.0,0.0,0.0,7.0,1.0,12.0,0,0.0,0.0,0.0,0,true
src/testcases/org/apache/tools/ant/IntrospectionHelperTest.java,376.0,4.0,666.0,37.0,71.0,66.0,1,0.0022727272727272726,418.42105263157896,10752.80944264593,1,true
src/testcases/org/apache/tools/ant/taskdefs/AvailableTest.java,81.0,0.0,190.0,20.0,50.0,24.0,2,0.004545454545454545,463.22105263157897,10782.758699385358,2,true
src/testcases/org/apache/tools/ant/taskdefs/CVSPassTest.java,72.0,2.0,24.0,9.0,32.0,21.0,2,0.004545454545454545,463.22105263157897,10782.758699385358,2,true
src/testcases/org/apache/tools/ant/taskdefs/ExecuteWatchdogTest.java,108.0,4.0,35.0,11.0,44.0,29.0,0,0.0,0.0,0.0,0,true
src/testcases/org/apache/tools/ant/taskdefs/TarTest.java,33.0,0.0,28.0,8.0,9.0,14.0,0,0.0,0.0,0.0,0,true
src/testcases/org/apache/tools/ant/types/CommandlineTest.java,63.0,4.0,3.0,3.0,6.0,6.0,1,0.0022727272727272726,418.42105263157896,10752.80944264593,1,true
src/testcases/org/apache/tools/ant/types/EnumeratedAttributeTest.java,55.0,3.0,1.0,3.0,6.0,6.0,1,0.0022727272727272726,418.42105263157896,10752.80944264593,1,true
src/testcases/org/apache/tools/ant/types/FileSetTest.java,155.0,5.0,0.0,4.0,24.0,7.0,1,0.0022727272727272726,418.42105263157896,10752.80944264593,1,true
src/testcases/org/apache/tools/zip/AsiExtraFieldTest.java,85.0,1.0,6.0,4.0,24.0,7.0,0,0.0,0.0,0.0,0,true
src/testcases/org/apache/tools/zip/ExtraFieldUtilsTest.java,71.0,1.0,0.0,4.0,26.0,8.0,0,0.0,0.0,0.0,0,true
src/testcases/org/apache/tools/zip/ZipEntryTest.java,57.0,1.0,1.0,2.0,12.0,3.0,0,0.0,0.0,0.0,0,true
src/testcases/org/apache/tools/zip/ZipLongTest.java,50.0,1.0,10.0,5.0,8.0,5.0,0,0.0,0.0,0.0,0,true
src/testcases/org/apache/tools/zip/ZipShortTest.java,48.0,1.0,10.0,5.0,8.0,5.0,0,0.0,0.0,0.0,0,true
