name,LOC,CBO,LCOM,NOM,RFC,WMC,numOfChanges,bccm,structuralWorkloadSum,semanticWorkloadSum,numberOfDeveloper,isBuggy
proposal/mutant/src/main/org/apache/ant/core/support/AntClassLoader.java,78.0,3.0,20.0,9.0,8.0,19.0,0,0.0,0.0,0.0,0,false
proposal/myrmidon/src/java/org/apache/myrmidon/Constants.java,9.0,0.0,0.0,0.0,0.0,0.0,0,0.0,0.0,0.0,0,false
proposal/myrmidon/src/java/org/apache/myrmidon/api/DefaultTaskContext.java,136.0,7.0,55.0,11.0,13.0,37.0,1,0.0029498525073746312,907.1157894736841,16364.738639948535,1,false
proposal/myrmidon/src/java/org/apache/myrmidon/api/TaskContext.java,68.0,3.0,21.0,7.0,0.0,18.0,1,0.0029498525073746312,907.1157894736841,16364.738639948535,1,false
proposal/myrmidon/src/java/org/apache/myrmidon/components/builder/ATIProjectBuilder.java,117.0,19.0,3.0,6.0,39.0,23.0,1,0.0029498525073746312,907.1157894736841,16364.738639948535,1,false
proposal/myrmidon/src/java/org/apache/myrmidon/components/builder/DefaultProjectBuilder.java,201.0,22.0,36.0,9.0,62.0,37.0,1,0.0029498525073746312,907.1157894736841,16364.738639948535,1,false
proposal/myrmidon/src/java/org/apache/myrmidon/components/builder/ProjectBuilder.java,15.0,4.0,0.0,1.0,0.0,4.0,0,0.0,0.0,0.0,0,false
proposal/myrmidon/src/java/org/apache/myrmidon/components/builder/ReactorPIHandler.java,26.0,4.0,2.0,5.0,4.0,10.0,0,0.0,0.0,0.0,0,false
proposal/myrmidon/src/java/org/apache/myrmidon/components/builder/StopParsingException.java,9.0,1.0,0.0,1.0,0.0,1.0,0,0.0,0.0,0.0,0,false
proposal/myrmidon/src/java/org/apache/myrmidon/components/configurer/DefaultConfigurer.java,265.0,19.0,132.0,17.0,78.0,68.0,1,0.0029498525073746312,907.1157894736841,16364.738639948535,1,false
proposal/myrmidon/src/java/org/apache/myrmidon/components/deployer/DefaultDeployer.java,167.0,23.0,54.0,12.0,66.0,45.0,1,0.0029498525073746312,907.1157894736841,16364.738639948535,1,false
proposal/myrmidon/src/java/org/apache/myrmidon/components/embeddor/DefaultEmbeddor.java,312.0,26.0,171.0,22.0,51.0,69.0,1,0.0029498525073746312,907.1157894736841,16364.738639948535,1,false
proposal/myrmidon/src/java/org/apache/myrmidon/components/embeddor/Embeddor.java,18.0,9.0,1.0,2.0,0.0,7.0,0,0.0,0.0,0.0,0,false
proposal/myrmidon/src/java/org/apache/myrmidon/components/executor/AspectAwareExecutor.java,167.0,13.0,87.0,14.0,68.0,46.0,1,0.0029498525073746312,907.1157894736841,16364.738639948535,1,false
proposal/myrmidon/src/java/org/apache/myrmidon/components/executor/DefaultExecutionFrame.java,37.0,18.0,13.0,7.0,1.0,13.0,0,0.0,0.0,0.0,0,false
proposal/myrmidon/src/java/org/apache/myrmidon/components/executor/PrintingExecutor.java,40.0,3.0,1.0,2.0,9.0,6.0,0,0.0,0.0,0.0,0,false
proposal/myrmidon/src/java/org/apache/myrmidon/components/model/DefaultProject.java,123.0,4.0,71.0,14.0,12.0,32.0,1,0.0029498525073746312,907.1157894736841,16364.738639948535,1,false
proposal/myrmidon/src/java/org/apache/myrmidon/components/model/Project.java,55.0,2.0,28.0,8.0,0.0,19.0,0,0.0,0.0,0.0,0,false
proposal/myrmidon/src/java/org/apache/myrmidon/components/model/Target.java,45.0,3.0,0.0,4.0,3.0,10.0,0,0.0,0.0,0.0,0,false
proposal/myrmidon/src/java/org/apache/myrmidon/components/model/TypeLib.java,43.0,0.0,4.0,5.0,0.0,10.0,0,0.0,0.0,0.0,0,false
proposal/myrmidon/src/java/org/apache/myrmidon/components/role/DefaultRoleManager.java,108.0,11.0,11.0,7.0,24.0,23.0,1,0.0029498525073746312,907.1157894736841,16364.738639948535,1,false
proposal/myrmidon/src/java/org/apache/myrmidon/components/role/RoleManager.java,23.0,1.0,1.0,2.0,0.0,4.0,0,0.0,0.0,0.0,0,false
proposal/myrmidon/src/java/org/apache/myrmidon/components/workspace/DefaultWorkspace.java,244.0,35.0,82.0,16.0,78.0,58.0,1,0.0029498525073746312,907.1157894736841,16364.738639948535,1,false
proposal/myrmidon/src/java/org/apache/myrmidon/components/workspace/LogTargetToListenerAdapter.java,26.0,3.0,0.0,2.0,3.0,4.0,0,0.0,0.0,0.0,0,false
proposal/myrmidon/src/java/org/apache/myrmidon/components/workspace/ProjectEntry.java,25.0,3.0,4.0,5.0,2.0,8.0,0,0.0,0.0,0.0,0,false
proposal/myrmidon/src/java/org/apache/myrmidon/components/workspace/ProjectListenerSupport.java,105.0,1.0,0.0,10.0,10.0,24.0,0,0.0,0.0,0.0,0,false
proposal/myrmidon/src/java/org/apache/myrmidon/components/workspace/Workspace.java,25.0,5.0,3.0,3.0,0.0,5.0,0,0.0,0.0,0.0,0,false
proposal/myrmidon/src/java/org/apache/myrmidon/framework/AbstractContainerTask.java,87.0,14.0,22.0,8.0,12.0,27.0,1,0.0029498525073746312,907.1157894736841,16364.738639948535,1,false
proposal/myrmidon/src/java/org/apache/myrmidon/framework/AbstractTypeDef.java,58.0,12.0,16.0,8.0,9.0,17.0,1,0.0029498525073746312,907.1157894736841,16364.738639948535,1,false
proposal/myrmidon/src/java/org/apache/myrmidon/framework/Condition.java,46.0,6.0,0.0,5.0,5.0,14.0,1,0.0029498525073746312,907.1157894736841,16364.738639948535,1,false
proposal/myrmidon/src/java/org/apache/myrmidon/framework/DataType.java,8.0,0.0,0.0,0.0,0.0,0.0,0,0.0,0.0,0.0,0,false
proposal/myrmidon/src/java/org/apache/myrmidon/framework/Pattern.java,63.0,1.0,0.0,7.0,2.0,21.0,1,0.0029498525073746312,907.1157894736841,16364.738639948535,1,false
proposal/myrmidon/src/java/org/apache/myrmidon/framework/TypeInstanceTask.java,62.0,12.0,2.0,5.0,14.0,15.0,1,0.0029498525073746312,907.1157894736841,16364.738639948535,1,false
proposal/myrmidon/src/java/org/apache/myrmidon/frontends/CLIMain.java,251.0,37.0,37.0,10.0,75.0,38.0,1,0.0029498525073746312,907.1157894736841,16364.738639948535,1,false
proposal/myrmidon/src/java/org/apache/myrmidon/libs/ant1/Ant1Project.java,105.0,8.0,272.0,24.0,20.0,37.0,0,0.0,0.0,0.0,0,false
proposal/myrmidon/src/java/org/apache/myrmidon/libs/ant1/Ant1Tasklib.java,43.0,13.0,0.0,4.0,11.0,9.0,0,0.0,0.0,0.0,0,false
proposal/myrmidon/src/java/org/apache/myrmidon/libs/ant1/Ant1TypeFactory.java,25.0,4.0,10.0,5.0,2.0,8.0,0,0.0,0.0,0.0,0,false
proposal/myrmidon/src/java/org/apache/myrmidon/libs/ant1/TaskAdapter.java,34.0,10.0,8.0,5.0,14.0,10.0,0,0.0,0.0,0.0,0,false
proposal/myrmidon/src/java/org/apache/myrmidon/libs/core/Echo.java,13.0,2.0,0.0,2.0,2.0,3.0,1,0.0029498525073746312,907.1157894736841,16364.738639948535,1,false
proposal/myrmidon/src/java/org/apache/myrmidon/libs/core/Property.java,66.0,13.0,7.0,6.0,11.0,16.0,1,0.0029498525073746312,907.1157894736841,16364.738639948535,1,false
proposal/myrmidon/src/java/org/apache/myrmidon/libs/core/StringToByteConverter.java,17.0,3.0,1.0,2.0,0.0,6.0,1,0.0029498525073746312,907.1157894736841,16364.738639948535,1,false
proposal/myrmidon/src/java/org/apache/myrmidon/libs/core/StringToClassConverter.java,17.0,3.0,1.0,2.0,1.0,6.0,1,0.0029498525073746312,907.1157894736841,16364.738639948535,1,false
proposal/myrmidon/src/java/org/apache/myrmidon/libs/core/StringToDoubleConverter.java,17.0,3.0,1.0,2.0,0.0,6.0,1,0.0029498525073746312,907.1157894736841,16364.738639948535,1,false
proposal/myrmidon/src/java/org/apache/myrmidon/libs/core/StringToFileConverter.java,18.0,6.0,1.0,2.0,1.0,5.0,1,0.0029498525073746312,907.1157894736841,16364.738639948535,1,false
proposal/myrmidon/src/java/org/apache/myrmidon/libs/core/StringToFloatConverter.java,17.0,3.0,1.0,2.0,0.0,6.0,1,0.0029498525073746312,907.1157894736841,16364.738639948535,1,false
proposal/myrmidon/src/java/org/apache/myrmidon/libs/core/StringToIntegerConverter.java,17.0,3.0,1.0,2.0,0.0,6.0,1,0.0029498525073746312,907.1157894736841,16364.738639948535,1,false
proposal/myrmidon/src/java/org/apache/myrmidon/libs/core/StringToLongConverter.java,17.0,3.0,1.0,2.0,0.0,6.0,1,0.0029498525073746312,907.1157894736841,16364.738639948535,1,false
proposal/myrmidon/src/java/org/apache/myrmidon/libs/core/StringToShortConverter.java,17.0,3.0,1.0,2.0,0.0,6.0,1,0.0029498525073746312,907.1157894736841,16364.738639948535,1,false
proposal/myrmidon/src/java/org/apache/myrmidon/libs/core/StringToURLConverter.java,17.0,5.0,1.0,2.0,0.0,6.0,1,0.0029498525073746312,907.1157894736841,16364.738639948535,1,false
proposal/myrmidon/src/java/org/apache/myrmidon/libs/runtime/ConverterDef.java,52.0,12.0,5.0,6.0,5.0,11.0,1,0.0029498525073746312,907.1157894736841,16364.738639948535,1,false
proposal/myrmidon/src/java/org/apache/myrmidon/libs/runtime/Import.java,25.0,10.0,0.0,3.0,2.0,7.0,1,0.0029498525073746312,907.1157894736841,16364.738639948535,1,false
proposal/myrmidon/src/java/org/apache/myrmidon/libs/selftest/ConfigurationTest.java,20.0,6.0,0.0,2.0,5.0,6.0,0,0.0,0.0,0.0,0,false
proposal/myrmidon/src/java/org/apache/myrmidon/libs/selftest/ContentTest.java,11.0,2.0,1.0,2.0,2.0,3.0,0,0.0,0.0,0.0,0,false
proposal/myrmidon/src/java/org/apache/myrmidon/libs/selftest/PrimitiveTypesTest.java,47.0,2.0,91.0,14.0,26.0,15.0,0,0.0,0.0,0.0,0,false
proposal/myrmidon/src/java/org/apache/myrmidon/libs/selftest/SubElementTest.java,20.0,2.0,3.0,3.0,2.0,5.0,0,0.0,0.0,0.0,0,false
src/etc/testcases/taskdefs/fixcrlf/expected/Junk1.java,9.0,0.0,0.0,1.0,1.0,2.0,1,0.0029498525073746312,873.0877192982456,23837.48901822072,1,true
src/etc/testcases/taskdefs/fixcrlf/expected/Junk2.java,9.0,0.0,0.0,1.0,1.0,2.0,1,0.0029498525073746312,873.0877192982456,23837.48901822072,1,true
src/etc/testcases/taskdefs/fixcrlf/expected/Junk3.java,9.0,0.0,0.0,1.0,1.0,2.0,1,0.0029498525073746312,873.0877192982456,23837.48901822072,1,true
src/etc/testcases/taskdefs/fixcrlf/expected/Junk4.java,9.0,0.0,0.0,1.0,1.0,2.0,1,0.0029498525073746312,873.0877192982456,23837.48901822072,1,true
src/etc/testcases/taskdefs/fixcrlf/expected/Junk5.java,5.0,0.0,0.0,1.0,0.0,1.0,1,0.0029498525073746312,873.0877192982456,23837.48901822072,1,true
src/etc/testcases/taskdefs/fixcrlf/expected/Junk6.java,9.0,0.0,0.0,1.0,1.0,2.0,1,0.0029498525073746312,873.0877192982456,23837.48901822072,1,true
src/etc/testcases/taskdefs/fixcrlf/expected/Junk7.java,9.0,0.0,0.0,1.0,1.0,2.0,1,0.0029498525073746312,873.0877192982456,23837.48901822072,1,true
src/etc/testcases/taskdefs/fixcrlf/expected/Junk8.java,9.0,0.0,0.0,1.0,1.0,2.0,1,0.0029498525073746312,873.0877192982456,23837.48901822072,1,true
src/etc/testcases/taskdefs/fixcrlf/expected/Junk9.java,9.0,0.0,0.0,1.0,1.0,2.0,1,0.0029498525073746312,873.0877192982456,23837.48901822072,1,true
src/etc/testcases/taskdefs/fixcrlf/input/Junk1.java,9.0,0.0,0.0,1.0,1.0,2.0,1,0.0029498525073746312,873.0877192982456,23837.48901822072,1,true
src/etc/testcases/taskdefs/fixcrlf/input/Junk2.java,9.0,0.0,0.0,1.0,1.0,2.0,1,0.0029498525073746312,873.0877192982456,23837.48901822072,1,true
src/etc/testcases/taskdefs/fixcrlf/input/Junk3.java,9.0,0.0,0.0,1.0,1.0,2.0,1,0.0029498525073746312,873.0877192982456,23837.48901822072,1,true
src/etc/testcases/taskdefs/fixcrlf/input/Junk4.java,9.0,0.0,0.0,1.0,1.0,2.0,1,0.0029498525073746312,873.0877192982456,23837.48901822072,1,true
src/etc/testcases/taskdefs/fixcrlf/input/Junk5.java,9.0,0.0,0.0,1.0,1.0,2.0,1,0.0029498525073746312,873.0877192982456,23837.48901822072,1,true
src/etc/testcases/taskdefs/fixcrlf/input/Junk6.java,9.0,0.0,0.0,1.0,1.0,2.0,1,0.0029498525073746312,873.0877192982456,23837.48901822072,1,true
src/etc/testcases/taskdefs/fixcrlf/input/Junk7.java,9.0,0.0,0.0,1.0,1.0,2.0,1,0.0029498525073746312,873.0877192982456,23837.48901822072,1,true
src/etc/testcases/taskdefs/fixcrlf/input/Junk8.java,9.0,0.0,0.0,1.0,1.0,2.0,1,0.0029498525073746312,873.0877192982456,23837.48901822072,1,true
src/etc/testcases/taskdefs/fixcrlf/input/Junk9.java,9.0,0.0,0.0,1.0,1.0,2.0,1,0.0029498525073746312,873.0877192982456,23837.48901822072,1,true
src/main/org/apache/tools/ant/AntClassLoader.java,730.0,6.0,526.0,36.0,96.0,128.0,2,0.0058997050147492625,1163.6140350877192,32676.29106395282,2,true
src/main/org/apache/tools/ant/BuildException.java,121.0,1.0,21.0,14.0,8.0,24.0,1,0.0029498525073746312,290.5263157894737,8838.802045732102,1,true
src/main/org/apache/tools/ant/DefaultLogger.java,110.0,1.0,40.0,12.0,18.0,26.0,1,0.0029498525073746312,290.5263157894737,8838.802045732102,1,true
src/main/org/apache/tools/ant/DemuxOutputStream.java,78.0,2.0,17.0,7.0,17.0,16.0,0,0.0,0.0,0.0,0,true
src/main/org/apache/tools/ant/DesirableFilter.java,38.0,3.0,0.0,1.0,3.0,4.0,0,0.0,0.0,0.0,0,true
src/main/org/apache/tools/ant/DirectoryScanner.java,740.0,2.0,155.0,22.0,63.0,86.0,1,0.0029498525073746312,290.5263157894737,8838.802045732102,1,true
src/main/org/apache/tools/ant/ExitException.java,17.0,0.0,0.0,2.0,0.0,3.0,0,0.0,0.0,0.0,0,true
src/main/org/apache/tools/ant/IntrospectionHelper.java,479.0,6.0,695.0,39.0,90.0,108.0,3,0.008849557522123894,2070.7298245614033,49041.02970390135,3,true
src/main/org/apache/tools/ant/Launcher.java,117.0,4.0,15.0,6.0,47.0,24.0,0,0.0,0.0,0.0,0,false
src/main/org/apache/tools/ant/Main.java,536.0,2.0,32.0,16.0,114.0,69.0,3,0.008849557522123894,1313.3563909774437,26623.562425909364,3,true
src/main/org/apache/tools/ant/Project.java,724.0,5.0,2259.0,75.0,171.0,185.0,3,0.008849557522123894,1279.328320802005,34096.31280418155,3,true
src/main/org/apache/tools/ant/ProjectComponent.java,42.0,0.0,0.0,4.0,2.0,7.0,1,0.0029498525073746312,290.5263157894737,8838.802045732102,1,true
src/main/org/apache/tools/ant/ProjectHelper.java,622.0,6.0,0.0,11.0,60.0,40.0,1,0.0029498525073746312,290.5263157894737,8838.802045732102,1,true
src/main/org/apache/tools/ant/RuntimeConfigurable.java,86.0,4.0,23.0,10.0,18.0,17.0,1,0.0029498525073746312,290.5263157894737,8838.802045732102,1,true
src/main/org/apache/tools/ant/Target.java,130.0,1.0,122.0,20.0,38.0,45.0,1,0.0029498525073746312,290.5263157894737,8838.802045732102,1,true
src/main/org/apache/tools/ant/Task.java,146.0,0.0,157.0,19.0,12.0,36.0,1,0.0029498525073746312,290.5263157894737,8838.802045732102,1,true
src/main/org/apache/tools/ant/TaskAdapter.java,49.0,2.0,0.0,3.0,4.0,8.0,2,0.0058997050147492625,1163.6140350877192,32676.29106395282,2,true
src/main/org/apache/tools/ant/TaskContainer.java,11.0,0.0,0.0,1.0,0.0,1.0,0,0.0,0.0,0.0,0,true
src/main/org/apache/tools/ant/UnknownElement.java,84.0,1.0,5.0,7.0,32.0,19.0,3,0.008849557522123894,2070.7298245614033,49041.02970390135,3,true
src/main/org/apache/tools/ant/XmlLogger.java,191.0,5.0,7.0,10.0,71.0,33.0,3,0.008849557522123894,2070.7298245614033,49041.02970390135,3,true
src/main/org/apache/tools/ant/listener/Log4jListener.java,104.0,3.0,0.0,8.0,47.0,22.0,1,0.0029498525073746312,290.5263157894737,8838.802045732102,1,true
src/main/org/apache/tools/ant/taskdefs/Ant.java,180.0,3.0,14.0,12.0,63.0,29.0,3,0.008849557522123894,2070.7298245614033,49041.02970390135,3,true
src/main/org/apache/tools/ant/taskdefs/AntStructure.java,242.0,10.0,20.0,8.0,45.0,31.0,2,0.0058997050147492625,1163.6140350877192,32676.29106395282,2,true
src/main/org/apache/tools/ant/taskdefs/Available.java,157.0,5.0,86.0,17.0,35.0,43.0,1,0.0029498525073746312,873.0877192982456,23837.48901822072,1,true
src/main/org/apache/tools/ant/taskdefs/CVSPass.java,88.0,2.0,1.0,6.0,14.0,13.0,0,0.0,0.0,0.0,0,true
src/main/org/apache/tools/ant/taskdefs/CallTarget.java,74.0,1.0,0.0,7.0,17.0,14.0,0,0.0,0.0,0.0,0,true
src/main/org/apache/tools/ant/taskdefs/ConditionTask.java,44.0,3.0,0.0,3.0,6.0,6.0,1,0.0029498525073746312,873.0877192982456,23837.48901822072,1,true
src/main/org/apache/tools/ant/taskdefs/Copy.java,283.0,5.0,126.0,20.0,47.0,50.0,3,0.008849557522123894,2070.7298245614033,49041.02970390135,3,true
src/main/org/apache/tools/ant/taskdefs/Definer.java,127.0,4.0,44.0,13.0,20.0,29.0,1,0.0029498525073746312,290.5263157894737,8838.802045732102,1,true
src/main/org/apache/tools/ant/taskdefs/Delete.java,289.0,4.0,43.0,18.0,25.0,40.0,1,0.0029498525073746312,873.0877192982456,23837.48901822072,1,true
src/main/org/apache/tools/ant/taskdefs/DependSet.java,188.0,7.0,7.0,6.0,23.0,13.0,2,0.0058997050147492625,1163.6140350877192,32676.29106395282,2,true
src/main/org/apache/tools/ant/taskdefs/ExecTask.java,242.0,3.0,152.0,21.0,39.0,55.0,1,0.0029498525073746312,873.0877192982456,23837.48901822072,1,true
src/main/org/apache/tools/ant/taskdefs/Execute.java,525.0,14.0,143.0,19.0,53.0,57.0,3,0.008849557522123894,296.5263157894737,8847.008958575829,3,true
src/main/org/apache/tools/ant/taskdefs/ExecuteJava.java,72.0,10.0,4.0,5.0,15.0,10.0,1,0.0029498525073746312,290.5263157894737,8838.802045732102,1,true
src/main/org/apache/tools/ant/taskdefs/ExecuteOn.java,256.0,7.0,49.0,14.0,39.0,44.0,1,0.0029498525073746312,290.5263157894737,8838.802045732102,1,true
src/main/org/apache/tools/ant/taskdefs/Expand.java,115.0,3.0,4.0,5.0,29.0,16.0,1,0.0029498525073746312,873.0877192982456,23837.48901822072,1,true
src/main/org/apache/tools/ant/taskdefs/Filter.java,39.0,5.0,0.0,5.0,6.0,9.0,1,0.0029498525073746312,290.5263157894737,8838.802045732102,1,true
src/main/org/apache/tools/ant/taskdefs/FixCRLF.java,770.0,6.0,42.0,16.0,73.0,72.0,2,0.0058997050147492625,1163.6140350877192,32676.29106395282,2,true
src/main/org/apache/tools/ant/taskdefs/GZip.java,66.0,3.0,0.0,5.0,10.0,12.0,1,0.0029498525073746312,907.1157894736841,16364.738639948535,1,true
src/main/org/apache/tools/ant/taskdefs/Jar.java,216.0,5.0,73.0,14.0,42.0,48.0,2,0.0058997050147492625,1197.6421052631579,25203.540685680637,2,true
src/main/org/apache/tools/ant/taskdefs/Java.java,273.0,8.0,122.0,25.0,61.0,67.0,2,0.0058997050147492625,406.2406015037594,10258.82378596083,2,true
src/main/org/apache/tools/ant/taskdefs/Javac.java,415.0,7.0,819.0,43.0,33.0,94.0,2,0.0058997050147492625,1163.6140350877192,32676.29106395282,2,true
src/main/org/apache/tools/ant/taskdefs/Javadoc.java,936.0,8.0,2360.0,76.0,193.0,148.0,2,0.0058997050147492625,1197.6421052631579,25203.540685680637,2,true
src/main/org/apache/tools/ant/taskdefs/KeySubst.java,130.0,3.0,13.0,7.0,26.0,25.0,0,0.0,0.0,0.0,0,true
src/main/org/apache/tools/ant/taskdefs/LogStreamHandler.java,25.0,6.0,1.0,2.0,3.0,5.0,0,0.0,0.0,0.0,0,true
src/main/org/apache/tools/ant/taskdefs/Manifest.java,474.0,3.0,0.0,9.0,45.0,36.0,1,0.0029498525073746312,290.5263157894737,8838.802045732102,1,true
src/main/org/apache/tools/ant/taskdefs/ManifestException.java,13.0,1.0,0.0,1.0,0.0,3.0,1,0.0029498525073746312,290.5263157894737,8838.802045732102,1,true
src/main/org/apache/tools/ant/taskdefs/MatchingTask.java,128.0,4.0,0.0,13.0,27.0,26.0,1,0.0029498525073746312,873.0877192982456,23837.48901822072,1,true
src/main/org/apache/tools/ant/taskdefs/Mkdir.java,26.0,2.0,0.0,2.0,5.0,5.0,0,0.0,0.0,0.0,0,true
src/main/org/apache/tools/ant/taskdefs/Move.java,166.0,4.0,10.0,5.0,36.0,25.0,2,0.0058997050147492625,1163.6140350877192,32676.29106395282,2,true
src/main/org/apache/tools/ant/taskdefs/Parallel.java,102.0,5.0,0.0,2.0,13.0,9.0,0,0.0,0.0,0.0,0,true
src/main/org/apache/tools/ant/taskdefs/PathConvert.java,210.0,6.0,34.0,12.0,29.0,38.0,1,0.0029498525073746312,907.1157894736841,16364.738639948535,1,true
src/main/org/apache/tools/ant/taskdefs/Property.java,232.0,5.0,208.0,25.0,62.0,59.0,1,0.0029498525073746312,290.5263157894737,8838.802045732102,1,true
src/main/org/apache/tools/ant/taskdefs/PumpStreamHandler.java,75.0,3.0,48.0,13.0,8.0,17.0,0,0.0,0.0,0.0,0,true
src/main/org/apache/tools/ant/taskdefs/Rename.java,53.0,3.0,0.0,4.0,5.0,8.0,0,0.0,0.0,0.0,0,true
src/main/org/apache/tools/ant/taskdefs/Replace.java,318.0,4.0,56.0,16.0,51.0,47.0,1,0.0029498525073746312,290.5263157894737,8838.802045732102,1,true
src/main/org/apache/tools/ant/taskdefs/Rmic.java,408.0,12.0,733.0,42.0,46.0,102.0,1,0.0029498525073746312,873.0877192982456,23837.48901822072,1,true
src/main/org/apache/tools/ant/taskdefs/SQLExec.java,526.0,9.0,248.0,25.0,81.0,67.0,2,0.0058997050147492625,1163.6140350877192,32676.29106395282,2,true
src/main/org/apache/tools/ant/taskdefs/Sequential.java,29.0,5.0,0.0,2.0,5.0,4.0,0,0.0,0.0,0.0,0,true
src/main/org/apache/tools/ant/taskdefs/SignJar.java,207.0,9.0,106.0,17.0,33.0,35.0,1,0.0029498525073746312,907.1157894736841,16364.738639948535,1,true
src/main/org/apache/tools/ant/taskdefs/Sleep.java,117.0,3.0,35.0,10.0,8.0,21.0,0,0.0,0.0,0.0,0,true
src/main/org/apache/tools/ant/taskdefs/Touch.java,119.0,14.0,2.0,8.0,27.0,23.0,1,0.0029498525073746312,873.0877192982456,23837.48901822072,1,true
src/main/org/apache/tools/ant/taskdefs/Transform.java,6.0,0.0,0.0,0.0,0.0,0.0,0,0.0,0.0,0.0,0,true
src/main/org/apache/tools/ant/taskdefs/Tstamp.java,129.0,4.0,0.0,2.0,7.0,7.0,1,0.0029498525073746312,290.5263157894737,8838.802045732102,1,true
src/main/org/apache/tools/ant/taskdefs/Untar.java,103.0,3.0,0.0,4.0,25.0,11.0,1,0.0029498525073746312,873.0877192982456,23837.48901822072,1,true
src/main/org/apache/tools/ant/taskdefs/UpToDate.java,111.0,8.0,12.0,9.0,19.0,28.0,1,0.0029498525073746312,873.0877192982456,23837.48901822072,1,true
src/main/org/apache/tools/ant/taskdefs/XSLTProcess.java,332.0,9.0,138.0,21.0,55.0,61.0,2,0.0058997050147492625,1163.6140350877192,32676.29106395282,2,true
src/main/org/apache/tools/ant/taskdefs/Zip.java,524.0,12.0,227.0,26.0,117.0,86.0,4,0.011799410029498525,2070.7298245614033,49041.02970390135,4,true
src/main/org/apache/tools/ant/taskdefs/compilers/CompilerAdapterFactory.java,89.0,3.0,3.0,3.0,6.0,13.0,1,0.0029498525073746312,873.0877192982456,23837.48901822072,1,true
src/main/org/apache/tools/ant/taskdefs/compilers/DefaultCompilerAdapter.java,278.0,5.0,0.0,8.0,68.0,29.0,2,0.0058997050147492625,1163.6140350877192,32676.29106395282,2,true
src/main/org/apache/tools/ant/taskdefs/compilers/Gcj.java,54.0,4.0,1.0,2.0,17.0,8.0,2,0.0058997050147492625,1780.2035087719296,40202.22765816926,2,true
src/main/org/apache/tools/ant/taskdefs/compilers/Javac12.java,43.0,7.0,0.0,1.0,10.0,7.0,0,0.0,0.0,0.0,0,true
src/main/org/apache/tools/ant/taskdefs/compilers/Javac13.java,34.0,6.0,0.0,1.0,9.0,7.0,1,0.0029498525073746312,290.5263157894737,8838.802045732102,1,true
src/main/org/apache/tools/ant/taskdefs/compilers/JavacExternal.java,18.0,3.0,0.0,1.0,7.0,4.0,1,0.0029498525073746312,873.0877192982456,23837.48901822072,1,true
src/main/org/apache/tools/ant/taskdefs/compilers/Kjc.java,69.0,8.0,1.0,2.0,15.0,10.0,1,0.0029498525073746312,873.0877192982456,23837.48901822072,1,true
src/main/org/apache/tools/ant/taskdefs/compilers/Sj.java,18.0,3.0,0.0,1.0,6.0,4.0,1,0.0029498525073746312,873.0877192982456,23837.48901822072,1,true
src/main/org/apache/tools/ant/taskdefs/condition/And.java,19.0,2.0,0.0,1.0,4.0,5.0,1,0.0029498525073746312,873.0877192982456,23837.48901822072,1,true
src/main/org/apache/tools/ant/taskdefs/condition/Condition.java,11.0,1.0,0.0,1.0,0.0,2.0,2,0.0058997050147492625,1780.2035087719296,40202.22765816926,2,true
src/main/org/apache/tools/ant/taskdefs/condition/ConditionBase.java,107.0,7.0,0.0,11.0,8.0,14.0,1,0.0029498525073746312,873.0877192982456,23837.48901822072,1,false
src/main/org/apache/tools/ant/taskdefs/condition/Equals.java,20.0,1.0,1.0,3.0,1.0,6.0,1,0.0029498525073746312,873.0877192982456,23837.48901822072,1,true
src/main/org/apache/tools/ant/taskdefs/condition/Not.java,18.0,1.0,0.0,1.0,4.0,4.0,1,0.0029498525073746312,873.0877192982456,23837.48901822072,1,true
src/main/org/apache/tools/ant/taskdefs/condition/Or.java,19.0,2.0,0.0,1.0,4.0,5.0,1,0.0029498525073746312,873.0877192982456,23837.48901822072,1,true
src/main/org/apache/tools/ant/taskdefs/condition/Os.java,31.0,1.0,0.0,2.0,7.0,7.0,2,0.0058997050147492625,1780.2035087719296,40202.22765816926,2,true
src/main/org/apache/tools/ant/taskdefs/optional/Javah.java,271.0,10.0,109.0,18.0,36.0,46.0,0,0.0,0.0,0.0,0,true
src/main/org/apache/tools/ant/taskdefs/optional/NetRexxC.java,502.0,8.0,574.0,37.0,54.0,94.0,0,0.0,0.0,0.0,0,true
src/main/org/apache/tools/ant/taskdefs/optional/TraXLiaison.java,45.0,7.0,2.0,5.0,9.0,15.0,2,0.0058997050147492625,406.2406015037594,10258.82378596083,2,true
src/main/org/apache/tools/ant/taskdefs/optional/XMLValidateTask.java,264.0,25.0,50.0,13.0,41.0,45.0,1,0.0029498525073746312,907.1157894736841,16364.738639948535,1,true
src/main/org/apache/tools/ant/taskdefs/optional/XslpLiaison.java,27.0,5.0,0.0,4.0,4.0,7.0,1,0.0029498525073746312,290.5263157894737,8838.802045732102,1,true
src/main/org/apache/tools/ant/taskdefs/optional/ccm/CCMCheck.java,98.0,4.0,26.0,9.0,15.0,15.0,1,0.0029498525073746312,873.0877192982456,23837.48901822072,1,true
src/main/org/apache/tools/ant/taskdefs/optional/ccm/CCMCheckin.java,11.0,1.0,0.0,1.0,2.0,1.0,1,0.0029498525073746312,873.0877192982456,23837.48901822072,1,true
src/main/org/apache/tools/ant/taskdefs/optional/ccm/CCMCheckinDefault.java,12.0,0.0,0.0,1.0,2.0,1.0,1,0.0029498525073746312,873.0877192982456,23837.48901822072,1,true
src/main/org/apache/tools/ant/taskdefs/optional/ccm/CCMCheckout.java,10.0,0.0,0.0,1.0,1.0,1.0,1,0.0029498525073746312,873.0877192982456,23837.48901822072,1,true
src/main/org/apache/tools/ant/taskdefs/optional/ccm/CCMCreateTask.java,233.0,11.0,178.0,20.0,33.0,39.0,1,0.0029498525073746312,873.0877192982456,23837.48901822072,1,true
src/main/org/apache/tools/ant/taskdefs/optional/ccm/CCMReconfigure.java,102.0,9.0,30.0,9.0,15.0,15.0,1,0.0029498525073746312,873.0877192982456,23837.48901822072,1,true
src/main/org/apache/tools/ant/taskdefs/optional/ccm/Continuus.java,86.0,6.0,11.0,6.0,11.0,14.0,1,0.0029498525073746312,873.0877192982456,23837.48901822072,1,true
src/main/org/apache/tools/ant/taskdefs/optional/depend/Depend.java,447.0,7.0,107.0,18.0,100.0,64.0,2,0.0058997050147492625,1197.6421052631579,25203.540685680637,2,true
src/main/org/apache/tools/ant/taskdefs/optional/dotnet/CSharp.java,632.0,4.0,1473.0,58.0,50.0,145.0,1,0.0029498525073746312,873.0877192982456,23837.48901822072,1,true
src/main/org/apache/tools/ant/taskdefs/optional/dotnet/Ilasm.java,317.0,6.0,304.0,28.0,32.0,74.0,1,0.0029498525073746312,873.0877192982456,23837.48901822072,1,true
src/main/org/apache/tools/ant/taskdefs/optional/ejb/BorlandDeploymentTool.java,328.0,9.0,188.0,21.0,100.0,63.0,1,0.0029498525073746312,290.5263157894737,8838.802045732102,1,true
src/main/org/apache/tools/ant/taskdefs/optional/ejb/DDCreatorHelper.java,90.0,4.0,4.0,4.0,12.0,15.0,1,0.0029498525073746312,290.5263157894737,8838.802045732102,1,true
src/main/org/apache/tools/ant/taskdefs/optional/ejb/DescriptorHandler.java,238.0,7.0,19.0,11.0,18.0,37.0,2,0.0058997050147492625,296.5263157894737,8847.008958575829,2,false
src/main/org/apache/tools/ant/taskdefs/optional/ejb/EjbJar.java,381.0,11.0,0.0,20.0,43.0,57.0,1,0.0029498525073746312,907.1157894736841,16364.738639948535,1,true
src/main/org/apache/tools/ant/taskdefs/optional/ejb/GenericDeploymentTool.java,596.0,10.0,280.0,32.0,153.0,109.0,1,0.0029498525073746312,290.5263157894737,8838.802045732102,1,true
src/main/org/apache/tools/ant/taskdefs/optional/ejb/IPlanetDeploymentTool.java,254.0,7.0,52.0,12.0,40.0,37.0,0,0.0,0.0,0.0,0,true
src/main/org/apache/tools/ant/taskdefs/optional/ejb/JbossDeploymentTool.java,41.0,3.0,1.0,2.0,6.0,7.0,0,0.0,0.0,0.0,0,true
src/main/org/apache/tools/ant/taskdefs/optional/ejb/WLRun.java,282.0,6.0,111.0,19.0,34.0,34.0,1,0.0029498525073746312,290.5263157894737,8838.802045732102,1,true
src/main/org/apache/tools/ant/taskdefs/optional/ejb/WeblogicDeploymentTool.java,511.0,9.0,287.0,26.0,103.0,68.0,1,0.0029498525073746312,290.5263157894737,8838.802045732102,1,true
src/main/org/apache/tools/ant/taskdefs/optional/ejb/WeblogicTOPLinkDeploymentTool.java,55.0,4.0,2.0,5.0,6.0,14.0,0,0.0,0.0,0.0,0,false
src/main/org/apache/tools/ant/taskdefs/optional/javacc/JJTree.java,113.0,12.0,0.0,16.0,38.0,22.0,0,0.0,0.0,0.0,0,true
src/main/org/apache/tools/ant/taskdefs/optional/junit/AggregateTransformer.java,146.0,30.0,25.0,10.0,22.0,31.0,1,0.0029498525073746312,115.71428571428572,1420.021740228728,1,true
src/main/org/apache/tools/ant/taskdefs/optional/junit/BaseTest.java,74.0,2.0,93.0,15.0,2.0,26.0,0,0.0,0.0,0.0,0,true
src/main/org/apache/tools/ant/taskdefs/optional/junit/BatchTest.java,139.0,7.0,24.0,8.0,34.0,24.0,1,0.0029498525073746312,873.0877192982456,23837.48901822072,1,true
src/main/org/apache/tools/ant/taskdefs/optional/junit/BriefJUnitResultFormatter.java,161.0,2.0,93.0,15.0,25.0,34.0,0,0.0,0.0,0.0,0,true
src/main/org/apache/tools/ant/taskdefs/optional/junit/FormatterElement.java,141.0,5.0,25.0,10.0,7.0,28.0,0,0.0,0.0,0.0,0,true
src/main/org/apache/tools/ant/taskdefs/optional/junit/JUnitTask.java,525.0,23.0,395.0,31.0,140.0,104.0,1,0.0029498525073746312,6.0,8.206912843726872,1,true
src/main/org/apache/tools/ant/taskdefs/optional/junit/JUnitTest.java,111.0,7.0,133.0,18.0,11.0,33.0,0,0.0,0.0,0.0,0,true
src/main/org/apache/tools/ant/taskdefs/optional/junit/JUnitTestRunner.java,303.0,9.0,97.0,18.0,66.0,52.0,0,0.0,0.0,0.0,0,true
src/main/org/apache/tools/ant/taskdefs/optional/junit/PlainJUnitResultFormatter.java,144.0,6.0,38.0,12.0,27.0,27.0,1,0.0029498525073746312,873.0877192982456,23837.48901822072,1,true
src/main/org/apache/tools/ant/taskdefs/optional/junit/XMLConstants.java,86.0,0.0,0.0,0.0,0.0,0.0,1,0.0029498525073746312,907.1157894736841,16364.738639948535,1,true
src/main/org/apache/tools/ant/taskdefs/optional/junit/XMLJUnitResultFormatter.java,165.0,11.0,55.0,14.0,47.0,34.0,1,0.0029498525073746312,873.0877192982456,23837.48901822072,1,true
src/main/org/apache/tools/ant/taskdefs/optional/junit/XMLResultAggregator.java,214.0,22.0,47.0,11.0,50.0,39.0,0,0.0,0.0,0.0,0,true
src/main/org/apache/tools/ant/taskdefs/optional/metamata/AbstractMetamataTask.java,242.0,8.0,184.0,21.0,62.0,52.0,2,0.0058997050147492625,988.8020050125313,25257.510758449447,2,true
src/main/org/apache/tools/ant/taskdefs/optional/metamata/MAudit.java,125.0,9.0,39.0,11.0,6.0,26.0,1,0.0029498525073746312,115.71428571428572,1420.021740228728,1,true
src/main/org/apache/tools/ant/taskdefs/optional/metamata/MAuditStreamHandler.java,166.0,11.0,31.0,10.0,36.0,26.0,1,0.0029498525073746312,115.71428571428572,1420.021740228728,1,true
src/main/org/apache/tools/ant/taskdefs/optional/metamata/MMetrics.java,162.0,7.0,23.0,10.0,14.0,29.0,1,0.0029498525073746312,115.71428571428572,1420.021740228728,1,true
src/main/org/apache/tools/ant/taskdefs/optional/metamata/MMetricsStreamHandler.java,234.0,11.0,39.0,11.0,49.0,39.0,2,0.0058997050147492625,988.8020050125313,25257.510758449447,2,true
src/main/org/apache/tools/ant/taskdefs/optional/net/FTP.java,653.0,6.0,240.0,28.0,95.0,101.0,2,0.0058997050147492625,1163.6140350877192,32676.29106395282,2,true
src/main/org/apache/tools/ant/taskdefs/optional/net/MimeMail.java,250.0,27.0,82.0,16.0,34.0,31.0,0,0.0,0.0,0.0,0,true
src/main/org/apache/tools/ant/taskdefs/optional/perforce/P4Base.java,120.0,5.0,22.0,8.0,17.0,15.0,0,0.0,0.0,0.0,0,true
src/main/org/apache/tools/ant/taskdefs/optional/perforce/P4Reopen.java,11.0,1.0,0.0,2.0,2.0,7.0,1,0.0029498525073746312,907.1157894736841,16364.738639948535,1,true
src/main/org/apache/tools/ant/taskdefs/optional/perforce/P4Revert.java,17.0,1.0,0.0,3.0,2.0,8.0,1,0.0029498525073746312,907.1157894736841,16364.738639948535,1,true
src/main/org/apache/tools/ant/taskdefs/optional/pvcs/Pvcs.java,345.0,13.0,241.0,26.0,60.0,68.0,1,0.0029498525073746312,907.1157894736841,16364.738639948535,1,true
src/main/org/apache/tools/ant/taskdefs/optional/sitraka/CovMerge.java,149.0,16.0,29.0,10.0,35.0,25.0,1,0.0029498525073746312,115.71428571428572,1420.021740228728,1,true
src/main/org/apache/tools/ant/taskdefs/optional/sitraka/CovReport.java,245.0,21.0,65.0,15.0,28.0,35.0,2,0.0058997050147492625,406.2406015037594,10258.82378596083,2,true
src/main/org/apache/tools/ant/taskdefs/optional/sitraka/Coverage.java,341.0,19.0,289.0,27.0,49.0,57.0,1,0.0029498525073746312,115.71428571428572,1420.021740228728,1,true
src/main/org/apache/tools/ant/taskdefs/optional/sitraka/Filters.java,76.0,1.0,2.0,5.0,6.0,8.0,1,0.0029498525073746312,115.71428571428572,1420.021740228728,1,true
src/main/org/apache/tools/ant/taskdefs/optional/sitraka/ReportFilters.java,100.0,3.0,0.0,6.0,15.0,14.0,1,0.0029498525073746312,115.71428571428572,1420.021740228728,1,true
src/main/org/apache/tools/ant/taskdefs/optional/sitraka/Socket.java,30.0,0.0,0.0,3.0,1.0,5.0,1,0.0029498525073746312,115.71428571428572,1420.021740228728,1,false
src/main/org/apache/tools/ant/taskdefs/optional/sitraka/StringUtil.java,30.0,0.0,1.0,2.0,5.0,6.0,1,0.0029498525073746312,115.71428571428572,1420.021740228728,1,true
src/main/org/apache/tools/ant/taskdefs/optional/sitraka/Triggers.java,76.0,3.0,1.0,3.0,5.0,6.0,1,0.0029498525073746312,115.71428571428572,1420.021740228728,1,true
src/main/org/apache/tools/ant/taskdefs/optional/sitraka/XMLReport.java,462.0,12.0,155.0,22.0,152.0,74.0,1,0.0029498525073746312,115.71428571428572,1420.021740228728,1,true
src/main/org/apache/tools/ant/taskdefs/optional/sitraka/bytecode/ClassFile.java,109.0,4.0,65.0,14.0,26.0,33.0,1,0.0029498525073746312,115.71428571428572,1420.021740228728,1,true
src/main/org/apache/tools/ant/taskdefs/optional/sitraka/bytecode/ClassPathLoader.java,141.0,3.0,15.0,7.0,23.0,23.0,1,0.0029498525073746312,115.71428571428572,1420.021740228728,1,true
src/main/org/apache/tools/ant/taskdefs/optional/sitraka/bytecode/FieldInfo.java,56.0,4.0,21.0,10.0,12.0,19.0,1,0.0029498525073746312,115.71428571428572,1420.021740228728,1,false
src/main/org/apache/tools/ant/taskdefs/optional/sitraka/bytecode/FieldInfoList.java,37.0,3.0,1.0,6.0,7.0,13.0,1,0.0029498525073746312,115.71428571428572,1420.021740228728,1,false
src/main/org/apache/tools/ant/taskdefs/optional/sitraka/bytecode/InterfaceList.java,44.0,2.0,1.0,6.0,8.0,15.0,1,0.0029498525073746312,115.71428571428572,1420.021740228728,1,false
src/main/org/apache/tools/ant/taskdefs/optional/sitraka/bytecode/MethodInfo.java,90.0,3.0,71.0,15.0,22.0,32.0,1,0.0029498525073746312,115.71428571428572,1420.021740228728,1,true
src/main/org/apache/tools/ant/taskdefs/optional/sitraka/bytecode/MethodInfoList.java,55.0,3.0,0.0,5.0,5.0,11.0,1,0.0029498525073746312,115.71428571428572,1420.021740228728,1,false
src/main/org/apache/tools/ant/taskdefs/optional/sitraka/bytecode/Utils.java,356.0,2.0,231.0,22.0,52.0,72.0,1,0.0029498525073746312,115.71428571428572,1420.021740228728,1,true
src/main/org/apache/tools/ant/taskdefs/optional/sitraka/bytecode/attributes/AttributeInfo.java,78.0,3.0,4.0,4.0,6.0,10.0,1,0.0029498525073746312,115.71428571428572,1420.021740228728,1,true
src/main/org/apache/tools/ant/taskdefs/optional/sitraka/bytecode/attributes/AttributeInfoList.java,33.0,3.0,0.0,5.0,5.0,12.0,1,0.0029498525073746312,115.71428571428572,1420.021740228728,1,false
src/main/org/apache/tools/ant/taskdefs/optional/sitraka/bytecode/attributes/Code.java,74.0,3.0,13.0,7.0,5.0,14.0,1,0.0029498525073746312,115.71428571428572,1420.021740228728,1,false
src/main/org/apache/tools/ant/taskdefs/optional/sitraka/bytecode/attributes/ConstantValue.java,20.0,3.0,1.0,3.0,4.0,6.0,1,0.0029498525073746312,115.71428571428572,1420.021740228728,1,false
src/main/org/apache/tools/ant/taskdefs/optional/sitraka/bytecode/attributes/Deprecated.java,9.0,3.0,0.0,1.0,0.0,1.0,1,0.0029498525073746312,115.71428571428572,1420.021740228728,1,false
src/main/org/apache/tools/ant/taskdefs/optional/sitraka/bytecode/attributes/Exceptions.java,9.0,3.0,0.0,1.0,0.0,1.0,1,0.0029498525073746312,115.71428571428572,1420.021740228728,1,false
src/main/org/apache/tools/ant/taskdefs/optional/sitraka/bytecode/attributes/InnerClasses.java,9.0,3.0,0.0,1.0,0.0,1.0,1,0.0029498525073746312,115.71428571428572,1420.021740228728,1,false
src/main/org/apache/tools/ant/taskdefs/optional/sitraka/bytecode/attributes/LineNumberTable.java,28.0,3.0,2.0,5.0,2.0,10.0,1,0.0029498525073746312,115.71428571428572,1420.021740228728,1,false
src/main/org/apache/tools/ant/taskdefs/optional/sitraka/bytecode/attributes/LocalVariableTable.java,39.0,3.0,0.0,8.0,6.0,16.0,1,0.0029498525073746312,115.71428571428572,1420.021740228728,1,false
src/main/org/apache/tools/ant/taskdefs/optional/sitraka/bytecode/attributes/SourceDir.java,17.0,3.0,1.0,3.0,4.0,5.0,1,0.0029498525073746312,115.71428571428572,1420.021740228728,1,false
src/main/org/apache/tools/ant/taskdefs/optional/sitraka/bytecode/attributes/SourceFile.java,17.0,3.0,1.0,3.0,4.0,5.0,1,0.0029498525073746312,115.71428571428572,1420.021740228728,1,false
src/main/org/apache/tools/ant/taskdefs/optional/sitraka/bytecode/attributes/Synthetic.java,9.0,3.0,0.0,1.0,0.0,1.0,1,0.0029498525073746312,115.71428571428572,1420.021740228728,1,false
src/main/org/apache/tools/ant/taskdefs/optional/sitraka/bytecode/attributes/Unknown.java,9.0,2.0,0.0,1.0,0.0,1.0,1,0.0029498525073746312,115.71428571428572,1420.021740228728,1,false
src/main/org/apache/tools/ant/taskdefs/optional/vss/MSVSS.java,176.0,5.0,20.0,8.0,15.0,23.0,1,0.0029498525073746312,873.0877192982456,23837.48901822072,1,true
src/main/org/apache/tools/ant/taskdefs/optional/vss/MSVSSGET.java,269.0,4.0,89.0,15.0,37.0,44.0,1,0.0029498525073746312,873.0877192982456,23837.48901822072,1,true
src/main/org/apache/tools/ant/taskdefs/optional/vss/MSVSSLABEL.java,194.0,2.0,33.0,10.0,24.0,29.0,1,0.0029498525073746312,873.0877192982456,23837.48901822072,1,true
src/main/org/apache/tools/ant/taskdefs/rmic/DefaultRmicAdapter.java,283.0,7.0,46.0,13.0,55.0,35.0,0,0.0,0.0,0.0,0,true
src/main/org/apache/tools/ant/taskdefs/rmic/KaffeRmic.java,30.0,7.0,0.0,1.0,11.0,7.0,0,0.0,0.0,0.0,0,true
src/main/org/apache/tools/ant/taskdefs/rmic/RmicAdapter.java,31.0,4.0,6.0,4.0,0.0,6.0,1,0.0029498525073746312,907.1157894736841,16364.738639948535,1,true
src/main/org/apache/tools/ant/taskdefs/rmic/SunRmic.java,38.0,7.0,0.0,1.0,12.0,7.0,0,0.0,0.0,0.0,0,true
src/main/org/apache/tools/ant/taskdefs/rmic/WLRmic.java,39.0,8.0,3.0,3.0,7.0,13.0,1,0.0029498525073746312,290.5263157894737,8838.802045732102,1,true
src/main/org/apache/tools/ant/types/CommandlineJava.java,247.0,3.0,159.0,26.0,39.0,57.0,2,0.0058997050147492625,406.2406015037594,10258.82378596083,2,true
src/main/org/apache/tools/ant/types/DataType.java,127.0,4.0,22.0,9.0,14.0,28.0,1,0.0029498525073746312,290.5263157894737,8838.802045732102,1,true
src/main/org/apache/tools/ant/types/Description.java,23.0,1.0,0.0,2.0,1.0,2.0,2,0.0058997050147492625,406.2406015037594,10258.82378596083,2,true
src/main/org/apache/tools/ant/types/FileList.java,91.0,7.0,2.0,8.0,22.0,27.0,1,0.0029498525073746312,873.0877192982456,23837.48901822072,1,true
src/main/org/apache/tools/ant/types/FileSet.java,203.0,7.0,9.0,18.0,60.0,61.0,2,0.0058997050147492625,1163.6140350877192,32676.29106395282,2,true
src/main/org/apache/tools/ant/types/FilterSet.java,295.0,10.0,71.0,15.0,57.0,52.0,1,0.0029498525073746312,290.5263157894737,8838.802045732102,1,true
src/main/org/apache/tools/ant/types/Path.java,386.0,12.0,136.0,24.0,86.0,81.0,1,0.0029498525073746312,873.0877192982456,23837.48901822072,1,true
src/main/org/apache/tools/ant/types/PatternSet.java,320.0,8.0,134.0,20.0,84.0,75.0,3,0.008849557522123894,2070.7298245614033,49041.02970390135,3,true
src/main/org/apache/tools/ant/util/FileUtils.java,313.0,7.0,91.0,14.0,58.0,58.0,2,0.0058997050147492625,1163.6140350877192,32676.29106395282,2,true
src/main/org/apache/tools/ant/util/regexp/Jdk14RegexpMatcher.java,47.0,5.0,0.0,4.0,9.0,11.0,0,0.0,0.0,0.0,0,true
src/main/org/apache/tools/ant/util/regexp/RegexpMatcherFactory.java,44.0,1.0,3.0,3.0,4.0,11.0,0,0.0,0.0,0.0,0,true
src/main/org/apache/tools/zip/ZipExtraField.java,45.0,1.0,15.0,6.0,0.0,12.0,1,0.0029498525073746312,907.1157894736841,16364.738639948535,1,true
src/main/org/apache/tools/zip/ZipOutputStream.java,428.0,8.0,60.0,16.0,81.0,56.0,0,0.0,0.0,0.0,0,true
src/testcases/org/apache/tools/ant/DirectoryScannerTest.java,48.0,3.0,1.0,2.0,6.0,5.0,1,0.0029498525073746312,873.0877192982456,23837.48901822072,1,true
src/testcases/org/apache/tools/ant/IntrospectionHelperTest.java,379.0,4.0,683.0,38.0,71.0,67.0,1,0.0029498525073746312,873.0877192982456,23837.48901822072,1,true
src/testcases/org/apache/tools/ant/ProjectTest.java,54.0,5.0,2.0,5.0,12.0,8.0,1,0.0029498525073746312,873.0877192982456,23837.48901822072,1,true
src/testcases/org/apache/tools/ant/taskdefs/CopyfileTest.java,39.0,1.0,36.0,9.0,12.0,15.0,0,0.0,0.0,0.0,0,true
src/testcases/org/apache/tools/ant/taskdefs/DependSetTest.java,34.0,0.0,28.0,8.0,11.0,10.0,1,0.0029498525073746312,873.0877192982456,23837.48901822072,1,true
src/testcases/org/apache/tools/ant/taskdefs/FixCrLfTest.java,91.0,2.0,91.0,14.0,33.0,40.0,1,0.0029498525073746312,873.0877192982456,23837.48901822072,1,true
src/testcases/org/apache/tools/ant/taskdefs/JavaTest.java,55.0,3.0,0.0,7.0,17.0,12.0,1,0.0029498525073746312,115.71428571428572,1420.021740228728,1,true
src/testcases/org/apache/tools/ant/taskdefs/PropertyTest.java,30.0,1.0,15.0,6.0,9.0,10.0,1,0.0029498525073746312,290.5263157894737,8838.802045732102,1,true
src/testcases/org/apache/tools/ant/taskdefs/SleepTest.java,71.0,0.0,8.0,8.0,27.0,14.0,2,0.0058997050147492625,903.0877192982456,23846.729748368012,2,true
src/testcases/org/apache/tools/ant/taskdefs/TaskdefTest.java,26.0,0.0,21.0,7.0,6.0,12.0,1,0.0029498525073746312,873.0877192982456,23837.48901822072,1,true
src/testcases/org/apache/tools/ant/taskdefs/TaskdefTestContainerTask.java,4.0,0.0,0.0,1.0,0.0,1.0,1,0.0029498525073746312,873.0877192982456,23837.48901822072,1,false
src/testcases/org/apache/tools/ant/taskdefs/TaskdefTestSimpleTask.java,20.0,2.0,1.0,3.0,1.0,4.0,1,0.0029498525073746312,873.0877192982456,23837.48901822072,1,false
src/testcases/org/apache/tools/ant/taskdefs/TaskdefsTest.java,164.0,3.0,64.0,13.0,31.0,27.0,1,0.0029498525073746312,290.5263157894737,8838.802045732102,1,true
src/testcases/org/apache/tools/ant/taskdefs/optional/PvcsTest.java,29.0,2.0,28.0,8.0,7.0,10.0,0,0.0,0.0,0.0,0,true
src/testcases/org/apache/tools/ant/taskdefs/optional/junit/JUnitTestRunnerTest.java,117.0,3.0,28.0,8.0,34.0,10.0,0,0.0,0.0,0.0,0,true
src/testcases/org/apache/tools/ant/types/CommandlineJavaTest.java,42.0,4.0,1.0,3.0,16.0,5.0,1,0.0029498525073746312,873.0877192982456,23837.48901822072,1,true
src/testcases/org/apache/tools/ant/types/FileListTest.java,105.0,5.0,0.0,4.0,18.0,7.0,1,0.0029498525073746312,873.0877192982456,23837.48901822072,1,false
src/testcases/org/apache/tools/ant/types/FileSetTest.java,169.0,5.0,0.0,4.0,26.0,7.0,1,0.0029498525073746312,873.0877192982456,23837.48901822072,1,true
src/testcases/org/apache/tools/ant/types/PatternSetTest.java,144.0,5.0,4.0,4.0,23.0,7.0,1,0.0029498525073746312,873.0877192982456,23837.48901822072,1,true
src/testcases/org/apache/tools/ant/util/FileUtilsTest.java,118.0,3.0,5.0,7.0,27.0,16.0,2,0.0058997050147492625,1163.6140350877192,32676.29106395282,2,true
src/testcases/org/apache/tools/ant/util/regexp/JakartaOroMatcherTest.java,12.0,0.0,1.0,2.0,0.0,3.0,0,0.0,0.0,0.0,0,true
src/testcases/org/apache/tools/ant/util/regexp/Jdk14RegexpMatcherTest.java,12.0,0.0,1.0,2.0,0.0,3.0,0,0.0,0.0,0.0,0,true
