name,LOC,CBO,LCOM,NOM,RFC,WMC,numOfChanges,bccm,structuralWorkloadSum,semanticWorkloadSum,numberOfDeveloper,isBuggy
proposal/embed/src/java/org/apache/tools/ant/ProjectComponentFactory.java,31.0,12.0,0.0,1.0,0.0,5.0,0,0.0,0.0,0.0,0,true
proposal/embed/src/java/org/apache/tools/ant/ProjectComponentHelper.java,42.0,12.0,1.0,3.0,8.0,8.0,0,0.0,0.0,0.0,0,true
proposal/embed/src/java/org/apache/tools/ant/PropertyHelper.java,114.0,9.0,0.0,7.0,32.0,21.0,1,0.0031545741324921135,287.8709677419355,928.8279528774876,1,true
proposal/embed/src/java/org/apache/tools/ant/PropertyInterceptor.java,20.0,9.0,1.0,2.0,0.0,5.0,1,0.0031545741324921135,287.8709677419355,928.8279528774876,1,false
proposal/embed/src/java/org/apache/tools/ant/RuntimeConfigurable2.java,212.0,9.0,90.0,17.0,28.0,41.0,1,0.0031545741324921135,287.8709677419355,928.8279528774876,1,true
proposal/embed/src/java/org/apache/tools/ant/UnknownElement2.java,215.0,2.0,61.0,15.0,45.0,41.0,1,0.0031545741324921135,287.8709677419355,928.8279528774876,1,true
proposal/embed/src/java/org/apache/tools/ant/helper/ProjectHelperImpl2.java,827.0,27.0,8.0,5.0,51.0,25.0,1,0.0031545741324921135,287.8709677419355,928.8279528774876,1,true
proposal/embed/src/java/org/apache/tools/ant/helper/TaskAdapter2.java,114.0,2.0,16.0,9.0,11.0,27.0,0,0.0,0.0,0.0,0,true
proposal/embed/src/java/org/apache/tools/ant/taskdefs/Description.java,22.0,4.0,0.0,4.0,1.0,6.0,0,0.0,0.0,0.0,0,true
proposal/embed/src/java/org/apache/tools/ant/taskdefs/SystemPath.java,111.0,19.0,3.0,3.0,28.0,10.0,1,0.0031545741324921135,287.8709677419355,928.8279528774876,1,true
proposal/embed/src/java/org/apache/tools/ant/taskdefs/XMLDOM.java,40.0,9.0,1.0,3.0,3.0,7.0,0,0.0,0.0,0.0,0,true
proposal/embed/src/java/org/apache/tools/ant/taskdefs/optional/JXPath.java,91.0,5.0,13.0,7.0,13.0,13.0,1,0.0031545741324921135,287.8709677419355,928.8279528774876,1,true
proposal/embed/src/java/org/apache/tools/ant/taskdefs/optional/JXPathSet.java,41.0,5.0,4.0,5.0,3.0,6.0,1,0.0031545741324921135,287.8709677419355,928.8279528774876,1,true
proposal/embed/src/java/org/apache/tools/ant/taskdefs/optional/JexlProperties.java,32.0,5.0,4.0,4.0,11.0,8.0,1,0.0031545741324921135,287.8709677419355,928.8279528774876,1,true
proposal/embed/src/java/org/apache/tools/ant/taskdefs/optional/TaskDiscovery.java,47.0,5.0,1.0,3.0,16.0,10.0,0,0.0,0.0,0.0,0,true
proposal/embed/src/java/org/apache/tools/ant/taskdefs/optional/VelocityProperties.java,44.0,7.0,4.0,5.0,12.0,11.0,1,0.0031545741324921135,287.8709677419355,928.8279528774876,1,true
proposal/sandbox/selectors/src/main/org/apache/tools/ant/DirectoryScanner.java,929.0,11.0,317.0,31.0,99.0,117.0,1,0.0031545741324921135,340.26229508196724,2954.8319071525157,1,true
proposal/sandbox/selectors/src/main/org/apache/tools/ant/selectors/FileSelector.java,9.0,1.0,3.0,3.0,0.0,3.0,1,0.0031545741324921135,340.26229508196724,2954.8319071525157,1,true
proposal/sandbox/selectors/src/main/org/apache/tools/ant/selectors/FileTypeSelector.java,67.0,1.0,7.0,6.0,8.0,14.0,1,0.0031545741324921135,340.26229508196724,2954.8319071525157,1,true
proposal/sandbox/selectors/src/main/org/apache/tools/ant/types/FileSet.java,230.0,7.0,42.0,20.0,66.0,68.0,1,0.0031545741324921135,340.26229508196724,2954.8319071525157,1,true
proposal/sandbox/selectors/src/main/org/apache/tools/ant/types/Pattern.java,34.0,8.0,2.0,4.0,0.0,6.0,1,0.0031545741324921135,340.26229508196724,2954.8319071525157,1,true
proposal/sandbox/selectors/src/main/org/apache/tools/ant/types/PatternSet.java,453.0,11.0,196.0,24.0,114.0,92.0,1,0.0031545741324921135,340.26229508196724,2954.8319071525157,1,true
src/etc/testcases/taskdefs/optional/depend/src1/E.java,5.0,0.0,0.0,1.0,1.0,1.0,1,0.0031545741324921135,300.75471698113205,3322.597762295415,1,true
src/main/org/apache/tools/ant/AntClassLoader.java,888.0,18.0,583.0,38.0,113.0,142.0,4,0.012618296529968454,1718.136301952686,24766.62288777372,4,true
src/main/org/apache/tools/ant/Diagnostics.java,325.0,11.0,136.0,17.0,70.0,63.0,2,0.006309148264984227,62.0,113.71364106851159,2,true
src/main/org/apache/tools/ant/DirectoryScanner.java,783.0,7.0,356.0,32.0,65.0,112.0,4,0.012618296529968454,1172.8439505629515,20539.197172600816,4,true
src/main/org/apache/tools/ant/Location.java,82.0,2.0,4.0,5.0,5.0,11.0,0,0.0,0.0,0.0,0,true
src/main/org/apache/tools/ant/Main.java,748.0,12.0,68.0,17.0,131.0,84.0,2,0.006309148264984227,1090.003039128783,20882.963027743717,2,true
src/main/org/apache/tools/ant/Project.java,1754.0,18.0,3385.0,91.0,252.0,293.0,3,0.00946372239747634,1377.8740068707186,21811.790980621205,3,true
src/main/org/apache/tools/ant/ProjectHelper.java,373.0,13.0,91.0,14.0,69.0,61.0,2,0.006309148264984227,588.6256847230675,4251.4257151729025,2,true
src/main/org/apache/tools/ant/RuntimeConfigurable.java,216.0,7.0,72.0,16.0,22.0,37.0,2,0.006309148264984227,588.6256847230675,4251.4257151729025,2,true
src/main/org/apache/tools/ant/UnknownElement.java,228.0,1.0,47.0,14.0,55.0,44.0,2,0.006309148264984227,1077.1192898895865,18489.19321832579,2,true
src/main/org/apache/tools/ant/filters/BaseFilterReader.java,145.0,6.0,41.0,10.0,7.0,31.0,1,0.0031545741324921135,340.26229508196724,2954.8319071525157,1,true
src/main/org/apache/tools/ant/filters/BaseParamFilterReader.java,42.0,3.0,4.0,4.0,1.0,6.0,1,0.0031545741324921135,340.26229508196724,2954.8319071525157,1,true
src/main/org/apache/tools/ant/filters/ChainableReader.java,14.0,1.0,0.0,1.0,0.0,3.0,1,0.0031545741324921135,340.26229508196724,2954.8319071525157,1,true
src/main/org/apache/tools/ant/filters/ClassConstants.java,118.0,4.0,6.0,4.0,11.0,15.0,1,0.0031545741324921135,340.26229508196724,2954.8319071525157,1,true
src/main/org/apache/tools/ant/filters/ExpandProperties.java,78.0,3.0,6.0,4.0,9.0,13.0,1,0.0031545741324921135,340.26229508196724,2954.8319071525157,1,true
src/main/org/apache/tools/ant/filters/HeadFilter.java,108.0,3.0,9.0,7.0,12.0,20.0,1,0.0031545741324921135,340.26229508196724,2954.8319071525157,1,true
src/main/org/apache/tools/ant/filters/LineContains.java,169.0,4.0,8.0,8.0,21.0,23.0,1,0.0031545741324921135,340.26229508196724,2954.8319071525157,1,true
src/main/org/apache/tools/ant/filters/LineContainsRegExp.java,151.0,6.0,8.0,8.0,23.0,23.0,1,0.0031545741324921135,340.26229508196724,2954.8319071525157,1,true
src/main/org/apache/tools/ant/filters/PrefixLines.java,123.0,3.0,9.0,7.0,15.0,21.0,1,0.0031545741324921135,340.26229508196724,2954.8319071525157,1,true
src/main/org/apache/tools/ant/filters/ReplaceTokens.java,246.0,4.0,26.0,12.0,28.0,29.0,1,0.0031545741324921135,340.26229508196724,2954.8319071525157,1,true
src/main/org/apache/tools/ant/filters/StringInputStream.java,139.0,3.0,0.0,9.0,9.0,32.0,1,0.0031545741324921135,340.26229508196724,2954.8319071525157,1,true
src/main/org/apache/tools/ant/filters/StripLineBreaks.java,111.0,3.0,9.0,7.0,12.0,23.0,1,0.0031545741324921135,340.26229508196724,2954.8319071525157,1,true
src/main/org/apache/tools/ant/filters/StripLineComments.java,166.0,4.0,8.0,8.0,21.0,22.0,1,0.0031545741324921135,340.26229508196724,2954.8319071525157,1,true
src/main/org/apache/tools/ant/filters/TabsToSpaces.java,114.0,3.0,9.0,7.0,12.0,19.0,1,0.0031545741324921135,340.26229508196724,2954.8319071525157,1,true
src/main/org/apache/tools/ant/filters/TailFilter.java,157.0,3.0,15.0,7.0,14.0,25.0,1,0.0031545741324921135,340.26229508196724,2954.8319071525157,1,true
src/main/org/apache/tools/ant/filters/util/ChainReaderHelper.java,145.0,17.0,9.0,7.0,19.0,19.0,3,0.00946372239747634,1430.2653342107503,23837.794934896232,3,true
src/main/org/apache/tools/ant/filters/util/JavaClassHelper.java,37.0,6.0,0.0,1.0,10.0,6.0,1,0.0031545741324921135,340.26229508196724,2954.8319071525157,1,true
src/main/org/apache/tools/ant/helper/ProjectHelper2.java,622.0,18.0,1.0,2.0,24.0,7.0,3,0.00946372239747634,1377.8740068707186,21811.790980621205,3,true
src/main/org/apache/tools/ant/helper/ProjectHelperImpl.java,841.0,27.0,0.0,4.0,27.0,12.0,1,0.0031545741324921135,789.2483221476509,17560.3652654483,1,true
src/main/org/apache/tools/ant/listener/AnsiColorLogger.java,166.0,7.0,0.0,2.0,10.0,9.0,2,0.006309148264984227,1129.5106172296182,20515.197172600816,2,true
src/main/org/apache/tools/ant/listener/Log4jListener.java,131.0,7.0,0.0,8.0,48.0,22.0,1,0.0031545741324921135,789.2483221476509,17560.3652654483,1,true
src/main/org/apache/tools/ant/listener/MailLogger.java,138.0,14.0,4.0,4.0,32.0,14.0,1,0.0031545741324921135,789.2483221476509,17560.3652654483,1,true
src/main/org/apache/tools/ant/taskdefs/Ant.java,459.0,16.0,26.0,17.0,119.0,53.0,2,0.006309148264984227,1077.1192898895865,18489.19321832579,2,true
src/main/org/apache/tools/ant/taskdefs/Available.java,391.0,11.0,107.0,19.0,64.0,57.0,3,0.00946372239747634,1430.2653342107503,23837.794934896232,3,true
src/main/org/apache/tools/ant/taskdefs/BUnzip2.java,78.0,6.0,1.0,2.0,8.0,7.0,1,0.0031545741324921135,340.26229508196724,2954.8319071525157,1,true
src/main/org/apache/tools/ant/taskdefs/BZip2.java,32.0,5.0,0.0,1.0,5.0,4.0,1,0.0031545741324921135,340.26229508196724,2954.8319071525157,1,true
src/main/org/apache/tools/ant/taskdefs/Checksum.java,342.0,18.0,39.0,14.0,50.0,44.0,1,0.0031545741324921135,340.26229508196724,2954.8319071525157,1,true
src/main/org/apache/tools/ant/taskdefs/Chmod.java,161.0,8.0,44.0,17.0,37.0,34.0,1,0.0031545741324921135,789.2483221476509,17560.3652654483,1,true
src/main/org/apache/tools/ant/taskdefs/Classloader.java,132.0,19.0,14.0,9.0,17.0,23.0,1,0.0031545741324921135,287.8709677419355,928.8279528774876,1,true
src/main/org/apache/tools/ant/taskdefs/Concat.java,326.0,22.0,10.0,12.0,43.0,37.0,2,0.006309148264984227,1077.1192898895865,18489.19321832579,2,true
src/main/org/apache/tools/ant/taskdefs/Copy.java,395.0,19.0,261.0,27.0,63.0,67.0,1,0.0031545741324921135,340.26229508196724,2954.8319071525157,1,true
src/main/org/apache/tools/ant/taskdefs/Definer.java,218.0,12.0,53.0,14.0,31.0,37.0,3,0.00946372239747634,1377.8740068707186,21811.790980621205,3,true
src/main/org/apache/tools/ant/taskdefs/Delete.java,444.0,23.0,0.0,36.0,27.0,61.0,0,0.0,0.0,0.0,0,true
src/main/org/apache/tools/ant/taskdefs/Ear.java,75.0,6.0,13.0,7.0,13.0,15.0,1,0.0031545741324921135,789.2483221476509,17560.3652654483,1,true
src/main/org/apache/tools/ant/taskdefs/Execute.java,644.0,13.0,189.0,22.0,56.0,72.0,0,0.0,0.0,0.0,0,true
src/main/org/apache/tools/ant/taskdefs/Expand.java,187.0,17.0,18.0,8.0,42.0,27.0,1,0.0031545741324921135,340.26229508196724,2954.8319071525157,1,true
src/main/org/apache/tools/ant/taskdefs/FixCRLF.java,774.0,20.0,40.0,16.0,67.0,68.0,1,0.0031545741324921135,789.2483221476509,17560.3652654483,1,true
src/main/org/apache/tools/ant/taskdefs/GUnzip.java,62.0,5.0,1.0,2.0,8.0,7.0,1,0.0031545741324921135,340.26229508196724,2954.8319071525157,1,true
src/main/org/apache/tools/ant/taskdefs/GZip.java,31.0,4.0,0.0,1.0,4.0,4.0,1,0.0031545741324921135,340.26229508196724,2954.8319071525157,1,true
src/main/org/apache/tools/ant/taskdefs/ImportTask.java,62.0,5.0,0.0,3.0,11.0,9.0,2,0.006309148264984227,1077.1192898895865,18489.19321832579,2,true
src/main/org/apache/tools/ant/taskdefs/Jar.java,392.0,17.0,141.0,22.0,66.0,80.0,2,0.006309148264984227,1129.5106172296182,20515.197172600816,2,true
src/main/org/apache/tools/ant/taskdefs/Javac.java,691.0,12.0,2380.0,72.0,68.0,175.0,0,0.0,0.0,0.0,0,true
src/main/org/apache/tools/ant/taskdefs/Javadoc.java,1609.0,25.0,2558.0,80.0,220.0,177.0,1,0.0031545741324921135,789.2483221476509,17560.3652654483,1,true
src/main/org/apache/tools/ant/taskdefs/LoadFile.java,140.0,12.0,5.0,6.0,15.0,11.0,1,0.0031545741324921135,340.26229508196724,2954.8319071525157,1,true
src/main/org/apache/tools/ant/taskdefs/LoadProperties.java,121.0,14.0,0.0,4.0,23.0,11.0,1,0.0031545741324921135,340.26229508196724,2954.8319071525157,1,true
src/main/org/apache/tools/ant/taskdefs/Manifest.java,805.0,13.0,14.0,16.0,49.0,60.0,0,0.0,0.0,0.0,0,true
src/main/org/apache/tools/ant/taskdefs/Move.java,201.0,8.0,10.0,5.0,45.0,26.0,1,0.0031545741324921135,340.26229508196724,2954.8319071525157,1,true
src/main/org/apache/tools/ant/taskdefs/Pack.java,92.0,7.0,0.0,7.0,12.0,15.0,1,0.0031545741324921135,340.26229508196724,2954.8319071525157,1,true
src/main/org/apache/tools/ant/taskdefs/Replace.java,461.0,21.0,75.0,18.0,65.0,51.0,1,0.0031545741324921135,789.2483221476509,17560.3652654483,1,true
src/main/org/apache/tools/ant/taskdefs/SendEmail.java,21.0,1.0,0.0,1.0,2.0,1.0,1,0.0031545741324921135,340.26229508196724,2954.8319071525157,1,true
src/main/org/apache/tools/ant/taskdefs/SignJar.java,286.0,11.0,121.0,18.0,36.0,40.0,1,0.0031545741324921135,300.75471698113205,3322.597762295415,1,true
src/main/org/apache/tools/ant/taskdefs/Tar.java,499.0,21.0,7.0,10.0,64.0,30.0,2,0.006309148264984227,1129.5106172296182,20515.197172600816,2,true
src/main/org/apache/tools/ant/taskdefs/Tstamp.java,251.0,15.0,2.0,4.0,12.0,12.0,1,0.0031545741324921135,340.26229508196724,2954.8319071525157,1,true
src/main/org/apache/tools/ant/taskdefs/Unpack.java,85.0,3.0,12.0,9.0,20.0,15.0,1,0.0031545741324921135,340.26229508196724,2954.8319071525157,1,true
src/main/org/apache/tools/ant/taskdefs/Untar.java,119.0,13.0,0.0,2.0,10.0,6.0,1,0.0031545741324921135,340.26229508196724,2954.8319071525157,1,true
src/main/org/apache/tools/ant/taskdefs/WaitFor.java,126.0,5.0,5.0,6.0,10.0,12.0,1,0.0031545741324921135,340.26229508196724,2954.8319071525157,1,true
src/main/org/apache/tools/ant/taskdefs/War.java,109.0,6.0,28.0,9.0,15.0,18.0,1,0.0031545741324921135,789.2483221476509,17560.3652654483,1,true
src/main/org/apache/tools/ant/taskdefs/XSLTProcess.java,724.0,14.0,276.0,28.0,75.0,88.0,2,0.006309148264984227,1090.003039128783,20882.963027743717,2,true
src/main/org/apache/tools/ant/taskdefs/XmlProperty.java,455.0,19.0,263.0,27.0,68.0,63.0,1,0.0031545741324921135,789.2483221476509,17560.3652654483,1,true
src/main/org/apache/tools/ant/taskdefs/Zip.java,746.0,28.0,463.0,38.0,156.0,114.0,2,0.006309148264984227,1129.5106172296182,20515.197172600816,2,true
src/main/org/apache/tools/ant/taskdefs/condition/Http.java,47.0,7.0,0.0,3.0,3.0,10.0,1,0.0031545741324921135,789.2483221476509,17560.3652654483,1,true
src/main/org/apache/tools/ant/taskdefs/condition/Os.java,163.0,2.0,16.0,12.0,14.0,28.0,1,0.0031545741324921135,340.26229508196724,2954.8319071525157,1,true
src/main/org/apache/tools/ant/taskdefs/condition/Socket.java,33.0,4.0,0.0,3.0,1.0,8.0,1,0.0031545741324921135,789.2483221476509,17560.3652654483,1,true
src/main/org/apache/tools/ant/taskdefs/cvslib/ChangeLogParser.java,177.0,6.0,0.0,10.0,32.0,34.0,0,0.0,0.0,0.0,0,true
src/main/org/apache/tools/ant/taskdefs/cvslib/ChangeLogTask.java,282.0,19.0,61.0,14.0,54.0,38.0,1,0.0031545741324921135,789.2483221476509,17560.3652654483,1,true
src/main/org/apache/tools/ant/taskdefs/cvslib/CvsTagDiff.java,283.0,13.0,11.0,11.0,29.0,31.0,1,0.0031545741324921135,789.2483221476509,17560.3652654483,1,true
src/main/org/apache/tools/ant/taskdefs/email/EmailTask.java,359.0,10.0,173.0,22.0,54.0,45.0,1,0.0031545741324921135,340.26229508196724,2954.8319071525157,1,true
src/main/org/apache/tools/ant/taskdefs/email/Mailer.java,108.0,4.0,78.0,13.0,1.0,16.0,1,0.0031545741324921135,789.2483221476509,17560.3652654483,1,true
src/main/org/apache/tools/ant/taskdefs/optional/Cab.java,212.0,19.0,42.0,13.0,65.0,37.0,0,0.0,0.0,0.0,0,true
src/main/org/apache/tools/ant/taskdefs/optional/IContract.java,670.0,19.0,155.0,22.0,59.0,58.0,1,0.0031545741324921135,789.2483221476509,17560.3652654483,1,true
src/main/org/apache/tools/ant/taskdefs/optional/PropertyFile.java,492.0,22.0,25.0,10.0,25.0,26.0,1,0.0031545741324921135,789.2483221476509,17560.3652654483,1,true
src/main/org/apache/tools/ant/taskdefs/optional/ReplaceRegExp.java,353.0,17.0,14.0,12.0,42.0,41.0,0,0.0,0.0,0.0,0,true
src/main/org/apache/tools/ant/taskdefs/optional/Script.java,94.0,9.0,0.0,5.0,28.0,19.0,1,0.0031545741324921135,789.2483221476509,17560.3652654483,1,true
src/main/org/apache/tools/ant/taskdefs/optional/TraXLiaison.java,279.0,29.0,135.0,18.0,51.0,55.0,1,0.0031545741324921135,789.2483221476509,17560.3652654483,1,true
src/main/org/apache/tools/ant/taskdefs/optional/XMLValidateTask.java,384.0,28.0,113.0,18.0,52.0,54.0,2,0.006309148264984227,1090.003039128783,20882.963027743717,2,true
src/main/org/apache/tools/ant/taskdefs/optional/ccm/CCMCheck.java,99.0,4.0,26.0,9.0,15.0,17.0,1,0.0031545741324921135,789.2483221476509,17560.3652654483,1,true
src/main/org/apache/tools/ant/taskdefs/optional/ccm/CCMReconfigure.java,101.0,3.0,30.0,9.0,15.0,15.0,1,0.0031545741324921135,789.2483221476509,17560.3652654483,1,true
src/main/org/apache/tools/ant/taskdefs/optional/depend/ClassFile.java,69.0,7.0,0.0,3.0,14.0,12.0,1,0.0031545741324921135,789.2483221476509,17560.3652654483,1,true
src/main/org/apache/tools/ant/taskdefs/optional/depend/JarFileIterator.java,51.0,5.0,0.0,2.0,7.0,11.0,1,0.0031545741324921135,789.2483221476509,17560.3652654483,1,true
src/main/org/apache/tools/ant/taskdefs/optional/dotnet/CSharp.java,285.0,7.0,199.0,23.0,12.0,49.0,0,0.0,0.0,0.0,0,true
src/main/org/apache/tools/ant/taskdefs/optional/dotnet/DotnetCompile.java,810.0,12.0,1922.0,65.0,91.0,175.0,2,0.006309148264984227,356.75471698113205,3429.1875668141597,2,true
src/main/org/apache/tools/ant/taskdefs/optional/dotnet/Ilasm.java,349.0,5.0,304.0,28.0,32.0,75.0,1,0.0031545741324921135,300.75471698113205,3322.597762295415,1,true
src/main/org/apache/tools/ant/taskdefs/optional/dotnet/VisualBasicCompile.java,259.0,1.0,253.0,26.0,14.0,79.0,0,0.0,0.0,0.0,0,true
src/main/org/apache/tools/ant/taskdefs/optional/ejb/BorlandDeploymentTool.java,392.0,17.0,238.0,24.0,116.0,73.0,1,0.0031545741324921135,789.2483221476509,17560.3652654483,1,true
src/main/org/apache/tools/ant/taskdefs/optional/ejb/EjbcHelper.java,170.0,9.0,7.0,6.0,28.0,25.0,1,0.0031545741324921135,789.2483221476509,17560.3652654483,1,true
src/main/org/apache/tools/ant/taskdefs/optional/ejb/IPlanetEjbc.java,1082.0,21.0,76.0,16.0,63.0,57.0,1,0.0031545741324921135,789.2483221476509,17560.3652654483,1,true
src/main/org/apache/tools/ant/taskdefs/optional/ejb/JonasDeploymentTool.java,559.0,10.0,295.0,27.0,82.0,72.0,2,0.006309148264984227,1090.003039128783,20882.963027743717,2,true
src/main/org/apache/tools/ant/taskdefs/optional/i18n/Translate.java,411.0,17.0,78.0,17.0,63.0,49.0,1,0.0031545741324921135,340.26229508196724,2954.8319071525157,1,true
src/main/org/apache/tools/ant/taskdefs/optional/ide/VAJAntToolGUI.java,1293.0,37.0,1368.0,53.0,294.0,191.0,2,0.006309148264984227,832.5816554809843,17584.3652654483,2,true
src/main/org/apache/tools/ant/taskdefs/optional/ide/VAJLocalUtil.java,278.0,15.0,55.0,11.0,96.0,60.0,1,0.0031545741324921135,789.2483221476509,17560.3652654483,1,true
src/main/org/apache/tools/ant/taskdefs/optional/image/Image.java,216.0,18.0,39.0,14.0,39.0,30.0,0,0.0,0.0,0.0,0,true
src/main/org/apache/tools/ant/taskdefs/optional/j2ee/JonasHotDeploymentTool.java,169.0,4.0,7.0,7.0,21.0,21.0,1,0.0031545741324921135,789.2483221476509,17560.3652654483,1,true
src/main/org/apache/tools/ant/taskdefs/optional/javacc/JJTree.java,156.0,12.0,0.0,16.0,42.0,22.0,0,0.0,0.0,0.0,0,true
src/main/org/apache/tools/ant/taskdefs/optional/jlink/ClassNameReader.java,52.0,4.0,0.0,1.0,7.0,5.0,1,0.0031545741324921135,789.2483221476509,17560.3652654483,1,true
src/main/org/apache/tools/ant/taskdefs/optional/jlink/JlinkTask.java,131.0,5.0,17.0,10.0,21.0,27.0,1,0.0031545741324921135,789.2483221476509,17560.3652654483,1,true
src/main/org/apache/tools/ant/taskdefs/optional/jlink/jlink.java,267.0,14.0,94.0,16.0,87.0,67.0,1,0.0031545741324921135,789.2483221476509,17560.3652654483,1,true
src/main/org/apache/tools/ant/taskdefs/optional/jsp/WLJspc.java,188.0,10.0,10.0,8.0,42.0,25.0,1,0.0031545741324921135,789.2483221476509,17560.3652654483,1,true
src/main/org/apache/tools/ant/taskdefs/optional/jsp/compilers/JasperC.java,83.0,9.0,3.0,3.0,37.0,13.0,2,0.006309148264984227,845.2483221476509,17666.955069967047,2,true
src/main/org/apache/tools/ant/taskdefs/optional/junit/AggregateTransformer.java,157.0,14.0,35.0,11.0,22.0,32.0,1,0.0031545741324921135,789.2483221476509,17560.3652654483,1,true
src/main/org/apache/tools/ant/taskdefs/optional/junit/JUnitTask.java,721.0,26.0,625.0,39.0,178.0,132.0,3,0.00946372239747634,1096.003039128783,20890.086864293484,3,true
src/main/org/apache/tools/ant/taskdefs/optional/junit/JUnitTestRunner.java,418.0,24.0,169.0,23.0,75.0,68.0,2,0.006309148264984227,795.2483221476509,17567.489101998068,2,true
src/main/org/apache/tools/ant/taskdefs/optional/junit/JUnitVersionHelper.java,56.0,3.0,0.0,1.0,4.0,7.0,0,0.0,0.0,0.0,0,true
src/main/org/apache/tools/ant/taskdefs/optional/junit/PlainJUnitResultFormatter.java,156.0,9.0,42.0,12.0,33.0,27.0,0,0.0,0.0,0.0,0,true
src/main/org/apache/tools/ant/taskdefs/optional/net/FTP.java,831.0,24.0,403.0,35.0,122.0,121.0,1,0.0031545741324921135,340.26229508196724,2954.8319071525157,1,true
src/main/org/apache/tools/ant/taskdefs/optional/net/SetProxy.java,223.0,7.0,35.0,11.0,17.0,24.0,1,0.0031545741324921135,56.0,106.58980451874461,1,true
src/main/org/apache/tools/ant/taskdefs/optional/pvcs/Pvcs.java,480.0,21.0,398.0,32.0,67.0,84.0,2,0.006309148264984227,1090.003039128783,20882.963027743717,2,true
src/main/org/apache/tools/ant/taskdefs/optional/sitraka/bytecode/ClassFile.java,86.0,7.0,13.0,7.0,19.0,19.0,1,0.0031545741324921135,789.2483221476509,17560.3652654483,1,true
src/main/org/apache/tools/ant/taskdefs/optional/sos/SOS.java,348.0,8.0,496.0,33.0,19.0,83.0,0,0.0,0.0,0.0,0,true
src/main/org/apache/tools/ant/taskdefs/optional/starteam/StarTeamCheckin.java,246.0,13.0,60.0,13.0,38.0,36.0,1,0.0031545741324921135,789.2483221476509,17560.3652654483,1,true
src/main/org/apache/tools/ant/taskdefs/optional/starteam/StarTeamCheckout.java,345.0,12.0,79.0,15.0,53.0,53.0,1,0.0031545741324921135,789.2483221476509,17560.3652654483,1,true
src/main/org/apache/tools/ant/taskdefs/optional/starteam/StarTeamLabel.java,118.0,8.0,11.0,7.0,5.0,17.0,1,0.0031545741324921135,789.2483221476509,17560.3652654483,1,true
src/main/org/apache/tools/ant/taskdefs/optional/starteam/StarTeamList.java,173.0,12.0,34.0,9.0,50.0,30.0,1,0.0031545741324921135,789.2483221476509,17560.3652654483,1,true
src/main/org/apache/tools/ant/taskdefs/optional/starteam/StarTeamTask.java,248.0,10.0,152.0,21.0,18.0,52.0,1,0.0031545741324921135,789.2483221476509,17560.3652654483,1,true
src/main/org/apache/tools/ant/taskdefs/optional/starteam/TreeBasedTask.java,504.0,12.0,395.0,31.0,40.0,98.0,1,0.0031545741324921135,789.2483221476509,17560.3652654483,1,true
src/main/org/apache/tools/ant/taskdefs/optional/unix/AbstractAccessTask.java,28.0,7.0,10.0,5.0,5.0,10.0,1,0.0031545741324921135,789.2483221476509,17560.3652654483,1,true
src/main/org/apache/tools/ant/taskdefs/optional/unix/Chgrp.java,36.0,1.0,4.0,4.0,4.0,9.0,1,0.0031545741324921135,789.2483221476509,17560.3652654483,1,true
src/main/org/apache/tools/ant/taskdefs/optional/unix/Chown.java,36.0,1.0,4.0,4.0,4.0,9.0,1,0.0031545741324921135,789.2483221476509,17560.3652654483,1,true
src/main/org/apache/tools/ant/taskdefs/optional/unix/Symlink.java,535.0,22.0,82.0,17.0,82.0,65.0,1,0.0031545741324921135,789.2483221476509,17560.3652654483,1,true
src/main/org/apache/tools/ant/taskdefs/optional/vss/MSVSS.java,201.0,6.0,20.0,8.0,17.0,25.0,0,0.0,0.0,0.0,0,true
src/main/org/apache/tools/ant/taskdefs/optional/vss/MSVSSCREATE.java,169.0,2.0,20.0,8.0,19.0,23.0,1,0.0031545741324921135,789.2483221476509,17560.3652654483,1,true
src/main/org/apache/tools/ant/taskdefs/optional/vss/MSVSSHISTORY.java,262.0,10.0,87.0,15.0,35.0,52.0,1,0.0031545741324921135,789.2483221476509,17560.3652654483,1,true
src/main/org/apache/tools/ant/taskdefs/optional/windows/Attrib.java,74.0,5.0,72.0,13.0,14.0,21.0,1,0.0031545741324921135,789.2483221476509,17560.3652654483,1,true
src/main/org/apache/tools/ant/types/AbstractFileSet.java,452.0,27.0,645.0,42.0,143.0,117.0,1,0.0031545741324921135,340.26229508196724,2954.8319071525157,1,true
src/main/org/apache/tools/ant/types/AntFilterReader.java,96.0,2.0,12.0,9.0,25.0,24.0,1,0.0031545741324921135,340.26229508196724,2954.8319071525157,1,true
src/main/org/apache/tools/ant/types/Commandline.java,427.0,6.0,258.0,25.0,53.0,78.0,0,0.0,0.0,0.0,0,true
src/main/org/apache/tools/ant/types/DTDLocation.java,16.0,0.0,0.0,0.0,0.0,0.0,1,0.0031545741324921135,789.2483221476509,17560.3652654483,1,true
src/main/org/apache/tools/ant/types/Description.java,65.0,5.0,6.0,4.0,19.0,15.0,1,0.0031545741324921135,287.8709677419355,928.8279528774876,1,true
src/main/org/apache/tools/ant/types/FileSet.java,30.0,0.0,3.0,3.0,3.0,6.0,1,0.0031545741324921135,340.26229508196724,2954.8319071525157,1,true
src/main/org/apache/tools/ant/types/FilterChain.java,72.0,14.0,0.0,15.0,19.0,19.0,1,0.0031545741324921135,340.26229508196724,2954.8319071525157,1,true
src/main/org/apache/tools/ant/types/FilterSet.java,375.0,9.0,137.0,19.0,85.0,69.0,0,0.0,0.0,0.0,0,true
src/main/org/apache/tools/ant/types/Parameter.java,27.0,0.0,9.0,6.0,0.0,9.0,1,0.0031545741324921135,340.26229508196724,2954.8319071525157,1,true
src/main/org/apache/tools/ant/types/Parameterizable.java,7.0,0.0,0.0,1.0,0.0,1.0,1,0.0031545741324921135,340.26229508196724,2954.8319071525157,1,true
src/main/org/apache/tools/ant/types/Path.java,491.0,10.0,261.0,27.0,126.0,97.0,2,0.006309148264984227,1077.1192898895865,18489.19321832579,2,true
src/main/org/apache/tools/ant/types/ResourceLocation.java,62.0,2.0,9.0,6.0,0.0,14.0,1,0.0031545741324921135,789.2483221476509,17560.3652654483,1,true
src/main/org/apache/tools/ant/types/XMLCatalog.java,747.0,26.0,219.0,23.0,121.0,95.0,2,0.006309148264984227,1090.003039128783,20882.963027743717,2,true
src/main/org/apache/tools/ant/types/ZipFileSet.java,178.0,6.0,76.0,16.0,15.0,38.0,1,0.0031545741324921135,789.2483221476509,17560.3652654483,1,true
src/main/org/apache/tools/ant/types/optional/image/Draw.java,47.0,5.0,17.0,7.0,13.0,11.0,1,0.0031545741324921135,789.2483221476509,17560.3652654483,1,true
src/main/org/apache/tools/ant/types/resolver/ApacheCatalog.java,80.0,4.0,0.0,3.0,8.0,9.0,1,0.0031545741324921135,789.2483221476509,17560.3652654483,1,true
src/main/org/apache/tools/ant/types/resolver/ApacheCatalogResolver.java,95.0,9.0,0.0,4.0,11.0,11.0,1,0.0031545741324921135,789.2483221476509,17560.3652654483,1,true
src/main/org/apache/tools/ant/types/selectors/SelectSelector.java,153.0,3.0,68.0,13.0,29.0,40.0,0,0.0,0.0,0.0,0,true
src/main/org/apache/tools/ant/types/selectors/SelectorUtils.java,406.0,3.0,45.0,10.0,22.0,45.0,1,0.0031545741324921135,340.26229508196724,2954.8319071525157,1,true
src/main/org/apache/tools/ant/util/DateUtils.java,146.0,8.0,21.0,7.0,17.0,24.0,1,0.0031545741324921135,789.2483221476509,17560.3652654483,1,true
src/main/org/apache/tools/ant/util/FileUtils.java,734.0,28.0,404.0,29.0,121.0,127.0,3,0.00946372239747634,1430.2653342107503,23837.794934896232,3,true
src/main/org/apache/tools/ant/util/JAXPUtils.java,115.0,9.0,21.0,7.0,16.0,30.0,2,0.006309148264984227,1090.003039128783,20882.963027743717,2,true
src/main/org/apache/tools/ant/util/JavaEnvUtils.java,262.0,3.0,28.0,9.0,12.0,33.0,2,0.006309148264984227,1090.003039128783,20882.963027743717,2,true
src/main/org/apache/tools/ant/util/LazyHashtable.java,45.0,2.0,28.0,8.0,6.0,16.0,2,0.006309148264984227,1077.1192898895865,18489.19321832579,2,false
src/main/org/apache/tools/ant/util/WeakishReference.java,73.0,3.0,1.0,3.0,5.0,15.0,1,0.0031545741324921135,56.0,106.58980451874461,1,true
src/main/org/apache/tools/ant/util/depend/bcel/AncestorAnalyzer.java,88.0,8.0,3.0,3.0,20.0,14.0,1,0.0031545741324921135,789.2483221476509,17560.3652654483,1,true
src/main/org/apache/tools/ant/util/depend/bcel/DependencyVisitor.java,115.0,10.0,43.0,11.0,29.0,19.0,1,0.0031545741324921135,300.75471698113205,3322.597762295415,1,true
src/main/org/apache/tools/ant/util/depend/bcel/FullAnalyzer.java,81.0,9.0,3.0,3.0,19.0,14.0,1,0.0031545741324921135,789.2483221476509,17560.3652654483,1,true
src/main/org/apache/tools/ant/util/facade/FacadeTaskHelper.java,98.0,2.0,8.0,9.0,9.0,19.0,0,0.0,0.0,0.0,0,true
src/main/org/apache/tools/ant/util/optional/WeakishReference12.java,22.0,2.0,0.0,2.0,1.0,3.0,0,0.0,0.0,0.0,0,true
src/main/org/apache/tools/tar/TarUtils.java,137.0,0.0,21.0,7.0,6.0,27.0,1,0.0031545741324921135,789.2483221476509,17560.3652654483,1,true
src/main/org/apache/tools/zip/ZipEntry.java,300.0,4.0,227.0,23.0,66.0,67.0,1,0.0031545741324921135,789.2483221476509,17560.3652654483,1,true
src/main/org/apache/tools/zip/ZipOutputStream.java,436.0,10.0,60.0,16.0,82.0,57.0,1,0.0031545741324921135,789.2483221476509,17560.3652654483,1,true
src/testcases/org/apache/tools/ant/CaseTest.java,26.0,1.0,6.0,4.0,3.0,7.0,1,0.0031545741324921135,300.75471698113205,3322.597762295415,1,true
src/testcases/org/apache/tools/ant/IncludeTest.java,81.0,1.0,78.0,13.0,46.0,29.0,1,0.0031545741324921135,789.2483221476509,17560.3652654483,1,true
src/testcases/org/apache/tools/ant/TopLevelTaskTest.java,22.0,0.0,6.0,4.0,6.0,7.0,0,0.0,0.0,0.0,0,true
src/testcases/org/apache/tools/ant/filters/LineContainsTest.java,20.0,4.0,6.0,4.0,8.0,6.0,0,0.0,0.0,0.0,0,true
src/testcases/org/apache/tools/ant/taskdefs/ConcatTest.java,92.0,2.0,49.0,11.0,21.0,17.0,1,0.0031545741324921135,789.2483221476509,17560.3652654483,1,true
src/testcases/org/apache/tools/ant/taskdefs/InitializeClassTest.java,32.0,7.0,6.0,4.0,8.0,10.0,1,0.0031545741324921135,340.26229508196724,2954.8319071525157,1,true
src/testcases/org/apache/tools/ant/taskdefs/LoadFileTest.java,102.0,4.0,78.0,13.0,25.0,35.0,1,0.0031545741324921135,340.26229508196724,2954.8319071525157,1,true
src/testcases/org/apache/tools/ant/taskdefs/LoadPropertiesTest.java,25.0,2.0,6.0,4.0,5.0,6.0,1,0.0031545741324921135,340.26229508196724,2954.8319071525157,1,true
src/testcases/org/apache/tools/ant/taskdefs/ManifestTest.java,224.0,8.0,234.0,24.0,82.0,65.0,0,0.0,0.0,0.0,0,true
src/testcases/org/apache/tools/ant/taskdefs/MoveTest.java,31.0,5.0,10.0,5.0,14.0,8.0,1,0.0031545741324921135,340.26229508196724,2954.8319071525157,1,true
src/testcases/org/apache/tools/ant/taskdefs/SignJarTest.java,25.0,8.0,15.0,6.0,5.0,7.0,2,0.006309148264984227,1090.003039128783,20882.963027743717,2,true
src/testcases/org/apache/tools/ant/taskdefs/TStampTest.java,70.0,7.0,0.0,6.0,38.0,16.0,0,0.0,0.0,0.0,0,true
src/testcases/org/apache/tools/ant/taskdefs/XmlPropertyTest.java,230.0,12.0,229.0,22.0,89.0,49.0,2,0.006309148264984227,1077.1192898895865,18489.19321832579,2,true
src/testcases/org/apache/tools/ant/taskdefs/optional/BeanShellScriptTest.java,19.0,1.0,3.0,3.0,2.0,4.0,1,0.0031545741324921135,789.2483221476509,17560.3652654483,1,true
src/testcases/org/apache/tools/ant/taskdefs/optional/ReplaceRegExpTest.java,53.0,6.0,15.0,6.0,16.0,14.0,0,0.0,0.0,0.0,0,true
src/testcases/org/apache/tools/ant/taskdefs/optional/RhinoScriptTest.java,44.0,1.0,6.0,4.0,9.0,5.0,1,0.0031545741324921135,789.2483221476509,17560.3652654483,1,true
src/testcases/org/apache/tools/ant/taskdefs/optional/TraXLiaisonTest.java,66.0,5.0,21.0,7.0,16.0,18.0,1,0.0031545741324921135,789.2483221476509,17560.3652654483,1,true
src/testcases/org/apache/tools/ant/taskdefs/optional/WsdlToDotnetTest.java,102.0,3.0,105.0,15.0,14.0,44.0,0,0.0,0.0,0.0,0,true
src/testcases/org/apache/tools/ant/taskdefs/optional/XmlValidateCatalogTest.java,51.0,4.0,10.0,5.0,3.0,8.0,1,0.0031545741324921135,789.2483221476509,17560.3652654483,1,true
src/testcases/org/apache/tools/ant/taskdefs/optional/XmlValidateTest.java,122.0,4.0,78.0,13.0,21.0,25.0,1,0.0031545741324921135,789.2483221476509,17560.3652654483,1,true
src/testcases/org/apache/tools/ant/taskdefs/optional/XsltTest.java,51.0,1.0,28.0,8.0,7.0,16.0,1,0.0031545741324921135,789.2483221476509,17560.3652654483,1,true
src/testcases/org/apache/tools/ant/taskdefs/optional/depend/DependTest.java,106.0,11.0,78.0,13.0,42.0,19.0,1,0.0031545741324921135,300.75471698113205,3322.597762295415,1,true
src/testcases/org/apache/tools/ant/taskdefs/optional/junit/JUnitReportTest.java,27.0,2.0,6.0,4.0,5.0,7.0,0,0.0,0.0,0.0,0,true
src/testcases/org/apache/tools/ant/taskdefs/optional/junit/JUnitVersionHelperTest.java,51.0,3.0,21.0,7.0,12.0,7.0,0,0.0,0.0,0.0,0,true
src/testcases/org/apache/tools/ant/taskdefs/optional/sitraka/ClassFileTest.java,33.0,6.0,3.0,3.0,16.0,7.0,1,0.0031545741324921135,789.2483221476509,17560.3652654483,1,true
src/testcases/org/apache/tools/ant/taskdefs/optional/sos/SOSTest.java,250.0,7.0,37.0,15.0,128.0,31.0,0,0.0,0.0,0.0,0,true
src/testcases/org/apache/tools/ant/taskdefs/optional/unix/SymlinkTest.java,104.0,3.0,0.0,7.0,22.0,15.0,1,0.0031545741324921135,789.2483221476509,17560.3652654483,1,true
src/testcases/org/apache/tools/ant/types/FilterSetTest.java,115.0,7.0,45.0,10.0,32.0,20.0,0,0.0,0.0,0.0,0,true
src/testcases/org/apache/tools/ant/types/XMLCatalogTest.java,283.0,13.0,0.0,14.0,121.0,36.0,1,0.0031545741324921135,789.2483221476509,17560.3652654483,1,true
src/testcases/org/apache/tools/ant/types/optional/depend/ClassFileSetTest.java,94.0,11.0,16.0,8.0,43.0,13.0,1,0.0031545741324921135,300.75471698113205,3322.597762295415,1,true
src/testcases/org/apache/tools/ant/util/FileUtilsTest.java,234.0,4.0,0.0,14.0,60.0,32.0,1,0.0031545741324921135,789.2483221476509,17560.3652654483,1,true
src/testcases/org/apache/tools/ant/util/JAXPUtilsTest.java,21.0,2.0,1.0,2.0,3.0,4.0,1,0.0031545741324921135,789.2483221476509,17560.3652654483,1,true
src/testcases/org/apache/tools/ant/util/ReferencesTest.java,20.0,1.0,1.0,2.0,6.0,4.0,2,0.006309148264984227,343.8709677419355,1035.4177573962322,2,true
src/testcases/org/apache/tools/ant/util/facade/FacadeTaskHelperTest.java,35.0,1.0,3.0,3.0,8.0,3.0,0,0.0,0.0,0.0,0,true
src/testcases/org/apache/tools/zip/ZipEntryTest.java,79.0,1.0,3.0,3.0,16.0,5.0,1,0.0031545741324921135,789.2483221476509,17560.3652654483,1,true
