name,LOC,CBO,LCOM,NOM,RFC,WMC,numOfChanges,bccm,structuralWorkloadSum,semanticWorkloadSum,numberOfDeveloper,isBuggy
proposal/embed/src/java/org/apache/tools/ant/RuntimeConfigurable2.java,227.0,9.0,90.0,17.0,37.0,42.0,0,0.0,0.0,0.0,0,true
proposal/embed/src/java/org/apache/tools/ant/taskdefs/Taskdef2.java,231.0,4.0,53.0,14.0,32.0,39.0,1,0.001072961373390558,450.98039215686276,10035.629539656926,1,true
proposal/embed/src/java/org/apache/tools/ant/taskdefs/optional/JXPath.java,95.0,6.0,1.0,3.0,8.0,4.0,1,0.001072961373390558,824.9056603773585,11336.465292043364,1,true
proposal/xdocs/src/org/apache/ant/xdoclet/AntDocletTask.java,13.0,2.0,1.0,2.0,2.0,3.0,0,0.0,0.0,0.0,0,false
proposal/xdocs/src/org/apache/ant/xdoclet/AntSubTask.java,70.0,8.0,6.0,4.0,20.0,14.0,0,0.0,0.0,0.0,0,false
proposal/xdocs/src/org/apache/ant/xdoclet/IndexGen.java,59.0,8.0,0.0,2.0,16.0,7.0,1,0.001072961373390558,0.0,0.0,1,true
proposal/xdocs/src/org/apache/ant/xdoclet/TaskDefPropertiesSubTask.java,16.0,1.0,0.0,1.0,4.0,1.0,0,0.0,0.0,0.0,0,true
proposal/xdocs/src/org/apache/ant/xdoclet/TaskDescriptorSubTask.java,29.0,3.0,1.0,2.0,7.0,5.0,0,0.0,0.0,0.0,0,true
proposal/xdocs/src/org/apache/ant/xdoclet/TaskTagsHandler.java,536.0,20.0,372.0,28.0,180.0,119.0,0,0.0,0.0,0.0,0,true
src/etc/testcases/core/containersrc/test/SpecialSeq.java,37.0,6.0,0.0,4.0,8.0,7.0,0,0.0,0.0,0.0,0,false
src/etc/testcases/taskdefs/optional/depend/src4/test/ContainsOnlyInner.java,5.0,0.0,0.0,1.0,1.0,1.0,0,0.0,0.0,0.0,0,false
src/etc/testcases/taskdefs/optional/depend/src4/test/MethodParam.java,5.0,0.0,0.0,1.0,1.0,1.0,0,0.0,0.0,0.0,0,false
src/main/org/apache/tools/ant/AntClassLoader.java,974.0,18.0,865.0,46.0,127.0,167.0,3,0.003218884120171674,3071.501698275722,318522.02889905986,3,true
src/main/org/apache/tools/ant/AntTypeDefinition.java,259.0,0.0,36.0,16.0,24.0,46.0,1,0.001072961373390558,450.98039215686276,10035.629539656926,1,true
src/main/org/apache/tools/ant/ComponentHelper.java,590.0,16.0,116.0,28.0,132.0,94.0,3,0.003218884120171674,1928.391244870041,288702.7657026596,3,true
src/main/org/apache/tools/ant/DemuxInputStream.java,35.0,2.0,0.0,3.0,2.0,9.0,1,0.001072961373390558,1475.4108527131782,278655.14189857343,1,true
src/main/org/apache/tools/ant/Diagnostics.java,310.0,12.0,136.0,17.0,63.0,60.0,1,0.001072961373390558,1475.4108527131782,278655.14189857343,1,true
src/main/org/apache/tools/ant/DirectoryScanner.java,823.0,9.0,464.0,36.0,76.0,121.0,3,0.003218884120171674,3071.501698275722,318522.02889905986,3,true
src/main/org/apache/tools/ant/DynamicConfigurator.java,21.0,0.0,1.0,2.0,0.0,5.0,2,0.002145922746781116,2246.5960378983636,307185.5636070165,2,true
src/main/org/apache/tools/ant/IntrospectionHelper.java,812.0,11.0,706.0,40.0,114.0,135.0,3,0.003218884120171674,2697.5764300552264,317221.19314667344,3,true
src/main/org/apache/tools/ant/Location.java,88.0,3.0,4.0,5.0,8.0,14.0,2,0.002145922746781116,1926.391244870041,288690.77143823035,2,true
src/main/org/apache/tools/ant/MagicNames.java,12.0,0.0,0.0,0.0,0.0,0.0,1,0.001072961373390558,1475.4108527131782,278655.14189857343,1,true
src/main/org/apache/tools/ant/Main.java,790.0,13.0,132.0,21.0,140.0,94.0,2,0.002145922746781116,1926.391244870041,288690.77143823035,2,true
src/main/org/apache/tools/ant/Project.java,1586.0,21.0,4160.0,97.0,229.0,298.0,5,0.00536480686695279,3524.4820904325848,328569.65270314604,5,true
src/main/org/apache/tools/ant/ProjectComponent.java,60.0,0.0,4.0,5.0,3.0,9.0,1,0.001072961373390558,1475.4108527131782,278655.14189857343,1,true
src/main/org/apache/tools/ant/ProjectHelper.java,316.0,10.0,91.0,14.0,47.0,56.0,3,0.003218884120171674,2697.5764300552264,317221.19314667344,3,true
src/main/org/apache/tools/ant/PropertyHelper.java,401.0,3.0,80.0,20.0,69.0,70.0,2,0.002145922746781116,2246.5960378983636,307185.5636070165,2,true
src/main/org/apache/tools/ant/RuntimeConfigurable.java,302.0,12.0,90.0,17.0,35.0,55.0,3,0.003218884120171674,2697.5764300552264,317221.19314667344,3,true
src/main/org/apache/tools/ant/Target.java,309.0,6.0,153.0,22.0,39.0,65.0,3,0.003218884120171674,2697.5764300552264,317221.19314667344,3,true
src/main/org/apache/tools/ant/Task.java,360.0,2.0,355.0,30.0,46.0,70.0,1,0.001072961373390558,1475.4108527131782,278655.14189857343,1,true
src/main/org/apache/tools/ant/TaskAdapter.java,107.0,1.0,4.0,5.0,12.0,18.0,2,0.002145922746781116,1926.391244870041,288690.77143823035,2,true
src/main/org/apache/tools/ant/TypeAdapter.java,33.0,1.0,10.0,5.0,0.0,7.0,2,0.002145922746781116,1926.391244870041,288690.77143823035,2,true
src/main/org/apache/tools/ant/UnknownElement.java,301.0,5.0,122.0,21.0,56.0,65.0,5,0.00536480686695279,3524.4820904325848,328569.65270314604,5,true
src/main/org/apache/tools/ant/XmlLogger.java,384.0,16.0,57.0,15.0,75.0,50.0,1,0.001072961373390558,1475.4108527131782,278655.14189857343,1,true
src/main/org/apache/tools/ant/filters/BaseFilterReader.java,145.0,6.0,41.0,10.0,7.0,31.0,1,0.001072961373390558,1475.4108527131782,278655.14189857343,1,true
src/main/org/apache/tools/ant/filters/EscapeUnicode.java,89.0,3.0,4.0,5.0,11.0,16.0,1,0.001072961373390558,1475.4108527131782,278655.14189857343,1,true
src/main/org/apache/tools/ant/filters/HeadFilter.java,169.0,3.0,19.0,10.0,18.0,26.0,2,0.002145922746781116,1926.391244870041,288690.77143823035,2,true
src/main/org/apache/tools/ant/filters/ReplaceTokens.java,288.0,5.0,36.0,13.0,33.0,33.0,1,0.001072961373390558,1475.4108527131782,278655.14189857343,1,true
src/main/org/apache/tools/ant/filters/StripJavaComments.java,109.0,2.0,6.0,4.0,1.0,15.0,1,0.001072961373390558,1475.4108527131782,278655.14189857343,1,true
src/main/org/apache/tools/ant/filters/StripLineComments.java,172.0,4.0,8.0,8.0,21.0,23.0,1,0.001072961373390558,1475.4108527131782,278655.14189857343,1,true
src/main/org/apache/tools/ant/filters/TailFilter.java,201.0,4.0,23.0,10.0,23.0,29.0,3,0.003218884120171674,2697.5764300552264,317221.19314667344,3,true
src/main/org/apache/tools/ant/filters/TokenFilter.java,678.0,14.0,49.0,19.0,27.0,40.0,2,0.002145922746781116,1926.391244870041,288690.77143823035,2,true
src/main/org/apache/tools/ant/filters/util/ChainReaderHelper.java,160.0,17.0,10.0,8.0,22.0,23.0,3,0.003218884120171674,1926.391244870041,288690.77143823035,3,true
src/main/org/apache/tools/ant/helper/ProjectHelper2.java,553.0,24.0,1.0,2.0,31.0,9.0,3,0.003218884120171674,1928.391244870041,288702.7657026596,3,true
src/main/org/apache/tools/ant/helper/ProjectHelperImpl.java,841.0,27.0,0.0,4.0,27.0,12.0,3,0.003218884120171674,2751.2969052473995,300027.2367302737,3,true
src/main/org/apache/tools/ant/launch/AntMain.java,17.0,1.0,0.0,1.0,0.0,2.0,1,0.001072961373390558,1475.4108527131782,278655.14189857343,1,true
src/main/org/apache/tools/ant/launch/Launcher.java,84.0,4.0,1.0,2.0,20.0,8.0,1,0.001072961373390558,1475.4108527131782,278655.14189857343,1,true
src/main/org/apache/tools/ant/launch/Locator.java,131.0,4.0,10.0,5.0,25.0,26.0,2,0.002145922746781116,2246.5960378983636,307185.5636070165,2,true
src/main/org/apache/tools/ant/listener/MailLogger.java,205.0,14.0,13.0,6.0,59.0,24.0,2,0.002145922746781116,2300.316513090537,289991.6071906168,2,true
src/main/org/apache/tools/ant/loader/AntClassLoader2.java,191.0,17.0,13.0,6.0,34.0,29.0,1,0.001072961373390558,1475.4108527131782,278655.14189857343,1,true
src/main/org/apache/tools/ant/taskdefs/Ant.java,508.0,17.0,27.0,22.0,123.0,69.0,4,0.004291845493562232,3522.4820904325848,328557.6584387168,4,true
src/main/org/apache/tools/ant/taskdefs/AntStructure.java,264.0,15.0,11.0,7.0,46.0,31.0,3,0.003218884120171674,3071.501698275722,318522.02889905986,3,true
src/main/org/apache/tools/ant/taskdefs/CallTarget.java,165.0,3.0,0.0,13.0,29.0,31.0,2,0.002145922746781116,2246.5960378983636,307185.5636070165,2,true
src/main/org/apache/tools/ant/taskdefs/Checksum.java,456.0,23.0,103.0,19.0,65.0,61.0,3,0.003218884120171674,2275.929371231697,307200.24828820454,3,true
src/main/org/apache/tools/ant/taskdefs/Chmod.java,167.0,8.0,61.0,18.0,39.0,36.0,2,0.002145922746781116,2246.5960378983636,307185.5636070165,2,true
src/main/org/apache/tools/ant/taskdefs/Classloader.java,138.0,4.0,19.0,10.0,17.0,24.0,1,0.001072961373390558,1475.4108527131782,278655.14189857343,1,true
src/main/org/apache/tools/ant/taskdefs/Concat.java,667.0,26.0,137.0,22.0,57.0,55.0,3,0.003218884120171674,2697.5764300552264,317221.19314667344,3,true
src/main/org/apache/tools/ant/taskdefs/Copy.java,440.0,19.0,306.0,29.0,68.0,76.0,3,0.003218884120171674,2697.5764300552264,317221.19314667344,3,true
src/main/org/apache/tools/ant/taskdefs/DefaultExcludes.java,58.0,5.0,0.0,4.0,7.0,10.0,4,0.004291845493562232,3522.4820904325848,328557.6584387168,4,true
src/main/org/apache/tools/ant/taskdefs/Definer.java,423.0,16.0,275.0,31.0,58.0,78.0,2,0.002145922746781116,1926.391244870041,288690.77143823035,2,true
src/main/org/apache/tools/ant/taskdefs/Delete.java,459.0,23.0,0.0,38.0,27.0,63.0,2,0.002145922746781116,1926.391244870041,288690.77143823035,2,true
src/main/org/apache/tools/ant/taskdefs/Execute.java,690.0,13.0,189.0,22.0,57.0,72.0,3,0.003218884120171674,3071.501698275722,318522.02889905986,3,true
src/main/org/apache/tools/ant/taskdefs/ExecuteOn.java,428.0,16.0,169.0,22.0,65.0,62.0,2,0.002145922746781116,2246.5960378983636,307185.5636070165,2,true
src/main/org/apache/tools/ant/taskdefs/Expand.java,214.0,19.0,24.0,9.0,48.0,30.0,2,0.002145922746781116,2246.5960378983636,307185.5636070165,2,true
src/main/org/apache/tools/ant/taskdefs/FixCRLF.java,764.0,20.0,40.0,16.0,65.0,67.0,3,0.003218884120171674,3071.501698275722,318522.02889905986,3,true
src/main/org/apache/tools/ant/taskdefs/Get.java,264.0,13.0,14.0,8.0,32.0,25.0,2,0.002145922746781116,2246.5960378983636,307185.5636070165,2,true
src/main/org/apache/tools/ant/taskdefs/ImportTask.java,83.0,8.0,0.0,3.0,14.0,9.0,3,0.003218884120171674,1939.9912448700409,288718.3511258664,3,true
src/main/org/apache/tools/ant/taskdefs/Input.java,84.0,6.0,9.0,7.0,13.0,15.0,2,0.002145922746781116,2246.5960378983636,307185.5636070165,2,true
src/main/org/apache/tools/ant/taskdefs/Jar.java,510.0,22.0,155.0,23.0,86.0,93.0,1,0.001072961373390558,1475.4108527131782,278655.14189857343,1,true
src/main/org/apache/tools/ant/taskdefs/Java.java,465.0,13.0,475.0,43.0,102.0,102.0,3,0.003218884120171674,3071.501698275722,318522.02889905986,3,true
src/main/org/apache/tools/ant/taskdefs/Javac.java,718.0,12.0,2593.0,75.0,68.0,182.0,2,0.002145922746781116,2246.5960378983636,307185.5636070165,2,true
src/main/org/apache/tools/ant/taskdefs/Javadoc.java,1697.0,27.0,2820.0,84.0,231.0,187.0,2,0.002145922746781116,2246.5960378983636,307185.5636070165,2,true
src/main/org/apache/tools/ant/taskdefs/LogOutputStream.java,79.0,5.0,10.0,8.0,10.0,15.0,2,0.002145922746781116,2246.5960378983636,307185.5636070165,2,true
src/main/org/apache/tools/ant/taskdefs/ManifestTask.java,156.0,11.0,5.0,7.0,12.0,21.0,1,0.001072961373390558,1475.4108527131782,278655.14189857343,1,true
src/main/org/apache/tools/ant/taskdefs/MatchingTask.java,306.0,27.0,0.0,40.0,54.0,63.0,3,0.003218884120171674,2751.2969052473995,300027.2367302737,3,true
src/main/org/apache/tools/ant/taskdefs/Move.java,197.0,8.0,10.0,5.0,45.0,26.0,3,0.003218884120171674,2697.5764300552264,317221.19314667344,3,true
src/main/org/apache/tools/ant/taskdefs/Pack.java,99.0,7.0,0.0,8.0,13.0,16.0,1,0.001072961373390558,1475.4108527131782,278655.14189857343,1,true
src/main/org/apache/tools/ant/taskdefs/Parallel.java,235.0,8.0,8.0,8.0,22.0,24.0,2,0.002145922746781116,1926.391244870041,288690.77143823035,2,true
src/main/org/apache/tools/ant/taskdefs/PathConvert.java,333.0,13.0,69.0,15.0,33.0,44.0,1,0.001072961373390558,1475.4108527131782,278655.14189857343,1,true
src/main/org/apache/tools/ant/taskdefs/Property.java,485.0,14.0,421.0,34.0,78.0,85.0,3,0.003218884120171674,2697.5764300552264,317221.19314667344,3,true
src/main/org/apache/tools/ant/taskdefs/Redirector.java,359.0,17.0,106.0,21.0,21.0,57.0,1,0.001072961373390558,1475.4108527131782,278655.14189857343,1,true
src/main/org/apache/tools/ant/taskdefs/Rename.java,55.0,6.0,0.0,4.0,6.0,9.0,2,0.002145922746781116,2246.5960378983636,307185.5636070165,2,true
src/main/org/apache/tools/ant/taskdefs/Replace.java,447.0,21.0,75.0,18.0,63.0,49.0,4,0.004291845493562232,3522.4820904325848,328557.6584387168,4,true
src/main/org/apache/tools/ant/taskdefs/Rmic.java,482.0,16.0,933.0,47.0,65.0,119.0,1,0.001072961373390558,1475.4108527131782,278655.14189857343,1,true
src/main/org/apache/tools/ant/taskdefs/SQLExec.java,475.0,25.0,111.0,18.0,69.0,47.0,3,0.003218884120171674,3071.501698275722,318522.02889905986,3,true
src/main/org/apache/tools/ant/taskdefs/Sequential.java,36.0,5.0,0.0,2.0,5.0,4.0,1,0.001072961373390558,1475.4108527131782,278655.14189857343,1,true
src/main/org/apache/tools/ant/taskdefs/SignJar.java,293.0,12.0,121.0,18.0,40.0,41.0,1,0.001072961373390558,1475.4108527131782,278655.14189857343,1,true
src/main/org/apache/tools/ant/taskdefs/SubAnt.java,317.0,15.0,205.0,22.0,65.0,49.0,4,0.004291845493562232,3522.4820904325848,328557.6584387168,4,true
src/main/org/apache/tools/ant/taskdefs/Sync.java,206.0,8.0,6.0,13.0,39.0,32.0,2,0.002145922746781116,2246.5960378983636,307185.5636070165,2,true
src/main/org/apache/tools/ant/taskdefs/Taskdef.java,22.0,3.0,0.0,1.0,2.0,1.0,2,0.002145922746781116,1926.391244870041,288690.77143823035,2,true
src/main/org/apache/tools/ant/taskdefs/Touch.java,141.0,13.0,0.0,8.0,29.0,24.0,2,0.002145922746781116,2246.5960378983636,307185.5636070165,2,true
src/main/org/apache/tools/ant/taskdefs/Typedef.java,23.0,0.0,0.0,0.0,0.0,0.0,2,0.002145922746781116,1926.391244870041,288690.77143823035,2,true
src/main/org/apache/tools/ant/taskdefs/Untar.java,126.0,13.0,1.0,3.0,12.0,8.0,2,0.002145922746781116,2246.5960378983636,307185.5636070165,2,true
src/main/org/apache/tools/ant/taskdefs/UpToDate.java,147.0,13.0,19.0,10.0,29.0,31.0,2,0.002145922746781116,1926.391244870041,288690.77143823035,2,true
src/main/org/apache/tools/ant/taskdefs/XSLTProcess.java,725.0,13.0,276.0,28.0,76.0,88.0,2,0.002145922746781116,2300.316513090537,289991.6071906168,2,true
src/main/org/apache/tools/ant/taskdefs/XmlProperty.java,468.0,16.0,263.0,27.0,74.0,63.0,2,0.002145922746781116,1926.391244870041,288690.77143823035,2,true
src/main/org/apache/tools/ant/taskdefs/Zip.java,851.0,32.0,339.0,35.0,158.0,110.0,2,0.002145922746781116,2246.5960378983636,307185.5636070165,2,true
src/main/org/apache/tools/ant/taskdefs/compilers/DefaultCompilerAdapter.java,388.0,14.0,63.0,18.0,90.0,56.0,3,0.003218884120171674,3071.501698275722,318522.02889905986,3,true
src/main/org/apache/tools/ant/taskdefs/compilers/Gcj.java,61.0,4.0,1.0,2.0,19.0,9.0,2,0.002145922746781116,2246.5960378983636,307185.5636070165,2,true
src/main/org/apache/tools/ant/taskdefs/compilers/JavacExternal.java,19.0,3.0,0.0,1.0,10.0,4.0,2,0.002145922746781116,2300.316513090537,289991.6071906168,2,true
src/main/org/apache/tools/ant/taskdefs/compilers/Jikes.java,109.0,4.0,0.0,1.0,20.0,7.0,2,0.002145922746781116,2246.5960378983636,307185.5636070165,2,true
src/main/org/apache/tools/ant/taskdefs/compilers/Jvc.java,64.0,4.0,0.0,1.0,19.0,5.0,2,0.002145922746781116,2246.5960378983636,307185.5636070165,2,true
src/main/org/apache/tools/ant/taskdefs/compilers/Sj.java,19.0,3.0,0.0,1.0,8.0,4.0,2,0.002145922746781116,2246.5960378983636,307185.5636070165,2,true
src/main/org/apache/tools/ant/taskdefs/condition/ConditionBase.java,144.0,6.0,0.0,19.0,19.0,21.0,2,0.002145922746781116,1926.391244870041,288690.77143823035,2,false
src/main/org/apache/tools/ant/taskdefs/condition/Os.java,167.0,2.0,16.0,12.0,14.0,28.0,3,0.003218884120171674,2697.5764300552264,317221.19314667344,3,true
src/main/org/apache/tools/ant/taskdefs/cvslib/CvsTagDiff.java,285.0,13.0,7.0,11.0,30.0,31.0,1,0.001072961373390558,824.9056603773585,11336.465292043364,1,true
src/main/org/apache/tools/ant/taskdefs/email/EmailTask.java,471.0,10.0,330.0,29.0,63.0,57.0,3,0.003218884120171674,3071.501698275722,318522.02889905986,3,true
src/main/org/apache/tools/ant/taskdefs/email/Mailer.java,144.0,4.0,136.0,17.0,1.0,22.0,3,0.003218884120171674,3071.501698275722,318522.02889905986,3,true
src/main/org/apache/tools/ant/taskdefs/email/Message.java,109.0,8.0,37.0,11.0,9.0,22.0,1,0.001072961373390558,1475.4108527131782,278655.14189857343,1,true
src/main/org/apache/tools/ant/taskdefs/email/MimeMailer.java,169.0,23.0,3.0,3.0,42.0,17.0,2,0.002145922746781116,2300.316513090537,289991.6071906168,2,true
src/main/org/apache/tools/ant/taskdefs/email/PlainMailer.java,83.0,8.0,1.0,2.0,26.0,10.0,2,0.002145922746781116,2300.316513090537,289991.6071906168,2,true
src/main/org/apache/tools/ant/taskdefs/optional/ANTLR.java,340.0,20.0,194.0,24.0,65.0,60.0,3,0.003218884120171674,3071.501698275722,318522.02889905986,3,true
src/main/org/apache/tools/ant/taskdefs/optional/Cab.java,210.0,18.0,38.0,13.0,68.0,37.0,2,0.002145922746781116,2246.5960378983636,307185.5636070165,2,true
src/main/org/apache/tools/ant/taskdefs/optional/EchoProperties.java,353.0,24.0,56.0,12.0,54.0,41.0,2,0.002145922746781116,2246.5960378983636,307185.5636070165,2,true
src/main/org/apache/tools/ant/taskdefs/optional/Javah.java,307.0,13.0,109.0,18.0,47.0,50.0,1,0.001072961373390558,1475.4108527131782,278655.14189857343,1,true
src/main/org/apache/tools/ant/taskdefs/optional/ReplaceRegExp.java,365.0,20.0,24.0,13.0,42.0,43.0,2,0.002145922746781116,2246.5960378983636,307185.5636070165,2,true
src/main/org/apache/tools/ant/taskdefs/optional/Rpm.java,218.0,19.0,37.0,11.0,29.0,23.0,2,0.002145922746781116,2246.5960378983636,307185.5636070165,2,true
src/main/org/apache/tools/ant/taskdefs/optional/ccm/CCMReconfigure.java,101.0,2.0,30.0,9.0,15.0,15.0,1,0.001072961373390558,771.1851851851852,28530.421708443093,1,true
src/main/org/apache/tools/ant/taskdefs/optional/clearcase/CCLock.java,252.0,3.0,141.0,18.0,34.0,42.0,2,0.002145922746781116,2246.5960378983636,307185.5636070165,2,true
src/main/org/apache/tools/ant/taskdefs/optional/clearcase/CCMkbl.java,260.0,4.0,139.0,18.0,28.0,33.0,2,0.002145922746781116,2246.5960378983636,307185.5636070165,2,true
src/main/org/apache/tools/ant/taskdefs/optional/clearcase/CCMklabel.java,286.0,4.0,176.0,20.0,39.0,39.0,2,0.002145922746781116,2246.5960378983636,307185.5636070165,2,true
src/main/org/apache/tools/ant/taskdefs/optional/clearcase/CCMklbtype.java,318.0,4.0,235.0,23.0,29.0,42.0,2,0.002145922746781116,2246.5960378983636,307185.5636070165,2,true
src/main/org/apache/tools/ant/taskdefs/optional/clearcase/CCRmtype.java,272.0,4.0,157.0,19.0,28.0,36.0,2,0.002145922746781116,2246.5960378983636,307185.5636070165,2,true
src/main/org/apache/tools/ant/taskdefs/optional/clearcase/CCUnlock.java,157.0,3.0,49.0,11.0,28.0,26.0,2,0.002145922746781116,2246.5960378983636,307185.5636070165,2,true
src/main/org/apache/tools/ant/taskdefs/optional/clearcase/ClearCase.java,123.0,6.0,15.0,7.0,12.0,16.0,1,0.001072961373390558,1475.4108527131782,278655.14189857343,1,true
src/main/org/apache/tools/ant/taskdefs/optional/depend/JarFileIterator.java,51.0,4.0,0.0,2.0,7.0,11.0,0,0.0,0.0,0.0,0,true
src/main/org/apache/tools/ant/taskdefs/optional/dotnet/CSharp.java,294.0,1.0,222.0,24.0,13.0,51.0,1,0.001072961373390558,1475.4108527131782,278655.14189857343,1,true
src/main/org/apache/tools/ant/taskdefs/optional/dotnet/DotnetCompile.java,708.0,9.0,1743.0,62.0,87.0,168.0,1,0.001072961373390558,1475.4108527131782,278655.14189857343,1,true
src/main/org/apache/tools/ant/taskdefs/optional/dotnet/Ilasm.java,359.0,6.0,365.0,30.0,32.0,77.0,1,0.001072961373390558,1475.4108527131782,278655.14189857343,1,true
src/main/org/apache/tools/ant/taskdefs/optional/dotnet/ImportTypelib.java,122.0,4.0,8.0,8.0,9.0,14.0,2,0.002145922746781116,1489.010852713178,278682.7215862095,2,true
src/main/org/apache/tools/ant/taskdefs/optional/dotnet/JSharp.java,97.0,1.0,32.0,9.0,3.0,17.0,2,0.002145922746781116,1489.010852713178,278682.7215862095,2,true
src/main/org/apache/tools/ant/taskdefs/optional/ejb/BorlandDeploymentTool.java,405.0,17.0,260.0,25.0,115.0,75.0,3,0.003218884120171674,3071.501698275722,318522.02889905986,3,true
src/main/org/apache/tools/ant/taskdefs/optional/ejb/EjbJar.java,477.0,15.0,153.0,27.0,47.0,73.0,2,0.002145922746781116,2300.316513090537,289991.6071906168,2,true
src/main/org/apache/tools/ant/taskdefs/optional/ejb/GenericDeploymentTool.java,680.0,24.0,304.0,33.0,144.0,112.0,1,0.001072961373390558,1475.4108527131782,278655.14189857343,1,true
src/main/org/apache/tools/ant/taskdefs/optional/ejb/JbossDeploymentTool.java,69.0,4.0,8.0,5.0,11.0,13.0,2,0.002145922746781116,2300.316513090537,289991.6071906168,2,true
src/main/org/apache/tools/ant/taskdefs/optional/ejb/WeblogicDeploymentTool.java,645.0,22.0,413.0,31.0,116.0,82.0,2,0.002145922746781116,2246.5960378983636,307185.5636070165,2,true
src/main/org/apache/tools/ant/taskdefs/optional/ejb/WebsphereDeploymentTool.java,653.0,18.0,436.0,32.0,101.0,78.0,3,0.003218884120171674,3071.501698275722,318522.02889905986,3,true
src/main/org/apache/tools/ant/taskdefs/optional/extension/Extension.java,513.0,6.0,165.0,22.0,51.0,66.0,1,0.001072961373390558,1475.4108527131782,278655.14189857343,1,true
src/main/org/apache/tools/ant/taskdefs/optional/i18n/Translate.java,403.0,17.0,78.0,17.0,64.0,49.0,3,0.003218884120171674,2751.2969052473995,300027.2367302737,3,true
src/main/org/apache/tools/ant/taskdefs/optional/ide/VAJExport.java,185.0,3.0,32.0,12.0,11.0,19.0,1,0.001072961373390558,771.1851851851852,28530.421708443093,1,true
src/main/org/apache/tools/ant/taskdefs/optional/ide/VAJImport.java,170.0,8.0,12.0,8.0,17.0,16.0,2,0.002145922746781116,2246.5960378983636,307185.5636070165,2,true
src/main/org/apache/tools/ant/taskdefs/optional/ide/VAJLoad.java,68.0,2.0,0.0,2.0,5.0,7.0,2,0.002145922746781116,2246.5960378983636,307185.5636070165,2,true
src/main/org/apache/tools/ant/taskdefs/optional/ide/VAJLocalUtil.java,314.0,16.0,66.0,12.0,110.0,68.0,2,0.002145922746781116,2246.5960378983636,307185.5636070165,2,true
src/main/org/apache/tools/ant/taskdefs/optional/ide/VAJRemoteUtil.java,127.0,12.0,7.0,7.0,20.0,24.0,3,0.003218884120171674,3071.501698275722,318522.02889905986,3,true
src/main/org/apache/tools/ant/taskdefs/optional/ide/VAJTask.java,46.0,1.0,1.0,3.0,0.0,9.0,1,0.001072961373390558,771.1851851851852,28530.421708443093,1,true
src/main/org/apache/tools/ant/taskdefs/optional/ide/VAJToolsServlet.java,138.0,7.0,24.0,9.0,16.0,26.0,1,0.001072961373390558,771.1851851851852,28530.421708443093,1,true
src/main/org/apache/tools/ant/taskdefs/optional/javacc/JJTree.java,156.0,13.0,0.0,16.0,44.0,22.0,2,0.002145922746781116,2246.5960378983636,307185.5636070165,2,true
src/main/org/apache/tools/ant/taskdefs/optional/javacc/JavaCC.java,317.0,11.0,0.0,29.0,55.0,53.0,2,0.002145922746781116,2246.5960378983636,307185.5636070165,2,true
src/main/org/apache/tools/ant/taskdefs/optional/jdepend/JDependTask.java,368.0,19.0,289.0,26.0,66.0,78.0,1,0.001072961373390558,1475.4108527131782,278655.14189857343,1,true
src/main/org/apache/tools/ant/taskdefs/optional/jsp/JspC.java,481.0,12.0,734.0,41.0,58.0,102.0,1,0.001072961373390558,1475.4108527131782,278655.14189857343,1,true
src/main/org/apache/tools/ant/taskdefs/optional/jsp/compilers/JasperC.java,90.0,8.0,4.0,4.0,37.0,14.0,1,0.001072961373390558,1475.4108527131782,278655.14189857343,1,true
src/main/org/apache/tools/ant/taskdefs/optional/junit/FormatterElement.java,189.0,7.0,67.0,14.0,12.0,43.0,3,0.003218884120171674,2275.929371231697,307200.24828820454,3,true
src/main/org/apache/tools/ant/taskdefs/optional/junit/JUnitTask.java,814.0,27.0,871.0,47.0,194.0,156.0,4,0.004291845493562232,3100.8350316090555,318536.7135802479,4,true
src/main/org/apache/tools/ant/taskdefs/optional/junit/JUnitTestRunner.java,420.0,24.0,233.0,26.0,77.0,75.0,1,0.001072961373390558,1475.4108527131782,278655.14189857343,1,true
src/main/org/apache/tools/ant/taskdefs/optional/junit/XMLJUnitResultFormatter.java,181.0,17.0,57.0,14.0,53.0,36.0,1,0.001072961373390558,1475.4108527131782,278655.14189857343,1,true
src/main/org/apache/tools/ant/taskdefs/optional/junit/XMLResultAggregator.java,229.0,21.0,47.0,11.0,51.0,39.0,1,0.001072961373390558,1475.4108527131782,278655.14189857343,1,true
src/main/org/apache/tools/ant/taskdefs/optional/junit/XalanExecutor.java,82.0,11.0,4.0,5.0,11.0,21.0,1,0.001072961373390558,1475.4108527131782,278655.14189857343,1,true
src/main/org/apache/tools/ant/taskdefs/optional/net/RExecTask.java,343.0,10.0,31.0,11.0,12.0,24.0,2,0.002145922746781116,2246.5960378983636,307185.5636070165,2,true
src/main/org/apache/tools/ant/taskdefs/optional/net/SetProxy.java,223.0,7.0,35.0,11.0,17.0,24.0,1,0.001072961373390558,1475.4108527131782,278655.14189857343,1,true
src/main/org/apache/tools/ant/taskdefs/optional/net/TelnetTask.java,279.0,10.0,21.0,10.0,11.0,23.0,1,0.001072961373390558,771.1851851851852,28530.421708443093,1,true
src/main/org/apache/tools/ant/taskdefs/optional/perforce/P4Add.java,80.0,6.0,2.0,5.0,14.0,14.0,1,0.001072961373390558,824.9056603773585,11336.465292043364,1,true
src/main/org/apache/tools/ant/taskdefs/optional/perforce/P4Fstat.java,113.0,7.0,14.0,8.0,23.0,21.0,1,0.001072961373390558,824.9056603773585,11336.465292043364,1,true
src/main/org/apache/tools/ant/taskdefs/optional/perforce/P4Handler.java,17.0,2.0,1.0,2.0,0.0,4.0,2,0.002145922746781116,1596.0908455625436,39866.88700048646,2,true
src/main/org/apache/tools/ant/taskdefs/optional/perforce/P4HandlerAdapter.java,48.0,6.0,9.0,7.0,7.0,14.0,1,0.001072961373390558,824.9056603773585,11336.465292043364,1,true
src/main/org/apache/tools/ant/taskdefs/optional/perforce/P4Integrate.java,239.0,1.0,228.0,25.0,1.0,63.0,1,0.001072961373390558,824.9056603773585,11336.465292043364,1,true
src/main/org/apache/tools/ant/taskdefs/optional/perforce/P4Labelsync.java,95.0,5.0,20.0,8.0,7.0,19.0,3,0.003218884120171674,3071.501698275722,318522.02889905986,3,true
src/main/org/apache/tools/ant/taskdefs/optional/perforce/P4OutputStream.java,50.0,3.0,0.0,4.0,7.0,10.0,1,0.001072961373390558,824.9056603773585,11336.465292043364,1,true
src/main/org/apache/tools/ant/taskdefs/optional/perforce/SimpleP4OutputHandler.java,15.0,2.0,0.0,2.0,3.0,6.0,1,0.001072961373390558,824.9056603773585,11336.465292043364,1,true
src/main/org/apache/tools/ant/taskdefs/optional/pvcs/Pvcs.java,524.0,21.0,528.0,36.0,75.0,91.0,3,0.003218884120171674,3071.501698275722,318522.02889905986,3,true
src/main/org/apache/tools/ant/taskdefs/optional/script/ScriptDef.java,253.0,16.0,10.0,9.0,28.0,25.0,1,0.001072961373390558,1475.4108527131782,278655.14189857343,1,true
src/main/org/apache/tools/ant/taskdefs/optional/script/ScriptDefBase.java,54.0,9.0,2.0,4.0,15.0,12.0,1,0.001072961373390558,1475.4108527131782,278655.14189857343,1,true
src/main/org/apache/tools/ant/taskdefs/optional/sitraka/CovBase.java,69.0,4.0,0.0,7.0,6.0,17.0,2,0.002145922746781116,2246.5960378983636,307185.5636070165,2,true
src/main/org/apache/tools/ant/taskdefs/optional/sitraka/CovMerge.java,139.0,12.0,12.0,8.0,42.0,23.0,2,0.002145922746781116,2246.5960378983636,307185.5636070165,2,true
src/main/org/apache/tools/ant/taskdefs/optional/sitraka/CovReport.java,252.0,18.0,55.0,14.0,33.0,37.0,2,0.002145922746781116,2246.5960378983636,307185.5636070165,2,true
src/main/org/apache/tools/ant/taskdefs/optional/sitraka/Coverage.java,361.0,18.0,244.0,25.0,53.0,56.0,1,0.001072961373390558,771.1851851851852,28530.421708443093,1,true
src/main/org/apache/tools/ant/taskdefs/optional/sitraka/bytecode/Utils.java,356.0,3.0,231.0,22.0,51.0,72.0,1,0.001072961373390558,1475.4108527131782,278655.14189857343,1,true
src/main/org/apache/tools/ant/taskdefs/optional/sos/SOS.java,348.0,8.0,628.0,37.0,41.0,90.0,1,0.001072961373390558,1475.4108527131782,278655.14189857343,1,true
src/main/org/apache/tools/ant/taskdefs/optional/sos/SOSCheckin.java,63.0,1.0,6.0,4.0,7.0,9.0,0,0.0,0.0,0.0,0,true
src/main/org/apache/tools/ant/taskdefs/optional/sos/SOSCheckout.java,49.0,1.0,3.0,3.0,6.0,8.0,0,0.0,0.0,0.0,0,true
src/main/org/apache/tools/ant/taskdefs/optional/sos/SOSGet.java,73.0,1.0,10.0,5.0,8.0,10.0,0,0.0,0.0,0.0,0,true
src/main/org/apache/tools/ant/taskdefs/optional/sos/SOSLabel.java,52.0,2.0,6.0,4.0,7.0,7.0,0,0.0,0.0,0.0,0,true
src/main/org/apache/tools/ant/taskdefs/optional/ssh/SSHBase.java,117.0,5.0,40.0,16.0,14.0,29.0,1,0.001072961373390558,1475.4108527131782,278655.14189857343,1,true
src/main/org/apache/tools/ant/taskdefs/optional/ssh/SSHExec.java,157.0,10.0,20.0,9.0,30.0,29.0,1,0.001072961373390558,1475.4108527131782,278655.14189857343,1,true
src/main/org/apache/tools/ant/taskdefs/optional/ssh/SSHUserInfo.java,126.0,1.0,125.0,18.0,0.0,33.0,1,0.001072961373390558,1475.4108527131782,278655.14189857343,1,true
src/main/org/apache/tools/ant/taskdefs/optional/ssh/Scp.java,184.0,10.0,41.0,11.0,51.0,39.0,1,0.001072961373390558,1475.4108527131782,278655.14189857343,1,true
src/main/org/apache/tools/ant/taskdefs/optional/starteam/StarTeamCheckin.java,246.0,8.0,60.0,13.0,38.0,36.0,1,0.001072961373390558,1475.4108527131782,278655.14189857343,1,true
src/main/org/apache/tools/ant/taskdefs/optional/starteam/StarTeamCheckout.java,403.0,10.0,84.0,16.0,64.0,57.0,2,0.002145922746781116,2246.5960378983636,307185.5636070165,2,true
src/main/org/apache/tools/ant/taskdefs/optional/starteam/StarTeamLabel.java,118.0,7.0,11.0,7.0,5.0,17.0,1,0.001072961373390558,1475.4108527131782,278655.14189857343,1,true
src/main/org/apache/tools/ant/taskdefs/optional/starteam/StarTeamList.java,173.0,11.0,34.0,9.0,50.0,30.0,1,0.001072961373390558,1475.4108527131782,278655.14189857343,1,true
src/main/org/apache/tools/ant/taskdefs/optional/starteam/TreeBasedTask.java,539.0,10.0,479.0,34.0,47.0,106.0,1,0.001072961373390558,1475.4108527131782,278655.14189857343,1,true
src/main/org/apache/tools/ant/taskdefs/optional/unix/AbstractAccessTask.java,53.0,5.0,15.0,6.0,7.0,14.0,3,0.003218884120171674,3071.501698275722,318522.02889905986,3,true
src/main/org/apache/tools/ant/taskdefs/optional/unix/Chgrp.java,41.0,1.0,4.0,4.0,4.0,9.0,2,0.002145922746781116,2300.316513090537,289991.6071906168,2,true
src/main/org/apache/tools/ant/taskdefs/optional/unix/Chown.java,41.0,1.0,4.0,4.0,4.0,9.0,2,0.002145922746781116,2300.316513090537,289991.6071906168,2,true
src/main/org/apache/tools/ant/taskdefs/optional/unix/Symlink.java,542.0,19.0,82.0,17.0,83.0,66.0,3,0.003218884120171674,3071.501698275722,318522.02889905986,3,true
src/main/org/apache/tools/ant/taskdefs/optional/vss/MSVSS.java,627.0,14.0,1312.0,53.0,53.0,133.0,3,0.003218884120171674,3071.501698275722,318522.02889905986,3,true
src/main/org/apache/tools/ant/taskdefs/optional/vss/MSVSSADD.java,72.0,3.0,19.0,7.0,12.0,13.0,1,0.001072961373390558,1475.4108527131782,278655.14189857343,1,true
src/main/org/apache/tools/ant/taskdefs/optional/vss/MSVSSCHECKIN.java,65.0,3.0,15.0,6.0,13.0,11.0,1,0.001072961373390558,1475.4108527131782,278655.14189857343,1,true
src/main/org/apache/tools/ant/taskdefs/optional/vss/MSVSSCHECKOUT.java,103.0,3.0,45.0,10.0,15.0,16.0,1,0.001072961373390558,1475.4108527131782,278655.14189857343,1,true
src/main/org/apache/tools/ant/taskdefs/optional/vss/MSVSSCP.java,33.0,2.0,1.0,2.0,8.0,5.0,0,0.0,0.0,0.0,0,true
src/main/org/apache/tools/ant/taskdefs/optional/vss/MSVSSCREATE.java,48.0,2.0,6.0,4.0,10.0,8.0,0,0.0,0.0,0.0,0,true
src/main/org/apache/tools/ant/taskdefs/optional/vss/MSVSSConstants.java,114.0,0.0,0.0,0.0,0.0,0.0,0,0.0,0.0,0.0,0,true
src/main/org/apache/tools/ant/taskdefs/optional/vss/MSVSSGET.java,110.0,3.0,55.0,11.0,16.0,19.0,1,0.001072961373390558,1475.4108527131782,278655.14189857343,1,true
src/main/org/apache/tools/ant/taskdefs/optional/vss/MSVSSHISTORY.java,140.0,5.0,55.0,11.0,16.0,23.0,0,0.0,0.0,0.0,0,true
src/main/org/apache/tools/ant/taskdefs/optional/vss/MSVSSLABEL.java,61.0,2.0,10.0,5.0,11.0,8.0,2,0.002145922746781116,2246.5960378983636,307185.5636070165,2,true
src/main/org/apache/tools/ant/taskdefs/optional/windows/Attrib.java,104.0,5.0,130.0,17.0,21.0,29.0,2,0.002145922746781116,2246.5960378983636,307185.5636070165,2,true
src/main/org/apache/tools/ant/types/AbstractFileSet.java,506.0,30.0,912.0,48.0,154.0,130.0,4,0.004291845493562232,3522.4820904325848,328557.6584387168,4,true
src/main/org/apache/tools/ant/types/Assertions.java,218.0,4.0,5.0,7.0,19.0,16.0,2,0.002145922746781116,1489.010852713178,278682.7215862095,2,true
src/main/org/apache/tools/ant/types/Commandline.java,431.0,6.0,256.0,25.0,50.0,80.0,2,0.002145922746781116,2246.5960378983636,307185.5636070165,2,true
src/main/org/apache/tools/ant/types/CommandlineJava.java,371.0,6.0,294.0,32.0,52.0,75.0,2,0.002145922746781116,2246.5960378983636,307185.5636070165,2,true
src/main/org/apache/tools/ant/types/DataType.java,166.0,4.0,55.0,14.0,18.0,39.0,2,0.002145922746781116,1489.010852713178,278682.7215862095,2,true
src/main/org/apache/tools/ant/types/Description.java,65.0,3.0,6.0,4.0,19.0,15.0,2,0.002145922746781116,1926.391244870041,288690.77143823035,2,true
src/main/org/apache/tools/ant/types/DirSet.java,25.0,0.0,3.0,3.0,4.0,6.0,2,0.002145922746781116,2246.5960378983636,307185.5636070165,2,true
src/main/org/apache/tools/ant/types/Environment.java,113.0,2.0,0.0,3.0,4.0,8.0,3,0.003218884120171674,1939.9912448700409,288718.3511258664,3,true
src/main/org/apache/tools/ant/types/FileSet.java,30.0,0.0,3.0,3.0,4.0,6.0,2,0.002145922746781116,2246.5960378983636,307185.5636070165,2,true
src/main/org/apache/tools/ant/types/FilterChain.java,133.0,22.0,0.0,24.0,28.0,28.0,2,0.002145922746781116,1926.391244870041,288690.77143823035,2,true
src/main/org/apache/tools/ant/types/FilterSet.java,386.0,9.0,125.0,19.0,90.0,70.0,2,0.002145922746781116,2246.5960378983636,307185.5636070165,2,true
src/main/org/apache/tools/ant/types/Mapper.java,185.0,6.0,33.0,11.0,40.0,41.0,2,0.002145922746781116,1926.391244870041,288690.77143823035,2,true
src/main/org/apache/tools/ant/types/Path.java,526.0,10.0,274.0,29.0,130.0,106.0,3,0.003218884120171674,2697.5764300552264,317221.19314667344,3,true
src/main/org/apache/tools/ant/types/PropertySet.java,255.0,14.0,110.0,16.0,62.0,39.0,2,0.002145922746781116,2246.5960378983636,307185.5636070165,2,true
src/main/org/apache/tools/ant/types/XMLCatalog.java,754.0,26.0,213.0,23.0,124.0,95.0,1,0.001072961373390558,1475.4108527131782,278655.14189857343,1,true
src/main/org/apache/tools/ant/types/ZipFileSet.java,254.0,6.0,113.0,19.0,56.0,60.0,2,0.002145922746781116,2246.5960378983636,307185.5636070165,2,true
src/main/org/apache/tools/ant/types/ZipScanner.java,179.0,11.0,6.0,8.0,40.0,34.0,2,0.002145922746781116,2246.5960378983636,307185.5636070165,2,true
src/main/org/apache/tools/ant/types/optional/ScriptFilter.java,169.0,11.0,8.0,8.0,32.0,31.0,2,0.002145922746781116,1926.391244870041,288690.77143823035,2,true
src/main/org/apache/tools/ant/types/optional/image/Draw.java,47.0,3.0,17.0,7.0,13.0,11.0,2,0.002145922746781116,2300.316513090537,289991.6071906168,2,true
src/main/org/apache/tools/ant/types/optional/image/ImageOperation.java,22.0,2.0,0.0,5.0,5.0,5.0,1,0.001072961373390558,1475.4108527131782,278655.14189857343,1,true
src/main/org/apache/tools/ant/types/optional/image/Rotate.java,71.0,6.0,4.0,4.0,17.0,13.0,2,0.002145922746781116,2300.316513090537,289991.6071906168,2,true
src/main/org/apache/tools/ant/types/optional/image/Scale.java,96.0,4.0,18.0,8.0,21.0,24.0,0,0.0,0.0,0.0,0,true
src/main/org/apache/tools/ant/types/optional/image/TransformOperation.java,10.0,1.0,1.0,2.0,1.0,3.0,1,0.001072961373390558,1475.4108527131782,278655.14189857343,1,true
src/main/org/apache/tools/ant/types/resolver/ApacheCatalog.java,80.0,3.0,0.0,3.0,8.0,9.0,1,0.001072961373390558,1475.4108527131782,278655.14189857343,1,true
src/main/org/apache/tools/ant/types/resolver/ApacheCatalogResolver.java,95.0,8.0,0.0,4.0,11.0,11.0,1,0.001072961373390558,1475.4108527131782,278655.14189857343,1,true
src/main/org/apache/tools/ant/types/selectors/BaseSelectorContainer.java,214.0,5.0,331.0,27.0,35.0,42.0,3,0.003218884120171674,1275.886052534221,21806.85505352104,3,true
src/main/org/apache/tools/ant/types/selectors/ContainsRegexpSelector.java,96.0,9.0,3.0,6.0,16.0,16.0,3,0.003218884120171674,1222.165577342048,39000.81146992077,3,true
src/main/org/apache/tools/ant/types/selectors/DependSelector.java,43.0,1.0,3.0,3.0,4.0,7.0,2,0.002145922746781116,450.98039215686276,10470.389761477678,2,true
src/main/org/apache/tools/ant/types/selectors/DifferentSelector.java,54.0,4.0,0.0,2.0,4.0,8.0,4,0.004291845493562232,2751.2969052473995,300461.9969520944,4,true
src/main/org/apache/tools/ant/types/selectors/ExtendSelector.java,142.0,8.0,19.0,10.0,30.0,33.0,3,0.003218884120171674,1926.391244870041,289125.5316600511,3,true
src/main/org/apache/tools/ant/types/selectors/SelectorContainer.java,108.0,2.0,253.0,23.0,0.0,30.0,3,0.003218884120171674,1275.886052534221,21806.85505352104,3,true
src/main/org/apache/tools/ant/types/selectors/SelectorUtils.java,485.0,4.0,78.0,13.0,27.0,58.0,5,0.00536480686695279,3522.4820904325848,328992.4186605375,5,true
src/main/org/apache/tools/ant/types/selectors/TypeSelector.java,78.0,7.0,0.0,6.0,13.0,15.0,5,0.00536480686695279,3522.4820904325848,328992.4186605375,5,true
src/main/org/apache/tools/ant/util/ClasspathUtils.java,316.0,6.0,36.0,9.0,16.0,34.0,2,0.002145922746781116,2246.5960378983636,307185.5636070165,2,true
src/main/org/apache/tools/ant/util/DOMElementWriter.java,232.0,10.0,15.0,6.0,38.0,34.0,1,0.001072961373390558,1475.4108527131782,278655.14189857343,1,true
src/main/org/apache/tools/ant/util/FileUtils.java,846.0,29.0,526.0,33.0,138.0,143.0,4,0.004291845493562232,3522.4820904325848,328557.6584387168,4,true
src/main/org/apache/tools/ant/util/LoaderUtils.java,107.0,5.0,6.0,5.0,16.0,21.0,1,0.001072961373390558,1475.4108527131782,278655.14189857343,1,true
src/main/org/apache/tools/ant/util/RegexpPatternMapper.java,69.0,4.0,0.0,5.0,11.0,14.0,1,0.001072961373390558,1475.4108527131782,278655.14189857343,1,true
src/main/org/apache/tools/ant/util/ResourceUtils.java,67.0,7.0,0.0,1.0,15.0,6.0,1,0.001072961373390558,1475.4108527131782,278655.14189857343,1,true
src/main/org/apache/tools/ant/util/SourceFileScanner.java,70.0,5.0,0.0,4.0,15.0,13.0,1,0.001072961373390558,1475.4108527131782,278655.14189857343,1,true
src/main/org/apache/tools/ant/util/UnPackageNameMapper.java,23.0,2.0,0.0,1.0,3.0,2.0,2,0.002145922746781116,1926.391244870041,288690.77143823035,2,true
src/main/org/apache/tools/ant/util/WeakishReference.java,73.0,2.0,1.0,3.0,5.0,15.0,1,0.001072961373390558,1475.4108527131782,278655.14189857343,1,true
src/main/org/apache/tools/ant/util/depend/bcel/DependencyVisitor.java,130.0,10.0,43.0,11.0,30.0,20.0,1,0.001072961373390558,1475.4108527131782,278655.14189857343,1,true
src/main/org/apache/tools/ant/util/regexp/JakartaOroMatcher.java,91.0,6.0,28.0,9.0,12.0,25.0,1,0.001072961373390558,1475.4108527131782,278655.14189857343,1,true
src/main/org/apache/tools/ant/util/regexp/JakartaOroRegexp.java,47.0,4.0,3.0,3.0,9.0,10.0,3,0.003218884120171674,2697.5764300552264,317221.19314667344,3,true
src/main/org/apache/tools/ant/util/regexp/JakartaRegexpMatcher.java,83.0,4.0,30.0,9.0,13.0,26.0,1,0.001072961373390558,1475.4108527131782,278655.14189857343,1,true
src/main/org/apache/tools/ant/util/regexp/Jdk14RegexpMatcher.java,94.0,5.0,30.0,9.0,14.0,26.0,1,0.001072961373390558,1475.4108527131782,278655.14189857343,1,true
src/main/org/apache/tools/ant/util/regexp/Jdk14RegexpRegexp.java,63.0,3.0,3.0,3.0,14.0,10.0,3,0.003218884120171674,2697.5764300552264,317221.19314667344,3,true
src/main/org/apache/tools/mail/MailMessage.java,363.0,9.0,391.0,31.0,62.0,81.0,2,0.002145922746781116,2300.316513090537,289991.6071906168,2,true
src/main/org/apache/tools/tar/TarEntry.java,485.0,3.0,248.0,33.0,45.0,69.0,2,0.002145922746781116,2246.5960378983636,307185.5636070165,2,true
src/main/org/apache/tools/zip/ZipEntry.java,351.0,4.0,362.0,29.0,83.0,78.0,2,0.002145922746781116,2246.5960378983636,307185.5636070165,2,true
src/main/org/apache/tools/zip/ZipFile.java,343.0,12.0,51.0,14.0,52.0,54.0,2,0.002145922746781116,2246.5960378983636,307185.5636070165,2,true
src/testcases/org/apache/tools/ant/BuildFileTest.java,373.0,5.0,307.0,27.0,57.0,70.0,2,0.002145922746781116,1926.391244870041,288690.77143823035,2,true
src/testcases/org/apache/tools/ant/TaskContainerTest.java,27.0,0.0,15.0,6.0,14.0,7.0,0,0.0,0.0,0.0,0,true
src/testcases/org/apache/tools/ant/filters/DynamicFilterTest.java,70.0,7.0,45.0,10.0,20.0,19.0,0,0.0,0.0,0.0,0,true
src/testcases/org/apache/tools/ant/filters/EscapeUnicodeTest.java,20.0,4.0,6.0,4.0,8.0,6.0,0,0.0,0.0,0.0,0,false
src/testcases/org/apache/tools/ant/filters/HeadTailTest.java,92.0,4.0,91.0,14.0,68.0,26.0,0,0.0,0.0,0.0,0,true
src/testcases/org/apache/tools/ant/filters/NoNewLineTest.java,18.0,4.0,6.0,4.0,3.0,6.0,0,0.0,0.0,0.0,0,true
src/testcases/org/apache/tools/ant/filters/ReplaceTokensTest.java,21.0,4.0,6.0,4.0,8.0,6.0,0,0.0,0.0,0.0,0,true
src/testcases/org/apache/tools/ant/filters/StripJavaCommentsTest.java,21.0,4.0,6.0,4.0,8.0,6.0,0,0.0,0.0,0.0,0,true
src/testcases/org/apache/tools/ant/filters/TokenFilterTest.java,177.0,6.0,496.0,32.0,77.0,81.0,1,0.001072961373390558,450.98039215686276,10035.629539656926,1,true
src/testcases/org/apache/tools/ant/taskdefs/AntTest.java,351.0,8.0,378.0,28.0,77.0,39.0,1,0.001072961373390558,771.1851851851852,28530.421708443093,1,true
src/testcases/org/apache/tools/ant/taskdefs/ChecksumTest.java,58.0,4.0,55.0,11.0,39.0,21.0,2,0.002145922746781116,800.5185185185186,28545.106389631088,2,true
src/testcases/org/apache/tools/ant/taskdefs/ConcatTest.java,184.0,6.0,307.0,26.0,69.0,43.0,1,0.001072961373390558,771.1851851851852,28530.421708443093,1,true
src/testcases/org/apache/tools/ant/taskdefs/CopyTest.java,95.0,6.0,91.0,14.0,52.0,22.0,0,0.0,0.0,0.0,0,true
src/testcases/org/apache/tools/ant/taskdefs/DefaultExcludesTest.java,20.0,1.0,10.0,5.0,4.0,6.0,3,0.003218884120171674,3071.501698275722,318522.02889905986,3,true
src/testcases/org/apache/tools/ant/taskdefs/FixCrLfTest.java,126.0,5.0,210.0,21.0,47.0,62.0,1,0.001072961373390558,771.1851851851852,28530.421708443093,1,true
src/testcases/org/apache/tools/ant/taskdefs/JarTest.java,185.0,12.0,354.0,28.0,65.0,48.0,0,0.0,0.0,0.0,0,true
src/testcases/org/apache/tools/ant/taskdefs/JavaTest.java,123.0,3.0,130.0,17.0,20.0,26.0,1,0.001072961373390558,824.9056603773585,11336.465292043364,1,true
src/testcases/org/apache/tools/ant/taskdefs/MoveTest.java,62.0,5.0,28.0,8.0,29.0,14.0,1,0.001072961373390558,771.1851851851852,28530.421708443093,1,true
src/testcases/org/apache/tools/ant/taskdefs/PropertyTest.java,47.0,2.0,36.0,9.0,18.0,16.0,2,0.002145922746781116,1222.165577342048,38566.05124810002,2,true
src/testcases/org/apache/tools/ant/taskdefs/SubAntTest.java,77.0,7.0,21.0,7.0,14.0,10.0,1,0.001072961373390558,824.9056603773585,11336.465292043364,1,true
src/testcases/org/apache/tools/ant/taskdefs/TouchTest.java,25.0,1.0,10.0,5.0,4.0,8.0,1,0.001072961373390558,771.1851851851852,28530.421708443093,1,true
src/testcases/org/apache/tools/ant/taskdefs/TypeAdapterTest.java,102.0,6.0,28.0,8.0,7.0,9.0,1,0.001072961373390558,450.98039215686276,10035.629539656926,1,true
src/testcases/org/apache/tools/ant/taskdefs/UntarTest.java,51.0,2.0,55.0,11.0,34.0,25.0,1,0.001072961373390558,771.1851851851852,28530.421708443093,1,true
src/testcases/org/apache/tools/ant/taskdefs/UnzipTest.java,61.0,2.0,91.0,14.0,41.0,22.0,1,0.001072961373390558,771.1851851851852,28530.421708443093,1,true
src/testcases/org/apache/tools/ant/taskdefs/XmlPropertyTest.java,233.0,12.0,229.0,22.0,90.0,49.0,1,0.001072961373390558,1475.4108527131782,278655.14189857343,1,true
src/testcases/org/apache/tools/ant/taskdefs/ZipTest.java,74.0,6.0,103.0,15.0,32.0,24.0,2,0.002145922746781116,1596.0908455625436,39866.88700048646,2,true
src/testcases/org/apache/tools/ant/taskdefs/email/EmailTaskTest.java,19.0,1.0,6.0,4.0,3.0,5.0,1,0.001072961373390558,824.9056603773585,11336.465292043364,1,true
src/testcases/org/apache/tools/ant/taskdefs/optional/ANTLRTest.java,110.0,2.0,165.0,19.0,32.0,27.0,0,0.0,0.0,0.0,0,true
src/testcases/org/apache/tools/ant/taskdefs/optional/EchoPropertiesTest.java,127.0,9.0,176.0,20.0,47.0,38.0,1,0.001072961373390558,771.1851851851852,28530.421708443093,1,true
src/testcases/org/apache/tools/ant/taskdefs/optional/depend/DependTest.java,106.0,11.0,78.0,13.0,42.0,19.0,0,0.0,0.0,0.0,0,true
src/testcases/org/apache/tools/ant/taskdefs/optional/i18n/TranslateTest.java,56.0,4.0,8.0,5.0,9.0,10.0,1,0.001072961373390558,824.9056603773585,11336.465292043364,1,true
src/testcases/org/apache/tools/ant/taskdefs/optional/image/ImageTest.java,65.0,10.0,30.0,9.0,24.0,15.0,2,0.002145922746781116,1596.0908455625436,39866.88700048646,2,true
src/testcases/org/apache/tools/ant/taskdefs/optional/script/ScriptDefTest.java,61.0,4.0,55.0,11.0,31.0,13.0,1,0.001072961373390558,1475.4108527131782,278655.14189857343,1,true
src/testcases/org/apache/tools/ant/taskdefs/optional/vss/MSVSSTest.java,331.0,11.0,97.0,23.0,147.0,51.0,0,0.0,0.0,0.0,0,true
src/testcases/org/apache/tools/ant/types/AddTypeTest.java,84.0,5.0,91.0,14.0,13.0,16.0,2,0.002145922746781116,1222.165577342048,38566.05124810002,2,true
src/testcases/org/apache/tools/ant/types/CommandlineJavaTest.java,86.0,4.0,4.0,5.0,38.0,8.0,1,0.001072961373390558,771.1851851851852,28530.421708443093,1,true
src/testcases/org/apache/tools/ant/types/ZipFileSetTest.java,74.0,5.0,3.0,3.0,20.0,6.0,0,0.0,0.0,0.0,0,true
src/testcases/org/apache/tools/ant/types/optional/depend/ClassFileSetTest.java,113.0,11.0,16.0,9.0,53.0,15.0,1,0.001072961373390558,824.9056603773585,11336.465292043364,1,true
src/testcases/org/apache/tools/ant/types/selectors/ContainsRegexpTest.java,41.0,6.0,3.0,3.0,4.0,3.0,0,0.0,0.0,0.0,0,false
src/testcases/org/apache/tools/ant/types/selectors/TypeSelectorTest.java,55.0,10.0,6.0,4.0,12.0,8.0,2,0.002145922746781116,1596.0908455625436,39866.88700048646,2,true
src/testcases/org/apache/tools/ant/util/FileUtilsTest.java,270.0,4.0,0.0,15.0,73.0,38.0,2,0.002145922746781116,1596.0908455625436,39866.88700048646,2,true
src/testcases/org/apache/tools/ant/util/LoaderUtilsTest.java,15.0,2.0,1.0,2.0,5.0,2.0,0,0.0,0.0,0.0,0,true
src/testcases/org/apache/tools/ant/util/UnPackageNameMapperTest.java,17.0,2.0,3.0,3.0,6.0,4.0,1,0.001072961373390558,450.98039215686276,10035.629539656926,1,true
src/testcases/org/apache/tools/ant/util/regexp/RegexpMatcherTest.java,138.0,5.0,0.0,20.0,56.0,30.0,0,0.0,0.0,0.0,0,true
src/testcases/org/apache/tools/tar/TarEntryTest.java,14.0,1.0,1.0,2.0,0.0,2.0,0,0.0,0.0,0.0,0,true
