name,LOC,CBO,LCOM,NOM,RFC,WMC,numOfChanges,bccm,structuralWorkloadSum,semanticWorkloadSum,numberOfDeveloper,isBuggy
src/main/org/apache/tools/ant/AntClassLoader.java,979.0,18.0,865.0,46.0,127.0,168.0,3,0.006535947712418301,1001.2933333333334,22722.038686296488,3,true
src/main/org/apache/tools/ant/AntTypeDefinition.java,316.0,0.0,75.0,18.0,36.0,57.0,1,0.002178649237472767,362.8,11722.639492989001,1,true
src/main/org/apache/tools/ant/BuildEvent.java,156.0,1.0,25.0,11.0,3.0,31.0,0,0.0,0.0,0.0,0,true
src/main/org/apache/tools/ant/BuildListener.java,62.0,1.0,21.0,7.0,0.0,17.0,0,0.0,0.0,0.0,0,true
src/main/org/apache/tools/ant/BuildLogger.java,39.0,1.0,6.0,4.0,0.0,8.0,0,0.0,0.0,0.0,0,true
src/main/org/apache/tools/ant/ComponentHelper.java,707.0,13.0,248.0,33.0,159.0,107.0,2,0.004357298474945534,464.1333333333333,12224.082080491762,2,true
src/main/org/apache/tools/ant/DefaultLogger.java,241.0,6.0,79.0,15.0,28.0,34.0,1,0.002178649237472767,362.8,11722.639492989001,1,true
src/main/org/apache/tools/ant/DemuxInputStream.java,35.0,2.0,0.0,3.0,2.0,9.0,1,0.002178649237472767,362.8,11722.639492989001,1,true
src/main/org/apache/tools/ant/DemuxOutputStream.java,196.0,4.0,33.0,10.0,25.0,30.0,1,0.002178649237472767,362.8,11722.639492989001,1,true
src/main/org/apache/tools/ant/Diagnostics.java,310.0,12.0,136.0,17.0,63.0,60.0,0,0.0,0.0,0.0,0,true
src/main/org/apache/tools/ant/DirectoryScanner.java,1139.0,16.0,1058.0,52.0,146.0,184.0,2,0.004357298474945534,1214.2543396226415,40761.13059242468,2,true
src/main/org/apache/tools/ant/DynamicConfigurator.java,21.0,0.0,1.0,2.0,0.0,5.0,0,0.0,0.0,0.0,0,true
src/main/org/apache/tools/ant/ExitException.java,37.0,0.0,0.0,3.0,0.0,6.0,1,0.002178649237472767,677.0943396226415,30263.17398661995,1,true
src/main/org/apache/tools/ant/FileScanner.java,110.0,1.0,91.0,14.0,0.0,26.0,1,0.002178649237472767,677.0943396226415,30263.17398661995,1,true
src/main/org/apache/tools/ant/IntrospectionHelper.java,990.0,11.0,1577.0,58.0,127.0,177.0,2,0.004357298474945534,1039.8943396226416,41985.81347960895,2,true
src/main/org/apache/tools/ant/Location.java,102.0,3.0,5.0,7.0,8.0,18.0,0,0.0,0.0,0.0,0,true
src/main/org/apache/tools/ant/MagicNames.java,16.0,0.0,0.0,0.0,0.0,0.0,0,0.0,0.0,0.0,0,true
src/main/org/apache/tools/ant/Main.java,806.0,13.0,132.0,21.0,141.0,94.0,5,0.010893246187363835,1636.8526302209323,42653.59036982386,5,true
src/main/org/apache/tools/ant/NoBannerLogger.java,53.0,1.0,0.0,4.0,7.0,9.0,0,0.0,0.0,0.0,0,true
src/main/org/apache/tools/ant/PathTokenizer.java,109.0,4.0,0.0,3.0,9.0,13.0,0,0.0,0.0,0.0,0,true
src/main/org/apache/tools/ant/Project.java,1663.0,23.0,4341.0,99.0,244.0,311.0,3,0.006535947712418301,1378.4081857764877,41337.40545733859,3,true
src/main/org/apache/tools/ant/ProjectComponent.java,60.0,0.0,4.0,5.0,3.0,9.0,1,0.002178649237472767,677.0943396226415,30263.17398661995,1,true
src/main/org/apache/tools/ant/ProjectHelper.java,356.0,10.0,120.0,16.0,50.0,64.0,2,0.004357298474945534,1039.8943396226416,41985.81347960895,2,true
src/main/org/apache/tools/ant/PropertyHelper.java,420.0,3.0,80.0,20.0,69.0,71.0,2,0.004357298474945534,1214.2543396226415,40761.13059242468,2,true
src/main/org/apache/tools/ant/RuntimeConfigurable.java,337.0,12.0,136.0,20.0,37.0,64.0,2,0.004357298474945534,1039.8943396226416,41985.81347960895,2,true
src/main/org/apache/tools/ant/Target.java,348.0,7.0,206.0,25.0,45.0,71.0,2,0.004357298474945534,899.96,22220.59609879373,2,true
src/main/org/apache/tools/ant/Task.java,368.0,2.0,355.0,30.0,46.0,71.0,3,0.006535947712418301,1141.2276729559749,42487.25606711171,3,true
src/main/org/apache/tools/ant/TaskAdapter.java,109.0,1.0,4.0,5.0,12.0,18.0,0,0.0,0.0,0.0,0,true
src/main/org/apache/tools/ant/TaskContainer.java,19.0,0.0,0.0,1.0,0.0,1.0,0,0.0,0.0,0.0,0,true
src/main/org/apache/tools/ant/TypeAdapter.java,37.0,0.0,10.0,5.0,0.0,8.0,1,0.002178649237472767,677.0943396226415,30263.17398661995,1,true
src/main/org/apache/tools/ant/UnknownElement.java,394.0,5.0,223.0,27.0,84.0,81.0,1,0.002178649237472767,362.8,11722.639492989001,1,true
src/main/org/apache/tools/ant/XmlLogger.java,384.0,16.0,57.0,15.0,75.0,50.0,1,0.002178649237472767,677.0943396226415,30263.17398661995,1,true
src/main/org/apache/tools/ant/filters/BaseFilterReader.java,149.0,6.0,41.0,10.0,7.0,31.0,0,0.0,0.0,0.0,0,true
src/main/org/apache/tools/ant/filters/BaseParamFilterReader.java,42.0,3.0,4.0,4.0,1.0,6.0,0,0.0,0.0,0.0,0,true
src/main/org/apache/tools/ant/filters/ChainableReader.java,14.0,1.0,0.0,1.0,0.0,3.0,0,0.0,0.0,0.0,0,true
src/main/org/apache/tools/ant/filters/ClassConstants.java,119.0,4.0,6.0,4.0,11.0,15.0,0,0.0,0.0,0.0,0,true
src/main/org/apache/tools/ant/filters/EscapeUnicode.java,84.0,2.0,4.0,5.0,10.0,14.0,0,0.0,0.0,0.0,0,true
src/main/org/apache/tools/ant/filters/ExpandProperties.java,79.0,3.0,6.0,4.0,9.0,13.0,0,0.0,0.0,0.0,0,true
src/main/org/apache/tools/ant/filters/HeadFilter.java,177.0,4.0,19.0,10.0,18.0,26.0,0,0.0,0.0,0.0,0,true
src/main/org/apache/tools/ant/filters/LineContainsRegExp.java,156.0,6.0,8.0,8.0,23.0,24.0,0,0.0,0.0,0.0,0,true
src/main/org/apache/tools/ant/filters/PrefixLines.java,123.0,3.0,9.0,7.0,15.0,21.0,0,0.0,0.0,0.0,0,true
src/main/org/apache/tools/ant/filters/ReplaceTokens.java,288.0,5.0,36.0,13.0,33.0,33.0,0,0.0,0.0,0.0,0,true
src/main/org/apache/tools/ant/filters/StringInputStream.java,155.0,3.0,0.0,9.0,9.0,33.0,0,0.0,0.0,0.0,0,true
src/main/org/apache/tools/ant/filters/StripJavaComments.java,110.0,2.0,6.0,4.0,1.0,15.0,1,0.002178649237472767,677.0943396226415,30263.17398661995,1,true
src/main/org/apache/tools/ant/filters/StripLineBreaks.java,112.0,3.0,9.0,7.0,12.0,23.0,0,0.0,0.0,0.0,0,true
src/main/org/apache/tools/ant/filters/StripLineComments.java,172.0,4.0,8.0,8.0,21.0,23.0,0,0.0,0.0,0.0,0,true
src/main/org/apache/tools/ant/filters/TabsToSpaces.java,114.0,3.0,9.0,7.0,12.0,19.0,0,0.0,0.0,0.0,0,true
src/main/org/apache/tools/ant/filters/TailFilter.java,201.0,5.0,23.0,10.0,23.0,29.0,1,0.002178649237472767,677.0943396226415,30263.17398661995,1,true
src/main/org/apache/tools/ant/filters/TokenFilter.java,765.0,13.0,49.0,19.0,27.0,40.0,2,0.004357298474945534,1039.8943396226416,41985.81347960895,2,true
src/main/org/apache/tools/ant/filters/util/ChainReaderHelper.java,172.0,17.0,10.0,8.0,20.0,24.0,0,0.0,0.0,0.0,0,true
src/main/org/apache/tools/ant/filters/util/JavaClassHelper.java,40.0,6.0,0.0,1.0,10.0,6.0,0,0.0,0.0,0.0,0,true
src/main/org/apache/tools/ant/helper/AntXMLContext.java,278.0,11.0,265.0,26.0,21.0,49.0,1,0.002178649237472767,362.8,11722.639492989001,1,true
src/main/org/apache/tools/ant/helper/ProjectHelper2.java,734.0,26.0,1.0,3.0,43.0,14.0,3,0.006535947712418301,1197.0054507337527,42800.555804591466,3,true
src/main/org/apache/tools/ant/helper/ProjectHelperImpl.java,845.0,27.0,0.0,4.0,27.0,12.0,1,0.002178649237472767,677.0943396226415,30263.17398661995,1,true
src/main/org/apache/tools/ant/input/DefaultInputHandler.java,81.0,6.0,6.0,4.0,14.0,13.0,1,0.002178649237472767,362.8,11722.639492989001,1,true
src/main/org/apache/tools/ant/input/InputHandler.java,18.0,0.0,0.0,1.0,0.0,4.0,0,0.0,0.0,0.0,0,true
src/main/org/apache/tools/ant/input/InputRequest.java,43.0,0.0,6.0,5.0,0.0,10.0,0,0.0,0.0,0.0,0,true
src/main/org/apache/tools/ant/input/PropertyFileInputHandler.java,53.0,4.0,1.0,3.0,8.0,10.0,0,0.0,0.0,0.0,0,true
src/main/org/apache/tools/ant/launch/AntMain.java,17.0,1.0,0.0,1.0,0.0,2.0,0,0.0,0.0,0.0,0,true
src/main/org/apache/tools/ant/launch/Launcher.java,84.0,4.0,1.0,2.0,22.0,8.0,2,0.004357298474945534,778.4276729559749,30764.61657412271,2,true
src/main/org/apache/tools/ant/launch/Locator.java,189.0,6.0,28.0,8.0,41.0,36.0,1,0.002178649237472767,677.0943396226415,30263.17398661995,1,true
src/main/org/apache/tools/ant/listener/AnsiColorLogger.java,166.0,7.0,0.0,2.0,10.0,9.0,0,0.0,0.0,0.0,0,true
src/main/org/apache/tools/ant/listener/CommonsLoggingListener.java,237.0,10.0,25.0,14.0,52.0,32.0,0,0.0,0.0,0.0,0,true
src/main/org/apache/tools/ant/listener/Log4jListener.java,131.0,7.0,0.0,8.0,48.0,22.0,0,0.0,0.0,0.0,0,true
src/main/org/apache/tools/ant/listener/MailLogger.java,205.0,18.0,13.0,6.0,59.0,24.0,0,0.0,0.0,0.0,0,true
src/main/org/apache/tools/ant/loader/AntClassLoader2.java,191.0,17.0,13.0,6.0,34.0,29.0,0,0.0,0.0,0.0,0,true
src/main/org/apache/tools/ant/taskdefs/AbstractCvsTask.java,629.0,13.0,734.0,41.0,74.0,95.0,2,0.004357298474945534,1214.2543396226415,40761.13059242468,2,true
src/main/org/apache/tools/ant/taskdefs/Ant.java,531.0,20.0,45.0,22.0,113.0,73.0,4,0.008714596949891068,1678.387672955975,52985.21267291644,4,true
src/main/org/apache/tools/ant/taskdefs/AntStructure.java,269.0,16.0,11.0,7.0,46.0,31.0,2,0.004357298474945534,1039.8943396226416,41985.81347960895,2,true
src/main/org/apache/tools/ant/taskdefs/Antlib.java,99.0,12.0,5.0,6.0,27.0,16.0,2,0.004357298474945534,1039.8943396226416,41985.81347960895,2,true
src/main/org/apache/tools/ant/taskdefs/AntlibInterface.java,19.0,0.0,1.0,2.0,0.0,3.0,2,0.004357298474945534,1039.8943396226416,41985.81347960895,2,false
src/main/org/apache/tools/ant/taskdefs/Available.java,393.0,11.0,107.0,19.0,67.0,57.0,1,0.002178649237472767,677.0943396226415,30263.17398661995,1,true
src/main/org/apache/tools/ant/taskdefs/BUnzip2.java,78.0,6.0,1.0,2.0,8.0,7.0,0,0.0,0.0,0.0,0,true
src/main/org/apache/tools/ant/taskdefs/BZip2.java,32.0,5.0,0.0,1.0,5.0,4.0,0,0.0,0.0,0.0,0,true
src/main/org/apache/tools/ant/taskdefs/Basename.java,73.0,3.0,0.0,4.0,8.0,7.0,0,0.0,0.0,0.0,0,true
src/main/org/apache/tools/ant/taskdefs/BuildNumber.java,136.0,9.0,0.0,5.0,24.0,22.0,1,0.002178649237472767,677.0943396226415,30263.17398661995,1,true
src/main/org/apache/tools/ant/taskdefs/CVSPass.java,107.0,10.0,1.0,6.0,14.0,14.0,1,0.002178649237472767,677.0943396226415,30263.17398661995,1,true
src/main/org/apache/tools/ant/taskdefs/CallTarget.java,165.0,3.0,0.0,13.0,29.0,31.0,1,0.002178649237472767,101.33333333333334,501.4425875027607,1,true
src/main/org/apache/tools/ant/taskdefs/Checksum.java,456.0,23.0,103.0,19.0,65.0,61.0,1,0.002178649237472767,677.0943396226415,30263.17398661995,1,true
src/main/org/apache/tools/ant/taskdefs/Chmod.java,168.0,8.0,61.0,18.0,39.0,36.0,0,0.0,0.0,0.0,0,true
src/main/org/apache/tools/ant/taskdefs/Classloader.java,144.0,8.0,19.0,10.0,19.0,24.0,1,0.002178649237472767,677.0943396226415,30263.17398661995,1,true
src/main/org/apache/tools/ant/taskdefs/Concat.java,690.0,26.0,114.0,21.0,57.0,58.0,2,0.004357298474945534,1039.8943396226416,41985.81347960895,2,true
src/main/org/apache/tools/ant/taskdefs/ConditionTask.java,57.0,4.0,0.0,3.0,7.0,8.0,0,0.0,0.0,0.0,0,true
src/main/org/apache/tools/ant/taskdefs/Copy.java,513.0,19.0,359.0,31.0,68.0,86.0,3,0.006535947712418301,1577.0543396226417,52483.77008541368,3,true
src/main/org/apache/tools/ant/taskdefs/Copydir.java,91.0,7.0,7.0,7.0,21.0,16.0,1,0.002178649237472767,362.8,11722.639492989001,1,true
src/main/org/apache/tools/ant/taskdefs/Copyfile.java,49.0,5.0,2.0,5.0,11.0,10.0,0,0.0,0.0,0.0,0,true
src/main/org/apache/tools/ant/taskdefs/Cvs.java,21.0,0.0,0.0,1.0,0.0,1.0,0,0.0,0.0,0.0,0,true
src/main/org/apache/tools/ant/taskdefs/DefBase.java,141.0,8.0,0.0,14.0,15.0,33.0,2,0.004357298474945534,1039.8943396226416,41985.81347960895,2,true
src/main/org/apache/tools/ant/taskdefs/DefaultExcludes.java,69.0,4.0,2.0,5.0,8.0,12.0,1,0.002178649237472767,677.0943396226415,30263.17398661995,1,true
src/main/org/apache/tools/ant/taskdefs/Definer.java,374.0,14.0,130.0,21.0,61.0,61.0,2,0.004357298474945534,1039.8943396226416,41985.81347960895,2,true
src/main/org/apache/tools/ant/taskdefs/Delete.java,506.0,23.0,0.0,39.0,29.0,69.0,2,0.004357298474945534,841.2481857764877,30839.44885153386,2,true
src/main/org/apache/tools/ant/taskdefs/Deltree.java,61.0,4.0,0.0,3.0,12.0,11.0,0,0.0,0.0,0.0,0,true
src/main/org/apache/tools/ant/taskdefs/DependSet.java,197.0,10.0,7.0,6.0,21.0,13.0,0,0.0,0.0,0.0,0,true
src/main/org/apache/tools/ant/taskdefs/Ear.java,78.0,7.0,13.0,7.0,10.0,15.0,1,0.002178649237472767,677.0943396226415,30263.17398661995,1,true
src/main/org/apache/tools/ant/taskdefs/Echo.java,103.0,7.0,3.0,6.0,10.0,13.0,2,0.004357298474945534,1039.8943396226416,41985.81347960895,2,true
src/main/org/apache/tools/ant/taskdefs/Exec.java,157.0,10.0,25.0,10.0,27.0,20.0,0,0.0,0.0,0.0,0,true
src/main/org/apache/tools/ant/taskdefs/ExecTask.java,434.0,8.0,263.0,34.0,68.0,81.0,2,0.004357298474945534,1214.2543396226415,40761.13059242468,2,true
src/main/org/apache/tools/ant/taskdefs/Execute.java,896.0,17.0,265.0,26.0,81.0,94.0,3,0.006535947712418301,1378.4081857764877,41337.40545733859,3,true
src/main/org/apache/tools/ant/taskdefs/ExecuteJava.java,172.0,13.0,25.0,10.0,34.0,20.0,2,0.004357298474945534,841.2481857764877,30839.44885153386,2,true
src/main/org/apache/tools/ant/taskdefs/ExecuteOn.java,427.0,16.0,169.0,22.0,65.0,62.0,2,0.004357298474945534,701.3138461538463,11074.231470718642,2,true
src/main/org/apache/tools/ant/taskdefs/ExecuteWatchdog.java,143.0,3.0,4.0,9.0,7.0,23.0,1,0.002178649237472767,677.0943396226415,30263.17398661995,1,true
src/main/org/apache/tools/ant/taskdefs/Exit.java,108.0,2.0,9.0,7.0,13.0,19.0,3,0.006535947712418301,998.3592968875988,31654.191176516375,3,true
src/main/org/apache/tools/ant/taskdefs/Expand.java,214.0,18.0,24.0,9.0,48.0,30.0,1,0.002178649237472767,362.8,11722.639492989001,1,true
src/main/org/apache/tools/ant/taskdefs/FixCRLF.java,763.0,20.0,40.0,16.0,65.0,67.0,3,0.006535947712418301,1577.0543396226417,52483.77008541368,3,true
src/main/org/apache/tools/ant/taskdefs/GUnzip.java,62.0,5.0,1.0,2.0,8.0,7.0,0,0.0,0.0,0.0,0,true
src/main/org/apache/tools/ant/taskdefs/GZip.java,34.0,4.0,0.0,1.0,4.0,5.0,0,0.0,0.0,0.0,0,true
src/main/org/apache/tools/ant/taskdefs/GenerateKey.java,278.0,6.0,52.0,13.0,15.0,32.0,0,0.0,0.0,0.0,0,true
src/main/org/apache/tools/ant/taskdefs/Get.java,264.0,13.0,14.0,8.0,32.0,25.0,1,0.002178649237472767,362.8,11722.639492989001,1,true
src/main/org/apache/tools/ant/taskdefs/ImportTask.java,81.0,12.0,0.0,3.0,16.0,9.0,1,0.002178649237472767,362.8,11722.639492989001,1,true
src/main/org/apache/tools/ant/taskdefs/Input.java,85.0,6.0,9.0,7.0,13.0,15.0,3,0.006535947712418301,1064.1138461538462,22796.87096370764,3,true
src/main/org/apache/tools/ant/taskdefs/JDBCTask.java,344.0,18.0,216.0,24.0,29.0,59.0,0,0.0,0.0,0.0,0,true
src/main/org/apache/tools/ant/taskdefs/Jar.java,510.0,22.0,155.0,23.0,86.0,93.0,1,0.002178649237472767,362.8,11722.639492989001,1,true
src/main/org/apache/tools/ant/taskdefs/Java.java,614.0,15.0,529.0,47.0,122.0,122.0,5,0.010893246187363835,1835.4987840670858,53799.95499789895,5,true
src/main/org/apache/tools/ant/taskdefs/Javac.java,793.0,12.0,2593.0,75.0,68.0,194.0,1,0.002178649237472767,362.8,11722.639492989001,1,true
src/main/org/apache/tools/ant/taskdefs/Javadoc.java,1726.0,27.0,2820.0,84.0,231.0,193.0,2,0.004357298474945534,899.96,22220.59609879373,2,true
src/main/org/apache/tools/ant/taskdefs/Jikes.java,84.0,7.0,0.0,2.0,17.0,8.0,1,0.002178649237472767,362.8,11722.639492989001,1,true
src/main/org/apache/tools/ant/taskdefs/JikesOutputParser.java,114.0,7.0,48.0,12.0,13.0,26.0,1,0.002178649237472767,362.8,11722.639492989001,1,true
src/main/org/apache/tools/ant/taskdefs/KeySubst.java,146.0,10.0,13.0,7.0,26.0,25.0,1,0.002178649237472767,362.8,11722.639492989001,1,true
src/main/org/apache/tools/ant/taskdefs/LoadFile.java,141.0,12.0,5.0,6.0,15.0,11.0,0,0.0,0.0,0.0,0,true
src/main/org/apache/tools/ant/taskdefs/LoadProperties.java,122.0,14.0,0.0,4.0,23.0,11.0,2,0.004357298474945534,899.96,22220.59609879373,2,true
src/main/org/apache/tools/ant/taskdefs/LogOutputStream.java,119.0,5.0,12.0,9.0,11.0,20.0,1,0.002178649237472767,362.8,11722.639492989001,1,true
src/main/org/apache/tools/ant/taskdefs/LogStreamHandler.java,29.0,3.0,1.0,2.0,3.0,5.0,0,0.0,0.0,0.0,0,true
src/main/org/apache/tools/ant/taskdefs/MacroDef.java,390.0,13.0,61.0,15.0,24.0,40.0,2,0.004357298474945534,1039.8943396226416,41985.81347960895,2,true
src/main/org/apache/tools/ant/taskdefs/MacroInstance.java,231.0,15.0,4.0,8.0,69.0,31.0,1,0.002178649237472767,362.8,11722.639492989001,1,true
src/main/org/apache/tools/ant/taskdefs/Manifest.java,817.0,13.0,14.0,16.0,52.0,60.0,2,0.004357298474945534,464.1333333333333,12224.082080491762,2,true
src/main/org/apache/tools/ant/taskdefs/ManifestTask.java,159.0,11.0,5.0,7.0,12.0,21.0,1,0.002178649237472767,537.1600000000001,10497.95660580473,1,true
src/main/org/apache/tools/ant/taskdefs/MatchingTask.java,328.0,27.0,0.0,40.0,54.0,63.0,2,0.004357298474945534,526.9538461538461,12298.914357902913,2,true
src/main/org/apache/tools/ant/taskdefs/Mkdir.java,59.0,3.0,1.0,3.0,8.0,9.0,0,0.0,0.0,0.0,0,true
src/main/org/apache/tools/ant/taskdefs/Move.java,250.0,7.0,21.0,7.0,59.0,38.0,1,0.002178649237472767,362.8,11722.639492989001,1,true
src/main/org/apache/tools/ant/taskdefs/Pack.java,99.0,7.0,0.0,8.0,13.0,16.0,0,0.0,0.0,0.0,0,true
src/main/org/apache/tools/ant/taskdefs/Parallel.java,364.0,10.0,50.0,13.0,26.0,39.0,1,0.002178649237472767,362.8,11722.639492989001,1,true
src/main/org/apache/tools/ant/taskdefs/Patch.java,141.0,6.0,0.0,10.0,34.0,25.0,1,0.002178649237472767,362.8,11722.639492989001,1,true
src/main/org/apache/tools/ant/taskdefs/PathConvert.java,333.0,13.0,69.0,15.0,33.0,44.0,0,0.0,0.0,0.0,0,true
src/main/org/apache/tools/ant/taskdefs/PreSetDef.java,212.0,8.0,4.0,5.0,10.0,12.0,3,0.006535947712418301,1577.0543396226417,52483.77008541368,3,true
src/main/org/apache/tools/ant/taskdefs/ProcessDestroyer.java,149.0,4.0,5.0,7.0,23.0,21.0,1,0.002178649237472767,537.1600000000001,10497.95660580473,1,true
src/main/org/apache/tools/ant/taskdefs/Property.java,496.0,15.0,443.0,35.0,84.0,88.0,1,0.002178649237472767,362.8,11722.639492989001,1,true
src/main/org/apache/tools/ant/taskdefs/PumpStreamHandler.java,113.0,3.0,41.0,15.0,11.0,26.0,0,0.0,0.0,0.0,0,true
src/main/org/apache/tools/ant/taskdefs/RecorderEntry.java,139.0,6.0,80.0,16.0,32.0,33.0,1,0.002178649237472767,677.0943396226415,30263.17398661995,1,true
src/main/org/apache/tools/ant/taskdefs/Redirector.java,351.0,17.0,106.0,21.0,21.0,57.0,2,0.004357298474945534,899.96,22220.59609879373,2,true
src/main/org/apache/tools/ant/taskdefs/Rename.java,55.0,6.0,0.0,4.0,6.0,9.0,0,0.0,0.0,0.0,0,true
src/main/org/apache/tools/ant/taskdefs/Replace.java,458.0,21.0,75.0,18.0,63.0,49.0,2,0.004357298474945534,899.96,22220.59609879373,2,true
src/main/org/apache/tools/ant/taskdefs/Rmic.java,482.0,16.0,933.0,47.0,65.0,119.0,1,0.002178649237472767,362.8,11722.639492989001,1,true
src/main/org/apache/tools/ant/taskdefs/SQLExec.java,492.0,25.0,107.0,18.0,75.0,47.0,3,0.006535947712418301,1141.2276729559749,42487.25606711171,3,true
src/main/org/apache/tools/ant/taskdefs/SendEmail.java,21.0,1.0,0.0,1.0,2.0,1.0,0,0.0,0.0,0.0,0,true
src/main/org/apache/tools/ant/taskdefs/Sequential.java,36.0,5.0,0.0,2.0,5.0,5.0,0,0.0,0.0,0.0,0,true
src/main/org/apache/tools/ant/taskdefs/SignJar.java,293.0,12.0,121.0,18.0,40.0,41.0,0,0.0,0.0,0.0,0,true
src/main/org/apache/tools/ant/taskdefs/StreamPumper.java,79.0,3.0,2.0,5.0,6.0,12.0,1,0.002178649237472767,362.8,11722.639492989001,1,true
src/main/org/apache/tools/ant/taskdefs/SubAnt.java,357.0,13.0,205.0,22.0,71.0,49.0,1,0.002178649237472767,537.1600000000001,10497.95660580473,1,true
src/main/org/apache/tools/ant/taskdefs/Sync.java,206.0,8.0,6.0,13.0,39.0,32.0,2,0.004357298474945534,899.96,22220.59609879373,2,true
src/main/org/apache/tools/ant/taskdefs/Tar.java,508.0,21.0,15.0,11.0,65.0,32.0,1,0.002178649237472767,362.8,11722.639492989001,1,true
src/main/org/apache/tools/ant/taskdefs/TaskOutputStream.java,54.0,3.0,0.0,3.0,6.0,8.0,1,0.002178649237472767,362.8,11722.639492989001,1,true
src/main/org/apache/tools/ant/taskdefs/Taskdef.java,28.0,2.0,0.0,1.0,2.0,1.0,1,0.002178649237472767,362.8,11722.639492989001,1,true
src/main/org/apache/tools/ant/taskdefs/TempFile.java,80.0,4.0,2.0,5.0,7.0,8.0,0,0.0,0.0,0.0,0,true
src/main/org/apache/tools/ant/taskdefs/Touch.java,141.0,13.0,0.0,8.0,29.0,24.0,0,0.0,0.0,0.0,0,true
src/main/org/apache/tools/ant/taskdefs/Transform.java,7.0,0.0,0.0,0.0,0.0,0.0,0,0.0,0.0,0.0,0,true
src/main/org/apache/tools/ant/taskdefs/Tstamp.java,251.0,15.0,2.0,4.0,12.0,12.0,1,0.002178649237472767,362.8,11722.639492989001,1,true
src/main/org/apache/tools/ant/taskdefs/Typedef.java,23.0,0.0,0.0,0.0,0.0,0.0,0,0.0,0.0,0.0,0,true
src/main/org/apache/tools/ant/taskdefs/Untar.java,126.0,13.0,1.0,3.0,12.0,8.0,1,0.002178649237472767,362.8,11722.639492989001,1,true
src/main/org/apache/tools/ant/taskdefs/UpToDate.java,147.0,13.0,19.0,10.0,29.0,31.0,1,0.002178649237472767,362.8,11722.639492989001,1,true
src/main/org/apache/tools/ant/taskdefs/WaitFor.java,129.0,5.0,5.0,6.0,10.0,12.0,1,0.002178649237472767,362.8,11722.639492989001,1,true
src/main/org/apache/tools/ant/taskdefs/War.java,111.0,7.0,28.0,9.0,12.0,18.0,1,0.002178649237472767,362.8,11722.639492989001,1,true
src/main/org/apache/tools/ant/taskdefs/WhichResource.java,125.0,6.0,1.0,7.0,13.0,20.0,0,0.0,0.0,0.0,0,true
src/main/org/apache/tools/ant/taskdefs/XSLTLiaison.java,42.0,1.0,3.0,3.0,0.0,12.0,0,0.0,0.0,0.0,0,true
src/main/org/apache/tools/ant/taskdefs/XSLTLiaison2.java,12.0,0.0,0.0,1.0,0.0,1.0,3,0.006535947712418301,1001.2933333333334,22722.038686296488,3,true
src/main/org/apache/tools/ant/taskdefs/XSLTProcess.java,766.0,12.0,345.0,30.0,65.0,94.0,4,0.008714596949891068,628.2871794871795,12800.356945405674,4,true
src/main/org/apache/tools/ant/taskdefs/XmlProperty.java,465.0,15.0,263.0,27.0,73.0,66.0,0,0.0,0.0,0.0,0,true
src/main/org/apache/tools/ant/taskdefs/Zip.java,896.0,32.0,362.0,36.0,166.0,113.0,2,0.004357298474945534,899.96,22220.59609879373,2,true
src/main/org/apache/tools/ant/taskdefs/compilers/CompilerAdapter.java,23.0,2.0,1.0,2.0,0.0,4.0,1,0.002178649237472767,362.8,11722.639492989001,1,true
src/main/org/apache/tools/ant/taskdefs/compilers/CompilerAdapterFactory.java,125.0,4.0,4.0,4.0,10.0,18.0,1,0.002178649237472767,362.8,11722.639492989001,1,true
src/main/org/apache/tools/ant/taskdefs/compilers/DefaultCompilerAdapter.java,388.0,14.0,63.0,18.0,90.0,56.0,2,0.004357298474945534,899.96,22220.59609879373,2,true
src/main/org/apache/tools/ant/taskdefs/compilers/Gcj.java,61.0,4.0,1.0,2.0,19.0,9.0,0,0.0,0.0,0.0,0,true
src/main/org/apache/tools/ant/taskdefs/compilers/Javac12.java,49.0,8.0,0.0,1.0,10.0,7.0,0,0.0,0.0,0.0,0,true
src/main/org/apache/tools/ant/taskdefs/compilers/Javac13.java,40.0,4.0,0.0,1.0,9.0,7.0,0,0.0,0.0,0.0,0,true
src/main/org/apache/tools/ant/taskdefs/compilers/JavacExternal.java,19.0,3.0,0.0,1.0,10.0,4.0,0,0.0,0.0,0.0,0,true
src/main/org/apache/tools/ant/taskdefs/compilers/Jikes.java,109.0,4.0,0.0,1.0,20.0,7.0,1,0.002178649237472767,362.8,11722.639492989001,1,true
src/main/org/apache/tools/ant/taskdefs/compilers/Jvc.java,66.0,4.0,0.0,1.0,19.0,5.0,1,0.002178649237472767,101.33333333333334,501.4425875027607,1,true
src/main/org/apache/tools/ant/taskdefs/compilers/Kjc.java,80.0,5.0,1.0,2.0,16.0,11.0,1,0.002178649237472767,362.8,11722.639492989001,1,true
src/main/org/apache/tools/ant/taskdefs/compilers/Sj.java,19.0,3.0,0.0,1.0,8.0,4.0,0,0.0,0.0,0.0,0,true
src/main/org/apache/tools/ant/taskdefs/condition/And.java,24.0,2.0,0.0,1.0,4.0,5.0,1,0.002178649237472767,362.8,11722.639492989001,1,true
src/main/org/apache/tools/ant/taskdefs/condition/Condition.java,13.0,1.0,0.0,1.0,0.0,4.0,0,0.0,0.0,0.0,0,true
src/main/org/apache/tools/ant/taskdefs/condition/ConditionBase.java,163.0,6.0,0.0,19.0,19.0,22.0,1,0.002178649237472767,362.8,11722.639492989001,1,false
src/main/org/apache/tools/ant/taskdefs/condition/Contains.java,45.0,1.0,2.0,4.0,2.0,11.0,0,0.0,0.0,0.0,0,true
src/main/org/apache/tools/ant/taskdefs/condition/Equals.java,56.0,1.0,4.0,5.0,3.0,13.0,1,0.002178649237472767,362.8,11722.639492989001,1,true
src/main/org/apache/tools/ant/taskdefs/condition/FilesMatch.java,49.0,4.0,1.0,3.0,2.0,7.0,1,0.002178649237472767,677.0943396226415,30263.17398661995,1,true
src/main/org/apache/tools/ant/taskdefs/condition/Http.java,60.0,7.0,0.0,3.0,3.0,10.0,0,0.0,0.0,0.0,0,true
src/main/org/apache/tools/ant/taskdefs/condition/IsFalse.java,28.0,2.0,0.0,2.0,1.0,6.0,0,0.0,0.0,0.0,0,true
src/main/org/apache/tools/ant/taskdefs/condition/IsReference.java,52.0,3.0,0.0,3.0,8.0,8.0,0,0.0,0.0,0.0,0,true
src/main/org/apache/tools/ant/taskdefs/condition/IsSet.java,26.0,2.0,0.0,2.0,2.0,6.0,0,0.0,0.0,0.0,0,true
src/main/org/apache/tools/ant/taskdefs/condition/IsTrue.java,28.0,2.0,0.0,2.0,1.0,6.0,0,0.0,0.0,0.0,0,true
src/main/org/apache/tools/ant/taskdefs/condition/Not.java,24.0,1.0,0.0,1.0,4.0,4.0,0,0.0,0.0,0.0,0,true
src/main/org/apache/tools/ant/taskdefs/condition/Or.java,24.0,2.0,0.0,1.0,4.0,5.0,1,0.002178649237472767,362.8,11722.639492989001,1,true
src/main/org/apache/tools/ant/taskdefs/condition/Os.java,186.0,2.0,16.0,12.0,14.0,32.0,0,0.0,0.0,0.0,0,true
src/main/org/apache/tools/ant/taskdefs/condition/Socket.java,55.0,4.0,0.0,3.0,2.0,8.0,1,0.002178649237472767,677.0943396226415,30263.17398661995,1,true
src/main/org/apache/tools/ant/taskdefs/cvslib/CVSEntry.java,41.0,2.0,20.0,9.0,6.0,14.0,0,0.0,0.0,0.0,0,true
src/main/org/apache/tools/ant/taskdefs/cvslib/ChangeLogParser.java,177.0,6.0,0.0,10.0,32.0,34.0,3,0.006535947712418301,1577.0543396226417,52483.77008541368,3,true
src/main/org/apache/tools/ant/taskdefs/cvslib/ChangeLogTask.java,282.0,19.0,61.0,14.0,55.0,38.0,1,0.002178649237472767,677.0943396226415,30263.17398661995,1,true
src/main/org/apache/tools/ant/taskdefs/cvslib/ChangeLogWriter.java,61.0,4.0,1.0,2.0,16.0,7.0,1,0.002178649237472767,677.0943396226415,30263.17398661995,1,true
src/main/org/apache/tools/ant/taskdefs/cvslib/CvsTagDiff.java,318.0,13.0,7.0,11.0,30.0,32.0,1,0.002178649237472767,537.1600000000001,10497.95660580473,1,true
src/main/org/apache/tools/ant/taskdefs/cvslib/CvsUser.java,59.0,1.0,0.0,5.0,0.0,10.0,1,0.002178649237472767,677.0943396226415,30263.17398661995,1,true
src/main/org/apache/tools/ant/taskdefs/cvslib/RedirectingOutputStream.java,23.0,1.0,0.0,2.0,1.0,2.0,0,0.0,0.0,0.0,0,true
src/main/org/apache/tools/ant/taskdefs/cvslib/RedirectingStreamHandler.java,29.0,4.0,3.0,3.0,5.0,7.0,0,0.0,0.0,0.0,0,true
src/main/org/apache/tools/ant/taskdefs/email/EmailAddress.java,143.0,0.0,6.0,8.0,7.0,22.0,1,0.002178649237472767,677.0943396226415,30263.17398661995,1,true
src/main/org/apache/tools/ant/taskdefs/email/EmailTask.java,463.0,10.0,330.0,29.0,63.0,57.0,1,0.002178649237472767,677.0943396226415,30263.17398661995,1,true
src/main/org/apache/tools/ant/taskdefs/email/Mailer.java,145.0,4.0,136.0,17.0,1.0,25.0,0,0.0,0.0,0.0,0,true
src/main/org/apache/tools/ant/taskdefs/email/Message.java,109.0,8.0,37.0,11.0,9.0,22.0,0,0.0,0.0,0.0,0,true
src/main/org/apache/tools/ant/taskdefs/email/MimeMailer.java,180.0,28.0,3.0,3.0,42.0,17.0,1,0.002178649237472767,677.0943396226415,30263.17398661995,1,true
src/main/org/apache/tools/ant/taskdefs/email/PlainMailer.java,89.0,8.0,1.0,2.0,27.0,11.0,1,0.002178649237472767,677.0943396226415,30263.17398661995,1,true
src/main/org/apache/tools/ant/taskdefs/optional/ANTLR.java,341.0,20.0,194.0,24.0,65.0,61.0,1,0.002178649237472767,537.1600000000001,10497.95660580473,1,true
src/main/org/apache/tools/ant/taskdefs/optional/Cab.java,210.0,18.0,38.0,13.0,69.0,37.0,1,0.002178649237472767,537.1600000000001,10497.95660580473,1,true
src/main/org/apache/tools/ant/taskdefs/optional/EchoProperties.java,335.0,24.0,45.0,11.0,52.0,39.0,2,0.004357298474945534,1039.8943396226416,41985.81347960895,2,true
src/main/org/apache/tools/ant/taskdefs/optional/IContract.java,701.0,19.0,155.0,22.0,59.0,58.0,1,0.002178649237472767,677.0943396226415,30263.17398661995,1,true
src/main/org/apache/tools/ant/taskdefs/optional/Javah.java,308.0,13.0,109.0,18.0,47.0,50.0,2,0.004357298474945534,1039.8943396226416,41985.81347960895,2,true
src/main/org/apache/tools/ant/taskdefs/optional/Native2Ascii.java,159.0,10.0,10.0,8.0,22.0,24.0,1,0.002178649237472767,677.0943396226415,30263.17398661995,1,true
src/main/org/apache/tools/ant/taskdefs/optional/NetRexxC.java,704.0,20.0,806.0,45.0,73.0,106.0,3,0.006535947712418301,1577.0543396226417,52483.77008541368,3,true
src/main/org/apache/tools/ant/taskdefs/optional/PropertyFile.java,482.0,19.0,16.0,9.0,21.0,24.0,1,0.002178649237472767,677.0943396226415,30263.17398661995,1,true
src/main/org/apache/tools/ant/taskdefs/optional/RenameExtensions.java,82.0,6.0,5.0,6.0,19.0,9.0,0,0.0,0.0,0.0,0,true
src/main/org/apache/tools/ant/taskdefs/optional/ReplaceRegExp.java,371.0,20.0,24.0,13.0,41.0,43.0,3,0.006535947712418301,1371.3654507337528,41575.87291740719,3,true
src/main/org/apache/tools/ant/taskdefs/optional/Rpm.java,225.0,19.0,37.0,11.0,29.0,23.0,2,0.004357298474945534,1039.8943396226416,41985.81347960895,2,true
src/main/org/apache/tools/ant/taskdefs/optional/Script.java,46.0,4.0,0.0,4.0,11.0,7.0,1,0.002178649237472767,677.0943396226415,30263.17398661995,1,true
src/main/org/apache/tools/ant/taskdefs/optional/StyleBook.java,72.0,3.0,7.0,6.0,6.0,8.0,0,0.0,0.0,0.0,0,true
src/main/org/apache/tools/ant/taskdefs/optional/Test.java,68.0,3.0,19.0,7.0,15.0,11.0,0,0.0,0.0,0.0,0,true
src/main/org/apache/tools/ant/taskdefs/optional/TraXLiaison.java,329.0,33.0,162.0,20.0,69.0,63.0,3,0.006535947712418301,1315.5876729559748,41262.573179927436,3,true
src/main/org/apache/tools/ant/taskdefs/optional/XMLValidateTask.java,393.0,28.0,113.0,18.0,51.0,54.0,1,0.002178649237472767,677.0943396226415,30263.17398661995,1,true
src/main/org/apache/tools/ant/taskdefs/optional/XalanLiaison.java,58.0,9.0,0.0,4.0,6.0,10.0,0,0.0,0.0,0.0,0,true
src/main/org/apache/tools/ant/taskdefs/optional/XslpLiaison.java,26.0,7.0,0.0,4.0,6.0,7.0,0,0.0,0.0,0.0,0,true
src/main/org/apache/tools/ant/taskdefs/optional/ccm/CCMCheck.java,135.0,8.0,37.0,11.0,29.0,24.0,2,0.004357298474945534,1214.2543396226415,40761.13059242468,2,true
src/main/org/apache/tools/ant/taskdefs/optional/ccm/CCMCheckin.java,14.0,1.0,0.0,1.0,2.0,1.0,0,0.0,0.0,0.0,0,true
src/main/org/apache/tools/ant/taskdefs/optional/ccm/CCMCheckout.java,13.0,0.0,0.0,1.0,1.0,1.0,0,0.0,0.0,0.0,0,true
src/main/org/apache/tools/ant/taskdefs/optional/ccm/CCMCreateTask.java,234.0,10.0,178.0,20.0,35.0,45.0,1,0.002178649237472767,677.0943396226415,30263.17398661995,1,true
src/main/org/apache/tools/ant/taskdefs/optional/ccm/CCMReconfigure.java,101.0,3.0,30.0,9.0,16.0,15.0,1,0.002178649237472767,677.0943396226415,30263.17398661995,1,true
src/main/org/apache/tools/ant/taskdefs/optional/ccm/Continuus.java,87.0,7.0,11.0,6.0,12.0,14.0,1,0.002178649237472767,677.0943396226415,30263.17398661995,1,true
src/main/org/apache/tools/ant/taskdefs/optional/clearcase/CCCheckin.java,242.0,4.0,108.0,16.0,31.0,31.0,0,0.0,0.0,0.0,0,true
src/main/org/apache/tools/ant/taskdefs/optional/clearcase/CCCheckout.java,337.0,4.0,215.0,22.0,41.0,45.0,1,0.002178649237472767,677.0943396226415,30263.17398661995,1,true
src/main/org/apache/tools/ant/taskdefs/optional/clearcase/CCLock.java,256.0,4.0,141.0,18.0,35.0,42.0,1,0.002178649237472767,677.0943396226415,30263.17398661995,1,true
src/main/org/apache/tools/ant/taskdefs/optional/clearcase/CCMkbl.java,264.0,4.0,139.0,18.0,29.0,33.0,0,0.0,0.0,0.0,0,true
src/main/org/apache/tools/ant/taskdefs/optional/clearcase/CCMklabel.java,294.0,4.0,176.0,20.0,40.0,39.0,0,0.0,0.0,0.0,0,true
src/main/org/apache/tools/ant/taskdefs/optional/clearcase/CCMklbtype.java,331.0,4.0,235.0,23.0,30.0,42.0,0,0.0,0.0,0.0,0,true
src/main/org/apache/tools/ant/taskdefs/optional/clearcase/CCRmtype.java,278.0,4.0,157.0,19.0,29.0,36.0,0,0.0,0.0,0.0,0,true
src/main/org/apache/tools/ant/taskdefs/optional/clearcase/CCUnCheckout.java,82.0,4.0,4.0,4.0,18.0,9.0,1,0.002178649237472767,677.0943396226415,30263.17398661995,1,true
src/main/org/apache/tools/ant/taskdefs/optional/clearcase/CCUnlock.java,160.0,4.0,49.0,11.0,29.0,26.0,1,0.002178649237472767,677.0943396226415,30263.17398661995,1,true
src/main/org/apache/tools/ant/taskdefs/optional/clearcase/CCUpdate.java,240.0,4.0,93.0,15.0,27.0,30.0,1,0.002178649237472767,677.0943396226415,30263.17398661995,1,true
src/main/org/apache/tools/ant/taskdefs/optional/clearcase/ClearCase.java,123.0,6.0,15.0,7.0,12.0,16.0,1,0.002178649237472767,677.0943396226415,30263.17398661995,1,true
src/main/org/apache/tools/ant/taskdefs/optional/depend/AntAnalyzer.java,104.0,10.0,3.0,3.0,21.0,12.0,1,0.002178649237472767,677.0943396226415,30263.17398661995,1,true
src/main/org/apache/tools/ant/taskdefs/optional/depend/ClassFile.java,69.0,7.0,0.0,3.0,14.0,12.0,0,0.0,0.0,0.0,0,true
src/main/org/apache/tools/ant/taskdefs/optional/depend/ClassFileUtils.java,26.0,0.0,1.0,2.0,2.0,4.0,0,0.0,0.0,0.0,0,true
src/main/org/apache/tools/ant/taskdefs/optional/depend/Depend.java,636.0,18.0,157.0,22.0,130.0,89.0,1,0.002178649237472767,677.0943396226415,30263.17398661995,1,true
src/main/org/apache/tools/ant/taskdefs/optional/depend/DirectoryIterator.java,116.0,6.0,1.0,3.0,18.0,18.0,1,0.002178649237472767,677.0943396226415,30263.17398661995,1,true
src/main/org/apache/tools/ant/taskdefs/optional/depend/constantpool/ConstantPool.java,245.0,5.0,0.0,14.0,54.0,53.0,1,0.002178649237472767,677.0943396226415,30263.17398661995,1,true
src/main/org/apache/tools/ant/taskdefs/optional/depend/constantpool/ConstantPoolEntry.java,174.0,2.0,11.0,7.0,2.0,20.0,1,0.002178649237472767,677.0943396226415,30263.17398661995,1,true
src/main/org/apache/tools/ant/taskdefs/optional/depend/constantpool/DoubleCPInfo.java,30.0,2.0,3.0,3.0,3.0,6.0,0,0.0,0.0,0.0,0,true
src/main/org/apache/tools/ant/taskdefs/optional/depend/constantpool/FieldRefCPInfo.java,94.0,2.0,3.0,7.0,7.0,16.0,1,0.002178649237472767,677.0943396226415,30263.17398661995,1,true
src/main/org/apache/tools/ant/taskdefs/optional/depend/constantpool/StringCPInfo.java,45.0,2.0,0.0,4.0,6.0,8.0,0,0.0,0.0,0.0,0,true
src/main/org/apache/tools/ant/taskdefs/optional/dotnet/CSharp.java,289.0,1.0,199.0,23.0,15.0,49.0,2,0.004357298474945534,834.2054507337526,31077.916311602465,2,true
src/main/org/apache/tools/ant/taskdefs/optional/dotnet/DotnetBaseMatchingTask.java,120.0,8.0,30.0,9.0,25.0,23.0,1,0.002178649237472767,157.1111111111111,814.7423249825138,1,true
src/main/org/apache/tools/ant/taskdefs/optional/dotnet/DotnetCompile.java,763.0,9.0,1924.0,65.0,90.0,178.0,3,0.006535947712418301,1371.3654507337528,41575.87291740719,3,true
src/main/org/apache/tools/ant/taskdefs/optional/dotnet/DotnetDefine.java,67.0,3.0,5.0,6.0,4.0,18.0,0,0.0,0.0,0.0,0,false
src/main/org/apache/tools/ant/taskdefs/optional/dotnet/DotnetResource.java,103.0,2.0,37.0,10.0,13.0,21.0,0,0.0,0.0,0.0,0,true
src/main/org/apache/tools/ant/taskdefs/optional/dotnet/Ilasm.java,356.0,6.0,365.0,30.0,30.0,77.0,1,0.002178649237472767,157.1111111111111,814.7423249825138,1,true
src/main/org/apache/tools/ant/taskdefs/optional/dotnet/Ildasm.java,347.0,5.0,134.0,20.0,20.0,34.0,2,0.004357298474945534,834.2054507337526,31077.916311602465,2,false
src/main/org/apache/tools/ant/taskdefs/optional/dotnet/ImportTypelib.java,122.0,4.0,8.0,8.0,9.0,14.0,2,0.004357298474945534,834.2054507337526,31077.916311602465,2,true
src/main/org/apache/tools/ant/taskdefs/optional/dotnet/JSharp.java,93.0,1.0,32.0,9.0,4.0,16.0,1,0.002178649237472767,157.1111111111111,814.7423249825138,1,true
src/main/org/apache/tools/ant/taskdefs/optional/dotnet/NetCommand.java,197.0,11.0,16.0,12.0,31.0,34.0,2,0.004357298474945534,834.2054507337526,31077.916311602465,2,true
src/main/org/apache/tools/ant/taskdefs/optional/dotnet/VisualBasicCompile.java,263.0,1.0,253.0,26.0,17.0,79.0,2,0.004357298474945534,834.2054507337526,31077.916311602465,2,true
src/main/org/apache/tools/ant/taskdefs/optional/dotnet/WsdlToDotnet.java,162.0,3.0,21.0,10.0,9.0,18.0,1,0.002178649237472767,157.1111111111111,814.7423249825138,1,true
src/main/org/apache/tools/ant/taskdefs/optional/ejb/BorlandDeploymentTool.java,412.0,17.0,260.0,25.0,116.0,75.0,1,0.002178649237472767,677.0943396226415,30263.17398661995,1,true
src/main/org/apache/tools/ant/taskdefs/optional/ejb/BorlandGenerateClient.java,220.0,8.0,22.0,13.0,49.0,40.0,1,0.002178649237472767,677.0943396226415,30263.17398661995,1,true
src/main/org/apache/tools/ant/taskdefs/optional/ejb/DDCreator.java,83.0,7.0,0.0,4.0,17.0,8.0,1,0.002178649237472767,677.0943396226415,30263.17398661995,1,true
src/main/org/apache/tools/ant/taskdefs/optional/ejb/DDCreatorHelper.java,90.0,4.0,4.0,4.0,12.0,15.0,1,0.002178649237472767,677.0943396226415,30263.17398661995,1,true
src/main/org/apache/tools/ant/taskdefs/optional/ejb/DescriptorHandler.java,261.0,12.0,19.0,11.0,20.0,37.0,1,0.002178649237472767,677.0943396226415,30263.17398661995,1,false
src/main/org/apache/tools/ant/taskdefs/optional/ejb/EJBDeploymentTool.java,21.0,3.0,6.0,4.0,0.0,8.0,0,0.0,0.0,0.0,0,false
src/main/org/apache/tools/ant/taskdefs/optional/ejb/EjbJar.java,477.0,15.0,153.0,27.0,47.0,73.0,0,0.0,0.0,0.0,0,true
src/main/org/apache/tools/ant/taskdefs/optional/ejb/Ejbc.java,124.0,7.0,12.0,8.0,20.0,16.0,0,0.0,0.0,0.0,0,true
src/main/org/apache/tools/ant/taskdefs/optional/ejb/EjbcHelper.java,171.0,9.0,7.0,6.0,28.0,25.0,0,0.0,0.0,0.0,0,true
src/main/org/apache/tools/ant/taskdefs/optional/ejb/GenericDeploymentTool.java,680.0,24.0,304.0,33.0,144.0,112.0,0,0.0,0.0,0.0,0,true
src/main/org/apache/tools/ant/taskdefs/optional/ejb/IPlanetEjbc.java,1082.0,21.0,76.0,16.0,63.0,57.0,0,0.0,0.0,0.0,0,true
src/main/org/apache/tools/ant/taskdefs/optional/ejb/InnerClassFilenameFilter.java,16.0,2.0,0.0,2.0,5.0,5.0,0,0.0,0.0,0.0,0,false
src/main/org/apache/tools/ant/taskdefs/optional/ejb/JbossDeploymentTool.java,69.0,4.0,8.0,5.0,11.0,13.0,0,0.0,0.0,0.0,0,true
src/main/org/apache/tools/ant/taskdefs/optional/ejb/JonasDeploymentTool.java,562.0,10.0,295.0,27.0,83.0,72.0,0,0.0,0.0,0.0,0,true
src/main/org/apache/tools/ant/taskdefs/optional/ejb/WLRun.java,308.0,5.0,122.0,20.0,41.0,40.0,0,0.0,0.0,0.0,0,true
src/main/org/apache/tools/ant/taskdefs/optional/ejb/WLStop.java,118.0,5.0,12.0,8.0,11.0,17.0,0,0.0,0.0,0.0,0,true
src/main/org/apache/tools/ant/taskdefs/optional/ejb/WeblogicDeploymentTool.java,645.0,22.0,413.0,31.0,116.0,82.0,0,0.0,0.0,0.0,0,true
src/main/org/apache/tools/ant/taskdefs/optional/ejb/WeblogicTOPLinkDeploymentTool.java,57.0,4.0,2.0,5.0,6.0,14.0,0,0.0,0.0,0.0,0,false
src/main/org/apache/tools/ant/taskdefs/optional/ejb/WebsphereDeploymentTool.java,654.0,17.0,436.0,32.0,101.0,78.0,1,0.002178649237472767,677.0943396226415,30263.17398661995,1,true
src/main/org/apache/tools/ant/taskdefs/optional/extension/Compatability.java,34.0,0.0,0.0,2.0,0.0,4.0,0,0.0,0.0,0.0,0,true
src/main/org/apache/tools/ant/taskdefs/optional/extension/Compatibility.java,34.0,0.0,0.0,2.0,0.0,4.0,0,0.0,0.0,0.0,0,true
src/main/org/apache/tools/ant/taskdefs/optional/extension/DeweyDecimal.java,153.0,1.0,0.0,10.0,12.0,33.0,0,0.0,0.0,0.0,0,true
src/main/org/apache/tools/ant/taskdefs/optional/extension/ExtensionAdapter.java,158.0,3.0,25.0,11.0,16.0,27.0,0,0.0,0.0,0.0,0,true
src/main/org/apache/tools/ant/taskdefs/optional/extension/ExtensionResolver.java,19.0,3.0,0.0,1.0,0.0,4.0,0,0.0,0.0,0.0,0,true
src/main/org/apache/tools/ant/taskdefs/optional/extension/ExtensionSet.java,79.0,7.0,0.0,6.0,16.0,13.0,0,0.0,0.0,0.0,0,true
src/main/org/apache/tools/ant/taskdefs/optional/extension/ExtensionUtil.java,125.0,10.0,21.0,7.0,33.0,30.0,1,0.002178649237472767,537.1600000000001,10497.95660580473,1,true
src/main/org/apache/tools/ant/taskdefs/optional/extension/ExtraAttribute.java,54.0,1.0,0.0,5.0,0.0,10.0,0,0.0,0.0,0.0,0,true
src/main/org/apache/tools/ant/taskdefs/optional/extension/JarLibAvailableTask.java,109.0,6.0,0.0,6.0,16.0,18.0,0,0.0,0.0,0.0,0,true
src/main/org/apache/tools/ant/taskdefs/optional/extension/JarLibDisplayTask.java,79.0,7.0,0.0,4.0,14.0,13.0,0,0.0,0.0,0.0,0,true
src/main/org/apache/tools/ant/taskdefs/optional/extension/JarLibManifestTask.java,221.0,10.0,42.0,12.0,42.0,37.0,0,0.0,0.0,0.0,0,true
src/main/org/apache/tools/ant/taskdefs/optional/extension/JarLibResolveTask.java,206.0,9.0,22.0,12.0,27.0,37.0,0,0.0,0.0,0.0,0,true
src/main/org/apache/tools/ant/taskdefs/optional/extension/LibFileSet.java,83.0,1.0,9.0,6.0,0.0,12.0,0,0.0,0.0,0.0,0,true
src/main/org/apache/tools/ant/taskdefs/optional/extension/LibraryDisplayer.java,108.0,4.0,10.0,5.0,19.0,22.0,0,0.0,0.0,0.0,0,true
src/main/org/apache/tools/ant/taskdefs/optional/extension/Specification.java,433.0,7.0,99.0,19.0,58.0,68.0,0,0.0,0.0,0.0,0,true
src/main/org/apache/tools/ant/taskdefs/optional/extension/resolvers/AntResolver.java,51.0,7.0,0.0,6.0,11.0,13.0,1,0.002178649237472767,677.0943396226415,30263.17398661995,1,true
src/main/org/apache/tools/ant/taskdefs/optional/extension/resolvers/LocationResolver.java,22.0,5.0,0.0,3.0,1.0,8.0,0,0.0,0.0,0.0,0,true
src/main/org/apache/tools/ant/taskdefs/optional/extension/resolvers/URLResolver.java,66.0,7.0,0.0,7.0,10.0,17.0,0,0.0,0.0,0.0,0,true
src/main/org/apache/tools/ant/taskdefs/optional/i18n/Translate.java,475.0,18.0,78.0,17.0,64.0,50.0,2,0.004357298474945534,677.0943396226415,30263.17398661995,2,true
src/main/org/apache/tools/ant/taskdefs/optional/ide/VAJAntTool.java,75.0,3.0,1.0,3.0,15.0,16.0,0,0.0,0.0,0.0,0,true
src/main/org/apache/tools/ant/taskdefs/optional/ide/VAJAntToolGUI.java,1292.0,37.0,1368.0,53.0,294.0,191.0,0,0.0,0.0,0.0,0,true
src/main/org/apache/tools/ant/taskdefs/optional/ide/VAJBuildInfo.java,385.0,12.0,260.0,25.0,60.0,57.0,0,0.0,0.0,0.0,0,true
src/main/org/apache/tools/ant/taskdefs/optional/ide/VAJExportServlet.java,97.0,1.0,0.0,1.0,5.0,1.0,0,0.0,0.0,0.0,0,true
src/main/org/apache/tools/ant/taskdefs/optional/ide/VAJImport.java,171.0,7.0,12.0,8.0,18.0,16.0,1,0.002178649237472767,677.0943396226415,30263.17398661995,1,true
src/main/org/apache/tools/ant/taskdefs/optional/ide/VAJImportServlet.java,30.0,1.0,0.0,1.0,5.0,1.0,0,0.0,0.0,0.0,0,true
src/main/org/apache/tools/ant/taskdefs/optional/ide/VAJLoad.java,68.0,2.0,0.0,2.0,5.0,7.0,0,0.0,0.0,0.0,0,true
src/main/org/apache/tools/ant/taskdefs/optional/ide/VAJLoadProjects.java,8.0,0.0,0.0,0.0,0.0,0.0,0,0.0,0.0,0.0,0,true
src/main/org/apache/tools/ant/taskdefs/optional/ide/VAJLoadServlet.java,41.0,1.0,0.0,1.0,5.0,3.0,0,0.0,0.0,0.0,0,true
src/main/org/apache/tools/ant/taskdefs/optional/ide/VAJLocalUtil.java,322.0,16.0,66.0,12.0,110.0,68.0,0,0.0,0.0,0.0,0,true
src/main/org/apache/tools/ant/taskdefs/optional/ide/VAJProjectDescription.java,50.0,1.0,14.0,8.0,2.0,16.0,0,0.0,0.0,0.0,0,true
src/main/org/apache/tools/ant/taskdefs/optional/ide/VAJRemoteUtil.java,127.0,12.0,7.0,7.0,20.0,24.0,0,0.0,0.0,0.0,0,true
src/main/org/apache/tools/ant/taskdefs/optional/ide/VAJUtil.java,28.0,2.0,6.0,4.0,0.0,6.0,0,0.0,0.0,0.0,0,true
src/main/org/apache/tools/ant/taskdefs/optional/ide/VAJWorkspaceScanner.java,122.0,8.0,8.0,5.0,23.0,22.0,0,0.0,0.0,0.0,0,true
src/main/org/apache/tools/ant/taskdefs/optional/image/Image.java,221.0,18.0,39.0,14.0,39.0,30.0,0,0.0,0.0,0.0,0,true
src/main/org/apache/tools/ant/taskdefs/optional/j2ee/AbstractHotDeploymentTool.java,151.0,2.0,63.0,14.0,4.0,29.0,1,0.002178649237472767,677.0943396226415,30263.17398661995,1,true
src/main/org/apache/tools/ant/taskdefs/optional/j2ee/GenericHotDeploymentTool.java,102.0,3.0,4.0,9.0,13.0,22.0,1,0.002178649237472767,677.0943396226415,30263.17398661995,1,true
src/main/org/apache/tools/ant/taskdefs/optional/j2ee/JonasHotDeploymentTool.java,169.0,4.0,7.0,7.0,21.0,21.0,0,0.0,0.0,0.0,0,true
src/main/org/apache/tools/ant/taskdefs/optional/j2ee/ServerDeploy.java,100.0,5.0,12.0,8.0,11.0,16.0,2,0.004357298474945534,899.96,22220.59609879373,2,true
src/main/org/apache/tools/ant/taskdefs/optional/j2ee/WebLogicHotDeploymentTool.java,160.0,2.0,39.0,11.0,42.0,36.0,0,0.0,0.0,0.0,0,true
src/main/org/apache/tools/ant/taskdefs/optional/javacc/JJDoc.java,125.0,13.0,8.0,8.0,38.0,17.0,2,0.004357298474945534,1214.2543396226415,40761.13059242468,2,true
src/main/org/apache/tools/ant/taskdefs/optional/javacc/JJTree.java,259.0,13.0,69.0,22.0,69.0,45.0,2,0.004357298474945534,1214.2543396226415,40761.13059242468,2,true
src/main/org/apache/tools/ant/taskdefs/optional/javacc/JavaCC.java,358.0,13.0,0.0,31.0,61.0,60.0,0,0.0,0.0,0.0,0,true
src/main/org/apache/tools/ant/taskdefs/optional/jdepend/JDependTask.java,368.0,19.0,289.0,26.0,66.0,78.0,0,0.0,0.0,0.0,0,true
src/main/org/apache/tools/ant/taskdefs/optional/jlink/ClassNameReader.java,52.0,4.0,0.0,1.0,7.0,5.0,0,0.0,0.0,0.0,0,true
src/main/org/apache/tools/ant/taskdefs/optional/jlink/JlinkTask.java,131.0,5.0,17.0,10.0,21.0,27.0,0,0.0,0.0,0.0,0,true
src/main/org/apache/tools/ant/taskdefs/optional/jlink/jlink.java,276.0,14.0,94.0,16.0,87.0,67.0,0,0.0,0.0,0.0,0,true
src/main/org/apache/tools/ant/taskdefs/optional/jsp/Jasper41Mangler.java,64.0,1.0,3.0,3.0,12.0,11.0,1,0.002178649237472767,157.1111111111111,814.7423249825138,1,true
src/main/org/apache/tools/ant/taskdefs/optional/jsp/JspC.java,481.0,12.0,734.0,41.0,58.0,102.0,1,0.002178649237472767,362.8,11722.639492989001,1,true
src/main/org/apache/tools/ant/taskdefs/optional/jsp/JspNameMangler.java,100.0,1.0,10.0,5.0,17.0,18.0,0,0.0,0.0,0.0,0,true
src/main/org/apache/tools/ant/taskdefs/optional/jsp/WLJspc.java,205.0,10.0,10.0,8.0,42.0,25.0,0,0.0,0.0,0.0,0,true
src/main/org/apache/tools/ant/taskdefs/optional/jsp/compilers/DefaultJspCompilerAdapter.java,92.0,6.0,26.0,8.0,20.0,18.0,2,0.004357298474945534,899.96,22220.59609879373,2,true
src/main/org/apache/tools/ant/taskdefs/optional/jsp/compilers/JasperC.java,90.0,8.0,4.0,4.0,37.0,14.0,0,0.0,0.0,0.0,0,true
src/main/org/apache/tools/ant/taskdefs/optional/jsp/compilers/JspCompilerAdapter.java,32.0,3.0,6.0,4.0,0.0,9.0,0,0.0,0.0,0.0,0,true
src/main/org/apache/tools/ant/taskdefs/optional/junit/AggregateTransformer.java,157.0,14.0,35.0,11.0,22.0,32.0,0,0.0,0.0,0.0,0,true
src/main/org/apache/tools/ant/taskdefs/optional/junit/BaseTest.java,81.0,2.0,122.0,17.0,2.0,29.0,0,0.0,0.0,0.0,0,true
src/main/org/apache/tools/ant/taskdefs/optional/junit/BatchTest.java,141.0,6.0,24.0,8.0,35.0,24.0,0,0.0,0.0,0.0,0,true
src/main/org/apache/tools/ant/taskdefs/optional/junit/BriefJUnitResultFormatter.java,156.0,8.0,64.0,13.0,22.0,30.0,0,0.0,0.0,0.0,0,true
src/main/org/apache/tools/ant/taskdefs/optional/junit/DOMUtil.java,172.0,12.0,10.0,5.0,35.0,22.0,0,0.0,0.0,0.0,0,true
src/main/org/apache/tools/ant/taskdefs/optional/junit/Enumerations.java,28.0,2.0,3.0,3.0,0.0,5.0,0,0.0,0.0,0.0,0,true
src/main/org/apache/tools/ant/taskdefs/optional/junit/FormatterElement.java,191.0,6.0,67.0,14.0,10.0,43.0,0,0.0,0.0,0.0,0,true
src/main/org/apache/tools/ant/taskdefs/optional/junit/JUnitResultFormatter.java,27.0,3.0,10.0,5.0,0.0,8.0,0,0.0,0.0,0.0,0,true
src/main/org/apache/tools/ant/taskdefs/optional/junit/JUnitTask.java,893.0,29.0,965.0,50.0,200.0,168.0,5,0.010893246187363835,1835.4987840670858,53799.95499789895,5,true
src/main/org/apache/tools/ant/taskdefs/optional/junit/JUnitTest.java,127.0,5.0,147.0,19.0,12.0,37.0,2,0.004357298474945534,899.96,22220.59609879373,2,true
src/main/org/apache/tools/ant/taskdefs/optional/junit/JUnitTestRunner.java,441.0,24.0,257.0,27.0,77.0,77.0,3,0.006535947712418301,1577.0543396226417,52483.77008541368,3,true
src/main/org/apache/tools/ant/taskdefs/optional/junit/JUnitVersionHelper.java,56.0,3.0,0.0,1.0,4.0,7.0,0,0.0,0.0,0.0,0,true
src/main/org/apache/tools/ant/taskdefs/optional/junit/PlainJUnitResultFormatter.java,156.0,9.0,42.0,12.0,33.0,27.0,1,0.002178649237472767,537.1600000000001,10497.95660580473,1,true
src/main/org/apache/tools/ant/taskdefs/optional/junit/SummaryJUnitResultFormatter.java,110.0,6.0,56.0,12.0,14.0,18.0,0,0.0,0.0,0.0,0,true
src/main/org/apache/tools/ant/taskdefs/optional/junit/XMLConstants.java,90.0,0.0,0.0,0.0,0.0,0.0,1,0.002178649237472767,537.1600000000001,10497.95660580473,1,true
src/main/org/apache/tools/ant/taskdefs/optional/junit/XMLJUnitResultFormatter.java,182.0,17.0,57.0,14.0,55.0,36.0,1,0.002178649237472767,537.1600000000001,10497.95660580473,1,true
src/main/org/apache/tools/ant/taskdefs/optional/junit/XMLResultAggregator.java,229.0,21.0,47.0,11.0,51.0,39.0,1,0.002178649237472767,362.8,11722.639492989001,1,true
src/main/org/apache/tools/ant/taskdefs/optional/junit/XalanExecutor.java,82.0,11.0,4.0,5.0,11.0,21.0,0,0.0,0.0,0.0,0,true
src/main/org/apache/tools/ant/taskdefs/optional/metamata/AbstractMetamataTask.java,283.0,19.0,219.0,23.0,79.0,57.0,1,0.002178649237472767,537.1600000000001,10497.95660580473,1,true
src/main/org/apache/tools/ant/taskdefs/optional/metamata/MAudit.java,217.0,11.0,92.0,16.0,18.0,37.0,0,0.0,0.0,0.0,0,true
src/main/org/apache/tools/ant/taskdefs/optional/metamata/MAuditParser.java,57.0,5.0,0.0,2.0,8.0,5.0,0,0.0,0.0,0.0,0,true
src/main/org/apache/tools/ant/taskdefs/optional/metamata/MAuditStreamHandler.java,181.0,20.0,21.0,10.0,35.0,27.0,0,0.0,0.0,0.0,0,true
src/main/org/apache/tools/ant/taskdefs/optional/metamata/MMetrics.java,169.0,11.0,23.0,10.0,16.0,29.0,0,0.0,0.0,0.0,0,true
src/main/org/apache/tools/ant/taskdefs/optional/metamata/MMetricsStreamHandler.java,234.0,28.0,39.0,11.0,47.0,39.0,0,0.0,0.0,0.0,0,true
src/main/org/apache/tools/ant/taskdefs/optional/metamata/MParse.java,224.0,13.0,77.0,15.0,59.0,39.0,1,0.002178649237472767,537.1600000000001,10497.95660580473,1,true
src/main/org/apache/tools/ant/taskdefs/optional/net/FTP.java,1720.0,31.0,608.0,41.0,166.0,156.0,2,0.004357298474945534,1214.2543396226415,40761.13059242468,2,true
src/main/org/apache/tools/ant/taskdefs/optional/net/MimeMail.java,19.0,2.0,0.0,1.0,2.0,2.0,0,0.0,0.0,0.0,0,true
src/main/org/apache/tools/ant/taskdefs/optional/net/RExecTask.java,343.0,10.0,31.0,11.0,12.0,24.0,0,0.0,0.0,0.0,0,true
src/main/org/apache/tools/ant/taskdefs/optional/net/SetProxy.java,223.0,7.0,35.0,11.0,17.0,24.0,1,0.002178649237472767,677.0943396226415,30263.17398661995,1,true
src/main/org/apache/tools/ant/taskdefs/optional/perforce/FStatP4OutputHandler.java,32.0,4.0,0.0,4.0,5.0,9.0,0,0.0,0.0,0.0,0,true
src/main/org/apache/tools/ant/taskdefs/optional/perforce/P4Add.java,97.0,6.0,2.0,5.0,14.0,15.0,0,0.0,0.0,0.0,0,true
src/main/org/apache/tools/ant/taskdefs/optional/perforce/P4Base.java,249.0,6.0,69.0,14.0,21.0,36.0,0,0.0,0.0,0.0,0,true
src/main/org/apache/tools/ant/taskdefs/optional/perforce/P4Change.java,100.0,2.0,9.0,6.0,30.0,29.0,0,0.0,0.0,0.0,0,true
src/main/org/apache/tools/ant/taskdefs/optional/perforce/P4Counter.java,104.0,2.0,0.0,5.0,9.0,15.0,0,0.0,0.0,0.0,0,true
src/main/org/apache/tools/ant/taskdefs/optional/perforce/P4Delete.java,38.0,1.0,0.0,2.0,1.0,5.0,0,0.0,0.0,0.0,0,true
src/main/org/apache/tools/ant/taskdefs/optional/perforce/P4Edit.java,38.0,1.0,0.0,2.0,1.0,4.0,0,0.0,0.0,0.0,0,true
src/main/org/apache/tools/ant/taskdefs/optional/perforce/P4Fstat.java,142.0,7.0,14.0,8.0,23.0,23.0,0,0.0,0.0,0.0,0,true
src/main/org/apache/tools/ant/taskdefs/optional/perforce/P4Handler.java,19.0,2.0,1.0,2.0,0.0,5.0,0,0.0,0.0,0.0,0,true
src/main/org/apache/tools/ant/taskdefs/optional/perforce/P4HandlerAdapter.java,77.0,6.0,9.0,7.0,7.0,18.0,0,0.0,0.0,0.0,0,true
src/main/org/apache/tools/ant/taskdefs/optional/perforce/P4Have.java,16.0,1.0,0.0,1.0,1.0,4.0,0,0.0,0.0,0.0,0,true
src/main/org/apache/tools/ant/taskdefs/optional/perforce/P4Integrate.java,244.0,1.0,228.0,25.0,1.0,62.0,0,0.0,0.0,0.0,0,true
src/main/org/apache/tools/ant/taskdefs/optional/perforce/P4Label.java,106.0,5.0,18.0,8.0,16.0,15.0,0,0.0,0.0,0.0,0,true
src/main/org/apache/tools/ant/taskdefs/optional/perforce/P4Labelsync.java,103.0,3.0,20.0,8.0,7.0,19.0,0,0.0,0.0,0.0,0,true
src/main/org/apache/tools/ant/taskdefs/optional/perforce/P4OutputHandler.java,13.0,1.0,0.0,1.0,0.0,3.0,0,0.0,0.0,0.0,0,true
src/main/org/apache/tools/ant/taskdefs/optional/perforce/P4OutputStream.java,54.0,3.0,0.0,4.0,7.0,10.0,0,0.0,0.0,0.0,0,true
src/main/org/apache/tools/ant/taskdefs/optional/perforce/P4Reopen.java,29.0,1.0,0.0,2.0,2.0,7.0,0,0.0,0.0,0.0,0,true
src/main/org/apache/tools/ant/taskdefs/optional/perforce/P4Resolve.java,149.0,1.0,41.0,11.0,7.0,29.0,0,0.0,0.0,0.0,0,true
src/main/org/apache/tools/ant/taskdefs/optional/perforce/P4Revert.java,42.0,1.0,0.0,3.0,2.0,10.0,0,0.0,0.0,0.0,0,true
src/main/org/apache/tools/ant/taskdefs/optional/perforce/P4Submit.java,74.0,3.0,0.0,2.0,1.0,6.0,1,0.002178649237472767,677.0943396226415,30263.17398661995,1,true
src/main/org/apache/tools/ant/taskdefs/optional/perforce/P4Sync.java,61.0,2.0,0.0,3.0,5.0,14.0,0,0.0,0.0,0.0,0,true
src/main/org/apache/tools/ant/taskdefs/optional/perforce/SimpleP4OutputHandler.java,43.0,3.0,0.0,2.0,7.0,8.0,0,0.0,0.0,0.0,0,true
src/main/org/apache/tools/ant/taskdefs/optional/pvcs/Pvcs.java,524.0,21.0,528.0,36.0,76.0,91.0,0,0.0,0.0,0.0,0,true
src/main/org/apache/tools/ant/taskdefs/optional/pvcs/PvcsProject.java,21.0,0.0,1.0,3.0,0.0,4.0,0,0.0,0.0,0.0,0,false
src/main/org/apache/tools/ant/taskdefs/optional/scm/AntStarTeamCheckOut.java,781.0,12.0,853.0,43.0,112.0,127.0,0,0.0,0.0,0.0,0,true
src/main/org/apache/tools/ant/taskdefs/optional/script/ScriptDef.java,252.0,16.0,7.0,10.0,34.0,23.0,1,0.002178649237472767,362.8,11722.639492989001,1,true
src/main/org/apache/tools/ant/taskdefs/optional/script/ScriptDefBase.java,64.0,8.0,2.0,4.0,15.0,12.0,1,0.002178649237472767,362.8,11722.639492989001,1,true
src/main/org/apache/tools/ant/taskdefs/optional/sitraka/CovBase.java,69.0,4.0,0.0,7.0,6.0,17.0,0,0.0,0.0,0.0,0,true
src/main/org/apache/tools/ant/taskdefs/optional/sitraka/CovMerge.java,139.0,12.0,12.0,8.0,43.0,23.0,1,0.002178649237472767,537.1600000000001,10497.95660580473,1,true
src/main/org/apache/tools/ant/taskdefs/optional/sitraka/CovReport.java,252.0,18.0,55.0,14.0,34.0,37.0,0,0.0,0.0,0.0,0,true
src/main/org/apache/tools/ant/taskdefs/optional/sitraka/Coverage.java,361.0,18.0,244.0,25.0,54.0,56.0,1,0.002178649237472767,537.1600000000001,10497.95660580473,1,true
src/main/org/apache/tools/ant/taskdefs/optional/sitraka/Filters.java,104.0,1.0,2.0,5.0,6.0,8.0,0,0.0,0.0,0.0,0,true
src/main/org/apache/tools/ant/taskdefs/optional/sitraka/ReportFilters.java,100.0,3.0,0.0,6.0,15.0,14.0,0,0.0,0.0,0.0,0,true
src/main/org/apache/tools/ant/taskdefs/optional/sitraka/Triggers.java,101.0,3.0,1.0,3.0,5.0,6.0,0,0.0,0.0,0.0,0,true
src/main/org/apache/tools/ant/taskdefs/optional/sitraka/XMLReport.java,459.0,19.0,152.0,21.0,140.0,72.0,2,0.004357298474945534,899.96,22220.59609879373,2,true
src/main/org/apache/tools/ant/taskdefs/optional/sitraka/bytecode/ClassPathLoader.java,133.0,15.0,9.0,6.0,20.0,20.0,2,0.004357298474945534,899.96,22220.59609879373,2,true
src/main/org/apache/tools/ant/taskdefs/optional/sitraka/bytecode/Utils.java,356.0,3.0,231.0,22.0,51.0,72.0,0,0.0,0.0,0.0,0,true
src/main/org/apache/tools/ant/taskdefs/optional/sos/SOS.java,349.0,8.0,628.0,37.0,41.0,90.0,0,0.0,0.0,0.0,0,true
src/main/org/apache/tools/ant/taskdefs/optional/sound/AntSoundPlayer.java,163.0,15.0,87.0,14.0,24.0,33.0,0,0.0,0.0,0.0,0,true
src/main/org/apache/tools/ant/taskdefs/optional/sound/SoundTask.java,124.0,6.0,6.0,5.0,8.0,9.0,0,0.0,0.0,0.0,0,true
src/main/org/apache/tools/ant/taskdefs/optional/splash/SplashScreen.java,79.0,15.0,58.0,12.0,27.0,23.0,0,0.0,0.0,0.0,0,true
src/main/org/apache/tools/ant/taskdefs/optional/splash/SplashTask.java,148.0,10.0,14.0,8.0,25.0,16.0,2,0.004357298474945534,1214.2543396226415,40761.13059242468,2,true
src/main/org/apache/tools/ant/taskdefs/optional/ssh/AbstractSshMessage.java,43.0,8.0,28.0,9.0,11.0,16.0,1,0.002178649237472767,537.1600000000001,10497.95660580473,1,true
src/main/org/apache/tools/ant/taskdefs/optional/ssh/Directory.java,76.0,4.0,35.0,15.0,17.0,31.0,0,0.0,0.0,0.0,0,false
src/main/org/apache/tools/ant/taskdefs/optional/ssh/LogListener.java,3.0,0.0,0.0,1.0,0.0,1.0,0,0.0,0.0,0.0,0,false
src/main/org/apache/tools/ant/taskdefs/optional/ssh/SSHBase.java,121.0,6.0,40.0,16.0,14.0,29.0,1,0.002178649237472767,537.1600000000001,10497.95660580473,1,true
src/main/org/apache/tools/ant/taskdefs/optional/ssh/SSHExec.java,180.0,10.0,20.0,9.0,31.0,29.0,1,0.002178649237472767,537.1600000000001,10497.95660580473,1,true
src/main/org/apache/tools/ant/taskdefs/optional/ssh/SSHUserInfo.java,126.0,1.0,125.0,18.0,0.0,33.0,1,0.002178649237472767,537.1600000000001,10497.95660580473,1,true
src/main/org/apache/tools/ant/taskdefs/optional/ssh/Scp.java,200.0,12.0,41.0,11.0,56.0,39.0,1,0.002178649237472767,537.1600000000001,10497.95660580473,1,true
src/main/org/apache/tools/ant/taskdefs/optional/ssh/ScpFromMessage.java,116.0,11.0,0.0,6.0,34.0,21.0,0,0.0,0.0,0.0,0,true
src/main/org/apache/tools/ant/taskdefs/optional/ssh/ScpToMessage.java,117.0,10.0,3.0,10.0,45.0,26.0,0,0.0,0.0,0.0,0,true
src/main/org/apache/tools/ant/taskdefs/optional/starteam/StarTeamCheckin.java,246.0,8.0,60.0,13.0,38.0,36.0,0,0.0,0.0,0.0,0,true
src/main/org/apache/tools/ant/taskdefs/optional/starteam/StarTeamCheckout.java,407.0,11.0,80.0,16.0,65.0,57.0,1,0.002178649237472767,537.1600000000001,10497.95660580473,1,true
src/main/org/apache/tools/ant/taskdefs/optional/starteam/StarTeamLabel.java,118.0,7.0,11.0,7.0,5.0,17.0,2,0.004357298474945534,1214.2543396226415,40761.13059242468,2,true
src/main/org/apache/tools/ant/taskdefs/optional/starteam/StarTeamList.java,173.0,11.0,34.0,9.0,50.0,30.0,1,0.002178649237472767,537.1600000000001,10497.95660580473,1,true
src/main/org/apache/tools/ant/taskdefs/optional/starteam/StarTeamTask.java,248.0,10.0,152.0,21.0,18.0,52.0,2,0.004357298474945534,1214.2543396226415,40761.13059242468,2,true
src/main/org/apache/tools/ant/taskdefs/optional/starteam/TreeBasedTask.java,539.0,10.0,479.0,34.0,47.0,106.0,2,0.004357298474945534,1214.2543396226415,40761.13059242468,2,true
src/main/org/apache/tools/ant/taskdefs/optional/unix/AbstractAccessTask.java,53.0,5.0,15.0,6.0,9.0,14.0,1,0.002178649237472767,677.0943396226415,30263.17398661995,1,true
src/main/org/apache/tools/ant/taskdefs/optional/unix/Chgrp.java,41.0,1.0,4.0,4.0,5.0,9.0,1,0.002178649237472767,677.0943396226415,30263.17398661995,1,true
src/main/org/apache/tools/ant/taskdefs/optional/unix/Chown.java,41.0,1.0,4.0,4.0,5.0,9.0,1,0.002178649237472767,677.0943396226415,30263.17398661995,1,true
src/main/org/apache/tools/ant/taskdefs/optional/unix/Symlink.java,527.0,15.0,82.0,17.0,81.0,65.0,2,0.004357298474945534,1214.2543396226415,40761.13059242468,2,true
src/main/org/apache/tools/ant/taskdefs/optional/vss/MSVSS.java,627.0,14.0,1312.0,53.0,54.0,135.0,1,0.002178649237472767,677.0943396226415,30263.17398661995,1,true
src/main/org/apache/tools/ant/taskdefs/optional/vss/MSVSSADD.java,72.0,3.0,19.0,7.0,12.0,13.0,0,0.0,0.0,0.0,0,true
src/main/org/apache/tools/ant/taskdefs/optional/vss/MSVSSCHECKIN.java,65.0,3.0,15.0,6.0,13.0,11.0,0,0.0,0.0,0.0,0,true
src/main/org/apache/tools/ant/taskdefs/optional/vss/MSVSSCHECKOUT.java,103.0,3.0,45.0,10.0,15.0,16.0,0,0.0,0.0,0.0,0,true
src/main/org/apache/tools/ant/taskdefs/optional/vss/MSVSSGET.java,110.0,3.0,55.0,11.0,16.0,19.0,0,0.0,0.0,0.0,0,true
src/main/org/apache/tools/ant/taskdefs/optional/vss/MSVSSLABEL.java,61.0,2.0,10.0,5.0,12.0,8.0,0,0.0,0.0,0.0,0,true
src/main/org/apache/tools/ant/taskdefs/optional/windows/Attrib.java,104.0,5.0,130.0,17.0,24.0,29.0,1,0.002178649237472767,677.0943396226415,30263.17398661995,1,true
src/main/org/apache/tools/ant/taskdefs/rmic/DefaultRmicAdapter.java,256.0,9.0,44.0,12.0,41.0,31.0,0,0.0,0.0,0.0,0,true
src/main/org/apache/tools/ant/taskdefs/rmic/KaffeRmic.java,30.0,5.0,0.0,1.0,11.0,7.0,0,0.0,0.0,0.0,0,true
src/main/org/apache/tools/ant/taskdefs/rmic/RmicAdapter.java,32.0,4.0,6.0,4.0,0.0,6.0,0,0.0,0.0,0.0,0,true
src/main/org/apache/tools/ant/taskdefs/rmic/RmicAdapterFactory.java,63.0,2.0,3.0,3.0,4.0,13.0,0,0.0,0.0,0.0,0,true
src/main/org/apache/tools/ant/taskdefs/rmic/SunRmic.java,39.0,8.0,0.0,1.0,12.0,7.0,0,0.0,0.0,0.0,0,true
src/main/org/apache/tools/ant/taskdefs/rmic/WLRmic.java,53.0,5.0,3.0,3.0,12.0,13.0,0,0.0,0.0,0.0,0,true
src/main/org/apache/tools/ant/types/AbstractFileSet.java,537.0,29.0,954.0,49.0,157.0,134.0,5,0.010893246187363835,1842.5415191098211,53561.48753783035,5,true
src/main/org/apache/tools/ant/types/AntFilterReader.java,96.0,2.0,12.0,9.0,25.0,24.0,0,0.0,0.0,0.0,0,true
src/main/org/apache/tools/ant/types/Assertions.java,265.0,4.0,5.0,11.0,30.0,29.0,2,0.004357298474945534,834.2054507337526,31077.916311602465,2,true
src/main/org/apache/tools/ant/types/Commandline.java,493.0,10.0,295.0,27.0,57.0,86.0,2,0.004357298474945534,834.2054507337526,31077.916311602465,2,true
src/main/org/apache/tools/ant/types/CommandlineJava.java,500.0,9.0,387.0,35.0,57.0,82.0,3,0.006535947712418301,1197.0054507337527,42800.555804591466,3,true
src/main/org/apache/tools/ant/types/DataType.java,166.0,4.0,55.0,14.0,18.0,39.0,0,0.0,0.0,0.0,0,true
src/main/org/apache/tools/ant/types/Description.java,77.0,7.0,6.0,4.0,19.0,15.0,1,0.002178649237472767,537.1600000000001,10497.95660580473,1,true
src/main/org/apache/tools/ant/types/DirSet.java,25.0,0.0,3.0,3.0,4.0,6.0,0,0.0,0.0,0.0,0,true
src/main/org/apache/tools/ant/types/EnumeratedAttribute.java,85.0,1.0,14.0,8.0,5.0,21.0,0,0.0,0.0,0.0,0,true
src/main/org/apache/tools/ant/types/Environment.java,116.0,2.0,0.0,3.0,4.0,8.0,0,0.0,0.0,0.0,0,true
src/main/org/apache/tools/ant/types/FileSet.java,30.0,0.0,3.0,3.0,4.0,6.0,0,0.0,0.0,0.0,0,true
src/main/org/apache/tools/ant/types/FilterChain.java,133.0,17.0,0.0,24.0,28.0,28.0,0,0.0,0.0,0.0,0,true
src/main/org/apache/tools/ant/types/FilterSet.java,410.0,9.0,125.0,19.0,90.0,73.0,1,0.002178649237472767,362.8,11722.639492989001,1,true
src/main/org/apache/tools/ant/types/FilterSetCollection.java,43.0,2.0,4.0,5.0,10.0,10.0,0,0.0,0.0,0.0,0,true
src/main/org/apache/tools/ant/types/Mapper.java,184.0,6.0,33.0,11.0,38.0,41.0,0,0.0,0.0,0.0,0,true
src/main/org/apache/tools/ant/types/Parameterizable.java,11.0,0.0,0.0,1.0,0.0,1.0,0,0.0,0.0,0.0,0,true
src/main/org/apache/tools/ant/types/Path.java,529.0,10.0,274.0,29.0,131.0,106.0,3,0.006535947712418301,1001.2933333333334,22722.038686296488,3,true
src/main/org/apache/tools/ant/types/PatternSet.java,358.0,10.0,154.0,21.0,97.0,81.0,1,0.002178649237472767,537.1600000000001,10497.95660580473,1,true
src/main/org/apache/tools/ant/types/Permissions.java,274.0,9.0,15.0,7.0,13.0,14.0,1,0.002178649237472767,677.0943396226415,30263.17398661995,1,true
src/main/org/apache/tools/ant/types/PropertySet.java,255.0,10.0,110.0,16.0,62.0,39.0,1,0.002178649237472767,362.8,11722.639492989001,1,true
src/main/org/apache/tools/ant/types/Reference.java,30.0,2.0,4.0,5.0,2.0,9.0,0,0.0,0.0,0.0,0,true
src/main/org/apache/tools/ant/types/RegularExpression.java,78.0,5.0,0.0,5.0,14.0,15.0,0,0.0,0.0,0.0,0,true
src/main/org/apache/tools/ant/types/Resource.java,117.0,0.0,41.0,14.0,2.0,32.0,0,0.0,0.0,0.0,0,true
src/main/org/apache/tools/ant/types/ResourceFactory.java,17.0,0.0,0.0,1.0,0.0,3.0,0,0.0,0.0,0.0,0,true
src/main/org/apache/tools/ant/types/ResourceLocation.java,82.0,1.0,9.0,6.0,0.0,14.0,0,0.0,0.0,0.0,0,true
src/main/org/apache/tools/ant/types/Substitution.java,52.0,3.0,0.0,4.0,9.0,12.0,0,0.0,0.0,0.0,0,true
src/main/org/apache/tools/ant/types/XMLCatalog.java,769.0,25.0,213.0,23.0,125.0,95.0,3,0.006535947712418301,1001.2933333333334,22722.038686296488,3,true
src/main/org/apache/tools/ant/types/ZipFileSet.java,254.0,6.0,113.0,19.0,56.0,60.0,1,0.002178649237472767,537.1600000000001,10497.95660580473,1,true
src/main/org/apache/tools/ant/types/ZipScanner.java,181.0,11.0,6.0,8.0,42.0,34.0,1,0.002178649237472767,362.8,11722.639492989001,1,true
src/main/org/apache/tools/ant/types/optional/ScriptFilter.java,86.0,4.0,0.0,7.0,14.0,13.0,0,0.0,0.0,0.0,0,true
src/main/org/apache/tools/ant/types/optional/depend/ClassfileSet.java,120.0,5.0,7.0,7.0,25.0,14.0,0,0.0,0.0,0.0,0,true
src/main/org/apache/tools/ant/types/optional/depend/DependScanner.java,159.0,8.0,93.0,15.0,17.0,33.0,0,0.0,0.0,0.0,0,true
src/main/org/apache/tools/ant/types/optional/image/Arc.java,60.0,5.0,5.0,6.0,16.0,12.0,0,0.0,0.0,0.0,0,true
src/main/org/apache/tools/ant/types/optional/image/Draw.java,47.0,3.0,17.0,7.0,13.0,11.0,0,0.0,0.0,0.0,0,true
src/main/org/apache/tools/ant/types/optional/image/ImageOperation.java,22.0,2.0,0.0,5.0,5.0,5.0,0,0.0,0.0,0.0,0,true
src/main/org/apache/tools/ant/types/optional/image/Rectangle.java,60.0,4.0,2.0,5.0,17.0,9.0,0,0.0,0.0,0.0,0,true
src/main/org/apache/tools/ant/types/optional/image/Rotate.java,70.0,6.0,4.0,4.0,17.0,13.0,0,0.0,0.0,0.0,0,true
src/main/org/apache/tools/ant/types/optional/image/Scale.java,114.0,5.0,18.0,8.0,25.0,25.0,2,0.004357298474945534,778.4276729559749,30764.61657412271,2,true
src/main/org/apache/tools/ant/types/optional/image/TransformOperation.java,10.0,1.0,1.0,2.0,1.0,3.0,0,0.0,0.0,0.0,0,true
src/main/org/apache/tools/ant/types/resolver/ApacheCatalog.java,80.0,3.0,0.0,3.0,8.0,9.0,0,0.0,0.0,0.0,0,true
src/main/org/apache/tools/ant/types/resolver/ApacheCatalogResolver.java,95.0,8.0,0.0,4.0,11.0,11.0,2,0.004357298474945534,1214.2543396226415,40761.13059242468,2,true
src/main/org/apache/tools/ant/types/selectors/AndSelector.java,46.0,2.0,3.0,3.0,8.0,9.0,0,0.0,0.0,0.0,0,true
src/main/org/apache/tools/ant/types/selectors/BaseExtendSelector.java,47.0,3.0,4.0,4.0,0.0,11.0,0,0.0,0.0,0.0,0,true
src/main/org/apache/tools/ant/types/selectors/BaseSelector.java,65.0,3.0,9.0,6.0,2.0,17.0,0,0.0,0.0,0.0,0,true
src/main/org/apache/tools/ant/types/selectors/BaseSelectorContainer.java,237.0,5.0,331.0,27.0,35.0,43.0,1,0.002178649237472767,164.15384615384616,576.2748649139116,1,true
src/main/org/apache/tools/ant/types/selectors/ContainsRegexpSelector.java,106.0,9.0,3.0,6.0,16.0,16.0,0,0.0,0.0,0.0,0,true
src/main/org/apache/tools/ant/types/selectors/ContainsSelector.java,163.0,8.0,8.0,8.0,18.0,25.0,0,0.0,0.0,0.0,0,true
src/main/org/apache/tools/ant/types/selectors/DateSelector.java,209.0,8.0,7.0,11.0,27.0,36.0,0,0.0,0.0,0.0,0,true
src/main/org/apache/tools/ant/types/selectors/DependSelector.java,49.0,1.0,3.0,3.0,4.0,8.0,0,0.0,0.0,0.0,0,true
src/main/org/apache/tools/ant/types/selectors/DepthSelector.java,133.0,4.0,3.0,7.0,15.0,24.0,0,0.0,0.0,0.0,0,true
src/main/org/apache/tools/ant/types/selectors/DifferentSelector.java,57.0,4.0,0.0,2.0,4.0,9.0,0,0.0,0.0,0.0,0,true
src/main/org/apache/tools/ant/types/selectors/ExtendFileSelector.java,13.0,1.0,0.0,0.0,0.0,0.0,0,0.0,0.0,0.0,0,true
src/main/org/apache/tools/ant/types/selectors/ExtendSelector.java,146.0,8.0,19.0,10.0,28.0,33.0,0,0.0,0.0,0.0,0,true
src/main/org/apache/tools/ant/types/selectors/FileSelector.java,19.0,2.0,0.0,1.0,0.0,5.0,0,0.0,0.0,0.0,0,true
src/main/org/apache/tools/ant/types/selectors/FilenameSelector.java,129.0,3.0,8.0,8.0,15.0,23.0,0,0.0,0.0,0.0,0,true
src/main/org/apache/tools/ant/types/selectors/MajoritySelector.java,73.0,2.0,4.0,4.0,8.0,14.0,0,0.0,0.0,0.0,0,true
src/main/org/apache/tools/ant/types/selectors/MappingSelector.java,93.0,6.0,11.0,7.0,9.0,21.0,3,0.006535947712418301,935.538784067086,31579.358899105224,3,true
src/main/org/apache/tools/ant/types/selectors/NoneSelector.java,47.0,2.0,3.0,3.0,8.0,9.0,0,0.0,0.0,0.0,0,true
src/main/org/apache/tools/ant/types/selectors/NotSelector.java,36.0,0.0,3.0,3.0,5.0,6.0,0,0.0,0.0,0.0,0,true
src/main/org/apache/tools/ant/types/selectors/OrSelector.java,46.0,2.0,3.0,3.0,8.0,9.0,0,0.0,0.0,0.0,0,true
src/main/org/apache/tools/ant/types/selectors/PresentSelector.java,133.0,6.0,1.0,7.0,10.0,22.0,0,0.0,0.0,0.0,0,true
src/main/org/apache/tools/ant/types/selectors/SelectSelector.java,163.0,3.0,68.0,13.0,29.0,39.0,0,0.0,0.0,0.0,0,true
src/main/org/apache/tools/ant/types/selectors/SelectorContainer.java,126.0,2.0,253.0,23.0,0.0,29.0,1,0.002178649237472767,164.15384615384616,576.2748649139116,1,true
src/main/org/apache/tools/ant/types/selectors/SelectorScanner.java,23.0,0.0,3.0,3.0,0.0,5.0,0,0.0,0.0,0.0,0,true
src/main/org/apache/tools/ant/types/selectors/SelectorUtils.java,523.0,4.0,120.0,16.0,35.0,69.0,0,0.0,0.0,0.0,0,true
src/main/org/apache/tools/ant/types/selectors/SizeSelector.java,239.0,3.0,0.0,8.0,16.0,31.0,0,0.0,0.0,0.0,0,true
src/main/org/apache/tools/ant/types/selectors/TypeSelector.java,99.0,3.0,0.0,6.0,13.0,15.0,0,0.0,0.0,0.0,0,true
src/main/org/apache/tools/ant/util/ClasspathUtils.java,319.0,6.0,36.0,9.0,16.0,34.0,1,0.002178649237472767,157.1111111111111,814.7423249825138,1,true
src/main/org/apache/tools/ant/util/CollectionUtils.java,75.0,4.0,3.0,3.0,12.0,9.0,1,0.002178649237472767,362.8,11722.639492989001,1,true
src/main/org/apache/tools/ant/util/DOMElementWriter.java,232.0,10.0,15.0,6.0,38.0,34.0,0,0.0,0.0,0.0,0,true
src/main/org/apache/tools/ant/util/DateUtils.java,146.0,8.0,21.0,7.0,17.0,24.0,1,0.002178649237472767,537.1600000000001,10497.95660580473,1,true
src/main/org/apache/tools/ant/util/FileNameMapper.java,29.0,0.0,3.0,3.0,0.0,8.0,0,0.0,0.0,0.0,0,true
src/main/org/apache/tools/ant/util/FileUtils.java,991.0,29.0,559.0,34.0,129.0,149.0,3,0.006535947712418301,1371.3654507337528,41575.87291740719,3,true
src/main/org/apache/tools/ant/util/FlatFileNameMapper.java,26.0,0.0,3.0,3.0,1.0,5.0,0,0.0,0.0,0.0,0,true
src/main/org/apache/tools/ant/util/GlobPatternMapper.java,85.0,0.0,0.0,4.0,10.0,11.0,0,0.0,0.0,0.0,0,true
src/main/org/apache/tools/ant/util/IdentityMapper.java,24.0,0.0,3.0,3.0,0.0,4.0,0,0.0,0.0,0.0,0,true
src/main/org/apache/tools/ant/util/JAXPUtils.java,147.0,9.0,36.0,9.0,23.0,38.0,1,0.002178649237472767,677.0943396226415,30263.17398661995,1,true
src/main/org/apache/tools/ant/util/JavaEnvUtils.java,262.0,3.0,28.0,9.0,12.0,33.0,0,0.0,0.0,0.0,0,true
src/main/org/apache/tools/ant/util/KeepAliveInputStream.java,24.0,3.0,1.0,2.0,0.0,3.0,0,0.0,0.0,0.0,0,true
src/main/org/apache/tools/ant/util/KeepAliveOutputStream.java,23.0,3.0,1.0,2.0,0.0,3.0,0,0.0,0.0,0.0,0,true
src/main/org/apache/tools/ant/util/LazyFileOutputStream.java,80.0,4.0,27.0,10.0,8.0,20.0,1,0.002178649237472767,537.1600000000001,10497.95660580473,1,false
src/main/org/apache/tools/ant/util/LazyHashtable.java,54.0,2.0,36.0,9.0,7.0,18.0,0,0.0,0.0,0.0,0,false
src/main/org/apache/tools/ant/util/LineTokenizer.java,85.0,3.0,0.0,3.0,3.0,15.0,0,0.0,0.0,0.0,0,true
src/main/org/apache/tools/ant/util/LoaderUtils.java,72.0,3.0,15.0,6.0,12.0,17.0,0,0.0,0.0,0.0,0,true
src/main/org/apache/tools/ant/util/MergingMapper.java,27.0,0.0,1.0,3.0,0.0,4.0,0,0.0,0.0,0.0,0,true
src/main/org/apache/tools/ant/util/RegexpPatternMapper.java,69.0,4.0,0.0,5.0,11.0,14.0,0,0.0,0.0,0.0,0,true
src/main/org/apache/tools/ant/util/ResourceUtils.java,67.0,7.0,0.0,1.0,16.0,6.0,1,0.002178649237472767,537.1600000000001,10497.95660580473,1,true
src/main/org/apache/tools/ant/util/ScriptRunner.java,118.0,9.0,7.0,7.0,25.0,21.0,1,0.002178649237472767,362.8,11722.639492989001,1,true
src/main/org/apache/tools/ant/util/SourceFileScanner.java,70.0,5.0,0.0,4.0,15.0,13.0,1,0.002178649237472767,537.1600000000001,10497.95660580473,1,true
src/main/org/apache/tools/ant/util/StringUtils.java,69.0,3.0,6.0,4.0,13.0,11.0,0,0.0,0.0,0.0,0,true
src/main/org/apache/tools/ant/util/TaskLogger.java,29.0,2.0,0.0,6.0,5.0,6.0,0,0.0,0.0,0.0,0,true
src/main/org/apache/tools/ant/util/TeeOutputStream.java,32.0,2.0,0.0,6.0,5.0,11.0,0,0.0,0.0,0.0,0,true
src/main/org/apache/tools/ant/util/TimeoutObserver.java,13.0,0.0,0.0,1.0,0.0,1.0,0,0.0,0.0,0.0,0,true
src/main/org/apache/tools/ant/util/Tokenizer.java,21.0,2.0,1.0,2.0,0.0,7.0,0,0.0,0.0,0.0,0,true
src/main/org/apache/tools/ant/util/UnPackageNameMapper.java,23.0,1.0,0.0,1.0,3.0,2.0,0,0.0,0.0,0.0,0,true
src/main/org/apache/tools/ant/util/Watchdog.java,55.0,2.0,7.0,7.0,12.0,15.0,2,0.004357298474945534,899.96,22220.59609879373,2,true
src/main/org/apache/tools/ant/util/WeakishReference.java,73.0,2.0,1.0,3.0,5.0,15.0,0,0.0,0.0,0.0,0,true
src/main/org/apache/tools/ant/util/depend/AbstractAnalyzer.java,231.0,6.0,102.0,16.0,26.0,51.0,0,0.0,0.0,0.0,0,true
src/main/org/apache/tools/ant/util/depend/DependencyAnalyzer.java,85.0,4.0,45.0,10.0,0.0,27.0,0,0.0,0.0,0.0,0,true
src/main/org/apache/tools/ant/util/depend/bcel/AncestorAnalyzer.java,93.0,8.0,3.0,3.0,20.0,14.0,0,0.0,0.0,0.0,0,true
src/main/org/apache/tools/ant/util/depend/bcel/DependencyVisitor.java,131.0,10.0,43.0,11.0,30.0,20.0,0,0.0,0.0,0.0,0,true
src/main/org/apache/tools/ant/util/depend/bcel/FullAnalyzer.java,86.0,9.0,3.0,3.0,19.0,14.0,0,0.0,0.0,0.0,0,true
src/main/org/apache/tools/ant/util/facade/FacadeTaskHelper.java,98.0,2.0,8.0,9.0,9.0,19.0,2,0.004357298474945534,899.96,22220.59609879373,2,true
src/main/org/apache/tools/ant/util/optional/WeakishReference12.java,24.0,2.0,0.0,2.0,1.0,3.0,0,0.0,0.0,0.0,0,true
src/main/org/apache/tools/ant/util/regexp/JakartaOroMatcher.java,91.0,6.0,28.0,9.0,12.0,25.0,0,0.0,0.0,0.0,0,true
src/main/org/apache/tools/ant/util/regexp/JakartaOroRegexp.java,47.0,4.0,3.0,3.0,9.0,10.0,0,0.0,0.0,0.0,0,true
src/main/org/apache/tools/ant/util/regexp/JakartaRegexpMatcher.java,83.0,4.0,30.0,9.0,13.0,26.0,0,0.0,0.0,0.0,0,true
src/main/org/apache/tools/ant/util/regexp/JakartaRegexpRegexp.java,45.0,3.0,3.0,3.0,11.0,10.0,0,0.0,0.0,0.0,0,true
src/main/org/apache/tools/ant/util/regexp/Jdk14RegexpMatcher.java,94.0,5.0,30.0,9.0,14.0,26.0,0,0.0,0.0,0.0,0,true
src/main/org/apache/tools/ant/util/regexp/Jdk14RegexpRegexp.java,63.0,3.0,3.0,3.0,14.0,10.0,0,0.0,0.0,0.0,0,true
src/main/org/apache/tools/ant/util/regexp/Regexp.java,23.0,1.0,0.0,1.0,0.0,3.0,0,0.0,0.0,0.0,0,true
src/main/org/apache/tools/ant/util/regexp/RegexpFactory.java,67.0,2.0,6.0,4.0,5.0,15.0,0,0.0,0.0,0.0,0,true
src/main/org/apache/tools/ant/util/regexp/RegexpMatcher.java,58.0,2.0,15.0,6.0,0.0,15.0,0,0.0,0.0,0.0,0,true
src/main/org/apache/tools/ant/util/regexp/RegexpMatcherFactory.java,71.0,2.0,10.0,5.0,7.0,19.0,1,0.002178649237472767,677.0943396226415,30263.17398661995,1,true
src/main/org/apache/tools/ant/util/regexp/RegexpUtil.java,12.0,0.0,1.0,2.0,0.0,4.0,0,0.0,0.0,0.0,0,true
src/main/org/apache/tools/bzip2/CBZip2InputStream.java,686.0,2.0,340.0,32.0,64.0,87.0,0,0.0,0.0,0.0,0,true
src/main/org/apache/tools/bzip2/CBZip2OutputStream.java,1267.0,2.0,336.0,33.0,52.0,121.0,1,0.002178649237472767,677.0943396226415,30263.17398661995,1,true
src/main/org/apache/tools/mail/ErrorInQuitException.java,18.0,1.0,0.0,1.0,1.0,1.0,0,0.0,0.0,0.0,0,true
src/main/org/apache/tools/mail/MailMessage.java,394.0,8.0,397.0,31.0,63.0,84.0,1,0.002178649237472767,677.0943396226415,30263.17398661995,1,true
src/main/org/apache/tools/mail/SmtpResponseReader.java,60.0,4.0,2.0,5.0,14.0,15.0,0,0.0,0.0,0.0,0,true
src/main/org/apache/tools/tar/TarBuffer.java,273.0,3.0,0.0,21.0,24.0,56.0,0,0.0,0.0,0.0,0,true
src/main/org/apache/tools/tar/TarConstants.java,104.0,0.0,0.0,0.0,0.0,0.0,0,0.0,0.0,0.0,0,true
src/main/org/apache/tools/tar/TarEntry.java,526.0,3.0,315.0,35.0,49.0,75.0,0,0.0,0.0,0.0,0,true
src/main/org/apache/tools/tar/TarInputStream.java,266.0,4.0,84.0,16.0,25.0,48.0,2,0.004357298474945534,638.4933333333335,10999.39919330749,2,true
src/main/org/apache/tools/tar/TarOutputStream.java,214.0,3.0,41.0,15.0,22.0,35.0,0,0.0,0.0,0.0,0,true
src/main/org/apache/tools/tar/TarUtils.java,137.0,0.0,21.0,7.0,6.0,27.0,0,0.0,0.0,0.0,0,true
src/main/org/apache/tools/zip/AsiExtraField.java,234.0,2.0,129.0,19.0,29.0,42.0,0,0.0,0.0,0.0,0,true
src/main/org/apache/tools/zip/ExtraFieldUtils.java,124.0,3.0,8.0,5.0,25.0,20.0,0,0.0,0.0,0.0,0,true
src/main/org/apache/tools/zip/UnixStat.java,42.0,0.0,0.0,0.0,0.0,0.0,0,0.0,0.0,0.0,0,true
src/main/org/apache/tools/zip/ZipEntry.java,351.0,4.0,362.0,29.0,83.0,78.0,0,0.0,0.0,0.0,0,true
src/main/org/apache/tools/zip/ZipFile.java,362.0,12.0,51.0,14.0,52.0,61.0,1,0.002178649237472767,362.8,11722.639492989001,1,true
src/main/org/apache/tools/zip/ZipLong.java,69.0,0.0,0.0,7.0,1.0,12.0,0,0.0,0.0,0.0,0,true
src/main/org/apache/tools/zip/ZipOutputStream.java,585.0,13.0,152.0,24.0,100.0,84.0,1,0.002178649237472767,537.1600000000001,10497.95660580473,1,true
src/main/org/apache/tools/zip/ZipShort.java,65.0,0.0,0.0,7.0,1.0,12.0,0,0.0,0.0,0.0,0,true
src/testcases/org/apache/tools/ant/BuildFileTest.java,379.0,5.0,334.0,28.0,58.0,71.0,0,0.0,0.0,0.0,0,true
src/testcases/org/apache/tools/ant/DirectoryScannerTest.java,287.0,9.0,294.0,25.0,158.0,44.0,0,0.0,0.0,0.0,0,true
src/testcases/org/apache/tools/ant/IntrospectionHelperTest.java,418.0,5.0,796.0,41.0,75.0,70.0,1,0.002178649237472767,537.1600000000001,10497.95660580473,1,true
src/testcases/org/apache/tools/ant/filters/HeadTailTest.java,92.0,4.0,91.0,14.0,68.0,26.0,1,0.002178649237472767,677.0943396226415,30263.17398661995,1,true
src/testcases/org/apache/tools/ant/taskdefs/AntLikeTasksAtTopLevelTest.java,35.0,2.0,6.0,4.0,12.0,13.0,1,0.002178649237472767,537.1600000000001,10497.95660580473,1,false
src/testcases/org/apache/tools/ant/taskdefs/AntTest.java,360.0,8.0,465.0,31.0,80.0,42.0,2,0.004357298474945534,899.96,22220.59609879373,2,true
src/testcases/org/apache/tools/ant/taskdefs/AntlibTest.java,22.0,3.0,6.0,4.0,3.0,5.0,1,0.002178649237472767,362.8,11722.639492989001,1,true
src/testcases/org/apache/tools/ant/taskdefs/CallTargetTest.java,27.0,4.0,15.0,6.0,7.0,7.0,1,0.002178649237472767,362.8,11722.639492989001,1,true
src/testcases/org/apache/tools/ant/taskdefs/DefaultExcludesTest.java,32.0,2.0,15.0,6.0,11.0,8.0,0,0.0,0.0,0.0,0,true
src/testcases/org/apache/tools/ant/taskdefs/DemuxOutputTask.java,43.0,3.0,0.0,3.0,8.0,11.0,0,0.0,0.0,0.0,0,true
src/testcases/org/apache/tools/ant/taskdefs/ExecTaskTest.java,132.0,6.0,2.0,4.0,18.0,10.0,1,0.002178649237472767,677.0943396226415,30263.17398661995,1,true
src/testcases/org/apache/tools/ant/taskdefs/FailTest.java,67.0,2.0,36.0,9.0,18.0,21.0,1,0.002178649237472767,157.1111111111111,814.7423249825138,1,true
src/testcases/org/apache/tools/ant/taskdefs/ImportTest.java,25.0,2.0,15.0,6.0,8.0,10.0,2,0.004357298474945534,899.96,22220.59609879373,2,true
src/testcases/org/apache/tools/ant/taskdefs/JavaTest.java,196.0,4.0,225.0,22.0,40.0,35.0,1,0.002178649237472767,677.0943396226415,30263.17398661995,1,true
src/testcases/org/apache/tools/ant/taskdefs/MacroDefTest.java,26.0,3.0,21.0,7.0,6.0,8.0,1,0.002178649237472767,362.8,11722.639492989001,1,true
src/testcases/org/apache/tools/ant/taskdefs/MultiMapTest.java,43.0,4.0,36.0,9.0,8.0,10.0,0,0.0,0.0,0.0,0,true
src/testcases/org/apache/tools/ant/taskdefs/PreSetDefTest.java,20.0,3.0,10.0,5.0,4.0,6.0,1,0.002178649237472767,362.8,11722.639492989001,1,true
src/testcases/org/apache/tools/ant/taskdefs/PropertyTest.java,68.0,5.0,55.0,11.0,29.0,23.0,0,0.0,0.0,0.0,0,true
src/testcases/org/apache/tools/ant/taskdefs/ReplaceTest.java,68.0,3.0,78.0,13.0,17.0,22.0,2,0.004357298474945534,1214.2543396226415,40761.13059242468,2,true
src/testcases/org/apache/tools/ant/taskdefs/StyleTest.java,56.0,7.0,66.0,12.0,18.0,28.0,5,0.010893246187363835,1842.5415191098211,53561.48753783035,5,true
src/testcases/org/apache/tools/ant/taskdefs/TypedefTest.java,43.0,2.0,36.0,9.0,20.0,14.0,0,0.0,0.0,0.0,0,true
src/testcases/org/apache/tools/ant/taskdefs/UnzipTest.java,66.0,2.0,105.0,15.0,46.0,25.0,1,0.002178649237472767,537.1600000000001,10497.95660580473,1,true
src/testcases/org/apache/tools/ant/taskdefs/XmlPropertyTest.java,237.0,12.0,251.0,23.0,94.0,50.0,0,0.0,0.0,0.0,0,true
src/testcases/org/apache/tools/ant/taskdefs/XmlnsTest.java,28.0,3.0,15.0,6.0,5.0,7.0,1,0.002178649237472767,362.8,11722.639492989001,1,true
src/testcases/org/apache/tools/ant/taskdefs/email/EmailAddressTest.java,62.0,1.0,153.0,18.0,23.0,18.0,1,0.002178649237472767,677.0943396226415,30263.17398661995,1,true
src/testcases/org/apache/tools/ant/taskdefs/optional/DotnetTest.java,72.0,3.0,45.0,10.0,9.0,22.0,1,0.002178649237472767,157.1111111111111,814.7423249825138,1,true
src/testcases/org/apache/tools/ant/taskdefs/optional/PropertyFileTest.java,118.0,6.0,55.0,11.0,33.0,20.0,1,0.002178649237472767,164.15384615384616,576.2748649139116,1,true
src/testcases/org/apache/tools/ant/taskdefs/optional/ReplaceRegExpTest.java,62.0,6.0,1.0,7.0,21.0,13.0,2,0.004357298474945534,1214.2543396226415,40761.13059242468,2,true
src/testcases/org/apache/tools/ant/taskdefs/optional/net/FTPTest.java,452.0,10.0,0.0,30.0,235.0,78.0,1,0.002178649237472767,677.0943396226415,30263.17398661995,1,true
src/testcases/org/apache/tools/ant/taskdefs/optional/script/ScriptDefTest.java,61.0,4.0,55.0,11.0,31.0,13.0,0,0.0,0.0,0.0,0,true
src/testcases/org/apache/tools/ant/types/AddTypeTest.java,106.0,5.0,105.0,15.0,14.0,17.0,1,0.002178649237472767,362.8,11722.639492989001,1,true
src/testcases/org/apache/tools/ant/types/CommandlineJavaTest.java,86.0,4.0,4.0,5.0,39.0,8.0,2,0.004357298474945534,701.3138461538463,11074.231470718642,2,true
src/testcases/org/apache/tools/ant/types/PathTest.java,464.0,7.0,0.0,16.0,88.0,34.0,0,0.0,0.0,0.0,0,true
src/testcases/org/apache/tools/ant/types/PermissionsTest.java,132.0,2.0,0.0,9.0,32.0,17.0,1,0.002178649237472767,677.0943396226415,30263.17398661995,1,true
src/testcases/org/apache/tools/ant/types/PolyTest.java,35.0,5.0,15.0,6.0,5.0,7.0,0,0.0,0.0,0.0,0,false
src/testcases/org/apache/tools/ant/util/FileUtilsTest.java,275.0,4.0,0.0,15.0,73.0,38.0,0,0.0,0.0,0.0,0,true
src/testcases/org/apache/tools/ant/util/LazyFileOutputStreamTest.java,40.0,3.0,0.0,7.0,17.0,12.0,1,0.002178649237472767,537.1600000000001,10497.95660580473,1,false
src/testcases/org/apache/tools/mail/MailMessageTest.java,459.0,14.0,0.0,9.0,92.0,27.0,1,0.002178649237472767,677.0943396226415,30263.17398661995,1,true
src/testcases/org/apache/tools/tar/TarRoundTripTest.java,25.0,4.0,1.0,2.0,10.0,3.0,2,0.004357298474945534,638.4933333333335,10999.39919330749,2,false
