name,LOC,CBO,LCOM,NOM,RFC,WMC,numOfChanges,bccm,structuralWorkloadSum,semanticWorkloadSum,numberOfDeveloper,isBuggy
proposal/sandbox/dotnet/src/main/org/apache/tools/ant/taskdefs/optional/dotnet/AbstractBuildTask.java,192.0,12.0,52.0,13.0,24.0,34.0,1,0.008403361344537815,364.10526315789474,1323.3761942735325,1,false
proposal/sandbox/dotnet/src/main/org/apache/tools/ant/taskdefs/optional/dotnet/DotNetExecTask.java,80.0,3.0,3.0,6.0,10.0,12.0,1,0.008403361344537815,364.10526315789474,1323.3761942735325,1,false
proposal/sandbox/dotnet/src/main/org/apache/tools/ant/taskdefs/optional/dotnet/MSBuildTask.java,79.0,8.0,15.0,6.0,26.0,22.0,1,0.008403361344537815,364.10526315789474,1323.3761942735325,1,false
proposal/sandbox/dotnet/src/main/org/apache/tools/ant/taskdefs/optional/dotnet/NAntTask.java,55.0,8.0,15.0,6.0,25.0,18.0,1,0.008403361344537815,364.10526315789474,1323.3761942735325,1,false
proposal/sandbox/dotnet/src/testcases/org/apache/tools/ant/taskdefs/optional/dotnet/DotNetExecTaskTest.java,35.0,1.0,6.0,4.0,3.0,7.0,1,0.008403361344537815,364.10526315789474,1323.3761942735325,1,true
proposal/sandbox/dotnet/src/testcases/org/apache/tools/ant/taskdefs/optional/dotnet/MSBuildTaskTest.java,37.0,1.0,10.0,5.0,10.0,11.0,1,0.008403361344537815,364.10526315789474,1323.3761942735325,1,false
proposal/sandbox/dotnet/src/testcases/org/apache/tools/ant/taskdefs/optional/dotnet/NAntTaskTest.java,37.0,1.0,10.0,5.0,10.0,11.0,1,0.008403361344537815,364.10526315789474,1323.3761942735325,1,false
src/etc/testcases/taskdefs/optional/dotnet/jsharp.java,8.0,0.0,0.0,1.0,1.0,1.0,0,0.0,0.0,0.0,0,false
src/etc/testcases/types/assertions/AssertionTest.java,7.0,0.0,0.0,1.0,0.0,1.0,0,0.0,0.0,0.0,0,false
src/main/org/apache/tools/ant/AntClassLoader.java,979.0,18.0,865.0,46.0,127.0,168.0,0,0.0,0.0,0.0,0,true
src/main/org/apache/tools/ant/BuildException.java,162.0,2.0,35.0,15.0,9.0,31.0,0,0.0,0.0,0.0,0,true
src/main/org/apache/tools/ant/ComponentHelper.java,707.0,13.0,248.0,33.0,159.0,107.0,1,0.008403361344537815,207.85365853658539,1410.1024377900942,1,true
src/main/org/apache/tools/ant/DirectoryScanner.java,1143.0,17.0,1058.0,52.0,146.0,184.0,0,0.0,0.0,0.0,0,true
src/main/org/apache/tools/ant/ExitException.java,37.0,0.0,0.0,3.0,0.0,6.0,0,0.0,0.0,0.0,0,true
src/main/org/apache/tools/ant/FileScanner.java,110.0,1.0,91.0,14.0,0.0,26.0,0,0.0,0.0,0.0,0,true
src/main/org/apache/tools/ant/IntrospectionHelper.java,1069.0,12.0,2309.0,70.0,146.0,205.0,2,0.01680672268907563,571.9589216944801,2733.4786320636267,2,true
src/main/org/apache/tools/ant/Main.java,839.0,13.0,132.0,21.0,147.0,95.0,0,0.0,0.0,0.0,0,true
src/main/org/apache/tools/ant/Project.java,1656.0,23.0,4341.0,99.0,240.0,309.0,2,0.01680672268907563,571.9589216944801,2733.4786320636267,2,true
src/main/org/apache/tools/ant/ProjectComponent.java,60.0,0.0,4.0,5.0,3.0,9.0,0,0.0,0.0,0.0,0,true
src/main/org/apache/tools/ant/ProjectHelper.java,392.0,10.0,153.0,18.0,56.0,73.0,1,0.008403361344537815,207.85365853658539,1410.1024377900942,1,true
src/main/org/apache/tools/ant/PropertyHelper.java,420.0,3.0,80.0,20.0,69.0,71.0,0,0.0,0.0,0.0,0,true
src/main/org/apache/tools/ant/RuntimeConfigurable.java,368.0,13.0,134.0,21.0,47.0,68.0,1,0.008403361344537815,207.85365853658539,1410.1024377900942,1,true
src/main/org/apache/tools/ant/Target.java,322.0,7.0,175.0,23.0,44.0,67.0,0,0.0,0.0,0.0,0,true
src/main/org/apache/tools/ant/Task.java,368.0,2.0,355.0,30.0,46.0,71.0,1,0.008403361344537815,207.85365853658539,1410.1024377900942,1,true
src/main/org/apache/tools/ant/TypeAdapter.java,37.0,0.0,10.0,5.0,0.0,8.0,0,0.0,0.0,0.0,0,true
src/main/org/apache/tools/ant/UnknownElement.java,442.0,5.0,244.0,28.0,101.0,84.0,1,0.008403361344537815,207.85365853658539,1410.1024377900942,1,true
src/main/org/apache/tools/ant/XmlLogger.java,384.0,16.0,57.0,15.0,75.0,50.0,0,0.0,0.0,0.0,0,true
src/main/org/apache/tools/ant/filters/ConcatFilter.java,161.0,6.0,22.0,9.0,19.0,22.0,0,0.0,0.0,0.0,0,true
src/main/org/apache/tools/ant/filters/StripJavaComments.java,110.0,2.0,6.0,4.0,1.0,15.0,0,0.0,0.0,0.0,0,true
src/main/org/apache/tools/ant/filters/TailFilter.java,201.0,5.0,23.0,10.0,23.0,29.0,0,0.0,0.0,0.0,0,true
src/main/org/apache/tools/ant/filters/TokenFilter.java,765.0,13.0,49.0,19.0,27.0,41.0,0,0.0,0.0,0.0,0,true
src/main/org/apache/tools/ant/helper/AntXMLContext.java,279.0,11.0,265.0,26.0,22.0,49.0,0,0.0,0.0,0.0,0,true
src/main/org/apache/tools/ant/helper/ProjectHelper2.java,757.0,26.0,1.0,3.0,44.0,14.0,2,0.01680672268907563,571.9589216944801,2733.4786320636267,2,true
src/main/org/apache/tools/ant/helper/ProjectHelperImpl.java,845.0,27.0,0.0,4.0,27.0,12.0,0,0.0,0.0,0.0,0,true
src/main/org/apache/tools/ant/launch/LaunchException.java,15.0,2.0,0.0,1.0,0.0,2.0,0,0.0,0.0,0.0,0,true
src/main/org/apache/tools/ant/launch/Launcher.java,127.0,8.0,1.0,2.0,37.0,10.0,0,0.0,0.0,0.0,0,true
src/main/org/apache/tools/ant/launch/Locator.java,189.0,6.0,28.0,8.0,41.0,36.0,1,0.008403361344537815,364.10526315789474,1323.3761942735325,1,true
src/main/org/apache/tools/ant/taskdefs/AbstractCvsTask.java,632.0,13.0,734.0,41.0,74.0,96.0,1,0.008403361344537815,132.0,851.4110184431595,1,true
src/main/org/apache/tools/ant/taskdefs/Ant.java,544.0,20.0,45.0,22.0,115.0,74.0,1,0.008403361344537815,207.85365853658539,1410.1024377900942,1,true
src/main/org/apache/tools/ant/taskdefs/AntStructure.java,269.0,16.0,11.0,7.0,46.0,31.0,0,0.0,0.0,0.0,0,true
src/main/org/apache/tools/ant/taskdefs/Antlib.java,102.0,12.0,5.0,6.0,29.0,17.0,0,0.0,0.0,0.0,0,true
src/main/org/apache/tools/ant/taskdefs/AntlibDefinition.java,51.0,3.0,2.0,4.0,2.0,12.0,0,0.0,0.0,0.0,0,true
src/main/org/apache/tools/ant/taskdefs/Available.java,393.0,11.0,107.0,19.0,67.0,57.0,0,0.0,0.0,0.0,0,true
src/main/org/apache/tools/ant/taskdefs/CVSPass.java,107.0,10.0,1.0,6.0,14.0,14.0,0,0.0,0.0,0.0,0,true
src/main/org/apache/tools/ant/taskdefs/Checksum.java,456.0,23.0,103.0,19.0,65.0,61.0,1,0.008403361344537815,132.0,851.4110184431595,1,true
src/main/org/apache/tools/ant/taskdefs/Concat.java,690.0,27.0,114.0,21.0,57.0,58.0,1,0.008403361344537815,207.85365853658539,1410.1024377900942,1,true
src/main/org/apache/tools/ant/taskdefs/Copy.java,524.0,19.0,380.0,32.0,69.0,88.0,0,0.0,0.0,0.0,0,true
src/main/org/apache/tools/ant/taskdefs/DefBase.java,107.0,6.0,0.0,11.0,14.0,25.0,0,0.0,0.0,0.0,0,true
src/main/org/apache/tools/ant/taskdefs/DefaultExcludes.java,69.0,4.0,2.0,5.0,8.0,12.0,0,0.0,0.0,0.0,0,true
src/main/org/apache/tools/ant/taskdefs/Definer.java,394.0,15.0,171.0,23.0,63.0,71.0,1,0.008403361344537815,207.85365853658539,1410.1024377900942,1,true
src/main/org/apache/tools/ant/taskdefs/Delete.java,515.0,24.0,0.0,40.0,29.0,71.0,0,0.0,0.0,0.0,0,true
src/main/org/apache/tools/ant/taskdefs/Ear.java,78.0,7.0,13.0,7.0,10.0,15.0,0,0.0,0.0,0.0,0,true
src/main/org/apache/tools/ant/taskdefs/Echo.java,113.0,7.0,3.0,6.0,10.0,15.0,0,0.0,0.0,0.0,0,true
src/main/org/apache/tools/ant/taskdefs/ExecTask.java,473.0,11.0,291.0,35.0,75.0,86.0,1,0.008403361344537815,364.10526315789474,1323.3761942735325,1,true
src/main/org/apache/tools/ant/taskdefs/Execute.java,918.0,17.0,285.0,27.0,83.0,95.0,1,0.008403361344537815,364.10526315789474,1323.3761942735325,1,true
src/main/org/apache/tools/ant/taskdefs/ExecuteJava.java,175.0,14.0,25.0,10.0,35.0,20.0,1,0.008403361344537815,0.0,0.0,1,true
src/main/org/apache/tools/ant/taskdefs/ExecuteOn.java,436.0,16.0,169.0,22.0,69.0,62.0,0,0.0,0.0,0.0,0,true
src/main/org/apache/tools/ant/taskdefs/ExecuteWatchdog.java,143.0,3.0,4.0,9.0,7.0,23.0,0,0.0,0.0,0.0,0,true
src/main/org/apache/tools/ant/taskdefs/Exit.java,108.0,2.0,9.0,7.0,13.0,19.0,0,0.0,0.0,0.0,0,true
src/main/org/apache/tools/ant/taskdefs/Filter.java,55.0,4.0,0.0,5.0,9.0,10.0,0,0.0,0.0,0.0,0,true
src/main/org/apache/tools/ant/taskdefs/FixCRLF.java,764.0,20.0,40.0,16.0,66.0,67.0,1,0.008403361344537815,207.85365853658539,1410.1024377900942,1,true
src/main/org/apache/tools/ant/taskdefs/Get.java,264.0,13.0,14.0,8.0,32.0,25.0,0,0.0,0.0,0.0,0,true
src/main/org/apache/tools/ant/taskdefs/ImportTask.java,101.0,15.0,0.0,4.0,20.0,13.0,1,0.008403361344537815,207.85365853658539,1410.1024377900942,1,true
src/main/org/apache/tools/ant/taskdefs/Input.java,86.0,6.0,9.0,7.0,13.0,16.0,0,0.0,0.0,0.0,0,true
src/main/org/apache/tools/ant/taskdefs/Jar.java,510.0,22.0,155.0,23.0,86.0,93.0,0,0.0,0.0,0.0,0,true
src/main/org/apache/tools/ant/taskdefs/Java.java,633.0,15.0,544.0,48.0,126.0,127.0,1,0.008403361344537815,364.10526315789474,1323.3761942735325,1,true
src/main/org/apache/tools/ant/taskdefs/Javac.java,793.0,12.0,2593.0,75.0,68.0,194.0,1,0.008403361344537815,364.10526315789474,1323.3761942735325,1,true
src/main/org/apache/tools/ant/taskdefs/Javadoc.java,1727.0,27.0,2820.0,84.0,232.0,193.0,0,0.0,0.0,0.0,0,true
src/main/org/apache/tools/ant/taskdefs/Jikes.java,84.0,7.0,0.0,2.0,17.0,8.0,0,0.0,0.0,0.0,0,true
src/main/org/apache/tools/ant/taskdefs/JikesOutputParser.java,114.0,7.0,48.0,12.0,13.0,26.0,0,0.0,0.0,0.0,0,true
src/main/org/apache/tools/ant/taskdefs/KeySubst.java,146.0,10.0,13.0,7.0,26.0,25.0,0,0.0,0.0,0.0,0,true
src/main/org/apache/tools/ant/taskdefs/LoadProperties.java,121.0,14.0,0.0,4.0,20.0,9.0,0,0.0,0.0,0.0,0,true
src/main/org/apache/tools/ant/taskdefs/LogOutputStream.java,119.0,5.0,12.0,9.0,11.0,20.0,0,0.0,0.0,0.0,0,true
src/main/org/apache/tools/ant/taskdefs/MacroDef.java,420.0,13.0,24.0,13.0,34.0,42.0,2,0.01680672268907563,571.9589216944801,2733.4786320636267,2,true
src/main/org/apache/tools/ant/taskdefs/MacroInstance.java,250.0,17.0,7.0,7.0,76.0,29.0,1,0.008403361344537815,207.85365853658539,1410.1024377900942,1,true
src/main/org/apache/tools/ant/taskdefs/Manifest.java,818.0,13.0,14.0,16.0,52.0,60.0,0,0.0,0.0,0.0,0,true
src/main/org/apache/tools/ant/taskdefs/MatchingTask.java,336.0,28.0,0.0,41.0,55.0,65.0,0,0.0,0.0,0.0,0,true
src/main/org/apache/tools/ant/taskdefs/Move.java,250.0,7.0,21.0,7.0,59.0,38.0,0,0.0,0.0,0.0,0,true
src/main/org/apache/tools/ant/taskdefs/Nice.java,64.0,3.0,0.0,3.0,8.0,9.0,1,0.008403361344537815,59.142857142857146,49.74789424701792,1,false
src/main/org/apache/tools/ant/taskdefs/Parallel.java,364.0,10.0,50.0,13.0,26.0,39.0,0,0.0,0.0,0.0,0,true
src/main/org/apache/tools/ant/taskdefs/Patch.java,141.0,6.0,0.0,10.0,34.0,25.0,0,0.0,0.0,0.0,0,true
src/main/org/apache/tools/ant/taskdefs/PreSetDef.java,230.0,8.0,0.0,3.0,9.0,7.0,1,0.008403361344537815,207.85365853658539,1410.1024377900942,1,true
src/main/org/apache/tools/ant/taskdefs/ProcessDestroyer.java,156.0,4.0,5.0,7.0,26.0,21.0,0,0.0,0.0,0.0,0,true
src/main/org/apache/tools/ant/taskdefs/Property.java,496.0,15.0,443.0,35.0,84.0,88.0,1,0.008403361344537815,132.0,851.4110184431595,1,true
src/main/org/apache/tools/ant/taskdefs/RecorderEntry.java,139.0,6.0,80.0,16.0,32.0,33.0,1,0.008403361344537815,207.85365853658539,1410.1024377900942,1,true
src/main/org/apache/tools/ant/taskdefs/Redirector.java,351.0,17.0,106.0,21.0,21.0,57.0,0,0.0,0.0,0.0,0,true
src/main/org/apache/tools/ant/taskdefs/Replace.java,459.0,21.0,75.0,18.0,64.0,49.0,0,0.0,0.0,0.0,0,true
src/main/org/apache/tools/ant/taskdefs/Rmic.java,482.0,16.0,933.0,47.0,65.0,119.0,0,0.0,0.0,0.0,0,true
src/main/org/apache/tools/ant/taskdefs/SQLExec.java,492.0,25.0,107.0,18.0,75.0,47.0,0,0.0,0.0,0.0,0,true
src/main/org/apache/tools/ant/taskdefs/Sleep.java,127.0,3.0,35.0,10.0,7.0,22.0,0,0.0,0.0,0.0,0,true
src/main/org/apache/tools/ant/taskdefs/StreamPumper.java,79.0,3.0,2.0,5.0,6.0,12.0,0,0.0,0.0,0.0,0,true
src/main/org/apache/tools/ant/taskdefs/SubAnt.java,354.0,13.0,205.0,22.0,71.0,49.0,0,0.0,0.0,0.0,0,true
src/main/org/apache/tools/ant/taskdefs/Sync.java,215.0,8.0,1.0,14.0,40.0,34.0,0,0.0,0.0,0.0,0,true
src/main/org/apache/tools/ant/taskdefs/Tar.java,508.0,21.0,15.0,11.0,65.0,32.0,0,0.0,0.0,0.0,0,true
src/main/org/apache/tools/ant/taskdefs/TaskOutputStream.java,54.0,3.0,0.0,3.0,6.0,8.0,0,0.0,0.0,0.0,0,true
src/main/org/apache/tools/ant/taskdefs/Taskdef.java,28.0,2.0,0.0,1.0,2.0,1.0,0,0.0,0.0,0.0,0,true
src/main/org/apache/tools/ant/taskdefs/TempFile.java,81.0,4.0,2.0,5.0,7.0,9.0,1,0.008403361344537815,207.85365853658539,1410.1024377900942,1,true
src/main/org/apache/tools/ant/taskdefs/Tstamp.java,251.0,15.0,2.0,4.0,12.0,12.0,0,0.0,0.0,0.0,0,true
src/main/org/apache/tools/ant/taskdefs/Untar.java,126.0,13.0,1.0,3.0,12.0,8.0,0,0.0,0.0,0.0,0,true
src/main/org/apache/tools/ant/taskdefs/WaitFor.java,129.0,5.0,5.0,6.0,10.0,12.0,0,0.0,0.0,0.0,0,true
src/main/org/apache/tools/ant/taskdefs/War.java,111.0,7.0,28.0,9.0,12.0,18.0,0,0.0,0.0,0.0,0,true
src/main/org/apache/tools/ant/taskdefs/WhichResource.java,132.0,6.0,1.0,7.0,13.0,20.0,2,0.01680672268907563,571.9589216944801,2733.4786320636267,2,true
src/main/org/apache/tools/ant/taskdefs/XSLTProcess.java,766.0,12.0,345.0,30.0,65.0,94.0,0,0.0,0.0,0.0,0,true
src/main/org/apache/tools/ant/taskdefs/Zip.java,897.0,32.0,362.0,36.0,167.0,113.0,1,0.008403361344537815,207.85365853658539,1410.1024377900942,1,true
src/main/org/apache/tools/ant/taskdefs/compilers/CompilerAdapter.java,23.0,2.0,1.0,2.0,0.0,4.0,0,0.0,0.0,0.0,0,true
src/main/org/apache/tools/ant/taskdefs/compilers/CompilerAdapterFactory.java,125.0,4.0,4.0,4.0,10.0,18.0,1,0.008403361344537815,364.10526315789474,1323.3761942735325,1,true
src/main/org/apache/tools/ant/taskdefs/compilers/DefaultCompilerAdapter.java,389.0,14.0,63.0,18.0,91.0,56.0,1,0.008403361344537815,364.10526315789474,1323.3761942735325,1,true
src/main/org/apache/tools/ant/taskdefs/compilers/Jikes.java,109.0,4.0,0.0,1.0,20.0,7.0,0,0.0,0.0,0.0,0,true
src/main/org/apache/tools/ant/taskdefs/compilers/Kjc.java,80.0,5.0,1.0,2.0,16.0,11.0,0,0.0,0.0,0.0,0,true
src/main/org/apache/tools/ant/taskdefs/condition/ConditionBase.java,163.0,6.0,0.0,19.0,19.0,22.0,2,0.01680672268907563,423.2481203007519,1373.1240885205505,2,false
src/main/org/apache/tools/ant/taskdefs/condition/Equals.java,56.0,1.0,4.0,5.0,3.0,13.0,0,0.0,0.0,0.0,0,true
src/main/org/apache/tools/ant/taskdefs/condition/FilesMatch.java,49.0,4.0,1.0,3.0,2.0,7.0,0,0.0,0.0,0.0,0,true
src/main/org/apache/tools/ant/taskdefs/condition/Socket.java,55.0,4.0,0.0,3.0,2.0,8.0,0,0.0,0.0,0.0,0,true
src/main/org/apache/tools/ant/taskdefs/cvslib/ChangeLogParser.java,177.0,6.0,0.0,10.0,32.0,34.0,0,0.0,0.0,0.0,0,true
src/main/org/apache/tools/ant/taskdefs/cvslib/ChangeLogTask.java,282.0,19.0,61.0,14.0,55.0,38.0,1,0.008403361344537815,132.0,851.4110184431595,1,true
src/main/org/apache/tools/ant/taskdefs/cvslib/ChangeLogWriter.java,61.0,4.0,1.0,2.0,16.0,7.0,0,0.0,0.0,0.0,0,true
src/main/org/apache/tools/ant/taskdefs/cvslib/CvsTagDiff.java,341.0,14.0,7.0,11.0,34.0,33.0,1,0.008403361344537815,132.0,851.4110184431595,1,true
src/main/org/apache/tools/ant/taskdefs/cvslib/CvsTagEntry.java,45.0,0.0,7.0,7.0,2.0,14.0,1,0.008403361344537815,132.0,851.4110184431595,1,true
src/main/org/apache/tools/ant/taskdefs/cvslib/CvsUser.java,59.0,1.0,0.0,5.0,0.0,10.0,0,0.0,0.0,0.0,0,true
src/main/org/apache/tools/ant/taskdefs/cvslib/RCSFile.java,30.0,0.0,4.0,5.0,1.0,9.0,0,0.0,0.0,0.0,0,true
src/main/org/apache/tools/ant/taskdefs/email/EmailTask.java,463.0,10.0,330.0,29.0,63.0,57.0,0,0.0,0.0,0.0,0,true
src/main/org/apache/tools/ant/taskdefs/email/MimeMailer.java,180.0,28.0,3.0,3.0,42.0,17.0,0,0.0,0.0,0.0,0,true
src/main/org/apache/tools/ant/taskdefs/optional/Cab.java,212.0,18.0,38.0,13.0,71.0,37.0,0,0.0,0.0,0.0,0,true
src/main/org/apache/tools/ant/taskdefs/optional/IContract.java,701.0,19.0,155.0,22.0,59.0,58.0,0,0.0,0.0,0.0,0,true
src/main/org/apache/tools/ant/taskdefs/optional/Javah.java,308.0,13.0,109.0,18.0,47.0,50.0,0,0.0,0.0,0.0,0,true
src/main/org/apache/tools/ant/taskdefs/optional/Native2Ascii.java,159.0,10.0,10.0,8.0,22.0,24.0,0,0.0,0.0,0.0,0,true
src/main/org/apache/tools/ant/taskdefs/optional/NetRexxC.java,704.0,20.0,806.0,45.0,73.0,106.0,0,0.0,0.0,0.0,0,true
src/main/org/apache/tools/ant/taskdefs/optional/PropertyFile.java,482.0,19.0,16.0,9.0,21.0,24.0,0,0.0,0.0,0.0,0,true
src/main/org/apache/tools/ant/taskdefs/optional/ReplaceRegExp.java,378.0,23.0,24.0,13.0,43.0,43.0,1,0.008403361344537815,207.85365853658539,1410.1024377900942,1,true
src/main/org/apache/tools/ant/taskdefs/optional/Rpm.java,225.0,19.0,37.0,11.0,29.0,23.0,0,0.0,0.0,0.0,0,true
src/main/org/apache/tools/ant/taskdefs/optional/Script.java,46.0,4.0,0.0,4.0,11.0,7.0,1,0.008403361344537815,207.85365853658539,1410.1024377900942,1,true
src/main/org/apache/tools/ant/taskdefs/optional/TraXLiaison.java,328.0,35.0,162.0,20.0,68.0,63.0,0,0.0,0.0,0.0,0,true
src/main/org/apache/tools/ant/taskdefs/optional/XMLValidateTask.java,393.0,28.0,113.0,18.0,51.0,54.0,0,0.0,0.0,0.0,0,true
src/main/org/apache/tools/ant/taskdefs/optional/ccm/CCMCheck.java,135.0,8.0,37.0,11.0,29.0,24.0,0,0.0,0.0,0.0,0,true
src/main/org/apache/tools/ant/taskdefs/optional/ccm/CCMCreateTask.java,234.0,10.0,178.0,20.0,35.0,45.0,0,0.0,0.0,0.0,0,true
src/main/org/apache/tools/ant/taskdefs/optional/ccm/CCMReconfigure.java,101.0,3.0,30.0,9.0,16.0,15.0,0,0.0,0.0,0.0,0,true
src/main/org/apache/tools/ant/taskdefs/optional/clearcase/CCCheckout.java,337.0,4.0,215.0,22.0,41.0,45.0,1,0.008403361344537815,132.0,851.4110184431595,1,true
src/main/org/apache/tools/ant/taskdefs/optional/clearcase/CCLock.java,256.0,4.0,141.0,18.0,35.0,42.0,1,0.008403361344537815,132.0,851.4110184431595,1,true
src/main/org/apache/tools/ant/taskdefs/optional/clearcase/CCUnCheckout.java,82.0,4.0,4.0,4.0,18.0,9.0,1,0.008403361344537815,132.0,851.4110184431595,1,true
src/main/org/apache/tools/ant/taskdefs/optional/clearcase/CCUnlock.java,160.0,4.0,49.0,11.0,29.0,26.0,1,0.008403361344537815,132.0,851.4110184431595,1,true
src/main/org/apache/tools/ant/taskdefs/optional/clearcase/CCUpdate.java,240.0,4.0,93.0,15.0,27.0,30.0,1,0.008403361344537815,132.0,851.4110184431595,1,true
src/main/org/apache/tools/ant/taskdefs/optional/clearcase/ClearCase.java,123.0,6.0,15.0,7.0,12.0,16.0,1,0.008403361344537815,132.0,851.4110184431595,1,true
src/main/org/apache/tools/ant/taskdefs/optional/depend/AntAnalyzer.java,104.0,10.0,3.0,3.0,21.0,12.0,0,0.0,0.0,0.0,0,true
src/main/org/apache/tools/ant/taskdefs/optional/depend/ClassFileIterator.java,11.0,0.0,0.0,1.0,0.0,2.0,0,0.0,0.0,0.0,0,true
src/main/org/apache/tools/ant/taskdefs/optional/depend/Depend.java,636.0,18.0,157.0,22.0,130.0,89.0,0,0.0,0.0,0.0,0,true
src/main/org/apache/tools/ant/taskdefs/optional/depend/DirectoryIterator.java,116.0,6.0,1.0,3.0,18.0,18.0,0,0.0,0.0,0.0,0,true
src/main/org/apache/tools/ant/taskdefs/optional/depend/JarFileIterator.java,51.0,4.0,0.0,2.0,7.0,11.0,0,0.0,0.0,0.0,0,true
src/main/org/apache/tools/ant/taskdefs/optional/depend/constantpool/ConstantPool.java,245.0,5.0,0.0,14.0,54.0,53.0,0,0.0,0.0,0.0,0,true
src/main/org/apache/tools/ant/taskdefs/optional/depend/constantpool/ConstantPoolEntry.java,174.0,2.0,11.0,7.0,2.0,20.0,0,0.0,0.0,0.0,0,true
src/main/org/apache/tools/ant/taskdefs/optional/depend/constantpool/FieldRefCPInfo.java,94.0,2.0,3.0,7.0,7.0,16.0,0,0.0,0.0,0.0,0,true
src/main/org/apache/tools/ant/taskdefs/optional/depend/constantpool/InterfaceMethodRefCPInfo.java,96.0,2.0,3.0,7.0,7.0,15.0,0,0.0,0.0,0.0,0,true
src/main/org/apache/tools/ant/taskdefs/optional/dotnet/CSharp.java,279.0,2.0,199.0,23.0,16.0,49.0,1,0.008403361344537815,364.10526315789474,1323.3761942735325,1,true
src/main/org/apache/tools/ant/taskdefs/optional/dotnet/DotnetCompile.java,719.0,9.0,1805.0,63.0,84.0,168.0,0,0.0,0.0,0.0,0,true
src/main/org/apache/tools/ant/taskdefs/optional/dotnet/Ilasm.java,359.0,6.0,365.0,30.0,30.0,77.0,0,0.0,0.0,0.0,0,true
src/main/org/apache/tools/ant/taskdefs/optional/dotnet/Ildasm.java,365.0,6.0,134.0,20.0,23.0,37.0,0,0.0,0.0,0.0,0,false
src/main/org/apache/tools/ant/taskdefs/optional/dotnet/ImportTypelib.java,153.0,5.0,8.0,9.0,14.0,18.0,0,0.0,0.0,0.0,0,true
src/main/org/apache/tools/ant/taskdefs/optional/dotnet/JSharp.java,95.0,1.0,32.0,9.0,4.0,16.0,0,0.0,0.0,0.0,0,true
src/main/org/apache/tools/ant/taskdefs/optional/dotnet/NetCommand.java,276.0,16.0,58.0,17.0,40.0,49.0,0,0.0,0.0,0.0,0,true
src/main/org/apache/tools/ant/taskdefs/optional/dotnet/VisualBasicCompile.java,299.0,1.0,253.0,26.0,17.0,79.0,0,0.0,0.0,0.0,0,true
src/main/org/apache/tools/ant/taskdefs/optional/dotnet/WsdlToDotnet.java,172.0,3.0,21.0,10.0,9.0,18.0,0,0.0,0.0,0.0,0,true
src/main/org/apache/tools/ant/taskdefs/optional/ejb/BorlandDeploymentTool.java,412.0,17.0,260.0,25.0,116.0,75.0,0,0.0,0.0,0.0,0,true
src/main/org/apache/tools/ant/taskdefs/optional/ejb/BorlandGenerateClient.java,220.0,8.0,22.0,13.0,49.0,40.0,0,0.0,0.0,0.0,0,true
src/main/org/apache/tools/ant/taskdefs/optional/ejb/DDCreator.java,83.0,7.0,0.0,4.0,17.0,8.0,0,0.0,0.0,0.0,0,true
src/main/org/apache/tools/ant/taskdefs/optional/ejb/DDCreatorHelper.java,90.0,4.0,4.0,4.0,12.0,15.0,0,0.0,0.0,0.0,0,true
src/main/org/apache/tools/ant/taskdefs/optional/ejb/DescriptorHandler.java,261.0,12.0,19.0,11.0,20.0,37.0,0,0.0,0.0,0.0,0,false
src/main/org/apache/tools/ant/taskdefs/optional/ejb/WebsphereDeploymentTool.java,654.0,17.0,436.0,32.0,101.0,79.0,0,0.0,0.0,0.0,0,true
src/main/org/apache/tools/ant/taskdefs/optional/extension/ExtensionUtil.java,129.0,10.0,21.0,7.0,33.0,30.0,0,0.0,0.0,0.0,0,true
src/main/org/apache/tools/ant/taskdefs/optional/extension/resolvers/AntResolver.java,51.0,7.0,0.0,6.0,11.0,13.0,0,0.0,0.0,0.0,0,true
src/main/org/apache/tools/ant/taskdefs/optional/i18n/Translate.java,479.0,18.0,78.0,17.0,64.0,50.0,0,0.0,0.0,0.0,0,true
src/main/org/apache/tools/ant/taskdefs/optional/j2ee/AbstractHotDeploymentTool.java,159.0,2.0,63.0,14.0,4.0,29.0,0,0.0,0.0,0.0,0,true
src/main/org/apache/tools/ant/taskdefs/optional/j2ee/GenericHotDeploymentTool.java,104.0,3.0,4.0,9.0,13.0,22.0,0,0.0,0.0,0.0,0,true
src/main/org/apache/tools/ant/taskdefs/optional/javacc/JJDoc.java,125.0,13.0,8.0,8.0,38.0,17.0,0,0.0,0.0,0.0,0,true
src/main/org/apache/tools/ant/taskdefs/optional/javacc/JJTree.java,259.0,13.0,69.0,22.0,69.0,45.0,0,0.0,0.0,0.0,0,true
src/main/org/apache/tools/ant/taskdefs/optional/jdepend/JDependTask.java,489.0,21.0,346.0,29.0,87.0,91.0,2,0.01680672268907563,571.9589216944801,2733.4786320636267,2,true
src/main/org/apache/tools/ant/taskdefs/optional/junit/JUnitTask.java,930.0,29.0,1036.0,52.0,214.0,175.0,1,0.008403361344537815,364.10526315789474,1323.3761942735325,1,true
src/main/org/apache/tools/ant/taskdefs/optional/junit/JUnitTestRunner.java,441.0,24.0,257.0,27.0,77.0,77.0,0,0.0,0.0,0.0,0,true
src/main/org/apache/tools/ant/taskdefs/optional/junit/PlainJUnitResultFormatter.java,156.0,9.0,42.0,12.0,33.0,27.0,0,0.0,0.0,0.0,0,true
src/main/org/apache/tools/ant/taskdefs/optional/metamata/AbstractMetamataTask.java,285.0,19.0,219.0,23.0,80.0,57.0,0,0.0,0.0,0.0,0,true
src/main/org/apache/tools/ant/taskdefs/optional/net/FTP.java,1728.0,31.0,608.0,41.0,167.0,156.0,1,0.008403361344537815,132.0,851.4110184431595,1,true
src/main/org/apache/tools/ant/taskdefs/optional/net/SetProxy.java,223.0,7.0,35.0,11.0,17.0,24.0,1,0.008403361344537815,207.85365853658539,1410.1024377900942,1,true
src/main/org/apache/tools/ant/taskdefs/optional/net/TelnetTask.java,280.0,10.0,21.0,10.0,11.0,23.0,0,0.0,0.0,0.0,0,true
src/main/org/apache/tools/ant/taskdefs/optional/perforce/P4Submit.java,77.0,3.0,0.0,2.0,1.0,6.0,1,0.008403361344537815,132.0,851.4110184431595,1,true
src/main/org/apache/tools/ant/taskdefs/optional/script/ScriptDef.java,252.0,16.0,7.0,10.0,34.0,23.0,0,0.0,0.0,0.0,0,true
src/main/org/apache/tools/ant/taskdefs/optional/sitraka/CovMerge.java,140.0,12.0,12.0,8.0,44.0,23.0,0,0.0,0.0,0.0,0,true
src/main/org/apache/tools/ant/taskdefs/optional/sitraka/Coverage.java,362.0,18.0,244.0,25.0,55.0,56.0,0,0.0,0.0,0.0,0,true
src/main/org/apache/tools/ant/taskdefs/optional/splash/SplashTask.java,154.0,10.0,14.0,8.0,26.0,16.0,0,0.0,0.0,0.0,0,true
src/main/org/apache/tools/ant/taskdefs/optional/ssh/AbstractSshMessage.java,63.0,9.0,28.0,9.0,13.0,19.0,0,0.0,0.0,0.0,0,true
src/main/org/apache/tools/ant/taskdefs/optional/ssh/SSHBase.java,119.0,6.0,40.0,16.0,15.0,30.0,0,0.0,0.0,0.0,0,true
src/main/org/apache/tools/ant/taskdefs/optional/ssh/SSHExec.java,204.0,11.0,20.0,9.0,32.0,29.0,0,0.0,0.0,0.0,0,true
src/main/org/apache/tools/ant/taskdefs/optional/ssh/SSHUserInfo.java,132.0,1.0,135.0,19.0,0.0,36.0,0,0.0,0.0,0.0,0,true
src/main/org/apache/tools/ant/taskdefs/optional/ssh/Scp.java,204.0,12.0,41.0,11.0,57.0,39.0,0,0.0,0.0,0.0,0,true
src/main/org/apache/tools/ant/taskdefs/optional/ssh/ScpToMessage.java,117.0,10.0,3.0,10.0,45.0,26.0,1,0.008403361344537815,364.10526315789474,1323.3761942735325,1,true
src/main/org/apache/tools/ant/taskdefs/optional/starteam/StarTeamCheckout.java,445.0,11.0,113.0,18.0,70.0,63.0,0,0.0,0.0,0.0,0,true
src/main/org/apache/tools/ant/taskdefs/optional/starteam/StarTeamLabel.java,127.0,7.0,11.0,7.0,6.0,18.0,0,0.0,0.0,0.0,0,true
src/main/org/apache/tools/ant/taskdefs/optional/starteam/StarTeamList.java,202.0,11.0,53.0,11.0,56.0,38.0,0,0.0,0.0,0.0,0,true
src/main/org/apache/tools/ant/taskdefs/optional/starteam/StarTeamTask.java,259.0,10.0,157.0,22.0,21.0,54.0,0,0.0,0.0,0.0,0,true
src/main/org/apache/tools/ant/taskdefs/optional/starteam/TreeBasedTask.java,641.0,16.0,629.0,39.0,57.0,125.0,0,0.0,0.0,0.0,0,true
src/main/org/apache/tools/ant/taskdefs/optional/unix/Symlink.java,528.0,15.0,82.0,17.0,82.0,65.0,0,0.0,0.0,0.0,0,true
src/main/org/apache/tools/ant/taskdefs/optional/vss/MSVSS.java,634.0,14.0,1361.0,54.0,56.0,140.0,0,0.0,0.0,0.0,0,true
src/main/org/apache/tools/ant/types/AbstractFileSet.java,559.0,30.0,967.0,50.0,165.0,140.0,0,0.0,0.0,0.0,0,true
src/main/org/apache/tools/ant/types/Assertions.java,269.0,5.0,5.0,11.0,32.0,29.0,0,0.0,0.0,0.0,0,true
src/main/org/apache/tools/ant/types/Commandline.java,493.0,10.0,295.0,27.0,57.0,86.0,0,0.0,0.0,0.0,0,true
src/main/org/apache/tools/ant/types/CommandlineJava.java,544.0,9.0,485.0,38.0,70.0,90.0,1,0.008403361344537815,364.10526315789474,1323.3761942735325,1,true
src/main/org/apache/tools/ant/types/Path.java,534.0,10.0,274.0,29.0,131.0,106.0,1,0.008403361344537815,364.10526315789474,1323.3761942735325,1,true
src/main/org/apache/tools/ant/types/PatternSet.java,379.0,10.0,155.0,22.0,101.0,87.0,1,0.008403361344537815,207.85365853658539,1410.1024377900942,1,true
src/main/org/apache/tools/ant/types/PropertySet.java,256.0,10.0,110.0,16.0,62.0,40.0,1,0.008403361344537815,364.10526315789474,1323.3761942735325,1,true
src/main/org/apache/tools/ant/types/RegularExpression.java,118.0,5.0,1.0,7.0,19.0,21.0,1,0.008403361344537815,132.0,851.4110184431595,1,true
src/main/org/apache/tools/ant/types/XMLCatalog.java,788.0,25.0,236.0,24.0,131.0,97.0,1,0.008403361344537815,132.0,851.4110184431595,1,true
src/main/org/apache/tools/ant/types/ZipFileSet.java,249.0,6.0,91.0,19.0,50.0,60.0,0,0.0,0.0,0.0,0,true
src/main/org/apache/tools/ant/types/optional/image/Scale.java,114.0,5.0,18.0,8.0,25.0,25.0,0,0.0,0.0,0.0,0,true
src/main/org/apache/tools/ant/types/resolver/ApacheCatalogResolver.java,99.0,9.0,0.0,4.0,13.0,12.0,0,0.0,0.0,0.0,0,true
src/main/org/apache/tools/ant/types/selectors/BaseSelectorContainer.java,245.0,6.0,358.0,28.0,36.0,45.0,0,0.0,0.0,0.0,0,true
src/main/org/apache/tools/ant/types/selectors/MappingSelector.java,93.0,6.0,11.0,7.0,9.0,21.0,0,0.0,0.0,0.0,0,true
src/main/org/apache/tools/ant/types/selectors/SelectorContainer.java,132.0,3.0,276.0,24.0,0.0,31.0,0,0.0,0.0,0.0,0,true
src/main/org/apache/tools/ant/types/selectors/modifiedselector/Algorithm.java,22.0,1.0,1.0,2.0,0.0,6.0,0,0.0,0.0,0.0,0,true
src/main/org/apache/tools/ant/types/selectors/modifiedselector/Cache.java,47.0,1.0,21.0,7.0,0.0,13.0,0,0.0,0.0,0.0,0,true
src/main/org/apache/tools/ant/types/selectors/modifiedselector/DigestAlgorithm.java,151.0,8.0,3.0,6.0,14.0,23.0,0,0.0,0.0,0.0,0,true
src/main/org/apache/tools/ant/types/selectors/modifiedselector/EqualComparator.java,36.0,1.0,1.0,2.0,1.0,7.0,0,0.0,0.0,0.0,0,true
src/main/org/apache/tools/ant/types/selectors/modifiedselector/HashvalueAlgorithm.java,49.0,1.0,3.0,3.0,6.0,11.0,0,0.0,0.0,0.0,0,true
src/main/org/apache/tools/ant/types/selectors/modifiedselector/ModifiedSelector.java,500.0,9.0,75.0,18.0,53.0,48.0,0,0.0,0.0,0.0,0,true
src/main/org/apache/tools/ant/types/selectors/modifiedselector/PropertiesfileCache.java,158.0,9.0,0.0,12.0,25.0,30.0,0,0.0,0.0,0.0,0,true
src/main/org/apache/tools/ant/util/DateUtils.java,187.0,9.0,45.0,10.0,21.0,40.0,0,0.0,0.0,0.0,0,true
src/main/org/apache/tools/ant/util/FileUtils.java,1046.0,29.0,593.0,35.0,142.0,155.0,2,0.01680672268907563,266.99651567944255,1459.8503320371121,2,true
src/main/org/apache/tools/ant/util/JAXPUtils.java,180.0,11.0,55.0,11.0,27.0,47.0,1,0.008403361344537815,364.10526315789474,1323.3761942735325,1,true
src/main/org/apache/tools/ant/util/ResourceUtils.java,83.0,8.0,1.0,2.0,19.0,9.0,0,0.0,0.0,0.0,0,true
src/main/org/apache/tools/ant/util/ScriptRunner.java,128.0,9.0,7.0,7.0,26.0,22.0,1,0.008403361344537815,207.85365853658539,1410.1024377900942,1,true
src/main/org/apache/tools/ant/util/SourceFileScanner.java,95.0,5.0,0.0,6.0,19.0,19.0,0,0.0,0.0,0.0,0,true
src/main/org/apache/tools/ant/util/XMLFragment.java,75.0,8.0,0.0,6.0,12.0,12.0,1,0.008403361344537815,364.10526315789474,1323.3761942735325,1,true
src/main/org/apache/tools/bzip2/CBZip2OutputStream.java,1267.0,2.0,336.0,33.0,52.0,121.0,0,0.0,0.0,0.0,0,true
src/testcases/org/apache/tools/ant/BuildFileTest.java,374.0,5.0,334.0,28.0,58.0,71.0,1,0.008403361344537815,132.0,851.4110184431595,1,true
src/testcases/org/apache/tools/ant/filters/ConcatFilterTest.java,83.0,4.0,46.0,13.0,25.0,25.0,0,0.0,0.0,0.0,0,true
src/testcases/org/apache/tools/ant/taskdefs/AntTest.java,380.0,8.0,496.0,32.0,84.0,45.0,0,0.0,0.0,0.0,0,true
src/testcases/org/apache/tools/ant/taskdefs/AntlibTest.java,35.0,3.0,10.0,5.0,4.0,6.0,0,0.0,0.0,0.0,0,true
src/testcases/org/apache/tools/ant/taskdefs/ImportTest.java,57.0,5.0,55.0,11.0,31.0,22.0,1,0.008403361344537815,207.85365853658539,1410.1024377900942,1,true
src/testcases/org/apache/tools/ant/taskdefs/JarTest.java,189.0,13.0,354.0,28.0,66.0,48.0,2,0.01680672268907563,496.10526315789474,2174.787212716692,2,true
src/testcases/org/apache/tools/ant/taskdefs/MacroDefTest.java,32.0,3.0,36.0,9.0,8.0,12.0,1,0.008403361344537815,207.85365853658539,1410.1024377900942,1,true
src/testcases/org/apache/tools/ant/taskdefs/NiceTest.java,29.0,1.0,28.0,8.0,7.0,9.0,1,0.008403361344537815,59.142857142857146,49.74789424701792,1,false
src/testcases/org/apache/tools/ant/taskdefs/PreSetDefTest.java,52.0,4.0,45.0,10.0,9.0,11.0,1,0.008403361344537815,207.85365853658539,1410.1024377900942,1,true
src/testcases/org/apache/tools/ant/taskdefs/ReplaceTest.java,69.0,3.0,78.0,13.0,18.0,22.0,0,0.0,0.0,0.0,0,true
src/testcases/org/apache/tools/ant/taskdefs/WarTest.java,24.0,2.0,6.0,4.0,7.0,4.0,0,0.0,0.0,0.0,0,true
src/testcases/org/apache/tools/ant/taskdefs/XmlnsTest.java,34.0,3.0,28.0,8.0,7.0,9.0,1,0.008403361344537815,207.85365853658539,1410.1024377900942,1,true
src/testcases/org/apache/tools/ant/taskdefs/optional/DotnetTest.java,84.0,3.0,66.0,12.0,11.0,28.0,0,0.0,0.0,0.0,0,true
src/testcases/org/apache/tools/ant/taskdefs/optional/RhinoReferenceTest.java,19.0,1.0,3.0,3.0,2.0,4.0,0,0.0,0.0,0.0,0,true
src/testcases/org/apache/tools/ant/taskdefs/optional/XmlValidateTest.java,127.0,4.0,91.0,14.0,22.0,26.0,0,0.0,0.0,0.0,0,true
src/testcases/org/apache/tools/ant/taskdefs/optional/jdepend/JDependTest.java,64.0,11.0,45.0,10.0,12.0,15.0,1,0.008403361344537815,207.85365853658539,1410.1024377900942,1,true
src/testcases/org/apache/tools/ant/taskdefs/optional/junit/JUnitVersionHelperTest.java,59.0,3.0,28.0,8.0,14.0,8.0,0,0.0,0.0,0.0,0,true
src/testcases/org/apache/tools/ant/taskdefs/optional/junit/XMLFormatterWithCDATAOnSystemOut.java,30.0,5.0,3.0,3.0,12.0,5.0,0,0.0,0.0,0.0,0,false
src/testcases/org/apache/tools/ant/taskdefs/optional/net/FTPTest.java,463.0,10.0,0.0,31.0,238.0,80.0,0,0.0,0.0,0.0,0,true
src/testcases/org/apache/tools/ant/taskdefs/optional/sitraka/ClassFileTest.java,34.0,6.0,3.0,3.0,15.0,7.0,0,0.0,0.0,0.0,0,true
src/testcases/org/apache/tools/ant/types/AddTypeTest.java,109.0,5.0,120.0,16.0,15.0,18.0,0,0.0,0.0,0.0,0,true
src/testcases/org/apache/tools/ant/types/AssertionsTest.java,51.0,1.0,91.0,14.0,13.0,22.0,0,0.0,0.0,0.0,0,false
src/testcases/org/apache/tools/ant/types/CommandlineJavaTest.java,86.0,4.0,4.0,5.0,39.0,8.0,0,0.0,0.0,0.0,0,true
src/testcases/org/apache/tools/ant/types/XMLCatalogTest.java,291.0,13.0,0.0,15.0,133.0,39.0,1,0.008403361344537815,132.0,851.4110184431595,1,true
src/testcases/org/apache/tools/ant/types/selectors/BaseSelectorTest.java,216.0,6.0,86.0,16.0,34.0,47.0,0,0.0,0.0,0.0,0,true
src/testcases/org/apache/tools/ant/types/selectors/ModifiedSelectorTest.java,466.0,8.0,378.0,28.0,156.0,66.0,0,0.0,0.0,0.0,0,true
src/testcases/org/apache/tools/ant/util/XMLFragmentTest.java,49.0,4.0,6.0,4.0,27.0,5.0,1,0.008403361344537815,364.10526315789474,1323.3761942735325,1,false
