name,LOC,CBO,LCOM,NOM,RFC,WMC,numOfChanges,bccm,structuralWorkloadSum,semanticWorkloadSum,numberOfDeveloper,isBuggy
proposal/sandbox/dotnet/src/main/org/apache/tools/ant/taskdefs/optional/dotnet/AbstractBuildTask.java,192.0,12.0,52.0,13.0,24.0,34.0,0,0.0,0.0,0.0,0,false
proposal/sandbox/dotnet/src/main/org/apache/tools/ant/taskdefs/optional/dotnet/DotNetExecTask.java,80.0,3.0,3.0,6.0,10.0,12.0,0,0.0,0.0,0.0,0,false
proposal/sandbox/dotnet/src/main/org/apache/tools/ant/taskdefs/optional/dotnet/MSBuildTask.java,79.0,8.0,15.0,6.0,26.0,22.0,0,0.0,0.0,0.0,0,false
proposal/sandbox/dotnet/src/main/org/apache/tools/ant/taskdefs/optional/dotnet/NAntTask.java,55.0,8.0,15.0,6.0,25.0,18.0,0,0.0,0.0,0.0,0,false
proposal/sandbox/dotnet/src/main/org/apache/tools/ant/taskdefs/optional/dotnet/WixTask.java,237.0,9.0,71.0,15.0,55.0,38.0,0,0.0,0.0,0.0,0,false
proposal/sandbox/dotnet/src/testcases/org/apache/tools/ant/taskdefs/optional/dotnet/DotNetExecTaskTest.java,34.0,1.0,6.0,4.0,3.0,7.0,0,0.0,0.0,0.0,0,true
proposal/sandbox/dotnet/src/testcases/org/apache/tools/ant/taskdefs/optional/dotnet/MSBuildTaskTest.java,37.0,1.0,10.0,5.0,10.0,11.0,0,0.0,0.0,0.0,0,false
proposal/sandbox/dotnet/src/testcases/org/apache/tools/ant/taskdefs/optional/dotnet/NAntTaskTest.java,37.0,1.0,10.0,5.0,10.0,11.0,0,0.0,0.0,0.0,0,false
src/etc/testcases/types/assertions/AssertionMain.java,8.0,0.0,0.0,1.0,0.0,1.0,0,0.0,0.0,0.0,0,false
src/etc/testcases/types/assertions/AssertionTest.java,13.0,1.0,3.0,3.0,1.0,3.0,0,0.0,0.0,0.0,0,false
src/main/org/apache/tools/ant/AntClassLoader.java,976.0,19.0,865.0,46.0,127.0,168.0,2,0.013605442176870748,298.9090909090909,2798.667187611661,2,true
src/main/org/apache/tools/ant/AntTypeDefinition.java,310.0,0.0,75.0,18.0,36.0,56.0,0,0.0,0.0,0.0,0,true
src/main/org/apache/tools/ant/ComponentHelper.java,690.0,13.0,248.0,33.0,159.0,107.0,1,0.006802721088435374,99.25,348.43984800766816,1,true
src/main/org/apache/tools/ant/DemuxInputStream.java,28.0,2.0,0.0,3.0,2.0,9.0,1,0.006802721088435374,62.193548387096776,1175.4802654400987,1,true
src/main/org/apache/tools/ant/DirectoryScanner.java,1147.0,17.0,1058.0,52.0,147.0,184.0,1,0.006802721088435374,242.0,2623.008634263507,1,true
src/main/org/apache/tools/ant/DynamicAttribute.java,13.0,0.0,0.0,1.0,0.0,2.0,1,0.006802721088435374,62.193548387096776,1175.4802654400987,1,true
src/main/org/apache/tools/ant/DynamicAttributeNS.java,16.0,0.0,0.0,1.0,0.0,4.0,1,0.006802721088435374,62.193548387096776,1175.4802654400987,1,true
src/main/org/apache/tools/ant/DynamicConfigurator.java,6.0,0.0,0.0,0.0,0.0,0.0,1,0.006802721088435374,62.193548387096776,1175.4802654400987,1,true
src/main/org/apache/tools/ant/DynamicConfiguratorNS.java,6.0,0.0,0.0,0.0,0.0,0.0,1,0.006802721088435374,62.193548387096776,1175.4802654400987,1,false
src/main/org/apache/tools/ant/DynamicElement.java,13.0,0.0,0.0,1.0,0.0,3.0,1,0.006802721088435374,62.193548387096776,1175.4802654400987,1,true
src/main/org/apache/tools/ant/DynamicElementNS.java,15.0,0.0,0.0,1.0,0.0,5.0,1,0.006802721088435374,62.193548387096776,1175.4802654400987,1,true
src/main/org/apache/tools/ant/ExitStatusException.java,34.0,0.0,0.0,3.0,0.0,4.0,1,0.006802721088435374,99.25,348.43984800766816,1,false
src/main/org/apache/tools/ant/IntrospectionHelper.java,1100.0,11.0,2184.0,68.0,150.0,199.0,2,0.013605442176870748,304.19354838709677,3798.4888997036055,2,true
src/main/org/apache/tools/ant/Main.java,848.0,13.0,132.0,21.0,149.0,97.0,1,0.006802721088435374,99.25,348.43984800766816,1,true
src/main/org/apache/tools/ant/Project.java,1665.0,23.0,4377.0,99.0,237.0,309.0,3,0.02040816326530612,398.1590909090909,3147.107035619329,3,true
src/main/org/apache/tools/ant/ProjectComponent.java,59.0,0.0,4.0,5.0,3.0,9.0,0,0.0,0.0,0.0,0,true
src/main/org/apache/tools/ant/ProjectHelper.java,395.0,10.0,153.0,18.0,56.0,73.0,2,0.013605442176870748,304.19354838709677,3798.4888997036055,2,true
src/main/org/apache/tools/ant/PropertyHelper.java,419.0,3.0,80.0,20.0,69.0,71.0,0,0.0,0.0,0.0,0,true
src/main/org/apache/tools/ant/RuntimeConfigurable.java,363.0,13.0,134.0,21.0,47.0,68.0,2,0.013605442176870748,119.10263929618768,1351.138818788253,2,true
src/main/org/apache/tools/ant/Target.java,359.0,7.0,259.0,27.0,46.0,76.0,3,0.02040816326530612,218.35263929618768,1699.5786667959214,3,true
src/main/org/apache/tools/ant/Task.java,377.0,3.0,355.0,30.0,46.0,71.0,2,0.013605442176870748,100.76497695852535,1233.2828919640137,2,true
src/main/org/apache/tools/ant/TaskAdapter.java,103.0,3.0,4.0,5.0,13.0,17.0,1,0.006802721088435374,38.57142857142857,57.80262652391499,1,true
src/main/org/apache/tools/ant/UnknownElement.java,454.0,5.0,273.0,30.0,101.0,88.0,2,0.013605442176870748,100.76497695852535,1233.2828919640137,2,true
src/main/org/apache/tools/ant/XmlLogger.java,391.0,16.0,57.0,15.0,77.0,50.0,1,0.006802721088435374,62.193548387096776,1175.4802654400987,1,true
src/main/org/apache/tools/ant/dispatch/DispatchTask.java,23.0,1.0,1.0,3.0,0.0,5.0,1,0.006802721088435374,38.57142857142857,57.80262652391499,1,false
src/main/org/apache/tools/ant/dispatch/DispatchUtils.java,94.0,5.0,0.0,1.0,12.0,7.0,1,0.006802721088435374,38.57142857142857,57.80262652391499,1,false
src/main/org/apache/tools/ant/dispatch/Dispatchable.java,8.0,0.0,0.0,1.0,0.0,1.0,1,0.006802721088435374,38.57142857142857,57.80262652391499,1,false
src/main/org/apache/tools/ant/filters/EscapeUnicode.java,83.0,2.0,4.0,5.0,10.0,14.0,0,0.0,0.0,0.0,0,true
src/main/org/apache/tools/ant/filters/StringInputStream.java,20.0,4.0,1.0,2.0,0.0,3.0,0,0.0,0.0,0.0,0,true
src/main/org/apache/tools/ant/filters/TokenFilter.java,764.0,13.0,49.0,19.0,27.0,41.0,1,0.006802721088435374,62.193548387096776,1175.4802654400987,1,true
src/main/org/apache/tools/ant/helper/AntXMLContext.java,279.0,12.0,259.0,26.0,24.0,49.0,0,0.0,0.0,0.0,0,true
src/main/org/apache/tools/ant/helper/ProjectHelper2.java,754.0,26.0,1.0,3.0,45.0,14.0,1,0.006802721088435374,62.193548387096776,1175.4802654400987,1,true
src/main/org/apache/tools/ant/launch/LaunchException.java,14.0,0.0,0.0,1.0,0.0,2.0,0,0.0,0.0,0.0,0,true
src/main/org/apache/tools/ant/launch/Launcher.java,143.0,8.0,1.0,2.0,38.0,11.0,0,0.0,0.0,0.0,0,true
src/main/org/apache/tools/ant/launch/Locator.java,201.0,7.0,28.0,8.0,49.0,37.0,0,0.0,0.0,0.0,0,true
src/main/org/apache/tools/ant/listener/CommonsLoggingListener.java,236.0,10.0,25.0,14.0,52.0,32.0,0,0.0,0.0,0.0,0,true
src/main/org/apache/tools/ant/taskdefs/AbstractCvsTask.java,638.0,13.0,773.0,42.0,74.0,98.0,1,0.006802721088435374,56.90909090909091,175.65855334815444,1,true
src/main/org/apache/tools/ant/taskdefs/Ant.java,544.0,20.0,45.0,22.0,115.0,74.0,2,0.013605442176870748,341.25,2971.4484822711747,2,true
src/main/org/apache/tools/ant/taskdefs/Concat.java,799.0,28.0,135.0,23.0,66.0,67.0,1,0.006802721088435374,62.193548387096776,1175.4802654400987,1,true
src/main/org/apache/tools/ant/taskdefs/Copy.java,519.0,19.0,380.0,32.0,69.0,88.0,1,0.006802721088435374,242.0,2623.008634263507,1,true
src/main/org/apache/tools/ant/taskdefs/DefBase.java,112.0,6.0,64.0,12.0,24.0,29.0,1,0.006802721088435374,62.193548387096776,1175.4802654400987,1,true
src/main/org/apache/tools/ant/taskdefs/Definer.java,414.0,16.0,171.0,23.0,68.0,71.0,1,0.006802721088435374,62.193548387096776,1175.4802654400987,1,true
src/main/org/apache/tools/ant/taskdefs/Delete.java,528.0,25.0,0.0,41.0,33.0,72.0,1,0.006802721088435374,62.193548387096776,1175.4802654400987,1,true
src/main/org/apache/tools/ant/taskdefs/ExecTask.java,505.0,12.0,316.0,37.0,77.0,95.0,0,0.0,0.0,0.0,0,true
src/main/org/apache/tools/ant/taskdefs/Execute.java,950.0,18.0,334.0,29.0,98.0,102.0,1,0.006802721088435374,99.25,348.43984800766816,1,true
src/main/org/apache/tools/ant/taskdefs/ExecuteOn.java,496.0,16.0,251.0,26.0,88.0,71.0,1,0.006802721088435374,99.25,348.43984800766816,1,true
src/main/org/apache/tools/ant/taskdefs/Exit.java,164.0,5.0,29.0,11.0,19.0,32.0,1,0.006802721088435374,99.25,348.43984800766816,1,true
src/main/org/apache/tools/ant/taskdefs/GenerateKey.java,274.0,6.0,52.0,13.0,15.0,32.0,1,0.006802721088435374,242.0,2623.008634263507,1,true
src/main/org/apache/tools/ant/taskdefs/Get.java,258.0,13.0,14.0,8.0,31.0,25.0,0,0.0,0.0,0.0,0,true
src/main/org/apache/tools/ant/taskdefs/ImportTask.java,89.0,15.0,0.0,3.0,17.0,10.0,0,0.0,0.0,0.0,0,true
src/main/org/apache/tools/ant/taskdefs/Jar.java,645.0,31.0,278.0,28.0,125.0,116.0,1,0.006802721088435374,242.0,2623.008634263507,1,true
src/main/org/apache/tools/ant/taskdefs/Java.java,676.0,18.0,649.0,51.0,132.0,138.0,0,0.0,0.0,0.0,0,true
src/main/org/apache/tools/ant/taskdefs/LoadProperties.java,183.0,18.0,16.0,9.0,29.0,22.0,0,0.0,0.0,0.0,0,true
src/main/org/apache/tools/ant/taskdefs/LogOutputStream.java,120.0,5.0,4.0,9.0,12.0,21.0,0,0.0,0.0,0.0,0,true
src/main/org/apache/tools/ant/taskdefs/MacroDef.java,612.0,15.0,47.0,14.0,39.0,46.0,1,0.006802721088435374,62.193548387096776,1175.4802654400987,1,true
src/main/org/apache/tools/ant/taskdefs/MacroInstance.java,307.0,18.0,27.0,11.0,99.0,44.0,1,0.006802721088435374,62.193548387096776,1175.4802654400987,1,true
src/main/org/apache/tools/ant/taskdefs/Nice.java,64.0,3.0,0.0,3.0,8.0,9.0,0,0.0,0.0,0.0,0,false
src/main/org/apache/tools/ant/taskdefs/Parallel.java,361.0,10.0,50.0,13.0,26.0,39.0,0,0.0,0.0,0.0,0,true
src/main/org/apache/tools/ant/taskdefs/ProcessDestroyer.java,162.0,4.0,1.0,7.0,28.0,24.0,1,0.006802721088435374,242.0,2623.008634263507,1,true
src/main/org/apache/tools/ant/taskdefs/PumpStreamHandler.java,168.0,3.0,41.0,15.0,11.0,26.0,0,0.0,0.0,0.0,0,true
src/main/org/apache/tools/ant/taskdefs/Redirector.java,610.0,31.0,401.0,34.0,46.0,92.0,0,0.0,0.0,0.0,0,true
src/main/org/apache/tools/ant/taskdefs/SignJar.java,293.0,13.0,121.0,18.0,41.0,42.0,1,0.006802721088435374,62.193548387096776,1175.4802654400987,1,true
src/main/org/apache/tools/ant/taskdefs/SubAnt.java,358.0,13.0,205.0,22.0,72.0,49.0,1,0.006802721088435374,242.0,2623.008634263507,1,true
src/main/org/apache/tools/ant/taskdefs/Sync.java,214.0,8.0,1.0,14.0,40.0,34.0,1,0.006802721088435374,242.0,2623.008634263507,1,true
src/main/org/apache/tools/ant/taskdefs/Tar.java,608.0,21.0,15.0,11.0,69.0,35.0,0,0.0,0.0,0.0,0,true
src/main/org/apache/tools/ant/taskdefs/XSLTProcess.java,820.0,14.0,373.0,31.0,68.0,97.0,1,0.006802721088435374,242.0,2623.008634263507,1,true
src/main/org/apache/tools/ant/taskdefs/Zip.java,929.0,32.0,392.0,37.0,172.0,116.0,1,0.006802721088435374,242.0,2623.008634263507,1,true
src/main/org/apache/tools/ant/taskdefs/compilers/DefaultCompilerAdapter.java,379.0,14.0,63.0,18.0,90.0,56.0,1,0.006802721088435374,99.25,348.43984800766816,1,true
src/main/org/apache/tools/ant/taskdefs/compilers/Gcj.java,81.0,4.0,3.0,3.0,24.0,14.0,0,0.0,0.0,0.0,0,true
src/main/org/apache/tools/ant/taskdefs/optional/Javah.java,298.0,13.0,109.0,18.0,45.0,50.0,0,0.0,0.0,0.0,0,true
src/main/org/apache/tools/ant/taskdefs/optional/XMLValidateTask.java,510.0,28.0,142.0,20.0,58.0,61.0,2,0.013605442176870748,195.01435406698565,592.2485958444518,2,true
src/main/org/apache/tools/ant/taskdefs/optional/dotnet/CSharp.java,278.0,2.0,199.0,23.0,16.0,50.0,1,0.006802721088435374,242.0,2623.008634263507,1,true
src/main/org/apache/tools/ant/taskdefs/optional/dotnet/DotnetCompile.java,717.0,9.0,1805.0,63.0,84.0,168.0,0,0.0,0.0,0.0,0,true
src/main/org/apache/tools/ant/taskdefs/optional/dotnet/DotnetDefine.java,67.0,3.0,5.0,6.0,4.0,18.0,0,0.0,0.0,0.0,0,false
src/main/org/apache/tools/ant/taskdefs/optional/dotnet/DotnetResource.java,103.0,2.0,37.0,10.0,13.0,21.0,0,0.0,0.0,0.0,0,true
src/main/org/apache/tools/ant/taskdefs/optional/dotnet/Ildasm.java,365.0,6.0,134.0,20.0,23.0,37.0,0,0.0,0.0,0.0,0,false
src/main/org/apache/tools/ant/taskdefs/optional/dotnet/ImportTypelib.java,155.0,5.0,8.0,9.0,14.0,21.0,0,0.0,0.0,0.0,0,true
src/main/org/apache/tools/ant/taskdefs/optional/ejb/IPlanetDeploymentTool.java,253.0,7.0,52.0,12.0,40.0,37.0,0,0.0,0.0,0.0,0,true
src/main/org/apache/tools/ant/taskdefs/optional/extension/Specification.java,432.0,7.0,99.0,19.0,58.0,68.0,0,0.0,0.0,0.0,0,true
src/main/org/apache/tools/ant/taskdefs/optional/image/Image.java,219.0,18.0,39.0,14.0,39.0,30.0,0,0.0,0.0,0.0,0,true
src/main/org/apache/tools/ant/taskdefs/optional/jdepend/JDependTask.java,498.0,21.0,346.0,29.0,88.0,91.0,0,0.0,0.0,0.0,0,true
src/main/org/apache/tools/ant/taskdefs/optional/jsp/JspC.java,475.0,12.0,734.0,41.0,58.0,102.0,0,0.0,0.0,0.0,0,true
src/main/org/apache/tools/ant/taskdefs/optional/junit/FormatterElement.java,199.0,6.0,65.0,14.0,11.0,45.0,0,0.0,0.0,0.0,0,true
src/main/org/apache/tools/ant/taskdefs/optional/junit/JUnitTask.java,1162.0,38.0,1521.0,58.0,271.0,208.0,1,0.006802721088435374,242.0,2623.008634263507,1,true
src/main/org/apache/tools/ant/taskdefs/optional/junit/JUnitTestRunner.java,497.0,25.0,278.0,28.0,90.0,85.0,1,0.006802721088435374,138.10526315789474,416.5900424962974,1,true
src/main/org/apache/tools/ant/taskdefs/optional/junit/XMLConstants.java,97.0,0.0,0.0,0.0,0.0,0.0,0,0.0,0.0,0.0,0,true
src/main/org/apache/tools/ant/taskdefs/optional/junit/XMLJUnitResultFormatter.java,195.0,21.0,71.0,15.0,59.0,41.0,0,0.0,0.0,0.0,0,true
src/main/org/apache/tools/ant/taskdefs/optional/junit/XalanExecutor.java,86.0,12.0,4.0,5.0,12.0,22.0,1,0.006802721088435374,242.0,2623.008634263507,1,true
src/main/org/apache/tools/ant/taskdefs/optional/net/SetProxy.java,194.0,7.0,25.0,10.0,9.0,17.0,0,0.0,0.0,0.0,0,true
src/main/org/apache/tools/ant/taskdefs/optional/net/TelnetTask.java,288.0,10.0,21.0,10.0,12.0,23.0,1,0.006802721088435374,242.0,2623.008634263507,1,true
src/main/org/apache/tools/ant/taskdefs/optional/perforce/P4Labelsync.java,102.0,3.0,20.0,8.0,7.0,19.0,0,0.0,0.0,0.0,0,true
src/main/org/apache/tools/ant/taskdefs/optional/script/ScriptDef.java,251.0,17.0,7.0,10.0,34.0,23.0,1,0.006802721088435374,62.193548387096776,1175.4802654400987,1,true
src/main/org/apache/tools/ant/taskdefs/optional/ssh/AbstractSshMessage.java,104.0,9.0,52.0,12.0,17.0,26.0,0,0.0,0.0,0.0,0,true
src/main/org/apache/tools/ant/taskdefs/optional/ssh/SSHBase.java,130.0,6.0,71.0,18.0,15.0,33.0,0,0.0,0.0,0.0,0,true
src/main/org/apache/tools/ant/taskdefs/optional/ssh/SSHExec.java,203.0,11.0,20.0,9.0,33.0,29.0,0,0.0,0.0,0.0,0,true
src/main/org/apache/tools/ant/taskdefs/optional/ssh/Scp.java,257.0,12.0,72.0,17.0,61.0,51.0,1,0.006802721088435374,242.0,2623.008634263507,1,true
src/main/org/apache/tools/ant/taskdefs/optional/ssh/ScpFromMessage.java,131.0,11.0,0.0,7.0,39.0,23.0,1,0.006802721088435374,242.0,2623.008634263507,1,true
src/main/org/apache/tools/ant/taskdefs/optional/ssh/ScpToMessage.java,140.0,10.0,40.0,13.0,47.0,30.0,0,0.0,0.0,0.0,0,true
src/main/org/apache/tools/ant/taskdefs/optional/starteam/TreeBasedTask.java,639.0,16.0,629.0,39.0,57.0,125.0,0,0.0,0.0,0.0,0,true
src/main/org/apache/tools/ant/taskdefs/optional/unix/Symlink.java,543.0,15.0,82.0,17.0,85.0,65.0,1,0.006802721088435374,242.0,2623.008634263507,1,true
src/main/org/apache/tools/ant/taskdefs/rmic/DefaultRmicAdapter.java,246.0,9.0,44.0,12.0,39.0,31.0,1,0.006802721088435374,138.10526315789474,416.5900424962974,1,true
src/main/org/apache/tools/ant/types/Assertions.java,292.0,6.0,0.0,12.0,41.0,34.0,0,0.0,0.0,0.0,0,true
src/main/org/apache/tools/ant/types/Commandline.java,499.0,11.0,308.0,28.0,58.0,88.0,0,0.0,0.0,0.0,0,true
src/main/org/apache/tools/ant/types/CommandlineJava.java,541.0,9.0,485.0,38.0,70.0,90.0,0,0.0,0.0,0.0,0,true
src/main/org/apache/tools/ant/types/DataType.java,165.0,4.0,55.0,14.0,18.0,39.0,1,0.006802721088435374,62.193548387096776,1175.4802654400987,1,true
src/main/org/apache/tools/ant/types/Mapper.java,219.0,8.0,51.0,14.0,50.0,50.0,0,0.0,0.0,0.0,0,true
src/main/org/apache/tools/ant/types/PropertySet.java,261.0,14.0,124.0,17.0,70.0,40.0,0,0.0,0.0,0.0,0,true
src/main/org/apache/tools/ant/types/RedirectorElement.java,450.0,8.0,175.0,23.0,80.0,79.0,0,0.0,0.0,0.0,0,true
src/main/org/apache/tools/ant/types/selectors/DateSelector.java,226.0,9.0,16.0,12.0,28.0,39.0,0,0.0,0.0,0.0,0,true
src/main/org/apache/tools/ant/util/ChainedMapper.java,29.0,5.0,0.0,1.0,11.0,4.0,0,0.0,0.0,0.0,0,false
src/main/org/apache/tools/ant/util/ClasspathUtils.java,319.0,6.0,36.0,9.0,16.0,34.0,0,0.0,0.0,0.0,0,true
src/main/org/apache/tools/ant/util/CompositeMapper.java,20.0,3.0,0.0,1.0,9.0,4.0,0,0.0,0.0,0.0,0,false
src/main/org/apache/tools/ant/util/ConcatFileInputStream.java,83.0,7.0,6.0,8.0,10.0,26.0,0,0.0,0.0,0.0,0,false
src/main/org/apache/tools/ant/util/ContainerMapper.java,62.0,5.0,9.0,6.0,9.0,16.0,0,0.0,0.0,0.0,0,true
src/main/org/apache/tools/ant/util/DOMElementWriter.java,234.0,10.0,15.0,6.0,38.0,34.0,1,0.006802721088435374,62.193548387096776,1175.4802654400987,1,true
src/main/org/apache/tools/ant/util/FileUtils.java,1031.0,29.0,628.0,36.0,139.0,154.0,2,0.013605442176870748,200.2988115449915,1592.0703079363961,2,true
src/main/org/apache/tools/ant/util/LeadPipeInputStream.java,64.0,5.0,8.0,5.0,5.0,16.0,0,0.0,0.0,0.0,0,true
src/main/org/apache/tools/ant/util/OutputStreamFunneler.java,135.0,3.0,1.0,7.0,7.0,22.0,0,0.0,0.0,0.0,0,true
src/main/org/apache/tools/ant/util/ReaderInputStream.java,155.0,3.0,0.0,9.0,9.0,37.0,0,0.0,0.0,0.0,0,true
src/main/org/apache/tools/ant/util/ResourceUtils.java,82.0,8.0,1.0,2.0,19.0,9.0,1,0.006802721088435374,242.0,2623.008634263507,1,true
src/main/org/apache/tools/ant/util/SourceFileScanner.java,93.0,5.0,0.0,6.0,19.0,19.0,1,0.006802721088435374,242.0,2623.008634263507,1,true
src/main/org/apache/tools/ant/util/Watchdog.java,52.0,2.0,7.0,7.0,12.0,15.0,0,0.0,0.0,0.0,0,true
src/main/org/apache/tools/ant/util/WeakishReference.java,42.0,3.0,1.0,2.0,0.0,6.0,0,0.0,0.0,0.0,0,true
src/main/org/apache/tools/ant/util/XMLFragment.java,86.0,8.0,0.0,6.0,10.0,12.0,2,0.013605442176870748,304.19354838709677,3798.4888997036055,2,true
src/main/org/apache/tools/ant/util/regexp/RegexpUtil.java,13.0,0.0,3.0,3.0,0.0,5.0,0,0.0,0.0,0.0,0,true
src/main/org/apache/tools/zip/ZipFile.java,361.0,12.0,51.0,14.0,52.0,61.0,1,0.006802721088435374,62.193548387096776,1175.4802654400987,1,true
src/main/org/apache/tools/zip/ZipOutputStream.java,583.0,13.0,152.0,24.0,100.0,84.0,1,0.006802721088435374,62.193548387096776,1175.4802654400987,1,true
src/testcases/org/apache/tools/ant/DirectoryScannerTest.java,286.0,9.0,294.0,25.0,158.0,44.0,0,0.0,0.0,0.0,0,true
src/testcases/org/apache/tools/ant/DispatchTaskTest.java,11.0,1.0,3.0,3.0,2.0,4.0,1,0.006802721088435374,38.57142857142857,57.80262652391499,1,false
src/testcases/org/apache/tools/ant/PickOneTask.java,8.0,1.0,1.0,2.0,0.0,4.0,1,0.006802721088435374,38.57142857142857,57.80262652391499,1,false
src/testcases/org/apache/tools/ant/filters/ConcatFilterTest.java,82.0,5.0,46.0,13.0,25.0,25.0,1,0.006802721088435374,242.0,2623.008634263507,1,true
src/testcases/org/apache/tools/ant/taskdefs/DefaultExcludesTest.java,34.0,2.0,21.0,7.0,12.0,9.0,1,0.006802721088435374,242.0,2623.008634263507,1,true
src/testcases/org/apache/tools/ant/taskdefs/ExecTaskTest.java,351.0,8.0,524.0,33.0,149.0,103.0,0,0.0,0.0,0.0,0,true
src/testcases/org/apache/tools/ant/taskdefs/ExecuteOnTest.java,480.0,6.0,435.0,30.0,138.0,90.0,1,0.006802721088435374,99.25,348.43984800766816,1,true
src/testcases/org/apache/tools/ant/taskdefs/FailTest.java,103.0,2.0,120.0,16.0,32.0,37.0,0,0.0,0.0,0.0,0,true
src/testcases/org/apache/tools/ant/taskdefs/ImportTest.java,80.0,7.0,66.0,12.0,42.0,27.0,0,0.0,0.0,0.0,0,true
src/testcases/org/apache/tools/ant/taskdefs/JavaTest.java,239.0,6.0,345.0,27.0,45.0,40.0,1,0.006802721088435374,99.25,348.43984800766816,1,true
src/testcases/org/apache/tools/ant/taskdefs/LoadPropertiesTest.java,27.0,2.0,10.0,5.0,6.0,7.0,0,0.0,0.0,0.0,0,true
src/testcases/org/apache/tools/ant/taskdefs/MacroDefTest.java,67.0,3.0,210.0,21.0,20.0,31.0,1,0.006802721088435374,62.193548387096776,1175.4802654400987,1,true
src/testcases/org/apache/tools/ant/taskdefs/ProtectedJarMethodsTest.java,47.0,4.0,28.0,8.0,19.0,11.0,0,0.0,0.0,0.0,0,true
src/testcases/org/apache/tools/ant/taskdefs/StyleTest.java,63.0,7.0,91.0,14.0,28.0,32.0,0,0.0,0.0,0.0,0,true
src/testcases/org/apache/tools/ant/taskdefs/ZipTest.java,77.0,6.0,118.0,16.0,37.0,25.0,1,0.006802721088435374,242.0,2623.008634263507,1,true
src/testcases/org/apache/tools/ant/taskdefs/optional/EchoPropertiesTest.java,131.0,9.0,241.0,23.0,46.0,44.0,0,0.0,0.0,0.0,0,true
src/testcases/org/apache/tools/ant/taskdefs/optional/XmlValidateTest.java,131.0,2.0,120.0,16.0,24.0,28.0,1,0.006802721088435374,56.90909090909091,175.65855334815444,1,true
src/testcases/org/apache/tools/ant/taskdefs/optional/image/ImageTest.java,62.0,11.0,30.0,9.0,25.0,15.0,0,0.0,0.0,0.0,0,true
src/testcases/org/apache/tools/ant/taskdefs/optional/unix/SymlinkTest.java,98.0,3.0,1.0,7.0,22.0,13.0,2,0.013605442176870748,341.25,2971.4484822711747,2,true
src/testcases/org/apache/tools/ant/types/AssertionsTest.java,54.0,1.0,105.0,15.0,14.0,23.0,0,0.0,0.0,0.0,0,false
src/testcases/org/apache/tools/ant/types/CommandlineJavaTest.java,124.0,5.0,7.0,7.0,53.0,15.0,0,0.0,0.0,0.0,0,true
src/testcases/org/apache/tools/ant/types/MapperTest.java,173.0,9.0,1.0,7.0,50.0,10.0,0,0.0,0.0,0.0,0,true
src/testcases/org/apache/tools/ant/types/RedirectorElementTest.java,21.0,1.0,15.0,6.0,8.0,9.0,0,0.0,0.0,0.0,0,false
src/testcases/org/apache/tools/ant/util/FileUtilsTest.java,271.0,4.0,0.0,15.0,70.0,37.0,1,0.006802721088435374,138.10526315789474,416.5900424962974,1,true
