name,LOC,CBO,LCOM,NOM,RFC,WMC,numOfChanges,bccm,structuralWorkloadSum,semanticWorkloadSum,numberOfDeveloper,isBuggy
src/main/org/apache/tools/ant/AntClassLoader.java,1008.0,20.0,928.0,48.0,133.0,174.0,4,0.005738880918220947,2877.983353639824,114678.70119117657,4,true
src/main/org/apache/tools/ant/AntTypeDefinition.java,255.0,0.0,75.0,18.0,36.0,53.0,1,0.0014347202295552368,303.625,4375.70307825491,1,true
src/main/org/apache/tools/ant/ComponentHelper.java,666.0,13.0,248.0,33.0,159.0,106.0,4,0.005738880918220947,2527.088353639824,110560.5596528949,4,true
src/main/org/apache/tools/ant/Diagnostics.java,309.0,12.0,136.0,17.0,63.0,60.0,3,0.00430416068866571,2223.463353639824,106184.85657463998,3,true
src/main/org/apache/tools/ant/DirectoryScanner.java,1255.0,18.0,1175.0,55.0,165.0,199.0,4,0.005738880918220947,2905.1797822112526,115370.58568380332,4,true
src/main/org/apache/tools/ant/Executor.java,13.0,0.0,0.0,1.0,0.0,4.0,1,0.0014347202295552368,746.4646464646465,49710.64072068618,1,true
src/main/org/apache/tools/ant/IntrospectionHelper.java,1167.0,13.0,1101.0,51.0,149.0,170.0,3,0.00430416068866571,1780.6237071751775,60849.91893220872,3,true
src/main/org/apache/tools/ant/Location.java,102.0,3.0,5.0,7.0,7.0,18.0,1,0.0014347202295552368,654.5200000000001,8493.844616536588,1,true
src/main/org/apache/tools/ant/Main.java,850.0,13.0,132.0,21.0,149.0,97.0,4,0.005738880918220947,2877.983353639824,114678.70119117657,4,true
src/main/org/apache/tools/ant/Project.java,1775.0,25.0,4842.0,104.0,256.0,329.0,5,0.007173601147776184,3181.608353639824,119054.40426943148,5,true
src/main/org/apache/tools/ant/ProjectHelper.java,394.0,10.0,153.0,18.0,56.0,73.0,1,0.0014347202295552368,746.4646464646465,49710.64072068618,1,true
src/main/org/apache/tools/ant/PropertyHelper.java,419.0,3.0,86.0,20.0,59.0,71.0,3,0.00430416068866571,2250.6597822112526,106876.74106726673,3,true
src/main/org/apache/tools/ant/RuntimeConfigurable.java,358.0,13.0,142.0,21.0,48.0,60.0,1,0.0014347202295552368,303.625,4375.70307825491,1,true
src/main/org/apache/tools/ant/TaskAdapter.java,101.0,3.0,4.0,5.0,13.0,16.0,3,0.00430416068866571,1780.6237071751775,60849.91893220872,3,true
src/main/org/apache/tools/ant/UnknownElement.java,460.0,5.0,273.0,30.0,103.0,89.0,1,0.0014347202295552368,303.625,4375.70307825491,1,true
src/main/org/apache/tools/ant/UnsupportedAttributeException.java,23.0,0.0,0.0,2.0,0.0,3.0,1,0.0014347202295552368,303.625,4375.70307825491,1,true
src/main/org/apache/tools/ant/UnsupportedElementException.java,32.0,0.0,0.0,2.0,0.0,3.0,1,0.0014347202295552368,303.625,4375.70307825491,1,true
src/main/org/apache/tools/ant/XmlLogger.java,394.0,16.0,57.0,15.0,77.0,51.0,0,0.0,0.0,0.0,0,true
src/main/org/apache/tools/ant/dispatch/DispatchTask.java,23.0,1.0,1.0,3.0,0.0,5.0,2,0.0028694404591104736,1050.0896464646466,54086.34379894109,2,false
src/main/org/apache/tools/ant/dispatch/DispatchUtils.java,94.0,5.0,0.0,1.0,12.0,7.0,3,0.00430416068866571,2223.463353639824,106184.85657463998,3,false
src/main/org/apache/tools/ant/filters/TokenFilter.java,763.0,12.0,49.0,19.0,27.0,41.0,1,0.0014347202295552368,1200.5701357466062,52790.39726832565,1,true
src/main/org/apache/tools/ant/filters/util/ChainReaderHelper.java,171.0,17.0,16.0,8.0,20.0,24.0,3,0.00430416068866571,2223.463353639824,106184.85657463998,3,true
src/main/org/apache/tools/ant/helper/DefaultExecutor.java,12.0,3.0,0.0,1.0,1.0,3.0,2,0.0028694404591104736,556.4671052631579,5912.294542172982,2,true
src/main/org/apache/tools/ant/helper/KeepGoingExecutor.java,23.0,3.0,0.0,1.0,1.0,5.0,1,0.0014347202295552368,252.84210526315792,1536.5914639180721,1,true
src/main/org/apache/tools/ant/helper/ProjectHelper2.java,769.0,26.0,1.0,3.0,46.0,14.0,3,0.00430416068866571,2601.5547822112526,110994.88260554841,3,true
src/main/org/apache/tools/ant/helper/ProjectHelperImpl.java,844.0,27.0,0.0,4.0,27.0,12.0,2,0.0028694404591104736,1855.0901357466064,61284.24188486224,2,true
src/main/org/apache/tools/ant/helper/SingleCheckExecutor.java,11.0,4.0,0.0,1.0,3.0,2.0,2,0.0028694404591104736,999.3067517278045,51247.23218460425,2,true
src/main/org/apache/tools/ant/launch/Launcher.java,174.0,8.0,3.0,3.0,44.0,16.0,2,0.0028694404591104736,1022.893217893218,53394.45930631433,2,true
src/main/org/apache/tools/ant/listener/AnsiColorLogger.java,165.0,7.0,0.0,2.0,10.0,9.0,1,0.0014347202295552368,1200.5701357466062,52790.39726832565,1,true
src/main/org/apache/tools/ant/listener/CommonsLoggingListener.java,236.0,10.0,25.0,14.0,52.0,32.0,0,0.0,0.0,0.0,0,true
src/main/org/apache/tools/ant/listener/Log4jListener.java,130.0,7.0,0.0,8.0,48.0,22.0,0,0.0,0.0,0.0,0,true
src/main/org/apache/tools/ant/loader/AntClassLoader2.java,200.0,20.0,15.0,6.0,38.0,29.0,1,0.0014347202295552368,654.5200000000001,8493.844616536588,1,true
src/main/org/apache/tools/ant/taskdefs/Ant.java,600.0,23.0,86.0,24.0,130.0,79.0,5,0.007173601147776184,3158.0218874744105,116907.17714772139,5,true
src/main/org/apache/tools/ant/taskdefs/AntStructure.java,268.0,16.0,11.0,7.0,46.0,31.0,1,0.0014347202295552368,1200.5701357466062,52790.39726832565,1,true
src/main/org/apache/tools/ant/taskdefs/Antlib.java,102.0,12.0,5.0,6.0,30.0,17.0,0,0.0,0.0,0.0,0,true
src/main/org/apache/tools/ant/taskdefs/Apt.java,103.0,9.0,122.0,17.0,10.0,32.0,2,0.0028694404591104736,1947.0347822112526,102501.03798901182,2,true
src/main/org/apache/tools/ant/taskdefs/Available.java,390.0,11.0,107.0,19.0,65.0,57.0,4,0.005738880918220947,1957.4517517278045,64116.77987939575,4,true
src/main/org/apache/tools/ant/taskdefs/BuildNumber.java,136.0,9.0,0.0,5.0,22.0,22.0,2,0.0028694404591104736,907.362105263158,10030.43608045466,2,true
src/main/org/apache/tools/ant/taskdefs/CallTarget.java,184.0,4.0,0.0,14.0,32.0,34.0,1,0.0014347202295552368,303.625,4375.70307825491,1,true
src/main/org/apache/tools/ant/taskdefs/Checksum.java,556.0,26.0,149.0,22.0,71.0,71.0,2,0.0028694404591104736,1947.0347822112526,102501.03798901182,2,true
src/main/org/apache/tools/ant/taskdefs/Concat.java,814.0,28.0,172.0,25.0,69.0,69.0,2,0.0028694404591104736,1855.0901357466064,61284.24188486224,2,true
src/main/org/apache/tools/ant/taskdefs/Copy.java,529.0,19.0,416.0,33.0,70.0,90.0,2,0.0028694404591104736,1400.9846464646466,58204.485337222766,2,true
src/main/org/apache/tools/ant/taskdefs/Definer.java,436.0,16.0,165.0,23.0,68.0,77.0,1,0.0014347202295552368,1200.5701357466062,52790.39726832565,1,true
src/main/org/apache/tools/ant/taskdefs/Delete.java,528.0,25.0,0.0,41.0,33.0,72.0,2,0.0028694404591104736,1504.1951357466062,57166.10034658056,2,true
src/main/org/apache/tools/ant/taskdefs/DependSet.java,195.0,10.0,7.0,6.0,21.0,13.0,2,0.0028694404591104736,958.1450000000001,12869.547694791498,2,true
src/main/org/apache/tools/ant/taskdefs/Ear.java,76.0,7.0,13.0,7.0,10.0,15.0,1,0.0014347202295552368,654.5200000000001,8493.844616536588,1,true
src/main/org/apache/tools/ant/taskdefs/Echo.java,102.0,8.0,3.0,6.0,9.0,13.0,1,0.0014347202295552368,1200.5701357466062,52790.39726832565,1,true
src/main/org/apache/tools/ant/taskdefs/ExecTask.java,530.0,12.0,387.0,39.0,78.0,101.0,3,0.00430416068866571,2158.7151357466064,65659.94496311714,3,true
src/main/org/apache/tools/ant/taskdefs/Execute.java,949.0,19.0,359.0,30.0,99.0,104.0,3,0.00430416068866571,2158.7151357466064,65659.94496311714,3,true
src/main/org/apache/tools/ant/taskdefs/ExecuteOn.java,484.0,16.0,348.0,29.0,89.0,71.0,2,0.0028694404591104736,1050.0896464646466,54086.34379894109,2,true
src/main/org/apache/tools/ant/taskdefs/Exit.java,165.0,6.0,29.0,11.0,20.0,32.0,2,0.0028694404591104736,1947.0347822112526,102501.03798901182,2,true
src/main/org/apache/tools/ant/taskdefs/Expand.java,271.0,21.0,52.0,12.0,54.0,39.0,3,0.00430416068866571,2601.5547822112526,110994.88260554841,3,true
src/main/org/apache/tools/ant/taskdefs/FixCRLF.java,772.0,20.0,68.0,17.0,68.0,69.0,2,0.0028694404591104736,1855.0901357466064,61284.24188486224,2,true
src/main/org/apache/tools/ant/taskdefs/Get.java,335.0,13.0,12.0,9.0,28.0,29.0,3,0.00430416068866571,2131.5187071751775,64968.060470490396,3,true
src/main/org/apache/tools/ant/taskdefs/ImportTask.java,89.0,13.0,0.0,3.0,17.0,10.0,3,0.00430416068866571,1653.8267517278045,59741.076801140836,3,true
src/main/org/apache/tools/ant/taskdefs/Input.java,84.0,6.0,9.0,7.0,13.0,16.0,1,0.0014347202295552368,746.4646464646465,49710.64072068618,1,true
src/main/org/apache/tools/ant/taskdefs/Jar.java,645.0,31.0,278.0,28.0,125.0,116.0,1,0.0014347202295552368,1200.5701357466062,52790.39726832565,1,true
src/main/org/apache/tools/ant/taskdefs/Java.java,736.0,20.0,963.0,58.0,136.0,155.0,4,0.005738880918220947,2503.5018874744105,108413.3325311848,4,true
src/main/org/apache/tools/ant/taskdefs/Javac.java,788.0,12.0,2603.0,75.0,67.0,194.0,1,0.0014347202295552368,1200.5701357466062,52790.39726832565,1,true
src/main/org/apache/tools/ant/taskdefs/Javadoc.java,1705.0,27.0,2820.0,84.0,232.0,193.0,2,0.0028694404591104736,1855.0901357466064,61284.24188486224,2,true
src/main/org/apache/tools/ant/taskdefs/Length.java,175.0,14.0,21.0,10.0,30.0,24.0,3,0.00430416068866571,1704.6096464646466,62580.18841547768,3,true
src/main/org/apache/tools/ant/taskdefs/LoadFile.java,140.0,12.0,5.0,6.0,15.0,11.0,1,0.0014347202295552368,746.4646464646465,49710.64072068618,1,true
src/main/org/apache/tools/ant/taskdefs/LoadProperties.java,187.0,17.0,16.0,9.0,29.0,22.0,2,0.0028694404591104736,1947.0347822112526,102501.03798901182,2,true
src/main/org/apache/tools/ant/taskdefs/MacroInstance.java,310.0,18.0,27.0,11.0,99.0,44.0,2,0.0028694404591104736,1947.0347822112526,102501.03798901182,2,true
src/main/org/apache/tools/ant/taskdefs/Manifest.java,819.0,13.0,14.0,16.0,52.0,60.0,1,0.0014347202295552368,276.42857142857144,3683.818585628157,1,true
src/main/org/apache/tools/ant/taskdefs/ManifestTask.java,153.0,13.0,5.0,7.0,15.0,22.0,1,0.0014347202295552368,276.42857142857144,3683.818585628157,1,true
src/main/org/apache/tools/ant/taskdefs/Move.java,271.0,9.0,36.0,9.0,73.0,44.0,2,0.0028694404591104736,1855.0901357466064,61284.24188486224,2,true
src/main/org/apache/tools/ant/taskdefs/Parallel.java,372.0,10.0,50.0,13.0,27.0,39.0,1,0.0014347202295552368,654.5200000000001,8493.844616536588,1,true
src/main/org/apache/tools/ant/taskdefs/PathConvert.java,373.0,17.0,98.0,17.0,40.0,49.0,3,0.00430416068866571,2601.5547822112526,110994.88260554841,3,true
src/main/org/apache/tools/ant/taskdefs/PreSetDef.java,201.0,8.0,0.0,3.0,9.0,7.0,1,0.0014347202295552368,303.625,4375.70307825491,1,true
src/main/org/apache/tools/ant/taskdefs/Property.java,494.0,15.0,475.0,35.0,84.0,88.0,1,0.0014347202295552368,1200.5701357466062,52790.39726832565,1,true
src/main/org/apache/tools/ant/taskdefs/Recorder.java,161.0,5.0,11.0,7.0,18.0,20.0,1,0.0014347202295552368,746.4646464646465,49710.64072068618,1,true
src/main/org/apache/tools/ant/taskdefs/RecorderEntry.java,231.0,10.0,242.0,25.0,44.0,56.0,1,0.0014347202295552368,1200.5701357466062,52790.39726832565,1,true
src/main/org/apache/tools/ant/taskdefs/Redirector.java,618.0,26.0,433.0,35.0,46.0,95.0,3,0.00430416068866571,2199.8768874744105,104037.62945292989,3,true
src/main/org/apache/tools/ant/taskdefs/Rename.java,55.0,6.0,0.0,4.0,5.0,9.0,1,0.0014347202295552368,654.5200000000001,8493.844616536588,1,true
src/main/org/apache/tools/ant/taskdefs/Replace.java,670.0,21.0,115.0,22.0,76.0,57.0,3,0.00430416068866571,2158.7151357466064,65659.94496311714,3,true
src/main/org/apache/tools/ant/taskdefs/Rmic.java,571.0,16.0,937.0,47.0,66.0,126.0,3,0.00430416068866571,2601.5547822112526,110994.88260554841,3,true
src/main/org/apache/tools/ant/taskdefs/SQLExec.java,549.0,25.0,121.0,19.0,78.0,55.0,2,0.0028694404591104736,1243.236802413273,52889.06547503237,2,true
src/main/org/apache/tools/ant/taskdefs/SignJar.java,306.0,11.0,137.0,19.0,33.0,43.0,3,0.00430416068866571,2601.5547822112526,110994.88260554841,3,true
src/main/org/apache/tools/ant/taskdefs/Sleep.java,126.0,3.0,35.0,10.0,7.0,22.0,1,0.0014347202295552368,746.4646464646465,49710.64072068618,1,true
src/main/org/apache/tools/ant/taskdefs/SubAnt.java,426.0,13.0,279.0,27.0,77.0,66.0,2,0.0028694404591104736,1947.0347822112526,102501.03798901182,2,true
src/main/org/apache/tools/ant/taskdefs/Sync.java,233.0,8.0,1.0,14.0,43.0,33.0,2,0.0028694404591104736,1947.0347822112526,102501.03798901182,2,true
src/main/org/apache/tools/ant/taskdefs/Tar.java,608.0,21.0,15.0,11.0,69.0,35.0,1,0.0014347202295552368,1200.5701357466062,52790.39726832565,1,true
src/main/org/apache/tools/ant/taskdefs/TempFile.java,79.0,4.0,2.0,5.0,6.0,9.0,2,0.0028694404591104736,907.362105263158,10030.43608045466,2,true
src/main/org/apache/tools/ant/taskdefs/Touch.java,263.0,16.0,185.0,22.0,48.0,53.0,4,0.005738880918220947,2905.1797822112526,115370.58568380332,4,true
src/main/org/apache/tools/ant/taskdefs/Untar.java,119.0,14.0,1.0,3.0,13.0,7.0,2,0.0028694404591104736,1947.0347822112526,102501.03798901182,2,true
src/main/org/apache/tools/ant/taskdefs/UpToDate.java,160.0,13.0,29.0,11.0,31.0,33.0,1,0.0014347202295552368,746.4646464646465,49710.64072068618,1,true
src/main/org/apache/tools/ant/taskdefs/War.java,110.0,7.0,28.0,9.0,12.0,18.0,1,0.0014347202295552368,654.5200000000001,8493.844616536588,1,true
src/main/org/apache/tools/ant/taskdefs/WhichResource.java,131.0,6.0,1.0,7.0,14.0,20.0,2,0.0028694404591104736,1947.0347822112526,102501.03798901182,2,true
src/main/org/apache/tools/ant/taskdefs/XSLTProcess.java,820.0,14.0,381.0,31.0,68.0,97.0,2,0.0028694404591104736,1855.0901357466064,61284.24188486224,2,true
src/main/org/apache/tools/ant/taskdefs/XmlProperty.java,517.0,18.0,312.0,29.0,77.0,73.0,1,0.0014347202295552368,654.5200000000001,8493.844616536588,1,true
src/main/org/apache/tools/ant/taskdefs/Zip.java,931.0,32.0,392.0,37.0,171.0,116.0,5,0.007173601147776184,2929.1797822112526,115378.12760411753,5,true
src/main/org/apache/tools/ant/taskdefs/compilers/AptCompilerAdapter.java,74.0,9.0,6.0,4.0,29.0,12.0,0,0.0,0.0,0.0,0,true
src/main/org/apache/tools/ant/taskdefs/compilers/AptExternalCompilerAdapter.java,22.0,4.0,1.0,2.0,11.0,6.0,1,0.0014347202295552368,1200.5701357466062,52790.39726832565,1,true
src/main/org/apache/tools/ant/taskdefs/compilers/CompilerAdapterFactory.java,127.0,4.0,4.0,4.0,10.0,19.0,0,0.0,0.0,0.0,0,true
src/main/org/apache/tools/ant/taskdefs/compilers/DefaultCompilerAdapter.java,404.0,15.0,72.0,20.0,100.0,63.0,3,0.00430416068866571,2601.5547822112526,110994.88260554841,3,true
src/main/org/apache/tools/ant/taskdefs/compilers/Gcj.java,82.0,4.0,3.0,3.0,25.0,14.0,1,0.0014347202295552368,1200.5701357466062,52790.39726832565,1,true
src/main/org/apache/tools/ant/taskdefs/compilers/JavacExternal.java,41.0,8.0,1.0,2.0,18.0,10.0,1,0.0014347202295552368,1200.5701357466062,52790.39726832565,1,true
src/main/org/apache/tools/ant/taskdefs/compilers/Jikes.java,113.0,4.0,0.0,1.0,22.0,7.0,1,0.0014347202295552368,1200.5701357466062,52790.39726832565,1,true
src/main/org/apache/tools/ant/taskdefs/compilers/Jvc.java,62.0,4.0,0.0,1.0,20.0,5.0,1,0.0014347202295552368,1200.5701357466062,52790.39726832565,1,true
src/main/org/apache/tools/ant/taskdefs/compilers/Kjc.java,80.0,5.0,1.0,2.0,18.0,11.0,1,0.0014347202295552368,1200.5701357466062,52790.39726832565,1,true
src/main/org/apache/tools/ant/taskdefs/condition/FilesMatch.java,48.0,4.0,1.0,3.0,2.0,7.0,1,0.0014347202295552368,654.5200000000001,8493.844616536588,1,true
src/main/org/apache/tools/ant/taskdefs/condition/IsFileSelected.java,48.0,5.0,2.0,4.0,7.0,11.0,2,0.0028694404591104736,1400.9846464646466,58204.485337222766,2,false
src/main/org/apache/tools/ant/taskdefs/condition/IsSigned.java,92.0,8.0,0.0,4.0,15.0,18.0,2,0.0028694404591104736,1947.0347822112526,102501.03798901182,2,true
src/main/org/apache/tools/ant/taskdefs/cvslib/CVSEntry.java,80.0,2.0,20.0,9.0,6.0,15.0,1,0.0014347202295552368,746.4646464646465,49710.64072068618,1,true
src/main/org/apache/tools/ant/taskdefs/cvslib/ChangeLogParser.java,179.0,6.0,0.0,10.0,32.0,34.0,1,0.0014347202295552368,746.4646464646465,49710.64072068618,1,true
src/main/org/apache/tools/ant/taskdefs/cvslib/ChangeLogTask.java,275.0,18.0,61.0,14.0,62.0,37.0,1,0.0014347202295552368,746.4646464646465,49710.64072068618,1,true
src/main/org/apache/tools/ant/taskdefs/cvslib/ChangeLogWriter.java,60.0,4.0,1.0,2.0,16.0,7.0,2,0.0028694404591104736,789.1313131313132,49809.30892739289,2,true
src/main/org/apache/tools/ant/taskdefs/cvslib/CvsTagDiff.java,339.0,14.0,7.0,11.0,34.0,33.0,1,0.0014347202295552368,654.5200000000001,8493.844616536588,1,true
src/main/org/apache/tools/ant/taskdefs/cvslib/CvsTagEntry.java,85.0,0.0,0.0,7.0,2.0,17.0,2,0.0028694404591104736,1947.0347822112526,102501.03798901182,2,true
src/main/org/apache/tools/ant/taskdefs/cvslib/CvsUser.java,57.0,1.0,0.0,5.0,0.0,10.0,1,0.0014347202295552368,746.4646464646465,49710.64072068618,1,true
src/main/org/apache/tools/ant/taskdefs/cvslib/CvsVersion.java,126.0,3.0,3.0,6.0,16.0,19.0,1,0.0014347202295552368,746.4646464646465,49710.64072068618,1,true
src/main/org/apache/tools/ant/taskdefs/optional/ANTLR.java,343.0,20.0,196.0,24.0,66.0,61.0,2,0.0028694404591104736,1855.0901357466064,61284.24188486224,2,true
src/main/org/apache/tools/ant/taskdefs/optional/Cab.java,210.0,18.0,38.0,13.0,71.0,37.0,1,0.0014347202295552368,654.5200000000001,8493.844616536588,1,true
src/main/org/apache/tools/ant/taskdefs/optional/EchoProperties.java,364.0,28.0,56.0,12.0,59.0,42.0,1,0.0014347202295552368,1200.5701357466062,52790.39726832565,1,true
src/main/org/apache/tools/ant/taskdefs/optional/Native2Ascii.java,165.0,10.0,18.0,9.0,24.0,25.0,2,0.0028694404591104736,1947.0347822112526,102501.03798901182,2,true
src/main/org/apache/tools/ant/taskdefs/optional/NetRexxC.java,703.0,20.0,806.0,45.0,73.0,106.0,1,0.0014347202295552368,1200.5701357466062,52790.39726832565,1,true
src/main/org/apache/tools/ant/taskdefs/optional/PropertyFile.java,479.0,19.0,16.0,9.0,21.0,24.0,1,0.0014347202295552368,1200.5701357466062,52790.39726832565,1,true
src/main/org/apache/tools/ant/taskdefs/optional/ReplaceRegExp.java,410.0,23.0,31.0,14.0,43.0,46.0,2,0.0028694404591104736,1855.0901357466064,61284.24188486224,2,true
src/main/org/apache/tools/ant/taskdefs/optional/XMLValidateTask.java,516.0,26.0,142.0,20.0,59.0,61.0,4,0.005738880918220947,2877.983353639824,114678.70119117657,4,true
src/main/org/apache/tools/ant/taskdefs/optional/ccm/CCMReconfigure.java,100.0,3.0,30.0,9.0,16.0,15.0,1,0.0014347202295552368,1200.5701357466062,52790.39726832565,1,true
src/main/org/apache/tools/ant/taskdefs/optional/clearcase/ClearCase.java,184.0,8.0,43.0,11.0,23.0,25.0,1,0.0014347202295552368,1200.5701357466062,52790.39726832565,1,true
src/main/org/apache/tools/ant/taskdefs/optional/condition/IsPingable.java,58.0,7.0,0.0,3.0,5.0,8.0,2,0.0028694404591104736,1947.0347822112526,102501.03798901182,2,false
src/main/org/apache/tools/ant/taskdefs/optional/depend/Depend.java,682.0,20.0,249.0,26.0,136.0,101.0,2,0.0028694404591104736,1947.0347822112526,102501.03798901182,2,true
src/main/org/apache/tools/ant/taskdefs/optional/dotnet/CSharp.java,278.0,2.0,199.0,23.0,18.0,51.0,1,0.0014347202295552368,1200.5701357466062,52790.39726832565,1,true
src/main/org/apache/tools/ant/taskdefs/optional/dotnet/Ildasm.java,366.0,6.0,134.0,20.0,22.0,37.0,2,0.0028694404591104736,1855.0901357466064,61284.24188486224,2,false
src/main/org/apache/tools/ant/taskdefs/optional/dotnet/ImportTypelib.java,156.0,5.0,8.0,9.0,13.0,21.0,2,0.0028694404591104736,1855.0901357466064,61284.24188486224,2,true
src/main/org/apache/tools/ant/taskdefs/optional/dotnet/NetCommand.java,277.0,15.0,58.0,17.0,40.0,49.0,2,0.0028694404591104736,1855.0901357466064,61284.24188486224,2,true
src/main/org/apache/tools/ant/taskdefs/optional/dotnet/WsdlToDotnet.java,425.0,9.0,78.0,16.0,27.0,29.0,2,0.0028694404591104736,1855.0901357466064,61284.24188486224,2,true
src/main/org/apache/tools/ant/taskdefs/optional/ejb/GenericDeploymentTool.java,679.0,24.0,314.0,33.0,144.0,112.0,1,0.0014347202295552368,1200.5701357466062,52790.39726832565,1,true
src/main/org/apache/tools/ant/taskdefs/optional/ejb/JonasDeploymentTool.java,559.0,10.0,295.0,27.0,83.0,72.0,1,0.0014347202295552368,1200.5701357466062,52790.39726832565,1,true
src/main/org/apache/tools/ant/taskdefs/optional/ejb/WeblogicDeploymentTool.java,645.0,22.0,413.0,31.0,116.0,82.0,1,0.0014347202295552368,654.5200000000001,8493.844616536588,1,true
src/main/org/apache/tools/ant/taskdefs/optional/ejb/WebsphereDeploymentTool.java,654.0,17.0,436.0,32.0,100.0,79.0,1,0.0014347202295552368,654.5200000000001,8493.844616536588,1,true
src/main/org/apache/tools/ant/taskdefs/optional/extension/Extension.java,503.0,6.0,165.0,22.0,51.0,66.0,1,0.0014347202295552368,1200.5701357466062,52790.39726832565,1,true
src/main/org/apache/tools/ant/taskdefs/optional/extension/JarLibManifestTask.java,220.0,10.0,46.0,12.0,42.0,37.0,1,0.0014347202295552368,1200.5701357466062,52790.39726832565,1,true
src/main/org/apache/tools/ant/taskdefs/optional/extension/LibFileSet.java,79.0,1.0,9.0,6.0,0.0,12.0,1,0.0014347202295552368,1200.5701357466062,52790.39726832565,1,true
src/main/org/apache/tools/ant/taskdefs/optional/extension/Specification.java,426.0,7.0,99.0,19.0,58.0,68.0,1,0.0014347202295552368,1200.5701357466062,52790.39726832565,1,true
src/main/org/apache/tools/ant/taskdefs/optional/extension/resolvers/AntResolver.java,72.0,7.0,0.0,6.0,11.0,13.0,1,0.0014347202295552368,746.4646464646465,49710.64072068618,1,true
src/main/org/apache/tools/ant/taskdefs/optional/extension/resolvers/LocationResolver.java,35.0,5.0,0.0,3.0,1.0,9.0,1,0.0014347202295552368,746.4646464646465,49710.64072068618,1,true
src/main/org/apache/tools/ant/taskdefs/optional/extension/resolvers/URLResolver.java,89.0,7.0,0.0,7.0,10.0,18.0,1,0.0014347202295552368,746.4646464646465,49710.64072068618,1,true
src/main/org/apache/tools/ant/taskdefs/optional/i18n/Translate.java,477.0,18.0,78.0,17.0,64.0,50.0,1,0.0014347202295552368,654.5200000000001,8493.844616536588,1,true
src/main/org/apache/tools/ant/taskdefs/optional/ide/VAJAntTool.java,74.0,3.0,1.0,3.0,15.0,16.0,1,0.0014347202295552368,746.4646464646465,49710.64072068618,1,true
src/main/org/apache/tools/ant/taskdefs/optional/ide/VAJLoad.java,67.0,2.0,0.0,2.0,5.0,7.0,1,0.0014347202295552368,746.4646464646465,49710.64072068618,1,true
src/main/org/apache/tools/ant/taskdefs/optional/ide/VAJLoadServlet.java,43.0,1.0,0.0,1.0,5.0,3.0,1,0.0014347202295552368,746.4646464646465,49710.64072068618,1,true
src/main/org/apache/tools/ant/taskdefs/optional/image/Image.java,219.0,18.0,39.0,14.0,39.0,30.0,3,0.00430416068866571,1780.6237071751775,60849.91893220872,3,true
src/main/org/apache/tools/ant/taskdefs/optional/j2ee/WebLogicHotDeploymentTool.java,173.0,2.0,39.0,11.0,42.0,36.0,1,0.0014347202295552368,1200.5701357466062,52790.39726832565,1,true
src/main/org/apache/tools/ant/taskdefs/optional/javacc/JJDoc.java,121.0,13.0,8.0,8.0,38.0,17.0,1,0.0014347202295552368,1200.5701357466062,52790.39726832565,1,true
src/main/org/apache/tools/ant/taskdefs/optional/javacc/JJTree.java,256.0,13.0,69.0,22.0,69.0,45.0,1,0.0014347202295552368,1200.5701357466062,52790.39726832565,1,true
src/main/org/apache/tools/ant/taskdefs/optional/javacc/JavaCC.java,368.0,15.0,22.0,32.0,65.0,64.0,1,0.0014347202295552368,1200.5701357466062,52790.39726832565,1,true
src/main/org/apache/tools/ant/taskdefs/optional/jdepend/JDependTask.java,498.0,21.0,364.0,29.0,88.0,91.0,1,0.0014347202295552368,1200.5701357466062,52790.39726832565,1,true
src/main/org/apache/tools/ant/taskdefs/optional/jsp/JspC.java,475.0,12.0,734.0,41.0,58.0,102.0,1,0.0014347202295552368,1200.5701357466062,52790.39726832565,1,true
src/main/org/apache/tools/ant/taskdefs/optional/jsp/compilers/JasperC.java,123.0,9.0,13.0,6.0,48.0,23.0,1,0.0014347202295552368,1200.5701357466062,52790.39726832565,1,true
src/main/org/apache/tools/ant/taskdefs/optional/junit/BriefJUnitResultFormatter.java,186.0,7.0,60.0,13.0,27.0,33.0,1,0.0014347202295552368,746.4646464646465,49710.64072068618,1,true
src/main/org/apache/tools/ant/taskdefs/optional/junit/DOMUtil.java,171.0,12.0,10.0,5.0,35.0,22.0,1,0.0014347202295552368,276.42857142857144,3683.818585628157,1,true
src/main/org/apache/tools/ant/taskdefs/optional/junit/JUnitTask.java,1227.0,38.0,1688.0,61.0,279.0,219.0,3,0.00430416068866571,2601.5547822112526,110994.88260554841,3,true
src/main/org/apache/tools/ant/taskdefs/optional/junit/JUnitTestRunner.java,522.0,26.0,308.0,29.0,94.0,86.0,1,0.0014347202295552368,1200.5701357466062,52790.39726832565,1,true
src/main/org/apache/tools/ant/taskdefs/optional/junit/OutErrSummaryJUnitResultFormatter.java,13.0,0.0,0.0,1.0,1.0,1.0,1,0.0014347202295552368,1200.5701357466062,52790.39726832565,1,false
src/main/org/apache/tools/ant/taskdefs/optional/junit/PlainJUnitResultFormatter.java,170.0,9.0,36.0,12.0,39.0,31.0,1,0.0014347202295552368,746.4646464646465,49710.64072068618,1,true
src/main/org/apache/tools/ant/taskdefs/optional/junit/XMLConstants.java,97.0,0.0,0.0,0.0,0.0,0.0,1,0.0014347202295552368,1200.5701357466062,52790.39726832565,1,true
src/main/org/apache/tools/ant/taskdefs/optional/junit/XMLJUnitResultFormatter.java,189.0,22.0,71.0,15.0,59.0,41.0,2,0.0028694404591104736,1476.9987071751775,56474.21585395381,2,true
src/main/org/apache/tools/ant/taskdefs/optional/junit/XMLResultAggregator.java,224.0,22.0,47.0,11.0,51.0,39.0,2,0.0028694404591104736,1022.893217893218,53394.45930631433,2,true
src/main/org/apache/tools/ant/taskdefs/optional/junit/Xalan1Executor.java,46.0,7.0,0.0,4.0,12.0,11.0,1,0.0014347202295552368,1200.5701357466062,52790.39726832565,1,true
src/main/org/apache/tools/ant/taskdefs/optional/junit/Xalan2Executor.java,45.0,9.0,1.0,3.0,12.0,12.0,1,0.0014347202295552368,1200.5701357466062,52790.39726832565,1,true
src/main/org/apache/tools/ant/taskdefs/optional/junit/XalanExecutor.java,105.0,9.0,22.0,8.0,19.0,34.0,2,0.0028694404591104736,1947.0347822112526,102501.03798901182,2,true
src/main/org/apache/tools/ant/taskdefs/optional/metamata/AbstractMetamataTask.java,285.0,19.0,221.0,23.0,79.0,57.0,2,0.0028694404591104736,1855.0901357466064,61284.24188486224,2,true
src/main/org/apache/tools/ant/taskdefs/optional/metamata/MParse.java,223.0,13.0,77.0,15.0,59.0,39.0,1,0.0014347202295552368,1200.5701357466062,52790.39726832565,1,true
src/main/org/apache/tools/ant/taskdefs/optional/net/FTP.java,1722.0,31.0,612.0,41.0,167.0,156.0,1,0.0014347202295552368,654.5200000000001,8493.844616536588,1,true
src/main/org/apache/tools/ant/taskdefs/optional/net/RExecTask.java,352.0,10.0,31.0,11.0,13.0,24.0,1,0.0014347202295552368,1200.5701357466062,52790.39726832565,1,true
src/main/org/apache/tools/ant/taskdefs/optional/net/SetProxy.java,214.0,9.0,25.0,10.0,10.0,17.0,1,0.0014347202295552368,1200.5701357466062,52790.39726832565,1,true
src/main/org/apache/tools/ant/taskdefs/optional/net/TelnetTask.java,288.0,10.0,21.0,10.0,12.0,23.0,1,0.0014347202295552368,1200.5701357466062,52790.39726832565,1,true
src/main/org/apache/tools/ant/taskdefs/optional/perforce/P4Resolve.java,148.0,1.0,41.0,11.0,7.0,29.0,1,0.0014347202295552368,746.4646464646465,49710.64072068618,1,true
src/main/org/apache/tools/ant/taskdefs/optional/pvcs/Pvcs.java,519.0,21.0,528.0,36.0,76.0,91.0,0,0.0,0.0,0.0,0,true
src/main/org/apache/tools/ant/taskdefs/optional/script/ScriptDef.java,267.0,17.0,1.0,11.0,37.0,25.0,1,0.0014347202295552368,1200.5701357466062,52790.39726832565,1,true
src/main/org/apache/tools/ant/taskdefs/optional/sitraka/CovBase.java,68.0,4.0,0.0,7.0,6.0,17.0,1,0.0014347202295552368,654.5200000000001,8493.844616536588,1,true
src/main/org/apache/tools/ant/taskdefs/optional/ssh/AbstractSshMessage.java,104.0,9.0,52.0,12.0,17.0,26.0,1,0.0014347202295552368,1200.5701357466062,52790.39726832565,1,true
src/main/org/apache/tools/ant/taskdefs/optional/ssh/SSHExec.java,203.0,11.0,20.0,9.0,33.0,29.0,1,0.0014347202295552368,746.4646464646465,49710.64072068618,1,true
src/main/org/apache/tools/ant/taskdefs/optional/ssh/SSHUserInfo.java,126.0,1.0,135.0,19.0,0.0,36.0,1,0.0014347202295552368,1200.5701357466062,52790.39726832565,1,true
src/main/org/apache/tools/ant/taskdefs/optional/ssh/Scp.java,258.0,12.0,72.0,17.0,61.0,51.0,1,0.0014347202295552368,1200.5701357466062,52790.39726832565,1,true
src/main/org/apache/tools/ant/taskdefs/optional/ssh/ScpFromMessage.java,131.0,11.0,0.0,7.0,39.0,23.0,1,0.0014347202295552368,1200.5701357466062,52790.39726832565,1,true
src/main/org/apache/tools/ant/taskdefs/optional/ssh/ScpToMessage.java,140.0,10.0,40.0,13.0,47.0,30.0,1,0.0014347202295552368,1200.5701357466062,52790.39726832565,1,true
src/main/org/apache/tools/ant/taskdefs/optional/starteam/StarTeamCheckin.java,248.0,8.0,60.0,13.0,38.0,37.0,1,0.0014347202295552368,746.4646464646465,49710.64072068618,1,true
src/main/org/apache/tools/ant/taskdefs/optional/starteam/StarTeamCheckout.java,444.0,11.0,113.0,18.0,70.0,63.0,3,0.00430416068866571,1989.7014488779196,102599.70619571855,3,true
src/main/org/apache/tools/ant/taskdefs/optional/starteam/StarTeamList.java,201.0,11.0,53.0,11.0,56.0,38.0,1,0.0014347202295552368,1200.5701357466062,52790.39726832565,1,true
src/main/org/apache/tools/ant/taskdefs/optional/starteam/TreeBasedTask.java,637.0,16.0,629.0,39.0,57.0,125.0,1,0.0014347202295552368,1200.5701357466062,52790.39726832565,1,true
src/main/org/apache/tools/ant/taskdefs/optional/unix/Symlink.java,541.0,15.0,78.0,17.0,82.0,65.0,3,0.00430416068866571,2158.7151357466064,65659.94496311714,3,true
src/main/org/apache/tools/ant/taskdefs/optional/vss/MSVSS.java,629.0,14.0,1361.0,54.0,56.0,138.0,1,0.0014347202295552368,746.4646464646465,49710.64072068618,1,true
src/main/org/apache/tools/ant/taskdefs/optional/vss/MSVSSADD.java,70.0,3.0,19.0,7.0,12.0,13.0,1,0.0014347202295552368,746.4646464646465,49710.64072068618,1,true
src/main/org/apache/tools/ant/taskdefs/optional/vss/MSVSSGET.java,107.0,3.0,55.0,11.0,16.0,19.0,1,0.0014347202295552368,746.4646464646465,49710.64072068618,1,true
src/main/org/apache/tools/ant/taskdefs/repository/AbsentFilesPolicy.java,16.0,1.0,0.0,1.0,1.0,5.0,1,0.0014347202295552368,276.42857142857144,3683.818585628157,1,false
src/main/org/apache/tools/ant/taskdefs/repository/AssertDownloaded.java,45.0,2.0,0.0,3.0,2.0,10.0,2,0.0028694404591104736,1476.9987071751775,56474.21585395381,2,false
src/main/org/apache/tools/ant/taskdefs/repository/BaseLibraryPolicy.java,40.0,1.0,4.0,4.0,0.0,11.0,2,0.0028694404591104736,1476.9987071751775,56474.21585395381,2,false
src/main/org/apache/tools/ant/taskdefs/repository/EnabledLibraryElement.java,15.0,0.0,1.0,2.0,0.0,3.0,1,0.0014347202295552368,276.42857142857144,3683.818585628157,1,false
src/main/org/apache/tools/ant/taskdefs/repository/EnabledLibraryElementList.java,63.0,4.0,1.0,2.0,0.0,3.0,2,0.0028694404591104736,1022.893217893218,53394.45930631433,2,false
src/main/org/apache/tools/ant/taskdefs/repository/ForceUpdatePolicy.java,37.0,3.0,3.0,3.0,8.0,13.0,2,0.0028694404591104736,1476.9987071751775,56474.21585395381,2,false
src/main/org/apache/tools/ant/taskdefs/repository/HttpRepository.java,213.0,7.0,135.0,19.0,33.0,49.0,2,0.0028694404591104736,1476.9987071751775,56474.21585395381,2,false
src/main/org/apache/tools/ant/taskdefs/repository/Libraries.java,470.0,11.0,599.0,38.0,88.0,95.0,3,0.00430416068866571,2223.463353639824,106184.85657463998,3,false
src/main/org/apache/tools/ant/taskdefs/repository/Library.java,328.0,4.0,299.0,31.0,19.0,71.0,4,0.005738880918220947,2877.983353639824,114678.70119117657,4,false
src/main/org/apache/tools/ant/taskdefs/repository/LibraryPolicy.java,35.0,1.0,1.0,2.0,0.0,7.0,3,0.00430416068866571,2223.463353639824,106184.85657463998,3,false
src/main/org/apache/tools/ant/taskdefs/repository/MavenRepository.java,98.0,7.0,13.0,6.0,21.0,17.0,3,0.00430416068866571,2223.463353639824,106184.85657463998,3,false
src/main/org/apache/tools/ant/taskdefs/repository/NoUpdatePolicy.java,16.0,1.0,0.0,1.0,1.0,5.0,1,0.0014347202295552368,276.42857142857144,3683.818585628157,1,false
src/main/org/apache/tools/ant/taskdefs/repository/Repository.java,67.0,3.0,21.0,7.0,2.0,22.0,2,0.0028694404591104736,1476.9987071751775,56474.21585395381,2,false
src/main/org/apache/tools/ant/taskdefs/repository/RepositoryRef.java,52.0,4.0,10.0,5.0,3.0,13.0,2,0.0028694404591104736,1476.9987071751775,56474.21585395381,2,false
src/main/org/apache/tools/ant/taskdefs/repository/ScheduledUpdatePolicy.java,177.0,14.0,36.0,13.0,28.0,34.0,3,0.00430416068866571,2223.463353639824,106184.85657463998,3,false
src/main/org/apache/tools/ant/taskdefs/repository/TimestampPolicy.java,19.0,1.0,0.0,1.0,2.0,5.0,2,0.0028694404591104736,1476.9987071751775,56474.21585395381,2,false
src/main/org/apache/tools/ant/taskdefs/rmic/DefaultRmicAdapter.java,288.0,8.0,44.0,12.0,39.0,31.0,1,0.0014347202295552368,746.4646464646465,49710.64072068618,1,true
src/main/org/apache/tools/ant/taskdefs/rmic/ForkingSunRmic.java,36.0,8.0,0.0,1.0,12.0,4.0,1,0.0014347202295552368,1200.5701357466062,52790.39726832565,1,false
src/main/org/apache/tools/ant/taskdefs/rmic/KaffeRmic.java,58.0,5.0,1.0,3.0,13.0,14.0,2,0.0028694404591104736,1476.9987071751775,56474.21585395381,2,true
src/main/org/apache/tools/ant/taskdefs/rmic/RmicAdapterFactory.java,73.0,2.0,3.0,3.0,7.0,13.0,1,0.0014347202295552368,1200.5701357466062,52790.39726832565,1,true
src/main/org/apache/tools/ant/taskdefs/rmic/SunRmic.java,52.0,8.0,0.0,1.0,12.0,7.0,1,0.0014347202295552368,1200.5701357466062,52790.39726832565,1,true
src/main/org/apache/tools/ant/taskdefs/rmic/WLRmic.java,61.0,5.0,3.0,3.0,12.0,13.0,1,0.0014347202295552368,1200.5701357466062,52790.39726832565,1,true
src/main/org/apache/tools/ant/types/AbstractFileSet.java,544.0,30.0,967.0,50.0,165.0,134.0,2,0.0028694404591104736,1504.1951357466062,57166.10034658056,2,true
src/main/org/apache/tools/ant/types/Assertions.java,292.0,6.0,0.0,12.0,41.0,34.0,1,0.0014347202295552368,1200.5701357466062,52790.39726832565,1,true
src/main/org/apache/tools/ant/types/CommandlineJava.java,543.0,9.0,485.0,38.0,70.0,90.0,2,0.0028694404591104736,1947.0347822112526,102501.03798901182,2,true
src/main/org/apache/tools/ant/types/DataType.java,166.0,4.0,55.0,14.0,19.0,39.0,1,0.0014347202295552368,1200.5701357466062,52790.39726832565,1,true
src/main/org/apache/tools/ant/types/Description.java,79.0,7.0,6.0,4.0,19.0,16.0,1,0.0014347202295552368,303.625,4375.70307825491,1,true
src/main/org/apache/tools/ant/types/EnumeratedAttribute.java,84.0,1.0,14.0,8.0,5.0,21.0,1,0.0014347202295552368,1200.5701357466062,52790.39726832565,1,true
src/main/org/apache/tools/ant/types/FilterChain.java,132.0,17.0,0.0,24.0,28.0,28.0,1,0.0014347202295552368,746.4646464646465,49710.64072068618,1,true
src/main/org/apache/tools/ant/types/FilterSet.java,420.0,9.0,154.0,20.0,91.0,76.0,2,0.0028694404591104736,1504.1951357466062,57166.10034658056,2,true
src/main/org/apache/tools/ant/types/Mapper.java,219.0,8.0,51.0,14.0,50.0,50.0,2,0.0028694404591104736,1947.0347822112526,102501.03798901182,2,true
src/main/org/apache/tools/ant/types/Path.java,549.0,10.0,331.0,31.0,134.0,113.0,2,0.0028694404591104736,1504.1951357466062,57166.10034658056,2,true
src/main/org/apache/tools/ant/types/PatternSet.java,434.0,10.0,155.0,22.0,101.0,88.0,1,0.0014347202295552368,1200.5701357466062,52790.39726832565,1,true
src/main/org/apache/tools/ant/types/Permissions.java,273.0,9.0,15.0,7.0,13.0,14.0,1,0.0014347202295552368,1200.5701357466062,52790.39726832565,1,true
src/main/org/apache/tools/ant/types/PropertySet.java,299.0,14.0,159.0,19.0,79.0,44.0,3,0.00430416068866571,2250.6597822112526,106876.74106726673,3,true
src/main/org/apache/tools/ant/types/RedirectorElement.java,470.0,8.0,196.0,24.0,83.0,83.0,1,0.0014347202295552368,1200.5701357466062,52790.39726832565,1,true
src/main/org/apache/tools/ant/types/XMLCatalog.java,784.0,25.0,236.0,24.0,132.0,97.0,3,0.00430416068866571,2131.5187071751775,64968.060470490396,3,true
src/main/org/apache/tools/ant/types/mappers/FilterMapper.java,52.0,9.0,3.0,3.0,9.0,10.0,2,0.0028694404591104736,1050.0896464646466,54086.34379894109,2,false
src/main/org/apache/tools/ant/types/optional/depend/DependScanner.java,147.0,8.0,95.0,15.0,18.0,34.0,2,0.0028694404591104736,1504.1951357466062,57166.10034658056,2,true
src/main/org/apache/tools/ant/types/selectors/AbstractSelectorContainer.java,225.0,7.0,305.0,26.0,34.0,40.0,1,0.0014347202295552368,746.4646464646465,49710.64072068618,1,true
src/main/org/apache/tools/ant/types/selectors/DateSelector.java,228.0,9.0,22.0,12.0,28.0,41.0,4,0.005738880918220947,2905.1797822112526,115370.58568380332,4,true
src/main/org/apache/tools/ant/types/selectors/DifferentSelector.java,74.0,4.0,0.0,3.0,4.0,12.0,1,0.0014347202295552368,654.5200000000001,8493.844616536588,1,true
src/main/org/apache/tools/ant/types/selectors/ExtendSelector.java,145.0,8.0,19.0,10.0,28.0,33.0,2,0.0028694404591104736,1947.0347822112526,102501.03798901182,2,true
src/main/org/apache/tools/ant/types/selectors/MappingSelector.java,96.0,6.0,11.0,7.0,8.0,21.0,1,0.0014347202295552368,654.5200000000001,8493.844616536588,1,true
src/main/org/apache/tools/ant/types/selectors/SignedSelector.java,30.0,3.0,0.0,2.0,6.0,5.0,1,0.0014347202295552368,746.4646464646465,49710.64072068618,1,true
src/main/org/apache/tools/ant/types/selectors/SizeSelector.java,238.0,3.0,4.0,8.0,16.0,31.0,2,0.0028694404591104736,1947.0347822112526,102501.03798901182,2,true
src/main/org/apache/tools/ant/types/selectors/TypeSelector.java,98.0,3.0,3.0,6.0,13.0,15.0,1,0.0014347202295552368,1200.5701357466062,52790.39726832565,1,true
src/main/org/apache/tools/ant/types/selectors/modifiedselector/ModifiedSelector.java,751.0,13.0,562.0,37.0,73.0,98.0,3,0.00430416068866571,2223.463353639824,106184.85657463998,3,true
src/main/org/apache/tools/ant/util/ChainedMapper.java,29.0,5.0,0.0,1.0,11.0,4.0,2,0.0028694404591104736,1947.0347822112526,102501.03798901182,2,false
src/main/org/apache/tools/ant/util/ClasspathUtils.java,319.0,6.0,36.0,9.0,16.0,34.0,1,0.0014347202295552368,746.4646464646465,49710.64072068618,1,true
src/main/org/apache/tools/ant/util/CompositeMapper.java,20.0,3.0,0.0,1.0,9.0,4.0,1,0.0014347202295552368,1200.5701357466062,52790.39726832565,1,false
src/main/org/apache/tools/ant/util/ConcatFileInputStream.java,88.0,7.0,8.0,8.0,9.0,27.0,2,0.0028694404591104736,1947.0347822112526,102501.03798901182,2,false
src/main/org/apache/tools/ant/util/ContainerMapper.java,62.0,5.0,9.0,6.0,9.0,16.0,2,0.0028694404591104736,1947.0347822112526,102501.03798901182,2,true
src/main/org/apache/tools/ant/util/FileUtils.java,1108.0,30.0,986.0,45.0,151.0,184.0,5,0.007173601147776184,3158.0218874744105,116907.17714772139,5,true
src/main/org/apache/tools/ant/util/GlobPatternMapper.java,126.0,0.0,11.0,7.0,14.0,20.0,1,0.0014347202295552368,746.4646464646465,49710.64072068618,1,true
src/main/org/apache/tools/ant/util/JAXPUtils.java,179.0,11.0,55.0,11.0,27.0,47.0,2,0.0028694404591104736,1400.9846464646466,58204.485337222766,2,true
src/main/org/apache/tools/ant/util/JavaEnvUtils.java,314.0,7.0,56.0,12.0,16.0,41.0,3,0.00430416068866571,2601.5547822112526,110994.88260554841,3,true
src/main/org/apache/tools/ant/util/LoaderUtils.java,74.0,3.0,15.0,6.0,11.0,17.0,1,0.0014347202295552368,654.5200000000001,8493.844616536588,1,true
src/main/org/apache/tools/ant/util/OutputStreamFunneler.java,135.0,3.0,1.0,7.0,7.0,22.0,2,0.0028694404591104736,1947.0347822112526,102501.03798901182,2,true
src/main/org/apache/tools/ant/util/ReaderInputStream.java,155.0,3.0,0.0,9.0,9.0,37.0,1,0.0014347202295552368,1200.5701357466062,52790.39726832565,1,true
src/main/org/apache/tools/ant/util/RegexpPatternMapper.java,98.0,4.0,0.0,7.0,13.0,20.0,1,0.0014347202295552368,746.4646464646465,49710.64072068618,1,true
src/main/org/apache/tools/ant/util/ResourceUtils.java,86.0,7.0,1.0,2.0,18.0,9.0,4,0.005738880918220947,2905.1797822112526,115370.58568380332,4,true
src/main/org/apache/tools/ant/util/SourceFileScanner.java,92.0,5.0,0.0,6.0,18.0,19.0,3,0.00430416068866571,1704.6096464646466,62580.18841547768,3,true
src/main/org/apache/tools/ant/util/TaskLogger.java,52.0,2.0,0.0,6.0,5.0,7.0,1,0.0014347202295552368,1200.5701357466062,52790.39726832565,1,true
src/main/org/apache/tools/ant/util/WeakishReference.java,42.0,3.0,1.0,2.0,0.0,6.0,2,0.0028694404591104736,1947.0347822112526,102501.03798901182,2,true
src/main/org/apache/tools/ant/util/XMLFragment.java,100.0,7.0,0.0,5.0,10.0,11.0,1,0.0014347202295552368,746.4646464646465,49710.64072068618,1,true
src/main/org/apache/tools/ant/util/regexp/JakartaOroMatcher.java,117.0,6.0,28.0,9.0,12.0,28.0,1,0.0014347202295552368,746.4646464646465,49710.64072068618,1,true
src/main/org/apache/tools/ant/util/regexp/JakartaOroRegexp.java,62.0,4.0,3.0,3.0,9.0,11.0,1,0.0014347202295552368,746.4646464646465,49710.64072068618,1,true
src/main/org/apache/tools/ant/util/regexp/JakartaRegexpMatcher.java,114.0,4.0,30.0,9.0,13.0,29.0,1,0.0014347202295552368,746.4646464646465,49710.64072068618,1,true
src/main/org/apache/tools/ant/util/regexp/JakartaRegexpRegexp.java,60.0,3.0,3.0,3.0,11.0,11.0,1,0.0014347202295552368,746.4646464646465,49710.64072068618,1,true
src/main/org/apache/tools/ant/util/regexp/Jdk14RegexpMatcher.java,124.0,5.0,30.0,9.0,14.0,30.0,1,0.0014347202295552368,746.4646464646465,49710.64072068618,1,true
src/main/org/apache/tools/ant/util/regexp/Jdk14RegexpRegexp.java,78.0,3.0,3.0,3.0,14.0,11.0,1,0.0014347202295552368,746.4646464646465,49710.64072068618,1,true
src/main/org/apache/tools/ant/util/regexp/Regexp.java,24.0,1.0,0.0,1.0,0.0,4.0,1,0.0014347202295552368,746.4646464646465,49710.64072068618,1,true
src/main/org/apache/tools/ant/util/regexp/RegexpFactory.java,73.0,2.0,6.0,4.0,5.0,16.0,1,0.0014347202295552368,746.4646464646465,49710.64072068618,1,true
src/main/org/apache/tools/ant/util/regexp/RegexpMatcher.java,71.0,2.0,15.0,6.0,0.0,21.0,1,0.0014347202295552368,746.4646464646465,49710.64072068618,1,true
src/main/org/apache/tools/ant/util/regexp/RegexpMatcherFactory.java,88.0,2.0,10.0,5.0,7.0,22.0,1,0.0014347202295552368,746.4646464646465,49710.64072068618,1,true
src/main/org/apache/tools/ant/util/regexp/RegexpUtil.java,23.0,0.0,1.0,2.0,0.0,5.0,1,0.0014347202295552368,746.4646464646465,49710.64072068618,1,true
src/main/org/apache/tools/bzip2/CBZip2InputStream.java,685.0,2.0,348.0,32.0,64.0,87.0,1,0.0014347202295552368,1200.5701357466062,52790.39726832565,1,true
src/main/org/apache/tools/tar/TarEntry.java,524.0,3.0,315.0,35.0,49.0,75.0,1,0.0014347202295552368,1200.5701357466062,52790.39726832565,1,true
src/main/org/apache/tools/tar/TarInputStream.java,264.0,4.0,84.0,16.0,25.0,48.0,2,0.0028694404591104736,1947.0347822112526,102501.03798901182,2,true
src/main/org/apache/tools/zip/AsiExtraField.java,233.0,2.0,129.0,19.0,29.0,42.0,2,0.0028694404591104736,789.1313131313132,49809.30892739289,2,true
src/main/org/apache/tools/zip/ZipEntry.java,392.0,4.0,452.0,32.0,91.0,90.0,5,0.007173601147776184,2920.6500203064907,114777.36939788329,5,true
src/main/org/apache/tools/zip/ZipFile.java,384.0,12.0,76.0,16.0,48.0,67.0,3,0.00430416068866571,1443.6513131313131,58303.15354392948,3,true
src/main/org/apache/tools/zip/ZipLong.java,102.0,0.0,0.0,10.0,4.0,18.0,2,0.0028694404591104736,789.1313131313132,49809.30892739289,2,true
src/main/org/apache/tools/zip/ZipOutputStream.java,587.0,14.0,180.0,25.0,102.0,86.0,4,0.005738880918220947,2293.3264488779196,106975.40927397346,4,true
src/main/org/apache/tools/zip/ZipShort.java,101.0,0.0,0.0,10.0,3.0,18.0,2,0.0028694404591104736,789.1313131313132,49809.30892739289,2,true
src/testcases/org/apache/tools/ant/AntClassLoaderDelegationTest.java,56.0,12.0,4.0,4.0,13.0,8.0,1,0.0014347202295552368,654.5200000000001,8493.844616536588,1,true
src/testcases/org/apache/tools/ant/BuildFileTest.java,380.0,5.0,362.0,29.0,62.0,72.0,2,0.0028694404591104736,1453.412241009764,54326.98873224372,2,true
src/testcases/org/apache/tools/ant/DirectoryScannerTest.java,286.0,9.0,294.0,25.0,160.0,44.0,1,0.0014347202295552368,252.84210526315792,1536.5914639180721,1,true
src/testcases/org/apache/tools/ant/IntrospectionHelperTest.java,573.0,14.0,1542.0,60.0,136.0,106.0,0,0.0,0.0,0.0,0,true
src/testcases/org/apache/tools/ant/filters/ConcatFilterTest.java,82.0,5.0,48.0,13.0,25.0,25.0,2,0.0028694404591104736,1855.0901357466064,61284.24188486224,2,true
src/testcases/org/apache/tools/ant/filters/DynamicFilterTest.java,69.0,7.0,45.0,10.0,19.0,19.0,1,0.0014347202295552368,1200.5701357466062,52790.39726832565,1,true
src/testcases/org/apache/tools/ant/filters/EscapeUnicodeTest.java,20.0,4.0,6.0,4.0,7.0,6.0,1,0.0014347202295552368,654.5200000000001,8493.844616536588,1,false
src/testcases/org/apache/tools/ant/filters/HeadTailTest.java,81.0,4.0,0.0,14.0,57.0,26.0,1,0.0014347202295552368,654.5200000000001,8493.844616536588,1,true
src/testcases/org/apache/tools/ant/filters/LineContainsTest.java,20.0,4.0,6.0,4.0,7.0,6.0,1,0.0014347202295552368,654.5200000000001,8493.844616536588,1,true
src/testcases/org/apache/tools/ant/filters/ReplaceTokensTest.java,20.0,4.0,6.0,4.0,7.0,6.0,1,0.0014347202295552368,654.5200000000001,8493.844616536588,1,true
src/testcases/org/apache/tools/ant/filters/StripJavaCommentsTest.java,20.0,4.0,6.0,4.0,7.0,6.0,1,0.0014347202295552368,654.5200000000001,8493.844616536588,1,true
src/testcases/org/apache/tools/ant/filters/TokenFilterTest.java,182.0,6.0,561.0,34.0,78.0,85.0,1,0.0014347202295552368,1200.5701357466062,52790.39726832565,1,true
src/testcases/org/apache/tools/ant/taskdefs/BUnzip2Test.java,23.0,3.0,6.0,4.0,7.0,6.0,1,0.0014347202295552368,654.5200000000001,8493.844616536588,1,true
src/testcases/org/apache/tools/ant/taskdefs/BZip2Test.java,28.0,3.0,10.0,5.0,11.0,8.0,1,0.0014347202295552368,654.5200000000001,8493.844616536588,1,true
src/testcases/org/apache/tools/ant/taskdefs/CVSPassTest.java,71.0,3.0,24.0,9.0,32.0,21.0,1,0.0014347202295552368,1200.5701357466062,52790.39726832565,1,true
src/testcases/org/apache/tools/ant/taskdefs/ChecksumTest.java,71.0,3.0,120.0,16.0,43.0,32.0,2,0.0028694404591104736,958.1450000000001,12869.547694791498,2,true
src/testcases/org/apache/tools/ant/taskdefs/ConcatTest.java,186.0,6.0,307.0,26.0,67.0,43.0,2,0.0028694404591104736,1855.0901357466064,61284.24188486224,2,true
src/testcases/org/apache/tools/ant/taskdefs/CopyTest.java,103.0,5.0,114.0,16.0,57.0,24.0,1,0.0014347202295552368,654.5200000000001,8493.844616536588,1,true
src/testcases/org/apache/tools/ant/taskdefs/ExecTaskTest.java,360.0,7.0,555.0,34.0,149.0,106.0,3,0.00430416068866571,2107.9322410097643,62820.83334878031,3,true
src/testcases/org/apache/tools/ant/taskdefs/ExecuteOnTest.java,483.0,6.0,465.0,31.0,138.0,92.0,2,0.0028694404591104736,1504.1951357466062,57166.10034658056,2,true
src/testcases/org/apache/tools/ant/taskdefs/FixCrLfTest.java,132.0,5.0,253.0,23.0,68.0,68.0,2,0.0028694404591104736,1453.412241009764,54326.98873224372,2,true
src/testcases/org/apache/tools/ant/taskdefs/GUnzipTest.java,32.0,2.0,19.0,7.0,12.0,12.0,1,0.0014347202295552368,654.5200000000001,8493.844616536588,1,true
src/testcases/org/apache/tools/ant/taskdefs/ImportTest.java,85.0,7.0,78.0,13.0,45.0,29.0,1,0.0014347202295552368,252.84210526315792,1536.5914639180721,1,true
src/testcases/org/apache/tools/ant/taskdefs/InitializeClassTest.java,32.0,6.0,4.0,4.0,7.0,7.0,2,0.0028694404591104736,907.362105263158,10030.43608045466,2,true
src/testcases/org/apache/tools/ant/taskdefs/JarTest.java,194.0,12.0,378.0,29.0,69.0,50.0,3,0.00430416068866571,1879.0901357466064,61291.78380517645,3,true
src/testcases/org/apache/tools/ant/taskdefs/JavaTest.java,242.0,8.0,345.0,27.0,44.0,40.0,1,0.0014347202295552368,654.5200000000001,8493.844616536588,1,true
src/testcases/org/apache/tools/ant/taskdefs/JavacTest.java,142.0,9.0,0.0,7.0,42.0,17.0,1,0.0014347202295552368,1200.5701357466062,52790.39726832565,1,true
src/testcases/org/apache/tools/ant/taskdefs/LengthTest.java,35.0,1.0,55.0,11.0,10.0,12.0,2,0.0028694404591104736,1050.0896464646466,54086.34379894109,2,false
src/testcases/org/apache/tools/ant/taskdefs/LibrariesTest.java,135.0,4.0,630.0,36.0,38.0,41.0,2,0.0028694404591104736,1476.9987071751775,56474.21585395381,2,false
src/testcases/org/apache/tools/ant/taskdefs/ManifestTest.java,226.0,8.0,258.0,25.0,84.0,67.0,3,0.00430416068866571,1729.8408124383354,58010.80731787188,3,true
src/testcases/org/apache/tools/ant/taskdefs/MoveTest.java,90.0,4.0,134.0,17.0,36.0,23.0,1,0.0014347202295552368,654.5200000000001,8493.844616536588,1,true
src/testcases/org/apache/tools/ant/taskdefs/ParallelTest.java,122.0,7.0,15.0,7.0,23.0,16.0,1,0.0014347202295552368,1200.5701357466062,52790.39726832565,1,true
src/testcases/org/apache/tools/ant/taskdefs/PreSetDefTest.java,69.0,5.0,78.0,13.0,12.0,14.0,0,0.0,0.0,0.0,0,true
src/testcases/org/apache/tools/ant/taskdefs/PropertyTest.java,71.0,3.0,55.0,11.0,28.0,23.0,1,0.0014347202295552368,654.5200000000001,8493.844616536588,1,true
src/testcases/org/apache/tools/ant/taskdefs/RecorderTest.java,36.0,3.0,9.0,7.0,19.0,12.0,2,0.0028694404591104736,1855.0901357466064,61284.24188486224,2,false
src/testcases/org/apache/tools/ant/taskdefs/ReplaceTest.java,67.0,3.0,78.0,13.0,18.0,22.0,1,0.0014347202295552368,252.84210526315792,1536.5914639180721,1,true
src/testcases/org/apache/tools/ant/taskdefs/SQLExecTest.java,165.0,10.0,20.0,9.0,42.0,25.0,1,0.0014347202295552368,1200.5701357466062,52790.39726832565,1,true
src/testcases/org/apache/tools/ant/taskdefs/SignJarTest.java,33.0,8.0,36.0,9.0,8.0,11.0,1,0.0014347202295552368,746.4646464646465,49710.64072068618,1,true
src/testcases/org/apache/tools/ant/taskdefs/StyleTest.java,63.0,7.0,91.0,14.0,27.0,32.0,1,0.0014347202295552368,1200.5701357466062,52790.39726832565,1,true
src/testcases/org/apache/tools/ant/taskdefs/SyncTest.java,61.0,2.0,45.0,10.0,50.0,11.0,1,0.0014347202295552368,1200.5701357466062,52790.39726832565,1,true
src/testcases/org/apache/tools/ant/taskdefs/TarTest.java,70.0,2.0,91.0,14.0,29.0,33.0,1,0.0014347202295552368,252.84210526315792,1536.5914639180721,1,true
src/testcases/org/apache/tools/ant/taskdefs/TouchTest.java,130.0,4.0,171.0,19.0,29.0,31.0,4,0.005738880918220947,1957.4517517278045,64116.77987939575,4,true
src/testcases/org/apache/tools/ant/taskdefs/TypedefTest.java,51.0,2.0,66.0,12.0,23.0,17.0,0,0.0,0.0,0.0,0,true
src/testcases/org/apache/tools/ant/taskdefs/UntarTest.java,48.0,2.0,25.0,11.0,28.0,25.0,1,0.0014347202295552368,654.5200000000001,8493.844616536588,1,true
src/testcases/org/apache/tools/ant/taskdefs/UnzipTest.java,104.0,3.0,210.0,21.0,43.0,32.0,1,0.0014347202295552368,654.5200000000001,8493.844616536588,1,true
src/testcases/org/apache/tools/ant/taskdefs/XmlPropertyTest.java,239.0,12.0,276.0,24.0,99.0,51.0,3,0.00430416068866571,2107.9322410097643,62820.83334878031,3,true
src/testcases/org/apache/tools/ant/taskdefs/ZipTest.java,85.0,6.0,151.0,18.0,46.0,27.0,3,0.00430416068866571,1528.1951357466062,57173.64226689477,3,true
src/testcases/org/apache/tools/ant/taskdefs/condition/IsFileSelectedTest.java,26.0,1.0,21.0,7.0,6.0,9.0,1,0.0014347202295552368,746.4646464646465,49710.64072068618,1,false
src/testcases/org/apache/tools/ant/taskdefs/condition/IsSignedTest.java,23.0,1.0,15.0,6.0,5.0,7.0,1,0.0014347202295552368,746.4646464646465,49710.64072068618,1,false
src/testcases/org/apache/tools/ant/taskdefs/cvslib/ChangeLogWriterTest.java,44.0,14.0,0.0,1.0,6.0,3.0,2,0.0028694404591104736,319.09523809523813,3782.4867923348716,2,false
src/testcases/org/apache/tools/ant/taskdefs/optional/ANTLRTest.java,108.0,2.0,165.0,19.0,34.0,27.0,1,0.0014347202295552368,252.84210526315792,1536.5914639180721,1,true
src/testcases/org/apache/tools/ant/taskdefs/optional/AbstractXSLTLiaisonTest.java,65.0,9.0,15.0,7.0,25.0,18.0,2,0.0028694404591104736,907.362105263158,10030.43608045466,2,false
src/testcases/org/apache/tools/ant/taskdefs/optional/JspcTest.java,140.0,9.0,118.0,16.0,23.0,38.0,1,0.0014347202295552368,252.84210526315792,1536.5914639180721,1,true
src/testcases/org/apache/tools/ant/taskdefs/optional/PropertyFileTest.java,117.0,6.0,55.0,11.0,37.0,20.0,1,0.0014347202295552368,252.84210526315792,1536.5914639180721,1,true
src/testcases/org/apache/tools/ant/taskdefs/optional/ReplaceRegExpTest.java,62.0,6.0,1.0,7.0,22.0,13.0,2,0.0028694404591104736,907.362105263158,10030.43608045466,2,true
src/testcases/org/apache/tools/ant/taskdefs/optional/XalanLiaisonTest.java,30.0,2.0,6.0,4.0,7.0,9.0,1,0.0014347202295552368,252.84210526315792,1536.5914639180721,1,true
src/testcases/org/apache/tools/ant/taskdefs/optional/depend/DependTest.java,100.0,11.0,78.0,13.0,36.0,19.0,2,0.0028694404591104736,1200.5701357466062,52790.39726832565,2,true
src/testcases/org/apache/tools/ant/taskdefs/optional/i18n/TranslateTest.java,55.0,4.0,8.0,5.0,10.0,10.0,1,0.0014347202295552368,252.84210526315792,1536.5914639180721,1,true
src/testcases/org/apache/tools/ant/taskdefs/optional/image/ImageTest.java,63.0,3.0,30.0,9.0,24.0,15.0,1,0.0014347202295552368,654.5200000000001,8493.844616536588,1,true
src/testcases/org/apache/tools/ant/taskdefs/optional/junit/JUnitReportTest.java,26.0,2.0,6.0,4.0,6.0,7.0,1,0.0014347202295552368,252.84210526315792,1536.5914639180721,1,true
src/testcases/org/apache/tools/ant/taskdefs/optional/junit/JUnitTaskTest.java,84.0,4.0,66.0,12.0,29.0,20.0,0,0.0,0.0,0.0,0,true
src/testcases/org/apache/tools/ant/taskdefs/optional/junit/NoVmCrash.java,10.0,1.0,1.0,2.0,0.0,2.0,0,0.0,0.0,0.0,0,true
src/testcases/org/apache/tools/ant/taskdefs/optional/junit/Printer.java,18.0,1.0,1.0,2.0,2.0,2.0,0,0.0,0.0,0.0,0,false
src/testcases/org/apache/tools/ant/taskdefs/optional/junit/Sleeper.java,15.0,1.0,1.0,2.0,1.0,3.0,1,0.0014347202295552368,1200.5701357466062,52790.39726832565,1,true
src/testcases/org/apache/tools/ant/taskdefs/optional/junit/VmCrash.java,11.0,1.0,1.0,2.0,1.0,2.0,0,0.0,0.0,0.0,0,true
src/testcases/org/apache/tools/ant/taskdefs/optional/junit/XMLFormatterWithCDATAOnSystemOut.java,30.0,5.0,3.0,3.0,11.0,5.0,1,0.0014347202295552368,1200.5701357466062,52790.39726832565,1,false
src/testcases/org/apache/tools/ant/taskdefs/optional/perforce/P4ChangeTest.java,24.0,2.0,6.0,4.0,5.0,5.0,1,0.0014347202295552368,1200.5701357466062,52790.39726832565,1,true
src/testcases/org/apache/tools/ant/taskdefs/optional/script/ScriptDefTest.java,59.0,4.0,55.0,11.0,30.0,13.0,1,0.0014347202295552368,1200.5701357466062,52790.39726832565,1,true
src/testcases/org/apache/tools/ant/taskdefs/optional/sitraka/XMLReportTest.java,53.0,15.0,6.0,4.0,25.0,10.0,2,0.0028694404591104736,1855.0901357466064,61284.24188486224,2,true
src/testcases/org/apache/tools/ant/taskdefs/optional/sos/SOSTest.java,248.0,5.0,57.0,15.0,128.0,31.0,1,0.0014347202295552368,1200.5701357466062,52790.39726832565,1,true
src/testcases/org/apache/tools/ant/taskdefs/optional/vss/MSVSSTest.java,329.0,11.0,139.0,23.0,147.0,51.0,1,0.0014347202295552368,1200.5701357466062,52790.39726832565,1,true
src/testcases/org/apache/tools/ant/types/CommandlineJavaTest.java,124.0,3.0,7.0,7.0,53.0,17.0,2,0.0028694404591104736,1453.412241009764,54326.98873224372,2,true
src/testcases/org/apache/tools/ant/types/FilterSetTest.java,113.0,7.0,45.0,10.0,33.0,20.0,2,0.0028694404591104736,556.4671052631579,5912.294542172982,2,true
src/testcases/org/apache/tools/ant/types/PathTest.java,464.0,7.0,0.0,16.0,92.0,34.0,1,0.0014347202295552368,252.84210526315792,1536.5914639180721,1,true
src/testcases/org/apache/tools/ant/types/PermissionsTest.java,131.0,2.0,0.0,9.0,32.0,17.0,1,0.0014347202295552368,303.625,4375.70307825491,1,true
src/testcases/org/apache/tools/ant/types/XMLCatalogTest.java,290.0,13.0,0.0,15.0,134.0,39.0,1,0.0014347202295552368,252.84210526315792,1536.5914639180721,1,true
src/testcases/org/apache/tools/ant/types/mappers/GlobMapperTest.java,17.0,1.0,6.0,4.0,3.0,6.0,1,0.0014347202295552368,746.4646464646465,49710.64072068618,1,false
src/testcases/org/apache/tools/ant/types/mappers/MapperResult.java,59.0,4.0,7.0,6.0,6.0,12.0,1,0.0014347202295552368,746.4646464646465,49710.64072068618,1,false
src/testcases/org/apache/tools/ant/types/mappers/RegexpPatternMapperTest.java,17.0,1.0,6.0,4.0,3.0,6.0,1,0.0014347202295552368,746.4646464646465,49710.64072068618,1,false
src/testcases/org/apache/tools/ant/types/optional/depend/ClassFileSetTest.java,112.0,11.0,16.0,9.0,53.0,15.0,1,0.0014347202295552368,1200.5701357466062,52790.39726832565,1,true
src/testcases/org/apache/tools/ant/types/selectors/BaseSelectorTest.java,215.0,6.0,86.0,16.0,34.0,47.0,1,0.0014347202295552368,252.84210526315792,1536.5914639180721,1,true
src/testcases/org/apache/tools/ant/types/selectors/ModifiedSelectorTest.java,682.0,13.0,940.0,44.0,214.0,95.0,2,0.0028694404591104736,1855.0901357466064,61284.24188486224,2,true
src/testcases/org/apache/tools/ant/types/selectors/PresentSelectorTest.java,111.0,11.0,6.0,4.0,24.0,11.0,1,0.0014347202295552368,252.84210526315792,1536.5914639180721,1,true
src/testcases/org/apache/tools/ant/types/selectors/SignedSelectorTest.java,20.0,1.0,10.0,5.0,4.0,6.0,1,0.0014347202295552368,746.4646464646465,49710.64072068618,1,false
src/testcases/org/apache/tools/ant/util/ClasspathUtilsTest.java,30.0,7.0,1.0,3.0,6.0,6.0,1,0.0014347202295552368,746.4646464646465,49710.64072068618,1,false
src/testcases/org/apache/tools/ant/util/FileUtilsTest.java,275.0,6.0,4.0,16.0,74.0,39.0,2,0.0028694404591104736,907.362105263158,10030.43608045466,2,true
src/testcases/org/apache/tools/ant/util/JavaEnvUtilsTest.java,76.0,4.0,4.0,4.0,30.0,12.0,1,0.0014347202295552368,654.5200000000001,8493.844616536588,1,true
src/testcases/org/apache/tools/zip/ZipOutputStreamTest.java,31.0,5.0,4.0,4.0,6.0,7.0,1,0.0014347202295552368,1200.5701357466062,52790.39726832565,1,false
src/testcases/org/example/junit/XmlParserTest.java,23.0,4.0,6.0,4.0,6.0,7.0,0,0.0,0.0,0.0,0,false
