name,LOC,CBO,LCOM,NOM,RFC,WMC,numOfChanges,bccm,structuralWorkloadSum,semanticWorkloadSum,numberOfDeveloper,isBuggy
proposal/embed/src/java/org/apache/tools/ant/taskdefs/optional/TaskDiscovery.java,46.0,5.0,1.0,3.0,16.0,10.0,1,0.00392156862745098,80.57142857142857,224.48693619074268,1,true
src/etc/testcases/taskdefs/javadoc/java/ClassToJavadoc.java,23.0,0.0,3.0,3.0,2.0,5.0,0,0.0,0.0,0.0,0,true
src/main/org/apache/tools/ant/AntClassLoader.java,1129.0,29.0,1124.0,52.0,171.0,193.0,2,0.00784313725490196,258.0,8209.953857933468,2,true
src/main/org/apache/tools/ant/ComponentHelper.java,839.0,20.0,336.0,36.0,178.0,117.0,4,0.01568627450980392,431.3695652173913,3065.3409976072962,4,true
src/main/org/apache/tools/ant/Diagnostics.java,502.0,21.0,429.0,30.0,121.0,90.0,1,0.00392156862745098,194.0,7997.736997976771,1,true
src/main/org/apache/tools/ant/DirectoryScanner.java,1400.0,19.0,1364.0,60.0,182.0,224.0,2,0.00784313725490196,269.0,8474.799272091568,2,true
src/main/org/apache/tools/ant/MagicNames.java,93.0,0.0,0.0,1.0,0.0,1.0,3,0.011764705882352941,523.8695652173913,10726.33454856181,3,true
src/main/org/apache/tools/ant/Main.java,825.0,15.0,132.0,21.0,145.0,91.0,1,0.00392156862745098,194.0,7997.736997976771,1,true
src/main/org/apache/tools/ant/Project.java,1805.0,30.0,5450.0,109.0,265.0,339.0,1,0.00392156862745098,194.0,7997.736997976771,1,true
src/main/org/apache/tools/ant/ProjectComponent.java,59.0,0.0,8.0,5.0,4.0,9.0,1,0.00392156862745098,194.0,7997.736997976771,1,true
src/main/org/apache/tools/ant/Target.java,387.0,8.0,277.0,30.0,49.0,83.0,2,0.00784313725490196,329.8695652173913,2728.5975505850392,2,true
src/main/org/apache/tools/ant/Task.java,399.0,3.0,385.0,31.0,58.0,74.0,2,0.00784313725490196,269.0,8474.799272091568,2,true
src/main/org/apache/tools/ant/UnknownElement.java,462.0,5.0,281.0,30.0,106.0,87.0,1,0.00392156862745098,194.0,7997.736997976771,1,true
src/main/org/apache/tools/ant/launch/Launcher.java,200.0,9.0,3.0,3.0,44.0,16.0,3,0.011764705882352941,284.57142857142856,8246.586997121236,3,true
src/main/org/apache/tools/ant/launch/Locator.java,335.0,9.0,43.0,10.0,69.0,50.0,3,0.011764705882352941,345.44099378881987,2500.385275614708,3,true
src/main/org/apache/tools/ant/taskdefs/AbstractCvsTask.java,619.0,14.0,773.0,42.0,74.0,98.0,0,0.0,0.0,0.0,0,true
src/main/org/apache/tools/ant/taskdefs/Available.java,395.0,11.0,107.0,19.0,65.0,57.0,1,0.00392156862745098,194.0,7997.736997976771,1,true
src/main/org/apache/tools/ant/taskdefs/ConditionTask.java,72.0,4.0,4.0,5.0,8.0,12.0,3,0.011764705882352941,523.8695652173913,10726.33454856181,3,true
src/main/org/apache/tools/ant/taskdefs/Copy.java,758.0,30.0,729.0,43.0,122.0,124.0,1,0.00392156862745098,194.0,7997.736997976771,1,true
src/main/org/apache/tools/ant/taskdefs/DefBase.java,108.0,6.0,64.0,12.0,24.0,29.0,1,0.00392156862745098,194.0,7997.736997976771,1,true
src/main/org/apache/tools/ant/taskdefs/Delete.java,563.0,38.0,30.0,44.0,50.0,77.0,2,0.00784313725490196,118.07142857142857,349.01352325630324,2,true
src/main/org/apache/tools/ant/taskdefs/EchoXML.java,60.0,10.0,0.0,3.0,5.0,7.0,1,0.00392156862745098,80.57142857142857,224.48693619074268,1,true
src/main/org/apache/tools/ant/taskdefs/Exec.java,199.0,11.0,25.0,10.0,27.0,21.0,1,0.00392156862745098,194.0,7997.736997976771,1,true
src/main/org/apache/tools/ant/taskdefs/Execute.java,960.0,20.0,359.0,30.0,99.0,100.0,2,0.00784313725490196,269.0,8474.799272091568,2,true
src/main/org/apache/tools/ant/taskdefs/ImportTask.java,92.0,14.0,0.0,3.0,17.0,10.0,2,0.00784313725490196,448.8695652173913,10249.272274447014,2,true
src/main/org/apache/tools/ant/taskdefs/Input.java,184.0,12.0,14.0,8.0,15.0,24.0,0,0.0,0.0,0.0,0,true
src/main/org/apache/tools/ant/taskdefs/JDBCTask.java,356.0,19.0,216.0,24.0,29.0,59.0,1,0.00392156862745098,75.0,477.062274114797,1,true
src/main/org/apache/tools/ant/taskdefs/Java.java,743.0,20.0,1074.0,60.0,136.0,155.0,2,0.00784313725490196,318.8695652173913,2463.7521364269387,2,true
src/main/org/apache/tools/ant/taskdefs/Javac.java,828.0,12.0,2748.0,77.0,73.0,200.0,2,0.00784313725490196,448.8695652173913,10249.272274447014,2,true
src/main/org/apache/tools/ant/taskdefs/Javadoc.java,1821.0,31.0,3289.0,86.0,230.0,183.0,2,0.00784313725490196,448.8695652173913,10249.272274447014,2,true
src/main/org/apache/tools/ant/taskdefs/LoadFile.java,14.0,2.0,0.0,1.0,1.0,1.0,1,0.00392156862745098,194.0,7997.736997976771,1,true
src/main/org/apache/tools/ant/taskdefs/Mkdir.java,61.0,4.0,1.0,3.0,8.0,10.0,2,0.00784313725490196,266.46956521739133,2286.687318444515,2,true
src/main/org/apache/tools/ant/taskdefs/SQLExec.java,615.0,30.0,224.0,24.0,78.0,69.0,1,0.00392156862745098,194.0,7997.736997976771,1,true
src/main/org/apache/tools/ant/taskdefs/Tar.java,733.0,31.0,130.0,21.0,152.0,77.0,1,0.00392156862745098,194.0,7997.736997976771,1,true
src/main/org/apache/tools/ant/taskdefs/WaitFor.java,168.0,6.0,26.0,9.0,17.0,18.0,2,0.00784313725490196,329.8695652173913,2728.5975505850392,2,true
src/main/org/apache/tools/ant/taskdefs/XSLTProcess.java,940.0,19.0,524.0,36.0,86.0,110.0,1,0.00392156862745098,205.0,1252.695652173913,1,true
src/main/org/apache/tools/ant/taskdefs/XmlProperty.java,576.0,21.0,420.0,33.0,89.0,90.0,2,0.00784313725490196,329.8695652173913,2728.5975505850392,2,true
src/main/org/apache/tools/ant/taskdefs/compilers/DefaultCompilerAdapter.java,477.0,15.0,93.0,23.0,111.0,79.0,3,0.011764705882352941,529.4409937888199,10473.759210637756,3,true
src/main/org/apache/tools/ant/taskdefs/condition/ConditionBase.java,261.0,6.0,0.0,31.0,27.0,35.0,2,0.00784313725490196,329.8695652173913,2728.5975505850392,2,false
src/main/org/apache/tools/ant/taskdefs/condition/FilesMatch.java,55.0,4.0,2.0,4.0,2.0,8.0,0,0.0,0.0,0.0,0,true
src/main/org/apache/tools/ant/taskdefs/condition/IsSigned.java,87.0,8.0,0.0,4.0,15.0,16.0,0,0.0,0.0,0.0,0,true
src/main/org/apache/tools/ant/taskdefs/condition/ResourcesMatch.java,59.0,7.0,0.0,3.0,7.0,11.0,0,0.0,0.0,0.0,0,true
src/main/org/apache/tools/ant/taskdefs/cvslib/ChangeLogParser.java,190.0,7.0,0.0,10.0,34.0,35.0,2,0.00784313725490196,335.44099378881987,2476.022212660985,2,true
src/main/org/apache/tools/ant/taskdefs/cvslib/ChangeLogTask.java,281.0,18.0,61.0,14.0,62.0,37.0,2,0.00784313725490196,335.44099378881987,2476.022212660985,2,true
src/main/org/apache/tools/ant/taskdefs/optional/ANTLR.java,362.0,20.0,196.0,24.0,66.0,62.0,1,0.00392156862745098,80.57142857142857,224.48693619074268,1,true
src/main/org/apache/tools/ant/taskdefs/optional/ccm/Continuus.java,97.0,8.0,11.0,6.0,12.0,14.0,1,0.00392156862745098,194.0,7997.736997976771,1,true
src/main/org/apache/tools/ant/taskdefs/optional/clearcase/ClearCase.java,183.0,9.0,43.0,11.0,22.0,25.0,1,0.00392156862745098,194.0,7997.736997976771,1,true
src/main/org/apache/tools/ant/taskdefs/optional/ejb/DDCreator.java,81.0,9.0,0.0,4.0,13.0,8.0,1,0.00392156862745098,194.0,7997.736997976771,1,true
src/main/org/apache/tools/ant/taskdefs/optional/ejb/Ejbc.java,122.0,9.0,12.0,8.0,16.0,16.0,1,0.00392156862745098,194.0,7997.736997976771,1,true
src/main/org/apache/tools/ant/taskdefs/optional/ejb/GenericDeploymentTool.java,684.0,24.0,314.0,33.0,145.0,112.0,1,0.00392156862745098,194.0,7997.736997976771,1,true
src/main/org/apache/tools/ant/taskdefs/optional/ejb/WeblogicDeploymentTool.java,646.0,22.0,413.0,31.0,115.0,82.0,0,0.0,0.0,0.0,0,true
src/main/org/apache/tools/ant/taskdefs/optional/extension/JarLibManifestTask.java,218.0,11.0,46.0,12.0,42.0,36.0,1,0.00392156862745098,194.0,7997.736997976771,1,true
src/main/org/apache/tools/ant/taskdefs/optional/junit/BriefJUnitResultFormatter.java,180.0,8.0,60.0,13.0,25.0,32.0,0,0.0,0.0,0.0,0,true
src/main/org/apache/tools/ant/taskdefs/optional/junit/FormatterElement.java,202.0,6.0,65.0,14.0,11.0,45.0,1,0.00392156862745098,64.0,212.21685995669637,1,true
src/main/org/apache/tools/ant/taskdefs/optional/junit/JUnitResultFormatter.java,26.0,3.0,10.0,5.0,0.0,8.0,1,0.00392156862745098,64.0,212.21685995669637,1,true
src/main/org/apache/tools/ant/taskdefs/optional/junit/JUnitTask.java,1328.0,36.0,1672.0,61.0,295.0,220.0,2,0.00784313725490196,258.0,8209.953857933468,2,true
src/main/org/apache/tools/ant/taskdefs/optional/junit/JUnitTaskMirror.java,55.0,4.0,3.0,3.0,0.0,4.0,2,0.00784313725490196,144.57142857142856,436.70379614743905,2,true
src/main/org/apache/tools/ant/taskdefs/optional/junit/JUnitTaskMirrorImpl.java,36.0,5.0,15.0,6.0,5.0,13.0,1,0.00392156862745098,64.0,212.21685995669637,1,true
src/main/org/apache/tools/ant/taskdefs/optional/junit/JUnitTestRunner.java,664.0,27.0,598.0,40.0,149.0,121.0,2,0.00784313725490196,318.8695652173913,2463.7521364269387,2,true
src/main/org/apache/tools/ant/taskdefs/optional/junit/JUnitVersionHelper.java,66.0,3.0,0.0,1.0,10.0,7.0,1,0.00392156862745098,64.0,212.21685995669637,1,true
src/main/org/apache/tools/ant/taskdefs/optional/junit/PlainJUnitResultFormatter.java,164.0,11.0,36.0,12.0,37.0,31.0,0,0.0,0.0,0.0,0,true
src/main/org/apache/tools/ant/taskdefs/optional/junit/SummaryJUnitResultFormatter.java,120.0,6.0,50.0,12.0,21.0,20.0,1,0.00392156862745098,64.0,212.21685995669637,1,true
src/main/org/apache/tools/ant/taskdefs/optional/net/FTP.java,2090.0,38.0,1855.0,66.0,204.0,225.0,3,0.011764705882352941,523.8695652173913,10726.33454856181,3,true
src/main/org/apache/tools/ant/taskdefs/optional/net/SetProxy.java,214.0,7.0,25.0,10.0,10.0,17.0,0,0.0,0.0,0.0,0,true
src/main/org/apache/tools/ant/taskdefs/optional/sos/SOS.java,368.0,9.0,628.0,37.0,41.0,91.0,1,0.00392156862745098,194.0,7997.736997976771,1,true
src/main/org/apache/tools/ant/taskdefs/optional/starteam/StarTeamCheckout.java,444.0,11.0,113.0,18.0,70.0,64.0,0,0.0,0.0,0.0,0,true
src/main/org/apache/tools/ant/taskdefs/optional/starteam/TreeBasedTask.java,642.0,16.0,629.0,39.0,57.0,125.0,0,0.0,0.0,0.0,0,true
src/main/org/apache/tools/ant/taskdefs/optional/vss/MSVSS.java,629.0,15.0,1361.0,54.0,56.0,138.0,2,0.00784313725490196,205.6,8032.889039951044,2,true
src/main/org/apache/tools/ant/types/FileList.java,161.0,7.0,6.0,12.0,31.0,34.0,0,0.0,0.0,0.0,0,true
src/main/org/apache/tools/ant/types/FilterSet.java,492.0,9.0,264.0,25.0,97.0,88.0,0,0.0,0.0,0.0,0,true
src/main/org/apache/tools/ant/types/TimeComparison.java,92.0,2.0,19.0,7.0,8.0,19.0,0,0.0,0.0,0.0,0,false
src/main/org/apache/tools/ant/types/resources/BaseResourceCollectionContainer.java,199.0,11.0,45.0,14.0,57.0,51.0,0,0.0,0.0,0.0,0,true
src/main/org/apache/tools/ant/types/resources/FileResource.java,254.0,11.0,229.0,23.0,82.0,68.0,0,0.0,0.0,0.0,0,true
src/main/org/apache/tools/ant/util/ClasspathUtils.java,349.0,6.0,45.0,10.0,18.0,40.0,2,0.00784313725490196,112.5,601.5888611803575,2,true
src/main/org/apache/tools/ant/util/FileUtils.java,1027.0,21.0,1263.0,51.0,149.0,204.0,2,0.00784313725490196,204.0,8022.100060930494,2,true
src/main/org/apache/tools/ant/util/IdentityStack.java,69.0,1.0,15.0,6.0,6.0,17.0,2,0.00784313725490196,292.3695652173913,2376.0618635358032,2,true
src/main/org/apache/tools/ant/util/JavaEnvUtils.java,344.0,7.0,64.0,13.0,16.0,47.0,2,0.00784313725490196,448.8695652173913,10249.272274447014,2,true
src/main/org/apache/tools/ant/util/ProxySetup.java,71.0,1.0,0.0,3.0,6.0,8.0,0,0.0,0.0,0.0,0,true
src/main/org/apache/tools/ant/util/java15/ProxyDiagnostics.java,70.0,10.0,1.0,3.0,13.0,11.0,0,0.0,0.0,0.0,0,false
src/testcases/org/apache/tools/ant/DirectoryScannerTest.java,347.0,7.0,459.0,31.0,215.0,52.0,0,0.0,0.0,0.0,0,true
src/testcases/org/apache/tools/ant/ExecutorTest.java,99.0,1.0,97.0,18.0,42.0,27.0,0,0.0,0.0,0.0,0,false
src/testcases/org/apache/tools/ant/ExtendedTaskdefTest.java,34.0,0.0,10.0,5.0,4.0,11.0,1,0.00392156862745098,75.0,477.062274114797,1,false
src/testcases/org/apache/tools/ant/IntrospectionHelperTest.java,573.0,13.0,1542.0,60.0,136.0,106.0,0,0.0,0.0,0.0,0,true
src/testcases/org/apache/tools/ant/filters/DynamicFilterTest.java,55.0,5.0,21.0,7.0,13.0,13.0,0,0.0,0.0,0.0,0,true
src/testcases/org/apache/tools/ant/filters/NoNewLineTest.java,17.0,2.0,6.0,4.0,3.0,6.0,0,0.0,0.0,0.0,0,true
src/testcases/org/apache/tools/ant/filters/TokenFilterTest.java,178.0,5.0,561.0,34.0,78.0,84.0,0,0.0,0.0,0.0,0,true
src/testcases/org/apache/tools/ant/taskdefs/AvailableTest.java,115.0,1.0,406.0,29.0,73.0,34.0,0,0.0,0.0,0.0,0,true
src/testcases/org/apache/tools/ant/taskdefs/BUnzip2Test.java,31.0,2.0,21.0,7.0,10.0,12.0,0,0.0,0.0,0.0,0,true
src/testcases/org/apache/tools/ant/taskdefs/BasenameTest.java,49.0,1.0,55.0,11.0,22.0,12.0,0,0.0,0.0,0.0,0,true
src/testcases/org/apache/tools/ant/taskdefs/CallTargetTest.java,35.0,2.0,36.0,9.0,10.0,10.0,0,0.0,0.0,0.0,0,true
src/testcases/org/apache/tools/ant/taskdefs/ChecksumTest.java,52.0,2.0,120.0,16.0,15.0,31.0,0,0.0,0.0,0.0,0,true
src/testcases/org/apache/tools/ant/taskdefs/ConditionTest.java,174.0,1.0,1378.0,53.0,52.0,73.0,0,0.0,0.0,0.0,0,true
src/testcases/org/apache/tools/ant/taskdefs/CopydirTest.java,35.0,1.0,36.0,9.0,12.0,14.0,0,0.0,0.0,0.0,0,true
src/testcases/org/apache/tools/ant/taskdefs/CopyfileTest.java,38.0,1.0,36.0,9.0,12.0,15.0,0,0.0,0.0,0.0,0,true
src/testcases/org/apache/tools/ant/taskdefs/DeleteTest.java,49.0,1.0,105.0,15.0,14.0,17.0,2,0.00784313725490196,335.44099378881987,2476.022212660985,2,true
src/testcases/org/apache/tools/ant/taskdefs/DemuxOutputTask.java,42.0,3.0,0.0,3.0,8.0,11.0,0,0.0,0.0,0.0,0,true
src/testcases/org/apache/tools/ant/taskdefs/DirnameTest.java,39.0,2.0,21.0,7.0,13.0,11.0,0,0.0,0.0,0.0,0,true
src/testcases/org/apache/tools/ant/taskdefs/ExecuteJavaTest.java,77.0,7.0,8.0,8.0,37.0,22.0,1,0.00392156862745098,194.0,7997.736997976771,1,true
src/testcases/org/apache/tools/ant/taskdefs/ExecuteOnTest.java,498.0,5.0,595.0,35.0,147.0,96.0,0,0.0,0.0,0.0,0,true
src/testcases/org/apache/tools/ant/taskdefs/FixCrLfTest.java,142.0,7.0,666.0,37.0,40.0,63.0,0,0.0,0.0,0.0,0,true
src/testcases/org/apache/tools/ant/taskdefs/GetTest.java,37.0,1.0,55.0,11.0,10.0,12.0,0,0.0,0.0,0.0,0,true
src/testcases/org/apache/tools/ant/taskdefs/GzipTest.java,39.0,1.0,45.0,10.0,16.0,13.0,0,0.0,0.0,0.0,0,true
src/testcases/org/apache/tools/ant/taskdefs/InputTest.java,56.0,3.0,91.0,14.0,28.0,20.0,0,0.0,0.0,0.0,0,true
src/testcases/org/apache/tools/ant/taskdefs/JarTest.java,197.0,12.0,407.0,30.0,70.0,51.0,0,0.0,0.0,0.0,0,true
src/testcases/org/apache/tools/ant/taskdefs/JavadocTest.java,87.0,2.0,136.0,17.0,22.0,40.0,1,0.00392156862745098,254.8695652173913,2251.5352764702425,1,true
src/testcases/org/apache/tools/ant/taskdefs/LoadFileTest.java,100.0,2.0,78.0,13.0,25.0,35.0,0,0.0,0.0,0.0,0,true
src/testcases/org/apache/tools/ant/taskdefs/LoadPropertiesTest.java,32.0,1.0,15.0,6.0,7.0,8.0,0,0.0,0.0,0.0,0,true
src/testcases/org/apache/tools/ant/taskdefs/MacroDefTest.java,83.0,2.0,276.0,24.0,26.0,37.0,0,0.0,0.0,0.0,0,true
src/testcases/org/apache/tools/ant/taskdefs/ManifestTest.java,226.0,6.0,258.0,25.0,84.0,67.0,0,0.0,0.0,0.0,0,true
src/testcases/org/apache/tools/ant/taskdefs/MultiMapTest.java,42.0,2.0,36.0,9.0,8.0,10.0,0,0.0,0.0,0.0,0,true
src/testcases/org/apache/tools/ant/taskdefs/ParallelTest.java,122.0,5.0,15.0,7.0,23.0,16.0,0,0.0,0.0,0.0,0,true
src/testcases/org/apache/tools/ant/taskdefs/PreSetDefTest.java,73.0,4.0,91.0,14.0,13.0,15.0,0,0.0,0.0,0.0,0,true
src/testcases/org/apache/tools/ant/taskdefs/RmicTest.java,61.0,2.0,0.0,4.0,14.0,6.0,0,0.0,0.0,0.0,0,true
src/testcases/org/apache/tools/ant/taskdefs/StyleTest.java,78.0,6.0,171.0,19.0,44.0,41.0,0,0.0,0.0,0.0,0,true
src/testcases/org/apache/tools/ant/taskdefs/SubAntTest.java,75.0,5.0,21.0,7.0,14.0,10.0,0,0.0,0.0,0.0,0,true
src/testcases/org/apache/tools/ant/taskdefs/SyncTest.java,96.0,1.0,120.0,16.0,76.0,17.0,0,0.0,0.0,0.0,0,true
src/testcases/org/apache/tools/ant/taskdefs/TaskdefsTest.java,8.0,1.0,0.0,1.0,0.0,1.0,0,0.0,0.0,0.0,0,true
src/testcases/org/apache/tools/ant/taskdefs/TypedefTest.java,50.0,1.0,66.0,12.0,23.0,17.0,0,0.0,0.0,0.0,0,true
src/testcases/org/apache/tools/ant/taskdefs/XmlnsTest.java,33.0,2.0,28.0,8.0,7.0,9.0,0,0.0,0.0,0.0,0,true
src/testcases/org/apache/tools/ant/taskdefs/ZipTest.java,121.0,7.0,251.0,23.0,62.0,36.0,0,0.0,0.0,0.0,0,true
src/testcases/org/apache/tools/ant/taskdefs/condition/IsReferenceTest.java,28.0,1.0,10.0,5.0,8.0,8.0,0,0.0,0.0,0.0,0,true
src/testcases/org/apache/tools/ant/taskdefs/optional/ANTLRTest.java,105.0,2.0,169.0,19.0,31.0,27.0,0,0.0,0.0,0.0,0,true
src/testcases/org/apache/tools/ant/taskdefs/optional/DotnetTest.java,89.0,1.0,78.0,13.0,12.0,31.0,0,0.0,0.0,0.0,0,true
src/testcases/org/apache/tools/ant/taskdefs/optional/JspcTest.java,140.0,7.0,118.0,16.0,23.0,38.0,0,0.0,0.0,0.0,0,true
src/testcases/org/apache/tools/ant/taskdefs/optional/PropertyFileTest.java,117.0,5.0,55.0,11.0,37.0,20.0,0,0.0,0.0,0.0,0,true
src/testcases/org/apache/tools/ant/taskdefs/optional/PvcsTest.java,28.0,1.0,28.0,8.0,7.0,10.0,0,0.0,0.0,0.0,0,true
src/testcases/org/apache/tools/ant/taskdefs/optional/WsdlToDotnetTest.java,131.0,2.0,169.0,19.0,18.0,52.0,0,0.0,0.0,0.0,0,true
src/testcases/org/apache/tools/ant/taskdefs/optional/XmlValidateCatalogTest.java,49.0,1.0,10.0,5.0,3.0,8.0,0,0.0,0.0,0.0,0,true
src/testcases/org/apache/tools/ant/taskdefs/optional/depend/DependTest.java,100.0,4.0,78.0,13.0,36.0,19.0,0,0.0,0.0,0.0,0,true
src/testcases/org/apache/tools/ant/taskdefs/optional/jdepend/JDependTest.java,63.0,1.0,45.0,10.0,12.0,15.0,0,0.0,0.0,0.0,0,true
src/testcases/org/apache/tools/ant/taskdefs/optional/junit/JUnitReportTest.java,84.0,6.0,66.0,12.0,43.0,28.0,1,0.00392156862745098,64.0,212.21685995669637,1,true
src/testcases/org/apache/tools/ant/taskdefs/optional/junit/TestFormatter.java,75.0,5.0,49.0,11.0,3.0,15.0,0,0.0,0.0,0.0,0,false
src/testcases/org/apache/tools/ant/taskdefs/optional/net/FTPTest.java,704.0,19.0,337.0,46.0,287.0,115.0,0,0.0,0.0,0.0,0,true
src/testcases/org/apache/tools/ant/taskdefs/optional/sitraka/ClassFileTest.java,32.0,5.0,3.0,3.0,15.0,7.0,1,0.00392156862745098,205.0,1252.695652173913,1,true
src/testcases/org/apache/tools/ant/taskdefs/optional/sitraka/ClassPathLoaderTest.java,15.0,4.0,1.0,2.0,5.0,3.0,1,0.00392156862745098,205.0,1252.695652173913,1,true
src/testcases/org/apache/tools/ant/types/AbstractFileSetTest.java,172.0,4.0,3.0,6.0,30.0,10.0,0,0.0,0.0,0.0,0,true
src/testcases/org/apache/tools/ant/types/AddTypeTest.java,109.0,4.0,120.0,16.0,15.0,18.0,0,0.0,0.0,0.0,0,true
src/testcases/org/apache/tools/ant/types/AssertionsTest.java,57.0,1.0,105.0,15.0,15.0,25.0,2,0.00784313725490196,318.8695652173913,2463.7521364269387,2,false
src/testcases/org/apache/tools/ant/types/CommandlineJavaTest.java,124.0,4.0,7.0,7.0,53.0,17.0,1,0.00392156862745098,194.0,7997.736997976771,1,true
src/testcases/org/apache/tools/ant/types/CommandlineTest.java,94.0,2.0,6.0,4.0,12.0,7.0,0,0.0,0.0,0.0,0,true
src/testcases/org/apache/tools/ant/types/DescriptionTest.java,28.0,1.0,21.0,7.0,12.0,11.0,0,0.0,0.0,0.0,0,true
src/testcases/org/apache/tools/ant/types/EnumeratedAttributeTest.java,54.0,2.0,1.0,3.0,6.0,6.0,0,0.0,0.0,0.0,0,true
src/testcases/org/apache/tools/ant/types/FileListTest.java,109.0,3.0,21.0,7.0,21.0,11.0,0,0.0,0.0,0.0,0,false
src/testcases/org/apache/tools/ant/types/FileSetTest.java,12.0,0.0,1.0,2.0,0.0,3.0,0,0.0,0.0,0.0,0,true
src/testcases/org/apache/tools/ant/types/FilterSetTest.java,156.0,5.0,136.0,17.0,49.0,27.0,0,0.0,0.0,0.0,0,true
src/testcases/org/apache/tools/ant/types/MapperTest.java,173.0,11.0,1.0,7.0,50.0,10.0,0,0.0,0.0,0.0,0,true
src/testcases/org/apache/tools/ant/types/PathTest.java,468.0,6.0,0.0,16.0,97.0,34.0,0,0.0,0.0,0.0,0,true
src/testcases/org/apache/tools/ant/types/PatternSetTest.java,154.0,4.0,4.0,5.0,29.0,8.0,0,0.0,0.0,0.0,0,true
src/testcases/org/apache/tools/ant/types/PolyTest.java,35.0,3.0,15.0,6.0,5.0,7.0,0,0.0,0.0,0.0,0,false
src/testcases/org/apache/tools/ant/types/PropertySetTest.java,17.0,1.0,10.0,5.0,4.0,6.0,0,0.0,0.0,0.0,0,false
src/testcases/org/apache/tools/ant/types/ResourceOutputTest.java,113.0,14.0,53.0,11.0,45.0,21.0,0,0.0,0.0,0.0,0,false
src/testcases/org/apache/tools/ant/types/TarFileSetTest.java,73.0,2.0,3.0,3.0,20.0,6.0,0,0.0,0.0,0.0,0,false
src/testcases/org/apache/tools/ant/types/XMLCatalogBuildFileTest.java,29.0,1.0,21.0,7.0,8.0,11.0,0,0.0,0.0,0.0,0,true
src/testcases/org/apache/tools/ant/types/XMLCatalogTest.java,290.0,10.0,0.0,15.0,134.0,39.0,0,0.0,0.0,0.0,0,true
src/testcases/org/apache/tools/ant/types/ZipFileSetTest.java,73.0,2.0,3.0,3.0,20.0,6.0,0,0.0,0.0,0.0,0,true
src/testcases/org/apache/tools/ant/types/optional/depend/ClassFileSetTest.java,115.0,6.0,25.0,10.0,54.0,16.0,0,0.0,0.0,0.0,0,true
src/testcases/org/apache/tools/ant/types/selectors/BaseSelectorTest.java,215.0,5.0,86.0,16.0,34.0,47.0,0,0.0,0.0,0.0,0,true
src/testcases/org/apache/tools/ant/types/selectors/ContainsRegexpTest.java,41.0,4.0,3.0,3.0,4.0,3.0,0,0.0,0.0,0.0,0,false
src/testcases/org/apache/tools/ant/types/selectors/ContainsSelectorTest.java,83.0,3.0,6.0,4.0,16.0,8.0,0,0.0,0.0,0.0,0,true
src/testcases/org/apache/tools/ant/types/selectors/DepthSelectorTest.java,114.0,3.0,6.0,4.0,17.0,8.0,0,0.0,0.0,0.0,0,true
src/testcases/org/apache/tools/ant/types/selectors/FilenameSelectorTest.java,80.0,3.0,6.0,4.0,18.0,8.0,0,0.0,0.0,0.0,0,true
src/testcases/org/apache/tools/ant/types/selectors/ModifiedSelectorTest.java,711.0,19.0,1122.0,48.0,223.0,103.0,0,0.0,0.0,0.0,0,true
src/testcases/org/apache/tools/ant/types/selectors/SizeSelectorTest.java,154.0,3.0,6.0,4.0,18.0,8.0,0,0.0,0.0,0.0,0,true
src/testcases/org/apache/tools/ant/types/selectors/TypeSelectorTest.java,53.0,1.0,6.0,4.0,12.0,8.0,0,0.0,0.0,0.0,0,true
src/testcases/org/apache/tools/ant/util/ClasspathUtilsTest.java,30.0,6.0,1.0,3.0,6.0,6.0,0,0.0,0.0,0.0,0,false
src/testcases/org/apache/tools/ant/util/DOMElementWriterTest.java,153.0,5.0,0.0,14.0,63.0,23.0,0,0.0,0.0,0.0,0,true
src/testcases/org/apache/tools/ant/util/DateUtilsTest.java,52.0,3.0,21.0,7.0,27.0,12.0,0,0.0,0.0,0.0,0,true
src/testcases/org/apache/tools/ant/util/FileUtilsTest.java,360.0,6.0,20.0,17.0,89.0,49.0,0,0.0,0.0,0.0,0,true
src/testcases/org/apache/tools/ant/util/GlobPatternMapperTest.java,62.0,1.0,10.0,5.0,24.0,9.0,0,0.0,0.0,0.0,0,true
src/testcases/org/apache/tools/ant/util/ResourceUtilsTest.java,25.0,5.0,13.0,6.0,3.0,8.0,0,0.0,0.0,0.0,0,false
src/testcases/org/apache/tools/ant/util/regexp/JakartaRegexpMatcherTest.java,35.0,2.0,10.0,5.0,2.0,12.0,0,0.0,0.0,0.0,0,true
src/testcases/org/apache/tools/ant/util/regexp/JakartaRegexpRegexpTest.java,35.0,2.0,10.0,5.0,2.0,12.0,0,0.0,0.0,0.0,0,true
src/testcases/org/apache/tools/ant/util/regexp/RegexpMatcherTest.java,137.0,3.0,0.0,20.0,56.0,30.0,0,0.0,0.0,0.0,0,true
src/testcases/org/apache/tools/zip/ZipOutputStreamTest.java,36.0,3.0,8.0,5.0,8.0,8.0,0,0.0,0.0,0.0,0,false
