name,LOC,CBO,LCOM,NOM,RFC,WMC,numOfChanges,bccm,structuralWorkloadSum,semanticWorkloadSum,numberOfDeveloper,isBuggy
src/main/org/apache/tools/ant/AntClassLoader.java,1130.0,29.0,1124.0,52.0,171.0,193.0,0,0.0,0.0,0.0,0,true
src/main/org/apache/tools/ant/DirectoryScanner.java,1402.0,19.0,1364.0,60.0,182.0,224.0,0,0.0,0.0,0.0,0,true
src/main/org/apache/tools/ant/IntrospectionHelper.java,1164.0,13.0,1101.0,51.0,149.0,170.0,3,0.018292682926829267,302.6710144927536,2905.1055155026597,3,true
src/main/org/apache/tools/ant/MagicNames.java,123.0,0.0,0.0,1.0,0.0,1.0,0,0.0,0.0,0.0,0,true
src/main/org/apache/tools/ant/Main.java,835.0,15.0,153.0,22.0,146.0,94.0,1,0.006097560975609756,113.30434782608695,579.4620223107122,1,true
src/main/org/apache/tools/ant/Project.java,1810.0,30.0,5450.0,109.0,265.0,339.0,2,0.012195121951219513,315.30434782608694,1477.649265069951,2,true
src/main/org/apache/tools/ant/ProjectComponent.java,60.0,0.0,8.0,5.0,4.0,9.0,0,0.0,0.0,0.0,0,true
src/main/org/apache/tools/ant/ProjectHelper.java,396.0,10.0,153.0,18.0,52.0,73.0,0,0.0,0.0,0.0,0,true
src/main/org/apache/tools/ant/PropertyHelper.java,443.0,3.0,119.0,23.0,59.0,80.0,0,0.0,0.0,0.0,0,true
src/main/org/apache/tools/ant/RuntimeConfigurable.java,370.0,13.0,173.0,23.0,51.0,63.0,0,0.0,0.0,0.0,0,true
src/main/org/apache/tools/ant/Target.java,387.0,8.0,277.0,30.0,49.0,83.0,0,0.0,0.0,0.0,0,true
src/main/org/apache/tools/ant/Task.java,405.0,3.0,385.0,31.0,58.0,74.0,0,0.0,0.0,0.0,0,true
src/main/org/apache/tools/ant/UnknownElement.java,462.0,5.0,281.0,30.0,106.0,87.0,0,0.0,0.0,0.0,0,true
src/main/org/apache/tools/ant/filters/BaseFilterReader.java,144.0,6.0,41.0,10.0,7.0,30.0,0,0.0,0.0,0.0,0,true
src/main/org/apache/tools/ant/filters/FixCrLfFilter.java,749.0,5.0,121.0,18.0,26.0,47.0,1,0.006097560975609756,120.7,1803.9792172831144,1,true
src/main/org/apache/tools/ant/filters/ReplaceTokens.java,309.0,8.0,49.0,14.0,40.0,37.0,2,0.012195121951219513,165.56410256410254,351.1887534170846,2,true
src/main/org/apache/tools/ant/helper/ProjectHelper2.java,823.0,28.0,39.0,11.0,47.0,25.0,1,0.006097560975609756,54.0,450.653518717487,1,true
src/main/org/apache/tools/ant/helper/ProjectHelperImpl.java,838.0,27.0,0.0,4.0,27.0,12.0,1,0.006097560975609756,54.0,450.653518717487,1,true
src/main/org/apache/tools/ant/launch/Launcher.java,200.0,10.0,3.0,3.0,44.0,16.0,1,0.006097560975609756,113.30434782608695,579.4620223107122,1,true
src/main/org/apache/tools/ant/launch/Locator.java,360.0,9.0,53.0,11.0,72.0,55.0,0,0.0,0.0,0.0,0,true
src/main/org/apache/tools/ant/loader/AntClassLoader2.java,8.0,1.0,0.0,1.0,0.0,1.0,0,0.0,0.0,0.0,0,true
src/main/org/apache/tools/ant/taskdefs/AbstractJarSignerTask.java,289.0,10.0,213.0,23.0,44.0,46.0,2,0.012195121951219513,264.3333333333333,1076.2775905914348,2,true
src/main/org/apache/tools/ant/taskdefs/Available.java,396.0,11.0,107.0,19.0,65.0,57.0,0,0.0,0.0,0.0,0,true
src/main/org/apache/tools/ant/taskdefs/BuildNumber.java,135.0,9.0,0.0,5.0,23.0,22.0,1,0.006097560975609756,202.0,898.1872427592388,1,true
src/main/org/apache/tools/ant/taskdefs/Copy.java,759.0,30.0,729.0,43.0,122.0,124.0,0,0.0,0.0,0.0,0,true
src/main/org/apache/tools/ant/taskdefs/CopyPath.java,119.0,9.0,25.0,10.0,19.0,23.0,0,0.0,0.0,0.0,0,false
src/main/org/apache/tools/ant/taskdefs/DefBase.java,109.0,6.0,64.0,12.0,24.0,29.0,0,0.0,0.0,0.0,0,true
src/main/org/apache/tools/ant/taskdefs/DefaultExcludes.java,71.0,5.0,2.0,5.0,8.0,12.0,0,0.0,0.0,0.0,0,true
src/main/org/apache/tools/ant/taskdefs/Delete.java,568.0,38.0,16.0,44.0,51.0,77.0,0,0.0,0.0,0.0,0,true
src/main/org/apache/tools/ant/taskdefs/Ear.java,91.0,7.0,13.0,7.0,10.0,15.0,0,0.0,0.0,0.0,0,true
src/main/org/apache/tools/ant/taskdefs/Echo.java,121.0,12.0,7.0,7.0,9.0,15.0,1,0.006097560975609756,54.0,450.653518717487,1,true
src/main/org/apache/tools/ant/taskdefs/Exec.java,200.0,11.0,25.0,10.0,27.0,21.0,0,0.0,0.0,0.0,0,true
src/main/org/apache/tools/ant/taskdefs/ExecTask.java,548.0,14.0,537.0,42.0,81.0,100.0,2,0.012195121951219513,264.3333333333333,1076.2775905914348,2,true
src/main/org/apache/tools/ant/taskdefs/Execute.java,970.0,21.0,389.0,31.0,100.0,103.0,1,0.006097560975609756,202.0,898.1872427592388,1,true
src/main/org/apache/tools/ant/taskdefs/ExecuteJava.java,268.0,19.0,30.0,12.0,60.0,34.0,1,0.006097560975609756,120.7,1803.9792172831144,1,true
src/main/org/apache/tools/ant/taskdefs/ExecuteWatchdog.java,143.0,3.0,4.0,9.0,7.0,23.0,0,0.0,0.0,0.0,0,true
src/main/org/apache/tools/ant/taskdefs/Exit.java,165.0,6.0,29.0,11.0,20.0,32.0,0,0.0,0.0,0.0,0,true
src/main/org/apache/tools/ant/taskdefs/Expand.java,285.0,27.0,77.0,14.0,59.0,42.0,0,0.0,0.0,0.0,0,true
src/main/org/apache/tools/ant/taskdefs/FixCRLF.java,478.0,18.0,26.0,16.0,41.0,39.0,2,0.012195121951219513,322.7,2702.1664600423533,2,true
src/main/org/apache/tools/ant/taskdefs/Jar.java,725.0,33.0,294.0,29.0,128.0,120.0,1,0.006097560975609756,68.66666666666667,521.6642759088334,1,true
src/main/org/apache/tools/ant/taskdefs/Javac.java,828.0,14.0,2748.0,77.0,77.0,200.0,1,0.006097560975609756,202.0,898.1872427592388,1,true
src/main/org/apache/tools/ant/taskdefs/Javadoc.java,1823.0,32.0,3289.0,86.0,231.0,183.0,1,0.006097560975609756,202.0,898.1872427592388,1,true
src/main/org/apache/tools/ant/taskdefs/Jikes.java,79.0,8.0,0.0,2.0,17.0,8.0,0,0.0,0.0,0.0,0,true
src/main/org/apache/tools/ant/taskdefs/JikesOutputParser.java,121.0,7.0,48.0,12.0,13.0,27.0,0,0.0,0.0,0.0,0,true
src/main/org/apache/tools/ant/taskdefs/MacroInstance.java,322.0,18.0,27.0,11.0,101.0,44.0,0,0.0,0.0,0.0,0,true
src/main/org/apache/tools/ant/taskdefs/Manifest.java,830.0,13.0,14.0,16.0,53.0,60.0,2,0.012195121951219513,131.0,699.7546237410294,2,true
src/main/org/apache/tools/ant/taskdefs/ManifestClassPath.java,132.0,7.0,2.0,5.0,19.0,12.0,0,0.0,0.0,0.0,0,true
src/main/org/apache/tools/ant/taskdefs/Move.java,270.0,9.0,36.0,9.0,74.0,44.0,0,0.0,0.0,0.0,0,true
src/main/org/apache/tools/ant/taskdefs/PathConvert.java,351.0,16.0,137.0,19.0,43.0,52.0,0,0.0,0.0,0.0,0,true
src/main/org/apache/tools/ant/taskdefs/Property.java,541.0,15.0,475.0,35.0,85.0,93.0,0,0.0,0.0,0.0,0,true
src/main/org/apache/tools/ant/taskdefs/Redirector.java,661.0,27.0,517.0,38.0,48.0,99.0,0,0.0,0.0,0.0,0,true
src/main/org/apache/tools/ant/taskdefs/Replace.java,670.0,21.0,115.0,22.0,77.0,57.0,0,0.0,0.0,0.0,0,true
src/main/org/apache/tools/ant/taskdefs/SQLExec.java,618.0,30.0,224.0,24.0,78.0,69.0,0,0.0,0.0,0.0,0,true
src/main/org/apache/tools/ant/taskdefs/SendEmail.java,20.0,1.0,0.0,1.0,2.0,1.0,0,0.0,0.0,0.0,0,true
src/main/org/apache/tools/ant/taskdefs/Tar.java,741.0,31.0,130.0,21.0,152.0,76.0,0,0.0,0.0,0.0,0,true
src/main/org/apache/tools/ant/taskdefs/TaskOutputStream.java,56.0,3.0,0.0,3.0,6.0,8.0,0,0.0,0.0,0.0,0,true
src/main/org/apache/tools/ant/taskdefs/TempFile.java,98.0,4.0,7.0,7.0,6.0,14.0,3,0.018292682926829267,385.0333333333333,2880.2568078745494,3,true
src/main/org/apache/tools/ant/taskdefs/Touch.java,271.0,22.0,211.0,23.0,52.0,55.0,1,0.006097560975609756,202.0,898.1872427592388,1,true
src/main/org/apache/tools/ant/taskdefs/Tstamp.java,261.0,16.0,2.0,4.0,12.0,12.0,1,0.006097560975609756,68.66666666666667,521.6642759088334,1,true
src/main/org/apache/tools/ant/taskdefs/Unpack.java,133.0,6.0,42.0,12.0,28.0,25.0,0,0.0,0.0,0.0,0,true
src/main/org/apache/tools/ant/taskdefs/UpToDate.java,178.0,16.0,42.0,13.0,35.0,38.0,0,0.0,0.0,0.0,0,true
src/main/org/apache/tools/ant/taskdefs/VerifyJar.java,137.0,11.0,0.0,3.0,25.0,13.0,0,0.0,0.0,0.0,0,true
src/main/org/apache/tools/ant/taskdefs/WaitFor.java,168.0,7.0,26.0,9.0,17.0,18.0,1,0.006097560975609756,68.66666666666667,521.6642759088334,1,true
src/main/org/apache/tools/ant/taskdefs/War.java,127.0,7.0,28.0,9.0,12.0,19.0,0,0.0,0.0,0.0,0,true
src/main/org/apache/tools/ant/taskdefs/XSLTLiaison3.java,13.0,1.0,0.0,1.0,0.0,3.0,1,0.006097560975609756,103.23076923076923,173.09840558488858,1,false
src/main/org/apache/tools/ant/taskdefs/XSLTProcess.java,947.0,19.0,595.0,38.0,97.0,115.0,4,0.024390243902439025,432.75457875457874,1662.3925472341687,4,true
src/main/org/apache/tools/ant/taskdefs/XmlProperty.java,576.0,21.0,420.0,33.0,90.0,90.0,1,0.006097560975609756,202.0,898.1872427592388,1,true
src/main/org/apache/tools/ant/taskdefs/Zip.java,1296.0,39.0,711.0,47.0,218.0,158.0,2,0.012195121951219513,234.00434782608696,2383.4412395938266,2,true
src/main/org/apache/tools/ant/taskdefs/compilers/CompilerAdapterFactory.java,115.0,5.0,4.0,4.0,10.0,17.0,1,0.006097560975609756,113.30434782608695,579.4620223107122,1,true
src/main/org/apache/tools/ant/taskdefs/compilers/DefaultCompilerAdapter.java,479.0,17.0,93.0,23.0,111.0,79.0,0,0.0,0.0,0.0,0,true
src/main/org/apache/tools/ant/taskdefs/condition/AntVersion.java,65.0,3.0,0.0,7.0,10.0,20.0,2,0.012195121951219513,322.7,2702.1664600423533,2,false
src/main/org/apache/tools/ant/taskdefs/condition/ConditionBase.java,269.0,6.0,0.0,32.0,28.0,36.0,2,0.012195121951219513,315.30434782608694,1477.649265069951,2,false
src/main/org/apache/tools/ant/taskdefs/optional/Javah.java,361.0,15.0,367.0,30.0,43.0,75.0,0,0.0,0.0,0.0,0,true
src/main/org/apache/tools/ant/taskdefs/optional/NetRexxC.java,703.0,21.0,806.0,45.0,73.0,106.0,0,0.0,0.0,0.0,0,true
src/main/org/apache/tools/ant/taskdefs/optional/PropertyFile.java,479.0,20.0,16.0,9.0,21.0,24.0,2,0.012195121951219513,131.0,699.7546237410294,2,true
src/main/org/apache/tools/ant/taskdefs/optional/RenameExtensions.java,82.0,6.0,5.0,6.0,18.0,9.0,0,0.0,0.0,0.0,0,true
src/main/org/apache/tools/ant/taskdefs/optional/ReplaceRegExp.java,399.0,23.0,31.0,14.0,43.0,46.0,0,0.0,0.0,0.0,0,true
src/main/org/apache/tools/ant/taskdefs/optional/Rpm.java,272.0,20.0,65.0,14.0,32.0,31.0,0,0.0,0.0,0.0,0,true
src/main/org/apache/tools/ant/taskdefs/optional/SchemaValidate.java,391.0,16.0,102.0,16.0,47.0,44.0,0,0.0,0.0,0.0,0,false
src/main/org/apache/tools/ant/taskdefs/optional/StyleBook.java,78.0,3.0,7.0,6.0,6.0,8.0,0,0.0,0.0,0.0,0,true
src/main/org/apache/tools/ant/taskdefs/optional/TraXLiaison.java,426.0,41.0,215.0,23.0,89.0,76.0,2,0.012195121951219513,162.0879120879121,242.54102856609663,2,true
src/main/org/apache/tools/ant/taskdefs/optional/clearcase/CCUnlock.java,178.0,4.0,62.0,12.0,34.0,32.0,0,0.0,0.0,0.0,0,true
src/main/org/apache/tools/ant/taskdefs/optional/dotnet/DotnetCompile.java,730.0,10.0,1868.0,64.0,84.0,172.0,0,0.0,0.0,0.0,0,true
src/main/org/apache/tools/ant/taskdefs/optional/dotnet/DotnetResource.java,160.0,6.0,77.0,15.0,28.0,34.0,0,0.0,0.0,0.0,0,true
src/main/org/apache/tools/ant/taskdefs/optional/ejb/GenericDeploymentTool.java,684.0,24.0,314.0,33.0,145.0,112.0,0,0.0,0.0,0.0,0,true
src/main/org/apache/tools/ant/taskdefs/optional/extension/DeweyDecimal.java,26.0,0.0,1.0,2.0,0.0,5.0,1,0.006097560975609756,202.0,898.1872427592388,1,true
src/main/org/apache/tools/ant/taskdefs/optional/extension/JarLibManifestTask.java,219.0,11.0,46.0,12.0,42.0,36.0,0,0.0,0.0,0.0,0,true
src/main/org/apache/tools/ant/taskdefs/optional/jdepend/JDependTask.java,492.0,22.0,364.0,29.0,88.0,91.0,0,0.0,0.0,0.0,0,true
src/main/org/apache/tools/ant/taskdefs/optional/jsp/compilers/DefaultJspCompilerAdapter.java,100.0,6.0,26.0,8.0,20.0,19.0,0,0.0,0.0,0.0,0,true
src/main/org/apache/tools/ant/taskdefs/optional/junit/JUnitTask.java,1328.0,36.0,1672.0,61.0,295.0,220.0,2,0.012195121951219513,189.36666666666667,2325.6434931919475,2,true
src/main/org/apache/tools/ant/taskdefs/optional/junit/JUnitTaskMirrorImpl.java,36.0,5.0,15.0,6.0,5.0,13.0,2,0.012195121951219513,122.66666666666667,972.3177946263204,2,true
src/main/org/apache/tools/ant/taskdefs/optional/junit/JUnitTestRunner.java,664.0,27.0,598.0,40.0,149.0,121.0,1,0.006097560975609756,68.66666666666667,521.6642759088334,1,true
src/main/org/apache/tools/ant/taskdefs/optional/junit/JUnitVersionHelper.java,81.0,3.0,1.0,2.0,18.0,11.0,2,0.012195121951219513,122.66666666666667,972.3177946263204,2,true
src/main/org/apache/tools/ant/taskdefs/optional/junit/XMLJUnitResultFormatter.java,195.0,22.0,71.0,15.0,58.0,41.0,1,0.006097560975609756,54.0,450.653518717487,1,true
src/main/org/apache/tools/ant/taskdefs/optional/junit/XalanExecutor.java,97.0,9.0,22.0,8.0,19.0,34.0,2,0.012195121951219513,171.8974358974359,694.762681493722,2,true
src/main/org/apache/tools/ant/taskdefs/optional/net/FTP.java,2100.0,38.0,1919.0,67.0,204.0,227.0,1,0.006097560975609756,103.23076923076923,173.09840558488858,1,true
src/main/org/apache/tools/ant/taskdefs/optional/net/MimeMail.java,16.0,2.0,0.0,1.0,2.0,2.0,0,0.0,0.0,0.0,0,true
src/main/org/apache/tools/ant/taskdefs/optional/script/ScriptDef.java,255.0,18.0,11.0,11.0,35.0,25.0,1,0.006097560975609756,113.30434782608695,579.4620223107122,1,true
src/main/org/apache/tools/ant/taskdefs/optional/script/ScriptDefBase.java,88.0,8.0,15.0,7.0,17.0,19.0,1,0.006097560975609756,113.30434782608695,579.4620223107122,1,true
src/main/org/apache/tools/ant/taskdefs/optional/splash/SplashTask.java,181.0,10.0,22.0,9.0,31.0,18.0,0,0.0,0.0,0.0,0,true
src/main/org/apache/tools/ant/taskdefs/optional/ssh/AbstractSshMessage.java,193.0,13.0,71.0,14.0,18.0,37.0,0,0.0,0.0,0.0,0,true
src/main/org/apache/tools/ant/taskdefs/optional/ssh/Scp.java,298.0,12.0,77.0,18.0,62.0,56.0,1,0.006097560975609756,120.7,1803.9792172831144,1,true
src/main/org/apache/tools/ant/taskdefs/optional/ssh/ScpFromMessage.java,167.0,10.0,6.0,9.0,39.0,32.0,0,0.0,0.0,0.0,0,true
src/main/org/apache/tools/ant/taskdefs/optional/ssh/ScpFromMessageBySftp.java,121.0,14.0,0.0,5.0,41.0,20.0,0,0.0,0.0,0.0,0,true
src/main/org/apache/tools/ant/taskdefs/optional/ssh/ScpToMessage.java,202.0,10.0,67.0,15.0,47.0,43.0,0,0.0,0.0,0.0,0,true
src/main/org/apache/tools/ant/taskdefs/optional/ssh/ScpToMessageBySftp.java,164.0,14.0,34.0,13.0,38.0,40.0,0,0.0,0.0,0.0,0,true
src/main/org/apache/tools/ant/taskdefs/optional/starteam/StarTeamCheckin.java,248.0,8.0,60.0,13.0,38.0,37.0,1,0.006097560975609756,202.0,898.1872427592388,1,true
src/main/org/apache/tools/ant/taskdefs/optional/starteam/StarTeamCheckout.java,444.0,11.0,113.0,18.0,70.0,64.0,1,0.006097560975609756,202.0,898.1872427592388,1,true
src/main/org/apache/tools/ant/taskdefs/optional/starteam/StarTeamLabel.java,129.0,7.0,11.0,7.0,6.0,18.0,1,0.006097560975609756,202.0,898.1872427592388,1,true
src/main/org/apache/tools/ant/taskdefs/optional/starteam/StarTeamTask.java,259.0,10.0,157.0,22.0,21.0,54.0,1,0.006097560975609756,202.0,898.1872427592388,1,true
src/main/org/apache/tools/ant/taskdefs/optional/starteam/TreeBasedTask.java,642.0,16.0,629.0,39.0,57.0,125.0,1,0.006097560975609756,202.0,898.1872427592388,1,true
src/main/org/apache/tools/ant/taskdefs/optional/vss/MSVSS.java,627.0,15.0,1361.0,54.0,57.0,137.0,0,0.0,0.0,0.0,0,true
src/main/org/apache/tools/ant/taskdefs/rmic/DefaultRmicAdapter.java,297.0,8.0,44.0,12.0,39.0,31.0,0,0.0,0.0,0.0,0,true
src/main/org/apache/tools/ant/taskdefs/rmic/ForkingSunRmic.java,36.0,8.0,0.0,1.0,12.0,5.0,0,0.0,0.0,0.0,0,false
src/main/org/apache/tools/ant/types/ArchiveFileSet.java,397.0,7.0,358.0,33.0,68.0,96.0,0,0.0,0.0,0.0,0,true
src/main/org/apache/tools/ant/types/CommandlineJava.java,584.0,9.0,521.0,39.0,67.0,90.0,0,0.0,0.0,0.0,0,true
src/main/org/apache/tools/ant/types/DataType.java,276.0,6.0,191.0,22.0,39.0,72.0,0,0.0,0.0,0.0,0,true
src/main/org/apache/tools/ant/types/Reference.java,96.0,2.0,14.0,9.0,5.0,18.0,0,0.0,0.0,0.0,0,true
src/main/org/apache/tools/ant/types/resources/ArchiveResource.java,215.0,5.0,168.0,20.0,52.0,53.0,1,0.006097560975609756,120.7,1803.9792172831144,1,true
src/main/org/apache/tools/ant/types/resources/BZip2Resource.java,31.0,5.0,8.0,5.0,2.0,13.0,1,0.006097560975609756,120.7,1803.9792172831144,1,false
src/main/org/apache/tools/ant/types/resources/BaseResourceCollectionContainer.java,199.0,11.0,45.0,14.0,57.0,51.0,1,0.006097560975609756,120.7,1803.9792172831144,1,true
src/main/org/apache/tools/ant/types/resources/BaseResourceCollectionWrapper.java,153.0,8.0,50.0,12.0,42.0,38.0,1,0.006097560975609756,120.7,1803.9792172831144,1,true
src/main/org/apache/tools/ant/types/resources/CompressedResource.java,196.0,8.0,270.0,24.0,34.0,71.0,1,0.006097560975609756,120.7,1803.9792172831144,1,false
src/main/org/apache/tools/ant/types/resources/Difference.java,35.0,7.0,1.0,2.0,9.0,8.0,1,0.006097560975609756,120.7,1803.9792172831144,1,true
src/main/org/apache/tools/ant/types/resources/FailFast.java,97.0,6.0,4.0,8.0,17.0,21.0,1,0.006097560975609756,120.7,1803.9792172831144,1,true
src/main/org/apache/tools/ant/types/resources/FileResource.java,254.0,11.0,229.0,23.0,82.0,68.0,2,0.012195121951219513,223.93076923076922,1977.077622868003,2,true
src/main/org/apache/tools/ant/types/resources/FileResourceIterator.java,75.0,3.0,20.0,8.0,4.0,17.0,1,0.006097560975609756,120.7,1803.9792172831144,1,true
src/main/org/apache/tools/ant/types/resources/Files.java,407.0,12.0,60.0,33.0,113.0,94.0,1,0.006097560975609756,120.7,1803.9792172831144,1,true
src/main/org/apache/tools/ant/types/resources/First.java,39.0,4.0,1.0,3.0,6.0,9.0,1,0.006097560975609756,120.7,1803.9792172831144,1,true
src/main/org/apache/tools/ant/types/resources/GZipResource.java,22.0,5.0,10.0,5.0,0.0,10.0,1,0.006097560975609756,120.7,1803.9792172831144,1,false
src/main/org/apache/tools/ant/types/resources/ImmutableResourceException.java,20.0,1.0,1.0,2.0,0.0,3.0,1,0.006097560975609756,120.7,1803.9792172831144,1,false
src/main/org/apache/tools/ant/types/resources/Intersect.java,32.0,6.0,1.0,2.0,12.0,8.0,1,0.006097560975609756,120.7,1803.9792172831144,1,true
src/main/org/apache/tools/ant/types/resources/JavaResource.java,168.0,6.0,15.0,11.0,41.0,32.0,1,0.006097560975609756,120.7,1803.9792172831144,1,true
src/main/org/apache/tools/ant/types/resources/PropertyResource.java,107.0,7.0,45.0,10.0,31.0,32.0,3,0.018292682926829267,296.3376811594203,2561.5315874260227,3,false
src/main/org/apache/tools/ant/types/resources/Resources.java,180.0,11.0,65.0,14.0,38.0,40.0,1,0.006097560975609756,120.7,1803.9792172831144,1,true
src/main/org/apache/tools/ant/types/resources/Restrict.java,107.0,7.0,0.0,9.0,29.0,25.0,1,0.006097560975609756,120.7,1803.9792172831144,1,true
src/main/org/apache/tools/ant/types/resources/Sort.java,134.0,14.0,0.0,3.0,18.0,14.0,1,0.006097560975609756,120.7,1803.9792172831144,1,true
src/main/org/apache/tools/ant/types/resources/StringResource.java,160.0,9.0,100.0,16.0,37.0,45.0,3,0.018292682926829267,296.3376811594203,2561.5315874260227,3,true
src/main/org/apache/tools/ant/types/resources/TarResource.java,149.0,10.0,45.0,11.0,50.0,42.0,1,0.006097560975609756,120.7,1803.9792172831144,1,false
src/main/org/apache/tools/ant/types/resources/Touchable.java,8.0,0.0,0.0,1.0,0.0,1.0,1,0.006097560975609756,120.7,1803.9792172831144,1,false
src/main/org/apache/tools/ant/types/resources/URLResource.java,262.0,12.0,174.0,21.0,64.0,66.0,1,0.006097560975609756,120.7,1803.9792172831144,1,true
src/main/org/apache/tools/ant/types/resources/Union.java,84.0,7.0,28.0,8.0,25.0,20.0,1,0.006097560975609756,120.7,1803.9792172831144,1,true
src/main/org/apache/tools/ant/types/resources/ZipResource.java,156.0,13.0,85.0,14.0,44.0,38.0,1,0.006097560975609756,120.7,1803.9792172831144,1,true
src/main/org/apache/tools/ant/types/resources/comparators/Content.java,41.0,4.0,0.0,3.0,1.0,9.0,0,0.0,0.0,0.0,0,false
src/main/org/apache/tools/ant/util/ClasspathUtils.java,348.0,7.0,45.0,10.0,18.0,40.0,0,0.0,0.0,0.0,0,true
src/main/org/apache/tools/ant/util/CollectionUtils.java,155.0,5.0,55.0,11.0,20.0,28.0,0,0.0,0.0,0.0,0,true
src/main/org/apache/tools/ant/util/DeweyDecimal.java,151.0,1.0,0.0,10.0,12.0,33.0,1,0.006097560975609756,202.0,898.1872427592388,1,false
src/main/org/apache/tools/ant/util/FileUtils.java,1056.0,21.0,1314.0,52.0,151.0,208.0,2,0.012195121951219513,179.55714285714285,1873.4218402643223,2,true
src/main/org/apache/tools/ant/util/ReaderInputStream.java,157.0,3.0,0.0,9.0,9.0,37.0,1,0.006097560975609756,120.7,1803.9792172831144,1,true
src/main/org/apache/tools/ant/util/ResourceUtils.java,437.0,33.0,66.0,12.0,73.0,54.0,0,0.0,0.0,0.0,0,true
src/main/org/apache/tools/ant/util/ScriptRunner.java,147.0,11.0,14.0,8.0,33.0,23.0,2,0.012195121951219513,175.63768115942028,757.5523701429082,2,true
src/main/org/apache/tools/ant/util/WeakishReference.java,46.0,1.0,1.0,2.0,0.0,6.0,0,0.0,0.0,0.0,0,true
src/main/org/apache/tools/ant/util/optional/WeakishReference12.java,25.0,2.0,0.0,2.0,1.0,3.0,0,0.0,0.0,0.0,0,true
src/main/org/apache/tools/ant/util/regexp/Regexp.java,24.0,1.0,0.0,1.0,0.0,4.0,1,0.006097560975609756,120.7,1803.9792172831144,1,true
src/main/org/apache/tools/ant/util/regexp/RegexpMatcherFactory.java,82.0,4.0,10.0,5.0,7.0,20.0,0,0.0,0.0,0.0,0,true
src/main/org/apache/tools/tar/TarOutputStream.java,250.0,3.0,41.0,15.0,22.0,40.0,0,0.0,0.0,0.0,0,true
src/main/org/apache/tools/zip/ZipEntry.java,290.0,2.0,315.0,27.0,51.0,69.0,0,0.0,0.0,0.0,0,true
src/testcases/org/apache/tools/ant/filters/ConcatFilterTest.java,82.0,5.0,46.0,13.0,27.0,25.0,1,0.006097560975609756,202.0,898.1872427592388,1,true
src/testcases/org/apache/tools/ant/filters/DynamicFilterTest.java,56.0,5.0,21.0,7.0,14.0,13.0,1,0.006097560975609756,202.0,898.1872427592388,1,true
src/testcases/org/apache/tools/ant/filters/EscapeUnicodeTest.java,20.0,4.0,6.0,4.0,8.0,6.0,1,0.006097560975609756,202.0,898.1872427592388,1,false
src/testcases/org/apache/tools/ant/filters/HeadTailTest.java,81.0,4.0,0.0,14.0,68.0,26.0,1,0.006097560975609756,202.0,898.1872427592388,1,true
src/testcases/org/apache/tools/ant/filters/LineContainsTest.java,23.0,4.0,10.0,5.0,9.0,8.0,1,0.006097560975609756,202.0,898.1872427592388,1,true
src/testcases/org/apache/tools/ant/filters/ReplaceTokensTest.java,26.0,4.0,8.0,5.0,13.0,8.0,2,0.012195121951219513,305.2307692307692,1071.2856483441274,2,true
src/testcases/org/apache/tools/ant/filters/StripJavaCommentsTest.java,20.0,4.0,6.0,4.0,8.0,6.0,1,0.006097560975609756,202.0,898.1872427592388,1,true
src/testcases/org/apache/tools/ant/filters/TokenFilterTest.java,179.0,5.0,561.0,34.0,79.0,84.0,1,0.006097560975609756,202.0,898.1872427592388,1,true
src/testcases/org/apache/tools/ant/taskdefs/CopyTest.java,168.0,5.0,339.0,27.0,97.0,36.0,0,0.0,0.0,0.0,0,true
src/testcases/org/apache/tools/ant/taskdefs/DeleteTest.java,55.0,1.0,136.0,17.0,16.0,19.0,0,0.0,0.0,0.0,0,true
src/testcases/org/apache/tools/ant/taskdefs/ExecuteWatchdogTest.java,97.0,3.0,35.0,11.0,45.0,29.0,0,0.0,0.0,0.0,0,true
src/testcases/org/apache/tools/ant/taskdefs/FixCrLfTest.java,145.0,7.0,703.0,38.0,41.0,65.0,1,0.006097560975609756,120.7,1803.9792172831144,1,true
src/testcases/org/apache/tools/ant/taskdefs/JavacTest.java,165.0,8.0,0.0,13.0,60.0,23.0,0,0.0,0.0,0.0,0,true
src/testcases/org/apache/tools/ant/taskdefs/RmicAdvancedTest.java,159.0,4.0,253.0,23.0,23.0,58.0,0,0.0,0.0,0.0,0,true
src/testcases/org/apache/tools/ant/taskdefs/StyleTest.java,88.0,6.0,219.0,22.0,53.0,48.0,2,0.012195121951219513,162.0879120879121,242.54102856609663,2,true
src/testcases/org/apache/tools/ant/taskdefs/UnzipTest.java,123.0,3.0,300.0,25.0,53.0,36.0,0,0.0,0.0,0.0,0,true
src/testcases/org/apache/tools/ant/taskdefs/condition/AntVersionTest.java,17.0,1.0,6.0,4.0,3.0,6.0,1,0.006097560975609756,202.0,898.1872427592388,1,false
src/testcases/org/apache/tools/ant/taskdefs/optional/XsltTest.java,64.0,1.0,45.0,10.0,12.0,21.0,2,0.012195121951219513,165.56410256410254,351.1887534170846,2,true
src/testcases/org/apache/tools/ant/taskdefs/optional/junit/SuiteMethodTest.java,17.0,2.0,0.0,1.0,0.0,2.0,0,0.0,0.0,0.0,0,false
src/testcases/org/apache/tools/tar/TarOutputStreamTest.java,8.0,3.0,0.0,1.0,1.0,2.0,0,0.0,0.0,0.0,0,true
