name,LOC,CBO,LCOM,NOM,RFC,WMC,numOfChanges,bccm,structuralWorkloadSum,semanticWorkloadSum,numberOfDeveloper,isBuggy
src/main/org/apache/tools/ant/AntClassLoader.java,1175.0,29.0,1191.0,54.0,179.0,200.0,1,0.002881844380403458,705.4655172413793,59535.65086429875,1,true
src/main/org/apache/tools/ant/AntTypeDefinition.java,290.0,2.0,104.0,20.0,38.0,62.0,0,0.0,0.0,0.0,0,true
src/main/org/apache/tools/ant/BuildEvent.java,157.0,1.0,25.0,11.0,3.0,31.0,2,0.005763688760806916,793.9655172413793,59909.42712539059,2,true
src/main/org/apache/tools/ant/BuildListener.java,62.0,1.0,21.0,7.0,0.0,17.0,1,0.002881844380403458,88.5,373.7762610918445,1,true
src/main/org/apache/tools/ant/ComponentHelper.java,840.0,19.0,411.0,38.0,179.0,121.0,3,0.008645533141210375,848.9099616858238,60067.69803881631,3,true
src/main/org/apache/tools/ant/DefaultLogger.java,262.0,6.0,110.0,17.0,31.0,39.0,2,0.005763688760806916,145.83333333333334,525.0737109256763,2,true
src/main/org/apache/tools/ant/Diagnostics.java,526.0,21.0,459.0,31.0,122.0,93.0,0,0.0,0.0,0.0,0,true
src/main/org/apache/tools/ant/DirectoryScanner.java,1390.0,18.0,1479.0,62.0,183.0,226.0,0,0.0,0.0,0.0,0,true
src/main/org/apache/tools/ant/ExitStatusException.java,44.0,0.0,0.0,4.0,0.0,6.0,1,0.002881844380403458,348.40000000000003,1810.194460646937,1,false
src/main/org/apache/tools/ant/IntrospectionHelper.java,1160.0,13.0,925.0,47.0,166.0,174.0,2,0.005763688760806916,749.9655172413793,59613.25745294432,2,true
src/main/org/apache/tools/ant/MagicNames.java,123.0,1.0,0.0,1.0,0.0,1.0,0,0.0,0.0,0.0,0,true
src/main/org/apache/tools/ant/Main.java,844.0,16.0,153.0,22.0,147.0,94.0,2,0.005763688760806916,740.4655172413793,59657.87699116522,2,true
src/main/org/apache/tools/ant/NoBannerLogger.java,52.0,1.0,0.0,4.0,7.0,9.0,0,0.0,0.0,0.0,0,true
src/main/org/apache/tools/ant/Project.java,1946.0,31.0,6567.0,119.0,288.0,366.0,3,0.008645533141210375,902.4099616858238,60319.24817304168,3,true
src/main/org/apache/tools/ant/ProjectComponent.java,123.0,0.0,39.0,10.0,8.0,22.0,2,0.005763688760806916,1053.8655172413794,61345.84532494568,2,true
src/main/org/apache/tools/ant/ProjectHelper.java,396.0,10.0,153.0,18.0,52.0,73.0,0,0.0,0.0,0.0,0,true
src/main/org/apache/tools/ant/PropertyHelper.java,443.0,3.0,119.0,23.0,60.0,80.0,2,0.005763688760806916,813.9099616858238,59945.47191194983,2,true
src/main/org/apache/tools/ant/RuntimeConfigurable.java,371.0,13.0,194.0,24.0,44.0,64.0,0,0.0,0.0,0.0,0,true
src/main/org/apache/tools/ant/Task.java,384.0,3.0,334.0,29.0,62.0,69.0,3,0.008645533141210375,1142.3655172413794,61719.62158603752,3,true
src/main/org/apache/tools/ant/UnknownElement.java,519.0,7.0,289.0,31.0,148.0,93.0,0,0.0,0.0,0.0,0,true
src/main/org/apache/tools/ant/XmlLogger.java,401.0,16.0,57.0,15.0,79.0,51.0,1,0.002881844380403458,88.5,373.7762610918445,1,true
src/main/org/apache/tools/ant/filters/FixCrLfFilter.java,791.0,5.0,121.0,18.0,26.0,47.0,0,0.0,0.0,0.0,0,true
src/main/org/apache/tools/ant/filters/ReplaceTokens.java,314.0,9.0,49.0,14.0,41.0,37.0,0,0.0,0.0,0.0,0,true
src/main/org/apache/tools/ant/filters/StringInputStream.java,20.0,2.0,1.0,2.0,0.0,3.0,1,0.002881844380403458,348.40000000000003,1810.194460646937,1,true
src/main/org/apache/tools/ant/filters/TokenFilter.java,591.0,12.0,49.0,19.0,24.0,36.0,0,0.0,0.0,0.0,0,true
src/main/org/apache/tools/ant/filters/util/ChainReaderHelper.java,171.0,17.0,16.0,8.0,20.0,24.0,0,0.0,0.0,0.0,0,true
src/main/org/apache/tools/ant/filters/util/JavaClassHelper.java,39.0,6.0,0.0,1.0,10.0,6.0,1,0.002881844380403458,705.4655172413793,59535.65086429875,1,true
src/main/org/apache/tools/ant/helper/AntXMLContext.java,297.0,12.0,310.0,28.0,24.0,52.0,0,0.0,0.0,0.0,0,true
src/main/org/apache/tools/ant/helper/DefaultExecutor.java,37.0,3.0,1.0,2.0,2.0,8.0,0,0.0,0.0,0.0,0,true
src/main/org/apache/tools/ant/helper/ProjectHelper2.java,824.0,28.0,39.0,11.0,47.0,25.0,0,0.0,0.0,0.0,0,true
src/main/org/apache/tools/ant/helper/ProjectHelperImpl.java,839.0,27.0,0.0,4.0,27.0,12.0,1,0.002881844380403458,705.4655172413793,59535.65086429875,1,true
src/main/org/apache/tools/ant/helper/SingleCheckExecutor.java,20.0,3.0,1.0,2.0,3.0,4.0,0,0.0,0.0,0.0,0,true
src/main/org/apache/tools/ant/input/GreedyInputHandler.java,51.0,5.0,1.0,2.0,11.0,5.0,0,0.0,0.0,0.0,0,false
src/main/org/apache/tools/ant/input/InputRequest.java,63.0,0.0,15.0,7.0,0.0,15.0,0,0.0,0.0,0.0,0,true
src/main/org/apache/tools/ant/launch/Launcher.java,258.0,8.0,19.0,7.0,57.0,36.0,1,0.002881844380403458,705.4655172413793,59535.65086429875,1,true
src/main/org/apache/tools/ant/launch/Locator.java,367.0,9.0,53.0,11.0,73.0,55.0,2,0.005763688760806916,733.4655172413793,59543.848774367725,2,true
src/main/org/apache/tools/ant/listener/AnsiColorLogger.java,166.0,7.0,0.0,2.0,10.0,9.0,0,0.0,0.0,0.0,0,true
src/main/org/apache/tools/ant/listener/CommonsLoggingListener.java,262.0,10.0,25.0,14.0,52.0,32.0,1,0.002881844380403458,705.4655172413793,59535.65086429875,1,true
src/main/org/apache/tools/ant/listener/Log4jListener.java,134.0,7.0,0.0,8.0,48.0,22.0,0,0.0,0.0,0.0,0,true
src/main/org/apache/tools/ant/listener/TimestampedLogger.java,35.0,3.0,1.0,3.0,5.0,7.0,0,0.0,0.0,0.0,0,false
src/main/org/apache/tools/ant/loader/AntClassLoader2.java,11.0,1.0,0.0,1.0,0.0,1.0,0,0.0,0.0,0.0,0,true
src/main/org/apache/tools/ant/taskdefs/AbstractJarSignerTask.java,290.0,10.0,213.0,23.0,44.0,46.0,0,0.0,0.0,0.0,0,true
src/main/org/apache/tools/ant/taskdefs/Ant.java,628.0,23.0,165.0,27.0,130.0,82.0,2,0.005763688760806916,813.9099616858238,59945.47191194983,2,true
src/main/org/apache/tools/ant/taskdefs/AntStructure.java,357.0,17.0,6.0,5.0,16.0,14.0,2,0.005763688760806916,749.9655172413793,59613.25745294432,2,true
src/main/org/apache/tools/ant/taskdefs/Apt.java,210.0,8.0,126.0,17.0,10.0,36.0,1,0.002881844380403458,35.0,122.22612686647349,1,true
src/main/org/apache/tools/ant/taskdefs/Available.java,401.0,11.0,124.0,20.0,65.0,60.0,0,0.0,0.0,0.0,0,true
src/main/org/apache/tools/ant/taskdefs/BUnzip2.java,73.0,7.0,3.0,3.0,11.0,11.0,0,0.0,0.0,0.0,0,true
src/main/org/apache/tools/ant/taskdefs/BZip2.java,41.0,6.0,1.0,2.0,8.0,7.0,1,0.002881844380403458,705.4655172413793,59535.65086429875,1,true
src/main/org/apache/tools/ant/taskdefs/CallTarget.java,203.0,4.0,0.0,14.0,24.0,33.0,1,0.002881844380403458,705.4655172413793,59535.65086429875,1,true
src/main/org/apache/tools/ant/taskdefs/Checksum.java,565.0,31.0,171.0,23.0,73.0,75.0,1,0.002881844380403458,705.4655172413793,59535.65086429875,1,true
src/main/org/apache/tools/ant/taskdefs/Chmod.java,195.0,8.0,61.0,18.0,39.0,42.0,1,0.002881844380403458,705.4655172413793,59535.65086429875,1,true
src/main/org/apache/tools/ant/taskdefs/Classloader.java,164.0,8.0,19.0,10.0,19.0,27.0,1,0.002881844380403458,705.4655172413793,59535.65086429875,1,true
src/main/org/apache/tools/ant/taskdefs/Concat.java,759.0,38.0,188.0,25.0,61.0,67.0,2,0.005763688760806916,158.44444444444446,450.68151971303377,2,true
src/main/org/apache/tools/ant/taskdefs/ConditionTask.java,75.0,4.0,4.0,5.0,8.0,12.0,0,0.0,0.0,0.0,0,true
src/main/org/apache/tools/ant/taskdefs/Copy.java,799.0,30.0,804.0,45.0,131.0,133.0,1,0.002881844380403458,705.4655172413793,59535.65086429875,1,true
src/main/org/apache/tools/ant/taskdefs/CopyPath.java,140.0,9.0,20.0,9.0,17.0,24.0,1,0.002881844380403458,705.4655172413793,59535.65086429875,1,false
src/main/org/apache/tools/ant/taskdefs/DefBase.java,118.0,6.0,72.0,13.0,24.0,33.0,1,0.002881844380403458,705.4655172413793,59535.65086429875,1,true
src/main/org/apache/tools/ant/taskdefs/Definer.java,515.0,18.0,192.0,25.0,83.0,83.0,0,0.0,0.0,0.0,0,true
src/main/org/apache/tools/ant/taskdefs/Delete.java,577.0,38.0,16.0,44.0,51.0,77.0,2,0.005763688760806916,793.9655172413793,59909.42712539059,2,true
src/main/org/apache/tools/ant/taskdefs/DependSet.java,181.0,20.0,26.0,9.0,30.0,19.0,3,0.008645533141210375,902.4099616858238,60319.24817304168,3,true
src/main/org/apache/tools/ant/taskdefs/DiagnosticsTask.java,15.0,3.0,0.0,1.0,1.0,2.0,0,0.0,0.0,0.0,0,false
src/main/org/apache/tools/ant/taskdefs/Ear.java,91.0,7.0,13.0,7.0,10.0,15.0,0,0.0,0.0,0.0,0,true
src/main/org/apache/tools/ant/taskdefs/Echo.java,103.0,12.0,7.0,7.0,9.0,15.0,0,0.0,0.0,0.0,0,true
src/main/org/apache/tools/ant/taskdefs/EchoXML.java,58.0,10.0,0.0,3.0,5.0,7.0,0,0.0,0.0,0.0,0,true
src/main/org/apache/tools/ant/taskdefs/Exec.java,200.0,11.0,25.0,10.0,27.0,21.0,0,0.0,0.0,0.0,0,true
src/main/org/apache/tools/ant/taskdefs/ExecTask.java,548.0,14.0,537.0,42.0,81.0,100.0,0,0.0,0.0,0.0,0,true
src/main/org/apache/tools/ant/taskdefs/Execute.java,984.0,21.0,389.0,31.0,102.0,103.0,1,0.002881844380403458,705.4655172413793,59535.65086429875,1,true
src/main/org/apache/tools/ant/taskdefs/ExecuteJava.java,268.0,19.0,30.0,12.0,60.0,34.0,0,0.0,0.0,0.0,0,true
src/main/org/apache/tools/ant/taskdefs/ExecuteOn.java,554.0,21.0,377.0,30.0,95.0,77.0,1,0.002881844380403458,705.4655172413793,59535.65086429875,1,true
src/main/org/apache/tools/ant/taskdefs/ExecuteWatchdog.java,144.0,3.0,10.0,9.0,8.0,23.0,1,0.002881844380403458,705.4655172413793,59535.65086429875,1,true
src/main/org/apache/tools/ant/taskdefs/Exit.java,165.0,6.0,29.0,11.0,20.0,32.0,1,0.002881844380403458,348.40000000000003,1810.194460646937,1,true
src/main/org/apache/tools/ant/taskdefs/FixCRLF.java,529.0,18.0,36.0,17.0,42.0,41.0,1,0.002881844380403458,705.4655172413793,59535.65086429875,1,true
src/main/org/apache/tools/ant/taskdefs/GUnzip.java,62.0,6.0,3.0,3.0,11.0,11.0,0,0.0,0.0,0.0,0,true
src/main/org/apache/tools/ant/taskdefs/GZip.java,38.0,5.0,1.0,2.0,7.0,9.0,0,0.0,0.0,0.0,0,true
src/main/org/apache/tools/ant/taskdefs/GenerateKey.java,323.0,6.0,52.0,13.0,13.0,32.0,0,0.0,0.0,0.0,0,true
src/main/org/apache/tools/ant/taskdefs/Get.java,299.0,13.0,12.0,9.0,28.0,29.0,1,0.002881844380403458,705.4655172413793,59535.65086429875,1,true
src/main/org/apache/tools/ant/taskdefs/ImportTask.java,91.0,14.0,0.0,3.0,18.0,10.0,0,0.0,0.0,0.0,0,true
src/main/org/apache/tools/ant/taskdefs/Input.java,188.0,12.0,14.0,8.0,16.0,24.0,1,0.002881844380403458,705.4655172413793,59535.65086429875,1,true
src/main/org/apache/tools/ant/taskdefs/Jar.java,751.0,34.0,351.0,31.0,137.0,126.0,2,0.005763688760806916,762.7988505747127,59686.948314132576,2,true
src/main/org/apache/tools/ant/taskdefs/Java.java,746.0,21.0,1416.0,60.0,155.0,155.0,0,0.0,0.0,0.0,0,true
src/main/org/apache/tools/ant/taskdefs/Javac.java,830.0,13.0,2748.0,77.0,77.0,200.0,1,0.002881844380403458,705.4655172413793,59535.65086429875,1,true
src/main/org/apache/tools/ant/taskdefs/Javadoc.java,1921.0,32.0,3637.0,90.0,257.0,203.0,2,0.005763688760806916,749.9655172413793,59613.25745294432,2,true
src/main/org/apache/tools/ant/taskdefs/Jikes.java,79.0,8.0,0.0,2.0,17.0,8.0,0,0.0,0.0,0.0,0,true
src/main/org/apache/tools/ant/taskdefs/JikesOutputParser.java,121.0,7.0,48.0,12.0,13.0,27.0,0,0.0,0.0,0.0,0,true
src/main/org/apache/tools/ant/taskdefs/Length.java,260.0,16.0,72.0,16.0,32.0,39.0,1,0.002881844380403458,705.4655172413793,59535.65086429875,1,true
src/main/org/apache/tools/ant/taskdefs/LoadProperties.java,167.0,20.0,0.0,11.0,34.0,25.0,1,0.002881844380403458,348.40000000000003,1810.194460646937,1,true
src/main/org/apache/tools/ant/taskdefs/LoadResource.java,167.0,14.0,7.0,7.0,22.0,17.0,1,0.002881844380403458,705.4655172413793,59535.65086429875,1,true
src/main/org/apache/tools/ant/taskdefs/LogOutputStream.java,60.0,5.0,0.0,6.0,2.0,11.0,0,0.0,0.0,0.0,0,true
src/main/org/apache/tools/ant/taskdefs/MacroDef.java,681.0,15.0,107.0,18.0,43.0,59.0,1,0.002881844380403458,705.4655172413793,59535.65086429875,1,true
src/main/org/apache/tools/ant/taskdefs/MacroInstance.java,326.0,18.0,21.0,11.0,102.0,44.0,1,0.002881844380403458,705.4655172413793,59535.65086429875,1,true
src/main/org/apache/tools/ant/taskdefs/MakeUrl.java,225.0,11.0,26.0,13.0,43.0,37.0,0,0.0,0.0,0.0,0,false
src/main/org/apache/tools/ant/taskdefs/Manifest.java,867.0,13.0,14.0,16.0,53.0,61.0,0,0.0,0.0,0.0,0,true
src/main/org/apache/tools/ant/taskdefs/ManifestClassPath.java,129.0,7.0,2.0,5.0,20.0,12.0,0,0.0,0.0,0.0,0,true
src/main/org/apache/tools/ant/taskdefs/MatchingTask.java,331.0,28.0,0.0,41.0,55.0,65.0,1,0.002881844380403458,705.4655172413793,59535.65086429875,1,true
src/main/org/apache/tools/ant/taskdefs/Mkdir.java,61.0,4.0,1.0,3.0,8.0,10.0,0,0.0,0.0,0.0,0,true
src/main/org/apache/tools/ant/taskdefs/Move.java,273.0,9.0,36.0,9.0,74.0,44.0,0,0.0,0.0,0.0,0,true
src/main/org/apache/tools/ant/taskdefs/Pack.java,149.0,9.0,30.0,13.0,27.0,29.0,0,0.0,0.0,0.0,0,true
src/main/org/apache/tools/ant/taskdefs/PathConvert.java,352.0,16.0,137.0,19.0,43.0,52.0,0,0.0,0.0,0.0,0,true
src/main/org/apache/tools/ant/taskdefs/PreSetDef.java,202.0,8.0,0.0,3.0,10.0,7.0,0,0.0,0.0,0.0,0,true
src/main/org/apache/tools/ant/taskdefs/ProcessDestroyer.java,164.0,4.0,1.0,7.0,30.0,24.0,1,0.002881844380403458,35.0,122.22612686647349,1,true
src/main/org/apache/tools/ant/taskdefs/Property.java,541.0,15.0,475.0,35.0,85.0,93.0,0,0.0,0.0,0.0,0,true
src/main/org/apache/tools/ant/taskdefs/Recorder.java,239.0,8.0,141.0,18.0,25.0,32.0,0,0.0,0.0,0.0,0,true
src/main/org/apache/tools/ant/taskdefs/RecorderEntry.java,264.0,10.0,242.0,25.0,44.0,56.0,0,0.0,0.0,0.0,0,true
src/main/org/apache/tools/ant/taskdefs/Redirector.java,661.0,27.0,517.0,38.0,48.0,99.0,1,0.002881844380403458,705.4655172413793,59535.65086429875,1,true
src/main/org/apache/tools/ant/taskdefs/Replace.java,670.0,21.0,115.0,22.0,77.0,57.0,1,0.002881844380403458,88.5,373.7762610918445,1,true
src/main/org/apache/tools/ant/taskdefs/ResourceCount.java,85.0,6.0,9.0,7.0,11.0,19.0,1,0.002881844380403458,348.40000000000003,1810.194460646937,1,false
src/main/org/apache/tools/ant/taskdefs/SQLExec.java,619.0,30.0,224.0,24.0,78.0,70.0,1,0.002881844380403458,705.4655172413793,59535.65086429875,1,true
src/main/org/apache/tools/ant/taskdefs/SignJar.java,350.0,11.0,121.0,18.0,33.0,45.0,1,0.002881844380403458,705.4655172413793,59535.65086429875,1,true
src/main/org/apache/tools/ant/taskdefs/StreamPumper.java,136.0,3.0,25.0,10.0,8.0,26.0,1,0.002881844380403458,705.4655172413793,59535.65086429875,1,true
src/main/org/apache/tools/ant/taskdefs/SubAnt.java,478.0,15.0,359.0,30.0,77.0,72.0,0,0.0,0.0,0.0,0,true
src/main/org/apache/tools/ant/taskdefs/Sync.java,328.0,16.0,28.0,16.0,61.0,40.0,1,0.002881844380403458,705.4655172413793,59535.65086429875,1,true
src/main/org/apache/tools/ant/taskdefs/Tar.java,748.0,31.0,130.0,21.0,152.0,77.0,1,0.002881844380403458,705.4655172413793,59535.65086429875,1,true
src/main/org/apache/tools/ant/taskdefs/Touch.java,272.0,22.0,211.0,23.0,52.0,55.0,0,0.0,0.0,0.0,0,true
src/main/org/apache/tools/ant/taskdefs/Transform.java,9.0,0.0,0.0,0.0,0.0,0.0,1,0.002881844380403458,348.40000000000003,1810.194460646937,1,true
src/main/org/apache/tools/ant/taskdefs/Tstamp.java,261.0,16.0,2.0,4.0,12.0,12.0,0,0.0,0.0,0.0,0,true
src/main/org/apache/tools/ant/taskdefs/Unpack.java,134.0,6.0,42.0,12.0,28.0,26.0,1,0.002881844380403458,705.4655172413793,59535.65086429875,1,true
src/main/org/apache/tools/ant/taskdefs/Untar.java,156.0,15.0,8.0,5.0,21.0,14.0,1,0.002881844380403458,705.4655172413793,59535.65086429875,1,true
src/main/org/apache/tools/ant/taskdefs/UpToDate.java,179.0,16.0,42.0,13.0,35.0,38.0,1,0.002881844380403458,705.4655172413793,59535.65086429875,1,true
src/main/org/apache/tools/ant/taskdefs/VerifyJar.java,140.0,11.0,0.0,3.0,25.0,13.0,1,0.002881844380403458,705.4655172413793,59535.65086429875,1,true
src/main/org/apache/tools/ant/taskdefs/WaitFor.java,189.0,7.0,26.0,9.0,17.0,18.0,1,0.002881844380403458,705.4655172413793,59535.65086429875,1,true
src/main/org/apache/tools/ant/taskdefs/War.java,154.0,8.0,37.0,10.0,12.0,23.0,2,0.005763688760806916,755.4655172413793,59576.511336360694,2,true
src/main/org/apache/tools/ant/taskdefs/XSLTLiaison3.java,13.0,1.0,0.0,1.0,0.0,3.0,1,0.002881844380403458,348.40000000000003,1810.194460646937,1,false
src/main/org/apache/tools/ant/taskdefs/XSLTProcess.java,1005.0,20.0,731.0,42.0,110.0,126.0,1,0.002881844380403458,705.4655172413793,59535.65086429875,1,true
src/main/org/apache/tools/ant/taskdefs/XmlProperty.java,597.0,21.0,420.0,33.0,91.0,91.0,1,0.002881844380403458,705.4655172413793,59535.65086429875,1,true
src/main/org/apache/tools/ant/taskdefs/Zip.java,1301.0,39.0,691.0,47.0,218.0,159.0,2,0.005763688760806916,762.7988505747127,59686.948314132576,2,true
src/main/org/apache/tools/ant/taskdefs/compilers/AptCompilerAdapter.java,127.0,9.0,6.0,4.0,29.0,12.0,0,0.0,0.0,0.0,0,true
src/main/org/apache/tools/ant/taskdefs/compilers/AptExternalCompilerAdapter.java,30.0,4.0,1.0,2.0,11.0,7.0,1,0.002881844380403458,705.4655172413793,59535.65086429875,1,true
src/main/org/apache/tools/ant/taskdefs/compilers/DefaultCompilerAdapter.java,480.0,17.0,93.0,23.0,111.0,79.0,0,0.0,0.0,0.0,0,true
src/main/org/apache/tools/ant/taskdefs/compilers/Javac12.java,41.0,9.0,0.0,1.0,11.0,7.0,1,0.002881844380403458,705.4655172413793,59535.65086429875,1,true
src/main/org/apache/tools/ant/taskdefs/compilers/Jikes.java,132.0,4.0,0.0,1.0,22.0,7.0,1,0.002881844380403458,705.4655172413793,59535.65086429875,1,true
src/main/org/apache/tools/ant/taskdefs/compilers/Sj.java,29.0,3.0,1.0,2.0,8.0,8.0,1,0.002881844380403458,705.4655172413793,59535.65086429875,1,true
src/main/org/apache/tools/ant/taskdefs/condition/AntVersion.java,95.0,3.0,0.0,7.0,11.0,24.0,2,0.005763688760806916,755.4655172413793,59576.511336360694,2,false
src/main/org/apache/tools/ant/taskdefs/condition/ConditionBase.java,222.0,9.0,0.0,25.0,25.0,31.0,0,0.0,0.0,0.0,0,false
src/main/org/apache/tools/ant/taskdefs/condition/HasFreeSpace.java,55.0,5.0,0.0,6.0,5.0,15.0,2,0.005763688760806916,762.7988505747127,59686.948314132576,2,false
src/main/org/apache/tools/ant/taskdefs/condition/HasMethod.java,141.0,7.0,29.0,11.0,25.0,31.0,1,0.002881844380403458,348.40000000000003,1810.194460646937,1,true
src/main/org/apache/tools/ant/taskdefs/condition/Http.java,58.0,7.0,0.0,3.0,3.0,9.0,0,0.0,0.0,0.0,0,true
src/main/org/apache/tools/ant/taskdefs/condition/IsReachable.java,161.0,9.0,4.0,5.0,11.0,14.0,0,0.0,0.0,0.0,0,true
src/main/org/apache/tools/ant/taskdefs/condition/IsSigned.java,88.0,8.0,0.0,4.0,15.0,16.0,0,0.0,0.0,0.0,0,true
src/main/org/apache/tools/ant/taskdefs/condition/Matches.java,89.0,5.0,7.0,7.0,4.0,17.0,0,0.0,0.0,0.0,0,false
src/main/org/apache/tools/ant/taskdefs/condition/Os.java,255.0,2.0,16.0,12.0,14.0,32.0,0,0.0,0.0,0.0,0,true
src/main/org/apache/tools/ant/taskdefs/condition/ParserSupports.java,127.0,7.0,1.0,7.0,11.0,20.0,0,0.0,0.0,0.0,0,false
src/main/org/apache/tools/ant/taskdefs/condition/TypeFound.java,54.0,6.0,2.0,4.0,8.0,12.0,0,0.0,0.0,0.0,0,true
src/main/org/apache/tools/ant/taskdefs/cvslib/ChangeLogParser.java,190.0,7.0,0.0,10.0,34.0,35.0,0,0.0,0.0,0.0,0,true
src/main/org/apache/tools/ant/taskdefs/cvslib/ChangeLogTask.java,293.0,18.0,61.0,14.0,62.0,37.0,1,0.002881844380403458,705.4655172413793,59535.65086429875,1,true
src/main/org/apache/tools/ant/taskdefs/email/EmailTask.java,477.0,12.0,389.0,31.0,67.0,62.0,1,0.002881844380403458,705.4655172413793,59535.65086429875,1,true
src/main/org/apache/tools/ant/taskdefs/email/Mailer.java,153.0,4.0,153.0,18.0,1.0,26.0,0,0.0,0.0,0.0,0,true
src/main/org/apache/tools/ant/taskdefs/email/MimeMailer.java,177.0,29.0,3.0,3.0,46.0,15.0,1,0.002881844380403458,705.4655172413793,59535.65086429875,1,true
src/main/org/apache/tools/ant/taskdefs/email/UUMailer.java,20.0,7.0,0.0,1.0,5.0,3.0,0,0.0,0.0,0.0,0,true
src/main/org/apache/tools/ant/taskdefs/optional/Cab.java,239.0,18.0,38.0,13.0,64.0,40.0,0,0.0,0.0,0.0,0,true
src/main/org/apache/tools/ant/taskdefs/optional/EchoProperties.java,430.0,34.0,106.0,16.0,79.0,51.0,0,0.0,0.0,0.0,0,true
src/main/org/apache/tools/ant/taskdefs/optional/Javah.java,375.0,15.0,367.0,30.0,43.0,75.0,0,0.0,0.0,0.0,0,true
src/main/org/apache/tools/ant/taskdefs/optional/Native2Ascii.java,210.0,13.0,67.0,15.0,28.0,40.0,0,0.0,0.0,0.0,0,true
src/main/org/apache/tools/ant/taskdefs/optional/NetRexxC.java,758.0,21.0,806.0,45.0,73.0,106.0,0,0.0,0.0,0.0,0,true
src/main/org/apache/tools/ant/taskdefs/optional/PropertyFile.java,539.0,21.0,16.0,9.0,21.0,23.0,1,0.002881844380403458,705.4655172413793,59535.65086429875,1,true
src/main/org/apache/tools/ant/taskdefs/optional/RenameExtensions.java,82.0,6.0,5.0,6.0,18.0,9.0,0,0.0,0.0,0.0,0,true
src/main/org/apache/tools/ant/taskdefs/optional/ReplaceRegExp.java,399.0,23.0,31.0,14.0,43.0,46.0,0,0.0,0.0,0.0,0,true
src/main/org/apache/tools/ant/taskdefs/optional/Rpm.java,283.0,20.0,65.0,14.0,32.0,31.0,1,0.002881844380403458,705.4655172413793,59535.65086429875,1,true
src/main/org/apache/tools/ant/taskdefs/optional/SchemaValidate.java,439.0,15.0,102.0,16.0,47.0,44.0,0,0.0,0.0,0.0,0,false
src/main/org/apache/tools/ant/taskdefs/optional/Script.java,85.0,7.0,0.0,10.0,11.0,17.0,1,0.002881844380403458,705.4655172413793,59535.65086429875,1,true
src/main/org/apache/tools/ant/taskdefs/optional/StyleBook.java,79.0,3.0,7.0,6.0,6.0,8.0,1,0.002881844380403458,705.4655172413793,59535.65086429875,1,true
src/main/org/apache/tools/ant/taskdefs/optional/TraXLiaison.java,432.0,42.0,232.0,24.0,94.0,78.0,0,0.0,0.0,0.0,0,true
src/main/org/apache/tools/ant/taskdefs/optional/XMLValidateTask.java,584.0,27.0,259.0,26.0,66.0,80.0,1,0.002881844380403458,705.4655172413793,59535.65086429875,1,true
src/main/org/apache/tools/ant/taskdefs/optional/ccm/CCMCheck.java,139.0,8.0,37.0,11.0,29.0,25.0,1,0.002881844380403458,705.4655172413793,59535.65086429875,1,true
src/main/org/apache/tools/ant/taskdefs/optional/depend/Depend.java,684.0,21.0,249.0,26.0,139.0,101.0,1,0.002881844380403458,705.4655172413793,59535.65086429875,1,true
src/main/org/apache/tools/ant/taskdefs/optional/dotnet/CSharp.java,284.0,1.0,199.0,23.0,18.0,50.0,1,0.002881844380403458,705.4655172413793,59535.65086429875,1,true
src/main/org/apache/tools/ant/taskdefs/optional/dotnet/DotnetBaseMatchingTask.java,127.0,9.0,30.0,9.0,25.0,23.0,0,0.0,0.0,0.0,0,true
src/main/org/apache/tools/ant/taskdefs/optional/dotnet/DotnetCompile.java,741.0,10.0,1868.0,64.0,85.0,171.0,1,0.002881844380403458,705.4655172413793,59535.65086429875,1,true
src/main/org/apache/tools/ant/taskdefs/optional/dotnet/DotnetDefine.java,71.0,3.0,5.0,6.0,4.0,18.0,0,0.0,0.0,0.0,0,false
src/main/org/apache/tools/ant/taskdefs/optional/dotnet/DotnetResource.java,185.0,7.0,77.0,15.0,28.0,33.0,0,0.0,0.0,0.0,0,true
src/main/org/apache/tools/ant/taskdefs/optional/dotnet/Ilasm.java,379.0,7.0,393.0,31.0,31.0,80.0,0,0.0,0.0,0.0,0,true
src/main/org/apache/tools/ant/taskdefs/optional/dotnet/Ildasm.java,384.0,6.0,134.0,20.0,22.0,37.0,0,0.0,0.0,0.0,0,false
src/main/org/apache/tools/ant/taskdefs/optional/dotnet/ImportTypelib.java,157.0,5.0,8.0,9.0,13.0,21.0,0,0.0,0.0,0.0,0,true
src/main/org/apache/tools/ant/taskdefs/optional/dotnet/JSharp.java,104.0,1.0,32.0,9.0,5.0,15.0,1,0.002881844380403458,705.4655172413793,59535.65086429875,1,true
src/main/org/apache/tools/ant/taskdefs/optional/dotnet/NetCommand.java,290.0,15.0,75.0,18.0,43.0,53.0,1,0.002881844380403458,705.4655172413793,59535.65086429875,1,true
src/main/org/apache/tools/ant/taskdefs/optional/dotnet/VisualBasicCompile.java,299.0,1.0,253.0,26.0,18.0,78.0,1,0.002881844380403458,705.4655172413793,59535.65086429875,1,true
src/main/org/apache/tools/ant/taskdefs/optional/dotnet/WsdlToDotnet.java,475.0,10.0,78.0,16.0,28.0,29.0,0,0.0,0.0,0.0,0,true
src/main/org/apache/tools/ant/taskdefs/optional/ejb/BorlandDeploymentTool.java,444.0,17.0,260.0,25.0,112.0,76.0,1,0.002881844380403458,705.4655172413793,59535.65086429875,1,true
src/main/org/apache/tools/ant/taskdefs/optional/ejb/BorlandGenerateClient.java,232.0,8.0,22.0,13.0,43.0,40.0,0,0.0,0.0,0.0,0,true
src/main/org/apache/tools/ant/taskdefs/optional/ejb/DDCreator.java,81.0,8.0,0.0,4.0,13.0,8.0,0,0.0,0.0,0.0,0,true
src/main/org/apache/tools/ant/taskdefs/optional/ejb/DDCreatorHelper.java,91.0,4.0,4.0,4.0,12.0,15.0,0,0.0,0.0,0.0,0,true
src/main/org/apache/tools/ant/taskdefs/optional/ejb/DescriptorHandler.java,297.0,12.0,19.0,11.0,20.0,39.0,1,0.002881844380403458,705.4655172413793,59535.65086429875,1,false
src/main/org/apache/tools/ant/taskdefs/optional/ejb/EJBDeploymentTool.java,28.0,3.0,6.0,4.0,0.0,9.0,1,0.002881844380403458,705.4655172413793,59535.65086429875,1,false
src/main/org/apache/tools/ant/taskdefs/optional/ejb/EjbJar.java,483.0,15.0,153.0,27.0,47.0,73.0,0,0.0,0.0,0.0,0,true
src/main/org/apache/tools/ant/taskdefs/optional/ejb/Ejbc.java,131.0,8.0,12.0,8.0,16.0,16.0,1,0.002881844380403458,705.4655172413793,59535.65086429875,1,true
src/main/org/apache/tools/ant/taskdefs/optional/ejb/EjbcHelper.java,171.0,9.0,7.0,6.0,28.0,26.0,1,0.002881844380403458,705.4655172413793,59535.65086429875,1,true
src/main/org/apache/tools/ant/taskdefs/optional/ejb/GenericDeploymentTool.java,718.0,24.0,314.0,33.0,145.0,112.0,1,0.002881844380403458,705.4655172413793,59535.65086429875,1,true
src/main/org/apache/tools/ant/taskdefs/optional/ejb/IPlanetDeploymentTool.java,256.0,7.0,52.0,12.0,40.0,37.0,1,0.002881844380403458,705.4655172413793,59535.65086429875,1,true
src/main/org/apache/tools/ant/taskdefs/optional/ejb/IPlanetEjbc.java,1089.0,21.0,76.0,16.0,63.0,57.0,1,0.002881844380403458,705.4655172413793,59535.65086429875,1,true
src/main/org/apache/tools/ant/taskdefs/optional/ejb/IPlanetEjbcTask.java,245.0,9.0,50.0,13.0,25.0,40.0,0,0.0,0.0,0.0,0,true
src/main/org/apache/tools/ant/taskdefs/optional/ejb/InnerClassFilenameFilter.java,29.0,2.0,0.0,2.0,5.0,5.0,1,0.002881844380403458,705.4655172413793,59535.65086429875,1,false
src/main/org/apache/tools/ant/taskdefs/optional/ejb/JbossDeploymentTool.java,77.0,4.0,8.0,5.0,12.0,16.0,1,0.002881844380403458,705.4655172413793,59535.65086429875,1,true
src/main/org/apache/tools/ant/taskdefs/optional/ejb/JonasDeploymentTool.java,583.0,10.0,295.0,27.0,82.0,72.0,1,0.002881844380403458,705.4655172413793,59535.65086429875,1,true
src/main/org/apache/tools/ant/taskdefs/optional/ejb/WeblogicDeploymentTool.java,707.0,22.0,413.0,31.0,115.0,83.0,1,0.002881844380403458,705.4655172413793,59535.65086429875,1,true
src/main/org/apache/tools/ant/taskdefs/optional/ejb/WeblogicTOPLinkDeploymentTool.java,68.0,4.0,2.0,5.0,6.0,14.0,1,0.002881844380403458,705.4655172413793,59535.65086429875,1,false
src/main/org/apache/tools/ant/taskdefs/optional/ejb/WebsphereDeploymentTool.java,679.0,16.0,436.0,32.0,97.0,79.0,1,0.002881844380403458,705.4655172413793,59535.65086429875,1,true
src/main/org/apache/tools/ant/taskdefs/optional/extension/DeweyDecimal.java,26.0,0.0,1.0,2.0,0.0,5.0,0,0.0,0.0,0.0,0,true
src/main/org/apache/tools/ant/taskdefs/optional/extension/Extension.java,496.0,7.0,165.0,22.0,52.0,65.0,1,0.002881844380403458,705.4655172413793,59535.65086429875,1,true
src/main/org/apache/tools/ant/taskdefs/optional/extension/ExtensionAdapter.java,158.0,3.0,25.0,11.0,16.0,27.0,1,0.002881844380403458,705.4655172413793,59535.65086429875,1,true
src/main/org/apache/tools/ant/taskdefs/optional/extension/ExtensionSet.java,78.0,7.0,0.0,6.0,16.0,13.0,1,0.002881844380403458,705.4655172413793,59535.65086429875,1,true
src/main/org/apache/tools/ant/taskdefs/optional/extension/JarLibManifestTask.java,219.0,11.0,46.0,12.0,42.0,36.0,1,0.002881844380403458,348.40000000000003,1810.194460646937,1,true
src/main/org/apache/tools/ant/taskdefs/optional/extension/JarLibResolveTask.java,200.0,9.0,22.0,12.0,27.0,36.0,0,0.0,0.0,0.0,0,true
src/main/org/apache/tools/ant/taskdefs/optional/extension/Specification.java,416.0,8.0,99.0,19.0,58.0,65.0,0,0.0,0.0,0.0,0,true
src/main/org/apache/tools/ant/taskdefs/optional/image/Image.java,235.0,18.0,53.0,15.0,39.0,31.0,1,0.002881844380403458,705.4655172413793,59535.65086429875,1,true
src/main/org/apache/tools/ant/taskdefs/optional/j2ee/GenericHotDeploymentTool.java,109.0,3.0,4.0,9.0,11.0,22.0,1,0.002881844380403458,705.4655172413793,59535.65086429875,1,true
src/main/org/apache/tools/ant/taskdefs/optional/j2ee/HotDeploymentTool.java,42.0,1.0,3.0,3.0,0.0,8.0,1,0.002881844380403458,705.4655172413793,59535.65086429875,1,true
src/main/org/apache/tools/ant/taskdefs/optional/j2ee/WebLogicHotDeploymentTool.java,174.0,2.0,39.0,11.0,40.0,36.0,1,0.002881844380403458,705.4655172413793,59535.65086429875,1,true
src/main/org/apache/tools/ant/taskdefs/optional/javacc/JJDoc.java,133.0,13.0,14.0,8.0,38.0,17.0,1,0.002881844380403458,348.40000000000003,1810.194460646937,1,true
src/main/org/apache/tools/ant/taskdefs/optional/javacc/JJTree.java,278.0,13.0,89.0,22.0,69.0,45.0,1,0.002881844380403458,348.40000000000003,1810.194460646937,1,true
src/main/org/apache/tools/ant/taskdefs/optional/javacc/JavaCC.java,410.0,13.0,10.0,33.0,66.0,65.0,0,0.0,0.0,0.0,0,true
src/main/org/apache/tools/ant/taskdefs/optional/javah/JavahAdapter.java,14.0,2.0,0.0,1.0,0.0,5.0,1,0.002881844380403458,705.4655172413793,59535.65086429875,1,false
src/main/org/apache/tools/ant/taskdefs/optional/javah/JavahAdapterFactory.java,50.0,4.0,3.0,3.0,6.0,13.0,1,0.002881844380403458,705.4655172413793,59535.65086429875,1,true
src/main/org/apache/tools/ant/taskdefs/optional/javah/Kaffeh.java,60.0,6.0,1.0,2.0,23.0,9.0,1,0.002881844380403458,705.4655172413793,59535.65086429875,1,false
src/main/org/apache/tools/ant/taskdefs/optional/javah/SunJavah.java,82.0,7.0,1.0,2.0,31.0,12.0,1,0.002881844380403458,705.4655172413793,59535.65086429875,1,false
src/main/org/apache/tools/ant/taskdefs/optional/jlink/ClassNameReader.java,57.0,4.0,0.0,1.0,7.0,6.0,1,0.002881844380403458,705.4655172413793,59535.65086429875,1,true
src/main/org/apache/tools/ant/taskdefs/optional/jlink/jlink.java,290.0,14.0,102.0,16.0,87.0,67.0,1,0.002881844380403458,705.4655172413793,59535.65086429875,1,true
src/main/org/apache/tools/ant/taskdefs/optional/jsp/Jasper41Mangler.java,61.0,1.0,3.0,3.0,12.0,11.0,1,0.002881844380403458,705.4655172413793,59535.65086429875,1,true
src/main/org/apache/tools/ant/taskdefs/optional/jsp/JspC.java,544.0,12.0,734.0,41.0,58.0,102.0,1,0.002881844380403458,705.4655172413793,59535.65086429875,1,true
src/main/org/apache/tools/ant/taskdefs/optional/jsp/JspMangler.java,21.0,1.0,1.0,2.0,0.0,4.0,1,0.002881844380403458,705.4655172413793,59535.65086429875,1,false
src/main/org/apache/tools/ant/taskdefs/optional/jsp/JspNameMangler.java,100.0,1.0,10.0,5.0,17.0,18.0,1,0.002881844380403458,705.4655172413793,59535.65086429875,1,true
src/main/org/apache/tools/ant/taskdefs/optional/jsp/WLJspc.java,222.0,10.0,10.0,8.0,41.0,25.0,1,0.002881844380403458,705.4655172413793,59535.65086429875,1,true
src/main/org/apache/tools/ant/taskdefs/optional/jsp/compilers/DefaultJspCompilerAdapter.java,100.0,6.0,26.0,8.0,20.0,19.0,1,0.002881844380403458,705.4655172413793,59535.65086429875,1,true
src/main/org/apache/tools/ant/taskdefs/optional/jsp/compilers/JasperC.java,129.0,9.0,13.0,6.0,47.0,24.0,1,0.002881844380403458,705.4655172413793,59535.65086429875,1,true
src/main/org/apache/tools/ant/taskdefs/optional/junit/AggregateTransformer.java,271.0,24.0,40.0,13.0,54.0,41.0,0,0.0,0.0,0.0,0,true
src/main/org/apache/tools/ant/taskdefs/optional/junit/BaseTest.java,147.0,2.0,122.0,17.0,2.0,33.0,0,0.0,0.0,0.0,0,true
src/main/org/apache/tools/ant/taskdefs/optional/junit/BatchTest.java,150.0,9.0,32.0,9.0,39.0,28.0,0,0.0,0.0,0.0,0,true
src/main/org/apache/tools/ant/taskdefs/optional/junit/BriefJUnitResultFormatter.java,180.0,8.0,60.0,13.0,25.0,32.0,0,0.0,0.0,0.0,0,true
src/main/org/apache/tools/ant/taskdefs/optional/junit/Constants.java,17.0,0.0,0.0,0.0,0.0,0.0,1,0.002881844380403458,348.40000000000003,1810.194460646937,1,true
src/main/org/apache/tools/ant/taskdefs/optional/junit/DOMUtil.java,181.0,12.0,10.0,5.0,35.0,22.0,0,0.0,0.0,0.0,0,true
src/main/org/apache/tools/ant/taskdefs/optional/junit/FormatterElement.java,230.0,7.0,65.0,14.0,11.0,49.0,0,0.0,0.0,0.0,0,true
src/main/org/apache/tools/ant/taskdefs/optional/junit/JUnitResultFormatter.java,33.0,3.0,10.0,5.0,0.0,8.0,0,0.0,0.0,0.0,0,true
src/main/org/apache/tools/ant/taskdefs/optional/junit/JUnitTask.java,1431.0,38.0,1721.0,62.0,285.0,219.0,3,0.008645533141210375,838.4655172413793,59987.033714036166,3,true
src/main/org/apache/tools/ant/taskdefs/optional/junit/JUnitTaskMirror.java,135.0,4.0,3.0,3.0,0.0,9.0,0,0.0,0.0,0.0,0,true
src/main/org/apache/tools/ant/taskdefs/optional/junit/JUnitTaskMirrorImpl.java,66.0,5.0,6.0,4.0,5.0,7.0,0,0.0,0.0,0.0,0,true
src/main/org/apache/tools/ant/taskdefs/optional/junit/JUnitTest.java,188.0,5.0,147.0,19.0,12.0,38.0,0,0.0,0.0,0.0,0,true
src/main/org/apache/tools/ant/taskdefs/optional/junit/JUnitTestRunner.java,817.0,28.0,1138.0,52.0,158.0,143.0,0,0.0,0.0,0.0,0,true
src/main/org/apache/tools/ant/taskdefs/optional/junit/JUnitVersionHelper.java,86.0,3.0,1.0,2.0,19.0,12.0,0,0.0,0.0,0.0,0,true
src/main/org/apache/tools/ant/taskdefs/optional/junit/PlainJUnitResultFormatter.java,184.0,11.0,36.0,12.0,37.0,31.0,0,0.0,0.0,0.0,0,true
src/main/org/apache/tools/ant/taskdefs/optional/junit/SummaryJUnitResultFormatter.java,141.0,6.0,50.0,12.0,21.0,21.0,0,0.0,0.0,0.0,0,true
src/main/org/apache/tools/ant/taskdefs/optional/junit/XMLConstants.java,128.0,0.0,0.0,0.0,0.0,0.0,0,0.0,0.0,0.0,0,true
src/main/org/apache/tools/ant/taskdefs/optional/junit/XMLJUnitResultFormatter.java,218.0,22.0,71.0,15.0,58.0,41.0,0,0.0,0.0,0.0,0,true
src/main/org/apache/tools/ant/taskdefs/optional/junit/XMLResultAggregator.java,249.0,22.0,45.0,11.0,55.0,39.0,0,0.0,0.0,0.0,0,true
src/main/org/apache/tools/ant/taskdefs/optional/junit/Xalan2Executor.java,55.0,9.0,1.0,3.0,12.0,12.0,0,0.0,0.0,0.0,0,true
src/main/org/apache/tools/ant/taskdefs/optional/junit/XalanExecutor.java,96.0,9.0,22.0,8.0,19.0,34.0,0,0.0,0.0,0.0,0,true
src/main/org/apache/tools/ant/taskdefs/optional/native2ascii/DefaultNative2Ascii.java,67.0,5.0,10.0,5.0,10.0,15.0,1,0.002881844380403458,705.4655172413793,59535.65086429875,1,false
src/main/org/apache/tools/ant/taskdefs/optional/native2ascii/KaffeNative2Ascii.java,49.0,5.0,3.0,3.0,8.0,12.0,1,0.002881844380403458,705.4655172413793,59535.65086429875,1,true
src/main/org/apache/tools/ant/taskdefs/optional/native2ascii/Native2AsciiAdapter.java,16.0,3.0,0.0,1.0,0.0,4.0,1,0.002881844380403458,705.4655172413793,59535.65086429875,1,false
src/main/org/apache/tools/ant/taskdefs/optional/native2ascii/Native2AsciiAdapterFactory.java,50.0,4.0,3.0,3.0,6.0,13.0,1,0.002881844380403458,705.4655172413793,59535.65086429875,1,true
src/main/org/apache/tools/ant/taskdefs/optional/native2ascii/SunNative2Ascii.java,40.0,5.0,1.0,2.0,9.0,9.0,1,0.002881844380403458,705.4655172413793,59535.65086429875,1,false
src/main/org/apache/tools/ant/taskdefs/optional/net/FTP.java,2127.0,38.0,1919.0,67.0,204.0,228.0,1,0.002881844380403458,705.4655172413793,59535.65086429875,1,true
src/main/org/apache/tools/ant/taskdefs/optional/net/FTPConfigurator.java,58.0,3.0,0.0,1.0,14.0,6.0,0,0.0,0.0,0.0,0,false
src/main/org/apache/tools/ant/taskdefs/optional/net/MimeMail.java,16.0,2.0,0.0,1.0,2.0,2.0,0,0.0,0.0,0.0,0,true
src/main/org/apache/tools/ant/taskdefs/optional/net/RExecTask.java,398.0,10.0,26.0,12.0,17.0,28.0,1,0.002881844380403458,705.4655172413793,59535.65086429875,1,true
src/main/org/apache/tools/ant/taskdefs/optional/net/SetProxy.java,214.0,7.0,25.0,10.0,10.0,17.0,1,0.002881844380403458,705.4655172413793,59535.65086429875,1,true
src/main/org/apache/tools/ant/taskdefs/optional/net/TelnetTask.java,317.0,10.0,21.0,10.0,13.0,23.0,1,0.002881844380403458,705.4655172413793,59535.65086429875,1,true
src/main/org/apache/tools/ant/taskdefs/optional/perforce/P4Base.java,247.0,6.0,69.0,14.0,21.0,36.0,1,0.002881844380403458,348.40000000000003,1810.194460646937,1,true
src/main/org/apache/tools/ant/taskdefs/optional/perforce/P4Change.java,99.0,2.0,9.0,6.0,30.0,29.0,0,0.0,0.0,0.0,0,true
src/main/org/apache/tools/ant/taskdefs/optional/perforce/P4Counter.java,103.0,2.0,0.0,5.0,9.0,15.0,0,0.0,0.0,0.0,0,true
src/main/org/apache/tools/ant/taskdefs/optional/perforce/P4Delete.java,36.0,1.0,0.0,2.0,1.0,5.0,0,0.0,0.0,0.0,0,true
src/main/org/apache/tools/ant/taskdefs/optional/perforce/P4Edit.java,37.0,1.0,0.0,2.0,1.0,4.0,0,0.0,0.0,0.0,0,true
src/main/org/apache/tools/ant/taskdefs/optional/perforce/P4HandlerAdapter.java,76.0,6.0,9.0,7.0,7.0,18.0,0,0.0,0.0,0.0,0,true
src/main/org/apache/tools/ant/taskdefs/optional/perforce/P4Label.java,105.0,5.0,18.0,8.0,16.0,15.0,0,0.0,0.0,0.0,0,true
src/main/org/apache/tools/ant/taskdefs/optional/perforce/P4Labelsync.java,102.0,3.0,20.0,8.0,7.0,19.0,0,0.0,0.0,0.0,0,true
src/main/org/apache/tools/ant/taskdefs/optional/perforce/P4Submit.java,111.0,3.0,4.0,4.0,1.0,10.0,0,0.0,0.0,0.0,0,true
src/main/org/apache/tools/ant/taskdefs/optional/perforce/P4Sync.java,60.0,2.0,0.0,3.0,5.0,13.0,0,0.0,0.0,0.0,0,true
src/main/org/apache/tools/ant/taskdefs/optional/perforce/SimpleP4OutputHandler.java,41.0,3.0,0.0,2.0,7.0,8.0,0,0.0,0.0,0.0,0,true
src/main/org/apache/tools/ant/taskdefs/optional/pvcs/Pvcs.java,544.0,21.0,528.0,36.0,76.0,92.0,1,0.002881844380403458,705.4655172413793,59535.65086429875,1,true
src/main/org/apache/tools/ant/taskdefs/optional/pvcs/PvcsProject.java,26.0,0.0,1.0,3.0,0.0,4.0,1,0.002881844380403458,705.4655172413793,59535.65086429875,1,false
src/main/org/apache/tools/ant/taskdefs/optional/scm/AntStarTeamCheckOut.java,781.0,12.0,853.0,43.0,112.0,128.0,1,0.002881844380403458,705.4655172413793,59535.65086429875,1,true
src/main/org/apache/tools/ant/taskdefs/optional/script/ScriptDef.java,279.0,19.0,22.0,13.0,43.0,27.0,1,0.002881844380403458,705.4655172413793,59535.65086429875,1,true
src/main/org/apache/tools/ant/taskdefs/optional/script/ScriptDefBase.java,88.0,8.0,15.0,7.0,17.0,19.0,0,0.0,0.0,0.0,0,true
src/main/org/apache/tools/ant/taskdefs/optional/sos/SOS.java,368.0,9.0,628.0,37.0,41.0,91.0,1,0.002881844380403458,705.4655172413793,59535.65086429875,1,true
src/main/org/apache/tools/ant/taskdefs/optional/sound/AntSoundPlayer.java,172.0,15.0,87.0,14.0,24.0,34.0,1,0.002881844380403458,705.4655172413793,59535.65086429875,1,true
src/main/org/apache/tools/ant/taskdefs/optional/splash/SplashTask.java,181.0,11.0,22.0,9.0,30.0,18.0,0,0.0,0.0,0.0,0,true
src/main/org/apache/tools/ant/taskdefs/optional/ssh/AbstractSshMessage.java,197.0,11.0,71.0,14.0,18.0,37.0,1,0.002881844380403458,705.4655172413793,59535.65086429875,1,true
src/main/org/apache/tools/ant/taskdefs/optional/ssh/SSHUserInfo.java,167.0,2.0,144.0,20.0,0.0,40.0,1,0.002881844380403458,705.4655172413793,59535.65086429875,1,true
src/main/org/apache/tools/ant/taskdefs/optional/ssh/Scp.java,326.0,12.0,183.0,22.0,76.0,68.0,2,0.005763688760806916,813.9099616858238,59945.47191194983,2,true
src/main/org/apache/tools/ant/taskdefs/optional/ssh/ScpFromMessage.java,167.0,10.0,6.0,9.0,39.0,32.0,0,0.0,0.0,0.0,0,true
src/main/org/apache/tools/ant/taskdefs/optional/ssh/ScpFromMessageBySftp.java,121.0,8.0,0.0,5.0,41.0,20.0,1,0.002881844380403458,705.4655172413793,59535.65086429875,1,true
src/main/org/apache/tools/ant/taskdefs/optional/ssh/ScpToMessageBySftp.java,175.0,9.0,34.0,13.0,38.0,40.0,1,0.002881844380403458,705.4655172413793,59535.65086429875,1,true
src/main/org/apache/tools/ant/taskdefs/optional/starteam/StarTeamCheckout.java,445.0,11.0,113.0,18.0,70.0,64.0,1,0.002881844380403458,705.4655172413793,59535.65086429875,1,true
src/main/org/apache/tools/ant/taskdefs/optional/starteam/StarTeamLabel.java,130.0,7.0,11.0,7.0,6.0,18.0,1,0.002881844380403458,705.4655172413793,59535.65086429875,1,true
src/main/org/apache/tools/ant/taskdefs/optional/starteam/TreeBasedTask.java,643.0,16.0,629.0,39.0,57.0,125.0,1,0.002881844380403458,705.4655172413793,59535.65086429875,1,true
src/main/org/apache/tools/ant/taskdefs/optional/unix/Symlink.java,465.0,23.0,154.0,21.0,93.0,77.0,1,0.002881844380403458,705.4655172413793,59535.65086429875,1,true
src/main/org/apache/tools/ant/taskdefs/optional/vss/MSVSS.java,715.0,15.0,1361.0,54.0,57.0,138.0,0,0.0,0.0,0.0,0,true
src/main/org/apache/tools/ant/taskdefs/optional/vss/MSVSSConstants.java,197.0,0.0,0.0,0.0,0.0,0.0,0,0.0,0.0,0.0,0,true
src/main/org/apache/tools/ant/taskdefs/rmic/DefaultRmicAdapter.java,311.0,8.0,44.0,12.0,39.0,32.0,2,0.005763688760806916,740.4655172413793,59657.87699116522,2,true
src/main/org/apache/tools/ant/taskdefs/rmic/ForkingSunRmic.java,44.0,8.0,1.0,2.0,13.0,7.0,0,0.0,0.0,0.0,0,false
src/main/org/apache/tools/ant/taskdefs/rmic/KaffeRmic.java,60.0,4.0,1.0,3.0,17.0,14.0,1,0.002881844380403458,705.4655172413793,59535.65086429875,1,true
src/main/org/apache/tools/ant/taskdefs/rmic/RmicAdapter.java,34.0,4.0,6.0,4.0,0.0,9.0,1,0.002881844380403458,705.4655172413793,59535.65086429875,1,true
src/main/org/apache/tools/ant/taskdefs/rmic/RmicAdapterFactory.java,73.0,4.0,3.0,3.0,7.0,11.0,1,0.002881844380403458,705.4655172413793,59535.65086429875,1,true
src/main/org/apache/tools/ant/taskdefs/rmic/XNewRmic.java,27.0,1.0,1.0,2.0,0.0,3.0,2,0.005763688760806916,1053.8655172413794,61345.84532494568,2,true
src/main/org/apache/tools/ant/types/AbstractFileSet.java,657.0,28.0,1205.0,59.0,179.0,162.0,1,0.002881844380403458,705.4655172413793,59535.65086429875,1,true
src/main/org/apache/tools/ant/types/ArchiveFileSet.java,419.0,7.0,391.0,34.0,77.0,101.0,1,0.002881844380403458,705.4655172413793,59535.65086429875,1,true
src/main/org/apache/tools/ant/types/ArchiveScanner.java,246.0,8.0,8.0,16.0,42.0,47.0,1,0.002881844380403458,705.4655172413793,59535.65086429875,1,true
src/main/org/apache/tools/ant/types/Commandline.java,522.0,12.0,308.0,28.0,58.0,88.0,1,0.002881844380403458,705.4655172413793,59535.65086429875,1,true
src/main/org/apache/tools/ant/types/CommandlineJava.java,587.0,9.0,521.0,39.0,67.0,90.0,1,0.002881844380403458,705.4655172413793,59535.65086429875,1,true
src/main/org/apache/tools/ant/types/DataType.java,263.0,6.0,172.0,21.0,40.0,71.0,2,0.005763688760806916,813.9099616858238,59945.47191194983,2,true
src/main/org/apache/tools/ant/types/EnumeratedAttribute.java,113.0,1.0,14.0,9.0,8.0,28.0,1,0.002881844380403458,705.4655172413793,59535.65086429875,1,true
src/main/org/apache/tools/ant/types/Environment.java,131.0,2.0,0.0,4.0,4.0,10.0,1,0.002881844380403458,705.4655172413793,59535.65086429875,1,true
src/main/org/apache/tools/ant/types/FilterSet.java,507.0,9.0,264.0,25.0,97.0,89.0,1,0.002881844380403458,108.44444444444444,409.82104765108613,1,true
src/main/org/apache/tools/ant/types/LogLevel.java,52.0,1.0,6.0,4.0,2.0,7.0,1,0.002881844380403458,705.4655172413793,59535.65086429875,1,false
src/main/org/apache/tools/ant/types/Mapper.java,236.0,6.0,65.0,15.0,45.0,48.0,2,0.005763688760806916,813.9099616858238,59945.47191194983,2,true
src/main/org/apache/tools/ant/types/Path.java,565.0,13.0,454.0,33.0,121.0,115.0,2,0.005763688760806916,813.9099616858238,59945.47191194983,2,true
src/main/org/apache/tools/ant/types/PatternSet.java,423.0,9.0,155.0,22.0,93.0,83.0,0,0.0,0.0,0.0,0,true
src/main/org/apache/tools/ant/types/PropertySet.java,420.0,15.0,313.0,26.0,100.0,62.0,0,0.0,0.0,0.0,0,true
src/main/org/apache/tools/ant/types/Quantifier.java,130.0,1.0,45.0,10.0,4.0,24.0,1,0.002881844380403458,705.4655172413793,59535.65086429875,1,false
src/main/org/apache/tools/ant/types/Reference.java,96.0,2.0,14.0,9.0,5.0,18.0,0,0.0,0.0,0.0,0,true
src/main/org/apache/tools/ant/types/Resource.java,344.0,6.0,331.0,31.0,70.0,91.0,1,0.002881844380403458,705.4655172413793,59535.65086429875,1,true
src/main/org/apache/tools/ant/types/ResourceCollection.java,25.0,1.0,3.0,3.0,0.0,6.0,1,0.002881844380403458,705.4655172413793,59535.65086429875,1,true
src/main/org/apache/tools/ant/types/TarFileSet.java,220.0,2.0,162.0,21.0,35.0,55.0,1,0.002881844380403458,705.4655172413793,59535.65086429875,1,true
src/main/org/apache/tools/ant/types/XMLCatalog.java,771.0,24.0,221.0,23.0,127.0,94.0,1,0.002881844380403458,705.4655172413793,59535.65086429875,1,true
src/main/org/apache/tools/ant/types/ZipFileSet.java,113.0,2.0,24.0,9.0,20.0,27.0,1,0.002881844380403458,705.4655172413793,59535.65086429875,1,true
src/main/org/apache/tools/ant/types/optional/AbstractScriptComponent.java,97.0,7.0,0.0,11.0,13.0,19.0,1,0.002881844380403458,705.4655172413793,59535.65086429875,1,false
src/main/org/apache/tools/ant/types/optional/ScriptFilter.java,119.0,8.0,0.0,12.0,13.0,21.0,2,0.005763688760806916,749.9655172413793,59613.25745294432,2,true
src/main/org/apache/tools/ant/types/optional/ScriptMapper.java,57.0,2.0,4.0,5.0,8.0,11.0,1,0.002881844380403458,705.4655172413793,59535.65086429875,1,false
src/main/org/apache/tools/ant/types/optional/ScriptSelector.java,162.0,8.0,16.0,16.0,15.0,32.0,1,0.002881844380403458,705.4655172413793,59535.65086429875,1,false
src/main/org/apache/tools/ant/types/optional/depend/DependScanner.java,151.0,8.0,95.0,15.0,18.0,34.0,1,0.002881844380403458,705.4655172413793,59535.65086429875,1,true
src/main/org/apache/tools/ant/types/optional/image/Arc.java,84.0,5.0,5.0,6.0,16.0,12.0,1,0.002881844380403458,705.4655172413793,59535.65086429875,1,true
src/main/org/apache/tools/ant/types/optional/image/BasicShape.java,29.0,0.0,3.0,3.0,0.0,3.0,1,0.002881844380403458,705.4655172413793,59535.65086429875,1,false
src/main/org/apache/tools/ant/types/optional/image/ColorMapper.java,123.0,1.0,1.0,2.0,2.0,6.0,1,0.002881844380403458,705.4655172413793,59535.65086429875,1,true
src/main/org/apache/tools/ant/types/optional/image/Draw.java,71.0,3.0,17.0,7.0,13.0,11.0,1,0.002881844380403458,705.4655172413793,59535.65086429875,1,true
src/main/org/apache/tools/ant/types/optional/image/Ellipse.java,52.0,5.0,0.0,3.0,14.0,7.0,1,0.002881844380403458,705.4655172413793,59535.65086429875,1,true
src/main/org/apache/tools/ant/types/optional/image/ImageOperation.java,41.0,2.0,0.0,5.0,5.0,5.0,1,0.002881844380403458,705.4655172413793,59535.65086429875,1,true
src/main/org/apache/tools/ant/types/optional/image/Rectangle.java,78.0,4.0,2.0,5.0,17.0,9.0,1,0.002881844380403458,705.4655172413793,59535.65086429875,1,true
src/main/org/apache/tools/ant/types/optional/image/Rotate.java,77.0,6.0,4.0,4.0,17.0,13.0,1,0.002881844380403458,705.4655172413793,59535.65086429875,1,true
src/main/org/apache/tools/ant/types/optional/image/Scale.java,144.0,5.0,16.0,8.0,25.0,25.0,1,0.002881844380403458,705.4655172413793,59535.65086429875,1,true
src/main/org/apache/tools/ant/types/optional/image/Text.java,81.0,7.0,13.0,7.0,13.0,8.0,1,0.002881844380403458,705.4655172413793,59535.65086429875,1,true
src/main/org/apache/tools/ant/types/optional/image/TransformOperation.java,17.0,1.0,1.0,2.0,1.0,4.0,1,0.002881844380403458,705.4655172413793,59535.65086429875,1,true
src/main/org/apache/tools/ant/types/resources/BZip2Resource.java,54.0,5.0,8.0,5.0,2.0,14.0,1,0.002881844380403458,705.4655172413793,59535.65086429875,1,false
src/main/org/apache/tools/ant/types/resources/BaseResourceCollectionContainer.java,199.0,11.0,45.0,14.0,57.0,51.0,2,0.005763688760806916,813.9099616858238,59945.47191194983,2,true
src/main/org/apache/tools/ant/types/resources/BaseResourceCollectionWrapper.java,153.0,8.0,50.0,12.0,42.0,38.0,2,0.005763688760806916,813.9099616858238,59945.47191194983,2,true
src/main/org/apache/tools/ant/types/resources/CompressedResource.java,237.0,8.0,270.0,24.0,34.0,75.0,0,0.0,0.0,0.0,0,false
src/main/org/apache/tools/ant/types/resources/FailFast.java,97.0,6.0,4.0,8.0,17.0,21.0,1,0.002881844380403458,705.4655172413793,59535.65086429875,1,true
src/main/org/apache/tools/ant/types/resources/FileResource.java,254.0,11.0,229.0,23.0,82.0,68.0,0,0.0,0.0,0.0,0,true
src/main/org/apache/tools/ant/types/resources/FileResourceIterator.java,75.0,3.0,20.0,8.0,4.0,17.0,1,0.002881844380403458,348.40000000000003,1810.194460646937,1,true
src/main/org/apache/tools/ant/types/resources/Files.java,411.0,12.0,60.0,33.0,113.0,96.0,1,0.002881844380403458,705.4655172413793,59535.65086429875,1,true
src/main/org/apache/tools/ant/types/resources/GZipResource.java,45.0,5.0,10.0,5.0,0.0,12.0,1,0.002881844380403458,705.4655172413793,59535.65086429875,1,false
src/main/org/apache/tools/ant/types/resources/PropertyResource.java,108.0,7.0,45.0,10.0,31.0,32.0,0,0.0,0.0,0.0,0,false
src/main/org/apache/tools/ant/types/resources/Resources.java,190.0,13.0,83.0,15.0,40.0,41.0,2,0.005763688760806916,813.9099616858238,59945.47191194983,2,true
src/main/org/apache/tools/ant/types/resources/Restrict.java,110.0,7.0,0.0,9.0,29.0,26.0,0,0.0,0.0,0.0,0,true
src/main/org/apache/tools/ant/types/resources/Sort.java,104.0,14.0,0.0,3.0,13.0,12.0,2,0.005763688760806916,793.9655172413793,59909.42712539059,2,true
src/main/org/apache/tools/ant/types/resources/StringResource.java,160.0,9.0,100.0,16.0,37.0,45.0,0,0.0,0.0,0.0,0,true
src/main/org/apache/tools/ant/types/resources/TarResource.java,149.0,10.0,45.0,11.0,50.0,42.0,0,0.0,0.0,0.0,0,false
src/main/org/apache/tools/ant/types/resources/Tokens.java,89.0,14.0,0.0,4.0,12.0,16.0,1,0.002881844380403458,705.4655172413793,59535.65086429875,1,false
src/main/org/apache/tools/ant/types/resources/Touchable.java,13.0,0.0,0.0,1.0,0.0,2.0,1,0.002881844380403458,705.4655172413793,59535.65086429875,1,false
src/main/org/apache/tools/ant/types/resources/URLResource.java,301.0,15.0,195.0,22.0,68.0,70.0,0,0.0,0.0,0.0,0,true
src/main/org/apache/tools/ant/types/resources/Union.java,84.0,7.0,28.0,8.0,25.0,20.0,0,0.0,0.0,0.0,0,true
src/main/org/apache/tools/ant/types/resources/comparators/DelegatedResourceComparator.java,91.0,7.0,0.0,5.0,24.0,22.0,1,0.002881844380403458,705.4655172413793,59535.65086429875,1,false
src/main/org/apache/tools/ant/types/resources/comparators/ResourceComparator.java,51.0,3.0,6.0,4.0,12.0,14.0,1,0.002881844380403458,705.4655172413793,59535.65086429875,1,true
src/main/org/apache/tools/ant/types/resources/selectors/Compare.java,104.0,12.0,7.0,7.0,23.0,26.0,1,0.002881844380403458,705.4655172413793,59535.65086429875,1,true
src/main/org/apache/tools/ant/types/resources/selectors/ResourceSelector.java,12.0,1.0,0.0,1.0,0.0,3.0,1,0.002881844380403458,705.4655172413793,59535.65086429875,1,false
src/main/org/apache/tools/ant/types/resources/selectors/ResourceSelectorContainer.java,92.0,7.0,1.0,7.0,29.0,23.0,1,0.002881844380403458,705.4655172413793,59535.65086429875,1,false
src/main/org/apache/tools/ant/types/selectors/BaseExtendSelector.java,46.0,3.0,4.0,4.0,0.0,11.0,1,0.002881844380403458,705.4655172413793,59535.65086429875,1,true
src/main/org/apache/tools/ant/types/selectors/BaseSelector.java,67.0,3.0,9.0,6.0,5.0,17.0,0,0.0,0.0,0.0,0,true
src/main/org/apache/tools/ant/types/selectors/ContainsRegexpSelector.java,118.0,11.0,9.0,7.0,19.0,18.0,1,0.002881844380403458,705.4655172413793,59535.65086429875,1,true
src/main/org/apache/tools/ant/types/selectors/ContainsSelector.java,159.0,11.0,16.0,9.0,21.0,25.0,1,0.002881844380403458,705.4655172413793,59535.65086429875,1,true
src/main/org/apache/tools/ant/types/selectors/DepthSelector.java,138.0,4.0,3.0,7.0,15.0,24.0,1,0.002881844380403458,705.4655172413793,59535.65086429875,1,true
src/main/org/apache/tools/ant/types/selectors/MappingSelector.java,96.0,6.0,11.0,7.0,8.0,21.0,1,0.002881844380403458,705.4655172413793,59535.65086429875,1,true
src/main/org/apache/tools/ant/types/selectors/SelectorUtils.java,550.0,5.0,134.0,17.0,40.0,76.0,0,0.0,0.0,0.0,0,true
src/main/org/apache/tools/ant/types/selectors/SignedSelector.java,30.0,3.0,0.0,2.0,6.0,5.0,1,0.002881844380403458,705.4655172413793,59535.65086429875,1,true
src/main/org/apache/tools/ant/types/selectors/modifiedselector/ChecksumAlgorithm.java,97.0,9.0,0.0,5.0,12.0,19.0,1,0.002881844380403458,348.40000000000003,1810.194460646937,1,false
src/main/org/apache/tools/ant/types/selectors/modifiedselector/DigestAlgorithm.java,148.0,7.0,0.0,6.0,15.0,22.0,1,0.002881844380403458,348.40000000000003,1810.194460646937,1,true
src/main/org/apache/tools/ant/types/selectors/modifiedselector/ModifiedSelector.java,757.0,18.0,674.0,40.0,88.0,109.0,1,0.002881844380403458,705.4655172413793,59535.65086429875,1,true
src/main/org/apache/tools/ant/types/selectors/modifiedselector/PropertiesfileCache.java,172.0,9.0,0.0,12.0,25.0,31.0,1,0.002881844380403458,348.40000000000003,1810.194460646937,1,true
src/main/org/apache/tools/ant/types/spi/Provider.java,35.0,2.0,0.0,3.0,2.0,8.0,0,0.0,0.0,0.0,0,false
src/main/org/apache/tools/ant/types/spi/Service.java,79.0,11.0,0.0,6.0,14.0,14.0,1,0.002881844380403458,705.4655172413793,59535.65086429875,1,false
src/main/org/apache/tools/ant/util/Base64Converter.java,65.0,0.0,1.0,2.0,2.0,7.0,0,0.0,0.0,0.0,0,true
src/main/org/apache/tools/ant/util/ChainedMapper.java,32.0,4.0,0.0,1.0,11.0,4.0,0,0.0,0.0,0.0,0,false
src/main/org/apache/tools/ant/util/ClasspathUtils.java,348.0,7.0,45.0,10.0,18.0,40.0,1,0.002881844380403458,705.4655172413793,59535.65086429875,1,true
src/main/org/apache/tools/ant/util/CollectionUtils.java,155.0,5.0,55.0,11.0,20.0,28.0,1,0.002881844380403458,705.4655172413793,59535.65086429875,1,true
src/main/org/apache/tools/ant/util/CompositeMapper.java,23.0,3.0,0.0,1.0,9.0,4.0,0,0.0,0.0,0.0,0,false
src/main/org/apache/tools/ant/util/ConcatFileInputStream.java,99.0,8.0,16.0,9.0,10.0,28.0,0,0.0,0.0,0.0,0,false
src/main/org/apache/tools/ant/util/ConcatResourceInputStream.java,108.0,8.0,19.0,10.0,15.0,29.0,0,0.0,0.0,0.0,0,true
src/main/org/apache/tools/ant/util/DOMElementWriter.java,469.0,13.0,96.0,16.0,73.0,64.0,1,0.002881844380403458,705.4655172413793,59535.65086429875,1,true
src/main/org/apache/tools/ant/util/DOMUtils.java,115.0,4.0,15.0,6.0,15.0,8.0,1,0.002881844380403458,705.4655172413793,59535.65086429875,1,true
src/main/org/apache/tools/ant/util/DeweyDecimal.java,151.0,1.0,0.0,10.0,12.0,33.0,0,0.0,0.0,0.0,0,false
src/main/org/apache/tools/ant/util/FileTokenizer.java,22.0,3.0,1.0,2.0,1.0,6.0,0,0.0,0.0,0.0,0,false
src/main/org/apache/tools/ant/util/FileUtils.java,1182.0,26.0,1641.0,58.0,170.0,228.0,2,0.005763688760806916,733.4655172413793,59543.848774367725,2,true
src/main/org/apache/tools/ant/util/GlobPatternMapper.java,126.0,0.0,11.0,7.0,14.0,20.0,0,0.0,0.0,0.0,0,true
src/main/org/apache/tools/ant/util/IdentityStack.java,74.0,1.0,15.0,6.0,6.0,18.0,0,0.0,0.0,0.0,0,true
src/main/org/apache/tools/ant/util/JAXPUtils.java,187.0,11.0,55.0,11.0,27.0,47.0,1,0.002881844380403458,705.4655172413793,59535.65086429875,1,true
src/main/org/apache/tools/ant/util/JavaEnvUtils.java,364.0,7.0,83.0,15.0,17.0,53.0,3,0.008645533141210375,851.2988505747127,60060.72457522442,3,true
src/main/org/apache/tools/ant/util/LazyFileOutputStream.java,121.0,4.0,29.0,11.0,9.0,28.0,1,0.002881844380403458,705.4655172413793,59535.65086429875,1,false
src/main/org/apache/tools/ant/util/LazyHashtable.java,85.0,2.0,36.0,9.0,7.0,25.0,1,0.002881844380403458,705.4655172413793,59535.65086429875,1,false
src/main/org/apache/tools/ant/util/LeadPipeInputStream.java,122.0,6.0,34.0,9.0,9.0,26.0,1,0.002881844380403458,705.4655172413793,59535.65086429875,1,true
src/main/org/apache/tools/ant/util/LineOrientedOutputStream.java,105.0,3.0,0.0,6.0,10.0,21.0,0,0.0,0.0,0.0,0,true
src/main/org/apache/tools/ant/util/LoaderUtils.java,93.0,3.0,28.0,8.0,14.0,23.0,1,0.002881844380403458,705.4655172413793,59535.65086429875,1,true
src/main/org/apache/tools/ant/util/MergingMapper.java,30.0,0.0,1.0,3.0,0.0,4.0,0,0.0,0.0,0.0,0,true
src/main/org/apache/tools/ant/util/ProxySetup.java,116.0,1.0,0.0,3.0,6.0,8.0,0,0.0,0.0,0.0,0,true
src/main/org/apache/tools/ant/util/ReflectUtil.java,106.0,4.0,15.0,6.0,18.0,22.0,2,0.005763688760806916,762.7988505747127,59686.948314132576,2,true
src/main/org/apache/tools/ant/util/ReflectWrapper.java,69.0,1.0,0.0,6.0,7.0,13.0,1,0.002881844380403458,705.4655172413793,59535.65086429875,1,false
src/main/org/apache/tools/ant/util/RegexpPatternMapper.java,111.0,4.0,0.0,7.0,13.0,22.0,0,0.0,0.0,0.0,0,true
src/main/org/apache/tools/ant/util/ResourceUtils.java,445.0,33.0,66.0,12.0,73.0,55.0,2,0.005763688760806916,813.9099616858238,59945.47191194983,2,true
src/main/org/apache/tools/ant/util/RetryHandler.java,43.0,3.0,0.0,2.0,2.0,11.0,0,0.0,0.0,0.0,0,false
src/main/org/apache/tools/ant/util/Retryable.java,16.0,1.0,0.0,1.0,0.0,3.0,1,0.002881844380403458,705.4655172413793,59535.65086429875,1,false
src/main/org/apache/tools/ant/util/ScriptRunner.java,7.0,0.0,0.0,0.0,0.0,0.0,0,0.0,0.0,0.0,0,true
src/main/org/apache/tools/ant/util/ScriptRunnerBase.java,246.0,10.0,240.0,24.0,33.0,55.0,3,0.008645533141210375,1098.3655172413794,61423.451913591256,3,true
src/main/org/apache/tools/ant/util/ScriptRunnerCreator.java,94.0,2.0,0.0,3.0,11.0,15.0,2,0.005763688760806916,1053.8655172413794,61345.84532494568,2,false
src/main/org/apache/tools/ant/util/ScriptRunnerHelper.java,141.0,4.0,75.0,15.0,17.0,29.0,2,0.005763688760806916,1053.8655172413794,61345.84532494568,2,true
src/main/org/apache/tools/ant/util/SourceFileScanner.java,110.0,6.0,0.0,6.0,14.0,18.0,0,0.0,0.0,0.0,0,true
src/main/org/apache/tools/ant/util/StringTokenizer.java,126.0,3.0,9.0,7.0,8.0,20.0,0,0.0,0.0,0.0,0,false
src/main/org/apache/tools/ant/util/StringUtils.java,193.0,3.0,28.0,8.0,26.0,30.0,2,0.005763688760806916,762.7988505747127,59686.948314132576,2,true
src/main/org/apache/tools/ant/util/UUEncoder.java,97.0,4.0,7.0,6.0,10.0,17.0,0,0.0,0.0,0.0,0,false
src/main/org/apache/tools/ant/util/Watchdog.java,88.0,2.0,7.0,7.0,12.0,19.0,0,0.0,0.0,0.0,0,true
src/main/org/apache/tools/ant/util/WeakishReference.java,55.0,1.0,1.0,3.0,1.0,7.0,0,0.0,0.0,0.0,0,true
src/main/org/apache/tools/ant/util/XMLFragment.java,112.0,8.0,0.0,5.0,14.0,12.0,0,0.0,0.0,0.0,0,true
src/main/org/apache/tools/ant/util/XmlConstants.java,54.0,0.0,0.0,0.0,0.0,0.0,1,0.002881844380403458,705.4655172413793,59535.65086429875,1,false
src/main/org/apache/tools/ant/util/facade/ImplementationSpecificArgument.java,37.0,1.0,1.0,3.0,1.0,9.0,1,0.002881844380403458,348.40000000000003,1810.194460646937,1,true
src/main/org/apache/tools/ant/util/java15/ProxyDiagnostics.java,74.0,10.0,1.0,3.0,13.0,12.0,0,0.0,0.0,0.0,0,false
src/main/org/apache/tools/ant/util/java16/Java6FileUtils.java,5.0,2.0,0.0,1.0,1.0,2.0,1,0.002881844380403458,57.333333333333336,151.29744983383185,1,false
src/main/org/apache/tools/ant/util/optional/JavaxScriptRunner.java,96.0,5.0,4.0,5.0,23.0,21.0,2,0.005763688760806916,749.9655172413793,59613.25745294432,2,false
src/main/org/apache/tools/ant/util/optional/ScriptRunner.java,134.0,9.0,15.0,7.0,40.0,33.0,2,0.005763688760806916,749.9655172413793,59613.25745294432,2,true
src/main/org/apache/tools/ant/util/optional/WeakishReference12.java,21.0,1.0,0.0,1.0,0.0,1.0,1,0.002881844380403458,705.4655172413793,59535.65086429875,1,true
src/main/org/apache/tools/ant/util/regexp/JakartaOroMatcher.java,117.0,6.0,28.0,9.0,12.0,28.0,0,0.0,0.0,0.0,0,true
src/main/org/apache/tools/ant/util/regexp/RegexpFactory.java,79.0,3.0,6.0,4.0,7.0,16.0,1,0.002881844380403458,705.4655172413793,59535.65086429875,1,true
src/main/org/apache/tools/ant/util/regexp/RegexpMatcherFactory.java,93.0,5.0,15.0,6.0,10.0,24.0,1,0.002881844380403458,50.0,40.86047206194762,1,true
src/main/org/apache/tools/ant/util/regexp/RegexpUtil.java,23.0,0.0,1.0,2.0,0.0,5.0,1,0.002881844380403458,705.4655172413793,59535.65086429875,1,true
src/main/org/apache/tools/mail/SmtpResponseReader.java,64.0,4.0,2.0,5.0,14.0,16.0,1,0.002881844380403458,705.4655172413793,59535.65086429875,1,true
src/main/org/apache/tools/tar/TarConstants.java,106.0,0.0,0.0,0.0,0.0,0.0,0,0.0,0.0,0.0,0,true
src/main/org/apache/tools/tar/TarInputStream.java,281.0,4.0,69.0,15.0,24.0,48.0,1,0.002881844380403458,705.4655172413793,59535.65086429875,1,true
src/main/org/apache/tools/tar/TarOutputStream.java,250.0,3.0,41.0,15.0,22.0,40.0,1,0.002881844380403458,705.4655172413793,59535.65086429875,1,true
src/main/org/apache/tools/zip/JarMarker.java,75.0,1.0,24.0,8.0,0.0,20.0,1,0.002881844380403458,705.4655172413793,59535.65086429875,1,false
src/main/org/apache/tools/zip/UnrecognizedExtraField.java,100.0,0.0,22.0,9.0,4.0,18.0,1,0.002881844380403458,705.4655172413793,59535.65086429875,1,true
src/main/org/apache/tools/zip/ZipEntry.java,299.0,2.0,315.0,27.0,50.0,70.0,0,0.0,0.0,0.0,0,true
src/main/org/apache/tools/zip/ZipFile.java,397.0,12.0,76.0,16.0,49.0,68.0,1,0.002881844380403458,705.4655172413793,59535.65086429875,1,true
src/main/org/apache/tools/zip/ZipOutputStream.java,649.0,13.0,205.0,26.0,103.0,93.0,1,0.002881844380403458,705.4655172413793,59535.65086429875,1,true
src/tests/antunit/core/location/src/task/EchoLocation.java,5.0,2.0,0.0,1.0,3.0,1.0,1,0.002881844380403458,57.333333333333336,151.29744983383185,1,false
src/tests/antunit/core/uuencode/src/task/BaseTask.java,44.0,9.0,9.0,7.0,5.0,14.0,0,0.0,0.0,0.0,0,false
src/tests/antunit/core/uuencode/src/task/UUDecodeTask.java,8.0,3.0,0.0,1.0,1.0,2.0,0,0.0,0.0,0.0,0,false
src/tests/antunit/core/uuencode/src/task/UUEncodeTask.java,8.0,3.0,0.0,1.0,3.0,2.0,0,0.0,0.0,0.0,0,false
src/tests/antunit/taskdefs/optional/junit/src/ExampleTest.java,5.0,1.0,0.0,1.0,1.0,1.0,0,0.0,0.0,0.0,0,false
src/tests/junit/org/apache/tools/ant/AntClassLoaderDelegationTest.java,67.0,12.0,4.0,5.0,23.0,11.0,0,0.0,0.0,0.0,0,true
src/tests/junit/org/apache/tools/ant/IntrospectionHelperTest.java,574.0,13.0,1542.0,60.0,136.0,108.0,0,0.0,0.0,0.0,0,false
src/tests/junit/org/apache/tools/ant/ProjectComponentTest.java,21.0,1.0,1.0,2.0,9.0,3.0,1,0.002881844380403458,348.40000000000003,1810.194460646937,1,false
src/tests/junit/org/apache/tools/ant/ProjectTest.java,184.0,7.0,20.0,13.0,55.0,28.0,1,0.002881844380403458,88.5,373.7762610918445,1,false
src/tests/junit/org/apache/tools/ant/UnknownElementTest.java,35.0,3.0,1.0,2.0,2.0,3.0,0,0.0,0.0,0.0,0,false
src/tests/junit/org/apache/tools/ant/taskdefs/DeleteTest.java,61.0,1.0,171.0,19.0,18.0,21.0,0,0.0,0.0,0.0,0,true
src/tests/junit/org/apache/tools/ant/taskdefs/EchoTest.java,57.0,5.0,66.0,12.0,14.0,18.0,0,0.0,0.0,0.0,0,true
src/tests/junit/org/apache/tools/ant/taskdefs/ManifestClassPathTest.java,73.0,3.0,91.0,14.0,32.0,21.0,3,0.008645533141210375,486.90000000000003,2224.831193800729,3,true
src/tests/junit/org/apache/tools/ant/taskdefs/ManifestTest.java,251.0,9.0,258.0,25.0,88.0,68.0,0,0.0,0.0,0.0,0,false
src/tests/junit/org/apache/tools/ant/taskdefs/PropertyTest.java,71.0,3.0,55.0,11.0,28.0,23.0,0,0.0,0.0,0.0,0,true
src/tests/junit/org/apache/tools/ant/taskdefs/StyleTest.java,110.0,6.0,288.0,25.0,59.0,53.0,1,0.002881844380403458,348.40000000000003,1810.194460646937,1,false
src/tests/junit/org/apache/tools/ant/taskdefs/SubAntTest.java,84.0,5.0,36.0,9.0,18.0,12.0,1,0.002881844380403458,348.40000000000003,1810.194460646937,1,false
src/tests/junit/org/apache/tools/ant/taskdefs/SyncTest.java,96.0,1.0,120.0,16.0,76.0,17.0,1,0.002881844380403458,348.40000000000003,1810.194460646937,1,false
src/tests/junit/org/apache/tools/ant/taskdefs/condition/AntVersionTest.java,17.0,1.0,6.0,4.0,3.0,6.0,1,0.002881844380403458,348.40000000000003,1810.194460646937,1,false
src/tests/junit/org/apache/tools/ant/taskdefs/optional/EchoPropertiesTest.java,144.0,9.0,321.0,27.0,51.0,52.0,1,0.002881844380403458,50.0,40.86047206194762,1,true
src/tests/junit/org/apache/tools/ant/taskdefs/optional/JavahTest.java,16.0,1.0,6.0,4.0,7.0,4.0,1,0.002881844380403458,348.40000000000003,1810.194460646937,1,false
src/tests/junit/org/apache/tools/ant/taskdefs/optional/RpmTest.java,30.0,5.0,1.0,2.0,8.0,5.0,1,0.002881844380403458,348.40000000000003,1810.194460646937,1,false
src/tests/junit/org/apache/tools/ant/taskdefs/optional/junit/DOMUtilTest.java,17.0,9.0,0.0,1.0,9.0,2.0,1,0.002881844380403458,348.40000000000003,1810.194460646937,1,false
src/tests/junit/org/apache/tools/ant/taskdefs/optional/junit/JUnitTestRunnerTest.java,121.0,3.0,28.0,8.0,30.0,14.0,0,0.0,0.0,0.0,0,true
src/tests/junit/org/apache/tools/ant/taskdefs/optional/junit/SuiteMethodTest.java,17.0,2.0,0.0,1.0,0.0,2.0,1,0.002881844380403458,348.40000000000003,1810.194460646937,1,false
src/tests/junit/org/apache/tools/ant/types/AssertionsTest.java,57.0,1.0,105.0,15.0,15.0,25.0,0,0.0,0.0,0.0,0,false
src/tests/junit/org/apache/tools/ant/types/EnumeratedAttributeTest.java,69.0,2.0,4.0,4.0,10.0,8.0,0,0.0,0.0,0.0,0,true
src/tests/junit/org/apache/tools/ant/types/PathTest.java,479.0,6.0,0.0,17.0,99.0,36.0,1,0.002881844380403458,108.44444444444444,409.82104765108613,1,false
src/tests/junit/org/apache/tools/ant/types/resources/JavaResourceTest.java,13.0,1.0,3.0,3.0,7.0,5.0,1,0.002881844380403458,348.40000000000003,1810.194460646937,1,false
src/tests/junit/org/apache/tools/ant/types/resources/TarResourceTest.java,16.0,2.0,6.0,4.0,6.0,9.0,1,0.002881844380403458,348.40000000000003,1810.194460646937,1,false
src/tests/junit/org/apache/tools/ant/types/selectors/MockAlgorithm.java,11.0,2.0,3.0,3.0,1.0,6.0,1,0.002881844380403458,348.40000000000003,1810.194460646937,1,false
src/tests/junit/org/apache/tools/ant/types/selectors/MockCache.java,39.0,2.0,43.0,10.0,10.0,15.0,1,0.002881844380403458,348.40000000000003,1810.194460646937,1,false
src/tests/junit/org/apache/tools/ant/types/selectors/MockComparator.java,8.0,1.0,1.0,2.0,0.0,4.0,1,0.002881844380403458,348.40000000000003,1810.194460646937,1,false
src/tests/junit/org/apache/tools/ant/types/selectors/ModifiedSelectorTest.java,704.0,19.0,1122.0,48.0,223.0,103.0,1,0.002881844380403458,348.40000000000003,1810.194460646937,1,false
src/tests/junit/org/apache/tools/ant/util/FileUtilsTest.java,359.0,6.0,33.0,19.0,91.0,52.0,2,0.005763688760806916,136.44444444444446,418.01895772006793,2,false
src/tests/junit/org/apache/tools/ant/util/JavaEnvUtilsTest.java,75.0,4.0,8.0,5.0,32.0,13.0,1,0.002881844380403458,88.5,373.7762610918445,1,false
src/tests/junit/org/apache/tools/ant/util/ReaderInputStreamTest.java,54.0,2.0,21.0,7.0,13.0,18.0,1,0.002881844380403458,348.40000000000003,1810.194460646937,1,false
src/tests/junit/org/apache/tools/ant/util/StringUtilsTest.java,86.0,2.0,105.0,15.0,34.0,20.0,1,0.002881844380403458,57.333333333333336,151.29744983383185,1,false
src/tests/junit/org/apache/tools/tar/TarRoundTripTest.java,25.0,4.0,1.0,2.0,11.0,3.0,0,0.0,0.0,0.0,0,false
