name,LOC,CBO,LCOM,NOM,RFC,WMC,numOfChanges,bccm,structuralWorkloadSum,semanticWorkloadSum,numberOfDeveloper,isBuggy
src/main/org/apache/tools/ant/AntClassLoader.java,1168.0,30.0,1231.0,55.0,182.0,201.0,0,0.0,0.0,0.0,0,true
src/main/org/apache/tools/ant/AntTypeDefinition.java,305.0,2.0,135.0,22.0,38.0,65.0,0,0.0,0.0,0.0,0,true
src/main/org/apache/tools/ant/ComponentHelper.java,931.0,22.0,541.0,43.0,206.0,138.0,1,0.004,65.5,298.92220509955746,1,true
src/main/org/apache/tools/ant/DefaultLogger.java,289.0,9.0,145.0,19.0,37.0,44.0,1,0.004,19.5,95.83987094928872,1,true
src/main/org/apache/tools/ant/Diagnostics.java,529.0,21.0,459.0,31.0,122.0,93.0,0,0.0,0.0,0.0,0,true
src/main/org/apache/tools/ant/DirectoryScanner.java,1409.0,18.0,1539.0,63.0,183.0,227.0,2,0.008,443.8076923076923,26648.114325046427,2,true
src/main/org/apache/tools/ant/IntrospectionHelper.java,1306.0,14.0,1384.0,56.0,190.0,207.0,1,0.004,424.3076923076923,26552.274454097136,1,true
src/main/org/apache/tools/ant/Project.java,1952.0,31.0,6577.0,119.0,286.0,367.0,1,0.004,424.3076923076923,26552.274454097136,1,true
src/main/org/apache/tools/ant/PropertyHelper.java,726.0,16.0,691.0,43.0,112.0,142.0,1,0.004,424.3076923076923,26552.274454097136,1,true
src/main/org/apache/tools/ant/RuntimeConfigurable.java,371.0,13.0,194.0,24.0,45.0,64.0,0,0.0,0.0,0.0,0,true
src/main/org/apache/tools/ant/Target.java,367.0,7.0,238.0,28.0,46.0,77.0,0,0.0,0.0,0.0,0,true
src/main/org/apache/tools/ant/UnknownElement.java,523.0,7.0,289.0,31.0,148.0,93.0,1,0.004,424.3076923076923,26552.274454097136,1,true
src/main/org/apache/tools/ant/XmlLogger.java,393.0,17.0,57.0,15.0,79.0,51.0,0,0.0,0.0,0.0,0,true
src/main/org/apache/tools/ant/dispatch/DispatchUtils.java,96.0,5.0,0.0,1.0,12.0,7.0,0,0.0,0.0,0.0,0,false
src/main/org/apache/tools/ant/filters/ClassConstants.java,122.0,5.0,6.0,4.0,11.0,15.0,1,0.004,424.3076923076923,26552.274454097136,1,true
src/main/org/apache/tools/ant/filters/ExpandProperties.java,78.0,3.0,6.0,4.0,9.0,13.0,1,0.004,424.3076923076923,26552.274454097136,1,true
src/main/org/apache/tools/ant/filters/FixCrLfFilter.java,795.0,5.0,121.0,18.0,26.0,47.0,1,0.004,424.3076923076923,26552.274454097136,1,true
src/main/org/apache/tools/ant/filters/HeadFilter.java,184.0,4.0,19.0,10.0,18.0,26.0,0,0.0,0.0,0.0,0,true
src/main/org/apache/tools/ant/helper/ProjectHelper2.java,814.0,29.0,39.0,11.0,47.0,25.0,0,0.0,0.0,0.0,0,true
src/main/org/apache/tools/ant/helper/ProjectHelperImpl.java,839.0,27.0,0.0,4.0,27.0,12.0,0,0.0,0.0,0.0,0,true
src/main/org/apache/tools/ant/input/SecureInputHandler.java,34.0,2.0,1.0,2.0,7.0,7.0,0,0.0,0.0,0.0,0,false
src/main/org/apache/tools/ant/launch/Locator.java,408.0,9.0,76.0,13.0,78.0,67.0,2,0.008,466.3076923076923,26591.123286245092,2,true
src/main/org/apache/tools/ant/listener/BigProjectLogger.java,113.0,6.0,45.0,10.0,22.0,24.0,0,0.0,0.0,0.0,0,false
src/main/org/apache/tools/ant/listener/MailLogger.java,256.0,20.0,13.0,6.0,83.0,22.0,1,0.004,424.3076923076923,26552.274454097136,1,true
src/main/org/apache/tools/ant/listener/ProfileLogger.java,67.0,6.0,3.0,6.0,23.0,12.0,2,0.008,540.3076923076924,26963.234693867063,2,true
src/main/org/apache/tools/ant/listener/TimestampedLogger.java,25.0,1.0,0.0,2.0,2.0,4.0,0,0.0,0.0,0.0,0,false
src/main/org/apache/tools/ant/property/GetProperty.java,11.0,0.0,0.0,1.0,0.0,4.0,1,0.004,424.3076923076923,26552.274454097136,1,false
src/main/org/apache/tools/ant/property/NullReturn.java,14.0,0.0,0.0,1.0,0.0,1.0,1,0.004,424.3076923076923,26552.274454097136,1,false
src/main/org/apache/tools/ant/property/ParseNextProperty.java,18.0,2.0,1.0,2.0,0.0,5.0,1,0.004,424.3076923076923,26552.274454097136,1,false
src/main/org/apache/tools/ant/property/ParseProperties.java,117.0,4.0,9.0,7.0,23.0,24.0,1,0.004,424.3076923076923,26552.274454097136,1,false
src/main/org/apache/tools/ant/property/PropertyExpander.java,13.0,2.0,0.0,1.0,0.0,4.0,1,0.004,424.3076923076923,26552.274454097136,1,false
src/main/org/apache/tools/ant/property/ResolvePropertyMap.java,53.0,7.0,0.0,3.0,13.0,8.0,1,0.004,424.3076923076923,26552.274454097136,1,true
src/main/org/apache/tools/ant/taskdefs/AbstractCvsTask.java,645.0,14.0,815.0,43.0,77.0,103.0,2,0.008,540.3076923076924,26963.234693867063,2,true
src/main/org/apache/tools/ant/taskdefs/Available.java,410.0,12.0,140.0,21.0,68.0,62.0,0,0.0,0.0,0.0,0,true
src/main/org/apache/tools/ant/taskdefs/BUnzip2.java,74.0,7.0,3.0,3.0,11.0,11.0,1,0.004,424.3076923076923,26552.274454097136,1,true
src/main/org/apache/tools/ant/taskdefs/Checksum.java,569.0,31.0,169.0,23.0,73.0,75.0,1,0.004,424.3076923076923,26552.274454097136,1,true
src/main/org/apache/tools/ant/taskdefs/Componentdef.java,19.0,0.0,0.0,1.0,1.0,1.0,0,0.0,0.0,0.0,0,false
src/main/org/apache/tools/ant/taskdefs/Concat.java,786.0,38.0,353.0,31.0,56.0,78.0,1,0.004,424.3076923076923,26552.274454097136,1,true
src/main/org/apache/tools/ant/taskdefs/ConditionTask.java,93.0,5.0,15.0,7.0,11.0,18.0,0,0.0,0.0,0.0,0,true
src/main/org/apache/tools/ant/taskdefs/Definer.java,525.0,18.0,215.0,26.0,84.0,84.0,0,0.0,0.0,0.0,0,true
src/main/org/apache/tools/ant/taskdefs/DependSet.java,185.0,19.0,56.0,12.0,36.0,27.0,0,0.0,0.0,0.0,0,true
src/main/org/apache/tools/ant/taskdefs/Dirname.java,50.0,3.0,0.0,3.0,4.0,6.0,1,0.004,50.666666666666664,67.86021430265801,1,true
src/main/org/apache/tools/ant/taskdefs/Ear.java,93.0,8.0,13.0,7.0,11.0,15.0,0,0.0,0.0,0.0,0,true
src/main/org/apache/tools/ant/taskdefs/ExecTask.java,551.0,14.0,579.0,43.0,83.0,102.0,1,0.004,424.3076923076923,26552.274454097136,1,true
src/main/org/apache/tools/ant/taskdefs/Execute.java,985.0,21.0,389.0,31.0,102.0,103.0,1,0.004,424.3076923076923,26552.274454097136,1,true
src/main/org/apache/tools/ant/taskdefs/Expand.java,286.0,27.0,77.0,14.0,60.0,42.0,1,0.004,424.3076923076923,26552.274454097136,1,true
src/main/org/apache/tools/ant/taskdefs/FixCRLF.java,528.0,18.0,36.0,17.0,41.0,41.0,1,0.004,116.0,410.96023976992865,1,true
src/main/org/apache/tools/ant/taskdefs/GUnzip.java,63.0,6.0,3.0,3.0,11.0,11.0,1,0.004,424.3076923076923,26552.274454097136,1,true
src/main/org/apache/tools/ant/taskdefs/Get.java,308.0,13.0,13.0,10.0,32.0,33.0,1,0.004,424.3076923076923,26552.274454097136,1,true
src/main/org/apache/tools/ant/taskdefs/JDBCTask.java,357.0,19.0,216.0,24.0,30.0,59.0,1,0.004,424.3076923076923,26552.274454097136,1,true
src/main/org/apache/tools/ant/taskdefs/Jar.java,819.0,36.0,416.0,33.0,149.0,132.0,0,0.0,0.0,0.0,0,true
src/main/org/apache/tools/ant/taskdefs/Java.java,761.0,21.0,1521.0,62.0,159.0,166.0,0,0.0,0.0,0.0,0,true
src/main/org/apache/tools/ant/taskdefs/Javac.java,937.0,16.0,3423.0,86.0,102.0,224.0,1,0.004,424.3076923076923,26552.274454097136,1,true
src/main/org/apache/tools/ant/taskdefs/Javadoc.java,1965.0,32.0,4910.0,104.0,328.0,259.0,0,0.0,0.0,0.0,0,true
src/main/org/apache/tools/ant/taskdefs/Jikes.java,80.0,8.0,0.0,2.0,17.0,8.0,1,0.004,424.3076923076923,26552.274454097136,1,true
src/main/org/apache/tools/ant/taskdefs/KeySubst.java,157.0,10.0,13.0,7.0,26.0,25.0,1,0.004,424.3076923076923,26552.274454097136,1,true
src/main/org/apache/tools/ant/taskdefs/Length.java,258.0,17.0,72.0,16.0,33.0,39.0,0,0.0,0.0,0.0,0,true
src/main/org/apache/tools/ant/taskdefs/LoadProperties.java,162.0,20.0,45.0,11.0,34.0,27.0,1,0.004,424.3076923076923,26552.274454097136,1,true
src/main/org/apache/tools/ant/taskdefs/MacroInstance.java,327.0,18.0,21.0,11.0,102.0,44.0,1,0.004,424.3076923076923,26552.274454097136,1,true
src/main/org/apache/tools/ant/taskdefs/ManifestTask.java,188.0,14.0,12.0,8.0,25.0,27.0,0,0.0,0.0,0.0,0,true
src/main/org/apache/tools/ant/taskdefs/Pack.java,153.0,9.0,30.0,13.0,28.0,29.0,1,0.004,424.3076923076923,26552.274454097136,1,true
src/main/org/apache/tools/ant/taskdefs/Parallel.java,404.0,10.0,63.0,14.0,31.0,45.0,3,0.012,605.8076923076924,27262.15689896662,3,true
src/main/org/apache/tools/ant/taskdefs/ProcessDestroyer.java,165.0,4.0,1.0,7.0,30.0,24.0,2,0.008,699.6791208791209,28442.90622535548,2,true
src/main/org/apache/tools/ant/taskdefs/Property.java,543.0,20.0,552.0,37.0,83.0,93.0,1,0.004,424.3076923076923,26552.274454097136,1,true
src/main/org/apache/tools/ant/taskdefs/PropertyHelperTask.java,104.0,8.0,6.0,5.0,13.0,15.0,0,0.0,0.0,0.0,0,true
src/main/org/apache/tools/ant/taskdefs/RecorderEntry.java,264.0,10.0,242.0,25.0,44.0,56.0,1,0.004,424.3076923076923,26552.274454097136,1,true
src/main/org/apache/tools/ant/taskdefs/Redirector.java,676.0,27.0,536.0,40.0,58.0,109.0,3,0.012,815.679120879121,28853.866465125408,3,true
src/main/org/apache/tools/ant/taskdefs/Retry.java,59.0,4.0,0.0,3.0,9.0,10.0,1,0.004,50.666666666666664,67.86021430265801,1,true
src/main/org/apache/tools/ant/taskdefs/Rmic.java,570.0,17.0,937.0,47.0,65.0,126.0,3,0.012,719.1791208791209,28538.74609630477,3,true
src/main/org/apache/tools/ant/taskdefs/Sleep.java,126.0,3.0,35.0,10.0,7.0,22.0,1,0.004,424.3076923076923,26552.274454097136,1,true
src/main/org/apache/tools/ant/taskdefs/StreamPumper.java,137.0,3.0,25.0,10.0,8.0,26.0,1,0.004,424.3076923076923,26552.274454097136,1,true
src/main/org/apache/tools/ant/taskdefs/Tar.java,749.0,31.0,130.0,21.0,152.0,77.0,1,0.004,424.3076923076923,26552.274454097136,1,true
src/main/org/apache/tools/ant/taskdefs/TempFile.java,122.0,4.0,12.0,9.0,7.0,20.0,3,0.012,590.974358974359,27031.09490816972,3,true
src/main/org/apache/tools/ant/taskdefs/Touch.java,280.0,22.0,205.0,23.0,54.0,55.0,3,0.012,582.3076923076924,27002.08352601502,3,true
src/main/org/apache/tools/ant/taskdefs/Truncate.java,155.0,11.0,29.0,10.0,22.0,30.0,1,0.004,424.3076923076923,26552.274454097136,1,true
src/main/org/apache/tools/ant/taskdefs/WaitFor.java,197.0,7.0,26.0,9.0,18.0,18.0,3,0.012,605.8076923076924,27262.15689896662,3,true
src/main/org/apache/tools/ant/taskdefs/War.java,154.0,8.0,37.0,10.0,13.0,23.0,1,0.004,424.3076923076923,26552.274454097136,1,true
src/main/org/apache/tools/ant/taskdefs/XSLTProcess.java,1003.0,20.0,731.0,42.0,110.0,125.0,1,0.004,65.5,298.92220509955746,1,true
src/main/org/apache/tools/ant/taskdefs/XmlProperty.java,576.0,21.0,420.0,33.0,92.0,86.0,1,0.004,275.37142857142857,1890.6317712583425,1,true
src/main/org/apache/tools/ant/taskdefs/Zip.java,1342.0,39.0,872.0,53.0,237.0,179.0,2,0.008,540.3076923076924,26963.234693867063,2,true
src/main/org/apache/tools/ant/taskdefs/compilers/DefaultCompilerAdapter.java,481.0,17.0,93.0,23.0,112.0,80.0,1,0.004,424.3076923076923,26552.274454097136,1,true
src/main/org/apache/tools/ant/taskdefs/compilers/Jikes.java,135.0,4.0,1.0,2.0,27.0,10.0,1,0.004,424.3076923076923,26552.274454097136,1,true
src/main/org/apache/tools/ant/taskdefs/condition/AntVersion.java,132.0,4.0,5.0,10.0,16.0,31.0,0,0.0,0.0,0.0,0,false
src/main/org/apache/tools/ant/taskdefs/condition/ConditionBase.java,205.0,6.0,0.0,24.0,20.0,28.0,0,0.0,0.0,0.0,0,false
src/main/org/apache/tools/ant/taskdefs/condition/Equals.java,97.0,1.0,22.0,9.0,9.0,22.0,2,0.008,466.3076923076923,26591.123286245092,2,true
src/main/org/apache/tools/ant/taskdefs/condition/IsSet.java,24.0,2.0,0.0,2.0,2.0,6.0,0,0.0,0.0,0.0,0,true
src/main/org/apache/tools/ant/taskdefs/condition/ResourceContains.java,123.0,10.0,12.0,9.0,17.0,23.0,1,0.004,424.3076923076923,26552.274454097136,1,false
src/main/org/apache/tools/ant/taskdefs/cvslib/ChangeLogParser.java,190.0,7.0,0.0,10.0,34.0,35.0,1,0.004,424.3076923076923,26552.274454097136,1,true
src/main/org/apache/tools/ant/taskdefs/cvslib/ChangeLogTask.java,293.0,18.0,61.0,14.0,62.0,37.0,1,0.004,424.3076923076923,26552.274454097136,1,true
src/main/org/apache/tools/ant/taskdefs/email/EmailTask.java,479.0,12.0,420.0,32.0,70.0,63.0,1,0.004,424.3076923076923,26552.274454097136,1,true
src/main/org/apache/tools/ant/taskdefs/optional/ANTLR.java,362.0,20.0,194.0,24.0,67.0,62.0,1,0.004,424.3076923076923,26552.274454097136,1,true
src/main/org/apache/tools/ant/taskdefs/optional/Cab.java,240.0,18.0,38.0,13.0,64.0,40.0,1,0.004,424.3076923076923,26552.274454097136,1,true
src/main/org/apache/tools/ant/taskdefs/optional/EchoProperties.java,430.0,34.0,106.0,16.0,79.0,51.0,1,0.004,275.37142857142857,1890.6317712583425,1,true
src/main/org/apache/tools/ant/taskdefs/optional/NetRexxC.java,758.0,21.0,806.0,45.0,73.0,106.0,0,0.0,0.0,0.0,0,true
src/main/org/apache/tools/ant/taskdefs/optional/ReplaceRegExp.java,396.0,23.0,31.0,14.0,43.0,46.0,1,0.004,424.3076923076923,26552.274454097136,1,true
src/main/org/apache/tools/ant/taskdefs/optional/Rpm.java,283.0,20.0,65.0,14.0,32.0,31.0,0,0.0,0.0,0.0,0,true
src/main/org/apache/tools/ant/taskdefs/optional/SchemaValidate.java,439.0,15.0,102.0,16.0,47.0,44.0,1,0.004,424.3076923076923,26552.274454097136,1,false
src/main/org/apache/tools/ant/taskdefs/optional/depend/ClassFileUtils.java,25.0,0.0,1.0,2.0,2.0,4.0,0,0.0,0.0,0.0,0,true
src/main/org/apache/tools/ant/taskdefs/optional/depend/Depend.java,685.0,21.0,249.0,26.0,139.0,101.0,2,0.008,443.8076923076923,26648.114325046427,2,true
src/main/org/apache/tools/ant/taskdefs/optional/dotnet/DotnetCompile.java,742.0,10.0,1868.0,64.0,85.0,171.0,1,0.004,424.3076923076923,26552.274454097136,1,true
src/main/org/apache/tools/ant/taskdefs/optional/dotnet/NetCommand.java,291.0,15.0,75.0,18.0,43.0,53.0,1,0.004,424.3076923076923,26552.274454097136,1,true
src/main/org/apache/tools/ant/taskdefs/optional/extension/ExtensionUtil.java,127.0,11.0,21.0,7.0,33.0,30.0,0,0.0,0.0,0.0,0,true
src/main/org/apache/tools/ant/taskdefs/optional/extension/JarLibManifestTask.java,214.0,11.0,46.0,12.0,42.0,36.0,0,0.0,0.0,0.0,0,true
src/main/org/apache/tools/ant/taskdefs/optional/extension/JarLibResolveTask.java,197.0,9.0,22.0,12.0,27.0,36.0,0,0.0,0.0,0.0,0,true
src/main/org/apache/tools/ant/taskdefs/optional/javah/JavahAdapterFactory.java,50.0,4.0,3.0,3.0,6.0,13.0,0,0.0,0.0,0.0,0,true
src/main/org/apache/tools/ant/taskdefs/optional/jlink/ClassNameReader.java,57.0,4.0,0.0,1.0,7.0,6.0,1,0.004,424.3076923076923,26552.274454097136,1,true
src/main/org/apache/tools/ant/taskdefs/optional/jlink/jlink.java,286.0,15.0,102.0,16.0,87.0,66.0,1,0.004,424.3076923076923,26552.274454097136,1,true
src/main/org/apache/tools/ant/taskdefs/optional/jsp/Jasper41Mangler.java,61.0,1.0,3.0,3.0,12.0,11.0,1,0.004,424.3076923076923,26552.274454097136,1,true
src/main/org/apache/tools/ant/taskdefs/optional/jsp/JspNameMangler.java,92.0,2.0,10.0,5.0,15.0,16.0,2,0.008,699.6791208791209,28442.90622535548,2,true
src/main/org/apache/tools/ant/taskdefs/optional/junit/AggregateTransformer.java,271.0,24.0,40.0,13.0,54.0,41.0,0,0.0,0.0,0.0,0,true
src/main/org/apache/tools/ant/taskdefs/optional/junit/BriefJUnitResultFormatter.java,181.0,8.0,60.0,13.0,25.0,32.0,1,0.004,424.3076923076923,26552.274454097136,1,true
src/main/org/apache/tools/ant/taskdefs/optional/junit/FailureRecorder.java,212.0,16.0,56.0,13.0,25.0,25.0,2,0.008,699.6791208791209,28442.90622535548,2,true
src/main/org/apache/tools/ant/taskdefs/optional/junit/FormatterElement.java,241.0,7.0,65.0,14.0,11.0,48.0,1,0.004,275.37142857142857,1890.6317712583425,1,true
src/main/org/apache/tools/ant/taskdefs/optional/junit/JUnitTask.java,1492.0,39.0,1973.0,66.0,308.0,231.0,2,0.008,489.8076923076923,26851.196659196692,2,true
src/main/org/apache/tools/ant/taskdefs/optional/junit/JUnitTestRunner.java,824.0,28.0,1225.0,54.0,163.0,150.0,0,0.0,0.0,0.0,0,true
src/main/org/apache/tools/ant/taskdefs/optional/junit/JUnitVersionHelper.java,100.0,3.0,0.0,2.0,19.0,13.0,0,0.0,0.0,0.0,0,true
src/main/org/apache/tools/ant/taskdefs/optional/junit/PlainJUnitResultFormatter.java,185.0,11.0,36.0,12.0,37.0,31.0,1,0.004,424.3076923076923,26552.274454097136,1,true
src/main/org/apache/tools/ant/taskdefs/optional/junit/SummaryJUnitResultFormatter.java,142.0,6.0,50.0,12.0,21.0,21.0,1,0.004,424.3076923076923,26552.274454097136,1,true
src/main/org/apache/tools/ant/taskdefs/optional/junit/XMLConstants.java,128.0,0.0,0.0,0.0,0.0,0.0,0,0.0,0.0,0.0,0,true
src/main/org/apache/tools/ant/taskdefs/optional/junit/XMLJUnitResultFormatter.java,219.0,22.0,71.0,15.0,58.0,41.0,1,0.004,424.3076923076923,26552.274454097136,1,true
src/main/org/apache/tools/ant/taskdefs/optional/native2ascii/Native2AsciiAdapter.java,16.0,3.0,0.0,1.0,0.0,4.0,0,0.0,0.0,0.0,0,false
src/main/org/apache/tools/ant/taskdefs/optional/native2ascii/Native2AsciiAdapterFactory.java,50.0,4.0,3.0,3.0,6.0,13.0,0,0.0,0.0,0.0,0,true
src/main/org/apache/tools/ant/taskdefs/optional/net/FTP.java,2129.0,38.0,1919.0,67.0,204.0,229.0,2,0.008,540.3076923076924,26963.234693867063,2,true
src/main/org/apache/tools/ant/taskdefs/optional/net/FTPConfigurator.java,58.0,3.0,0.0,1.0,14.0,6.0,0,0.0,0.0,0.0,0,false
src/main/org/apache/tools/ant/taskdefs/optional/net/RExecTask.java,399.0,10.0,26.0,12.0,17.0,28.0,1,0.004,424.3076923076923,26552.274454097136,1,true
src/main/org/apache/tools/ant/taskdefs/optional/net/SetProxy.java,216.0,7.0,25.0,10.0,10.0,17.0,1,0.004,424.3076923076923,26552.274454097136,1,true
src/main/org/apache/tools/ant/taskdefs/optional/net/TelnetTask.java,319.0,10.0,21.0,10.0,13.0,23.0,2,0.008,699.6791208791209,28442.90622535548,2,true
src/main/org/apache/tools/ant/taskdefs/optional/sos/SOS.java,369.0,9.0,628.0,37.0,41.0,91.0,1,0.004,424.3076923076923,26552.274454097136,1,true
src/main/org/apache/tools/ant/taskdefs/optional/sos/SOSCmd.java,109.0,0.0,0.0,0.0,0.0,0.0,0,0.0,0.0,0.0,0,true
src/main/org/apache/tools/ant/taskdefs/optional/splash/SplashScreen.java,80.0,15.0,58.0,12.0,27.0,23.0,1,0.004,424.3076923076923,26552.274454097136,1,true
src/main/org/apache/tools/ant/taskdefs/optional/splash/SplashTask.java,182.0,11.0,22.0,9.0,30.0,18.0,2,0.008,699.6791208791209,28442.90622535548,2,true
src/main/org/apache/tools/ant/taskdefs/optional/ssh/AbstractSshMessage.java,198.0,11.0,71.0,14.0,18.0,37.0,1,0.004,424.3076923076923,26552.274454097136,1,true
src/main/org/apache/tools/ant/taskdefs/optional/ssh/SSHExec.java,238.0,17.0,37.0,11.0,40.0,37.0,3,0.012,750.3457875457875,28510.76643965814,3,true
src/main/org/apache/tools/ant/taskdefs/optional/unix/Symlink.java,468.0,22.0,154.0,21.0,91.0,76.0,3,0.012,605.8076923076924,27262.15689896662,3,true
src/main/org/apache/tools/ant/taskdefs/optional/vss/MSVSS.java,715.0,15.0,1361.0,54.0,57.0,138.0,1,0.004,424.3076923076923,26552.274454097136,1,true
src/main/org/apache/tools/ant/taskdefs/optional/vss/MSVSSConstants.java,197.0,0.0,0.0,0.0,0.0,0.0,0,0.0,0.0,0.0,0,true
src/main/org/apache/tools/ant/taskdefs/rmic/DefaultRmicAdapter.java,344.0,11.0,59.0,14.0,45.0,39.0,3,0.012,765.1791208791209,28741.828430455036,3,true
src/main/org/apache/tools/ant/taskdefs/rmic/WLRmic.java,91.0,5.0,6.0,4.0,13.0,15.0,2,0.008,489.8076923076923,26851.196659196692,2,true
src/main/org/apache/tools/ant/types/AbstractFileSet.java,668.0,28.0,1260.0,60.0,180.0,165.0,1,0.004,424.3076923076923,26552.274454097136,1,true
src/main/org/apache/tools/ant/types/FilterSet.java,507.0,9.0,264.0,25.0,97.0,89.0,0,0.0,0.0,0.0,0,true
src/main/org/apache/tools/ant/types/Path.java,595.0,14.0,521.0,35.0,129.0,123.0,0,0.0,0.0,0.0,0,true
src/main/org/apache/tools/ant/types/PatternSet.java,429.0,10.0,177.0,23.0,94.0,81.0,0,0.0,0.0,0.0,0,true
src/main/org/apache/tools/ant/types/Permissions.java,289.0,10.0,22.0,8.0,18.0,18.0,0,0.0,0.0,0.0,0,true
src/main/org/apache/tools/ant/types/Quantifier.java,130.0,1.0,45.0,10.0,4.0,24.0,1,0.004,424.3076923076923,26552.274454097136,1,false
src/main/org/apache/tools/ant/types/Resource.java,344.0,6.0,331.0,31.0,70.0,91.0,2,0.008,443.8076923076923,26648.114325046427,2,true
src/main/org/apache/tools/ant/types/Substitution.java,51.0,1.0,0.0,4.0,4.0,11.0,0,0.0,0.0,0.0,0,true
src/main/org/apache/tools/ant/types/ZipScanner.java,65.0,10.0,0.0,1.0,10.0,6.0,0,0.0,0.0,0.0,0,true
src/main/org/apache/tools/ant/types/mappers/FilterMapper.java,53.0,9.0,3.0,3.0,9.0,10.0,1,0.004,424.3076923076923,26552.274454097136,1,false
src/main/org/apache/tools/ant/types/optional/depend/ClassfileSet.java,113.0,6.0,7.0,7.0,24.0,12.0,2,0.008,699.6791208791209,28442.90622535548,2,true
src/main/org/apache/tools/ant/types/resources/CompressedResource.java,238.0,8.0,270.0,24.0,34.0,75.0,1,0.004,424.3076923076923,26552.274454097136,1,false
src/main/org/apache/tools/ant/types/resources/FileProvider.java,14.0,1.0,0.0,1.0,0.0,2.0,1,0.004,65.5,298.92220509955746,1,false
src/main/org/apache/tools/ant/types/resources/FileResource.java,254.0,11.0,229.0,23.0,82.0,68.0,1,0.004,65.5,298.92220509955746,1,true
src/main/org/apache/tools/ant/types/resources/Last.java,35.0,6.0,0.0,1.0,9.0,6.0,0,0.0,0.0,0.0,0,true
src/main/org/apache/tools/ant/types/resources/StringResource.java,201.0,10.0,159.0,19.0,36.0,53.0,0,0.0,0.0,0.0,0,true
src/main/org/apache/tools/ant/types/selectors/SelectorUtils.java,550.0,5.0,134.0,17.0,40.0,76.0,3,0.012,719.1791208791209,28538.74609630477,3,true
src/main/org/apache/tools/ant/types/selectors/SizeSelector.java,238.0,4.0,4.0,8.0,18.0,29.0,1,0.004,424.3076923076923,26552.274454097136,1,true
src/main/org/apache/tools/ant/types/selectors/modifiedselector/DigestAlgorithm.java,150.0,7.0,0.0,6.0,15.0,22.0,1,0.004,424.3076923076923,26552.274454097136,1,true
src/main/org/apache/tools/ant/types/selectors/modifiedselector/ModifiedSelector.java,757.0,18.0,674.0,40.0,88.0,109.0,3,0.012,815.679120879121,28853.866465125408,3,true
src/main/org/apache/tools/ant/util/Base64Converter.java,75.0,0.0,1.0,2.0,2.0,7.0,1,0.004,424.3076923076923,26552.274454097136,1,true
src/main/org/apache/tools/ant/util/ClasspathUtils.java,353.0,7.0,45.0,10.0,18.0,40.0,0,0.0,0.0,0.0,0,true
src/main/org/apache/tools/ant/util/DOMElementWriter.java,469.0,13.0,96.0,16.0,73.0,64.0,1,0.004,424.3076923076923,26552.274454097136,1,true
src/main/org/apache/tools/ant/util/DateUtils.java,190.0,9.0,43.0,10.0,21.0,40.0,1,0.004,424.3076923076923,26552.274454097136,1,true
src/main/org/apache/tools/ant/util/DeweyDecimal.java,149.0,1.0,0.0,10.0,13.0,32.0,0,0.0,0.0,0.0,0,false
src/main/org/apache/tools/ant/util/FileUtils.java,1228.0,27.0,1879.0,62.0,190.0,247.0,3,0.012,605.8076923076924,27262.15689896662,3,true
src/main/org/apache/tools/ant/util/JavaEnvUtils.java,392.0,7.0,83.0,15.0,17.0,53.0,0,0.0,0.0,0.0,0,true
src/main/org/apache/tools/ant/util/LeadPipeInputStream.java,123.0,6.0,34.0,9.0,9.0,26.0,1,0.004,424.3076923076923,26552.274454097136,1,true
src/main/org/apache/tools/ant/util/LineTokenizer.java,85.0,3.0,0.0,3.0,3.0,15.0,1,0.004,424.3076923076923,26552.274454097136,1,true
src/main/org/apache/tools/ant/util/ProxySetup.java,116.0,1.0,0.0,3.0,6.0,8.0,0,0.0,0.0,0.0,0,true
src/main/org/apache/tools/ant/util/ReaderInputStream.java,158.0,3.0,0.0,9.0,9.0,36.0,1,0.004,424.3076923076923,26552.274454097136,1,true
src/main/org/apache/tools/ant/util/ReflectUtil.java,157.0,4.0,36.0,9.0,27.0,34.0,0,0.0,0.0,0.0,0,true
src/main/org/apache/tools/ant/util/ScriptRunnerBase.java,293.0,16.0,315.0,27.0,41.0,66.0,1,0.004,424.3076923076923,26552.274454097136,1,true
src/main/org/apache/tools/ant/util/ScriptRunnerHelper.java,152.0,6.0,88.0,16.0,19.0,30.0,0,0.0,0.0,0.0,0,true
src/main/org/apache/tools/ant/util/StringTokenizer.java,127.0,3.0,9.0,7.0,8.0,20.0,1,0.004,424.3076923076923,26552.274454097136,1,false
src/main/org/apache/tools/ant/util/StringUtils.java,236.0,3.0,45.0,10.0,30.0,40.0,2,0.008,699.6791208791209,28442.90622535548,2,true
src/main/org/apache/tools/ant/util/UUEncoder.java,97.0,4.0,7.0,6.0,10.0,17.0,1,0.004,424.3076923076923,26552.274454097136,1,false
src/main/org/apache/tools/ant/util/Watchdog.java,89.0,2.0,7.0,7.0,12.0,19.0,2,0.008,540.3076923076924,26963.234693867063,2,true
src/main/org/apache/tools/ant/util/regexp/RegexpFactory.java,73.0,5.0,6.0,4.0,8.0,15.0,1,0.004,424.3076923076923,26552.274454097136,1,true
src/main/org/apache/tools/ant/util/regexp/RegexpMatcherFactory.java,106.0,5.0,21.0,7.0,11.0,29.0,1,0.004,424.3076923076923,26552.274454097136,1,true
src/main/org/apache/tools/tar/TarConstants.java,106.0,0.0,0.0,0.0,0.0,0.0,0,0.0,0.0,0.0,0,true
src/main/org/apache/tools/tar/TarInputStream.java,283.0,4.0,69.0,15.0,24.0,48.0,1,0.004,424.3076923076923,26552.274454097136,1,true
src/main/org/apache/tools/tar/TarUtils.java,139.0,0.0,21.0,7.0,6.0,27.0,1,0.004,424.3076923076923,26552.274454097136,1,true
src/main/org/apache/tools/zip/AsiExtraField.java,256.0,2.0,125.0,19.0,29.0,48.0,1,0.004,424.3076923076923,26552.274454097136,1,true
src/main/org/apache/tools/zip/ExtraFieldUtils.java,136.0,3.0,2.0,5.0,25.0,20.0,1,0.004,424.3076923076923,26552.274454097136,1,true
src/main/org/apache/tools/zip/UnixStat.java,40.0,0.0,0.0,0.0,0.0,0.0,0,0.0,0.0,0.0,0,true
src/main/org/apache/tools/zip/ZipEntry.java,301.0,2.0,315.0,27.0,50.0,70.0,1,0.004,424.3076923076923,26552.274454097136,1,true
src/main/org/apache/tools/zip/ZipFile.java,406.0,12.0,76.0,16.0,49.0,68.0,1,0.004,424.3076923076923,26552.274454097136,1,true
src/main/org/apache/tools/zip/ZipLong.java,114.0,0.0,0.0,10.0,4.0,18.0,1,0.004,424.3076923076923,26552.274454097136,1,true
src/main/org/apache/tools/zip/ZipOutputStream.java,653.0,13.0,205.0,26.0,103.0,93.0,1,0.004,424.3076923076923,26552.274454097136,1,true
src/main/org/apache/tools/zip/ZipShort.java,104.0,0.0,0.0,10.0,3.0,18.0,1,0.004,424.3076923076923,26552.274454097136,1,true
src/tests/junit/org/apache/tools/ant/BuildFileTest.java,430.0,4.0,507.0,34.0,72.0,83.0,0,0.0,0.0,0.0,0,true
src/tests/junit/org/apache/tools/ant/taskdefs/ExecTaskTest.java,363.0,7.0,660.0,37.0,154.0,108.0,1,0.004,116.0,410.96023976992865,1,false
src/tests/junit/org/apache/tools/ant/taskdefs/JarTest.java,224.0,12.0,567.0,35.0,87.0,58.0,0,0.0,0.0,0.0,0,false
src/tests/junit/org/apache/tools/ant/taskdefs/JavaTest.java,242.0,8.0,345.0,27.0,44.0,40.0,1,0.004,116.0,410.96023976992865,1,true
src/tests/junit/org/apache/tools/ant/taskdefs/PropertyTest.java,81.0,3.0,66.0,12.0,32.0,26.0,0,0.0,0.0,0.0,0,true
src/tests/junit/org/apache/tools/ant/taskdefs/optional/junit/JUnitTaskTest.java,152.0,5.0,153.0,18.0,46.0,28.0,1,0.004,275.37142857142857,1890.6317712583425,1,true
src/tests/junit/org/apache/tools/ant/types/selectors/ModifiedSelectorTest.java,704.0,19.0,1122.0,48.0,223.0,103.0,2,0.008,391.37142857142857,2301.5920110282714,2,false
src/tests/junit/org/apache/tools/ant/util/FileUtilsTest.java,399.0,6.0,20.0,21.0,111.0,57.0,1,0.004,116.0,410.96023976992865,1,false
src/tests/junit/org/apache/tools/ant/util/StringUtilsTest.java,102.0,2.0,136.0,17.0,38.0,22.0,1,0.004,275.37142857142857,1890.6317712583425,1,false
