name,LOC,CBO,LCOM,NOM,RFC,WMC,numOfChanges,bccm,structuralWorkloadSum,semanticWorkloadSum,numberOfDeveloper,isBuggy
src/main/org/apache/tools/ant/AntClassLoader.java,1165.0,31.0,1231.0,55.0,181.0,200.0,1,0.006211180124223602,611.4029850746268,18474.101133507644,1,true
src/main/org/apache/tools/ant/BuildEvent.java,158.0,1.0,25.0,11.0,3.0,31.0,0,0.0,0.0,0.0,0,true
src/main/org/apache/tools/ant/ComponentHelper.java,969.0,22.0,606.0,45.0,215.0,144.0,2,0.012422360248447204,611.4029850746268,18476.93146020024,2,true
src/main/org/apache/tools/ant/Diagnostics.java,538.0,21.0,490.0,32.0,123.0,94.0,1,0.006211180124223602,611.4029850746268,18474.101133507644,1,true
src/main/org/apache/tools/ant/DirectoryScanner.java,1472.0,25.0,1822.0,68.0,201.0,236.0,1,0.006211180124223602,611.4029850746268,18474.101133507644,1,true
src/main/org/apache/tools/ant/IntrospectionHelper.java,1331.0,17.0,1440.0,57.0,192.0,209.0,2,0.012422360248447204,611.4029850746268,18476.93146020024,2,true
src/main/org/apache/tools/ant/Location.java,136.0,3.0,27.0,10.0,12.0,27.0,0,0.0,0.0,0.0,0,true
src/main/org/apache/tools/ant/Main.java,934.0,20.0,349.0,31.0,177.0,138.0,1,0.006211180124223602,611.4029850746268,18474.101133507644,1,true
src/main/org/apache/tools/ant/Project.java,1981.0,31.0,6816.0,121.0,264.0,363.0,1,0.006211180124223602,611.4029850746268,18474.101133507644,1,true
src/main/org/apache/tools/ant/ProjectHelper.java,407.0,11.0,190.0,20.0,52.0,76.0,2,0.012422360248447204,613.4029850746268,18482.74776218506,2,true
src/main/org/apache/tools/ant/PropertyHelper.java,747.0,16.0,726.0,44.0,111.0,145.0,1,0.006211180124223602,611.4029850746268,18474.101133507644,1,true
src/main/org/apache/tools/ant/TaskConfigurationChecker.java,84.0,3.0,0.0,4.0,11.0,10.0,0,0.0,0.0,0.0,0,false
src/main/org/apache/tools/ant/UnknownElement.java,525.0,7.0,289.0,31.0,149.0,93.0,2,0.012422360248447204,613.4029850746268,18482.74776218506,2,true
src/main/org/apache/tools/ant/UnsupportedAttributeException.java,23.0,0.0,0.0,2.0,0.0,3.0,0,0.0,0.0,0.0,0,true
src/main/org/apache/tools/ant/UnsupportedElementException.java,32.0,0.0,0.0,2.0,0.0,3.0,0,0.0,0.0,0.0,0,true
src/main/org/apache/tools/ant/helper/ProjectHelper2.java,833.0,29.0,62.0,13.0,48.0,29.0,1,0.006211180124223602,611.4029850746268,18474.101133507644,1,true
src/main/org/apache/tools/ant/launch/Launcher.java,317.0,8.0,16.0,9.0,62.0,41.0,1,0.006211180124223602,2.0,8.646628677413927,1,true
src/main/org/apache/tools/ant/listener/BigProjectLogger.java,142.0,6.0,78.0,13.0,26.0,28.0,1,0.006211180124223602,611.4029850746268,18474.101133507644,1,false
src/main/org/apache/tools/ant/property/ParseProperties.java,118.0,4.0,9.0,7.0,22.0,24.0,1,0.006211180124223602,74.0,203.64470712122682,1,false
src/main/org/apache/tools/ant/taskdefs/AbstractJarSignerTask.java,309.0,10.0,234.0,24.0,44.0,49.0,2,0.012422360248447204,611.4029850746268,18474.101133507644,2,true
src/main/org/apache/tools/ant/taskdefs/Ant.java,678.0,23.0,186.0,28.0,135.0,84.0,1,0.006211180124223602,611.4029850746268,18474.101133507644,1,true
src/main/org/apache/tools/ant/taskdefs/Antlib.java,113.0,13.0,5.0,6.0,35.0,17.0,1,0.006211180124223602,611.4029850746268,18474.101133507644,1,true
src/main/org/apache/tools/ant/taskdefs/Classloader.java,166.0,8.0,19.0,10.0,19.0,27.0,1,0.006211180124223602,611.4029850746268,18474.101133507644,1,true
src/main/org/apache/tools/ant/taskdefs/Copy.java,809.0,31.0,863.0,47.0,143.0,141.0,1,0.006211180124223602,611.4029850746268,18474.101133507644,1,true
src/main/org/apache/tools/ant/taskdefs/Delete.java,607.0,39.0,46.0,45.0,55.0,81.0,1,0.006211180124223602,611.4029850746268,18474.101133507644,1,true
src/main/org/apache/tools/ant/taskdefs/Echo.java,113.0,15.0,12.0,8.0,14.0,18.0,2,0.012422360248447204,685.4029850746268,18677.74584062887,2,true
src/main/org/apache/tools/ant/taskdefs/EchoXML.java,98.0,11.0,0.0,4.0,6.0,9.0,0,0.0,0.0,0.0,0,true
src/main/org/apache/tools/ant/taskdefs/Expand.java,328.0,27.0,118.0,17.0,68.0,48.0,1,0.006211180124223602,611.4029850746268,18474.101133507644,1,true
src/main/org/apache/tools/ant/taskdefs/Get.java,393.0,14.0,25.0,11.0,22.0,32.0,1,0.006211180124223602,611.4029850746268,18474.101133507644,1,true
src/main/org/apache/tools/ant/taskdefs/Jar.java,850.0,36.0,437.0,34.0,156.0,139.0,2,0.012422360248447204,685.4029850746268,18677.74584062887,2,true
src/main/org/apache/tools/ant/taskdefs/Java.java,767.0,21.0,1519.0,62.0,161.0,166.0,0,0.0,0.0,0.0,0,true
src/main/org/apache/tools/ant/taskdefs/Javac.java,935.0,17.0,3350.0,85.0,99.0,222.0,1,0.006211180124223602,611.4029850746268,18474.101133507644,1,true
src/main/org/apache/tools/ant/taskdefs/Javadoc.java,1983.0,32.0,4910.0,104.0,327.0,260.0,1,0.006211180124223602,611.4029850746268,18474.101133507644,1,true
src/main/org/apache/tools/ant/taskdefs/Length.java,256.0,17.0,72.0,16.0,33.0,38.0,0,0.0,0.0,0.0,0,true
src/main/org/apache/tools/ant/taskdefs/ManifestTask.java,188.0,14.0,12.0,8.0,25.0,27.0,0,0.0,0.0,0.0,0,true
src/main/org/apache/tools/ant/taskdefs/Patch.java,164.0,6.0,0.0,11.0,35.0,28.0,1,0.006211180124223602,611.4029850746268,18474.101133507644,1,true
src/main/org/apache/tools/ant/taskdefs/SQLExec.java,837.0,35.0,582.0,37.0,113.0,113.0,1,0.006211180124223602,611.4029850746268,18474.101133507644,1,true
src/main/org/apache/tools/ant/taskdefs/SignJar.java,350.0,13.0,117.0,18.0,34.0,44.0,1,0.006211180124223602,611.4029850746268,18474.101133507644,1,true
src/main/org/apache/tools/ant/taskdefs/SubAnt.java,481.0,16.0,359.0,30.0,78.0,73.0,1,0.006211180124223602,611.4029850746268,18474.101133507644,1,true
src/main/org/apache/tools/ant/taskdefs/Untar.java,165.0,15.0,8.0,5.0,25.0,18.0,0,0.0,0.0,0.0,0,true
src/main/org/apache/tools/ant/taskdefs/UpToDate.java,184.0,16.0,42.0,13.0,35.0,38.0,1,0.006211180124223602,611.4029850746268,18474.101133507644,1,true
src/main/org/apache/tools/ant/taskdefs/Zip.java,1369.0,40.0,973.0,55.0,238.0,182.0,1,0.006211180124223602,611.4029850746268,18474.101133507644,1,true
src/main/org/apache/tools/ant/taskdefs/compilers/DefaultCompilerAdapter.java,482.0,17.0,93.0,23.0,111.0,80.0,0,0.0,0.0,0.0,0,true
src/main/org/apache/tools/ant/taskdefs/condition/IsSigned.java,105.0,9.0,0.0,5.0,21.0,20.0,1,0.006211180124223602,611.4029850746268,18474.101133507644,1,true
src/main/org/apache/tools/ant/taskdefs/email/EmailTask.java,480.0,13.0,420.0,32.0,71.0,64.0,1,0.006211180124223602,611.4029850746268,18474.101133507644,1,true
src/main/org/apache/tools/ant/taskdefs/email/MimeMailer.java,177.0,29.0,3.0,3.0,45.0,14.0,1,0.006211180124223602,611.4029850746268,18474.101133507644,1,true
src/main/org/apache/tools/ant/taskdefs/optional/PropertyFile.java,552.0,22.0,23.0,10.0,21.0,24.0,0,0.0,0.0,0.0,0,true
src/main/org/apache/tools/ant/taskdefs/optional/depend/AntAnalyzer.java,101.0,11.0,3.0,3.0,21.0,12.0,1,0.006211180124223602,611.4029850746268,18474.101133507644,1,true
src/main/org/apache/tools/ant/taskdefs/optional/depend/Depend.java,700.0,21.0,249.0,26.0,140.0,103.0,1,0.006211180124223602,611.4029850746268,18474.101133507644,1,true
src/main/org/apache/tools/ant/taskdefs/optional/ejb/IPlanetDeploymentTool.java,262.0,8.0,52.0,12.0,45.0,37.0,0,0.0,0.0,0.0,0,true
src/main/org/apache/tools/ant/taskdefs/optional/junit/FailureRecorder.java,317.0,21.0,250.0,24.0,44.0,40.0,1,0.006211180124223602,611.4029850746268,18474.101133507644,1,true
src/main/org/apache/tools/ant/taskdefs/optional/junit/JUnitTask.java,1570.0,41.0,2382.0,72.0,323.0,246.0,1,0.006211180124223602,611.4029850746268,18474.101133507644,1,true
src/main/org/apache/tools/ant/taskdefs/optional/junit/JUnitTestRunner.java,831.0,28.0,1225.0,54.0,167.0,151.0,1,0.006211180124223602,611.4029850746268,18474.101133507644,1,true
src/main/org/apache/tools/ant/taskdefs/optional/junit/TearDownOnVmCrash.java,91.0,5.0,49.0,11.0,15.0,21.0,1,0.006211180124223602,611.4029850746268,18474.101133507644,1,true
src/main/org/apache/tools/ant/taskdefs/optional/net/FTP.java,2220.0,36.0,1984.0,68.0,203.0,231.0,1,0.006211180124223602,611.4029850746268,18474.101133507644,1,true
src/main/org/apache/tools/ant/taskdefs/optional/net/RExecTask.java,400.0,10.0,26.0,12.0,17.0,28.0,0,0.0,0.0,0.0,0,true
src/main/org/apache/tools/ant/taskdefs/optional/net/TelnetTask.java,320.0,10.0,21.0,10.0,13.0,23.0,0,0.0,0.0,0.0,0,true
src/main/org/apache/tools/ant/taskdefs/optional/script/ScriptDef.java,296.0,20.0,37.0,15.0,46.0,31.0,0,0.0,0.0,0.0,0,true
src/main/org/apache/tools/ant/taskdefs/optional/ssh/SSHExec.java,292.0,20.0,50.0,13.0,47.0,40.0,0,0.0,0.0,0.0,0,true
src/main/org/apache/tools/ant/taskdefs/optional/ssh/SSHSession.java,255.0,12.0,20.0,8.0,41.0,25.0,0,0.0,0.0,0.0,0,true
src/main/org/apache/tools/ant/taskdefs/optional/ssh/Scp.java,352.0,12.0,226.0,24.0,80.0,74.0,0,0.0,0.0,0.0,0,true
src/main/org/apache/tools/ant/taskdefs/optional/ssh/ScpFromMessage.java,213.0,14.0,28.0,13.0,51.0,45.0,0,0.0,0.0,0.0,0,true
src/main/org/apache/tools/ant/taskdefs/optional/ssh/ScpFromMessageBySftp.java,141.0,9.0,1.0,6.0,46.0,23.0,0,0.0,0.0,0.0,0,true
src/main/org/apache/tools/ant/taskdefs/optional/ssh/ScpToMessageBySftp.java,202.0,9.0,34.0,13.0,45.0,42.0,0,0.0,0.0,0.0,0,true
src/main/org/apache/tools/ant/taskdefs/optional/unix/Symlink.java,548.0,24.0,193.0,23.0,101.0,90.0,1,0.006211180124223602,611.4029850746268,18474.101133507644,1,true
src/main/org/apache/tools/ant/types/AbstractFileSet.java,685.0,30.0,1439.0,63.0,183.0,168.0,1,0.006211180124223602,611.4029850746268,18474.101133507644,1,true
src/main/org/apache/tools/ant/types/FilterSet.java,510.0,9.0,264.0,25.0,98.0,89.0,1,0.006211180124223602,611.4029850746268,18474.101133507644,1,true
src/main/org/apache/tools/ant/types/resources/FileResource.java,276.0,12.0,270.0,25.0,86.0,73.0,2,0.012422360248447204,685.4029850746268,18677.74584062887,2,true
src/main/org/apache/tools/ant/types/resources/selectors/Name.java,88.0,5.0,16.0,9.0,8.0,19.0,0,0.0,0.0,0.0,0,true
src/main/org/apache/tools/ant/types/selectors/AbstractSelectorContainer.java,231.0,5.0,358.0,28.0,36.0,42.0,0,0.0,0.0,0.0,0,true
src/main/org/apache/tools/ant/types/selectors/BaseSelectorContainer.java,250.0,6.0,415.0,30.0,38.0,47.0,0,0.0,0.0,0.0,0,true
src/main/org/apache/tools/ant/types/selectors/FilenameSelector.java,157.0,5.0,8.0,9.0,20.0,27.0,0,0.0,0.0,0.0,0,true
src/main/org/apache/tools/ant/types/selectors/ReadableSelector.java,18.0,4.0,1.0,2.0,3.0,6.0,1,0.006211180124223602,611.4029850746268,18474.101133507644,1,true
src/main/org/apache/tools/ant/types/selectors/SelectorUtils.java,551.0,6.0,206.0,21.0,41.0,89.0,2,0.012422360248447204,685.4029850746268,18677.74584062887,2,true
src/main/org/apache/tools/ant/types/selectors/TokenizedPath.java,166.0,4.0,10.0,12.0,21.0,39.0,1,0.006211180124223602,611.4029850746268,18474.101133507644,1,false
src/main/org/apache/tools/ant/types/selectors/TokenizedPattern.java,131.0,1.0,36.0,13.0,18.0,41.0,1,0.006211180124223602,611.4029850746268,18474.101133507644,1,true
src/main/org/apache/tools/ant/types/selectors/WritableSelector.java,18.0,4.0,1.0,2.0,3.0,6.0,1,0.006211180124223602,611.4029850746268,18474.101133507644,1,true
src/main/org/apache/tools/ant/util/CollectionUtils.java,190.0,6.0,78.0,13.0,30.0,36.0,1,0.006211180124223602,611.4029850746268,18474.101133507644,1,true
src/main/org/apache/tools/ant/util/CompositeMapper.java,29.0,4.0,0.0,1.0,10.0,4.0,1,0.006211180124223602,611.4029850746268,18474.101133507644,1,false
src/main/org/apache/tools/ant/util/DateUtils.java,190.0,9.0,43.0,10.0,21.0,40.0,1,0.006211180124223602,611.4029850746268,18474.101133507644,1,true
src/main/org/apache/tools/ant/util/FileUtils.java,1239.0,27.0,1879.0,62.0,185.0,248.0,2,0.012422360248447204,685.4029850746268,18677.74584062887,2,true
src/main/org/apache/tools/ant/util/FirstMatchMapper.java,22.0,4.0,0.0,1.0,5.0,4.0,1,0.006211180124223602,611.4029850746268,18474.101133507644,1,false
src/main/org/apache/tools/ant/util/GlobPatternMapper.java,136.0,1.0,9.0,7.0,15.0,22.0,0,0.0,0.0,0.0,0,true
src/main/org/apache/tools/ant/util/LayoutPreservingProperties.java,556.0,15.0,191.0,23.0,75.0,77.0,0,0.0,0.0,0.0,0,true
src/main/org/apache/tools/ant/util/RegexpPatternMapper.java,122.0,4.0,0.0,7.0,13.0,26.0,0,0.0,0.0,0.0,0,true
src/main/org/apache/tools/ant/util/SymbolicLinkUtils.java,123.0,3.0,36.0,9.0,16.0,36.0,1,0.006211180124223602,611.4029850746268,18474.101133507644,1,false
src/main/org/apache/tools/ant/util/VectorSet.java,151.0,5.0,121.0,22.0,48.0,48.0,1,0.006211180124223602,611.4029850746268,18474.101133507644,1,true
src/main/org/apache/tools/bzip2/CBZip2InputStream.java,757.0,3.0,73.0,27.0,59.0,112.0,0,0.0,0.0,0.0,0,true
src/main/org/apache/tools/bzip2/CBZip2OutputStream.java,1259.0,2.0,328.0,33.0,52.0,122.0,1,0.006211180124223602,611.4029850746268,18474.101133507644,1,true
src/main/org/apache/tools/zip/ZipEntry.java,301.0,2.0,309.0,27.0,50.0,71.0,0,0.0,0.0,0.0,0,true
src/main/org/apache/tools/zip/ZipFile.java,426.0,12.0,82.0,17.0,53.0,76.0,0,0.0,0.0,0.0,0,true
src/main/org/apache/tools/zip/ZipOutputStream.java,671.0,13.0,223.0,27.0,104.0,96.0,0,0.0,0.0,0.0,0,true
src/tests/junit/org/apache/tools/ant/BuildFileTest.java,445.0,4.0,576.0,36.0,77.0,85.0,1,0.006211180124223602,611.4029850746268,18474.101133507644,1,true
src/tests/junit/org/apache/tools/ant/DirectoryScannerTest.java,352.0,8.0,459.0,31.0,218.0,56.0,1,0.006211180124223602,611.4029850746268,18474.101133507644,1,false
src/tests/junit/org/apache/tools/ant/taskdefs/CopyTest.java,168.0,5.0,345.0,27.0,97.0,36.0,1,0.006211180124223602,611.4029850746268,18474.101133507644,1,false
src/tests/junit/org/apache/tools/ant/taskdefs/DefaultExcludesTest.java,38.0,2.0,21.0,7.0,14.0,10.0,1,0.006211180124223602,611.4029850746268,18474.101133507644,1,false
src/tests/junit/org/apache/tools/ant/taskdefs/EchoTest.java,41.0,5.0,1.0,2.0,6.0,2.0,0,0.0,0.0,0.0,0,true
src/tests/junit/org/apache/tools/ant/taskdefs/SignJarTest.java,154.0,3.0,703.0,38.0,58.0,51.0,1,0.006211180124223602,611.4029850746268,18474.101133507644,1,true
src/tests/junit/org/apache/tools/ant/taskdefs/ZipTest.java,163.0,7.0,349.0,27.0,72.0,46.0,0,0.0,0.0,0.0,0,true
src/tests/junit/org/apache/tools/ant/taskdefs/optional/junit/JUnitTaskTest.java,176.0,7.0,190.0,20.0,59.0,33.0,1,0.006211180124223602,611.4029850746268,18474.101133507644,1,true
src/tests/junit/org/apache/tools/ant/taskdefs/optional/junit/JUnitTestListenerTest.java,42.0,1.0,25.0,10.0,22.0,14.0,1,0.006211180124223602,611.4029850746268,18474.101133507644,1,false
src/tests/junit/org/apache/tools/ant/taskdefs/optional/junit/TearDownOnVmCrashTest.java,13.0,1.0,3.0,3.0,5.0,4.0,1,0.006211180124223602,611.4029850746268,18474.101133507644,1,true
src/tests/junit/org/apache/tools/ant/taskdefs/optional/ssh/ScpTest.java,127.0,10.0,27.0,10.0,57.0,22.0,0,0.0,0.0,0.0,0,true
src/tests/junit/org/apache/tools/ant/taskdefs/optional/unix/SymlinkTest.java,169.0,4.0,0.0,8.0,36.0,17.0,2,0.012422360248447204,685.4029850746268,18677.74584062887,2,false
src/tests/junit/org/apache/tools/ant/types/selectors/FilenameSelectorTest.java,80.0,3.0,6.0,4.0,18.0,8.0,0,0.0,0.0,0.0,0,false
src/tests/junit/org/apache/tools/ant/util/DateUtilsTest.java,56.0,3.0,28.0,8.0,29.0,14.0,1,0.006211180124223602,611.4029850746268,18474.101133507644,1,false
src/tests/junit/org/apache/tools/ant/util/LayoutPreservingPropertiesTest.java,193.0,7.0,55.0,11.0,85.0,34.0,0,0.0,0.0,0.0,0,true
src/tests/junit/org/apache/tools/ant/util/VectorSetTest.java,138.0,2.0,0.0,20.0,104.0,22.0,1,0.006211180124223602,611.4029850746268,18474.101133507644,1,false
src/tests/junit/org/apache/tools/bzip2/CBZip2StreamTest.java,14.0,4.0,1.0,2.0,2.0,5.0,0,0.0,0.0,0.0,0,true
src/tests/junit/org/example/junit/MultilineAsserts.java,14.0,1.0,6.0,4.0,4.0,4.0,1,0.006211180124223602,611.4029850746268,18474.101133507644,1,true
src/tests/junit/org/example/junit/Timeout.java,8.0,1.0,1.0,2.0,2.0,3.0,1,0.006211180124223602,611.4029850746268,18474.101133507644,1,true
