name,LOC,CBO,LCOM,NOM,RFC,WMC,numOfChanges,bccm,structuralWorkloadSum,semanticWorkloadSum,numberOfDeveloper,isBuggy
src/main/org/apache/tools/ant/BuildException.java,113.0,0.0,25.0,11.0,4.0,22.0,0,0.0,0.0,0.0,0,true
src/main/org/apache/tools/ant/BuildListener.java,65.0,1.0,21.0,7.0,0.0,17.0,0,0.0,0.0,0.0,0,true
src/main/org/apache/tools/ant/DefaultLogger.java,307.0,9.0,164.0,20.0,44.0,51.0,0,0.0,0.0,0.0,0,true
src/main/org/apache/tools/ant/Main.java,971.0,21.0,349.0,31.0,184.0,139.0,2,0.023255813953488372,246.06349206349205,4767.370819913407,2,true
src/main/org/apache/tools/ant/Project.java,1991.0,31.0,6931.0,122.0,268.0,365.0,0,0.0,0.0,0.0,0,true
src/main/org/apache/tools/ant/ProjectHelper.java,416.0,7.0,429.0,30.0,49.0,88.0,2,0.023255813953488372,246.06349206349205,4767.370819913407,2,true
src/main/org/apache/tools/ant/ProjectHelperRepository.java,179.0,12.0,14.0,9.0,44.0,35.0,2,0.023255813953488372,246.06349206349205,4767.370819913407,2,true
src/main/org/apache/tools/ant/PropertyHelper.java,892.0,16.0,1003.0,50.0,125.0,166.0,1,0.011627906976744186,237.77777777777777,4721.002199064726,1,true
src/main/org/apache/tools/ant/RuntimeConfigurable.java,372.0,13.0,194.0,24.0,45.0,64.0,0,0.0,0.0,0.0,0,true
src/main/org/apache/tools/ant/Target.java,380.0,8.0,280.0,29.0,56.0,79.0,1,0.011627906976744186,237.77777777777777,4721.002199064726,1,true
src/main/org/apache/tools/ant/filters/SortFilter.java,281.0,9.0,46.0,12.0,32.0,36.0,0,0.0,0.0,0.0,0,true
src/main/org/apache/tools/ant/filters/UniqFilter.java,13.0,0.0,0.0,1.0,1.0,2.0,0,0.0,0.0,0.0,0,false
src/main/org/apache/tools/ant/filters/util/ChainReaderHelper.java,214.0,20.0,54.0,12.0,32.0,37.0,1,0.011627906976744186,237.77777777777777,4721.002199064726,1,true
src/main/org/apache/tools/ant/launch/Locator.java,376.0,9.0,76.0,13.0,71.0,63.0,0,0.0,0.0,0.0,0,true
src/main/org/apache/tools/ant/property/ParseNextProperty.java,20.0,2.0,1.0,2.0,0.0,5.0,1,0.011627906976744186,237.77777777777777,4721.002199064726,1,false
src/main/org/apache/tools/ant/property/ParseProperties.java,145.0,4.0,9.0,7.0,23.0,24.0,1,0.011627906976744186,237.77777777777777,4721.002199064726,1,false
src/main/org/apache/tools/ant/property/PropertyExpander.java,23.0,2.0,0.0,1.0,0.0,5.0,1,0.011627906976744186,237.77777777777777,4721.002199064726,1,false
src/main/org/apache/tools/ant/taskdefs/AbstractCvsTask.java,673.0,17.0,896.0,45.0,83.0,106.0,0,0.0,0.0,0.0,0,true
src/main/org/apache/tools/ant/taskdefs/Ant.java,689.0,23.0,214.0,29.0,136.0,86.0,1,0.011627906976744186,8.285714285714286,46.36862084868148,1,true
src/main/org/apache/tools/ant/taskdefs/Concat.java,767.0,40.0,380.0,32.0,51.0,78.0,0,0.0,0.0,0.0,0,true
src/main/org/apache/tools/ant/taskdefs/Delete.java,641.0,42.0,232.0,49.0,61.0,88.0,0,0.0,0.0,0.0,0,true
src/main/org/apache/tools/ant/taskdefs/EchoXML.java,98.0,11.0,0.0,4.0,6.0,9.0,1,0.011627906976744186,237.77777777777777,4721.002199064726,1,true
src/main/org/apache/tools/ant/taskdefs/Execute.java,976.0,19.0,391.0,31.0,102.0,103.0,0,0.0,0.0,0.0,0,true
src/main/org/apache/tools/ant/taskdefs/Exit.java,178.0,7.0,52.0,13.0,21.0,36.0,1,0.011627906976744186,237.77777777777777,4721.002199064726,1,true
src/main/org/apache/tools/ant/taskdefs/Expand.java,374.0,27.0,197.0,22.0,72.0,57.0,1,0.011627906976744186,237.77777777777777,4721.002199064726,1,true
src/main/org/apache/tools/ant/taskdefs/Get.java,590.0,25.0,117.0,18.0,55.0,50.0,1,0.011627906976744186,237.77777777777777,4721.002199064726,1,true
src/main/org/apache/tools/ant/taskdefs/JDBCTask.java,401.0,22.0,261.0,26.0,37.0,63.0,0,0.0,0.0,0.0,0,true
src/main/org/apache/tools/ant/taskdefs/Jar.java,943.0,38.0,561.0,38.0,165.0,150.0,1,0.011627906976744186,237.77777777777777,4721.002199064726,1,true
src/main/org/apache/tools/ant/taskdefs/Javac.java,966.0,20.0,3429.0,86.0,115.0,227.0,1,0.011627906976744186,237.77777777777777,4721.002199064726,1,true
src/main/org/apache/tools/ant/taskdefs/Javadoc.java,2003.0,33.0,5133.0,106.0,332.0,265.0,1,0.011627906976744186,237.77777777777777,4721.002199064726,1,true
src/main/org/apache/tools/ant/taskdefs/Manifest.java,950.0,13.0,47.0,18.0,55.0,67.0,0,0.0,0.0,0.0,0,true
src/main/org/apache/tools/ant/taskdefs/ManifestClassPath.java,121.0,7.0,2.0,5.0,20.0,14.0,1,0.011627906976744186,237.77777777777777,4721.002199064726,1,true
src/main/org/apache/tools/ant/taskdefs/ManifestTask.java,214.0,14.0,25.0,10.0,26.0,29.0,0,0.0,0.0,0.0,0,true
src/main/org/apache/tools/ant/taskdefs/Parallel.java,384.0,11.0,50.0,13.0,28.0,41.0,0,0.0,0.0,0.0,0,true
src/main/org/apache/tools/ant/taskdefs/PathConvert.java,368.0,19.0,174.0,21.0,45.0,55.0,0,0.0,0.0,0.0,0,true
src/main/org/apache/tools/ant/taskdefs/Property.java,612.0,21.0,688.0,41.0,96.0,103.0,2,0.023255813953488372,237.77777777777777,4721.002199064726,2,true
src/main/org/apache/tools/ant/taskdefs/Recorder.java,247.0,10.0,141.0,18.0,32.0,34.0,0,0.0,0.0,0.0,0,true
src/main/org/apache/tools/ant/taskdefs/RecorderEntry.java,271.0,10.0,261.0,26.0,44.0,58.0,0,0.0,0.0,0.0,0,true
src/main/org/apache/tools/ant/taskdefs/Replace.java,783.0,27.0,258.0,28.0,89.0,72.0,1,0.011627906976744186,237.77777777777777,4721.002199064726,1,true
src/main/org/apache/tools/ant/taskdefs/Rmic.java,667.0,18.0,1372.0,56.0,78.0,148.0,1,0.011627906976744186,237.77777777777777,4721.002199064726,1,true
src/main/org/apache/tools/ant/taskdefs/SQLExec.java,911.0,37.0,856.0,44.0,126.0,125.0,0,0.0,0.0,0.0,0,true
src/main/org/apache/tools/ant/taskdefs/SubAnt.java,492.0,16.0,389.0,31.0,78.0,75.0,2,0.023255813953488372,10.285714285714286,49.88852071306466,2,true
src/main/org/apache/tools/ant/taskdefs/Tar.java,753.0,33.0,130.0,21.0,156.0,77.0,1,0.011627906976744186,237.77777777777777,4721.002199064726,1,true
src/main/org/apache/tools/ant/taskdefs/Touch.java,286.0,23.0,205.0,23.0,55.0,56.0,0,0.0,0.0,0.0,0,true
src/main/org/apache/tools/ant/taskdefs/WhichResource.java,146.0,7.0,8.0,8.0,18.0,21.0,1,0.011627906976744186,237.77777777777777,4721.002199064726,1,true
src/main/org/apache/tools/ant/taskdefs/XSLTProcess.java,1271.0,26.0,1275.0,54.0,131.0,157.0,1,0.011627906976744186,237.77777777777777,4721.002199064726,1,true
src/main/org/apache/tools/ant/taskdefs/Zip.java,1609.0,49.0,2184.0,76.0,284.0,239.0,0,0.0,0.0,0.0,0,true
src/main/org/apache/tools/ant/taskdefs/compilers/CompilerAdapterFactory.java,130.0,6.0,8.0,5.0,13.0,21.0,1,0.011627906976744186,237.77777777777777,4721.002199064726,1,true
src/main/org/apache/tools/ant/taskdefs/compilers/DefaultCompilerAdapter.java,483.0,17.0,93.0,23.0,110.0,78.0,0,0.0,0.0,0.0,0,true
src/main/org/apache/tools/ant/taskdefs/compilers/Javac12.java,42.0,9.0,0.0,1.0,11.0,7.0,0,0.0,0.0,0.0,0,true
src/main/org/apache/tools/ant/taskdefs/condition/HasMethod.java,145.0,7.0,29.0,11.0,26.0,32.0,1,0.011627906976744186,237.77777777777777,4721.002199064726,1,true
src/main/org/apache/tools/ant/taskdefs/condition/Http.java,78.0,8.0,0.0,4.0,5.0,11.0,1,0.011627906976744186,237.77777777777777,4721.002199064726,1,true
src/main/org/apache/tools/ant/taskdefs/condition/IsLastModified.java,149.0,10.0,25.0,10.0,14.0,30.0,0,0.0,0.0,0.0,0,false
src/main/org/apache/tools/ant/taskdefs/condition/IsReachable.java,161.0,9.0,4.0,5.0,11.0,14.0,0,0.0,0.0,0.0,0,true
src/main/org/apache/tools/ant/taskdefs/condition/ResourceExists.java,28.0,3.0,0.0,3.0,2.0,9.0,0,0.0,0.0,0.0,0,false
src/main/org/apache/tools/ant/taskdefs/optional/Javah.java,411.0,17.0,444.0,33.0,53.0,83.0,1,0.011627906976744186,237.77777777777777,4721.002199064726,1,true
src/main/org/apache/tools/ant/taskdefs/optional/Native2Ascii.java,229.0,14.0,86.0,17.0,31.0,46.0,1,0.011627906976744186,237.77777777777777,4721.002199064726,1,true
src/main/org/apache/tools/ant/taskdefs/optional/PropertyFile.java,563.0,22.0,23.0,10.0,21.0,24.0,1,0.011627906976744186,2.0,3.519899864383179,1,true
src/main/org/apache/tools/ant/taskdefs/optional/ReplaceRegExp.java,415.0,26.0,60.0,16.0,45.0,51.0,0,0.0,0.0,0.0,0,true
src/main/org/apache/tools/ant/taskdefs/optional/SchemaValidate.java,439.0,15.0,102.0,16.0,47.0,44.0,1,0.011627906976744186,237.77777777777777,4721.002199064726,1,false
src/main/org/apache/tools/ant/taskdefs/optional/TraXLiaison.java,478.0,43.0,218.0,24.0,111.0,80.0,1,0.011627906976744186,237.77777777777777,4721.002199064726,1,true
src/main/org/apache/tools/ant/taskdefs/optional/XMLValidateTask.java,600.0,27.0,283.0,27.0,68.0,82.0,1,0.011627906976744186,237.77777777777777,4721.002199064726,1,true
src/main/org/apache/tools/ant/taskdefs/optional/ejb/GenericDeploymentTool.java,718.0,24.0,314.0,33.0,145.0,112.0,1,0.011627906976744186,237.77777777777777,4721.002199064726,1,true
src/main/org/apache/tools/ant/taskdefs/optional/ejb/JonasDeploymentTool.java,591.0,10.0,295.0,27.0,83.0,72.0,1,0.011627906976744186,237.77777777777777,4721.002199064726,1,true
src/main/org/apache/tools/ant/taskdefs/optional/ejb/WeblogicDeploymentTool.java,707.0,22.0,413.0,31.0,115.0,83.0,0,0.0,0.0,0.0,0,true
src/main/org/apache/tools/ant/taskdefs/optional/ejb/WebsphereDeploymentTool.java,681.0,17.0,436.0,32.0,98.0,78.0,1,0.011627906976744186,237.77777777777777,4721.002199064726,1,true
src/main/org/apache/tools/ant/taskdefs/optional/image/Image.java,308.0,23.0,103.0,19.0,51.0,45.0,0,0.0,0.0,0.0,0,true
src/main/org/apache/tools/ant/taskdefs/optional/javacc/JavaCC.java,417.0,13.0,10.0,33.0,67.0,65.0,1,0.011627906976744186,237.77777777777777,4721.002199064726,1,true
src/main/org/apache/tools/ant/taskdefs/optional/javah/JavahAdapterFactory.java,66.0,5.0,6.0,4.0,9.0,17.0,1,0.011627906976744186,237.77777777777777,4721.002199064726,1,true
src/main/org/apache/tools/ant/taskdefs/optional/jsp/JspC.java,552.0,13.0,734.0,41.0,59.0,102.0,1,0.011627906976744186,237.77777777777777,4721.002199064726,1,true
src/main/org/apache/tools/ant/taskdefs/optional/jsp/compilers/JspCompilerAdapterFactory.java,77.0,5.0,6.0,4.0,7.0,16.0,1,0.011627906976744186,237.77777777777777,4721.002199064726,1,true
src/main/org/apache/tools/ant/taskdefs/optional/junit/BatchTest.java,151.0,9.0,28.0,9.0,40.0,28.0,1,0.011627906976744186,237.77777777777777,4721.002199064726,1,true
src/main/org/apache/tools/ant/taskdefs/optional/junit/Constants.java,18.0,0.0,0.0,0.0,0.0,0.0,0,0.0,0.0,0.0,0,true
src/main/org/apache/tools/ant/taskdefs/optional/junit/JUnitTask.java,1560.0,41.0,2448.0,73.0,330.0,248.0,1,0.011627906976744186,237.77777777777777,4721.002199064726,1,true
src/main/org/apache/tools/ant/taskdefs/optional/junit/JUnitTestRunner.java,831.0,28.0,1231.0,54.0,157.0,149.0,0,0.0,0.0,0.0,0,true
src/main/org/apache/tools/ant/taskdefs/optional/native2ascii/Native2AsciiAdapterFactory.java,66.0,5.0,6.0,4.0,9.0,17.0,1,0.011627906976744186,237.77777777777777,4721.002199064726,1,true
src/main/org/apache/tools/ant/taskdefs/optional/net/FTP.java,2230.0,36.0,1984.0,68.0,205.0,231.0,0,0.0,0.0,0.0,0,true
src/main/org/apache/tools/ant/taskdefs/optional/net/FTPConfigurator.java,61.0,4.0,0.0,1.0,16.0,7.0,0,0.0,0.0,0.0,0,false
src/main/org/apache/tools/ant/taskdefs/optional/net/FTPTask.java,746.0,14.0,2732.0,76.0,41.0,185.0,0,0.0,0.0,0.0,0,false
src/main/org/apache/tools/ant/taskdefs/optional/net/FTPTaskConfig.java,9.0,0.0,21.0,7.0,0.0,7.0,0,0.0,0.0,0.0,0,false
src/main/org/apache/tools/ant/taskdefs/optional/net/FTPTaskMirror.java,3.0,1.0,0.0,1.0,0.0,2.0,0,0.0,0.0,0.0,0,false
src/main/org/apache/tools/ant/taskdefs/optional/net/FTPTaskMirrorImpl.java,1603.0,32.0,0.0,26.0,234.0,123.0,0,0.0,0.0,0.0,0,true
src/main/org/apache/tools/ant/taskdefs/optional/net/SetProxy.java,216.0,7.0,25.0,10.0,10.0,17.0,0,0.0,0.0,0.0,0,true
src/main/org/apache/tools/ant/taskdefs/optional/ssh/ScpFromMessage.java,213.0,14.0,28.0,13.0,51.0,45.0,1,0.011627906976744186,237.77777777777777,4721.002199064726,1,true
src/main/org/apache/tools/ant/taskdefs/optional/ssh/ScpFromMessageBySftp.java,141.0,9.0,1.0,6.0,46.0,23.0,1,0.011627906976744186,237.77777777777777,4721.002199064726,1,true
src/main/org/apache/tools/ant/taskdefs/rmic/DefaultRmicAdapter.java,366.0,11.0,61.0,15.0,49.0,43.0,0,0.0,0.0,0.0,0,true
src/main/org/apache/tools/ant/taskdefs/rmic/RmicAdapterFactory.java,98.0,5.0,6.0,4.0,10.0,16.0,1,0.011627906976744186,237.77777777777777,4721.002199064726,1,true
src/main/org/apache/tools/ant/types/Description.java,78.0,8.0,6.0,4.0,21.0,16.0,1,0.011627906976744186,8.285714285714286,46.36862084868148,1,true
src/main/org/apache/tools/ant/types/Mapper.java,250.0,6.0,65.0,15.0,52.0,48.0,1,0.011627906976744186,237.77777777777777,4721.002199064726,1,true
src/main/org/apache/tools/ant/types/Path.java,605.0,14.0,538.0,36.0,130.0,125.0,0,0.0,0.0,0.0,0,true
src/main/org/apache/tools/ant/types/PatternSet.java,460.0,11.0,177.0,23.0,98.0,81.0,1,0.011627906976744186,237.77777777777777,4721.002199064726,1,true
src/main/org/apache/tools/ant/types/RegularExpression.java,104.0,3.0,1.0,7.0,14.0,18.0,0,0.0,0.0,0.0,0,true
src/main/org/apache/tools/ant/types/XMLCatalog.java,788.0,25.0,232.0,24.0,131.0,99.0,1,0.011627906976744186,237.77777777777777,4721.002199064726,1,true
src/main/org/apache/tools/ant/types/optional/depend/ClassfileSet.java,129.0,7.0,10.0,8.0,34.0,16.0,0,0.0,0.0,0.0,0,true
src/main/org/apache/tools/ant/types/optional/depend/DependScanner.java,159.0,8.0,108.0,16.0,19.0,35.0,0,0.0,0.0,0.0,0,true
src/main/org/apache/tools/ant/types/resources/AbstractClasspathResource.java,191.0,10.0,57.0,14.0,50.0,45.0,1,0.011627906976744186,237.77777777777777,4721.002199064726,1,true
src/main/org/apache/tools/ant/types/resources/ArchiveResource.java,230.0,7.0,180.0,21.0,57.0,57.0,0,0.0,0.0,0.0,0,true
src/main/org/apache/tools/ant/types/resources/BaseResourceCollectionContainer.java,216.0,12.0,74.0,16.0,59.0,53.0,0,0.0,0.0,0.0,0,true
src/main/org/apache/tools/ant/types/resources/Resources.java,223.0,14.0,149.0,19.0,42.0,46.0,0,0.0,0.0,0.0,0,true
src/main/org/apache/tools/ant/types/resources/TarResource.java,153.0,10.0,47.0,11.0,54.0,42.0,0,0.0,0.0,0.0,0,false
src/main/org/apache/tools/ant/types/resources/URLProvider.java,13.0,1.0,0.0,1.0,0.0,2.0,1,0.011627906976744186,237.77777777777777,4721.002199064726,1,false
src/main/org/apache/tools/ant/types/resources/URLResource.java,312.0,15.0,217.0,23.0,71.0,72.0,1,0.011627906976744186,237.77777777777777,4721.002199064726,1,true
src/main/org/apache/tools/ant/types/resources/ZipResource.java,176.0,14.0,110.0,16.0,51.0,42.0,0,0.0,0.0,0.0,0,true
src/main/org/apache/tools/ant/types/resources/selectors/Name.java,114.0,5.0,40.0,12.0,11.0,27.0,1,0.011627906976744186,237.77777777777777,4721.002199064726,1,true
src/main/org/apache/tools/ant/types/selectors/ExtendSelector.java,149.0,8.0,19.0,10.0,28.0,34.0,1,0.011627906976744186,237.77777777777777,4721.002199064726,1,true
src/main/org/apache/tools/ant/types/selectors/SelectSelector.java,179.0,4.0,95.0,15.0,33.0,43.0,1,0.011627906976744186,237.77777777777777,4721.002199064726,1,true
src/main/org/apache/tools/ant/types/selectors/SelectorUtils.java,547.0,5.0,206.0,21.0,41.0,90.0,1,0.011627906976744186,237.77777777777777,4721.002199064726,1,true
src/main/org/apache/tools/ant/types/selectors/TokenizedPattern.java,131.0,1.0,36.0,13.0,18.0,41.0,1,0.011627906976744186,237.77777777777777,4721.002199064726,1,true
src/main/org/apache/tools/ant/types/selectors/modifiedselector/ModifiedSelector.java,761.0,18.0,678.0,40.0,89.0,109.0,1,0.011627906976744186,237.77777777777777,4721.002199064726,1,true
src/main/org/apache/tools/ant/util/FileUtils.java,1266.0,28.0,2066.0,65.0,176.0,256.0,0,0.0,0.0,0.0,0,true
src/main/org/apache/tools/ant/util/GlobPatternMapper.java,141.0,1.0,9.0,7.0,16.0,23.0,1,0.011627906976744186,237.77777777777777,4721.002199064726,1,true
src/main/org/apache/tools/ant/util/JavaEnvUtils.java,393.0,6.0,83.0,15.0,18.0,53.0,0,0.0,0.0,0.0,0,true
src/main/org/apache/tools/ant/util/MergingMapper.java,38.0,0.0,8.0,5.0,1.0,6.0,1,0.011627906976744186,237.77777777777777,4721.002199064726,1,true
src/main/org/apache/tools/ant/util/ResourceUtils.java,557.0,34.0,153.0,18.0,95.0,76.0,0,0.0,0.0,0.0,0,true
src/main/org/apache/tools/ant/util/SplitClassLoader.java,41.0,3.0,1.0,3.0,8.0,10.0,0,0.0,0.0,0.0,0,false
src/main/org/apache/tools/ant/util/regexp/RegexpFactory.java,51.0,4.0,6.0,4.0,5.0,14.0,0,0.0,0.0,0.0,0,true
src/main/org/apache/tools/ant/util/regexp/RegexpMatcherFactory.java,77.0,4.0,15.0,6.0,7.0,24.0,0,0.0,0.0,0.0,0,true
src/main/org/apache/tools/tar/TarEntry.java,537.0,3.0,368.0,37.0,54.0,81.0,1,0.011627906976744186,237.77777777777777,4721.002199064726,1,true
src/tests/junit/org/apache/tools/ant/DefaultLoggerTest.java,30.0,3.0,6.0,4.0,9.0,8.0,0,0.0,0.0,0.0,0,false
src/tests/junit/org/apache/tools/ant/IntrospectionHelperTest.java,574.0,13.0,1542.0,60.0,136.0,108.0,0,0.0,0.0,0.0,0,false
src/tests/junit/org/apache/tools/ant/UnknownElementTest.java,69.0,3.0,55.0,11.0,22.0,13.0,0,0.0,0.0,0.0,0,false
src/tests/junit/org/apache/tools/ant/launch/LocatorTest.java,130.0,3.0,112.0,16.0,32.0,38.0,0,0.0,0.0,0.0,0,true
src/tests/junit/org/apache/tools/ant/taskdefs/AntTest.java,394.0,8.0,666.0,37.0,92.0,50.0,0,0.0,0.0,0.0,0,false
src/tests/junit/org/apache/tools/ant/taskdefs/ExecuteJavaTest.java,74.0,5.0,8.0,8.0,35.0,19.0,0,0.0,0.0,0.0,0,false
src/tests/junit/org/apache/tools/ant/taskdefs/JavacTest.java,155.0,6.0,0.0,13.0,59.0,21.0,0,0.0,0.0,0.0,0,false
src/tests/junit/org/apache/tools/ant/taskdefs/ManifestClassPathTest.java,98.0,3.0,120.0,16.0,42.0,30.0,1,0.011627906976744186,237.77777777777777,4721.002199064726,1,true
src/tests/junit/org/apache/tools/ant/taskdefs/ProcessDestroyerTest.java,39.0,2.0,3.0,3.0,15.0,6.0,0,0.0,0.0,0.0,0,false
src/tests/junit/org/apache/tools/ant/taskdefs/RmicAdvancedTest.java,299.0,4.0,946.0,44.0,44.0,111.0,0,0.0,0.0,0.0,0,true
src/tests/junit/org/apache/tools/ant/taskdefs/SQLExecTest.java,217.0,10.0,62.0,13.0,60.0,29.0,0,0.0,0.0,0.0,0,true
src/tests/junit/org/apache/tools/ant/taskdefs/optional/PropertyFileTest.java,126.0,5.0,66.0,12.0,42.0,23.0,0,0.0,0.0,0.0,0,false
src/tests/junit/org/apache/tools/ant/taskdefs/optional/image/ImageTest.java,68.0,3.0,33.0,10.0,29.0,16.0,0,0.0,0.0,0.0,0,true
src/tests/junit/org/apache/tools/ant/types/CommandlineJavaTest.java,121.0,3.0,7.0,7.0,52.0,15.0,0,0.0,0.0,0.0,0,false
src/tests/junit/org/apache/tools/ant/util/FileUtilsTest.java,389.0,6.0,26.0,20.0,100.0,55.0,0,0.0,0.0,0.0,0,false
