name,LOC,CBO,LCOM,NOM,RFC,WMC,numOfChanges,bccm,structuralWorkloadSum,semanticWorkloadSum,numberOfDeveloper,isBuggy
src/main/org/apache/tools/ant/ExtensionPoint.java,20.0,0.0,0.0,2.0,0.0,4.0,1,0.003703703703703704,2948.443438914027,56143.113402061856,1,true
src/main/org/apache/tools/ant/MagicNames.java,186.0,1.0,0.0,1.0,0.0,1.0,0,0.0,0.0,0.0,0,true
src/main/org/apache/tools/ant/Main.java,972.0,21.0,349.0,31.0,184.0,139.0,0,0.0,0.0,0.0,0,true
src/main/org/apache/tools/ant/ProjectHelper.java,417.0,8.0,429.0,30.0,49.0,88.0,2,0.007407407407407408,3025.212669683258,56406.57178787027,2,true
src/main/org/apache/tools/ant/ProjectHelperRepository.java,197.0,12.0,13.0,10.0,51.0,41.0,0,0.0,0.0,0.0,0,true
src/main/org/apache/tools/ant/filters/SortFilter.java,292.0,9.0,46.0,12.0,32.0,36.0,1,0.003703703703703704,2948.443438914027,56143.113402061856,1,true
src/main/org/apache/tools/ant/filters/SuffixLines.java,130.0,3.0,9.0,7.0,16.0,21.0,2,0.007407407407407408,3025.212669683258,56406.57178787027,2,false
src/main/org/apache/tools/ant/helper/AntXMLContext.java,345.0,16.0,383.0,31.0,30.0,65.0,0,0.0,0.0,0.0,0,true
src/main/org/apache/tools/ant/helper/ProjectHelper2.java,935.0,35.0,62.0,13.0,60.0,33.0,1,0.003703703703703704,2948.443438914027,56143.113402061856,1,true
src/main/org/apache/tools/ant/input/SecureInputHandler.java,34.0,2.0,1.0,2.0,7.0,7.0,1,0.003703703703703704,8.0,4.214355040170661,1,false
src/main/org/apache/tools/ant/taskdefs/AntStructure.java,371.0,17.0,6.0,5.0,17.0,14.0,1,0.003703703703703704,2948.443438914027,56143.113402061856,1,true
src/main/org/apache/tools/ant/taskdefs/Antlib.java,114.0,14.0,5.0,6.0,34.0,17.0,0,0.0,0.0,0.0,0,true
src/main/org/apache/tools/ant/taskdefs/CloseResources.java,27.0,9.0,0.0,2.0,8.0,5.0,1,0.003703703703703704,2948.443438914027,56143.113402061856,1,true
src/main/org/apache/tools/ant/taskdefs/Execute.java,974.0,19.0,391.0,31.0,102.0,103.0,1,0.003703703703703704,2948.443438914027,56143.113402061856,1,true
src/main/org/apache/tools/ant/taskdefs/Expand.java,375.0,27.0,197.0,22.0,72.0,57.0,1,0.003703703703703704,2948.443438914027,56143.113402061856,1,true
src/main/org/apache/tools/ant/taskdefs/FixCRLF.java,533.0,18.0,36.0,17.0,43.0,43.0,1,0.003703703703703704,2948.443438914027,56143.113402061856,1,true
src/main/org/apache/tools/ant/taskdefs/ImportTask.java,183.0,22.0,37.0,11.0,45.0,30.0,0,0.0,0.0,0.0,0,true
src/main/org/apache/tools/ant/taskdefs/Jar.java,943.0,38.0,561.0,38.0,165.0,150.0,2,0.007407407407407408,3025.212669683258,56406.57178787027,2,true
src/main/org/apache/tools/ant/taskdefs/KeySubst.java,145.0,11.0,13.0,7.0,26.0,25.0,1,0.003703703703703704,2948.443438914027,56143.113402061856,1,true
src/main/org/apache/tools/ant/taskdefs/Redirector.java,779.0,27.0,260.0,40.0,64.0,111.0,0,0.0,0.0,0.0,0,true
src/main/org/apache/tools/ant/taskdefs/SubAnt.java,509.0,16.0,420.0,32.0,81.0,79.0,0,0.0,0.0,0.0,0,true
src/main/org/apache/tools/ant/taskdefs/Tar.java,758.0,33.0,130.0,21.0,158.0,77.0,1,0.003703703703703704,2948.443438914027,56143.113402061856,1,true
src/main/org/apache/tools/ant/taskdefs/Zip.java,1638.0,49.0,2413.0,79.0,288.0,248.0,1,0.003703703703703704,2948.443438914027,56143.113402061856,1,true
src/main/org/apache/tools/ant/taskdefs/email/Message.java,116.0,9.0,37.0,11.0,10.0,22.0,1,0.003703703703703704,2948.443438914027,56143.113402061856,1,true
src/main/org/apache/tools/ant/taskdefs/optional/Cab.java,244.0,18.0,38.0,13.0,63.0,40.0,1,0.003703703703703704,2948.443438914027,56143.113402061856,1,true
src/main/org/apache/tools/ant/taskdefs/optional/PropertyFile.java,577.0,23.0,23.0,10.0,25.0,24.0,0,0.0,0.0,0.0,0,true
src/main/org/apache/tools/ant/taskdefs/optional/ReplaceRegExp.java,416.0,26.0,60.0,16.0,45.0,51.0,1,0.003703703703703704,2948.443438914027,56143.113402061856,1,true
src/main/org/apache/tools/ant/taskdefs/optional/i18n/Translate.java,483.0,18.0,93.0,18.0,66.0,56.0,1,0.003703703703703704,2948.443438914027,56143.113402061856,1,true
src/main/org/apache/tools/ant/taskdefs/optional/junit/BaseTest.java,184.0,2.0,194.0,21.0,6.0,39.0,0,0.0,0.0,0.0,0,true
src/main/org/apache/tools/ant/taskdefs/optional/junit/BatchTest.java,151.0,9.0,28.0,9.0,42.0,28.0,0,0.0,0.0,0.0,0,true
src/main/org/apache/tools/ant/taskdefs/optional/junit/BriefJUnitResultFormatter.java,201.0,10.0,60.0,13.0,27.0,38.0,1,0.003703703703703704,2948.443438914027,56143.113402061856,1,true
src/main/org/apache/tools/ant/taskdefs/optional/junit/FailureRecorder.java,331.0,21.0,250.0,24.0,46.0,43.0,2,0.007407407407407408,3025.212669683258,56406.57178787027,2,true
src/main/org/apache/tools/ant/taskdefs/optional/junit/FormatterElement.java,292.0,12.0,100.0,17.0,20.0,57.0,0,0.0,0.0,0.0,0,true
src/main/org/apache/tools/ant/taskdefs/optional/junit/JUnitTest.java,183.0,6.0,147.0,19.0,16.0,37.0,0,0.0,0.0,0.0,0,true
src/main/org/apache/tools/ant/taskdefs/optional/junit/JUnitTestRunner.java,830.0,29.0,1231.0,54.0,158.0,149.0,2,0.007407407407407408,3025.212669683258,56406.57178787027,2,true
src/main/org/apache/tools/ant/taskdefs/optional/junit/XMLJUnitResultFormatter.java,225.0,22.0,71.0,15.0,58.0,41.0,1,0.003703703703703704,2948.443438914027,56143.113402061856,1,true
src/main/org/apache/tools/ant/taskdefs/optional/net/FTP.java,2216.0,36.0,1984.0,68.0,205.0,229.0,1,0.003703703703703704,2948.443438914027,56143.113402061856,1,true
src/main/org/apache/tools/ant/taskdefs/optional/pvcs/Pvcs.java,538.0,22.0,528.0,36.0,76.0,92.0,1,0.003703703703703704,2948.443438914027,56143.113402061856,1,true
src/main/org/apache/tools/ant/taskdefs/optional/script/ScriptDef.java,292.0,20.0,25.0,15.0,46.0,31.0,1,0.003703703703703704,2948.443438914027,56143.113402061856,1,true
src/main/org/apache/tools/ant/taskdefs/optional/sound/AntSoundPlayer.java,185.0,15.0,87.0,14.0,29.0,36.0,1,0.003703703703703704,2948.443438914027,56143.113402061856,1,true
src/main/org/apache/tools/ant/taskdefs/optional/ssh/SSHBase.java,177.0,6.0,104.0,20.0,17.0,40.0,0,0.0,0.0,0.0,0,true
src/main/org/apache/tools/ant/taskdefs/optional/ssh/SSHExec.java,300.0,20.0,46.0,13.0,53.0,40.0,0,0.0,0.0,0.0,0,true
src/main/org/apache/tools/ant/taskdefs/optional/ssh/Scp.java,361.0,12.0,226.0,24.0,82.0,74.0,1,0.003703703703703704,28.0,8.635148416000922,1,true
src/main/org/apache/tools/ant/taskdefs/optional/unix/Symlink.java,466.0,23.0,126.0,21.0,86.0,78.0,1,0.003703703703703704,8.0,4.214355040170661,1,true
src/main/org/apache/tools/ant/types/FilterChain.java,310.0,21.0,0.0,26.0,105.0,81.0,1,0.003703703703703704,2948.443438914027,56143.113402061856,1,true
src/main/org/apache/tools/ant/types/resources/AbstractClasspathResource.java,218.0,10.0,71.0,15.0,53.0,48.0,0,0.0,0.0,0.0,0,true
src/main/org/apache/tools/ant/types/resources/ArchiveResource.java,237.0,7.0,180.0,21.0,57.0,57.0,1,0.003703703703703704,89.91304347826087,529.9015997851565,1,true
src/main/org/apache/tools/ant/types/resources/CompressedResource.java,34.0,1.0,6.0,4.0,2.0,7.0,1,0.003703703703703704,89.91304347826087,529.9015997851565,1,false
src/main/org/apache/tools/ant/types/resources/ContentTransformingResource.java,128.0,6.0,45.0,10.0,19.0,44.0,1,0.003703703703703704,89.91304347826087,529.9015997851565,1,true
src/main/org/apache/tools/ant/types/resources/JavaConstantResource.java,42.0,4.0,0.0,1.0,9.0,6.0,1,0.003703703703703704,89.91304347826087,529.9015997851565,1,false
src/main/org/apache/tools/ant/types/resources/JavaResource.java,105.0,5.0,10.0,5.0,24.0,16.0,0,0.0,0.0,0.0,0,true
src/main/org/apache/tools/ant/types/resources/MappedResource.java,47.0,3.0,0.0,4.0,8.0,10.0,1,0.003703703703703704,89.91304347826087,529.9015997851565,1,true
src/main/org/apache/tools/ant/types/resources/MappedResourceCollection.java,156.0,11.0,0.0,10.0,31.0,32.0,1,0.003703703703703704,89.91304347826087,529.9015997851565,1,true
src/main/org/apache/tools/ant/types/resources/ResourceDecorator.java,205.0,9.0,219.0,22.0,41.0,64.0,1,0.003703703703703704,89.91304347826087,529.9015997851565,1,true
src/main/org/apache/tools/ant/types/resources/ResourceList.java,183.0,19.0,38.0,12.0,57.0,46.0,1,0.003703703703703704,2948.443438914027,56143.113402061856,1,true
src/main/org/apache/tools/ant/types/resources/URLResource.java,339.0,12.0,250.0,25.0,71.0,79.0,1,0.003703703703703704,2948.443438914027,56143.113402061856,1,true
src/main/org/apache/tools/ant/types/selectors/MappingSelector.java,110.0,6.0,8.0,8.0,9.0,24.0,1,0.003703703703703704,89.91304347826087,529.9015997851565,1,true
src/main/org/apache/tools/ant/types/selectors/PresentSelector.java,146.0,7.0,0.0,8.0,12.0,25.0,1,0.003703703703703704,89.91304347826087,529.9015997851565,1,true
src/main/org/apache/tools/ant/types/selectors/modifiedselector/HashvalueAlgorithm.java,48.0,4.0,3.0,3.0,5.0,11.0,1,0.003703703703703704,2948.443438914027,56143.113402061856,1,true
src/main/org/apache/tools/ant/util/DateUtils.java,209.0,9.0,51.0,11.0,22.0,45.0,1,0.003703703703703704,2948.443438914027,56143.113402061856,1,true
src/main/org/apache/tools/ant/util/FileUtils.java,1289.0,32.0,2131.0,66.0,179.0,260.0,1,0.003703703703703704,2948.443438914027,56143.113402061856,1,true
src/main/org/apache/tools/ant/util/LayoutPreservingProperties.java,570.0,15.0,191.0,23.0,82.0,79.0,1,0.003703703703703704,2948.443438914027,56143.113402061856,1,true
src/main/org/apache/tools/ant/util/depend/bcel/AncestorAnalyzer.java,95.0,9.0,3.0,3.0,20.0,16.0,0,0.0,0.0,0.0,0,true
src/main/org/apache/tools/ant/util/depend/bcel/FullAnalyzer.java,87.0,10.0,3.0,3.0,19.0,16.0,0,0.0,0.0,0.0,0,true
src/main/org/apache/tools/tar/TarEntry.java,540.0,3.0,368.0,37.0,54.0,82.0,1,0.003703703703703704,2948.443438914027,56143.113402061856,1,true
src/tests/junit/org/apache/tools/ant/taskdefs/ZipExtraFieldTest.java,58.0,13.0,45.0,10.0,15.0,23.0,1,0.003703703703703704,2948.443438914027,56143.113402061856,1,true
src/tests/junit/org/apache/tools/ant/types/resources/JavaResourceTest.java,22.0,1.0,10.0,5.0,12.0,8.0,0,0.0,0.0,0.0,0,false
src/tests/junit/org/apache/tools/ant/types/resources/ResourceListTest.java,83.0,4.0,6.0,4.0,19.0,11.0,1,0.003703703703703704,2948.443438914027,56143.113402061856,1,false
src/tests/junit/org/apache/tools/zip/ZipEntryTest.java,150.0,1.0,15.0,6.0,41.0,10.0,1,0.003703703703703704,2948.443438914027,56143.113402061856,1,true
