name,LOC,CBO,LCOM,NOM,RFC,WMC,numOfChanges,bccm,structuralWorkloadSum,semanticWorkloadSum,numberOfDeveloper,isBuggy
src/main/org/apache/tools/ant/AntClassLoader.java,1232.0,31.0,1436.0,60.0,195.0,220.0,0,0.0,0.0,0.0,0,true
src/main/org/apache/tools/ant/AntTypeDefinition.java,305.0,2.0,135.0,22.0,38.0,65.0,0,0.0,0.0,0.0,0,true
src/main/org/apache/tools/ant/ComponentHelper.java,969.0,22.0,606.0,45.0,215.0,144.0,0,0.0,0.0,0.0,0,true
src/main/org/apache/tools/ant/Diagnostics.java,615.0,25.0,624.0,36.0,145.0,112.0,1,0.020833333333333332,154.45714285714286,1671.4605156291325,1,true
src/main/org/apache/tools/ant/DynamicElement.java,13.0,0.0,0.0,1.0,0.0,3.0,0,0.0,0.0,0.0,0,true
src/main/org/apache/tools/ant/IntrospectionHelper.java,1380.0,17.0,1485.0,58.0,204.0,216.0,0,0.0,0.0,0.0,0,true
src/main/org/apache/tools/ant/Project.java,2030.0,32.0,7409.0,126.0,270.0,373.0,0,0.0,0.0,0.0,0,true
src/main/org/apache/tools/ant/ProjectHelper.java,428.0,10.0,459.0,31.0,49.0,90.0,1,0.020833333333333332,154.45714285714286,1671.4605156291325,1,true
src/main/org/apache/tools/ant/PropertyHelper.java,894.0,16.0,1003.0,50.0,128.0,168.0,1,0.020833333333333332,2.0,7.675508637279189,1,true
src/main/org/apache/tools/ant/RuntimeConfigurable.java,369.0,12.0,194.0,24.0,49.0,65.0,1,0.020833333333333332,2.0,7.675508637279189,1,true
src/main/org/apache/tools/ant/filters/ClassConstants.java,122.0,6.0,6.0,4.0,11.0,15.0,1,0.020833333333333332,154.45714285714286,1671.4605156291325,1,true
src/main/org/apache/tools/ant/filters/SuffixLines.java,130.0,3.0,9.0,7.0,16.0,21.0,0,0.0,0.0,0.0,0,false
src/main/org/apache/tools/ant/helper/ProjectHelper2.java,958.0,35.0,62.0,13.0,67.0,34.0,1,0.020833333333333332,154.45714285714286,1671.4605156291325,1,true
src/main/org/apache/tools/ant/helper/ProjectHelperImpl.java,839.0,27.0,0.0,4.0,27.0,12.0,0,0.0,0.0,0.0,0,true
src/main/org/apache/tools/ant/input/InputRequest.java,63.0,0.0,15.0,7.0,0.0,15.0,0,0.0,0.0,0.0,0,true
src/main/org/apache/tools/ant/input/MultipleChoiceInputRequest.java,31.0,2.0,0.0,3.0,4.0,9.0,0,0.0,0.0,0.0,0,true
src/main/org/apache/tools/ant/launch/Locator.java,376.0,9.0,76.0,13.0,71.0,63.0,0,0.0,0.0,0.0,0,true
src/main/org/apache/tools/ant/listener/BigProjectLogger.java,127.0,5.0,66.0,12.0,23.0,23.0,1,0.020833333333333332,6.666666666666667,15.485239006916855,1,false
src/main/org/apache/tools/ant/listener/SimpleBigProjectLogger.java,21.0,2.0,0.0,1.0,1.0,5.0,1,0.020833333333333332,6.666666666666667,15.485239006916855,1,false
src/main/org/apache/tools/ant/property/ResolvePropertyMap.java,70.0,7.0,0.0,4.0,14.0,9.0,0,0.0,0.0,0.0,0,true
src/main/org/apache/tools/ant/taskdefs/Ant.java,689.0,24.0,214.0,29.0,136.0,86.0,0,0.0,0.0,0.0,0,true
src/main/org/apache/tools/ant/taskdefs/AntStructure.java,371.0,18.0,6.0,5.0,20.0,14.0,0,0.0,0.0,0.0,0,true
src/main/org/apache/tools/ant/taskdefs/AugmentReference.java,45.0,4.0,4.0,4.0,13.0,10.0,1,0.020833333333333332,2.0,7.675508637279189,1,false
src/main/org/apache/tools/ant/taskdefs/Concat.java,763.0,40.0,380.0,32.0,51.0,77.0,1,0.020833333333333332,154.45714285714286,1671.4605156291325,1,true
src/main/org/apache/tools/ant/taskdefs/Copy.java,835.0,31.0,863.0,47.0,147.0,142.0,1,0.020833333333333332,154.45714285714286,1671.4605156291325,1,true
src/main/org/apache/tools/ant/taskdefs/Definer.java,525.0,18.0,215.0,26.0,85.0,84.0,0,0.0,0.0,0.0,0,true
src/main/org/apache/tools/ant/taskdefs/Ear.java,92.0,7.0,13.0,7.0,10.0,15.0,0,0.0,0.0,0.0,0,true
src/main/org/apache/tools/ant/taskdefs/Exec.java,200.0,12.0,25.0,10.0,27.0,21.0,0,0.0,0.0,0.0,0,true
src/main/org/apache/tools/ant/taskdefs/ExecTask.java,564.0,14.0,660.0,45.0,82.0,106.0,0,0.0,0.0,0.0,0,true
src/main/org/apache/tools/ant/taskdefs/ExecuteOn.java,583.0,23.0,434.0,32.0,106.0,84.0,0,0.0,0.0,0.0,0,true
src/main/org/apache/tools/ant/taskdefs/Get.java,595.0,25.0,117.0,18.0,55.0,50.0,1,0.020833333333333332,154.45714285714286,1671.4605156291325,1,true
src/main/org/apache/tools/ant/taskdefs/Jar.java,951.0,38.0,561.0,38.0,166.0,150.0,1,0.020833333333333332,154.45714285714286,1671.4605156291325,1,true
src/main/org/apache/tools/ant/taskdefs/Javac.java,966.0,20.0,3425.0,86.0,114.0,227.0,1,0.020833333333333332,0.0,0.0,1,true
src/main/org/apache/tools/ant/taskdefs/Javadoc.java,2003.0,34.0,5133.0,106.0,333.0,265.0,0,0.0,0.0,0.0,0,true
src/main/org/apache/tools/ant/taskdefs/Jikes.java,82.0,8.0,0.0,2.0,19.0,8.0,0,0.0,0.0,0.0,0,true
src/main/org/apache/tools/ant/taskdefs/Length.java,263.0,17.0,88.0,17.0,34.0,40.0,0,0.0,0.0,0.0,0,true
src/main/org/apache/tools/ant/taskdefs/LoadProperties.java,169.0,21.0,54.0,12.0,35.0,28.0,1,0.020833333333333332,154.45714285714286,1671.4605156291325,1,true
src/main/org/apache/tools/ant/taskdefs/MacroDef.java,655.0,15.0,125.0,19.0,44.0,61.0,0,0.0,0.0,0.0,0,true
src/main/org/apache/tools/ant/taskdefs/MacroInstance.java,330.0,19.0,21.0,11.0,105.0,44.0,0,0.0,0.0,0.0,0,true
src/main/org/apache/tools/ant/taskdefs/Manifest.java,939.0,17.0,35.0,18.0,60.0,67.0,0,0.0,0.0,0.0,0,true
src/main/org/apache/tools/ant/taskdefs/Move.java,275.0,9.0,36.0,9.0,80.0,44.0,1,0.020833333333333332,154.45714285714286,1671.4605156291325,1,true
src/main/org/apache/tools/ant/taskdefs/ProcessDestroyer.java,164.0,4.0,1.0,7.0,29.0,24.0,0,0.0,0.0,0.0,0,true
src/main/org/apache/tools/ant/taskdefs/Property.java,612.0,21.0,678.0,41.0,96.0,104.0,1,0.020833333333333332,154.45714285714286,1671.4605156291325,1,true
src/main/org/apache/tools/ant/taskdefs/PumpStreamHandler.java,221.0,3.0,72.0,17.0,20.0,37.0,1,0.020833333333333332,154.45714285714286,1671.4605156291325,1,true
src/main/org/apache/tools/ant/taskdefs/Rmic.java,667.0,18.0,1372.0,56.0,78.0,148.0,1,0.020833333333333332,154.45714285714286,1671.4605156291325,1,true
src/main/org/apache/tools/ant/taskdefs/SQLExec.java,911.0,37.0,856.0,44.0,126.0,125.0,0,0.0,0.0,0.0,0,true
src/main/org/apache/tools/ant/taskdefs/Tstamp.java,261.0,16.0,2.0,4.0,12.0,12.0,0,0.0,0.0,0.0,0,true
src/main/org/apache/tools/ant/taskdefs/WaitFor.java,241.0,8.0,56.0,12.0,20.0,24.0,0,0.0,0.0,0.0,0,true
src/main/org/apache/tools/ant/taskdefs/War.java,149.0,7.0,37.0,10.0,12.0,23.0,0,0.0,0.0,0.0,0,true
src/main/org/apache/tools/ant/taskdefs/XSLTProcess.java,1263.0,26.0,1275.0,54.0,130.0,156.0,1,0.020833333333333332,154.45714285714286,1671.4605156291325,1,true
src/main/org/apache/tools/ant/taskdefs/Zip.java,1638.0,49.0,2413.0,79.0,288.0,248.0,0,0.0,0.0,0.0,0,true
src/main/org/apache/tools/ant/taskdefs/compilers/CompilerAdapterFactory.java,130.0,6.0,8.0,5.0,13.0,21.0,0,0.0,0.0,0.0,0,true
src/main/org/apache/tools/ant/taskdefs/condition/Equals.java,114.0,1.0,29.0,10.0,10.0,25.0,0,0.0,0.0,0.0,0,true
src/main/org/apache/tools/ant/taskdefs/condition/Http.java,78.0,8.0,0.0,4.0,5.0,11.0,0,0.0,0.0,0.0,0,true
src/main/org/apache/tools/ant/taskdefs/condition/Os.java,261.0,2.0,16.0,12.0,14.0,32.0,0,0.0,0.0,0.0,0,true
src/main/org/apache/tools/ant/taskdefs/email/Message.java,115.0,9.0,37.0,11.0,10.0,22.0,1,0.020833333333333332,30.0,2.9498815289567144,1,true
src/main/org/apache/tools/ant/taskdefs/email/MimeMailer.java,220.0,33.0,6.0,4.0,57.0,17.0,1,0.020833333333333332,154.45714285714286,1671.4605156291325,1,true
src/main/org/apache/tools/ant/taskdefs/optional/NetRexxC.java,825.0,21.0,877.0,47.0,83.0,120.0,0,0.0,0.0,0.0,0,true
src/main/org/apache/tools/ant/taskdefs/optional/image/Image.java,308.0,24.0,103.0,19.0,50.0,45.0,0,0.0,0.0,0.0,0,true
src/main/org/apache/tools/ant/taskdefs/optional/junit/FailureRecorder.java,332.0,21.0,250.0,24.0,46.0,43.0,0,0.0,0.0,0.0,0,true
src/main/org/apache/tools/ant/taskdefs/optional/junit/JUnitTask.java,1573.0,40.0,2521.0,74.0,332.0,250.0,1,0.020833333333333332,154.45714285714286,1671.4605156291325,1,true
src/main/org/apache/tools/ant/taskdefs/optional/net/FTP.java,2216.0,39.0,1984.0,68.0,206.0,229.0,1,0.020833333333333332,154.45714285714286,1671.4605156291325,1,true
src/main/org/apache/tools/ant/taskdefs/optional/net/FTPTask.java,746.0,14.0,2732.0,76.0,41.0,185.0,0,0.0,0.0,0.0,0,false
src/main/org/apache/tools/ant/taskdefs/optional/net/FTPTaskMirrorImpl.java,1603.0,33.0,0.0,26.0,235.0,123.0,1,0.020833333333333332,154.45714285714286,1671.4605156291325,1,true
src/main/org/apache/tools/ant/taskdefs/optional/net/RExecTask.java,402.0,10.0,26.0,12.0,17.0,28.0,1,0.020833333333333332,154.45714285714286,1671.4605156291325,1,true
src/main/org/apache/tools/ant/taskdefs/optional/net/TelnetTask.java,322.0,10.0,21.0,10.0,13.0,23.0,1,0.020833333333333332,154.45714285714286,1671.4605156291325,1,true
src/main/org/apache/tools/ant/taskdefs/optional/script/ScriptDef.java,292.0,20.0,25.0,15.0,46.0,31.0,0,0.0,0.0,0.0,0,true
src/main/org/apache/tools/ant/taskdefs/optional/ssh/Directory.java,145.0,6.0,35.0,15.0,18.0,34.0,0,0.0,0.0,0.0,0,false
src/main/org/apache/tools/ant/taskdefs/optional/unix/Symlink.java,466.0,23.0,126.0,21.0,87.0,78.0,1,0.020833333333333332,154.45714285714286,1671.4605156291325,1,true
src/main/org/apache/tools/ant/taskdefs/optional/vss/MSVSS.java,715.0,15.0,1361.0,54.0,57.0,138.0,0,0.0,0.0,0.0,0,true
src/main/org/apache/tools/ant/taskdefs/rmic/RmicAdapterFactory.java,97.0,4.0,6.0,4.0,9.0,16.0,0,0.0,0.0,0.0,0,true
src/main/org/apache/tools/ant/types/FilterSet.java,515.0,10.0,264.0,25.0,103.0,89.0,0,0.0,0.0,0.0,0,true
src/main/org/apache/tools/ant/types/Path.java,605.0,14.0,538.0,36.0,130.0,125.0,0,0.0,0.0,0.0,0,true
src/main/org/apache/tools/ant/types/PatternSet.java,459.0,11.0,177.0,23.0,98.0,81.0,0,0.0,0.0,0.0,0,true
src/main/org/apache/tools/ant/types/optional/image/Arc.java,84.0,5.0,5.0,6.0,15.0,12.0,0,0.0,0.0,0.0,0,true
src/main/org/apache/tools/ant/types/optional/image/ColorMapper.java,122.0,1.0,1.0,2.0,1.0,6.0,0,0.0,0.0,0.0,0,true
src/main/org/apache/tools/ant/types/resources/MappedResource.java,69.0,3.0,9.0,6.0,14.0,17.0,1,0.020833333333333332,154.45714285714286,1671.4605156291325,1,true
src/main/org/apache/tools/ant/types/resources/MappedResourceCollection.java,186.0,14.0,41.0,14.0,41.0,45.0,1,0.020833333333333332,154.45714285714286,1671.4605156291325,1,true
src/main/org/apache/tools/ant/types/resources/PropertyResource.java,162.0,8.0,91.0,14.0,50.0,45.0,0,0.0,0.0,0.0,0,false
src/main/org/apache/tools/ant/types/resources/ZipResource.java,176.0,14.0,110.0,16.0,51.0,42.0,0,0.0,0.0,0.0,0,true
src/main/org/apache/tools/ant/types/selectors/modifiedselector/ChecksumAlgorithm.java,97.0,10.0,0.0,5.0,13.0,19.0,0,0.0,0.0,0.0,0,false
src/main/org/apache/tools/ant/types/selectors/modifiedselector/DigestAlgorithm.java,150.0,8.0,0.0,6.0,16.0,22.0,0,0.0,0.0,0.0,0,true
src/main/org/apache/tools/ant/types/selectors/modifiedselector/ModifiedSelector.java,761.0,18.0,678.0,40.0,89.0,109.0,0,0.0,0.0,0.0,0,true
src/main/org/apache/tools/ant/util/ChainedMapper.java,32.0,4.0,0.0,1.0,11.0,4.0,0,0.0,0.0,0.0,0,false
src/main/org/apache/tools/ant/util/CollectionUtils.java,205.0,9.0,91.0,14.0,33.0,39.0,0,0.0,0.0,0.0,0,true
src/main/org/apache/tools/ant/util/CompositeMapper.java,25.0,2.0,0.0,1.0,8.0,4.0,0,0.0,0.0,0.0,0,false
src/main/org/apache/tools/ant/util/FileUtils.java,1289.0,32.0,2131.0,66.0,179.0,260.0,1,0.020833333333333332,154.45714285714286,1671.4605156291325,1,true
src/main/org/apache/tools/ant/util/FirstMatchMapper.java,22.0,4.0,0.0,1.0,5.0,4.0,0,0.0,0.0,0.0,0,false
src/main/org/apache/tools/ant/util/LayoutPreservingProperties.java,570.0,15.0,191.0,23.0,82.0,79.0,1,0.020833333333333332,154.45714285714286,1671.4605156291325,1,true
src/main/org/apache/tools/ant/util/LeadPipeInputStream.java,124.0,6.0,34.0,9.0,9.0,26.0,0,0.0,0.0,0.0,0,true
src/main/org/apache/tools/ant/util/ResourceUtils.java,565.0,34.0,153.0,18.0,95.0,76.0,3,0.0625,163.1238095238095,1690.4476300507922,3,true
src/main/org/apache/tools/ant/util/ScriptRunnerBase.java,293.0,16.0,315.0,27.0,41.0,66.0,0,0.0,0.0,0.0,0,true
src/main/org/apache/tools/ant/util/SymbolicLinkUtils.java,192.0,7.0,45.0,10.0,30.0,44.0,1,0.020833333333333332,154.45714285714286,1671.4605156291325,1,false
src/main/org/apache/tools/ant/util/VectorSet.java,169.0,5.0,215.0,26.0,55.0,54.0,0,0.0,0.0,0.0,0,true
src/main/org/apache/tools/ant/util/depend/AbstractAnalyzer.java,230.0,7.0,102.0,16.0,26.0,51.0,0,0.0,0.0,0.0,0,true
src/main/org/apache/tools/ant/util/optional/JavaxScriptRunner.java,119.0,5.0,9.0,6.0,29.0,25.0,0,0.0,0.0,0.0,0,false
src/main/org/apache/tools/tar/TarEntry.java,540.0,3.0,368.0,37.0,54.0,82.0,0,0.0,0.0,0.0,0,true
src/main/org/apache/tools/zip/ExtraFieldUtils.java,236.0,5.0,13.0,7.0,29.0,34.0,0,0.0,0.0,0.0,0,true
src/main/org/apache/tools/zip/UnparseableExtraFieldData.java,71.0,0.0,3.0,7.0,7.0,14.0,0,0.0,0.0,0.0,0,false
src/main/org/apache/tools/zip/UnrecognizedExtraField.java,113.0,0.0,25.0,10.0,11.0,20.0,0,0.0,0.0,0.0,0,true
src/main/org/apache/tools/zip/ZipEncodingHelper.java,134.0,6.0,6.0,4.0,13.0,12.0,0,0.0,0.0,0.0,0,false
src/main/org/apache/tools/zip/ZipEntry.java,422.0,5.0,475.0,34.0,64.0,94.0,0,0.0,0.0,0.0,0,true
src/main/org/apache/tools/zip/ZipFile.java,525.0,14.0,124.0,20.0,72.0,89.0,0,0.0,0.0,0.0,0,true
src/main/org/apache/tools/zip/ZipOutputStream.java,780.0,16.0,307.0,31.0,133.0,104.0,0,0.0,0.0,0.0,0,true
src/main/org/apache/tools/zip/ZipUtil.java,18.0,0.0,0.0,1.0,1.0,3.0,0,0.0,0.0,0.0,0,false
src/tests/junit/org/apache/tools/ant/AntClassLoaderPerformance.java,25.0,4.0,0.0,1.0,12.0,4.0,0,0.0,0.0,0.0,0,false
src/tests/junit/org/apache/tools/ant/BuildFileTest.java,440.0,4.0,564.0,36.0,78.0,85.0,0,0.0,0.0,0.0,0,true
src/tests/junit/org/apache/tools/ant/taskdefs/ExecTaskTest.java,136.0,4.0,2.0,4.0,21.0,11.0,0,0.0,0.0,0.0,0,false
src/tests/junit/org/apache/tools/ant/taskdefs/ManifestClassPathTest.java,98.0,3.0,120.0,16.0,42.0,30.0,0,0.0,0.0,0.0,0,true
src/tests/junit/org/apache/tools/ant/taskdefs/UnzipTest.java,123.0,3.0,300.0,25.0,53.0,36.0,1,0.020833333333333332,154.45714285714286,1671.4605156291325,1,true
src/tests/junit/org/apache/tools/ant/taskdefs/email/MessageTest.java,30.0,7.0,0.0,2.0,9.0,5.0,2,0.041666666666666664,184.45714285714286,1674.4103971580892,2,true
src/tests/junit/org/apache/tools/ant/taskdefs/optional/TraXLiaisonTest.java,75.0,6.0,21.0,7.0,20.0,21.0,0,0.0,0.0,0.0,0,false
src/tests/junit/org/apache/tools/ant/taskdefs/optional/XsltTest.java,58.0,1.0,28.0,8.0,10.0,17.0,0,0.0,0.0,0.0,0,false
src/tests/junit/org/apache/tools/ant/taskdefs/optional/unix/SymlinkTest.java,169.0,4.0,0.0,8.0,36.0,17.0,0,0.0,0.0,0.0,0,false
src/tests/junit/org/apache/tools/ant/types/selectors/SizeSelectorTest.java,193.0,4.0,36.0,9.0,32.0,15.0,0,0.0,0.0,0.0,0,false
src/tests/junit/org/apache/tools/ant/util/SymlinkUtilsTest.java,6.0,2.0,0.0,1.0,2.0,2.0,1,0.020833333333333332,154.45714285714286,1671.4605156291325,1,false
src/tests/junit/org/apache/tools/ant/util/VectorSetTest.java,183.0,2.0,0.0,23.0,131.0,25.0,0,0.0,0.0,0.0,0,false
src/tests/junit/org/apache/tools/zip/ExtraFieldUtilsTest.java,122.0,2.0,0.0,7.0,47.0,15.0,0,0.0,0.0,0.0,0,false
