name,LOC,CBO,LCOM,NOM,RFC,WMC,numOfChanges,bccm,structuralWorkloadSum,semanticWorkloadSum,numberOfDeveloper,isBuggy
src/main/org/apache/tools/ant/DirectoryScanner.java,1503.0,25.0,1882.0,69.0,212.0,238.0,1,0.010638297872340425,547.3506493506493,6914.2837685109425,1,true
src/main/org/apache/tools/ant/Main.java,998.0,22.0,349.0,31.0,193.0,139.0,2,0.02127659574468085,551.3506493506493,6932.319113380507,2,true
src/main/org/apache/tools/ant/Project.java,2032.0,32.0,7409.0,126.0,270.0,374.0,0,0.0,0.0,0.0,0,true
src/main/org/apache/tools/ant/ProjectHelperRepository.java,237.0,12.0,32.0,12.0,55.0,48.0,0,0.0,0.0,0.0,0,true
src/main/org/apache/tools/ant/Target.java,380.0,8.0,280.0,29.0,56.0,79.0,1,0.010638297872340425,4.0,18.03534486956417,1,true
src/main/org/apache/tools/ant/filters/LineContainsRegExp.java,186.0,8.0,27.0,11.0,31.0,30.0,0,0.0,0.0,0.0,0,true
src/main/org/apache/tools/ant/filters/TokenFilter.java,577.0,13.0,49.0,19.0,24.0,35.0,0,0.0,0.0,0.0,0,true
src/main/org/apache/tools/ant/helper/ProjectHelper2.java,983.0,35.0,62.0,13.0,70.0,34.0,2,0.02127659574468085,551.3506493506493,6932.319113380507,2,true
src/main/org/apache/tools/ant/launch/Locator.java,376.0,9.0,76.0,13.0,71.0,63.0,1,0.010638297872340425,547.3506493506493,6914.2837685109425,1,true
src/main/org/apache/tools/ant/loader/AntClassLoader5.java,36.0,6.0,3.0,3.0,2.0,7.0,1,0.010638297872340425,547.3506493506493,6914.2837685109425,1,true
src/main/org/apache/tools/ant/taskdefs/BindTargets.java,42.0,6.0,0.0,4.0,15.0,10.0,1,0.010638297872340425,4.0,18.03534486956417,1,false
src/main/org/apache/tools/ant/taskdefs/Checksum.java,584.0,33.0,216.0,25.0,83.0,80.0,1,0.010638297872340425,547.3506493506493,6914.2837685109425,1,true
src/main/org/apache/tools/ant/taskdefs/Copy.java,861.0,31.0,956.0,49.0,150.0,147.0,1,0.010638297872340425,547.3506493506493,6914.2837685109425,1,true
src/main/org/apache/tools/ant/taskdefs/Delete.java,644.0,42.0,232.0,49.0,62.0,88.0,1,0.010638297872340425,547.3506493506493,6914.2837685109425,1,true
src/main/org/apache/tools/ant/taskdefs/ExecuteOn.java,588.0,23.0,434.0,32.0,106.0,84.0,0,0.0,0.0,0.0,0,true
src/main/org/apache/tools/ant/taskdefs/HostInfo.java,185.0,12.0,29.0,10.0,42.0,38.0,0,0.0,0.0,0.0,0,true
src/main/org/apache/tools/ant/taskdefs/ImportTask.java,192.0,23.0,37.0,11.0,51.0,30.0,0,0.0,0.0,0.0,0,true
src/main/org/apache/tools/ant/taskdefs/Jar.java,964.0,39.0,561.0,38.0,171.0,151.0,0,0.0,0.0,0.0,0,true
src/main/org/apache/tools/ant/taskdefs/Move.java,283.0,9.0,36.0,9.0,85.0,44.0,1,0.010638297872340425,547.3506493506493,6914.2837685109425,1,true
src/main/org/apache/tools/ant/taskdefs/Parallel.java,386.0,11.0,48.0,13.0,28.0,41.0,1,0.010638297872340425,547.3506493506493,6914.2837685109425,1,true
src/main/org/apache/tools/ant/taskdefs/ProjectHelperTask.java,17.0,7.0,0.0,2.0,7.0,4.0,0,0.0,0.0,0.0,0,false
src/main/org/apache/tools/ant/taskdefs/PumpStreamHandler.java,238.0,3.0,71.0,18.0,18.0,38.0,1,0.010638297872340425,23.333333333333336,54.744726914659935,1,true
src/main/org/apache/tools/ant/taskdefs/Redirector.java,781.0,27.0,252.0,40.0,65.0,112.0,0,0.0,0.0,0.0,0,true
src/main/org/apache/tools/ant/taskdefs/SignJar.java,375.0,14.0,150.0,20.0,36.0,50.0,1,0.010638297872340425,547.3506493506493,6914.2837685109425,1,true
src/main/org/apache/tools/ant/taskdefs/XSLTProcess.java,1275.0,26.0,1325.0,55.0,133.0,159.0,0,0.0,0.0,0.0,0,true
src/main/org/apache/tools/ant/taskdefs/Zip.java,1649.0,49.0,2492.0,80.0,292.0,250.0,1,0.010638297872340425,547.3506493506493,6914.2837685109425,1,true
src/main/org/apache/tools/ant/taskdefs/condition/Matches.java,80.0,5.0,7.0,7.0,5.0,17.0,0,0.0,0.0,0.0,0,false
src/main/org/apache/tools/ant/taskdefs/optional/ReplaceRegExp.java,404.0,27.0,60.0,16.0,45.0,51.0,1,0.010638297872340425,547.3506493506493,6914.2837685109425,1,true
src/main/org/apache/tools/ant/taskdefs/optional/javah/Gcjh.java,53.0,6.0,1.0,2.0,23.0,9.0,1,0.010638297872340425,547.3506493506493,6914.2837685109425,1,true
src/main/org/apache/tools/ant/taskdefs/optional/javah/JavahAdapterFactory.java,72.0,5.0,6.0,4.0,11.0,18.0,1,0.010638297872340425,547.3506493506493,6914.2837685109425,1,true
src/main/org/apache/tools/ant/taskdefs/optional/junit/JUnitTask.java,1652.0,42.0,2960.0,80.0,361.0,273.0,1,0.010638297872340425,547.3506493506493,6914.2837685109425,1,true
src/main/org/apache/tools/ant/taskdefs/optional/junit/XMLResultAggregator.java,250.0,22.0,45.0,11.0,55.0,39.0,1,0.010638297872340425,8.0,3.9360324941827933,1,true
src/main/org/apache/tools/ant/taskdefs/optional/net/FTP.java,2226.0,39.0,1984.0,68.0,206.0,230.0,1,0.010638297872340425,23.333333333333336,54.744726914659935,1,true
src/main/org/apache/tools/ant/taskdefs/optional/unix/Symlink.java,471.0,24.0,126.0,21.0,88.0,78.0,1,0.010638297872340425,547.3506493506493,6914.2837685109425,1,true
src/main/org/apache/tools/ant/types/AbstractFileSet.java,763.0,32.0,1597.0,66.0,207.0,182.0,1,0.010638297872340425,547.3506493506493,6914.2837685109425,1,true
src/main/org/apache/tools/ant/types/mappers/CutDirsMapper.java,46.0,3.0,4.0,4.0,3.0,9.0,2,0.02127659574468085,570.6839826839827,6969.028495425602,2,false
src/main/org/apache/tools/ant/types/resources/Resources.java,224.0,14.0,149.0,19.0,43.0,46.0,0,0.0,0.0,0.0,0,true
src/main/org/apache/tools/ant/types/resources/selectors/Name.java,110.0,6.0,40.0,12.0,12.0,27.0,0,0.0,0.0,0.0,0,true
src/main/org/apache/tools/ant/types/selectors/ContainsRegexpSelector.java,165.0,13.0,27.0,10.0,24.0,24.0,0,0.0,0.0,0.0,0,true
src/main/org/apache/tools/ant/types/selectors/FilenameSelector.java,154.0,6.0,8.0,9.0,21.0,27.0,0,0.0,0.0,0.0,0,true
src/main/org/apache/tools/ant/util/FileUtils.java,1341.0,32.0,2264.0,68.0,185.0,269.0,1,0.010638297872340425,547.3506493506493,6914.2837685109425,1,true
src/main/org/apache/tools/ant/util/JavaEnvUtils.java,412.0,6.0,98.0,16.0,18.0,56.0,1,0.010638297872340425,547.3506493506493,6914.2837685109425,1,true
src/main/org/apache/tools/ant/util/LayoutPreservingProperties.java,604.0,16.0,210.0,24.0,87.0,87.0,1,0.010638297872340425,547.3506493506493,6914.2837685109425,1,true
src/main/org/apache/tools/ant/util/RegexpPatternMapper.java,117.0,5.0,0.0,7.0,14.0,25.0,0,0.0,0.0,0.0,0,true
src/main/org/apache/tools/ant/util/StringUtils.java,241.0,4.0,45.0,10.0,30.0,41.0,1,0.010638297872340425,8.0,3.9360324941827933,1,true
src/main/org/apache/tools/ant/util/regexp/RegexpUtil.java,75.0,0.0,10.0,5.0,3.0,15.0,0,0.0,0.0,0.0,0,true
src/main/org/apache/tools/tar/TarBuffer.java,321.0,4.0,0.0,21.0,26.0,62.0,1,0.010638297872340425,547.3506493506493,6914.2837685109425,1,true
src/main/org/apache/tools/tar/TarOutputStream.java,251.0,3.0,25.0,15.0,23.0,40.0,1,0.010638297872340425,547.3506493506493,6914.2837685109425,1,true
src/tests/junit/org/apache/tools/ant/ProjectHelperRepositoryTest.java,57.0,6.0,3.0,3.0,11.0,8.0,0,0.0,0.0,0.0,0,false
src/tests/junit/org/apache/tools/ant/taskdefs/DefaultExcludesTest.java,38.0,2.0,21.0,7.0,14.0,10.0,0,0.0,0.0,0.0,0,false
src/tests/junit/org/apache/tools/ant/taskdefs/JavaTest.java,277.0,12.0,429.0,30.0,63.0,46.0,1,0.010638297872340425,547.3506493506493,6914.2837685109425,1,true
src/tests/junit/org/apache/tools/ant/taskdefs/SignJarTest.java,85.0,3.0,45.0,10.0,44.0,17.0,2,0.02127659574468085,547.3506493506493,6914.2837685109425,2,true
src/tests/junit/org/apache/tools/ant/taskdefs/optional/junit/JUnitTestListenerTest.java,62.0,1.0,22.0,13.0,48.0,17.0,0,0.0,0.0,0.0,0,false
