name,LOC,CBO,LCOM,NOM,RFC,WMC,numOfChanges,bccm,structuralWorkloadSum,semanticWorkloadSum,numberOfDeveloper,isBuggy
src/main/org/apache/tools/ant/Diagnostics.java,591.0,24.0,630.0,36.0,140.0,105.0,1,0.07142857142857142,36.0,19.59962310339506,1,true
src/main/org/apache/tools/ant/IntrospectionHelper.java,1383.0,17.0,1485.0,58.0,204.0,216.0,1,0.07142857142857142,36.0,19.59962310339506,1,true
src/main/org/apache/tools/ant/input/DefaultInputHandler.java,93.0,7.0,6.0,4.0,18.0,14.0,1,0.07142857142857142,4.0,4.773335529866566,1,true
src/main/org/apache/tools/ant/listener/ProfileLogger.java,67.0,6.0,3.0,6.0,23.0,12.0,0,0.0,0.0,0.0,0,true
src/main/org/apache/tools/ant/taskdefs/AugmentReference.java,64.0,4.0,9.0,6.0,19.0,13.0,1,0.07142857142857142,14.0,50.71855094450674,1,false
src/main/org/apache/tools/ant/taskdefs/Copy.java,882.0,32.0,1001.0,50.0,150.0,148.0,1,0.07142857142857142,4.0,4.773335529866566,1,true
src/main/org/apache/tools/ant/taskdefs/Redirector.java,781.0,29.0,252.0,40.0,65.0,112.0,0,0.0,0.0,0.0,0,true
src/main/org/apache/tools/ant/taskdefs/Sync.java,424.0,21.0,37.0,18.0,72.0,53.0,1,0.07142857142857142,14.0,50.71855094450674,1,true
src/main/org/apache/tools/ant/taskdefs/condition/HasMethod.java,145.0,7.0,29.0,11.0,26.0,33.0,0,0.0,0.0,0.0,0,true
src/main/org/apache/tools/ant/util/LeadPipeInputStream.java,124.0,6.0,34.0,9.0,9.0,26.0,0,0.0,0.0,0.0,0,true
src/main/org/apache/tools/ant/util/LineOrientedOutputStream.java,102.0,3.0,3.0,6.0,8.0,21.0,0,0.0,0.0,0.0,0,true
src/main/org/apache/tools/ant/util/LineOrientedOutputStreamRedirector.java,25.0,2.0,0.0,4.0,5.0,7.0,0,0.0,0.0,0.0,0,true
src/main/org/apache/tools/zip/ZipFile.java,532.0,14.0,144.0,21.0,74.0,91.0,1,0.07142857142857142,14.0,50.71855094450674,1,true
src/tests/junit/org/apache/tools/ant/util/LineOrientedOutputStreamTest.java,97.0,2.0,0.0,16.0,37.0,36.0,0,0.0,0.0,0.0,0,false
