name,LOC,CBO,LCOM,NOM,RFC,WMC,numOfChanges,bccm,structuralWorkloadSum,semanticWorkloadSum,numberOfDeveloper,isBuggy
src/main/org/apache/tools/ant/AntTypeDefinition.java,305.0,2.0,135.0,22.0,38.0,65.0,1,0.005076142131979695,387.55555555555554,17262.9716272243,1,true
src/main/org/apache/tools/ant/ComponentHelper.java,968.0,22.0,592.0,45.0,217.0,144.0,1,0.005076142131979695,387.55555555555554,17262.9716272243,1,true
src/main/org/apache/tools/ant/Main.java,1017.0,22.0,402.0,33.0,195.0,143.0,2,0.01015228426395939,395.55555555555554,17271.397092106108,2,true
src/main/org/apache/tools/ant/ProjectHelper.java,471.0,10.0,459.0,31.0,49.0,90.0,1,0.005076142131979695,387.55555555555554,17262.9716272243,1,true
src/main/org/apache/tools/ant/Target.java,380.0,8.0,280.0,29.0,56.0,79.0,0,0.0,0.0,0.0,0,true
src/main/org/apache/tools/ant/TaskConfigurationChecker.java,83.0,2.0,0.0,4.0,8.0,10.0,0,0.0,0.0,0.0,0,false
src/main/org/apache/tools/ant/filters/FixCrLfFilter.java,794.0,5.0,121.0,18.0,25.0,47.0,1,0.005076142131979695,387.55555555555554,17262.9716272243,1,true
src/main/org/apache/tools/ant/filters/SortFilter.java,292.0,9.0,46.0,12.0,32.0,36.0,1,0.005076142131979695,387.55555555555554,17262.9716272243,1,true
src/main/org/apache/tools/ant/filters/TabsToSpaces.java,113.0,3.0,9.0,7.0,12.0,19.0,1,0.005076142131979695,387.55555555555554,17262.9716272243,1,true
src/main/org/apache/tools/ant/helper/ProjectHelper2.java,981.0,35.0,62.0,13.0,67.0,34.0,2,0.01015228426395939,389.55555555555554,17267.573027798444,2,true
src/main/org/apache/tools/ant/listener/MailLogger.java,313.0,21.0,13.0,6.0,100.0,24.0,1,0.005076142131979695,387.55555555555554,17262.9716272243,1,true
src/main/org/apache/tools/ant/property/LocalProperties.java,90.0,3.0,55.0,11.0,20.0,23.0,1,0.005076142131979695,387.55555555555554,17262.9716272243,1,true
src/main/org/apache/tools/ant/property/LocalPropertyStack.java,96.0,5.0,0.0,8.0,20.0,21.0,1,0.005076142131979695,387.55555555555554,17262.9716272243,1,true
src/main/org/apache/tools/ant/taskdefs/Ant.java,689.0,24.0,214.0,29.0,136.0,86.0,1,0.005076142131979695,387.55555555555554,17262.9716272243,1,true
src/main/org/apache/tools/ant/taskdefs/AntlibDefinition.java,50.0,3.0,2.0,4.0,2.0,12.0,1,0.005076142131979695,387.55555555555554,17262.9716272243,1,true
src/main/org/apache/tools/ant/taskdefs/Apt.java,211.0,8.0,126.0,17.0,10.0,36.0,1,0.005076142131979695,387.55555555555554,17262.9716272243,1,true
src/main/org/apache/tools/ant/taskdefs/Available.java,405.0,12.0,140.0,21.0,68.0,62.0,1,0.005076142131979695,387.55555555555554,17262.9716272243,1,true
src/main/org/apache/tools/ant/taskdefs/CallTarget.java,203.0,4.0,0.0,14.0,24.0,33.0,1,0.005076142131979695,387.55555555555554,17262.9716272243,1,true
src/main/org/apache/tools/ant/taskdefs/Checksum.java,583.0,32.0,216.0,25.0,80.0,80.0,0,0.0,0.0,0.0,0,true
src/main/org/apache/tools/ant/taskdefs/CloseResources.java,26.0,8.0,0.0,2.0,5.0,5.0,0,0.0,0.0,0.0,0,true
src/main/org/apache/tools/ant/taskdefs/Componentdef.java,19.0,0.0,0.0,1.0,1.0,1.0,1,0.005076142131979695,387.55555555555554,17262.9716272243,1,false
src/main/org/apache/tools/ant/taskdefs/Concat.java,799.0,40.0,469.0,35.0,46.0,83.0,0,0.0,0.0,0.0,0,true
src/main/org/apache/tools/ant/taskdefs/Copy.java,880.0,32.0,1001.0,50.0,147.0,147.0,0,0.0,0.0,0.0,0,true
src/main/org/apache/tools/ant/taskdefs/CopyPath.java,144.0,9.0,20.0,9.0,17.0,24.0,1,0.005076142131979695,387.55555555555554,17262.9716272243,1,false
src/main/org/apache/tools/ant/taskdefs/Definer.java,525.0,18.0,215.0,26.0,85.0,84.0,1,0.005076142131979695,387.55555555555554,17262.9716272243,1,true
src/main/org/apache/tools/ant/taskdefs/Delete.java,655.0,42.0,279.0,50.0,59.0,91.0,0,0.0,0.0,0.0,0,true
src/main/org/apache/tools/ant/taskdefs/DependSet.java,217.0,19.0,83.0,15.0,41.0,34.0,0,0.0,0.0,0.0,0,true
src/main/org/apache/tools/ant/taskdefs/Echo.java,111.0,13.0,18.0,9.0,11.0,20.0,0,0.0,0.0,0.0,0,true
src/main/org/apache/tools/ant/taskdefs/ExecuteOn.java,587.0,22.0,434.0,32.0,103.0,83.0,0,0.0,0.0,0.0,0,true
src/main/org/apache/tools/ant/taskdefs/Expand.java,374.0,27.0,197.0,22.0,69.0,57.0,0,0.0,0.0,0.0,0,true
src/main/org/apache/tools/ant/taskdefs/Get.java,593.0,22.0,117.0,18.0,46.0,50.0,1,0.005076142131979695,387.55555555555554,17262.9716272243,1,true
src/main/org/apache/tools/ant/taskdefs/HostInfo.java,185.0,12.0,29.0,10.0,42.0,38.0,1,0.005076142131979695,387.55555555555554,17262.9716272243,1,true
src/main/org/apache/tools/ant/taskdefs/ImportTask.java,198.0,23.0,37.0,11.0,48.0,30.0,0,0.0,0.0,0.0,0,true
src/main/org/apache/tools/ant/taskdefs/JDBCTask.java,401.0,22.0,261.0,26.0,37.0,63.0,1,0.005076142131979695,387.55555555555554,17262.9716272243,1,true
src/main/org/apache/tools/ant/taskdefs/Java.java,768.0,21.0,1519.0,62.0,161.0,166.0,1,0.005076142131979695,387.55555555555554,17262.9716272243,1,true
src/main/org/apache/tools/ant/taskdefs/Javac.java,1006.0,21.0,3596.0,88.0,121.0,232.0,1,0.005076142131979695,387.55555555555554,17262.9716272243,1,true
src/main/org/apache/tools/ant/taskdefs/Javadoc.java,2007.0,34.0,5133.0,106.0,334.0,266.0,1,0.005076142131979695,387.55555555555554,17262.9716272243,1,true
src/main/org/apache/tools/ant/taskdefs/Length.java,262.0,17.0,88.0,17.0,31.0,40.0,0,0.0,0.0,0.0,0,true
src/main/org/apache/tools/ant/taskdefs/LoadProperties.java,179.0,21.0,64.0,13.0,36.0,29.0,0,0.0,0.0,0.0,0,true
src/main/org/apache/tools/ant/taskdefs/LoadResource.java,170.0,14.0,7.0,7.0,22.0,17.0,0,0.0,0.0,0.0,0,true
src/main/org/apache/tools/ant/taskdefs/MatchingTask.java,331.0,28.0,0.0,41.0,55.0,65.0,1,0.005076142131979695,387.55555555555554,17262.9716272243,1,true
src/main/org/apache/tools/ant/taskdefs/Pack.java,154.0,10.0,30.0,13.0,29.0,29.0,0,0.0,0.0,0.0,0,true
src/main/org/apache/tools/ant/taskdefs/PathConvert.java,368.0,20.0,174.0,21.0,45.0,55.0,0,0.0,0.0,0.0,0,true
src/main/org/apache/tools/ant/taskdefs/Property.java,613.0,20.0,769.0,43.0,94.0,105.0,1,0.005076142131979695,227.67272727272726,3491.0000111134204,1,true
src/main/org/apache/tools/ant/taskdefs/Recorder.java,247.0,10.0,141.0,18.0,32.0,34.0,1,0.005076142131979695,387.55555555555554,17262.9716272243,1,true
src/main/org/apache/tools/ant/taskdefs/Replace.java,780.0,25.0,258.0,28.0,89.0,73.0,0,0.0,0.0,0.0,0,true
src/main/org/apache/tools/ant/taskdefs/Retry.java,87.0,5.0,0.0,4.0,8.0,14.0,1,0.005076142131979695,387.55555555555554,17262.9716272243,1,true
src/main/org/apache/tools/ant/taskdefs/Rmic.java,667.0,18.0,1372.0,56.0,78.0,148.0,1,0.005076142131979695,387.55555555555554,17262.9716272243,1,true
src/main/org/apache/tools/ant/taskdefs/SQLExec.java,909.0,37.0,856.0,44.0,123.0,124.0,1,0.005076142131979695,387.55555555555554,17262.9716272243,1,true
src/main/org/apache/tools/ant/taskdefs/SignJar.java,415.0,14.0,224.0,24.0,33.0,56.0,0,0.0,0.0,0.0,0,true
src/main/org/apache/tools/ant/taskdefs/SubAnt.java,510.0,16.0,420.0,32.0,81.0,79.0,1,0.005076142131979695,387.55555555555554,17262.9716272243,1,true
src/main/org/apache/tools/ant/taskdefs/Tar.java,752.0,33.0,130.0,21.0,155.0,77.0,1,0.005076142131979695,227.67272727272726,3491.0000111134204,1,true
src/main/org/apache/tools/ant/taskdefs/Touch.java,285.0,23.0,205.0,23.0,52.0,55.0,0,0.0,0.0,0.0,0,true
src/main/org/apache/tools/ant/taskdefs/Truncate.java,155.0,13.0,29.0,10.0,20.0,30.0,0,0.0,0.0,0.0,0,true
src/main/org/apache/tools/ant/taskdefs/Unpack.java,135.0,7.0,42.0,12.0,30.0,26.0,0,0.0,0.0,0.0,0,true
src/main/org/apache/tools/ant/taskdefs/VerifyJar.java,139.0,12.0,0.0,3.0,23.0,13.0,0,0.0,0.0,0.0,0,true
src/main/org/apache/tools/ant/taskdefs/WaitFor.java,241.0,8.0,56.0,12.0,20.0,24.0,1,0.005076142131979695,387.55555555555554,17262.9716272243,1,true
src/main/org/apache/tools/ant/taskdefs/XSLTLiaison2.java,12.0,0.0,0.0,1.0,0.0,1.0,1,0.005076142131979695,387.55555555555554,17262.9716272243,1,true
src/main/org/apache/tools/ant/taskdefs/XSLTProcess.java,1274.0,25.0,1325.0,55.0,130.0,159.0,1,0.005076142131979695,387.55555555555554,17262.9716272243,1,true
src/main/org/apache/tools/ant/taskdefs/XmlProperty.java,597.0,22.0,485.0,35.0,97.0,89.0,1,0.005076142131979695,387.55555555555554,17262.9716272243,1,true
src/main/org/apache/tools/ant/taskdefs/Zip.java,1650.0,49.0,2492.0,80.0,289.0,249.0,1,0.005076142131979695,387.55555555555554,17262.9716272243,1,true
src/main/org/apache/tools/ant/taskdefs/compilers/CompilerAdapterFactory.java,130.0,6.0,8.0,5.0,13.0,21.0,1,0.005076142131979695,8.0,8.425464881810084,1,true
src/main/org/apache/tools/ant/taskdefs/condition/AntVersion.java,132.0,4.0,5.0,10.0,16.0,31.0,1,0.005076142131979695,387.55555555555554,17262.9716272243,1,false
src/main/org/apache/tools/ant/taskdefs/condition/Matches.java,80.0,5.0,7.0,7.0,5.0,17.0,1,0.005076142131979695,387.55555555555554,17262.9716272243,1,false
src/main/org/apache/tools/ant/taskdefs/condition/ResourcesMatch.java,59.0,7.0,0.0,3.0,7.0,11.0,0,0.0,0.0,0.0,0,true
src/main/org/apache/tools/ant/taskdefs/email/EmailTask.java,513.0,14.0,481.0,34.0,73.0,67.0,0,0.0,0.0,0.0,0,true
src/main/org/apache/tools/ant/taskdefs/optional/Javah.java,411.0,17.0,444.0,33.0,53.0,83.0,1,0.005076142131979695,387.55555555555554,17262.9716272243,1,true
src/main/org/apache/tools/ant/taskdefs/optional/Native2Ascii.java,229.0,14.0,86.0,17.0,31.0,46.0,1,0.005076142131979695,387.55555555555554,17262.9716272243,1,true
src/main/org/apache/tools/ant/taskdefs/optional/NetRexxC.java,826.0,21.0,877.0,47.0,83.0,120.0,1,0.005076142131979695,387.55555555555554,17262.9716272243,1,true
src/main/org/apache/tools/ant/taskdefs/optional/ReplaceRegExp.java,400.0,26.0,60.0,16.0,42.0,51.0,1,0.005076142131979695,387.55555555555554,17262.9716272243,1,true
src/main/org/apache/tools/ant/taskdefs/optional/SchemaValidate.java,439.0,15.0,102.0,16.0,47.0,44.0,1,0.005076142131979695,387.55555555555554,17262.9716272243,1,false
src/main/org/apache/tools/ant/taskdefs/optional/TraXLiaison.java,490.0,44.0,218.0,24.0,116.0,80.0,0,0.0,0.0,0.0,0,true
src/main/org/apache/tools/ant/taskdefs/optional/ejb/DescriptorHandler.java,297.0,12.0,19.0,11.0,20.0,39.0,1,0.005076142131979695,387.55555555555554,17262.9716272243,1,false
src/main/org/apache/tools/ant/taskdefs/optional/ejb/EjbJar.java,483.0,15.0,153.0,27.0,47.0,73.0,1,0.005076142131979695,387.55555555555554,17262.9716272243,1,true
src/main/org/apache/tools/ant/taskdefs/optional/ejb/GenericDeploymentTool.java,718.0,24.0,314.0,33.0,145.0,112.0,1,0.005076142131979695,387.55555555555554,17262.9716272243,1,true
src/main/org/apache/tools/ant/taskdefs/optional/ejb/WebsphereDeploymentTool.java,681.0,17.0,436.0,32.0,98.0,78.0,1,0.005076142131979695,387.55555555555554,17262.9716272243,1,true
src/main/org/apache/tools/ant/taskdefs/optional/extension/Extension.java,496.0,8.0,165.0,22.0,52.0,65.0,1,0.005076142131979695,387.55555555555554,17262.9716272243,1,true
src/main/org/apache/tools/ant/taskdefs/optional/extension/JarLibAvailableTask.java,108.0,6.0,0.0,6.0,16.0,18.0,1,0.005076142131979695,387.55555555555554,17262.9716272243,1,true
src/main/org/apache/tools/ant/taskdefs/optional/extension/Specification.java,416.0,9.0,99.0,19.0,58.0,65.0,1,0.005076142131979695,387.55555555555554,17262.9716272243,1,true
src/main/org/apache/tools/ant/taskdefs/optional/extension/resolvers/URLResolver.java,89.0,7.0,0.0,7.0,10.0,18.0,1,0.005076142131979695,387.55555555555554,17262.9716272243,1,true
src/main/org/apache/tools/ant/taskdefs/optional/i18n/Translate.java,484.0,18.0,93.0,18.0,66.0,56.0,1,0.005076142131979695,387.55555555555554,17262.9716272243,1,true
src/main/org/apache/tools/ant/taskdefs/optional/j2ee/GenericHotDeploymentTool.java,109.0,3.0,4.0,9.0,11.0,22.0,1,0.005076142131979695,387.55555555555554,17262.9716272243,1,true
src/main/org/apache/tools/ant/taskdefs/optional/j2ee/JonasHotDeploymentTool.java,168.0,4.0,7.0,7.0,21.0,21.0,1,0.005076142131979695,387.55555555555554,17262.9716272243,1,true
src/main/org/apache/tools/ant/taskdefs/optional/j2ee/WebLogicHotDeploymentTool.java,175.0,2.0,39.0,11.0,40.0,36.0,1,0.005076142131979695,387.55555555555554,17262.9716272243,1,true
src/main/org/apache/tools/ant/taskdefs/optional/jsp/JspC.java,552.0,13.0,734.0,41.0,59.0,102.0,1,0.005076142131979695,387.55555555555554,17262.9716272243,1,true
src/main/org/apache/tools/ant/taskdefs/optional/jsp/WLJspc.java,223.0,10.0,10.0,8.0,41.0,25.0,1,0.005076142131979695,387.55555555555554,17262.9716272243,1,true
src/main/org/apache/tools/ant/taskdefs/optional/jsp/compilers/JspCompilerAdapter.java,32.0,3.0,6.0,4.0,0.0,9.0,1,0.005076142131979695,387.55555555555554,17262.9716272243,1,true
src/main/org/apache/tools/ant/taskdefs/optional/junit/BatchTest.java,149.0,9.0,28.0,9.0,39.0,27.0,0,0.0,0.0,0.0,0,true
src/main/org/apache/tools/ant/taskdefs/optional/junit/JUnitTask.java,1650.0,42.0,2954.0,80.0,356.0,272.0,2,0.01015228426395939,395.55555555555554,17271.397092106108,2,true
src/main/org/apache/tools/ant/taskdefs/optional/junit/JUnitTaskMirror.java,136.0,4.0,3.0,3.0,0.0,9.0,1,0.005076142131979695,387.55555555555554,17262.9716272243,1,true
src/main/org/apache/tools/ant/taskdefs/optional/junit/JUnitTestRunner.java,927.0,29.0,1274.0,56.0,165.0,154.0,2,0.01015228426395939,615.2282828282828,20753.97163833772,2,true
src/main/org/apache/tools/ant/taskdefs/optional/junit/XMLResultAggregator.java,247.0,22.0,45.0,11.0,55.0,39.0,1,0.005076142131979695,387.55555555555554,17262.9716272243,1,true
src/main/org/apache/tools/ant/taskdefs/optional/net/FTP.java,2231.0,39.0,1984.0,68.0,206.0,230.0,1,0.005076142131979695,387.55555555555554,17262.9716272243,1,true
src/main/org/apache/tools/ant/taskdefs/optional/net/FTPTaskMirrorImpl.java,1619.0,33.0,0.0,26.0,235.0,123.0,1,0.005076142131979695,387.55555555555554,17262.9716272243,1,true
src/main/org/apache/tools/ant/taskdefs/optional/net/RExecTask.java,402.0,10.0,26.0,12.0,17.0,28.0,1,0.005076142131979695,387.55555555555554,17262.9716272243,1,true
src/main/org/apache/tools/ant/taskdefs/optional/perforce/P4Resolve.java,148.0,1.0,41.0,11.0,7.0,29.0,1,0.005076142131979695,387.55555555555554,17262.9716272243,1,true
src/main/org/apache/tools/ant/taskdefs/optional/sos/SOS.java,369.0,9.0,628.0,37.0,41.0,91.0,1,0.005076142131979695,387.55555555555554,17262.9716272243,1,true
src/main/org/apache/tools/ant/taskdefs/optional/sound/SoundTask.java,136.0,6.0,6.0,5.0,8.0,10.0,1,0.005076142131979695,387.55555555555554,17262.9716272243,1,true
src/main/org/apache/tools/ant/taskdefs/optional/splash/SplashTask.java,217.0,12.0,37.0,11.0,36.0,21.0,1,0.005076142131979695,387.55555555555554,17262.9716272243,1,true
src/main/org/apache/tools/ant/taskdefs/optional/ssh/Directory.java,145.0,6.0,35.0,15.0,18.0,34.0,1,0.005076142131979695,387.55555555555554,17262.9716272243,1,false
src/main/org/apache/tools/ant/taskdefs/optional/ssh/LogListener.java,10.0,0.0,0.0,1.0,0.0,2.0,1,0.005076142131979695,387.55555555555554,17262.9716272243,1,false
src/main/org/apache/tools/ant/taskdefs/optional/ssh/SSHBase.java,177.0,6.0,104.0,20.0,17.0,40.0,1,0.005076142131979695,387.55555555555554,17262.9716272243,1,true
src/main/org/apache/tools/ant/taskdefs/optional/ssh/Scp.java,361.0,12.0,226.0,24.0,82.0,74.0,1,0.005076142131979695,387.55555555555554,17262.9716272243,1,true
src/main/org/apache/tools/ant/taskdefs/optional/testing/Funtest.java,455.0,10.0,281.0,26.0,39.0,48.0,1,0.005076142131979695,387.55555555555554,17262.9716272243,1,true
src/main/org/apache/tools/ant/taskdefs/optional/unix/AbstractAccessTask.java,54.0,5.0,15.0,6.0,11.0,16.0,1,0.005076142131979695,387.55555555555554,17262.9716272243,1,true
src/main/org/apache/tools/ant/taskdefs/optional/unix/Chgrp.java,39.0,1.0,4.0,4.0,5.0,9.0,1,0.005076142131979695,387.55555555555554,17262.9716272243,1,true
src/main/org/apache/tools/ant/taskdefs/optional/unix/Chown.java,39.0,1.0,4.0,4.0,5.0,9.0,1,0.005076142131979695,387.55555555555554,17262.9716272243,1,true
src/main/org/apache/tools/ant/taskdefs/optional/vss/MSVSSConstants.java,197.0,0.0,0.0,0.0,0.0,0.0,1,0.005076142131979695,387.55555555555554,17262.9716272243,1,true
src/main/org/apache/tools/ant/taskdefs/optional/windows/Attrib.java,139.0,5.0,130.0,17.0,26.0,31.0,1,0.005076142131979695,387.55555555555554,17262.9716272243,1,true
src/main/org/apache/tools/ant/taskdefs/rmic/DefaultRmicAdapter.java,366.0,11.0,61.0,15.0,49.0,43.0,1,0.005076142131979695,387.55555555555554,17262.9716272243,1,true
src/main/org/apache/tools/ant/taskdefs/rmic/RmicAdapter.java,34.0,4.0,6.0,4.0,0.0,9.0,1,0.005076142131979695,387.55555555555554,17262.9716272243,1,true
src/main/org/apache/tools/ant/taskdefs/rmic/WLRmic.java,107.0,5.0,10.0,5.0,16.0,19.0,1,0.005076142131979695,387.55555555555554,17262.9716272243,1,true
src/main/org/apache/tools/ant/types/AbstractFileSet.java,763.0,32.0,1597.0,66.0,207.0,182.0,1,0.005076142131979695,387.55555555555554,17262.9716272243,1,true
src/main/org/apache/tools/ant/types/ArchiveFileSet.java,469.0,9.0,474.0,37.0,102.0,113.0,1,0.005076142131979695,387.55555555555554,17262.9716272243,1,true
src/main/org/apache/tools/ant/types/ArchiveScanner.java,265.0,10.0,20.0,17.0,44.0,51.0,1,0.005076142131979695,387.55555555555554,17262.9716272243,1,true
src/main/org/apache/tools/ant/types/CommandlineJava.java,589.0,9.0,521.0,39.0,67.0,90.0,1,0.005076142131979695,387.55555555555554,17262.9716272243,1,true
src/main/org/apache/tools/ant/types/DirSet.java,79.0,3.0,21.0,7.0,22.0,20.0,0,0.0,0.0,0.0,0,true
src/main/org/apache/tools/ant/types/Environment.java,131.0,2.0,0.0,4.0,4.0,10.0,1,0.005076142131979695,387.55555555555554,17262.9716272243,1,true
src/main/org/apache/tools/ant/types/FileList.java,161.0,7.0,6.0,12.0,31.0,34.0,0,0.0,0.0,0.0,0,true
src/main/org/apache/tools/ant/types/FileSet.java,62.0,2.0,15.0,6.0,17.0,16.0,0,0.0,0.0,0.0,0,true
src/main/org/apache/tools/ant/types/FilterSet.java,516.0,10.0,264.0,25.0,103.0,89.0,1,0.005076142131979695,387.55555555555554,17262.9716272243,1,true
src/main/org/apache/tools/ant/types/Parameterizable.java,10.0,0.0,0.0,1.0,0.0,1.0,1,0.005076142131979695,387.55555555555554,17262.9716272243,1,true
src/main/org/apache/tools/ant/types/Path.java,614.0,15.0,574.0,37.0,134.0,128.0,1,0.005076142131979695,387.55555555555554,17262.9716272243,1,true
src/main/org/apache/tools/ant/types/PropertySet.java,478.0,17.0,380.0,29.0,134.0,77.0,1,0.005076142131979695,387.55555555555554,17262.9716272243,1,true
src/main/org/apache/tools/ant/types/Resource.java,358.0,7.0,362.0,32.0,74.0,94.0,0,0.0,0.0,0.0,0,true
src/main/org/apache/tools/ant/types/ResourceCollection.java,24.0,2.0,3.0,3.0,0.0,6.0,0,0.0,0.0,0.0,0,true
src/main/org/apache/tools/ant/types/TarFileSet.java,220.0,2.0,162.0,21.0,35.0,55.0,1,0.005076142131979695,387.55555555555554,17262.9716272243,1,true
src/main/org/apache/tools/ant/types/ZipFileSet.java,113.0,2.0,24.0,9.0,20.0,27.0,1,0.005076142131979695,387.55555555555554,17262.9716272243,1,true
src/main/org/apache/tools/ant/types/ZipScanner.java,66.0,10.0,0.0,1.0,11.0,6.0,0,0.0,0.0,0.0,0,true
src/main/org/apache/tools/ant/types/optional/ScriptCondition.java,39.0,2.0,1.0,3.0,3.0,10.0,1,0.005076142131979695,387.55555555555554,17262.9716272243,1,false
src/main/org/apache/tools/ant/types/optional/image/Ellipse.java,53.0,5.0,0.0,3.0,14.0,7.0,1,0.005076142131979695,387.55555555555554,17262.9716272243,1,true
src/main/org/apache/tools/ant/types/resources/AbstractClasspathResource.java,218.0,10.0,71.0,15.0,53.0,48.0,1,0.005076142131979695,387.55555555555554,17262.9716272243,1,true
src/main/org/apache/tools/ant/types/resources/AbstractResourceCollectionWrapper.java,160.0,8.0,52.0,12.0,39.0,36.0,0,0.0,0.0,0.0,0,true
src/main/org/apache/tools/ant/types/resources/ArchiveResource.java,237.0,7.0,180.0,21.0,57.0,57.0,0,0.0,0.0,0.0,0,true
src/main/org/apache/tools/ant/types/resources/Archives.java,138.0,14.0,17.0,10.0,40.0,36.0,0,0.0,0.0,0.0,0,true
src/main/org/apache/tools/ant/types/resources/BCFileSet.java,44.0,3.0,6.0,4.0,16.0,9.0,0,0.0,0.0,0.0,0,true
src/main/org/apache/tools/ant/types/resources/BZip2Resource.java,54.0,5.0,8.0,5.0,2.0,14.0,1,0.005076142131979695,387.55555555555554,17262.9716272243,1,false
src/main/org/apache/tools/ant/types/resources/BaseResourceCollectionContainer.java,216.0,12.0,74.0,16.0,59.0,53.0,0,0.0,0.0,0.0,0,true
src/main/org/apache/tools/ant/types/resources/BaseResourceCollectionWrapper.java,25.0,3.0,6.0,4.0,6.0,10.0,0,0.0,0.0,0.0,0,true
src/main/org/apache/tools/ant/types/resources/ContentTransformingResource.java,128.0,6.0,45.0,10.0,20.0,44.0,0,0.0,0.0,0.0,0,true
src/main/org/apache/tools/ant/types/resources/Difference.java,31.0,8.0,0.0,1.0,4.0,6.0,0,0.0,0.0,0.0,0,true
src/main/org/apache/tools/ant/types/resources/FailFast.java,97.0,7.0,4.0,8.0,17.0,21.0,0,0.0,0.0,0.0,0,true
src/main/org/apache/tools/ant/types/resources/FileResource.java,313.0,12.0,315.0,27.0,100.0,84.0,0,0.0,0.0,0.0,0,true
src/main/org/apache/tools/ant/types/resources/FileResourceIterator.java,111.0,5.0,23.0,11.0,5.0,22.0,0,0.0,0.0,0.0,0,true
src/main/org/apache/tools/ant/types/resources/Files.java,409.0,13.0,60.0,33.0,119.0,95.0,0,0.0,0.0,0.0,0,true
src/main/org/apache/tools/ant/types/resources/First.java,20.0,5.0,0.0,1.0,6.0,4.0,0,0.0,0.0,0.0,0,true
src/main/org/apache/tools/ant/types/resources/Intersect.java,32.0,7.0,1.0,2.0,9.0,8.0,0,0.0,0.0,0.0,0,true
src/main/org/apache/tools/ant/types/resources/JavaResource.java,105.0,6.0,10.0,5.0,24.0,16.0,0,0.0,0.0,0.0,0,true
src/main/org/apache/tools/ant/types/resources/Last.java,35.0,8.0,0.0,1.0,9.0,6.0,0,0.0,0.0,0.0,0,true
src/main/org/apache/tools/ant/types/resources/LazyResourceCollectionWrapper.java,117.0,5.0,3.0,3.0,6.0,11.0,0,0.0,0.0,0.0,0,true
src/main/org/apache/tools/ant/types/resources/MappedResource.java,69.0,3.0,9.0,6.0,14.0,17.0,0,0.0,0.0,0.0,0,true
src/main/org/apache/tools/ant/types/resources/MappedResourceCollection.java,185.0,14.0,41.0,14.0,38.0,45.0,0,0.0,0.0,0.0,0,true
src/main/org/apache/tools/ant/types/resources/ResourceDecorator.java,205.0,9.0,219.0,22.0,41.0,64.0,0,0.0,0.0,0.0,0,true
src/main/org/apache/tools/ant/types/resources/ResourceList.java,183.0,19.0,38.0,12.0,57.0,46.0,0,0.0,0.0,0.0,0,true
src/main/org/apache/tools/ant/types/resources/Resources.java,224.0,15.0,149.0,19.0,40.0,46.0,0,0.0,0.0,0.0,0,true
src/main/org/apache/tools/ant/types/resources/Restrict.java,115.0,7.0,0.0,10.0,31.0,29.0,0,0.0,0.0,0.0,0,true
src/main/org/apache/tools/ant/types/resources/Sort.java,53.0,13.0,0.0,3.0,15.0,10.0,0,0.0,0.0,0.0,0,true
src/main/org/apache/tools/ant/types/resources/Union.java,98.0,8.0,45.0,10.0,25.0,22.0,0,0.0,0.0,0.0,0,true
src/main/org/apache/tools/ant/types/resources/ZipResource.java,176.0,14.0,110.0,16.0,51.0,42.0,0,0.0,0.0,0.0,0,true
src/main/org/apache/tools/ant/types/resources/comparators/FileSystem.java,28.0,4.0,0.0,1.0,8.0,4.0,0,0.0,0.0,0.0,0,true
src/main/org/apache/tools/ant/types/resources/comparators/ResourceComparator.java,51.0,3.0,6.0,4.0,12.0,14.0,0,0.0,0.0,0.0,0,true
src/main/org/apache/tools/ant/types/resources/selectors/Compare.java,107.0,12.0,7.0,7.0,23.0,26.0,0,0.0,0.0,0.0,0,true
src/main/org/apache/tools/ant/types/resources/selectors/Name.java,110.0,6.0,40.0,12.0,12.0,27.0,1,0.005076142131979695,387.55555555555554,17262.9716272243,1,true
src/main/org/apache/tools/ant/types/selectors/AbstractSelectorContainer.java,285.0,8.0,393.0,30.0,68.0,57.0,1,0.005076142131979695,387.55555555555554,17262.9716272243,1,true
src/main/org/apache/tools/ant/types/selectors/BaseSelectorContainer.java,274.0,9.0,435.0,31.0,52.0,53.0,1,0.005076142131979695,387.55555555555554,17262.9716272243,1,true
src/main/org/apache/tools/ant/types/selectors/ContainsRegexpSelector.java,165.0,13.0,27.0,10.0,24.0,24.0,1,0.005076142131979695,387.55555555555554,17262.9716272243,1,true
src/main/org/apache/tools/ant/types/selectors/DifferentSelector.java,74.0,4.0,0.0,3.0,4.0,12.0,1,0.005076142131979695,387.55555555555554,17262.9716272243,1,true
src/main/org/apache/tools/ant/types/selectors/ReadableSelector.java,19.0,4.0,1.0,2.0,4.0,6.0,1,0.005076142131979695,387.55555555555554,17262.9716272243,1,true
src/main/org/apache/tools/ant/types/selectors/SelectorContainer.java,131.0,3.0,276.0,24.0,0.0,31.0,1,0.005076142131979695,387.55555555555554,17262.9716272243,1,true
src/main/org/apache/tools/ant/types/selectors/SelectorScanner.java,22.0,0.0,3.0,3.0,0.0,5.0,1,0.005076142131979695,387.55555555555554,17262.9716272243,1,true
src/main/org/apache/tools/ant/types/selectors/SelectorUtils.java,547.0,5.0,206.0,21.0,41.0,90.0,1,0.005076142131979695,387.55555555555554,17262.9716272243,1,true
src/main/org/apache/tools/ant/types/selectors/WritableSelector.java,19.0,4.0,1.0,2.0,4.0,6.0,0,0.0,0.0,0.0,0,true
src/main/org/apache/tools/ant/types/selectors/modifiedselector/ModifiedSelector.java,761.0,18.0,678.0,40.0,89.0,109.0,1,0.005076142131979695,387.55555555555554,17262.9716272243,1,true
src/main/org/apache/tools/ant/util/CollectionUtils.java,205.0,9.0,91.0,14.0,33.0,39.0,0,0.0,0.0,0.0,0,true
src/main/org/apache/tools/ant/util/ConcatResourceInputStream.java,108.0,8.0,19.0,10.0,15.0,29.0,0,0.0,0.0,0.0,0,true
src/main/org/apache/tools/ant/util/ContainerMapper.java,76.0,5.0,15.0,7.0,10.0,17.0,1,0.005076142131979695,387.55555555555554,17262.9716272243,1,true
src/main/org/apache/tools/ant/util/JavaEnvUtils.java,458.0,6.0,114.0,17.0,18.0,59.0,1,0.005076142131979695,387.55555555555554,17262.9716272243,1,true
src/main/org/apache/tools/ant/util/KeepAliveInputStream.java,36.0,3.0,3.0,3.0,0.0,5.0,1,0.005076142131979695,387.55555555555554,17262.9716272243,1,true
src/main/org/apache/tools/ant/util/KeepAliveOutputStream.java,49.0,4.0,10.0,5.0,2.0,9.0,1,0.005076142131979695,387.55555555555554,17262.9716272243,1,true
src/main/org/apache/tools/ant/util/LazyFileOutputStream.java,121.0,4.0,29.0,11.0,9.0,28.0,1,0.005076142131979695,387.55555555555554,17262.9716272243,1,false
src/main/org/apache/tools/ant/util/LineTokenizer.java,85.0,3.0,0.0,3.0,3.0,15.0,1,0.005076142131979695,387.55555555555554,17262.9716272243,1,true
src/main/org/apache/tools/ant/util/PackageNameMapper.java,24.0,1.0,0.0,1.0,4.0,3.0,2,0.01015228426395939,615.2282828282828,20753.97163833772,2,true
src/main/org/apache/tools/ant/util/RegexpPatternMapper.java,117.0,5.0,0.0,7.0,14.0,25.0,1,0.005076142131979695,387.55555555555554,17262.9716272243,1,true
src/main/org/apache/tools/ant/util/ResourceUtils.java,605.0,34.0,169.0,19.0,96.0,79.0,1,0.005076142131979695,387.55555555555554,17262.9716272243,1,true
src/main/org/apache/tools/ant/util/ScriptRunner.java,7.0,0.0,0.0,0.0,0.0,0.0,1,0.005076142131979695,387.55555555555554,17262.9716272243,1,true
src/main/org/apache/tools/ant/util/ScriptRunnerBase.java,291.0,16.0,315.0,27.0,38.0,66.0,0,0.0,0.0,0.0,0,true
src/main/org/apache/tools/ant/util/SymbolicLinkUtils.java,192.0,6.0,45.0,10.0,30.0,44.0,1,0.005076142131979695,387.55555555555554,17262.9716272243,1,false
src/main/org/apache/tools/ant/util/UUEncoder.java,98.0,4.0,7.0,6.0,10.0,17.0,1,0.005076142131979695,387.55555555555554,17262.9716272243,1,false
src/main/org/apache/tools/ant/util/XmlConstants.java,54.0,0.0,0.0,0.0,0.0,0.0,1,0.005076142131979695,387.55555555555554,17262.9716272243,1,false
src/main/org/apache/tools/ant/util/depend/bcel/AncestorAnalyzer.java,95.0,9.0,3.0,3.0,20.0,16.0,1,0.005076142131979695,387.55555555555554,17262.9716272243,1,true
src/main/org/apache/tools/ant/util/depend/bcel/DependencyVisitor.java,129.0,10.0,43.0,11.0,31.0,20.0,1,0.005076142131979695,387.55555555555554,17262.9716272243,1,true
src/main/org/apache/tools/ant/util/depend/bcel/FullAnalyzer.java,87.0,10.0,3.0,3.0,19.0,16.0,1,0.005076142131979695,387.55555555555554,17262.9716272243,1,true
src/main/org/apache/tools/ant/util/facade/FacadeTaskHelper.java,118.0,5.0,17.0,10.0,9.0,23.0,1,0.005076142131979695,387.55555555555554,17262.9716272243,1,true
src/main/org/apache/tools/ant/util/facade/ImplementationSpecificArgument.java,37.0,1.0,1.0,3.0,1.0,9.0,1,0.005076142131979695,387.55555555555554,17262.9716272243,1,true
src/main/org/apache/tools/ant/util/optional/JavaxScriptRunner.java,119.0,4.0,9.0,6.0,29.0,25.0,1,0.005076142131979695,387.55555555555554,17262.9716272243,1,false
src/main/org/apache/tools/ant/util/regexp/RegexpMatcher.java,71.0,2.0,15.0,6.0,0.0,21.0,1,0.005076142131979695,387.55555555555554,17262.9716272243,1,true
src/main/org/apache/tools/bzip2/BlockSort.java,766.0,1.0,100.0,17.0,21.0,62.0,1,0.005076142131979695,227.67272727272726,3491.0000111134204,1,true
src/main/org/apache/tools/bzip2/CBZip2OutputStream.java,1150.0,2.0,191.0,35.0,54.0,122.0,2,0.01015228426395939,615.2282828282828,20753.97163833772,2,true
src/main/org/apache/tools/mail/ErrorInQuitException.java,16.0,1.0,0.0,1.0,1.0,1.0,1,0.005076142131979695,387.55555555555554,17262.9716272243,1,true
src/main/org/apache/tools/mail/MailMessage.java,394.0,8.0,397.0,31.0,63.0,84.0,1,0.005076142131979695,387.55555555555554,17262.9716272243,1,true
src/main/org/apache/tools/tar/TarEntry.java,540.0,3.0,368.0,37.0,54.0,82.0,2,0.01015228426395939,615.2282828282828,20753.97163833772,2,true
src/main/org/apache/tools/tar/TarInputStream.java,289.0,4.0,69.0,15.0,24.0,48.0,2,0.01015228426395939,615.2282828282828,20753.97163833772,2,true
src/main/org/apache/tools/zip/AbstractUnicodeExtraField.java,110.0,3.0,24.0,13.0,11.0,28.0,2,0.01015228426395939,615.2282828282828,20753.97163833772,2,false
src/main/org/apache/tools/zip/ExtraFieldUtils.java,236.0,5.0,13.0,7.0,29.0,34.0,2,0.01015228426395939,615.2282828282828,20753.97163833772,2,true
src/main/org/apache/tools/zip/ZipEntry.java,424.0,4.0,475.0,34.0,64.0,94.0,2,0.01015228426395939,615.2282828282828,20753.97163833772,2,true
src/main/org/apache/tools/zip/ZipFile.java,535.0,15.0,144.0,21.0,77.0,89.0,2,0.01015228426395939,615.2282828282828,20753.97163833772,2,true
src/main/org/apache/tools/zip/ZipOutputStream.java,781.0,16.0,303.0,31.0,134.0,105.0,1,0.005076142131979695,227.67272727272726,3491.0000111134204,1,true
src/tests/junit/org/apache/tools/ant/AntClassLoaderTest.java,141.0,5.0,0.0,10.0,72.0,22.0,0,0.0,0.0,0.0,0,true
src/tests/junit/org/apache/tools/ant/taskdefs/JavaTest.java,318.0,14.0,522.0,33.0,74.0,56.0,0,0.0,0.0,0.0,0,true
src/tests/junit/org/apache/tools/ant/taskdefs/TypeAdapterTest.java,101.0,6.0,28.0,8.0,7.0,9.0,1,0.005076142131979695,227.67272727272726,3491.0000111134204,1,false
src/tests/junit/org/apache/tools/ant/taskdefs/ZipExtraFieldTest.java,56.0,15.0,45.0,10.0,16.0,23.0,1,0.005076142131979695,227.67272727272726,3491.0000111134204,1,true
src/tests/junit/org/apache/tools/ant/types/resources/LazyResourceCollectionTest.java,105.0,8.0,3.0,3.0,20.0,8.0,0,0.0,0.0,0.0,0,true
src/tests/junit/org/apache/tools/ant/util/SymlinkUtilsTest.java,9.0,3.0,0.0,1.0,3.0,4.0,0,0.0,0.0,0.0,0,false
src/tests/junit/org/apache/tools/bzip2/BlockSortTest.java,77.0,3.0,28.0,13.0,28.0,17.0,1,0.005076142131979695,227.67272727272726,3491.0000111134204,1,false
