name,LOC,CBO,LCOM,NOM,RFC,WMC,numOfChanges,bccm,structuralWorkloadSum,semanticWorkloadSum,numberOfDeveloper,isBuggy
src/main/org/apache/tools/ant/DynamicObjectAttribute.java,16.0,0.0,0.0,1.0,0.0,2.0,1,0.0045871559633027525,11.714285714285714,284.56199709376574,1,false
src/main/org/apache/tools/ant/Evaluable.java,7.0,0.0,0.0,1.0,0.0,1.0,1,0.0045871559633027525,11.714285714285714,284.56199709376574,1,false
src/main/org/apache/tools/ant/ExtensionPoint.java,29.0,0.0,4.0,4.0,0.0,6.0,0,0.0,0.0,0.0,0,true
src/main/org/apache/tools/ant/IntrospectionHelper.java,1388.0,17.0,1485.0,58.0,204.0,216.0,2,0.009174311926605505,514.9122552574329,54472.2447965042,2,true
src/main/org/apache/tools/ant/MagicNames.java,204.0,1.0,0.0,1.0,0.0,1.0,0,0.0,0.0,0.0,0,true
src/main/org/apache/tools/ant/Main.java,1030.0,23.0,402.0,33.0,195.0,143.0,2,0.009174311926605505,514.9122552574329,54472.2447965042,2,true
src/main/org/apache/tools/ant/ProjectHelper.java,524.0,10.0,490.0,32.0,55.0,95.0,2,0.009174311926605505,514.9122552574329,54472.2447965042,2,true
src/main/org/apache/tools/ant/RuntimeConfigurable.java,394.0,14.0,218.0,25.0,57.0,67.0,2,0.009174311926605505,514.9122552574329,54472.2447965042,2,true
src/main/org/apache/tools/ant/Target.java,424.0,11.0,288.0,29.0,59.0,81.0,2,0.009174311926605505,514.9122552574329,54472.2447965042,2,true
src/main/org/apache/tools/ant/filters/ExpandProperties.java,92.0,9.0,9.0,6.0,13.0,17.0,1,0.0045871559633027525,0.0,0.0,1,true
src/main/org/apache/tools/ant/helper/ProjectHelper2.java,964.0,35.0,62.0,13.0,61.0,33.0,2,0.009174311926605505,514.9122552574329,54472.2447965042,2,true
src/main/org/apache/tools/ant/listener/SilentLogger.java,21.0,2.0,15.0,6.0,1.0,7.0,1,0.0045871559633027525,11.714285714285714,284.56199709376574,1,false
src/main/org/apache/tools/ant/property/LocalPropertyStack.java,94.0,4.0,0.0,8.0,14.0,21.0,1,0.0045871559633027525,503.1979695431472,54187.68279941044,1,true
src/main/org/apache/tools/ant/taskdefs/BUnzip2.java,74.0,7.0,3.0,3.0,11.0,11.0,0,0.0,0.0,0.0,0,true
src/main/org/apache/tools/ant/taskdefs/CommandLauncherTask.java,28.0,3.0,0.0,3.0,3.0,7.0,0,0.0,0.0,0.0,0,true
src/main/org/apache/tools/ant/taskdefs/Definer.java,525.0,18.0,215.0,26.0,85.0,84.0,2,0.009174311926605505,514.9122552574329,54472.2447965042,2,true
src/main/org/apache/tools/ant/taskdefs/Execute.java,564.0,21.0,422.0,32.0,116.0,108.0,1,0.0045871559633027525,503.1979695431472,54187.68279941044,1,true
src/main/org/apache/tools/ant/taskdefs/Tar.java,762.0,33.0,130.0,21.0,156.0,77.0,0,0.0,0.0,0.0,0,true
src/main/org/apache/tools/ant/taskdefs/launcher/CommandLauncher.java,140.0,8.0,28.0,8.0,16.0,32.0,0,0.0,0.0,0.0,0,true
src/main/org/apache/tools/ant/taskdefs/launcher/CommandLauncherProxy.java,22.0,2.0,0.0,2.0,1.0,5.0,0,0.0,0.0,0.0,0,true
src/main/org/apache/tools/ant/taskdefs/launcher/Java13CommandLauncher.java,30.0,5.0,0.0,1.0,4.0,6.0,0,0.0,0.0,0.0,0,true
src/main/org/apache/tools/ant/taskdefs/launcher/MacCommandLauncher.java,31.0,3.0,1.0,2.0,5.0,6.0,0,0.0,0.0,0.0,0,true
src/main/org/apache/tools/ant/taskdefs/launcher/OS2CommandLauncher.java,44.0,3.0,1.0,2.0,5.0,8.0,0,0.0,0.0,0.0,0,true
src/main/org/apache/tools/ant/taskdefs/launcher/PerlScriptCommandLauncher.java,44.0,4.0,0.0,2.0,7.0,6.0,0,0.0,0.0,0.0,0,true
src/main/org/apache/tools/ant/taskdefs/launcher/ScriptCommandLauncher.java,43.0,4.0,0.0,2.0,7.0,6.0,0,0.0,0.0,0.0,0,true
src/main/org/apache/tools/ant/taskdefs/launcher/VmsCommandLauncher.java,86.0,6.0,15.0,6.0,17.0,19.0,0,0.0,0.0,0.0,0,true
src/main/org/apache/tools/ant/taskdefs/launcher/WinNTCommandLauncher.java,41.0,3.0,1.0,2.0,4.0,8.0,0,0.0,0.0,0.0,0,true
src/main/org/apache/tools/ant/taskdefs/optional/junit/JUnitTask.java,1650.0,42.0,2954.0,80.0,355.0,272.0,0,0.0,0.0,0.0,0,true
src/main/org/apache/tools/ant/types/resources/FileResource.java,318.0,12.0,303.0,27.0,102.0,86.0,1,0.0045871559633027525,503.1979695431472,54187.68279941044,1,true
src/main/org/apache/tools/ant/util/DeweyDecimal.java,166.0,1.0,6.0,13.0,17.0,41.0,1,0.0045871559633027525,34.666666666666664,23.771623446492505,1,false
src/main/org/apache/tools/ant/util/PackageNameMapper.java,24.0,1.0,0.0,1.0,4.0,3.0,0,0.0,0.0,0.0,0,true
src/main/org/apache/tools/ant/util/VectorSet.java,172.0,6.0,215.0,26.0,55.0,54.0,2,0.009174311926605505,537.8646362098139,54211.45442285693,2,true
src/main/org/apache/tools/bzip2/CBZip2InputStream.java,811.0,2.0,80.0,28.0,60.0,121.0,0,0.0,0.0,0.0,0,true
src/main/org/apache/tools/tar/TarArchiveSparseEntry.java,38.0,1.0,0.0,2.0,1.0,5.0,0,0.0,0.0,0.0,0,false
src/main/org/apache/tools/tar/TarBuffer.java,324.0,4.0,0.0,21.0,24.0,65.0,0,0.0,0.0,0.0,0,true
src/main/org/apache/tools/tar/TarConstants.java,204.0,0.0,0.0,0.0,0.0,0.0,0,0.0,0.0,0.0,0,true
src/main/org/apache/tools/tar/TarEntry.java,887.0,6.0,1325.0,62.0,69.0,176.0,0,0.0,0.0,0.0,0,true
src/main/org/apache/tools/tar/TarInputStream.java,453.0,10.0,212.0,24.0,59.0,79.0,0,0.0,0.0,0.0,0,true
src/main/org/apache/tools/tar/TarOutputStream.java,436.0,9.0,231.0,26.0,70.0,69.0,0,0.0,0.0,0.0,0,true
src/main/org/apache/tools/tar/TarUtils.java,418.0,5.0,229.0,22.0,39.0,98.0,0,0.0,0.0,0.0,0,true
src/main/org/apache/tools/zip/AbstractUnicodeExtraField.java,141.0,3.0,24.0,13.0,14.0,31.0,0,0.0,0.0,0.0,0,false
src/main/org/apache/tools/zip/AsiExtraField.java,269.0,2.0,140.0,20.0,29.0,52.0,0,0.0,0.0,0.0,0,true
src/main/org/apache/tools/zip/ExtraFieldUtils.java,237.0,5.0,13.0,7.0,29.0,34.0,0,0.0,0.0,0.0,0,true
src/main/org/apache/tools/zip/FallbackZipEncoding.java,59.0,2.0,0.0,5.0,2.0,16.0,0,0.0,0.0,0.0,0,false
src/main/org/apache/tools/zip/GeneralPurposeBit.java,115.0,0.0,10.0,13.0,7.0,30.0,0,0.0,0.0,0.0,0,false
src/main/org/apache/tools/zip/Simple8BitZipEncoding.java,182.0,5.0,24.0,8.0,23.0,33.0,0,0.0,0.0,0.0,0,false
src/main/org/apache/tools/zip/UnicodeCommentExtraField.java,46.0,0.0,6.0,4.0,0.0,5.0,0,0.0,0.0,0.0,0,true
src/main/org/apache/tools/zip/UnicodePathExtraField.java,46.0,0.0,6.0,4.0,0.0,5.0,0,0.0,0.0,0.0,0,true
src/main/org/apache/tools/zip/UnparseableExtraFieldData.java,65.0,0.0,3.0,7.0,7.0,14.0,0,0.0,0.0,0.0,0,false
src/main/org/apache/tools/zip/UnsupportedZipFeatureException.java,56.0,1.0,0.0,3.0,1.0,5.0,0,0.0,0.0,0.0,0,false
src/main/org/apache/tools/zip/Zip64ExtendedInformationExtraField.java,228.0,3.0,44.0,20.0,10.0,50.0,0,0.0,0.0,0.0,0,true
src/main/org/apache/tools/zip/Zip64Mode.java,0.0,0.0,0.0,0.0,0.0,0.0,0,0.0,0.0,0.0,0,false
src/main/org/apache/tools/zip/Zip64RequiredException.java,19.0,1.0,1.0,2.0,1.0,4.0,0,0.0,0.0,0.0,0,false
src/main/org/apache/tools/zip/ZipConstants.java,45.0,0.0,0.0,1.0,0.0,1.0,0,0.0,0.0,0.0,0,false
src/main/org/apache/tools/zip/ZipEightByteInteger.java,176.0,2.0,0.0,16.0,17.0,30.0,0,0.0,0.0,0.0,0,false
src/main/org/apache/tools/zip/ZipEncoding.java,50.0,2.0,3.0,3.0,0.0,9.0,0,0.0,0.0,0.0,0,false
src/main/org/apache/tools/zip/ZipEncodingHelper.java,134.0,5.0,6.0,4.0,13.0,12.0,0,0.0,0.0,0.0,0,false
src/main/org/apache/tools/zip/ZipEntry.java,551.0,7.0,832.0,44.0,97.0,128.0,0,0.0,0.0,0.0,0,true
src/main/org/apache/tools/zip/ZipFile.java,685.0,20.0,185.0,26.0,94.0,111.0,0,0.0,0.0,0.0,0,true
src/main/org/apache/tools/zip/ZipLong.java,139.0,2.0,0.0,12.0,4.0,24.0,0,0.0,0.0,0.0,0,true
src/main/org/apache/tools/zip/ZipOutputStream.java,1106.0,23.0,642.0,48.0,196.0,178.0,0,0.0,0.0,0.0,0,true
src/main/org/apache/tools/zip/ZipShort.java,114.0,1.0,0.0,12.0,3.0,24.0,0,0.0,0.0,0.0,0,true
src/main/org/apache/tools/zip/ZipUtil.java,161.0,4.0,66.0,12.0,31.0,35.0,0,0.0,0.0,0.0,0,false
src/tests/junit/org/apache/tools/ant/taskdefs/ZipExtraFieldTest.java,57.0,16.0,45.0,10.0,16.0,24.0,0,0.0,0.0,0.0,0,true
src/tests/junit/org/apache/tools/ant/types/resources/FileResourceTest.java,73.0,3.0,0.0,10.0,47.0,10.0,1,0.0045871559633027525,503.1979695431472,54187.68279941044,1,false
src/tests/junit/org/apache/tools/ant/util/DeweyDecimalTest.java,32.0,2.0,21.0,7.0,9.0,7.0,1,0.0045871559633027525,34.666666666666664,23.771623446492505,1,false
src/tests/junit/org/apache/tools/ant/util/VectorSetTest.java,213.0,3.0,0.0,25.0,146.0,28.0,1,0.0045871559633027525,34.666666666666664,23.771623446492505,1,false
src/tests/junit/org/apache/tools/tar/TarRoundTripTest.java,34.0,4.0,6.0,4.0,13.0,7.0,0,0.0,0.0,0.0,0,false
src/tests/junit/org/apache/tools/zip/ExtraFieldUtilsTest.java,128.0,1.0,0.0,7.0,48.0,15.0,0,0.0,0.0,0.0,0,false
src/tests/junit/org/apache/tools/zip/ZipEntryTest.java,151.0,1.0,15.0,6.0,42.0,10.0,0,0.0,0.0,0.0,0,true
