name,LOC,CBO,LCOM,NOM,RFC,WMC,numOfChanges,bccm,structuralWorkloadSum,semanticWorkloadSum,numberOfDeveloper,isBuggy
src/main/org/apache/tools/ant/AntClassLoader.java,1233.0,32.0,1436.0,60.0,195.0,220.0,0,0.0,0.0,0.0,0,true
src/main/org/apache/tools/ant/AntTypeDefinition.java,305.0,2.0,135.0,22.0,38.0,65.0,0,0.0,0.0,0.0,0,true
src/main/org/apache/tools/ant/ArgumentProcessor.java,42.0,2.0,10.0,5.0,0.0,10.0,0,0.0,0.0,0.0,0,false
src/main/org/apache/tools/ant/ArgumentProcessorRegistry.java,110.0,9.0,41.0,10.0,32.0,31.0,0,0.0,0.0,0.0,0,false
src/main/org/apache/tools/ant/BuildException.java,112.0,0.0,25.0,11.0,3.0,22.0,0,0.0,0.0,0.0,0,true
src/main/org/apache/tools/ant/ComponentHelper.java,926.0,22.0,645.0,46.0,207.0,148.0,0,0.0,0.0,0.0,0,true
src/main/org/apache/tools/ant/DemuxOutputStream.java,195.0,4.0,33.0,10.0,25.0,30.0,0,0.0,0.0,0.0,0,true
src/main/org/apache/tools/ant/Diagnostics.java,591.0,24.0,630.0,36.0,140.0,105.0,0,0.0,0.0,0.0,0,true
src/main/org/apache/tools/ant/DirectoryScanner.java,1507.0,24.0,1890.0,69.0,207.0,237.0,0,0.0,0.0,0.0,0,true
src/main/org/apache/tools/ant/IntrospectionHelper.java,1379.0,17.0,1485.0,58.0,202.0,214.0,0,0.0,0.0,0.0,0,true
src/main/org/apache/tools/ant/Location.java,137.0,3.0,27.0,10.0,12.0,27.0,0,0.0,0.0,0.0,0,true
src/main/org/apache/tools/ant/Main.java,1058.0,29.0,402.0,33.0,196.0,144.0,0,0.0,0.0,0.0,0,true
src/main/org/apache/tools/ant/Project.java,2027.0,32.0,7409.0,126.0,270.0,374.0,0,0.0,0.0,0.0,0,true
src/main/org/apache/tools/ant/ProjectHelper.java,519.0,10.0,459.0,31.0,57.0,93.0,0,0.0,0.0,0.0,0,true
src/main/org/apache/tools/ant/ProjectHelperRepository.java,233.0,12.0,34.0,12.0,56.0,46.0,0,0.0,0.0,0.0,0,true
src/main/org/apache/tools/ant/PropertyHelper.java,890.0,15.0,1025.0,50.0,117.0,168.0,0,0.0,0.0,0.0,0,true
src/main/org/apache/tools/ant/RuntimeConfigurable.java,387.0,13.0,218.0,25.0,51.0,67.0,0,0.0,0.0,0.0,0,true
src/main/org/apache/tools/ant/Target.java,422.0,10.0,288.0,29.0,54.0,81.0,0,0.0,0.0,0.0,0,true
src/main/org/apache/tools/ant/Task.java,384.0,3.0,334.0,29.0,63.0,69.0,0,0.0,0.0,0.0,0,true
src/main/org/apache/tools/ant/TaskAdapter.java,130.0,3.0,9.0,7.0,15.0,20.0,0,0.0,0.0,0.0,0,true
src/main/org/apache/tools/ant/TypeAdapter.java,35.0,0.0,10.0,5.0,0.0,8.0,0,0.0,0.0,0.0,0,true
src/main/org/apache/tools/ant/UnknownElement.java,534.0,7.0,289.0,31.0,147.0,95.0,0,0.0,0.0,0.0,0,true
src/main/org/apache/tools/ant/UnsupportedAttributeException.java,24.0,0.0,0.0,2.0,0.0,3.0,0,0.0,0.0,0.0,0,true
src/main/org/apache/tools/ant/UnsupportedElementException.java,33.0,0.0,0.0,2.0,0.0,3.0,0,0.0,0.0,0.0,0,true
src/main/org/apache/tools/ant/XmlLogger.java,398.0,18.0,72.0,16.0,82.0,52.0,0,0.0,0.0,0.0,0,true
src/main/org/apache/tools/ant/dispatch/DispatchUtils.java,96.0,5.0,0.0,1.0,12.0,7.0,0,0.0,0.0,0.0,0,false
src/main/org/apache/tools/ant/filters/ClassConstants.java,122.0,6.0,6.0,4.0,11.0,15.0,0,0.0,0.0,0.0,0,true
src/main/org/apache/tools/ant/filters/FixCrLfFilter.java,791.0,5.0,121.0,18.0,25.0,47.0,0,0.0,0.0,0.0,0,true
src/main/org/apache/tools/ant/filters/LineContains.java,189.0,5.0,23.0,10.0,25.0,28.0,0,0.0,0.0,0.0,0,true
src/main/org/apache/tools/ant/filters/LineContainsRegExp.java,186.0,8.0,27.0,11.0,31.0,30.0,0,0.0,0.0,0.0,0,true
src/main/org/apache/tools/ant/filters/ReplaceTokens.java,330.0,12.0,68.0,16.0,45.0,40.0,0,0.0,0.0,0.0,0,true
src/main/org/apache/tools/ant/filters/SortFilter.java,291.0,9.0,46.0,12.0,32.0,36.0,0,0.0,0.0,0.0,0,true
src/main/org/apache/tools/ant/filters/StripLineComments.java,182.0,4.0,8.0,8.0,21.0,23.0,0,0.0,0.0,0.0,0,true
src/main/org/apache/tools/ant/filters/TailFilter.java,200.0,5.0,23.0,10.0,23.0,29.0,0,0.0,0.0,0.0,0,true
src/main/org/apache/tools/ant/filters/TokenFilter.java,577.0,13.0,49.0,19.0,24.0,35.0,0,0.0,0.0,0.0,0,true
src/main/org/apache/tools/ant/filters/util/ChainReaderHelper.java,214.0,20.0,54.0,12.0,32.0,37.0,0,0.0,0.0,0.0,0,true
src/main/org/apache/tools/ant/helper/AntXMLContext.java,345.0,16.0,383.0,31.0,30.0,65.0,0,0.0,0.0,0.0,0,true
src/main/org/apache/tools/ant/helper/IgnoreDependenciesExecutor.java,43.0,5.0,1.0,2.0,4.0,8.0,0,0.0,0.0,0.0,0,false
src/main/org/apache/tools/ant/helper/ProjectHelper2.java,964.0,34.0,62.0,13.0,61.0,33.0,0,0.0,0.0,0.0,0,true
src/main/org/apache/tools/ant/helper/ProjectHelperImpl.java,839.0,27.0,0.0,4.0,27.0,12.0,0,0.0,0.0,0.0,0,true
src/main/org/apache/tools/ant/input/DefaultInputHandler.java,90.0,6.0,6.0,4.0,15.0,13.0,0,0.0,0.0,0.0,0,true
src/main/org/apache/tools/ant/input/MultipleChoiceInputRequest.java,31.0,2.0,0.0,3.0,4.0,9.0,0,0.0,0.0,0.0,0,true
src/main/org/apache/tools/ant/input/SecureInputHandler.java,33.0,2.0,1.0,2.0,6.0,6.0,0,0.0,0.0,0.0,0,false
src/main/org/apache/tools/ant/launch/LaunchException.java,15.0,0.0,0.0,1.0,0.0,2.0,0,0.0,0.0,0.0,0,true
src/main/org/apache/tools/ant/launch/Launcher.java,316.0,7.0,16.0,9.0,60.0,41.0,0,0.0,0.0,0.0,0,true
src/main/org/apache/tools/ant/launch/Locator.java,376.0,10.0,76.0,13.0,72.0,63.0,0,0.0,0.0,0.0,0,true
src/main/org/apache/tools/ant/listener/MailLogger.java,313.0,23.0,13.0,6.0,100.0,24.0,0,0.0,0.0,0.0,0,true
src/main/org/apache/tools/ant/listener/ProfileLogger.java,67.0,6.0,3.0,6.0,23.0,12.0,1,0.023809523809523808,18.4,149.80055787021044,1,true
src/main/org/apache/tools/ant/loader/AntClassLoader5.java,36.0,7.0,3.0,3.0,2.0,7.0,0,0.0,0.0,0.0,0,true
src/main/org/apache/tools/ant/property/LocalProperties.java,90.0,3.0,55.0,11.0,20.0,23.0,0,0.0,0.0,0.0,0,true
src/main/org/apache/tools/ant/property/ParseProperties.java,145.0,3.0,9.0,7.0,20.0,24.0,0,0.0,0.0,0.0,0,false
src/main/org/apache/tools/ant/property/ResolvePropertyMap.java,86.0,6.0,0.0,5.0,12.0,11.0,0,0.0,0.0,0.0,0,true
src/main/org/apache/tools/ant/taskdefs/AbstractCvsTask.java,674.0,16.0,896.0,45.0,80.0,106.0,0,0.0,0.0,0.0,0,true
src/main/org/apache/tools/ant/taskdefs/AbstractJarSignerTask.java,310.0,11.0,234.0,24.0,43.0,50.0,0,0.0,0.0,0.0,0,true
src/main/org/apache/tools/ant/taskdefs/Ant.java,680.0,24.0,214.0,29.0,126.0,86.0,0,0.0,0.0,0.0,0,true
src/main/org/apache/tools/ant/taskdefs/AntStructure.java,368.0,17.0,6.0,5.0,17.0,14.0,0,0.0,0.0,0.0,0,true
src/main/org/apache/tools/ant/taskdefs/Antlib.java,114.0,14.0,5.0,6.0,34.0,17.0,0,0.0,0.0,0.0,0,true
src/main/org/apache/tools/ant/taskdefs/Apt.java,211.0,8.0,126.0,17.0,10.0,36.0,0,0.0,0.0,0.0,0,true
src/main/org/apache/tools/ant/taskdefs/AugmentReference.java,65.0,4.0,9.0,6.0,19.0,13.0,0,0.0,0.0,0.0,0,false
src/main/org/apache/tools/ant/taskdefs/BindTargets.java,46.0,7.0,0.0,5.0,17.0,12.0,0,0.0,0.0,0.0,0,false
src/main/org/apache/tools/ant/taskdefs/Checksum.java,578.0,30.0,216.0,25.0,81.0,80.0,0,0.0,0.0,0.0,0,true
src/main/org/apache/tools/ant/taskdefs/Concat.java,799.0,40.0,469.0,35.0,46.0,83.0,0,0.0,0.0,0.0,0,true
src/main/org/apache/tools/ant/taskdefs/Copy.java,872.0,30.0,1001.0,50.0,138.0,145.0,0,0.0,0.0,0.0,0,true
src/main/org/apache/tools/ant/taskdefs/Copydir.java,109.0,7.0,7.0,7.0,20.0,18.0,0,0.0,0.0,0.0,0,true
src/main/org/apache/tools/ant/taskdefs/Definer.java,507.0,19.0,196.0,25.0,86.0,79.0,0,0.0,0.0,0.0,0,true
src/main/org/apache/tools/ant/taskdefs/Delete.java,655.0,42.0,279.0,50.0,59.0,91.0,0,0.0,0.0,0.0,0,true
src/main/org/apache/tools/ant/taskdefs/ExecTask.java,563.0,13.0,705.0,46.0,80.0,107.0,0,0.0,0.0,0.0,0,true
src/main/org/apache/tools/ant/taskdefs/Execute.java,561.0,21.0,422.0,32.0,110.0,107.0,0,0.0,0.0,0.0,0,true
src/main/org/apache/tools/ant/taskdefs/ExecuteJava.java,268.0,19.0,30.0,12.0,60.0,34.0,0,0.0,0.0,0.0,0,true
src/main/org/apache/tools/ant/taskdefs/ExecuteOn.java,587.0,22.0,434.0,32.0,103.0,83.0,0,0.0,0.0,0.0,0,true
src/main/org/apache/tools/ant/taskdefs/Expand.java,374.0,27.0,197.0,22.0,69.0,57.0,0,0.0,0.0,0.0,0,true
src/main/org/apache/tools/ant/taskdefs/FixCRLF.java,533.0,18.0,36.0,17.0,43.0,43.0,0,0.0,0.0,0.0,0,true
src/main/org/apache/tools/ant/taskdefs/GenerateKey.java,323.0,6.0,52.0,13.0,13.0,32.0,0,0.0,0.0,0.0,0,true
src/main/org/apache/tools/ant/taskdefs/Get.java,594.0,22.0,117.0,18.0,46.0,50.0,1,0.023809523809523808,18.4,149.80055787021044,1,true
src/main/org/apache/tools/ant/taskdefs/HostInfo.java,183.0,11.0,29.0,10.0,39.0,38.0,0,0.0,0.0,0.0,0,true
src/main/org/apache/tools/ant/taskdefs/ImportTask.java,198.0,22.0,37.0,11.0,48.0,30.0,0,0.0,0.0,0.0,0,true
src/main/org/apache/tools/ant/taskdefs/Input.java,188.0,13.0,14.0,8.0,16.0,24.0,0,0.0,0.0,0.0,0,true
src/main/org/apache/tools/ant/taskdefs/JDBCTask.java,401.0,22.0,261.0,26.0,37.0,63.0,0,0.0,0.0,0.0,0,true
src/main/org/apache/tools/ant/taskdefs/Jar.java,957.0,38.0,561.0,38.0,165.0,151.0,0,0.0,0.0,0.0,0,true
src/main/org/apache/tools/ant/taskdefs/Java.java,768.0,21.0,1519.0,62.0,161.0,166.0,0,0.0,0.0,0.0,0,true
src/main/org/apache/tools/ant/taskdefs/Javac.java,1005.0,21.0,3596.0,88.0,118.0,232.0,0,0.0,0.0,0.0,0,true
src/main/org/apache/tools/ant/taskdefs/Javadoc.java,2003.0,34.0,5133.0,106.0,331.0,266.0,0,0.0,0.0,0.0,0,true
src/main/org/apache/tools/ant/taskdefs/KeySubst.java,145.0,11.0,13.0,7.0,26.0,25.0,0,0.0,0.0,0.0,0,true
src/main/org/apache/tools/ant/taskdefs/Length.java,262.0,16.0,88.0,17.0,31.0,40.0,0,0.0,0.0,0.0,0,true
src/main/org/apache/tools/ant/taskdefs/LoadProperties.java,179.0,21.0,64.0,13.0,36.0,29.0,0,0.0,0.0,0.0,0,true
src/main/org/apache/tools/ant/taskdefs/LoadResource.java,170.0,14.0,7.0,7.0,22.0,17.0,0,0.0,0.0,0.0,0,true
src/main/org/apache/tools/ant/taskdefs/MacroDef.java,675.0,14.0,125.0,19.0,41.0,61.0,0,0.0,0.0,0.0,0,true
src/main/org/apache/tools/ant/taskdefs/MacroInstance.java,327.0,21.0,21.0,11.0,99.0,44.0,0,0.0,0.0,0.0,0,true
src/main/org/apache/tools/ant/taskdefs/MakeUrl.java,225.0,11.0,26.0,13.0,43.0,37.0,0,0.0,0.0,0.0,0,false
src/main/org/apache/tools/ant/taskdefs/Manifest.java,935.0,16.0,35.0,18.0,54.0,67.0,0,0.0,0.0,0.0,0,true
src/main/org/apache/tools/ant/taskdefs/ManifestTask.java,214.0,14.0,25.0,10.0,26.0,29.0,0,0.0,0.0,0.0,0,true
src/main/org/apache/tools/ant/taskdefs/MatchingTask.java,331.0,28.0,0.0,41.0,55.0,65.0,0,0.0,0.0,0.0,0,true
src/main/org/apache/tools/ant/taskdefs/Redirector.java,781.0,29.0,252.0,40.0,65.0,112.0,0,0.0,0.0,0.0,0,true
src/main/org/apache/tools/ant/taskdefs/Zip.java,1647.0,49.0,2413.0,79.0,289.0,247.0,1,0.023809523809523808,94.93333333333334,655.2272727272727,1,true
src/main/org/apache/tools/ant/taskdefs/email/EmailTask.java,513.0,14.0,481.0,34.0,73.0,67.0,0,0.0,0.0,0.0,0,true
src/main/org/apache/tools/ant/taskdefs/email/Mailer.java,199.0,5.0,270.0,24.0,1.0,39.0,0,0.0,0.0,0.0,0,true
src/main/org/apache/tools/ant/taskdefs/optional/depend/AntAnalyzer.java,94.0,11.0,3.0,3.0,22.0,12.0,0,0.0,0.0,0.0,0,true
src/main/org/apache/tools/ant/taskdefs/optional/depend/ClassFile.java,69.0,7.0,0.0,3.0,14.0,12.0,0,0.0,0.0,0.0,0,true
src/main/org/apache/tools/ant/taskdefs/optional/depend/constantpool/ConstantPool.java,247.0,6.0,0.0,14.0,51.0,53.0,0,0.0,0.0,0.0,0,true
src/main/org/apache/tools/ant/taskdefs/optional/ssh/SSHBase.java,178.0,6.0,104.0,20.0,18.0,40.0,1,0.023809523809523808,94.93333333333334,655.2272727272727,1,true
src/main/org/apache/tools/ant/types/AbstractFileSet.java,757.0,33.0,1597.0,66.0,198.0,181.0,0,0.0,0.0,0.0,0,true
src/main/org/apache/tools/ant/types/AntFilterReader.java,133.0,4.0,13.0,10.0,38.0,35.0,0,0.0,0.0,0.0,0,true
src/main/org/apache/tools/ant/types/ArchiveFileSet.java,469.0,9.0,474.0,37.0,103.0,113.0,0,0.0,0.0,0.0,0,true
src/main/org/apache/tools/ant/types/ArchiveScanner.java,263.0,9.0,20.0,17.0,44.0,51.0,0,0.0,0.0,0.0,0,true
src/main/org/apache/tools/ant/types/Assertions.java,289.0,5.0,0.0,12.0,31.0,34.0,0,0.0,0.0,0.0,0,true
src/main/org/apache/tools/ant/types/Commandline.java,576.0,11.0,308.0,28.0,57.0,88.0,0,0.0,0.0,0.0,0,true
src/main/org/apache/tools/ant/types/CommandlineJava.java,585.0,9.0,521.0,39.0,67.0,90.0,0,0.0,0.0,0.0,0,true
src/main/org/apache/tools/ant/types/DataType.java,280.0,6.0,193.0,22.0,43.0,73.0,0,0.0,0.0,0.0,0,true
src/main/org/apache/tools/ant/types/Description.java,71.0,9.0,6.0,4.0,17.0,16.0,0,0.0,0.0,0.0,0,true
src/main/org/apache/tools/ant/types/EnumeratedAttribute.java,113.0,1.0,14.0,9.0,8.0,28.0,0,0.0,0.0,0.0,0,true
src/main/org/apache/tools/ant/types/Environment.java,131.0,2.0,0.0,4.0,4.0,10.0,0,0.0,0.0,0.0,0,true
src/main/org/apache/tools/ant/types/FileList.java,159.0,8.0,6.0,12.0,31.0,34.0,0,0.0,0.0,0.0,0,true
src/main/org/apache/tools/ant/types/FilterChain.java,310.0,21.0,0.0,26.0,105.0,81.0,0,0.0,0.0,0.0,0,true
src/main/org/apache/tools/ant/types/FilterSet.java,518.0,10.0,264.0,25.0,100.0,89.0,0,0.0,0.0,0.0,0,true
src/main/org/apache/tools/ant/types/FilterSetCollection.java,51.0,2.0,4.0,5.0,4.0,12.0,0,0.0,0.0,0.0,0,true
src/main/org/apache/tools/ant/types/Mapper.java,250.0,6.0,65.0,15.0,54.0,48.0,0,0.0,0.0,0.0,0,true
src/main/org/apache/tools/ant/types/Path.java,611.0,15.0,574.0,37.0,135.0,128.0,0,0.0,0.0,0.0,0,true
src/main/org/apache/tools/ant/types/PatternSet.java,452.0,11.0,177.0,23.0,91.0,81.0,0,0.0,0.0,0.0,0,true
src/main/org/apache/tools/ant/types/Permissions.java,287.0,9.0,22.0,8.0,16.0,18.0,0,0.0,0.0,0.0,0,true
src/main/org/apache/tools/ant/types/PropertySet.java,476.0,20.0,409.0,30.0,118.0,80.0,0,0.0,0.0,0.0,0,true
src/main/org/apache/tools/ant/types/RedirectorElement.java,545.0,9.0,247.0,27.0,105.0,96.0,0,0.0,0.0,0.0,0,true
src/main/org/apache/tools/ant/types/TarScanner.java,56.0,7.0,0.0,1.0,8.0,6.0,0,0.0,0.0,0.0,0,false
src/main/org/apache/tools/ant/types/XMLCatalog.java,785.0,24.0,242.0,24.0,125.0,97.0,0,0.0,0.0,0.0,0,true
src/main/org/apache/tools/ant/types/ZipScanner.java,66.0,10.0,0.0,1.0,11.0,6.0,0,0.0,0.0,0.0,0,true
src/main/org/apache/tools/ant/types/mappers/FilterMapper.java,53.0,9.0,3.0,3.0,9.0,10.0,0,0.0,0.0,0.0,0,false
src/main/org/apache/tools/ant/types/optional/ScriptMapper.java,56.0,2.0,4.0,5.0,8.0,11.0,0,0.0,0.0,0.0,0,false
src/main/org/apache/tools/ant/types/optional/depend/ClassfileSet.java,127.0,8.0,10.0,8.0,27.0,16.0,0,0.0,0.0,0.0,0,true
src/main/org/apache/tools/ant/types/optional/depend/DependScanner.java,159.0,8.0,108.0,16.0,20.0,35.0,0,0.0,0.0,0.0,0,true
src/main/org/apache/tools/ant/types/optional/image/ImageOperation.java,41.0,2.0,0.0,5.0,5.0,5.0,0,0.0,0.0,0.0,0,true
src/main/org/apache/tools/ant/types/optional/image/Rotate.java,77.0,5.0,4.0,4.0,16.0,13.0,0,0.0,0.0,0.0,0,true
src/main/org/apache/tools/ant/types/resources/AbstractClasspathResource.java,218.0,10.0,71.0,15.0,53.0,48.0,0,0.0,0.0,0.0,0,true
src/main/org/apache/tools/ant/types/resources/AbstractResourceCollectionWrapper.java,159.0,8.0,52.0,12.0,33.0,36.0,0,0.0,0.0,0.0,0,true
src/main/org/apache/tools/ant/types/resources/ArchiveResource.java,237.0,7.0,180.0,21.0,57.0,57.0,0,0.0,0.0,0.0,0,true
src/main/org/apache/tools/ant/types/resources/Archives.java,138.0,14.0,17.0,10.0,40.0,36.0,0,0.0,0.0,0.0,0,true
src/main/org/apache/tools/ant/types/resources/BaseResourceCollectionContainer.java,214.0,12.0,74.0,16.0,51.0,53.0,0,0.0,0.0,0.0,0,true
src/main/org/apache/tools/ant/types/resources/FailFast.java,97.0,7.0,4.0,8.0,17.0,21.0,0,0.0,0.0,0.0,0,true
src/main/org/apache/tools/ant/types/resources/Files.java,408.0,13.0,60.0,33.0,113.0,95.0,0,0.0,0.0,0.0,0,true
src/main/org/apache/tools/ant/types/resources/ImmutableResourceException.java,21.0,1.0,1.0,2.0,0.0,3.0,0,0.0,0.0,0.0,0,false
src/main/org/apache/tools/ant/types/resources/JavaConstantResource.java,42.0,4.0,0.0,1.0,9.0,6.0,0,0.0,0.0,0.0,0,false
src/main/org/apache/tools/ant/types/resources/MappedResourceCollection.java,185.0,14.0,41.0,14.0,38.0,45.0,0,0.0,0.0,0.0,0,true
src/main/org/apache/tools/ant/types/resources/ResourceDecorator.java,205.0,9.0,219.0,22.0,41.0,64.0,0,0.0,0.0,0.0,0,true
src/main/org/apache/tools/ant/types/resources/ResourceList.java,180.0,19.0,38.0,12.0,51.0,46.0,0,0.0,0.0,0.0,0,true
src/main/org/apache/tools/ant/types/resources/Resources.java,223.0,15.0,149.0,19.0,38.0,46.0,0,0.0,0.0,0.0,0,true
src/main/org/apache/tools/ant/types/resources/Restrict.java,115.0,7.0,0.0,10.0,31.0,29.0,0,0.0,0.0,0.0,0,true
src/main/org/apache/tools/ant/types/resources/Sort.java,53.0,13.0,0.0,3.0,15.0,10.0,0,0.0,0.0,0.0,0,true
src/main/org/apache/tools/ant/types/resources/Tokens.java,92.0,16.0,0.0,4.0,16.0,15.0,0,0.0,0.0,0.0,0,false
src/main/org/apache/tools/ant/types/resources/Union.java,110.0,9.0,55.0,11.0,28.0,27.0,0,0.0,0.0,0.0,0,true
src/main/org/apache/tools/ant/types/resources/comparators/DelegatedResourceComparator.java,90.0,8.0,0.0,5.0,21.0,22.0,0,0.0,0.0,0.0,0,false
src/main/org/apache/tools/ant/types/resources/comparators/Reverse.java,56.0,5.0,4.0,5.0,8.0,12.0,0,0.0,0.0,0.0,0,false
src/main/org/apache/tools/ant/types/resources/selectors/And.java,31.0,2.0,3.0,3.0,4.0,6.0,0,0.0,0.0,0.0,0,false
src/main/org/apache/tools/ant/types/resources/selectors/Compare.java,107.0,11.0,7.0,7.0,23.0,26.0,0,0.0,0.0,0.0,0,true
src/main/org/apache/tools/ant/types/resources/selectors/InstanceOf.java,91.0,6.0,8.0,8.0,6.0,20.0,0,0.0,0.0,0.0,0,false
src/main/org/apache/tools/ant/types/resources/selectors/Majority.java,53.0,2.0,4.0,4.0,5.0,9.0,0,0.0,0.0,0.0,0,false
src/main/org/apache/tools/ant/types/resources/selectors/None.java,31.0,2.0,3.0,3.0,4.0,6.0,0,0.0,0.0,0.0,0,false
src/main/org/apache/tools/ant/types/resources/selectors/Or.java,31.0,2.0,3.0,3.0,4.0,6.0,0,0.0,0.0,0.0,0,false
src/main/org/apache/tools/ant/types/resources/selectors/ResourceSelectorContainer.java,90.0,8.0,1.0,7.0,25.0,23.0,0,0.0,0.0,0.0,0,false
src/main/org/apache/tools/ant/types/selectors/AbstractSelectorContainer.java,284.0,7.0,393.0,30.0,65.0,57.0,0,0.0,0.0,0.0,0,true
src/main/org/apache/tools/ant/types/selectors/AndSelector.java,43.0,2.0,3.0,3.0,8.0,9.0,0,0.0,0.0,0.0,0,true
src/main/org/apache/tools/ant/types/selectors/BaseSelectorContainer.java,271.0,8.0,435.0,31.0,49.0,53.0,0,0.0,0.0,0.0,0,true
src/main/org/apache/tools/ant/types/selectors/ContainsRegexpSelector.java,165.0,13.0,27.0,10.0,24.0,24.0,0,0.0,0.0,0.0,0,true
src/main/org/apache/tools/ant/types/selectors/ContainsSelector.java,159.0,11.0,16.0,9.0,22.0,25.0,0,0.0,0.0,0.0,0,true
src/main/org/apache/tools/ant/types/selectors/DateSelector.java,208.0,9.0,30.0,13.0,28.0,39.0,0,0.0,0.0,0.0,0,true
src/main/org/apache/tools/ant/types/selectors/DependSelector.java,48.0,1.0,3.0,3.0,4.0,8.0,0,0.0,0.0,0.0,0,true
src/main/org/apache/tools/ant/types/selectors/DepthSelector.java,138.0,4.0,3.0,7.0,15.0,24.0,0,0.0,0.0,0.0,0,true
src/main/org/apache/tools/ant/types/selectors/ExtendSelector.java,149.0,8.0,19.0,10.0,29.0,34.0,0,0.0,0.0,0.0,0,true
src/main/org/apache/tools/ant/types/selectors/FilenameSelector.java,154.0,6.0,8.0,9.0,21.0,27.0,0,0.0,0.0,0.0,0,true
src/main/org/apache/tools/ant/types/selectors/MajoritySelector.java,70.0,2.0,4.0,4.0,8.0,14.0,0,0.0,0.0,0.0,0,true
src/main/org/apache/tools/ant/types/selectors/NoneSelector.java,44.0,2.0,3.0,3.0,8.0,9.0,0,0.0,0.0,0.0,0,true
src/main/org/apache/tools/ant/types/selectors/NotSelector.java,44.0,0.0,6.0,4.0,6.0,7.0,0,0.0,0.0,0.0,0,true
src/main/org/apache/tools/ant/types/selectors/OrSelector.java,43.0,2.0,3.0,3.0,8.0,9.0,0,0.0,0.0,0.0,0,true
src/main/org/apache/tools/ant/types/selectors/PresentSelector.java,146.0,7.0,0.0,8.0,12.0,25.0,0,0.0,0.0,0.0,0,true
src/main/org/apache/tools/ant/types/selectors/SelectSelector.java,179.0,4.0,95.0,15.0,33.0,43.0,0,0.0,0.0,0.0,0,true
src/main/org/apache/tools/ant/types/selectors/SelectorContainer.java,131.0,3.0,276.0,24.0,0.0,31.0,0,0.0,0.0,0.0,0,true
src/main/org/apache/tools/ant/types/selectors/SelectorUtils.java,547.0,5.0,206.0,21.0,41.0,90.0,0,0.0,0.0,0.0,0,true
src/main/org/apache/tools/ant/types/selectors/SizeSelector.java,238.0,4.0,4.0,8.0,18.0,29.0,0,0.0,0.0,0.0,0,true
src/main/org/apache/tools/ant/types/selectors/TokenizedPattern.java,131.0,1.0,36.0,13.0,18.0,41.0,0,0.0,0.0,0.0,0,true
src/main/org/apache/tools/ant/types/selectors/TypeSelector.java,98.0,3.0,3.0,6.0,13.0,15.0,0,0.0,0.0,0.0,0,true
src/main/org/apache/tools/ant/types/selectors/WritableSelector.java,16.0,4.0,1.0,2.0,4.0,6.0,0,0.0,0.0,0.0,0,true
src/main/org/apache/tools/ant/types/selectors/modifiedselector/Cache.java,46.0,1.0,21.0,7.0,0.0,13.0,0,0.0,0.0,0.0,0,true
src/main/org/apache/tools/ant/types/selectors/modifiedselector/ChecksumAlgorithm.java,97.0,10.0,0.0,5.0,13.0,19.0,0,0.0,0.0,0.0,0,false
src/main/org/apache/tools/ant/types/selectors/modifiedselector/DigestAlgorithm.java,150.0,8.0,0.0,6.0,16.0,22.0,0,0.0,0.0,0.0,0,true
src/main/org/apache/tools/ant/types/selectors/modifiedselector/EqualComparator.java,31.0,1.0,1.0,2.0,1.0,6.0,0,0.0,0.0,0.0,0,true
src/main/org/apache/tools/ant/types/selectors/modifiedselector/ModifiedSelector.java,761.0,18.0,678.0,40.0,90.0,109.0,0,0.0,0.0,0.0,0,true
src/main/org/apache/tools/ant/types/selectors/modifiedselector/PropertiesfileCache.java,172.0,9.0,0.0,12.0,26.0,31.0,0,0.0,0.0,0.0,0,true
src/main/org/apache/tools/ant/types/spi/Service.java,73.0,10.0,0.0,6.0,11.0,14.0,0,0.0,0.0,0.0,0,false
src/main/org/apache/tools/ant/util/CollectionUtils.java,202.0,9.0,91.0,14.0,30.0,39.0,0,0.0,0.0,0.0,0,true
src/main/org/apache/tools/ant/util/FileUtils.java,1351.0,31.0,2332.0,69.0,185.0,271.0,0,0.0,0.0,0.0,0,true
src/main/org/apache/tools/ant/util/IdentityStack.java,76.0,1.0,15.0,6.0,6.0,18.0,0,0.0,0.0,0.0,0,true
src/main/org/apache/tools/ant/util/JavaEnvUtils.java,458.0,6.0,114.0,17.0,18.0,59.0,0,0.0,0.0,0.0,0,true
src/main/org/apache/tools/ant/util/LinkedHashtable.java,79.0,6.0,0.0,22.0,22.0,38.0,0,0.0,0.0,0.0,0,true
src/main/org/apache/tools/ant/util/ReflectUtil.java,172.0,5.0,45.0,10.0,30.0,38.0,0,0.0,0.0,0.0,0,true
src/main/org/apache/tools/ant/util/StringUtils.java,241.0,4.0,45.0,10.0,30.0,41.0,0,0.0,0.0,0.0,0,true
src/main/org/apache/tools/ant/util/VectorSet.java,171.0,5.0,215.0,26.0,40.0,54.0,0,0.0,0.0,0.0,0,true
src/main/org/apache/tools/ant/util/depend/AbstractAnalyzer.java,230.0,7.0,102.0,16.0,26.0,51.0,0,0.0,0.0,0.0,0,true
src/main/org/apache/tools/ant/util/depend/DependencyAnalyzer.java,84.0,4.0,45.0,10.0,0.0,27.0,0,0.0,0.0,0.0,0,true
src/main/org/apache/tools/ant/util/depend/bcel/AncestorAnalyzer.java,94.0,9.0,3.0,3.0,20.0,16.0,0,0.0,0.0,0.0,0,true
src/main/org/apache/tools/ant/util/depend/bcel/DependencyVisitor.java,129.0,10.0,43.0,11.0,31.0,20.0,0,0.0,0.0,0.0,0,true
src/main/org/apache/tools/ant/util/depend/bcel/FullAnalyzer.java,86.0,10.0,3.0,3.0,19.0,16.0,0,0.0,0.0,0.0,0,true
src/main/org/apache/tools/tar/TarInputStream.java,460.0,10.0,212.0,24.0,58.0,79.0,1,0.023809523809523808,18.4,149.80055787021044,1,true
src/main/org/apache/tools/tar/TarOutputStream.java,440.0,10.0,231.0,26.0,74.0,69.0,1,0.023809523809523808,18.4,149.80055787021044,1,true
src/main/org/apache/tools/tar/TarUtils.java,418.0,5.0,229.0,22.0,40.0,98.0,1,0.023809523809523808,18.4,149.80055787021044,1,true
src/main/org/apache/tools/zip/ExtraFieldUtils.java,237.0,5.0,13.0,7.0,29.0,34.0,1,0.023809523809523808,18.4,149.80055787021044,1,true
src/main/org/apache/tools/zip/Zip64ExtendedInformationExtraField.java,229.0,3.0,44.0,20.0,10.0,50.0,1,0.023809523809523808,18.4,149.80055787021044,1,true
src/main/org/apache/tools/zip/ZipEncodingHelper.java,135.0,6.0,6.0,4.0,13.0,12.0,1,0.023809523809523808,18.4,149.80055787021044,1,false
src/main/org/apache/tools/zip/ZipEntry.java,552.0,7.0,832.0,44.0,97.0,128.0,1,0.023809523809523808,18.4,149.80055787021044,1,true
src/main/org/apache/tools/zip/ZipFile.java,676.0,20.0,185.0,26.0,96.0,109.0,1,0.023809523809523808,18.4,149.80055787021044,1,true
src/main/org/apache/tools/zip/ZipOutputStream.java,1107.0,23.0,642.0,48.0,200.0,178.0,1,0.023809523809523808,18.4,149.80055787021044,1,true
src/tests/junit/org/apache/tools/ant/types/RedirectorElementTest.java,30.0,2.0,28.0,8.0,12.0,12.0,0,0.0,0.0,0.0,0,false
src/tests/junit/org/apache/tools/ant/types/resources/FileResourceTest.java,73.0,3.0,0.0,10.0,50.0,10.0,0,0.0,0.0,0.0,0,false
src/tests/junit/org/apache/tools/ant/types/selectors/MockCache.java,39.0,2.0,43.0,10.0,10.0,15.0,0,0.0,0.0,0.0,0,false
