name,LOC,CBO,LCOM,NOM,RFC,WMC,numOfChanges,bccm,structuralWorkloadSum,semanticWorkloadSum,numberOfDeveloper,isBuggy
src/main/org/apache/tools/ant/ComponentHelper.java,927.0,22.0,645.0,46.0,208.0,148.0,0,0.0,0.0,0.0,0,true
src/main/org/apache/tools/ant/DefaultDefinitions.java,49.0,0.0,0.0,5.0,19.0,7.0,1,0.017857142857142856,193.95348837209303,1833.8298801265464,1,true
src/main/org/apache/tools/ant/MagicNames.java,210.0,1.0,0.0,1.0,0.0,1.0,1,0.017857142857142856,193.95348837209303,1833.8298801265464,1,true
src/main/org/apache/tools/ant/ProjectHelper.java,538.0,10.0,490.0,32.0,57.0,95.0,0,0.0,0.0,0.0,0,true
src/main/org/apache/tools/ant/RuntimeConfigurable.java,444.0,14.0,257.0,27.0,69.0,76.0,1,0.017857142857142856,193.95348837209303,1833.8298801265464,1,true
src/main/org/apache/tools/ant/UnknownElement.java,545.0,7.0,295.0,31.0,150.0,96.0,0,0.0,0.0,0.0,0,true
src/main/org/apache/tools/ant/attribute/AttributeNamespace.java,8.0,0.0,0.0,0.0,0.0,0.0,1,0.017857142857142856,193.95348837209303,1833.8298801265464,1,true
src/main/org/apache/tools/ant/attribute/BaseIfAttribute.java,52.0,6.0,0.0,4.0,14.0,10.0,1,0.017857142857142856,193.95348837209303,1833.8298801265464,1,true
src/main/org/apache/tools/ant/attribute/EnableAttribute.java,13.0,1.0,0.0,1.0,0.0,3.0,1,0.017857142857142856,193.95348837209303,1833.8298801265464,1,true
src/main/org/apache/tools/ant/attribute/IfBlankAttribute.java,20.0,1.0,0.0,1.0,2.0,3.0,1,0.017857142857142856,193.95348837209303,1833.8298801265464,1,true
src/main/org/apache/tools/ant/attribute/IfSetAttribute.java,20.0,1.0,0.0,1.0,3.0,3.0,1,0.017857142857142856,193.95348837209303,1833.8298801265464,1,true
src/main/org/apache/tools/ant/attribute/IfTrueAttribute.java,20.0,2.0,0.0,1.0,2.0,3.0,1,0.017857142857142856,193.95348837209303,1833.8298801265464,1,true
src/main/org/apache/tools/ant/helper/ProjectHelper2.java,965.0,34.0,62.0,13.0,61.0,33.0,1,0.017857142857142856,193.95348837209303,1833.8298801265464,1,true
src/main/org/apache/tools/ant/taskdefs/AbstractJarSignerTask.java,326.0,11.0,256.0,25.0,43.0,51.0,1,0.017857142857142856,193.95348837209303,1833.8298801265464,1,true
src/main/org/apache/tools/ant/taskdefs/AttributeNamespaceDef.java,22.0,4.0,0.0,1.0,12.0,2.0,1,0.017857142857142856,193.95348837209303,1833.8298801265464,1,true
src/main/org/apache/tools/ant/taskdefs/ExecTask.java,563.0,13.0,705.0,46.0,80.0,107.0,1,0.017857142857142856,27.272727272727273,144.30868431990228,1,true
src/main/org/apache/tools/ant/taskdefs/Execute.java,560.0,20.0,422.0,32.0,108.0,106.0,0,0.0,0.0,0.0,0,true
src/main/org/apache/tools/ant/taskdefs/ImportTask.java,201.0,22.0,37.0,11.0,49.0,30.0,0,0.0,0.0,0.0,0,true
src/main/org/apache/tools/ant/taskdefs/Jar.java,958.0,37.0,561.0,38.0,166.0,151.0,1,0.017857142857142856,193.95348837209303,1833.8298801265464,1,true
src/main/org/apache/tools/ant/taskdefs/Java.java,768.0,21.0,1519.0,62.0,161.0,166.0,1,0.017857142857142856,27.272727272727273,144.30868431990228,1,true
src/main/org/apache/tools/ant/taskdefs/Javadoc.java,2082.0,42.0,5655.0,111.0,357.0,281.0,2,0.03571428571428571,221.22621564482031,1978.1385644464488,2,true
src/main/org/apache/tools/ant/taskdefs/Zip.java,1712.0,50.0,2566.0,81.0,291.0,250.0,0,0.0,0.0,0.0,0,true
src/main/org/apache/tools/ant/taskdefs/optional/junit/BriefJUnitResultFormatter.java,225.0,10.0,96.0,16.0,36.0,47.0,0,0.0,0.0,0.0,0,true
src/main/org/apache/tools/ant/taskdefs/optional/junit/IgnoredTestListener.java,26.0,2.0,1.0,2.0,0.0,5.0,0,0.0,0.0,0.0,0,true
src/main/org/apache/tools/ant/taskdefs/optional/junit/JUnitTask.java,1650.0,42.0,2954.0,80.0,355.0,272.0,0,0.0,0.0,0.0,0,true
src/main/org/apache/tools/ant/taskdefs/optional/junit/JUnitTestRunner.java,930.0,29.0,1274.0,56.0,167.0,154.0,2,0.03571428571428571,221.22621564482031,1978.1385644464488,2,true
src/main/org/apache/tools/ant/taskdefs/optional/junit/JUnitVersionHelper.java,128.0,5.0,1.0,3.0,28.0,19.0,0,0.0,0.0,0.0,0,true
src/main/org/apache/tools/ant/taskdefs/optional/junit/PlainJUnitResultFormatter.java,222.0,11.0,67.0,15.0,46.0,45.0,0,0.0,0.0,0.0,0,true
src/main/org/apache/tools/ant/taskdefs/optional/junit/TestListenerWrapper.java,29.0,3.0,0.0,7.0,6.0,11.0,0,0.0,0.0,0.0,0,true
src/main/org/apache/tools/ant/taskdefs/optional/junit/XMLJUnitResultFormatter.java,269.0,22.0,123.0,19.0,77.0,54.0,0,0.0,0.0,0.0,0,true
src/main/org/apache/tools/ant/taskdefs/optional/native2ascii/KaffeNative2Ascii.java,49.0,5.0,3.0,3.0,8.0,12.0,0,0.0,0.0,0.0,0,true
src/main/org/apache/tools/ant/taskdefs/optional/native2ascii/Native2AsciiAdapterFactory.java,66.0,5.0,6.0,4.0,11.0,17.0,0,0.0,0.0,0.0,0,true
src/main/org/apache/tools/ant/util/JavaEnvUtils.java,477.0,6.0,131.0,18.0,18.0,62.0,0,0.0,0.0,0.0,0,true
src/main/org/apache/tools/tar/TarConstants.java,208.0,0.0,0.0,0.0,0.0,0.0,1,0.017857142857142856,27.272727272727273,144.30868431990228,1,true
src/main/org/apache/tools/tar/TarEntry.java,894.0,6.0,1347.0,63.0,70.0,180.0,1,0.017857142857142856,27.272727272727273,144.30868431990228,1,true
src/main/org/apache/tools/tar/TarInputStream.java,479.0,10.0,230.0,25.0,61.0,84.0,1,0.017857142857142856,27.272727272727273,144.30868431990228,1,true
src/main/org/apache/tools/zip/UnicodeCommentExtraField.java,39.0,0.0,6.0,4.0,0.0,5.0,1,0.017857142857142856,27.272727272727273,144.30868431990228,1,true
src/main/org/apache/tools/zip/UnicodePathExtraField.java,39.0,0.0,6.0,4.0,0.0,5.0,1,0.017857142857142856,27.272727272727273,144.30868431990228,1,true
src/main/org/apache/tools/zip/Zip64ExtendedInformationExtraField.java,238.0,3.0,44.0,20.0,10.0,50.0,1,0.017857142857142856,27.272727272727273,144.30868431990228,1,true
src/main/org/apache/tools/zip/ZipFile.java,744.0,22.0,256.0,29.0,107.0,117.0,1,0.017857142857142856,27.272727272727273,144.30868431990228,1,true
src/tests/junit/org/apache/tools/ant/taskdefs/ZipExtraFieldTest.java,64.0,16.0,66.0,12.0,18.0,28.0,0,0.0,0.0,0.0,0,true
