name,LOC,CBO,LCOM,NOM,RFC,WMC,numOfChanges,bccm,structuralWorkloadSum,semanticWorkloadSum,numberOfDeveloper,isBuggy
src/main/org/apache/tools/ant/AntClassLoader.java,1233.0,32.0,1436.0,60.0,195.0,220.0,0,0.0,0.0,0.0,0,true
src/main/org/apache/tools/ant/Main.java,1058.0,29.0,402.0,33.0,196.0,144.0,0,0.0,0.0,0.0,0,true
src/main/org/apache/tools/ant/Task.java,384.0,3.0,334.0,29.0,63.0,69.0,0,0.0,0.0,0.0,0,true
src/main/org/apache/tools/ant/helper/ProjectHelper2.java,965.0,34.0,62.0,13.0,61.0,33.0,0,0.0,0.0,0.0,0,true
src/main/org/apache/tools/ant/helper/ProjectHelperImpl.java,839.0,27.0,0.0,4.0,27.0,12.0,0,0.0,0.0,0.0,0,true
src/main/org/apache/tools/ant/launch/Locator.java,376.0,10.0,76.0,13.0,72.0,63.0,0,0.0,0.0,0.0,0,true
src/main/org/apache/tools/ant/taskdefs/AbstractCvsTask.java,674.0,16.0,896.0,45.0,80.0,106.0,0,0.0,0.0,0.0,0,true
src/main/org/apache/tools/ant/taskdefs/AbstractJarSignerTask.java,326.0,11.0,256.0,25.0,43.0,51.0,0,0.0,0.0,0.0,0,true
src/main/org/apache/tools/ant/taskdefs/AntStructure.java,368.0,17.0,6.0,5.0,17.0,14.0,0,0.0,0.0,0.0,0,true
src/main/org/apache/tools/ant/taskdefs/Classloader.java,166.0,8.0,19.0,10.0,20.0,27.0,0,0.0,0.0,0.0,0,true
src/main/org/apache/tools/ant/taskdefs/ExecuteJava.java,268.0,19.0,30.0,12.0,60.0,34.0,0,0.0,0.0,0.0,0,true
src/main/org/apache/tools/ant/taskdefs/FixCRLF.java,533.0,18.0,36.0,17.0,43.0,43.0,1,0.041666666666666664,50.285714285714285,75.05784603449953,1,true
src/main/org/apache/tools/ant/taskdefs/Get.java,610.0,23.0,129.0,19.0,48.0,52.0,1,0.041666666666666664,50.285714285714285,75.05784603449953,1,true
src/main/org/apache/tools/ant/taskdefs/Jar.java,958.0,37.0,561.0,38.0,166.0,151.0,0,0.0,0.0,0.0,0,true
src/main/org/apache/tools/ant/taskdefs/Javadoc.java,2082.0,42.0,5655.0,111.0,357.0,281.0,1,0.041666666666666664,50.285714285714285,75.05784603449953,1,true
src/main/org/apache/tools/ant/taskdefs/JikesOutputParser.java,121.0,7.0,48.0,12.0,13.0,27.0,0,0.0,0.0,0.0,0,true
src/main/org/apache/tools/ant/taskdefs/Parallel.java,401.0,11.0,48.0,13.0,29.0,41.0,1,0.041666666666666664,50.285714285714285,75.05784603449953,1,true
src/main/org/apache/tools/ant/taskdefs/compilers/Jikes.java,135.0,4.0,1.0,2.0,27.0,10.0,0,0.0,0.0,0.0,0,true
src/main/org/apache/tools/ant/taskdefs/optional/Native2Ascii.java,229.0,14.0,86.0,17.0,31.0,46.0,0,0.0,0.0,0.0,0,true
src/main/org/apache/tools/ant/taskdefs/optional/jsp/WLJspc.java,223.0,10.0,10.0,8.0,41.0,25.0,0,0.0,0.0,0.0,0,true
src/main/org/apache/tools/ant/taskdefs/optional/junit/BaseTest.java,191.0,2.0,235.0,23.0,6.0,42.0,1,0.041666666666666664,116.8,321.05163992181815,1,true
src/main/org/apache/tools/ant/taskdefs/optional/junit/BatchTest.java,150.0,9.0,28.0,9.0,41.0,27.0,1,0.041666666666666664,116.8,321.05163992181815,1,true
src/main/org/apache/tools/ant/taskdefs/optional/junit/Constants.java,20.0,0.0,0.0,0.0,0.0,0.0,1,0.041666666666666664,116.8,321.05163992181815,1,true
src/main/org/apache/tools/ant/taskdefs/optional/junit/FormatterElement.java,327.0,14.0,100.0,17.0,20.0,57.0,1,0.041666666666666664,116.8,321.05163992181815,1,true
src/main/org/apache/tools/ant/taskdefs/optional/junit/JUnitTask.java,1651.0,42.0,2954.0,80.0,356.0,272.0,1,0.041666666666666664,116.8,321.05163992181815,1,true
src/main/org/apache/tools/ant/taskdefs/optional/junit/JUnitTestRunner.java,999.0,31.0,1330.0,57.0,186.0,162.0,1,0.041666666666666664,116.8,321.05163992181815,1,true
src/main/org/apache/tools/ant/taskdefs/optional/net/FTP.java,2231.0,39.0,1984.0,68.0,206.0,230.0,0,0.0,0.0,0.0,0,true
src/main/org/apache/tools/ant/taskdefs/optional/net/FTPTaskMirrorImpl.java,1619.0,33.0,0.0,26.0,235.0,123.0,0,0.0,0.0,0.0,0,true
src/main/org/apache/tools/ant/types/Path.java,611.0,15.0,574.0,37.0,135.0,128.0,0,0.0,0.0,0.0,0,true
src/main/org/apache/tools/ant/types/resources/Union.java,110.0,9.0,55.0,11.0,28.0,27.0,0,0.0,0.0,0.0,0,true
src/main/org/apache/tools/ant/util/LazyHashtable.java,85.0,2.0,36.0,9.0,7.0,25.0,0,0.0,0.0,0.0,0,false
src/main/org/apache/tools/ant/util/RegexpPatternMapper.java,117.0,5.0,0.0,7.0,14.0,25.0,0,0.0,0.0,0.0,0,true
src/main/org/apache/tools/ant/util/regexp/JakartaOroRegexp.java,63.0,4.0,3.0,3.0,9.0,11.0,0,0.0,0.0,0.0,0,true
src/main/org/apache/tools/ant/util/regexp/JakartaRegexpRegexp.java,61.0,3.0,3.0,3.0,11.0,11.0,0,0.0,0.0,0.0,0,true
src/main/org/apache/tools/ant/util/regexp/Jdk14RegexpRegexp.java,79.0,3.0,3.0,3.0,14.0,11.0,0,0.0,0.0,0.0,0,true
src/main/org/apache/tools/ant/util/regexp/RegexpFactory.java,51.0,4.0,6.0,4.0,5.0,14.0,0,0.0,0.0,0.0,0,true
src/main/org/apache/tools/ant/util/regexp/RegexpMatcherFactory.java,77.0,4.0,15.0,6.0,7.0,24.0,0,0.0,0.0,0.0,0,true
src/main/org/apache/tools/tar/TarOutputStream.java,464.0,10.0,249.0,27.0,76.0,74.0,0,0.0,0.0,0.0,0,true
src/tests/junit/org/apache/tools/ant/taskdefs/ExecTaskTest.java,136.0,4.0,2.0,4.0,21.0,11.0,0,0.0,0.0,0.0,0,false
src/tests/junit/org/apache/tools/ant/taskdefs/GetTest.java,40.0,1.0,66.0,12.0,11.0,13.0,1,0.041666666666666664,50.285714285714285,75.05784603449953,1,true
src/tests/junit/org/apache/tools/ant/taskdefs/InputTest.java,56.0,3.0,91.0,14.0,28.0,20.0,0,0.0,0.0,0.0,0,false
src/tests/junit/org/apache/tools/ant/taskdefs/ParallelTest.java,144.0,6.0,30.0,9.0,29.0,20.0,1,0.041666666666666664,50.285714285714285,75.05784603449953,1,true
src/tests/junit/org/apache/tools/ant/taskdefs/StyleTest.java,110.0,5.0,288.0,25.0,59.0,53.0,0,0.0,0.0,0.0,0,false
src/tests/junit/org/apache/tools/ant/taskdefs/optional/XsltTest.java,58.0,1.0,28.0,8.0,10.0,17.0,0,0.0,0.0,0.0,0,false
src/tests/junit/org/apache/tools/ant/taskdefs/optional/junit/JUnitTaskTest.java,218.0,14.0,253.0,23.0,82.0,40.0,1,0.041666666666666664,116.8,321.05163992181815,1,true
src/tests/junit/org/apache/tools/ant/util/DeweyDecimalTest.java,32.0,2.0,21.0,7.0,9.0,7.0,0,0.0,0.0,0.0,0,false
src/tests/junit/org/example/junit/AbstractJUnit3TestMissed.java,4.0,1.0,0.0,1.0,0.0,1.0,1,0.041666666666666664,116.8,321.05163992181815,1,false
src/tests/junit/org/example/junit/AbstractJUnit3TestNotMissed.java,6.0,1.0,0.0,1.0,0.0,1.0,1,0.041666666666666664,116.8,321.05163992181815,1,false
src/tests/junit/org/example/junit/AbstractTestMissed.java,4.0,1.0,0.0,1.0,0.0,1.0,1,0.041666666666666664,116.8,321.05163992181815,1,false
src/tests/junit/org/example/junit/AbstractTestNotMissed.java,6.0,1.0,0.0,1.0,0.0,1.0,1,0.041666666666666664,116.8,321.05163992181815,1,false
src/tests/junit/org/example/junit/JUnit3NonTestMissed.java,4.0,1.0,0.0,1.0,0.0,1.0,1,0.041666666666666664,116.8,321.05163992181815,1,false
src/tests/junit/org/example/junit/JUnit3TestNotMissed.java,4.0,1.0,0.0,1.0,0.0,1.0,1,0.041666666666666664,116.8,321.05163992181815,1,false
src/tests/junit/org/example/junit/NonTestMissed.java,4.0,0.0,0.0,1.0,0.0,1.0,1,0.041666666666666664,116.8,321.05163992181815,1,false
src/tests/junit/org/example/junit/TestNotMissed.java,4.0,1.0,0.0,1.0,0.0,1.0,1,0.041666666666666664,116.8,321.05163992181815,1,false
src/tests/junit/org/example/junit/TestWithSuiteNotMissed.java,9.0,2.0,0.0,1.0,2.0,2.0,1,0.041666666666666664,116.8,321.05163992181815,1,false
