name,LOC,CBO,LCOM,NOM,RFC,WMC,numOfChanges,bccm,structuralWorkloadSum,semanticWorkloadSum,numberOfDeveloper,isBuggy
src/main/org/apache/tools/ant/AntClassLoader.java,1241.0,33.0,1436.0,60.0,195.0,220.0,1,0.009523809523809525,282.57142857142856,5582.683429962603,1,true
src/main/org/apache/tools/ant/ArgumentProcessorRegistry.java,112.0,10.0,41.0,10.0,34.0,31.0,1,0.009523809523809525,282.57142857142856,5582.683429962603,1,false
src/main/org/apache/tools/ant/IntrospectionHelper.java,1379.0,17.0,1485.0,58.0,202.0,214.0,1,0.009523809523809525,282.57142857142856,5582.683429962603,1,true
src/main/org/apache/tools/ant/MagicNames.java,216.0,1.0,0.0,1.0,0.0,1.0,1,0.009523809523809525,282.57142857142856,5582.683429962603,1,true
src/main/org/apache/tools/ant/Main.java,1078.0,29.0,433.0,34.0,197.0,149.0,1,0.009523809523809525,282.57142857142856,5582.683429962603,1,true
src/main/org/apache/tools/ant/ProjectHelperRepository.java,235.0,13.0,34.0,12.0,58.0,46.0,1,0.009523809523809525,282.57142857142856,5582.683429962603,1,true
src/main/org/apache/tools/ant/RuntimeConfigurable.java,480.0,14.0,284.0,28.0,75.0,80.0,1,0.009523809523809525,102.76923076923076,318.5,1,true
src/main/org/apache/tools/ant/helper/ProjectHelper2.java,967.0,35.0,62.0,13.0,62.0,33.0,1,0.009523809523809525,282.57142857142856,5582.683429962603,1,true
src/main/org/apache/tools/ant/property/ResolvePropertyMap.java,90.0,6.0,0.0,5.0,12.0,11.0,1,0.009523809523809525,282.57142857142856,5582.683429962603,1,true
src/main/org/apache/tools/ant/taskdefs/Antlib.java,116.0,15.0,5.0,6.0,35.0,17.0,1,0.009523809523809525,282.57142857142856,5582.683429962603,1,true
src/main/org/apache/tools/ant/taskdefs/Apt.java,214.0,8.0,126.0,17.0,11.0,37.0,1,0.009523809523809525,102.76923076923076,318.5,1,true
src/main/org/apache/tools/ant/taskdefs/CommandLauncherTask.java,28.0,3.0,0.0,3.0,3.0,7.0,1,0.009523809523809525,21.0,141.47525573528037,1,true
src/main/org/apache/tools/ant/taskdefs/Concat.java,801.0,40.0,469.0,35.0,46.0,83.0,1,0.009523809523809525,282.57142857142856,5582.683429962603,1,true
src/main/org/apache/tools/ant/taskdefs/Copy.java,872.0,30.0,1001.0,50.0,139.0,145.0,1,0.009523809523809525,282.57142857142856,5582.683429962603,1,true
src/main/org/apache/tools/ant/taskdefs/Get.java,612.0,24.0,129.0,19.0,48.0,52.0,1,0.009523809523809525,282.57142857142856,5582.683429962603,1,true
src/main/org/apache/tools/ant/taskdefs/ImportTask.java,241.0,23.0,73.0,14.0,58.0,41.0,1,0.009523809523809525,282.57142857142856,5582.683429962603,1,true
src/main/org/apache/tools/ant/taskdefs/Javadoc.java,2086.0,42.0,5655.0,111.0,358.0,281.0,1,0.009523809523809525,282.57142857142856,5582.683429962603,1,true
src/main/org/apache/tools/ant/taskdefs/ManifestClassPath.java,125.0,7.0,2.0,5.0,20.0,15.0,1,0.009523809523809525,282.57142857142856,5582.683429962603,1,true
src/main/org/apache/tools/ant/taskdefs/Move.java,294.0,10.0,33.0,10.0,86.0,46.0,1,0.009523809523809525,282.57142857142856,5582.683429962603,1,true
src/main/org/apache/tools/ant/taskdefs/PumpStreamHandler.java,240.0,3.0,71.0,18.0,19.0,38.0,1,0.009523809523809525,102.76923076923076,318.5,1,true
src/main/org/apache/tools/ant/taskdefs/StreamPumper.java,195.0,4.0,30.0,12.0,15.0,35.0,2,0.01904761904761905,385.34065934065933,5901.183429962603,2,true
src/main/org/apache/tools/ant/taskdefs/SubAnt.java,513.0,16.0,416.0,32.0,81.0,79.0,1,0.009523809523809525,282.57142857142856,5582.683429962603,1,true
src/main/org/apache/tools/ant/taskdefs/Tar.java,762.0,33.0,130.0,21.0,156.0,77.0,1,0.009523809523809525,282.57142857142856,5582.683429962603,1,true
src/main/org/apache/tools/ant/taskdefs/XSLTLiaison.java,41.0,1.0,3.0,3.0,0.0,12.0,1,0.009523809523809525,282.57142857142856,5582.683429962603,1,true
src/main/org/apache/tools/ant/taskdefs/XSLTLiaison4.java,18.0,0.0,0.0,1.0,0.0,4.0,1,0.009523809523809525,282.57142857142856,5582.683429962603,1,true
src/main/org/apache/tools/ant/taskdefs/XSLTProcess.java,1408.0,37.0,1434.0,57.0,148.0,170.0,2,0.01904761904761905,385.34065934065933,5901.183429962603,2,true
src/main/org/apache/tools/ant/taskdefs/Zip.java,1712.0,50.0,2566.0,81.0,291.0,250.0,1,0.009523809523809525,282.57142857142856,5582.683429962603,1,true
src/main/org/apache/tools/ant/taskdefs/compilers/Gcj.java,96.0,4.0,3.0,3.0,28.0,16.0,1,0.009523809523809525,282.57142857142856,5582.683429962603,1,true
src/main/org/apache/tools/ant/taskdefs/email/MimeMailer.java,226.0,33.0,6.0,4.0,58.0,17.0,0,0.0,0.0,0.0,0,true
src/main/org/apache/tools/ant/taskdefs/launcher/CommandLauncher.java,140.0,8.0,28.0,8.0,16.0,32.0,1,0.009523809523809525,21.0,141.47525573528037,1,true
src/main/org/apache/tools/ant/taskdefs/launcher/CommandLauncherProxy.java,22.0,2.0,0.0,2.0,1.0,5.0,1,0.009523809523809525,21.0,141.47525573528037,1,true
src/main/org/apache/tools/ant/taskdefs/launcher/Java13CommandLauncher.java,30.0,5.0,0.0,1.0,4.0,6.0,1,0.009523809523809525,21.0,141.47525573528037,1,true
src/main/org/apache/tools/ant/taskdefs/launcher/MacCommandLauncher.java,31.0,3.0,1.0,2.0,5.0,6.0,1,0.009523809523809525,21.0,141.47525573528037,1,true
src/main/org/apache/tools/ant/taskdefs/launcher/OS2CommandLauncher.java,44.0,3.0,1.0,2.0,5.0,8.0,1,0.009523809523809525,21.0,141.47525573528037,1,true
src/main/org/apache/tools/ant/taskdefs/launcher/PerlScriptCommandLauncher.java,44.0,4.0,0.0,2.0,7.0,6.0,1,0.009523809523809525,21.0,141.47525573528037,1,true
src/main/org/apache/tools/ant/taskdefs/launcher/ScriptCommandLauncher.java,43.0,4.0,0.0,2.0,7.0,6.0,1,0.009523809523809525,21.0,141.47525573528037,1,true
src/main/org/apache/tools/ant/taskdefs/launcher/VmsCommandLauncher.java,86.0,6.0,15.0,6.0,17.0,19.0,1,0.009523809523809525,21.0,141.47525573528037,1,true
src/main/org/apache/tools/ant/taskdefs/launcher/WinNTCommandLauncher.java,41.0,3.0,1.0,2.0,4.0,8.0,1,0.009523809523809525,21.0,141.47525573528037,1,true
src/main/org/apache/tools/ant/taskdefs/optional/Native2Ascii.java,229.0,14.0,86.0,17.0,32.0,46.0,1,0.009523809523809525,282.57142857142856,5582.683429962603,1,true
src/main/org/apache/tools/ant/taskdefs/optional/TraXLiaison.java,499.0,44.0,232.0,25.0,118.0,81.0,1,0.009523809523809525,282.57142857142856,5582.683429962603,1,true
src/main/org/apache/tools/ant/taskdefs/optional/image/Image.java,310.0,24.0,103.0,19.0,50.0,45.0,1,0.009523809523809525,282.57142857142856,5582.683429962603,1,true
src/main/org/apache/tools/ant/taskdefs/optional/pvcs/Pvcs.java,538.0,22.0,528.0,36.0,77.0,92.0,1,0.009523809523809525,282.57142857142856,5582.683429962603,1,true
src/main/org/apache/tools/ant/taskdefs/optional/sos/SOS.java,369.0,9.0,628.0,37.0,42.0,91.0,1,0.009523809523809525,282.57142857142856,5582.683429962603,1,true
src/main/org/apache/tools/ant/types/ArchiveScanner.java,269.0,9.0,20.0,17.0,47.0,51.0,1,0.009523809523809525,282.57142857142856,5582.683429962603,1,true
src/main/org/apache/tools/ant/types/FilterSet.java,532.0,12.0,289.0,26.0,108.0,93.0,1,0.009523809523809525,282.57142857142856,5582.683429962603,1,true
src/main/org/apache/tools/ant/types/Resource.java,358.0,7.0,362.0,32.0,74.0,94.0,1,0.009523809523809525,282.57142857142856,5582.683429962603,1,true
src/main/org/apache/tools/ant/types/XMLCatalog.java,790.0,25.0,242.0,24.0,127.0,97.0,1,0.009523809523809525,282.57142857142856,5582.683429962603,1,true
src/main/org/apache/tools/ant/types/resources/ArchiveResource.java,237.0,7.0,180.0,21.0,57.0,57.0,1,0.009523809523809525,282.57142857142856,5582.683429962603,1,true
src/main/org/apache/tools/ant/types/resources/FileResource.java,318.0,12.0,303.0,27.0,102.0,86.0,1,0.009523809523809525,282.57142857142856,5582.683429962603,1,true
src/main/org/apache/tools/ant/types/resources/LazyResourceCollectionWrapper.java,117.0,5.0,3.0,3.0,6.0,11.0,1,0.009523809523809525,21.0,141.47525573528037,1,true
src/main/org/apache/tools/ant/types/resources/MappedResource.java,75.0,5.0,15.0,7.0,18.0,20.0,1,0.009523809523809525,21.0,141.47525573528037,1,true
src/main/org/apache/tools/ant/types/resources/MappedResourceCollection.java,206.0,15.0,55.0,15.0,46.0,49.0,1,0.009523809523809525,21.0,141.47525573528037,1,true
src/main/org/apache/tools/ant/types/resources/URLResource.java,349.0,12.0,275.0,26.0,72.0,82.0,1,0.009523809523809525,282.57142857142856,5582.683429962603,1,true
src/main/org/apache/tools/ant/util/FileUtils.java,1351.0,31.0,2332.0,69.0,186.0,271.0,1,0.009523809523809525,282.57142857142856,5582.683429962603,1,true
src/main/org/apache/tools/ant/util/ResourceUtils.java,612.0,35.0,169.0,19.0,97.0,79.0,1,0.009523809523809525,282.57142857142856,5582.683429962603,1,true
src/main/org/apache/tools/zip/ZipUtil.java,162.0,4.0,66.0,12.0,31.0,35.0,0,0.0,0.0,0.0,0,false
src/tests/antunit/taskdefs/apt/AptExample.java,4.0,0.0,0.0,0.0,0.0,0.0,1,0.009523809523809525,102.76923076923076,318.5,1,true
src/tests/antunit/taskdefs/apt/Distributed.java,0.0,0.0,0.0,0.0,0.0,0.0,1,0.009523809523809525,102.76923076923076,318.5,1,true
src/tests/antunit/taskdefs/apt/DistributedAnnotationFactory.java,16.0,7.0,3.0,3.0,1.0,6.0,1,0.009523809523809525,102.76923076923076,318.5,1,true
src/tests/antunit/taskdefs/apt/DistributedAnnotationProcessor.java,27.0,7.0,0.0,3.0,9.0,5.0,1,0.009523809523809525,102.76923076923076,318.5,1,true
src/tests/junit/org/apache/tools/ant/AntClassLoaderTest.java,141.0,5.0,0.0,10.0,72.0,22.0,1,0.009523809523809525,282.57142857142856,5582.683429962603,1,true
