name,LOC,CBO,LCOM,NOM,RFC,WMC,numOfChanges,bccm,structuralWorkloadSum,semanticWorkloadSum,numberOfDeveloper,isBuggy
src/main/org/apache/tools/ant/AntClassLoader.java,1272.0,33.0,1557.0,62.0,200.0,230.0,0,0.0,0.0,0.0,0,true
src/main/org/apache/tools/ant/DemuxOutputStream.java,195.0,4.0,33.0,10.0,25.0,30.0,0,0.0,0.0,0.0,0,true
src/main/org/apache/tools/ant/DirectoryScanner.java,1518.0,24.0,2023.0,71.0,215.0,241.0,0,0.0,0.0,0.0,0,true
src/main/org/apache/tools/ant/ExtensionPoint.java,29.0,0.0,4.0,4.0,0.0,6.0,0,0.0,0.0,0.0,0,true
src/main/org/apache/tools/ant/IntrospectionHelper.java,1379.0,17.0,1485.0,58.0,202.0,214.0,0,0.0,0.0,0.0,0,true
src/main/org/apache/tools/ant/Main.java,1078.0,28.0,433.0,34.0,197.0,149.0,0,0.0,0.0,0.0,0,true
src/main/org/apache/tools/ant/Project.java,2027.0,32.0,7409.0,126.0,270.0,374.0,0,0.0,0.0,0.0,0,true
src/main/org/apache/tools/ant/XmlLogger.java,399.0,18.0,88.0,17.0,83.0,56.0,0,0.0,0.0,0.0,0,true
src/main/org/apache/tools/ant/filters/ConcatFilter.java,160.0,6.0,22.0,9.0,19.0,22.0,0,0.0,0.0,0.0,0,true
src/main/org/apache/tools/ant/filters/FixCrLfFilter.java,791.0,5.0,121.0,18.0,25.0,47.0,0,0.0,0.0,0.0,0,true
src/main/org/apache/tools/ant/filters/SortFilter.java,291.0,9.0,46.0,12.0,32.0,36.0,0,0.0,0.0,0.0,0,true
src/main/org/apache/tools/ant/filters/util/JavaClassHelper.java,39.0,6.0,0.0,1.0,10.0,6.0,0,0.0,0.0,0.0,0,true
src/main/org/apache/tools/ant/launch/Launcher.java,318.0,7.0,25.0,10.0,60.0,42.0,0,0.0,0.0,0.0,0,true
src/main/org/apache/tools/ant/launch/Locator.java,390.0,9.0,76.0,13.0,72.0,63.0,0,0.0,0.0,0.0,0,true
src/main/org/apache/tools/ant/listener/AnsiColorLogger.java,171.0,7.0,0.0,2.0,10.0,9.0,0,0.0,0.0,0.0,0,true
src/main/org/apache/tools/ant/listener/SilentLogger.java,21.0,2.0,15.0,6.0,1.0,7.0,0,0.0,0.0,0.0,0,false
src/main/org/apache/tools/ant/taskdefs/AntStructure.java,368.0,17.0,6.0,5.0,17.0,14.0,0,0.0,0.0,0.0,0,true
src/main/org/apache/tools/ant/taskdefs/BindTargets.java,46.0,7.0,0.0,5.0,17.0,12.0,0,0.0,0.0,0.0,0,false
src/main/org/apache/tools/ant/taskdefs/Copy.java,872.0,30.0,1001.0,50.0,139.0,145.0,0,0.0,0.0,0.0,0,true
src/main/org/apache/tools/ant/taskdefs/EchoXML.java,98.0,11.0,0.0,4.0,6.0,9.0,0,0.0,0.0,0.0,0,true
src/main/org/apache/tools/ant/taskdefs/Execute.java,560.0,20.0,422.0,32.0,108.0,106.0,0,0.0,0.0,0.0,0,true
src/main/org/apache/tools/ant/taskdefs/Get.java,647.0,25.0,187.0,22.0,48.0,57.0,1,0.0,42.4,41.277497044945406,1,true
src/main/org/apache/tools/ant/taskdefs/Input.java,188.0,13.0,14.0,8.0,16.0,24.0,0,0.0,0.0,0.0,0,true
src/main/org/apache/tools/ant/taskdefs/Javac.java,1009.0,21.0,3596.0,88.0,118.0,232.0,0,0.0,0.0,0.0,0,true
src/main/org/apache/tools/ant/taskdefs/Javadoc.java,2111.0,41.0,5764.0,112.0,358.0,284.0,0,0.0,0.0,0.0,0,true
src/main/org/apache/tools/ant/taskdefs/MacroDef.java,675.0,14.0,125.0,19.0,41.0,61.0,0,0.0,0.0,0.0,0,true
src/main/org/apache/tools/ant/taskdefs/MakeUrl.java,224.0,11.0,26.0,13.0,43.0,37.0,0,0.0,0.0,0.0,0,false
src/main/org/apache/tools/ant/taskdefs/Manifest.java,935.0,16.0,35.0,18.0,54.0,67.0,0,0.0,0.0,0.0,0,true
src/main/org/apache/tools/ant/taskdefs/ManifestTask.java,214.0,14.0,25.0,10.0,26.0,29.0,0,0.0,0.0,0.0,0,true
src/main/org/apache/tools/ant/taskdefs/PathConvert.java,368.0,20.0,174.0,21.0,45.0,55.0,0,0.0,0.0,0.0,0,true
src/main/org/apache/tools/ant/taskdefs/ProjectHelperTask.java,17.0,7.0,0.0,2.0,7.0,4.0,0,0.0,0.0,0.0,0,false
src/main/org/apache/tools/ant/taskdefs/Property.java,613.0,18.0,769.0,43.0,94.0,105.0,0,0.0,0.0,0.0,0,true
src/main/org/apache/tools/ant/taskdefs/Redirector.java,799.0,29.0,290.0,41.0,65.0,112.0,0,0.0,0.0,0.0,0,true
src/main/org/apache/tools/ant/taskdefs/Replace.java,780.0,25.0,258.0,28.0,89.0,73.0,0,0.0,0.0,0.0,0,true
src/main/org/apache/tools/ant/taskdefs/Rmic.java,667.0,18.0,1372.0,56.0,78.0,148.0,0,0.0,0.0,0.0,0,true
src/main/org/apache/tools/ant/taskdefs/SQLExec.java,928.0,36.0,898.0,45.0,123.0,126.0,0,0.0,0.0,0.0,0,true
src/main/org/apache/tools/ant/taskdefs/SignJar.java,466.0,13.0,336.0,29.0,36.0,64.0,0,0.0,0.0,0.0,0,true
src/main/org/apache/tools/ant/taskdefs/Sleep.java,125.0,3.0,35.0,10.0,7.0,22.0,0,0.0,0.0,0.0,0,true
src/main/org/apache/tools/ant/taskdefs/SubAnt.java,513.0,16.0,416.0,32.0,81.0,79.0,0,0.0,0.0,0.0,0,true
src/main/org/apache/tools/ant/taskdefs/Sync.java,424.0,21.0,37.0,18.0,72.0,53.0,0,0.0,0.0,0.0,0,true
src/main/org/apache/tools/ant/taskdefs/Tar.java,771.0,36.0,151.0,22.0,154.0,80.0,0,0.0,0.0,0.0,0,true
src/main/org/apache/tools/ant/taskdefs/War.java,149.0,7.0,37.0,10.0,12.0,23.0,0,0.0,0.0,0.0,0,true
src/main/org/apache/tools/ant/taskdefs/XSLTProcess.java,1408.0,37.0,1434.0,57.0,148.0,170.0,0,0.0,0.0,0.0,0,true
src/main/org/apache/tools/ant/taskdefs/Zip.java,1712.0,50.0,2566.0,81.0,291.0,250.0,0,0.0,0.0,0.0,0,true
src/main/org/apache/tools/ant/taskdefs/compilers/AptCompilerAdapter.java,122.0,9.0,6.0,4.0,29.0,12.0,0,0.0,0.0,0.0,0,true
src/main/org/apache/tools/ant/taskdefs/compilers/DefaultCompilerAdapter.java,564.0,17.0,358.0,32.0,125.0,104.0,0,0.0,0.0,0.0,0,true
src/main/org/apache/tools/ant/taskdefs/condition/IsReachable.java,157.0,9.0,4.0,5.0,11.0,14.0,0,0.0,0.0,0.0,0,true
src/main/org/apache/tools/ant/taskdefs/condition/Os.java,261.0,2.0,16.0,12.0,14.0,32.0,0,0.0,0.0,0.0,0,true
src/main/org/apache/tools/ant/taskdefs/cvslib/CvsTagDiff.java,429.0,22.0,82.0,17.0,77.0,51.0,0,0.0,0.0,0.0,0,true
src/main/org/apache/tools/ant/taskdefs/optional/PropertyFile.java,596.0,23.0,23.0,10.0,25.0,24.0,0,0.0,0.0,0.0,0,true
src/main/org/apache/tools/ant/taskdefs/optional/ReplaceRegExp.java,387.0,25.0,79.0,18.0,45.0,57.0,0,0.0,0.0,0.0,0,true
src/main/org/apache/tools/ant/taskdefs/optional/TraXLiaison.java,499.0,44.0,232.0,25.0,118.0,81.0,0,0.0,0.0,0.0,0,true
src/main/org/apache/tools/ant/taskdefs/optional/XMLValidateTask.java,603.0,27.0,283.0,27.0,68.0,82.0,0,0.0,0.0,0.0,0,true
src/main/org/apache/tools/ant/taskdefs/optional/Xalan2TraceSupport.java,23.0,7.0,0.0,1.0,8.0,6.0,0,0.0,0.0,0.0,0,false
src/main/org/apache/tools/ant/taskdefs/optional/depend/constantpool/MethodTypeCPInfo.java,53.0,2.0,0.0,4.0,5.0,9.0,0,0.0,0.0,0.0,0,false
src/main/org/apache/tools/ant/taskdefs/optional/ejb/IPlanetDeploymentTool.java,262.0,8.0,52.0,12.0,45.0,37.0,0,0.0,0.0,0.0,0,true
src/main/org/apache/tools/ant/taskdefs/optional/ejb/WeblogicDeploymentTool.java,707.0,22.0,413.0,31.0,115.0,83.0,0,0.0,0.0,0.0,0,true
src/main/org/apache/tools/ant/taskdefs/optional/ejb/WebsphereDeploymentTool.java,681.0,17.0,436.0,32.0,98.0,78.0,0,0.0,0.0,0.0,0,true
src/main/org/apache/tools/ant/taskdefs/optional/extension/ExtensionSet.java,101.0,9.0,0.0,7.0,31.0,24.0,0,0.0,0.0,0.0,0,true
src/main/org/apache/tools/ant/taskdefs/optional/extension/JarLibResolveTask.java,197.0,9.0,22.0,12.0,27.0,36.0,0,0.0,0.0,0.0,0,true
src/main/org/apache/tools/ant/taskdefs/optional/extension/LibFileSet.java,78.0,1.0,9.0,6.0,0.0,12.0,0,0.0,0.0,0.0,0,true
src/main/org/apache/tools/ant/taskdefs/optional/i18n/Translate.java,484.0,18.0,93.0,18.0,66.0,56.0,0,0.0,0.0,0.0,0,true
src/main/org/apache/tools/ant/taskdefs/optional/jsp/JspNameMangler.java,92.0,2.0,10.0,5.0,15.0,16.0,0,0.0,0.0,0.0,0,true
src/main/org/apache/tools/ant/taskdefs/optional/jsp/compilers/JspCompilerAdapter.java,32.0,3.0,6.0,4.0,0.0,9.0,0,0.0,0.0,0.0,0,true
src/main/org/apache/tools/ant/taskdefs/optional/junit/Constants.java,26.0,0.0,0.0,1.0,0.0,1.0,0,0.0,0.0,0.0,0,true
src/main/org/apache/tools/ant/taskdefs/optional/junit/FailureRecorder.java,341.0,21.0,250.0,24.0,47.0,47.0,0,0.0,0.0,0.0,0,true
src/main/org/apache/tools/ant/taskdefs/optional/junit/JUnit4TestMethodAdapter.java,132.0,8.0,0.0,7.0,17.0,19.0,0,0.0,0.0,0.0,0,true
src/main/org/apache/tools/ant/taskdefs/optional/junit/JUnitTask.java,1771.0,42.0,3429.0,86.0,375.0,297.0,0,0.0,0.0,0.0,0,true
src/main/org/apache/tools/ant/taskdefs/optional/junit/JUnitTest.java,459.0,7.0,390.0,32.0,28.0,79.0,0,0.0,0.0,0.0,0,true
src/main/org/apache/tools/ant/taskdefs/optional/junit/JUnitTestRunner.java,1018.0,31.0,1330.0,57.0,188.0,162.0,0,0.0,0.0,0.0,0,true
src/main/org/apache/tools/ant/taskdefs/optional/junit/TearDownOnVmCrash.java,91.0,5.0,49.0,11.0,15.0,21.0,0,0.0,0.0,0.0,0,true
src/main/org/apache/tools/ant/taskdefs/optional/junit/XMLJUnitResultFormatter.java,273.0,22.0,123.0,19.0,77.0,54.0,0,0.0,0.0,0.0,0,true
src/main/org/apache/tools/ant/taskdefs/optional/net/FTP.java,2232.0,39.0,1984.0,68.0,206.0,230.0,0,0.0,0.0,0.0,0,true
src/main/org/apache/tools/ant/taskdefs/optional/net/FTPTaskMirrorImpl.java,1620.0,33.0,0.0,26.0,235.0,123.0,0,0.0,0.0,0.0,0,true
src/main/org/apache/tools/ant/taskdefs/optional/pvcs/Pvcs.java,538.0,22.0,528.0,36.0,77.0,92.0,0,0.0,0.0,0.0,0,true
src/main/org/apache/tools/ant/taskdefs/optional/sound/AntSoundPlayer.java,185.0,15.0,87.0,14.0,29.0,36.0,0,0.0,0.0,0.0,0,true
src/main/org/apache/tools/ant/taskdefs/optional/splash/SplashTask.java,217.0,12.0,37.0,11.0,36.0,21.0,0,0.0,0.0,0.0,0,true
src/main/org/apache/tools/ant/taskdefs/optional/ssh/Directory.java,145.0,6.0,35.0,15.0,18.0,34.0,0,0.0,0.0,0.0,0,false
src/main/org/apache/tools/ant/taskdefs/optional/ssh/SSHBase.java,178.0,6.0,104.0,20.0,18.0,40.0,0,0.0,0.0,0.0,0,true
src/main/org/apache/tools/ant/taskdefs/optional/ssh/SSHExec.java,413.0,22.0,179.0,22.0,58.0,51.0,0,0.0,0.0,0.0,0,true
src/main/org/apache/tools/ant/taskdefs/optional/ssh/SSHSession.java,271.0,12.0,20.0,8.0,41.0,25.0,0,0.0,0.0,0.0,0,true
src/main/org/apache/tools/ant/taskdefs/optional/ssh/Scp.java,361.0,12.0,226.0,24.0,82.0,74.0,0,0.0,0.0,0.0,0,true
src/main/org/apache/tools/ant/taskdefs/optional/ssh/ScpFromMessage.java,212.0,14.0,28.0,13.0,51.0,45.0,0,0.0,0.0,0.0,0,true
src/main/org/apache/tools/ant/taskdefs/optional/testing/Funtest.java,455.0,10.0,281.0,26.0,39.0,48.0,0,0.0,0.0,0.0,0,true
src/main/org/apache/tools/ant/taskdefs/optional/unix/Symlink.java,473.0,24.0,126.0,21.0,88.0,78.0,0,0.0,0.0,0.0,0,true
src/main/org/apache/tools/ant/taskdefs/rmic/RmicAdapter.java,34.0,4.0,6.0,4.0,0.0,9.0,0,0.0,0.0,0.0,0,true
src/main/org/apache/tools/ant/taskdefs/rmic/XNewRmic.java,27.0,1.0,1.0,2.0,0.0,3.0,0,0.0,0.0,0.0,0,true
src/main/org/apache/tools/ant/types/DataType.java,283.0,6.0,215.0,23.0,46.0,75.0,1,0.0,42.4,41.277497044945406,1,true
src/main/org/apache/tools/ant/types/FilterChain.java,310.0,21.0,0.0,26.0,105.0,81.0,0,0.0,0.0,0.0,0,true
src/main/org/apache/tools/ant/types/FilterSet.java,532.0,12.0,289.0,26.0,108.0,93.0,0,0.0,0.0,0.0,0,true
src/main/org/apache/tools/ant/types/Permissions.java,287.0,9.0,22.0,8.0,16.0,18.0,0,0.0,0.0,0.0,0,true
src/main/org/apache/tools/ant/types/PropertySet.java,476.0,20.0,409.0,30.0,118.0,80.0,0,0.0,0.0,0.0,0,true
src/main/org/apache/tools/ant/types/mappers/CutDirsMapper.java,47.0,3.0,4.0,4.0,3.0,9.0,0,0.0,0.0,0.0,0,false
src/main/org/apache/tools/ant/types/resources/Archives.java,138.0,14.0,17.0,10.0,40.0,36.0,0,0.0,0.0,0.0,0,true
src/main/org/apache/tools/ant/types/resources/ContentTransformingResource.java,128.0,6.0,45.0,10.0,20.0,44.0,0,0.0,0.0,0.0,0,true
src/main/org/apache/tools/ant/types/resources/LazyResourceCollectionWrapper.java,117.0,5.0,3.0,3.0,6.0,11.0,0,0.0,0.0,0.0,0,true
src/main/org/apache/tools/ant/types/resources/MappedResource.java,75.0,3.0,15.0,7.0,18.0,20.0,0,0.0,0.0,0.0,0,true
src/main/org/apache/tools/ant/types/resources/MultiRootFileSet.java,170.0,10.0,52.0,13.0,39.0,41.0,0,0.0,0.0,0.0,0,false
src/main/org/apache/tools/ant/types/resources/URLResource.java,387.0,13.0,286.0,29.0,81.0,92.0,0,0.0,0.0,0.0,0,true
src/main/org/apache/tools/ant/types/resources/selectors/Date.java,112.0,8.0,21.0,11.0,8.0,25.0,0,0.0,0.0,0.0,0,true
src/main/org/apache/tools/ant/types/resources/selectors/Type.java,78.0,3.0,4.0,4.0,3.0,7.0,0,0.0,0.0,0.0,0,false
src/main/org/apache/tools/ant/types/selectors/MappingSelector.java,110.0,6.0,8.0,8.0,9.0,24.0,0,0.0,0.0,0.0,0,true
src/main/org/apache/tools/ant/types/selectors/PresentSelector.java,146.0,7.0,0.0,8.0,12.0,25.0,0,0.0,0.0,0.0,0,true
src/main/org/apache/tools/ant/types/selectors/TokenizedPath.java,166.0,4.0,0.0,12.0,21.0,39.0,0,0.0,0.0,0.0,0,false
src/main/org/apache/tools/ant/types/selectors/TokenizedPattern.java,131.0,1.0,0.0,13.0,18.0,41.0,0,0.0,0.0,0.0,0,true
src/main/org/apache/tools/ant/util/DOMUtils.java,110.0,4.0,15.0,6.0,15.0,8.0,0,0.0,0.0,0.0,0,true
src/main/org/apache/tools/ant/util/DateUtils.java,209.0,9.0,51.0,11.0,22.0,45.0,0,0.0,0.0,0.0,0,true
src/main/org/apache/tools/ant/util/FileUtils.java,1350.0,31.0,2332.0,69.0,185.0,271.0,0,0.0,0.0,0.0,0,true
src/main/org/apache/tools/ant/util/GlobPatternMapper.java,149.0,1.0,12.0,8.0,16.0,26.0,0,0.0,0.0,0.0,0,true
src/main/org/apache/tools/ant/util/KeepAliveInputStream.java,35.0,3.0,3.0,3.0,0.0,5.0,0,0.0,0.0,0.0,0,true
src/main/org/apache/tools/ant/util/KeepAliveOutputStream.java,48.0,4.0,10.0,5.0,2.0,9.0,0,0.0,0.0,0.0,0,true
src/main/org/apache/tools/ant/util/LayoutPreservingProperties.java,611.0,15.0,210.0,24.0,83.0,87.0,0,0.0,0.0,0.0,0,true
src/main/org/apache/tools/ant/util/LeadPipeInputStream.java,124.0,6.0,34.0,9.0,9.0,26.0,0,0.0,0.0,0.0,0,true
src/main/org/apache/tools/ant/util/LineOrientedOutputStream.java,116.0,3.0,9.0,7.0,9.0,24.0,0,0.0,0.0,0.0,0,true
src/main/org/apache/tools/ant/util/LineOrientedOutputStreamRedirector.java,30.0,2.0,0.0,5.0,6.0,9.0,0,0.0,0.0,0.0,0,true
src/main/org/apache/tools/ant/util/ProcessUtil.java,34.0,1.0,3.0,3.0,9.0,7.0,0,0.0,0.0,0.0,0,false
src/main/org/apache/tools/ant/util/ProxySetup.java,115.0,1.0,0.0,3.0,6.0,8.0,0,0.0,0.0,0.0,0,true
src/main/org/apache/tools/ant/util/ResourceUtils.java,642.0,34.0,251.0,23.0,119.0,98.0,0,0.0,0.0,0.0,0,true
src/main/org/apache/tools/ant/util/ScriptFixBSFPath.java,76.0,5.0,3.0,3.0,14.0,10.0,0,0.0,0.0,0.0,0,true
src/main/org/apache/tools/ant/util/ScriptRunnerHelper.java,155.0,6.0,88.0,16.0,19.0,31.0,1,0.14285714285714285,42.4,41.277497044945406,1,true
src/main/org/apache/tools/ant/util/StringUtils.java,234.0,4.0,45.0,10.0,26.0,40.0,0,0.0,0.0,0.0,0,true
src/main/org/apache/tools/ant/util/SymbolicLinkUtils.java,192.0,7.0,45.0,10.0,30.0,44.0,0,0.0,0.0,0.0,0,false
src/main/org/apache/tools/ant/util/UnicodeUtil.java,21.0,0.0,1.0,2.0,4.0,4.0,0,0.0,0.0,0.0,0,false
src/main/org/apache/tools/ant/util/Watchdog.java,89.0,2.0,7.0,7.0,12.0,19.0,0,0.0,0.0,0.0,0,true
src/main/org/apache/tools/ant/util/WorkerAnt.java,126.0,2.0,21.0,10.0,5.0,29.0,0,0.0,0.0,0.0,0,true
src/main/org/apache/tools/ant/util/XmlConstants.java,56.0,0.0,0.0,1.0,0.0,1.0,0,0.0,0.0,0.0,0,false
src/main/org/apache/tools/ant/util/depend/bcel/AncestorAnalyzer.java,94.0,9.0,3.0,3.0,20.0,16.0,0,0.0,0.0,0.0,0,true
src/main/org/apache/tools/ant/util/depend/bcel/DependencyVisitor.java,129.0,10.0,43.0,11.0,31.0,20.0,0,0.0,0.0,0.0,0,true
src/main/org/apache/tools/ant/util/depend/bcel/FullAnalyzer.java,86.0,10.0,3.0,3.0,19.0,16.0,0,0.0,0.0,0.0,0,true
src/main/org/apache/tools/ant/util/regexp/JakartaRegexpMatcher.java,114.0,4.0,30.0,9.0,13.0,29.0,0,0.0,0.0,0.0,0,true
src/main/org/apache/tools/ant/util/regexp/JakartaRegexpRegexp.java,61.0,3.0,3.0,3.0,11.0,11.0,0,0.0,0.0,0.0,0,true
src/main/org/apache/tools/ant/util/regexp/RegexpMatcherFactory.java,77.0,4.0,15.0,6.0,7.0,24.0,0,0.0,0.0,0.0,0,true
src/main/org/apache/tools/bzip2/BlockSort.java,766.0,1.0,100.0,17.0,21.0,62.0,0,0.0,0.0,0.0,0,true
src/main/org/apache/tools/bzip2/CBZip2OutputStream.java,1150.0,2.0,191.0,35.0,54.0,122.0,0,0.0,0.0,0.0,0,true
src/main/org/apache/tools/mail/MailMessage.java,394.0,8.0,397.0,31.0,63.0,84.0,0,0.0,0.0,0.0,0,true
src/main/org/apache/tools/tar/TarEntry.java,901.0,6.0,1347.0,63.0,70.0,181.0,0,0.0,0.0,0.0,0,true
src/main/org/apache/tools/tar/TarOutputStream.java,475.0,10.0,276.0,28.0,82.0,76.0,1,0.0,42.4,41.277497044945406,1,true
src/main/org/apache/tools/tar/TarUtils.java,411.0,5.0,229.0,22.0,40.0,99.0,0,0.0,0.0,0.0,0,true
src/main/org/apache/tools/zip/AbstractUnicodeExtraField.java,141.0,3.0,24.0,13.0,14.0,31.0,0,0.0,0.0,0.0,0,false
src/main/org/apache/tools/zip/FallbackZipEncoding.java,59.0,2.0,0.0,5.0,2.0,16.0,0,0.0,0.0,0.0,0,false
src/main/org/apache/tools/zip/NioZipEncoding.java,64.0,7.0,0.0,4.0,29.0,15.0,0,0.0,0.0,0.0,0,false
src/main/org/apache/tools/zip/Simple8BitZipEncoding.java,182.0,5.0,24.0,8.0,23.0,33.0,0,0.0,0.0,0.0,0,false
src/main/org/apache/tools/zip/UnicodeCommentExtraField.java,39.0,0.0,6.0,4.0,0.0,5.0,0,0.0,0.0,0.0,0,true
src/main/org/apache/tools/zip/UnicodePathExtraField.java,39.0,0.0,6.0,4.0,0.0,5.0,0,0.0,0.0,0.0,0,true
src/main/org/apache/tools/zip/ZipEntry.java,552.0,7.0,832.0,44.0,97.0,128.0,0,0.0,0.0,0.0,0,true
src/main/org/apache/tools/zip/ZipFile.java,744.0,22.0,256.0,29.0,107.0,117.0,0,0.0,0.0,0.0,0,true
src/main/org/apache/tools/zip/ZipOutputStream.java,1105.0,23.0,642.0,48.0,200.0,178.0,0,0.0,0.0,0.0,0,true
src/tests/junit/org/apache/tools/ant/XmlLoggerTest.java,9.0,2.0,0.0,1.0,2.0,2.0,0,0.0,0.0,0.0,0,false
src/tests/junit/org/apache/tools/ant/taskdefs/ExecTaskTest.java,115.0,14.0,0.0,3.0,19.0,8.0,0,0.0,0.0,0.0,0,false
src/tests/junit/org/apache/tools/ant/taskdefs/ManifestTest.java,353.0,19.0,0.0,29.0,127.0,89.0,0,0.0,0.0,0.0,0,false
