name,LOC,CBO,LCOM,NOM,RFC,WMC,ACS,Ownership,numOfChanges,numberOfFIChanges,ENH,NF,BugFixing,REF,structuralWorkloadSum,semanticWorkloadSum,numberOfDeveloper,pastFaults,MAF,isBuggy
activemq-console/src/main/java/org/apache/activemq/console/Main.java,240.0,19.0,64.0,13.0,83.0,44.0,0.0,chirino@apache.org,0,0.0,0.0,0.0,0.0,0.0,0.0,0.0,0,3,0.0,true
activemq-core/src/main/java/org/apache/activemq/ActiveMQConnection.java,1335.0,79.0,10300.0,152.0,349.0,437.0,2.0,null,1,0.008333333333333333,3.0,1.0,2.0,0.0,729.2972972972973,9017.892171203368,1,22,0.5428649775106075,true
activemq-core/src/main/java/org/apache/activemq/ActiveMQConnectionConsumer.java,89.0,11.0,0.0,6.0,19.0,18.0,1.0,chirino@apache.org,1,0.008333333333333333,9.0,0.0,9.0,0.0,729.2972972972973,9017.892171203368,1,1,0.5428649775106075,true
activemq-core/src/main/java/org/apache/activemq/ActiveMQConnectionFactory.java,549.0,27.0,2604.0,76.0,109.0,170.0,2.0,null,1,0.008333333333333333,4.0,0.0,2.0,0.0,729.2972972972973,9017.892171203368,1,8,0.5428649775106075,true
activemq-core/src/main/java/org/apache/activemq/ActiveMQMessageConsumer.java,699.0,22.0,534.0,52.0,242.0,180.0,0.0,null,0,0.0,0.0,0.0,0.0,0.0,0.0,0.0,0,19,0.0,true
activemq-core/src/main/java/org/apache/activemq/ActiveMQMessageProducer.java,339.0,19.0,295.0,30.0,48.0,97.0,0.0,chirino@apache.org,0,0.0,0.0,0.0,0.0,0.0,0.0,0.0,0,4,0.0,true
activemq-core/src/main/java/org/apache/activemq/ActiveMQSession.java,1055.0,69.0,3405.0,95.0,303.0,338.0,3.0,null,1,0.008333333333333333,2.0,1.0,2.0,0.0,729.2972972972973,9017.892171203368,1,14,0.5428649775106075,true
activemq-core/src/main/java/org/apache/activemq/ActiveMQSessionExecutor.java,136.0,10.0,0.0,17.0,53.0,42.0,4.0,chirino@apache.org,1,0.008333333333333333,4.0,4.0,4.0,0.0,729.2972972972973,9017.892171203368,1,4,0.5428649775106075,true
activemq-core/src/main/java/org/apache/activemq/BlobMessage.java,27.0,5.0,15.0,6.0,0.0,13.0,0.0,chirino@apache.org,0,0.0,0.0,0.0,0.0,0.0,0.0,0.0,0,1,0.0,false
activemq-core/src/main/java/org/apache/activemq/Message.java,10.0,0.0,0.0,1.0,0.0,3.0,3.0,chirino@apache.org,0,0.0,0.0,0.0,0.0,0.0,0.0,0.0,0,1,0.0,false
activemq-core/src/main/java/org/apache/activemq/RedeliveryPolicy.java,85.0,2.0,88.0,16.0,5.0,31.0,1.0,chirino@apache.org,1,0.008333333333333333,6.0,0.0,6.0,0.0,729.2972972972973,9017.892171203368,1,3,0.5428649775106075,true
activemq-core/src/main/java/org/apache/activemq/advisory/AdvisoryBroker.java,191.0,21.0,107.0,18.0,109.0,49.0,0.0,rajdavies@apache.org,0,0.0,0.0,0.0,0.0,0.0,0.0,0.0,0,6,0.0,true
activemq-core/src/main/java/org/apache/activemq/blob/BlobTransferPolicy.java,79.0,0.0,40.0,12.0,3.0,23.0,0.0,null,0,0.0,0.0,0.0,0.0,0.0,0.0,0.0,0,1,0.0,true
activemq-core/src/main/java/org/apache/activemq/blob/BlobUploader.java,31.0,6.0,0.0,5.0,5.0,11.0,0.0,chirino@apache.org,0,0.0,0.0,0.0,0.0,0.0,0.0,0.0,0,1,0.0,true
activemq-core/src/main/java/org/apache/activemq/blob/DefaultBlobUploadStrategy.java,47.0,10.0,9.0,6.0,26.0,19.0,2.0,chirino@apache.org,1,0.008333333333333333,14.0,0.0,0.0,0.0,729.2972972972973,9017.892171203368,1,1,0.5428649775106075,true
activemq-core/src/main/java/org/apache/activemq/broker/Broker.java,175.0,19.0,465.0,31.0,0.0,66.0,0.0,rajdavies@apache.org,0,0.0,0.0,0.0,0.0,0.0,0.0,0.0,0,6,0.0,true
activemq-core/src/main/java/org/apache/activemq/broker/BrokerBroadcaster.java,188.0,14.0,345.0,27.0,54.0,75.0,0.0,rajdavies@apache.org,0,0.0,0.0,0.0,0.0,0.0,0.0,0.0,0,1,0.0,false
activemq-core/src/main/java/org/apache/activemq/broker/BrokerFactory.java,55.0,4.0,10.0,5.0,9.0,17.0,0.0,chirino@apache.org,0,0.0,0.0,0.0,0.0,0.0,0.0,0.0,0,2,0.0,true
activemq-core/src/main/java/org/apache/activemq/broker/BrokerFactoryHandler.java,7.0,1.0,0.0,1.0,0.0,2.0,0.0,chirino@apache.org,0,0.0,0.0,0.0,0.0,0.0,0.0,0.0,0,1,0.0,false
activemq-core/src/main/java/org/apache/activemq/broker/BrokerFilter.java,148.0,23.0,0.0,46.0,46.0,96.0,0.0,rajdavies@apache.org,0,0.0,0.0,0.0,0.0,0.0,0.0,0.0,0,6,0.0,true
activemq-core/src/main/java/org/apache/activemq/broker/BrokerRegistry.java,65.0,4.0,0.0,6.0,11.0,13.0,2.0,chirino@apache.org,1,0.008333333333333333,7.0,7.0,0.0,0.0,202.6896551724138,1473.6602172543285,1,0,2.001480000210124,true
activemq-core/src/main/java/org/apache/activemq/broker/BrokerService.java,1302.0,68.0,9758.0,144.0,341.0,385.0,2.0,null,2,0.016666666666666666,1.0,1.0,0.0,0.0,931.9869524697111,10491.552388457696,2,32,0.8787608243488056,true
activemq-core/src/main/java/org/apache/activemq/broker/CompositeDestinationBroker.java,62.0,3.0,6.0,4.0,19.0,18.0,0.0,chirino@apache.org,0,0.0,0.0,0.0,0.0,0.0,0.0,0.0,0,1,0.0,true
activemq-core/src/main/java/org/apache/activemq/broker/Connection.java,63.0,5.0,105.0,15.0,0.0,29.0,0.0,chirino@apache.org,0,0.0,0.0,0.0,0.0,0.0,0.0,0.0,0,2,0.0,true
activemq-core/src/main/java/org/apache/activemq/broker/ConnectionContext.java,192.0,12.0,817.0,42.0,12.0,70.0,0.0,chirino@apache.org,0,0.0,0.0,0.0,0.0,0.0,0.0,0.0,0,5,0.0,true
activemq-core/src/main/java/org/apache/activemq/broker/ConsumerBrokerExchange.java,71.0,3.0,35.0,10.0,0.0,15.0,0.0,rajdavies@apache.org,0,0.0,0.0,0.0,0.0,0.0,0.0,0.0,0,0,0.0,false
activemq-core/src/main/java/org/apache/activemq/broker/DefaultBrokerFactory.java,26.0,7.0,0.0,1.0,12.0,6.0,0.0,chirino@apache.org,0,0.0,0.0,0.0,0.0,0.0,0.0,0.0,0,1,0.0,true
activemq-core/src/main/java/org/apache/activemq/broker/EmptyBroker.java,123.0,24.0,990.0,45.0,1.0,95.0,0.0,rajdavies@apache.org,0,0.0,0.0,0.0,0.0,0.0,0.0,0.0,0,6,0.0,true
activemq-core/src/main/java/org/apache/activemq/broker/ErrorBroker.java,148.0,24.0,0.0,46.0,1.0,94.0,0.0,rajdavies@apache.org,0,0.0,0.0,0.0,0.0,0.0,0.0,0.0,0,6,0.0,true
activemq-core/src/main/java/org/apache/activemq/broker/MutableBrokerFilter.java,159.0,23.0,1116.0,48.0,90.0,99.0,0.0,rajdavies@apache.org,0,0.0,0.0,0.0,0.0,0.0,0.0,0.0,0,6,0.0,true
activemq-core/src/main/java/org/apache/activemq/broker/ProducerBrokerExchange.java,71.0,3.0,35.0,10.0,0.0,15.0,0.0,gtully@apache.org,0,0.0,0.0,0.0,0.0,0.0,0.0,0.0,0,0,0.0,true
activemq-core/src/main/java/org/apache/activemq/broker/PropertiesBrokerFactory.java,57.0,10.0,6.0,4.0,15.0,15.0,0.0,rajdavies@apache.org,0,0.0,0.0,0.0,0.0,0.0,0.0,0.0,0,1,0.0,false
activemq-core/src/main/java/org/apache/activemq/broker/TransactionBroker.java,168.0,22.0,81.0,15.0,65.0,47.0,0.0,chirino@apache.org,0,0.0,0.0,0.0,0.0,0.0,0.0,0.0,0,2,0.0,true
activemq-core/src/main/java/org/apache/activemq/broker/TransportConnection.java,993.0,72.0,2520.0,85.0,374.0,271.0,20.0,null,1,0.008333333333333333,1.0,0.0,1.0,0.0,202.6896551724138,1473.6602172543285,1,12,2.001480000210124,true
activemq-core/src/main/java/org/apache/activemq/broker/UserIDBroker.java,15.0,1.0,1.0,2.0,3.0,3.0,0.0,chirino@apache.org,0,0.0,0.0,0.0,0.0,0.0,0.0,0.0,0,1,0.0,true
activemq-core/src/main/java/org/apache/activemq/broker/ft/MasterBroker.java,270.0,29.0,288.0,25.0,58.0,60.0,0.0,null,0,0.0,0.0,0.0,0.0,0.0,0.0,0.0,0,3,0.0,true
activemq-core/src/main/java/org/apache/activemq/broker/ft/MasterConnector.java,228.0,27.0,160.0,24.0,69.0,49.0,0.0,rajdavies@apache.org,0,0.0,0.0,0.0,0.0,0.0,0.0,0.0,0,4,0.0,true
activemq-core/src/main/java/org/apache/activemq/broker/jmx/ConnectionView.java,68.0,1.0,0.0,13.0,17.0,28.0,0.0,chirino@apache.org,0,0.0,0.0,0.0,0.0,0.0,0.0,0.0,0,1,0.0,true
activemq-core/src/main/java/org/apache/activemq/broker/jmx/DestinationViewMBean.java,79.0,6.0,153.0,18.0,0.0,39.0,1.0,chirino@apache.org,1,0.008333333333333333,3.0,0.0,0.0,0.0,729.2972972972973,9017.892171203368,1,4,0.5428649775106075,true
activemq-core/src/main/java/org/apache/activemq/broker/region/AbstractRegion.java,254.0,24.0,115.0,23.0,98.0,68.0,0.0,null,0,0.0,0.0,0.0,0.0,0.0,0.0,0.0,0,14,0.0,true
activemq-core/src/main/java/org/apache/activemq/broker/region/ConnectionStatistics.java,40.0,2.0,0.0,6.0,6.0,10.0,0.0,chirino@apache.org,0,0.0,0.0,0.0,0.0,0.0,0.0,0.0,0,1,0.0,true
activemq-core/src/main/java/org/apache/activemq/broker/region/Destination.java,18.0,9.0,78.0,13.0,0.0,18.0,0.0,null,0,0.0,0.0,0.0,0.0,0.0,0.0,0.0,0,4,0.0,true
activemq-core/src/main/java/org/apache/activemq/broker/region/DestinationFilter.java,65.0,11.0,0.0,17.0,22.0,33.0,0.0,rajdavies@apache.org,0,0.0,0.0,0.0,0.0,0.0,0.0,0.0,0,1,0.0,true
activemq-core/src/main/java/org/apache/activemq/broker/region/PrefetchSubscription.java,404.0,26.0,367.0,34.0,129.0,104.0,0.0,null,0,0.0,0.0,0.0,0.0,0.0,0.0,0.0,0,23,0.0,true
activemq-core/src/main/java/org/apache/activemq/broker/region/Queue.java,838.0,44.0,1859.0,70.0,337.0,229.0,2.0,null,1,0.008333333333333333,1.0,0.0,0.0,0.0,117.0,315.8942419364064,1,25,1.8191584434161694,true
activemq-core/src/main/java/org/apache/activemq/broker/region/QueueSubscription.java,140.0,14.0,78.0,13.0,37.0,34.0,2.0,chirino@apache.org,1,0.008333333333333333,2.0,0.0,2.0,0.0,202.6896551724138,1473.6602172543285,1,11,2.001480000210124,true
activemq-core/src/main/java/org/apache/activemq/broker/region/Region.java,76.0,14.0,66.0,12.0,0.0,29.0,0.0,chirino@apache.org,0,0.0,0.0,0.0,0.0,0.0,0.0,0.0,0,4,0.0,true
activemq-core/src/main/java/org/apache/activemq/broker/region/RegionBroker.java,449.0,46.0,1767.0,66.0,101.0,162.0,0.0,null,0,0.0,0.0,0.0,0.0,0.0,0.0,0.0,0,17,0.0,true
activemq-core/src/main/java/org/apache/activemq/broker/region/TempQueueRegion.java,35.0,9.0,15.0,6.0,13.0,20.0,0.0,rajdavies@apache.org,0,0.0,0.0,0.0,0.0,0.0,0.0,0.0,0,3,0.0,true
activemq-core/src/main/java/org/apache/activemq/broker/region/TempTopicRegion.java,39.0,11.0,6.0,4.0,10.0,13.0,0.0,rajdavies@apache.org,0,0.0,0.0,0.0,0.0,0.0,0.0,0.0,0,3,0.0,true
activemq-core/src/main/java/org/apache/activemq/broker/region/Topic.java,404.0,34.0,765.0,46.0,167.0,124.0,2.0,rajdavies@apache.org,1,0.008333333333333333,2.0,0.0,1.0,0.0,117.0,315.8942419364064,1,15,1.8191584434161694,true
activemq-core/src/main/java/org/apache/activemq/broker/region/TopicSubscription.java,332.0,23.0,369.0,35.0,121.0,95.0,0.0,null,0,0.0,0.0,0.0,0.0,0.0,0.0,0.0,0,11,0.0,true
activemq-core/src/main/java/org/apache/activemq/broker/region/cursors/QueueStorePrefetch.java,108.0,11.0,93.0,19.0,22.0,43.0,0.0,rajdavies@apache.org,0,0.0,0.0,0.0,0.0,0.0,0.0,0.0,0,2,0.0,true
activemq-core/src/main/java/org/apache/activemq/broker/region/cursors/StoreDurableSubscriberCursor.java,208.0,15.0,9.0,23.0,55.0,65.0,0.0,rajdavies@apache.org,0,0.0,0.0,0.0,0.0,0.0,0.0,0.0,0,2,0.0,true
activemq-core/src/main/java/org/apache/activemq/broker/region/cursors/TopicStorePrefetch.java,175.0,11.0,98.0,21.0,37.0,53.0,0.0,rajdavies@apache.org,0,0.0,0.0,0.0,0.0,0.0,0.0,0.0,0,5,0.0,true
activemq-core/src/main/java/org/apache/activemq/broker/region/cursors/VMPendingMessageCursor.java,91.0,3.0,0.0,11.0,19.0,22.0,0.0,rajdavies@apache.org,0,0.0,0.0,0.0,0.0,0.0,0.0,0.0,0,0,0.0,true
activemq-core/src/main/java/org/apache/activemq/broker/region/group/MessageGroupHashBucketFactory.java,20.0,0.0,0.0,3.0,0.0,7.0,0.0,chirino@apache.org,0,0.0,0.0,0.0,0.0,0.0,0.0,0.0,0,1,0.0,false
activemq-core/src/main/java/org/apache/activemq/broker/region/group/SimpleMessageGroupMapFactory.java,10.0,0.0,0.0,1.0,0.0,2.0,0.0,chirino@apache.org,0,0.0,0.0,0.0,0.0,0.0,0.0,0.0,0,1,0.0,false
activemq-core/src/main/java/org/apache/activemq/broker/region/policy/PolicyEntry.java,190.0,13.0,249.0,26.0,36.0,45.0,0.0,rajdavies@apache.org,0,0.0,0.0,0.0,0.0,0.0,0.0,0.0,0,6,0.0,true
activemq-core/src/main/java/org/apache/activemq/broker/region/virtual/CompositeDestinationInterceptor.java,47.0,8.0,0.0,2.0,9.0,7.0,0.0,chirino@apache.org,0,0.0,0.0,0.0,0.0,0.0,0.0,0.0,0,0,0.0,false
activemq-core/src/main/java/org/apache/activemq/broker/region/virtual/VirtualDestinationInterceptor.java,49.0,10.0,4.0,5.0,20.0,16.0,0.0,chirino@apache.org,0,0.0,0.0,0.0,0.0,0.0,0.0,0.0,0,1,0.0,true
activemq-core/src/main/java/org/apache/activemq/broker/region/virtual/VirtualTopicInterceptor.java,20.0,6.0,1.0,3.0,4.0,5.0,0.0,chirino@apache.org,0,0.0,0.0,0.0,0.0,0.0,0.0,0.0,0,0,0.0,true
activemq-core/src/main/java/org/apache/activemq/broker/util/LoggingBrokerPlugin.java,40.0,8.0,14.0,8.0,4.0,15.0,0.0,gtully@apache.org,0,0.0,0.0,0.0,0.0,0.0,0.0,0.0,0,0,0.0,true
activemq-core/src/main/java/org/apache/activemq/broker/util/TimeStampingBrokerPlugin.java,13.0,4.0,0.0,1.0,4.0,4.0,0.0,chirino@apache.org,0,0.0,0.0,0.0,0.0,0.0,0.0,0.0,0,1,0.0,true
activemq-core/src/main/java/org/apache/activemq/broker/util/UDPTraceBrokerPlugin.java,204.0,40.0,799.0,42.0,57.0,88.0,0.0,chirino@apache.org,0,0.0,0.0,0.0,0.0,0.0,0.0,0.0,0,2,0.0,true
activemq-core/src/main/java/org/apache/activemq/broker/view/ConnectionDotFileInterceptor.java,239.0,24.0,75.0,15.0,86.0,46.0,0.0,chirino@apache.org,0,0.0,0.0,0.0,0.0,0.0,0.0,0.0,0,0,0.0,false
activemq-core/src/main/java/org/apache/activemq/command/ActiveMQBlobMessage.java,114.0,8.0,129.0,18.0,15.0,41.0,0.0,chirino@apache.org,0,0.0,0.0,0.0,0.0,0.0,0.0,0.0,0,1,0.0,true
activemq-core/src/main/java/org/apache/activemq/command/ActiveMQBytesMessage.java,624.0,9.0,247.0,42.0,130.0,167.0,0.0,chirino@apache.org,0,0.0,0.0,0.0,0.0,0.0,0.0,0.0,0,2,0.0,true
activemq-core/src/main/java/org/apache/activemq/command/ActiveMQDestination.java,260.0,19.0,395.0,31.0,54.0,85.0,6.0,chirino@apache.org,1,0.008333333333333333,4.0,4.0,4.0,0.0,729.2972972972973,9017.892171203368,1,5,0.5428649775106075,true
activemq-core/src/main/java/org/apache/activemq/command/ActiveMQMapMessage.java,535.0,22.0,323.0,38.0,120.0,136.0,0.0,chirino@apache.org,0,0.0,0.0,0.0,0.0,0.0,0.0,0.0,0,4,0.0,true
activemq-core/src/main/java/org/apache/activemq/command/ActiveMQMessage.java,497.0,19.0,2763.0,75.0,170.0,203.0,2.0,null,1,0.008333333333333333,3.0,0.0,3.0,0.0,202.6896551724138,1473.6602172543285,1,7,2.001480000210124,true
activemq-core/src/main/java/org/apache/activemq/command/ActiveMQObjectMessage.java,121.0,17.0,15.0,10.0,24.0,28.0,0.0,chirino@apache.org,0,0.0,0.0,0.0,0.0,0.0,0.0,0.0,0,4,0.0,true
activemq-core/src/main/java/org/apache/activemq/command/ActiveMQStreamMessage.java,909.0,21.0,95.0,35.0,200.0,149.0,0.0,chirino@apache.org,0,0.0,0.0,0.0,0.0,0.0,0.0,0.0,0,3,0.0,true
activemq-core/src/main/java/org/apache/activemq/command/ActiveMQTextMessage.java,82.0,17.0,6.0,9.0,18.0,27.0,0.0,chirino@apache.org,0,0.0,0.0,0.0,0.0,0.0,0.0,0.0,0,2,0.0,true
activemq-core/src/main/java/org/apache/activemq/command/BrokerInfo.java,158.0,1.0,329.0,27.0,1.0,43.0,0.0,chirino@apache.org,0,0.0,0.0,0.0,0.0,0.0,0.0,0.0,0,2,0.0,true
activemq-core/src/main/java/org/apache/activemq/command/CommandTypes.java,74.0,0.0,0.0,0.0,0.0,0.0,0.0,chirino@apache.org,0,0.0,0.0,0.0,0.0,0.0,0.0,0.0,0,5,0.0,true
activemq-core/src/main/java/org/apache/activemq/command/ConnectionControl.java,84.0,1.0,56.0,12.0,1.0,20.0,0.0,chirino@apache.org,0,0.0,0.0,0.0,0.0,0.0,0.0,0.0,0,0,0.0,false
activemq-core/src/main/java/org/apache/activemq/command/ConnectionError.java,33.0,1.0,11.0,6.0,1.0,11.0,0.0,chirino@apache.org,0,0.0,0.0,0.0,0.0,0.0,0.0,0.0,0,2,0.0,false
activemq-core/src/main/java/org/apache/activemq/command/ConsumerControl.java,98.0,1.0,79.0,14.0,1.0,23.0,0.0,chirino@apache.org,0,0.0,0.0,0.0,0.0,0.0,0.0,0.0,0,0,0.0,false
activemq-core/src/main/java/org/apache/activemq/command/ControlCommand.java,24.0,1.0,4.0,4.0,1.0,8.0,0.0,chirino@apache.org,0,0.0,0.0,0.0,0.0,0.0,0.0,0.0,0,1,0.0,true
activemq-core/src/main/java/org/apache/activemq/command/MarshallAware.java,6.0,2.0,6.0,4.0,0.0,10.0,0.0,chirino@apache.org,0,0.0,0.0,0.0,0.0,0.0,0.0,0.0,0,1,0.0,true
activemq-core/src/main/java/org/apache/activemq/command/Message.java,466.0,14.0,3323.0,86.0,25.0,161.0,3.0,null,1,0.008333333333333333,2.0,2.0,2.0,0.0,117.0,315.8942419364064,1,6,1.8191584434161694,true
activemq-core/src/main/java/org/apache/activemq/command/MessageDispatch.java,77.0,1.0,122.0,17.0,1.0,28.0,0.0,chirino@apache.org,0,0.0,0.0,0.0,0.0,0.0,0.0,0.0,0,2,0.0,true
activemq-core/src/main/java/org/apache/activemq/command/MessagePull.java,73.0,1.0,68.0,13.0,5.0,24.0,0.0,chirino@apache.org,0,0.0,0.0,0.0,0.0,0.0,0.0,0.0,0,2,0.0,false
activemq-core/src/main/java/org/apache/activemq/command/ProducerAck.java,47.0,1.0,14.0,9.0,1.0,15.0,0.0,chirino@apache.org,0,0.0,0.0,0.0,0.0,0.0,0.0,0.0,0,0,0.0,false
activemq-core/src/main/java/org/apache/activemq/command/ProducerInfo.java,89.0,1.0,121.0,18.0,6.0,30.0,0.0,chirino@apache.org,0,0.0,0.0,0.0,0.0,0.0,0.0,0.0,0,1,0.0,true
activemq-core/src/main/java/org/apache/activemq/kaha/ContainerId.java,61.0,4.0,0.0,11.0,7.0,20.0,0.0,chirino@apache.org,0,0.0,0.0,0.0,0.0,0.0,0.0,0.0,0,1,0.0,true
activemq-core/src/main/java/org/apache/activemq/kaha/Store.java,194.0,2.0,351.0,27.0,0.0,84.0,0.0,rajdavies@apache.org,0,0.0,0.0,0.0,0.0,0.0,0.0,0.0,0,3,0.0,true
activemq-core/src/main/java/org/apache/activemq/kaha/impl/IndexRootContainer.java,87.0,15.0,0.0,6.0,40.0,19.0,0.0,chirino@apache.org,0,0.0,0.0,0.0,0.0,0.0,0.0,0.0,0,4,0.0,true
activemq-core/src/main/java/org/apache/activemq/kaha/impl/KahaStore.java,454.0,27.0,736.0,45.0,172.0,133.0,0.0,rajdavies@apache.org,0,0.0,0.0,0.0,0.0,0.0,0.0,0.0,0,9,0.0,true
activemq-core/src/main/java/org/apache/activemq/kaha/impl/async/AsyncDataManager.java,415.0,23.0,396.0,37.0,130.0,111.0,0.0,rajdavies@apache.org,0,0.0,0.0,0.0,0.0,0.0,0.0,0.0,0,5,0.0,true
activemq-core/src/main/java/org/apache/activemq/kaha/impl/container/BaseContainerImpl.java,158.0,16.0,164.0,24.0,39.0,50.0,0.0,rajdavies@apache.org,0,0.0,0.0,0.0,0.0,0.0,0.0,0.0,0,3,0.0,true
activemq-core/src/main/java/org/apache/activemq/kaha/impl/container/ContainerKeySet.java,84.0,7.0,78.0,13.0,31.0,34.0,0.0,chirino@apache.org,0,0.0,0.0,0.0,0.0,0.0,0.0,0.0,0,0,0.0,false
activemq-core/src/main/java/org/apache/activemq/kaha/impl/container/ListContainerImpl.java,617.0,20.0,1502.0,56.0,245.0,170.0,0.0,rajdavies@apache.org,0,0.0,0.0,0.0,0.0,0.0,0.0,0.0,0,3,0.0,true
activemq-core/src/main/java/org/apache/activemq/kaha/impl/container/MapContainerImpl.java,389.0,23.0,282.0,32.0,126.0,107.0,0.0,rajdavies@apache.org,0,0.0,0.0,0.0,0.0,0.0,0.0,0.0,0,4,0.0,true
activemq-core/src/main/java/org/apache/activemq/kaha/impl/data/DataFile.java,80.0,4.0,68.0,16.0,7.0,33.0,0.0,chirino@apache.org,0,0.0,0.0,0.0,0.0,0.0,0.0,0.0,0,2,0.0,true
activemq-core/src/main/java/org/apache/activemq/kaha/impl/data/DataManagerImpl.java,244.0,15.0,311.0,31.0,92.0,89.0,0.0,rajdavies@apache.org,0,0.0,0.0,0.0,0.0,0.0,0.0,0.0,0,2,0.0,true
activemq-core/src/main/java/org/apache/activemq/kaha/impl/data/SyncDataFileWriter.java,59.0,4.0,4.0,5.0,36.0,13.0,0.0,chirino@apache.org,0,0.0,0.0,0.0,0.0,0.0,0.0,0.0,0,4,0.0,true
activemq-core/src/main/java/org/apache/activemq/kaha/impl/index/DiskIndexLinkedList.java,261.0,2.0,0.0,23.0,28.0,80.0,0.0,rajdavies@apache.org,0,0.0,0.0,0.0,0.0,0.0,0.0,0.0,0,2,0.0,true
activemq-core/src/main/java/org/apache/activemq/kaha/impl/index/IndexManager.java,148.0,10.0,55.0,18.0,32.0,56.0,0.0,rajdavies@apache.org,0,0.0,0.0,0.0,0.0,0.0,0.0,0.0,0,6,0.0,true
activemq-core/src/main/java/org/apache/activemq/kaha/impl/index/VMIndex.java,88.0,8.0,11.0,10.0,10.0,22.0,0.0,rajdavies@apache.org,0,0.0,0.0,0.0,0.0,0.0,0.0,0.0,0,1,0.0,true
activemq-core/src/main/java/org/apache/activemq/memory/UsageManager.java,299.0,7.0,105.0,35.0,43.0,83.0,0.0,chirino@apache.org,0,0.0,0.0,0.0,0.0,0.0,0.0,0.0,0,6,0.0,true
activemq-core/src/main/java/org/apache/activemq/network/CompositeDemandForwardingBridge.java,66.0,9.0,21.0,7.0,19.0,20.0,0.0,chirino@apache.org,0,0.0,0.0,0.0,0.0,0.0,0.0,0.0,0,3,0.0,false
activemq-core/src/main/java/org/apache/activemq/network/ConduitBridge.java,50.0,10.0,6.0,4.0,25.0,13.0,0.0,null,0,0.0,0.0,0.0,0.0,0.0,0.0,0.0,0,3,0.0,true
activemq-core/src/main/java/org/apache/activemq/network/DemandForwardingBridge.java,50.0,8.0,13.0,6.0,16.0,13.0,0.0,chirino@apache.org,0,0.0,0.0,0.0,0.0,0.0,0.0,0.0,0,14,0.0,true
activemq-core/src/main/java/org/apache/activemq/network/DemandForwardingBridgeSupport.java,646.0,47.0,1257.0,58.0,252.0,147.0,20.0,null,1,0.008333333333333333,1.0,0.0,1.0,0.0,202.6896551724138,1473.6602172543285,1,11,2.001480000210124,true
activemq-core/src/main/java/org/apache/activemq/network/DiscoveryNetworkConnector.java,140.0,13.0,6.0,12.0,41.0,34.0,20.0,chirino@apache.org,1,0.008333333333333333,2.0,0.0,2.0,0.0,202.6896551724138,1473.6602172543285,1,3,2.001480000210124,true
activemq-core/src/main/java/org/apache/activemq/network/DurableConduitBridge.java,67.0,9.0,10.0,5.0,32.0,17.0,20.0,chirino@apache.org,1,0.008333333333333333,5.0,0.0,5.0,0.0,202.6896551724138,1473.6602172543285,1,6,2.001480000210124,true
activemq-core/src/main/java/org/apache/activemq/network/ForwardingBridge.java,241.0,27.0,194.0,25.0,76.0,47.0,0.0,chirino@apache.org,0,0.0,0.0,0.0,0.0,0.0,0.0,0.0,0,5,0.0,true
activemq-core/src/main/java/org/apache/activemq/network/MulticastNetworkConnector.java,96.0,4.0,39.0,14.0,8.0,25.0,20.0,chirino@apache.org,1,0.008333333333333333,8.0,0.0,8.0,0.0,202.6896551724138,1473.6602172543285,1,1,2.001480000210124,true
activemq-core/src/main/java/org/apache/activemq/network/NetworkBridge.java,21.0,1.0,3.0,3.0,0.0,3.0,0.0,chirino@apache.org,0,0.0,0.0,0.0,0.0,0.0,0.0,0.0,0,0,0.0,false
activemq-core/src/main/java/org/apache/activemq/network/NetworkBridgeConfiguration.java,175.0,0.0,299.0,26.0,0.0,39.0,10.0,null,1,0.008333333333333333,10.0,5.0,5.0,0.0,202.6896551724138,1473.6602172543285,1,0,2.001480000210124,true
activemq-core/src/main/java/org/apache/activemq/network/NetworkBridgeFactory.java,42.0,1.0,1.0,2.0,4.0,6.0,0.0,chirino@apache.org,0,0.0,0.0,0.0,0.0,0.0,0.0,0.0,0,0,0.0,true
activemq-core/src/main/java/org/apache/activemq/network/NetworkBridgeFailedListener.java,10.0,0.0,0.0,1.0,0.0,1.0,0.0,rajdavies@apache.org,0,0.0,0.0,0.0,0.0,0.0,0.0,0.0,0,0,0.0,false
activemq-core/src/main/java/org/apache/activemq/network/NetworkConnector.java,131.0,13.0,275.0,26.0,21.0,44.0,10.0,chirino@apache.org,2,0.016666666666666666,5.0,0.0,5.0,0.0,931.9869524697111,10491.552388457696,2,6,0.5790253083004203,true
activemq-core/src/main/java/org/apache/activemq/openwire/OpenWireFormat.java,428.0,16.0,463.0,39.0,100.0,113.0,0.0,chirino@apache.org,0,0.0,0.0,0.0,0.0,0.0,0.0,0.0,0,6,0.0,true
activemq-core/src/main/java/org/apache/activemq/openwire/v3/ActiveMQBlobMessageMarshaller.java,79.0,5.0,21.0,7.0,24.0,16.0,0.0,chirino@apache.org,0,0.0,0.0,0.0,0.0,0.0,0.0,0.0,0,0,0.0,false
activemq-core/src/main/java/org/apache/activemq/openwire/v3/ActiveMQBytesMessageMarshaller.java,59.0,5.0,21.0,7.0,0.0,16.0,0.0,chirino@apache.org,0,0.0,0.0,0.0,0.0,0.0,0.0,0.0,0,0,0.0,false
activemq-core/src/main/java/org/apache/activemq/openwire/v3/ActiveMQDestinationMarshaller.java,56.0,5.0,10.0,5.0,10.0,12.0,0.0,chirino@apache.org,0,0.0,0.0,0.0,0.0,0.0,0.0,0.0,0,0,0.0,false
activemq-core/src/main/java/org/apache/activemq/openwire/v3/ActiveMQMapMessageMarshaller.java,59.0,5.0,21.0,7.0,0.0,16.0,0.0,chirino@apache.org,0,0.0,0.0,0.0,0.0,0.0,0.0,0.0,0,0,0.0,false
activemq-core/src/main/java/org/apache/activemq/openwire/v3/ActiveMQMessageMarshaller.java,59.0,5.0,21.0,7.0,0.0,16.0,0.0,chirino@apache.org,0,0.0,0.0,0.0,0.0,0.0,0.0,0.0,0,0,0.0,false
activemq-core/src/main/java/org/apache/activemq/openwire/v3/ActiveMQObjectMessageMarshaller.java,59.0,5.0,21.0,7.0,0.0,16.0,0.0,chirino@apache.org,0,0.0,0.0,0.0,0.0,0.0,0.0,0.0,0,0,0.0,false
activemq-core/src/main/java/org/apache/activemq/openwire/v3/ActiveMQQueueMarshaller.java,59.0,5.0,21.0,7.0,0.0,16.0,0.0,chirino@apache.org,0,0.0,0.0,0.0,0.0,0.0,0.0,0.0,0,0,0.0,false
activemq-core/src/main/java/org/apache/activemq/openwire/v3/ActiveMQStreamMessageMarshaller.java,59.0,5.0,21.0,7.0,0.0,16.0,0.0,chirino@apache.org,0,0.0,0.0,0.0,0.0,0.0,0.0,0.0,0,0,0.0,false
activemq-core/src/main/java/org/apache/activemq/openwire/v3/ActiveMQTempDestinationMarshaller.java,46.0,5.0,10.0,5.0,0.0,12.0,0.0,chirino@apache.org,0,0.0,0.0,0.0,0.0,0.0,0.0,0.0,0,0,0.0,false
activemq-core/src/main/java/org/apache/activemq/openwire/v3/ActiveMQTempQueueMarshaller.java,59.0,5.0,21.0,7.0,0.0,16.0,0.0,chirino@apache.org,0,0.0,0.0,0.0,0.0,0.0,0.0,0.0,0,0,0.0,false
activemq-core/src/main/java/org/apache/activemq/openwire/v3/ActiveMQTempTopicMarshaller.java,59.0,5.0,21.0,7.0,0.0,16.0,0.0,chirino@apache.org,0,0.0,0.0,0.0,0.0,0.0,0.0,0.0,0,0,0.0,false
activemq-core/src/main/java/org/apache/activemq/openwire/v3/ActiveMQTextMessageMarshaller.java,59.0,5.0,21.0,7.0,0.0,16.0,0.0,chirino@apache.org,0,0.0,0.0,0.0,0.0,0.0,0.0,0.0,0,0,0.0,false
activemq-core/src/main/java/org/apache/activemq/openwire/v3/ActiveMQTopicMarshaller.java,59.0,5.0,21.0,7.0,0.0,16.0,0.0,chirino@apache.org,0,0.0,0.0,0.0,0.0,0.0,0.0,0.0,0,0,0.0,false
activemq-core/src/main/java/org/apache/activemq/openwire/v3/BaseCommandMarshaller.java,60.0,5.0,10.0,5.0,17.0,12.0,0.0,chirino@apache.org,0,0.0,0.0,0.0,0.0,0.0,0.0,0.0,0,0,0.0,false
activemq-core/src/main/java/org/apache/activemq/openwire/v3/BrokerIdMarshaller.java,69.0,5.0,21.0,7.0,10.0,16.0,0.0,chirino@apache.org,0,0.0,0.0,0.0,0.0,0.0,0.0,0.0,0,0,0.0,false
activemq-core/src/main/java/org/apache/activemq/openwire/v3/BrokerInfoMarshaller.java,144.0,5.0,21.0,7.0,82.0,22.0,0.0,chirino@apache.org,0,0.0,0.0,0.0,0.0,0.0,0.0,0.0,0,1,0.0,false
activemq-core/src/main/java/org/apache/activemq/openwire/v3/ConnectionControlMarshaller.java,89.0,5.0,21.0,7.0,25.0,16.0,0.0,chirino@apache.org,0,0.0,0.0,0.0,0.0,0.0,0.0,0.0,0,0,0.0,false
activemq-core/src/main/java/org/apache/activemq/openwire/v3/ConnectionErrorMarshaller.java,74.0,5.0,21.0,7.0,20.0,16.0,0.0,chirino@apache.org,0,0.0,0.0,0.0,0.0,0.0,0.0,0.0,0,0,0.0,false
activemq-core/src/main/java/org/apache/activemq/openwire/v3/ConnectionIdMarshaller.java,69.0,5.0,21.0,7.0,10.0,16.0,0.0,chirino@apache.org,0,0.0,0.0,0.0,0.0,0.0,0.0,0.0,0,0,0.0,false
activemq-core/src/main/java/org/apache/activemq/openwire/v3/ConnectionInfoMarshaller.java,124.0,5.0,21.0,7.0,59.0,22.0,0.0,chirino@apache.org,0,0.0,0.0,0.0,0.0,0.0,0.0,0.0,0,0,0.0,false
activemq-core/src/main/java/org/apache/activemq/openwire/v3/ConsumerControlMarshaller.java,93.0,5.0,21.0,7.0,39.0,16.0,0.0,chirino@apache.org,0,0.0,0.0,0.0,0.0,0.0,0.0,0.0,0,0,0.0,false
activemq-core/src/main/java/org/apache/activemq/openwire/v3/ConsumerIdMarshaller.java,79.0,5.0,21.0,7.0,25.0,16.0,0.0,chirino@apache.org,0,0.0,0.0,0.0,0.0,0.0,0.0,0.0,0,0,0.0,false
activemq-core/src/main/java/org/apache/activemq/openwire/v3/ConsumerInfoMarshaller.java,166.0,5.0,21.0,7.0,107.0,22.0,0.0,chirino@apache.org,0,0.0,0.0,0.0,0.0,0.0,0.0,0.0,0,0,0.0,false
activemq-core/src/main/java/org/apache/activemq/openwire/v3/ControlCommandMarshaller.java,69.0,5.0,21.0,7.0,10.0,16.0,0.0,chirino@apache.org,0,0.0,0.0,0.0,0.0,0.0,0.0,0.0,0,0,0.0,false
activemq-core/src/main/java/org/apache/activemq/openwire/v3/DataArrayResponseMarshaller.java,89.0,5.0,21.0,7.0,14.0,22.0,0.0,chirino@apache.org,0,0.0,0.0,0.0,0.0,0.0,0.0,0.0,0,0,0.0,false
activemq-core/src/main/java/org/apache/activemq/openwire/v3/DataResponseMarshaller.java,69.0,5.0,21.0,7.0,10.0,16.0,0.0,chirino@apache.org,0,0.0,0.0,0.0,0.0,0.0,0.0,0.0,0,0,0.0,false
activemq-core/src/main/java/org/apache/activemq/openwire/v3/DestinationInfoMarshaller.java,108.0,5.0,21.0,7.0,47.0,22.0,0.0,chirino@apache.org,0,0.0,0.0,0.0,0.0,0.0,0.0,0.0,0,0,0.0,false
activemq-core/src/main/java/org/apache/activemq/openwire/v3/DiscoveryEventMarshaller.java,74.0,5.0,21.0,7.0,15.0,16.0,0.0,chirino@apache.org,0,0.0,0.0,0.0,0.0,0.0,0.0,0.0,0,0,0.0,false
activemq-core/src/main/java/org/apache/activemq/openwire/v3/ExceptionResponseMarshaller.java,69.0,5.0,21.0,7.0,10.0,16.0,0.0,chirino@apache.org,0,0.0,0.0,0.0,0.0,0.0,0.0,0.0,0,0,0.0,false
activemq-core/src/main/java/org/apache/activemq/openwire/v3/FlushCommandMarshaller.java,59.0,5.0,21.0,7.0,0.0,16.0,0.0,chirino@apache.org,0,0.0,0.0,0.0,0.0,0.0,0.0,0.0,0,0,0.0,false
activemq-core/src/main/java/org/apache/activemq/openwire/v3/IntegerResponseMarshaller.java,68.0,5.0,21.0,7.0,8.0,16.0,0.0,chirino@apache.org,0,0.0,0.0,0.0,0.0,0.0,0.0,0.0,0,0,0.0,false
activemq-core/src/main/java/org/apache/activemq/openwire/v3/JournalQueueAckMarshaller.java,74.0,5.0,21.0,7.0,15.0,16.0,0.0,chirino@apache.org,0,0.0,0.0,0.0,0.0,0.0,0.0,0.0,0,0,0.0,false
activemq-core/src/main/java/org/apache/activemq/openwire/v3/JournalTopicAckMarshaller.java,94.0,5.0,21.0,7.0,45.0,16.0,0.0,chirino@apache.org,0,0.0,0.0,0.0,0.0,0.0,0.0,0.0,0,0,0.0,false
activemq-core/src/main/java/org/apache/activemq/openwire/v3/JournalTraceMarshaller.java,69.0,5.0,21.0,7.0,10.0,16.0,0.0,chirino@apache.org,0,0.0,0.0,0.0,0.0,0.0,0.0,0.0,0,0,0.0,false
activemq-core/src/main/java/org/apache/activemq/openwire/v3/JournalTransactionMarshaller.java,78.0,5.0,21.0,7.0,27.0,16.0,0.0,chirino@apache.org,0,0.0,0.0,0.0,0.0,0.0,0.0,0.0,0,0,0.0,false
activemq-core/src/main/java/org/apache/activemq/openwire/v3/KeepAliveInfoMarshaller.java,59.0,5.0,21.0,7.0,0.0,16.0,0.0,chirino@apache.org,0,0.0,0.0,0.0,0.0,0.0,0.0,0.0,0,0,0.0,false
activemq-core/src/main/java/org/apache/activemq/openwire/v3/LastPartialCommandMarshaller.java,59.0,5.0,21.0,7.0,0.0,16.0,0.0,chirino@apache.org,0,0.0,0.0,0.0,0.0,0.0,0.0,0.0,0,0,0.0,false
activemq-core/src/main/java/org/apache/activemq/openwire/v3/LocalTransactionIdMarshaller.java,74.0,5.0,21.0,7.0,20.0,16.0,0.0,chirino@apache.org,0,0.0,0.0,0.0,0.0,0.0,0.0,0.0,0,0,0.0,false
activemq-core/src/main/java/org/apache/activemq/openwire/v3/MarshallerFactory.java,74.0,2.0,1.0,2.0,1.0,3.0,0.0,chirino@apache.org,0,0.0,0.0,0.0,0.0,0.0,0.0,0.0,0,0,0.0,false
activemq-core/src/main/java/org/apache/activemq/openwire/v3/MessageAckMarshaller.java,97.0,5.0,21.0,7.0,51.0,16.0,0.0,chirino@apache.org,0,0.0,0.0,0.0,0.0,0.0,0.0,0.0,0,0,0.0,false
activemq-core/src/main/java/org/apache/activemq/openwire/v3/MessageDispatchMarshaller.java,83.0,5.0,21.0,7.0,33.0,16.0,0.0,chirino@apache.org,0,0.0,0.0,0.0,0.0,0.0,0.0,0.0,0,0,0.0,false
activemq-core/src/main/java/org/apache/activemq/openwire/v3/MessageDispatchNotificationMarshaller.java,84.0,5.0,21.0,7.0,35.0,22.0,0.0,chirino@apache.org,0,0.0,0.0,0.0,0.0,0.0,0.0,0.0,0,0,0.0,false
activemq-core/src/main/java/org/apache/activemq/openwire/v3/MessageIdMarshaller.java,79.0,5.0,21.0,7.0,25.0,16.0,0.0,chirino@apache.org,0,0.0,0.0,0.0,0.0,0.0,0.0,0.0,0,0,0.0,false
activemq-core/src/main/java/org/apache/activemq/openwire/v3/MessageMarshaller.java,205.0,5.0,10.0,5.0,173.0,20.0,3.0,chirino@apache.org,1,0.008333333333333333,12.0,12.0,12.0,0.0,117.0,315.8942419364064,1,0,1.8191584434161694,false
activemq-core/src/main/java/org/apache/activemq/openwire/v3/MessagePullMarshaller.java,89.0,5.0,21.0,7.0,45.0,16.0,0.0,chirino@apache.org,0,0.0,0.0,0.0,0.0,0.0,0.0,0.0,0,0,0.0,false
activemq-core/src/main/java/org/apache/activemq/openwire/v3/NetworkBridgeFilterMarshaller.java,73.0,5.0,21.0,7.0,18.0,16.0,0.0,chirino@apache.org,0,0.0,0.0,0.0,0.0,0.0,0.0,0.0,0,0,0.0,false
activemq-core/src/main/java/org/apache/activemq/openwire/v3/PartialCommandMarshaller.java,73.0,5.0,21.0,7.0,18.0,16.0,0.0,chirino@apache.org,0,0.0,0.0,0.0,0.0,0.0,0.0,0.0,0,0,0.0,false
activemq-core/src/main/java/org/apache/activemq/openwire/v3/ProducerAckMarshaller.java,73.0,5.0,21.0,7.0,18.0,16.0,0.0,chirino@apache.org,0,0.0,0.0,0.0,0.0,0.0,0.0,0.0,0,0,0.0,false
activemq-core/src/main/java/org/apache/activemq/openwire/v3/ProducerIdMarshaller.java,79.0,5.0,21.0,7.0,25.0,16.0,0.0,chirino@apache.org,0,0.0,0.0,0.0,0.0,0.0,0.0,0.0,0,0,0.0,false
activemq-core/src/main/java/org/apache/activemq/openwire/v3/ProducerInfoMarshaller.java,108.0,5.0,21.0,7.0,44.0,22.0,0.0,chirino@apache.org,0,0.0,0.0,0.0,0.0,0.0,0.0,0.0,0,0,0.0,false
activemq-core/src/main/java/org/apache/activemq/openwire/v3/RemoveInfoMarshaller.java,69.0,5.0,21.0,7.0,10.0,16.0,0.0,chirino@apache.org,0,0.0,0.0,0.0,0.0,0.0,0.0,0.0,0,0,0.0,false
activemq-core/src/main/java/org/apache/activemq/openwire/v3/RemoveSubscriptionInfoMarshaller.java,79.0,5.0,21.0,7.0,25.0,16.0,0.0,chirino@apache.org,0,0.0,0.0,0.0,0.0,0.0,0.0,0.0,0,0,0.0,false
activemq-core/src/main/java/org/apache/activemq/openwire/v3/ReplayCommandMarshaller.java,72.0,5.0,21.0,7.0,12.0,16.0,0.0,chirino@apache.org,0,0.0,0.0,0.0,0.0,0.0,0.0,0.0,0,0,0.0,false
activemq-core/src/main/java/org/apache/activemq/openwire/v3/ResponseMarshaller.java,68.0,5.0,21.0,7.0,8.0,16.0,0.0,chirino@apache.org,0,0.0,0.0,0.0,0.0,0.0,0.0,0.0,0,0,0.0,false
activemq-core/src/main/java/org/apache/activemq/openwire/v3/SessionIdMarshaller.java,74.0,5.0,21.0,7.0,20.0,16.0,0.0,chirino@apache.org,0,0.0,0.0,0.0,0.0,0.0,0.0,0.0,0,0,0.0,false
activemq-core/src/main/java/org/apache/activemq/openwire/v3/SessionInfoMarshaller.java,69.0,5.0,21.0,7.0,10.0,16.0,0.0,chirino@apache.org,0,0.0,0.0,0.0,0.0,0.0,0.0,0.0,0,0,0.0,false
activemq-core/src/main/java/org/apache/activemq/openwire/v3/ShutdownInfoMarshaller.java,59.0,5.0,21.0,7.0,0.0,16.0,0.0,chirino@apache.org,0,0.0,0.0,0.0,0.0,0.0,0.0,0.0,0,0,0.0,false
activemq-core/src/main/java/org/apache/activemq/openwire/v3/SubscriptionInfoMarshaller.java,84.0,5.0,21.0,7.0,30.0,16.0,0.0,chirino@apache.org,0,0.0,0.0,0.0,0.0,0.0,0.0,0.0,0,0,0.0,true
activemq-core/src/main/java/org/apache/activemq/openwire/v3/TransactionIdMarshaller.java,46.0,5.0,10.0,5.0,0.0,12.0,0.0,chirino@apache.org,0,0.0,0.0,0.0,0.0,0.0,0.0,0.0,0,0,0.0,false
activemq-core/src/main/java/org/apache/activemq/openwire/v3/TransactionInfoMarshaller.java,78.0,5.0,21.0,7.0,23.0,16.0,0.0,chirino@apache.org,0,0.0,0.0,0.0,0.0,0.0,0.0,0.0,0,0,0.0,false
activemq-core/src/main/java/org/apache/activemq/openwire/v3/WireFormatInfoMarshaller.java,85.0,5.0,21.0,7.0,35.0,20.0,0.0,chirino@apache.org,0,0.0,0.0,0.0,0.0,0.0,0.0,0.0,0,0,0.0,false
activemq-core/src/main/java/org/apache/activemq/openwire/v3/XATransactionIdMarshaller.java,78.0,5.0,21.0,7.0,23.0,20.0,0.0,chirino@apache.org,0,0.0,0.0,0.0,0.0,0.0,0.0,0.0,0,0,0.0,false
activemq-core/src/main/java/org/apache/activemq/pool/ConnectionPool.java,166.0,15.0,68.0,16.0,28.0,34.0,0.0,chirino@apache.org,0,0.0,0.0,0.0,0.0,0.0,0.0,0.0,0,2,0.0,true
activemq-core/src/main/java/org/apache/activemq/security/AuthenticationUser.java,33.0,0.0,3.0,7.0,0.0,10.0,0.0,jlim@apache.org,0,0.0,0.0,0.0,0.0,0.0,0.0,0.0,0,0,0.0,false
activemq-core/src/main/java/org/apache/activemq/security/AuthorizationBroker.java,109.0,17.0,90.0,16.0,46.0,38.0,0.0,chirino@apache.org,0,0.0,0.0,0.0,0.0,0.0,0.0,0.0,0,3,0.0,true
activemq-core/src/main/java/org/apache/activemq/security/TempDestinationAuthorizationEntry.java,9.0,6.0,0.0,1.0,0.0,2.0,0.0,chirino@apache.org,0,0.0,0.0,0.0,0.0,0.0,0.0,0.0,0,0,0.0,false
activemq-core/src/main/java/org/apache/activemq/spring/ActiveMQConnectionFactory.java,26.0,2.0,6.0,5.0,4.0,10.0,2.0,chirino@apache.org,0,0.0,0.0,0.0,0.0,0.0,0.0,0.0,0,2,0.0,false
activemq-core/src/main/java/org/apache/activemq/spring/ActiveMQXAConnectionFactory.java,26.0,2.0,6.0,5.0,4.0,10.0,0.0,chirino@apache.org,0,0.0,0.0,0.0,0.0,0.0,0.0,0.0,0,2,0.0,false
activemq-core/src/main/java/org/apache/activemq/state/CommandVisitor.java,36.0,27.0,561.0,34.0,0.0,69.0,0.0,chirino@apache.org,0,0.0,0.0,0.0,0.0,0.0,0.0,0.0,0,2,0.0,true
activemq-core/src/main/java/org/apache/activemq/state/CommandVisitorAdapter.java,104.0,27.0,561.0,34.0,0.0,103.0,0.0,chirino@apache.org,0,0.0,0.0,0.0,0.0,0.0,0.0,0.0,0,0,0.0,false
activemq-core/src/main/java/org/apache/activemq/state/ConnectionStateTracker.java,380.0,19.0,177.0,35.0,121.0,112.0,0.0,null,0,0.0,0.0,0.0,0.0,0.0,0.0,0.0,0,4,0.0,true
activemq-core/src/main/java/org/apache/activemq/state/SessionState.java,53.0,9.0,43.0,15.0,17.0,27.0,0.0,chirino@apache.org,0,0.0,0.0,0.0,0.0,0.0,0.0,0.0,0,2,0.0,true
activemq-core/src/main/java/org/apache/activemq/store/MessageStore.java,58.0,8.0,45.0,10.0,0.0,23.0,1.0,chirino@apache.org,1,0.008333333333333333,4.0,0.0,4.0,0.0,729.2972972972973,9017.892171203368,1,4,0.5428649775106075,true
activemq-core/src/main/java/org/apache/activemq/store/PersistenceAdapter.java,81.0,9.0,78.0,13.0,0.0,29.0,0.0,chirino@apache.org,0,0.0,0.0,0.0,0.0,0.0,0.0,0.0,0,2,0.0,true
activemq-core/src/main/java/org/apache/activemq/store/PersistenceAdapterFactoryBean.java,20.0,2.0,3.0,3.0,1.0,8.0,0.0,chirino@apache.org,0,0.0,0.0,0.0,0.0,0.0,0.0,0.0,0,0,0.0,true
activemq-core/src/main/java/org/apache/activemq/store/ReferenceStore.java,45.0,3.0,6.0,4.0,0.0,9.0,0.0,chirino@apache.org,0,0.0,0.0,0.0,0.0,0.0,0.0,0.0,0,2,0.0,false
activemq-core/src/main/java/org/apache/activemq/store/ReferenceStoreAdapter.java,20.0,4.0,6.0,4.0,0.0,9.0,0.0,rajdavies@apache.org,0,0.0,0.0,0.0,0.0,0.0,0.0,0.0,0,1,0.0,true
activemq-core/src/main/java/org/apache/activemq/store/TopicReferenceStore.java,79.0,5.0,36.0,9.0,0.0,29.0,0.0,chirino@apache.org,0,0.0,0.0,0.0,0.0,0.0,0.0,0.0,0,1,0.0,true
activemq-core/src/main/java/org/apache/activemq/store/amq/AMQMessageStore.java,392.0,31.0,85.0,31.0,138.0,108.0,0.0,rajdavies@apache.org,0,0.0,0.0,0.0,0.0,0.0,0.0,0.0,0,1,0.0,true
activemq-core/src/main/java/org/apache/activemq/store/amq/AMQPersistenceAdapter.java,552.0,49.0,1083.0,54.0,142.0,141.0,1.0,rajdavies@apache.org,1,0.008333333333333333,1.0,0.0,1.0,0.0,117.0,315.8942419364064,1,2,1.8191584434161694,true
activemq-core/src/main/java/org/apache/activemq/store/amq/AMQPersistenceAdapterFactory.java,90.0,6.0,37.0,11.0,9.0,19.0,0.0,rajdavies@apache.org,0,0.0,0.0,0.0,0.0,0.0,0.0,0.0,0,0,0.0,true
activemq-core/src/main/java/org/apache/activemq/store/amq/AMQTopicMessageStore.java,144.0,18.0,0.0,17.0,54.0,51.0,0.0,rajdavies@apache.org,0,0.0,0.0,0.0,0.0,0.0,0.0,0.0,0,1,0.0,true
activemq-core/src/main/java/org/apache/activemq/store/amq/RecoveryListenerAdapter.java,40.0,6.0,6.0,8.0,7.0,15.0,0.0,rajdavies@apache.org,0,0.0,0.0,0.0,0.0,0.0,0.0,0.0,0,1,0.0,true
activemq-core/src/main/java/org/apache/activemq/store/jdbc/DataSourceSupport.java,53.0,5.0,25.0,10.0,7.0,19.0,0.0,chirino@apache.org,0,0.0,0.0,0.0,0.0,0.0,0.0,0.0,0,2,0.0,true
activemq-core/src/main/java/org/apache/activemq/store/jdbc/JDBCPersistenceAdapter.java,385.0,28.0,1044.0,49.0,98.0,115.0,0.0,null,0,0.0,0.0,0.0,0.0,0.0,0.0,0.0,0,7,0.0,true
activemq-core/src/main/java/org/apache/activemq/store/jdbc/adapter/DB2JDBCAdapter.java,18.0,4.0,3.0,3.0,5.0,5.0,0.0,chirino@apache.org,0,0.0,0.0,0.0,0.0,0.0,0.0,0.0,0,1,0.0,false
activemq-core/src/main/java/org/apache/activemq/store/jdbc/adapter/OracleJDBCAdapter.java,18.0,4.0,1.0,2.0,4.0,5.0,1.0,chirino@apache.org,1,0.008333333333333333,7.0,0.0,7.0,0.0,729.2972972972973,9017.892171203368,1,1,0.5428649775106075,true
activemq-core/src/main/java/org/apache/activemq/store/jdbc/adapter/SybaseDBCAdapter.java,11.0,1.0,0.0,1.0,3.0,1.0,1.0,jstrachan@apache.org,1,0.008333333333333333,50.0,0.0,0.0,0.0,729.2972972972973,9017.892171203368,1,0,0.5428649775106075,false
activemq-core/src/main/java/org/apache/activemq/store/jdbc/adapter/TransactJDBCAdapter.java,15.0,1.0,0.0,1.0,3.0,2.0,0.0,gtully@apache.org,0,0.0,0.0,0.0,0.0,0.0,0.0,0.0,0,1,0.0,false
activemq-core/src/main/java/org/apache/activemq/store/journal/JournalPersistenceAdapter.java,495.0,51.0,800.0,48.0,132.0,136.0,0.0,chirino@apache.org,0,0.0,0.0,0.0,0.0,0.0,0.0,0.0,0,7,0.0,true
activemq-core/src/main/java/org/apache/activemq/store/journal/JournalPersistenceAdapterFactory.java,160.0,15.0,228.0,28.0,19.0,57.0,0.0,chirino@apache.org,0,0.0,0.0,0.0,0.0,0.0,0.0,0.0,0,0,0.0,true
activemq-core/src/main/java/org/apache/activemq/store/kahadaptor/ConsumerMessageRef.java,48.0,2.0,11.0,7.0,0.0,11.0,0.0,rajdavies@apache.org,0,0.0,0.0,0.0,0.0,0.0,0.0,0.0,0,1,0.0,false
activemq-core/src/main/java/org/apache/activemq/store/kahadaptor/ConsumerMessageRefMarshaller.java,41.0,6.0,1.0,2.0,15.0,5.0,0.0,rajdavies@apache.org,0,0.0,0.0,0.0,0.0,0.0,0.0,0.0,0,1,0.0,false
activemq-core/src/main/java/org/apache/activemq/store/kahadaptor/IntegerMarshaller.java,12.0,4.0,1.0,2.0,3.0,5.0,0.0,chirino@apache.org,0,0.0,0.0,0.0,0.0,0.0,0.0,0.0,0,1,0.0,false
activemq-core/src/main/java/org/apache/activemq/store/kahadaptor/KahaMessageStore.java,129.0,11.0,94.0,20.0,28.0,45.0,5.0,rajdavies@apache.org,1,0.008333333333333333,3.0,0.0,0.0,0.0,202.6896551724138,1473.6602172543285,1,7,2.001480000210124,true
activemq-core/src/main/java/org/apache/activemq/store/kahadaptor/KahaPersistenceAdapter.java,212.0,30.0,318.0,28.0,63.0,76.0,0.0,rajdavies@apache.org,0,0.0,0.0,0.0,0.0,0.0,0.0,0.0,0,5,0.0,true
activemq-core/src/main/java/org/apache/activemq/store/kahadaptor/KahaReferenceStore.java,127.0,12.0,198.0,25.0,42.0,51.0,5.0,rajdavies@apache.org,1,0.008333333333333333,3.0,0.0,0.0,0.0,202.6896551724138,1473.6602172543285,1,5,2.001480000210124,true
activemq-core/src/main/java/org/apache/activemq/store/kahadaptor/KahaReferenceStoreAdapter.java,113.0,21.0,34.0,12.0,38.0,36.0,0.0,rajdavies@apache.org,0,0.0,0.0,0.0,0.0,0.0,0.0,0.0,0,3,0.0,true
activemq-core/src/main/java/org/apache/activemq/store/kahadaptor/KahaTopicMessageStore.java,194.0,16.0,4.0,16.0,88.0,51.0,5.0,rajdavies@apache.org,1,0.008333333333333333,3.0,0.0,0.0,0.0,202.6896551724138,1473.6602172543285,1,7,2.001480000210124,true
activemq-core/src/main/java/org/apache/activemq/store/kahadaptor/KahaTopicReferenceStore.java,204.0,16.0,100.0,20.0,94.0,61.0,5.0,rajdavies@apache.org,1,0.008333333333333333,2.0,0.0,0.0,0.0,202.6896551724138,1473.6602172543285,1,6,2.001480000210124,true
activemq-core/src/main/java/org/apache/activemq/store/kahadaptor/ReferenceRecord.java,37.0,1.0,0.0,7.0,0.0,10.0,0.0,rajdavies@apache.org,0,0.0,0.0,0.0,0.0,0.0,0.0,0.0,0,1,0.0,false
activemq-core/src/main/java/org/apache/activemq/store/kahadaptor/ReferenceRecordMarshaller.java,24.0,5.0,1.0,2.0,16.0,5.0,0.0,rajdavies@apache.org,0,0.0,0.0,0.0,0.0,0.0,0.0,0.0,0,1,0.0,false
activemq-core/src/main/java/org/apache/activemq/store/kahadaptor/TopicSubContainer.java,73.0,4.0,0.0,14.0,17.0,28.0,5.0,rajdavies@apache.org,1,0.008333333333333333,5.0,0.0,0.0,0.0,202.6896551724138,1473.6602172543285,1,2,2.001480000210124,false
activemq-core/src/main/java/org/apache/activemq/store/memory/MemoryPersistenceAdapter.java,109.0,16.0,170.0,20.0,19.0,44.0,0.0,chirino@apache.org,0,0.0,0.0,0.0,0.0,0.0,0.0,0.0,0,2,0.0,true
activemq-core/src/main/java/org/apache/activemq/thread/DedicatedTaskRunner.java,83.0,0.0,1.0,6.0,15.0,16.0,0.0,chirino@apache.org,0,0.0,0.0,0.0,0.0,0.0,0.0,0.0,0,1,0.0,true
activemq-core/src/main/java/org/apache/activemq/thread/PooledTaskRunner.java,85.0,1.0,0.0,6.0,11.0,16.0,0.0,chirino@apache.org,0,0.0,0.0,0.0,0.0,0.0,0.0,0.0,0,1,0.0,true
activemq-core/src/main/java/org/apache/activemq/thread/Scheduler.java,31.0,5.0,0.0,4.0,6.0,6.0,1.0,chirino@apache.org,2,0.016666666666666666,8.0,0.0,0.0,0.0,846.2972972972973,9333.786413139775,2,1,0.4878645299034431,true
activemq-core/src/main/java/org/apache/activemq/thread/TaskRunner.java,9.0,0.0,3.0,3.0,0.0,6.0,0.0,chirino@apache.org,0,0.0,0.0,0.0,0.0,0.0,0.0,0.0,0,0,0.0,true
activemq-core/src/main/java/org/apache/activemq/transport/TransportServerThreadSupport.java,59.0,5.0,25.0,10.0,7.0,19.0,0.0,chirino@apache.org,0,0.0,0.0,0.0,0.0,0.0,0.0,0.0,0,1,0.0,true
activemq-core/src/main/java/org/apache/activemq/transport/TransportThreadSupport.java,32.0,0.0,0.0,5.0,3.0,8.0,0.0,chirino@apache.org,0,0.0,0.0,0.0,0.0,0.0,0.0,0.0,0,4,0.0,true
activemq-core/src/main/java/org/apache/activemq/transport/discovery/multicast/MulticastDiscoveryAgent.java,319.0,23.0,250.0,29.0,83.0,64.0,0.0,chirino@apache.org,0,0.0,0.0,0.0,0.0,0.0,0.0,0.0,0,3,0.0,true
activemq-core/src/main/java/org/apache/activemq/transport/discovery/multicast/MulticastDiscoveryAgentFactory.java,14.0,8.0,0.0,1.0,5.0,4.0,0.0,chirino@apache.org,0,0.0,0.0,0.0,0.0,0.0,0.0,0.0,0,0,0.0,true
activemq-core/src/main/java/org/apache/activemq/transport/discovery/simple/SimpleDiscoveryAgent.java,146.0,6.0,220.0,25.0,24.0,50.0,20.0,chirino@apache.org,1,0.008333333333333333,4.0,0.0,4.0,0.0,202.6896551724138,1473.6602172543285,1,0,2.001480000210124,true
activemq-core/src/main/java/org/apache/activemq/transport/nio/NIOInputStream.java,44.0,4.0,1.0,7.0,9.0,20.0,0.0,chirino@apache.org,0,0.0,0.0,0.0,0.0,0.0,0.0,0.0,0,0,0.0,false
activemq-core/src/main/java/org/apache/activemq/transport/nio/NIOOutputStream.java,125.0,6.0,4.0,9.0,16.0,28.0,0.0,chirino@apache.org,0,0.0,0.0,0.0,0.0,0.0,0.0,0.0,0,0,0.0,false
activemq-core/src/main/java/org/apache/activemq/transport/nio/NIOTransport.java,51.0,17.0,8.0,8.0,16.0,17.0,0.0,chirino@apache.org,0,0.0,0.0,0.0,0.0,0.0,0.0,0.0,0,0,0.0,true
activemq-core/src/main/java/org/apache/activemq/transport/nio/NIOTransportFactory.java,64.0,17.0,78.0,13.0,32.0,43.0,0.0,chirino@apache.org,0,0.0,0.0,0.0,0.0,0.0,0.0,0.0,0,0,0.0,false
activemq-core/src/main/java/org/apache/activemq/transport/nio/SelectorManager.java,64.0,6.0,48.0,12.0,7.0,21.0,0.0,chirino@apache.org,0,0.0,0.0,0.0,0.0,0.0,0.0,0.0,0,0,0.0,false
activemq-core/src/main/java/org/apache/activemq/transport/nio/SelectorSelection.java,36.0,4.0,1.0,7.0,10.0,8.0,0.0,chirino@apache.org,0,0.0,0.0,0.0,0.0,0.0,0.0,0.0,0,0,0.0,true
activemq-core/src/main/java/org/apache/activemq/transport/nio/SelectorWorker.java,81.0,6.0,0.0,6.0,32.0,18.0,0.0,chirino@apache.org,0,0.0,0.0,0.0,0.0,0.0,0.0,0.0,0,0,0.0,true
activemq-core/src/main/java/org/apache/activemq/transport/peer/PeerTransportFactory.java,66.0,17.0,21.0,7.0,24.0,22.0,0.0,chirino@apache.org,0,0.0,0.0,0.0,0.0,0.0,0.0,0.0,0,1,0.0,true
activemq-core/src/main/java/org/apache/activemq/transport/stomp/StompFrame.java,111.0,9.0,354.0,28.0,11.0,52.0,0.0,chirino@apache.org,0,0.0,0.0,0.0,0.0,0.0,0.0,0.0,0,0,0.0,true
activemq-core/src/main/java/org/apache/activemq/transport/stomp/StompSslTransportFactory.java,14.0,5.0,1.0,2.0,1.0,5.0,0.0,tabish@apache.org,0,0.0,0.0,0.0,0.0,0.0,0.0,0.0,0,0,0.0,true
activemq-core/src/main/java/org/apache/activemq/transport/stomp/StompTransportFactory.java,17.0,5.0,3.0,3.0,1.0,7.0,0.0,chirino@apache.org,0,0.0,0.0,0.0,0.0,0.0,0.0,0.0,0,3,0.0,true
activemq-core/src/main/java/org/apache/activemq/transport/stomp/StompTransportFilter.java,62.0,8.0,8.0,8.0,9.0,16.0,0.0,chirino@apache.org,0,0.0,0.0,0.0,0.0,0.0,0.0,0.0,0,0,0.0,true
activemq-core/src/main/java/org/apache/activemq/transport/tcp/TcpTransportServer.java,164.0,23.0,111.0,18.0,40.0,43.0,0.0,chirino@apache.org,0,0.0,0.0,0.0,0.0,0.0,0.0,0.0,0,6,0.0,true
activemq-core/src/main/java/org/apache/activemq/transport/vm/VMTransport.java,210.0,20.0,197.0,26.0,31.0,59.0,0.0,chirino@apache.org,0,0.0,0.0,0.0,0.0,0.0,0.0,0.0,0,3,0.0,true
activemq-core/src/main/java/org/apache/activemq/transport/vm/VMTransportFactory.java,163.0,22.0,10.0,9.0,53.0,30.0,0.0,chirino@apache.org,0,0.0,0.0,0.0,0.0,0.0,0.0,0.0,0,5,0.0,true
activemq-core/src/main/java/org/apache/activemq/util/BrokerSupport.java,28.0,6.0,0.0,1.0,15.0,3.0,1.0,chirino@apache.org,1,0.008333333333333333,7.0,7.0,0.0,0.0,202.6896551724138,1473.6602172543285,1,2,2.001480000210124,true
activemq-core/src/main/java/org/apache/activemq/util/ByteArrayOutputStream.java,50.0,1.0,0.0,9.0,6.0,13.0,0.0,chirino@apache.org,0,0.0,0.0,0.0,0.0,0.0,0.0,0.0,0,0,0.0,false
activemq-core/src/main/java/org/apache/activemq/util/FactoryFinder.java,64.0,5.0,8.0,5.0,17.0,19.0,1.0,chirino@apache.org,1,0.008333333333333333,9.0,0.0,0.0,0.0,729.2972972972973,9017.892171203368,1,0,0.5428649775106075,false
activemq-core/src/main/java/org/apache/activemq/util/IOHelper.java,22.0,0.0,3.0,3.0,3.0,9.0,0.0,rajdavies@apache.org,0,0.0,0.0,0.0,0.0,0.0,0.0,0.0,0,1,0.0,true
activemq-core/src/main/java/org/apache/activemq/util/MarshallingSupport.java,338.0,14.0,231.0,23.0,96.0,79.0,0.0,chirino@apache.org,0,0.0,0.0,0.0,0.0,0.0,0.0,0.0,0,3,0.0,true
activemq-core/src/main/java/org/apache/activemq/xbean/XBeanBrokerFactory.java,47.0,15.0,1.0,2.0,7.0,13.0,1.0,chirino@apache.org,2,0.016666666666666666,8.0,0.0,0.0,4.0,931.9869524697111,10491.552388457696,2,2,0.5790253083004203,true
activemq-core/src/test/java/org/apache/activemq/AMQDeadlockTest3.java,279.0,28.0,22.0,8.0,73.0,23.0,15.0,chirino@apache.org,2,0.016666666666666666,23.0,0.0,15.0,15.0,931.9869524697111,10491.552388457696,2,0,0.3925558167823002,true
activemq-core/src/test/java/org/apache/activemq/ActiveMQConnectionFactoryTest.java,99.0,14.0,45.0,10.0,62.0,21.0,1.0,chirino@apache.org,1,0.008333333333333333,5.0,5.0,0.0,0.0,729.2972972972973,9017.892171203368,1,1,0.5428649775106075,true
activemq-core/src/test/java/org/apache/activemq/CreateConsumerButDontStartConnectionWarningTest.java,16.0,3.0,1.0,2.0,2.0,5.0,4.0,chirino@apache.org,1,0.008333333333333333,14.0,14.0,14.0,0.0,729.2972972972973,9017.892171203368,1,0,0.5428649775106075,false
activemq-core/src/test/java/org/apache/activemq/JmsClientAckTest.java,92.0,7.0,0.0,6.0,42.0,16.0,0.0,chirino@apache.org,0,0.0,0.0,0.0,0.0,0.0,0.0,0.0,0,0,0.0,true
activemq-core/src/test/java/org/apache/activemq/JmsMultipleClientsTestSupport.java,190.0,16.0,139.0,22.0,85.0,64.0,0.0,chirino@apache.org,0,0.0,0.0,0.0,0.0,0.0,0.0,0.0,0,3,0.0,false
activemq-core/src/test/java/org/apache/activemq/JmsTempDestinationTest.java,179.0,14.0,0.0,9.0,87.0,26.0,1.0,chirino@apache.org,1,0.008333333333333333,5.0,0.0,0.0,0.0,117.0,315.8942419364064,1,1,1.8191584434161694,true
activemq-core/src/test/java/org/apache/activemq/LargeStreamletTest.java,101.0,11.0,0.0,3.0,37.0,16.0,1.0,chirino@apache.org,1,0.008333333333333333,6.0,0.0,0.0,0.0,202.6896551724138,1473.6602172543285,1,2,2.001480000210124,false
activemq-core/src/test/java/org/apache/activemq/ProducerFlowControlTest.java,149.0,19.0,0.0,11.0,99.0,31.0,0.0,gtully@apache.org,0,0.0,0.0,0.0,0.0,0.0,0.0,0.0,0,1,0.0,true
activemq-core/src/test/java/org/apache/activemq/RedeliveryPolicyTest.java,195.0,6.0,21.0,7.0,85.0,13.0,1.0,chirino@apache.org,1,0.008333333333333333,7.0,0.0,0.0,0.0,117.0,315.8942419364064,1,1,1.8191584434161694,true
activemq-core/src/test/java/org/apache/activemq/TimeStampTest.java,33.0,12.0,0.0,1.0,21.0,4.0,0.0,tabish@apache.org,0,0.0,0.0,0.0,0.0,0.0,0.0,0.0,0,0,0.0,false
activemq-core/src/test/java/org/apache/activemq/ZeroPrefetchConsumerTest.java,100.0,13.0,25.0,11.0,44.0,25.0,0.0,chirino@apache.org,0,0.0,0.0,0.0,0.0,0.0,0.0,0.0,0,2,0.0,true
activemq-core/src/test/java/org/apache/activemq/blob/BlobTransferPolicyUriTest.java,11.0,2.0,0.0,1.0,4.0,2.0,0.0,tabish@apache.org,0,0.0,0.0,0.0,0.0,0.0,0.0,0.0,0,0,0.0,false
activemq-core/src/test/java/org/apache/activemq/blob/DefaultBlobUploadStrategyTest.java,35.0,9.0,3.0,3.0,14.0,8.0,2.0,chirino@apache.org,1,0.008333333333333333,17.0,0.0,0.0,0.0,729.2972972972973,9017.892171203368,1,0,0.5428649775106075,true
activemq-core/src/test/java/org/apache/activemq/broker/BrokerTest.java,1003.0,15.0,966.0,61.0,477.0,116.0,2.0,chirino@apache.org,1,0.008333333333333333,3.0,0.0,0.0,0.0,117.0,315.8942419364064,1,4,1.8191584434161694,true
activemq-core/src/test/java/org/apache/activemq/broker/BrokerTestSupport.java,248.0,37.0,494.0,33.0,96.0,95.0,0.0,chirino@apache.org,0,0.0,0.0,0.0,0.0,0.0,0.0,0.0,0,5,0.0,true
activemq-core/src/test/java/org/apache/activemq/broker/Main.java,46.0,7.0,0.0,1.0,15.0,4.0,0.0,chirino@apache.org,0,0.0,0.0,0.0,0.0,0.0,0.0,0.0,0,3,0.0,true
activemq-core/src/test/java/org/apache/activemq/broker/MessageExpirationTest.java,167.0,15.0,66.0,13.0,75.0,23.0,1.0,chirino@apache.org,1,0.008333333333333333,6.0,0.0,0.0,0.0,117.0,315.8942419364064,1,1,1.8191584434161694,false
activemq-core/src/test/java/org/apache/activemq/broker/QueueSubscriptionTest.java,95.0,3.0,0.0,11.0,28.0,22.0,0.0,chirino@apache.org,0,0.0,0.0,0.0,0.0,0.0,0.0,0.0,0,2,0.0,false
activemq-core/src/test/java/org/apache/activemq/broker/RecoveryBrokerTest.java,263.0,12.0,45.0,10.0,124.0,25.0,0.0,chirino@apache.org,0,0.0,0.0,0.0,0.0,0.0,0.0,0.0,0,3,0.0,true
activemq-core/src/test/java/org/apache/activemq/broker/StubBroker.java,139.0,24.0,1081.0,47.0,2.0,97.0,0.0,rajdavies@apache.org,0,0.0,0.0,0.0,0.0,0.0,0.0,0.0,0,1,0.0,true
activemq-core/src/test/java/org/apache/activemq/broker/XARecoveryBrokerTest.java,169.0,14.0,21.0,7.0,84.0,17.0,0.0,gtully@apache.org,0,0.0,0.0,0.0,0.0,0.0,0.0,0.0,0,2,0.0,true
activemq-core/src/test/java/org/apache/activemq/broker/advisory/AdvisoryBrokerTest.java,200.0,12.0,28.0,8.0,106.0,15.0,0.0,chirino@apache.org,0,0.0,0.0,0.0,0.0,0.0,0.0,0.0,0,1,0.0,false
activemq-core/src/test/java/org/apache/activemq/broker/ft/QueueMasterSlaveTest.java,53.0,6.0,15.0,7.0,14.0,17.0,9.0,null,1,0.008333333333333333,5.0,0.0,5.0,5.0,729.2972972972973,9017.892171203368,1,3,0.5428649775106075,true
activemq-core/src/test/java/org/apache/activemq/broker/ft/TransactedTopicMasterSlaveTest.java,58.0,7.0,9.0,6.0,21.0,16.0,0.0,rajdavies@apache.org,0,0.0,0.0,0.0,0.0,0.0,0.0,0.0,0,2,0.0,true
activemq-core/src/test/java/org/apache/activemq/broker/jmx/MBeanTest.java,195.0,16.0,12.0,13.0,91.0,36.0,0.0,null,0,0.0,0.0,0.0,0.0,0.0,0.0,0.0,0,2,0.0,true
activemq-core/src/test/java/org/apache/activemq/broker/jmx/PurgeTest.java,79.0,11.0,13.0,7.0,26.0,19.0,0.0,null,0,0.0,0.0,0.0,0.0,0.0,0.0,0.0,0,1,0.0,true
activemq-core/src/test/java/org/apache/activemq/broker/policy/DestinationCursorConfigTest.java,36.0,10.0,0.0,5.0,16.0,11.0,0.0,rajdavies@apache.org,0,0.0,0.0,0.0,0.0,0.0,0.0,0.0,0,1,0.0,false
activemq-core/src/test/java/org/apache/activemq/broker/policy/SimpleDispatchPolicyTest.java,39.0,9.0,6.0,4.0,14.0,12.0,0.0,chirino@apache.org,0,0.0,0.0,0.0,0.0,0.0,0.0,0.0,0,3,0.0,false
activemq-core/src/test/java/org/apache/activemq/broker/region/cursors/CursorSupport.java,127.0,20.0,47.0,11.0,52.0,32.0,9.0,null,1,0.008333333333333333,7.0,0.0,7.0,7.0,729.2972972972973,9017.892171203368,1,1,0.5428649775106075,true
activemq-core/src/test/java/org/apache/activemq/bugs/JmsDurableTopicSlowReceiveTest.java,132.0,16.0,17.0,7.0,51.0,22.0,18.0,rajdavies@apache.org,1,0.008333333333333333,7.0,0.0,0.0,7.0,729.2972972972973,9017.892171203368,1,1,0.5428649775106075,true
activemq-core/src/test/java/org/apache/activemq/bugs/SlowConsumerTest.java,112.0,17.0,7.0,6.0,57.0,26.0,0.0,chirino@apache.org,0,0.0,0.0,0.0,0.0,0.0,0.0,0.0,0,0,0.0,false
activemq-core/src/test/java/org/apache/activemq/config/BrokerPropertiesTest.java,14.0,5.0,0.0,1.0,7.0,2.0,0.0,chirino@apache.org,0,0.0,0.0,0.0,0.0,0.0,0.0,0.0,0,1,0.0,false
activemq-core/src/test/java/org/apache/activemq/kaha/MapContainerTest.java,125.0,12.0,0.0,15.0,104.0,41.0,0.0,rajdavies@apache.org,0,0.0,0.0,0.0,0.0,0.0,0.0,0.0,0,1,0.0,true
activemq-core/src/test/java/org/apache/activemq/kaha/StoreTest.java,133.0,8.0,0.0,10.0,58.0,25.0,0.0,rajdavies@apache.org,0,0.0,0.0,0.0,0.0,0.0,0.0,0.0,0,1,0.0,true
activemq-core/src/test/java/org/apache/activemq/kaha/impl/index/hash/HashTest.java,82.0,7.0,0.0,8.0,25.0,21.0,0.0,rajdavies@apache.org,0,0.0,0.0,0.0,0.0,0.0,0.0,0.0,0,1,0.0,true
activemq-core/src/test/java/org/apache/activemq/network/DemandForwardingBridgeTest.java,82.0,10.0,24.0,8.0,36.0,14.0,20.0,chirino@apache.org,1,0.008333333333333333,8.0,0.0,8.0,0.0,202.6896551724138,1473.6602172543285,1,2,2.001480000210124,true
activemq-core/src/test/java/org/apache/activemq/network/NetworkTestSupport.java,113.0,16.0,47.0,14.0,50.0,39.0,0.0,chirino@apache.org,0,0.0,0.0,0.0,0.0,0.0,0.0,0.0,0,1,0.0,true
activemq-core/src/test/java/org/apache/activemq/openwire/DataFileGeneratorTestSupport.java,221.0,41.0,370.0,29.0,74.0,76.0,0.0,chirino@apache.org,0,0.0,0.0,0.0,0.0,0.0,0.0,0.0,0,5,0.0,true
activemq-core/src/test/java/org/apache/activemq/openwire/v3/BrokerIdTest.java,17.0,5.0,1.0,2.0,2.0,5.0,0.0,chirino@apache.org,0,0.0,0.0,0.0,0.0,0.0,0.0,0.0,0,0,0.0,false
activemq-core/src/test/java/org/apache/activemq/openwire/v3/BrokerInfoTest.java,34.0,5.0,1.0,2.0,15.0,6.0,0.0,chirino@apache.org,0,0.0,0.0,0.0,0.0,0.0,0.0,0.0,0,1,0.0,false
activemq-core/src/test/java/org/apache/activemq/openwire/v3/ConnectionControlTest.java,21.0,5.0,1.0,2.0,6.0,5.0,0.0,chirino@apache.org,0,0.0,0.0,0.0,0.0,0.0,0.0,0.0,0,0,0.0,false
activemq-core/src/test/java/org/apache/activemq/openwire/v3/ConnectionErrorTest.java,18.0,5.0,1.0,2.0,5.0,5.0,0.0,chirino@apache.org,0,0.0,0.0,0.0,0.0,0.0,0.0,0.0,0,0,0.0,false
activemq-core/src/test/java/org/apache/activemq/openwire/v3/ConnectionIdTest.java,17.0,5.0,1.0,2.0,2.0,5.0,0.0,chirino@apache.org,0,0.0,0.0,0.0,0.0,0.0,0.0,0.0,0,0,0.0,false
activemq-core/src/test/java/org/apache/activemq/openwire/v3/ConnectionInfoTest.java,30.0,5.0,1.0,2.0,11.0,6.0,0.0,chirino@apache.org,0,0.0,0.0,0.0,0.0,0.0,0.0,0.0,0,0,0.0,false
activemq-core/src/test/java/org/apache/activemq/openwire/v3/ConsumerControlTest.java,22.0,5.0,1.0,2.0,8.0,5.0,0.0,chirino@apache.org,0,0.0,0.0,0.0,0.0,0.0,0.0,0.0,0,0,0.0,false
activemq-core/src/test/java/org/apache/activemq/openwire/v3/ConsumerIdTest.java,19.0,5.0,1.0,2.0,4.0,5.0,0.0,chirino@apache.org,0,0.0,0.0,0.0,0.0,0.0,0.0,0.0,0,0,0.0,false
activemq-core/src/test/java/org/apache/activemq/openwire/v3/ConsumerInfoTest.java,39.0,5.0,1.0,2.0,22.0,6.0,0.0,chirino@apache.org,0,0.0,0.0,0.0,0.0,0.0,0.0,0.0,0,0,0.0,false
activemq-core/src/test/java/org/apache/activemq/openwire/v3/ControlCommandTest.java,17.0,5.0,1.0,2.0,2.0,5.0,0.0,chirino@apache.org,0,0.0,0.0,0.0,0.0,0.0,0.0,0.0,0,0,0.0,false
activemq-core/src/test/java/org/apache/activemq/openwire/v3/DataArrayResponseTest.java,23.0,5.0,1.0,2.0,3.0,6.0,0.0,chirino@apache.org,0,0.0,0.0,0.0,0.0,0.0,0.0,0.0,0,0,0.0,false
activemq-core/src/test/java/org/apache/activemq/openwire/v3/DataResponseTest.java,17.0,5.0,1.0,2.0,3.0,5.0,0.0,chirino@apache.org,0,0.0,0.0,0.0,0.0,0.0,0.0,0.0,0,0,0.0,false
activemq-core/src/test/java/org/apache/activemq/openwire/v3/DestinationInfoTest.java,27.0,5.0,1.0,2.0,9.0,6.0,0.0,chirino@apache.org,0,0.0,0.0,0.0,0.0,0.0,0.0,0.0,0,0,0.0,false
activemq-core/src/test/java/org/apache/activemq/openwire/v3/DiscoveryEventTest.java,18.0,5.0,1.0,2.0,3.0,5.0,0.0,chirino@apache.org,0,0.0,0.0,0.0,0.0,0.0,0.0,0.0,0,0,0.0,false
activemq-core/src/test/java/org/apache/activemq/openwire/v3/ExceptionResponseTest.java,17.0,5.0,1.0,2.0,3.0,5.0,0.0,chirino@apache.org,0,0.0,0.0,0.0,0.0,0.0,0.0,0.0,0,0,0.0,false
activemq-core/src/test/java/org/apache/activemq/openwire/v3/FlushCommandTest.java,16.0,5.0,1.0,2.0,1.0,5.0,0.0,chirino@apache.org,0,0.0,0.0,0.0,0.0,0.0,0.0,0.0,0,0,0.0,false
activemq-core/src/test/java/org/apache/activemq/openwire/v3/IntegerResponseTest.java,17.0,5.0,1.0,2.0,2.0,5.0,0.0,chirino@apache.org,0,0.0,0.0,0.0,0.0,0.0,0.0,0.0,0,0,0.0,false
activemq-core/src/test/java/org/apache/activemq/openwire/v3/JournalQueueAckTest.java,18.0,5.0,1.0,2.0,5.0,5.0,0.0,chirino@apache.org,0,0.0,0.0,0.0,0.0,0.0,0.0,0.0,0,0,0.0,false
activemq-core/src/test/java/org/apache/activemq/openwire/v3/JournalTopicAckTest.java,22.0,5.0,1.0,2.0,10.0,5.0,0.0,chirino@apache.org,0,0.0,0.0,0.0,0.0,0.0,0.0,0.0,0,0,0.0,false
activemq-core/src/test/java/org/apache/activemq/openwire/v3/JournalTraceTest.java,17.0,5.0,1.0,2.0,2.0,5.0,0.0,chirino@apache.org,0,0.0,0.0,0.0,0.0,0.0,0.0,0.0,0,0,0.0,false
activemq-core/src/test/java/org/apache/activemq/openwire/v3/JournalTransactionTest.java,19.0,5.0,1.0,2.0,5.0,5.0,0.0,chirino@apache.org,0,0.0,0.0,0.0,0.0,0.0,0.0,0.0,0,0,0.0,false
activemq-core/src/test/java/org/apache/activemq/openwire/v3/KeepAliveInfoTest.java,16.0,5.0,1.0,2.0,1.0,5.0,0.0,chirino@apache.org,0,0.0,0.0,0.0,0.0,0.0,0.0,0.0,0,0,0.0,false
activemq-core/src/test/java/org/apache/activemq/openwire/v3/LastPartialCommandTest.java,16.0,5.0,1.0,2.0,1.0,5.0,0.0,chirino@apache.org,0,0.0,0.0,0.0,0.0,0.0,0.0,0.0,0,0,0.0,false
activemq-core/src/test/java/org/apache/activemq/openwire/v3/LocalTransactionIdTest.java,18.0,5.0,1.0,2.0,4.0,5.0,0.0,chirino@apache.org,0,0.0,0.0,0.0,0.0,0.0,0.0,0.0,0,0,0.0,false
activemq-core/src/test/java/org/apache/activemq/openwire/v3/MessageAckTest.java,23.0,5.0,1.0,2.0,12.0,5.0,0.0,chirino@apache.org,0,0.0,0.0,0.0,0.0,0.0,0.0,0.0,0,0,0.0,false
activemq-core/src/test/java/org/apache/activemq/openwire/v3/MessageDispatchNotificationTest.java,20.0,5.0,1.0,2.0,8.0,7.0,0.0,chirino@apache.org,0,0.0,0.0,0.0,0.0,0.0,0.0,0.0,0,0,0.0,false
activemq-core/src/test/java/org/apache/activemq/openwire/v3/MessageDispatchTest.java,20.0,5.0,1.0,2.0,8.0,5.0,0.0,chirino@apache.org,0,0.0,0.0,0.0,0.0,0.0,0.0,0.0,0,0,0.0,false
activemq-core/src/test/java/org/apache/activemq/openwire/v3/MessageIdTest.java,19.0,5.0,1.0,2.0,5.0,5.0,0.0,chirino@apache.org,0,0.0,0.0,0.0,0.0,0.0,0.0,0.0,0,0,0.0,false
activemq-core/src/test/java/org/apache/activemq/openwire/v3/MessagePullTest.java,21.0,5.0,1.0,2.0,9.0,5.0,0.0,chirino@apache.org,0,0.0,0.0,0.0,0.0,0.0,0.0,0.0,0,0,0.0,false
activemq-core/src/test/java/org/apache/activemq/openwire/v3/MessageTestSupport.java,48.0,5.0,0.0,1.0,34.0,3.0,3.0,chirino@apache.org,1,0.008333333333333333,12.0,12.0,12.0,0.0,117.0,315.8942419364064,1,0,1.8191584434161694,false
activemq-core/src/test/java/org/apache/activemq/openwire/v3/NetworkBridgeFilterTest.java,18.0,5.0,1.0,2.0,4.0,5.0,0.0,chirino@apache.org,0,0.0,0.0,0.0,0.0,0.0,0.0,0.0,0,0,0.0,false
activemq-core/src/test/java/org/apache/activemq/openwire/v3/PartialCommandTest.java,18.0,5.0,1.0,2.0,4.0,5.0,0.0,chirino@apache.org,0,0.0,0.0,0.0,0.0,0.0,0.0,0.0,0,0,0.0,false
activemq-core/src/test/java/org/apache/activemq/openwire/v3/ProducerAckTest.java,18.0,5.0,1.0,2.0,4.0,5.0,0.0,chirino@apache.org,0,0.0,0.0,0.0,0.0,0.0,0.0,0.0,0,0,0.0,false
activemq-core/src/test/java/org/apache/activemq/openwire/v3/ProducerIdTest.java,19.0,5.0,1.0,2.0,4.0,5.0,0.0,chirino@apache.org,0,0.0,0.0,0.0,0.0,0.0,0.0,0.0,0,0,0.0,false
activemq-core/src/test/java/org/apache/activemq/openwire/v3/ProducerInfoTest.java,27.0,5.0,1.0,2.0,9.0,6.0,0.0,chirino@apache.org,0,0.0,0.0,0.0,0.0,0.0,0.0,0.0,0,0,0.0,false
activemq-core/src/test/java/org/apache/activemq/openwire/v3/RemoveInfoTest.java,17.0,5.0,1.0,2.0,3.0,5.0,0.0,chirino@apache.org,0,0.0,0.0,0.0,0.0,0.0,0.0,0.0,0,0,0.0,false
activemq-core/src/test/java/org/apache/activemq/openwire/v3/RemoveSubscriptionInfoTest.java,19.0,5.0,1.0,2.0,5.0,5.0,0.0,chirino@apache.org,0,0.0,0.0,0.0,0.0,0.0,0.0,0.0,0,0,0.0,false
activemq-core/src/test/java/org/apache/activemq/openwire/v3/ReplayCommandTest.java,18.0,5.0,1.0,2.0,3.0,5.0,0.0,chirino@apache.org,0,0.0,0.0,0.0,0.0,0.0,0.0,0.0,0,0,0.0,false
activemq-core/src/test/java/org/apache/activemq/openwire/v3/ResponseTest.java,17.0,5.0,1.0,2.0,2.0,5.0,0.0,chirino@apache.org,0,0.0,0.0,0.0,0.0,0.0,0.0,0.0,0,0,0.0,false
activemq-core/src/test/java/org/apache/activemq/openwire/v3/SessionIdTest.java,18.0,5.0,1.0,2.0,3.0,5.0,0.0,chirino@apache.org,0,0.0,0.0,0.0,0.0,0.0,0.0,0.0,0,0,0.0,false
activemq-core/src/test/java/org/apache/activemq/openwire/v3/SessionInfoTest.java,17.0,5.0,1.0,2.0,3.0,5.0,0.0,chirino@apache.org,0,0.0,0.0,0.0,0.0,0.0,0.0,0.0,0,0,0.0,false
activemq-core/src/test/java/org/apache/activemq/openwire/v3/ShutdownInfoTest.java,16.0,5.0,1.0,2.0,1.0,5.0,0.0,chirino@apache.org,0,0.0,0.0,0.0,0.0,0.0,0.0,0.0,0,0,0.0,false
activemq-core/src/test/java/org/apache/activemq/openwire/v3/SubscriptionInfoTest.java,20.0,5.0,1.0,2.0,6.0,5.0,0.0,chirino@apache.org,0,0.0,0.0,0.0,0.0,0.0,0.0,0.0,0,0,0.0,true
activemq-core/src/test/java/org/apache/activemq/openwire/v3/TransactionIdTestSupport.java,10.0,5.0,0.0,1.0,0.0,2.0,0.0,chirino@apache.org,0,0.0,0.0,0.0,0.0,0.0,0.0,0.0,0,0,0.0,false
activemq-core/src/test/java/org/apache/activemq/openwire/v3/TransactionInfoTest.java,19.0,5.0,1.0,2.0,6.0,5.0,0.0,chirino@apache.org,0,0.0,0.0,0.0,0.0,0.0,0.0,0.0,0,0,0.0,false
activemq-core/src/test/java/org/apache/activemq/openwire/v3/XATransactionIdTest.java,19.0,5.0,1.0,2.0,5.0,6.0,0.0,chirino@apache.org,0,0.0,0.0,0.0,0.0,0.0,0.0,0.0,0,0,0.0,false
activemq-core/src/test/java/org/apache/activemq/perf/AMQStoreDurableTopicTest.java,13.0,3.0,0.0,1.0,4.0,2.0,0.0,rajdavies@apache.org,0,0.0,0.0,0.0,0.0,0.0,0.0,0.0,0,1,0.0,true
activemq-core/src/test/java/org/apache/activemq/perf/AMQStoreQueueTest.java,13.0,3.0,0.0,1.0,4.0,2.0,0.0,rajdavies@apache.org,0,0.0,0.0,0.0,0.0,0.0,0.0,0.0,0,1,0.0,true
activemq-core/src/test/java/org/apache/activemq/perf/InactiveDurableTopicTest.java,127.0,17.0,0.0,5.0,37.0,17.0,18.0,rajdavies@apache.org,1,0.008333333333333333,7.0,0.0,0.0,7.0,729.2972972972973,9017.892171203368,1,0,0.5428649775106075,false
activemq-core/src/test/java/org/apache/activemq/perf/InactiveQueueTest.java,59.0,18.0,0.0,3.0,19.0,8.0,18.0,chirino@apache.org,1,0.008333333333333333,11.0,0.0,0.0,11.0,729.2972972972973,9017.892171203368,1,0,0.5428649775106075,false
activemq-core/src/test/java/org/apache/activemq/perf/JournalKahaDurableTopicTest.java,16.0,5.0,0.0,1.0,6.0,2.0,0.0,rajdavies@apache.org,0,0.0,0.0,0.0,0.0,0.0,0.0,0.0,0,1,0.0,false
activemq-core/src/test/java/org/apache/activemq/perf/JournalKahaQueueTest.java,16.0,5.0,0.0,1.0,6.0,2.0,0.0,chirino@apache.org,0,0.0,0.0,0.0,0.0,0.0,0.0,0.0,0,1,0.0,false
activemq-core/src/test/java/org/apache/activemq/perf/KahaDurableTopicTest.java,11.0,2.0,0.0,1.0,3.0,2.0,0.0,rajdavies@apache.org,0,0.0,0.0,0.0,0.0,0.0,0.0,0.0,0,2,0.0,false
activemq-core/src/test/java/org/apache/activemq/perf/KahaQueueTest.java,11.0,2.0,0.0,1.0,3.0,2.0,0.0,rajdavies@apache.org,0,0.0,0.0,0.0,0.0,0.0,0.0,0.0,0,1,0.0,false
activemq-core/src/test/java/org/apache/activemq/perf/QueueConnectionMemoryTest.java,40.0,7.0,15.0,6.0,15.0,16.0,18.0,rajdavies@apache.org,1,0.008333333333333333,9.0,0.0,0.0,9.0,729.2972972972973,9017.892171203368,1,2,0.5428649775106075,false
activemq-core/src/test/java/org/apache/activemq/perf/SimpleTopicTest.java,133.0,10.0,33.0,11.0,31.0,34.0,0.0,rajdavies@apache.org,0,0.0,0.0,0.0,0.0,0.0,0.0,0.0,0,2,0.0,true
activemq-core/src/test/java/org/apache/activemq/security/SimpleAuthenticationPluginTest.java,16.0,6.0,6.0,4.0,6.0,9.0,0.0,chirino@apache.org,0,0.0,0.0,0.0,0.0,0.0,0.0,0.0,0,0,0.0,true
activemq-core/src/test/java/org/apache/activemq/test/JmsTopicSendReceiveTest.java,71.0,6.0,0.0,5.0,25.0,17.0,4.0,chirino@apache.org,1,0.008333333333333333,9.0,9.0,9.0,0.0,729.2972972972973,9017.892171203368,1,0,0.5428649775106075,true
activemq-core/src/test/java/org/apache/activemq/transport/nio/NIOJmsDurableTopicSendReceiveTest.java,29.0,3.0,8.0,5.0,7.0,13.0,0.0,chirino@apache.org,0,0.0,0.0,0.0,0.0,0.0,0.0,0.0,0,0,0.0,false
activemq-core/src/test/java/org/apache/activemq/transport/nio/NIOJmsSendAndReceiveTest.java,32.0,3.0,8.0,5.0,7.0,13.0,0.0,chirino@apache.org,0,0.0,0.0,0.0,0.0,0.0,0.0,0.0,0,0,0.0,false
activemq-core/src/test/java/org/apache/activemq/transport/nio/NIOPersistentSendAndReceiveTest.java,14.0,2.0,1.0,2.0,3.0,5.0,0.0,chirino@apache.org,0,0.0,0.0,0.0,0.0,0.0,0.0,0.0,0,0,0.0,false
activemq-core/src/test/java/org/apache/activemq/transport/nio/NIOTransportBrokerTest.java,11.0,3.0,3.0,3.0,3.0,5.0,0.0,chirino@apache.org,0,0.0,0.0,0.0,0.0,0.0,0.0,0.0,0,0,0.0,false
activemq-core/src/test/java/org/apache/activemq/transport/tcp/WireformatNegociationTest.java,137.0,18.0,36.0,17.0,68.0,35.0,0.0,chirino@apache.org,0,0.0,0.0,0.0,0.0,0.0,0.0,0.0,0,1,0.0,true
activemq-core/src/test/java/org/apache/activemq/usecases/AMQDeadlockTestW4Brokers.java,196.0,29.0,13.0,6.0,42.0,16.0,15.0,rajdavies@apache.org,2,0.016666666666666666,25.0,0.0,17.0,17.0,931.9869524697111,10491.552388457696,2,0,0.3925558167823002,true
activemq-core/src/test/java/org/apache/activemq/usecases/AMQFailoverIssue.java,151.0,29.0,15.0,6.0,43.0,15.0,20.0,rajdavies@apache.org,1,0.008333333333333333,8.0,0.0,8.0,0.0,202.6896551724138,1473.6602172543285,1,0,2.001480000210124,true
activemq-core/src/test/java/org/apache/activemq/usecases/AMQStackOverFlowTest.java,78.0,18.0,6.0,4.0,29.0,13.0,20.0,rajdavies@apache.org,1,0.008333333333333333,10.0,0.0,10.0,0.0,202.6896551724138,1473.6602172543285,1,0,2.001480000210124,true
activemq-core/src/test/java/org/apache/activemq/usecases/DurableConsumerCloseAndReconnectTest.java,111.0,12.0,29.0,11.0,41.0,30.0,0.0,chirino@apache.org,0,0.0,0.0,0.0,0.0,0.0,0.0,0.0,0,1,0.0,true
activemq-core/src/test/java/org/apache/activemq/usecases/DurableSubscriptionTestSupport.java,221.0,15.0,64.0,20.0,132.0,48.0,0.0,chirino@apache.org,0,0.0,0.0,0.0,0.0,0.0,0.0,0.0,0,1,0.0,true
activemq-core/src/test/java/org/apache/activemq/usecases/JDBCDurableSubscriptionTest.java,12.0,4.0,0.0,1.0,3.0,3.0,0.0,chirino@apache.org,0,0.0,0.0,0.0,0.0,0.0,0.0,0.0,0,2,0.0,true
activemq-core/src/test/java/org/apache/activemq/usecases/JournalDurableSubscriptionTest.java,13.0,4.0,0.0,1.0,4.0,3.0,0.0,chirino@apache.org,0,0.0,0.0,0.0,0.0,0.0,0.0,0.0,0,2,0.0,true
activemq-core/src/test/java/org/apache/activemq/usecases/KahaDurableSubscriptionTest.java,11.0,4.0,0.0,1.0,1.0,3.0,0.0,rajdavies@apache.org,0,0.0,0.0,0.0,0.0,0.0,0.0,0.0,0,0,0.0,false
activemq-core/src/test/java/org/apache/activemq/usecases/MultiBrokersMultiClientsUsingTcpTest.java,46.0,9.0,1.0,3.0,17.0,12.0,20.0,chirino@apache.org,1,0.008333333333333333,8.0,0.0,8.0,0.0,202.6896551724138,1473.6602172543285,1,1,2.001480000210124,true
activemq-core/src/test/java/org/apache/activemq/usecases/PublishOnQueueConsumedMessageInTransactionTest.java,125.0,11.0,4.0,9.0,39.0,27.0,0.0,chirino@apache.org,0,0.0,0.0,0.0,0.0,0.0,0.0,0.0,0,2,0.0,false
activemq-core/src/test/java/org/apache/activemq/usecases/ThreeBrokerQueueNetworkUsingTcpTest.java,33.0,8.0,0.0,2.0,11.0,7.0,20.0,chirino@apache.org,1,0.008333333333333333,9.0,0.0,9.0,0.0,202.6896551724138,1473.6602172543285,1,1,2.001480000210124,true
activemq-core/src/test/java/org/apache/activemq/usecases/ThreeBrokerTopicNetworkUsingTcpTest.java,33.0,8.0,0.0,2.0,11.0,7.0,20.0,chirino@apache.org,1,0.008333333333333333,9.0,0.0,9.0,0.0,202.6896551724138,1473.6602172543285,1,1,2.001480000210124,true
activemq-core/src/test/java/org/apache/activemq/usecases/TwoBrokerMessageNotSentToRemoteWhenNoConsumerTest.java,79.0,14.0,0.0,5.0,36.0,13.0,20.0,chirino@apache.org,1,0.008333333333333333,8.0,0.0,8.0,0.0,202.6896551724138,1473.6602172543285,1,1,2.001480000210124,false
activemq-core/src/test/java/org/apache/activemq/util/MarshallingSupportTest.java,34.0,3.0,3.0,3.0,4.0,7.0,0.0,chirino@apache.org,0,0.0,0.0,0.0,0.0,0.0,0.0,0.0,0,0,0.0,false
activemq-fileserver/src/main/java/org/apache/activemq/util/FilenameGuardFilter.java,45.0,10.0,3.0,3.0,1.0,7.0,7.0,dejan@nighttale.net,1,0.008333333333333333,14.0,14.0,0.0,0.0,729.2972972972973,9017.892171203368,1,0,0.5428649775106075,false
activemq-fileserver/src/main/java/org/apache/activemq/util/RestFilter.java,137.0,17.0,12.0,8.0,54.0,39.0,7.0,dejanb@apache.org,1,0.008333333333333333,12.0,12.0,0.0,0.0,729.2972972972973,9017.892171203368,1,0,0.5428649775106075,true
activemq-fileserver/src/test/java/org/apache/activemq/util/RestFilterTest.java,34.0,8.0,3.0,3.0,14.0,6.0,7.0,chirino@apache.org,1,0.008333333333333333,25.0,25.0,0.0,0.0,729.2972972972973,9017.892171203368,1,0,0.5428649775106075,false
activemq-jpa-store/src/main/java/org/apache/activemq/store/jpa/JPAPersistenceAdapter.java,177.0,25.0,388.0,29.0,57.0,72.0,0.0,chirino@apache.org,0,0.0,0.0,0.0,0.0,0.0,0.0,0.0,0,0,0.0,true
activemq-jpa-store/src/main/java/org/apache/activemq/store/jpa/JPAReferenceStore.java,163.0,16.0,76.0,17.0,83.0,46.0,0.0,rajdavies@apache.org,0,0.0,0.0,0.0,0.0,0.0,0.0,0.0,0,0,0.0,false
activemq-jpa-store/src/main/java/org/apache/activemq/store/jpa/JPAReferenceStoreAdapter.java,89.0,15.0,36.0,9.0,25.0,29.0,0.0,rajdavies@apache.org,0,0.0,0.0,0.0,0.0,0.0,0.0,0.0,0,0,0.0,false
activemq-jpa-store/src/test/java/org/apache/activemq/broker/store/JPAStoreLoadTester.java,18.0,4.0,3.0,3.0,6.0,6.0,0.0,chirino@apache.org,0,0.0,0.0,0.0,0.0,0.0,0.0,0.0,0,0,0.0,false
activemq-jpa-store/src/test/java/org/apache/activemq/broker/store/QuickJPAStoreLoadTester.java,18.0,4.0,3.0,3.0,6.0,6.0,0.0,chirino@apache.org,0,0.0,0.0,0.0,0.0,0.0,0.0,0.0,0,0,0.0,false
activemq-jpa-store/src/test/java/org/apache/activemq/broker/store/QuickJPAStoreRecoveryBrokerTest.java,41.0,6.0,6.0,4.0,12.0,9.0,0.0,chirino@apache.org,0,0.0,0.0,0.0,0.0,0.0,0.0,0.0,0,0,0.0,false
activemq-jpa-store/src/test/java/org/apache/activemq/broker/store/QuickJPAStoreXARecoveryBrokerTest.java,41.0,6.0,6.0,4.0,12.0,9.0,0.0,chirino@apache.org,0,0.0,0.0,0.0,0.0,0.0,0.0,0.0,0,0,0.0,false
activemq-optional/src/main/java/org/apache/activemq/transport/http/HttpClientTransport.java,141.0,18.0,89.0,15.0,47.0,40.0,0.0,chirino@apache.org,0,0.0,0.0,0.0,0.0,0.0,0.0,0.0,0,0,0.0,true
activemq-optional/src/main/java/org/apache/activemq/transport/http/HttpTransportSupport.java,41.0,3.0,29.0,10.0,2.0,16.0,0.0,chirino@apache.org,0,0.0,0.0,0.0,0.0,0.0,0.0,0.0,0,0,0.0,false
activemq-optional/src/test/java/org/apache/activemq/util/xstream/XStreamTransformTest.java,47.0,11.0,0.0,3.0,22.0,10.0,0.0,chirino@apache.org,0,0.0,0.0,0.0,0.0,0.0,0.0,0.0,0,1,0.0,false
activemq-ra/src/main/java/org/apache/activemq/ra/ActiveMQActivationSpec.java,528.0,17.0,2060.0,68.0,93.0,164.0,0.0,chirino@apache.org,0,0.0,0.0,0.0,0.0,0.0,0.0,0.0,0,3,0.0,true
activemq-ra/src/main/java/org/apache/activemq/ra/ActiveMQEndpointActivationKey.java,49.0,1.0,0.0,6.0,1.0,12.0,0.0,chirino@apache.org,0,0.0,0.0,0.0,0.0,0.0,0.0,0.0,0,1,0.0,true
activemq-ra/src/main/java/org/apache/activemq/ra/ActiveMQEndpointWorker.java,197.0,20.0,72.0,16.0,62.0,46.0,0.0,null,0,0.0,0.0,0.0,0.0,0.0,0.0,0.0,0,4,0.0,true
activemq-ra/src/main/java/org/apache/activemq/ra/ActiveMQManagedConnectionFactory.java,246.0,12.0,0.0,38.0,50.0,74.0,0.0,chirino@apache.org,0,0.0,0.0,0.0,0.0,0.0,0.0,0.0,0,4,0.0,true
activemq-ra/src/main/java/org/apache/activemq/ra/ActiveMQResourceAdapter.java,438.0,23.0,0.0,52.0,89.0,116.0,0.0,null,0,0.0,0.0,0.0,0.0,0.0,0.0,0.0,0,5,0.0,true
activemq-ra/src/main/java/org/apache/activemq/ra/MessageActivationSpec.java,65.0,2.0,171.0,19.0,0.0,19.0,0.0,chirino@apache.org,0,0.0,0.0,0.0,0.0,0.0,0.0,0.0,0,1,0.0,false
activemq-ra/src/main/java/org/apache/activemq/ra/MessageResourceAdapter.java,34.0,5.0,28.0,8.0,0.0,14.0,0.0,rajdavies@apache.org,0,0.0,0.0,0.0,0.0,0.0,0.0,0.0,0,1,0.0,true
activemq-ra/src/main/java/org/apache/activemq/ra/ServerSessionPoolImpl.java,167.0,16.0,2.0,12.0,54.0,37.0,0.0,chirino@apache.org,0,0.0,0.0,0.0,0.0,0.0,0.0,0.0,0,1,0.0,true
activemq-web-console/src/main/java/org/apache/activemq/web/BrokerFacade.java,18.0,5.0,21.0,7.0,0.0,14.0,0.0,chirino@apache.org,0,0.0,0.0,0.0,0.0,0.0,0.0,0.0,0,1,0.0,false
activemq-web-console/src/main/java/org/apache/activemq/web/BrokerFacadeSupport.java,61.0,14.0,28.0,8.0,22.0,27.0,0.0,chirino@apache.org,0,0.0,0.0,0.0,0.0,0.0,0.0,0.0,0,1,0.0,false
activemq-web-console/src/main/java/org/apache/activemq/web/DestinationFacade.java,75.0,6.0,90.0,16.0,20.0,38.0,0.0,chirino@apache.org,0,0.0,0.0,0.0,0.0,0.0,0.0,0.0,0,1,0.0,false
activemq-web-console/src/main/java/org/apache/activemq/web/SingletonBrokerFacade.java,16.0,2.0,1.0,2.0,3.0,5.0,0.0,chirino@apache.org,0,0.0,0.0,0.0,0.0,0.0,0.0,0.0,0,1,0.0,false
activemq-web-console/src/main/java/org/apache/activemq/web/controller/DeleteMessage.java,33.0,7.0,4.0,5.0,8.0,12.0,0.0,chirino@apache.org,0,0.0,0.0,0.0,0.0,0.0,0.0,0.0,0,1,0.0,false
activemq-web/src/main/java/org/apache/activemq/web/MessageListenerServlet.java,288.0,23.0,26.0,9.0,86.0,40.0,1.0,null,1,0.008333333333333333,3.0,0.0,3.0,0.0,729.2972972972973,9017.892171203368,1,4,0.5428649775106075,true
activemq-web/src/main/java/org/apache/activemq/web/MessageServletSupport.java,254.0,17.0,137.0,18.0,68.0,70.0,1.0,null,1,0.008333333333333333,3.0,0.0,3.0,0.0,117.0,315.8942419364064,1,3,1.8191584434161694,true
activemq-web/src/main/java/org/apache/activemq/web/WebClient.java,210.0,31.0,288.0,29.0,80.0,79.0,20.0,null,1,0.008333333333333333,3.0,0.0,0.0,0.0,729.2972972972973,9017.892171203368,1,3,0.5428649775106075,true
assembly/src/test/java/org/apache/activemq/config/BrokerXmlConfigTest.java,35.0,7.0,1.0,3.0,6.0,9.0,3.0,chirino@apache.org,1,0.008333333333333333,20.0,10.0,10.0,10.0,729.2972972972973,9017.892171203368,1,0,0.5428649775106075,true
