name,LOC,CBO,LCOM,NOM,RFC,WMC,ACS,Ownership,numOfChanges,numberOfFIChanges,ENH,NF,BugFixing,REF,structuralWorkloadSum,semanticWorkloadSum,numberOfDeveloper,pastFaults,MAF,isBuggy
activemq-core/src/main/java/org/apache/activemq/ActiveMQConnection.java,1387.0,78.0,11209.0,158.0,360.0,454.0,2.0,null,2,0.006944444444444444,3.0,1.0,1.0,1.0,1509.2947826086956,57960.6481281115,2,33,0.3760096014417216,true
activemq-core/src/main/java/org/apache/activemq/ActiveMQInputStream.java,175.0,20.0,0.0,10.0,61.0,40.0,3.0,chirino@apache.org,1,0.003472222222222222,6.0,6.0,0.0,0.0,30.0,65.72240349393556,1,5,3.4011973816621555,true
activemq-core/src/main/java/org/apache/activemq/ActiveMQMessageAudit.java,190.0,8.0,56.0,16.0,34.0,39.0,0.0,chirino@apache.org,0,0.0,0.0,0.0,0.0,0.0,0.0,0.0,0,5,0.0,true
activemq-core/src/main/java/org/apache/activemq/ActiveMQMessageConsumer.java,775.0,33.0,462.0,52.0,266.0,181.0,1.0,null,1,0.003472222222222222,1.0,0.0,1.0,0.0,1203.9347826086955,55606.91810217881,1,27,0.3686511349854481,true
activemq-core/src/main/java/org/apache/activemq/ActiveMQMessageTransformation.java,141.0,25.0,6.0,4.0,45.0,21.0,2.0,chirino@apache.org,1,0.003472222222222222,8.0,8.0,8.0,8.0,30.0,65.72240349393556,1,5,3.4011973816621555,true
activemq-core/src/main/java/org/apache/activemq/ActiveMQOutputStream.java,108.0,14.0,12.0,9.0,32.0,29.0,3.0,chirino@apache.org,1,0.003472222222222222,7.0,7.0,0.0,0.0,30.0,65.72240349393556,1,5,3.4011973816621555,true
activemq-core/src/main/java/org/apache/activemq/ConnectionAudit.java,66.0,4.0,0.0,5.0,10.0,12.0,0.0,rajdavies@apache.org,0,0.0,0.0,0.0,0.0,0.0,0.0,0.0,0,2,0.0,true
activemq-core/src/main/java/org/apache/activemq/advisory/AdvisoryBroker.java,225.0,27.0,135.0,19.0,126.0,58.0,4.0,rajdavies@apache.org,1,0.003472222222222222,12.0,4.0,2.0,2.0,1203.9347826086955,55606.91810217881,1,13,0.3686511349854481,true
activemq-core/src/main/java/org/apache/activemq/broker/BrokerFactory.java,59.0,4.0,15.0,6.0,9.0,18.0,2.0,chirino@apache.org,1,0.003472222222222222,7.0,7.0,7.0,7.0,30.0,65.72240349393556,1,6,3.4011973816621555,true
activemq-core/src/main/java/org/apache/activemq/broker/BrokerFilter.java,166.0,23.0,0.0,52.0,52.0,104.0,5.0,rajdavies@apache.org,1,0.003472222222222222,2.0,0.0,0.0,0.0,1203.9347826086955,55606.91810217881,1,13,0.3686511349854481,true
activemq-core/src/main/java/org/apache/activemq/broker/BrokerService.java,1437.0,69.0,11612.0,157.0,397.0,429.0,3.0,null,2,0.006944444444444444,5.0,1.0,0.0,0.0,1731.3377676833225,67386.27685651423,2,47,0.1283966238935576,true
activemq-core/src/main/java/org/apache/activemq/broker/Connection.java,68.0,5.0,120.0,16.0,0.0,32.0,3.0,chirino@apache.org,1,0.003472222222222222,7.0,7.0,0.0,0.0,1203.9347826086955,55606.91810217881,1,5,0.3686511349854481,true
activemq-core/src/main/java/org/apache/activemq/broker/ConnectionContext.java,211.0,12.0,936.0,45.0,12.0,75.0,8.0,chirino@apache.org,1,0.003472222222222222,8.0,8.0,0.0,0.0,1203.9347826086955,55606.91810217881,1,10,0.3686511349854481,true
activemq-core/src/main/java/org/apache/activemq/broker/TransactionBroker.java,206.0,27.0,104.0,17.0,75.0,54.0,0.0,chirino@apache.org,0,0.0,0.0,0.0,0.0,0.0,0.0,0.0,0,9,0.0,true
activemq-core/src/main/java/org/apache/activemq/broker/TransportConnection.java,1043.0,77.0,3204.0,92.0,392.0,279.0,1.0,null,3,0.010416666666666666,9.0,2.0,3.0,0.0,2036.6977676833226,69740.00688244692,3,34,0.13112762237702258,true
activemq-core/src/main/java/org/apache/activemq/broker/TransportConnector.java,281.0,22.0,721.0,42.0,96.0,90.0,2.0,chirino@apache.org,2,0.006944444444444444,3.0,1.0,1.0,0.0,1509.2947826086956,57960.6481281115,2,13,0.8148911765756662,true
activemq-core/src/main/java/org/apache/activemq/broker/jmx/BrokerView.java,217.0,16.0,0.0,50.0,121.0,103.0,17.0,null,2,0.006944444444444444,8.0,2.0,4.0,0.0,1731.3377676833225,67386.27685651423,2,11,0.12177603702826101,true
activemq-core/src/main/java/org/apache/activemq/broker/jmx/BrokerViewMBean.java,104.0,2.0,946.0,44.0,0.0,60.0,17.0,null,2,0.006944444444444444,11.0,3.0,5.0,0.0,1731.3377676833225,67386.27685651423,2,6,0.12177603702826101,true
activemq-core/src/main/java/org/apache/activemq/broker/jmx/DestinationView.java,221.0,28.0,0.0,36.0,113.0,86.0,25.0,null,1,0.003472222222222222,7.0,0.0,7.0,0.0,1203.9347826086955,55606.91810217881,1,11,0.3686511349854481,true
activemq-core/src/main/java/org/apache/activemq/broker/jmx/DestinationViewMBean.java,143.0,6.0,465.0,31.0,0.0,65.0,25.0,chirino@apache.org,1,0.003472222222222222,9.0,0.0,9.0,0.0,1203.9347826086955,55606.91810217881,1,8,0.3686511349854481,true
activemq-core/src/main/java/org/apache/activemq/broker/jmx/ManagementContext.java,345.0,18.0,394.0,33.0,67.0,89.0,1.0,null,1,0.003472222222222222,2.0,2.0,2.0,0.0,1203.9347826086955,55606.91810217881,1,6,0.3686511349854481,true
activemq-core/src/main/java/org/apache/activemq/broker/jmx/NetworkConnectorView.java,76.0,1.0,0.0,23.0,23.0,37.0,4.0,chirino@apache.org,1,0.003472222222222222,10.0,10.0,0.0,0.0,1203.9347826086955,55606.91810217881,1,3,0.3686511349854481,true
activemq-core/src/main/java/org/apache/activemq/broker/jmx/NetworkConnectorViewMBean.java,22.0,1.0,190.0,20.0,0.0,20.0,4.0,chirino@apache.org,1,0.003472222222222222,9.0,9.0,0.0,0.0,1203.9347826086955,55606.91810217881,1,3,0.3686511349854481,true
activemq-core/src/main/java/org/apache/activemq/broker/jmx/SubscriptionView.java,219.0,4.0,294.0,29.0,48.0,70.0,2.0,chirino@apache.org,1,0.003472222222222222,5.0,0.0,0.0,0.0,1203.9347826086955,55606.91810217881,1,8,0.3686511349854481,false
activemq-core/src/main/java/org/apache/activemq/broker/jmx/SubscriptionViewMBean.java,106.0,1.0,300.0,25.0,0.0,57.0,2.0,chirino@apache.org,1,0.003472222222222222,5.0,0.0,0.0,0.0,1203.9347826086955,55606.91810217881,1,5,0.3686511349854481,false
activemq-core/src/main/java/org/apache/activemq/broker/region/AbstractRegion.java,292.0,30.0,181.0,27.0,119.0,82.0,5.0,null,2,0.006944444444444444,8.0,4.0,4.0,0.0,1731.3377676833225,67386.27685651423,2,21,0.1283966238935576,true
activemq-core/src/main/java/org/apache/activemq/broker/region/AbstractSubscription.java,134.0,18.0,103.0,23.0,40.0,55.0,14.0,chirino@apache.org,1,0.003472222222222222,9.0,3.0,3.0,0.0,1203.9347826086955,55606.91810217881,1,10,0.3686511349854481,true
activemq-core/src/main/java/org/apache/activemq/broker/region/AbstractTempRegion.java,86.0,12.0,18.0,8.0,16.0,18.0,6.0,rajdavies@apache.org,2,0.006944444444444444,44.0,33.0,11.0,0.0,1731.3377676833225,67386.27685651423,2,0,0.12177603702826101,false
activemq-core/src/main/java/org/apache/activemq/broker/region/BaseDestination.java,133.0,7.0,236.0,24.0,16.0,41.0,12.0,rajdavies@apache.org,2,0.006944444444444444,15.0,3.0,8.0,0.0,1731.3377676833225,67386.27685651423,2,1,0.1600235043253589,true
activemq-core/src/main/java/org/apache/activemq/broker/region/Destination.java,35.0,11.0,435.0,30.0,0.0,37.0,13.0,null,1,0.003472222222222222,15.0,4.0,4.0,2.0,1203.9347826086955,55606.91810217881,1,8,0.3686511349854481,true
activemq-core/src/main/java/org/apache/activemq/broker/region/DestinationFactoryImpl.java,107.0,16.0,13.0,11.0,31.0,33.0,14.0,rajdavies@apache.org,2,0.006944444444444444,22.0,0.0,17.0,0.0,1731.3377676833225,67386.27685651423,2,4,0.12177603702826101,true
activemq-core/src/main/java/org/apache/activemq/broker/region/DestinationFilter.java,116.0,14.0,0.0,34.0,39.0,60.0,13.0,rajdavies@apache.org,1,0.003472222222222222,15.0,5.0,5.0,0.0,1203.9347826086955,55606.91810217881,1,4,0.3686511349854481,true
activemq-core/src/main/java/org/apache/activemq/broker/region/DestinationStatistics.java,108.0,4.0,9.0,14.0,4.0,26.0,20.0,chirino@apache.org,1,0.003472222222222222,18.0,6.0,6.0,0.0,1203.9347826086955,55606.91810217881,1,4,0.3686511349854481,true
activemq-core/src/main/java/org/apache/activemq/broker/region/DurableTopicSubscription.java,213.0,21.0,89.0,19.0,72.0,57.0,15.0,rajdavies@apache.org,1,0.003472222222222222,10.0,1.0,2.0,1.0,1203.9347826086955,55606.91810217881,1,15,0.3686511349854481,true
activemq-core/src/main/java/org/apache/activemq/broker/region/IndirectMessageReference.java,184.0,5.0,203.0,26.0,17.0,63.0,12.0,chirino@apache.org,1,0.003472222222222222,8.0,0.0,0.0,0.0,1203.9347826086955,55606.91810217881,1,6,0.3686511349854481,true
activemq-core/src/main/java/org/apache/activemq/broker/region/NullMessageReference.java,76.0,5.0,245.0,23.0,1.0,47.0,17.0,rajdavies@apache.org,1,0.003472222222222222,12.0,0.0,0.0,0.0,1203.9347826086955,55606.91810217881,1,2,0.3686511349854481,false
activemq-core/src/main/java/org/apache/activemq/broker/region/PrefetchSubscription.java,460.0,26.0,518.0,40.0,130.0,111.0,12.0,null,1,0.003472222222222222,7.0,1.0,1.0,1.0,1203.9347826086955,55606.91810217881,1,35,0.3686511349854481,true
activemq-core/src/main/java/org/apache/activemq/broker/region/Queue.java,848.0,51.0,1946.0,68.0,334.0,223.0,8.0,null,2,0.006944444444444444,11.0,2.0,3.0,0.0,1731.3377676833225,67386.27685651423,2,36,0.1600235043253589,true
activemq-core/src/main/java/org/apache/activemq/broker/region/QueueBrowserSubscription.java,24.0,10.0,13.0,6.0,5.0,14.0,12.0,chirino@apache.org,2,0.006944444444444444,9.0,9.0,0.0,0.0,1731.3377676833225,67386.27685651423,2,6,0.3064240477487451,true
activemq-core/src/main/java/org/apache/activemq/broker/region/QueueDispatchSelector.java,75.0,11.0,3.0,6.0,17.0,16.0,17.0,chirino@apache.org,1,0.003472222222222222,10.0,0.0,0.0,0.0,1203.9347826086955,55606.91810217881,1,0,0.3686511349854481,true
activemq-core/src/main/java/org/apache/activemq/broker/region/QueueMessageReference.java,15.0,0.0,21.0,7.0,0.0,7.0,17.0,chirino@apache.org,1,0.003472222222222222,12.0,0.0,0.0,0.0,1203.9347826086955,55606.91810217881,1,2,0.3686511349854481,false
activemq-core/src/main/java/org/apache/activemq/broker/region/QueueRegion.java,29.0,8.0,6.0,4.0,9.0,12.0,21.0,rajdavies@apache.org,1,0.003472222222222222,5.0,5.0,0.0,0.0,1203.9347826086955,55606.91810217881,1,7,0.3686511349854481,true
activemq-core/src/main/java/org/apache/activemq/broker/region/QueueSubscription.java,113.0,14.0,91.0,14.0,28.0,37.0,12.0,chirino@apache.org,1,0.003472222222222222,14.0,2.0,2.0,2.0,1203.9347826086955,55606.91810217881,1,16,0.3686511349854481,true
activemq-core/src/main/java/org/apache/activemq/broker/region/Region.java,88.0,15.0,91.0,14.0,0.0,33.0,7.0,chirino@apache.org,1,0.003472222222222222,9.0,5.0,0.0,0.0,1203.9347826086955,55606.91810217881,1,8,0.3686511349854481,true
activemq-core/src/main/java/org/apache/activemq/broker/region/RegionBroker.java,549.0,46.0,2088.0,72.0,145.0,183.0,12.0,null,2,0.006944444444444444,6.0,2.0,3.0,0.0,1731.3377676833225,67386.27685651423,2,29,0.1387977005036798,true
activemq-core/src/main/java/org/apache/activemq/broker/region/Subscription.java,154.0,12.0,465.0,31.0,0.0,70.0,11.0,chirino@apache.org,1,0.003472222222222222,9.0,0.0,0.0,3.0,1203.9347826086955,55606.91810217881,1,10,0.3686511349854481,true
activemq-core/src/main/java/org/apache/activemq/broker/region/TempQueueRegion.java,39.0,11.0,13.0,6.0,21.0,20.0,13.0,rajdavies@apache.org,2,0.006944444444444444,19.0,7.0,7.0,0.0,1731.3377676833225,67386.27685651423,2,8,0.12061674877655726,true
activemq-core/src/main/java/org/apache/activemq/broker/region/TempTopicRegion.java,44.0,9.0,10.0,5.0,12.0,16.0,12.0,rajdavies@apache.org,1,0.003472222222222222,9.0,9.0,0.0,0.0,1203.9347826086955,55606.91810217881,1,8,0.3686511349854481,true
activemq-core/src/main/java/org/apache/activemq/broker/region/Topic.java,450.0,41.0,598.0,40.0,188.0,124.0,11.0,rajdavies@apache.org,2,0.006944444444444444,8.0,2.0,3.0,1.0,1731.3377676833225,67386.27685651423,2,25,0.1787277818767995,true
activemq-core/src/main/java/org/apache/activemq/broker/region/TopicRegion.java,226.0,24.0,61.0,14.0,94.0,47.0,18.0,null,1,0.003472222222222222,4.0,2.0,2.0,0.0,1203.9347826086955,55606.91810217881,1,18,0.3686511349854481,true
activemq-core/src/main/java/org/apache/activemq/broker/region/TopicSubscription.java,348.0,25.0,406.0,37.0,138.0,101.0,20.0,null,1,0.003472222222222222,7.0,1.0,3.0,0.0,1203.9347826086955,55606.91810217881,1,18,0.3686511349854481,true
activemq-core/src/main/java/org/apache/activemq/broker/region/cursors/AbstractPendingMessageCursor.java,211.0,7.0,963.0,47.0,15.0,86.0,11.0,rajdavies@apache.org,1,0.003472222222222222,10.0,0.0,3.0,3.0,1203.9347826086955,55606.91810217881,1,9,0.3686511349854481,true
activemq-core/src/main/java/org/apache/activemq/broker/region/cursors/AbstractStoreCursor.java,161.0,12.0,145.0,23.0,51.0,59.0,13.0,gtully@apache.org,1,0.003472222222222222,6.0,0.0,2.0,2.0,1203.9347826086955,55606.91810217881,1,0,0.3686511349854481,true
activemq-core/src/main/java/org/apache/activemq/broker/region/cursors/FilePendingMessageCursor.java,323.0,20.0,193.0,27.0,116.0,78.0,18.0,rajdavies@apache.org,1,0.003472222222222222,5.0,2.0,2.0,2.0,1203.9347826086955,55606.91810217881,1,13,0.3686511349854481,true
activemq-core/src/main/java/org/apache/activemq/broker/region/cursors/PendingMessageCursor.java,194.0,9.0,780.0,40.0,0.0,75.0,8.0,rajdavies@apache.org,1,0.003472222222222222,9.0,0.0,3.0,3.0,1203.9347826086955,55606.91810217881,1,9,0.3686511349854481,true
activemq-core/src/main/java/org/apache/activemq/broker/region/cursors/QueueStorePrefetch.java,45.0,7.0,0.0,6.0,9.0,16.0,10.0,rajdavies@apache.org,1,0.003472222222222222,21.0,0.0,7.0,4.0,1203.9347826086955,55606.91810217881,1,8,0.3686511349854481,true
activemq-core/src/main/java/org/apache/activemq/broker/region/cursors/StoreDurableSubscriberCursor.java,267.0,16.0,0.0,28.0,69.0,82.0,14.0,rajdavies@apache.org,1,0.003472222222222222,12.0,0.0,6.0,2.0,1203.9347826086955,55606.91810217881,1,9,0.3686511349854481,true
activemq-core/src/main/java/org/apache/activemq/broker/region/cursors/StoreQueueCursor.java,216.0,9.0,0.0,24.0,39.0,56.0,16.0,rajdavies@apache.org,1,0.003472222222222222,19.0,0.0,9.0,3.0,1203.9347826086955,55606.91810217881,1,5,0.3686511349854481,true
activemq-core/src/main/java/org/apache/activemq/broker/region/cursors/TopicStorePrefetch.java,68.0,11.0,6.0,8.0,12.0,18.0,10.0,rajdavies@apache.org,1,0.003472222222222222,11.0,3.0,3.0,3.0,1203.9347826086955,55606.91810217881,1,11,0.3686511349854481,true
activemq-core/src/main/java/org/apache/activemq/broker/region/cursors/VMPendingMessageCursor.java,109.0,4.0,0.0,12.0,24.0,26.0,2.0,rajdavies@apache.org,1,0.003472222222222222,4.0,0.0,4.0,0.0,1203.9347826086955,55606.91810217881,1,4,0.3686511349854481,true
activemq-core/src/main/java/org/apache/activemq/broker/region/policy/DispatchSelector.java,13.0,2.0,0.0,1.0,0.0,4.0,17.0,rajdavies@apache.org,1,0.003472222222222222,50.0,0.0,0.0,0.0,1203.9347826086955,55606.91810217881,1,0,0.3686511349854481,false
activemq-core/src/main/java/org/apache/activemq/broker/region/policy/FilePendingDurableSubscriberMessageStoragePolicy.java,19.0,4.0,0.0,1.0,0.0,2.0,28.0,rajdavies@apache.org,1,0.003472222222222222,11.0,0.0,11.0,0.0,1203.9347826086955,55606.91810217881,1,4,0.3686511349854481,true
activemq-core/src/main/java/org/apache/activemq/broker/region/policy/FilePendingQueueMessageStoragePolicy.java,16.0,4.0,0.0,1.0,1.0,2.0,28.0,rajdavies@apache.org,1,0.003472222222222222,12.0,0.0,12.0,0.0,1203.9347826086955,55606.91810217881,1,2,0.3686511349854481,true
activemq-core/src/main/java/org/apache/activemq/broker/region/policy/FilePendingSubscriberMessageStoragePolicy.java,17.0,3.0,0.0,1.0,0.0,2.0,28.0,rajdavies@apache.org,1,0.003472222222222222,14.0,0.0,14.0,0.0,1203.9347826086955,55606.91810217881,1,2,0.3686511349854481,true
activemq-core/src/main/java/org/apache/activemq/broker/region/policy/PendingDurableSubscriberMessageStoragePolicy.java,16.0,3.0,0.0,1.0,0.0,2.0,28.0,chirino@apache.org,1,0.003472222222222222,12.0,0.0,12.0,0.0,1203.9347826086955,55606.91810217881,1,4,0.3686511349854481,true
activemq-core/src/main/java/org/apache/activemq/broker/region/policy/PendingQueueMessageStoragePolicy.java,13.0,3.0,0.0,1.0,0.0,2.0,28.0,rajdavies@apache.org,1,0.003472222222222222,14.0,0.0,14.0,0.0,1203.9347826086955,55606.91810217881,1,3,0.3686511349854481,true
activemq-core/src/main/java/org/apache/activemq/broker/region/policy/PendingSubscriberMessageStoragePolicy.java,14.0,2.0,0.0,1.0,0.0,2.0,28.0,rajdavies@apache.org,1,0.003472222222222222,14.0,0.0,14.0,0.0,1203.9347826086955,55606.91810217881,1,2,0.3686511349854481,true
activemq-core/src/main/java/org/apache/activemq/broker/region/policy/PolicyEntry.java,309.0,12.0,1030.0,48.0,71.0,79.0,15.0,rajdavies@apache.org,1,0.003472222222222222,11.0,3.0,5.0,0.0,1203.9347826086955,55606.91810217881,1,11,0.3686511349854481,true
activemq-core/src/main/java/org/apache/activemq/broker/region/policy/RoundRobinDispatchPolicy.java,42.0,7.0,0.0,1.0,6.0,6.0,10.0,chirino@apache.org,1,0.003472222222222222,10.0,0.0,0.0,0.0,1203.9347826086955,55606.91810217881,1,8,0.3686511349854481,true
activemq-core/src/main/java/org/apache/activemq/broker/region/policy/SimpleDispatchPolicy.java,23.0,5.0,0.0,1.0,4.0,5.0,8.0,chirino@apache.org,1,0.003472222222222222,7.0,0.0,7.0,0.0,1203.9347826086955,55606.91810217881,1,5,0.3686511349854481,true
activemq-core/src/main/java/org/apache/activemq/broker/region/policy/SimpleDispatchSelector.java,20.0,4.0,0.0,2.0,3.0,4.0,15.0,rajdavies@apache.org,1,0.003472222222222222,40.0,20.0,0.0,0.0,1203.9347826086955,55606.91810217881,1,0,0.3686511349854481,false
activemq-core/src/main/java/org/apache/activemq/broker/region/policy/StorePendingDurableSubscriberMessageStoragePolicy.java,19.0,5.0,0.0,1.0,0.0,2.0,28.0,chirino@apache.org,1,0.003472222222222222,9.0,0.0,9.0,0.0,1203.9347826086955,55606.91810217881,1,4,0.3686511349854481,true
activemq-core/src/main/java/org/apache/activemq/broker/region/policy/StorePendingQueueMessageStoragePolicy.java,16.0,4.0,0.0,1.0,0.0,2.0,28.0,rajdavies@apache.org,1,0.003472222222222222,17.0,0.0,17.0,0.0,1203.9347826086955,55606.91810217881,1,2,0.3686511349854481,true
activemq-core/src/main/java/org/apache/activemq/broker/region/policy/VMPendingDurableSubscriberMessageStoragePolicy.java,19.0,4.0,0.0,1.0,0.0,2.0,28.0,rajdavies@apache.org,1,0.003472222222222222,10.0,0.0,10.0,0.0,1203.9347826086955,55606.91810217881,1,4,0.3686511349854481,true
activemq-core/src/main/java/org/apache/activemq/broker/region/policy/VMPendingQueueMessageStoragePolicy.java,15.0,4.0,0.0,1.0,0.0,2.0,28.0,rajdavies@apache.org,1,0.003472222222222222,11.0,0.0,11.0,0.0,1203.9347826086955,55606.91810217881,1,3,0.3686511349854481,true
activemq-core/src/main/java/org/apache/activemq/broker/region/policy/VMPendingSubscriberMessageStoragePolicy.java,17.0,3.0,0.0,1.0,0.0,2.0,28.0,rajdavies@apache.org,1,0.003472222222222222,14.0,0.0,14.0,0.0,1203.9347826086955,55606.91810217881,1,2,0.3686511349854481,true
activemq-core/src/main/java/org/apache/activemq/command/ActiveMQMessage.java,518.0,19.0,2763.0,75.0,175.0,204.0,2.0,null,1,0.003472222222222222,3.0,3.0,3.0,3.0,30.0,65.72240349393556,1,12,3.4011973816621555,true
activemq-core/src/main/java/org/apache/activemq/command/ActiveMQTextMessage.java,94.0,17.0,6.0,9.0,19.0,27.0,12.0,chirino@apache.org,1,0.003472222222222222,4.0,0.0,4.0,0.0,1203.9347826086955,55606.91810217881,1,6,0.3686511349854481,true
activemq-core/src/main/java/org/apache/activemq/command/Message.java,544.0,16.0,4302.0,97.0,28.0,181.0,9.0,null,1,0.003472222222222222,7.0,0.0,4.0,0.0,1203.9347826086955,55606.91810217881,1,13,0.3686511349854481,true
activemq-core/src/main/java/org/apache/activemq/kaha/IndexMBean.java,7.0,0.0,1.0,2.0,0.0,2.0,34.0,rajdavies@apache.org,1,0.003472222222222222,50.0,0.0,50.0,0.0,1203.9347826086955,55606.91810217881,1,0,0.3686511349854481,true
activemq-core/src/main/java/org/apache/activemq/kaha/MapContainer.java,179.0,3.0,595.0,35.0,0.0,76.0,34.0,rajdavies@apache.org,1,0.003472222222222222,5.0,0.0,5.0,0.0,1203.9347826086955,55606.91810217881,1,6,0.3686511349854481,true
activemq-core/src/main/java/org/apache/activemq/kaha/Store.java,218.0,2.0,465.0,31.0,0.0,94.0,34.0,rajdavies@apache.org,1,0.003472222222222222,4.0,0.0,4.0,0.0,1203.9347826086955,55606.91810217881,1,7,0.3686511349854481,true
activemq-core/src/main/java/org/apache/activemq/kaha/impl/KahaStore.java,469.0,29.0,914.0,52.0,180.0,145.0,34.0,rajdavies@apache.org,1,0.003472222222222222,2.0,0.0,2.0,0.0,1203.9347826086955,55606.91810217881,1,17,0.3686511349854481,true
activemq-core/src/main/java/org/apache/activemq/kaha/impl/async/AsyncDataManager.java,548.0,25.0,936.0,52.0,171.0,149.0,4.0,rajdavies@apache.org,1,0.003472222222222222,7.0,2.0,5.0,0.0,527.4029850746268,11779.358754335428,1,15,1.6304913216319328,true
activemq-core/src/main/java/org/apache/activemq/kaha/impl/async/ControlFile.java,129.0,7.0,0.0,6.0,20.0,23.0,1.0,chirino@apache.org,1,0.003472222222222222,9.0,0.0,9.0,0.0,527.4029850746268,11779.358754335428,1,4,1.6304913216319328,true
activemq-core/src/main/java/org/apache/activemq/kaha/impl/async/DataFile.java,82.0,5.0,43.0,18.0,12.0,38.0,4.0,rajdavies@apache.org,1,0.003472222222222222,7.0,7.0,7.0,0.0,527.4029850746268,11779.358754335428,1,8,1.6304913216319328,true
activemq-core/src/main/java/org/apache/activemq/kaha/impl/async/ReadOnlyAsyncDataManager.java,80.0,10.0,13.0,6.0,28.0,21.0,4.0,chirino@apache.org,1,0.003472222222222222,20.0,20.0,20.0,0.0,527.4029850746268,11779.358754335428,1,0,1.6304913216319328,true
activemq-core/src/main/java/org/apache/activemq/kaha/impl/async/ReadOnlyDataFile.java,26.0,4.0,10.0,5.0,2.0,11.0,4.0,chirino@apache.org,1,0.003472222222222222,33.0,33.0,33.0,0.0,527.4029850746268,11779.358754335428,1,0,1.6304913216319328,false
activemq-core/src/main/java/org/apache/activemq/kaha/impl/container/BaseContainerImpl.java,161.0,15.0,156.0,24.0,41.0,50.0,0.0,rajdavies@apache.org,0,0.0,0.0,0.0,0.0,0.0,0.0,0.0,0,8,0.0,true
activemq-core/src/main/java/org/apache/activemq/kaha/impl/container/ListContainerImpl.java,623.0,19.0,1558.0,57.0,245.0,171.0,0.0,rajdavies@apache.org,0,0.0,0.0,0.0,0.0,0.0,0.0,0.0,0,9,0.0,true
activemq-core/src/main/java/org/apache/activemq/kaha/impl/container/MapContainerImpl.java,434.0,26.0,534.0,40.0,141.0,122.0,17.0,rajdavies@apache.org,1,0.003472222222222222,7.0,0.0,4.0,4.0,1203.9347826086955,55606.91810217881,1,7,0.3686511349854481,true
activemq-core/src/main/java/org/apache/activemq/kaha/impl/data/DataManagerImpl.java,253.0,16.0,307.0,31.0,102.0,89.0,34.0,rajdavies@apache.org,1,0.003472222222222222,7.0,0.0,7.0,0.0,1203.9347826086955,55606.91810217881,1,6,0.3686511349854481,true
activemq-core/src/main/java/org/apache/activemq/kaha/impl/index/DiskIndexLinkedList.java,279.0,2.0,0.0,23.0,30.0,80.0,1.0,rajdavies@apache.org,1,0.003472222222222222,7.0,0.0,7.0,0.0,1203.9347826086955,55606.91810217881,1,7,0.3686511349854481,true
activemq-core/src/main/java/org/apache/activemq/kaha/impl/index/Index.java,60.0,3.0,45.0,10.0,0.0,24.0,34.0,rajdavies@apache.org,1,0.003472222222222222,12.0,0.0,12.0,0.0,1203.9347826086955,55606.91810217881,1,2,0.3686511349854481,true
activemq-core/src/main/java/org/apache/activemq/kaha/impl/index/IndexLinkedList.java,121.0,1.0,210.0,21.0,0.0,47.0,0.0,chirino@apache.org,0,0.0,0.0,0.0,0.0,0.0,0.0,0.0,0,4,0.0,true
activemq-core/src/main/java/org/apache/activemq/kaha/impl/index/VMIndex.java,91.0,8.0,9.0,11.0,11.0,24.0,34.0,rajdavies@apache.org,1,0.003472222222222222,10.0,0.0,10.0,0.0,1203.9347826086955,55606.91810217881,1,3,0.3686511349854481,true
activemq-core/src/main/java/org/apache/activemq/kaha/impl/index/VMIndexLinkedList.java,152.0,1.0,0.0,25.0,12.0,60.0,0.0,rajdavies@apache.org,0,0.0,0.0,0.0,0.0,0.0,0.0,0.0,0,7,0.0,true
activemq-core/src/main/java/org/apache/activemq/kaha/impl/index/hash/HashBin.java,265.0,6.0,58.0,24.0,63.0,81.0,8.0,rajdavies@apache.org,1,0.003472222222222222,29.0,0.0,19.0,0.0,1203.9347826086955,55606.91810217881,1,4,0.3686511349854481,true
activemq-core/src/main/java/org/apache/activemq/kaha/impl/index/hash/HashIndex.java,396.0,14.0,556.0,40.0,113.0,109.0,5.0,rajdavies@apache.org,1,0.003472222222222222,26.0,0.0,6.0,6.0,1203.9347826086955,55606.91810217881,1,5,0.3686511349854481,true
activemq-core/src/main/java/org/apache/activemq/kaha/impl/index/hash/HashIndexMBean.java,37.0,1.0,28.0,8.0,0.0,15.0,34.0,rajdavies@apache.org,1,0.003472222222222222,50.0,0.0,50.0,0.0,1203.9347826086955,55606.91810217881,1,0,0.3686511349854481,true
activemq-core/src/main/java/org/apache/activemq/kaha/impl/index/hash/HashPageInfo.java,80.0,1.0,7.0,14.0,6.0,28.0,3.0,rajdavies@apache.org,1,0.003472222222222222,33.0,8.0,8.0,0.0,1203.9347826086955,55606.91810217881,1,2,0.3686511349854481,true
activemq-core/src/main/java/org/apache/activemq/kaha/impl/index/tree/TreeIndex.java,354.0,14.0,331.0,34.0,106.0,96.0,34.0,chirino@apache.org,1,0.003472222222222222,8.0,0.0,8.0,0.0,1203.9347826086955,55606.91810217881,1,4,0.3686511349854481,true
activemq-core/src/main/java/org/apache/activemq/network/ConduitBridge.java,54.0,10.0,6.0,4.0,25.0,13.0,18.0,null,1,0.003472222222222222,7.0,0.0,4.0,0.0,1203.9347826086955,55606.91810217881,1,8,0.3686511349854481,true
activemq-core/src/main/java/org/apache/activemq/network/DemandForwardingBridgeSupport.java,786.0,49.0,1691.0,67.0,288.0,169.0,5.0,null,1,0.003472222222222222,6.0,0.0,1.0,0.0,1203.9347826086955,55606.91810217881,1,20,0.3686511349854481,true
activemq-core/src/main/java/org/apache/activemq/network/DiscoveryNetworkConnector.java,153.0,15.0,31.0,14.0,45.0,36.0,0.0,chirino@apache.org,0,0.0,0.0,0.0,0.0,0.0,0.0,0.0,0,9,0.0,true
activemq-core/src/main/java/org/apache/activemq/openwire/OpenWireFormat.java,451.0,14.0,463.0,39.0,99.0,113.0,1.0,chirino@apache.org,1,0.003472222222222222,2.0,0.0,2.0,0.0,527.4029850746268,11779.358754335428,1,9,1.6304913216319328,true
activemq-core/src/main/java/org/apache/activemq/openwire/v1/BaseDataStreamMarshaller.java,545.0,9.0,1376.0,53.0,174.0,193.0,0.0,chirino@apache.org,0,0.0,0.0,0.0,0.0,0.0,0.0,0.0,0,7,0.0,false
activemq-core/src/main/java/org/apache/activemq/openwire/v2/BaseDataStreamMarshaller.java,545.0,9.0,1376.0,53.0,176.0,193.0,0.0,chirino@apache.org,0,0.0,0.0,0.0,0.0,0.0,0.0,0.0,0,5,0.0,false
activemq-core/src/main/java/org/apache/activemq/openwire/v3/BaseDataStreamMarshaller.java,545.0,9.0,1376.0,53.0,176.0,193.0,0.0,chirino@apache.org,0,0.0,0.0,0.0,0.0,0.0,0.0,0.0,0,4,0.0,false
activemq-core/src/main/java/org/apache/activemq/pool/ConnectionPool.java,169.0,15.0,68.0,16.0,29.0,35.0,2.0,chirino@apache.org,1,0.003472222222222222,6.0,0.0,6.0,0.0,1203.9347826086955,55606.91810217881,1,8,0.3686511349854481,true
activemq-core/src/main/java/org/apache/activemq/spring/ActiveMQConnectionFactoryFactoryBean.java,111.0,3.0,117.0,18.0,17.0,38.0,2.0,chirino@apache.org,1,0.003472222222222222,33.0,33.0,0.0,0.0,305.36,2353.7300259326894,1,0,2.647425579285775,false
activemq-core/src/main/java/org/apache/activemq/state/ConnectionStateTracker.java,431.0,22.0,382.0,41.0,129.0,124.0,2.0,null,1,0.003472222222222222,5.0,0.0,2.0,0.0,1203.9347826086955,55606.91810217881,1,8,0.3686511349854481,true
activemq-core/src/main/java/org/apache/activemq/store/ReferenceStore.java,46.0,4.0,10.0,5.0,0.0,10.0,13.0,chirino@apache.org,1,0.003472222222222222,9.0,0.0,0.0,0.0,1203.9347826086955,55606.91810217881,1,5,0.3686511349854481,false
activemq-core/src/main/java/org/apache/activemq/store/ReferenceStoreAdapter.java,60.0,7.0,45.0,10.0,0.0,25.0,34.0,rajdavies@apache.org,1,0.003472222222222222,8.0,0.0,8.0,0.0,1203.9347826086955,55606.91810217881,1,4,0.3686511349854481,true
activemq-core/src/main/java/org/apache/activemq/store/amq/AMQMessageStore.java,481.0,35.0,42.0,32.0,175.0,115.0,10.0,rajdavies@apache.org,1,0.003472222222222222,19.0,3.0,3.0,0.0,1203.9347826086955,55606.91810217881,1,8,0.3686511349854481,true
activemq-core/src/main/java/org/apache/activemq/store/amq/AMQPersistenceAdapter.java,766.0,54.0,2921.0,83.0,207.0,200.0,13.0,rajdavies@apache.org,2,0.006944444444444444,6.0,1.0,3.0,0.0,1731.3377676833225,67386.27685651423,2,15,0.2003755426347854,true
activemq-core/src/main/java/org/apache/activemq/store/amq/AMQTopicMessageStore.java,146.0,15.0,0.0,15.0,48.0,43.0,7.0,rajdavies@apache.org,1,0.003472222222222222,11.0,0.0,5.0,0.0,1203.9347826086955,55606.91810217881,1,8,0.3686511349854481,true
activemq-core/src/main/java/org/apache/activemq/store/amq/RecoveryListenerAdapter.java,42.0,6.0,5.0,7.0,7.0,17.0,13.0,rajdavies@apache.org,1,0.003472222222222222,7.0,0.0,0.0,0.0,1203.9347826086955,55606.91810217881,1,7,0.3686511349854481,true
activemq-core/src/main/java/org/apache/activemq/store/jdbc/JDBCPersistenceAdapter.java,397.0,29.0,1282.0,53.0,99.0,122.0,1.0,null,1,0.003472222222222222,3.0,0.0,3.0,0.0,527.4029850746268,11779.358754335428,1,12,1.6304913216319328,true
activemq-core/src/main/java/org/apache/activemq/store/jdbc/adapter/DefaultJDBCAdapter.java,647.0,18.0,0.0,34.0,298.0,125.0,0.0,null,0,0.0,0.0,0.0,0.0,0.0,0.0,0.0,0,13,0.0,true
activemq-core/src/main/java/org/apache/activemq/store/kahadaptor/KahaPersistenceAdapter.java,241.0,33.0,519.0,35.0,72.0,88.0,34.0,rajdavies@apache.org,1,0.003472222222222222,2.0,0.0,2.0,0.0,1203.9347826086955,55606.91810217881,1,10,0.3686511349854481,true
activemq-core/src/main/java/org/apache/activemq/store/kahadaptor/KahaReferenceStore.java,195.0,13.0,197.0,26.0,58.0,57.0,13.0,rajdavies@apache.org,1,0.003472222222222222,3.0,0.0,0.0,0.0,1203.9347826086955,55606.91810217881,1,12,0.3686511349854481,true
activemq-core/src/main/java/org/apache/activemq/store/kahadaptor/KahaReferenceStoreAdapter.java,239.0,34.0,397.0,31.0,79.0,73.0,13.0,rajdavies@apache.org,1,0.003472222222222222,10.0,0.0,2.0,0.0,1203.9347826086955,55606.91810217881,1,13,0.3686511349854481,true
activemq-core/src/main/java/org/apache/activemq/store/kahadaptor/KahaTopicMessageStore.java,196.0,16.0,4.0,16.0,89.0,52.0,0.0,rajdavies@apache.org,0,0.0,0.0,0.0,0.0,0.0,0.0,0.0,0,12,0.0,true
activemq-core/src/main/java/org/apache/activemq/store/kahadaptor/KahaTopicReferenceStore.java,263.0,18.0,120.0,21.0,116.0,68.0,12.0,rajdavies@apache.org,1,0.003472222222222222,9.0,0.0,7.0,0.0,1203.9347826086955,55606.91810217881,1,15,0.3686511349854481,true
activemq-core/src/main/java/org/apache/activemq/store/kahadaptor/TopicSubContainer.java,70.0,4.0,0.0,14.0,18.0,26.0,0.0,rajdavies@apache.org,0,0.0,0.0,0.0,0.0,0.0,0.0,0.0,0,7,0.0,false
activemq-core/src/main/java/org/apache/activemq/store/memory/MemoryPersistenceAdapter.java,118.0,18.0,190.0,21.0,20.0,46.0,1.0,chirino@apache.org,1,0.003472222222222222,4.0,0.0,4.0,0.0,1203.9347826086955,55606.91810217881,1,7,0.3686511349854481,true
activemq-core/src/main/java/org/apache/activemq/store/memory/MemoryTopicMessageStore.java,89.0,15.0,0.0,15.0,34.0,36.0,23.0,rajdavies@apache.org,1,0.003472222222222222,10.0,0.0,5.0,0.0,1203.9347826086955,55606.91810217881,1,5,0.3686511349854481,true
activemq-core/src/main/java/org/apache/activemq/store/memory/MemoryTopicSub.java,60.0,7.0,0.0,6.0,24.0,18.0,34.0,rajdavies@apache.org,1,0.003472222222222222,8.0,0.0,8.0,0.0,1203.9347826086955,55606.91810217881,1,5,0.3686511349854481,true
activemq-core/src/main/java/org/apache/activemq/thread/DeterministicTaskRunner.java,57.0,1.0,0.0,6.0,8.0,13.0,1.0,chirino@apache.org,1,0.003472222222222222,20.0,20.0,0.0,0.0,1203.9347826086955,55606.91810217881,1,0,0.3686511349854481,true
activemq-core/src/main/java/org/apache/activemq/thread/Scheduler.java,25.0,3.0,0.0,4.0,6.0,5.0,4.0,chirino@apache.org,1,0.003472222222222222,4.0,0.0,4.0,0.0,1203.9347826086955,55606.91810217881,1,6,0.3686511349854481,true
activemq-core/src/main/java/org/apache/activemq/thread/SchedulerTimerTask.java,12.0,1.0,0.0,2.0,1.0,2.0,4.0,rajdavies@apache.org,1,0.003472222222222222,50.0,0.0,50.0,0.0,1203.9347826086955,55606.91810217881,1,0,0.3686511349854481,true
activemq-core/src/main/java/org/apache/activemq/thread/TaskRunnerFactory.java,51.0,5.0,0.0,6.0,8.0,14.0,1.0,chirino@apache.org,1,0.003472222222222222,4.0,0.0,0.0,0.0,1203.9347826086955,55606.91810217881,1,6,0.3686511349854481,true
activemq-core/src/main/java/org/apache/activemq/thread/Valve.java,73.0,0.0,0.0,6.0,6.0,18.0,0.0,chirino@apache.org,0,0.0,0.0,0.0,0.0,0.0,0.0,0.0,0,5,0.0,true
activemq-core/src/main/java/org/apache/activemq/transaction/Transaction.java,63.0,5.0,49.0,14.0,12.0,29.0,0.0,chirino@apache.org,0,0.0,0.0,0.0,0.0,0.0,0.0,0.0,0,6,0.0,true
activemq-core/src/main/java/org/apache/activemq/transport/InactivityMonitor.java,223.0,12.0,77.0,15.0,53.0,42.0,1.0,chirino@apache.org,2,0.006944444444444444,22.0,7.0,9.0,0.0,1731.3377676833225,67386.27685651423,2,12,0.3579178671609048,true
activemq-core/src/main/java/org/apache/activemq/transport/LogWriter.java,48.0,2.0,21.0,7.0,0.0,7.0,22.0,rajdavies@apache.org,1,0.003472222222222222,17.0,0.0,0.0,0.0,527.4029850746268,11779.358754335428,1,0,1.6304913216319328,false
activemq-core/src/main/java/org/apache/activemq/transport/ResponseCorrelator.java,81.0,11.0,27.0,10.0,29.0,23.0,3.0,chirino@apache.org,1,0.003472222222222222,4.0,0.0,0.0,0.0,1203.9347826086955,55606.91810217881,1,9,0.3686511349854481,true
activemq-core/src/main/java/org/apache/activemq/transport/Transport.java,73.0,3.0,66.0,12.0,0.0,32.0,6.0,chirino@apache.org,1,0.003472222222222222,14.0,10.0,0.0,0.0,1203.9347826086955,55606.91810217881,1,6,0.3686511349854481,true
activemq-core/src/main/java/org/apache/activemq/transport/TransportFilter.java,99.0,2.0,0.0,21.0,21.0,43.0,8.0,chirino@apache.org,1,0.003472222222222222,9.0,9.0,0.0,0.0,1203.9347826086955,55606.91810217881,1,6,0.3686511349854481,true
activemq-core/src/main/java/org/apache/activemq/transport/TransportLogger.java,91.0,2.0,0.0,13.0,19.0,40.0,22.0,chirino@apache.org,1,0.003472222222222222,6.0,0.0,0.0,0.0,527.4029850746268,11779.358754335428,1,7,1.6304913216319328,true
activemq-core/src/main/java/org/apache/activemq/transport/TransportLoggerControl.java,21.0,2.0,6.0,4.0,3.0,5.0,22.0,rajdavies@apache.org,1,0.003472222222222222,20.0,0.0,0.0,0.0,527.4029850746268,11779.358754335428,1,0,1.6304913216319328,false
activemq-core/src/main/java/org/apache/activemq/transport/TransportLoggerControlMBean.java,20.0,0.0,3.0,3.0,0.0,6.0,22.0,rajdavies@apache.org,1,0.003472222222222222,20.0,0.0,0.0,0.0,527.4029850746268,11779.358754335428,1,0,1.6304913216319328,false
activemq-core/src/main/java/org/apache/activemq/transport/TransportLoggerFactory.java,148.0,7.0,37.0,10.0,24.0,31.0,22.0,rajdavies@apache.org,1,0.003472222222222222,12.0,0.0,0.0,0.0,527.4029850746268,11779.358754335428,1,0,1.6304913216319328,false
activemq-core/src/main/java/org/apache/activemq/transport/TransportLoggerView.java,106.0,9.0,19.0,11.0,25.0,24.0,22.0,rajdavies@apache.org,1,0.003472222222222222,11.0,0.0,0.0,0.0,527.4029850746268,11779.358754335428,1,0,1.6304913216319328,false
activemq-core/src/main/java/org/apache/activemq/transport/TransportLoggerViewMBean.java,25.0,0.0,6.0,4.0,0.0,9.0,22.0,rajdavies@apache.org,1,0.003472222222222222,20.0,0.0,0.0,0.0,527.4029850746268,11779.358754335428,1,0,1.6304913216319328,false
activemq-core/src/main/java/org/apache/activemq/transport/TransportSupport.java,80.0,5.0,66.0,13.0,9.0,28.0,8.0,chirino@apache.org,1,0.003472222222222222,9.0,9.0,0.0,0.0,1203.9347826086955,55606.91810217881,1,8,0.3686511349854481,true
activemq-core/src/main/java/org/apache/activemq/transport/discovery/DiscoveryAgent.java,22.0,4.0,3.0,3.0,0.0,7.0,0.0,chirino@apache.org,0,0.0,0.0,0.0,0.0,0.0,0.0,0.0,0,2,0.0,true
activemq-core/src/main/java/org/apache/activemq/transport/discovery/multicast/MulticastDiscoveryAgent.java,401.0,22.0,567.0,38.0,82.0,79.0,0.0,chirino@apache.org,0,0.0,0.0,0.0,0.0,0.0,0.0,0.0,0,8,0.0,true
activemq-core/src/main/java/org/apache/activemq/transport/discovery/rendezvous/RendezvousDiscoveryAgent.java,153.0,18.0,314.0,28.0,44.0,55.0,0.0,chirino@apache.org,0,0.0,0.0,0.0,0.0,0.0,0.0,0.0,0,5,0.0,true
activemq-core/src/main/java/org/apache/activemq/transport/discovery/simple/SimpleDiscoveryAgent.java,147.0,8.0,153.0,22.0,26.0,48.0,1.0,chirino@apache.org,1,0.003472222222222222,4.0,0.0,0.0,0.0,1203.9347826086955,55606.91810217881,1,7,0.3686511349854481,true
activemq-core/src/main/java/org/apache/activemq/transport/discovery/simple/SimpleDiscoveryAgentFactory.java,15.0,9.0,0.0,1.0,6.0,4.0,0.0,chirino@apache.org,0,0.0,0.0,0.0,0.0,0.0,0.0,0.0,0,1,0.0,false
activemq-core/src/main/java/org/apache/activemq/transport/failover/BackupTransport.java,43.0,4.0,19.0,10.0,4.0,19.0,5.0,rajdavies@apache.org,1,0.003472222222222222,50.0,33.0,0.0,0.0,1203.9347826086955,55606.91810217881,1,0,0.3686511349854481,false
activemq-core/src/main/java/org/apache/activemq/transport/failover/FailoverTransport.java,623.0,32.0,1266.0,57.0,164.0,151.0,3.0,null,3,0.010416666666666666,18.0,3.0,5.0,3.0,1761.3377676833225,67451.99926000818,3,20,0.12748918750771243,true
activemq-core/src/main/java/org/apache/activemq/transport/fanout/FanoutTransport.java,449.0,27.0,483.0,35.0,86.0,90.0,8.0,chirino@apache.org,1,0.003472222222222222,5.0,5.0,0.0,0.0,1203.9347826086955,55606.91810217881,1,11,0.3686511349854481,true
activemq-core/src/main/java/org/apache/activemq/transport/logwriters/CustomLogWriter.java,96.0,11.0,28.0,8.0,26.0,12.0,22.0,rajdavies@apache.org,1,0.003472222222222222,17.0,0.0,0.0,0.0,527.4029850746268,11779.358754335428,1,0,1.6304913216319328,false
activemq-core/src/main/java/org/apache/activemq/transport/logwriters/DefaultLogWriter.java,27.0,3.0,21.0,7.0,6.0,7.0,22.0,rajdavies@apache.org,1,0.003472222222222222,17.0,0.0,0.0,0.0,527.4029850746268,11779.358754335428,1,0,1.6304913216319328,false
activemq-core/src/main/java/org/apache/activemq/transport/mock/MockTransport.java,105.0,8.0,198.0,21.0,38.0,43.0,8.0,chirino@apache.org,1,0.003472222222222222,10.0,10.0,0.0,0.0,1203.9347826086955,55606.91810217881,1,7,0.3686511349854481,true
activemq-core/src/main/java/org/apache/activemq/transport/stomp/FrameTranslator.java,69.0,7.0,6.0,4.0,0.0,7.0,0.0,chirino@apache.org,0,0.0,0.0,0.0,0.0,0.0,0.0,0.0,0,6,0.0,true
activemq-core/src/main/java/org/apache/activemq/transport/stomp/LegacyFrameTranslator.java,107.0,9.0,6.0,4.0,31.0,20.0,0.0,chirino@apache.org,0,0.0,0.0,0.0,0.0,0.0,0.0,0.0,0,5,0.0,true
activemq-core/src/main/java/org/apache/activemq/transport/stomp/ProtocolConverter.java,424.0,39.0,258.0,28.0,224.0,93.0,6.0,null,1,0.003472222222222222,4.0,0.0,0.0,0.0,527.4029850746268,11779.358754335428,1,6,1.6304913216319328,true
activemq-core/src/main/java/org/apache/activemq/transport/stomp/Stomp.java,85.0,0.0,0.0,0.0,0.0,0.0,10.0,chirino@apache.org,1,0.003472222222222222,5.0,0.0,0.0,0.0,527.4029850746268,11779.358754335428,1,2,1.6304913216319328,true
activemq-core/src/main/java/org/apache/activemq/transport/stomp/StompSubscription.java,87.0,12.0,14.0,9.0,30.0,22.0,10.0,chirino@apache.org,1,0.003472222222222222,4.0,0.0,0.0,0.0,527.4029850746268,11779.358754335428,1,4,1.6304913216319328,true
activemq-core/src/main/java/org/apache/activemq/transport/stomp/StompTransportFilter.java,62.0,8.0,8.0,8.0,9.0,16.0,10.0,chirino@apache.org,1,0.003472222222222222,4.0,0.0,0.0,0.0,527.4029850746268,11779.358754335428,1,3,1.6304913216319328,true
activemq-core/src/main/java/org/apache/activemq/transport/stomp/XStreamFrameTranslator.java,82.0,20.0,19.0,7.0,27.0,28.0,10.0,chirino@apache.org,1,0.003472222222222222,33.0,0.0,0.0,0.0,527.4029850746268,11779.358754335428,1,0,1.6304913216319328,false
activemq-core/src/main/java/org/apache/activemq/transport/tcp/SslTransportFactory.java,115.0,28.0,13.0,7.0,36.0,30.0,22.0,chirino@apache.org,1,0.003472222222222222,4.0,0.0,0.0,0.0,527.4029850746268,11779.358754335428,1,5,1.6304913216319328,true
activemq-core/src/main/java/org/apache/activemq/transport/tcp/TcpBufferedOutputStream.java,80.0,3.0,3.0,6.0,5.0,17.0,1.0,chirino@apache.org,1,0.003472222222222222,13.0,0.0,0.0,7.0,1203.9347826086955,55606.91810217881,1,4,0.3686511349854481,true
activemq-core/src/main/java/org/apache/activemq/transport/tcp/TcpTransport.java,378.0,29.0,857.0,46.0,61.0,98.0,11.0,null,2,0.006944444444444444,3.0,0.0,0.0,0.0,1731.3377676833225,67386.27685651423,2,17,0.3064240477487451,true
activemq-core/src/main/java/org/apache/activemq/transport/tcp/TcpTransportFactory.java,97.0,21.0,26.0,8.0,35.0,29.0,22.0,chirino@apache.org,1,0.003472222222222222,3.0,0.0,0.0,0.0,527.4029850746268,11779.358754335428,1,9,1.6304913216319328,true
activemq-core/src/main/java/org/apache/activemq/transport/tcp/TcpTransportServer.java,245.0,28.0,279.0,27.0,64.0,67.0,14.0,chirino@apache.org,2,0.006944444444444444,4.0,0.0,2.0,0.0,1731.3377676833225,67386.27685651423,2,11,0.3064240477487451,true
activemq-core/src/main/java/org/apache/activemq/transport/udp/UdpTransportFactory.java,96.0,25.0,36.0,9.0,27.0,34.0,22.0,chirino@apache.org,1,0.003472222222222222,3.0,0.0,0.0,0.0,527.4029850746268,11779.358754335428,1,9,1.6304913216319328,true
activemq-core/src/main/java/org/apache/activemq/transport/vm/VMTransport.java,269.0,15.0,290.0,28.0,46.0,66.0,8.0,chirino@apache.org,1,0.003472222222222222,4.0,4.0,0.0,0.0,1203.9347826086955,55606.91810217881,1,12,0.3686511349854481,true
activemq-core/src/main/java/org/apache/activemq/usage/MemoryUsage.java,120.0,0.0,71.0,14.0,13.0,31.0,0.0,rajdavies@apache.org,0,0.0,0.0,0.0,0.0,0.0,0.0,0.0,0,2,0.0,false
activemq-core/src/main/java/org/apache/activemq/usage/Usage.java,325.0,14.0,258.0,37.0,69.0,86.0,1.0,gtully@apache.org,1,0.003472222222222222,4.0,0.0,4.0,0.0,1203.9347826086955,55606.91810217881,1,3,0.3686511349854481,true
activemq-core/src/main/java/org/apache/activemq/util/ActiveMQMessageUtils.java,20.0,1.0,0.0,1.0,3.0,4.0,1.0,rajdavies@apache.org,1,0.003472222222222222,50.0,0.0,0.0,0.0,1203.9347826086955,55606.91810217881,1,0,0.3686511349854481,false
activemq-core/src/main/java/org/apache/activemq/util/BitArrayBin.java,133.0,1.0,7.0,7.0,15.0,25.0,1.0,rajdavies@apache.org,1,0.003472222222222222,9.0,0.0,0.0,9.0,1203.9347826086955,55606.91810217881,1,5,0.3686511349854481,true
activemq-core/src/main/java/org/apache/activemq/util/BrokerSupport.java,34.0,6.0,1.0,2.0,14.0,3.0,1.0,chirino@apache.org,1,0.003472222222222222,7.0,0.0,0.0,0.0,1203.9347826086955,55606.91810217881,1,5,0.3686511349854481,true
activemq-core/src/main/java/org/apache/activemq/util/ClassLoadingAwareObjectInputStream.java,52.0,6.0,6.0,4.0,11.0,17.0,1.0,chirino@apache.org,1,0.003472222222222222,9.0,0.0,0.0,0.0,1203.9347826086955,55606.91810217881,1,2,0.3686511349854481,false
activemq-core/src/main/java/org/apache/activemq/util/IOHelper.java,111.0,2.0,45.0,10.0,23.0,31.0,17.0,rajdavies@apache.org,1,0.003472222222222222,13.0,7.0,7.0,0.0,1203.9347826086955,55606.91810217881,1,5,0.3686511349854481,true
activemq-core/src/main/java/org/apache/activemq/util/IntrospectionSupport.java,230.0,15.0,105.0,15.0,94.0,62.0,0.0,chirino@apache.org,0,0.0,0.0,0.0,0.0,0.0,0.0,0.0,0,11,0.0,true
activemq-core/src/main/java/org/apache/activemq/util/LRUSet.java,55.0,3.0,0.0,10.0,8.0,20.0,0.0,tabish@apache.org,0,0.0,0.0,0.0,0.0,0.0,0.0,0.0,0,1,0.0,true
activemq-core/src/main/java/org/apache/activemq/util/LogWriterFinder.java,88.0,9.0,4.0,4.0,17.0,18.0,22.0,rajdavies@apache.org,1,0.003472222222222222,17.0,0.0,0.0,0.0,527.4029850746268,11779.358754335428,1,0,1.6304913216319328,false
activemq-core/src/main/java/org/apache/activemq/util/MarshallingSupport.java,351.0,12.0,252.0,24.0,99.0,80.0,0.0,chirino@apache.org,0,0.0,0.0,0.0,0.0,0.0,0.0,0.0,0,8,0.0,true
activemq-core/src/main/java/org/apache/activemq/util/ServiceSupport.java,66.0,4.0,18.0,8.0,13.0,22.0,8.0,chirino@apache.org,1,0.003472222222222222,6.0,6.0,0.0,0.0,1203.9347826086955,55606.91810217881,1,6,0.3686511349854481,false
activemq-core/src/test/java/org/apache/activemq/ActiveMQInputStreamTest.java,49.0,9.0,0.0,1.0,16.0,5.0,3.0,tabish@apache.org,1,0.003472222222222222,25.0,25.0,0.0,0.0,30.0,65.72240349393556,1,0,3.4011973816621555,false
activemq-core/src/test/java/org/apache/activemq/ActiveMQMessageAuditTest.java,79.0,8.0,21.0,7.0,22.0,16.0,0.0,rajdavies@apache.org,0,0.0,0.0,0.0,0.0,0.0,0.0,0.0,0,6,0.0,true
activemq-core/src/test/java/org/apache/activemq/EmbeddedBrokerTestSupport.java,98.0,9.0,35.0,11.0,18.0,32.0,1.0,chirino@apache.org,1,0.003472222222222222,6.0,0.0,0.0,6.0,1203.9347826086955,55606.91810217881,1,4,0.3686511349854481,true
activemq-core/src/test/java/org/apache/activemq/ExclusiveConsumerTest.java,210.0,10.0,45.0,10.0,68.0,21.0,1.0,chirino@apache.org,1,0.003472222222222222,20.0,0.0,20.0,0.0,1203.9347826086955,55606.91810217881,1,2,0.3686511349854481,false
activemq-core/src/test/java/org/apache/activemq/QueueConsumerPriorityTest.java,47.0,10.0,10.0,5.0,14.0,12.0,34.0,gtully@apache.org,1,0.003472222222222222,20.0,0.0,20.0,0.0,1203.9347826086955,55606.91810217881,1,0,0.3686511349854481,true
activemq-core/src/test/java/org/apache/activemq/broker/BrokerRestartTestSupport.java,27.0,1.0,3.0,3.0,5.0,8.0,10.0,chirino@apache.org,1,0.003472222222222222,9.0,0.0,0.0,0.0,1203.9347826086955,55606.91810217881,1,2,0.3686511349854481,true
activemq-core/src/test/java/org/apache/activemq/broker/BrokerTest.java,978.0,17.0,905.0,59.0,504.0,112.0,1.0,chirino@apache.org,2,0.006944444444444444,13.0,0.0,3.0,3.0,1731.3377676833225,67386.27685651423,2,9,0.12177603702826101,true
activemq-core/src/test/java/org/apache/activemq/broker/MessageExpirationTest.java,170.0,12.0,66.0,13.0,80.0,24.0,1.0,chirino@apache.org,1,0.003472222222222222,6.0,0.0,0.0,6.0,1203.9347826086955,55606.91810217881,1,6,0.3686511349854481,false
activemq-core/src/test/java/org/apache/activemq/broker/QueueSubscriptionTest.java,99.0,3.0,0.0,11.0,32.0,22.0,1.0,chirino@apache.org,1,0.003472222222222222,6.0,0.0,0.0,0.0,1203.9347826086955,55606.91810217881,1,6,0.3686511349854481,false
activemq-core/src/test/java/org/apache/activemq/broker/RecoveryBrokerTest.java,339.0,14.0,55.0,11.0,146.0,29.0,34.0,chirino@apache.org,1,0.003472222222222222,7.0,0.0,7.0,0.0,1203.9347826086955,55606.91810217881,1,6,0.3686511349854481,true
activemq-core/src/test/java/org/apache/activemq/broker/ft/QueueMasterSlaveTest.java,60.0,8.0,26.0,9.0,19.0,21.0,4.0,null,1,0.003472222222222222,5.0,0.0,5.0,0.0,527.4029850746268,11779.358754335428,1,7,1.6304913216319328,true
activemq-core/src/test/java/org/apache/activemq/broker/ft/QueueMasterSlaveTestUsingSharedFileTest.java,21.0,2.0,6.0,4.0,3.0,9.0,4.0,tabish@apache.org,1,0.003472222222222222,25.0,0.0,25.0,0.0,527.4029850746268,11779.358754335428,1,1,1.6304913216319328,false
activemq-core/src/test/java/org/apache/activemq/broker/message/security/MessageAuthenticationTest.java,40.0,9.0,10.0,5.0,20.0,14.0,4.0,gnodet@apache.org,1,0.003472222222222222,25.0,25.0,25.0,0.0,305.36,2353.7300259326894,1,0,2.647425579285775,false
activemq-core/src/test/java/org/apache/activemq/broker/policy/SimpleDispatchPolicyTest.java,37.0,8.0,6.0,4.0,12.0,12.0,2.0,chirino@apache.org,1,0.003472222222222222,11.0,0.0,11.0,0.0,1203.9347826086955,55606.91810217881,1,5,0.3686511349854481,false
activemq-core/src/test/java/org/apache/activemq/broker/region/cursors/CursorSupport.java,127.0,20.0,47.0,11.0,53.0,32.0,1.0,null,1,0.003472222222222222,7.0,0.0,0.0,0.0,1203.9347826086955,55606.91810217881,1,6,0.3686511349854481,true
activemq-core/src/test/java/org/apache/activemq/bugs/DurableConsumerTest.java,86.0,14.0,13.0,7.0,27.0,22.0,1.0,null,1,0.003472222222222222,6.0,0.0,0.0,3.0,1203.9347826086955,55606.91810217881,1,2,0.3686511349854481,true
activemq-core/src/test/java/org/apache/activemq/bugs/JmsDurableTopicSlowReceiveTest.java,134.0,15.0,17.0,7.0,51.0,22.0,8.0,rajdavies@apache.org,1,0.003472222222222222,7.0,0.0,0.0,0.0,1203.9347826086955,55606.91810217881,1,4,0.3686511349854481,true
activemq-core/src/test/java/org/apache/activemq/bugs/QueueWorkerPrefetchTest.java,157.0,20.0,0.0,4.0,27.0,10.0,0.0,rajdavies@apache.org,0,0.0,0.0,0.0,0.0,0.0,0.0,0.0,0,2,0.0,false
activemq-core/src/test/java/org/apache/activemq/camel/CamelEmbeddedBrokerTestSupport.java,84.0,10.0,36.0,12.0,15.0,36.0,4.0,gnodet@apache.org,1,0.003472222222222222,25.0,25.0,25.0,0.0,305.36,2353.7300259326894,1,0,2.647425579285775,false
activemq-core/src/test/java/org/apache/activemq/camel/SetGroupIdProcessor.java,10.0,3.0,0.0,1.0,4.0,2.0,6.0,gnodet@apache.org,1,0.003472222222222222,50.0,50.0,0.0,0.0,305.36,2353.7300259326894,1,0,2.647425579285775,false
activemq-core/src/test/java/org/apache/activemq/camel/SetHeaderTest.java,18.0,11.0,0.0,1.0,10.0,3.0,6.0,gnodet@apache.org,1,0.003472222222222222,50.0,50.0,0.0,0.0,305.36,2353.7300259326894,1,0,2.647425579285775,false
activemq-core/src/test/java/org/apache/activemq/kaha/impl/index/DiskIndexLinkedListTest.java,99.0,7.0,0.0,6.0,45.0,20.0,0.0,tabish@apache.org,0,0.0,0.0,0.0,0.0,0.0,0.0,0.0,0,1,0.0,true
activemq-core/src/test/java/org/apache/activemq/kaha/impl/index/VMIndexLinkedListTest.java,200.0,6.0,0.0,25.0,110.0,71.0,0.0,rajdavies@apache.org,0,0.0,0.0,0.0,0.0,0.0,0.0,0.0,0,3,0.0,true
activemq-core/src/test/java/org/apache/activemq/kaha/impl/index/hash/HashTest.java,103.0,8.0,0.0,10.0,33.0,29.0,1.0,rajdavies@apache.org,1,0.003472222222222222,11.0,0.0,0.0,0.0,1203.9347826086955,55606.91810217881,1,3,0.3686511349854481,true
activemq-core/src/test/java/org/apache/activemq/load/LoadClient.java,149.0,13.0,112.0,20.0,38.0,41.0,5.0,rajdavies@apache.org,1,0.003472222222222222,40.0,20.0,20.0,0.0,1203.9347826086955,55606.91810217881,1,0,0.3686511349854481,false
activemq-core/src/test/java/org/apache/activemq/load/LoadController.java,64.0,5.0,27.0,10.0,8.0,21.0,5.0,tabish@apache.org,1,0.003472222222222222,50.0,25.0,25.0,0.0,1203.9347826086955,55606.91810217881,1,0,0.3686511349854481,false
activemq-core/src/test/java/org/apache/activemq/load/LoadTest.java,108.0,11.0,15.0,7.0,25.0,23.0,4.0,rajdavies@apache.org,1,0.003472222222222222,40.0,20.0,20.0,0.0,1203.9347826086955,55606.91810217881,1,0,0.3686511349854481,false
activemq-core/src/test/java/org/apache/activemq/memory/MemoryPropertyTest.java,30.0,10.0,0.0,4.0,12.0,9.0,4.0,tabish@apache.org,1,0.003472222222222222,25.0,0.0,25.0,0.0,527.4029850746268,11779.358754335428,1,0,1.6304913216319328,true
activemq-core/src/test/java/org/apache/activemq/network/NetworkLoadTest.java,217.0,31.0,20.0,8.0,91.0,27.0,1.0,chirino@apache.org,1,0.003472222222222222,45.0,18.0,0.0,0.0,527.4029850746268,11779.358754335428,1,0,1.6304913216319328,true
activemq-core/src/test/java/org/apache/activemq/network/NetworkTestSupport.java,113.0,16.0,47.0,14.0,50.0,39.0,0.0,chirino@apache.org,0,0.0,0.0,0.0,0.0,0.0,0.0,0.0,0,3,0.0,true
activemq-core/src/test/java/org/apache/activemq/perf/AMQStoreDurableTopicTest.java,21.0,3.0,1.0,2.0,6.0,4.0,8.0,rajdavies@apache.org,1,0.003472222222222222,12.0,0.0,0.0,0.0,1203.9347826086955,55606.91810217881,1,4,0.3686511349854481,true
activemq-core/src/test/java/org/apache/activemq/perf/AMQStoreQueueTest.java,13.0,3.0,0.0,1.0,4.0,2.0,0.0,rajdavies@apache.org,0,0.0,0.0,0.0,0.0,0.0,0.0,0.0,0,4,0.0,true
activemq-core/src/test/java/org/apache/activemq/perf/JournalKahaDurableTopicTest.java,16.0,5.0,0.0,1.0,6.0,2.0,0.0,rajdavies@apache.org,0,0.0,0.0,0.0,0.0,0.0,0.0,0.0,0,2,0.0,false
activemq-core/src/test/java/org/apache/activemq/perf/JournalKahaQueueTest.java,16.0,5.0,0.0,1.0,6.0,2.0,0.0,chirino@apache.org,0,0.0,0.0,0.0,0.0,0.0,0.0,0.0,0,2,0.0,false
activemq-core/src/test/java/org/apache/activemq/perf/KahaDurableTopicTest.java,11.0,2.0,0.0,1.0,3.0,2.0,0.0,rajdavies@apache.org,0,0.0,0.0,0.0,0.0,0.0,0.0,0.0,0,4,0.0,false
activemq-core/src/test/java/org/apache/activemq/perf/KahaQueueTest.java,11.0,2.0,0.0,1.0,3.0,2.0,0.0,rajdavies@apache.org,0,0.0,0.0,0.0,0.0,0.0,0.0,0.0,0,3,0.0,false
activemq-core/src/test/java/org/apache/activemq/perf/PerfConsumer.java,73.0,12.0,25.0,11.0,18.0,25.0,8.0,rajdavies@apache.org,1,0.003472222222222222,10.0,0.0,0.0,0.0,1203.9347826086955,55606.91810217881,1,2,0.3686511349854481,true
activemq-core/src/test/java/org/apache/activemq/perf/PerfProducer.java,67.0,9.0,0.0,9.0,18.0,20.0,5.0,chirino@apache.org,1,0.003472222222222222,7.0,0.0,0.0,0.0,1203.9347826086955,55606.91810217881,1,2,0.3686511349854481,true
activemq-core/src/test/java/org/apache/activemq/perf/QueueConnectionMemoryTest.java,41.0,9.0,15.0,6.0,15.0,16.0,0.0,rajdavies@apache.org,0,0.0,0.0,0.0,0.0,0.0,0.0,0.0,0,4,0.0,false
activemq-core/src/test/java/org/apache/activemq/perf/SimpleDurableTopicNetworkTest.java,17.0,6.0,3.0,3.0,1.0,8.0,11.0,rajdavies@apache.org,1,0.003472222222222222,17.0,0.0,0.0,0.0,1203.9347826086955,55606.91810217881,1,0,0.3686511349854481,false
activemq-core/src/test/java/org/apache/activemq/perf/SimpleNetworkTest.java,83.0,8.0,9.0,6.0,28.0,18.0,2.0,rajdavies@apache.org,1,0.003472222222222222,12.0,12.0,0.0,0.0,1203.9347826086955,55606.91810217881,1,0,0.3686511349854481,false
activemq-core/src/test/java/org/apache/activemq/perf/SimpleNonPersistentQueueTest.java,11.0,4.0,0.0,1.0,2.0,3.0,5.0,rajdavies@apache.org,1,0.003472222222222222,8.0,0.0,0.0,0.0,1203.9347826086955,55606.91810217881,1,1,0.3686511349854481,true
activemq-core/src/test/java/org/apache/activemq/perf/SimpleQueueTest.java,21.0,4.0,3.0,3.0,3.0,8.0,8.0,rajdavies@apache.org,1,0.003472222222222222,19.0,0.0,0.0,0.0,1203.9347826086955,55606.91810217881,1,1,0.3686511349854481,true
activemq-core/src/test/java/org/apache/activemq/perf/SimpleTopicTest.java,136.0,10.0,35.0,11.0,32.0,36.0,4.0,rajdavies@apache.org,1,0.003472222222222222,3.0,0.0,3.0,0.0,1203.9347826086955,55606.91810217881,1,6,0.3686511349854481,true
activemq-core/src/test/java/org/apache/activemq/perf/SlowConsumerTopicTest.java,40.0,10.0,10.0,5.0,8.0,15.0,0.0,rajdavies@apache.org,0,0.0,0.0,0.0,0.0,0.0,0.0,0.0,0,3,0.0,false
activemq-core/src/test/java/org/apache/activemq/spring/ActiveMQConnectionFactoryFactoryBeanTest.java,55.0,4.0,0.0,8.0,29.0,16.0,2.0,tabish@apache.org,1,0.003472222222222222,25.0,25.0,0.0,0.0,305.36,2353.7300259326894,1,0,2.647425579285775,false
activemq-core/src/test/java/org/apache/activemq/transport/discovery/DiscoveryTransportNoBrokerTest.java,16.0,4.0,0.0,1.0,6.0,3.0,0.0,gtully@apache.org,0,0.0,0.0,0.0,0.0,0.0,0.0,0.0,0,1,0.0,true
activemq-core/src/test/java/org/apache/activemq/transport/failover/ReconnectTest.java,151.0,24.0,0.0,3.0,13.0,11.0,4.0,chirino@apache.org,2,0.006944444444444444,20.0,0.0,0.0,0.0,1731.3377676833225,67386.27685651423,2,5,0.15275036223946348,true
activemq-core/src/test/java/org/apache/activemq/transport/fanout/FanoutTransportBrokerTest.java,115.0,21.0,45.0,11.0,55.0,21.0,0.0,chirino@apache.org,0,0.0,0.0,0.0,0.0,0.0,0.0,0.0,0,5,0.0,true
activemq-core/src/test/java/org/apache/activemq/transport/stomp/SamplePojo.java,22.0,1.0,3.0,6.0,0.0,8.0,10.0,tabish@apache.org,1,0.003472222222222222,25.0,0.0,0.0,0.0,527.4029850746268,11779.358754335428,1,0,1.6304913216319328,true
activemq-core/src/test/java/org/apache/activemq/transport/stomp/StompConnection.java,56.0,6.0,0.0,8.0,13.0,20.0,3.0,chirino@apache.org,1,0.003472222222222222,20.0,0.0,0.0,0.0,527.4029850746268,11779.358754335428,1,2,1.6304913216319328,true
activemq-core/src/test/java/org/apache/activemq/transport/stomp/StompTest.java,465.0,24.0,0.0,38.0,284.0,88.0,6.0,null,1,0.003472222222222222,2.0,0.0,0.0,0.0,527.4029850746268,11779.358754335428,1,13,1.6304913216319328,true
activemq-core/src/test/java/org/apache/activemq/usecases/AMQStackOverFlowTest.java,76.0,19.0,6.0,4.0,27.0,13.0,1.0,rajdavies@apache.org,1,0.003472222222222222,10.0,0.0,0.0,0.0,1203.9347826086955,55606.91810217881,1,5,0.3686511349854481,true
activemq-core/src/test/java/org/apache/activemq/usecases/QueueRepeaterTest.java,70.0,17.0,0.0,3.0,26.0,9.0,10.0,chirino@apache.org,1,0.003472222222222222,12.0,0.0,0.0,0.0,1203.9347826086955,55606.91810217881,1,3,0.3686511349854481,false
activemq-core/src/test/java/org/apache/activemq/usecases/ReliableReconnectTest.java,131.0,20.0,33.0,11.0,57.0,32.0,1.0,chirino@apache.org,1,0.003472222222222222,8.0,0.0,0.0,0.0,1203.9347826086955,55606.91810217881,1,6,0.3686511349854481,false
activemq-core/src/test/java/org/apache/activemq/usecases/TestSupport.java,103.0,12.0,120.0,16.0,21.0,42.0,10.0,chirino@apache.org,1,0.003472222222222222,10.0,0.0,0.0,0.0,1203.9347826086955,55606.91810217881,1,5,0.3686511349854481,false
activemq-core/src/test/java/org/apache/activemq/usecases/TransactionTest.java,70.0,18.0,0.0,3.0,26.0,9.0,5.0,chirino@apache.org,1,0.003472222222222222,18.0,0.0,0.0,0.0,1203.9347826086955,55606.91810217881,1,4,0.3686511349854481,false
activemq-jpa-store/src/main/java/org/apache/activemq/store/jpa/JPAReferenceStore.java,167.0,19.0,93.0,18.0,83.0,48.0,1.0,rajdavies@apache.org,1,0.003472222222222222,10.0,0.0,0.0,0.0,1203.9347826086955,55606.91810217881,1,2,0.3686511349854481,false
activemq-jpa-store/src/main/java/org/apache/activemq/store/jpa/JPAReferenceStoreAdapter.java,109.0,18.0,105.0,15.0,25.0,39.0,1.0,rajdavies@apache.org,1,0.003472222222222222,8.0,0.0,0.0,0.0,1203.9347826086955,55606.91810217881,1,3,0.3686511349854481,false
activemq-optional/src/main/java/org/apache/activemq/transport/http/HttpClientTransport.java,141.0,18.0,89.0,15.0,46.0,40.0,1.0,chirino@apache.org,1,0.003472222222222222,4.0,0.0,0.0,0.0,305.36,2353.7300259326894,1,2,2.647425579285775,true
activemq-optional/src/main/java/org/apache/activemq/transport/http/HttpTransportFactory.java,37.0,12.0,8.0,5.0,6.0,16.0,22.0,chirino@apache.org,1,0.003472222222222222,5.0,0.0,0.0,0.0,527.4029850746268,11779.358754335428,1,5,1.6304913216319328,true
activemq-ra/src/main/java/org/apache/activemq/ra/ActiveMQResourceAdapter.java,462.0,23.0,0.0,53.0,103.0,120.0,1.0,null,1,0.003472222222222222,4.0,0.0,4.0,0.0,527.4029850746268,11779.358754335428,1,7,1.6304913216319328,true
activemq-ra/src/main/java/org/apache/activemq/ra/ServerSessionPoolImpl.java,167.0,16.0,0.0,12.0,54.0,37.0,1.0,chirino@apache.org,2,0.006944444444444444,20.0,5.0,10.0,0.0,1203.9347826086955,55606.91810217881,2,3,1.8849242583238017,true
assembly/src/release/example/src/TopicPublisher.java,142.0,12.0,94.0,16.0,41.0,38.0,1.0,chirino@apache.org,1,0.003472222222222222,17.0,0.0,0.0,0.0,305.36,2353.7300259326894,1,3,2.647425579285775,false
