name,LOC,CBO,LCOM,NOM,RFC,WMC,ACS,Ownership,numOfChanges,numberOfFIChanges,ENH,NF,BugFixing,REF,structuralWorkloadSum,semanticWorkloadSum,numberOfDeveloper,pastFaults,MAF,isBuggy
activemq-camel-loadtest/src/test/java/org/apache/activemq/soaktest/LoadTest.java,9.0,5.0,0.0,1.0,1.0,2.0,0.0,chirino@apache.org,0,0.0,0.0,0.0,0.0,0.0,0.0,0.0,0,0,0.0,false
activemq-camel-loadtest/src/test/java/org/apache/activemq/soaktest/localBroker/LocalBrokerLoadTest.java,10.0,5.0,0.0,1.0,1.0,2.0,3.0,chirino@apache.org,1,0.0018148820326678765,50.0,50.0,0.0,0.0,261.61904761904765,508.20000000000005,1,0,2.6010780815500425,false
activemq-camel-loadtest/src/test/java/org/apache/activemq/soaktest/localBroker/LocalBrokerParallelProducerLoadTest.java,10.0,5.0,0.0,1.0,1.0,2.0,2.0,chirino@apache.org,1,0.0018148820326678765,50.0,50.0,0.0,0.0,261.61904761904765,508.20000000000005,1,0,2.6010780815500425,false
activemq-core/src/main/java/org/apache/activemq/ActiveMQConnection.java,1408.0,79.0,11722.0,161.0,361.0,459.0,4.0,null,3,0.0054446460980036296,7.0,0.0,5.0,1.0,3976.237308465844,216356.59740404366,3,35,0.14418294926408104,true
activemq-core/src/main/java/org/apache/activemq/ActiveMQConnectionFactory.java,596.0,29.0,3161.0,83.0,117.0,182.0,5.0,null,1,0.0018148820326678765,5.0,0.0,2.0,0.0,1581.2817679558011,54394.39803692288,1,15,0.8923852110206006,true
activemq-core/src/main/java/org/apache/activemq/ActiveMQMessageConsumer.java,783.0,34.0,462.0,52.0,270.0,182.0,2.0,null,2,0.003629764065335753,8.0,0.0,5.0,0.0,3714.618260846796,215848.39740404364,2,28,0.3600309435850393,true
activemq-core/src/main/java/org/apache/activemq/ActiveMQMessageProducer.java,179.0,17.0,60.0,17.0,33.0,44.0,7.0,chirino@apache.org,1,0.0018148820326678765,4.0,0.0,0.0,0.0,1581.2817679558011,54394.39803692288,1,7,0.8923852110206006,true
activemq-core/src/main/java/org/apache/activemq/ActiveMQMessageProducerSupport.java,183.0,6.0,94.0,17.0,16.0,59.0,7.0,chirino@apache.org,1,0.0018148820326678765,14.0,0.0,0.0,0.0,1581.2817679558011,54394.39803692288,1,2,0.8923852110206006,false
activemq-core/src/main/java/org/apache/activemq/ActiveMQQueueSender.java,42.0,5.0,6.0,4.0,1.0,15.0,7.0,chirino@apache.org,1,0.0018148820326678765,14.0,0.0,0.0,0.0,1581.2817679558011,54394.39803692288,1,2,0.8923852110206006,true
activemq-core/src/main/java/org/apache/activemq/ActiveMQSession.java,1155.0,25.0,3565.0,99.0,326.0,356.0,3.0,null,1,0.0018148820326678765,10.0,0.0,8.0,0.0,1581.2817679558011,54394.39803692288,1,23,0.8923852110206006,true
activemq-core/src/main/java/org/apache/activemq/ActiveMQTopicPublisher.java,74.0,5.0,15.0,6.0,1.0,22.0,7.0,chirino@apache.org,1,0.0018148820326678765,14.0,0.0,0.0,0.0,1581.2817679558011,54394.39803692288,1,2,0.8923852110206006,true
activemq-core/src/main/java/org/apache/activemq/ActiveMQXAConnection.java,30.0,11.0,10.0,5.0,7.0,14.0,4.0,chirino@apache.org,1,0.0018148820326678765,8.0,0.0,8.0,0.0,1581.2817679558011,54394.39803692288,1,3,0.8923852110206006,true
activemq-core/src/main/java/org/apache/activemq/AdvisoryConsumer.java,63.0,12.0,0.0,4.0,25.0,14.0,7.0,chirino@apache.org,1,0.0018148820326678765,7.0,0.0,7.0,0.0,1581.2817679558011,54394.39803692288,1,4,0.8923852110206006,true
activemq-core/src/main/java/org/apache/activemq/EnhancedConnection.java,12.0,4.0,0.0,1.0,0.0,3.0,6.0,chirino@apache.org,1,0.0018148820326678765,33.0,0.0,33.0,0.0,261.61904761904765,508.20000000000005,1,0,2.6010780815500425,false
activemq-core/src/main/java/org/apache/activemq/advisory/AdvisoryBroker.java,250.0,29.0,169.0,23.0,134.0,66.0,8.0,rajdavies@apache.org,2,0.003629764065335753,9.0,2.0,7.0,0.0,3714.618260846796,215848.39740404364,2,14,0.3600309435850393,true
activemq-core/src/main/java/org/apache/activemq/advisory/AdvisorySupport.java,157.0,3.0,116.0,16.0,38.0,56.0,12.0,null,1,0.0018148820326678765,10.0,0.0,7.0,0.0,1581.2817679558011,54394.39803692288,1,7,0.8923852110206006,true
activemq-core/src/main/java/org/apache/activemq/advisory/DestinationEvent.java,27.0,5.0,13.0,6.0,8.0,11.0,0.0,chirino@apache.org,0,0.0,0.0,0.0,0.0,0.0,0.0,0.0,0,0,0.0,false
activemq-core/src/main/java/org/apache/activemq/advisory/DestinationListener.java,7.0,0.0,0.0,1.0,0.0,1.0,0.0,chirino@apache.org,0,0.0,0.0,0.0,0.0,0.0,0.0,0.0,0,0,0.0,false
activemq-core/src/main/java/org/apache/activemq/advisory/DestinationSource.java,135.0,19.0,35.0,11.0,15.0,25.0,0.0,chirino@apache.org,0,0.0,0.0,0.0,0.0,0.0,0.0,0.0,0,0,0.0,false
activemq-core/src/main/java/org/apache/activemq/broker/Broker.java,216.0,15.0,703.0,38.0,0.0,78.0,15.0,rajdavies@apache.org,1,0.0018148820326678765,8.0,0.0,8.0,0.0,1581.2817679558011,54394.39803692288,1,13,0.8923852110206006,true
activemq-core/src/main/java/org/apache/activemq/broker/BrokerFilter.java,169.0,23.0,0.0,53.0,53.0,106.0,15.0,rajdavies@apache.org,1,0.0018148820326678765,7.0,0.0,7.0,0.0,1581.2817679558011,54394.39803692288,1,13,0.8923852110206006,true
activemq-core/src/main/java/org/apache/activemq/broker/BrokerService.java,1519.0,70.0,14357.0,174.0,401.0,463.0,8.0,null,2,0.003629764065335753,6.0,2.0,5.0,0.0,3714.618260846796,215848.39740404364,2,48,0.12690759927957762,true
activemq-core/src/main/java/org/apache/activemq/broker/ConnectionContext.java,216.0,12.0,975.0,46.0,12.0,76.0,0.0,chirino@apache.org,0,0.0,0.0,0.0,0.0,0.0,0.0,0.0,0,10,0.0,true
activemq-core/src/main/java/org/apache/activemq/broker/EmptyBroker.java,136.0,24.0,1326.0,52.0,1.0,104.0,15.0,rajdavies@apache.org,1,0.0018148820326678765,8.0,0.0,8.0,0.0,1581.2817679558011,54394.39803692288,1,12,0.8923852110206006,true
activemq-core/src/main/java/org/apache/activemq/broker/ErrorBroker.java,169.0,24.0,0.0,53.0,1.0,108.0,15.0,rajdavies@apache.org,1,0.0018148820326678765,7.0,0.0,7.0,0.0,1581.2817679558011,54394.39803692288,1,12,0.8923852110206006,true
activemq-core/src/main/java/org/apache/activemq/broker/MutableBrokerFilter.java,175.0,24.0,1473.0,55.0,108.0,109.0,15.0,rajdavies@apache.org,1,0.0018148820326678765,7.0,0.0,7.0,0.0,1581.2817679558011,54394.39803692288,1,12,0.8923852110206006,true
activemq-core/src/main/java/org/apache/activemq/broker/SingleTransportConnectionStateRegister.java,92.0,10.0,0.0,13.0,15.0,39.0,0.0,rajdavies@apache.org,0,0.0,0.0,0.0,0.0,0.0,0.0,0.0,0,1,0.0,false
activemq-core/src/main/java/org/apache/activemq/broker/SslBrokerService.java,50.0,9.0,3.0,3.0,8.0,14.0,20.0,chirino@apache.org,1,0.0018148820326678765,33.0,22.0,22.0,0.0,2133.336492890995,161453.99936712076,1,2,0.7326259915337328,true
activemq-core/src/main/java/org/apache/activemq/broker/TransportConnection.java,1069.0,75.0,3315.0,94.0,405.0,286.0,9.0,null,1,0.0018148820326678765,2.0,1.0,1.0,0.0,2133.336492890995,161453.99936712076,1,38,0.7326259915337328,true
activemq-core/src/main/java/org/apache/activemq/broker/TransportConnector.java,294.0,22.0,721.0,42.0,94.0,92.0,11.0,chirino@apache.org,2,0.003629764065335753,7.0,4.0,3.0,0.0,3714.618260846796,215848.39740404364,2,14,0.12351801231922344,true
activemq-core/src/main/java/org/apache/activemq/broker/cluster/ConnectionSplitBroker.java,50.0,11.0,1.0,3.0,13.0,10.0,0.0,rajdavies@apache.org,0,0.0,0.0,0.0,0.0,0.0,0.0,0.0,0,0,0.0,false
activemq-core/src/main/java/org/apache/activemq/broker/ft/MasterConnector.java,224.0,27.0,153.0,23.0,66.0,47.0,2.0,rajdavies@apache.org,1,0.0018148820326678765,3.0,0.0,0.0,0.0,1581.2817679558011,54394.39803692288,1,10,0.8923852110206006,true
activemq-core/src/main/java/org/apache/activemq/broker/jmx/ManagedQueueRegion.java,26.0,12.0,0.0,5.0,5.0,10.0,0.0,rajdavies@apache.org,0,0.0,0.0,0.0,0.0,0.0,0.0,0.0,0,4,0.0,true
activemq-core/src/main/java/org/apache/activemq/broker/jmx/ManagedRegionBroker.java,402.0,53.0,410.0,36.0,148.0,104.0,0.0,null,0,0.0,0.0,0.0,0.0,0.0,0.0,0.0,0,23,0.0,true
activemq-core/src/main/java/org/apache/activemq/broker/jmx/ManagedTempQueueRegion.java,26.0,13.0,0.0,5.0,5.0,10.0,0.0,chirino@apache.org,0,0.0,0.0,0.0,0.0,0.0,0.0,0.0,0,5,0.0,true
activemq-core/src/main/java/org/apache/activemq/broker/jmx/ManagedTransportConnector.java,23.0,9.0,0.0,4.0,3.0,9.0,26.0,chirino@apache.org,1,0.0018148820326678765,7.0,7.0,7.0,0.0,2133.336492890995,161453.99936712076,1,3,0.7326259915337328,true
activemq-core/src/main/java/org/apache/activemq/broker/region/AbstractRegion.java,307.0,29.0,129.0,27.0,119.0,82.0,5.0,null,1,0.0018148820326678765,6.0,0.0,6.0,0.0,1581.2817679558011,54394.39803692288,1,24,0.8923852110206006,true
activemq-core/src/main/java/org/apache/activemq/broker/region/AbstractSubscription.java,137.0,21.0,99.0,23.0,40.0,56.0,19.0,chirino@apache.org,2,0.003629764065335753,9.0,0.0,6.0,0.0,3714.618260846796,215848.39740404364,2,11,0.20261796956349842,true
activemq-core/src/main/java/org/apache/activemq/broker/region/AbstractTempRegion.java,93.0,12.0,16.0,8.0,19.0,21.0,0.0,rajdavies@apache.org,0,0.0,0.0,0.0,0.0,0.0,0.0,0.0,0,1,0.0,false
activemq-core/src/main/java/org/apache/activemq/broker/region/BaseDestination.java,148.0,8.0,301.0,27.0,20.0,47.0,8.0,rajdavies@apache.org,2,0.003629764065335753,11.0,0.0,8.0,0.0,3714.618260846796,215848.39740404364,2,6,0.45944614709121046,true
activemq-core/src/main/java/org/apache/activemq/broker/region/Destination.java,49.0,12.0,561.0,34.0,0.0,44.0,11.0,null,2,0.003629764065335753,9.0,0.0,9.0,0.0,3714.618260846796,215848.39740404364,2,10,0.11935842071722147,true
activemq-core/src/main/java/org/apache/activemq/broker/region/DestinationFactoryImpl.java,94.0,17.0,0.0,9.0,18.0,27.0,1.0,rajdavies@apache.org,1,0.0018148820326678765,6.0,0.0,0.0,0.0,1581.2817679558011,54394.39803692288,1,7,0.8923852110206006,true
activemq-core/src/main/java/org/apache/activemq/broker/region/DestinationFilter.java,131.0,14.0,0.0,39.0,44.0,67.0,11.0,rajdavies@apache.org,2,0.003629764065335753,15.0,0.0,15.0,0.0,3714.618260846796,215848.39740404364,2,6,0.11935842071722147,true
activemq-core/src/main/java/org/apache/activemq/broker/region/DurableTopicSubscription.java,213.0,21.0,89.0,19.0,72.0,57.0,23.0,rajdavies@apache.org,1,0.0018148820326678765,1.0,0.0,1.0,0.0,1581.2817679558011,54394.39803692288,1,17,0.8923852110206006,true
activemq-core/src/main/java/org/apache/activemq/broker/region/IndirectMessageReference.java,116.0,3.0,0.0,26.0,19.0,50.0,25.0,chirino@apache.org,1,0.0018148820326678765,4.0,0.0,4.0,0.0,1581.2817679558011,54394.39803692288,1,6,0.8923852110206006,true
activemq-core/src/main/java/org/apache/activemq/broker/region/PrefetchSubscription.java,474.0,26.0,505.0,39.0,138.0,111.0,8.0,null,2,0.003629764065335753,7.0,0.0,5.0,0.0,3714.618260846796,215848.39740404364,2,36,0.12351801231922344,true
activemq-core/src/main/java/org/apache/activemq/broker/region/Queue.java,962.0,50.0,2428.0,76.0,368.0,243.0,5.0,null,2,0.003629764065335753,7.0,0.0,6.0,0.0,3714.618260846796,215848.39740404364,2,43,0.13441953687355812,true
activemq-core/src/main/java/org/apache/activemq/broker/region/QueueBrowserSubscription.java,39.0,8.0,26.0,9.0,7.0,21.0,23.0,chirino@apache.org,1,0.0018148820326678765,5.0,0.0,5.0,0.0,1581.2817679558011,54394.39803692288,1,6,0.8923852110206006,true
activemq-core/src/main/java/org/apache/activemq/broker/region/QueueDispatchSelector.java,75.0,11.0,3.0,6.0,17.0,16.0,2.0,chirino@apache.org,1,0.0018148820326678765,10.0,0.0,10.0,0.0,2133.336492890995,161453.99936712076,1,0,0.7326259915337328,true
activemq-core/src/main/java/org/apache/activemq/broker/region/QueueRegion.java,38.0,8.0,6.0,4.0,12.0,13.0,23.0,rajdavies@apache.org,1,0.0018148820326678765,5.0,0.0,5.0,0.0,1581.2817679558011,54394.39803692288,1,7,0.8923852110206006,true
activemq-core/src/main/java/org/apache/activemq/broker/region/QueueSubscription.java,62.0,14.0,36.0,9.0,17.0,24.0,16.0,chirino@apache.org,2,0.003629764065335753,5.0,0.0,5.0,0.0,3714.618260846796,215848.39740404364,2,17,0.11935842071722147,true
activemq-core/src/main/java/org/apache/activemq/broker/region/RegionBroker.java,557.0,46.0,2146.0,73.0,150.0,185.0,9.0,null,2,0.003629764065335753,4.0,1.0,3.0,0.0,1842.9008155748488,54902.59803692288,2,33,0.7337213615883011,true
activemq-core/src/main/java/org/apache/activemq/broker/region/Subscription.java,150.0,12.0,435.0,30.0,0.0,69.0,9.0,chirino@apache.org,1,0.0018148820326678765,3.0,0.0,0.0,0.0,2133.336492890995,161453.99936712076,1,10,0.7326259915337328,true
activemq-core/src/main/java/org/apache/activemq/broker/region/TempQueue.java,54.0,7.0,4.0,4.0,19.0,11.0,2.0,rajdavies@apache.org,1,0.0018148820326678765,12.0,6.0,12.0,0.0,2133.336492890995,161453.99936712076,1,0,0.7326259915337328,true
activemq-core/src/main/java/org/apache/activemq/broker/region/TempQueueRegion.java,42.0,9.0,8.0,5.0,8.0,15.0,23.0,rajdavies@apache.org,1,0.0018148820326678765,4.0,0.0,4.0,0.0,1581.2817679558011,54394.39803692288,1,10,0.8923852110206006,true
activemq-core/src/main/java/org/apache/activemq/broker/region/TempTopic.java,28.0,7.0,1.0,3.0,8.0,7.0,4.0,gtully@apache.org,1,0.0018148820326678765,14.0,14.0,14.0,0.0,2133.336492890995,161453.99936712076,1,0,0.7326259915337328,false
activemq-core/src/main/java/org/apache/activemq/broker/region/TempTopicRegion.java,45.0,9.0,10.0,5.0,13.0,16.0,23.0,rajdavies@apache.org,1,0.0018148820326678765,4.0,0.0,4.0,0.0,1581.2817679558011,54394.39803692288,1,8,0.8923852110206006,true
activemq-core/src/main/java/org/apache/activemq/broker/region/Topic.java,459.0,40.0,677.0,42.0,194.0,126.0,7.0,rajdavies@apache.org,2,0.003629764065335753,6.0,1.0,5.0,1.0,3714.618260846796,215848.39740404364,2,29,0.29011026153007546,true
activemq-core/src/main/java/org/apache/activemq/broker/region/TopicRegion.java,229.0,24.0,61.0,14.0,94.0,47.0,13.0,null,1,0.0018148820326678765,4.0,0.0,4.0,0.0,1581.2817679558011,54394.39803692288,1,19,0.8923852110206006,true
activemq-core/src/main/java/org/apache/activemq/broker/region/TopicSubscription.java,359.0,26.0,400.0,37.0,139.0,101.0,18.0,null,1,0.0018148820326678765,4.0,0.0,3.0,0.0,1581.2817679558011,54394.39803692288,1,20,0.8923852110206006,true
activemq-core/src/main/java/org/apache/activemq/broker/region/cursors/AbstractPendingMessageCursor.java,212.0,10.0,963.0,47.0,15.0,87.0,5.0,rajdavies@apache.org,2,0.003629764065335753,5.0,0.0,0.0,0.0,3714.618260846796,215848.39740404364,2,10,0.11935842071722147,true
activemq-core/src/main/java/org/apache/activemq/broker/region/cursors/AbstractStoreCursor.java,164.0,12.0,145.0,23.0,52.0,59.0,2.0,gtully@apache.org,1,0.0018148820326678765,4.0,0.0,0.0,0.0,2133.336492890995,161453.99936712076,1,1,0.7326259915337328,true
activemq-core/src/main/java/org/apache/activemq/broker/region/cursors/FilePendingMessageCursor.java,322.0,21.0,193.0,27.0,115.0,78.0,4.0,rajdavies@apache.org,2,0.003629764065335753,7.0,0.0,2.0,0.0,3714.618260846796,215848.39740404364,2,14,0.11935842071722147,true
activemq-core/src/main/java/org/apache/activemq/broker/region/cursors/PendingMessageCursor.java,194.0,11.0,780.0,40.0,0.0,75.0,8.0,rajdavies@apache.org,2,0.003629764065335753,6.0,0.0,3.0,0.0,3714.618260846796,215848.39740404364,2,10,0.11935842071722147,true
activemq-core/src/main/java/org/apache/activemq/broker/region/cursors/StoreDurableSubscriberCursor.java,262.0,19.0,0.0,28.0,79.0,80.0,4.0,rajdavies@apache.org,2,0.003629764065335753,8.0,0.0,4.0,0.0,3714.618260846796,215848.39740404364,2,12,0.29011026153007546,true
activemq-core/src/main/java/org/apache/activemq/broker/region/cursors/StoreQueueCursor.java,221.0,9.0,0.0,24.0,41.0,57.0,2.0,rajdavies@apache.org,1,0.0018148820326678765,9.0,0.0,3.0,0.0,1581.2817679558011,54394.39803692288,1,8,0.8923852110206006,true
activemq-core/src/main/java/org/apache/activemq/broker/region/cursors/TopicStorePrefetch.java,68.0,12.0,6.0,8.0,12.0,18.0,0.0,rajdavies@apache.org,0,0.0,0.0,0.0,0.0,0.0,0.0,0.0,0,12,0.0,true
activemq-core/src/main/java/org/apache/activemq/broker/region/cursors/VMPendingMessageCursor.java,121.0,8.0,0.0,13.0,31.0,31.0,5.0,rajdavies@apache.org,1,0.0018148820326678765,8.0,0.0,0.0,4.0,2133.336492890995,161453.99936712076,1,5,0.7326259915337328,true
activemq-core/src/main/java/org/apache/activemq/broker/region/policy/PolicyEntry.java,319.0,12.0,1125.0,50.0,77.0,82.0,10.0,rajdavies@apache.org,2,0.003629764065335753,5.0,0.0,3.0,0.0,3714.618260846796,215848.39740404364,2,15,0.29011026153007546,true
activemq-core/src/main/java/org/apache/activemq/broker/region/policy/SimpleDispatchSelector.java,20.0,5.0,0.0,2.0,3.0,4.0,2.0,rajdavies@apache.org,1,0.0018148820326678765,20.0,0.0,20.0,0.0,2133.336492890995,161453.99936712076,1,0,0.7326259915337328,false
activemq-core/src/main/java/org/apache/activemq/broker/region/virtual/CompositeDestinationFilter.java,51.0,9.0,0.0,2.0,9.0,7.0,1.0,rajdavies@apache.org,1,0.0018148820326678765,20.0,0.0,0.0,0.0,1581.2817679558011,54394.39803692288,1,1,0.8923852110206006,true
activemq-core/src/main/java/org/apache/activemq/broker/util/CommandAgent.java,119.0,16.0,135.0,18.0,21.0,41.0,2.0,chirino@apache.org,1,0.0018148820326678765,8.0,0.0,8.0,0.0,2133.336492890995,161453.99936712076,1,4,0.7326259915337328,false
activemq-core/src/main/java/org/apache/activemq/broker/util/TimeStampingBrokerPlugin.java,21.0,3.0,0.0,1.0,6.0,4.0,1.0,chirino@apache.org,1,0.0018148820326678765,6.0,6.0,0.0,0.0,1581.2817679558011,54394.39803692288,1,4,0.8923852110206006,true
activemq-core/src/main/java/org/apache/activemq/camel/component/ActiveMQComponent.java,72.0,3.0,87.0,14.0,12.0,23.0,39.0,jstrachan@apache.org,3,0.0054446460980036296,67.0,17.0,17.0,17.0,3600.8055774796107,108344.22393749713,3,0,1.4701177797530376,true
activemq-core/src/main/java/org/apache/activemq/camel/component/ActiveMQConfiguration.java,82.0,6.0,39.0,10.0,15.0,26.0,33.0,jstrachan@apache.org,2,0.003629764065335753,71.0,29.0,43.0,14.0,2019.5238095238096,53949.825900574244,2,1,2.3694226073520737,false
activemq-core/src/main/java/org/apache/activemq/camel/component/CamelEndpointLoader.java,100.0,18.0,51.0,15.0,30.0,34.0,40.0,jstrachan@apache.org,3,0.0054446460980036296,67.0,0.0,17.0,33.0,3600.8055774796107,108344.22393749713,3,0,1.4701177797530376,true
activemq-core/src/main/java/org/apache/activemq/command/ConsumerInfo.java,310.0,4.0,1121.0,51.0,12.0,93.0,0.0,chirino@apache.org,0,0.0,0.0,0.0,0.0,0.0,0.0,0.0,0,6,0.0,true
activemq-core/src/main/java/org/apache/activemq/command/WireFormatInfo.java,259.0,13.0,1464.0,56.0,36.0,128.0,0.0,chirino@apache.org,0,0.0,0.0,0.0,0.0,0.0,0.0,0.0,0,15,0.0,true
activemq-core/src/main/java/org/apache/activemq/filter/MessageEvaluationContext.java,57.0,4.0,12.0,8.0,7.0,17.0,0.0,chirino@apache.org,0,0.0,0.0,0.0,0.0,0.0,0.0,0.0,0,1,0.0,true
activemq-core/src/main/java/org/apache/activemq/filter/NonCachedMessageEvaluationContext.java,14.0,3.0,3.0,3.0,1.0,5.0,0.0,rajdavies@apache.org,0,0.0,0.0,0.0,0.0,0.0,0.0,0.0,0,0,0.0,false
activemq-core/src/main/java/org/apache/activemq/kaha/impl/KahaStore.java,469.0,29.0,918.0,52.0,178.0,145.0,3.0,rajdavies@apache.org,2,0.003629764065335753,7.0,2.0,4.0,2.0,3714.618260846796,215848.39740404364,2,18,0.11935842071722147,true
activemq-core/src/main/java/org/apache/activemq/kaha/impl/async/AsyncDataManager.java,597.0,25.0,1122.0,57.0,188.0,166.0,6.0,rajdavies@apache.org,2,0.003629764065335753,12.0,2.0,7.0,2.0,3714.618260846796,215848.39740404364,2,17,0.3600309435850393,true
activemq-core/src/main/java/org/apache/activemq/kaha/impl/async/DataFileAccessor.java,109.0,6.0,0.0,7.0,40.0,26.0,0.0,chirino@apache.org,0,0.0,0.0,0.0,0.0,0.0,0.0,0.0,0,5,0.0,false
activemq-core/src/main/java/org/apache/activemq/kaha/impl/async/DataFileAppender.java,312.0,8.0,3.0,7.0,54.0,30.0,3.0,chirino@apache.org,2,0.003629764065335753,17.0,6.0,11.0,11.0,2168.336492890995,161505.55120128483,2,7,1.3978898289980362,false
activemq-core/src/main/java/org/apache/activemq/kaha/impl/async/JournalFacade.java,67.0,8.0,0.0,11.0,26.0,29.0,0.0,chirino@apache.org,0,0.0,0.0,0.0,0.0,0.0,0.0,0.0,0,5,0.0,false
activemq-core/src/main/java/org/apache/activemq/kaha/impl/async/NIODataFileAppender.java,35.0,4.0,6.0,4.0,7.0,9.0,6.0,chirino@apache.org,1,0.0018148820326678765,9.0,0.0,9.0,0.0,2133.336492890995,161453.99936712076,1,4,0.7326259915337328,false
activemq-core/src/main/java/org/apache/activemq/kaha/impl/container/ContainerKeySetIterator.java,33.0,3.0,0.0,4.0,7.0,7.0,3.0,chirino@apache.org,1,0.0018148820326678765,12.0,0.0,12.0,0.0,1581.2817679558011,54394.39803692288,1,3,0.8923852110206006,false
activemq-core/src/main/java/org/apache/activemq/kaha/impl/container/MapContainerImpl.java,434.0,25.0,534.0,40.0,141.0,122.0,5.0,rajdavies@apache.org,1,0.0018148820326678765,7.0,0.0,0.0,0.0,1581.2817679558011,54394.39803692288,1,8,0.8923852110206006,true
activemq-core/src/main/java/org/apache/activemq/kaha/impl/index/DiskIndexLinkedList.java,279.0,2.0,0.0,23.0,30.0,80.0,0.0,rajdavies@apache.org,0,0.0,0.0,0.0,0.0,0.0,0.0,0.0,0,8,0.0,true
activemq-core/src/main/java/org/apache/activemq/kaha/impl/index/IndexManager.java,161.0,9.0,59.0,19.0,38.0,58.0,6.0,rajdavies@apache.org,2,0.003629764065335753,8.0,4.0,8.0,0.0,3714.618260846796,215848.39740404364,2,11,0.11935842071722147,true
activemq-core/src/main/java/org/apache/activemq/kaha/impl/index/hash/HashBin.java,275.0,6.0,56.0,25.0,68.0,86.0,4.0,rajdavies@apache.org,1,0.0018148820326678765,10.0,0.0,5.0,5.0,1581.2817679558011,54394.39803692288,1,8,0.8923852110206006,true
activemq-core/src/main/java/org/apache/activemq/kaha/impl/index/hash/HashIndex.java,404.0,15.0,553.0,42.0,132.0,116.0,4.0,rajdavies@apache.org,2,0.003629764065335753,24.0,3.0,15.0,0.0,3714.618260846796,215848.39740404364,2,7,0.4956451473283054,true
activemq-core/src/main/java/org/apache/activemq/kaha/impl/index/hash/HashPage.java,165.0,8.0,80.0,32.0,31.0,61.0,3.0,rajdavies@apache.org,1,0.0018148820326678765,6.0,0.0,6.0,0.0,1581.2817679558011,54394.39803692288,1,5,0.8923852110206006,true
activemq-core/src/main/java/org/apache/activemq/kaha/impl/index/hash/HashPageInfo.java,83.0,1.0,5.0,15.0,6.0,31.0,5.0,rajdavies@apache.org,1,0.0018148820326678765,17.0,0.0,17.0,0.0,1581.2817679558011,54394.39803692288,1,3,0.8923852110206006,true
activemq-core/src/main/java/org/apache/activemq/network/ConduitBridge.java,55.0,10.0,6.0,4.0,27.0,13.0,2.0,null,1,0.0018148820326678765,4.0,0.0,4.0,0.0,1581.2817679558011,54394.39803692288,1,9,0.8923852110206006,true
activemq-core/src/main/java/org/apache/activemq/network/DemandForwardingBridgeSupport.java,824.0,53.0,1768.0,69.0,295.0,174.0,1.0,null,1,0.0018148820326678765,3.0,0.0,1.0,0.0,1581.2817679558011,54394.39803692288,1,21,0.8923852110206006,true
activemq-core/src/main/java/org/apache/activemq/network/DemandSubscription.java,87.0,5.0,17.0,11.0,14.0,21.0,2.0,chirino@apache.org,1,0.0018148820326678765,4.0,0.0,4.0,0.0,1581.2817679558011,54394.39803692288,1,7,0.8923852110206006,true
activemq-core/src/main/java/org/apache/activemq/network/DiscoveryNetworkConnector.java,164.0,15.0,31.0,14.0,45.0,39.0,4.0,chirino@apache.org,2,0.003629764065335753,9.0,5.0,7.0,0.0,3714.618260846796,215848.39740404364,2,9,0.21023065178664135,true
activemq-core/src/main/java/org/apache/activemq/network/DurableConduitBridge.java,70.0,9.0,10.0,5.0,34.0,17.0,0.0,chirino@apache.org,0,0.0,0.0,0.0,0.0,0.0,0.0,0.0,0,12,0.0,true
activemq-core/src/main/java/org/apache/activemq/network/LdapNetworkConnector.java,331.0,22.0,80.0,21.0,97.0,56.0,3.0,rajdavies@apache.org,2,0.003629764065335753,29.0,0.0,0.0,0.0,3714.618260846796,215848.39740404364,2,0,0.11935842071722147,true
activemq-core/src/main/java/org/apache/activemq/network/MulticastNetworkConnector.java,101.0,4.0,39.0,14.0,8.0,26.0,5.0,chirino@apache.org,1,0.0018148820326678765,8.0,0.0,0.0,0.0,1581.2817679558011,54394.39803692288,1,5,0.8923852110206006,true
activemq-core/src/main/java/org/apache/activemq/network/NetworkBridgeConfiguration.java,178.0,0.0,299.0,26.0,0.0,40.0,5.0,null,1,0.0018148820326678765,5.0,0.0,0.0,0.0,1581.2817679558011,54394.39803692288,1,3,0.8923852110206006,true
activemq-core/src/main/java/org/apache/activemq/network/NetworkConnector.java,186.0,23.0,424.0,32.0,45.0,62.0,3.0,chirino@apache.org,2,0.003629764065335753,5.0,0.0,0.0,0.0,3714.618260846796,215848.39740404364,2,11,0.11935842071722147,true
activemq-core/src/main/java/org/apache/activemq/network/jms/JmsConnector.java,261.0,16.0,594.0,37.0,42.0,66.0,3.0,chirino@apache.org,1,0.0018148820326678765,4.0,0.0,4.0,0.0,1581.2817679558011,54394.39803692288,1,6,0.8923852110206006,true
activemq-core/src/main/java/org/apache/activemq/network/jms/JmsQueueConnector.java,344.0,11.0,282.0,29.0,77.0,73.0,3.0,chirino@apache.org,1,0.0018148820326678765,5.0,0.0,5.0,0.0,1581.2817679558011,54394.39803692288,1,6,0.8923852110206006,true
activemq-core/src/main/java/org/apache/activemq/network/jms/JmsTopicConnector.java,344.0,11.0,282.0,29.0,77.0,73.0,3.0,chirino@apache.org,1,0.0018148820326678765,5.0,0.0,5.0,0.0,1581.2817679558011,54394.39803692288,1,5,0.8923852110206006,true
activemq-core/src/main/java/org/apache/activemq/openwire/OpenWireFormat.java,453.0,14.0,463.0,39.0,99.0,113.0,0.0,chirino@apache.org,0,0.0,0.0,0.0,0.0,0.0,0.0,0.0,0,10,0.0,true
activemq-core/src/main/java/org/apache/activemq/openwire/OpenWireFormatFactory.java,90.0,3.0,117.0,19.0,11.0,31.0,0.0,chirino@apache.org,0,0.0,0.0,0.0,0.0,0.0,0.0,0.0,0,5,0.0,true
activemq-core/src/main/java/org/apache/activemq/pool/PooledConnection.java,85.0,19.0,173.0,22.0,33.0,58.0,32.0,chirino@apache.org,2,0.003629764065335753,18.0,0.0,9.0,9.0,2019.5238095238096,53949.825900574244,2,3,2.5797982743406442,true
activemq-core/src/main/java/org/apache/activemq/pool/PooledConnectionFactory.java,134.0,14.0,195.0,22.0,24.0,46.0,31.0,chirino@apache.org,2,0.003629764065335753,15.0,0.0,8.0,8.0,3339.186529860563,107836.02393749713,2,5,1.7254518390759235,true
activemq-core/src/main/java/org/apache/activemq/proxy/ProxyConnector.java,109.0,15.0,76.0,17.0,32.0,40.0,26.0,chirino@apache.org,1,0.0018148820326678765,9.0,5.0,5.0,0.0,2133.336492890995,161453.99936712076,1,5,0.7326259915337328,true
activemq-core/src/main/java/org/apache/activemq/state/ConnectionStateTracker.java,433.0,22.0,382.0,41.0,129.0,125.0,0.0,null,0,0.0,0.0,0.0,0.0,0.0,0.0,0.0,0,9,0.0,true
activemq-core/src/main/java/org/apache/activemq/store/amq/AMQMessageStore.java,481.0,36.0,42.0,32.0,175.0,115.0,8.0,rajdavies@apache.org,2,0.003629764065335753,6.0,0.0,3.0,0.0,3714.618260846796,215848.39740404364,2,9,0.11935842071722147,true
activemq-core/src/main/java/org/apache/activemq/store/amq/AMQPersistenceAdapter.java,787.0,54.0,2921.0,83.0,208.0,203.0,4.0,rajdavies@apache.org,2,0.003629764065335753,17.0,1.0,8.0,1.0,3714.618260846796,215848.39740404364,2,17,0.4384838476304662,true
activemq-core/src/main/java/org/apache/activemq/store/journal/JournalMessageStore.java,312.0,27.0,21.0,27.0,108.0,83.0,0.0,chirino@apache.org,0,0.0,0.0,0.0,0.0,0.0,0.0,0.0,0,8,0.0,true
activemq-core/src/main/java/org/apache/activemq/store/journal/JournalPersistenceAdapter.java,516.0,53.0,848.0,49.0,134.0,138.0,1.0,chirino@apache.org,1,0.0018148820326678765,2.0,0.0,2.0,0.0,2133.336492890995,161453.99936712076,1,12,0.7326259915337328,true
activemq-core/src/main/java/org/apache/activemq/store/kahadaptor/KahaReferenceStore.java,199.0,15.0,197.0,26.0,61.0,58.0,2.0,rajdavies@apache.org,1,0.0018148820326678765,6.0,0.0,3.0,0.0,1581.2817679558011,54394.39803692288,1,12,0.8923852110206006,true
activemq-core/src/main/java/org/apache/activemq/store/kahadaptor/KahaTopicMessageStore.java,196.0,16.0,4.0,16.0,89.0,52.0,1.0,rajdavies@apache.org,1,0.0018148820326678765,3.0,0.0,0.0,0.0,1581.2817679558011,54394.39803692288,1,12,0.8923852110206006,true
activemq-core/src/main/java/org/apache/activemq/store/kahadaptor/KahaTopicReferenceStore.java,280.0,20.0,115.0,22.0,121.0,72.0,3.0,rajdavies@apache.org,1,0.0018148820326678765,9.0,0.0,9.0,0.0,1581.2817679558011,54394.39803692288,1,18,0.8923852110206006,true
activemq-core/src/main/java/org/apache/activemq/store/memory/MemoryMessageStore.java,104.0,15.0,38.0,16.0,31.0,34.0,3.0,chirino@apache.org,1,0.0018148820326678765,4.0,0.0,0.0,0.0,2133.336492890995,161453.99936712076,1,9,0.7326259915337328,true
activemq-core/src/main/java/org/apache/activemq/store/memory/MemoryTopicSub.java,69.0,7.0,0.0,6.0,26.0,18.0,3.0,rajdavies@apache.org,1,0.0018148820326678765,8.0,0.0,0.0,0.0,2133.336492890995,161453.99936712076,1,6,0.7326259915337328,true
activemq-core/src/main/java/org/apache/activemq/thread/PooledTaskRunner.java,99.0,1.0,0.0,6.0,11.0,16.0,2.0,chirino@apache.org,2,0.003629764065335753,12.0,0.0,0.0,0.0,3714.618260846796,215848.39740404364,2,5,0.11935842071722147,true
activemq-core/src/main/java/org/apache/activemq/thread/TaskRunnerFactory.java,54.0,5.0,0.0,7.0,8.0,15.0,0.0,chirino@apache.org,0,0.0,0.0,0.0,0.0,0.0,0.0,0.0,0,6,0.0,true
activemq-core/src/main/java/org/apache/activemq/transport/InactivityMonitor.java,247.0,12.0,69.0,15.0,62.0,45.0,1.0,chirino@apache.org,2,0.003629764065335753,3.0,0.0,3.0,0.0,3714.618260846796,215848.39740404364,2,17,0.11935842071722147,true
activemq-core/src/main/java/org/apache/activemq/transport/ResponseCorrelator.java,100.0,11.0,44.0,12.0,31.0,29.0,1.0,chirino@apache.org,1,0.0018148820326678765,4.0,0.0,4.0,0.0,2133.336492890995,161453.99936712076,1,9,0.7326259915337328,true
activemq-core/src/main/java/org/apache/activemq/transport/TransportFactory.java,199.0,17.0,208.0,21.0,44.0,73.0,12.0,chirino@apache.org,2,0.003629764065335753,17.0,10.0,10.0,0.0,3714.618260846796,215848.39740404364,2,8,0.2641754118929185,true
activemq-core/src/main/java/org/apache/activemq/transport/WireFormatNegotiator.java,121.0,12.0,31.0,11.0,33.0,27.0,1.0,chirino@apache.org,1,0.0018148820326678765,7.0,0.0,3.0,0.0,2133.336492890995,161453.99936712076,1,12,0.7326259915337328,true
activemq-core/src/main/java/org/apache/activemq/transport/discovery/DiscoveryTransportFactory.java,16.0,9.0,1.0,2.0,6.0,5.0,26.0,chirino@apache.org,1,0.0018148820326678765,7.0,7.0,7.0,0.0,2133.336492890995,161453.99936712076,1,4,0.7326259915337328,true
activemq-core/src/main/java/org/apache/activemq/transport/discovery/multicast/MulticastDiscoveryAgentFactory.java,14.0,8.0,0.0,1.0,5.0,4.0,1.0,chirino@apache.org,1,0.0018148820326678765,8.0,8.0,0.0,0.0,32.0,8.78197502467017,1,2,5.043425116919247,true
activemq-core/src/main/java/org/apache/activemq/transport/discovery/rendezvous/JmDNSFactory.java,36.0,6.0,4.0,4.0,8.0,10.0,83.0,chirino@apache.org,1,0.0018148820326678765,9.0,0.0,0.0,0.0,2133.336492890995,161453.99936712076,1,5,0.7326259915337328,true
activemq-core/src/main/java/org/apache/activemq/transport/discovery/rendezvous/RendezvousDiscoveryAgent.java,153.0,18.0,314.0,28.0,44.0,55.0,83.0,chirino@apache.org,1,0.0018148820326678765,6.0,0.0,0.0,0.0,2133.336492890995,161453.99936712076,1,5,0.7326259915337328,true
activemq-core/src/main/java/org/apache/activemq/transport/discovery/simple/SimpleDiscoveryAgent.java,156.0,12.0,175.0,23.0,26.0,50.0,0.0,chirino@apache.org,0,0.0,0.0,0.0,0.0,0.0,0.0,0.0,0,7,0.0,true
activemq-core/src/main/java/org/apache/activemq/transport/failover/BackupTransport.java,44.0,4.0,19.0,10.0,5.0,19.0,0.0,rajdavies@apache.org,0,0.0,0.0,0.0,0.0,0.0,0.0,0.0,0,0,0.0,false
activemq-core/src/main/java/org/apache/activemq/transport/failover/FailoverTransport.java,637.0,32.0,1208.0,56.0,175.0,150.0,1.0,null,2,0.003629764065335753,5.0,0.0,4.0,0.0,3714.618260846796,215848.39740404364,2,26,0.41519746557315135,true
activemq-core/src/main/java/org/apache/activemq/transport/failover/FailoverTransportFactory.java,43.0,12.0,10.0,5.0,10.0,17.0,26.0,chirino@apache.org,1,0.0018148820326678765,10.0,10.0,10.0,0.0,2133.336492890995,161453.99936712076,1,3,0.7326259915337328,true
activemq-core/src/main/java/org/apache/activemq/transport/fanout/FanoutTransportFactory.java,43.0,16.0,10.0,5.0,9.0,16.0,26.0,chirino@apache.org,1,0.0018148820326678765,8.0,8.0,8.0,0.0,2133.336492890995,161453.99936712076,1,3,0.7326259915337328,true
activemq-core/src/main/java/org/apache/activemq/transport/mock/MockTransportFactory.java,24.0,11.0,6.0,4.0,8.0,11.0,26.0,chirino@apache.org,1,0.0018148820326678765,14.0,14.0,14.0,0.0,2133.336492890995,161453.99936712076,1,2,0.7326259915337328,true
activemq-core/src/main/java/org/apache/activemq/transport/peer/PeerTransportFactory.java,66.0,17.0,21.0,7.0,24.0,22.0,26.0,chirino@apache.org,1,0.0018148820326678765,7.0,7.0,7.0,0.0,2133.336492890995,161453.99936712076,1,6,0.7326259915337328,true
activemq-core/src/main/java/org/apache/activemq/transport/stomp/JmsFrameTranslator.java,132.0,19.0,32.0,9.0,42.0,38.0,27.0,tabish@apache.org,1,0.0018148820326678765,10.0,0.0,0.0,0.0,2133.336492890995,161453.99936712076,1,0,0.7326259915337328,false
activemq-core/src/main/java/org/apache/activemq/transport/stomp/ProtocolConverter.java,434.0,41.0,254.0,28.0,225.0,96.0,27.0,null,1,0.0018148820326678765,2.0,0.0,0.0,0.0,2133.336492890995,161453.99936712076,1,6,0.7326259915337328,true
activemq-core/src/main/java/org/apache/activemq/transport/stomp/Stomp.java,95.0,0.0,1.0,2.0,6.0,5.0,27.0,chirino@apache.org,1,0.0018148820326678765,5.0,0.0,0.0,0.0,2133.336492890995,161453.99936712076,1,2,0.7326259915337328,true
activemq-core/src/main/java/org/apache/activemq/transport/stomp/StompSslTransportFactory.java,20.0,9.0,1.0,3.0,2.0,7.0,27.0,tabish@apache.org,1,0.0018148820326678765,8.0,0.0,0.0,0.0,2133.336492890995,161453.99936712076,1,2,0.7326259915337328,true
activemq-core/src/main/java/org/apache/activemq/transport/stomp/StompSubscription.java,93.0,12.0,14.0,9.0,31.0,22.0,27.0,chirino@apache.org,1,0.0018148820326678765,4.0,0.0,0.0,0.0,2133.336492890995,161453.99936712076,1,4,0.7326259915337328,true
activemq-core/src/main/java/org/apache/activemq/transport/stomp/StompTransportFactory.java,23.0,9.0,4.0,4.0,2.0,9.0,27.0,chirino@apache.org,1,0.0018148820326678765,5.0,0.0,0.0,0.0,2133.336492890995,161453.99936712076,1,5,0.7326259915337328,true
activemq-core/src/main/java/org/apache/activemq/transport/stomp/StompTransportFilter.java,62.0,9.0,8.0,8.0,9.0,16.0,27.0,chirino@apache.org,1,0.0018148820326678765,4.0,0.0,0.0,0.0,2133.336492890995,161453.99936712076,1,3,0.7326259915337328,true
activemq-core/src/main/java/org/apache/activemq/transport/tcp/SslTransport.java,56.0,11.0,6.0,4.0,6.0,11.0,1.0,chirino@apache.org,1,0.0018148820326678765,12.0,0.0,12.0,0.0,2133.336492890995,161453.99936712076,1,3,0.7326259915337328,true
activemq-core/src/main/java/org/apache/activemq/transport/tcp/SslTransportFactory.java,115.0,28.0,13.0,7.0,36.0,30.0,15.0,chirino@apache.org,1,0.0018148820326678765,12.0,8.0,12.0,0.0,2133.336492890995,161453.99936712076,1,5,0.7326259915337328,true
activemq-core/src/main/java/org/apache/activemq/transport/tcp/SslTransportServer.java,65.0,9.0,9.0,7.0,2.0,21.0,2.0,chirino@apache.org,1,0.0018148820326678765,12.0,0.0,12.0,0.0,32.0,8.78197502467017,1,3,5.043425116919247,false
activemq-core/src/main/java/org/apache/activemq/transport/tcp/TcpTransportFactory.java,97.0,21.0,26.0,8.0,35.0,29.0,17.0,chirino@apache.org,1,0.0018148820326678765,5.0,5.0,5.0,0.0,2133.336492890995,161453.99936712076,1,9,0.7326259915337328,true
activemq-core/src/main/java/org/apache/activemq/transport/udp/UdpTransportFactory.java,96.0,25.0,36.0,9.0,27.0,34.0,26.0,chirino@apache.org,1,0.0018148820326678765,3.0,3.0,3.0,0.0,2133.336492890995,161453.99936712076,1,9,0.7326259915337328,true
activemq-core/src/main/java/org/apache/activemq/transport/vm/VMTransportFactory.java,169.0,22.0,10.0,9.0,53.0,30.0,13.0,chirino@apache.org,2,0.003629764065335753,7.0,3.0,3.0,0.0,3714.618260846796,215848.39740404364,2,10,0.11935842071722147,true
activemq-core/src/main/java/org/apache/activemq/usage/Usage.java,325.0,14.0,258.0,37.0,69.0,86.0,1.0,gtully@apache.org,1,0.0018148820326678765,4.0,0.0,0.0,0.0,1581.2817679558011,54394.39803692288,1,4,0.8923852110206006,true
activemq-core/src/main/java/org/apache/activemq/util/IOHelper.java,127.0,7.0,66.0,12.0,27.0,36.0,11.0,rajdavies@apache.org,1,0.0018148820326678765,7.0,7.0,7.0,0.0,2133.336492890995,161453.99936712076,1,6,0.7326259915337328,true
activemq-core/src/main/java/org/apache/activemq/util/XStreamFactoryBean.java,74.0,10.0,0.0,8.0,15.0,21.0,27.0,tabish@apache.org,1,0.0018148820326678765,25.0,0.0,0.0,0.0,2133.336492890995,161453.99936712076,1,0,0.7326259915337328,false
activemq-core/src/main/java/org/apache/activemq/xbean/XBeanBrokerFactory.java,51.0,18.0,1.0,2.0,8.0,13.0,27.0,chirino@apache.org,1,0.0018148820326678765,4.0,0.0,0.0,0.0,2133.336492890995,161453.99936712076,1,5,0.7326259915337328,true
activemq-core/src/main/java/org/apache/activemq/xbean/XBeanBrokerService.java,35.0,6.0,13.0,7.0,2.0,13.0,15.0,chirino@apache.org,2,0.003629764065335753,9.0,4.0,0.0,0.0,3891.241254795757,214895.625267695,2,1,1.6455722293324895,true
activemq-core/src/test/java/org/apache/activemq/AMQDeadlockTest3.java,277.0,31.0,22.0,8.0,74.0,23.0,39.0,chirino@apache.org,2,0.003629764065335753,15.0,8.0,8.0,8.0,3891.241254795757,214895.625267695,2,6,1.6455722293324895,true
activemq-core/src/test/java/org/apache/activemq/ActiveMQXAConnectionFactoryTest.java,81.0,16.0,34.0,9.0,47.0,17.0,1.0,null,1,0.0018148820326678765,6.0,6.0,6.0,0.0,2133.336492890995,161453.99936712076,1,2,0.7326259915337328,false
activemq-core/src/test/java/org/apache/activemq/ClientTestSupport.java,106.0,23.0,58.0,13.0,37.0,40.0,26.0,chirino@apache.org,1,0.0018148820326678765,10.0,10.0,10.0,0.0,2133.336492890995,161453.99936712076,1,4,0.7326259915337328,true
activemq-core/src/test/java/org/apache/activemq/JmsMultipleBrokersTestSupport.java,315.0,37.0,13.0,26.0,91.0,84.0,2.0,gtully@apache.org,1,0.0018148820326678765,3.0,0.0,3.0,0.0,2133.336492890995,161453.99936712076,1,3,0.7326259915337328,true
activemq-core/src/test/java/org/apache/activemq/JmsTempDestinationTest.java,196.0,20.0,0.0,9.0,100.0,27.0,1.0,chirino@apache.org,2,0.003629764065335753,21.0,11.0,11.0,0.0,2394.9555405100427,161962.19936712077,2,5,0.6374038694190018,true
activemq-core/src/test/java/org/apache/activemq/advisory/DestinationListenerTest.java,68.0,16.0,0.0,7.0,33.0,19.0,2.0,jstrachan@apache.org,1,0.0018148820326678765,17.0,17.0,0.0,0.0,261.61904761904765,508.20000000000005,1,0,2.6010780815500425,false
activemq-core/src/test/java/org/apache/activemq/advisory/TempDestLoadTest.java,53.0,8.0,0.0,4.0,30.0,11.0,6.0,rajdavies@apache.org,1,0.0018148820326678765,50.0,0.0,12.0,12.0,1581.2817679558011,54394.39803692288,1,0,0.8923852110206006,true
activemq-core/src/test/java/org/apache/activemq/advisory/TempQueueMemoryTest.java,65.0,11.0,4.0,5.0,31.0,12.0,12.0,gtully@apache.org,1,0.0018148820326678765,14.0,0.0,7.0,0.0,1581.2817679558011,54394.39803692288,1,0,0.8923852110206006,true
activemq-core/src/test/java/org/apache/activemq/broker/BrokerTest.java,980.0,17.0,905.0,59.0,504.0,112.0,0.0,chirino@apache.org,0,0.0,0.0,0.0,0.0,0.0,0.0,0.0,0,10,0.0,true
activemq-core/src/test/java/org/apache/activemq/broker/StubBroker.java,159.0,25.0,1485.0,55.0,2.0,109.0,17.0,rajdavies@apache.org,1,0.0018148820326678765,14.0,0.0,14.0,0.0,1581.2817679558011,54394.39803692288,1,7,0.8923852110206006,true
activemq-core/src/test/java/org/apache/activemq/broker/StubConnection.java,113.0,16.0,49.0,15.0,35.0,41.0,0.0,chirino@apache.org,0,0.0,0.0,0.0,0.0,0.0,0.0,0.0,0,7,0.0,true
activemq-core/src/test/java/org/apache/activemq/broker/ft/QueueMasterSlaveTest.java,67.0,11.0,26.0,9.0,23.0,22.0,0.0,null,0,0.0,0.0,0.0,0.0,0.0,0.0,0.0,0,8,0.0,true
activemq-core/src/test/java/org/apache/activemq/broker/ft/QueueMasterSlaveTestUsingSharedFileTest.java,21.0,0.0,6.0,4.0,3.0,9.0,0.0,tabish@apache.org,0,0.0,0.0,0.0,0.0,0.0,0.0,0.0,0,2,0.0,false
activemq-core/src/test/java/org/apache/activemq/broker/policy/MessageListenerDeadLetterTest.java,87.0,12.0,7.0,6.0,21.0,15.0,1.0,tabish@apache.org,1,0.0018148820326678765,25.0,0.0,0.0,0.0,1581.2817679558011,54394.39803692288,1,0,0.8923852110206006,false
activemq-core/src/test/java/org/apache/activemq/bugs/DurableConsumerTest.java,86.0,14.0,13.0,7.0,27.0,22.0,2.0,null,1,0.0018148820326678765,3.0,3.0,0.0,0.0,2133.336492890995,161453.99936712076,1,2,0.7326259915337328,true
activemq-core/src/test/java/org/apache/activemq/bugs/amq1095/ActiveMQTestCase.java,91.0,20.0,6.0,5.0,22.0,16.0,1.0,tabish@apache.org,1,0.0018148820326678765,33.0,0.0,33.0,0.0,2133.336492890995,161453.99936712076,1,1,0.7326259915337328,false
activemq-core/src/test/java/org/apache/activemq/camel/component/ActiveMQConfigureTest.java,38.0,11.0,10.0,5.0,30.0,10.0,50.0,chirino@apache.org,2,0.003629764065335753,60.0,0.0,40.0,20.0,2019.5238095238096,53949.825900574244,2,1,2.412475495488928,false
activemq-core/src/test/java/org/apache/activemq/camel/component/ActiveMQReplyToHeaderUsingConverterTest.java,61.0,16.0,6.0,4.0,24.0,11.0,64.0,gnodet@apache.org,2,0.003629764065335753,50.0,0.0,25.0,50.0,2019.5238095238096,53949.825900574244,2,0,2.5797982743406442,false
activemq-core/src/test/java/org/apache/activemq/camel/component/AdvisoryConsumerExample.java,35.0,13.0,6.0,4.0,21.0,12.0,96.0,gnodet@apache.org,1,0.0018148820326678765,50.0,0.0,0.0,50.0,1757.904761904762,53441.62590057425,1,0,3.9448128282511368,false
activemq-core/src/test/java/org/apache/activemq/camel/component/AutoExposeQueuesInCamelTest.java,37.0,13.0,0.0,4.0,11.0,10.0,50.0,gnodet@apache.org,2,0.003629764065335753,75.0,0.0,25.0,50.0,3891.241254795757,214895.625267695,2,0,1.166840768811388,false
activemq-core/src/test/java/org/apache/activemq/camel/component/BrowseQueuesInUFace.java,28.0,10.0,1.0,2.0,5.0,5.0,40.0,gnodet@apache.org,3,0.0054446460980036296,100.0,25.0,25.0,50.0,4152.860302414805,215403.825267695,3,0,0.9630649523772432,false
activemq-core/src/test/java/org/apache/activemq/camel/component/InvokeRequestReplyUsingJmsReplyToHeaderTest.java,64.0,17.0,0.0,4.0,30.0,11.0,64.0,gnodet@apache.org,2,0.003629764065335753,100.0,0.0,50.0,100.0,2019.5238095238096,53949.825900574244,2,0,2.5797982743406442,false
activemq-core/src/test/java/org/apache/activemq/camel/converter/InvokeJmsMessageListenerTest.java,28.0,5.0,0.0,3.0,9.0,7.0,64.0,gnodet@apache.org,2,0.003629764065335753,100.0,50.0,50.0,50.0,2019.5238095238096,53949.825900574244,2,0,2.5797982743406442,false
activemq-core/src/test/java/org/apache/activemq/filter/DestinationMapTempDestinationTest.java,18.0,5.0,0.0,1.0,6.0,3.0,1.0,tabish@apache.org,1,0.0018148820326678765,50.0,0.0,0.0,0.0,1581.2817679558011,54394.39803692288,1,0,0.8923852110206006,false
activemq-core/src/test/java/org/apache/activemq/kaha/Loader.java,78.0,5.0,1.0,3.0,18.0,7.0,0.0,rajdavies@apache.org,0,0.0,0.0,0.0,0.0,0.0,0.0,0.0,0,5,0.0,false
activemq-core/src/test/java/org/apache/activemq/kaha/impl/index/hash/HashTest.java,110.0,8.0,0.0,10.0,34.0,29.0,11.0,rajdavies@apache.org,1,0.0018148820326678765,11.0,11.0,11.0,0.0,2133.336492890995,161453.99936712076,1,3,0.7326259915337328,true
activemq-core/src/test/java/org/apache/activemq/network/NetworkFailoverTest.java,106.0,24.0,45.0,11.0,44.0,27.0,0.0,rajdavies@apache.org,0,0.0,0.0,0.0,0.0,0.0,0.0,0.0,0,0,0.0,false
activemq-core/src/test/java/org/apache/activemq/network/NetworkLoadTest.java,217.0,31.0,20.0,8.0,91.0,27.0,21.0,chirino@apache.org,1,0.0018148820326678765,27.0,0.0,18.0,0.0,2133.336492890995,161453.99936712076,1,0,0.7326259915337328,true
activemq-core/src/test/java/org/apache/activemq/network/NetworkReconnectTest.java,218.0,21.0,193.0,23.0,107.0,64.0,0.0,chirino@apache.org,0,0.0,0.0,0.0,0.0,0.0,0.0,0.0,0,4,0.0,false
activemq-core/src/test/java/org/apache/activemq/network/NetworkTestSupport.java,110.0,16.0,51.0,14.0,47.0,39.0,26.0,chirino@apache.org,1,0.0018148820326678765,7.0,7.0,7.0,0.0,2133.336492890995,161453.99936712076,1,3,0.7326259915337328,true
activemq-core/src/test/java/org/apache/activemq/perf/KahaDurableTopicTest.java,11.0,2.0,0.0,1.0,3.0,2.0,1.0,rajdavies@apache.org,1,0.0018148820326678765,8.0,0.0,0.0,0.0,1581.2817679558011,54394.39803692288,1,4,0.8923852110206006,false
activemq-core/src/test/java/org/apache/activemq/perf/PerfConsumer.java,73.0,12.0,25.0,11.0,18.0,25.0,6.0,rajdavies@apache.org,1,0.0018148820326678765,15.0,5.0,0.0,0.0,1581.2817679558011,54394.39803692288,1,2,0.8923852110206006,true
activemq-core/src/test/java/org/apache/activemq/perf/PerfProducer.java,77.0,9.0,13.0,11.0,19.0,24.0,11.0,chirino@apache.org,1,0.0018148820326678765,7.0,0.0,0.0,0.0,1581.2817679558011,54394.39803692288,1,2,0.8923852110206006,true
activemq-core/src/test/java/org/apache/activemq/perf/QueueConnectionMemoryTest.java,41.0,9.0,15.0,6.0,15.0,16.0,11.0,rajdavies@apache.org,1,0.0018148820326678765,9.0,0.0,0.0,0.0,1581.2817679558011,54394.39803692288,1,4,0.8923852110206006,false
activemq-core/src/test/java/org/apache/activemq/perf/SimpleDurableTopicNetworkTest.java,17.0,6.0,3.0,3.0,1.0,8.0,6.0,rajdavies@apache.org,2,0.003629764065335753,50.0,0.0,17.0,17.0,1616.2817679558011,54445.949871086945,2,0,1.5043959753226148,false
activemq-core/src/test/java/org/apache/activemq/perf/SimpleDurableTopicTest.java,21.0,4.0,3.0,3.0,1.0,8.0,7.0,rajdavies@apache.org,2,0.003629764065335753,23.0,5.0,5.0,5.0,1616.2817679558011,54445.949871086945,2,3,1.1410977470405093,true
activemq-core/src/test/java/org/apache/activemq/perf/SimpleNetworkTest.java,96.0,9.0,19.0,7.0,33.0,20.0,8.0,rajdavies@apache.org,1,0.0018148820326678765,50.0,0.0,0.0,0.0,1581.2817679558011,54394.39803692288,1,0,0.8923852110206006,false
activemq-core/src/test/java/org/apache/activemq/perf/SimpleNonPersistentQueueNetworkTest.java,41.0,10.0,15.0,6.0,15.0,16.0,11.0,tabish@apache.org,1,0.0018148820326678765,33.0,0.0,0.0,0.0,1581.2817679558011,54394.39803692288,1,0,0.8923852110206006,false
activemq-core/src/test/java/org/apache/activemq/perf/SimpleNonPersistentQueueTest.java,29.0,12.0,3.0,3.0,9.0,7.0,13.0,rajdavies@apache.org,1,0.0018148820326678765,17.0,0.0,0.0,0.0,1581.2817679558011,54394.39803692288,1,1,0.8923852110206006,true
activemq-core/src/test/java/org/apache/activemq/perf/SimpleQueueTest.java,18.0,4.0,3.0,3.0,3.0,8.0,11.0,rajdavies@apache.org,1,0.0018148820326678765,6.0,0.0,0.0,0.0,1581.2817679558011,54394.39803692288,1,1,0.8923852110206006,true
activemq-core/src/test/java/org/apache/activemq/perf/SimpleTopicTest.java,152.0,10.0,35.0,11.0,32.0,36.0,8.0,rajdavies@apache.org,2,0.003629764065335753,12.0,0.0,3.0,3.0,1616.2817679558011,54445.949871086945,2,7,1.2664437658494128,true
activemq-core/src/test/java/org/apache/activemq/perf/SlowConsumerTopicTest.java,33.0,10.0,10.0,5.0,6.0,14.0,11.0,rajdavies@apache.org,1,0.0018148820326678765,9.0,0.0,0.0,0.0,1581.2817679558011,54394.39803692288,1,3,0.8923852110206006,false
activemq-core/src/test/java/org/apache/activemq/proxy/ProxyTestSupport.java,84.0,11.0,36.0,12.0,43.0,31.0,0.0,chirino@apache.org,0,0.0,0.0,0.0,0.0,0.0,0.0,0.0,0,2,0.0,true
activemq-core/src/test/java/org/apache/activemq/thread/PooledTaskRunnerTest.java,49.0,8.0,1.0,7.0,22.0,18.0,2.0,tabish@apache.org,2,0.003629764065335753,50.0,0.0,0.0,0.0,3714.618260846796,215848.39740404364,2,0,0.11935842071722147,false
activemq-core/src/test/java/org/apache/activemq/transport/TransportBrokerTestSupport.java,36.0,8.0,9.0,6.0,20.0,16.0,0.0,chirino@apache.org,0,0.0,0.0,0.0,0.0,0.0,0.0,0.0,0,4,0.0,true
activemq-core/src/test/java/org/apache/activemq/transport/failover/ReconnectTest.java,168.0,23.0,0.0,3.0,16.0,12.0,0.0,chirino@apache.org,0,0.0,0.0,0.0,0.0,0.0,0.0,0.0,0,5,0.0,true
activemq-core/src/test/java/org/apache/activemq/transport/stomp/SamplePojo.java,22.0,2.0,3.0,6.0,0.0,8.0,27.0,tabish@apache.org,1,0.0018148820326678765,25.0,0.0,0.0,0.0,2133.336492890995,161453.99936712076,1,0,0.7326259915337328,true
activemq-core/src/test/java/org/apache/activemq/transport/stomp/StompTest.java,541.0,26.0,0.0,43.0,338.0,103.0,27.0,null,1,0.0018148820326678765,1.0,0.0,0.0,0.0,2133.336492890995,161453.99936712076,1,13,0.7326259915337328,true
activemq-core/src/test/java/org/apache/activemq/transport/tcp/InactivityMonitorTest.java,177.0,16.0,145.0,23.0,70.0,45.0,26.0,chirino@apache.org,1,0.0018148820326678765,5.0,5.0,5.0,0.0,2133.336492890995,161453.99936712076,1,6,0.7326259915337328,true
activemq-core/src/test/java/org/apache/activemq/transport/tcp/SslBrokerServiceTest.java,63.0,15.0,28.0,8.0,26.0,23.0,2.0,gtully@apache.org,1,0.0018148820326678765,14.0,0.0,0.0,0.0,1581.2817679558011,54394.39803692288,1,0,0.8923852110206006,true
activemq-core/src/test/java/org/apache/activemq/transport/tcp/SslTransportBrokerTest.java,25.0,3.0,6.0,4.0,4.0,7.0,2.0,chirino@apache.org,1,0.0018148820326678765,11.0,0.0,0.0,0.0,1581.2817679558011,54394.39803692288,1,4,0.8923852110206006,false
activemq-core/src/test/java/org/apache/activemq/transport/tcp/SslTransportFactoryTest.java,79.0,8.0,4.0,5.0,19.0,15.0,26.0,chirino@apache.org,1,0.0018148820326678765,8.0,8.0,8.0,0.0,2133.336492890995,161453.99936712076,1,8,0.7326259915337328,true
activemq-core/src/test/java/org/apache/activemq/transport/tcp/SslTransportServerTest.java,49.0,3.0,26.0,8.0,14.0,19.0,2.0,chirino@apache.org,1,0.0018148820326678765,17.0,0.0,17.0,0.0,32.0,8.78197502467017,1,3,5.043425116919247,false
activemq-core/src/test/java/org/apache/activemq/transport/tcp/WireformatNegociationTest.java,144.0,17.0,36.0,17.0,68.0,35.0,26.0,chirino@apache.org,1,0.0018148820326678765,10.0,10.0,10.0,0.0,2133.336492890995,161453.99936712076,1,4,0.7326259915337328,true
activemq-core/src/test/java/org/apache/activemq/transport/udp/UdpTransportUsingServerTest.java,30.0,9.0,4.0,4.0,10.0,11.0,26.0,chirino@apache.org,1,0.0018148820326678765,7.0,7.0,7.0,0.0,2133.336492890995,161453.99936712076,1,5,0.7326259915337328,true
activemq-core/src/test/java/org/apache/activemq/usecases/AMQDeadlockTestW4Brokers.java,195.0,31.0,13.0,6.0,43.0,16.0,39.0,rajdavies@apache.org,2,0.003629764065335753,17.0,8.0,8.0,8.0,3891.241254795757,214895.625267695,2,6,1.6455722293324895,true
activemq-core/src/test/java/org/apache/activemq/usecases/AMQFailoverIssue.java,150.0,30.0,15.0,6.0,44.0,15.0,39.0,rajdavies@apache.org,2,0.003629764065335753,17.0,8.0,8.0,8.0,3891.241254795757,214895.625267695,2,7,1.6455722293324895,true
activemq-core/src/test/java/org/apache/activemq/usecases/AMQStackOverFlowTest.java,75.0,19.0,6.0,4.0,27.0,13.0,26.0,rajdavies@apache.org,1,0.0018148820326678765,10.0,10.0,10.0,0.0,2133.336492890995,161453.99936712076,1,5,0.7326259915337328,true
activemq-core/src/test/java/org/apache/activemq/usecases/MultiBrokersMultiClientsTest.java,72.0,9.0,0.0,3.0,29.0,9.0,1.0,chirino@apache.org,1,0.0018148820326678765,17.0,0.0,8.0,0.0,2133.336492890995,161453.99936712076,1,2,0.7326259915337328,true
activemq-core/src/test/java/org/apache/activemq/usecases/ReliableReconnectTest.java,130.0,20.0,35.0,11.0,57.0,32.0,3.0,chirino@apache.org,1,0.0018148820326678765,8.0,0.0,0.0,0.0,1581.2817679558011,54394.39803692288,1,6,0.8923852110206006,false
activemq-core/src/test/java/org/apache/activemq/usecases/TwoBrokerMessageNotSentToRemoteWhenNoConsumerTest.java,43.0,15.0,1.0,3.0,20.0,6.0,1.0,chirino@apache.org,1,0.0018148820326678765,8.0,0.0,0.0,0.0,1581.2817679558011,54394.39803692288,1,6,0.8923852110206006,false
activemq-core/src/test/java/org/apache/activemq/usecases/TwoMulticastDiscoveryBrokerTopicSendReceiveTest.java,15.0,2.0,3.0,3.0,2.0,10.0,22.0,chirino@apache.org,2,0.003629764065335753,33.0,0.0,11.0,0.0,3714.618260846796,215848.39740404364,2,3,0.1493648964012092,false
activemq-core/src/test/java/org/apache/activemq/xbean/ApplicationContextAwareTest.java,11.0,5.0,1.0,2.0,4.0,4.0,27.0,chirino@apache.org,1,0.0018148820326678765,50.0,0.0,0.0,0.0,2133.336492890995,161453.99936712076,1,0,0.7326259915337328,false
activemq-jmdns_1.0/src/main/java/org/apache/activemq/jmdns/DNSCache.java,146.0,4.0,15.0,10.0,25.0,29.0,83.0,davsclaus@apache.org,1,0.0018148820326678765,33.0,0.0,0.0,0.0,2133.336492890995,161453.99936712076,1,0,0.7326259915337328,false
activemq-jmdns_1.0/src/main/java/org/apache/activemq/jmdns/DNSConstants.java,103.0,0.0,0.0,0.0,0.0,0.0,83.0,davsclaus@apache.org,1,0.0018148820326678765,33.0,0.0,0.0,0.0,2133.336492890995,161453.99936712076,1,0,0.7326259915337328,false
activemq-jmdns_1.0/src/main/java/org/apache/activemq/jmdns/DNSEntry.java,116.0,1.0,0.0,8.0,5.0,19.0,83.0,davsclaus@apache.org,1,0.0018148820326678765,33.0,0.0,0.0,0.0,2133.336492890995,161453.99936712076,1,0,0.7326259915337328,false
activemq-jmdns_1.0/src/main/java/org/apache/activemq/jmdns/DNSIncoming.java,336.0,8.0,19.0,14.0,46.0,59.0,83.0,davsclaus@apache.org,1,0.0018148820326678765,33.0,0.0,0.0,0.0,2133.336492890995,161453.99936712076,1,0,0.7326259915337328,false
activemq-jmdns_1.0/src/main/java/org/apache/activemq/jmdns/DNSListener.java,11.0,0.0,0.0,1.0,0.0,1.0,83.0,davsclaus@apache.org,1,0.0018148820326678765,25.0,0.0,0.0,0.0,2133.336492890995,161453.99936712076,1,0,0.7326259915337328,false
activemq-jmdns_1.0/src/main/java/org/apache/activemq/jmdns/DNSOutgoing.java,267.0,5.0,66.0,21.0,39.0,66.0,83.0,davsclaus@apache.org,1,0.0018148820326678765,33.0,0.0,0.0,0.0,2133.336492890995,161453.99936712076,1,0,0.7326259915337328,false
activemq-jmdns_1.0/src/main/java/org/apache/activemq/jmdns/DNSQuestion.java,26.0,1.0,3.0,3.0,2.0,7.0,83.0,davsclaus@apache.org,1,0.0018148820326678765,33.0,0.0,0.0,0.0,2133.336492890995,161453.99936712076,1,0,0.7326259915337328,false
activemq-jmdns_1.0/src/main/java/org/apache/activemq/jmdns/DNSRecord.java,440.0,9.0,116.0,17.0,14.0,48.0,83.0,davsclaus@apache.org,1,0.0018148820326678765,25.0,0.0,0.0,0.0,2133.336492890995,161453.99936712076,1,0,0.7326259915337328,false
activemq-jmdns_1.0/src/main/java/org/apache/activemq/jmdns/DNSState.java,71.0,2.0,20.0,8.0,7.0,21.0,83.0,davsclaus@apache.org,1,0.0018148820326678765,33.0,0.0,0.0,0.0,2133.336492890995,161453.99936712076,1,0,0.7326259915337328,false
activemq-jmdns_1.0/src/main/java/org/apache/activemq/jmdns/HostInfo.java,85.0,3.0,31.0,10.0,22.0,27.0,83.0,davsclaus@apache.org,1,0.0018148820326678765,33.0,0.0,0.0,0.0,2133.336492890995,161453.99936712076,1,0,0.7326259915337328,false
activemq-jmdns_1.0/src/main/java/org/apache/activemq/jmdns/JmDNS.java,1681.0,7.0,676.0,45.0,245.0,164.0,83.0,chirino@apache.org,1,0.0018148820326678765,17.0,0.0,0.0,0.0,2133.336492890995,161453.99936712076,1,0,0.7326259915337328,true
activemq-jmdns_1.0/src/main/java/org/apache/activemq/jmdns/ServiceEvent.java,69.0,2.0,9.0,6.0,7.0,15.0,83.0,davsclaus@apache.org,1,0.0018148820326678765,33.0,0.0,0.0,0.0,2133.336492890995,161453.99936712076,1,0,0.7326259915337328,false
activemq-jmdns_1.0/src/main/java/org/apache/activemq/jmdns/ServiceInfo.java,475.0,9.0,408.0,37.0,62.0,125.0,83.0,davsclaus@apache.org,1,0.0018148820326678765,33.0,0.0,0.0,0.0,2133.336492890995,161453.99936712076,1,0,0.7326259915337328,false
activemq-jmdns_1.0/src/main/java/org/apache/activemq/jmdns/ServiceListener.java,22.0,1.0,3.0,3.0,0.0,6.0,83.0,davsclaus@apache.org,1,0.0018148820326678765,33.0,0.0,0.0,0.0,2133.336492890995,161453.99936712076,1,0,0.7326259915337328,false
activemq-jmdns_1.0/src/main/java/org/apache/activemq/jmdns/ServiceTypeListener.java,12.0,1.0,0.0,1.0,0.0,2.0,83.0,davsclaus@apache.org,1,0.0018148820326678765,33.0,0.0,0.0,0.0,2133.336492890995,161453.99936712076,1,0,0.7326259915337328,false
activemq-jpa-store/src/test/java/org/apache/activemq/broker/store/JPARecoveryBrokerTest.java,35.0,5.0,6.0,4.0,10.0,9.0,9.0,chirino@apache.org,1,0.0018148820326678765,25.0,0.0,25.0,0.0,2133.336492890995,161453.99936712076,1,1,0.7326259915337328,false
activemq-jpa-store/src/test/java/org/apache/activemq/broker/store/QuickJPAStoreRecoveryBrokerTest.java,39.0,6.0,6.0,4.0,12.0,9.0,9.0,chirino@apache.org,1,0.0018148820326678765,17.0,0.0,17.0,0.0,2133.336492890995,161453.99936712076,1,1,0.7326259915337328,false
activemq-jpa-store/src/test/java/org/apache/activemq/broker/store/QuickJPAStoreXARecoveryBrokerTest.java,39.0,6.0,6.0,4.0,12.0,9.0,9.0,chirino@apache.org,1,0.0018148820326678765,17.0,0.0,17.0,0.0,2133.336492890995,161453.99936712076,1,1,0.7326259915337328,false
activemq-optional/src/main/java/org/apache/activemq/benchmark/BenchmarkSupport.java,154.0,10.0,267.0,26.0,31.0,51.0,0.0,chirino@apache.org,0,0.0,0.0,0.0,0.0,0.0,0.0,0.0,0,2,0.0,false
activemq-optional/src/main/java/org/apache/activemq/benchmark/Producer.java,134.0,10.0,87.0,15.0,41.0,39.0,0.0,chirino@apache.org,0,0.0,0.0,0.0,0.0,0.0,0.0,0.0,0,2,0.0,false
activemq-optional/src/main/java/org/apache/activemq/benchmark/ProducerConsumer.java,58.0,0.0,8.0,8.0,17.0,13.0,0.0,chirino@apache.org,0,0.0,0.0,0.0,0.0,0.0,0.0,0.0,0,2,0.0,false
activemq-optional/src/main/java/org/apache/activemq/transport/http/HttpTransportFactory.java,37.0,12.0,8.0,5.0,6.0,16.0,1.0,chirino@apache.org,1,0.0018148820326678765,5.0,0.0,0.0,0.0,2133.336492890995,161453.99936712076,1,5,0.7326259915337328,true
activemq-ra/src/main/java/org/apache/activemq/ra/ActiveMQConnectionFactory.java,83.0,14.0,35.0,10.0,15.0,27.0,5.0,chirino@apache.org,1,0.0018148820326678765,9.0,0.0,0.0,0.0,1581.2817679558011,54394.39803692288,1,4,0.8923852110206006,true
activemq-ra/src/main/java/org/apache/activemq/ra/ActiveMQConnectionRequestInfo.java,242.0,5.0,343.0,39.0,71.0,85.0,10.0,chirino@apache.org,1,0.0018148820326678765,6.0,0.0,0.0,0.0,1581.2817679558011,54394.39803692288,1,3,0.8923852110206006,true
activemq-ra/src/main/java/org/apache/activemq/ra/ActiveMQConnectionSupport.java,297.0,5.0,0.0,38.0,72.0,90.0,6.0,null,2,0.003629764065335753,20.0,0.0,10.0,0.0,3714.618260846796,215848.39740404364,2,0,0.11935842071722147,true
activemq-ra/src/main/java/org/apache/activemq/ra/ActiveMQManagedConnectionFactory.java,146.0,17.0,60.0,12.0,41.0,42.0,10.0,chirino@apache.org,1,0.0018148820326678765,7.0,0.0,0.0,0.0,1581.2817679558011,54394.39803692288,1,6,0.8923852110206006,true
activemq-ra/src/main/java/org/apache/activemq/ra/ActiveMQResourceAdapter.java,207.0,19.0,47.0,14.0,60.0,46.0,6.0,null,2,0.003629764065335753,11.0,0.0,4.0,0.0,3714.618260846796,215848.39740404364,2,8,0.20261796956349842,true
activemq-ra/src/main/java/org/apache/activemq/ra/MessageResourceAdapter.java,24.0,4.0,10.0,5.0,0.0,9.0,5.0,rajdavies@apache.org,1,0.0018148820326678765,43.0,0.0,0.0,0.0,1581.2817679558011,54394.39803692288,1,3,0.8923852110206006,true
activemq-ra/src/main/java/org/apache/activemq/ra/ServerSessionPoolImpl.java,237.0,18.0,0.0,13.0,73.0,47.0,6.0,chirino@apache.org,1,0.0018148820326678765,5.0,0.0,0.0,0.0,1581.2817679558011,54394.39803692288,1,5,0.8923852110206006,true
activemq-ra/src/test/java/org/apache/activemq/ra/ActiveMQConnectionFactoryTest.java,37.0,6.0,4.0,4.0,9.0,8.0,10.0,gary.tully@gmail.com,1,0.0018148820326678765,14.0,0.0,0.0,0.0,1581.2817679558011,54394.39803692288,1,0,0.8923852110206006,true
activemq-ra/src/test/java/org/apache/activemq/ra/ManagedConnectionFactoryTest.java,85.0,19.0,0.0,7.0,31.0,17.0,10.0,chirino@apache.org,1,0.0018148820326678765,9.0,0.0,0.0,0.0,1581.2817679558011,54394.39803692288,1,2,0.8923852110206006,true
activemq-ra/src/test/java/org/apache/activemq/ra/ManagedConnectionTest.java,142.0,13.0,72.0,17.0,55.0,29.0,10.0,chirino@apache.org,1,0.0018148820326678765,12.0,0.0,0.0,0.0,1581.2817679558011,54394.39803692288,1,2,0.8923852110206006,true
activemq-web-console/src/main/java/org/apache/activemq/web/handler/BindingBeanNameUrlHandlerMapping.java,32.0,6.0,0.0,1.0,8.0,5.0,4.0,chirino@apache.org,1,0.0018148820326678765,9.0,0.0,0.0,0.0,261.61904761904765,508.20000000000005,1,3,2.6010780815500425,true
activemq-web/src/main/java/org/apache/activemq/web/DestinationFacade.java,82.0,4.0,90.0,16.0,20.0,39.0,4.0,tabish@apache.org,1,0.0018148820326678765,14.0,0.0,0.0,0.0,261.61904761904765,508.20000000000005,1,0,2.6010780815500425,false
activemq-web/src/main/java/org/apache/activemq/web/QueueBrowseServlet.java,83.0,18.0,10.0,5.0,31.0,19.0,3.0,chirino@apache.org,1,0.0018148820326678765,11.0,0.0,0.0,11.0,261.61904761904765,508.20000000000005,1,3,2.6010780815500425,true
activemq-web/src/main/java/org/apache/activemq/web/view/RssMessageRenderer.java,85.0,19.0,42.0,13.0,26.0,31.0,3.0,chirino@apache.org,1,0.0018148820326678765,14.0,0.0,0.0,14.0,261.61904761904765,508.20000000000005,1,3,2.6010780815500425,true
assembly/src/release/example/transactions/src/Retailer.java,63.0,9.0,0.0,3.0,20.0,8.0,6.0,hiram@hiramchirino.com,1,0.0018148820326678765,50.0,0.0,0.0,0.0,1581.2817679558011,54394.39803692288,1,0,0.8923852110206006,false
assembly/src/release/example/transactions/src/Supplier.java,89.0,10.0,0.0,3.0,23.0,11.0,6.0,hiram@hiramchirino.com,1,0.0018148820326678765,50.0,0.0,0.0,0.0,1581.2817679558011,54394.39803692288,1,0,0.8923852110206006,false
assembly/src/release/example/transactions/src/TransactionsDemo.java,24.0,0.0,0.0,1.0,1.0,2.0,6.0,hiram@hiramchirino.com,1,0.0018148820326678765,50.0,0.0,0.0,0.0,1581.2817679558011,54394.39803692288,1,0,0.8923852110206006,false
assembly/src/release/example/transactions/src/Vendor.java,229.0,14.0,0.0,4.0,42.0,16.0,6.0,hiram@hiramchirino.com,1,0.0018148820326678765,50.0,0.0,0.0,0.0,1581.2817679558011,54394.39803692288,1,0,0.8923852110206006,false
