name,LOC,CBO,LCOM,NOM,RFC,WMC,ACS,Ownership,numOfChanges,numberOfFIChanges,ENH,NF,BugFixing,REF,structuralWorkloadSum,semanticWorkloadSum,numberOfDeveloper,pastFaults,MAF,isBuggy
activemq-camel-loadtest/src/test/java/org/apache/activemq/soaktest/localBroker/CounterBean.java,32.0,6.0,0.0,3.0,11.0,9.0,4.0,chirino@apache.org,1,0.005291005291005291,50.0,50.0,0.0,0.0,299.44827586206895,1346.3272352488693,1,0,1.5885312276147867,false
activemq-camel-loadtest/src/test/java/org/apache/activemq/soaktest/localBroker/LocalBrokerConsumeTest.java,10.0,5.0,0.0,1.0,1.0,2.0,4.0,chirino@apache.org,1,0.005291005291005291,50.0,50.0,0.0,0.0,299.44827586206895,1346.3272352488693,1,0,1.5885312276147867,false
activemq-camel/src/main/java/org/apache/activemq/camel/CamelConnection.java,15.0,6.0,1.0,3.0,0.0,5.0,0.0,gnodet@apache.org,0,0.0,0.0,0.0,0.0,0.0,0.0,0.0,0,0,0.0,false
activemq-camel/src/main/java/org/apache/activemq/camel/CamelConnectionFactory.java,23.0,5.0,4.0,4.0,3.0,8.0,0.0,gnodet@apache.org,0,0.0,0.0,0.0,0.0,0.0,0.0,0.0,0,0,0.0,false
activemq-camel/src/main/java/org/apache/activemq/camel/CamelDestination.java,93.0,14.0,192.0,21.0,10.0,42.0,0.0,gnodet@apache.org,0,0.0,0.0,0.0,0.0,0.0,0.0,0.0,0,0,0.0,false
activemq-camel/src/main/java/org/apache/activemq/camel/CamelMessageConsumer.java,125.0,12.0,102.0,17.0,26.0,50.0,0.0,gnodet@apache.org,0,0.0,0.0,0.0,0.0,0.0,0.0,0.0,0,0,0.0,false
activemq-camel/src/main/java/org/apache/activemq/camel/CamelMessageProducer.java,68.0,12.0,0.0,6.0,9.0,20.0,0.0,null,0,0.0,0.0,0.0,0.0,0.0,0.0,0.0,0,0,0.0,false
activemq-camel/src/main/java/org/apache/activemq/camel/CamelQueue.java,18.0,5.0,6.0,4.0,3.0,9.0,0.0,gnodet@apache.org,0,0.0,0.0,0.0,0.0,0.0,0.0,0.0,0,0,0.0,false
activemq-camel/src/main/java/org/apache/activemq/camel/CamelQueueReceiver.java,18.0,5.0,1.0,2.0,1.0,6.0,0.0,gnodet@apache.org,0,0.0,0.0,0.0,0.0,0.0,0.0,0.0,0,0,0.0,false
activemq-camel/src/main/java/org/apache/activemq/camel/CamelQueueSender.java,41.0,6.0,6.0,4.0,0.0,15.0,0.0,gnodet@apache.org,0,0.0,0.0,0.0,0.0,0.0,0.0,0.0,0,0,0.0,false
activemq-camel/src/main/java/org/apache/activemq/camel/CamelTopic.java,18.0,5.0,6.0,4.0,3.0,9.0,0.0,gnodet@apache.org,0,0.0,0.0,0.0,0.0,0.0,0.0,0.0,0,0,0.0,false
activemq-camel/src/main/java/org/apache/activemq/camel/CamelTopicPublisher.java,73.0,6.0,15.0,6.0,0.0,22.0,0.0,gnodet@apache.org,0,0.0,0.0,0.0,0.0,0.0,0.0,0.0,0,0,0.0,false
activemq-camel/src/main/java/org/apache/activemq/camel/CamelTopicSubscriber.java,27.0,5.0,3.0,3.0,2.0,11.0,0.0,gnodet@apache.org,0,0.0,0.0,0.0,0.0,0.0,0.0,0.0,0,0,0.0,false
activemq-camel/src/main/java/org/apache/activemq/camel/component/ActiveMQComponent.java,87.0,3.0,101.0,15.0,16.0,29.0,0.0,null,0,0.0,0.0,0.0,0.0,0.0,0.0,0.0,0,0,0.0,true
activemq-camel/src/main/java/org/apache/activemq/camel/component/ActiveMQConfiguration.java,127.0,8.0,102.0,16.0,23.0,41.0,0.0,null,0,0.0,0.0,0.0,0.0,0.0,0.0,0.0,0,0,0.0,true
activemq-camel/src/main/java/org/apache/activemq/camel/component/CamelEndpointLoader.java,100.0,18.0,51.0,15.0,30.0,35.0,0.0,null,0,0.0,0.0,0.0,0.0,0.0,0.0,0.0,0,0,0.0,true
activemq-camel/src/main/java/org/apache/activemq/camel/component/JournalComponent.java,11.0,5.0,0.0,1.0,1.0,3.0,0.0,null,0,0.0,0.0,0.0,0.0,0.0,0.0,0.0,0,0,0.0,true
activemq-camel/src/main/java/org/apache/activemq/camel/component/JournalEndpoint.java,166.0,20.0,114.0,20.0,49.0,47.0,0.0,dejanb@apache.org,0,0.0,0.0,0.0,0.0,0.0,0.0,0.0,0,0,0.0,false
activemq-camel/src/main/java/org/apache/activemq/camel/converter/ActiveMQConverter.java,13.0,2.0,0.0,1.0,1.0,3.0,0.0,gnodet@apache.org,0,0.0,0.0,0.0,0.0,0.0,0.0,0.0,0,0,0.0,false
activemq-camel/src/main/java/org/apache/activemq/camel/converter/ActiveMQMessageConverter.java,54.0,11.0,19.0,7.0,11.0,18.0,0.0,gnodet@apache.org,0,0.0,0.0,0.0,0.0,0.0,0.0,0.0,0,0,0.0,true
activemq-camel/src/test/java/org/apache/activemq/camel/CamelEmbeddedBrokerTestSupport.java,84.0,10.0,36.0,12.0,15.0,36.0,0.0,gnodet@apache.org,0,0.0,0.0,0.0,0.0,0.0,0.0,0.0,0,0,0.0,false
activemq-camel/src/test/java/org/apache/activemq/camel/CamelJmsTest.java,45.0,17.0,4.0,4.0,28.0,8.0,0.0,null,0,0.0,0.0,0.0,0.0,0.0,0.0,0.0,0,0,0.0,false
activemq-camel/src/test/java/org/apache/activemq/camel/SetGroupIdProcessor.java,10.0,3.0,0.0,1.0,4.0,2.0,0.0,gnodet@apache.org,0,0.0,0.0,0.0,0.0,0.0,0.0,0.0,0,0,0.0,false
activemq-camel/src/test/java/org/apache/activemq/camel/SetHeaderTest.java,18.0,11.0,0.0,1.0,10.0,3.0,0.0,gnodet@apache.org,0,0.0,0.0,0.0,0.0,0.0,0.0,0.0,0,0,0.0,false
activemq-camel/src/test/java/org/apache/activemq/camel/component/ActiveMQConfigureTest.java,38.0,11.0,10.0,5.0,30.0,10.0,0.0,null,0,0.0,0.0,0.0,0.0,0.0,0.0,0.0,0,0,0.0,false
activemq-camel/src/test/java/org/apache/activemq/camel/component/ActiveMQJmsHeaderRouteTest.java,50.0,16.0,0.0,5.0,38.0,12.0,0.0,null,0,0.0,0.0,0.0,0.0,0.0,0.0,0.0,0,0,0.0,true
activemq-camel/src/test/java/org/apache/activemq/camel/component/ActiveMQReplyToHeaderUsingConverterTest.java,61.0,16.0,6.0,4.0,24.0,11.0,0.0,dejanb@apache.org,0,0.0,0.0,0.0,0.0,0.0,0.0,0.0,0,0,0.0,true
activemq-camel/src/test/java/org/apache/activemq/camel/component/ActiveMQRouteTest.java,42.0,7.0,7.0,6.0,22.0,13.0,0.0,ningjiang@apache.org,0,0.0,0.0,0.0,0.0,0.0,0.0,0.0,0,0,0.0,false
activemq-camel/src/test/java/org/apache/activemq/camel/component/AdvisoryConsumerExample.java,35.0,13.0,6.0,4.0,21.0,12.0,0.0,ningjiang@apache.org,0,0.0,0.0,0.0,0.0,0.0,0.0,0.0,0,0,0.0,false
activemq-camel/src/test/java/org/apache/activemq/camel/component/AutoExposeQueuesInCamelTest.java,37.0,13.0,0.0,4.0,11.0,10.0,0.0,dejanb@apache.org,0,0.0,0.0,0.0,0.0,0.0,0.0,0.0,0,0,0.0,false
activemq-camel/src/test/java/org/apache/activemq/camel/component/BrowseQueuesInUFace.java,28.0,10.0,1.0,2.0,5.0,5.0,0.0,gnodet@apache.org,0,0.0,0.0,0.0,0.0,0.0,0.0,0.0,0,0,0.0,false
activemq-camel/src/test/java/org/apache/activemq/camel/component/InvokeRequestReplyUsingJmsReplyToHeaderTest.java,64.0,17.0,0.0,4.0,30.0,11.0,0.0,dejanb@apache.org,0,0.0,0.0,0.0,0.0,0.0,0.0,0.0,0,0,0.0,true
activemq-camel/src/test/java/org/apache/activemq/camel/component/JournalConfigureTest.java,21.0,3.0,3.0,3.0,11.0,6.0,0.0,ningjiang@apache.org,0,0.0,0.0,0.0,0.0,0.0,0.0,0.0,0,0,0.0,false
activemq-camel/src/test/java/org/apache/activemq/camel/component/JournalRoutePerformance.java,64.0,6.0,1.0,6.0,25.0,15.0,0.0,ningjiang@apache.org,0,0.0,0.0,0.0,0.0,0.0,0.0,0.0,0,0,0.0,false
activemq-camel/src/test/java/org/apache/activemq/camel/component/JournalRouteTest.java,30.0,7.0,3.0,3.0,21.0,7.0,0.0,null,0,0.0,0.0,0.0,0.0,0.0,0.0,0.0,0,0,0.0,false
activemq-camel/src/test/java/org/apache/activemq/camel/converter/InvokeJmsMessageListenerTest.java,28.0,5.0,0.0,3.0,9.0,7.0,0.0,ningjiang@apache.org,0,0.0,0.0,0.0,0.0,0.0,0.0,0.0,0,0,0.0,false
activemq-camel/src/test/java/org/apache/activemq/camel/converter/InvokeMessageListenerTest.java,32.0,9.0,0.0,4.0,16.0,10.0,0.0,ningjiang@apache.org,0,0.0,0.0,0.0,0.0,0.0,0.0,0.0,0,0,0.0,false
activemq-console/src/main/java/org/apache/activemq/console/CommandContext.java,179.0,8.0,0.0,19.0,17.0,74.0,0.0,tabish@apache.org,0,0.0,0.0,0.0,0.0,0.0,0.0,0.0,0,1,0.0,false
activemq-console/src/main/java/org/apache/activemq/console/ConsoleCommandHandler.java,28.0,8.0,1.0,2.0,11.0,5.0,0.0,chirino@apache.org,0,0.0,0.0,0.0,0.0,0.0,0.0,0.0,0,2,0.0,false
activemq-console/src/main/java/org/apache/activemq/console/Main.java,246.0,19.0,64.0,13.0,87.0,44.0,0.0,chirino@apache.org,0,0.0,0.0,0.0,0.0,0.0,0.0,0.0,0,6,0.0,true
activemq-console/src/main/java/org/apache/activemq/console/command/AbstractAmqCommand.java,109.0,9.0,9.0,7.0,23.0,23.0,0.0,chirino@apache.org,0,0.0,0.0,0.0,0.0,0.0,0.0,0.0,0,2,0.0,false
activemq-console/src/main/java/org/apache/activemq/console/command/AbstractCommand.java,85.0,3.0,9.0,6.0,16.0,23.0,0.0,chirino@apache.org,0,0.0,0.0,0.0,0.0,0.0,0.0,0.0,0,2,0.0,false
activemq-console/src/main/java/org/apache/activemq/console/command/AbstractJmxCommand.java,179.0,10.0,83.0,15.0,24.0,50.0,0.0,null,0,0.0,0.0,0.0,0.0,0.0,0.0,0.0,0,2,0.0,true
activemq-console/src/main/java/org/apache/activemq/console/command/AmqBrowseCommand.java,128.0,10.0,1.0,3.0,27.0,15.0,0.0,chirino@apache.org,0,0.0,0.0,0.0,0.0,0.0,0.0,0.0,0,2,0.0,true
activemq-console/src/main/java/org/apache/activemq/console/command/BrowseCommand.java,111.0,9.0,1.0,3.0,26.0,13.0,0.0,chirino@apache.org,0,0.0,0.0,0.0,0.0,0.0,0.0,0.0,0,2,0.0,true
activemq-console/src/main/java/org/apache/activemq/console/command/BstatCommand.java,28.0,3.0,0.0,1.0,5.0,6.0,0.0,null,0,0.0,0.0,0.0,0.0,0.0,0.0,0.0,0,2,0.0,true
activemq-console/src/main/java/org/apache/activemq/console/command/Command.java,9.0,2.0,1.0,2.0,0.0,4.0,0.0,chirino@apache.org,0,0.0,0.0,0.0,0.0,0.0,0.0,0.0,0,2,0.0,false
activemq-console/src/main/java/org/apache/activemq/console/command/ListCommand.java,25.0,4.0,1.0,2.0,7.0,6.0,0.0,chirino@apache.org,0,0.0,0.0,0.0,0.0,0.0,0.0,0.0,0,2,0.0,true
activemq-console/src/main/java/org/apache/activemq/console/command/PurgeCommand.java,95.0,10.0,8.0,5.0,34.0,19.0,0.0,chirino@apache.org,0,0.0,0.0,0.0,0.0,0.0,0.0,0.0,0,2,0.0,true
activemq-console/src/main/java/org/apache/activemq/console/command/QueryCommand.java,119.0,8.0,1.0,3.0,22.0,12.0,0.0,chirino@apache.org,0,0.0,0.0,0.0,0.0,0.0,0.0,0.0,0,3,0.0,true
activemq-console/src/main/java/org/apache/activemq/console/command/ShellCommand.java,90.0,7.0,13.0,7.0,12.0,19.0,0.0,chirino@apache.org,0,0.0,0.0,0.0,0.0,0.0,0.0,0.0,0,3,0.0,true
activemq-console/src/main/java/org/apache/activemq/console/command/ShutdownCommand.java,93.0,8.0,4.0,4.0,25.0,17.0,0.0,chirino@apache.org,0,0.0,0.0,0.0,0.0,0.0,0.0,0.0,0,2,0.0,true
activemq-console/src/main/java/org/apache/activemq/console/command/StartCommand.java,111.0,8.0,16.0,8.0,28.0,27.0,0.0,chirino@apache.org,0,0.0,0.0,0.0,0.0,0.0,0.0,0.0,0,4,0.0,true
activemq-console/src/main/java/org/apache/activemq/console/filter/AbstractQueryFilter.java,20.0,3.0,1.0,2.0,2.0,6.0,0.0,chirino@apache.org,0,0.0,0.0,0.0,0.0,0.0,0.0,0.0,0,1,0.0,false
activemq-console/src/main/java/org/apache/activemq/console/filter/MBeansAttributeQueryFilter.java,93.0,18.0,6.0,5.0,22.0,23.0,0.0,chirino@apache.org,0,0.0,0.0,0.0,0.0,0.0,0.0,0.0,0,1,0.0,false
activemq-console/src/main/java/org/apache/activemq/console/filter/MBeansObjectNameQueryFilter.java,63.0,8.0,4.0,4.0,11.0,15.0,0.0,chirino@apache.org,0,0.0,0.0,0.0,0.0,0.0,0.0,0.0,0,1,0.0,false
activemq-console/src/main/java/org/apache/activemq/console/filter/MapTransformFilter.java,229.0,22.0,78.0,13.0,84.0,59.0,0.0,chirino@apache.org,0,0.0,0.0,0.0,0.0,0.0,0.0,0.0,0,2,0.0,false
activemq-console/src/main/java/org/apache/activemq/console/filter/MessagesQueryFilter.java,40.0,11.0,1.0,3.0,10.0,9.0,0.0,chirino@apache.org,0,0.0,0.0,0.0,0.0,0.0,0.0,0.0,0,1,0.0,true
activemq-console/src/main/java/org/apache/activemq/console/formatter/CommandShellOutputFormatter.java,205.0,11.0,19.0,18.0,60.0,42.0,0.0,chirino@apache.org,0,0.0,0.0,0.0,0.0,0.0,0.0,0.0,0,2,0.0,false
activemq-console/src/main/java/org/apache/activemq/console/formatter/OutputFormatter.java,87.0,7.0,136.0,17.0,0.0,29.0,0.0,chirino@apache.org,0,0.0,0.0,0.0,0.0,0.0,0.0,0.0,0,2,0.0,false
activemq-console/src/main/java/org/apache/activemq/console/util/JmxMBeansUtil.java,64.0,17.0,120.0,16.0,22.0,51.0,0.0,null,0,0.0,0.0,0.0,0.0,0.0,0.0,0.0,0,1,0.0,true
activemq-core/src/main/java/org/apache/activemq/ActiveMQConnection.java,1479.0,79.0,12685.0,167.0,371.0,479.0,1.0,null,1,0.005291005291005291,2.0,0.0,2.0,0.0,702.945054945055,20269.052631578947,1,42,0.7969439742415888,true
activemq-core/src/main/java/org/apache/activemq/ActiveMQConnectionConsumer.java,88.0,11.0,0.0,6.0,20.0,18.0,0.0,chirino@apache.org,0,0.0,0.0,0.0,0.0,0.0,0.0,0.0,0,5,0.0,true
activemq-core/src/main/java/org/apache/activemq/ActiveMQConnectionFactory.java,612.0,29.0,3326.0,85.0,120.0,185.0,1.0,null,1,0.005291005291005291,2.0,0.0,2.0,0.0,702.945054945055,20269.052631578947,1,17,0.7969439742415888,true
activemq-core/src/main/java/org/apache/activemq/ActiveMQMessageConsumer.java,799.0,34.0,487.0,54.0,277.0,187.0,3.0,null,2,0.010582010582010581,2.0,0.0,1.0,0.0,792.5814185814186,20500.666607835272,2,34,1.0319457888644568,true
activemq-core/src/main/java/org/apache/activemq/ActiveMQQueueBrowser.java,169.0,10.0,43.0,14.0,30.0,48.0,0.0,chirino@apache.org,0,0.0,0.0,0.0,0.0,0.0,0.0,0.0,0,9,0.0,true
activemq-core/src/main/java/org/apache/activemq/ActiveMQSession.java,1174.0,25.0,3795.0,102.0,333.0,364.0,0.0,null,0,0.0,0.0,0.0,0.0,0.0,0.0,0.0,0,30,0.0,true
activemq-core/src/main/java/org/apache/activemq/AdvisoryConsumer.java,63.0,12.0,0.0,4.0,25.0,14.0,0.0,chirino@apache.org,0,0.0,0.0,0.0,0.0,0.0,0.0,0.0,0,5,0.0,true
activemq-core/src/main/java/org/apache/activemq/ClientInternalExceptionListener.java,12.0,0.0,0.0,1.0,0.0,3.0,0.0,rajdavies@apache.org,0,0.0,0.0,0.0,0.0,0.0,0.0,0.0,0,1,0.0,false
activemq-core/src/main/java/org/apache/activemq/TransactionContext.java,454.0,23.0,141.0,30.0,120.0,115.0,0.0,null,0,0.0,0.0,0.0,0.0,0.0,0.0,0.0,0,7,0.0,true
activemq-core/src/main/java/org/apache/activemq/advisory/AdvisoryBroker.java,353.0,30.0,295.0,30.0,185.0,85.0,0.0,rajdavies@apache.org,0,0.0,0.0,0.0,0.0,0.0,0.0,0.0,0,18,0.0,true
activemq-core/src/main/java/org/apache/activemq/advisory/AdvisorySupport.java,294.0,3.0,417.0,30.0,92.0,112.0,0.0,null,0,0.0,0.0,0.0,0.0,0.0,0.0,0.0,0,9,0.0,true
activemq-core/src/main/java/org/apache/activemq/advisory/ConsumerEventSource.java,87.0,19.0,14.0,8.0,22.0,21.0,0.0,chirino@apache.org,0,0.0,0.0,0.0,0.0,0.0,0.0,0.0,0,3,0.0,true
activemq-core/src/main/java/org/apache/activemq/advisory/DestinationSource.java,135.0,19.0,35.0,11.0,15.0,25.0,1.0,chirino@apache.org,1,0.005291005291005291,17.0,0.0,0.0,0.0,299.44827586206895,1346.3272352488693,1,0,1.5885312276147867,false
activemq-core/src/main/java/org/apache/activemq/broker/Broker.java,258.0,18.0,990.0,45.0,0.0,87.0,0.0,rajdavies@apache.org,0,0.0,0.0,0.0,0.0,0.0,0.0,0.0,0,16,0.0,true
activemq-core/src/main/java/org/apache/activemq/broker/BrokerFilter.java,190.0,24.0,0.0,60.0,60.0,113.0,0.0,rajdavies@apache.org,0,0.0,0.0,0.0,0.0,0.0,0.0,0.0,0,16,0.0,true
activemq-core/src/main/java/org/apache/activemq/broker/BrokerRegistry.java,66.0,5.0,0.0,6.0,12.0,14.0,7.0,chirino@apache.org,1,0.005291005291005291,7.0,7.0,7.0,0.0,343.90909090909093,3720.723954216549,1,3,1.6599901915969317,true
activemq-core/src/main/java/org/apache/activemq/broker/BrokerService.java,1587.0,75.0,16477.0,186.0,410.0,480.0,5.0,null,2,0.010582010582010581,1.0,0.0,0.0,0.0,1046.8541458541458,23989.776585795495,2,60,0.44811187839855693,true
activemq-core/src/main/java/org/apache/activemq/broker/EmptyBroker.java,150.0,25.0,1711.0,59.0,1.0,112.0,0.0,rajdavies@apache.org,0,0.0,0.0,0.0,0.0,0.0,0.0,0.0,0,15,0.0,true
activemq-core/src/main/java/org/apache/activemq/broker/ErrorBroker.java,190.0,25.0,0.0,60.0,1.0,122.0,0.0,rajdavies@apache.org,0,0.0,0.0,0.0,0.0,0.0,0.0,0.0,0,15,0.0,true
activemq-core/src/main/java/org/apache/activemq/broker/MutableBrokerFilter.java,196.0,25.0,1879.0,62.0,122.0,116.0,0.0,rajdavies@apache.org,0,0.0,0.0,0.0,0.0,0.0,0.0,0.0,0,15,0.0,true
activemq-core/src/main/java/org/apache/activemq/broker/SslBrokerService.java,56.0,10.0,3.0,3.0,8.0,14.0,0.0,chirino@apache.org,0,0.0,0.0,0.0,0.0,0.0,0.0,0.0,0,4,0.0,true
activemq-core/src/main/java/org/apache/activemq/broker/SslContext.java,94.0,10.0,173.0,22.0,19.0,37.0,0.0,chirino@apache.org,0,0.0,0.0,0.0,0.0,0.0,0.0,0.0,0,2,0.0,false
activemq-core/src/main/java/org/apache/activemq/broker/TransportConnection.java,1069.0,74.0,3315.0,94.0,405.0,286.0,3.0,null,2,0.010582010582010581,3.0,0.0,1.0,0.0,792.5814185814186,20500.666607835272,2,40,0.698683327214187,true
activemq-core/src/main/java/org/apache/activemq/broker/TransportConnector.java,295.0,22.0,721.0,42.0,94.0,92.0,6.0,chirino@apache.org,1,0.005291005291005291,1.0,0.0,0.0,0.0,702.945054945055,20269.052631578947,1,16,0.7969439742415888,true
activemq-core/src/main/java/org/apache/activemq/broker/ft/MasterBroker.java,273.0,29.0,288.0,25.0,58.0,61.0,2.0,null,2,0.010582010582010581,10.0,0.0,7.0,0.0,1046.8541458541458,23989.776585795495,2,7,0.44811187839855693,true
activemq-core/src/main/java/org/apache/activemq/broker/jmx/DestinationView.java,251.0,33.0,0.0,43.0,126.0,102.0,7.0,null,1,0.005291005291005291,5.0,5.0,5.0,0.0,299.44827586206895,1346.3272352488693,1,15,1.5885312276147867,true
activemq-core/src/main/java/org/apache/activemq/broker/jmx/DestinationViewMBean.java,182.0,9.0,703.0,38.0,0.0,83.0,10.0,chirino@apache.org,1,0.005291005291005291,3.0,3.0,3.0,0.0,299.44827586206895,1346.3272352488693,1,12,1.5885312276147867,true
activemq-core/src/main/java/org/apache/activemq/broker/jmx/DurableSubscriptionView.java,94.0,7.0,8.0,12.0,26.0,41.0,0.0,chirino@apache.org,0,0.0,0.0,0.0,0.0,0.0,0.0,0.0,0,4,0.0,false
activemq-core/src/main/java/org/apache/activemq/broker/jmx/DurableSubscriptionViewMBean.java,49.0,3.0,45.0,10.0,0.0,29.0,0.0,chirino@apache.org,0,0.0,0.0,0.0,0.0,0.0,0.0,0.0,0,5,0.0,false
activemq-core/src/main/java/org/apache/activemq/broker/jmx/InactiveDurableSubscriptionView.java,90.0,6.0,54.0,12.0,12.0,31.0,0.0,chirino@apache.org,0,0.0,0.0,0.0,0.0,0.0,0.0,0.0,0,4,0.0,true
activemq-core/src/main/java/org/apache/activemq/broker/jmx/ManagedRegionBroker.java,409.0,53.0,446.0,37.0,152.0,108.0,10.0,null,1,0.005291005291005291,1.0,1.0,1.0,0.0,299.44827586206895,1346.3272352488693,1,23,1.5885312276147867,true
activemq-core/src/main/java/org/apache/activemq/broker/jmx/QueueView.java,99.0,6.0,153.0,18.0,46.0,54.0,2.0,chirino@apache.org,2,0.010582010582010581,15.0,10.0,0.0,0.0,1002.3933308071239,21615.379866827818,2,10,0.6881546415289079,true
activemq-core/src/main/java/org/apache/activemq/broker/jmx/QueueViewMBean.java,90.0,2.0,136.0,17.0,0.0,50.0,2.0,chirino@apache.org,1,0.005291005291005291,7.0,7.0,0.0,0.0,299.44827586206895,1346.3272352488693,1,9,1.5885312276147867,true
activemq-core/src/main/java/org/apache/activemq/broker/jmx/SubscriptionView.java,241.0,7.0,362.0,32.0,55.0,79.0,2.0,chirino@apache.org,1,0.005291005291005291,5.0,5.0,0.0,0.0,299.44827586206895,1346.3272352488693,1,8,1.5885312276147867,false
activemq-core/src/main/java/org/apache/activemq/broker/jmx/SubscriptionViewMBean.java,118.0,1.0,351.0,27.0,0.0,63.0,2.0,chirino@apache.org,1,0.005291005291005291,5.0,5.0,0.0,0.0,299.44827586206895,1346.3272352488693,1,5,1.5885312276147867,false
activemq-core/src/main/java/org/apache/activemq/broker/jmx/TopicSubscriptionView.java,33.0,1.0,10.0,5.0,6.0,9.0,10.0,chirino@apache.org,1,0.005291005291005291,10.0,10.0,10.0,0.0,299.44827586206895,1346.3272352488693,1,4,1.5885312276147867,true
activemq-core/src/main/java/org/apache/activemq/broker/region/AbstractRegion.java,319.0,29.0,127.0,27.0,123.0,83.0,6.0,null,1,0.005291005291005291,1.0,0.0,0.0,0.0,702.945054945055,20269.052631578947,1,29,0.7969439742415888,true
activemq-core/src/main/java/org/apache/activemq/broker/region/AbstractSubscription.java,150.0,20.0,153.0,26.0,42.0,61.0,6.0,chirino@apache.org,1,0.005291005291005291,3.0,0.0,3.0,0.0,702.945054945055,20269.052631578947,1,13,0.7969439742415888,true
activemq-core/src/main/java/org/apache/activemq/broker/region/AbstractTempRegion.java,102.0,12.0,14.0,8.0,22.0,23.0,1.0,rajdavies@apache.org,1,0.005291005291005291,11.0,0.0,11.0,0.0,702.945054945055,20269.052631578947,1,1,0.7969439742415888,false
activemq-core/src/main/java/org/apache/activemq/broker/region/BaseDestination.java,308.0,11.0,984.0,48.0,28.0,82.0,6.0,rajdavies@apache.org,1,0.005291005291005291,5.0,0.0,5.0,0.0,702.945054945055,20269.052631578947,1,11,0.7969439742415888,true
activemq-core/src/main/java/org/apache/activemq/broker/region/CompositeDestinationInterceptor.java,21.0,0.0,0.0,3.0,2.0,6.0,0.0,chirino@apache.org,0,0.0,0.0,0.0,0.0,0.0,0.0,0.0,0,2,0.0,true
activemq-core/src/main/java/org/apache/activemq/broker/region/Destination.java,93.0,15.0,820.0,41.0,0.0,54.0,10.0,null,2,0.010582010582010581,4.0,2.0,4.0,0.0,1002.3933308071239,21615.379866827818,2,14,0.4995904203682425,true
activemq-core/src/main/java/org/apache/activemq/broker/region/DestinationFactoryImpl.java,94.0,15.0,0.0,9.0,18.0,27.0,0.0,rajdavies@apache.org,0,0.0,0.0,0.0,0.0,0.0,0.0,0.0,0,7,0.0,true
activemq-core/src/main/java/org/apache/activemq/broker/region/DestinationFilter.java,155.0,15.0,0.0,47.0,53.0,76.0,10.0,rajdavies@apache.org,2,0.010582010582010581,5.0,3.0,5.0,0.0,1002.3933308071239,21615.379866827818,2,12,0.4995904203682425,true
activemq-core/src/main/java/org/apache/activemq/broker/region/DestinationInterceptor.java,8.0,0.0,1.0,2.0,0.0,2.0,0.0,chirino@apache.org,0,0.0,0.0,0.0,0.0,0.0,0.0,0.0,0,2,0.0,true
activemq-core/src/main/java/org/apache/activemq/broker/region/DurableTopicSubscription.java,213.0,21.0,87.0,19.0,74.0,55.0,0.0,rajdavies@apache.org,0,0.0,0.0,0.0,0.0,0.0,0.0,0.0,0,18,0.0,true
activemq-core/src/main/java/org/apache/activemq/broker/region/IndirectMessageReference.java,119.0,3.0,0.0,27.0,20.0,52.0,0.0,chirino@apache.org,0,0.0,0.0,0.0,0.0,0.0,0.0,0.0,0,7,0.0,true
activemq-core/src/main/java/org/apache/activemq/broker/region/MessageReference.java,33.0,4.0,153.0,18.0,0.0,23.0,0.0,chirino@apache.org,0,0.0,0.0,0.0,0.0,0.0,0.0,0.0,0,5,0.0,true
activemq-core/src/main/java/org/apache/activemq/broker/region/NullMessageReference.java,79.0,5.0,268.0,24.0,1.0,49.0,0.0,rajdavies@apache.org,0,0.0,0.0,0.0,0.0,0.0,0.0,0.0,0,3,0.0,false
activemq-core/src/main/java/org/apache/activemq/broker/region/PrefetchSubscription.java,505.0,26.0,505.0,39.0,141.0,116.0,2.0,null,3,0.015873015873015872,6.0,1.0,3.0,0.0,1136.4905094905096,24221.39056205182,3,44,0.34630179707920616,true
activemq-core/src/main/java/org/apache/activemq/broker/region/Queue.java,1026.0,51.0,2625.0,79.0,395.0,256.0,4.0,null,3,0.015873015873015872,5.0,1.0,4.0,0.0,1346.302421716215,25336.103821044366,3,57,0.26627655441071474,true
activemq-core/src/main/java/org/apache/activemq/broker/region/QueueBrowserSubscription.java,39.0,8.0,26.0,9.0,7.0,21.0,0.0,chirino@apache.org,0,0.0,0.0,0.0,0.0,0.0,0.0,0.0,0,7,0.0,true
activemq-core/src/main/java/org/apache/activemq/broker/region/QueueRegion.java,29.0,8.0,6.0,4.0,9.0,12.0,0.0,rajdavies@apache.org,0,0.0,0.0,0.0,0.0,0.0,0.0,0.0,0,8,0.0,true
activemq-core/src/main/java/org/apache/activemq/broker/region/QueueSubscription.java,62.0,13.0,36.0,9.0,17.0,24.0,0.0,chirino@apache.org,0,0.0,0.0,0.0,0.0,0.0,0.0,0.0,0,19,0.0,true
activemq-core/src/main/java/org/apache/activemq/broker/region/RegionBroker.java,550.0,46.0,1933.0,70.0,150.0,179.0,0.0,null,0,0.0,0.0,0.0,0.0,0.0,0.0,0.0,0,37,0.0,true
activemq-core/src/main/java/org/apache/activemq/broker/region/Subscription.java,155.0,12.0,496.0,32.0,0.0,73.0,8.0,chirino@apache.org,2,0.010582010582010581,6.0,3.0,6.0,0.0,1002.3933308071239,21615.379866827818,2,10,0.4995904203682425,true
activemq-core/src/main/java/org/apache/activemq/broker/region/TempQueue.java,54.0,7.0,4.0,4.0,19.0,11.0,0.0,rajdavies@apache.org,0,0.0,0.0,0.0,0.0,0.0,0.0,0.0,0,2,0.0,true
activemq-core/src/main/java/org/apache/activemq/broker/region/TempQueueRegion.java,33.0,9.0,8.0,5.0,5.0,14.0,0.0,rajdavies@apache.org,0,0.0,0.0,0.0,0.0,0.0,0.0,0.0,0,11,0.0,true
activemq-core/src/main/java/org/apache/activemq/broker/region/TempTopic.java,28.0,7.0,1.0,3.0,8.0,7.0,0.0,gtully@apache.org,0,0.0,0.0,0.0,0.0,0.0,0.0,0.0,0,1,0.0,false
activemq-core/src/main/java/org/apache/activemq/broker/region/TempTopicRegion.java,44.0,9.0,10.0,5.0,12.0,16.0,0.0,rajdavies@apache.org,0,0.0,0.0,0.0,0.0,0.0,0.0,0.0,0,9,0.0,true
activemq-core/src/main/java/org/apache/activemq/broker/region/Topic.java,477.0,42.0,612.0,41.0,201.0,126.0,4.0,rajdavies@apache.org,3,0.015873015873015872,3.0,1.0,2.0,0.0,1092.0296944434876,21846.993843084143,3,36,0.4191945143363771,true
activemq-core/src/main/java/org/apache/activemq/broker/region/TopicRegion.java,220.0,24.0,61.0,14.0,93.0,47.0,0.0,null,0,0.0,0.0,0.0,0.0,0.0,0.0,0.0,0,21,0.0,true
activemq-core/src/main/java/org/apache/activemq/broker/region/TopicSubscription.java,371.0,25.0,406.0,37.0,144.0,101.0,0.0,null,0,0.0,0.0,0.0,0.0,0.0,0.0,0.0,0,22,0.0,true
activemq-core/src/main/java/org/apache/activemq/broker/region/cursors/AbstractPendingMessageCursor.java,212.0,9.0,963.0,47.0,15.0,87.0,6.0,rajdavies@apache.org,1,0.005291005291005291,5.0,0.0,5.0,0.0,702.945054945055,20269.052631578947,1,10,0.7969439742415888,true
activemq-core/src/main/java/org/apache/activemq/broker/region/cursors/PendingMessageCursor.java,198.0,9.0,820.0,41.0,0.0,78.0,10.0,rajdavies@apache.org,1,0.005291005291005291,3.0,0.0,3.0,0.0,702.945054945055,20269.052631578947,1,11,0.7969439742415888,true
activemq-core/src/main/java/org/apache/activemq/broker/region/cursors/StoreDurableSubscriberCursor.java,265.0,18.0,0.0,28.0,80.0,80.0,0.0,rajdavies@apache.org,0,0.0,0.0,0.0,0.0,0.0,0.0,0.0,0,14,0.0,true
activemq-core/src/main/java/org/apache/activemq/broker/region/policy/AbstractDeadLetterStrategy.java,45.0,1.0,0.0,5.0,2.0,10.0,0.0,chirino@apache.org,0,0.0,0.0,0.0,0.0,0.0,0.0,0.0,0,5,0.0,true
activemq-core/src/main/java/org/apache/activemq/broker/region/policy/DeadLetterStrategy.java,32.0,2.0,15.0,6.0,0.0,13.0,0.0,chirino@apache.org,0,0.0,0.0,0.0,0.0,0.0,0.0,0.0,0,5,0.0,true
activemq-core/src/main/java/org/apache/activemq/broker/region/policy/PolicyEntry.java,400.0,14.0,1841.0,63.0,77.0,101.0,8.0,rajdavies@apache.org,1,0.005291005291005291,3.0,0.0,3.0,0.0,702.945054945055,20269.052631578947,1,17,0.7969439742415888,true
activemq-core/src/main/java/org/apache/activemq/broker/region/virtual/CompositeDestination.java,50.0,2.0,37.0,10.0,3.0,21.0,0.0,chirino@apache.org,0,0.0,0.0,0.0,0.0,0.0,0.0,0.0,0,4,0.0,true
activemq-core/src/main/java/org/apache/activemq/broker/region/virtual/CompositeQueue.java,10.0,3.0,0.0,1.0,1.0,2.0,0.0,chirino@apache.org,0,0.0,0.0,0.0,0.0,0.0,0.0,0.0,0,2,0.0,true
activemq-core/src/main/java/org/apache/activemq/broker/region/virtual/MirroredQueue.java,93.0,11.0,40.0,12.0,23.0,34.0,0.0,null,0,0.0,0.0,0.0,0.0,0.0,0.0,0.0,0,3,0.0,true
activemq-core/src/main/java/org/apache/activemq/broker/region/virtual/VirtualDestinationInterceptor.java,51.0,10.0,9.0,6.0,20.0,17.0,0.0,chirino@apache.org,0,0.0,0.0,0.0,0.0,0.0,0.0,0.0,0,5,0.0,true
activemq-core/src/main/java/org/apache/activemq/broker/region/virtual/VirtualTopic.java,42.0,4.0,30.0,9.0,3.0,17.0,0.0,chirino@apache.org,0,0.0,0.0,0.0,0.0,0.0,0.0,0.0,0,3,0.0,true
activemq-core/src/main/java/org/apache/activemq/command/ActiveMQBlobMessage.java,115.0,8.0,129.0,18.0,17.0,41.0,0.0,chirino@apache.org,0,0.0,0.0,0.0,0.0,0.0,0.0,0.0,0,3,0.0,true
activemq-core/src/main/java/org/apache/activemq/command/ActiveMQMessage.java,534.0,19.0,2838.0,76.0,180.0,208.0,1.0,null,1,0.005291005291005291,3.0,3.0,0.0,0.0,299.44827586206895,1346.3272352488693,1,13,1.5885312276147867,true
activemq-core/src/main/java/org/apache/activemq/command/Message.java,546.0,17.0,4395.0,98.0,28.0,183.0,0.0,null,0,0.0,0.0,0.0,0.0,0.0,0.0,0.0,0,17,0.0,true
activemq-core/src/main/java/org/apache/activemq/command/MessageAck.java,152.0,1.0,225.0,27.0,8.0,44.0,0.0,chirino@apache.org,0,0.0,0.0,0.0,0.0,0.0,0.0,0.0,0,3,0.0,true
activemq-core/src/main/java/org/apache/activemq/kaha/MapContainer.java,196.0,3.0,741.0,39.0,0.0,82.0,0.0,rajdavies@apache.org,0,0.0,0.0,0.0,0.0,0.0,0.0,0.0,0,7,0.0,true
activemq-core/src/main/java/org/apache/activemq/kaha/impl/KahaStore.java,469.0,29.0,918.0,52.0,178.0,145.0,0.0,rajdavies@apache.org,0,0.0,0.0,0.0,0.0,0.0,0.0,0.0,0,20,0.0,true
activemq-core/src/main/java/org/apache/activemq/kaha/impl/async/AsyncDataManager.java,603.0,26.0,1112.0,57.0,193.0,167.0,1.0,rajdavies@apache.org,2,0.010582010582010581,15.0,0.0,7.0,2.0,1046.8541458541458,23989.776585795495,2,20,0.535319902359315,true
activemq-core/src/main/java/org/apache/activemq/kaha/impl/async/DataFile.java,82.0,5.0,43.0,18.0,12.0,38.0,0.0,rajdavies@apache.org,0,0.0,0.0,0.0,0.0,0.0,0.0,0.0,0,10,0.0,true
activemq-core/src/main/java/org/apache/activemq/kaha/impl/async/DataFileAppender.java,312.0,8.0,3.0,7.0,53.0,30.0,0.0,chirino@apache.org,0,0.0,0.0,0.0,0.0,0.0,0.0,0.0,0,9,0.0,false
activemq-core/src/main/java/org/apache/activemq/kaha/impl/async/NIODataFileAppender.java,35.0,4.0,6.0,4.0,7.0,9.0,0.0,chirino@apache.org,0,0.0,0.0,0.0,0.0,0.0,0.0,0.0,0,5,0.0,false
activemq-core/src/main/java/org/apache/activemq/kaha/impl/container/MapContainerImpl.java,450.0,25.0,696.0,44.0,145.0,128.0,0.0,rajdavies@apache.org,0,0.0,0.0,0.0,0.0,0.0,0.0,0.0,0,8,0.0,true
activemq-core/src/main/java/org/apache/activemq/kaha/impl/index/IndexItem.java,261.0,7.0,213.0,34.0,26.0,57.0,5.0,rajdavies@apache.org,1,0.005291005291005291,11.0,0.0,11.0,0.0,702.945054945055,20269.052631578947,1,3,0.7969439742415888,true
activemq-core/src/main/java/org/apache/activemq/kaha/impl/index/IndexManager.java,177.0,9.0,53.0,19.0,41.0,59.0,5.0,rajdavies@apache.org,1,0.005291005291005291,4.0,0.0,4.0,0.0,702.945054945055,20269.052631578947,1,13,0.7969439742415888,true
activemq-core/src/main/java/org/apache/activemq/kaha/impl/index/hash/HashBin.java,301.0,1.0,127.0,26.0,74.0,89.0,0.0,rajdavies@apache.org,0,0.0,0.0,0.0,0.0,0.0,0.0,0.0,0,9,0.0,true
activemq-core/src/main/java/org/apache/activemq/kaha/impl/index/hash/HashIndex.java,523.0,15.0,821.0,51.0,162.0,138.0,2.0,rajdavies@apache.org,1,0.005291005291005291,9.0,0.0,9.0,0.0,702.945054945055,20269.052631578947,1,12,0.7969439742415888,true
activemq-core/src/main/java/org/apache/activemq/kaha/impl/index/hash/HashPage.java,154.0,8.0,71.0,31.0,31.0,60.0,0.0,rajdavies@apache.org,0,0.0,0.0,0.0,0.0,0.0,0.0,0.0,0,6,0.0,true
activemq-core/src/main/java/org/apache/activemq/kaha/impl/index/hash/HashPageInfo.java,83.0,2.0,5.0,15.0,8.0,31.0,0.0,rajdavies@apache.org,0,0.0,0.0,0.0,0.0,0.0,0.0,0.0,0,5,0.0,true
activemq-core/src/main/java/org/apache/activemq/kaha/impl/index/tree/TreeIndex.java,354.0,14.0,331.0,34.0,106.0,96.0,0.0,chirino@apache.org,0,0.0,0.0,0.0,0.0,0.0,0.0,0.0,0,6,0.0,true
activemq-core/src/main/java/org/apache/activemq/network/ConduitBridge.java,52.0,10.0,6.0,4.0,26.0,13.0,0.0,null,0,0.0,0.0,0.0,0.0,0.0,0.0,0.0,0,10,0.0,true
activemq-core/src/main/java/org/apache/activemq/network/DemandForwardingBridgeSupport.java,843.0,55.0,1833.0,70.0,302.0,176.0,3.0,null,1,0.005291005291005291,1.0,0.0,1.0,0.0,702.945054945055,20269.052631578947,1,23,0.7969439742415888,true
activemq-core/src/main/java/org/apache/activemq/network/DemandSubscription.java,76.0,5.0,10.0,9.0,15.0,19.0,1.0,chirino@apache.org,1,0.005291005291005291,4.0,0.0,0.0,0.0,702.945054945055,20269.052631578947,1,8,0.7969439742415888,true
activemq-core/src/main/java/org/apache/activemq/network/DiscoveryNetworkConnector.java,170.0,16.0,31.0,14.0,48.0,39.0,0.0,chirino@apache.org,0,0.0,0.0,0.0,0.0,0.0,0.0,0.0,0,12,0.0,true
activemq-core/src/main/java/org/apache/activemq/security/AuthorizationBroker.java,133.0,13.0,90.0,16.0,48.0,38.0,0.0,chirino@apache.org,0,0.0,0.0,0.0,0.0,0.0,0.0,0.0,0,7,0.0,true
activemq-core/src/main/java/org/apache/activemq/spring/SpringSslContext.java,126.0,14.0,216.0,24.0,26.0,49.0,0.0,chirino@apache.org,0,0.0,0.0,0.0,0.0,0.0,0.0,0.0,0,1,0.0,false
activemq-core/src/main/java/org/apache/activemq/state/ConnectionStateTracker.java,435.0,22.0,382.0,41.0,131.0,125.0,4.0,null,1,0.005291005291005291,2.0,0.0,0.0,0.0,702.945054945055,20269.052631578947,1,9,0.7969439742415888,true
activemq-core/src/main/java/org/apache/activemq/store/amq/AMQMessageStore.java,481.0,36.0,42.0,32.0,176.0,115.0,3.0,rajdavies@apache.org,2,0.010582010582010581,6.0,0.0,6.0,0.0,1046.8541458541458,23989.776585795495,2,10,0.535319902359315,true
activemq-core/src/main/java/org/apache/activemq/store/amq/AMQPersistenceAdapter.java,850.0,54.0,3875.0,94.0,221.0,225.0,4.0,rajdavies@apache.org,2,0.010582010582010581,4.0,0.0,4.0,0.0,1046.8541458541458,23989.776585795495,2,23,0.44811187839855693,true
activemq-core/src/main/java/org/apache/activemq/store/amq/AMQPersistenceAdapterFactory.java,263.0,8.0,772.0,41.0,36.0,66.0,4.0,rajdavies@apache.org,2,0.010582010582010581,17.0,0.0,17.0,0.0,1046.8541458541458,23989.776585795495,2,3,0.44811187839855693,true
activemq-core/src/main/java/org/apache/activemq/store/amq/AMQTransactionStore.java,219.0,16.0,39.0,18.0,41.0,52.0,0.0,rajdavies@apache.org,0,0.0,0.0,0.0,0.0,0.0,0.0,0.0,0,6,0.0,false
activemq-core/src/main/java/org/apache/activemq/store/jdbc/DefaultDatabaseLocker.java,91.0,6.0,0.0,4.0,20.0,15.0,3.0,null,1,0.005291005291005291,3.0,0.0,0.0,0.0,343.90909090909093,3720.723954216549,1,6,1.6599901915969317,true
activemq-core/src/main/java/org/apache/activemq/store/jdbc/JDBCPersistenceAdapter.java,416.0,29.0,1371.0,55.0,101.0,130.0,3.0,null,3,0.015873015873015872,5.0,0.0,3.0,0.0,1136.4905094905096,24221.39056205182,3,16,0.6528208096707488,true
activemq-core/src/main/java/org/apache/activemq/store/jdbc/Statements.java,461.0,0.0,3370.0,84.0,44.0,157.0,1.0,null,1,0.005291005291005291,2.0,0.0,2.0,0.0,702.945054945055,20269.052631578947,1,7,0.7969439742415888,true
activemq-core/src/main/java/org/apache/activemq/store/jdbc/adapter/DefaultJDBCAdapter.java,650.0,18.0,0.0,34.0,299.0,125.0,7.0,null,1,0.005291005291005291,1.0,0.0,1.0,0.0,343.90909090909093,3720.723954216549,1,13,1.6599901915969317,true
activemq-core/src/main/java/org/apache/activemq/store/jdbc/adapter/MySqlJDBCAdapter.java,16.0,1.0,0.0,1.0,5.0,3.0,1.0,chirino@apache.org,1,0.005291005291005291,9.0,0.0,9.0,0.0,89.63636363636364,231.61397625632623,1,2,2.653241964607215,true
activemq-core/src/main/java/org/apache/activemq/store/journal/JournalPersistenceAdapter.java,522.0,55.0,897.0,50.0,136.0,140.0,0.0,chirino@apache.org,0,0.0,0.0,0.0,0.0,0.0,0.0,0.0,0,13,0.0,true
activemq-core/src/main/java/org/apache/activemq/store/kahadaptor/KahaPersistenceAdapter.java,246.0,32.0,519.0,35.0,72.0,90.0,0.0,rajdavies@apache.org,0,0.0,0.0,0.0,0.0,0.0,0.0,0.0,0,12,0.0,true
activemq-core/src/main/java/org/apache/activemq/store/kahadaptor/KahaReferenceStoreAdapter.java,261.0,32.0,523.0,35.0,83.0,79.0,0.0,rajdavies@apache.org,0,0.0,0.0,0.0,0.0,0.0,0.0,0.0,0,16,0.0,true
activemq-core/src/main/java/org/apache/activemq/store/kahadaptor/KahaTopicReferenceStore.java,285.0,18.0,115.0,22.0,122.0,72.0,0.0,rajdavies@apache.org,0,0.0,0.0,0.0,0.0,0.0,0.0,0.0,0,22,0.0,true
activemq-core/src/main/java/org/apache/activemq/store/memory/MemoryPersistenceAdapter.java,118.0,18.0,190.0,21.0,20.0,46.0,3.0,chirino@apache.org,1,0.005291005291005291,4.0,0.0,4.0,0.0,89.63636363636364,231.61397625632623,1,8,2.653241964607215,true
activemq-core/src/main/java/org/apache/activemq/store/memory/MemoryTransactionStore.java,206.0,17.0,170.0,21.0,42.0,53.0,3.0,chirino@apache.org,1,0.005291005291005291,5.0,0.0,5.0,0.0,89.63636363636364,231.61397625632623,1,5,2.653241964607215,true
activemq-core/src/main/java/org/apache/activemq/thread/PooledTaskRunner.java,98.0,1.0,0.0,6.0,11.0,16.0,0.0,chirino@apache.org,0,0.0,0.0,0.0,0.0,0.0,0.0,0.0,0,5,0.0,true
activemq-core/src/main/java/org/apache/activemq/thread/Scheduler.java,28.0,3.0,0.0,5.0,7.0,6.0,1.0,chirino@apache.org,1,0.005291005291005291,4.0,0.0,0.0,0.0,702.945054945055,20269.052631578947,1,7,0.7969439742415888,true
activemq-core/src/main/java/org/apache/activemq/transport/InactivityMonitor.java,247.0,12.0,69.0,15.0,62.0,45.0,0.0,chirino@apache.org,0,0.0,0.0,0.0,0.0,0.0,0.0,0.0,0,19,0.0,true
activemq-core/src/main/java/org/apache/activemq/transport/TransportFactory.java,207.0,19.0,208.0,21.0,46.0,73.0,0.0,chirino@apache.org,0,0.0,0.0,0.0,0.0,0.0,0.0,0.0,0,11,0.0,true
activemq-core/src/main/java/org/apache/activemq/transport/failover/FailoverTransport.java,662.0,32.0,1208.0,56.0,175.0,154.0,0.0,null,0,0.0,0.0,0.0,0.0,0.0,0.0,0.0,0,31,0.0,true
activemq-core/src/main/java/org/apache/activemq/transport/fanout/FanoutTransport.java,449.0,27.0,483.0,35.0,86.0,90.0,3.0,chirino@apache.org,1,0.005291005291005291,3.0,0.0,0.0,0.0,28.0,10.947841807414342,1,11,4.2626798770413155,true
activemq-core/src/main/java/org/apache/activemq/transport/fanout/FanoutTransportFactory.java,43.0,16.0,10.0,5.0,9.0,16.0,3.0,chirino@apache.org,1,0.005291005291005291,8.0,0.0,0.0,0.0,28.0,10.947841807414342,1,4,4.2626798770413155,true
activemq-core/src/main/java/org/apache/activemq/transport/tcp/SslTransportFactory.java,118.0,33.0,13.0,6.0,41.0,30.0,0.0,chirino@apache.org,0,0.0,0.0,0.0,0.0,0.0,0.0,0.0,0,8,0.0,true
activemq-core/src/main/java/org/apache/activemq/transport/tcp/TcpTransport.java,408.0,29.0,944.0,48.0,63.0,102.0,1.0,null,1,0.005291005291005291,1.0,0.0,1.0,0.0,702.945054945055,20269.052631578947,1,17,0.7969439742415888,true
activemq-core/src/main/java/org/apache/activemq/transport/tcp/TcpTransportFactory.java,97.0,21.0,26.0,8.0,35.0,31.0,0.0,chirino@apache.org,0,0.0,0.0,0.0,0.0,0.0,0.0,0.0,0,11,0.0,true
activemq-core/src/main/java/org/apache/activemq/transport/tcp/TcpTransportServer.java,301.0,28.0,564.0,37.0,65.0,82.0,1.0,chirino@apache.org,1,0.005291005291005291,6.0,0.0,2.0,0.0,702.945054945055,20269.052631578947,1,13,0.7969439742415888,true
activemq-core/src/main/java/org/apache/activemq/transport/vm/VMTransport.java,273.0,15.0,290.0,28.0,46.0,66.0,0.0,chirino@apache.org,0,0.0,0.0,0.0,0.0,0.0,0.0,0.0,0,13,0.0,true
activemq-core/src/main/java/org/apache/activemq/transport/vm/VMTransportFactory.java,201.0,22.0,13.0,10.0,61.0,37.0,7.0,chirino@apache.org,1,0.005291005291005291,3.0,3.0,3.0,0.0,343.90909090909093,3720.723954216549,1,11,1.6599901915969317,true
activemq-core/src/main/java/org/apache/activemq/util/BitArrayBin.java,129.0,1.0,7.0,7.0,14.0,25.0,0.0,rajdavies@apache.org,0,0.0,0.0,0.0,0.0,0.0,0.0,0.0,0,5,0.0,true
activemq-core/src/main/java/org/apache/activemq/util/IOHelper.java,139.0,7.0,78.0,13.0,30.0,40.0,0.0,rajdavies@apache.org,0,0.0,0.0,0.0,0.0,0.0,0.0,0.0,0,7,0.0,true
activemq-core/src/main/java/org/apache/activemq/util/IntrospectionSupport.java,235.0,15.0,105.0,15.0,94.0,63.0,0.0,chirino@apache.org,0,0.0,0.0,0.0,0.0,0.0,0.0,0.0,0,12,0.0,true
activemq-core/src/main/java/org/apache/activemq/util/LinkedNode.java,111.0,0.0,0.0,10.0,8.0,30.0,0.0,chirino@apache.org,0,0.0,0.0,0.0,0.0,0.0,0.0,0.0,0,4,0.0,true
activemq-core/src/main/java/org/apache/activemq/xbean/BrokerFactoryBean.java,109.0,14.0,126.0,20.0,8.0,38.0,0.0,chirino@apache.org,0,0.0,0.0,0.0,0.0,0.0,0.0,0.0,0,4,0.0,true
activemq-core/src/main/java/org/apache/activemq/xbean/XBeanBrokerService.java,52.0,7.0,16.0,9.0,5.0,17.0,0.0,chirino@apache.org,0,0.0,0.0,0.0,0.0,0.0,0.0,0.0,0,1,0.0,true
activemq-core/src/test/java/org/apache/activemq/ActiveMQMessageAuditTest.java,81.0,8.0,21.0,7.0,28.0,16.0,0.0,rajdavies@apache.org,0,0.0,0.0,0.0,0.0,0.0,0.0,0.0,0,6,0.0,true
activemq-core/src/test/java/org/apache/activemq/EmbeddedBrokerTestSupport.java,92.0,8.0,39.0,11.0,18.0,30.0,0.0,chirino@apache.org,0,0.0,0.0,0.0,0.0,0.0,0.0,0.0,0,4,0.0,true
activemq-core/src/test/java/org/apache/activemq/JMSIndividualAckTest.java,101.0,8.0,0.0,6.0,43.0,16.0,0.0,tabish@apache.org,0,0.0,0.0,0.0,0.0,0.0,0.0,0.0,0,0,0.0,false
activemq-core/src/test/java/org/apache/activemq/JmsQueueBrowserTest.java,42.0,9.0,0.0,1.0,17.0,3.0,4.0,chirino@apache.org,1,0.005291005291005291,6.0,0.0,6.0,0.0,343.90909090909093,3720.723954216549,1,3,1.6599901915969317,true
activemq-core/src/test/java/org/apache/activemq/JmsSendReceiveTestSupport.java,158.0,17.0,13.0,10.0,41.0,29.0,7.0,chirino@apache.org,1,0.005291005291005291,7.0,0.0,7.0,0.0,343.90909090909093,3720.723954216549,1,5,1.6599901915969317,true
activemq-core/src/test/java/org/apache/activemq/JmsTransactionTestSupport.java,414.0,21.0,129.0,27.0,156.0,77.0,4.0,chirino@apache.org,1,0.005291005291005291,5.0,0.0,0.0,0.0,702.945054945055,20269.052631578947,1,8,0.7969439742415888,true
activemq-core/src/test/java/org/apache/activemq/advisory/AdvisoryTests.java,151.0,19.0,10.0,12.0,96.0,31.0,0.0,gtully@apache.org,0,0.0,0.0,0.0,0.0,0.0,0.0,0.0,0,1,0.0,false
activemq-core/src/test/java/org/apache/activemq/advisory/TempDestLoadTest.java,53.0,9.0,0.0,4.0,30.0,11.0,4.0,rajdavies@apache.org,1,0.005291005291005291,12.0,0.0,12.0,0.0,343.90909090909093,3720.723954216549,1,1,1.6599901915969317,true
activemq-core/src/test/java/org/apache/activemq/advisory/TempQueueMemoryTest.java,65.0,11.0,4.0,5.0,31.0,12.0,3.0,gtully@apache.org,1,0.005291005291005291,14.0,0.0,14.0,0.0,343.90909090909093,3720.723954216549,1,1,1.6599901915969317,true
activemq-core/src/test/java/org/apache/activemq/broker/BrokerServiceTest.java,52.0,2.0,10.0,5.0,32.0,9.0,7.0,chirino@apache.org,2,0.010582010582010581,22.0,11.0,0.0,0.0,1046.8541458541458,23989.776585795495,2,3,0.535319902359315,true
activemq-core/src/test/java/org/apache/activemq/broker/RecoveryBrokerTest.java,379.0,15.0,66.0,12.0,162.0,32.0,4.0,chirino@apache.org,1,0.005291005291005291,7.0,0.0,0.0,0.0,702.945054945055,20269.052631578947,1,7,0.7969439742415888,true
activemq-core/src/test/java/org/apache/activemq/broker/StubBroker.java,28.0,2.0,1.0,2.0,2.0,4.0,0.0,rajdavies@apache.org,0,0.0,0.0,0.0,0.0,0.0,0.0,0.0,0,9,0.0,true
activemq-core/src/test/java/org/apache/activemq/broker/ft/DbRestartJDBCQueueMasterSlaveTest.java,40.0,7.0,0.0,3.0,11.0,10.0,7.0,gtully@apache.org,1,0.005291005291005291,12.0,0.0,12.0,0.0,343.90909090909093,3720.723954216549,1,0,1.6599901915969317,false
activemq-core/src/test/java/org/apache/activemq/broker/ft/JDBCQueueMasterSlaveTest.java,48.0,4.0,6.0,5.0,32.0,12.0,5.0,gtully@apache.org,1,0.005291005291005291,22.0,0.0,11.0,0.0,343.90909090909093,3720.723954216549,1,0,1.6599901915969317,false
activemq-core/src/test/java/org/apache/activemq/broker/ft/QueueMasterSlaveTest.java,67.0,11.0,26.0,9.0,23.0,22.0,5.0,null,2,0.010582010582010581,9.0,0.0,9.0,0.0,1046.8541458541458,23989.776585795495,2,8,0.535319902359315,true
activemq-core/src/test/java/org/apache/activemq/broker/ft/TransactedTopicMasterSlaveTest.java,65.0,5.0,13.0,7.0,20.0,17.0,4.0,rajdavies@apache.org,1,0.005291005291005291,6.0,0.0,0.0,0.0,702.945054945055,20269.052631578947,1,4,0.7969439742415888,true
activemq-core/src/test/java/org/apache/activemq/broker/jmx/MBeanTest.java,196.0,18.0,6.0,13.0,89.0,36.0,3.0,null,3,0.015873015873015872,13.0,10.0,6.0,2.0,1346.302421716215,25336.103821044366,3,6,0.41687197325021663,true
activemq-core/src/test/java/org/apache/activemq/broker/message/security/MessageAuthenticationTest.java,49.0,15.0,6.0,4.0,28.0,13.0,0.0,gnodet@apache.org,0,0.0,0.0,0.0,0.0,0.0,0.0,0.0,0,1,0.0,false
activemq-core/src/test/java/org/apache/activemq/broker/policy/DeadLetterTestSupport.java,121.0,17.0,56.0,16.0,42.0,40.0,0.0,chirino@apache.org,0,0.0,0.0,0.0,0.0,0.0,0.0,0.0,0,7,0.0,true
activemq-core/src/test/java/org/apache/activemq/broker/policy/IndividualDeadLetterTest.java,20.0,7.0,1.0,2.0,6.0,5.0,0.0,chirino@apache.org,0,0.0,0.0,0.0,0.0,0.0,0.0,0.0,0,5,0.0,true
activemq-core/src/test/java/org/apache/activemq/broker/region/SubscriptionAddRemoveQueueTest.java,195.0,24.0,0.0,5.0,28.0,18.0,4.0,rajdavies@apache.org,2,0.010582010582010581,38.0,25.0,25.0,0.0,1002.3933308071239,21615.379866827818,2,2,0.4242922237378419,true
activemq-core/src/test/java/org/apache/activemq/broker/region/cursors/CursorQueueStoreTest.java,37.0,11.0,15.0,6.0,17.0,14.0,4.0,chirino@apache.org,1,0.005291005291005291,12.0,12.0,12.0,0.0,343.90909090909093,3720.723954216549,1,4,1.6599901915969317,true
activemq-core/src/test/java/org/apache/activemq/broker/region/cursors/CursorSupport.java,131.0,25.0,58.0,12.0,55.0,33.0,4.0,null,1,0.005291005291005291,7.0,7.0,7.0,0.0,343.90909090909093,3720.723954216549,1,6,1.6599901915969317,true
activemq-core/src/test/java/org/apache/activemq/broker/virtual/MirroredQueueTest.java,61.0,15.0,9.0,6.0,30.0,17.0,1.0,null,1,0.005291005291005291,12.0,0.0,12.0,0.0,343.90909090909093,3720.723954216549,1,2,1.6599901915969317,true
activemq-core/src/test/java/org/apache/activemq/bugs/AMQ1866.java,146.0,17.0,6.0,8.0,35.0,24.0,1.0,chirino@apache.org,3,0.015873015873015872,62.0,25.0,25.0,0.0,1136.4905094905096,24221.39056205182,3,0,1.1330614726987984,true
activemq-core/src/test/java/org/apache/activemq/bugs/MessageSender.java,19.0,4.0,0.0,3.0,9.0,7.0,7.0,null,1,0.005291005291005291,20.0,20.0,20.0,0.0,343.90909090909093,3720.723954216549,1,2,1.6599901915969317,false
activemq-core/src/test/java/org/apache/activemq/bugs/MissingDataFileTest.java,237.0,14.0,73.0,19.0,65.0,60.0,0.0,rajdavies@apache.org,0,0.0,0.0,0.0,0.0,0.0,0.0,0.0,0,0,0.0,false
activemq-core/src/test/java/org/apache/activemq/bugs/TransactionNotStartedErrorTest.java,216.0,12.0,38.0,17.0,55.0,56.0,0.0,tabish@apache.org,0,0.0,0.0,0.0,0.0,0.0,0.0,0.0,0,2,0.0,false
activemq-core/src/test/java/org/apache/activemq/command/ActiveMQMessageTest.java,836.0,14.0,1555.0,58.0,299.0,126.0,0.0,chirino@apache.org,0,0.0,0.0,0.0,0.0,0.0,0.0,0.0,0,9,0.0,true
activemq-core/src/test/java/org/apache/activemq/kaha/impl/async/DataFileAppenderTest.java,94.0,5.0,10.0,12.0,45.0,26.0,0.0,tabish@apache.org,0,0.0,0.0,0.0,0.0,0.0,0.0,0.0,0,2,0.0,false
activemq-core/src/test/java/org/apache/activemq/kaha/impl/async/NioDataFileAppenderTest.java,5.0,0.0,0.0,1.0,1.0,1.0,0.0,tabish@apache.org,0,0.0,0.0,0.0,0.0,0.0,0.0,0.0,0,1,0.0,false
activemq-core/src/test/java/org/apache/activemq/kaha/impl/index/IndexBenchmark.java,164.0,10.0,13.0,7.0,29.0,21.0,2.0,tabish@apache.org,1,0.005291005291005291,33.0,33.0,0.0,0.0,89.63636363636364,231.61397625632623,1,0,2.653241964607215,false
activemq-core/src/test/java/org/apache/activemq/kaha/impl/index/hash/HashIndexBenchMark.java,9.0,5.0,0.0,1.0,3.0,3.0,2.0,tabish@apache.org,1,0.005291005291005291,50.0,50.0,0.0,0.0,89.63636363636364,231.61397625632623,1,0,2.653241964607215,false
activemq-core/src/test/java/org/apache/activemq/kaha/impl/index/hash/HashTest.java,110.0,8.0,0.0,10.0,34.0,29.0,0.0,rajdavies@apache.org,0,0.0,0.0,0.0,0.0,0.0,0.0,0.0,0,4,0.0,true
activemq-core/src/test/java/org/apache/activemq/network/DuplexNetworkMBeanTest.java,84.0,11.0,13.0,6.0,31.0,22.0,3.0,gtully@apache.org,1,0.005291005291005291,11.0,0.0,5.0,0.0,702.945054945055,20269.052631578947,1,0,0.7969439742415888,true
activemq-core/src/test/java/org/apache/activemq/network/NetworkLoadTest.java,219.0,31.0,18.0,8.0,92.0,27.0,13.0,chirino@apache.org,1,0.005291005291005291,9.0,9.0,0.0,0.0,343.90909090909093,3720.723954216549,1,2,1.6599901915969317,true
activemq-core/src/test/java/org/apache/activemq/perf/AMQStoreDurableTopicTest.java,20.0,3.0,1.0,2.0,6.0,4.0,3.0,rajdavies@apache.org,1,0.005291005291005291,12.0,0.0,0.0,6.0,702.945054945055,20269.052631578947,1,4,0.7969439742415888,true
activemq-core/src/test/java/org/apache/activemq/perf/ConnectionChurnTest.java,60.0,12.0,15.0,7.0,19.0,21.0,0.0,rajdavies@apache.org,0,0.0,0.0,0.0,0.0,0.0,0.0,0.0,0,0,0.0,true
activemq-core/src/test/java/org/apache/activemq/perf/NetworkedSyncTest.java,101.0,19.0,0.0,5.0,25.0,15.0,0.0,tabish@apache.org,0,0.0,0.0,0.0,0.0,0.0,0.0,0.0,0,1,0.0,false
activemq-core/src/test/java/org/apache/activemq/perf/PerfConsumer.java,97.0,12.0,46.0,13.0,19.0,28.0,0.0,rajdavies@apache.org,0,0.0,0.0,0.0,0.0,0.0,0.0,0.0,0,2,0.0,true
activemq-core/src/test/java/org/apache/activemq/perf/SimpleDurableTopicNetworkTest.java,17.0,4.0,3.0,3.0,1.0,8.0,0.0,rajdavies@apache.org,0,0.0,0.0,0.0,0.0,0.0,0.0,0.0,0,1,0.0,false
activemq-core/src/test/java/org/apache/activemq/perf/SimpleDurableTopicTest.java,36.0,7.0,10.0,5.0,8.0,13.0,6.0,rajdavies@apache.org,1,0.005291005291005291,5.0,0.0,0.0,0.0,702.945054945055,20269.052631578947,1,4,0.7969439742415888,true
activemq-core/src/test/java/org/apache/activemq/perf/SimpleNetworkTest.java,95.0,9.0,17.0,7.0,35.0,20.0,0.0,rajdavies@apache.org,0,0.0,0.0,0.0,0.0,0.0,0.0,0.0,0,0,0.0,false
activemq-core/src/test/java/org/apache/activemq/perf/SimpleNonPersistentQueueTest.java,21.0,9.0,3.0,3.0,3.0,8.0,0.0,rajdavies@apache.org,0,0.0,0.0,0.0,0.0,0.0,0.0,0.0,0,1,0.0,true
activemq-core/src/test/java/org/apache/activemq/perf/SimpleTopicTest.java,150.0,10.0,35.0,11.0,31.0,36.0,0.0,rajdavies@apache.org,0,0.0,0.0,0.0,0.0,0.0,0.0,0.0,0,8,0.0,true
activemq-core/src/test/java/org/apache/activemq/proxy/ProxyConnectorTest.java,52.0,9.0,10.0,5.0,20.0,9.0,7.0,chirino@apache.org,1,0.005291005291005291,10.0,10.0,10.0,0.0,343.90909090909093,3720.723954216549,1,4,1.6599901915969317,true
activemq-core/src/test/java/org/apache/activemq/security/SimpleAuthenticationPluginTest.java,29.0,11.0,15.0,6.0,11.0,12.0,0.0,chirino@apache.org,0,0.0,0.0,0.0,0.0,0.0,0.0,0.0,0,3,0.0,true
activemq-core/src/test/java/org/apache/activemq/thread/PooledTaskRunnerTest.java,101.0,12.0,23.0,11.0,46.0,31.0,0.0,tabish@apache.org,0,0.0,0.0,0.0,0.0,0.0,0.0,0.0,0,0,0.0,false
activemq-core/src/test/java/org/apache/activemq/transport/TopicClusterTest.java,115.0,24.0,29.0,10.0,40.0,31.0,13.0,chirino@apache.org,1,0.005291005291005291,7.0,7.0,0.0,0.0,343.90909090909093,3720.723954216549,1,7,1.6599901915969317,true
activemq-core/src/test/java/org/apache/activemq/transport/discovery/DiscoveryTransportBrokerTest.java,91.0,19.0,45.0,10.0,32.0,25.0,13.0,chirino@apache.org,1,0.005291005291005291,8.0,8.0,0.0,0.0,343.90909090909093,3720.723954216549,1,3,1.6599901915969317,true
activemq-core/src/test/java/org/apache/activemq/transport/fanout/FanoutTransportBrokerTest.java,115.0,21.0,45.0,11.0,55.0,21.0,3.0,chirino@apache.org,1,0.005291005291005291,7.0,0.0,0.0,0.0,28.0,10.947841807414342,1,5,4.2626798770413155,true
activemq-core/src/test/java/org/apache/activemq/transport/tcp/SslContextBrokerServiceTest.java,25.0,10.0,0.0,3.0,18.0,6.0,0.0,tabish@apache.org,0,0.0,0.0,0.0,0.0,0.0,0.0,0.0,0,1,0.0,false
activemq-core/src/test/java/org/apache/activemq/transport/tcp/SslContextNBrokerServiceTest.java,79.0,16.0,7.0,6.0,35.0,22.0,0.0,null,0,0.0,0.0,0.0,0.0,0.0,0.0,0.0,0,1,0.0,false
activemq-core/src/test/java/org/apache/activemq/transport/vm/VMTransportWaitForTest.java,40.0,7.0,0.0,2.0,16.0,5.0,7.0,tabish@apache.org,1,0.005291005291005291,25.0,25.0,25.0,0.0,343.90909090909093,3720.723954216549,1,0,1.6599901915969317,true
activemq-core/src/test/java/org/apache/activemq/usecases/DurableSubscriptionTestSupport.java,227.0,15.0,64.0,20.0,132.0,48.0,0.0,chirino@apache.org,0,0.0,0.0,0.0,0.0,0.0,0.0,0.0,0,4,0.0,true
activemq-core/src/test/java/org/apache/activemq/usecases/TwoBrokerMulticastQueueTest.java,179.0,17.0,213.0,26.0,68.0,65.0,13.0,chirino@apache.org,1,0.005291005291005291,8.0,8.0,0.0,0.0,343.90909090909093,3720.723954216549,1,6,1.6599901915969317,true
activemq-core/src/test/java/org/apache/activemq/usecases/TwoMulticastDiscoveryBrokerTopicSendReceiveTest.java,16.0,2.0,3.0,3.0,6.0,10.0,0.0,chirino@apache.org,0,0.0,0.0,0.0,0.0,0.0,0.0,0.0,0,4,0.0,false
activemq-core/src/test/java/org/apache/activemq/util/BitArrayBinTest.java,77.0,1.0,28.0,8.0,13.0,20.0,0.0,gtully@apache.org,0,0.0,0.0,0.0,0.0,0.0,0.0,0.0,0,0,0.0,true
activemq-jpa-store/src/main/java/org/apache/activemq/store/jpa/JPAPersistenceAdapter.java,185.0,25.0,417.0,30.0,57.0,74.0,1.0,chirino@apache.org,1,0.005291005291005291,10.0,0.0,0.0,0.0,702.945054945055,20269.052631578947,1,2,0.7969439742415888,true
activemq-optional/src/main/java/org/apache/activemq/transport/https/HttpsClientTransport.java,8.0,3.0,0.0,1.0,0.0,1.0,0.0,davsclaus@apache.org,0,0.0,0.0,0.0,0.0,0.0,0.0,0.0,0,1,0.0,false
activemq-optional/src/main/java/org/apache/activemq/transport/https/HttpsTransportFactory.java,12.0,7.0,1.0,2.0,1.0,7.0,0.0,chirino@apache.org,0,0.0,0.0,0.0,0.0,0.0,0.0,0.0,0,3,0.0,true
activemq-pool/src/main/java/org/apache/activemq/pool/ActiveMQResourceManager.java,67.0,14.0,15.0,7.0,3.0,13.0,0.0,gnodet@apache.org,0,0.0,0.0,0.0,0.0,0.0,0.0,0.0,0,0,0.0,false
activemq-pool/src/main/java/org/apache/activemq/pool/ConnectionKey.java,48.0,0.0,9.0,7.0,4.0,18.0,0.0,tabish@apache.org,0,0.0,0.0,0.0,0.0,0.0,0.0,0.0,0,0,0.0,false
activemq-pool/src/main/java/org/apache/activemq/pool/ConnectionPool.java,126.0,15.0,66.0,16.0,20.0,32.0,0.0,tabish@apache.org,0,0.0,0.0,0.0,0.0,0.0,0.0,0.0,0,0,0.0,true
activemq-pool/src/main/java/org/apache/activemq/pool/JcaConnectionPool.java,14.0,7.0,0.0,2.0,2.0,5.0,0.0,gnodet@apache.org,0,0.0,0.0,0.0,0.0,0.0,0.0,0.0,0,0,0.0,false
activemq-pool/src/main/java/org/apache/activemq/pool/JcaPooledConnectionFactory.java,23.0,2.0,13.0,6.0,3.0,8.0,0.0,gnodet@apache.org,0,0.0,0.0,0.0,0.0,0.0,0.0,0.0,0,0,0.0,false
activemq-pool/src/main/java/org/apache/activemq/pool/PooledConnection.java,85.0,19.0,173.0,22.0,33.0,58.0,0.0,tabish@apache.org,0,0.0,0.0,0.0,0.0,0.0,0.0,0.0,0,0,0.0,true
activemq-pool/src/main/java/org/apache/activemq/pool/PooledConnectionFactory.java,143.0,16.0,156.0,20.0,31.0,43.0,1.0,null,1,0.005291005291005291,9.0,0.0,9.0,0.0,702.945054945055,20269.052631578947,1,0,0.7969439742415888,true
activemq-pool/src/main/java/org/apache/activemq/pool/PooledConnectionFactoryBean.java,108.0,7.0,82.0,16.0,7.0,31.0,1.0,gnodet@apache.org,1,0.005291005291005291,40.0,0.0,0.0,0.0,0.0,0.0,1,0,3.3463891451671604,false
activemq-pool/src/main/java/org/apache/activemq/pool/PooledProducer.java,81.0,5.0,77.0,19.0,16.0,34.0,0.0,gnodet@apache.org,0,0.0,0.0,0.0,0.0,0.0,0.0,0.0,0,0,0.0,false
activemq-pool/src/main/java/org/apache/activemq/pool/PooledQueueSender.java,20.0,6.0,10.0,5.0,7.0,11.0,0.0,null,0,0.0,0.0,0.0,0.0,0.0,0.0,0.0,0,0,0.0,false
activemq-pool/src/main/java/org/apache/activemq/pool/PooledSession.java,208.0,32.0,1088.0,48.0,99.0,135.0,0.0,null,0,0.0,0.0,0.0,0.0,0.0,0.0,0.0,0,0,0.0,true
activemq-pool/src/main/java/org/apache/activemq/pool/PooledTopicPublisher.java,26.0,6.0,21.0,7.0,13.0,15.0,0.0,null,0,0.0,0.0,0.0,0.0,0.0,0.0,0.0,0,0,0.0,false
activemq-pool/src/main/java/org/apache/activemq/pool/SessionKey.java,38.0,0.0,3.0,6.0,1.0,14.0,0.0,gnodet@apache.org,0,0.0,0.0,0.0,0.0,0.0,0.0,0.0,0,0,0.0,false
activemq-pool/src/main/java/org/apache/activemq/pool/SessionPool.java,68.0,7.0,56.0,12.0,17.0,33.0,0.0,gnodet@apache.org,0,0.0,0.0,0.0,0.0,0.0,0.0,0.0,0,0,0.0,true
activemq-pool/src/main/java/org/apache/activemq/pool/XaConnectionPool.java,59.0,9.0,1.0,3.0,10.0,10.0,0.0,null,0,0.0,0.0,0.0,0.0,0.0,0.0,0.0,0,0,0.0,false
activemq-pool/src/main/java/org/apache/activemq/pool/XaPooledConnectionFactory.java,24.0,3.0,13.0,6.0,2.0,8.0,0.0,gtully@apache.org,0,0.0,0.0,0.0,0.0,0.0,0.0,0.0,0,0,0.0,true
activemq-pool/src/test/java/org/apache/activemq/pool/ConnectionFailureEvictsFromPool.java,40.0,11.0,6.0,5.0,18.0,11.0,0.0,gnodet@apache.org,0,0.0,0.0,0.0,0.0,0.0,0.0,0.0,0,0,0.0,false
activemq-pool/src/test/java/org/apache/activemq/pool/JmsSendReceiveTwoConnectionsWithSenderUsingPoolTest.java,17.0,2.0,1.0,3.0,2.0,7.0,0.0,gnodet@apache.org,0,0.0,0.0,0.0,0.0,0.0,0.0,0.0,0,0,0.0,false
activemq-pool/src/test/java/org/apache/activemq/pool/PooledTopicPublisherTest.java,21.0,8.0,0.0,2.0,7.0,5.0,0.0,gtully@apache.org,0,0.0,0.0,0.0,0.0,0.0,0.0,0.0,0,0,0.0,false
activemq-pool/src/test/java/org/apache/activemq/usecases/AMQDeadlockTest3.java,277.0,31.0,22.0,8.0,74.0,23.0,0.0,gnodet@apache.org,0,0.0,0.0,0.0,0.0,0.0,0.0,0.0,0,0,0.0,false
activemq-pool/src/test/java/org/apache/activemq/usecases/AMQDeadlockTestW4Brokers.java,195.0,32.0,13.0,6.0,43.0,16.0,0.0,gnodet@apache.org,0,0.0,0.0,0.0,0.0,0.0,0.0,0.0,0,0,0.0,false
activemq-pool/src/test/java/org/apache/activemq/usecases/AMQFailoverIssue.java,150.0,31.0,15.0,6.0,44.0,15.0,0.0,gnodet@apache.org,0,0.0,0.0,0.0,0.0,0.0,0.0,0.0,0,0,0.0,false
activemq-protocol-buffer/src/main/java/org/apache/activemq/protocolbuffer/OpenWire.java,578.0,0.0,192.0,21.0,44.0,56.0,6.0,chirino@apache.org,1,0.005291005291005291,75.0,50.0,25.0,0.0,299.44827586206895,1346.3272352488693,1,0,1.5885312276147867,false
activemq-protocol-buffer/src/test/java/org/apache/activemq/protocolbuffer/MarshallTest.java,38.0,5.0,0.0,1.0,27.0,3.0,5.0,chirino@apache.org,1,0.005291005291005291,50.0,0.0,50.0,50.0,299.44827586206895,1346.3272352488693,1,0,1.5885312276147867,false
activemq-protocol-buffer/src/test/java/org/apache/activemq/protocolbuffer/OpenWirePerformanceTest.java,50.0,3.0,1.0,2.0,15.0,6.0,6.0,chirino@apache.org,1,0.005291005291005291,75.0,25.0,50.0,25.0,299.44827586206895,1346.3272352488693,1,0,1.5885312276147867,false
activemq-protocol-buffer/src/test/java/org/apache/activemq/protocolbuffer/PerformanceTest.java,58.0,3.0,0.0,1.0,31.0,4.0,4.0,jstrachan@apache.org,1,0.005291005291005291,71.0,14.0,43.0,14.0,299.44827586206895,1346.3272352488693,1,0,1.5885312276147867,true
activemq-protocol-buffer/src/test/java/org/apache/activemq/protocolbuffer/StopWatch.java,74.0,1.0,30.0,13.0,7.0,25.0,6.0,chirino@apache.org,1,0.005291005291005291,50.0,50.0,0.0,0.0,299.44827586206895,1346.3272352488693,1,0,1.5885312276147867,false
activemq-protocol-buffer/src/test/java/org/apache/activemq/protocolbuffer/TestSupport.java,14.0,1.0,0.0,1.0,1.0,2.0,5.0,jstrachan@apache.org,1,0.005291005291005291,80.0,20.0,60.0,20.0,299.44827586206895,1346.3272352488693,1,0,1.5885312276147867,false
activemq-ra/src/main/java/org/apache/activemq/ra/ActiveMQConnectionSupport.java,297.0,5.0,0.0,38.0,72.0,90.0,0.0,null,0,0.0,0.0,0.0,0.0,0.0,0.0,0.0,0,1,0.0,true
activemq-ra/src/main/java/org/apache/activemq/ra/ActiveMQEndpointActivationKey.java,49.0,1.0,0.0,6.0,1.0,12.0,0.0,chirino@apache.org,0,0.0,0.0,0.0,0.0,0.0,0.0,0.0,0,3,0.0,true
activemq-ra/src/main/java/org/apache/activemq/ra/ActiveMQEndpointWorker.java,226.0,21.0,14.0,16.0,99.0,49.0,0.0,null,0,0.0,0.0,0.0,0.0,0.0,0.0,0.0,0,7,0.0,true
activemq-ra/src/main/java/org/apache/activemq/ra/ActiveMQManagedConnection.java,291.0,21.0,351.0,34.0,57.0,99.0,0.0,chirino@apache.org,0,0.0,0.0,0.0,0.0,0.0,0.0,0.0,0,3,0.0,true
activemq-ra/src/main/java/org/apache/activemq/ra/ActiveMQResourceAdapter.java,222.0,19.0,70.0,16.0,61.0,51.0,0.0,null,0,0.0,0.0,0.0,0.0,0.0,0.0,0.0,0,9,0.0,true
activemq-ra/src/main/java/org/apache/activemq/ra/ManagedSessionProxy.java,312.0,26.0,800.0,41.0,72.0,113.0,0.0,chirino@apache.org,0,0.0,0.0,0.0,0.0,0.0,0.0,0.0,0,3,0.0,true
activemq-ra/src/main/java/org/apache/activemq/ra/MessageEndpointProxy.java,110.0,7.0,7.0,7.0,9.0,14.0,0.0,chirino@apache.org,0,0.0,0.0,0.0,0.0,0.0,0.0,0.0,0,2,0.0,true
activemq-ra/src/main/java/org/apache/activemq/ra/MessageResourceAdapter.java,24.0,4.0,10.0,5.0,0.0,9.0,0.0,rajdavies@apache.org,0,0.0,0.0,0.0,0.0,0.0,0.0,0.0,0,3,0.0,true
activemq-ra/src/main/java/org/apache/activemq/ra/ServerSessionImpl.java,211.0,18.0,10.0,16.0,37.0,44.0,0.0,chirino@apache.org,0,0.0,0.0,0.0,0.0,0.0,0.0,0.0,0,3,0.0,true
activemq-ra/src/main/java/org/apache/activemq/ra/ServerSessionPoolImpl.java,245.0,18.0,0.0,13.0,77.0,48.0,0.0,chirino@apache.org,0,0.0,0.0,0.0,0.0,0.0,0.0,0.0,0,5,0.0,true
activemq-ra/src/test/java/org/apache/activemq/ra/ActiveMQAsfEndpointWorkerTest.java,46.0,5.0,15.0,7.0,24.0,12.0,0.0,chirino@apache.org,0,0.0,0.0,0.0,0.0,0.0,0.0,0.0,0,2,0.0,true
activemq-ra/src/test/java/org/apache/activemq/ra/ServerSessionImplTest.java,47.0,11.0,1.0,3.0,12.0,7.0,0.0,chirino@apache.org,0,0.0,0.0,0.0,0.0,0.0,0.0,0.0,0,1,0.0,true
activemq-web/src/main/java/org/apache/activemq/web/MessageServletSupport.java,261.0,17.0,137.0,18.0,69.0,71.0,2.0,null,2,0.010582010582010581,6.0,0.0,3.0,3.0,34.0,23.45439495081318,2,7,3.56953269648137,true
