name,LOC,CBO,LCOM,NOM,RFC,WMC,ACS,Ownership,numOfChanges,numberOfFIChanges,ENH,NF,BugFixing,REF,structuralWorkloadSum,semanticWorkloadSum,numberOfDeveloper,pastFaults,MAF,isBuggy
activemq-core/src/main/java/org/apache/activemq/ActiveMQConnection.java,1482.0,79.0,12685.0,167.0,371.0,480.0,6.0,null,1,0.0029585798816568047,1.0,0.0,0.0,0.0,1377.1085714285714,80412.31161391144,1,45,0.7570959051602187,true
activemq-core/src/main/java/org/apache/activemq/ActiveMQConnectionFactory.java,613.0,29.0,3326.0,85.0,122.0,185.0,0.0,null,0,0.0,0.0,0.0,0.0,0.0,0.0,0.0,0,19,0.0,true
activemq-core/src/main/java/org/apache/activemq/ActiveMQMessageConsumer.java,829.0,35.0,525.0,55.0,287.0,192.0,3.0,null,2,0.005917159763313609,5.0,1.0,2.0,0.0,2094.2074725274724,95937.32092030853,2,35,0.48370590785950596,true
activemq-core/src/main/java/org/apache/activemq/broker/BrokerService.java,1616.0,75.0,17762.0,193.0,414.0,492.0,6.0,null,1,0.0029585798816568047,0.0,0.0,0.0,0.0,1377.1085714285714,80412.31161391144,1,61,0.7570959051602187,true
activemq-core/src/main/java/org/apache/activemq/broker/TransportConnection.java,1090.0,75.0,3249.0,94.0,420.0,287.0,63.0,null,1,0.0029585798816568047,1.0,1.0,1.0,0.0,1377.1085714285714,80412.31161391144,1,41,0.7570959051602187,true
activemq-core/src/main/java/org/apache/activemq/broker/TransportConnector.java,298.0,22.0,755.0,43.0,94.0,94.0,0.0,chirino@apache.org,0,0.0,0.0,0.0,0.0,0.0,0.0,0.0,0,16,0.0,true
activemq-core/src/main/java/org/apache/activemq/broker/ft/MasterBroker.java,285.0,30.0,339.0,27.0,64.0,67.0,2.0,null,1,0.0029585798816568047,7.0,0.0,0.0,0.0,1377.1085714285714,80412.31161391144,1,9,0.7570959051602187,true
activemq-core/src/main/java/org/apache/activemq/broker/ft/MasterConnector.java,222.0,27.0,153.0,23.0,65.0,47.0,0.0,rajdavies@apache.org,0,0.0,0.0,0.0,0.0,0.0,0.0,0.0,0,10,0.0,true
activemq-core/src/main/java/org/apache/activemq/broker/jmx/BrokerView.java,220.0,16.0,3.0,51.0,122.0,105.0,0.0,null,0,0.0,0.0,0.0,0.0,0.0,0.0,0.0,0,13,0.0,true
activemq-core/src/main/java/org/apache/activemq/broker/jmx/BrokerViewMBean.java,105.0,2.0,990.0,45.0,0.0,61.0,0.0,null,0,0.0,0.0,0.0,0.0,0.0,0.0,0.0,0,8,0.0,true
activemq-core/src/main/java/org/apache/activemq/broker/jmx/CompositeDataConstants.java,21.0,0.0,0.0,0.0,0.0,0.0,0.0,chirino@apache.org,0,0.0,0.0,0.0,0.0,0.0,0.0,0.0,0,1,0.0,true
activemq-core/src/main/java/org/apache/activemq/broker/jmx/CompositeDataHelper.java,42.0,5.0,3.0,3.0,5.0,7.0,0.0,chirino@apache.org,0,0.0,0.0,0.0,0.0,0.0,0.0,0.0,0,2,0.0,false
activemq-core/src/main/java/org/apache/activemq/broker/jmx/DestinationView.java,253.0,33.0,0.0,43.0,128.0,102.0,0.0,null,0,0.0,0.0,0.0,0.0,0.0,0.0,0.0,0,17,0.0,true
activemq-core/src/main/java/org/apache/activemq/broker/jmx/OpenTypeSupport.java,311.0,27.0,3.0,3.0,6.0,9.0,0.0,chirino@apache.org,0,0.0,0.0,0.0,0.0,0.0,0.0,0.0,0,7,0.0,true
activemq-core/src/main/java/org/apache/activemq/broker/jmx/QueueView.java,121.0,7.0,171.0,19.0,53.0,60.0,0.0,chirino@apache.org,0,0.0,0.0,0.0,0.0,0.0,0.0,0.0,0,10,0.0,true
activemq-core/src/main/java/org/apache/activemq/broker/jmx/QueueViewMBean.java,94.0,2.0,153.0,18.0,0.0,52.0,0.0,chirino@apache.org,0,0.0,0.0,0.0,0.0,0.0,0.0,0.0,0,9,0.0,true
activemq-core/src/main/java/org/apache/activemq/broker/region/AbstractRegion.java,320.0,29.0,127.0,27.0,123.0,83.0,62.0,null,2,0.005917159763313609,3.0,1.0,3.0,0.0,1861.5963763066202,84959.04589664232,2,29,0.6950695808252293,true
activemq-core/src/main/java/org/apache/activemq/broker/region/BaseDestination.java,316.0,11.0,1075.0,50.0,28.0,85.0,0.0,rajdavies@apache.org,0,0.0,0.0,0.0,0.0,0.0,0.0,0.0,0,14,0.0,true
activemq-core/src/main/java/org/apache/activemq/broker/region/Destination.java,95.0,15.0,903.0,43.0,0.0,56.0,0.0,null,0,0.0,0.0,0.0,0.0,0.0,0.0,0.0,0,16,0.0,true
activemq-core/src/main/java/org/apache/activemq/broker/region/DestinationFilter.java,161.0,15.0,0.0,49.0,55.0,79.0,0.0,rajdavies@apache.org,0,0.0,0.0,0.0,0.0,0.0,0.0,0.0,0,14,0.0,true
activemq-core/src/main/java/org/apache/activemq/broker/region/DestinationStatistics.java,112.0,5.0,9.0,14.0,6.0,27.0,5.0,chirino@apache.org,1,0.0029585798816568047,6.0,0.0,6.0,0.0,484.4878048780488,4546.734282730877,1,5,2.0193376176101303,true
activemq-core/src/main/java/org/apache/activemq/broker/region/IndirectMessageReference.java,119.0,3.0,0.0,27.0,20.0,51.0,4.0,chirino@apache.org,1,0.0029585798816568047,4.0,0.0,0.0,0.0,717.0989010989011,15525.009306397093,1,7,1.8941744746561244,true
activemq-core/src/main/java/org/apache/activemq/broker/region/PrefetchSubscription.java,548.0,26.0,498.0,40.0,158.0,123.0,4.0,null,3,0.008875739644970414,6.0,1.0,3.0,0.0,2378.3892907092904,96776.53733824582,3,49,0.2639577490805247,true
activemq-core/src/main/java/org/apache/activemq/broker/region/Queue.java,1081.0,52.0,2831.0,82.0,410.0,266.0,2.0,null,3,0.008875739644970414,3.0,0.0,2.0,0.0,2578.695277405521,100484.0552030394,3,66,0.5439440224742849,true
activemq-core/src/main/java/org/apache/activemq/broker/region/Topic.java,480.0,40.0,612.0,41.0,201.0,126.0,0.0,rajdavies@apache.org,0,0.0,0.0,0.0,0.0,0.0,0.0,0.0,0,39,0.0,true
activemq-core/src/main/java/org/apache/activemq/broker/region/cursors/AbstractPendingMessageCursor.java,205.0,10.0,917.0,46.0,13.0,86.0,5.0,rajdavies@apache.org,1,0.0029585798816568047,3.0,0.0,3.0,0.0,484.4878048780488,4546.734282730877,1,12,2.0193376176101303,true
activemq-core/src/main/java/org/apache/activemq/broker/region/cursors/AbstractStoreCursor.java,200.0,12.0,147.0,26.0,67.0,71.0,3.0,gtully@apache.org,2,0.005917159763313609,12.0,0.0,8.0,0.0,1861.5963763066202,84959.04589664232,2,2,0.5413289743487097,true
activemq-core/src/main/java/org/apache/activemq/broker/region/cursors/FilePendingMessageCursor.java,323.0,21.0,193.0,27.0,115.0,78.0,0.0,rajdavies@apache.org,0,0.0,0.0,0.0,0.0,0.0,0.0,0.0,0,16,0.0,true
activemq-core/src/main/java/org/apache/activemq/broker/region/cursors/PendingMessageCursor.java,198.0,10.0,820.0,41.0,0.0,78.0,5.0,rajdavies@apache.org,1,0.0029585798816568047,3.0,0.0,3.0,0.0,484.4878048780488,4546.734282730877,1,12,2.0193376176101303,true
activemq-core/src/main/java/org/apache/activemq/broker/region/cursors/StoreDurableSubscriberCursor.java,255.0,18.0,1.0,27.0,79.0,78.0,5.0,rajdavies@apache.org,1,0.0029585798816568047,2.0,0.0,2.0,0.0,484.4878048780488,4546.734282730877,1,14,2.0193376176101303,true
activemq-core/src/main/java/org/apache/activemq/broker/region/cursors/StoreQueueCursor.java,226.0,7.0,0.0,25.0,45.0,58.0,2.0,rajdavies@apache.org,1,0.0029585798816568047,6.0,0.0,3.0,0.0,1377.1085714285714,80412.31161391144,1,10,0.7570959051602187,true
activemq-core/src/main/java/org/apache/activemq/broker/region/cursors/TopicStorePrefetch.java,55.0,12.0,0.0,7.0,8.0,16.0,6.0,rajdavies@apache.org,2,0.005917159763313609,5.0,0.0,3.0,0.0,1861.5963763066202,84959.04589664232,2,12,0.6950695808252293,true
activemq-core/src/main/java/org/apache/activemq/broker/region/cursors/VMPendingMessageCursor.java,124.0,8.0,7.0,14.0,31.0,32.0,0.0,rajdavies@apache.org,0,0.0,0.0,0.0,0.0,0.0,0.0,0.0,0,6,0.0,true
activemq-core/src/main/java/org/apache/activemq/broker/region/policy/FixedSizedSubscriptionRecoveryPolicy.java,69.0,11.0,27.0,14.0,13.0,30.0,0.0,chirino@apache.org,0,0.0,0.0,0.0,0.0,0.0,0.0,0.0,0,4,0.0,true
activemq-core/src/main/java/org/apache/activemq/broker/region/policy/PolicyEntry.java,408.0,14.0,1962.0,65.0,79.0,104.0,0.0,rajdavies@apache.org,0,0.0,0.0,0.0,0.0,0.0,0.0,0.0,0,19,0.0,true
activemq-core/src/main/java/org/apache/activemq/broker/region/policy/SharedDeadLetterStrategy.java,18.0,2.0,0.0,3.0,0.0,5.0,0.0,chirino@apache.org,0,0.0,0.0,0.0,0.0,0.0,0.0,0.0,0,3,0.0,true
activemq-core/src/main/java/org/apache/activemq/broker/util/CommandAgent.java,133.0,16.0,201.0,22.0,21.0,47.0,0.0,chirino@apache.org,0,0.0,0.0,0.0,0.0,0.0,0.0,0.0,0,5,0.0,false
activemq-core/src/main/java/org/apache/activemq/broker/view/ConnectionDotFileInterceptor.java,240.0,25.0,75.0,15.0,88.0,45.0,1.0,chirino@apache.org,1,0.0029585798816568047,8.0,0.0,8.0,0.0,484.4878048780488,4546.734282730877,1,4,2.0193376176101303,false
activemq-core/src/main/java/org/apache/activemq/command/ActiveMQStreamMessage.java,917.0,21.0,95.0,35.0,204.0,149.0,2.0,chirino@apache.org,1,0.0029585798816568047,12.0,0.0,12.0,0.0,484.4878048780488,4546.734282730877,1,6,2.0193376176101303,true
activemq-core/src/main/java/org/apache/activemq/command/ActiveMQTextMessage.java,108.0,18.0,3.0,10.0,23.0,31.0,3.0,chirino@apache.org,1,0.0029585798816568047,8.0,0.0,8.0,0.0,284.1818181818182,839.2164179372812,1,7,1.6828653809889176,true
activemq-core/src/main/java/org/apache/activemq/command/BaseCommand.java,83.0,2.0,174.0,20.0,2.0,36.0,5.0,chirino@apache.org,1,0.0029585798816568047,7.0,0.0,7.0,0.0,284.1818181818182,839.2164179372812,1,6,1.6828653809889176,true
activemq-core/src/main/java/org/apache/activemq/command/Message.java,557.0,17.0,4592.0,100.0,30.0,188.0,3.0,null,1,0.0029585798816568047,4.0,0.0,2.0,0.0,284.1818181818182,839.2164179372812,1,17,1.6828653809889176,true
activemq-core/src/main/java/org/apache/activemq/kaha/impl/async/AsyncDataManager.java,608.0,26.0,1110.0,57.0,197.0,167.0,8.0,rajdavies@apache.org,1,0.0029585798816568047,2.0,0.0,0.0,0.0,1377.1085714285714,80412.31161391144,1,23,0.7570959051602187,true
activemq-core/src/main/java/org/apache/activemq/management/CountStatisticImpl.java,98.0,2.0,0.0,15.0,30.0,26.0,5.0,chirino@apache.org,1,0.0029585798816568047,8.0,0.0,8.0,0.0,484.4878048780488,4546.734282730877,1,4,2.0193376176101303,true
activemq-core/src/main/java/org/apache/activemq/management/RangeStatisticImpl.java,48.0,0.0,0.0,7.0,4.0,12.0,5.0,chirino@apache.org,1,0.0029585798816568047,14.0,0.0,14.0,0.0,484.4878048780488,4546.734282730877,1,1,2.0193376176101303,true
activemq-core/src/main/java/org/apache/activemq/management/StatisticImpl.java,86.0,1.0,47.0,14.0,8.0,23.0,5.0,chirino@apache.org,1,0.0029585798816568047,10.0,0.0,10.0,0.0,484.4878048780488,4546.734282730877,1,2,2.0193376176101303,true
activemq-core/src/main/java/org/apache/activemq/management/TimeStatisticImpl.java,132.0,0.0,52.0,16.0,11.0,31.0,5.0,chirino@apache.org,1,0.0029585798816568047,14.0,0.0,14.0,0.0,484.4878048780488,4546.734282730877,1,1,2.0193376176101303,true
activemq-core/src/main/java/org/apache/activemq/network/DemandForwardingBridge.java,52.0,10.0,13.0,6.0,17.0,13.0,6.0,chirino@apache.org,1,0.0029585798816568047,3.0,3.0,3.0,0.0,1377.1085714285714,80412.31161391144,1,18,0.7570959051602187,true
activemq-core/src/main/java/org/apache/activemq/network/DemandForwardingBridgeSupport.java,871.0,55.0,1665.0,70.0,322.0,177.0,24.0,null,1,0.0029585798816568047,4.0,2.0,2.0,1.0,1377.1085714285714,80412.31161391144,1,24,0.7570959051602187,true
activemq-core/src/main/java/org/apache/activemq/network/jms/JmsConnector.java,265.0,16.0,619.0,38.0,43.0,67.0,0.0,chirino@apache.org,0,0.0,0.0,0.0,0.0,0.0,0.0,0.0,0,7,0.0,true
activemq-core/src/main/java/org/apache/activemq/plugin/DiscardingDLQBroker.java,113.0,10.0,57.0,14.0,20.0,30.0,0.0,rajdavies@apache.org,0,0.0,0.0,0.0,0.0,0.0,0.0,0.0,0,0,0.0,false
activemq-core/src/main/java/org/apache/activemq/plugin/DiscardingDLQBrokerPlugin.java,71.0,7.0,68.0,13.0,20.0,24.0,0.0,rajdavies@apache.org,0,0.0,0.0,0.0,0.0,0.0,0.0,0.0,0,0,0.0,false
activemq-core/src/main/java/org/apache/activemq/store/amq/AMQMessageStore.java,484.0,36.0,42.0,32.0,178.0,115.0,0.0,rajdavies@apache.org,0,0.0,0.0,0.0,0.0,0.0,0.0,0.0,0,12,0.0,true
activemq-core/src/main/java/org/apache/activemq/store/amq/AMQPersistenceAdapter.java,868.0,54.0,3883.0,94.0,229.0,225.0,8.0,rajdavies@apache.org,1,0.0029585798816568047,1.0,0.0,0.0,0.0,1377.1085714285714,80412.31161391144,1,26,0.7570959051602187,true
activemq-core/src/main/java/org/apache/activemq/store/amq/AMQPersistenceAdapterFactory.java,264.0,8.0,772.0,41.0,38.0,66.0,0.0,rajdavies@apache.org,0,0.0,0.0,0.0,0.0,0.0,0.0,0.0,0,6,0.0,true
activemq-core/src/main/java/org/apache/activemq/store/jdbc/DefaultDatabaseLocker.java,111.0,8.0,14.0,9.0,25.0,24.0,1.0,null,1,0.0029585798816568047,7.0,0.0,0.0,0.0,717.0989010989011,15525.009306397093,1,6,1.8941744746561244,true
activemq-core/src/main/java/org/apache/activemq/store/jdbc/JDBCPersistenceAdapter.java,425.0,29.0,1480.0,57.0,102.0,134.0,1.0,null,1,0.0029585798816568047,1.0,0.0,1.0,0.0,1377.1085714285714,80412.31161391144,1,18,0.7570959051602187,true
activemq-core/src/main/java/org/apache/activemq/store/jdbc/Statements.java,461.0,0.0,3370.0,84.0,45.0,157.0,1.0,null,1,0.0029585798816568047,2.0,0.0,2.0,0.0,717.0989010989011,15525.009306397093,1,8,1.8941744746561244,true
activemq-core/src/main/java/org/apache/activemq/store/jdbc/adapter/DefaultJDBCAdapter.java,652.0,18.0,0.0,34.0,299.0,126.0,1.0,null,1,0.0029585798816568047,1.0,0.0,1.0,0.0,484.4878048780488,4546.734282730877,1,14,2.0193376176101303,true
activemq-core/src/main/java/org/apache/activemq/transaction/Transaction.java,64.0,6.0,49.0,14.0,13.0,29.0,49.0,chirino@apache.org,0,0.0,0.0,0.0,0.0,0.0,0.0,0.0,0,7,0.0,true
activemq-core/src/main/java/org/apache/activemq/transport/discovery/multicast/MulticastDiscoveryAgent.java,416.0,22.0,567.0,38.0,85.0,79.0,3.0,chirino@apache.org,2,0.005917159763313609,10.0,3.0,7.0,0.0,1861.5963763066202,84959.04589664232,2,8,0.5413289743487097,true
activemq-core/src/main/java/org/apache/activemq/transport/discovery/multicast/MulticastDiscoveryAgentFactory.java,18.0,10.0,0.0,1.0,7.0,5.0,0.0,chirino@apache.org,0,0.0,0.0,0.0,0.0,0.0,0.0,0.0,0,2,0.0,true
activemq-core/src/main/java/org/apache/activemq/transport/peer/PeerTransportFactory.java,66.0,17.0,21.0,7.0,24.0,22.0,0.0,chirino@apache.org,0,0.0,0.0,0.0,0.0,0.0,0.0,0.0,0,7,0.0,true
activemq-core/src/main/java/org/apache/activemq/transport/stomp/JmsFrameTranslator.java,131.0,19.0,32.0,9.0,41.0,38.0,1.0,tabish@apache.org,1,0.0029585798816568047,10.0,0.0,10.0,0.0,284.1818181818182,839.2164179372812,1,0,1.6828653809889176,false
activemq-core/src/main/java/org/apache/activemq/transport/stomp/ProtocolConverter.java,446.0,42.0,242.0,28.0,228.0,96.0,3.0,null,1,0.0029585798816568047,2.0,0.0,2.0,0.0,284.1818181818182,839.2164179372812,1,6,1.6828653809889176,true
activemq-core/src/main/java/org/apache/activemq/transport/stomp/Stomp.java,96.0,0.0,1.0,2.0,6.0,5.0,0.0,chirino@apache.org,0,0.0,0.0,0.0,0.0,0.0,0.0,0.0,0,2,0.0,true
activemq-core/src/main/java/org/apache/activemq/transport/stomp/StompSubscription.java,107.0,12.0,10.0,9.0,33.0,23.0,0.0,chirino@apache.org,0,0.0,0.0,0.0,0.0,0.0,0.0,0.0,0,4,0.0,true
activemq-core/src/main/java/org/apache/activemq/transport/stomp/StompTransportFilter.java,62.0,10.0,8.0,8.0,9.0,17.0,1.0,chirino@apache.org,1,0.0029585798816568047,4.0,0.0,4.0,4.0,484.4878048780488,4546.734282730877,1,3,2.0193376176101303,true
activemq-core/src/main/java/org/apache/activemq/transport/tcp/TcpTransport.java,408.0,29.0,944.0,48.0,63.0,103.0,5.0,null,1,0.0029585798816568047,3.0,1.0,1.0,0.0,1377.1085714285714,80412.31161391144,1,18,0.7570959051602187,true
activemq-core/src/main/java/org/apache/activemq/transport/tcp/TcpTransportServer.java,337.0,33.0,739.0,42.0,68.0,90.0,2.0,chirino@apache.org,1,0.0029585798816568047,4.0,2.0,4.0,0.0,1377.1085714285714,80412.31161391144,1,14,0.7570959051602187,true
activemq-core/src/main/java/org/apache/activemq/util/DataByteArrayInputStream.java,242.0,4.0,147.0,26.0,21.0,60.0,97.0,chirino@apache.org,0,0.0,0.0,0.0,0.0,0.0,0.0,0.0,0,7,0.0,false
activemq-core/src/main/java/org/apache/activemq/util/Handler.java,3.0,0.0,0.0,1.0,0.0,1.0,2.0,chirino@apache.org,1,0.0029585798816568047,33.0,0.0,0.0,0.0,717.0989010989011,15525.009306397093,1,0,1.8941744746561244,false
activemq-core/src/main/java/org/apache/activemq/util/IntrospectionSupport.java,244.0,15.0,120.0,16.0,98.0,65.0,51.0,chirino@apache.org,1,0.0029585798816568047,3.0,0.0,3.0,0.0,284.1818181818182,839.2164179372812,1,12,1.6828653809889176,true
activemq-core/src/main/java/org/apache/activemq/util/ServiceListener.java,8.0,1.0,1.0,2.0,0.0,2.0,0.0,rajdavies@apache.org,0,0.0,0.0,0.0,0.0,0.0,0.0,0.0,0,1,0.0,false
activemq-core/src/main/java/org/apache/activemq/util/ServiceSupport.java,79.0,6.0,25.0,10.0,17.0,26.0,0.0,chirino@apache.org,0,0.0,0.0,0.0,0.0,0.0,0.0,0.0,0,7,0.0,false
activemq-core/src/test/java/org/apache/activemq/JMSConsumerTest.java,400.0,17.0,487.0,38.0,260.0,73.0,2.0,chirino@apache.org,2,0.005917159763313609,18.0,5.0,8.0,3.0,2094.2074725274724,95937.32092030853,2,8,0.5615071873865638,true
activemq-core/src/test/java/org/apache/activemq/JMSUsecaseTest.java,73.0,12.0,22.0,8.0,49.0,14.0,0.0,chirino@apache.org,0,0.0,0.0,0.0,0.0,0.0,0.0,0.0,0,5,0.0,true
activemq-core/src/test/java/org/apache/activemq/JmsMultipleBrokersTestSupport.java,318.0,37.0,39.0,27.0,92.0,85.0,6.0,gtully@apache.org,1,0.0029585798816568047,3.0,3.0,3.0,0.0,1377.1085714285714,80412.31161391144,1,4,0.7570959051602187,true
activemq-core/src/test/java/org/apache/activemq/JmsQueueBrowserTest.java,42.0,9.0,0.0,1.0,17.0,3.0,0.0,chirino@apache.org,0,0.0,0.0,0.0,0.0,0.0,0.0,0.0,0,4,0.0,true
activemq-core/src/test/java/org/apache/activemq/advisory/MasterSlaveTempQueueMemoryTest.java,75.0,11.0,1.0,7.0,36.0,18.0,2.0,gtully@apache.org,1,0.0029585798816568047,47.0,0.0,13.0,0.0,1377.1085714285714,80412.31161391144,1,2,0.7570959051602187,true
activemq-core/src/test/java/org/apache/activemq/advisory/TempDestDeleteTest.java,81.0,17.0,33.0,10.0,44.0,22.0,0.0,chirino@apache.org,0,0.0,0.0,0.0,0.0,0.0,0.0,0.0,0,6,0.0,true
activemq-core/src/test/java/org/apache/activemq/advisory/TempDestLoadTest.java,53.0,9.0,0.0,4.0,30.0,11.0,0.0,rajdavies@apache.org,0,0.0,0.0,0.0,0.0,0.0,0.0,0.0,0,2,0.0,true
activemq-core/src/test/java/org/apache/activemq/advisory/TempQueueMemoryTest.java,70.0,11.0,4.0,5.0,31.0,14.0,2.0,gtully@apache.org,1,0.0029585798816568047,36.0,0.0,14.0,0.0,1377.1085714285714,80412.31161391144,1,3,0.7570959051602187,true
activemq-core/src/test/java/org/apache/activemq/broker/BrokerServiceTest.java,52.0,2.0,10.0,5.0,32.0,9.0,0.0,chirino@apache.org,0,0.0,0.0,0.0,0.0,0.0,0.0,0.0,0,3,0.0,true
activemq-core/src/test/java/org/apache/activemq/broker/ft/JDBCQueueMasterSlaveTest.java,49.0,4.0,6.0,5.0,33.0,12.0,0.0,gtully@apache.org,0,0.0,0.0,0.0,0.0,0.0,0.0,0.0,0,1,0.0,false
activemq-core/src/test/java/org/apache/activemq/broker/jmx/MBeanTest.java,363.0,24.0,21.0,18.0,159.0,54.0,0.0,null,0,0.0,0.0,0.0,0.0,0.0,0.0,0.0,0,9,0.0,true
activemq-core/src/test/java/org/apache/activemq/broker/region/QueuePurgeTest.java,55.0,16.0,0.0,6.0,27.0,16.0,3.0,gtully@apache.org,1,0.0029585798816568047,10.0,0.0,10.0,0.0,484.4878048780488,4546.734282730877,1,0,2.0193376176101303,true
activemq-core/src/test/java/org/apache/activemq/broker/virtual/MirroredQueueTest.java,61.0,15.0,9.0,6.0,30.0,17.0,0.0,null,0,0.0,0.0,0.0,0.0,0.0,0.0,0.0,0,3,0.0,true
activemq-core/src/test/java/org/apache/activemq/bugs/AMQ1917Test.java,140.0,19.0,0.0,5.0,40.0,21.0,0.0,tabish@apache.org,0,0.0,0.0,0.0,0.0,0.0,0.0,0.0,0,1,0.0,true
activemq-core/src/test/java/org/apache/activemq/bugs/DataFileNotDeletedTest.java,101.0,16.0,41.0,11.0,49.0,31.0,0.0,tabish@apache.org,0,0.0,0.0,0.0,0.0,0.0,0.0,0.0,0,1,0.0,true
activemq-core/src/test/java/org/apache/activemq/command/ActiveMQStreamMessageTest.java,1041.0,6.0,231.0,22.0,268.0,60.0,2.0,chirino@apache.org,1,0.0029585798816568047,17.0,0.0,17.0,0.0,484.4878048780488,4546.734282730877,1,4,2.0193376176101303,true
activemq-core/src/test/java/org/apache/activemq/command/ActiveMQTextMessageTest.java,116.0,10.0,45.0,10.0,42.0,22.0,5.0,chirino@apache.org,1,0.0029585798816568047,10.0,0.0,10.0,0.0,284.1818181818182,839.2164179372812,1,2,1.6828653809889176,true
activemq-core/src/test/java/org/apache/activemq/command/MessageCompressionTest.java,49.0,10.0,0.0,5.0,24.0,12.0,0.0,tabish@apache.org,0,0.0,0.0,0.0,0.0,0.0,0.0,0.0,0,5,0.0,true
activemq-core/src/test/java/org/apache/activemq/network/DuplexNetworkMBeanTest.java,97.0,12.0,19.0,7.0,34.0,26.0,3.0,gtully@apache.org,1,0.0029585798816568047,26.0,16.0,21.0,0.0,1377.1085714285714,80412.31161391144,1,1,0.7570959051602187,true
activemq-core/src/test/java/org/apache/activemq/network/NetworkLoadTest.java,219.0,31.0,18.0,8.0,92.0,27.0,0.0,chirino@apache.org,0,0.0,0.0,0.0,0.0,0.0,0.0,0.0,0,2,0.0,true
activemq-core/src/test/java/org/apache/activemq/network/SimpleNetworkTest.java,145.0,23.0,65.0,14.0,64.0,35.0,6.0,null,1,0.0029585798816568047,3.0,3.0,3.0,0.0,1377.1085714285714,80412.31161391144,1,6,0.7570959051602187,true
activemq-core/src/test/java/org/apache/activemq/openwire/DataFileGeneratorTestSupport.java,229.0,43.0,399.0,30.0,78.0,79.0,3.0,chirino@apache.org,1,0.0029585798816568047,5.0,0.0,5.0,0.0,284.1818181818182,839.2164179372812,1,8,1.6828653809889176,true
activemq-core/src/test/java/org/apache/activemq/openwire/v1/MessageTestSupport.java,55.0,8.0,0.0,1.0,37.0,3.0,43.0,chirino@apache.org,1,0.0029585798816568047,6.0,0.0,6.0,0.0,284.1818181818182,839.2164179372812,1,7,1.6828653809889176,true
activemq-core/src/test/java/org/apache/activemq/openwire/v2/MessageTestSupport.java,56.0,7.0,0.0,1.0,38.0,3.0,43.0,chirino@apache.org,1,0.0029585798816568047,10.0,0.0,10.0,0.0,284.1818181818182,839.2164179372812,1,3,1.6828653809889176,true
activemq-core/src/test/java/org/apache/activemq/perf/AMQStoreDurableTopicTest.java,19.0,3.0,1.0,2.0,5.0,4.0,25.0,rajdavies@apache.org,1,0.0029585798816568047,6.0,6.0,0.0,0.0,484.4878048780488,4546.734282730877,1,4,2.0193376176101303,true
activemq-core/src/test/java/org/apache/activemq/perf/SimpleDurableTopicTest.java,36.0,7.0,10.0,5.0,8.0,13.0,25.0,rajdavies@apache.org,1,0.0029585798816568047,5.0,5.0,0.0,0.0,484.4878048780488,4546.734282730877,1,4,2.0193376176101303,true
activemq-core/src/test/java/org/apache/activemq/perf/SimpleQueueTest.java,19.0,4.0,3.0,3.0,3.0,8.0,0.0,rajdavies@apache.org,0,0.0,0.0,0.0,0.0,0.0,0.0,0.0,0,1,0.0,true
activemq-core/src/test/java/org/apache/activemq/transport/TopicClusterTest.java,115.0,24.0,29.0,10.0,40.0,31.0,0.0,chirino@apache.org,0,0.0,0.0,0.0,0.0,0.0,0.0,0.0,0,7,0.0,true
activemq-core/src/test/java/org/apache/activemq/transport/discovery/DiscoveryTransportBrokerTest.java,91.0,19.0,45.0,10.0,32.0,25.0,0.0,chirino@apache.org,0,0.0,0.0,0.0,0.0,0.0,0.0,0.0,0,3,0.0,true
activemq-core/src/test/java/org/apache/activemq/transport/discovery/DiscoveryTransportNoBrokerTest.java,15.0,6.0,0.0,1.0,6.0,3.0,2.0,gtully@apache.org,1,0.0029585798816568047,14.0,7.0,14.0,0.0,1377.1085714285714,80412.31161391144,1,1,0.7570959051602187,true
activemq-core/src/test/java/org/apache/activemq/transport/failover/AMQ1925Test.java,260.0,23.0,0.0,12.0,144.0,42.0,14.0,rajdavies@apache.org,2,0.005917159763313609,29.0,14.0,0.0,0.0,1861.5963763066202,84959.04589664232,2,0,0.6950695808252293,true
activemq-core/src/test/java/org/apache/activemq/transport/stomp/StompTest.java,582.0,30.0,0.0,44.0,350.0,106.0,3.0,null,1,0.0029585798816568047,2.0,0.0,2.0,0.0,284.1818181818182,839.2164179372812,1,13,1.6828653809889176,true
activemq-core/src/test/java/org/apache/activemq/transport/tcp/TcpTransportBindTest.java,15.0,3.0,0.0,2.0,2.0,4.0,3.0,tabish@apache.org,1,0.0029585798816568047,33.0,33.0,33.0,0.0,1377.1085714285714,80412.31161391144,1,0,0.7570959051602187,false
activemq-core/src/test/java/org/apache/activemq/usecases/BrokerQueueNetworkWithDisconnectTest.java,97.0,14.0,18.0,8.0,32.0,19.0,6.0,gtully@apache.org,1,0.0029585798816568047,14.0,14.0,14.0,0.0,1377.1085714285714,80412.31161391144,1,0,0.7570959051602187,true
activemq-core/src/test/java/org/apache/activemq/usecases/QueueMemoryFullMultiBrokersTest.java,46.0,15.0,3.0,3.0,33.0,7.0,2.0,tabish@apache.org,1,0.0029585798816568047,75.0,0.0,25.0,25.0,1377.1085714285714,80412.31161391144,1,0,0.7570959051602187,true
activemq-core/src/test/java/org/apache/activemq/usecases/TwoBrokerMulticastQueueTest.java,179.0,17.0,213.0,26.0,68.0,65.0,0.0,chirino@apache.org,0,0.0,0.0,0.0,0.0,0.0,0.0,0.0,0,6,0.0,true
activemq-core/src/test/java/org/apache/activemq/util/DataByteArrayInputStreamTest.java,25.0,1.0,1.0,2.0,10.0,5.0,0.0,chirino@apache.org,0,0.0,0.0,0.0,0.0,0.0,0.0,0.0,0,1,0.0,false
activemq-core/src/test/java/org/apache/activemq/util/MessageIdList.java,189.0,9.0,222.0,25.0,30.0,47.0,1.0,chirino@apache.org,1,0.0029585798816568047,6.0,0.0,6.0,0.0,1377.1085714285714,80412.31161391144,1,4,0.7570959051602187,false
activemq-core/src/test/java/org/apache/activemq/util/SocketProxy.java,204.0,15.0,11.0,10.0,28.0,23.0,6.0,gtully@apache.org,1,0.0029585798816568047,10.0,10.0,10.0,0.0,1377.1085714285714,80412.31161391144,1,0,0.7570959051602187,true
activemq-groups/src/main/java/org/apache/activegroups/DefaultMapChangedListener.java,11.0,0.0,3.0,3.0,0.0,3.0,25.0,rajdavies@apache.org,1,0.0029585798816568047,50.0,50.0,0.0,0.0,484.4878048780488,4546.734282730877,1,0,2.0193376176101303,false
activemq-groups/src/main/java/org/apache/activegroups/Group.java,1523.0,47.0,4909.0,118.0,479.0,294.0,25.0,rajdavies@apache.org,1,0.0029585798816568047,25.0,25.0,0.0,0.0,484.4878048780488,4546.734282730877,1,0,2.0193376176101303,false
activemq-groups/src/main/java/org/apache/activegroups/GroupMessageListener.java,12.0,0.0,0.0,1.0,0.0,1.0,25.0,rajdavies@apache.org,1,0.0029585798816568047,50.0,50.0,0.0,0.0,484.4878048780488,4546.734282730877,1,0,2.0193376176101303,false
activemq-groups/src/main/java/org/apache/activegroups/GroupStateChangedListener.java,28.0,0.0,3.0,3.0,0.0,3.0,25.0,rajdavies@apache.org,1,0.0029585798816568047,50.0,50.0,0.0,0.0,484.4878048780488,4546.734282730877,1,0,2.0193376176101303,false
activemq-groups/src/main/java/org/apache/activegroups/GroupUpdateException.java,12.0,0.0,0.0,1.0,0.0,1.0,25.0,rajdavies@apache.org,1,0.0029585798816568047,50.0,50.0,0.0,0.0,484.4878048780488,4546.734282730877,1,0,2.0193376176101303,false
activemq-groups/src/main/java/org/apache/activegroups/Member.java,118.0,6.0,61.0,18.0,12.0,31.0,25.0,rajdavies@apache.org,1,0.0029585798816568047,50.0,50.0,0.0,0.0,484.4878048780488,4546.734282730877,1,0,2.0193376176101303,false
activemq-groups/src/main/java/org/apache/activegroups/MemberChangedListener.java,15.0,0.0,1.0,2.0,0.0,4.0,25.0,rajdavies@apache.org,1,0.0029585798816568047,50.0,50.0,0.0,0.0,484.4878048780488,4546.734282730877,1,0,2.0193376176101303,false
activemq-groups/src/main/java/org/apache/activegroups/command/AsyncMapRequest.java,34.0,2.0,0.0,3.0,7.0,8.0,25.0,rajdavies@apache.org,1,0.0029585798816568047,50.0,50.0,0.0,0.0,484.4878048780488,4546.734282730877,1,0,2.0193376176101303,false
activemq-groups/src/main/java/org/apache/activegroups/command/ElectionMessage.java,69.0,5.0,0.0,11.0,5.0,26.0,25.0,rajdavies@apache.org,1,0.0029585798816568047,50.0,50.0,0.0,0.0,484.4878048780488,4546.734282730877,1,0,2.0193376176101303,false
activemq-groups/src/main/java/org/apache/activegroups/command/EntryKey.java,156.0,5.0,211.0,26.0,19.0,50.0,25.0,rajdavies@apache.org,1,0.0029585798816568047,50.0,50.0,0.0,0.0,484.4878048780488,4546.734282730877,1,0,2.0193376176101303,false
activemq-groups/src/main/java/org/apache/activegroups/command/EntryMessage.java,162.0,4.0,71.0,23.0,7.0,43.0,25.0,rajdavies@apache.org,1,0.0029585798816568047,50.0,50.0,0.0,0.0,484.4878048780488,4546.734282730877,1,0,2.0193376176101303,false
activemq-groups/src/main/java/org/apache/activegroups/command/EntryValue.java,41.0,0.0,0.0,6.0,2.0,12.0,25.0,rajdavies@apache.org,1,0.0029585798816568047,50.0,50.0,0.0,0.0,484.4878048780488,4546.734282730877,1,0,2.0193376176101303,false
activemq-groups/src/main/java/org/apache/activegroups/command/MapRequest.java,39.0,3.0,0.0,4.0,7.0,10.0,25.0,rajdavies@apache.org,1,0.0029585798816568047,50.0,50.0,0.0,0.0,484.4878048780488,4546.734282730877,1,0,2.0193376176101303,false
activemq-groups/src/main/java/org/apache/activegroups/command/RequestCallback.java,10.0,0.0,0.0,1.0,0.0,1.0,25.0,rajdavies@apache.org,1,0.0029585798816568047,50.0,50.0,0.0,0.0,484.4878048780488,4546.734282730877,1,0,2.0193376176101303,false
activemq-groups/src/test/java/org/apache/activegroups/GroupMemberTest.java,106.0,8.0,26.0,8.0,32.0,26.0,25.0,rajdavies@apache.org,1,0.0029585798816568047,50.0,50.0,0.0,0.0,484.4878048780488,4546.734282730877,1,0,2.0193376176101303,false
activemq-groups/src/test/java/org/apache/activegroups/GroupMessageTest.java,191.0,11.0,89.0,14.0,81.0,44.0,25.0,rajdavies@apache.org,1,0.0029585798816568047,50.0,50.0,0.0,0.0,484.4878048780488,4546.734282730877,1,0,2.0193376176101303,false
activemq-groups/src/test/java/org/apache/activegroups/GroupStateTest.java,478.0,8.0,288.0,33.0,164.0,90.0,25.0,rajdavies@apache.org,1,0.0029585798816568047,50.0,50.0,0.0,0.0,484.4878048780488,4546.734282730877,1,0,2.0193376176101303,false
activemq-pool/src/main/java/org/apache/activemq/pool/AmqJNDIPooledConnectionFactory.java,55.0,7.0,9.0,6.0,18.0,16.0,0.0,rajdavies@apache.org,0,0.0,0.0,0.0,0.0,0.0,0.0,0.0,0,0,0.0,false
activemq-pool/src/main/java/org/apache/activemq/pool/PooledConnectionFactoryBean.java,114.0,8.0,94.0,17.0,8.0,34.0,0.0,gnodet@apache.org,0,0.0,0.0,0.0,0.0,0.0,0.0,0.0,0,0,0.0,false
activemq-tooling/maven-activemq-memtest-plugin/src/main/java/org/apache/activemq/tool/MemoryMonitoringTool.java,81.0,5.0,21.0,10.0,35.0,18.0,0.0,chirino@apache.org,0,0.0,0.0,0.0,0.0,0.0,0.0,0.0,0,2,0.0,false
activemq-tooling/maven-activemq-memtest-plugin/src/main/java/org/apache/activemq/tool/ReportGenerator.java,92.0,8.0,114.0,17.0,27.0,28.0,0.0,chirino@apache.org,0,0.0,0.0,0.0,0.0,0.0,0.0,0.0,0,2,0.0,false
activemq-web-console/src/main/java/org/apache/activemq/web/controller/CopyMessage.java,38.0,9.0,3.0,6.0,7.0,12.0,6.0,davsclaus@apache.org,1,0.0029585798816568047,25.0,0.0,0.0,0.0,284.1818181818182,839.2164179372812,1,0,1.6828653809889176,false
activemq-web-console/src/main/java/org/apache/activemq/web/controller/DeleteMessage.java,29.0,9.0,0.0,4.0,7.0,9.0,6.0,chirino@apache.org,1,0.0029585798816568047,17.0,0.0,0.0,0.0,284.1818181818182,839.2164179372812,1,3,1.6828653809889176,false
activemq-web-console/src/main/java/org/apache/activemq/web/controller/MoveMessage.java,38.0,9.0,3.0,6.0,7.0,12.0,6.0,davsclaus@apache.org,1,0.0029585798816568047,25.0,0.0,0.0,0.0,284.1818181818182,839.2164179372812,1,0,1.6828653809889176,false
activemq-web/src/main/java/org/apache/activemq/web/DestinationFacade.java,86.0,5.0,106.0,17.0,23.0,42.0,1.0,tabish@apache.org,1,0.0029585798816568047,14.0,0.0,0.0,0.0,284.1818181818182,839.2164179372812,1,0,1.6828653809889176,false
activemq-web/src/main/java/org/apache/activemq/web/MessageListenerServlet.java,327.0,23.0,35.0,10.0,92.0,43.0,0.0,null,0,0.0,0.0,0.0,0.0,0.0,0.0,0.0,0,7,0.0,true
activemq-web/src/main/java/org/apache/activemq/web/MessageQuery.java,75.0,9.0,16.0,8.0,22.0,26.0,0.0,null,0,0.0,0.0,0.0,0.0,0.0,0.0,0.0,0,0,0.0,false
activemq-web/src/main/java/org/apache/activemq/web/MessageServlet.java,334.0,29.0,50.0,12.0,94.0,47.0,3.0,null,1,0.0029585798816568047,6.0,0.0,3.0,0.0,284.1818181818182,839.2164179372812,1,3,1.6828653809889176,true
activemq-web/src/main/java/org/apache/activemq/web/MessageServletSupport.java,269.0,17.0,147.0,19.0,71.0,74.0,5.0,null,1,0.0029585798816568047,3.0,0.0,0.0,0.0,284.1818181818182,839.2164179372812,1,8,1.6828653809889176,true
activemq-web/src/main/java/org/apache/activemq/web/SessionFilter.java,13.0,9.0,3.0,3.0,2.0,5.0,0.0,chirino@apache.org,0,0.0,0.0,0.0,0.0,0.0,0.0,0.0,0,2,0.0,false
activemq-web/src/main/java/org/apache/activemq/web/WebClient.java,252.0,37.0,317.0,31.0,89.0,87.0,5.0,null,1,0.0029585798816568047,3.0,0.0,0.0,0.0,284.1818181818182,839.2164179372812,1,5,1.6828653809889176,true
