name,LOC,CBO,LCOM,NOM,RFC,WMC,ACS,Ownership,numOfChanges,numberOfFIChanges,ENH,NF,BugFixing,REF,structuralWorkloadSum,semanticWorkloadSum,numberOfDeveloper,pastFaults,MAF,isBuggy
activemq-camel/src/main/java/org/apache/activemq/camel/CamelMessageProducer.java,68.0,12.0,0.0,6.0,9.0,20.0,1.0,null,1,0.005747126436781609,20.0,0.0,0.0,0.0,937.2394366197183,10534.40271168232,1,1,1.0116009116784799,false
activemq-camel/src/main/java/org/apache/activemq/camel/component/CamelEndpointLoader.java,126.0,20.0,69.0,18.0,43.0,41.0,0.0,null,0,0.0,0.0,0.0,0.0,0.0,0.0,0.0,0,1,0.0,true
activemq-camel/src/main/java/org/apache/activemq/camel/component/JournalComponent.java,11.0,5.0,0.0,1.0,1.0,3.0,0.0,null,0,0.0,0.0,0.0,0.0,0.0,0.0,0.0,0,1,0.0,true
activemq-camel/src/main/java/org/apache/activemq/camel/component/JournalEndpoint.java,166.0,21.0,114.0,20.0,49.0,47.0,1.0,dejanb@apache.org,1,0.005747126436781609,25.0,0.0,12.0,0.0,937.2394366197183,10534.40271168232,1,1,1.0116009116784799,false
activemq-camel/src/main/java/org/apache/activemq/camel/converter/ActiveMQMessageConverter.java,54.0,12.0,19.0,7.0,11.0,18.0,4.0,gnodet@apache.org,1,0.005747126436781609,33.0,0.0,33.0,0.0,937.2394366197183,10534.40271168232,1,0,1.0116009116784799,true
activemq-camel/src/test/java/org/apache/activemq/camel/CamelEmbeddedBrokerTestSupport.java,84.0,10.0,36.0,12.0,16.0,36.0,0.0,gnodet@apache.org,0,0.0,0.0,0.0,0.0,0.0,0.0,0.0,0,1,0.0,false
activemq-camel/src/test/java/org/apache/activemq/camel/CamelJmsTest.java,45.0,17.0,4.0,4.0,28.0,8.0,0.0,null,0,0.0,0.0,0.0,0.0,0.0,0.0,0.0,0,1,0.0,false
activemq-camel/src/test/java/org/apache/activemq/camel/component/ActiveMQConfigureTest.java,38.0,11.0,10.0,5.0,30.0,10.0,0.0,null,0,0.0,0.0,0.0,0.0,0.0,0.0,0.0,0,1,0.0,false
activemq-camel/src/test/java/org/apache/activemq/camel/component/ActiveMQJmsHeaderRouteTest.java,50.0,16.0,0.0,5.0,38.0,12.0,4.0,null,1,0.005747126436781609,12.0,0.0,12.0,0.0,937.2394366197183,10534.40271168232,1,0,1.0116009116784799,true
activemq-camel/src/test/java/org/apache/activemq/camel/component/ActiveMQReplyToHeaderUsingConverterTest.java,61.0,16.0,6.0,4.0,24.0,11.0,4.0,dejanb@apache.org,1,0.005747126436781609,20.0,0.0,20.0,0.0,937.2394366197183,10534.40271168232,1,0,1.0116009116784799,true
activemq-camel/src/test/java/org/apache/activemq/camel/component/BrowseQueuesInUFace.java,28.0,10.0,1.0,2.0,5.0,5.0,3.0,gnodet@apache.org,1,0.005747126436781609,33.0,0.0,0.0,33.0,656.88,10608.197344621854,1,1,0.6751286750572671,false
activemq-camel/src/test/java/org/apache/activemq/camel/component/InvokeRequestReplyUsingJmsReplyToHeaderTest.java,75.0,22.0,2.0,5.0,36.0,12.0,4.0,dejanb@apache.org,1,0.005747126436781609,17.0,0.0,17.0,0.0,937.2394366197183,10534.40271168232,1,0,1.0116009116784799,true
activemq-core/src/main/java/org/apache/activemq/ActiveMQConnection.java,1502.0,81.0,13175.0,170.0,381.0,486.0,6.0,null,2,0.011494252873563218,2.0,0.0,1.0,0.0,1594.1194366197183,21142.600056304174,2,48,0.15077191896952524,true
activemq-core/src/main/java/org/apache/activemq/ActiveMQConnectionFactory.java,645.0,30.0,3841.0,91.0,129.0,196.0,0.0,null,0,0.0,0.0,0.0,0.0,0.0,0.0,0.0,0,21,0.0,true
activemq-core/src/main/java/org/apache/activemq/ActiveMQMessageAudit.java,190.0,8.0,56.0,16.0,34.0,39.0,9.0,chirino@apache.org,1,0.005747126436781609,8.0,0.0,8.0,0.0,656.88,10608.197344621854,1,6,0.6751286750572671,true
activemq-core/src/main/java/org/apache/activemq/ActiveMQMessageConsumer.java,902.0,39.0,818.0,61.0,310.0,205.0,7.0,null,2,0.011494252873563218,5.0,0.0,2.0,0.0,1594.1194366197183,21142.600056304174,2,40,0.17299401122092783,true
activemq-core/src/main/java/org/apache/activemq/ActiveMQSession.java,1210.0,25.0,4197.0,106.0,346.0,373.0,6.0,null,2,0.011494252873563218,3.0,0.0,2.0,0.0,1594.1194366197183,21142.600056304174,2,33,0.15077191896952524,true
activemq-core/src/main/java/org/apache/activemq/ConnectionAudit.java,80.0,4.0,8.0,9.0,10.0,18.0,0.0,rajdavies@apache.org,0,0.0,0.0,0.0,0.0,0.0,0.0,0.0,0,3,0.0,true
activemq-core/src/main/java/org/apache/activemq/TransactionContext.java,465.0,22.0,125.0,31.0,123.0,119.0,17.0,null,1,0.005747126436781609,5.0,0.0,3.0,0.0,656.88,10608.197344621854,1,10,0.6751286750572671,true
activemq-core/src/main/java/org/apache/activemq/advisory/AdvisoryBroker.java,354.0,31.0,295.0,30.0,186.0,85.0,0.0,rajdavies@apache.org,0,0.0,0.0,0.0,0.0,0.0,0.0,0.0,0,19,0.0,true
activemq-core/src/main/java/org/apache/activemq/broker/BrokerService.java,1643.0,72.0,18324.0,196.0,426.0,507.0,3.0,null,2,0.011494252873563218,1.0,0.0,1.0,0.0,1594.1194366197183,21142.600056304174,2,64,0.15077191896952524,true
activemq-core/src/main/java/org/apache/activemq/broker/TransportConnection.java,1096.0,75.0,3249.0,94.0,424.0,289.0,0.0,null,0,0.0,0.0,0.0,0.0,0.0,0.0,0.0,0,45,0.0,true
activemq-core/src/main/java/org/apache/activemq/broker/TransportConnector.java,297.0,22.0,755.0,43.0,92.0,94.0,4.0,chirino@apache.org,2,0.011494252873563218,3.0,0.0,3.0,0.0,1594.1194366197183,21142.600056304174,2,16,0.15021761280792822,true
activemq-core/src/main/java/org/apache/activemq/broker/ft/MasterBroker.java,293.0,33.0,360.0,28.0,70.0,69.0,0.0,null,0,0.0,0.0,0.0,0.0,0.0,0.0,0.0,0,11,0.0,true
activemq-core/src/main/java/org/apache/activemq/broker/jmx/ManagedRegionBroker.java,412.0,53.0,483.0,38.0,152.0,110.0,21.0,null,1,0.005747126436781609,1.0,0.0,0.0,0.0,656.88,10608.197344621854,1,24,0.6751286750572671,true
activemq-core/src/main/java/org/apache/activemq/broker/jmx/ManagementContext.java,349.0,19.0,392.0,33.0,67.0,89.0,7.0,null,1,0.005747126436781609,2.0,0.0,2.0,0.0,937.2394366197183,10534.40271168232,1,8,1.0116009116784799,true
activemq-core/src/main/java/org/apache/activemq/broker/region/AbstractRegion.java,342.0,29.0,128.0,29.0,135.0,92.0,7.0,null,1,0.005747126436781609,1.0,1.0,0.0,0.0,656.88,10608.197344621854,1,32,0.6751286750572671,true
activemq-core/src/main/java/org/apache/activemq/broker/region/AbstractTempRegion.java,102.0,12.0,14.0,8.0,22.0,23.0,2.0,rajdavies@apache.org,1,0.005747126436781609,11.0,0.0,0.0,0.0,937.2394366197183,10534.40271168232,1,2,1.0116009116784799,false
activemq-core/src/main/java/org/apache/activemq/broker/region/BaseDestination.java,367.0,17.0,1273.0,54.0,51.0,96.0,12.0,rajdavies@apache.org,2,0.011494252873563218,3.0,0.0,2.0,2.0,1594.1194366197183,21142.600056304174,2,17,0.15021761280792822,true
activemq-core/src/main/java/org/apache/activemq/broker/region/Destination.java,101.0,17.0,946.0,44.0,0.0,59.0,0.0,null,0,0.0,0.0,0.0,0.0,0.0,0.0,0.0,0,17,0.0,true
activemq-core/src/main/java/org/apache/activemq/broker/region/DestinationFilter.java,167.0,15.0,0.0,50.0,53.0,82.0,0.0,rajdavies@apache.org,0,0.0,0.0,0.0,0.0,0.0,0.0,0.0,0,15,0.0,true
activemq-core/src/main/java/org/apache/activemq/broker/region/DurableTopicSubscription.java,213.0,21.0,87.0,19.0,74.0,55.0,13.0,rajdavies@apache.org,1,0.005747126436781609,1.0,0.0,1.0,0.0,656.88,10608.197344621854,1,18,0.6751286750572671,true
activemq-core/src/main/java/org/apache/activemq/broker/region/PrefetchSubscription.java,563.0,28.0,496.0,40.0,167.0,124.0,11.0,null,1,0.005747126436781609,2.0,0.0,1.0,0.0,656.88,10608.197344621854,1,57,0.6751286750572671,true
activemq-core/src/main/java/org/apache/activemq/broker/region/Queue.java,1252.0,57.0,3336.0,89.0,456.0,292.0,12.0,null,1,0.005747126436781609,1.0,0.0,0.0,0.0,656.88,10608.197344621854,1,78,0.6751286750572671,true
activemq-core/src/main/java/org/apache/activemq/broker/region/QueueDispatchSelector.java,72.0,11.0,3.0,6.0,17.0,16.0,0.0,chirino@apache.org,0,0.0,0.0,0.0,0.0,0.0,0.0,0.0,0,2,0.0,true
activemq-core/src/main/java/org/apache/activemq/broker/region/QueueRegion.java,32.0,9.0,10.0,5.0,10.0,15.0,0.0,rajdavies@apache.org,0,0.0,0.0,0.0,0.0,0.0,0.0,0.0,0,9,0.0,true
activemq-core/src/main/java/org/apache/activemq/broker/region/RegionBroker.java,558.0,46.0,1917.0,70.0,156.0,179.0,7.0,null,1,0.005747126436781609,1.0,0.0,1.0,0.0,937.2394366197183,10534.40271168232,1,38,1.0116009116784799,true
activemq-core/src/main/java/org/apache/activemq/broker/region/TempQueue.java,32.0,7.0,1.0,3.0,13.0,8.0,0.0,rajdavies@apache.org,0,0.0,0.0,0.0,0.0,0.0,0.0,0.0,0,2,0.0,true
activemq-core/src/main/java/org/apache/activemq/broker/region/TempQueueRegion.java,36.0,10.0,13.0,6.0,6.0,17.0,0.0,rajdavies@apache.org,0,0.0,0.0,0.0,0.0,0.0,0.0,0.0,0,12,0.0,true
activemq-core/src/main/java/org/apache/activemq/broker/region/Topic.java,444.0,40.0,543.0,39.0,182.0,121.0,21.0,rajdavies@apache.org,1,0.005747126436781609,1.0,0.0,0.0,0.0,656.88,10608.197344621854,1,41,0.6751286750572671,true
activemq-core/src/main/java/org/apache/activemq/broker/region/TopicRegion.java,226.0,24.0,61.0,14.0,93.0,47.0,0.0,null,0,0.0,0.0,0.0,0.0,0.0,0.0,0.0,0,21,0.0,true
activemq-core/src/main/java/org/apache/activemq/broker/region/cursors/AbstractPendingMessageCursor.java,215.0,10.0,963.0,47.0,15.0,88.0,15.0,rajdavies@apache.org,1,0.005747126436781609,5.0,0.0,3.0,0.0,656.88,10608.197344621854,1,14,0.6751286750572671,true
activemq-core/src/main/java/org/apache/activemq/broker/region/cursors/AbstractStoreCursor.java,204.0,10.0,147.0,26.0,73.0,69.0,15.0,gtully@apache.org,1,0.005747126436781609,4.0,0.0,2.0,0.0,656.88,10608.197344621854,1,8,0.6751286750572671,true
activemq-core/src/main/java/org/apache/activemq/broker/region/cursors/QueueStorePrefetch.java,49.0,7.0,0.0,7.0,10.0,18.0,9.0,rajdavies@apache.org,1,0.005747126436781609,4.0,0.0,4.0,0.0,656.88,10608.197344621854,1,11,0.6751286750572671,true
activemq-core/src/main/java/org/apache/activemq/broker/region/cursors/StoreDurableSubscriberCursor.java,240.0,16.0,5.0,27.0,58.0,78.0,21.0,rajdavies@apache.org,1,0.005747126436781609,2.0,0.0,0.0,0.0,656.88,10608.197344621854,1,15,0.6751286750572671,true
activemq-core/src/main/java/org/apache/activemq/broker/region/policy/PolicyEntry.java,424.0,14.0,2224.0,69.0,83.0,115.0,0.0,rajdavies@apache.org,0,0.0,0.0,0.0,0.0,0.0,0.0,0.0,0,21,0.0,true
activemq-core/src/main/java/org/apache/activemq/broker/util/LoggingBrokerPlugin.java,442.0,29.0,0.0,58.0,201.0,163.0,2.0,gtully@apache.org,1,0.005747126436781609,10.0,0.0,0.0,0.0,656.88,10608.197344621854,1,2,0.6751286750572671,true
activemq-core/src/main/java/org/apache/activemq/broker/util/TimeStampingBrokerPlugin.java,47.0,5.0,0.0,3.0,6.0,8.0,5.0,chirino@apache.org,1,0.005747126436781609,12.0,6.0,12.0,0.0,937.2394366197183,10534.40271168232,1,4,1.0116009116784799,true
activemq-core/src/main/java/org/apache/activemq/broker/util/TraceBrokerPathPlugin.java,31.0,6.0,1.0,3.0,6.0,7.0,9.0,tabish@apache.org,1,0.005747126436781609,17.0,17.0,17.0,0.0,937.2394366197183,10534.40271168232,1,0,1.0116009116784799,true
activemq-core/src/main/java/org/apache/activemq/command/ActiveMQObjectMessage.java,123.0,17.0,15.0,10.0,23.0,28.0,0.0,chirino@apache.org,0,0.0,0.0,0.0,0.0,0.0,0.0,0.0,0,8,0.0,true
activemq-core/src/main/java/org/apache/activemq/command/ActiveMQTextMessage.java,109.0,18.0,3.0,10.0,23.0,32.0,0.0,chirino@apache.org,0,0.0,0.0,0.0,0.0,0.0,0.0,0.0,0,11,0.0,true
activemq-core/src/main/java/org/apache/activemq/command/NetworkBridgeFilter.java,88.0,8.0,44.0,12.0,13.0,29.0,7.0,chirino@apache.org,1,0.005747126436781609,7.0,7.0,0.0,0.0,656.88,10608.197344621854,1,4,0.6751286750572671,false
activemq-core/src/main/java/org/apache/activemq/filter/XalanXPathEvaluator.java,57.0,14.0,0.0,4.0,20.0,16.0,2.0,chirino@apache.org,1,0.005747126436781609,9.0,0.0,9.0,0.0,937.2394366197183,10534.40271168232,1,5,1.0116009116784799,true
activemq-core/src/main/java/org/apache/activemq/kaha/impl/async/AsyncDataManager.java,610.0,26.0,1100.0,57.0,199.0,167.0,7.0,rajdavies@apache.org,1,0.005747126436781609,2.0,0.0,2.0,0.0,937.2394366197183,10534.40271168232,1,24,1.0116009116784799,true
activemq-core/src/main/java/org/apache/activemq/kaha/impl/async/ControlFile.java,132.0,7.0,0.0,7.0,20.0,25.0,7.0,chirino@apache.org,1,0.005747126436781609,9.0,0.0,9.0,0.0,937.2394366197183,10534.40271168232,1,5,1.0116009116784799,true
activemq-core/src/main/java/org/apache/activemq/network/ConduitBridge.java,59.0,10.0,4.0,4.0,31.0,13.0,4.0,null,1,0.005747126436781609,11.0,7.0,4.0,0.0,656.88,10608.197344621854,1,11,0.6751286750572671,true
activemq-core/src/main/java/org/apache/activemq/network/DemandForwardingBridge.java,59.0,10.0,13.0,6.0,20.0,13.0,2.0,chirino@apache.org,1,0.005747126436781609,8.0,3.0,3.0,0.0,656.88,10608.197344621854,1,19,0.6751286750572671,true
activemq-core/src/main/java/org/apache/activemq/network/DemandForwardingBridgeSupport.java,956.0,62.0,1863.0,74.0,364.0,195.0,3.0,null,3,0.017241379310344827,7.0,2.0,2.0,1.0,1703.3194366197183,21353.19805856405,3,29,0.24498781206146103,true
activemq-core/src/main/java/org/apache/activemq/network/DemandSubscription.java,68.0,5.0,14.0,9.0,10.0,19.0,0.0,chirino@apache.org,0,0.0,0.0,0.0,0.0,0.0,0.0,0.0,0,10,0.0,true
activemq-core/src/main/java/org/apache/activemq/network/DurableConduitBridge.java,69.0,9.0,10.0,5.0,33.0,16.0,0.0,chirino@apache.org,0,0.0,0.0,0.0,0.0,0.0,0.0,0.0,0,13,0.0,true
activemq-core/src/main/java/org/apache/activemq/network/NetworkBridgeConfiguration.java,209.0,2.0,527.0,34.0,0.0,53.0,5.0,null,2,0.011494252873563218,10.0,5.0,5.0,0.0,1594.1194366197183,21142.600056304174,2,3,0.15021761280792822,true
activemq-core/src/main/java/org/apache/activemq/openwire/OpenWireFormat.java,460.0,15.0,500.0,40.0,101.0,115.0,0.0,chirino@apache.org,0,0.0,0.0,0.0,0.0,0.0,0.0,0.0,0,11,0.0,true
activemq-core/src/main/java/org/apache/activemq/state/ConnectionState.java,82.0,14.0,49.0,18.0,32.0,34.0,2.0,chirino@apache.org,1,0.005747126436781609,6.0,6.0,0.0,0.0,656.88,10608.197344621854,1,6,0.6751286750572671,true
activemq-core/src/main/java/org/apache/activemq/state/ConnectionStateTracker.java,426.0,24.0,382.0,40.0,128.0,122.0,7.0,null,1,0.005747126436781609,5.0,0.0,2.0,0.0,656.88,10608.197344621854,1,9,0.6751286750572671,true
activemq-core/src/main/java/org/apache/activemq/store/AbstractMessageStore.java,19.0,5.0,19.0,7.0,0.0,11.0,0.0,rajdavies@apache.org,0,0.0,0.0,0.0,0.0,0.0,0.0,0.0,0,2,0.0,false
activemq-core/src/main/java/org/apache/activemq/store/MessageRecoveryListener.java,14.0,2.0,6.0,4.0,0.0,8.0,15.0,chirino@apache.org,1,0.005747126436781609,15.0,0.0,8.0,0.0,656.88,10608.197344621854,1,5,0.6751286750572671,true
activemq-core/src/main/java/org/apache/activemq/store/MessageStore.java,64.0,9.0,66.0,12.0,0.0,26.0,0.0,chirino@apache.org,0,0.0,0.0,0.0,0.0,0.0,0.0,0.0,0,9,0.0,true
activemq-core/src/main/java/org/apache/activemq/store/ProxyMessageStore.java,54.0,7.0,0.0,16.0,14.0,30.0,0.0,chirino@apache.org,0,0.0,0.0,0.0,0.0,0.0,0.0,0.0,0,8,0.0,true
activemq-core/src/main/java/org/apache/activemq/store/ProxyTopicMessageStore.java,81.0,9.0,0.0,25.0,23.0,50.0,0.0,chirino@apache.org,0,0.0,0.0,0.0,0.0,0.0,0.0,0.0,0,9,0.0,true
activemq-core/src/main/java/org/apache/activemq/store/ReferenceStore.java,47.0,4.0,10.0,5.0,0.0,12.0,21.0,chirino@apache.org,1,0.005747126436781609,9.0,0.0,0.0,0.0,656.88,10608.197344621854,1,5,0.6751286750572671,false
activemq-core/src/main/java/org/apache/activemq/store/amq/AMQMessageStore.java,508.0,36.0,24.0,33.0,188.0,118.0,15.0,rajdavies@apache.org,1,0.005747126436781609,6.0,0.0,3.0,0.0,656.88,10608.197344621854,1,13,0.6751286750572671,true
activemq-core/src/main/java/org/apache/activemq/store/amq/AMQPersistenceAdapter.java,884.0,54.0,4056.0,96.0,231.0,227.0,7.0,rajdavies@apache.org,1,0.005747126436781609,1.0,0.0,1.0,0.0,937.2394366197183,10534.40271168232,1,26,1.0116009116784799,true
activemq-core/src/main/java/org/apache/activemq/store/amq/RecoveryListenerAdapter.java,44.0,6.0,6.0,8.0,9.0,20.0,21.0,rajdavies@apache.org,1,0.005747126436781609,7.0,0.0,0.0,0.0,656.88,10608.197344621854,1,8,0.6751286750572671,true
activemq-core/src/main/java/org/apache/activemq/store/jdbc/DefaultDatabaseLocker.java,121.0,8.0,14.0,9.0,27.0,27.0,2.0,null,1,0.005747126436781609,3.0,0.0,0.0,0.0,656.88,10608.197344621854,1,7,0.6751286750572671,true
activemq-core/src/main/java/org/apache/activemq/store/journal/JournalMessageStore.java,312.0,28.0,0.0,27.0,110.0,83.0,0.0,chirino@apache.org,0,0.0,0.0,0.0,0.0,0.0,0.0,0.0,0,9,0.0,true
activemq-core/src/main/java/org/apache/activemq/store/kahadaptor/KahaReferenceStore.java,238.0,18.0,77.0,23.0,81.0,60.0,11.0,rajdavies@apache.org,1,0.005747126436781609,9.0,0.0,6.0,0.0,656.88,10608.197344621854,1,15,0.6751286750572671,true
activemq-core/src/main/java/org/apache/activemq/store/kahadaptor/KahaTopicReferenceStore.java,321.0,22.0,148.0,24.0,145.0,81.0,12.0,rajdavies@apache.org,1,0.005747126436781609,7.0,0.0,4.0,0.0,656.88,10608.197344621854,1,23,0.6751286750572671,true
activemq-core/src/main/java/org/apache/activemq/store/kahadb/KahaDBStore.java,480.0,48.0,372.0,28.0,87.0,79.0,6.0,gtully@apache.org,1,0.005747126436781609,1.0,1.0,0.0,0.0,109.2,210.59800225987345,1,3,2.6210388241125804,true
activemq-core/src/main/java/org/apache/activemq/store/kahadb/MessageDatabase.java,1005.0,53.0,2793.0,82.0,265.0,226.0,4.0,gtully@apache.org,2,0.011494252873563218,3.0,0.0,2.0,0.0,754.5942857142857,10923.848812781438,2,2,0.7725578628422736,true
activemq-core/src/main/java/org/apache/activemq/store/kahadb/TempKahaDBStore.java,439.0,42.0,323.0,26.0,60.0,72.0,0.0,gtully@apache.org,0,0.0,0.0,0.0,0.0,0.0,0.0,0.0,0,0,0.0,true
activemq-core/src/main/java/org/apache/activemq/store/kahadb/TempMessageDatabase.java,511.0,30.0,580.0,40.0,132.0,107.0,13.0,chirino@apache.org,1,0.005747126436781609,20.0,0.0,20.0,0.0,97.71428571428571,315.65146815958417,1,0,3.3141860046725258,false
activemq-core/src/main/java/org/apache/activemq/transaction/LocalTransaction.java,72.0,8.0,0.0,5.0,24.0,13.0,13.0,chirino@apache.org,1,0.005747126436781609,7.0,0.0,7.0,0.0,656.88,10608.197344621854,1,3,0.6751286750572671,true
activemq-core/src/main/java/org/apache/activemq/transport/InactivityMonitor.java,249.0,13.0,67.0,15.0,63.0,45.0,0.0,chirino@apache.org,0,0.0,0.0,0.0,0.0,0.0,0.0,0.0,0,20,0.0,true
activemq-core/src/main/java/org/apache/activemq/transport/ResponseCorrelator.java,106.0,11.0,44.0,12.0,31.0,30.0,1.0,chirino@apache.org,1,0.005747126436781609,4.0,0.0,4.0,0.0,656.88,10608.197344621854,1,10,0.6751286750572671,true
activemq-core/src/main/java/org/apache/activemq/transport/TransportFactory.java,217.0,18.0,208.0,21.0,50.0,73.0,0.0,chirino@apache.org,0,0.0,0.0,0.0,0.0,0.0,0.0,0.0,0,12,0.0,true
activemq-core/src/main/java/org/apache/activemq/transport/WireFormatNegotiator.java,127.0,12.0,54.0,13.0,35.0,32.0,0.0,chirino@apache.org,0,0.0,0.0,0.0,0.0,0.0,0.0,0.0,0,13,0.0,true
activemq-core/src/main/java/org/apache/activemq/transport/failover/FailoverTransport.java,695.0,32.0,1295.0,58.0,181.0,158.0,6.0,null,1,0.005747126436781609,3.0,0.0,1.0,1.0,656.88,10608.197344621854,1,32,0.6751286750572671,true
activemq-core/src/main/java/org/apache/activemq/transport/stomp/StompFrame.java,120.0,9.0,427.0,31.0,11.0,57.0,0.0,chirino@apache.org,0,0.0,0.0,0.0,0.0,0.0,0.0,0.0,0,5,0.0,true
activemq-core/src/main/java/org/apache/activemq/transport/stomp/StompWireFormat.java,141.0,12.0,26.0,8.0,39.0,28.0,0.0,chirino@apache.org,0,0.0,0.0,0.0,0.0,0.0,0.0,0.0,0,8,0.0,true
activemq-core/src/main/java/org/apache/activemq/transport/tcp/SslTransportFactory.java,120.0,33.0,13.0,6.0,41.0,30.0,1.0,chirino@apache.org,1,0.005747126436781609,4.0,4.0,0.0,0.0,656.88,10608.197344621854,1,9,0.6751286750572671,true
activemq-core/src/main/java/org/apache/activemq/transport/tcp/TcpTransportFactory.java,105.0,21.0,34.0,9.0,38.0,35.0,0.0,chirino@apache.org,0,0.0,0.0,0.0,0.0,0.0,0.0,0.0,0,13,0.0,true
activemq-core/src/main/java/org/apache/activemq/transport/tcp/TcpTransportServer.java,341.0,33.0,739.0,42.0,67.0,88.0,2.0,chirino@apache.org,1,0.005747126436781609,2.0,0.0,0.0,0.0,656.88,10608.197344621854,1,17,0.6751286750572671,true
activemq-core/src/main/java/org/apache/activemq/transport/udp/UdpTransportFactory.java,96.0,25.0,36.0,9.0,27.0,34.0,1.0,chirino@apache.org,1,0.005747126436781609,3.0,0.0,3.0,0.0,109.2,210.59800225987345,1,11,2.6210388241125804,true
activemq-core/src/main/java/org/apache/activemq/transport/udp/UdpTransportServer.java,107.0,21.0,78.0,16.0,31.0,31.0,0.0,chirino@apache.org,0,0.0,0.0,0.0,0.0,0.0,0.0,0.0,0,8,0.0,true
activemq-core/src/main/java/org/apache/activemq/usage/Usage.java,334.0,14.0,228.0,37.0,70.0,87.0,11.0,gtully@apache.org,1,0.005747126436781609,12.0,0.0,8.0,0.0,656.88,10608.197344621854,1,4,0.6751286750572671,true
activemq-core/src/main/java/org/apache/activemq/util/IntrospectionSupport.java,239.0,14.0,120.0,16.0,97.0,63.0,3.0,chirino@apache.org,1,0.005747126436781609,9.0,3.0,6.0,3.0,937.2394366197183,10534.40271168232,1,13,1.0116009116784799,true
activemq-core/src/main/java/org/apache/activemq/util/ListEditor.java,19.0,4.0,1.0,2.0,9.0,5.0,7.0,davsclaus@apache.org,1,0.005747126436781609,33.0,0.0,33.0,0.0,937.2394366197183,10534.40271168232,1,0,1.0116009116784799,false
activemq-core/src/main/java/org/apache/activemq/wireformat/ObjectStreamWireFormat.java,42.0,12.0,21.0,7.0,10.0,17.0,0.0,chirino@apache.org,0,0.0,0.0,0.0,0.0,0.0,0.0,0.0,0,3,0.0,true
activemq-core/src/main/java/org/apache/activemq/wireformat/WireFormat.java,34.0,4.0,21.0,7.0,0.0,16.0,0.0,chirino@apache.org,0,0.0,0.0,0.0,0.0,0.0,0.0,0.0,0,3,0.0,true
activemq-core/src/test/java/org/apache/activemq/ActiveMQConnectionFactoryTest.java,126.0,15.0,36.0,13.0,68.0,27.0,0.0,chirino@apache.org,0,0.0,0.0,0.0,0.0,0.0,0.0,0.0,0,5,0.0,true
activemq-core/src/test/java/org/apache/activemq/CombinationTestSupport.java,161.0,16.0,31.0,10.0,63.0,40.0,3.0,chirino@apache.org,1,0.005747126436781609,6.0,0.0,6.0,6.0,937.2394366197183,10534.40271168232,1,5,1.0116009116784799,true
activemq-core/src/test/java/org/apache/activemq/EmbeddedBrokerTestSupport.java,92.0,8.0,39.0,11.0,18.0,30.0,0.0,chirino@apache.org,0,0.0,0.0,0.0,0.0,0.0,0.0,0.0,0,4,0.0,true
activemq-core/src/test/java/org/apache/activemq/JMSConsumerTest.java,560.0,24.0,689.0,47.0,348.0,94.0,4.0,chirino@apache.org,1,0.005747126436781609,5.0,0.0,0.0,0.0,656.88,10608.197344621854,1,11,0.6751286750572671,true
activemq-core/src/test/java/org/apache/activemq/JmsMultipleBrokersTestSupport.java,342.0,37.0,153.0,31.0,102.0,96.0,5.0,gtully@apache.org,1,0.005747126436781609,6.0,6.0,0.0,0.0,656.88,10608.197344621854,1,7,0.6751286750572671,true
activemq-core/src/test/java/org/apache/activemq/JmsQueueBrowserTest.java,59.0,9.0,1.0,2.0,31.0,5.0,0.0,chirino@apache.org,0,0.0,0.0,0.0,0.0,0.0,0.0,0.0,0,6,0.0,true
activemq-core/src/test/java/org/apache/activemq/ProducerFlowControlTest.java,197.0,19.0,13.0,15.0,125.0,45.0,0.0,gtully@apache.org,0,0.0,0.0,0.0,0.0,0.0,0.0,0.0,0,4,0.0,true
activemq-core/src/test/java/org/apache/activemq/QueueConsumerPriorityTest.java,47.0,10.0,10.0,5.0,14.0,12.0,2.0,gtully@apache.org,2,0.011494252873563218,40.0,0.0,20.0,0.0,1594.1194366197183,21142.600056304174,2,1,0.15021761280792822,true
activemq-core/src/test/java/org/apache/activemq/ZeroPrefetchConsumerTest.java,114.0,13.0,24.0,12.0,53.0,27.0,0.0,chirino@apache.org,0,0.0,0.0,0.0,0.0,0.0,0.0,0.0,0,6,0.0,true
activemq-core/src/test/java/org/apache/activemq/advisory/AdvisoryTests.java,156.0,20.0,10.0,12.0,99.0,31.0,0.0,gtully@apache.org,0,0.0,0.0,0.0,0.0,0.0,0.0,0.0,0,1,0.0,false
activemq-core/src/test/java/org/apache/activemq/advisory/MasterSlaveTempQueueMemoryTest.java,111.0,11.0,35.0,11.0,55.0,26.0,13.0,gtully@apache.org,1,0.005747126436781609,7.0,0.0,7.0,0.0,656.88,10608.197344621854,1,5,0.6751286750572671,true
activemq-core/src/test/java/org/apache/activemq/broker/BrokerTest.java,1059.0,17.0,906.0,61.0,536.0,118.0,0.0,chirino@apache.org,0,0.0,0.0,0.0,0.0,0.0,0.0,0.0,0,12,0.0,true
activemq-core/src/test/java/org/apache/activemq/broker/ConcurrentConnectSimulationTest.java,19.0,6.0,3.0,3.0,8.0,5.0,2.0,tabish@apache.org,1,0.005747126436781609,50.0,50.0,0.0,0.0,656.88,10608.197344621854,1,0,0.6751286750572671,false
activemq-core/src/test/java/org/apache/activemq/broker/jmx/PurgeTest.java,132.0,18.0,46.0,12.0,47.0,30.0,3.0,null,1,0.005747126436781609,7.0,0.0,7.0,7.0,937.2394366197183,10534.40271168232,1,4,1.0116009116784799,true
activemq-core/src/test/java/org/apache/activemq/broker/policy/NoConsumerDeadLetterTest.java,34.0,7.0,10.0,5.0,10.0,14.0,0.0,chirino@apache.org,0,0.0,0.0,0.0,0.0,0.0,0.0,0.0,0,3,0.0,false
activemq-core/src/test/java/org/apache/activemq/broker/region/cursors/StoreQueueCursorKahaDBNoDuplicateTest.java,13.0,4.0,0.0,1.0,2.0,3.0,0.0,tabish@apache.org,0,0.0,0.0,0.0,0.0,0.0,0.0,0.0,0,1,0.0,false
activemq-core/src/test/java/org/apache/activemq/broker/util/PluginBrokerTest.java,49.0,9.0,13.0,6.0,10.0,19.0,5.0,dejanb@apache.org,2,0.011494252873563218,40.0,20.0,40.0,0.0,1594.1194366197183,21142.600056304174,2,0,0.15021761280792822,false
activemq-core/src/test/java/org/apache/activemq/broker/virtual/VirtualTopicsAndDurableSubsTest.java,59.0,8.0,64.0,12.0,17.0,27.0,0.0,tabish@apache.org,0,0.0,0.0,0.0,0.0,0.0,0.0,0.0,0,0,0.0,false
activemq-core/src/test/java/org/apache/activemq/bugs/AMQ1917Test.java,142.0,19.0,0.0,5.0,40.0,21.0,13.0,tabish@apache.org,1,0.005747126436781609,17.0,0.0,17.0,0.0,656.88,10608.197344621854,1,1,0.6751286750572671,true
activemq-core/src/test/java/org/apache/activemq/bugs/AMQ2102Test.java,425.0,25.0,1.0,11.0,51.0,23.0,0.0,gtully@apache.org,0,0.0,0.0,0.0,0.0,0.0,0.0,0.0,0,2,0.0,true
activemq-core/src/test/java/org/apache/activemq/bugs/AMQ2149Test.java,3.0,26.0,0.0,1.0,0.0,2.0,7.0,gtully@apache.org,1,0.005747126436781609,39.0,0.0,22.0,0.0,656.88,10608.197344621854,1,1,0.6751286750572671,true
activemq-core/src/test/java/org/apache/activemq/bugs/DataFileNotDeletedTest.java,102.0,16.0,41.0,11.0,52.0,31.0,0.0,tabish@apache.org,0,0.0,0.0,0.0,0.0,0.0,0.0,0.0,0,1,0.0,true
activemq-core/src/test/java/org/apache/activemq/bugs/DurableConsumerTest.java,159.0,21.0,22.0,9.0,77.0,33.0,1.0,null,1,0.005747126436781609,3.0,0.0,0.0,0.0,937.2394366197183,10534.40271168232,1,2,1.0116009116784799,true
activemq-core/src/test/java/org/apache/activemq/bugs/RawRollbackTests.java,73.0,20.0,16.0,8.0,36.0,24.0,1.0,tabish@apache.org,1,0.005747126436781609,50.0,0.0,0.0,0.0,656.88,10608.197344621854,1,0,0.6751286750572671,false
activemq-core/src/test/java/org/apache/activemq/bugs/VerifySteadyEnqueueRate.java,92.0,15.0,13.0,7.0,54.0,25.0,0.0,chirino@apache.org,0,0.0,0.0,0.0,0.0,0.0,0.0,0.0,0,2,0.0,false
activemq-core/src/test/java/org/apache/activemq/kaha/MapContainerTest.java,165.0,11.0,0.0,17.0,128.0,45.0,21.0,rajdavies@apache.org,1,0.005747126436781609,6.0,0.0,0.0,0.0,656.88,10608.197344621854,1,4,0.6751286750572671,true
activemq-core/src/test/java/org/apache/activemq/network/DuplexNetworkMBeanTest.java,102.0,12.0,17.0,7.0,35.0,26.0,0.0,gtully@apache.org,0,0.0,0.0,0.0,0.0,0.0,0.0,0.0,0,5,0.0,true
activemq-core/src/test/java/org/apache/activemq/network/NetworkBrokerDetachTest.java,86.0,17.0,15.0,7.0,43.0,23.0,0.0,gtully@apache.org,0,0.0,0.0,0.0,0.0,0.0,0.0,0.0,0,0,0.0,true
activemq-core/src/test/java/org/apache/activemq/openwire/DataFileGeneratorTestSupport.java,229.0,43.0,399.0,30.0,78.0,79.0,0.0,chirino@apache.org,0,0.0,0.0,0.0,0.0,0.0,0.0,0.0,0,10,0.0,true
activemq-core/src/test/java/org/apache/activemq/perf/KahaDBQueueTest.java,17.0,3.0,0.0,1.0,8.0,2.0,0.0,rajdavies@apache.org,0,0.0,0.0,0.0,0.0,0.0,0.0,0.0,0,0,0.0,false
activemq-core/src/test/java/org/apache/activemq/selector/SelectorTest.java,282.0,9.0,276.0,24.0,66.0,54.0,2.0,chirino@apache.org,1,0.005747126436781609,7.0,0.0,7.0,0.0,937.2394366197183,10534.40271168232,1,3,1.0116009116784799,true
activemq-core/src/test/java/org/apache/activemq/store/kahadb/TempKahaDBStoreBrokerTest.java,27.0,4.0,6.0,4.0,8.0,9.0,0.0,tabish@apache.org,0,0.0,0.0,0.0,0.0,0.0,0.0,0.0,0,0,0.0,false
activemq-core/src/test/java/org/apache/activemq/store/kahadb/perf/TempKahaStoreQueueTest.java,15.0,4.0,0.0,1.0,6.0,2.0,0.0,tabish@apache.org,0,0.0,0.0,0.0,0.0,0.0,0.0,0.0,0,0,0.0,false
activemq-core/src/test/java/org/apache/activemq/test/JmsSendReceiveTestSupport.java,177.0,18.0,39.0,14.0,43.0,47.0,9.0,chirino@apache.org,1,0.005747126436781609,4.0,4.0,4.0,0.0,937.2394366197183,10534.40271168232,1,5,1.0116009116784799,true
activemq-core/src/test/java/org/apache/activemq/transport/failover/FailoverUriTest.java,17.0,2.0,6.0,4.0,4.0,5.0,0.0,dejanb@apache.org,0,0.0,0.0,0.0,0.0,0.0,0.0,0.0,0,2,0.0,true
activemq-core/src/test/java/org/apache/activemq/transport/failover/SlowConnectionTest.java,60.0,7.0,1.0,2.0,11.0,7.0,2.0,tabish@apache.org,1,0.005747126436781609,25.0,0.0,0.0,0.0,656.88,10608.197344621854,1,0,0.6751286750572671,false
activemq-core/src/test/java/org/apache/activemq/transport/tcp/SslContextNBrokerServiceTest.java,80.0,16.0,7.0,6.0,35.0,22.0,0.0,null,0,0.0,0.0,0.0,0.0,0.0,0.0,0.0,0,2,0.0,false
activemq-core/src/test/java/org/apache/activemq/transport/tcp/TcpTransportBindTest.java,39.0,8.0,0.0,3.0,10.0,7.0,1.0,tabish@apache.org,1,0.005747126436781609,33.0,0.0,0.0,0.0,937.2394366197183,10534.40271168232,1,1,1.0116009116784799,false
activemq-core/src/test/java/org/apache/activemq/transport/tcp/TransportUriTest.java,74.0,8.0,33.0,10.0,21.0,22.0,0.0,null,0,0.0,0.0,0.0,0.0,0.0,0.0,0.0,0,5,0.0,true
activemq-core/src/test/java/org/apache/activemq/usecases/BrokerQueueNetworkWithDisconnectTest.java,97.0,14.0,18.0,8.0,32.0,19.0,0.0,gtully@apache.org,0,0.0,0.0,0.0,0.0,0.0,0.0,0.0,0,2,0.0,true
activemq-core/src/test/java/org/apache/activemq/usecases/MultiBrokersMultiClientsTest.java,89.0,13.0,0.0,5.0,40.0,12.0,0.0,chirino@apache.org,0,0.0,0.0,0.0,0.0,0.0,0.0,0.0,0,3,0.0,true
activemq-core/src/test/java/org/apache/activemq/usecases/TestBrokerConnectionDuplexExcludedDestinations.java,69.0,14.0,0.0,3.0,23.0,7.0,7.0,tabish@apache.org,1,0.005747126436781609,25.0,0.0,25.0,0.0,937.2394366197183,10534.40271168232,1,1,1.0116009116784799,true
activemq-core/src/test/java/org/apache/activemq/usecases/ThreeBrokerQueueNetworkTest.java,257.0,16.0,61.0,15.0,149.0,36.0,3.0,null,1,0.005747126436781609,19.0,10.0,0.0,0.0,656.88,10608.197344621854,1,6,0.6751286750572671,true
activemq-core/src/test/java/org/apache/activemq/usecases/ThreeBrokerTempQueueNetworkTest.java,80.0,7.0,8.0,5.0,39.0,15.0,0.0,chirino@apache.org,0,0.0,0.0,0.0,0.0,0.0,0.0,0.0,0,3,0.0,true
activemq-core/src/test/java/org/apache/activemq/usecases/ThreeBrokerTopicNetworkTest.java,175.0,8.0,6.0,9.0,64.0,17.0,0.0,chirino@apache.org,0,0.0,0.0,0.0,0.0,0.0,0.0,0.0,0,5,0.0,true
activemq-core/src/test/java/org/apache/activemq/usecases/TwoBrokerMessageNotSentToRemoteWhenNoConsumerTest.java,62.0,15.0,4.0,4.0,30.0,9.0,7.0,chirino@apache.org,1,0.005747126436781609,8.0,8.0,0.0,0.0,656.88,10608.197344621854,1,6,0.6751286750572671,false
activemq-core/src/test/java/org/apache/activemq/util/ReflectionSupportTest.java,47.0,10.0,0.0,3.0,22.0,4.0,4.0,chirino@apache.org,2,0.011494252873563218,22.0,11.0,11.0,0.0,1594.1194366197183,21142.600056304174,2,2,0.15021761280792822,true
activemq-core/src/test/java/org/apache/activemq/util/SimplePojo.java,51.0,4.0,77.0,14.0,0.0,21.0,7.0,chirino@apache.org,1,0.005747126436781609,14.0,0.0,14.0,0.0,937.2394366197183,10534.40271168232,1,1,1.0116009116784799,true
activemq-core/src/test/java/org/apache/activemq/xbean/ConnectorXBeanConfigTest.java,58.0,16.0,0.0,6.0,30.0,16.0,7.0,chirino@apache.org,1,0.005747126436781609,9.0,0.0,9.0,0.0,937.2394366197183,10534.40271168232,1,2,1.0116009116784799,true
activemq-jaas/src/main/java/org/apache/activemq/jaas/LDAPLoginModule.java,286.0,33.0,25.0,14.0,74.0,64.0,11.0,chirino@apache.org,1,0.005747126436781609,7.0,0.0,7.0,0.0,937.2394366197183,10534.40271168232,1,2,1.0116009116784799,true
activemq-jaas/src/main/java/org/apache/activemq/jaas/LDAPLoginProperty.java,17.0,0.0,0.0,4.0,0.0,6.0,11.0,dejanb@apache.org,1,0.005747126436781609,100.0,0.0,100.0,0.0,937.2394366197183,10534.40271168232,1,0,1.0116009116784799,true
activemq-jaas/src/test/java/org/apache/activemq/jaas/LDAPLoginModuleTest.java,57.0,24.0,3.0,3.0,16.0,13.0,11.0,chirino@apache.org,1,0.005747126436781609,8.0,0.0,8.0,0.0,937.2394366197183,10534.40271168232,1,2,1.0116009116784799,true
activemq-jaas/src/test/java/org/apache/activemq/jaas/PropertiesLoginModuleTest.java,88.0,12.0,15.0,6.0,28.0,32.0,11.0,chirino@apache.org,1,0.005747126436781609,14.0,0.0,14.0,0.0,937.2394366197183,10534.40271168232,1,1,1.0116009116784799,true
activemq-jmdns_1.0/src/main/java/org/apache/activemq/jmdns/JmDNS.java,1681.0,7.0,676.0,45.0,245.0,164.0,2.0,chirino@apache.org,1,0.005747126436781609,17.0,0.0,0.0,0.0,937.2394366197183,10534.40271168232,1,0,1.0116009116784799,true
activemq-jpa-store/src/main/java/org/apache/activemq/store/jpa/JPAPersistenceAdapter.java,197.0,25.0,478.0,32.0,58.0,79.0,0.0,chirino@apache.org,0,0.0,0.0,0.0,0.0,0.0,0.0,0.0,0,3,0.0,true
activemq-jpa-store/src/main/java/org/apache/activemq/store/jpa/JPAReferenceStore.java,158.0,20.0,33.0,14.0,83.0,42.0,21.0,rajdavies@apache.org,1,0.005747126436781609,10.0,0.0,0.0,0.0,656.88,10608.197344621854,1,3,0.6751286750572671,false
activemq-optional/src/main/java/org/apache/activemq/transport/http/BlockingQueueTransport.java,32.0,6.0,3.0,6.0,3.0,15.0,1.0,chirino@apache.org,1,0.005747126436781609,6.0,0.0,6.0,0.0,937.2394366197183,10534.40271168232,1,2,1.0116009116784799,true
activemq-optional/src/main/java/org/apache/activemq/transport/http/HttpClientTransport.java,153.0,24.0,79.0,15.0,49.0,40.0,8.0,chirino@apache.org,1,0.005747126436781609,4.0,0.0,4.0,0.0,937.2394366197183,10534.40271168232,1,2,1.0116009116784799,true
activemq-optional/src/main/java/org/apache/activemq/transport/http/HttpTunnelServlet.java,128.0,18.0,35.0,10.0,34.0,41.0,6.0,chirino@apache.org,1,0.005747126436781609,8.0,0.0,8.0,0.0,937.2394366197183,10534.40271168232,1,4,1.0116009116784799,true
activemq-optional/src/main/java/org/apache/activemq/transport/util/TextWireFormat.java,31.0,10.0,28.0,8.0,8.0,16.0,0.0,chirino@apache.org,0,0.0,0.0,0.0,0.0,0.0,0.0,0.0,0,4,0.0,true
activemq-optional/src/test/java/org/apache/activemq/transport/http/HttpClientReconnectTest.java,41.0,10.0,2.0,4.0,18.0,9.0,6.0,dejanb@apache.org,1,0.005747126436781609,40.0,0.0,40.0,0.0,937.2394366197183,10534.40271168232,1,0,1.0116009116784799,false
activemq-optional/src/test/java/org/apache/activemq/transport/http/HttpTransportBrokerTest.java,25.0,6.0,15.0,6.0,8.0,12.0,8.0,chirino@apache.org,1,0.005747126436781609,8.0,0.0,8.0,0.0,937.2394366197183,10534.40271168232,1,3,1.0116009116784799,false
activemq-optional/src/test/java/org/apache/activemq/transport/https/HttpsTransportBrokerTest.java,21.0,3.0,6.0,4.0,5.0,7.0,8.0,gtully@apache.org,1,0.005747126436781609,9.0,0.0,9.0,0.0,937.2394366197183,10534.40271168232,1,2,1.0116009116784799,false
activemq-optional/src/test/java/org/apache/activemq/util/JmsLogAppenderTest.java,57.0,14.0,0.0,1.0,18.0,2.0,4.0,chirino@apache.org,1,0.005747126436781609,14.0,0.0,0.0,14.0,937.2394366197183,10534.40271168232,1,2,1.0116009116784799,false
activemq-optional/src/test/java/org/apache/activemq/util/xstream/XStreamTransformTest.java,191.0,13.0,0.0,5.0,83.0,19.0,4.0,chirino@apache.org,1,0.005747126436781609,8.0,0.0,0.0,8.0,937.2394366197183,10534.40271168232,1,4,1.0116009116784799,false
activemq-pool/src/test/java/org/apache/activemq/pool/PooledTopicPublisherTest.java,33.0,9.0,0.0,4.0,12.0,8.0,1.0,gtully@apache.org,1,0.005747126436781609,17.0,17.0,17.0,0.0,656.88,10608.197344621854,1,0,0.6751286750572671,false
activemq-protocol-buffer/src/test/java/org/apache/activemq/protocolbuffer/PerformanceTest.java,58.0,3.0,0.0,1.0,31.0,4.0,2.0,jstrachan@apache.org,1,0.005747126436781609,14.0,0.0,14.0,0.0,937.2394366197183,10534.40271168232,1,3,1.0116009116784799,true
activemq-ra/src/main/java/org/apache/activemq/ra/ActiveMQManagedConnection.java,291.0,21.0,351.0,34.0,57.0,99.0,0.0,chirino@apache.org,0,0.0,0.0,0.0,0.0,0.0,0.0,0.0,0,3,0.0,true
activemq-ra/src/main/java/org/apache/activemq/ra/ActiveMQResourceAdapter.java,225.0,19.0,70.0,16.0,70.0,51.0,5.0,null,1,0.005747126436781609,4.0,0.0,4.0,0.0,656.88,10608.197344621854,1,9,0.6751286750572671,true
activemq-ra/src/main/java/org/apache/activemq/ra/ManagedTransactionContext.java,158.0,7.0,0.0,20.0,24.0,79.0,0.0,chirino@apache.org,0,0.0,0.0,0.0,0.0,0.0,0.0,0.0,0,2,0.0,true
activemq-ra/src/test/java/org/apache/activemq/ra/FailoverManagedConnectionTest.java,50.0,5.0,7.0,6.0,20.0,13.0,2.0,gtully@apache.org,1,0.005747126436781609,100.0,0.0,0.0,100.0,656.88,10608.197344621854,1,0,0.6751286750572671,false
activemq-web/src/main/java/org/apache/activemq/web/BrokerFacade.java,110.0,10.0,120.0,16.0,0.0,52.0,0.0,dejanb@apache.org,0,0.0,0.0,0.0,0.0,0.0,0.0,0.0,0,1,0.0,true
activemq-web/src/main/java/org/apache/activemq/web/BrokerFacadeSupport.java,136.0,21.0,136.0,17.0,74.0,57.0,0.0,dejanb@apache.org,0,0.0,0.0,0.0,0.0,0.0,0.0,0.0,0,1,0.0,true
activemq-web/src/main/java/org/apache/activemq/web/ConnectionQuery.java,29.0,4.0,7.0,6.0,5.0,13.0,0.0,chirino@apache.org,0,0.0,0.0,0.0,0.0,0.0,0.0,0.0,0,1,0.0,false
activemq-web/src/main/java/org/apache/activemq/web/LocalBrokerFacade.java,39.0,10.0,0.0,8.0,13.0,21.0,0.0,dejanb@apache.org,0,0.0,0.0,0.0,0.0,0.0,0.0,0.0,0,1,0.0,true
activemq-web/src/main/java/org/apache/activemq/web/MessageQuery.java,80.0,9.0,16.0,8.0,22.0,27.0,0.0,null,0,0.0,0.0,0.0,0.0,0.0,0.0,0.0,0,0,0.0,false
activemq-web/src/main/java/org/apache/activemq/web/QueueConsumerQuery.java,15.0,3.0,3.0,3.0,4.0,6.0,0.0,chirino@apache.org,0,0.0,0.0,0.0,0.0,0.0,0.0,0.0,0,1,0.0,false
activemq-web/src/main/java/org/apache/activemq/web/RemoteJMXBrokerFacade.java,155.0,21.0,60.0,13.0,41.0,49.0,4.0,dejanb@apache.org,1,0.005747126436781609,10.0,10.0,0.0,0.0,937.2394366197183,10534.40271168232,1,1,1.0116009116784799,true
activemq-web/src/main/java/org/apache/activemq/web/WebClient.java,252.0,36.0,317.0,31.0,89.0,87.0,0.0,null,0,0.0,0.0,0.0,0.0,0.0,0.0,0.0,0,6,0.0,true
activemq-web/src/main/java/org/apache/activemq/web/config/AbstractConfiguration.java,50.0,6.0,15.0,6.0,4.0,19.0,0.0,chirino@apache.org,0,0.0,0.0,0.0,0.0,0.0,0.0,0.0,0,1,0.0,false
activemq-web/src/main/java/org/apache/activemq/web/config/JNDIConfiguration.java,64.0,6.0,9.0,7.0,8.0,17.0,0.0,tabish@apache.org,0,0.0,0.0,0.0,0.0,0.0,0.0,0.0,0,1,0.0,false
activemq-web/src/main/java/org/apache/activemq/web/config/SystemPropertiesConfiguration.java,29.0,3.0,6.0,4.0,6.0,10.0,0.0,chirino@apache.org,0,0.0,0.0,0.0,0.0,0.0,0.0,0.0,0,1,0.0,false
activemq-web/src/main/java/org/apache/activemq/web/config/WebConsoleConfiguration.java,27.0,3.0,6.0,4.0,0.0,15.0,0.0,chirino@apache.org,0,0.0,0.0,0.0,0.0,0.0,0.0,0.0,0,1,0.0,false
activemq-xmpp/src/main/java/org/apache/activemq/transport/xmpp/XmppWireFormat.java,36.0,11.0,26.0,8.0,4.0,18.0,0.0,chirino@apache.org,0,0.0,0.0,0.0,0.0,0.0,0.0,0.0,0,3,0.0,false
kahadb/src/main/java/org/apache/kahadb/index/BTreeIndex.java,203.0,12.0,627.0,38.0,59.0,83.0,1.0,chirino@apache.org,1,0.005747126436781609,17.0,17.0,0.0,0.0,97.71428571428571,315.65146815958417,1,0,3.3141860046725258,false
kahadb/src/main/java/org/apache/kahadb/index/BTreeNode.java,602.0,14.0,309.0,38.0,101.0,129.0,13.0,chirino@apache.org,1,0.005747126436781609,10.0,0.0,10.0,0.0,97.71428571428571,315.65146815958417,1,1,3.3141860046725258,true
kahadb/src/main/java/org/apache/kahadb/index/BTreeVisitor.java,92.0,1.0,1.0,2.0,0.0,5.0,0.0,chirino@apache.org,0,0.0,0.0,0.0,0.0,0.0,0.0,0.0,0,0,0.0,false
kahadb/src/main/java/org/apache/kahadb/index/HashIndex.java,334.0,13.0,412.0,37.0,70.0,92.0,13.0,chirino@apache.org,1,0.005747126436781609,14.0,0.0,14.0,0.0,97.71428571428571,315.65146815958417,1,0,3.3141860046725258,false
kahadb/src/main/java/org/apache/kahadb/journal/DataFile.java,57.0,5.0,13.0,14.0,8.0,28.0,0.0,gtully@apache.org,0,0.0,0.0,0.0,0.0,0.0,0.0,0.0,0,0,0.0,false
kahadb/src/main/java/org/apache/kahadb/journal/DataFileAccessor.java,84.0,6.0,0.0,7.0,34.0,23.0,0.0,chirino@apache.org,0,0.0,0.0,0.0,0.0,0.0,0.0,0.0,0,0,0.0,false
kahadb/src/main/java/org/apache/kahadb/journal/DataFileAccessorPool.java,121.0,6.0,0.0,7.0,32.0,21.0,0.0,tabish@apache.org,0,0.0,0.0,0.0,0.0,0.0,0.0,0.0,0,0,0.0,false
kahadb/src/main/java/org/apache/kahadb/journal/DataFileAppender.java,324.0,11.0,11.0,7.0,64.0,30.0,0.0,gtully@apache.org,0,0.0,0.0,0.0,0.0,0.0,0.0,0.0,0,1,0.0,true
kahadb/src/main/java/org/apache/kahadb/journal/Journal.java,503.0,26.0,818.0,49.0,155.0,134.0,0.0,gtully@apache.org,0,0.0,0.0,0.0,0.0,0.0,0.0,0.0,0,2,0.0,true
kahadb/src/main/java/org/apache/kahadb/journal/Location.java,98.0,4.0,40.0,20.0,5.0,34.0,0.0,chirino@apache.org,0,0.0,0.0,0.0,0.0,0.0,0.0,0.0,0,0,0.0,false
kahadb/src/main/java/org/apache/kahadb/journal/ReadOnlyDataFile.java,20.0,3.0,10.0,5.0,1.0,10.0,0.0,gtully@apache.org,0,0.0,0.0,0.0,0.0,0.0,0.0,0.0,0,0,0.0,false
kahadb/src/main/java/org/apache/kahadb/journal/ReadOnlyJournal.java,69.0,6.0,13.0,6.0,27.0,21.0,0.0,chirino@apache.org,0,0.0,0.0,0.0,0.0,0.0,0.0,0.0,0,0,0.0,false
kahadb/src/main/java/org/apache/kahadb/page/PageFile.java,825.0,32.0,1503.0,62.0,196.0,163.0,0.0,gtully@apache.org,0,0.0,0.0,0.0,0.0,0.0,0.0,0.0,0,1,0.0,true
kahadb/src/test/java/org/apache/kahadb/journal/JournalTest.java,94.0,6.0,10.0,12.0,44.0,26.0,0.0,tabish@apache.org,0,0.0,0.0,0.0,0.0,0.0,0.0,0.0,0,0,0.0,false
