name,LOC,CBO,LCOM,NOM,RFC,WMC,ACS,Ownership,numOfChanges,numberOfFIChanges,ENH,NF,BugFixing,REF,structuralWorkloadSum,semanticWorkloadSum,numberOfDeveloper,pastFaults,MAF,isBuggy
activemq-camel/src/main/java/org/apache/activemq/camel/CamelDestination.java,93.0,15.0,192.0,21.0,10.0,42.0,0.0,gnodet@apache.org,0,0.0,0.0,0.0,0.0,0.0,0.0,0.0,0,0,0.0,false
activemq-camel/src/main/java/org/apache/activemq/camel/component/ActiveMQConfiguration.java,129.0,8.0,102.0,16.0,23.0,42.0,0.0,null,0,0.0,0.0,0.0,0.0,0.0,0.0,0.0,0,0,0.0,true
activemq-camel/src/main/java/org/apache/camel/web/resources/RoutesResource.java,57.0,11.0,21.0,7.0,14.0,18.0,0.0,dejanb@apache.org,0,0.0,0.0,0.0,0.0,0.0,0.0,0.0,0,1,0.0,true
activemq-camel/src/test/java/org/apache/activemq/camel/CamelJmsTest.java,46.0,17.0,4.0,4.0,28.0,8.0,0.0,null,0,0.0,0.0,0.0,0.0,0.0,0.0,0.0,0,1,0.0,false
activemq-console/src/main/java/org/apache/activemq/console/command/AbstractJmxCommand.java,223.0,17.0,114.0,17.0,42.0,58.0,0.0,null,0,0.0,0.0,0.0,0.0,0.0,0.0,0.0,0,3,0.0,true
activemq-console/src/main/java/org/apache/activemq/console/command/BstatCommand.java,34.0,3.0,1.0,2.0,6.0,8.0,1.0,null,1,0.003355704697986577,11.0,0.0,0.0,0.0,203.41176470588238,705.5477379172262,1,2,2.8693183486983322,true
activemq-console/src/main/java/org/apache/activemq/console/command/CreateCommand.java,142.0,27.0,37.0,11.0,61.0,40.0,1.0,ceposta@apache.org,1,0.003355704697986577,14.0,14.0,0.0,0.0,832.2424242424242,7039.188240130394,1,0,0.8544153281560676,true
activemq-console/src/main/java/org/apache/activemq/console/command/ShellCommand.java,96.0,8.0,13.0,7.0,12.0,19.0,13.0,chirino@apache.org,1,0.003355704697986577,6.0,6.0,0.0,0.0,832.2424242424242,7039.188240130394,1,3,0.8544153281560676,true
activemq-console/src/main/java/org/apache/activemq/console/command/StopGracefullyCommand.java,76.0,6.0,1.0,3.0,17.0,14.0,0.0,rajdavies@apache.org,0,0.0,0.0,0.0,0.0,0.0,0.0,0.0,0,1,0.0,false
activemq-console/src/main/java/org/apache/activemq/console/command/store/amq/AMQJournalTool.java,256.0,33.0,110.0,17.0,66.0,38.0,13.0,chirino@apache.org,1,0.003355704697986577,33.0,33.0,0.0,0.0,832.2424242424242,7039.188240130394,1,0,0.8544153281560676,false
activemq-console/src/main/java/org/apache/activemq/console/command/store/amq/AMQJournalToolCommand.java,16.0,4.0,1.0,2.0,6.0,4.0,13.0,chirino@apache.org,1,0.003355704697986577,50.0,50.0,0.0,0.0,832.2424242424242,7039.188240130394,1,0,0.8544153281560676,false
activemq-console/src/main/java/org/apache/activemq/console/command/store/amq/CommandLineSupport.java,65.0,2.0,3.0,3.0,13.0,10.0,13.0,dejanb@apache.org,1,0.003355704697986577,100.0,100.0,0.0,0.0,832.2424242424242,7039.188240130394,1,0,0.8544153281560676,false
activemq-console/src/main/java/org/apache/activemq/console/command/store/amq/CustomResourceLoader.java,48.0,9.0,9.0,7.0,9.0,17.0,13.0,chirino@apache.org,1,0.003355704697986577,33.0,33.0,0.0,0.0,832.2424242424242,7039.188240130394,1,0,0.8544153281560676,false
activemq-console/src/main/java/org/apache/activemq/console/command/store/amq/Entry.java,44.0,4.0,54.0,12.0,0.0,20.0,13.0,chirino@apache.org,1,0.003355704697986577,50.0,50.0,0.0,0.0,832.2424242424242,7039.188240130394,1,0,0.8544153281560676,false
activemq-console/src/main/java/org/apache/activemq/console/command/store/amq/MessageBodyFormatter.java,31.0,9.0,0.0,2.0,8.0,5.0,13.0,chirino@apache.org,1,0.003355704697986577,50.0,50.0,0.0,0.0,832.2424242424242,7039.188240130394,1,0,0.8544153281560676,false
activemq-console/src/main/java/org/apache/activemq/console/command/store/amq/reader/AMQIterator.java,49.0,7.0,2.0,4.0,6.0,14.0,13.0,chirino@apache.org,1,0.003355704697986577,33.0,33.0,0.0,0.0,832.2424242424242,7039.188240130394,1,0,0.8544153281560676,false
activemq-console/src/main/java/org/apache/activemq/console/command/store/amq/reader/AMQReader.java,117.0,15.0,4.0,9.0,26.0,36.0,13.0,tabish@apache.org,1,0.003355704697986577,33.0,33.0,0.0,0.0,832.2424242424242,7039.188240130394,1,0,0.8544153281560676,false
activemq-console/src/main/java/org/apache/activemq/console/command/store/amq/reader/MessageLocation.java,31.0,2.0,2.0,4.0,0.0,6.0,13.0,chirino@apache.org,1,0.003355704697986577,50.0,50.0,0.0,0.0,832.2424242424242,7039.188240130394,1,0,0.8544153281560676,false
activemq-core/src/main/java/org/apache/activemq/ActiveMQConnection.java,1502.0,81.0,13175.0,170.0,381.0,486.0,16.0,null,1,0.003355704697986577,1.0,0.0,1.0,0.0,654.5974025974026,8404.066564611348,1,50,1.1420974006078484,true
activemq-core/src/main/java/org/apache/activemq/ActiveMQMessageConsumer.java,916.0,42.0,851.0,63.0,323.0,211.0,2.0,null,2,0.006711409395973154,2.0,0.0,1.0,1.0,1486.8398268398269,15443.254804741742,2,44,0.3051091838220127,true
activemq-core/src/main/java/org/apache/activemq/RedeliveryPolicy.java,85.0,2.0,88.0,16.0,5.0,31.0,0.0,chirino@apache.org,0,0.0,0.0,0.0,0.0,0.0,0.0,0.0,0,6,0.0,true
activemq-core/src/main/java/org/apache/activemq/TransactionContext.java,486.0,25.0,160.0,32.0,128.0,126.0,1.0,null,0,0.0,0.0,0.0,0.0,0.0,0.0,0.0,0,12,0.0,true
activemq-core/src/main/java/org/apache/activemq/advisory/AdvisorySupport.java,372.0,5.0,1522.0,56.0,144.0,216.0,1.0,null,1,0.003355704697986577,3.0,0.0,0.0,0.0,654.5974025974026,8404.066564611348,1,10,1.1420974006078484,true
activemq-core/src/main/java/org/apache/activemq/advisory/ConsumerEventSource.java,87.0,18.0,14.0,8.0,22.0,21.0,8.0,chirino@apache.org,1,0.003355704697986577,8.0,0.0,0.0,0.0,654.5974025974026,8404.066564611348,1,3,1.1420974006078484,true
activemq-core/src/main/java/org/apache/activemq/broker/BrokerService.java,1715.0,72.0,19445.0,202.0,443.0,526.0,5.0,null,2,0.006711409395973154,3.0,1.0,1.0,0.0,1486.8398268398269,15443.254804741742,2,71,0.3383406174141762,true
activemq-core/src/main/java/org/apache/activemq/broker/ConnectionContext.java,240.0,12.0,931.0,47.0,14.0,78.0,4.0,chirino@apache.org,1,0.003355704697986577,4.0,0.0,4.0,0.0,1749.2666666666667,62704.17076182829,1,10,2.1155465463219523,true
activemq-core/src/main/java/org/apache/activemq/broker/ProducerBrokerExchange.java,82.0,3.0,36.0,12.0,1.0,18.0,4.0,gtully@apache.org,1,0.003355704697986577,7.0,0.0,7.0,0.0,1749.2666666666667,62704.17076182829,1,3,2.1155465463219523,true
activemq-core/src/main/java/org/apache/activemq/broker/TransportConnection.java,1099.0,75.0,3289.0,94.0,426.0,289.0,12.0,null,1,0.003355704697986577,1.0,0.0,1.0,0.0,654.5974025974026,8404.066564611348,1,47,1.1420974006078484,true
activemq-core/src/main/java/org/apache/activemq/broker/ft/MasterConnector.java,294.0,28.0,281.0,31.0,85.0,69.0,0.0,rajdavies@apache.org,0,0.0,0.0,0.0,0.0,0.0,0.0,0.0,0,14,0.0,true
activemq-core/src/main/java/org/apache/activemq/broker/jmx/AnnotatedMBean.java,106.0,13.0,28.0,8.0,32.0,28.0,0.0,dejanb@apache.org,0,0.0,0.0,0.0,0.0,0.0,0.0,0.0,0,1,0.0,false
activemq-core/src/main/java/org/apache/activemq/broker/jmx/BrokerView.java,255.0,19.0,69.0,59.0,135.0,121.0,3.0,null,1,0.003355704697986577,2.0,0.0,0.0,0.0,832.2424242424242,7039.188240130394,1,16,0.8544153281560676,true
activemq-core/src/main/java/org/apache/activemq/broker/jmx/BrokerViewMBean.java,112.0,2.0,1326.0,52.0,0.0,74.0,0.0,null,0,0.0,0.0,0.0,0.0,0.0,0.0,0.0,0,12,0.0,true
activemq-core/src/main/java/org/apache/activemq/broker/jmx/DestinationView.java,256.0,32.0,0.0,44.0,131.0,104.0,8.0,null,1,0.003355704697986577,2.0,2.0,2.0,0.0,22.0,122.14413012708319,1,19,3.8501476017100584,true
activemq-core/src/main/java/org/apache/activemq/broker/jmx/MBeanInfo.java,0.0,0.0,0.0,0.0,0.0,0.0,0.0,chirino@apache.org,0,0.0,0.0,0.0,0.0,0.0,0.0,0.0,0,1,0.0,false
activemq-core/src/main/java/org/apache/activemq/broker/jmx/ManagementContext.java,399.0,27.0,670.0,41.0,88.0,114.0,2.0,null,2,0.006711409395973154,11.0,4.0,4.0,0.0,1486.8398268398269,15443.254804741742,2,11,0.2964764901275234,true
activemq-core/src/main/java/org/apache/activemq/broker/region/AbstractRegion.java,338.0,29.0,126.0,29.0,134.0,90.0,3.0,null,2,0.006711409395973154,3.0,0.0,1.0,0.0,1486.8398268398269,15443.254804741742,2,32,0.3051091838220127,true
activemq-core/src/main/java/org/apache/activemq/broker/region/AbstractSubscription.java,160.0,20.0,208.0,29.0,43.0,65.0,0.0,chirino@apache.org,0,0.0,0.0,0.0,0.0,0.0,0.0,0.0,0,16,0.0,true
activemq-core/src/main/java/org/apache/activemq/broker/region/BaseDestination.java,391.0,18.0,1600.0,60.0,52.0,105.0,6.0,rajdavies@apache.org,3,0.010067114093959731,5.0,2.0,2.0,2.0,1508.8398268398269,15565.398934868826,3,22,0.8502744881565483,true
activemq-core/src/main/java/org/apache/activemq/broker/region/Destination.java,103.0,17.0,1035.0,46.0,0.0,61.0,8.0,null,1,0.003355704697986577,2.0,2.0,2.0,0.0,22.0,122.14413012708319,1,18,3.8501476017100584,true
activemq-core/src/main/java/org/apache/activemq/broker/region/DestinationFilter.java,173.0,15.0,0.0,52.0,55.0,85.0,8.0,rajdavies@apache.org,1,0.003355704697986577,3.0,3.0,3.0,0.0,22.0,122.14413012708319,1,16,3.8501476017100584,true
activemq-core/src/main/java/org/apache/activemq/broker/region/DurableTopicSubscription.java,215.0,21.0,87.0,19.0,78.0,55.0,0.0,rajdavies@apache.org,0,0.0,0.0,0.0,0.0,0.0,0.0,0.0,0,20,0.0,true
activemq-core/src/main/java/org/apache/activemq/broker/region/PrefetchSubscription.java,565.0,28.0,498.0,40.0,171.0,124.0,0.0,null,0,0.0,0.0,0.0,0.0,0.0,0.0,0.0,0,62,0.0,true
activemq-core/src/main/java/org/apache/activemq/broker/region/Queue.java,1307.0,58.0,3816.0,96.0,506.0,311.0,5.0,null,4,0.013422818791946308,3.0,1.0,2.0,1.0,2629.2758339699517,71935.92919448395,4,86,0.7446445910626749,true
activemq-core/src/main/java/org/apache/activemq/broker/region/Subscription.java,157.0,12.0,561.0,34.0,0.0,75.0,0.0,chirino@apache.org,0,0.0,0.0,0.0,0.0,0.0,0.0,0.0,0,13,0.0,true
activemq-core/src/main/java/org/apache/activemq/broker/region/TempQueue.java,33.0,7.0,1.0,3.0,15.0,8.0,0.0,rajdavies@apache.org,0,0.0,0.0,0.0,0.0,0.0,0.0,0.0,0,3,0.0,true
activemq-core/src/main/java/org/apache/activemq/broker/region/Topic.java,457.0,36.0,537.0,39.0,200.0,121.0,8.0,rajdavies@apache.org,1,0.003355704697986577,1.0,1.0,1.0,0.0,22.0,122.14413012708319,1,44,3.8501476017100584,true
activemq-core/src/main/java/org/apache/activemq/broker/region/TopicSubscription.java,376.0,25.0,410.0,37.0,147.0,101.0,4.0,null,2,0.006711409395973154,3.0,0.0,3.0,1.0,858.009167303285,9109.614302528575,2,24,1.3125606940931451,true
activemq-core/src/main/java/org/apache/activemq/broker/region/cursors/FilePendingMessageCursor.java,331.0,21.0,216.0,28.0,120.0,80.0,5.0,rajdavies@apache.org,2,0.006711409395973154,5.0,0.0,3.0,3.0,858.009167303285,9109.614302528575,2,16,1.0813235483431969,true
activemq-core/src/main/java/org/apache/activemq/broker/region/cursors/StoreDurableSubscriberCursor.java,248.0,16.0,0.0,28.0,62.0,80.0,0.0,rajdavies@apache.org,0,0.0,0.0,0.0,0.0,0.0,0.0,0.0,0,15,0.0,true
activemq-core/src/main/java/org/apache/activemq/broker/region/cursors/StoreQueueCursor.java,235.0,7.0,0.0,26.0,46.0,60.0,0.0,rajdavies@apache.org,0,0.0,0.0,0.0,0.0,0.0,0.0,0.0,0,12,0.0,true
activemq-core/src/main/java/org/apache/activemq/broker/region/cursors/VMPendingMessageCursor.java,124.0,8.0,7.0,14.0,31.0,32.0,4.0,rajdavies@apache.org,2,0.006711409395973154,8.0,4.0,0.0,8.0,858.009167303285,9109.614302528575,2,6,1.3125606940931451,true
activemq-core/src/main/java/org/apache/activemq/broker/region/policy/PolicyEntry.java,527.0,17.0,3442.0,85.0,107.0,141.0,8.0,rajdavies@apache.org,1,0.003355704697986577,1.0,1.0,1.0,0.0,22.0,122.14413012708319,1,23,3.8501476017100584,true
activemq-core/src/main/java/org/apache/activemq/broker/util/TimeStampingBrokerPlugin.java,56.0,5.0,0.0,4.0,6.0,9.0,2.0,chirino@apache.org,1,0.003355704697986577,6.0,0.0,6.0,0.0,832.2424242424242,7039.188240130394,1,6,0.8544153281560676,true
activemq-core/src/main/java/org/apache/activemq/command/BrokerInfo.java,188.0,7.0,405.0,30.0,11.0,51.0,0.0,chirino@apache.org,0,0.0,0.0,0.0,0.0,0.0,0.0,0.0,0,4,0.0,true
activemq-core/src/main/java/org/apache/activemq/kaha/impl/async/DataFile.java,92.0,5.0,43.0,18.0,13.0,39.0,1.0,rajdavies@apache.org,1,0.003355704697986577,7.0,7.0,7.0,0.0,654.5974025974026,8404.066564611348,1,10,1.1420974006078484,true
activemq-core/src/main/java/org/apache/activemq/management/StatsImpl.java,50.0,6.0,1.0,7.0,11.0,16.0,0.0,chirino@apache.org,0,0.0,0.0,0.0,0.0,0.0,0.0,0.0,0,4,0.0,true
activemq-core/src/main/java/org/apache/activemq/network/CompositeDemandForwardingBridge.java,67.0,11.0,19.0,7.0,20.0,20.0,0.0,chirino@apache.org,0,0.0,0.0,0.0,0.0,0.0,0.0,0.0,0,8,0.0,false
activemq-core/src/main/java/org/apache/activemq/network/DemandForwardingBridgeSupport.java,1024.0,65.0,2099.0,79.0,404.0,216.0,7.0,null,3,0.010067114093959731,2.0,0.0,1.0,1.0,1508.8398268398269,15565.398934868826,3,33,0.8502744881565483,true
activemq-core/src/main/java/org/apache/activemq/network/DemandSubscription.java,82.0,8.0,10.0,9.0,18.0,23.0,3.0,chirino@apache.org,2,0.006711409395973154,8.0,0.0,8.0,4.0,676.5974025974026,8526.21069473843,2,10,1.8029753205990078,true
activemq-core/src/main/java/org/apache/activemq/network/DiscoveryNetworkConnector.java,187.0,19.0,43.0,15.0,57.0,42.0,2.0,chirino@apache.org,1,0.003355704697986577,2.0,2.0,2.0,0.0,654.5974025974026,8404.066564611348,1,15,1.1420974006078484,true
activemq-core/src/main/java/org/apache/activemq/network/NetworkConnector.java,197.0,26.0,487.0,34.0,46.0,69.0,5.0,chirino@apache.org,1,0.003355704697986577,5.0,2.0,2.0,0.0,654.5974025974026,8404.066564611348,1,12,1.1420974006078484,true
activemq-core/src/main/java/org/apache/activemq/plugin/DiscardingDLQBrokerPlugin.java,72.0,7.0,68.0,13.0,20.0,24.0,0.0,rajdavies@apache.org,0,0.0,0.0,0.0,0.0,0.0,0.0,0.0,0,1,0.0,false
activemq-core/src/main/java/org/apache/activemq/plugin/ForcePersistencyModeBroker.java,36.0,6.0,4.0,4.0,6.0,6.0,0.0,rajdavies@apache.org,0,0.0,0.0,0.0,0.0,0.0,0.0,0.0,0,0,0.0,false
activemq-core/src/main/java/org/apache/activemq/plugin/ForcePersistencyModeBrokerPlugin.java,38.0,4.0,4.0,4.0,4.0,8.0,0.0,rajdavies@apache.org,0,0.0,0.0,0.0,0.0,0.0,0.0,0.0,0,1,0.0,false
activemq-core/src/main/java/org/apache/activemq/plugin/StatisticsBroker.java,144.0,24.0,8.0,5.0,66.0,12.0,1.0,rajdavies@apache.org,1,0.003355704697986577,14.0,0.0,14.0,0.0,203.41176470588238,705.5477379172262,1,1,2.8693183486983322,false
activemq-core/src/main/java/org/apache/activemq/plugin/StatisticsBrokerPlugin.java,18.0,4.0,0.0,1.0,1.0,3.0,0.0,rajdavies@apache.org,0,0.0,0.0,0.0,0.0,0.0,0.0,0.0,0,1,0.0,false
activemq-core/src/main/java/org/apache/activemq/store/amq/AMQPersistenceAdapter.java,889.0,55.0,4032.0,96.0,232.0,231.0,4.0,rajdavies@apache.org,1,0.003355704697986577,3.0,1.0,3.0,0.0,832.2424242424242,7039.188240130394,1,29,0.8544153281560676,true
activemq-core/src/main/java/org/apache/activemq/store/jdbc/DefaultDatabaseLocker.java,150.0,8.0,23.0,10.0,29.0,29.0,4.0,null,1,0.003355704697986577,7.0,0.0,0.0,0.0,1749.2666666666667,62704.17076182829,1,11,2.1155465463219523,true
activemq-core/src/main/java/org/apache/activemq/store/jdbc/JDBCPersistenceAdapter.java,464.0,29.0,1682.0,61.0,109.0,147.0,2.0,null,2,0.006711409395973154,8.0,1.0,3.0,1.0,1486.8398268398269,15443.254804741742,2,21,0.4096892081624419,true
activemq-core/src/main/java/org/apache/activemq/store/jdbc/TransactionContext.java,186.0,9.0,49.0,15.0,29.0,42.0,1.0,chirino@apache.org,2,0.006711409395973154,9.0,5.0,0.0,0.0,1486.8398268398269,15443.254804741742,2,8,0.3051091838220127,true
activemq-core/src/main/java/org/apache/activemq/store/jdbc/adapter/DefaultJDBCAdapter.java,696.0,22.0,0.0,34.0,304.0,128.0,3.0,null,3,0.010067114093959731,12.0,1.0,6.0,0.0,3236.1064935064933,78147.42556657003,3,16,0.20189787997056619,true
activemq-core/src/main/java/org/apache/activemq/store/jdbc/adapter/HsqldbJDBCAdapter.java,10.0,1.0,0.0,1.0,1.0,1.0,8.0,chirino@apache.org,1,0.003355704697986577,9.0,0.0,0.0,0.0,1749.2666666666667,62704.17076182829,1,2,2.1155465463219523,true
activemq-core/src/main/java/org/apache/activemq/store/jdbc/adapter/MaxDBJDBCAdapter.java,14.0,1.0,0.0,1.0,5.0,1.0,8.0,chirino@apache.org,1,0.003355704697986577,14.0,0.0,0.0,0.0,1749.2666666666667,62704.17076182829,1,2,2.1155465463219523,true
activemq-core/src/main/java/org/apache/activemq/store/jdbc/adapter/MySqlJDBCAdapter.java,47.0,3.0,0.0,3.0,14.0,7.0,3.0,chirino@apache.org,1,0.003355704697986577,27.0,0.0,0.0,0.0,1749.2666666666667,62704.17076182829,1,3,2.1155465463219523,true
activemq-core/src/main/java/org/apache/activemq/store/jdbc/adapter/PostgresqlJDBCAdapter.java,11.0,1.0,0.0,1.0,1.0,1.0,8.0,chirino@apache.org,1,0.003355704697986577,10.0,0.0,0.0,0.0,1749.2666666666667,62704.17076182829,1,1,2.1155465463219523,false
activemq-core/src/main/java/org/apache/activemq/store/jdbc/adapter/SybaseJDBCAdapter.java,13.0,1.0,0.0,1.0,4.0,1.0,8.0,chirino@apache.org,1,0.003355704697986577,14.0,0.0,0.0,0.0,1749.2666666666667,62704.17076182829,1,2,2.1155465463219523,true
activemq-core/src/main/java/org/apache/activemq/store/jdbc/adapter/TransactDatabaseLocker.java,69.0,8.0,3.0,3.0,18.0,11.0,8.0,chirino@apache.org,1,0.003355704697986577,17.0,0.0,0.0,0.0,1749.2666666666667,62704.17076182829,1,1,2.1155465463219523,false
activemq-core/src/main/java/org/apache/activemq/store/jdbc/adapter/TransactJDBCAdapter.java,16.0,1.0,0.0,1.0,3.0,2.0,8.0,gtully@apache.org,1,0.003355704697986577,12.0,0.0,0.0,0.0,1749.2666666666667,62704.17076182829,1,2,2.1155465463219523,false
activemq-core/src/main/java/org/apache/activemq/store/journal/JournalPersistenceAdapterFactory.java,160.0,14.0,228.0,28.0,19.0,58.0,16.0,chirino@apache.org,1,0.003355704697986577,7.0,0.0,7.0,0.0,654.5974025974026,8404.066564611348,1,5,1.1420974006078484,true
activemq-core/src/main/java/org/apache/activemq/store/kahadaptor/KahaPersistenceAdapter.java,268.0,32.0,574.0,37.0,76.0,97.0,2.0,rajdavies@apache.org,1,0.003355704697986577,2.0,0.0,2.0,0.0,832.2424242424242,7039.188240130394,1,12,0.8544153281560676,true
activemq-core/src/main/java/org/apache/activemq/store/kahadb/KahaDBPersistenceAdapter.java,289.0,13.0,0.0,41.0,41.0,71.0,4.0,gtully@apache.org,1,0.003355704697986577,3.0,0.0,0.0,0.0,832.2424242424242,7039.188240130394,1,0,0.8544153281560676,true
activemq-core/src/main/java/org/apache/activemq/store/kahadb/KahaDBStore.java,480.0,48.0,372.0,28.0,87.0,79.0,0.0,gtully@apache.org,0,0.0,0.0,0.0,0.0,0.0,0.0,0.0,0,3,0.0,true
activemq-core/src/main/java/org/apache/activemq/store/kahadb/MessageDatabase.java,1132.0,58.0,3980.0,96.0,295.0,261.0,3.0,gtully@apache.org,3,0.010067114093959731,5.0,2.0,1.0,2.0,3236.1064935064933,78147.42556657003,3,4,0.3113351482459743,true
activemq-core/src/main/java/org/apache/activemq/transaction/XATransaction.java,141.0,9.0,0.0,11.0,40.0,34.0,0.0,chirino@apache.org,0,0.0,0.0,0.0,0.0,0.0,0.0,0.0,0,4,0.0,true
activemq-core/src/main/java/org/apache/activemq/transport/TransportSupport.java,85.0,5.0,66.0,13.0,10.0,29.0,0.0,chirino@apache.org,0,0.0,0.0,0.0,0.0,0.0,0.0,0.0,0,9,0.0,true
activemq-core/src/main/java/org/apache/activemq/transport/discovery/multicast/MulticastDiscoveryAgent.java,444.0,23.0,681.0,42.0,98.0,87.0,8.0,chirino@apache.org,1,0.003355704697986577,7.0,0.0,7.0,0.0,654.5974025974026,8404.066564611348,1,11,1.1420974006078484,true
activemq-core/src/main/java/org/apache/activemq/transport/discovery/simple/SimpleDiscoveryAgent.java,156.0,12.0,175.0,23.0,26.0,50.0,0.0,chirino@apache.org,0,0.0,0.0,0.0,0.0,0.0,0.0,0.0,0,8,0.0,true
activemq-core/src/main/java/org/apache/activemq/transport/failover/FailoverTransport.java,710.0,31.0,1390.0,60.0,180.0,161.0,13.0,null,2,0.006711409395973154,2.0,1.0,2.0,0.0,2403.8640692640693,71108.23732643964,2,37,0.935674792904955,true
activemq-core/src/main/java/org/apache/activemq/transport/nio/NIOBufferedInputStream.java,111.0,9.0,0.0,8.0,36.0,37.0,0.0,chirino@apache.org,0,0.0,0.0,0.0,0.0,0.0,0.0,0.0,0,0,0.0,false
activemq-core/src/main/java/org/apache/activemq/transport/stomp/ProtocolConverter.java,462.0,42.0,222.0,28.0,242.0,99.0,13.0,null,1,0.003355704697986577,2.0,0.0,0.0,0.0,203.41176470588238,705.5477379172262,1,9,2.8693183486983322,true
activemq-core/src/main/java/org/apache/activemq/transport/stomp/StompNIOTransport.java,57.0,20.0,6.0,8.0,18.0,19.0,0.0,dejanb@apache.org,0,0.0,0.0,0.0,0.0,0.0,0.0,0.0,0,0,0.0,true
activemq-core/src/main/java/org/apache/activemq/transport/stomp/StompNIOTransportFactory.java,34.0,19.0,19.0,7.0,2.0,20.0,0.0,tabish@apache.org,0,0.0,0.0,0.0,0.0,0.0,0.0,0.0,0,0,0.0,true
activemq-core/src/main/java/org/apache/activemq/transport/stomp/StompSubscription.java,136.0,14.0,21.0,11.0,45.0,27.0,1.0,chirino@apache.org,1,0.003355704697986577,4.0,0.0,4.0,0.0,0.0,0.0,1,7,4.948759890378168,true
activemq-core/src/main/java/org/apache/activemq/transport/stomp/StompTransportFilter.java,72.0,12.0,8.0,9.0,11.0,21.0,13.0,chirino@apache.org,1,0.003355704697986577,4.0,0.0,0.0,0.0,203.41176470588238,705.5477379172262,1,4,2.8693183486983322,true
activemq-core/src/main/java/org/apache/activemq/transport/tcp/ExceededMaximumConnectionsException.java,14.0,0.0,0.0,1.0,0.0,1.0,0.0,bsnyder@apache.org,0,0.0,0.0,0.0,0.0,0.0,0.0,0.0,0,1,0.0,false
activemq-core/src/main/java/org/apache/activemq/transport/tcp/SslTransport.java,62.0,10.0,10.0,5.0,7.0,14.0,13.0,chirino@apache.org,1,0.003355704697986577,12.0,0.0,0.0,0.0,203.41176470588238,705.5477379172262,1,4,2.8693183486983322,true
activemq-core/src/main/java/org/apache/activemq/transport/vm/VMTransport.java,272.0,15.0,290.0,28.0,46.0,66.0,15.0,chirino@apache.org,2,0.006711409395973154,6.0,0.0,4.0,0.0,2403.8640692640693,71108.23732643964,2,13,0.8300662808844035,true
activemq-core/src/main/java/org/apache/activemq/usage/Usage.java,334.0,14.0,228.0,37.0,70.0,88.0,0.0,gtully@apache.org,0,0.0,0.0,0.0,0.0,0.0,0.0,0.0,0,8,0.0,true
activemq-core/src/main/java/org/apache/activemq/util/FactoryFinder.java,93.0,5.0,0.0,4.0,1.0,7.0,0.0,chirino@apache.org,0,0.0,0.0,0.0,0.0,0.0,0.0,0.0,0,4,0.0,false
activemq-core/src/main/java/org/apache/activemq/util/Handler.java,3.0,0.0,0.0,1.0,0.0,1.0,0.0,chirino@apache.org,0,0.0,0.0,0.0,0.0,0.0,0.0,0.0,0,0,0.0,false
activemq-core/src/main/java/org/apache/activemq/util/osgi/Activator.java,130.0,19.0,22.0,9.0,40.0,31.0,0.0,djencks@apache.org,0,0.0,0.0,0.0,0.0,0.0,0.0,0.0,0,0,0.0,true
activemq-core/src/test/java/org/apache/activemq/AutoFailTestSupport.java,96.0,6.0,35.0,10.0,32.0,27.0,0.0,chirino@apache.org,0,0.0,0.0,0.0,0.0,0.0,0.0,0.0,0,6,0.0,true
activemq-core/src/test/java/org/apache/activemq/EmbeddedBrokerTestSupport.java,92.0,8.0,39.0,11.0,18.0,30.0,0.0,chirino@apache.org,0,0.0,0.0,0.0,0.0,0.0,0.0,0.0,0,4,0.0,true
activemq-core/src/test/java/org/apache/activemq/JMSConsumerTest.java,610.0,27.0,755.0,50.0,381.0,103.0,1.0,chirino@apache.org,1,0.003355704697986577,3.0,0.0,3.0,0.0,1749.2666666666667,62704.17076182829,1,12,2.1155465463219523,true
activemq-core/src/test/java/org/apache/activemq/JMSIndividualAckTest.java,101.0,8.0,0.0,6.0,43.0,16.0,0.0,tabish@apache.org,0,0.0,0.0,0.0,0.0,0.0,0.0,0.0,0,0,0.0,false
activemq-core/src/test/java/org/apache/activemq/JmsMultipleBrokersTestSupport.java,357.0,38.0,180.0,33.0,112.0,105.0,5.0,gtully@apache.org,2,0.006711409395973154,6.0,0.0,0.0,0.0,1486.8398268398269,15443.254804741742,2,7,0.3051091838220127,true
activemq-core/src/test/java/org/apache/activemq/ProducerFlowControlSendFailTest.java,109.0,15.0,28.0,8.0,60.0,31.0,1.0,gtully@apache.org,1,0.003355704697986577,29.0,14.0,14.0,0.0,654.5974025974026,8404.066564611348,1,0,1.1420974006078484,true
activemq-core/src/test/java/org/apache/activemq/ProducerFlowControlTest.java,198.0,19.0,13.0,15.0,126.0,45.0,0.0,gtully@apache.org,0,0.0,0.0,0.0,0.0,0.0,0.0,0.0,0,4,0.0,true
activemq-core/src/test/java/org/apache/activemq/QueueConsumerPriorityTest.java,47.0,10.0,10.0,5.0,14.0,12.0,4.0,gtully@apache.org,1,0.003355704697986577,20.0,0.0,0.0,0.0,654.5974025974026,8404.066564611348,1,2,1.1420974006078484,true
activemq-core/src/test/java/org/apache/activemq/advisory/TempQueueMemoryTest.java,118.0,14.0,7.0,7.0,34.0,20.0,0.0,gtully@apache.org,0,0.0,0.0,0.0,0.0,0.0,0.0,0.0,0,5,0.0,true
activemq-core/src/test/java/org/apache/activemq/broker/ft/DbRestartJDBCQueueMasterSlaveTest.java,41.0,7.0,0.0,3.0,11.0,10.0,0.0,gtully@apache.org,0,0.0,0.0,0.0,0.0,0.0,0.0,0.0,0,2,0.0,false
activemq-core/src/test/java/org/apache/activemq/broker/ft/JDBCQueueMasterSlaveTest.java,49.0,4.0,6.0,5.0,33.0,12.0,0.0,gtully@apache.org,0,0.0,0.0,0.0,0.0,0.0,0.0,0.0,0,1,0.0,false
activemq-core/src/test/java/org/apache/activemq/broker/ft/MasterSlaveSlaveDieTest.java,52.0,9.0,1.0,2.0,26.0,5.0,5.0,gtully@apache.org,1,0.003355704697986577,33.0,33.0,17.0,0.0,654.5974025974026,8404.066564611348,1,1,1.1420974006078484,true
activemq-core/src/test/java/org/apache/activemq/broker/jmx/MBeanTest.java,372.0,25.0,19.0,19.0,166.0,56.0,7.0,null,1,0.003355704697986577,2.0,0.0,0.0,2.0,654.5974025974026,8404.066564611348,1,11,1.1420974006078484,true
activemq-core/src/test/java/org/apache/activemq/broker/policy/NoConsumerDeadLetterTest.java,57.0,16.0,15.0,6.0,24.0,16.0,2.0,chirino@apache.org,1,0.003355704697986577,10.0,0.0,0.0,0.0,832.2424242424242,7039.188240130394,1,3,0.8544153281560676,false
activemq-core/src/test/java/org/apache/activemq/broker/region/QueueDuplicatesFromStoreTest.java,210.0,30.0,861.0,43.0,58.0,98.0,16.0,gtully@apache.org,1,0.003355704697986577,8.0,0.0,8.0,0.0,654.5974025974026,8404.066564611348,1,1,1.1420974006078484,true
activemq-core/src/test/java/org/apache/activemq/broker/region/QueuePurgeTest.java,94.0,23.0,6.0,9.0,54.0,24.0,5.0,gtully@apache.org,1,0.003355704697986577,20.0,0.0,10.0,20.0,654.5974025974026,8404.066564611348,1,1,1.1420974006078484,true
activemq-core/src/test/java/org/apache/activemq/broker/region/cursors/StoreBasedCursorTest.java,100.0,14.0,6.0,12.0,47.0,30.0,0.0,tabish@apache.org,0,0.0,0.0,0.0,0.0,0.0,0.0,0.0,0,0,0.0,true
activemq-core/src/test/java/org/apache/activemq/broker/region/group/MessageGroupTest.java,93.0,12.0,0.0,3.0,41.0,8.0,0.0,tabish@apache.org,0,0.0,0.0,0.0,0.0,0.0,0.0,0.0,0,0,0.0,false
activemq-core/src/test/java/org/apache/activemq/bugs/AMQ1687Test.java,53.0,10.0,19.0,7.0,15.0,18.0,0.0,tabish@apache.org,0,0.0,0.0,0.0,0.0,0.0,0.0,0.0,0,0,0.0,false
activemq-core/src/test/java/org/apache/activemq/bugs/AMQ1917Test.java,142.0,19.0,0.0,5.0,40.0,21.0,0.0,tabish@apache.org,0,0.0,0.0,0.0,0.0,0.0,0.0,0.0,0,2,0.0,true
activemq-core/src/test/java/org/apache/activemq/bugs/AMQ1936Test.java,215.0,26.0,0.0,6.0,54.0,24.0,0.0,gtully@apache.org,0,0.0,0.0,0.0,0.0,0.0,0.0,0.0,0,0,0.0,false
activemq-core/src/test/java/org/apache/activemq/bugs/AMQ2021Test.java,171.0,21.0,0.0,8.0,43.0,23.0,4.0,tabish@apache.org,1,0.003355704697986577,17.0,0.0,0.0,0.0,654.5974025974026,8404.066564611348,1,1,1.1420974006078484,true
activemq-core/src/test/java/org/apache/activemq/bugs/AMQ2149Test.java,3.0,26.0,0.0,1.0,0.0,2.0,5.0,gtully@apache.org,1,0.003355704697986577,6.0,0.0,6.0,6.0,654.5974025974026,8404.066564611348,1,5,1.1420974006078484,true
activemq-core/src/test/java/org/apache/activemq/bugs/AMQ2183Test.java,87.0,20.0,0.0,8.0,41.0,21.0,0.0,gtully@apache.org,0,0.0,0.0,0.0,0.0,0.0,0.0,0.0,0,0,0.0,true
activemq-core/src/test/java/org/apache/activemq/bugs/AMQ2314Test.java,111.0,18.0,14.0,9.0,53.0,28.0,5.0,tabish@apache.org,1,0.003355704697986577,25.0,0.0,25.0,25.0,654.5974025974026,8404.066564611348,1,0,1.1420974006078484,true
activemq-core/src/test/java/org/apache/activemq/bugs/AMQ2356Test.java,108.0,21.0,11.0,6.0,21.0,17.0,0.0,tabish@apache.org,0,0.0,0.0,0.0,0.0,0.0,0.0,0.0,0,1,0.0,true
activemq-core/src/test/java/org/apache/activemq/bugs/AMQ2364Test.java,48.0,24.0,1.0,2.0,28.0,6.0,0.0,tabish@apache.org,0,0.0,0.0,0.0,0.0,0.0,0.0,0.0,0,1,0.0,false
activemq-core/src/test/java/org/apache/activemq/bugs/AMQ2383Test.java,24.0,11.0,0.0,1.0,13.0,2.0,0.0,tabish@apache.org,0,0.0,0.0,0.0,0.0,0.0,0.0,0.0,0,0,0.0,false
activemq-core/src/test/java/org/apache/activemq/bugs/AMQ2401Test.java,160.0,20.0,2.0,5.0,22.0,14.0,0.0,tabish@apache.org,0,0.0,0.0,0.0,0.0,0.0,0.0,0.0,0,0,0.0,false
activemq-core/src/test/java/org/apache/activemq/bugs/AMQ2413Test.java,206.0,26.0,14.0,8.0,33.0,23.0,1.0,gtully@apache.org,2,0.006711409395973154,20.0,0.0,0.0,0.0,1035.6541889483067,7744.73597804762,2,0,1.1687196578672547,true
activemq-core/src/test/java/org/apache/activemq/bugs/AMQ2439Test.java,45.0,9.0,8.0,5.0,24.0,18.0,2.0,gtully@apache.org,1,0.003355704697986577,40.0,0.0,40.0,0.0,654.5974025974026,8404.066564611348,1,0,1.1420974006078484,true
activemq-core/src/test/java/org/apache/activemq/bugs/MessageExpirationReaperTest.java,76.0,19.0,5.0,7.0,34.0,21.0,0.0,tabish@apache.org,0,0.0,0.0,0.0,0.0,0.0,0.0,0.0,0,1,0.0,false
activemq-core/src/test/java/org/apache/activemq/config/ConfigTest.java,262.0,36.0,27.0,11.0,124.0,34.0,0.0,chirino@apache.org,0,0.0,0.0,0.0,0.0,0.0,0.0,0.0,0,10,0.0,true
activemq-core/src/test/java/org/apache/activemq/jndi/InitialContextTest.java,39.0,7.0,3.0,3.0,18.0,6.0,0.0,chirino@apache.org,0,0.0,0.0,0.0,0.0,0.0,0.0,0.0,0,5,0.0,true
activemq-core/src/test/java/org/apache/activemq/network/DuplexNetworkMBeanTest.java,103.0,12.0,17.0,7.0,36.0,26.0,5.0,gtully@apache.org,1,0.003355704697986577,11.0,11.0,0.0,0.0,654.5974025974026,8404.066564611348,1,5,1.1420974006078484,true
activemq-core/src/test/java/org/apache/activemq/network/NetworkBrokerDetachTest.java,118.0,19.0,8.0,9.0,53.0,36.0,5.0,gtully@apache.org,1,0.003355704697986577,18.0,18.0,0.0,0.0,654.5974025974026,8404.066564611348,1,0,1.1420974006078484,true
activemq-core/src/test/java/org/apache/activemq/perf/NumberOfDestinationsTest.java,64.0,16.0,17.0,7.0,22.0,21.0,0.0,rajdavies@apache.org,0,0.0,0.0,0.0,0.0,0.0,0.0,0.0,0,0,0.0,false
activemq-core/src/test/java/org/apache/activemq/plugin/BrokerStatisticsPluginTest.java,64.0,17.0,3.0,6.0,40.0,15.0,0.0,tabish@apache.org,0,0.0,0.0,0.0,0.0,0.0,0.0,0.0,0,1,0.0,false
activemq-core/src/test/java/org/apache/activemq/security/JaasNetworkTest.java,41.0,11.0,1.0,3.0,16.0,6.0,14.0,tabish@apache.org,1,0.003355704697986577,50.0,0.0,0.0,0.0,832.2424242424242,7039.188240130394,1,0,0.8544153281560676,false
activemq-core/src/test/java/org/apache/activemq/security/SecurityJMXTest.java,28.0,13.0,10.0,5.0,11.0,12.0,3.0,gtully@apache.org,1,0.003355704697986577,25.0,0.0,0.0,0.0,654.5974025974026,8404.066564611348,1,1,1.1420974006078484,false
activemq-core/src/test/java/org/apache/activemq/spring/ConsumerBean.java,109.0,7.0,0.0,10.0,19.0,25.0,0.0,chirino@apache.org,0,0.0,0.0,0.0,0.0,0.0,0.0,0.0,0,7,0.0,true
activemq-core/src/test/java/org/apache/activemq/store/PersistenceAdapterTestSupport.java,52.0,7.0,22.0,8.0,14.0,20.0,3.0,chirino@apache.org,2,0.006711409395973154,50.0,17.0,0.0,0.0,2581.509090909091,69743.35900195868,2,0,1.058655305305178,true
activemq-core/src/test/java/org/apache/activemq/store/jdbc/JDBCPersistenceAdapterTest.java,24.0,5.0,1.0,2.0,5.0,7.0,2.0,dejanb@apache.org,2,0.006711409395973154,57.0,14.0,0.0,0.0,2581.509090909091,69743.35900195868,2,0,0.6073629880787303,true
activemq-core/src/test/java/org/apache/activemq/store/jdbc/JDBCStoreBrokerTest.java,29.0,4.0,6.0,4.0,12.0,9.0,0.0,tabish@apache.org,0,0.0,0.0,0.0,0.0,0.0,0.0,0.0,0,1,0.0,false
activemq-core/src/test/java/org/apache/activemq/store/kahadb/KahaDBPersistenceAdapterTest.java,13.0,4.0,0.0,1.0,2.0,4.0,2.0,tabish@apache.org,1,0.003355704697986577,50.0,0.0,0.0,0.0,1749.2666666666667,62704.17076182829,1,0,2.1155465463219523,false
activemq-core/src/test/java/org/apache/activemq/store/kahadb/KahaDBTest.java,156.0,9.0,55.0,11.0,85.0,30.0,0.0,tabish@apache.org,0,0.0,0.0,0.0,0.0,0.0,0.0,0.0,0,0,0.0,false
activemq-core/src/test/java/org/apache/activemq/test/retroactive/RetroactiveConsumerTestWithLastImagePolicyWithWildcardTest.java,19.0,5.0,6.0,4.0,5.0,10.0,0.0,chirino@apache.org,0,0.0,0.0,0.0,0.0,0.0,0.0,0.0,0,4,0.0,false
activemq-core/src/test/java/org/apache/activemq/transport/discovery/DiscoveryNetworkReconnectTest.java,116.0,26.0,0.0,9.0,57.0,26.0,3.0,gtully@apache.org,2,0.006711409395973154,14.0,0.0,0.0,5.0,1486.8398268398269,15443.254804741742,2,3,0.4096892081624419,true
activemq-core/src/test/java/org/apache/activemq/transport/failover/FailoverTimeoutTest.java,30.0,10.0,0.0,1.0,12.0,3.0,1.0,gtully@apache.org,1,0.003355704697986577,17.0,0.0,0.0,0.0,654.5974025974026,8404.066564611348,1,1,1.1420974006078484,true
activemq-core/src/test/java/org/apache/activemq/transport/stomp/SamplePojo.java,23.0,2.0,3.0,6.0,0.0,8.0,13.0,tabish@apache.org,1,0.003355704697986577,25.0,0.0,0.0,0.0,203.41176470588238,705.5477379172262,1,0,2.8693183486983322,true
activemq-core/src/test/java/org/apache/activemq/transport/stomp/StompLoadTest.java,76.0,8.0,1.0,2.0,6.0,6.0,2.0,tabish@apache.org,1,0.003355704697986577,17.0,0.0,0.0,0.0,832.2424242424242,7039.188240130394,1,0,0.8544153281560676,true
activemq-core/src/test/java/org/apache/activemq/transport/stomp/StompNIOTest.java,10.0,0.0,0.0,1.0,0.0,2.0,13.0,tabish@apache.org,1,0.003355704697986577,25.0,0.0,0.0,0.0,203.41176470588238,705.5477379172262,1,0,2.8693183486983322,true
activemq-core/src/test/java/org/apache/activemq/transport/stomp/StompSslAuthTest.java,29.0,5.0,15.0,6.0,4.0,13.0,13.0,tabish@apache.org,1,0.003355704697986577,17.0,0.0,0.0,0.0,203.41176470588238,705.5477379172262,1,0,2.8693183486983322,true
activemq-core/src/test/java/org/apache/activemq/transport/stomp/StompTest.java,675.0,28.0,0.0,48.0,397.0,119.0,8.0,null,2,0.006711409395973154,2.0,0.0,0.0,0.0,1035.6541889483067,7744.73597804762,2,19,1.1687196578672547,true
activemq-core/src/test/java/org/apache/activemq/transport/vm/VMTransportWaitForTest.java,40.0,7.0,0.0,2.0,16.0,5.0,8.0,tabish@apache.org,1,0.003355704697986577,25.0,25.0,0.0,0.0,654.5974025974026,8404.066564611348,1,1,1.1420974006078484,true
activemq-core/src/test/java/org/apache/activemq/usecases/DurableSubscriptionTestSupport.java,245.0,15.0,60.0,21.0,146.0,50.0,1.0,chirino@apache.org,1,0.003355704697986577,7.0,7.0,0.0,0.0,832.2424242424242,7039.188240130394,1,4,0.8544153281560676,true
activemq-core/src/test/java/org/apache/activemq/usecases/ExpiredMessagesWithNoConsumerTest.java,191.0,21.0,137.0,19.0,103.0,64.0,4.0,gtully@apache.org,2,0.006711409395973154,11.0,0.0,4.0,7.0,1486.8398268398269,15443.254804741742,2,4,0.4096892081624419,true
activemq-core/src/test/java/org/apache/activemq/usecases/MultiBrokersMultiClientsTest.java,91.0,13.0,0.0,5.0,42.0,12.0,8.0,chirino@apache.org,1,0.003355704697986577,17.0,8.0,0.0,0.0,654.5974025974026,8404.066564611348,1,3,1.1420974006078484,true
activemq-core/src/test/java/org/apache/activemq/usecases/MultiBrokersMultiClientsUsingTcpTest.java,48.0,9.0,1.0,3.0,18.0,12.0,8.0,chirino@apache.org,1,0.003355704697986577,8.0,0.0,0.0,0.0,654.5974025974026,8404.066564611348,1,7,1.1420974006078484,true
activemq-core/src/test/java/org/apache/activemq/usecases/NoDuplicateOnTopicNetworkTest.java,188.0,23.0,11.0,10.0,58.0,31.0,8.0,gtully@apache.org,1,0.003355704697986577,9.0,0.0,0.0,0.0,654.5974025974026,8404.066564611348,1,1,1.1420974006078484,true
activemq-core/src/test/java/org/apache/activemq/usecases/ThreeBrokerQueueNetworkTest.java,359.0,23.0,139.0,22.0,223.0,71.0,8.0,null,1,0.003355704697986577,5.0,0.0,0.0,0.0,654.5974025974026,8404.066564611348,1,8,1.1420974006078484,true
activemq-core/src/test/java/org/apache/activemq/util/BitArrayBinTest.java,77.0,1.0,28.0,8.0,13.0,20.0,0.0,gtully@apache.org,0,0.0,0.0,0.0,0.0,0.0,0.0,0.0,0,0,0.0,true
activemq-core/src/test/java/org/apache/activemq/util/URISupportTest.java,54.0,5.0,36.0,9.0,36.0,17.0,0.0,chirino@apache.org,0,0.0,0.0,0.0,0.0,0.0,0.0,0.0,0,2,0.0,true
activemq-core/src/test/java/org/apache/activemq/xbean/ConnectorXBeanConfigTest.java,52.0,16.0,0.0,6.0,29.0,14.0,0.0,chirino@apache.org,0,0.0,0.0,0.0,0.0,0.0,0.0,0.0,0,3,0.0,true
activemq-jaas/src/main/java/org/apache/activemq/jaas/GuestLoginModule.java,54.0,10.0,0.0,5.0,12.0,18.0,3.0,rajdavies@apache.org,1,0.003355704697986577,25.0,0.0,0.0,0.0,203.41176470588238,705.5477379172262,1,0,2.8693183486983322,false
activemq-jaas/src/test/java/org/apache/activemq/jaas/GuestLoginModuleTest.java,49.0,10.0,6.0,4.0,18.0,8.0,3.0,rajdavies@apache.org,1,0.003355704697986577,100.0,0.0,0.0,0.0,203.41176470588238,705.5477379172262,1,0,2.8693183486983322,false
activemq-jaas/src/test/java/org/apache/activemq/jaas/LDAPLoginModuleTest.java,57.0,24.0,3.0,3.0,16.0,13.0,2.0,chirino@apache.org,1,0.003355704697986577,8.0,0.0,8.0,0.0,1749.2666666666667,62704.17076182829,1,3,2.1155465463219523,true
activemq-jmdns_1.0/src/main/java/org/apache/activemq/jmdns/DNSCache.java,146.0,4.0,15.0,10.0,25.0,29.0,0.0,davsclaus@apache.org,0,0.0,0.0,0.0,0.0,0.0,0.0,0.0,0,0,0.0,false
activemq-jmdns_1.0/src/main/java/org/apache/activemq/jmdns/DNSConstants.java,103.0,0.0,0.0,0.0,0.0,0.0,0.0,davsclaus@apache.org,0,0.0,0.0,0.0,0.0,0.0,0.0,0.0,0,0,0.0,false
activemq-jmdns_1.0/src/main/java/org/apache/activemq/jmdns/DNSEntry.java,116.0,1.0,0.0,8.0,5.0,19.0,0.0,davsclaus@apache.org,0,0.0,0.0,0.0,0.0,0.0,0.0,0.0,0,0,0.0,false
activemq-jmdns_1.0/src/main/java/org/apache/activemq/jmdns/DNSIncoming.java,336.0,8.0,19.0,14.0,46.0,59.0,0.0,davsclaus@apache.org,0,0.0,0.0,0.0,0.0,0.0,0.0,0.0,0,0,0.0,false
activemq-jmdns_1.0/src/main/java/org/apache/activemq/jmdns/DNSListener.java,11.0,0.0,0.0,1.0,0.0,1.0,0.0,davsclaus@apache.org,0,0.0,0.0,0.0,0.0,0.0,0.0,0.0,0,0,0.0,false
activemq-jmdns_1.0/src/main/java/org/apache/activemq/jmdns/DNSOutgoing.java,267.0,5.0,66.0,21.0,39.0,66.0,0.0,davsclaus@apache.org,0,0.0,0.0,0.0,0.0,0.0,0.0,0.0,0,0,0.0,false
activemq-jmdns_1.0/src/main/java/org/apache/activemq/jmdns/DNSQuestion.java,26.0,1.0,3.0,3.0,2.0,7.0,0.0,davsclaus@apache.org,0,0.0,0.0,0.0,0.0,0.0,0.0,0.0,0,0,0.0,false
activemq-jmdns_1.0/src/main/java/org/apache/activemq/jmdns/DNSRecord.java,440.0,9.0,116.0,17.0,14.0,48.0,0.0,davsclaus@apache.org,0,0.0,0.0,0.0,0.0,0.0,0.0,0.0,0,0,0.0,false
activemq-jmdns_1.0/src/main/java/org/apache/activemq/jmdns/DNSState.java,71.0,2.0,20.0,8.0,7.0,21.0,0.0,davsclaus@apache.org,0,0.0,0.0,0.0,0.0,0.0,0.0,0.0,0,0,0.0,false
activemq-jmdns_1.0/src/main/java/org/apache/activemq/jmdns/HostInfo.java,85.0,3.0,31.0,10.0,22.0,27.0,0.0,davsclaus@apache.org,0,0.0,0.0,0.0,0.0,0.0,0.0,0.0,0,0,0.0,false
activemq-jmdns_1.0/src/main/java/org/apache/activemq/jmdns/JmDNS.java,1681.0,7.0,676.0,45.0,245.0,164.0,0.0,chirino@apache.org,0,0.0,0.0,0.0,0.0,0.0,0.0,0.0,0,0,0.0,true
activemq-jmdns_1.0/src/main/java/org/apache/activemq/jmdns/ServiceEvent.java,69.0,2.0,9.0,6.0,7.0,15.0,0.0,davsclaus@apache.org,0,0.0,0.0,0.0,0.0,0.0,0.0,0.0,0,0,0.0,false
activemq-jmdns_1.0/src/main/java/org/apache/activemq/jmdns/ServiceInfo.java,475.0,9.0,408.0,37.0,62.0,125.0,0.0,davsclaus@apache.org,0,0.0,0.0,0.0,0.0,0.0,0.0,0.0,0,0,0.0,false
activemq-jmdns_1.0/src/main/java/org/apache/activemq/jmdns/ServiceListener.java,22.0,1.0,3.0,3.0,0.0,6.0,0.0,davsclaus@apache.org,0,0.0,0.0,0.0,0.0,0.0,0.0,0.0,0,0,0.0,false
activemq-jmdns_1.0/src/main/java/org/apache/activemq/jmdns/ServiceTypeListener.java,12.0,1.0,0.0,1.0,0.0,2.0,0.0,davsclaus@apache.org,0,0.0,0.0,0.0,0.0,0.0,0.0,0.0,0,0,0.0,false
activemq-optional/src/main/java/org/apache/activemq/store/amq/AMQJournalTool.java,256.0,33.0,110.0,17.0,66.0,38.0,13.0,davsclaus@apache.org,0,0.0,0.0,0.0,0.0,0.0,0.0,0.0,0,0,0.0,false
activemq-optional/src/main/java/org/apache/activemq/store/amq/AMQJournalToolCommand.java,16.0,4.0,1.0,2.0,6.0,4.0,13.0,chirino@apache.org,0,0.0,0.0,0.0,0.0,0.0,0.0,0.0,0,0,0.0,false
activemq-optional/src/main/java/org/apache/activemq/store/amq/CommandLineSupport.java,65.0,2.0,3.0,3.0,13.0,10.0,13.0,davsclaus@apache.org,0,0.0,0.0,0.0,0.0,0.0,0.0,0.0,0,0,0.0,false
activemq-optional/src/main/java/org/apache/activemq/store/amq/CustomResourceLoader.java,48.0,9.0,9.0,7.0,9.0,17.0,13.0,chirino@apache.org,0,0.0,0.0,0.0,0.0,0.0,0.0,0.0,0,0,0.0,false
activemq-optional/src/main/java/org/apache/activemq/store/amq/Entry.java,44.0,4.0,54.0,12.0,0.0,20.0,13.0,chirino@apache.org,0,0.0,0.0,0.0,0.0,0.0,0.0,0.0,0,0,0.0,false
activemq-optional/src/main/java/org/apache/activemq/store/amq/MessageBodyFormatter.java,31.0,9.0,0.0,2.0,8.0,5.0,13.0,chirino@apache.org,0,0.0,0.0,0.0,0.0,0.0,0.0,0.0,0,0,0.0,false
activemq-optional/src/main/java/org/apache/activemq/store/amq/reader/AMQIterator.java,49.0,5.0,2.0,4.0,6.0,14.0,13.0,davsclaus@apache.org,0,0.0,0.0,0.0,0.0,0.0,0.0,0.0,0,0,0.0,false
activemq-optional/src/main/java/org/apache/activemq/store/amq/reader/AMQReader.java,117.0,15.0,4.0,9.0,26.0,36.0,13.0,davsclaus@apache.org,0,0.0,0.0,0.0,0.0,0.0,0.0,0.0,0,0,0.0,false
activemq-optional/src/main/java/org/apache/activemq/store/amq/reader/MessageLocation.java,31.0,2.0,2.0,4.0,0.0,6.0,13.0,chirino@apache.org,0,0.0,0.0,0.0,0.0,0.0,0.0,0.0,0,0,0.0,false
activemq-optional/src/main/java/org/apache/activemq/transport/discovery/http/DiscoveryRegistryServlet.java,58.0,11.0,0.0,4.0,27.0,13.0,0.0,davsclaus@apache.org,0,0.0,0.0,0.0,0.0,0.0,0.0,0.0,0,0,0.0,false
activemq-optional/src/main/java/org/apache/activemq/transport/discovery/http/EmbeddedJettyServer.java,41.0,5.0,0.0,4.0,10.0,9.0,0.0,davsclaus@apache.org,0,0.0,0.0,0.0,0.0,0.0,0.0,0.0,0,0,0.0,false
activemq-optional/src/main/java/org/apache/activemq/transport/discovery/http/HTTPDiscoveryAgent.java,255.0,20.0,116.0,21.0,67.0,60.0,0.0,tabish@apache.org,0,0.0,0.0,0.0,0.0,0.0,0.0,0.0,0,0,0.0,false
activemq-optional/src/main/java/org/apache/activemq/transport/discovery/http/HTTPDiscoveryAgentFactory.java,15.0,8.0,0.0,1.0,6.0,4.0,0.0,chirino@apache.org,0,0.0,0.0,0.0,0.0,0.0,0.0,0.0,0,0,0.0,false
activemq-optional/src/main/java/org/apache/activemq/transport/http/HttpClientTransport.java,155.0,21.0,79.0,15.0,49.0,41.0,11.0,chirino@apache.org,2,0.006711409395973154,8.0,0.0,4.0,0.0,2403.8640692640693,71108.23732643964,2,3,0.935674792904955,true
activemq-optional/src/main/java/org/apache/activemq/util/oxm/AbstractXMLMessageTransformer.java,86.0,11.0,19.0,10.0,10.0,33.0,0.0,davsclaus@apache.org,0,0.0,0.0,0.0,0.0,0.0,0.0,0.0,0,1,0.0,false
activemq-optional/src/main/java/org/apache/activemq/util/oxm/OXMMessageTransformer.java,39.0,9.0,0.0,4.0,7.0,11.0,0.0,davsclaus@apache.org,0,0.0,0.0,0.0,0.0,0.0,0.0,0.0,0,1,0.0,false
activemq-optional/src/main/java/org/apache/activemq/util/oxm/XStreamMessageTransformer.java,57.0,13.0,7.0,7.0,10.0,19.0,0.0,davsclaus@apache.org,0,0.0,0.0,0.0,0.0,0.0,0.0,0.0,0,1,0.0,false
activemq-optional/src/main/java/org/apache/activemq/util/xstream/XStreamMessageTransformer.java,132.0,17.0,65.0,15.0,20.0,48.0,0.0,null,0,0.0,0.0,0.0,0.0,0.0,0.0,0.0,0,5,0.0,false
activemq-optional/src/test/java/org/apache/activemq/store/amq/reader/AMQReaderTest.java,26.0,6.0,1.0,2.0,16.0,6.0,0.0,davsclaus@apache.org,0,0.0,0.0,0.0,0.0,0.0,0.0,0.0,0,0,0.0,false
activemq-optional/src/test/java/org/apache/activemq/util/oxm/AbstractXMLMessageTransformerTest.java,137.0,18.0,0.0,6.0,67.0,21.0,0.0,davsclaus@apache.org,0,0.0,0.0,0.0,0.0,0.0,0.0,0.0,0,1,0.0,false
activemq-optional/src/test/java/org/apache/activemq/util/oxm/OXMMessageTransformTest.java,7.0,1.0,0.0,1.0,1.0,3.0,0.0,chirino@apache.org,0,0.0,0.0,0.0,0.0,0.0,0.0,0.0,0,1,0.0,false
activemq-optional/src/test/java/org/apache/activemq/util/oxm/XStreamMessageTransformTest.java,62.0,11.0,1.0,2.0,23.0,7.0,0.0,davsclaus@apache.org,0,0.0,0.0,0.0,0.0,0.0,0.0,0.0,0,1,0.0,false
activemq-pool/src/main/java/org/apache/activemq/pool/PooledSession.java,218.0,35.0,1175.0,50.0,101.0,141.0,0.0,null,0,0.0,0.0,0.0,0.0,0.0,0.0,0.0,0,1,0.0,true
activemq-pool/src/main/java/org/apache/activemq/pool/SessionPool.java,76.0,7.0,68.0,13.0,20.0,36.0,0.0,gnodet@apache.org,0,0.0,0.0,0.0,0.0,0.0,0.0,0.0,0,1,0.0,true
activemq-pool/src/test/java/org/apache/activemq/usecases/ConsumerThread.java,116.0,6.0,73.0,15.0,18.0,22.0,4.0,dejanb@apache.org,1,0.003355704697986577,100.0,0.0,25.0,25.0,832.2424242424242,7039.188240130394,1,0,0.8544153281560676,true
activemq-pool/src/test/java/org/apache/activemq/usecases/JDBCSpringTest.java,98.0,11.0,1.0,3.0,32.0,11.0,4.0,dejanb@apache.org,1,0.003355704697986577,100.0,0.0,25.0,25.0,832.2424242424242,7039.188240130394,1,0,0.8544153281560676,true
activemq-pool/src/test/java/org/apache/activemq/usecases/MessageDrivenPojo.java,42.0,9.0,0.0,3.0,11.0,9.0,5.0,dejanb@apache.org,1,0.003355704697986577,100.0,0.0,50.0,50.0,832.2424242424242,7039.188240130394,1,0,0.8544153281560676,false
activemq-pool/src/test/java/org/apache/activemq/usecases/ProducerThread.java,76.0,9.0,25.0,10.0,13.0,17.0,5.0,dejanb@apache.org,1,0.003355704697986577,100.0,0.0,33.0,33.0,832.2424242424242,7039.188240130394,1,0,0.8544153281560676,false
activemq-ra/src/main/java/org/apache/activemq/ra/ActiveMQActivationSpec.java,512.0,17.0,2060.0,68.0,93.0,164.0,1.0,chirino@apache.org,1,0.003355704697986577,5.0,0.0,5.0,0.0,654.5974025974026,8404.066564611348,1,6,1.1420974006078484,true
activemq-ra/src/main/java/org/apache/activemq/ra/ActiveMQConnectionRequestInfo.java,242.0,5.0,343.0,39.0,71.0,85.0,0.0,chirino@apache.org,0,0.0,0.0,0.0,0.0,0.0,0.0,0.0,0,4,0.0,true
activemq-ra/src/main/java/org/apache/activemq/ra/ActiveMQConnectionSupport.java,297.0,5.0,0.0,38.0,72.0,90.0,0.0,null,0,0.0,0.0,0.0,0.0,0.0,0.0,0.0,0,3,0.0,true
activemq-ra/src/main/java/org/apache/activemq/ra/ManagedConnectionProxy.java,217.0,20.0,197.0,23.0,30.0,64.0,0.0,chirino@apache.org,0,0.0,0.0,0.0,0.0,0.0,0.0,0.0,0,3,0.0,true
activemq-ra/src/main/java/org/apache/activemq/ra/ManagedSessionProxy.java,319.0,26.0,794.0,41.0,73.0,116.0,0.0,chirino@apache.org,0,0.0,0.0,0.0,0.0,0.0,0.0,0.0,0,3,0.0,true
activemq-ra/src/main/java/org/apache/activemq/ra/MessageActivationSpec.java,61.0,4.0,946.0,44.0,0.0,47.0,0.0,chirino@apache.org,0,0.0,0.0,0.0,0.0,0.0,0.0,0.0,0,3,0.0,false
activemq-ra/src/test/java/org/apache/activemq/ra/JmsXARollback2CxTransactionTest.java,100.0,12.0,94.0,16.0,25.0,40.0,0.0,djencks@apache.org,0,0.0,0.0,0.0,0.0,0.0,0.0,0.0,0,0,0.0,true
activemq-ra/src/test/java/org/apache/activemq/ra/UnsubscribeResubscribeTest.java,38.0,11.0,0.0,3.0,16.0,6.0,0.0,gary.tully@gmail.com,0,0.0,0.0,0.0,0.0,0.0,0.0,0.0,0,1,0.0,false
activemq-web/src/main/java/org/apache/activemq/web/ConnectionQuery.java,29.0,4.0,7.0,6.0,5.0,13.0,0.0,chirino@apache.org,0,0.0,0.0,0.0,0.0,0.0,0.0,0.0,0,1,0.0,false
activemq-web/src/main/java/org/apache/activemq/web/LocalBrokerFacade.java,42.0,11.0,0.0,8.0,13.0,22.0,0.0,dejanb@apache.org,0,0.0,0.0,0.0,0.0,0.0,0.0,0.0,0,2,0.0,true
activemq-web/src/main/java/org/apache/activemq/web/config/SystemPropertiesConfiguration.java,29.0,3.0,6.0,4.0,6.0,10.0,1.0,chirino@apache.org,1,0.003355704697986577,25.0,0.0,0.0,0.0,832.2424242424242,7039.188240130394,1,1,0.8544153281560676,false
activemq-xmpp/src/test/java/org/apache/activemq/transport/xmpp/XmppTest.java,51.0,8.0,6.0,5.0,13.0,12.0,3.0,chirino@apache.org,1,0.003355704697986577,10.0,0.0,0.0,0.0,832.2424242424242,7039.188240130394,1,3,0.8544153281560676,true
kahadb/src/main/java/org/apache/kahadb/journal/DataFileAppender.java,324.0,11.0,11.0,7.0,65.0,30.0,3.0,gtully@apache.org,1,0.003355704697986577,18.0,6.0,6.0,0.0,832.2424242424242,7039.188240130394,1,1,0.8544153281560676,true
kahadb/src/main/java/org/apache/kahadb/journal/Journal.java,572.0,15.0,1166.0,56.0,173.0,155.0,0.0,gtully@apache.org,0,0.0,0.0,0.0,0.0,0.0,0.0,0.0,0,3,0.0,true
kahadb/src/main/java/org/apache/kahadb/page/PageFile.java,826.0,32.0,1503.0,62.0,197.0,163.0,2.0,gtully@apache.org,1,0.003355704697986577,7.0,0.0,4.0,4.0,832.2424242424242,7039.188240130394,1,1,0.8544153281560676,true
kahadb/src/main/java/org/apache/kahadb/util/LockFile.java,81.0,5.0,0.0,4.0,10.0,14.0,0.0,gtully@apache.org,0,0.0,0.0,0.0,0.0,0.0,0.0,0.0,0,1,0.0,true
