name,LOC,CBO,LCOM,NOM,RFC,WMC,ACS,Ownership,numOfChanges,numberOfFIChanges,ENH,NF,BugFixing,REF,structuralWorkloadSum,semanticWorkloadSum,numberOfDeveloper,pastFaults,MAF,isBuggy
activemq-camel/src/main/java/org/apache/activemq/camel/component/CamelEndpointLoader.java,133.0,20.0,99.0,18.0,41.0,41.0,1.0,null,1,0.0031746031746031746,9.0,9.0,9.0,0.0,1667.2571428571428,46401.23818478439,1,1,0.8737311174553591,true
activemq-core/src/main/java/org/apache/activemq/ActiveMQConnection.java,1615.0,83.0,15337.0,183.0,405.0,517.0,4.0,null,1,0.0031746031746031746,1.0,1.0,1.0,0.0,1667.2571428571428,46401.23818478439,1,61,0.8737311174553591,true
activemq-core/src/main/java/org/apache/activemq/ActiveMQConnectionConsumer.java,91.0,11.0,0.0,7.0,21.0,19.0,0.0,chirino@apache.org,0,0.0,0.0,0.0,0.0,0.0,0.0,0.0,0,6,0.0,true
activemq-core/src/main/java/org/apache/activemq/ActiveMQConnectionFactory.java,704.0,30.0,4782.0,101.0,140.0,212.0,1.0,null,1,0.0031746031746031746,1.0,1.0,0.0,0.0,1667.2571428571428,46401.23818478439,1,26,0.8737311174553591,true
activemq-core/src/main/java/org/apache/activemq/ActiveMQInputStream.java,175.0,20.0,0.0,10.0,61.0,40.0,0.0,chirino@apache.org,0,0.0,0.0,0.0,0.0,0.0,0.0,0.0,0,6,0.0,true
activemq-core/src/main/java/org/apache/activemq/ActiveMQMessageAudit.java,46.0,1.0,21.0,7.0,1.0,11.0,37.0,chirino@apache.org,1,0.0031746031746031746,8.0,0.0,0.0,0.0,1667.2571428571428,46401.23818478439,1,7,0.8737311174553591,true
activemq-core/src/main/java/org/apache/activemq/ActiveMQMessageAuditNoSync.java,199.0,9.0,58.0,17.0,37.0,42.0,37.0,chirino@apache.org,1,0.0031746031746031746,17.0,0.0,0.0,0.0,1667.2571428571428,46401.23818478439,1,0,0.8737311174553591,true
activemq-core/src/main/java/org/apache/activemq/ActiveMQMessageConsumer.java,1080.0,45.0,1031.0,70.0,389.0,237.0,11.0,null,1,0.0031746031746031746,2.0,0.0,1.0,0.0,1667.2571428571428,46401.23818478439,1,57,0.8737311174553591,true
activemq-core/src/main/java/org/apache/activemq/ActiveMQMessageProducer.java,184.0,17.0,54.0,17.0,37.0,44.0,0.0,chirino@apache.org,0,0.0,0.0,0.0,0.0,0.0,0.0,0.0,0,8,0.0,true
activemq-core/src/main/java/org/apache/activemq/ActiveMQSession.java,1228.0,74.0,4514.0,109.0,355.0,378.0,4.0,null,1,0.0031746031746031746,2.0,0.0,1.0,0.0,1667.2571428571428,46401.23818478439,1,39,0.8737311174553591,true
activemq-core/src/main/java/org/apache/activemq/ActiveMQSessionExecutor.java,154.0,9.0,0.0,17.0,49.0,47.0,0.0,chirino@apache.org,0,0.0,0.0,0.0,0.0,0.0,0.0,0.0,0,12,0.0,true
activemq-core/src/main/java/org/apache/activemq/ActiveMQXASession.java,39.0,9.0,45.0,10.0,3.0,24.0,2.0,chirino@apache.org,1,0.0031746031746031746,10.0,0.0,10.0,0.0,1667.2571428571428,46401.23818478439,1,2,0.8737311174553591,true
activemq-core/src/main/java/org/apache/activemq/FifoMessageDispatchChannel.java,111.0,4.0,0.0,17.0,19.0,41.0,0.0,rajdavies@apache.org,0,0.0,0.0,0.0,0.0,0.0,0.0,0.0,0,1,0.0,false
activemq-core/src/main/java/org/apache/activemq/MessageDispatchChannel.java,23.0,3.0,105.0,15.0,0.0,18.0,0.0,chirino@apache.org,0,0.0,0.0,0.0,0.0,0.0,0.0,0.0,0,4,0.0,true
activemq-core/src/main/java/org/apache/activemq/RedeliveryPolicy.java,92.0,2.0,119.0,18.0,5.0,34.0,6.0,chirino@apache.org,1,0.0031746031746031746,6.0,0.0,6.0,0.0,1667.2571428571428,46401.23818478439,1,6,0.8737311174553591,true
activemq-core/src/main/java/org/apache/activemq/SimplePriorityMessageDispatchChannel.java,159.0,4.0,0.0,21.0,30.0,57.0,1.0,rajdavies@apache.org,2,0.006349206349206349,40.0,0.0,40.0,0.0,1741.9238095238095,46546.89268068702,2,1,1.6580390764122819,false
activemq-core/src/main/java/org/apache/activemq/advisory/AdvisoryBroker.java,377.0,32.0,309.0,31.0,204.0,88.0,0.0,rajdavies@apache.org,0,0.0,0.0,0.0,0.0,0.0,0.0,0.0,0,24,0.0,true
activemq-core/src/main/java/org/apache/activemq/advisory/AdvisorySupport.java,379.0,5.0,1578.0,57.0,146.0,218.0,0.0,null,0,0.0,0.0,0.0,0.0,0.0,0.0,0.0,0,11,0.0,true
activemq-core/src/main/java/org/apache/activemq/broker/Broker.java,261.0,20.0,1081.0,47.0,0.0,89.0,0.0,rajdavies@apache.org,0,0.0,0.0,0.0,0.0,0.0,0.0,0.0,0,18,0.0,true
activemq-core/src/main/java/org/apache/activemq/broker/BrokerContext.java,7.0,1.0,1.0,2.0,0.0,2.0,16.0,chirino@apache.org,1,0.0031746031746031746,50.0,0.0,0.0,50.0,1186.1941747572816,19494.1589896162,1,0,1.0313600616589422,false
activemq-core/src/main/java/org/apache/activemq/broker/BrokerContextAware.java,6.0,0.0,0.0,1.0,0.0,1.0,16.0,chirino@apache.org,1,0.0031746031746031746,50.0,0.0,0.0,50.0,1186.1941747572816,19494.1589896162,1,0,1.0313600616589422,false
activemq-core/src/main/java/org/apache/activemq/broker/BrokerFilter.java,199.0,27.0,0.0,63.0,63.0,118.0,0.0,rajdavies@apache.org,0,0.0,0.0,0.0,0.0,0.0,0.0,0.0,0,20,0.0,true
activemq-core/src/main/java/org/apache/activemq/broker/BrokerService.java,1901.0,83.0,22833.0,219.0,480.0,567.0,6.0,null,3,0.009523809523809525,3.0,0.0,1.0,0.0,2986.188159719688,66781.71850279777,3,83,0.41856674659403437,true
activemq-core/src/main/java/org/apache/activemq/broker/CompositeDestinationBroker.java,63.0,3.0,6.0,4.0,20.0,18.0,2.0,chirino@apache.org,1,0.0031746031746031746,10.0,0.0,0.0,0.0,1186.1941747572816,19494.1589896162,1,2,1.0313600616589422,true
activemq-core/src/main/java/org/apache/activemq/broker/ConnectionContext.java,240.0,12.0,931.0,47.0,14.0,78.0,37.0,chirino@apache.org,1,0.0031746031746031746,4.0,0.0,0.0,0.0,1667.2571428571428,46401.23818478439,1,11,0.8737311174553591,true
activemq-core/src/main/java/org/apache/activemq/broker/EmptyBroker.java,158.0,28.0,1891.0,62.0,1.0,117.0,0.0,rajdavies@apache.org,0,0.0,0.0,0.0,0.0,0.0,0.0,0.0,0,19,0.0,true
activemq-core/src/main/java/org/apache/activemq/broker/ErrorBroker.java,199.0,28.0,0.0,63.0,1.0,128.0,0.0,rajdavies@apache.org,0,0.0,0.0,0.0,0.0,0.0,0.0,0.0,0,19,0.0,true
activemq-core/src/main/java/org/apache/activemq/broker/MutableBrokerFilter.java,205.0,28.0,2068.0,65.0,128.0,121.0,0.0,rajdavies@apache.org,0,0.0,0.0,0.0,0.0,0.0,0.0,0.0,0,19,0.0,true
activemq-core/src/main/java/org/apache/activemq/broker/ProducerBrokerExchange.java,103.0,6.0,59.0,14.0,5.0,23.0,37.0,gtully@apache.org,1,0.0031746031746031746,7.0,0.0,0.0,0.0,1667.2571428571428,46401.23818478439,1,4,0.8737311174553591,true
activemq-core/src/main/java/org/apache/activemq/broker/TransportConnection.java,1155.0,80.0,3513.0,98.0,460.0,299.0,16.0,null,2,0.006349206349206349,3.0,0.0,1.0,0.0,2853.4513176144246,65895.3971744006,2,50,0.35080320888744665,true
activemq-core/src/main/java/org/apache/activemq/broker/ft/MasterBroker.java,292.0,33.0,360.0,28.0,71.0,69.0,0.0,null,0,0.0,0.0,0.0,0.0,0.0,0.0,0.0,0,13,0.0,true
activemq-core/src/main/java/org/apache/activemq/broker/jmx/AbortSlowConsumerStrategyView.java,73.0,12.0,0.0,12.0,33.0,24.0,16.0,chirino@apache.org,1,0.0031746031746031746,33.0,0.0,0.0,0.0,1667.2571428571428,46401.23818478439,1,0,0.8737311174553591,false
activemq-core/src/main/java/org/apache/activemq/broker/jmx/AbortSlowConsumerStrategyViewMBean.java,12.0,3.0,45.0,10.0,0.0,17.0,16.0,chirino@apache.org,1,0.0031746031746031746,50.0,0.0,0.0,0.0,1667.2571428571428,46401.23818478439,1,0,0.8737311174553591,false
activemq-core/src/main/java/org/apache/activemq/broker/jmx/DestinationView.java,280.0,34.0,0.0,48.0,136.0,115.0,16.0,null,1,0.0031746031746031746,2.0,0.0,0.0,0.0,1667.2571428571428,46401.23818478439,1,20,0.8737311174553591,true
activemq-core/src/main/java/org/apache/activemq/broker/jmx/DestinationViewMBean.java,205.0,9.0,903.0,43.0,0.0,97.0,16.0,chirino@apache.org,1,0.0031746031746031746,3.0,0.0,0.0,0.0,1667.2571428571428,46401.23818478439,1,15,0.8737311174553591,true
activemq-core/src/main/java/org/apache/activemq/broker/jmx/DurableSubscriptionView.java,97.0,7.0,6.0,13.0,27.0,43.0,0.0,chirino@apache.org,0,0.0,0.0,0.0,0.0,0.0,0.0,0.0,0,4,0.0,false
activemq-core/src/main/java/org/apache/activemq/broker/jmx/ManagedRegionBroker.java,475.0,57.0,652.0,44.0,176.0,134.0,16.0,null,1,0.0031746031746031746,1.0,0.0,0.0,0.0,1667.2571428571428,46401.23818478439,1,27,0.8737311174553591,true
activemq-core/src/main/java/org/apache/activemq/broker/jmx/OpenTypeSupport.java,359.0,35.0,3.0,3.0,6.0,9.0,16.0,chirino@apache.org,1,0.0031746031746031746,5.0,0.0,0.0,0.0,1667.2571428571428,46401.23818478439,1,7,0.8737311174553591,true
activemq-core/src/main/java/org/apache/activemq/broker/region/AbstractRegion.java,364.0,30.0,139.0,30.0,149.0,96.0,37.0,null,1,0.0031746031746031746,1.0,0.0,0.0,0.0,1667.2571428571428,46401.23818478439,1,36,0.8737311174553591,true
activemq-core/src/main/java/org/apache/activemq/broker/region/AbstractSubscription.java,167.0,20.0,265.0,31.0,43.0,68.0,8.0,chirino@apache.org,1,0.0031746031746031746,3.0,0.0,0.0,0.0,1667.2571428571428,46401.23818478439,1,16,0.8737311174553591,true
activemq-core/src/main/java/org/apache/activemq/broker/region/BaseDestination.java,512.0,20.0,2833.0,79.0,74.0,148.0,9.0,rajdavies@apache.org,3,0.009523809523809525,5.0,2.0,2.0,0.0,2986.188159719688,66781.71850279777,3,26,0.2897599305617409,true
activemq-core/src/main/java/org/apache/activemq/broker/region/Destination.java,116.0,17.0,1225.0,50.0,0.0,66.0,16.0,null,1,0.0031746031746031746,2.0,0.0,0.0,0.0,1667.2571428571428,46401.23818478439,1,19,0.8737311174553591,true
activemq-core/src/main/java/org/apache/activemq/broker/region/DestinationFactoryImpl.java,105.0,15.0,0.0,10.0,24.0,30.0,0.0,rajdavies@apache.org,0,0.0,0.0,0.0,0.0,0.0,0.0,0.0,0,8,0.0,true
activemq-core/src/main/java/org/apache/activemq/broker/region/DestinationFilter.java,185.0,16.0,0.0,56.0,59.0,92.0,16.0,rajdavies@apache.org,1,0.0031746031746031746,3.0,0.0,0.0,0.0,1667.2571428571428,46401.23818478439,1,17,0.8737311174553591,true
activemq-core/src/main/java/org/apache/activemq/broker/region/DurableTopicSubscription.java,220.0,21.0,87.0,19.0,81.0,56.0,8.0,rajdavies@apache.org,1,0.0031746031746031746,1.0,0.0,0.0,0.0,1667.2571428571428,46401.23818478439,1,21,0.8737311174553591,true
activemq-core/src/main/java/org/apache/activemq/broker/region/MessageReference.java,33.0,3.0,153.0,18.0,0.0,22.0,0.0,chirino@apache.org,0,0.0,0.0,0.0,0.0,0.0,0.0,0.0,0,5,0.0,true
activemq-core/src/main/java/org/apache/activemq/broker/region/NullMessageReference.java,79.0,4.0,268.0,24.0,1.0,48.0,0.0,rajdavies@apache.org,0,0.0,0.0,0.0,0.0,0.0,0.0,0.0,0,3,0.0,false
activemq-core/src/main/java/org/apache/activemq/broker/region/PrefetchSubscription.java,573.0,28.0,543.0,42.0,173.0,129.0,7.0,null,1,0.0031746031746031746,2.0,0.0,1.0,1.0,1667.2571428571428,46401.23818478439,1,67,0.8737311174553591,true
activemq-core/src/main/java/org/apache/activemq/broker/region/Queue.java,1604.0,66.0,4230.0,101.0,607.0,326.0,2.0,null,3,0.009523809523809525,4.0,0.0,2.0,0.0,2986.188159719688,66781.71850279777,3,99,0.7245206710055697,true
activemq-core/src/main/java/org/apache/activemq/broker/region/QueueSubscription.java,72.0,13.0,34.0,9.0,21.0,28.0,2.0,chirino@apache.org,1,0.0031746031746031746,2.0,0.0,0.0,0.0,1667.2571428571428,46401.23818478439,1,20,0.8737311174553591,true
activemq-core/src/main/java/org/apache/activemq/broker/region/RegionBroker.java,679.0,51.0,2355.0,78.0,195.0,207.0,3.0,null,2,0.006349206349206349,2.0,0.0,2.0,0.0,207.4035087719298,1031.9758242997978,2,46,2.351186256972227,true
activemq-core/src/main/java/org/apache/activemq/broker/region/Subscription.java,158.0,12.0,595.0,35.0,0.0,76.0,8.0,chirino@apache.org,1,0.0031746031746031746,3.0,0.0,0.0,0.0,1667.2571428571428,46401.23818478439,1,13,0.8737311174553591,true
activemq-core/src/main/java/org/apache/activemq/broker/region/TempQueue.java,43.0,10.0,2.0,4.0,17.0,11.0,0.0,rajdavies@apache.org,0,0.0,0.0,0.0,0.0,0.0,0.0,0.0,0,4,0.0,true
activemq-core/src/main/java/org/apache/activemq/broker/region/Topic.java,468.0,38.0,562.0,40.0,194.0,123.0,5.0,rajdavies@apache.org,2,0.006349206349206349,2.0,0.0,2.0,0.0,1799.9939849624059,47287.559513181564,2,47,0.8737311174553591,true
activemq-core/src/main/java/org/apache/activemq/broker/region/TopicRegion.java,229.0,24.0,65.0,15.0,94.0,49.0,0.0,null,0,0.0,0.0,0.0,0.0,0.0,0.0,0.0,0,24,0.0,true
activemq-core/src/main/java/org/apache/activemq/broker/region/TopicSubscription.java,442.0,24.0,629.0,43.0,168.0,117.0,0.0,null,0,0.0,0.0,0.0,0.0,0.0,0.0,0.0,0,29,0.0,true
activemq-core/src/main/java/org/apache/activemq/broker/region/cursors/AbstractPendingMessageCursor.java,237.0,13.0,1107.0,50.0,19.0,97.0,0.0,rajdavies@apache.org,0,0.0,0.0,0.0,0.0,0.0,0.0,0.0,0,16,0.0,true
activemq-core/src/main/java/org/apache/activemq/broker/region/cursors/AbstractStoreCursor.java,220.0,8.0,155.0,27.0,75.0,72.0,4.0,gtully@apache.org,1,0.0031746031746031746,2.0,0.0,2.0,0.0,1667.2571428571428,46401.23818478439,1,11,0.8737311174553591,true
activemq-core/src/main/java/org/apache/activemq/broker/region/cursors/FilePendingMessageCursor.java,418.0,23.0,299.0,31.0,135.0,97.0,1.0,rajdavies@apache.org,1,0.0031746031746031746,2.0,0.0,2.0,0.0,132.73684210526315,886.3213283971699,1,20,2.26002547857525,true
activemq-core/src/main/java/org/apache/activemq/broker/region/cursors/OrderedPendingList.java,93.0,7.0,0.0,13.0,33.0,34.0,0.0,tabish@apache.org,0,0.0,0.0,0.0,0.0,0.0,0.0,0.0,0,0,0.0,true
activemq-core/src/main/java/org/apache/activemq/broker/region/cursors/PendingList.java,9.0,2.0,21.0,7.0,0.0,7.0,0.0,tabish@apache.org,0,0.0,0.0,0.0,0.0,0.0,0.0,0.0,0,0,0.0,true
activemq-core/src/main/java/org/apache/activemq/broker/region/cursors/PendingMessageCursor.java,207.0,10.0,861.0,42.0,0.0,82.0,0.0,rajdavies@apache.org,0,0.0,0.0,0.0,0.0,0.0,0.0,0.0,0,14,0.0,true
activemq-core/src/main/java/org/apache/activemq/broker/region/cursors/PendingNode.java,20.0,2.0,2.0,4.0,3.0,7.0,0.0,rajdavies@apache.org,0,0.0,0.0,0.0,0.0,0.0,0.0,0.0,0,0,0.0,false
activemq-core/src/main/java/org/apache/activemq/broker/region/cursors/PrioritizedPendingList.java,86.0,7.0,19.0,11.0,22.0,23.0,4.0,null,1,0.0031746031746031746,20.0,20.0,20.0,0.0,1186.1941747572816,19494.1589896162,1,0,1.0313600616589422,true
activemq-core/src/main/java/org/apache/activemq/broker/region/cursors/StoreDurableSubscriberCursor.java,249.0,16.0,0.0,28.0,63.0,80.0,0.0,rajdavies@apache.org,0,0.0,0.0,0.0,0.0,0.0,0.0,0.0,0,15,0.0,true
activemq-core/src/main/java/org/apache/activemq/broker/region/cursors/StoreQueueCursor.java,236.0,7.0,0.0,26.0,47.0,60.0,0.0,rajdavies@apache.org,0,0.0,0.0,0.0,0.0,0.0,0.0,0.0,0,12,0.0,true
activemq-core/src/main/java/org/apache/activemq/broker/region/cursors/TopicStorePrefetch.java,63.0,9.0,0.0,8.0,10.0,20.0,0.0,rajdavies@apache.org,0,0.0,0.0,0.0,0.0,0.0,0.0,0.0,0,14,0.0,true
activemq-core/src/main/java/org/apache/activemq/broker/region/cursors/VMPendingMessageCursor.java,144.0,8.0,3.0,15.0,38.0,38.0,0.0,rajdavies@apache.org,0,0.0,0.0,0.0,0.0,0.0,0.0,0.0,0,8,0.0,true
activemq-core/src/main/java/org/apache/activemq/broker/region/policy/AbortSlowConsumerStrategy.java,150.0,14.0,54.0,17.0,41.0,40.0,16.0,gtully@apache.org,1,0.0031746031746031746,20.0,0.0,0.0,0.0,1667.2571428571428,46401.23818478439,1,1,0.8737311174553591,false
activemq-core/src/main/java/org/apache/activemq/broker/region/policy/DispatchPolicy.java,11.0,4.0,0.0,1.0,0.0,5.0,1.0,chirino@apache.org,1,0.0031746031746031746,7.0,0.0,0.0,0.0,132.73684210526315,886.3213283971699,1,6,2.26002547857525,true
activemq-core/src/main/java/org/apache/activemq/broker/region/policy/FilePendingDurableSubscriberMessageStoragePolicy.java,19.0,5.0,0.0,1.0,1.0,2.0,0.0,rajdavies@apache.org,0,0.0,0.0,0.0,0.0,0.0,0.0,0.0,0,5,0.0,true
activemq-core/src/main/java/org/apache/activemq/broker/region/policy/FilePendingQueueMessageStoragePolicy.java,16.0,4.0,0.0,1.0,2.0,2.0,0.0,rajdavies@apache.org,0,0.0,0.0,0.0,0.0,0.0,0.0,0.0,0,3,0.0,true
activemq-core/src/main/java/org/apache/activemq/broker/region/policy/FilePendingSubscriberMessageStoragePolicy.java,17.0,5.0,0.0,1.0,1.0,2.0,0.0,rajdavies@apache.org,0,0.0,0.0,0.0,0.0,0.0,0.0,0.0,0,3,0.0,true
activemq-core/src/main/java/org/apache/activemq/broker/region/policy/FixedCountSubscriptionRecoveryPolicy.java,80.0,10.0,18.0,9.0,9.0,24.0,0.0,chirino@apache.org,0,0.0,0.0,0.0,0.0,0.0,0.0,0.0,0,7,0.0,false
activemq-core/src/main/java/org/apache/activemq/broker/region/policy/FixedSizedSubscriptionRecoveryPolicy.java,71.0,12.0,41.0,15.0,13.0,31.0,0.0,chirino@apache.org,0,0.0,0.0,0.0,0.0,0.0,0.0,0.0,0,5,0.0,true
activemq-core/src/main/java/org/apache/activemq/broker/region/policy/LastImageSubscriptionRecoveryPolicy.java,35.0,10.0,15.0,7.0,8.0,17.0,0.0,chirino@apache.org,0,0.0,0.0,0.0,0.0,0.0,0.0,0.0,0,5,0.0,true
activemq-core/src/main/java/org/apache/activemq/broker/region/policy/NoSubscriptionRecoveryPolicy.java,24.0,7.0,21.0,7.0,0.0,15.0,0.0,chirino@apache.org,0,0.0,0.0,0.0,0.0,0.0,0.0,0.0,0,5,0.0,true
activemq-core/src/main/java/org/apache/activemq/broker/region/policy/PendingSubscriberMessageStoragePolicy.java,14.0,3.0,0.0,1.0,0.0,2.0,0.0,rajdavies@apache.org,0,0.0,0.0,0.0,0.0,0.0,0.0,0.0,0,3,0.0,true
activemq-core/src/main/java/org/apache/activemq/broker/region/policy/PolicyEntry.java,611.0,17.0,4894.0,101.0,132.0,169.0,7.0,rajdavies@apache.org,2,0.006349206349206349,4.0,0.0,1.0,0.0,1799.9939849624059,47287.559513181564,2,27,1.1614131899071403,true
activemq-core/src/main/java/org/apache/activemq/broker/region/policy/PriorityNetworkDispatchPolicy.java,53.0,9.0,3.0,3.0,14.0,13.0,0.0,chirino@apache.org,0,0.0,0.0,0.0,0.0,0.0,0.0,0.0,0,1,0.0,true
activemq-core/src/main/java/org/apache/activemq/broker/region/policy/QueryBasedSubscriptionRecoveryPolicy.java,80.0,20.0,48.0,13.0,20.0,29.0,0.0,chirino@apache.org,0,0.0,0.0,0.0,0.0,0.0,0.0,0.0,0,5,0.0,true
activemq-core/src/main/java/org/apache/activemq/broker/region/policy/SimpleDispatchPolicy.java,21.0,4.0,0.0,1.0,4.0,5.0,4.0,chirino@apache.org,2,0.006349206349206349,13.0,0.0,0.0,7.0,1799.9939849624059,47287.559513181564,2,6,0.8737311174553591,true
activemq-core/src/main/java/org/apache/activemq/broker/region/policy/SlowConsumerEntry.java,27.0,1.0,15.0,7.0,0.0,10.0,16.0,chirino@apache.org,1,0.0031746031746031746,50.0,0.0,0.0,0.0,1667.2571428571428,46401.23818478439,1,0,0.8737311174553591,false
activemq-core/src/main/java/org/apache/activemq/broker/region/policy/SlowConsumerStrategy.java,4.0,3.0,1.0,2.0,0.0,2.0,16.0,rajdavies@apache.org,1,0.0031746031746031746,25.0,0.0,0.0,0.0,1667.2571428571428,46401.23818478439,1,1,0.8737311174553591,false
activemq-core/src/main/java/org/apache/activemq/broker/region/policy/SubscriptionRecoveryPolicy.java,36.0,8.0,10.0,5.0,0.0,12.0,0.0,chirino@apache.org,0,0.0,0.0,0.0,0.0,0.0,0.0,0.0,0,4,0.0,true
activemq-core/src/main/java/org/apache/activemq/broker/region/policy/TimedSubscriptionRecoveryPolicy.java,86.0,14.0,25.0,11.0,25.0,28.0,0.0,chirino@apache.org,0,0.0,0.0,0.0,0.0,0.0,0.0,0.0,0,5,0.0,true
activemq-core/src/main/java/org/apache/activemq/broker/region/policy/VMPendingDurableSubscriberMessageStoragePolicy.java,19.0,5.0,0.0,1.0,1.0,2.0,0.0,rajdavies@apache.org,0,0.0,0.0,0.0,0.0,0.0,0.0,0.0,0,5,0.0,true
activemq-core/src/main/java/org/apache/activemq/broker/region/policy/VMPendingQueueMessageStoragePolicy.java,15.0,4.0,0.0,1.0,1.0,2.0,0.0,rajdavies@apache.org,0,0.0,0.0,0.0,0.0,0.0,0.0,0.0,0,4,0.0,true
activemq-core/src/main/java/org/apache/activemq/broker/region/policy/VMPendingSubscriberMessageStoragePolicy.java,17.0,5.0,0.0,1.0,1.0,2.0,0.0,rajdavies@apache.org,0,0.0,0.0,0.0,0.0,0.0,0.0,0.0,0,3,0.0,true
activemq-core/src/main/java/org/apache/activemq/broker/region/virtual/SelectorAwareVirtualTopicInterceptor.java,31.0,11.0,3.0,3.0,11.0,11.0,0.0,rajdavies@apache.org,0,0.0,0.0,0.0,0.0,0.0,0.0,0.0,0,0,0.0,true
activemq-core/src/main/java/org/apache/activemq/broker/region/virtual/VirtualTopic.java,53.0,3.0,43.0,11.0,3.0,20.0,0.0,chirino@apache.org,0,0.0,0.0,0.0,0.0,0.0,0.0,0.0,0,3,0.0,true
activemq-core/src/main/java/org/apache/activemq/broker/util/LoggingBrokerPlugin.java,427.0,28.0,0.0,58.0,202.0,158.0,1.0,gtully@apache.org,1,0.0031746031746031746,5.0,0.0,0.0,0.0,1667.2571428571428,46401.23818478439,1,4,0.8737311174553591,true
activemq-core/src/main/java/org/apache/activemq/broker/util/TimeStampingBrokerPlugin.java,67.0,5.0,2.0,5.0,9.0,10.0,0.0,chirino@apache.org,0,0.0,0.0,0.0,0.0,0.0,0.0,0.0,0,7,0.0,true
activemq-core/src/main/java/org/apache/activemq/command/ActiveMQMessage.java,553.0,21.0,2912.0,77.0,186.0,213.0,2.0,null,1,0.0031746031746031746,12.0,6.0,3.0,0.0,1667.2571428571428,46401.23818478439,1,16,0.8737311174553591,true
activemq-core/src/main/java/org/apache/activemq/command/ConnectionInfo.java,172.0,1.0,338.0,29.0,5.0,48.0,37.0,chirino@apache.org,1,0.0031746031746031746,5.0,0.0,0.0,0.0,1667.2571428571428,46401.23818478439,1,6,0.8737311174553591,true
activemq-core/src/main/java/org/apache/activemq/command/Message.java,558.0,17.0,4678.0,101.0,32.0,188.0,0.0,null,0,0.0,0.0,0.0,0.0,0.0,0.0,0.0,0,20,0.0,true
activemq-core/src/main/java/org/apache/activemq/kaha/MessageAckWithLocation.java,7.0,2.0,0.0,1.0,1.0,1.0,7.0,chirino@apache.org,1,0.0031746031746031746,50.0,0.0,0.0,0.0,1667.2571428571428,46401.23818478439,1,0,0.8737311174553591,false
activemq-core/src/main/java/org/apache/activemq/kaha/impl/async/AsyncDataManager.java,627.0,26.0,1100.0,57.0,203.0,168.0,0.0,rajdavies@apache.org,0,0.0,0.0,0.0,0.0,0.0,0.0,0.0,0,26,0.0,true
activemq-core/src/main/java/org/apache/activemq/memory/list/SimpleMessageList.java,64.0,10.0,6.0,8.0,16.0,15.0,0.0,chirino@apache.org,0,0.0,0.0,0.0,0.0,0.0,0.0,0.0,0,4,0.0,true
activemq-core/src/main/java/org/apache/activemq/network/ConduitBridge.java,67.0,12.0,8.0,5.0,34.0,18.0,0.0,null,0,0.0,0.0,0.0,0.0,0.0,0.0,0.0,0,16,0.0,true
activemq-core/src/main/java/org/apache/activemq/network/DemandForwardingBridgeSupport.java,1066.0,67.0,2174.0,80.0,420.0,227.0,12.0,null,1,0.0031746031746031746,1.0,1.0,1.0,0.0,1667.2571428571428,46401.23818478439,1,39,0.8737311174553591,true
activemq-core/src/main/java/org/apache/activemq/network/DiscoveryNetworkConnector.java,189.0,19.0,43.0,15.0,55.0,42.0,9.0,chirino@apache.org,2,0.006349206349206349,7.0,0.0,0.0,0.0,2853.4513176144246,65895.3971744006,2,17,0.34230291196293505,true
activemq-core/src/main/java/org/apache/activemq/network/NetworkBridgeConfiguration.java,233.0,2.0,665.0,38.0,0.0,60.0,0.0,null,0,0.0,0.0,0.0,0.0,0.0,0.0,0.0,0,6,0.0,true
activemq-core/src/main/java/org/apache/activemq/openwire/v6/ConnectionInfoMarshaller.java,134.0,5.0,21.0,7.0,67.0,22.0,37.0,chirino@apache.org,1,0.0031746031746031746,20.0,0.0,0.0,0.0,1667.2571428571428,46401.23818478439,1,2,0.8737311174553591,true
activemq-core/src/main/java/org/apache/activemq/plugin/DiscardingDLQBroker.java,96.0,9.0,57.0,14.0,18.0,27.0,0.0,rajdavies@apache.org,0,0.0,0.0,0.0,0.0,0.0,0.0,0.0,0,0,0.0,false
activemq-core/src/main/java/org/apache/activemq/proxy/ProxyConnector.java,119.0,15.0,105.0,19.0,32.0,43.0,0.0,chirino@apache.org,0,0.0,0.0,0.0,0.0,0.0,0.0,0.0,0,7,0.0,true
activemq-core/src/main/java/org/apache/activemq/security/SimpleAuthenticationBroker.java,74.0,10.0,18.0,9.0,18.0,19.0,0.0,chirino@apache.org,0,0.0,0.0,0.0,0.0,0.0,0.0,0.0,0,6,0.0,true
activemq-core/src/main/java/org/apache/activemq/security/SimpleAuthenticationPlugin.java,72.0,10.0,27.0,11.0,15.0,16.0,0.0,chirino@apache.org,0,0.0,0.0,0.0,0.0,0.0,0.0,0.0,0,4,0.0,false
activemq-core/src/main/java/org/apache/activemq/spring/SpringBrokerContext.java,17.0,5.0,0.0,3.0,2.0,7.0,14.0,chirino@apache.org,1,0.0031746031746031746,67.0,33.0,0.0,33.0,1186.1941747572816,19494.1589896162,1,0,1.0313600616589422,false
activemq-core/src/main/java/org/apache/activemq/state/ConnectionStateTracker.java,536.0,30.0,410.0,44.0,182.0,134.0,14.0,null,1,0.0031746031746031746,7.0,2.0,2.0,0.0,1667.2571428571428,46401.23818478439,1,14,0.8737311174553591,true
activemq-core/src/main/java/org/apache/activemq/store/AbstractMessageStore.java,55.0,10.0,72.0,13.0,4.0,26.0,7.0,rajdavies@apache.org,1,0.0031746031746031746,9.0,9.0,0.0,0.0,1186.1941747572816,19494.1589896162,1,3,1.0313600616589422,false
activemq-core/src/main/java/org/apache/activemq/store/MessageStore.java,99.0,9.0,153.0,18.0,0.0,42.0,7.0,chirino@apache.org,2,0.006349206349206349,9.0,4.0,0.0,0.0,2853.4513176144246,65895.3971744006,2,9,0.25939840899720534,true
activemq-core/src/main/java/org/apache/activemq/store/PersistenceAdapter.java,102.0,11.0,136.0,17.0,0.0,41.0,37.0,chirino@apache.org,1,0.0031746031746031746,6.0,0.0,0.0,0.0,1667.2571428571428,46401.23818478439,1,5,0.8737311174553591,true
activemq-core/src/main/java/org/apache/activemq/store/ProxyMessageStore.java,72.0,8.0,0.0,22.0,20.0,44.0,7.0,chirino@apache.org,1,0.0031746031746031746,5.0,5.0,0.0,0.0,1186.1941747572816,19494.1589896162,1,8,1.0313600616589422,true
activemq-core/src/main/java/org/apache/activemq/store/ProxyTopicMessageStore.java,99.0,9.0,0.0,31.0,29.0,64.0,7.0,chirino@apache.org,1,0.0031746031746031746,4.0,4.0,0.0,0.0,1186.1941747572816,19494.1589896162,1,9,1.0313600616589422,true
activemq-core/src/main/java/org/apache/activemq/store/TransactionStore.java,10.0,3.0,6.0,4.0,0.0,8.0,0.0,chirino@apache.org,0,0.0,0.0,0.0,0.0,0.0,0.0,0.0,0,3,0.0,true
activemq-core/src/main/java/org/apache/activemq/store/amq/AMQMessageStore.java,508.0,37.0,24.0,33.0,188.0,118.0,4.0,rajdavies@apache.org,1,0.0031746031746031746,9.0,3.0,0.0,3.0,1667.2571428571428,46401.23818478439,1,14,0.8737311174553591,true
activemq-core/src/main/java/org/apache/activemq/store/amq/AMQPersistenceAdapter.java,921.0,56.0,4412.0,100.0,236.0,238.0,22.0,rajdavies@apache.org,1,0.0031746031746031746,3.0,0.0,0.0,0.0,1667.2571428571428,46401.23818478439,1,32,0.8737311174553591,true
activemq-core/src/main/java/org/apache/activemq/store/amq/AMQPersistenceAdapterFactory.java,270.0,8.0,857.0,43.0,42.0,68.0,0.0,rajdavies@apache.org,0,0.0,0.0,0.0,0.0,0.0,0.0,0.0,0,8,0.0,true
activemq-core/src/main/java/org/apache/activemq/store/amq/AMQTopicMessageStore.java,203.0,20.0,0.0,15.0,51.0,44.0,0.0,rajdavies@apache.org,0,0.0,0.0,0.0,0.0,0.0,0.0,0.0,0,12,0.0,true
activemq-core/src/main/java/org/apache/activemq/store/amq/AMQTransactionStore.java,228.0,14.0,39.0,18.0,42.0,52.0,0.0,rajdavies@apache.org,0,0.0,0.0,0.0,0.0,0.0,0.0,0.0,0,8,0.0,false
activemq-core/src/main/java/org/apache/activemq/store/amq/RecoveryListenerAdapter.java,45.0,6.0,6.0,8.0,9.0,20.0,9.0,rajdavies@apache.org,1,0.0031746031746031746,7.0,0.0,7.0,0.0,1667.2571428571428,46401.23818478439,1,8,0.8737311174553591,true
activemq-core/src/main/java/org/apache/activemq/store/jdbc/JDBCAdapter.java,35.0,7.0,435.0,30.0,0.0,57.0,16.0,chirino@apache.org,2,0.006349206349206349,9.0,3.0,0.0,0.0,2853.4513176144246,65895.3971744006,2,6,0.34230291196293505,true
activemq-core/src/main/java/org/apache/activemq/store/jdbc/JDBCMessageStore.java,244.0,17.0,0.0,18.0,102.0,63.0,16.0,null,2,0.006349206349206349,8.0,3.0,0.0,0.0,2853.4513176144246,65895.3971744006,2,10,0.34230291196293505,true
activemq-core/src/main/java/org/apache/activemq/store/jdbc/JDBCPersistenceAdapter.java,577.0,35.0,2501.0,75.0,137.0,178.0,37.0,null,1,0.0031746031746031746,1.0,0.0,0.0,0.0,1667.2571428571428,46401.23818478439,1,23,0.8737311174553591,true
activemq-core/src/main/java/org/apache/activemq/store/jdbc/JDBCTopicMessageStore.java,178.0,16.0,103.0,15.0,74.0,51.0,17.0,chirino@apache.org,2,0.006349206349206349,8.0,0.0,2.0,0.0,2853.4513176144246,65895.3971744006,2,9,0.28975993056174065,true
activemq-core/src/main/java/org/apache/activemq/store/jdbc/Statements.java,505.0,0.0,3975.0,91.0,51.0,174.0,12.0,null,2,0.006349206349206349,8.0,2.0,0.0,0.0,2853.4513176144246,65895.3971744006,2,12,0.42961768098923814,true
activemq-core/src/main/java/org/apache/activemq/store/jdbc/adapter/DefaultJDBCAdapter.java,759.0,25.0,0.0,39.0,338.0,143.0,14.0,null,2,0.006349206349206349,6.0,1.0,1.0,0.0,2853.4513176144246,65895.3971744006,2,22,0.25939840899720534,true
activemq-core/src/main/java/org/apache/activemq/store/journal/JournalPersistenceAdapter.java,565.0,56.0,1196.0,57.0,143.0,150.0,37.0,chirino@apache.org,1,0.0031746031746031746,2.0,0.0,0.0,0.0,1667.2571428571428,46401.23818478439,1,16,0.8737311174553591,true
activemq-core/src/main/java/org/apache/activemq/store/journal/JournalTransactionStore.java,273.0,15.0,40.0,16.0,39.0,48.0,0.0,chirino@apache.org,0,0.0,0.0,0.0,0.0,0.0,0.0,0.0,0,8,0.0,true
activemq-core/src/main/java/org/apache/activemq/store/kahadaptor/KahaPersistenceAdapter.java,276.0,35.0,647.0,39.0,77.0,100.0,37.0,rajdavies@apache.org,1,0.0031746031746031746,2.0,0.0,0.0,0.0,1667.2571428571428,46401.23818478439,1,13,0.8737311174553591,true
activemq-core/src/main/java/org/apache/activemq/store/kahadaptor/KahaReferenceStore.java,244.0,19.0,69.0,23.0,86.0,59.0,7.0,rajdavies@apache.org,1,0.0031746031746031746,3.0,0.0,0.0,0.0,1667.2571428571428,46401.23818478439,1,17,0.8737311174553591,true
activemq-core/src/main/java/org/apache/activemq/store/kahadaptor/KahaReferenceStoreAdapter.java,315.0,33.0,605.0,38.0,108.0,94.0,7.0,rajdavies@apache.org,1,0.0031746031746031746,2.0,0.0,0.0,0.0,1667.2571428571428,46401.23818478439,1,18,0.8737311174553591,true
activemq-core/src/main/java/org/apache/activemq/store/kahadaptor/KahaTopicReferenceStore.java,324.0,22.0,148.0,24.0,146.0,82.0,5.0,rajdavies@apache.org,1,0.0031746031746031746,4.0,0.0,2.0,0.0,1667.2571428571428,46401.23818478439,1,26,0.8737311174553591,true
activemq-core/src/main/java/org/apache/activemq/store/kahadaptor/KahaTransactionStore.java,157.0,22.0,166.0,21.0,53.0,51.0,0.0,chirino@apache.org,0,0.0,0.0,0.0,0.0,0.0,0.0,0.0,0,8,0.0,true
activemq-core/src/main/java/org/apache/activemq/store/kahadb/KahaDBPersistenceAdapter.java,371.0,16.0,0.0,62.0,63.0,110.0,16.0,gtully@apache.org,1,0.0031746031746031746,8.0,0.0,3.0,3.0,1667.2571428571428,46401.23818478439,1,2,0.8737311174553591,true
activemq-core/src/main/java/org/apache/activemq/store/kahadb/KahaDBStore.java,1013.0,66.0,869.0,43.0,88.0,104.0,5.0,gtully@apache.org,3,0.009523809523809525,20.0,3.0,8.0,4.0,2986.188159719688,66781.71850279777,3,14,0.4506032338933599,true
activemq-core/src/main/java/org/apache/activemq/store/kahadb/KahaDBTransactionStore.java,353.0,35.0,445.0,34.0,105.0,102.0,4.0,gtully@apache.org,1,0.0031746031746031746,14.0,0.0,5.0,0.0,1667.2571428571428,46401.23818478439,1,0,0.8737311174553591,true
activemq-core/src/main/java/org/apache/activemq/store/kahadb/MessageDatabase.java,1720.0,63.0,5750.0,116.0,401.0,313.0,5.0,gtully@apache.org,2,0.006349206349206349,10.0,2.0,2.0,3.0,1799.9939849624059,47287.559513181564,2,10,0.6993150695338433,true
activemq-core/src/main/java/org/apache/activemq/store/kahadb/TempKahaDBStore.java,448.0,43.0,349.0,27.0,62.0,75.0,37.0,gtully@apache.org,1,0.0031746031746031746,12.0,0.0,0.0,0.0,1667.2571428571428,46401.23818478439,1,2,0.8737311174553591,true
activemq-core/src/main/java/org/apache/activemq/store/kahadb/Visitor.java,20.0,10.0,36.0,9.0,0.0,17.0,37.0,gtully@apache.org,1,0.0031746031746031746,33.0,0.0,0.0,0.0,1667.2571428571428,46401.23818478439,1,1,0.8737311174553591,true
activemq-core/src/main/java/org/apache/activemq/store/kahadb/plist/PListStore.java,275.0,28.0,237.0,26.0,48.0,66.0,2.0,gtully@apache.org,2,0.006349206349206349,11.0,0.0,6.0,0.0,1799.9939849624059,47287.559513181564,2,1,0.8737311174553591,true
activemq-core/src/main/java/org/apache/activemq/store/memory/MemoryPersistenceAdapter.java,140.0,19.0,268.0,25.0,23.0,55.0,37.0,chirino@apache.org,1,0.0031746031746031746,4.0,0.0,0.0,0.0,1667.2571428571428,46401.23818478439,1,9,0.8737311174553591,true
activemq-core/src/main/java/org/apache/activemq/store/memory/MemoryTransactionStore.java,229.0,19.0,260.0,25.0,51.0,63.0,3.0,chirino@apache.org,1,0.0031746031746031746,5.0,0.0,0.0,0.0,1667.2571428571428,46401.23818478439,1,8,0.8737311174553591,true
activemq-core/src/main/java/org/apache/activemq/thread/Scheduler.java,43.0,5.0,0.0,8.0,10.0,12.0,0.0,chirino@apache.org,0,0.0,0.0,0.0,0.0,0.0,0.0,0.0,0,8,0.0,true
activemq-core/src/main/java/org/apache/activemq/transaction/LocalTransaction.java,68.0,8.0,0.0,6.0,24.0,15.0,2.0,chirino@apache.org,1,0.0031746031746031746,7.0,0.0,0.0,0.0,1667.2571428571428,46401.23818478439,1,5,0.8737311174553591,true
activemq-core/src/main/java/org/apache/activemq/transaction/Synchronization.java,13.0,0.0,6.0,4.0,0.0,10.0,0.0,chirino@apache.org,0,0.0,0.0,0.0,0.0,0.0,0.0,0.0,0,3,0.0,true
activemq-core/src/main/java/org/apache/activemq/transaction/Transaction.java,129.0,11.0,156.0,21.0,30.0,51.0,0.0,chirino@apache.org,0,0.0,0.0,0.0,0.0,0.0,0.0,0.0,0,8,0.0,true
activemq-core/src/main/java/org/apache/activemq/transaction/XATransaction.java,132.0,9.0,0.0,11.0,37.0,33.0,4.0,chirino@apache.org,1,0.0031746031746031746,6.0,6.0,0.0,0.0,1667.2571428571428,46401.23818478439,1,5,0.8737311174553591,true
activemq-core/src/main/java/org/apache/activemq/transport/discovery/DiscoveryTransport.java,59.0,11.0,0.0,8.0,13.0,15.0,5.0,chirino@apache.org,1,0.0031746031746031746,6.0,0.0,0.0,0.0,1667.2571428571428,46401.23818478439,1,6,0.8737311174553591,true
activemq-core/src/main/java/org/apache/activemq/transport/discovery/DiscoveryTransportFactory.java,30.0,11.0,3.0,3.0,8.0,9.0,5.0,chirino@apache.org,1,0.0031746031746031746,7.0,0.0,0.0,0.0,1667.2571428571428,46401.23818478439,1,5,0.8737311174553591,true
activemq-core/src/main/java/org/apache/activemq/transport/discovery/multicast/MulticastDiscoveryAgent.java,456.0,23.0,721.0,43.0,98.0,89.0,1.0,chirino@apache.org,1,0.0031746031746031746,3.0,0.0,0.0,0.0,1667.2571428571428,46401.23818478439,1,13,0.8737311174553591,true
activemq-core/src/main/java/org/apache/activemq/transport/failover/FailoverTransport.java,939.0,42.0,2451.0,78.0,233.0,206.0,14.0,null,2,0.006349206349206349,2.0,1.0,2.0,0.0,1799.9939849624059,47287.559513181564,2,46,0.6993150695338433,true
activemq-core/src/main/java/org/apache/activemq/transport/fanout/FanoutTransport.java,469.0,28.0,611.0,39.0,88.0,100.0,0.0,chirino@apache.org,0,0.0,0.0,0.0,0.0,0.0,0.0,0.0,0,14,0.0,true
activemq-core/src/main/java/org/apache/activemq/transport/fanout/FanoutTransportFactory.java,42.0,15.0,10.0,5.0,6.0,16.0,3.0,chirino@apache.org,1,0.0031746031746031746,17.0,0.0,0.0,8.0,1667.2571428571428,46401.23818478439,1,4,0.8737311174553591,true
activemq-core/src/main/java/org/apache/activemq/transport/nio/NIOTransport.java,55.0,17.0,8.0,8.0,16.0,18.0,1.0,chirino@apache.org,1,0.0031746031746031746,6.0,0.0,0.0,0.0,1667.2571428571428,46401.23818478439,1,4,0.8737311174553591,true
activemq-core/src/main/java/org/apache/activemq/transport/stomp/FrameTranslator.java,78.0,7.0,6.0,4.0,0.0,7.0,3.0,chirino@apache.org,1,0.0031746031746031746,6.0,0.0,0.0,0.0,1186.1941747572816,19494.1589896162,1,8,1.0313600616589422,true
activemq-core/src/main/java/org/apache/activemq/transport/stomp/JmsFrameTranslator.java,173.0,23.0,41.0,10.0,55.0,44.0,10.0,tabish@apache.org,1,0.0031746031746031746,20.0,0.0,0.0,10.0,1186.1941747572816,19494.1589896162,1,2,1.0313600616589422,false
activemq-core/src/main/java/org/apache/activemq/transport/stomp/LegacyFrameTranslator.java,144.0,9.0,10.0,5.0,40.0,24.0,2.0,chirino@apache.org,2,0.006349206349206349,11.0,0.0,5.0,0.0,1318.9310168625448,20380.48031801337,2,6,0.9525455895571507,true
activemq-core/src/main/java/org/apache/activemq/transport/stomp/ProtocolConverter.java,467.0,45.0,222.0,28.0,243.0,99.0,9.0,null,1,0.0031746031746031746,4.0,0.0,2.0,2.0,1186.1941747572816,19494.1589896162,1,11,1.0313600616589422,true
activemq-core/src/main/java/org/apache/activemq/transport/stomp/Stomp.java,101.0,0.0,1.0,2.0,6.0,5.0,2.0,chirino@apache.org,2,0.006349206349206349,9.0,0.0,0.0,0.0,1318.9310168625448,20380.48031801337,2,4,0.9525455895571507,true
activemq-core/src/main/java/org/apache/activemq/transport/stomp/StompConnection.java,185.0,8.0,375.0,30.0,69.0,73.0,4.0,dejanb@apache.org,1,0.0031746031746031746,6.0,0.0,0.0,0.0,1186.1941747572816,19494.1589896162,1,4,1.0313600616589422,true
activemq-core/src/main/java/org/apache/activemq/transport/stomp/StompNIOTransport.java,135.0,24.0,4.0,9.0,34.0,26.0,3.0,dejanb@apache.org,2,0.006349206349206349,14.0,7.0,7.0,0.0,1260.8608414239484,19639.81348551883,2,1,1.7368535485140733,true
activemq-core/src/main/java/org/apache/activemq/transport/stomp/StompNIOTransportFactory.java,32.0,18.0,19.0,7.0,2.0,19.0,16.0,tabish@apache.org,1,0.0031746031746031746,14.0,0.0,0.0,14.0,1186.1941747572816,19494.1589896162,1,0,1.0313600616589422,true
activemq-core/src/main/java/org/apache/activemq/transport/stomp/StompSslTransportFactory.java,18.0,8.0,1.0,3.0,2.0,6.0,16.0,tabish@apache.org,1,0.0031746031746031746,8.0,0.0,0.0,8.0,1186.1941747572816,19494.1589896162,1,2,1.0313600616589422,true
activemq-core/src/main/java/org/apache/activemq/transport/stomp/StompSubscription.java,136.0,15.0,21.0,11.0,45.0,28.0,0.0,chirino@apache.org,0,0.0,0.0,0.0,0.0,0.0,0.0,0.0,0,10,0.0,true
activemq-core/src/main/java/org/apache/activemq/transport/stomp/StompTransportFactory.java,21.0,9.0,4.0,4.0,2.0,8.0,16.0,chirino@apache.org,1,0.0031746031746031746,5.0,0.0,0.0,5.0,1186.1941747572816,19494.1589896162,1,5,1.0313600616589422,true
activemq-core/src/main/java/org/apache/activemq/transport/stomp/StompTransportFilter.java,72.0,12.0,8.0,9.0,11.0,21.0,16.0,chirino@apache.org,1,0.0031746031746031746,4.0,0.0,0.0,4.0,1186.1941747572816,19494.1589896162,1,5,1.0313600616589422,true
activemq-core/src/main/java/org/apache/activemq/transport/stomp/StompWireFormat.java,150.0,12.0,41.0,10.0,47.0,45.0,4.0,chirino@apache.org,1,0.0031746031746031746,4.0,0.0,0.0,0.0,1186.1941747572816,19494.1589896162,1,9,1.0313600616589422,true
activemq-core/src/main/java/org/apache/activemq/transport/tcp/TcpTransport.java,494.0,29.0,1411.0,58.0,72.0,133.0,1.0,null,1,0.0031746031746031746,3.0,0.0,3.0,0.0,1667.2571428571428,46401.23818478439,1,24,0.8737311174553591,true
activemq-core/src/main/java/org/apache/activemq/transport/udp/UdpTransport.java,353.0,26.0,1047.0,51.0,60.0,122.0,2.0,chirino@apache.org,1,0.0031746031746031746,3.0,0.0,3.0,0.0,1667.2571428571428,46401.23818478439,1,11,0.8737311174553591,true
activemq-core/src/main/java/org/apache/activemq/usage/SystemUsage.java,193.0,6.0,115.0,26.0,33.0,47.0,0.0,rajdavies@apache.org,0,0.0,0.0,0.0,0.0,0.0,0.0,0.0,0,3,0.0,false
activemq-core/src/main/java/org/apache/activemq/usage/Usage.java,331.0,10.0,333.0,39.0,69.0,91.0,0.0,gtully@apache.org,0,0.0,0.0,0.0,0.0,0.0,0.0,0.0,0,11,0.0,true
activemq-core/src/main/java/org/apache/activemq/util/BitArray.java,109.0,4.0,0.0,10.0,11.0,24.0,37.0,chirino@apache.org,1,0.0031746031746031746,14.0,0.0,0.0,0.0,1667.2571428571428,46401.23818478439,1,2,0.8737311174553591,true
activemq-core/src/main/java/org/apache/activemq/util/BitArrayBin.java,146.0,2.0,4.0,8.0,16.0,30.0,37.0,rajdavies@apache.org,1,0.0031746031746031746,9.0,0.0,0.0,0.0,1667.2571428571428,46401.23818478439,1,5,0.8737311174553591,true
activemq-core/src/main/java/org/apache/activemq/util/IOHelper.java,198.0,10.0,153.0,18.0,51.0,57.0,1.0,rajdavies@apache.org,1,0.0031746031746031746,13.0,0.0,7.0,0.0,132.73684210526315,886.3213283971699,1,7,2.26002547857525,true
activemq-core/src/main/java/org/apache/activemq/util/JettisonMappedXmlDriver.java,61.0,17.0,3.0,6.0,4.0,25.0,4.0,tabish@apache.org,2,0.006349206349206349,67.0,0.0,0.0,0.0,1233.527508090615,19516.815844034514,2,0,1.1552781436112327,false
activemq-core/src/main/java/org/apache/activemq/xbean/XBeanBrokerService.java,56.0,7.0,17.0,7.0,12.0,14.0,9.0,chirino@apache.org,1,0.0031746031746031746,13.0,0.0,0.0,4.0,1186.1941747572816,19494.1589896162,1,1,1.0313600616589422,true
activemq-core/src/test/java/org/apache/activemq/ExclusiveConsumerStartupDestinationTest.java,117.0,12.0,15.0,6.0,39.0,15.0,4.0,tabish@apache.org,1,0.0031746031746031746,50.0,0.0,0.0,0.0,132.73684210526315,886.3213283971699,1,0,2.26002547857525,false
activemq-core/src/test/java/org/apache/activemq/JMSConsumerTest.java,610.0,27.0,755.0,50.0,381.0,103.0,4.0,chirino@apache.org,1,0.0031746031746031746,3.0,0.0,3.0,0.0,1667.2571428571428,46401.23818478439,1,13,0.8737311174553591,true
activemq-core/src/test/java/org/apache/activemq/JMSXAConsumerTest.java,16.0,2.0,15.0,6.0,1.0,13.0,2.0,tabish@apache.org,1,0.0031746031746031746,50.0,0.0,50.0,0.0,1667.2571428571428,46401.23818478439,1,0,0.8737311174553591,false
activemq-core/src/test/java/org/apache/activemq/JmsMultipleClientsTestSupport.java,193.0,25.0,133.0,22.0,87.0,64.0,0.0,chirino@apache.org,0,0.0,0.0,0.0,0.0,0.0,0.0,0.0,0,5,0.0,false
activemq-core/src/test/java/org/apache/activemq/JmsRollbackRedeliveryTest.java,239.0,14.0,0.0,14.0,140.0,50.0,2.0,gtully@apache.org,1,0.0031746031746031746,20.0,0.0,10.0,0.0,1667.2571428571428,46401.23818478439,1,2,0.8737311174553591,true
activemq-core/src/test/java/org/apache/activemq/JmsTopicSelectorTest.java,135.0,12.0,3.0,7.0,47.0,27.0,9.0,chirino@apache.org,1,0.0031746031746031746,10.0,0.0,10.0,0.0,1667.2571428571428,46401.23818478439,1,2,0.8737311174553591,true
activemq-core/src/test/java/org/apache/activemq/MessageEvictionTest.java,191.0,38.0,13.0,14.0,141.0,41.0,0.0,gtully@apache.org,0,0.0,0.0,0.0,0.0,0.0,0.0,0.0,0,2,0.0,true
activemq-core/src/test/java/org/apache/activemq/MessageListenerRedeliveryTest.java,235.0,20.0,65.0,15.0,100.0,44.0,6.0,chirino@apache.org,1,0.0031746031746031746,8.0,0.0,8.0,0.0,1667.2571428571428,46401.23818478439,1,4,0.8737311174553591,true
activemq-core/src/test/java/org/apache/activemq/PerDestinationStoreLimitTest.java,125.0,22.0,22.0,9.0,57.0,32.0,37.0,tabish@apache.org,1,0.0031746031746031746,25.0,0.0,0.0,0.0,1667.2571428571428,46401.23818478439,1,1,0.8737311174553591,true
activemq-core/src/test/java/org/apache/activemq/RedeliveryPolicyTest.java,284.0,6.0,45.0,10.0,138.0,19.0,6.0,chirino@apache.org,1,0.0031746031746031746,7.0,0.0,7.0,0.0,1667.2571428571428,46401.23818478439,1,2,0.8737311174553591,true
activemq-core/src/test/java/org/apache/activemq/TestSupport.java,129.0,23.0,153.0,18.0,34.0,53.0,9.0,chirino@apache.org,1,0.0031746031746031746,6.0,0.0,6.0,0.0,1667.2571428571428,46401.23818478439,1,3,0.8737311174553591,true
activemq-core/src/test/java/org/apache/activemq/blob/FTPTestSupport.java,59.0,15.0,0.0,3.0,27.0,8.0,1.0,dejanb@apache.org,1,0.0031746031746031746,20.0,20.0,0.0,0.0,1186.1941747572816,19494.1589896162,1,0,1.0313600616589422,true
activemq-core/src/test/java/org/apache/activemq/broker/BrokerRestartTestSupport.java,31.0,5.0,3.0,3.0,7.0,9.0,0.0,chirino@apache.org,0,0.0,0.0,0.0,0.0,0.0,0.0,0.0,0,3,0.0,true
activemq-core/src/test/java/org/apache/activemq/broker/ft/MasterSlaveProducerFlowControlTest.java,21.0,8.0,0.0,1.0,12.0,3.0,1.0,tabish@apache.org,1,0.0031746031746031746,25.0,0.0,0.0,0.0,1667.2571428571428,46401.23818478439,1,1,0.8737311174553591,true
activemq-core/src/test/java/org/apache/activemq/broker/ft/TransactedTopicMasterSlaveTest.java,73.0,7.0,13.0,7.0,24.0,17.0,6.0,rajdavies@apache.org,1,0.0031746031746031746,6.0,0.0,6.0,0.0,1667.2571428571428,46401.23818478439,1,5,0.8737311174553591,true
activemq-core/src/test/java/org/apache/activemq/broker/policy/AbortSlowConsumerTest.java,171.0,24.0,108.0,17.0,118.0,36.0,16.0,tabish@apache.org,1,0.0031746031746031746,17.0,0.0,0.0,0.0,1667.2571428571428,46401.23818478439,1,0,0.8737311174553591,true
activemq-core/src/test/java/org/apache/activemq/broker/region/DestinationRemoveRestartTest.java,72.0,4.0,0.0,9.0,41.0,27.0,3.0,tabish@apache.org,1,0.0031746031746031746,25.0,25.0,0.0,25.0,1667.2571428571428,46401.23818478439,1,1,0.8737311174553591,true
activemq-core/src/test/java/org/apache/activemq/broker/region/QueueDuplicatesFromStoreTest.java,213.0,30.0,904.0,44.0,59.0,100.0,8.0,gtully@apache.org,1,0.0031746031746031746,8.0,0.0,0.0,0.0,1667.2571428571428,46401.23818478439,1,2,0.8737311174553591,true
activemq-core/src/test/java/org/apache/activemq/broker/region/cursors/NegativeQueueTest.java,265.0,34.0,58.0,17.0,62.0,49.0,3.0,gtully@apache.org,1,0.0031746031746031746,8.0,0.0,0.0,0.0,1667.2571428571428,46401.23818478439,1,1,0.8737311174553591,false
activemq-core/src/test/java/org/apache/activemq/broker/virtual/CompositeQueueTest.java,73.0,16.0,32.0,9.0,22.0,24.0,0.0,chirino@apache.org,0,0.0,0.0,0.0,0.0,0.0,0.0,0.0,0,3,0.0,false
activemq-core/src/test/java/org/apache/activemq/broker/virtual/VirtualTopicSelectorTest.java,50.0,15.0,10.0,5.0,19.0,13.0,0.0,tabish@apache.org,0,0.0,0.0,0.0,0.0,0.0,0.0,0.0,0,0,0.0,false
activemq-core/src/test/java/org/apache/activemq/bugs/AMQ1893Test.java,106.0,20.0,1.0,3.0,6.0,6.0,1.0,tabish@apache.org,1,0.0031746031746031746,33.0,33.0,0.0,0.0,1667.2571428571428,46401.23818478439,1,0,0.8737311174553591,false
activemq-core/src/test/java/org/apache/activemq/bugs/AMQ2021Test.java,171.0,21.0,0.0,8.0,43.0,23.0,6.0,tabish@apache.org,1,0.0031746031746031746,17.0,0.0,17.0,0.0,1667.2571428571428,46401.23818478439,1,1,0.8737311174553591,true
activemq-core/src/test/java/org/apache/activemq/bugs/AMQ2084Test.java,120.0,27.0,4.0,9.0,54.0,25.0,0.0,tabish@apache.org,0,0.0,0.0,0.0,0.0,0.0,0.0,0.0,0,0,0.0,false
activemq-core/src/test/java/org/apache/activemq/bugs/AMQ2149KahaDBTest.java,4.0,2.0,0.0,1.0,0.0,2.0,2.0,gtully@apache.org,1,0.0031746031746031746,80.0,0.0,80.0,0.0,1667.2571428571428,46401.23818478439,1,0,0.8737311174553591,true
activemq-core/src/test/java/org/apache/activemq/bugs/AMQ2149Test.java,3.0,27.0,0.0,1.0,0.0,2.0,4.0,gtully@apache.org,1,0.0031746031746031746,11.0,6.0,6.0,0.0,1667.2571428571428,46401.23818478439,1,7,0.8737311174553591,true
activemq-core/src/test/java/org/apache/activemq/bugs/AMQ2413Test.java,200.0,24.0,7.0,7.0,33.0,22.0,0.0,gtully@apache.org,0,0.0,0.0,0.0,0.0,0.0,0.0,0.0,0,0,0.0,true
activemq-core/src/test/java/org/apache/activemq/bugs/AMQ2580Test.java,124.0,16.0,48.0,17.0,61.0,38.0,9.0,tabish@apache.org,1,0.0031746031746031746,25.0,0.0,25.0,0.0,1667.2571428571428,46401.23818478439,1,0,0.8737311174553591,true
activemq-core/src/test/java/org/apache/activemq/bugs/AMQ2751Test.java,46.0,14.0,1.0,3.0,26.0,11.0,0.0,tabish@apache.org,0,0.0,0.0,0.0,0.0,0.0,0.0,0.0,0,0,0.0,false
activemq-core/src/test/java/org/apache/activemq/bugs/AMQ2832Test.java,103.0,17.0,4.0,5.0,34.0,14.0,5.0,tabish@apache.org,1,0.0031746031746031746,33.0,0.0,0.0,33.0,1667.2571428571428,46401.23818478439,1,0,0.8737311174553591,false
activemq-core/src/test/java/org/apache/activemq/bugs/DurableConsumerTest.java,313.0,38.0,101.0,18.0,109.0,54.0,0.0,null,0,0.0,0.0,0.0,0.0,0.0,0.0,0.0,0,11,0.0,true
activemq-core/src/test/java/org/apache/activemq/bugs/SparseAckReplayAfterStoreCleanupAMQStoreTest.java,14.0,2.0,0.0,1.0,8.0,3.0,7.0,tabish@apache.org,1,0.0031746031746031746,50.0,0.0,0.0,0.0,1667.2571428571428,46401.23818478439,1,0,0.8737311174553591,false
activemq-core/src/test/java/org/apache/activemq/bugs/embedded/EmbeddedActiveMQ.java,61.0,11.0,0.0,2.0,22.0,8.0,0.0,tabish@apache.org,0,0.0,0.0,0.0,0.0,0.0,0.0,0.0,0,1,0.0,false
activemq-core/src/test/java/org/apache/activemq/bugs/embedded/ThreadExplorer.java,89.0,3.0,10.0,5.0,28.0,23.0,0.0,tabish@apache.org,0,0.0,0.0,0.0,0.0,0.0,0.0,0.0,0,1,0.0,false
activemq-core/src/test/java/org/apache/activemq/command/ActiveMQMessageTest.java,846.0,14.0,1555.0,58.0,301.0,126.0,2.0,chirino@apache.org,1,0.0031746031746031746,17.0,9.0,4.0,0.0,1667.2571428571428,46401.23818478439,1,9,0.8737311174553591,true
activemq-core/src/test/java/org/apache/activemq/network/DuplexNetworkTest.java,21.0,3.0,3.0,3.0,11.0,7.0,0.0,null,0,0.0,0.0,0.0,0.0,0.0,0.0,0.0,0,4,0.0,false
activemq-core/src/test/java/org/apache/activemq/network/SimpleNetworkTest.java,170.0,23.0,69.0,15.0,75.0,38.0,0.0,null,0,0.0,0.0,0.0,0.0,0.0,0.0,0.0,0,10,0.0,true
activemq-core/src/test/java/org/apache/activemq/openwire/v6/ConnectionInfoTest.java,32.0,5.0,1.0,2.0,13.0,6.0,37.0,gtully@apache.org,1,0.0031746031746031746,20.0,0.0,0.0,0.0,1667.2571428571428,46401.23818478439,1,2,0.8737311174553591,true
activemq-core/src/test/java/org/apache/activemq/perf/InactiveDurableTopicTest.java,127.0,15.0,0.0,5.0,36.0,17.0,0.0,rajdavies@apache.org,0,0.0,0.0,0.0,0.0,0.0,0.0,0.0,0,5,0.0,false
activemq-core/src/test/java/org/apache/activemq/perf/KahaDBDurableTopicTest.java,18.0,2.0,3.0,3.0,4.0,7.0,5.0,rajdavies@apache.org,1,0.0031746031746031746,17.0,17.0,0.0,0.0,1667.2571428571428,46401.23818478439,1,1,0.8737311174553591,false
activemq-core/src/test/java/org/apache/activemq/perf/KahaDBDurableTransactedTopicTest.java,13.0,4.0,1.0,2.0,1.0,5.0,0.0,rajdavies@apache.org,0,0.0,0.0,0.0,0.0,0.0,0.0,0.0,0,0,0.0,false
activemq-core/src/test/java/org/apache/activemq/perf/KahaDBQueueTest.java,24.0,3.0,1.0,2.0,9.0,4.0,0.0,rajdavies@apache.org,0,0.0,0.0,0.0,0.0,0.0,0.0,0.0,0,2,0.0,false
activemq-core/src/test/java/org/apache/activemq/perf/KahaDurableTopicTest.java,11.0,2.0,0.0,1.0,3.0,2.0,0.0,rajdavies@apache.org,0,0.0,0.0,0.0,0.0,0.0,0.0,0.0,0,4,0.0,false
activemq-core/src/test/java/org/apache/activemq/perf/NumberOfDestinationsTest.java,64.0,14.0,17.0,7.0,22.0,21.0,0.0,rajdavies@apache.org,0,0.0,0.0,0.0,0.0,0.0,0.0,0.0,0,0,0.0,false
activemq-core/src/test/java/org/apache/activemq/perf/PerfProducer.java,90.0,9.0,20.0,12.0,20.0,28.0,0.0,chirino@apache.org,0,0.0,0.0,0.0,0.0,0.0,0.0,0.0,0,2,0.0,true
activemq-core/src/test/java/org/apache/activemq/perf/RunBroker.java,24.0,4.0,0.0,1.0,12.0,2.0,0.0,tabish@apache.org,0,0.0,0.0,0.0,0.0,0.0,0.0,0.0,0,1,0.0,false
activemq-core/src/test/java/org/apache/activemq/perf/SimpleDurableTopicTest.java,37.0,7.0,10.0,5.0,10.0,13.0,0.0,rajdavies@apache.org,0,0.0,0.0,0.0,0.0,0.0,0.0,0.0,0,4,0.0,true
activemq-core/src/test/java/org/apache/activemq/proxy/ProxyTestSupport.java,86.0,11.0,36.0,12.0,45.0,31.0,0.0,chirino@apache.org,0,0.0,0.0,0.0,0.0,0.0,0.0,0.0,0,2,0.0,true
activemq-core/src/test/java/org/apache/activemq/security/SimpleAnonymousPluginTest.java,74.0,9.0,66.0,12.0,16.0,21.0,0.0,tabish@apache.org,0,0.0,0.0,0.0,0.0,0.0,0.0,0.0,0,0,0.0,false
activemq-core/src/test/java/org/apache/activemq/selector/SelectorTest.java,283.0,9.0,276.0,24.0,66.0,54.0,0.0,chirino@apache.org,0,0.0,0.0,0.0,0.0,0.0,0.0,0.0,0,4,0.0,true
activemq-core/src/test/java/org/apache/activemq/spring/SpringTest.java,57.0,2.0,21.0,7.0,12.0,17.0,4.0,chirino@apache.org,1,0.0031746031746031746,6.0,0.0,0.0,0.0,1186.1941747572816,19494.1589896162,1,2,1.0313600616589422,true
activemq-core/src/test/java/org/apache/activemq/store/MessagePriorityTest.java,112.0,18.0,0.0,8.0,46.0,18.0,5.0,gtully@apache.org,1,0.0031746031746031746,20.0,15.0,5.0,0.0,1186.1941747572816,19494.1589896162,1,0,1.0313600616589422,true
activemq-core/src/test/java/org/apache/activemq/store/StoreOrderTest.java,178.0,25.0,53.0,14.0,59.0,37.0,37.0,tabish@apache.org,1,0.0031746031746031746,25.0,0.0,0.0,0.0,1667.2571428571428,46401.23818478439,1,0,0.8737311174553591,true
activemq-core/src/test/java/org/apache/activemq/store/jdbc/JDBCMessagePriorityTest.java,14.0,4.0,1.0,2.0,5.0,5.0,5.0,gtully@apache.org,1,0.0031746031746031746,12.0,12.0,6.0,0.0,1186.1941747572816,19494.1589896162,1,0,1.0313600616589422,true
activemq-core/src/test/java/org/apache/activemq/store/jdbc/JDBCNegativeQueueTest.java,54.0,9.0,4.0,4.0,18.0,13.0,12.0,tabish@apache.org,1,0.0031746031746031746,25.0,25.0,0.0,0.0,1186.1941747572816,19494.1589896162,1,1,1.0313600616589422,false
activemq-core/src/test/java/org/apache/activemq/store/jdbc/JDBCPersistenceAdapterTest.java,33.0,5.0,1.0,2.0,14.0,8.0,37.0,dejanb@apache.org,1,0.0031746031746031746,14.0,0.0,0.0,0.0,1667.2571428571428,46401.23818478439,1,0,0.8737311174553591,true
activemq-core/src/test/java/org/apache/activemq/store/jdbc/JDBCStoreOrderTest.java,24.0,11.0,1.0,2.0,17.0,5.0,37.0,tabish@apache.org,1,0.0031746031746031746,25.0,0.0,0.0,0.0,1667.2571428571428,46401.23818478439,1,0,0.8737311174553591,true
activemq-core/src/test/java/org/apache/activemq/store/kahadb/KahaDBMessagePriorityTest.java,12.0,4.0,1.0,2.0,4.0,5.0,5.0,tabish@apache.org,1,0.0031746031746031746,50.0,0.0,0.0,0.0,132.73684210526315,886.3213283971699,1,0,2.26002547857525,false
activemq-core/src/test/java/org/apache/activemq/store/kahadb/KahaDBVersionTest.java,69.0,10.0,3.0,3.0,35.0,9.0,3.0,gtully@apache.org,1,0.0031746031746031746,22.0,11.0,0.0,0.0,132.73684210526315,886.3213283971699,1,0,2.26002547857525,false
activemq-core/src/test/java/org/apache/activemq/transport/SoWriteTimeoutTest.java,85.0,20.0,9.0,6.0,49.0,16.0,0.0,gtully@apache.org,0,0.0,0.0,0.0,0.0,0.0,0.0,0.0,0,0,0.0,false
activemq-core/src/test/java/org/apache/activemq/transport/StubCompositeTransport.java,20.0,4.0,0.0,3.0,5.0,4.0,5.0,tabish@apache.org,1,0.0031746031746031746,50.0,0.0,0.0,0.0,1667.2571428571428,46401.23818478439,1,0,0.8737311174553591,false
activemq-core/src/test/java/org/apache/activemq/transport/discovery/DiscoveryTransportNoBrokerTest.java,95.0,15.0,9.0,6.0,46.0,17.0,10.0,gtully@apache.org,2,0.006349206349206349,14.0,0.0,0.0,0.0,2853.4513176144246,65895.3971744006,2,4,0.25939840899720534,true
activemq-core/src/test/java/org/apache/activemq/transport/failover/AMQ1925Test.java,275.0,25.0,0.0,13.0,146.0,45.0,1.0,rajdavies@apache.org,1,0.0031746031746031746,14.0,0.0,0.0,0.0,1667.2571428571428,46401.23818478439,1,1,0.8737311174553591,true
activemq-core/src/test/java/org/apache/activemq/transport/failover/FailoverConsumerUnconsumedTest.java,146.0,29.0,39.0,15.0,59.0,49.0,2.0,tabish@apache.org,1,0.0031746031746031746,17.0,0.0,17.0,0.0,1667.2571428571428,46401.23818478439,1,1,0.8737311174553591,true
activemq-core/src/test/java/org/apache/activemq/transport/failover/FailoverTransactionTest.java,634.0,35.0,113.0,39.0,329.0,113.0,15.0,gtully@apache.org,1,0.0031746031746031746,12.0,0.0,8.0,0.0,1667.2571428571428,46401.23818478439,1,6,0.8737311174553591,true
activemq-core/src/test/java/org/apache/activemq/transport/failover/FailoverUpdateURIsTest.java,46.0,14.0,0.0,1.0,23.0,2.0,2.0,tabish@apache.org,1,0.0031746031746031746,25.0,0.0,25.0,0.0,132.73684210526315,886.3213283971699,1,0,2.26002547857525,false
activemq-core/src/test/java/org/apache/activemq/transport/fanout/FanoutTest.java,52.0,10.0,0.0,5.0,23.0,12.0,0.0,tabish@apache.org,0,0.0,0.0,0.0,0.0,0.0,0.0,0.0,0,0,0.0,true
activemq-core/src/test/java/org/apache/activemq/transport/stomp/StompAdvisoryTest.java,215.0,24.0,0.0,11.0,164.0,28.0,1.0,tabish@apache.org,1,0.0031746031746031746,17.0,0.0,0.0,0.0,1667.2571428571428,46401.23818478439,1,1,0.8737311174553591,false
activemq-core/src/test/java/org/apache/activemq/transport/stomp/StompSslAuthTest.java,35.0,5.0,36.0,9.0,4.0,19.0,1.0,tabish@apache.org,1,0.0031746031746031746,17.0,0.0,0.0,0.0,1186.1941747572816,19494.1589896162,1,0,1.0313600616589422,true
activemq-core/src/test/java/org/apache/activemq/transport/stomp/StompTest.java,890.0,29.0,0.0,60.0,528.0,149.0,3.0,null,2,0.006349206349206349,3.0,1.0,1.0,0.0,1260.8608414239484,19639.81348551883,2,24,1.32727300497418,true
activemq-core/src/test/java/org/apache/activemq/transport/tcp/ServerSocketTstFactory.java,42.0,7.0,0.0,5.0,4.0,13.0,10.0,tabish@apache.org,1,0.0031746031746031746,33.0,0.0,0.0,0.0,1667.2571428571428,46401.23818478439,1,0,0.8737311174553591,false
activemq-core/src/test/java/org/apache/activemq/transport/tcp/SocketTstFactory.java,119.0,9.0,0.0,6.0,9.0,15.0,10.0,tabish@apache.org,1,0.0031746031746031746,25.0,0.0,0.0,0.0,1667.2571428571428,46401.23818478439,1,0,0.8737311174553591,false
activemq-core/src/test/java/org/apache/activemq/transport/tcp/SslBrokerServiceTest.java,105.0,25.0,51.0,11.0,52.0,32.0,0.0,gtully@apache.org,0,0.0,0.0,0.0,0.0,0.0,0.0,0.0,0,3,0.0,true
activemq-core/src/test/java/org/apache/activemq/transport/tcp/TcpFaultyTransport.java,16.0,15.0,1.0,2.0,2.0,4.0,10.0,tabish@apache.org,1,0.0031746031746031746,25.0,0.0,0.0,0.0,1667.2571428571428,46401.23818478439,1,0,0.8737311174553591,false
activemq-core/src/test/java/org/apache/activemq/transport/tcp/TcpFaultyTransportFactory.java,51.0,25.0,15.0,6.0,21.0,23.0,13.0,dejanb@apache.org,2,0.006349206349206349,40.0,0.0,0.0,0.0,2853.4513176144246,65895.3971744006,2,0,0.25939840899720534,false
activemq-core/src/test/java/org/apache/activemq/transport/tcp/TcpFaultyTransportServer.java,16.0,13.0,1.0,2.0,1.0,4.0,10.0,tabish@apache.org,1,0.0031746031746031746,25.0,0.0,0.0,0.0,1667.2571428571428,46401.23818478439,1,0,0.8737311174553591,false
activemq-core/src/test/java/org/apache/activemq/usage/CompositeMessageCursorUsageTest.java,48.0,11.0,15.0,7.0,17.0,20.0,2.0,tabish@apache.org,1,0.0031746031746031746,33.0,0.0,0.0,0.0,1186.1941747572816,19494.1589896162,1,0,1.0313600616589422,false
activemq-core/src/test/java/org/apache/activemq/usage/MemoryUsageTest.java,52.0,11.0,3.0,6.0,29.0,12.0,0.0,tabish@apache.org,0,0.0,0.0,0.0,0.0,0.0,0.0,0.0,0,2,0.0,false
activemq-core/src/test/java/org/apache/activemq/usecases/AMQStoreDurableSubscriptionSelectorTest.java,5.0,2.0,0.0,1.0,0.0,3.0,0.0,gtully@apache.org,0,0.0,0.0,0.0,0.0,0.0,0.0,0.0,0,0,0.0,true
activemq-core/src/test/java/org/apache/activemq/usecases/DurableConsumerCloseAndReconnectTcpTest.java,114.0,19.0,29.0,10.0,28.0,22.0,0.0,tabish@apache.org,0,0.0,0.0,0.0,0.0,0.0,0.0,0.0,0,1,0.0,false
activemq-core/src/test/java/org/apache/activemq/usecases/DurableConsumerCloseAndReconnectTest.java,122.0,14.0,65.0,14.0,46.0,36.0,0.0,chirino@apache.org,0,0.0,0.0,0.0,0.0,0.0,0.0,0.0,0,7,0.0,true
activemq-core/src/test/java/org/apache/activemq/usecases/DurableSubscriptionActivationTest.java,57.0,10.0,18.0,8.0,29.0,19.0,0.0,tabish@apache.org,0,0.0,0.0,0.0,0.0,0.0,0.0,0.0,0,0,0.0,true
activemq-core/src/test/java/org/apache/activemq/usecases/DurableSubscriptionReactivationTest.java,45.0,9.0,15.0,6.0,15.0,12.0,0.0,tabish@apache.org,0,0.0,0.0,0.0,0.0,0.0,0.0,0.0,0,0,0.0,true
activemq-core/src/test/java/org/apache/activemq/usecases/DurableSubscriptionSelectorTest.java,98.0,14.0,56.0,13.0,38.0,36.0,0.0,gtully@apache.org,0,0.0,0.0,0.0,0.0,0.0,0.0,0.0,0,2,0.0,true
activemq-core/src/test/java/org/apache/activemq/usecases/DurableUnsubscribeTest.java,59.0,10.0,12.0,8.0,35.0,20.0,0.0,dejanb@apache.org,0,0.0,0.0,0.0,0.0,0.0,0.0,0.0,0,0,0.0,true
activemq-core/src/test/java/org/apache/activemq/usecases/KahaDBDurableSubscriptionSelectorTest.java,8.0,3.0,0.0,1.0,1.0,3.0,0.0,gtully@apache.org,0,0.0,0.0,0.0,0.0,0.0,0.0,0.0,0,1,0.0,true
activemq-core/src/test/java/org/apache/activemq/usecases/ManagedDurableSubscriptionTest.java,60.0,11.0,13.0,7.0,30.0,18.0,0.0,gtully@apache.org,0,0.0,0.0,0.0,0.0,0.0,0.0,0.0,0,0,0.0,false
activemq-core/src/test/java/org/apache/activemq/usecases/MessageReroutingTest.java,36.0,10.0,6.0,4.0,17.0,8.0,0.0,tabish@apache.org,0,0.0,0.0,0.0,0.0,0.0,0.0,0.0,0,0,0.0,false
activemq-core/src/test/java/org/apache/activemq/usecases/MulticastDiscoveryOnFaultyNetworkTest.java,66.0,14.0,22.0,8.0,26.0,16.0,5.0,gtully@apache.org,2,0.006349206349206349,50.0,17.0,0.0,0.0,2853.4513176144246,65895.3971744006,2,0,0.28975993056174065,true
activemq-core/src/test/java/org/apache/activemq/usecases/NoDuplicateOnTopicNetworkTest.java,222.0,31.0,24.0,12.0,67.0,36.0,1.0,gtully@apache.org,1,0.0031746031746031746,9.0,0.0,0.0,0.0,1667.2571428571428,46401.23818478439,1,2,0.8737311174553591,true
activemq-core/src/test/java/org/apache/activemq/usecases/ThreeBrokerStompTemporaryQueueTest.java,109.0,15.0,21.0,7.0,43.0,22.0,5.0,tabish@apache.org,1,0.0031746031746031746,20.0,0.0,0.0,0.0,1186.1941747572816,19494.1589896162,1,0,1.0313600616589422,false
activemq-core/src/test/java/org/apache/activemq/usecases/ThreeBrokerVirtualTopicNetworkTest.java,102.0,16.0,8.0,5.0,27.0,12.0,0.0,gtully@apache.org,0,0.0,0.0,0.0,0.0,0.0,0.0,0.0,0,1,0.0,true
activemq-core/src/test/java/org/apache/activemq/util/BitArrayBinTest.java,92.0,1.0,36.0,9.0,20.0,22.0,37.0,gtully@apache.org,1,0.0031746031746031746,20.0,0.0,0.0,0.0,1667.2571428571428,46401.23818478439,1,0,0.8737311174553591,true
activemq-core/src/test/java/org/apache/activemq/util/SocketProxy.java,234.0,17.0,47.0,14.0,32.0,30.0,37.0,gtully@apache.org,1,0.0031746031746031746,10.0,0.0,0.0,0.0,1667.2571428571428,46401.23818478439,1,1,0.8737311174553591,true
activemq-core/src/test/java/org/apache/activemq/xbean/ConnectorXBeanConfigTest.java,54.0,18.0,0.0,6.0,30.0,14.0,0.0,chirino@apache.org,0,0.0,0.0,0.0,0.0,0.0,0.0,0.0,0,4,0.0,true
activemq-core/src/test/java/org/apache/activemq/xbean/XBeanStartFalseTest.java,6.0,4.0,0.0,1.0,3.0,2.0,6.0,tabish@apache.org,1,0.0031746031746031746,67.0,33.0,0.0,0.0,1186.1941747572816,19494.1589896162,1,0,1.0313600616589422,false
activemq-karaf/src/main/java/org/apache/activemq/karaf/commands/ActiveMQCommand.java,98.0,21.0,15.0,7.0,3.0,13.0,7.0,dejanb@apache.org,1,0.0031746031746031746,40.0,0.0,0.0,0.0,1186.1941747572816,19494.1589896162,1,0,1.0313600616589422,true
activemq-karaf/src/main/java/org/apache/activemq/karaf/commands/ActiveMQCommandSupport.java,48.0,8.0,0.0,4.0,8.0,13.0,6.0,dejanb@apache.org,2,0.006349206349206349,40.0,0.0,20.0,0.0,1186.1941747572816,19494.1589896162,2,0,1.9922663603970685,true
activemq-karaf/src/main/java/org/apache/activemq/karaf/commands/CreateBrokerCommand.java,101.0,12.0,22.0,8.0,32.0,31.0,5.0,dejanb@apache.org,1,0.0031746031746031746,60.0,20.0,0.0,20.0,1186.1941747572816,19494.1589896162,1,0,1.0313600616589422,false
activemq-karaf/src/main/java/org/apache/activemq/karaf/commands/DestroyBrokerCommand.java,33.0,4.0,0.0,3.0,8.0,8.0,12.0,dejanb@apache.org,1,0.0031746031746031746,50.0,0.0,0.0,0.0,1186.1941747572816,19494.1589896162,1,0,1.0313600616589422,false
activemq-pool/src/main/java/org/apache/activemq/pool/ConnectionPool.java,142.0,10.0,93.0,18.0,25.0,36.0,1.0,tabish@apache.org,1,0.0031746031746031746,7.0,0.0,7.0,7.0,1667.2571428571428,46401.23818478439,1,1,0.8737311174553591,true
activemq-pool/src/main/java/org/apache/activemq/pool/PooledConnectionFactory.java,153.0,16.0,195.0,22.0,33.0,47.0,0.0,null,0,0.0,0.0,0.0,0.0,0.0,0.0,0.0,0,3,0.0,true
activemq-pool/src/test/java/org/apache/activemq/pool/ConnectionExpiryEvictsFromPoolTest.java,37.0,7.0,0.0,4.0,20.0,8.0,0.0,tabish@apache.org,0,0.0,0.0,0.0,0.0,0.0,0.0,0.0,0,1,0.0,false
activemq-pool/src/test/java/org/apache/activemq/pool/ConnectionFailureEvictsFromPoolTest.java,62.0,17.0,30.0,9.0,28.0,16.0,0.0,gary.tully@gmail.com,0,0.0,0.0,0.0,0.0,0.0,0.0,0.0,0,1,0.0,false
activemq-ra/src/test/java/org/apache/activemq/ra/FailoverManagedClusterTest.java,180.0,32.0,56.0,13.0,45.0,35.0,0.0,tabish@apache.org,0,0.0,0.0,0.0,0.0,0.0,0.0,0.0,0,2,0.0,false
activemq-ra/src/test/java/org/apache/activemq/ra/JmsXARollback2CxTransactionTest.java,100.0,12.0,94.0,16.0,25.0,40.0,1.0,djencks@apache.org,1,0.0031746031746031746,25.0,25.0,0.0,0.0,1667.2571428571428,46401.23818478439,1,0,0.8737311174553591,true
activemq-spring/src/main/java/org/apache/activemq/hooks/SpringContextHook.java,20.0,8.0,0.0,2.0,4.0,5.0,8.0,gtully@apache.org,1,0.0031746031746031746,50.0,25.0,0.0,0.0,1186.1941747572816,19494.1589896162,1,0,1.0313600616589422,false
activemq-spring/src/test/java/org/apache/bugs/AMQ1730Test.java,93.0,16.0,2.0,5.0,49.0,14.0,4.0,tabish@apache.org,1,0.0031746031746031746,33.0,0.0,33.0,0.0,1667.2571428571428,46401.23818478439,1,0,0.8737311174553591,true
activemq-spring/src/test/java/org/apache/bugs/AMQ2754Test.java,114.0,21.0,6.0,4.0,50.0,18.0,7.0,gary.tully@gmail.com,1,0.0031746031746031746,25.0,25.0,0.0,0.0,1186.1941747572816,19494.1589896162,1,1,1.0313600616589422,true
activemq-spring/src/test/java/org/apache/bugs/LoadBalanceTest.java,222.0,27.0,51.0,11.0,112.0,41.0,0.0,gtully@apache.org,0,0.0,0.0,0.0,0.0,0.0,0.0,0.0,0,0,0.0,true
activemq-web/src/main/java/org/apache/activemq/web/BrokerFacadeSupport.java,134.0,22.0,190.0,20.0,69.0,67.0,3.0,dejanb@apache.org,1,0.0031746031746031746,5.0,0.0,0.0,0.0,1186.1941747572816,19494.1589896162,1,2,1.0313600616589422,true
activemq-web/src/main/java/org/apache/activemq/web/LocalBrokerFacade.java,48.0,13.0,3.0,10.0,17.0,28.0,3.0,dejanb@apache.org,1,0.0031746031746031746,17.0,0.0,0.0,0.0,1186.1941747572816,19494.1589896162,1,2,1.0313600616589422,true
activemq-web/src/main/java/org/apache/activemq/web/MessageListenerServlet.java,338.0,23.0,35.0,10.0,95.0,44.0,0.0,null,0,0.0,0.0,0.0,0.0,0.0,0.0,0.0,0,8,0.0,true
activemq-web/src/main/java/org/apache/activemq/web/MessageServletSupport.java,273.0,17.0,166.0,20.0,73.0,77.0,1.0,null,1,0.0031746031746031746,3.0,0.0,3.0,0.0,1186.1941747572816,19494.1589896162,1,8,1.0313600616589422,true
activemq-web/src/main/java/org/apache/activemq/web/RemoteJMXBrokerFacade.java,164.0,22.0,116.0,17.0,44.0,59.0,3.0,dejanb@apache.org,1,0.0031746031746031746,10.0,0.0,0.0,0.0,1186.1941747572816,19494.1589896162,1,1,1.0313600616589422,true
kahadb/src/main/java/org/apache/kahadb/index/BTreeNode.java,631.0,13.0,371.0,42.0,109.0,147.0,1.0,chirino@apache.org,1,0.0031746031746031746,10.0,0.0,10.0,10.0,0.0,0.0,1,4,5.438079308923196,true
kahadb/src/main/java/org/apache/kahadb/journal/DataFileAppender.java,354.0,12.0,11.0,7.0,70.0,32.0,3.0,gtully@apache.org,1,0.0031746031746031746,12.0,6.0,0.0,6.0,1667.2571428571428,46401.23818478439,1,2,0.8737311174553591,true
kahadb/src/main/java/org/apache/kahadb/journal/Journal.java,584.0,30.0,1206.0,57.0,175.0,156.0,3.0,gtully@apache.org,1,0.0031746031746031746,5.0,0.0,5.0,0.0,1667.2571428571428,46401.23818478439,1,4,0.8737311174553591,true
kahadb/src/main/java/org/apache/kahadb/util/LockFile.java,89.0,6.0,0.0,5.0,20.0,18.0,0.0,gtully@apache.org,0,0.0,0.0,0.0,0.0,0.0,0.0,0.0,0,2,0.0,true
kahadb/src/main/java/org/apache/kahadb/util/SequenceSet.java,209.0,6.0,28.0,8.0,34.0,33.0,0.0,chirino@apache.org,0,0.0,0.0,0.0,0.0,0.0,0.0,0.0,0,3,0.0,true
kahadb/src/test/java/org/apache/kahadb/index/BTreeIndexTest.java,145.0,10.0,64.0,12.0,68.0,32.0,1.0,gtully@apache.org,1,0.0031746031746031746,14.0,0.0,14.0,14.0,1667.2571428571428,46401.23818478439,1,0,0.8737311174553591,true
