name,LOC,CBO,LCOM,NOM,RFC,WMC,ACS,Ownership,numOfChanges,numberOfFIChanges,ENH,NF,BugFixing,REF,structuralWorkloadSum,semanticWorkloadSum,numberOfDeveloper,pastFaults,MAF,isBuggy
activemq-camel/src/main/java/org/apache/activemq/camel/component/ActiveMQComponent.java,111.0,6.0,145.0,18.0,22.0,34.0,0.0,null,0,0.0,0.0,0.0,0.0,0.0,0.0,0.0,0,0,0.0,true
activemq-camel/src/main/java/org/apache/activemq/camel/component/JournalComponent.java,11.0,5.0,0.0,1.0,1.0,3.0,0.0,null,0,0.0,0.0,0.0,0.0,0.0,0.0,0.0,0,1,0.0,true
activemq-camel/src/test/java/org/apache/activemq/camel/CamelVMTransportRoutingTest.java,81.0,18.0,3.0,6.0,33.0,15.0,2.0,gtully@apache.org,1,0.004901960784313725,33.0,0.0,33.0,0.0,881.2727272727273,28624.06823904922,1,0,0.7370413741171705,false
activemq-console/src/main/java/org/apache/activemq/console/Main.java,268.0,20.0,64.0,13.0,97.0,45.0,0.0,chirino@apache.org,0,0.0,0.0,0.0,0.0,0.0,0.0,0.0,0,6,0.0,true
activemq-console/src/main/java/org/apache/activemq/console/command/AbstractJmxCommand.java,248.0,17.0,114.0,17.0,47.0,59.0,8.0,null,1,0.004901960784313725,8.0,0.0,0.0,0.0,1034.1860465116279,11485.119023106421,1,3,0.7630168605204313,true
activemq-console/src/main/java/org/apache/activemq/console/command/BrowseCommand.java,111.0,9.0,1.0,3.0,26.0,13.0,8.0,chirino@apache.org,1,0.004901960784313725,10.0,0.0,0.0,0.0,1034.1860465116279,11485.119023106421,1,2,0.7630168605204313,true
activemq-console/src/main/java/org/apache/activemq/console/command/BstatCommand.java,34.0,3.0,1.0,2.0,6.0,8.0,8.0,null,1,0.004901960784313725,11.0,0.0,0.0,0.0,1034.1860465116279,11485.119023106421,1,2,0.7630168605204313,true
activemq-console/src/main/java/org/apache/activemq/console/command/CreateCommand.java,142.0,27.0,37.0,11.0,61.0,40.0,0.0,ceposta@apache.org,0,0.0,0.0,0.0,0.0,0.0,0.0,0.0,0,0,0.0,true
activemq-console/src/main/java/org/apache/activemq/console/command/DecryptCommand.java,16.0,2.0,0.0,1.0,4.0,5.0,0.0,hiram@hiramchirino.com,0,0.0,0.0,0.0,0.0,0.0,0.0,0.0,0,0,0.0,false
activemq-console/src/main/java/org/apache/activemq/console/command/EncryptCommand.java,36.0,2.0,1.0,3.0,10.0,10.0,0.0,hiram@hiramchirino.com,0,0.0,0.0,0.0,0.0,0.0,0.0,0.0,0,0,0.0,false
activemq-console/src/main/java/org/apache/activemq/console/command/ListCommand.java,25.0,4.0,1.0,2.0,7.0,6.0,8.0,chirino@apache.org,1,0.004901960784313725,11.0,0.0,0.0,0.0,1034.1860465116279,11485.119023106421,1,2,0.7630168605204313,true
activemq-console/src/main/java/org/apache/activemq/console/command/PurgeCommand.java,95.0,10.0,8.0,5.0,34.0,19.0,8.0,chirino@apache.org,1,0.004901960784313725,8.0,0.0,0.0,0.0,1034.1860465116279,11485.119023106421,1,2,0.7630168605204313,true
activemq-console/src/main/java/org/apache/activemq/console/command/QueryCommand.java,119.0,8.0,1.0,3.0,22.0,12.0,8.0,chirino@apache.org,1,0.004901960784313725,8.0,0.0,0.0,0.0,1034.1860465116279,11485.119023106421,1,3,0.7630168605204313,true
activemq-console/src/main/java/org/apache/activemq/console/command/ShellCommand.java,102.0,8.0,13.0,7.0,12.0,19.0,0.0,chirino@apache.org,0,0.0,0.0,0.0,0.0,0.0,0.0,0.0,0,3,0.0,true
activemq-console/src/main/java/org/apache/activemq/console/command/ShutdownCommand.java,93.0,8.0,4.0,4.0,25.0,17.0,8.0,chirino@apache.org,1,0.004901960784313725,10.0,0.0,0.0,0.0,1034.1860465116279,11485.119023106421,1,2,0.7630168605204313,true
activemq-core/src/main/java/org/apache/activemq/ActiveMQConnection.java,1625.0,83.0,15486.0,184.0,413.0,520.0,1.0,null,1,0.004901960784313725,1.0,0.0,0.0,0.0,881.2727272727273,28624.06823904922,1,62,0.7370413741171705,true
activemq-core/src/main/java/org/apache/activemq/ActiveMQConnectionFactory.java,705.0,30.0,4782.0,101.0,142.0,212.0,0.0,null,0,0.0,0.0,0.0,0.0,0.0,0.0,0.0,0,26,0.0,true
activemq-core/src/main/java/org/apache/activemq/ActiveMQInputStream.java,196.0,21.0,7.0,11.0,65.0,44.0,2.0,chirino@apache.org,1,0.004901960784313725,6.0,6.0,0.0,0.0,67.0,93.23704376496364,1,6,3.484312288372662,true
activemq-core/src/main/java/org/apache/activemq/ActiveMQOutputStream.java,125.0,14.0,12.0,9.0,33.0,30.0,1.0,chirino@apache.org,1,0.004901960784313725,7.0,0.0,7.0,0.0,67.0,93.23704376496364,1,5,3.484312288372662,true
activemq-core/src/main/java/org/apache/activemq/ActiveMQSession.java,1228.0,74.0,4514.0,109.0,355.0,378.0,0.0,null,0,0.0,0.0,0.0,0.0,0.0,0.0,0.0,0,40,0.0,true
activemq-core/src/main/java/org/apache/activemq/ScheduledMessage.java,50.0,0.0,0.0,0.0,0.0,0.0,3.0,rajdavies@apache.org,1,0.004901960784313725,20.0,0.0,20.0,0.0,67.0,93.23704376496364,1,1,3.484312288372662,false
activemq-core/src/main/java/org/apache/activemq/SimplePriorityMessageDispatchChannel.java,159.0,4.0,0.0,21.0,30.0,57.0,0.0,rajdavies@apache.org,0,0.0,0.0,0.0,0.0,0.0,0.0,0.0,0,3,0.0,false
activemq-core/src/main/java/org/apache/activemq/TransactionContext.java,556.0,26.0,160.0,32.0,141.0,132.0,1.0,null,1,0.004901960784313725,5.0,0.0,3.0,0.0,18.571428571428573,93.02608910113918,1,16,3.9951379121386528,true
activemq-core/src/main/java/org/apache/activemq/blob/BlobUploadStrategy.java,8.0,6.0,1.0,2.0,0.0,4.0,0.0,chirino@apache.org,0,0.0,0.0,0.0,0.0,0.0,0.0,0.0,0,2,0.0,false
activemq-core/src/main/java/org/apache/activemq/blob/DefaultStrategy.java,12.0,4.0,1.0,3.0,3.0,8.0,0.0,chirino@apache.org,0,0.0,0.0,0.0,0.0,0.0,0.0,0.0,0,0,0.0,true
activemq-core/src/main/java/org/apache/activemq/blob/FTPStrategy.java,39.0,7.0,0.0,3.0,10.0,13.0,0.0,chirino@apache.org,0,0.0,0.0,0.0,0.0,0.0,0.0,0.0,0,0,0.0,true
activemq-core/src/main/java/org/apache/activemq/broker/BrokerService.java,1903.0,76.0,23266.0,221.0,478.0,569.0,5.0,null,3,0.014705882352941176,2.0,0.0,0.0,0.0,1934.0302023557838,40202.21335125678,3,85,0.5248324809842535,true
activemq-core/src/main/java/org/apache/activemq/broker/TransactionBroker.java,222.0,27.0,94.0,17.0,81.0,56.0,3.0,chirino@apache.org,1,0.004901960784313725,8.0,4.0,8.0,0.0,1034.1860465116279,11485.119023106421,1,9,0.7630168605204313,true
activemq-core/src/main/java/org/apache/activemq/broker/TransportConnection.java,1158.0,80.0,3513.0,98.0,462.0,300.0,5.0,null,2,0.00980392156862745,1.0,1.0,1.0,0.0,1915.4587737843551,40109.18726215564,2,51,0.05688193675885567,true
activemq-core/src/main/java/org/apache/activemq/broker/jmx/BrokerView.java,246.0,20.0,248.0,60.0,131.0,120.0,3.0,null,2,0.00980392156862745,6.0,2.0,4.0,2.0,1915.4587737843551,40109.18726215564,2,17,0.11784419675786484,true
activemq-core/src/main/java/org/apache/activemq/broker/jmx/ManagedRegionBroker.java,506.0,57.0,727.0,46.0,199.0,142.0,5.0,null,1,0.004901960784313725,3.0,0.0,0.0,1.0,1034.1860465116279,11485.119023106421,1,27,0.7630168605204313,true
activemq-core/src/main/java/org/apache/activemq/broker/jmx/ManagementContext.java,417.0,27.0,711.0,42.0,94.0,117.0,2.0,null,2,0.00980392156862745,7.0,0.0,2.0,0.0,1915.4587737843551,40109.18726215564,2,13,0.11784419675786484,true
activemq-core/src/main/java/org/apache/activemq/broker/jmx/QueueView.java,121.0,8.0,171.0,19.0,53.0,60.0,4.0,chirino@apache.org,1,0.004901960784313725,5.0,0.0,5.0,5.0,1034.1860465116279,11485.119023106421,1,10,0.7630168605204313,true
activemq-core/src/main/java/org/apache/activemq/broker/region/AbstractSubscription.java,169.0,20.0,296.0,32.0,43.0,70.0,0.0,chirino@apache.org,0,0.0,0.0,0.0,0.0,0.0,0.0,0.0,0,16,0.0,true
activemq-core/src/main/java/org/apache/activemq/broker/region/BaseDestination.java,519.0,20.0,2990.0,81.0,74.0,151.0,10.0,rajdavies@apache.org,1,0.004901960784313725,3.0,2.0,3.0,0.0,881.2727272727273,28624.06823904922,1,27,0.7370413741171705,true
activemq-core/src/main/java/org/apache/activemq/broker/region/DurableTopicSubscription.java,224.0,23.0,104.0,20.0,98.0,60.0,9.0,rajdavies@apache.org,1,0.004901960784313725,7.0,4.0,4.0,4.0,881.2727272727273,28624.06823904922,1,21,0.7370413741171705,true
activemq-core/src/main/java/org/apache/activemq/broker/region/PrefetchSubscription.java,575.0,28.0,543.0,42.0,174.0,129.0,5.0,null,2,0.00980392156862745,2.0,1.0,0.0,1.0,1915.4587737843551,40109.18726215564,2,69,0.11784419675786484,true
activemq-core/src/main/java/org/apache/activemq/broker/region/Queue.java,1654.0,57.0,4375.0,103.0,634.0,336.0,3.0,null,2,0.00980392156862745,2.0,1.0,1.0,0.0,1915.4587737843551,40109.18726215564,2,103,0.0744199016692183,true
activemq-core/src/main/java/org/apache/activemq/broker/region/QueueDispatchSelector.java,31.0,11.0,0.0,5.0,1.0,11.0,0.0,chirino@apache.org,0,0.0,0.0,0.0,0.0,0.0,0.0,0.0,0,2,0.0,true
activemq-core/src/main/java/org/apache/activemq/broker/region/QueueSubscription.java,69.0,13.0,34.0,9.0,20.0,27.0,0.0,chirino@apache.org,0,0.0,0.0,0.0,0.0,0.0,0.0,0.0,0,20,0.0,true
activemq-core/src/main/java/org/apache/activemq/broker/region/RegionBroker.java,698.0,53.0,2413.0,79.0,201.0,212.0,4.0,null,3,0.014705882352941176,2.0,0.0,1.0,0.0,1934.0302023557838,40202.21335125678,3,48,0.7331197602573085,true
activemq-core/src/main/java/org/apache/activemq/broker/region/Subscription.java,159.0,12.0,630.0,36.0,0.0,78.0,0.0,chirino@apache.org,0,0.0,0.0,0.0,0.0,0.0,0.0,0.0,0,13,0.0,true
activemq-core/src/main/java/org/apache/activemq/broker/region/Topic.java,468.0,38.0,562.0,40.0,194.0,123.0,13.0,rajdavies@apache.org,2,0.00980392156862745,2.0,1.0,1.0,1.0,1915.4587737843551,40109.18726215564,2,49,0.05688193675885567,true
activemq-core/src/main/java/org/apache/activemq/broker/region/TopicRegion.java,233.0,24.0,65.0,15.0,95.0,50.0,5.0,null,1,0.004901960784313725,4.0,2.0,2.0,0.0,1034.1860465116279,11485.119023106421,1,24,0.7630168605204313,true
activemq-core/src/main/java/org/apache/activemq/broker/region/cursors/AbstractStoreCursor.java,223.0,8.0,155.0,27.0,77.0,72.0,11.0,gtully@apache.org,1,0.004901960784313725,10.0,6.0,6.0,4.0,881.2727272727273,28624.06823904922,1,12,0.7370413741171705,true
activemq-core/src/main/java/org/apache/activemq/broker/region/policy/AbstractDeadLetterStrategy.java,53.0,4.0,0.0,5.0,7.0,10.0,3.0,chirino@apache.org,1,0.004901960784313725,8.0,0.0,8.0,0.0,881.2727272727273,28624.06823904922,1,5,0.7370413741171705,true
activemq-core/src/main/java/org/apache/activemq/broker/region/policy/PolicyEntry.java,619.0,17.0,5095.0,103.0,134.0,172.0,8.0,rajdavies@apache.org,1,0.004901960784313725,5.0,1.0,3.0,1.0,881.2727272727273,28624.06823904922,1,28,0.7370413741171705,true
activemq-core/src/main/java/org/apache/activemq/broker/region/policy/RoundRobinDispatchPolicy.java,43.0,7.0,0.0,1.0,7.0,6.0,0.0,chirino@apache.org,0,0.0,0.0,0.0,0.0,0.0,0.0,0.0,0,8,0.0,true
activemq-core/src/main/java/org/apache/activemq/broker/region/policy/SimpleDispatchPolicy.java,22.0,4.0,0.0,1.0,5.0,5.0,0.0,chirino@apache.org,0,0.0,0.0,0.0,0.0,0.0,0.0,0.0,0,6,0.0,true
activemq-core/src/main/java/org/apache/activemq/broker/region/policy/StrictOrderDispatchPolicy.java,30.0,5.0,0.0,1.0,6.0,5.0,0.0,chirino@apache.org,0,0.0,0.0,0.0,0.0,0.0,0.0,0.0,0,5,0.0,true
activemq-core/src/main/java/org/apache/activemq/broker/region/virtual/VirtualTopicInterceptor.java,23.0,6.0,1.0,3.0,5.0,6.0,4.0,chirino@apache.org,1,0.004901960784313725,10.0,0.0,0.0,0.0,1034.1860465116279,11485.119023106421,1,2,0.7630168605204313,true
activemq-core/src/main/java/org/apache/activemq/broker/scheduler/JobSchedulerStore.java,260.0,28.0,188.0,24.0,46.0,62.0,2.0,chirino@apache.org,1,0.004901960784313725,10.0,10.0,10.0,10.0,881.2727272727273,28624.06823904922,1,1,0.7370413741171705,false
activemq-core/src/main/java/org/apache/activemq/broker/scheduler/SchedulerBroker.java,202.0,23.0,17.0,11.0,73.0,34.0,3.0,rajdavies@apache.org,1,0.004901960784313725,8.0,0.0,8.0,0.0,67.0,93.23704376496364,1,2,3.484312288372662,false
activemq-core/src/main/java/org/apache/activemq/command/ActiveMQBytesMessage.java,630.0,20.0,289.0,43.0,132.0,169.0,2.0,chirino@apache.org,1,0.004901960784313725,6.0,0.0,6.0,0.0,67.0,93.23704376496364,1,6,3.484312288372662,true
activemq-core/src/main/java/org/apache/activemq/command/ActiveMQMapMessage.java,539.0,22.0,321.0,39.0,126.0,138.0,8.0,chirino@apache.org,1,0.004901960784313725,5.0,0.0,5.0,0.0,881.2727272727273,28624.06823904922,1,9,0.7370413741171705,true
activemq-core/src/main/java/org/apache/activemq/command/ActiveMQMessage.java,567.0,21.0,2989.0,78.0,190.0,217.0,0.0,null,0,0.0,0.0,0.0,0.0,0.0,0.0,0.0,0,17,0.0,true
activemq-core/src/main/java/org/apache/activemq/command/ActiveMQObjectMessage.java,137.0,18.0,24.0,12.0,26.0,35.0,8.0,chirino@apache.org,1,0.004901960784313725,5.0,0.0,5.0,0.0,881.2727272727273,28624.06823904922,1,9,0.7370413741171705,true
activemq-core/src/main/java/org/apache/activemq/command/ActiveMQTextMessage.java,112.0,18.0,0.0,11.0,23.0,34.0,5.0,chirino@apache.org,1,0.004901960784313725,8.0,0.0,8.0,0.0,881.2727272727273,28624.06823904922,1,11,0.7370413741171705,true
activemq-core/src/main/java/org/apache/activemq/command/Message.java,561.0,17.0,4763.0,102.0,32.0,190.0,9.0,null,1,0.004901960784313725,4.0,0.0,2.0,2.0,881.2727272727273,28624.06823904922,1,20,0.7370413741171705,true
activemq-core/src/main/java/org/apache/activemq/command/MessageAck.java,159.0,1.0,234.0,28.0,8.0,46.0,24.0,chirino@apache.org,1,0.004901960784313725,8.0,8.0,8.0,8.0,881.2727272727273,28624.06823904922,1,3,0.7370413741171705,true
activemq-core/src/main/java/org/apache/activemq/network/DemandForwardingBridgeSupport.java,1076.0,67.0,2174.0,80.0,425.0,227.0,6.0,null,2,0.00980392156862745,5.0,3.0,0.0,0.0,1915.4587737843551,40109.18726215564,2,40,0.3491897584601279,true
activemq-core/src/main/java/org/apache/activemq/network/DiscoveryNetworkConnector.java,190.0,21.0,43.0,15.0,56.0,42.0,8.0,chirino@apache.org,1,0.004901960784313725,2.0,2.0,0.0,0.0,1034.1860465116279,11485.119023106421,1,17,0.7630168605204313,true
activemq-core/src/main/java/org/apache/activemq/spring/SpringBrokerContext.java,17.0,5.0,0.0,3.0,2.0,7.0,0.0,chirino@apache.org,0,0.0,0.0,0.0,0.0,0.0,0.0,0.0,0,0,0.0,false
activemq-core/src/main/java/org/apache/activemq/state/ConnectionStateTracker.java,551.0,31.0,450.0,45.0,186.0,139.0,0.0,null,0,0.0,0.0,0.0,0.0,0.0,0.0,0.0,0,15,0.0,true
activemq-core/src/main/java/org/apache/activemq/store/ProxyTopicMessageStore.java,99.0,9.0,0.0,31.0,29.0,64.0,24.0,chirino@apache.org,1,0.004901960784313725,4.0,4.0,4.0,4.0,881.2727272727273,28624.06823904922,1,9,0.7370413741171705,true
activemq-core/src/main/java/org/apache/activemq/store/TopicMessageStore.java,79.0,6.0,36.0,9.0,0.0,29.0,24.0,chirino@apache.org,1,0.004901960784313725,6.0,6.0,6.0,6.0,881.2727272727273,28624.06823904922,1,5,0.7370413741171705,true
activemq-core/src/main/java/org/apache/activemq/store/amq/AMQMessageStore.java,511.0,37.0,24.0,33.0,190.0,118.0,0.0,rajdavies@apache.org,0,0.0,0.0,0.0,0.0,0.0,0.0,0.0,0,14,0.0,true
activemq-core/src/main/java/org/apache/activemq/store/amq/AMQTopicMessageStore.java,203.0,20.0,0.0,15.0,51.0,44.0,24.0,rajdavies@apache.org,1,0.004901960784313725,5.0,5.0,5.0,5.0,881.2727272727273,28624.06823904922,1,12,0.7370413741171705,true
activemq-core/src/main/java/org/apache/activemq/store/jdbc/JDBCAdapter.java,36.0,7.0,465.0,31.0,0.0,59.0,10.0,chirino@apache.org,1,0.004901960784313725,12.0,3.0,6.0,6.0,881.2727272727273,28624.06823904922,1,6,0.7370413741171705,true
activemq-core/src/main/java/org/apache/activemq/store/jdbc/JDBCMessageStore.java,249.0,17.0,0.0,18.0,104.0,63.0,15.0,null,1,0.004901960784313725,5.0,3.0,3.0,5.0,881.2727272727273,28624.06823904922,1,10,0.7370413741171705,true
activemq-core/src/main/java/org/apache/activemq/store/jdbc/JDBCPersistenceAdapter.java,578.0,35.0,2477.0,75.0,138.0,178.0,9.0,null,1,0.004901960784313725,7.0,1.0,1.0,5.0,881.2727272727273,28624.06823904922,1,23,0.7370413741171705,true
activemq-core/src/main/java/org/apache/activemq/store/jdbc/JDBCTopicMessageStore.java,172.0,19.0,103.0,15.0,71.0,56.0,10.0,chirino@apache.org,1,0.004901960784313725,15.0,8.0,10.0,8.0,881.2727272727273,28624.06823904922,1,10,0.7370413741171705,true
activemq-core/src/main/java/org/apache/activemq/store/jdbc/Statements.java,555.0,0.0,4920.0,101.0,58.0,194.0,8.0,null,1,0.004901960784313725,12.0,4.0,8.0,6.0,881.2727272727273,28624.06823904922,1,12,0.7370413741171705,true
activemq-core/src/main/java/org/apache/activemq/store/jdbc/adapter/DefaultJDBCAdapter.java,854.0,27.0,0.0,40.0,440.0,152.0,9.0,null,1,0.004901960784313725,9.0,3.0,4.0,4.0,881.2727272727273,28624.06823904922,1,23,0.7370413741171705,true
activemq-core/src/main/java/org/apache/activemq/store/jdbc/adapter/MySqlJDBCAdapter.java,54.0,3.0,0.0,5.0,14.0,10.0,0.0,chirino@apache.org,0,0.0,0.0,0.0,0.0,0.0,0.0,0.0,0,4,0.0,true
activemq-core/src/main/java/org/apache/activemq/store/journal/JournalTopicMessageStore.java,139.0,18.0,0.0,18.0,52.0,48.0,24.0,chirino@apache.org,1,0.004901960784313725,5.0,5.0,5.0,5.0,881.2727272727273,28624.06823904922,1,7,0.7370413741171705,true
activemq-core/src/main/java/org/apache/activemq/store/kahadaptor/KahaTopicMessageStore.java,196.0,17.0,4.0,16.0,89.0,52.0,24.0,rajdavies@apache.org,1,0.004901960784313725,3.0,3.0,3.0,3.0,881.2727272727273,28624.06823904922,1,12,0.7370413741171705,true
activemq-core/src/main/java/org/apache/activemq/store/kahadaptor/KahaTopicReferenceStore.java,324.0,23.0,148.0,24.0,146.0,82.0,24.0,rajdavies@apache.org,1,0.004901960784313725,2.0,2.0,2.0,2.0,881.2727272727273,28624.06823904922,1,27,0.7370413741171705,true
activemq-core/src/main/java/org/apache/activemq/store/kahadb/KahaDBStore.java,1039.0,66.0,869.0,43.0,88.0,104.0,5.0,gtully@apache.org,1,0.004901960784313725,15.0,7.0,11.0,9.0,881.2727272727273,28624.06823904922,1,20,0.7370413741171705,true
activemq-core/src/main/java/org/apache/activemq/store/kahadb/KahaDBTransactionStore.java,355.0,35.0,445.0,34.0,105.0,102.0,2.0,gtully@apache.org,1,0.004901960784313725,5.0,0.0,0.0,0.0,1034.1860465116279,11485.119023106421,1,1,0.7630168605204313,true
activemq-core/src/main/java/org/apache/activemq/store/kahadb/MessageDatabase.java,1747.0,63.0,5860.0,117.0,411.0,317.0,3.0,gtully@apache.org,1,0.004901960784313725,11.0,4.0,10.0,5.0,881.2727272727273,28624.06823904922,1,12,0.7370413741171705,true
activemq-core/src/main/java/org/apache/activemq/store/kahadb/TempKahaDBStore.java,448.0,43.0,349.0,27.0,62.0,75.0,24.0,gtully@apache.org,1,0.004901960784313725,12.0,12.0,12.0,12.0,881.2727272727273,28624.06823904922,1,2,0.7370413741171705,true
activemq-core/src/main/java/org/apache/activemq/store/kahadb/plist/PList.java,430.0,10.0,902.0,53.0,179.0,152.0,0.0,gtully@apache.org,0,0.0,0.0,0.0,0.0,0.0,0.0,0.0,0,3,0.0,true
activemq-core/src/main/java/org/apache/activemq/store/kahadb/plist/PListStore.java,282.0,28.0,263.0,27.0,48.0,68.0,0.0,gtully@apache.org,0,0.0,0.0,0.0,0.0,0.0,0.0,0.0,0,2,0.0,true
activemq-core/src/main/java/org/apache/activemq/store/memory/MemoryTopicMessageStore.java,89.0,16.0,0.0,15.0,34.0,36.0,24.0,rajdavies@apache.org,1,0.004901960784313725,5.0,5.0,5.0,5.0,881.2727272727273,28624.06823904922,1,6,0.7370413741171705,true
activemq-core/src/main/java/org/apache/activemq/store/memory/MemoryTransactionStore.java,231.0,19.0,260.0,25.0,51.0,63.0,0.0,chirino@apache.org,0,0.0,0.0,0.0,0.0,0.0,0.0,0.0,0,8,0.0,true
activemq-core/src/main/java/org/apache/activemq/transaction/LocalTransaction.java,78.0,8.0,0.0,6.0,24.0,15.0,0.0,chirino@apache.org,0,0.0,0.0,0.0,0.0,0.0,0.0,0.0,0,5,0.0,true
activemq-core/src/main/java/org/apache/activemq/transaction/XATransaction.java,156.0,10.0,2.0,13.0,42.0,38.0,5.0,chirino@apache.org,1,0.004901960784313725,6.0,6.0,6.0,0.0,1034.1860465116279,11485.119023106421,1,5,0.7630168605204313,true
activemq-core/src/main/java/org/apache/activemq/transport/FutureResponse.java,39.0,7.0,0.0,4.0,8.0,14.0,0.0,chirino@apache.org,0,0.0,0.0,0.0,0.0,0.0,0.0,0.0,0,8,0.0,true
activemq-core/src/main/java/org/apache/activemq/transport/InactivityMonitor.java,298.0,14.0,178.0,24.0,67.0,64.0,4.0,chirino@apache.org,1,0.004901960784313725,2.0,2.0,2.0,2.0,881.2727272727273,28624.06823904922,1,23,0.7370413741171705,true
activemq-core/src/main/java/org/apache/activemq/transport/RequestTimedOutIOException.java,5.0,1.0,0.0,0.0,0.0,0.0,0.0,chirino@apache.org,0,0.0,0.0,0.0,0.0,0.0,0.0,0.0,0,1,0.0,true
activemq-core/src/main/java/org/apache/activemq/transport/TransportFactory.java,226.0,18.0,229.0,22.0,52.0,77.0,0.0,chirino@apache.org,0,0.0,0.0,0.0,0.0,0.0,0.0,0.0,0,14,0.0,true
activemq-core/src/main/java/org/apache/activemq/transport/TransportServerSupport.java,55.0,3.0,27.0,10.0,1.0,14.0,0.0,chirino@apache.org,0,0.0,0.0,0.0,0.0,0.0,0.0,0.0,0,3,0.0,true
activemq-core/src/main/java/org/apache/activemq/transport/discovery/multicast/MulticastDiscoveryAgentFactory.java,18.0,10.0,0.0,1.0,7.0,5.0,0.0,chirino@apache.org,0,0.0,0.0,0.0,0.0,0.0,0.0,0.0,0,2,0.0,true
activemq-core/src/main/java/org/apache/activemq/transport/discovery/rendezvous/RendezvousDiscoveryAgentFactory.java,14.0,8.0,0.0,1.0,5.0,4.0,0.0,chirino@apache.org,0,0.0,0.0,0.0,0.0,0.0,0.0,0.0,0,1,0.0,true
activemq-core/src/main/java/org/apache/activemq/transport/failover/FailoverTransport.java,938.0,42.0,2453.0,78.0,232.0,206.0,1.0,null,2,0.00980392156862745,2.0,0.0,1.0,0.0,1915.4587737843551,40109.18726215564,2,48,0.10918570129011129,true
activemq-core/src/main/java/org/apache/activemq/transport/peer/PeerTransportFactory.java,66.0,17.0,21.0,7.0,24.0,22.0,1.0,chirino@apache.org,1,0.004901960784313725,7.0,7.0,0.0,0.0,881.2727272727273,28624.06823904922,1,7,0.7370413741171705,true
activemq-core/src/main/java/org/apache/activemq/transport/stomp/StompNIOTransport.java,136.0,24.0,4.0,9.0,34.0,26.0,0.0,dejanb@apache.org,0,0.0,0.0,0.0,0.0,0.0,0.0,0.0,0,2,0.0,true
activemq-core/src/main/java/org/apache/activemq/transport/tcp/SslTransportFactory.java,120.0,33.0,13.0,6.0,41.0,30.0,0.0,chirino@apache.org,0,0.0,0.0,0.0,0.0,0.0,0.0,0.0,0,9,0.0,true
activemq-core/src/main/java/org/apache/activemq/transport/tcp/TcpTransport.java,494.0,30.0,1411.0,58.0,71.0,133.0,5.0,null,2,0.00980392156862745,3.0,1.0,1.0,1.0,899.8441558441558,28717.094328150357,2,26,1.672942462567966,true
activemq-core/src/main/java/org/apache/activemq/transport/tcp/TcpTransportFactory.java,99.0,21.0,26.0,8.0,37.0,32.0,0.0,chirino@apache.org,0,0.0,0.0,0.0,0.0,0.0,0.0,0.0,0,15,0.0,true
activemq-core/src/main/java/org/apache/activemq/transport/tcp/TcpTransportServer.java,346.0,34.0,781.0,43.0,66.0,91.0,7.0,chirino@apache.org,1,0.004901960784313725,2.0,0.0,0.0,0.0,18.571428571428573,93.02608910113918,1,19,3.9951379121386528,true
activemq-core/src/main/java/org/apache/activemq/transport/udp/UdpTransport.java,353.0,27.0,1047.0,51.0,59.0,122.0,7.0,chirino@apache.org,1,0.004901960784313725,3.0,0.0,0.0,0.0,18.571428571428573,93.02608910113918,1,12,3.9951379121386528,true
activemq-core/src/main/java/org/apache/activemq/transport/udp/UdpTransportFactory.java,96.0,25.0,36.0,9.0,28.0,34.0,0.0,chirino@apache.org,0,0.0,0.0,0.0,0.0,0.0,0.0,0.0,0,12,0.0,true
activemq-core/src/main/java/org/apache/activemq/transport/vm/VMTransport.java,292.0,17.0,414.0,33.0,49.0,77.0,3.0,chirino@apache.org,1,0.004901960784313725,4.0,2.0,2.0,0.0,881.2727272727273,28624.06823904922,1,16,0.7370413741171705,true
activemq-core/src/main/java/org/apache/activemq/transport/vm/VMTransportFactory.java,202.0,22.0,33.0,11.0,62.0,38.0,0.0,chirino@apache.org,0,0.0,0.0,0.0,0.0,0.0,0.0,0.0,0,13,0.0,true
activemq-core/src/main/java/org/apache/activemq/usage/StoreUsage.java,36.0,1.0,1.0,7.0,3.0,11.0,1.0,chirino@apache.org,1,0.004901960784313725,17.0,0.0,0.0,0.0,1034.1860465116279,11485.119023106421,1,1,0.7630168605204313,false
activemq-core/src/main/java/org/apache/activemq/util/BrokerSupport.java,61.0,8.0,15.0,6.0,22.0,13.0,4.0,chirino@apache.org,1,0.004901960784313725,7.0,0.0,7.0,7.0,1034.1860465116279,11485.119023106421,1,5,0.7630168605204313,true
activemq-core/src/main/java/org/apache/activemq/util/IdGenerator.java,133.0,4.0,14.0,8.0,16.0,22.0,7.0,chirino@apache.org,1,0.004901960784313725,6.0,0.0,0.0,0.0,18.571428571428573,93.02608910113918,1,6,3.9951379121386528,true
activemq-core/src/main/java/org/apache/activemq/util/InetAddressUtil.java,24.0,2.0,0.0,1.0,5.0,6.0,5.0,bsnyder@apache.org,2,0.00980392156862745,67.0,0.0,33.0,0.0,1052.7574750830565,11578.14511220756,2,0,1.6859302057695968,false
activemq-core/src/main/java/org/apache/activemq/util/JettisonMappedXmlDriver.java,61.0,17.0,3.0,6.0,4.0,25.0,0.0,tabish@apache.org,0,0.0,0.0,0.0,0.0,0.0,0.0,0.0,0,0,0.0,false
activemq-core/src/main/java/org/apache/activemq/util/ThreadTracker.java,37.0,4.0,0.0,2.0,10.0,4.0,0.0,gtully@apache.org,0,0.0,0.0,0.0,0.0,0.0,0.0,0.0,0,1,0.0,true
activemq-core/src/main/java/org/apache/activemq/util/URISupport.java,321.0,11.0,136.0,17.0,87.0,76.0,0.0,chirino@apache.org,0,0.0,0.0,0.0,0.0,0.0,0.0,0.0,0,10,0.0,true
activemq-core/src/main/java/org/apache/activemq/xbean/XBeanBrokerFactory.java,68.0,22.0,8.0,5.0,16.0,17.0,3.0,chirino@apache.org,1,0.004901960784313725,4.0,0.0,0.0,0.0,881.2727272727273,28624.06823904922,1,5,0.7370413741171705,true
activemq-core/src/main/java/org/apache/activemq/xbean/XBeanBrokerService.java,59.0,7.0,20.0,8.0,13.0,16.0,0.0,chirino@apache.org,0,0.0,0.0,0.0,0.0,0.0,0.0,0.0,0,1,0.0,true
activemq-core/src/test/java/org/apache/activemq/ActiveMQXAConnectionFactoryTest.java,288.0,37.0,229.0,22.0,168.0,49.0,0.0,null,0,0.0,0.0,0.0,0.0,0.0,0.0,0.0,0,4,0.0,false
activemq-core/src/test/java/org/apache/activemq/JmsConnectionStartStopTest.java,96.0,17.0,0.0,7.0,41.0,19.0,0.0,chirino@apache.org,0,0.0,0.0,0.0,0.0,0.0,0.0,0.0,0,2,0.0,true
activemq-core/src/test/java/org/apache/activemq/JmsMultipleBrokersTestSupport.java,385.0,40.0,169.0,35.0,119.0,113.0,5.0,gtully@apache.org,1,0.004901960784313725,3.0,0.0,0.0,0.0,1034.1860465116279,11485.119023106421,1,7,0.7630168605204313,true
activemq-core/src/test/java/org/apache/activemq/JmsRollbackRedeliveryTest.java,246.0,14.0,0.0,15.0,141.0,53.0,0.0,gtully@apache.org,0,0.0,0.0,0.0,0.0,0.0,0.0,0.0,0,3,0.0,true
activemq-core/src/test/java/org/apache/activemq/JmsSendReceiveWithMessageExpirationTest.java,183.0,14.0,0.0,9.0,91.0,34.0,0.0,chirino@apache.org,0,0.0,0.0,0.0,0.0,0.0,0.0,0.0,0,3,0.0,false
activemq-core/src/test/java/org/apache/activemq/ProducerFlowControlTest.java,240.0,21.0,14.0,17.0,153.0,53.0,1.0,gtully@apache.org,1,0.004901960784313725,7.0,0.0,0.0,0.0,881.2727272727273,28624.06823904922,1,5,0.7370413741171705,true
activemq-core/src/test/java/org/apache/activemq/TestSupport.java,129.0,23.0,153.0,18.0,34.0,53.0,24.0,chirino@apache.org,1,0.004901960784313725,6.0,6.0,6.0,6.0,881.2727272727273,28624.06823904922,1,4,0.7370413741171705,true
activemq-core/src/test/java/org/apache/activemq/broker/OutOfOrderXMLTest.java,6.0,3.0,0.0,1.0,2.0,3.0,3.0,tabish@apache.org,1,0.004901960784313725,50.0,0.0,0.0,0.0,881.2727272727273,28624.06823904922,1,0,0.7370413741171705,false
activemq-core/src/test/java/org/apache/activemq/broker/advisory/AdvisoryBrokerTest.java,200.0,15.0,28.0,8.0,106.0,15.0,3.0,chirino@apache.org,1,0.004901960784313725,10.0,10.0,0.0,0.0,1034.1860465116279,11485.119023106421,1,2,0.7630168605204313,false
activemq-core/src/test/java/org/apache/activemq/broker/advisory/AdvisoryJmxTest.java,43.0,15.0,1.0,2.0,23.0,5.0,3.0,tabish@apache.org,1,0.004901960784313725,25.0,25.0,0.0,0.0,1034.1860465116279,11485.119023106421,1,0,0.7630168605204313,false
activemq-core/src/test/java/org/apache/activemq/broker/ft/MasterSlaveProducerFlowControlTest.java,28.0,8.0,0.0,2.0,13.0,6.0,0.0,tabish@apache.org,0,0.0,0.0,0.0,0.0,0.0,0.0,0.0,0,1,0.0,true
activemq-core/src/test/java/org/apache/activemq/broker/jmx/MBeanTest.java,388.0,27.0,19.0,19.0,176.0,56.0,6.0,null,2,0.00980392156862745,4.0,0.0,0.0,0.0,1915.4587737843551,40109.18726215564,2,11,0.05688193675885567,true
activemq-core/src/test/java/org/apache/activemq/broker/policy/MessageListenerDeadLetterTest.java,88.0,12.0,7.0,6.0,22.0,15.0,0.0,tabish@apache.org,0,0.0,0.0,0.0,0.0,0.0,0.0,0.0,0,0,0.0,false
activemq-core/src/test/java/org/apache/activemq/broker/region/QueueDuplicatesFromStoreTest.java,215.0,30.0,948.0,45.0,59.0,102.0,0.0,gtully@apache.org,0,0.0,0.0,0.0,0.0,0.0,0.0,0.0,0,2,0.0,true
activemq-core/src/test/java/org/apache/activemq/broker/region/cursors/NegativeQueueTest.java,283.0,35.0,73.0,18.0,68.0,53.0,12.0,gtully@apache.org,1,0.004901960784313725,8.0,8.0,8.0,0.0,881.2727272727273,28624.06823904922,1,1,0.7370413741171705,false
activemq-core/src/test/java/org/apache/activemq/broker/scheduler/JmsSchedulerTest.java,167.0,17.0,66.0,12.0,107.0,25.0,1.0,null,3,0.014705882352941176,23.0,0.0,8.0,0.0,1982.4587737843551,40202.424305920606,3,3,0.5628445523353114,true
activemq-core/src/test/java/org/apache/activemq/broker/scheduler/JobSchedulerManagementTest.java,260.0,18.0,160.0,20.0,156.0,39.0,3.0,tabish@apache.org,2,0.00980392156862745,50.0,0.0,25.0,0.0,948.2727272727273,28717.30528281418,2,0,1.4175296506849708,true
activemq-core/src/test/java/org/apache/activemq/bugs/AMQ2103Test.java,67.0,16.0,4.0,4.0,31.0,10.0,8.0,tabish@apache.org,1,0.004901960784313725,50.0,0.0,50.0,0.0,881.2727272727273,28624.06823904922,1,0,0.7370413741171705,true
activemq-core/src/test/java/org/apache/activemq/bugs/AMQ2149KahaDBTest.java,4.0,1.0,0.0,1.0,0.0,2.0,0.0,gtully@apache.org,0,0.0,0.0,0.0,0.0,0.0,0.0,0.0,0,4,0.0,true
activemq-core/src/test/java/org/apache/activemq/bugs/AMQ2584ConcurrentDlqTest.java,170.0,28.0,75.0,15.0,84.0,48.0,1.0,gtully@apache.org,1,0.004901960784313725,60.0,20.0,40.0,0.0,881.2727272727273,28624.06823904922,1,0,0.7370413741171705,false
activemq-core/src/test/java/org/apache/activemq/bugs/AMQ2584Test.java,132.0,21.0,77.0,15.0,70.0,41.0,0.0,gtully@apache.org,0,0.0,0.0,0.0,0.0,0.0,0.0,0.0,0,1,0.0,false
activemq-core/src/test/java/org/apache/activemq/bugs/AMQ2870Test.java,123.0,18.0,82.0,16.0,67.0,45.0,0.0,gtully@apache.org,0,0.0,0.0,0.0,0.0,0.0,0.0,0.0,0,1,0.0,false
activemq-core/src/test/java/org/apache/activemq/bugs/AMQ2902Test.java,60.0,15.0,114.0,16.0,19.0,29.0,3.0,gtully@apache.org,1,0.004901960784313725,20.0,0.0,20.0,0.0,881.2727272727273,28624.06823904922,1,0,0.7370413741171705,true
activemq-core/src/test/java/org/apache/activemq/bugs/AMQ2910Test.java,75.0,12.0,0.0,5.0,40.0,15.0,0.0,tabish@apache.org,0,0.0,0.0,0.0,0.0,0.0,0.0,0.0,0,1,0.0,true
activemq-core/src/test/java/org/apache/activemq/bugs/AMQ2982Test.java,104.0,23.0,9.0,6.0,35.0,15.0,1.0,dejanb@apache.org,1,0.004901960784313725,40.0,0.0,0.0,0.0,1034.1860465116279,11485.119023106421,1,0,0.7630168605204313,true
activemq-core/src/test/java/org/apache/activemq/bugs/AMQ2983Test.java,93.0,23.0,2.0,4.0,29.0,11.0,2.0,tabish@apache.org,1,0.004901960784313725,25.0,0.0,0.0,0.0,1034.1860465116279,11485.119023106421,1,0,0.7630168605204313,false
activemq-core/src/test/java/org/apache/activemq/bugs/JmsTimeoutTest.java,103.0,14.0,0.0,6.0,66.0,33.0,0.0,dejanb@apache.org,0,0.0,0.0,0.0,0.0,0.0,0.0,0.0,0,2,0.0,true
activemq-core/src/test/java/org/apache/activemq/bugs/OutOfOrderTestCase.java,73.0,14.0,3.0,6.0,31.0,16.0,0.0,tabish@apache.org,0,0.0,0.0,0.0,0.0,0.0,0.0,0.0,0,0,0.0,false
activemq-core/src/test/java/org/apache/activemq/command/ActiveMQMessageTest.java,872.0,14.0,1613.0,59.0,311.0,129.0,11.0,chirino@apache.org,1,0.004901960784313725,4.0,0.0,0.0,4.0,881.2727272727273,28624.06823904922,1,10,0.7370413741171705,true
activemq-core/src/test/java/org/apache/activemq/config/BrokerPropertiesTest.java,27.0,8.0,0.0,2.0,19.0,4.0,0.0,chirino@apache.org,0,0.0,0.0,0.0,0.0,0.0,0.0,0.0,0,3,0.0,false
activemq-core/src/test/java/org/apache/activemq/network/BrokerNetworkWithStuckMessagesTest.java,294.0,44.0,314.0,28.0,142.0,86.0,0.0,null,0,0.0,0.0,0.0,0.0,0.0,0.0,0.0,0,1,0.0,false
activemq-core/src/test/java/org/apache/activemq/network/FailoverStaticNetworkTest.java,124.0,20.0,19.0,11.0,64.0,33.0,0.0,gtully@apache.org,0,0.0,0.0,0.0,0.0,0.0,0.0,0.0,0,2,0.0,true
activemq-core/src/test/java/org/apache/activemq/openwire/DataFileGeneratorTestSupport.java,229.0,43.0,399.0,30.0,78.0,79.0,1.0,chirino@apache.org,1,0.004901960784313725,5.0,0.0,0.0,0.0,881.2727272727273,28624.06823904922,1,10,0.7370413741171705,true
activemq-core/src/test/java/org/apache/activemq/store/MessagePriorityTest.java,161.0,19.0,0.0,11.0,67.0,26.0,9.0,gtully@apache.org,2,0.00980392156862745,40.0,15.0,10.0,20.0,1915.4587737843551,40109.18726215564,2,1,0.36351814866114135,true
activemq-core/src/test/java/org/apache/activemq/store/jdbc/BrokenPersistenceAdapter.java,15.0,4.0,0.0,2.0,2.0,4.0,0.0,tabish@apache.org,0,0.0,0.0,0.0,0.0,0.0,0.0,0.0,0,0,0.0,false
activemq-core/src/test/java/org/apache/activemq/store/jdbc/JDBCCommitExceptionTest.java,102.0,22.0,0.0,9.0,52.0,26.0,0.0,gtully@apache.org,0,0.0,0.0,0.0,0.0,0.0,0.0,0.0,0,0,0.0,false
activemq-core/src/test/java/org/apache/activemq/store/jdbc/JDBCMessagePriorityTest.java,98.0,15.0,8.0,5.0,39.0,16.0,6.0,gtully@apache.org,2,0.00980392156862745,59.0,12.0,24.0,12.0,1915.4587737843551,40109.18726215564,2,1,0.41455594936604845,true
activemq-core/src/test/java/org/apache/activemq/store/jdbc/JDBCNegativeQueueTest.java,54.0,9.0,4.0,4.0,18.0,13.0,0.0,tabish@apache.org,0,0.0,0.0,0.0,0.0,0.0,0.0,0.0,0,1,0.0,false
activemq-core/src/test/java/org/apache/activemq/store/jdbc/JDBCNetworkBrokerDetachTest.java,11.0,3.0,0.0,1.0,6.0,2.0,0.0,tabish@apache.org,0,0.0,0.0,0.0,0.0,0.0,0.0,0.0,0,0,0.0,true
activemq-core/src/test/java/org/apache/activemq/store/jdbc/JDBCTestMemory.java,103.0,9.0,0.0,8.0,50.0,25.0,0.0,tabish@apache.org,0,0.0,0.0,0.0,0.0,0.0,0.0,0.0,0,0,0.0,false
activemq-core/src/test/java/org/apache/activemq/store/jdbc/JDBCXACommitExceptionTest.java,89.0,21.0,15.0,7.0,24.0,24.0,0.0,tabish@apache.org,0,0.0,0.0,0.0,0.0,0.0,0.0,0.0,0,0,0.0,false
activemq-core/src/test/java/org/apache/activemq/streams/JMSInputStreamTest.java,147.0,17.0,33.0,11.0,60.0,30.0,2.0,chirino@apache.org,1,0.004901960784313725,8.0,8.0,0.0,0.0,67.0,93.23704376496364,1,4,3.484312288372662,true
activemq-core/src/test/java/org/apache/activemq/test/rollback/RollbacksWhileConsumingLargeQueueTest.java,118.0,17.0,27.0,10.0,38.0,33.0,0.0,chirino@apache.org,0,0.0,0.0,0.0,0.0,0.0,0.0,0.0,0,4,0.0,true
activemq-core/src/test/java/org/apache/activemq/transport/discovery/DiscoveryTransportNoBrokerTest.java,95.0,15.0,9.0,6.0,46.0,17.0,0.0,gtully@apache.org,0,0.0,0.0,0.0,0.0,0.0,0.0,0.0,0,4,0.0,true
activemq-core/src/test/java/org/apache/activemq/transport/failover/FailoverPrefetchZeroTest.java,92.0,24.0,0.0,9.0,48.0,27.0,0.0,tabish@apache.org,0,0.0,0.0,0.0,0.0,0.0,0.0,0.0,0,0,0.0,true
activemq-core/src/test/java/org/apache/activemq/transport/failover/FailoverTransactionTest.java,647.0,35.0,152.0,40.0,332.0,116.0,2.0,gtully@apache.org,1,0.004901960784313725,4.0,0.0,0.0,0.0,881.2727272727273,28624.06823904922,1,8,0.7370413741171705,true
activemq-core/src/test/java/org/apache/activemq/transport/stomp/StompAdvisoryTest.java,216.0,24.0,0.0,11.0,165.0,28.0,0.0,tabish@apache.org,0,0.0,0.0,0.0,0.0,0.0,0.0,0.0,0,1,0.0,false
activemq-core/src/test/java/org/apache/activemq/transport/stomp/StompTest.java,912.0,29.0,0.0,61.0,539.0,152.0,0.0,null,0,0.0,0.0,0.0,0.0,0.0,0.0,0.0,0,25,0.0,true
activemq-core/src/test/java/org/apache/activemq/transport/tcp/TcpFaultyTransportFactory.java,51.0,25.0,15.0,6.0,21.0,23.0,0.0,dejanb@apache.org,0,0.0,0.0,0.0,0.0,0.0,0.0,0.0,0,0,0.0,false
activemq-core/src/test/java/org/apache/activemq/usecases/AMQ2927Test.java,66.0,9.0,0.0,4.0,30.0,8.0,0.0,dejanb@apache.org,0,0.0,0.0,0.0,0.0,0.0,0.0,0.0,0,0,0.0,false
activemq-core/src/test/java/org/apache/activemq/usecases/AdvisoryTopicDeletionTest.java,69.0,14.0,30.0,9.0,33.0,25.0,0.0,tabish@apache.org,0,0.0,0.0,0.0,0.0,0.0,0.0,0.0,0,1,0.0,false
activemq-core/src/test/java/org/apache/activemq/usecases/AuthorizationFromAdminViewTest.java,30.0,6.0,9.0,6.0,14.0,14.0,2.0,tabish@apache.org,2,0.00980392156862745,67.0,0.0,67.0,0.0,1915.4587737843551,40109.18726215564,2,0,0.05688193675885567,false
activemq-core/src/test/java/org/apache/activemq/usecases/BrokerQueueNetworkWithDisconnectTest.java,97.0,13.0,18.0,8.0,32.0,19.0,0.0,gtully@apache.org,0,0.0,0.0,0.0,0.0,0.0,0.0,0.0,0,2,0.0,true
activemq-core/src/test/java/org/apache/activemq/usecases/BrowseOverNetworkTest.java,146.0,15.0,15.0,7.0,48.0,21.0,3.0,dejanb@apache.org,1,0.004901960784313725,55.0,0.0,0.0,9.0,1034.1860465116279,11485.119023106421,1,0,0.7630168605204313,true
activemq-core/src/test/java/org/apache/activemq/usecases/DiscriminatingConsumerLoadTest.java,203.0,15.0,0.0,4.0,25.0,15.0,0.0,tabish@apache.org,0,0.0,0.0,0.0,0.0,0.0,0.0,0.0,0,0,0.0,false
activemq-core/src/test/java/org/apache/activemq/usecases/DurableSubscriptionOfflineTest.java,458.0,14.0,153.0,22.0,128.0,61.0,5.0,gtully@apache.org,1,0.004901960784313725,41.0,25.0,31.0,22.0,881.2727272727273,28624.06823904922,1,0,0.7370413741171705,true
activemq-core/src/test/java/org/apache/activemq/usecases/DurableSubscriptionReactivationTest.java,49.0,10.0,21.0,7.0,16.0,14.0,11.0,tabish@apache.org,1,0.004901960784313725,25.0,0.0,0.0,25.0,881.2727272727273,28624.06823904922,1,0,0.7370413741171705,true
activemq-core/src/test/java/org/apache/activemq/usecases/DurableSubscriptionSelectorTest.java,103.0,15.0,69.0,14.0,40.0,38.0,8.0,gtully@apache.org,1,0.004901960784313725,22.0,0.0,0.0,11.0,881.2727272727273,28624.06823904922,1,2,0.7370413741171705,true
activemq-core/src/test/java/org/apache/activemq/usecases/DurableSubscriptionUnsubscribeTest.java,174.0,14.0,82.0,16.0,73.0,42.0,4.0,dejanb@apache.org,1,0.004901960784313725,60.0,0.0,0.0,20.0,1034.1860465116279,11485.119023106421,1,0,0.7630168605204313,false
activemq-core/src/test/java/org/apache/activemq/usecases/DurableUnsubscribeTest.java,59.0,10.0,12.0,8.0,35.0,20.0,9.0,dejanb@apache.org,1,0.004901960784313725,20.0,0.0,0.0,0.0,1034.1860465116279,11485.119023106421,1,0,0.7630168605204313,true
activemq-core/src/test/java/org/apache/activemq/usecases/ExpiredMessagesWithNoConsumerTest.java,309.0,25.0,316.0,29.0,165.0,105.0,1.0,gtully@apache.org,1,0.004901960784313725,4.0,0.0,0.0,0.0,881.2727272727273,28624.06823904922,1,5,0.7370413741171705,true
activemq-core/src/test/java/org/apache/activemq/usecases/ManagedDurableSubscriptionTest.java,61.0,11.0,13.0,7.0,31.0,18.0,6.0,gtully@apache.org,2,0.00980392156862745,40.0,0.0,0.0,0.0,1915.4587737843551,40109.18726215564,2,0,0.05688193675885567,false
activemq-core/src/test/java/org/apache/activemq/usecases/MessageGroupCloseTest.java,177.0,8.0,1.0,7.0,79.0,35.0,0.0,tabish@apache.org,0,0.0,0.0,0.0,0.0,0.0,0.0,0.0,0,0,0.0,true
activemq-core/src/test/java/org/apache/activemq/usecases/MessageGroupDelayedTest.java,165.0,20.0,11.0,7.0,33.0,19.0,0.0,dejanb@apache.org,0,0.0,0.0,0.0,0.0,0.0,0.0,0.0,0,4,0.0,true
activemq-core/src/test/java/org/apache/activemq/usecases/MulticastDiscoveryOnFaultyNetworkTest.java,66.0,12.0,22.0,8.0,26.0,16.0,0.0,gtully@apache.org,0,0.0,0.0,0.0,0.0,0.0,0.0,0.0,0,0,0.0,true
activemq-core/src/test/java/org/apache/activemq/usecases/MyObject.java,35.0,6.0,24.0,9.0,9.0,16.0,0.0,tabish@apache.org,0,0.0,0.0,0.0,0.0,0.0,0.0,0.0,0,0,0.0,true
activemq-core/src/test/java/org/apache/activemq/usecases/ObjectMessageNotSerializableTest.java,209.0,19.0,0.0,13.0,155.0,34.0,0.0,tabish@apache.org,0,0.0,0.0,0.0,0.0,0.0,0.0,0.0,0,1,0.0,true
activemq-core/src/test/java/org/apache/activemq/usecases/ThreeBrokerStompTemporaryQueueTest.java,109.0,15.0,21.0,7.0,43.0,22.0,0.0,tabish@apache.org,0,0.0,0.0,0.0,0.0,0.0,0.0,0.0,0,0,0.0,false
activemq-core/src/test/java/org/apache/activemq/usecases/TwoBrokerTopicSendReceiveUsingJavaConfigurationTest.java,50.0,3.0,0.0,3.0,15.0,11.0,0.0,chirino@apache.org,0,0.0,0.0,0.0,0.0,0.0,0.0,0.0,0,3,0.0,false
activemq-core/src/test/java/org/apache/activemq/util/LRUCacheTest.java,23.0,4.0,0.0,1.0,6.0,4.0,0.0,chirino@apache.org,0,0.0,0.0,0.0,0.0,0.0,0.0,0.0,0,0,0.0,false
activemq-core/src/test/java/org/apache/activemq/util/SocketProxy.java,235.0,17.0,47.0,14.0,33.0,30.0,2.0,gtully@apache.org,1,0.004901960784313725,10.0,0.0,0.0,0.0,881.2727272727273,28624.06823904922,1,1,0.7370413741171705,true
activemq-core/src/test/java/org/apache/activemq/util/URISupportTest.java,76.0,5.0,66.0,12.0,49.0,24.0,0.0,chirino@apache.org,0,0.0,0.0,0.0,0.0,0.0,0.0,0.0,0,4,0.0,true
activemq-core/src/test/java/org/apache/activemq/xbean/XBeanStartFalseTest.java,6.0,4.0,0.0,1.0,3.0,2.0,0.0,tabish@apache.org,0,0.0,0.0,0.0,0.0,0.0,0.0,0.0,0,0,0.0,false
activemq-fileserver/src/test/java/org/apache/activemq/util/HttpBlobTest.java,30.0,12.0,0.0,1.0,21.0,3.0,0.0,tabish@apache.org,0,0.0,0.0,0.0,0.0,0.0,0.0,0.0,0,0,0.0,true
activemq-fileserver/src/test/java/org/apache/activemq/util/HttpTestSupport.java,70.0,17.0,2.0,4.0,36.0,16.0,1.0,dejanb@apache.org,1,0.004901960784313725,17.0,0.0,0.0,0.0,881.2727272727273,28624.06823904922,1,0,0.7370413741171705,false
activemq-karaf/src/main/java/org/apache/activemq/karaf/commands/ActiveMQCommand.java,98.0,21.0,15.0,7.0,3.0,12.0,0.0,dejanb@apache.org,0,0.0,0.0,0.0,0.0,0.0,0.0,0.0,0,0,0.0,true
activemq-optional/src/main/java/org/apache/activemq/transport/discovery/http/HTTPDiscoveryAgentFactory.java,15.0,8.0,0.0,1.0,6.0,4.0,0.0,chirino@apache.org,0,0.0,0.0,0.0,0.0,0.0,0.0,0.0,0,0,0.0,false
activemq-optional/src/main/java/org/apache/activemq/transport/http/BlockingQueueTransport.java,35.0,6.0,9.0,7.0,3.0,17.0,2.0,chirino@apache.org,1,0.004901960784313725,11.0,6.0,6.0,0.0,1034.1860465116279,11485.119023106421,1,4,0.7630168605204313,true
activemq-optional/src/main/java/org/apache/activemq/transport/http/HttpEmbeddedTunnelServlet.java,42.0,4.0,3.0,3.0,12.0,10.0,0.0,chirino@apache.org,0,0.0,0.0,0.0,0.0,0.0,0.0,0.0,0,3,0.0,false
activemq-optional/src/main/java/org/apache/activemq/transport/http/HttpTransport.java,166.0,18.0,94.0,17.0,53.0,44.0,4.0,chirino@apache.org,1,0.004901960784313725,6.0,0.0,0.0,6.0,1034.1860465116279,11485.119023106421,1,5,0.7630168605204313,true
activemq-optional/src/main/java/org/apache/activemq/transport/http/HttpTransportFactory.java,54.0,20.0,13.0,6.0,15.0,22.0,0.0,chirino@apache.org,0,0.0,0.0,0.0,0.0,0.0,0.0,0.0,0,6,0.0,true
activemq-optional/src/main/java/org/apache/activemq/transport/http/HttpTransportServer.java,73.0,15.0,28.0,9.0,21.0,17.0,0.0,chirino@apache.org,0,0.0,0.0,0.0,0.0,0.0,0.0,0.0,0,3,0.0,false
activemq-optional/src/main/java/org/apache/activemq/transport/http/HttpTunnelServlet.java,151.0,25.0,52.0,12.0,39.0,44.0,1.0,chirino@apache.org,2,0.00980392156862745,12.0,4.0,0.0,0.0,1915.4587737843551,40109.18726215564,2,8,0.11784419675786484,true
activemq-optional/src/main/java/org/apache/activemq/transport/https/HttpsTransport.java,26.0,7.0,3.0,3.0,13.0,9.0,4.0,chirino@apache.org,1,0.004901960784313725,11.0,0.0,0.0,11.0,1034.1860465116279,11485.119023106421,1,2,0.7630168605204313,false
activemq-optional/src/main/java/org/apache/activemq/transport/https/HttpsTransportFactory.java,24.0,13.0,3.0,3.0,6.0,11.0,0.0,chirino@apache.org,0,0.0,0.0,0.0,0.0,0.0,0.0,0.0,0,5,0.0,true
activemq-optional/src/main/java/org/apache/activemq/transport/https/HttpsTransportServer.java,86.0,3.0,105.0,18.0,9.0,32.0,0.0,chirino@apache.org,0,0.0,0.0,0.0,0.0,0.0,0.0,0.0,0,4,0.0,true
activemq-optional/src/test/java/org/apache/activemq/bugs/AMQ2764Test.java,173.0,22.0,149.0,19.0,60.0,58.0,2.0,dejanb@apache.org,1,0.004901960784313725,29.0,0.0,0.0,0.0,1034.1860465116279,11485.119023106421,1,1,0.7630168605204313,false
activemq-optional/src/test/java/org/apache/activemq/util/oxm/AbstractXMLMessageTransformerTest.java,137.0,7.0,0.0,6.0,67.0,21.0,4.0,davsclaus@apache.org,1,0.004901960784313725,25.0,0.0,0.0,25.0,1034.1860465116279,11485.119023106421,1,1,0.7630168605204313,false
activemq-optional/src/test/java/org/apache/activemq/util/xstream/XStreamTransformTest.java,198.0,13.0,0.0,5.0,87.0,19.0,4.0,chirino@apache.org,1,0.004901960784313725,8.0,0.0,0.0,8.0,1034.1860465116279,11485.119023106421,1,4,0.7630168605204313,false
activemq-pool/src/main/java/org/apache/activemq/pool/ConnectionPool.java,140.0,10.0,93.0,18.0,21.0,36.0,0.0,tabish@apache.org,0,0.0,0.0,0.0,0.0,0.0,0.0,0.0,0,2,0.0,true
activemq-pool/src/main/java/org/apache/activemq/pool/PooledConnection.java,85.0,19.0,173.0,22.0,33.0,58.0,0.0,tabish@apache.org,0,0.0,0.0,0.0,0.0,0.0,0.0,0.0,0,0,0.0,true
activemq-ra/src/main/java/org/apache/activemq/ra/ActiveMQConnectionRequestInfo.java,242.0,5.0,343.0,39.0,70.0,85.0,0.0,chirino@apache.org,0,0.0,0.0,0.0,0.0,0.0,0.0,0.0,0,5,0.0,true
activemq-ra/src/main/java/org/apache/activemq/ra/ActiveMQConnectionSupport.java,297.0,5.0,0.0,38.0,72.0,90.0,0.0,null,0,0.0,0.0,0.0,0.0,0.0,0.0,0.0,0,4,0.0,true
activemq-ra/src/main/java/org/apache/activemq/ra/ServerSessionImpl.java,211.0,18.0,10.0,16.0,37.0,44.0,0.0,chirino@apache.org,0,0.0,0.0,0.0,0.0,0.0,0.0,0.0,0,4,0.0,true
activemq-ra/src/test/java/org/apache/activemq/ra/ManagedConnectionFactoryTest.java,85.0,19.0,0.0,7.0,31.0,17.0,0.0,chirino@apache.org,0,0.0,0.0,0.0,0.0,0.0,0.0,0.0,0,2,0.0,true
activemq-rar/src/test/java/org/apache/activemq/BrokerConfigTest.java,6.0,3.0,0.0,1.0,2.0,2.0,0.0,gtully@apache.org,0,0.0,0.0,0.0,0.0,0.0,0.0,0.0,0,1,0.0,true
activemq-spring/src/main/java/org/apache/activemq/hooks/SpringContextHook.java,20.0,8.0,0.0,2.0,4.0,5.0,0.0,gtully@apache.org,0,0.0,0.0,0.0,0.0,0.0,0.0,0.0,0,0,0.0,false
activemq-spring/src/test/java/org/apache/activemq/spring/Listener.java,17.0,8.0,0.0,1.0,6.0,2.0,3.0,dejanb@apache.org,1,0.004901960784313725,67.0,0.0,0.0,0.0,1034.1860465116279,11485.119023106421,1,0,0.7630168605204313,false
activemq-spring/src/test/java/org/apache/activemq/spring/ListenerTest.java,30.0,11.0,0.0,3.0,17.0,7.0,3.0,dejanb@apache.org,1,0.004901960784313725,60.0,0.0,0.0,0.0,1034.1860465116279,11485.119023106421,1,0,0.7630168605204313,true
activemq-spring/src/test/java/org/apache/activemq/spring/ParallelXATransactionTest.java,76.0,21.0,0.0,1.0,4.0,8.0,5.0,dejanb@apache.org,1,0.004901960784313725,50.0,50.0,50.0,0.0,1034.1860465116279,11485.119023106421,1,0,0.7630168605204313,false
activemq-spring/src/test/java/org/apache/activemq/spring/SpringTest.java,28.0,3.0,0.0,1.0,10.0,2.0,0.0,dejanb@apache.org,0,0.0,0.0,0.0,0.0,0.0,0.0,0.0,0,0,0.0,false
activemq-spring/src/test/java/org/apache/bugs/AMQ2754Test.java,114.0,21.0,6.0,4.0,50.0,18.0,0.0,gary.tully@gmail.com,0,0.0,0.0,0.0,0.0,0.0,0.0,0.0,0,1,0.0,true
activemq-web-demo/src/test/java/org/apache/activemq/web/JettyTestSupport.java,59.0,16.0,2.0,4.0,33.0,14.0,0.0,dejanb@apache.org,0,0.0,0.0,0.0,0.0,0.0,0.0,0.0,0,0,0.0,true
activemq-web-demo/src/test/java/org/apache/activemq/web/RestTest.java,88.0,10.0,0.0,5.0,58.0,11.0,0.0,dejanb@apache.org,0,0.0,0.0,0.0,0.0,0.0,0.0,0.0,0,0,0.0,true
activemq-web/src/main/java/org/apache/activemq/web/AjaxListener.java,41.0,7.0,0.0,5.0,11.0,9.0,5.0,dejanb@apache.org,1,0.004901960784313725,25.0,0.0,0.0,0.0,1034.1860465116279,11485.119023106421,1,0,0.7630168605204313,true
activemq-web/src/main/java/org/apache/activemq/web/AjaxWebClient.java,41.0,8.0,16.0,8.0,7.0,15.0,6.0,dejanb@apache.org,1,0.004901960784313725,50.0,0.0,0.0,0.0,1034.1860465116279,11485.119023106421,1,0,0.7630168605204313,true
activemq-web/src/main/java/org/apache/activemq/web/BrokerFacade.java,128.0,11.0,171.0,19.0,0.0,63.0,5.0,dejanb@apache.org,1,0.004901960784313725,27.0,0.0,9.0,0.0,1034.1860465116279,11485.119023106421,1,1,0.7630168605204313,true
activemq-web/src/main/java/org/apache/activemq/web/BrokerFacadeSupport.java,142.0,22.0,210.0,21.0,72.0,71.0,5.0,dejanb@apache.org,1,0.004901960784313725,14.0,0.0,5.0,0.0,1034.1860465116279,11485.119023106421,1,2,0.7630168605204313,true
activemq-web/src/main/java/org/apache/activemq/web/MessageListenerServlet.java,317.0,27.0,1.0,7.0,94.0,35.0,5.0,null,1,0.004901960784313725,5.0,0.0,0.0,0.0,1034.1860465116279,11485.119023106421,1,8,0.7630168605204313,true
activemq-web/src/main/java/org/apache/activemq/web/MessageServlet.java,246.0,21.0,50.0,12.0,82.0,44.0,0.0,null,0,0.0,0.0,0.0,0.0,0.0,0.0,0.0,0,4,0.0,true
activemq-web/src/main/java/org/apache/activemq/web/SessionListener.java,11.0,4.0,1.0,2.0,3.0,3.0,0.0,dejanb@apache.org,0,0.0,0.0,0.0,0.0,0.0,0.0,0.0,0,0,0.0,false
activemq-web/src/main/java/org/apache/activemq/web/WebClient.java,262.0,36.0,317.0,31.0,90.0,88.0,0.0,null,0,0.0,0.0,0.0,0.0,0.0,0.0,0.0,0,6,0.0,true
kahadb/src/main/java/org/apache/kahadb/page/PageFile.java,841.0,33.0,1507.0,62.0,201.0,164.0,1.0,gtully@apache.org,2,0.00980392156862745,11.0,4.0,4.0,7.0,1915.4587737843551,40109.18726215564,2,2,0.10918570129011129,true
kahadb/src/main/java/org/apache/kahadb/util/LockFile.java,92.0,6.0,0.0,5.0,20.0,18.0,1.0,gtully@apache.org,1,0.004901960784313725,9.0,0.0,9.0,0.0,881.2727272727273,28624.06823904922,1,2,0.7370413741171705,true
