name,LOC,CBO,LCOM,NOM,RFC,WMC,ACS,Ownership,numOfChanges,numberOfFIChanges,ENH,NF,BugFixing,REF,structuralWorkloadSum,semanticWorkloadSum,numberOfDeveloper,pastFaults,MAF,isBuggy
activemq-camel/src/main/java/org/apache/activemq/camel/component/ActiveMQComponent.java,127.0,12.0,163.0,19.0,27.0,40.0,0.0,null,0,0.0,0.0,0.0,0.0,0.0,0.0,0.0,0,2,0.0,true
activemq-camel/src/test/java/org/apache/activemq/camel/AMQ2240Test.java,23.0,11.0,0.0,2.0,7.0,6.0,4.0,tabish@apache.org,1,0.0028169014084507044,33.0,0.0,33.0,0.0,1067.105882352941,28935.907348361336,1,0,1.033307190260343,true
activemq-camel/src/test/java/org/apache/activemq/camel/CamelDestinationExclusiveConsumerTest.java,10.0,6.0,0.0,1.0,2.0,2.0,0.0,davsclaus@apache.org,0,0.0,0.0,0.0,0.0,0.0,0.0,0.0,0,1,0.0,false
activemq-camel/src/test/java/org/apache/activemq/camel/JmsJdbcXATest.java,130.0,22.0,46.0,12.0,64.0,46.0,1.0,null,1,0.0028169014084507044,12.0,0.0,12.0,0.0,1067.105882352941,28935.907348361336,1,1,1.033307190260343,false
activemq-camel/src/test/java/org/apache/activemq/camel/TransactedConsumeTest.java,76.0,22.0,0.0,5.0,32.0,19.0,0.0,gtully@apache.org,0,0.0,0.0,0.0,0.0,0.0,0.0,0.0,0,1,0.0,false
activemq-camel/src/test/java/org/apache/activemq/camel/component/ActiveMQRouteTest.java,69.0,10.0,37.0,10.0,35.0,24.0,3.0,ningjiang@apache.org,1,0.0028169014084507044,25.0,0.0,25.0,0.0,1067.105882352941,28935.907348361336,1,0,1.033307190260343,false
activemq-camel/src/test/java/org/apache/activemq/camel/component/JmsSimpleRequestReplyTest.java,42.0,12.0,15.0,6.0,26.0,15.0,0.0,janstey@apache.org,0,0.0,0.0,0.0,0.0,0.0,0.0,0.0,0,0,0.0,false
activemq-console/src/main/java/org/apache/activemq/console/filter/MapTransformFilter.java,244.0,23.0,78.0,13.0,89.0,61.0,0.0,chirino@apache.org,0,0.0,0.0,0.0,0.0,0.0,0.0,0.0,0,2,0.0,false
activemq-console/src/test/java/org/apache/activemq/console/filter/TestMapTransformFilter.java,9.0,1.0,0.0,1.0,1.0,2.0,0.0,tabish@apache.org,0,0.0,0.0,0.0,0.0,0.0,0.0,0.0,0,0,0.0,false
activemq-core/src/main/java/org/apache/activemq/ActiveMQConnection.java,1684.0,83.0,17124.0,193.0,430.0,541.0,2.0,null,3,0.008450704225352112,4.0,1.0,4.0,0.0,3053.3799612152557,144054.57759693798,3,64,0.6581093910939373,true
activemq-core/src/main/java/org/apache/activemq/ActiveMQConnectionFactory.java,772.0,30.0,5717.0,110.0,151.0,229.0,4.0,null,2,0.005633802816901409,4.0,1.0,4.0,0.0,2974.2371040723983,143918.40096865367,2,27,0.3639796643611126,true
activemq-core/src/main/java/org/apache/activemq/ActiveMQMessageConsumer.java,1145.0,45.0,1030.0,73.0,424.0,251.0,2.0,null,2,0.005633802816901409,6.0,2.0,5.0,1.0,2974.2371040723983,143918.40096865367,2,59,0.4463620274382216,true
activemq-core/src/main/java/org/apache/activemq/ActiveMQMessageProducer.java,189.0,19.0,54.0,17.0,40.0,44.0,2.0,chirino@apache.org,1,0.0028169014084507044,12.0,0.0,4.0,4.0,1067.105882352941,28935.907348361336,1,8,1.033307190260343,true
activemq-core/src/main/java/org/apache/activemq/ActiveMQPrefetchPolicy.java,129.0,3.0,61.0,18.0,7.0,31.0,0.0,chirino@apache.org,0,0.0,0.0,0.0,0.0,0.0,0.0,0.0,0,7,0.0,true
activemq-core/src/main/java/org/apache/activemq/ActiveMQSession.java,1241.0,75.0,4617.0,110.0,361.0,382.0,4.0,null,1,0.0028169014084507044,1.0,1.0,1.0,0.0,1067.105882352941,28935.907348361336,1,41,1.033307190260343,true
activemq-core/src/main/java/org/apache/activemq/ActiveMQSessionExecutor.java,153.0,9.0,0.0,17.0,49.0,47.0,4.0,chirino@apache.org,1,0.0028169014084507044,4.0,4.0,4.0,0.0,1067.105882352941,28935.907348361336,1,12,1.033307190260343,true
activemq-core/src/main/java/org/apache/activemq/AdvisoryConsumer.java,66.0,12.0,0.0,4.0,28.0,14.0,0.0,chirino@apache.org,0,0.0,0.0,0.0,0.0,0.0,0.0,0.0,0,8,0.0,true
activemq-core/src/main/java/org/apache/activemq/TransactionContext.java,591.0,26.0,138.0,33.0,147.0,137.0,0.0,null,0,0.0,0.0,0.0,0.0,0.0,0.0,0.0,0,21,0.0,true
activemq-core/src/main/java/org/apache/activemq/broker/BrokerService.java,2012.0,78.0,26788.0,237.0,502.0,603.0,2.0,null,3,0.008450704225352112,2.0,2.0,0.0,0.0,2308.8208768918707,116638.36361645881,3,95,0.8657452104720953,true
activemq-core/src/main/java/org/apache/activemq/broker/DefaultBrokerFactory.java,31.0,6.0,0.0,1.0,14.0,6.0,4.0,chirino@apache.org,1,0.0028169014084507044,11.0,0.0,11.0,0.0,1067.105882352941,28935.907348361336,1,3,1.033307190260343,true
activemq-core/src/main/java/org/apache/activemq/broker/ProducerBrokerExchange.java,130.0,9.0,63.0,15.0,17.0,30.0,3.0,gtully@apache.org,2,0.005633802816901409,36.0,14.0,21.0,0.0,2251.8208768918707,116597.45616539758,2,4,0.6224661456071969,true
activemq-core/src/main/java/org/apache/activemq/broker/TransportConnection.java,1193.0,79.0,3861.0,102.0,489.0,311.0,3.0,null,3,0.008450704225352112,7.0,3.0,6.0,1.0,3053.3799612152557,144054.57759693798,3,60,0.39274770141257087,true
activemq-core/src/main/java/org/apache/activemq/broker/TransportConnector.java,437.0,26.0,1511.0,59.0,132.0,133.0,3.0,chirino@apache.org,2,0.005633802816901409,6.0,4.0,4.0,0.0,2974.2371040723983,143918.40096865367,2,22,0.3971419910315954,true
activemq-core/src/main/java/org/apache/activemq/broker/region/AbstractRegion.java,425.0,33.0,139.0,30.0,179.0,96.0,6.0,null,1,0.0028169014084507044,3.0,1.0,1.0,3.0,1907.131221719457,114982.49362029234,1,39,0.9348671174470905,true
activemq-core/src/main/java/org/apache/activemq/broker/region/BaseDestination.java,567.0,24.0,3646.0,89.0,85.0,171.0,4.0,rajdavies@apache.org,1,0.0028169014084507044,2.0,0.0,0.0,0.0,1907.131221719457,114982.49362029234,1,32,0.9348671174470905,true
activemq-core/src/main/java/org/apache/activemq/broker/region/Destination.java,121.0,17.0,1540.0,56.0,0.0,73.0,0.0,null,0,0.0,0.0,0.0,0.0,0.0,0.0,0.0,0,21,0.0,true
activemq-core/src/main/java/org/apache/activemq/broker/region/DestinationFilter.java,202.0,16.0,0.0,62.0,65.0,103.0,0.0,rajdavies@apache.org,0,0.0,0.0,0.0,0.0,0.0,0.0,0.0,0,19,0.0,true
activemq-core/src/main/java/org/apache/activemq/broker/region/PrefetchSubscription.java,587.0,28.0,576.0,44.0,186.0,134.0,0.0,null,0,0.0,0.0,0.0,0.0,0.0,0.0,0.0,0,71,0.0,true
activemq-core/src/main/java/org/apache/activemq/broker/region/Queue.java,1669.0,56.0,4202.0,101.0,658.0,335.0,4.0,null,2,0.005633802816901409,1.0,1.0,0.0,0.0,2974.2371040723983,143918.40096865367,2,116,0.3311663067566951,true
activemq-core/src/main/java/org/apache/activemq/broker/region/RegionBroker.java,757.0,54.0,2512.0,81.0,248.0,221.0,3.0,null,1,0.0028169014084507044,4.0,2.0,2.0,4.0,1907.131221719457,114982.49362029234,1,56,0.9348671174470905,true
activemq-core/src/main/java/org/apache/activemq/broker/region/Topic.java,502.0,37.0,683.0,43.0,215.0,132.0,5.0,rajdavies@apache.org,1,0.0028169014084507044,2.0,1.0,1.0,1.0,1907.131221719457,114982.49362029234,1,51,0.9348671174470905,true
activemq-core/src/main/java/org/apache/activemq/broker/region/TopicRegion.java,281.0,21.0,99.0,18.0,116.0,61.0,0.0,null,0,0.0,0.0,0.0,0.0,0.0,0.0,0.0,0,28,0.0,true
activemq-core/src/main/java/org/apache/activemq/broker/region/cursors/AbstractStoreCursor.java,227.0,8.0,209.0,30.0,78.0,77.0,7.0,gtully@apache.org,1,0.0028169014084507044,2.0,2.0,2.0,2.0,1907.131221719457,114982.49362029234,1,21,0.9348671174470905,true
activemq-core/src/main/java/org/apache/activemq/broker/region/cursors/FilePendingMessageCursor.java,422.0,24.0,287.0,31.0,150.0,99.0,2.0,rajdavies@apache.org,1,0.0028169014084507044,2.0,0.0,2.0,0.0,1907.131221719457,114982.49362029234,1,25,0.9348671174470905,true
activemq-core/src/main/java/org/apache/activemq/broker/region/cursors/OrderedPendingList.java,95.0,7.0,0.0,13.0,33.0,35.0,6.0,tabish@apache.org,2,0.005633802816901409,40.0,40.0,20.0,20.0,2974.2371040723983,143918.40096865367,2,0,0.2909399732937715,true
activemq-core/src/main/java/org/apache/activemq/broker/region/cursors/PendingList.java,9.0,2.0,21.0,7.0,0.0,7.0,6.0,tabish@apache.org,2,0.005633802816901409,50.0,50.0,25.0,25.0,2974.2371040723983,143918.40096865367,2,0,0.2909399732937715,true
activemq-core/src/main/java/org/apache/activemq/broker/region/cursors/PrioritizedPendingList.java,88.0,7.0,19.0,11.0,22.0,24.0,6.0,null,2,0.005633802816901409,40.0,40.0,20.0,20.0,2974.2371040723983,143918.40096865367,2,1,0.2909399732937715,true
activemq-core/src/main/java/org/apache/activemq/broker/region/policy/IndividualDeadLetterStrategy.java,83.0,6.0,36.0,12.0,9.0,29.0,3.0,chirino@apache.org,1,0.0028169014084507044,8.0,0.0,0.0,0.0,1067.105882352941,28935.907348361336,1,4,1.033307190260343,true
activemq-core/src/main/java/org/apache/activemq/broker/region/policy/PolicyMap.java,30.0,4.0,8.0,5.0,2.0,9.0,0.0,chirino@apache.org,0,0.0,0.0,0.0,0.0,0.0,0.0,0.0,0,2,0.0,true
activemq-core/src/main/java/org/apache/activemq/broker/region/virtual/SelectorAwareVirtualTopicInterceptor.java,31.0,11.0,3.0,3.0,11.0,11.0,4.0,rajdavies@apache.org,1,0.0028169014084507044,25.0,0.0,0.0,0.0,344.6896551724138,1614.9625451052418,1,0,1.8748743759385615,true
activemq-core/src/main/java/org/apache/activemq/broker/region/virtual/VirtualTopic.java,67.0,7.0,73.0,14.0,11.0,27.0,4.0,chirino@apache.org,1,0.0028169014084507044,10.0,0.0,0.0,0.0,344.6896551724138,1614.9625451052418,1,3,1.8748743759385615,true
activemq-core/src/main/java/org/apache/activemq/broker/region/virtual/VirtualTopicInterceptor.java,24.0,6.0,0.0,3.0,6.0,7.0,4.0,chirino@apache.org,1,0.0028169014084507044,10.0,0.0,0.0,0.0,344.6896551724138,1614.9625451052418,1,2,1.8748743759385615,true
activemq-core/src/main/java/org/apache/activemq/broker/util/TimeStampingBrokerPlugin.java,83.0,8.0,7.0,6.0,18.0,14.0,2.0,chirino@apache.org,1,0.0028169014084507044,6.0,0.0,0.0,0.0,1067.105882352941,28935.907348361336,1,7,1.033307190260343,true
activemq-core/src/main/java/org/apache/activemq/broker/util/TraceBrokerPathPlugin.java,34.0,5.0,1.0,3.0,7.0,10.0,0.0,tabish@apache.org,0,0.0,0.0,0.0,0.0,0.0,0.0,0.0,0,2,0.0,true
activemq-core/src/main/java/org/apache/activemq/command/ActiveMQDestination.java,304.0,21.0,452.0,33.0,55.0,92.0,0.0,chirino@apache.org,0,0.0,0.0,0.0,0.0,0.0,0.0,0.0,0,12,0.0,true
activemq-core/src/main/java/org/apache/activemq/command/CommandTypes.java,74.0,0.0,0.0,0.0,0.0,0.0,112.0,chirino@apache.org,1,0.0028169014084507044,4.0,4.0,0.0,0.0,1907.131221719457,114982.49362029234,1,10,0.9348671174470905,true
activemq-core/src/main/java/org/apache/activemq/command/ConnectionInfo.java,182.0,1.0,391.0,31.0,5.0,51.0,4.0,chirino@apache.org,1,0.0028169014084507044,5.0,5.0,5.0,0.0,1907.131221719457,114982.49362029234,1,6,0.9348671174470905,true
activemq-core/src/main/java/org/apache/activemq/command/DefaultUnresolvedDestinationTransformer.java,30.0,5.0,1.0,2.0,6.0,12.0,0.0,chirino@apache.org,0,0.0,0.0,0.0,0.0,0.0,0.0,0.0,0,0,0.0,true
activemq-core/src/main/java/org/apache/activemq/command/UnresolvedDestinationTransformer.java,4.0,2.0,1.0,2.0,0.0,6.0,0.0,chirino@apache.org,0,0.0,0.0,0.0,0.0,0.0,0.0,0.0,0,0,0.0,true
activemq-core/src/main/java/org/apache/activemq/filter/AnyDestination.java,21.0,3.0,15.0,6.0,0.0,13.0,0.0,chirino@apache.org,0,0.0,0.0,0.0,0.0,0.0,0.0,0.0,0,0,0.0,false
activemq-core/src/main/java/org/apache/activemq/filter/DefaultDestinationMapEntry.java,13.0,0.0,0.0,2.0,0.0,3.0,0.0,chirino@apache.org,0,0.0,0.0,0.0,0.0,0.0,0.0,0.0,0,1,0.0,false
activemq-core/src/main/java/org/apache/activemq/filter/DestinationMap.java,163.0,6.0,90.0,16.0,39.0,49.0,0.0,chirino@apache.org,0,0.0,0.0,0.0,0.0,0.0,0.0,0.0,0,4,0.0,true
activemq-core/src/main/java/org/apache/activemq/filter/DestinationMapEntry.java,55.0,2.0,24.0,9.0,8.0,16.0,0.0,chirino@apache.org,0,0.0,0.0,0.0,0.0,0.0,0.0,0.0,0,3,0.0,true
activemq-core/src/main/java/org/apache/activemq/filter/DestinationMapNode.java,186.0,7.0,86.0,20.0,41.0,55.0,0.0,chirino@apache.org,0,0.0,0.0,0.0,0.0,0.0,0.0,0.0,0,6,0.0,true
activemq-core/src/main/java/org/apache/activemq/filter/DestinationNode.java,14.0,2.0,36.0,9.0,0.0,9.0,0.0,chirino@apache.org,0,0.0,0.0,0.0,0.0,0.0,0.0,0.0,0,2,0.0,true
activemq-core/src/main/java/org/apache/activemq/network/CompositeDemandForwardingBridge.java,13.0,5.0,1.0,2.0,1.0,3.0,6.0,chirino@apache.org,1,0.0028169014084507044,6.0,6.0,0.0,6.0,1907.131221719457,114982.49362029234,1,9,0.9348671174470905,false
activemq-core/src/main/java/org/apache/activemq/network/DemandForwardingBridge.java,10.0,3.0,0.0,1.0,0.0,1.0,6.0,chirino@apache.org,1,0.0028169014084507044,3.0,3.0,0.0,3.0,1907.131221719457,114982.49362029234,1,21,0.9348671174470905,true
activemq-core/src/main/java/org/apache/activemq/network/DemandForwardingBridgeSupport.java,1070.0,60.0,2148.0,80.0,431.0,230.0,5.0,null,2,0.005633802816901409,7.0,4.0,3.0,1.0,2251.8208768918707,116597.45616539758,2,49,0.6140514202764294,true
activemq-core/src/main/java/org/apache/activemq/network/DiscoveryNetworkConnector.java,181.0,23.0,29.0,11.0,47.0,34.0,5.0,chirino@apache.org,1,0.0028169014084507044,7.0,2.0,2.0,5.0,1907.131221719457,114982.49362029234,1,19,0.9348671174470905,true
activemq-core/src/main/java/org/apache/activemq/network/MBeanNetworkListener.java,51.0,11.0,5.0,6.0,20.0,15.0,0.0,dejanb@apache.org,0,0.0,0.0,0.0,0.0,0.0,0.0,0.0,0,1,0.0,false
activemq-core/src/main/java/org/apache/activemq/network/NetworkBridge.java,28.0,2.0,55.0,11.0,0.0,11.0,0.0,chirino@apache.org,0,0.0,0.0,0.0,0.0,0.0,0.0,0.0,0,3,0.0,false
activemq-core/src/main/java/org/apache/activemq/network/NetworkBridgeConfiguration.java,249.0,3.0,819.0,42.0,0.0,66.0,3.0,null,2,0.005633802816901409,20.0,10.0,5.0,0.0,2251.8208768918707,116597.45616539758,2,7,0.7117235661328808,true
activemq-core/src/main/java/org/apache/activemq/openwire/v9/ActiveMQBlobMessageMarshaller.java,78.0,5.0,21.0,7.0,24.0,16.0,112.0,chirino@apache.org,1,0.0028169014084507044,50.0,50.0,0.0,0.0,1907.131221719457,114982.49362029234,1,0,0.9348671174470905,false
activemq-core/src/main/java/org/apache/activemq/openwire/v9/ActiveMQBytesMessageMarshaller.java,58.0,5.0,21.0,7.0,0.0,16.0,112.0,chirino@apache.org,1,0.0028169014084507044,50.0,50.0,0.0,0.0,1907.131221719457,114982.49362029234,1,0,0.9348671174470905,false
activemq-core/src/main/java/org/apache/activemq/openwire/v9/ActiveMQDestinationMarshaller.java,55.0,5.0,10.0,5.0,10.0,12.0,112.0,chirino@apache.org,1,0.0028169014084507044,50.0,50.0,0.0,0.0,1907.131221719457,114982.49362029234,1,0,0.9348671174470905,false
activemq-core/src/main/java/org/apache/activemq/openwire/v9/ActiveMQMapMessageMarshaller.java,58.0,5.0,21.0,7.0,0.0,16.0,112.0,chirino@apache.org,1,0.0028169014084507044,50.0,50.0,0.0,0.0,1907.131221719457,114982.49362029234,1,0,0.9348671174470905,false
activemq-core/src/main/java/org/apache/activemq/openwire/v9/ActiveMQMessageMarshaller.java,58.0,5.0,21.0,7.0,0.0,16.0,112.0,chirino@apache.org,1,0.0028169014084507044,50.0,50.0,0.0,0.0,1907.131221719457,114982.49362029234,1,0,0.9348671174470905,false
activemq-core/src/main/java/org/apache/activemq/openwire/v9/ActiveMQObjectMessageMarshaller.java,58.0,5.0,21.0,7.0,0.0,16.0,112.0,chirino@apache.org,1,0.0028169014084507044,50.0,50.0,0.0,0.0,1907.131221719457,114982.49362029234,1,0,0.9348671174470905,false
activemq-core/src/main/java/org/apache/activemq/openwire/v9/ActiveMQQueueMarshaller.java,58.0,5.0,21.0,7.0,0.0,16.0,112.0,chirino@apache.org,1,0.0028169014084507044,50.0,50.0,0.0,0.0,1907.131221719457,114982.49362029234,1,0,0.9348671174470905,false
activemq-core/src/main/java/org/apache/activemq/openwire/v9/ActiveMQStreamMessageMarshaller.java,58.0,5.0,21.0,7.0,0.0,16.0,112.0,chirino@apache.org,1,0.0028169014084507044,50.0,50.0,0.0,0.0,1907.131221719457,114982.49362029234,1,0,0.9348671174470905,false
activemq-core/src/main/java/org/apache/activemq/openwire/v9/ActiveMQTempDestinationMarshaller.java,45.0,5.0,10.0,5.0,0.0,12.0,112.0,chirino@apache.org,1,0.0028169014084507044,50.0,50.0,0.0,0.0,1907.131221719457,114982.49362029234,1,0,0.9348671174470905,false
activemq-core/src/main/java/org/apache/activemq/openwire/v9/ActiveMQTempQueueMarshaller.java,58.0,5.0,21.0,7.0,0.0,16.0,112.0,chirino@apache.org,1,0.0028169014084507044,50.0,50.0,0.0,0.0,1907.131221719457,114982.49362029234,1,0,0.9348671174470905,false
activemq-core/src/main/java/org/apache/activemq/openwire/v9/ActiveMQTempTopicMarshaller.java,58.0,5.0,21.0,7.0,0.0,16.0,112.0,chirino@apache.org,1,0.0028169014084507044,50.0,50.0,0.0,0.0,1907.131221719457,114982.49362029234,1,0,0.9348671174470905,false
activemq-core/src/main/java/org/apache/activemq/openwire/v9/ActiveMQTextMessageMarshaller.java,58.0,5.0,21.0,7.0,0.0,16.0,112.0,chirino@apache.org,1,0.0028169014084507044,50.0,50.0,0.0,0.0,1907.131221719457,114982.49362029234,1,0,0.9348671174470905,false
activemq-core/src/main/java/org/apache/activemq/openwire/v9/ActiveMQTopicMarshaller.java,58.0,5.0,21.0,7.0,0.0,16.0,112.0,chirino@apache.org,1,0.0028169014084507044,50.0,50.0,0.0,0.0,1907.131221719457,114982.49362029234,1,0,0.9348671174470905,false
activemq-core/src/main/java/org/apache/activemq/openwire/v9/BaseCommandMarshaller.java,59.0,5.0,10.0,5.0,17.0,12.0,112.0,chirino@apache.org,1,0.0028169014084507044,50.0,50.0,0.0,0.0,1907.131221719457,114982.49362029234,1,0,0.9348671174470905,false
activemq-core/src/main/java/org/apache/activemq/openwire/v9/BaseDataStreamMarshaller.java,545.0,9.0,1376.0,53.0,176.0,193.0,112.0,chirino@apache.org,1,0.0028169014084507044,50.0,50.0,0.0,0.0,1907.131221719457,114982.49362029234,1,0,0.9348671174470905,false
activemq-core/src/main/java/org/apache/activemq/openwire/v9/BrokerIdMarshaller.java,68.0,5.0,21.0,7.0,10.0,16.0,112.0,chirino@apache.org,1,0.0028169014084507044,50.0,50.0,0.0,0.0,1907.131221719457,114982.49362029234,1,0,0.9348671174470905,false
activemq-core/src/main/java/org/apache/activemq/openwire/v9/BrokerInfoMarshaller.java,143.0,5.0,21.0,7.0,82.0,22.0,112.0,chirino@apache.org,1,0.0028169014084507044,50.0,50.0,0.0,0.0,1907.131221719457,114982.49362029234,1,0,0.9348671174470905,false
activemq-core/src/main/java/org/apache/activemq/openwire/v9/ConnectionControlMarshaller.java,108.0,5.0,21.0,7.0,54.0,16.0,112.0,chirino@apache.org,1,0.0028169014084507044,50.0,50.0,0.0,0.0,1907.131221719457,114982.49362029234,1,0,0.9348671174470905,false
activemq-core/src/main/java/org/apache/activemq/openwire/v9/ConnectionErrorMarshaller.java,73.0,5.0,21.0,7.0,20.0,16.0,112.0,chirino@apache.org,1,0.0028169014084507044,50.0,50.0,0.0,0.0,1907.131221719457,114982.49362029234,1,0,0.9348671174470905,false
activemq-core/src/main/java/org/apache/activemq/openwire/v9/ConnectionIdMarshaller.java,68.0,5.0,21.0,7.0,10.0,16.0,112.0,chirino@apache.org,1,0.0028169014084507044,50.0,50.0,0.0,0.0,1907.131221719457,114982.49362029234,1,0,0.9348671174470905,false
activemq-core/src/main/java/org/apache/activemq/openwire/v9/ConnectionInfoMarshaller.java,138.0,5.0,21.0,7.0,72.0,22.0,112.0,chirino@apache.org,1,0.0028169014084507044,50.0,50.0,0.0,0.0,1907.131221719457,114982.49362029234,1,0,0.9348671174470905,false
activemq-core/src/main/java/org/apache/activemq/openwire/v9/ConsumerControlMarshaller.java,97.0,5.0,21.0,7.0,44.0,16.0,112.0,chirino@apache.org,1,0.0028169014084507044,50.0,50.0,0.0,0.0,1907.131221719457,114982.49362029234,1,0,0.9348671174470905,false
activemq-core/src/main/java/org/apache/activemq/openwire/v9/ConsumerIdMarshaller.java,78.0,5.0,21.0,7.0,25.0,16.0,112.0,chirino@apache.org,1,0.0028169014084507044,50.0,50.0,0.0,0.0,1907.131221719457,114982.49362029234,1,0,0.9348671174470905,false
activemq-core/src/main/java/org/apache/activemq/openwire/v9/ConsumerInfoMarshaller.java,190.0,5.0,21.0,7.0,112.0,22.0,112.0,chirino@apache.org,1,0.0028169014084507044,50.0,50.0,0.0,0.0,1907.131221719457,114982.49362029234,1,0,0.9348671174470905,false
activemq-core/src/main/java/org/apache/activemq/openwire/v9/ControlCommandMarshaller.java,68.0,5.0,21.0,7.0,10.0,16.0,112.0,chirino@apache.org,1,0.0028169014084507044,50.0,50.0,0.0,0.0,1907.131221719457,114982.49362029234,1,0,0.9348671174470905,false
activemq-core/src/main/java/org/apache/activemq/openwire/v9/DataArrayResponseMarshaller.java,88.0,5.0,21.0,7.0,14.0,22.0,112.0,chirino@apache.org,1,0.0028169014084507044,50.0,50.0,0.0,0.0,1907.131221719457,114982.49362029234,1,0,0.9348671174470905,false
activemq-core/src/main/java/org/apache/activemq/openwire/v9/DataResponseMarshaller.java,68.0,5.0,21.0,7.0,10.0,16.0,112.0,chirino@apache.org,1,0.0028169014084507044,50.0,50.0,0.0,0.0,1907.131221719457,114982.49362029234,1,0,0.9348671174470905,false
activemq-core/src/main/java/org/apache/activemq/openwire/v9/DestinationInfoMarshaller.java,107.0,5.0,21.0,7.0,47.0,22.0,112.0,chirino@apache.org,1,0.0028169014084507044,50.0,50.0,0.0,0.0,1907.131221719457,114982.49362029234,1,0,0.9348671174470905,false
activemq-core/src/main/java/org/apache/activemq/openwire/v9/DiscoveryEventMarshaller.java,73.0,5.0,21.0,7.0,15.0,16.0,112.0,chirino@apache.org,1,0.0028169014084507044,50.0,50.0,0.0,0.0,1907.131221719457,114982.49362029234,1,0,0.9348671174470905,false
activemq-core/src/main/java/org/apache/activemq/openwire/v9/ExceptionResponseMarshaller.java,68.0,5.0,21.0,7.0,10.0,16.0,112.0,chirino@apache.org,1,0.0028169014084507044,50.0,50.0,0.0,0.0,1907.131221719457,114982.49362029234,1,0,0.9348671174470905,false
activemq-core/src/main/java/org/apache/activemq/openwire/v9/FlushCommandMarshaller.java,58.0,5.0,21.0,7.0,0.0,16.0,112.0,chirino@apache.org,1,0.0028169014084507044,50.0,50.0,0.0,0.0,1907.131221719457,114982.49362029234,1,0,0.9348671174470905,false
activemq-core/src/main/java/org/apache/activemq/openwire/v9/IntegerResponseMarshaller.java,67.0,5.0,21.0,7.0,8.0,16.0,112.0,chirino@apache.org,1,0.0028169014084507044,50.0,50.0,0.0,0.0,1907.131221719457,114982.49362029234,1,0,0.9348671174470905,false
activemq-core/src/main/java/org/apache/activemq/openwire/v9/JournalQueueAckMarshaller.java,73.0,5.0,21.0,7.0,15.0,16.0,112.0,chirino@apache.org,1,0.0028169014084507044,50.0,50.0,0.0,0.0,1907.131221719457,114982.49362029234,1,0,0.9348671174470905,false
activemq-core/src/main/java/org/apache/activemq/openwire/v9/JournalTopicAckMarshaller.java,93.0,5.0,21.0,7.0,45.0,16.0,112.0,chirino@apache.org,1,0.0028169014084507044,50.0,50.0,0.0,0.0,1907.131221719457,114982.49362029234,1,0,0.9348671174470905,false
activemq-core/src/main/java/org/apache/activemq/openwire/v9/JournalTraceMarshaller.java,68.0,5.0,21.0,7.0,10.0,16.0,112.0,chirino@apache.org,1,0.0028169014084507044,50.0,50.0,0.0,0.0,1907.131221719457,114982.49362029234,1,0,0.9348671174470905,false
activemq-core/src/main/java/org/apache/activemq/openwire/v9/JournalTransactionMarshaller.java,77.0,5.0,21.0,7.0,27.0,16.0,112.0,chirino@apache.org,1,0.0028169014084507044,50.0,50.0,0.0,0.0,1907.131221719457,114982.49362029234,1,0,0.9348671174470905,false
activemq-core/src/main/java/org/apache/activemq/openwire/v9/KeepAliveInfoMarshaller.java,58.0,5.0,21.0,7.0,0.0,16.0,112.0,chirino@apache.org,1,0.0028169014084507044,50.0,50.0,0.0,0.0,1907.131221719457,114982.49362029234,1,0,0.9348671174470905,false
activemq-core/src/main/java/org/apache/activemq/openwire/v9/LastPartialCommandMarshaller.java,58.0,5.0,21.0,7.0,0.0,16.0,112.0,chirino@apache.org,1,0.0028169014084507044,50.0,50.0,0.0,0.0,1907.131221719457,114982.49362029234,1,0,0.9348671174470905,false
activemq-core/src/main/java/org/apache/activemq/openwire/v9/LocalTransactionIdMarshaller.java,73.0,5.0,21.0,7.0,20.0,16.0,112.0,chirino@apache.org,1,0.0028169014084507044,50.0,50.0,0.0,0.0,1907.131221719457,114982.49362029234,1,0,0.9348671174470905,false
activemq-core/src/main/java/org/apache/activemq/openwire/v9/MarshallerFactory.java,73.0,2.0,1.0,2.0,1.0,3.0,112.0,chirino@apache.org,1,0.0028169014084507044,50.0,50.0,0.0,0.0,1907.131221719457,114982.49362029234,1,0,0.9348671174470905,false
activemq-core/src/main/java/org/apache/activemq/openwire/v9/MessageAckMarshaller.java,101.0,5.0,21.0,7.0,61.0,16.0,112.0,chirino@apache.org,1,0.0028169014084507044,50.0,50.0,0.0,0.0,1907.131221719457,114982.49362029234,1,0,0.9348671174470905,false
activemq-core/src/main/java/org/apache/activemq/openwire/v9/MessageDispatchMarshaller.java,82.0,5.0,21.0,7.0,33.0,16.0,112.0,chirino@apache.org,1,0.0028169014084507044,50.0,50.0,0.0,0.0,1907.131221719457,114982.49362029234,1,0,0.9348671174470905,false
activemq-core/src/main/java/org/apache/activemq/openwire/v9/MessageDispatchNotificationMarshaller.java,83.0,5.0,21.0,7.0,35.0,22.0,112.0,chirino@apache.org,1,0.0028169014084507044,50.0,50.0,0.0,0.0,1907.131221719457,114982.49362029234,1,0,0.9348671174470905,false
activemq-core/src/main/java/org/apache/activemq/openwire/v9/MessageIdMarshaller.java,78.0,5.0,21.0,7.0,25.0,16.0,112.0,chirino@apache.org,1,0.0028169014084507044,50.0,50.0,0.0,0.0,1907.131221719457,114982.49362029234,1,0,0.9348671174470905,false
activemq-core/src/main/java/org/apache/activemq/openwire/v9/MessageMarshaller.java,239.0,5.0,10.0,5.0,188.0,20.0,112.0,chirino@apache.org,1,0.0028169014084507044,50.0,50.0,0.0,0.0,1907.131221719457,114982.49362029234,1,0,0.9348671174470905,false
activemq-core/src/main/java/org/apache/activemq/openwire/v9/MessagePullMarshaller.java,88.0,5.0,21.0,7.0,45.0,16.0,112.0,chirino@apache.org,1,0.0028169014084507044,50.0,50.0,0.0,0.0,1907.131221719457,114982.49362029234,1,0,0.9348671174470905,false
activemq-core/src/main/java/org/apache/activemq/openwire/v9/NetworkBridgeFilterMarshaller.java,72.0,5.0,21.0,7.0,18.0,16.0,112.0,chirino@apache.org,1,0.0028169014084507044,50.0,50.0,0.0,0.0,1907.131221719457,114982.49362029234,1,0,0.9348671174470905,false
activemq-core/src/main/java/org/apache/activemq/openwire/v9/PartialCommandMarshaller.java,72.0,5.0,21.0,7.0,18.0,16.0,112.0,chirino@apache.org,1,0.0028169014084507044,50.0,50.0,0.0,0.0,1907.131221719457,114982.49362029234,1,0,0.9348671174470905,false
activemq-core/src/main/java/org/apache/activemq/openwire/v9/ProducerAckMarshaller.java,72.0,5.0,21.0,7.0,18.0,16.0,112.0,chirino@apache.org,1,0.0028169014084507044,50.0,50.0,0.0,0.0,1907.131221719457,114982.49362029234,1,0,0.9348671174470905,false
activemq-core/src/main/java/org/apache/activemq/openwire/v9/ProducerIdMarshaller.java,78.0,5.0,21.0,7.0,25.0,16.0,112.0,chirino@apache.org,1,0.0028169014084507044,50.0,50.0,0.0,0.0,1907.131221719457,114982.49362029234,1,0,0.9348671174470905,false
activemq-core/src/main/java/org/apache/activemq/openwire/v9/ProducerInfoMarshaller.java,107.0,5.0,21.0,7.0,44.0,22.0,112.0,chirino@apache.org,1,0.0028169014084507044,50.0,50.0,0.0,0.0,1907.131221719457,114982.49362029234,1,0,0.9348671174470905,false
activemq-core/src/main/java/org/apache/activemq/openwire/v9/RemoveInfoMarshaller.java,73.0,5.0,21.0,7.0,20.0,16.0,112.0,chirino@apache.org,1,0.0028169014084507044,50.0,50.0,0.0,0.0,1907.131221719457,114982.49362029234,1,0,0.9348671174470905,false
activemq-core/src/main/java/org/apache/activemq/openwire/v9/RemoveSubscriptionInfoMarshaller.java,78.0,5.0,21.0,7.0,25.0,16.0,112.0,chirino@apache.org,1,0.0028169014084507044,50.0,50.0,0.0,0.0,1907.131221719457,114982.49362029234,1,0,0.9348671174470905,false
activemq-core/src/main/java/org/apache/activemq/openwire/v9/ReplayCommandMarshaller.java,71.0,5.0,21.0,7.0,12.0,16.0,112.0,chirino@apache.org,1,0.0028169014084507044,50.0,50.0,0.0,0.0,1907.131221719457,114982.49362029234,1,0,0.9348671174470905,false
activemq-core/src/main/java/org/apache/activemq/openwire/v9/ResponseMarshaller.java,67.0,5.0,21.0,7.0,8.0,16.0,112.0,chirino@apache.org,1,0.0028169014084507044,50.0,50.0,0.0,0.0,1907.131221719457,114982.49362029234,1,0,0.9348671174470905,false
activemq-core/src/main/java/org/apache/activemq/openwire/v9/SessionIdMarshaller.java,73.0,5.0,21.0,7.0,20.0,16.0,112.0,chirino@apache.org,1,0.0028169014084507044,50.0,50.0,0.0,0.0,1907.131221719457,114982.49362029234,1,0,0.9348671174470905,false
activemq-core/src/main/java/org/apache/activemq/openwire/v9/SessionInfoMarshaller.java,68.0,5.0,21.0,7.0,10.0,16.0,112.0,chirino@apache.org,1,0.0028169014084507044,50.0,50.0,0.0,0.0,1907.131221719457,114982.49362029234,1,0,0.9348671174470905,false
activemq-core/src/main/java/org/apache/activemq/openwire/v9/ShutdownInfoMarshaller.java,58.0,5.0,21.0,7.0,0.0,16.0,112.0,chirino@apache.org,1,0.0028169014084507044,50.0,50.0,0.0,0.0,1907.131221719457,114982.49362029234,1,0,0.9348671174470905,false
activemq-core/src/main/java/org/apache/activemq/openwire/v9/SubscriptionInfoMarshaller.java,88.0,5.0,21.0,7.0,40.0,16.0,112.0,chirino@apache.org,1,0.0028169014084507044,50.0,50.0,0.0,0.0,1907.131221719457,114982.49362029234,1,0,0.9348671174470905,false
activemq-core/src/main/java/org/apache/activemq/openwire/v9/TransactionIdMarshaller.java,45.0,5.0,10.0,5.0,0.0,12.0,112.0,chirino@apache.org,1,0.0028169014084507044,50.0,50.0,0.0,0.0,1907.131221719457,114982.49362029234,1,0,0.9348671174470905,false
activemq-core/src/main/java/org/apache/activemq/openwire/v9/TransactionInfoMarshaller.java,77.0,5.0,21.0,7.0,23.0,16.0,112.0,chirino@apache.org,1,0.0028169014084507044,50.0,50.0,0.0,0.0,1907.131221719457,114982.49362029234,1,0,0.9348671174470905,false
activemq-core/src/main/java/org/apache/activemq/openwire/v9/WireFormatInfoMarshaller.java,84.0,5.0,21.0,7.0,35.0,20.0,112.0,chirino@apache.org,1,0.0028169014084507044,50.0,50.0,0.0,0.0,1907.131221719457,114982.49362029234,1,0,0.9348671174470905,false
activemq-core/src/main/java/org/apache/activemq/openwire/v9/XATransactionIdMarshaller.java,77.0,5.0,21.0,7.0,23.0,20.0,112.0,chirino@apache.org,1,0.0028169014084507044,50.0,50.0,0.0,0.0,1907.131221719457,114982.49362029234,1,0,0.9348671174470905,false
activemq-core/src/main/java/org/apache/activemq/security/AuthorizationEntry.java,109.0,7.0,73.0,14.0,22.0,33.0,0.0,chirino@apache.org,0,0.0,0.0,0.0,0.0,0.0,0.0,0.0,0,4,0.0,false
activemq-core/src/main/java/org/apache/activemq/security/CachedLDAPAuthorizationMap.java,273.0,15.0,242.0,29.0,96.0,77.0,0.0,dejanb@apache.org,0,0.0,0.0,0.0,0.0,0.0,0.0,0.0,0,0,0.0,true
activemq-core/src/main/java/org/apache/activemq/security/DefaultAuthorizationMap.java,100.0,7.0,94.0,16.0,26.0,38.0,0.0,chirino@apache.org,0,0.0,0.0,0.0,0.0,0.0,0.0,0.0,0,5,0.0,false
activemq-core/src/main/java/org/apache/activemq/security/JaasAuthenticationBroker.java,61.0,11.0,0.0,4.0,21.0,10.0,0.0,chirino@apache.org,0,0.0,0.0,0.0,0.0,0.0,0.0,0.0,0,5,0.0,true
activemq-core/src/main/java/org/apache/activemq/security/JaasCertificateAuthenticationBroker.java,61.0,11.0,1.0,3.0,14.0,11.0,0.0,chirino@apache.org,0,0.0,0.0,0.0,0.0,0.0,0.0,0.0,0,3,0.0,false
activemq-core/src/main/java/org/apache/activemq/security/LDAPAuthorizationMap.java,367.0,21.0,1016.0,53.0,60.0,106.0,0.0,dejanb@apache.org,0,0.0,0.0,0.0,0.0,0.0,0.0,0.0,0,5,0.0,false
activemq-core/src/main/java/org/apache/activemq/security/SecurityContext.java,45.0,7.0,34.0,9.0,6.0,18.0,0.0,chirino@apache.org,0,0.0,0.0,0.0,0.0,0.0,0.0,0.0,0,6,0.0,true
activemq-core/src/main/java/org/apache/activemq/security/SimpleAuthenticationBroker.java,80.0,11.0,18.0,9.0,19.0,20.0,0.0,chirino@apache.org,0,0.0,0.0,0.0,0.0,0.0,0.0,0.0,0,6,0.0,true
activemq-core/src/main/java/org/apache/activemq/security/SimpleAuthenticationPlugin.java,71.0,11.0,27.0,11.0,15.0,16.0,0.0,chirino@apache.org,0,0.0,0.0,0.0,0.0,0.0,0.0,0.0,0,4,0.0,false
activemq-core/src/main/java/org/apache/activemq/state/ConnectionStateTracker.java,557.0,30.0,438.0,45.0,189.0,140.0,4.0,null,1,0.0028169014084507044,2.0,0.0,0.0,0.0,1907.131221719457,114982.49362029234,1,16,0.9348671174470905,true
activemq-core/src/main/java/org/apache/activemq/store/jdbc/Statements.java,554.0,0.0,4920.0,101.0,57.0,194.0,2.0,null,1,0.0028169014084507044,2.0,2.0,0.0,0.0,1907.131221719457,114982.49362029234,1,18,0.9348671174470905,true
activemq-core/src/main/java/org/apache/activemq/store/jdbc/adapter/BlobJDBCAdapter.java,69.0,14.0,1.0,2.0,42.0,9.0,0.0,chirino@apache.org,0,0.0,0.0,0.0,0.0,0.0,0.0,0.0,0,5,0.0,true
activemq-core/src/main/java/org/apache/activemq/store/jdbc/adapter/OracleJDBCAdapter.java,22.0,4.0,1.0,2.0,8.0,5.0,2.0,chirino@apache.org,1,0.0028169014084507044,7.0,7.0,0.0,0.0,1907.131221719457,114982.49362029234,1,4,0.9348671174470905,true
activemq-core/src/main/java/org/apache/activemq/store/kahadb/FilteredKahaDBPersistenceAdapter.java,14.0,1.0,1.0,3.0,0.0,5.0,0.0,chirino@apache.org,0,0.0,0.0,0.0,0.0,0.0,0.0,0.0,0,0,0.0,false
activemq-core/src/main/java/org/apache/activemq/store/kahadb/KahaDBPersistenceAdapter.java,404.0,23.0,0.0,66.0,78.0,119.0,5.0,gtully@apache.org,3,0.008450704225352112,8.0,3.0,0.0,0.0,2330.963734034728,116733.63279368189,3,7,0.93863178632001,true
activemq-core/src/main/java/org/apache/activemq/store/kahadb/KahaDBStore.java,1048.0,52.0,1181.0,50.0,113.0,125.0,8.0,gtully@apache.org,1,0.0028169014084507044,1.0,0.0,1.0,1.0,1907.131221719457,114982.49362029234,1,37,0.9348671174470905,true
activemq-core/src/main/java/org/apache/activemq/store/kahadb/KahaDBTransactionStore.java,392.0,35.0,579.0,39.0,126.0,122.0,2.0,gtully@apache.org,1,0.0028169014084507044,5.0,0.0,5.0,5.0,1907.131221719457,114982.49362029234,1,6,0.9348671174470905,true
activemq-core/src/main/java/org/apache/activemq/store/kahadb/MessageDatabase.java,2169.0,76.0,7929.0,135.0,482.0,378.0,3.0,gtully@apache.org,4,0.011267605633802818,10.0,3.0,7.0,3.0,3398.0696163876696,145669.54014204323,4,33,0.21985151944478143,true
activemq-core/src/main/java/org/apache/activemq/store/kahadb/MultiKahaDBPersistenceAdapter.java,196.0,30.0,268.0,33.0,60.0,84.0,3.0,tabish@apache.org,1,0.0028169014084507044,12.0,0.0,12.0,0.0,1907.131221719457,114982.49362029234,1,1,0.9348671174470905,false
activemq-core/src/main/java/org/apache/activemq/store/kahadb/MultiKahaDBTransactionStore.java,307.0,33.0,738.0,41.0,145.0,112.0,0.0,tabish@apache.org,0,0.0,0.0,0.0,0.0,0.0,0.0,0.0,0,0,0.0,false
activemq-core/src/main/java/org/apache/activemq/store/kahadb/TransactionIdConversion.java,47.0,8.0,3.0,3.0,28.0,10.0,0.0,tabish@apache.org,0,0.0,0.0,0.0,0.0,0.0,0.0,0.0,0,0,0.0,false
activemq-core/src/main/java/org/apache/activemq/store/kahadb/TransactionIdTransformer.java,3.0,2.0,0.0,1.0,0.0,2.0,0.0,chirino@apache.org,0,0.0,0.0,0.0,0.0,0.0,0.0,0.0,0,0,0.0,false
activemq-core/src/main/java/org/apache/activemq/store/kahadb/plist/PListStore.java,332.0,29.0,645.0,39.0,62.0,87.0,0.0,gtully@apache.org,0,0.0,0.0,0.0,0.0,0.0,0.0,0.0,0,6,0.0,true
activemq-core/src/main/java/org/apache/activemq/thread/Scheduler.java,45.0,5.0,0.0,9.0,10.0,14.0,0.0,chirino@apache.org,0,0.0,0.0,0.0,0.0,0.0,0.0,0.0,0,10,0.0,true
activemq-core/src/main/java/org/apache/activemq/transport/AbstractInactivityMonitor.java,306.0,15.0,363.0,31.0,83.0,72.0,4.0,tabish@apache.org,2,0.005633802816901409,30.0,0.0,10.0,0.0,2974.2371040723983,143918.40096865367,2,1,0.3639796643611126,true
activemq-core/src/main/java/org/apache/activemq/transport/InactivityMonitor.java,85.0,5.0,14.0,9.0,14.0,24.0,4.0,chirino@apache.org,1,0.0028169014084507044,2.0,2.0,0.0,0.0,1907.131221719457,114982.49362029234,1,30,0.9348671174470905,true
activemq-core/src/main/java/org/apache/activemq/transport/MutexTransport.java,74.0,2.0,5.0,10.0,16.0,21.0,11.0,chirino@apache.org,1,0.0028169014084507044,6.0,0.0,6.0,0.0,1067.105882352941,28935.907348361336,1,5,1.033307190260343,true
activemq-core/src/main/java/org/apache/activemq/transport/discovery/masterslave/MasterSlaveDiscoveryAgent.java,41.0,4.0,0.0,5.0,8.0,10.0,5.0,chirino@apache.org,1,0.0028169014084507044,50.0,50.0,0.0,0.0,1907.131221719457,114982.49362029234,1,0,0.9348671174470905,false
activemq-core/src/main/java/org/apache/activemq/transport/discovery/masterslave/MasterSlaveDiscoveryAgentFactory.java,15.0,9.0,0.0,1.0,6.0,4.0,5.0,chirino@apache.org,1,0.0028169014084507044,50.0,50.0,0.0,0.0,1907.131221719457,114982.49362029234,1,0,0.9348671174470905,false
activemq-core/src/main/java/org/apache/activemq/transport/discovery/simple/SimpleDiscoveryAgent.java,150.0,9.0,153.0,22.0,28.0,48.0,9.0,chirino@apache.org,1,0.0028169014084507044,4.0,0.0,4.0,0.0,1907.131221719457,114982.49362029234,1,10,0.9348671174470905,true
activemq-core/src/main/java/org/apache/activemq/transport/failover/FailoverTransport.java,995.0,41.0,2846.0,84.0,243.0,222.0,4.0,null,1,0.0028169014084507044,2.0,0.0,2.0,0.0,1907.131221719457,114982.49362029234,1,53,0.9348671174470905,true
activemq-core/src/main/java/org/apache/activemq/transport/failover/FailoverTransportFactory.java,43.0,12.0,10.0,5.0,10.0,17.0,0.0,chirino@apache.org,0,0.0,0.0,0.0,0.0,0.0,0.0,0.0,0,6,0.0,true
activemq-core/src/main/java/org/apache/activemq/transport/stomp/FrameTranslator.java,87.0,7.0,6.0,4.0,0.0,7.0,4.0,chirino@apache.org,1,0.0028169014084507044,6.0,0.0,0.0,0.0,344.6896551724138,1614.9625451052418,1,11,1.8748743759385615,true
activemq-core/src/main/java/org/apache/activemq/transport/stomp/JmsFrameTranslator.java,173.0,22.0,41.0,10.0,56.0,44.0,5.0,tabish@apache.org,1,0.0028169014084507044,10.0,0.0,10.0,0.0,1067.105882352941,28935.907348361336,1,4,1.033307190260343,false
activemq-core/src/main/java/org/apache/activemq/transport/stomp/LegacyFrameTranslator.java,171.0,16.0,10.0,5.0,49.0,26.0,3.0,chirino@apache.org,2,0.005633802816901409,11.0,5.0,5.0,0.0,1411.7955375253548,30550.869893466577,2,8,0.760943602539507,true
activemq-core/src/main/java/org/apache/activemq/transport/stomp/ProtocolConverter.java,654.0,51.0,195.0,30.0,279.0,119.0,5.0,null,3,0.008450704225352112,10.0,6.0,6.0,0.0,3318.9267592448123,145533.36351375893,3,14,0.2316620736001016,true
activemq-core/src/main/java/org/apache/activemq/transport/stomp/Stomp.java,133.0,0.0,1.0,2.0,6.0,5.0,0.0,chirino@apache.org,0,0.0,0.0,0.0,0.0,0.0,0.0,0.0,0,6,0.0,true
activemq-core/src/main/java/org/apache/activemq/transport/stomp/StompNIOTransportFactory.java,36.0,19.0,19.0,7.0,4.0,22.0,11.0,tabish@apache.org,1,0.0028169014084507044,14.0,0.0,14.0,0.0,1067.105882352941,28935.907348361336,1,1,1.033307190260343,true
activemq-core/src/main/java/org/apache/activemq/transport/stomp/StompSslTransportFactory.java,25.0,10.0,4.0,4.0,4.0,11.0,11.0,tabish@apache.org,1,0.0028169014084507044,8.0,0.0,8.0,0.0,1067.105882352941,28935.907348361336,1,3,1.033307190260343,true
activemq-core/src/main/java/org/apache/activemq/transport/stomp/StompSubscription.java,159.0,15.0,18.0,12.0,58.0,32.0,6.0,chirino@apache.org,1,0.0028169014084507044,12.0,4.0,12.0,0.0,1067.105882352941,28935.907348361336,1,12,1.033307190260343,true
activemq-core/src/main/java/org/apache/activemq/transport/stomp/StompTransportFactory.java,31.0,10.0,8.0,5.0,6.0,14.0,11.0,chirino@apache.org,1,0.0028169014084507044,5.0,0.0,5.0,0.0,1067.105882352941,28935.907348361336,1,6,1.033307190260343,true
activemq-core/src/main/java/org/apache/activemq/transport/stomp/StompTransportFilter.java,82.0,13.0,25.0,11.0,11.0,25.0,6.0,chirino@apache.org,2,0.005633802816901409,13.0,4.0,9.0,0.0,2974.2371040723983,143918.40096865367,2,7,0.3639796643611126,true
activemq-core/src/main/java/org/apache/activemq/transport/stomp/StompWireFormat.java,231.0,13.0,95.0,15.0,59.0,68.0,3.0,chirino@apache.org,1,0.0028169014084507044,4.0,0.0,0.0,0.0,344.6896551724138,1614.9625451052418,1,10,1.8748743759385615,true
activemq-core/src/main/java/org/apache/activemq/transport/tcp/TcpTransport.java,514.0,29.0,1514.0,60.0,77.0,140.0,1.0,null,2,0.005633802816901409,3.0,0.0,1.0,0.0,2974.2371040723983,143918.40096865367,2,29,0.2909399732937715,true
activemq-core/src/main/java/org/apache/activemq/util/ClassLoadingAwareObjectInputStream.java,57.0,6.0,4.0,4.0,10.0,17.0,2.0,chirino@apache.org,1,0.0028169014084507044,9.0,0.0,9.0,0.0,1067.105882352941,28935.907348361336,1,2,1.033307190260343,false
activemq-core/src/main/java/org/apache/activemq/util/URISupport.java,327.0,10.0,153.0,18.0,87.0,79.0,4.0,chirino@apache.org,1,0.0028169014084507044,4.0,0.0,4.0,0.0,1067.105882352941,28935.907348361336,1,10,1.033307190260343,true
activemq-core/src/test/java/org/apache/activemq/JMSIndividualAckTest.java,115.0,9.0,0.0,7.0,49.0,20.0,0.0,tabish@apache.org,0,0.0,0.0,0.0,0.0,0.0,0.0,0.0,0,1,0.0,false
activemq-core/src/test/java/org/apache/activemq/advisory/TempQueueMemoryTest.java,117.0,14.0,7.0,7.0,34.0,20.0,0.0,gtully@apache.org,0,0.0,0.0,0.0,0.0,0.0,0.0,0.0,0,5,0.0,true
activemq-core/src/test/java/org/apache/activemq/broker/QueueMbeanRestartTest.java,54.0,9.0,22.0,9.0,30.0,22.0,2.0,tabish@apache.org,1,0.0028169014084507044,20.0,20.0,0.0,0.0,1907.131221719457,114982.49362029234,1,0,0.9348671174470905,true
activemq-core/src/test/java/org/apache/activemq/broker/RedeliveryRestartTest.java,95.0,14.0,13.0,6.0,57.0,13.0,2.0,tabish@apache.org,1,0.0028169014084507044,25.0,0.0,25.0,0.0,1907.131221719457,114982.49362029234,1,0,0.9348671174470905,false
activemq-core/src/test/java/org/apache/activemq/broker/XARecoveryBrokerTest.java,361.0,23.0,78.0,13.0,171.0,37.0,1.0,gtully@apache.org,1,0.0028169014084507044,4.0,0.0,0.0,0.0,1907.131221719457,114982.49362029234,1,4,0.9348671174470905,true
activemq-core/src/test/java/org/apache/activemq/broker/mKahaDBXARecoveryBrokerTest.java,25.0,25.0,6.0,4.0,7.0,7.0,0.0,tabish@apache.org,0,0.0,0.0,0.0,0.0,0.0,0.0,0.0,0,0,0.0,false
activemq-core/src/test/java/org/apache/activemq/broker/region/DestinationGCTest.java,41.0,8.0,10.0,5.0,23.0,21.0,2.0,tabish@apache.org,1,0.0028169014084507044,25.0,0.0,25.0,0.0,1067.105882352941,28935.907348361336,1,1,1.033307190260343,false
activemq-core/src/test/java/org/apache/activemq/broker/region/cursors/CursorSupport.java,130.0,20.0,58.0,12.0,56.0,33.0,0.0,null,0,0.0,0.0,0.0,0.0,0.0,0.0,0.0,0,7,0.0,true
activemq-core/src/test/java/org/apache/activemq/broker/util/TimeStampingBrokerPluginTest.java,84.0,19.0,0.0,5.0,58.0,16.0,2.0,tabish@apache.org,1,0.0028169014084507044,50.0,0.0,0.0,0.0,1067.105882352941,28935.907348361336,1,0,1.033307190260343,false
activemq-core/src/test/java/org/apache/activemq/broker/virtual/VirtualTopicDLQTest.java,255.0,27.0,2.0,5.0,28.0,16.0,3.0,tabish@apache.org,1,0.0028169014084507044,50.0,0.0,0.0,0.0,1067.105882352941,28935.907348361336,1,0,1.033307190260343,true
activemq-core/src/test/java/org/apache/activemq/bugs/AMQ1853Test.java,234.0,30.0,6.0,5.0,27.0,17.0,2.0,tabish@apache.org,1,0.0028169014084507044,75.0,0.0,75.0,0.0,1067.105882352941,28935.907348361336,1,0,1.033307190260343,false
activemq-core/src/test/java/org/apache/activemq/bugs/AMQ2021Test.java,174.0,21.0,0.0,8.0,46.0,23.0,0.0,tabish@apache.org,0,0.0,0.0,0.0,0.0,0.0,0.0,0.0,0,3,0.0,true
activemq-core/src/test/java/org/apache/activemq/bugs/AMQ2200Test.java,49.0,15.0,0.0,3.0,30.0,10.0,1.0,tabish@apache.org,1,0.0028169014084507044,50.0,0.0,0.0,0.0,1067.105882352941,28935.907348361336,1,0,1.033307190260343,false
activemq-core/src/test/java/org/apache/activemq/bugs/AMQ2383Test.java,23.0,11.0,0.0,1.0,12.0,2.0,2.0,tabish@apache.org,1,0.0028169014084507044,25.0,0.0,25.0,0.0,1067.105882352941,28935.907348361336,1,0,1.033307190260343,false
activemq-core/src/test/java/org/apache/activemq/bugs/AMQ2736Test.java,44.0,13.0,0.0,3.0,25.0,9.0,0.0,gtully@apache.org,0,0.0,0.0,0.0,0.0,0.0,0.0,0.0,0,2,0.0,true
activemq-core/src/test/java/org/apache/activemq/bugs/AMQ2982Test.java,104.0,23.0,9.0,6.0,35.0,15.0,0.0,dejanb@apache.org,0,0.0,0.0,0.0,0.0,0.0,0.0,0.0,0,1,0.0,true
activemq-core/src/test/java/org/apache/activemq/bugs/AMQ2983Test.java,93.0,23.0,2.0,4.0,29.0,11.0,0.0,tabish@apache.org,0,0.0,0.0,0.0,0.0,0.0,0.0,0.0,0,1,0.0,false
activemq-core/src/test/java/org/apache/activemq/bugs/AMQ3014Test.java,112.0,22.0,87.0,15.0,54.0,45.0,0.0,tabish@apache.org,0,0.0,0.0,0.0,0.0,0.0,0.0,0.0,0,1,0.0,true
activemq-core/src/test/java/org/apache/activemq/bugs/AMQ3157Test.java,99.0,21.0,19.0,7.0,46.0,25.0,0.0,tabish@apache.org,0,0.0,0.0,0.0,0.0,0.0,0.0,0.0,0,1,0.0,true
activemq-core/src/test/java/org/apache/activemq/bugs/AMQ3324Test.java,75.0,24.0,0.0,6.0,45.0,23.0,1.0,tabish@apache.org,1,0.0028169014084507044,33.0,0.0,0.0,0.0,1067.105882352941,28935.907348361336,1,0,1.033307190260343,false
activemq-core/src/test/java/org/apache/activemq/bugs/AMQ3465Test.java,113.0,26.0,20.0,8.0,55.0,22.0,0.0,tabish@apache.org,0,0.0,0.0,0.0,0.0,0.0,0.0,0.0,0,1,0.0,false
activemq-core/src/test/java/org/apache/activemq/bugs/AMQ3529Test.java,113.0,20.0,2.0,5.0,52.0,17.0,2.0,tabish@apache.org,1,0.0028169014084507044,75.0,50.0,75.0,0.0,1067.105882352941,28935.907348361336,1,0,1.033307190260343,true
activemq-core/src/test/java/org/apache/activemq/bugs/AMQ3537Test.java,36.0,12.0,1.0,3.0,11.0,8.0,2.0,tabish@apache.org,1,0.0028169014084507044,50.0,0.0,50.0,0.0,1067.105882352941,28935.907348361336,1,0,1.033307190260343,false
activemq-core/src/test/java/org/apache/activemq/bugs/AMQ3567Test.java,147.0,24.0,3.0,11.0,60.0,34.0,2.0,tabish@apache.org,2,0.005633802816901409,75.0,25.0,0.0,0.0,2974.2371040723983,143918.40096865367,2,0,0.3311663067566951,true
activemq-core/src/test/java/org/apache/activemq/bugs/DurableConsumerTest.java,332.0,42.0,103.0,19.0,127.0,56.0,2.0,null,1,0.0028169014084507044,6.0,3.0,0.0,0.0,1907.131221719457,114982.49362029234,1,11,0.9348671174470905,true
activemq-core/src/test/java/org/apache/activemq/bugs/MissingDataFileTest.java,238.0,15.0,73.0,19.0,66.0,60.0,0.0,rajdavies@apache.org,0,0.0,0.0,0.0,0.0,0.0,0.0,0.0,0,1,0.0,false
activemq-core/src/test/java/org/apache/activemq/bugs/TempQueueDeleteOnCloseTest.java,20.0,7.0,0.0,1.0,7.0,2.0,0.0,tabish@apache.org,0,0.0,0.0,0.0,0.0,0.0,0.0,0.0,0,1,0.0,false
activemq-core/src/test/java/org/apache/activemq/command/MessageCompressionTest.java,84.0,10.0,0.0,8.0,47.0,19.0,1.0,tabish@apache.org,1,0.0028169014084507044,12.0,0.0,12.0,12.0,1067.105882352941,28935.907348361336,1,6,1.033307190260343,true
activemq-core/src/test/java/org/apache/activemq/filter/DummyPolicyEntry.java,17.0,0.0,0.0,4.0,0.0,7.0,0.0,tabish@apache.org,0,0.0,0.0,0.0,0.0,0.0,0.0,0.0,0,1,0.0,true
activemq-core/src/test/java/org/apache/activemq/filter/DummyPolicyTest.java,12.0,5.0,1.0,2.0,3.0,4.0,0.0,chirino@apache.org,0,0.0,0.0,0.0,0.0,0.0,0.0,0.0,0,3,0.0,true
activemq-core/src/test/java/org/apache/activemq/network/FailoverStaticNetworkTest.java,318.0,36.0,114.0,25.0,175.0,80.0,7.0,gtully@apache.org,1,0.0028169014084507044,18.0,9.0,9.0,9.0,1907.131221719457,114982.49362029234,1,3,0.9348671174470905,true
activemq-core/src/test/java/org/apache/activemq/network/SimpleNetworkTest.java,171.0,22.0,69.0,15.0,76.0,38.0,2.0,null,2,0.005633802816901409,7.0,3.0,3.0,0.0,2251.8208768918707,116597.45616539758,2,10,0.7117235661328808,true
activemq-core/src/test/java/org/apache/activemq/network/jms/QueueBridgeTest.java,60.0,18.0,5.0,6.0,24.0,13.0,0.0,chirino@apache.org,0,0.0,0.0,0.0,0.0,0.0,0.0,0.0,0,3,0.0,true
activemq-core/src/test/java/org/apache/activemq/network/jms/TopicBridgeSpringTest.java,59.0,18.0,2.0,5.0,24.0,11.0,0.0,chirino@apache.org,0,0.0,0.0,0.0,0.0,0.0,0.0,0.0,0,3,0.0,true
activemq-core/src/test/java/org/apache/activemq/openwire/v9/BaseCommandTestSupport.java,11.0,2.0,0.0,1.0,2.0,2.0,112.0,tabish@apache.org,1,0.0028169014084507044,50.0,50.0,0.0,0.0,1907.131221719457,114982.49362029234,1,0,0.9348671174470905,false
activemq-core/src/test/java/org/apache/activemq/openwire/v9/BrokerIdTest.java,16.0,5.0,1.0,2.0,2.0,5.0,112.0,tabish@apache.org,1,0.0028169014084507044,50.0,50.0,0.0,0.0,1907.131221719457,114982.49362029234,1,0,0.9348671174470905,false
activemq-core/src/test/java/org/apache/activemq/openwire/v9/BrokerInfoTest.java,33.0,5.0,1.0,2.0,15.0,6.0,112.0,tabish@apache.org,1,0.0028169014084507044,50.0,50.0,0.0,0.0,1907.131221719457,114982.49362029234,1,0,0.9348671174470905,false
activemq-core/src/test/java/org/apache/activemq/openwire/v9/ConnectionControlTest.java,24.0,5.0,1.0,2.0,11.0,5.0,112.0,tabish@apache.org,1,0.0028169014084507044,50.0,50.0,0.0,0.0,1907.131221719457,114982.49362029234,1,0,0.9348671174470905,false
activemq-core/src/test/java/org/apache/activemq/openwire/v9/ConnectionErrorTest.java,17.0,5.0,1.0,2.0,5.0,5.0,112.0,tabish@apache.org,1,0.0028169014084507044,50.0,50.0,0.0,0.0,1907.131221719457,114982.49362029234,1,0,0.9348671174470905,false
activemq-core/src/test/java/org/apache/activemq/openwire/v9/ConnectionIdTest.java,16.0,5.0,1.0,2.0,2.0,5.0,112.0,tabish@apache.org,1,0.0028169014084507044,50.0,50.0,0.0,0.0,1907.131221719457,114982.49362029234,1,0,0.9348671174470905,false
activemq-core/src/test/java/org/apache/activemq/openwire/v9/ConnectionInfoTest.java,32.0,5.0,1.0,2.0,14.0,6.0,112.0,tabish@apache.org,1,0.0028169014084507044,50.0,50.0,0.0,0.0,1907.131221719457,114982.49362029234,1,0,0.9348671174470905,false
activemq-core/src/test/java/org/apache/activemq/openwire/v9/ConsumerControlTest.java,22.0,5.0,1.0,2.0,10.0,5.0,112.0,tabish@apache.org,1,0.0028169014084507044,50.0,50.0,0.0,0.0,1907.131221719457,114982.49362029234,1,0,0.9348671174470905,false
activemq-core/src/test/java/org/apache/activemq/openwire/v9/ConsumerIdTest.java,18.0,5.0,1.0,2.0,4.0,5.0,112.0,tabish@apache.org,1,0.0028169014084507044,50.0,50.0,0.0,0.0,1907.131221719457,114982.49362029234,1,0,0.9348671174470905,false
activemq-core/src/test/java/org/apache/activemq/openwire/v9/ConsumerInfoTest.java,45.0,5.0,1.0,2.0,23.0,6.0,112.0,tabish@apache.org,1,0.0028169014084507044,50.0,50.0,0.0,0.0,1907.131221719457,114982.49362029234,1,0,0.9348671174470905,false
activemq-core/src/test/java/org/apache/activemq/openwire/v9/ControlCommandTest.java,16.0,5.0,1.0,2.0,2.0,5.0,112.0,tabish@apache.org,1,0.0028169014084507044,50.0,50.0,0.0,0.0,1907.131221719457,114982.49362029234,1,0,0.9348671174470905,false
activemq-core/src/test/java/org/apache/activemq/openwire/v9/DataArrayResponseTest.java,22.0,5.0,1.0,2.0,3.0,6.0,112.0,tabish@apache.org,1,0.0028169014084507044,50.0,50.0,0.0,0.0,1907.131221719457,114982.49362029234,1,0,0.9348671174470905,false
activemq-core/src/test/java/org/apache/activemq/openwire/v9/DataResponseTest.java,16.0,5.0,1.0,2.0,3.0,5.0,112.0,tabish@apache.org,1,0.0028169014084507044,50.0,50.0,0.0,0.0,1907.131221719457,114982.49362029234,1,0,0.9348671174470905,false
activemq-core/src/test/java/org/apache/activemq/openwire/v9/DestinationInfoTest.java,26.0,5.0,1.0,2.0,9.0,6.0,112.0,tabish@apache.org,1,0.0028169014084507044,50.0,50.0,0.0,0.0,1907.131221719457,114982.49362029234,1,0,0.9348671174470905,false
activemq-core/src/test/java/org/apache/activemq/openwire/v9/DiscoveryEventTest.java,17.0,5.0,1.0,2.0,3.0,5.0,112.0,tabish@apache.org,1,0.0028169014084507044,50.0,50.0,0.0,0.0,1907.131221719457,114982.49362029234,1,0,0.9348671174470905,false
activemq-core/src/test/java/org/apache/activemq/openwire/v9/ExceptionResponseTest.java,16.0,5.0,1.0,2.0,3.0,5.0,112.0,tabish@apache.org,1,0.0028169014084507044,50.0,50.0,0.0,0.0,1907.131221719457,114982.49362029234,1,0,0.9348671174470905,false
activemq-core/src/test/java/org/apache/activemq/openwire/v9/FlushCommandTest.java,15.0,5.0,1.0,2.0,1.0,5.0,112.0,tabish@apache.org,1,0.0028169014084507044,50.0,50.0,0.0,0.0,1907.131221719457,114982.49362029234,1,0,0.9348671174470905,false
activemq-core/src/test/java/org/apache/activemq/openwire/v9/IntegerResponseTest.java,16.0,5.0,1.0,2.0,2.0,5.0,112.0,tabish@apache.org,1,0.0028169014084507044,50.0,50.0,0.0,0.0,1907.131221719457,114982.49362029234,1,0,0.9348671174470905,false
activemq-core/src/test/java/org/apache/activemq/openwire/v9/JournalQueueAckTest.java,17.0,5.0,1.0,2.0,5.0,5.0,112.0,tabish@apache.org,1,0.0028169014084507044,50.0,50.0,0.0,0.0,1907.131221719457,114982.49362029234,1,0,0.9348671174470905,false
activemq-core/src/test/java/org/apache/activemq/openwire/v9/JournalTopicAckTest.java,21.0,5.0,1.0,2.0,10.0,5.0,112.0,tabish@apache.org,1,0.0028169014084507044,50.0,50.0,0.0,0.0,1907.131221719457,114982.49362029234,1,0,0.9348671174470905,false
activemq-core/src/test/java/org/apache/activemq/openwire/v9/JournalTraceTest.java,16.0,5.0,1.0,2.0,2.0,5.0,112.0,tabish@apache.org,1,0.0028169014084507044,50.0,50.0,0.0,0.0,1907.131221719457,114982.49362029234,1,0,0.9348671174470905,false
activemq-core/src/test/java/org/apache/activemq/openwire/v9/JournalTransactionTest.java,18.0,5.0,1.0,2.0,5.0,5.0,112.0,tabish@apache.org,1,0.0028169014084507044,50.0,50.0,0.0,0.0,1907.131221719457,114982.49362029234,1,0,0.9348671174470905,false
activemq-core/src/test/java/org/apache/activemq/openwire/v9/KeepAliveInfoTest.java,15.0,5.0,1.0,2.0,1.0,5.0,112.0,tabish@apache.org,1,0.0028169014084507044,50.0,50.0,0.0,0.0,1907.131221719457,114982.49362029234,1,0,0.9348671174470905,false
activemq-core/src/test/java/org/apache/activemq/openwire/v9/LastPartialCommandTest.java,15.0,5.0,1.0,2.0,1.0,5.0,112.0,tabish@apache.org,1,0.0028169014084507044,50.0,50.0,0.0,0.0,1907.131221719457,114982.49362029234,1,0,0.9348671174470905,false
activemq-core/src/test/java/org/apache/activemq/openwire/v9/LocalTransactionIdTest.java,17.0,5.0,1.0,2.0,4.0,5.0,112.0,tabish@apache.org,1,0.0028169014084507044,50.0,50.0,0.0,0.0,1907.131221719457,114982.49362029234,1,0,0.9348671174470905,false
activemq-core/src/test/java/org/apache/activemq/openwire/v9/MessageAckTest.java,23.0,5.0,1.0,2.0,14.0,5.0,112.0,tabish@apache.org,1,0.0028169014084507044,50.0,50.0,0.0,0.0,1907.131221719457,114982.49362029234,1,0,0.9348671174470905,false
activemq-core/src/test/java/org/apache/activemq/openwire/v9/MessageDispatchNotificationTest.java,19.0,5.0,1.0,2.0,8.0,7.0,112.0,tabish@apache.org,1,0.0028169014084507044,50.0,50.0,0.0,0.0,1907.131221719457,114982.49362029234,1,0,0.9348671174470905,false
activemq-core/src/test/java/org/apache/activemq/openwire/v9/MessageDispatchTest.java,19.0,5.0,1.0,2.0,8.0,5.0,112.0,tabish@apache.org,1,0.0028169014084507044,50.0,50.0,0.0,0.0,1907.131221719457,114982.49362029234,1,0,0.9348671174470905,false
activemq-core/src/test/java/org/apache/activemq/openwire/v9/MessageIdTest.java,18.0,5.0,1.0,2.0,5.0,5.0,112.0,tabish@apache.org,1,0.0028169014084507044,50.0,50.0,0.0,0.0,1907.131221719457,114982.49362029234,1,0,0.9348671174470905,false
activemq-core/src/test/java/org/apache/activemq/openwire/v9/MessagePullTest.java,20.0,5.0,1.0,2.0,9.0,5.0,112.0,tabish@apache.org,1,0.0028169014084507044,50.0,50.0,0.0,0.0,1907.131221719457,114982.49362029234,1,0,0.9348671174470905,false
activemq-core/src/test/java/org/apache/activemq/openwire/v9/MessageTestSupport.java,56.0,5.0,0.0,1.0,37.0,3.0,112.0,tabish@apache.org,1,0.0028169014084507044,33.0,33.0,0.0,0.0,1907.131221719457,114982.49362029234,1,0,0.9348671174470905,false
activemq-core/src/test/java/org/apache/activemq/openwire/v9/NetworkBridgeFilterTest.java,17.0,5.0,1.0,2.0,4.0,5.0,112.0,tabish@apache.org,1,0.0028169014084507044,50.0,50.0,0.0,0.0,1907.131221719457,114982.49362029234,1,0,0.9348671174470905,false
activemq-core/src/test/java/org/apache/activemq/openwire/v9/PartialCommandTest.java,17.0,5.0,1.0,2.0,4.0,5.0,112.0,tabish@apache.org,1,0.0028169014084507044,50.0,50.0,0.0,0.0,1907.131221719457,114982.49362029234,1,0,0.9348671174470905,false
activemq-core/src/test/java/org/apache/activemq/openwire/v9/ProducerAckTest.java,17.0,5.0,1.0,2.0,4.0,5.0,112.0,tabish@apache.org,1,0.0028169014084507044,50.0,50.0,0.0,0.0,1907.131221719457,114982.49362029234,1,0,0.9348671174470905,false
activemq-core/src/test/java/org/apache/activemq/openwire/v9/ProducerIdTest.java,18.0,5.0,1.0,2.0,4.0,5.0,112.0,tabish@apache.org,1,0.0028169014084507044,50.0,50.0,0.0,0.0,1907.131221719457,114982.49362029234,1,0,0.9348671174470905,false
activemq-core/src/test/java/org/apache/activemq/openwire/v9/ProducerInfoTest.java,26.0,5.0,1.0,2.0,9.0,6.0,112.0,tabish@apache.org,1,0.0028169014084507044,50.0,50.0,0.0,0.0,1907.131221719457,114982.49362029234,1,0,0.9348671174470905,false
activemq-core/src/test/java/org/apache/activemq/openwire/v9/RemoveInfoTest.java,17.0,5.0,1.0,2.0,4.0,5.0,112.0,tabish@apache.org,1,0.0028169014084507044,50.0,50.0,0.0,0.0,1907.131221719457,114982.49362029234,1,0,0.9348671174470905,false
activemq-core/src/test/java/org/apache/activemq/openwire/v9/RemoveSubscriptionInfoTest.java,18.0,5.0,1.0,2.0,5.0,5.0,112.0,tabish@apache.org,1,0.0028169014084507044,50.0,50.0,0.0,0.0,1907.131221719457,114982.49362029234,1,0,0.9348671174470905,false
activemq-core/src/test/java/org/apache/activemq/openwire/v9/ReplayCommandTest.java,17.0,5.0,1.0,2.0,3.0,5.0,112.0,tabish@apache.org,1,0.0028169014084507044,50.0,50.0,0.0,0.0,1907.131221719457,114982.49362029234,1,0,0.9348671174470905,false
activemq-core/src/test/java/org/apache/activemq/openwire/v9/ResponseTest.java,16.0,5.0,1.0,2.0,2.0,5.0,112.0,tabish@apache.org,1,0.0028169014084507044,50.0,50.0,0.0,0.0,1907.131221719457,114982.49362029234,1,0,0.9348671174470905,false
activemq-core/src/test/java/org/apache/activemq/openwire/v9/SessionIdTest.java,17.0,5.0,1.0,2.0,3.0,5.0,112.0,tabish@apache.org,1,0.0028169014084507044,50.0,50.0,0.0,0.0,1907.131221719457,114982.49362029234,1,0,0.9348671174470905,false
activemq-core/src/test/java/org/apache/activemq/openwire/v9/SessionInfoTest.java,16.0,5.0,1.0,2.0,3.0,5.0,112.0,tabish@apache.org,1,0.0028169014084507044,50.0,50.0,0.0,0.0,1907.131221719457,114982.49362029234,1,0,0.9348671174470905,false
activemq-core/src/test/java/org/apache/activemq/openwire/v9/ShutdownInfoTest.java,15.0,5.0,1.0,2.0,1.0,5.0,112.0,tabish@apache.org,1,0.0028169014084507044,50.0,50.0,0.0,0.0,1907.131221719457,114982.49362029234,1,0,0.9348671174470905,false
activemq-core/src/test/java/org/apache/activemq/openwire/v9/SubscriptionInfoTest.java,20.0,5.0,1.0,2.0,7.0,5.0,112.0,tabish@apache.org,1,0.0028169014084507044,50.0,50.0,0.0,0.0,1907.131221719457,114982.49362029234,1,0,0.9348671174470905,false
activemq-core/src/test/java/org/apache/activemq/openwire/v9/TransactionIdTestSupport.java,9.0,5.0,0.0,1.0,0.0,2.0,112.0,tabish@apache.org,1,0.0028169014084507044,50.0,50.0,0.0,0.0,1907.131221719457,114982.49362029234,1,0,0.9348671174470905,false
activemq-core/src/test/java/org/apache/activemq/openwire/v9/TransactionInfoTest.java,18.0,5.0,1.0,2.0,6.0,5.0,112.0,tabish@apache.org,1,0.0028169014084507044,50.0,50.0,0.0,0.0,1907.131221719457,114982.49362029234,1,0,0.9348671174470905,false
activemq-core/src/test/java/org/apache/activemq/openwire/v9/XATransactionIdTest.java,18.0,5.0,1.0,2.0,5.0,6.0,112.0,tabish@apache.org,1,0.0028169014084507044,50.0,50.0,0.0,0.0,1907.131221719457,114982.49362029234,1,0,0.9348671174470905,false
activemq-core/src/test/java/org/apache/activemq/perf/PerfConsumer.java,98.0,12.0,46.0,13.0,19.0,28.0,0.0,rajdavies@apache.org,0,0.0,0.0,0.0,0.0,0.0,0.0,0.0,0,3,0.0,true
activemq-core/src/test/java/org/apache/activemq/perf/SimpleDurableTopicTest.java,36.0,7.0,10.0,5.0,10.0,13.0,0.0,rajdavies@apache.org,0,0.0,0.0,0.0,0.0,0.0,0.0,0.0,0,5,0.0,true
activemq-core/src/test/java/org/apache/activemq/perf/TemporaryTopicMemoryAllocationTest.java,10.0,3.0,1.0,2.0,1.0,4.0,0.0,tabish@apache.org,0,0.0,0.0,0.0,0.0,0.0,0.0,0.0,0,2,0.0,false
activemq-core/src/test/java/org/apache/activemq/proxy/ProxyFailoverTest.java,55.0,9.0,0.0,4.0,28.0,9.0,1.0,tabish@apache.org,1,0.0028169014084507044,20.0,0.0,0.0,0.0,1067.105882352941,28935.907348361336,1,1,1.033307190260343,true
activemq-core/src/test/java/org/apache/activemq/security/AuthorizationMapTest.java,82.0,7.0,4.0,4.0,28.0,8.0,0.0,chirino@apache.org,0,0.0,0.0,0.0,0.0,0.0,0.0,0.0,0,4,0.0,false
activemq-core/src/test/java/org/apache/activemq/security/SimpleSecurityBrokerSystemTest.java,87.0,18.0,10.0,5.0,8.0,9.0,0.0,chirino@apache.org,0,0.0,0.0,0.0,0.0,0.0,0.0,0.0,0,6,0.0,true
activemq-core/src/test/java/org/apache/activemq/security/StubSecurityContext.java,8.0,2.0,1.0,2.0,0.0,3.0,0.0,tabish@apache.org,0,0.0,0.0,0.0,0.0,0.0,0.0,0.0,0,2,0.0,false
activemq-core/src/test/java/org/apache/activemq/store/StorePerDestinationTest.java,215.0,29.0,134.0,21.0,100.0,63.0,3.0,gtully@apache.org,1,0.0028169014084507044,20.0,0.0,20.0,0.0,1907.131221719457,114982.49362029234,1,0,0.9348671174470905,false
activemq-core/src/test/java/org/apache/activemq/store/kahadb/plist/PListTest.java,445.0,20.0,56.0,20.0,146.0,57.0,3.0,gtully@apache.org,1,0.0028169014084507044,5.0,0.0,0.0,0.0,1907.131221719457,114982.49362029234,1,6,0.9348671174470905,true
activemq-core/src/test/java/org/apache/activemq/transport/SoWriteTimeoutClientTest.java,62.0,18.0,13.0,6.0,36.0,19.0,2.0,tabish@apache.org,1,0.0028169014084507044,67.0,0.0,0.0,0.0,1907.131221719457,114982.49362029234,1,0,0.9348671174470905,false
activemq-core/src/test/java/org/apache/activemq/transport/SoWriteTimeoutTest.java,91.0,21.0,9.0,6.0,55.0,16.0,2.0,gtully@apache.org,3,0.008450704225352112,36.0,0.0,0.0,0.0,3318.9267592448123,145533.36351375893,3,0,0.3897599940562213,false
activemq-core/src/test/java/org/apache/activemq/transport/discovery/DiscoveryNetworkReconnectTest.java,127.0,27.0,0.0,9.0,63.0,26.0,0.0,gtully@apache.org,0,0.0,0.0,0.0,0.0,0.0,0.0,0.0,0,7,0.0,true
activemq-core/src/test/java/org/apache/activemq/transport/discovery/DiscoveryUriTest.java,34.0,6.0,3.0,3.0,18.0,9.0,9.0,dejanb@apache.org,1,0.0028169014084507044,20.0,0.0,20.0,0.0,1907.131221719457,114982.49362029234,1,0,0.9348671174470905,false
activemq-core/src/test/java/org/apache/activemq/transport/discovery/MasterSlaveDiscoveryTest.java,232.0,19.0,25.0,11.0,94.0,30.0,5.0,chirino@apache.org,1,0.0028169014084507044,50.0,50.0,0.0,0.0,1907.131221719457,114982.49362029234,1,0,0.9348671174470905,false
activemq-core/src/test/java/org/apache/activemq/transport/failover/FailoverClusterTest.java,111.0,15.0,9.0,10.0,65.0,32.0,0.0,gtully@apache.org,0,0.0,0.0,0.0,0.0,0.0,0.0,0.0,0,3,0.0,true
activemq-core/src/test/java/org/apache/activemq/transport/failover/FailoverConsumerOutstandingCommitTest.java,243.0,31.0,38.0,20.0,138.0,57.0,0.0,gtully@apache.org,0,0.0,0.0,0.0,0.0,0.0,0.0,0.0,0,7,0.0,true
activemq-core/src/test/java/org/apache/activemq/transport/failover/FailoverConsumerTest.java,61.0,12.0,1.0,2.0,16.0,8.0,0.0,tabish@apache.org,0,0.0,0.0,0.0,0.0,0.0,0.0,0.0,0,4,0.0,true
activemq-core/src/test/java/org/apache/activemq/transport/failover/FailoverConsumerUnconsumedTest.java,148.0,29.0,39.0,15.0,63.0,50.0,0.0,tabish@apache.org,0,0.0,0.0,0.0,0.0,0.0,0.0,0.0,0,3,0.0,true
activemq-core/src/test/java/org/apache/activemq/transport/failover/FailoverDuplicateTest.java,167.0,24.0,62.0,16.0,92.0,46.0,4.0,tabish@apache.org,1,0.0028169014084507044,50.0,50.0,50.0,0.0,1907.131221719457,114982.49362029234,1,0,0.9348671174470905,true
activemq-core/src/test/java/org/apache/activemq/transport/failover/FailoverPrefetchZeroTest.java,94.0,24.0,0.0,9.0,52.0,28.0,0.0,tabish@apache.org,0,0.0,0.0,0.0,0.0,0.0,0.0,0.0,0,1,0.0,true
activemq-core/src/test/java/org/apache/activemq/transport/failover/FailoverRedeliveryTransactionTest.java,41.0,6.0,91.0,14.0,6.0,29.0,1.0,tabish@apache.org,1,0.0028169014084507044,25.0,0.0,0.0,0.0,1907.131221719457,114982.49362029234,1,0,0.9348671174470905,false
activemq-core/src/test/java/org/apache/activemq/transport/failover/FailoverTransactionTest.java,674.0,35.0,195.0,43.0,350.0,122.0,1.0,gtully@apache.org,2,0.005633802816901409,8.0,0.0,8.0,0.0,2974.2371040723983,143918.40096865367,2,9,0.2909399732937715,true
activemq-core/src/test/java/org/apache/activemq/transport/failover/FailoverTransportBackupsTest.java,150.0,15.0,0.0,18.0,64.0,60.0,0.0,tabish@apache.org,0,0.0,0.0,0.0,0.0,0.0,0.0,0.0,0,1,0.0,true
activemq-core/src/test/java/org/apache/activemq/transport/failover/FailoverTransportBrokerTest.java,99.0,21.0,60.0,12.0,37.0,25.0,0.0,chirino@apache.org,0,0.0,0.0,0.0,0.0,0.0,0.0,0.0,0,7,0.0,true
activemq-core/src/test/java/org/apache/activemq/transport/failover/FailoverTransportTest.java,61.0,15.0,22.0,9.0,14.0,18.0,2.0,davsclaus@apache.org,1,0.0028169014084507044,14.0,0.0,14.0,0.0,1907.131221719457,114982.49362029234,1,1,0.9348671174470905,false
activemq-core/src/test/java/org/apache/activemq/transport/failover/InitalReconnectDelayTest.java,63.0,14.0,7.0,6.0,20.0,15.0,0.0,tabish@apache.org,0,0.0,0.0,0.0,0.0,0.0,0.0,0.0,0,1,0.0,true
activemq-core/src/test/java/org/apache/activemq/transport/failover/ReconnectTest.java,162.0,24.0,0.0,5.0,21.0,22.0,0.0,chirino@apache.org,0,0.0,0.0,0.0,0.0,0.0,0.0,0.0,0,6,0.0,true
activemq-core/src/test/java/org/apache/activemq/transport/failover/SlowConnectionTest.java,74.0,9.0,3.0,3.0,17.0,13.0,9.0,tabish@apache.org,1,0.0028169014084507044,25.0,0.0,25.0,0.0,1907.131221719457,114982.49362029234,1,0,0.9348671174470905,false
activemq-core/src/test/java/org/apache/activemq/transport/stomp/Stomp11Test.java,362.0,21.0,0.0,24.0,179.0,55.0,1.0,tabish@apache.org,1,0.0028169014084507044,7.0,0.0,0.0,0.0,1067.105882352941,28935.907348361336,1,1,1.033307190260343,true
activemq-core/src/test/java/org/apache/activemq/transport/stomp/StompTest.java,1246.0,33.0,0.0,81.0,721.0,208.0,3.0,null,3,0.008450704225352112,9.0,3.0,6.0,0.0,3318.9267592448123,145533.36351375893,3,30,0.36227512291866915,true
activemq-core/src/test/java/org/apache/activemq/transport/tcp/StubX509Certificate.java,80.0,6.0,349.0,27.0,0.0,54.0,0.0,tabish@apache.org,0,0.0,0.0,0.0,0.0,0.0,0.0,0.0,0,3,0.0,false
activemq-core/src/test/java/org/apache/activemq/usecases/CreateTemporaryQueueBeforeStartTest.java,92.0,10.0,0.0,8.0,41.0,26.0,1.0,chirino@apache.org,1,0.0028169014084507044,10.0,0.0,10.0,10.0,1067.105882352941,28935.907348361336,1,5,1.033307190260343,false
activemq-core/src/test/java/org/apache/activemq/usecases/DurableSubProcessTest.java,142.0,18.0,15.0,7.0,16.0,16.0,9.0,tabish@apache.org,1,0.0028169014084507044,25.0,0.0,25.0,0.0,1907.131221719457,114982.49362029234,1,1,0.9348671174470905,false
activemq-core/src/test/java/org/apache/activemq/usecases/DurableSubProcessWithRestartTest.java,179.0,32.0,20.0,8.0,26.0,23.0,9.0,tabish@apache.org,1,0.0028169014084507044,25.0,0.0,25.0,0.0,1907.131221719457,114982.49362029234,1,0,0.9348671174470905,true
activemq-core/src/test/java/org/apache/activemq/usecases/DurableSubscriptionHangTestCase.java,77.0,21.0,1.0,7.0,43.0,17.0,7.0,tabish@apache.org,1,0.0028169014084507044,50.0,50.0,50.0,50.0,1907.131221719457,114982.49362029234,1,0,0.9348671174470905,true
activemq-core/src/test/java/org/apache/activemq/usecases/DurableSubscriptionOfflineTest.java,916.0,24.0,338.0,37.0,275.0,112.0,0.0,gtully@apache.org,0,0.0,0.0,0.0,0.0,0.0,0.0,0.0,0,13,0.0,true
activemq-core/src/test/java/org/apache/activemq/usecases/ExpiredMessagesWithNoConsumerTest.java,441.0,29.0,616.0,41.0,241.0,145.0,0.0,gtully@apache.org,0,0.0,0.0,0.0,0.0,0.0,0.0,0.0,0,6,0.0,true
activemq-core/src/test/java/org/apache/activemq/usecases/NetworkBridgeProducerFlowControlTest.java,173.0,19.0,25.0,11.0,85.0,26.0,3.0,tabish@apache.org,1,0.0028169014084507044,67.0,33.0,0.0,0.0,1907.131221719457,114982.49362029234,1,0,0.9348671174470905,false
activemq-core/src/test/java/org/apache/activemq/usecases/NetworkOfTwentyBrokersTest.java,151.0,14.0,85.0,14.0,66.0,45.0,2.0,gtully@apache.org,1,0.0028169014084507044,17.0,0.0,0.0,17.0,1907.131221719457,114982.49362029234,1,1,0.9348671174470905,true
activemq-core/src/test/java/org/apache/activemq/usecases/NoDuplicateOnTopicNetworkTest.java,265.0,36.0,26.0,13.0,91.0,42.0,3.0,gtully@apache.org,1,0.0028169014084507044,9.0,9.0,9.0,0.0,1907.131221719457,114982.49362029234,1,4,0.9348671174470905,true
activemq-core/src/test/java/org/apache/activemq/usecases/NonBlockingConsumerRedeliveryTest.java,262.0,21.0,43.0,26.0,150.0,85.0,5.0,tabish@apache.org,1,0.0028169014084507044,50.0,0.0,50.0,0.0,1067.105882352941,28935.907348361336,1,0,1.033307190260343,false
activemq-core/src/test/java/org/apache/activemq/usecases/TwoBrokerQueueClientsReconnectTest.java,287.0,26.0,26.0,24.0,138.0,71.0,5.0,chirino@apache.org,1,0.0028169014084507044,13.0,13.0,13.0,0.0,1907.131221719457,114982.49362029234,1,8,0.9348671174470905,true
activemq-core/src/test/java/org/apache/activemq/usecases/TwoBrokerVirtualDestDinamicallyIncludedDestTest.java,130.0,15.0,22.0,8.0,59.0,22.0,2.0,tabish@apache.org,1,0.0028169014084507044,50.0,0.0,0.0,0.0,344.6896551724138,1614.9625451052418,1,0,1.8748743759385615,false
activemq-jaas/src/test/java/org/apache/activemq/jaas/LDAPLoginModuleTest.java,58.0,24.0,8.0,5.0,19.0,17.0,0.0,chirino@apache.org,0,0.0,0.0,0.0,0.0,0.0,0.0,0.0,0,6,0.0,true
activemq-optional/src/main/java/org/apache/activemq/transport/discovery/http/HTTPDiscoveryAgent.java,252.0,23.0,116.0,21.0,66.0,59.0,0.0,tabish@apache.org,0,0.0,0.0,0.0,0.0,0.0,0.0,0.0,0,1,0.0,false
activemq-optional/src/main/java/org/apache/activemq/transport/http/HttpClientTransport.java,250.0,40.0,238.0,25.0,89.0,74.0,3.0,chirino@apache.org,1,0.0028169014084507044,12.0,4.0,8.0,0.0,1067.105882352941,28935.907348361336,1,5,1.033307190260343,true
activemq-optional/src/main/java/org/apache/activemq/transport/http/HttpTransportFactory.java,53.0,18.0,13.0,6.0,15.0,22.0,7.0,chirino@apache.org,1,0.0028169014084507044,9.0,5.0,0.0,5.0,1067.105882352941,28935.907348361336,1,6,1.033307190260343,true
activemq-optional/src/main/java/org/apache/activemq/transport/http/HttpTransportServer.java,60.0,13.0,28.0,9.0,15.0,17.0,7.0,chirino@apache.org,2,0.005633802816901409,15.0,0.0,5.0,5.0,1411.7955375253548,30550.869893466577,2,3,0.6773154171916029,false
activemq-optional/src/main/java/org/apache/activemq/transport/http/HttpTransportSupport.java,54.0,3.0,71.0,14.0,2.0,22.0,4.0,chirino@apache.org,1,0.0028169014084507044,10.0,10.0,0.0,0.0,1067.105882352941,28935.907348361336,1,2,1.033307190260343,false
activemq-optional/src/main/java/org/apache/activemq/transport/http/HttpTunnelServlet.java,158.0,26.0,64.0,13.0,42.0,47.0,6.0,chirino@apache.org,1,0.0028169014084507044,12.0,4.0,4.0,4.0,1067.105882352941,28935.907348361336,1,8,1.033307190260343,true
activemq-optional/src/main/java/org/apache/activemq/transport/https/HttpsTransportFactory.java,23.0,13.0,3.0,3.0,6.0,11.0,10.0,chirino@apache.org,1,0.0028169014084507044,7.0,0.0,0.0,7.0,1067.105882352941,28935.907348361336,1,5,1.033307190260343,true
activemq-optional/src/main/java/org/apache/activemq/transport/https/HttpsTransportServer.java,102.0,2.0,136.0,20.0,10.0,35.0,10.0,chirino@apache.org,1,0.0028169014084507044,6.0,0.0,0.0,6.0,1067.105882352941,28935.907348361336,1,4,1.033307190260343,true
activemq-optional/src/main/java/org/apache/activemq/transport/https/Krb5AndCertsSslSocketConnector.java,104.0,20.0,0.0,7.0,33.0,20.0,10.0,tabish@apache.org,1,0.0028169014084507044,14.0,0.0,0.0,14.0,1067.105882352941,28935.907348361336,1,0,1.033307190260343,false
activemq-optional/src/main/java/org/apache/activemq/transport/util/TextWireFormat.java,36.0,10.0,28.0,8.0,11.0,19.0,3.0,chirino@apache.org,1,0.0028169014084507044,8.0,0.0,8.0,0.0,1067.105882352941,28935.907348361336,1,5,1.033307190260343,true
activemq-optional/src/main/java/org/apache/activemq/transport/ws/StompServlet.java,22.0,7.0,1.0,3.0,6.0,8.0,10.0,davsclaus@apache.org,1,0.0028169014084507044,25.0,0.0,0.0,25.0,1067.105882352941,28935.907348361336,1,0,1.033307190260343,false
activemq-optional/src/main/java/org/apache/activemq/transport/ws/StompSocket.java,54.0,13.0,72.0,13.0,12.0,26.0,8.0,tabish@apache.org,1,0.0028169014084507044,27.0,0.0,18.0,9.0,1067.105882352941,28935.907348361336,1,1,1.033307190260343,true
activemq-optional/src/main/java/org/apache/activemq/transport/ws/WSTransportServer.java,51.0,13.0,6.0,5.0,19.0,10.0,5.0,dejanb@apache.org,2,0.005633802816901409,18.0,0.0,9.0,9.0,1411.7955375253548,30550.869893466577,2,0,0.760943602539507,false
activemq-optional/src/main/java/org/apache/activemq/transport/xstream/XStreamWireFormat.java,61.0,8.0,47.0,11.0,12.0,29.0,4.0,chirino@apache.org,2,0.005633802816901409,17.0,0.0,8.0,0.0,1411.7955375253548,30550.869893466577,2,3,0.760943602539507,true
activemq-optional/src/test/java/org/apache/activemq/transport/http/HttpJMSMessagesWithCompressionTest.java,140.0,21.0,181.0,22.0,71.0,75.0,6.0,davsclaus@apache.org,1,0.0028169014084507044,33.0,0.0,33.0,0.0,1067.105882352941,28935.907348361336,1,0,1.033307190260343,false
activemq-optional/src/test/java/org/apache/activemq/transport/http/HttpJmsSendAndReceiveWithCompressionTest.java,50.0,8.0,13.0,6.0,12.0,19.0,6.0,tabish@apache.org,1,0.0028169014084507044,50.0,0.0,50.0,0.0,1067.105882352941,28935.907348361336,1,0,1.033307190260343,false
activemq-optional/src/test/java/org/apache/activemq/transport/http/HttpSendCompressedMessagesTest.java,240.0,24.0,149.0,22.0,127.0,50.0,3.0,tabish@apache.org,1,0.0028169014084507044,60.0,20.0,40.0,0.0,1067.105882352941,28935.907348361336,1,0,1.033307190260343,true
activemq-pool/src/main/java/org/apache/activemq/pool/ConnectionPool.java,168.0,10.0,118.0,20.0,30.0,42.0,4.0,tabish@apache.org,1,0.0028169014084507044,7.0,0.0,7.0,0.0,1067.105882352941,28935.907348361336,1,3,1.033307190260343,true
activemq-pool/src/main/java/org/apache/activemq/pool/PooledConnectionFactory.java,169.0,17.0,215.0,23.0,33.0,52.0,0.0,null,0,0.0,0.0,0.0,0.0,0.0,0.0,0.0,0,4,0.0,true
activemq-pool/src/main/java/org/apache/activemq/pool/PooledMessageConsumer.java,41.0,4.0,0.0,9.0,9.0,22.0,2.0,gary.tully@gmail.com,1,0.0028169014084507044,33.0,0.0,0.0,0.0,1067.105882352941,28935.907348361336,1,0,1.033307190260343,true
activemq-pool/src/main/java/org/apache/activemq/pool/PooledSession.java,243.0,35.0,1266.0,52.0,102.0,145.0,3.0,null,1,0.0028169014084507044,12.0,0.0,6.0,0.0,1067.105882352941,28935.907348361336,1,3,1.033307190260343,true
activemq-pool/src/main/java/org/apache/activemq/pool/SessionPool.java,77.0,7.0,58.0,13.0,22.0,36.0,4.0,gnodet@apache.org,1,0.0028169014084507044,17.0,0.0,17.0,0.0,1067.105882352941,28935.907348361336,1,1,1.033307190260343,true
activemq-pool/src/test/java/org/apache/activemq/pool/ConnectionExpiryEvictsFromPoolTest.java,38.0,7.0,0.0,4.0,21.0,8.0,0.0,tabish@apache.org,0,0.0,0.0,0.0,0.0,0.0,0.0,0.0,0,2,0.0,false
activemq-pool/src/test/java/org/apache/activemq/pool/ConnectionFailureEvictsFromPoolTest.java,63.0,17.0,30.0,9.0,29.0,16.0,0.0,gary.tully@gmail.com,0,0.0,0.0,0.0,0.0,0.0,0.0,0.0,0,2,0.0,false
activemq-pool/src/test/java/org/apache/activemq/pool/PooledConnectionFactoryMaximumActiveTest.java,44.0,15.0,4.0,4.0,13.0,8.0,0.0,tabish@apache.org,0,0.0,0.0,0.0,0.0,0.0,0.0,0.0,0,1,0.0,true
activemq-pool/src/test/java/org/apache/activemq/pool/PooledConnectionFactoryTest.java,32.0,14.0,3.0,3.0,9.0,8.0,0.0,tabish@apache.org,0,0.0,0.0,0.0,0.0,0.0,0.0,0.0,0,1,0.0,true
activemq-pool/src/test/java/org/apache/activemq/pool/PooledConnectionFactoryWithTemporaryDestinationsTest.java,74.0,11.0,0.0,7.0,39.0,18.0,0.0,gary.tully@gmail.com,0,0.0,0.0,0.0,0.0,0.0,0.0,0.0,0,2,0.0,false
activemq-pool/src/test/java/org/apache/activemq/pool/PooledSessionExhaustionTest.java,73.0,7.0,0.0,5.0,37.0,19.0,2.0,gary.tully@gmail.com,1,0.0028169014084507044,50.0,25.0,25.0,0.0,1067.105882352941,28935.907348361336,1,0,1.033307190260343,true
activemq-spring/src/test/java/org/apache/bugs/LoadBalanceTest.java,232.0,27.0,51.0,11.0,122.0,41.0,1.0,gtully@apache.org,1,0.0028169014084507044,9.0,0.0,0.0,0.0,1907.131221719457,114982.49362029234,1,0,0.9348671174470905,true
activemq-tooling/maven-activemq-perf-plugin/src/main/java/org/apache/activemq/tool/JmsProducerClient.java,267.0,17.0,5.0,19.0,85.0,62.0,0.0,tabish@apache.org,0,0.0,0.0,0.0,0.0,0.0,0.0,0.0,0,2,0.0,true
activemq-tooling/maven-activemq-perf-plugin/src/main/java/org/apache/activemq/tool/properties/JmsProducerProperties.java,96.0,5.0,172.0,21.0,11.0,35.0,0.0,tabish@apache.org,0,0.0,0.0,0.0,0.0,0.0,0.0,0.0,0,2,0.0,false
activemq-web-demo/src/test/java/org/apache/activemq/web/AjaxTest.java,363.0,13.0,0.0,10.0,129.0,28.0,4.0,tabish@apache.org,1,0.0028169014084507044,8.0,0.0,8.0,8.0,1067.105882352941,28935.907348361336,1,2,1.033307190260343,true
activemq-web-demo/src/test/java/org/apache/activemq/web/JettyServer.java,36.0,6.0,1.0,2.0,13.0,4.0,4.0,tabish@apache.org,1,0.0028169014084507044,33.0,0.0,33.0,33.0,1067.105882352941,28935.907348361336,1,0,1.033307190260343,false
activemq-web-demo/src/test/java/org/apache/activemq/web/JettyTestSupport.java,62.0,17.0,2.0,4.0,34.0,14.0,4.0,dejanb@apache.org,1,0.0028169014084507044,8.0,0.0,8.0,8.0,1067.105882352941,28935.907348361336,1,1,1.033307190260343,true
activemq-web-demo/src/test/java/org/apache/activemq/web/RestTest.java,87.0,8.0,0.0,5.0,58.0,11.0,4.0,dejanb@apache.org,1,0.0028169014084507044,7.0,0.0,7.0,7.0,1067.105882352941,28935.907348361336,1,0,1.033307190260343,true
activemq-web/src/main/java/org/apache/activemq/web/MessageListenerServlet.java,349.0,20.0,6.0,8.0,102.0,36.0,0.0,null,0,0.0,0.0,0.0,0.0,0.0,0.0,0.0,0,9,0.0,true
activemq-web/src/main/java/org/apache/activemq/web/MessageServletSupport.java,273.0,17.0,166.0,20.0,74.0,77.0,1.0,null,1,0.0028169014084507044,3.0,0.0,3.0,0.0,1067.105882352941,28935.907348361336,1,10,1.033307190260343,true
kahadb/src/main/java/org/apache/kahadb/index/ListIndex.java,253.0,12.0,629.0,39.0,98.0,101.0,0.0,tabish@apache.org,0,0.0,0.0,0.0,0.0,0.0,0.0,0.0,0,1,0.0,true
kahadb/src/main/java/org/apache/kahadb/index/ListNode.java,360.0,12.0,122.0,28.0,51.0,77.0,0.0,tabish@apache.org,0,0.0,0.0,0.0,0.0,0.0,0.0,0.0,0,2,0.0,true
kahadb/src/main/java/org/apache/kahadb/journal/Journal.java,587.0,30.0,1206.0,57.0,176.0,156.0,6.0,gtully@apache.org,1,0.0028169014084507044,14.0,9.0,5.0,5.0,1907.131221719457,114982.49362029234,1,6,0.9348671174470905,true
kahadb/src/main/java/org/apache/kahadb/page/PageFile.java,884.0,26.0,1688.0,65.0,205.0,168.0,5.0,gtully@apache.org,3,0.008450704225352112,11.0,4.0,4.0,0.0,2330.963734034728,116733.63279368189,3,5,0.93863178632001,true
kahadb/src/main/java/org/apache/kahadb/page/Transaction.java,582.0,4.0,315.0,42.0,168.0,158.0,1.0,null,1,0.0028169014084507044,7.0,0.0,0.0,0.0,344.6896551724138,1614.9625451052418,1,3,1.8748743759385615,true
kahadb/src/main/java/org/apache/kahadb/util/DataByteArrayInputStream.java,236.0,4.0,123.0,31.0,23.0,66.0,0.0,tabish@apache.org,0,0.0,0.0,0.0,0.0,0.0,0.0,0.0,0,1,0.0,false
kahadb/src/main/java/org/apache/kahadb/util/DataByteArrayOutputStream.java,220.0,5.0,51.0,26.0,39.0,60.0,0.0,tabish@apache.org,0,0.0,0.0,0.0,0.0,0.0,0.0,0.0,0,1,0.0,false
kahadb/src/main/java/org/apache/kahadb/util/Scheduler.java,27.0,3.0,0.0,5.0,7.0,6.0,0.0,chirino@apache.org,0,0.0,0.0,0.0,0.0,0.0,0.0,0.0,0,1,0.0,false
kahadb/src/main/java/org/apache/kahadb/util/SequenceSet.java,313.0,7.0,66.0,12.0,52.0,50.0,0.0,chirino@apache.org,0,0.0,0.0,0.0,0.0,0.0,0.0,0.0,0,4,0.0,true
kahadb/src/test/java/org/apache/kahadb/index/BTreeIndexTest.java,241.0,18.0,89.0,14.0,98.0,38.0,0.0,gtully@apache.org,0,0.0,0.0,0.0,0.0,0.0,0.0,0.0,0,1,0.0,true
kahadb/src/test/java/org/apache/kahadb/index/ListIndexTest.java,337.0,19.0,101.0,15.0,146.0,43.0,0.0,tabish@apache.org,0,0.0,0.0,0.0,0.0,0.0,0.0,0.0,0,0,0.0,true
kahadb/src/test/java/org/apache/kahadb/page/PageFileTest.java,127.0,9.0,3.0,3.0,45.0,13.0,0.0,tabish@apache.org,0,0.0,0.0,0.0,0.0,0.0,0.0,0.0,0,1,0.0,false
kahadb/src/test/java/org/apache/kahadb/util/DataByteArrayInputStreamTest.java,44.0,1.0,1.0,2.0,12.0,5.0,0.0,tabish@apache.org,0,0.0,0.0,0.0,0.0,0.0,0.0,0.0,0,1,0.0,false
kahadb/src/test/java/org/apache/kahadb/util/DataByteArrayOutputStreamTest.java,48.0,2.0,1.0,2.0,15.0,5.0,0.0,tabish@apache.org,0,0.0,0.0,0.0,0.0,0.0,0.0,0.0,0,1,0.0,false
kahadb/src/test/java/org/apache/kahadb/util/SequenceSetTest.java,90.0,3.0,28.0,8.0,36.0,10.0,0.0,tabish@apache.org,0,0.0,0.0,0.0,0.0,0.0,0.0,0.0,0,0,0.0,false
