name,LOC,CBO,LCOM,NOM,RFC,WMC,ACS,Ownership,numOfChanges,numberOfFIChanges,ENH,NF,BugFixing,REF,structuralWorkloadSum,semanticWorkloadSum,numberOfDeveloper,pastFaults,MAF,isBuggy
activemq-camel/src/test/java/org/apache/activemq/camel/JmsJdbcXALoadTest.java,86.0,17.0,36.0,9.0,36.0,31.0,3.0,davsclaus@apache.org,1,0.003861003861003861,25.0,0.0,0.0,0.0,718.3396226415094,4778.036455719478,1,0,1.5916332878005937,false
activemq-console/src/main/java/org/apache/activemq/console/command/AbstractJmxCommand.java,299.0,15.0,129.0,18.0,51.0,66.0,1.0,null,1,0.003861003861003861,8.0,0.0,8.0,0.0,638.6666666666666,13124.686613972894,1,4,1.5916332878005937,true
activemq-console/src/main/java/org/apache/activemq/console/filter/MBeansAttributeQueryFilter.java,101.0,15.0,6.0,5.0,22.0,24.0,0.0,chirino@apache.org,0,0.0,0.0,0.0,0.0,0.0,0.0,0.0,0,1,0.0,false
activemq-console/src/test/java/org/apache/activemq/console/command/DummyConnectionFactory.java,17.0,2.0,10.0,5.0,0.0,5.0,24.0,chirino@apache.org,1,0.003861003861003861,33.0,0.0,33.0,0.0,718.3396226415094,4778.036455719478,1,0,1.5916332878005937,false
activemq-console/src/test/java/org/apache/activemq/console/command/InvalidConnectionFactory.java,2.0,1.0,0.0,0.0,0.0,0.0,24.0,chirino@apache.org,1,0.003861003861003861,33.0,0.0,33.0,0.0,718.3396226415094,4778.036455719478,1,0,1.5916332878005937,false
activemq-console/src/test/java/org/apache/activemq/console/command/LowercasingPasswordFactory.java,5.0,0.0,0.0,1.0,1.0,2.0,24.0,chirino@apache.org,1,0.003861003861003861,25.0,0.0,25.0,0.0,718.3396226415094,4778.036455719478,1,0,1.5916332878005937,false
activemq-core/src/main/java/org/apache/activemq/ActiveMQConnection.java,1779.0,79.0,17572.0,196.0,461.0,561.0,2.0,null,2,0.007722007722007722,2.0,0.0,2.0,0.0,1194.4990099009901,27027.79644809934,2,73,0.5955274332734009,true
activemq-core/src/main/java/org/apache/activemq/ActiveMQConnectionFactory.java,776.0,30.0,5711.0,110.0,153.0,229.0,4.0,null,1,0.003861003861003861,1.0,0.0,1.0,0.0,1008.0990099009902,26364.07806631123,1,32,0.7612849857271633,true
activemq-core/src/main/java/org/apache/activemq/ActiveMQMessageProducer.java,201.0,19.0,128.0,21.0,46.0,54.0,0.0,chirino@apache.org,0,0.0,0.0,0.0,0.0,0.0,0.0,0.0,0,10,0.0,true
activemq-core/src/main/java/org/apache/activemq/ActiveMQSession.java,1245.0,75.0,4523.0,110.0,365.0,384.0,0.0,null,0,0.0,0.0,0.0,0.0,0.0,0.0,0.0,0,44,0.0,true
activemq-core/src/main/java/org/apache/activemq/AsyncCallback.java,7.0,1.0,0.0,1.0,0.0,1.0,0.0,chirino@apache.org,0,0.0,0.0,0.0,0.0,0.0,0.0,0.0,0,1,0.0,false
activemq-core/src/main/java/org/apache/activemq/advisory/AdvisorySupport.java,442.0,6.0,1992.0,64.0,176.0,245.0,6.0,null,1,0.003861003861003861,3.0,0.0,3.0,0.0,186.4,663.7183817881073,1,14,2.1735548332503147,true
activemq-core/src/main/java/org/apache/activemq/broker/BrokerService.java,2172.0,92.0,28669.0,246.0,552.0,644.0,3.0,null,4,0.015444015444015444,2.0,0.0,2.0,0.0,2551.5052992091664,44930.51951779171,4,105,0.5017493519525493,true
activemq-core/src/main/java/org/apache/activemq/broker/ConnectionContext.java,253.0,14.0,1121.0,51.0,14.0,84.0,20.0,chirino@apache.org,1,0.003861003861003861,4.0,4.0,0.0,0.0,638.6666666666666,13124.686613972894,1,12,1.5916332878005937,true
activemq-core/src/main/java/org/apache/activemq/broker/TransactionBroker.java,277.0,32.0,134.0,20.0,100.0,64.0,12.0,chirino@apache.org,1,0.003861003861003861,8.0,8.0,4.0,0.0,638.6666666666666,13124.686613972894,1,13,1.5916332878005937,true
activemq-core/src/main/java/org/apache/activemq/broker/TransportConnection.java,1284.0,52.0,4273.0,107.0,521.0,329.0,6.0,null,1,0.003861003861003861,1.0,0.0,1.0,0.0,186.4,663.7183817881073,1,70,2.1735548332503147,true
activemq-core/src/main/java/org/apache/activemq/broker/TransportConnector.java,477.0,27.0,1989.0,67.0,149.0,149.0,6.0,chirino@apache.org,1,0.003861003861003861,1.0,0.0,1.0,0.0,186.4,663.7183817881073,1,27,2.1735548332503147,true
activemq-core/src/main/java/org/apache/activemq/broker/jmx/ConnectionView.java,105.0,6.0,0.0,18.0,25.0,46.0,0.0,chirino@apache.org,0,0.0,0.0,0.0,0.0,0.0,0.0,0.0,0,6,0.0,true
activemq-core/src/main/java/org/apache/activemq/broker/jmx/ConnectionViewMBean.java,47.0,2.0,45.0,10.0,0.0,26.0,0.0,chirino@apache.org,0,0.0,0.0,0.0,0.0,0.0,0.0,0.0,0,6,0.0,true
activemq-core/src/main/java/org/apache/activemq/broker/jmx/ManagedTransportConnection.java,88.0,14.0,1.0,7.0,29.0,23.0,0.0,chirino@apache.org,0,0.0,0.0,0.0,0.0,0.0,0.0,0.0,0,13,0.0,true
activemq-core/src/main/java/org/apache/activemq/broker/jmx/SubscriptionView.java,281.0,14.0,436.0,36.0,69.0,92.0,0.0,chirino@apache.org,0,0.0,0.0,0.0,0.0,0.0,0.0,0.0,0,10,0.0,false
activemq-core/src/main/java/org/apache/activemq/broker/jmx/SubscriptionViewMBean.java,132.0,2.0,435.0,30.0,0.0,74.0,0.0,chirino@apache.org,0,0.0,0.0,0.0,0.0,0.0,0.0,0.0,0,8,0.0,false
activemq-core/src/main/java/org/apache/activemq/broker/region/BaseDestination.java,592.0,25.0,4097.0,94.0,91.0,180.0,10.0,rajdavies@apache.org,1,0.003861003861003861,3.0,0.0,3.0,2.0,638.6666666666666,13124.686613972894,1,34,1.5916332878005937,true
activemq-core/src/main/java/org/apache/activemq/broker/region/Destination.java,124.0,17.0,1711.0,59.0,0.0,76.0,20.0,null,1,0.003861003861003861,2.0,2.0,0.0,0.0,638.6666666666666,13124.686613972894,1,22,1.5916332878005937,true
activemq-core/src/main/java/org/apache/activemq/broker/region/DestinationFilter.java,211.0,16.0,0.0,65.0,68.0,107.0,20.0,rajdavies@apache.org,1,0.003861003861003861,3.0,3.0,0.0,0.0,638.6666666666666,13124.686613972894,1,20,1.5916332878005937,true
activemq-core/src/main/java/org/apache/activemq/broker/region/DurableTopicSubscription.java,244.0,25.0,212.0,25.0,111.0,71.0,5.0,rajdavies@apache.org,2,0.007722007722007722,2.0,2.0,2.0,0.0,1646.7656765676568,39488.76468028413,2,31,0.4833119562039331,true
activemq-core/src/main/java/org/apache/activemq/broker/region/PrefetchSubscription.java,620.0,28.0,606.0,45.0,196.0,139.0,3.0,null,2,0.007722007722007722,2.0,1.0,2.0,0.0,1646.7656765676568,39488.76468028413,2,72,0.6783363521479706,true
activemq-core/src/main/java/org/apache/activemq/broker/region/Queue.java,1742.0,70.0,4043.0,99.0,645.0,333.0,3.0,null,2,0.007722007722007722,1.0,0.0,1.0,0.0,1646.7656765676568,39488.76468028413,2,123,0.6783363521479706,true
activemq-core/src/main/java/org/apache/activemq/broker/region/RegionBroker.java,736.0,37.0,2470.0,80.0,239.0,215.0,2.0,null,1,0.003861003861003861,1.0,0.0,0.0,0.0,718.3396226415094,4778.036455719478,1,61,1.5916332878005937,true
activemq-core/src/main/java/org/apache/activemq/broker/region/Topic.java,595.0,39.0,844.0,48.0,246.0,148.0,5.0,rajdavies@apache.org,3,0.011583011583011582,5.0,2.0,5.0,1.0,1833.1656765676569,40152.483062072235,3,55,0.32304082059146033,true
activemq-core/src/main/java/org/apache/activemq/broker/region/TopicSubscription.java,448.0,24.0,623.0,43.0,170.0,117.0,4.0,null,1,0.003861003861003861,1.0,0.0,1.0,0.0,1008.0990099009902,26364.07806631123,1,32,0.7612849857271633,true
activemq-core/src/main/java/org/apache/activemq/broker/region/cursors/AbstractPendingMessageCursor.java,242.0,13.0,1218.0,52.0,19.0,100.0,0.0,rajdavies@apache.org,0,0.0,0.0,0.0,0.0,0.0,0.0,0.0,0,19,0.0,true
activemq-core/src/main/java/org/apache/activemq/broker/region/cursors/AbstractStoreCursor.java,235.0,8.0,209.0,30.0,78.0,77.0,5.0,gtully@apache.org,1,0.003861003861003861,2.0,2.0,2.0,0.0,638.6666666666666,13124.686613972894,1,23,1.5916332878005937,true
activemq-core/src/main/java/org/apache/activemq/broker/region/cursors/OrderedPendingList.java,120.0,8.0,0.0,16.0,40.0,45.0,5.0,tabish@apache.org,1,0.003861003861003861,20.0,20.0,20.0,0.0,1008.0990099009902,26364.07806631123,1,1,0.7612849857271633,true
activemq-core/src/main/java/org/apache/activemq/broker/region/cursors/StoreDurableSubscriberCursor.java,293.0,16.0,58.0,32.0,83.0,91.0,0.0,rajdavies@apache.org,0,0.0,0.0,0.0,0.0,0.0,0.0,0.0,0,20,0.0,true
activemq-core/src/main/java/org/apache/activemq/broker/region/cursors/StoreQueueCursor.java,247.0,7.0,0.0,27.0,51.0,63.0,0.0,rajdavies@apache.org,0,0.0,0.0,0.0,0.0,0.0,0.0,0.0,0,15,0.0,true
activemq-core/src/main/java/org/apache/activemq/broker/region/cursors/TopicStorePrefetch.java,76.0,9.0,7.0,10.0,17.0,27.0,0.0,rajdavies@apache.org,0,0.0,0.0,0.0,0.0,0.0,0.0,0.0,0,18,0.0,true
activemq-core/src/main/java/org/apache/activemq/broker/region/policy/DispatchPolicy.java,10.0,4.0,0.0,1.0,0.0,4.0,1.0,chirino@apache.org,1,0.003861003861003861,7.0,0.0,0.0,0.0,638.6666666666666,13124.686613972894,1,6,1.5916332878005937,true
activemq-core/src/main/java/org/apache/activemq/broker/region/policy/PolicyEntry.java,669.0,18.0,6160.0,113.0,143.0,190.0,15.0,rajdavies@apache.org,1,0.003861003861003861,1.0,0.0,1.0,1.0,638.6666666666666,13124.686613972894,1,33,1.5916332878005937,true
activemq-core/src/main/java/org/apache/activemq/broker/region/virtual/MirroredQueue.java,95.0,9.0,52.0,13.0,25.0,35.0,2.0,null,1,0.003861003861003861,11.0,0.0,11.0,0.0,1008.0990099009902,26364.07806631123,1,3,0.7612849857271633,true
activemq-core/src/main/java/org/apache/activemq/broker/region/virtual/SelectorAwareVirtualTopicInterceptor.java,82.0,17.0,21.0,7.0,27.0,26.0,7.0,rajdavies@apache.org,1,0.003861003861003861,25.0,0.0,25.0,0.0,186.4,663.7183817881073,1,0,2.1735548332503147,true
activemq-core/src/main/java/org/apache/activemq/broker/region/virtual/VirtualTopicInterceptor.java,33.0,7.0,0.0,3.0,8.0,8.0,7.0,chirino@apache.org,1,0.003861003861003861,10.0,0.0,10.0,0.0,186.4,663.7183817881073,1,2,2.1735548332503147,true
activemq-core/src/main/java/org/apache/activemq/broker/scheduler/JobSchedulerStore.java,260.0,28.0,188.0,24.0,46.0,62.0,0.0,chirino@apache.org,0,0.0,0.0,0.0,0.0,0.0,0.0,0.0,0,2,0.0,false
activemq-core/src/main/java/org/apache/activemq/broker/util/TraceBrokerPathPlugin.java,35.0,5.0,1.0,3.0,8.0,10.0,2.0,tabish@apache.org,1,0.003861003861003861,17.0,0.0,0.0,0.0,1008.0990099009902,26364.07806631123,1,2,0.7612849857271633,true
activemq-core/src/main/java/org/apache/activemq/command/MessageId.java,140.0,1.0,112.0,24.0,14.0,44.0,10.0,chirino@apache.org,1,0.003861003861003861,13.0,7.0,0.0,0.0,638.6666666666666,13124.686613972894,1,4,1.5916332878005937,true
activemq-core/src/main/java/org/apache/activemq/command/XATransactionId.java,157.0,6.0,123.0,23.0,24.0,61.0,11.0,chirino@apache.org,1,0.003861003861003861,15.0,8.0,8.0,0.0,638.6666666666666,13124.686613972894,1,4,1.5916332878005937,true
activemq-core/src/main/java/org/apache/activemq/filter/DestinationMap.java,182.0,7.0,106.0,17.0,45.0,54.0,0.0,chirino@apache.org,0,0.0,0.0,0.0,0.0,0.0,0.0,0.0,0,5,0.0,true
activemq-core/src/main/java/org/apache/activemq/jndi/ActiveMQWASInitialContextFactory.java,54.0,5.0,1.0,2.0,12.0,11.0,2.0,chirino@apache.org,1,0.003861003861003861,12.0,0.0,12.0,0.0,1008.0990099009902,26364.07806631123,1,2,0.7612849857271633,true
activemq-core/src/main/java/org/apache/activemq/network/DemandForwardingBridgeSupport.java,1109.0,44.0,2265.0,82.0,444.0,240.0,5.0,null,2,0.007722007722007722,2.0,1.0,2.0,0.0,1194.4990099009901,27027.79644809934,2,56,0.5955274332734009,true
activemq-core/src/main/java/org/apache/activemq/plugin/StatisticsBroker.java,184.0,28.0,26.0,8.0,97.0,22.0,2.0,rajdavies@apache.org,2,0.007722007722007722,29.0,14.0,0.0,0.0,1726.4386325424996,31142.114522030708,2,2,0.4833119562039331,false
activemq-core/src/main/java/org/apache/activemq/plugin/SubQueueSelectorCacheBroker.java,116.0,14.0,0.0,7.0,22.0,21.0,7.0,rajdavies@apache.org,1,0.003861003861003861,50.0,0.0,50.0,0.0,186.4,663.7183817881073,1,0,2.1735548332503147,true
activemq-core/src/main/java/org/apache/activemq/plugin/SubQueueSelectorCacheBrokerPlugin.java,20.0,3.0,0.0,3.0,0.0,6.0,7.0,rajdavies@apache.org,1,0.003861003861003861,50.0,0.0,50.0,0.0,186.4,663.7183817881073,1,0,2.1735548332503147,true
activemq-core/src/main/java/org/apache/activemq/security/DefaultAuthorizationMap.java,120.0,7.0,110.0,17.0,32.0,43.0,0.0,chirino@apache.org,0,0.0,0.0,0.0,0.0,0.0,0.0,0.0,0,7,0.0,false
activemq-core/src/main/java/org/apache/activemq/security/LDAPAuthorizationMap.java,370.0,22.0,1016.0,53.0,61.0,108.0,5.0,dejanb@apache.org,1,0.003861003861003861,7.0,0.0,0.0,0.0,718.3396226415094,4778.036455719478,1,6,1.5916332878005937,false
activemq-core/src/main/java/org/apache/activemq/spring/SpringSslContext.java,136.0,14.0,259.0,26.0,28.0,56.0,5.0,chirino@apache.org,1,0.003861003861003861,17.0,0.0,0.0,0.0,1008.0990099009902,26364.07806631123,1,1,0.7612849857271633,false
activemq-core/src/main/java/org/apache/activemq/store/AbstractMessageStore.java,66.0,10.0,104.0,16.0,7.0,34.0,0.0,rajdavies@apache.org,0,0.0,0.0,0.0,0.0,0.0,0.0,0.0,0,5,0.0,false
activemq-core/src/main/java/org/apache/activemq/store/MessageStore.java,126.0,9.0,210.0,21.0,0.0,53.0,0.0,chirino@apache.org,0,0.0,0.0,0.0,0.0,0.0,0.0,0.0,0,11,0.0,true
activemq-core/src/main/java/org/apache/activemq/store/ProxyMessageStore.java,81.0,8.0,0.0,25.0,23.0,52.0,0.0,chirino@apache.org,0,0.0,0.0,0.0,0.0,0.0,0.0,0.0,0,10,0.0,true
activemq-core/src/main/java/org/apache/activemq/store/ProxyTopicMessageStore.java,108.0,9.0,0.0,34.0,32.0,72.0,0.0,chirino@apache.org,0,0.0,0.0,0.0,0.0,0.0,0.0,0.0,0,12,0.0,true
activemq-core/src/main/java/org/apache/activemq/store/TopicMessageStore.java,78.0,6.0,36.0,9.0,0.0,29.0,20.0,chirino@apache.org,1,0.003861003861003861,6.0,6.0,0.0,0.0,638.6666666666666,13124.686613972894,1,6,1.5916332878005937,true
activemq-core/src/main/java/org/apache/activemq/store/jdbc/DefaultDatabaseLocker.java,177.0,9.0,36.0,12.0,31.0,32.0,7.0,null,1,0.003861003861003861,7.0,3.0,7.0,0.0,638.6666666666666,13124.686613972894,1,12,1.5916332878005937,true
activemq-core/src/main/java/org/apache/activemq/store/jdbc/JDBCAdapter.java,41.0,9.0,666.0,37.0,0.0,70.0,20.0,chirino@apache.org,1,0.003861003861003861,3.0,3.0,0.0,0.0,638.6666666666666,13124.686613972894,1,10,1.5916332878005937,true
activemq-core/src/main/java/org/apache/activemq/store/jdbc/JDBCMessageStore.java,279.0,17.0,7.0,19.0,116.0,69.0,20.0,null,1,0.003861003861003861,3.0,3.0,0.0,0.0,638.6666666666666,13124.686613972894,1,15,1.5916332878005937,true
activemq-core/src/main/java/org/apache/activemq/store/jdbc/JDBCPersistenceAdapter.java,726.0,37.0,3283.0,86.0,204.0,221.0,17.0,null,1,0.003861003861003861,3.0,3.0,1.0,0.0,638.6666666666666,13124.686613972894,1,28,1.5916332878005937,true
activemq-core/src/main/java/org/apache/activemq/store/jdbc/JDBCTopicMessageStore.java,335.0,25.0,115.0,18.0,102.0,67.0,20.0,chirino@apache.org,1,0.003861003861003861,2.0,2.0,0.0,0.0,638.6666666666666,13124.686613972894,1,18,1.5916332878005937,true
activemq-core/src/main/java/org/apache/activemq/store/jdbc/JdbcMemoryTransactionStore.java,227.0,26.0,592.0,37.0,96.0,86.0,10.0,chirino@apache.org,1,0.003861003861003861,75.0,50.0,50.0,0.0,638.6666666666666,13124.686613972894,1,0,1.5916332878005937,false
activemq-core/src/main/java/org/apache/activemq/store/jdbc/Statements.java,644.0,0.0,6873.0,119.0,67.0,230.0,17.0,null,1,0.003861003861003861,4.0,4.0,2.0,0.0,638.6666666666666,13124.686613972894,1,19,1.5916332878005937,true
activemq-core/src/main/java/org/apache/activemq/store/jdbc/adapter/BlobJDBCAdapter.java,90.0,13.0,6.0,4.0,52.0,13.0,20.0,chirino@apache.org,1,0.003861003861003861,6.0,6.0,0.0,0.0,638.6666666666666,13124.686613972894,1,5,1.5916332878005937,true
activemq-core/src/main/java/org/apache/activemq/store/jdbc/adapter/DefaultJDBCAdapter.java,984.0,26.0,0.0,45.0,509.0,172.0,7.0,null,1,0.003861003861003861,7.0,3.0,6.0,0.0,638.6666666666666,13124.686613972894,1,28,1.5916332878005937,true
activemq-core/src/main/java/org/apache/activemq/store/jdbc/adapter/OracleBlobJDBCAdapter.java,18.0,4.0,1.0,2.0,5.0,5.0,20.0,chirino@apache.org,1,0.003861003861003861,33.0,33.0,0.0,0.0,638.6666666666666,13124.686613972894,1,0,1.5916332878005937,false
activemq-core/src/main/java/org/apache/activemq/store/kahadaptor/KahaTransactionStore.java,175.0,22.0,226.0,24.0,65.0,60.0,0.0,chirino@apache.org,0,0.0,0.0,0.0,0.0,0.0,0.0,0.0,0,10,0.0,true
activemq-core/src/main/java/org/apache/activemq/store/kahadb/KahaDBStore.java,1080.0,54.0,1334.0,53.0,125.0,134.0,6.0,gtully@apache.org,1,0.003861003861003861,1.0,0.0,1.0,0.0,638.6666666666666,13124.686613972894,1,39,1.5916332878005937,true
activemq-core/src/main/java/org/apache/activemq/store/kahadb/KahaDBTransactionStore.java,404.0,35.0,741.0,43.0,134.0,132.0,0.0,gtully@apache.org,0,0.0,0.0,0.0,0.0,0.0,0.0,0.0,0,8,0.0,true
activemq-core/src/main/java/org/apache/activemq/store/kahadb/MessageDatabase.java,2288.0,77.0,10127.0,151.0,510.0,413.0,1.0,gtully@apache.org,1,0.003861003861003861,1.0,0.0,1.0,0.0,186.4,663.7183817881073,1,47,2.1735548332503147,true
activemq-core/src/main/java/org/apache/activemq/store/kahadb/MultiKahaDBPersistenceAdapter.java,328.0,34.0,630.0,45.0,122.0,124.0,2.0,tabish@apache.org,1,0.003861003861003861,38.0,0.0,25.0,12.0,1008.0990099009902,26364.07806631123,1,2,0.7612849857271633,false
activemq-core/src/main/java/org/apache/activemq/store/kahadb/MultiKahaDBTransactionStore.java,319.0,33.0,908.0,45.0,153.0,122.0,0.0,tabish@apache.org,0,0.0,0.0,0.0,0.0,0.0,0.0,0.0,0,1,0.0,false
activemq-core/src/main/java/org/apache/activemq/store/kahadb/TransactionIdTransformer.java,3.0,2.0,0.0,1.0,0.0,2.0,24.0,chirino@apache.org,1,0.003861003861003861,33.0,0.0,33.0,0.0,718.3396226415094,4778.036455719478,1,0,1.5916332878005937,false
activemq-core/src/main/java/org/apache/activemq/store/kahadb/plist/PListStore.java,335.0,29.0,674.0,40.0,62.0,89.0,0.0,gtully@apache.org,0,0.0,0.0,0.0,0.0,0.0,0.0,0.0,0,7,0.0,true
activemq-core/src/main/java/org/apache/activemq/store/leveldb/LevelDBPersistenceAdapter.java,6.0,1.0,0.0,0.0,0.0,0.0,0.0,rajdavies@apache.org,0,0.0,0.0,0.0,0.0,0.0,0.0,0.0,0,0,0.0,false
activemq-core/src/main/java/org/apache/activemq/store/memory/MemoryTransactionStore.java,283.0,20.0,683.0,39.0,72.0,96.0,7.0,chirino@apache.org,2,0.007722007722007722,14.0,5.0,0.0,5.0,1357.006289308176,17902.723069692373,2,10,0.9551191195057807,true
activemq-core/src/main/java/org/apache/activemq/thread/TaskRunnerFactory.java,112.0,8.0,77.0,22.0,18.0,38.0,0.0,chirino@apache.org,0,0.0,0.0,0.0,0.0,0.0,0.0,0.0,0,7,0.0,true
activemq-core/src/main/java/org/apache/activemq/transport/failover/FailoverTransport.java,1089.0,41.0,3253.0,90.0,266.0,238.0,0.0,null,0,0.0,0.0,0.0,0.0,0.0,0.0,0.0,0,61,0.0,true
activemq-core/src/main/java/org/apache/activemq/transport/mqtt/MQTTCodec.java,130.0,6.0,0.0,5.0,10.0,16.0,0.0,rajdavies@apache.org,0,0.0,0.0,0.0,0.0,0.0,0.0,0.0,0,0,0.0,false
activemq-core/src/main/java/org/apache/activemq/transport/mqtt/MQTTInactivityMonitor.java,211.0,18.0,210.0,24.0,58.0,54.0,0.0,rajdavies@apache.org,0,0.0,0.0,0.0,0.0,0.0,0.0,0.0,0,0,0.0,false
activemq-core/src/main/java/org/apache/activemq/transport/mqtt/MQTTNIOSSLTransport.java,22.0,9.0,4.0,4.0,6.0,10.0,0.0,rajdavies@apache.org,0,0.0,0.0,0.0,0.0,0.0,0.0,0.0,0,0,0.0,false
activemq-core/src/main/java/org/apache/activemq/transport/mqtt/MQTTNIOSSLTransportFactory.java,29.0,14.0,0.0,4.0,4.0,18.0,0.0,rajdavies@apache.org,0,0.0,0.0,0.0,0.0,0.0,0.0,0.0,0,0,0.0,false
activemq-core/src/main/java/org/apache/activemq/transport/mqtt/MQTTNIOTransport.java,80.0,18.0,0.0,8.0,26.0,23.0,0.0,tabish@apache.org,0,0.0,0.0,0.0,0.0,0.0,0.0,0.0,0,0,0.0,false
activemq-core/src/main/java/org/apache/activemq/transport/mqtt/MQTTNIOTransportFactory.java,42.0,19.0,26.0,8.0,6.0,25.0,0.0,rajdavies@apache.org,0,0.0,0.0,0.0,0.0,0.0,0.0,0.0,0,0,0.0,false
activemq-core/src/main/java/org/apache/activemq/transport/mqtt/MQTTProtocolConverter.java,529.0,24.0,247.0,31.0,256.0,103.0,2.0,rajdavies@apache.org,1,0.003861003861003861,14.0,0.0,14.0,0.0,186.4,663.7183817881073,1,0,2.1735548332503147,false
activemq-core/src/main/java/org/apache/activemq/transport/mqtt/MQTTProtocolException.java,21.0,1.0,4.0,5.0,1.0,6.0,0.0,rajdavies@apache.org,0,0.0,0.0,0.0,0.0,0.0,0.0,0.0,0,0,0.0,false
activemq-core/src/main/java/org/apache/activemq/transport/mqtt/MQTTSslTransportFactory.java,31.0,10.0,8.0,5.0,6.0,14.0,0.0,rajdavies@apache.org,0,0.0,0.0,0.0,0.0,0.0,0.0,0.0,0,0,0.0,false
activemq-core/src/main/java/org/apache/activemq/transport/mqtt/MQTTSubscription.java,36.0,10.0,11.0,7.0,3.0,14.0,0.0,rajdavies@apache.org,0,0.0,0.0,0.0,0.0,0.0,0.0,0.0,0,0,0.0,false
activemq-core/src/main/java/org/apache/activemq/transport/mqtt/MQTTTransport.java,12.0,4.0,21.0,7.0,0.0,10.0,0.0,rajdavies@apache.org,0,0.0,0.0,0.0,0.0,0.0,0.0,0.0,0,0,0.0,false
activemq-core/src/main/java/org/apache/activemq/transport/mqtt/MQTTTransportFactory.java,31.0,10.0,8.0,5.0,6.0,14.0,0.0,rajdavies@apache.org,0,0.0,0.0,0.0,0.0,0.0,0.0,0.0,0,0,0.0,false
activemq-core/src/main/java/org/apache/activemq/transport/mqtt/MQTTTransportFilter.java,85.0,14.0,30.0,12.0,13.0,26.0,0.0,rajdavies@apache.org,0,0.0,0.0,0.0,0.0,0.0,0.0,0.0,0,0,0.0,false
activemq-core/src/main/java/org/apache/activemq/transport/mqtt/MQTTWireFormat.java,79.0,11.0,13.0,6.0,9.0,22.0,0.0,tabish@apache.org,0,0.0,0.0,0.0,0.0,0.0,0.0,0.0,0,0,0.0,false
activemq-core/src/main/java/org/apache/activemq/transport/mqtt/MQTTWireFormatFactory.java,8.0,2.0,0.0,1.0,0.0,2.0,0.0,rajdavies@apache.org,0,0.0,0.0,0.0,0.0,0.0,0.0,0.0,0,0,0.0,false
activemq-core/src/main/java/org/apache/activemq/transport/mqtt/ResponseHandler.java,6.0,2.0,0.0,1.0,0.0,2.0,0.0,rajdavies@apache.org,0,0.0,0.0,0.0,0.0,0.0,0.0,0.0,0,0,0.0,false
activemq-core/src/main/java/org/apache/activemq/transport/nio/NIOSSLTransport.java,213.0,16.0,117.0,18.0,72.0,53.0,1.0,tabish@apache.org,1,0.003861003861003861,8.0,0.0,0.0,0.0,718.3396226415094,4778.036455719478,1,0,1.5916332878005937,true
activemq-core/src/main/java/org/apache/activemq/transport/nio/SelectorManager.java,77.0,9.0,58.0,13.0,9.0,24.0,0.0,chirino@apache.org,0,0.0,0.0,0.0,0.0,0.0,0.0,0.0,0,5,0.0,false
activemq-core/src/main/java/org/apache/activemq/transport/stomp/LegacyFrameTranslator.java,178.0,16.0,10.0,5.0,50.0,26.0,1.0,chirino@apache.org,1,0.003861003861003861,5.0,5.0,5.0,0.0,1008.0990099009902,26364.07806631123,1,10,0.7612849857271633,true
activemq-core/src/main/java/org/apache/activemq/transport/stomp/StompWireFormat.java,231.0,13.0,95.0,15.0,60.0,69.0,3.0,chirino@apache.org,1,0.003861003861003861,7.0,4.0,7.0,0.0,1008.0990099009902,26364.07806631123,1,11,0.7612849857271633,true
activemq-core/src/main/java/org/apache/activemq/xbean/XBeanBrokerFactory.java,62.0,24.0,8.0,5.0,17.0,16.0,0.0,chirino@apache.org,0,0.0,0.0,0.0,0.0,0.0,0.0,0.0,0,7,0.0,true
activemq-core/src/test/java/org/apache/activemq/JmsSendWithAsyncCallbackTest.java,73.0,3.0,8.0,8.0,34.0,19.0,0.0,tabish@apache.org,0,0.0,0.0,0.0,0.0,0.0,0.0,0.0,0,1,0.0,false
activemq-core/src/test/java/org/apache/activemq/OnePrefetchAsyncConsumerTest.java,135.0,20.0,9.0,6.0,23.0,16.0,0.0,tabish@apache.org,0,0.0,0.0,0.0,0.0,0.0,0.0,0.0,0,2,0.0,false
activemq-core/src/test/java/org/apache/activemq/OptimizedAckTest.java,85.0,9.0,0.0,8.0,60.0,32.0,0.0,tabish@apache.org,0,0.0,0.0,0.0,0.0,0.0,0.0,0.0,0,0,0.0,true
activemq-core/src/test/java/org/apache/activemq/ReconnectWithSameClientIDTest.java,69.0,12.0,20.0,8.0,27.0,20.0,0.0,chirino@apache.org,0,0.0,0.0,0.0,0.0,0.0,0.0,0.0,0,5,0.0,true
activemq-core/src/test/java/org/apache/activemq/broker/JdbcXARecoveryBrokerTest.java,47.0,6.0,16.0,8.0,17.0,15.0,20.0,tabish@apache.org,1,0.003861003861003861,50.0,50.0,0.0,0.0,638.6666666666666,13124.686613972894,1,0,1.5916332878005937,false
activemq-core/src/test/java/org/apache/activemq/broker/QueueMbeanRestartTest.java,55.0,9.0,22.0,9.0,31.0,22.0,1.0,tabish@apache.org,1,0.003861003861003861,20.0,0.0,0.0,0.0,1008.0990099009902,26364.07806631123,1,0,0.7612849857271633,true
activemq-core/src/test/java/org/apache/activemq/broker/XARecoveryBrokerTest.java,649.0,28.0,247.0,23.0,308.0,61.0,8.0,gtully@apache.org,1,0.003861003861003861,17.0,9.0,9.0,0.0,638.6666666666666,13124.686613972894,1,5,1.5916332878005937,true
activemq-core/src/test/java/org/apache/activemq/broker/ft/QueueMasterSlaveTest.java,82.0,15.0,27.0,10.0,38.0,24.0,1.0,null,1,0.003861003861003861,5.0,0.0,0.0,0.0,1008.0990099009902,26364.07806631123,1,12,0.7612849857271633,true
activemq-core/src/test/java/org/apache/activemq/broker/jmx/MBeanTest.java,784.0,38.0,0.0,35.0,384.0,109.0,5.0,null,2,0.007722007722007722,4.0,0.0,2.0,0.0,1726.4386325424996,31142.114522030708,2,20,0.4833119562039331,true
activemq-core/src/test/java/org/apache/activemq/broker/region/cursors/OrderPendingListTest.java,273.0,13.0,36.0,9.0,77.0,22.0,5.0,tabish@apache.org,1,0.003861003861003861,50.0,50.0,50.0,0.0,1008.0990099009902,26364.07806631123,1,0,0.7612849857271633,false
activemq-core/src/test/java/org/apache/activemq/broker/region/cursors/PrioritizedPendingListTest.java,185.0,12.0,21.0,7.0,57.0,11.0,5.0,tabish@apache.org,1,0.003861003861003861,50.0,50.0,50.0,0.0,1008.0990099009902,26364.07806631123,1,0,0.7612849857271633,false
activemq-core/src/test/java/org/apache/activemq/broker/scheduler/JobSchedulerStoreTest.java,35.0,6.0,0.0,1.0,15.0,3.0,1.0,rajdavies@apache.org,1,0.003861003861003861,14.0,0.0,14.0,0.0,718.3396226415094,4778.036455719478,1,1,1.5916332878005937,false
activemq-core/src/test/java/org/apache/activemq/broker/scheduler/JobSchedulerTest.java,170.0,12.0,26.0,16.0,79.0,39.0,1.0,tabish@apache.org,1,0.003861003861003861,9.0,0.0,9.0,0.0,1008.0990099009902,26364.07806631123,1,3,0.7612849857271633,false
activemq-core/src/test/java/org/apache/activemq/broker/util/TraceBrokerPathPluginTest.java,68.0,14.0,0.0,3.0,26.0,7.0,2.0,tabish@apache.org,1,0.003861003861003861,50.0,0.0,0.0,0.0,1008.0990099009902,26364.07806631123,1,0,0.7612849857271633,true
activemq-core/src/test/java/org/apache/activemq/broker/virtual/MirroredQueueCorrectMemoryUsageTest.java,85.0,27.0,8.0,5.0,34.0,13.0,2.0,tabish@apache.org,1,0.003861003861003861,50.0,0.0,50.0,0.0,1008.0990099009902,26364.07806631123,1,0,0.7612849857271633,true
activemq-core/src/test/java/org/apache/activemq/broker/virtual/VirtualTopicDisconnectSelectorTest.java,99.0,18.0,32.0,9.0,39.0,27.0,7.0,tabish@apache.org,1,0.003861003861003861,33.0,0.0,33.0,0.0,186.4,663.7183817881073,1,0,2.1735548332503147,true
activemq-core/src/test/java/org/apache/activemq/bugs/AMQ2571Test.java,56.0,10.0,6.0,4.0,21.0,11.0,2.0,tabish@apache.org,1,0.003861003861003861,25.0,0.0,0.0,0.0,638.6666666666666,13124.686613972894,1,1,1.5916332878005937,false
activemq-core/src/test/java/org/apache/activemq/bugs/AMQ2580Test.java,123.0,16.0,46.0,17.0,61.0,38.0,0.0,tabish@apache.org,0,0.0,0.0,0.0,0.0,0.0,0.0,0.0,0,2,0.0,true
activemq-core/src/test/java/org/apache/activemq/bugs/AMQ2902Test.java,42.0,14.0,4.0,5.0,21.0,13.0,0.0,gtully@apache.org,0,0.0,0.0,0.0,0.0,0.0,0.0,0.0,0,2,0.0,true
activemq-core/src/test/java/org/apache/activemq/bugs/AMQ3274Test.java,523.0,23.0,32.0,17.0,93.0,48.0,9.0,tabish@apache.org,3,0.011583011583011582,75.0,0.0,75.0,0.0,1912.8386325424995,31805.832903818817,3,0,0.41021208025791434,true
activemq-core/src/test/java/org/apache/activemq/bugs/AMQ3678Test.java,121.0,22.0,5.0,7.0,61.0,25.0,2.0,tabish@apache.org,1,0.003861003861003861,50.0,0.0,50.0,0.0,186.4,663.7183817881073,1,0,2.1735548332503147,false
activemq-core/src/test/java/org/apache/activemq/bugs/AMQ3732Test.java,111.0,19.0,0.0,7.0,54.0,26.0,0.0,tabish@apache.org,0,0.0,0.0,0.0,0.0,0.0,0.0,0.0,0,2,0.0,true
activemq-core/src/test/java/org/apache/activemq/bugs/AMQ3841Test.java,60.0,16.0,0.0,7.0,29.0,23.0,1.0,tabish@apache.org,1,0.003861003861003861,67.0,0.0,33.0,33.0,1008.0990099009902,26364.07806631123,1,0,0.7612849857271633,false
activemq-core/src/test/java/org/apache/activemq/bugs/DurableConsumerTest.java,338.0,42.0,122.0,20.0,130.0,62.0,0.0,null,0,0.0,0.0,0.0,0.0,0.0,0.0,0.0,0,11,0.0,true
activemq-core/src/test/java/org/apache/activemq/bugs/MemoryUsageCleanupTest.java,173.0,27.0,23.0,11.0,80.0,38.0,0.0,tabish@apache.org,0,0.0,0.0,0.0,0.0,0.0,0.0,0.0,0,1,0.0,false
activemq-core/src/test/java/org/apache/activemq/bugs/TempStoreDataCleanupTest.java,175.0,29.0,31.0,11.0,87.0,38.0,0.0,tabish@apache.org,0,0.0,0.0,0.0,0.0,0.0,0.0,0.0,0,1,0.0,false
activemq-core/src/test/java/org/apache/activemq/config/ConfigTest.java,310.0,45.0,38.0,13.0,146.0,41.0,4.0,chirino@apache.org,2,0.007722007722007722,9.0,0.0,9.0,0.0,1194.4990099009901,27027.79644809934,2,10,0.7742727289287937,true
activemq-core/src/test/java/org/apache/activemq/jndi/ActiveMQWASInitialContextFactoryTest.java,14.0,2.0,0.0,1.0,6.0,2.0,2.0,davsclaus@apache.org,1,0.003861003861003861,33.0,0.0,33.0,0.0,1008.0990099009902,26364.07806631123,1,0,0.7612849857271633,true
activemq-core/src/test/java/org/apache/activemq/network/DuplexNetworkTest.java,21.0,5.0,3.0,3.0,11.0,7.0,0.0,null,0,0.0,0.0,0.0,0.0,0.0,0.0,0.0,0,5,0.0,false
activemq-core/src/test/java/org/apache/activemq/network/NetworkFailoverTest.java,106.0,24.0,49.0,11.0,44.0,27.0,0.0,rajdavies@apache.org,0,0.0,0.0,0.0,0.0,0.0,0.0,0.0,0,1,0.0,false
activemq-core/src/test/java/org/apache/activemq/network/SimpleNetworkTest.java,198.0,23.0,92.0,17.0,103.0,50.0,1.0,null,1,0.003861003861003861,7.0,3.0,0.0,0.0,1008.0990099009902,26364.07806631123,1,12,0.7612849857271633,true
activemq-core/src/test/java/org/apache/activemq/plugin/BrokerStatisticsPluginTest.java,80.0,16.0,1.0,7.0,53.0,17.0,2.0,tabish@apache.org,2,0.007722007722007722,40.0,20.0,0.0,0.0,1726.4386325424996,31142.114522030708,2,1,0.4833119562039331,false
activemq-core/src/test/java/org/apache/activemq/security/AuthorizationMapTest.java,88.0,7.0,4.0,5.0,34.0,9.0,0.0,chirino@apache.org,0,0.0,0.0,0.0,0.0,0.0,0.0,0.0,0,5,0.0,false
activemq-core/src/test/java/org/apache/activemq/security/CachedLDAPSecurityTest.java,65.0,16.0,13.0,6.0,41.0,15.0,30.0,tabish@apache.org,1,0.003861003861003861,25.0,0.0,0.0,0.0,718.3396226415094,4778.036455719478,1,1,1.5916332878005937,false
activemq-core/src/test/java/org/apache/activemq/security/LDAPAuthorizationMapTest.java,74.0,25.0,0.0,8.0,42.0,12.0,30.0,chirino@apache.org,1,0.003861003861003861,8.0,0.0,0.0,0.0,718.3396226415094,4778.036455719478,1,6,1.5916332878005937,false
activemq-core/src/test/java/org/apache/activemq/security/LDAPSecurityTest.java,65.0,17.0,13.0,6.0,41.0,15.0,30.0,dejanb@apache.org,1,0.003861003861003861,17.0,0.0,0.0,0.0,718.3396226415094,4778.036455719478,1,2,1.5916332878005937,false
activemq-core/src/test/java/org/apache/activemq/security/SecurityTestSupport.java,196.0,13.0,208.0,21.0,55.0,43.0,0.0,chirino@apache.org,0,0.0,0.0,0.0,0.0,0.0,0.0,0.0,0,6,0.0,true
activemq-core/src/test/java/org/apache/activemq/security/SimpleSecurityBrokerSystemTest.java,87.0,18.0,10.0,5.0,8.0,9.0,0.0,chirino@apache.org,0,0.0,0.0,0.0,0.0,0.0,0.0,0.0,0,7,0.0,true
activemq-core/src/test/java/org/apache/activemq/security/XBeanSslContextTest.java,9.0,5.0,0.0,2.0,2.0,5.0,5.0,tabish@apache.org,1,0.003861003861003861,50.0,0.0,0.0,0.0,1008.0990099009902,26364.07806631123,1,0,0.7612849857271633,false
activemq-core/src/test/java/org/apache/activemq/spring/ConsumerBean.java,119.0,7.0,4.0,12.0,23.0,28.0,7.0,chirino@apache.org,1,0.003861003861003861,6.0,0.0,6.0,0.0,186.4,663.7183817881073,1,7,2.1735548332503147,true
activemq-core/src/test/java/org/apache/activemq/store/MessagePriorityTest.java,401.0,24.0,52.0,20.0,151.0,51.0,0.0,gtully@apache.org,0,0.0,0.0,0.0,0.0,0.0,0.0,0.0,0,6,0.0,true
activemq-core/src/test/java/org/apache/activemq/store/kahadb/plist/PListTest.java,451.0,20.0,56.0,20.0,148.0,58.0,0.0,gtully@apache.org,0,0.0,0.0,0.0,0.0,0.0,0.0,0.0,0,7,0.0,true
activemq-core/src/test/java/org/apache/activemq/store/leveldb/LevelDBConfigTest.java,58.0,11.0,6.0,4.0,31.0,12.0,1.0,tabish@apache.org,1,0.003861003861003861,33.0,0.0,33.0,0.0,1008.0990099009902,26364.07806631123,1,0,0.7612849857271633,false
activemq-core/src/test/java/org/apache/activemq/store/leveldb/LevelDBStoreBrokerTest.java,32.0,7.0,10.0,5.0,10.0,11.0,0.0,tabish@apache.org,0,0.0,0.0,0.0,0.0,0.0,0.0,0.0,0,0,0.0,false
activemq-core/src/test/java/org/apache/activemq/transport/SoWriteTimeoutTest.java,95.0,21.0,15.0,7.0,56.0,18.0,5.0,gtully@apache.org,1,0.003861003861003861,9.0,9.0,9.0,0.0,1008.0990099009902,26364.07806631123,1,0,0.7612849857271633,false
activemq-core/src/test/java/org/apache/activemq/transport/discovery/DiscoveryTransportNoBrokerTest.java,113.0,15.0,22.0,8.0,59.0,22.0,1.0,gtully@apache.org,1,0.003861003861003861,7.0,7.0,0.0,0.0,1008.0990099009902,26364.07806631123,1,4,0.7612849857271633,true
activemq-core/src/test/java/org/apache/activemq/transport/failover/ConnectionHangOnStartupTest.java,59.0,11.0,22.0,8.0,28.0,19.0,0.0,tabish@apache.org,0,0.0,0.0,0.0,0.0,0.0,0.0,0.0,0,1,0.0,false
activemq-core/src/test/java/org/apache/activemq/transport/failover/InitalReconnectDelayTest.java,63.0,14.0,7.0,6.0,20.0,15.0,12.0,tabish@apache.org,2,0.007722007722007722,50.0,0.0,50.0,0.0,1726.4386325424996,31142.114522030708,2,1,0.4833119562039331,true
activemq-core/src/test/java/org/apache/activemq/transport/mqtt/MQTTSSLTest.java,31.0,9.0,3.0,3.0,6.0,7.0,1.0,rajdavies@apache.org,1,0.003861003861003861,33.0,0.0,0.0,0.0,638.6666666666666,13124.686613972894,1,0,1.5916332878005937,false
activemq-core/src/test/java/org/apache/activemq/transport/mqtt/MQTTTest.java,190.0,25.0,0.0,12.0,119.0,38.0,1.0,rajdavies@apache.org,2,0.007722007722007722,33.0,17.0,17.0,0.0,825.0666666666666,13788.404995761,2,0,1.4657393022690763,true
activemq-core/src/test/java/org/apache/activemq/transport/mqtt/MTQQNioTest.java,5.0,1.0,0.0,1.0,1.0,2.0,0.0,rajdavies@apache.org,0,0.0,0.0,0.0,0.0,0.0,0.0,0.0,0,0,0.0,false
activemq-core/src/test/java/org/apache/activemq/transport/stomp/Stomp11Test.java,409.0,21.0,0.0,26.0,203.0,59.0,3.0,tabish@apache.org,1,0.003861003861003861,27.0,13.0,27.0,0.0,1008.0990099009902,26364.07806631123,1,2,0.7612849857271633,true
activemq-core/src/test/java/org/apache/activemq/transport/stomp/StompLoadTest.java,143.0,24.0,13.0,11.0,70.0,39.0,3.0,tabish@apache.org,1,0.003861003861003861,33.0,17.0,0.0,17.0,1008.0990099009902,26364.07806631123,1,0,0.7612849857271633,true
activemq-core/src/test/java/org/apache/activemq/transport/stomp/StompNIOLoadTest.java,10.0,2.0,1.0,2.0,0.0,5.0,4.0,tabish@apache.org,1,0.003861003861003861,50.0,50.0,0.0,0.0,1008.0990099009902,26364.07806631123,1,0,0.7612849857271633,false
activemq-core/src/test/java/org/apache/activemq/transport/stomp/StompNIOSSLLoadTest.java,20.0,7.0,3.0,3.0,4.0,8.0,4.0,tabish@apache.org,1,0.003861003861003861,50.0,50.0,0.0,0.0,1008.0990099009902,26364.07806631123,1,0,0.7612849857271633,false
activemq-core/src/test/java/org/apache/activemq/transport/stomp/StompSSLLoadTest.java,20.0,7.0,3.0,3.0,4.0,8.0,4.0,tabish@apache.org,1,0.003861003861003861,50.0,50.0,0.0,0.0,1008.0990099009902,26364.07806631123,1,0,0.7612849857271633,false
activemq-core/src/test/java/org/apache/activemq/transport/stomp/StompTest.java,1384.0,35.0,0.0,87.0,774.0,236.0,2.0,null,1,0.003861003861003861,7.0,3.0,4.0,1.0,1008.0990099009902,26364.07806631123,1,37,0.7612849857271633,true
activemq-core/src/test/java/org/apache/activemq/transport/vm/VmTransportNetworkBrokerTest.java,68.0,15.0,0.0,2.0,29.0,8.0,0.0,gtully@apache.org,0,0.0,0.0,0.0,0.0,0.0,0.0,0.0,0,1,0.0,true
activemq-core/src/test/java/org/apache/activemq/usecases/ClientRebalanceTest.java,42.0,10.0,1.0,2.0,19.0,5.0,0.0,tabish@apache.org,0,0.0,0.0,0.0,0.0,0.0,0.0,0.0,0,2,0.0,false
activemq-core/src/test/java/org/apache/activemq/usecases/DurableSubDelayedUnsubscribeTest.java,190.0,29.0,35.0,10.0,42.0,30.0,1.0,tabish@apache.org,1,0.003861003861003861,33.0,33.0,0.0,0.0,1008.0990099009902,26364.07806631123,1,0,0.7612849857271633,false
activemq-core/src/test/java/org/apache/activemq/usecases/DurableSubProcessConcurrentCommitActivateNoDuplicateTest.java,199.0,37.0,20.0,8.0,28.0,23.0,5.0,tabish@apache.org,1,0.003861003861003861,25.0,25.0,25.0,0.0,638.6666666666666,13124.686613972894,1,1,1.5916332878005937,false
activemq-core/src/test/java/org/apache/activemq/usecases/DurableSubProcessMultiRestartTest.java,245.0,24.0,54.0,12.0,57.0,37.0,0.0,tabish@apache.org,0,0.0,0.0,0.0,0.0,0.0,0.0,0.0,0,0,0.0,false
activemq-core/src/test/java/org/apache/activemq/usecases/DurableSubSelectorDelayTest.java,186.0,21.0,30.0,9.0,43.0,30.0,0.0,tabish@apache.org,0,0.0,0.0,0.0,0.0,0.0,0.0,0.0,0,1,0.0,false
activemq-core/src/test/java/org/apache/activemq/usecases/DurableSubSelectorDelayWithRestartTest.java,207.0,21.0,30.0,9.0,46.0,30.0,0.0,tabish@apache.org,0,0.0,0.0,0.0,0.0,0.0,0.0,0.0,0,0,0.0,false
activemq-core/src/test/java/org/apache/activemq/usecases/DurableSubscriberNonPersistentMessageTest.java,211.0,29.0,16.0,9.0,36.0,29.0,5.0,tabish@apache.org,1,0.003861003861003861,25.0,25.0,25.0,0.0,1008.0990099009902,26364.07806631123,1,0,0.7612849857271633,false
activemq-core/src/test/java/org/apache/activemq/usecases/DurableSubscriberWithNetworkDisconnectTest.java,170.0,23.0,21.0,10.0,46.0,30.0,0.0,tabish@apache.org,0,0.0,0.0,0.0,0.0,0.0,0.0,0.0,0,2,0.0,false
activemq-core/src/test/java/org/apache/activemq/usecases/DurableSubscriptionOfflineTest.java,1210.0,30.0,374.0,44.0,356.0,138.0,3.0,gtully@apache.org,1,0.003861003861003861,6.0,3.0,3.0,0.0,638.6666666666666,13124.686613972894,1,15,1.5916332878005937,true
activemq-core/src/test/java/org/apache/activemq/usecases/DurableSubscriptionSelectorTest.java,112.0,17.0,77.0,15.0,44.0,43.0,1.0,gtully@apache.org,1,0.003861003861003861,11.0,11.0,0.0,0.0,638.6666666666666,13124.686613972894,1,2,1.5916332878005937,true
activemq-core/src/test/java/org/apache/activemq/usecases/ExpiredMessagesWithNoConsumerTest.java,441.0,29.0,616.0,41.0,241.0,145.0,1.0,gtully@apache.org,1,0.003861003861003861,4.0,0.0,0.0,0.0,718.3396226415094,4778.036455719478,1,6,1.5916332878005937,true
activemq-core/src/test/java/org/apache/activemq/usecases/JMXRemoveQueueThenSendIgnoredTest.java,87.0,25.0,0.0,8.0,49.0,20.0,0.0,tabish@apache.org,0,0.0,0.0,0.0,0.0,0.0,0.0,0.0,0,3,0.0,false
activemq-core/src/test/java/org/apache/activemq/usecases/ThreeBrokerStompTemporaryQueueTest.java,109.0,15.0,21.0,7.0,43.0,22.0,5.0,tabish@apache.org,1,0.003861003861003861,20.0,20.0,20.0,0.0,1008.0990099009902,26364.07806631123,1,0,0.7612849857271633,false
activemq-core/src/test/java/org/apache/activemq/usecases/TopicSubscriptionSlowConsumerTest.java,60.0,13.0,0.0,4.0,24.0,10.0,24.0,tabish@apache.org,1,0.003861003861003861,33.0,0.0,33.0,0.0,718.3396226415094,4778.036455719478,1,1,1.5916332878005937,true
activemq-core/src/test/java/org/apache/activemq/usecases/TwoBrokerQueueClientsReconnectTest.java,343.0,27.0,24.0,29.0,195.0,93.0,0.0,chirino@apache.org,0,0.0,0.0,0.0,0.0,0.0,0.0,0.0,0,11,0.0,true
activemq-jmdns_1.0/src/main/java/org/apache/activemq/jmdns/JmDNS.java,1690.0,7.0,666.0,45.0,247.0,164.0,2.0,chirino@apache.org,2,0.007722007722007722,33.0,17.0,17.0,0.0,186.4,677.6384623702793,2,0,2.606053551993617,true
activemq-optional/src/main/java/org/apache/activemq/transport/https/HttpsTransportFactory.java,23.0,14.0,3.0,3.0,7.0,11.0,5.0,chirino@apache.org,1,0.003861003861003861,7.0,0.0,0.0,0.0,1008.0990099009902,26364.07806631123,1,5,0.7612849857271633,true
activemq-optional/src/main/java/org/apache/activemq/transport/https/HttpsTransportServer.java,115.0,5.0,134.0,20.0,12.0,37.0,5.0,chirino@apache.org,2,0.007722007722007722,12.0,0.0,6.0,6.0,1726.4386325424996,31142.114522030708,2,4,0.4833119562039331,true
activemq-optional/src/test/java/org/apache/activemq/transport/https/HttpsJmsSendAndReceiveConfigurationSslConfigTest.java,31.0,4.0,1.0,3.0,8.0,8.0,5.0,davsclaus@apache.org,1,0.003861003861003861,33.0,0.0,0.0,0.0,1008.0990099009902,26364.07806631123,1,0,0.7612849857271633,true
activemq-optional/src/test/java/org/apache/activemq/transport/https/HttpsJmsSendAndReceiveEmbeddedSslConfigTest.java,44.0,4.0,0.0,3.0,15.0,8.0,5.0,davsclaus@apache.org,1,0.003861003861003861,33.0,0.0,0.0,0.0,1008.0990099009902,26364.07806631123,1,0,0.7612849857271633,true
activemq-optional/src/test/java/org/apache/activemq/transport/ws/WSTransportTest.java,117.0,25.0,78.0,16.0,45.0,51.0,3.0,dejanb@apache.org,1,0.003861003861003861,14.0,14.0,0.0,0.0,1008.0990099009902,26364.07806631123,1,0,0.7612849857271633,false
activemq-pool/src/main/java/org/apache/activemq/pool/ConnectionPool.java,168.0,10.0,118.0,20.0,30.0,42.0,0.0,tabish@apache.org,0,0.0,0.0,0.0,0.0,0.0,0.0,0.0,0,5,0.0,true
activemq-pool/src/main/java/org/apache/activemq/pool/PooledConnection.java,124.0,24.0,232.0,25.0,45.0,65.0,0.0,tabish@apache.org,0,0.0,0.0,0.0,0.0,0.0,0.0,0.0,0,3,0.0,true
activemq-pool/src/main/java/org/apache/activemq/pool/PooledSession.java,255.0,35.0,1312.0,53.0,105.0,148.0,0.0,null,0,0.0,0.0,0.0,0.0,0.0,0.0,0.0,0,5,0.0,true
activemq-pool/src/main/java/org/apache/activemq/pool/PooledSessionEventListener.java,12.0,2.0,1.0,2.0,0.0,2.0,0.0,gary.tully@gmail.com,0,0.0,0.0,0.0,0.0,0.0,0.0,0.0,0,1,0.0,true
activemq-pool/src/main/java/org/apache/activemq/pool/XaConnectionPool.java,65.0,9.0,1.0,3.0,10.0,11.0,3.0,null,1,0.003861003861003861,11.0,0.0,0.0,0.0,718.3396226415094,4778.036455719478,1,1,1.5916332878005937,false
activemq-pool/src/test/java/org/apache/activemq/pool/PooledConnectionFactoryMaximumActiveTest.java,44.0,14.0,4.0,4.0,13.0,8.0,24.0,tabish@apache.org,1,0.003861003861003861,20.0,0.0,20.0,0.0,718.3396226415094,4778.036455719478,1,1,1.5916332878005937,true
activemq-pool/src/test/java/org/apache/activemq/pool/PooledConnectionFactoryTest.java,32.0,13.0,3.0,3.0,9.0,8.0,24.0,tabish@apache.org,1,0.003861003861003861,12.0,0.0,12.0,0.0,718.3396226415094,4778.036455719478,1,1,1.5916332878005937,true
activemq-pool/src/test/java/org/apache/activemq/pool/PooledConnectionTempDestCleanupTest.java,114.0,14.0,0.0,7.0,32.0,20.0,0.0,gary.tully@gmail.com,0,0.0,0.0,0.0,0.0,0.0,0.0,0.0,0,1,0.0,true
activemq-pool/src/test/java/org/apache/activemq/pool/PooledConnectionTest.java,59.0,7.0,0.0,4.0,13.0,10.0,12.0,null,2,0.007722007722007722,40.0,0.0,20.0,0.0,1357.006289308176,17902.723069692373,2,1,0.8984861072406484,true
activemq-ra/src/main/java/org/apache/activemq/ra/ActiveMQEndpointWorker.java,226.0,21.0,14.0,16.0,99.0,49.0,0.0,null,0,0.0,0.0,0.0,0.0,0.0,0.0,0.0,0,9,0.0,true
activemq-web-demo/src/test/java/org/apache/activemq/web/AjaxTest.java,370.0,15.0,0.0,10.0,131.0,28.0,1.0,tabish@apache.org,1,0.003861003861003861,8.0,0.0,8.0,0.0,1008.0990099009902,26364.07806631123,1,4,0.7612849857271633,true
activemq-web-demo/src/test/java/org/apache/activemq/web/RestTest.java,122.0,10.0,1.0,7.0,80.0,15.0,2.0,dejanb@apache.org,2,0.007722007722007722,20.0,7.0,7.0,0.0,1726.4386325424996,31142.114522030708,2,1,0.40155358479016057,true
activemq-web/src/main/java/org/apache/activemq/web/MessageListenerServlet.java,354.0,26.0,6.0,8.0,102.0,36.0,1.0,null,1,0.003861003861003861,3.0,0.0,3.0,0.0,1008.0990099009902,26364.07806631123,1,10,0.7612849857271633,true
activemq-web/src/main/java/org/apache/activemq/web/MessageServlet.java,253.0,22.0,50.0,12.0,86.0,45.0,2.0,null,1,0.003861003861003861,6.0,3.0,3.0,0.0,1008.0990099009902,26364.07806631123,1,4,0.7612849857271633,true
activemq-xmpp/src/test/java/org/apache/activemq/transport/xmpp/XmppTest.java,251.0,17.0,230.0,24.0,78.0,62.0,0.0,chirino@apache.org,0,0.0,0.0,0.0,0.0,0.0,0.0,0.0,0,4,0.0,true
kahadb/src/main/java/org/apache/kahadb/index/ListIndex.java,272.0,13.0,629.0,39.0,106.0,103.0,0.0,tabish@apache.org,0,0.0,0.0,0.0,0.0,0.0,0.0,0.0,0,4,0.0,true
kahadb/src/main/java/org/apache/kahadb/index/ListNode.java,376.0,12.0,118.0,28.0,53.0,77.0,2.0,tabish@apache.org,1,0.003861003861003861,8.0,8.0,8.0,8.0,1008.0990099009902,26364.07806631123,1,4,0.7612849857271633,true
kahadb/src/main/java/org/apache/kahadb/journal/FileAppender.java,7.0,2.0,3.0,3.0,0.0,6.0,24.0,chirino@apache.org,1,0.003861003861003861,25.0,0.0,25.0,0.0,718.3396226415094,4778.036455719478,1,1,1.5916332878005937,false
kahadb/src/main/java/org/apache/kahadb/util/LockFile.java,104.0,6.0,0.0,5.0,24.0,18.0,1.0,gtully@apache.org,1,0.003861003861003861,9.0,0.0,0.0,0.0,186.4,663.7183817881073,1,4,2.1735548332503147,true
kahadb/src/test/java/org/apache/kahadb/index/BTreeIndexTest.java,378.0,21.0,134.0,17.0,171.0,53.0,0.0,gtully@apache.org,0,0.0,0.0,0.0,0.0,0.0,0.0,0.0,0,2,0.0,true
kahadb/src/test/java/org/apache/kahadb/index/ListIndexTest.java,489.0,20.0,131.0,18.0,218.0,55.0,2.0,tabish@apache.org,1,0.003861003861003861,11.0,11.0,11.0,11.0,1008.0990099009902,26364.07806631123,1,2,0.7612849857271633,true
