name,LOC,CBO,LCOM,NOM,RFC,WMC,ACS,Ownership,numOfChanges,numberOfFIChanges,ENH,NF,BugFixing,REF,structuralWorkloadSum,semanticWorkloadSum,numberOfDeveloper,pastFaults,MAF,isBuggy
activemq-amqp/src/main/java/org/apache/activemq/transport/amqp/AmqpNioSslTransport.java,17.0,8.0,6.0,4.0,5.0,10.0,34.0,tabish121@gmail.com,1,0.0014367816091954023,11.0,11.0,11.0,11.0,1135.7478991596638,37777.795679019386,1,0,2.3264363088162257,true
activemq-amqp/src/main/java/org/apache/activemq/transport/amqp/AmqpProtocolConverter.java,839.0,85.0,279.0,31.0,194.0,97.0,16.0,null,3,0.004310344827586207,4.0,1.0,4.0,2.0,3722.949762513701,63486.372508208166,3,15,1.2406000680213027,true
activemq-amqp/src/main/java/org/apache/activemq/transport/amqp/AmqpTransportFilter.java,99.0,13.0,57.0,14.0,17.0,28.0,51.0,chirino@apache.org,2,0.0028735632183908046,9.0,4.0,4.0,4.0,2687.819327731092,54820.24380848308,2,2,1.4481022341078331,false
activemq-amqp/src/test/java/org/apache/activemq/transport/amqp/AMQ4563Test.java,180.0,22.0,76.0,13.0,109.0,34.0,96.0,tabish121@gmail.com,1,0.0014367816091954023,12.0,0.0,0.0,12.0,1135.7478991596638,37777.795679019386,1,2,2.3264363088162257,false
activemq-amqp/src/test/java/org/apache/activemq/transport/amqp/AMQ4696Test.java,30.0,12.0,0.0,1.0,12.0,2.0,49.0,tabish121@gmail.com,1,0.0014367816091954023,20.0,0.0,0.0,20.0,1135.7478991596638,37777.795679019386,1,0,2.3264363088162257,false
activemq-amqp/src/test/java/org/apache/activemq/transport/amqp/AmqpSslTest.java,23.0,5.0,1.0,2.0,2.0,4.0,6.0,chirino@apache.org,1,0.0014367816091954023,20.0,0.0,0.0,0.0,1035.1304347826087,8666.128699725079,1,0,2.0561459790763137,false
activemq-amqp/src/test/java/org/apache/activemq/transport/amqp/AmqpTestSupport.java,80.0,20.0,2.0,9.0,37.0,28.0,3.0,tabish121@gmail.com,2,0.0014367816091954023,7.0,3.0,7.0,0.0,2170.8783339422725,46443.924378744465,2,0,1.5097285873614714,true
activemq-amqp/src/test/java/org/apache/activemq/transport/amqp/AmqpTransformerTest.java,131.0,23.0,5.0,7.0,81.0,18.0,96.0,null,1,0.0014367816091954023,10.0,0.0,0.0,10.0,1135.7478991596638,37777.795679019386,1,1,2.3264363088162257,false
activemq-amqp/src/test/java/org/apache/activemq/transport/amqp/DefaultTrustManager.java,10.0,5.0,3.0,3.0,0.0,9.0,3.0,tabish@apache.org,1,0.0014367816091954023,100.0,0.0,0.0,0.0,1035.1304347826087,8666.128699725079,1,0,2.0561459790763137,false
activemq-amqp/src/test/java/org/apache/activemq/transport/amqp/IDERunner.java,12.0,4.0,0.0,1.0,6.0,2.0,0.0,tabish121@gmail.com,0,0.0,0.0,0.0,0.0,0.0,0.0,0.0,0,3,0.0,true
activemq-amqp/src/test/java/org/apache/activemq/transport/amqp/JMSClientTest.java,146.0,22.0,1.0,7.0,86.0,19.0,26.0,null,2,0.0028735632183908046,7.0,2.0,2.0,2.0,2170.8783339422725,46443.924378744465,2,2,1.5613834168924832,true
activemq-amqp/src/test/java/org/apache/activemq/transport/amqp/SimpleAMQPAuthTest.java,117.0,23.0,17.0,10.0,60.0,35.0,34.0,tabish121@gmail.com,1,0.0014367816091954023,29.0,0.0,29.0,14.0,1135.7478991596638,37777.795679019386,1,0,2.3264363088162257,true
activemq-amqp/src/test/java/org/apache/activemq/transport/amqp/joram/ActiveMQAdmin.java,137.0,21.0,185.0,22.0,39.0,50.0,6.0,chirino@apache.org,1,0.0014367816091954023,12.0,0.0,0.0,0.0,1035.1304347826087,8666.128699725079,1,1,2.0561459790763137,false
activemq-amqp/src/test/java/org/apache/activemq/transport/amqp/joram/ActiveMQNIOAdmin.java,6.0,0.0,0.0,1.0,0.0,2.0,51.0,tabish@apache.org,2,0.0028735632183908046,100.0,0.0,0.0,50.0,2170.8783339422725,46443.924378744465,2,0,1.4981439633863243,false
activemq-amqp/src/test/java/org/apache/activemq/transport/amqp/joram/ActiveMQSSLAdmin.java,46.0,13.0,1.0,3.0,27.0,8.0,49.0,tabish121@gmail.com,2,0.0028735632183908046,50.0,0.0,0.0,25.0,2170.8783339422725,46443.924378744465,2,0,1.4981439633863243,false
activemq-amqp/src/test/java/org/apache/activemq/transport/amqp/joram/JoramJmsNioTest.java,12.0,21.0,1.0,2.0,2.0,5.0,3.0,kevin@kevinearls.com,2,0.0028735632183908046,20.0,0.0,10.0,10.0,2170.8783339422725,46443.924378744465,2,0,1.5998253639414424,true
activemq-amqp/src/test/java/org/apache/activemq/transport/amqp/joram/JoramJmsTest.java,26.0,20.0,1.0,2.0,3.0,4.0,51.0,chirino@apache.org,2,0.0028735632183908046,12.0,0.0,0.0,6.0,2170.8783339422725,46443.924378744465,2,1,1.4981439633863243,false
activemq-amqp/src/test/java/org/apache/activemq/transport/amqp/joram/JoramSslTest.java,13.0,27.0,1.0,2.0,5.0,5.0,3.0,tabish121@gmail.com,2,0.0014367816091954023,17.0,0.0,17.0,0.0,2170.8783339422725,46443.924378744465,2,0,1.4981439633863243,true
activemq-arquillian/javaee/jca-config/src/main/java/org/hornetq/javaee/example/MDBRemoteClientExample.java,32.0,5.0,0.0,1.0,5.0,3.0,104.0,gary.tully@gmail.com,2,0.0028735632183908046,50.0,100.0,0.0,0.0,4514.811475409836,83390.88578652951,2,0,1.251150091254289,false
activemq-arquillian/javaee/jca-config/src/main/java/org/hornetq/javaee/example/server/MDBQueueA.java,16.0,5.0,0.0,1.0,3.0,2.0,104.0,gary.tully@gmail.com,2,0.0028735632183908046,50.0,100.0,0.0,0.0,4514.811475409836,83390.88578652951,2,0,1.251150091254289,false
activemq-arquillian/javaee/jca-config/src/main/java/org/hornetq/javaee/example/server2/MDBQueueB.java,16.0,6.0,0.0,1.0,3.0,2.0,104.0,gary.tully@gmail.com,2,0.0028735632183908046,50.0,100.0,0.0,0.0,4514.811475409836,83390.88578652951,2,0,1.251150091254289,false
activemq-arquillian/javaee/jca-config/src/main/java/org/hornetq/javaee/example/server2/StatelessSender.java,22.0,4.0,0.0,1.0,8.0,2.0,104.0,gary.tully@gmail.com,2,0.0028735632183908046,50.0,100.0,0.0,0.0,4514.811475409836,83390.88578652951,2,0,1.251150091254289,false
activemq-arquillian/javaee/jca-config/src/main/java/org/hornetq/javaee/example/server2/StatelessSenderService.java,7.0,0.0,0.0,1.0,0.0,2.0,104.0,gary.tully@gmail.com,2,0.0028735632183908046,50.0,100.0,0.0,0.0,4514.811475409836,83390.88578652951,2,0,1.251150091254289,false
activemq-arquillian/javaee/jca-config/src/test/java/org/hornetq/javaee/example/server/ExampleRunner2Test.java,41.0,20.0,8.0,5.0,14.0,8.0,104.0,gary.tully@gmail.com,2,0.0028735632183908046,50.0,100.0,0.0,0.0,4514.811475409836,83390.88578652951,2,0,1.251150091254289,false
activemq-arquillian/javaee/jca-remote/src/main/java/org/hornetq/javaee/example/MDBRemoteServerClientExample.java,39.0,10.0,0.0,1.0,13.0,3.0,104.0,gary.tully@gmail.com,2,0.0028735632183908046,50.0,100.0,0.0,0.0,4514.811475409836,83390.88578652951,2,0,1.251150091254289,false
activemq-arquillian/javaee/jca-remote/src/main/java/org/hornetq/javaee/example/server/MDBQueue.java,27.0,5.0,0.0,1.0,10.0,2.0,104.0,gary.tully@gmail.com,2,0.0028735632183908046,50.0,100.0,0.0,0.0,4514.811475409836,83390.88578652951,2,0,1.251150091254289,false
activemq-arquillian/javaee/jca-remote/src/test/java/org/hornetq/javaee/examples/JCARemoteRunnerTest.java,49.0,19.0,6.0,5.0,17.0,9.0,104.0,gary.tully@gmail.com,2,0.0028735632183908046,50.0,100.0,0.0,0.0,4514.811475409836,83390.88578652951,2,0,1.251150091254289,false
activemq-arquillian/javaee/mdb-bmt/src/main/java/org/hornetq/javaee/example/MDB_BMTClientExample.java,33.0,9.0,0.0,1.0,10.0,3.0,104.0,gary.tully@gmail.com,2,0.0028735632183908046,50.0,100.0,0.0,0.0,4514.811475409836,83390.88578652951,2,0,1.251150091254289,false
activemq-arquillian/javaee/mdb-bmt/src/main/java/org/hornetq/javaee/example/server/MDB_BMTExample.java,25.0,10.0,0.0,1.0,6.0,4.0,104.0,gary.tully@gmail.com,2,0.0028735632183908046,50.0,100.0,0.0,0.0,4514.811475409836,83390.88578652951,2,0,1.251150091254289,false
activemq-arquillian/javaee/mdb-bmt/src/test/java/org/hornetq/javaee/example/server/ExampleRunnerTest.java,15.0,22.0,1.0,2.0,6.0,4.0,104.0,gary.tully@gmail.com,2,0.0028735632183908046,50.0,100.0,0.0,0.0,4514.811475409836,83390.88578652951,2,0,1.251150091254289,false
activemq-arquillian/javaee/mdb-cmt-setrollbackonly/src/main/java/org/hornetq/javaee/example/MDB_CMT_SetRollbackOnlyClientExample.java,33.0,9.0,0.0,1.0,10.0,3.0,104.0,gary.tully@gmail.com,2,0.0028735632183908046,50.0,100.0,0.0,0.0,4514.811475409836,83390.88578652951,2,0,1.251150091254289,false
activemq-arquillian/javaee/mdb-cmt-setrollbackonly/src/main/java/org/hornetq/javaee/example/server/MDB_CMT_SetRollbackOnlyExample.java,22.0,13.0,0.0,1.0,5.0,5.0,104.0,gary.tully@gmail.com,2,0.0028735632183908046,50.0,100.0,0.0,0.0,4514.811475409836,83390.88578652951,2,0,1.251150091254289,false
activemq-arquillian/javaee/mdb-cmt-setrollbackonly/src/test/java/org/hornetq/javaee/example/MDBCMTSetRollbackOnlyRunnerTest.java,15.0,9.0,1.0,2.0,6.0,4.0,104.0,gary.tully@gmail.com,2,0.0028735632183908046,50.0,100.0,0.0,0.0,4514.811475409836,83390.88578652951,2,0,1.251150091254289,false
activemq-arquillian/javaee/mdb-cmt-tx-local/src/main/java/org/hornetq/javaee/example/MDB_CMT_TxLocalClientExample.java,33.0,9.0,0.0,1.0,10.0,3.0,104.0,gary.tully@gmail.com,2,0.0028735632183908046,50.0,100.0,0.0,0.0,4514.811475409836,83390.88578652951,2,0,1.251150091254289,false
activemq-arquillian/javaee/mdb-cmt-tx-local/src/main/java/org/hornetq/javaee/example/server/MDB_CMT_TxLocalExample.java,33.0,15.0,0.0,1.0,5.0,5.0,104.0,gary.tully@gmail.com,2,0.0028735632183908046,50.0,100.0,0.0,0.0,4514.811475409836,83390.88578652951,2,0,1.251150091254289,false
activemq-arquillian/javaee/mdb-cmt-tx-local/src/test/java/org/hornetq/javaee/example/MDBCMTSetLocalTXRunnerTest.java,15.0,9.0,1.0,2.0,6.0,4.0,104.0,gary.tully@gmail.com,2,0.0028735632183908046,50.0,100.0,0.0,0.0,4514.811475409836,83390.88578652951,2,0,1.251150091254289,false
activemq-arquillian/javaee/mdb-cmt-tx-not-supported/src/main/java/org/hornetq/javaee/example/MDB_CMT_TxNotSupportedClientExample.java,33.0,9.0,0.0,1.0,10.0,3.0,104.0,gary.tully@gmail.com,2,0.0028735632183908046,50.0,100.0,0.0,0.0,4514.811475409836,83390.88578652951,2,0,1.251150091254289,false
activemq-arquillian/javaee/mdb-cmt-tx-not-supported/src/main/java/org/hornetq/javaee/example/server/MDB_CMT_TxNotSupported.java,23.0,13.0,0.0,1.0,4.0,4.0,104.0,gary.tully@gmail.com,2,0.0028735632183908046,50.0,100.0,0.0,0.0,4514.811475409836,83390.88578652951,2,0,1.251150091254289,false
activemq-arquillian/javaee/mdb-cmt-tx-not-supported/src/test/java/org/hornetq/javaee/example/MDBCMTSetTXNotSupportedRunnerTest.java,15.0,9.0,1.0,2.0,6.0,4.0,104.0,gary.tully@gmail.com,2,0.0028735632183908046,50.0,100.0,0.0,0.0,4514.811475409836,83390.88578652951,2,0,1.251150091254289,false
activemq-arquillian/javaee/mdb-cmt-tx-required/src/main/java/org/hornetq/javaee/example/MDB_CMT_TxRequiredClientExample.java,37.0,9.0,0.0,1.0,11.0,4.0,104.0,gary.tully@gmail.com,2,0.0028735632183908046,50.0,100.0,0.0,0.0,4514.811475409836,83390.88578652951,2,0,1.251150091254289,false
activemq-arquillian/javaee/mdb-cmt-tx-required/src/main/java/org/hornetq/javaee/example/server/MDB_CMT_TxRequiredExample.java,16.0,16.0,0.0,1.0,5.0,2.0,104.0,gary.tully@gmail.com,2,0.0028735632183908046,50.0,100.0,0.0,0.0,4514.811475409836,83390.88578652951,2,0,1.251150091254289,false
activemq-arquillian/javaee/mdb-cmt-tx-required/src/test/java/org/hornetq/javaee/examples/MDBCMTSetTXRequiredRunnerTest.java,15.0,10.0,1.0,2.0,6.0,4.0,104.0,gary.tully@gmail.com,2,0.0028735632183908046,50.0,100.0,0.0,0.0,4514.811475409836,83390.88578652951,2,0,1.251150091254289,false
activemq-arquillian/javaee/mdb-message-selector/src/main/java/org/hornetq/javaee/example/MDBMessageSelectorClientExample.java,38.0,9.0,0.0,1.0,11.0,3.0,104.0,gary.tully@gmail.com,2,0.0028735632183908046,50.0,100.0,0.0,0.0,4514.811475409836,83390.88578652951,2,0,1.251150091254289,false
activemq-arquillian/javaee/mdb-message-selector/src/main/java/org/hornetq/javaee/example/server/MDBMessageSelectorExample.java,16.0,10.0,0.0,1.0,4.0,2.0,104.0,gary.tully@gmail.com,2,0.0028735632183908046,50.0,100.0,0.0,0.0,4514.811475409836,83390.88578652951,2,0,1.251150091254289,false
activemq-arquillian/javaee/mdb-message-selector/src/test/java/org/hornetq/javaee/examples/MDBCMTSetMessageSelectorRunnerTest.java,15.0,10.0,1.0,2.0,6.0,4.0,104.0,gary.tully@gmail.com,2,0.0028735632183908046,50.0,100.0,0.0,0.0,4514.811475409836,83390.88578652951,2,0,1.251150091254289,false
activemq-arquillian/javaee/mdb-tx-send/src/main/java/org/hornetq/javaee/example/MDBMessageSendTxClientExample.java,38.0,10.0,0.0,1.0,13.0,3.0,104.0,gary.tully@gmail.com,2,0.0028735632183908046,50.0,100.0,0.0,0.0,4514.811475409836,83390.88578652951,2,0,1.251150091254289,false
activemq-arquillian/javaee/mdb-tx-send/src/main/java/org/hornetq/javaee/example/server/MDBMessageSendTxExample.java,31.0,17.0,0.0,1.0,9.0,3.0,104.0,gary.tully@gmail.com,2,0.0028735632183908046,50.0,100.0,0.0,0.0,4514.811475409836,83390.88578652951,2,0,1.251150091254289,false
activemq-arquillian/javaee/mdb-tx-send/src/test/java/org/hornetq/javaee/examples/MDBCMTTxSendRunnerTest.java,24.0,14.0,3.0,3.0,15.0,8.0,104.0,gary.tully@gmail.com,2,0.0028735632183908046,50.0,100.0,0.0,0.0,4514.811475409836,83390.88578652951,2,0,1.251150091254289,false
activemq-broker/src/main/java/org/apache/activemq/advisory/AdvisoryBroker.java,467.0,26.0,538.0,36.0,240.0,107.0,17.0,null,5,0.005747126436781609,26.0,5.0,21.0,16.0,6685.689809352109,129834.81016527399,5,3,0.703564511512403,true
activemq-broker/src/main/java/org/apache/activemq/broker/Broker.java,266.0,20.0,1176.0,49.0,0.0,94.0,12.0,gary.tully@gmail.com,1,0.0014367816091954023,25.0,0.0,0.0,0.0,1913.311475409836,25191.768734271867,1,1,1.9560625205193314,true
activemq-broker/src/main/java/org/apache/activemq/broker/BrokerContext.java,8.0,1.0,3.0,3.0,0.0,3.0,17.0,gtully@apache.org,1,0.0014367816091954023,50.0,0.0,0.0,0.0,1913.311475409836,25191.768734271867,1,0,1.9560625205193314,false
activemq-broker/src/main/java/org/apache/activemq/broker/BrokerContextAware.java,7.0,0.0,1.0,2.0,0.0,2.0,17.0,gtully@apache.org,1,0.0014367816091954023,50.0,0.0,0.0,0.0,1913.311475409836,25191.768734271867,1,0,1.9560625205193314,false
activemq-broker/src/main/java/org/apache/activemq/broker/BrokerFilter.java,204.0,27.0,0.0,65.0,65.0,121.0,12.0,null,1,0.0014367816091954023,20.0,0.0,0.0,0.0,1913.311475409836,25191.768734271867,1,1,1.9560625205193314,true
activemq-broker/src/main/java/org/apache/activemq/broker/BrokerPluginSupport.java,21.0,2.0,4.0,4.0,7.0,8.0,96.0,chirino@apache.org,1,0.0014367816091954023,50.0,0.0,0.0,50.0,1135.7478991596638,37777.795679019386,1,0,2.3264363088162257,false
activemq-broker/src/main/java/org/apache/activemq/broker/BrokerRegistry.java,71.0,6.0,0.0,7.0,14.0,17.0,53.0,rajdavies@apache.org,2,0.0028735632183908046,67.0,33.0,0.0,33.0,1501.2630506748153,39146.775353530255,2,0,2.1656444967524946,false
activemq-broker/src/main/java/org/apache/activemq/broker/BrokerService.java,2387.0,80.0,33258.0,265.0,582.0,707.0,14.0,null,6,0.008620689655172414,20.0,4.0,7.0,7.0,7437.8716275339275,132449.86123397356,6,17,0.5826111119720125,true
activemq-broker/src/main/java/org/apache/activemq/broker/BrokerStoppedException.java,19.0,0.0,6.0,4.0,2.0,4.0,96.0,chirino@apache.org,1,0.0014367816091954023,50.0,0.0,0.0,50.0,1135.7478991596638,37777.795679019386,1,0,2.3264363088162257,false
activemq-broker/src/main/java/org/apache/activemq/broker/ConnectionContext.java,250.0,14.0,1125.0,51.0,13.0,84.0,4.0,tabish121@gmail.com,1,0.0,0.0,0.0,25.0,0.0,183.27272727272728,1004.2204236764638,1,0,3.391147045808654,false
activemq-broker/src/main/java/org/apache/activemq/broker/Connector.java,35.0,3.0,28.0,8.0,0.0,20.0,4.0,tabish121@gmail.com,1,0.0,0.0,0.0,33.0,0.0,183.27272727272728,1004.2204236764638,1,0,3.391147045808654,false
activemq-broker/src/main/java/org/apache/activemq/broker/EmptyBroker.java,162.0,28.0,2016.0,64.0,1.0,120.0,12.0,null,1,0.0014367816091954023,20.0,0.0,0.0,0.0,1913.311475409836,25191.768734271867,1,1,1.9560625205193314,true
activemq-broker/src/main/java/org/apache/activemq/broker/ErrorBroker.java,204.0,28.0,0.0,65.0,1.0,132.0,12.0,null,1,0.0014367816091954023,20.0,0.0,0.0,0.0,1913.311475409836,25191.768734271867,1,1,1.9560625205193314,true
activemq-broker/src/main/java/org/apache/activemq/broker/LockableServiceSupport.java,117.0,11.0,57.0,14.0,26.0,35.0,22.0,gary.tully@gmail.com,3,0.004310344827586207,33.0,42.0,33.0,25.0,5650.5593745695,121168.6814655489,3,2,1.1345412584805563,true
activemq-broker/src/main/java/org/apache/activemq/broker/MutableBrokerFilter.java,210.0,28.0,2199.0,67.0,132.0,124.0,12.0,null,1,0.0014367816091954023,20.0,0.0,0.0,0.0,1913.311475409836,25191.768734271867,1,1,1.9560625205193314,true
activemq-broker/src/main/java/org/apache/activemq/broker/ProducerBrokerExchange.java,191.0,10.0,147.0,22.0,26.0,40.0,53.0,gary.tully@gmail.com,2,0.0028735632183908046,50.0,25.0,0.0,25.0,1501.2630506748153,39146.775353530255,2,0,2.1656444967524946,false
activemq-broker/src/main/java/org/apache/activemq/broker/PublishedAddressPolicy.java,140.0,6.0,54.0,13.0,26.0,32.0,1.0,dejan@nighttale.net,1,0.0014367816091954023,0.0,67.0,33.0,0.0,116.0,177.41437217194277,1,1,2.749293159636259,false
activemq-broker/src/main/java/org/apache/activemq/broker/SslBrokerService.java,56.0,9.0,3.0,3.0,8.0,14.0,96.0,chirino@apache.org,1,0.0014367816091954023,50.0,0.0,0.0,50.0,1135.7478991596638,37777.795679019386,1,0,2.3264363088162257,false
activemq-broker/src/main/java/org/apache/activemq/broker/SuppressReplyException.java,8.0,1.0,0.0,1.0,0.0,1.0,19.0,hiram@hiramchirino.com,1,0.0014367816091954023,50.0,50.0,50.0,50.0,1913.311475409836,25191.768734271867,1,0,1.9560625205193314,false
activemq-broker/src/main/java/org/apache/activemq/broker/TransactionBroker.java,280.0,31.0,134.0,20.0,97.0,64.0,96.0,dejan@nighttale.net,1,0.0014367816091954023,20.0,0.0,0.0,20.0,1135.7478991596638,37777.795679019386,1,0,2.3264363088162257,true
activemq-broker/src/main/java/org/apache/activemq/broker/TransportConnection.java,1287.0,48.0,4376.0,108.0,506.0,337.0,28.0,null,4,0.005747126436781609,17.0,10.0,3.0,7.0,4966.64595465608,81380.99221726583,4,6,0.9849751430264524,true
activemq-broker/src/main/java/org/apache/activemq/broker/TransportConnector.java,477.0,25.0,2084.0,69.0,142.0,155.0,27.0,null,4,0.0028735632183908046,10.0,10.0,20.0,20.0,1821.6872930990578,40205.50186905649,4,1,1.1809027276184125,true
activemq-broker/src/main/java/org/apache/activemq/broker/TransportStatusDetector.java,88.0,8.0,14.0,9.0,30.0,23.0,96.0,chirino@apache.org,1,0.0014367816091954023,50.0,0.0,0.0,50.0,1135.7478991596638,37777.795679019386,1,0,2.3264363088162257,false
activemq-broker/src/main/java/org/apache/activemq/broker/cluster/ConnectionSplitBroker.java,49.0,11.0,1.0,3.0,13.0,10.0,96.0,chirino@apache.org,1,0.0014367816091954023,50.0,0.0,0.0,50.0,1135.7478991596638,37777.795679019386,1,0,2.3264363088162257,false
activemq-broker/src/main/java/org/apache/activemq/broker/inteceptor/MessageInterceptor.java,3.0,2.0,0.0,1.0,0.0,1.0,10.0,rajdavies@apache.org,1,0.0014367816091954023,100.0,100.0,0.0,0.0,365.5151515151515,1368.9796745108715,1,0,3.391147045808654,false
activemq-broker/src/main/java/org/apache/activemq/broker/inteceptor/MessageInterceptorFilter.java,72.0,10.0,0.0,11.0,23.0,22.0,10.0,rajdavies@apache.org,1,0.0014367816091954023,100.0,100.0,0.0,0.0,365.5151515151515,1368.9796745108715,1,0,3.391147045808654,false
activemq-broker/src/main/java/org/apache/activemq/broker/inteceptor/MessageInterceptorRegistry.java,73.0,11.0,85.0,15.0,31.0,27.0,4.0,rajdavies@apache.org,2,0.0014367816091954023,33.0,33.0,67.0,0.0,548.7878787878788,2373.2000981873352,2,0,2.754632877513841,true
activemq-broker/src/main/java/org/apache/activemq/broker/jmx/AbortSlowAckConsumerStrategyView.java,25.0,1.0,0.0,7.0,6.0,10.0,3.0,tabish@apache.org,2,0.0028735632183908046,50.0,100.0,100.0,0.0,2170.8783339422725,46443.924378744465,2,0,1.4981439633863243,false
activemq-broker/src/main/java/org/apache/activemq/broker/jmx/AbortSlowAckConsumerStrategyViewMBean.java,8.0,0.0,15.0,6.0,0.0,11.0,3.0,tabish@apache.org,2,0.0028735632183908046,50.0,100.0,100.0,0.0,2170.8783339422725,46443.924378744465,2,0,1.4981439633863243,false
activemq-broker/src/main/java/org/apache/activemq/broker/jmx/AbortSlowConsumerStrategyView.java,73.0,12.0,0.0,12.0,33.0,24.0,96.0,chirino@apache.org,1,0.0014367816091954023,50.0,0.0,0.0,50.0,1135.7478991596638,37777.795679019386,1,0,2.3264363088162257,false
activemq-broker/src/main/java/org/apache/activemq/broker/jmx/BrokerView.java,349.0,26.0,1790.0,77.0,209.0,164.0,52.0,null,2,0.0028735632183908046,13.0,0.0,7.0,7.0,1501.2630506748153,39146.775353530255,2,2,2.1656444967524946,true
activemq-broker/src/main/java/org/apache/activemq/broker/jmx/BrokerViewMBean.java,150.0,3.0,2415.0,70.0,0.0,96.0,9.0,chirino@apache.org,1,0.0014367816091954023,11.0,0.0,11.0,0.0,365.5151515151515,1368.9796745108715,1,2,3.391147045808654,true
activemq-broker/src/main/java/org/apache/activemq/broker/jmx/CompositeDataConstants.java,23.0,0.0,0.0,0.0,0.0,0.0,3.0,hiram@hiramchirino.com,1,0.0,0.0,0.0,33.0,0.0,1552.0714285714284,17042.448129463697,1,0,1.9560625205193314,false
activemq-broker/src/main/java/org/apache/activemq/broker/jmx/DestinationView.java,351.0,37.0,0.0,60.0,169.0,145.0,7.0,null,2,0.0028735632183908046,23.0,15.0,15.0,0.0,2278.8266269249875,26560.74840878274,2,2,2.276271369084067,true
activemq-broker/src/main/java/org/apache/activemq/broker/jmx/DestinationViewMBean.java,235.0,9.0,1485.0,55.0,0.0,119.0,7.0,null,2,0.0028735632183908046,38.0,25.0,25.0,0.0,2278.8266269249875,26560.74840878274,2,0,2.276271369084067,false
activemq-broker/src/main/java/org/apache/activemq/broker/jmx/ManagedRegionBroker.java,613.0,59.0,1014.0,56.0,235.0,165.0,50.0,null,2,0.0028735632183908046,18.0,9.0,9.0,9.0,2170.8783339422725,46443.924378744465,2,3,1.4981439633863243,true
activemq-broker/src/main/java/org/apache/activemq/broker/jmx/ManagedTempQueueRegion.java,26.0,12.0,0.0,5.0,5.0,10.0,96.0,chirino@apache.org,1,0.0014367816091954023,50.0,0.0,0.0,50.0,1135.7478991596638,37777.795679019386,1,0,2.3264363088162257,false
activemq-broker/src/main/java/org/apache/activemq/broker/jmx/ManagedTransportConnection.java,78.0,12.0,0.0,6.0,21.0,19.0,96.0,gtully@apache.org,1,0.0014367816091954023,14.0,0.0,0.0,14.0,1135.7478991596638,37777.795679019386,1,3,2.3264363088162257,false
activemq-broker/src/main/java/org/apache/activemq/broker/jmx/ManagementContext.java,487.0,28.0,891.0,47.0,103.0,125.0,96.0,tabish121@gmail.com,1,0.0014367816091954023,25.0,0.0,0.0,25.0,1135.7478991596638,37777.795679019386,1,1,2.3264363088162257,false
activemq-broker/src/main/java/org/apache/activemq/broker/jmx/NetworkConnectorView.java,94.0,1.0,0.0,29.0,29.0,46.0,0.0,gtully@apache.org,0,0.0,0.0,0.0,0.0,0.0,0.0,0.0,0,1,0.0,false
activemq-broker/src/main/java/org/apache/activemq/broker/jmx/NetworkConnectorViewMBean.java,28.0,1.0,325.0,26.0,0.0,26.0,0.0,gtully@apache.org,0,0.0,0.0,0.0,0.0,0.0,0.0,0.0,0,1,0.0,false
activemq-broker/src/main/java/org/apache/activemq/broker/jmx/OpenTypeSupport.java,413.0,29.0,3.0,3.0,6.0,9.0,3.0,chirino@apache.org,1,0.0,0.0,0.0,14.0,0.0,1552.0714285714284,17042.448129463697,1,2,1.9560625205193314,true
activemq-broker/src/main/java/org/apache/activemq/broker/jmx/ProducerView.java,134.0,3.0,0.0,18.0,30.0,52.0,11.0,rajdavies@apache.org,1,0.0014367816091954023,25.0,25.0,0.0,0.0,365.5151515151515,1368.9796745108715,1,0,3.391147045808654,true
activemq-broker/src/main/java/org/apache/activemq/broker/jmx/ProducerViewMBean.java,51.0,0.0,105.0,15.0,0.0,35.0,11.0,rajdavies@apache.org,1,0.0014367816091954023,25.0,25.0,0.0,0.0,365.5151515151515,1368.9796745108715,1,0,3.391147045808654,true
activemq-broker/src/main/java/org/apache/activemq/broker/region/AbstractRegion.java,417.0,32.0,135.0,30.0,182.0,95.0,96.0,null,1,0.0014367816091954023,8.0,0.0,0.0,8.0,1135.7478991596638,37777.795679019386,1,1,2.3264363088162257,true
activemq-broker/src/main/java/org/apache/activemq/broker/region/AbstractSubscription.java,178.0,21.0,341.0,34.0,43.0,73.0,53.0,rajdavies@gmail.com,2,0.0028735632183908046,29.0,14.0,14.0,14.0,2170.8783339422725,46443.924378744465,2,0,1.4981439633863243,true
activemq-broker/src/main/java/org/apache/activemq/broker/region/AbstractTempRegion.java,101.0,12.0,7.0,7.0,22.0,21.0,96.0,chirino@apache.org,1,0.0014367816091954023,50.0,0.0,0.0,50.0,1135.7478991596638,37777.795679019386,1,0,2.3264363088162257,false
activemq-broker/src/main/java/org/apache/activemq/broker/region/BaseDestination.java,605.0,25.0,4262.0,96.0,101.0,183.0,53.0,gary.tully@gmail.com,2,0.0028735632183908046,15.0,8.0,0.0,8.0,1501.2630506748153,39146.775353530255,2,0,2.1656444967524946,true
activemq-broker/src/main/java/org/apache/activemq/broker/region/CompositeDestinationInterceptor.java,28.0,3.0,0.0,5.0,3.0,10.0,15.0,gtully@apache.org,1,0.0014367816091954023,50.0,0.0,0.0,0.0,1913.311475409836,25191.768734271867,1,0,1.9560625205193314,false
activemq-broker/src/main/java/org/apache/activemq/broker/region/DestinationFilter.java,227.0,17.0,0.0,68.0,71.0,114.0,0.0,tabish@apache.org,0,0.0,0.0,0.0,0.0,0.0,0.0,0.0,0,3,0.0,true
activemq-broker/src/main/java/org/apache/activemq/broker/region/DestinationStatistics.java,152.0,4.0,39.0,18.0,6.0,35.0,10.0,gary.tully@gmail.com,1,0.0014367816091954023,50.0,25.0,25.0,0.0,365.5151515151515,1368.9796745108715,1,0,3.391147045808654,false
activemq-broker/src/main/java/org/apache/activemq/broker/region/DurableTopicSubscription.java,269.0,27.0,231.0,26.0,116.0,73.0,38.0,null,3,0.004310344827586207,20.0,13.0,7.0,7.0,2255.1640482279868,46526.891000048076,3,4,1.8939550906742668,true
activemq-broker/src/main/java/org/apache/activemq/broker/region/PrefetchSubscription.java,655.0,27.0,622.0,49.0,217.0,147.0,54.0,null,2,0.0028735632183908046,13.0,0.0,0.0,7.0,3049.0593745694996,62969.56441329126,2,3,1.4481022341078331,true
activemq-broker/src/main/java/org/apache/activemq/broker/region/Queue.java,1839.0,75.0,4017.0,99.0,656.0,338.0,19.0,gary.tully@gmail.com,5,0.005747126436781609,8.0,3.0,3.0,3.0,4402.035777947543,98527.52720163632,5,7,1.2974590667823471,true
activemq-broker/src/main/java/org/apache/activemq/broker/region/QueueBrowserSubscription.java,57.0,15.0,45.0,11.0,10.0,29.0,0.0,tabish@apache.org,0,0.0,0.0,0.0,0.0,0.0,0.0,0.0,0,2,0.0,true
activemq-broker/src/main/java/org/apache/activemq/broker/region/QueueSubscription.java,54.0,12.0,28.0,8.0,17.0,23.0,37.0,gary.tully@gmail.com,3,0.004310344827586207,43.0,14.0,14.0,14.0,4772.378333942273,104643.04143100212,3,1,1.0064258149991159,true
activemq-broker/src/main/java/org/apache/activemq/broker/region/RegionBroker.java,629.0,55.0,2782.0,80.0,239.0,200.0,37.0,null,3,0.0028735632183908046,7.0,0.0,4.0,4.0,3232.332101842227,63973.78483696772,3,4,1.459269669713294,true
activemq-broker/src/main/java/org/apache/activemq/broker/region/Subscription.java,159.0,12.0,630.0,36.0,0.0,78.0,11.0,rajdavies@gmail.com,1,0.0014367816091954023,17.0,17.0,17.0,0.0,1035.1304347826087,8666.128699725079,1,0,2.0561459790763137,true
activemq-broker/src/main/java/org/apache/activemq/broker/region/TempQueue.java,45.0,10.0,2.0,4.0,22.0,12.0,96.0,gtully@apache.org,1,0.0014367816091954023,33.0,0.0,0.0,33.0,1135.7478991596638,37777.795679019386,1,0,2.3264363088162257,true
activemq-broker/src/main/java/org/apache/activemq/broker/region/TempQueueRegion.java,27.0,7.0,10.0,5.0,5.0,14.0,96.0,chirino@apache.org,1,0.0014367816091954023,50.0,0.0,0.0,50.0,1135.7478991596638,37777.795679019386,1,0,2.3264363088162257,false
activemq-broker/src/main/java/org/apache/activemq/broker/region/TempTopicRegion.java,40.0,9.0,6.0,4.0,11.0,13.0,96.0,chirino@apache.org,1,0.0014367816091954023,50.0,0.0,0.0,50.0,1135.7478991596638,37777.795679019386,1,0,2.3264363088162257,false
activemq-broker/src/main/java/org/apache/activemq/broker/region/Topic.java,598.0,40.0,815.0,47.0,246.0,149.0,38.0,null,2,0.0028735632183908046,17.0,6.0,6.0,6.0,1501.2630506748153,39146.775353530255,2,3,2.3997292985163647,true
activemq-broker/src/main/java/org/apache/activemq/broker/region/TopicRegion.java,288.0,27.0,103.0,19.0,119.0,63.0,96.0,tabish121@gmail.com,1,0.0014367816091954023,8.0,0.0,0.0,8.0,1135.7478991596638,37777.795679019386,1,2,2.3264363088162257,true
activemq-broker/src/main/java/org/apache/activemq/broker/region/TopicSubscription.java,510.0,27.0,769.0,47.0,196.0,126.0,39.0,null,3,0.004310344827586207,25.0,8.0,8.0,8.0,4084.1898093521086,71635.69311301633,3,2,1.0142693141358472,true
activemq-broker/src/main/java/org/apache/activemq/broker/region/cursors/AbstractPendingMessageCursor.java,242.0,13.0,1218.0,52.0,19.0,100.0,7.0,gary.tully@gmail.com,1,0.0014367816091954023,20.0,20.0,0.0,0.0,84.28571428571429,82.96662130360895,1,0,4.59511985013459,false
activemq-broker/src/main/java/org/apache/activemq/broker/region/cursors/AbstractStoreCursor.java,221.0,8.0,182.0,29.0,76.0,74.0,51.0,gary.tully@gmail.com,2,0.0028735632183908046,12.0,6.0,0.0,6.0,1220.033613445378,37860.762300323,2,0,2.7676308989154625,true
activemq-broker/src/main/java/org/apache/activemq/broker/region/cursors/FilePendingMessageCursor.java,427.0,24.0,261.0,31.0,158.0,100.0,96.0,chirino@apache.org,1,0.0014367816091954023,12.0,0.0,0.0,12.0,1135.7478991596638,37777.795679019386,1,3,2.3264363088162257,true
activemq-broker/src/main/java/org/apache/activemq/broker/region/cursors/StoreDurableSubscriberCursor.java,293.0,16.0,52.0,32.0,84.0,91.0,96.0,gary.tully@gmail.com,1,0.0014367816091954023,20.0,0.0,0.0,20.0,1135.7478991596638,37777.795679019386,1,1,2.3264363088162257,false
activemq-broker/src/main/java/org/apache/activemq/broker/region/cursors/TopicStorePrefetch.java,79.0,10.0,17.0,11.0,18.0,29.0,51.0,gary.tully@gmail.com,2,0.0028735632183908046,40.0,20.0,0.0,20.0,1220.033613445378,37860.762300323,2,0,2.7676308989154625,false
activemq-broker/src/main/java/org/apache/activemq/broker/region/policy/AbortSlowAckConsumerStrategy.java,137.0,11.0,56.0,13.0,47.0,39.0,14.0,tabish121@gmai.com,3,0.004310344827586207,40.0,20.0,20.0,20.0,2286.8783339422725,46621.33875091641,3,0,1.4769065837868995,true
activemq-broker/src/main/java/org/apache/activemq/broker/region/policy/AbortSlowConsumerStrategy.java,173.0,17.0,71.0,18.0,48.0,41.0,4.0,null,3,0.004310344827586207,43.0,14.0,14.0,14.0,2286.8783339422725,46621.33875091641,3,1,1.2786795271748228,false
activemq-broker/src/main/java/org/apache/activemq/broker/region/policy/AbstractDeadLetterStrategy.java,62.0,4.0,4.0,8.0,7.0,16.0,96.0,gary.tully@gmail.com,1,0.0014367816091954023,25.0,0.0,0.0,25.0,1135.7478991596638,37777.795679019386,1,1,2.3264363088162257,true
activemq-broker/src/main/java/org/apache/activemq/broker/region/policy/DeadLetterStrategy.java,37.0,3.0,28.0,8.0,0.0,18.0,0.0,gary.tully@gmail.com,0,0.0,0.0,0.0,0.0,0.0,0.0,0.0,0,1,0.0,true
activemq-broker/src/main/java/org/apache/activemq/broker/region/policy/DiscardingDeadLetterStrategy.java,12.0,3.0,0.0,1.0,3.0,2.0,53.0,gary.tully@gmail.com,2,0.0014367816091954023,33.0,0.0,33.0,33.0,3737.2478991596636,95976.91273127703,2,1,1.4363369854027361,false
activemq-broker/src/main/java/org/apache/activemq/broker/region/policy/PolicyEntry.java,708.0,20.0,6604.0,117.0,173.0,198.0,32.0,null,4,0.004310344827586207,20.0,13.0,13.0,7.0,4267.462536624836,72639.9135366928,4,6,1.0461536024352405,true
activemq-broker/src/main/java/org/apache/activemq/broker/region/policy/PriorityNetworkDispatchPolicy.java,52.0,10.0,3.0,3.0,16.0,13.0,96.0,chirino@apache.org,1,0.0014367816091954023,50.0,0.0,0.0,50.0,1135.7478991596638,37777.795679019386,1,0,2.3264363088162257,false
activemq-broker/src/main/java/org/apache/activemq/broker/region/policy/QueryBasedSubscriptionRecoveryPolicy.java,79.0,20.0,48.0,13.0,20.0,29.0,96.0,chirino@apache.org,1,0.0014367816091954023,50.0,0.0,0.0,50.0,1135.7478991596638,37777.795679019386,1,0,2.3264363088162257,false
activemq-broker/src/main/java/org/apache/activemq/broker/region/policy/RoundRobinDispatchPolicy.java,41.0,5.0,0.0,1.0,7.0,6.0,96.0,chirino@apache.org,1,0.0014367816091954023,50.0,0.0,0.0,50.0,1135.7478991596638,37777.795679019386,1,0,2.3264363088162257,false
activemq-broker/src/main/java/org/apache/activemq/broker/region/policy/SlowConsumerStrategy.java,21.0,4.0,3.0,3.0,0.0,5.0,11.0,tabish@apache.org,1,0.0014367816091954023,50.0,50.0,50.0,0.0,1035.1304347826087,8666.128699725079,1,0,2.0561459790763137,false
activemq-broker/src/main/java/org/apache/activemq/broker/region/policy/SubscriptionRecoveryPolicy.java,33.0,8.0,10.0,5.0,0.0,12.0,96.0,chirino@apache.org,1,0.0014367816091954023,50.0,0.0,0.0,50.0,1135.7478991596638,37777.795679019386,1,0,2.3264363088162257,false
activemq-broker/src/main/java/org/apache/activemq/broker/region/policy/UniquePropertyMessageEvictionStrategy.java,42.0,5.0,0.0,3.0,15.0,10.0,96.0,chirino@apache.org,1,0.0014367816091954023,50.0,0.0,0.0,50.0,1135.7478991596638,37777.795679019386,1,0,2.3264363088162257,false
activemq-broker/src/main/java/org/apache/activemq/broker/region/policy/VMPendingDurableSubscriberMessageStoragePolicy.java,18.0,5.0,0.0,1.0,1.0,2.0,96.0,chirino@apache.org,1,0.0014367816091954023,50.0,0.0,0.0,50.0,1135.7478991596638,37777.795679019386,1,0,2.3264363088162257,false
activemq-broker/src/main/java/org/apache/activemq/broker/region/virtual/MirroredQueue.java,95.0,9.0,52.0,13.0,25.0,35.0,96.0,chirino@apache.org,1,0.0014367816091954023,50.0,0.0,0.0,50.0,1135.7478991596638,37777.795679019386,1,0,2.3264363088162257,false
activemq-broker/src/main/java/org/apache/activemq/broker/region/virtual/VirtualDestination.java,13.0,3.0,1.0,2.0,0.0,2.0,96.0,tabish121@gmail.com,1,0.0014367816091954023,33.0,0.0,0.0,33.0,1135.7478991596638,37777.795679019386,1,0,2.3264363088162257,true
activemq-broker/src/main/java/org/apache/activemq/broker/region/virtual/VirtualDestinationInterceptor.java,58.0,14.0,14.0,8.0,22.0,22.0,16.0,tabish121@gmail.com,1,0.0014367816091954023,33.0,0.0,0.0,0.0,1913.311475409836,25191.768734271867,1,0,1.9560625205193314,true
activemq-broker/src/main/java/org/apache/activemq/broker/region/virtual/VirtualTopic.java,70.0,7.0,63.0,15.0,13.0,29.0,16.0,dejan@nighttale.net,1,0.0014367816091954023,25.0,0.0,0.0,0.0,1913.311475409836,25191.768734271867,1,0,1.9560625205193314,true
activemq-broker/src/main/java/org/apache/activemq/broker/region/virtual/VirtualTopicInterceptor.java,36.0,8.0,2.0,4.0,8.0,10.0,0.0,tabish@apache.org,0,0.0,0.0,0.0,0.0,0.0,0.0,0.0,0,2,0.0,true
activemq-broker/src/main/java/org/apache/activemq/broker/scheduler/JobScheduler.java,106.0,2.0,120.0,16.0,0.0,44.0,5.0,tabish121@gmail.com,1,0.0014367816091954023,33.0,0.0,33.0,0.0,1035.1304347826087,8666.128699725079,1,0,2.0561459790763137,false
activemq-broker/src/main/java/org/apache/activemq/broker/scheduler/JobSchedulerFacade.java,107.0,3.0,0.0,17.0,35.0,54.0,5.0,tabish121@gmail.com,1,0.0014367816091954023,33.0,0.0,33.0,0.0,1035.1304347826087,8666.128699725079,1,0,2.0561459790763137,false
activemq-broker/src/main/java/org/apache/activemq/broker/scheduler/JobSchedulerStore.java,10.0,2.0,10.0,5.0,0.0,7.0,5.0,tabish121@gmail.com,1,0.0014367816091954023,33.0,0.0,33.0,0.0,1035.1304347826087,8666.128699725079,1,0,2.0561459790763137,false
activemq-broker/src/main/java/org/apache/activemq/broker/scheduler/JobSupport.java,12.0,3.0,1.0,2.0,3.0,6.0,96.0,tabish121@gmail.com,1,0.0014367816091954023,33.0,0.0,0.0,33.0,1135.7478991596638,37777.795679019386,1,0,2.3264363088162257,false
activemq-broker/src/main/java/org/apache/activemq/broker/scheduler/SchedulerBroker.java,230.0,27.0,13.0,10.0,96.0,36.0,34.0,tabish@apache.org,3,0.004310344827586207,33.0,0.0,11.0,11.0,4084.1898093521086,71635.69311301633,3,3,1.0142693141358472,false
activemq-broker/src/main/java/org/apache/activemq/broker/util/LoggingBrokerPlugin.java,465.0,14.0,192.0,64.0,211.0,169.0,30.0,tabish@apache.org,3,0.004310344827586207,43.0,14.0,14.0,14.0,4084.1898093521086,71635.69311301633,3,1,1.0339560613928829,true
activemq-broker/src/main/java/org/apache/activemq/broker/util/RedeliveryPlugin.java,136.0,20.0,46.0,12.0,47.0,36.0,54.0,gtully@apache.org,2,0.0028735632183908046,25.0,0.0,0.0,12.0,3049.0593745694996,62969.56441329126,2,2,1.4481022341078331,true
activemq-broker/src/main/java/org/apache/activemq/broker/util/TimeStampingBrokerPlugin.java,82.0,9.0,7.0,6.0,17.0,14.0,96.0,tabish@apache.org,1,0.0014367816091954023,33.0,0.0,0.0,33.0,1135.7478991596638,37777.795679019386,1,1,2.3264363088162257,true
activemq-broker/src/main/java/org/apache/activemq/broker/util/TraceBrokerPathPlugin.java,35.0,5.0,1.0,3.0,8.0,10.0,96.0,chirino@apache.org,1,0.0014367816091954023,50.0,0.0,0.0,50.0,1135.7478991596638,37777.795679019386,1,0,2.3264363088162257,false
activemq-broker/src/main/java/org/apache/activemq/broker/util/UDPTraceBrokerPlugin.java,205.0,40.0,799.0,42.0,57.0,88.0,96.0,chirino@apache.org,1,0.0014367816091954023,50.0,0.0,0.0,50.0,1135.7478991596638,37777.795679019386,1,0,2.3264363088162257,false
activemq-broker/src/main/java/org/apache/activemq/broker/view/BrokerDestinationView.java,144.0,1.0,0.0,24.0,62.0,56.0,7.0,gary.tully@gmail.com,1,0.0014367816091954023,75.0,50.0,25.0,0.0,365.5151515151515,1368.9796745108715,1,0,3.391147045808654,false
activemq-broker/src/main/java/org/apache/activemq/broker/view/DotFileInterceptorSupport.java,22.0,6.0,1.0,3.0,3.0,5.0,96.0,chirino@apache.org,1,0.0014367816091954023,50.0,0.0,0.0,50.0,1135.7478991596638,37777.795679019386,1,0,2.3264363088162257,false
activemq-broker/src/main/java/org/apache/activemq/broker/view/MessageBrokerView.java,207.0,13.0,58.0,20.0,51.0,65.0,28.0,rajdavies@apache.org,3,0.0028735632183908046,60.0,40.0,20.0,20.0,1684.5357779475426,40150.99577720672,3,0,2.085248590720629,true
activemq-broker/src/main/java/org/apache/activemq/broker/view/MessageBrokerViewRegistry.java,26.0,4.0,1.0,2.0,4.0,5.0,53.0,rajdavies@apache.org,2,0.0028735632183908046,100.0,50.0,0.0,50.0,1501.2630506748153,39146.775353530255,2,0,2.1656444967524946,false
activemq-broker/src/main/java/org/apache/activemq/memory/CacheEvictionUsageListener.java,48.0,11.0,3.0,6.0,18.0,16.0,96.0,chirino@apache.org,1,0.0014367816091954023,50.0,0.0,0.0,50.0,1135.7478991596638,37777.795679019386,1,0,2.3264363088162257,false
activemq-broker/src/main/java/org/apache/activemq/memory/list/SimpleMessageList.java,62.0,8.0,6.0,8.0,16.0,15.0,96.0,chirino@apache.org,1,0.0014367816091954023,50.0,0.0,0.0,50.0,1135.7478991596638,37777.795679019386,1,0,2.3264363088162257,false
activemq-broker/src/main/java/org/apache/activemq/network/ConditionalNetworkBridgeFilterFactory.java,110.0,11.0,28.0,9.0,11.0,14.0,96.0,gtully@apache.org,1,0.0014367816091954023,25.0,0.0,0.0,25.0,1135.7478991596638,37777.795679019386,1,2,2.3264363088162257,true
activemq-broker/src/main/java/org/apache/activemq/network/ConduitBridge.java,57.0,10.0,4.0,4.0,28.0,15.0,36.0,gary.tully@gmail.com,2,0.0028735632183908046,33.0,17.0,33.0,17.0,3737.2478991596636,95976.91273127703,2,1,1.427319283383354,false
activemq-broker/src/main/java/org/apache/activemq/network/DefaultNetworkBridgeFilterFactory.java,9.0,3.0,0.0,1.0,0.0,2.0,0.0,gtully@apache.org,0,0.0,0.0,0.0,0.0,0.0,0.0,0.0,0,1,0.0,false
activemq-broker/src/main/java/org/apache/activemq/network/DemandForwardingBridgeSupport.java,1288.0,48.0,2218.0,85.0,527.0,266.0,36.0,null,2,0.0028735632183908046,5.0,3.0,5.0,3.0,3737.2478991596636,95976.91273127703,2,13,1.427319283383354,true
activemq-broker/src/main/java/org/apache/activemq/network/DemandSubscription.java,108.0,11.0,68.0,16.0,22.0,37.0,49.0,gtully@apache.org,2,0.0028735632183908046,33.0,0.0,17.0,17.0,3737.2478991596636,95976.91273127703,2,1,1.4363369854027361,false
activemq-broker/src/main/java/org/apache/activemq/network/DiscoveryNetworkConnector.java,189.0,22.0,36.0,12.0,48.0,36.0,51.0,tabish@apache.org,2,0.0028735632183908046,29.0,0.0,0.0,14.0,3049.0593745694996,62969.56441329126,2,2,1.4481022341078331,false
activemq-broker/src/main/java/org/apache/activemq/network/DurableConduitBridge.java,67.0,8.0,15.0,6.0,32.0,18.0,35.0,gary.tully@gmail.com,2,0.0028735632183908046,40.0,20.0,40.0,20.0,3737.2478991596636,95976.91273127703,2,1,1.427319283383354,true
activemq-broker/src/main/java/org/apache/activemq/network/ForwardingBridge.java,283.0,28.0,388.0,33.0,88.0,66.0,96.0,chirino@apache.org,1,0.0014367816091954023,50.0,0.0,0.0,50.0,1135.7478991596638,37777.795679019386,1,0,2.3264363088162257,false
activemq-broker/src/main/java/org/apache/activemq/network/LdapNetworkConnector.java,324.0,21.0,80.0,21.0,101.0,55.0,96.0,dejan@nighttale.net,1,0.0014367816091954023,25.0,0.0,0.0,25.0,1135.7478991596638,37777.795679019386,1,1,2.3264363088162257,true
activemq-broker/src/main/java/org/apache/activemq/network/MBeanNetworkListener.java,48.0,9.0,5.0,6.0,16.0,15.0,96.0,rajdavies@gmail.com,1,0.0014367816091954023,11.0,0.0,0.0,11.0,1135.7478991596638,37777.795679019386,1,2,2.3264363088162257,false
activemq-broker/src/main/java/org/apache/activemq/network/NetworkBridgeConfiguration.java,326.0,5.0,1373.0,54.0,9.0,91.0,52.0,gtully@apache.org,2,0.0028735632183908046,11.0,11.0,11.0,11.0,3737.2478991596636,95976.91273127703,2,2,1.4363369854027361,true
activemq-broker/src/main/java/org/apache/activemq/network/NetworkBridgeFilterFactory.java,3.0,3.0,0.0,1.0,0.0,1.0,0.0,gtully@apache.org,0,0.0,0.0,0.0,0.0,0.0,0.0,0.0,0,1,0.0,false
activemq-broker/src/main/java/org/apache/activemq/network/NetworkConnector.java,165.0,23.0,391.0,31.0,44.0,66.0,51.0,null,2,0.0014367816091954023,14.0,0.0,0.0,29.0,1522.4145658263305,39023.86707320808,2,2,1.371026894194204,true
activemq-broker/src/main/java/org/apache/activemq/network/jms/DestinationBridge.java,123.0,11.0,94.0,16.0,22.0,34.0,96.0,chirino@apache.org,1,0.0014367816091954023,50.0,0.0,0.0,50.0,1135.7478991596638,37777.795679019386,1,0,2.3264363088162257,false
activemq-broker/src/main/java/org/apache/activemq/network/jms/JmsConnector.java,477.0,20.0,1389.0,58.0,89.0,135.0,51.0,chirino@apache.org,2,0.0014367816091954023,20.0,0.0,0.0,40.0,1522.4145658263305,39023.86707320808,2,0,1.371026894194204,true
activemq-broker/src/main/java/org/apache/activemq/network/jms/SimpleJmsQueueConnector.java,375.0,12.0,356.0,29.0,99.0,78.0,96.0,chirino@apache.org,1,0.0014367816091954023,50.0,0.0,0.0,50.0,1135.7478991596638,37777.795679019386,1,0,2.3264363088162257,false
activemq-broker/src/main/java/org/apache/activemq/network/jms/SimpleJmsTopicConnector.java,376.0,12.0,356.0,29.0,99.0,78.0,96.0,chirino@apache.org,1,0.0014367816091954023,50.0,0.0,0.0,50.0,1135.7478991596638,37777.795679019386,1,0,2.3264363088162257,false
activemq-broker/src/main/java/org/apache/activemq/plugin/DiscardingDLQBroker.java,90.0,10.0,57.0,14.0,16.0,27.0,54.0,tabish@apache.org,2,0.0028735632183908046,50.0,0.0,0.0,25.0,3049.0593745694996,62969.56441329126,2,1,1.4481022341078331,true
activemq-broker/src/main/java/org/apache/activemq/plugin/DiscardingDLQBrokerPlugin.java,72.0,7.0,64.0,13.0,21.0,24.0,96.0,chirino@apache.org,1,0.0014367816091954023,50.0,0.0,0.0,50.0,1135.7478991596638,37777.795679019386,1,0,2.3264363088162257,false
activemq-broker/src/main/java/org/apache/activemq/plugin/ForcePersistencyModeBrokerPlugin.java,38.0,4.0,4.0,4.0,4.0,8.0,96.0,chirino@apache.org,1,0.0014367816091954023,50.0,0.0,0.0,50.0,1135.7478991596638,37777.795679019386,1,0,2.3264363088162257,false
activemq-broker/src/main/java/org/apache/activemq/plugin/StatisticsBroker.java,198.0,28.0,26.0,8.0,105.0,22.0,9.0,null,1,0.0014367816091954023,17.0,0.0,17.0,0.0,365.5151515151515,1368.9796745108715,1,0,3.391147045808654,true
activemq-broker/src/main/java/org/apache/activemq/plugin/SubQueueSelectorCacheBroker.java,118.0,14.0,0.0,7.0,22.0,21.0,96.0,null,1,0.0014367816091954023,17.0,0.0,0.0,17.0,1135.7478991596638,37777.795679019386,1,0,2.3264363088162257,true
activemq-broker/src/main/java/org/apache/activemq/proxy/ProxyConnection.java,83.0,11.0,4.0,8.0,28.0,23.0,96.0,chirino@apache.org,1,0.0014367816091954023,33.0,0.0,0.0,33.0,1135.7478991596638,37777.795679019386,1,0,2.3264363088162257,true
activemq-broker/src/main/java/org/apache/activemq/proxy/ProxyConnector.java,118.0,15.0,105.0,19.0,32.0,43.0,51.0,chirino@apache.org,2,0.0014367816091954023,25.0,0.0,0.0,50.0,1522.4145658263305,39023.86707320808,2,0,1.371026894194204,true
activemq-broker/src/main/java/org/apache/activemq/security/AuthorizationBroker.java,140.0,14.0,180.0,21.0,58.0,50.0,10.0,gtully@apache.org,1,0.0014367816091954023,29.0,14.0,0.0,0.0,1913.311475409836,25191.768734271867,1,0,1.9560625205193314,true
activemq-broker/src/main/java/org/apache/activemq/security/DefaultAuthorizationMap.java,216.0,11.0,215.0,23.0,45.0,60.0,5.0,dejan@nighttale.net,1,0.0014367816091954023,14.0,14.0,0.0,0.0,1913.311475409836,25191.768734271867,1,0,1.9560625205193314,false
activemq-broker/src/main/java/org/apache/activemq/security/SimpleCachedLDAPAuthorizationMap.java,822.0,36.0,1903.0,70.0,143.0,203.0,96.0,dejan@nighttale.net,1,0.0014367816091954023,14.0,0.0,0.0,14.0,1135.7478991596638,37777.795679019386,1,2,2.3264363088162257,true
activemq-broker/src/main/java/org/apache/activemq/store/SharedFileLocker.java,56.0,7.0,3.0,6.0,9.0,19.0,2.0,clebertsuconic@apache.org,1,0.0,0.0,0.0,0.0,0.0,1913.311475409836,25191.768734271867,1,0,1.9560625205193314,false
activemq-broker/src/main/java/org/apache/activemq/transaction/LocalTransaction.java,77.0,8.0,0.0,6.0,24.0,15.0,19.0,gtully@apache.org,1,0.0014367816091954023,50.0,50.0,50.0,50.0,1913.311475409836,25191.768734271867,1,0,1.9560625205193314,false
activemq-broker/src/main/java/org/apache/activemq/transaction/XATransaction.java,158.0,10.0,3.0,14.0,42.0,40.0,19.0,gary.tully@gmail.com,1,0.0014367816091954023,33.0,33.0,33.0,33.0,1913.311475409836,25191.768734271867,1,0,1.9560625205193314,true
activemq-broker/src/main/java/org/apache/activemq/util/DefaultIOExceptionHandler.java,163.0,8.0,139.0,22.0,47.0,55.0,19.0,chirino@apache.org,1,0.0014367816091954023,17.0,17.0,17.0,17.0,1913.311475409836,25191.768734271867,1,1,1.9560625205193314,true
activemq-broker/src/main/java/org/apache/activemq/util/LockFile.java,107.0,6.0,0.0,6.0,26.0,21.0,2.0,gary.tully@gmail.com,2,0.0014367816091954023,0.0,12.0,12.0,0.0,4514.811475409836,83390.88578652951,2,0,1.251150091254289,false
activemq-broker/src/test/java/org/apache/activemq/broker/interceptor/MessageInterceptorTest.java,198.0,17.0,146.0,20.0,112.0,43.0,6.0,rajdavies@apache.org,2,0.0014367816091954023,50.0,50.0,50.0,0.0,548.7878787878788,2373.2000981873352,2,0,2.6979998652487085,false
activemq-broker/src/test/java/org/apache/activemq/broker/view/BrokerDestinationViewTest.java,39.0,13.0,0.0,3.0,22.0,9.0,3.0,rajdavies@apache.org,1,0.0014367816091954023,100.0,100.0,0.0,0.0,365.5151515151515,1368.9796745108715,1,0,3.391147045808654,false
activemq-camel/src/main/java/org/apache/activemq/camel/component/ActiveMQComponent.java,182.0,20.0,192.0,21.0,45.0,50.0,0.0,null,0,0.0,0.0,0.0,0.0,0.0,0.0,0.0,0,2,0.0,true
activemq-camel/src/main/java/org/apache/activemq/camel/component/CamelEndpointLoader.java,113.0,15.0,43.0,15.0,35.0,34.0,11.0,null,1,0.0014367816091954023,9.0,0.0,9.0,0.0,1035.1304347826087,8666.128699725079,1,3,2.0561459790763137,true
activemq-camel/src/main/java/org/apache/activemq/camel/component/broker/BrokerComponent.java,51.0,13.0,3.0,3.0,16.0,11.0,8.0,rajdavies@apache.org,1,0.0014367816091954023,25.0,0.0,25.0,0.0,365.5151515151515,1368.9796745108715,1,0,3.391147045808654,false
activemq-camel/src/main/java/org/apache/activemq/camel/component/broker/BrokerConfiguration.java,9.0,1.0,0.0,2.0,0.0,3.0,8.0,rajdavies@apache.org,1,0.0014367816091954023,33.0,0.0,33.0,0.0,365.5151515151515,1368.9796745108715,1,0,3.391147045808654,false
activemq-camel/src/main/java/org/apache/activemq/camel/component/broker/BrokerConsumer.java,27.0,11.0,6.0,4.0,11.0,7.0,8.0,rajdavies@apache.org,1,0.0014367816091954023,50.0,0.0,50.0,0.0,365.5151515151515,1368.9796745108715,1,0,3.391147045808654,false
activemq-camel/src/main/java/org/apache/activemq/camel/component/broker/BrokerEndpoint.java,64.0,18.0,27.0,11.0,16.0,26.0,5.0,claus.ibsen@gmail.com,2,0.0014367816091954023,20.0,0.0,40.0,0.0,548.7878787878788,2373.2000981873352,2,0,2.6979998652487085,false
activemq-camel/src/main/java/org/apache/activemq/camel/component/broker/BrokerJmsMessage.java,24.0,4.0,6.0,4.0,6.0,10.0,8.0,rajdavies@apache.org,1,0.0014367816091954023,50.0,0.0,50.0,0.0,365.5151515151515,1368.9796745108715,1,0,3.391147045808654,false
activemq-camel/src/main/java/org/apache/activemq/camel/component/broker/BrokerProducer.java,104.0,11.0,8.0,5.0,35.0,17.0,8.0,rajdavies@apache.org,1,0.0014367816091954023,50.0,0.0,50.0,0.0,365.5151515151515,1368.9796745108715,1,0,3.391147045808654,false
activemq-camel/src/test/java/org/apache/activemq/camel/AMQ2240Test.java,42.0,11.0,2.0,4.0,16.0,11.0,1.0,tabish@apache.org,1,0.0014367816091954023,33.0,0.0,33.0,0.0,1035.1304347826087,8666.128699725079,1,1,2.0561459790763137,true
activemq-camel/src/test/java/org/apache/activemq/camel/component/AutoExposeQueuesInCamelTest.java,68.0,17.0,1.0,6.0,26.0,16.0,0.0,dejanb@apache.org,0,0.0,0.0,0.0,0.0,0.0,0.0,0.0,0,0,0.0,false
activemq-camel/src/test/java/org/apache/activemq/camel/component/broker/BrokerComponentXMLConfigTest.java,111.0,23.0,26.0,9.0,43.0,26.0,5.0,rajdavies@apache.org,2,0.0014367816091954023,33.0,0.0,67.0,0.0,548.7878787878788,2373.2000981873352,2,0,2.6979998652487085,false
activemq-client/src/main/java/org/apache/activemq/ActiveMQMessageAuditNoSync.java,248.0,9.0,57.0,22.0,47.0,56.0,2.0,chirino@apache.org,1,0.0014367816091954023,40.0,0.0,0.0,0.0,44.0,43.95513032905155,1,2,3.9019726695746444,false
activemq-client/src/main/java/org/apache/activemq/ActiveMQMessageConsumer.java,1227.0,46.0,1096.0,77.0,459.0,267.0,5.0,gary.tully@gmail.com,3,0.004310344827586207,30.0,10.0,20.0,15.0,5549.941910192445,92057.0144862546,3,4,1.007937267083453,true
activemq-client/src/main/java/org/apache/activemq/ActiveMQMessageTransformation.java,154.0,6.0,6.0,4.0,49.0,21.0,1.0,rajdavies@apache.org,1,0.0014367816091954023,50.0,0.0,0.0,0.0,365.5151515151515,1368.9796745108715,1,0,3.391147045808654,false
activemq-client/src/main/java/org/apache/activemq/ActiveMQSession.java,1256.0,75.0,4633.0,111.0,369.0,387.0,5.0,null,2,0.0028735632183908046,15.0,8.0,8.0,8.0,4514.811475409836,83390.88578652951,2,2,1.251150091254289,true
activemq-client/src/main/java/org/apache/activemq/SimplePriorityMessageDispatchChannel.java,160.0,4.0,0.0,21.0,30.0,57.0,0.0,tabish@apache.org,0,0.0,0.0,0.0,0.0,0.0,0.0,0.0,0,1,0.0,false
activemq-client/src/main/java/org/apache/activemq/TransactionContext.java,594.0,26.0,138.0,33.0,147.0,137.0,8.0,gary.tully@gmail.com,2,0.0014367816091954023,12.0,0.0,12.0,0.0,4514.811475409836,83390.88578652951,2,0,1.251150091254289,true
activemq-client/src/main/java/org/apache/activemq/blob/FTPBlobUploadStrategy.java,35.0,9.0,3.0,3.0,15.0,11.0,0.0,tabish@apache.org,0,0.0,0.0,0.0,0.0,0.0,0.0,0.0,0,1,0.0,false
activemq-client/src/main/java/org/apache/activemq/broker/scheduler/CronParser.java,252.0,6.0,120.0,17.0,72.0,59.0,0.0,tabish@apache.org,0,0.0,0.0,0.0,0.0,0.0,0.0,0.0,0,1,0.0,true
activemq-client/src/main/java/org/apache/activemq/command/ActiveMQMessage.java,588.0,20.0,3146.0,80.0,192.0,221.0,0.0,chirino@apache.org,0,0.0,0.0,0.0,0.0,0.0,0.0,0.0,0,4,0.0,true
activemq-client/src/main/java/org/apache/activemq/command/Message.java,608.0,19.0,5378.0,108.0,43.0,203.0,5.0,gary.tully@gmail.com,1,0.0014367816091954023,20.0,0.0,0.0,0.0,2601.5,58199.11705225765,1,2,1.9325320231091372,false
activemq-client/src/main/java/org/apache/activemq/command/MessageId.java,179.0,1.0,168.0,28.0,15.0,56.0,0.0,chirino@apache.org,0,0.0,0.0,0.0,0.0,0.0,0.0,0.0,0,6,0.0,true
activemq-client/src/main/java/org/apache/activemq/command/NetworkBridgeFilter.java,119.0,8.0,66.0,16.0,15.0,36.0,0.0,gtully@apache.org,0,0.0,0.0,0.0,0.0,0.0,0.0,0.0,0,1,0.0,false
activemq-client/src/main/java/org/apache/activemq/filter/DestinationMap.java,185.0,7.0,107.0,18.0,46.0,57.0,2.0,null,1,0.0014367816091954023,20.0,20.0,0.0,0.0,365.5151515151515,1368.9796745108715,1,0,3.391147045808654,true
activemq-client/src/main/java/org/apache/activemq/filter/DestinationMapNode.java,189.0,7.0,92.0,21.0,42.0,57.0,2.0,dejan@nighttale.net,1,0.0014367816091954023,14.0,14.0,0.0,0.0,365.5151515151515,1368.9796745108715,1,0,3.391147045808654,true
activemq-client/src/main/java/org/apache/activemq/filter/PropertyExpression.java,213.0,9.0,283.0,26.0,47.0,64.0,5.0,tabish@apache.org,1,0.0014367816091954023,17.0,0.0,0.0,0.0,2601.5,58199.11705225765,1,3,1.9325320231091372,true
activemq-client/src/main/java/org/apache/activemq/management/CountStatisticImpl.java,100.0,2.0,0.0,15.0,32.0,27.0,2.0,dejan@nighttale.net,1,0.0014367816091954023,50.0,0.0,0.0,0.0,116.0,177.41437217194277,1,0,2.749293159636259,true
activemq-client/src/main/java/org/apache/activemq/management/SizeStatisticImpl.java,128.0,0.0,52.0,16.0,10.0,31.0,1.0,tabish121@gmail.com,1,0.0014367816091954023,33.0,33.0,0.0,0.0,365.5151515151515,1368.9796745108715,1,0,3.391147045808654,true
activemq-client/src/main/java/org/apache/activemq/openwire/v10/MessageIdMarshaller.java,83.0,5.0,21.0,7.0,35.0,16.0,0.0,chirino@apache.org,0,0.0,0.0,0.0,0.0,0.0,0.0,0.0,0,0,0.0,false
activemq-client/src/main/java/org/apache/activemq/openwire/v10/MessageMarshaller.java,244.0,5.0,10.0,5.0,192.0,20.0,5.0,gary.tully@gmail.com,1,0.0014367816091954023,50.0,0.0,0.0,0.0,2601.5,58199.11705225765,1,0,1.9325320231091372,false
activemq-client/src/main/java/org/apache/activemq/openwire/v10/NetworkBridgeFilterMarshaller.java,76.0,5.0,21.0,7.0,22.0,16.0,0.0,gtully@apache.org,0,0.0,0.0,0.0,0.0,0.0,0.0,0.0,0,1,0.0,false
activemq-client/src/main/java/org/apache/activemq/thread/TaskRunnerFactory.java,185.0,12.0,249.0,34.0,33.0,60.0,3.0,dejan@nighttale.net,1,0.0,0.0,0.0,0.0,0.0,1135.7478991596638,37777.795679019386,1,0,2.3264363088162257,true
activemq-client/src/main/java/org/apache/activemq/transport/AbstractInactivityMonitor.java,345.0,17.0,504.0,36.0,103.0,87.0,2.0,tabish121@gmai.com,1,0.0,0.0,0.0,0.0,20.0,1135.7478991596638,37777.795679019386,1,1,2.3264363088162257,true
activemq-client/src/main/java/org/apache/activemq/transport/discovery/DiscoveryTransport.java,80.0,12.0,0.0,10.0,17.0,21.0,3.0,hiram@hiramchirino.com,1,0.0,0.0,0.0,33.0,0.0,1552.0714285714284,17042.448129463697,1,0,1.9560625205193314,false
activemq-client/src/main/java/org/apache/activemq/transport/failover/FailoverTransport.java,1167.0,34.0,3579.0,94.0,293.0,255.0,2.0,null,2,0.0014367816091954023,0.0,5.0,10.0,0.0,4153.571428571428,75241.56518172135,2,4,1.251150091254289,true
activemq-client/src/main/java/org/apache/activemq/transport/failover/FailoverTransportFactory.java,49.0,13.0,10.0,5.0,13.0,18.0,2.0,hiram@hiramchirino.com,1,0.0014367816091954023,0.0,33.0,67.0,0.0,1552.0714285714284,17042.448129463697,1,0,1.9560625205193314,false
activemq-client/src/main/java/org/apache/activemq/transport/nio/SelectorManager.java,80.0,9.0,71.0,14.0,11.0,26.0,3.0,tabish121@gmail.com,1,0.0,0.0,0.0,0.0,0.0,1135.7478991596638,37777.795679019386,1,0,2.3264363088162257,true
activemq-client/src/main/java/org/apache/activemq/transport/tcp/SslTransport.java,65.0,12.0,10.0,5.0,10.0,14.0,1.0,chirino@apache.org,1,0.0014367816091954023,50.0,0.0,50.0,0.0,44.0,43.95513032905155,1,0,3.9019726695746444,true
activemq-client/src/main/java/org/apache/activemq/transport/tcp/TcpTransportServer.java,365.0,35.0,828.0,44.0,74.0,94.0,2.0,tabish@apache.org,1,0.0014367816091954023,11.0,0.0,11.0,0.0,1035.1304347826087,8666.128699725079,1,1,2.0561459790763137,true
activemq-client/src/main/java/org/apache/activemq/usage/MemoryUsage.java,163.0,1.0,85.0,15.0,35.0,35.0,2.0,tabish@apache.org,1,0.0014367816091954023,25.0,0.0,0.0,0.0,1913.311475409836,25191.768734271867,1,2,1.9560625205193314,true
activemq-client/src/main/java/org/apache/activemq/util/IdGenerator.java,159.0,5.0,14.0,8.0,16.0,22.0,0.0,hiram@hiramchirino.com,0,0.0,0.0,0.0,0.0,0.0,0.0,0.0,0,0,0.0,true
activemq-client/src/main/java/org/apache/activemq/util/Suspendable.java,7.0,0.0,1.0,2.0,0.0,4.0,3.0,hiram@hiramchirino.com,1,0.0,0.0,0.0,100.0,0.0,1552.0714285714284,17042.448129463697,1,0,1.9560625205193314,false
activemq-client/src/main/java/org/apache/activemq/util/TypeConversionSupport.java,207.0,8.0,190.0,20.0,30.0,46.0,7.0,tabish@apache.org,1,0.0014367816091954023,33.0,0.0,0.0,0.0,1913.311475409836,25191.768734271867,1,1,1.9560625205193314,false
activemq-client/src/main/java/org/apache/activemq/util/URISupport.java,430.0,10.0,153.0,18.0,91.0,86.0,2.0,hiram@hiramchirino.com,1,0.0,0.0,0.0,50.0,0.0,1552.0714285714284,17042.448129463697,1,0,1.9560625205193314,false
activemq-client/src/test/java/org/apache/activemq/ActiveMQMessageAuditNotSyncTest.java,26.0,11.0,3.0,3.0,7.0,7.0,0.0,tabish@apache.org,0,0.0,0.0,0.0,0.0,0.0,0.0,0.0,0,1,0.0,false
activemq-client/src/test/java/org/apache/activemq/usage/MemoryUsageTest.java,56.0,11.0,1.0,7.0,35.0,14.0,2.0,gary.tully@gmail.com,2,0.0014367816091954023,33.0,0.0,0.0,0.0,4514.811475409836,83390.88578652951,2,0,1.251150091254289,false
activemq-console/src/main/java/org/apache/activemq/console/command/CreateCommand.java,188.0,17.0,79.0,14.0,71.0,55.0,1.0,ceposta@apache.org,1,0.0014367816091954023,14.0,14.0,14.0,0.0,36.0,12.47746477519509,1,1,4.307437777682809,true
activemq-console/src/main/java/org/apache/activemq/console/command/DstatCommand.java,74.0,9.0,15.0,7.0,41.0,23.0,1.0,claus.ibsen@gmail.com,2,0.0028735632183908046,20.0,40.0,20.0,0.0,1421.7971014492755,9912.200093913774,2,0,1.250142385192007,true
activemq-http/src/main/java/org/apache/activemq/transport/discovery/http/HTTPDiscoveryAgent.java,279.0,24.0,149.0,23.0,68.0,69.0,3.0,hiram@hiramchirino.com,1,0.0,0.0,0.0,33.0,0.0,1552.0714285714284,17042.448129463697,1,0,1.9560625205193314,false
activemq-http/src/main/java/org/apache/activemq/transport/http/HttpClientTransport.java,269.0,41.0,281.0,27.0,96.0,81.0,0.0,tabish@apache.org,0,0.0,0.0,0.0,0.0,0.0,0.0,0.0,0,0,0.0,true
activemq-http/src/main/java/org/apache/activemq/transport/ws/MQTTSocket.java,74.0,17.0,71.0,14.0,22.0,30.0,0.0,hiram@hiramchirino.com,0,0.0,0.0,0.0,0.0,0.0,0.0,0.0,0,0,0.0,true
activemq-http/src/main/java/org/apache/activemq/transport/ws/WSServlet.java,28.0,8.0,1.0,3.0,7.0,10.0,0.0,dejanb@apache.org,0,0.0,0.0,0.0,0.0,0.0,0.0,0.0,0,0,0.0,false
activemq-http/src/main/java/org/apache/activemq/transport/ws/WSTransportServer.java,58.0,12.0,28.0,8.0,25.0,15.0,1.0,dkulp@apache.org,1,0.0,0.0,0.0,0.0,0.0,386.6666666666667,1246.0713941886952,1,1,1.801911840692073,false
activemq-jdbc-store/src/main/java/org/apache/activemq/store/jdbc/DefaultDatabaseLocker.java,173.0,12.0,21.0,10.0,30.0,30.0,16.0,gary.tully@gmail.com,2,0.0028735632183908046,29.0,29.0,29.0,29.0,4514.811475409836,83390.88578652951,2,2,1.251150091254289,true
activemq-jdbc-store/src/main/java/org/apache/activemq/store/jdbc/JDBCIOExceptionHandler.java,31.0,4.0,1.0,2.0,5.0,6.0,19.0,gary.tully@gmail.com,1,0.0014367816091954023,25.0,25.0,25.0,25.0,1913.311475409836,25191.768734271867,1,0,1.9560625205193314,true
activemq-jdbc-store/src/main/java/org/apache/activemq/store/jdbc/JDBCPersistenceAdapter.java,678.0,39.0,2928.0,81.0,192.0,210.0,10.0,gary.tully@gmail.com,2,0.0028735632183908046,13.0,7.0,7.0,7.0,4514.811475409836,83390.88578652951,2,3,1.251150091254289,true
activemq-jdbc-store/src/main/java/org/apache/activemq/store/jdbc/LeaseDatabaseLocker.java,224.0,15.0,112.0,21.0,80.0,66.0,11.0,gtully@apache.org,2,0.0028735632183908046,33.0,22.0,33.0,22.0,4514.811475409836,83390.88578652951,2,0,1.3117048530877873,true
activemq-jdbc-store/src/main/java/org/apache/activemq/store/jdbc/Statements.java,684.0,0.0,7845.0,127.0,71.0,246.0,13.0,gary.tully@gmail.com,1,0.0014367816091954023,17.0,17.0,17.0,17.0,2601.5,58199.11705225765,1,0,1.9325320231091372,true
activemq-jdbc-store/src/main/java/org/apache/activemq/store/jdbc/TransactionContext.java,194.0,9.0,47.0,15.0,36.0,43.0,8.0,gary.tully@gmail.com,1,0.0014367816091954023,14.0,14.0,14.0,14.0,1913.311475409836,25191.768734271867,1,0,1.9560625205193314,true
activemq-jdbc-store/src/main/java/org/apache/activemq/store/jdbc/adapter/DefaultJDBCAdapter.java,1041.0,29.0,0.0,49.0,527.0,185.0,0.0,gary.tully@gmail.com,0,0.0,0.0,0.0,0.0,0.0,0.0,0.0,0,2,0.0,true
activemq-jdbc-store/src/main/java/org/apache/activemq/store/journal/JournalPersistenceAdapter.java,571.0,57.0,1243.0,58.0,145.0,152.0,0.0,tabish121@gmail.com,0,0.0,0.0,0.0,0.0,0.0,0.0,0.0,0,1,0.0,false
activemq-kahadb-store/src/main/java/org/apache/activemq/store/kahadb/KahaDBStore.java,1099.0,62.0,1330.0,53.0,132.0,137.0,9.0,gary.tully@gmail.com,1,0.0,0.0,0.0,0.0,0.0,1552.0714285714284,17042.448129463697,1,3,1.9560625205193314,true
activemq-kahadb-store/src/main/java/org/apache/activemq/store/kahadb/KahaDBTransactionStore.java,406.0,35.0,758.0,44.0,135.0,134.0,9.0,gary.tully@gmail.com,1,0.0,0.0,0.0,0.0,0.0,1552.0714285714284,17042.448129463697,1,1,1.9560625205193314,false
activemq-kahadb-store/src/main/java/org/apache/activemq/store/kahadb/MessageDatabase.java,2440.0,76.0,9803.0,150.0,544.0,419.0,2.0,gary.tully@gmail.com,1,0.0014367816091954023,8.0,5.0,5.0,0.0,1913.311475409836,25191.768734271867,1,9,1.9560625205193314,true
activemq-kahadb-store/src/main/java/org/apache/activemq/store/kahadb/TempKahaDBStore.java,458.0,45.0,398.0,29.0,64.0,79.0,0.0,chirino@apache.org,0,0.0,0.0,0.0,0.0,0.0,0.0,0.0,0,2,0.0,false
activemq-kahadb-store/src/main/java/org/apache/activemq/store/kahadb/scheduler/JobImpl.java,36.0,3.0,0.0,10.0,14.0,19.0,5.0,tabish121@gmail.com,1,0.0,0.0,0.0,33.0,0.0,1135.7478991596638,37777.795679019386,1,0,2.3264363088162257,true
activemq-kahadb-store/src/main/java/org/apache/activemq/store/kahadb/scheduler/JobLocation.java,220.0,8.0,65.0,23.0,13.0,42.0,5.0,tabish121@gmail.com,1,0.0,0.0,0.0,33.0,0.0,1135.7478991596638,37777.795679019386,1,0,2.3264363088162257,true
activemq-kahadb-store/src/main/java/org/apache/activemq/store/kahadb/scheduler/JobSchedulerImpl.java,575.0,25.0,523.0,59.0,263.0,189.0,4.0,tabish@apache.org,2,0.0014367816091954023,33.0,0.0,50.0,0.0,2170.8783339422725,46443.924378744465,2,0,1.5097285873614714,true
activemq-kahadb-store/src/main/java/org/apache/activemq/store/kahadb/scheduler/JobSchedulerStoreImpl.java,261.0,31.0,194.0,24.0,47.0,62.0,3.0,tabish@apache.org,1,0.0014367816091954023,14.0,0.0,14.0,0.0,1035.1304347826087,8666.128699725079,1,1,2.0561459790763137,false
activemq-leveldb-store/src/main/java/org/apache/activemq/leveldb/replicated/ReplicatedLevelDBStoreViewMBean.java,18.0,2.0,66.0,12.0,0.0,13.0,5.0,hiram@hiramchirino.com,1,0.0014367816091954023,25.0,0.0,25.0,0.0,1552.0714285714284,17042.448129463697,1,0,1.9560625205193314,true
activemq-leveldb-store/src/main/java/org/apache/activemq/leveldb/replicated/dto/LogDelete.java,6.0,5.0,0.0,0.0,0.0,0.0,6.0,dejan@nighttale.net,1,0.0,0.0,0.0,50.0,0.0,1552.0714285714284,17042.448129463697,1,0,1.9560625205193314,false
activemq-leveldb-store/src/main/java/org/apache/activemq/leveldb/replicated/dto/Login.java,7.0,5.0,0.0,0.0,0.0,0.0,0.0,dejan@nighttale.net,0,0.0,0.0,0.0,0.0,0.0,0.0,0.0,0,0,0.0,false
activemq-leveldb-store/src/main/java/org/apache/activemq/leveldb/replicated/groups/ZKClient.java,494.0,30.0,818.0,45.0,119.0,152.0,0.0,chirino@apache.org,0,0.0,0.0,0.0,0.0,0.0,0.0,0.0,0,1,0.0,false
activemq-leveldb-store/src/main/java/org/apache/activemq/store/leveldb/ReplicatedLevelDBPersistenceAdapter.java,6.0,2.0,0.0,0.0,0.0,0.0,0.0,chirino@apache.org,0,0.0,0.0,0.0,0.0,0.0,0.0,0.0,0,0,0.0,false
activemq-leveldb-store/src/test/java/org/apache/activemq/leveldb/test/ReplicatedLevelDBStoreTest.java,118.0,18.0,28.0,8.0,53.0,21.0,0.0,chirino@apache.org,0,0.0,0.0,0.0,0.0,0.0,0.0,0.0,0,0,0.0,false
activemq-mqtt/src/main/java/org/apache/activemq/transport/mqtt/MQTTProtocolConverter.java,577.0,60.0,384.0,36.0,264.0,117.0,2.0,null,1,0.0,0.0,0.0,2.0,0.0,28.0,4.210873327872101,1,3,4.307437777682809,true
activemq-mqtt/src/test/java/org/apache/activemq/transport/mqtt/AbstractMQTTTest.java,279.0,21.0,0.0,22.0,169.0,66.0,2.0,null,1,0.0014367816091954023,7.0,7.0,0.0,0.0,36.0,12.47746477519509,1,4,4.307437777682809,true
activemq-mqtt/src/test/java/org/apache/activemq/transport/mqtt/FuseMQQTTClientProvider.java,53.0,8.0,0.0,12.0,21.0,23.0,0.0,rajdavies@apache.org,0,0.0,0.0,0.0,0.0,0.0,0.0,0.0,0,1,0.0,true
activemq-mqtt/src/test/java/org/apache/activemq/transport/mqtt/MQTTClientProvider.java,14.0,0.0,66.0,12.0,0.0,20.0,0.0,rajdavies@apache.org,0,0.0,0.0,0.0,0.0,0.0,0.0,0.0,0,1,0.0,true
activemq-mqtt/src/test/java/org/apache/activemq/transport/mqtt/MQTTNioTest.java,52.0,11.0,10.0,5.0,32.0,14.0,2.0,null,1,0.0,0.0,0.0,12.0,0.0,28.0,4.210873327872101,1,1,4.307437777682809,true
activemq-mqtt/src/test/java/org/apache/activemq/transport/mqtt/MQTTTest.java,222.0,14.0,123.0,18.0,118.0,51.0,1.0,null,1,0.0014367816091954023,4.0,4.0,0.0,2.0,36.0,12.47746477519509,1,7,4.307437777682809,true
activemq-pool/src/main/java/org/apache/activemq/pool/PooledConnectionFactory.java,300.0,15.0,427.0,35.0,70.0,100.0,54.0,null,2,0.0014367816091954023,4.0,0.0,0.0,0.0,4514.811475409836,83390.88578652951,2,10,1.251150091254289,true
activemq-pool/src/main/java/org/apache/activemq/pool/XaPooledConnectionFactory.java,112.0,20.0,155.0,19.0,30.0,43.0,54.0,gtully@apache.org,2,0.0014367816091954023,11.0,0.0,0.0,0.0,4514.811475409836,83390.88578652951,2,3,1.251150091254289,true
activemq-ra/src/main/java/org/apache/activemq/ra/ServerSessionImpl.java,210.0,18.0,10.0,16.0,37.0,44.0,3.0,chirino@apache.org,1,0.0014367816091954023,7.0,7.0,0.0,0.0,1913.311475409836,25191.768734271867,1,4,1.9560625205193314,true
activemq-ra/src/test/java/org/apache/activemq/ra/MDBTest.java,429.0,45.0,703.0,38.0,178.0,107.0,3.0,chirino@apache.org,1,0.0014367816091954023,6.0,6.0,0.0,0.0,1913.311475409836,25191.768734271867,1,5,1.9560625205193314,true
activemq-runtime-config/src/main/java/org/apache/activemq/plugin/RuntimeConfigurationBroker.java,638.0,88.0,632.0,41.0,258.0,152.0,7.0,gary.tully@gmail.com,2,0.0028735632183908046,58.0,21.0,12.0,12.0,4514.811475409836,83390.88578652951,2,0,1.3117048530877873,true
activemq-runtime-config/src/main/java/org/apache/activemq/plugin/RuntimeConfigurationPlugin.java,20.0,4.0,1.0,3.0,3.0,6.0,17.0,gtully@apache.org,1,0.0014367816091954023,100.0,100.0,0.0,0.0,1913.311475409836,25191.768734271867,1,0,1.9560625205193314,false
activemq-runtime-config/src/main/java/org/apache/activemq/plugin/jaxb2_commons/ElementAwareEqualsStrategy.java,15.0,3.0,0.0,1.0,1.0,5.0,17.0,gtully@apache.org,1,0.0014367816091954023,100.0,100.0,0.0,0.0,1913.311475409836,25191.768734271867,1,0,1.9560625205193314,false
activemq-runtime-config/src/main/java/org/apache/activemq/plugin/jmx/RuntimeConfigurationView.java,23.0,3.0,0.0,5.0,7.0,10.0,9.0,gtully@apache.org,1,0.0014367816091954023,100.0,100.0,0.0,100.0,1913.311475409836,25191.768734271867,1,0,1.9560625205193314,false
activemq-runtime-config/src/main/java/org/apache/activemq/plugin/jmx/RuntimeConfigurationViewMBean.java,6.0,1.0,6.0,4.0,0.0,6.0,9.0,gtully@apache.org,1,0.0014367816091954023,100.0,100.0,0.0,100.0,1913.311475409836,25191.768734271867,1,0,1.9560625205193314,false
activemq-runtime-config/src/test/java/org/apache/activemq/AuthorizationTest.java,57.0,5.0,10.0,5.0,26.0,10.0,15.0,dbokde@redhat.com,1,0.0014367816091954023,20.0,0.0,0.0,0.0,1913.311475409836,25191.768734271867,1,0,1.9560625205193314,true
activemq-runtime-config/src/test/java/org/apache/activemq/MBeanTest.java,54.0,10.0,1.0,2.0,34.0,8.0,7.0,gtully@apache.org,1,0.0014367816091954023,100.0,50.0,0.0,50.0,1913.311475409836,25191.768734271867,1,0,1.9560625205193314,false
activemq-runtime-config/src/test/java/org/apache/activemq/NetworkConnectorTest.java,57.0,9.0,4.0,5.0,38.0,18.0,13.0,gtully@apache.org,1,0.0014367816091954023,100.0,40.0,0.0,20.0,1913.311475409836,25191.768734271867,1,0,1.9560625205193314,false
activemq-runtime-config/src/test/java/org/apache/activemq/PolicyEntryTest.java,49.0,6.0,4.0,4.0,38.0,14.0,8.0,gary.tully@gmail.com,2,0.0028735632183908046,100.0,100.0,50.0,0.0,4514.811475409836,83390.88578652951,2,0,1.251150091254289,false
activemq-runtime-config/src/test/java/org/apache/activemq/RuntimeConfigTestSupport.java,33.0,11.0,4.0,5.0,14.0,12.0,7.0,gary.tully@gmail.com,2,0.0028735632183908046,75.0,25.0,0.0,25.0,4514.811475409836,83390.88578652951,2,0,1.251150091254289,false
activemq-runtime-config/src/test/java/org/apache/activemq/SpringBeanTest.java,71.0,10.0,15.0,6.0,59.0,24.0,7.0,gary.tully@gmail.com,2,0.0028735632183908046,75.0,0.0,25.0,0.0,4514.811475409836,83390.88578652951,2,0,1.3117048530877873,false
activemq-runtime-config/src/test/java/org/apache/activemq/VirtualDestTest.java,135.0,10.0,6.0,9.0,83.0,25.0,10.0,gary.tully@gmail.com,2,0.0028735632183908046,67.0,17.0,0.0,17.0,4514.811475409836,83390.88578652951,2,0,1.3878447515479744,false
activemq-spring/src/main/java/org/apache/activemq/pool/PooledConnectionFactoryBean.java,135.0,7.0,100.0,17.0,9.0,37.0,45.0,tabish@apache.org,2,0.0014367816091954023,17.0,0.0,17.0,0.0,3636.630434782609,66865.24575198273,2,1,1.3011918205327802,true
activemq-spring/src/main/java/org/apache/activemq/security/XBeanAuthorizationEntry.java,43.0,2.0,15.0,6.0,5.0,14.0,13.0,tabish@apache.org,2,0.0028735632183908046,67.0,0.0,33.0,0.0,2948.441910192445,33857.89743399694,2,0,1.3129570692378771,true
activemq-spring/src/main/java/org/apache/activemq/security/XBeanAuthorizationMap.java,36.0,4.0,1.0,3.0,4.0,8.0,11.0,tabish@apache.org,1,0.0014367816091954023,25.0,0.0,25.0,0.0,1035.1304347826087,8666.128699725079,1,0,2.0561459790763137,true
activemq-spring/src/main/java/org/apache/activemq/spring/ActiveMQConnectionFactory.java,40.0,2.0,11.0,6.0,5.0,13.0,45.0,tabish@apache.org,1,0.0014367816091954023,50.0,0.0,50.0,0.0,1035.1304347826087,8666.128699725079,1,0,2.0561459790763137,true
activemq-spring/src/main/java/org/apache/activemq/spring/ActiveMQXAConnectionFactory.java,40.0,2.0,11.0,6.0,5.0,13.0,45.0,tabish@apache.org,1,0.0014367816091954023,50.0,0.0,50.0,0.0,1035.1304347826087,8666.128699725079,1,0,2.0561459790763137,true
activemq-spring/src/main/java/org/apache/activemq/spring/SpringBrokerContext.java,24.0,5.0,2.0,5.0,2.0,10.0,17.0,gtully@apache.org,1,0.0014367816091954023,50.0,0.0,0.0,0.0,1913.311475409836,25191.768734271867,1,0,1.9560625205193314,false
activemq-spring/src/main/java/org/apache/activemq/spring/SpringSslContext.java,147.0,14.0,285.0,27.0,29.0,59.0,11.0,dejan@nighttale.net,1,0.0014367816091954023,33.0,0.0,33.0,0.0,1035.1304347826087,8666.128699725079,1,0,2.0561459790763137,true
activemq-spring/src/main/java/org/apache/activemq/spring/Utils.java,23.0,8.0,0.0,1.0,4.0,7.0,1.0,gtully@apache.org,1,0.0014367816091954023,50.0,0.0,0.0,0.0,1913.311475409836,25191.768734271867,1,0,1.9560625205193314,false
activemq-spring/src/main/java/org/apache/activemq/xbean/XBeanBrokerFactory.java,63.0,20.0,8.0,5.0,19.0,16.0,17.0,gtully@apache.org,1,0.0014367816091954023,50.0,25.0,0.0,0.0,1913.311475409836,25191.768734271867,1,0,1.9560625205193314,false
activemq-spring/src/main/java/org/apache/activemq/xbean/XBeanBrokerService.java,75.0,7.0,24.0,9.0,19.0,20.0,11.0,tabish@apache.org,1,0.0014367816091954023,25.0,0.0,25.0,0.0,1035.1304347826087,8666.128699725079,1,1,2.0561459790763137,true
activemq-stomp/src/main/java/org/apache/activemq/transport/stomp/JmsFrameTranslator.java,200.0,26.0,83.0,14.0,64.0,53.0,17.0,null,1,0.0014367816091954023,17.0,0.0,0.0,0.0,1913.311475409836,25191.768734271867,1,1,1.9560625205193314,true
activemq-stomp/src/main/java/org/apache/activemq/transport/stomp/ProtocolConverter.java,765.0,25.0,336.0,36.0,309.0,137.0,1.0,null,1,0.0014367816091954023,23.0,15.0,23.0,0.0,1035.1304347826087,8666.128699725079,1,2,2.0561459790763137,true
activemq-stomp/src/main/java/org/apache/activemq/transport/stomp/StompTransportFilter.java,93.0,11.0,33.0,14.0,13.0,29.0,2.0,christopher.l.shannon@gmail.com,1,0.0014367816091954023,25.0,25.0,25.0,0.0,1035.1304347826087,8666.128699725079,1,0,2.0561459790763137,false
activemq-stomp/src/test/java/org/apache/activemq/transport/stomp/Stomp11Test.java,641.0,22.0,0.0,30.0,295.0,67.0,0.0,tabish@apache.org,0,0.0,0.0,0.0,0.0,0.0,0.0,0.0,0,2,0.0,false
activemq-stomp/src/test/java/org/apache/activemq/transport/stomp/Stomp12Test.java,236.0,9.0,16.0,9.0,88.0,22.0,2.0,tabish121@gmail.com,1,0.0014367816091954023,14.0,14.0,14.0,0.0,1035.1304347826087,8666.128699725079,1,1,2.0561459790763137,true
activemq-stomp/src/test/java/org/apache/activemq/transport/stomp/StompLoadTest.java,114.0,17.0,0.0,7.0,58.0,28.0,1.0,tabish@apache.org,1,0.0014367816091954023,50.0,0.0,0.0,0.0,1035.1304347826087,8666.128699725079,1,0,2.0561459790763137,true
activemq-stomp/src/test/java/org/apache/activemq/transport/stomp/StompTestSupport.java,219.0,30.0,179.0,23.0,74.0,65.0,2.0,tabish121@gmail.com,1,0.0,0.0,0.0,14.0,0.0,1135.7478991596638,37777.795679019386,1,0,2.3264363088162257,true
activemq-stomp/src/test/java/org/apache/activemq/transport/stomp/util/ResourceLoadingSslContext.java,160.0,20.0,312.0,28.0,31.0,65.0,11.0,tabish@apache.org,1,0.0014367816091954023,50.0,0.0,50.0,0.0,1035.1304347826087,8666.128699725079,1,0,2.0561459790763137,true
activemq-stomp/src/test/java/org/apache/activemq/transport/stomp/util/XStreamBrokerContext.java,20.0,5.0,0.0,4.0,4.0,8.0,17.0,tabish@apache.org,1,0.0014367816091954023,50.0,0.0,0.0,0.0,1913.311475409836,25191.768734271867,1,0,1.9560625205193314,false
activemq-unit-tests/src/test/java/org/apache/activemq/ActiveMQXAConnectionFactoryTest.java,390.0,34.0,222.0,25.0,200.0,62.0,2.0,gary.tully@gmail.com,1,0.0014367816091954023,25.0,0.0,25.0,0.0,1913.311475409836,25191.768734271867,1,2,1.9560625205193314,true
activemq-unit-tests/src/test/java/org/apache/activemq/JmsMultipleBrokersTestSupport.java,459.0,47.0,422.0,44.0,153.0,145.0,0.0,tabish@apache.org,0,0.0,0.0,0.0,0.0,0.0,0.0,0.0,0,2,0.0,false
activemq-unit-tests/src/test/java/org/apache/activemq/JmsQueueBrowserTest.java,284.0,21.0,49.0,11.0,128.0,36.0,0.0,tabish@apache.org,0,0.0,0.0,0.0,0.0,0.0,0.0,0.0,0,3,0.0,true
activemq-unit-tests/src/test/java/org/apache/activemq/MessageListenerRedeliveryTest.java,246.0,21.0,57.0,15.0,104.0,44.0,2.0,tabish@apache.org,2,0.0028735632183908046,67.0,0.0,33.0,33.0,2948.441910192445,33857.89743399694,2,1,1.3129570692378771,false
activemq-unit-tests/src/test/java/org/apache/activemq/RedeliveryPolicyTest.java,409.0,9.0,66.0,12.0,181.0,24.0,2.0,gary.tully@gmail.com,1,0.0014367816091954023,14.0,0.0,0.0,0.0,1913.311475409836,25191.768734271867,1,1,1.9560625205193314,true
activemq-unit-tests/src/test/java/org/apache/activemq/blob/FTPBlobUploadStrategyTest.java,37.0,8.0,1.0,2.0,25.0,6.0,0.0,tabish@apache.org,0,0.0,0.0,0.0,0.0,0.0,0.0,0.0,0,3,0.0,false
activemq-unit-tests/src/test/java/org/apache/activemq/broker/LevelDBRedeliveryRestartTest.java,20.0,3.0,6.0,4.0,8.0,7.0,8.0,gary.tully@gmail.com,2,0.0014367816091954023,33.0,33.0,33.0,0.0,2645.5,58243.0721825867,2,0,2.2241051657819453,false
activemq-unit-tests/src/test/java/org/apache/activemq/broker/RedeliveryRestartTest.java,103.0,15.0,26.0,8.0,61.0,17.0,5.0,gary.tully@gmail.com,1,0.0014367816091954023,20.0,20.0,0.0,0.0,44.0,43.95513032905155,1,1,3.9019726695746444,false
activemq-unit-tests/src/test/java/org/apache/activemq/broker/ft/DbRestartJDBCQueueMasterSlaveLeaseQuiesceTest.java,39.0,6.0,3.0,6.0,7.0,16.0,11.0,gtully@apache.org,1,0.0014367816091954023,40.0,20.0,20.0,20.0,1913.311475409836,25191.768734271867,1,1,1.9560625205193314,true
activemq-unit-tests/src/test/java/org/apache/activemq/broker/ft/DbRestartJDBCQueueMasterSlaveLeaseTest.java,22.0,10.0,6.0,4.0,10.0,7.0,11.0,gary.tully@gmail.com,1,0.0014367816091954023,50.0,25.0,25.0,25.0,1913.311475409836,25191.768734271867,1,1,1.9560625205193314,true
activemq-unit-tests/src/test/java/org/apache/activemq/broker/ft/DbRestartJDBCQueueMasterSlaveTest.java,90.0,19.0,16.0,8.0,42.0,20.0,11.0,gary.tully@gmail.com,2,0.0028735632183908046,75.0,50.0,50.0,50.0,4514.811475409836,83390.88578652951,2,1,1.3117048530877873,false
activemq-unit-tests/src/test/java/org/apache/activemq/broker/ft/DbRestartJDBCQueueTest.java,104.0,19.0,6.0,8.0,38.0,27.0,19.0,gary.tully@gmail.com,1,0.0014367816091954023,33.0,33.0,33.0,33.0,1913.311475409836,25191.768734271867,1,1,1.9560625205193314,false
activemq-unit-tests/src/test/java/org/apache/activemq/broker/ft/JDBCQueueMasterSlaveTest.java,104.0,15.0,17.0,7.0,48.0,15.0,16.0,gary.tully@gmail.com,2,0.0028735632183908046,50.0,50.0,50.0,50.0,4514.811475409836,83390.88578652951,2,1,1.251150091254289,false
activemq-unit-tests/src/test/java/org/apache/activemq/broker/ft/QueueMasterSlaveSingleUrlTest.java,44.0,6.0,9.0,6.0,23.0,14.0,0.0,tabish@apache.org,0,0.0,0.0,0.0,0.0,0.0,0.0,0.0,0,1,0.0,true
activemq-unit-tests/src/test/java/org/apache/activemq/broker/jmx/MBeanTest.java,951.0,28.0,0.0,45.0,478.0,140.0,7.0,gary.tully@gmail.com,2,0.0028735632183908046,14.0,7.0,7.0,0.0,2029.311475409836,25369.18310644381,2,1,1.6595306595178498,true
activemq-unit-tests/src/test/java/org/apache/activemq/broker/policy/AbortSlowAckConsumerTest.java,94.0,13.0,28.0,8.0,49.0,20.0,11.0,tabish@apache.org,1,0.0014367816091954023,50.0,50.0,50.0,0.0,1035.1304347826087,8666.128699725079,1,0,2.0561459790763137,false
activemq-unit-tests/src/test/java/org/apache/activemq/broker/policy/AbortSlowConsumerTest.java,182.0,26.0,125.0,18.0,123.0,39.0,11.0,tabish@apache.org,1,0.0014367816091954023,33.0,33.0,33.0,0.0,1035.1304347826087,8666.128699725079,1,1,2.0561459790763137,false
activemq-unit-tests/src/test/java/org/apache/activemq/broker/policy/DiscardingDeadLetterPolicyTest.java,33.0,9.0,1.0,2.0,15.0,6.0,0.0,tabish@apache.org,0,0.0,0.0,0.0,0.0,0.0,0.0,0.0,0,1,0.0,false
activemq-unit-tests/src/test/java/org/apache/activemq/broker/region/QueueDuplicatesFromStoreTest.java,215.0,29.0,948.0,45.0,59.0,102.0,4.0,tabish@apache.org,1,0.0014367816091954023,20.0,20.0,20.0,0.0,1035.1304347826087,8666.128699725079,1,1,2.0561459790763137,true
activemq-unit-tests/src/test/java/org/apache/activemq/broker/region/QueuePurgeTest.java,117.0,23.0,0.0,10.0,66.0,29.0,1.0,gary.tully@gmail.com,1,0.0014367816091954023,0.0,17.0,0.0,0.0,2601.5,58199.11705225765,1,1,1.9325320231091372,true
activemq-unit-tests/src/test/java/org/apache/activemq/broker/region/cursors/StoreQueueCursorNoDuplicateTest.java,72.0,14.0,2.0,5.0,43.0,15.0,0.0,gary.tully@gmail.com,0,0.0,0.0,0.0,0.0,0.0,0.0,0.0,0,2,0.0,false
activemq-unit-tests/src/test/java/org/apache/activemq/broker/scheduler/JmsCronSchedulerTest.java,73.0,18.0,13.0,6.0,53.0,15.0,5.0,tabish121@gmail.com,1,0.0014367816091954023,25.0,0.0,25.0,0.0,1035.1304347826087,8666.128699725079,1,1,2.0561459790763137,true
activemq-unit-tests/src/test/java/org/apache/activemq/broker/scheduler/JmsSchedulerTest.java,206.0,20.0,120.0,16.0,128.0,37.0,5.0,tabish121@gmail.com,1,0.0014367816091954023,33.0,0.0,33.0,0.0,1035.1304347826087,8666.128699725079,1,1,2.0561459790763137,false
activemq-unit-tests/src/test/java/org/apache/activemq/broker/scheduler/JobSchedulerBrokerShutdownTest.java,34.0,9.0,6.0,4.0,16.0,11.0,5.0,tabish121@gmail.com,1,0.0,0.0,0.0,50.0,0.0,1135.7478991596638,37777.795679019386,1,0,2.3264363088162257,true
activemq-unit-tests/src/test/java/org/apache/activemq/broker/scheduler/JobSchedulerManagementTest.java,260.0,18.0,160.0,20.0,155.0,39.0,5.0,tabish121@gmail.com,1,0.0014367816091954023,33.0,0.0,33.0,0.0,1035.1304347826087,8666.128699725079,1,1,2.0561459790763137,false
activemq-unit-tests/src/test/java/org/apache/activemq/broker/scheduler/JobSchedulerStoreTest.java,36.0,7.0,0.0,1.0,16.0,3.0,5.0,tabish121@gmail.com,1,0.0014367816091954023,33.0,0.0,33.0,0.0,1035.1304347826087,8666.128699725079,1,1,2.0561459790763137,false
activemq-unit-tests/src/test/java/org/apache/activemq/broker/scheduler/JobSchedulerTest.java,176.0,13.0,26.0,16.0,81.0,40.0,5.0,tabish121@gmail.com,1,0.0014367816091954023,20.0,0.0,20.0,0.0,1035.1304347826087,8666.128699725079,1,1,2.0561459790763137,true
activemq-unit-tests/src/test/java/org/apache/activemq/broker/scheduler/JobSchedulerTxTest.java,93.0,19.0,32.0,9.0,50.0,23.0,0.0,tabish121@gmail.com,0,0.0,0.0,0.0,0.0,0.0,0.0,0.0,0,1,0.0,false
activemq-unit-tests/src/test/java/org/apache/activemq/broker/scheduler/LostScheduledMessagesTest.java,74.0,20.0,13.0,7.0,37.0,15.0,3.0,tabish@apache.org,1,0.0014367816091954023,100.0,0.0,100.0,0.0,1035.1304347826087,8666.128699725079,1,0,2.0561459790763137,false
activemq-unit-tests/src/test/java/org/apache/activemq/broker/virtual/DestinationInterceptorDurableSubTest.java,153.0,26.0,9.0,7.0,32.0,22.0,0.0,tmielke@apache.org,0,0.0,0.0,0.0,0.0,0.0,0.0,0.0,0,0,0.0,false
activemq-unit-tests/src/test/java/org/apache/activemq/bugs/AMQ2021Test.java,175.0,28.0,0.0,8.0,46.0,24.0,1.0,tabish@apache.org,1,0.0014367816091954023,50.0,50.0,0.0,0.0,1035.1304347826087,8666.128699725079,1,1,2.0561459790763137,false
activemq-unit-tests/src/test/java/org/apache/activemq/bugs/AMQ2149Test.java,3.0,17.0,0.0,1.0,0.0,2.0,3.0,gtully@apache.org,1,0.0014367816091954023,22.0,11.0,22.0,0.0,1913.311475409836,25191.768734271867,1,2,1.9560625205193314,true
activemq-unit-tests/src/test/java/org/apache/activemq/bugs/AMQ2902Test.java,48.0,14.0,4.0,5.0,24.0,13.0,1.0,gary.tully@gmail.com,2,0.0028735632183908046,29.0,0.0,14.0,0.0,2948.441910192445,33857.89743399694,2,3,1.3129570692378771,true
activemq-unit-tests/src/test/java/org/apache/activemq/bugs/AMQ3140Test.java,75.0,22.0,4.0,4.0,26.0,9.0,3.0,tabish@apache.org,2,0.0014367816091954023,33.0,0.0,67.0,0.0,2170.8783339422725,46443.924378744465,2,1,1.4981439633863243,true
activemq-unit-tests/src/test/java/org/apache/activemq/bugs/AMQ3141Test.java,54.0,18.0,0.0,5.0,33.0,11.0,2.0,tabish@apache.org,1,0.0014367816091954023,50.0,0.0,50.0,0.0,1035.1304347826087,8666.128699725079,1,1,2.0561459790763137,false
activemq-unit-tests/src/test/java/org/apache/activemq/bugs/AMQ3405Test.java,181.0,28.0,76.0,17.0,65.0,53.0,0.0,tabish@apache.org,0,0.0,0.0,0.0,0.0,0.0,0.0,0.0,0,2,0.0,true
activemq-unit-tests/src/test/java/org/apache/activemq/bugs/AMQ3779Test.java,35.0,13.0,0.0,2.0,26.0,5.0,2.0,tabish121@gmail.com,1,0.0014367816091954023,0.0,33.0,0.0,0.0,1913.311475409836,25191.768734271867,1,0,1.9560625205193314,false
activemq-unit-tests/src/test/java/org/apache/activemq/bugs/AMQ4368Test.java,164.0,17.0,0.0,4.0,24.0,11.0,3.0,tabish121@gmail.com,1,0.0014367816091954023,20.0,20.0,0.0,0.0,1913.311475409836,25191.768734271867,1,2,1.9560625205193314,true
activemq-unit-tests/src/test/java/org/apache/activemq/bugs/AMQ4487Test.java,70.0,18.0,7.0,6.0,36.0,17.0,0.0,tabish@apache.org,0,0.0,0.0,0.0,0.0,0.0,0.0,0.0,0,2,0.0,false
activemq-unit-tests/src/test/java/org/apache/activemq/bugs/AMQ4582Test.java,48.0,12.0,1.0,3.0,10.0,10.0,2.0,tabish@apache.org,1,0.0014367816091954023,100.0,0.0,100.0,0.0,1035.1304347826087,8666.128699725079,1,0,2.0561459790763137,true
activemq-unit-tests/src/test/java/org/apache/activemq/bugs/AMQ4595Test.java,79.0,21.0,17.0,7.0,35.0,20.0,0.0,gary.tully@gmail.com,0,0.0,0.0,0.0,0.0,0.0,0.0,0.0,0,1,0.0,true
activemq-unit-tests/src/test/java/org/apache/activemq/bugs/AMQ4607Test.java,161.0,21.0,49.0,15.0,99.0,53.0,0.0,gtully@apache.org,0,0.0,0.0,0.0,0.0,0.0,0.0,0.0,0,1,0.0,false
activemq-unit-tests/src/test/java/org/apache/activemq/bugs/AMQ4636Test.java,96.0,23.0,0.0,4.0,35.0,12.0,19.0,gary.tully@gmail.com,1,0.0014367816091954023,25.0,25.0,25.0,25.0,1913.311475409836,25191.768734271867,1,0,1.9560625205193314,true
activemq-unit-tests/src/test/java/org/apache/activemq/bugs/AMQ4656Test.java,63.0,18.0,0.0,3.0,35.0,8.0,1.0,tabish121@gmail.com,1,0.0014367816091954023,33.0,33.0,0.0,0.0,84.28571428571429,82.96662130360895,1,0,4.59511985013459,true
activemq-unit-tests/src/test/java/org/apache/activemq/bugs/AMQ4671Test.java,41.0,10.0,0.0,3.0,19.0,9.0,2.0,tabish121@gmail.com,1,0.0014367816091954023,50.0,0.0,50.0,0.0,1035.1304347826087,8666.128699725079,1,0,2.0561459790763137,false
activemq-unit-tests/src/test/java/org/apache/activemq/bugs/AMQ4677Test.java,104.0,21.0,12.0,8.0,54.0,28.0,2.0,gary.tully@gmail.com,1,0.0014367816091954023,50.0,0.0,0.0,0.0,1035.1304347826087,8666.128699725079,1,0,2.0561459790763137,false
activemq-unit-tests/src/test/java/org/apache/activemq/bugs/DurableConsumerTest.java,340.0,41.0,122.0,20.0,132.0,62.0,7.0,tabish@apache.org,1,0.0014367816091954023,50.0,50.0,0.0,0.0,84.28571428571429,82.96662130360895,1,1,4.59511985013459,false
activemq-unit-tests/src/test/java/org/apache/activemq/command/ActiveMQMessageTest.java,877.0,14.0,1732.0,61.0,314.0,131.0,0.0,tabish@apache.org,0,0.0,0.0,0.0,0.0,0.0,0.0,0.0,0,4,0.0,true
activemq-unit-tests/src/test/java/org/apache/activemq/network/NetworkRouteTest.java,214.0,28.0,0.0,5.0,74.0,15.0,9.0,gary.tully@gmail.com,1,0.0014367816091954023,0.0,100.0,100.0,0.0,2601.5,58199.11705225765,1,0,1.9325320231091372,false
activemq-unit-tests/src/test/java/org/apache/activemq/openwire/DataFileGeneratorTestSupport.java,229.0,42.0,399.0,30.0,78.0,79.0,0.0,tabish@apache.org,0,0.0,0.0,0.0,0.0,0.0,0.0,0.0,0,3,0.0,false
activemq-unit-tests/src/test/java/org/apache/activemq/security/AuthorizationMapTest.java,130.0,7.0,9.0,7.0,53.0,13.0,5.0,dejan@nighttale.net,1,0.0014367816091954023,17.0,17.0,0.0,0.0,1913.311475409836,25191.768734271867,1,1,1.9560625205193314,true
activemq-unit-tests/src/test/java/org/apache/activemq/security/SimpleSecurityBrokerSystemTest.java,114.0,24.0,15.0,6.0,24.0,12.0,3.0,hiram@hiramchirino.com,2,0.0014367816091954023,20.0,20.0,20.0,0.0,3465.3829039812645,42234.216863735564,2,1,1.3195483522245186,true
activemq-unit-tests/src/test/java/org/apache/activemq/store/jdbc/JDBCIOExceptionHandlerTest.java,130.0,11.0,3.0,6.0,31.0,14.0,19.0,gary.tully@gmail.com,1,0.0014367816091954023,9.0,9.0,9.0,9.0,1913.311475409836,25191.768734271867,1,1,1.9560625205193314,true
activemq-unit-tests/src/test/java/org/apache/activemq/store/jdbc/JDBCTablePrefixAssignedTest.java,68.0,24.0,2.0,5.0,41.0,16.0,0.0,gary.tully@gmail.com,0,0.0,0.0,0.0,0.0,0.0,0.0,0.0,0,1,0.0,true
activemq-unit-tests/src/test/java/org/apache/activemq/store/jdbc/JDBCTestMemory.java,103.0,10.0,0.0,8.0,50.0,25.0,2.0,gary.tully@gmail.com,1,0.0014367816091954023,33.0,0.0,0.0,0.0,2601.5,58199.11705225765,1,1,1.9325320231091372,false
activemq-unit-tests/src/test/java/org/apache/activemq/store/jdbc/LeaseDatabaseLockerTest.java,181.0,26.0,60.0,12.0,96.0,36.0,1.0,gary.tully@gmail.com,2,0.0014367816091954023,14.0,0.0,29.0,0.0,4514.811475409836,83390.88578652951,2,2,1.251150091254289,true
activemq-unit-tests/src/test/java/org/apache/activemq/store/kahadb/KahaDBTest.java,170.0,12.0,66.0,12.0,97.0,32.0,3.0,tabish@apache.org,1,0.0014367816091954023,33.0,33.0,0.0,0.0,1913.311475409836,25191.768734271867,1,2,1.9560625205193314,false
activemq-unit-tests/src/test/java/org/apache/activemq/store/kahadb/KahaDBVersionTest.java,120.0,17.0,22.0,9.0,47.0,23.0,2.0,tabish@apache.org,1,0.0014367816091954023,33.0,0.0,33.0,0.0,1913.311475409836,25191.768734271867,1,2,1.9560625205193314,true
activemq-unit-tests/src/test/java/org/apache/activemq/transport/failover/FailoverConsumerOutstandingCommitTest.java,246.0,31.0,38.0,20.0,138.0,57.0,6.0,gary.tully@gmail.com,2,0.0028735632183908046,67.0,33.0,67.0,33.0,4514.811475409836,83390.88578652951,2,1,1.251150091254289,true
activemq-unit-tests/src/test/java/org/apache/activemq/transport/failover/FailoverConsumerUnconsumedTest.java,268.0,31.0,0.0,24.0,120.0,84.0,5.0,tabish@apache.org,1,0.0014367816091954023,50.0,50.0,50.0,0.0,1913.311475409836,25191.768734271867,1,1,1.9560625205193314,true
activemq-unit-tests/src/test/java/org/apache/activemq/transport/failover/FailoverDuplicateTest.java,164.0,24.0,47.0,15.0,91.0,44.0,5.0,tabish@apache.org,1,0.0014367816091954023,33.0,33.0,33.0,0.0,1913.311475409836,25191.768734271867,1,2,1.9560625205193314,true
activemq-unit-tests/src/test/java/org/apache/activemq/transport/failover/FailoverTransactionTest.java,769.0,37.0,139.0,47.0,394.0,137.0,4.0,gary.tully@gmail.com,2,0.0028735632183908046,29.0,0.0,29.0,14.0,4514.811475409836,83390.88578652951,2,1,1.251150091254289,true
activemq-unit-tests/src/test/java/org/apache/activemq/transport/failover/FailoverUriTest.java,17.0,2.0,6.0,4.0,4.0,5.0,2.0,tabish@apache.org,1,0.0,0.0,0.0,25.0,0.0,1135.7478991596638,37777.795679019386,1,1,2.3264363088162257,true
activemq-unit-tests/src/test/java/org/apache/activemq/transport/tcp/TransportUriTest.java,135.0,8.0,229.0,23.0,34.0,51.0,2.0,tabish@apache.org,1,0.0,0.0,0.0,33.0,0.0,1135.7478991596638,37777.795679019386,1,1,2.3264363088162257,true
activemq-unit-tests/src/test/java/org/apache/activemq/usecases/DurableSubDelayedUnsubscribeTest.java,197.0,30.0,41.0,11.0,45.0,34.0,1.0,tabish@apache.org,1,0.0014367816091954023,50.0,0.0,0.0,0.0,1035.1304347826087,8666.128699725079,1,1,2.0561459790763137,true
activemq-unit-tests/src/test/java/org/apache/activemq/usecases/DurableSubSelectorDelayWithRestartTest.java,211.0,21.0,30.0,9.0,46.0,30.0,7.0,gary.tully@gmail.com,1,0.0014367816091954023,25.0,25.0,0.0,0.0,84.28571428571429,82.96662130360895,1,1,4.59511985013459,false
activemq-unit-tests/src/test/java/org/apache/activemq/usecases/DurableSubscriptionOfflineTest.java,1134.0,31.0,408.0,44.0,355.0,141.0,4.0,tabish@apache.org,2,0.0028735632183908046,14.0,7.0,7.0,0.0,1119.416149068323,8749.095321028688,2,5,2.632485734045506,true
activemq-unit-tests/src/test/java/org/apache/activemq/usecases/ExpiredMessagesWithNoConsumerTest.java,441.0,29.0,616.0,41.0,241.0,145.0,0.0,gary.tully@gmail.com,0,0.0,0.0,0.0,0.0,0.0,0.0,0.0,0,3,0.0,true
activemq-unit-tests/src/test/java/org/apache/activemq/usecases/MemoryLimitTest.java,122.0,26.0,17.0,11.0,56.0,35.0,1.0,gary.tully@gmail.com,2,0.0028735632183908046,20.0,10.0,10.0,0.0,2948.441910192445,33857.89743399694,2,0,1.3129570692378771,true
activemq-unit-tests/src/test/java/org/apache/activemq/usecases/ThreeBrokerQueueNetworkTest.java,379.0,23.0,188.0,25.0,242.0,82.0,9.0,gary.tully@gmail.com,1,0.0014367816091954023,0.0,50.0,50.0,0.0,2601.5,58199.11705225765,1,1,1.9325320231091372,false
activemq-unit-tests/src/test/java/org/apache/activemq/usecases/ThreeBrokerTempDestDemandSubscriptionCleanupTest.java,148.0,20.0,0.0,9.0,109.0,33.0,1.0,tabish@apache.org,1,0.0014367816091954023,50.0,0.0,0.0,0.0,1913.311475409836,25191.768734271867,1,1,1.9560625205193314,true
activemq-unit-tests/src/test/java/org/apache/activemq/usecases/TwoBrokerVirtualTopicForwardingTest.java,110.0,17.0,28.0,8.0,61.0,17.0,0.0,ceposta@apache.org,0,0.0,0.0,0.0,0.0,0.0,0.0,0.0,0,0,0.0,false
activemq-unit-tests/src/test/java/org/apache/activemq/usecases/VerifyNetworkConsumersDisconnectTest.java,163.0,22.0,2.0,9.0,72.0,32.0,9.0,gary.tully@gmail.com,1,0.0014367816091954023,0.0,50.0,50.0,0.0,2601.5,58199.11705225765,1,1,1.9325320231091372,false
activemq-web/src/main/java/org/apache/activemq/web/AjaxListener.java,71.0,7.0,9.0,7.0,15.0,13.0,1.0,dejanb@apache.org,1,0.0,0.0,0.0,12.0,0.0,386.6666666666667,1246.0713941886952,1,0,1.801911840692073,true
activemq-web/src/main/java/org/apache/activemq/web/MessageListenerServlet.java,367.0,27.0,5.0,10.0,109.0,40.0,0.0,null,0,0.0,0.0,0.0,0.0,0.0,0.0,0.0,0,11,0.0,true
activemq-web/src/main/java/org/apache/activemq/web/MessageServlet.java,283.0,22.0,48.0,12.0,91.0,46.0,2.0,null,3,0.004310344827586207,6.0,3.0,6.0,3.0,2557.545000608939,47689.99577293316,3,8,0.9628857541934277,true
activemq-web/src/main/java/org/apache/activemq/web/RemoteJMXBrokerFacade.java,168.0,23.0,116.0,17.0,47.0,59.0,0.0,dejanb@apache.org,0,0.0,0.0,0.0,0.0,0.0,0.0,0.0,0,3,0.0,true
assembly/src/release/example/src/ProducerTool.java,186.0,13.0,124.0,20.0,42.0,37.0,223.0,chirino@apache.org,1,0.0,0.0,0.0,0.0,0.0,1552.0714285714284,17042.448129463697,1,3,1.9560625205193314,true
