name,LOC,CBO,LCOM,NOM,RFC,WMC,ACS,Ownership,numOfChanges,numberOfFIChanges,ENH,NF,BugFixing,REF,structuralWorkloadSum,semanticWorkloadSum,numberOfDeveloper,pastFaults,MAF,isBuggy
activemq-amqp/src/main/java/org/apache/activemq/transport/amqp/AmqpNioTransport.java,110.0,22.0,0.0,8.0,35.0,25.0,5.0,null,2,0.0,0.0,0.0,25.0,12.0,1654.949152542373,12785.985637856571,2,2,0.9527178682444291,true
activemq-amqp/src/main/java/org/apache/activemq/transport/amqp/AmqpProtocolConverter.java,858.0,84.0,275.0,31.0,198.0,98.0,1.0,null,2,0.006535947712418301,2.0,1.0,3.0,2.0,1390.2203389830509,10362.019190758554,2,19,1.064977267642328,true
activemq-amqp/src/main/java/org/apache/activemq/transport/amqp/AmqpWireFormat.java,70.0,14.0,20.0,8.0,15.0,23.0,2.0,tabish121@gmail.com,1,0.0,0.0,0.0,0.0,0.0,893.2203389830509,6681.5914573426135,1,0,1.2669476034873244,true
activemq-amqp/src/test/java/org/apache/activemq/transport/amqp/AMQ4920Test.java,47.0,20.0,1.0,3.0,21.0,10.0,2.0,tabish121@gmail.com,1,0.0032679738562091504,14.0,0.0,0.0,14.0,761.7288135593221,6104.394180513958,1,1,1.7503742530652007,false
activemq-amqp/src/test/java/org/apache/activemq/transport/amqp/AmqpTestSupport.java,116.0,25.0,4.0,13.0,56.0,39.0,6.0,tabish121@gmail.com,2,0.0032679738562091504,7.0,0.0,3.0,7.0,1654.949152542373,12785.985637856571,2,2,0.8155137477163171,true
activemq-amqp/src/test/java/org/apache/activemq/transport/amqp/JMSClientNioTest.java,9.0,7.0,0.0,1.0,0.0,2.0,5.0,tabish121@gmai.com,2,0.006535947712418301,12.0,25.0,25.0,12.0,1654.949152542373,12785.985637856571,2,0,0.8155137477163171,true
activemq-amqp/src/test/java/org/apache/activemq/transport/amqp/JMSClientTest.java,578.0,37.0,174.0,41.0,361.0,118.0,2.0,null,2,0.006535947712418301,2.0,15.0,8.0,0.0,1654.949152542373,12785.985637856571,2,5,0.7915756517184702,true
activemq-amqp/src/test/java/org/apache/activemq/transport/amqp/bugs/AMQ4914Test.java,75.0,19.0,15.0,7.0,32.0,16.0,1.0,kevin@kevinearls.com,2,0.0032679738562091504,0.0,10.0,10.0,0.0,1654.949152542373,12785.985637856571,2,0,0.9527178682444291,true
activemq-amqp/src/test/java/org/apache/activemq/transport/amqp/joram/JoramJmsNioPlusSslTest.java,13.0,29.0,1.0,2.0,5.0,5.0,3.0,kevin@kevinearls.com,2,0.0032679738562091504,10.0,10.0,20.0,20.0,1654.949152542373,12785.985637856571,2,0,0.9527178682444291,true
activemq-amqp/src/test/java/org/apache/activemq/transport/amqp/joram/JoramJmsNioTest.java,12.0,21.0,1.0,2.0,2.0,5.0,2.0,kevin@kevinearls.com,2,0.006535947712418301,10.0,10.0,40.0,0.0,1654.949152542373,12785.985637856571,2,1,1.1532864996114376,true
activemq-amqp/src/test/java/org/apache/activemq/transport/amqp/joram/JoramSslTest.java,13.0,28.0,1.0,2.0,5.0,5.0,1.0,tabish121@gmail.com,1,0.0,0.0,0.0,0.0,0.0,761.7288135593221,6104.394180513958,1,1,1.7503742530652007,true
activemq-broker/src/main/java/org/apache/activemq/advisory/AdvisoryBroker.java,461.0,41.0,503.0,35.0,241.0,106.0,3.0,null,1,0.0,0.0,0.0,5.0,0.0,893.2203389830509,6681.5914573426135,1,8,1.2669476034873244,true
activemq-broker/src/main/java/org/apache/activemq/broker/BrokerFilter.java,207.0,27.0,0.0,66.0,66.0,122.0,9.0,null,1,0.0,0.0,0.0,0.0,0.0,357.18518518518516,1460.3977774997861,1,1,2.653241964607215,true
activemq-broker/src/main/java/org/apache/activemq/broker/BrokerService.java,2414.0,105.0,34841.0,271.0,591.0,716.0,5.0,null,1,0.0032679738562091504,0.0,2.0,0.0,0.0,893.2203389830509,6681.5914573426135,1,24,1.2669476034873244,true
activemq-broker/src/main/java/org/apache/activemq/broker/Connection.java,83.0,6.0,190.0,20.0,0.0,41.0,6.0,hiram@hiramchirino.com,1,0.0,0.0,0.0,0.0,0.0,497.0,3680.42773341594,1,0,2.588703443469644,true
activemq-broker/src/main/java/org/apache/activemq/broker/EmptyBroker.java,164.0,28.0,2080.0,65.0,1.0,121.0,9.0,null,1,0.0,0.0,0.0,0.0,0.0,357.18518518518516,1460.3977774997861,1,1,2.653241964607215,true
activemq-broker/src/main/java/org/apache/activemq/broker/ErrorBroker.java,207.0,28.0,0.0,66.0,1.0,134.0,9.0,null,1,0.0,0.0,0.0,0.0,0.0,357.18518518518516,1460.3977774997861,1,1,2.653241964607215,true
activemq-broker/src/main/java/org/apache/activemq/broker/MutableBrokerFilter.java,213.0,28.0,2266.0,68.0,134.0,125.0,9.0,null,1,0.0,0.0,0.0,0.0,0.0,357.18518518518516,1460.3977774997861,1,1,2.653241964607215,true
activemq-broker/src/main/java/org/apache/activemq/broker/SuppressReplyException.java,14.0,1.0,3.0,3.0,0.0,3.0,0.0,hiram@hiramchirino.com,0,0.0,0.0,0.0,0.0,0.0,0.0,0.0,0,2,0.0,false
activemq-broker/src/main/java/org/apache/activemq/broker/TransportConnection.java,1326.0,43.0,4754.0,112.0,513.0,349.0,7.0,null,3,0.0,0.0,0.0,3.0,0.0,2207.953606237817,16821.809023471906,3,9,1.3423740719416524,true
activemq-broker/src/main/java/org/apache/activemq/broker/TransportConnector.java,486.0,25.0,2066.0,69.0,149.0,162.0,4.0,null,1,0.0,0.0,0.0,0.0,0.0,357.18518518518516,1460.3977774997861,1,4,2.653241964607215,true
activemq-broker/src/main/java/org/apache/activemq/broker/jmx/BrokerMBeanSupport.java,191.0,9.0,820.0,41.0,73.0,165.0,0.0,gtully@apache.org,0,0.0,0.0,0.0,0.0,0.0,0.0,0.0,0,2,0.0,false
activemq-broker/src/main/java/org/apache/activemq/broker/jmx/BrokerView.java,361.0,26.0,1807.0,79.0,213.0,170.0,2.0,null,3,0.0032679738562091504,0.0,7.0,0.0,0.0,1320.405524168236,8191.691156349087,3,4,1.1155291793947923,true
activemq-broker/src/main/java/org/apache/activemq/broker/jmx/BrokerViewMBean.java,158.0,3.0,2556.0,72.0,0.0,100.0,3.0,chirino@apache.org,2,0.0032679738562091504,0.0,11.0,0.0,0.0,963.2203389830509,6731.2933788493,2,3,1.3014440392308,true
activemq-broker/src/main/java/org/apache/activemq/broker/jmx/ConnectionView.java,114.0,5.0,0.0,21.0,28.0,52.0,6.0,gtully@apache.org,1,0.0,0.0,0.0,0.0,0.0,497.0,3680.42773341594,1,2,2.588703443469644,true
activemq-broker/src/main/java/org/apache/activemq/broker/jmx/ConnectionViewMBean.java,62.0,5.0,78.0,13.0,0.0,34.0,6.0,hiram@hiramchirino.com,1,0.0,0.0,0.0,0.0,0.0,497.0,3680.42773341594,1,0,2.588703443469644,true
activemq-broker/src/main/java/org/apache/activemq/broker/jmx/ManagedRegionBroker.java,622.0,60.0,1117.0,58.0,240.0,169.0,5.0,null,1,0.0032679738562091504,0.0,9.0,0.0,0.0,893.2203389830509,6681.5914573426135,1,4,1.2669476034873244,true
activemq-broker/src/main/java/org/apache/activemq/broker/jmx/NetworkBridgeView.java,53.0,3.0,0.0,15.0,12.0,26.0,0.0,rajdavies@gmail.com,0,0.0,0.0,0.0,0.0,0.0,0.0,0.0,0,3,0.0,false
activemq-broker/src/main/java/org/apache/activemq/broker/jmx/NetworkBridgeViewMBean.java,11.0,1.0,36.0,9.0,0.0,9.0,0.0,rajdavies@gmail.com,0,0.0,0.0,0.0,0.0,0.0,0.0,0.0,0,2,0.0,false
activemq-broker/src/main/java/org/apache/activemq/broker/jmx/NetworkDestinationView.java,49.0,3.0,4.0,8.0,7.0,14.0,0.0,rajdavies@gmail.com,0,0.0,0.0,0.0,0.0,0.0,0.0,0.0,0,3,0.0,false
activemq-broker/src/main/java/org/apache/activemq/broker/jmx/NetworkDestinationViewMBean.java,20.0,0.0,6.0,4.0,0.0,6.0,0.0,rajdavies@gmail.com,0,0.0,0.0,0.0,0.0,0.0,0.0,0.0,0,2,0.0,false
activemq-broker/src/main/java/org/apache/activemq/broker/jmx/ProducerView.java,142.0,3.0,0.0,20.0,32.0,56.0,0.0,rajdavies@apache.org,0,0.0,0.0,0.0,0.0,0.0,0.0,0.0,0,2,0.0,true
activemq-broker/src/main/java/org/apache/activemq/broker/jmx/ProducerViewMBean.java,53.0,0.0,136.0,17.0,0.0,37.0,0.0,rajdavies@apache.org,0,0.0,0.0,0.0,0.0,0.0,0.0,0.0,0,2,0.0,true
activemq-broker/src/main/java/org/apache/activemq/broker/jmx/SubscriptionView.java,308.0,13.0,568.0,41.0,75.0,104.0,0.0,null,0,0.0,0.0,0.0,0.0,0.0,0.0,0.0,0,5,0.0,true
activemq-broker/src/main/java/org/apache/activemq/broker/jmx/SubscriptionViewMBean.java,143.0,2.0,595.0,35.0,0.0,83.0,0.0,rajdavies@gmail.com,0,0.0,0.0,0.0,0.0,0.0,0.0,0.0,0,2,0.0,true
activemq-broker/src/main/java/org/apache/activemq/broker/region/AbstractRegion.java,441.0,33.0,133.0,31.0,194.0,99.0,5.0,null,1,0.0,0.0,0.0,8.0,0.0,357.18518518518516,1460.3977774997861,1,3,2.653241964607215,true
activemq-broker/src/main/java/org/apache/activemq/broker/region/AbstractSubscription.java,189.0,22.0,434.0,37.0,47.0,77.0,0.0,rajdavies@gmail.com,0,0.0,0.0,0.0,0.0,0.0,0.0,0.0,0,3,0.0,true
activemq-broker/src/main/java/org/apache/activemq/broker/region/BaseDestination.java,634.0,27.0,4338.0,97.0,119.0,189.0,20.0,gary.tully@gmail.com,1,0.0032679738562091504,0.0,8.0,8.0,0.0,1353.7684210526318,11680.983512556179,1,1,1.6977305195797787,true
activemq-broker/src/main/java/org/apache/activemq/broker/region/Destination.java,127.0,17.0,1891.0,62.0,0.0,79.0,0.0,gary.tully@gmail.com,0,0.0,0.0,0.0,0.0,0.0,0.0,0.0,0,0,0.0,true
activemq-broker/src/main/java/org/apache/activemq/broker/region/DestinationFilter.java,230.0,17.0,0.0,69.0,72.0,115.0,8.0,tabish@apache.org,0,0.0,0.0,0.0,0.0,0.0,0.0,0.0,0,3,0.0,true
activemq-broker/src/main/java/org/apache/activemq/broker/region/Queue.java,1866.0,77.0,4178.0,101.0,671.0,343.0,5.0,gary.tully@gmail.com,4,0.006535947712418301,2.0,2.0,3.0,0.0,2692.459659506582,19889.003549053417,4,13,0.742692495783773,true
activemq-broker/src/main/java/org/apache/activemq/broker/region/Region.java,89.0,16.0,120.0,16.0,0.0,35.0,9.0,dejan@nighttale.net,1,0.0,0.0,0.0,0.0,0.0,357.18518518518516,1460.3977774997861,1,0,2.653241964607215,false
activemq-broker/src/main/java/org/apache/activemq/broker/region/RegionBroker.java,642.0,48.0,2838.0,81.0,241.0,201.0,12.0,null,2,0.0,0.0,0.0,0.0,0.0,1710.953606237817,13141.381290055964,2,6,1.6982239813032565,true
activemq-broker/src/main/java/org/apache/activemq/broker/region/Subscription.java,160.0,12.0,741.0,39.0,0.0,81.0,0.0,rajdavies@gmail.com,0,0.0,0.0,0.0,0.0,0.0,0.0,0.0,0,3,0.0,true
activemq-broker/src/main/java/org/apache/activemq/broker/region/Topic.java,609.0,40.0,844.0,48.0,252.0,151.0,0.0,null,0,0.0,0.0,0.0,0.0,0.0,0.0,0.0,0,5,0.0,true
activemq-broker/src/main/java/org/apache/activemq/broker/region/cursors/AbstractStoreCursor.java,238.0,11.0,262.0,32.0,84.0,79.0,16.0,gary.tully@gmail.com,1,0.0032679738562091504,0.0,6.0,6.0,0.0,1353.7684210526318,11680.983512556179,1,0,1.6977305195797787,true
activemq-broker/src/main/java/org/apache/activemq/broker/region/cursors/FilePendingMessageCursor.java,424.0,24.0,231.0,30.0,156.0,97.0,0.0,chirino@apache.org,0,0.0,0.0,0.0,0.0,0.0,0.0,0.0,0,4,0.0,true
activemq-broker/src/main/java/org/apache/activemq/broker/region/cursors/QueueStorePrefetch.java,61.0,11.0,0.0,7.0,15.0,21.0,0.0,gary.tully@gmail.com,0,0.0,0.0,0.0,0.0,0.0,0.0,0.0,0,0,0.0,false
activemq-broker/src/main/java/org/apache/activemq/broker/region/cursors/TopicStorePrefetch.java,82.0,10.0,22.0,12.0,18.0,31.0,0.0,gary.tully@gmail.com,0,0.0,0.0,0.0,0.0,0.0,0.0,0.0,0,0,0.0,false
activemq-broker/src/main/java/org/apache/activemq/broker/region/virtual/SelectorAwareVirtualTopicInterceptor.java,85.0,17.0,21.0,7.0,26.0,26.0,3.0,chirino@apache.org,1,0.0,0.0,0.0,50.0,0.0,761.7288135593221,6104.394180513958,1,0,1.7503742530652007,true
activemq-broker/src/main/java/org/apache/activemq/network/DemandForwardingBridgeSupport.java,1347.0,52.0,2579.0,91.0,548.0,281.0,1.0,null,1,0.0,0.0,0.0,0.0,0.0,893.2203389830509,6681.5914573426135,1,19,1.2669476034873244,true
activemq-broker/src/main/java/org/apache/activemq/network/DiscoveryNetworkConnector.java,189.0,22.0,36.0,12.0,48.0,36.0,1.0,tabish@apache.org,1,0.0,0.0,0.0,14.0,0.0,893.2203389830509,6681.5914573426135,1,3,1.2669476034873244,false
activemq-broker/src/main/java/org/apache/activemq/network/MBeanBridgeDestination.java,133.0,14.0,0.0,8.0,51.0,22.0,0.0,jgenender@savoirtech.com,0,0.0,0.0,0.0,0.0,0.0,0.0,0.0,0,3,0.0,true
activemq-broker/src/main/java/org/apache/activemq/network/MBeanNetworkListener.java,70.0,11.0,8.0,8.0,24.0,19.0,0.0,rajdavies@gmail.com,0,0.0,0.0,0.0,0.0,0.0,0.0,0.0,0,5,0.0,false
activemq-broker/src/main/java/org/apache/activemq/network/NetworkBridge.java,57.0,2.0,78.0,13.0,0.0,22.0,0.0,rajdavies@gmail.com,0,0.0,0.0,0.0,0.0,0.0,0.0,0.0,0,2,0.0,false
activemq-broker/src/main/java/org/apache/activemq/network/NetworkBridgeConfiguration.java,347.0,5.0,1706.0,60.0,9.0,100.0,0.0,gtully@apache.org,0,0.0,0.0,0.0,0.0,0.0,0.0,0.0,0,5,0.0,true
activemq-broker/src/main/java/org/apache/activemq/network/NetworkBridgeListener.java,29.0,1.0,10.0,5.0,0.0,8.0,0.0,rajdavies@gmail.com,0,0.0,0.0,0.0,0.0,0.0,0.0,0.0,0,1,0.0,false
activemq-broker/src/main/java/org/apache/activemq/plugin/StatisticsBroker.java,205.0,28.0,26.0,8.0,113.0,22.0,2.0,null,1,0.0,0.0,0.0,0.0,0.0,893.2203389830509,6681.5914573426135,1,2,1.2669476034873244,true
activemq-broker/src/main/java/org/apache/activemq/plugin/SubQueueSelectorCacheBroker.java,124.0,17.0,0.0,7.0,25.0,21.0,3.0,null,1,0.0,0.0,0.0,17.0,0.0,761.7288135593221,6104.394180513958,1,0,1.7503742530652007,true
activemq-broker/src/main/java/org/apache/activemq/proxy/ProxyConnection.java,126.0,11.0,0.0,11.0,33.0,34.0,0.0,chirino@apache.org,0,0.0,0.0,0.0,0.0,0.0,0.0,0.0,0,1,0.0,true
activemq-broker/src/main/java/org/apache/activemq/proxy/ProxyConnector.java,133.0,15.0,112.0,20.0,41.0,47.0,0.0,chirino@apache.org,0,0.0,0.0,0.0,0.0,0.0,0.0,0.0,0,1,0.0,true
activemq-broker/src/main/java/org/apache/activemq/store/MessageStore.java,126.0,9.0,210.0,21.0,0.0,53.0,25.0,gary.tully@gmail.com,1,0.0,0.0,0.0,0.0,0.0,1353.7684210526318,11680.983512556179,1,0,1.6977305195797787,false
activemq-broker/src/main/java/org/apache/activemq/store/PersistenceAdapterSupport.java,19.0,6.0,0.0,1.0,7.0,5.0,0.0,hiram@hiramchirino.com,0,0.0,0.0,0.0,0.0,0.0,0.0,0.0,0,1,0.0,true
activemq-broker/src/main/java/org/apache/activemq/store/ProxyTopicMessageStore.java,108.0,9.0,0.0,34.0,32.0,72.0,25.0,gary.tully@gmail.com,1,0.0,0.0,0.0,0.0,0.0,1353.7684210526318,11680.983512556179,1,0,1.6977305195797787,false
activemq-broker/src/main/java/org/apache/activemq/store/TopicMessageStore.java,78.0,6.0,36.0,9.0,0.0,29.0,0.0,chirino@apache.org,0,0.0,0.0,0.0,0.0,0.0,0.0,0.0,0,0,0.0,false
activemq-broker/src/main/java/org/apache/activemq/store/memory/MemoryTopicMessageStore.java,88.0,16.0,0.0,15.0,34.0,36.0,0.0,chirino@apache.org,0,0.0,0.0,0.0,0.0,0.0,0.0,0.0,0,0,0.0,false
activemq-broker/src/main/java/org/apache/activemq/usage/SystemUsage.java,227.0,7.0,183.0,30.0,40.0,54.0,0.0,tabish@apache.org,0,0.0,0.0,0.0,0.0,0.0,0.0,0.0,0,1,0.0,false
activemq-broker/src/main/java/org/apache/activemq/util/DefaultIOExceptionHandler.java,174.0,13.0,139.0,22.0,62.0,57.0,0.0,chirino@apache.org,0,0.0,0.0,0.0,0.0,0.0,0.0,0.0,0,2,0.0,true
activemq-broker/src/test/java/org/apache/activemq/JmsQueueTransactionTest.java,144.0,13.0,8.0,5.0,55.0,15.0,5.0,gary.tully@gmail.com,1,0.0,0.0,0.0,0.0,0.0,1353.7684210526318,11680.983512556179,1,0,1.6977305195797787,true
activemq-broker/src/test/java/org/apache/activemq/broker/OpenwireConnectionTest.java,36.0,9.0,0.0,4.0,31.0,10.0,5.0,hiram@hiramchirino.com,1,0.0,0.0,0.0,0.0,0.0,497.0,3680.42773341594,1,0,2.588703443469644,false
activemq-client/src/main/java/org/apache/activemq/ActiveMQConnection.java,1838.0,88.0,19922.0,208.0,462.0,584.0,10.0,gary.tully@gmail.com,2,0.0032679738562091504,5.0,0.0,5.0,5.0,2246.9887600356824,18362.574969898793,2,5,0.7891918809736064,true
activemq-client/src/main/java/org/apache/activemq/ActiveMQConnectionFactory.java,882.0,34.0,7322.0,124.0,178.0,256.0,14.0,gary.tully@gmail.com,0,0.0,0.0,0.0,0.0,0.0,0.0,0.0,0,2,0.0,true
activemq-client/src/main/java/org/apache/activemq/ActiveMQInputStream.java,229.0,21.0,7.0,11.0,65.0,46.0,6.0,tabish121@gmail.com,1,0.0032679738562091504,25.0,0.0,0.0,25.0,893.2203389830509,6681.5914573426135,1,1,1.2669476034873244,false
activemq-client/src/main/java/org/apache/activemq/ActiveMQOutputStream.java,147.0,17.0,46.0,13.0,38.0,37.0,6.0,tabish121@gmail.com,1,0.0032679738562091504,25.0,0.0,0.0,25.0,893.2203389830509,6681.5914573426135,1,1,1.2669476034873244,false
activemq-client/src/main/java/org/apache/activemq/ActiveMQPrefetchPolicy.java,129.0,3.0,61.0,18.0,8.0,31.0,1.0,chirino@apache.org,1,0.0,0.0,0.0,0.0,0.0,893.2203389830509,6681.5914573426135,1,0,1.2669476034873244,true
activemq-client/src/main/java/org/apache/activemq/ActiveMQSession.java,1274.0,76.0,4742.0,112.0,374.0,390.0,7.0,null,2,0.0,0.0,0.0,15.0,0.0,2246.9887600356824,18362.574969898793,2,3,0.9176220459208144,true
activemq-client/src/main/java/org/apache/activemq/StreamConnection.java,23.0,8.0,55.0,11.0,0.0,25.0,6.0,tabish121@gmail.com,1,0.0032679738562091504,33.0,0.0,0.0,33.0,893.2203389830509,6681.5914573426135,1,0,1.2669476034873244,false
activemq-client/src/main/java/org/apache/activemq/TransactionContext.java,604.0,26.0,139.0,34.0,148.0,138.0,8.0,gary.tully@gmail.com,1,0.0,0.0,0.0,12.0,0.0,1353.7684210526318,11680.983512556179,1,2,1.6977305195797787,true
activemq-client/src/main/java/org/apache/activemq/command/ActiveMQBytesMessage.java,692.0,22.0,289.0,46.0,151.0,181.0,0.0,null,0,0.0,0.0,0.0,0.0,0.0,0.0,0.0,0,2,0.0,true
activemq-client/src/main/java/org/apache/activemq/command/ActiveMQMessage.java,591.0,21.0,3146.0,80.0,193.0,221.0,0.0,chirino@apache.org,0,0.0,0.0,0.0,0.0,0.0,0.0,0.0,0,5,0.0,true
activemq-client/src/main/java/org/apache/activemq/command/ActiveMQStreamMessage.java,946.0,21.0,130.0,36.0,212.0,154.0,0.0,chirino@apache.org,0,0.0,0.0,0.0,0.0,0.0,0.0,0.0,0,1,0.0,true
activemq-client/src/main/java/org/apache/activemq/command/MessagePull.java,79.0,1.0,93.0,15.0,5.0,27.0,3.0,tabish121@gmail.com,1,0.0,0.0,0.0,0.0,0.0,893.2203389830509,6681.5914573426135,1,0,1.2669476034873244,true
activemq-client/src/main/java/org/apache/activemq/command/ProducerInfo.java,98.0,2.0,172.0,21.0,9.0,34.0,0.0,rajdavies@gmail.com,0,0.0,0.0,0.0,0.0,0.0,0.0,0.0,0,2,0.0,true
activemq-client/src/main/java/org/apache/activemq/command/WireFormatInfo.java,278.0,14.0,1754.0,61.0,42.0,141.0,5.0,hiram@hiramchirino.com,1,0.0,0.0,0.0,0.0,0.0,497.0,3680.42773341594,1,0,2.588703443469644,false
activemq-client/src/main/java/org/apache/activemq/command/XATransactionId.java,157.0,6.0,123.0,23.0,24.0,62.0,14.0,hiram@hiramchirino.com,1,0.0,0.0,0.0,33.0,0.0,1353.7684210526318,11680.983512556179,1,1,1.6977305195797787,false
activemq-client/src/main/java/org/apache/activemq/filter/DestinationMapNode.java,198.0,7.0,99.0,22.0,46.0,60.0,5.0,dejan@nighttale.net,1,0.0,0.0,0.0,14.0,0.0,497.0,3680.42773341594,1,0,2.588703443469644,true
activemq-client/src/main/java/org/apache/activemq/filter/function/FilterFunction.java,23.0,2.0,3.0,3.0,0.0,10.0,1.0,art@artnaseef.com,1,0.0,0.0,0.0,0.0,0.0,88.28571428571429,66.03080165484023,1,0,3.0587070727153796,false
activemq-client/src/main/java/org/apache/activemq/management/SizeStatisticImpl.java,128.0,0.0,52.0,16.0,10.0,31.0,0.0,tabish121@gmail.com,0,0.0,0.0,0.0,0.0,0.0,0.0,0.0,0,1,0.0,true
activemq-client/src/main/java/org/apache/activemq/openwire/OpenWireFormatFactory.java,108.0,3.0,187.0,23.0,13.0,38.0,5.0,hiram@hiramchirino.com,1,0.0,0.0,0.0,0.0,0.0,497.0,3680.42773341594,1,0,2.588703443469644,false
activemq-client/src/main/java/org/apache/activemq/state/ConnectionStateTracker.java,581.0,30.0,465.0,46.0,196.0,146.0,7.0,gary.tully@gmail.com,3,0.0032679738562091504,0.0,14.0,14.0,0.0,2604.1739452208676,19822.972747398577,3,2,0.7740277405566629,true
activemq-client/src/main/java/org/apache/activemq/state/TransactionState.java,56.0,8.0,75.0,14.0,8.0,24.0,6.0,hiram@hiramchirino.com,1,0.0,0.0,0.0,0.0,0.0,497.0,3680.42773341594,1,0,2.588703443469644,true
activemq-client/src/main/java/org/apache/activemq/transport/TransportFactory.java,208.0,15.0,188.0,20.0,49.0,69.0,5.0,hiram@hiramchirino.com,1,0.0,0.0,0.0,0.0,0.0,497.0,3680.42773341594,1,0,2.588703443469644,false
activemq-client/src/main/java/org/apache/activemq/transport/failover/FailoverTransport.java,1177.0,45.0,3766.0,96.0,294.0,259.0,1.0,null,2,0.0032679738562091504,5.0,0.0,10.0,0.0,1710.953606237817,13141.381290055964,2,7,1.6982239813032565,true
activemq-client/src/main/java/org/apache/activemq/transport/nio/NIOSSLTransport.java,307.0,23.0,156.0,21.0,80.0,64.0,0.0,tabish121@gmail.com,0,0.0,0.0,0.0,0.0,0.0,0.0,0.0,0,0,0.0,true
activemq-client/src/main/java/org/apache/activemq/transport/tcp/TcpTransportServer.java,383.0,35.0,915.0,46.0,76.0,100.0,1.0,tabish@apache.org,2,0.0,0.0,0.0,0.0,0.0,1069.583975346687,6882.335973480647,2,3,1.3014440392308,true
activemq-client/src/main/java/org/apache/activemq/util/DataByteArrayInputStream.java,251.0,1.0,173.0,27.0,22.0,73.0,0.0,hiram@hiramchirino.com,0,0.0,0.0,0.0,0.0,0.0,0.0,0.0,0,1,0.0,false
activemq-client/src/main/java/org/apache/activemq/util/IdGenerator.java,183.0,5.0,18.0,9.0,20.0,27.0,0.0,hiram@hiramchirino.com,0,0.0,0.0,0.0,0.0,0.0,0.0,0.0,0,1,0.0,true
activemq-client/src/test/java/org/apache/activemq/state/ConnectionStateTrackerTest.java,46.0,12.0,15.0,7.0,13.0,15.0,3.0,tabish121@gmai.com,1,0.0,0.0,0.0,0.0,0.0,893.2203389830509,6681.5914573426135,1,0,1.2669476034873244,false
activemq-http/src/main/java/org/apache/activemq/transport/ws/MQTTSocket.java,84.0,19.0,102.0,16.0,25.0,34.0,0.0,hiram@hiramchirino.com,0,0.0,0.0,0.0,0.0,0.0,0.0,0.0,0,1,0.0,true
activemq-http/src/main/java/org/apache/activemq/transport/xstream/XStreamWireFormatFactory.java,14.0,2.0,1.0,3.0,0.0,5.0,1.0,hiram@hiramchirino.com,1,0.0,0.0,0.0,50.0,0.0,497.0,3680.42773341594,1,0,2.588703443469644,false
activemq-jdbc-store/src/main/java/org/apache/activemq/store/jdbc/JDBCIOExceptionHandler.java,33.0,6.0,1.0,2.0,6.0,6.0,0.0,gary.tully@gmail.com,0,0.0,0.0,0.0,0.0,0.0,0.0,0.0,0,1,0.0,true
activemq-jdbc-store/src/main/java/org/apache/activemq/store/jdbc/JDBCTopicMessageStore.java,335.0,25.0,115.0,18.0,102.0,67.0,0.0,gary.tully@gmail.com,0,0.0,0.0,0.0,0.0,0.0,0.0,0.0,0,0,0.0,true
activemq-jdbc-store/src/main/java/org/apache/activemq/store/jdbc/TransactionContext.java,197.0,9.0,47.0,15.0,38.0,43.0,8.0,gary.tully@gmail.com,1,0.0,0.0,0.0,14.0,0.0,1353.7684210526318,11680.983512556179,1,3,1.6977305195797787,true
activemq-jdbc-store/src/main/java/org/apache/activemq/store/journal/JournalTopicMessageStore.java,138.0,18.0,0.0,18.0,52.0,48.0,0.0,chirino@apache.org,0,0.0,0.0,0.0,0.0,0.0,0.0,0.0,0,0,0.0,false
activemq-jms-pool/src/main/java/org/apache/activemq/jms/pool/ConnectionPool.java,201.0,12.0,235.0,31.0,41.0,68.0,4.0,null,1,0.0032679738562091504,12.0,0.0,0.0,0.0,37.333333333333336,13.041693179345538,1,0,5.3612921657094255,true
activemq-jms-pool/src/main/java/org/apache/activemq/jms/pool/PooledConnectionFactory.java,316.0,9.0,594.0,37.0,86.0,116.0,4.0,tabish121@gmail.com,1,0.0032679738562091504,8.0,0.0,0.0,0.0,37.333333333333336,13.041693179345538,1,0,5.3612921657094255,true
activemq-jms-pool/src/main/java/org/apache/activemq/jms/pool/PooledProducer.java,94.0,5.0,82.0,20.0,20.0,38.0,2.0,gary.tully@gmail.com,1,0.0,0.0,0.0,33.0,0.0,1353.7684210526318,11680.983512556179,1,0,1.6977305195797787,true
activemq-jms-pool/src/main/java/org/apache/activemq/jms/pool/PooledSession.java,319.0,31.0,1456.0,56.0,111.0,160.0,0.0,tabish121@gmail.com,0,0.0,0.0,0.0,0.0,0.0,0.0,0.0,0,0,0.0,true
activemq-jms-pool/src/test/java/org/apache/activemq/jms/pool/PooledSessionNoPublisherCachingTest.java,71.0,13.0,0.0,6.0,36.0,14.0,0.0,tabish121@gmail.com,0,0.0,0.0,0.0,0.0,0.0,0.0,0.0,0,0,0.0,true
activemq-jms-pool/src/test/java/org/apache/activemq/jms/pool/PooledSessionTest.java,80.0,14.0,0.0,7.0,42.0,17.0,0.0,tabish121@gmail.com,0,0.0,0.0,0.0,0.0,0.0,0.0,0.0,0,0,0.0,true
activemq-kahadb-store/src/main/java/org/apache/activemq/store/kahadb/KahaDBStore.java,1099.0,56.0,1330.0,53.0,130.0,137.0,20.0,gary.tully@gmail.com,1,0.0032679738562091504,0.0,5.0,5.0,0.0,1353.7684210526318,11680.983512556179,1,3,1.6977305195797787,true
activemq-kahadb-store/src/main/java/org/apache/activemq/store/kahadb/MessageDatabase.java,2440.0,76.0,9803.0,150.0,545.0,419.0,9.0,gary.tully@gmail.com,2,0.006535947712418301,3.0,3.0,5.0,0.0,1850.7684210526318,15361.411245972118,2,11,1.375522680819564,true
activemq-kahadb-store/src/main/java/org/apache/activemq/store/kahadb/TempKahaDBStore.java,458.0,45.0,398.0,29.0,64.0,79.0,0.0,chirino@apache.org,0,0.0,0.0,0.0,0.0,0.0,0.0,0.0,0,2,0.0,false
activemq-kahadb-store/src/main/java/org/apache/activemq/store/kahadb/disk/journal/CallerBufferingDataFileAppender.java,138.0,6.0,10.0,5.0,42.0,18.0,0.0,tabish121@gmai.com,0,0.0,0.0,0.0,0.0,0.0,0.0,0.0,0,3,0.0,false
activemq-kahadb-store/src/main/java/org/apache/activemq/store/kahadb/disk/journal/DataFileAccessor.java,87.0,4.0,0.0,8.0,35.0,26.0,0.0,gary.tully@gmail.com,0,0.0,0.0,0.0,0.0,0.0,0.0,0.0,0,3,0.0,false
activemq-kahadb-store/src/main/java/org/apache/activemq/store/kahadb/disk/journal/DataFileAppender.java,330.0,13.0,20.0,9.0,76.0,41.0,0.0,tabish121@gmai.com,0,0.0,0.0,0.0,0.0,0.0,0.0,0.0,0,3,0.0,false
activemq-kahadb-store/src/main/java/org/apache/activemq/store/kahadb/disk/page/PageFile.java,916.0,36.0,2071.0,71.0,213.0,182.0,0.0,tabish121@gmai.com,0,0.0,0.0,0.0,0.0,0.0,0.0,0.0,0,3,0.0,true
activemq-kahadb-store/src/main/java/org/apache/activemq/store/kahadb/disk/util/DiskBenchmark.java,238.0,5.0,21.0,10.0,19.0,24.0,0.0,tabish121@gmai.com,0,0.0,0.0,0.0,0.0,0.0,0.0,0.0,0,3,0.0,false
activemq-kahadb-store/src/main/java/org/apache/activemq/store/kahadb/scheduler/JobSchedulerImpl.java,573.0,25.0,523.0,59.0,261.0,189.0,2.0,tabish@apache.org,1,0.0,0.0,0.0,0.0,0.0,893.2203389830509,6681.5914573426135,1,3,1.2669476034873244,true
activemq-kahadb-store/src/main/java/org/apache/activemq/store/kahadb/scheduler/JobSchedulerStoreImpl.java,238.0,32.0,230.0,25.0,45.0,59.0,0.0,tabish@apache.org,0,0.0,0.0,0.0,0.0,0.0,0.0,0.0,0,2,0.0,false
activemq-kahadb-store/src/main/java/org/apache/activemq/util/RecoverableRandomAccessFile.java,373.0,6.0,841.0,42.0,114.0,145.0,0.0,dejan@nighttale.net,0,0.0,0.0,0.0,0.0,0.0,0.0,0.0,0,3,0.0,true
activemq-karaf-itest/src/test/java/org/apache/activemq/karaf/itest/ActiveMQBrokerNdCamelFeatureTest.java,27.0,10.0,6.0,4.0,24.0,12.0,0.0,gary.tully@gmail.com,0,0.0,0.0,0.0,0.0,0.0,0.0,0.0,0,0,0.0,false
activemq-karaf-itest/src/test/java/org/apache/activemq/karaf/itest/ActiveMQBrokerNdExternalCamelFeatureTest.java,34.0,12.0,6.0,4.0,28.0,12.0,0.0,gary.tully@gmail.com,0,0.0,0.0,0.0,0.0,0.0,0.0,0.0,0,1,0.0,false
activemq-leveldb-store/src/test/java/org/apache/activemq/leveldb/test/ElectingLevelDBStoreTest.java,147.0,15.0,26.0,8.0,67.0,22.0,3.0,gary.tully@gmail.com,1,0.0,0.0,0.0,6.0,0.0,761.7288135593221,6104.394180513958,1,2,1.7503742530652007,false
activemq-leveldb-store/src/test/java/org/apache/activemq/leveldb/test/MasterLevelDBStoreTest.java,52.0,9.0,3.0,3.0,18.0,7.0,3.0,gary.tully@gmail.com,1,0.0,0.0,0.0,17.0,0.0,761.7288135593221,6104.394180513958,1,1,1.7503742530652007,false
activemq-leveldb-store/src/test/java/org/apache/activemq/leveldb/test/ReplicatedLevelDBBrokerTest.java,363.0,26.0,490.0,33.0,178.0,100.0,0.0,hiram@hiramchirino.com,0,0.0,0.0,0.0,0.0,0.0,0.0,0.0,0,2,0.0,true
activemq-leveldb-store/src/test/java/org/apache/activemq/leveldb/test/ReplicatedLevelDBStoreTest.java,182.0,20.0,62.0,12.0,78.0,33.0,3.0,chirino@apache.org,1,0.0,0.0,0.0,9.0,0.0,761.7288135593221,6104.394180513958,1,1,1.7503742530652007,false
activemq-mqtt/src/main/java/org/apache/activemq/transport/mqtt/MQTTInactivityMonitor.java,172.0,18.0,181.0,23.0,42.0,45.0,1.0,hiram@hiramchirino.com,2,0.0,0.0,0.0,17.0,0.0,1390.2203389830509,10362.019190758554,2,1,1.2346783429185386,true
activemq-mqtt/src/main/java/org/apache/activemq/transport/mqtt/MQTTNIOTransportFactory.java,44.0,19.0,26.0,8.0,6.0,25.0,0.0,hiram@hiramchirino.com,0,0.0,0.0,0.0,0.0,0.0,0.0,0.0,0,2,0.0,true
activemq-mqtt/src/main/java/org/apache/activemq/transport/mqtt/MQTTProtocolConverter.java,703.0,26.0,419.0,39.0,320.0,139.0,2.0,null,4,0.0032679738562091504,2.0,2.0,4.0,2.0,3101.1739452208676,23503.40048081452,4,6,0.7071689596518569,true
activemq-mqtt/src/main/java/org/apache/activemq/transport/mqtt/MQTTRetainedMessages.java,52.0,13.0,9.0,6.0,9.0,14.0,5.0,hiram@hiramchirino.com,1,0.0,0.0,0.0,33.0,0.0,497.0,3680.42773341594,1,1,2.588703443469644,true
activemq-mqtt/src/main/java/org/apache/activemq/transport/mqtt/MQTTSslTransportFactory.java,31.0,10.0,8.0,5.0,5.0,14.0,0.0,hiram@hiramchirino.com,0,0.0,0.0,0.0,0.0,0.0,0.0,0.0,0,1,0.0,true
activemq-mqtt/src/main/java/org/apache/activemq/transport/mqtt/MQTTSubscription.java,37.0,10.0,1.0,6.0,6.0,14.0,3.0,null,2,0.0,0.0,0.0,12.0,0.0,2246.9887600356824,18362.574969898793,2,0,0.7740277405566629,true
activemq-mqtt/src/main/java/org/apache/activemq/transport/mqtt/MQTTTransportFactory.java,36.0,16.0,13.0,6.0,6.0,17.0,0.0,hiram@hiramchirino.com,0,0.0,0.0,0.0,0.0,0.0,0.0,0.0,0,2,0.0,true
activemq-mqtt/src/main/java/org/apache/activemq/transport/mqtt/MQTTTransportFilter.java,149.0,17.0,71.0,18.0,25.0,41.0,4.0,tabish121@gmail.com,2,0.0,0.0,0.0,0.0,0.0,854.1851851851852,5140.825510915726,2,4,1.927825523478484,true
activemq-mqtt/src/test/java/org/apache/activemq/transport/mqtt/FuseMQQTTClientProvider.java,56.0,8.0,6.0,13.0,22.0,25.0,0.0,rajdavies@apache.org,0,0.0,0.0,0.0,0.0,0.0,0.0,0.0,0,2,0.0,true
activemq-mqtt/src/test/java/org/apache/activemq/transport/mqtt/IDERunner.java,15.0,3.0,0.0,1.0,6.0,2.0,5.0,hiram@hiramchirino.com,1,0.0,0.0,0.0,100.0,0.0,497.0,3680.42773341594,1,0,2.588703443469644,false
activemq-mqtt/src/test/java/org/apache/activemq/transport/mqtt/MQTTClientProvider.java,15.0,0.0,78.0,13.0,0.0,22.0,0.0,rajdavies@apache.org,0,0.0,0.0,0.0,0.0,0.0,0.0,0.0,0,2,0.0,true
activemq-mqtt/src/test/java/org/apache/activemq/transport/mqtt/MQTTNioTest.java,55.0,14.0,15.0,6.0,32.0,16.0,3.0,null,3,0.0032679738562091504,0.0,12.0,0.0,12.0,2472.682419797139,19245.775470569923,3,2,0.9351699570826217,true
activemq-mqtt/src/test/java/org/apache/activemq/transport/mqtt/MQTTSSLTest.java,45.0,14.0,10.0,5.0,19.0,11.0,3.0,chirino@apache.org,3,0.0032679738562091504,0.0,11.0,0.0,11.0,2472.682419797139,19245.775470569923,3,2,0.9351699570826217,true
activemq-mqtt/src/test/java/org/apache/activemq/transport/mqtt/MQTTTest.java,578.0,30.0,636.0,37.0,353.0,124.0,3.0,null,4,0.006535947712418301,2.0,5.0,5.0,2.0,3101.1739452208676,23503.40048081452,4,8,0.5970055991929768,true
activemq-pool/src/main/java/org/apache/activemq/pool/XaPooledConnectionFactory.java,91.0,25.0,143.0,18.0,45.0,37.0,0.0,gtully@apache.org,0,0.0,0.0,0.0,0.0,0.0,0.0,0.0,0,3,0.0,true
activemq-pool/src/test/java/org/apache/activemq/pool/ConfigFromPropsTest.java,11.0,3.0,0.0,1.0,5.0,2.0,0.0,gary.tully@gmail.com,0,0.0,0.0,0.0,0.0,0.0,0.0,0.0,0,0,0.0,false
activemq-ra/src/main/java/org/apache/activemq/ra/ActiveMQEndpointWorker.java,253.0,24.0,29.0,18.0,120.0,57.0,7.0,null,1,0.0032679738562091504,0.0,4.0,9.0,0.0,1353.7684210526318,11680.983512556179,1,11,1.6977305195797787,true
activemq-ra/src/main/java/org/apache/activemq/ra/ActiveMQResourceAdapter.java,222.0,21.0,86.0,17.0,75.0,54.0,5.0,null,2,0.0032679738562091504,0.0,4.0,4.0,0.0,1423.7684210526318,11730.685434062865,2,12,1.402717790123095,true
activemq-ra/src/main/java/org/apache/activemq/ra/LocalAndXATransaction.java,124.0,9.0,0.0,17.0,26.0,45.0,8.0,gary.tully@gmail.com,1,0.0032679738562091504,0.0,11.0,22.0,0.0,1353.7684210526318,11680.983512556179,1,2,1.6977305195797787,true
activemq-ra/src/main/java/org/apache/activemq/ra/ServerSessionImpl.java,210.0,18.0,10.0,16.0,37.0,44.0,9.0,chirino@apache.org,1,0.0,0.0,0.0,7.0,0.0,1353.7684210526318,11680.983512556179,1,4,1.6977305195797787,true
activemq-ra/src/main/java/org/apache/activemq/ra/ServerSessionPoolImpl.java,262.0,19.0,0.0,13.0,82.0,50.0,7.0,chirino@apache.org,1,0.0032679738562091504,0.0,5.0,10.0,0.0,1353.7684210526318,11680.983512556179,1,5,1.6977305195797787,true
activemq-ra/src/test/java/org/apache/activemq/ra/ActiveMQConnectionFactoryTest.java,63.0,16.0,7.0,6.0,34.0,12.0,8.0,gary.tully@gmail.com,1,0.0,0.0,0.0,14.0,0.0,1353.7684210526318,11680.983512556179,1,1,1.6977305195797787,true
activemq-ra/src/test/java/org/apache/activemq/ra/JmsXARollback2CxTransactionTest.java,105.0,14.0,110.0,17.0,27.0,42.0,1.0,djencks@apache.org,1,0.0032679738562091504,0.0,25.0,25.0,0.0,761.7288135593221,6104.394180513958,1,0,1.7503742530652007,true
activemq-ra/src/test/java/org/apache/activemq/ra/ServerSessionImplTest.java,146.0,31.0,24.0,9.0,64.0,26.0,5.0,chirino@apache.org,1,0.0,0.0,0.0,0.0,0.0,1353.7684210526318,11680.983512556179,1,2,1.6977305195797787,true
activemq-runtime-config/src/main/java/org/apache/activemq/plugin/RuntimeConfigurationBroker.java,747.0,93.0,706.0,44.0,299.0,161.0,5.0,gary.tully@gmail.com,1,0.0,0.0,0.0,4.0,0.0,357.18518518518516,1460.3977774997861,1,5,2.653241964607215,true
activemq-runtime-config/src/test/java/org/apache/activemq/VirtualDestTest.java,177.0,10.0,22.0,13.0,112.0,35.0,9.0,gary.tully@gmail.com,1,0.0,0.0,0.0,0.0,0.0,357.18518518518516,1460.3977774997861,1,0,2.653241964607215,false
activemq-tooling/activemq-maven-plugin/src/main/java/org/apache/activemq/maven/Broker.java,81.0,4.0,0.0,5.0,18.0,21.0,5.0,art@artnaseef.com,1,0.0032679738562091504,0.0,50.0,0.0,0.0,893.2203389830509,6681.5914573426135,1,0,1.2669476034873244,false
activemq-tooling/activemq-maven-plugin/src/main/java/org/apache/activemq/maven/StartBrokerMojo.java,62.0,4.0,1.0,2.0,12.0,6.0,5.0,art@artnaseef.com,1,0.0032679738562091504,0.0,50.0,0.0,0.0,893.2203389830509,6681.5914573426135,1,0,1.2669476034873244,false
activemq-tooling/activemq-maven-plugin/src/main/java/org/apache/activemq/maven/StopBrokerMojo.java,20.0,2.0,0.0,1.0,3.0,4.0,5.0,art@artnaseef.com,1,0.0032679738562091504,0.0,33.0,0.0,0.0,893.2203389830509,6681.5914573426135,1,0,1.2669476034873244,false
activemq-unit-tests/src/test/java/org/apache/activemq/ActiveMQInputStreamTest.java,95.0,9.0,0.0,4.0,32.0,14.0,6.0,tabish121@gmail.com,1,0.0032679738562091504,33.0,0.0,0.0,33.0,893.2203389830509,6681.5914573426135,1,1,1.2669476034873244,false
activemq-unit-tests/src/test/java/org/apache/activemq/ActiveMQXAConnectionFactoryTest.java,425.0,34.0,247.0,26.0,207.0,66.0,0.0,gary.tully@gmail.com,0,0.0,0.0,0.0,0.0,0.0,0.0,0.0,0,3,0.0,true
activemq-unit-tests/src/test/java/org/apache/activemq/ExpiryHogTest.java,41.0,12.0,4.0,4.0,14.0,12.0,18.0,tabish@apache.org,1,0.0032679738562091504,0.0,50.0,0.0,0.0,761.7288135593221,6104.394180513958,1,1,1.7503742530652007,false
activemq-unit-tests/src/test/java/org/apache/activemq/JmsMultipleClientsTestSupport.java,212.0,32.0,202.0,25.0,95.0,72.0,18.0,gary.tully@gmail.com,1,0.0032679738562091504,0.0,33.0,0.0,0.0,761.7288135593221,6104.394180513958,1,1,1.7503742530652007,false
activemq-unit-tests/src/test/java/org/apache/activemq/JmsRollbackRedeliveryTest.java,250.0,20.0,0.0,15.0,148.0,54.0,1.0,tabish@apache.org,1,0.0032679738562091504,0.0,33.0,0.0,0.0,761.7288135593221,6104.394180513958,1,2,1.7503742530652007,true
activemq-unit-tests/src/test/java/org/apache/activemq/advisory/ConsumerListenerTest.java,96.0,13.0,15.0,10.0,33.0,21.0,0.0,tabish@apache.org,0,0.0,0.0,0.0,0.0,0.0,0.0,0.0,0,2,0.0,true
activemq-unit-tests/src/test/java/org/apache/activemq/advisory/ProducerListenerTest.java,91.0,11.0,8.0,9.0,32.0,20.0,0.0,tabish@apache.org,0,0.0,0.0,0.0,0.0,0.0,0.0,0.0,0,3,0.0,true
activemq-unit-tests/src/test/java/org/apache/activemq/broker/BrokerRedeliveryTest.java,114.0,15.0,20.0,9.0,54.0,25.0,1.0,gary.tully@gmail.com,2,0.0,0.0,0.0,50.0,0.0,2115.497234611954,17785.377693070135,2,1,1.0787642624467733,true
activemq-unit-tests/src/test/java/org/apache/activemq/broker/NioQueueSubscriptionTest.java,55.0,25.0,4.0,4.0,42.0,14.0,9.0,tabish@apache.org,1,0.0032679738562091504,25.0,25.0,0.0,25.0,761.7288135593221,6104.394180513958,1,1,1.7503742530652007,false
activemq-unit-tests/src/test/java/org/apache/activemq/broker/QueueSubscriptionTest.java,102.0,8.0,0.0,12.0,32.0,25.0,10.0,gary.tully@gmail.com,1,0.0032679738562091504,0.0,25.0,0.0,25.0,761.7288135593221,6104.394180513958,1,1,1.7503742530652007,false
activemq-unit-tests/src/test/java/org/apache/activemq/broker/TopicSubscriptionTest.java,93.0,9.0,55.0,11.0,29.0,24.0,18.0,gary.tully@gmail.com,1,0.0032679738562091504,0.0,33.0,0.0,0.0,761.7288135593221,6104.394180513958,1,1,1.7503742530652007,false
activemq-unit-tests/src/test/java/org/apache/activemq/broker/ft/DbRestartJDBCQueueMasterSlaveLeaseQuiesceTest.java,41.0,6.0,9.0,7.0,7.0,18.0,0.0,gtully@apache.org,0,0.0,0.0,0.0,0.0,0.0,0.0,0.0,0,2,0.0,true
activemq-unit-tests/src/test/java/org/apache/activemq/broker/ft/kahaDbJdbcLeaseQueueMasterSlaveTest.java,72.0,12.0,24.0,8.0,53.0,17.0,0.0,gary.tully@gmail.com,0,0.0,0.0,0.0,0.0,0.0,0.0,0.0,0,1,0.0,true
activemq-unit-tests/src/test/java/org/apache/activemq/broker/jmx/MBeanOperationTimeoutTest.java,74.0,20.0,1.0,6.0,37.0,20.0,0.0,tabish@apache.org,0,0.0,0.0,0.0,0.0,0.0,0.0,0.0,0,1,0.0,false
activemq-unit-tests/src/test/java/org/apache/activemq/broker/jmx/MBeanTest.java,964.0,41.0,0.0,46.0,488.0,142.0,5.0,gary.tully@gmail.com,1,0.0032679738562091504,0.0,7.0,0.0,0.0,893.2203389830509,6681.5914573426135,1,2,1.2669476034873244,true
activemq-unit-tests/src/test/java/org/apache/activemq/broker/policy/AbortSlowAckConsumer0Test.java,99.0,18.0,0.0,7.0,56.0,19.0,7.0,gary.tully@gmail.com,3,0.006535947712418301,17.0,17.0,50.0,17.0,3008.717573595005,24466.969150412748,3,0,0.4810259318537373,true
activemq-unit-tests/src/test/java/org/apache/activemq/broker/policy/AbortSlowAckConsumer1Test.java,31.0,12.0,6.0,4.0,11.0,9.0,12.0,gary.tully@gmail.com,2,0.006535947712418301,50.0,50.0,0.0,50.0,2115.497234611954,17785.377693070135,2,0,1.0309052057625445,false
activemq-unit-tests/src/test/java/org/apache/activemq/broker/policy/AbortSlowAckConsumer2Test.java,31.0,12.0,6.0,4.0,11.0,9.0,12.0,gary.tully@gmail.com,2,0.006535947712418301,50.0,50.0,0.0,50.0,2115.497234611954,17785.377693070135,2,0,1.0309052057625445,false
activemq-unit-tests/src/test/java/org/apache/activemq/broker/policy/AbortSlowConsumer0Test.java,85.0,31.0,13.0,6.0,59.0,16.0,12.0,tabish121@gmail.com,2,0.006535947712418301,33.0,33.0,0.0,33.0,2115.497234611954,17785.377693070135,2,0,1.0309052057625445,false
activemq-unit-tests/src/test/java/org/apache/activemq/broker/policy/AbortSlowConsumer1Test.java,58.0,15.0,4.0,5.0,40.0,11.0,12.0,gary.tully@gmail.com,2,0.006535947712418301,50.0,50.0,0.0,50.0,2115.497234611954,17785.377693070135,2,0,1.0309052057625445,false
activemq-unit-tests/src/test/java/org/apache/activemq/broker/policy/AbortSlowConsumer2Test.java,26.0,12.0,3.0,3.0,11.0,7.0,12.0,gary.tully@gmail.com,2,0.006535947712418301,50.0,50.0,0.0,50.0,2115.497234611954,17785.377693070135,2,0,1.0309052057625445,false
activemq-unit-tests/src/test/java/org/apache/activemq/broker/policy/AbortSlowConsumerBase.java,36.0,27.0,2.0,4.0,13.0,9.0,18.0,tabish121@gmail.com,1,0.0032679738562091504,0.0,50.0,0.0,0.0,761.7288135593221,6104.394180513958,1,0,1.7503742530652007,false
activemq-unit-tests/src/test/java/org/apache/activemq/broker/policy/DeadLetterTestSupport.java,146.0,21.0,77.0,19.0,62.0,48.0,4.0,gary.tully@gmail.com,1,0.0,0.0,0.0,0.0,0.0,357.18518518518516,1460.3977774997861,1,1,2.653241964607215,true
activemq-unit-tests/src/test/java/org/apache/activemq/broker/policy/RoundRobinDispatchPolicyTest.java,55.0,12.0,55.0,11.0,21.0,23.0,10.0,tabish@apache.org,1,0.0032679738562091504,0.0,33.0,0.0,33.0,761.7288135593221,6104.394180513958,1,1,1.7503742530652007,false
activemq-unit-tests/src/test/java/org/apache/activemq/broker/policy/SimpleDispatchPolicyTest.java,37.0,14.0,6.0,4.0,12.0,12.0,10.0,tabish@apache.org,1,0.0032679738562091504,0.0,25.0,0.0,25.0,761.7288135593221,6104.394180513958,1,2,1.7503742530652007,false
activemq-unit-tests/src/test/java/org/apache/activemq/broker/policy/StrictOrderDispatchPolicyTest.java,54.0,12.0,45.0,10.0,19.0,24.0,18.0,tabish@apache.org,1,0.0032679738562091504,0.0,33.0,0.0,0.0,761.7288135593221,6104.394180513958,1,2,1.7503742530652007,false
activemq-unit-tests/src/test/java/org/apache/activemq/broker/region/QueueDuplicatesFromStoreTest.java,222.0,30.0,1086.0,48.0,59.0,106.0,0.0,tabish@apache.org,0,0.0,0.0,0.0,0.0,0.0,0.0,0.0,0,4,0.0,true
activemq-unit-tests/src/test/java/org/apache/activemq/broker/region/QueueOptimizedDispatchExceptionTest.java,136.0,24.0,317.0,26.0,34.0,52.0,6.0,hiram@hiramchirino.com,1,0.0,0.0,0.0,0.0,0.0,497.0,3680.42773341594,1,1,2.588703443469644,true
activemq-unit-tests/src/test/java/org/apache/activemq/broker/region/SubscriptionAddRemoveQueueTest.java,224.0,29.0,0.0,5.0,36.0,18.0,0.0,gary.tully@gmail.com,0,0.0,0.0,0.0,0.0,0.0,0.0,0.0,0,1,0.0,false
activemq-unit-tests/src/test/java/org/apache/activemq/broker/scheduler/JobSchedulerTest.java,177.0,13.0,10.0,16.0,82.0,40.0,2.0,tabish121@gmail.com,1,0.0,0.0,0.0,0.0,0.0,893.2203389830509,6681.5914573426135,1,2,1.2669476034873244,true
activemq-unit-tests/src/test/java/org/apache/activemq/bugs/AMQ2910Test.java,75.0,15.0,0.0,5.0,40.0,15.0,18.0,tabish@apache.org,1,0.0032679738562091504,0.0,33.0,0.0,0.0,761.7288135593221,6104.394180513958,1,2,1.7503742530652007,false
activemq-unit-tests/src/test/java/org/apache/activemq/bugs/AMQ4160Test.java,197.0,23.0,513.0,35.0,109.0,70.0,0.0,tabish@apache.org,0,0.0,0.0,0.0,0.0,0.0,0.0,0.0,0,3,0.0,false
activemq-unit-tests/src/test/java/org/apache/activemq/bugs/AMQ4887Test.java,93.0,18.0,13.0,6.0,50.0,22.0,0.0,tabish121@gmai.com,0,0.0,0.0,0.0,0.0,0.0,0.0,0.0,0,0,0.0,false
activemq-unit-tests/src/test/java/org/apache/activemq/bugs/AMQ4893Test.java,41.0,9.0,15.0,6.0,23.0,14.0,15.0,tabish121@gmai.com,1,0.0032679738562091504,0.0,33.0,0.0,0.0,176.36363636363637,200.74451613803384,1,1,2.7222348360941666,true
activemq-unit-tests/src/test/java/org/apache/activemq/bugs/AMQ4899Test.java,92.0,27.0,2.0,4.0,30.0,11.0,3.0,tabish121@gmail.com,1,0.0,0.0,0.0,50.0,0.0,761.7288135593221,6104.394180513958,1,0,1.7503742530652007,true
activemq-unit-tests/src/test/java/org/apache/activemq/bugs/AMQ4930Test.java,72.0,16.0,3.0,6.0,44.0,14.0,0.0,gary.tully@gmail.com,0,0.0,0.0,0.0,0.0,0.0,0.0,0.0,0,1,0.0,false
activemq-unit-tests/src/test/java/org/apache/activemq/bugs/AMQ4950Test.java,110.0,27.0,43.0,11.0,66.0,31.0,0.0,tmielke@redhat.com,0,0.0,0.0,0.0,0.0,0.0,0.0,0.0,0,1,0.0,true
activemq-unit-tests/src/test/java/org/apache/activemq/bugs/AMQ4952Test.java,291.0,47.0,20.0,13.0,133.0,56.0,1.0,gary.tully@gmail.com,3,0.006535947712418301,12.0,12.0,0.0,25.0,1831.3127889060092,12986.730153994606,3,1,0.8145732755474542,false
activemq-unit-tests/src/test/java/org/apache/activemq/bugs/AMQ5035Test.java,37.0,14.0,0.0,4.0,20.0,11.0,2.0,tabish121@gmail.com,1,0.0032679738562091504,33.0,0.0,33.0,0.0,893.2203389830509,6681.5914573426135,1,0,1.2669476034873244,true
activemq-unit-tests/src/test/java/org/apache/activemq/bugs/ConnectionPerMessageTest.java,56.0,12.0,4.0,5.0,19.0,14.0,0.0,gary.tully@gmail.com,0,0.0,0.0,0.0,0.0,0.0,0.0,0.0,0,1,0.0,false
activemq-unit-tests/src/test/java/org/apache/activemq/bugs/MemoryUsageBlockResumeTest.java,132.0,26.0,0.0,7.0,72.0,24.0,1.0,tabish@apache.org,1,0.0,0.0,0.0,0.0,0.0,761.7288135593221,6104.394180513958,1,1,1.7503742530652007,true
activemq-unit-tests/src/test/java/org/apache/activemq/bugs/TempStoreDataCleanupTest.java,175.0,29.0,31.0,11.0,87.0,38.0,0.0,gary.tully@gmail.com,0,0.0,0.0,0.0,0.0,0.0,0.0,0.0,0,2,0.0,false
activemq-unit-tests/src/test/java/org/apache/activemq/bugs/TrapMessageInJDBCStoreTest.java,158.0,23.0,0.0,6.0,55.0,20.0,16.0,gary.tully@gmail.com,1,0.0032679738562091504,0.0,17.0,17.0,0.0,1353.7684210526318,11680.983512556179,1,0,1.6977305195797787,true
activemq-unit-tests/src/test/java/org/apache/activemq/network/CheckDuplicateMessagesOnDuplexTest.java,224.0,39.0,232.0,24.0,89.0,48.0,0.0,rajdavies@gmail.com,0,0.0,0.0,0.0,0.0,0.0,0.0,0.0,0,1,0.0,true
activemq-unit-tests/src/test/java/org/apache/activemq/network/jms/QueueBridgeStandaloneReconnectTest.java,265.0,18.0,280.0,28.0,118.0,114.0,1.0,tabish@apache.org,1,0.0032679738562091504,0.0,33.0,0.0,0.0,761.7288135593221,6104.394180513958,1,2,1.7503742530652007,false
activemq-unit-tests/src/test/java/org/apache/activemq/plugin/BrokerStatisticsPluginTest.java,112.0,16.0,0.0,8.0,80.0,19.0,2.0,dejan@nighttale.net,1,0.0,0.0,0.0,0.0,0.0,893.2203389830509,6681.5914573426135,1,1,1.2669476034873244,true
activemq-unit-tests/src/test/java/org/apache/activemq/pool/JmsSendReceiveTwoConnectionsWithSenderUsingPoolTest.java,17.0,6.0,1.0,3.0,2.0,7.0,1.0,gary.tully@gmail.com,2,0.0032679738562091504,0.0,33.0,33.0,0.0,2115.497234611954,17785.377693070135,2,1,1.0309052057625445,true
activemq-unit-tests/src/test/java/org/apache/activemq/proxy/AMQ4889Test.java,69.0,20.0,0.0,5.0,24.0,17.0,8.0,gary.tully@gmail.com,2,0.0032679738562091504,0.0,33.0,0.0,0.0,1530.1320574162683,11881.728028694213,2,1,1.516835497277027,true
activemq-unit-tests/src/test/java/org/apache/activemq/store/LevelDBStorePerDestinationTest.java,14.0,3.0,3.0,3.0,2.0,8.0,0.0,hiram@hiramchirino.com,0,0.0,0.0,0.0,0.0,0.0,0.0,0.0,0,1,0.0,false
activemq-unit-tests/src/test/java/org/apache/activemq/store/jdbc/JDBCIOExceptionHandlerMockeryTest.java,63.0,16.0,0.0,3.0,37.0,10.0,0.0,gary.tully@gmail.com,0,0.0,0.0,0.0,0.0,0.0,0.0,0.0,0,0,0.0,true
activemq-unit-tests/src/test/java/org/apache/activemq/store/kahadb/KahaDBStoreRecoveryBrokerTest.java,129.0,17.0,12.0,8.0,41.0,20.0,0.0,gary.tully@gmail.com,0,0.0,0.0,0.0,0.0,0.0,0.0,0.0,0,3,0.0,true
activemq-unit-tests/src/test/java/org/apache/activemq/store/kahadb/plist/KahaDBFilePendingMessageCursorTest.java,52.0,12.0,0.0,1.0,29.0,4.0,0.0,gary.tully@gmail.com,0,0.0,0.0,0.0,0.0,0.0,0.0,0.0,0,3,0.0,false
activemq-unit-tests/src/test/java/org/apache/activemq/streams/JMSInputStreamTest.java,198.0,18.0,34.0,13.0,81.0,39.0,6.0,tabish121@gmail.com,1,0.0032679738562091504,33.0,0.0,0.0,33.0,893.2203389830509,6681.5914573426135,1,1,1.2669476034873244,false
activemq-unit-tests/src/test/java/org/apache/activemq/transport/failover/TwoBrokerFailoverClusterTest.java,60.0,0.0,0.0,3.0,25.0,10.0,1.0,dejanb@apache.org,1,0.0032679738562091504,0.0,50.0,0.0,0.0,761.7288135593221,6104.394180513958,1,0,1.7503742530652007,false
activemq-unit-tests/src/test/java/org/apache/activemq/transport/multicast/MulticastTransportTest.java,25.0,8.0,4.0,4.0,7.0,10.0,0.0,tabish@apache.org,0,0.0,0.0,0.0,0.0,0.0,0.0,0.0,0,1,0.0,false
activemq-unit-tests/src/test/java/org/apache/activemq/transport/reliable/UnreliableUdpTransportTest.java,42.0,10.0,13.0,6.0,12.0,15.0,0.0,tabish@apache.org,0,0.0,0.0,0.0,0.0,0.0,0.0,0.0,0,2,0.0,false
activemq-unit-tests/src/test/java/org/apache/activemq/usage/StoreUsageLimitsTest.java,38.0,7.0,1.0,3.0,14.0,12.0,0.0,gary.tully@gmail.com,0,0.0,0.0,0.0,0.0,0.0,0.0,0.0,0,0,0.0,false
activemq-unit-tests/src/test/java/org/apache/activemq/usecases/DurableSubscriptionOffline1Test.java,149.0,16.0,4.0,5.0,43.0,17.0,0.0,hiram@hiramchirino.com,0,0.0,0.0,0.0,0.0,0.0,0.0,0.0,0,0,0.0,true
activemq-unit-tests/src/test/java/org/apache/activemq/usecases/DurableSubscriptionOffline2Test.java,93.0,18.0,4.0,5.0,35.0,16.0,0.0,kevin@kevinearls.com,0,0.0,0.0,0.0,0.0,0.0,0.0,0.0,0,0,0.0,true
activemq-unit-tests/src/test/java/org/apache/activemq/usecases/DurableSubscriptionOffline3Test.java,275.0,17.0,1.0,6.0,63.0,20.0,0.0,kevin@kevinearls.com,0,0.0,0.0,0.0,0.0,0.0,0.0,0.0,0,0,0.0,true
activemq-unit-tests/src/test/java/org/apache/activemq/usecases/DurableSubscriptionOffline4Test.java,71.0,16.0,4.0,5.0,31.0,16.0,0.0,kevin@kevinearls.com,0,0.0,0.0,0.0,0.0,0.0,0.0,0.0,0,0,0.0,true
activemq-unit-tests/src/test/java/org/apache/activemq/usecases/DurableSubscriptionOfflineTest.java,516.0,20.0,45.0,14.0,165.0,49.0,0.0,tabish@apache.org,0,0.0,0.0,0.0,0.0,0.0,0.0,0.0,0,7,0.0,true
activemq-unit-tests/src/test/java/org/apache/activemq/usecases/DurableSubscriptionOfflineTestBase.java,127.0,28.0,106.0,16.0,43.0,48.0,0.0,kevin@kevinearls.com,0,0.0,0.0,0.0,0.0,0.0,0.0,0.0,0,0,0.0,true
activemq-unit-tests/src/test/java/org/apache/activemq/usecases/MessageGroupLateArrivalsTest.java,196.0,28.0,0.0,5.0,38.0,14.0,1.0,tabish@apache.org,1,0.0032679738562091504,50.0,0.0,50.0,0.0,761.7288135593221,6104.394180513958,1,1,1.7503742530652007,false
activemq-unit-tests/src/test/java/org/apache/activemq/usecases/ThreeBrokerTopicNetworkTest.java,240.0,13.0,30.0,12.0,93.0,23.0,0.0,gary.tully@gmail.com,0,0.0,0.0,0.0,0.0,0.0,0.0,0.0,0,2,0.0,false
activemq-unit-tests/src/test/java/org/apache/activemq/xbean/ConnectorXBeanConfigTest.java,145.0,16.0,13.0,11.0,67.0,25.0,4.0,dejan@nighttale.net,1,0.0,0.0,0.0,0.0,0.0,357.18518518518516,1460.3977774997861,1,2,2.653241964607215,true
activemq-web-console/src/main/java/org/apache/activemq/web/controller/CopyMessage.java,36.0,9.0,3.0,6.0,7.0,12.0,0.0,davsclaus@apache.org,0,0.0,0.0,0.0,0.0,0.0,0.0,0.0,0,0,0.0,false
activemq-web-console/src/main/java/org/apache/activemq/web/controller/DeleteMessage.java,28.0,9.0,0.0,4.0,7.0,9.0,0.0,chirino@apache.org,0,0.0,0.0,0.0,0.0,0.0,0.0,0.0,0,3,0.0,false
activemq-web-console/src/main/java/org/apache/activemq/web/controller/MoveMessage.java,36.0,9.0,3.0,6.0,7.0,12.0,0.0,davsclaus@apache.org,0,0.0,0.0,0.0,0.0,0.0,0.0,0.0,0,0,0.0,false
activemq-web-demo/src/test/java/org/apache/activemq/web/AjaxTest.java,370.0,17.0,0.0,10.0,131.0,28.0,3.0,tabish@apache.org,2,0.0032679738562091504,0.0,8.0,8.0,0.0,938.0924499229585,6305.138696651992,2,5,1.5431573640197382,true
activemq-web-demo/src/test/java/org/apache/activemq/web/JettyTestSupport.java,67.0,19.0,6.0,5.0,37.0,17.0,4.0,dejanb@apache.org,1,0.0032679738562091504,0.0,8.0,0.0,0.0,761.7288135593221,6104.394180513958,1,3,1.7503742530652007,true
activemq-web-demo/src/test/java/org/apache/activemq/web/RestPersistentTest.java,48.0,7.0,15.0,6.0,26.0,13.0,4.0,claus.ibsen@gmail.com,1,0.0032679738562091504,0.0,33.0,0.0,0.0,761.7288135593221,6104.394180513958,1,0,1.7503742530652007,true
activemq-web-demo/src/test/java/org/apache/activemq/web/RestTest.java,134.0,12.0,8.0,8.0,90.0,17.0,3.0,dejanb@apache.org,2,0.0032679738562091504,0.0,7.0,7.0,0.0,938.0924499229585,6305.138696651992,2,2,1.5431573640197382,true
activemq-web/src/main/java/org/apache/activemq/web/DestinationFacade.java,94.0,5.0,133.0,19.0,25.0,47.0,0.0,tabish@apache.org,0,0.0,0.0,0.0,0.0,0.0,0.0,0.0,0,1,0.0,false
activemq-web/src/main/java/org/apache/activemq/web/MessageServlet.java,327.0,21.0,65.0,14.0,104.0,51.0,0.0,null,0,0.0,0.0,0.0,0.0,0.0,0.0,0.0,0,10,0.0,true
