name,LOC,CBO,LCOM,NOM,RFC,WMC,ACS,Ownership,numOfChanges,numberOfFIChanges,ENH,NF,BugFixing,REF,structuralWorkloadSum,semanticWorkloadSum,numberOfDeveloper,pastFaults,MAF,isBuggy
activemq-amqp/src/main/java/org/apache/activemq/transport/amqp/AMQPProtocolDiscriminator.java,77.0,4.0,24.0,9.0,15.0,19.0,5.0,dejan@nighttale.net,2,0.004739336492890996,11.0,0.0,11.0,0.0,1191.8000000000002,6041.716930227814,2,2,0.9871397095196132,false
activemq-amqp/src/main/java/org/apache/activemq/transport/amqp/AMQPSslTransportFactory.java,27.0,9.0,8.0,5.0,2.0,13.0,7.0,tabish121@gmail.com,1,0.004739336492890996,14.0,0.0,14.0,0.0,679.0,3989.987218136209,1,2,1.73695123273306,false
activemq-amqp/src/main/java/org/apache/activemq/transport/amqp/ActiveMQJMSVendor.java,64.0,23.0,91.0,14.0,10.0,25.0,0.0,tabish121@gmail.com,0,0.0,0.0,0.0,0.0,0.0,0.0,0.0,0,3,0.0,true
activemq-amqp/src/main/java/org/apache/activemq/transport/amqp/AmqpFrameParser.java,145.0,7.0,95.0,18.0,41.0,36.0,11.0,tabish121@gmail.com,1,0.004739336492890996,100.0,0.0,0.0,0.0,679.0,3989.987218136209,1,0,1.73695123273306,true
activemq-amqp/src/main/java/org/apache/activemq/transport/amqp/AmqpHeader.java,68.0,1.0,0.0,16.0,15.0,29.0,11.0,tabish121@gmail.com,1,0.004739336492890996,25.0,0.0,0.0,0.0,679.0,3989.987218136209,1,0,1.73695123273306,true
activemq-amqp/src/main/java/org/apache/activemq/transport/amqp/AmqpNioSslTransport.java,21.0,10.0,0.0,4.0,6.0,10.0,11.0,tabish121@gmail.com,1,0.004739336492890996,11.0,0.0,0.0,0.0,679.0,3989.987218136209,1,3,1.73695123273306,true
activemq-amqp/src/main/java/org/apache/activemq/transport/amqp/AmqpNioTransport.java,84.0,19.0,0.0,8.0,31.0,23.0,11.0,null,1,0.004739336492890996,12.0,0.0,0.0,0.0,679.0,3989.987218136209,1,4,1.73695123273306,true
activemq-amqp/src/main/java/org/apache/activemq/transport/amqp/AmqpNioTransportFactory.java,38.0,18.0,26.0,8.0,2.0,24.0,7.0,tabish121@gmail.com,1,0.004739336492890996,17.0,0.0,17.0,0.0,679.0,3989.987218136209,1,1,1.73695123273306,true
activemq-amqp/src/main/java/org/apache/activemq/transport/amqp/AmqpProtocolConverter.java,1042.0,95.0,598.0,41.0,241.0,132.0,2.0,null,3,0.009478672985781991,3.0,2.0,4.0,1.0,1191.8000000000002,6041.716930227814,3,27,1.0503906383993995,true
activemq-amqp/src/main/java/org/apache/activemq/transport/amqp/AmqpSupport.java,19.0,2.0,0.0,1.0,4.0,4.0,7.0,tabish121@gmail.com,1,0.004739336492890996,14.0,0.0,14.0,0.0,679.0,3989.987218136209,1,0,1.73695123273306,false
activemq-amqp/src/main/java/org/apache/activemq/transport/amqp/AmqpTransportFactory.java,27.0,9.0,8.0,5.0,2.0,13.0,7.0,tabish121@gmail.com,1,0.004739336492890996,17.0,0.0,17.0,0.0,679.0,3989.987218136209,1,1,1.73695123273306,true
activemq-amqp/src/main/java/org/apache/activemq/transport/amqp/AmqpTransportFilter.java,112.0,14.0,67.0,18.0,19.0,33.0,7.0,chirino@apache.org,1,0.004739336492890996,4.0,0.0,4.0,0.0,679.0,3989.987218136209,1,3,1.73695123273306,false
activemq-amqp/src/main/java/org/apache/activemq/transport/amqp/AmqpWireFormat.java,127.0,14.0,116.0,17.0,24.0,40.0,5.0,tabish121@gmail.com,2,0.009478672985781991,7.0,7.0,0.0,0.0,1191.8000000000002,6041.716930227814,2,0,1.0626608360025793,true
activemq-amqp/src/main/java/org/apache/activemq/transport/amqp/IAmqpProtocolConverter.java,10.0,2.0,15.0,6.0,0.0,8.0,0.0,dejan@nighttale.net,0,0.0,0.0,0.0,0.0,0.0,0.0,0.0,0,1,0.0,false
activemq-amqp/src/test/java/org/apache/activemq/transport/amqp/AMQ4696Test.java,30.0,12.0,0.0,1.0,12.0,2.0,0.0,tabish121@gmail.com,0,0.0,0.0,0.0,0.0,0.0,0.0,0.0,0,0,0.0,false
activemq-amqp/src/test/java/org/apache/activemq/transport/amqp/AMQ4920Test.java,47.0,20.0,1.0,3.0,21.0,10.0,0.0,tabish121@gmail.com,0,0.0,0.0,0.0,0.0,0.0,0.0,0.0,0,1,0.0,false
activemq-amqp/src/test/java/org/apache/activemq/transport/amqp/AmqpTestSupport.java,214.0,33.0,98.0,20.0,83.0,63.0,2.0,tabish121@gmail.com,2,0.0,0.0,0.0,7.0,0.0,1758.012987012987,11725.605633022948,2,3,0.6495753719909797,true
activemq-amqp/src/test/java/org/apache/activemq/transport/amqp/AmqpTransformerTest.java,131.0,23.0,5.0,7.0,81.0,18.0,0.0,null,0,0.0,0.0,0.0,0.0,0.0,0.0,0.0,0,1,0.0,false
activemq-amqp/src/test/java/org/apache/activemq/transport/amqp/JMSClientTest.java,749.0,38.0,719.0,50.0,490.0,180.0,4.0,null,2,0.004739336492890996,2.0,0.0,2.0,2.0,1191.8000000000002,6041.716930227814,2,11,1.2138830721334717,true
activemq-amqp/src/test/java/org/apache/activemq/transport/amqp/JMSClientTestSupport.java,76.0,12.0,28.0,8.0,30.0,24.0,4.0,tabish121@gmail.com,2,0.0,0.0,0.0,12.0,12.0,1758.012987012987,11725.605633022948,2,1,0.6495753719909797,false
activemq-amqp/src/test/java/org/apache/activemq/transport/amqp/JmsClientRequestResponseTest.java,162.0,24.0,52.0,13.0,66.0,38.0,0.0,tabish121@gmail.com,0,0.0,0.0,0.0,0.0,0.0,0.0,0.0,0,1,0.0,false
activemq-amqp/src/test/java/org/apache/activemq/transport/amqp/SimpleAMQPAuthTest.java,118.0,23.0,9.0,10.0,63.0,35.0,0.0,tabish121@gmail.com,0,0.0,0.0,0.0,0.0,0.0,0.0,0.0,0,3,0.0,true
activemq-amqp/src/test/java/org/apache/activemq/transport/amqp/bugs/AMQ4753Test.java,49.0,16.0,15.0,6.0,29.0,13.0,6.0,tabish121@gmail.com,1,0.0,0.0,0.0,0.0,20.0,679.0,3989.987218136209,1,1,1.73695123273306,false
activemq-amqp/src/test/java/org/apache/activemq/transport/amqp/bugs/AMQ4914Test.java,70.0,19.0,15.0,7.0,34.0,16.0,0.0,kevin@kevinearls.com,0,0.0,0.0,0.0,0.0,0.0,0.0,0.0,0,2,0.0,true
activemq-amqp/src/test/java/org/apache/activemq/transport/amqp/joram/ActiveMQNIOPlusSSLAdmin.java,50.0,13.0,1.0,3.0,34.0,8.0,6.0,tabish121@gmail.com,1,0.0,0.0,0.0,0.0,33.0,679.0,3989.987218136209,1,0,1.73695123273306,false
activemq-amqp/src/test/java/org/apache/activemq/transport/amqp/joram/ActiveMQSSLAdmin.java,50.0,13.0,1.0,3.0,34.0,8.0,6.0,tabish121@gmail.com,1,0.0,0.0,0.0,0.0,25.0,679.0,3989.987218136209,1,0,1.73695123273306,false
activemq-amqp/src/test/java/org/apache/activemq/transport/amqp/joram/JoramJmsNioPlusSslTest.java,19.0,28.0,1.0,3.0,8.0,7.0,0.0,kevin@kevinearls.com,0,0.0,0.0,0.0,0.0,0.0,0.0,0.0,0,2,0.0,true
activemq-amqp/src/test/java/org/apache/activemq/transport/amqp/joram/JoramJmsNioTest.java,12.0,21.0,1.0,2.0,2.0,5.0,0.0,kevin@kevinearls.com,0,0.0,0.0,0.0,0.0,0.0,0.0,0.0,0,5,0.0,true
activemq-amqp/src/test/java/org/apache/activemq/transport/amqp/joram/JoramSslTest.java,19.0,28.0,1.0,3.0,8.0,7.0,0.0,tabish121@gmail.com,0,0.0,0.0,0.0,0.0,0.0,0.0,0.0,0,1,0.0,true
activemq-amqp/src/test/java/org/apache/activemq/transport/amqp/profile/QueueBrowserStressTest.java,50.0,12.0,0.0,1.0,14.0,6.0,1.0,tabish121@gmail.com,1,0.004739336492890996,0.0,100.0,0.0,0.0,679.0,3989.987218136209,1,0,1.73695123273306,false
activemq-amqp/src/test/java/org/apache/activemq/transport/amqp/protocol/AmqpFrameParserTest.java,232.0,16.0,0.0,17.0,127.0,43.0,11.0,tabish121@gmail.com,1,0.004739336492890996,100.0,0.0,0.0,0.0,679.0,3989.987218136209,1,0,1.73695123273306,true
activemq-amqp/src/test/java/org/apache/activemq/transport/amqp/protocol/AmqpWireFormatTest.java,30.0,7.0,0.0,4.0,15.0,5.0,11.0,tabish121@gmail.com,1,0.004739336492890996,100.0,0.0,0.0,0.0,679.0,3989.987218136209,1,0,1.73695123273306,true
activemq-amqp/src/test/java/org/apache/activemq/transport/amqp/protocol/UnsupportedClientTest.java,134.0,17.0,78.0,13.0,27.0,35.0,11.0,tabish121@gmail.com,1,0.004739336492890996,33.0,0.0,0.0,0.0,679.0,3989.987218136209,1,0,1.73695123273306,true
activemq-broker/src/main/java/org/apache/activemq/advisory/AdvisoryBroker.java,503.0,43.0,503.0,35.0,260.0,106.0,0.0,null,0,0.0,0.0,0.0,0.0,0.0,0.0,0.0,0,9,0.0,true
activemq-broker/src/main/java/org/apache/activemq/broker/BrokerService.java,2456.0,107.0,35118.0,272.0,602.0,719.0,6.0,null,3,0.004739336492890996,0.0,2.0,6.0,0.0,1703.312987012987,9895.836283538709,3,26,0.5595281811813473,true
activemq-broker/src/main/java/org/apache/activemq/broker/LockableServiceSupport.java,128.0,11.0,88.0,17.0,28.0,40.0,4.0,gary.tully@gmail.com,1,0.004739336492890996,8.0,0.0,8.0,8.0,1079.012987012987,7735.618414886739,1,6,0.9484938723687899,true
activemq-broker/src/main/java/org/apache/activemq/broker/TransportConnection.java,1333.0,82.0,4740.0,112.0,514.0,348.0,5.0,null,1,0.004739336492890996,3.0,3.0,3.0,0.0,1079.012987012987,7735.618414886739,1,11,0.9484938723687899,true
activemq-broker/src/main/java/org/apache/activemq/broker/region/BaseDestination.java,627.0,25.0,4531.0,99.0,112.0,189.0,0.0,gary.tully@gmail.com,0,0.0,0.0,0.0,0.0,0.0,0.0,0.0,0,3,0.0,true
activemq-broker/src/main/java/org/apache/activemq/broker/region/PrefetchSubscription.java,653.0,27.0,641.0,50.0,229.0,158.0,4.0,null,1,0.004739336492890996,13.0,7.0,13.0,7.0,1079.012987012987,7735.618414886739,1,5,0.9484938723687899,true
activemq-broker/src/main/java/org/apache/activemq/broker/region/Queue.java,1841.0,74.0,4364.0,104.0,693.0,362.0,3.0,gary.tully@gmail.com,1,0.004739336492890996,8.0,5.0,8.0,5.0,1079.012987012987,7735.618414886739,1,18,0.9484938723687899,true
activemq-broker/src/main/java/org/apache/activemq/broker/region/QueueSubscription.java,48.0,12.0,28.0,8.0,15.0,20.0,0.0,gary.tully@gmail.com,0,0.0,0.0,0.0,0.0,0.0,0.0,0.0,0,2,0.0,true
activemq-broker/src/main/java/org/apache/activemq/broker/region/RegionBroker.java,673.0,56.0,2977.0,83.0,257.0,209.0,5.0,null,1,0.004739336492890996,4.0,4.0,4.0,0.0,1079.012987012987,7735.618414886739,1,9,0.9484938723687899,true
activemq-broker/src/main/java/org/apache/activemq/broker/region/TopicRegion.java,293.0,27.0,99.0,19.0,122.0,64.0,3.0,tabish121@gmail.com,2,0.009478672985781991,8.0,8.0,0.0,8.0,1758.012987012987,11725.605633022948,2,2,0.6495753719909797,true
activemq-broker/src/main/java/org/apache/activemq/broker/region/cursors/AbstractPendingMessageCursor.java,244.0,13.0,1270.0,53.0,19.0,102.0,0.0,gary.tully@gmail.com,0,0.0,0.0,0.0,0.0,0.0,0.0,0.0,0,1,0.0,false
activemq-broker/src/main/java/org/apache/activemq/broker/region/cursors/AbstractStoreCursor.java,340.0,15.0,423.0,38.0,124.0,101.0,0.0,gary.tully@gmail.com,0,0.0,0.0,0.0,0.0,0.0,0.0,0.0,0,6,0.0,true
activemq-broker/src/main/java/org/apache/activemq/broker/region/cursors/FilePendingMessageCursor.java,424.0,24.0,231.0,30.0,156.0,98.0,0.0,chirino@apache.org,0,0.0,0.0,0.0,0.0,0.0,0.0,0.0,0,4,0.0,true
activemq-broker/src/main/java/org/apache/activemq/broker/region/cursors/PendingMessageCursor.java,212.0,10.0,946.0,44.0,0.0,88.0,0.0,gary.tully@gmail.com,0,0.0,0.0,0.0,0.0,0.0,0.0,0.0,0,1,0.0,false
activemq-broker/src/main/java/org/apache/activemq/broker/region/cursors/QueueStorePrefetch.java,67.0,11.0,0.0,8.0,19.0,24.0,0.0,gary.tully@gmail.com,0,0.0,0.0,0.0,0.0,0.0,0.0,0.0,0,1,0.0,false
activemq-broker/src/main/java/org/apache/activemq/broker/region/cursors/StoreDurableSubscriberCursor.java,294.0,16.0,52.0,32.0,84.0,92.0,0.0,gary.tully@gmail.com,0,0.0,0.0,0.0,0.0,0.0,0.0,0.0,0,1,0.0,false
activemq-broker/src/main/java/org/apache/activemq/broker/region/cursors/StoreQueueCursor.java,253.0,7.0,0.0,28.0,53.0,65.0,0.0,gary.tully@gmail.com,0,0.0,0.0,0.0,0.0,0.0,0.0,0.0,0,1,0.0,false
activemq-broker/src/main/java/org/apache/activemq/broker/region/cursors/TopicStorePrefetch.java,93.0,10.0,24.0,13.0,19.0,36.0,0.0,gary.tully@gmail.com,0,0.0,0.0,0.0,0.0,0.0,0.0,0.0,0,0,0.0,false
activemq-broker/src/main/java/org/apache/activemq/broker/region/cursors/VMPendingMessageCursor.java,142.0,8.0,3.0,15.0,38.0,39.0,0.0,gary.tully@gmail.com,0,0.0,0.0,0.0,0.0,0.0,0.0,0.0,0,0,0.0,false
activemq-broker/src/main/java/org/apache/activemq/broker/region/group/CachedMessageGroupMap.java,80.0,7.0,0.0,12.0,35.0,32.0,7.0,gary.tully@gmail.com,1,0.004739336492890996,33.0,0.0,33.0,0.0,1079.012987012987,7735.618414886739,1,1,0.9484938723687899,true
activemq-broker/src/main/java/org/apache/activemq/broker/region/group/MessageGroupHashBucket.java,101.0,4.0,64.0,16.0,15.0,38.0,7.0,rajdavies@gmail.com,1,0.004739336492890996,20.0,0.0,20.0,0.0,1079.012987012987,7735.618414886739,1,1,0.9484938723687899,true
activemq-broker/src/main/java/org/apache/activemq/broker/region/group/MessageGroupMap.java,16.0,3.0,28.0,8.0,0.0,9.0,7.0,gary.tully@gmail.com,1,0.004739336492890996,33.0,0.0,33.0,0.0,1079.012987012987,7735.618414886739,1,1,0.9484938723687899,true
activemq-broker/src/main/java/org/apache/activemq/broker/region/group/SimpleMessageGroupMap.java,45.0,6.0,0.0,9.0,18.0,18.0,7.0,gary.tully@gmail.com,1,0.004739336492890996,33.0,0.0,33.0,0.0,1079.012987012987,7735.618414886739,1,1,0.9484938723687899,true
activemq-broker/src/main/java/org/apache/activemq/broker/region/policy/AbortSlowAckConsumerStrategy.java,139.0,12.0,56.0,13.0,49.0,39.0,2.0,tabish121@gmai.com,1,0.0,0.0,0.0,10.0,0.0,679.0,3989.987218136209,1,2,1.73695123273306,true
activemq-broker/src/main/java/org/apache/activemq/network/DemandForwardingBridgeSupport.java,1355.0,80.0,2531.0,91.0,551.0,283.0,0.0,null,0,0.0,0.0,0.0,0.0,0.0,0.0,0.0,0,22,0.0,true
activemq-broker/src/main/java/org/apache/activemq/network/LdapNetworkConnector.java,334.0,21.0,80.0,21.0,102.0,56.0,0.0,dejan@nighttale.net,0,0.0,0.0,0.0,0.0,0.0,0.0,0.0,0,1,0.0,true
activemq-broker/src/main/java/org/apache/activemq/security/LDAPAuthorizationMap.java,378.0,24.0,1016.0,53.0,64.0,110.0,0.0,dejan@nighttale.net,0,0.0,0.0,0.0,0.0,0.0,0.0,0.0,0,0,0.0,true
activemq-broker/src/main/java/org/apache/activemq/security/SimpleCachedLDAPAuthorizationMap.java,837.0,36.0,2014.0,72.0,146.0,208.0,0.0,dejan@nighttale.net,0,0.0,0.0,0.0,0.0,0.0,0.0,0.0,0,3,0.0,true
activemq-broker/src/main/java/org/apache/activemq/store/AbstractMessageStore.java,67.0,7.0,143.0,18.0,7.0,37.0,0.0,gary.tully@gmail.com,0,0.0,0.0,0.0,0.0,0.0,0.0,0.0,0,1,0.0,true
activemq-broker/src/main/java/org/apache/activemq/store/IndexListener.java,20.0,2.0,0.0,1.0,0.0,1.0,0.0,gary.tully@gmail.com,0,0.0,0.0,0.0,0.0,0.0,0.0,0.0,0,0,0.0,false
activemq-broker/src/main/java/org/apache/activemq/store/MessageStore.java,128.0,8.0,253.0,23.0,0.0,56.0,0.0,gary.tully@gmail.com,0,0.0,0.0,0.0,0.0,0.0,0.0,0.0,0,1,0.0,false
activemq-broker/src/main/java/org/apache/activemq/store/ProxyMessageStore.java,90.0,8.0,0.0,28.0,26.0,57.0,0.0,gary.tully@gmail.com,0,0.0,0.0,0.0,0.0,0.0,0.0,0.0,0,1,0.0,true
activemq-broker/src/main/java/org/apache/activemq/store/ProxyTopicMessageStore.java,114.0,9.0,0.0,36.0,34.0,75.0,0.0,gary.tully@gmail.com,0,0.0,0.0,0.0,0.0,0.0,0.0,0.0,0,1,0.0,false
activemq-broker/src/main/java/org/apache/activemq/store/SharedFileLocker.java,56.0,7.0,3.0,6.0,10.0,19.0,0.0,clebertsuconic@apache.org,0,0.0,0.0,0.0,0.0,0.0,0.0,0.0,0,0,0.0,false
activemq-broker/src/main/java/org/apache/activemq/store/memory/MemoryMessageStore.java,102.0,14.0,0.0,14.0,35.0,32.0,0.0,gary.tully@gmail.com,0,0.0,0.0,0.0,0.0,0.0,0.0,0.0,0,0,0.0,false
activemq-broker/src/main/java/org/apache/activemq/transport/vm/VMTransport.java,295.0,19.0,474.0,36.0,51.0,87.0,0.0,gary.tully@gmail.com,0,0.0,0.0,0.0,0.0,0.0,0.0,0.0,0,4,0.0,true
activemq-broker/src/main/java/org/apache/activemq/util/LeaseLockerIOExceptionHandler.java,32.0,6.0,1.0,2.0,6.0,6.0,8.0,gary.tully@gmail.com,1,0.004739336492890996,100.0,0.0,100.0,0.0,1079.012987012987,7735.618414886739,1,0,0.9484938723687899,true
activemq-camel/src/main/java/org/apache/activemq/camel/camelplugin/CamelRoutesBroker.java,183.0,28.0,362.0,28.0,58.0,53.0,0.0,rajdavies@gmail.com,0,0.0,0.0,0.0,0.0,0.0,0.0,0.0,0,0,0.0,false
activemq-camel/src/main/java/org/apache/activemq/camel/camelplugin/CamelRoutesBrokerPlugin.java,34.0,4.0,6.0,5.0,5.0,9.0,0.0,rajdavies@gmail.com,0,0.0,0.0,0.0,0.0,0.0,0.0,0.0,0,0,0.0,false
activemq-camel/src/main/java/org/apache/activemq/camel/component/ActiveMQComponent.java,182.0,19.0,192.0,21.0,45.0,50.0,2.0,null,1,0.0,0.0,0.0,0.0,0.0,58.0,30.952604468394696,1,3,3.164067588373206,true
activemq-camel/src/main/java/org/apache/activemq/camel/component/broker/BrokerComponent.java,55.0,13.0,3.0,3.0,16.0,11.0,1.0,rajdavies@apache.org,1,0.0,0.0,0.0,0.0,25.0,58.0,30.952604468394696,1,1,3.164067588373206,false
activemq-camel/src/test/java/org/apache/activemq/camel/camelplugin/CamelPluginConfigTest.java,67.0,20.0,9.0,6.0,26.0,18.0,0.0,rajdavies@gmail.com,0,0.0,0.0,0.0,0.0,0.0,0.0,0.0,0,0,0.0,false
activemq-client/src/main/java/org/apache/activemq/ActiveMQConnection.java,1863.0,89.0,20660.0,212.0,467.0,596.0,3.0,gary.tully@gmail.com,1,0.004739336492890996,5.0,0.0,9.0,0.0,1079.012987012987,7735.618414886739,1,7,0.9484938723687899,true
activemq-client/src/main/java/org/apache/activemq/ActiveMQConnectionFactory.java,898.0,34.0,7569.0,126.0,181.0,261.0,3.0,gary.tully@gmail.com,1,0.004739336492890996,14.0,0.0,14.0,14.0,1079.012987012987,7735.618414886739,1,2,0.9484938723687899,true
activemq-client/src/main/java/org/apache/activemq/ActiveMQConnectionMetaData.java,97.0,5.0,36.0,9.0,2.0,17.0,0.0,gary.tully@gmail.com,0,0.0,0.0,0.0,0.0,0.0,0.0,0.0,0,1,0.0,false
activemq-client/src/main/java/org/apache/activemq/ActiveMQMessageConsumer.java,1272.0,46.0,1364.0,84.0,482.0,286.0,4.0,gary.tully@gmail.com,1,0.004739336492890996,10.0,0.0,5.0,5.0,1079.012987012987,7735.618414886739,1,10,0.9484938723687899,true
activemq-client/src/main/java/org/apache/activemq/ActiveMQSslConnectionFactory.java,178.0,19.0,123.0,19.0,29.0,56.0,1.0,gary.tully@gmail.com,1,0.0,0.0,0.0,0.0,0.0,1079.012987012987,7735.618414886739,1,0,0.9484938723687899,true
activemq-client/src/main/java/org/apache/activemq/command/ActiveMQBytesMessage.java,687.0,21.0,243.0,42.0,155.0,174.0,0.0,null,0,0.0,0.0,0.0,0.0,0.0,0.0,0.0,0,4,0.0,true
activemq-client/src/main/java/org/apache/activemq/command/ConsumerInfo.java,366.0,4.0,1642.0,61.0,17.0,115.0,5.0,gary.tully@gmail.com,1,0.004739336492890996,29.0,14.0,14.0,14.0,1079.012987012987,7735.618414886739,1,1,0.9484938723687899,true
activemq-client/src/main/java/org/apache/activemq/command/MessageId.java,187.0,1.0,219.0,30.0,15.0,59.0,0.0,chirino@apache.org,0,0.0,0.0,0.0,0.0,0.0,0.0,0.0,0,6,0.0,true
activemq-client/src/main/java/org/apache/activemq/filter/AnyDestination.java,21.0,3.0,15.0,6.0,0.0,13.0,2.0,gary.tully@gmail.com,1,0.0,0.0,0.0,0.0,0.0,1079.012987012987,7735.618414886739,1,0,0.9484938723687899,false
activemq-client/src/main/java/org/apache/activemq/thread/TaskRunnerFactory.java,192.0,12.0,279.0,35.0,35.0,62.0,2.0,dejan@nighttale.net,1,0.0,0.0,0.0,0.0,0.0,512.8000000000001,2051.729712091606,1,0,1.6236225474260568,true
activemq-client/src/main/java/org/apache/activemq/transport/discovery/simple/SimpleDiscoveryAgent.java,164.0,9.0,153.0,22.0,29.0,48.0,1.0,tabish121@gmail.com,1,0.004739336492890996,0.0,50.0,50.0,0.0,679.0,3989.987218136209,1,0,1.73695123273306,true
activemq-client/src/main/java/org/apache/activemq/transport/nio/NIOSSLTransport.java,317.0,23.0,193.0,23.0,81.0,67.0,2.0,tabish121@gmail.com,1,0.0,0.0,0.0,0.0,0.0,679.0,3989.987218136209,1,0,1.73695123273306,true
activemq-client/src/main/java/org/apache/activemq/transport/nio/SelectorManager.java,86.0,9.0,100.0,16.0,15.0,30.0,1.0,tabish121@gmail.com,1,0.0,0.0,0.0,0.0,0.0,679.0,3989.987218136209,1,1,1.73695123273306,true
activemq-client/src/main/java/org/apache/activemq/transport/tcp/TcpTransport.java,528.0,22.0,1506.0,60.0,82.0,140.0,3.0,gary.tully@gmail.com,1,0.0,0.0,0.0,33.0,0.0,1079.012987012987,7735.618414886739,1,0,0.9484938723687899,true
activemq-jaas/src/main/java/org/apache/activemq/jaas/LDAPLoginModule.java,376.0,24.0,25.0,14.0,91.0,65.0,0.0,chirino@apache.org,0,0.0,0.0,0.0,0.0,0.0,0.0,0.0,0,4,0.0,true
activemq-jaas/src/test/java/org/apache/activemq/jaas/LDAPLoginModuleTest.java,84.0,26.0,19.0,7.0,30.0,29.0,0.0,chirino@apache.org,0,0.0,0.0,0.0,0.0,0.0,0.0,0.0,0,6,0.0,true
activemq-jdbc-store/src/main/java/org/apache/activemq/store/jdbc/JDBCIOExceptionHandler.java,33.0,6.0,1.0,2.0,6.0,6.0,8.0,gary.tully@gmail.com,1,0.004739336492890996,25.0,0.0,25.0,0.0,1079.012987012987,7735.618414886739,1,1,0.9484938723687899,true
activemq-jdbc-store/src/main/java/org/apache/activemq/store/jdbc/JDBCMessageStore.java,340.0,22.0,40.0,24.0,149.0,80.0,7.0,gary.tully@gmail.com,1,0.004739336492890996,0.0,8.0,0.0,0.0,1079.012987012987,7735.618414886739,1,4,0.9484938723687899,true
activemq-jdbc-store/src/main/java/org/apache/activemq/store/jdbc/JDBCPersistenceAdapter.java,675.0,41.0,2930.0,81.0,192.0,211.0,2.0,gary.tully@gmail.com,2,0.009478672985781991,13.0,0.0,7.0,13.0,1758.012987012987,11725.605633022948,2,5,0.6495753719909797,true
activemq-jdbc-store/src/main/java/org/apache/activemq/store/jdbc/JdbcMemoryTransactionStore.java,246.0,19.0,674.0,40.0,115.0,91.0,0.0,gary.tully@gmail.com,0,0.0,0.0,0.0,0.0,0.0,0.0,0.0,0,3,0.0,true
activemq-jdbc-store/src/main/java/org/apache/activemq/store/jdbc/LeaseDatabaseLocker.java,183.0,12.0,43.0,14.0,79.0,46.0,2.0,gtully@apache.org,1,0.0,0.0,0.0,11.0,0.0,1079.012987012987,7735.618414886739,1,6,0.9484938723687899,true
activemq-jdbc-store/src/main/java/org/apache/activemq/store/jdbc/adapter/DefaultJDBCAdapter.java,1081.0,29.0,0.0,52.0,545.0,193.0,0.0,gary.tully@gmail.com,0,0.0,0.0,0.0,0.0,0.0,0.0,0.0,0,5,0.0,true
activemq-jdbc-store/src/main/java/org/apache/activemq/store/journal/JournalMessageStore.java,315.0,28.0,0.0,27.0,112.0,84.0,0.0,gary.tully@gmail.com,0,0.0,0.0,0.0,0.0,0.0,0.0,0.0,0,0,0.0,false
activemq-kahadb-store/src/main/java/org/apache/activemq/store/kahadb/KahaDBStore.java,1148.0,67.0,1233.0,51.0,95.0,134.0,0.0,gary.tully@gmail.com,0,0.0,0.0,0.0,0.0,0.0,0.0,0.0,0,9,0.0,true
activemq-kahadb-store/src/main/java/org/apache/activemq/store/kahadb/KahaDBTransactionStore.java,409.0,33.0,758.0,44.0,138.0,134.0,0.0,gary.tully@gmail.com,0,0.0,0.0,0.0,0.0,0.0,0.0,0.0,0,4,0.0,false
activemq-kahadb-store/src/main/java/org/apache/activemq/store/kahadb/MessageDatabase.java,2540.0,79.0,9972.0,152.0,575.0,427.0,1.0,gary.tully@gmail.com,1,0.004739336492890996,3.0,0.0,0.0,0.0,1079.012987012987,7735.618414886739,1,15,0.9484938723687899,true
activemq-kahadb-store/src/main/java/org/apache/activemq/store/kahadb/MultiKahaDBPersistenceAdapter.java,386.0,38.0,902.0,52.0,139.0,157.0,5.0,null,1,0.0,0.0,0.0,8.0,0.0,512.8000000000001,2051.729712091606,1,4,1.6236225474260568,true
activemq-kahadb-store/src/main/java/org/apache/activemq/store/kahadb/MultiKahaDBTransactionStore.java,319.0,34.0,908.0,45.0,155.0,122.0,5.0,tabish121@gmail.com,1,0.0,0.0,0.0,17.0,0.0,512.8000000000001,2051.729712091606,1,1,1.6236225474260568,true
activemq-kahadb-store/src/main/java/org/apache/activemq/store/kahadb/disk/index/BTreeIndex.java,207.0,12.0,704.0,40.0,63.0,89.0,0.0,gary.tully@gmail.com,0,0.0,0.0,0.0,0.0,0.0,0.0,0.0,0,0,0.0,false
activemq-kahadb-store/src/main/java/org/apache/activemq/store/kahadb/disk/index/BTreeNode.java,641.0,13.0,371.0,42.0,109.0,147.0,0.0,gary.tully@gmail.com,0,0.0,0.0,0.0,0.0,0.0,0.0,0.0,0,0,0.0,false
activemq-kahadb-store/src/main/java/org/apache/activemq/store/kahadb/disk/journal/DataFile.java,60.0,7.0,27.0,15.0,9.0,30.0,5.0,dejan@nighttale.net,1,0.0,0.0,0.0,14.0,0.0,512.8000000000001,2051.729712091606,1,1,1.6236225474260568,true
activemq-kahadb-store/src/main/java/org/apache/activemq/store/kahadb/disk/journal/Journal.java,663.0,20.0,1406.0,61.0,185.0,164.0,5.0,gary.tully@gmail.com,1,0.0,0.0,0.0,11.0,0.0,512.8000000000001,2051.729712091606,1,0,1.6236225474260568,true
activemq-kahadb-store/src/main/java/org/apache/activemq/store/kahadb/disk/page/PageFile.java,916.0,36.0,2071.0,71.0,213.0,182.0,1.0,tabish121@gmai.com,1,0.0,0.0,0.0,17.0,0.0,679.0,3989.987218136209,1,3,1.73695123273306,true
activemq-kahadb-store/src/test/java/org/apache/activemq/store/kahadb/disk/index/BTreeIndexTest.java,435.0,23.0,167.0,19.0,205.0,60.0,0.0,gary.tully@gmail.com,0,0.0,0.0,0.0,0.0,0.0,0.0,0.0,0,0,0.0,true
activemq-karaf-itest/src/test/java/org/apache/activemq/karaf/itest/ActiveMQBrokerFeatureTest.java,35.0,14.0,10.0,5.0,30.0,13.0,10.0,gtully@apache.org,2,0.009478672985781991,0.0,13.0,7.0,0.0,1079.012987012987,7758.495810275889,2,2,1.9124396941451072,true
activemq-karaf-itest/src/test/java/org/apache/activemq/karaf/itest/ActiveMQBrokerNdCamelFeatureTest.java,27.0,10.0,6.0,4.0,24.0,12.0,10.0,gary.tully@gmail.com,2,0.009478672985781991,0.0,29.0,14.0,0.0,1079.012987012987,7758.495810275889,2,0,1.9124396941451072,false
activemq-karaf-itest/src/test/java/org/apache/activemq/karaf/itest/ActiveMQBrokerNdExternalCamelFeatureTest.java,34.0,12.0,6.0,4.0,28.0,12.0,10.0,gary.tully@gmail.com,2,0.009478672985781991,0.0,29.0,14.0,0.0,1079.012987012987,7758.495810275889,2,1,1.9124396941451072,false
activemq-karaf-itest/src/test/java/org/apache/activemq/karaf/itest/ActiveMQBrokerRuntimeConfigTest.java,34.0,14.0,10.0,5.0,27.0,16.0,10.0,gary.tully@gmail.com,2,0.009478672985781991,0.0,50.0,25.0,0.0,1079.012987012987,7758.495810275889,2,1,1.9124396941451072,false
activemq-karaf-itest/src/test/java/org/apache/activemq/karaf/itest/ActiveMQClientBundleTest.java,9.0,6.0,1.0,2.0,2.0,4.0,6.0,gary.tully@gmail.com,1,0.004739336492890996,0.0,25.0,0.0,0.0,0.0,22.87739538915048,1,1,4.2626798770413155,false
activemq-karaf-itest/src/test/java/org/apache/activemq/karaf/itest/ObrFeatureTest.java,18.0,8.0,10.0,5.0,11.0,11.0,7.0,gary.tully@gmail.com,2,0.009478672985781991,0.0,29.0,14.0,0.0,1079.012987012987,7758.495810275889,2,0,1.4167083722981522,false
activemq-karaf/src/main/java/org/apache/activemq/karaf/commands/ActiveMQCommandSupport.java,51.0,7.0,0.0,4.0,9.0,13.0,0.0,dejanb@apache.org,0,0.0,0.0,0.0,0.0,0.0,0.0,0.0,0,2,0.0,true
activemq-leveldb-store/src/main/java/org/apache/activemq/leveldb/LevelDBStoreTestMBean.java,15.0,1.0,36.0,9.0,0.0,18.0,3.0,hiram@hiramchirino.com,1,0.0,0.0,0.0,0.0,0.0,0.0,0.0,1,0,3.857214768933151,false
activemq-mqtt/src/main/java/org/apache/activemq/transport/mqtt/MQTTCodec.java,145.0,5.0,49.0,14.0,25.0,40.0,0.0,tabish121@gmail.com,0,0.0,0.0,0.0,0.0,0.0,0.0,0.0,0,2,0.0,true
activemq-mqtt/src/main/java/org/apache/activemq/transport/mqtt/MQTTProtocolConverter.java,655.0,63.0,531.0,42.0,298.0,141.0,3.0,null,1,0.004739336492890996,0.0,4.0,2.0,2.0,679.0,3989.987218136209,1,19,1.73695123273306,true
activemq-mqtt/src/main/java/org/apache/activemq/transport/mqtt/MQTTProtocolSupport.java,101.0,10.0,3.0,3.0,2.0,14.0,0.0,dejan@nighttale.net,0,0.0,0.0,0.0,0.0,0.0,0.0,0.0,0,1,0.0,true
activemq-mqtt/src/main/java/org/apache/activemq/transport/mqtt/MQTTSubscription.java,85.0,10.0,8.0,9.0,11.0,23.0,0.0,null,0,0.0,0.0,0.0,0.0,0.0,0.0,0.0,0,2,0.0,true
activemq-mqtt/src/main/java/org/apache/activemq/transport/mqtt/strategy/MQTTVirtualTopicSubscriptionStrategy.java,151.0,23.0,38.0,12.0,75.0,44.0,0.0,tabish121@gmail.com,0,0.0,0.0,0.0,0.0,0.0,0.0,0.0,0,1,0.0,true
activemq-mqtt/src/test/java/org/apache/activemq/transport/mqtt/MQTTTest.java,1248.0,49.0,1848.0,69.0,676.0,238.0,2.0,null,1,0.0,0.0,0.0,0.0,0.0,512.8000000000001,2051.729712091606,1,22,1.6236225474260568,true
activemq-mqtt/src/test/java/org/apache/activemq/transport/mqtt/PahoMQTTTest.java,163.0,19.0,89.0,14.0,83.0,47.0,0.0,dejan@nighttale.net,0,0.0,0.0,0.0,0.0,0.0,0.0,0.0,0,0,0.0,true
activemq-ra/src/test/java/org/apache/activemq/ra/ManagedConnectionTest.java,141.0,13.0,72.0,17.0,55.0,29.0,1.0,chirino@apache.org,1,0.0,0.0,0.0,0.0,0.0,1079.012987012987,7735.618414886739,1,2,0.9484938723687899,true
activemq-ra/src/test/java/org/apache/activemq/ra/UnsubscribeResubscribeTest.java,37.0,11.0,0.0,3.0,16.0,6.0,1.0,gary.tully@gmail.com,1,0.004739336492890996,33.0,0.0,0.0,33.0,1079.012987012987,7735.618414886739,1,1,0.9484938723687899,false
activemq-runtime-config/src/main/java/org/apache/activemq/plugin/AuthorizationPluginProcessor.java,43.0,7.0,3.0,3.0,17.0,10.0,0.0,dejan@nighttale.net,0,0.0,0.0,0.0,0.0,0.0,0.0,0.0,0,0,0.0,false
activemq-runtime-config/src/main/java/org/apache/activemq/plugin/ConfigurationProcessor.java,8.0,2.0,15.0,6.0,0.0,9.0,0.0,dejan@nighttale.net,0,0.0,0.0,0.0,0.0,0.0,0.0,0.0,0,0,0.0,false
activemq-runtime-config/src/main/java/org/apache/activemq/plugin/DefaultConfigurationProcessor.java,168.0,11.0,22.0,13.0,58.0,45.0,0.0,dejan@nighttale.net,0,0.0,0.0,0.0,0.0,0.0,0.0,0.0,0,0,0.0,false
activemq-runtime-config/src/main/java/org/apache/activemq/plugin/DestinationInterceptorProcessor.java,11.0,1.0,1.0,2.0,1.0,4.0,0.0,dejan@nighttale.net,0,0.0,0.0,0.0,0.0,0.0,0.0,0.0,0,0,0.0,false
activemq-runtime-config/src/main/java/org/apache/activemq/plugin/DestinationPolicyProcessor.java,14.0,2.0,1.0,2.0,1.0,5.0,0.0,dejan@nighttale.net,0,0.0,0.0,0.0,0.0,0.0,0.0,0.0,0,0,0.0,false
activemq-runtime-config/src/main/java/org/apache/activemq/plugin/DestinationsProcessor.java,45.0,7.0,10.0,5.0,18.0,17.0,0.0,dejan@nighttale.net,0,0.0,0.0,0.0,0.0,0.0,0.0,0.0,0,0,0.0,false
activemq-runtime-config/src/main/java/org/apache/activemq/plugin/JAXBUtils.java,32.0,12.0,3.0,3.0,7.0,11.0,0.0,dejan@nighttale.net,0,0.0,0.0,0.0,0.0,0.0,0.0,0.0,0,0,0.0,false
activemq-runtime-config/src/main/java/org/apache/activemq/plugin/NetworkConnectorProcessor.java,47.0,5.0,6.0,4.0,17.0,12.0,0.0,dejan@nighttale.net,0,0.0,0.0,0.0,0.0,0.0,0.0,0.0,0,0,0.0,false
activemq-runtime-config/src/main/java/org/apache/activemq/plugin/NetworkConnectorsProcessor.java,11.0,1.0,1.0,2.0,1.0,4.0,0.0,dejan@nighttale.net,0,0.0,0.0,0.0,0.0,0.0,0.0,0.0,0,0,0.0,false
activemq-runtime-config/src/main/java/org/apache/activemq/plugin/PluginsProcessor.java,14.0,2.0,1.0,2.0,1.0,5.0,0.0,dejan@nighttale.net,0,0.0,0.0,0.0,0.0,0.0,0.0,0.0,0,0,0.0,false
activemq-runtime-config/src/main/java/org/apache/activemq/plugin/PolicyEntryProcessor.java,41.0,4.0,6.0,4.0,27.0,11.0,0.0,dejan@nighttale.net,0,0.0,0.0,0.0,0.0,0.0,0.0,0.0,0,0,0.0,false
activemq-runtime-config/src/main/java/org/apache/activemq/plugin/PolicyMapProcessor.java,16.0,3.0,3.0,3.0,5.0,6.0,0.0,dejan@nighttale.net,0,0.0,0.0,0.0,0.0,0.0,0.0,0.0,0,0,0.0,false
activemq-runtime-config/src/main/java/org/apache/activemq/plugin/ProcessorFactory.java,22.0,1.0,0.0,1.0,1.0,4.0,0.0,dejan@nighttale.net,0,0.0,0.0,0.0,0.0,0.0,0.0,0.0,0,0,0.0,false
activemq-runtime-config/src/main/java/org/apache/activemq/plugin/PropertiesPlaceHolderUtil.java,126.0,18.0,2.0,5.0,48.0,21.0,0.0,dejan@nighttale.net,0,0.0,0.0,0.0,0.0,0.0,0.0,0.0,0,0,0.0,false
activemq-runtime-config/src/main/java/org/apache/activemq/plugin/RuntimeConfigurationBroker.java,265.0,38.0,138.0,24.0,91.0,73.0,0.0,gary.tully@gmail.com,0,0.0,0.0,0.0,0.0,0.0,0.0,0.0,0,6,0.0,true
activemq-runtime-config/src/main/java/org/apache/activemq/plugin/SimpleAuthenticationPluginProcessor.java,24.0,2.0,3.0,3.0,26.0,5.0,0.0,dejan@nighttale.net,0,0.0,0.0,0.0,0.0,0.0,0.0,0.0,0,0,0.0,false
activemq-runtime-config/src/main/java/org/apache/activemq/plugin/VirtualDestinationInterceptorProcessor.java,69.0,11.0,15.0,6.0,51.0,16.0,0.0,dejan@nighttale.net,0,0.0,0.0,0.0,0.0,0.0,0.0,0.0,0,0,0.0,false
activemq-runtime-config/src/test/java/org/apache/activemq/DestinationsTest.java,33.0,10.0,1.0,3.0,15.0,9.0,0.0,dejan@nighttale.net,0,0.0,0.0,0.0,0.0,0.0,0.0,0.0,0,0,0.0,false
activemq-stomp/src/main/java/org/apache/activemq/transport/stomp/ProtocolConverter.java,768.0,51.0,336.0,36.0,314.0,137.0,1.0,null,1,0.0,0.0,0.0,0.0,8.0,679.0,3989.987218136209,1,7,1.73695123273306,true
activemq-tooling/activemq-perf-maven-plugin/src/main/java/org/apache/activemq/tool/AbstractJmsClient.java,240.0,7.0,208.0,25.0,71.0,78.0,5.0,tabish121@gmail.com,1,0.004739336492890996,25.0,25.0,25.0,0.0,679.0,3989.987218136209,1,3,1.73695123273306,true
activemq-tooling/activemq-perf-maven-plugin/src/main/java/org/apache/activemq/tool/AbstractJmsMeasurableClient.java,21.0,3.0,3.0,6.0,5.0,7.0,5.0,tabish121@gmail.com,1,0.004739336492890996,50.0,50.0,50.0,0.0,679.0,3989.987218136209,1,1,1.73695123273306,false
activemq-tooling/activemq-perf-maven-plugin/src/main/java/org/apache/activemq/tool/JmsProducerClient.java,287.0,18.0,14.0,20.0,92.0,67.0,5.0,tabish121@gmail.com,1,0.004739336492890996,25.0,25.0,25.0,0.0,679.0,3989.987218136209,1,3,1.73695123273306,true
activemq-tooling/activemq-perf-maven-plugin/src/test/java/org/apache/activemq/tool/AbstractJmsClientTest.java,115.0,15.0,0.0,19.0,66.0,37.0,5.0,dejan@nighttale.net,2,0.009478672985781991,33.0,67.0,33.0,0.0,1191.8000000000002,6041.716930227814,2,1,0.9871397095196132,true
activemq-tooling/activemq-perf-maven-plugin/src/test/java/org/apache/activemq/tool/JmsProducerClientTest.java,34.0,14.0,11.0,7.0,14.0,14.0,5.0,dejan@nighttale.net,2,0.009478672985781991,50.0,100.0,50.0,0.0,1191.8000000000002,6041.716930227814,2,0,0.9871397095196132,false
activemq-unit-tests/src/test/java/org/apache/activemq/EmbeddedBrokerTestSupport.java,95.0,8.0,39.0,11.0,18.0,31.0,0.0,tabish121@gmail.com,0,0.0,0.0,0.0,0.0,0.0,0.0,0.0,0,2,0.0,false
activemq-unit-tests/src/test/java/org/apache/activemq/JmsMessageConsumerTest.java,90.0,19.0,6.0,8.0,73.0,16.0,0.0,tabish121@gmail.com,0,0.0,0.0,0.0,0.0,0.0,0.0,0.0,0,0,0.0,false
activemq-unit-tests/src/test/java/org/apache/activemq/JmsSendReceiveWithMessageExpirationTest.java,192.0,18.0,0.0,10.0,107.0,39.0,0.0,gary.tully@gmail.com,0,0.0,0.0,0.0,0.0,0.0,0.0,0.0,0,1,0.0,true
activemq-unit-tests/src/test/java/org/apache/activemq/TestSupport.java,151.0,20.0,188.0,20.0,48.0,60.0,0.0,gary.tully@gmail.com,0,0.0,0.0,0.0,0.0,0.0,0.0,0.0,0,2,0.0,true
activemq-unit-tests/src/test/java/org/apache/activemq/ZeroPrefetchConsumerTest.java,281.0,20.0,117.0,23.0,114.0,54.0,3.0,gary.tully@gmail.com,1,0.004739336492890996,33.0,0.0,33.0,33.0,1079.012987012987,7735.618414886739,1,2,0.9484938723687899,true
activemq-unit-tests/src/test/java/org/apache/activemq/broker/BrokerTestSupport.java,254.0,35.0,494.0,33.0,98.0,95.0,4.0,gary.tully@gmail.com,1,0.004739336492890996,25.0,0.0,25.0,25.0,1079.012987012987,7735.618414886739,1,1,0.9484938723687899,false
activemq-unit-tests/src/test/java/org/apache/activemq/broker/RedeliveryRestartWithExceptionTest.java,264.0,33.0,0.0,8.0,57.0,24.0,5.0,gary.tully@gmail.com,1,0.004739336492890996,25.0,25.0,25.0,0.0,1079.012987012987,7735.618414886739,1,0,0.9484938723687899,true
activemq-unit-tests/src/test/java/org/apache/activemq/broker/ft/DbRestartJDBCQueueMasterSlaveLeaseQuiesceTest.java,41.0,6.0,9.0,7.0,7.0,18.0,8.0,gtully@apache.org,1,0.004739336492890996,20.0,0.0,20.0,0.0,1079.012987012987,7735.618414886739,1,2,0.9484938723687899,true
activemq-unit-tests/src/test/java/org/apache/activemq/broker/ft/DbRestartJDBCQueueMasterSlaveLeaseTest.java,22.0,7.0,6.0,4.0,10.0,7.0,8.0,gary.tully@gmail.com,1,0.004739336492890996,25.0,0.0,25.0,0.0,1079.012987012987,7735.618414886739,1,2,0.9484938723687899,true
activemq-unit-tests/src/test/java/org/apache/activemq/broker/ft/QueueMasterSlaveTestSupport.java,95.0,17.0,27.0,11.0,49.0,26.0,1.0,gary.tully@gmail.com,1,0.004739336492890996,0.0,20.0,0.0,20.0,512.8000000000001,2051.729712091606,1,1,1.6236225474260568,true
activemq-unit-tests/src/test/java/org/apache/activemq/broker/jmx/MBeanTest.java,1046.0,43.0,0.0,50.0,539.0,153.0,1.0,gary.tully@gmail.com,1,0.0,0.0,0.0,7.0,0.0,1079.012987012987,7735.618414886739,1,3,0.9484938723687899,true
activemq-unit-tests/src/test/java/org/apache/activemq/broker/region/QueuePurgeTest.java,142.0,28.0,0.0,11.0,82.0,32.0,1.0,gary.tully@gmail.com,1,0.0,0.0,0.0,0.0,0.0,1079.012987012987,7735.618414886739,1,1,0.9484938723687899,true
activemq-unit-tests/src/test/java/org/apache/activemq/broker/region/cursors/StoreQueueCursorNoDuplicateTest.java,73.0,14.0,2.0,5.0,44.0,15.0,18.0,gary.tully@gmail.com,1,0.0,0.0,0.0,20.0,0.0,1079.012987012987,7735.618414886739,1,2,0.9484938723687899,false
activemq-unit-tests/src/test/java/org/apache/activemq/broker/region/cursors/StoreQueueCursorOrderTest.java,360.0,26.0,53.0,15.0,175.0,37.0,0.0,gary.tully@gmail.com,0,0.0,0.0,0.0,0.0,0.0,0.0,0.0,0,0,0.0,false
activemq-unit-tests/src/test/java/org/apache/activemq/broker/store/RecoverExpiredMessagesTest.java,72.0,23.0,26.0,8.0,44.0,17.0,4.0,gary.tully@gmail.com,1,0.004739336492890996,25.0,0.0,25.0,25.0,1079.012987012987,7735.618414886739,1,1,0.9484938723687899,true
activemq-unit-tests/src/test/java/org/apache/activemq/broker/util/DestinationsPluginTest.java,35.0,8.0,0.0,4.0,21.0,11.0,0.0,dejan@nighttale.net,0,0.0,0.0,0.0,0.0,0.0,0.0,0.0,0,0,0.0,false
activemq-unit-tests/src/test/java/org/apache/activemq/bugs/AMQ2584Test.java,139.0,29.0,73.0,15.0,71.0,40.0,1.0,tabish@apache.org,1,0.0,0.0,0.0,14.0,0.0,512.8000000000001,2051.729712091606,1,1,1.6236225474260568,false
activemq-unit-tests/src/test/java/org/apache/activemq/bugs/AMQ4157Test.java,110.0,24.0,16.0,9.0,56.0,26.0,18.0,gary.tully@gmail.com,1,0.0,0.0,0.0,25.0,0.0,1079.012987012987,7735.618414886739,1,2,0.9484938723687899,true
activemq-unit-tests/src/test/java/org/apache/activemq/bugs/AMQ4485LowLimitLevelDBTest.java,13.0,3.0,1.0,2.0,3.0,4.0,0.0,gary.tully@gmail.com,0,0.0,0.0,0.0,0.0,0.0,0.0,0.0,0,1,0.0,false
activemq-unit-tests/src/test/java/org/apache/activemq/bugs/AMQ4485LowLimitTest.java,337.0,43.0,72.0,21.0,190.0,79.0,0.0,gary.tully@gmail.com,0,0.0,0.0,0.0,0.0,0.0,0.0,0.0,0,3,0.0,false
activemq-unit-tests/src/test/java/org/apache/activemq/bugs/AMQ4595Test.java,81.0,21.0,15.0,7.0,38.0,20.0,0.0,gary.tully@gmail.com,0,0.0,0.0,0.0,0.0,0.0,0.0,0.0,0,3,0.0,true
activemq-unit-tests/src/test/java/org/apache/activemq/bugs/AMQ4636Test.java,144.0,29.0,0.0,8.0,52.0,25.0,8.0,gary.tully@gmail.com,1,0.004739336492890996,25.0,0.0,25.0,0.0,1079.012987012987,7735.618414886739,1,2,0.9484938723687899,true
activemq-unit-tests/src/test/java/org/apache/activemq/bugs/AMQ4930Test.java,82.0,17.0,1.0,7.0,49.0,16.0,0.0,gary.tully@gmail.com,0,0.0,0.0,0.0,0.0,0.0,0.0,0.0,0,1,0.0,false
activemq-unit-tests/src/test/java/org/apache/activemq/bugs/AMQ5212Test.java,128.0,24.0,25.0,11.0,89.0,37.0,0.0,tabish121@gmail.com,0,0.0,0.0,0.0,0.0,0.0,0.0,0.0,0,1,0.0,true
activemq-unit-tests/src/test/java/org/apache/activemq/bugs/AMQ5266SingleDestTest.java,354.0,34.0,4.0,5.0,44.0,19.0,7.0,gary.tully@gmail.com,1,0.004739336492890996,0.0,25.0,0.0,0.0,1079.012987012987,7735.618414886739,1,1,0.9484938723687899,true
activemq-unit-tests/src/test/java/org/apache/activemq/bugs/AMQ5266StarvedConsumerTest.java,367.0,40.0,5.0,6.0,46.0,22.0,7.0,gary.tully@gmail.com,1,0.004739336492890996,0.0,50.0,0.0,0.0,1079.012987012987,7735.618414886739,1,0,0.9484938723687899,false
activemq-unit-tests/src/test/java/org/apache/activemq/bugs/AMQ5266Test.java,347.0,33.0,6.0,5.0,38.0,19.0,7.0,gary.tully@gmail.com,1,0.004739336492890996,0.0,20.0,0.0,0.0,1079.012987012987,7735.618414886739,1,3,0.9484938723687899,false
activemq-unit-tests/src/test/java/org/apache/activemq/bugs/AMQ5274Test.java,73.0,23.0,0.0,7.0,43.0,22.0,0.0,tabish121@gmail.com,0,0.0,0.0,0.0,0.0,0.0,0.0,0.0,0,0,0.0,true
activemq-unit-tests/src/test/java/org/apache/activemq/bugs/AMQ5381Test.java,94.0,21.0,17.0,7.0,47.0,19.0,0.0,tabish121@gmail.com,0,0.0,0.0,0.0,0.0,0.0,0.0,0.0,0,1,0.0,true
activemq-unit-tests/src/test/java/org/apache/activemq/bugs/AMQ5421Test.java,60.0,21.0,6.0,5.0,31.0,13.0,2.0,tabish121@gmail.com,1,0.0,0.0,0.0,50.0,0.0,679.0,3989.987218136209,1,0,1.73695123273306,true
activemq-unit-tests/src/test/java/org/apache/activemq/bugs/AMQ5450Test.java,119.0,20.0,20.0,9.0,48.0,29.0,2.0,gary.tully@gmail.com,1,0.0,0.0,0.0,0.0,0.0,1079.012987012987,7735.618414886739,1,0,0.9484938723687899,false
activemq-unit-tests/src/test/java/org/apache/activemq/bugs/TrapMessageInJDBCStoreTest.java,158.0,29.0,0.0,6.0,55.0,20.0,4.0,gary.tully@gmail.com,1,0.004739336492890996,17.0,0.0,17.0,0.0,1079.012987012987,7735.618414886739,1,1,0.9484938723687899,true
activemq-unit-tests/src/test/java/org/apache/activemq/network/DemandForwardingBridgeTest.java,103.0,12.0,41.0,10.0,53.0,25.0,0.0,gary.tully@gmail.com,0,0.0,0.0,0.0,0.0,0.0,0.0,0.0,0,3,0.0,false
activemq-unit-tests/src/test/java/org/apache/activemq/network/MQTTNetworkOfBrokersFailoverTest.java,149.0,28.0,98.0,16.0,89.0,39.0,0.0,tabish121@gmail.com,0,0.0,0.0,0.0,0.0,0.0,0.0,0.0,0,0,0.0,false
activemq-unit-tests/src/test/java/org/apache/activemq/security/LDAPAuthenticationTest.java,26.0,23.0,1.0,3.0,13.0,9.0,0.0,dejan@nighttale.net,0,0.0,0.0,0.0,0.0,0.0,0.0,0.0,0,0,0.0,true
activemq-unit-tests/src/test/java/org/apache/activemq/security/LDAPSecurityTest.java,78.0,23.0,19.0,7.0,55.0,17.0,0.0,dejan@nighttale.net,0,0.0,0.0,0.0,0.0,0.0,0.0,0.0,0,2,0.0,true
activemq-unit-tests/src/test/java/org/apache/activemq/store/jdbc/JDBCIOExceptionHandlerMockeryTest.java,63.0,17.0,0.0,3.0,37.0,10.0,8.0,gary.tully@gmail.com,1,0.004739336492890996,50.0,0.0,50.0,0.0,1079.012987012987,7735.618414886739,1,0,0.9484938723687899,true
activemq-unit-tests/src/test/java/org/apache/activemq/store/jdbc/JDBCIOExceptionHandlerTest.java,193.0,14.0,56.0,13.0,74.0,38.0,4.0,gary.tully@gmail.com,1,0.004739336492890996,9.0,0.0,9.0,0.0,1079.012987012987,7735.618414886739,1,4,0.9484938723687899,true
activemq-unit-tests/src/test/java/org/apache/activemq/store/jdbc/LeaseDatabaseLockerTest.java,183.0,26.0,60.0,12.0,97.0,36.0,2.0,gary.tully@gmail.com,1,0.0,0.0,0.0,14.0,0.0,1079.012987012987,7735.618414886739,1,4,0.9484938723687899,true
activemq-unit-tests/src/test/java/org/apache/activemq/store/kahadb/plist/PListTest.java,520.0,22.0,63.0,22.0,175.0,66.0,3.0,gary.tully@gmail.com,1,0.0,0.0,0.0,0.0,0.0,1079.012987012987,7735.618414886739,1,1,0.9484938723687899,false
activemq-unit-tests/src/test/java/org/apache/activemq/transport/failover/AMQ1925Test.java,274.0,25.0,0.0,13.0,146.0,45.0,0.0,gary.tully@gmail.com,0,0.0,0.0,0.0,0.0,0.0,0.0,0.0,0,2,0.0,false
activemq-unit-tests/src/test/java/org/apache/activemq/transport/nio/NIOSSLBasicTest.java,61.0,14.0,28.0,8.0,38.0,19.0,2.0,tabish121@gmail.com,1,0.0,0.0,0.0,0.0,0.0,679.0,3989.987218136209,1,1,1.73695123273306,true
activemq-unit-tests/src/test/java/org/apache/activemq/transport/udp/UdpTestSupport.java,196.0,17.0,125.0,22.0,63.0,49.0,0.0,tabish@apache.org,0,0.0,0.0,0.0,0.0,0.0,0.0,0.0,0,2,0.0,false
activemq-unit-tests/src/test/java/org/apache/activemq/transport/vm/VMTransportThreadSafeTest.java,618.0,28.0,822.0,52.0,188.0,187.0,0.0,gary.tully@gmail.com,0,0.0,0.0,0.0,0.0,0.0,0.0,0.0,0,2,0.0,true
activemq-unit-tests/src/test/java/org/apache/activemq/usecases/AbstractTwoBrokerNetworkConnectorWildcardIncludedDestinationTestSupport.java,83.0,13.0,36.0,9.0,27.0,18.0,1.0,dejan@nighttale.net,1,0.0,0.0,0.0,0.0,0.0,512.8000000000001,2051.729712091606,1,2,1.6236225474260568,false
activemq-unit-tests/src/test/java/org/apache/activemq/usecases/BatchedMessagePriorityConsumerTest.java,36.0,8.0,3.0,3.0,16.0,7.0,3.0,gary.tully@gmail.com,1,0.004739336492890996,100.0,0.0,100.0,0.0,1079.012987012987,7735.618414886739,1,0,0.9484938723687899,false
activemq-unit-tests/src/test/java/org/apache/activemq/usecases/DurableSubscriberWithNetworkRestartTest.java,152.0,21.0,32.0,13.0,68.0,40.0,0.0,gary.tully@gmail.com,0,0.0,0.0,0.0,0.0,0.0,0.0,0.0,0,1,0.0,false
activemq-unit-tests/src/test/java/org/apache/activemq/usecases/ExceptionListenerTest.java,63.0,22.0,1.0,7.0,27.0,20.0,2.0,gary.tully@gmail.com,1,0.004739336492890996,33.0,0.0,33.0,33.0,1079.012987012987,7735.618414886739,1,1,0.9484938723687899,true
activemq-unit-tests/src/test/java/org/apache/activemq/usecases/ExpiredMessagesTest.java,209.0,19.0,91.0,18.0,132.0,62.0,0.0,tabish@apache.org,0,0.0,0.0,0.0,0.0,0.0,0.0,0.0,0,2,0.0,true
activemq-unit-tests/src/test/java/org/apache/activemq/usecases/ExpiredMessagesWithNoConsumerTest.java,443.0,29.0,562.0,41.0,251.0,149.0,0.0,gary.tully@gmail.com,0,0.0,0.0,0.0,0.0,0.0,0.0,0.0,0,3,0.0,true
activemq-unit-tests/src/test/java/org/apache/activemq/usecases/MemoryLimitTest.java,115.0,24.0,9.0,10.0,57.0,34.0,1.0,gary.tully@gmail.com,1,0.0,0.0,0.0,0.0,0.0,1079.012987012987,7735.618414886739,1,2,0.9484938723687899,true
activemq-unit-tests/src/test/java/org/apache/activemq/usecases/MessageGroupReconnectDistributionTest.java,131.0,30.0,2.0,9.0,53.0,37.0,3.0,gary.tully@gmail.com,1,0.004739336492890996,50.0,25.0,25.0,25.0,1079.012987012987,7735.618414886739,1,0,0.9484938723687899,true
activemq-unit-tests/src/test/java/org/apache/activemq/usecases/QueueBrowsingTest.java,134.0,23.0,6.0,8.0,72.0,31.0,0.0,gary.tully@gmail.com,0,0.0,0.0,0.0,0.0,0.0,0.0,0.0,0,5,0.0,true
activemq-unit-tests/src/test/java/org/apache/activemq/usecases/TwoBrokerQueueClientsReconnectTest.java,344.0,28.0,24.0,29.0,197.0,93.0,0.0,gary.tully@gmail.com,0,0.0,0.0,0.0,0.0,0.0,0.0,0.0,0,3,0.0,false
activemq-unit-tests/src/test/java/org/apache/activemq/usecases/TwoBrokerVirtualTopicForwardingTest.java,110.0,15.0,28.0,8.0,61.0,17.0,0.0,ceposta@apache.org,0,0.0,0.0,0.0,0.0,0.0,0.0,0.0,0,0,0.0,false
activemq-web/src/main/java/org/apache/activemq/web/AjaxListener.java,70.0,7.0,9.0,7.0,16.0,13.0,0.0,dejanb@apache.org,0,0.0,0.0,0.0,0.0,0.0,0.0,0.0,0,1,0.0,true
