name,LOC,CBO,LCOM,NOM,RFC,WMC,ACS,Ownership,numOfChanges,numberOfFIChanges,ENH,NF,BugFixing,REF,structuralWorkloadSum,semanticWorkloadSum,numberOfDeveloper,pastFaults,MAF,isBuggy
activemq-amqp/src/main/java/org/apache/activemq/transport/amqp/AmqpHeader.java,69.0,1.0,0.0,16.0,15.0,29.0,0.0,tabish121@gmail.com,0,0.0,0.0,0.0,0.0,0.0,0.0,0.0,0,1,0.0,true
activemq-amqp/src/main/java/org/apache/activemq/transport/amqp/AmqpInactivityMonitor.java,158.0,15.0,72.0,16.0,38.0,42.0,19.0,tabish121@gmail.com,1,0.00641025641025641,0.0,33.0,0.0,0.0,1656.1747572815534,20049.64566502939,1,2,1.0198314108149953,false
activemq-amqp/src/main/java/org/apache/activemq/transport/amqp/AmqpNioTransportFactory.java,43.0,18.0,26.0,8.0,6.0,25.0,0.0,tabish121@gmail.com,0,0.0,0.0,0.0,0.0,0.0,0.0,0.0,0,3,0.0,true
activemq-amqp/src/main/java/org/apache/activemq/transport/amqp/AmqpProtocolConverter.java,32.0,2.0,10.0,5.0,0.0,14.0,19.0,null,1,0.00641025641025641,0.0,1.0,0.0,0.0,1656.1747572815534,20049.64566502939,1,37,1.0198314108149953,true
activemq-amqp/src/main/java/org/apache/activemq/transport/amqp/AmqpProtocolDiscriminator.java,70.0,5.0,20.0,8.0,13.0,19.0,19.0,tabish121@gmail.com,1,0.00641025641025641,0.0,50.0,0.0,0.0,1656.1747572815534,20049.64566502939,1,1,1.0198314108149953,false
activemq-amqp/src/main/java/org/apache/activemq/transport/amqp/AmqpSslTransportFactory.java,32.0,9.0,8.0,5.0,6.0,14.0,0.0,tabish121@gmail.com,0,0.0,0.0,0.0,0.0,0.0,0.0,0.0,0,1,0.0,true
activemq-amqp/src/main/java/org/apache/activemq/transport/amqp/AmqpSupport.java,130.0,10.0,15.0,6.0,21.0,24.0,0.0,tabish121@gmail.com,0,0.0,0.0,0.0,0.0,0.0,0.0,0.0,0,3,0.0,false
activemq-amqp/src/main/java/org/apache/activemq/transport/amqp/AmqpTransport.java,21.0,3.0,120.0,16.0,0.0,20.0,19.0,tabish121@gmail.com,1,0.00641025641025641,0.0,9.0,0.0,0.0,1656.1747572815534,20049.64566502939,1,4,1.0198314108149953,false
activemq-amqp/src/main/java/org/apache/activemq/transport/amqp/AmqpTransportFactory.java,32.0,9.0,8.0,5.0,6.0,14.0,0.0,tabish121@gmail.com,0,0.0,0.0,0.0,0.0,0.0,0.0,0.0,0,3,0.0,true
activemq-amqp/src/main/java/org/apache/activemq/transport/amqp/AmqpTransportFilter.java,158.0,13.0,191.0,26.0,32.0,49.0,14.0,chirino@apache.org,1,0.00641025641025641,0.0,4.0,4.0,0.0,1656.1747572815534,20049.64566502939,1,6,1.0198314108149953,false
activemq-amqp/src/main/java/org/apache/activemq/transport/amqp/AmqpWireFormat.java,161.0,15.0,272.0,25.0,24.0,54.0,19.0,tabish121@gmail.com,1,0.00641025641025641,0.0,7.0,0.0,0.0,1656.1747572815534,20049.64566502939,1,3,1.0198314108149953,true
activemq-amqp/src/main/java/org/apache/activemq/transport/amqp/AmqpWireFormatFactory.java,8.0,2.0,0.0,1.0,0.0,2.0,0.0,tabish121@gmail.com,0,0.0,0.0,0.0,0.0,0.0,0.0,0.0,0,1,0.0,false
activemq-amqp/src/main/java/org/apache/activemq/transport/amqp/ResponseHandler.java,12.0,2.0,0.0,1.0,0.0,4.0,0.0,hiram@hiramchirino.com,0,0.0,0.0,0.0,0.0,0.0,0.0,0.0,0,2,0.0,false
activemq-amqp/src/main/java/org/apache/activemq/transport/amqp/message/AMQPNativeOutboundTransformer.java,24.0,11.0,3.0,3.0,2.0,11.0,0.0,tabish121@gmail.com,0,0.0,0.0,0.0,0.0,0.0,0.0,0.0,0,2,0.0,true
activemq-amqp/src/main/java/org/apache/activemq/transport/amqp/message/JMSMappingOutboundTransformer.java,267.0,41.0,10.0,5.0,65.0,28.0,0.0,tabish121@gmail.com,0,0.0,0.0,0.0,0.0,0.0,0.0,0.0,0,0,0.0,true
activemq-amqp/src/main/java/org/apache/activemq/transport/amqp/protocol/AmqpAbstractLink.java,106.0,7.0,32.0,12.0,23.0,25.0,0.0,tabish121@gmail.com,0,0.0,0.0,0.0,0.0,0.0,0.0,0.0,0,1,0.0,false
activemq-amqp/src/main/java/org/apache/activemq/transport/amqp/protocol/AmqpAbstractReceiver.java,64.0,6.0,34.0,9.0,12.0,19.0,6.0,tabish121@gmail.com,2,0.0,0.0,0.0,33.0,0.0,1705.1747572815534,20074.42229008328,2,1,1.5256318666542352,true
activemq-amqp/src/main/java/org/apache/activemq/transport/amqp/protocol/AmqpConnection.java,563.0,71.0,461.0,42.0,250.0,136.0,13.0,tabish121@gmail.com,1,0.00641025641025641,0.0,12.0,12.0,0.0,1656.1747572815534,20049.64566502939,1,4,1.0198314108149953,true
activemq-amqp/src/main/java/org/apache/activemq/transport/amqp/protocol/AmqpLink.java,49.0,3.0,36.0,9.0,0.0,25.0,0.0,tabish121@gmail.com,0,0.0,0.0,0.0,0.0,0.0,0.0,0.0,0,1,0.0,false
activemq-amqp/src/main/java/org/apache/activemq/transport/amqp/protocol/AmqpReceiver.java,147.0,32.0,10.0,9.0,77.0,29.0,3.0,tabish121@gmail.com,1,0.0,0.0,0.0,0.0,0.0,49.0,24.77662505388645,1,1,3.417726683613366,true
activemq-amqp/src/main/java/org/apache/activemq/transport/amqp/protocol/AmqpResource.java,13.0,0.0,1.0,2.0,0.0,2.0,0.0,tabish121@gmail.com,0,0.0,0.0,0.0,0.0,0.0,0.0,0.0,0,1,0.0,false
activemq-amqp/src/main/java/org/apache/activemq/transport/amqp/protocol/AmqpSender.java,330.0,37.0,89.0,18.0,165.0,64.0,2.0,tabish121@gmail.com,0,0.0,0.0,0.0,0.0,0.0,0.0,0.0,0,3,0.0,true
activemq-amqp/src/main/java/org/apache/activemq/transport/amqp/protocol/AmqpSession.java,264.0,36.0,22.0,21.0,135.0,58.0,9.0,tabish121@gmail.com,1,0.0,0.0,0.0,20.0,0.0,1656.1747572815534,20049.64566502939,1,3,1.0198314108149953,true
activemq-amqp/src/main/java/org/apache/activemq/transport/amqp/protocol/AmqpTransactionCoordinator.java,32.0,27.0,15.0,6.0,7.0,11.0,4.0,tabish121@gmail.com,1,0.0,0.0,0.0,0.0,0.0,49.0,24.77662505388645,1,1,3.417726683613366,true
activemq-amqp/src/main/java/org/apache/activemq/transport/amqp/protocol/AmqpTransferTagGenerator.java,64.0,4.0,3.0,6.0,8.0,18.0,0.0,tabish121@gmail.com,0,0.0,0.0,0.0,0.0,0.0,0.0,0.0,0,1,0.0,false
activemq-amqp/src/main/java/org/apache/activemq/transport/amqp/sasl/AbstractSaslMechanism.java,13.0,0.0,1.0,2.0,0.0,4.0,0.0,tabish121@gmail.com,0,0.0,0.0,0.0,0.0,0.0,0.0,0.0,0,0,0.0,false
activemq-amqp/src/main/java/org/apache/activemq/transport/amqp/sasl/AmqpAuthenticator.java,94.0,11.0,9.0,7.0,24.0,21.0,0.0,tabish121@gmail.com,0,0.0,0.0,0.0,0.0,0.0,0.0,0.0,0,0,0.0,true
activemq-amqp/src/main/java/org/apache/activemq/transport/amqp/sasl/AnonymousMechanism.java,16.0,1.0,6.0,4.0,0.0,7.0,0.0,tabish121@gmail.com,0,0.0,0.0,0.0,0.0,0.0,0.0,0.0,0,0,0.0,false
activemq-amqp/src/main/java/org/apache/activemq/transport/amqp/sasl/PlainMechanism.java,19.0,2.0,1.0,2.0,5.0,4.0,0.0,tabish121@gmail.com,0,0.0,0.0,0.0,0.0,0.0,0.0,0.0,0,0,0.0,false
activemq-amqp/src/main/java/org/apache/activemq/transport/amqp/sasl/SaslMechanism.java,22.0,1.0,6.0,4.0,0.0,10.0,0.0,tabish121@gmail.com,0,0.0,0.0,0.0,0.0,0.0,0.0,0.0,0,0,0.0,false
activemq-amqp/src/test/java/org/apache/activemq/transport/amqp/AmqpConnectTimeoutTest.java,100.0,15.0,77.0,14.0,33.0,41.0,5.0,tabish121@gmail.com,1,0.00641025641025641,0.0,25.0,0.0,0.0,1656.1747572815534,20049.64566502939,1,1,1.0198314108149953,false
activemq-amqp/src/test/java/org/apache/activemq/transport/amqp/AmqpTestSupport.java,219.0,35.0,219.0,26.0,89.0,74.0,1.0,tabish121@gmail.com,1,0.0,0.0,0.0,0.0,0.0,1656.1747572815534,20049.64566502939,1,7,1.0198314108149953,true
activemq-amqp/src/test/java/org/apache/activemq/transport/amqp/IDERunner.java,18.0,5.0,0.0,1.0,10.0,3.0,0.0,tabish121@gmail.com,0,0.0,0.0,0.0,0.0,0.0,0.0,0.0,0,4,0.0,true
activemq-amqp/src/test/java/org/apache/activemq/transport/amqp/JMSClientContext.java,109.0,12.0,168.0,21.0,52.0,61.0,0.0,tabish121@gmail.com,0,0.0,0.0,0.0,0.0,0.0,0.0,0.0,0,1,0.0,false
activemq-amqp/src/test/java/org/apache/activemq/transport/amqp/JMSClientSimpleAuthTest.java,136.0,23.0,0.0,13.0,59.0,39.0,0.0,tabish121@gmail.com,0,0.0,0.0,0.0,0.0,0.0,0.0,0.0,0,2,0.0,false
activemq-amqp/src/test/java/org/apache/activemq/transport/amqp/JMSClientTest.java,861.0,43.0,1078.0,56.0,570.0,200.0,1.0,null,1,0.0,0.0,0.0,2.0,0.0,1656.1747572815534,20049.64566502939,1,15,1.0198314108149953,true
activemq-amqp/src/test/java/org/apache/activemq/transport/amqp/JMSClientTransactionTest.java,67.0,11.0,0.0,2.0,36.0,10.0,2.0,tabish121@gmail.com,2,0.0,0.0,0.0,50.0,0.0,1705.1747572815534,20074.42229008328,2,0,1.5256318666542352,true
activemq-amqp/src/test/java/org/apache/activemq/transport/amqp/client/AmqpAbstractResource.java,222.0,9.0,503.0,34.0,71.0,77.0,19.0,tabish121@gmail.com,1,0.00641025641025641,0.0,25.0,0.0,0.0,1656.1747572815534,20049.64566502939,1,0,1.0198314108149953,false
activemq-amqp/src/test/java/org/apache/activemq/transport/amqp/client/AmqpClient.java,143.0,8.0,71.0,15.0,18.0,46.0,5.0,tabish121@gmail.com,1,0.00641025641025641,0.0,25.0,0.0,0.0,1656.1747572815534,20049.64566502939,1,1,1.0198314108149953,false
activemq-amqp/src/test/java/org/apache/activemq/transport/amqp/client/AmqpClientTestSupport.java,44.0,2.0,45.0,10.0,14.0,31.0,9.0,tabish121@gmail.com,1,0.0,0.0,0.0,50.0,0.0,1656.1747572815534,20049.64566502939,1,0,1.0198314108149953,false
activemq-amqp/src/test/java/org/apache/activemq/transport/amqp/client/AmqpConnection.java,467.0,32.0,1076.0,52.0,214.0,127.0,13.0,tabish121@gmail.com,1,0.00641025641025641,0.0,40.0,0.0,0.0,1656.1747572815534,20049.64566502939,1,1,1.0198314108149953,false
activemq-amqp/src/test/java/org/apache/activemq/transport/amqp/client/AmqpConnectionListener.java,10.0,0.0,0.0,1.0,0.0,1.0,19.0,tabish121@gmail.com,1,0.00641025641025641,0.0,100.0,0.0,0.0,1656.1747572815534,20049.64566502939,1,0,1.0198314108149953,false
activemq-amqp/src/test/java/org/apache/activemq/transport/amqp/client/AmqpDefaultConnectionListener.java,7.0,0.0,0.0,1.0,0.0,1.0,19.0,tabish121@gmail.com,1,0.00641025641025641,0.0,100.0,0.0,0.0,1656.1747572815534,20049.64566502939,1,0,1.0198314108149953,false
activemq-amqp/src/test/java/org/apache/activemq/transport/amqp/client/AmqpJmsSelectorFilter.java,18.0,2.0,0.0,4.0,0.0,7.0,0.0,tabish121@gmail.com,0,0.0,0.0,0.0,0.0,0.0,0.0,0.0,0,1,0.0,false
activemq-amqp/src/test/java/org/apache/activemq/transport/amqp/client/AmqpMessage.java,220.0,11.0,134.0,24.0,40.0,63.0,9.0,tabish121@gmail.com,1,0.0,0.0,0.0,25.0,0.0,1656.1747572815534,20049.64566502939,1,0,1.0198314108149953,false
activemq-amqp/src/test/java/org/apache/activemq/transport/amqp/client/AmqpNoLocalFilter.java,16.0,2.0,1.0,3.0,0.0,5.0,0.0,tabish121@gmail.com,0,0.0,0.0,0.0,0.0,0.0,0.0,0.0,0,1,0.0,false
activemq-amqp/src/test/java/org/apache/activemq/transport/amqp/client/AmqpReceiver.java,460.0,32.0,689.0,46.0,192.0,134.0,3.0,tabish121@gmail.com,1,0.0,0.0,0.0,0.0,0.0,1656.1747572815534,20049.64566502939,1,1,1.0198314108149953,false
activemq-amqp/src/test/java/org/apache/activemq/transport/amqp/client/AmqpResource.java,92.0,2.0,153.0,18.0,0.0,51.0,0.0,tabish121@gmail.com,0,0.0,0.0,0.0,0.0,0.0,0.0,0.0,0,0,0.0,false
activemq-amqp/src/test/java/org/apache/activemq/transport/amqp/client/AmqpSender.java,288.0,26.0,182.0,24.0,82.0,70.0,2.0,tabish121@gmail.com,1,0.0,0.0,0.0,0.0,0.0,1656.1747572815534,20049.64566502939,1,0,1.0198314108149953,true
activemq-amqp/src/test/java/org/apache/activemq/transport/amqp/client/AmqpSession.java,260.0,8.0,284.0,29.0,112.0,96.0,9.0,tabish121@gmail.com,0,0.0,0.0,0.0,0.0,0.0,0.0,0.0,0,1,0.0,true
activemq-amqp/src/test/java/org/apache/activemq/transport/amqp/client/AmqpTransferTagGenerator.java,64.0,4.0,3.0,6.0,8.0,18.0,0.0,tabish121@gmail.com,0,0.0,0.0,0.0,0.0,0.0,0.0,0.0,0,0,0.0,false
activemq-amqp/src/test/java/org/apache/activemq/transport/amqp/client/AmqpUnknownFilterType.java,19.0,3.0,1.0,3.0,0.0,5.0,0.0,tabish121@gmail.com,0,0.0,0.0,0.0,0.0,0.0,0.0,0.0,0,1,0.0,false
activemq-amqp/src/test/java/org/apache/activemq/transport/amqp/client/AmqpValidator.java,50.0,4.0,102.0,16.0,3.0,21.0,0.0,tabish121@gmail.com,0,0.0,0.0,0.0,0.0,0.0,0.0,0.0,0,0,0.0,false
activemq-amqp/src/test/java/org/apache/activemq/transport/amqp/client/sasl/AbstractMechanism.java,39.0,2.0,22.0,8.0,2.0,15.0,0.0,tabish121@gmail.com,0,0.0,0.0,0.0,0.0,0.0,0.0,0.0,0,0,0.0,false
activemq-amqp/src/test/java/org/apache/activemq/transport/amqp/client/sasl/AnonymousMechanism.java,17.0,0.0,6.0,4.0,1.0,8.0,0.0,tabish121@gmail.com,0,0.0,0.0,0.0,0.0,0.0,0.0,0.0,0,0,0.0,false
activemq-amqp/src/test/java/org/apache/activemq/transport/amqp/client/sasl/CramMD5Mechanism.java,50.0,6.0,6.0,4.0,11.0,14.0,0.0,tabish121@gmail.com,0,0.0,0.0,0.0,0.0,0.0,0.0,0.0,0,0,0.0,false
activemq-amqp/src/test/java/org/apache/activemq/transport/amqp/client/sasl/Mechanism.java,68.0,2.0,54.0,12.0,0.0,32.0,0.0,tabish121@gmail.com,0,0.0,0.0,0.0,0.0,0.0,0.0,0.0,0,0,0.0,false
activemq-amqp/src/test/java/org/apache/activemq/transport/amqp/client/sasl/PlainMechanism.java,30.0,0.0,6.0,4.0,5.0,9.0,0.0,tabish121@gmail.com,0,0.0,0.0,0.0,0.0,0.0,0.0,0.0,0,0,0.0,false
activemq-amqp/src/test/java/org/apache/activemq/transport/amqp/client/sasl/SaslAuthenticator.java,109.0,8.0,3.0,6.0,26.0,26.0,0.0,tabish121@gmail.com,0,0.0,0.0,0.0,0.0,0.0,0.0,0.0,0,0,0.0,false
activemq-amqp/src/test/java/org/apache/activemq/transport/amqp/client/util/AsyncResult.java,19.0,0.0,3.0,3.0,0.0,5.0,0.0,tabish121@gmail.com,0,0.0,0.0,0.0,0.0,0.0,0.0,0.0,0,0,0.0,false
activemq-amqp/src/test/java/org/apache/activemq/transport/amqp/client/util/ClientFuture.java,61.0,4.0,6.0,8.0,12.0,21.0,0.0,tabish121@gmail.com,0,0.0,0.0,0.0,0.0,0.0,0.0,0.0,0,0,0.0,false
activemq-amqp/src/test/java/org/apache/activemq/transport/amqp/client/util/ClientTcpTransport.java,283.0,26.0,366.0,32.0,75.0,79.0,5.0,tabish121@gmail.com,1,0.00641025641025641,0.0,50.0,0.0,0.0,1656.1747572815534,20049.64566502939,1,0,1.0198314108149953,false
activemq-amqp/src/test/java/org/apache/activemq/transport/amqp/client/util/UnmodifiableConnection.java,97.0,11.0,196.0,29.0,14.0,60.0,10.0,tabish121@gmail.com,2,0.01282051282051282,33.0,33.0,0.0,0.0,1705.1747572815534,20074.42229008328,2,0,1.5256318666542352,false
activemq-amqp/src/test/java/org/apache/activemq/transport/amqp/client/util/UnmodifiableDelivery.java,80.0,5.0,0.0,22.0,16.0,49.0,0.0,tabish121@gmail.com,0,0.0,0.0,0.0,0.0,0.0,0.0,0.0,0,0,0.0,false
activemq-amqp/src/test/java/org/apache/activemq/transport/amqp/client/util/UnmodifiableLink.java,132.0,12.0,141.0,39.0,24.0,83.0,0.0,tabish121@gmail.com,0,0.0,0.0,0.0,0.0,0.0,0.0,0.0,0,1,0.0,false
activemq-amqp/src/test/java/org/apache/activemq/transport/amqp/client/util/UnmodifiableReceiver.java,25.0,1.0,13.0,6.0,1.0,12.0,0.0,tabish121@gmail.com,0,0.0,0.0,0.0,0.0,0.0,0.0,0.0,0,0,0.0,false
activemq-amqp/src/test/java/org/apache/activemq/transport/amqp/client/util/UnmodifiableSender.java,17.0,1.0,6.0,4.0,0.0,8.0,0.0,tabish121@gmail.com,0,0.0,0.0,0.0,0.0,0.0,0.0,0.0,0,0,0.0,false
activemq-amqp/src/test/java/org/apache/activemq/transport/amqp/client/util/UnmodifiableSession.java,67.0,7.0,61.0,19.0,10.0,40.0,0.0,tabish121@gmail.com,0,0.0,0.0,0.0,0.0,0.0,0.0,0.0,0,0,0.0,false
activemq-amqp/src/test/java/org/apache/activemq/transport/amqp/client/util/UnmodifiableTransport.java,132.0,11.0,679.0,42.0,13.0,84.0,19.0,tabish121@gmail.com,1,0.00641025641025641,0.0,100.0,0.0,0.0,1656.1747572815534,20049.64566502939,1,0,1.0198314108149953,false
activemq-amqp/src/test/java/org/apache/activemq/transport/amqp/client/util/WrappedAsyncResult.java,31.0,0.0,0.0,5.0,3.0,11.0,0.0,tabish121@gmail.com,0,0.0,0.0,0.0,0.0,0.0,0.0,0.0,0,0,0.0,false
activemq-amqp/src/test/java/org/apache/activemq/transport/amqp/interop/AmqpBrokerReuqestedHearbeatsTest.java,70.0,14.0,30.0,9.0,47.0,23.0,19.0,tabish121@gmail.com,1,0.00641025641025641,0.0,100.0,0.0,0.0,1656.1747572815534,20049.64566502939,1,0,1.0198314108149953,false
activemq-amqp/src/test/java/org/apache/activemq/transport/amqp/interop/AmqpClientRequestsHeartbeatsTest.java,48.0,14.0,15.0,6.0,31.0,14.0,19.0,tabish121@gmail.com,1,0.00641025641025641,0.0,100.0,0.0,0.0,1656.1747572815534,20049.64566502939,1,0,1.0198314108149953,false
activemq-amqp/src/test/java/org/apache/activemq/transport/amqp/interop/AmqpConfiguredMaxConnectionsTest.java,92.0,16.0,35.0,10.0,17.0,27.0,7.0,tabish121@gmail.com,1,0.00641025641025641,0.0,50.0,50.0,0.0,1656.1747572815534,20049.64566502939,1,0,1.0198314108149953,false
activemq-amqp/src/test/java/org/apache/activemq/transport/amqp/interop/AmqpConnectionsTest.java,96.0,14.0,19.0,7.0,64.0,20.0,0.0,tabish121@gmail.com,0,0.0,0.0,0.0,0.0,0.0,0.0,0.0,0,1,0.0,false
activemq-amqp/src/test/java/org/apache/activemq/transport/amqp/interop/AmqpCorruptedFrameHandlingTest.java,86.0,8.0,21.0,7.0,51.0,26.0,9.0,tabish121@gmail.com,1,0.0,0.0,0.0,33.0,0.0,1656.1747572815534,20049.64566502939,1,2,1.0198314108149953,true
activemq-amqp/src/test/java/org/apache/activemq/transport/amqp/interop/AmqpDisabledInactivityMonitorTest.java,36.0,9.0,4.0,4.0,19.0,8.0,19.0,tabish121@gmail.com,1,0.00641025641025641,0.0,100.0,0.0,0.0,1656.1747572815534,20049.64566502939,1,0,1.0198314108149953,false
activemq-amqp/src/test/java/org/apache/activemq/transport/amqp/interop/AmqpDurableReceiverTest.java,115.0,15.0,21.0,7.0,84.0,15.0,1.0,tabish121@gmail.com,1,0.00641025641025641,0.0,33.0,0.0,0.0,1656.1747572815534,20049.64566502939,1,0,1.0198314108149953,false
activemq-amqp/src/test/java/org/apache/activemq/transport/amqp/interop/AmqpReceiverTest.java,251.0,26.0,153.0,18.0,190.0,58.0,0.0,tabish121@gmail.com,0,0.0,0.0,0.0,0.0,0.0,0.0,0.0,0,2,0.0,true
activemq-amqp/src/test/java/org/apache/activemq/transport/amqp/interop/AmqpSendReceiveTest.java,93.0,12.0,3.0,3.0,50.0,8.0,0.0,tabish121@gmail.com,0,0.0,0.0,0.0,0.0,0.0,0.0,0.0,0,0,0.0,true
activemq-amqp/src/test/java/org/apache/activemq/transport/amqp/interop/AmqpSenderTest.java,108.0,13.0,28.0,8.0,74.0,27.0,0.0,tabish121@gmail.com,0,0.0,0.0,0.0,0.0,0.0,0.0,0.0,0,0,0.0,true
activemq-amqp/src/test/java/org/apache/activemq/transport/amqp/interop/AmqpSessionTest.java,12.0,6.0,0.0,1.0,5.0,2.0,0.0,tabish121@gmail.com,0,0.0,0.0,0.0,0.0,0.0,0.0,0.0,0,0,0.0,false
activemq-amqp/src/test/java/org/apache/activemq/transport/amqp/interop/AmqpSlowReceiverTest.java,83.0,24.0,13.0,6.0,58.0,22.0,0.0,tabish121@gmail.com,0,0.0,0.0,0.0,0.0,0.0,0.0,0.0,0,0,0.0,false
activemq-amqp/src/test/java/org/apache/activemq/transport/amqp/interop/AmqpSocketProxyIdleTimeoutTests.java,81.0,16.0,23.0,10.0,42.0,28.0,19.0,tabish121@gmail.com,1,0.00641025641025641,0.0,100.0,0.0,0.0,1656.1747572815534,20049.64566502939,1,0,1.0198314108149953,false
activemq-amqp/src/test/java/org/apache/activemq/transport/amqp/interop/AmqpTempDestinationTest.java,189.0,22.0,190.0,20.0,86.0,62.0,0.0,tabish121@gmail.com,0,0.0,0.0,0.0,0.0,0.0,0.0,0.0,0,3,0.0,true
activemq-amqp/src/test/java/org/apache/activemq/transport/amqp/joram/ActiveMQAdmin.java,137.0,20.0,185.0,22.0,39.0,50.0,0.0,chirino@apache.org,0,0.0,0.0,0.0,0.0,0.0,0.0,0.0,0,1,0.0,false
activemq-amqp/src/test/java/org/apache/activemq/transport/amqp/joram/ActiveMQNIOPlusSSLAdmin.java,51.0,12.0,1.0,3.0,31.0,8.0,0.0,tabish121@gmail.com,0,0.0,0.0,0.0,0.0,0.0,0.0,0.0,0,0,0.0,false
activemq-amqp/src/test/java/org/apache/activemq/transport/amqp/joram/ActiveMQSSLAdmin.java,51.0,12.0,1.0,3.0,31.0,9.0,0.0,tabish121@gmail.com,0,0.0,0.0,0.0,0.0,0.0,0.0,0.0,0,0,0.0,false
activemq-amqp/src/test/java/org/apache/activemq/transport/amqp/joram/JoramJmsNioPlusSslTest.java,19.0,29.0,1.0,3.0,8.0,7.0,0.0,kevin@kevinearls.com,0,0.0,0.0,0.0,0.0,0.0,0.0,0.0,0,2,0.0,true
activemq-amqp/src/test/java/org/apache/activemq/transport/amqp/joram/JoramJmsNioTest.java,12.0,22.0,1.0,2.0,2.0,5.0,0.0,kevin@kevinearls.com,0,0.0,0.0,0.0,0.0,0.0,0.0,0.0,0,5,0.0,true
activemq-amqp/src/test/java/org/apache/activemq/transport/amqp/joram/JoramJmsTest.java,12.0,23.0,3.0,3.0,3.0,7.0,0.0,chirino@apache.org,0,0.0,0.0,0.0,0.0,0.0,0.0,0.0,0,1,0.0,false
activemq-amqp/src/test/java/org/apache/activemq/transport/amqp/joram/JoramSslTest.java,19.0,29.0,1.0,3.0,8.0,7.0,0.0,tabish121@gmail.com,0,0.0,0.0,0.0,0.0,0.0,0.0,0.0,0,1,0.0,true
activemq-amqp/src/test/java/org/apache/activemq/transport/amqp/message/JMSMappingOutboundTransformerTest.java,108.0,24.0,105.0,15.0,66.0,38.0,0.0,tabish121@gmail.com,0,0.0,0.0,0.0,0.0,0.0,0.0,0.0,0,0,0.0,false
activemq-broker/src/main/java/org/apache/activemq/advisory/AdvisoryBroker.java,503.0,44.0,503.0,35.0,260.0,106.0,43.0,null,1,0.0,0.0,0.0,0.0,0.0,1656.1747572815534,20049.64566502939,1,9,1.0198314108149953,true
activemq-broker/src/main/java/org/apache/activemq/broker/BrokerService.java,2451.0,107.0,35442.0,273.0,601.0,721.0,3.0,null,1,0.0,0.0,0.0,2.0,0.0,433.1111111111111,2005.4729169405018,1,31,0.8527773261518292,true
activemq-broker/src/main/java/org/apache/activemq/broker/ConnectionContext.java,250.0,14.0,1125.0,51.0,13.0,84.0,43.0,tabish121@gmail.com,1,0.0,0.0,0.0,0.0,0.0,1656.1747572815534,20049.64566502939,1,1,1.0198314108149953,false
activemq-broker/src/main/java/org/apache/activemq/broker/TransactionBroker.java,252.0,31.0,111.0,18.0,90.0,57.0,0.0,dejan@nighttale.net,0,0.0,0.0,0.0,0.0,0.0,0.0,0.0,0,2,0.0,true
activemq-broker/src/main/java/org/apache/activemq/broker/TransportConnection.java,1336.0,83.0,4838.0,113.0,520.0,348.0,3.0,null,1,0.00641025641025641,3.0,0.0,0.0,3.0,50.0,18.64537010946067,1,16,2.7245795030534206,true
activemq-broker/src/main/java/org/apache/activemq/broker/jmx/AnnotatedMBean.java,152.0,20.0,45.0,10.0,50.0,39.0,0.0,chirino@apache.org,0,0.0,0.0,0.0,0.0,0.0,0.0,0.0,0,1,0.0,true
activemq-broker/src/main/java/org/apache/activemq/broker/jmx/BrokerMBeanSupport.java,202.0,9.0,903.0,43.0,75.0,173.0,0.0,gtully@apache.org,0,0.0,0.0,0.0,0.0,0.0,0.0,0.0,0,4,0.0,false
activemq-broker/src/main/java/org/apache/activemq/broker/jmx/DestinationView.java,354.0,37.0,0.0,61.0,173.0,147.0,0.0,null,0,0.0,0.0,0.0,0.0,0.0,0.0,0.0,0,6,0.0,true
activemq-broker/src/main/java/org/apache/activemq/broker/jmx/QueueView.java,179.0,12.0,378.0,28.0,73.0,77.0,0.0,gary.tully@gmail.com,0,0.0,0.0,0.0,0.0,0.0,0.0,0.0,0,1,0.0,true
activemq-broker/src/main/java/org/apache/activemq/broker/jmx/Sensitive.java,0.0,0.0,0.0,0.0,0.0,0.0,0.0,mtaylor@redhat.com,0,0.0,0.0,0.0,0.0,0.0,0.0,0.0,0,1,0.0,true
activemq-broker/src/main/java/org/apache/activemq/broker/jmx/VirtualDestinationSelectorCacheView.java,18.0,2.0,0.0,4.0,3.0,7.0,0.0,christian.posta@gmail.com,0,0.0,0.0,0.0,0.0,0.0,0.0,0.0,0,1,0.0,false
activemq-broker/src/main/java/org/apache/activemq/broker/jmx/VirtualDestinationSelectorCacheViewMBean.java,8.0,1.0,3.0,3.0,0.0,5.0,0.0,christian.posta@gmail.com,0,0.0,0.0,0.0,0.0,0.0,0.0,0.0,0,1,0.0,false
activemq-broker/src/main/java/org/apache/activemq/broker/region/DurableTopicSubscription.java,271.0,29.0,257.0,27.0,117.0,75.0,43.0,null,1,0.0,0.0,0.0,0.0,0.0,1656.1747572815534,20049.64566502939,1,10,1.0198314108149953,true
activemq-broker/src/main/java/org/apache/activemq/broker/region/PrefetchSubscription.java,655.0,27.0,625.0,50.0,232.0,158.0,0.0,null,0,0.0,0.0,0.0,0.0,0.0,0.0,0.0,0,9,0.0,true
activemq-broker/src/main/java/org/apache/activemq/broker/region/Queue.java,1831.0,70.0,4649.0,107.0,697.0,362.0,0.0,gary.tully@gmail.com,0,0.0,0.0,0.0,0.0,0.0,0.0,0.0,0,26,0.0,true
activemq-broker/src/main/java/org/apache/activemq/broker/region/RegionBroker.java,696.0,57.0,3138.0,85.0,269.0,213.0,3.0,null,1,0.00641025641025641,4.0,0.0,0.0,4.0,50.0,18.64537010946067,1,13,2.7245795030534206,true
activemq-broker/src/main/java/org/apache/activemq/broker/region/Topic.java,618.0,41.0,892.0,49.0,256.0,157.0,16.0,null,2,0.0,0.0,0.0,0.0,0.0,2089.2858683926643,22055.118581969895,2,8,0.3276325476324604,true
activemq-broker/src/main/java/org/apache/activemq/broker/region/TopicRegion.java,303.0,28.0,102.0,20.0,128.0,67.0,25.0,tabish121@gmail.com,1,0.0,0.0,0.0,0.0,0.0,1656.1747572815534,20049.64566502939,1,4,1.0198314108149953,true
activemq-broker/src/main/java/org/apache/activemq/broker/region/TopicSubscription.java,542.0,27.0,755.0,47.0,205.0,127.0,0.0,null,0,0.0,0.0,0.0,0.0,0.0,0.0,0.0,0,5,0.0,true
activemq-broker/src/main/java/org/apache/activemq/broker/region/cursors/QueueDispatchPendingList.java,99.0,7.0,0.0,17.0,23.0,41.0,0.0,christian.posta@gmail.com,0,0.0,0.0,0.0,0.0,0.0,0.0,0.0,0,1,0.0,true
activemq-broker/src/main/java/org/apache/activemq/broker/region/policy/AbortSlowAckConsumerStrategy.java,124.0,12.0,35.0,11.0,49.0,31.0,0.0,tabish121@gmai.com,0,0.0,0.0,0.0,0.0,0.0,0.0,0.0,0,4,0.0,true
activemq-broker/src/main/java/org/apache/activemq/broker/region/policy/AbortSlowConsumerStrategy.java,220.0,19.0,118.0,21.0,59.0,53.0,0.0,null,0,0.0,0.0,0.0,0.0,0.0,0.0,0.0,0,3,0.0,false
activemq-broker/src/main/java/org/apache/activemq/broker/scheduler/SchedulerBroker.java,230.0,27.0,13.0,10.0,97.0,34.0,2.0,tabish@apache.org,1,0.00641025641025641,0.0,11.0,11.0,0.0,433.1111111111111,2005.4729169405018,1,4,0.8527773261518292,false
activemq-broker/src/main/java/org/apache/activemq/broker/util/AuditLogEntry.java,59.0,7.0,52.0,12.0,3.0,23.0,0.0,chirino@apache.org,0,0.0,0.0,0.0,0.0,0.0,0.0,0.0,0,1,0.0,true
activemq-broker/src/main/java/org/apache/activemq/broker/util/RedeliveryPlugin.java,131.0,20.0,37.0,11.0,42.0,32.0,0.0,gtully@apache.org,0,0.0,0.0,0.0,0.0,0.0,0.0,0.0,0,3,0.0,true
activemq-broker/src/main/java/org/apache/activemq/broker/view/MessageBrokerView.java,207.0,13.0,58.0,20.0,51.0,65.0,0.0,rajdavies@apache.org,0,0.0,0.0,0.0,0.0,0.0,0.0,0.0,0,2,0.0,true
activemq-broker/src/main/java/org/apache/activemq/network/DemandForwardingBridgeSupport.java,1355.0,81.0,2531.0,91.0,551.0,283.0,24.0,null,2,0.0,0.0,0.0,0.0,3.0,2089.2858683926643,22055.118581969895,2,23,0.24315718792346697,true
activemq-broker/src/main/java/org/apache/activemq/network/NetworkConnector.java,165.0,24.0,391.0,31.0,44.0,66.0,43.0,null,1,0.0,0.0,0.0,0.0,0.0,1656.1747572815534,20049.64566502939,1,2,1.0198314108149953,true
activemq-broker/src/main/java/org/apache/activemq/plugin/SubQueueSelectorCacheBroker.java,219.0,25.0,78.0,20.0,63.0,55.0,43.0,null,1,0.0,0.0,0.0,0.0,0.0,1656.1747572815534,20049.64566502939,1,2,1.0198314108149953,true
activemq-broker/src/main/java/org/apache/activemq/plugin/SubQueueSelectorCacheBrokerPlugin.java,45.0,4.0,12.0,9.0,3.0,15.0,0.0,chirino@apache.org,0,0.0,0.0,0.0,0.0,0.0,0.0,0.0,0,1,0.0,false
activemq-broker/src/main/java/org/apache/activemq/security/AuthorizationBroker.java,149.0,18.0,189.0,22.0,63.0,52.0,43.0,gtully@apache.org,1,0.0,0.0,0.0,0.0,0.0,1656.1747572815534,20049.64566502939,1,3,1.0198314108149953,true
activemq-broker/src/main/java/org/apache/activemq/security/AuthorizationEntry.java,78.0,5.0,67.0,15.0,13.0,29.0,0.0,dejanb@apache.org,0,0.0,0.0,0.0,0.0,0.0,0.0,0.0,0,1,0.0,false
activemq-broker/src/main/java/org/apache/activemq/security/DefaultAuthorizationMap.java,216.0,9.0,215.0,23.0,45.0,60.0,0.0,dejan@nighttale.net,0,0.0,0.0,0.0,0.0,0.0,0.0,0.0,0,0,0.0,false
activemq-broker/src/main/java/org/apache/activemq/security/SecurityContext.java,45.0,8.0,34.0,9.0,6.0,18.0,43.0,tabish121@gmail.com,1,0.0,0.0,0.0,0.0,0.0,1656.1747572815534,20049.64566502939,1,0,1.0198314108149953,false
activemq-broker/src/main/java/org/apache/activemq/store/ProxyMessageStore.java,90.0,7.0,0.0,28.0,26.0,57.0,0.0,gary.tully@gmail.com,0,0.0,0.0,0.0,0.0,0.0,0.0,0.0,0,2,0.0,true
activemq-broker/src/main/java/org/apache/activemq/store/SharedFileLocker.java,61.0,7.0,3.0,6.0,11.0,19.0,0.0,clebertsuconic@apache.org,0,0.0,0.0,0.0,0.0,0.0,0.0,0.0,0,2,0.0,false
activemq-broker/src/main/java/org/apache/activemq/store/memory/MemoryPersistenceAdapter.java,145.0,21.0,319.0,27.0,23.0,59.0,43.0,tabish121@gmail.com,1,0.0,0.0,0.0,0.0,0.0,1656.1747572815534,20049.64566502939,1,0,1.0198314108149953,false
activemq-broker/src/main/java/org/apache/activemq/store/memory/MemoryTransactionStore.java,292.0,23.0,750.0,41.0,73.0,98.0,43.0,gary.tully@gmail.com,1,0.0,0.0,0.0,0.0,0.0,1656.1747572815534,20049.64566502939,1,2,1.0198314108149953,true
activemq-broker/src/main/java/org/apache/activemq/transport/peer/PeerTransportFactory.java,66.0,18.0,21.0,7.0,24.0,22.0,43.0,tabish121@gmail.com,1,0.0,0.0,0.0,0.0,0.0,1656.1747572815534,20049.64566502939,1,0,1.0198314108149953,false
activemq-broker/src/main/java/org/apache/activemq/transport/vm/VMTransportFactory.java,215.0,24.0,33.0,11.0,65.0,39.0,43.0,tabish121@gmail.com,1,0.0,0.0,0.0,0.0,0.0,1656.1747572815534,20049.64566502939,1,2,1.0198314108149953,true
activemq-broker/src/main/java/org/apache/activemq/util/DefaultIOExceptionHandler.java,179.0,13.0,139.0,22.0,62.0,57.0,1.0,chirino@apache.org,1,0.0,0.0,0.0,17.0,0.0,1656.1747572815534,20049.64566502939,1,2,1.0198314108149953,true
activemq-broker/src/main/java/org/apache/activemq/util/LogWriterFinder.java,87.0,10.0,4.0,4.0,17.0,18.0,43.0,tabish121@gmail.com,1,0.0,0.0,0.0,0.0,0.0,1656.1747572815534,20049.64566502939,1,0,1.0198314108149953,false
activemq-broker/src/main/java/org/apache/activemq/util/osgi/Activator.java,134.0,24.0,31.0,10.0,43.0,33.0,43.0,tabish121@gmail.com,1,0.0,0.0,0.0,0.0,0.0,1656.1747572815534,20049.64566502939,1,0,1.0198314108149953,false
activemq-broker/src/test/java/org/apache/activemq/broker/LinkStealingTest.java,61.0,7.0,0.0,5.0,21.0,13.0,3.0,dejan@nighttale.net,1,0.00641025641025641,50.0,0.0,0.0,50.0,50.0,18.64537010946067,1,1,2.7245795030534206,false
activemq-broker/src/test/java/org/apache/activemq/store/PListTestSupport.java,521.0,24.0,183.0,27.0,167.0,73.0,43.0,tabish121@gmail.com,1,0.0,0.0,0.0,0.0,0.0,1656.1747572815534,20049.64566502939,1,1,1.0198314108149953,true
activemq-broker/src/test/java/org/apache/activemq/util/LockFileTest.java,24.0,4.0,1.0,2.0,21.0,4.0,0.0,gary.tully@gmail.com,0,0.0,0.0,0.0,0.0,0.0,0.0,0.0,0,2,0.0,true
activemq-camel/src/main/java/org/apache/activemq/camel/component/ActiveMQConfiguration.java,131.0,9.0,100.0,16.0,21.0,38.0,0.0,null,0,0.0,0.0,0.0,0.0,0.0,0.0,0.0,0,1,0.0,true
activemq-camel/src/main/java/org/apache/activemq/camel/component/ActiveMQEndpoint.java,5.0,3.0,0.0,0.0,0.0,0.0,0.0,claus.ibsen@gmail.com,0,0.0,0.0,0.0,0.0,0.0,0.0,0.0,0,0,0.0,false
activemq-camel/src/main/java/org/apache/activemq/camel/component/broker/BrokerComponent.java,55.0,13.0,3.0,3.0,16.0,11.0,0.0,rajdavies@apache.org,0,0.0,0.0,0.0,0.0,0.0,0.0,0.0,0,1,0.0,false
activemq-camel/src/main/java/org/apache/activemq/camel/component/broker/BrokerConfiguration.java,12.0,2.0,0.0,2.0,0.0,3.0,0.0,rajdavies@apache.org,0,0.0,0.0,0.0,0.0,0.0,0.0,0.0,0,1,0.0,false
activemq-camel/src/main/java/org/apache/activemq/camel/component/broker/BrokerEndpoint.java,72.0,19.0,36.0,12.0,16.0,28.0,0.0,claus.ibsen@gmail.com,0,0.0,0.0,0.0,0.0,0.0,0.0,0.0,0,2,0.0,false
activemq-camel/src/test/java/org/apache/activemq/camel/JmsJdbcXARollbackTest.java,110.0,24.0,45.0,10.0,49.0,32.0,0.0,gary.tully@gmail.com,0,0.0,0.0,0.0,0.0,0.0,0.0,0.0,0,0,0.0,false
activemq-camel/src/test/java/org/apache/activemq/camel/JmsJdbcXATest.java,130.0,23.0,46.0,12.0,64.0,46.0,0.0,null,0,0.0,0.0,0.0,0.0,0.0,0.0,0.0,0,4,0.0,false
activemq-client/src/main/java/org/apache/activemq/ActiveMQConnection.java,1784.0,87.0,17432.0,196.0,446.0,555.0,43.0,gary.tully@gmail.com,1,0.0,0.0,0.0,0.0,0.0,1656.1747572815534,20049.64566502939,1,11,1.0198314108149953,true
activemq-client/src/main/java/org/apache/activemq/ActiveMQSession.java,1309.0,75.0,4666.0,112.0,396.0,394.0,0.0,null,0,0.0,0.0,0.0,0.0,0.0,0.0,0.0,0,6,0.0,true
activemq-client/src/main/java/org/apache/activemq/broker/scheduler/CronParser.java,252.0,6.0,120.0,17.0,72.0,59.0,0.0,tabish@apache.org,0,0.0,0.0,0.0,0.0,0.0,0.0,0.0,0,1,0.0,true
activemq-client/src/main/java/org/apache/activemq/command/BaseCommand.java,88.0,2.0,215.0,22.0,2.0,40.0,0.0,tabish121@gmail.com,0,0.0,0.0,0.0,0.0,0.0,0.0,0.0,0,0,0.0,false
activemq-client/src/main/java/org/apache/activemq/command/Command.java,33.0,1.0,171.0,19.0,0.0,23.0,0.0,tabish121@gmail.com,0,0.0,0.0,0.0,0.0,0.0,0.0,0.0,0,0,0.0,false
activemq-client/src/main/java/org/apache/activemq/command/ConsumerControl.java,111.0,1.0,122.0,17.0,1.0,28.0,0.0,tabish121@gmail.com,0,0.0,0.0,0.0,0.0,0.0,0.0,0.0,0,0,0.0,false
activemq-client/src/main/java/org/apache/activemq/command/ConsumerInfo.java,366.0,4.0,1642.0,61.0,17.0,115.0,0.0,gary.tully@gmail.com,0,0.0,0.0,0.0,0.0,0.0,0.0,0.0,0,3,0.0,true
activemq-client/src/main/java/org/apache/activemq/command/MessagePull.java,93.0,1.0,155.0,19.0,5.0,33.0,0.0,tabish121@gmail.com,0,0.0,0.0,0.0,0.0,0.0,0.0,0.0,0,1,0.0,true
activemq-client/src/main/java/org/apache/activemq/command/PartialCommand.java,95.0,1.0,284.0,25.0,0.0,47.0,0.0,tabish121@gmail.com,0,0.0,0.0,0.0,0.0,0.0,0.0,0.0,0,0,0.0,false
activemq-client/src/main/java/org/apache/activemq/command/RemoveInfo.java,75.0,2.0,0.0,12.0,9.0,30.0,0.0,gary.tully@gmail.com,0,0.0,0.0,0.0,0.0,0.0,0.0,0.0,0,1,0.0,true
activemq-client/src/main/java/org/apache/activemq/command/WireFormatInfo.java,281.0,14.0,1815.0,62.0,42.0,143.0,0.0,hiram@hiramchirino.com,0,0.0,0.0,0.0,0.0,0.0,0.0,0.0,0,0,0.0,false
activemq-client/src/main/java/org/apache/activemq/filter/DestinationMap.java,188.0,7.0,125.0,19.0,47.0,59.0,0.0,null,0,0.0,0.0,0.0,0.0,0.0,0.0,0.0,0,1,0.0,true
activemq-client/src/main/java/org/apache/activemq/filter/DestinationMapNode.java,209.0,7.0,105.0,23.0,53.0,62.0,0.0,dejan@nighttale.net,0,0.0,0.0,0.0,0.0,0.0,0.0,0.0,0,1,0.0,true
activemq-client/src/main/java/org/apache/activemq/state/ConnectionState.java,96.0,19.0,104.0,21.0,32.0,40.0,43.0,tabish121@gmail.com,1,0.0,0.0,0.0,0.0,0.0,1656.1747572815534,20049.64566502939,1,0,1.0198314108149953,false
activemq-client/src/main/java/org/apache/activemq/state/ConnectionStateTracker.java,581.0,31.0,465.0,46.0,196.0,146.0,43.0,gary.tully@gmail.com,1,0.0,0.0,0.0,0.0,0.0,1656.1747572815534,20049.64566502939,1,3,1.0198314108149953,true
activemq-client/src/main/java/org/apache/activemq/thread/TaskRunnerFactory.java,198.0,12.0,304.0,36.0,43.0,63.0,1.0,dejan@nighttale.net,1,0.00641025641025641,0.0,25.0,25.0,0.0,55.0,28.59484145777493,1,0,3.417726683613366,true
activemq-client/src/main/java/org/apache/activemq/transport/TransportFactory.java,208.0,16.0,188.0,20.0,49.0,69.0,43.0,hiram@hiramchirino.com,1,0.0,0.0,0.0,0.0,0.0,1656.1747572815534,20049.64566502939,1,0,1.0198314108149953,false
activemq-client/src/main/java/org/apache/activemq/transport/discovery/DiscoveryAgentFactory.java,31.0,6.0,3.0,3.0,7.0,10.0,43.0,tabish121@gmail.com,1,0.0,0.0,0.0,0.0,0.0,1656.1747572815534,20049.64566502939,1,0,1.0198314108149953,false
activemq-client/src/main/java/org/apache/activemq/transport/discovery/DiscoveryTransport.java,80.0,13.0,0.0,10.0,17.0,21.0,43.0,hiram@hiramchirino.com,1,0.0,0.0,0.0,0.0,0.0,1656.1747572815534,20049.64566502939,1,1,1.0198314108149953,false
activemq-client/src/main/java/org/apache/activemq/transport/fanout/FanoutTransport.java,476.0,29.0,611.0,39.0,89.0,100.0,43.0,tabish121@gmail.com,1,0.0,0.0,0.0,0.0,0.0,1656.1747572815534,20049.64566502939,1,0,1.0198314108149953,false
activemq-client/src/main/java/org/apache/activemq/util/ConsumerThread.java,142.0,4.0,152.0,21.0,19.0,39.0,0.0,dejan@nighttale.net,0,0.0,0.0,0.0,0.0,0.0,0.0,0.0,0,0,0.0,false
activemq-client/src/main/java/org/apache/activemq/util/FactoryFinder.java,93.0,6.0,0.0,4.0,1.0,7.0,43.0,tabish121@gmail.com,1,0.0,0.0,0.0,0.0,0.0,1656.1747572815534,20049.64566502939,1,0,1.0198314108149953,false
activemq-client/src/main/java/org/apache/activemq/util/IdGenerator.java,195.0,5.0,18.0,9.0,20.0,27.0,0.0,hiram@hiramchirino.com,0,0.0,0.0,0.0,0.0,0.0,0.0,0.0,0,3,0.0,true
activemq-client/src/main/java/org/apache/activemq/util/ProducerThread.java,246.0,7.0,554.0,37.0,45.0,75.0,0.0,dejan@nighttale.net,0,0.0,0.0,0.0,0.0,0.0,0.0,0.0,0,1,0.0,false
activemq-client/src/test/java/org/apache/activemq/broker/scheduler/CronParserTest.java,287.0,8.0,80.0,17.0,99.0,37.0,0.0,gary.tully@gmail.com,0,0.0,0.0,0.0,0.0,0.0,0.0,0.0,0,1,0.0,true
activemq-console/src/main/java/org/apache/activemq/console/command/ConsumerCommand.java,152.0,9.0,357.0,30.0,20.0,51.0,0.0,dejan@nighttale.net,0,0.0,0.0,0.0,0.0,0.0,0.0,0.0,0,0,0.0,false
activemq-console/src/main/java/org/apache/activemq/console/command/ProducerCommand.java,160.0,9.0,471.0,34.0,20.0,55.0,0.0,dejan@nighttale.net,0,0.0,0.0,0.0,0.0,0.0,0.0,0.0,0,0,0.0,false
activemq-console/src/main/java/org/apache/activemq/console/command/QueryCommand.java,125.0,2.0,8.0,5.0,24.0,16.0,0.0,chirino@apache.org,0,0.0,0.0,0.0,0.0,0.0,0.0,0.0,0,3,0.0,true
activemq-console/src/main/java/org/apache/activemq/console/filter/PropertiesViewFilter.java,75.0,1.0,0.0,6.0,17.0,18.0,0.0,chirino@apache.org,0,0.0,0.0,0.0,0.0,0.0,0.0,0.0,0,1,0.0,true
activemq-console/src/main/java/org/apache/activemq/console/util/JmxMBeansUtil.java,76.0,6.0,136.0,17.0,28.0,54.0,0.0,null,0,0.0,0.0,0.0,0.0,0.0,0.0,0.0,0,2,0.0,true
activemq-fileserver/src/main/java/org/apache/activemq/util/FilenameGuardFilter.java,47.0,12.0,3.0,3.0,1.0,7.0,2.0,dejan@nighttale.net,1,0.00641025641025641,14.0,0.0,14.0,0.0,50.0,18.64537010946067,1,2,2.7245795030534206,false
activemq-http/src/main/java/org/apache/activemq/transport/discovery/http/DiscoveryRegistryServlet.java,59.0,12.0,0.0,4.0,27.0,13.0,43.0,tabish121@gmail.com,1,0.0,0.0,0.0,0.0,0.0,1656.1747572815534,20049.64566502939,1,1,1.0198314108149953,false
activemq-http/src/main/java/org/apache/activemq/transport/ws/AbstractStompSocket.java,76.0,15.0,44.0,12.0,23.0,28.0,5.0,tabish121@gmail.com,1,0.00641025641025641,0.0,50.0,100.0,50.0,1656.1747572815534,20049.64566502939,1,0,1.0198314108149953,true
activemq-http/src/main/java/org/apache/activemq/transport/ws/jetty8/StompSocket.java,29.0,7.0,4.0,5.0,7.0,11.0,5.0,tabish121@gmail.com,1,0.00641025641025641,0.0,20.0,40.0,20.0,1656.1747572815534,20049.64566502939,1,1,1.0198314108149953,true
activemq-http/src/main/java/org/apache/activemq/transport/ws/jetty9/StompSocket.java,33.0,8.0,15.0,7.0,8.0,13.0,5.0,tabish121@gmail.com,1,0.00641025641025641,0.0,20.0,40.0,20.0,1656.1747572815534,20049.64566502939,1,1,1.0198314108149953,true
activemq-http/src/test/java/org/apache/activemq/IDERunner.java,15.0,3.0,0.0,1.0,8.0,2.0,0.0,tabish121@gmail.com,0,0.0,0.0,0.0,0.0,0.0,0.0,0.0,0,0,0.0,false
activemq-http/src/test/java/org/apache/activemq/transport/ws/StompWSConnection.java,82.0,9.0,54.0,16.0,24.0,38.0,8.0,tabish121@gmail.com,1,0.0,0.0,0.0,100.0,100.0,1656.1747572815534,20049.64566502939,1,0,1.0198314108149953,false
activemq-http/src/test/java/org/apache/activemq/transport/ws/StompWSTransportTest.java,146.0,16.0,10.0,16.0,80.0,58.0,8.0,tabish121@gmail.com,1,0.0,0.0,0.0,100.0,100.0,1656.1747572815534,20049.64566502939,1,0,1.0198314108149953,false
activemq-http/src/test/java/org/apache/activemq/transport/ws/WSTransportTest.java,158.0,27.0,170.0,21.0,57.0,65.0,8.0,tabish121@gmail.com,1,0.0,0.0,0.0,17.0,17.0,1656.1747572815534,20049.64566502939,1,0,1.0198314108149953,false
activemq-http/src/test/java/org/apache/activemq/transport/ws/WSTransportTestSupport.java,94.0,18.0,32.0,12.0,35.0,36.0,8.0,tabish121@gmail.com,1,0.0,0.0,0.0,100.0,100.0,1656.1747572815534,20049.64566502939,1,0,1.0198314108149953,false
activemq-jdbc-store/src/main/java/org/apache/activemq/store/jdbc/DataSourceServiceSupport.java,71.0,7.0,28.0,12.0,11.0,25.0,3.0,gary.tully@gmail.com,1,0.0,0.0,0.0,0.0,20.0,433.1111111111111,2005.4729169405018,1,0,0.8527773261518292,false
activemq-jdbc-store/src/main/java/org/apache/activemq/store/jdbc/DefaultDatabaseLocker.java,153.0,9.0,9.0,7.0,31.0,24.0,0.0,gary.tully@gmail.com,0,0.0,0.0,0.0,0.0,0.0,0.0,0.0,0,5,0.0,true
activemq-jdbc-store/src/main/java/org/apache/activemq/store/jdbc/JDBCPersistenceAdapter.java,674.0,41.0,2930.0,81.0,194.0,210.0,0.0,gary.tully@gmail.com,0,0.0,0.0,0.0,0.0,0.0,0.0,0.0,0,7,0.0,true
activemq-jdbc-store/src/main/java/org/apache/activemq/store/jdbc/TransactionContext.java,215.0,11.0,66.0,17.0,44.0,48.0,1.0,gary.tully@gmail.com,1,0.0,0.0,0.0,14.0,0.0,433.1111111111111,2005.4729169405018,1,5,0.8527773261518292,true
activemq-jdbc-store/src/main/java/org/apache/activemq/store/journal/JournalPersistenceAdapter.java,580.0,59.0,1368.0,61.0,146.0,158.0,43.0,tabish121@gmail.com,1,0.0,0.0,0.0,0.0,0.0,1656.1747572815534,20049.64566502939,1,1,1.0198314108149953,false
activemq-jms-pool/src/main/java/org/apache/activemq/jms/pool/ConnectionPool.java,261.0,19.0,485.0,39.0,47.0,88.0,0.0,null,0,0.0,0.0,0.0,0.0,0.0,0.0,0.0,0,1,0.0,true
activemq-jms-pool/src/main/java/org/apache/activemq/jms/pool/PooledConnectionFactory.java,380.0,16.0,870.0,44.0,114.0,136.0,0.0,tabish121@gmail.com,0,0.0,0.0,0.0,0.0,0.0,0.0,0.0,0,3,0.0,true
activemq-jms-pool/src/main/java/org/apache/activemq/jms/pool/PooledSession.java,305.0,32.0,1536.0,57.0,125.0,163.0,0.0,tabish121@gmail.com,0,0.0,0.0,0.0,0.0,0.0,0.0,0.0,0,1,0.0,true
activemq-jms-pool/src/test/java/org/apache/activemq/jms/pool/PooledConnectionFactoryMaximumActiveTest.java,63.0,13.0,0.0,2.0,14.0,4.0,43.0,tabish121@gmail.com,1,0.0,0.0,0.0,0.0,0.0,1656.1747572815534,20049.64566502939,1,0,1.0198314108149953,true
activemq-jms-pool/src/test/java/org/apache/activemq/jms/pool/PooledConnectionFactoryTest.java,223.0,25.0,91.0,14.0,92.0,43.0,43.0,tabish121@gmail.com,1,0.0,0.0,0.0,0.0,0.0,1656.1747572815534,20049.64566502939,1,0,1.0198314108149953,true
activemq-kahadb-store/src/main/java/org/apache/activemq/store/kahadb/KahaDBTransactionStore.java,409.0,34.0,758.0,44.0,138.0,134.0,43.0,gary.tully@gmail.com,1,0.0,0.0,0.0,0.0,0.0,1656.1747572815534,20049.64566502939,1,4,1.0198314108149953,false
activemq-kahadb-store/src/main/java/org/apache/activemq/store/kahadb/MessageDatabase.java,2559.0,78.0,10574.0,156.0,585.0,434.0,3.0,gary.tully@gmail.com,1,0.00641025641025641,3.0,0.0,0.0,3.0,433.1111111111111,2005.4729169405018,1,20,0.8527773261518292,true
activemq-kahadb-store/src/main/java/org/apache/activemq/store/kahadb/MultiKahaDBTransactionStore.java,319.0,35.0,908.0,45.0,155.0,122.0,43.0,tabish121@gmail.com,1,0.0,0.0,0.0,0.0,0.0,1656.1747572815534,20049.64566502939,1,2,1.0198314108149953,true
activemq-kahadb-store/src/main/java/org/apache/activemq/store/kahadb/disk/journal/DataFileAppender.java,332.0,13.0,20.0,9.0,77.0,41.0,0.0,tabish121@gmai.com,0,0.0,0.0,0.0,0.0,0.0,0.0,0.0,0,4,0.0,false
activemq-kahadb-store/src/main/java/org/apache/activemq/store/kahadb/disk/journal/Journal.java,699.0,17.0,1786.0,68.0,202.0,174.0,0.0,gary.tully@gmail.com,0,0.0,0.0,0.0,0.0,0.0,0.0,0.0,0,4,0.0,true
activemq-kahadb-store/src/main/java/org/apache/activemq/store/kahadb/disk/util/SequenceSet.java,330.0,7.0,78.0,13.0,57.0,54.0,0.0,gary.tully@gmail.com,0,0.0,0.0,0.0,0.0,0.0,0.0,0.0,0,1,0.0,false
activemq-kahadb-store/src/test/java/org/apache/activemq/store/kahadb/JournalCorruptionEofIndexRecoveryTest.java,190.0,24.0,55.0,18.0,120.0,58.0,0.0,gary.tully@gmail.com,0,0.0,0.0,0.0,0.0,0.0,0.0,0.0,0,2,0.0,true
activemq-kahadb-store/src/test/java/org/apache/activemq/store/kahadb/JournalCorruptionIndexRecoveryTest.java,163.0,25.0,69.0,18.0,95.0,50.0,0.0,gary.tully@gmail.com,0,0.0,0.0,0.0,0.0,0.0,0.0,0.0,0,1,0.0,false
activemq-kahadb-store/src/test/java/org/apache/activemq/store/kahadb/disk/journal/PreallocationJournalTest.java,49.0,13.0,13.0,6.0,26.0,18.0,0.0,gary.tully@gmail.com,0,0.0,0.0,0.0,0.0,0.0,0.0,0.0,0,1,0.0,false
activemq-karaf-itest/src/test/java/org/apache/activemq/karaf/itest/ActiveMQAMQPBrokerFeatureTest.java,25.0,9.0,3.0,3.0,12.0,7.0,0.0,gary.tully@gmail.com,0,0.0,0.0,0.0,0.0,0.0,0.0,0.0,0,3,0.0,true
activemq-leveldb-store/src/test/java/org/apache/activemq/leveldb/test/ElectingLevelDBStoreTest.java,211.0,18.0,25.0,10.0,88.0,31.0,0.0,gary.tully@gmail.com,0,0.0,0.0,0.0,0.0,0.0,0.0,0.0,0,8,0.0,false
activemq-leveldb-store/src/test/java/org/apache/activemq/leveldb/test/ZooKeeperTestSupport.java,78.0,11.0,13.0,6.0,21.0,24.0,0.0,dejan@nighttale.net,0,0.0,0.0,0.0,0.0,0.0,0.0,0.0,0,1,0.0,false
activemq-leveldb-store/src/test/java/org/apache/zookeeper/server/TestServerCnxnFactory.java,50.0,5.0,1.0,2.0,0.0,5.0,0.0,christian.posta@gmail.com,0,0.0,0.0,0.0,0.0,0.0,0.0,0.0,0,1,0.0,false
activemq-mqtt/src/main/java/org/apache/activemq/transport/mqtt/MQTTProtocolConverter.java,668.0,64.0,379.0,42.0,323.0,141.0,43.0,null,1,0.0,0.0,0.0,0.0,0.0,1656.1747572815534,20049.64566502939,1,20,1.0198314108149953,true
activemq-mqtt/src/main/java/org/apache/activemq/transport/mqtt/strategy/AbstractMQTTSubscriptionStrategy.java,147.0,28.0,39.0,15.0,54.0,44.0,25.0,dejan@nighttale.net,1,0.0,0.0,0.0,0.0,0.0,1656.1747572815534,20049.64566502939,1,1,1.0198314108149953,true
activemq-mqtt/src/test/java/org/apache/activemq/transport/mqtt/MQTTAuthTest.java,214.0,33.0,0.0,17.0,129.0,51.0,1.0,dejan@nighttale.net,1,0.0,0.0,0.0,33.0,0.0,433.1111111111111,2005.4729169405018,1,1,0.8527773261518292,false
activemq-mqtt/src/test/java/org/apache/activemq/transport/mqtt/MQTTConnectTest.java,92.0,20.0,35.0,11.0,54.0,35.0,0.0,tabish121@gmail.com,0,0.0,0.0,0.0,0.0,0.0,0.0,0.0,0,1,0.0,true
activemq-partition/src/main/java/org/apache/activemq/partition/PartitionBroker.java,257.0,28.0,118.0,17.0,79.0,51.0,43.0,hiram@hiramchirino.com,1,0.0,0.0,0.0,0.0,0.0,1656.1747572815534,20049.64566502939,1,0,1.0198314108149953,false
activemq-ra/src/main/java/org/apache/activemq/ra/ActiveMQActivationSpec.java,528.0,17.0,2308.0,72.0,97.0,171.0,0.0,chirino@apache.org,0,0.0,0.0,0.0,0.0,0.0,0.0,0.0,0,8,0.0,true
activemq-ra/src/main/java/org/apache/activemq/ra/ActiveMQManagedConnection.java,299.0,20.0,369.0,35.0,57.0,101.0,0.0,chirino@apache.org,0,0.0,0.0,0.0,0.0,0.0,0.0,0.0,0,5,0.0,true
activemq-ra/src/test/java/org/apache/activemq/ra/MDBTest.java,439.0,47.0,703.0,38.0,189.0,107.0,0.0,chirino@apache.org,0,0.0,0.0,0.0,0.0,0.0,0.0,0.0,0,6,0.0,true
activemq-ra/src/test/java/org/apache/activemq/ra/ServerSessionImplTest.java,154.0,35.0,33.0,10.0,70.0,29.0,0.0,chirino@apache.org,0,0.0,0.0,0.0,0.0,0.0,0.0,0.0,0,3,0.0,true
activemq-runtime-config/src/test/java/org/apache/activemq/AuthorizationTest.java,94.0,9.0,15.0,7.0,41.0,14.0,0.0,dbokde@redhat.com,0,0.0,0.0,0.0,0.0,0.0,0.0,0.0,0,3,0.0,true
activemq-shiro/src/main/java/org/apache/activemq/shiro/subject/SubjectSecurityContext.java,42.0,6.0,24.0,9.0,8.0,18.0,43.0,les@hazlewood.com,1,0.0,0.0,0.0,0.0,0.0,1656.1747572815534,20049.64566502939,1,1,1.0198314108149953,false
activemq-spring/src/main/java/org/apache/activemq/spring/SpringSslContext.java,184.0,15.0,357.0,30.0,39.0,67.0,0.0,dejan@nighttale.net,0,0.0,0.0,0.0,0.0,0.0,0.0,0.0,0,1,0.0,true
activemq-stomp/src/main/java/org/apache/activemq/transport/stomp/ProtocolConverter.java,768.0,52.0,336.0,36.0,314.0,137.0,43.0,null,1,0.0,0.0,0.0,0.0,0.0,1656.1747572815534,20049.64566502939,1,8,1.0198314108149953,true
activemq-stomp/src/main/java/org/apache/activemq/transport/stomp/StompFrame.java,164.0,10.0,626.0,37.0,14.0,75.0,0.0,hiram@hiramchirino.com,0,0.0,0.0,0.0,0.0,0.0,0.0,0.0,0,1,0.0,false
activemq-stomp/src/test/java/org/apache/activemq/transport/stomp/StompVirtualTopicTest.java,159.0,22.0,4.0,4.0,41.0,9.0,1.0,tabish121@gmail.com,1,0.00641025641025641,0.0,20.0,0.0,0.0,1656.1747572815534,20049.64566502939,1,2,1.0198314108149953,true
activemq-unit-tests/src/test/java/org/apache/activemq/ConnectionCleanupTest.java,61.0,3.0,0.0,4.0,10.0,10.0,0.0,gary.tully@gmail.com,0,0.0,0.0,0.0,0.0,0.0,0.0,0.0,0,2,0.0,true
activemq-unit-tests/src/test/java/org/apache/activemq/JMSMessageTest.java,334.0,19.0,13.0,11.0,115.0,23.0,0.0,tabish121@gmail.com,0,0.0,0.0,0.0,0.0,0.0,0.0,0.0,0,3,0.0,false
activemq-unit-tests/src/test/java/org/apache/activemq/JmsMultipleBrokersTestSupport.java,475.0,47.0,420.0,45.0,158.0,149.0,0.0,tabish@apache.org,0,0.0,0.0,0.0,0.0,0.0,0.0,0.0,0,3,0.0,false
activemq-unit-tests/src/test/java/org/apache/activemq/JmsQueueSelectorTest.java,43.0,1.0,1.0,2.0,15.0,8.0,0.0,tabish@apache.org,0,0.0,0.0,0.0,0.0,0.0,0.0,0.0,0,2,0.0,true
activemq-unit-tests/src/test/java/org/apache/activemq/JmsRedeliveredTest.java,390.0,18.0,66.0,24.0,241.0,65.0,0.0,gary.tully@gmail.com,0,0.0,0.0,0.0,0.0,0.0,0.0,0.0,0,2,0.0,true
activemq-unit-tests/src/test/java/org/apache/activemq/JmsTopicSelectorTest.java,150.0,12.0,4.0,8.0,53.0,32.0,0.0,tabish@apache.org,0,0.0,0.0,0.0,0.0,0.0,0.0,0.0,0,2,0.0,true
activemq-unit-tests/src/test/java/org/apache/activemq/RedeliveryPolicyTest.java,594.0,21.0,251.0,23.0,299.0,62.0,0.0,gary.tully@gmail.com,0,0.0,0.0,0.0,0.0,0.0,0.0,0.0,0,4,0.0,true
activemq-unit-tests/src/test/java/org/apache/activemq/TestSupport.java,169.0,25.0,229.0,22.0,58.0,67.0,0.0,gary.tully@gmail.com,0,0.0,0.0,0.0,0.0,0.0,0.0,0.0,0,6,0.0,true
activemq-unit-tests/src/test/java/org/apache/activemq/advisory/AdvisoryTempDestinationTests.java,151.0,27.0,22.0,12.0,84.0,31.0,2.0,tabish121@gmail.com,1,0.0,0.0,0.0,25.0,0.0,1656.1747572815534,20049.64566502939,1,2,1.0198314108149953,false
activemq-unit-tests/src/test/java/org/apache/activemq/advisory/AdvisoryTests.java,177.0,26.0,4.0,13.0,110.0,35.0,1.0,tabish121@gmail.com,1,0.0,0.0,0.0,20.0,0.0,1656.1747572815534,20049.64566502939,1,2,1.0198314108149953,true
activemq-unit-tests/src/test/java/org/apache/activemq/broker/AMQ4351Test.java,189.0,17.0,10.0,5.0,21.0,11.0,6.0,gary.tully@gmail.com,1,0.0,0.0,0.0,0.0,17.0,433.1111111111111,2005.4729169405018,1,3,0.8527773261518292,true
activemq-unit-tests/src/test/java/org/apache/activemq/broker/BrokerRedeliveryTest.java,116.0,15.0,18.0,9.0,54.0,25.0,0.0,gary.tully@gmail.com,0,0.0,0.0,0.0,0.0,0.0,0.0,0.0,0,4,0.0,true
activemq-unit-tests/src/test/java/org/apache/activemq/broker/BrokerTest.java,1035.0,16.0,906.0,60.0,517.0,116.0,0.0,gary.tully@gmail.com,0,0.0,0.0,0.0,0.0,0.0,0.0,0.0,0,2,0.0,true
activemq-unit-tests/src/test/java/org/apache/activemq/broker/RedeliveryRestartWithExceptionTest.java,303.0,35.0,0.0,9.0,83.0,27.0,0.0,gary.tully@gmail.com,0,0.0,0.0,0.0,0.0,0.0,0.0,0.0,0,4,0.0,true
activemq-unit-tests/src/test/java/org/apache/activemq/broker/ft/DbRestartJDBCQueueTest.java,107.0,20.0,10.0,9.0,39.0,28.0,0.0,gary.tully@gmail.com,0,0.0,0.0,0.0,0.0,0.0,0.0,0.0,0,2,0.0,false
activemq-unit-tests/src/test/java/org/apache/activemq/broker/ft/JDBCQueueMasterSlaveTest.java,70.0,15.0,20.0,8.0,49.0,17.0,0.0,gary.tully@gmail.com,0,0.0,0.0,0.0,0.0,0.0,0.0,0.0,0,3,0.0,false
activemq-unit-tests/src/test/java/org/apache/activemq/broker/jmx/JMXMasterSlaveSharedStoreTest.java,78.0,11.0,10.0,8.0,41.0,20.0,3.0,gary.tully@gmail.com,1,0.0,0.0,0.0,100.0,0.0,433.1111111111111,2005.4729169405018,1,0,0.8527773261518292,true
activemq-unit-tests/src/test/java/org/apache/activemq/broker/jmx/MBeanTest.java,1134.0,46.0,0.0,55.0,585.0,172.0,1.0,gary.tully@gmail.com,1,0.00641025641025641,0.0,7.0,7.0,0.0,433.1111111111111,2005.4729169405018,1,4,0.8527773261518292,true
activemq-unit-tests/src/test/java/org/apache/activemq/broker/policy/AbortSlowAckConsumer0Test.java,100.0,16.0,0.0,8.0,55.0,20.0,0.0,gary.tully@gmail.com,0,0.0,0.0,0.0,0.0,0.0,0.0,0.0,0,4,0.0,true
activemq-unit-tests/src/test/java/org/apache/activemq/broker/policy/AbortSlowConsumer0Test.java,139.0,35.0,43.0,11.0,97.0,33.0,0.0,tabish121@gmail.com,0,0.0,0.0,0.0,0.0,0.0,0.0,0.0,0,1,0.0,false
activemq-unit-tests/src/test/java/org/apache/activemq/broker/policy/AbortSlowConsumerBase.java,35.0,10.0,2.0,4.0,13.0,9.0,0.0,tabish121@gmail.com,0,0.0,0.0,0.0,0.0,0.0,0.0,0.0,0,1,0.0,false
activemq-unit-tests/src/test/java/org/apache/activemq/broker/region/QueuePurgeTest.java,142.0,28.0,0.0,11.0,82.0,32.0,0.0,gary.tully@gmail.com,0,0.0,0.0,0.0,0.0,0.0,0.0,0.0,0,1,0.0,true
activemq-unit-tests/src/test/java/org/apache/activemq/broker/scheduler/KahaDBSchedulerMissingJournalLogsTest.java,128.0,24.0,8.0,9.0,67.0,26.0,3.0,tabish121@gmail.com,1,0.0,0.0,0.0,50.0,0.0,433.1111111111111,2005.4729169405018,1,0,0.8527773261518292,true
activemq-unit-tests/src/test/java/org/apache/activemq/bugs/AMQ1936Test.java,210.0,25.0,0.0,6.0,55.0,24.0,43.0,tabish121@gmail.com,1,0.0,0.0,0.0,0.0,0.0,1656.1747572815534,20049.64566502939,1,2,1.0198314108149953,false
activemq-unit-tests/src/test/java/org/apache/activemq/bugs/AMQ2364Test.java,48.0,25.0,1.0,2.0,28.0,6.0,43.0,tabish121@gmail.com,1,0.0,0.0,0.0,0.0,0.0,1656.1747572815534,20049.64566502939,1,2,1.0198314108149953,false
activemq-unit-tests/src/test/java/org/apache/activemq/bugs/AMQ3779Test.java,53.0,16.0,0.0,4.0,33.0,11.0,0.0,tabish121@gmail.com,0,0.0,0.0,0.0,0.0,0.0,0.0,0.0,0,1,0.0,false
activemq-unit-tests/src/test/java/org/apache/activemq/bugs/AMQ4062Test.java,168.0,33.0,0.0,6.0,57.0,17.0,43.0,tabish121@gmail.com,1,0.0,0.0,0.0,0.0,0.0,1656.1747572815534,20049.64566502939,1,2,1.0198314108149953,false
activemq-unit-tests/src/test/java/org/apache/activemq/bugs/AMQ4636Test.java,136.0,29.0,0.0,8.0,51.0,24.0,0.0,gary.tully@gmail.com,0,0.0,0.0,0.0,0.0,0.0,0.0,0.0,0,3,0.0,true
activemq-unit-tests/src/test/java/org/apache/activemq/bugs/AMQ4952Test.java,302.0,51.0,33.0,14.0,139.0,59.0,0.0,gary.tully@gmail.com,0,0.0,0.0,0.0,0.0,0.0,0.0,0.0,0,1,0.0,false
activemq-unit-tests/src/test/java/org/apache/activemq/bugs/AMQ5567Test.java,128.0,28.0,22.0,8.0,58.0,23.0,2.0,gary.tully@gmail.com,1,0.0,0.0,0.0,0.0,0.0,433.1111111111111,2005.4729169405018,1,1,0.8527773261518292,true
activemq-unit-tests/src/test/java/org/apache/activemq/bugs/TransactedStoreUsageSuspendResumeTest.java,127.0,24.0,4.0,5.0,41.0,16.0,0.0,gary.tully@gmail.com,0,0.0,0.0,0.0,0.0,0.0,0.0,0.0,0,3,0.0,false
activemq-unit-tests/src/test/java/org/apache/activemq/bugs/TrapMessageInJDBCStoreTest.java,146.0,29.0,0.0,5.0,56.0,18.0,0.0,gary.tully@gmail.com,0,0.0,0.0,0.0,0.0,0.0,0.0,0.0,0,2,0.0,true
activemq-unit-tests/src/test/java/org/apache/activemq/config/ConfigTest.java,286.0,44.0,27.0,11.0,129.0,36.0,0.0,tabish121@gmail.com,0,0.0,0.0,0.0,0.0,0.0,0.0,0.0,0,1,0.0,true
activemq-unit-tests/src/test/java/org/apache/activemq/conversions/AmqpAndMqttTest.java,75.0,20.0,18.0,8.0,42.0,22.0,0.0,tabish121@gmail.com,0,0.0,0.0,0.0,0.0,0.0,0.0,0.0,0,2,0.0,true
activemq-unit-tests/src/test/java/org/apache/activemq/jmx/JmxAuditLogTest.java,68.0,19.0,13.0,7.0,36.0,16.0,0.0,mtaylor@redhat.com,0,0.0,0.0,0.0,0.0,0.0,0.0,0.0,0,1,0.0,true
activemq-unit-tests/src/test/java/org/apache/activemq/network/CompressionOverNetworkTest.java,211.0,37.0,78.0,17.0,141.0,51.0,43.0,tabish121@gmail.com,1,0.0,0.0,0.0,0.0,0.0,1656.1747572815534,20049.64566502939,1,2,1.0198314108149953,false
activemq-unit-tests/src/test/java/org/apache/activemq/network/DemandForwardingBridgeTest.java,109.0,12.0,51.0,11.0,55.0,29.0,0.0,gary.tully@gmail.com,0,0.0,0.0,0.0,0.0,0.0,0.0,0.0,0,3,0.0,false
activemq-unit-tests/src/test/java/org/apache/activemq/network/NetworkLoopBackTest.java,30.0,6.0,3.0,3.0,24.0,12.0,43.0,tabish121@gmail.com,1,0.0,0.0,0.0,0.0,0.0,1656.1747572815534,20049.64566502939,1,2,1.0198314108149953,true
activemq-unit-tests/src/test/java/org/apache/activemq/network/SimpleNetworkTest.java,215.0,36.0,95.0,18.0,115.0,53.0,43.0,tabish121@gmail.com,1,0.0,0.0,0.0,0.0,0.0,1656.1747572815534,20049.64566502939,1,2,1.0198314108149953,false
activemq-unit-tests/src/test/java/org/apache/activemq/security/AuthorizationMapTest.java,237.0,7.0,25.0,10.0,70.0,19.0,0.0,dejan@nighttale.net,0,0.0,0.0,0.0,0.0,0.0,0.0,0.0,0,2,0.0,true
activemq-unit-tests/src/test/java/org/apache/activemq/security/CRLTest.java,40.0,9.0,4.0,4.0,18.0,10.0,0.0,dejan@nighttale.net,0,0.0,0.0,0.0,0.0,0.0,0.0,0.0,0,0,0.0,false
activemq-unit-tests/src/test/java/org/apache/activemq/security/SimpleAuthorizationMapTest.java,12.0,1.0,1.0,2.0,3.0,3.0,0.0,gary.tully@gmail.com,0,0.0,0.0,0.0,0.0,0.0,0.0,0.0,0,2,0.0,true
activemq-unit-tests/src/test/java/org/apache/activemq/store/MessagePriorityTest.java,425.0,23.0,71.0,22.0,165.0,56.0,0.0,gary.tully@gmail.com,0,0.0,0.0,0.0,0.0,0.0,0.0,0.0,0,2,0.0,false
activemq-unit-tests/src/test/java/org/apache/activemq/store/SharedFileLockerTest.java,78.0,10.0,13.0,6.0,27.0,15.0,0.0,clebertsuconic@apache.org,0,0.0,0.0,0.0,0.0,0.0,0.0,0.0,0,2,0.0,false
activemq-unit-tests/src/test/java/org/apache/activemq/store/jdbc/JDBCCommitExceptionTest.java,98.0,17.0,0.0,9.0,50.0,26.0,0.0,gary.tully@gmail.com,0,0.0,0.0,0.0,0.0,0.0,0.0,0.0,0,1,0.0,false
activemq-unit-tests/src/test/java/org/apache/activemq/store/jdbc/JDBCIOExceptionHandlerTest.java,198.0,20.0,69.0,15.0,79.0,47.0,2.0,gary.tully@gmail.com,1,0.0,0.0,0.0,9.0,0.0,433.1111111111111,2005.4729169405018,1,5,0.8527773261518292,true
activemq-unit-tests/src/test/java/org/apache/activemq/store/jdbc/JDBCMessagePriorityTest.java,325.0,25.0,64.0,16.0,143.0,58.0,0.0,gary.tully@gmail.com,0,0.0,0.0,0.0,0.0,0.0,0.0,0.0,0,2,0.0,false
activemq-unit-tests/src/test/java/org/apache/activemq/store/jdbc/JDBCNegativeQueueTest.java,51.0,10.0,4.0,4.0,16.0,13.0,0.0,gary.tully@gmail.com,0,0.0,0.0,0.0,0.0,0.0,0.0,0.0,0,1,0.0,false
activemq-unit-tests/src/test/java/org/apache/activemq/store/jdbc/JDBCNetworkBrokerDetachTest.java,10.0,3.0,0.0,1.0,6.0,2.0,2.0,gary.tully@gmail.com,1,0.00641025641025641,25.0,0.0,0.0,25.0,433.1111111111111,2005.4729169405018,1,1,0.8527773261518292,false
activemq-unit-tests/src/test/java/org/apache/activemq/store/jdbc/JDBCPersistenceAdapterTest.java,28.0,4.0,1.0,2.0,10.0,8.0,0.0,gary.tully@gmail.com,0,0.0,0.0,0.0,0.0,0.0,0.0,0.0,0,1,0.0,false
activemq-unit-tests/src/test/java/org/apache/activemq/store/jdbc/JDBCStoreAutoCommitTest.java,282.0,34.0,8.0,5.0,34.0,13.0,0.0,tabish121@gmail.com,0,0.0,0.0,0.0,0.0,0.0,0.0,0.0,0,1,0.0,true
activemq-unit-tests/src/test/java/org/apache/activemq/store/jdbc/JDBCStoreBrokerTest.java,20.0,4.0,6.0,4.0,6.0,9.0,0.0,gary.tully@gmail.com,0,0.0,0.0,0.0,0.0,0.0,0.0,0.0,0,1,0.0,false
activemq-unit-tests/src/test/java/org/apache/activemq/store/jdbc/JDBCStoreOrderTest.java,19.0,11.0,1.0,2.0,14.0,5.0,0.0,gary.tully@gmail.com,0,0.0,0.0,0.0,0.0,0.0,0.0,0.0,0,1,0.0,false
activemq-unit-tests/src/test/java/org/apache/activemq/store/jdbc/JDBCTablePrefixAssignedTest.java,64.0,24.0,2.0,5.0,38.0,16.0,0.0,gary.tully@gmail.com,0,0.0,0.0,0.0,0.0,0.0,0.0,0.0,0,1,0.0,true
activemq-unit-tests/src/test/java/org/apache/activemq/store/jdbc/JDBCTestMemory.java,95.0,10.0,0.0,8.0,44.0,25.0,0.0,gary.tully@gmail.com,0,0.0,0.0,0.0,0.0,0.0,0.0,0.0,0,1,0.0,false
activemq-unit-tests/src/test/java/org/apache/activemq/store/jdbc/LeaseDatabaseLockerTest.java,183.0,28.0,66.0,13.0,96.0,37.0,0.0,gary.tully@gmail.com,0,0.0,0.0,0.0,0.0,0.0,0.0,0.0,0,5,0.0,true
activemq-unit-tests/src/test/java/org/apache/activemq/transport/tcp/SocketTstFactory.java,117.0,10.0,0.0,6.0,9.0,15.0,43.0,tabish121@gmail.com,1,0.0,0.0,0.0,0.0,0.0,1656.1747572815534,20049.64566502939,1,2,1.0198314108149953,false
activemq-unit-tests/src/test/java/org/apache/activemq/usage/JobSchedulerStoreUsageTest.java,56.0,15.0,11.0,6.0,34.0,20.0,2.0,gary.tully@gmail.com,1,0.00641025641025641,0.0,50.0,50.0,0.0,433.1111111111111,2005.4729169405018,1,1,0.8527773261518292,false
activemq-unit-tests/src/test/java/org/apache/activemq/usecases/AMQ5153LevelDBSubscribedDestTest.java,56.0,12.0,4.0,5.0,31.0,13.0,0.0,christian.posta@gmail.com,0,0.0,0.0,0.0,0.0,0.0,0.0,0.0,0,0,0.0,false
activemq-unit-tests/src/test/java/org/apache/activemq/usecases/JDBCDurableSubscriptionTest.java,9.0,4.0,0.0,1.0,1.0,3.0,0.0,gary.tully@gmail.com,0,0.0,0.0,0.0,0.0,0.0,0.0,0.0,0,1,0.0,false
activemq-unit-tests/src/test/java/org/apache/activemq/usecases/TwoBrokerVirtualTopicSelectorAwareForwardingTest.java,365.0,30.0,208.0,25.0,179.0,83.0,1.0,gary.tully@gmail.com,1,0.00641025641025641,0.0,50.0,0.0,0.0,433.1111111111111,2005.4729169405018,1,1,0.8527773261518292,false
activemq-unit-tests/src/test/java/org/apache/activemq/util/MessageIdList.java,191.0,9.0,241.0,26.0,31.0,48.0,0.0,tabish@apache.org,0,0.0,0.0,0.0,0.0,0.0,0.0,0.0,0,3,0.0,false
activemq-web-console/src/main/java/org/apache/activemq/web/WebConsoleStarter.java,61.0,10.0,8.0,5.0,23.0,12.0,1.0,dejanb@apache.org,1,0.0,0.0,0.0,0.0,0.0,0.0,0.0,1,2,2.501435951739211,false
activemq-web/src/main/java/org/apache/activemq/web/LocalBrokerFacade.java,53.0,14.0,13.0,11.0,20.0,31.0,0.0,dejanb@apache.org,0,0.0,0.0,0.0,0.0,0.0,0.0,0.0,0,2,0.0,true
activemq-web/src/test/java/org/apache/activemq/web/LocalBrokerFacadeTest.java,48.0,16.0,0.0,4.0,41.0,12.0,0.0,tabish121@gmail.com,0,0.0,0.0,0.0,0.0,0.0,0.0,0.0,0,0,0.0,true
